{
  "d1213e6aef32494aa4b2213daa6d688d.plist": {
    "app_sintetizada": "D1213E6AEF32494AA4B2213DAA6D688D.PLIST",
    "cantidad_archivos": 1,
    "archivos_fuente": [
      "Pictures/Fototeca de Fotos.photoslibrary/resources/renders/D/D1213E6A-EF32-494A-A4B2-213DAA6D688D.plist"
    ],
    "ultima_modificacion": "2025-08-01 01:00:59.234908"
  },
  "df43d504909c4847a393a057da2ca4ea.plist": {
    "app_sintetizada": "DF43D504909C4847A393A057DA2CA4EA.PLIST",
    "cantidad_archivos": 1,
    "archivos_fuente": [
      "Pictures/Fototeca de Fotos.photoslibrary/resources/renders/D/DF43D504-909C-4847-A393-A057DA2CA4EA.plist"
    ],
    "ultima_modificacion": "2025-08-01 01:00:59.235147"
  },
  "d3ce5fefd937455689b28f74a0bdbeb7.plist": {
    "app_sintetizada": "D3CE5FEFD937455689B28F74A0BDBEB7.PLIST",
    "cantidad_archivos": 1,
    "archivos_fuente": [
      "Pictures/Fototeca de Fotos.photoslibrary/resources/renders/D/D3CE5FEF-D937-4556-89B2-8F74A0BDBEB7.plist"
    ],
    "ultima_modificacion": "2025-08-01 01:00:59.235362"
  },
  "d9e25bac3d7f40808166f4aa77c1be9f.plist": {
    "app_sintetizada": "D9E25BAC3D7F40808166F4AA77C1BE9F.PLIST",
    "cantidad_archivos": 1,
    "archivos_fuente": [
      "Pictures/Fototeca de Fotos.photoslibrary/resources/renders/D/D9E25BAC-3D7F-4080-8166-F4AA77C1BE9F.plist"
    ],
    "ultima_modificacion": "2025-08-01 01:00:59.235560"
  },
  "d7fc6d6aec6c4c228347816a078f3f9d.plist": {
    "app_sintetizada": "D7FC6D6AEC6C4C228347816A078F3F9D.PLIST",
    "cantidad_archivos": 1,
    "archivos_fuente": [
      "Pictures/Fototeca de Fotos.photoslibrary/resources/renders/D/D7FC6D6A-EC6C-4C22-8347-816A078F3F9D.plist"
    ],
    "ultima_modificacion": "2025-08-01 01:00:59.235838"
  },
  "d7ee9cc008124959a4cefd8e5421ccbc.plist": {
    "app_sintetizada": "D7EE9CC008124959A4CEFD8E5421CCBC.PLIST",
    "cantidad_archivos": 1,
    "archivos_fuente": [
      "Pictures/Fototeca de Fotos.photoslibrary/resources/renders/D/D7EE9CC0-0812-4959-A4CE-FD8E5421CCBC.plist"
    ],
    "ultima_modificacion": "2025-08-01 01:00:59.236142"
  },
  "d4fdfabe9a464b36b4b3fd755ea8e6aa.plist": {
    "app_sintetizada": "D4FDFABE9A464B36B4B3FD755EA8E6AA.PLIST",
    "cantidad_archivos": 1,
    "archivos_fuente": [
      "Pictures/Fototeca de Fotos.photoslibrary/resources/renders/D/D4FDFABE-9A46-4B36-B4B3-FD755EA8E6AA.plist"
    ],
    "ultima_modificacion": "2025-08-01 01:00:59.236432"
  },
  "d90814774a7a4b90a11476ad1d23a091.plist": {
    "app_sintetizada": "D90814774A7A4B90A11476AD1D23A091.PLIST",
    "cantidad_archivos": 1,
    "archivos_fuente": [
      "Pictures/Fototeca de Fotos.photoslibrary/resources/renders/D/D9081477-4A7A-4B90-A114-76AD1D23A091.plist"
    ],
    "ultima_modificacion": "2025-08-01 01:00:59.236743"
  },
  "dd43ef7215df413b8b17f1b37ab1d32a.plist": {
    "app_sintetizada": "DD43EF7215DF413B8B17F1B37AB1D32A.PLIST",
    "cantidad_archivos": 1,
    "archivos_fuente": [
      "Pictures/Fototeca de Fotos.photoslibrary/resources/renders/D/DD43EF72-15DF-413B-8B17-F1B37AB1D32A.plist"
    ],
    "ultima_modificacion": "2025-08-01 01:00:59.237082"
  },
  "d58dd11cd22f4a0ab60912a335d5d1d2.plist": {
    "app_sintetizada": "D58DD11CD22F4A0AB60912A335D5D1D2.PLIST",
    "cantidad_archivos": 1,
    "archivos_fuente": [
      "Pictures/Fototeca de Fotos.photoslibrary/resources/renders/D/D58DD11C-D22F-4A0A-B609-12A335D5D1D2.plist"
    ],
    "ultima_modificacion": "2025-08-01 01:00:59.237371"
  },
  "d8273e31f0014def8364a8bd44d58384.plist": {
    "app_sintetizada": "D8273E31F0014DEF8364A8BD44D58384.PLIST",
    "cantidad_archivos": 1,
    "archivos_fuente": [
      "Pictures/Fototeca de Fotos.photoslibrary/resources/renders/D/D8273E31-F001-4DEF-8364-A8BD44D58384.plist"
    ],
    "ultima_modificacion": "2025-08-01 01:00:59.237644"
  },
  "dbf30a2082a94dc2a1efa2f91654d8fc.plist": {
    "app_sintetizada": "DBF30A2082A94DC2A1EFA2F91654D8FC.PLIST",
    "cantidad_archivos": 1,
    "archivos_fuente": [
      "Pictures/Fototeca de Fotos.photoslibrary/resources/renders/D/DBF30A20-82A9-4DC2-A1EF-A2F91654D8FC.plist"
    ],
    "ultima_modificacion": "2025-08-01 01:00:59.237907"
  },
  "dac2547eec334f42af4d0d77f3c33f57.plist": {
    "app_sintetizada": "DAC2547EEC334F42AF4D0D77F3C33F57.PLIST",
    "cantidad_archivos": 1,
    "archivos_fuente": [
      "Pictures/Fototeca de Fotos.photoslibrary/resources/renders/D/DAC2547E-EC33-4F42-AF4D-0D77F3C33F57.plist"
    ],
    "ultima_modificacion": "2025-08-01 01:00:59.238230"
  },
  "d1813f5c53eb492b85d5541a594b88cb.plist": {
    "app_sintetizada": "D1813F5C53EB492B85D5541A594B88CB.PLIST",
    "cantidad_archivos": 1,
    "archivos_fuente": [
      "Pictures/Fototeca de Fotos.photoslibrary/resources/renders/D/D1813F5C-53EB-492B-85D5-541A594B88CB.plist"
    ],
    "ultima_modificacion": "2025-08-01 01:00:59.238507"
  },
  "d1c57e3437664c1585a14bb94a9fa036.plist": {
    "app_sintetizada": "D1C57E3437664C1585A14BB94A9FA036.PLIST",
    "cantidad_archivos": 1,
    "archivos_fuente": [
      "Pictures/Fototeca de Fotos.photoslibrary/resources/renders/D/D1C57E34-3766-4C15-85A1-4BB94A9FA036.plist"
    ],
    "ultima_modificacion": "2025-08-01 01:00:59.238755"
  },
  "d732369a8cb94db7b2f97759ab8c7db9.plist": {
    "app_sintetizada": "D732369A8CB94DB7B2F97759AB8C7DB9.PLIST",
    "cantidad_archivos": 1,
    "archivos_fuente": [
      "Pictures/Fototeca de Fotos.photoslibrary/resources/renders/D/D732369A-8CB9-4DB7-B2F9-7759AB8C7DB9.plist"
    ],
    "ultima_modificacion": "2025-08-01 01:00:59.239055"
  },
  "d24d6e9d5ff8405e9ef08e9654e2b271.plist": {
    "app_sintetizada": "D24D6E9D5FF8405E9EF08E9654E2B271.PLIST",
    "cantidad_archivos": 1,
    "archivos_fuente": [
      "Pictures/Fototeca de Fotos.photoslibrary/resources/renders/D/D24D6E9D-5FF8-405E-9EF0-8E9654E2B271.plist"
    ],
    "ultima_modificacion": "2025-08-01 01:00:59.239325"
  },
  "dd23b097653243c5a8d7ccb714af4a8f.plist": {
    "app_sintetizada": "DD23B097653243C5A8D7CCB714AF4A8F.PLIST",
    "cantidad_archivos": 1,
    "archivos_fuente": [
      "Pictures/Fototeca de Fotos.photoslibrary/resources/renders/D/DD23B097-6532-43C5-A8D7-CCB714AF4A8F.plist"
    ],
    "ultima_modificacion": "2025-08-01 01:00:59.239584"
  },
  "d063980e41144070ad8a4f4a45fdc275.plist": {
    "app_sintetizada": "D063980E41144070AD8A4F4A45FDC275.PLIST",
    "cantidad_archivos": 1,
    "archivos_fuente": [
      "Pictures/Fototeca de Fotos.photoslibrary/resources/renders/D/D063980E-4114-4070-AD8A-4F4A45FDC275.plist"
    ],
    "ultima_modificacion": "2025-08-01 01:00:59.239846"
  },
  "d35422506a8f40c4a9a8d8b7c9132182.plist": {
    "app_sintetizada": "D35422506A8F40C4A9A8D8B7C9132182.PLIST",
    "cantidad_archivos": 1,
    "archivos_fuente": [
      "Pictures/Fototeca de Fotos.photoslibrary/resources/renders/D/D3542250-6A8F-40C4-A9A8-D8B7C9132182.plist"
    ],
    "ultima_modificacion": "2025-08-01 01:00:59.240133"
  },
  "d1d723013ef843e0b20d83bc9137f04d.plist": {
    "app_sintetizada": "D1D723013EF843E0B20D83BC9137F04D.PLIST",
    "cantidad_archivos": 1,
    "archivos_fuente": [
      "Pictures/Fototeca de Fotos.photoslibrary/resources/renders/D/D1D72301-3EF8-43E0-B20D-83BC9137F04D.plist"
    ],
    "ultima_modificacion": "2025-08-01 01:00:59.240453"
  },
  "d26ef2fbd9c7428da10bf085a03706e7.plist": {
    "app_sintetizada": "D26EF2FBD9C7428DA10BF085A03706E7.PLIST",
    "cantidad_archivos": 1,
    "archivos_fuente": [
      "Pictures/Fototeca de Fotos.photoslibrary/resources/renders/D/D26EF2FB-D9C7-428D-A10B-F085A03706E7.plist"
    ],
    "ultima_modificacion": "2025-08-01 01:00:59.240725"
  },
  "d59921fda7994c58868bd690475f1052.plist": {
    "app_sintetizada": "D59921FDA7994C58868BD690475F1052.PLIST",
    "cantidad_archivos": 1,
    "archivos_fuente": [
      "Pictures/Fototeca de Fotos.photoslibrary/resources/renders/D/D59921FD-A799-4C58-868B-D690475F1052.plist"
    ],
    "ultima_modificacion": "2025-08-01 01:00:59.241020"
  },
  "df4482d97b8547efaccbecd4e0871023.plist": {
    "app_sintetizada": "DF4482D97B8547EFACCBECD4E0871023.PLIST",
    "cantidad_archivos": 1,
    "archivos_fuente": [
      "Pictures/Fototeca de Fotos.photoslibrary/resources/renders/D/DF4482D9-7B85-47EF-ACCB-ECD4E0871023.plist"
    ],
    "ultima_modificacion": "2025-08-01 01:00:59.241362"
  },
  "dc5ea9dfcca84dac81da892ec1718966.plist": {
    "app_sintetizada": "DC5EA9DFCCA84DAC81DA892EC1718966.PLIST",
    "cantidad_archivos": 1,
    "archivos_fuente": [
      "Pictures/Fototeca de Fotos.photoslibrary/resources/renders/D/DC5EA9DF-CCA8-4DAC-81DA-892EC1718966.plist"
    ],
    "ultima_modificacion": "2025-08-01 01:00:59.241888"
  },
  "dd74946e42964d23813e77f5f4c2e716.plist": {
    "app_sintetizada": "DD74946E42964D23813E77F5F4C2E716.PLIST",
    "cantidad_archivos": 1,
    "archivos_fuente": [
      "Pictures/Fototeca de Fotos.photoslibrary/resources/renders/D/DD74946E-4296-4D23-813E-77F5F4C2E716.plist"
    ],
    "ultima_modificacion": "2025-08-01 01:00:59.242163"
  },
  "d13eba8cbc8a4edfbb21e5d06e5aedee.plist": {
    "app_sintetizada": "D13EBA8CBC8A4EDFBB21E5D06E5AEDEE.PLIST",
    "cantidad_archivos": 1,
    "archivos_fuente": [
      "Pictures/Fototeca de Fotos.photoslibrary/resources/renders/D/D13EBA8C-BC8A-4EDF-BB21-E5D06E5AEDEE.plist"
    ],
    "ultima_modificacion": "2025-08-01 01:00:59.242429"
  },
  "d9c21cc5a942457090a88f6f0d6c1474.plist": {
    "app_sintetizada": "D9C21CC5A942457090A88F6F0D6C1474.PLIST",
    "cantidad_archivos": 1,
    "archivos_fuente": [
      "Pictures/Fototeca de Fotos.photoslibrary/resources/renders/D/D9C21CC5-A942-4570-90A8-8F6F0D6C1474.plist"
    ],
    "ultima_modificacion": "2025-08-01 01:00:59.242684"
  },
  "df1d97bcdb7f4ec4b5843fa0fb7c65df.plist": {
    "app_sintetizada": "DF1D97BCDB7F4EC4B5843FA0FB7C65DF.PLIST",
    "cantidad_archivos": 1,
    "archivos_fuente": [
      "Pictures/Fototeca de Fotos.photoslibrary/resources/renders/D/DF1D97BC-DB7F-4EC4-B584-3FA0FB7C65DF.plist"
    ],
    "ultima_modificacion": "2025-08-01 01:00:59.242946"
  },
  "d0602f1f310f4c2383ae7dd880ed4826.plist": {
    "app_sintetizada": "D0602F1F310F4C2383AE7DD880ED4826.PLIST",
    "cantidad_archivos": 1,
    "archivos_fuente": [
      "Pictures/Fototeca de Fotos.photoslibrary/resources/renders/D/D0602F1F-310F-4C23-83AE-7DD880ED4826.plist"
    ],
    "ultima_modificacion": "2025-08-01 01:00:59.243204"
  },
  "ddee0bf38cdf4dfeb3b3ba8cc213839d.plist": {
    "app_sintetizada": "DDEE0BF38CDF4DFEB3B3BA8CC213839D.PLIST",
    "cantidad_archivos": 1,
    "archivos_fuente": [
      "Pictures/Fototeca de Fotos.photoslibrary/resources/renders/D/DDEE0BF3-8CDF-4DFE-B3B3-BA8CC213839D.plist"
    ],
    "ultima_modificacion": "2025-08-01 01:00:59.243510"
  },
  "dd69a7e3b1cf43eb997db3462409e5a5.plist": {
    "app_sintetizada": "DD69A7E3B1CF43EB997DB3462409E5A5.PLIST",
    "cantidad_archivos": 1,
    "archivos_fuente": [
      "Pictures/Fototeca de Fotos.photoslibrary/resources/renders/D/DD69A7E3-B1CF-43EB-997D-B3462409E5A5.plist"
    ],
    "ultima_modificacion": "2025-08-01 01:00:59.243803"
  },
  "d09bcbdb3d8e4c55ba2b508c13a165a1.plist": {
    "app_sintetizada": "D09BCBDB3D8E4C55BA2B508C13A165A1.PLIST",
    "cantidad_archivos": 1,
    "archivos_fuente": [
      "Pictures/Fototeca de Fotos.photoslibrary/resources/renders/D/D09BCBDB-3D8E-4C55-BA2B-508C13A165A1.plist"
    ],
    "ultima_modificacion": "2025-08-01 01:00:59.244082"
  },
  "d956e26086364bc686e83e41c8262cf9.plist": {
    "app_sintetizada": "D956E26086364BC686E83E41C8262CF9.PLIST",
    "cantidad_archivos": 1,
    "archivos_fuente": [
      "Pictures/Fototeca de Fotos.photoslibrary/resources/renders/D/D956E260-8636-4BC6-86E8-3E41C8262CF9.plist"
    ],
    "ultima_modificacion": "2025-08-01 01:00:59.244379"
  },
  "dabbcce4c88241bf91a22b8fd6e5394b.plist": {
    "app_sintetizada": "DABBCCE4C88241BF91A22B8FD6E5394B.PLIST",
    "cantidad_archivos": 1,
    "archivos_fuente": [
      "Pictures/Fototeca de Fotos.photoslibrary/resources/renders/D/DABBCCE4-C882-41BF-91A2-2B8FD6E5394B.plist"
    ],
    "ultima_modificacion": "2025-08-01 01:00:59.244676"
  },
  "d0c6909c6f804e23b1b475a57063aca2.plist": {
    "app_sintetizada": "D0C6909C6F804E23B1B475A57063ACA2.PLIST",
    "cantidad_archivos": 1,
    "archivos_fuente": [
      "Pictures/Fototeca de Fotos.photoslibrary/resources/renders/D/D0C6909C-6F80-4E23-B1B4-75A57063ACA2.plist"
    ],
    "ultima_modificacion": "2025-08-01 01:00:59.244952"
  },
  "d87b0017bf1b4352a572f59f9c47c50c.plist": {
    "app_sintetizada": "D87B0017BF1B4352A572F59F9C47C50C.PLIST",
    "cantidad_archivos": 1,
    "archivos_fuente": [
      "Pictures/Fototeca de Fotos.photoslibrary/resources/renders/D/D87B0017-BF1B-4352-A572-F59F9C47C50C.plist"
    ],
    "ultima_modificacion": "2025-08-01 01:00:59.245231"
  },
  "dfe7e6dc5d334a5e824814987bea004e.plist": {
    "app_sintetizada": "DFE7E6DC5D334A5E824814987BEA004E.PLIST",
    "cantidad_archivos": 1,
    "archivos_fuente": [
      "Pictures/Fototeca de Fotos.photoslibrary/resources/renders/D/DFE7E6DC-5D33-4A5E-8248-14987BEA004E.plist"
    ],
    "ultima_modificacion": "2025-08-01 01:00:59.245527"
  },
  "d545b7f76ebc44b7bb098c8f7b4c003c.plist": {
    "app_sintetizada": "D545B7F76EBC44B7BB098C8F7B4C003C.PLIST",
    "cantidad_archivos": 1,
    "archivos_fuente": [
      "Pictures/Fototeca de Fotos.photoslibrary/resources/renders/D/D545B7F7-6EBC-44B7-BB09-8C8F7B4C003C.plist"
    ],
    "ultima_modificacion": "2025-08-01 01:00:59.245805"
  },
  "d11000b0a4f044799b82570b1cdc8a22.plist": {
    "app_sintetizada": "D11000B0A4F044799B82570B1CDC8A22.PLIST",
    "cantidad_archivos": 1,
    "archivos_fuente": [
      "Pictures/Fototeca de Fotos.photoslibrary/resources/renders/D/D11000B0-A4F0-4479-9B82-570B1CDC8A22.plist"
    ],
    "ultima_modificacion": "2025-08-01 01:00:59.246069"
  },
  "d8406e2f5f9e4e2c8cd8086fd5e4ff49.plist": {
    "app_sintetizada": "D8406E2F5F9E4E2C8CD8086FD5E4FF49.PLIST",
    "cantidad_archivos": 1,
    "archivos_fuente": [
      "Pictures/Fototeca de Fotos.photoslibrary/resources/renders/D/D8406E2F-5F9E-4E2C-8CD8-086FD5E4FF49.plist"
    ],
    "ultima_modificacion": "2025-08-01 01:00:59.246363"
  },
  "de54f57b05e14fde8e534082fe68d3bc.plist": {
    "app_sintetizada": "DE54F57B05E14FDE8E534082FE68D3BC.PLIST",
    "cantidad_archivos": 1,
    "archivos_fuente": [
      "Pictures/Fototeca de Fotos.photoslibrary/resources/renders/D/DE54F57B-05E1-4FDE-8E53-4082FE68D3BC.plist"
    ],
    "ultima_modificacion": "2025-08-01 01:00:59.246634"
  },
  "d9bc849600ed4d8b949c822143ede975.plist": {
    "app_sintetizada": "D9BC849600ED4D8B949C822143EDE975.PLIST",
    "cantidad_archivos": 1,
    "archivos_fuente": [
      "Pictures/Fototeca de Fotos.photoslibrary/resources/renders/D/D9BC8496-00ED-4D8B-949C-822143EDE975.plist"
    ],
    "ultima_modificacion": "2025-08-01 01:00:59.246905"
  },
  "db5edfe05c9c4cbb8c9767fb90a7d54d.plist": {
    "app_sintetizada": "DB5EDFE05C9C4CBB8C9767FB90A7D54D.PLIST",
    "cantidad_archivos": 1,
    "archivos_fuente": [
      "Pictures/Fototeca de Fotos.photoslibrary/resources/renders/D/DB5EDFE0-5C9C-4CBB-8C97-67FB90A7D54D.plist"
    ],
    "ultima_modificacion": "2025-08-01 01:00:59.247177"
  },
  "dea78127cea24aa59a5457586a24c57e.plist": {
    "app_sintetizada": "DEA78127CEA24AA59A5457586A24C57E.PLIST",
    "cantidad_archivos": 1,
    "archivos_fuente": [
      "Pictures/Fototeca de Fotos.photoslibrary/resources/renders/D/DEA78127-CEA2-4AA5-9A54-57586A24C57E.plist"
    ],
    "ultima_modificacion": "2025-08-01 01:00:59.247459"
  },
  "d2f390f5dece4cdfb73c77e74064800a.plist": {
    "app_sintetizada": "D2F390F5DECE4CDFB73C77E74064800A.PLIST",
    "cantidad_archivos": 1,
    "archivos_fuente": [
      "Pictures/Fototeca de Fotos.photoslibrary/resources/renders/D/D2F390F5-DECE-4CDF-B73C-77E74064800A.plist"
    ],
    "ultima_modificacion": "2025-08-01 01:00:59.247732"
  },
  "d0c7e3bd265f4f8a969123315786c2a0.plist": {
    "app_sintetizada": "D0C7E3BD265F4F8A969123315786C2A0.PLIST",
    "cantidad_archivos": 1,
    "archivos_fuente": [
      "Pictures/Fototeca de Fotos.photoslibrary/resources/renders/D/D0C7E3BD-265F-4F8A-9691-23315786C2A0.plist"
    ],
    "ultima_modificacion": "2025-08-01 01:00:59.248004"
  },
  "d0e7d645570a4946881706bbe71c4f9c.plist": {
    "app_sintetizada": "D0E7D645570A4946881706BBE71C4F9C.PLIST",
    "cantidad_archivos": 1,
    "archivos_fuente": [
      "Pictures/Fototeca de Fotos.photoslibrary/resources/renders/D/D0E7D645-570A-4946-8817-06BBE71C4F9C.plist"
    ],
    "ultima_modificacion": "2025-08-01 01:00:59.248276"
  },
  "d185eb240c2c443e9005a2b1dfbaecc4.plist": {
    "app_sintetizada": "D185EB240C2C443E9005A2B1DFBAECC4.PLIST",
    "cantidad_archivos": 1,
    "archivos_fuente": [
      "Pictures/Fototeca de Fotos.photoslibrary/resources/renders/D/D185EB24-0C2C-443E-9005-A2B1DFBAECC4.plist"
    ],
    "ultima_modificacion": "2025-08-01 01:00:59.248542"
  },
  "d81c194d4a6e47338730f398a70e0510.plist": {
    "app_sintetizada": "D81C194D4A6E47338730F398A70E0510.PLIST",
    "cantidad_archivos": 1,
    "archivos_fuente": [
      "Pictures/Fototeca de Fotos.photoslibrary/resources/renders/D/D81C194D-4A6E-4733-8730-F398A70E0510.plist"
    ],
    "ultima_modificacion": "2025-08-01 01:00:59.248814"
  },
  "d56be3b855904f089419a92a29de00a1.plist": {
    "app_sintetizada": "D56BE3B855904F089419A92A29DE00A1.PLIST",
    "cantidad_archivos": 1,
    "archivos_fuente": [
      "Pictures/Fototeca de Fotos.photoslibrary/resources/renders/D/D56BE3B8-5590-4F08-9419-A92A29DE00A1.plist"
    ],
    "ultima_modificacion": "2025-08-01 01:00:59.249067"
  },
  "d4fdfc8a72194be9a5ba5c9d3114d8c9.plist": {
    "app_sintetizada": "D4FDFC8A72194BE9A5BA5C9D3114D8C9.PLIST",
    "cantidad_archivos": 1,
    "archivos_fuente": [
      "Pictures/Fototeca de Fotos.photoslibrary/resources/renders/D/D4FDFC8A-7219-4BE9-A5BA-5C9D3114D8C9.plist"
    ],
    "ultima_modificacion": "2025-08-01 01:00:59.249408"
  },
  "dd72006498b34496b1715e6d8b922a2a.plist": {
    "app_sintetizada": "DD72006498B34496B1715E6D8B922A2A.PLIST",
    "cantidad_archivos": 1,
    "archivos_fuente": [
      "Pictures/Fototeca de Fotos.photoslibrary/resources/renders/D/DD720064-98B3-4496-B171-5E6D8B922A2A.plist"
    ],
    "ultima_modificacion": "2025-08-01 01:00:59.249691"
  },
  "d37a7c2b7854446ab189cff12f3ba53b.dat": {
    "app_sintetizada": "D37A7C2B7854446AB189CFF12F3BA53B.DAT",
    "cantidad_archivos": 1,
    "archivos_fuente": [
      "Pictures/Fototeca de Fotos.photoslibrary/resources/renders/D/D37A7C2B-7854-446A-B189-CFF12F3BA53B.dat"
    ],
    "ultima_modificacion": "2025-08-01 01:00:59.249975"
  },
  "d2898871600b4dbfb2fd5a78e3c99f1d.plist": {
    "app_sintetizada": "D2898871600B4DBFB2FD5A78E3C99F1D.PLIST",
    "cantidad_archivos": 1,
    "archivos_fuente": [
      "Pictures/Fototeca de Fotos.photoslibrary/resources/renders/D/D2898871-600B-4DBF-B2FD-5A78E3C99F1D.plist"
    ],
    "ultima_modificacion": "2025-08-01 01:00:59.250261"
  },
  "dcc3e2db9cec426bb6d0b6b5c93d43f8.plist": {
    "app_sintetizada": "DCC3E2DB9CEC426BB6D0B6B5C93D43F8.PLIST",
    "cantidad_archivos": 1,
    "archivos_fuente": [
      "Pictures/Fototeca de Fotos.photoslibrary/resources/renders/D/DCC3E2DB-9CEC-426B-B6D0-B6B5C93D43F8.plist"
    ],
    "ultima_modificacion": "2025-08-01 01:00:59.250528"
  },
  "d26a25c7cbed41c59d24918a58cd12b3.plist": {
    "app_sintetizada": "D26A25C7CBED41C59D24918A58CD12B3.PLIST",
    "cantidad_archivos": 1,
    "archivos_fuente": [
      "Pictures/Fototeca de Fotos.photoslibrary/resources/renders/D/D26A25C7-CBED-41C5-9D24-918A58CD12B3.plist"
    ],
    "ultima_modificacion": "2025-08-01 01:00:59.250796"
  },
  "da3bb0e37bfc462eb9ba630d24886f3f.plist": {
    "app_sintetizada": "DA3BB0E37BFC462EB9BA630D24886F3F.PLIST",
    "cantidad_archivos": 1,
    "archivos_fuente": [
      "Pictures/Fototeca de Fotos.photoslibrary/resources/renders/D/DA3BB0E3-7BFC-462E-B9BA-630D24886F3F.plist"
    ],
    "ultima_modificacion": "2025-08-01 01:00:59.251086"
  },
  "db4372ccbf4341c1bc9226166be9f674.plist": {
    "app_sintetizada": "DB4372CCBF4341C1BC9226166BE9F674.PLIST",
    "cantidad_archivos": 1,
    "archivos_fuente": [
      "Pictures/Fototeca de Fotos.photoslibrary/resources/renders/D/DB4372CC-BF43-41C1-BC92-26166BE9F674.plist"
    ],
    "ultima_modificacion": "2025-08-01 01:00:59.251355"
  },
  "d6125d17d6d84639b888cc0935fe8629.plist": {
    "app_sintetizada": "D6125D17D6D84639B888CC0935FE8629.PLIST",
    "cantidad_archivos": 1,
    "archivos_fuente": [
      "Pictures/Fototeca de Fotos.photoslibrary/resources/renders/D/D6125D17-D6D8-4639-B888-CC0935FE8629.plist"
    ],
    "ultima_modificacion": "2025-08-01 01:00:59.251641"
  },
  "d50ce6a3332440ffac07d2d2eb4cd765.plist": {
    "app_sintetizada": "D50CE6A3332440FFAC07D2D2EB4CD765.PLIST",
    "cantidad_archivos": 1,
    "archivos_fuente": [
      "Pictures/Fototeca de Fotos.photoslibrary/resources/renders/D/D50CE6A3-3324-40FF-AC07-D2D2EB4CD765.plist"
    ],
    "ultima_modificacion": "2025-08-01 01:00:59.251913"
  },
  "da3b8b97639443e287f324d1d3bb09bb.plist": {
    "app_sintetizada": "DA3B8B97639443E287F324D1D3BB09BB.PLIST",
    "cantidad_archivos": 1,
    "archivos_fuente": [
      "Pictures/Fototeca de Fotos.photoslibrary/resources/renders/D/DA3B8B97-6394-43E2-87F3-24D1D3BB09BB.plist"
    ],
    "ultima_modificacion": "2025-08-01 01:00:59.252247"
  },
  "d3a00f6c95114affa747888884db8199.plist": {
    "app_sintetizada": "D3A00F6C95114AFFA747888884DB8199.PLIST",
    "cantidad_archivos": 1,
    "archivos_fuente": [
      "Pictures/Fototeca de Fotos.photoslibrary/resources/renders/D/D3A00F6C-9511-4AFF-A747-888884DB8199.plist"
    ],
    "ultima_modificacion": "2025-08-01 01:00:59.252545"
  },
  "d4c5a65a521f40f9aa7119033d3ec75c.plist": {
    "app_sintetizada": "D4C5A65A521F40F9AA7119033D3EC75C.PLIST",
    "cantidad_archivos": 1,
    "archivos_fuente": [
      "Pictures/Fototeca de Fotos.photoslibrary/resources/renders/D/D4C5A65A-521F-40F9-AA71-19033D3EC75C.plist"
    ],
    "ultima_modificacion": "2025-08-01 01:00:59.252843"
  },
  "d08f0885b0324967b55d257d10155fa9.plist": {
    "app_sintetizada": "D08F0885B0324967B55D257D10155FA9.PLIST",
    "cantidad_archivos": 1,
    "archivos_fuente": [
      "Pictures/Fototeca de Fotos.photoslibrary/resources/renders/D/D08F0885-B032-4967-B55D-257D10155FA9.plist"
    ],
    "ultima_modificacion": "2025-08-01 01:00:59.253137"
  },
  "df35c17d3df14e45a1b973768f3b3e8c.plist": {
    "app_sintetizada": "DF35C17D3DF14E45A1B973768F3B3E8C.PLIST",
    "cantidad_archivos": 1,
    "archivos_fuente": [
      "Pictures/Fototeca de Fotos.photoslibrary/resources/renders/D/DF35C17D-3DF1-4E45-A1B9-73768F3B3E8C.plist"
    ],
    "ultima_modificacion": "2025-08-01 01:00:59.253414"
  },
  "d88f3c955e4e46538574e4d14ee10cce.plist": {
    "app_sintetizada": "D88F3C955E4E46538574E4D14EE10CCE.PLIST",
    "cantidad_archivos": 1,
    "archivos_fuente": [
      "Pictures/Fototeca de Fotos.photoslibrary/resources/renders/D/D88F3C95-5E4E-4653-8574-E4D14EE10CCE.plist"
    ],
    "ultima_modificacion": "2025-08-01 01:00:59.253708"
  },
  "deb06852c0554590b33876588b6743d6.plist": {
    "app_sintetizada": "DEB06852C0554590B33876588B6743D6.PLIST",
    "cantidad_archivos": 1,
    "archivos_fuente": [
      "Pictures/Fototeca de Fotos.photoslibrary/resources/renders/D/DEB06852-C055-4590-B338-76588B6743D6.plist"
    ],
    "ultima_modificacion": "2025-08-01 01:00:59.253978"
  },
  "d99cc8bd9d4a4b34869f016aa8c9b33a.plist": {
    "app_sintetizada": "D99CC8BD9D4A4B34869F016AA8C9B33A.PLIST",
    "cantidad_archivos": 1,
    "archivos_fuente": [
      "Pictures/Fototeca de Fotos.photoslibrary/resources/renders/D/D99CC8BD-9D4A-4B34-869F-016AA8C9B33A.plist"
    ],
    "ultima_modificacion": "2025-08-01 01:00:59.254261"
  },
  "d184d220d8f54f2babd6a8865fb4b4cc.plist": {
    "app_sintetizada": "D184D220D8F54F2BABD6A8865FB4B4CC.PLIST",
    "cantidad_archivos": 1,
    "archivos_fuente": [
      "Pictures/Fototeca de Fotos.photoslibrary/resources/renders/D/D184D220-D8F5-4F2B-ABD6-A8865FB4B4CC.plist"
    ],
    "ultima_modificacion": "2025-08-01 01:00:59.254537"
  },
  "dfaa2e6b3c5a4a55bcc6a2129aabd391.plist": {
    "app_sintetizada": "DFAA2E6B3C5A4A55BCC6A2129AABD391.PLIST",
    "cantidad_archivos": 1,
    "archivos_fuente": [
      "Pictures/Fototeca de Fotos.photoslibrary/resources/renders/D/DFAA2E6B-3C5A-4A55-BCC6-A2129AABD391.plist"
    ],
    "ultima_modificacion": "2025-08-01 01:00:59.254816"
  },
  "d873baf1545b43c48da1a8a54e66adc3.plist": {
    "app_sintetizada": "D873BAF1545B43C48DA1A8A54E66ADC3.PLIST",
    "cantidad_archivos": 1,
    "archivos_fuente": [
      "Pictures/Fototeca de Fotos.photoslibrary/resources/renders/D/D873BAF1-545B-43C4-8DA1-A8A54E66ADC3.plist"
    ],
    "ultima_modificacion": "2025-08-01 01:00:59.255099"
  },
  "d65ffa5aea3843dbaf8d9738e5ed4e8f.plist": {
    "app_sintetizada": "D65FFA5AEA3843DBAF8D9738E5ED4E8F.PLIST",
    "cantidad_archivos": 1,
    "archivos_fuente": [
      "Pictures/Fototeca de Fotos.photoslibrary/resources/renders/D/D65FFA5A-EA38-43DB-AF8D-9738E5ED4E8F.plist"
    ],
    "ultima_modificacion": "2025-08-01 01:00:59.255380"
  },
  "d65bf62947ba4107a16cbe0811ea4393.plist": {
    "app_sintetizada": "D65BF62947BA4107A16CBE0811EA4393.PLIST",
    "cantidad_archivos": 1,
    "archivos_fuente": [
      "Pictures/Fototeca de Fotos.photoslibrary/resources/renders/D/D65BF629-47BA-4107-A16C-BE0811EA4393.plist"
    ],
    "ultima_modificacion": "2025-08-01 01:00:59.255662"
  },
  "d0e602a962824797a3659fae62e7d5f7.plist": {
    "app_sintetizada": "D0E602A962824797A3659FAE62E7D5F7.PLIST",
    "cantidad_archivos": 1,
    "archivos_fuente": [
      "Pictures/Fototeca de Fotos.photoslibrary/resources/renders/D/D0E602A9-6282-4797-A365-9FAE62E7D5F7.plist"
    ],
    "ultima_modificacion": "2025-08-01 01:00:59.255940"
  },
  "da699b0170db4353bb0175d606940aaf.plist": {
    "app_sintetizada": "DA699B0170DB4353BB0175D606940AAF.PLIST",
    "cantidad_archivos": 1,
    "archivos_fuente": [
      "Pictures/Fototeca de Fotos.photoslibrary/resources/renders/D/DA699B01-70DB-4353-BB01-75D606940AAF.plist"
    ],
    "ultima_modificacion": "2025-08-01 01:00:59.256227"
  },
  "d8eeb25250da4e6b841262dfde0b4685.plist": {
    "app_sintetizada": "D8EEB25250DA4E6B841262DFDE0B4685.PLIST",
    "cantidad_archivos": 1,
    "archivos_fuente": [
      "Pictures/Fototeca de Fotos.photoslibrary/resources/renders/D/D8EEB252-50DA-4E6B-8412-62DFDE0B4685.plist"
    ],
    "ultima_modificacion": "2025-08-01 01:00:59.256494"
  },
  "d6e8546e1c5c40e68b469b402a7fb42f.plist": {
    "app_sintetizada": "D6E8546E1C5C40E68B469B402A7FB42F.PLIST",
    "cantidad_archivos": 1,
    "archivos_fuente": [
      "Pictures/Fototeca de Fotos.photoslibrary/resources/renders/D/D6E8546E-1C5C-40E6-8B46-9B402A7FB42F.plist"
    ],
    "ultima_modificacion": "2025-08-01 01:00:59.256772"
  },
  "d9605a23eb8048beb9cf4457d3e4ca41.plist": {
    "app_sintetizada": "D9605A23EB8048BEB9CF4457D3E4CA41.PLIST",
    "cantidad_archivos": 1,
    "archivos_fuente": [
      "Pictures/Fototeca de Fotos.photoslibrary/resources/renders/D/D9605A23-EB80-48BE-B9CF-4457D3E4CA41.plist"
    ],
    "ultima_modificacion": "2025-08-01 01:00:59.257044"
  },
  "d45c80e9600b48f89674263841d0eb9c.plist": {
    "app_sintetizada": "D45C80E9600B48F89674263841D0EB9C.PLIST",
    "cantidad_archivos": 1,
    "archivos_fuente": [
      "Pictures/Fototeca de Fotos.photoslibrary/resources/renders/D/D45C80E9-600B-48F8-9674-263841D0EB9C.plist"
    ],
    "ultima_modificacion": "2025-08-01 01:00:59.257328"
  },
  "d30fa643423a4da29c24c0ec233be27a.plist": {
    "app_sintetizada": "D30FA643423A4DA29C24C0EC233BE27A.PLIST",
    "cantidad_archivos": 1,
    "archivos_fuente": [
      "Pictures/Fototeca de Fotos.photoslibrary/resources/renders/D/D30FA643-423A-4DA2-9C24-C0EC233BE27A.plist"
    ],
    "ultima_modificacion": "2025-08-01 01:00:59.257611"
  },
  "da7dbd3c2b8e47229e2715efaf586d8f.plist": {
    "app_sintetizada": "DA7DBD3C2B8E47229E2715EFAF586D8F.PLIST",
    "cantidad_archivos": 1,
    "archivos_fuente": [
      "Pictures/Fototeca de Fotos.photoslibrary/resources/renders/D/DA7DBD3C-2B8E-4722-9E27-15EFAF586D8F.plist"
    ],
    "ultima_modificacion": "2025-08-01 01:00:59.257888"
  },
  "d19dc12e2aac4745b66371008a6f42af.plist": {
    "app_sintetizada": "D19DC12E2AAC4745B66371008A6F42AF.PLIST",
    "cantidad_archivos": 1,
    "archivos_fuente": [
      "Pictures/Fototeca de Fotos.photoslibrary/resources/renders/D/D19DC12E-2AAC-4745-B663-71008A6F42AF.plist"
    ],
    "ultima_modificacion": "2025-08-01 01:00:59.258203"
  },
  "d13ebea348ff4da9b44063c9951dfb89.plist": {
    "app_sintetizada": "D13EBEA348FF4DA9B44063C9951DFB89.PLIST",
    "cantidad_archivos": 1,
    "archivos_fuente": [
      "Pictures/Fototeca de Fotos.photoslibrary/resources/renders/D/D13EBEA3-48FF-4DA9-B440-63C9951DFB89.plist"
    ],
    "ultima_modificacion": "2025-08-01 01:00:59.258484"
  },
  "d8dbb36f353c48fd9614c9d76c2f2df1.plist": {
    "app_sintetizada": "D8DBB36F353C48FD9614C9D76C2F2DF1.PLIST",
    "cantidad_archivos": 1,
    "archivos_fuente": [
      "Pictures/Fototeca de Fotos.photoslibrary/resources/renders/D/D8DBB36F-353C-48FD-9614-C9D76C2F2DF1.plist"
    ],
    "ultima_modificacion": "2025-08-01 01:00:59.258775"
  },
  "d414c0ced4ca4b0d85bd3759c81b4815.plist": {
    "app_sintetizada": "D414C0CED4CA4B0D85BD3759C81B4815.PLIST",
    "cantidad_archivos": 1,
    "archivos_fuente": [
      "Pictures/Fototeca de Fotos.photoslibrary/resources/renders/D/D414C0CE-D4CA-4B0D-85BD-3759C81B4815.plist"
    ],
    "ultima_modificacion": "2025-08-01 01:00:59.259068"
  },
  "d5d79f32687e46c285b3deb5ffb9822d.plist": {
    "app_sintetizada": "D5D79F32687E46C285B3DEB5FFB9822D.PLIST",
    "cantidad_archivos": 1,
    "archivos_fuente": [
      "Pictures/Fototeca de Fotos.photoslibrary/resources/renders/D/D5D79F32-687E-46C2-85B3-DEB5FFB9822D.plist"
    ],
    "ultima_modificacion": "2025-08-01 01:00:59.259350"
  },
  "dacf030667574f1296f97f5bc421a029.plist": {
    "app_sintetizada": "DACF030667574F1296F97F5BC421A029.PLIST",
    "cantidad_archivos": 1,
    "archivos_fuente": [
      "Pictures/Fototeca de Fotos.photoslibrary/resources/renders/D/DACF0306-6757-4F12-96F9-7F5BC421A029.plist"
    ],
    "ultima_modificacion": "2025-08-01 01:00:59.259630"
  },
  "d5eaddf850244211a542f4ad9ec27ae5.plist": {
    "app_sintetizada": "D5EADDF850244211A542F4AD9EC27AE5.PLIST",
    "cantidad_archivos": 1,
    "archivos_fuente": [
      "Pictures/Fototeca de Fotos.photoslibrary/resources/renders/D/D5EADDF8-5024-4211-A542-F4AD9EC27AE5.plist"
    ],
    "ultima_modificacion": "2025-08-01 01:00:59.259908"
  },
  "d0fd2486447f40d5871421f04fb83b50.plist": {
    "app_sintetizada": "D0FD2486447F40D5871421F04FB83B50.PLIST",
    "cantidad_archivos": 1,
    "archivos_fuente": [
      "Pictures/Fototeca de Fotos.photoslibrary/resources/renders/D/D0FD2486-447F-40D5-8714-21F04FB83B50.plist"
    ],
    "ultima_modificacion": "2025-08-01 01:00:59.260192"
  },
  "d16701987c52467d9731420b5010e424.plist": {
    "app_sintetizada": "D16701987C52467D9731420B5010E424.PLIST",
    "cantidad_archivos": 1,
    "archivos_fuente": [
      "Pictures/Fototeca de Fotos.photoslibrary/resources/renders/D/D1670198-7C52-467D-9731-420B5010E424.plist"
    ],
    "ultima_modificacion": "2025-08-01 01:00:59.260511"
  },
  "d2ab7acdbc184bf59c600ac7e85b2de7.plist": {
    "app_sintetizada": "D2AB7ACDBC184BF59C600AC7E85B2DE7.PLIST",
    "cantidad_archivos": 1,
    "archivos_fuente": [
      "Pictures/Fototeca de Fotos.photoslibrary/resources/renders/D/D2AB7ACD-BC18-4BF5-9C60-0AC7E85B2DE7.plist"
    ],
    "ultima_modificacion": "2025-08-01 01:00:59.260751"
  },
  "d6b4ea00626b495399107cfa0d5acddb.plist": {
    "app_sintetizada": "D6B4EA00626B495399107CFA0D5ACDDB.PLIST",
    "cantidad_archivos": 1,
    "archivos_fuente": [
      "Pictures/Fototeca de Fotos.photoslibrary/resources/renders/D/D6B4EA00-626B-4953-9910-7CFA0D5ACDDB.plist"
    ],
    "ultima_modificacion": "2025-08-01 01:00:59.260942"
  },
  "d9e9e1e74e90478eb6207e973a2ae59d.plist": {
    "app_sintetizada": "D9E9E1E74E90478EB6207E973A2AE59D.PLIST",
    "cantidad_archivos": 1,
    "archivos_fuente": [
      "Pictures/Fototeca de Fotos.photoslibrary/resources/renders/D/D9E9E1E7-4E90-478E-B620-7E973A2AE59D.plist"
    ],
    "ultima_modificacion": "2025-08-01 01:00:59.261137"
  },
  "debbba1023d944b8b647f117c0430efc.plist": {
    "app_sintetizada": "DEBBBA1023D944B8B647F117C0430EFC.PLIST",
    "cantidad_archivos": 1,
    "archivos_fuente": [
      "Pictures/Fototeca de Fotos.photoslibrary/resources/renders/D/DEBBBA10-23D9-44B8-B647-F117C0430EFC.plist"
    ],
    "ultima_modificacion": "2025-08-01 01:00:59.261372"
  },
  "dc876f50129b4092b48beea250d07ca0.plist": {
    "app_sintetizada": "DC876F50129B4092B48BEEA250D07CA0.PLIST",
    "cantidad_archivos": 1,
    "archivos_fuente": [
      "Pictures/Fototeca de Fotos.photoslibrary/resources/renders/D/DC876F50-129B-4092-B48B-EEA250D07CA0.plist"
    ],
    "ultima_modificacion": "2025-08-01 01:00:59.261679"
  },
  "de07f77828b44b9191de212daeb08cc5.plist": {
    "app_sintetizada": "DE07F77828B44B9191DE212DAEB08CC5.PLIST",
    "cantidad_archivos": 1,
    "archivos_fuente": [
      "Pictures/Fototeca de Fotos.photoslibrary/resources/renders/D/DE07F778-28B4-4B91-91DE-212DAEB08CC5.plist"
    ],
    "ultima_modificacion": "2025-08-01 01:00:59.261927"
  },
  "d4c24542f99e4182b1dc93607f3b6d7a.plist": {
    "app_sintetizada": "D4C24542F99E4182B1DC93607F3B6D7A.PLIST",
    "cantidad_archivos": 1,
    "archivos_fuente": [
      "Pictures/Fototeca de Fotos.photoslibrary/resources/renders/D/D4C24542-F99E-4182-B1DC-93607F3B6D7A.plist"
    ],
    "ultima_modificacion": "2025-08-01 01:00:59.262169"
  },
  "dc8fb685517c41f98ce801e468638348.plist": {
    "app_sintetizada": "DC8FB685517C41F98CE801E468638348.PLIST",
    "cantidad_archivos": 1,
    "archivos_fuente": [
      "Pictures/Fototeca de Fotos.photoslibrary/resources/renders/D/DC8FB685-517C-41F9-8CE8-01E468638348.plist"
    ],
    "ultima_modificacion": "2025-08-01 01:00:59.262431"
  },
  "d13db7b9205f47a3a29ea4e2f1c6d4b0.plist": {
    "app_sintetizada": "D13DB7B9205F47A3A29EA4E2F1C6D4B0.PLIST",
    "cantidad_archivos": 1,
    "archivos_fuente": [
      "Pictures/Fototeca de Fotos.photoslibrary/resources/renders/D/D13DB7B9-205F-47A3-A29E-A4E2F1C6D4B0.plist"
    ],
    "ultima_modificacion": "2025-08-01 01:00:59.262676"
  }
}