{
  "cfb42ee219c04619aadfc520e2499ffb.plist": {
    "app_sintetizada": "CFB42EE219C04619AADFC520E2499FFB.PLIST",
    "cantidad_archivos": 1,
    "archivos_fuente": [
      "Pictures/Fototeca de Fotos.photoslibrary/resources/renders/C/CFB42EE2-19C0-4619-AADF-C520E2499FFB.plist"
    ],
    "ultima_modificacion": "2025-08-01 01:00:59.166104"
  },
  "c8cb1c67ee20447487aeca5786d4333b.plist": {
    "app_sintetizada": "C8CB1C67EE20447487AECA5786D4333B.PLIST",
    "cantidad_archivos": 1,
    "archivos_fuente": [
      "Pictures/Fototeca de Fotos.photoslibrary/resources/renders/C/C8CB1C67-EE20-4474-87AE-CA5786D4333B.plist"
    ],
    "ultima_modificacion": "2025-08-01 01:00:59.166369"
  },
  "c273a66e60d7418398d7f9a744699c86.plist": {
    "app_sintetizada": "C273A66E60D7418398D7F9A744699C86.PLIST",
    "cantidad_archivos": 1,
    "archivos_fuente": [
      "Pictures/Fototeca de Fotos.photoslibrary/resources/renders/C/C273A66E-60D7-4183-98D7-F9A744699C86.plist"
    ],
    "ultima_modificacion": "2025-08-01 01:00:59.166600"
  },
  "c120f5c969b94d6a9385e506addd7fd0.plist": {
    "app_sintetizada": "C120F5C969B94D6A9385E506ADDD7FD0.PLIST",
    "cantidad_archivos": 1,
    "archivos_fuente": [
      "Pictures/Fototeca de Fotos.photoslibrary/resources/renders/C/C120F5C9-69B9-4D6A-9385-E506ADDD7FD0.plist"
    ],
    "ultima_modificacion": "2025-08-01 01:00:59.166804"
  },
  "c9afb4073f8746d68245a801c2ea86fb.plist": {
    "app_sintetizada": "C9AFB4073F8746D68245A801C2EA86FB.PLIST",
    "cantidad_archivos": 1,
    "archivos_fuente": [
      "Pictures/Fototeca de Fotos.photoslibrary/resources/renders/C/C9AFB407-3F87-46D6-8245-A801C2EA86FB.plist"
    ],
    "ultima_modificacion": "2025-08-01 01:00:59.167111"
  },
  "cf8ecd3e16194dff9ba1ed245e86fb03.plist": {
    "app_sintetizada": "CF8ECD3E16194DFF9BA1ED245E86FB03.PLIST",
    "cantidad_archivos": 1,
    "archivos_fuente": [
      "Pictures/Fototeca de Fotos.photoslibrary/resources/renders/C/CF8ECD3E-1619-4DFF-9BA1-ED245E86FB03.plist"
    ],
    "ultima_modificacion": "2025-08-01 01:00:59.167383"
  },
  "c0e36ccc09af48a4a28d6380e6c2ba5b.plist": {
    "app_sintetizada": "C0E36CCC09AF48A4A28D6380E6C2BA5B.PLIST",
    "cantidad_archivos": 1,
    "archivos_fuente": [
      "Pictures/Fototeca de Fotos.photoslibrary/resources/renders/C/C0E36CCC-09AF-48A4-A28D-6380E6C2BA5B.plist"
    ],
    "ultima_modificacion": "2025-08-01 01:00:59.167666"
  },
  "cc06952179fe45b5b17d51d5eaa9342d.plist": {
    "app_sintetizada": "CC06952179FE45B5B17D51D5EAA9342D.PLIST",
    "cantidad_archivos": 1,
    "archivos_fuente": [
      "Pictures/Fototeca de Fotos.photoslibrary/resources/renders/C/CC069521-79FE-45B5-B17D-51D5EAA9342D.plist"
    ],
    "ultima_modificacion": "2025-08-01 01:00:59.167878"
  },
  "cce1d73466cb440292f572de732a0129.plist": {
    "app_sintetizada": "CCE1D73466CB440292F572DE732A0129.PLIST",
    "cantidad_archivos": 1,
    "archivos_fuente": [
      "Pictures/Fototeca de Fotos.photoslibrary/resources/renders/C/CCE1D734-66CB-4402-92F5-72DE732A0129.plist"
    ],
    "ultima_modificacion": "2025-08-01 01:00:59.168240"
  },
  "caad210699184c969cefa5da5e706c10.plist": {
    "app_sintetizada": "CAAD210699184C969CEFA5DA5E706C10.PLIST",
    "cantidad_archivos": 1,
    "archivos_fuente": [
      "Pictures/Fototeca de Fotos.photoslibrary/resources/renders/C/CAAD2106-9918-4C96-9CEF-A5DA5E706C10.plist"
    ],
    "ultima_modificacion": "2025-08-01 01:00:59.168419"
  },
  "c7506b3e4489497582816aeb77ef43dc.plist": {
    "app_sintetizada": "C7506B3E4489497582816AEB77EF43DC.PLIST",
    "cantidad_archivos": 1,
    "archivos_fuente": [
      "Pictures/Fototeca de Fotos.photoslibrary/resources/renders/C/C7506B3E-4489-4975-8281-6AEB77EF43DC.plist"
    ],
    "ultima_modificacion": "2025-08-01 01:00:59.168593"
  },
  "c72523ace3c1481ab1f7ac399482c0271201a.jpeg": {
    "app_sintetizada": "C72523ACE3C1481AB1F7AC399482C0271201A.JPEG",
    "cantidad_archivos": 1,
    "archivos_fuente": [
      "Pictures/Fototeca de Fotos.photoslibrary/resources/renders/C/C72523AC-E3C1-481A-B1F7-AC399482C027_1_201_a.jpeg"
    ],
    "ultima_modificacion": "2025-08-01 01:00:59.168763"
  },
  "c6725e186ebc4be59682d43c1dcbc0f1.plist": {
    "app_sintetizada": "C6725E186EBC4BE59682D43C1DCBC0F1.PLIST",
    "cantidad_archivos": 1,
    "archivos_fuente": [
      "Pictures/Fototeca de Fotos.photoslibrary/resources/renders/C/C6725E18-6EBC-4BE5-9682-D43C1DCBC0F1.plist"
    ],
    "ultima_modificacion": "2025-08-01 01:00:59.168954"
  },
  "cf112493d81d41408f053ca2ee95f35b.plist": {
    "app_sintetizada": "CF112493D81D41408F053CA2EE95F35B.PLIST",
    "cantidad_archivos": 1,
    "archivos_fuente": [
      "Pictures/Fototeca de Fotos.photoslibrary/resources/renders/C/CF112493-D81D-4140-8F05-3CA2EE95F35B.plist"
    ],
    "ultima_modificacion": "2025-08-01 01:00:59.169123"
  },
  "cfdf96533e5b4a7aa3a5c152bc865998.plist": {
    "app_sintetizada": "CFDF96533E5B4A7AA3A5C152BC865998.PLIST",
    "cantidad_archivos": 1,
    "archivos_fuente": [
      "Pictures/Fototeca de Fotos.photoslibrary/resources/renders/C/CFDF9653-3E5B-4A7A-A3A5-C152BC865998.plist"
    ],
    "ultima_modificacion": "2025-08-01 01:00:59.169295"
  },
  "c1fbd8af872a4065ae3bb293c5e10df6.plist": {
    "app_sintetizada": "C1FBD8AF872A4065AE3BB293C5E10DF6.PLIST",
    "cantidad_archivos": 1,
    "archivos_fuente": [
      "Pictures/Fototeca de Fotos.photoslibrary/resources/renders/C/C1FBD8AF-872A-4065-AE3B-B293C5E10DF6.plist"
    ],
    "ultima_modificacion": "2025-08-01 01:00:59.169557"
  },
  "cc68ccf30fb54c289e1afa39deb612df.plist": {
    "app_sintetizada": "CC68CCF30FB54C289E1AFA39DEB612DF.PLIST",
    "cantidad_archivos": 1,
    "archivos_fuente": [
      "Pictures/Fototeca de Fotos.photoslibrary/resources/renders/C/CC68CCF3-0FB5-4C28-9E1A-FA39DEB612DF.plist"
    ],
    "ultima_modificacion": "2025-08-01 01:00:59.169850"
  },
  "c97e2136f97741839b7943e44430eb2c.plist": {
    "app_sintetizada": "C97E2136F97741839B7943E44430EB2C.PLIST",
    "cantidad_archivos": 1,
    "archivos_fuente": [
      "Pictures/Fototeca de Fotos.photoslibrary/resources/renders/C/C97E2136-F977-4183-9B79-43E44430EB2C.plist"
    ],
    "ultima_modificacion": "2025-08-01 01:00:59.170080"
  },
  "c5f979ede2a846f3a53569abdea554da.plist": {
    "app_sintetizada": "C5F979EDE2A846F3A53569ABDEA554DA.PLIST",
    "cantidad_archivos": 1,
    "archivos_fuente": [
      "Pictures/Fototeca de Fotos.photoslibrary/resources/renders/C/C5F979ED-E2A8-46F3-A535-69ABDEA554DA.plist"
    ],
    "ultima_modificacion": "2025-08-01 01:00:59.170347"
  },
  "c3679035f5b64da1aafdaf3ed391fdc8.plist": {
    "app_sintetizada": "C3679035F5B64DA1AAFDAF3ED391FDC8.PLIST",
    "cantidad_archivos": 1,
    "archivos_fuente": [
      "Pictures/Fototeca de Fotos.photoslibrary/resources/renders/C/C3679035-F5B6-4DA1-AAFD-AF3ED391FDC8.plist"
    ],
    "ultima_modificacion": "2025-08-01 01:00:59.170602"
  },
  "ca4f84c378534d23bea329c331e811ff.plist": {
    "app_sintetizada": "CA4F84C378534D23BEA329C331E811FF.PLIST",
    "cantidad_archivos": 1,
    "archivos_fuente": [
      "Pictures/Fototeca de Fotos.photoslibrary/resources/renders/C/CA4F84C3-7853-4D23-BEA3-29C331E811FF.plist"
    ],
    "ultima_modificacion": "2025-08-01 01:00:59.170852"
  },
  "c6852c07eb3549f9aae5aa49d5d28339.plist": {
    "app_sintetizada": "C6852C07EB3549F9AAE5AA49D5D28339.PLIST",
    "cantidad_archivos": 1,
    "archivos_fuente": [
      "Pictures/Fototeca de Fotos.photoslibrary/resources/renders/C/C6852C07-EB35-49F9-AAE5-AA49D5D28339.plist"
    ],
    "ultima_modificacion": "2025-08-01 01:00:59.171103"
  },
  "c76fa1d63e3546ba8be80192817c135c.plist": {
    "app_sintetizada": "C76FA1D63E3546BA8BE80192817C135C.PLIST",
    "cantidad_archivos": 1,
    "archivos_fuente": [
      "Pictures/Fototeca de Fotos.photoslibrary/resources/renders/C/C76FA1D6-3E35-46BA-8BE8-0192817C135C.plist"
    ],
    "ultima_modificacion": "2025-08-01 01:00:59.171367"
  },
  "cf065076cb1647709ad5b2d01e1e08a2.plist": {
    "app_sintetizada": "CF065076CB1647709AD5B2D01E1E08A2.PLIST",
    "cantidad_archivos": 1,
    "archivos_fuente": [
      "Pictures/Fototeca de Fotos.photoslibrary/resources/renders/C/CF065076-CB16-4770-9AD5-B2D01E1E08A2.plist"
    ],
    "ultima_modificacion": "2025-08-01 01:00:59.171626"
  },
  "c00fba18822c4f3f998ae354e1881604.plist": {
    "app_sintetizada": "C00FBA18822C4F3F998AE354E1881604.PLIST",
    "cantidad_archivos": 1,
    "archivos_fuente": [
      "Pictures/Fototeca de Fotos.photoslibrary/resources/renders/C/C00FBA18-822C-4F3F-998A-E354E1881604.plist"
    ],
    "ultima_modificacion": "2025-08-01 01:00:59.171818"
  },
  "ca643927ce6c423f86b19d42ac8907e9.plist": {
    "app_sintetizada": "CA643927CE6C423F86B19D42AC8907E9.PLIST",
    "cantidad_archivos": 1,
    "archivos_fuente": [
      "Pictures/Fototeca de Fotos.photoslibrary/resources/renders/C/CA643927-CE6C-423F-86B1-9D42AC8907E9.plist"
    ],
    "ultima_modificacion": "2025-08-01 01:00:59.172006"
  },
  "c22de53123214775a95669c22604ecbc.plist": {
    "app_sintetizada": "C22DE53123214775A95669C22604ECBC.PLIST",
    "cantidad_archivos": 1,
    "archivos_fuente": [
      "Pictures/Fototeca de Fotos.photoslibrary/resources/renders/C/C22DE531-2321-4775-A956-69C22604ECBC.plist"
    ],
    "ultima_modificacion": "2025-08-01 01:00:59.172185"
  },
  "c16c43c3cba24076ae8de4b7976e99db.plist": {
    "app_sintetizada": "C16C43C3CBA24076AE8DE4B7976E99DB.PLIST",
    "cantidad_archivos": 1,
    "archivos_fuente": [
      "Pictures/Fototeca de Fotos.photoslibrary/resources/renders/C/C16C43C3-CBA2-4076-AE8D-E4B7976E99DB.plist"
    ],
    "ultima_modificacion": "2025-08-01 01:00:59.172367"
  },
  "c06a2856b3c74a8d90d3784e8633d277.plist": {
    "app_sintetizada": "C06A2856B3C74A8D90D3784E8633D277.PLIST",
    "cantidad_archivos": 1,
    "archivos_fuente": [
      "Pictures/Fototeca de Fotos.photoslibrary/resources/renders/C/C06A2856-B3C7-4A8D-90D3-784E8633D277.plist"
    ],
    "ultima_modificacion": "2025-08-01 01:00:59.172549"
  },
  "c3a053e521054c1f9b6b7184e792d940.plist": {
    "app_sintetizada": "C3A053E521054C1F9B6B7184E792D940.PLIST",
    "cantidad_archivos": 1,
    "archivos_fuente": [
      "Pictures/Fototeca de Fotos.photoslibrary/resources/renders/C/C3A053E5-2105-4C1F-9B6B-7184E792D940.plist"
    ],
    "ultima_modificacion": "2025-08-01 01:00:59.172724"
  },
  "cefa3b87d177467aaf19548e840154ca.plist": {
    "app_sintetizada": "CEFA3B87D177467AAF19548E840154CA.PLIST",
    "cantidad_archivos": 1,
    "archivos_fuente": [
      "Pictures/Fototeca de Fotos.photoslibrary/resources/renders/C/CEFA3B87-D177-467A-AF19-548E840154CA.plist"
    ],
    "ultima_modificacion": "2025-08-01 01:00:59.172899"
  },
  "c82ee6ef3d574dfb94f6502c6c9f5337.plist": {
    "app_sintetizada": "C82EE6EF3D574DFB94F6502C6C9F5337.PLIST",
    "cantidad_archivos": 1,
    "archivos_fuente": [
      "Pictures/Fototeca de Fotos.photoslibrary/resources/renders/C/C82EE6EF-3D57-4DFB-94F6-502C6C9F5337.plist"
    ],
    "ultima_modificacion": "2025-08-01 01:00:59.173188"
  },
  "c8840b137ba04202a9177156bc265315.plist": {
    "app_sintetizada": "C8840B137BA04202A9177156BC265315.PLIST",
    "cantidad_archivos": 1,
    "archivos_fuente": [
      "Pictures/Fototeca de Fotos.photoslibrary/resources/renders/C/C8840B13-7BA0-4202-A917-7156BC265315.plist"
    ],
    "ultima_modificacion": "2025-08-01 01:00:59.173486"
  },
  "c698c9ae093c4abfb66d9306f45994ea.plist": {
    "app_sintetizada": "C698C9AE093C4ABFB66D9306F45994EA.PLIST",
    "cantidad_archivos": 1,
    "archivos_fuente": [
      "Pictures/Fototeca de Fotos.photoslibrary/resources/renders/C/C698C9AE-093C-4ABF-B66D-9306F45994EA.plist"
    ],
    "ultima_modificacion": "2025-08-01 01:00:59.173731"
  },
  "cec645dbc1984e75b81a9b78c5cd6ec5.plist": {
    "app_sintetizada": "CEC645DBC1984E75B81A9B78C5CD6EC5.PLIST",
    "cantidad_archivos": 1,
    "archivos_fuente": [
      "Pictures/Fototeca de Fotos.photoslibrary/resources/renders/C/CEC645DB-C198-4E75-B81A-9B78C5CD6EC5.plist"
    ],
    "ultima_modificacion": "2025-08-01 01:00:59.173933"
  },
  "cb7dd44923584b05a3e4b0a07764aa17.plist": {
    "app_sintetizada": "CB7DD44923584B05A3E4B0A07764AA17.PLIST",
    "cantidad_archivos": 1,
    "archivos_fuente": [
      "Pictures/Fototeca de Fotos.photoslibrary/resources/renders/C/CB7DD449-2358-4B05-A3E4-B0A07764AA17.plist"
    ],
    "ultima_modificacion": "2025-08-01 01:00:59.174113"
  },
  "c48a30710c9d458a953ff8f1fed1c616.plist": {
    "app_sintetizada": "C48A30710C9D458A953FF8F1FED1C616.PLIST",
    "cantidad_archivos": 1,
    "archivos_fuente": [
      "Pictures/Fototeca de Fotos.photoslibrary/resources/renders/C/C48A3071-0C9D-458A-953F-F8F1FED1C616.plist"
    ],
    "ultima_modificacion": "2025-08-01 01:00:59.174294"
  },
  "c78c979adb0b4b30a582d26ea996c298.plist": {
    "app_sintetizada": "C78C979ADB0B4B30A582D26EA996C298.PLIST",
    "cantidad_archivos": 1,
    "archivos_fuente": [
      "Pictures/Fototeca de Fotos.photoslibrary/resources/renders/C/C78C979A-DB0B-4B30-A582-D26EA996C298.plist"
    ],
    "ultima_modificacion": "2025-08-01 01:00:59.174468"
  },
  "c1050c9349f64f998579943c1d930312.plist": {
    "app_sintetizada": "C1050C9349F64F998579943C1D930312.PLIST",
    "cantidad_archivos": 1,
    "archivos_fuente": [
      "Pictures/Fototeca de Fotos.photoslibrary/resources/renders/C/C1050C93-49F6-4F99-8579-943C1D930312.plist"
    ],
    "ultima_modificacion": "2025-08-01 01:00:59.174641"
  },
  "c550d9ee4bcd44d3ba309628b149b444.plist": {
    "app_sintetizada": "C550D9EE4BCD44D3BA309628B149B444.PLIST",
    "cantidad_archivos": 1,
    "archivos_fuente": [
      "Pictures/Fototeca de Fotos.photoslibrary/resources/renders/C/C550D9EE-4BCD-44D3-BA30-9628B149B444.plist"
    ],
    "ultima_modificacion": "2025-08-01 01:00:59.174809"
  },
  "c49f77fb84524f23ac8ef2946999441d.plist": {
    "app_sintetizada": "C49F77FB84524F23AC8EF2946999441D.PLIST",
    "cantidad_archivos": 1,
    "archivos_fuente": [
      "Pictures/Fototeca de Fotos.photoslibrary/resources/renders/C/C49F77FB-8452-4F23-AC8E-F2946999441D.plist"
    ],
    "ultima_modificacion": "2025-08-01 01:00:59.174985"
  },
  "c520d339beb640c7a17259c1a40199d1.plist": {
    "app_sintetizada": "C520D339BEB640C7A17259C1A40199D1.PLIST",
    "cantidad_archivos": 1,
    "archivos_fuente": [
      "Pictures/Fototeca de Fotos.photoslibrary/resources/renders/C/C520D339-BEB6-40C7-A172-59C1A40199D1.plist"
    ],
    "ultima_modificacion": "2025-08-01 01:00:59.175167"
  },
  "c2e152d8ef7b4671bf200b74abf451f2.plist": {
    "app_sintetizada": "C2E152D8EF7B4671BF200B74ABF451F2.PLIST",
    "cantidad_archivos": 1,
    "archivos_fuente": [
      "Pictures/Fototeca de Fotos.photoslibrary/resources/renders/C/C2E152D8-EF7B-4671-BF20-0B74ABF451F2.plist"
    ],
    "ultima_modificacion": "2025-08-01 01:00:59.175331"
  },
  "c471ce0eceee4d599a377ff519b92639.plist": {
    "app_sintetizada": "C471CE0ECEEE4D599A377FF519B92639.PLIST",
    "cantidad_archivos": 1,
    "archivos_fuente": [
      "Pictures/Fototeca de Fotos.photoslibrary/resources/renders/C/C471CE0E-CEEE-4D59-9A37-7FF519B92639.plist"
    ],
    "ultima_modificacion": "2025-08-01 01:00:59.175503"
  },
  "cb104b6ebe04453780c7b5765b82c461.plist": {
    "app_sintetizada": "CB104B6EBE04453780C7B5765B82C461.PLIST",
    "cantidad_archivos": 1,
    "archivos_fuente": [
      "Pictures/Fototeca de Fotos.photoslibrary/resources/renders/C/CB104B6E-BE04-4537-80C7-B5765B82C461.plist"
    ],
    "ultima_modificacion": "2025-08-01 01:00:59.175698"
  },
  "c95e1f1908ca417fb6781fedf76d8f84.plist": {
    "app_sintetizada": "C95E1F1908CA417FB6781FEDF76D8F84.PLIST",
    "cantidad_archivos": 1,
    "archivos_fuente": [
      "Pictures/Fototeca de Fotos.photoslibrary/resources/renders/C/C95E1F19-08CA-417F-B678-1FEDF76D8F84.plist"
    ],
    "ultima_modificacion": "2025-08-01 01:00:59.175909"
  },
  "cd4d6e5ae3334faeb61c74b6f61b9258.plist": {
    "app_sintetizada": "CD4D6E5AE3334FAEB61C74B6F61B9258.PLIST",
    "cantidad_archivos": 1,
    "archivos_fuente": [
      "Pictures/Fototeca de Fotos.photoslibrary/resources/renders/C/CD4D6E5A-E333-4FAE-B61C-74B6F61B9258.plist"
    ],
    "ultima_modificacion": "2025-08-01 01:00:59.176107"
  },
  "c8b47d37563544f2bdcc0d57bf41af5a.plist": {
    "app_sintetizada": "C8B47D37563544F2BDCC0D57BF41AF5A.PLIST",
    "cantidad_archivos": 1,
    "archivos_fuente": [
      "Pictures/Fototeca de Fotos.photoslibrary/resources/renders/C/C8B47D37-5635-44F2-BDCC-0D57BF41AF5A.plist"
    ],
    "ultima_modificacion": "2025-08-01 01:00:59.176398"
  },
  "cbef48d038354cc980afad747f2002a4.plist": {
    "app_sintetizada": "CBEF48D038354CC980AFAD747F2002A4.PLIST",
    "cantidad_archivos": 1,
    "archivos_fuente": [
      "Pictures/Fototeca de Fotos.photoslibrary/resources/renders/C/CBEF48D0-3835-4CC9-80AF-AD747F2002A4.plist"
    ],
    "ultima_modificacion": "2025-08-01 01:00:59.176659"
  },
  "cf96793e8a7b4c89a6c41b248209aeda.plist": {
    "app_sintetizada": "CF96793E8A7B4C89A6C41B248209AEDA.PLIST",
    "cantidad_archivos": 1,
    "archivos_fuente": [
      "Pictures/Fototeca de Fotos.photoslibrary/resources/renders/C/CF96793E-8A7B-4C89-A6C4-1B248209AEDA.plist"
    ],
    "ultima_modificacion": "2025-08-01 01:00:59.176928"
  },
  "c5c2da5131ae4f44bea689f48429b999.plist": {
    "app_sintetizada": "C5C2DA5131AE4F44BEA689F48429B999.PLIST",
    "cantidad_archivos": 1,
    "archivos_fuente": [
      "Pictures/Fototeca de Fotos.photoslibrary/resources/renders/C/C5C2DA51-31AE-4F44-BEA6-89F48429B999.plist"
    ],
    "ultima_modificacion": "2025-08-01 01:00:59.177108"
  },
  "c598136eb41f4b96a6f8e8fbc4905a15.plist": {
    "app_sintetizada": "C598136EB41F4B96A6F8E8FBC4905A15.PLIST",
    "cantidad_archivos": 1,
    "archivos_fuente": [
      "Pictures/Fototeca de Fotos.photoslibrary/resources/renders/C/C598136E-B41F-4B96-A6F8-E8FBC4905A15.plist"
    ],
    "ultima_modificacion": "2025-08-01 01:00:59.177280"
  },
  "c6dc744afbc04efbb4c60ca593e0c637.plist": {
    "app_sintetizada": "C6DC744AFBC04EFBB4C60CA593E0C637.PLIST",
    "cantidad_archivos": 1,
    "archivos_fuente": [
      "Pictures/Fototeca de Fotos.photoslibrary/resources/renders/C/C6DC744A-FBC0-4EFB-B4C6-0CA593E0C637.plist"
    ],
    "ultima_modificacion": "2025-08-01 01:00:59.177466"
  },
  "c561e66d6f854c4a8f9afb2e6ae3c983.plist": {
    "app_sintetizada": "C561E66D6F854C4A8F9AFB2E6AE3C983.PLIST",
    "cantidad_archivos": 1,
    "archivos_fuente": [
      "Pictures/Fototeca de Fotos.photoslibrary/resources/renders/C/C561E66D-6F85-4C4A-8F9A-FB2E6AE3C983.plist"
    ],
    "ultima_modificacion": "2025-08-01 01:00:59.177637"
  },
  "c39231dd7ee846a184374d5baadd1d39.plist": {
    "app_sintetizada": "C39231DD7EE846A184374D5BAADD1D39.PLIST",
    "cantidad_archivos": 1,
    "archivos_fuente": [
      "Pictures/Fototeca de Fotos.photoslibrary/resources/renders/C/C39231DD-7EE8-46A1-8437-4D5BAADD1D39.plist"
    ],
    "ultima_modificacion": "2025-08-01 01:00:59.177814"
  },
  "c6bbbbaeb4864f6eb946451bfe695451.plist": {
    "app_sintetizada": "C6BBBBAEB4864F6EB946451BFE695451.PLIST",
    "cantidad_archivos": 1,
    "archivos_fuente": [
      "Pictures/Fototeca de Fotos.photoslibrary/resources/renders/C/C6BBBBAE-B486-4F6E-B946-451BFE695451.plist"
    ],
    "ultima_modificacion": "2025-08-01 01:00:59.177987"
  },
  "ce080d5fa47c41b795808778b8116ab8.plist": {
    "app_sintetizada": "CE080D5FA47C41B795808778B8116AB8.PLIST",
    "cantidad_archivos": 1,
    "archivos_fuente": [
      "Pictures/Fototeca de Fotos.photoslibrary/resources/renders/C/CE080D5F-A47C-41B7-9580-8778B8116AB8.plist"
    ],
    "ultima_modificacion": "2025-08-01 01:00:59.178172"
  },
  "c2fccd8a63c84bbaac238e2c406bcce8.plist": {
    "app_sintetizada": "C2FCCD8A63C84BBAAC238E2C406BCCE8.PLIST",
    "cantidad_archivos": 1,
    "archivos_fuente": [
      "Pictures/Fototeca de Fotos.photoslibrary/resources/renders/C/C2FCCD8A-63C8-4BBA-AC23-8E2C406BCCE8.plist"
    ],
    "ultima_modificacion": "2025-08-01 01:00:59.178343"
  },
  "c6db26c745de4aeb8f71e387e79f0457.plist": {
    "app_sintetizada": "C6DB26C745DE4AEB8F71E387E79F0457.PLIST",
    "cantidad_archivos": 1,
    "archivos_fuente": [
      "Pictures/Fototeca de Fotos.photoslibrary/resources/renders/C/C6DB26C7-45DE-4AEB-8F71-E387E79F0457.plist"
    ],
    "ultima_modificacion": "2025-08-01 01:00:59.178516"
  },
  "ce225a8251dd475a872790f6e0d97d0a.plist": {
    "app_sintetizada": "CE225A8251DD475A872790F6E0D97D0A.PLIST",
    "cantidad_archivos": 1,
    "archivos_fuente": [
      "Pictures/Fototeca de Fotos.photoslibrary/resources/renders/C/CE225A82-51DD-475A-8727-90F6E0D97D0A.plist"
    ],
    "ultima_modificacion": "2025-08-01 01:00:59.178681"
  },
  "cae608a957f44ed08556b1970c1f457a.plist": {
    "app_sintetizada": "CAE608A957F44ED08556B1970C1F457A.PLIST",
    "cantidad_archivos": 1,
    "archivos_fuente": [
      "Pictures/Fototeca de Fotos.photoslibrary/resources/renders/C/CAE608A9-57F4-4ED0-8556-B1970C1F457A.plist"
    ],
    "ultima_modificacion": "2025-08-01 01:00:59.178854"
  },
  "c078787a19ce4784bd7fd92f3ffe73f1.plist": {
    "app_sintetizada": "C078787A19CE4784BD7FD92F3FFE73F1.PLIST",
    "cantidad_archivos": 1,
    "archivos_fuente": [
      "Pictures/Fototeca de Fotos.photoslibrary/resources/renders/C/C078787A-19CE-4784-BD7F-D92F3FFE73F1.plist"
    ],
    "ultima_modificacion": "2025-08-01 01:00:59.179023"
  },
  "c8c0c283651f41008b68e2ab56d16eb1.plist": {
    "app_sintetizada": "C8C0C283651F41008B68E2AB56D16EB1.PLIST",
    "cantidad_archivos": 1,
    "archivos_fuente": [
      "Pictures/Fototeca de Fotos.photoslibrary/resources/renders/C/C8C0C283-651F-4100-8B68-E2AB56D16EB1.plist"
    ],
    "ultima_modificacion": "2025-08-01 01:00:59.179188"
  },
  "c24ec9dff1fc4d159c2ccb9d91cecac7.plist": {
    "app_sintetizada": "C24EC9DFF1FC4D159C2CCB9D91CECAC7.PLIST",
    "cantidad_archivos": 1,
    "archivos_fuente": [
      "Pictures/Fototeca de Fotos.photoslibrary/resources/renders/C/C24EC9DF-F1FC-4D15-9C2C-CB9D91CECAC7.plist"
    ],
    "ultima_modificacion": "2025-08-01 01:00:59.179349"
  },
  "cefb0f9dbd374afd835e348b7d8e7508.plist": {
    "app_sintetizada": "CEFB0F9DBD374AFD835E348B7D8E7508.PLIST",
    "cantidad_archivos": 1,
    "archivos_fuente": [
      "Pictures/Fototeca de Fotos.photoslibrary/resources/renders/C/CEFB0F9D-BD37-4AFD-835E-348B7D8E7508.plist"
    ],
    "ultima_modificacion": "2025-08-01 01:00:59.179512"
  },
  "c2d7f4c84195485badc9a49d0808ec64.plist": {
    "app_sintetizada": "C2D7F4C84195485BADC9A49D0808EC64.PLIST",
    "cantidad_archivos": 1,
    "archivos_fuente": [
      "Pictures/Fototeca de Fotos.photoslibrary/resources/renders/C/C2D7F4C8-4195-485B-ADC9-A49D0808EC64.plist"
    ],
    "ultima_modificacion": "2025-08-01 01:00:59.179732"
  },
  "cb7215b1613e4b87b610b9c371070de9.plist": {
    "app_sintetizada": "CB7215B1613E4B87B610B9C371070DE9.PLIST",
    "cantidad_archivos": 1,
    "archivos_fuente": [
      "Pictures/Fototeca de Fotos.photoslibrary/resources/renders/C/CB7215B1-613E-4B87-B610-B9C371070DE9.plist"
    ],
    "ultima_modificacion": "2025-08-01 01:00:59.180023"
  },
  "c21d194c6e704bf28f5b92c763449aa1.plist": {
    "app_sintetizada": "C21D194C6E704BF28F5B92C763449AA1.PLIST",
    "cantidad_archivos": 1,
    "archivos_fuente": [
      "Pictures/Fototeca de Fotos.photoslibrary/resources/renders/C/C21D194C-6E70-4BF2-8F5B-92C763449AA1.plist"
    ],
    "ultima_modificacion": "2025-08-01 01:00:59.180234"
  },
  "c843b51d25fa492b95950aee9c820153.plist": {
    "app_sintetizada": "C843B51D25FA492B95950AEE9C820153.PLIST",
    "cantidad_archivos": 1,
    "archivos_fuente": [
      "Pictures/Fototeca de Fotos.photoslibrary/resources/renders/C/C843B51D-25FA-492B-9595-0AEE9C820153.plist"
    ],
    "ultima_modificacion": "2025-08-01 01:00:59.180524"
  },
  "c78ed11c9c7e4c64bd09734a4ecd7072.plist": {
    "app_sintetizada": "C78ED11C9C7E4C64BD09734A4ECD7072.PLIST",
    "cantidad_archivos": 1,
    "archivos_fuente": [
      "Pictures/Fototeca de Fotos.photoslibrary/resources/renders/C/C78ED11C-9C7E-4C64-BD09-734A4ECD7072.plist"
    ],
    "ultima_modificacion": "2025-08-01 01:00:59.180725"
  },
  "cb0cba38b8264e7c9ef48bb3cc621377.plist": {
    "app_sintetizada": "CB0CBA38B8264E7C9EF48BB3CC621377.PLIST",
    "cantidad_archivos": 1,
    "archivos_fuente": [
      "Pictures/Fototeca de Fotos.photoslibrary/resources/renders/C/CB0CBA38-B826-4E7C-9EF4-8BB3CC621377.plist"
    ],
    "ultima_modificacion": "2025-08-01 01:00:59.180935"
  },
  "ce65113f140c4c5bb9b144750ab895a7.plist": {
    "app_sintetizada": "CE65113F140C4C5BB9B144750AB895A7.PLIST",
    "cantidad_archivos": 1,
    "archivos_fuente": [
      "Pictures/Fototeca de Fotos.photoslibrary/resources/renders/C/CE65113F-140C-4C5B-B9B1-44750AB895A7.plist"
    ],
    "ultima_modificacion": "2025-08-01 01:00:59.181147"
  },
  "c77aa8d4f717443a8e5d7a710b907e86.plist": {
    "app_sintetizada": "C77AA8D4F717443A8E5D7A710B907E86.PLIST",
    "cantidad_archivos": 1,
    "archivos_fuente": [
      "Pictures/Fototeca de Fotos.photoslibrary/resources/renders/C/C77AA8D4-F717-443A-8E5D-7A710B907E86.plist"
    ],
    "ultima_modificacion": "2025-08-01 01:00:59.181325"
  },
  "cb2f0b315539442ca4f517e68a0a1362.plist": {
    "app_sintetizada": "CB2F0B315539442CA4F517E68A0A1362.PLIST",
    "cantidad_archivos": 1,
    "archivos_fuente": [
      "Pictures/Fototeca de Fotos.photoslibrary/resources/renders/C/CB2F0B31-5539-442C-A4F5-17E68A0A1362.plist"
    ],
    "ultima_modificacion": "2025-08-01 01:00:59.181498"
  },
  "c9270f27415748fb84a39fa5418fa5f1.plist": {
    "app_sintetizada": "C9270F27415748FB84A39FA5418FA5F1.PLIST",
    "cantidad_archivos": 1,
    "archivos_fuente": [
      "Pictures/Fototeca de Fotos.photoslibrary/resources/renders/C/C9270F27-4157-48FB-84A3-9FA5418FA5F1.plist"
    ],
    "ultima_modificacion": "2025-08-01 01:00:59.181697"
  },
  "c9b4d1ee34124e2193fe9292717e1f2c.plist": {
    "app_sintetizada": "C9B4D1EE34124E2193FE9292717E1F2C.PLIST",
    "cantidad_archivos": 1,
    "archivos_fuente": [
      "Pictures/Fototeca de Fotos.photoslibrary/resources/renders/C/C9B4D1EE-3412-4E21-93FE-9292717E1F2C.plist"
    ],
    "ultima_modificacion": "2025-08-01 01:00:59.181925"
  },
  "cb118967f8a54b7f8d9f96453f3f8fa2.plist": {
    "app_sintetizada": "CB118967F8A54B7F8D9F96453F3F8FA2.PLIST",
    "cantidad_archivos": 1,
    "archivos_fuente": [
      "Pictures/Fototeca de Fotos.photoslibrary/resources/renders/C/CB118967-F8A5-4B7F-8D9F-96453F3F8FA2.plist"
    ],
    "ultima_modificacion": "2025-08-01 01:00:59.182119"
  },
  "c74f24fc102f491aa1192a27d20a8d7c.plist": {
    "app_sintetizada": "C74F24FC102F491AA1192A27D20A8D7C.PLIST",
    "cantidad_archivos": 1,
    "archivos_fuente": [
      "Pictures/Fototeca de Fotos.photoslibrary/resources/renders/C/C74F24FC-102F-491A-A119-2A27D20A8D7C.plist"
    ],
    "ultima_modificacion": "2025-08-01 01:00:59.182297"
  },
  "c5af8bec623047ac9328150c6d705fb3.plist": {
    "app_sintetizada": "C5AF8BEC623047AC9328150C6D705FB3.PLIST",
    "cantidad_archivos": 1,
    "archivos_fuente": [
      "Pictures/Fototeca de Fotos.photoslibrary/resources/renders/C/C5AF8BEC-6230-47AC-9328-150C6D705FB3.plist"
    ],
    "ultima_modificacion": "2025-08-01 01:00:59.182518"
  },
  "c0f9354b914d43b7a1d139c42d3c53e4.plist": {
    "app_sintetizada": "C0F9354B914D43B7A1D139C42D3C53E4.PLIST",
    "cantidad_archivos": 1,
    "archivos_fuente": [
      "Pictures/Fototeca de Fotos.photoslibrary/resources/renders/C/C0F9354B-914D-43B7-A1D1-39C42D3C53E4.plist"
    ],
    "ultima_modificacion": "2025-08-01 01:00:59.182749"
  },
  "ceb376b390cd4929936633dce031003f.plist": {
    "app_sintetizada": "CEB376B390CD4929936633DCE031003F.PLIST",
    "cantidad_archivos": 1,
    "archivos_fuente": [
      "Pictures/Fototeca de Fotos.photoslibrary/resources/renders/C/CEB376B3-90CD-4929-9366-33DCE031003F.plist"
    ],
    "ultima_modificacion": "2025-08-01 01:00:59.182972"
  },
  "cea00dfc9f574829942893a158e752e7.plist": {
    "app_sintetizada": "CEA00DFC9F574829942893A158E752E7.PLIST",
    "cantidad_archivos": 1,
    "archivos_fuente": [
      "Pictures/Fototeca de Fotos.photoslibrary/resources/renders/C/CEA00DFC-9F57-4829-9428-93A158E752E7.plist"
    ],
    "ultima_modificacion": "2025-08-01 01:00:59.183165"
  },
  "c77fd49d8cbb45d0ab3752fe7d0b4537.plist": {
    "app_sintetizada": "C77FD49D8CBB45D0AB3752FE7D0B4537.PLIST",
    "cantidad_archivos": 1,
    "archivos_fuente": [
      "Pictures/Fototeca de Fotos.photoslibrary/resources/renders/C/C77FD49D-8CBB-45D0-AB37-52FE7D0B4537.plist"
    ],
    "ultima_modificacion": "2025-08-01 01:00:59.183354"
  },
  "ca2e5c7b83be4d3ebda2f22b7df1ac91.plist": {
    "app_sintetizada": "CA2E5C7B83BE4D3EBDA2F22B7DF1AC91.PLIST",
    "cantidad_archivos": 1,
    "archivos_fuente": [
      "Pictures/Fototeca de Fotos.photoslibrary/resources/renders/C/CA2E5C7B-83BE-4D3E-BDA2-F22B7DF1AC91.plist"
    ],
    "ultima_modificacion": "2025-08-01 01:00:59.183613"
  },
  "cdd30153c5a54009a0e064718f71b282.plist": {
    "app_sintetizada": "CDD30153C5A54009A0E064718F71B282.PLIST",
    "cantidad_archivos": 1,
    "archivos_fuente": [
      "Pictures/Fototeca de Fotos.photoslibrary/resources/renders/C/CDD30153-C5A5-4009-A0E0-64718F71B282.plist"
    ],
    "ultima_modificacion": "2025-08-01 01:00:59.183836"
  },
  "ccfdc36b4a0444c286ffc8850b7c0c89.plist": {
    "app_sintetizada": "CCFDC36B4A0444C286FFC8850B7C0C89.PLIST",
    "cantidad_archivos": 1,
    "archivos_fuente": [
      "Pictures/Fototeca de Fotos.photoslibrary/resources/renders/C/CCFDC36B-4A04-44C2-86FF-C8850B7C0C89.plist"
    ],
    "ultima_modificacion": "2025-08-01 01:00:59.184057"
  },
  "cf04288027d9477ab3b4a70cf0468546.plist": {
    "app_sintetizada": "CF04288027D9477AB3B4A70CF0468546.PLIST",
    "cantidad_archivos": 1,
    "archivos_fuente": [
      "Pictures/Fototeca de Fotos.photoslibrary/resources/renders/C/CF042880-27D9-477A-B3B4-A70CF0468546.plist"
    ],
    "ultima_modificacion": "2025-08-01 01:00:59.184286"
  },
  "ceef137787bb4a7dbbbed3d50851f37a.plist": {
    "app_sintetizada": "CEEF137787BB4A7DBBBED3D50851F37A.PLIST",
    "cantidad_archivos": 1,
    "archivos_fuente": [
      "Pictures/Fototeca de Fotos.photoslibrary/resources/renders/C/CEEF1377-87BB-4A7D-BBBE-D3D50851F37A.plist"
    ],
    "ultima_modificacion": "2025-08-01 01:00:59.184506"
  },
  "c81636e59866459fbdde0305b91b8023.plist": {
    "app_sintetizada": "C81636E59866459FBDDE0305B91B8023.PLIST",
    "cantidad_archivos": 1,
    "archivos_fuente": [
      "Pictures/Fototeca de Fotos.photoslibrary/resources/renders/C/C81636E5-9866-459F-BDDE-0305B91B8023.plist"
    ],
    "ultima_modificacion": "2025-08-01 01:00:59.184711"
  },
  "ce26ba0c5f9a44b4bc919503c189b000.plist": {
    "app_sintetizada": "CE26BA0C5F9A44B4BC919503C189B000.PLIST",
    "cantidad_archivos": 1,
    "archivos_fuente": [
      "Pictures/Fototeca de Fotos.photoslibrary/resources/renders/C/CE26BA0C-5F9A-44B4-BC91-9503C189B000.plist"
    ],
    "ultima_modificacion": "2025-08-01 01:00:59.184886"
  },
  "c6657de7d1a241c580229af4aadea0f4.plist": {
    "app_sintetizada": "C6657DE7D1A241C580229AF4AADEA0F4.PLIST",
    "cantidad_archivos": 1,
    "archivos_fuente": [
      "Pictures/Fototeca de Fotos.photoslibrary/resources/renders/C/C6657DE7-D1A2-41C5-8022-9AF4AADEA0F4.plist"
    ],
    "ultima_modificacion": "2025-08-01 01:00:59.185063"
  },
  "c28eb657b5bc400f8f258cef346dd5fe.plist": {
    "app_sintetizada": "C28EB657B5BC400F8F258CEF346DD5FE.PLIST",
    "cantidad_archivos": 1,
    "archivos_fuente": [
      "Pictures/Fototeca de Fotos.photoslibrary/resources/renders/C/C28EB657-B5BC-400F-8F25-8CEF346DD5FE.plist"
    ],
    "ultima_modificacion": "2025-08-01 01:00:59.185233"
  },
  "cb304b8f5e564895849e46353591e778.plist": {
    "app_sintetizada": "CB304B8F5E564895849E46353591E778.PLIST",
    "cantidad_archivos": 1,
    "archivos_fuente": [
      "Pictures/Fototeca de Fotos.photoslibrary/resources/renders/C/CB304B8F-5E56-4895-849E-46353591E778.plist"
    ],
    "ultima_modificacion": "2025-08-01 01:00:59.185411"
  },
  "c2d5941ae1534d37bfc5539e11887a0d.plist": {
    "app_sintetizada": "C2D5941AE1534D37BFC5539E11887A0D.PLIST",
    "cantidad_archivos": 1,
    "archivos_fuente": [
      "Pictures/Fototeca de Fotos.photoslibrary/resources/renders/C/C2D5941A-E153-4D37-BFC5-539E11887A0D.plist"
    ],
    "ultima_modificacion": "2025-08-01 01:00:59.185642"
  },
  "c7b26845ba3541c19b57f001c3f18a37.plist": {
    "app_sintetizada": "C7B26845BA3541C19B57F001C3F18A37.PLIST",
    "cantidad_archivos": 1,
    "archivos_fuente": [
      "Pictures/Fototeca de Fotos.photoslibrary/resources/renders/C/C7B26845-BA35-41C1-9B57-F001C3F18A37.plist"
    ],
    "ultima_modificacion": "2025-08-01 01:00:59.185890"
  },
  "c56b7c82580d402faff8f36b4795e0a5.plist": {
    "app_sintetizada": "C56B7C82580D402FAFF8F36B4795E0A5.PLIST",
    "cantidad_archivos": 1,
    "archivos_fuente": [
      "Pictures/Fototeca de Fotos.photoslibrary/resources/renders/C/C56B7C82-580D-402F-AFF8-F36B4795E0A5.plist"
    ],
    "ultima_modificacion": "2025-08-01 01:00:59.186157"
  },
  "c3e659b2edbc4d09b2953b599c9de302.plist": {
    "app_sintetizada": "C3E659B2EDBC4D09B2953B599C9DE302.PLIST",
    "cantidad_archivos": 1,
    "archivos_fuente": [
      "Pictures/Fototeca de Fotos.photoslibrary/resources/renders/C/C3E659B2-EDBC-4D09-B295-3B599C9DE302.plist"
    ],
    "ultima_modificacion": "2025-08-01 01:00:59.186442"
  },
  "c7b05da7eec74acea8808e183902fe95.plist": {
    "app_sintetizada": "C7B05DA7EEC74ACEA8808E183902FE95.PLIST",
    "cantidad_archivos": 1,
    "archivos_fuente": [
      "Pictures/Fototeca de Fotos.photoslibrary/resources/renders/C/C7B05DA7-EEC7-4ACE-A880-8E183902FE95.plist"
    ],
    "ultima_modificacion": "2025-08-01 01:00:59.186706"
  },
  "cd6e075058484075a17ced417eacef17.plist": {
    "app_sintetizada": "CD6E075058484075A17CED417EACEF17.PLIST",
    "cantidad_archivos": 1,
    "archivos_fuente": [
      "Pictures/Fototeca de Fotos.photoslibrary/resources/renders/C/CD6E0750-5848-4075-A17C-ED417EACEF17.plist"
    ],
    "ultima_modificacion": "2025-08-01 01:00:59.186980"
  },
  "cbdb9e56130847378348e859c04a15a3.plist": {
    "app_sintetizada": "CBDB9E56130847378348E859C04A15A3.PLIST",
    "cantidad_archivos": 1,
    "archivos_fuente": [
      "Pictures/Fototeca de Fotos.photoslibrary/resources/renders/C/CBDB9E56-1308-4737-8348-E859C04A15A3.plist"
    ],
    "ultima_modificacion": "2025-08-01 01:00:59.187284"
  }
}