{
  "fbb7eae1eace4325b699978b55bb25f7.plist": {
    "app_sintetizada": "FBB7EAE1EACE4325B699978B55BB25F7.PLIST",
    "cantidad_archivos": 1,
    "archivos_fuente": [
      "Pictures/Fototeca de Fotos.photoslibrary/resources/renders/F/FBB7EAE1-EACE-4325-B699-978B55BB25F7.plist"
    ],
    "ultima_modificacion": "2025-08-01 01:00:59.119694"
  },
  "f44847310e894dd681d606c578e63d7a.plist": {
    "app_sintetizada": "F44847310E894DD681D606C578E63D7A.PLIST",
    "cantidad_archivos": 1,
    "archivos_fuente": [
      "Pictures/Fototeca de Fotos.photoslibrary/resources/renders/F/F4484731-0E89-4DD6-81D6-06C578E63D7A.plist"
    ],
    "ultima_modificacion": "2025-08-01 01:00:59.119936"
  },
  "fcd4b470c2954c00b08e3fbb2f099b90.plist": {
    "app_sintetizada": "FCD4B470C2954C00B08E3FBB2F099B90.PLIST",
    "cantidad_archivos": 1,
    "archivos_fuente": [
      "Pictures/Fototeca de Fotos.photoslibrary/resources/renders/F/FCD4B470-C295-4C00-B08E-3FBB2F099B90.plist"
    ],
    "ultima_modificacion": "2025-08-01 01:00:59.120120"
  },
  "fb3d8c132e674c39bb95d5f0ca1b049e.plist": {
    "app_sintetizada": "FB3D8C132E674C39BB95D5F0CA1B049E.PLIST",
    "cantidad_archivos": 1,
    "archivos_fuente": [
      "Pictures/Fototeca de Fotos.photoslibrary/resources/renders/F/FB3D8C13-2E67-4C39-BB95-D5F0CA1B049E.plist"
    ],
    "ultima_modificacion": "2025-08-01 01:00:59.120299"
  },
  "f082a3c2081342a29d8a0964c6837ae8.plist": {
    "app_sintetizada": "F082A3C2081342A29D8A0964C6837AE8.PLIST",
    "cantidad_archivos": 1,
    "archivos_fuente": [
      "Pictures/Fototeca de Fotos.photoslibrary/resources/renders/F/F082A3C2-0813-42A2-9D8A-0964C6837AE8.plist"
    ],
    "ultima_modificacion": "2025-08-01 01:00:59.120482"
  },
  "fffc4bf4fd9444ffbc1f66391d0a22d3.plist": {
    "app_sintetizada": "FFFC4BF4FD9444FFBC1F66391D0A22D3.PLIST",
    "cantidad_archivos": 1,
    "archivos_fuente": [
      "Pictures/Fototeca de Fotos.photoslibrary/resources/renders/F/FFFC4BF4-FD94-44FF-BC1F-66391D0A22D3.plist"
    ],
    "ultima_modificacion": "2025-08-01 01:00:59.120662"
  },
  "fd9c0b6fca6f4fb0ace01cd0eaa2166c.plist": {
    "app_sintetizada": "FD9C0B6FCA6F4FB0ACE01CD0EAA2166C.PLIST",
    "cantidad_archivos": 1,
    "archivos_fuente": [
      "Pictures/Fototeca de Fotos.photoslibrary/resources/renders/F/FD9C0B6F-CA6F-4FB0-ACE0-1CD0EAA2166C.plist"
    ],
    "ultima_modificacion": "2025-08-01 01:00:59.120841"
  },
  "f73242f973394ecf97b53438551e046c.plist": {
    "app_sintetizada": "F73242F973394ECF97B53438551E046C.PLIST",
    "cantidad_archivos": 1,
    "archivos_fuente": [
      "Pictures/Fototeca de Fotos.photoslibrary/resources/renders/F/F73242F9-7339-4ECF-97B5-3438551E046C.plist"
    ],
    "ultima_modificacion": "2025-08-01 01:00:59.121077"
  },
  "f9b13fbf85044aa9a06c073bdf3966d7.plist": {
    "app_sintetizada": "F9B13FBF85044AA9A06C073BDF3966D7.PLIST",
    "cantidad_archivos": 1,
    "archivos_fuente": [
      "Pictures/Fototeca de Fotos.photoslibrary/resources/renders/F/F9B13FBF-8504-4AA9-A06C-073BDF3966D7.plist"
    ],
    "ultima_modificacion": "2025-08-01 01:00:59.121330"
  },
  "fb50034c74274cc6a0ddaaaa40634e03.plist": {
    "app_sintetizada": "FB50034C74274CC6A0DDAAAA40634E03.PLIST",
    "cantidad_archivos": 1,
    "archivos_fuente": [
      "Pictures/Fototeca de Fotos.photoslibrary/resources/renders/F/FB50034C-7427-4CC6-A0DD-AAAA40634E03.plist"
    ],
    "ultima_modificacion": "2025-08-01 01:00:59.121610"
  },
  "fab6935a17714c19a797a64353e33e70.plist": {
    "app_sintetizada": "FAB6935A17714C19A797A64353E33E70.PLIST",
    "cantidad_archivos": 1,
    "archivos_fuente": [
      "Pictures/Fototeca de Fotos.photoslibrary/resources/renders/F/FAB6935A-1771-4C19-A797-A64353E33E70.plist"
    ],
    "ultima_modificacion": "2025-08-01 01:00:59.121839"
  },
  "fb7b69d6325d4a3db2ef54beb58f19ee.plist": {
    "app_sintetizada": "FB7B69D6325D4A3DB2EF54BEB58F19EE.PLIST",
    "cantidad_archivos": 1,
    "archivos_fuente": [
      "Pictures/Fototeca de Fotos.photoslibrary/resources/renders/F/FB7B69D6-325D-4A3D-B2EF-54BEB58F19EE.plist"
    ],
    "ultima_modificacion": "2025-08-01 01:00:59.122058"
  },
  "fc9bb7cf98cc43c89bd9acfa021315df.plist": {
    "app_sintetizada": "FC9BB7CF98CC43C89BD9ACFA021315DF.PLIST",
    "cantidad_archivos": 1,
    "archivos_fuente": [
      "Pictures/Fototeca de Fotos.photoslibrary/resources/renders/F/FC9BB7CF-98CC-43C8-9BD9-ACFA021315DF.plist"
    ],
    "ultima_modificacion": "2025-08-01 01:00:59.122311"
  },
  "f10f0eb027b645b88557724a15c91f53.plist": {
    "app_sintetizada": "F10F0EB027B645B88557724A15C91F53.PLIST",
    "cantidad_archivos": 1,
    "archivos_fuente": [
      "Pictures/Fototeca de Fotos.photoslibrary/resources/renders/F/F10F0EB0-27B6-45B8-8557-724A15C91F53.plist"
    ],
    "ultima_modificacion": "2025-08-01 01:00:59.122510"
  },
  "fb20b4d4af884a32b4e86072709773c9.plist": {
    "app_sintetizada": "FB20B4D4AF884A32B4E86072709773C9.PLIST",
    "cantidad_archivos": 1,
    "archivos_fuente": [
      "Pictures/Fototeca de Fotos.photoslibrary/resources/renders/F/FB20B4D4-AF88-4A32-B4E8-6072709773C9.plist"
    ],
    "ultima_modificacion": "2025-08-01 01:00:59.122715"
  },
  "fcc2d00f39cf450a892e5f629e625b8f.plist": {
    "app_sintetizada": "FCC2D00F39CF450A892E5F629E625B8F.PLIST",
    "cantidad_archivos": 1,
    "archivos_fuente": [
      "Pictures/Fototeca de Fotos.photoslibrary/resources/renders/F/FCC2D00F-39CF-450A-892E-5F629E625B8F.plist"
    ],
    "ultima_modificacion": "2025-08-01 01:00:59.122972"
  },
  "f4006137f73844879546396b1274b30d.plist": {
    "app_sintetizada": "F4006137F73844879546396B1274B30D.PLIST",
    "cantidad_archivos": 1,
    "archivos_fuente": [
      "Pictures/Fototeca de Fotos.photoslibrary/resources/renders/F/F4006137-F738-4487-9546-396B1274B30D.plist"
    ],
    "ultima_modificacion": "2025-08-01 01:00:59.123194"
  },
  "ffa47ae806794feeaa575be5517deb22.plist": {
    "app_sintetizada": "FFA47AE806794FEEAA575BE5517DEB22.PLIST",
    "cantidad_archivos": 1,
    "archivos_fuente": [
      "Pictures/Fototeca de Fotos.photoslibrary/resources/renders/F/FFA47AE8-0679-4FEE-AA57-5BE5517DEB22.plist"
    ],
    "ultima_modificacion": "2025-08-01 01:00:59.123402"
  },
  "f9b1e15513c34944a7dffd5056931150.plist": {
    "app_sintetizada": "F9B1E15513C34944A7DFFD5056931150.PLIST",
    "cantidad_archivos": 1,
    "archivos_fuente": [
      "Pictures/Fototeca de Fotos.photoslibrary/resources/renders/F/F9B1E155-13C3-4944-A7DF-FD5056931150.plist"
    ],
    "ultima_modificacion": "2025-08-01 01:00:59.123656"
  },
  "f54fd67d1a164ba0809dcba52817a7fc.plist": {
    "app_sintetizada": "F54FD67D1A164BA0809DCBA52817A7FC.PLIST",
    "cantidad_archivos": 1,
    "archivos_fuente": [
      "Pictures/Fototeca de Fotos.photoslibrary/resources/renders/F/F54FD67D-1A16-4BA0-809D-CBA52817A7FC.plist"
    ],
    "ultima_modificacion": "2025-08-01 01:00:59.123835"
  },
  "f629f6b241614514bedbf08b3a4419bb.plist": {
    "app_sintetizada": "F629F6B241614514BEDBF08B3A4419BB.PLIST",
    "cantidad_archivos": 1,
    "archivos_fuente": [
      "Pictures/Fototeca de Fotos.photoslibrary/resources/renders/F/F629F6B2-4161-4514-BEDB-F08B3A4419BB.plist"
    ],
    "ultima_modificacion": "2025-08-01 01:00:59.124006"
  },
  "f5a800bfe6d44823bea9b691e25012af.plist": {
    "app_sintetizada": "F5A800BFE6D44823BEA9B691E25012AF.PLIST",
    "cantidad_archivos": 1,
    "archivos_fuente": [
      "Pictures/Fototeca de Fotos.photoslibrary/resources/renders/F/F5A800BF-E6D4-4823-BEA9-B691E25012AF.plist"
    ],
    "ultima_modificacion": "2025-08-01 01:00:59.124175"
  },
  "f25e9ea890884b6e9d6713072f5361b0.plist": {
    "app_sintetizada": "F25E9EA890884B6E9D6713072F5361B0.PLIST",
    "cantidad_archivos": 1,
    "archivos_fuente": [
      "Pictures/Fototeca de Fotos.photoslibrary/resources/renders/F/F25E9EA8-9088-4B6E-9D67-13072F5361B0.plist"
    ],
    "ultima_modificacion": "2025-08-01 01:00:59.124350"
  },
  "f1d80ff656404b21ad34a37c6d707508.plist": {
    "app_sintetizada": "F1D80FF656404B21AD34A37C6D707508.PLIST",
    "cantidad_archivos": 1,
    "archivos_fuente": [
      "Pictures/Fototeca de Fotos.photoslibrary/resources/renders/F/F1D80FF6-5640-4B21-AD34-A37C6D707508.plist"
    ],
    "ultima_modificacion": "2025-08-01 01:00:59.124522"
  },
  "f2f2b0adccc0438590db58a5a4276cf6.plist": {
    "app_sintetizada": "F2F2B0ADCCC0438590DB58A5A4276CF6.PLIST",
    "cantidad_archivos": 1,
    "archivos_fuente": [
      "Pictures/Fototeca de Fotos.photoslibrary/resources/renders/F/F2F2B0AD-CCC0-4385-90DB-58A5A4276CF6.plist"
    ],
    "ultima_modificacion": "2025-08-01 01:00:59.124690"
  },
  "f2c325bcc4734a568c8d8a06ba97e546.plist": {
    "app_sintetizada": "F2C325BCC4734A568C8D8A06BA97E546.PLIST",
    "cantidad_archivos": 1,
    "archivos_fuente": [
      "Pictures/Fototeca de Fotos.photoslibrary/resources/renders/F/F2C325BC-C473-4A56-8C8D-8A06BA97E546.plist"
    ],
    "ultima_modificacion": "2025-08-01 01:00:59.124913"
  },
  "f679f89c81e6483a9bf8edc4db947609.plist": {
    "app_sintetizada": "F679F89C81E6483A9BF8EDC4DB947609.PLIST",
    "cantidad_archivos": 1,
    "archivos_fuente": [
      "Pictures/Fototeca de Fotos.photoslibrary/resources/renders/F/F679F89C-81E6-483A-9BF8-EDC4DB947609.plist"
    ],
    "ultima_modificacion": "2025-08-01 01:00:59.125205"
  },
  "f531d03007ff41f588c4f63e37b13c30.plist": {
    "app_sintetizada": "F531D03007FF41F588C4F63E37B13C30.PLIST",
    "cantidad_archivos": 1,
    "archivos_fuente": [
      "Pictures/Fototeca de Fotos.photoslibrary/resources/renders/F/F531D030-07FF-41F5-88C4-F63E37B13C30.plist"
    ],
    "ultima_modificacion": "2025-08-01 01:00:59.125436"
  },
  "f3040f096122481a8e15fd07c424825d.plist": {
    "app_sintetizada": "F3040F096122481A8E15FD07C424825D.PLIST",
    "cantidad_archivos": 1,
    "archivos_fuente": [
      "Pictures/Fototeca de Fotos.photoslibrary/resources/renders/F/F3040F09-6122-481A-8E15-FD07C424825D.plist"
    ],
    "ultima_modificacion": "2025-08-01 01:00:59.125694"
  },
  "fc34c7e4ef5647ee9905769a9ee77761.plist": {
    "app_sintetizada": "FC34C7E4EF5647EE9905769A9EE77761.PLIST",
    "cantidad_archivos": 1,
    "archivos_fuente": [
      "Pictures/Fototeca de Fotos.photoslibrary/resources/renders/F/FC34C7E4-EF56-47EE-9905-769A9EE77761.plist"
    ],
    "ultima_modificacion": "2025-08-01 01:00:59.125894"
  },
  "fda3c7134a6a4c0eb1fde5c5db6b3a52.plist": {
    "app_sintetizada": "FDA3C7134A6A4C0EB1FDE5C5DB6B3A52.PLIST",
    "cantidad_archivos": 1,
    "archivos_fuente": [
      "Pictures/Fototeca de Fotos.photoslibrary/resources/renders/F/FDA3C713-4A6A-4C0E-B1FD-E5C5DB6B3A52.plist"
    ],
    "ultima_modificacion": "2025-08-01 01:00:59.126084"
  },
  "fe89c804bae64813bd18ca21aa0a0d5b.plist": {
    "app_sintetizada": "FE89C804BAE64813BD18CA21AA0A0D5B.PLIST",
    "cantidad_archivos": 1,
    "archivos_fuente": [
      "Pictures/Fototeca de Fotos.photoslibrary/resources/renders/F/FE89C804-BAE6-4813-BD18-CA21AA0A0D5B.plist"
    ],
    "ultima_modificacion": "2025-08-01 01:00:59.126262"
  },
  "f4f65cd743114981bdfc8c691183d41d.plist": {
    "app_sintetizada": "F4F65CD743114981BDFC8C691183D41D.PLIST",
    "cantidad_archivos": 1,
    "archivos_fuente": [
      "Pictures/Fototeca de Fotos.photoslibrary/resources/renders/F/F4F65CD7-4311-4981-BDFC-8C691183D41D.plist"
    ],
    "ultima_modificacion": "2025-08-01 01:00:59.126470"
  },
  "f12f3888a69d4fd4894d6169be30ba24.plist": {
    "app_sintetizada": "F12F3888A69D4FD4894D6169BE30BA24.PLIST",
    "cantidad_archivos": 1,
    "archivos_fuente": [
      "Pictures/Fototeca de Fotos.photoslibrary/resources/renders/F/F12F3888-A69D-4FD4-894D-6169BE30BA24.plist"
    ],
    "ultima_modificacion": "2025-08-01 01:00:59.126762"
  },
  "f42e63fbf76e47f9932a364cf44bc611.plist": {
    "app_sintetizada": "F42E63FBF76E47F9932A364CF44BC611.PLIST",
    "cantidad_archivos": 1,
    "archivos_fuente": [
      "Pictures/Fototeca de Fotos.photoslibrary/resources/renders/F/F42E63FB-F76E-47F9-932A-364CF44BC611.plist"
    ],
    "ultima_modificacion": "2025-08-01 01:00:59.126962"
  },
  "f4b30961fa70453faf44c580dcc1e687.plist": {
    "app_sintetizada": "F4B30961FA70453FAF44C580DCC1E687.PLIST",
    "cantidad_archivos": 1,
    "archivos_fuente": [
      "Pictures/Fototeca de Fotos.photoslibrary/resources/renders/F/F4B30961-FA70-453F-AF44-C580DCC1E687.plist"
    ],
    "ultima_modificacion": "2025-08-01 01:00:59.127175"
  },
  "f9da3d21df5244f8a7d741e4a568846e.plist": {
    "app_sintetizada": "F9DA3D21DF5244F8A7D741E4A568846E.PLIST",
    "cantidad_archivos": 1,
    "archivos_fuente": [
      "Pictures/Fototeca de Fotos.photoslibrary/resources/renders/F/F9DA3D21-DF52-44F8-A7D7-41E4A568846E.plist"
    ],
    "ultima_modificacion": "2025-08-01 01:00:59.127407"
  },
  "f0e5596579294fa088adb062f7e27a9d.plist": {
    "app_sintetizada": "F0E5596579294FA088ADB062F7E27A9D.PLIST",
    "cantidad_archivos": 1,
    "archivos_fuente": [
      "Pictures/Fototeca de Fotos.photoslibrary/resources/renders/F/F0E55965-7929-4FA0-88AD-B062F7E27A9D.plist"
    ],
    "ultima_modificacion": "2025-08-01 01:00:59.127588"
  },
  "fdc984a3dd2b40cc8fd7caa980fa04a0.plist": {
    "app_sintetizada": "FDC984A3DD2B40CC8FD7CAA980FA04A0.PLIST",
    "cantidad_archivos": 1,
    "archivos_fuente": [
      "Pictures/Fototeca de Fotos.photoslibrary/resources/renders/F/FDC984A3-DD2B-40CC-8FD7-CAA980FA04A0.plist"
    ],
    "ultima_modificacion": "2025-08-01 01:00:59.127761"
  },
  "faf1f34f544541dea3675bf011ab9e5b.plist": {
    "app_sintetizada": "FAF1F34F544541DEA3675BF011AB9E5B.PLIST",
    "cantidad_archivos": 1,
    "archivos_fuente": [
      "Pictures/Fototeca de Fotos.photoslibrary/resources/renders/F/FAF1F34F-5445-41DE-A367-5BF011AB9E5B.plist"
    ],
    "ultima_modificacion": "2025-08-01 01:00:59.127933"
  },
  "fd47a5f8875f447cb6810108922cfbe1.plist": {
    "app_sintetizada": "FD47A5F8875F447CB6810108922CFBE1.PLIST",
    "cantidad_archivos": 1,
    "archivos_fuente": [
      "Pictures/Fototeca de Fotos.photoslibrary/resources/renders/F/FD47A5F8-875F-447C-B681-0108922CFBE1.plist"
    ],
    "ultima_modificacion": "2025-08-01 01:00:59.128099"
  },
  "f27e0e4c00064fbebd9924c5fb5e3ee4.plist": {
    "app_sintetizada": "F27E0E4C00064FBEBD9924C5FB5E3EE4.PLIST",
    "cantidad_archivos": 1,
    "archivos_fuente": [
      "Pictures/Fototeca de Fotos.photoslibrary/resources/renders/F/F27E0E4C-0006-4FBE-BD99-24C5FB5E3EE4.plist"
    ],
    "ultima_modificacion": "2025-08-01 01:00:59.128266"
  },
  "f5b449c2b86140a48034e1dffd92dbb5.plist": {
    "app_sintetizada": "F5B449C2B86140A48034E1DFFD92DBB5.PLIST",
    "cantidad_archivos": 1,
    "archivos_fuente": [
      "Pictures/Fototeca de Fotos.photoslibrary/resources/renders/F/F5B449C2-B861-40A4-8034-E1DFFD92DBB5.plist"
    ],
    "ultima_modificacion": "2025-08-01 01:00:59.128496"
  },
  "f834f93c68da4baab182459429f775ec.plist": {
    "app_sintetizada": "F834F93C68DA4BAAB182459429F775EC.PLIST",
    "cantidad_archivos": 1,
    "archivos_fuente": [
      "Pictures/Fototeca de Fotos.photoslibrary/resources/renders/F/F834F93C-68DA-4BAA-B182-459429F775EC.plist"
    ],
    "ultima_modificacion": "2025-08-01 01:00:59.128777"
  },
  "ff5233681f2a4ecf9793aaacb5ee15af.plist": {
    "app_sintetizada": "FF5233681F2A4ECF9793AAACB5EE15AF.PLIST",
    "cantidad_archivos": 1,
    "archivos_fuente": [
      "Pictures/Fototeca de Fotos.photoslibrary/resources/renders/F/FF523368-1F2A-4ECF-9793-AAACB5EE15AF.plist"
    ],
    "ultima_modificacion": "2025-08-01 01:00:59.128976"
  },
  "f837bdceb7144228b0f0a093b307a746.plist": {
    "app_sintetizada": "F837BDCEB7144228B0F0A093B307A746.PLIST",
    "cantidad_archivos": 1,
    "archivos_fuente": [
      "Pictures/Fototeca de Fotos.photoslibrary/resources/renders/F/F837BDCE-B714-4228-B0F0-A093B307A746.plist"
    ],
    "ultima_modificacion": "2025-08-01 01:00:59.129169"
  },
  "f3e347312d6244269dc1e03e43bc09f1.plist": {
    "app_sintetizada": "F3E347312D6244269DC1E03E43BC09F1.PLIST",
    "cantidad_archivos": 1,
    "archivos_fuente": [
      "Pictures/Fototeca de Fotos.photoslibrary/resources/renders/F/F3E34731-2D62-4426-9DC1-E03E43BC09F1.plist"
    ],
    "ultima_modificacion": "2025-08-01 01:00:59.129360"
  },
  "f53141a98c394fab9ac2f6ff23e1f460.plist": {
    "app_sintetizada": "F53141A98C394FAB9AC2F6FF23E1F460.PLIST",
    "cantidad_archivos": 1,
    "archivos_fuente": [
      "Pictures/Fototeca de Fotos.photoslibrary/resources/renders/F/F53141A9-8C39-4FAB-9AC2-F6FF23E1F460.plist"
    ],
    "ultima_modificacion": "2025-08-01 01:00:59.129587"
  },
  "fa83788b9b6244958cf092798d070eb1.plist": {
    "app_sintetizada": "FA83788B9B6244958CF092798D070EB1.PLIST",
    "cantidad_archivos": 1,
    "archivos_fuente": [
      "Pictures/Fototeca de Fotos.photoslibrary/resources/renders/F/FA83788B-9B62-4495-8CF0-92798D070EB1.plist"
    ],
    "ultima_modificacion": "2025-08-01 01:00:59.129771"
  },
  "f38cf5e218af4dd79d85cbe60de92e46.plist": {
    "app_sintetizada": "F38CF5E218AF4DD79D85CBE60DE92E46.PLIST",
    "cantidad_archivos": 1,
    "archivos_fuente": [
      "Pictures/Fototeca de Fotos.photoslibrary/resources/renders/F/F38CF5E2-18AF-4DD7-9D85-CBE60DE92E46.plist"
    ],
    "ultima_modificacion": "2025-08-01 01:00:59.129972"
  },
  "f5a09f219dcb4f01aaffc673b9302966.plist": {
    "app_sintetizada": "F5A09F219DCB4F01AAFFC673B9302966.PLIST",
    "cantidad_archivos": 1,
    "archivos_fuente": [
      "Pictures/Fototeca de Fotos.photoslibrary/resources/renders/F/F5A09F21-9DCB-4F01-AAFF-C673B9302966.plist"
    ],
    "ultima_modificacion": "2025-08-01 01:00:59.130262"
  },
  "f8edf656af8f46a1989369e9a470425f.plist": {
    "app_sintetizada": "F8EDF656AF8F46A1989369E9A470425F.PLIST",
    "cantidad_archivos": 1,
    "archivos_fuente": [
      "Pictures/Fototeca de Fotos.photoslibrary/resources/renders/F/F8EDF656-AF8F-46A1-9893-69E9A470425F.plist"
    ],
    "ultima_modificacion": "2025-08-01 01:00:59.130465"
  },
  "f3c9433d6a7d4da782b3fa5fca9905d2.plist": {
    "app_sintetizada": "F3C9433D6A7D4DA782B3FA5FCA9905D2.PLIST",
    "cantidad_archivos": 1,
    "archivos_fuente": [
      "Pictures/Fototeca de Fotos.photoslibrary/resources/renders/F/F3C9433D-6A7D-4DA7-82B3-FA5FCA9905D2.plist"
    ],
    "ultima_modificacion": "2025-08-01 01:00:59.130675"
  },
  "f4b239d8266d446c8817ef3a64cc6f70.plist": {
    "app_sintetizada": "F4B239D8266D446C8817EF3A64CC6F70.PLIST",
    "cantidad_archivos": 1,
    "archivos_fuente": [
      "Pictures/Fototeca de Fotos.photoslibrary/resources/renders/F/F4B239D8-266D-446C-8817-EF3A64CC6F70.plist"
    ],
    "ultima_modificacion": "2025-08-01 01:00:59.130877"
  },
  "f462dc91ff6d4dd597b6643233af9236.plist": {
    "app_sintetizada": "F462DC91FF6D4DD597B6643233AF9236.PLIST",
    "cantidad_archivos": 1,
    "archivos_fuente": [
      "Pictures/Fototeca de Fotos.photoslibrary/resources/renders/F/F462DC91-FF6D-4DD5-97B6-643233AF9236.plist"
    ],
    "ultima_modificacion": "2025-08-01 01:00:59.131055"
  },
  "f3b6a734e53240658bf2bef5c6cdda14.plist": {
    "app_sintetizada": "F3B6A734E53240658BF2BEF5C6CDDA14.PLIST",
    "cantidad_archivos": 1,
    "archivos_fuente": [
      "Pictures/Fototeca de Fotos.photoslibrary/resources/renders/F/F3B6A734-E532-4065-8BF2-BEF5C6CDDA14.plist"
    ],
    "ultima_modificacion": "2025-08-01 01:00:59.131236"
  },
  "f6d5cec74f6a4929933348a3b335b2ca.plist": {
    "app_sintetizada": "F6D5CEC74F6A4929933348A3B335B2CA.PLIST",
    "cantidad_archivos": 1,
    "archivos_fuente": [
      "Pictures/Fototeca de Fotos.photoslibrary/resources/renders/F/F6D5CEC7-4F6A-4929-9333-48A3B335B2CA.plist"
    ],
    "ultima_modificacion": "2025-08-01 01:00:59.131444"
  },
  "fc8e6332732444f3a63f25031a325e06.plist": {
    "app_sintetizada": "FC8E6332732444F3A63F25031A325E06.PLIST",
    "cantidad_archivos": 1,
    "archivos_fuente": [
      "Pictures/Fototeca de Fotos.photoslibrary/resources/renders/F/FC8E6332-7324-44F3-A63F-25031A325E06.plist"
    ],
    "ultima_modificacion": "2025-08-01 01:00:59.131660"
  },
  "fb3f31d53f88492fa42f34d1e96f234b.plist": {
    "app_sintetizada": "FB3F31D53F88492FA42F34D1E96F234B.PLIST",
    "cantidad_archivos": 1,
    "archivos_fuente": [
      "Pictures/Fototeca de Fotos.photoslibrary/resources/renders/F/FB3F31D5-3F88-492F-A42F-34D1E96F234B.plist"
    ],
    "ultima_modificacion": "2025-08-01 01:00:59.131830"
  },
  "f7bb315244894ffe8430f4db5e3e788b.plist": {
    "app_sintetizada": "F7BB315244894FFE8430F4DB5E3E788B.PLIST",
    "cantidad_archivos": 1,
    "archivos_fuente": [
      "Pictures/Fototeca de Fotos.photoslibrary/resources/renders/F/F7BB3152-4489-4FFE-8430-F4DB5E3E788B.plist"
    ],
    "ultima_modificacion": "2025-08-01 01:00:59.132052"
  },
  "fe64bdad110e44de8a812ee2adfa6fd6.plist": {
    "app_sintetizada": "FE64BDAD110E44DE8A812EE2ADFA6FD6.PLIST",
    "cantidad_archivos": 1,
    "archivos_fuente": [
      "Pictures/Fototeca de Fotos.photoslibrary/resources/renders/F/FE64BDAD-110E-44DE-8A81-2EE2ADFA6FD6.plist"
    ],
    "ultima_modificacion": "2025-08-01 01:00:59.132312"
  },
  "f3bc5343df8d48e1a48735f88e226bf8.plist": {
    "app_sintetizada": "F3BC5343DF8D48E1A48735F88E226BF8.PLIST",
    "cantidad_archivos": 1,
    "archivos_fuente": [
      "Pictures/Fototeca de Fotos.photoslibrary/resources/renders/F/F3BC5343-DF8D-48E1-A487-35F88E226BF8.plist"
    ],
    "ultima_modificacion": "2025-08-01 01:00:59.132534"
  },
  "ff82d40e8f884af09465767630ab4c37.plist": {
    "app_sintetizada": "FF82D40E8F884AF09465767630AB4C37.PLIST",
    "cantidad_archivos": 1,
    "archivos_fuente": [
      "Pictures/Fototeca de Fotos.photoslibrary/resources/renders/F/FF82D40E-8F88-4AF0-9465-767630AB4C37.plist"
    ],
    "ultima_modificacion": "2025-08-01 01:00:59.132719"
  },
  "fd668b3b15824a96a4d7265793acee19.plist": {
    "app_sintetizada": "FD668B3B15824A96A4D7265793ACEE19.PLIST",
    "cantidad_archivos": 1,
    "archivos_fuente": [
      "Pictures/Fototeca de Fotos.photoslibrary/resources/renders/F/FD668B3B-1582-4A96-A4D7-265793ACEE19.plist"
    ],
    "ultima_modificacion": "2025-08-01 01:00:59.132963"
  },
  "f02cfe75e73d4b85b8f2a9f75d307817.plist": {
    "app_sintetizada": "F02CFE75E73D4B85B8F2A9F75D307817.PLIST",
    "cantidad_archivos": 1,
    "archivos_fuente": [
      "Pictures/Fototeca de Fotos.photoslibrary/resources/renders/F/F02CFE75-E73D-4B85-B8F2-A9F75D307817.plist"
    ],
    "ultima_modificacion": "2025-08-01 01:00:59.133167"
  },
  "ffc7f028561b4176b2c7ea51cc3d6450.plist": {
    "app_sintetizada": "FFC7F028561B4176B2C7EA51CC3D6450.PLIST",
    "cantidad_archivos": 1,
    "archivos_fuente": [
      "Pictures/Fototeca de Fotos.photoslibrary/resources/renders/F/FFC7F028-561B-4176-B2C7-EA51CC3D6450.plist"
    ],
    "ultima_modificacion": "2025-08-01 01:00:59.133373"
  },
  "faff42b0a3084f06b836956b4acd3b48.plist": {
    "app_sintetizada": "FAFF42B0A3084F06B836956B4ACD3B48.PLIST",
    "cantidad_archivos": 1,
    "archivos_fuente": [
      "Pictures/Fototeca de Fotos.photoslibrary/resources/renders/F/FAFF42B0-A308-4F06-B836-956B4ACD3B48.plist"
    ],
    "ultima_modificacion": "2025-08-01 01:00:59.133570"
  },
  "ffac565e480744cabc2f8842e7bc9c09.plist": {
    "app_sintetizada": "FFAC565E480744CABC2F8842E7BC9C09.PLIST",
    "cantidad_archivos": 1,
    "archivos_fuente": [
      "Pictures/Fototeca de Fotos.photoslibrary/resources/renders/F/FFAC565E-4807-44CA-BC2F-8842E7BC9C09.plist"
    ],
    "ultima_modificacion": "2025-08-01 01:00:59.133754"
  },
  "fdf8b4d5c72b4ea681a363ce6bf44db3.plist": {
    "app_sintetizada": "FDF8B4D5C72B4EA681A363CE6BF44DB3.PLIST",
    "cantidad_archivos": 1,
    "archivos_fuente": [
      "Pictures/Fototeca de Fotos.photoslibrary/resources/renders/F/FDF8B4D5-C72B-4EA6-81A3-63CE6BF44DB3.plist"
    ],
    "ultima_modificacion": "2025-08-01 01:00:59.133938"
  },
  "fb39c0cc583546a99299a3e2d0121c32.plist": {
    "app_sintetizada": "FB39C0CC583546A99299A3E2D0121C32.PLIST",
    "cantidad_archivos": 1,
    "archivos_fuente": [
      "Pictures/Fototeca de Fotos.photoslibrary/resources/renders/F/FB39C0CC-5835-46A9-9299-A3E2D0121C32.plist"
    ],
    "ultima_modificacion": "2025-08-01 01:00:59.134110"
  },
  "f0eb0f6924a24a93ab284790e2f28ec3.plist": {
    "app_sintetizada": "F0EB0F6924A24A93AB284790E2F28EC3.PLIST",
    "cantidad_archivos": 1,
    "archivos_fuente": [
      "Pictures/Fototeca de Fotos.photoslibrary/resources/renders/F/F0EB0F69-24A2-4A93-AB28-4790E2F28EC3.plist"
    ],
    "ultima_modificacion": "2025-08-01 01:00:59.134280"
  },
  "f6013bdf07784ec58840468ea908e443.plist": {
    "app_sintetizada": "F6013BDF07784EC58840468EA908E443.PLIST",
    "cantidad_archivos": 1,
    "archivos_fuente": [
      "Pictures/Fototeca de Fotos.photoslibrary/resources/renders/F/F6013BDF-0778-4EC5-8840-468EA908E443.plist"
    ],
    "ultima_modificacion": "2025-08-01 01:00:59.134449"
  },
  "f11b739a95e84d01b512fe8391a1e208.plist": {
    "app_sintetizada": "F11B739A95E84D01B512FE8391A1E208.PLIST",
    "cantidad_archivos": 1,
    "archivos_fuente": [
      "Pictures/Fototeca de Fotos.photoslibrary/resources/renders/F/F11B739A-95E8-4D01-B512-FE8391A1E208.plist"
    ],
    "ultima_modificacion": "2025-08-01 01:00:59.134634"
  },
  "fe9daf3ecce644889a28afe16f4c634c.plist": {
    "app_sintetizada": "FE9DAF3ECCE644889A28AFE16F4C634C.PLIST",
    "cantidad_archivos": 1,
    "archivos_fuente": [
      "Pictures/Fototeca de Fotos.photoslibrary/resources/renders/F/FE9DAF3E-CCE6-4488-9A28-AFE16F4C634C.plist"
    ],
    "ultima_modificacion": "2025-08-01 01:00:59.134887"
  },
  "f882f7adfc774e6a8b102ac60c23f7a7.plist": {
    "app_sintetizada": "F882F7ADFC774E6A8B102AC60C23F7A7.PLIST",
    "cantidad_archivos": 1,
    "archivos_fuente": [
      "Pictures/Fototeca de Fotos.photoslibrary/resources/renders/F/F882F7AD-FC77-4E6A-8B10-2AC60C23F7A7.plist"
    ],
    "ultima_modificacion": "2025-08-01 01:00:59.135056"
  },
  "ff5ae03287c943ef800ddb59a198e8cc.plist": {
    "app_sintetizada": "FF5AE03287C943EF800DDB59A198E8CC.PLIST",
    "cantidad_archivos": 1,
    "archivos_fuente": [
      "Pictures/Fototeca de Fotos.photoslibrary/resources/renders/F/FF5AE032-87C9-43EF-800D-DB59A198E8CC.plist"
    ],
    "ultima_modificacion": "2025-08-01 01:00:59.135222"
  },
  "f7fdacfc799d4c8399bbfd4b13f27ee5.plist": {
    "app_sintetizada": "F7FDACFC799D4C8399BBFD4B13F27EE5.PLIST",
    "cantidad_archivos": 1,
    "archivos_fuente": [
      "Pictures/Fototeca de Fotos.photoslibrary/resources/renders/F/F7FDACFC-799D-4C83-99BB-FD4B13F27EE5.plist"
    ],
    "ultima_modificacion": "2025-08-01 01:00:59.135438"
  },
  "f87c49afd19742d8bfdaa72470725931.plist": {
    "app_sintetizada": "F87C49AFD19742D8BFDAA72470725931.PLIST",
    "cantidad_archivos": 1,
    "archivos_fuente": [
      "Pictures/Fototeca de Fotos.photoslibrary/resources/renders/F/F87C49AF-D197-42D8-BFDA-A72470725931.plist"
    ],
    "ultima_modificacion": "2025-08-01 01:00:59.135668"
  },
  "f35e4ef2ea894241b1178d4762f9ca90.plist": {
    "app_sintetizada": "F35E4EF2EA894241B1178D4762F9CA90.PLIST",
    "cantidad_archivos": 1,
    "archivos_fuente": [
      "Pictures/Fototeca de Fotos.photoslibrary/resources/renders/F/F35E4EF2-EA89-4241-B117-8D4762F9CA90.plist"
    ],
    "ultima_modificacion": "2025-08-01 01:00:59.135929"
  },
  "f61a16d90cb840e9b8d9a143080d1124.plist": {
    "app_sintetizada": "F61A16D90CB840E9B8D9A143080D1124.PLIST",
    "cantidad_archivos": 1,
    "archivos_fuente": [
      "Pictures/Fototeca de Fotos.photoslibrary/resources/renders/F/F61A16D9-0CB8-40E9-B8D9-A143080D1124.plist"
    ],
    "ultima_modificacion": "2025-08-01 01:00:59.136186"
  },
  "fcc0a21922cf4e21877763d05338e0fd.plist": {
    "app_sintetizada": "FCC0A21922CF4E21877763D05338E0FD.PLIST",
    "cantidad_archivos": 1,
    "archivos_fuente": [
      "Pictures/Fototeca de Fotos.photoslibrary/resources/renders/F/FCC0A219-22CF-4E21-8777-63D05338E0FD.plist"
    ],
    "ultima_modificacion": "2025-08-01 01:00:59.136444"
  },
  "f9eb6efda1804fdfaca8a16e90be6073.plist": {
    "app_sintetizada": "F9EB6EFDA1804FDFACA8A16E90BE6073.PLIST",
    "cantidad_archivos": 1,
    "archivos_fuente": [
      "Pictures/Fototeca de Fotos.photoslibrary/resources/renders/F/F9EB6EFD-A180-4FDF-ACA8-A16E90BE6073.plist"
    ],
    "ultima_modificacion": "2025-08-01 01:00:59.136714"
  },
  "fb1c71d1a0684b0db1a80a2e782f488a.plist": {
    "app_sintetizada": "FB1C71D1A0684B0DB1A80A2E782F488A.PLIST",
    "cantidad_archivos": 1,
    "archivos_fuente": [
      "Pictures/Fototeca de Fotos.photoslibrary/resources/renders/F/FB1C71D1-A068-4B0D-B1A8-0A2E782F488A.plist"
    ],
    "ultima_modificacion": "2025-08-01 01:00:59.136982"
  },
  "f9ce173759324721af8f4388322bbe81.plist": {
    "app_sintetizada": "F9CE173759324721AF8F4388322BBE81.PLIST",
    "cantidad_archivos": 1,
    "archivos_fuente": [
      "Pictures/Fototeca de Fotos.photoslibrary/resources/renders/F/F9CE1737-5932-4721-AF8F-4388322BBE81.plist"
    ],
    "ultima_modificacion": "2025-08-01 01:00:59.137251"
  },
  "f71c909fcccd48a1843acf2000f5dd2f.plist": {
    "app_sintetizada": "F71C909FCCCD48A1843ACF2000F5DD2F.PLIST",
    "cantidad_archivos": 1,
    "archivos_fuente": [
      "Pictures/Fototeca de Fotos.photoslibrary/resources/renders/F/F71C909F-CCCD-48A1-843A-CF2000F5DD2F.plist"
    ],
    "ultima_modificacion": "2025-08-01 01:00:59.137527"
  },
  "f5b8cda2a327439082baf899a19244e8.plist": {
    "app_sintetizada": "F5B8CDA2A327439082BAF899A19244E8.PLIST",
    "cantidad_archivos": 1,
    "archivos_fuente": [
      "Pictures/Fototeca de Fotos.photoslibrary/resources/renders/F/F5B8CDA2-A327-4390-82BA-F899A19244E8.plist"
    ],
    "ultima_modificacion": "2025-08-01 01:00:59.137805"
  },
  "f662c474a6634aa6808f68f1bd7dd4ab.plist": {
    "app_sintetizada": "F662C474A6634AA6808F68F1BD7DD4AB.PLIST",
    "cantidad_archivos": 1,
    "archivos_fuente": [
      "Pictures/Fototeca de Fotos.photoslibrary/resources/renders/F/F662C474-A663-4AA6-808F-68F1BD7DD4AB.plist"
    ],
    "ultima_modificacion": "2025-08-01 01:00:59.138061"
  },
  "f13853b2249d417f91234dff574758f3.plist": {
    "app_sintetizada": "F13853B2249D417F91234DFF574758F3.PLIST",
    "cantidad_archivos": 1,
    "archivos_fuente": [
      "Pictures/Fototeca de Fotos.photoslibrary/resources/renders/F/F13853B2-249D-417F-9123-4DFF574758F3.plist"
    ],
    "ultima_modificacion": "2025-08-01 01:00:59.138309"
  },
  "fc4cd0afa2494bc5a0f830041a78ed0a.plist": {
    "app_sintetizada": "FC4CD0AFA2494BC5A0F830041A78ED0A.PLIST",
    "cantidad_archivos": 1,
    "archivos_fuente": [
      "Pictures/Fototeca de Fotos.photoslibrary/resources/renders/F/FC4CD0AF-A249-4BC5-A0F8-30041A78ED0A.plist"
    ],
    "ultima_modificacion": "2025-08-01 01:00:59.138560"
  },
  "f4176dbd600a433c8048900ec87092a2.plist": {
    "app_sintetizada": "F4176DBD600A433C8048900EC87092A2.PLIST",
    "cantidad_archivos": 1,
    "archivos_fuente": [
      "Pictures/Fototeca de Fotos.photoslibrary/resources/renders/F/F4176DBD-600A-433C-8048-900EC87092A2.plist"
    ],
    "ultima_modificacion": "2025-08-01 01:00:59.138805"
  },
  "cf2fa40576f94477afeb6a98785239ba.plist": {
    "app_sintetizada": "CF2FA40576F94477AFEB6A98785239BA.PLIST",
    "cantidad_archivos": 1,
    "archivos_fuente": [
      "Pictures/Fototeca de Fotos.photoslibrary/resources/renders/C/CF2FA405-76F9-4477-AFEB-6A98785239BA.plist"
    ],
    "ultima_modificacion": "2025-08-01 01:00:59.139083"
  },
  "cbdad8de78d2435c9d78ea46f8ae901a.plist": {
    "app_sintetizada": "CBDAD8DE78D2435C9D78EA46F8AE901A.PLIST",
    "cantidad_archivos": 1,
    "archivos_fuente": [
      "Pictures/Fototeca de Fotos.photoslibrary/resources/renders/C/CBDAD8DE-78D2-435C-9D78-EA46F8AE901A.plist"
    ],
    "ultima_modificacion": "2025-08-01 01:00:59.139360"
  },
  "c301dd35d00740fc9d954cdf527d043f.plist": {
    "app_sintetizada": "C301DD35D00740FC9D954CDF527D043F.PLIST",
    "cantidad_archivos": 1,
    "archivos_fuente": [
      "Pictures/Fototeca de Fotos.photoslibrary/resources/renders/C/C301DD35-D007-40FC-9D95-4CDF527D043F.plist"
    ],
    "ultima_modificacion": "2025-08-01 01:00:59.139616"
  },
  "c0eb664d9ae54ff9ad82f7382d417b78.plist": {
    "app_sintetizada": "C0EB664D9AE54FF9AD82F7382D417B78.PLIST",
    "cantidad_archivos": 1,
    "archivos_fuente": [
      "Pictures/Fototeca de Fotos.photoslibrary/resources/renders/C/C0EB664D-9AE5-4FF9-AD82-F7382D417B78.plist"
    ],
    "ultima_modificacion": "2025-08-01 01:00:59.139865"
  },
  "c0fccaabdfd140ddac7b4eb2c3a76331.plist": {
    "app_sintetizada": "C0FCCAABDFD140DDAC7B4EB2C3A76331.PLIST",
    "cantidad_archivos": 1,
    "archivos_fuente": [
      "Pictures/Fototeca de Fotos.photoslibrary/resources/renders/C/C0FCCAAB-DFD1-40DD-AC7B-4EB2C3A76331.plist"
    ],
    "ultima_modificacion": "2025-08-01 01:00:59.140121"
  },
  "c82df6d1c541440fa656a4f697d3192b.plist": {
    "app_sintetizada": "C82DF6D1C541440FA656A4F697D3192B.PLIST",
    "cantidad_archivos": 1,
    "archivos_fuente": [
      "Pictures/Fototeca de Fotos.photoslibrary/resources/renders/C/C82DF6D1-C541-440F-A656-A4F697D3192B.plist"
    ],
    "ultima_modificacion": "2025-08-01 01:00:59.140363"
  },
  "c05c52158ac04719a7c4f1a31dfd4841.plist": {
    "app_sintetizada": "C05C52158AC04719A7C4F1A31DFD4841.PLIST",
    "cantidad_archivos": 1,
    "archivos_fuente": [
      "Pictures/Fototeca de Fotos.photoslibrary/resources/renders/C/C05C5215-8AC0-4719-A7C4-F1A31DFD4841.plist"
    ],
    "ultima_modificacion": "2025-08-01 01:00:59.140613"
  },
  "c3898a61ff2e4c2983661ee73e77277d.plist": {
    "app_sintetizada": "C3898A61FF2E4C2983661EE73E77277D.PLIST",
    "cantidad_archivos": 1,
    "archivos_fuente": [
      "Pictures/Fototeca de Fotos.photoslibrary/resources/renders/C/C3898A61-FF2E-4C29-8366-1EE73E77277D.plist"
    ],
    "ultima_modificacion": "2025-08-01 01:00:59.140851"
  },
  "c5c4cb4e77034a38849876ada7aa25ba.plist": {
    "app_sintetizada": "C5C4CB4E77034A38849876ADA7AA25BA.PLIST",
    "cantidad_archivos": 1,
    "archivos_fuente": [
      "Pictures/Fototeca de Fotos.photoslibrary/resources/renders/C/C5C4CB4E-7703-4A38-8498-76ADA7AA25BA.plist"
    ],
    "ultima_modificacion": "2025-08-01 01:00:59.141100"
  },
  "c2faa6d4fbfa48869e35b49f30e410a0.plist": {
    "app_sintetizada": "C2FAA6D4FBFA48869E35B49F30E410A0.PLIST",
    "cantidad_archivos": 1,
    "archivos_fuente": [
      "Pictures/Fototeca de Fotos.photoslibrary/resources/renders/C/C2FAA6D4-FBFA-4886-9E35-B49F30E410A0.plist"
    ],
    "ultima_modificacion": "2025-08-01 01:00:59.141344"
  }
}