{
  "f9627b851ac4497daf16b46798687c6d.plist": {
    "app_sintetizada": "F9627B851AC4497DAF16B46798687C6D.PLIST",
    "cantidad_archivos": 1,
    "archivos_fuente": [
      "Pictures/Fototeca de Fotos.photoslibrary/resources/renders/F/F9627B85-1AC4-497D-AF16-B46798687C6D.plist"
    ],
    "ultima_modificacion": "2025-08-01 01:00:59.072298"
  },
  "f680f1a711f94de6a3c7de4e01d2da84.plist": {
    "app_sintetizada": "F680F1A711F94DE6A3C7DE4E01D2DA84.PLIST",
    "cantidad_archivos": 1,
    "archivos_fuente": [
      "Pictures/Fototeca de Fotos.photoslibrary/resources/renders/F/F680F1A7-11F9-4DE6-A3C7-DE4E01D2DA84.plist"
    ],
    "ultima_modificacion": "2025-08-01 01:00:59.072478"
  },
  "f8a0b3d4a747454bb9038a0fcc66507f.plist": {
    "app_sintetizada": "F8A0B3D4A747454BB9038A0FCC66507F.PLIST",
    "cantidad_archivos": 1,
    "archivos_fuente": [
      "Pictures/Fototeca de Fotos.photoslibrary/resources/renders/F/F8A0B3D4-A747-454B-B903-8A0FCC66507F.plist"
    ],
    "ultima_modificacion": "2025-08-01 01:00:59.072647"
  },
  "f971bb5e0ac3490fb3ca3fb0158b6021.plist": {
    "app_sintetizada": "F971BB5E0AC3490FB3CA3FB0158B6021.PLIST",
    "cantidad_archivos": 1,
    "archivos_fuente": [
      "Pictures/Fototeca de Fotos.photoslibrary/resources/renders/F/F971BB5E-0AC3-490F-B3CA-3FB0158B6021.plist"
    ],
    "ultima_modificacion": "2025-08-01 01:00:59.072817"
  },
  "fb21985ea6fe4f069cded9d9bcf309a9.plist": {
    "app_sintetizada": "FB21985EA6FE4F069CDED9D9BCF309A9.PLIST",
    "cantidad_archivos": 1,
    "archivos_fuente": [
      "Pictures/Fototeca de Fotos.photoslibrary/resources/renders/F/FB21985E-A6FE-4F06-9CDE-D9D9BCF309A9.plist"
    ],
    "ultima_modificacion": "2025-08-01 01:00:59.072992"
  },
  "f17548dd987a4137ad2bc28e5cf1b4ef.plist": {
    "app_sintetizada": "F17548DD987A4137AD2BC28E5CF1B4EF.PLIST",
    "cantidad_archivos": 1,
    "archivos_fuente": [
      "Pictures/Fototeca de Fotos.photoslibrary/resources/renders/F/F17548DD-987A-4137-AD2B-C28E5CF1B4EF.plist"
    ],
    "ultima_modificacion": "2025-08-01 01:00:59.073223"
  },
  "f61d9d299d0a4bc7adb67dc37a8b1d41.plist": {
    "app_sintetizada": "F61D9D299D0A4BC7ADB67DC37A8B1D41.PLIST",
    "cantidad_archivos": 1,
    "archivos_fuente": [
      "Pictures/Fototeca de Fotos.photoslibrary/resources/renders/F/F61D9D29-9D0A-4BC7-ADB6-7DC37A8B1D41.plist"
    ],
    "ultima_modificacion": "2025-08-01 01:00:59.073456"
  },
  "f07a4aaba7674f3cb4895120d1acce06.plist": {
    "app_sintetizada": "F07A4AABA7674F3CB4895120D1ACCE06.PLIST",
    "cantidad_archivos": 1,
    "archivos_fuente": [
      "Pictures/Fototeca de Fotos.photoslibrary/resources/renders/F/F07A4AAB-A767-4F3C-B489-5120D1ACCE06.plist"
    ],
    "ultima_modificacion": "2025-08-01 01:00:59.073648"
  },
  "f71a71c9a8bd47328d3caacfa0c30a27.plist": {
    "app_sintetizada": "F71A71C9A8BD47328D3CAACFA0C30A27.PLIST",
    "cantidad_archivos": 1,
    "archivos_fuente": [
      "Pictures/Fototeca de Fotos.photoslibrary/resources/renders/F/F71A71C9-A8BD-4732-8D3C-AACFA0C30A27.plist"
    ],
    "ultima_modificacion": "2025-08-01 01:00:59.073928"
  },
  "f76e9ee6602e4825a498c228976aa5ca.plist": {
    "app_sintetizada": "F76E9EE6602E4825A498C228976AA5CA.PLIST",
    "cantidad_archivos": 1,
    "archivos_fuente": [
      "Pictures/Fototeca de Fotos.photoslibrary/resources/renders/F/F76E9EE6-602E-4825-A498-C228976AA5CA.plist"
    ],
    "ultima_modificacion": "2025-08-01 01:00:59.074127"
  },
  "fbc69ef123e2496cb54b62ae4d834e5b.plist": {
    "app_sintetizada": "FBC69EF123E2496CB54B62AE4D834E5B.PLIST",
    "cantidad_archivos": 1,
    "archivos_fuente": [
      "Pictures/Fototeca de Fotos.photoslibrary/resources/renders/F/FBC69EF1-23E2-496C-B54B-62AE4D834E5B.plist"
    ],
    "ultima_modificacion": "2025-08-01 01:00:59.074311"
  },
  "fc5bb05032a54de98ae6ef21bcb73850.plist": {
    "app_sintetizada": "FC5BB05032A54DE98AE6EF21BCB73850.PLIST",
    "cantidad_archivos": 1,
    "archivos_fuente": [
      "Pictures/Fototeca de Fotos.photoslibrary/resources/renders/F/FC5BB050-32A5-4DE9-8AE6-EF21BCB73850.plist"
    ],
    "ultima_modificacion": "2025-08-01 01:00:59.074482"
  },
  "ffb12012bc9f48a09bb12388a4de9cb8.plist": {
    "app_sintetizada": "FFB12012BC9F48A09BB12388A4DE9CB8.PLIST",
    "cantidad_archivos": 1,
    "archivos_fuente": [
      "Pictures/Fototeca de Fotos.photoslibrary/resources/renders/F/FFB12012-BC9F-48A0-9BB1-2388A4DE9CB8.plist"
    ],
    "ultima_modificacion": "2025-08-01 01:00:59.074681"
  },
  "f75c41f9ca7d4cf98578ae31ced16601.plist": {
    "app_sintetizada": "F75C41F9CA7D4CF98578AE31CED16601.PLIST",
    "cantidad_archivos": 1,
    "archivos_fuente": [
      "Pictures/Fototeca de Fotos.photoslibrary/resources/renders/F/F75C41F9-CA7D-4CF9-8578-AE31CED16601.plist"
    ],
    "ultima_modificacion": "2025-08-01 01:00:59.074935"
  },
  "f90590979d6c42a1b62b1a1aa10d87a7.plist": {
    "app_sintetizada": "F90590979D6C42A1B62B1A1AA10D87A7.PLIST",
    "cantidad_archivos": 1,
    "archivos_fuente": [
      "Pictures/Fototeca de Fotos.photoslibrary/resources/renders/F/F9059097-9D6C-42A1-B62B-1A1AA10D87A7.plist"
    ],
    "ultima_modificacion": "2025-08-01 01:00:59.075132"
  },
  "f60538d08b474c1f9844b599374221f4.plist": {
    "app_sintetizada": "F60538D08B474C1F9844B599374221F4.PLIST",
    "cantidad_archivos": 1,
    "archivos_fuente": [
      "Pictures/Fototeca de Fotos.photoslibrary/resources/renders/F/F60538D0-8B47-4C1F-9844-B599374221F4.plist"
    ],
    "ultima_modificacion": "2025-08-01 01:00:59.075383"
  },
  "fa9cb7477ca7439b852d103a52811399.plist": {
    "app_sintetizada": "FA9CB7477CA7439B852D103A52811399.PLIST",
    "cantidad_archivos": 1,
    "archivos_fuente": [
      "Pictures/Fototeca de Fotos.photoslibrary/resources/renders/F/FA9CB747-7CA7-439B-852D-103A52811399.plist"
    ],
    "ultima_modificacion": "2025-08-01 01:00:59.075585"
  },
  "ff1aa467efee4ef4bd4017d6c68d813e.plist": {
    "app_sintetizada": "FF1AA467EFEE4EF4BD4017D6C68D813E.PLIST",
    "cantidad_archivos": 1,
    "archivos_fuente": [
      "Pictures/Fototeca de Fotos.photoslibrary/resources/renders/F/FF1AA467-EFEE-4EF4-BD40-17D6C68D813E.plist"
    ],
    "ultima_modificacion": "2025-08-01 01:00:59.075790"
  },
  "fa3409fd0ba54dc08d6e7f2700c7d2fc.plist": {
    "app_sintetizada": "FA3409FD0BA54DC08D6E7F2700C7D2FC.PLIST",
    "cantidad_archivos": 1,
    "archivos_fuente": [
      "Pictures/Fototeca de Fotos.photoslibrary/resources/renders/F/FA3409FD-0BA5-4DC0-8D6E-7F2700C7D2FC.plist"
    ],
    "ultima_modificacion": "2025-08-01 01:00:59.075992"
  },
  "f0e221045b704c4aa316b49920b11f77.plist": {
    "app_sintetizada": "F0E221045B704C4AA316B49920B11F77.PLIST",
    "cantidad_archivos": 1,
    "archivos_fuente": [
      "Pictures/Fototeca de Fotos.photoslibrary/resources/renders/F/F0E22104-5B70-4C4A-A316-B49920B11F77.plist"
    ],
    "ultima_modificacion": "2025-08-01 01:00:59.076176"
  },
  "fc9a999ed5cb402c8500f9149bdadf01.plist": {
    "app_sintetizada": "FC9A999ED5CB402C8500F9149BDADF01.PLIST",
    "cantidad_archivos": 1,
    "archivos_fuente": [
      "Pictures/Fototeca de Fotos.photoslibrary/resources/renders/F/FC9A999E-D5CB-402C-8500-F9149BDADF01.plist"
    ],
    "ultima_modificacion": "2025-08-01 01:00:59.076351"
  },
  "fadbfc398b124fad990e3e33b620ada0.plist": {
    "app_sintetizada": "FADBFC398B124FAD990E3E33B620ADA0.PLIST",
    "cantidad_archivos": 1,
    "archivos_fuente": [
      "Pictures/Fototeca de Fotos.photoslibrary/resources/renders/F/FADBFC39-8B12-4FAD-990E-3E33B620ADA0.plist"
    ],
    "ultima_modificacion": "2025-08-01 01:00:59.076575"
  },
  "f4864c92c1e4482a996523a96549156e.plist": {
    "app_sintetizada": "F4864C92C1E4482A996523A96549156E.PLIST",
    "cantidad_archivos": 1,
    "archivos_fuente": [
      "Pictures/Fototeca de Fotos.photoslibrary/resources/renders/F/F4864C92-C1E4-482A-9965-23A96549156E.plist"
    ],
    "ultima_modificacion": "2025-08-01 01:00:59.076830"
  },
  "f66cce12d6d84c43850b17c4e771afb2.plist": {
    "app_sintetizada": "F66CCE12D6D84C43850B17C4E771AFB2.PLIST",
    "cantidad_archivos": 1,
    "archivos_fuente": [
      "Pictures/Fototeca de Fotos.photoslibrary/resources/renders/F/F66CCE12-D6D8-4C43-850B-17C4E771AFB2.plist"
    ],
    "ultima_modificacion": "2025-08-01 01:00:59.077037"
  },
  "ff988f5e5c044ad68a94c6916d18a68b.plist": {
    "app_sintetizada": "FF988F5E5C044AD68A94C6916D18A68B.PLIST",
    "cantidad_archivos": 1,
    "archivos_fuente": [
      "Pictures/Fototeca de Fotos.photoslibrary/resources/renders/F/FF988F5E-5C04-4AD6-8A94-C6916D18A68B.plist"
    ],
    "ultima_modificacion": "2025-08-01 01:00:59.077231"
  },
  "f09fa39ca587482493d8d919a69133aa.plist": {
    "app_sintetizada": "F09FA39CA587482493D8D919A69133AA.PLIST",
    "cantidad_archivos": 1,
    "archivos_fuente": [
      "Pictures/Fototeca de Fotos.photoslibrary/resources/renders/F/F09FA39C-A587-4824-93D8-D919A69133AA.plist"
    ],
    "ultima_modificacion": "2025-08-01 01:00:59.077425"
  },
  "f1042e5c2be54f049de56376cc5a0928.plist": {
    "app_sintetizada": "F1042E5C2BE54F049DE56376CC5A0928.PLIST",
    "cantidad_archivos": 1,
    "archivos_fuente": [
      "Pictures/Fototeca de Fotos.photoslibrary/resources/renders/F/F1042E5C-2BE5-4F04-9DE5-6376CC5A0928.plist"
    ],
    "ultima_modificacion": "2025-08-01 01:00:59.077606"
  },
  "f6b7a91fd951467aa70694a2b11e33c5.plist": {
    "app_sintetizada": "F6B7A91FD951467AA70694A2B11E33C5.PLIST",
    "cantidad_archivos": 1,
    "archivos_fuente": [
      "Pictures/Fototeca de Fotos.photoslibrary/resources/renders/F/F6B7A91F-D951-467A-A706-94A2B11E33C5.plist"
    ],
    "ultima_modificacion": "2025-08-01 01:00:59.077857"
  },
  "f97b5da959244c058701e7de654ba860.plist": {
    "app_sintetizada": "F97B5DA959244C058701E7DE654BA860.PLIST",
    "cantidad_archivos": 1,
    "archivos_fuente": [
      "Pictures/Fototeca de Fotos.photoslibrary/resources/renders/F/F97B5DA9-5924-4C05-8701-E7DE654BA860.plist"
    ],
    "ultima_modificacion": "2025-08-01 01:00:59.078037"
  },
  "f61233958c234f8e84fc38a5352ee205.plist": {
    "app_sintetizada": "F61233958C234F8E84FC38A5352EE205.PLIST",
    "cantidad_archivos": 1,
    "archivos_fuente": [
      "Pictures/Fototeca de Fotos.photoslibrary/resources/renders/F/F6123395-8C23-4F8E-84FC-38A5352EE205.plist"
    ],
    "ultima_modificacion": "2025-08-01 01:00:59.078217"
  },
  "f6047d690724431a933a2ecc4c48ebab.plist": {
    "app_sintetizada": "F6047D690724431A933A2ECC4C48EBAB.PLIST",
    "cantidad_archivos": 1,
    "archivos_fuente": [
      "Pictures/Fototeca de Fotos.photoslibrary/resources/renders/F/F6047D69-0724-431A-933A-2ECC4C48EBAB.plist"
    ],
    "ultima_modificacion": "2025-08-01 01:00:59.078398"
  },
  "fd77bdd7e94b4b53bb27e308d7dd7b28.plist": {
    "app_sintetizada": "FD77BDD7E94B4B53BB27E308D7DD7B28.PLIST",
    "cantidad_archivos": 1,
    "archivos_fuente": [
      "Pictures/Fototeca de Fotos.photoslibrary/resources/renders/F/FD77BDD7-E94B-4B53-BB27-E308D7DD7B28.plist"
    ],
    "ultima_modificacion": "2025-08-01 01:00:59.078603"
  },
  "f96e6514c58042a5b9bc081b3c174fc0.plist": {
    "app_sintetizada": "F96E6514C58042A5B9BC081B3C174FC0.PLIST",
    "cantidad_archivos": 1,
    "archivos_fuente": [
      "Pictures/Fototeca de Fotos.photoslibrary/resources/renders/F/F96E6514-C580-42A5-B9BC-081B3C174FC0.plist"
    ],
    "ultima_modificacion": "2025-08-01 01:00:59.078781"
  },
  "f140ab892da047fe99d10144d4987b96.plist": {
    "app_sintetizada": "F140AB892DA047FE99D10144D4987B96.PLIST",
    "cantidad_archivos": 1,
    "archivos_fuente": [
      "Pictures/Fototeca de Fotos.photoslibrary/resources/renders/F/F140AB89-2DA0-47FE-99D1-0144D4987B96.plist"
    ],
    "ultima_modificacion": "2025-08-01 01:00:59.078955"
  },
  "f8011e57039b4900a327fa7c20f5c5e4.plist": {
    "app_sintetizada": "F8011E57039B4900A327FA7C20F5C5E4.PLIST",
    "cantidad_archivos": 1,
    "archivos_fuente": [
      "Pictures/Fototeca de Fotos.photoslibrary/resources/renders/F/F8011E57-039B-4900-A327-FA7C20F5C5E4.plist"
    ],
    "ultima_modificacion": "2025-08-01 01:00:59.079129"
  },
  "fc5d80cbba434b5ca8e1ac0d8f6583bf.plist": {
    "app_sintetizada": "FC5D80CBBA434B5CA8E1AC0D8F6583BF.PLIST",
    "cantidad_archivos": 1,
    "archivos_fuente": [
      "Pictures/Fototeca de Fotos.photoslibrary/resources/renders/F/FC5D80CB-BA43-4B5C-A8E1-AC0D8F6583BF.plist"
    ],
    "ultima_modificacion": "2025-08-01 01:00:59.079305"
  },
  "ff2a04759b8e43588d3388f533d97bd6.plist": {
    "app_sintetizada": "FF2A04759B8E43588D3388F533D97BD6.PLIST",
    "cantidad_archivos": 1,
    "archivos_fuente": [
      "Pictures/Fototeca de Fotos.photoslibrary/resources/renders/F/FF2A0475-9B8E-4358-8D33-88F533D97BD6.plist"
    ],
    "ultima_modificacion": "2025-08-01 01:00:59.079502"
  },
  "fcf2d251ad7f4bca9971fda59c89d600.plist": {
    "app_sintetizada": "FCF2D251AD7F4BCA9971FDA59C89D600.PLIST",
    "cantidad_archivos": 1,
    "archivos_fuente": [
      "Pictures/Fototeca de Fotos.photoslibrary/resources/renders/F/FCF2D251-AD7F-4BCA-9971-FDA59C89D600.plist"
    ],
    "ultima_modificacion": "2025-08-01 01:00:59.079698"
  },
  "ff6e96aafd2b41759cf68e1e73a2752e.plist": {
    "app_sintetizada": "FF6E96AAFD2B41759CF68E1E73A2752E.PLIST",
    "cantidad_archivos": 1,
    "archivos_fuente": [
      "Pictures/Fototeca de Fotos.photoslibrary/resources/renders/F/FF6E96AA-FD2B-4175-9CF6-8E1E73A2752E.plist"
    ],
    "ultima_modificacion": "2025-08-01 01:00:59.079952"
  },
  "f4f16cb8edb345aaa7e0fbbaed8a9b4a.plist": {
    "app_sintetizada": "F4F16CB8EDB345AAA7E0FBBAED8A9B4A.PLIST",
    "cantidad_archivos": 1,
    "archivos_fuente": [
      "Pictures/Fototeca de Fotos.photoslibrary/resources/renders/F/F4F16CB8-EDB3-45AA-A7E0-FBBAED8A9B4A.plist"
    ],
    "ultima_modificacion": "2025-08-01 01:00:59.080226"
  },
  "fc0cde07fa4e457fba51cc5931a127b0.plist": {
    "app_sintetizada": "FC0CDE07FA4E457FBA51CC5931A127B0.PLIST",
    "cantidad_archivos": 1,
    "archivos_fuente": [
      "Pictures/Fototeca de Fotos.photoslibrary/resources/renders/F/FC0CDE07-FA4E-457F-BA51-CC5931A127B0.plist"
    ],
    "ultima_modificacion": "2025-08-01 01:00:59.080472"
  },
  "f214183653a642718d4178006d389b3b.plist": {
    "app_sintetizada": "F214183653A642718D4178006D389B3B.PLIST",
    "cantidad_archivos": 1,
    "archivos_fuente": [
      "Pictures/Fototeca de Fotos.photoslibrary/resources/renders/F/F2141836-53A6-4271-8D41-78006D389B3B.plist"
    ],
    "ultima_modificacion": "2025-08-01 01:00:59.080660"
  },
  "f9c35acb32a74ed2a0b3e5b7516c4e92.plist": {
    "app_sintetizada": "F9C35ACB32A74ED2A0B3E5B7516C4E92.PLIST",
    "cantidad_archivos": 1,
    "archivos_fuente": [
      "Pictures/Fototeca de Fotos.photoslibrary/resources/renders/F/F9C35ACB-32A7-4ED2-A0B3-E5B7516C4E92.plist"
    ],
    "ultima_modificacion": "2025-08-01 01:00:59.080844"
  },
  "f7239afae04840be90e03a7634d4b21c.plist": {
    "app_sintetizada": "F7239AFAE04840BE90E03A7634D4B21C.PLIST",
    "cantidad_archivos": 1,
    "archivos_fuente": [
      "Pictures/Fototeca de Fotos.photoslibrary/resources/renders/F/F7239AFA-E048-40BE-90E0-3A7634D4B21C.plist"
    ],
    "ultima_modificacion": "2025-08-01 01:00:59.081019"
  },
  "f94a2f8e3b2545dd9fe6428f0480d4e5.plist": {
    "app_sintetizada": "F94A2F8E3B2545DD9FE6428F0480D4E5.PLIST",
    "cantidad_archivos": 1,
    "archivos_fuente": [
      "Pictures/Fototeca de Fotos.photoslibrary/resources/renders/F/F94A2F8E-3B25-45DD-9FE6-428F0480D4E5.plist"
    ],
    "ultima_modificacion": "2025-08-01 01:00:59.081202"
  },
  "f5881b6b487f4a3d94ac07274eaa280e.plist": {
    "app_sintetizada": "F5881B6B487F4A3D94AC07274EAA280E.PLIST",
    "cantidad_archivos": 1,
    "archivos_fuente": [
      "Pictures/Fototeca de Fotos.photoslibrary/resources/renders/F/F5881B6B-487F-4A3D-94AC-07274EAA280E.plist"
    ],
    "ultima_modificacion": "2025-08-01 01:00:59.081477"
  },
  "fc62e818ab7e4a5d9c91780eed8dfe57.plist": {
    "app_sintetizada": "FC62E818AB7E4A5D9C91780EED8DFE57.PLIST",
    "cantidad_archivos": 1,
    "archivos_fuente": [
      "Pictures/Fototeca de Fotos.photoslibrary/resources/renders/F/FC62E818-AB7E-4A5D-9C91-780EED8DFE57.plist"
    ],
    "ultima_modificacion": "2025-08-01 01:00:59.081739"
  },
  "fc82aec209ce4904987ea7f006014a12.plist": {
    "app_sintetizada": "FC82AEC209CE4904987EA7F006014A12.PLIST",
    "cantidad_archivos": 1,
    "archivos_fuente": [
      "Pictures/Fototeca de Fotos.photoslibrary/resources/renders/F/FC82AEC2-09CE-4904-987E-A7F006014A12.plist"
    ],
    "ultima_modificacion": "2025-08-01 01:00:59.081960"
  },
  "fa4fc8e91ecf4261a35c5d82c40f2d7d.plist": {
    "app_sintetizada": "FA4FC8E91ECF4261A35C5D82C40F2D7D.PLIST",
    "cantidad_archivos": 1,
    "archivos_fuente": [
      "Pictures/Fototeca de Fotos.photoslibrary/resources/renders/F/FA4FC8E9-1ECF-4261-A35C-5D82C40F2D7D.plist"
    ],
    "ultima_modificacion": "2025-08-01 01:00:59.082210"
  },
  "f82165c698654e5aa7f9e1d2e6d8db35.plist": {
    "app_sintetizada": "F82165C698654E5AA7F9E1D2E6D8DB35.PLIST",
    "cantidad_archivos": 1,
    "archivos_fuente": [
      "Pictures/Fototeca de Fotos.photoslibrary/resources/renders/F/F82165C6-9865-4E5A-A7F9-E1D2E6D8DB35.plist"
    ],
    "ultima_modificacion": "2025-08-01 01:00:59.082389"
  },
  "f458f251509240ae9ec0336058ed7eb0.plist": {
    "app_sintetizada": "F458F251509240AE9EC0336058ED7EB0.PLIST",
    "cantidad_archivos": 1,
    "archivos_fuente": [
      "Pictures/Fototeca de Fotos.photoslibrary/resources/renders/F/F458F251-5092-40AE-9EC0-336058ED7EB0.plist"
    ],
    "ultima_modificacion": "2025-08-01 01:00:59.082562"
  },
  "fc3df50bca1b46d498aa376a9390f482.plist": {
    "app_sintetizada": "FC3DF50BCA1B46D498AA376A9390F482.PLIST",
    "cantidad_archivos": 1,
    "archivos_fuente": [
      "Pictures/Fototeca de Fotos.photoslibrary/resources/renders/F/FC3DF50B-CA1B-46D4-98AA-376A9390F482.plist"
    ],
    "ultima_modificacion": "2025-08-01 01:00:59.082735"
  },
  "f430f96c39aa43f28fc9832048ea5e96.plist": {
    "app_sintetizada": "F430F96C39AA43F28FC9832048EA5E96.PLIST",
    "cantidad_archivos": 1,
    "archivos_fuente": [
      "Pictures/Fototeca de Fotos.photoslibrary/resources/renders/F/F430F96C-39AA-43F2-8FC9-832048EA5E96.plist"
    ],
    "ultima_modificacion": "2025-08-01 01:00:59.082903"
  },
  "f5e3b6f735db4c32bece661be5229f9e.plist": {
    "app_sintetizada": "F5E3B6F735DB4C32BECE661BE5229F9E.PLIST",
    "cantidad_archivos": 1,
    "archivos_fuente": [
      "Pictures/Fototeca de Fotos.photoslibrary/resources/renders/F/F5E3B6F7-35DB-4C32-BECE-661BE5229F9E.plist"
    ],
    "ultima_modificacion": "2025-08-01 01:00:59.083066"
  },
  "f789bd8ceca645149058d5aac9b0cdc4.plist": {
    "app_sintetizada": "F789BD8CECA645149058D5AAC9B0CDC4.PLIST",
    "cantidad_archivos": 1,
    "archivos_fuente": [
      "Pictures/Fototeca de Fotos.photoslibrary/resources/renders/F/F789BD8C-ECA6-4514-9058-D5AAC9B0CDC4.plist"
    ],
    "ultima_modificacion": "2025-08-01 01:00:59.083271"
  },
  "f98a4680a94141a9bb1be9e65c477a5f.plist": {
    "app_sintetizada": "F98A4680A94141A9BB1BE9E65C477A5F.PLIST",
    "cantidad_archivos": 1,
    "archivos_fuente": [
      "Pictures/Fototeca de Fotos.photoslibrary/resources/renders/F/F98A4680-A941-41A9-BB1B-E9E65C477A5F.plist"
    ],
    "ultima_modificacion": "2025-08-01 01:00:59.083535"
  },
  "f19e7a6a3cb341579f3f080d8c5de9cf.plist": {
    "app_sintetizada": "F19E7A6A3CB341579F3F080D8C5DE9CF.PLIST",
    "cantidad_archivos": 1,
    "archivos_fuente": [
      "Pictures/Fototeca de Fotos.photoslibrary/resources/renders/F/F19E7A6A-3CB3-4157-9F3F-080D8C5DE9CF.plist"
    ],
    "ultima_modificacion": "2025-08-01 01:00:59.083725"
  },
  "f33c0547f4954bddb3d0d734f316b7c3.plist": {
    "app_sintetizada": "F33C0547F4954BDDB3D0D734F316B7C3.PLIST",
    "cantidad_archivos": 1,
    "archivos_fuente": [
      "Pictures/Fototeca de Fotos.photoslibrary/resources/renders/F/F33C0547-F495-4BDD-B3D0-D734F316B7C3.plist"
    ],
    "ultima_modificacion": "2025-08-01 01:00:59.083921"
  },
  "fdf36b258fb149bfbecc6ba7b269c60f.plist": {
    "app_sintetizada": "FDF36B258FB149BFBECC6BA7B269C60F.PLIST",
    "cantidad_archivos": 1,
    "archivos_fuente": [
      "Pictures/Fototeca de Fotos.photoslibrary/resources/renders/F/FDF36B25-8FB1-49BF-BECC-6BA7B269C60F.plist"
    ],
    "ultima_modificacion": "2025-08-01 01:00:59.084092"
  },
  "f636b445e205485d88bcaaad56ed0bf1.plist": {
    "app_sintetizada": "F636B445E205485D88BCAAAD56ED0BF1.PLIST",
    "cantidad_archivos": 1,
    "archivos_fuente": [
      "Pictures/Fototeca de Fotos.photoslibrary/resources/renders/F/F636B445-E205-485D-88BC-AAAD56ED0BF1.plist"
    ],
    "ultima_modificacion": "2025-08-01 01:00:59.084259"
  },
  "f9215d688cfe43079ea3bc74f5a7493b.plist": {
    "app_sintetizada": "F9215D688CFE43079EA3BC74F5A7493B.PLIST",
    "cantidad_archivos": 1,
    "archivos_fuente": [
      "Pictures/Fototeca de Fotos.photoslibrary/resources/renders/F/F9215D68-8CFE-4307-9EA3-BC74F5A7493B.plist"
    ],
    "ultima_modificacion": "2025-08-01 01:00:59.084423"
  },
  "f5ffd408fabc4ec49b0d139d1b399990.plist": {
    "app_sintetizada": "F5FFD408FABC4EC49B0D139D1B399990.PLIST",
    "cantidad_archivos": 1,
    "archivos_fuente": [
      "Pictures/Fototeca de Fotos.photoslibrary/resources/renders/F/F5FFD408-FABC-4EC4-9B0D-139D1B399990.plist"
    ],
    "ultima_modificacion": "2025-08-01 01:00:59.084607"
  },
  "f4ad6d1eb0b6421bb20a336305042684.plist": {
    "app_sintetizada": "F4AD6D1EB0B6421BB20A336305042684.PLIST",
    "cantidad_archivos": 1,
    "archivos_fuente": [
      "Pictures/Fototeca de Fotos.photoslibrary/resources/renders/F/F4AD6D1E-B0B6-421B-B20A-336305042684.plist"
    ],
    "ultima_modificacion": "2025-08-01 01:00:59.084856"
  },
  "f05d4e6d62e4403b9788e044582c6987.plist": {
    "app_sintetizada": "F05D4E6D62E4403B9788E044582C6987.PLIST",
    "cantidad_archivos": 1,
    "archivos_fuente": [
      "Pictures/Fototeca de Fotos.photoslibrary/resources/renders/F/F05D4E6D-62E4-403B-9788-E044582C6987.plist"
    ],
    "ultima_modificacion": "2025-08-01 01:00:59.085064"
  },
  "fe5c91b3e0fd44b79cb0d8d0d30b4d14.plist": {
    "app_sintetizada": "FE5C91B3E0FD44B79CB0D8D0D30B4D14.PLIST",
    "cantidad_archivos": 1,
    "archivos_fuente": [
      "Pictures/Fototeca de Fotos.photoslibrary/resources/renders/F/FE5C91B3-E0FD-44B7-9CB0-D8D0D30B4D14.plist"
    ],
    "ultima_modificacion": "2025-08-01 01:00:59.085335"
  },
  "fd63a4f155b341db87e8b654f359f8ad.plist": {
    "app_sintetizada": "FD63A4F155B341DB87E8B654F359F8AD.PLIST",
    "cantidad_archivos": 1,
    "archivos_fuente": [
      "Pictures/Fototeca de Fotos.photoslibrary/resources/renders/F/FD63A4F1-55B3-41DB-87E8-B654F359F8AD.plist"
    ],
    "ultima_modificacion": "2025-08-01 01:00:59.085555"
  },
  "f56ac11afe7241ed91861e6991c02a1f.plist": {
    "app_sintetizada": "F56AC11AFE7241ED91861E6991C02A1F.PLIST",
    "cantidad_archivos": 1,
    "archivos_fuente": [
      "Pictures/Fototeca de Fotos.photoslibrary/resources/renders/F/F56AC11A-FE72-41ED-9186-1E6991C02A1F.plist"
    ],
    "ultima_modificacion": "2025-08-01 01:00:59.085810"
  },
  "f83d6b7fd0c848d0bd57ea2bfa31e055.plist": {
    "app_sintetizada": "F83D6B7FD0C848D0BD57EA2BFA31E055.PLIST",
    "cantidad_archivos": 1,
    "archivos_fuente": [
      "Pictures/Fototeca de Fotos.photoslibrary/resources/renders/F/F83D6B7F-D0C8-48D0-BD57-EA2BFA31E055.plist"
    ],
    "ultima_modificacion": "2025-08-01 01:00:59.086078"
  },
  "f7355a41c9ff485ca41bb75888dda758.plist": {
    "app_sintetizada": "F7355A41C9FF485CA41BB75888DDA758.PLIST",
    "cantidad_archivos": 1,
    "archivos_fuente": [
      "Pictures/Fototeca de Fotos.photoslibrary/resources/renders/F/F7355A41-C9FF-485C-A41B-B75888DDA758.plist"
    ],
    "ultima_modificacion": "2025-08-01 01:00:59.086339"
  },
  "f05d1e584e934419bfd9cda629abee64.plist": {
    "app_sintetizada": "F05D1E584E934419BFD9CDA629ABEE64.PLIST",
    "cantidad_archivos": 1,
    "archivos_fuente": [
      "Pictures/Fototeca de Fotos.photoslibrary/resources/renders/F/F05D1E58-4E93-4419-BFD9-CDA629ABEE64.plist"
    ],
    "ultima_modificacion": "2025-08-01 01:00:59.086616"
  },
  "ff7943d505a14dacaec787583665a613.plist": {
    "app_sintetizada": "FF7943D505A14DACAEC787583665A613.PLIST",
    "cantidad_archivos": 1,
    "archivos_fuente": [
      "Pictures/Fototeca de Fotos.photoslibrary/resources/renders/F/FF7943D5-05A1-4DAC-AEC7-87583665A613.plist"
    ],
    "ultima_modificacion": "2025-08-01 01:00:59.086884"
  },
  "fc61951e7c624a578ba0d52cf8b81608.plist": {
    "app_sintetizada": "FC61951E7C624A578BA0D52CF8B81608.PLIST",
    "cantidad_archivos": 1,
    "archivos_fuente": [
      "Pictures/Fototeca de Fotos.photoslibrary/resources/renders/F/FC61951E-7C62-4A57-8BA0-D52CF8B81608.plist"
    ],
    "ultima_modificacion": "2025-08-01 01:00:59.087166"
  },
  "fd379ff501f649fbacdf6f73e535059a.plist": {
    "app_sintetizada": "FD379FF501F649FBACDF6F73E535059A.PLIST",
    "cantidad_archivos": 1,
    "archivos_fuente": [
      "Pictures/Fototeca de Fotos.photoslibrary/resources/renders/F/FD379FF5-01F6-49FB-ACDF-6F73E535059A.plist"
    ],
    "ultima_modificacion": "2025-08-01 01:00:59.087440"
  },
  "f4dcddceba7546a5bb8b4abd3ebda5b2.plist": {
    "app_sintetizada": "F4DCDDCEBA7546A5BB8B4ABD3EBDA5B2.PLIST",
    "cantidad_archivos": 1,
    "archivos_fuente": [
      "Pictures/Fototeca de Fotos.photoslibrary/resources/renders/F/F4DCDDCE-BA75-46A5-BB8B-4ABD3EBDA5B2.plist"
    ],
    "ultima_modificacion": "2025-08-01 01:00:59.087709"
  },
  "f097be11f95a4d4cadb2d3e4c27d3e24.plist": {
    "app_sintetizada": "F097BE11F95A4D4CADB2D3E4C27D3E24.PLIST",
    "cantidad_archivos": 1,
    "archivos_fuente": [
      "Pictures/Fototeca de Fotos.photoslibrary/resources/renders/F/F097BE11-F95A-4D4C-ADB2-D3E4C27D3E24.plist"
    ],
    "ultima_modificacion": "2025-08-01 01:00:59.087965"
  },
  "f4f17b47706f42beb753c7dff5090a00.plist": {
    "app_sintetizada": "F4F17B47706F42BEB753C7DFF5090A00.PLIST",
    "cantidad_archivos": 1,
    "archivos_fuente": [
      "Pictures/Fototeca de Fotos.photoslibrary/resources/renders/F/F4F17B47-706F-42BE-B753-C7DFF5090A00.plist"
    ],
    "ultima_modificacion": "2025-08-01 01:00:59.088224"
  },
  "f447282da9b24c5cb8d1e92aa206a9db.plist": {
    "app_sintetizada": "F447282DA9B24C5CB8D1E92AA206A9DB.PLIST",
    "cantidad_archivos": 1,
    "archivos_fuente": [
      "Pictures/Fototeca de Fotos.photoslibrary/resources/renders/F/F447282D-A9B2-4C5C-B8D1-E92AA206A9DB.plist"
    ],
    "ultima_modificacion": "2025-08-01 01:00:59.088476"
  },
  "f521ae4118a749ee8d9c21bdb36c6334.plist": {
    "app_sintetizada": "F521AE4118A749EE8D9C21BDB36C6334.PLIST",
    "cantidad_archivos": 1,
    "archivos_fuente": [
      "Pictures/Fototeca de Fotos.photoslibrary/resources/renders/F/F521AE41-18A7-49EE-8D9C-21BDB36C6334.plist"
    ],
    "ultima_modificacion": "2025-08-01 01:00:59.088726"
  },
  "f9218096b5354d5d9add39d93e927322.plist": {
    "app_sintetizada": "F9218096B5354D5D9ADD39D93E927322.PLIST",
    "cantidad_archivos": 1,
    "archivos_fuente": [
      "Pictures/Fototeca de Fotos.photoslibrary/resources/renders/F/F9218096-B535-4D5D-9ADD-39D93E927322.plist"
    ],
    "ultima_modificacion": "2025-08-01 01:00:59.088970"
  },
  "f01e063d34da4a8284164b429d33043d.plist": {
    "app_sintetizada": "F01E063D34DA4A8284164B429D33043D.PLIST",
    "cantidad_archivos": 1,
    "archivos_fuente": [
      "Pictures/Fototeca de Fotos.photoslibrary/resources/renders/F/F01E063D-34DA-4A82-8416-4B429D33043D.plist"
    ],
    "ultima_modificacion": "2025-08-01 01:00:59.089229"
  },
  "fb977e51e2f8411d91b71f9a31a98dd8.plist": {
    "app_sintetizada": "FB977E51E2F8411D91B71F9A31A98DD8.PLIST",
    "cantidad_archivos": 1,
    "archivos_fuente": [
      "Pictures/Fototeca de Fotos.photoslibrary/resources/renders/F/FB977E51-E2F8-411D-91B7-1F9A31A98DD8.plist"
    ],
    "ultima_modificacion": "2025-08-01 01:00:59.089493"
  },
  "ffc8ad1120c0450e87dbc51b0f3fada7.plist": {
    "app_sintetizada": "FFC8AD1120C0450E87DBC51B0F3FADA7.PLIST",
    "cantidad_archivos": 1,
    "archivos_fuente": [
      "Pictures/Fototeca de Fotos.photoslibrary/resources/renders/F/FFC8AD11-20C0-450E-87DB-C51B0F3FADA7.plist"
    ],
    "ultima_modificacion": "2025-08-01 01:00:59.089741"
  },
  "f21de44f5af54569b081a4cf8c5563e6.plist": {
    "app_sintetizada": "F21DE44F5AF54569B081A4CF8C5563E6.PLIST",
    "cantidad_archivos": 1,
    "archivos_fuente": [
      "Pictures/Fototeca de Fotos.photoslibrary/resources/renders/F/F21DE44F-5AF5-4569-B081-A4CF8C5563E6.plist"
    ],
    "ultima_modificacion": "2025-08-01 01:00:59.089995"
  },
  "f966e80d173e40f4b1a3a9dc84be22ac.plist": {
    "app_sintetizada": "F966E80D173E40F4B1A3A9DC84BE22AC.PLIST",
    "cantidad_archivos": 1,
    "archivos_fuente": [
      "Pictures/Fototeca de Fotos.photoslibrary/resources/renders/F/F966E80D-173E-40F4-B1A3-A9DC84BE22AC.plist"
    ],
    "ultima_modificacion": "2025-08-01 01:00:59.090238"
  },
  "f316ed5493544b34962320ba13e654e6.plist": {
    "app_sintetizada": "F316ED5493544B34962320BA13E654E6.PLIST",
    "cantidad_archivos": 1,
    "archivos_fuente": [
      "Pictures/Fototeca de Fotos.photoslibrary/resources/renders/F/F316ED54-9354-4B34-9623-20BA13E654E6.plist"
    ],
    "ultima_modificacion": "2025-08-01 01:00:59.090507"
  },
  "f9bd5af077c84fd8bedfaed95585d1cf.plist": {
    "app_sintetizada": "F9BD5AF077C84FD8BEDFAED95585D1CF.PLIST",
    "cantidad_archivos": 1,
    "archivos_fuente": [
      "Pictures/Fototeca de Fotos.photoslibrary/resources/renders/F/F9BD5AF0-77C8-4FD8-BEDF-AED95585D1CF.plist"
    ],
    "ultima_modificacion": "2025-08-01 01:00:59.090778"
  },
  "f3fb8679f4164b50b34011d424781d56.plist": {
    "app_sintetizada": "F3FB8679F4164B50B34011D424781D56.PLIST",
    "cantidad_archivos": 1,
    "archivos_fuente": [
      "Pictures/Fototeca de Fotos.photoslibrary/resources/renders/F/F3FB8679-F416-4B50-B340-11D424781D56.plist"
    ],
    "ultima_modificacion": "2025-08-01 01:00:59.091086"
  },
  "feef0c39707441ef8034d14bba73b645.plist": {
    "app_sintetizada": "FEEF0C39707441EF8034D14BBA73B645.PLIST",
    "cantidad_archivos": 1,
    "archivos_fuente": [
      "Pictures/Fototeca de Fotos.photoslibrary/resources/renders/F/FEEF0C39-7074-41EF-8034-D14BBA73B645.plist"
    ],
    "ultima_modificacion": "2025-08-01 01:00:59.091343"
  },
  "f5eac2a7dbda41d7938226bb28c92a0b.plist": {
    "app_sintetizada": "F5EAC2A7DBDA41D7938226BB28C92A0B.PLIST",
    "cantidad_archivos": 1,
    "archivos_fuente": [
      "Pictures/Fototeca de Fotos.photoslibrary/resources/renders/F/F5EAC2A7-DBDA-41D7-9382-26BB28C92A0B.plist"
    ],
    "ultima_modificacion": "2025-08-01 01:00:59.091636"
  },
  "f9761ab7d3654d6fb8c9b88d81d662be.plist": {
    "app_sintetizada": "F9761AB7D3654D6FB8C9B88D81D662BE.PLIST",
    "cantidad_archivos": 1,
    "archivos_fuente": [
      "Pictures/Fototeca de Fotos.photoslibrary/resources/renders/F/F9761AB7-D365-4D6F-B8C9-B88D81D662BE.plist"
    ],
    "ultima_modificacion": "2025-08-01 01:00:59.091901"
  },
  "f6e4796704514e6ebabeb19c6deddccf.plist": {
    "app_sintetizada": "F6E4796704514E6EBABEB19C6DEDDCCF.PLIST",
    "cantidad_archivos": 1,
    "archivos_fuente": [
      "Pictures/Fototeca de Fotos.photoslibrary/resources/renders/F/F6E47967-0451-4E6E-BABE-B19C6DEDDCCF.plist"
    ],
    "ultima_modificacion": "2025-08-01 01:00:59.092160"
  },
  "ff421bc904924d0e9a2a144cf4930d9b.plist": {
    "app_sintetizada": "FF421BC904924D0E9A2A144CF4930D9B.PLIST",
    "cantidad_archivos": 1,
    "archivos_fuente": [
      "Pictures/Fototeca de Fotos.photoslibrary/resources/renders/F/FF421BC9-0492-4D0E-9A2A-144CF4930D9B.plist"
    ],
    "ultima_modificacion": "2025-08-01 01:00:59.092420"
  },
  "f7ddc2654ee14937b7ec01536f6fbeb0.plist": {
    "app_sintetizada": "F7DDC2654EE14937B7EC01536F6FBEB0.PLIST",
    "cantidad_archivos": 1,
    "archivos_fuente": [
      "Pictures/Fototeca de Fotos.photoslibrary/resources/renders/F/F7DDC265-4EE1-4937-B7EC-01536F6FBEB0.plist"
    ],
    "ultima_modificacion": "2025-08-01 01:00:59.092678"
  },
  "f2c79957f6f74708bd83160d55585e05.plist": {
    "app_sintetizada": "F2C79957F6F74708BD83160D55585E05.PLIST",
    "cantidad_archivos": 1,
    "archivos_fuente": [
      "Pictures/Fototeca de Fotos.photoslibrary/resources/renders/F/F2C79957-F6F7-4708-BD83-160D55585E05.plist"
    ],
    "ultima_modificacion": "2025-08-01 01:00:59.092937"
  },
  "fe7ac737b055480aabcd49bb4b5e0401.plist": {
    "app_sintetizada": "FE7AC737B055480AABCD49BB4B5E0401.PLIST",
    "cantidad_archivos": 1,
    "archivos_fuente": [
      "Pictures/Fototeca de Fotos.photoslibrary/resources/renders/F/FE7AC737-B055-480A-ABCD-49BB4B5E0401.plist"
    ],
    "ultima_modificacion": "2025-08-01 01:00:59.093207"
  },
  "f17ed602d9cf457ebff8fb4dccd8ec6c.plist": {
    "app_sintetizada": "F17ED602D9CF457EBFF8FB4DCCD8EC6C.PLIST",
    "cantidad_archivos": 1,
    "archivos_fuente": [
      "Pictures/Fototeca de Fotos.photoslibrary/resources/renders/F/F17ED602-D9CF-457E-BFF8-FB4DCCD8EC6C.plist"
    ],
    "ultima_modificacion": "2025-08-01 01:00:59.093475"
  },
  "f0db5f03935945d38a779086d9a4ba2b.plist": {
    "app_sintetizada": "F0DB5F03935945D38A779086D9A4BA2B.PLIST",
    "cantidad_archivos": 1,
    "archivos_fuente": [
      "Pictures/Fototeca de Fotos.photoslibrary/resources/renders/F/F0DB5F03-9359-45D3-8A77-9086D9A4BA2B.plist"
    ],
    "ultima_modificacion": "2025-08-01 01:00:59.093739"
  },
  "f1953a2c766e4867a94924129d011e68.plist": {
    "app_sintetizada": "F1953A2C766E4867A94924129D011E68.PLIST",
    "cantidad_archivos": 1,
    "archivos_fuente": [
      "Pictures/Fototeca de Fotos.photoslibrary/resources/renders/F/F1953A2C-766E-4867-A949-24129D011E68.plist"
    ],
    "ultima_modificacion": "2025-08-01 01:00:59.094007"
  },
  "ff1051c894b44360a189bed01dbb58b9.plist": {
    "app_sintetizada": "FF1051C894B44360A189BED01DBB58B9.PLIST",
    "cantidad_archivos": 1,
    "archivos_fuente": [
      "Pictures/Fototeca de Fotos.photoslibrary/resources/renders/F/FF1051C8-94B4-4360-A189-BED01DBB58B9.plist"
    ],
    "ultima_modificacion": "2025-08-01 01:00:59.094268"
  },
  "f3a191d47c6648499e5667cfc279fc24.plist": {
    "app_sintetizada": "F3A191D47C6648499E5667CFC279FC24.PLIST",
    "cantidad_archivos": 1,
    "archivos_fuente": [
      "Pictures/Fototeca de Fotos.photoslibrary/resources/renders/F/F3A191D4-7C66-4849-9E56-67CFC279FC24.plist"
    ],
    "ultima_modificacion": "2025-08-01 01:00:59.094546"
  }
}