{
  "dc18811aeaf443a196d8244aee3542a0.plist": {
    "app_sintetizada": "DC18811AEAF443A196D8244AEE3542A0.PLIST",
    "cantidad_archivos": 1,
    "archivos_fuente": [
      "Pictures/Fototeca de Fotos.photoslibrary/resources/renders/D/DC18811A-EAF4-43A1-96D8-244AEE3542A0.plist"
    ],
    "ultima_modificacion": "2025-08-01 01:00:59.262985"
  },
  "d5c04e0fa38d4ab8bb3f5f4586080ea6.plist": {
    "app_sintetizada": "D5C04E0FA38D4AB8BB3F5F4586080EA6.PLIST",
    "cantidad_archivos": 1,
    "archivos_fuente": [
      "Pictures/Fototeca de Fotos.photoslibrary/resources/renders/D/D5C04E0F-A38D-4AB8-BB3F-5F4586080EA6.plist"
    ],
    "ultima_modificacion": "2025-08-01 01:00:59.263200"
  },
  "d51b58f3920545acb9426fffb1ca327f.plist": {
    "app_sintetizada": "D51B58F3920545ACB9426FFFB1CA327F.PLIST",
    "cantidad_archivos": 1,
    "archivos_fuente": [
      "Pictures/Fototeca de Fotos.photoslibrary/resources/renders/D/D51B58F3-9205-45AC-B942-6FFFB1CA327F.plist"
    ],
    "ultima_modificacion": "2025-08-01 01:00:59.263416"
  },
  "d4209b15c3364137a8eceb9ff41de9fd.plist": {
    "app_sintetizada": "D4209B15C3364137A8ECEB9FF41DE9FD.PLIST",
    "cantidad_archivos": 1,
    "archivos_fuente": [
      "Pictures/Fototeca de Fotos.photoslibrary/resources/renders/D/D4209B15-C336-4137-A8EC-EB9FF41DE9FD.plist"
    ],
    "ultima_modificacion": "2025-08-01 01:00:59.263626"
  },
  "d6c21f6f7bab4aeb96133c7fc801955f.plist": {
    "app_sintetizada": "D6C21F6F7BAB4AEB96133C7FC801955F.PLIST",
    "cantidad_archivos": 1,
    "archivos_fuente": [
      "Pictures/Fototeca de Fotos.photoslibrary/resources/renders/D/D6C21F6F-7BAB-4AEB-9613-3C7FC801955F.plist"
    ],
    "ultima_modificacion": "2025-08-01 01:00:59.263892"
  },
  "da107452031644ebb724e3d7448c5e83.plist": {
    "app_sintetizada": "DA107452031644EBB724E3D7448C5E83.PLIST",
    "cantidad_archivos": 1,
    "archivos_fuente": [
      "Pictures/Fototeca de Fotos.photoslibrary/resources/renders/D/DA107452-0316-44EB-B724-E3D7448C5E83.plist"
    ],
    "ultima_modificacion": "2025-08-01 01:00:59.264108"
  },
  "d5295b648a1a4fb2a3eb871e9fe8c83d.plist": {
    "app_sintetizada": "D5295B648A1A4FB2A3EB871E9FE8C83D.PLIST",
    "cantidad_archivos": 1,
    "archivos_fuente": [
      "Pictures/Fototeca de Fotos.photoslibrary/resources/renders/D/D5295B64-8A1A-4FB2-A3EB-871E9FE8C83D.plist"
    ],
    "ultima_modificacion": "2025-08-01 01:00:59.264299"
  },
  "da84074336f1405d8a00bf2dcb1d5a49.plist": {
    "app_sintetizada": "DA84074336F1405D8A00BF2DCB1D5A49.PLIST",
    "cantidad_archivos": 1,
    "archivos_fuente": [
      "Pictures/Fototeca de Fotos.photoslibrary/resources/renders/D/DA840743-36F1-405D-8A00-BF2DCB1D5A49.plist"
    ],
    "ultima_modificacion": "2025-08-01 01:00:59.264522"
  },
  "db0ae5ef933d4e2a8dde5880d5b79de1.plist": {
    "app_sintetizada": "DB0AE5EF933D4E2A8DDE5880D5B79DE1.PLIST",
    "cantidad_archivos": 1,
    "archivos_fuente": [
      "Pictures/Fototeca de Fotos.photoslibrary/resources/renders/D/DB0AE5EF-933D-4E2A-8DDE-5880D5B79DE1.plist"
    ],
    "ultima_modificacion": "2025-08-01 01:00:59.264792"
  },
  "d20d1747f56e41258bf4c448ec6fc923.plist": {
    "app_sintetizada": "D20D1747F56E41258BF4C448EC6FC923.PLIST",
    "cantidad_archivos": 1,
    "archivos_fuente": [
      "Pictures/Fototeca de Fotos.photoslibrary/resources/renders/D/D20D1747-F56E-4125-8BF4-C448EC6FC923.plist"
    ],
    "ultima_modificacion": "2025-08-01 01:00:59.265005"
  },
  "d16a5f7ae6134928a9b2f5699f013022.plist": {
    "app_sintetizada": "D16A5F7AE6134928A9B2F5699F013022.PLIST",
    "cantidad_archivos": 1,
    "archivos_fuente": [
      "Pictures/Fototeca de Fotos.photoslibrary/resources/renders/D/D16A5F7A-E613-4928-A9B2-F5699F013022.plist"
    ],
    "ultima_modificacion": "2025-08-01 01:00:59.265202"
  },
  "d72c5d5cdf914beeabd7ba56f09738c0.plist": {
    "app_sintetizada": "D72C5D5CDF914BEEABD7BA56F09738C0.PLIST",
    "cantidad_archivos": 1,
    "archivos_fuente": [
      "Pictures/Fototeca de Fotos.photoslibrary/resources/renders/D/D72C5D5C-DF91-4BEE-ABD7-BA56F09738C0.plist"
    ],
    "ultima_modificacion": "2025-08-01 01:00:59.265386"
  },
  "d2aca29677104759b9be9f87123de68f.plist": {
    "app_sintetizada": "D2ACA29677104759B9BE9F87123DE68F.PLIST",
    "cantidad_archivos": 1,
    "archivos_fuente": [
      "Pictures/Fototeca de Fotos.photoslibrary/resources/renders/D/D2ACA296-7710-4759-B9BE-9F87123DE68F.plist"
    ],
    "ultima_modificacion": "2025-08-01 01:00:59.265569"
  },
  "d458dcccebe04b4183c5b35d11753c99.plist": {
    "app_sintetizada": "D458DCCCEBE04B4183C5B35D11753C99.PLIST",
    "cantidad_archivos": 1,
    "archivos_fuente": [
      "Pictures/Fototeca de Fotos.photoslibrary/resources/renders/D/D458DCCC-EBE0-4B41-83C5-B35D11753C99.plist"
    ],
    "ultima_modificacion": "2025-08-01 01:00:59.265748"
  },
  "d148a116186c4159a648c21609ca3f52.plist": {
    "app_sintetizada": "D148A116186C4159A648C21609CA3F52.PLIST",
    "cantidad_archivos": 1,
    "archivos_fuente": [
      "Pictures/Fototeca de Fotos.photoslibrary/resources/renders/D/D148A116-186C-4159-A648-C21609CA3F52.plist"
    ],
    "ultima_modificacion": "2025-08-01 01:00:59.266001"
  },
  "df385238874e48b38424adeaf65be37b.plist": {
    "app_sintetizada": "DF385238874E48B38424ADEAF65BE37B.PLIST",
    "cantidad_archivos": 1,
    "archivos_fuente": [
      "Pictures/Fototeca de Fotos.photoslibrary/resources/renders/D/DF385238-874E-48B3-8424-ADEAF65BE37B.plist"
    ],
    "ultima_modificacion": "2025-08-01 01:00:59.266266"
  },
  "d45d074d0d6d41a081cc4cdd1e2bf22f.plist": {
    "app_sintetizada": "D45D074D0D6D41A081CC4CDD1E2BF22F.PLIST",
    "cantidad_archivos": 1,
    "archivos_fuente": [
      "Pictures/Fototeca de Fotos.photoslibrary/resources/renders/D/D45D074D-0D6D-41A0-81CC-4CDD1E2BF22F.plist"
    ],
    "ultima_modificacion": "2025-08-01 01:00:59.266498"
  },
  "d7caea64e669430896a84708cef1882e.plist": {
    "app_sintetizada": "D7CAEA64E669430896A84708CEF1882E.PLIST",
    "cantidad_archivos": 1,
    "archivos_fuente": [
      "Pictures/Fototeca de Fotos.photoslibrary/resources/renders/D/D7CAEA64-E669-4308-96A8-4708CEF1882E.plist"
    ],
    "ultima_modificacion": "2025-08-01 01:00:59.266761"
  },
  "db1e53182a6a45779dd7c1970154bfda.plist": {
    "app_sintetizada": "DB1E53182A6A45779DD7C1970154BFDA.PLIST",
    "cantidad_archivos": 1,
    "archivos_fuente": [
      "Pictures/Fototeca de Fotos.photoslibrary/resources/renders/D/DB1E5318-2A6A-4577-9DD7-C1970154BFDA.plist"
    ],
    "ultima_modificacion": "2025-08-01 01:00:59.267003"
  },
  "d94a34b505ee438cb5f0d62d862c85ac.plist": {
    "app_sintetizada": "D94A34B505EE438CB5F0D62D862C85AC.PLIST",
    "cantidad_archivos": 1,
    "archivos_fuente": [
      "Pictures/Fototeca de Fotos.photoslibrary/resources/renders/D/D94A34B5-05EE-438C-B5F0-D62D862C85AC.plist"
    ],
    "ultima_modificacion": "2025-08-01 01:00:59.267231"
  },
  "d248204da54b42eb831722963b46ecaf.plist": {
    "app_sintetizada": "D248204DA54B42EB831722963B46ECAF.PLIST",
    "cantidad_archivos": 1,
    "archivos_fuente": [
      "Pictures/Fototeca de Fotos.photoslibrary/resources/renders/D/D248204D-A54B-42EB-8317-22963B46ECAF.plist"
    ],
    "ultima_modificacion": "2025-08-01 01:00:59.267539"
  },
  "dd8546cb6891450694e6cba8c5419569.plist": {
    "app_sintetizada": "DD8546CB6891450694E6CBA8C5419569.PLIST",
    "cantidad_archivos": 1,
    "archivos_fuente": [
      "Pictures/Fototeca de Fotos.photoslibrary/resources/renders/D/DD8546CB-6891-4506-94E6-CBA8C5419569.plist"
    ],
    "ultima_modificacion": "2025-08-01 01:00:59.267741"
  },
  "d003887cb2eb43cfb5348bac18ee44cf.plist": {
    "app_sintetizada": "D003887CB2EB43CFB5348BAC18EE44CF.PLIST",
    "cantidad_archivos": 1,
    "archivos_fuente": [
      "Pictures/Fototeca de Fotos.photoslibrary/resources/renders/D/D003887C-B2EB-43CF-B534-8BAC18EE44CF.plist"
    ],
    "ultima_modificacion": "2025-08-01 01:00:59.267938"
  },
  "da9798d5ae11411f880c847be073fc03.plist": {
    "app_sintetizada": "DA9798D5AE11411F880C847BE073FC03.PLIST",
    "cantidad_archivos": 1,
    "archivos_fuente": [
      "Pictures/Fototeca de Fotos.photoslibrary/resources/renders/D/DA9798D5-AE11-411F-880C-847BE073FC03.plist"
    ],
    "ultima_modificacion": "2025-08-01 01:00:59.268108"
  },
  "d09d39d2f557485185ec3699fb2e85e1.plist": {
    "app_sintetizada": "D09D39D2F557485185EC3699FB2E85E1.PLIST",
    "cantidad_archivos": 1,
    "archivos_fuente": [
      "Pictures/Fototeca de Fotos.photoslibrary/resources/renders/D/D09D39D2-F557-4851-85EC-3699FB2E85E1.plist"
    ],
    "ultima_modificacion": "2025-08-01 01:00:59.268283"
  },
  "d98722f284fa41c8899ef74964038a79.plist": {
    "app_sintetizada": "D98722F284FA41C8899EF74964038A79.PLIST",
    "cantidad_archivos": 1,
    "archivos_fuente": [
      "Pictures/Fototeca de Fotos.photoslibrary/resources/renders/D/D98722F2-84FA-41C8-899E-F74964038A79.plist"
    ],
    "ultima_modificacion": "2025-08-01 01:00:59.268456"
  },
  "d571d861efc047e8bb9ba4b369398388.plist": {
    "app_sintetizada": "D571D861EFC047E8BB9BA4B369398388.PLIST",
    "cantidad_archivos": 1,
    "archivos_fuente": [
      "Pictures/Fototeca de Fotos.photoslibrary/resources/renders/D/D571D861-EFC0-47E8-BB9B-A4B369398388.plist"
    ],
    "ultima_modificacion": "2025-08-01 01:00:59.268645"
  },
  "da791ba3f61e4033aa09b80e7e86c9d9.plist": {
    "app_sintetizada": "DA791BA3F61E4033AA09B80E7E86C9D9.PLIST",
    "cantidad_archivos": 1,
    "archivos_fuente": [
      "Pictures/Fototeca de Fotos.photoslibrary/resources/renders/D/DA791BA3-F61E-4033-AA09-B80E7E86C9D9.plist"
    ],
    "ultima_modificacion": "2025-08-01 01:00:59.268825"
  },
  "d817973a2b95472686c8bbc38f67fb88.plist": {
    "app_sintetizada": "D817973A2B95472686C8BBC38F67FB88.PLIST",
    "cantidad_archivos": 1,
    "archivos_fuente": [
      "Pictures/Fototeca de Fotos.photoslibrary/resources/renders/D/D817973A-2B95-4726-86C8-BBC38F67FB88.plist"
    ],
    "ultima_modificacion": "2025-08-01 01:00:59.269001"
  },
  "d947fa74da32485da0c8501bfb912053.plist": {
    "app_sintetizada": "D947FA74DA32485DA0C8501BFB912053.PLIST",
    "cantidad_archivos": 1,
    "archivos_fuente": [
      "Pictures/Fototeca de Fotos.photoslibrary/resources/renders/D/D947FA74-DA32-485D-A0C8-501BFB912053.plist"
    ],
    "ultima_modificacion": "2025-08-01 01:00:59.269186"
  },
  "d47b38d698684b7280d3fa0c84f58f86.plist": {
    "app_sintetizada": "D47B38D698684B7280D3FA0C84F58F86.PLIST",
    "cantidad_archivos": 1,
    "archivos_fuente": [
      "Pictures/Fototeca de Fotos.photoslibrary/resources/renders/D/D47B38D6-9868-4B72-80D3-FA0C84F58F86.plist"
    ],
    "ultima_modificacion": "2025-08-01 01:00:59.269366"
  },
  "d63cb2b314ca44d69be354ef7200f535.plist": {
    "app_sintetizada": "D63CB2B314CA44D69BE354EF7200F535.PLIST",
    "cantidad_archivos": 1,
    "archivos_fuente": [
      "Pictures/Fototeca de Fotos.photoslibrary/resources/renders/D/D63CB2B3-14CA-44D6-9BE3-54EF7200F535.plist"
    ],
    "ultima_modificacion": "2025-08-01 01:00:59.269598"
  },
  "d69053a77f6d4d3baac2eeec8ef78f76.plist": {
    "app_sintetizada": "D69053A77F6D4D3BAAC2EEEC8EF78F76.PLIST",
    "cantidad_archivos": 1,
    "archivos_fuente": [
      "Pictures/Fototeca de Fotos.photoslibrary/resources/renders/D/D69053A7-7F6D-4D3B-AAC2-EEEC8EF78F76.plist"
    ],
    "ultima_modificacion": "2025-08-01 01:00:59.269869"
  },
  "d35ca5e92b0c4349b8cd07d634a70ad9.plist": {
    "app_sintetizada": "D35CA5E92B0C4349B8CD07D634A70AD9.PLIST",
    "cantidad_archivos": 1,
    "archivos_fuente": [
      "Pictures/Fototeca de Fotos.photoslibrary/resources/renders/D/D35CA5E9-2B0C-4349-B8CD-07D634A70AD9.plist"
    ],
    "ultima_modificacion": "2025-08-01 01:00:59.270100"
  },
  "d9cc7bdc04f548ff86fbe5ff25b42b42.plist": {
    "app_sintetizada": "D9CC7BDC04F548FF86FBE5FF25B42B42.PLIST",
    "cantidad_archivos": 1,
    "archivos_fuente": [
      "Pictures/Fototeca de Fotos.photoslibrary/resources/renders/D/D9CC7BDC-04F5-48FF-86FB-E5FF25B42B42.plist"
    ],
    "ultima_modificacion": "2025-08-01 01:00:59.270375"
  },
  "dd66aa71423f480d9bdf91faadd1dbee.plist": {
    "app_sintetizada": "DD66AA71423F480D9BDF91FAADD1DBEE.PLIST",
    "cantidad_archivos": 1,
    "archivos_fuente": [
      "Pictures/Fototeca de Fotos.photoslibrary/resources/renders/D/DD66AA71-423F-480D-9BDF-91FAADD1DBEE.plist"
    ],
    "ultima_modificacion": "2025-08-01 01:00:59.270585"
  },
  "dea363d624874c86b35d231dcfdbc249.plist": {
    "app_sintetizada": "DEA363D624874C86B35D231DCFDBC249.PLIST",
    "cantidad_archivos": 1,
    "archivos_fuente": [
      "Pictures/Fototeca de Fotos.photoslibrary/resources/renders/D/DEA363D6-2487-4C86-B35D-231DCFDBC249.plist"
    ],
    "ultima_modificacion": "2025-08-01 01:00:59.270766"
  },
  "dfec37a85834406fad2159492fa43ecd.plist": {
    "app_sintetizada": "DFEC37A85834406FAD2159492FA43ECD.PLIST",
    "cantidad_archivos": 1,
    "archivos_fuente": [
      "Pictures/Fototeca de Fotos.photoslibrary/resources/renders/D/DFEC37A8-5834-406F-AD21-59492FA43ECD.plist"
    ],
    "ultima_modificacion": "2025-08-01 01:00:59.270976"
  },
  "df88b26851c74750a2be39a0520a2304.plist": {
    "app_sintetizada": "DF88B26851C74750A2BE39A0520A2304.PLIST",
    "cantidad_archivos": 1,
    "archivos_fuente": [
      "Pictures/Fototeca de Fotos.photoslibrary/resources/renders/D/DF88B268-51C7-4750-A2BE-39A0520A2304.plist"
    ],
    "ultima_modificacion": "2025-08-01 01:00:59.271202"
  },
  "d36a2d8649b0465aa5b06eaba9c4da60.plist": {
    "app_sintetizada": "D36A2D8649B0465AA5B06EABA9C4DA60.PLIST",
    "cantidad_archivos": 1,
    "archivos_fuente": [
      "Pictures/Fototeca de Fotos.photoslibrary/resources/renders/D/D36A2D86-49B0-465A-A5B0-6EABA9C4DA60.plist"
    ],
    "ultima_modificacion": "2025-08-01 01:00:59.271411"
  },
  "d7b8c971dc5d4ddebeaf87b98189d25b.plist": {
    "app_sintetizada": "D7B8C971DC5D4DDEBEAF87B98189D25B.PLIST",
    "cantidad_archivos": 1,
    "archivos_fuente": [
      "Pictures/Fototeca de Fotos.photoslibrary/resources/renders/D/D7B8C971-DC5D-4DDE-BEAF-87B98189D25B.plist"
    ],
    "ultima_modificacion": "2025-08-01 01:00:59.271706"
  },
  "d6e2ebe3296e46268ed33016f2c52dbf.plist": {
    "app_sintetizada": "D6E2EBE3296E46268ED33016F2C52DBF.PLIST",
    "cantidad_archivos": 1,
    "archivos_fuente": [
      "Pictures/Fototeca de Fotos.photoslibrary/resources/renders/D/D6E2EBE3-296E-4626-8ED3-3016F2C52DBF.plist"
    ],
    "ultima_modificacion": "2025-08-01 01:00:59.271929"
  },
  "dd20cb7b757449cbbfd60754e0608b68.plist": {
    "app_sintetizada": "DD20CB7B757449CBBFD60754E0608B68.PLIST",
    "cantidad_archivos": 1,
    "archivos_fuente": [
      "Pictures/Fototeca de Fotos.photoslibrary/resources/renders/D/DD20CB7B-7574-49CB-BFD6-0754E0608B68.plist"
    ],
    "ultima_modificacion": "2025-08-01 01:00:59.272235"
  },
  "d02cc493c8954631ac50ded8c1b814f2.plist": {
    "app_sintetizada": "D02CC493C8954631AC50DED8C1B814F2.PLIST",
    "cantidad_archivos": 1,
    "archivos_fuente": [
      "Pictures/Fototeca de Fotos.photoslibrary/resources/renders/D/D02CC493-C895-4631-AC50-DED8C1B814F2.plist"
    ],
    "ultima_modificacion": "2025-08-01 01:00:59.272475"
  },
  "d91d845f5bde4ce4bc43a6396c8f5ebc.plist": {
    "app_sintetizada": "D91D845F5BDE4CE4BC43A6396C8F5EBC.PLIST",
    "cantidad_archivos": 1,
    "archivos_fuente": [
      "Pictures/Fototeca de Fotos.photoslibrary/resources/renders/D/D91D845F-5BDE-4CE4-BC43-A6396C8F5EBC.plist"
    ],
    "ultima_modificacion": "2025-08-01 01:00:59.272730"
  },
  "d16defabda14488c94f768f1392a2970.plist": {
    "app_sintetizada": "D16DEFABDA14488C94F768F1392A2970.PLIST",
    "cantidad_archivos": 1,
    "archivos_fuente": [
      "Pictures/Fototeca de Fotos.photoslibrary/resources/renders/D/D16DEFAB-DA14-488C-94F7-68F1392A2970.plist"
    ],
    "ultima_modificacion": "2025-08-01 01:00:59.272947"
  },
  "de6645459a2a443794987be1419fc998.plist": {
    "app_sintetizada": "DE6645459A2A443794987BE1419FC998.PLIST",
    "cantidad_archivos": 1,
    "archivos_fuente": [
      "Pictures/Fototeca de Fotos.photoslibrary/resources/renders/D/DE664545-9A2A-4437-9498-7BE1419FC998.plist"
    ],
    "ultima_modificacion": "2025-08-01 01:00:59.273130"
  },
  "de969ea755594736aa53b9be3e451d71.plist": {
    "app_sintetizada": "DE969EA755594736AA53B9BE3E451D71.PLIST",
    "cantidad_archivos": 1,
    "archivos_fuente": [
      "Pictures/Fototeca de Fotos.photoslibrary/resources/renders/D/DE969EA7-5559-4736-AA53-B9BE3E451D71.plist"
    ],
    "ultima_modificacion": "2025-08-01 01:00:59.273308"
  },
  "df91cffb781a4d4c93fcb08d22624dd9.plist": {
    "app_sintetizada": "DF91CFFB781A4D4C93FCB08D22624DD9.PLIST",
    "cantidad_archivos": 1,
    "archivos_fuente": [
      "Pictures/Fototeca de Fotos.photoslibrary/resources/renders/D/DF91CFFB-781A-4D4C-93FC-B08D22624DD9.plist"
    ],
    "ultima_modificacion": "2025-08-01 01:00:59.273498"
  },
  "d5883745923f4aae86029c5bb31e69c8.plist": {
    "app_sintetizada": "D5883745923F4AAE86029C5BB31E69C8.PLIST",
    "cantidad_archivos": 1,
    "archivos_fuente": [
      "Pictures/Fototeca de Fotos.photoslibrary/resources/renders/D/D5883745-923F-4AAE-8602-9C5BB31E69C8.plist"
    ],
    "ultima_modificacion": "2025-08-01 01:00:59.273671"
  },
  "d1147670e0e344409298669df36ec453.plist": {
    "app_sintetizada": "D1147670E0E344409298669DF36EC453.PLIST",
    "cantidad_archivos": 1,
    "archivos_fuente": [
      "Pictures/Fototeca de Fotos.photoslibrary/resources/renders/D/D1147670-E0E3-4440-9298-669DF36EC453.plist"
    ],
    "ultima_modificacion": "2025-08-01 01:00:59.273840"
  },
  "d2cf52d3b9fa4c0281ec5473ce7556fa.plist": {
    "app_sintetizada": "D2CF52D3B9FA4C0281EC5473CE7556FA.PLIST",
    "cantidad_archivos": 1,
    "archivos_fuente": [
      "Pictures/Fototeca de Fotos.photoslibrary/resources/renders/D/D2CF52D3-B9FA-4C02-81EC-5473CE7556FA.plist"
    ],
    "ultima_modificacion": "2025-08-01 01:00:59.274021"
  },
  "d873be21444d469cb00558a16ddc36da.plist": {
    "app_sintetizada": "D873BE21444D469CB00558A16DDC36DA.PLIST",
    "cantidad_archivos": 1,
    "archivos_fuente": [
      "Pictures/Fototeca de Fotos.photoslibrary/resources/renders/D/D873BE21-444D-469C-B005-58A16DDC36DA.plist"
    ],
    "ultima_modificacion": "2025-08-01 01:00:59.274188"
  },
  "d7c938a9dace4c338f5e0a3f75552b9b.plist": {
    "app_sintetizada": "D7C938A9DACE4C338F5E0A3F75552B9B.PLIST",
    "cantidad_archivos": 1,
    "archivos_fuente": [
      "Pictures/Fototeca de Fotos.photoslibrary/resources/renders/D/D7C938A9-DACE-4C33-8F5E-0A3F75552B9B.plist"
    ],
    "ultima_modificacion": "2025-08-01 01:00:59.274352"
  },
  "dd5828da37854670b6ff7a46d3b13ff6.plist": {
    "app_sintetizada": "DD5828DA37854670B6FF7A46D3B13FF6.PLIST",
    "cantidad_archivos": 1,
    "archivos_fuente": [
      "Pictures/Fototeca de Fotos.photoslibrary/resources/renders/D/DD5828DA-3785-4670-B6FF-7A46D3B13FF6.plist"
    ],
    "ultima_modificacion": "2025-08-01 01:00:59.274519"
  },
  "d85353f5e02442a490eb3e72067bcefc.plist": {
    "app_sintetizada": "D85353F5E02442A490EB3E72067BCEFC.PLIST",
    "cantidad_archivos": 1,
    "archivos_fuente": [
      "Pictures/Fototeca de Fotos.photoslibrary/resources/renders/D/D85353F5-E024-42A4-90EB-3E72067BCEFC.plist"
    ],
    "ultima_modificacion": "2025-08-01 01:00:59.274682"
  },
  "d42d0756e8be46508c5156c535922246.plist": {
    "app_sintetizada": "D42D0756E8BE46508C5156C535922246.PLIST",
    "cantidad_archivos": 1,
    "archivos_fuente": [
      "Pictures/Fototeca de Fotos.photoslibrary/resources/renders/D/D42D0756-E8BE-4650-8C51-56C535922246.plist"
    ],
    "ultima_modificacion": "2025-08-01 01:00:59.274849"
  },
  "d44b4990962143fbbeda1ce6b6b41e90.plist": {
    "app_sintetizada": "D44B4990962143FBBEDA1CE6B6B41E90.PLIST",
    "cantidad_archivos": 1,
    "archivos_fuente": [
      "Pictures/Fototeca de Fotos.photoslibrary/resources/renders/D/D44B4990-9621-43FB-BEDA-1CE6B6B41E90.plist"
    ],
    "ultima_modificacion": "2025-08-01 01:00:59.275010"
  },
  "dc5326d0c36f45558fef9c1785c18a85.plist": {
    "app_sintetizada": "DC5326D0C36F45558FEF9C1785C18A85.PLIST",
    "cantidad_archivos": 1,
    "archivos_fuente": [
      "Pictures/Fototeca de Fotos.photoslibrary/resources/renders/D/DC5326D0-C36F-4555-8FEF-9C1785C18A85.plist"
    ],
    "ultima_modificacion": "2025-08-01 01:00:59.275174"
  },
  "db8e9c49733643e9861744b68ace0d08.plist": {
    "app_sintetizada": "DB8E9C49733643E9861744B68ACE0D08.PLIST",
    "cantidad_archivos": 1,
    "archivos_fuente": [
      "Pictures/Fototeca de Fotos.photoslibrary/resources/renders/D/DB8E9C49-7336-43E9-8617-44B68ACE0D08.plist"
    ],
    "ultima_modificacion": "2025-08-01 01:00:59.275341"
  },
  "d02b7bdf259b4827a530a9e4d469f13b.plist": {
    "app_sintetizada": "D02B7BDF259B4827A530A9E4D469F13B.PLIST",
    "cantidad_archivos": 1,
    "archivos_fuente": [
      "Pictures/Fototeca de Fotos.photoslibrary/resources/renders/D/D02B7BDF-259B-4827-A530-A9E4D469F13B.plist"
    ],
    "ultima_modificacion": "2025-08-01 01:00:59.275609"
  },
  "d77d1ccbc25a454f95590d9366d6cf28.plist": {
    "app_sintetizada": "D77D1CCBC25A454F95590D9366D6CF28.PLIST",
    "cantidad_archivos": 1,
    "archivos_fuente": [
      "Pictures/Fototeca de Fotos.photoslibrary/resources/renders/D/D77D1CCB-C25A-454F-9559-0D9366D6CF28.plist"
    ],
    "ultima_modificacion": "2025-08-01 01:00:59.275852"
  },
  "d64de4f7450941ff87d02f9a6fc5b262.plist": {
    "app_sintetizada": "D64DE4F7450941FF87D02F9A6FC5B262.PLIST",
    "cantidad_archivos": 1,
    "archivos_fuente": [
      "Pictures/Fototeca de Fotos.photoslibrary/resources/renders/D/D64DE4F7-4509-41FF-87D0-2F9A6FC5B262.plist"
    ],
    "ultima_modificacion": "2025-08-01 01:00:59.276073"
  },
  "dcf899e02bb5422596116ead3b090792.plist": {
    "app_sintetizada": "DCF899E02BB5422596116EAD3B090792.PLIST",
    "cantidad_archivos": 1,
    "archivos_fuente": [
      "Pictures/Fototeca de Fotos.photoslibrary/resources/renders/D/DCF899E0-2BB5-4225-9611-6EAD3B090792.plist"
    ],
    "ultima_modificacion": "2025-08-01 01:00:59.276313"
  },
  "d0847ceaf76d4162a7c6027cd745fe44.plist": {
    "app_sintetizada": "D0847CEAF76D4162A7C6027CD745FE44.PLIST",
    "cantidad_archivos": 1,
    "archivos_fuente": [
      "Pictures/Fototeca de Fotos.photoslibrary/resources/renders/D/D0847CEA-F76D-4162-A7C6-027CD745FE44.plist"
    ],
    "ultima_modificacion": "2025-08-01 01:00:59.276511"
  },
  "dcc9ab87009e4c20bb3ade1a49d5a984.plist": {
    "app_sintetizada": "DCC9AB87009E4C20BB3ADE1A49D5A984.PLIST",
    "cantidad_archivos": 1,
    "archivos_fuente": [
      "Pictures/Fototeca de Fotos.photoslibrary/resources/renders/D/DCC9AB87-009E-4C20-BB3A-DE1A49D5A984.plist"
    ],
    "ultima_modificacion": "2025-08-01 01:00:59.276691"
  },
  "d7b5468de02a4a7ea51ba372ef3636c8.plist": {
    "app_sintetizada": "D7B5468DE02A4A7EA51BA372EF3636C8.PLIST",
    "cantidad_archivos": 1,
    "archivos_fuente": [
      "Pictures/Fototeca de Fotos.photoslibrary/resources/renders/D/D7B5468D-E02A-4A7E-A51B-A372EF3636C8.plist"
    ],
    "ultima_modificacion": "2025-08-01 01:00:59.276870"
  },
  "ddb460ba5d7048ca840b57c0ca239b57.plist": {
    "app_sintetizada": "DDB460BA5D7048CA840B57C0CA239B57.PLIST",
    "cantidad_archivos": 1,
    "archivos_fuente": [
      "Pictures/Fototeca de Fotos.photoslibrary/resources/renders/D/DDB460BA-5D70-48CA-840B-57C0CA239B57.plist"
    ],
    "ultima_modificacion": "2025-08-01 01:00:59.277046"
  },
  "d3fc0a11c15c42bbb68c2c88edf8508b.plist": {
    "app_sintetizada": "D3FC0A11C15C42BBB68C2C88EDF8508B.PLIST",
    "cantidad_archivos": 1,
    "archivos_fuente": [
      "Pictures/Fototeca de Fotos.photoslibrary/resources/renders/D/D3FC0A11-C15C-42BB-B68C-2C88EDF8508B.plist"
    ],
    "ultima_modificacion": "2025-08-01 01:00:59.277219"
  },
  "d6aa35a7eea446f0bc2d2e5d55700f8b.plist": {
    "app_sintetizada": "D6AA35A7EEA446F0BC2D2E5D55700F8B.PLIST",
    "cantidad_archivos": 1,
    "archivos_fuente": [
      "Pictures/Fototeca de Fotos.photoslibrary/resources/renders/D/D6AA35A7-EEA4-46F0-BC2D-2E5D55700F8B.plist"
    ],
    "ultima_modificacion": "2025-08-01 01:00:59.277388"
  },
  "de78bfbd1be34088a862342c863302b0.plist": {
    "app_sintetizada": "DE78BFBD1BE34088A862342C863302B0.PLIST",
    "cantidad_archivos": 1,
    "archivos_fuente": [
      "Pictures/Fototeca de Fotos.photoslibrary/resources/renders/D/DE78BFBD-1BE3-4088-A862-342C863302B0.plist"
    ],
    "ultima_modificacion": "2025-08-01 01:00:59.277555"
  },
  "d79f1de25da24885a3a00b38685a3dd2.plist": {
    "app_sintetizada": "D79F1DE25DA24885A3A00B38685A3DD2.PLIST",
    "cantidad_archivos": 1,
    "archivos_fuente": [
      "Pictures/Fototeca de Fotos.photoslibrary/resources/renders/D/D79F1DE2-5DA2-4885-A3A0-0B38685A3DD2.plist"
    ],
    "ultima_modificacion": "2025-08-01 01:00:59.277721"
  },
  "dbd3ca08839a48debeb2f84eb18a27ba.plist": {
    "app_sintetizada": "DBD3CA08839A48DEBEB2F84EB18A27BA.PLIST",
    "cantidad_archivos": 1,
    "archivos_fuente": [
      "Pictures/Fototeca de Fotos.photoslibrary/resources/renders/D/DBD3CA08-839A-48DE-BEB2-F84EB18A27BA.plist"
    ],
    "ultima_modificacion": "2025-08-01 01:00:59.277886"
  },
  "daa9d5880a1f42f3b85e4b91d2d1a6cd.plist": {
    "app_sintetizada": "DAA9D5880A1F42F3B85E4B91D2D1A6CD.PLIST",
    "cantidad_archivos": 1,
    "archivos_fuente": [
      "Pictures/Fototeca de Fotos.photoslibrary/resources/renders/D/DAA9D588-0A1F-42F3-B85E-4B91D2D1A6CD.plist"
    ],
    "ultima_modificacion": "2025-08-01 01:00:59.278050"
  },
  "4572dc9c924d40389eacbb6678d39bee.plist": {
    "app_sintetizada": "4572DC9C924D40389EACBB6678D39BEE.PLIST",
    "cantidad_archivos": 1,
    "archivos_fuente": [
      "Pictures/Fototeca de Fotos.photoslibrary/resources/renders/4/4572DC9C-924D-4038-9EAC-BB6678D39BEE.plist"
    ],
    "ultima_modificacion": "2025-08-01 01:00:59.278210"
  },
  "441c0f5cd4a84d6b9b76da0fa3fe43f3.plist": {
    "app_sintetizada": "441C0F5CD4A84D6B9B76DA0FA3FE43F3.PLIST",
    "cantidad_archivos": 1,
    "archivos_fuente": [
      "Pictures/Fototeca de Fotos.photoslibrary/resources/renders/4/441C0F5C-D4A8-4D6B-9B76-DA0FA3FE43F3.plist"
    ],
    "ultima_modificacion": "2025-08-01 01:00:59.278372"
  },
  "4922333cd07a479db288730c7a0d7717.plist": {
    "app_sintetizada": "4922333CD07A479DB288730C7A0D7717.PLIST",
    "cantidad_archivos": 1,
    "archivos_fuente": [
      "Pictures/Fototeca de Fotos.photoslibrary/resources/renders/4/4922333C-D07A-479D-B288-730C7A0D7717.plist"
    ],
    "ultima_modificacion": "2025-08-01 01:00:59.278533"
  },
  "40b452de9323401aa8e5fa86a4fca076.plist": {
    "app_sintetizada": "40B452DE9323401AA8E5FA86A4FCA076.PLIST",
    "cantidad_archivos": 1,
    "archivos_fuente": [
      "Pictures/Fototeca de Fotos.photoslibrary/resources/renders/4/40B452DE-9323-401A-A8E5-FA86A4FCA076.plist"
    ],
    "ultima_modificacion": "2025-08-01 01:00:59.278806"
  },
  "4aa50553ae9f43a0b2613ed3515346d6.plist": {
    "app_sintetizada": "4AA50553AE9F43A0B2613ED3515346D6.PLIST",
    "cantidad_archivos": 1,
    "archivos_fuente": [
      "Pictures/Fototeca de Fotos.photoslibrary/resources/renders/4/4AA50553-AE9F-43A0-B261-3ED3515346D6.plist"
    ],
    "ultima_modificacion": "2025-08-01 01:00:59.279057"
  },
  "485d9ae6e2984f75b5ac886e7d56be02.plist": {
    "app_sintetizada": "485D9AE6E2984F75B5AC886E7D56BE02.PLIST",
    "cantidad_archivos": 1,
    "archivos_fuente": [
      "Pictures/Fototeca de Fotos.photoslibrary/resources/renders/4/485D9AE6-E298-4F75-B5AC-886E7D56BE02.plist"
    ],
    "ultima_modificacion": "2025-08-01 01:00:59.279282"
  },
  "4c7650181cc14a42a051e57f8208ce5e.plist": {
    "app_sintetizada": "4C7650181CC14A42A051E57F8208CE5E.PLIST",
    "cantidad_archivos": 1,
    "archivos_fuente": [
      "Pictures/Fototeca de Fotos.photoslibrary/resources/renders/4/4C765018-1CC1-4A42-A051-E57F8208CE5E.plist"
    ],
    "ultima_modificacion": "2025-08-01 01:00:59.279465"
  },
  "46f6482e762a4b97b9218f90c4821c73.plist": {
    "app_sintetizada": "46F6482E762A4B97B9218F90C4821C73.PLIST",
    "cantidad_archivos": 1,
    "archivos_fuente": [
      "Pictures/Fototeca de Fotos.photoslibrary/resources/renders/4/46F6482E-762A-4B97-B921-8F90C4821C73.plist"
    ],
    "ultima_modificacion": "2025-08-01 01:00:59.279642"
  },
  "44d8c289873549af81d225b889b28b9c.plist": {
    "app_sintetizada": "44D8C289873549AF81D225B889B28B9C.PLIST",
    "cantidad_archivos": 1,
    "archivos_fuente": [
      "Pictures/Fototeca de Fotos.photoslibrary/resources/renders/4/44D8C289-8735-49AF-81D2-25B889B28B9C.plist"
    ],
    "ultima_modificacion": "2025-08-01 01:00:59.279888"
  },
  "41226bb7d3bc4cedbd25e461dcbee75d.plist": {
    "app_sintetizada": "41226BB7D3BC4CEDBD25E461DCBEE75D.PLIST",
    "cantidad_archivos": 1,
    "archivos_fuente": [
      "Pictures/Fototeca de Fotos.photoslibrary/resources/renders/4/41226BB7-D3BC-4CED-BD25-E461DCBEE75D.plist"
    ],
    "ultima_modificacion": "2025-08-01 01:00:59.280146"
  },
  "45241ea7278c4b16ae0daa09f38649d9.plist": {
    "app_sintetizada": "45241EA7278C4B16AE0DAA09F38649D9.PLIST",
    "cantidad_archivos": 1,
    "archivos_fuente": [
      "Pictures/Fototeca de Fotos.photoslibrary/resources/renders/4/45241EA7-278C-4B16-AE0D-AA09F38649D9.plist"
    ],
    "ultima_modificacion": "2025-08-01 01:00:59.280634"
  },
  "4120b7eda20046fba1d8ea07529680d7.plist": {
    "app_sintetizada": "4120B7EDA20046FBA1D8EA07529680D7.PLIST",
    "cantidad_archivos": 1,
    "archivos_fuente": [
      "Pictures/Fototeca de Fotos.photoslibrary/resources/renders/4/4120B7ED-A200-46FB-A1D8-EA07529680D7.plist"
    ],
    "ultima_modificacion": "2025-08-01 01:00:59.280816"
  },
  "47623e1a998b48739659f852242769f5.plist": {
    "app_sintetizada": "47623E1A998B48739659F852242769F5.PLIST",
    "cantidad_archivos": 1,
    "archivos_fuente": [
      "Pictures/Fototeca de Fotos.photoslibrary/resources/renders/4/47623E1A-998B-4873-9659-F852242769F5.plist"
    ],
    "ultima_modificacion": "2025-08-01 01:00:59.280985"
  },
  "4da0d2d1bc50428cac83ca3aa58a20c7.plist": {
    "app_sintetizada": "4DA0D2D1BC50428CAC83CA3AA58A20C7.PLIST",
    "cantidad_archivos": 1,
    "archivos_fuente": [
      "Pictures/Fototeca de Fotos.photoslibrary/resources/renders/4/4DA0D2D1-BC50-428C-AC83-CA3AA58A20C7.plist"
    ],
    "ultima_modificacion": "2025-08-01 01:00:59.281160"
  },
  "49da4837fb2c4cf48c5b51a5dd1a3e55.plist": {
    "app_sintetizada": "49DA4837FB2C4CF48C5B51A5DD1A3E55.PLIST",
    "cantidad_archivos": 1,
    "archivos_fuente": [
      "Pictures/Fototeca de Fotos.photoslibrary/resources/renders/4/49DA4837-FB2C-4CF4-8C5B-51A5DD1A3E55.plist"
    ],
    "ultima_modificacion": "2025-08-01 01:00:59.281328"
  },
  "4b86408d08564ce18168f09a6a11b1c1.plist": {
    "app_sintetizada": "4B86408D08564CE18168F09A6A11B1C1.PLIST",
    "cantidad_archivos": 1,
    "archivos_fuente": [
      "Pictures/Fototeca de Fotos.photoslibrary/resources/renders/4/4B86408D-0856-4CE1-8168-F09A6A11B1C1.plist"
    ],
    "ultima_modificacion": "2025-08-01 01:00:59.281498"
  },
  "40711356bdd944378b1736ebb308bedf.plist": {
    "app_sintetizada": "40711356BDD944378B1736EBB308BEDF.PLIST",
    "cantidad_archivos": 1,
    "archivos_fuente": [
      "Pictures/Fototeca de Fotos.photoslibrary/resources/renders/4/40711356-BDD9-4437-8B17-36EBB308BEDF.plist"
    ],
    "ultima_modificacion": "2025-08-01 01:00:59.281661"
  },
  "4334b40508b945e7876b76b05288d243.plist": {
    "app_sintetizada": "4334B40508B945E7876B76B05288D243.PLIST",
    "cantidad_archivos": 1,
    "archivos_fuente": [
      "Pictures/Fototeca de Fotos.photoslibrary/resources/renders/4/4334B405-08B9-45E7-876B-76B05288D243.plist"
    ],
    "ultima_modificacion": "2025-08-01 01:00:59.281824"
  },
  "416e367a80cc466aac92acce3388f261.plist": {
    "app_sintetizada": "416E367A80CC466AAC92ACCE3388F261.PLIST",
    "cantidad_archivos": 1,
    "archivos_fuente": [
      "Pictures/Fototeca de Fotos.photoslibrary/resources/renders/4/416E367A-80CC-466A-AC92-ACCE3388F261.plist"
    ],
    "ultima_modificacion": "2025-08-01 01:00:59.282008"
  },
  "41e675c9d1624e5983a7978b08ef2e66.plist": {
    "app_sintetizada": "41E675C9D1624E5983A7978B08EF2E66.PLIST",
    "cantidad_archivos": 1,
    "archivos_fuente": [
      "Pictures/Fototeca de Fotos.photoslibrary/resources/renders/4/41E675C9-D162-4E59-83A7-978B08EF2E66.plist"
    ],
    "ultima_modificacion": "2025-08-01 01:00:59.282261"
  },
  "4e2ce75a284f41f3a7c81c8d90e449ff.plist": {
    "app_sintetizada": "4E2CE75A284F41F3A7C81C8D90E449FF.PLIST",
    "cantidad_archivos": 1,
    "archivos_fuente": [
      "Pictures/Fototeca de Fotos.photoslibrary/resources/renders/4/4E2CE75A-284F-41F3-A7C8-1C8D90E449FF.plist"
    ],
    "ultima_modificacion": "2025-08-01 01:00:59.282546"
  },
  "41120d5fbd2742529c7766f9df5ed216.plist": {
    "app_sintetizada": "41120D5FBD2742529C7766F9DF5ED216.PLIST",
    "cantidad_archivos": 1,
    "archivos_fuente": [
      "Pictures/Fototeca de Fotos.photoslibrary/resources/renders/4/41120D5F-BD27-4252-9C77-66F9DF5ED216.plist"
    ],
    "ultima_modificacion": "2025-08-01 01:00:59.283088"
  },
  "4442789b916741e087b8fddbed6d631e.plist": {
    "app_sintetizada": "4442789B916741E087B8FDDBED6D631E.PLIST",
    "cantidad_archivos": 1,
    "archivos_fuente": [
      "Pictures/Fototeca de Fotos.photoslibrary/resources/renders/4/4442789B-9167-41E0-87B8-FDDBED6D631E.plist"
    ],
    "ultima_modificacion": "2025-08-01 01:00:59.283344"
  },
  "4a5e955bf24c43998f6f26548b613fa3.plist": {
    "app_sintetizada": "4A5E955BF24C43998F6F26548B613FA3.PLIST",
    "cantidad_archivos": 1,
    "archivos_fuente": [
      "Pictures/Fototeca de Fotos.photoslibrary/resources/renders/4/4A5E955B-F24C-4399-8F6F-26548B613FA3.plist"
    ],
    "ultima_modificacion": "2025-08-01 01:00:59.283583"
  },
  "4a49557bec614369ada5fbce3b25bebc.plist": {
    "app_sintetizada": "4A49557BEC614369ADA5FBCE3B25BEBC.PLIST",
    "cantidad_archivos": 1,
    "archivos_fuente": [
      "Pictures/Fototeca de Fotos.photoslibrary/resources/renders/4/4A49557B-EC61-4369-ADA5-FBCE3B25BEBC.plist"
    ],
    "ultima_modificacion": "2025-08-01 01:00:59.283823"
  },
  "460a5acdf0a2496cab204b5e605798c2.plist": {
    "app_sintetizada": "460A5ACDF0A2496CAB204B5E605798C2.PLIST",
    "cantidad_archivos": 1,
    "archivos_fuente": [
      "Pictures/Fototeca de Fotos.photoslibrary/resources/renders/4/460A5ACD-F0A2-496C-AB20-4B5E605798C2.plist"
    ],
    "ultima_modificacion": "2025-08-01 01:00:59.284060"
  }
}