{
  "4ebb2ff66be1487e819c2cae651f8f93.plist": {
    "app_sintetizada": "4EBB2FF66BE1487E819C2CAE651F8F93.PLIST",
    "cantidad_archivos": 1,
    "archivos_fuente": [
      "Pictures/Fototeca de Fotos.photoslibrary/resources/renders/4/4EBB2FF6-6BE1-487E-819C-2CAE651F8F93.plist"
    ],
    "ultima_modificacion": "2025-08-01 01:00:59.284290"
  },
  "4b2f37cbc1fe4768be37d60e872254c5.plist": {
    "app_sintetizada": "4B2F37CBC1FE4768BE37D60E872254C5.PLIST",
    "cantidad_archivos": 1,
    "archivos_fuente": [
      "Pictures/Fototeca de Fotos.photoslibrary/resources/renders/4/4B2F37CB-C1FE-4768-BE37-D60E872254C5.plist"
    ],
    "ultima_modificacion": "2025-08-01 01:00:59.284515"
  },
  "4199935a242b4d50a8fa56699eab7536.plist": {
    "app_sintetizada": "4199935A242B4D50A8FA56699EAB7536.PLIST",
    "cantidad_archivos": 1,
    "archivos_fuente": [
      "Pictures/Fototeca de Fotos.photoslibrary/resources/renders/4/4199935A-242B-4D50-A8FA-56699EAB7536.plist"
    ],
    "ultima_modificacion": "2025-08-01 01:00:59.284816"
  },
  "4f55ba071b4c4caf9531f57446728955.plist": {
    "app_sintetizada": "4F55BA071B4C4CAF9531F57446728955.PLIST",
    "cantidad_archivos": 1,
    "archivos_fuente": [
      "Pictures/Fototeca de Fotos.photoslibrary/resources/renders/4/4F55BA07-1B4C-4CAF-9531-F57446728955.plist"
    ],
    "ultima_modificacion": "2025-08-01 01:00:59.285053"
  },
  "49587832167644f0b534d560220f347d.plist": {
    "app_sintetizada": "49587832167644F0B534D560220F347D.PLIST",
    "cantidad_archivos": 1,
    "archivos_fuente": [
      "Pictures/Fototeca de Fotos.photoslibrary/resources/renders/4/49587832-1676-44F0-B534-D560220F347D.plist"
    ],
    "ultima_modificacion": "2025-08-01 01:00:59.285246"
  },
  "41fe44f3fb4043cf80b84485d984fb70.plist": {
    "app_sintetizada": "41FE44F3FB4043CF80B84485D984FB70.PLIST",
    "cantidad_archivos": 1,
    "archivos_fuente": [
      "Pictures/Fototeca de Fotos.photoslibrary/resources/renders/4/41FE44F3-FB40-43CF-80B8-4485D984FB70.plist"
    ],
    "ultima_modificacion": "2025-08-01 01:00:59.285421"
  },
  "42be05c362ad42b68dbfaef4c3c8be60.plist": {
    "app_sintetizada": "42BE05C362AD42B68DBFAEF4C3C8BE60.PLIST",
    "cantidad_archivos": 1,
    "archivos_fuente": [
      "Pictures/Fototeca de Fotos.photoslibrary/resources/renders/4/42BE05C3-62AD-42B6-8DBF-AEF4C3C8BE60.plist"
    ],
    "ultima_modificacion": "2025-08-01 01:00:59.285612"
  },
  "4e6e6cc8e8b34b1bae5db54dda9a6a17.plist": {
    "app_sintetizada": "4E6E6CC8E8B34B1BAE5DB54DDA9A6A17.PLIST",
    "cantidad_archivos": 1,
    "archivos_fuente": [
      "Pictures/Fototeca de Fotos.photoslibrary/resources/renders/4/4E6E6CC8-E8B3-4B1B-AE5D-B54DDA9A6A17.plist"
    ],
    "ultima_modificacion": "2025-08-01 01:00:59.285880"
  },
  "408202d4c6014d4b8f56e5d41c98aaf9.plist": {
    "app_sintetizada": "408202D4C6014D4B8F56E5D41C98AAF9.PLIST",
    "cantidad_archivos": 1,
    "archivos_fuente": [
      "Pictures/Fototeca de Fotos.photoslibrary/resources/renders/4/408202D4-C601-4D4B-8F56-E5D41C98AAF9.plist"
    ],
    "ultima_modificacion": "2025-08-01 01:00:59.286152"
  },
  "4aa1e005cbc24c37a60671ecb675447d.plist": {
    "app_sintetizada": "4AA1E005CBC24C37A60671ECB675447D.PLIST",
    "cantidad_archivos": 1,
    "archivos_fuente": [
      "Pictures/Fototeca de Fotos.photoslibrary/resources/renders/4/4AA1E005-CBC2-4C37-A606-71ECB675447D.plist"
    ],
    "ultima_modificacion": "2025-08-01 01:00:59.286452"
  },
  "41212b2b47534e1390a8293ae0e19365.plist": {
    "app_sintetizada": "41212B2B47534E1390A8293AE0E19365.PLIST",
    "cantidad_archivos": 1,
    "archivos_fuente": [
      "Pictures/Fototeca de Fotos.photoslibrary/resources/renders/4/41212B2B-4753-4E13-90A8-293AE0E19365.plist"
    ],
    "ultima_modificacion": "2025-08-01 01:00:59.286728"
  },
  "4f4d749ca9264d4f95150973246392c2.plist": {
    "app_sintetizada": "4F4D749CA9264D4F95150973246392C2.PLIST",
    "cantidad_archivos": 1,
    "archivos_fuente": [
      "Pictures/Fototeca de Fotos.photoslibrary/resources/renders/4/4F4D749C-A926-4D4F-9515-0973246392C2.plist"
    ],
    "ultima_modificacion": "2025-08-01 01:00:59.287059"
  },
  "43d0b24eeecc41239c350a80e44c9df2.plist": {
    "app_sintetizada": "43D0B24EEECC41239C350A80E44C9DF2.PLIST",
    "cantidad_archivos": 1,
    "archivos_fuente": [
      "Pictures/Fototeca de Fotos.photoslibrary/resources/renders/4/43D0B24E-EECC-4123-9C35-0A80E44C9DF2.plist"
    ],
    "ultima_modificacion": "2025-08-01 01:00:59.287550"
  },
  "46d7bf5657f74e3db067676905118987.plist": {
    "app_sintetizada": "46D7BF5657F74E3DB067676905118987.PLIST",
    "cantidad_archivos": 1,
    "archivos_fuente": [
      "Pictures/Fototeca de Fotos.photoslibrary/resources/renders/4/46D7BF56-57F7-4E3D-B067-676905118987.plist"
    ],
    "ultima_modificacion": "2025-08-01 01:00:59.287822"
  },
  "456fd051a8dc4de89bcba728d9ce6e41.plist": {
    "app_sintetizada": "456FD051A8DC4DE89BCBA728D9CE6E41.PLIST",
    "cantidad_archivos": 1,
    "archivos_fuente": [
      "Pictures/Fototeca de Fotos.photoslibrary/resources/renders/4/456FD051-A8DC-4DE8-9BCB-A728D9CE6E41.plist"
    ],
    "ultima_modificacion": "2025-08-01 01:00:59.288107"
  },
  "4bda5fab65924b258f6657a6d5305c86.plist": {
    "app_sintetizada": "4BDA5FAB65924B258F6657A6D5305C86.PLIST",
    "cantidad_archivos": 1,
    "archivos_fuente": [
      "Pictures/Fototeca de Fotos.photoslibrary/resources/renders/4/4BDA5FAB-6592-4B25-8F66-57A6D5305C86.plist"
    ],
    "ultima_modificacion": "2025-08-01 01:00:59.288379"
  },
  "4eed30d850c3431084ee1375a32a8e0e.plist": {
    "app_sintetizada": "4EED30D850C3431084EE1375A32A8E0E.PLIST",
    "cantidad_archivos": 1,
    "archivos_fuente": [
      "Pictures/Fototeca de Fotos.photoslibrary/resources/renders/4/4EED30D8-50C3-4310-84EE-1375A32A8E0E.plist"
    ],
    "ultima_modificacion": "2025-08-01 01:00:59.288684"
  },
  "4ba6c6b8088c4933985e8f7e44f8c1d9.plist": {
    "app_sintetizada": "4BA6C6B8088C4933985E8F7E44F8C1D9.PLIST",
    "cantidad_archivos": 1,
    "archivos_fuente": [
      "Pictures/Fototeca de Fotos.photoslibrary/resources/renders/4/4BA6C6B8-088C-4933-985E-8F7E44F8C1D9.plist"
    ],
    "ultima_modificacion": "2025-08-01 01:00:59.288950"
  },
  "4a5e955bf24c43998f6f26548b613fa3p.heic": {
    "app_sintetizada": "4A5E955BF24C43998F6F26548B613FA3P.HEIC",
    "cantidad_archivos": 1,
    "archivos_fuente": [
      "Pictures/Fototeca de Fotos.photoslibrary/resources/renders/4/4A5E955B-F24C-4399-8F6F-26548B613FA3_p.heic"
    ],
    "ultima_modificacion": "2025-08-01 01:00:59.289216"
  },
  "497eab4ef1ea4645b7b11e5c87817b4d.plist": {
    "app_sintetizada": "497EAB4EF1EA4645B7B11E5C87817B4D.PLIST",
    "cantidad_archivos": 1,
    "archivos_fuente": [
      "Pictures/Fototeca de Fotos.photoslibrary/resources/renders/4/497EAB4E-F1EA-4645-B7B1-1E5C87817B4D.plist"
    ],
    "ultima_modificacion": "2025-08-01 01:00:59.289487"
  },
  "40daae885a0647c59dcc335cc26c4225.plist": {
    "app_sintetizada": "40DAAE885A0647C59DCC335CC26C4225.PLIST",
    "cantidad_archivos": 1,
    "archivos_fuente": [
      "Pictures/Fototeca de Fotos.photoslibrary/resources/renders/4/40DAAE88-5A06-47C5-9DCC-335CC26C4225.plist"
    ],
    "ultima_modificacion": "2025-08-01 01:00:59.289735"
  },
  "44a956b70b0c415387d5e91ef2ddec4c.plist": {
    "app_sintetizada": "44A956B70B0C415387D5E91EF2DDEC4C.PLIST",
    "cantidad_archivos": 1,
    "archivos_fuente": [
      "Pictures/Fototeca de Fotos.photoslibrary/resources/renders/4/44A956B7-0B0C-4153-87D5-E91EF2DDEC4C.plist"
    ],
    "ultima_modificacion": "2025-08-01 01:00:59.289991"
  },
  "4f6e2dea819247c1813c79e3598f7cb3.plist": {
    "app_sintetizada": "4F6E2DEA819247C1813C79E3598F7CB3.PLIST",
    "cantidad_archivos": 1,
    "archivos_fuente": [
      "Pictures/Fototeca de Fotos.photoslibrary/resources/renders/4/4F6E2DEA-8192-47C1-813C-79E3598F7CB3.plist"
    ],
    "ultima_modificacion": "2025-08-01 01:00:59.290265"
  },
  "4ede11d38a3f42f6a4106d018eb2bee3.plist": {
    "app_sintetizada": "4EDE11D38A3F42F6A4106D018EB2BEE3.PLIST",
    "cantidad_archivos": 1,
    "archivos_fuente": [
      "Pictures/Fototeca de Fotos.photoslibrary/resources/renders/4/4EDE11D3-8A3F-42F6-A410-6D018EB2BEE3.plist"
    ],
    "ultima_modificacion": "2025-08-01 01:00:59.290531"
  },
  "43714c6c4dc14583b946574af91212c5.plist": {
    "app_sintetizada": "43714C6C4DC14583B946574AF91212C5.PLIST",
    "cantidad_archivos": 1,
    "archivos_fuente": [
      "Pictures/Fototeca de Fotos.photoslibrary/resources/renders/4/43714C6C-4DC1-4583-B946-574AF91212C5.plist"
    ],
    "ultima_modificacion": "2025-08-01 01:00:59.290786"
  },
  "43622e7c19b04ab0b96f74ec60afcd00.plist": {
    "app_sintetizada": "43622E7C19B04AB0B96F74EC60AFCD00.PLIST",
    "cantidad_archivos": 1,
    "archivos_fuente": [
      "Pictures/Fototeca de Fotos.photoslibrary/resources/renders/4/43622E7C-19B0-4AB0-B96F-74EC60AFCD00.plist"
    ],
    "ultima_modificacion": "2025-08-01 01:00:59.291042"
  },
  "4b5ce6e4af5149ce8c1f332844a8aa1f.plist": {
    "app_sintetizada": "4B5CE6E4AF5149CE8C1F332844A8AA1F.PLIST",
    "cantidad_archivos": 1,
    "archivos_fuente": [
      "Pictures/Fototeca de Fotos.photoslibrary/resources/renders/4/4B5CE6E4-AF51-49CE-8C1F-332844A8AA1F.plist"
    ],
    "ultima_modificacion": "2025-08-01 01:00:59.291306"
  },
  "4f7497a877fc4b8b8763581eab3a0a60.plist": {
    "app_sintetizada": "4F7497A877FC4B8B8763581EAB3A0A60.PLIST",
    "cantidad_archivos": 1,
    "archivos_fuente": [
      "Pictures/Fototeca de Fotos.photoslibrary/resources/renders/4/4F7497A8-77FC-4B8B-8763-581EAB3A0A60.plist"
    ],
    "ultima_modificacion": "2025-08-01 01:00:59.291569"
  },
  "4aa004bbbabb4d65a36c2eda0bc7d2e3.plist": {
    "app_sintetizada": "4AA004BBBABB4D65A36C2EDA0BC7D2E3.PLIST",
    "cantidad_archivos": 1,
    "archivos_fuente": [
      "Pictures/Fototeca de Fotos.photoslibrary/resources/renders/4/4AA004BB-BABB-4D65-A36C-2EDA0BC7D2E3.plist"
    ],
    "ultima_modificacion": "2025-08-01 01:00:59.292211"
  },
  "49c935983c1d4f99ab32aade8523bcfb.plist": {
    "app_sintetizada": "49C935983C1D4F99AB32AADE8523BCFB.PLIST",
    "cantidad_archivos": 1,
    "archivos_fuente": [
      "Pictures/Fototeca de Fotos.photoslibrary/resources/renders/4/49C93598-3C1D-4F99-AB32-AADE8523BCFB.plist"
    ],
    "ultima_modificacion": "2025-08-01 01:00:59.292539"
  },
  "41f3a1b779ac4940901e664e3d71a609.plist": {
    "app_sintetizada": "41F3A1B779AC4940901E664E3D71A609.PLIST",
    "cantidad_archivos": 1,
    "archivos_fuente": [
      "Pictures/Fototeca de Fotos.photoslibrary/resources/renders/4/41F3A1B7-79AC-4940-901E-664E3D71A609.plist"
    ],
    "ultima_modificacion": "2025-08-01 01:00:59.292910"
  },
  "4143a66a1473480fa4d74597c02ee5a9.plist": {
    "app_sintetizada": "4143A66A1473480FA4D74597C02EE5A9.PLIST",
    "cantidad_archivos": 1,
    "archivos_fuente": [
      "Pictures/Fototeca de Fotos.photoslibrary/resources/renders/4/4143A66A-1473-480F-A4D7-4597C02EE5A9.plist"
    ],
    "ultima_modificacion": "2025-08-01 01:00:59.293195"
  },
  "42dd4c42a7214759887bd525292444c9.plist": {
    "app_sintetizada": "42DD4C42A7214759887BD525292444C9.PLIST",
    "cantidad_archivos": 1,
    "archivos_fuente": [
      "Pictures/Fototeca de Fotos.photoslibrary/resources/renders/4/42DD4C42-A721-4759-887B-D525292444C9.plist"
    ],
    "ultima_modificacion": "2025-08-01 01:00:59.293468"
  },
  "43dbf062452d4e7e9af71e5ce1a444f1.plist": {
    "app_sintetizada": "43DBF062452D4E7E9AF71E5CE1A444F1.PLIST",
    "cantidad_archivos": 1,
    "archivos_fuente": [
      "Pictures/Fototeca de Fotos.photoslibrary/resources/renders/4/43DBF062-452D-4E7E-9AF7-1E5CE1A444F1.plist"
    ],
    "ultima_modificacion": "2025-08-01 01:00:59.293736"
  },
  "4b068a2a13dc41659db505f6a3644b8f.plist": {
    "app_sintetizada": "4B068A2A13DC41659DB505F6A3644B8F.PLIST",
    "cantidad_archivos": 1,
    "archivos_fuente": [
      "Pictures/Fototeca de Fotos.photoslibrary/resources/renders/4/4B068A2A-13DC-4165-9DB5-05F6A3644B8F.plist"
    ],
    "ultima_modificacion": "2025-08-01 01:00:59.294011"
  },
  "4e6aa7e5738748f79826be6dfc6cd9ce.plist": {
    "app_sintetizada": "4E6AA7E5738748F79826BE6DFC6CD9CE.PLIST",
    "cantidad_archivos": 1,
    "archivos_fuente": [
      "Pictures/Fototeca de Fotos.photoslibrary/resources/renders/4/4E6AA7E5-7387-48F7-9826-BE6DFC6CD9CE.plist"
    ],
    "ultima_modificacion": "2025-08-01 01:00:59.294303"
  },
  "4724028992d744cf8881310f984ce46d.plist": {
    "app_sintetizada": "4724028992D744CF8881310F984CE46D.PLIST",
    "cantidad_archivos": 1,
    "archivos_fuente": [
      "Pictures/Fototeca de Fotos.photoslibrary/resources/renders/4/47240289-92D7-44CF-8881-310F984CE46D.plist"
    ],
    "ultima_modificacion": "2025-08-01 01:00:59.294581"
  },
  "4a91dfa421e146f5a21aa0cc6abbb21e.plist": {
    "app_sintetizada": "4A91DFA421E146F5A21AA0CC6ABBB21E.PLIST",
    "cantidad_archivos": 1,
    "archivos_fuente": [
      "Pictures/Fototeca de Fotos.photoslibrary/resources/renders/4/4A91DFA4-21E1-46F5-A21A-A0CC6ABBB21E.plist"
    ],
    "ultima_modificacion": "2025-08-01 01:00:59.294869"
  },
  "44e096ceed904d73a70dc9f09642f41f.plist": {
    "app_sintetizada": "44E096CEED904D73A70DC9F09642F41F.PLIST",
    "cantidad_archivos": 1,
    "archivos_fuente": [
      "Pictures/Fototeca de Fotos.photoslibrary/resources/renders/4/44E096CE-ED90-4D73-A70D-C9F09642F41F.plist"
    ],
    "ultima_modificacion": "2025-08-01 01:00:59.295151"
  },
  "4940b7d113a44e93a8ecec4503c492c2.plist": {
    "app_sintetizada": "4940B7D113A44E93A8ECEC4503C492C2.PLIST",
    "cantidad_archivos": 1,
    "archivos_fuente": [
      "Pictures/Fototeca de Fotos.photoslibrary/resources/renders/4/4940B7D1-13A4-4E93-A8EC-EC4503C492C2.plist"
    ],
    "ultima_modificacion": "2025-08-01 01:00:59.295418"
  },
  "449e70f5fb784b1d90138e90d6665235.plist": {
    "app_sintetizada": "449E70F5FB784B1D90138E90D6665235.PLIST",
    "cantidad_archivos": 1,
    "archivos_fuente": [
      "Pictures/Fototeca de Fotos.photoslibrary/resources/renders/4/449E70F5-FB78-4B1D-9013-8E90D6665235.plist"
    ],
    "ultima_modificacion": "2025-08-01 01:00:59.295704"
  },
  "4daa4ac8bd2c4e6ba0bac052f2bac79a.plist": {
    "app_sintetizada": "4DAA4AC8BD2C4E6BA0BAC052F2BAC79A.PLIST",
    "cantidad_archivos": 1,
    "archivos_fuente": [
      "Pictures/Fototeca de Fotos.photoslibrary/resources/renders/4/4DAA4AC8-BD2C-4E6B-A0BA-C052F2BAC79A.plist"
    ],
    "ultima_modificacion": "2025-08-01 01:00:59.295974"
  },
  "41eb2c107c3d4ed2a3c95026cd79e63f.plist": {
    "app_sintetizada": "41EB2C107C3D4ED2A3C95026CD79E63F.PLIST",
    "cantidad_archivos": 1,
    "archivos_fuente": [
      "Pictures/Fototeca de Fotos.photoslibrary/resources/renders/4/41EB2C10-7C3D-4ED2-A3C9-5026CD79E63F.plist"
    ],
    "ultima_modificacion": "2025-08-01 01:00:59.296235"
  },
  "466844730da94cfebdb132c84110a883.plist": {
    "app_sintetizada": "466844730DA94CFEBDB132C84110A883.PLIST",
    "cantidad_archivos": 1,
    "archivos_fuente": [
      "Pictures/Fototeca de Fotos.photoslibrary/resources/renders/4/46684473-0DA9-4CFE-BDB1-32C84110A883.plist"
    ],
    "ultima_modificacion": "2025-08-01 01:00:59.296494"
  },
  "4a879be9c1a84fdb92b3a1bbd4bf9a5d.plist": {
    "app_sintetizada": "4A879BE9C1A84FDB92B3A1BBD4BF9A5D.PLIST",
    "cantidad_archivos": 1,
    "archivos_fuente": [
      "Pictures/Fototeca de Fotos.photoslibrary/resources/renders/4/4A879BE9-C1A8-4FDB-92B3-A1BBD4BF9A5D.plist"
    ],
    "ultima_modificacion": "2025-08-01 01:00:59.296797"
  },
  "4e49597c3dea4eb8acae181d395dbbc2.plist": {
    "app_sintetizada": "4E49597C3DEA4EB8ACAE181D395DBBC2.PLIST",
    "cantidad_archivos": 1,
    "archivos_fuente": [
      "Pictures/Fototeca de Fotos.photoslibrary/resources/renders/4/4E49597C-3DEA-4EB8-ACAE-181D395DBBC2.plist"
    ],
    "ultima_modificacion": "2025-08-01 01:00:59.297122"
  },
  "491cb56e91e94785bcdb9ce40f3a6087.plist": {
    "app_sintetizada": "491CB56E91E94785BCDB9CE40F3A6087.PLIST",
    "cantidad_archivos": 1,
    "archivos_fuente": [
      "Pictures/Fototeca de Fotos.photoslibrary/resources/renders/4/491CB56E-91E9-4785-BCDB-9CE40F3A6087.plist"
    ],
    "ultima_modificacion": "2025-08-01 01:00:59.297492"
  },
  "4c33e39b0be6439cae44a4307808b9c3.plist": {
    "app_sintetizada": "4C33E39B0BE6439CAE44A4307808B9C3.PLIST",
    "cantidad_archivos": 1,
    "archivos_fuente": [
      "Pictures/Fototeca de Fotos.photoslibrary/resources/renders/4/4C33E39B-0BE6-439C-AE44-A4307808B9C3.plist"
    ],
    "ultima_modificacion": "2025-08-01 01:00:59.297835"
  },
  "4f9642b082304fa28e533b4070441a3a.plist": {
    "app_sintetizada": "4F9642B082304FA28E533B4070441A3A.PLIST",
    "cantidad_archivos": 1,
    "archivos_fuente": [
      "Pictures/Fototeca de Fotos.photoslibrary/resources/renders/4/4F9642B0-8230-4FA2-8E53-3B4070441A3A.plist"
    ],
    "ultima_modificacion": "2025-08-01 01:00:59.298126"
  },
  "4562fa5119cb4e74b678a79d0ba5b3eb.plist": {
    "app_sintetizada": "4562FA5119CB4E74B678A79D0BA5B3EB.PLIST",
    "cantidad_archivos": 1,
    "archivos_fuente": [
      "Pictures/Fototeca de Fotos.photoslibrary/resources/renders/4/4562FA51-19CB-4E74-B678-A79D0BA5B3EB.plist"
    ],
    "ultima_modificacion": "2025-08-01 01:00:59.298402"
  },
  "45e545813be045b29f9ad3c3afbfb64a.plist": {
    "app_sintetizada": "45E545813BE045B29F9AD3C3AFBFB64A.PLIST",
    "cantidad_archivos": 1,
    "archivos_fuente": [
      "Pictures/Fototeca de Fotos.photoslibrary/resources/renders/4/45E54581-3BE0-45B2-9F9A-D3C3AFBFB64A.plist"
    ],
    "ultima_modificacion": "2025-08-01 01:00:59.298712"
  },
  "4525cd271baf4b6a855ce6118797feb9.plist": {
    "app_sintetizada": "4525CD271BAF4B6A855CE6118797FEB9.PLIST",
    "cantidad_archivos": 1,
    "archivos_fuente": [
      "Pictures/Fototeca de Fotos.photoslibrary/resources/renders/4/4525CD27-1BAF-4B6A-855C-E6118797FEB9.plist"
    ],
    "ultima_modificacion": "2025-08-01 01:00:59.298991"
  },
  "4f701f1440464d5896d92a1815306f0b.plist": {
    "app_sintetizada": "4F701F1440464D5896D92A1815306F0B.PLIST",
    "cantidad_archivos": 1,
    "archivos_fuente": [
      "Pictures/Fototeca de Fotos.photoslibrary/resources/renders/4/4F701F14-4046-4D58-96D9-2A1815306F0B.plist"
    ],
    "ultima_modificacion": "2025-08-01 01:00:59.299268"
  },
  "45085b5b95ea45bcb0fccddcab97510d.plist": {
    "app_sintetizada": "45085B5B95EA45BCB0FCCDDCAB97510D.PLIST",
    "cantidad_archivos": 1,
    "archivos_fuente": [
      "Pictures/Fototeca de Fotos.photoslibrary/resources/renders/4/45085B5B-95EA-45BC-B0FC-CDDCAB97510D.plist"
    ],
    "ultima_modificacion": "2025-08-01 01:00:59.299550"
  },
  "4b6948c43bb94b80a55086c81072bc5c.plist": {
    "app_sintetizada": "4B6948C43BB94B80A55086C81072BC5C.PLIST",
    "cantidad_archivos": 1,
    "archivos_fuente": [
      "Pictures/Fototeca de Fotos.photoslibrary/resources/renders/4/4B6948C4-3BB9-4B80-A550-86C81072BC5C.plist"
    ],
    "ultima_modificacion": "2025-08-01 01:00:59.299843"
  },
  "4d696e1df4d54f208976e425db1cdbe3.plist": {
    "app_sintetizada": "4D696E1DF4D54F208976E425DB1CDBE3.PLIST",
    "cantidad_archivos": 1,
    "archivos_fuente": [
      "Pictures/Fototeca de Fotos.photoslibrary/resources/renders/4/4D696E1D-F4D5-4F20-8976-E425DB1CDBE3.plist"
    ],
    "ultima_modificacion": "2025-08-01 01:00:59.300146"
  },
  "4de7c41998ef40df989021696af03f25.plist": {
    "app_sintetizada": "4DE7C41998EF40DF989021696AF03F25.PLIST",
    "cantidad_archivos": 1,
    "archivos_fuente": [
      "Pictures/Fototeca de Fotos.photoslibrary/resources/renders/4/4DE7C419-98EF-40DF-9890-21696AF03F25.plist"
    ],
    "ultima_modificacion": "2025-08-01 01:00:59.300435"
  },
  "45f17ad40c644f8588501506193e42ed.plist": {
    "app_sintetizada": "45F17AD40C644F8588501506193E42ED.PLIST",
    "cantidad_archivos": 1,
    "archivos_fuente": [
      "Pictures/Fototeca de Fotos.photoslibrary/resources/renders/4/45F17AD4-0C64-4F85-8850-1506193E42ED.plist"
    ],
    "ultima_modificacion": "2025-08-01 01:00:59.300768"
  },
  "4d4d2c4bffea4557896f0aaaa20d8276.plist": {
    "app_sintetizada": "4D4D2C4BFFEA4557896F0AAAA20D8276.PLIST",
    "cantidad_archivos": 1,
    "archivos_fuente": [
      "Pictures/Fototeca de Fotos.photoslibrary/resources/renders/4/4D4D2C4B-FFEA-4557-896F-0AAAA20D8276.plist"
    ],
    "ultima_modificacion": "2025-08-01 01:00:59.301054"
  },
  "44aaefa0443e4b3c8ab9e1ac9de78273.plist": {
    "app_sintetizada": "44AAEFA0443E4B3C8AB9E1AC9DE78273.PLIST",
    "cantidad_archivos": 1,
    "archivos_fuente": [
      "Pictures/Fototeca de Fotos.photoslibrary/resources/renders/4/44AAEFA0-443E-4B3C-8AB9-E1AC9DE78273.plist"
    ],
    "ultima_modificacion": "2025-08-01 01:00:59.301342"
  },
  "4b4495c4f74a41b6bbc105feebc7aa0b.plist": {
    "app_sintetizada": "4B4495C4F74A41B6BBC105FEEBC7AA0B.PLIST",
    "cantidad_archivos": 1,
    "archivos_fuente": [
      "Pictures/Fototeca de Fotos.photoslibrary/resources/renders/4/4B4495C4-F74A-41B6-BBC1-05FEEBC7AA0B.plist"
    ],
    "ultima_modificacion": "2025-08-01 01:00:59.301637"
  },
  "4d1ce42dd87f43a3a7a2d186ba721292.plist": {
    "app_sintetizada": "4D1CE42DD87F43A3A7A2D186BA721292.PLIST",
    "cantidad_archivos": 1,
    "archivos_fuente": [
      "Pictures/Fototeca de Fotos.photoslibrary/resources/renders/4/4D1CE42D-D87F-43A3-A7A2-D186BA721292.plist"
    ],
    "ultima_modificacion": "2025-08-01 01:00:59.301929"
  },
  "4f8a246de6b447d686a728a918753c0a.plist": {
    "app_sintetizada": "4F8A246DE6B447D686A728A918753C0A.PLIST",
    "cantidad_archivos": 1,
    "archivos_fuente": [
      "Pictures/Fototeca de Fotos.photoslibrary/resources/renders/4/4F8A246D-E6B4-47D6-86A7-28A918753C0A.plist"
    ],
    "ultima_modificacion": "2025-08-01 01:00:59.302226"
  },
  "4e90f81b23db403fb7af4ffa4d1ab2b7.plist": {
    "app_sintetizada": "4E90F81B23DB403FB7AF4FFA4D1AB2B7.PLIST",
    "cantidad_archivos": 1,
    "archivos_fuente": [
      "Pictures/Fototeca de Fotos.photoslibrary/resources/renders/4/4E90F81B-23DB-403F-B7AF-4FFA4D1AB2B7.plist"
    ],
    "ultima_modificacion": "2025-08-01 01:00:59.302527"
  },
  "4c985765e15d4b7f98373ddfd4da7454.plist": {
    "app_sintetizada": "4C985765E15D4B7F98373DDFD4DA7454.PLIST",
    "cantidad_archivos": 1,
    "archivos_fuente": [
      "Pictures/Fototeca de Fotos.photoslibrary/resources/renders/4/4C985765-E15D-4B7F-9837-3DDFD4DA7454.plist"
    ],
    "ultima_modificacion": "2025-08-01 01:00:59.303361"
  },
  "46f554ddcc4f4fd99ab84f2dd0abf21a.plist": {
    "app_sintetizada": "46F554DDCC4F4FD99AB84F2DD0ABF21A.PLIST",
    "cantidad_archivos": 1,
    "archivos_fuente": [
      "Pictures/Fototeca de Fotos.photoslibrary/resources/renders/4/46F554DD-CC4F-4FD9-9AB8-4F2DD0ABF21A.plist"
    ],
    "ultima_modificacion": "2025-08-01 01:00:59.303667"
  },
  "43ebdf749b804b63857c316c8d057db2.plist": {
    "app_sintetizada": "43EBDF749B804B63857C316C8D057DB2.PLIST",
    "cantidad_archivos": 1,
    "archivos_fuente": [
      "Pictures/Fototeca de Fotos.photoslibrary/resources/renders/4/43EBDF74-9B80-4B63-857C-316C8D057DB2.plist"
    ],
    "ultima_modificacion": "2025-08-01 01:00:59.303980"
  },
  "43095fd8353547d6b8fa896f0c876052.plist": {
    "app_sintetizada": "43095FD8353547D6B8FA896F0C876052.PLIST",
    "cantidad_archivos": 1,
    "archivos_fuente": [
      "Pictures/Fototeca de Fotos.photoslibrary/resources/renders/4/43095FD8-3535-47D6-B8FA-896F0C876052.plist"
    ],
    "ultima_modificacion": "2025-08-01 01:00:59.304273"
  },
  "4c6491937bb34cc584fc02995732d62a.plist": {
    "app_sintetizada": "4C6491937BB34CC584FC02995732D62A.PLIST",
    "cantidad_archivos": 1,
    "archivos_fuente": [
      "Pictures/Fototeca de Fotos.photoslibrary/resources/renders/4/4C649193-7BB3-4CC5-84FC-02995732D62A.plist"
    ],
    "ultima_modificacion": "2025-08-01 01:00:59.304586"
  },
  "471c19cbdd4e492482e2ace452575712.plist": {
    "app_sintetizada": "471C19CBDD4E492482E2ACE452575712.PLIST",
    "cantidad_archivos": 1,
    "archivos_fuente": [
      "Pictures/Fototeca de Fotos.photoslibrary/resources/renders/4/471C19CB-DD4E-4924-82E2-ACE452575712.plist"
    ],
    "ultima_modificacion": "2025-08-01 01:00:59.304873"
  },
  "4736056584664413828243317d2694bd.plist": {
    "app_sintetizada": "4736056584664413828243317D2694BD.PLIST",
    "cantidad_archivos": 1,
    "archivos_fuente": [
      "Pictures/Fototeca de Fotos.photoslibrary/resources/renders/4/47360565-8466-4413-8282-43317D2694BD.plist"
    ],
    "ultima_modificacion": "2025-08-01 01:00:59.305181"
  },
  "4048f0b9b689442b81629a8976f12b98.plist": {
    "app_sintetizada": "4048F0B9B689442B81629A8976F12B98.PLIST",
    "cantidad_archivos": 1,
    "archivos_fuente": [
      "Pictures/Fototeca de Fotos.photoslibrary/resources/renders/4/4048F0B9-B689-442B-8162-9A8976F12B98.plist"
    ],
    "ultima_modificacion": "2025-08-01 01:00:59.305487"
  },
  "459d9c2771334955a5bab72ec1e7629d.plist": {
    "app_sintetizada": "459D9C2771334955A5BAB72EC1E7629D.PLIST",
    "cantidad_archivos": 1,
    "archivos_fuente": [
      "Pictures/Fototeca de Fotos.photoslibrary/resources/renders/4/459D9C27-7133-4955-A5BA-B72EC1E7629D.plist"
    ],
    "ultima_modificacion": "2025-08-01 01:00:59.305792"
  },
  "4deb01728b32459390e8228306e14ccd.plist": {
    "app_sintetizada": "4DEB01728B32459390E8228306E14CCD.PLIST",
    "cantidad_archivos": 1,
    "archivos_fuente": [
      "Pictures/Fototeca de Fotos.photoslibrary/resources/renders/4/4DEB0172-8B32-4593-90E8-228306E14CCD.plist"
    ],
    "ultima_modificacion": "2025-08-01 01:00:59.306079"
  },
  "4e59e7f29f4b46ac9aa11aee9915d628.plist": {
    "app_sintetizada": "4E59E7F29F4B46AC9AA11AEE9915D628.PLIST",
    "cantidad_archivos": 1,
    "archivos_fuente": [
      "Pictures/Fototeca de Fotos.photoslibrary/resources/renders/4/4E59E7F2-9F4B-46AC-9AA1-1AEE9915D628.plist"
    ],
    "ultima_modificacion": "2025-08-01 01:00:59.306367"
  },
  "4714bc5401214c75915e0f6e39578ca9.plist": {
    "app_sintetizada": "4714BC5401214C75915E0F6E39578CA9.PLIST",
    "cantidad_archivos": 1,
    "archivos_fuente": [
      "Pictures/Fototeca de Fotos.photoslibrary/resources/renders/4/4714BC54-0121-4C75-915E-0F6E39578CA9.plist"
    ],
    "ultima_modificacion": "2025-08-01 01:00:59.306678"
  },
  "49b1525551b9498aa12286c289ad115b.plist": {
    "app_sintetizada": "49B1525551B9498AA12286C289AD115B.PLIST",
    "cantidad_archivos": 1,
    "archivos_fuente": [
      "Pictures/Fototeca de Fotos.photoslibrary/resources/renders/4/49B15255-51B9-498A-A122-86C289AD115B.plist"
    ],
    "ultima_modificacion": "2025-08-01 01:00:59.306982"
  },
  "4d7245a85e2a48928a35c791d9de6e22.plist": {
    "app_sintetizada": "4D7245A85E2A48928A35C791D9DE6E22.PLIST",
    "cantidad_archivos": 1,
    "archivos_fuente": [
      "Pictures/Fototeca de Fotos.photoslibrary/resources/renders/4/4D7245A8-5E2A-4892-8A35-C791D9DE6E22.plist"
    ],
    "ultima_modificacion": "2025-08-01 01:00:59.307271"
  },
  "4d38cb18307a4d0498edd0a5ec9ab675.plist": {
    "app_sintetizada": "4D38CB18307A4D0498EDD0A5EC9AB675.PLIST",
    "cantidad_archivos": 1,
    "archivos_fuente": [
      "Pictures/Fototeca de Fotos.photoslibrary/resources/renders/4/4D38CB18-307A-4D04-98ED-D0A5EC9AB675.plist"
    ],
    "ultima_modificacion": "2025-08-01 01:00:59.307572"
  },
  "4d42ee0770e7452693052b5c6a167149.plist": {
    "app_sintetizada": "4D42EE0770E7452693052B5C6A167149.PLIST",
    "cantidad_archivos": 1,
    "archivos_fuente": [
      "Pictures/Fototeca de Fotos.photoslibrary/resources/renders/4/4D42EE07-70E7-4526-9305-2B5C6A167149.plist"
    ],
    "ultima_modificacion": "2025-08-01 01:00:59.307848"
  },
  "4d2603ca3e124c6f82d0a2eb79a8b835.plist": {
    "app_sintetizada": "4D2603CA3E124C6F82D0A2EB79A8B835.PLIST",
    "cantidad_archivos": 1,
    "archivos_fuente": [
      "Pictures/Fototeca de Fotos.photoslibrary/resources/renders/4/4D2603CA-3E12-4C6F-82D0-A2EB79A8B835.plist"
    ],
    "ultima_modificacion": "2025-08-01 01:00:59.308131"
  },
  "477bbe2e91f9447f92759c2f1763d19f.plist": {
    "app_sintetizada": "477BBE2E91F9447F92759C2F1763D19F.PLIST",
    "cantidad_archivos": 1,
    "archivos_fuente": [
      "Pictures/Fototeca de Fotos.photoslibrary/resources/renders/4/477BBE2E-91F9-447F-9275-9C2F1763D19F.plist"
    ],
    "ultima_modificacion": "2025-08-01 01:00:59.308436"
  },
  "442c22c9f97f4e0e8e981781b87aa98b.plist": {
    "app_sintetizada": "442C22C9F97F4E0E8E981781B87AA98B.PLIST",
    "cantidad_archivos": 1,
    "archivos_fuente": [
      "Pictures/Fototeca de Fotos.photoslibrary/resources/renders/4/442C22C9-F97F-4E0E-8E98-1781B87AA98B.plist"
    ],
    "ultima_modificacion": "2025-08-01 01:00:59.308791"
  },
  "406f5e61826d4b6b91e8581eeae78dc7.plist": {
    "app_sintetizada": "406F5E61826D4B6B91E8581EEAE78DC7.PLIST",
    "cantidad_archivos": 1,
    "archivos_fuente": [
      "Pictures/Fototeca de Fotos.photoslibrary/resources/renders/4/406F5E61-826D-4B6B-91E8-581EEAE78DC7.plist"
    ],
    "ultima_modificacion": "2025-08-01 01:00:59.309099"
  },
  "4cb15b0ba0ad4b7197eb28294821d777.plist": {
    "app_sintetizada": "4CB15B0BA0AD4B7197EB28294821D777.PLIST",
    "cantidad_archivos": 1,
    "archivos_fuente": [
      "Pictures/Fototeca de Fotos.photoslibrary/resources/renders/4/4CB15B0B-A0AD-4B71-97EB-28294821D777.plist"
    ],
    "ultima_modificacion": "2025-08-01 01:00:59.309396"
  },
  "40e8417b145d443bb41eefede49d20ad.plist": {
    "app_sintetizada": "40E8417B145D443BB41EEFEDE49D20AD.PLIST",
    "cantidad_archivos": 1,
    "archivos_fuente": [
      "Pictures/Fototeca de Fotos.photoslibrary/resources/renders/4/40E8417B-145D-443B-B41E-EFEDE49D20AD.plist"
    ],
    "ultima_modificacion": "2025-08-01 01:00:59.309696"
  },
  "498947df44d1412cb96239ade555dd4d.plist": {
    "app_sintetizada": "498947DF44D1412CB96239ADE555DD4D.PLIST",
    "cantidad_archivos": 1,
    "archivos_fuente": [
      "Pictures/Fototeca de Fotos.photoslibrary/resources/renders/4/498947DF-44D1-412C-B962-39ADE555DD4D.plist"
    ],
    "ultima_modificacion": "2025-08-01 01:00:59.309976"
  },
  "4952fc8728bb4e9cbddb63e604615cba.plist": {
    "app_sintetizada": "4952FC8728BB4E9CBDDB63E604615CBA.PLIST",
    "cantidad_archivos": 1,
    "archivos_fuente": [
      "Pictures/Fototeca de Fotos.photoslibrary/resources/renders/4/4952FC87-28BB-4E9C-BDDB-63E604615CBA.plist"
    ],
    "ultima_modificacion": "2025-08-01 01:00:59.310270"
  },
  "47b5760aedc34f96a95a96710fd92ab2.plist": {
    "app_sintetizada": "47B5760AEDC34F96A95A96710FD92AB2.PLIST",
    "cantidad_archivos": 1,
    "archivos_fuente": [
      "Pictures/Fototeca de Fotos.photoslibrary/resources/renders/4/47B5760A-EDC3-4F96-A95A-96710FD92AB2.plist"
    ],
    "ultima_modificacion": "2025-08-01 01:00:59.310578"
  },
  "40212b5c7da04cabaed1d10c38027bc5.plist": {
    "app_sintetizada": "40212B5C7DA04CABAED1D10C38027BC5.PLIST",
    "cantidad_archivos": 1,
    "archivos_fuente": [
      "Pictures/Fototeca de Fotos.photoslibrary/resources/renders/4/40212B5C-7DA0-4CAB-AED1-D10C38027BC5.plist"
    ],
    "ultima_modificacion": "2025-08-01 01:00:59.310931"
  },
  "42db9a99dd7e4abc912e69a03bfbb464.plist": {
    "app_sintetizada": "42DB9A99DD7E4ABC912E69A03BFBB464.PLIST",
    "cantidad_archivos": 1,
    "archivos_fuente": [
      "Pictures/Fototeca de Fotos.photoslibrary/resources/renders/4/42DB9A99-DD7E-4ABC-912E-69A03BFBB464.plist"
    ],
    "ultima_modificacion": "2025-08-01 01:00:59.311171"
  },
  "4ddab86f69ac439f984ba2258ca7fcc7.plist": {
    "app_sintetizada": "4DDAB86F69AC439F984BA2258CA7FCC7.PLIST",
    "cantidad_archivos": 1,
    "archivos_fuente": [
      "Pictures/Fototeca de Fotos.photoslibrary/resources/renders/4/4DDAB86F-69AC-439F-984B-A2258CA7FCC7.plist"
    ],
    "ultima_modificacion": "2025-08-01 01:00:59.311459"
  },
  "4600ba18bda84de7aa465d6ceed71da5.plist": {
    "app_sintetizada": "4600BA18BDA84DE7AA465D6CEED71DA5.PLIST",
    "cantidad_archivos": 1,
    "archivos_fuente": [
      "Pictures/Fototeca de Fotos.photoslibrary/resources/renders/4/4600BA18-BDA8-4DE7-AA46-5D6CEED71DA5.plist"
    ],
    "ultima_modificacion": "2025-08-01 01:00:59.311688"
  },
  "4c144cb420ae41468806aa87a92a373f.plist": {
    "app_sintetizada": "4C144CB420AE41468806AA87A92A373F.PLIST",
    "cantidad_archivos": 1,
    "archivos_fuente": [
      "Pictures/Fototeca de Fotos.photoslibrary/resources/renders/4/4C144CB4-20AE-4146-8806-AA87A92A373F.plist"
    ],
    "ultima_modificacion": "2025-08-01 01:00:59.311890"
  },
  "40d20fff42ee4ae2887a5320abf3eada.plist": {
    "app_sintetizada": "40D20FFF42EE4AE2887A5320ABF3EADA.PLIST",
    "cantidad_archivos": 1,
    "archivos_fuente": [
      "Pictures/Fototeca de Fotos.photoslibrary/resources/renders/4/40D20FFF-42EE-4AE2-887A-5320ABF3EADA.plist"
    ],
    "ultima_modificacion": "2025-08-01 01:00:59.312093"
  },
  "4e856b39126144919ba246248546f9d0.plist": {
    "app_sintetizada": "4E856B39126144919BA246248546F9D0.PLIST",
    "cantidad_archivos": 1,
    "archivos_fuente": [
      "Pictures/Fototeca de Fotos.photoslibrary/resources/renders/4/4E856B39-1261-4491-9BA2-46248546F9D0.plist"
    ],
    "ultima_modificacion": "2025-08-01 01:00:59.312275"
  },
  "4a6fb4aaef4c49798080747b1773ef93.plist": {
    "app_sintetizada": "4A6FB4AAEF4C49798080747B1773EF93.PLIST",
    "cantidad_archivos": 1,
    "archivos_fuente": [
      "Pictures/Fototeca de Fotos.photoslibrary/resources/renders/4/4A6FB4AA-EF4C-4979-8080-747B1773EF93.plist"
    ],
    "ultima_modificacion": "2025-08-01 01:00:59.312476"
  },
  "4f4e5b5efb5e4c338a65a72c6c1ff9f4.plist": {
    "app_sintetizada": "4F4E5B5EFB5E4C338A65A72C6C1FF9F4.PLIST",
    "cantidad_archivos": 1,
    "archivos_fuente": [
      "Pictures/Fototeca de Fotos.photoslibrary/resources/renders/4/4F4E5B5E-FB5E-4C33-8A65-A72C6C1FF9F4.plist"
    ],
    "ultima_modificacion": "2025-08-01 01:00:59.312653"
  },
  "46e592e417284e799ee874976b3edf2d.plist": {
    "app_sintetizada": "46E592E417284E799EE874976B3EDF2D.PLIST",
    "cantidad_archivos": 1,
    "archivos_fuente": [
      "Pictures/Fototeca de Fotos.photoslibrary/resources/renders/4/46E592E4-1728-4E79-9EE8-74976B3EDF2D.plist"
    ],
    "ultima_modificacion": "2025-08-01 01:00:59.312826"
  },
  "49613026b5e043f781c6f24188a335f8.plist": {
    "app_sintetizada": "49613026B5E043F781C6F24188A335F8.PLIST",
    "cantidad_archivos": 1,
    "archivos_fuente": [
      "Pictures/Fototeca de Fotos.photoslibrary/resources/renders/4/49613026-B5E0-43F7-81C6-F24188A335F8.plist"
    ],
    "ultima_modificacion": "2025-08-01 01:00:59.313067"
  }
}