{
  "a78623384910442a87d57d4cea4a396545005c.jpeg": {
    "app_sintetizada": "A78623384910442A87D57D4CEA4A396545005C.JPEG",
    "cantidad_archivos": 1,
    "archivos_fuente": [
      "Pictures/Fototeca de Fotos.photoslibrary/resources/derivatives/masters/A/A7862338-4910-442A-87D5-7D4CEA4A3965_4_5005_c.jpeg"
    ],
    "ultima_modificacion": "2025-08-01 01:01:11.596048"
  },
  "a8891946944641dab2bc40ca02d089ee45005c.jpeg": {
    "app_sintetizada": "A8891946944641DAB2BC40CA02D089EE45005C.JPEG",
    "cantidad_archivos": 1,
    "archivos_fuente": [
      "Pictures/Fototeca de Fotos.photoslibrary/resources/derivatives/masters/A/A8891946-9446-41DA-B2BC-40CA02D089EE_4_5005_c.jpeg"
    ],
    "ultima_modificacion": "2025-08-01 01:01:11.596338"
  },
  "adac343e8bbe4ca4b47480dfbaa50afd45005c.jpeg": {
    "app_sintetizada": "ADAC343E8BBE4CA4B47480DFBAA50AFD45005C.JPEG",
    "cantidad_archivos": 1,
    "archivos_fuente": [
      "Pictures/Fototeca de Fotos.photoslibrary/resources/derivatives/masters/A/ADAC343E-8BBE-4CA4-B474-80DFBAA50AFD_4_5005_c.jpeg"
    ],
    "ultima_modificacion": "2025-08-01 01:01:11.596682"
  },
  "ac0bd9ebbefb4b7abaf93efd83c5e2d845005c.jpeg": {
    "app_sintetizada": "AC0BD9EBBEFB4B7ABAF93EFD83C5E2D845005C.JPEG",
    "cantidad_archivos": 1,
    "archivos_fuente": [
      "Pictures/Fototeca de Fotos.photoslibrary/resources/derivatives/masters/A/AC0BD9EB-BEFB-4B7A-BAF9-3EFD83C5E2D8_4_5005_c.jpeg"
    ],
    "ultima_modificacion": "2025-08-01 01:01:11.596993"
  },
  "afd849a885654275ae28b0b8ed60161545005c.jpeg": {
    "app_sintetizada": "AFD849A885654275AE28B0B8ED60161545005C.JPEG",
    "cantidad_archivos": 1,
    "archivos_fuente": [
      "Pictures/Fototeca de Fotos.photoslibrary/resources/derivatives/masters/A/AFD849A8-8565-4275-AE28-B0B8ED601615_4_5005_c.jpeg"
    ],
    "ultima_modificacion": "2025-08-01 01:01:11.597402"
  },
  "a8d7f32def41472a8bb352d0c45fb3c045005c.jpeg": {
    "app_sintetizada": "A8D7F32DEF41472A8BB352D0C45FB3C045005C.JPEG",
    "cantidad_archivos": 1,
    "archivos_fuente": [
      "Pictures/Fototeca de Fotos.photoslibrary/resources/derivatives/masters/A/A8D7F32D-EF41-472A-8BB3-52D0C45FB3C0_4_5005_c.jpeg"
    ],
    "ultima_modificacion": "2025-08-01 01:01:11.597713"
  },
  "a17cab825c4443468b10c6ba2e32897a45005c.jpeg": {
    "app_sintetizada": "A17CAB825C4443468B10C6BA2E32897A45005C.JPEG",
    "cantidad_archivos": 1,
    "archivos_fuente": [
      "Pictures/Fototeca de Fotos.photoslibrary/resources/derivatives/masters/A/A17CAB82-5C44-4346-8B10-C6BA2E32897A_4_5005_c.jpeg"
    ],
    "ultima_modificacion": "2025-08-01 01:01:11.598053"
  },
  "a608235d83d54cb6b686b0aff35ddaf645005c.jpeg": {
    "app_sintetizada": "A608235D83D54CB6B686B0AFF35DDAF645005C.JPEG",
    "cantidad_archivos": 1,
    "archivos_fuente": [
      "Pictures/Fototeca de Fotos.photoslibrary/resources/derivatives/masters/A/A608235D-83D5-4CB6-B686-B0AFF35DDAF6_4_5005_c.jpeg"
    ],
    "ultima_modificacion": "2025-08-01 01:01:11.598394"
  },
  "a2a856bfd655424a95340ca1de28d28745005c.jpeg": {
    "app_sintetizada": "A2A856BFD655424A95340CA1DE28D28745005C.JPEG",
    "cantidad_archivos": 1,
    "archivos_fuente": [
      "Pictures/Fototeca de Fotos.photoslibrary/resources/derivatives/masters/A/A2A856BF-D655-424A-9534-0CA1DE28D287_4_5005_c.jpeg"
    ],
    "ultima_modificacion": "2025-08-01 01:01:11.598728"
  },
  "a295ae3a96ae4f2c9c10623a12552a9845005c.jpeg": {
    "app_sintetizada": "A295AE3A96AE4F2C9C10623A12552A9845005C.JPEG",
    "cantidad_archivos": 1,
    "archivos_fuente": [
      "Pictures/Fototeca de Fotos.photoslibrary/resources/derivatives/masters/A/A295AE3A-96AE-4F2C-9C10-623A12552A98_4_5005_c.jpeg"
    ],
    "ultima_modificacion": "2025-08-01 01:01:11.599055"
  },
  "a17a8808d2334464b4a13beed82cb40345005c.jpeg": {
    "app_sintetizada": "A17A8808D2334464B4A13BEED82CB40345005C.JPEG",
    "cantidad_archivos": 1,
    "archivos_fuente": [
      "Pictures/Fototeca de Fotos.photoslibrary/resources/derivatives/masters/A/A17A8808-D233-4464-B4A1-3BEED82CB403_4_5005_c.jpeg"
    ],
    "ultima_modificacion": "2025-08-01 01:01:11.599373"
  },
  "a8fb1b08210c4df89b76d97797e0ffb945005c.jpeg": {
    "app_sintetizada": "A8FB1B08210C4DF89B76D97797E0FFB945005C.JPEG",
    "cantidad_archivos": 1,
    "archivos_fuente": [
      "Pictures/Fototeca de Fotos.photoslibrary/resources/derivatives/masters/A/A8FB1B08-210C-4DF8-9B76-D97797E0FFB9_4_5005_c.jpeg"
    ],
    "ultima_modificacion": "2025-08-01 01:01:11.599679"
  },
  "ac852e8eaaa043d7ab7f82628c8a346645005c.jpeg": {
    "app_sintetizada": "AC852E8EAAA043D7AB7F82628C8A346645005C.JPEG",
    "cantidad_archivos": 1,
    "archivos_fuente": [
      "Pictures/Fototeca de Fotos.photoslibrary/resources/derivatives/masters/A/AC852E8E-AAA0-43D7-AB7F-82628C8A3466_4_5005_c.jpeg"
    ],
    "ultima_modificacion": "2025-08-01 01:01:11.599984"
  },
  "ad251111b71a4716bfbd99e2f8efc32045005c.jpeg": {
    "app_sintetizada": "AD251111B71A4716BFBD99E2F8EFC32045005C.JPEG",
    "cantidad_archivos": 1,
    "archivos_fuente": [
      "Pictures/Fototeca de Fotos.photoslibrary/resources/derivatives/masters/A/AD251111-B71A-4716-BFBD-99E2F8EFC320_4_5005_c.jpeg"
    ],
    "ultima_modificacion": "2025-08-01 01:01:11.600325"
  },
  "af275232a01a4baeb5fbe9f656eb1bc245005c.jpeg": {
    "app_sintetizada": "AF275232A01A4BAEB5FBE9F656EB1BC245005C.JPEG",
    "cantidad_archivos": 1,
    "archivos_fuente": [
      "Pictures/Fototeca de Fotos.photoslibrary/resources/derivatives/masters/A/AF275232-A01A-4BAE-B5FB-E9F656EB1BC2_4_5005_c.jpeg"
    ],
    "ultima_modificacion": "2025-08-01 01:01:11.600651"
  },
  "a51bc64bd754455b879c756f261efa6645005c.jpeg": {
    "app_sintetizada": "A51BC64BD754455B879C756F261EFA6645005C.JPEG",
    "cantidad_archivos": 1,
    "archivos_fuente": [
      "Pictures/Fototeca de Fotos.photoslibrary/resources/derivatives/masters/A/A51BC64B-D754-455B-879C-756F261EFA66_4_5005_c.jpeg"
    ],
    "ultima_modificacion": "2025-08-01 01:01:11.601024"
  },
  "ab23cedc69e04dfebc151dffafc20f8945005c.jpeg": {
    "app_sintetizada": "AB23CEDC69E04DFEBC151DFFAFC20F8945005C.JPEG",
    "cantidad_archivos": 1,
    "archivos_fuente": [
      "Pictures/Fototeca de Fotos.photoslibrary/resources/derivatives/masters/A/AB23CEDC-69E0-4DFE-BC15-1DFFAFC20F89_4_5005_c.jpeg"
    ],
    "ultima_modificacion": "2025-08-01 01:01:11.601398"
  },
  "a4a67c8fccde447e8dee11a3f6f5ead445005c.jpeg": {
    "app_sintetizada": "A4A67C8FCCDE447E8DEE11A3F6F5EAD445005C.JPEG",
    "cantidad_archivos": 1,
    "archivos_fuente": [
      "Pictures/Fototeca de Fotos.photoslibrary/resources/derivatives/masters/A/A4A67C8F-CCDE-447E-8DEE-11A3F6F5EAD4_4_5005_c.jpeg"
    ],
    "ultima_modificacion": "2025-08-01 01:01:11.601720"
  },
  "aaf76c3ea92e4daa8c2200554172738345005c.jpeg": {
    "app_sintetizada": "AAF76C3EA92E4DAA8C2200554172738345005C.JPEG",
    "cantidad_archivos": 1,
    "archivos_fuente": [
      "Pictures/Fototeca de Fotos.photoslibrary/resources/derivatives/masters/A/AAF76C3E-A92E-4DAA-8C22-005541727383_4_5005_c.jpeg"
    ],
    "ultima_modificacion": "2025-08-01 01:01:11.602078"
  },
  "a54a10f5899f4f70882270582bf34c7845005c.jpeg": {
    "app_sintetizada": "A54A10F5899F4F70882270582BF34C7845005C.JPEG",
    "cantidad_archivos": 1,
    "archivos_fuente": [
      "Pictures/Fototeca de Fotos.photoslibrary/resources/derivatives/masters/A/A54A10F5-899F-4F70-8822-70582BF34C78_4_5005_c.jpeg"
    ],
    "ultima_modificacion": "2025-08-01 01:01:11.602434"
  },
  "a411f4efea664a73bfc1fc3b9d2da75d45005c.jpeg": {
    "app_sintetizada": "A411F4EFEA664A73BFC1FC3B9D2DA75D45005C.JPEG",
    "cantidad_archivos": 1,
    "archivos_fuente": [
      "Pictures/Fototeca de Fotos.photoslibrary/resources/derivatives/masters/A/A411F4EF-EA66-4A73-BFC1-FC3B9D2DA75D_4_5005_c.jpeg"
    ],
    "ultima_modificacion": "2025-08-01 01:01:11.602755"
  },
  "a313cd41590b43958c74b9ac3b5772dc45005c.jpeg": {
    "app_sintetizada": "A313CD41590B43958C74B9AC3B5772DC45005C.JPEG",
    "cantidad_archivos": 1,
    "archivos_fuente": [
      "Pictures/Fototeca de Fotos.photoslibrary/resources/derivatives/masters/A/A313CD41-590B-4395-8C74-B9AC3B5772DC_4_5005_c.jpeg"
    ],
    "ultima_modificacion": "2025-08-01 01:01:11.603082"
  },
  "a3e4d3d779ab46159992079770742f7345005c.jpeg": {
    "app_sintetizada": "A3E4D3D779AB46159992079770742F7345005C.JPEG",
    "cantidad_archivos": 1,
    "archivos_fuente": [
      "Pictures/Fototeca de Fotos.photoslibrary/resources/derivatives/masters/A/A3E4D3D7-79AB-4615-9992-079770742F73_4_5005_c.jpeg"
    ],
    "ultima_modificacion": "2025-08-01 01:01:11.603430"
  },
  "a645b02a8fb947c685bd0a419251de7a45005c.jpeg": {
    "app_sintetizada": "A645B02A8FB947C685BD0A419251DE7A45005C.JPEG",
    "cantidad_archivos": 1,
    "archivos_fuente": [
      "Pictures/Fototeca de Fotos.photoslibrary/resources/derivatives/masters/A/A645B02A-8FB9-47C6-85BD-0A419251DE7A_4_5005_c.jpeg"
    ],
    "ultima_modificacion": "2025-08-01 01:01:11.603769"
  },
  "afea944fd28f474d998afbd4c6004cb045005c.jpeg": {
    "app_sintetizada": "AFEA944FD28F474D998AFBD4C6004CB045005C.JPEG",
    "cantidad_archivos": 1,
    "archivos_fuente": [
      "Pictures/Fototeca de Fotos.photoslibrary/resources/derivatives/masters/A/AFEA944F-D28F-474D-998A-FBD4C6004CB0_4_5005_c.jpeg"
    ],
    "ultima_modificacion": "2025-08-01 01:01:11.604175"
  },
  "a3a9b1d5685d43c4beea0593c3ff75ef45005c.jpeg": {
    "app_sintetizada": "A3A9B1D5685D43C4BEEA0593C3FF75EF45005C.JPEG",
    "cantidad_archivos": 1,
    "archivos_fuente": [
      "Pictures/Fototeca de Fotos.photoslibrary/resources/derivatives/masters/A/A3A9B1D5-685D-43C4-BEEA-0593C3FF75EF_4_5005_c.jpeg"
    ],
    "ultima_modificacion": "2025-08-01 01:01:11.604495"
  },
  "a2ba07a231e944bbac4274dccb91f9b945005c.jpeg": {
    "app_sintetizada": "A2BA07A231E944BBAC4274DCCB91F9B945005C.JPEG",
    "cantidad_archivos": 1,
    "archivos_fuente": [
      "Pictures/Fototeca de Fotos.photoslibrary/resources/derivatives/masters/A/A2BA07A2-31E9-44BB-AC42-74DCCB91F9B9_4_5005_c.jpeg"
    ],
    "ultima_modificacion": "2025-08-01 01:01:11.604853"
  },
  "ad90725bcd5f45a899dc2ae66473dd6945005c.jpeg": {
    "app_sintetizada": "AD90725BCD5F45A899DC2AE66473DD6945005C.JPEG",
    "cantidad_archivos": 1,
    "archivos_fuente": [
      "Pictures/Fototeca de Fotos.photoslibrary/resources/derivatives/masters/A/AD90725B-CD5F-45A8-99DC-2AE66473DD69_4_5005_c.jpeg"
    ],
    "ultima_modificacion": "2025-08-01 01:01:11.605229"
  },
  "ae7e91de725440688354e8b3c2dd419f45005c.jpeg": {
    "app_sintetizada": "AE7E91DE725440688354E8B3C2DD419F45005C.JPEG",
    "cantidad_archivos": 1,
    "archivos_fuente": [
      "Pictures/Fototeca de Fotos.photoslibrary/resources/derivatives/masters/A/AE7E91DE-7254-4068-8354-E8B3C2DD419F_4_5005_c.jpeg"
    ],
    "ultima_modificacion": "2025-08-01 01:01:11.605720"
  },
  "a1dbbcab71b44f40869341e84b4fcd4445005c.jpeg": {
    "app_sintetizada": "A1DBBCAB71B44F40869341E84B4FCD4445005C.JPEG",
    "cantidad_archivos": 1,
    "archivos_fuente": [
      "Pictures/Fototeca de Fotos.photoslibrary/resources/derivatives/masters/A/A1DBBCAB-71B4-4F40-8693-41E84B4FCD44_4_5005_c.jpeg"
    ],
    "ultima_modificacion": "2025-08-01 01:01:11.606172"
  },
  "aad46c102e8e40c985d1eaae99bbb1e945005c.jpeg": {
    "app_sintetizada": "AAD46C102E8E40C985D1EAAE99BBB1E945005C.JPEG",
    "cantidad_archivos": 1,
    "archivos_fuente": [
      "Pictures/Fototeca de Fotos.photoslibrary/resources/derivatives/masters/A/AAD46C10-2E8E-40C9-85D1-EAAE99BBB1E9_4_5005_c.jpeg"
    ],
    "ultima_modificacion": "2025-08-01 01:01:11.606851"
  },
  "ab54faebc0c849999f6137b3ff22e2da45005c.jpeg": {
    "app_sintetizada": "AB54FAEBC0C849999F6137B3FF22E2DA45005C.JPEG",
    "cantidad_archivos": 1,
    "archivos_fuente": [
      "Pictures/Fototeca de Fotos.photoslibrary/resources/derivatives/masters/A/AB54FAEB-C0C8-4999-9F61-37B3FF22E2DA_4_5005_c.jpeg"
    ],
    "ultima_modificacion": "2025-08-01 01:01:11.607843"
  },
  "ab816a786c584e85817e96f4e8c61c5545005c.jpeg": {
    "app_sintetizada": "AB816A786C584E85817E96F4E8C61C5545005C.JPEG",
    "cantidad_archivos": 1,
    "archivos_fuente": [
      "Pictures/Fototeca de Fotos.photoslibrary/resources/derivatives/masters/A/AB816A78-6C58-4E85-817E-96F4E8C61C55_4_5005_c.jpeg"
    ],
    "ultima_modificacion": "2025-08-01 01:01:11.608237"
  },
  "a0983b28802d4f0892fe19c1fac0e82245005c.jpeg": {
    "app_sintetizada": "A0983B28802D4F0892FE19C1FAC0E82245005C.JPEG",
    "cantidad_archivos": 1,
    "archivos_fuente": [
      "Pictures/Fototeca de Fotos.photoslibrary/resources/derivatives/masters/A/A0983B28-802D-4F08-92FE-19C1FAC0E822_4_5005_c.jpeg"
    ],
    "ultima_modificacion": "2025-08-01 01:01:11.609165"
  },
  "afda4888f16345cc966f8dca4145facb45005c.jpeg": {
    "app_sintetizada": "AFDA4888F16345CC966F8DCA4145FACB45005C.JPEG",
    "cantidad_archivos": 1,
    "archivos_fuente": [
      "Pictures/Fototeca de Fotos.photoslibrary/resources/derivatives/masters/A/AFDA4888-F163-45CC-966F-8DCA4145FACB_4_5005_c.jpeg"
    ],
    "ultima_modificacion": "2025-08-01 01:01:11.609531"
  },
  "a41964df2ec64586ab52e07eed523e2245005c.jpeg": {
    "app_sintetizada": "A41964DF2EC64586AB52E07EED523E2245005C.JPEG",
    "cantidad_archivos": 1,
    "archivos_fuente": [
      "Pictures/Fototeca de Fotos.photoslibrary/resources/derivatives/masters/A/A41964DF-2EC6-4586-AB52-E07EED523E22_4_5005_c.jpeg"
    ],
    "ultima_modificacion": "2025-08-01 01:01:11.609887"
  },
  "a96dc1dcf1ee4ca492442591ec54ce0745005c.jpeg": {
    "app_sintetizada": "A96DC1DCF1EE4CA492442591EC54CE0745005C.JPEG",
    "cantidad_archivos": 1,
    "archivos_fuente": [
      "Pictures/Fototeca de Fotos.photoslibrary/resources/derivatives/masters/A/A96DC1DC-F1EE-4CA4-9244-2591EC54CE07_4_5005_c.jpeg"
    ],
    "ultima_modificacion": "2025-08-01 01:01:11.610211"
  },
  "a9a2d1266600490987ddcf9a0ab50f9a45005c.jpeg": {
    "app_sintetizada": "A9A2D1266600490987DDCF9A0AB50F9A45005C.JPEG",
    "cantidad_archivos": 1,
    "archivos_fuente": [
      "Pictures/Fototeca de Fotos.photoslibrary/resources/derivatives/masters/A/A9A2D126-6600-4909-87DD-CF9A0AB50F9A_4_5005_c.jpeg"
    ],
    "ultima_modificacion": "2025-08-01 01:01:11.610541"
  },
  "a6abd25a8928406dbdb1aac60ea1f65145005c.jpeg": {
    "app_sintetizada": "A6ABD25A8928406DBDB1AAC60EA1F65145005C.JPEG",
    "cantidad_archivos": 1,
    "archivos_fuente": [
      "Pictures/Fototeca de Fotos.photoslibrary/resources/derivatives/masters/A/A6ABD25A-8928-406D-BDB1-AAC60EA1F651_4_5005_c.jpeg"
    ],
    "ultima_modificacion": "2025-08-01 01:01:11.610872"
  },
  "aaa724a390be4c879d8e49b29533a77b45005c.jpeg": {
    "app_sintetizada": "AAA724A390BE4C879D8E49B29533A77B45005C.JPEG",
    "cantidad_archivos": 1,
    "archivos_fuente": [
      "Pictures/Fototeca de Fotos.photoslibrary/resources/derivatives/masters/A/AAA724A3-90BE-4C87-9D8E-49B29533A77B_4_5005_c.jpeg"
    ],
    "ultima_modificacion": "2025-08-01 01:01:11.611154"
  },
  "aa8402ec7ddb469891d28b7175a97d4e45005c.jpeg": {
    "app_sintetizada": "AA8402EC7DDB469891D28B7175A97D4E45005C.JPEG",
    "cantidad_archivos": 1,
    "archivos_fuente": [
      "Pictures/Fototeca de Fotos.photoslibrary/resources/derivatives/masters/A/AA8402EC-7DDB-4698-91D2-8B7175A97D4E_4_5005_c.jpeg"
    ],
    "ultima_modificacion": "2025-08-01 01:01:11.611413"
  },
  "a984f29a714445199c644fecf29721ce45005c.jpeg": {
    "app_sintetizada": "A984F29A714445199C644FECF29721CE45005C.JPEG",
    "cantidad_archivos": 1,
    "archivos_fuente": [
      "Pictures/Fototeca de Fotos.photoslibrary/resources/derivatives/masters/A/A984F29A-7144-4519-9C64-4FECF29721CE_4_5005_c.jpeg"
    ],
    "ultima_modificacion": "2025-08-01 01:01:11.611686"
  },
  "a5fcc8f9d4234f439e05896d7ef704b545005c.jpeg": {
    "app_sintetizada": "A5FCC8F9D4234F439E05896D7EF704B545005C.JPEG",
    "cantidad_archivos": 1,
    "archivos_fuente": [
      "Pictures/Fototeca de Fotos.photoslibrary/resources/derivatives/masters/A/A5FCC8F9-D423-4F43-9E05-896D7EF704B5_4_5005_c.jpeg"
    ],
    "ultima_modificacion": "2025-08-01 01:01:11.611958"
  },
  "a50b38e638854951b7a0bd9f1f5e2d9045005c.jpeg": {
    "app_sintetizada": "A50B38E638854951B7A0BD9F1F5E2D9045005C.JPEG",
    "cantidad_archivos": 1,
    "archivos_fuente": [
      "Pictures/Fototeca de Fotos.photoslibrary/resources/derivatives/masters/A/A50B38E6-3885-4951-B7A0-BD9F1F5E2D90_4_5005_c.jpeg"
    ],
    "ultima_modificacion": "2025-08-01 01:01:11.612370"
  },
  "ae8adc4c011f449086b3852d409046d145005c.jpeg": {
    "app_sintetizada": "AE8ADC4C011F449086B3852D409046D145005C.JPEG",
    "cantidad_archivos": 1,
    "archivos_fuente": [
      "Pictures/Fototeca de Fotos.photoslibrary/resources/derivatives/masters/A/AE8ADC4C-011F-4490-86B3-852D409046D1_4_5005_c.jpeg"
    ],
    "ultima_modificacion": "2025-08-01 01:01:11.612667"
  },
  "ac08689ee9274e7492dee10c8bc4824e45005c.jpeg": {
    "app_sintetizada": "AC08689EE9274E7492DEE10C8BC4824E45005C.JPEG",
    "cantidad_archivos": 1,
    "archivos_fuente": [
      "Pictures/Fototeca de Fotos.photoslibrary/resources/derivatives/masters/A/AC08689E-E927-4E74-92DE-E10C8BC4824E_4_5005_c.jpeg"
    ],
    "ultima_modificacion": "2025-08-01 01:01:11.612927"
  },
  "aa8ffd1609cc40028d9e0774d8fd50db45005c.jpeg": {
    "app_sintetizada": "AA8FFD1609CC40028D9E0774D8FD50DB45005C.JPEG",
    "cantidad_archivos": 1,
    "archivos_fuente": [
      "Pictures/Fototeca de Fotos.photoslibrary/resources/derivatives/masters/A/AA8FFD16-09CC-4002-8D9E-0774D8FD50DB_4_5005_c.jpeg"
    ],
    "ultima_modificacion": "2025-08-01 01:01:11.613238"
  },
  "aee971a91c004da196f3812e96ad3af845005c.jpeg": {
    "app_sintetizada": "AEE971A91C004DA196F3812E96AD3AF845005C.JPEG",
    "cantidad_archivos": 1,
    "archivos_fuente": [
      "Pictures/Fototeca de Fotos.photoslibrary/resources/derivatives/masters/A/AEE971A9-1C00-4DA1-96F3-812E96AD3AF8_4_5005_c.jpeg"
    ],
    "ultima_modificacion": "2025-08-01 01:01:11.613527"
  },
  "ae1a126e57334fe7b32fd03dae5620aa45005c.jpeg": {
    "app_sintetizada": "AE1A126E57334FE7B32FD03DAE5620AA45005C.JPEG",
    "cantidad_archivos": 1,
    "archivos_fuente": [
      "Pictures/Fototeca de Fotos.photoslibrary/resources/derivatives/masters/A/AE1A126E-5733-4FE7-B32F-D03DAE5620AA_4_5005_c.jpeg"
    ],
    "ultima_modificacion": "2025-08-01 01:01:11.613937"
  },
  "aace29f7564645408917f0ec7c742b1345005c.jpeg": {
    "app_sintetizada": "AACE29F7564645408917F0EC7C742B1345005C.JPEG",
    "cantidad_archivos": 1,
    "archivos_fuente": [
      "Pictures/Fototeca de Fotos.photoslibrary/resources/derivatives/masters/A/AACE29F7-5646-4540-8917-F0EC7C742B13_4_5005_c.jpeg"
    ],
    "ultima_modificacion": "2025-08-01 01:01:11.614202"
  },
  "ad9d7f7e941c45dcab061f26c77146a745005c.jpeg": {
    "app_sintetizada": "AD9D7F7E941C45DCAB061F26C77146A745005C.JPEG",
    "cantidad_archivos": 1,
    "archivos_fuente": [
      "Pictures/Fototeca de Fotos.photoslibrary/resources/derivatives/masters/A/AD9D7F7E-941C-45DC-AB06-1F26C77146A7_4_5005_c.jpeg"
    ],
    "ultima_modificacion": "2025-08-01 01:01:11.614467"
  },
  "abf93604afc9405091a3b523dc25e36845005c.jpeg": {
    "app_sintetizada": "ABF93604AFC9405091A3B523DC25E36845005C.JPEG",
    "cantidad_archivos": 1,
    "archivos_fuente": [
      "Pictures/Fototeca de Fotos.photoslibrary/resources/derivatives/masters/A/ABF93604-AFC9-4050-91A3-B523DC25E368_4_5005_c.jpeg"
    ],
    "ultima_modificacion": "2025-08-01 01:01:11.614716"
  },
  "a5aea6bb5d3e4931b2ffe0571b464b5045005c.jpeg": {
    "app_sintetizada": "A5AEA6BB5D3E4931B2FFE0571B464B5045005C.JPEG",
    "cantidad_archivos": 1,
    "archivos_fuente": [
      "Pictures/Fototeca de Fotos.photoslibrary/resources/derivatives/masters/A/A5AEA6BB-5D3E-4931-B2FF-E0571B464B50_4_5005_c.jpeg"
    ],
    "ultima_modificacion": "2025-08-01 01:01:11.614958"
  },
  "a6eb58e00fe947e8a9abef017b5e7a7c45005c.jpeg": {
    "app_sintetizada": "A6EB58E00FE947E8A9ABEF017B5E7A7C45005C.JPEG",
    "cantidad_archivos": 1,
    "archivos_fuente": [
      "Pictures/Fototeca de Fotos.photoslibrary/resources/derivatives/masters/A/A6EB58E0-0FE9-47E8-A9AB-EF017B5E7A7C_4_5005_c.jpeg"
    ],
    "ultima_modificacion": "2025-08-01 01:01:11.615200"
  },
  "a5224a57966449459d0a4344ee5729e945005c.jpeg": {
    "app_sintetizada": "A5224A57966449459D0A4344EE5729E945005C.JPEG",
    "cantidad_archivos": 1,
    "archivos_fuente": [
      "Pictures/Fototeca de Fotos.photoslibrary/resources/derivatives/masters/A/A5224A57-9664-4945-9D0A-4344EE5729E9_4_5005_c.jpeg"
    ],
    "ultima_modificacion": "2025-08-01 01:01:11.615527"
  },
  "accffde3844a40358eeb75365c2aa27545005c.jpeg": {
    "app_sintetizada": "ACCFFDE3844A40358EEB75365C2AA27545005C.JPEG",
    "cantidad_archivos": 1,
    "archivos_fuente": [
      "Pictures/Fototeca de Fotos.photoslibrary/resources/derivatives/masters/A/ACCFFDE3-844A-4035-8EEB-75365C2AA275_4_5005_c.jpeg"
    ],
    "ultima_modificacion": "2025-08-01 01:01:11.615781"
  },
  "aabbb75d1d47491e916b16acf34010ea45005c.jpeg": {
    "app_sintetizada": "AABBB75D1D47491E916B16ACF34010EA45005C.JPEG",
    "cantidad_archivos": 1,
    "archivos_fuente": [
      "Pictures/Fototeca de Fotos.photoslibrary/resources/derivatives/masters/A/AABBB75D-1D47-491E-916B-16ACF34010EA_4_5005_c.jpeg"
    ],
    "ultima_modificacion": "2025-08-01 01:01:11.616110"
  },
  "a22d4c365c314368889525e1ddb8dcdb45005c.jpeg": {
    "app_sintetizada": "A22D4C365C314368889525E1DDB8DCDB45005C.JPEG",
    "cantidad_archivos": 1,
    "archivos_fuente": [
      "Pictures/Fototeca de Fotos.photoslibrary/resources/derivatives/masters/A/A22D4C36-5C31-4368-8895-25E1DDB8DCDB_4_5005_c.jpeg"
    ],
    "ultima_modificacion": "2025-08-01 01:01:11.616374"
  },
  "a23a4d91ca154668959b389d96aed4a745005c.jpeg": {
    "app_sintetizada": "A23A4D91CA154668959B389D96AED4A745005C.JPEG",
    "cantidad_archivos": 1,
    "archivos_fuente": [
      "Pictures/Fototeca de Fotos.photoslibrary/resources/derivatives/masters/A/A23A4D91-CA15-4668-959B-389D96AED4A7_4_5005_c.jpeg"
    ],
    "ultima_modificacion": "2025-08-01 01:01:11.616672"
  },
  "a2ab89847bb04d1eb1b38869f843581b45005c.jpeg": {
    "app_sintetizada": "A2AB89847BB04D1EB1B38869F843581B45005C.JPEG",
    "cantidad_archivos": 1,
    "archivos_fuente": [
      "Pictures/Fototeca de Fotos.photoslibrary/resources/derivatives/masters/A/A2AB8984-7BB0-4D1E-B1B3-8869F843581B_4_5005_c.jpeg"
    ],
    "ultima_modificacion": "2025-08-01 01:01:11.616903"
  },
  "a7abeb39d71543038f44364b29324ce345005c.jpeg": {
    "app_sintetizada": "A7ABEB39D71543038F44364B29324CE345005C.JPEG",
    "cantidad_archivos": 1,
    "archivos_fuente": [
      "Pictures/Fototeca de Fotos.photoslibrary/resources/derivatives/masters/A/A7ABEB39-D715-4303-8F44-364B29324CE3_4_5005_c.jpeg"
    ],
    "ultima_modificacion": "2025-08-01 01:01:11.617132"
  },
  "a5196b77b81d4f999a46c1122584c42745005c.jpeg": {
    "app_sintetizada": "A5196B77B81D4F999A46C1122584C42745005C.JPEG",
    "cantidad_archivos": 1,
    "archivos_fuente": [
      "Pictures/Fototeca de Fotos.photoslibrary/resources/derivatives/masters/A/A5196B77-B81D-4F99-9A46-C1122584C427_4_5005_c.jpeg"
    ],
    "ultima_modificacion": "2025-08-01 01:01:11.617389"
  },
  "a0bdb1361e214b98a88556fac2f1ff6545005c.jpeg": {
    "app_sintetizada": "A0BDB1361E214B98A88556FAC2F1FF6545005C.JPEG",
    "cantidad_archivos": 1,
    "archivos_fuente": [
      "Pictures/Fototeca de Fotos.photoslibrary/resources/derivatives/masters/A/A0BDB136-1E21-4B98-A885-56FAC2F1FF65_4_5005_c.jpeg"
    ],
    "ultima_modificacion": "2025-08-01 01:01:11.617685"
  },
  "a2621c8751a04821906cd289042989e645005c.jpeg": {
    "app_sintetizada": "A2621C8751A04821906CD289042989E645005C.JPEG",
    "cantidad_archivos": 1,
    "archivos_fuente": [
      "Pictures/Fototeca de Fotos.photoslibrary/resources/derivatives/masters/A/A2621C87-51A0-4821-906C-D289042989E6_4_5005_c.jpeg"
    ],
    "ultima_modificacion": "2025-08-01 01:01:11.618031"
  },
  "af66565004a8485cb084663f04872be845005c.jpeg": {
    "app_sintetizada": "AF66565004A8485CB084663F04872BE845005C.JPEG",
    "cantidad_archivos": 1,
    "archivos_fuente": [
      "Pictures/Fototeca de Fotos.photoslibrary/resources/derivatives/masters/A/AF665650-04A8-485C-B084-663F04872BE8_4_5005_c.jpeg"
    ],
    "ultima_modificacion": "2025-08-01 01:01:11.618371"
  },
  "acbcb1d923ec4fb3902ee081d115a86045005c.jpeg": {
    "app_sintetizada": "ACBCB1D923EC4FB3902EE081D115A86045005C.JPEG",
    "cantidad_archivos": 1,
    "archivos_fuente": [
      "Pictures/Fototeca de Fotos.photoslibrary/resources/derivatives/masters/A/ACBCB1D9-23EC-4FB3-902E-E081D115A860_4_5005_c.jpeg"
    ],
    "ultima_modificacion": "2025-08-01 01:01:11.618644"
  },
  "a78dcc52adcb4416b8a6b8bfa3480f7b45005c.jpeg": {
    "app_sintetizada": "A78DCC52ADCB4416B8A6B8BFA3480F7B45005C.JPEG",
    "cantidad_archivos": 1,
    "archivos_fuente": [
      "Pictures/Fototeca de Fotos.photoslibrary/resources/derivatives/masters/A/A78DCC52-ADCB-4416-B8A6-B8BFA3480F7B_4_5005_c.jpeg"
    ],
    "ultima_modificacion": "2025-08-01 01:01:11.618969"
  },
  "a44dcee410a2472db1cd0614a89fa9fe45005c.jpeg": {
    "app_sintetizada": "A44DCEE410A2472DB1CD0614A89FA9FE45005C.JPEG",
    "cantidad_archivos": 1,
    "archivos_fuente": [
      "Pictures/Fototeca de Fotos.photoslibrary/resources/derivatives/masters/A/A44DCEE4-10A2-472D-B1CD-0614A89FA9FE_4_5005_c.jpeg"
    ],
    "ultima_modificacion": "2025-08-01 01:01:11.619252"
  },
  "a4e60d51cfb44239858f3dfbf8fb7f1745005c.jpeg": {
    "app_sintetizada": "A4E60D51CFB44239858F3DFBF8FB7F1745005C.JPEG",
    "cantidad_archivos": 1,
    "archivos_fuente": [
      "Pictures/Fototeca de Fotos.photoslibrary/resources/derivatives/masters/A/A4E60D51-CFB4-4239-858F-3DFBF8FB7F17_4_5005_c.jpeg"
    ],
    "ultima_modificacion": "2025-08-01 01:01:11.619521"
  },
  "a605659c6b6b44bb988d0448e6c047d045005c.jpeg": {
    "app_sintetizada": "A605659C6B6B44BB988D0448E6C047D045005C.JPEG",
    "cantidad_archivos": 1,
    "archivos_fuente": [
      "Pictures/Fototeca de Fotos.photoslibrary/resources/derivatives/masters/A/A605659C-6B6B-44BB-988D-0448E6C047D0_4_5005_c.jpeg"
    ],
    "ultima_modificacion": "2025-08-01 01:01:11.619776"
  },
  "aee20dd475de4b8a8d0045f7e0d6355b45005c.jpeg": {
    "app_sintetizada": "AEE20DD475DE4B8A8D0045F7E0D6355B45005C.JPEG",
    "cantidad_archivos": 1,
    "archivos_fuente": [
      "Pictures/Fototeca de Fotos.photoslibrary/resources/derivatives/masters/A/AEE20DD4-75DE-4B8A-8D00-45F7E0D6355B_4_5005_c.jpeg"
    ],
    "ultima_modificacion": "2025-08-01 01:01:11.620033"
  },
  "a24ea776dbbc4490b49eb9b16654ec2945005c.jpeg": {
    "app_sintetizada": "A24EA776DBBC4490B49EB9B16654EC2945005C.JPEG",
    "cantidad_archivos": 1,
    "archivos_fuente": [
      "Pictures/Fototeca de Fotos.photoslibrary/resources/derivatives/masters/A/A24EA776-DBBC-4490-B49E-B9B16654EC29_4_5005_c.jpeg"
    ],
    "ultima_modificacion": "2025-08-01 01:01:11.620285"
  },
  "aa2938d14eca4ed8b6b4ecc9467a3f0845005c.jpeg": {
    "app_sintetizada": "AA2938D14ECA4ED8B6B4ECC9467A3F0845005C.JPEG",
    "cantidad_archivos": 1,
    "archivos_fuente": [
      "Pictures/Fototeca de Fotos.photoslibrary/resources/derivatives/masters/A/AA2938D1-4ECA-4ED8-B6B4-ECC9467A3F08_4_5005_c.jpeg"
    ],
    "ultima_modificacion": "2025-08-01 01:01:11.620522"
  },
  "aba8983dbbac48d99340d405cbd5944a45005c.jpeg": {
    "app_sintetizada": "ABA8983DBBAC48D99340D405CBD5944A45005C.JPEG",
    "cantidad_archivos": 1,
    "archivos_fuente": [
      "Pictures/Fototeca de Fotos.photoslibrary/resources/derivatives/masters/A/ABA8983D-BBAC-48D9-9340-D405CBD5944A_4_5005_c.jpeg"
    ],
    "ultima_modificacion": "2025-08-01 01:01:11.620831"
  },
  "afe5f251b1de40ad9f77f01fb324535445005c.jpeg": {
    "app_sintetizada": "AFE5F251B1DE40AD9F77F01FB324535445005C.JPEG",
    "cantidad_archivos": 1,
    "archivos_fuente": [
      "Pictures/Fototeca de Fotos.photoslibrary/resources/derivatives/masters/A/AFE5F251-B1DE-40AD-9F77-F01FB3245354_4_5005_c.jpeg"
    ],
    "ultima_modificacion": "2025-08-01 01:01:11.621145"
  },
  "a65287a1b524475895683fd54c7a336845005c.jpeg": {
    "app_sintetizada": "A65287A1B524475895683FD54C7A336845005C.JPEG",
    "cantidad_archivos": 1,
    "archivos_fuente": [
      "Pictures/Fototeca de Fotos.photoslibrary/resources/derivatives/masters/A/A65287A1-B524-4758-9568-3FD54C7A3368_4_5005_c.jpeg"
    ],
    "ultima_modificacion": "2025-08-01 01:01:11.621396"
  },
  "a753ca5dbcb042ab8358fdf743f46f7745005c.jpeg": {
    "app_sintetizada": "A753CA5DBCB042AB8358FDF743F46F7745005C.JPEG",
    "cantidad_archivos": 1,
    "archivos_fuente": [
      "Pictures/Fototeca de Fotos.photoslibrary/resources/derivatives/masters/A/A753CA5D-BCB0-42AB-8358-FDF743F46F77_4_5005_c.jpeg"
    ],
    "ultima_modificacion": "2025-08-01 01:01:11.621671"
  },
  "a64f91c6ae6e48fcb1493e5635a4a28b45005c.jpeg": {
    "app_sintetizada": "A64F91C6AE6E48FCB1493E5635A4A28B45005C.JPEG",
    "cantidad_archivos": 1,
    "archivos_fuente": [
      "Pictures/Fototeca de Fotos.photoslibrary/resources/derivatives/masters/A/A64F91C6-AE6E-48FC-B149-3E5635A4A28B_4_5005_c.jpeg"
    ],
    "ultima_modificacion": "2025-08-01 01:01:11.621960"
  },
  "a8696cf416fc44e6aa63603e19ba3c8045005c.jpeg": {
    "app_sintetizada": "A8696CF416FC44E6AA63603E19BA3C8045005C.JPEG",
    "cantidad_archivos": 1,
    "archivos_fuente": [
      "Pictures/Fototeca de Fotos.photoslibrary/resources/derivatives/masters/A/A8696CF4-16FC-44E6-AA63-603E19BA3C80_4_5005_c.jpeg"
    ],
    "ultima_modificacion": "2025-08-01 01:01:11.622226"
  },
  "aea2fa8efa8c4def993a12288540308545005c.jpeg": {
    "app_sintetizada": "AEA2FA8EFA8C4DEF993A12288540308545005C.JPEG",
    "cantidad_archivos": 1,
    "archivos_fuente": [
      "Pictures/Fototeca de Fotos.photoslibrary/resources/derivatives/masters/A/AEA2FA8E-FA8C-4DEF-993A-122885403085_4_5005_c.jpeg"
    ],
    "ultima_modificacion": "2025-08-01 01:01:11.622472"
  },
  "ab693c6f92454cc4a8b67817d66e60bb45005c.jpeg": {
    "app_sintetizada": "AB693C6F92454CC4A8B67817D66E60BB45005C.JPEG",
    "cantidad_archivos": 1,
    "archivos_fuente": [
      "Pictures/Fototeca de Fotos.photoslibrary/resources/derivatives/masters/A/AB693C6F-9245-4CC4-A8B6-7817D66E60BB_4_5005_c.jpeg"
    ],
    "ultima_modificacion": "2025-08-01 01:01:11.622827"
  },
  "a3648f39d7824526ae546163eeee3d1045005c.jpeg": {
    "app_sintetizada": "A3648F39D7824526AE546163EEEE3D1045005C.JPEG",
    "cantidad_archivos": 1,
    "archivos_fuente": [
      "Pictures/Fototeca de Fotos.photoslibrary/resources/derivatives/masters/A/A3648F39-D782-4526-AE54-6163EEEE3D10_4_5005_c.jpeg"
    ],
    "ultima_modificacion": "2025-08-01 01:01:11.623103"
  },
  "a6a90b7ddb4a442aa636640ead8ae10645005c.jpeg": {
    "app_sintetizada": "A6A90B7DDB4A442AA636640EAD8AE10645005C.JPEG",
    "cantidad_archivos": 1,
    "archivos_fuente": [
      "Pictures/Fototeca de Fotos.photoslibrary/resources/derivatives/masters/A/A6A90B7D-DB4A-442A-A636-640EAD8AE106_4_5005_c.jpeg"
    ],
    "ultima_modificacion": "2025-08-01 01:01:11.623411"
  },
  "ace3038293e84bc5af877b19a98486fe45005c.jpeg": {
    "app_sintetizada": "ACE3038293E84BC5AF877B19A98486FE45005C.JPEG",
    "cantidad_archivos": 1,
    "archivos_fuente": [
      "Pictures/Fototeca de Fotos.photoslibrary/resources/derivatives/masters/A/ACE30382-93E8-4BC5-AF87-7B19A98486FE_4_5005_c.jpeg"
    ],
    "ultima_modificacion": "2025-08-01 01:01:11.623681"
  },
  "a481a8d5c0a24c928f8637e114b6294945005c.jpeg": {
    "app_sintetizada": "A481A8D5C0A24C928F8637E114B6294945005C.JPEG",
    "cantidad_archivos": 1,
    "archivos_fuente": [
      "Pictures/Fototeca de Fotos.photoslibrary/resources/derivatives/masters/A/A481A8D5-C0A2-4C92-8F86-37E114B62949_4_5005_c.jpeg"
    ],
    "ultima_modificacion": "2025-08-01 01:01:11.623887"
  },
  "a2b2653b946c448fb1e0ab9a1adf01fc45005c.jpeg": {
    "app_sintetizada": "A2B2653B946C448FB1E0AB9A1ADF01FC45005C.JPEG",
    "cantidad_archivos": 1,
    "archivos_fuente": [
      "Pictures/Fototeca de Fotos.photoslibrary/resources/derivatives/masters/A/A2B2653B-946C-448F-B1E0-AB9A1ADF01FC_4_5005_c.jpeg"
    ],
    "ultima_modificacion": "2025-08-01 01:01:11.624089"
  },
  "a4b6a1ab0d90464ab60227aecf6c000b45005c.jpeg": {
    "app_sintetizada": "A4B6A1AB0D90464AB60227AECF6C000B45005C.JPEG",
    "cantidad_archivos": 1,
    "archivos_fuente": [
      "Pictures/Fototeca de Fotos.photoslibrary/resources/derivatives/masters/A/A4B6A1AB-0D90-464A-B602-27AECF6C000B_4_5005_c.jpeg"
    ],
    "ultima_modificacion": "2025-08-01 01:01:11.624299"
  },
  "aaa21c50ed6c4fb09ef73dec704f187545005c.jpeg": {
    "app_sintetizada": "AAA21C50ED6C4FB09EF73DEC704F187545005C.JPEG",
    "cantidad_archivos": 1,
    "archivos_fuente": [
      "Pictures/Fototeca de Fotos.photoslibrary/resources/derivatives/masters/A/AAA21C50-ED6C-4FB0-9EF7-3DEC704F1875_4_5005_c.jpeg"
    ],
    "ultima_modificacion": "2025-08-01 01:01:11.624497"
  },
  "ab13aa9649d747b481108acde0a6685045005c.jpeg": {
    "app_sintetizada": "AB13AA9649D747B481108ACDE0A6685045005C.JPEG",
    "cantidad_archivos": 1,
    "archivos_fuente": [
      "Pictures/Fototeca de Fotos.photoslibrary/resources/derivatives/masters/A/AB13AA96-49D7-47B4-8110-8ACDE0A66850_4_5005_c.jpeg"
    ],
    "ultima_modificacion": "2025-08-01 01:01:11.624692"
  },
  "a88b6b01669a42879f268c40e6f92a6545005c.jpeg": {
    "app_sintetizada": "A88B6B01669A42879F268C40E6F92A6545005C.JPEG",
    "cantidad_archivos": 1,
    "archivos_fuente": [
      "Pictures/Fototeca de Fotos.photoslibrary/resources/derivatives/masters/A/A88B6B01-669A-4287-9F26-8C40E6F92A65_4_5005_c.jpeg"
    ],
    "ultima_modificacion": "2025-08-01 01:01:11.624880"
  },
  "ac17fdb1443a4f2b881eed219487f68345005c.jpeg": {
    "app_sintetizada": "AC17FDB1443A4F2B881EED219487F68345005C.JPEG",
    "cantidad_archivos": 1,
    "archivos_fuente": [
      "Pictures/Fototeca de Fotos.photoslibrary/resources/derivatives/masters/A/AC17FDB1-443A-4F2B-881E-ED219487F683_4_5005_c.jpeg"
    ],
    "ultima_modificacion": "2025-08-01 01:01:11.625075"
  },
  "a7e5c106d1e3435b90522b085e2f9fc445005c.jpeg": {
    "app_sintetizada": "A7E5C106D1E3435B90522B085E2F9FC445005C.JPEG",
    "cantidad_archivos": 1,
    "archivos_fuente": [
      "Pictures/Fototeca de Fotos.photoslibrary/resources/derivatives/masters/A/A7E5C106-D1E3-435B-9052-2B085E2F9FC4_4_5005_c.jpeg"
    ],
    "ultima_modificacion": "2025-08-01 01:01:11.625308"
  },
  "a39eb469e9144210825edcc9a27e980645005c.jpeg": {
    "app_sintetizada": "A39EB469E9144210825EDCC9A27E980645005C.JPEG",
    "cantidad_archivos": 1,
    "archivos_fuente": [
      "Pictures/Fototeca de Fotos.photoslibrary/resources/derivatives/masters/A/A39EB469-E914-4210-825E-DCC9A27E9806_4_5005_c.jpeg"
    ],
    "ultima_modificacion": "2025-08-01 01:01:11.625524"
  },
  "a3247efaa34f476893e3f377a71bad0b45005c.jpeg": {
    "app_sintetizada": "A3247EFAA34F476893E3F377A71BAD0B45005C.JPEG",
    "cantidad_archivos": 1,
    "archivos_fuente": [
      "Pictures/Fototeca de Fotos.photoslibrary/resources/derivatives/masters/A/A3247EFA-A34F-4768-93E3-F377A71BAD0B_4_5005_c.jpeg"
    ],
    "ultima_modificacion": "2025-08-01 01:01:11.625740"
  },
  "a15641b61dc54115ae44ff90ed47408e45005c.jpeg": {
    "app_sintetizada": "A15641B61DC54115AE44FF90ED47408E45005C.JPEG",
    "cantidad_archivos": 1,
    "archivos_fuente": [
      "Pictures/Fototeca de Fotos.photoslibrary/resources/derivatives/masters/A/A15641B6-1DC5-4115-AE44-FF90ED47408E_4_5005_c.jpeg"
    ],
    "ultima_modificacion": "2025-08-01 01:01:11.625942"
  },
  "a36026e36ff1449ea7023c80cec62dc645005c.jpeg": {
    "app_sintetizada": "A36026E36FF1449EA7023C80CEC62DC645005C.JPEG",
    "cantidad_archivos": 1,
    "archivos_fuente": [
      "Pictures/Fototeca de Fotos.photoslibrary/resources/derivatives/masters/A/A36026E3-6FF1-449E-A702-3C80CEC62DC6_4_5005_c.jpeg"
    ],
    "ultima_modificacion": "2025-08-01 01:01:11.626174"
  },
  "aa0f234b71204ee7a0fd122d6a2484d445005c.jpeg": {
    "app_sintetizada": "AA0F234B71204EE7A0FD122D6A2484D445005C.JPEG",
    "cantidad_archivos": 1,
    "archivos_fuente": [
      "Pictures/Fototeca de Fotos.photoslibrary/resources/derivatives/masters/A/AA0F234B-7120-4EE7-A0FD-122D6A2484D4_4_5005_c.jpeg"
    ],
    "ultima_modificacion": "2025-08-01 01:01:11.626502"
  },
  "a596c794007f4fc4af954d2ec4592c3645005c.jpeg": {
    "app_sintetizada": "A596C794007F4FC4AF954D2EC4592C3645005C.JPEG",
    "cantidad_archivos": 1,
    "archivos_fuente": [
      "Pictures/Fototeca de Fotos.photoslibrary/resources/derivatives/masters/A/A596C794-007F-4FC4-AF95-4D2EC4592C36_4_5005_c.jpeg"
    ],
    "ultima_modificacion": "2025-08-01 01:01:11.626793"
  },
  "aed645200f6841c6b1b11f0eb37921dd45005c.jpeg": {
    "app_sintetizada": "AED645200F6841C6B1B11F0EB37921DD45005C.JPEG",
    "cantidad_archivos": 1,
    "archivos_fuente": [
      "Pictures/Fototeca de Fotos.photoslibrary/resources/derivatives/masters/A/AED64520-0F68-41C6-B1B1-1F0EB37921DD_4_5005_c.jpeg"
    ],
    "ultima_modificacion": "2025-08-01 01:01:11.627009"
  },
  "a82ec180eae146ed9f88abee4bca589d45005c.jpeg": {
    "app_sintetizada": "A82EC180EAE146ED9F88ABEE4BCA589D45005C.JPEG",
    "cantidad_archivos": 1,
    "archivos_fuente": [
      "Pictures/Fototeca de Fotos.photoslibrary/resources/derivatives/masters/A/A82EC180-EAE1-46ED-9F88-ABEE4BCA589D_4_5005_c.jpeg"
    ],
    "ultima_modificacion": "2025-08-01 01:01:11.627212"
  }
}