{
  "a9a875bb863c48ecbfd897867d69412745005c.jpeg": {
    "app_sintetizada": "A9A875BB863C48ECBFD897867D69412745005C.JPEG",
    "cantidad_archivos": 1,
    "archivos_fuente": [
      "Pictures/Fototeca de Fotos.photoslibrary/resources/derivatives/masters/A/A9A875BB-863C-48EC-BFD8-97867D694127_4_5005_c.jpeg"
    ],
    "ultima_modificacion": "2025-08-01 01:01:11.115536"
  },
  "a36d815dbf324a89898c016ae9f4835545005c.jpeg": {
    "app_sintetizada": "A36D815DBF324A89898C016AE9F4835545005C.JPEG",
    "cantidad_archivos": 1,
    "archivos_fuente": [
      "Pictures/Fototeca de Fotos.photoslibrary/resources/derivatives/masters/A/A36D815D-BF32-4A89-898C-016AE9F48355_4_5005_c.jpeg"
    ],
    "ultima_modificacion": "2025-08-01 01:01:11.115831"
  },
  "a38208f3db0448ee9c599d1fb9c0a73c45005c.jpeg": {
    "app_sintetizada": "A38208F3DB0448EE9C599D1FB9C0A73C45005C.JPEG",
    "cantidad_archivos": 1,
    "archivos_fuente": [
      "Pictures/Fototeca de Fotos.photoslibrary/resources/derivatives/masters/A/A38208F3-DB04-48EE-9C59-9D1FB9C0A73C_4_5005_c.jpeg"
    ],
    "ultima_modificacion": "2025-08-01 01:01:11.116081"
  },
  "abd022ac2e7f4c3cb55f3ca9bbdf14de45005c.jpeg": {
    "app_sintetizada": "ABD022AC2E7F4C3CB55F3CA9BBDF14DE45005C.JPEG",
    "cantidad_archivos": 1,
    "archivos_fuente": [
      "Pictures/Fototeca de Fotos.photoslibrary/resources/derivatives/masters/A/ABD022AC-2E7F-4C3C-B55F-3CA9BBDF14DE_4_5005_c.jpeg"
    ],
    "ultima_modificacion": "2025-08-01 01:01:11.116370"
  },
  "af307d31f59d4606b61e089d542961ce45005c.jpeg": {
    "app_sintetizada": "AF307D31F59D4606B61E089D542961CE45005C.JPEG",
    "cantidad_archivos": 1,
    "archivos_fuente": [
      "Pictures/Fototeca de Fotos.photoslibrary/resources/derivatives/masters/A/AF307D31-F59D-4606-B61E-089D542961CE_4_5005_c.jpeg"
    ],
    "ultima_modificacion": "2025-08-01 01:01:11.116676"
  },
  "a6a13a18cfeb4de6bde0ab9ff19fcbf245005c.jpeg": {
    "app_sintetizada": "A6A13A18CFEB4DE6BDE0AB9FF19FCBF245005C.JPEG",
    "cantidad_archivos": 1,
    "archivos_fuente": [
      "Pictures/Fototeca de Fotos.photoslibrary/resources/derivatives/masters/A/A6A13A18-CFEB-4DE6-BDE0-AB9FF19FCBF2_4_5005_c.jpeg"
    ],
    "ultima_modificacion": "2025-08-01 01:01:11.116939"
  },
  "a6c13cfdc5034f8d8e8839fd7836edcb45005c.jpeg": {
    "app_sintetizada": "A6C13CFDC5034F8D8E8839FD7836EDCB45005C.JPEG",
    "cantidad_archivos": 1,
    "archivos_fuente": [
      "Pictures/Fototeca de Fotos.photoslibrary/resources/derivatives/masters/A/A6C13CFD-C503-4F8D-8E88-39FD7836EDCB_4_5005_c.jpeg"
    ],
    "ultima_modificacion": "2025-08-01 01:01:11.117285"
  },
  "acd20f157ec34a1f9cba72e5c697bac745005c.jpeg": {
    "app_sintetizada": "ACD20F157EC34A1F9CBA72E5C697BAC745005C.JPEG",
    "cantidad_archivos": 1,
    "archivos_fuente": [
      "Pictures/Fototeca de Fotos.photoslibrary/resources/derivatives/masters/A/ACD20F15-7EC3-4A1F-9CBA-72E5C697BAC7_4_5005_c.jpeg"
    ],
    "ultima_modificacion": "2025-08-01 01:01:11.117573"
  },
  "a78793f33ba34966aecb9d724eb723ee45005c.jpeg": {
    "app_sintetizada": "A78793F33BA34966AECB9D724EB723EE45005C.JPEG",
    "cantidad_archivos": 1,
    "archivos_fuente": [
      "Pictures/Fototeca de Fotos.photoslibrary/resources/derivatives/masters/A/A78793F3-3BA3-4966-AECB-9D724EB723EE_4_5005_c.jpeg"
    ],
    "ultima_modificacion": "2025-08-01 01:01:11.117872"
  },
  "a96a07e28acf47dbb1b05363b1d8ff1845005c.jpeg": {
    "app_sintetizada": "A96A07E28ACF47DBB1B05363B1D8FF1845005C.JPEG",
    "cantidad_archivos": 1,
    "archivos_fuente": [
      "Pictures/Fototeca de Fotos.photoslibrary/resources/derivatives/masters/A/A96A07E2-8ACF-47DB-B1B0-5363B1D8FF18_4_5005_c.jpeg"
    ],
    "ultima_modificacion": "2025-08-01 01:01:11.118146"
  },
  "a2b29afc78cf4b5cb677e5dd3389902645005c.jpeg": {
    "app_sintetizada": "A2B29AFC78CF4B5CB677E5DD3389902645005C.JPEG",
    "cantidad_archivos": 1,
    "archivos_fuente": [
      "Pictures/Fototeca de Fotos.photoslibrary/resources/derivatives/masters/A/A2B29AFC-78CF-4B5C-B677-E5DD33899026_4_5005_c.jpeg"
    ],
    "ultima_modificacion": "2025-08-01 01:01:11.118397"
  },
  "a1778629fd59427fa62d398ab5e577fa45005c.jpeg": {
    "app_sintetizada": "A1778629FD59427FA62D398AB5E577FA45005C.JPEG",
    "cantidad_archivos": 1,
    "archivos_fuente": [
      "Pictures/Fototeca de Fotos.photoslibrary/resources/derivatives/masters/A/A1778629-FD59-427F-A62D-398AB5E577FA_4_5005_c.jpeg"
    ],
    "ultima_modificacion": "2025-08-01 01:01:11.118653"
  },
  "a2a5a6c86ae0425ca9a04b7b4af58e2645005c.jpeg": {
    "app_sintetizada": "A2A5A6C86AE0425CA9A04B7B4AF58E2645005C.JPEG",
    "cantidad_archivos": 1,
    "archivos_fuente": [
      "Pictures/Fototeca de Fotos.photoslibrary/resources/derivatives/masters/A/A2A5A6C8-6AE0-425C-A9A0-4B7B4AF58E26_4_5005_c.jpeg"
    ],
    "ultima_modificacion": "2025-08-01 01:01:11.118933"
  },
  "a62cbf014b32405c8166da56f635fac145005c.jpeg": {
    "app_sintetizada": "A62CBF014B32405C8166DA56F635FAC145005C.JPEG",
    "cantidad_archivos": 1,
    "archivos_fuente": [
      "Pictures/Fototeca de Fotos.photoslibrary/resources/derivatives/masters/A/A62CBF01-4B32-405C-8166-DA56F635FAC1_4_5005_c.jpeg"
    ],
    "ultima_modificacion": "2025-08-01 01:01:11.119173"
  },
  "a758465c8fdf4452be097b1ed05c3af545005c.jpeg": {
    "app_sintetizada": "A758465C8FDF4452BE097B1ED05C3AF545005C.JPEG",
    "cantidad_archivos": 1,
    "archivos_fuente": [
      "Pictures/Fototeca de Fotos.photoslibrary/resources/derivatives/masters/A/A758465C-8FDF-4452-BE09-7B1ED05C3AF5_4_5005_c.jpeg"
    ],
    "ultima_modificacion": "2025-08-01 01:01:11.119439"
  },
  "ab1bf841e23b4c998012cc2cafc18b2d45005c.jpeg": {
    "app_sintetizada": "AB1BF841E23B4C998012CC2CAFC18B2D45005C.JPEG",
    "cantidad_archivos": 1,
    "archivos_fuente": [
      "Pictures/Fototeca de Fotos.photoslibrary/resources/derivatives/masters/A/AB1BF841-E23B-4C99-8012-CC2CAFC18B2D_4_5005_c.jpeg"
    ],
    "ultima_modificacion": "2025-08-01 01:01:11.119786"
  },
  "a73135cc7b664b1f9e6e940d6576421545005c.jpeg": {
    "app_sintetizada": "A73135CC7B664B1F9E6E940D6576421545005C.JPEG",
    "cantidad_archivos": 1,
    "archivos_fuente": [
      "Pictures/Fototeca de Fotos.photoslibrary/resources/derivatives/masters/A/A73135CC-7B66-4B1F-9E6E-940D65764215_4_5005_c.jpeg"
    ],
    "ultima_modificacion": "2025-08-01 01:01:11.120046"
  },
  "a3029bbcf34e43d3834a8000c7cf8cc145005c.jpeg": {
    "app_sintetizada": "A3029BBCF34E43D3834A8000C7CF8CC145005C.JPEG",
    "cantidad_archivos": 1,
    "archivos_fuente": [
      "Pictures/Fototeca de Fotos.photoslibrary/resources/derivatives/masters/A/A3029BBC-F34E-43D3-834A-8000C7CF8CC1_4_5005_c.jpeg"
    ],
    "ultima_modificacion": "2025-08-01 01:01:11.120306"
  },
  "aee66ab2042f48b88ea2ccbb612bfdb945005c.jpeg": {
    "app_sintetizada": "AEE66AB2042F48B88EA2CCBB612BFDB945005C.JPEG",
    "cantidad_archivos": 1,
    "archivos_fuente": [
      "Pictures/Fototeca de Fotos.photoslibrary/resources/derivatives/masters/A/AEE66AB2-042F-48B8-8EA2-CCBB612BFDB9_4_5005_c.jpeg"
    ],
    "ultima_modificacion": "2025-08-01 01:01:11.120747"
  },
  "aebea5481d084f698603378d2bfb8ed245005c.jpeg": {
    "app_sintetizada": "AEBEA5481D084F698603378D2BFB8ED245005C.JPEG",
    "cantidad_archivos": 1,
    "archivos_fuente": [
      "Pictures/Fototeca de Fotos.photoslibrary/resources/derivatives/masters/A/AEBEA548-1D08-4F69-8603-378D2BFB8ED2_4_5005_c.jpeg"
    ],
    "ultima_modificacion": "2025-08-01 01:01:11.121004"
  },
  "a28d13732f2f494785e4f3ca2b70b92145005c.jpeg": {
    "app_sintetizada": "A28D13732F2F494785E4F3CA2B70B92145005C.JPEG",
    "cantidad_archivos": 1,
    "archivos_fuente": [
      "Pictures/Fototeca de Fotos.photoslibrary/resources/derivatives/masters/A/A28D1373-2F2F-4947-85E4-F3CA2B70B921_4_5005_c.jpeg"
    ],
    "ultima_modificacion": "2025-08-01 01:01:11.121308"
  },
  "a61f54db404c4226952d122569f7efc845005c.jpeg": {
    "app_sintetizada": "A61F54DB404C4226952D122569F7EFC845005C.JPEG",
    "cantidad_archivos": 1,
    "archivos_fuente": [
      "Pictures/Fototeca de Fotos.photoslibrary/resources/derivatives/masters/A/A61F54DB-404C-4226-952D-122569F7EFC8_4_5005_c.jpeg"
    ],
    "ultima_modificacion": "2025-08-01 01:01:11.121576"
  },
  "a883a54a3bd94cdb862384d50c79dcc945005c.jpeg": {
    "app_sintetizada": "A883A54A3BD94CDB862384D50C79DCC945005C.JPEG",
    "cantidad_archivos": 1,
    "archivos_fuente": [
      "Pictures/Fototeca de Fotos.photoslibrary/resources/derivatives/masters/A/A883A54A-3BD9-4CDB-8623-84D50C79DCC9_4_5005_c.jpeg"
    ],
    "ultima_modificacion": "2025-08-01 01:01:11.121819"
  },
  "abda2037131645ed87e8799528a01a9545005c.jpeg": {
    "app_sintetizada": "ABDA2037131645ED87E8799528A01A9545005C.JPEG",
    "cantidad_archivos": 1,
    "archivos_fuente": [
      "Pictures/Fototeca de Fotos.photoslibrary/resources/derivatives/masters/A/ABDA2037-1316-45ED-87E8-799528A01A95_4_5005_c.jpeg"
    ],
    "ultima_modificacion": "2025-08-01 01:01:11.122050"
  },
  "ac9a35d20baf47fea10daf86dda9b86c45005c.jpeg": {
    "app_sintetizada": "AC9A35D20BAF47FEA10DAF86DDA9B86C45005C.JPEG",
    "cantidad_archivos": 1,
    "archivos_fuente": [
      "Pictures/Fototeca de Fotos.photoslibrary/resources/derivatives/masters/A/AC9A35D2-0BAF-47FE-A10D-AF86DDA9B86C_4_5005_c.jpeg"
    ],
    "ultima_modificacion": "2025-08-01 01:01:11.122340"
  },
  "a1425bd0b5e24f38bc3c1414043e9d6545005c.jpeg": {
    "app_sintetizada": "A1425BD0B5E24F38BC3C1414043E9D6545005C.JPEG",
    "cantidad_archivos": 1,
    "archivos_fuente": [
      "Pictures/Fototeca de Fotos.photoslibrary/resources/derivatives/masters/A/A1425BD0-B5E2-4F38-BC3C-1414043E9D65_4_5005_c.jpeg"
    ],
    "ultima_modificacion": "2025-08-01 01:01:11.122615"
  },
  "a5dc2b9d4ae641638f5dae080535d72745005c.jpeg": {
    "app_sintetizada": "A5DC2B9D4AE641638F5DAE080535D72745005C.JPEG",
    "cantidad_archivos": 1,
    "archivos_fuente": [
      "Pictures/Fototeca de Fotos.photoslibrary/resources/derivatives/masters/A/A5DC2B9D-4AE6-4163-8F5D-AE080535D727_4_5005_c.jpeg"
    ],
    "ultima_modificacion": "2025-08-01 01:01:11.122884"
  },
  "a8a219ea2cda4ef38aff563c209da9e245005c.jpeg": {
    "app_sintetizada": "A8A219EA2CDA4EF38AFF563C209DA9E245005C.JPEG",
    "cantidad_archivos": 1,
    "archivos_fuente": [
      "Pictures/Fototeca de Fotos.photoslibrary/resources/derivatives/masters/A/A8A219EA-2CDA-4EF3-8AFF-563C209DA9E2_4_5005_c.jpeg"
    ],
    "ultima_modificacion": "2025-08-01 01:01:11.123123"
  },
  "a2ab4f74bcb3422d8c526d1d83cdde0545005c.jpeg": {
    "app_sintetizada": "A2AB4F74BCB3422D8C526D1D83CDDE0545005C.JPEG",
    "cantidad_archivos": 1,
    "archivos_fuente": [
      "Pictures/Fototeca de Fotos.photoslibrary/resources/derivatives/masters/A/A2AB4F74-BCB3-422D-8C52-6D1D83CDDE05_4_5005_c.jpeg"
    ],
    "ultima_modificacion": "2025-08-01 01:01:11.123323"
  },
  "a008d5bfa1e7432aa4050584cebd559d45005c.jpeg": {
    "app_sintetizada": "A008D5BFA1E7432AA4050584CEBD559D45005C.JPEG",
    "cantidad_archivos": 1,
    "archivos_fuente": [
      "Pictures/Fototeca de Fotos.photoslibrary/resources/derivatives/masters/A/A008D5BF-A1E7-432A-A405-0584CEBD559D_4_5005_c.jpeg"
    ],
    "ultima_modificacion": "2025-08-01 01:01:11.123554"
  },
  "a8571fd5d00c4646b8a19a3350066d1b45005c.jpeg": {
    "app_sintetizada": "A8571FD5D00C4646B8A19A3350066D1B45005C.JPEG",
    "cantidad_archivos": 1,
    "archivos_fuente": [
      "Pictures/Fototeca de Fotos.photoslibrary/resources/derivatives/masters/A/A8571FD5-D00C-4646-B8A1-9A3350066D1B_4_5005_c.jpeg"
    ],
    "ultima_modificacion": "2025-08-01 01:01:11.123801"
  },
  "a4cefd178a5541d790c7d502d810ceb745005c.jpeg": {
    "app_sintetizada": "A4CEFD178A5541D790C7D502D810CEB745005C.JPEG",
    "cantidad_archivos": 1,
    "archivos_fuente": [
      "Pictures/Fototeca de Fotos.photoslibrary/resources/derivatives/masters/A/A4CEFD17-8A55-41D7-90C7-D502D810CEB7_4_5005_c.jpeg"
    ],
    "ultima_modificacion": "2025-08-01 01:01:11.124195"
  },
  "a754416d786e47acaf5bc879e1654b4a45005c.jpeg": {
    "app_sintetizada": "A754416D786E47ACAF5BC879E1654B4A45005C.JPEG",
    "cantidad_archivos": 1,
    "archivos_fuente": [
      "Pictures/Fototeca de Fotos.photoslibrary/resources/derivatives/masters/A/A754416D-786E-47AC-AF5B-C879E1654B4A_4_5005_c.jpeg"
    ],
    "ultima_modificacion": "2025-08-01 01:01:11.124559"
  },
  "a375caa85fbc4541ad9848d51b7b9e9a45005c.jpeg": {
    "app_sintetizada": "A375CAA85FBC4541AD9848D51B7B9E9A45005C.JPEG",
    "cantidad_archivos": 1,
    "archivos_fuente": [
      "Pictures/Fototeca de Fotos.photoslibrary/resources/derivatives/masters/A/A375CAA8-5FBC-4541-AD98-48D51B7B9E9A_4_5005_c.jpeg"
    ],
    "ultima_modificacion": "2025-08-01 01:01:11.124861"
  },
  "abf93014c00b40459f9fbab58f0a39ee45005c.jpeg": {
    "app_sintetizada": "ABF93014C00B40459F9FBAB58F0A39EE45005C.JPEG",
    "cantidad_archivos": 1,
    "archivos_fuente": [
      "Pictures/Fototeca de Fotos.photoslibrary/resources/derivatives/masters/A/ABF93014-C00B-4045-9F9F-BAB58F0A39EE_4_5005_c.jpeg"
    ],
    "ultima_modificacion": "2025-08-01 01:01:11.125209"
  },
  "a9622ce5eaa448aa896f4d4b01c04ba045005c.jpeg": {
    "app_sintetizada": "A9622CE5EAA448AA896F4D4B01C04BA045005C.JPEG",
    "cantidad_archivos": 1,
    "archivos_fuente": [
      "Pictures/Fototeca de Fotos.photoslibrary/resources/derivatives/masters/A/A9622CE5-EAA4-48AA-896F-4D4B01C04BA0_4_5005_c.jpeg"
    ],
    "ultima_modificacion": "2025-08-01 01:01:11.125459"
  },
  "a33253e5ebbf43ca91cbbee80c9b269845005c.jpeg": {
    "app_sintetizada": "A33253E5EBBF43CA91CBBEE80C9B269845005C.JPEG",
    "cantidad_archivos": 1,
    "archivos_fuente": [
      "Pictures/Fototeca de Fotos.photoslibrary/resources/derivatives/masters/A/A33253E5-EBBF-43CA-91CB-BEE80C9B2698_4_5005_c.jpeg"
    ],
    "ultima_modificacion": "2025-08-01 01:01:11.125759"
  },
  "aeee66e4a3144d009e9def498ce6930e45005c.jpeg": {
    "app_sintetizada": "AEEE66E4A3144D009E9DEF498CE6930E45005C.JPEG",
    "cantidad_archivos": 1,
    "archivos_fuente": [
      "Pictures/Fototeca de Fotos.photoslibrary/resources/derivatives/masters/A/AEEE66E4-A314-4D00-9E9D-EF498CE6930E_4_5005_c.jpeg"
    ],
    "ultima_modificacion": "2025-08-01 01:01:11.126014"
  },
  "a479523986e347b683eb6f04f3183bc145005c.jpeg": {
    "app_sintetizada": "A479523986E347B683EB6F04F3183BC145005C.JPEG",
    "cantidad_archivos": 1,
    "archivos_fuente": [
      "Pictures/Fototeca de Fotos.photoslibrary/resources/derivatives/masters/A/A4795239-86E3-47B6-83EB-6F04F3183BC1_4_5005_c.jpeg"
    ],
    "ultima_modificacion": "2025-08-01 01:01:11.126303"
  },
  "ad03495cb6ac4a6d901dd4b2f8f4269d45005c.jpeg": {
    "app_sintetizada": "AD03495CB6AC4A6D901DD4B2F8F4269D45005C.JPEG",
    "cantidad_archivos": 1,
    "archivos_fuente": [
      "Pictures/Fototeca de Fotos.photoslibrary/resources/derivatives/masters/A/AD03495C-B6AC-4A6D-901D-D4B2F8F4269D_4_5005_c.jpeg"
    ],
    "ultima_modificacion": "2025-08-01 01:01:11.126527"
  },
  "a3a712b8bfbd439aa2eff25519ff8ec845005c.jpeg": {
    "app_sintetizada": "A3A712B8BFBD439AA2EFF25519FF8EC845005C.JPEG",
    "cantidad_archivos": 1,
    "archivos_fuente": [
      "Pictures/Fototeca de Fotos.photoslibrary/resources/derivatives/masters/A/A3A712B8-BFBD-439A-A2EF-F25519FF8EC8_4_5005_c.jpeg"
    ],
    "ultima_modificacion": "2025-08-01 01:01:11.126736"
  },
  "a9a347a6c6f642d2bf5c343fcacd9c3045005c.jpeg": {
    "app_sintetizada": "A9A347A6C6F642D2BF5C343FCACD9C3045005C.JPEG",
    "cantidad_archivos": 1,
    "archivos_fuente": [
      "Pictures/Fototeca de Fotos.photoslibrary/resources/derivatives/masters/A/A9A347A6-C6F6-42D2-BF5C-343FCACD9C30_4_5005_c.jpeg"
    ],
    "ultima_modificacion": "2025-08-01 01:01:11.126927"
  },
  "a1a2865671b247cc8e19e1e3b52850bc45005c.jpeg": {
    "app_sintetizada": "A1A2865671B247CC8E19E1E3B52850BC45005C.JPEG",
    "cantidad_archivos": 1,
    "archivos_fuente": [
      "Pictures/Fototeca de Fotos.photoslibrary/resources/derivatives/masters/A/A1A28656-71B2-47CC-8E19-E1E3B52850BC_4_5005_c.jpeg"
    ],
    "ultima_modificacion": "2025-08-01 01:01:11.127131"
  },
  "a77ac997f12b4c1cbe7e5cfab706ade545005c.jpeg": {
    "app_sintetizada": "A77AC997F12B4C1CBE7E5CFAB706ADE545005C.JPEG",
    "cantidad_archivos": 1,
    "archivos_fuente": [
      "Pictures/Fototeca de Fotos.photoslibrary/resources/derivatives/masters/A/A77AC997-F12B-4C1C-BE7E-5CFAB706ADE5_4_5005_c.jpeg"
    ],
    "ultima_modificacion": "2025-08-01 01:01:11.127330"
  },
  "ae8b266475ac41d1a996b68f7da7c0f945005c.jpeg": {
    "app_sintetizada": "AE8B266475AC41D1A996B68F7DA7C0F945005C.JPEG",
    "cantidad_archivos": 1,
    "archivos_fuente": [
      "Pictures/Fototeca de Fotos.photoslibrary/resources/derivatives/masters/A/AE8B2664-75AC-41D1-A996-B68F7DA7C0F9_4_5005_c.jpeg"
    ],
    "ultima_modificacion": "2025-08-01 01:01:11.127512"
  },
  "a007c9fa73f14089a35d2d50a14a8bf345005c.jpeg": {
    "app_sintetizada": "A007C9FA73F14089A35D2D50A14A8BF345005C.JPEG",
    "cantidad_archivos": 1,
    "archivos_fuente": [
      "Pictures/Fototeca de Fotos.photoslibrary/resources/derivatives/masters/A/A007C9FA-73F1-4089-A35D-2D50A14A8BF3_4_5005_c.jpeg"
    ],
    "ultima_modificacion": "2025-08-01 01:01:11.127699"
  },
  "a86e2b6dcd164a578b5535245f7f347a45005c.jpeg": {
    "app_sintetizada": "A86E2B6DCD164A578B5535245F7F347A45005C.JPEG",
    "cantidad_archivos": 1,
    "archivos_fuente": [
      "Pictures/Fototeca de Fotos.photoslibrary/resources/derivatives/masters/A/A86E2B6D-CD16-4A57-8B55-35245F7F347A_4_5005_c.jpeg"
    ],
    "ultima_modificacion": "2025-08-01 01:01:11.127880"
  },
  "af86278f2db9406bbea17d7ed61a0ff545005c.jpeg": {
    "app_sintetizada": "AF86278F2DB9406BBEA17D7ED61A0FF545005C.JPEG",
    "cantidad_archivos": 1,
    "archivos_fuente": [
      "Pictures/Fototeca de Fotos.photoslibrary/resources/derivatives/masters/A/AF86278F-2DB9-406B-BEA1-7D7ED61A0FF5_4_5005_c.jpeg"
    ],
    "ultima_modificacion": "2025-08-01 01:01:11.128078"
  },
  "aa67ea5a2e384692ad4389da5ddd16c845005c.jpeg": {
    "app_sintetizada": "AA67EA5A2E384692AD4389DA5DDD16C845005C.JPEG",
    "cantidad_archivos": 1,
    "archivos_fuente": [
      "Pictures/Fototeca de Fotos.photoslibrary/resources/derivatives/masters/A/AA67EA5A-2E38-4692-AD43-89DA5DDD16C8_4_5005_c.jpeg"
    ],
    "ultima_modificacion": "2025-08-01 01:01:11.128260"
  },
  "a1b136216a2840e78e80d0747dcc8c5f45005c.jpeg": {
    "app_sintetizada": "A1B136216A2840E78E80D0747DCC8C5F45005C.JPEG",
    "cantidad_archivos": 1,
    "archivos_fuente": [
      "Pictures/Fototeca de Fotos.photoslibrary/resources/derivatives/masters/A/A1B13621-6A28-40E7-8E80-D0747DCC8C5F_4_5005_c.jpeg"
    ],
    "ultima_modificacion": "2025-08-01 01:01:11.128473"
  },
  "a8714f04cf254efc9d36485e45d9bd0b45005c.jpeg": {
    "app_sintetizada": "A8714F04CF254EFC9D36485E45D9BD0B45005C.JPEG",
    "cantidad_archivos": 1,
    "archivos_fuente": [
      "Pictures/Fototeca de Fotos.photoslibrary/resources/derivatives/masters/A/A8714F04-CF25-4EFC-9D36-485E45D9BD0B_4_5005_c.jpeg"
    ],
    "ultima_modificacion": "2025-08-01 01:01:11.128839"
  },
  "ad67350cb4cf46d8ad01e94fdba9c82545005c.jpeg": {
    "app_sintetizada": "AD67350CB4CF46D8AD01E94FDBA9C82545005C.JPEG",
    "cantidad_archivos": 1,
    "archivos_fuente": [
      "Pictures/Fototeca de Fotos.photoslibrary/resources/derivatives/masters/A/AD67350C-B4CF-46D8-AD01-E94FDBA9C825_4_5005_c.jpeg"
    ],
    "ultima_modificacion": "2025-08-01 01:01:11.129131"
  },
  "ae86db1fcb8b43338fa6e397cd76c3e645005c.jpeg": {
    "app_sintetizada": "AE86DB1FCB8B43338FA6E397CD76C3E645005C.JPEG",
    "cantidad_archivos": 1,
    "archivos_fuente": [
      "Pictures/Fototeca de Fotos.photoslibrary/resources/derivatives/masters/A/AE86DB1F-CB8B-4333-8FA6-E397CD76C3E6_4_5005_c.jpeg"
    ],
    "ultima_modificacion": "2025-08-01 01:01:11.129348"
  },
  "a10811981a5b4e4e9d3b5095b22e6b9945005c.jpeg": {
    "app_sintetizada": "A10811981A5B4E4E9D3B5095B22E6B9945005C.JPEG",
    "cantidad_archivos": 1,
    "archivos_fuente": [
      "Pictures/Fototeca de Fotos.photoslibrary/resources/derivatives/masters/A/A1081198-1A5B-4E4E-9D3B-5095B22E6B99_4_5005_c.jpeg"
    ],
    "ultima_modificacion": "2025-08-01 01:01:11.129551"
  },
  "aa125291e8014499890be2db42fa594945005c.jpeg": {
    "app_sintetizada": "AA125291E8014499890BE2DB42FA594945005C.JPEG",
    "cantidad_archivos": 1,
    "archivos_fuente": [
      "Pictures/Fototeca de Fotos.photoslibrary/resources/derivatives/masters/A/AA125291-E801-4499-890B-E2DB42FA5949_4_5005_c.jpeg"
    ],
    "ultima_modificacion": "2025-08-01 01:01:11.129759"
  },
  "a921705f062642fe9cec07973a7c73fc45005c.jpeg": {
    "app_sintetizada": "A921705F062642FE9CEC07973A7C73FC45005C.JPEG",
    "cantidad_archivos": 1,
    "archivos_fuente": [
      "Pictures/Fototeca de Fotos.photoslibrary/resources/derivatives/masters/A/A921705F-0626-42FE-9CEC-07973A7C73FC_4_5005_c.jpeg"
    ],
    "ultima_modificacion": "2025-08-01 01:01:11.129943"
  },
  "afca40c6a75d443ca743da33dd59cdb245005c.jpeg": {
    "app_sintetizada": "AFCA40C6A75D443CA743DA33DD59CDB245005C.JPEG",
    "cantidad_archivos": 1,
    "archivos_fuente": [
      "Pictures/Fototeca de Fotos.photoslibrary/resources/derivatives/masters/A/AFCA40C6-A75D-443C-A743-DA33DD59CDB2_4_5005_c.jpeg"
    ],
    "ultima_modificacion": "2025-08-01 01:01:11.130132"
  },
  "ab3329ac81194e85bc7968482ec3006345005c.jpeg": {
    "app_sintetizada": "AB3329AC81194E85BC7968482EC3006345005C.JPEG",
    "cantidad_archivos": 1,
    "archivos_fuente": [
      "Pictures/Fototeca de Fotos.photoslibrary/resources/derivatives/masters/A/AB3329AC-8119-4E85-BC79-68482EC30063_4_5005_c.jpeg"
    ],
    "ultima_modificacion": "2025-08-01 01:01:11.130319"
  },
  "a1aeb647c8a24931b14970591c5b54dd45005c.jpeg": {
    "app_sintetizada": "A1AEB647C8A24931B14970591C5B54DD45005C.JPEG",
    "cantidad_archivos": 1,
    "archivos_fuente": [
      "Pictures/Fototeca de Fotos.photoslibrary/resources/derivatives/masters/A/A1AEB647-C8A2-4931-B149-70591C5B54DD_4_5005_c.jpeg"
    ],
    "ultima_modificacion": "2025-08-01 01:01:11.130534"
  },
  "a7177bf3e6554a1a9a18664ebf0f82a145005c.jpeg": {
    "app_sintetizada": "A7177BF3E6554A1A9A18664EBF0F82A145005C.JPEG",
    "cantidad_archivos": 1,
    "archivos_fuente": [
      "Pictures/Fototeca de Fotos.photoslibrary/resources/derivatives/masters/A/A7177BF3-E655-4A1A-9A18-664EBF0F82A1_4_5005_c.jpeg"
    ],
    "ultima_modificacion": "2025-08-01 01:01:11.130854"
  },
  "a785bba2ad9644afa1dcf5593929c98a45005c.jpeg": {
    "app_sintetizada": "A785BBA2AD9644AFA1DCF5593929C98A45005C.JPEG",
    "cantidad_archivos": 1,
    "archivos_fuente": [
      "Pictures/Fototeca de Fotos.photoslibrary/resources/derivatives/masters/A/A785BBA2-AD96-44AF-A1DC-F5593929C98A_4_5005_c.jpeg"
    ],
    "ultima_modificacion": "2025-08-01 01:01:11.131143"
  },
  "a3167f0740344cbf8e262907d051d0d145005c.jpeg": {
    "app_sintetizada": "A3167F0740344CBF8E262907D051D0D145005C.JPEG",
    "cantidad_archivos": 1,
    "archivos_fuente": [
      "Pictures/Fototeca de Fotos.photoslibrary/resources/derivatives/masters/A/A3167F07-4034-4CBF-8E26-2907D051D0D1_4_5005_c.jpeg"
    ],
    "ultima_modificacion": "2025-08-01 01:01:11.131359"
  },
  "a7b8233023c543fca7b7b49a8e6c9a8645005c.jpeg": {
    "app_sintetizada": "A7B8233023C543FCA7B7B49A8E6C9A8645005C.JPEG",
    "cantidad_archivos": 1,
    "archivos_fuente": [
      "Pictures/Fototeca de Fotos.photoslibrary/resources/derivatives/masters/A/A7B82330-23C5-43FC-A7B7-B49A8E6C9A86_4_5005_c.jpeg"
    ],
    "ultima_modificacion": "2025-08-01 01:01:11.131578"
  },
  "a1bb745a477343a09f5a3979307fc19845005c.jpeg": {
    "app_sintetizada": "A1BB745A477343A09F5A3979307FC19845005C.JPEG",
    "cantidad_archivos": 1,
    "archivos_fuente": [
      "Pictures/Fototeca de Fotos.photoslibrary/resources/derivatives/masters/A/A1BB745A-4773-43A0-9F5A-3979307FC198_4_5005_c.jpeg"
    ],
    "ultima_modificacion": "2025-08-01 01:01:11.131814"
  },
  "aefe018bd3684746b72d9ff2e80d2b3445005c.jpeg": {
    "app_sintetizada": "AEFE018BD3684746B72D9FF2E80D2B3445005C.JPEG",
    "cantidad_archivos": 1,
    "archivos_fuente": [
      "Pictures/Fototeca de Fotos.photoslibrary/resources/derivatives/masters/A/AEFE018B-D368-4746-B72D-9FF2E80D2B34_4_5005_c.jpeg"
    ],
    "ultima_modificacion": "2025-08-01 01:01:11.132087"
  },
  "a7ed3c5847124061818c4db2ecd71e8e45005c.jpeg": {
    "app_sintetizada": "A7ED3C5847124061818C4DB2ECD71E8E45005C.JPEG",
    "cantidad_archivos": 1,
    "archivos_fuente": [
      "Pictures/Fototeca de Fotos.photoslibrary/resources/derivatives/masters/A/A7ED3C58-4712-4061-818C-4DB2ECD71E8E_4_5005_c.jpeg"
    ],
    "ultima_modificacion": "2025-08-01 01:01:11.132293"
  },
  "a71afeaf74d64586b39c210b3d24aa1345005c.jpeg": {
    "app_sintetizada": "A71AFEAF74D64586B39C210B3D24AA1345005C.JPEG",
    "cantidad_archivos": 1,
    "archivos_fuente": [
      "Pictures/Fototeca de Fotos.photoslibrary/resources/derivatives/masters/A/A71AFEAF-74D6-4586-B39C-210B3D24AA13_4_5005_c.jpeg"
    ],
    "ultima_modificacion": "2025-08-01 01:01:11.132496"
  },
  "af5ed96b8ea54422a2da78da7043441d45005c.jpeg": {
    "app_sintetizada": "AF5ED96B8EA54422A2DA78DA7043441D45005C.JPEG",
    "cantidad_archivos": 1,
    "archivos_fuente": [
      "Pictures/Fototeca de Fotos.photoslibrary/resources/derivatives/masters/A/AF5ED96B-8EA5-4422-A2DA-78DA7043441D_4_5005_c.jpeg"
    ],
    "ultima_modificacion": "2025-08-01 01:01:11.132747"
  },
  "a12a19a4594e4280be576949cbbb9f9045005c.jpeg": {
    "app_sintetizada": "A12A19A4594E4280BE576949CBBB9F9045005C.JPEG",
    "cantidad_archivos": 1,
    "archivos_fuente": [
      "Pictures/Fototeca de Fotos.photoslibrary/resources/derivatives/masters/A/A12A19A4-594E-4280-BE57-6949CBBB9F90_4_5005_c.jpeg"
    ],
    "ultima_modificacion": "2025-08-01 01:01:11.133072"
  },
  "a49744ce71314ea3a2996aedf931d3d945005c.jpeg": {
    "app_sintetizada": "A49744CE71314EA3A2996AEDF931D3D945005C.JPEG",
    "cantidad_archivos": 1,
    "archivos_fuente": [
      "Pictures/Fototeca de Fotos.photoslibrary/resources/derivatives/masters/A/A49744CE-7131-4EA3-A299-6AEDF931D3D9_4_5005_c.jpeg"
    ],
    "ultima_modificacion": "2025-08-01 01:01:11.133313"
  },
  "aa7d3074e1cf4d9e9315d3bcafca6c5545005c.jpeg": {
    "app_sintetizada": "AA7D3074E1CF4D9E9315D3BCAFCA6C5545005C.JPEG",
    "cantidad_archivos": 1,
    "archivos_fuente": [
      "Pictures/Fototeca de Fotos.photoslibrary/resources/derivatives/masters/A/AA7D3074-E1CF-4D9E-9315-D3BCAFCA6C55_4_5005_c.jpeg"
    ],
    "ultima_modificacion": "2025-08-01 01:01:11.133552"
  },
  "ad98aee63975492691b4c71dff7f426945005c.jpeg": {
    "app_sintetizada": "AD98AEE63975492691B4C71DFF7F426945005C.JPEG",
    "cantidad_archivos": 1,
    "archivos_fuente": [
      "Pictures/Fototeca de Fotos.photoslibrary/resources/derivatives/masters/A/AD98AEE6-3975-4926-91B4-C71DFF7F4269_4_5005_c.jpeg"
    ],
    "ultima_modificacion": "2025-08-01 01:01:11.133778"
  },
  "a2e3ef2452974794806d3843279354a945005c.jpeg": {
    "app_sintetizada": "A2E3EF2452974794806D3843279354A945005C.JPEG",
    "cantidad_archivos": 1,
    "archivos_fuente": [
      "Pictures/Fototeca de Fotos.photoslibrary/resources/derivatives/masters/A/A2E3EF24-5297-4794-806D-3843279354A9_4_5005_c.jpeg"
    ],
    "ultima_modificacion": "2025-08-01 01:01:11.134019"
  },
  "a288699c6c464023b125413247a62e7a45005c.jpeg": {
    "app_sintetizada": "A288699C6C464023B125413247A62E7A45005C.JPEG",
    "cantidad_archivos": 1,
    "archivos_fuente": [
      "Pictures/Fototeca de Fotos.photoslibrary/resources/derivatives/masters/A/A288699C-6C46-4023-B125-413247A62E7A_4_5005_c.jpeg"
    ],
    "ultima_modificacion": "2025-08-01 01:01:11.134262"
  },
  "a9ff7833b02f4c0fb30092d29956a97d45005c.jpeg": {
    "app_sintetizada": "A9FF7833B02F4C0FB30092D29956A97D45005C.JPEG",
    "cantidad_archivos": 1,
    "archivos_fuente": [
      "Pictures/Fototeca de Fotos.photoslibrary/resources/derivatives/masters/A/A9FF7833-B02F-4C0F-B300-92D29956A97D_4_5005_c.jpeg"
    ],
    "ultima_modificacion": "2025-08-01 01:01:11.134525"
  },
  "a59428a2b17242bc973be68de04b604f45005c.jpeg": {
    "app_sintetizada": "A59428A2B17242BC973BE68DE04B604F45005C.JPEG",
    "cantidad_archivos": 1,
    "archivos_fuente": [
      "Pictures/Fototeca de Fotos.photoslibrary/resources/derivatives/masters/A/A59428A2-B172-42BC-973B-E68DE04B604F_4_5005_c.jpeg"
    ],
    "ultima_modificacion": "2025-08-01 01:01:11.134734"
  },
  "aa410f63509d413b93f1f89dd437b3a645005c.jpeg": {
    "app_sintetizada": "AA410F63509D413B93F1F89DD437B3A645005C.JPEG",
    "cantidad_archivos": 1,
    "archivos_fuente": [
      "Pictures/Fototeca de Fotos.photoslibrary/resources/derivatives/masters/A/AA410F63-509D-413B-93F1-F89DD437B3A6_4_5005_c.jpeg"
    ],
    "ultima_modificacion": "2025-08-01 01:01:11.134932"
  },
  "ad2e1723e48644629adcded93edcc25145005c.jpeg": {
    "app_sintetizada": "AD2E1723E48644629ADCDED93EDCC25145005C.JPEG",
    "cantidad_archivos": 1,
    "archivos_fuente": [
      "Pictures/Fototeca de Fotos.photoslibrary/resources/derivatives/masters/A/AD2E1723-E486-4462-9ADC-DED93EDCC251_4_5005_c.jpeg"
    ],
    "ultima_modificacion": "2025-08-01 01:01:11.135137"
  },
  "a766398f6a2c48078f16d578f9c02e1d45005c.jpeg": {
    "app_sintetizada": "A766398F6A2C48078F16D578F9C02E1D45005C.JPEG",
    "cantidad_archivos": 1,
    "archivos_fuente": [
      "Pictures/Fototeca de Fotos.photoslibrary/resources/derivatives/masters/A/A766398F-6A2C-4807-8F16-D578F9C02E1D_4_5005_c.jpeg"
    ],
    "ultima_modificacion": "2025-08-01 01:01:11.135349"
  },
  "a4866bd0ec3d46ce95327c6b8c3dd77845005c.jpeg": {
    "app_sintetizada": "A4866BD0EC3D46CE95327C6B8C3DD77845005C.JPEG",
    "cantidad_archivos": 1,
    "archivos_fuente": [
      "Pictures/Fototeca de Fotos.photoslibrary/resources/derivatives/masters/A/A4866BD0-EC3D-46CE-9532-7C6B8C3DD778_4_5005_c.jpeg"
    ],
    "ultima_modificacion": "2025-08-01 01:01:11.135654"
  },
  "a2070ea392d3419d92b79f6279f1303145005c.jpeg": {
    "app_sintetizada": "A2070EA392D3419D92B79F6279F1303145005C.JPEG",
    "cantidad_archivos": 1,
    "archivos_fuente": [
      "Pictures/Fototeca de Fotos.photoslibrary/resources/derivatives/masters/A/A2070EA3-92D3-419D-92B7-9F6279F13031_4_5005_c.jpeg"
    ],
    "ultima_modificacion": "2025-08-01 01:01:11.135875"
  },
  "a48d14d5c85544d3a0e76d46e2874bdd45005c.jpeg": {
    "app_sintetizada": "A48D14D5C85544D3A0E76D46E2874BDD45005C.JPEG",
    "cantidad_archivos": 1,
    "archivos_fuente": [
      "Pictures/Fototeca de Fotos.photoslibrary/resources/derivatives/masters/A/A48D14D5-C855-44D3-A0E7-6D46E2874BDD_4_5005_c.jpeg"
    ],
    "ultima_modificacion": "2025-08-01 01:01:11.136162"
  },
  "ab4304189266486198f9a38a808214e745005c.jpeg": {
    "app_sintetizada": "AB4304189266486198F9A38A808214E745005C.JPEG",
    "cantidad_archivos": 1,
    "archivos_fuente": [
      "Pictures/Fototeca de Fotos.photoslibrary/resources/derivatives/masters/A/AB430418-9266-4861-98F9-A38A808214E7_4_5005_c.jpeg"
    ],
    "ultima_modificacion": "2025-08-01 01:01:11.136438"
  },
  "a9c2c46241bc43139515dac33650be0a45005c.jpeg": {
    "app_sintetizada": "A9C2C46241BC43139515DAC33650BE0A45005C.JPEG",
    "cantidad_archivos": 1,
    "archivos_fuente": [
      "Pictures/Fototeca de Fotos.photoslibrary/resources/derivatives/masters/A/A9C2C462-41BC-4313-9515-DAC33650BE0A_4_5005_c.jpeg"
    ],
    "ultima_modificacion": "2025-08-01 01:01:11.136729"
  },
  "a792090eec254643b5f6f6eaef3b574045005c.jpeg": {
    "app_sintetizada": "A792090EEC254643B5F6F6EAEF3B574045005C.JPEG",
    "cantidad_archivos": 1,
    "archivos_fuente": [
      "Pictures/Fototeca de Fotos.photoslibrary/resources/derivatives/masters/A/A792090E-EC25-4643-B5F6-F6EAEF3B5740_4_5005_c.jpeg"
    ],
    "ultima_modificacion": "2025-08-01 01:01:11.137048"
  },
  "a02207c4dcfe4587b6852c6f3c9c6e1b45005c.jpeg": {
    "app_sintetizada": "A02207C4DCFE4587B6852C6F3C9C6E1B45005C.JPEG",
    "cantidad_archivos": 1,
    "archivos_fuente": [
      "Pictures/Fototeca de Fotos.photoslibrary/resources/derivatives/masters/A/A02207C4-DCFE-4587-B685-2C6F3C9C6E1B_4_5005_c.jpeg"
    ],
    "ultima_modificacion": "2025-08-01 01:01:11.137427"
  },
  "a31852d8612947a3bc75274e5fc8530345005c.jpeg": {
    "app_sintetizada": "A31852D8612947A3BC75274E5FC8530345005C.JPEG",
    "cantidad_archivos": 1,
    "archivos_fuente": [
      "Pictures/Fototeca de Fotos.photoslibrary/resources/derivatives/masters/A/A31852D8-6129-47A3-BC75-274E5FC85303_4_5005_c.jpeg"
    ],
    "ultima_modificacion": "2025-08-01 01:01:11.137709"
  },
  "a3e6afe7df5143c88b2ce965d496d1a745005c.jpeg": {
    "app_sintetizada": "A3E6AFE7DF5143C88B2CE965D496D1A745005C.JPEG",
    "cantidad_archivos": 1,
    "archivos_fuente": [
      "Pictures/Fototeca de Fotos.photoslibrary/resources/derivatives/masters/A/A3E6AFE7-DF51-43C8-8B2C-E965D496D1A7_4_5005_c.jpeg"
    ],
    "ultima_modificacion": "2025-08-01 01:01:11.138150"
  },
  "a07ba055422c4c63bd64c49f82eeff3445005c.jpeg": {
    "app_sintetizada": "A07BA055422C4C63BD64C49F82EEFF3445005C.JPEG",
    "cantidad_archivos": 1,
    "archivos_fuente": [
      "Pictures/Fototeca de Fotos.photoslibrary/resources/derivatives/masters/A/A07BA055-422C-4C63-BD64-C49F82EEFF34_4_5005_c.jpeg"
    ],
    "ultima_modificacion": "2025-08-01 01:01:11.138486"
  },
  "a3dc8e629e0846f9a55b08c8bfa688e845005c.jpeg": {
    "app_sintetizada": "A3DC8E629E0846F9A55B08C8BFA688E845005C.JPEG",
    "cantidad_archivos": 1,
    "archivos_fuente": [
      "Pictures/Fototeca de Fotos.photoslibrary/resources/derivatives/masters/A/A3DC8E62-9E08-46F9-A55B-08C8BFA688E8_4_5005_c.jpeg"
    ],
    "ultima_modificacion": "2025-08-01 01:01:11.138806"
  },
  "a0d359a3692e4364b9011b0cc09f911645005c.jpeg": {
    "app_sintetizada": "A0D359A3692E4364B9011B0CC09F911645005C.JPEG",
    "cantidad_archivos": 1,
    "archivos_fuente": [
      "Pictures/Fototeca de Fotos.photoslibrary/resources/derivatives/masters/A/A0D359A3-692E-4364-B901-1B0CC09F9116_4_5005_c.jpeg"
    ],
    "ultima_modificacion": "2025-08-01 01:01:11.139140"
  },
  "adca557f28fc4a2ab4c84c5844caa0f845005c.jpeg": {
    "app_sintetizada": "ADCA557F28FC4A2AB4C84C5844CAA0F845005C.JPEG",
    "cantidad_archivos": 1,
    "archivos_fuente": [
      "Pictures/Fototeca de Fotos.photoslibrary/resources/derivatives/masters/A/ADCA557F-28FC-4A2A-B4C8-4C5844CAA0F8_4_5005_c.jpeg"
    ],
    "ultima_modificacion": "2025-08-01 01:01:11.139479"
  },
  "a8109b4217ea44b3ac636b7e5d0f2f2545005c.jpeg": {
    "app_sintetizada": "A8109B4217EA44B3AC636B7E5D0F2F2545005C.JPEG",
    "cantidad_archivos": 1,
    "archivos_fuente": [
      "Pictures/Fototeca de Fotos.photoslibrary/resources/derivatives/masters/A/A8109B42-17EA-44B3-AC63-6B7E5D0F2F25_4_5005_c.jpeg"
    ],
    "ultima_modificacion": "2025-08-01 01:01:11.139847"
  },
  "a75f151f0bd44f48af39ac2e3d88215345005c.jpeg": {
    "app_sintetizada": "A75F151F0BD44F48AF39AC2E3D88215345005C.JPEG",
    "cantidad_archivos": 1,
    "archivos_fuente": [
      "Pictures/Fototeca de Fotos.photoslibrary/resources/derivatives/masters/A/A75F151F-0BD4-4F48-AF39-AC2E3D882153_4_5005_c.jpeg"
    ],
    "ultima_modificacion": "2025-08-01 01:01:11.140148"
  },
  "af79bbf9c5f94c98a4a52f114eb5601b45005c.jpeg": {
    "app_sintetizada": "AF79BBF9C5F94C98A4A52F114EB5601B45005C.JPEG",
    "cantidad_archivos": 1,
    "archivos_fuente": [
      "Pictures/Fototeca de Fotos.photoslibrary/resources/derivatives/masters/A/AF79BBF9-C5F9-4C98-A4A5-2F114EB5601B_4_5005_c.jpeg"
    ],
    "ultima_modificacion": "2025-08-01 01:01:11.140445"
  },
  "a3cf40df138342a3a0f72242c652239245005c.jpeg": {
    "app_sintetizada": "A3CF40DF138342A3A0F72242C652239245005C.JPEG",
    "cantidad_archivos": 1,
    "archivos_fuente": [
      "Pictures/Fototeca de Fotos.photoslibrary/resources/derivatives/masters/A/A3CF40DF-1383-42A3-A0F7-2242C6522392_4_5005_c.jpeg"
    ],
    "ultima_modificacion": "2025-08-01 01:01:11.140741"
  },
  "a49e9d3b78b643c986fce8fe09a8643c45005c.jpeg": {
    "app_sintetizada": "A49E9D3B78B643C986FCE8FE09A8643C45005C.JPEG",
    "cantidad_archivos": 1,
    "archivos_fuente": [
      "Pictures/Fototeca de Fotos.photoslibrary/resources/derivatives/masters/A/A49E9D3B-78B6-43C9-86FC-E8FE09A8643C_4_5005_c.jpeg"
    ],
    "ultima_modificacion": "2025-08-01 01:01:11.141041"
  },
  "a723679791b54cd99184470663c32eb045005c.jpeg": {
    "app_sintetizada": "A723679791B54CD99184470663C32EB045005C.JPEG",
    "cantidad_archivos": 1,
    "archivos_fuente": [
      "Pictures/Fototeca de Fotos.photoslibrary/resources/derivatives/masters/A/A7236797-91B5-4CD9-9184-470663C32EB0_4_5005_c.jpeg"
    ],
    "ultima_modificacion": "2025-08-01 01:01:11.141957"
  },
  "acb0780a114b43778d8dc2481fed884f45005c.jpeg": {
    "app_sintetizada": "ACB0780A114B43778D8DC2481FED884F45005C.JPEG",
    "cantidad_archivos": 1,
    "archivos_fuente": [
      "Pictures/Fototeca de Fotos.photoslibrary/resources/derivatives/masters/A/ACB0780A-114B-4377-8D8D-C2481FED884F_4_5005_c.jpeg"
    ],
    "ultima_modificacion": "2025-08-01 01:01:11.142275"
  },
  "a65d69db7e33429e88fd6ae24c1eb59445005c.jpeg": {
    "app_sintetizada": "A65D69DB7E33429E88FD6AE24C1EB59445005C.JPEG",
    "cantidad_archivos": 1,
    "archivos_fuente": [
      "Pictures/Fototeca de Fotos.photoslibrary/resources/derivatives/masters/A/A65D69DB-7E33-429E-88FD-6AE24C1EB594_4_5005_c.jpeg"
    ],
    "ultima_modificacion": "2025-08-01 01:01:11.142605"
  }
}