{
  "e61d2d2b9aaa4a2bbc06c4eb63bcc71245005c.jpeg": {
    "app_sintetizada": "E61D2D2B9AAA4A2BBC06C4EB63BCC71245005C.JPEG",
    "cantidad_archivos": 1,
    "archivos_fuente": [
      "Pictures/Fototeca de Fotos.photoslibrary/resources/derivatives/masters/E/E61D2D2B-9AAA-4A2B-BC06-C4EB63BCC712_4_5005_c.jpeg"
    ],
    "ultima_modificacion": "2025-08-01 01:01:17.176293"
  },
  "e2871ad58d3f41a6ac7e0ad1e2377bfa45005c.jpeg": {
    "app_sintetizada": "E2871AD58D3F41A6AC7E0AD1E2377BFA45005C.JPEG",
    "cantidad_archivos": 1,
    "archivos_fuente": [
      "Pictures/Fototeca de Fotos.photoslibrary/resources/derivatives/masters/E/E2871AD5-8D3F-41A6-AC7E-0AD1E2377BFA_4_5005_c.jpeg"
    ],
    "ultima_modificacion": "2025-08-01 01:01:17.176605"
  },
  "e348780b44894ff8ac57cea1f070ea4245005c.jpeg": {
    "app_sintetizada": "E348780B44894FF8AC57CEA1F070EA4245005C.JPEG",
    "cantidad_archivos": 1,
    "archivos_fuente": [
      "Pictures/Fototeca de Fotos.photoslibrary/resources/derivatives/masters/E/E348780B-4489-4FF8-AC57-CEA1F070EA42_4_5005_c.jpeg"
    ],
    "ultima_modificacion": "2025-08-01 01:01:17.176872"
  },
  "eda3173bfbf046b386b39f3ca085283345005c.jpeg": {
    "app_sintetizada": "EDA3173BFBF046B386B39F3CA085283345005C.JPEG",
    "cantidad_archivos": 1,
    "archivos_fuente": [
      "Pictures/Fototeca de Fotos.photoslibrary/resources/derivatives/masters/E/EDA3173B-FBF0-46B3-86B3-9F3CA0852833_4_5005_c.jpeg"
    ],
    "ultima_modificacion": "2025-08-01 01:01:17.177115"
  },
  "e8b60a41c0344c9f9ff05fae3991fa4445005c.jpeg": {
    "app_sintetizada": "E8B60A41C0344C9F9FF05FAE3991FA4445005C.JPEG",
    "cantidad_archivos": 1,
    "archivos_fuente": [
      "Pictures/Fototeca de Fotos.photoslibrary/resources/derivatives/masters/E/E8B60A41-C034-4C9F-9FF0-5FAE3991FA44_4_5005_c.jpeg"
    ],
    "ultima_modificacion": "2025-08-01 01:01:17.177377"
  },
  "ed96380bb2b546f98d8005461cdcfcb245005c.jpeg": {
    "app_sintetizada": "ED96380BB2B546F98D8005461CDCFCB245005C.JPEG",
    "cantidad_archivos": 1,
    "archivos_fuente": [
      "Pictures/Fototeca de Fotos.photoslibrary/resources/derivatives/masters/E/ED96380B-B2B5-46F9-8D80-05461CDCFCB2_4_5005_c.jpeg"
    ],
    "ultima_modificacion": "2025-08-01 01:01:17.177722"
  },
  "e385654441084c959e399dfc8d58863d45005c.jpeg": {
    "app_sintetizada": "E385654441084C959E399DFC8D58863D45005C.JPEG",
    "cantidad_archivos": 1,
    "archivos_fuente": [
      "Pictures/Fototeca de Fotos.photoslibrary/resources/derivatives/masters/E/E3856544-4108-4C95-9E39-9DFC8D58863D_4_5005_c.jpeg"
    ],
    "ultima_modificacion": "2025-08-01 01:01:17.177956"
  },
  "e47255bf1c7540948e2069da1653aca145005c.jpeg": {
    "app_sintetizada": "E47255BF1C7540948E2069DA1653ACA145005C.JPEG",
    "cantidad_archivos": 1,
    "archivos_fuente": [
      "Pictures/Fototeca de Fotos.photoslibrary/resources/derivatives/masters/E/E47255BF-1C75-4094-8E20-69DA1653ACA1_4_5005_c.jpeg"
    ],
    "ultima_modificacion": "2025-08-01 01:01:17.178186"
  },
  "e58beae1d39041729dec5e7519bd0eab45005c.jpeg": {
    "app_sintetizada": "E58BEAE1D39041729DEC5E7519BD0EAB45005C.JPEG",
    "cantidad_archivos": 1,
    "archivos_fuente": [
      "Pictures/Fototeca de Fotos.photoslibrary/resources/derivatives/masters/E/E58BEAE1-D390-4172-9DEC-5E7519BD0EAB_4_5005_c.jpeg"
    ],
    "ultima_modificacion": "2025-08-01 01:01:17.178486"
  },
  "e5a02753a15b4bf3bce7fe7d6ad985f045005c.jpeg": {
    "app_sintetizada": "E5A02753A15B4BF3BCE7FE7D6AD985F045005C.JPEG",
    "cantidad_archivos": 1,
    "archivos_fuente": [
      "Pictures/Fototeca de Fotos.photoslibrary/resources/derivatives/masters/E/E5A02753-A15B-4BF3-BCE7-FE7D6AD985F0_4_5005_c.jpeg"
    ],
    "ultima_modificacion": "2025-08-01 01:01:17.178748"
  },
  "e12f6ddf05f943cc882586350541ada145005c.jpeg": {
    "app_sintetizada": "E12F6DDF05F943CC882586350541ADA145005C.JPEG",
    "cantidad_archivos": 1,
    "archivos_fuente": [
      "Pictures/Fototeca de Fotos.photoslibrary/resources/derivatives/masters/E/E12F6DDF-05F9-43CC-8825-86350541ADA1_4_5005_c.jpeg"
    ],
    "ultima_modificacion": "2025-08-01 01:01:17.179007"
  },
  "ef63645757f6442baec8a37403da753445005c.jpeg": {
    "app_sintetizada": "EF63645757F6442BAEC8A37403DA753445005C.JPEG",
    "cantidad_archivos": 1,
    "archivos_fuente": [
      "Pictures/Fototeca de Fotos.photoslibrary/resources/derivatives/masters/E/EF636457-57F6-442B-AEC8-A37403DA7534_4_5005_c.jpeg"
    ],
    "ultima_modificacion": "2025-08-01 01:01:17.179244"
  },
  "e90fd2d21f9e4c1ab97009f97f4f629045005c.jpeg": {
    "app_sintetizada": "E90FD2D21F9E4C1AB97009F97F4F629045005C.JPEG",
    "cantidad_archivos": 1,
    "archivos_fuente": [
      "Pictures/Fototeca de Fotos.photoslibrary/resources/derivatives/masters/E/E90FD2D2-1F9E-4C1A-B970-09F97F4F6290_4_5005_c.jpeg"
    ],
    "ultima_modificacion": "2025-08-01 01:01:17.179607"
  },
  "e02d97c592a146ca8d499a349c57c39945005c.jpeg": {
    "app_sintetizada": "E02D97C592A146CA8D499A349C57C39945005C.JPEG",
    "cantidad_archivos": 1,
    "archivos_fuente": [
      "Pictures/Fototeca de Fotos.photoslibrary/resources/derivatives/masters/E/E02D97C5-92A1-46CA-8D49-9A349C57C399_4_5005_c.jpeg"
    ],
    "ultima_modificacion": "2025-08-01 01:01:17.179857"
  },
  "eb2a824ba5f44ebd832f18a53191df5545005c.jpeg": {
    "app_sintetizada": "EB2A824BA5F44EBD832F18A53191DF5545005C.JPEG",
    "cantidad_archivos": 1,
    "archivos_fuente": [
      "Pictures/Fototeca de Fotos.photoslibrary/resources/derivatives/masters/E/EB2A824B-A5F4-4EBD-832F-18A53191DF55_4_5005_c.jpeg"
    ],
    "ultima_modificacion": "2025-08-01 01:01:17.180113"
  },
  "ef88f175cea94dbf819c877b1798694145005c.jpeg": {
    "app_sintetizada": "EF88F175CEA94DBF819C877B1798694145005C.JPEG",
    "cantidad_archivos": 1,
    "archivos_fuente": [
      "Pictures/Fototeca de Fotos.photoslibrary/resources/derivatives/masters/E/EF88F175-CEA9-4DBF-819C-877B17986941_4_5005_c.jpeg"
    ],
    "ultima_modificacion": "2025-08-01 01:01:17.180398"
  },
  "e527aff947ee4522bc47d2701055fff045005c.jpeg": {
    "app_sintetizada": "E527AFF947EE4522BC47D2701055FFF045005C.JPEG",
    "cantidad_archivos": 1,
    "archivos_fuente": [
      "Pictures/Fototeca de Fotos.photoslibrary/resources/derivatives/masters/E/E527AFF9-47EE-4522-BC47-D2701055FFF0_4_5005_c.jpeg"
    ],
    "ultima_modificacion": "2025-08-01 01:01:17.180622"
  },
  "e7c337ebb51c428c85ebd58a6de54f3f45005c.jpeg": {
    "app_sintetizada": "E7C337EBB51C428C85EBD58A6DE54F3F45005C.JPEG",
    "cantidad_archivos": 1,
    "archivos_fuente": [
      "Pictures/Fototeca de Fotos.photoslibrary/resources/derivatives/masters/E/E7C337EB-B51C-428C-85EB-D58A6DE54F3F_4_5005_c.jpeg"
    ],
    "ultima_modificacion": "2025-08-01 01:01:17.180838"
  },
  "e62f6c4242114765bfdd7997d995126145005c.jpeg": {
    "app_sintetizada": "E62F6C4242114765BFDD7997D995126145005C.JPEG",
    "cantidad_archivos": 1,
    "archivos_fuente": [
      "Pictures/Fototeca de Fotos.photoslibrary/resources/derivatives/masters/E/E62F6C42-4211-4765-BFDD-7997D9951261_4_5005_c.jpeg"
    ],
    "ultima_modificacion": "2025-08-01 01:01:17.181037"
  },
  "ed0bfe568b3f4abeb5334606eaa0fd3745005c.jpeg": {
    "app_sintetizada": "ED0BFE568B3F4ABEB5334606EAA0FD3745005C.JPEG",
    "cantidad_archivos": 1,
    "archivos_fuente": [
      "Pictures/Fototeca de Fotos.photoslibrary/resources/derivatives/masters/E/ED0BFE56-8B3F-4ABE-B533-4606EAA0FD37_4_5005_c.jpeg"
    ],
    "ultima_modificacion": "2025-08-01 01:01:17.181243"
  },
  "eaf2cfc7d4b04854b2665c9159bb8c0a45005c.jpeg": {
    "app_sintetizada": "EAF2CFC7D4B04854B2665C9159BB8C0A45005C.JPEG",
    "cantidad_archivos": 1,
    "archivos_fuente": [
      "Pictures/Fototeca de Fotos.photoslibrary/resources/derivatives/masters/E/EAF2CFC7-D4B0-4854-B266-5C9159BB8C0A_4_5005_c.jpeg"
    ],
    "ultima_modificacion": "2025-08-01 01:01:17.181434"
  },
  "e65dd1bd2ca24cbc98a945587844563845005c.jpeg": {
    "app_sintetizada": "E65DD1BD2CA24CBC98A945587844563845005C.JPEG",
    "cantidad_archivos": 1,
    "archivos_fuente": [
      "Pictures/Fototeca de Fotos.photoslibrary/resources/derivatives/masters/E/E65DD1BD-2CA2-4CBC-98A9-455878445638_4_5005_c.jpeg"
    ],
    "ultima_modificacion": "2025-08-01 01:01:17.181630"
  },
  "e0001065b080486d98102f6368cf990045005c.jpeg": {
    "app_sintetizada": "E0001065B080486D98102F6368CF990045005C.JPEG",
    "cantidad_archivos": 1,
    "archivos_fuente": [
      "Pictures/Fototeca de Fotos.photoslibrary/resources/derivatives/masters/E/E0001065-B080-486D-9810-2F6368CF9900_4_5005_c.jpeg"
    ],
    "ultima_modificacion": "2025-08-01 01:01:17.181816"
  },
  "e821305ef9d24512930e9f77c993185545005c.jpeg": {
    "app_sintetizada": "E821305EF9D24512930E9F77C993185545005C.JPEG",
    "cantidad_archivos": 1,
    "archivos_fuente": [
      "Pictures/Fototeca de Fotos.photoslibrary/resources/derivatives/masters/E/E821305E-F9D2-4512-930E-9F77C9931855_4_5005_c.jpeg"
    ],
    "ultima_modificacion": "2025-08-01 01:01:17.182004"
  },
  "ed35d07f42964edb9db9041c40ae23f545005c.jpeg": {
    "app_sintetizada": "ED35D07F42964EDB9DB9041C40AE23F545005C.JPEG",
    "cantidad_archivos": 1,
    "archivos_fuente": [
      "Pictures/Fototeca de Fotos.photoslibrary/resources/derivatives/masters/E/ED35D07F-4296-4EDB-9DB9-041C40AE23F5_4_5005_c.jpeg"
    ],
    "ultima_modificacion": "2025-08-01 01:01:17.182279"
  },
  "ef30dff09cb24960a081d2eaf480495145005c.jpeg": {
    "app_sintetizada": "EF30DFF09CB24960A081D2EAF480495145005C.JPEG",
    "cantidad_archivos": 1,
    "archivos_fuente": [
      "Pictures/Fototeca de Fotos.photoslibrary/resources/derivatives/masters/E/EF30DFF0-9CB2-4960-A081-D2EAF4804951_4_5005_c.jpeg"
    ],
    "ultima_modificacion": "2025-08-01 01:01:17.182574"
  },
  "e4231a27e58540a290b0e4b6593579ea45005c.jpeg": {
    "app_sintetizada": "E4231A27E58540A290B0E4B6593579EA45005C.JPEG",
    "cantidad_archivos": 1,
    "archivos_fuente": [
      "Pictures/Fototeca de Fotos.photoslibrary/resources/derivatives/masters/E/E4231A27-E585-40A2-90B0-E4B6593579EA_4_5005_c.jpeg"
    ],
    "ultima_modificacion": "2025-08-01 01:01:17.182832"
  },
  "ea22e0a54d1041d894056abb19f207b745005c.jpeg": {
    "app_sintetizada": "EA22E0A54D1041D894056ABB19F207B745005C.JPEG",
    "cantidad_archivos": 1,
    "archivos_fuente": [
      "Pictures/Fototeca de Fotos.photoslibrary/resources/derivatives/masters/E/EA22E0A5-4D10-41D8-9405-6ABB19F207B7_4_5005_c.jpeg"
    ],
    "ultima_modificacion": "2025-08-01 01:01:17.183039"
  },
  "e270a8c8ca0d4b909ad84efc427e4c3c45005c.jpeg": {
    "app_sintetizada": "E270A8C8CA0D4B909AD84EFC427E4C3C45005C.JPEG",
    "cantidad_archivos": 1,
    "archivos_fuente": [
      "Pictures/Fototeca de Fotos.photoslibrary/resources/derivatives/masters/E/E270A8C8-CA0D-4B90-9AD8-4EFC427E4C3C_4_5005_c.jpeg"
    ],
    "ultima_modificacion": "2025-08-01 01:01:17.183237"
  },
  "e152a6f46c7f4d9a8232417ba898c60845005c.jpeg": {
    "app_sintetizada": "E152A6F46C7F4D9A8232417BA898C60845005C.JPEG",
    "cantidad_archivos": 1,
    "archivos_fuente": [
      "Pictures/Fototeca de Fotos.photoslibrary/resources/derivatives/masters/E/E152A6F4-6C7F-4D9A-8232-417BA898C608_4_5005_c.jpeg"
    ],
    "ultima_modificacion": "2025-08-01 01:01:17.183434"
  },
  "e590d7e723bc49bfbed62e850d4ce78945005c.jpeg": {
    "app_sintetizada": "E590D7E723BC49BFBED62E850D4CE78945005C.JPEG",
    "cantidad_archivos": 1,
    "archivos_fuente": [
      "Pictures/Fototeca de Fotos.photoslibrary/resources/derivatives/masters/E/E590D7E7-23BC-49BF-BED6-2E850D4CE789_4_5005_c.jpeg"
    ],
    "ultima_modificacion": "2025-08-01 01:01:17.183652"
  },
  "eec67d16de0a40448cc1a8f4d7f703da45005c.jpeg": {
    "app_sintetizada": "EEC67D16DE0A40448CC1A8F4D7F703DA45005C.JPEG",
    "cantidad_archivos": 1,
    "archivos_fuente": [
      "Pictures/Fototeca de Fotos.photoslibrary/resources/derivatives/masters/E/EEC67D16-DE0A-4044-8CC1-A8F4D7F703DA_4_5005_c.jpeg"
    ],
    "ultima_modificacion": "2025-08-01 01:01:17.183888"
  },
  "ed242a24e1754b408946b800a156295745005c.jpeg": {
    "app_sintetizada": "ED242A24E1754B408946B800A156295745005C.JPEG",
    "cantidad_archivos": 1,
    "archivos_fuente": [
      "Pictures/Fototeca de Fotos.photoslibrary/resources/derivatives/masters/E/ED242A24-E175-4B40-8946-B800A1562957_4_5005_c.jpeg"
    ],
    "ultima_modificacion": "2025-08-01 01:01:17.184124"
  },
  "e7f7653404f34d6ebd420ffa449a919e45005c.jpeg": {
    "app_sintetizada": "E7F7653404F34D6EBD420FFA449A919E45005C.JPEG",
    "cantidad_archivos": 1,
    "archivos_fuente": [
      "Pictures/Fototeca de Fotos.photoslibrary/resources/derivatives/masters/E/E7F76534-04F3-4D6E-BD42-0FFA449A919E_4_5005_c.jpeg"
    ],
    "ultima_modificacion": "2025-08-01 01:01:17.184359"
  },
  "eb78c0d91271408f83925b569d4a8c3045005c.jpeg": {
    "app_sintetizada": "EB78C0D91271408F83925B569D4A8C3045005C.JPEG",
    "cantidad_archivos": 1,
    "archivos_fuente": [
      "Pictures/Fototeca de Fotos.photoslibrary/resources/derivatives/masters/E/EB78C0D9-1271-408F-8392-5B569D4A8C30_4_5005_c.jpeg"
    ],
    "ultima_modificacion": "2025-08-01 01:01:17.184579"
  },
  "e28b9b68a991433ab40660bc08b3f8a945005c.jpeg": {
    "app_sintetizada": "E28B9B68A991433AB40660BC08B3F8A945005C.JPEG",
    "cantidad_archivos": 1,
    "archivos_fuente": [
      "Pictures/Fototeca de Fotos.photoslibrary/resources/derivatives/masters/E/E28B9B68-A991-433A-B406-60BC08B3F8A9_4_5005_c.jpeg"
    ],
    "ultima_modificacion": "2025-08-01 01:01:17.184770"
  },
  "e6261e6a43534d0589954b195c5b098b45005c.jpeg": {
    "app_sintetizada": "E6261E6A43534D0589954B195C5B098B45005C.JPEG",
    "cantidad_archivos": 1,
    "archivos_fuente": [
      "Pictures/Fototeca de Fotos.photoslibrary/resources/derivatives/masters/E/E6261E6A-4353-4D05-8995-4B195C5B098B_4_5005_c.jpeg"
    ],
    "ultima_modificacion": "2025-08-01 01:01:17.184978"
  },
  "e38e003fcab644ce8a2f410ac5aaeba445005c.jpeg": {
    "app_sintetizada": "E38E003FCAB644CE8A2F410AC5AAEBA445005C.JPEG",
    "cantidad_archivos": 1,
    "archivos_fuente": [
      "Pictures/Fototeca de Fotos.photoslibrary/resources/derivatives/masters/E/E38E003F-CAB6-44CE-8A2F-410AC5AAEBA4_4_5005_c.jpeg"
    ],
    "ultima_modificacion": "2025-08-01 01:01:17.185173"
  },
  "ea2da0bf3896454480197ea6571da97345005c.jpeg": {
    "app_sintetizada": "EA2DA0BF3896454480197EA6571DA97345005C.JPEG",
    "cantidad_archivos": 1,
    "archivos_fuente": [
      "Pictures/Fototeca de Fotos.photoslibrary/resources/derivatives/masters/E/EA2DA0BF-3896-4544-8019-7EA6571DA973_4_5005_c.jpeg"
    ],
    "ultima_modificacion": "2025-08-01 01:01:17.185355"
  },
  "e8091866f1a94acbab9d5214e99b160345005c.jpeg": {
    "app_sintetizada": "E8091866F1A94ACBAB9D5214E99B160345005C.JPEG",
    "cantidad_archivos": 1,
    "archivos_fuente": [
      "Pictures/Fototeca de Fotos.photoslibrary/resources/derivatives/masters/E/E8091866-F1A9-4ACB-AB9D-5214E99B1603_4_5005_c.jpeg"
    ],
    "ultima_modificacion": "2025-08-01 01:01:17.185531"
  },
  "e4b993b7b90e4c2d8a8e19dd7a7abdb345005c.jpeg": {
    "app_sintetizada": "E4B993B7B90E4C2D8A8E19DD7A7ABDB345005C.JPEG",
    "cantidad_archivos": 1,
    "archivos_fuente": [
      "Pictures/Fototeca de Fotos.photoslibrary/resources/derivatives/masters/E/E4B993B7-B90E-4C2D-8A8E-19DD7A7ABDB3_4_5005_c.jpeg"
    ],
    "ultima_modificacion": "2025-08-01 01:01:17.185730"
  },
  "e5f55c83823b40c9b4760eb5664ccacc45005c.jpeg": {
    "app_sintetizada": "E5F55C83823B40C9B4760EB5664CCACC45005C.JPEG",
    "cantidad_archivos": 1,
    "archivos_fuente": [
      "Pictures/Fototeca de Fotos.photoslibrary/resources/derivatives/masters/E/E5F55C83-823B-40C9-B476-0EB5664CCACC_4_5005_c.jpeg"
    ],
    "ultima_modificacion": "2025-08-01 01:01:17.185985"
  },
  "e3ad2b939f7a485db9567a8b7ea19fd945005c.jpeg": {
    "app_sintetizada": "E3AD2B939F7A485DB9567A8B7EA19FD945005C.JPEG",
    "cantidad_archivos": 1,
    "archivos_fuente": [
      "Pictures/Fototeca de Fotos.photoslibrary/resources/derivatives/masters/E/E3AD2B93-9F7A-485D-B956-7A8B7EA19FD9_4_5005_c.jpeg"
    ],
    "ultima_modificacion": "2025-08-01 01:01:17.186262"
  },
  "ea19a6a2021d4ae392570ff4a23b072945005c.jpeg": {
    "app_sintetizada": "EA19A6A2021D4AE392570FF4A23B072945005C.JPEG",
    "cantidad_archivos": 1,
    "archivos_fuente": [
      "Pictures/Fototeca de Fotos.photoslibrary/resources/derivatives/masters/E/EA19A6A2-021D-4AE3-9257-0FF4A23B0729_4_5005_c.jpeg"
    ],
    "ultima_modificacion": "2025-08-01 01:01:17.186578"
  },
  "e6beba4f8df3472ea8e7fdd29bd8d3f445005c.jpeg": {
    "app_sintetizada": "E6BEBA4F8DF3472EA8E7FDD29BD8D3F445005C.JPEG",
    "cantidad_archivos": 1,
    "archivos_fuente": [
      "Pictures/Fototeca de Fotos.photoslibrary/resources/derivatives/masters/E/E6BEBA4F-8DF3-472E-A8E7-FDD29BD8D3F4_4_5005_c.jpeg"
    ],
    "ultima_modificacion": "2025-08-01 01:01:17.186880"
  },
  "e0d6028e60134719beb3fd9679f9e05245005c.jpeg": {
    "app_sintetizada": "E0D6028E60134719BEB3FD9679F9E05245005C.JPEG",
    "cantidad_archivos": 1,
    "archivos_fuente": [
      "Pictures/Fototeca de Fotos.photoslibrary/resources/derivatives/masters/E/E0D6028E-6013-4719-BEB3-FD9679F9E052_4_5005_c.jpeg"
    ],
    "ultima_modificacion": "2025-08-01 01:01:17.187170"
  },
  "e897caedd06f4a3b8592492cc9591f8445005c.jpeg": {
    "app_sintetizada": "E897CAEDD06F4A3B8592492CC9591F8445005C.JPEG",
    "cantidad_archivos": 1,
    "archivos_fuente": [
      "Pictures/Fototeca de Fotos.photoslibrary/resources/derivatives/masters/E/E897CAED-D06F-4A3B-8592-492CC9591F84_4_5005_c.jpeg"
    ],
    "ultima_modificacion": "2025-08-01 01:01:17.187477"
  },
  "e680d30bd23e42b3bdcb1657be907a1345005c.jpeg": {
    "app_sintetizada": "E680D30BD23E42B3BDCB1657BE907A1345005C.JPEG",
    "cantidad_archivos": 1,
    "archivos_fuente": [
      "Pictures/Fototeca de Fotos.photoslibrary/resources/derivatives/masters/E/E680D30B-D23E-42B3-BDCB-1657BE907A13_4_5005_c.jpeg"
    ],
    "ultima_modificacion": "2025-08-01 01:01:17.187782"
  },
  "e30da53cd7c24905818cf330b034465945005c.jpeg": {
    "app_sintetizada": "E30DA53CD7C24905818CF330B034465945005C.JPEG",
    "cantidad_archivos": 1,
    "archivos_fuente": [
      "Pictures/Fototeca de Fotos.photoslibrary/resources/derivatives/masters/E/E30DA53C-D7C2-4905-818C-F330B0344659_4_5005_c.jpeg"
    ],
    "ultima_modificacion": "2025-08-01 01:01:17.188084"
  },
  "edac4cca47684442ba9493345a8b49d245005c.jpeg": {
    "app_sintetizada": "EDAC4CCA47684442BA9493345A8B49D245005C.JPEG",
    "cantidad_archivos": 1,
    "archivos_fuente": [
      "Pictures/Fototeca de Fotos.photoslibrary/resources/derivatives/masters/E/EDAC4CCA-4768-4442-BA94-93345A8B49D2_4_5005_c.jpeg"
    ],
    "ultima_modificacion": "2025-08-01 01:01:17.188374"
  },
  "edb24f809a26435884aefcc57d1ecb5645005c.jpeg": {
    "app_sintetizada": "EDB24F809A26435884AEFCC57D1ECB5645005C.JPEG",
    "cantidad_archivos": 1,
    "archivos_fuente": [
      "Pictures/Fototeca de Fotos.photoslibrary/resources/derivatives/masters/E/EDB24F80-9A26-4358-84AE-FCC57D1ECB56_4_5005_c.jpeg"
    ],
    "ultima_modificacion": "2025-08-01 01:01:17.188818"
  },
  "e1cf448474bc436995495b01196a258945005c.jpeg": {
    "app_sintetizada": "E1CF448474BC436995495B01196A258945005C.JPEG",
    "cantidad_archivos": 1,
    "archivos_fuente": [
      "Pictures/Fototeca de Fotos.photoslibrary/resources/derivatives/masters/E/E1CF4484-74BC-4369-9549-5B01196A2589_4_5005_c.jpeg"
    ],
    "ultima_modificacion": "2025-08-01 01:01:17.189096"
  },
  "e140eaa35a504d188be40ce37d207c7145005c.jpeg": {
    "app_sintetizada": "E140EAA35A504D188BE40CE37D207C7145005C.JPEG",
    "cantidad_archivos": 1,
    "archivos_fuente": [
      "Pictures/Fototeca de Fotos.photoslibrary/resources/derivatives/masters/E/E140EAA3-5A50-4D18-8BE4-0CE37D207C71_4_5005_c.jpeg"
    ],
    "ultima_modificacion": "2025-08-01 01:01:17.189414"
  },
  "e2b149653daf4451a4d2f22e9bf4681645005c.jpeg": {
    "app_sintetizada": "E2B149653DAF4451A4D2F22E9BF4681645005C.JPEG",
    "cantidad_archivos": 1,
    "archivos_fuente": [
      "Pictures/Fototeca de Fotos.photoslibrary/resources/derivatives/masters/E/E2B14965-3DAF-4451-A4D2-F22E9BF46816_4_5005_c.jpeg"
    ],
    "ultima_modificacion": "2025-08-01 01:01:17.189740"
  },
  "eb90302e69c84e208348d6c65ea9cf6e45005c.jpeg": {
    "app_sintetizada": "EB90302E69C84E208348D6C65EA9CF6E45005C.JPEG",
    "cantidad_archivos": 1,
    "archivos_fuente": [
      "Pictures/Fototeca de Fotos.photoslibrary/resources/derivatives/masters/E/EB90302E-69C8-4E20-8348-D6C65EA9CF6E_4_5005_c.jpeg"
    ],
    "ultima_modificacion": "2025-08-01 01:01:17.190012"
  },
  "eaee8c9f70c74484a1d3ff331e50f07345005c.jpeg": {
    "app_sintetizada": "EAEE8C9F70C74484A1D3FF331E50F07345005C.JPEG",
    "cantidad_archivos": 1,
    "archivos_fuente": [
      "Pictures/Fototeca de Fotos.photoslibrary/resources/derivatives/masters/E/EAEE8C9F-70C7-4484-A1D3-FF331E50F073_4_5005_c.jpeg"
    ],
    "ultima_modificacion": "2025-08-01 01:01:17.190281"
  },
  "e76fab3e51d44d41bbc27f09286c209245005c.jpeg": {
    "app_sintetizada": "E76FAB3E51D44D41BBC27F09286C209245005C.JPEG",
    "cantidad_archivos": 1,
    "archivos_fuente": [
      "Pictures/Fototeca de Fotos.photoslibrary/resources/derivatives/masters/E/E76FAB3E-51D4-4D41-BBC2-7F09286C2092_4_5005_c.jpeg"
    ],
    "ultima_modificacion": "2025-08-01 01:01:17.190602"
  },
  "e01439d3096341de93726107342ece4945005c.jpeg": {
    "app_sintetizada": "E01439D3096341DE93726107342ECE4945005C.JPEG",
    "cantidad_archivos": 1,
    "archivos_fuente": [
      "Pictures/Fototeca de Fotos.photoslibrary/resources/derivatives/masters/E/E01439D3-0963-41DE-9372-6107342ECE49_4_5005_c.jpeg"
    ],
    "ultima_modificacion": "2025-08-01 01:01:17.190905"
  },
  "ec6aab8c91474a1c9bbac5987079976245005c.jpeg": {
    "app_sintetizada": "EC6AAB8C91474A1C9BBAC5987079976245005C.JPEG",
    "cantidad_archivos": 1,
    "archivos_fuente": [
      "Pictures/Fototeca de Fotos.photoslibrary/resources/derivatives/masters/E/EC6AAB8C-9147-4A1C-9BBA-C59870799762_4_5005_c.jpeg"
    ],
    "ultima_modificacion": "2025-08-01 01:01:17.191203"
  },
  "e96fe4cdd13045e6b71391a91544e6e545005c.jpeg": {
    "app_sintetizada": "E96FE4CDD13045E6B71391A91544E6E545005C.JPEG",
    "cantidad_archivos": 1,
    "archivos_fuente": [
      "Pictures/Fototeca de Fotos.photoslibrary/resources/derivatives/masters/E/E96FE4CD-D130-45E6-B713-91A91544E6E5_4_5005_c.jpeg"
    ],
    "ultima_modificacion": "2025-08-01 01:01:17.191539"
  },
  "efc87a3e6734404f9bf562aae7a32f8a45005c.jpeg": {
    "app_sintetizada": "EFC87A3E6734404F9BF562AAE7A32F8A45005C.JPEG",
    "cantidad_archivos": 1,
    "archivos_fuente": [
      "Pictures/Fototeca de Fotos.photoslibrary/resources/derivatives/masters/E/EFC87A3E-6734-404F-9BF5-62AAE7A32F8A_4_5005_c.jpeg"
    ],
    "ultima_modificacion": "2025-08-01 01:01:17.191833"
  },
  "ebc0a0e7f7df4a27ac5e9f9547a1716245005c.jpeg": {
    "app_sintetizada": "EBC0A0E7F7DF4A27AC5E9F9547A1716245005C.JPEG",
    "cantidad_archivos": 1,
    "archivos_fuente": [
      "Pictures/Fototeca de Fotos.photoslibrary/resources/derivatives/masters/E/EBC0A0E7-F7DF-4A27-AC5E-9F9547A17162_4_5005_c.jpeg"
    ],
    "ultima_modificacion": "2025-08-01 01:01:17.192126"
  },
  "eac115d91ece4a1396a40970341b17c345005c.jpeg": {
    "app_sintetizada": "EAC115D91ECE4A1396A40970341B17C345005C.JPEG",
    "cantidad_archivos": 1,
    "archivos_fuente": [
      "Pictures/Fototeca de Fotos.photoslibrary/resources/derivatives/masters/E/EAC115D9-1ECE-4A13-96A4-0970341B17C3_4_5005_c.jpeg"
    ],
    "ultima_modificacion": "2025-08-01 01:01:17.192431"
  },
  "ec056b2617e54a949cb850a5e7350ae945005c.jpeg": {
    "app_sintetizada": "EC056B2617E54A949CB850A5E7350AE945005C.JPEG",
    "cantidad_archivos": 1,
    "archivos_fuente": [
      "Pictures/Fototeca de Fotos.photoslibrary/resources/derivatives/masters/E/EC056B26-17E5-4A94-9CB8-50A5E7350AE9_4_5005_c.jpeg"
    ],
    "ultima_modificacion": "2025-08-01 01:01:17.192732"
  },
  "e5ed94d886074b0992654a7d746f503845005c.jpeg": {
    "app_sintetizada": "E5ED94D886074B0992654A7D746F503845005C.JPEG",
    "cantidad_archivos": 1,
    "archivos_fuente": [
      "Pictures/Fototeca de Fotos.photoslibrary/resources/derivatives/masters/E/E5ED94D8-8607-4B09-9265-4A7D746F5038_4_5005_c.jpeg"
    ],
    "ultima_modificacion": "2025-08-01 01:01:17.193028"
  },
  "e652aad9a66148b98806055e1c7e22d245005c.jpeg": {
    "app_sintetizada": "E652AAD9A66148B98806055E1C7E22D245005C.JPEG",
    "cantidad_archivos": 1,
    "archivos_fuente": [
      "Pictures/Fototeca de Fotos.photoslibrary/resources/derivatives/masters/E/E652AAD9-A661-48B9-8806-055E1C7E22D2_4_5005_c.jpeg"
    ],
    "ultima_modificacion": "2025-08-01 01:01:17.193326"
  },
  "e388e00d4f104d7f958d1f5ec34fa8fb45005c.jpeg": {
    "app_sintetizada": "E388E00D4F104D7F958D1F5EC34FA8FB45005C.JPEG",
    "cantidad_archivos": 1,
    "archivos_fuente": [
      "Pictures/Fototeca de Fotos.photoslibrary/resources/derivatives/masters/E/E388E00D-4F10-4D7F-958D-1F5EC34FA8FB_4_5005_c.jpeg"
    ],
    "ultima_modificacion": "2025-08-01 01:01:17.193617"
  },
  "ec57dc5eea394473a790b1aaa274ce9545005c.jpeg": {
    "app_sintetizada": "EC57DC5EEA394473A790B1AAA274CE9545005C.JPEG",
    "cantidad_archivos": 1,
    "archivos_fuente": [
      "Pictures/Fototeca de Fotos.photoslibrary/resources/derivatives/masters/E/EC57DC5E-EA39-4473-A790-B1AAA274CE95_4_5005_c.jpeg"
    ],
    "ultima_modificacion": "2025-08-01 01:01:17.194596"
  },
  "e481042a3c864a25b892c3f7053c09a245005c.jpeg": {
    "app_sintetizada": "E481042A3C864A25B892C3F7053C09A245005C.JPEG",
    "cantidad_archivos": 1,
    "archivos_fuente": [
      "Pictures/Fototeca de Fotos.photoslibrary/resources/derivatives/masters/E/E481042A-3C86-4A25-B892-C3F7053C09A2_4_5005_c.jpeg"
    ],
    "ultima_modificacion": "2025-08-01 01:01:17.194928"
  },
  "eaa505013e174c89a630225334a139f745005c.jpeg": {
    "app_sintetizada": "EAA505013E174C89A630225334A139F745005C.JPEG",
    "cantidad_archivos": 1,
    "archivos_fuente": [
      "Pictures/Fototeca de Fotos.photoslibrary/resources/derivatives/masters/E/EAA50501-3E17-4C89-A630-225334A139F7_4_5005_c.jpeg"
    ],
    "ultima_modificacion": "2025-08-01 01:01:17.195263"
  },
  "eb8f338e7aa04a288ed65b3147eea2b945005c.jpeg": {
    "app_sintetizada": "EB8F338E7AA04A288ED65B3147EEA2B945005C.JPEG",
    "cantidad_archivos": 1,
    "archivos_fuente": [
      "Pictures/Fototeca de Fotos.photoslibrary/resources/derivatives/masters/E/EB8F338E-7AA0-4A28-8ED6-5B3147EEA2B9_4_5005_c.jpeg"
    ],
    "ultima_modificacion": "2025-08-01 01:01:17.195611"
  },
  "efb17a19b0c745c4b1c29ad3f065b85a45005c.jpeg": {
    "app_sintetizada": "EFB17A19B0C745C4B1C29AD3F065B85A45005C.JPEG",
    "cantidad_archivos": 1,
    "archivos_fuente": [
      "Pictures/Fototeca de Fotos.photoslibrary/resources/derivatives/masters/E/EFB17A19-B0C7-45C4-B1C2-9AD3F065B85A_4_5005_c.jpeg"
    ],
    "ultima_modificacion": "2025-08-01 01:01:17.195946"
  },
  "ed06a8c1e93d44718de2ae2113b5fa2b45005c.jpeg": {
    "app_sintetizada": "ED06A8C1E93D44718DE2AE2113B5FA2B45005C.JPEG",
    "cantidad_archivos": 1,
    "archivos_fuente": [
      "Pictures/Fototeca de Fotos.photoslibrary/resources/derivatives/masters/E/ED06A8C1-E93D-4471-8DE2-AE2113B5FA2B_4_5005_c.jpeg"
    ],
    "ultima_modificacion": "2025-08-01 01:01:17.196387"
  },
  "ec21cea9d2f04114b246532abdf83b3545005c.jpeg": {
    "app_sintetizada": "EC21CEA9D2F04114B246532ABDF83B3545005C.JPEG",
    "cantidad_archivos": 1,
    "archivos_fuente": [
      "Pictures/Fototeca de Fotos.photoslibrary/resources/derivatives/masters/E/EC21CEA9-D2F0-4114-B246-532ABDF83B35_4_5005_c.jpeg"
    ],
    "ultima_modificacion": "2025-08-01 01:01:17.196761"
  },
  "ea9b9ed1d21b4c9d83c3d6903d513c9a45005c.jpeg": {
    "app_sintetizada": "EA9B9ED1D21B4C9D83C3D6903D513C9A45005C.JPEG",
    "cantidad_archivos": 1,
    "archivos_fuente": [
      "Pictures/Fototeca de Fotos.photoslibrary/resources/derivatives/masters/E/EA9B9ED1-D21B-4C9D-83C3-D6903D513C9A_4_5005_c.jpeg"
    ],
    "ultima_modificacion": "2025-08-01 01:01:17.197108"
  },
  "edbd0fbed71c41f488f317159ea09b4145005c.jpeg": {
    "app_sintetizada": "EDBD0FBED71C41F488F317159EA09B4145005C.JPEG",
    "cantidad_archivos": 1,
    "archivos_fuente": [
      "Pictures/Fototeca de Fotos.photoslibrary/resources/derivatives/masters/E/EDBD0FBE-D71C-41F4-88F3-17159EA09B41_4_5005_c.jpeg"
    ],
    "ultima_modificacion": "2025-08-01 01:01:17.197446"
  },
  "ed4ba6b51cad4c82a26027c3ccfcf8b145005c.jpeg": {
    "app_sintetizada": "ED4BA6B51CAD4C82A26027C3CCFCF8B145005C.JPEG",
    "cantidad_archivos": 1,
    "archivos_fuente": [
      "Pictures/Fototeca de Fotos.photoslibrary/resources/derivatives/masters/E/ED4BA6B5-1CAD-4C82-A260-27C3CCFCF8B1_4_5005_c.jpeg"
    ],
    "ultima_modificacion": "2025-08-01 01:01:17.197790"
  },
  "e5a59ae2c3974a2f9e044a0979a810c445005c.jpeg": {
    "app_sintetizada": "E5A59AE2C3974A2F9E044A0979A810C445005C.JPEG",
    "cantidad_archivos": 1,
    "archivos_fuente": [
      "Pictures/Fototeca de Fotos.photoslibrary/resources/derivatives/masters/E/E5A59AE2-C397-4A2F-9E04-4A0979A810C4_4_5005_c.jpeg"
    ],
    "ultima_modificacion": "2025-08-01 01:01:17.198139"
  },
  "e8b2909e3ef04c84901bd403517fc08a45005c.jpeg": {
    "app_sintetizada": "E8B2909E3EF04C84901BD403517FC08A45005C.JPEG",
    "cantidad_archivos": 1,
    "archivos_fuente": [
      "Pictures/Fototeca de Fotos.photoslibrary/resources/derivatives/masters/E/E8B2909E-3EF0-4C84-901B-D403517FC08A_4_5005_c.jpeg"
    ],
    "ultima_modificacion": "2025-08-01 01:01:17.198476"
  },
  "e181228fbed44b6fbb992cb43aae133545005c.jpeg": {
    "app_sintetizada": "E181228FBED44B6FBB992CB43AAE133545005C.JPEG",
    "cantidad_archivos": 1,
    "archivos_fuente": [
      "Pictures/Fototeca de Fotos.photoslibrary/resources/derivatives/masters/E/E181228F-BED4-4B6F-BB99-2CB43AAE1335_4_5005_c.jpeg"
    ],
    "ultima_modificacion": "2025-08-01 01:01:17.198851"
  },
  "e1f93a9f0969403a80544ed78652dd6e45005c.jpeg": {
    "app_sintetizada": "E1F93A9F0969403A80544ED78652DD6E45005C.JPEG",
    "cantidad_archivos": 1,
    "archivos_fuente": [
      "Pictures/Fototeca de Fotos.photoslibrary/resources/derivatives/masters/E/E1F93A9F-0969-403A-8054-4ED78652DD6E_4_5005_c.jpeg"
    ],
    "ultima_modificacion": "2025-08-01 01:01:17.199188"
  },
  "e6f891f19cbd48d1997109f66216195145005c.jpeg": {
    "app_sintetizada": "E6F891F19CBD48D1997109F66216195145005C.JPEG",
    "cantidad_archivos": 1,
    "archivos_fuente": [
      "Pictures/Fototeca de Fotos.photoslibrary/resources/derivatives/masters/E/E6F891F1-9CBD-48D1-9971-09F662161951_4_5005_c.jpeg"
    ],
    "ultima_modificacion": "2025-08-01 01:01:17.199550"
  },
  "e0061136b1bf482ca7d1148f11a29a0245005c.jpeg": {
    "app_sintetizada": "E0061136B1BF482CA7D1148F11A29A0245005C.JPEG",
    "cantidad_archivos": 1,
    "archivos_fuente": [
      "Pictures/Fototeca de Fotos.photoslibrary/resources/derivatives/masters/E/E0061136-B1BF-482C-A7D1-148F11A29A02_4_5005_c.jpeg"
    ],
    "ultima_modificacion": "2025-08-01 01:01:17.199870"
  },
  "eca7c019c6da4f15a1f7021d1f29f97145005c.jpeg": {
    "app_sintetizada": "ECA7C019C6DA4F15A1F7021D1F29F97145005C.JPEG",
    "cantidad_archivos": 1,
    "archivos_fuente": [
      "Pictures/Fototeca de Fotos.photoslibrary/resources/derivatives/masters/E/ECA7C019-C6DA-4F15-A1F7-021D1F29F971_4_5005_c.jpeg"
    ],
    "ultima_modificacion": "2025-08-01 01:01:17.200200"
  },
  "e0cd5c736b3f494f8185c50327dfe78e45005c.jpeg": {
    "app_sintetizada": "E0CD5C736B3F494F8185C50327DFE78E45005C.JPEG",
    "cantidad_archivos": 1,
    "archivos_fuente": [
      "Pictures/Fototeca de Fotos.photoslibrary/resources/derivatives/masters/E/E0CD5C73-6B3F-494F-8185-C50327DFE78E_4_5005_c.jpeg"
    ],
    "ultima_modificacion": "2025-08-01 01:01:17.200510"
  },
  "e49f877ea51a48bdad25fbf138351b1845005c.jpeg": {
    "app_sintetizada": "E49F877EA51A48BDAD25FBF138351B1845005C.JPEG",
    "cantidad_archivos": 1,
    "archivos_fuente": [
      "Pictures/Fototeca de Fotos.photoslibrary/resources/derivatives/masters/E/E49F877E-A51A-48BD-AD25-FBF138351B18_4_5005_c.jpeg"
    ],
    "ultima_modificacion": "2025-08-01 01:01:17.200824"
  },
  "e8645ec597b04a46b2f9809b66d1f51845005c.jpeg": {
    "app_sintetizada": "E8645EC597B04A46B2F9809B66D1F51845005C.JPEG",
    "cantidad_archivos": 1,
    "archivos_fuente": [
      "Pictures/Fototeca de Fotos.photoslibrary/resources/derivatives/masters/E/E8645EC5-97B0-4A46-B2F9-809B66D1F518_4_5005_c.jpeg"
    ],
    "ultima_modificacion": "2025-08-01 01:01:17.201126"
  },
  "e894fd1096f040b7b60a8dd03b5d87c545005c.jpeg": {
    "app_sintetizada": "E894FD1096F040B7B60A8DD03B5D87C545005C.JPEG",
    "cantidad_archivos": 1,
    "archivos_fuente": [
      "Pictures/Fototeca de Fotos.photoslibrary/resources/derivatives/masters/E/E894FD10-96F0-40B7-B60A-8DD03B5D87C5_4_5005_c.jpeg"
    ],
    "ultima_modificacion": "2025-08-01 01:01:17.201432"
  },
  "e27dbfa398594d0ebc81eb6d9bfd822c45005c.jpeg": {
    "app_sintetizada": "E27DBFA398594D0EBC81EB6D9BFD822C45005C.JPEG",
    "cantidad_archivos": 1,
    "archivos_fuente": [
      "Pictures/Fototeca de Fotos.photoslibrary/resources/derivatives/masters/E/E27DBFA3-9859-4D0E-BC81-EB6D9BFD822C_4_5005_c.jpeg"
    ],
    "ultima_modificacion": "2025-08-01 01:01:17.201751"
  },
  "e3e37c6e38fa47a48e8b7df40d7c40d845005c.jpeg": {
    "app_sintetizada": "E3E37C6E38FA47A48E8B7DF40D7C40D845005C.JPEG",
    "cantidad_archivos": 1,
    "archivos_fuente": [
      "Pictures/Fototeca de Fotos.photoslibrary/resources/derivatives/masters/E/E3E37C6E-38FA-47A4-8E8B-7DF40D7C40D8_4_5005_c.jpeg"
    ],
    "ultima_modificacion": "2025-08-01 01:01:17.202064"
  },
  "e628ad2b59174cd98b2963b60172477545005c.jpeg": {
    "app_sintetizada": "E628AD2B59174CD98B2963B60172477545005C.JPEG",
    "cantidad_archivos": 1,
    "archivos_fuente": [
      "Pictures/Fototeca de Fotos.photoslibrary/resources/derivatives/masters/E/E628AD2B-5917-4CD9-8B29-63B601724775_4_5005_c.jpeg"
    ],
    "ultima_modificacion": "2025-08-01 01:01:17.202405"
  },
  "e16b9f3b0e604dea9918e1517b3ba80345005c.jpeg": {
    "app_sintetizada": "E16B9F3B0E604DEA9918E1517B3BA80345005C.JPEG",
    "cantidad_archivos": 1,
    "archivos_fuente": [
      "Pictures/Fototeca de Fotos.photoslibrary/resources/derivatives/masters/E/E16B9F3B-0E60-4DEA-9918-E1517B3BA803_4_5005_c.jpeg"
    ],
    "ultima_modificacion": "2025-08-01 01:01:17.202764"
  },
  "e3ba4d79bddd4776b26e70318c0cb0e045005c.jpeg": {
    "app_sintetizada": "E3BA4D79BDDD4776B26E70318C0CB0E045005C.JPEG",
    "cantidad_archivos": 1,
    "archivos_fuente": [
      "Pictures/Fototeca de Fotos.photoslibrary/resources/derivatives/masters/E/E3BA4D79-BDDD-4776-B26E-70318C0CB0E0_4_5005_c.jpeg"
    ],
    "ultima_modificacion": "2025-08-01 01:01:17.203098"
  },
  "e8d958143fa340d292519d67b67476b545005c.jpeg": {
    "app_sintetizada": "E8D958143FA340D292519D67B67476B545005C.JPEG",
    "cantidad_archivos": 1,
    "archivos_fuente": [
      "Pictures/Fototeca de Fotos.photoslibrary/resources/derivatives/masters/E/E8D95814-3FA3-40D2-9251-9D67B67476B5_4_5005_c.jpeg"
    ],
    "ultima_modificacion": "2025-08-01 01:01:17.203426"
  },
  "ee15703f9f894071b0957f951ba4950445005c.jpeg": {
    "app_sintetizada": "EE15703F9F894071B0957F951BA4950445005C.JPEG",
    "cantidad_archivos": 1,
    "archivos_fuente": [
      "Pictures/Fototeca de Fotos.photoslibrary/resources/derivatives/masters/E/EE15703F-9F89-4071-B095-7F951BA49504_4_5005_c.jpeg"
    ],
    "ultima_modificacion": "2025-08-01 01:01:17.203762"
  },
  "ec359923df7945cd8132a9470225eb1545005c.jpeg": {
    "app_sintetizada": "EC359923DF7945CD8132A9470225EB1545005C.JPEG",
    "cantidad_archivos": 1,
    "archivos_fuente": [
      "Pictures/Fototeca de Fotos.photoslibrary/resources/derivatives/masters/E/EC359923-DF79-45CD-8132-A9470225EB15_4_5005_c.jpeg"
    ],
    "ultima_modificacion": "2025-08-01 01:01:17.204106"
  },
  "e260f449bab0487285c52ed9d5079d5e45005c.jpeg": {
    "app_sintetizada": "E260F449BAB0487285C52ED9D5079D5E45005C.JPEG",
    "cantidad_archivos": 1,
    "archivos_fuente": [
      "Pictures/Fototeca de Fotos.photoslibrary/resources/derivatives/masters/E/E260F449-BAB0-4872-85C5-2ED9D5079D5E_4_5005_c.jpeg"
    ],
    "ultima_modificacion": "2025-08-01 01:01:17.204506"
  },
  "e62bec6f122b43d0889f7aab9e3a340845005c.jpeg": {
    "app_sintetizada": "E62BEC6F122B43D0889F7AAB9E3A340845005C.JPEG",
    "cantidad_archivos": 1,
    "archivos_fuente": [
      "Pictures/Fototeca de Fotos.photoslibrary/resources/derivatives/masters/E/E62BEC6F-122B-43D0-889F-7AAB9E3A3408_4_5005_c.jpeg"
    ],
    "ultima_modificacion": "2025-08-01 01:01:17.205314"
  },
  "e7ba2b4037c44bbfb88a33bccf9b658745005c.jpeg": {
    "app_sintetizada": "E7BA2B4037C44BBFB88A33BCCF9B658745005C.JPEG",
    "cantidad_archivos": 1,
    "archivos_fuente": [
      "Pictures/Fototeca de Fotos.photoslibrary/resources/derivatives/masters/E/E7BA2B40-37C4-4BBF-B88A-33BCCF9B6587_4_5005_c.jpeg"
    ],
    "ultima_modificacion": "2025-08-01 01:01:17.205686"
  },
  "efb35e629f3c44a0a23909b5ddd56bc445005c.jpeg": {
    "app_sintetizada": "EFB35E629F3C44A0A23909B5DDD56BC445005C.JPEG",
    "cantidad_archivos": 1,
    "archivos_fuente": [
      "Pictures/Fototeca de Fotos.photoslibrary/resources/derivatives/masters/E/EFB35E62-9F3C-44A0-A239-09B5DDD56BC4_4_5005_c.jpeg"
    ],
    "ultima_modificacion": "2025-08-01 01:01:17.206022"
  }
}