{
  "d2f665ecec404d87b6fb8b74a0283b8b45005c.jpeg": {
    "app_sintetizada": "D2F665ECEC404D87B6FB8B74A0283B8B45005C.JPEG",
    "cantidad_archivos": 1,
    "archivos_fuente": [
      "Pictures/Fototeca de Fotos.photoslibrary/resources/derivatives/masters/D/D2F665EC-EC40-4D87-B6FB-8B74A0283B8B_4_5005_c.jpeg"
    ],
    "ultima_modificacion": "2025-08-01 01:01:13.870351"
  },
  "d45d074d0d6d41a081cc4cdd1e2bf22f45005c.jpeg": {
    "app_sintetizada": "D45D074D0D6D41A081CC4CDD1E2BF22F45005C.JPEG",
    "cantidad_archivos": 1,
    "archivos_fuente": [
      "Pictures/Fototeca de Fotos.photoslibrary/resources/derivatives/masters/D/D45D074D-0D6D-41A0-81CC-4CDD1E2BF22F_4_5005_c.jpeg"
    ],
    "ultima_modificacion": "2025-08-01 01:01:13.870650"
  },
  "d554529c76834883b02609ba5714b68e45005c.jpeg": {
    "app_sintetizada": "D554529C76834883B02609BA5714B68E45005C.JPEG",
    "cantidad_archivos": 1,
    "archivos_fuente": [
      "Pictures/Fototeca de Fotos.photoslibrary/resources/derivatives/masters/D/D554529C-7683-4883-B026-09BA5714B68E_4_5005_c.jpeg"
    ],
    "ultima_modificacion": "2025-08-01 01:01:13.870955"
  },
  "d817973a2b95472686c8bbc38f67fb8845005c.jpeg": {
    "app_sintetizada": "D817973A2B95472686C8BBC38F67FB8845005C.JPEG",
    "cantidad_archivos": 1,
    "archivos_fuente": [
      "Pictures/Fototeca de Fotos.photoslibrary/resources/derivatives/masters/D/D817973A-2B95-4726-86C8-BBC38F67FB88_4_5005_c.jpeg"
    ],
    "ultima_modificacion": "2025-08-01 01:01:13.871280"
  },
  "d25756e055ba4f5bb801ca584c09bacd45005c.jpeg": {
    "app_sintetizada": "D25756E055BA4F5BB801CA584C09BACD45005C.JPEG",
    "cantidad_archivos": 1,
    "archivos_fuente": [
      "Pictures/Fototeca de Fotos.photoslibrary/resources/derivatives/masters/D/D25756E0-55BA-4F5B-B801-CA584C09BACD_4_5005_c.jpeg"
    ],
    "ultima_modificacion": "2025-08-01 01:01:13.871541"
  },
  "d7f6031f93254deba5f4e4d312eae76d45005c.jpeg": {
    "app_sintetizada": "D7F6031F93254DEBA5F4E4D312EAE76D45005C.JPEG",
    "cantidad_archivos": 1,
    "archivos_fuente": [
      "Pictures/Fototeca de Fotos.photoslibrary/resources/derivatives/masters/D/D7F6031F-9325-4DEB-A5F4-E4D312EAE76D_4_5005_c.jpeg"
    ],
    "ultima_modificacion": "2025-08-01 01:01:13.871885"
  },
  "d8d22a2af10a4635b1a37ff2140b2edc45005c.jpeg": {
    "app_sintetizada": "D8D22A2AF10A4635B1A37FF2140B2EDC45005C.JPEG",
    "cantidad_archivos": 1,
    "archivos_fuente": [
      "Pictures/Fototeca de Fotos.photoslibrary/resources/derivatives/masters/D/D8D22A2A-F10A-4635-B1A3-7FF2140B2EDC_4_5005_c.jpeg"
    ],
    "ultima_modificacion": "2025-08-01 01:01:13.872168"
  },
  "dba9f3aa1fd6458cb71a60c2bcc3f5d445005c.jpeg": {
    "app_sintetizada": "DBA9F3AA1FD6458CB71A60C2BCC3F5D445005C.JPEG",
    "cantidad_archivos": 1,
    "archivos_fuente": [
      "Pictures/Fototeca de Fotos.photoslibrary/resources/derivatives/masters/D/DBA9F3AA-1FD6-458C-B71A-60C2BCC3F5D4_4_5005_c.jpeg"
    ],
    "ultima_modificacion": "2025-08-01 01:01:13.872704"
  },
  "d96d8f3b9ef04a61ad1be38528c2195945005c.jpeg": {
    "app_sintetizada": "D96D8F3B9EF04A61AD1BE38528C2195945005C.JPEG",
    "cantidad_archivos": 1,
    "archivos_fuente": [
      "Pictures/Fototeca de Fotos.photoslibrary/resources/derivatives/masters/D/D96D8F3B-9EF0-4A61-AD1B-E38528C21959_4_5005_c.jpeg"
    ],
    "ultima_modificacion": "2025-08-01 01:01:13.873705"
  },
  "d96d03d38e9d465c92bddeb694fd01e445005c.jpeg": {
    "app_sintetizada": "D96D03D38E9D465C92BDDEB694FD01E445005C.JPEG",
    "cantidad_archivos": 1,
    "archivos_fuente": [
      "Pictures/Fototeca de Fotos.photoslibrary/resources/derivatives/masters/D/D96D03D3-8E9D-465C-92BD-DEB694FD01E4_4_5005_c.jpeg"
    ],
    "ultima_modificacion": "2025-08-01 01:01:13.874130"
  },
  "d1df28f116af447cad22f4636937663745005c.jpeg": {
    "app_sintetizada": "D1DF28F116AF447CAD22F4636937663745005C.JPEG",
    "cantidad_archivos": 1,
    "archivos_fuente": [
      "Pictures/Fototeca de Fotos.photoslibrary/resources/derivatives/masters/D/D1DF28F1-16AF-447C-AD22-F46369376637_4_5005_c.jpeg"
    ],
    "ultima_modificacion": "2025-08-01 01:01:13.874403"
  },
  "d817080fb55a4957b2481bda7bae3ab745005c.jpeg": {
    "app_sintetizada": "D817080FB55A4957B2481BDA7BAE3AB745005C.JPEG",
    "cantidad_archivos": 1,
    "archivos_fuente": [
      "Pictures/Fototeca de Fotos.photoslibrary/resources/derivatives/masters/D/D817080F-B55A-4957-B248-1BDA7BAE3AB7_4_5005_c.jpeg"
    ],
    "ultima_modificacion": "2025-08-01 01:01:13.874681"
  },
  "d3914098fb014489887caa3642e9d3b445005c.jpeg": {
    "app_sintetizada": "D3914098FB014489887CAA3642E9D3B445005C.JPEG",
    "cantidad_archivos": 1,
    "archivos_fuente": [
      "Pictures/Fototeca de Fotos.photoslibrary/resources/derivatives/masters/D/D3914098-FB01-4489-887C-AA3642E9D3B4_4_5005_c.jpeg"
    ],
    "ultima_modificacion": "2025-08-01 01:01:13.874893"
  },
  "d36a389eba574930baa633d7409adeee45005c.jpeg": {
    "app_sintetizada": "D36A389EBA574930BAA633D7409ADEEE45005C.JPEG",
    "cantidad_archivos": 1,
    "archivos_fuente": [
      "Pictures/Fototeca de Fotos.photoslibrary/resources/derivatives/masters/D/D36A389E-BA57-4930-BAA6-33D7409ADEEE_4_5005_c.jpeg"
    ],
    "ultima_modificacion": "2025-08-01 01:01:13.875106"
  },
  "d9eda7a6631e4b10a5fe1e5ce6c54bbe45005c.jpeg": {
    "app_sintetizada": "D9EDA7A6631E4B10A5FE1E5CE6C54BBE45005C.JPEG",
    "cantidad_archivos": 1,
    "archivos_fuente": [
      "Pictures/Fototeca de Fotos.photoslibrary/resources/derivatives/masters/D/D9EDA7A6-631E-4B10-A5FE-1E5CE6C54BBE_4_5005_c.jpeg"
    ],
    "ultima_modificacion": "2025-08-01 01:01:13.875325"
  },
  "dae39ee922f84856970bcb8817b18f8f45005c.jpeg": {
    "app_sintetizada": "DAE39EE922F84856970BCB8817B18F8F45005C.JPEG",
    "cantidad_archivos": 1,
    "archivos_fuente": [
      "Pictures/Fototeca de Fotos.photoslibrary/resources/derivatives/masters/D/DAE39EE9-22F8-4856-970B-CB8817B18F8F_4_5005_c.jpeg"
    ],
    "ultima_modificacion": "2025-08-01 01:01:13.875555"
  },
  "d38997ac3b0442cc9befa6e8bfe35f0245005c.jpeg": {
    "app_sintetizada": "D38997AC3B0442CC9BEFA6E8BFE35F0245005C.JPEG",
    "cantidad_archivos": 1,
    "archivos_fuente": [
      "Pictures/Fototeca de Fotos.photoslibrary/resources/derivatives/masters/D/D38997AC-3B04-42CC-9BEF-A6E8BFE35F02_4_5005_c.jpeg"
    ],
    "ultima_modificacion": "2025-08-01 01:01:13.875783"
  },
  "d5d966ed56dc4f27b452dca165b1a71245005c.jpeg": {
    "app_sintetizada": "D5D966ED56DC4F27B452DCA165B1A71245005C.JPEG",
    "cantidad_archivos": 1,
    "archivos_fuente": [
      "Pictures/Fototeca de Fotos.photoslibrary/resources/derivatives/masters/D/D5D966ED-56DC-4F27-B452-DCA165B1A712_4_5005_c.jpeg"
    ],
    "ultima_modificacion": "2025-08-01 01:01:13.876060"
  },
  "d148a116186c4159a648c21609ca3f5245005c.jpeg": {
    "app_sintetizada": "D148A116186C4159A648C21609CA3F5245005C.JPEG",
    "cantidad_archivos": 1,
    "archivos_fuente": [
      "Pictures/Fototeca de Fotos.photoslibrary/resources/derivatives/masters/D/D148A116-186C-4159-A648-C21609CA3F52_4_5005_c.jpeg"
    ],
    "ultima_modificacion": "2025-08-01 01:01:13.876400"
  },
  "d875e81a92594d38a496fd924af2422f45005c.jpeg": {
    "app_sintetizada": "D875E81A92594D38A496FD924AF2422F45005C.JPEG",
    "cantidad_archivos": 1,
    "archivos_fuente": [
      "Pictures/Fototeca de Fotos.photoslibrary/resources/derivatives/masters/D/D875E81A-9259-4D38-A496-FD924AF2422F_4_5005_c.jpeg"
    ],
    "ultima_modificacion": "2025-08-01 01:01:13.876647"
  },
  "d0d3cb5c111d448095db227a90fa7f4445005c.jpeg": {
    "app_sintetizada": "D0D3CB5C111D448095DB227A90FA7F4445005C.JPEG",
    "cantidad_archivos": 1,
    "archivos_fuente": [
      "Pictures/Fototeca de Fotos.photoslibrary/resources/derivatives/masters/D/D0D3CB5C-111D-4480-95DB-227A90FA7F44_4_5005_c.jpeg"
    ],
    "ultima_modificacion": "2025-08-01 01:01:13.876938"
  },
  "d292228a444d44c9a57dd95d1402cb0a45005c.jpeg": {
    "app_sintetizada": "D292228A444D44C9A57DD95D1402CB0A45005C.JPEG",
    "cantidad_archivos": 1,
    "archivos_fuente": [
      "Pictures/Fototeca de Fotos.photoslibrary/resources/derivatives/masters/D/D292228A-444D-44C9-A57D-D95D1402CB0A_4_5005_c.jpeg"
    ],
    "ultima_modificacion": "2025-08-01 01:01:13.877212"
  },
  "d3b9f339cea240dbb30da279809d97be45005c.jpeg": {
    "app_sintetizada": "D3B9F339CEA240DBB30DA279809D97BE45005C.JPEG",
    "cantidad_archivos": 1,
    "archivos_fuente": [
      "Pictures/Fototeca de Fotos.photoslibrary/resources/derivatives/masters/D/D3B9F339-CEA2-40DB-B30D-A279809D97BE_4_5005_c.jpeg"
    ],
    "ultima_modificacion": "2025-08-01 01:01:13.877452"
  },
  "d2aca29677104759b9be9f87123de68f45005c.jpeg": {
    "app_sintetizada": "D2ACA29677104759B9BE9F87123DE68F45005C.JPEG",
    "cantidad_archivos": 1,
    "archivos_fuente": [
      "Pictures/Fototeca de Fotos.photoslibrary/resources/derivatives/masters/D/D2ACA296-7710-4759-B9BE-9F87123DE68F_4_5005_c.jpeg"
    ],
    "ultima_modificacion": "2025-08-01 01:01:13.877701"
  },
  "d42d0756e8be46508c5156c53592224645005c.jpeg": {
    "app_sintetizada": "D42D0756E8BE46508C5156C53592224645005C.JPEG",
    "cantidad_archivos": 1,
    "archivos_fuente": [
      "Pictures/Fototeca de Fotos.photoslibrary/resources/derivatives/masters/D/D42D0756-E8BE-4650-8C51-56C535922246_4_5005_c.jpeg"
    ],
    "ultima_modificacion": "2025-08-01 01:01:13.878027"
  },
  "d8b221de6d124326bad1a7297bc4d34145005c.jpeg": {
    "app_sintetizada": "D8B221DE6D124326BAD1A7297BC4D34145005C.JPEG",
    "cantidad_archivos": 1,
    "archivos_fuente": [
      "Pictures/Fototeca de Fotos.photoslibrary/resources/derivatives/masters/D/D8B221DE-6D12-4326-BAD1-A7297BC4D341_4_5005_c.jpeg"
    ],
    "ultima_modificacion": "2025-08-01 01:01:13.896957"
  },
  "d37bd74a95584c51be74aedf938f05cf45005c.jpeg": {
    "app_sintetizada": "D37BD74A95584C51BE74AEDF938F05CF45005C.JPEG",
    "cantidad_archivos": 1,
    "archivos_fuente": [
      "Pictures/Fototeca de Fotos.photoslibrary/resources/derivatives/masters/D/D37BD74A-9558-4C51-BE74-AEDF938F05CF_4_5005_c.jpeg"
    ],
    "ultima_modificacion": "2025-08-01 01:01:13.897436"
  },
  "d313a4ee342a47b4a5c88159414f4ec445005c.jpeg": {
    "app_sintetizada": "D313A4EE342A47B4A5C88159414F4EC445005C.JPEG",
    "cantidad_archivos": 1,
    "archivos_fuente": [
      "Pictures/Fototeca de Fotos.photoslibrary/resources/derivatives/masters/D/D313A4EE-342A-47B4-A5C8-8159414F4EC4_4_5005_c.jpeg"
    ],
    "ultima_modificacion": "2025-08-01 01:01:13.897837"
  },
  "dddadab6c9e14b6d9cb645bb8a322ee645005c.jpeg": {
    "app_sintetizada": "DDDADAB6C9E14B6D9CB645BB8A322EE645005C.JPEG",
    "cantidad_archivos": 1,
    "archivos_fuente": [
      "Pictures/Fototeca de Fotos.photoslibrary/resources/derivatives/masters/D/DDDADAB6-C9E1-4B6D-9CB6-45BB8A322EE6_4_5005_c.jpeg"
    ],
    "ultima_modificacion": "2025-08-01 01:01:13.898205"
  },
  "d0af5e878e91401db436655451bf675845005c.jpeg": {
    "app_sintetizada": "D0AF5E878E91401DB436655451BF675845005C.JPEG",
    "cantidad_archivos": 1,
    "archivos_fuente": [
      "Pictures/Fototeca de Fotos.photoslibrary/resources/derivatives/masters/D/D0AF5E87-8E91-401D-B436-655451BF6758_4_5005_c.jpeg"
    ],
    "ultima_modificacion": "2025-08-01 01:01:13.898638"
  },
  "d5fefc6f7504427784e110c1fa43929645005c.jpeg": {
    "app_sintetizada": "D5FEFC6F7504427784E110C1FA43929645005C.JPEG",
    "cantidad_archivos": 1,
    "archivos_fuente": [
      "Pictures/Fototeca de Fotos.photoslibrary/resources/derivatives/masters/D/D5FEFC6F-7504-4277-84E1-10C1FA439296_4_5005_c.jpeg"
    ],
    "ultima_modificacion": "2025-08-01 01:01:13.899019"
  },
  "de07ca3906fd41c4a262243e2a45fd3045005c.jpeg": {
    "app_sintetizada": "DE07CA3906FD41C4A262243E2A45FD3045005C.JPEG",
    "cantidad_archivos": 1,
    "archivos_fuente": [
      "Pictures/Fototeca de Fotos.photoslibrary/resources/derivatives/masters/D/DE07CA39-06FD-41C4-A262-243E2A45FD30_4_5005_c.jpeg"
    ],
    "ultima_modificacion": "2025-08-01 01:01:13.899416"
  },
  "dc559d650288420fa9a8c9c40c6afad545005c.jpeg": {
    "app_sintetizada": "DC559D650288420FA9A8C9C40C6AFAD545005C.JPEG",
    "cantidad_archivos": 1,
    "archivos_fuente": [
      "Pictures/Fototeca de Fotos.photoslibrary/resources/derivatives/masters/D/DC559D65-0288-420F-A9A8-C9C40C6AFAD5_4_5005_c.jpeg"
    ],
    "ultima_modificacion": "2025-08-01 01:01:13.899753"
  },
  "da5be56eb8c44b1399903271caa6a17a45005c.jpeg": {
    "app_sintetizada": "DA5BE56EB8C44B1399903271CAA6A17A45005C.JPEG",
    "cantidad_archivos": 1,
    "archivos_fuente": [
      "Pictures/Fototeca de Fotos.photoslibrary/resources/derivatives/masters/D/DA5BE56E-B8C4-4B13-9990-3271CAA6A17A_4_5005_c.jpeg"
    ],
    "ultima_modificacion": "2025-08-01 01:01:13.900068"
  },
  "d03621bd19b64a75850555809ae7452045005c.jpeg": {
    "app_sintetizada": "D03621BD19B64A75850555809AE7452045005C.JPEG",
    "cantidad_archivos": 1,
    "archivos_fuente": [
      "Pictures/Fototeca de Fotos.photoslibrary/resources/derivatives/masters/D/D03621BD-19B6-4A75-8505-55809AE74520_4_5005_c.jpeg"
    ],
    "ultima_modificacion": "2025-08-01 01:01:13.900443"
  },
  "d5c11c2d2f144feb943b0419e12ce9d545005c.jpeg": {
    "app_sintetizada": "D5C11C2D2F144FEB943B0419E12CE9D545005C.JPEG",
    "cantidad_archivos": 1,
    "archivos_fuente": [
      "Pictures/Fototeca de Fotos.photoslibrary/resources/derivatives/masters/D/D5C11C2D-2F14-4FEB-943B-0419E12CE9D5_4_5005_c.jpeg"
    ],
    "ultima_modificacion": "2025-08-01 01:01:13.900770"
  },
  "df2f7ac7f3f4468e833eb4c98189182d45005c.jpeg": {
    "app_sintetizada": "DF2F7AC7F3F4468E833EB4C98189182D45005C.JPEG",
    "cantidad_archivos": 1,
    "archivos_fuente": [
      "Pictures/Fototeca de Fotos.photoslibrary/resources/derivatives/masters/D/DF2F7AC7-F3F4-468E-833E-B4C98189182D_4_5005_c.jpeg"
    ],
    "ultima_modificacion": "2025-08-01 01:01:13.901431"
  },
  "d8b893ef2c834606bfe20d2c1d6f45e545005c.jpeg": {
    "app_sintetizada": "D8B893EF2C834606BFE20D2C1D6F45E545005C.JPEG",
    "cantidad_archivos": 1,
    "archivos_fuente": [
      "Pictures/Fototeca de Fotos.photoslibrary/resources/derivatives/masters/D/D8B893EF-2C83-4606-BFE2-0D2C1D6F45E5_4_5005_c.jpeg"
    ],
    "ultima_modificacion": "2025-08-01 01:01:13.902049"
  },
  "d14d8c690f114d67a96fb0117189933c45005c.jpeg": {
    "app_sintetizada": "D14D8C690F114D67A96FB0117189933C45005C.JPEG",
    "cantidad_archivos": 1,
    "archivos_fuente": [
      "Pictures/Fototeca de Fotos.photoslibrary/resources/derivatives/masters/D/D14D8C69-0F11-4D67-A96F-B0117189933C_4_5005_c.jpeg"
    ],
    "ultima_modificacion": "2025-08-01 01:01:13.902479"
  },
  "d03b74850d90444abb92e73a4f15ca6d45005c.jpeg": {
    "app_sintetizada": "D03B74850D90444ABB92E73A4F15CA6D45005C.JPEG",
    "cantidad_archivos": 1,
    "archivos_fuente": [
      "Pictures/Fototeca de Fotos.photoslibrary/resources/derivatives/masters/D/D03B7485-0D90-444A-BB92-E73A4F15CA6D_4_5005_c.jpeg"
    ],
    "ultima_modificacion": "2025-08-01 01:01:13.902962"
  },
  "d66837f8fcc146998d55a8d3b9c401af45005c.jpeg": {
    "app_sintetizada": "D66837F8FCC146998D55A8D3B9C401AF45005C.JPEG",
    "cantidad_archivos": 1,
    "archivos_fuente": [
      "Pictures/Fototeca de Fotos.photoslibrary/resources/derivatives/masters/D/D66837F8-FCC1-4699-8D55-A8D3B9C401AF_4_5005_c.jpeg"
    ],
    "ultima_modificacion": "2025-08-01 01:01:13.903372"
  },
  "d6378527381b41258a0efe726b477ecc45005c.jpeg": {
    "app_sintetizada": "D6378527381B41258A0EFE726B477ECC45005C.JPEG",
    "cantidad_archivos": 1,
    "archivos_fuente": [
      "Pictures/Fototeca de Fotos.photoslibrary/resources/derivatives/masters/D/D6378527-381B-4125-8A0E-FE726B477ECC_4_5005_c.jpeg"
    ],
    "ultima_modificacion": "2025-08-01 01:01:13.903771"
  },
  "dd23b097653243c5a8d7ccb714af4a8f45005c.jpeg": {
    "app_sintetizada": "DD23B097653243C5A8D7CCB714AF4A8F45005C.JPEG",
    "cantidad_archivos": 1,
    "archivos_fuente": [
      "Pictures/Fototeca de Fotos.photoslibrary/resources/derivatives/masters/D/DD23B097-6532-43C5-A8D7-CCB714AF4A8F_4_5005_c.jpeg"
    ],
    "ultima_modificacion": "2025-08-01 01:01:13.904198"
  },
  "d105a799a0674dd6887c1ce243567ffb45005c.jpeg": {
    "app_sintetizada": "D105A799A0674DD6887C1CE243567FFB45005C.JPEG",
    "cantidad_archivos": 1,
    "archivos_fuente": [
      "Pictures/Fototeca de Fotos.photoslibrary/resources/derivatives/masters/D/D105A799-A067-4DD6-887C-1CE243567FFB_4_5005_c.jpeg"
    ],
    "ultima_modificacion": "2025-08-01 01:01:13.904546"
  },
  "d12a1d41e7d34664a325da5e854bfca645005c.jpeg": {
    "app_sintetizada": "D12A1D41E7D34664A325DA5E854BFCA645005C.JPEG",
    "cantidad_archivos": 1,
    "archivos_fuente": [
      "Pictures/Fototeca de Fotos.photoslibrary/resources/derivatives/masters/D/D12A1D41-E7D3-4664-A325-DA5E854BFCA6_4_5005_c.jpeg"
    ],
    "ultima_modificacion": "2025-08-01 01:01:13.909756"
  },
  "dfe949fba20146a59e6d722581001b4845005c.jpeg": {
    "app_sintetizada": "DFE949FBA20146A59E6D722581001B4845005C.JPEG",
    "cantidad_archivos": 1,
    "archivos_fuente": [
      "Pictures/Fototeca de Fotos.photoslibrary/resources/derivatives/masters/D/DFE949FB-A201-46A5-9E6D-722581001B48_4_5005_c.jpeg"
    ],
    "ultima_modificacion": "2025-08-01 01:01:13.910477"
  },
  "d181c16785584f8d9342208ea7e7c0e645005c.jpeg": {
    "app_sintetizada": "D181C16785584F8D9342208EA7E7C0E645005C.JPEG",
    "cantidad_archivos": 1,
    "archivos_fuente": [
      "Pictures/Fototeca de Fotos.photoslibrary/resources/derivatives/masters/D/D181C167-8558-4F8D-9342-208EA7E7C0E6_4_5005_c.jpeg"
    ],
    "ultima_modificacion": "2025-08-01 01:01:13.917176"
  },
  "d9f1e1b9501546a3891e2d3f940a018e45005c.jpeg": {
    "app_sintetizada": "D9F1E1B9501546A3891E2D3F940A018E45005C.JPEG",
    "cantidad_archivos": 1,
    "archivos_fuente": [
      "Pictures/Fototeca de Fotos.photoslibrary/resources/derivatives/masters/D/D9F1E1B9-5015-46A3-891E-2D3F940A018E_4_5005_c.jpeg"
    ],
    "ultima_modificacion": "2025-08-01 01:01:13.917908"
  },
  "d9474e1c6ede44299328695fb38386d345005c.jpeg": {
    "app_sintetizada": "D9474E1C6EDE44299328695FB38386D345005C.JPEG",
    "cantidad_archivos": 1,
    "archivos_fuente": [
      "Pictures/Fototeca de Fotos.photoslibrary/resources/derivatives/masters/D/D9474E1C-6EDE-4429-9328-695FB38386D3_4_5005_c.jpeg"
    ],
    "ultima_modificacion": "2025-08-01 01:01:13.918278"
  },
  "d763efc8bfc24f2face43d7bfc3ec8e645005c.jpeg": {
    "app_sintetizada": "D763EFC8BFC24F2FACE43D7BFC3EC8E645005C.JPEG",
    "cantidad_archivos": 1,
    "archivos_fuente": [
      "Pictures/Fototeca de Fotos.photoslibrary/resources/derivatives/masters/D/D763EFC8-BFC2-4F2F-ACE4-3D7BFC3EC8E6_4_5005_c.jpeg"
    ],
    "ultima_modificacion": "2025-08-01 01:01:13.919221"
  },
  "dd392b149a604546b4b831c03ae744bf45005c.jpeg": {
    "app_sintetizada": "DD392B149A604546B4B831C03AE744BF45005C.JPEG",
    "cantidad_archivos": 1,
    "archivos_fuente": [
      "Pictures/Fototeca de Fotos.photoslibrary/resources/derivatives/masters/D/DD392B14-9A60-4546-B4B8-31C03AE744BF_4_5005_c.jpeg"
    ],
    "ultima_modificacion": "2025-08-01 01:01:13.919575"
  },
  "d8d9981d35ce453d9502af81d0cd9dc545005c.jpeg": {
    "app_sintetizada": "D8D9981D35CE453D9502AF81D0CD9DC545005C.JPEG",
    "cantidad_archivos": 1,
    "archivos_fuente": [
      "Pictures/Fototeca de Fotos.photoslibrary/resources/derivatives/masters/D/D8D9981D-35CE-453D-9502-AF81D0CD9DC5_4_5005_c.jpeg"
    ],
    "ultima_modificacion": "2025-08-01 01:01:13.919927"
  },
  "dda4dd74221544d7b7e6f3820be63ee445005c.jpeg": {
    "app_sintetizada": "DDA4DD74221544D7B7E6F3820BE63EE445005C.JPEG",
    "cantidad_archivos": 1,
    "archivos_fuente": [
      "Pictures/Fototeca de Fotos.photoslibrary/resources/derivatives/masters/D/DDA4DD74-2215-44D7-B7E6-F3820BE63EE4_4_5005_c.jpeg"
    ],
    "ultima_modificacion": "2025-08-01 01:01:13.920252"
  },
  "d291053f0bb248b1b71a0b421eaa34e845005c.jpeg": {
    "app_sintetizada": "D291053F0BB248B1B71A0B421EAA34E845005C.JPEG",
    "cantidad_archivos": 1,
    "archivos_fuente": [
      "Pictures/Fototeca de Fotos.photoslibrary/resources/derivatives/masters/D/D291053F-0BB2-48B1-B71A-0B421EAA34E8_4_5005_c.jpeg"
    ],
    "ultima_modificacion": "2025-08-01 01:01:13.920577"
  },
  "d67d1485c5ca4c27b2c052f8693de1b845005c.jpeg": {
    "app_sintetizada": "D67D1485C5CA4C27B2C052F8693DE1B845005C.JPEG",
    "cantidad_archivos": 1,
    "archivos_fuente": [
      "Pictures/Fototeca de Fotos.photoslibrary/resources/derivatives/masters/D/D67D1485-C5CA-4C27-B2C0-52F8693DE1B8_4_5005_c.jpeg"
    ],
    "ultima_modificacion": "2025-08-01 01:01:13.921065"
  },
  "db039378d969420b8430cae10f2375a545005c.jpeg": {
    "app_sintetizada": "DB039378D969420B8430CAE10F2375A545005C.JPEG",
    "cantidad_archivos": 1,
    "archivos_fuente": [
      "Pictures/Fototeca de Fotos.photoslibrary/resources/derivatives/masters/D/DB039378-D969-420B-8430-CAE10F2375A5_4_5005_c.jpeg"
    ],
    "ultima_modificacion": "2025-08-01 01:01:13.921983"
  },
  "d6085e6b26b345d78e6fa6cee17015e845005c.jpeg": {
    "app_sintetizada": "D6085E6B26B345D78E6FA6CEE17015E845005C.JPEG",
    "cantidad_archivos": 1,
    "archivos_fuente": [
      "Pictures/Fototeca de Fotos.photoslibrary/resources/derivatives/masters/D/D6085E6B-26B3-45D7-8E6F-A6CEE17015E8_4_5005_c.jpeg"
    ],
    "ultima_modificacion": "2025-08-01 01:01:13.922563"
  },
  "dff296e39b924e6bb4ca3b89fbe15b3a45005c.jpeg": {
    "app_sintetizada": "DFF296E39B924E6BB4CA3B89FBE15B3A45005C.JPEG",
    "cantidad_archivos": 1,
    "archivos_fuente": [
      "Pictures/Fototeca de Fotos.photoslibrary/resources/derivatives/masters/D/DFF296E3-9B92-4E6B-B4CA-3B89FBE15B3A_4_5005_c.jpeg"
    ],
    "ultima_modificacion": "2025-08-01 01:01:13.923113"
  },
  "da847ea76735407191337a556b9270d445005c.jpeg": {
    "app_sintetizada": "DA847EA76735407191337A556B9270D445005C.JPEG",
    "cantidad_archivos": 1,
    "archivos_fuente": [
      "Pictures/Fototeca de Fotos.photoslibrary/resources/derivatives/masters/D/DA847EA7-6735-4071-9133-7A556B9270D4_4_5005_c.jpeg"
    ],
    "ultima_modificacion": "2025-08-01 01:01:13.923592"
  },
  "d2380e2609474bbbba79b424937fa01645005c.jpeg": {
    "app_sintetizada": "D2380E2609474BBBBA79B424937FA01645005C.JPEG",
    "cantidad_archivos": 1,
    "archivos_fuente": [
      "Pictures/Fototeca de Fotos.photoslibrary/resources/derivatives/masters/D/D2380E26-0947-4BBB-BA79-B424937FA016_4_5005_c.jpeg"
    ],
    "ultima_modificacion": "2025-08-01 01:01:13.923966"
  },
  "d9543fbe0cdc456cb38d90d3179c08cd45005c.jpeg": {
    "app_sintetizada": "D9543FBE0CDC456CB38D90D3179C08CD45005C.JPEG",
    "cantidad_archivos": 1,
    "archivos_fuente": [
      "Pictures/Fototeca de Fotos.photoslibrary/resources/derivatives/masters/D/D9543FBE-0CDC-456C-B38D-90D3179C08CD_4_5005_c.jpeg"
    ],
    "ultima_modificacion": "2025-08-01 01:01:13.925113"
  },
  "d3e232d4e2df42c58d36d414befc577d45005c.jpeg": {
    "app_sintetizada": "D3E232D4E2DF42C58D36D414BEFC577D45005C.JPEG",
    "cantidad_archivos": 1,
    "archivos_fuente": [
      "Pictures/Fototeca de Fotos.photoslibrary/resources/derivatives/masters/D/D3E232D4-E2DF-42C5-8D36-D414BEFC577D_4_5005_c.jpeg"
    ],
    "ultima_modificacion": "2025-08-01 01:01:13.925533"
  },
  "d63b7f1ef1a644e8aa5a9424b93bc90345005c.jpeg": {
    "app_sintetizada": "D63B7F1EF1A644E8AA5A9424B93BC90345005C.JPEG",
    "cantidad_archivos": 1,
    "archivos_fuente": [
      "Pictures/Fototeca de Fotos.photoslibrary/resources/derivatives/masters/D/D63B7F1E-F1A6-44E8-AA5A-9424B93BC903_4_5005_c.jpeg"
    ],
    "ultima_modificacion": "2025-08-01 01:01:13.925892"
  },
  "d97d09f9f2c14714b0fd9fc7c829901345005c.jpeg": {
    "app_sintetizada": "D97D09F9F2C14714B0FD9FC7C829901345005C.JPEG",
    "cantidad_archivos": 1,
    "archivos_fuente": [
      "Pictures/Fototeca de Fotos.photoslibrary/resources/derivatives/masters/D/D97D09F9-F2C1-4714-B0FD-9FC7C8299013_4_5005_c.jpeg"
    ],
    "ultima_modificacion": "2025-08-01 01:01:13.926273"
  },
  "d7ba86288348416a8a5e23ca9742859145005c.jpeg": {
    "app_sintetizada": "D7BA86288348416A8A5E23CA9742859145005C.JPEG",
    "cantidad_archivos": 1,
    "archivos_fuente": [
      "Pictures/Fototeca de Fotos.photoslibrary/resources/derivatives/masters/D/D7BA8628-8348-416A-8A5E-23CA97428591_4_5005_c.jpeg"
    ],
    "ultima_modificacion": "2025-08-01 01:01:13.926635"
  },
  "d28ccf8a5d074921b06b378f421b0bc345005c.jpeg": {
    "app_sintetizada": "D28CCF8A5D074921B06B378F421B0BC345005C.JPEG",
    "cantidad_archivos": 1,
    "archivos_fuente": [
      "Pictures/Fototeca de Fotos.photoslibrary/resources/derivatives/masters/D/D28CCF8A-5D07-4921-B06B-378F421B0BC3_4_5005_c.jpeg"
    ],
    "ultima_modificacion": "2025-08-01 01:01:13.927421"
  },
  "ddd155d896264fb38a9e390d138481c645005c.jpeg": {
    "app_sintetizada": "DDD155D896264FB38A9E390D138481C645005C.JPEG",
    "cantidad_archivos": 1,
    "archivos_fuente": [
      "Pictures/Fototeca de Fotos.photoslibrary/resources/derivatives/masters/D/DDD155D8-9626-4FB3-8A9E-390D138481C6_4_5005_c.jpeg"
    ],
    "ultima_modificacion": "2025-08-01 01:01:13.927856"
  },
  "d2da7a5aa0934585a7da73a4598a046745005c.jpeg": {
    "app_sintetizada": "D2DA7A5AA0934585A7DA73A4598A046745005C.JPEG",
    "cantidad_archivos": 1,
    "archivos_fuente": [
      "Pictures/Fototeca de Fotos.photoslibrary/resources/derivatives/masters/D/D2DA7A5A-A093-4585-A7DA-73A4598A0467_4_5005_c.jpeg"
    ],
    "ultima_modificacion": "2025-08-01 01:01:13.928218"
  },
  "db6aeb50dfdd4e208fceea0188938b3645005c.jpeg": {
    "app_sintetizada": "DB6AEB50DFDD4E208FCEEA0188938B3645005C.JPEG",
    "cantidad_archivos": 1,
    "archivos_fuente": [
      "Pictures/Fototeca de Fotos.photoslibrary/resources/derivatives/masters/D/DB6AEB50-DFDD-4E20-8FCE-EA0188938B36_4_5005_c.jpeg"
    ],
    "ultima_modificacion": "2025-08-01 01:01:13.928536"
  },
  "d54da24d21e84acaaec2d80fe86cd61e45005c.jpeg": {
    "app_sintetizada": "D54DA24D21E84ACAAEC2D80FE86CD61E45005C.JPEG",
    "cantidad_archivos": 1,
    "archivos_fuente": [
      "Pictures/Fototeca de Fotos.photoslibrary/resources/derivatives/masters/D/D54DA24D-21E8-4ACA-AEC2-D80FE86CD61E_4_5005_c.jpeg"
    ],
    "ultima_modificacion": "2025-08-01 01:01:13.928832"
  },
  "ddee0bf38cdf4dfeb3b3ba8cc213839d45005c.jpeg": {
    "app_sintetizada": "DDEE0BF38CDF4DFEB3B3BA8CC213839D45005C.JPEG",
    "cantidad_archivos": 1,
    "archivos_fuente": [
      "Pictures/Fototeca de Fotos.photoslibrary/resources/derivatives/masters/D/DDEE0BF3-8CDF-4DFE-B3B3-BA8CC213839D_4_5005_c.jpeg"
    ],
    "ultima_modificacion": "2025-08-01 01:01:13.929179"
  },
  "d0a4eb6799ad436a9c17f31a661ed9cb45005c.jpeg": {
    "app_sintetizada": "D0A4EB6799AD436A9C17F31A661ED9CB45005C.JPEG",
    "cantidad_archivos": 1,
    "archivos_fuente": [
      "Pictures/Fototeca de Fotos.photoslibrary/resources/derivatives/masters/D/D0A4EB67-99AD-436A-9C17-F31A661ED9CB_4_5005_c.jpeg"
    ],
    "ultima_modificacion": "2025-08-01 01:01:13.929443"
  },
  "d42c4bd6ea2e4b438f02d68e002c516f45005c.jpeg": {
    "app_sintetizada": "D42C4BD6EA2E4B438F02D68E002C516F45005C.JPEG",
    "cantidad_archivos": 1,
    "archivos_fuente": [
      "Pictures/Fototeca de Fotos.photoslibrary/resources/derivatives/masters/D/D42C4BD6-EA2E-4B43-8F02-D68E002C516F_4_5005_c.jpeg"
    ],
    "ultima_modificacion": "2025-08-01 01:01:13.929706"
  },
  "de199750fdd546daa0d0ad149b90a1ba45005c.jpeg": {
    "app_sintetizada": "DE199750FDD546DAA0D0AD149B90A1BA45005C.JPEG",
    "cantidad_archivos": 1,
    "archivos_fuente": [
      "Pictures/Fototeca de Fotos.photoslibrary/resources/derivatives/masters/D/DE199750-FDD5-46DA-A0D0-AD149B90A1BA_4_5005_c.jpeg"
    ],
    "ultima_modificacion": "2025-08-01 01:01:13.930054"
  },
  "daffbdc8ad6d477ea960a7fcae54e1fb45005c.jpeg": {
    "app_sintetizada": "DAFFBDC8AD6D477EA960A7FCAE54E1FB45005C.JPEG",
    "cantidad_archivos": 1,
    "archivos_fuente": [
      "Pictures/Fototeca de Fotos.photoslibrary/resources/derivatives/masters/D/DAFFBDC8-AD6D-477E-A960-A7FCAE54E1FB_4_5005_c.jpeg"
    ],
    "ultima_modificacion": "2025-08-01 01:01:13.930316"
  },
  "d0bfa25885c540d787d3700149b6382945005c.jpeg": {
    "app_sintetizada": "D0BFA25885C540D787D3700149B6382945005C.JPEG",
    "cantidad_archivos": 1,
    "archivos_fuente": [
      "Pictures/Fototeca de Fotos.photoslibrary/resources/derivatives/masters/D/D0BFA258-85C5-40D7-87D3-700149B63829_4_5005_c.jpeg"
    ],
    "ultima_modificacion": "2025-08-01 01:01:13.930600"
  },
  "de43fb1f282c4c1cb83a66c9bdee5de845005c.jpeg": {
    "app_sintetizada": "DE43FB1F282C4C1CB83A66C9BDEE5DE845005C.JPEG",
    "cantidad_archivos": 1,
    "archivos_fuente": [
      "Pictures/Fototeca de Fotos.photoslibrary/resources/derivatives/masters/D/DE43FB1F-282C-4C1C-B83A-66C9BDEE5DE8_4_5005_c.jpeg"
    ],
    "ultima_modificacion": "2025-08-01 01:01:13.930963"
  },
  "db50ed7cc8ac4215bb02d295279ccd5745005c.jpeg": {
    "app_sintetizada": "DB50ED7CC8AC4215BB02D295279CCD5745005C.JPEG",
    "cantidad_archivos": 1,
    "archivos_fuente": [
      "Pictures/Fototeca de Fotos.photoslibrary/resources/derivatives/masters/D/DB50ED7C-C8AC-4215-BB02-D295279CCD57_4_5005_c.jpeg"
    ],
    "ultima_modificacion": "2025-08-01 01:01:13.931244"
  },
  "db23f6135e774beeac132432c32aa9aa45005c.jpeg": {
    "app_sintetizada": "DB23F6135E774BEEAC132432C32AA9AA45005C.JPEG",
    "cantidad_archivos": 1,
    "archivos_fuente": [
      "Pictures/Fototeca de Fotos.photoslibrary/resources/derivatives/masters/D/DB23F613-5E77-4BEE-AC13-2432C32AA9AA_4_5005_c.jpeg"
    ],
    "ultima_modificacion": "2025-08-01 01:01:13.931516"
  },
  "dbcc1d5f8a9842e8b61c79ff58c9e8fa45005c.jpeg": {
    "app_sintetizada": "DBCC1D5F8A9842E8B61C79FF58C9E8FA45005C.JPEG",
    "cantidad_archivos": 1,
    "archivos_fuente": [
      "Pictures/Fototeca de Fotos.photoslibrary/resources/derivatives/masters/D/DBCC1D5F-8A98-42E8-B61C-79FF58C9E8FA_4_5005_c.jpeg"
    ],
    "ultima_modificacion": "2025-08-01 01:01:13.931821"
  },
  "d07181f0d7ee4406887f6ef557c8fea045005c.jpeg": {
    "app_sintetizada": "D07181F0D7EE4406887F6EF557C8FEA045005C.JPEG",
    "cantidad_archivos": 1,
    "archivos_fuente": [
      "Pictures/Fototeca de Fotos.photoslibrary/resources/derivatives/masters/D/D07181F0-D7EE-4406-887F-6EF557C8FEA0_4_5005_c.jpeg"
    ],
    "ultima_modificacion": "2025-08-01 01:01:13.932095"
  },
  "d73d160bfcb0443bb398b6ebd4fc482745005c.jpeg": {
    "app_sintetizada": "D73D160BFCB0443BB398B6EBD4FC482745005C.JPEG",
    "cantidad_archivos": 1,
    "archivos_fuente": [
      "Pictures/Fototeca de Fotos.photoslibrary/resources/derivatives/masters/D/D73D160B-FCB0-443B-B398-B6EBD4FC4827_4_5005_c.jpeg"
    ],
    "ultima_modificacion": "2025-08-01 01:01:13.932376"
  },
  "d6d3aae185ea49919f2800a24731852545005c.jpeg": {
    "app_sintetizada": "D6D3AAE185EA49919F2800A24731852545005C.JPEG",
    "cantidad_archivos": 1,
    "archivos_fuente": [
      "Pictures/Fototeca de Fotos.photoslibrary/resources/derivatives/masters/D/D6D3AAE1-85EA-4991-9F28-00A247318525_4_5005_c.jpeg"
    ],
    "ultima_modificacion": "2025-08-01 01:01:13.932649"
  },
  "d29f111aa94d4a3b8eabd506cd0fbb9a45005c.jpeg": {
    "app_sintetizada": "D29F111AA94D4A3B8EABD506CD0FBB9A45005C.JPEG",
    "cantidad_archivos": 1,
    "archivos_fuente": [
      "Pictures/Fototeca de Fotos.photoslibrary/resources/derivatives/masters/D/D29F111A-A94D-4A3B-8EAB-D506CD0FBB9A_4_5005_c.jpeg"
    ],
    "ultima_modificacion": "2025-08-01 01:01:13.932951"
  },
  "d01db90506a9406d8469ef9c17dbcf7445005c.jpeg": {
    "app_sintetizada": "D01DB90506A9406D8469EF9C17DBCF7445005C.JPEG",
    "cantidad_archivos": 1,
    "archivos_fuente": [
      "Pictures/Fototeca de Fotos.photoslibrary/resources/derivatives/masters/D/D01DB905-06A9-406D-8469-EF9C17DBCF74_4_5005_c.jpeg"
    ],
    "ultima_modificacion": "2025-08-01 01:01:13.933222"
  },
  "d50d971e37804af48f9a1f1db2ea143e45005c.jpeg": {
    "app_sintetizada": "D50D971E37804AF48F9A1F1DB2EA143E45005C.JPEG",
    "cantidad_archivos": 1,
    "archivos_fuente": [
      "Pictures/Fototeca de Fotos.photoslibrary/resources/derivatives/masters/D/D50D971E-3780-4AF4-8F9A-1F1DB2EA143E_4_5005_c.jpeg"
    ],
    "ultima_modificacion": "2025-08-01 01:01:13.933497"
  },
  "df52319ebc9f4cc68b4ff49a0f70137f45005c.jpeg": {
    "app_sintetizada": "DF52319EBC9F4CC68B4FF49A0F70137F45005C.JPEG",
    "cantidad_archivos": 1,
    "archivos_fuente": [
      "Pictures/Fototeca de Fotos.photoslibrary/resources/derivatives/masters/D/DF52319E-BC9F-4CC6-8B4F-F49A0F70137F_4_5005_c.jpeg"
    ],
    "ultima_modificacion": "2025-08-01 01:01:13.933826"
  },
  "d40097701d134d118f653b384b7353e645005c.jpeg": {
    "app_sintetizada": "D40097701D134D118F653B384B7353E645005C.JPEG",
    "cantidad_archivos": 1,
    "archivos_fuente": [
      "Pictures/Fototeca de Fotos.photoslibrary/resources/derivatives/masters/D/D4009770-1D13-4D11-8F65-3B384B7353E6_4_5005_c.jpeg"
    ],
    "ultima_modificacion": "2025-08-01 01:01:13.934084"
  },
  "dc4c87bf21e9454d9ce18f9a6970e2f045005c.jpeg": {
    "app_sintetizada": "DC4C87BF21E9454D9CE18F9A6970E2F045005C.JPEG",
    "cantidad_archivos": 1,
    "archivos_fuente": [
      "Pictures/Fototeca de Fotos.photoslibrary/resources/derivatives/masters/D/DC4C87BF-21E9-454D-9CE1-8F9A6970E2F0_4_5005_c.jpeg"
    ],
    "ultima_modificacion": "2025-08-01 01:01:13.934337"
  },
  "d224cd6ad46349a9927b26639aebf36545005c.jpeg": {
    "app_sintetizada": "D224CD6AD46349A9927B26639AEBF36545005C.JPEG",
    "cantidad_archivos": 1,
    "archivos_fuente": [
      "Pictures/Fototeca de Fotos.photoslibrary/resources/derivatives/masters/D/D224CD6A-D463-49A9-927B-26639AEBF365_4_5005_c.jpeg"
    ],
    "ultima_modificacion": "2025-08-01 01:01:13.934554"
  },
  "de1dab9422984129b48af672eade308845005c.jpeg": {
    "app_sintetizada": "DE1DAB9422984129B48AF672EADE308845005C.JPEG",
    "cantidad_archivos": 1,
    "archivos_fuente": [
      "Pictures/Fototeca de Fotos.photoslibrary/resources/derivatives/masters/D/DE1DAB94-2298-4129-B48A-F672EADE3088_4_5005_c.jpeg"
    ],
    "ultima_modificacion": "2025-08-01 01:01:13.934963"
  },
  "dc1fd356f18b404d8c403c311bf34ba245005c.jpeg": {
    "app_sintetizada": "DC1FD356F18B404D8C403C311BF34BA245005C.JPEG",
    "cantidad_archivos": 1,
    "archivos_fuente": [
      "Pictures/Fototeca de Fotos.photoslibrary/resources/derivatives/masters/D/DC1FD356-F18B-404D-8C40-3C311BF34BA2_4_5005_c.jpeg"
    ],
    "ultima_modificacion": "2025-08-01 01:01:13.935258"
  },
  "d95e9f34ba6645b882cbabe254f5822345005c.jpeg": {
    "app_sintetizada": "D95E9F34BA6645B882CBABE254F5822345005C.JPEG",
    "cantidad_archivos": 1,
    "archivos_fuente": [
      "Pictures/Fototeca de Fotos.photoslibrary/resources/derivatives/masters/D/D95E9F34-BA66-45B8-82CB-ABE254F58223_4_5005_c.jpeg"
    ],
    "ultima_modificacion": "2025-08-01 01:01:13.935542"
  },
  "d65654ef261d49fcbc53bb3f62431e3645005c.jpeg": {
    "app_sintetizada": "D65654EF261D49FCBC53BB3F62431E3645005C.JPEG",
    "cantidad_archivos": 1,
    "archivos_fuente": [
      "Pictures/Fototeca de Fotos.photoslibrary/resources/derivatives/masters/D/D65654EF-261D-49FC-BC53-BB3F62431E36_4_5005_c.jpeg"
    ],
    "ultima_modificacion": "2025-08-01 01:01:13.935818"
  },
  "d70f2746ca394a2b9e0cc77e80fce71945005c.jpeg": {
    "app_sintetizada": "D70F2746CA394A2B9E0CC77E80FCE71945005C.JPEG",
    "cantidad_archivos": 1,
    "archivos_fuente": [
      "Pictures/Fototeca de Fotos.photoslibrary/resources/derivatives/masters/D/D70F2746-CA39-4A2B-9E0C-C77E80FCE719_4_5005_c.jpeg"
    ],
    "ultima_modificacion": "2025-08-01 01:01:13.936217"
  },
  "d5349ebbce834638b8a822e23d99663145005c.jpeg": {
    "app_sintetizada": "D5349EBBCE834638B8A822E23D99663145005C.JPEG",
    "cantidad_archivos": 1,
    "archivos_fuente": [
      "Pictures/Fototeca de Fotos.photoslibrary/resources/derivatives/masters/D/D5349EBB-CE83-4638-B8A8-22E23D996631_4_5005_c.jpeg"
    ],
    "ultima_modificacion": "2025-08-01 01:01:13.936552"
  },
  "dcbdc0f1992049f384558dd70e9e86f945005c.jpeg": {
    "app_sintetizada": "DCBDC0F1992049F384558DD70E9E86F945005C.JPEG",
    "cantidad_archivos": 1,
    "archivos_fuente": [
      "Pictures/Fototeca de Fotos.photoslibrary/resources/derivatives/masters/D/DCBDC0F1-9920-49F3-8455-8DD70E9E86F9_4_5005_c.jpeg"
    ],
    "ultima_modificacion": "2025-08-01 01:01:13.936943"
  },
  "dd8aaf5835094e939b2c3248b81bbf3845005c.jpeg": {
    "app_sintetizada": "DD8AAF5835094E939B2C3248B81BBF3845005C.JPEG",
    "cantidad_archivos": 1,
    "archivos_fuente": [
      "Pictures/Fototeca de Fotos.photoslibrary/resources/derivatives/masters/D/DD8AAF58-3509-4E93-9B2C-3248B81BBF38_4_5005_c.jpeg"
    ],
    "ultima_modificacion": "2025-08-01 01:01:13.937256"
  },
  "dced696568cc4e139efc25255c1d6a9345005c.jpeg": {
    "app_sintetizada": "DCED696568CC4E139EFC25255C1D6A9345005C.JPEG",
    "cantidad_archivos": 1,
    "archivos_fuente": [
      "Pictures/Fototeca de Fotos.photoslibrary/resources/derivatives/masters/D/DCED6965-68CC-4E13-9EFC-25255C1D6A93_4_5005_c.jpeg"
    ],
    "ultima_modificacion": "2025-08-01 01:01:13.937706"
  },
  "d01e77803bd24ae8954b34004fd3fd4845005c.jpeg": {
    "app_sintetizada": "D01E77803BD24AE8954B34004FD3FD4845005C.JPEG",
    "cantidad_archivos": 1,
    "archivos_fuente": [
      "Pictures/Fototeca de Fotos.photoslibrary/resources/derivatives/masters/D/D01E7780-3BD2-4AE8-954B-34004FD3FD48_4_5005_c.jpeg"
    ],
    "ultima_modificacion": "2025-08-01 01:01:13.938058"
  }
}