{
  "bda0ee52f79c4174a6faf45ce8d0cac345005c.jpeg": {
    "app_sintetizada": "BDA0EE52F79C4174A6FAF45CE8D0CAC345005C.JPEG",
    "cantidad_archivos": 1,
    "archivos_fuente": [
      "Pictures/Fototeca de Fotos.photoslibrary/resources/derivatives/masters/B/BDA0EE52-F79C-4174-A6FA-F45CE8D0CAC3_4_5005_c.jpeg"
    ],
    "ultima_modificacion": "2025-08-01 01:01:18.184792"
  },
  "b08000d0e6bf47acb903186f96a8ba4745005c.jpeg": {
    "app_sintetizada": "B08000D0E6BF47ACB903186F96A8BA4745005C.JPEG",
    "cantidad_archivos": 1,
    "archivos_fuente": [
      "Pictures/Fototeca de Fotos.photoslibrary/resources/derivatives/masters/B/B08000D0-E6BF-47AC-B903-186F96A8BA47_4_5005_c.jpeg"
    ],
    "ultima_modificacion": "2025-08-01 01:01:18.185074"
  },
  "b6bfe60c623144bcb4b7c3a0c5606bd145005c.jpeg": {
    "app_sintetizada": "B6BFE60C623144BCB4B7C3A0C5606BD145005C.JPEG",
    "cantidad_archivos": 1,
    "archivos_fuente": [
      "Pictures/Fototeca de Fotos.photoslibrary/resources/derivatives/masters/B/B6BFE60C-6231-44BC-B4B7-C3A0C5606BD1_4_5005_c.jpeg"
    ],
    "ultima_modificacion": "2025-08-01 01:01:18.185321"
  },
  "b4334955b02f490daadcdbe1b9174fcc45005c.jpeg": {
    "app_sintetizada": "B4334955B02F490DAADCDBE1B9174FCC45005C.JPEG",
    "cantidad_archivos": 1,
    "archivos_fuente": [
      "Pictures/Fototeca de Fotos.photoslibrary/resources/derivatives/masters/B/B4334955-B02F-490D-AADC-DBE1B9174FCC_4_5005_c.jpeg"
    ],
    "ultima_modificacion": "2025-08-01 01:01:18.185526"
  },
  "b9fad6795b324542957c4a1001bab0b845005c.jpeg": {
    "app_sintetizada": "B9FAD6795B324542957C4A1001BAB0B845005C.JPEG",
    "cantidad_archivos": 1,
    "archivos_fuente": [
      "Pictures/Fototeca de Fotos.photoslibrary/resources/derivatives/masters/B/B9FAD679-5B32-4542-957C-4A1001BAB0B8_4_5005_c.jpeg"
    ],
    "ultima_modificacion": "2025-08-01 01:01:18.185718"
  },
  "bf6585c21a744922b9cc1dfa9204906c45005c.jpeg": {
    "app_sintetizada": "BF6585C21A744922B9CC1DFA9204906C45005C.JPEG",
    "cantidad_archivos": 1,
    "archivos_fuente": [
      "Pictures/Fototeca de Fotos.photoslibrary/resources/derivatives/masters/B/BF6585C2-1A74-4922-B9CC-1DFA9204906C_4_5005_c.jpeg"
    ],
    "ultima_modificacion": "2025-08-01 01:01:18.185900"
  },
  "b6a97831481342fa96564c18e7a9a99b45005c.jpeg": {
    "app_sintetizada": "B6A97831481342FA96564C18E7A9A99B45005C.JPEG",
    "cantidad_archivos": 1,
    "archivos_fuente": [
      "Pictures/Fototeca de Fotos.photoslibrary/resources/derivatives/masters/B/B6A97831-4813-42FA-9656-4C18E7A9A99B_4_5005_c.jpeg"
    ],
    "ultima_modificacion": "2025-08-01 01:01:18.186112"
  },
  "b178c6322ba441bfa5f8a35c312e2fd845005c.jpeg": {
    "app_sintetizada": "B178C6322BA441BFA5F8A35C312E2FD845005C.JPEG",
    "cantidad_archivos": 1,
    "archivos_fuente": [
      "Pictures/Fototeca de Fotos.photoslibrary/resources/derivatives/masters/B/B178C632-2BA4-41BF-A5F8-A35C312E2FD8_4_5005_c.jpeg"
    ],
    "ultima_modificacion": "2025-08-01 01:01:18.186434"
  },
  "b611f41d36284c37bfb0c88a2757882245005c.jpeg": {
    "app_sintetizada": "B611F41D36284C37BFB0C88A2757882245005C.JPEG",
    "cantidad_archivos": 1,
    "archivos_fuente": [
      "Pictures/Fototeca de Fotos.photoslibrary/resources/derivatives/masters/B/B611F41D-3628-4C37-BFB0-C88A27578822_4_5005_c.jpeg"
    ],
    "ultima_modificacion": "2025-08-01 01:01:18.186737"
  },
  "be45cb0dce9f451982ef3a5164df007145005c.jpeg": {
    "app_sintetizada": "BE45CB0DCE9F451982EF3A5164DF007145005C.JPEG",
    "cantidad_archivos": 1,
    "archivos_fuente": [
      "Pictures/Fototeca de Fotos.photoslibrary/resources/derivatives/masters/B/BE45CB0D-CE9F-4519-82EF-3A5164DF0071_4_5005_c.jpeg"
    ],
    "ultima_modificacion": "2025-08-01 01:01:18.187010"
  },
  "b8b642097a2f484d97960c325ee8686045005c.jpeg": {
    "app_sintetizada": "B8B642097A2F484D97960C325EE8686045005C.JPEG",
    "cantidad_archivos": 1,
    "archivos_fuente": [
      "Pictures/Fototeca de Fotos.photoslibrary/resources/derivatives/masters/B/B8B64209-7A2F-484D-9796-0C325EE86860_4_5005_c.jpeg"
    ],
    "ultima_modificacion": "2025-08-01 01:01:18.187301"
  },
  "bda6580edb9e49e3962dcc542f0207e245005c.jpeg": {
    "app_sintetizada": "BDA6580EDB9E49E3962DCC542F0207E245005C.JPEG",
    "cantidad_archivos": 1,
    "archivos_fuente": [
      "Pictures/Fototeca de Fotos.photoslibrary/resources/derivatives/masters/B/BDA6580E-DB9E-49E3-962D-CC542F0207E2_4_5005_c.jpeg"
    ],
    "ultima_modificacion": "2025-08-01 01:01:18.187586"
  },
  "bcf065e0b0eb456a85ddfe3f448f420845005c.jpeg": {
    "app_sintetizada": "BCF065E0B0EB456A85DDFE3F448F420845005C.JPEG",
    "cantidad_archivos": 1,
    "archivos_fuente": [
      "Pictures/Fototeca de Fotos.photoslibrary/resources/derivatives/masters/B/BCF065E0-B0EB-456A-85DD-FE3F448F4208_4_5005_c.jpeg"
    ],
    "ultima_modificacion": "2025-08-01 01:01:18.187865"
  },
  "b70b3d49f2494c8f8f1f39aeba1c835345005c.jpeg": {
    "app_sintetizada": "B70B3D49F2494C8F8F1F39AEBA1C835345005C.JPEG",
    "cantidad_archivos": 1,
    "archivos_fuente": [
      "Pictures/Fototeca de Fotos.photoslibrary/resources/derivatives/masters/B/B70B3D49-F249-4C8F-8F1F-39AEBA1C8353_4_5005_c.jpeg"
    ],
    "ultima_modificacion": "2025-08-01 01:01:18.188143"
  },
  "bd18c0d6eee54a48ba67c0d0fd7affac45005c.jpeg": {
    "app_sintetizada": "BD18C0D6EEE54A48BA67C0D0FD7AFFAC45005C.JPEG",
    "cantidad_archivos": 1,
    "archivos_fuente": [
      "Pictures/Fototeca de Fotos.photoslibrary/resources/derivatives/masters/B/BD18C0D6-EEE5-4A48-BA67-C0D0FD7AFFAC_4_5005_c.jpeg"
    ],
    "ultima_modificacion": "2025-08-01 01:01:18.188419"
  },
  "b89c25f75227444da596ca4a7aba66d845005c.jpeg": {
    "app_sintetizada": "B89C25F75227444DA596CA4A7ABA66D845005C.JPEG",
    "cantidad_archivos": 1,
    "archivos_fuente": [
      "Pictures/Fototeca de Fotos.photoslibrary/resources/derivatives/masters/B/B89C25F7-5227-444D-A596-CA4A7ABA66D8_4_5005_c.jpeg"
    ],
    "ultima_modificacion": "2025-08-01 01:01:18.188710"
  },
  "b4d57fe4f0b440cdb448b64bdb55907f45005c.jpeg": {
    "app_sintetizada": "B4D57FE4F0B440CDB448B64BDB55907F45005C.JPEG",
    "cantidad_archivos": 1,
    "archivos_fuente": [
      "Pictures/Fototeca de Fotos.photoslibrary/resources/derivatives/masters/B/B4D57FE4-F0B4-40CD-B448-B64BDB55907F_4_5005_c.jpeg"
    ],
    "ultima_modificacion": "2025-08-01 01:01:18.189031"
  },
  "bb06216cf3864b739f4348f94d2e7d3f45005c.jpeg": {
    "app_sintetizada": "BB06216CF3864B739F4348F94D2E7D3F45005C.JPEG",
    "cantidad_archivos": 1,
    "archivos_fuente": [
      "Pictures/Fototeca de Fotos.photoslibrary/resources/derivatives/masters/B/BB06216C-F386-4B73-9F43-48F94D2E7D3F_4_5005_c.jpeg"
    ],
    "ultima_modificacion": "2025-08-01 01:01:18.189367"
  },
  "b4b4c10b6df64500a0e1af61c35eaafe45005c.jpeg": {
    "app_sintetizada": "B4B4C10B6DF64500A0E1AF61C35EAAFE45005C.JPEG",
    "cantidad_archivos": 1,
    "archivos_fuente": [
      "Pictures/Fototeca de Fotos.photoslibrary/resources/derivatives/masters/B/B4B4C10B-6DF6-4500-A0E1-AF61C35EAAFE_4_5005_c.jpeg"
    ],
    "ultima_modificacion": "2025-08-01 01:01:18.189665"
  },
  "bd7de5001e404892b9a4d50d9d1d745e45005c.jpeg": {
    "app_sintetizada": "BD7DE5001E404892B9A4D50D9D1D745E45005C.JPEG",
    "cantidad_archivos": 1,
    "archivos_fuente": [
      "Pictures/Fototeca de Fotos.photoslibrary/resources/derivatives/masters/B/BD7DE500-1E40-4892-B9A4-D50D9D1D745E_4_5005_c.jpeg"
    ],
    "ultima_modificacion": "2025-08-01 01:01:18.189947"
  },
  "b99daf4405c044a8a0d716a651db0d2445005c.jpeg": {
    "app_sintetizada": "B99DAF4405C044A8A0D716A651DB0D2445005C.JPEG",
    "cantidad_archivos": 1,
    "archivos_fuente": [
      "Pictures/Fototeca de Fotos.photoslibrary/resources/derivatives/masters/B/B99DAF44-05C0-44A8-A0D7-16A651DB0D24_4_5005_c.jpeg"
    ],
    "ultima_modificacion": "2025-08-01 01:01:18.190212"
  },
  "bece08857bb44398a2de2678e4af248445005c.jpeg": {
    "app_sintetizada": "BECE08857BB44398A2DE2678E4AF248445005C.JPEG",
    "cantidad_archivos": 1,
    "archivos_fuente": [
      "Pictures/Fototeca de Fotos.photoslibrary/resources/derivatives/masters/B/BECE0885-7BB4-4398-A2DE-2678E4AF2484_4_5005_c.jpeg"
    ],
    "ultima_modificacion": "2025-08-01 01:01:18.190526"
  },
  "bed2a7849316484facfebbb5574d4def45005c.jpeg": {
    "app_sintetizada": "BED2A7849316484FACFEBBB5574D4DEF45005C.JPEG",
    "cantidad_archivos": 1,
    "archivos_fuente": [
      "Pictures/Fototeca de Fotos.photoslibrary/resources/derivatives/masters/B/BED2A784-9316-484F-ACFE-BBB5574D4DEF_4_5005_c.jpeg"
    ],
    "ultima_modificacion": "2025-08-01 01:01:18.190825"
  },
  "b0c8a9c2105a446c90199c1236f4482d45005c.jpeg": {
    "app_sintetizada": "B0C8A9C2105A446C90199C1236F4482D45005C.JPEG",
    "cantidad_archivos": 1,
    "archivos_fuente": [
      "Pictures/Fototeca de Fotos.photoslibrary/resources/derivatives/masters/B/B0C8A9C2-105A-446C-9019-9C1236F4482D_4_5005_c.jpeg"
    ],
    "ultima_modificacion": "2025-08-01 01:01:18.191111"
  },
  "b95e356641bc4f6b818e9fcf9836e9f545005c.jpeg": {
    "app_sintetizada": "B95E356641BC4F6B818E9FCF9836E9F545005C.JPEG",
    "cantidad_archivos": 1,
    "archivos_fuente": [
      "Pictures/Fototeca de Fotos.photoslibrary/resources/derivatives/masters/B/B95E3566-41BC-4F6B-818E-9FCF9836E9F5_4_5005_c.jpeg"
    ],
    "ultima_modificacion": "2025-08-01 01:01:18.191392"
  },
  "baef4efeae214ec59e4deafb1303993e45005c.jpeg": {
    "app_sintetizada": "BAEF4EFEAE214EC59E4DEAFB1303993E45005C.JPEG",
    "cantidad_archivos": 1,
    "archivos_fuente": [
      "Pictures/Fototeca de Fotos.photoslibrary/resources/derivatives/masters/B/BAEF4EFE-AE21-4EC5-9E4D-EAFB1303993E_4_5005_c.jpeg"
    ],
    "ultima_modificacion": "2025-08-01 01:01:18.191807"
  },
  "b32dd17bce7d48e8a0c84e860734f89c45005c.jpeg": {
    "app_sintetizada": "B32DD17BCE7D48E8A0C84E860734F89C45005C.JPEG",
    "cantidad_archivos": 1,
    "archivos_fuente": [
      "Pictures/Fototeca de Fotos.photoslibrary/resources/derivatives/masters/B/B32DD17B-CE7D-48E8-A0C8-4E860734F89C_4_5005_c.jpeg"
    ],
    "ultima_modificacion": "2025-08-01 01:01:18.192131"
  },
  "b3c0d5203d454fd88cc1b91818c13a1c45005c.jpeg": {
    "app_sintetizada": "B3C0D5203D454FD88CC1B91818C13A1C45005C.JPEG",
    "cantidad_archivos": 1,
    "archivos_fuente": [
      "Pictures/Fototeca de Fotos.photoslibrary/resources/derivatives/masters/B/B3C0D520-3D45-4FD8-8CC1-B91818C13A1C_4_5005_c.jpeg"
    ],
    "ultima_modificacion": "2025-08-01 01:01:18.192471"
  },
  "b180bb16a75b4cff8719ae77c3a61b7645005c.jpeg": {
    "app_sintetizada": "B180BB16A75B4CFF8719AE77C3A61B7645005C.JPEG",
    "cantidad_archivos": 1,
    "archivos_fuente": [
      "Pictures/Fototeca de Fotos.photoslibrary/resources/derivatives/masters/B/B180BB16-A75B-4CFF-8719-AE77C3A61B76_4_5005_c.jpeg"
    ],
    "ultima_modificacion": "2025-08-01 01:01:18.192777"
  },
  "b963808f9fdc4bbd99a6da71ee5db36345005c.jpeg": {
    "app_sintetizada": "B963808F9FDC4BBD99A6DA71EE5DB36345005C.JPEG",
    "cantidad_archivos": 1,
    "archivos_fuente": [
      "Pictures/Fototeca de Fotos.photoslibrary/resources/derivatives/masters/B/B963808F-9FDC-4BBD-99A6-DA71EE5DB363_4_5005_c.jpeg"
    ],
    "ultima_modificacion": "2025-08-01 01:01:18.193086"
  },
  "b909be88fc534bbbbeca3e4dfcf2f06745005c.jpeg": {
    "app_sintetizada": "B909BE88FC534BBBBECA3E4DFCF2F06745005C.JPEG",
    "cantidad_archivos": 1,
    "archivos_fuente": [
      "Pictures/Fototeca de Fotos.photoslibrary/resources/derivatives/masters/B/B909BE88-FC53-4BBB-BECA-3E4DFCF2F067_4_5005_c.jpeg"
    ],
    "ultima_modificacion": "2025-08-01 01:01:18.193435"
  },
  "bd9b999e0be143eba849d73211ad3b1d45005c.jpeg": {
    "app_sintetizada": "BD9B999E0BE143EBA849D73211AD3B1D45005C.JPEG",
    "cantidad_archivos": 1,
    "archivos_fuente": [
      "Pictures/Fototeca de Fotos.photoslibrary/resources/derivatives/masters/B/BD9B999E-0BE1-43EB-A849-D73211AD3B1D_4_5005_c.jpeg"
    ],
    "ultima_modificacion": "2025-08-01 01:01:18.193745"
  },
  "b1e4d7617e174319b61b055f4207a18945005c.jpeg": {
    "app_sintetizada": "B1E4D7617E174319B61B055F4207A18945005C.JPEG",
    "cantidad_archivos": 1,
    "archivos_fuente": [
      "Pictures/Fototeca de Fotos.photoslibrary/resources/derivatives/masters/B/B1E4D761-7E17-4319-B61B-055F4207A189_4_5005_c.jpeg"
    ],
    "ultima_modificacion": "2025-08-01 01:01:18.194734"
  },
  "bfc7cddb5d49432f93b5871af35384e045005c.jpeg": {
    "app_sintetizada": "BFC7CDDB5D49432F93B5871AF35384E045005C.JPEG",
    "cantidad_archivos": 1,
    "archivos_fuente": [
      "Pictures/Fototeca de Fotos.photoslibrary/resources/derivatives/masters/B/BFC7CDDB-5D49-432F-93B5-871AF35384E0_4_5005_c.jpeg"
    ],
    "ultima_modificacion": "2025-08-01 01:01:18.195047"
  },
  "b0686211a1c74a788ed8c18744e756ef45005c.jpeg": {
    "app_sintetizada": "B0686211A1C74A788ED8C18744E756EF45005C.JPEG",
    "cantidad_archivos": 1,
    "archivos_fuente": [
      "Pictures/Fototeca de Fotos.photoslibrary/resources/derivatives/masters/B/B0686211-A1C7-4A78-8ED8-C18744E756EF_4_5005_c.jpeg"
    ],
    "ultima_modificacion": "2025-08-01 01:01:18.195359"
  },
  "b17ecac04c7246f1852d9ae185c0ed0145005c.jpeg": {
    "app_sintetizada": "B17ECAC04C7246F1852D9AE185C0ED0145005C.JPEG",
    "cantidad_archivos": 1,
    "archivos_fuente": [
      "Pictures/Fototeca de Fotos.photoslibrary/resources/derivatives/masters/B/B17ECAC0-4C72-46F1-852D-9AE185C0ED01_4_5005_c.jpeg"
    ],
    "ultima_modificacion": "2025-08-01 01:01:18.195665"
  },
  "b8a8d40c2ac54113afff767ad61a022145005c.jpeg": {
    "app_sintetizada": "B8A8D40C2AC54113AFFF767AD61A022145005C.JPEG",
    "cantidad_archivos": 1,
    "archivos_fuente": [
      "Pictures/Fototeca de Fotos.photoslibrary/resources/derivatives/masters/B/B8A8D40C-2AC5-4113-AFFF-767AD61A0221_4_5005_c.jpeg"
    ],
    "ultima_modificacion": "2025-08-01 01:01:18.195970"
  },
  "b6f15a26f0be4c8e9b704480967045d445005c.jpeg": {
    "app_sintetizada": "B6F15A26F0BE4C8E9B704480967045D445005C.JPEG",
    "cantidad_archivos": 1,
    "archivos_fuente": [
      "Pictures/Fototeca de Fotos.photoslibrary/resources/derivatives/masters/B/B6F15A26-F0BE-4C8E-9B70-4480967045D4_4_5005_c.jpeg"
    ],
    "ultima_modificacion": "2025-08-01 01:01:18.196277"
  },
  "b2fdc645733443318691ff4ed194951545005c.jpeg": {
    "app_sintetizada": "B2FDC645733443318691FF4ED194951545005C.JPEG",
    "cantidad_archivos": 1,
    "archivos_fuente": [
      "Pictures/Fototeca de Fotos.photoslibrary/resources/derivatives/masters/B/B2FDC645-7334-4331-8691-FF4ED1949515_4_5005_c.jpeg"
    ],
    "ultima_modificacion": "2025-08-01 01:01:18.196581"
  },
  "be0364d60eb04f4bbd3d2efb1946452245005c.jpeg": {
    "app_sintetizada": "BE0364D60EB04F4BBD3D2EFB1946452245005C.JPEG",
    "cantidad_archivos": 1,
    "archivos_fuente": [
      "Pictures/Fototeca de Fotos.photoslibrary/resources/derivatives/masters/B/BE0364D6-0EB0-4F4B-BD3D-2EFB19464522_4_5005_c.jpeg"
    ],
    "ultima_modificacion": "2025-08-01 01:01:18.196893"
  },
  "bf31dbe11c1141fb810494c1f2ccf4cc45005c.jpeg": {
    "app_sintetizada": "BF31DBE11C1141FB810494C1F2CCF4CC45005C.JPEG",
    "cantidad_archivos": 1,
    "archivos_fuente": [
      "Pictures/Fototeca de Fotos.photoslibrary/resources/derivatives/masters/B/BF31DBE1-1C11-41FB-8104-94C1F2CCF4CC_4_5005_c.jpeg"
    ],
    "ultima_modificacion": "2025-08-01 01:01:18.197189"
  },
  "b587d3c12ed84f88b6a7ee1bb569c8c245005c.jpeg": {
    "app_sintetizada": "B587D3C12ED84F88B6A7EE1BB569C8C245005C.JPEG",
    "cantidad_archivos": 1,
    "archivos_fuente": [
      "Pictures/Fototeca de Fotos.photoslibrary/resources/derivatives/masters/B/B587D3C1-2ED8-4F88-B6A7-EE1BB569C8C2_4_5005_c.jpeg"
    ],
    "ultima_modificacion": "2025-08-01 01:01:18.197524"
  },
  "b16be743a36a4bf98c71894b912c924945005c.jpeg": {
    "app_sintetizada": "B16BE743A36A4BF98C71894B912C924945005C.JPEG",
    "cantidad_archivos": 1,
    "archivos_fuente": [
      "Pictures/Fototeca de Fotos.photoslibrary/resources/derivatives/masters/B/B16BE743-A36A-4BF9-8C71-894B912C9249_4_5005_c.jpeg"
    ],
    "ultima_modificacion": "2025-08-01 01:01:18.197835"
  },
  "bd26e612ea4d4c6f9f0cfff2ba438d8945005c.jpeg": {
    "app_sintetizada": "BD26E612EA4D4C6F9F0CFFF2BA438D8945005C.JPEG",
    "cantidad_archivos": 1,
    "archivos_fuente": [
      "Pictures/Fototeca de Fotos.photoslibrary/resources/derivatives/masters/B/BD26E612-EA4D-4C6F-9F0C-FFF2BA438D89_4_5005_c.jpeg"
    ],
    "ultima_modificacion": "2025-08-01 01:01:18.198152"
  },
  "b01897e3623d4d4a8295f277a941a10445005c.jpeg": {
    "app_sintetizada": "B01897E3623D4D4A8295F277A941A10445005C.JPEG",
    "cantidad_archivos": 1,
    "archivos_fuente": [
      "Pictures/Fototeca de Fotos.photoslibrary/resources/derivatives/masters/B/B01897E3-623D-4D4A-8295-F277A941A104_4_5005_c.jpeg"
    ],
    "ultima_modificacion": "2025-08-01 01:01:18.198477"
  },
  "bac28c90f8f1480c83fe24e72d52430045005c.jpeg": {
    "app_sintetizada": "BAC28C90F8F1480C83FE24E72D52430045005C.JPEG",
    "cantidad_archivos": 1,
    "archivos_fuente": [
      "Pictures/Fototeca de Fotos.photoslibrary/resources/derivatives/masters/B/BAC28C90-F8F1-480C-83FE-24E72D524300_4_5005_c.jpeg"
    ],
    "ultima_modificacion": "2025-08-01 01:01:18.198821"
  },
  "b88509663dbf4924b75059561ea2073545005c.jpeg": {
    "app_sintetizada": "B88509663DBF4924B75059561EA2073545005C.JPEG",
    "cantidad_archivos": 1,
    "archivos_fuente": [
      "Pictures/Fototeca de Fotos.photoslibrary/resources/derivatives/masters/B/B8850966-3DBF-4924-B750-59561EA20735_4_5005_c.jpeg"
    ],
    "ultima_modificacion": "2025-08-01 01:01:18.199127"
  },
  "b00471d03fe347d4ae0c2f58ac63ef6045005c.jpeg": {
    "app_sintetizada": "B00471D03FE347D4AE0C2F58AC63EF6045005C.JPEG",
    "cantidad_archivos": 1,
    "archivos_fuente": [
      "Pictures/Fototeca de Fotos.photoslibrary/resources/derivatives/masters/B/B00471D0-3FE3-47D4-AE0C-2F58AC63EF60_4_5005_c.jpeg"
    ],
    "ultima_modificacion": "2025-08-01 01:01:18.199426"
  },
  "b4b782f796cb46f2bf5f9cd64ae388b145005c.jpeg": {
    "app_sintetizada": "B4B782F796CB46F2BF5F9CD64AE388B145005C.JPEG",
    "cantidad_archivos": 1,
    "archivos_fuente": [
      "Pictures/Fototeca de Fotos.photoslibrary/resources/derivatives/masters/B/B4B782F7-96CB-46F2-BF5F-9CD64AE388B1_4_5005_c.jpeg"
    ],
    "ultima_modificacion": "2025-08-01 01:01:18.199771"
  },
  "b07144d4a7e645968a7a912536c1c7d245005c.jpeg": {
    "app_sintetizada": "B07144D4A7E645968A7A912536C1C7D245005C.JPEG",
    "cantidad_archivos": 1,
    "archivos_fuente": [
      "Pictures/Fototeca de Fotos.photoslibrary/resources/derivatives/masters/B/B07144D4-A7E6-4596-8A7A-912536C1C7D2_4_5005_c.jpeg"
    ],
    "ultima_modificacion": "2025-08-01 01:01:18.200094"
  },
  "bf38753a20724a82aa8c2f60b4a0026345005c.jpeg": {
    "app_sintetizada": "BF38753A20724A82AA8C2F60B4A0026345005C.JPEG",
    "cantidad_archivos": 1,
    "archivos_fuente": [
      "Pictures/Fototeca de Fotos.photoslibrary/resources/derivatives/masters/B/BF38753A-2072-4A82-AA8C-2F60B4A00263_4_5005_c.jpeg"
    ],
    "ultima_modificacion": "2025-08-01 01:01:18.200417"
  },
  "bd5a479c7eff4b94925f5611c4efd27045005c.jpeg": {
    "app_sintetizada": "BD5A479C7EFF4B94925F5611C4EFD27045005C.JPEG",
    "cantidad_archivos": 1,
    "archivos_fuente": [
      "Pictures/Fototeca de Fotos.photoslibrary/resources/derivatives/masters/B/BD5A479C-7EFF-4B94-925F-5611C4EFD270_4_5005_c.jpeg"
    ],
    "ultima_modificacion": "2025-08-01 01:01:18.200721"
  },
  "b6ccd36db44f458d92009d15cd9ae1a845005c.jpeg": {
    "app_sintetizada": "B6CCD36DB44F458D92009D15CD9AE1A845005C.JPEG",
    "cantidad_archivos": 1,
    "archivos_fuente": [
      "Pictures/Fototeca de Fotos.photoslibrary/resources/derivatives/masters/B/B6CCD36D-B44F-458D-9200-9D15CD9AE1A8_4_5005_c.jpeg"
    ],
    "ultima_modificacion": "2025-08-01 01:01:18.201037"
  },
  "bb8931f952c94058afa8190470160a8845005c.jpeg": {
    "app_sintetizada": "BB8931F952C94058AFA8190470160A8845005C.JPEG",
    "cantidad_archivos": 1,
    "archivos_fuente": [
      "Pictures/Fototeca de Fotos.photoslibrary/resources/derivatives/masters/B/BB8931F9-52C9-4058-AFA8-190470160A88_4_5005_c.jpeg"
    ],
    "ultima_modificacion": "2025-08-01 01:01:18.201351"
  },
  "b9be9e880db84808ac7b7a4aafd62fee45005c.jpeg": {
    "app_sintetizada": "B9BE9E880DB84808AC7B7A4AAFD62FEE45005C.JPEG",
    "cantidad_archivos": 1,
    "archivos_fuente": [
      "Pictures/Fototeca de Fotos.photoslibrary/resources/derivatives/masters/B/B9BE9E88-0DB8-4808-AC7B-7A4AAFD62FEE_4_5005_c.jpeg"
    ],
    "ultima_modificacion": "2025-08-01 01:01:18.201683"
  },
  "ba38954f4e0a487c810593239f56a31a45005c.jpeg": {
    "app_sintetizada": "BA38954F4E0A487C810593239F56A31A45005C.JPEG",
    "cantidad_archivos": 1,
    "archivos_fuente": [
      "Pictures/Fototeca de Fotos.photoslibrary/resources/derivatives/masters/B/BA38954F-4E0A-487C-8105-93239F56A31A_4_5005_c.jpeg"
    ],
    "ultima_modificacion": "2025-08-01 01:01:18.202035"
  },
  "b377274c126144a2a0b479e675d8a0a245005c.jpeg": {
    "app_sintetizada": "B377274C126144A2A0B479E675D8A0A245005C.JPEG",
    "cantidad_archivos": 1,
    "archivos_fuente": [
      "Pictures/Fototeca de Fotos.photoslibrary/resources/derivatives/masters/B/B377274C-1261-44A2-A0B4-79E675D8A0A2_4_5005_c.jpeg"
    ],
    "ultima_modificacion": "2025-08-01 01:01:18.202421"
  },
  "b6b25de7a8e5492da8640a0614a1834c45005c.jpeg": {
    "app_sintetizada": "B6B25DE7A8E5492DA8640A0614A1834C45005C.JPEG",
    "cantidad_archivos": 1,
    "archivos_fuente": [
      "Pictures/Fototeca de Fotos.photoslibrary/resources/derivatives/masters/B/B6B25DE7-A8E5-492D-A864-0A0614A1834C_4_5005_c.jpeg"
    ],
    "ultima_modificacion": "2025-08-01 01:01:18.202821"
  },
  "b0077001143347c7b2ce0ffd908d777045005c.jpeg": {
    "app_sintetizada": "B0077001143347C7B2CE0FFD908D777045005C.JPEG",
    "cantidad_archivos": 1,
    "archivos_fuente": [
      "Pictures/Fototeca de Fotos.photoslibrary/resources/derivatives/masters/B/B0077001-1433-47C7-B2CE-0FFD908D7770_4_5005_c.jpeg"
    ],
    "ultima_modificacion": "2025-08-01 01:01:18.203137"
  },
  "b43406bc5fec4435ac549209f6ca35eb45005c.jpeg": {
    "app_sintetizada": "B43406BC5FEC4435AC549209F6CA35EB45005C.JPEG",
    "cantidad_archivos": 1,
    "archivos_fuente": [
      "Pictures/Fototeca de Fotos.photoslibrary/resources/derivatives/masters/B/B43406BC-5FEC-4435-AC54-9209F6CA35EB_4_5005_c.jpeg"
    ],
    "ultima_modificacion": "2025-08-01 01:01:18.203478"
  },
  "b78a379270c14837a6ec80d2563fe49645005c.jpeg": {
    "app_sintetizada": "B78A379270C14837A6EC80D2563FE49645005C.JPEG",
    "cantidad_archivos": 1,
    "archivos_fuente": [
      "Pictures/Fototeca de Fotos.photoslibrary/resources/derivatives/masters/B/B78A3792-70C1-4837-A6EC-80D2563FE496_4_5005_c.jpeg"
    ],
    "ultima_modificacion": "2025-08-01 01:01:18.203812"
  },
  "bd4df7c356854b47b2bfd8272c61fdc345005c.jpeg": {
    "app_sintetizada": "BD4DF7C356854B47B2BFD8272C61FDC345005C.JPEG",
    "cantidad_archivos": 1,
    "archivos_fuente": [
      "Pictures/Fototeca de Fotos.photoslibrary/resources/derivatives/masters/B/BD4DF7C3-5685-4B47-B2BF-D8272C61FDC3_4_5005_c.jpeg"
    ],
    "ultima_modificacion": "2025-08-01 01:01:18.204188"
  },
  "bcc51697b75348cfa8d9dd8f9c3af68845005c.jpeg": {
    "app_sintetizada": "BCC51697B75348CFA8D9DD8F9C3AF68845005C.JPEG",
    "cantidad_archivos": 1,
    "archivos_fuente": [
      "Pictures/Fototeca de Fotos.photoslibrary/resources/derivatives/masters/B/BCC51697-B753-48CF-A8D9-DD8F9C3AF688_4_5005_c.jpeg"
    ],
    "ultima_modificacion": "2025-08-01 01:01:18.204496"
  },
  "b635b9123bc94d238e4b7f373006a29d45005c.jpeg": {
    "app_sintetizada": "B635B9123BC94D238E4B7F373006A29D45005C.JPEG",
    "cantidad_archivos": 1,
    "archivos_fuente": [
      "Pictures/Fototeca de Fotos.photoslibrary/resources/derivatives/masters/B/B635B912-3BC9-4D23-8E4B-7F373006A29D_4_5005_c.jpeg"
    ],
    "ultima_modificacion": "2025-08-01 01:01:18.204811"
  },
  "b2424c71590c4b57a61bcbeb6bd6fda845005c.jpeg": {
    "app_sintetizada": "B2424C71590C4B57A61BCBEB6BD6FDA845005C.JPEG",
    "cantidad_archivos": 1,
    "archivos_fuente": [
      "Pictures/Fototeca de Fotos.photoslibrary/resources/derivatives/masters/B/B2424C71-590C-4B57-A61B-CBEB6BD6FDA8_4_5005_c.jpeg"
    ],
    "ultima_modificacion": "2025-08-01 01:01:18.205123"
  },
  "b2232a916db44351a6c5f941d7cb35ef45005c.jpeg": {
    "app_sintetizada": "B2232A916DB44351A6C5F941D7CB35EF45005C.JPEG",
    "cantidad_archivos": 1,
    "archivos_fuente": [
      "Pictures/Fototeca de Fotos.photoslibrary/resources/derivatives/masters/B/B2232A91-6DB4-4351-A6C5-F941D7CB35EF_4_5005_c.jpeg"
    ],
    "ultima_modificacion": "2025-08-01 01:01:18.205460"
  },
  "b8d6282ec35d49c58d031b77d1ba8f8245005c.jpeg": {
    "app_sintetizada": "B8D6282EC35D49C58D031B77D1BA8F8245005C.JPEG",
    "cantidad_archivos": 1,
    "archivos_fuente": [
      "Pictures/Fototeca de Fotos.photoslibrary/resources/derivatives/masters/B/B8D6282E-C35D-49C5-8D03-1B77D1BA8F82_4_5005_c.jpeg"
    ],
    "ultima_modificacion": "2025-08-01 01:01:18.205772"
  },
  "b9650ee231b1422e9664e8806719052d45005c.jpeg": {
    "app_sintetizada": "B9650EE231B1422E9664E8806719052D45005C.JPEG",
    "cantidad_archivos": 1,
    "archivos_fuente": [
      "Pictures/Fototeca de Fotos.photoslibrary/resources/derivatives/masters/B/B9650EE2-31B1-422E-9664-E8806719052D_4_5005_c.jpeg"
    ],
    "ultima_modificacion": "2025-08-01 01:01:18.206102"
  },
  "bcca47e40b2443fd814e1932ade3ba8445005c.jpeg": {
    "app_sintetizada": "BCCA47E40B2443FD814E1932ADE3BA8445005C.JPEG",
    "cantidad_archivos": 1,
    "archivos_fuente": [
      "Pictures/Fototeca de Fotos.photoslibrary/resources/derivatives/masters/B/BCCA47E4-0B24-43FD-814E-1932ADE3BA84_4_5005_c.jpeg"
    ],
    "ultima_modificacion": "2025-08-01 01:01:18.206429"
  },
  "b010cfca14404145aae6c8e71f25925a45005c.jpeg": {
    "app_sintetizada": "B010CFCA14404145AAE6C8E71F25925A45005C.JPEG",
    "cantidad_archivos": 1,
    "archivos_fuente": [
      "Pictures/Fototeca de Fotos.photoslibrary/resources/derivatives/masters/B/B010CFCA-1440-4145-AAE6-C8E71F25925A_4_5005_c.jpeg"
    ],
    "ultima_modificacion": "2025-08-01 01:01:18.206793"
  },
  "bcbc82237d92469f89af285b44cb966a45005c.jpeg": {
    "app_sintetizada": "BCBC82237D92469F89AF285B44CB966A45005C.JPEG",
    "cantidad_archivos": 1,
    "archivos_fuente": [
      "Pictures/Fototeca de Fotos.photoslibrary/resources/derivatives/masters/B/BCBC8223-7D92-469F-89AF-285B44CB966A_4_5005_c.jpeg"
    ],
    "ultima_modificacion": "2025-08-01 01:01:18.207131"
  },
  "b11d3763d40b48719dd15031d37df15045005c.jpeg": {
    "app_sintetizada": "B11D3763D40B48719DD15031D37DF15045005C.JPEG",
    "cantidad_archivos": 1,
    "archivos_fuente": [
      "Pictures/Fototeca de Fotos.photoslibrary/resources/derivatives/masters/B/B11D3763-D40B-4871-9DD1-5031D37DF150_4_5005_c.jpeg"
    ],
    "ultima_modificacion": "2025-08-01 01:01:18.207474"
  },
  "b4af10bff66945f197699b39a822566545005c.jpeg": {
    "app_sintetizada": "B4AF10BFF66945F197699B39A822566545005C.JPEG",
    "cantidad_archivos": 1,
    "archivos_fuente": [
      "Pictures/Fototeca de Fotos.photoslibrary/resources/derivatives/masters/B/B4AF10BF-F669-45F1-9769-9B39A8225665_4_5005_c.jpeg"
    ],
    "ultima_modificacion": "2025-08-01 01:01:18.207809"
  },
  "bce018ce734a4ad4a2c85934075dff2445005c.jpeg": {
    "app_sintetizada": "BCE018CE734A4AD4A2C85934075DFF2445005C.JPEG",
    "cantidad_archivos": 1,
    "archivos_fuente": [
      "Pictures/Fototeca de Fotos.photoslibrary/resources/derivatives/masters/B/BCE018CE-734A-4AD4-A2C8-5934075DFF24_4_5005_c.jpeg"
    ],
    "ultima_modificacion": "2025-08-01 01:01:18.208160"
  },
  "b788527ec9514a95998f8f67da2a1c5245005c.jpeg": {
    "app_sintetizada": "B788527EC9514A95998F8F67DA2A1C5245005C.JPEG",
    "cantidad_archivos": 1,
    "archivos_fuente": [
      "Pictures/Fototeca de Fotos.photoslibrary/resources/derivatives/masters/B/B788527E-C951-4A95-998F-8F67DA2A1C52_4_5005_c.jpeg"
    ],
    "ultima_modificacion": "2025-08-01 01:01:18.208497"
  },
  "bc6b0884f3354686bb401d0677c16f4d45005c.jpeg": {
    "app_sintetizada": "BC6B0884F3354686BB401D0677C16F4D45005C.JPEG",
    "cantidad_archivos": 1,
    "archivos_fuente": [
      "Pictures/Fototeca de Fotos.photoslibrary/resources/derivatives/masters/B/BC6B0884-F335-4686-BB40-1D0677C16F4D_4_5005_c.jpeg"
    ],
    "ultima_modificacion": "2025-08-01 01:01:18.208867"
  },
  "b004199f5cd8456ebcfbeecde087552f45005c.jpeg": {
    "app_sintetizada": "B004199F5CD8456EBCFBEECDE087552F45005C.JPEG",
    "cantidad_archivos": 1,
    "archivos_fuente": [
      "Pictures/Fototeca de Fotos.photoslibrary/resources/derivatives/masters/B/B004199F-5CD8-456E-BCFB-EECDE087552F_4_5005_c.jpeg"
    ],
    "ultima_modificacion": "2025-08-01 01:01:18.209203"
  },
  "b8ad40aec9f540a7b3e3a2b9154f6ee645005c.jpeg": {
    "app_sintetizada": "B8AD40AEC9F540A7B3E3A2B9154F6EE645005C.JPEG",
    "cantidad_archivos": 1,
    "archivos_fuente": [
      "Pictures/Fototeca de Fotos.photoslibrary/resources/derivatives/masters/B/B8AD40AE-C9F5-40A7-B3E3-A2B9154F6EE6_4_5005_c.jpeg"
    ],
    "ultima_modificacion": "2025-08-01 01:01:18.209569"
  },
  "bd237be5fe164f6790e4ae487b1cb34445005c.jpeg": {
    "app_sintetizada": "BD237BE5FE164F6790E4AE487B1CB34445005C.JPEG",
    "cantidad_archivos": 1,
    "archivos_fuente": [
      "Pictures/Fototeca de Fotos.photoslibrary/resources/derivatives/masters/B/BD237BE5-FE16-4F67-90E4-AE487B1CB344_4_5005_c.jpeg"
    ],
    "ultima_modificacion": "2025-08-01 01:01:18.209922"
  },
  "bc06dcab58bf49d792ad0b916554bd9045005c.jpeg": {
    "app_sintetizada": "BC06DCAB58BF49D792AD0B916554BD9045005C.JPEG",
    "cantidad_archivos": 1,
    "archivos_fuente": [
      "Pictures/Fototeca de Fotos.photoslibrary/resources/derivatives/masters/B/BC06DCAB-58BF-49D7-92AD-0B916554BD90_4_5005_c.jpeg"
    ],
    "ultima_modificacion": "2025-08-01 01:01:18.210253"
  },
  "bd1765b67e9f4e73989e81575c08b4cc45005c.jpeg": {
    "app_sintetizada": "BD1765B67E9F4E73989E81575C08B4CC45005C.JPEG",
    "cantidad_archivos": 1,
    "archivos_fuente": [
      "Pictures/Fototeca de Fotos.photoslibrary/resources/derivatives/masters/B/BD1765B6-7E9F-4E73-989E-81575C08B4CC_4_5005_c.jpeg"
    ],
    "ultima_modificacion": "2025-08-01 01:01:18.211138"
  },
  "bdda87fc05bd45389d2567c9ea6c320345005c.jpeg": {
    "app_sintetizada": "BDDA87FC05BD45389D2567C9EA6C320345005C.JPEG",
    "cantidad_archivos": 1,
    "archivos_fuente": [
      "Pictures/Fototeca de Fotos.photoslibrary/resources/derivatives/masters/B/BDDA87FC-05BD-4538-9D25-67C9EA6C3203_4_5005_c.jpeg"
    ],
    "ultima_modificacion": "2025-08-01 01:01:18.211524"
  },
  "ba2e769cc7e345d89025c11bd885c76145005c.jpeg": {
    "app_sintetizada": "BA2E769CC7E345D89025C11BD885C76145005C.JPEG",
    "cantidad_archivos": 1,
    "archivos_fuente": [
      "Pictures/Fototeca de Fotos.photoslibrary/resources/derivatives/masters/B/BA2E769C-C7E3-45D8-9025-C11BD885C761_4_5005_c.jpeg"
    ],
    "ultima_modificacion": "2025-08-01 01:01:18.211846"
  },
  "be1dfa040fc641eb88f886a0d7cb802e45005c.jpeg": {
    "app_sintetizada": "BE1DFA040FC641EB88F886A0D7CB802E45005C.JPEG",
    "cantidad_archivos": 1,
    "archivos_fuente": [
      "Pictures/Fototeca de Fotos.photoslibrary/resources/derivatives/masters/B/BE1DFA04-0FC6-41EB-88F8-86A0D7CB802E_4_5005_c.jpeg"
    ],
    "ultima_modificacion": "2025-08-01 01:01:18.212157"
  },
  "b200a611987d4558980e12b6f96a77a645005c.jpeg": {
    "app_sintetizada": "B200A611987D4558980E12B6F96A77A645005C.JPEG",
    "cantidad_archivos": 1,
    "archivos_fuente": [
      "Pictures/Fototeca de Fotos.photoslibrary/resources/derivatives/masters/B/B200A611-987D-4558-980E-12B6F96A77A6_4_5005_c.jpeg"
    ],
    "ultima_modificacion": "2025-08-01 01:01:18.212467"
  },
  "beb9e68c8c92454686873a52aeea01b845005c.jpeg": {
    "app_sintetizada": "BEB9E68C8C92454686873A52AEEA01B845005C.JPEG",
    "cantidad_archivos": 1,
    "archivos_fuente": [
      "Pictures/Fototeca de Fotos.photoslibrary/resources/derivatives/masters/B/BEB9E68C-8C92-4546-8687-3A52AEEA01B8_4_5005_c.jpeg"
    ],
    "ultima_modificacion": "2025-08-01 01:01:18.212708"
  },
  "b95279d418c745c5b67a2a08f32fc20745005c.jpeg": {
    "app_sintetizada": "B95279D418C745C5B67A2A08F32FC20745005C.JPEG",
    "cantidad_archivos": 1,
    "archivos_fuente": [
      "Pictures/Fototeca de Fotos.photoslibrary/resources/derivatives/masters/B/B95279D4-18C7-45C5-B67A-2A08F32FC207_4_5005_c.jpeg"
    ],
    "ultima_modificacion": "2025-08-01 01:01:18.212941"
  },
  "b6a78903bd3e4b88baf9887cde99e22b45005c.jpeg": {
    "app_sintetizada": "B6A78903BD3E4B88BAF9887CDE99E22B45005C.JPEG",
    "cantidad_archivos": 1,
    "archivos_fuente": [
      "Pictures/Fototeca de Fotos.photoslibrary/resources/derivatives/masters/B/B6A78903-BD3E-4B88-BAF9-887CDE99E22B_4_5005_c.jpeg"
    ],
    "ultima_modificacion": "2025-08-01 01:01:18.213173"
  },
  "bb182547c6054206b84d03925fb2ae8045005c.jpeg": {
    "app_sintetizada": "BB182547C6054206B84D03925FB2AE8045005C.JPEG",
    "cantidad_archivos": 1,
    "archivos_fuente": [
      "Pictures/Fototeca de Fotos.photoslibrary/resources/derivatives/masters/B/BB182547-C605-4206-B84D-03925FB2AE80_4_5005_c.jpeg"
    ],
    "ultima_modificacion": "2025-08-01 01:01:18.213414"
  },
  "b9bb3841027e4b4282b790389d46341645005c.jpeg": {
    "app_sintetizada": "B9BB3841027E4B4282B790389D46341645005C.JPEG",
    "cantidad_archivos": 1,
    "archivos_fuente": [
      "Pictures/Fototeca de Fotos.photoslibrary/resources/derivatives/masters/B/B9BB3841-027E-4B42-82B7-90389D463416_4_5005_c.jpeg"
    ],
    "ultima_modificacion": "2025-08-01 01:01:18.213633"
  },
  "b63538f2e2e04be18476ca72bf2e04ff45005c.jpeg": {
    "app_sintetizada": "B63538F2E2E04BE18476CA72BF2E04FF45005C.JPEG",
    "cantidad_archivos": 1,
    "archivos_fuente": [
      "Pictures/Fototeca de Fotos.photoslibrary/resources/derivatives/masters/B/B63538F2-E2E0-4BE1-8476-CA72BF2E04FF_4_5005_c.jpeg"
    ],
    "ultima_modificacion": "2025-08-01 01:01:18.213850"
  },
  "b9d502625871466a946bee553286b5c245005c.jpeg": {
    "app_sintetizada": "B9D502625871466A946BEE553286B5C245005C.JPEG",
    "cantidad_archivos": 1,
    "archivos_fuente": [
      "Pictures/Fototeca de Fotos.photoslibrary/resources/derivatives/masters/B/B9D50262-5871-466A-946B-EE553286B5C2_4_5005_c.jpeg"
    ],
    "ultima_modificacion": "2025-08-01 01:01:18.214062"
  },
  "b185b55634584cc39901c7ecef99531e45005c.jpeg": {
    "app_sintetizada": "B185B55634584CC39901C7ECEF99531E45005C.JPEG",
    "cantidad_archivos": 1,
    "archivos_fuente": [
      "Pictures/Fototeca de Fotos.photoslibrary/resources/derivatives/masters/B/B185B556-3458-4CC3-9901-C7ECEF99531E_4_5005_c.jpeg"
    ],
    "ultima_modificacion": "2025-08-01 01:01:18.214283"
  },
  "b2e7e98b1ca04cd3bbc22e5947526dac45005c.jpeg": {
    "app_sintetizada": "B2E7E98B1CA04CD3BBC22E5947526DAC45005C.JPEG",
    "cantidad_archivos": 1,
    "archivos_fuente": [
      "Pictures/Fototeca de Fotos.photoslibrary/resources/derivatives/masters/B/B2E7E98B-1CA0-4CD3-BBC2-2E5947526DAC_4_5005_c.jpeg"
    ],
    "ultima_modificacion": "2025-08-01 01:01:18.214499"
  },
  "b5e9a9b296ab4e97a1695907cb96a84245005c.jpeg": {
    "app_sintetizada": "B5E9A9B296AB4E97A1695907CB96A84245005C.JPEG",
    "cantidad_archivos": 1,
    "archivos_fuente": [
      "Pictures/Fototeca de Fotos.photoslibrary/resources/derivatives/masters/B/B5E9A9B2-96AB-4E97-A169-5907CB96A842_4_5005_c.jpeg"
    ],
    "ultima_modificacion": "2025-08-01 01:01:18.214729"
  },
  "bc81988759ca47829d2d37b77f940ff545005c.jpeg": {
    "app_sintetizada": "BC81988759CA47829D2D37B77F940FF545005C.JPEG",
    "cantidad_archivos": 1,
    "archivos_fuente": [
      "Pictures/Fototeca de Fotos.photoslibrary/resources/derivatives/masters/B/BC819887-59CA-4782-9D2D-37B77F940FF5_4_5005_c.jpeg"
    ],
    "ultima_modificacion": "2025-08-01 01:01:18.214953"
  },
  "b3b2bfd89cfd4472a3ca03135ccdceb945005c.jpeg": {
    "app_sintetizada": "B3B2BFD89CFD4472A3CA03135CCDCEB945005C.JPEG",
    "cantidad_archivos": 1,
    "archivos_fuente": [
      "Pictures/Fototeca de Fotos.photoslibrary/resources/derivatives/masters/B/B3B2BFD8-9CFD-4472-A3CA-03135CCDCEB9_4_5005_c.jpeg"
    ],
    "ultima_modificacion": "2025-08-01 01:01:18.215273"
  },
  "b25dc4bdd28b467a86fec064abf93ed645005c.jpeg": {
    "app_sintetizada": "B25DC4BDD28B467A86FEC064ABF93ED645005C.JPEG",
    "cantidad_archivos": 1,
    "archivos_fuente": [
      "Pictures/Fototeca de Fotos.photoslibrary/resources/derivatives/masters/B/B25DC4BD-D28B-467A-86FE-C064ABF93ED6_4_5005_c.jpeg"
    ],
    "ultima_modificacion": "2025-08-01 01:01:18.215639"
  },
  "b72ee4eec1de4778a84dd836e46298c745005c.jpeg": {
    "app_sintetizada": "B72EE4EEC1DE4778A84DD836E46298C745005C.JPEG",
    "cantidad_archivos": 1,
    "archivos_fuente": [
      "Pictures/Fototeca de Fotos.photoslibrary/resources/derivatives/masters/B/B72EE4EE-C1DE-4778-A84D-D836E46298C7_4_5005_c.jpeg"
    ],
    "ultima_modificacion": "2025-08-01 01:01:18.216012"
  },
  "be14c00ec1a64813ab99447d840d354e45005c.jpeg": {
    "app_sintetizada": "BE14C00EC1A64813AB99447D840D354E45005C.JPEG",
    "cantidad_archivos": 1,
    "archivos_fuente": [
      "Pictures/Fototeca de Fotos.photoslibrary/resources/derivatives/masters/B/BE14C00E-C1A6-4813-AB99-447D840D354E_4_5005_c.jpeg"
    ],
    "ultima_modificacion": "2025-08-01 01:01:18.216289"
  }
}