{
  "a730370181b949c0a8b78a4f3957e31f45005c.jpeg": {
    "app_sintetizada": "A730370181B949C0A8B78A4F3957E31F45005C.JPEG",
    "cantidad_archivos": 1,
    "archivos_fuente": [
      "Pictures/Fototeca de Fotos.photoslibrary/resources/derivatives/masters/A/A7303701-81B9-49C0-A8B7-8A4F3957E31F_4_5005_c.jpeg"
    ],
    "ultima_modificacion": "2025-08-01 01:01:11.747051"
  },
  "a4e30d5908ef4304a4e86ff77ac9357045005c.jpeg": {
    "app_sintetizada": "A4E30D5908EF4304A4E86FF77AC9357045005C.JPEG",
    "cantidad_archivos": 1,
    "archivos_fuente": [
      "Pictures/Fototeca de Fotos.photoslibrary/resources/derivatives/masters/A/A4E30D59-08EF-4304-A4E8-6FF77AC93570_4_5005_c.jpeg"
    ],
    "ultima_modificacion": "2025-08-01 01:01:11.747380"
  },
  "a767300bfdd748fbb2eed13177768a0145005c.jpeg": {
    "app_sintetizada": "A767300BFDD748FBB2EED13177768A0145005C.JPEG",
    "cantidad_archivos": 1,
    "archivos_fuente": [
      "Pictures/Fototeca de Fotos.photoslibrary/resources/derivatives/masters/A/A767300B-FDD7-48FB-B2EE-D13177768A01_4_5005_c.jpeg"
    ],
    "ultima_modificacion": "2025-08-01 01:01:11.747700"
  },
  "a43f51cf90cf44f8ba0c66ef72f0af1045005c.jpeg": {
    "app_sintetizada": "A43F51CF90CF44F8BA0C66EF72F0AF1045005C.JPEG",
    "cantidad_archivos": 1,
    "archivos_fuente": [
      "Pictures/Fototeca de Fotos.photoslibrary/resources/derivatives/masters/A/A43F51CF-90CF-44F8-BA0C-66EF72F0AF10_4_5005_c.jpeg"
    ],
    "ultima_modificacion": "2025-08-01 01:01:11.748051"
  },
  "a38e583a08294d64924f83c0a936a99245005c.jpeg": {
    "app_sintetizada": "A38E583A08294D64924F83C0A936A99245005C.JPEG",
    "cantidad_archivos": 1,
    "archivos_fuente": [
      "Pictures/Fototeca de Fotos.photoslibrary/resources/derivatives/masters/A/A38E583A-0829-4D64-924F-83C0A936A992_4_5005_c.jpeg"
    ],
    "ultima_modificacion": "2025-08-01 01:01:11.748397"
  },
  "a488832ac9ec4d84a4471e98dec9f6ac45005c.jpeg": {
    "app_sintetizada": "A488832AC9EC4D84A4471E98DEC9F6AC45005C.JPEG",
    "cantidad_archivos": 1,
    "archivos_fuente": [
      "Pictures/Fototeca de Fotos.photoslibrary/resources/derivatives/masters/A/A488832A-C9EC-4D84-A447-1E98DEC9F6AC_4_5005_c.jpeg"
    ],
    "ultima_modificacion": "2025-08-01 01:01:11.748733"
  },
  "aeb52f90e68f4eed91dc005083c270c645005c.jpeg": {
    "app_sintetizada": "AEB52F90E68F4EED91DC005083C270C645005C.JPEG",
    "cantidad_archivos": 1,
    "archivos_fuente": [
      "Pictures/Fototeca de Fotos.photoslibrary/resources/derivatives/masters/A/AEB52F90-E68F-4EED-91DC-005083C270C6_4_5005_c.jpeg"
    ],
    "ultima_modificacion": "2025-08-01 01:01:11.749044"
  },
  "a9ffeab71cd94f5ab28485bc489562ae45005c.jpeg": {
    "app_sintetizada": "A9FFEAB71CD94F5AB28485BC489562AE45005C.JPEG",
    "cantidad_archivos": 1,
    "archivos_fuente": [
      "Pictures/Fototeca de Fotos.photoslibrary/resources/derivatives/masters/A/A9FFEAB7-1CD9-4F5A-B284-85BC489562AE_4_5005_c.jpeg"
    ],
    "ultima_modificacion": "2025-08-01 01:01:11.749367"
  },
  "a59f5425c39246679fd25734759ee37a45005c.jpeg": {
    "app_sintetizada": "A59F5425C39246679FD25734759EE37A45005C.JPEG",
    "cantidad_archivos": 1,
    "archivos_fuente": [
      "Pictures/Fototeca de Fotos.photoslibrary/resources/derivatives/masters/A/A59F5425-C392-4667-9FD2-5734759EE37A_4_5005_c.jpeg"
    ],
    "ultima_modificacion": "2025-08-01 01:01:11.749676"
  },
  "a18e93c014114e1881a5a441f641050c45005c.jpeg": {
    "app_sintetizada": "A18E93C014114E1881A5A441F641050C45005C.JPEG",
    "cantidad_archivos": 1,
    "archivos_fuente": [
      "Pictures/Fototeca de Fotos.photoslibrary/resources/derivatives/masters/A/A18E93C0-1411-4E18-81A5-A441F641050C_4_5005_c.jpeg"
    ],
    "ultima_modificacion": "2025-08-01 01:01:11.750038"
  },
  "a38295addb824a579874f983ce78e27945005c.jpeg": {
    "app_sintetizada": "A38295ADDB824A579874F983CE78E27945005C.JPEG",
    "cantidad_archivos": 1,
    "archivos_fuente": [
      "Pictures/Fototeca de Fotos.photoslibrary/resources/derivatives/masters/A/A38295AD-DB82-4A57-9874-F983CE78E279_4_5005_c.jpeg"
    ],
    "ultima_modificacion": "2025-08-01 01:01:11.750386"
  },
  "acee5d6f3a9f44e49edbc085dac6dadf45005c.jpeg": {
    "app_sintetizada": "ACEE5D6F3A9F44E49EDBC085DAC6DADF45005C.JPEG",
    "cantidad_archivos": 1,
    "archivos_fuente": [
      "Pictures/Fototeca de Fotos.photoslibrary/resources/derivatives/masters/A/ACEE5D6F-3A9F-44E4-9EDB-C085DAC6DADF_4_5005_c.jpeg"
    ],
    "ultima_modificacion": "2025-08-01 01:01:11.750717"
  },
  "a9103625b2f54d64abae121ac5448e5445005c.jpeg": {
    "app_sintetizada": "A9103625B2F54D64ABAE121AC5448E5445005C.JPEG",
    "cantidad_archivos": 1,
    "archivos_fuente": [
      "Pictures/Fototeca de Fotos.photoslibrary/resources/derivatives/masters/A/A9103625-B2F5-4D64-ABAE-121AC5448E54_4_5005_c.jpeg"
    ],
    "ultima_modificacion": "2025-08-01 01:01:11.751068"
  },
  "abf4713ef9414619b26c85eff877703645005c.jpeg": {
    "app_sintetizada": "ABF4713EF9414619B26C85EFF877703645005C.JPEG",
    "cantidad_archivos": 1,
    "archivos_fuente": [
      "Pictures/Fototeca de Fotos.photoslibrary/resources/derivatives/masters/A/ABF4713E-F941-4619-B26C-85EFF8777036_4_5005_c.jpeg"
    ],
    "ultima_modificacion": "2025-08-01 01:01:11.751421"
  },
  "a64fe937726e4381a6b656c1c503187145005c.jpeg": {
    "app_sintetizada": "A64FE937726E4381A6B656C1C503187145005C.JPEG",
    "cantidad_archivos": 1,
    "archivos_fuente": [
      "Pictures/Fototeca de Fotos.photoslibrary/resources/derivatives/masters/A/A64FE937-726E-4381-A6B6-56C1C5031871_4_5005_c.jpeg"
    ],
    "ultima_modificacion": "2025-08-01 01:01:11.751764"
  },
  "a18414d4a56a426cbd4290375dd277bd45005c.jpeg": {
    "app_sintetizada": "A18414D4A56A426CBD4290375DD277BD45005C.JPEG",
    "cantidad_archivos": 1,
    "archivos_fuente": [
      "Pictures/Fototeca de Fotos.photoslibrary/resources/derivatives/masters/A/A18414D4-A56A-426C-BD42-90375DD277BD_4_5005_c.jpeg"
    ],
    "ultima_modificacion": "2025-08-01 01:01:11.752101"
  },
  "afb90598b79e472899f5c6215a77f29745005c.jpeg": {
    "app_sintetizada": "AFB90598B79E472899F5C6215A77F29745005C.JPEG",
    "cantidad_archivos": 1,
    "archivos_fuente": [
      "Pictures/Fototeca de Fotos.photoslibrary/resources/derivatives/masters/A/AFB90598-B79E-4728-99F5-C6215A77F297_4_5005_c.jpeg"
    ],
    "ultima_modificacion": "2025-08-01 01:01:11.752436"
  },
  "afb1c317decb40439cc8c42e6dd24d2d45005c.jpeg": {
    "app_sintetizada": "AFB1C317DECB40439CC8C42E6DD24D2D45005C.JPEG",
    "cantidad_archivos": 1,
    "archivos_fuente": [
      "Pictures/Fototeca de Fotos.photoslibrary/resources/derivatives/masters/A/AFB1C317-DECB-4043-9CC8-C42E6DD24D2D_4_5005_c.jpeg"
    ],
    "ultima_modificacion": "2025-08-01 01:01:11.752774"
  },
  "adbf8cbfd602420b9cf2673fef32ec0a45005c.jpeg": {
    "app_sintetizada": "ADBF8CBFD602420B9CF2673FEF32EC0A45005C.JPEG",
    "cantidad_archivos": 1,
    "archivos_fuente": [
      "Pictures/Fototeca de Fotos.photoslibrary/resources/derivatives/masters/A/ADBF8CBF-D602-420B-9CF2-673FEF32EC0A_4_5005_c.jpeg"
    ],
    "ultima_modificacion": "2025-08-01 01:01:11.753121"
  },
  "ae5514ae2e154c9eb063d3807a1be20a45005c.jpeg": {
    "app_sintetizada": "AE5514AE2E154C9EB063D3807A1BE20A45005C.JPEG",
    "cantidad_archivos": 1,
    "archivos_fuente": [
      "Pictures/Fototeca de Fotos.photoslibrary/resources/derivatives/masters/A/AE5514AE-2E15-4C9E-B063-D3807A1BE20A_4_5005_c.jpeg"
    ],
    "ultima_modificacion": "2025-08-01 01:01:11.753435"
  },
  "a50014134fa748c68810c284c8f6b73e45005c.jpeg": {
    "app_sintetizada": "A50014134FA748C68810C284C8F6B73E45005C.JPEG",
    "cantidad_archivos": 1,
    "archivos_fuente": [
      "Pictures/Fototeca de Fotos.photoslibrary/resources/derivatives/masters/A/A5001413-4FA7-48C6-8810-C284C8F6B73E_4_5005_c.jpeg"
    ],
    "ultima_modificacion": "2025-08-01 01:01:11.753759"
  },
  "a618be4ed7814b918f53d90918bb401145005c.jpeg": {
    "app_sintetizada": "A618BE4ED7814B918F53D90918BB401145005C.JPEG",
    "cantidad_archivos": 1,
    "archivos_fuente": [
      "Pictures/Fototeca de Fotos.photoslibrary/resources/derivatives/masters/A/A618BE4E-D781-4B91-8F53-D90918BB4011_4_5005_c.jpeg"
    ],
    "ultima_modificacion": "2025-08-01 01:01:11.754166"
  },
  "ad8dc7ea9dd94514af492662fa78261345005c.jpeg": {
    "app_sintetizada": "AD8DC7EA9DD94514AF492662FA78261345005C.JPEG",
    "cantidad_archivos": 1,
    "archivos_fuente": [
      "Pictures/Fototeca de Fotos.photoslibrary/resources/derivatives/masters/A/AD8DC7EA-9DD9-4514-AF49-2662FA782613_4_5005_c.jpeg"
    ],
    "ultima_modificacion": "2025-08-01 01:01:11.754503"
  },
  "a91751b617bf410a8425c9a454799de045005c.jpeg": {
    "app_sintetizada": "A91751B617BF410A8425C9A454799DE045005C.JPEG",
    "cantidad_archivos": 1,
    "archivos_fuente": [
      "Pictures/Fototeca de Fotos.photoslibrary/resources/derivatives/masters/A/A91751B6-17BF-410A-8425-C9A454799DE0_4_5005_c.jpeg"
    ],
    "ultima_modificacion": "2025-08-01 01:01:11.754834"
  },
  "a6ce9d0f7bd54fa99c4bb81201493e4a45005c.jpeg": {
    "app_sintetizada": "A6CE9D0F7BD54FA99C4BB81201493E4A45005C.JPEG",
    "cantidad_archivos": 1,
    "archivos_fuente": [
      "Pictures/Fototeca de Fotos.photoslibrary/resources/derivatives/masters/A/A6CE9D0F-7BD5-4FA9-9C4B-B81201493E4A_4_5005_c.jpeg"
    ],
    "ultima_modificacion": "2025-08-01 01:01:11.755202"
  },
  "a653da6b909046cd8fae46b61c283d5c45005c.jpeg": {
    "app_sintetizada": "A653DA6B909046CD8FAE46B61C283D5C45005C.JPEG",
    "cantidad_archivos": 1,
    "archivos_fuente": [
      "Pictures/Fototeca de Fotos.photoslibrary/resources/derivatives/masters/A/A653DA6B-9090-46CD-8FAE-46B61C283D5C_4_5005_c.jpeg"
    ],
    "ultima_modificacion": "2025-08-01 01:01:11.755614"
  },
  "a64208179dc2485499d37942b5e6e1f245005c.jpeg": {
    "app_sintetizada": "A64208179DC2485499D37942B5E6E1F245005C.JPEG",
    "cantidad_archivos": 1,
    "archivos_fuente": [
      "Pictures/Fototeca de Fotos.photoslibrary/resources/derivatives/masters/A/A6420817-9DC2-4854-99D3-7942B5E6E1F2_4_5005_c.jpeg"
    ],
    "ultima_modificacion": "2025-08-01 01:01:11.756106"
  },
  "a3f09c84bbe04cffbe8f5d6eeb48ead745005c.jpeg": {
    "app_sintetizada": "A3F09C84BBE04CFFBE8F5D6EEB48EAD745005C.JPEG",
    "cantidad_archivos": 1,
    "archivos_fuente": [
      "Pictures/Fototeca de Fotos.photoslibrary/resources/derivatives/masters/A/A3F09C84-BBE0-4CFF-BE8F-5D6EEB48EAD7_4_5005_c.jpeg"
    ],
    "ultima_modificacion": "2025-08-01 01:01:11.756569"
  },
  "a8afd5caef8846f6931945f6fc4d8d7245005c.jpeg": {
    "app_sintetizada": "A8AFD5CAEF8846F6931945F6FC4D8D7245005C.JPEG",
    "cantidad_archivos": 1,
    "archivos_fuente": [
      "Pictures/Fototeca de Fotos.photoslibrary/resources/derivatives/masters/A/A8AFD5CA-EF88-46F6-9319-45F6FC4D8D72_4_5005_c.jpeg"
    ],
    "ultima_modificacion": "2025-08-01 01:01:11.756931"
  },
  "ab92cd5c346f442c87072b69890008bf45005c.jpeg": {
    "app_sintetizada": "AB92CD5C346F442C87072B69890008BF45005C.JPEG",
    "cantidad_archivos": 1,
    "archivos_fuente": [
      "Pictures/Fototeca de Fotos.photoslibrary/resources/derivatives/masters/A/AB92CD5C-346F-442C-8707-2B69890008BF_4_5005_c.jpeg"
    ],
    "ultima_modificacion": "2025-08-01 01:01:11.757369"
  },
  "a3c96d89c999437fa66b6afe76a5213d45005c.jpeg": {
    "app_sintetizada": "A3C96D89C999437FA66B6AFE76A5213D45005C.JPEG",
    "cantidad_archivos": 1,
    "archivos_fuente": [
      "Pictures/Fototeca de Fotos.photoslibrary/resources/derivatives/masters/A/A3C96D89-C999-437F-A66B-6AFE76A5213D_4_5005_c.jpeg"
    ],
    "ultima_modificacion": "2025-08-01 01:01:11.757724"
  },
  "af63ed4c74ec45e99ea84ef58e7b555045005c.jpeg": {
    "app_sintetizada": "AF63ED4C74EC45E99EA84EF58E7B555045005C.JPEG",
    "cantidad_archivos": 1,
    "archivos_fuente": [
      "Pictures/Fototeca de Fotos.photoslibrary/resources/derivatives/masters/A/AF63ED4C-74EC-45E9-9EA8-4EF58E7B5550_4_5005_c.jpeg"
    ],
    "ultima_modificacion": "2025-08-01 01:01:11.758079"
  },
  "ac1dd455749a4bbda1a2ae8e40a791ce45005c.jpeg": {
    "app_sintetizada": "AC1DD455749A4BBDA1A2AE8E40A791CE45005C.JPEG",
    "cantidad_archivos": 1,
    "archivos_fuente": [
      "Pictures/Fototeca de Fotos.photoslibrary/resources/derivatives/masters/A/AC1DD455-749A-4BBD-A1A2-AE8E40A791CE_4_5005_c.jpeg"
    ],
    "ultima_modificacion": "2025-08-01 01:01:11.758407"
  },
  "a4857fe673974cdc917a5078ce761f8945005c.jpeg": {
    "app_sintetizada": "A4857FE673974CDC917A5078CE761F8945005C.JPEG",
    "cantidad_archivos": 1,
    "archivos_fuente": [
      "Pictures/Fototeca de Fotos.photoslibrary/resources/derivatives/masters/A/A4857FE6-7397-4CDC-917A-5078CE761F89_4_5005_c.jpeg"
    ],
    "ultima_modificacion": "2025-08-01 01:01:11.758749"
  },
  "ae42102e02c74035a03733e13c5fe7b245005c.jpeg": {
    "app_sintetizada": "AE42102E02C74035A03733E13C5FE7B245005C.JPEG",
    "cantidad_archivos": 1,
    "archivos_fuente": [
      "Pictures/Fototeca de Fotos.photoslibrary/resources/derivatives/masters/A/AE42102E-02C7-4035-A037-33E13C5FE7B2_4_5005_c.jpeg"
    ],
    "ultima_modificacion": "2025-08-01 01:01:11.759094"
  },
  "a34391574d8141328e1489c212ee5d0045005c.jpeg": {
    "app_sintetizada": "A34391574D8141328E1489C212EE5D0045005C.JPEG",
    "cantidad_archivos": 1,
    "archivos_fuente": [
      "Pictures/Fototeca de Fotos.photoslibrary/resources/derivatives/masters/A/A3439157-4D81-4132-8E14-89C212EE5D00_4_5005_c.jpeg"
    ],
    "ultima_modificacion": "2025-08-01 01:01:11.759431"
  },
  "ab8b211c54ca462daf9169b8c259771545005c.jpeg": {
    "app_sintetizada": "AB8B211C54CA462DAF9169B8C259771545005C.JPEG",
    "cantidad_archivos": 1,
    "archivos_fuente": [
      "Pictures/Fototeca de Fotos.photoslibrary/resources/derivatives/masters/A/AB8B211C-54CA-462D-AF91-69B8C2597715_4_5005_c.jpeg"
    ],
    "ultima_modificacion": "2025-08-01 01:01:11.759763"
  },
  "aa8aec0b9b4b468a97a0779f1bfe606c45005c.jpeg": {
    "app_sintetizada": "AA8AEC0B9B4B468A97A0779F1BFE606C45005C.JPEG",
    "cantidad_archivos": 1,
    "archivos_fuente": [
      "Pictures/Fototeca de Fotos.photoslibrary/resources/derivatives/masters/A/AA8AEC0B-9B4B-468A-97A0-779F1BFE606C_4_5005_c.jpeg"
    ],
    "ultima_modificacion": "2025-08-01 01:01:11.760116"
  },
  "abb770e621944548b270d92d02eb52de45005c.jpeg": {
    "app_sintetizada": "ABB770E621944548B270D92D02EB52DE45005C.JPEG",
    "cantidad_archivos": 1,
    "archivos_fuente": [
      "Pictures/Fototeca de Fotos.photoslibrary/resources/derivatives/masters/A/ABB770E6-2194-4548-B270-D92D02EB52DE_4_5005_c.jpeg"
    ],
    "ultima_modificacion": "2025-08-01 01:01:11.760431"
  },
  "a31e92bdec0448c2bf439ae3fcaf461145005c.jpeg": {
    "app_sintetizada": "A31E92BDEC0448C2BF439AE3FCAF461145005C.JPEG",
    "cantidad_archivos": 1,
    "archivos_fuente": [
      "Pictures/Fototeca de Fotos.photoslibrary/resources/derivatives/masters/A/A31E92BD-EC04-48C2-BF43-9AE3FCAF4611_4_5005_c.jpeg"
    ],
    "ultima_modificacion": "2025-08-01 01:01:11.760756"
  },
  "a9bf95b3bfc047d3bde24eeaa3c3460d45005c.jpeg": {
    "app_sintetizada": "A9BF95B3BFC047D3BDE24EEAA3C3460D45005C.JPEG",
    "cantidad_archivos": 1,
    "archivos_fuente": [
      "Pictures/Fototeca de Fotos.photoslibrary/resources/derivatives/masters/A/A9BF95B3-BFC0-47D3-BDE2-4EEAA3C3460D_4_5005_c.jpeg"
    ],
    "ultima_modificacion": "2025-08-01 01:01:11.761085"
  },
  "a7f8b8fc6b234131a50f7f59f7c0073245005c.jpeg": {
    "app_sintetizada": "A7F8B8FC6B234131A50F7F59F7C0073245005C.JPEG",
    "cantidad_archivos": 1,
    "archivos_fuente": [
      "Pictures/Fototeca de Fotos.photoslibrary/resources/derivatives/masters/A/A7F8B8FC-6B23-4131-A50F-7F59F7C00732_4_5005_c.jpeg"
    ],
    "ultima_modificacion": "2025-08-01 01:01:11.761334"
  },
  "a5468090f55a4020a3d2015f659fe93945005c.jpeg": {
    "app_sintetizada": "A5468090F55A4020A3D2015F659FE93945005C.JPEG",
    "cantidad_archivos": 1,
    "archivos_fuente": [
      "Pictures/Fototeca de Fotos.photoslibrary/resources/derivatives/masters/A/A5468090-F55A-4020-A3D2-015F659FE939_4_5005_c.jpeg"
    ],
    "ultima_modificacion": "2025-08-01 01:01:11.761601"
  },
  "a982ec0d9acd478f929071bc020d77ff45005c.jpeg": {
    "app_sintetizada": "A982EC0D9ACD478F929071BC020D77FF45005C.JPEG",
    "cantidad_archivos": 1,
    "archivos_fuente": [
      "Pictures/Fototeca de Fotos.photoslibrary/resources/derivatives/masters/A/A982EC0D-9ACD-478F-9290-71BC020D77FF_4_5005_c.jpeg"
    ],
    "ultima_modificacion": "2025-08-01 01:01:11.761994"
  },
  "a2c13e9befea4bbdbec54a3b701e225445005c.jpeg": {
    "app_sintetizada": "A2C13E9BEFEA4BBDBEC54A3B701E225445005C.JPEG",
    "cantidad_archivos": 1,
    "archivos_fuente": [
      "Pictures/Fototeca de Fotos.photoslibrary/resources/derivatives/masters/A/A2C13E9B-EFEA-4BBD-BEC5-4A3B701E2254_4_5005_c.jpeg"
    ],
    "ultima_modificacion": "2025-08-01 01:01:11.762278"
  },
  "a5a66dee0a1d4648929e068c58cbec0045005c.jpeg": {
    "app_sintetizada": "A5A66DEE0A1D4648929E068C58CBEC0045005C.JPEG",
    "cantidad_archivos": 1,
    "archivos_fuente": [
      "Pictures/Fototeca de Fotos.photoslibrary/resources/derivatives/masters/A/A5A66DEE-0A1D-4648-929E-068C58CBEC00_4_5005_c.jpeg"
    ],
    "ultima_modificacion": "2025-08-01 01:01:11.762648"
  },
  "ad18c8a602eb480d94091aec83a81cc945005c.jpeg": {
    "app_sintetizada": "AD18C8A602EB480D94091AEC83A81CC945005C.JPEG",
    "cantidad_archivos": 1,
    "archivos_fuente": [
      "Pictures/Fototeca de Fotos.photoslibrary/resources/derivatives/masters/A/AD18C8A6-02EB-480D-9409-1AEC83A81CC9_4_5005_c.jpeg"
    ],
    "ultima_modificacion": "2025-08-01 01:01:11.762896"
  },
  "a6fddc45858f4d7b9983b8072337e9e445005c.jpeg": {
    "app_sintetizada": "A6FDDC45858F4D7B9983B8072337E9E445005C.JPEG",
    "cantidad_archivos": 1,
    "archivos_fuente": [
      "Pictures/Fototeca de Fotos.photoslibrary/resources/derivatives/masters/A/A6FDDC45-858F-4D7B-9983-B8072337E9E4_4_5005_c.jpeg"
    ],
    "ultima_modificacion": "2025-08-01 01:01:11.763152"
  },
  "a32afe3f0f5e4b78ad092eb254ce823745005c.jpeg": {
    "app_sintetizada": "A32AFE3F0F5E4B78AD092EB254CE823745005C.JPEG",
    "cantidad_archivos": 1,
    "archivos_fuente": [
      "Pictures/Fototeca de Fotos.photoslibrary/resources/derivatives/masters/A/A32AFE3F-0F5E-4B78-AD09-2EB254CE8237_4_5005_c.jpeg"
    ],
    "ultima_modificacion": "2025-08-01 01:01:11.763401"
  },
  "a3e7e60faeb044e7b4d5aad2e9a1dfe245005c.jpeg": {
    "app_sintetizada": "A3E7E60FAEB044E7B4D5AAD2E9A1DFE245005C.JPEG",
    "cantidad_archivos": 1,
    "archivos_fuente": [
      "Pictures/Fototeca de Fotos.photoslibrary/resources/derivatives/masters/A/A3E7E60F-AEB0-44E7-B4D5-AAD2E9A1DFE2_4_5005_c.jpeg"
    ],
    "ultima_modificacion": "2025-08-01 01:01:11.763669"
  },
  "aafc93c6921b432d92383598dda0829245005c.jpeg": {
    "app_sintetizada": "AAFC93C6921B432D92383598DDA0829245005C.JPEG",
    "cantidad_archivos": 1,
    "archivos_fuente": [
      "Pictures/Fototeca de Fotos.photoslibrary/resources/derivatives/masters/A/AAFC93C6-921B-432D-9238-3598DDA08292_4_5005_c.jpeg"
    ],
    "ultima_modificacion": "2025-08-01 01:01:11.763925"
  },
  "a27b65b4c82545dd8a4311d6ef2edaac45005c.jpeg": {
    "app_sintetizada": "A27B65B4C82545DD8A4311D6EF2EDAAC45005C.JPEG",
    "cantidad_archivos": 1,
    "archivos_fuente": [
      "Pictures/Fototeca de Fotos.photoslibrary/resources/derivatives/masters/A/A27B65B4-C825-45DD-8A43-11D6EF2EDAAC_4_5005_c.jpeg"
    ],
    "ultima_modificacion": "2025-08-01 01:01:11.764258"
  },
  "f01fd8dcc0e54b778b94285e530320b745005c.jpeg": {
    "app_sintetizada": "F01FD8DCC0E54B778B94285E530320B745005C.JPEG",
    "cantidad_archivos": 1,
    "archivos_fuente": [
      "Pictures/Fototeca de Fotos.photoslibrary/resources/derivatives/masters/F/F01FD8DC-C0E5-4B77-8B94-285E530320B7_4_5005_c.jpeg"
    ],
    "ultima_modificacion": "2025-08-01 01:01:11.764521"
  },
  "f39a0423c5a041d5aac86234aadfd74845005c.jpeg": {
    "app_sintetizada": "F39A0423C5A041D5AAC86234AADFD74845005C.JPEG",
    "cantidad_archivos": 1,
    "archivos_fuente": [
      "Pictures/Fototeca de Fotos.photoslibrary/resources/derivatives/masters/F/F39A0423-C5A0-41D5-AAC8-6234AADFD748_4_5005_c.jpeg"
    ],
    "ultima_modificacion": "2025-08-01 01:01:11.764819"
  },
  "f009f1788a6b466fb7493c1da9d2780e45005c.jpeg": {
    "app_sintetizada": "F009F1788A6B466FB7493C1DA9D2780E45005C.JPEG",
    "cantidad_archivos": 1,
    "archivos_fuente": [
      "Pictures/Fototeca de Fotos.photoslibrary/resources/derivatives/masters/F/F009F178-8A6B-466F-B749-3C1DA9D2780E_4_5005_c.jpeg"
    ],
    "ultima_modificacion": "2025-08-01 01:01:11.765080"
  },
  "fb31ccfbcf9e4bc5a1bcab0ca271f10c45005c.jpeg": {
    "app_sintetizada": "FB31CCFBCF9E4BC5A1BCAB0CA271F10C45005C.JPEG",
    "cantidad_archivos": 1,
    "archivos_fuente": [
      "Pictures/Fototeca de Fotos.photoslibrary/resources/derivatives/masters/F/FB31CCFB-CF9E-4BC5-A1BC-AB0CA271F10C_4_5005_c.jpeg"
    ],
    "ultima_modificacion": "2025-08-01 01:01:11.765370"
  },
  "f28a4477a644496c83b6f1b11151212c45005c.jpeg": {
    "app_sintetizada": "F28A4477A644496C83B6F1B11151212C45005C.JPEG",
    "cantidad_archivos": 1,
    "archivos_fuente": [
      "Pictures/Fototeca de Fotos.photoslibrary/resources/derivatives/masters/F/F28A4477-A644-496C-83B6-F1B11151212C_4_5005_c.jpeg"
    ],
    "ultima_modificacion": "2025-08-01 01:01:11.765610"
  },
  "fdd343465d584d37b6077c4289edf2c745005c.jpeg": {
    "app_sintetizada": "FDD343465D584D37B6077C4289EDF2C745005C.JPEG",
    "cantidad_archivos": 1,
    "archivos_fuente": [
      "Pictures/Fototeca de Fotos.photoslibrary/resources/derivatives/masters/F/FDD34346-5D58-4D37-B607-7C4289EDF2C7_4_5005_c.jpeg"
    ],
    "ultima_modificacion": "2025-08-01 01:01:11.765930"
  },
  "f2bd2611e5d44694b7c79e4ea242cf6f45005c.jpeg": {
    "app_sintetizada": "F2BD2611E5D44694B7C79E4EA242CF6F45005C.JPEG",
    "cantidad_archivos": 1,
    "archivos_fuente": [
      "Pictures/Fototeca de Fotos.photoslibrary/resources/derivatives/masters/F/F2BD2611-E5D4-4694-B7C7-9E4EA242CF6F_4_5005_c.jpeg"
    ],
    "ultima_modificacion": "2025-08-01 01:01:11.766188"
  },
  "f2d33fd796a144499e12a289a53d0bbe45005c.jpeg": {
    "app_sintetizada": "F2D33FD796A144499E12A289A53D0BBE45005C.JPEG",
    "cantidad_archivos": 1,
    "archivos_fuente": [
      "Pictures/Fototeca de Fotos.photoslibrary/resources/derivatives/masters/F/F2D33FD7-96A1-4449-9E12-A289A53D0BBE_4_5005_c.jpeg"
    ],
    "ultima_modificacion": "2025-08-01 01:01:11.766511"
  },
  "f894eb5510c749d599fe1a31c0eb95b245005c.jpeg": {
    "app_sintetizada": "F894EB5510C749D599FE1A31C0EB95B245005C.JPEG",
    "cantidad_archivos": 1,
    "archivos_fuente": [
      "Pictures/Fototeca de Fotos.photoslibrary/resources/derivatives/masters/F/F894EB55-10C7-49D5-99FE-1A31C0EB95B2_4_5005_c.jpeg"
    ],
    "ultima_modificacion": "2025-08-01 01:01:11.766735"
  },
  "f0f7a95af6b647daa3e926dc62911f5445005c.jpeg": {
    "app_sintetizada": "F0F7A95AF6B647DAA3E926DC62911F5445005C.JPEG",
    "cantidad_archivos": 1,
    "archivos_fuente": [
      "Pictures/Fototeca de Fotos.photoslibrary/resources/derivatives/masters/F/F0F7A95A-F6B6-47DA-A3E9-26DC62911F54_4_5005_c.jpeg"
    ],
    "ultima_modificacion": "2025-08-01 01:01:11.766957"
  },
  "f2f13970b69c4e2d84c5458374cedc6b45005c.jpeg": {
    "app_sintetizada": "F2F13970B69C4E2D84C5458374CEDC6B45005C.JPEG",
    "cantidad_archivos": 1,
    "archivos_fuente": [
      "Pictures/Fototeca de Fotos.photoslibrary/resources/derivatives/masters/F/F2F13970-B69C-4E2D-84C5-458374CEDC6B_4_5005_c.jpeg"
    ],
    "ultima_modificacion": "2025-08-01 01:01:11.767170"
  },
  "f2252cc703334dba8fe73fa20a543b4f45005c.jpeg": {
    "app_sintetizada": "F2252CC703334DBA8FE73FA20A543B4F45005C.JPEG",
    "cantidad_archivos": 1,
    "archivos_fuente": [
      "Pictures/Fototeca de Fotos.photoslibrary/resources/derivatives/masters/F/F2252CC7-0333-4DBA-8FE7-3FA20A543B4F_4_5005_c.jpeg"
    ],
    "ultima_modificacion": "2025-08-01 01:01:11.767371"
  },
  "fdc5279ce4c74bbc92e39200d94cc60745005c.jpeg": {
    "app_sintetizada": "FDC5279CE4C74BBC92E39200D94CC60745005C.JPEG",
    "cantidad_archivos": 1,
    "archivos_fuente": [
      "Pictures/Fototeca de Fotos.photoslibrary/resources/derivatives/masters/F/FDC5279C-E4C7-4BBC-92E3-9200D94CC607_4_5005_c.jpeg"
    ],
    "ultima_modificacion": "2025-08-01 01:01:11.767564"
  },
  "fe8bf4fab8084c5da946428ff2ba419945005c.jpeg": {
    "app_sintetizada": "FE8BF4FAB8084C5DA946428FF2BA419945005C.JPEG",
    "cantidad_archivos": 1,
    "archivos_fuente": [
      "Pictures/Fototeca de Fotos.photoslibrary/resources/derivatives/masters/F/FE8BF4FA-B808-4C5D-A946-428FF2BA4199_4_5005_c.jpeg"
    ],
    "ultima_modificacion": "2025-08-01 01:01:11.767755"
  },
  "f9cd5b2cfaa4479094c114cf7c8a030b45005c.jpeg": {
    "app_sintetizada": "F9CD5B2CFAA4479094C114CF7C8A030B45005C.JPEG",
    "cantidad_archivos": 1,
    "archivos_fuente": [
      "Pictures/Fototeca de Fotos.photoslibrary/resources/derivatives/masters/F/F9CD5B2C-FAA4-4790-94C1-14CF7C8A030B_4_5005_c.jpeg"
    ],
    "ultima_modificacion": "2025-08-01 01:01:11.767956"
  },
  "f3ed5974781540d18e8cd8c26839cdf045005c.jpeg": {
    "app_sintetizada": "F3ED5974781540D18E8CD8C26839CDF045005C.JPEG",
    "cantidad_archivos": 1,
    "archivos_fuente": [
      "Pictures/Fototeca de Fotos.photoslibrary/resources/derivatives/masters/F/F3ED5974-7815-40D1-8E8C-D8C26839CDF0_4_5005_c.jpeg"
    ],
    "ultima_modificacion": "2025-08-01 01:01:11.768155"
  },
  "fe870ba4749047fb8a5477389b6e607e45005c.jpeg": {
    "app_sintetizada": "FE870BA4749047FB8A5477389B6E607E45005C.JPEG",
    "cantidad_archivos": 1,
    "archivos_fuente": [
      "Pictures/Fototeca de Fotos.photoslibrary/resources/derivatives/masters/F/FE870BA4-7490-47FB-8A54-77389B6E607E_4_5005_c.jpeg"
    ],
    "ultima_modificacion": "2025-08-01 01:01:11.768353"
  },
  "feb707698c0b49448af753f26614521045005c.jpeg": {
    "app_sintetizada": "FEB707698C0B49448AF753F26614521045005C.JPEG",
    "cantidad_archivos": 1,
    "archivos_fuente": [
      "Pictures/Fototeca de Fotos.photoslibrary/resources/derivatives/masters/F/FEB70769-8C0B-4944-8AF7-53F266145210_4_5005_c.jpeg"
    ],
    "ultima_modificacion": "2025-08-01 01:01:11.768540"
  },
  "f971bb5e0ac3490fb3ca3fb0158b602145005c.jpeg": {
    "app_sintetizada": "F971BB5E0AC3490FB3CA3FB0158B602145005C.JPEG",
    "cantidad_archivos": 1,
    "archivos_fuente": [
      "Pictures/Fototeca de Fotos.photoslibrary/resources/derivatives/masters/F/F971BB5E-0AC3-490F-B3CA-3FB0158B6021_4_5005_c.jpeg"
    ],
    "ultima_modificacion": "2025-08-01 01:01:11.768735"
  },
  "fcc7fa85094f40fab069cca7bb945af945005c.jpeg": {
    "app_sintetizada": "FCC7FA85094F40FAB069CCA7BB945AF945005C.JPEG",
    "cantidad_archivos": 1,
    "archivos_fuente": [
      "Pictures/Fototeca de Fotos.photoslibrary/resources/derivatives/masters/F/FCC7FA85-094F-40FA-B069-CCA7BB945AF9_4_5005_c.jpeg"
    ],
    "ultima_modificacion": "2025-08-01 01:01:11.768928"
  },
  "f90f20ba798b4c6da5a0736e9fe9aee045005c.jpeg": {
    "app_sintetizada": "F90F20BA798B4C6DA5A0736E9FE9AEE045005C.JPEG",
    "cantidad_archivos": 1,
    "archivos_fuente": [
      "Pictures/Fototeca de Fotos.photoslibrary/resources/derivatives/masters/F/F90F20BA-798B-4C6D-A5A0-736E9FE9AEE0_4_5005_c.jpeg"
    ],
    "ultima_modificacion": "2025-08-01 01:01:11.769146"
  },
  "ff5a2d6e5b6d47a3849a82ea0f8a707b45005c.jpeg": {
    "app_sintetizada": "FF5A2D6E5B6D47A3849A82EA0F8A707B45005C.JPEG",
    "cantidad_archivos": 1,
    "archivos_fuente": [
      "Pictures/Fototeca de Fotos.photoslibrary/resources/derivatives/masters/F/FF5A2D6E-5B6D-47A3-849A-82EA0F8A707B_4_5005_c.jpeg"
    ],
    "ultima_modificacion": "2025-08-01 01:01:11.769517"
  },
  "fe653d2815394e9c90f505e03a08f0c645005c.jpeg": {
    "app_sintetizada": "FE653D2815394E9C90F505E03A08F0C645005C.JPEG",
    "cantidad_archivos": 1,
    "archivos_fuente": [
      "Pictures/Fototeca de Fotos.photoslibrary/resources/derivatives/masters/F/FE653D28-1539-4E9C-90F5-05E03A08F0C6_4_5005_c.jpeg"
    ],
    "ultima_modificacion": "2025-08-01 01:01:11.769821"
  },
  "fc28f931942c4a9bb58452ee7c68d19a45005c.jpeg": {
    "app_sintetizada": "FC28F931942C4A9BB58452EE7C68D19A45005C.JPEG",
    "cantidad_archivos": 1,
    "archivos_fuente": [
      "Pictures/Fototeca de Fotos.photoslibrary/resources/derivatives/masters/F/FC28F931-942C-4A9B-B584-52EE7C68D19A_4_5005_c.jpeg"
    ],
    "ultima_modificacion": "2025-08-01 01:01:11.770049"
  },
  "f28d0cd874fb42bca27aaac2721ef66545005c.jpeg": {
    "app_sintetizada": "F28D0CD874FB42BCA27AAAC2721EF66545005C.JPEG",
    "cantidad_archivos": 1,
    "archivos_fuente": [
      "Pictures/Fototeca de Fotos.photoslibrary/resources/derivatives/masters/F/F28D0CD8-74FB-42BC-A27A-AAC2721EF665_4_5005_c.jpeg"
    ],
    "ultima_modificacion": "2025-08-01 01:01:11.770275"
  },
  "fdb7cb197ec84a03abee3541904a795845005c.jpeg": {
    "app_sintetizada": "FDB7CB197EC84A03ABEE3541904A795845005C.JPEG",
    "cantidad_archivos": 1,
    "archivos_fuente": [
      "Pictures/Fototeca de Fotos.photoslibrary/resources/derivatives/masters/F/FDB7CB19-7EC8-4A03-ABEE-3541904A7958_4_5005_c.jpeg"
    ],
    "ultima_modificacion": "2025-08-01 01:01:11.770491"
  },
  "f3bddf6430c4449d838460929253166345005c.jpeg": {
    "app_sintetizada": "F3BDDF6430C4449D838460929253166345005C.JPEG",
    "cantidad_archivos": 1,
    "archivos_fuente": [
      "Pictures/Fototeca de Fotos.photoslibrary/resources/derivatives/masters/F/F3BDDF64-30C4-449D-8384-609292531663_4_5005_c.jpeg"
    ],
    "ultima_modificacion": "2025-08-01 01:01:11.770782"
  },
  "fd1fcba8e3024e9496a8997aad26ec4c45005c.jpeg": {
    "app_sintetizada": "FD1FCBA8E3024E9496A8997AAD26EC4C45005C.JPEG",
    "cantidad_archivos": 1,
    "archivos_fuente": [
      "Pictures/Fototeca de Fotos.photoslibrary/resources/derivatives/masters/F/FD1FCBA8-E302-4E94-96A8-997AAD26EC4C_4_5005_c.jpeg"
    ],
    "ultima_modificacion": "2025-08-01 01:01:11.771028"
  },
  "fe4294c96ea1432cb800f4553caf41ff45005c.jpeg": {
    "app_sintetizada": "FE4294C96EA1432CB800F4553CAF41FF45005C.JPEG",
    "cantidad_archivos": 1,
    "archivos_fuente": [
      "Pictures/Fototeca de Fotos.photoslibrary/resources/derivatives/masters/F/FE4294C9-6EA1-432C-B800-F4553CAF41FF_4_5005_c.jpeg"
    ],
    "ultima_modificacion": "2025-08-01 01:01:11.771249"
  },
  "f1d88bde65ca484bbb0c68779285a94a45005c.jpeg": {
    "app_sintetizada": "F1D88BDE65CA484BBB0C68779285A94A45005C.JPEG",
    "cantidad_archivos": 1,
    "archivos_fuente": [
      "Pictures/Fototeca de Fotos.photoslibrary/resources/derivatives/masters/F/F1D88BDE-65CA-484B-BB0C-68779285A94A_4_5005_c.jpeg"
    ],
    "ultima_modificacion": "2025-08-01 01:01:11.771453"
  },
  "f7264be43bb24daa8cef4c6ebc429a7e45005c.jpeg": {
    "app_sintetizada": "F7264BE43BB24DAA8CEF4C6EBC429A7E45005C.JPEG",
    "cantidad_archivos": 1,
    "archivos_fuente": [
      "Pictures/Fototeca de Fotos.photoslibrary/resources/derivatives/masters/F/F7264BE4-3BB2-4DAA-8CEF-4C6EBC429A7E_4_5005_c.jpeg"
    ],
    "ultima_modificacion": "2025-08-01 01:01:11.771660"
  },
  "ff5e3d45ea784c33bd04c90f16dacc3a45005c.jpeg": {
    "app_sintetizada": "FF5E3D45EA784C33BD04C90F16DACC3A45005C.JPEG",
    "cantidad_archivos": 1,
    "archivos_fuente": [
      "Pictures/Fototeca de Fotos.photoslibrary/resources/derivatives/masters/F/FF5E3D45-EA78-4C33-BD04-C90F16DACC3A_4_5005_c.jpeg"
    ],
    "ultima_modificacion": "2025-08-01 01:01:11.771869"
  },
  "f4278aeee9f54db094ed9c96b449653445005c.jpeg": {
    "app_sintetizada": "F4278AEEE9F54DB094ED9C96B449653445005C.JPEG",
    "cantidad_archivos": 1,
    "archivos_fuente": [
      "Pictures/Fototeca de Fotos.photoslibrary/resources/derivatives/masters/F/F4278AEE-E9F5-4DB0-94ED-9C96B4496534_4_5005_c.jpeg"
    ],
    "ultima_modificacion": "2025-08-01 01:01:11.772128"
  },
  "f3c3251818c04c2099dfee129477e27d45005c.jpeg": {
    "app_sintetizada": "F3C3251818C04C2099DFEE129477E27D45005C.JPEG",
    "cantidad_archivos": 1,
    "archivos_fuente": [
      "Pictures/Fototeca de Fotos.photoslibrary/resources/derivatives/masters/F/F3C32518-18C0-4C20-99DF-EE129477E27D_4_5005_c.jpeg"
    ],
    "ultima_modificacion": "2025-08-01 01:01:11.772356"
  },
  "f50094ab6d3b43e3a297b047fe1aa54445005c.jpeg": {
    "app_sintetizada": "F50094AB6D3B43E3A297B047FE1AA54445005C.JPEG",
    "cantidad_archivos": 1,
    "archivos_fuente": [
      "Pictures/Fototeca de Fotos.photoslibrary/resources/derivatives/masters/F/F50094AB-6D3B-43E3-A297-B047FE1AA544_4_5005_c.jpeg"
    ],
    "ultima_modificacion": "2025-08-01 01:01:11.772644"
  },
  "f802a7785b6241c697c07f73d1c9949945005c.jpeg": {
    "app_sintetizada": "F802A7785B6241C697C07F73D1C9949945005C.JPEG",
    "cantidad_archivos": 1,
    "archivos_fuente": [
      "Pictures/Fototeca de Fotos.photoslibrary/resources/derivatives/masters/F/F802A778-5B62-41C6-97C0-7F73D1C99499_4_5005_c.jpeg"
    ],
    "ultima_modificacion": "2025-08-01 01:01:11.772979"
  },
  "f9b5b2b6dd74464098fc70a0c08e36cd45005c.jpeg": {
    "app_sintetizada": "F9B5B2B6DD74464098FC70A0C08E36CD45005C.JPEG",
    "cantidad_archivos": 1,
    "archivos_fuente": [
      "Pictures/Fototeca de Fotos.photoslibrary/resources/derivatives/masters/F/F9B5B2B6-DD74-4640-98FC-70A0C08E36CD_4_5005_c.jpeg"
    ],
    "ultima_modificacion": "2025-08-01 01:01:11.773330"
  },
  "f98f36050a9047b9840a1d88965dd70245005c.jpeg": {
    "app_sintetizada": "F98F36050A9047B9840A1D88965DD70245005C.JPEG",
    "cantidad_archivos": 1,
    "archivos_fuente": [
      "Pictures/Fototeca de Fotos.photoslibrary/resources/derivatives/masters/F/F98F3605-0A90-47B9-840A-1D88965DD702_4_5005_c.jpeg"
    ],
    "ultima_modificacion": "2025-08-01 01:01:11.773608"
  },
  "fc6bec6b6b7044c692aa74775d0fb1ed45005c.jpeg": {
    "app_sintetizada": "FC6BEC6B6B7044C692AA74775D0FB1ED45005C.JPEG",
    "cantidad_archivos": 1,
    "archivos_fuente": [
      "Pictures/Fototeca de Fotos.photoslibrary/resources/derivatives/masters/F/FC6BEC6B-6B70-44C6-92AA-74775D0FB1ED_4_5005_c.jpeg"
    ],
    "ultima_modificacion": "2025-08-01 01:01:11.773920"
  },
  "f0f9faba0c884b21b90c1eb7c18b0a6a45005c.jpeg": {
    "app_sintetizada": "F0F9FABA0C884B21B90C1EB7C18B0A6A45005C.JPEG",
    "cantidad_archivos": 1,
    "archivos_fuente": [
      "Pictures/Fototeca de Fotos.photoslibrary/resources/derivatives/masters/F/F0F9FABA-0C88-4B21-B90C-1EB7C18B0A6A_4_5005_c.jpeg"
    ],
    "ultima_modificacion": "2025-08-01 01:01:11.774246"
  },
  "f4fc0401fbcd424ebc62673425da194445005c.jpeg": {
    "app_sintetizada": "F4FC0401FBCD424EBC62673425DA194445005C.JPEG",
    "cantidad_archivos": 1,
    "archivos_fuente": [
      "Pictures/Fototeca de Fotos.photoslibrary/resources/derivatives/masters/F/F4FC0401-FBCD-424E-BC62-673425DA1944_4_5005_c.jpeg"
    ],
    "ultima_modificacion": "2025-08-01 01:01:11.774494"
  },
  "f8b5bf28f37b42429766f33d973126ef45005c.jpeg": {
    "app_sintetizada": "F8B5BF28F37B42429766F33D973126EF45005C.JPEG",
    "cantidad_archivos": 1,
    "archivos_fuente": [
      "Pictures/Fototeca de Fotos.photoslibrary/resources/derivatives/masters/F/F8B5BF28-F37B-4242-9766-F33D973126EF_4_5005_c.jpeg"
    ],
    "ultima_modificacion": "2025-08-01 01:01:11.774742"
  },
  "f98a4680a94141a9bb1be9e65c477a5f45005c.jpeg": {
    "app_sintetizada": "F98A4680A94141A9BB1BE9E65C477A5F45005C.JPEG",
    "cantidad_archivos": 1,
    "archivos_fuente": [
      "Pictures/Fototeca de Fotos.photoslibrary/resources/derivatives/masters/F/F98A4680-A941-41A9-BB1B-E9E65C477A5F_4_5005_c.jpeg"
    ],
    "ultima_modificacion": "2025-08-01 01:01:11.775029"
  },
  "f7253ed4b07642608702324b5c112a3845005c.jpeg": {
    "app_sintetizada": "F7253ED4B07642608702324B5C112A3845005C.JPEG",
    "cantidad_archivos": 1,
    "archivos_fuente": [
      "Pictures/Fototeca de Fotos.photoslibrary/resources/derivatives/masters/F/F7253ED4-B076-4260-8702-324B5C112A38_4_5005_c.jpeg"
    ],
    "ultima_modificacion": "2025-08-01 01:01:11.775286"
  },
  "fb23339f334d4416a8ad2dc65b02f69f45005c.jpeg": {
    "app_sintetizada": "FB23339F334D4416A8AD2DC65B02F69F45005C.JPEG",
    "cantidad_archivos": 1,
    "archivos_fuente": [
      "Pictures/Fototeca de Fotos.photoslibrary/resources/derivatives/masters/F/FB23339F-334D-4416-A8AD-2DC65B02F69F_4_5005_c.jpeg"
    ],
    "ultima_modificacion": "2025-08-01 01:01:11.775566"
  },
  "f740cdfa556e4f0e8f99352da58a0ff145005c.jpeg": {
    "app_sintetizada": "F740CDFA556E4F0E8F99352DA58A0FF145005C.JPEG",
    "cantidad_archivos": 1,
    "archivos_fuente": [
      "Pictures/Fototeca de Fotos.photoslibrary/resources/derivatives/masters/F/F740CDFA-556E-4F0E-8F99-352DA58A0FF1_4_5005_c.jpeg"
    ],
    "ultima_modificacion": "2025-08-01 01:01:11.775802"
  },
  "fd5def0c50d540099314d1909aed988245005c.jpeg": {
    "app_sintetizada": "FD5DEF0C50D540099314D1909AED988245005C.JPEG",
    "cantidad_archivos": 1,
    "archivos_fuente": [
      "Pictures/Fototeca de Fotos.photoslibrary/resources/derivatives/masters/F/FD5DEF0C-50D5-4009-9314-D1909AED9882_4_5005_c.jpeg"
    ],
    "ultima_modificacion": "2025-08-01 01:01:11.776056"
  },
  "fd3f7b95d73e4df1af0460659439c32245005c.jpeg": {
    "app_sintetizada": "FD3F7B95D73E4DF1AF0460659439C32245005C.JPEG",
    "cantidad_archivos": 1,
    "archivos_fuente": [
      "Pictures/Fototeca de Fotos.photoslibrary/resources/derivatives/masters/F/FD3F7B95-D73E-4DF1-AF04-60659439C322_4_5005_c.jpeg"
    ],
    "ultima_modificacion": "2025-08-01 01:01:11.776311"
  }
}