{
  "c3e34d33943741699f1f8ce149d197ee45005c.jpeg": {
    "app_sintetizada": "C3E34D33943741699F1F8CE149D197EE45005C.JPEG",
    "cantidad_archivos": 1,
    "archivos_fuente": [
      "Pictures/Fototeca de Fotos.photoslibrary/resources/derivatives/masters/C/C3E34D33-9437-4169-9F1F-8CE149D197EE_4_5005_c.jpeg"
    ],
    "ultima_modificacion": "2025-08-01 01:01:13.378215"
  },
  "c3ab2042cd3e4746adf3f8c37f9f177c45005c.jpeg": {
    "app_sintetizada": "C3AB2042CD3E4746ADF3F8C37F9F177C45005C.JPEG",
    "cantidad_archivos": 1,
    "archivos_fuente": [
      "Pictures/Fototeca de Fotos.photoslibrary/resources/derivatives/masters/C/C3AB2042-CD3E-4746-ADF3-F8C37F9F177C_4_5005_c.jpeg"
    ],
    "ultima_modificacion": "2025-08-01 01:01:13.378420"
  },
  "cc27f22a7cc448bcb16bca386bf6a37b45005c.jpeg": {
    "app_sintetizada": "CC27F22A7CC448BCB16BCA386BF6A37B45005C.JPEG",
    "cantidad_archivos": 1,
    "archivos_fuente": [
      "Pictures/Fototeca de Fotos.photoslibrary/resources/derivatives/masters/C/CC27F22A-7CC4-48BC-B16B-CA386BF6A37B_4_5005_c.jpeg"
    ],
    "ultima_modificacion": "2025-08-01 01:01:13.378623"
  },
  "cf37c3cc2804476caec3187d01fefe1945005c.jpeg": {
    "app_sintetizada": "CF37C3CC2804476CAEC3187D01FEFE1945005C.JPEG",
    "cantidad_archivos": 1,
    "archivos_fuente": [
      "Pictures/Fototeca de Fotos.photoslibrary/resources/derivatives/masters/C/CF37C3CC-2804-476C-AEC3-187D01FEFE19_4_5005_c.jpeg"
    ],
    "ultima_modificacion": "2025-08-01 01:01:13.378811"
  },
  "cb54bad666c447419e64b5aa20c89b3845005c.jpeg": {
    "app_sintetizada": "CB54BAD666C447419E64B5AA20C89B3845005C.JPEG",
    "cantidad_archivos": 1,
    "archivos_fuente": [
      "Pictures/Fototeca de Fotos.photoslibrary/resources/derivatives/masters/C/CB54BAD6-66C4-4741-9E64-B5AA20C89B38_4_5005_c.jpeg"
    ],
    "ultima_modificacion": "2025-08-01 01:01:13.379055"
  },
  "cdd30153c5a54009a0e064718f71b28245005c.jpeg": {
    "app_sintetizada": "CDD30153C5A54009A0E064718F71B28245005C.JPEG",
    "cantidad_archivos": 1,
    "archivos_fuente": [
      "Pictures/Fototeca de Fotos.photoslibrary/resources/derivatives/masters/C/CDD30153-C5A5-4009-A0E0-64718F71B282_4_5005_c.jpeg"
    ],
    "ultima_modificacion": "2025-08-01 01:01:13.379285"
  },
  "cb44ea4af6ac48f585b0a0394f4cccf545005c.jpeg": {
    "app_sintetizada": "CB44EA4AF6AC48F585B0A0394F4CCCF545005C.JPEG",
    "cantidad_archivos": 1,
    "archivos_fuente": [
      "Pictures/Fototeca de Fotos.photoslibrary/resources/derivatives/masters/C/CB44EA4A-F6AC-48F5-85B0-A0394F4CCCF5_4_5005_c.jpeg"
    ],
    "ultima_modificacion": "2025-08-01 01:01:13.379508"
  },
  "c70c5369f29142f6a4ace6860fbb8f9e45005c.jpeg": {
    "app_sintetizada": "C70C5369F29142F6A4ACE6860FBB8F9E45005C.JPEG",
    "cantidad_archivos": 1,
    "archivos_fuente": [
      "Pictures/Fototeca de Fotos.photoslibrary/resources/derivatives/masters/C/C70C5369-F291-42F6-A4AC-E6860FBB8F9E_4_5005_c.jpeg"
    ],
    "ultima_modificacion": "2025-08-01 01:01:13.379776"
  },
  "c04652d6d85a4c4bb13427d2271cbc8045005c.jpeg": {
    "app_sintetizada": "C04652D6D85A4C4BB13427D2271CBC8045005C.JPEG",
    "cantidad_archivos": 1,
    "archivos_fuente": [
      "Pictures/Fototeca de Fotos.photoslibrary/resources/derivatives/masters/C/C04652D6-D85A-4C4B-B134-27D2271CBC80_4_5005_c.jpeg"
    ],
    "ultima_modificacion": "2025-08-01 01:01:13.380069"
  },
  "ca2c3eaa61654d13bd7d3f10e912482645005c.jpeg": {
    "app_sintetizada": "CA2C3EAA61654D13BD7D3F10E912482645005C.JPEG",
    "cantidad_archivos": 1,
    "archivos_fuente": [
      "Pictures/Fototeca de Fotos.photoslibrary/resources/derivatives/masters/C/CA2C3EAA-6165-4D13-BD7D-3F10E9124826_4_5005_c.jpeg"
    ],
    "ultima_modificacion": "2025-08-01 01:01:13.380375"
  },
  "cea00dfc9f574829942893a158e752e745005c.jpeg": {
    "app_sintetizada": "CEA00DFC9F574829942893A158E752E745005C.JPEG",
    "cantidad_archivos": 1,
    "archivos_fuente": [
      "Pictures/Fototeca de Fotos.photoslibrary/resources/derivatives/masters/C/CEA00DFC-9F57-4829-9428-93A158E752E7_4_5005_c.jpeg"
    ],
    "ultima_modificacion": "2025-08-01 01:01:13.380621"
  },
  "c48a30710c9d458a953ff8f1fed1c61645005c.jpeg": {
    "app_sintetizada": "C48A30710C9D458A953FF8F1FED1C61645005C.JPEG",
    "cantidad_archivos": 1,
    "archivos_fuente": [
      "Pictures/Fototeca de Fotos.photoslibrary/resources/derivatives/masters/C/C48A3071-0C9D-458A-953F-F8F1FED1C616_4_5005_c.jpeg"
    ],
    "ultima_modificacion": "2025-08-01 01:01:13.380838"
  },
  "cd2b08d2ea7f4202b9c279166c730e6145005c.jpeg": {
    "app_sintetizada": "CD2B08D2EA7F4202B9C279166C730E6145005C.JPEG",
    "cantidad_archivos": 1,
    "archivos_fuente": [
      "Pictures/Fototeca de Fotos.photoslibrary/resources/derivatives/masters/C/CD2B08D2-EA7F-4202-B9C2-79166C730E61_4_5005_c.jpeg"
    ],
    "ultima_modificacion": "2025-08-01 01:01:13.381048"
  },
  "c5bf21fe41994b8faa2f950b0d03948245005c.jpeg": {
    "app_sintetizada": "C5BF21FE41994B8FAA2F950B0D03948245005C.JPEG",
    "cantidad_archivos": 1,
    "archivos_fuente": [
      "Pictures/Fototeca de Fotos.photoslibrary/resources/derivatives/masters/C/C5BF21FE-4199-4B8F-AA2F-950B0D039482_4_5005_c.jpeg"
    ],
    "ultima_modificacion": "2025-08-01 01:01:13.381242"
  },
  "c8c4ef74437a4070ace0d60162ad2be045005c.jpeg": {
    "app_sintetizada": "C8C4EF74437A4070ACE0D60162AD2BE045005C.JPEG",
    "cantidad_archivos": 1,
    "archivos_fuente": [
      "Pictures/Fototeca de Fotos.photoslibrary/resources/derivatives/masters/C/C8C4EF74-437A-4070-ACE0-D60162AD2BE0_4_5005_c.jpeg"
    ],
    "ultima_modificacion": "2025-08-01 01:01:13.381424"
  },
  "cefa3b87d177467aaf19548e840154ca45005c.jpeg": {
    "app_sintetizada": "CEFA3B87D177467AAF19548E840154CA45005C.JPEG",
    "cantidad_archivos": 1,
    "archivos_fuente": [
      "Pictures/Fototeca de Fotos.photoslibrary/resources/derivatives/masters/C/CEFA3B87-D177-467A-AF19-548E840154CA_4_5005_c.jpeg"
    ],
    "ultima_modificacion": "2025-08-01 01:01:13.381615"
  },
  "cf1199427cf84ae0a520e4e8c1e092e545005c.jpeg": {
    "app_sintetizada": "CF1199427CF84AE0A520E4E8C1E092E545005C.JPEG",
    "cantidad_archivos": 1,
    "archivos_fuente": [
      "Pictures/Fototeca de Fotos.photoslibrary/resources/derivatives/masters/C/CF119942-7CF8-4AE0-A520-E4E8C1E092E5_4_5005_c.jpeg"
    ],
    "ultima_modificacion": "2025-08-01 01:01:13.381850"
  },
  "ca7f1836612a476e900fc478b347e0b845005c.jpeg": {
    "app_sintetizada": "CA7F1836612A476E900FC478B347E0B845005C.JPEG",
    "cantidad_archivos": 1,
    "archivos_fuente": [
      "Pictures/Fototeca de Fotos.photoslibrary/resources/derivatives/masters/C/CA7F1836-612A-476E-900F-C478B347E0B8_4_5005_c.jpeg"
    ],
    "ultima_modificacion": "2025-08-01 01:01:13.382171"
  },
  "ce9bfaf57335479587ec7a855313efcd45005c.jpeg": {
    "app_sintetizada": "CE9BFAF57335479587EC7A855313EFCD45005C.JPEG",
    "cantidad_archivos": 1,
    "archivos_fuente": [
      "Pictures/Fototeca de Fotos.photoslibrary/resources/derivatives/masters/C/CE9BFAF5-7335-4795-87EC-7A855313EFCD_4_5005_c.jpeg"
    ],
    "ultima_modificacion": "2025-08-01 01:01:13.382423"
  },
  "ca7bcc5df4a74fc6bd0685028b1e9a5045005c.jpeg": {
    "app_sintetizada": "CA7BCC5DF4A74FC6BD0685028B1E9A5045005C.JPEG",
    "cantidad_archivos": 1,
    "archivos_fuente": [
      "Pictures/Fototeca de Fotos.photoslibrary/resources/derivatives/masters/C/CA7BCC5D-F4A7-4FC6-BD06-85028B1E9A50_4_5005_c.jpeg"
    ],
    "ultima_modificacion": "2025-08-01 01:01:13.382667"
  },
  "c135014cb087421e905c27ef4c6c9b4745005c.jpeg": {
    "app_sintetizada": "C135014CB087421E905C27EF4C6C9B4745005C.JPEG",
    "cantidad_archivos": 1,
    "archivos_fuente": [
      "Pictures/Fototeca de Fotos.photoslibrary/resources/derivatives/masters/C/C135014C-B087-421E-905C-27EF4C6C9B47_4_5005_c.jpeg"
    ],
    "ultima_modificacion": "2025-08-01 01:01:13.382979"
  },
  "c9b5e95e66094fdfb3936c6111c6801845005c.jpeg": {
    "app_sintetizada": "C9B5E95E66094FDFB3936C6111C6801845005C.JPEG",
    "cantidad_archivos": 1,
    "archivos_fuente": [
      "Pictures/Fototeca de Fotos.photoslibrary/resources/derivatives/masters/C/C9B5E95E-6609-4FDF-B393-6C6111C68018_4_5005_c.jpeg"
    ],
    "ultima_modificacion": "2025-08-01 01:01:13.383209"
  },
  "cda5f836864f42c0a91e26f25394b2fa45005c.jpeg": {
    "app_sintetizada": "CDA5F836864F42C0A91E26F25394B2FA45005C.JPEG",
    "cantidad_archivos": 1,
    "archivos_fuente": [
      "Pictures/Fototeca de Fotos.photoslibrary/resources/derivatives/masters/C/CDA5F836-864F-42C0-A91E-26F25394B2FA_4_5005_c.jpeg"
    ],
    "ultima_modificacion": "2025-08-01 01:01:13.383479"
  },
  "cf6bc48455dc424f846a55105a3133e945005c.jpeg": {
    "app_sintetizada": "CF6BC48455DC424F846A55105A3133E945005C.JPEG",
    "cantidad_archivos": 1,
    "archivos_fuente": [
      "Pictures/Fototeca de Fotos.photoslibrary/resources/derivatives/masters/C/CF6BC484-55DC-424F-846A-55105A3133E9_4_5005_c.jpeg"
    ],
    "ultima_modificacion": "2025-08-01 01:01:13.383752"
  },
  "c77f9e89aad4429597a977306ca350ac45005c.jpeg": {
    "app_sintetizada": "C77F9E89AAD4429597A977306CA350AC45005C.JPEG",
    "cantidad_archivos": 1,
    "archivos_fuente": [
      "Pictures/Fototeca de Fotos.photoslibrary/resources/derivatives/masters/C/C77F9E89-AAD4-4295-97A9-77306CA350AC_4_5005_c.jpeg"
    ],
    "ultima_modificacion": "2025-08-01 01:01:13.383967"
  },
  "ce2e8dbf94aa4a60838ee1a2392f794945005c.jpeg": {
    "app_sintetizada": "CE2E8DBF94AA4A60838EE1A2392F794945005C.JPEG",
    "cantidad_archivos": 1,
    "archivos_fuente": [
      "Pictures/Fototeca de Fotos.photoslibrary/resources/derivatives/masters/C/CE2E8DBF-94AA-4A60-838E-E1A2392F7949_4_5005_c.jpeg"
    ],
    "ultima_modificacion": "2025-08-01 01:01:13.384184"
  },
  "cde16c1a97eb4bb48b58d6b700e8573645005c.jpeg": {
    "app_sintetizada": "CDE16C1A97EB4BB48B58D6B700E8573645005C.JPEG",
    "cantidad_archivos": 1,
    "archivos_fuente": [
      "Pictures/Fototeca de Fotos.photoslibrary/resources/derivatives/masters/C/CDE16C1A-97EB-4BB4-8B58-D6B700E85736_4_5005_c.jpeg"
    ],
    "ultima_modificacion": "2025-08-01 01:01:13.384372"
  },
  "c28d9bc06b894b2b919f50549770616545005c.jpeg": {
    "app_sintetizada": "C28D9BC06B894B2B919F50549770616545005C.JPEG",
    "cantidad_archivos": 1,
    "archivos_fuente": [
      "Pictures/Fototeca de Fotos.photoslibrary/resources/derivatives/masters/C/C28D9BC0-6B89-4B2B-919F-505497706165_4_5005_c.jpeg"
    ],
    "ultima_modificacion": "2025-08-01 01:01:13.384561"
  },
  "c4b5571a47f64eb48277669217b7b02d45005c.jpeg": {
    "app_sintetizada": "C4B5571A47F64EB48277669217B7B02D45005C.JPEG",
    "cantidad_archivos": 1,
    "archivos_fuente": [
      "Pictures/Fototeca de Fotos.photoslibrary/resources/derivatives/masters/C/C4B5571A-47F6-4EB4-8277-669217B7B02D_4_5005_c.jpeg"
    ],
    "ultima_modificacion": "2025-08-01 01:01:13.384737"
  },
  "c80536a2ee40483d939e4a87489add2c45005c.jpeg": {
    "app_sintetizada": "C80536A2EE40483D939E4A87489ADD2C45005C.JPEG",
    "cantidad_archivos": 1,
    "archivos_fuente": [
      "Pictures/Fototeca de Fotos.photoslibrary/resources/derivatives/masters/C/C80536A2-EE40-483D-939E-4A87489ADD2C_4_5005_c.jpeg"
    ],
    "ultima_modificacion": "2025-08-01 01:01:13.384920"
  },
  "c39d32741c0d40b096c95473324c390145005c.jpeg": {
    "app_sintetizada": "C39D32741C0D40B096C95473324C390145005C.JPEG",
    "cantidad_archivos": 1,
    "archivos_fuente": [
      "Pictures/Fototeca de Fotos.photoslibrary/resources/derivatives/masters/C/C39D3274-1C0D-40B0-96C9-5473324C3901_4_5005_c.jpeg"
    ],
    "ultima_modificacion": "2025-08-01 01:01:13.385145"
  },
  "c30ef2cb47a5434ebf2251caf0340d9245005c.jpeg": {
    "app_sintetizada": "C30EF2CB47A5434EBF2251CAF0340D9245005C.JPEG",
    "cantidad_archivos": 1,
    "archivos_fuente": [
      "Pictures/Fototeca de Fotos.photoslibrary/resources/derivatives/masters/C/C30EF2CB-47A5-434E-BF22-51CAF0340D92_4_5005_c.jpeg"
    ],
    "ultima_modificacion": "2025-08-01 01:01:13.385454"
  },
  "ce55a29788c04d12b4820b1737d073a445005c.jpeg": {
    "app_sintetizada": "CE55A29788C04D12B4820B1737D073A445005C.JPEG",
    "cantidad_archivos": 1,
    "archivos_fuente": [
      "Pictures/Fototeca de Fotos.photoslibrary/resources/derivatives/masters/C/CE55A297-88C0-4D12-B482-0B1737D073A4_4_5005_c.jpeg"
    ],
    "ultima_modificacion": "2025-08-01 01:01:13.385756"
  },
  "c21d38a01f034807995aba7bf136a8cd45005c.jpeg": {
    "app_sintetizada": "C21D38A01F034807995ABA7BF136A8CD45005C.JPEG",
    "cantidad_archivos": 1,
    "archivos_fuente": [
      "Pictures/Fototeca de Fotos.photoslibrary/resources/derivatives/masters/C/C21D38A0-1F03-4807-995A-BA7BF136A8CD_4_5005_c.jpeg"
    ],
    "ultima_modificacion": "2025-08-01 01:01:13.385980"
  },
  "cdbf52552a154651873e0009a779dd8e45005c.jpeg": {
    "app_sintetizada": "CDBF52552A154651873E0009A779DD8E45005C.JPEG",
    "cantidad_archivos": 1,
    "archivos_fuente": [
      "Pictures/Fototeca de Fotos.photoslibrary/resources/derivatives/masters/C/CDBF5255-2A15-4651-873E-0009A779DD8E_4_5005_c.jpeg"
    ],
    "ultima_modificacion": "2025-08-01 01:01:13.386365"
  },
  "c35b862ab5ab4df4a2e672f6a6e8572c45005c.jpeg": {
    "app_sintetizada": "C35B862AB5AB4DF4A2E672F6A6E8572C45005C.JPEG",
    "cantidad_archivos": 1,
    "archivos_fuente": [
      "Pictures/Fototeca de Fotos.photoslibrary/resources/derivatives/masters/C/C35B862A-B5AB-4DF4-A2E6-72F6A6E8572C_4_5005_c.jpeg"
    ],
    "ultima_modificacion": "2025-08-01 01:01:13.386640"
  },
  "c58702c352614000a9471ec11a85f15a45005c.jpeg": {
    "app_sintetizada": "C58702C352614000A9471EC11A85F15A45005C.JPEG",
    "cantidad_archivos": 1,
    "archivos_fuente": [
      "Pictures/Fototeca de Fotos.photoslibrary/resources/derivatives/masters/C/C58702C3-5261-4000-A947-1EC11A85F15A_4_5005_c.jpeg"
    ],
    "ultima_modificacion": "2025-08-01 01:01:13.386931"
  },
  "cf8592e29abc489c896002349916a29d45005c.jpeg": {
    "app_sintetizada": "CF8592E29ABC489C896002349916A29D45005C.JPEG",
    "cantidad_archivos": 1,
    "archivos_fuente": [
      "Pictures/Fototeca de Fotos.photoslibrary/resources/derivatives/masters/C/CF8592E2-9ABC-489C-8960-02349916A29D_4_5005_c.jpeg"
    ],
    "ultima_modificacion": "2025-08-01 01:01:13.387226"
  },
  "c70cf199da3c4621b869b55b9bf4e4c745005c.jpeg": {
    "app_sintetizada": "C70CF199DA3C4621B869B55B9BF4E4C745005C.JPEG",
    "cantidad_archivos": 1,
    "archivos_fuente": [
      "Pictures/Fototeca de Fotos.photoslibrary/resources/derivatives/masters/C/C70CF199-DA3C-4621-B869-B55B9BF4E4C7_4_5005_c.jpeg"
    ],
    "ultima_modificacion": "2025-08-01 01:01:13.387642"
  },
  "c436ac872fd44e4bae340ed87ae06a6745005c.jpeg": {
    "app_sintetizada": "C436AC872FD44E4BAE340ED87AE06A6745005C.JPEG",
    "cantidad_archivos": 1,
    "archivos_fuente": [
      "Pictures/Fototeca de Fotos.photoslibrary/resources/derivatives/masters/C/C436AC87-2FD4-4E4B-AE34-0ED87AE06A67_4_5005_c.jpeg"
    ],
    "ultima_modificacion": "2025-08-01 01:01:13.387938"
  },
  "cfc633dcc05a4578adcd8f0478b7cf3445005c.jpeg": {
    "app_sintetizada": "CFC633DCC05A4578ADCD8F0478B7CF3445005C.JPEG",
    "cantidad_archivos": 1,
    "archivos_fuente": [
      "Pictures/Fototeca de Fotos.photoslibrary/resources/derivatives/masters/C/CFC633DC-C05A-4578-ADCD-8F0478B7CF34_4_5005_c.jpeg"
    ],
    "ultima_modificacion": "2025-08-01 01:01:13.388223"
  },
  "c79d7080572943c0a06aa132b13a4beb45005c.jpeg": {
    "app_sintetizada": "C79D7080572943C0A06AA132B13A4BEB45005C.JPEG",
    "cantidad_archivos": 1,
    "archivos_fuente": [
      "Pictures/Fototeca de Fotos.photoslibrary/resources/derivatives/masters/C/C79D7080-5729-43C0-A06A-A132B13A4BEB_4_5005_c.jpeg"
    ],
    "ultima_modificacion": "2025-08-01 01:01:13.388568"
  },
  "cf1673fb1e3a4c56b87b98b5eab5de1345005c.jpeg": {
    "app_sintetizada": "CF1673FB1E3A4C56B87B98B5EAB5DE1345005C.JPEG",
    "cantidad_archivos": 1,
    "archivos_fuente": [
      "Pictures/Fototeca de Fotos.photoslibrary/resources/derivatives/masters/C/CF1673FB-1E3A-4C56-B87B-98B5EAB5DE13_4_5005_c.jpeg"
    ],
    "ultima_modificacion": "2025-08-01 01:01:13.388914"
  },
  "cb750eebbf9c47b882d27a0e17a5a57745005c.jpeg": {
    "app_sintetizada": "CB750EEBBF9C47B882D27A0E17A5A57745005C.JPEG",
    "cantidad_archivos": 1,
    "archivos_fuente": [
      "Pictures/Fototeca de Fotos.photoslibrary/resources/derivatives/masters/C/CB750EEB-BF9C-47B8-82D2-7A0E17A5A577_4_5005_c.jpeg"
    ],
    "ultima_modificacion": "2025-08-01 01:01:13.389213"
  },
  "c836d9131f5744d39b3ebf35c3e02bbc45005c.jpeg": {
    "app_sintetizada": "C836D9131F5744D39B3EBF35C3E02BBC45005C.JPEG",
    "cantidad_archivos": 1,
    "archivos_fuente": [
      "Pictures/Fototeca de Fotos.photoslibrary/resources/derivatives/masters/C/C836D913-1F57-44D3-9B3E-BF35C3E02BBC_4_5005_c.jpeg"
    ],
    "ultima_modificacion": "2025-08-01 01:01:13.389549"
  },
  "c67ab602ea0c4c658bf50ad8b156f38b45005c.jpeg": {
    "app_sintetizada": "C67AB602EA0C4C658BF50AD8B156F38B45005C.JPEG",
    "cantidad_archivos": 1,
    "archivos_fuente": [
      "Pictures/Fototeca de Fotos.photoslibrary/resources/derivatives/masters/C/C67AB602-EA0C-4C65-8BF5-0AD8B156F38B_4_5005_c.jpeg"
    ],
    "ultima_modificacion": "2025-08-01 01:01:13.389964"
  },
  "caaf7699532546e29d842a461831b7b245005c.jpeg": {
    "app_sintetizada": "CAAF7699532546E29D842A461831B7B245005C.JPEG",
    "cantidad_archivos": 1,
    "archivos_fuente": [
      "Pictures/Fototeca de Fotos.photoslibrary/resources/derivatives/masters/C/CAAF7699-5325-46E2-9D84-2A461831B7B2_4_5005_c.jpeg"
    ],
    "ultima_modificacion": "2025-08-01 01:01:13.390385"
  },
  "c60c1f92f0ce4e01a465e422621ffa5345005c.jpeg": {
    "app_sintetizada": "C60C1F92F0CE4E01A465E422621FFA5345005C.JPEG",
    "cantidad_archivos": 1,
    "archivos_fuente": [
      "Pictures/Fototeca de Fotos.photoslibrary/resources/derivatives/masters/C/C60C1F92-F0CE-4E01-A465-E422621FFA53_4_5005_c.jpeg"
    ],
    "ultima_modificacion": "2025-08-01 01:01:13.390835"
  },
  "c12e4e93d6dc48c8a91129973411eefa45005c.jpeg": {
    "app_sintetizada": "C12E4E93D6DC48C8A91129973411EEFA45005C.JPEG",
    "cantidad_archivos": 1,
    "archivos_fuente": [
      "Pictures/Fototeca de Fotos.photoslibrary/resources/derivatives/masters/C/C12E4E93-D6DC-48C8-A911-29973411EEFA_4_5005_c.jpeg"
    ],
    "ultima_modificacion": "2025-08-01 01:01:13.391906"
  },
  "cbfc5566452c4f5182a4384c48d79ae245005c.jpeg": {
    "app_sintetizada": "CBFC5566452C4F5182A4384C48D79AE245005C.JPEG",
    "cantidad_archivos": 1,
    "archivos_fuente": [
      "Pictures/Fototeca de Fotos.photoslibrary/resources/derivatives/masters/C/CBFC5566-452C-4F51-82A4-384C48D79AE2_4_5005_c.jpeg"
    ],
    "ultima_modificacion": "2025-08-01 01:01:13.392409"
  },
  "ce24e0c219f14f4e87180dc28d0c13f745005c.jpeg": {
    "app_sintetizada": "CE24E0C219F14F4E87180DC28D0C13F745005C.JPEG",
    "cantidad_archivos": 1,
    "archivos_fuente": [
      "Pictures/Fototeca de Fotos.photoslibrary/resources/derivatives/masters/C/CE24E0C2-19F1-4F4E-8718-0DC28D0C13F7_4_5005_c.jpeg"
    ],
    "ultima_modificacion": "2025-08-01 01:01:13.392827"
  },
  "c608b50f838048dd9fc0cc62d8436f0745005c.jpeg": {
    "app_sintetizada": "C608B50F838048DD9FC0CC62D8436F0745005C.JPEG",
    "cantidad_archivos": 1,
    "archivos_fuente": [
      "Pictures/Fototeca de Fotos.photoslibrary/resources/derivatives/masters/C/C608B50F-8380-48DD-9FC0-CC62D8436F07_4_5005_c.jpeg"
    ],
    "ultima_modificacion": "2025-08-01 01:01:13.393169"
  },
  "c9abb7323cd14b4bab7d9d35f318ed2245005c.jpeg": {
    "app_sintetizada": "C9ABB7323CD14B4BAB7D9D35F318ED2245005C.JPEG",
    "cantidad_archivos": 1,
    "archivos_fuente": [
      "Pictures/Fototeca de Fotos.photoslibrary/resources/derivatives/masters/C/C9ABB732-3CD1-4B4B-AB7D-9D35F318ED22_4_5005_c.jpeg"
    ],
    "ultima_modificacion": "2025-08-01 01:01:13.393540"
  },
  "cfca17ea616047bb857bd11bc9f59e5945005c.jpeg": {
    "app_sintetizada": "CFCA17EA616047BB857BD11BC9F59E5945005C.JPEG",
    "cantidad_archivos": 1,
    "archivos_fuente": [
      "Pictures/Fototeca de Fotos.photoslibrary/resources/derivatives/masters/C/CFCA17EA-6160-47BB-857B-D11BC9F59E59_4_5005_c.jpeg"
    ],
    "ultima_modificacion": "2025-08-01 01:01:13.393880"
  },
  "c5545b4941cc4612ae77137acde86c6445005c.jpeg": {
    "app_sintetizada": "C5545B4941CC4612AE77137ACDE86C6445005C.JPEG",
    "cantidad_archivos": 1,
    "archivos_fuente": [
      "Pictures/Fototeca de Fotos.photoslibrary/resources/derivatives/masters/C/C5545B49-41CC-4612-AE77-137ACDE86C64_4_5005_c.jpeg"
    ],
    "ultima_modificacion": "2025-08-01 01:01:13.394162"
  },
  "c5c4c466cfa640279893be8cb591aa1c45005c.jpeg": {
    "app_sintetizada": "C5C4C466CFA640279893BE8CB591AA1C45005C.JPEG",
    "cantidad_archivos": 1,
    "archivos_fuente": [
      "Pictures/Fototeca de Fotos.photoslibrary/resources/derivatives/masters/C/C5C4C466-CFA6-4027-9893-BE8CB591AA1C_4_5005_c.jpeg"
    ],
    "ultima_modificacion": "2025-08-01 01:01:13.394489"
  },
  "c7d75a9485654900a0d254460fed971745005c.jpeg": {
    "app_sintetizada": "C7D75A9485654900A0D254460FED971745005C.JPEG",
    "cantidad_archivos": 1,
    "archivos_fuente": [
      "Pictures/Fototeca de Fotos.photoslibrary/resources/derivatives/masters/C/C7D75A94-8565-4900-A0D2-54460FED9717_4_5005_c.jpeg"
    ],
    "ultima_modificacion": "2025-08-01 01:01:13.394812"
  },
  "cba83f1d754c4e139688f84e8f63f50e45005c.jpeg": {
    "app_sintetizada": "CBA83F1D754C4E139688F84E8F63F50E45005C.JPEG",
    "cantidad_archivos": 1,
    "archivos_fuente": [
      "Pictures/Fototeca de Fotos.photoslibrary/resources/derivatives/masters/C/CBA83F1D-754C-4E13-9688-F84E8F63F50E_4_5005_c.jpeg"
    ],
    "ultima_modificacion": "2025-08-01 01:01:13.395372"
  },
  "c6c724904fab4f0699c021f1368bd60245005c.jpeg": {
    "app_sintetizada": "C6C724904FAB4F0699C021F1368BD60245005C.JPEG",
    "cantidad_archivos": 1,
    "archivos_fuente": [
      "Pictures/Fototeca de Fotos.photoslibrary/resources/derivatives/masters/C/C6C72490-4FAB-4F06-99C0-21F1368BD602_4_5005_c.jpeg"
    ],
    "ultima_modificacion": "2025-08-01 01:01:13.395733"
  },
  "c642e036e808461d8db6b510ab89624845005c.jpeg": {
    "app_sintetizada": "C642E036E808461D8DB6B510AB89624845005C.JPEG",
    "cantidad_archivos": 1,
    "archivos_fuente": [
      "Pictures/Fototeca de Fotos.photoslibrary/resources/derivatives/masters/C/C642E036-E808-461D-8DB6-B510AB896248_4_5005_c.jpeg"
    ],
    "ultima_modificacion": "2025-08-01 01:01:13.396048"
  },
  "cd75c4c7d9c34d0c9d3d5abf35f2e52e45005c.jpeg": {
    "app_sintetizada": "CD75C4C7D9C34D0C9D3D5ABF35F2E52E45005C.JPEG",
    "cantidad_archivos": 1,
    "archivos_fuente": [
      "Pictures/Fototeca de Fotos.photoslibrary/resources/derivatives/masters/C/CD75C4C7-D9C3-4D0C-9D3D-5ABF35F2E52E_4_5005_c.jpeg"
    ],
    "ultima_modificacion": "2025-08-01 01:01:13.396395"
  },
  "c934f63a5bfb4f529a661d7bcbc6844045005c.jpeg": {
    "app_sintetizada": "C934F63A5BFB4F529A661D7BCBC6844045005C.JPEG",
    "cantidad_archivos": 1,
    "archivos_fuente": [
      "Pictures/Fototeca de Fotos.photoslibrary/resources/derivatives/masters/C/C934F63A-5BFB-4F52-9A66-1D7BCBC68440_4_5005_c.jpeg"
    ],
    "ultima_modificacion": "2025-08-01 01:01:13.396721"
  },
  "c9a40bc240eb43e4817ee5989902cf5e45005c.jpeg": {
    "app_sintetizada": "C9A40BC240EB43E4817EE5989902CF5E45005C.JPEG",
    "cantidad_archivos": 1,
    "archivos_fuente": [
      "Pictures/Fototeca de Fotos.photoslibrary/resources/derivatives/masters/C/C9A40BC2-40EB-43E4-817E-E5989902CF5E_4_5005_c.jpeg"
    ],
    "ultima_modificacion": "2025-08-01 01:01:13.397011"
  },
  "cbb8d0d3b123421c9323d011e14f148345005c.jpeg": {
    "app_sintetizada": "CBB8D0D3B123421C9323D011E14F148345005C.JPEG",
    "cantidad_archivos": 1,
    "archivos_fuente": [
      "Pictures/Fototeca de Fotos.photoslibrary/resources/derivatives/masters/C/CBB8D0D3-B123-421C-9323-D011E14F1483_4_5005_c.jpeg"
    ],
    "ultima_modificacion": "2025-08-01 01:01:13.397286"
  },
  "ca9d6f784d2f4442b69828018d6e283245005c.jpeg": {
    "app_sintetizada": "CA9D6F784D2F4442B69828018D6E283245005C.JPEG",
    "cantidad_archivos": 1,
    "archivos_fuente": [
      "Pictures/Fototeca de Fotos.photoslibrary/resources/derivatives/masters/C/CA9D6F78-4D2F-4442-B698-28018D6E2832_4_5005_c.jpeg"
    ],
    "ultima_modificacion": "2025-08-01 01:01:13.397572"
  },
  "c1b2eeebc93b4319b69e51f25ac023f745005c.jpeg": {
    "app_sintetizada": "C1B2EEEBC93B4319B69E51F25AC023F745005C.JPEG",
    "cantidad_archivos": 1,
    "archivos_fuente": [
      "Pictures/Fototeca de Fotos.photoslibrary/resources/derivatives/masters/C/C1B2EEEB-C93B-4319-B69E-51F25AC023F7_4_5005_c.jpeg"
    ],
    "ultima_modificacion": "2025-08-01 01:01:13.397874"
  },
  "ce8913081333446c88a54a20cda2ca0145005c.jpeg": {
    "app_sintetizada": "CE8913081333446C88A54A20CDA2CA0145005C.JPEG",
    "cantidad_archivos": 1,
    "archivos_fuente": [
      "Pictures/Fototeca de Fotos.photoslibrary/resources/derivatives/masters/C/CE891308-1333-446C-88A5-4A20CDA2CA01_4_5005_c.jpeg"
    ],
    "ultima_modificacion": "2025-08-01 01:01:13.398183"
  },
  "c54edc687bb4474f88f55aeb51f0315d45005c.jpeg": {
    "app_sintetizada": "C54EDC687BB4474F88F55AEB51F0315D45005C.JPEG",
    "cantidad_archivos": 1,
    "archivos_fuente": [
      "Pictures/Fototeca de Fotos.photoslibrary/resources/derivatives/masters/C/C54EDC68-7BB4-474F-88F5-5AEB51F0315D_4_5005_c.jpeg"
    ],
    "ultima_modificacion": "2025-08-01 01:01:13.398517"
  },
  "c9ad793f5d7443179e8fa64e6a2ceb1545005c.jpeg": {
    "app_sintetizada": "C9AD793F5D7443179E8FA64E6A2CEB1545005C.JPEG",
    "cantidad_archivos": 1,
    "archivos_fuente": [
      "Pictures/Fototeca de Fotos.photoslibrary/resources/derivatives/masters/C/C9AD793F-5D74-4317-9E8F-A64E6A2CEB15_4_5005_c.jpeg"
    ],
    "ultima_modificacion": "2025-08-01 01:01:13.398904"
  },
  "c4bf58a9f291430b857fa5da8bfd437b45005c.jpeg": {
    "app_sintetizada": "C4BF58A9F291430B857FA5DA8BFD437B45005C.JPEG",
    "cantidad_archivos": 1,
    "archivos_fuente": [
      "Pictures/Fototeca de Fotos.photoslibrary/resources/derivatives/masters/C/C4BF58A9-F291-430B-857F-A5DA8BFD437B_4_5005_c.jpeg"
    ],
    "ultima_modificacion": "2025-08-01 01:01:13.399212"
  },
  "c3add38d91bf4afcb4028e280b2ba4e845005c.jpeg": {
    "app_sintetizada": "C3ADD38D91BF4AFCB4028E280B2BA4E845005C.JPEG",
    "cantidad_archivos": 1,
    "archivos_fuente": [
      "Pictures/Fototeca de Fotos.photoslibrary/resources/derivatives/masters/C/C3ADD38D-91BF-4AFC-B402-8E280B2BA4E8_4_5005_c.jpeg"
    ],
    "ultima_modificacion": "2025-08-01 01:01:13.399555"
  },
  "c81636e59866459fbdde0305b91b802345005c.jpeg": {
    "app_sintetizada": "C81636E59866459FBDDE0305B91B802345005C.JPEG",
    "cantidad_archivos": 1,
    "archivos_fuente": [
      "Pictures/Fototeca de Fotos.photoslibrary/resources/derivatives/masters/C/C81636E5-9866-459F-BDDE-0305B91B8023_4_5005_c.jpeg"
    ],
    "ultima_modificacion": "2025-08-01 01:01:13.399871"
  },
  "cec3f77f7fe645a1bc56a84eda80232445005c.jpeg": {
    "app_sintetizada": "CEC3F77F7FE645A1BC56A84EDA80232445005C.JPEG",
    "cantidad_archivos": 1,
    "archivos_fuente": [
      "Pictures/Fototeca de Fotos.photoslibrary/resources/derivatives/masters/C/CEC3F77F-7FE6-45A1-BC56-A84EDA802324_4_5005_c.jpeg"
    ],
    "ultima_modificacion": "2025-08-01 01:01:13.400222"
  },
  "c62518526e7c4877b9a94dce0fac339545005c.jpeg": {
    "app_sintetizada": "C62518526E7C4877B9A94DCE0FAC339545005C.JPEG",
    "cantidad_archivos": 1,
    "archivos_fuente": [
      "Pictures/Fototeca de Fotos.photoslibrary/resources/derivatives/masters/C/C6251852-6E7C-4877-B9A9-4DCE0FAC3395_4_5005_c.jpeg"
    ],
    "ultima_modificacion": "2025-08-01 01:01:13.400540"
  },
  "ceda6659a4c14d508f386655d2db8a4145005c.jpeg": {
    "app_sintetizada": "CEDA6659A4C14D508F386655D2DB8A4145005C.JPEG",
    "cantidad_archivos": 1,
    "archivos_fuente": [
      "Pictures/Fototeca de Fotos.photoslibrary/resources/derivatives/masters/C/CEDA6659-A4C1-4D50-8F38-6655D2DB8A41_4_5005_c.jpeg"
    ],
    "ultima_modificacion": "2025-08-01 01:01:13.400847"
  },
  "c790049894f54ef7adc6c82f9aa88b2245005c.jpeg": {
    "app_sintetizada": "C790049894F54EF7ADC6C82F9AA88B2245005C.JPEG",
    "cantidad_archivos": 1,
    "archivos_fuente": [
      "Pictures/Fototeca de Fotos.photoslibrary/resources/derivatives/masters/C/C7900498-94F5-4EF7-ADC6-C82F9AA88B22_4_5005_c.jpeg"
    ],
    "ultima_modificacion": "2025-08-01 01:01:13.401195"
  },
  "c99b9b671db8455aa9919883c659d0ca45005c.jpeg": {
    "app_sintetizada": "C99B9B671DB8455AA9919883C659D0CA45005C.JPEG",
    "cantidad_archivos": 1,
    "archivos_fuente": [
      "Pictures/Fototeca de Fotos.photoslibrary/resources/derivatives/masters/C/C99B9B67-1DB8-455A-A991-9883C659D0CA_4_5005_c.jpeg"
    ],
    "ultima_modificacion": "2025-08-01 01:01:13.401554"
  },
  "cb4585c4b7dd4c3eb2e98ca2e8057fc545005c.jpeg": {
    "app_sintetizada": "CB4585C4B7DD4C3EB2E98CA2E8057FC545005C.JPEG",
    "cantidad_archivos": 1,
    "archivos_fuente": [
      "Pictures/Fototeca de Fotos.photoslibrary/resources/derivatives/masters/C/CB4585C4-B7DD-4C3E-B2E9-8CA2E8057FC5_4_5005_c.jpeg"
    ],
    "ultima_modificacion": "2025-08-01 01:01:13.401878"
  },
  "c8ade8971d3546cb8c65a4a5134e0a3f45005c.jpeg": {
    "app_sintetizada": "C8ADE8971D3546CB8C65A4A5134E0A3F45005C.JPEG",
    "cantidad_archivos": 1,
    "archivos_fuente": [
      "Pictures/Fototeca de Fotos.photoslibrary/resources/derivatives/masters/C/C8ADE897-1D35-46CB-8C65-A4A5134E0A3F_4_5005_c.jpeg"
    ],
    "ultima_modificacion": "2025-08-01 01:01:13.402223"
  },
  "c6db718d91a240e0b465c8189da1213945005c.jpeg": {
    "app_sintetizada": "C6DB718D91A240E0B465C8189DA1213945005C.JPEG",
    "cantidad_archivos": 1,
    "archivos_fuente": [
      "Pictures/Fototeca de Fotos.photoslibrary/resources/derivatives/masters/C/C6DB718D-91A2-40E0-B465-C8189DA12139_4_5005_c.jpeg"
    ],
    "ultima_modificacion": "2025-08-01 01:01:13.402541"
  },
  "cf67f16d44294148b6ba71dfae7041d645005c.jpeg": {
    "app_sintetizada": "CF67F16D44294148B6BA71DFAE7041D645005C.JPEG",
    "cantidad_archivos": 1,
    "archivos_fuente": [
      "Pictures/Fototeca de Fotos.photoslibrary/resources/derivatives/masters/C/CF67F16D-4429-4148-B6BA-71DFAE7041D6_4_5005_c.jpeg"
    ],
    "ultima_modificacion": "2025-08-01 01:01:13.402860"
  },
  "cfdc302fc91843cbb8b26bb0d5b31e2545005c.jpeg": {
    "app_sintetizada": "CFDC302FC91843CBB8B26BB0D5B31E2545005C.JPEG",
    "cantidad_archivos": 1,
    "archivos_fuente": [
      "Pictures/Fototeca de Fotos.photoslibrary/resources/derivatives/masters/C/CFDC302F-C918-43CB-B8B2-6BB0D5B31E25_4_5005_c.jpeg"
    ],
    "ultima_modificacion": "2025-08-01 01:01:13.403179"
  },
  "c76fb96207f84a4ea8317415b98d985a45005c.jpeg": {
    "app_sintetizada": "C76FB96207F84A4EA8317415B98D985A45005C.JPEG",
    "cantidad_archivos": 1,
    "archivos_fuente": [
      "Pictures/Fototeca de Fotos.photoslibrary/resources/derivatives/masters/C/C76FB962-07F8-4A4E-A831-7415B98D985A_4_5005_c.jpeg"
    ],
    "ultima_modificacion": "2025-08-01 01:01:13.403489"
  },
  "ce3c62926b384950a2cf337822d705fd45005c.jpeg": {
    "app_sintetizada": "CE3C62926B384950A2CF337822D705FD45005C.JPEG",
    "cantidad_archivos": 1,
    "archivos_fuente": [
      "Pictures/Fototeca de Fotos.photoslibrary/resources/derivatives/masters/C/CE3C6292-6B38-4950-A2CF-337822D705FD_4_5005_c.jpeg"
    ],
    "ultima_modificacion": "2025-08-01 01:01:13.403827"
  },
  "c62b1c4025594215af5c6cc7f433be9045005c.jpeg": {
    "app_sintetizada": "C62B1C4025594215AF5C6CC7F433BE9045005C.JPEG",
    "cantidad_archivos": 1,
    "archivos_fuente": [
      "Pictures/Fototeca de Fotos.photoslibrary/resources/derivatives/masters/C/C62B1C40-2559-4215-AF5C-6CC7F433BE90_4_5005_c.jpeg"
    ],
    "ultima_modificacion": "2025-08-01 01:01:13.404388"
  },
  "cac8aec56bdb4ee89e725f505ae9414245005c.jpeg": {
    "app_sintetizada": "CAC8AEC56BDB4EE89E725F505AE9414245005C.JPEG",
    "cantidad_archivos": 1,
    "archivos_fuente": [
      "Pictures/Fototeca de Fotos.photoslibrary/resources/derivatives/masters/C/CAC8AEC5-6BDB-4EE8-9E72-5F505AE94142_4_5005_c.jpeg"
    ],
    "ultima_modificacion": "2025-08-01 01:01:13.404707"
  },
  "ce953a452937412ea5582c0fd880323f45005c.jpeg": {
    "app_sintetizada": "CE953A452937412EA5582C0FD880323F45005C.JPEG",
    "cantidad_archivos": 1,
    "archivos_fuente": [
      "Pictures/Fototeca de Fotos.photoslibrary/resources/derivatives/masters/C/CE953A45-2937-412E-A558-2C0FD880323F_4_5005_c.jpeg"
    ],
    "ultima_modificacion": "2025-08-01 01:01:13.405075"
  },
  "c6019862b47f4179a884b2b19312d60145005c.jpeg": {
    "app_sintetizada": "C6019862B47F4179A884B2B19312D60145005C.JPEG",
    "cantidad_archivos": 1,
    "archivos_fuente": [
      "Pictures/Fototeca de Fotos.photoslibrary/resources/derivatives/masters/C/C6019862-B47F-4179-A884-B2B19312D601_4_5005_c.jpeg"
    ],
    "ultima_modificacion": "2025-08-01 01:01:13.405509"
  },
  "c43b0535637d4c31a7623225e30728dd45005c.jpeg": {
    "app_sintetizada": "C43B0535637D4C31A7623225E30728DD45005C.JPEG",
    "cantidad_archivos": 1,
    "archivos_fuente": [
      "Pictures/Fototeca de Fotos.photoslibrary/resources/derivatives/masters/C/C43B0535-637D-4C31-A762-3225E30728DD_4_5005_c.jpeg"
    ],
    "ultima_modificacion": "2025-08-01 01:01:13.405879"
  },
  "c21a049266fe4bb8a5c26950e66583b145005c.jpeg": {
    "app_sintetizada": "C21A049266FE4BB8A5C26950E66583B145005C.JPEG",
    "cantidad_archivos": 1,
    "archivos_fuente": [
      "Pictures/Fototeca de Fotos.photoslibrary/resources/derivatives/masters/C/C21A0492-66FE-4BB8-A5C2-6950E66583B1_4_5005_c.jpeg"
    ],
    "ultima_modificacion": "2025-08-01 01:01:13.406249"
  },
  "caba2b3b93334b54a4f87c162d43841845005c.jpeg": {
    "app_sintetizada": "CABA2B3B93334B54A4F87C162D43841845005C.JPEG",
    "cantidad_archivos": 1,
    "archivos_fuente": [
      "Pictures/Fototeca de Fotos.photoslibrary/resources/derivatives/masters/C/CABA2B3B-9333-4B54-A4F8-7C162D438418_4_5005_c.jpeg"
    ],
    "ultima_modificacion": "2025-08-01 01:01:13.406650"
  },
  "c7f19ae17623466e85ff35aface4aef745005c.jpeg": {
    "app_sintetizada": "C7F19AE17623466E85FF35AFACE4AEF745005C.JPEG",
    "cantidad_archivos": 1,
    "archivos_fuente": [
      "Pictures/Fototeca de Fotos.photoslibrary/resources/derivatives/masters/C/C7F19AE1-7623-466E-85FF-35AFACE4AEF7_4_5005_c.jpeg"
    ],
    "ultima_modificacion": "2025-08-01 01:01:13.407025"
  },
  "c298aed997e3495c8f686133ccb17d5d45005c.jpeg": {
    "app_sintetizada": "C298AED997E3495C8F686133CCB17D5D45005C.JPEG",
    "cantidad_archivos": 1,
    "archivos_fuente": [
      "Pictures/Fototeca de Fotos.photoslibrary/resources/derivatives/masters/C/C298AED9-97E3-495C-8F68-6133CCB17D5D_4_5005_c.jpeg"
    ],
    "ultima_modificacion": "2025-08-01 01:01:13.407388"
  },
  "cd494611f7484e688149c90a315bf3d845005c.jpeg": {
    "app_sintetizada": "CD494611F7484E688149C90A315BF3D845005C.JPEG",
    "cantidad_archivos": 1,
    "archivos_fuente": [
      "Pictures/Fototeca de Fotos.photoslibrary/resources/derivatives/masters/C/CD494611-F748-4E68-8149-C90A315BF3D8_4_5005_c.jpeg"
    ],
    "ultima_modificacion": "2025-08-01 01:01:13.407819"
  },
  "ce595a60758f4c7891902f78cdc8f4e645005c.jpeg": {
    "app_sintetizada": "CE595A60758F4C7891902F78CDC8F4E645005C.JPEG",
    "cantidad_archivos": 1,
    "archivos_fuente": [
      "Pictures/Fototeca de Fotos.photoslibrary/resources/derivatives/masters/C/CE595A60-758F-4C78-9190-2F78CDC8F4E6_4_5005_c.jpeg"
    ],
    "ultima_modificacion": "2025-08-01 01:01:13.408219"
  },
  "cadd3575c562471eb152449b8d33ce4345005c.jpeg": {
    "app_sintetizada": "CADD3575C562471EB152449B8D33CE4345005C.JPEG",
    "cantidad_archivos": 1,
    "archivos_fuente": [
      "Pictures/Fototeca de Fotos.photoslibrary/resources/derivatives/masters/C/CADD3575-C562-471E-B152-449B8D33CE43_4_5005_c.jpeg"
    ],
    "ultima_modificacion": "2025-08-01 01:01:13.408599"
  },
  "c692039f2a8047f387bafd47ec95e75b45005c.jpeg": {
    "app_sintetizada": "C692039F2A8047F387BAFD47EC95E75B45005C.JPEG",
    "cantidad_archivos": 1,
    "archivos_fuente": [
      "Pictures/Fototeca de Fotos.photoslibrary/resources/derivatives/masters/C/C692039F-2A80-47F3-87BA-FD47EC95E75B_4_5005_c.jpeg"
    ],
    "ultima_modificacion": "2025-08-01 01:01:13.408934"
  },
  "c6192a21c71f4b58a796f5ab8ff2f2f345005c.jpeg": {
    "app_sintetizada": "C6192A21C71F4B58A796F5AB8FF2F2F345005C.JPEG",
    "cantidad_archivos": 1,
    "archivos_fuente": [
      "Pictures/Fototeca de Fotos.photoslibrary/resources/derivatives/masters/C/C6192A21-C71F-4B58-A796-F5AB8FF2F2F3_4_5005_c.jpeg"
    ],
    "ultima_modificacion": "2025-08-01 01:01:13.409301"
  },
  "cedfb25c95794ffd9048f94df5b70d6745005c.jpeg": {
    "app_sintetizada": "CEDFB25C95794FFD9048F94DF5B70D6745005C.JPEG",
    "cantidad_archivos": 1,
    "archivos_fuente": [
      "Pictures/Fototeca de Fotos.photoslibrary/resources/derivatives/masters/C/CEDFB25C-9579-4FFD-9048-F94DF5B70D67_4_5005_c.jpeg"
    ],
    "ultima_modificacion": "2025-08-01 01:01:13.409669"
  },
  "c02af94c176d4c40999037fd8bdaf13845005c.jpeg": {
    "app_sintetizada": "C02AF94C176D4C40999037FD8BDAF13845005C.JPEG",
    "cantidad_archivos": 1,
    "archivos_fuente": [
      "Pictures/Fototeca de Fotos.photoslibrary/resources/derivatives/masters/C/C02AF94C-176D-4C40-9990-37FD8BDAF138_4_5005_c.jpeg"
    ],
    "ultima_modificacion": "2025-08-01 01:01:13.410057"
  }
}