{
  "8a84fa03f6c84b1c9370487d724bd91645005c.jpeg": {
    "app_sintetizada": "8A84FA03F6C84B1C9370487D724BD91645005C.JPEG",
    "cantidad_archivos": 1,
    "archivos_fuente": [
      "Pictures/Fototeca de Fotos.photoslibrary/resources/derivatives/masters/8/8A84FA03-F6C8-4B1C-9370-487D724BD916_4_5005_c.jpeg"
    ],
    "ultima_modificacion": "2025-08-01 01:01:10.128757"
  },
  "8e059c2555f24a0fb5ebf0a9c4fa15bc45005c.jpeg": {
    "app_sintetizada": "8E059C2555F24A0FB5EBF0A9C4FA15BC45005C.JPEG",
    "cantidad_archivos": 1,
    "archivos_fuente": [
      "Pictures/Fototeca de Fotos.photoslibrary/resources/derivatives/masters/8/8E059C25-55F2-4A0F-B5EB-F0A9C4FA15BC_4_5005_c.jpeg"
    ],
    "ultima_modificacion": "2025-08-01 01:01:10.129018"
  },
  "82614301f8084b8d8084cf53441dbd3945005c.jpeg": {
    "app_sintetizada": "82614301F8084B8D8084CF53441DBD3945005C.JPEG",
    "cantidad_archivos": 1,
    "archivos_fuente": [
      "Pictures/Fototeca de Fotos.photoslibrary/resources/derivatives/masters/8/82614301-F808-4B8D-8084-CF53441DBD39_4_5005_c.jpeg"
    ],
    "ultima_modificacion": "2025-08-01 01:01:10.129253"
  },
  "86f3f7cd655d4704969c3e58c6a9982d45005c.jpeg": {
    "app_sintetizada": "86F3F7CD655D4704969C3E58C6A9982D45005C.JPEG",
    "cantidad_archivos": 1,
    "archivos_fuente": [
      "Pictures/Fototeca de Fotos.photoslibrary/resources/derivatives/masters/8/86F3F7CD-655D-4704-969C-3E58C6A9982D_4_5005_c.jpeg"
    ],
    "ultima_modificacion": "2025-08-01 01:01:10.129624"
  },
  "875efa985c374457a36f0be829e2203b45005c.jpeg": {
    "app_sintetizada": "875EFA985C374457A36F0BE829E2203B45005C.JPEG",
    "cantidad_archivos": 1,
    "archivos_fuente": [
      "Pictures/Fototeca de Fotos.photoslibrary/resources/derivatives/masters/8/875EFA98-5C37-4457-A36F-0BE829E2203B_4_5005_c.jpeg"
    ],
    "ultima_modificacion": "2025-08-01 01:01:10.129879"
  },
  "882aeb038ed04a5db57d0b071256932a45005c.jpeg": {
    "app_sintetizada": "882AEB038ED04A5DB57D0B071256932A45005C.JPEG",
    "cantidad_archivos": 1,
    "archivos_fuente": [
      "Pictures/Fototeca de Fotos.photoslibrary/resources/derivatives/masters/8/882AEB03-8ED0-4A5D-B57D-0B071256932A_4_5005_c.jpeg"
    ],
    "ultima_modificacion": "2025-08-01 01:01:10.130124"
  },
  "8ee0269489404f468c9d321184a20d8345005c.jpeg": {
    "app_sintetizada": "8EE0269489404F468C9D321184A20D8345005C.JPEG",
    "cantidad_archivos": 1,
    "archivos_fuente": [
      "Pictures/Fototeca de Fotos.photoslibrary/resources/derivatives/masters/8/8EE02694-8940-4F46-8C9D-321184A20D83_4_5005_c.jpeg"
    ],
    "ultima_modificacion": "2025-08-01 01:01:10.130335"
  },
  "89f7c7f2facb45c1aecd080873a4818b45005c.jpeg": {
    "app_sintetizada": "89F7C7F2FACB45C1AECD080873A4818B45005C.JPEG",
    "cantidad_archivos": 1,
    "archivos_fuente": [
      "Pictures/Fototeca de Fotos.photoslibrary/resources/derivatives/masters/8/89F7C7F2-FACB-45C1-AECD-080873A4818B_4_5005_c.jpeg"
    ],
    "ultima_modificacion": "2025-08-01 01:01:10.130530"
  },
  "80275d7b0c044ad0b3559886452fd80a45005c.jpeg": {
    "app_sintetizada": "80275D7B0C044AD0B3559886452FD80A45005C.JPEG",
    "cantidad_archivos": 1,
    "archivos_fuente": [
      "Pictures/Fototeca de Fotos.photoslibrary/resources/derivatives/masters/8/80275D7B-0C04-4AD0-B355-9886452FD80A_4_5005_c.jpeg"
    ],
    "ultima_modificacion": "2025-08-01 01:01:10.130723"
  },
  "8c35f994f01f4c0381b83788fa5cdda745005c.jpeg": {
    "app_sintetizada": "8C35F994F01F4C0381B83788FA5CDDA745005C.JPEG",
    "cantidad_archivos": 1,
    "archivos_fuente": [
      "Pictures/Fototeca de Fotos.photoslibrary/resources/derivatives/masters/8/8C35F994-F01F-4C03-81B8-3788FA5CDDA7_4_5005_c.jpeg"
    ],
    "ultima_modificacion": "2025-08-01 01:01:10.130931"
  },
  "89b19d13598f4720bf8482b36c2065af45005c.jpeg": {
    "app_sintetizada": "89B19D13598F4720BF8482B36C2065AF45005C.JPEG",
    "cantidad_archivos": 1,
    "archivos_fuente": [
      "Pictures/Fototeca de Fotos.photoslibrary/resources/derivatives/masters/8/89B19D13-598F-4720-BF84-82B36C2065AF_4_5005_c.jpeg"
    ],
    "ultima_modificacion": "2025-08-01 01:01:10.131259"
  },
  "88e2ae4f79754c92aa871bb13b8ab74245005c.jpeg": {
    "app_sintetizada": "88E2AE4F79754C92AA871BB13B8AB74245005C.JPEG",
    "cantidad_archivos": 1,
    "archivos_fuente": [
      "Pictures/Fototeca de Fotos.photoslibrary/resources/derivatives/masters/8/88E2AE4F-7975-4C92-AA87-1BB13B8AB742_4_5005_c.jpeg"
    ],
    "ultima_modificacion": "2025-08-01 01:01:10.131524"
  },
  "8cc89f45d479466c820391123f3a224345005c.jpeg": {
    "app_sintetizada": "8CC89F45D479466C820391123F3A224345005C.JPEG",
    "cantidad_archivos": 1,
    "archivos_fuente": [
      "Pictures/Fototeca de Fotos.photoslibrary/resources/derivatives/masters/8/8CC89F45-D479-466C-8203-91123F3A2243_4_5005_c.jpeg"
    ],
    "ultima_modificacion": "2025-08-01 01:01:10.131770"
  },
  "83e61997d37e49aa9de765bcd90351f445005c.jpeg": {
    "app_sintetizada": "83E61997D37E49AA9DE765BCD90351F445005C.JPEG",
    "cantidad_archivos": 1,
    "archivos_fuente": [
      "Pictures/Fototeca de Fotos.photoslibrary/resources/derivatives/masters/8/83E61997-D37E-49AA-9DE7-65BCD90351F4_4_5005_c.jpeg"
    ],
    "ultima_modificacion": "2025-08-01 01:01:10.132062"
  },
  "897a8e37fe114f6a9106ecbdedd7a41545005c.jpeg": {
    "app_sintetizada": "897A8E37FE114F6A9106ECBDEDD7A41545005C.JPEG",
    "cantidad_archivos": 1,
    "archivos_fuente": [
      "Pictures/Fototeca de Fotos.photoslibrary/resources/derivatives/masters/8/897A8E37-FE11-4F6A-9106-ECBDEDD7A415_4_5005_c.jpeg"
    ],
    "ultima_modificacion": "2025-08-01 01:01:10.132294"
  },
  "8becdb54dc734a13bf75fed6ff471d9b45005c.jpeg": {
    "app_sintetizada": "8BECDB54DC734A13BF75FED6FF471D9B45005C.JPEG",
    "cantidad_archivos": 1,
    "archivos_fuente": [
      "Pictures/Fototeca de Fotos.photoslibrary/resources/derivatives/masters/8/8BECDB54-DC73-4A13-BF75-FED6FF471D9B_4_5005_c.jpeg"
    ],
    "ultima_modificacion": "2025-08-01 01:01:10.132490"
  },
  "8e36d01ce7e74589acde0790ac09684c45005c.jpeg": {
    "app_sintetizada": "8E36D01CE7E74589ACDE0790AC09684C45005C.JPEG",
    "cantidad_archivos": 1,
    "archivos_fuente": [
      "Pictures/Fototeca de Fotos.photoslibrary/resources/derivatives/masters/8/8E36D01C-E7E7-4589-ACDE-0790AC09684C_4_5005_c.jpeg"
    ],
    "ultima_modificacion": "2025-08-01 01:01:10.132688"
  },
  "8ba1b110ad394e74a03395b9a8d9ee2645005c.jpeg": {
    "app_sintetizada": "8BA1B110AD394E74A03395B9A8D9EE2645005C.JPEG",
    "cantidad_archivos": 1,
    "archivos_fuente": [
      "Pictures/Fototeca de Fotos.photoslibrary/resources/derivatives/masters/8/8BA1B110-AD39-4E74-A033-95B9A8D9EE26_4_5005_c.jpeg"
    ],
    "ultima_modificacion": "2025-08-01 01:01:10.132906"
  },
  "8b2e156d02c1425fae6558dcfd0685c345005c.jpeg": {
    "app_sintetizada": "8B2E156D02C1425FAE6558DCFD0685C345005C.JPEG",
    "cantidad_archivos": 1,
    "archivos_fuente": [
      "Pictures/Fototeca de Fotos.photoslibrary/resources/derivatives/masters/8/8B2E156D-02C1-425F-AE65-58DCFD0685C3_4_5005_c.jpeg"
    ],
    "ultima_modificacion": "2025-08-01 01:01:10.133107"
  },
  "84adcaaa2875471abcf7c7c5a4e6f8b345005c.jpeg": {
    "app_sintetizada": "84ADCAAA2875471ABCF7C7C5A4E6F8B345005C.JPEG",
    "cantidad_archivos": 1,
    "archivos_fuente": [
      "Pictures/Fototeca de Fotos.photoslibrary/resources/derivatives/masters/8/84ADCAAA-2875-471A-BCF7-C7C5A4E6F8B3_4_5005_c.jpeg"
    ],
    "ultima_modificacion": "2025-08-01 01:01:10.133297"
  },
  "809f77f55fb645c087447ad99dfc7a0345005c.jpeg": {
    "app_sintetizada": "809F77F55FB645C087447AD99DFC7A0345005C.JPEG",
    "cantidad_archivos": 1,
    "archivos_fuente": [
      "Pictures/Fototeca de Fotos.photoslibrary/resources/derivatives/masters/8/809F77F5-5FB6-45C0-8744-7AD99DFC7A03_4_5005_c.jpeg"
    ],
    "ultima_modificacion": "2025-08-01 01:01:10.133484"
  },
  "86a7b173775740568aa9f3fe006f4c0a45005c.jpeg": {
    "app_sintetizada": "86A7B173775740568AA9F3FE006F4C0A45005C.JPEG",
    "cantidad_archivos": 1,
    "archivos_fuente": [
      "Pictures/Fototeca de Fotos.photoslibrary/resources/derivatives/masters/8/86A7B173-7757-4056-8AA9-F3FE006F4C0A_4_5005_c.jpeg"
    ],
    "ultima_modificacion": "2025-08-01 01:01:10.133660"
  },
  "8fa18f1da9f04655b914092b9c020c0d45005c.jpeg": {
    "app_sintetizada": "8FA18F1DA9F04655B914092B9C020C0D45005C.JPEG",
    "cantidad_archivos": 1,
    "archivos_fuente": [
      "Pictures/Fototeca de Fotos.photoslibrary/resources/derivatives/masters/8/8FA18F1D-A9F0-4655-B914-092B9C020C0D_4_5005_c.jpeg"
    ],
    "ultima_modificacion": "2025-08-01 01:01:10.133838"
  },
  "87f97ed5754845579f8213ecf30411f045005c.jpeg": {
    "app_sintetizada": "87F97ED5754845579F8213ECF30411F045005C.JPEG",
    "cantidad_archivos": 1,
    "archivos_fuente": [
      "Pictures/Fototeca de Fotos.photoslibrary/resources/derivatives/masters/8/87F97ED5-7548-4557-9F82-13ECF30411F0_4_5005_c.jpeg"
    ],
    "ultima_modificacion": "2025-08-01 01:01:10.134113"
  },
  "845fb824af3143a6a9b8a06a1597258645005c.jpeg": {
    "app_sintetizada": "845FB824AF3143A6A9B8A06A1597258645005C.JPEG",
    "cantidad_archivos": 1,
    "archivos_fuente": [
      "Pictures/Fototeca de Fotos.photoslibrary/resources/derivatives/masters/8/845FB824-AF31-43A6-A9B8-A06A15972586_4_5005_c.jpeg"
    ],
    "ultima_modificacion": "2025-08-01 01:01:10.134423"
  },
  "88212a275f9748b8b74088baf39a9ff245005c.jpeg": {
    "app_sintetizada": "88212A275F9748B8B74088BAF39A9FF245005C.JPEG",
    "cantidad_archivos": 1,
    "archivos_fuente": [
      "Pictures/Fototeca de Fotos.photoslibrary/resources/derivatives/masters/8/88212A27-5F97-48B8-B740-88BAF39A9FF2_4_5005_c.jpeg"
    ],
    "ultima_modificacion": "2025-08-01 01:01:10.134744"
  },
  "86b0f1dc2b4943759275a7f8f45051b445005c.jpeg": {
    "app_sintetizada": "86B0F1DC2B4943759275A7F8F45051B445005C.JPEG",
    "cantidad_archivos": 1,
    "archivos_fuente": [
      "Pictures/Fototeca de Fotos.photoslibrary/resources/derivatives/masters/8/86B0F1DC-2B49-4375-9275-A7F8F45051B4_4_5005_c.jpeg"
    ],
    "ultima_modificacion": "2025-08-01 01:01:10.135018"
  },
  "8de7995d97dc4d5db36f2f05e4c4196a45005c.jpeg": {
    "app_sintetizada": "8DE7995D97DC4D5DB36F2F05E4C4196A45005C.JPEG",
    "cantidad_archivos": 1,
    "archivos_fuente": [
      "Pictures/Fototeca de Fotos.photoslibrary/resources/derivatives/masters/8/8DE7995D-97DC-4D5D-B36F-2F05E4C4196A_4_5005_c.jpeg"
    ],
    "ultima_modificacion": "2025-08-01 01:01:10.135324"
  },
  "81f3dbf668304b44b4ccebc07bd11a3e45005c.jpeg": {
    "app_sintetizada": "81F3DBF668304B44B4CCEBC07BD11A3E45005C.JPEG",
    "cantidad_archivos": 1,
    "archivos_fuente": [
      "Pictures/Fototeca de Fotos.photoslibrary/resources/derivatives/masters/8/81F3DBF6-6830-4B44-B4CC-EBC07BD11A3E_4_5005_c.jpeg"
    ],
    "ultima_modificacion": "2025-08-01 01:01:10.135638"
  },
  "8759112d900f4c47aa64c9ef871bebce45005c.jpeg": {
    "app_sintetizada": "8759112D900F4C47AA64C9EF871BEBCE45005C.JPEG",
    "cantidad_archivos": 1,
    "archivos_fuente": [
      "Pictures/Fototeca de Fotos.photoslibrary/resources/derivatives/masters/8/8759112D-900F-4C47-AA64-C9EF871BEBCE_4_5005_c.jpeg"
    ],
    "ultima_modificacion": "2025-08-01 01:01:10.135886"
  },
  "89d6f58ba67c4c2da368a4c09e977ca245005c.jpeg": {
    "app_sintetizada": "89D6F58BA67C4C2DA368A4C09E977CA245005C.JPEG",
    "cantidad_archivos": 1,
    "archivos_fuente": [
      "Pictures/Fototeca de Fotos.photoslibrary/resources/derivatives/masters/8/89D6F58B-A67C-4C2D-A368-A4C09E977CA2_4_5005_c.jpeg"
    ],
    "ultima_modificacion": "2025-08-01 01:01:10.136200"
  },
  "8e2c6d7bd206454ab9bc01614115b0cc45005c.jpeg": {
    "app_sintetizada": "8E2C6D7BD206454AB9BC01614115B0CC45005C.JPEG",
    "cantidad_archivos": 1,
    "archivos_fuente": [
      "Pictures/Fototeca de Fotos.photoslibrary/resources/derivatives/masters/8/8E2C6D7B-D206-454A-B9BC-01614115B0CC_4_5005_c.jpeg"
    ],
    "ultima_modificacion": "2025-08-01 01:01:10.136510"
  },
  "86fe61f9660049bcb7561cd1e50974bc45005c.jpeg": {
    "app_sintetizada": "86FE61F9660049BCB7561CD1E50974BC45005C.JPEG",
    "cantidad_archivos": 1,
    "archivos_fuente": [
      "Pictures/Fototeca de Fotos.photoslibrary/resources/derivatives/masters/8/86FE61F9-6600-49BC-B756-1CD1E50974BC_4_5005_c.jpeg"
    ],
    "ultima_modificacion": "2025-08-01 01:01:10.136813"
  },
  "85b2d51659834acb9716a48192152f4445005c.jpeg": {
    "app_sintetizada": "85B2D51659834ACB9716A48192152F4445005C.JPEG",
    "cantidad_archivos": 1,
    "archivos_fuente": [
      "Pictures/Fototeca de Fotos.photoslibrary/resources/derivatives/masters/8/85B2D516-5983-4ACB-9716-A48192152F44_4_5005_c.jpeg"
    ],
    "ultima_modificacion": "2025-08-01 01:01:10.137100"
  },
  "87740f223a624a3a9b9e6259f57eeb8945005c.jpeg": {
    "app_sintetizada": "87740F223A624A3A9B9E6259F57EEB8945005C.JPEG",
    "cantidad_archivos": 1,
    "archivos_fuente": [
      "Pictures/Fototeca de Fotos.photoslibrary/resources/derivatives/masters/8/87740F22-3A62-4A3A-9B9E-6259F57EEB89_4_5005_c.jpeg"
    ],
    "ultima_modificacion": "2025-08-01 01:01:10.137521"
  },
  "8e0f39dd6b18451b879102f52ed17aeb45005c.jpeg": {
    "app_sintetizada": "8E0F39DD6B18451B879102F52ED17AEB45005C.JPEG",
    "cantidad_archivos": 1,
    "archivos_fuente": [
      "Pictures/Fototeca de Fotos.photoslibrary/resources/derivatives/masters/8/8E0F39DD-6B18-451B-8791-02F52ED17AEB_4_5005_c.jpeg"
    ],
    "ultima_modificacion": "2025-08-01 01:01:10.137832"
  },
  "86b489b7a22a4915984d6f19c9ed766a45005c.jpeg": {
    "app_sintetizada": "86B489B7A22A4915984D6F19C9ED766A45005C.JPEG",
    "cantidad_archivos": 1,
    "archivos_fuente": [
      "Pictures/Fototeca de Fotos.photoslibrary/resources/derivatives/masters/8/86B489B7-A22A-4915-984D-6F19C9ED766A_4_5005_c.jpeg"
    ],
    "ultima_modificacion": "2025-08-01 01:01:10.138115"
  },
  "84adcca0e95446359b3e52916a4ddc7345005c.jpeg": {
    "app_sintetizada": "84ADCCA0E95446359B3E52916A4DDC7345005C.JPEG",
    "cantidad_archivos": 1,
    "archivos_fuente": [
      "Pictures/Fototeca de Fotos.photoslibrary/resources/derivatives/masters/8/84ADCCA0-E954-4635-9B3E-52916A4DDC73_4_5005_c.jpeg"
    ],
    "ultima_modificacion": "2025-08-01 01:01:10.138433"
  },
  "8ceb9f4915bb4acb87a5c2cc50c5667845005c.jpeg": {
    "app_sintetizada": "8CEB9F4915BB4ACB87A5C2CC50C5667845005C.JPEG",
    "cantidad_archivos": 1,
    "archivos_fuente": [
      "Pictures/Fototeca de Fotos.photoslibrary/resources/derivatives/masters/8/8CEB9F49-15BB-4ACB-87A5-C2CC50C56678_4_5005_c.jpeg"
    ],
    "ultima_modificacion": "2025-08-01 01:01:10.138756"
  },
  "8f4f98ad7dfa4439993acb9510106dea45005c.jpeg": {
    "app_sintetizada": "8F4F98AD7DFA4439993ACB9510106DEA45005C.JPEG",
    "cantidad_archivos": 1,
    "archivos_fuente": [
      "Pictures/Fototeca de Fotos.photoslibrary/resources/derivatives/masters/8/8F4F98AD-7DFA-4439-993A-CB9510106DEA_4_5005_c.jpeg"
    ],
    "ultima_modificacion": "2025-08-01 01:01:10.139049"
  },
  "819fa65f657e4e63a8cc3c842154077b45005c.jpeg": {
    "app_sintetizada": "819FA65F657E4E63A8CC3C842154077B45005C.JPEG",
    "cantidad_archivos": 1,
    "archivos_fuente": [
      "Pictures/Fototeca de Fotos.photoslibrary/resources/derivatives/masters/8/819FA65F-657E-4E63-A8CC-3C842154077B_4_5005_c.jpeg"
    ],
    "ultima_modificacion": "2025-08-01 01:01:10.139360"
  },
  "875458e02b844c44a166626149132ebb45005c.jpeg": {
    "app_sintetizada": "875458E02B844C44A166626149132EBB45005C.JPEG",
    "cantidad_archivos": 1,
    "archivos_fuente": [
      "Pictures/Fototeca de Fotos.photoslibrary/resources/derivatives/masters/8/875458E0-2B84-4C44-A166-626149132EBB_4_5005_c.jpeg"
    ],
    "ultima_modificacion": "2025-08-01 01:01:10.139725"
  },
  "8fa143e910754b37a1dac3f660b1dc4e45005c.jpeg": {
    "app_sintetizada": "8FA143E910754B37A1DAC3F660B1DC4E45005C.JPEG",
    "cantidad_archivos": 1,
    "archivos_fuente": [
      "Pictures/Fototeca de Fotos.photoslibrary/resources/derivatives/masters/8/8FA143E9-1075-4B37-A1DA-C3F660B1DC4E_4_5005_c.jpeg"
    ],
    "ultima_modificacion": "2025-08-01 01:01:10.139993"
  },
  "897dd8f0de564f1c90291e943adeed2745005c.jpeg": {
    "app_sintetizada": "897DD8F0DE564F1C90291E943ADEED2745005C.JPEG",
    "cantidad_archivos": 1,
    "archivos_fuente": [
      "Pictures/Fototeca de Fotos.photoslibrary/resources/derivatives/masters/8/897DD8F0-DE56-4F1C-9029-1E943ADEED27_4_5005_c.jpeg"
    ],
    "ultima_modificacion": "2025-08-01 01:01:10.140291"
  },
  "872f174a140e41a1998ff18fc8d7b13145005c.jpeg": {
    "app_sintetizada": "872F174A140E41A1998FF18FC8D7B13145005C.JPEG",
    "cantidad_archivos": 1,
    "archivos_fuente": [
      "Pictures/Fototeca de Fotos.photoslibrary/resources/derivatives/masters/8/872F174A-140E-41A1-998F-F18FC8D7B131_4_5005_c.jpeg"
    ],
    "ultima_modificacion": "2025-08-01 01:01:10.140758"
  },
  "8ee33dbe0768471f9d46bc03724ee93a45005c.jpeg": {
    "app_sintetizada": "8EE33DBE0768471F9D46BC03724EE93A45005C.JPEG",
    "cantidad_archivos": 1,
    "archivos_fuente": [
      "Pictures/Fototeca de Fotos.photoslibrary/resources/derivatives/masters/8/8EE33DBE-0768-471F-9D46-BC03724EE93A_4_5005_c.jpeg"
    ],
    "ultima_modificacion": "2025-08-01 01:01:10.141052"
  },
  "8849ff1a2e00412bba558ce088f0474145005c.jpeg": {
    "app_sintetizada": "8849FF1A2E00412BBA558CE088F0474145005C.JPEG",
    "cantidad_archivos": 1,
    "archivos_fuente": [
      "Pictures/Fototeca de Fotos.photoslibrary/resources/derivatives/masters/8/8849FF1A-2E00-412B-BA55-8CE088F04741_4_5005_c.jpeg"
    ],
    "ultima_modificacion": "2025-08-01 01:01:10.141334"
  },
  "88f46a5d34fb421bb9560623669eb19245005c.jpeg": {
    "app_sintetizada": "88F46A5D34FB421BB9560623669EB19245005C.JPEG",
    "cantidad_archivos": 1,
    "archivos_fuente": [
      "Pictures/Fototeca de Fotos.photoslibrary/resources/derivatives/masters/8/88F46A5D-34FB-421B-B956-0623669EB192_4_5005_c.jpeg"
    ],
    "ultima_modificacion": "2025-08-01 01:01:10.141654"
  },
  "8a3b08fef1364c228527b9c97dc53da245005c.jpeg": {
    "app_sintetizada": "8A3B08FEF1364C228527B9C97DC53DA245005C.JPEG",
    "cantidad_archivos": 1,
    "archivos_fuente": [
      "Pictures/Fototeca de Fotos.photoslibrary/resources/derivatives/masters/8/8A3B08FE-F136-4C22-8527-B9C97DC53DA2_4_5005_c.jpeg"
    ],
    "ultima_modificacion": "2025-08-01 01:01:10.141970"
  },
  "8991c1b8f26d47b28418d632c04b4a9f45005c.jpeg": {
    "app_sintetizada": "8991C1B8F26D47B28418D632C04B4A9F45005C.JPEG",
    "cantidad_archivos": 1,
    "archivos_fuente": [
      "Pictures/Fototeca de Fotos.photoslibrary/resources/derivatives/masters/8/8991C1B8-F26D-47B2-8418-D632C04B4A9F_4_5005_c.jpeg"
    ],
    "ultima_modificacion": "2025-08-01 01:01:10.142332"
  },
  "818d482276fa4dae8d9423ee756ab85c45005c.jpeg": {
    "app_sintetizada": "818D482276FA4DAE8D9423EE756AB85C45005C.JPEG",
    "cantidad_archivos": 1,
    "archivos_fuente": [
      "Pictures/Fototeca de Fotos.photoslibrary/resources/derivatives/masters/8/818D4822-76FA-4DAE-8D94-23EE756AB85C_4_5005_c.jpeg"
    ],
    "ultima_modificacion": "2025-08-01 01:01:10.142677"
  },
  "85a908dfcbb94b0398cccdbd6beb9ec745005c.jpeg": {
    "app_sintetizada": "85A908DFCBB94B0398CCCDBD6BEB9EC745005C.JPEG",
    "cantidad_archivos": 1,
    "archivos_fuente": [
      "Pictures/Fototeca de Fotos.photoslibrary/resources/derivatives/masters/8/85A908DF-CBB9-4B03-98CC-CDBD6BEB9EC7_4_5005_c.jpeg"
    ],
    "ultima_modificacion": "2025-08-01 01:01:10.143013"
  },
  "8a344cf8e84541528f4acd0cef6886e045005c.jpeg": {
    "app_sintetizada": "8A344CF8E84541528F4ACD0CEF6886E045005C.JPEG",
    "cantidad_archivos": 1,
    "archivos_fuente": [
      "Pictures/Fototeca de Fotos.photoslibrary/resources/derivatives/masters/8/8A344CF8-E845-4152-8F4A-CD0CEF6886E0_4_5005_c.jpeg"
    ],
    "ultima_modificacion": "2025-08-01 01:01:10.143299"
  },
  "891c2023c7fc43539db6fca93a1c739d45005c.jpeg": {
    "app_sintetizada": "891C2023C7FC43539DB6FCA93A1C739D45005C.JPEG",
    "cantidad_archivos": 1,
    "archivos_fuente": [
      "Pictures/Fototeca de Fotos.photoslibrary/resources/derivatives/masters/8/891C2023-C7FC-4353-9DB6-FCA93A1C739D_4_5005_c.jpeg"
    ],
    "ultima_modificacion": "2025-08-01 01:01:10.143622"
  },
  "8f95d3fe731047ab987fc2e1ea3aafad45005c.jpeg": {
    "app_sintetizada": "8F95D3FE731047AB987FC2E1EA3AAFAD45005C.JPEG",
    "cantidad_archivos": 1,
    "archivos_fuente": [
      "Pictures/Fototeca de Fotos.photoslibrary/resources/derivatives/masters/8/8F95D3FE-7310-47AB-987F-C2E1EA3AAFAD_4_5005_c.jpeg"
    ],
    "ultima_modificacion": "2025-08-01 01:01:10.143912"
  },
  "8c7929a8599b4f679c7819978d0763e345005c.jpeg": {
    "app_sintetizada": "8C7929A8599B4F679C7819978D0763E345005C.JPEG",
    "cantidad_archivos": 1,
    "archivos_fuente": [
      "Pictures/Fototeca de Fotos.photoslibrary/resources/derivatives/masters/8/8C7929A8-599B-4F67-9C78-19978D0763E3_4_5005_c.jpeg"
    ],
    "ultima_modificacion": "2025-08-01 01:01:10.144231"
  },
  "89a51c510d724fb4a781e71dfea41a1045005c.jpeg": {
    "app_sintetizada": "89A51C510D724FB4A781E71DFEA41A1045005C.JPEG",
    "cantidad_archivos": 1,
    "archivos_fuente": [
      "Pictures/Fototeca de Fotos.photoslibrary/resources/derivatives/masters/8/89A51C51-0D72-4FB4-A781-E71DFEA41A10_4_5005_c.jpeg"
    ],
    "ultima_modificacion": "2025-08-01 01:01:10.144550"
  },
  "8034c906804447879648716425c8247e45005c.jpeg": {
    "app_sintetizada": "8034C906804447879648716425C8247E45005C.JPEG",
    "cantidad_archivos": 1,
    "archivos_fuente": [
      "Pictures/Fototeca de Fotos.photoslibrary/resources/derivatives/masters/8/8034C906-8044-4787-9648-716425C8247E_4_5005_c.jpeg"
    ],
    "ultima_modificacion": "2025-08-01 01:01:10.144852"
  },
  "8a458ee2eac74d7e9b8a652ff6ac9d8545005c.jpeg": {
    "app_sintetizada": "8A458EE2EAC74D7E9B8A652FF6AC9D8545005C.JPEG",
    "cantidad_archivos": 1,
    "archivos_fuente": [
      "Pictures/Fototeca de Fotos.photoslibrary/resources/derivatives/masters/8/8A458EE2-EAC7-4D7E-9B8A-652FF6AC9D85_4_5005_c.jpeg"
    ],
    "ultima_modificacion": "2025-08-01 01:01:10.145150"
  },
  "834cbf7b597e4809845794a3ddf0fc6c45005c.jpeg": {
    "app_sintetizada": "834CBF7B597E4809845794A3DDF0FC6C45005C.JPEG",
    "cantidad_archivos": 1,
    "archivos_fuente": [
      "Pictures/Fototeca de Fotos.photoslibrary/resources/derivatives/masters/8/834CBF7B-597E-4809-8457-94A3DDF0FC6C_4_5005_c.jpeg"
    ],
    "ultima_modificacion": "2025-08-01 01:01:10.145444"
  },
  "8f212986ab4445749584228f7974d69245005c.jpeg": {
    "app_sintetizada": "8F212986AB4445749584228F7974D69245005C.JPEG",
    "cantidad_archivos": 1,
    "archivos_fuente": [
      "Pictures/Fototeca de Fotos.photoslibrary/resources/derivatives/masters/8/8F212986-AB44-4574-9584-228F7974D692_4_5005_c.jpeg"
    ],
    "ultima_modificacion": "2025-08-01 01:01:10.145787"
  },
  "88d28225f29c421e9813398c134121e045005c.jpeg": {
    "app_sintetizada": "88D28225F29C421E9813398C134121E045005C.JPEG",
    "cantidad_archivos": 1,
    "archivos_fuente": [
      "Pictures/Fototeca de Fotos.photoslibrary/resources/derivatives/masters/8/88D28225-F29C-421E-9813-398C134121E0_4_5005_c.jpeg"
    ],
    "ultima_modificacion": "2025-08-01 01:01:10.146121"
  },
  "83badc1927a547608f7e931a53bb610145005c.jpeg": {
    "app_sintetizada": "83BADC1927A547608F7E931A53BB610145005C.JPEG",
    "cantidad_archivos": 1,
    "archivos_fuente": [
      "Pictures/Fototeca de Fotos.photoslibrary/resources/derivatives/masters/8/83BADC19-27A5-4760-8F7E-931A53BB6101_4_5005_c.jpeg"
    ],
    "ultima_modificacion": "2025-08-01 01:01:10.146445"
  },
  "80f4ecdb7603459d847cea280024b04d45005c.jpeg": {
    "app_sintetizada": "80F4ECDB7603459D847CEA280024B04D45005C.JPEG",
    "cantidad_archivos": 1,
    "archivos_fuente": [
      "Pictures/Fototeca de Fotos.photoslibrary/resources/derivatives/masters/8/80F4ECDB-7603-459D-847C-EA280024B04D_4_5005_c.jpeg"
    ],
    "ultima_modificacion": "2025-08-01 01:01:10.146828"
  },
  "83861a6d23cd40c0bce628e0bb42b6ca45005c.jpeg": {
    "app_sintetizada": "83861A6D23CD40C0BCE628E0BB42B6CA45005C.JPEG",
    "cantidad_archivos": 1,
    "archivos_fuente": [
      "Pictures/Fototeca de Fotos.photoslibrary/resources/derivatives/masters/8/83861A6D-23CD-40C0-BCE6-28E0BB42B6CA_4_5005_c.jpeg"
    ],
    "ultima_modificacion": "2025-08-01 01:01:10.147143"
  },
  "89a3000628934e50af1f570689f5709545005c.jpeg": {
    "app_sintetizada": "89A3000628934E50AF1F570689F5709545005C.JPEG",
    "cantidad_archivos": 1,
    "archivos_fuente": [
      "Pictures/Fototeca de Fotos.photoslibrary/resources/derivatives/masters/8/89A30006-2893-4E50-AF1F-570689F57095_4_5005_c.jpeg"
    ],
    "ultima_modificacion": "2025-08-01 01:01:10.147465"
  },
  "8e359b93b8024f5a9d117959f282cd2745005c.jpeg": {
    "app_sintetizada": "8E359B93B8024F5A9D117959F282CD2745005C.JPEG",
    "cantidad_archivos": 1,
    "archivos_fuente": [
      "Pictures/Fototeca de Fotos.photoslibrary/resources/derivatives/masters/8/8E359B93-B802-4F5A-9D11-7959F282CD27_4_5005_c.jpeg"
    ],
    "ultima_modificacion": "2025-08-01 01:01:10.147772"
  },
  "868ce011fb3e45eda1a5ac2d19d8cdbe45005c.jpeg": {
    "app_sintetizada": "868CE011FB3E45EDA1A5AC2D19D8CDBE45005C.JPEG",
    "cantidad_archivos": 1,
    "archivos_fuente": [
      "Pictures/Fototeca de Fotos.photoslibrary/resources/derivatives/masters/8/868CE011-FB3E-45ED-A1A5-AC2D19D8CDBE_4_5005_c.jpeg"
    ],
    "ultima_modificacion": "2025-08-01 01:01:10.148063"
  },
  "8adc6f1c7e784eda8dc05c3bcd25bfb445005c.jpeg": {
    "app_sintetizada": "8ADC6F1C7E784EDA8DC05C3BCD25BFB445005C.JPEG",
    "cantidad_archivos": 1,
    "archivos_fuente": [
      "Pictures/Fototeca de Fotos.photoslibrary/resources/derivatives/masters/8/8ADC6F1C-7E78-4EDA-8DC0-5C3BCD25BFB4_4_5005_c.jpeg"
    ],
    "ultima_modificacion": "2025-08-01 01:01:10.148358"
  },
  "8b550ca886c5465896473456ad440ded45005c.jpeg": {
    "app_sintetizada": "8B550CA886C5465896473456AD440DED45005C.JPEG",
    "cantidad_archivos": 1,
    "archivos_fuente": [
      "Pictures/Fototeca de Fotos.photoslibrary/resources/derivatives/masters/8/8B550CA8-86C5-4658-9647-3456AD440DED_4_5005_c.jpeg"
    ],
    "ultima_modificacion": "2025-08-01 01:01:10.148663"
  },
  "892073a2b18548ac80fdb2f4b432c02245005c.jpeg": {
    "app_sintetizada": "892073A2B18548AC80FDB2F4B432C02245005C.JPEG",
    "cantidad_archivos": 1,
    "archivos_fuente": [
      "Pictures/Fototeca de Fotos.photoslibrary/resources/derivatives/masters/8/892073A2-B185-48AC-80FD-B2F4B432C022_4_5005_c.jpeg"
    ],
    "ultima_modificacion": "2025-08-01 01:01:10.148967"
  },
  "8e520f6114be4cf2875e9b91b1a32e4f45005c.jpeg": {
    "app_sintetizada": "8E520F6114BE4CF2875E9B91B1A32E4F45005C.JPEG",
    "cantidad_archivos": 1,
    "archivos_fuente": [
      "Pictures/Fototeca de Fotos.photoslibrary/resources/derivatives/masters/8/8E520F61-14BE-4CF2-875E-9B91B1A32E4F_4_5005_c.jpeg"
    ],
    "ultima_modificacion": "2025-08-01 01:01:10.149255"
  },
  "8b0684a601364a6f97dcef0c54986b9945005c.jpeg": {
    "app_sintetizada": "8B0684A601364A6F97DCEF0C54986B9945005C.JPEG",
    "cantidad_archivos": 1,
    "archivos_fuente": [
      "Pictures/Fototeca de Fotos.photoslibrary/resources/derivatives/masters/8/8B0684A6-0136-4A6F-97DC-EF0C54986B99_4_5005_c.jpeg"
    ],
    "ultima_modificacion": "2025-08-01 01:01:10.149558"
  },
  "8c9a2e8765224bc5a60ebc457d5daea945005c.jpeg": {
    "app_sintetizada": "8C9A2E8765224BC5A60EBC457D5DAEA945005C.JPEG",
    "cantidad_archivos": 1,
    "archivos_fuente": [
      "Pictures/Fototeca de Fotos.photoslibrary/resources/derivatives/masters/8/8C9A2E87-6522-4BC5-A60E-BC457D5DAEA9_4_5005_c.jpeg"
    ],
    "ultima_modificacion": "2025-08-01 01:01:10.149862"
  },
  "85d01b8791db4f90a9d4799f401a681a45005c.jpeg": {
    "app_sintetizada": "85D01B8791DB4F90A9D4799F401A681A45005C.JPEG",
    "cantidad_archivos": 1,
    "archivos_fuente": [
      "Pictures/Fototeca de Fotos.photoslibrary/resources/derivatives/masters/8/85D01B87-91DB-4F90-A9D4-799F401A681A_4_5005_c.jpeg"
    ],
    "ultima_modificacion": "2025-08-01 01:01:10.150174"
  },
  "8f0a5431224d431196c35b79950ef2b745005c.jpeg": {
    "app_sintetizada": "8F0A5431224D431196C35B79950EF2B745005C.JPEG",
    "cantidad_archivos": 1,
    "archivos_fuente": [
      "Pictures/Fototeca de Fotos.photoslibrary/resources/derivatives/masters/8/8F0A5431-224D-4311-96C3-5B79950EF2B7_4_5005_c.jpeg"
    ],
    "ultima_modificacion": "2025-08-01 01:01:10.150461"
  },
  "87762afefe2047df84d3604374e2bbfc45005c.jpeg": {
    "app_sintetizada": "87762AFEFE2047DF84D3604374E2BBFC45005C.JPEG",
    "cantidad_archivos": 1,
    "archivos_fuente": [
      "Pictures/Fototeca de Fotos.photoslibrary/resources/derivatives/masters/8/87762AFE-FE20-47DF-84D3-604374E2BBFC_4_5005_c.jpeg"
    ],
    "ultima_modificacion": "2025-08-01 01:01:10.150759"
  },
  "81ec2425560c47828783d58c922e124945005c.jpeg": {
    "app_sintetizada": "81EC2425560C47828783D58C922E124945005C.JPEG",
    "cantidad_archivos": 1,
    "archivos_fuente": [
      "Pictures/Fototeca de Fotos.photoslibrary/resources/derivatives/masters/8/81EC2425-560C-4782-8783-D58C922E1249_4_5005_c.jpeg"
    ],
    "ultima_modificacion": "2025-08-01 01:01:10.151083"
  },
  "83927ef3bbeb47f9b045237fc74b91ae45005c.jpeg": {
    "app_sintetizada": "83927EF3BBEB47F9B045237FC74B91AE45005C.JPEG",
    "cantidad_archivos": 1,
    "archivos_fuente": [
      "Pictures/Fototeca de Fotos.photoslibrary/resources/derivatives/masters/8/83927EF3-BBEB-47F9-B045-237FC74B91AE_4_5005_c.jpeg"
    ],
    "ultima_modificacion": "2025-08-01 01:01:10.151378"
  },
  "829e8e86d6a5488fb281627ffe98287b45005c.jpeg": {
    "app_sintetizada": "829E8E86D6A5488FB281627FFE98287B45005C.JPEG",
    "cantidad_archivos": 1,
    "archivos_fuente": [
      "Pictures/Fototeca de Fotos.photoslibrary/resources/derivatives/masters/8/829E8E86-D6A5-488F-B281-627FFE98287B_4_5005_c.jpeg"
    ],
    "ultima_modificacion": "2025-08-01 01:01:10.151683"
  },
  "836554ab960d47ae9029bfff8165f33945005c.jpeg": {
    "app_sintetizada": "836554AB960D47AE9029BFFF8165F33945005C.JPEG",
    "cantidad_archivos": 1,
    "archivos_fuente": [
      "Pictures/Fototeca de Fotos.photoslibrary/resources/derivatives/masters/8/836554AB-960D-47AE-9029-BFFF8165F339_4_5005_c.jpeg"
    ],
    "ultima_modificacion": "2025-08-01 01:01:10.152016"
  },
  "846092d277e341af9198b24298519e6c45005c.jpeg": {
    "app_sintetizada": "846092D277E341AF9198B24298519E6C45005C.JPEG",
    "cantidad_archivos": 1,
    "archivos_fuente": [
      "Pictures/Fototeca de Fotos.photoslibrary/resources/derivatives/masters/8/846092D2-77E3-41AF-9198-B24298519E6C_4_5005_c.jpeg"
    ],
    "ultima_modificacion": "2025-08-01 01:01:10.152379"
  },
  "879fcf4618b7408c81349a3285d1475045005c.jpeg": {
    "app_sintetizada": "879FCF4618B7408C81349A3285D1475045005C.JPEG",
    "cantidad_archivos": 1,
    "archivos_fuente": [
      "Pictures/Fototeca de Fotos.photoslibrary/resources/derivatives/masters/8/879FCF46-18B7-408C-8134-9A3285D14750_4_5005_c.jpeg"
    ],
    "ultima_modificacion": "2025-08-01 01:01:10.152720"
  },
  "84f1f61bf81e460c85dccaa3732061af45005c.jpeg": {
    "app_sintetizada": "84F1F61BF81E460C85DCCAA3732061AF45005C.JPEG",
    "cantidad_archivos": 1,
    "archivos_fuente": [
      "Pictures/Fototeca de Fotos.photoslibrary/resources/derivatives/masters/8/84F1F61B-F81E-460C-85DC-CAA3732061AF_4_5005_c.jpeg"
    ],
    "ultima_modificacion": "2025-08-01 01:01:10.153030"
  },
  "84230ae81152477584812732366670a645005c.jpeg": {
    "app_sintetizada": "84230AE81152477584812732366670A645005C.JPEG",
    "cantidad_archivos": 1,
    "archivos_fuente": [
      "Pictures/Fototeca de Fotos.photoslibrary/resources/derivatives/masters/8/84230AE8-1152-4775-8481-2732366670A6_4_5005_c.jpeg"
    ],
    "ultima_modificacion": "2025-08-01 01:01:10.153371"
  },
  "836cd2de447947f6af24a0a9ad9d2ca545005c.jpeg": {
    "app_sintetizada": "836CD2DE447947F6AF24A0A9AD9D2CA545005C.JPEG",
    "cantidad_archivos": 1,
    "archivos_fuente": [
      "Pictures/Fototeca de Fotos.photoslibrary/resources/derivatives/masters/8/836CD2DE-4479-47F6-AF24-A0A9AD9D2CA5_4_5005_c.jpeg"
    ],
    "ultima_modificacion": "2025-08-01 01:01:10.153695"
  },
  "8c431c882a844273bf17d630b607537d45005c.jpeg": {
    "app_sintetizada": "8C431C882A844273BF17D630B607537D45005C.JPEG",
    "cantidad_archivos": 1,
    "archivos_fuente": [
      "Pictures/Fototeca de Fotos.photoslibrary/resources/derivatives/masters/8/8C431C88-2A84-4273-BF17-D630B607537D_4_5005_c.jpeg"
    ],
    "ultima_modificacion": "2025-08-01 01:01:10.154129"
  },
  "8d3a508b156b4814aa1508fa1f2ac9cb45005c.jpeg": {
    "app_sintetizada": "8D3A508B156B4814AA1508FA1F2AC9CB45005C.JPEG",
    "cantidad_archivos": 1,
    "archivos_fuente": [
      "Pictures/Fototeca de Fotos.photoslibrary/resources/derivatives/masters/8/8D3A508B-156B-4814-AA15-08FA1F2AC9CB_4_5005_c.jpeg"
    ],
    "ultima_modificacion": "2025-08-01 01:01:10.154568"
  },
  "83fb29be1d2740718618c222919ce7df45005c.jpeg": {
    "app_sintetizada": "83FB29BE1D2740718618C222919CE7DF45005C.JPEG",
    "cantidad_archivos": 1,
    "archivos_fuente": [
      "Pictures/Fototeca de Fotos.photoslibrary/resources/derivatives/masters/8/83FB29BE-1D27-4071-8618-C222919CE7DF_4_5005_c.jpeg"
    ],
    "ultima_modificacion": "2025-08-01 01:01:10.154902"
  },
  "80526a722d714a628fa49c5279184a7345005c.jpeg": {
    "app_sintetizada": "80526A722D714A628FA49C5279184A7345005C.JPEG",
    "cantidad_archivos": 1,
    "archivos_fuente": [
      "Pictures/Fototeca de Fotos.photoslibrary/resources/derivatives/masters/8/80526A72-2D71-4A62-8FA4-9C5279184A73_4_5005_c.jpeg"
    ],
    "ultima_modificacion": "2025-08-01 01:01:10.155260"
  },
  "85ed6060be8d469190f0756304eaa7ab45005c.jpeg": {
    "app_sintetizada": "85ED6060BE8D469190F0756304EAA7AB45005C.JPEG",
    "cantidad_archivos": 1,
    "archivos_fuente": [
      "Pictures/Fototeca de Fotos.photoslibrary/resources/derivatives/masters/8/85ED6060-BE8D-4691-90F0-756304EAA7AB_4_5005_c.jpeg"
    ],
    "ultima_modificacion": "2025-08-01 01:01:10.155575"
  },
  "8eacac951c084844bbb80085d207db8b45005c.jpeg": {
    "app_sintetizada": "8EACAC951C084844BBB80085D207DB8B45005C.JPEG",
    "cantidad_archivos": 1,
    "archivos_fuente": [
      "Pictures/Fototeca de Fotos.photoslibrary/resources/derivatives/masters/8/8EACAC95-1C08-4844-BBB8-0085D207DB8B_4_5005_c.jpeg"
    ],
    "ultima_modificacion": "2025-08-01 01:01:10.155982"
  },
  "8b0b9a819a7a42339d26547e1174a68445005c.jpeg": {
    "app_sintetizada": "8B0B9A819A7A42339D26547E1174A68445005C.JPEG",
    "cantidad_archivos": 1,
    "archivos_fuente": [
      "Pictures/Fototeca de Fotos.photoslibrary/resources/derivatives/masters/8/8B0B9A81-9A7A-4233-9D26-547E1174A684_4_5005_c.jpeg"
    ],
    "ultima_modificacion": "2025-08-01 01:01:10.156352"
  },
  "85ed00a94f3a4e259fce1279e203246c45005c.jpeg": {
    "app_sintetizada": "85ED00A94F3A4E259FCE1279E203246C45005C.JPEG",
    "cantidad_archivos": 1,
    "archivos_fuente": [
      "Pictures/Fototeca de Fotos.photoslibrary/resources/derivatives/masters/8/85ED00A9-4F3A-4E25-9FCE-1279E203246C_4_5005_c.jpeg"
    ],
    "ultima_modificacion": "2025-08-01 01:01:10.156694"
  },
  "82b175ae6e704b5ba04da8256a7b6c6845005c.jpeg": {
    "app_sintetizada": "82B175AE6E704B5BA04DA8256A7B6C6845005C.JPEG",
    "cantidad_archivos": 1,
    "archivos_fuente": [
      "Pictures/Fototeca de Fotos.photoslibrary/resources/derivatives/masters/8/82B175AE-6E70-4B5B-A04D-A8256A7B6C68_4_5005_c.jpeg"
    ],
    "ultima_modificacion": "2025-08-01 01:01:10.157007"
  },
  "8ccca066de74453fa63b679ef1fa4ac645005c.jpeg": {
    "app_sintetizada": "8CCCA066DE74453FA63B679EF1FA4AC645005C.JPEG",
    "cantidad_archivos": 1,
    "archivos_fuente": [
      "Pictures/Fototeca de Fotos.photoslibrary/resources/derivatives/masters/8/8CCCA066-DE74-453F-A63B-679EF1FA4AC6_4_5005_c.jpeg"
    ],
    "ultima_modificacion": "2025-08-01 01:01:10.157337"
  },
  "8a0d1e8d6eea410b96e207f4287a25ef45005c.jpeg": {
    "app_sintetizada": "8A0D1E8D6EEA410B96E207F4287A25EF45005C.JPEG",
    "cantidad_archivos": 1,
    "archivos_fuente": [
      "Pictures/Fototeca de Fotos.photoslibrary/resources/derivatives/masters/8/8A0D1E8D-6EEA-410B-96E2-07F4287A25EF_4_5005_c.jpeg"
    ],
    "ultima_modificacion": "2025-08-01 01:01:10.157670"
  },
  "84d4b679461d49d1a3911d397b1cd10b45005c.jpeg": {
    "app_sintetizada": "84D4B679461D49D1A3911D397B1CD10B45005C.JPEG",
    "cantidad_archivos": 1,
    "archivos_fuente": [
      "Pictures/Fototeca de Fotos.photoslibrary/resources/derivatives/masters/8/84D4B679-461D-49D1-A391-1D397B1CD10B_4_5005_c.jpeg"
    ],
    "ultima_modificacion": "2025-08-01 01:01:10.158016"
  },
  "800e4e8f2baa4c968a081bfe04b8dcb945005c.jpeg": {
    "app_sintetizada": "800E4E8F2BAA4C968A081BFE04B8DCB945005C.JPEG",
    "cantidad_archivos": 1,
    "archivos_fuente": [
      "Pictures/Fototeca de Fotos.photoslibrary/resources/derivatives/masters/8/800E4E8F-2BAA-4C96-8A08-1BFE04B8DCB9_4_5005_c.jpeg"
    ],
    "ultima_modificacion": "2025-08-01 01:01:10.158323"
  },
  "8e47929d176f45279f9d38db5a7b742e45005c.jpeg": {
    "app_sintetizada": "8E47929D176F45279F9D38DB5A7B742E45005C.JPEG",
    "cantidad_archivos": 1,
    "archivos_fuente": [
      "Pictures/Fototeca de Fotos.photoslibrary/resources/derivatives/masters/8/8E47929D-176F-4527-9F9D-38DB5A7B742E_4_5005_c.jpeg"
    ],
    "ultima_modificacion": "2025-08-01 01:01:10.158591"
  }
}