{
  "dd42fd8ab308424b92cb7c01da4990f245005c.jpeg": {
    "app_sintetizada": "DD42FD8AB308424B92CB7C01DA4990F245005C.JPEG",
    "cantidad_archivos": 1,
    "archivos_fuente": [
      "Pictures/Fototeca de Fotos.photoslibrary/resources/derivatives/masters/D/DD42FD8A-B308-424B-92CB-7C01DA4990F2_4_5005_c.jpeg"
    ],
    "ultima_modificacion": "2025-08-01 01:01:14.642467"
  },
  "deb61dbcff054f7c9770131822d7816245005c.jpeg": {
    "app_sintetizada": "DEB61DBCFF054F7C9770131822D7816245005C.JPEG",
    "cantidad_archivos": 1,
    "archivos_fuente": [
      "Pictures/Fototeca de Fotos.photoslibrary/resources/derivatives/masters/D/DEB61DBC-FF05-4F7C-9770-131822D78162_4_5005_c.jpeg"
    ],
    "ultima_modificacion": "2025-08-01 01:01:14.642783"
  },
  "d1c834d9b6124bb9992d6597736a930a45005c.jpeg": {
    "app_sintetizada": "D1C834D9B6124BB9992D6597736A930A45005C.JPEG",
    "cantidad_archivos": 1,
    "archivos_fuente": [
      "Pictures/Fototeca de Fotos.photoslibrary/resources/derivatives/masters/D/D1C834D9-B612-4BB9-992D-6597736A930A_4_5005_c.jpeg"
    ],
    "ultima_modificacion": "2025-08-01 01:01:14.643080"
  },
  "dd952bbd984045f1ad120819861d549445005c.jpeg": {
    "app_sintetizada": "DD952BBD984045F1AD120819861D549445005C.JPEG",
    "cantidad_archivos": 1,
    "archivos_fuente": [
      "Pictures/Fototeca de Fotos.photoslibrary/resources/derivatives/masters/D/DD952BBD-9840-45F1-AD12-0819861D5494_4_5005_c.jpeg"
    ],
    "ultima_modificacion": "2025-08-01 01:01:14.643354"
  },
  "d1216247a9b542aeb4818a9e0d1afe1e45005c.jpeg": {
    "app_sintetizada": "D1216247A9B542AEB4818A9E0D1AFE1E45005C.JPEG",
    "cantidad_archivos": 1,
    "archivos_fuente": [
      "Pictures/Fototeca de Fotos.photoslibrary/resources/derivatives/masters/D/D1216247-A9B5-42AE-B481-8A9E0D1AFE1E_4_5005_c.jpeg"
    ],
    "ultima_modificacion": "2025-08-01 01:01:14.643641"
  },
  "dcc058209db54ecfb2823719e8b54fbf45005c.jpeg": {
    "app_sintetizada": "DCC058209DB54ECFB2823719E8B54FBF45005C.JPEG",
    "cantidad_archivos": 1,
    "archivos_fuente": [
      "Pictures/Fototeca de Fotos.photoslibrary/resources/derivatives/masters/D/DCC05820-9DB5-4ECF-B282-3719E8B54FBF_4_5005_c.jpeg"
    ],
    "ultima_modificacion": "2025-08-01 01:01:14.643919"
  },
  "d224edd495a74fa995e7b27763fcdfcd45005c.jpeg": {
    "app_sintetizada": "D224EDD495A74FA995E7B27763FCDFCD45005C.JPEG",
    "cantidad_archivos": 1,
    "archivos_fuente": [
      "Pictures/Fototeca de Fotos.photoslibrary/resources/derivatives/masters/D/D224EDD4-95A7-4FA9-95E7-B27763FCDFCD_4_5005_c.jpeg"
    ],
    "ultima_modificacion": "2025-08-01 01:01:14.644212"
  },
  "dcaa0fcf8c0043c8bbf356bd4094019345005c.jpeg": {
    "app_sintetizada": "DCAA0FCF8C0043C8BBF356BD4094019345005C.JPEG",
    "cantidad_archivos": 1,
    "archivos_fuente": [
      "Pictures/Fototeca de Fotos.photoslibrary/resources/derivatives/masters/D/DCAA0FCF-8C00-43C8-BBF3-56BD40940193_4_5005_c.jpeg"
    ],
    "ultima_modificacion": "2025-08-01 01:01:14.644519"
  },
  "d2c8ee87a39a4c419d5a507c8bd8376945005c.jpeg": {
    "app_sintetizada": "D2C8EE87A39A4C419D5A507C8BD8376945005C.JPEG",
    "cantidad_archivos": 1,
    "archivos_fuente": [
      "Pictures/Fototeca de Fotos.photoslibrary/resources/derivatives/masters/D/D2C8EE87-A39A-4C41-9D5A-507C8BD83769_4_5005_c.jpeg"
    ],
    "ultima_modificacion": "2025-08-01 01:01:14.644826"
  },
  "d8985e890ba14a00b035ff2bbddaf16145005c.jpeg": {
    "app_sintetizada": "D8985E890BA14A00B035FF2BBDDAF16145005C.JPEG",
    "cantidad_archivos": 1,
    "archivos_fuente": [
      "Pictures/Fototeca de Fotos.photoslibrary/resources/derivatives/masters/D/D8985E89-0BA1-4A00-B035-FF2BBDDAF161_4_5005_c.jpeg"
    ],
    "ultima_modificacion": "2025-08-01 01:01:14.645130"
  },
  "d5bdca036a004b06b667ce611f5015ca45005c.jpeg": {
    "app_sintetizada": "D5BDCA036A004B06B667CE611F5015CA45005C.JPEG",
    "cantidad_archivos": 1,
    "archivos_fuente": [
      "Pictures/Fototeca de Fotos.photoslibrary/resources/derivatives/masters/D/D5BDCA03-6A00-4B06-B667-CE611F5015CA_4_5005_c.jpeg"
    ],
    "ultima_modificacion": "2025-08-01 01:01:14.645432"
  },
  "dbea71101bc140168dd43eeb29820b0345005c.jpeg": {
    "app_sintetizada": "DBEA71101BC140168DD43EEB29820B0345005C.JPEG",
    "cantidad_archivos": 1,
    "archivos_fuente": [
      "Pictures/Fototeca de Fotos.photoslibrary/resources/derivatives/masters/D/DBEA7110-1BC1-4016-8DD4-3EEB29820B03_4_5005_c.jpeg"
    ],
    "ultima_modificacion": "2025-08-01 01:01:14.646022"
  },
  "d748ee63a7df488c93a8b1bf2806985b45005c.jpeg": {
    "app_sintetizada": "D748EE63A7DF488C93A8B1BF2806985B45005C.JPEG",
    "cantidad_archivos": 1,
    "archivos_fuente": [
      "Pictures/Fototeca de Fotos.photoslibrary/resources/derivatives/masters/D/D748EE63-A7DF-488C-93A8-B1BF2806985B_4_5005_c.jpeg"
    ],
    "ultima_modificacion": "2025-08-01 01:01:14.646320"
  },
  "d00e9921a0df43289b83eafe61bd970245005c.jpeg": {
    "app_sintetizada": "D00E9921A0DF43289B83EAFE61BD970245005C.JPEG",
    "cantidad_archivos": 1,
    "archivos_fuente": [
      "Pictures/Fototeca de Fotos.photoslibrary/resources/derivatives/masters/D/D00E9921-A0DF-4328-9B83-EAFE61BD9702_4_5005_c.jpeg"
    ],
    "ultima_modificacion": "2025-08-01 01:01:14.646623"
  },
  "de326c3f585d45e2b33863fcef0a828445005c.jpeg": {
    "app_sintetizada": "DE326C3F585D45E2B33863FCEF0A828445005C.JPEG",
    "cantidad_archivos": 1,
    "archivos_fuente": [
      "Pictures/Fototeca de Fotos.photoslibrary/resources/derivatives/masters/D/DE326C3F-585D-45E2-B338-63FCEF0A8284_4_5005_c.jpeg"
    ],
    "ultima_modificacion": "2025-08-01 01:01:14.646946"
  },
  "dc3f66fb54bf4be1a4850e218f36230645005c.jpeg": {
    "app_sintetizada": "DC3F66FB54BF4BE1A4850E218F36230645005C.JPEG",
    "cantidad_archivos": 1,
    "archivos_fuente": [
      "Pictures/Fototeca de Fotos.photoslibrary/resources/derivatives/masters/D/DC3F66FB-54BF-4BE1-A485-0E218F362306_4_5005_c.jpeg"
    ],
    "ultima_modificacion": "2025-08-01 01:01:14.647261"
  },
  "d5ea8dd6339c47a2a630caf29cf8df0145005c.jpeg": {
    "app_sintetizada": "D5EA8DD6339C47A2A630CAF29CF8DF0145005C.JPEG",
    "cantidad_archivos": 1,
    "archivos_fuente": [
      "Pictures/Fototeca de Fotos.photoslibrary/resources/derivatives/masters/D/D5EA8DD6-339C-47A2-A630-CAF29CF8DF01_4_5005_c.jpeg"
    ],
    "ultima_modificacion": "2025-08-01 01:01:14.647581"
  },
  "da306e151e4d4e86ab250e2a5942592845005c.jpeg": {
    "app_sintetizada": "DA306E151E4D4E86AB250E2A5942592845005C.JPEG",
    "cantidad_archivos": 1,
    "archivos_fuente": [
      "Pictures/Fototeca de Fotos.photoslibrary/resources/derivatives/masters/D/DA306E15-1E4D-4E86-AB25-0E2A59425928_4_5005_c.jpeg"
    ],
    "ultima_modificacion": "2025-08-01 01:01:14.647902"
  },
  "d133d6c11ea941618843119be92385f445005c.jpeg": {
    "app_sintetizada": "D133D6C11EA941618843119BE92385F445005C.JPEG",
    "cantidad_archivos": 1,
    "archivos_fuente": [
      "Pictures/Fototeca de Fotos.photoslibrary/resources/derivatives/masters/D/D133D6C1-1EA9-4161-8843-119BE92385F4_4_5005_c.jpeg"
    ],
    "ultima_modificacion": "2025-08-01 01:01:14.648276"
  },
  "d1ba6831422d4952a66aaea63bdc94ca45005c.jpeg": {
    "app_sintetizada": "D1BA6831422D4952A66AAEA63BDC94CA45005C.JPEG",
    "cantidad_archivos": 1,
    "archivos_fuente": [
      "Pictures/Fototeca de Fotos.photoslibrary/resources/derivatives/masters/D/D1BA6831-422D-4952-A66A-AEA63BDC94CA_4_5005_c.jpeg"
    ],
    "ultima_modificacion": "2025-08-01 01:01:14.648742"
  },
  "ddf35fc581754bd6ba3443c06485d1cf45005c.jpeg": {
    "app_sintetizada": "DDF35FC581754BD6BA3443C06485D1CF45005C.JPEG",
    "cantidad_archivos": 1,
    "archivos_fuente": [
      "Pictures/Fototeca de Fotos.photoslibrary/resources/derivatives/masters/D/DDF35FC5-8175-4BD6-BA34-43C06485D1CF_4_5005_c.jpeg"
    ],
    "ultima_modificacion": "2025-08-01 01:01:14.649061"
  },
  "d1d5a07a8c0b4a2c8df1ff4174dc959845005c.jpeg": {
    "app_sintetizada": "D1D5A07A8C0B4A2C8DF1FF4174DC959845005C.JPEG",
    "cantidad_archivos": 1,
    "archivos_fuente": [
      "Pictures/Fototeca de Fotos.photoslibrary/resources/derivatives/masters/D/D1D5A07A-8C0B-4A2C-8DF1-FF4174DC9598_4_5005_c.jpeg"
    ],
    "ultima_modificacion": "2025-08-01 01:01:14.649376"
  },
  "d33ae1965bb248d6b0dbe63d9b1bfeae45005c.jpeg": {
    "app_sintetizada": "D33AE1965BB248D6B0DBE63D9B1BFEAE45005C.JPEG",
    "cantidad_archivos": 1,
    "archivos_fuente": [
      "Pictures/Fototeca de Fotos.photoslibrary/resources/derivatives/masters/D/D33AE196-5BB2-48D6-B0DB-E63D9B1BFEAE_4_5005_c.jpeg"
    ],
    "ultima_modificacion": "2025-08-01 01:01:14.649696"
  },
  "d5f55e32eb904241b9cf86ecd7d514e845005c.jpeg": {
    "app_sintetizada": "D5F55E32EB904241B9CF86ECD7D514E845005C.JPEG",
    "cantidad_archivos": 1,
    "archivos_fuente": [
      "Pictures/Fototeca de Fotos.photoslibrary/resources/derivatives/masters/D/D5F55E32-EB90-4241-B9CF-86ECD7D514E8_4_5005_c.jpeg"
    ],
    "ultima_modificacion": "2025-08-01 01:01:14.650003"
  },
  "d101c960f22c47d685136d837f12ef8e45005c.jpeg": {
    "app_sintetizada": "D101C960F22C47D685136D837F12EF8E45005C.JPEG",
    "cantidad_archivos": 1,
    "archivos_fuente": [
      "Pictures/Fototeca de Fotos.photoslibrary/resources/derivatives/masters/D/D101C960-F22C-47D6-8513-6D837F12EF8E_4_5005_c.jpeg"
    ],
    "ultima_modificacion": "2025-08-01 01:01:14.650353"
  },
  "df43d504909c4847a393a057da2ca4ea45005c.jpeg": {
    "app_sintetizada": "DF43D504909C4847A393A057DA2CA4EA45005C.JPEG",
    "cantidad_archivos": 1,
    "archivos_fuente": [
      "Pictures/Fototeca de Fotos.photoslibrary/resources/derivatives/masters/D/DF43D504-909C-4847-A393-A057DA2CA4EA_4_5005_c.jpeg"
    ],
    "ultima_modificacion": "2025-08-01 01:01:14.650676"
  },
  "d8f276be4f8e4057bdb8f82d91466a4a45005c.jpeg": {
    "app_sintetizada": "D8F276BE4F8E4057BDB8F82D91466A4A45005C.JPEG",
    "cantidad_archivos": 1,
    "archivos_fuente": [
      "Pictures/Fototeca de Fotos.photoslibrary/resources/derivatives/masters/D/D8F276BE-4F8E-4057-BDB8-F82D91466A4A_4_5005_c.jpeg"
    ],
    "ultima_modificacion": "2025-08-01 01:01:14.650995"
  },
  "deb06852c0554590b33876588b6743d645005c.jpeg": {
    "app_sintetizada": "DEB06852C0554590B33876588B6743D645005C.JPEG",
    "cantidad_archivos": 1,
    "archivos_fuente": [
      "Pictures/Fototeca de Fotos.photoslibrary/resources/derivatives/masters/D/DEB06852-C055-4590-B338-76588B6743D6_4_5005_c.jpeg"
    ],
    "ultima_modificacion": "2025-08-01 01:01:14.651362"
  },
  "d0fa4dbd5fe1425287593dbb7c158bfa45005c.jpeg": {
    "app_sintetizada": "D0FA4DBD5FE1425287593DBB7C158BFA45005C.JPEG",
    "cantidad_archivos": 1,
    "archivos_fuente": [
      "Pictures/Fototeca de Fotos.photoslibrary/resources/derivatives/masters/D/D0FA4DBD-5FE1-4252-8759-3DBB7C158BFA_4_5005_c.jpeg"
    ],
    "ultima_modificacion": "2025-08-01 01:01:14.651689"
  },
  "de8c8659160b49fe9d9d04f72db8390745005c.jpeg": {
    "app_sintetizada": "DE8C8659160B49FE9D9D04F72DB8390745005C.JPEG",
    "cantidad_archivos": 1,
    "archivos_fuente": [
      "Pictures/Fototeca de Fotos.photoslibrary/resources/derivatives/masters/D/DE8C8659-160B-49FE-9D9D-04F72DB83907_4_5005_c.jpeg"
    ],
    "ultima_modificacion": "2025-08-01 01:01:14.652028"
  },
  "d6d735944ede4e778d838028397ad00745005c.jpeg": {
    "app_sintetizada": "D6D735944EDE4E778D838028397AD00745005C.JPEG",
    "cantidad_archivos": 1,
    "archivos_fuente": [
      "Pictures/Fototeca de Fotos.photoslibrary/resources/derivatives/masters/D/D6D73594-4EDE-4E77-8D83-8028397AD007_4_5005_c.jpeg"
    ],
    "ultima_modificacion": "2025-08-01 01:01:14.652427"
  },
  "d6b1c91c3fbb406281e33ebf81f7a8e545005c.jpeg": {
    "app_sintetizada": "D6B1C91C3FBB406281E33EBF81F7A8E545005C.JPEG",
    "cantidad_archivos": 1,
    "archivos_fuente": [
      "Pictures/Fototeca de Fotos.photoslibrary/resources/derivatives/masters/D/D6B1C91C-3FBB-4062-81E3-3EBF81F7A8E5_4_5005_c.jpeg"
    ],
    "ultima_modificacion": "2025-08-01 01:01:14.652759"
  },
  "dbfb60c6579a48f3ae88c6451bc2a54645005c.jpeg": {
    "app_sintetizada": "DBFB60C6579A48F3AE88C6451BC2A54645005C.JPEG",
    "cantidad_archivos": 1,
    "archivos_fuente": [
      "Pictures/Fototeca de Fotos.photoslibrary/resources/derivatives/masters/D/DBFB60C6-579A-48F3-AE88-C6451BC2A546_4_5005_c.jpeg"
    ],
    "ultima_modificacion": "2025-08-01 01:01:14.653110"
  },
  "df91927b6c694680a0fd14faa6b34e0345005c.jpeg": {
    "app_sintetizada": "DF91927B6C694680A0FD14FAA6B34E0345005C.JPEG",
    "cantidad_archivos": 1,
    "archivos_fuente": [
      "Pictures/Fototeca de Fotos.photoslibrary/resources/derivatives/masters/D/DF91927B-6C69-4680-A0FD-14FAA6B34E03_4_5005_c.jpeg"
    ],
    "ultima_modificacion": "2025-08-01 01:01:14.653587"
  },
  "dfa155ae9b7a49169d07a8167d51def145005c.jpeg": {
    "app_sintetizada": "DFA155AE9B7A49169D07A8167D51DEF145005C.JPEG",
    "cantidad_archivos": 1,
    "archivos_fuente": [
      "Pictures/Fototeca de Fotos.photoslibrary/resources/derivatives/masters/D/DFA155AE-9B7A-4916-9D07-A8167D51DEF1_4_5005_c.jpeg"
    ],
    "ultima_modificacion": "2025-08-01 01:01:14.654140"
  },
  "d739167f7df8473a9e9b45368764b79745005c.jpeg": {
    "app_sintetizada": "D739167F7DF8473A9E9B45368764B79745005C.JPEG",
    "cantidad_archivos": 1,
    "archivos_fuente": [
      "Pictures/Fototeca de Fotos.photoslibrary/resources/derivatives/masters/D/D739167F-7DF8-473A-9E9B-45368764B797_4_5005_c.jpeg"
    ],
    "ultima_modificacion": "2025-08-01 01:01:14.654527"
  },
  "d7086f5de59a490bbc52d734a439b93645005c.jpeg": {
    "app_sintetizada": "D7086F5DE59A490BBC52D734A439B93645005C.JPEG",
    "cantidad_archivos": 1,
    "archivos_fuente": [
      "Pictures/Fototeca de Fotos.photoslibrary/resources/derivatives/masters/D/D7086F5D-E59A-490B-BC52-D734A439B936_4_5005_c.jpeg"
    ],
    "ultima_modificacion": "2025-08-01 01:01:14.654883"
  },
  "de8ed61fa41e40b083b27f73a7c685b445005c.jpeg": {
    "app_sintetizada": "DE8ED61FA41E40B083B27F73A7C685B445005C.JPEG",
    "cantidad_archivos": 1,
    "archivos_fuente": [
      "Pictures/Fototeca de Fotos.photoslibrary/resources/derivatives/masters/D/DE8ED61F-A41E-40B0-83B2-7F73A7C685B4_4_5005_c.jpeg"
    ],
    "ultima_modificacion": "2025-08-01 01:01:14.655223"
  },
  "db4266bf38574babb1b4178f8ddf248945005c.jpeg": {
    "app_sintetizada": "DB4266BF38574BABB1B4178F8DDF248945005C.JPEG",
    "cantidad_archivos": 1,
    "archivos_fuente": [
      "Pictures/Fototeca de Fotos.photoslibrary/resources/derivatives/masters/D/DB4266BF-3857-4BAB-B1B4-178F8DDF2489_4_5005_c.jpeg"
    ],
    "ultima_modificacion": "2025-08-01 01:01:14.655626"
  },
  "de1e7a0537164af188f465b720c0323c45005c.jpeg": {
    "app_sintetizada": "DE1E7A0537164AF188F465B720C0323C45005C.JPEG",
    "cantidad_archivos": 1,
    "archivos_fuente": [
      "Pictures/Fototeca de Fotos.photoslibrary/resources/derivatives/masters/D/DE1E7A05-3716-4AF1-88F4-65B720C0323C_4_5005_c.jpeg"
    ],
    "ultima_modificacion": "2025-08-01 01:01:14.655971"
  },
  "ddc9d0385b8842d8a4a8f32e0af9807b45005c.jpeg": {
    "app_sintetizada": "DDC9D0385B8842D8A4A8F32E0AF9807B45005C.JPEG",
    "cantidad_archivos": 1,
    "archivos_fuente": [
      "Pictures/Fototeca de Fotos.photoslibrary/resources/derivatives/masters/D/DDC9D038-5B88-42D8-A4A8-F32E0AF9807B_4_5005_c.jpeg"
    ],
    "ultima_modificacion": "2025-08-01 01:01:14.656296"
  },
  "dea363d624874c86b35d231dcfdbc24945005c.jpeg": {
    "app_sintetizada": "DEA363D624874C86B35D231DCFDBC24945005C.JPEG",
    "cantidad_archivos": 1,
    "archivos_fuente": [
      "Pictures/Fototeca de Fotos.photoslibrary/resources/derivatives/masters/D/DEA363D6-2487-4C86-B35D-231DCFDBC249_4_5005_c.jpeg"
    ],
    "ultima_modificacion": "2025-08-01 01:01:14.656740"
  },
  "db5b11301a3b4f5f9a867bd7e6f45c3545005c.jpeg": {
    "app_sintetizada": "DB5B11301A3B4F5F9A867BD7E6F45C3545005C.JPEG",
    "cantidad_archivos": 1,
    "archivos_fuente": [
      "Pictures/Fototeca de Fotos.photoslibrary/resources/derivatives/masters/D/DB5B1130-1A3B-4F5F-9A86-7BD7E6F45C35_4_5005_c.jpeg"
    ],
    "ultima_modificacion": "2025-08-01 01:01:14.657095"
  },
  "d2fad457a1d7407686a9daf3de891aca45005c.jpeg": {
    "app_sintetizada": "D2FAD457A1D7407686A9DAF3DE891ACA45005C.JPEG",
    "cantidad_archivos": 1,
    "archivos_fuente": [
      "Pictures/Fototeca de Fotos.photoslibrary/resources/derivatives/masters/D/D2FAD457-A1D7-4076-86A9-DAF3DE891ACA_4_5005_c.jpeg"
    ],
    "ultima_modificacion": "2025-08-01 01:01:14.657470"
  },
  "dd9e7e3b6e7148798e1b4b8bb04d2a5345005c.jpeg": {
    "app_sintetizada": "DD9E7E3B6E7148798E1B4B8BB04D2A5345005C.JPEG",
    "cantidad_archivos": 1,
    "archivos_fuente": [
      "Pictures/Fototeca de Fotos.photoslibrary/resources/derivatives/masters/D/DD9E7E3B-6E71-4879-8E1B-4B8BB04D2A53_4_5005_c.jpeg"
    ],
    "ultima_modificacion": "2025-08-01 01:01:14.657830"
  },
  "d140c5c0c6d5489fa66d104d983dbba145005c.jpeg": {
    "app_sintetizada": "D140C5C0C6D5489FA66D104D983DBBA145005C.JPEG",
    "cantidad_archivos": 1,
    "archivos_fuente": [
      "Pictures/Fototeca de Fotos.photoslibrary/resources/derivatives/masters/D/D140C5C0-C6D5-489F-A66D-104D983DBBA1_4_5005_c.jpeg"
    ],
    "ultima_modificacion": "2025-08-01 01:01:14.658229"
  },
  "dd95505645064dddb338d932fb13404345005c.jpeg": {
    "app_sintetizada": "DD95505645064DDDB338D932FB13404345005C.JPEG",
    "cantidad_archivos": 1,
    "archivos_fuente": [
      "Pictures/Fototeca de Fotos.photoslibrary/resources/derivatives/masters/D/DD955056-4506-4DDD-B338-D932FB134043_4_5005_c.jpeg"
    ],
    "ultima_modificacion": "2025-08-01 01:01:14.658578"
  },
  "d070b6c0d8754280acf8c89c9b744c0545005c.jpeg": {
    "app_sintetizada": "D070B6C0D8754280ACF8C89C9B744C0545005C.JPEG",
    "cantidad_archivos": 1,
    "archivos_fuente": [
      "Pictures/Fototeca de Fotos.photoslibrary/resources/derivatives/masters/D/D070B6C0-D875-4280-ACF8-C89C9B744C05_4_5005_c.jpeg"
    ],
    "ultima_modificacion": "2025-08-01 01:01:14.658931"
  },
  "ddcc7a55941f4e9d9431d4592829b5de45005c.jpeg": {
    "app_sintetizada": "DDCC7A55941F4E9D9431D4592829B5DE45005C.JPEG",
    "cantidad_archivos": 1,
    "archivos_fuente": [
      "Pictures/Fototeca de Fotos.photoslibrary/resources/derivatives/masters/D/DDCC7A55-941F-4E9D-9431-D4592829B5DE_4_5005_c.jpeg"
    ],
    "ultima_modificacion": "2025-08-01 01:01:14.659277"
  },
  "d4810aa5668b46678fb67e508899679345005c.jpeg": {
    "app_sintetizada": "D4810AA5668B46678FB67E508899679345005C.JPEG",
    "cantidad_archivos": 1,
    "archivos_fuente": [
      "Pictures/Fototeca de Fotos.photoslibrary/resources/derivatives/masters/D/D4810AA5-668B-4667-8FB6-7E5088996793_4_5005_c.jpeg"
    ],
    "ultima_modificacion": "2025-08-01 01:01:14.659612"
  },
  "d0b66b7f88514120a3a3f8cdf7ed6af645005c.jpeg": {
    "app_sintetizada": "D0B66B7F88514120A3A3F8CDF7ED6AF645005C.JPEG",
    "cantidad_archivos": 1,
    "archivos_fuente": [
      "Pictures/Fototeca de Fotos.photoslibrary/resources/derivatives/masters/D/D0B66B7F-8851-4120-A3A3-F8CDF7ED6AF6_4_5005_c.jpeg"
    ],
    "ultima_modificacion": "2025-08-01 01:01:14.659946"
  },
  "d2c98d83090549aea3dac57be54ecbaa45005c.jpeg": {
    "app_sintetizada": "D2C98D83090549AEA3DAC57BE54ECBAA45005C.JPEG",
    "cantidad_archivos": 1,
    "archivos_fuente": [
      "Pictures/Fototeca de Fotos.photoslibrary/resources/derivatives/masters/D/D2C98D83-0905-49AE-A3DA-C57BE54ECBAA_4_5005_c.jpeg"
    ],
    "ultima_modificacion": "2025-08-01 01:01:14.660255"
  },
  "d01d8bd755e1466885f9447bbe07624e45005c.jpeg": {
    "app_sintetizada": "D01D8BD755E1466885F9447BBE07624E45005C.JPEG",
    "cantidad_archivos": 1,
    "archivos_fuente": [
      "Pictures/Fototeca de Fotos.photoslibrary/resources/derivatives/masters/D/D01D8BD7-55E1-4668-85F9-447BBE07624E_4_5005_c.jpeg"
    ],
    "ultima_modificacion": "2025-08-01 01:01:14.660558"
  },
  "d2268befe7514aa8a879a9513a98bdcc45005c.jpeg": {
    "app_sintetizada": "D2268BEFE7514AA8A879A9513A98BDCC45005C.JPEG",
    "cantidad_archivos": 1,
    "archivos_fuente": [
      "Pictures/Fototeca de Fotos.photoslibrary/resources/derivatives/masters/D/D2268BEF-E751-4AA8-A879-A9513A98BDCC_4_5005_c.jpeg"
    ],
    "ultima_modificacion": "2025-08-01 01:01:14.660864"
  },
  "d16728cf14964fcea76d694cb0ad491645005c.jpeg": {
    "app_sintetizada": "D16728CF14964FCEA76D694CB0AD491645005C.JPEG",
    "cantidad_archivos": 1,
    "archivos_fuente": [
      "Pictures/Fototeca de Fotos.photoslibrary/resources/derivatives/masters/D/D16728CF-1496-4FCE-A76D-694CB0AD4916_4_5005_c.jpeg"
    ],
    "ultima_modificacion": "2025-08-01 01:01:14.661173"
  },
  "da2488c6efae4e74ba1754f5b1de68fa45005c.jpeg": {
    "app_sintetizada": "DA2488C6EFAE4E74BA1754F5B1DE68FA45005C.JPEG",
    "cantidad_archivos": 1,
    "archivos_fuente": [
      "Pictures/Fototeca de Fotos.photoslibrary/resources/derivatives/masters/D/DA2488C6-EFAE-4E74-BA17-54F5B1DE68FA_4_5005_c.jpeg"
    ],
    "ultima_modificacion": "2025-08-01 01:01:14.661463"
  },
  "d28ea669198e4ce097f8abe6ce3863e445005c.jpeg": {
    "app_sintetizada": "D28EA669198E4CE097F8ABE6CE3863E445005C.JPEG",
    "cantidad_archivos": 1,
    "archivos_fuente": [
      "Pictures/Fototeca de Fotos.photoslibrary/resources/derivatives/masters/D/D28EA669-198E-4CE0-97F8-ABE6CE3863E4_4_5005_c.jpeg"
    ],
    "ultima_modificacion": "2025-08-01 01:01:14.661781"
  },
  "dc7dd125810d44a896168015cdd6805745005c.jpeg": {
    "app_sintetizada": "DC7DD125810D44A896168015CDD6805745005C.JPEG",
    "cantidad_archivos": 1,
    "archivos_fuente": [
      "Pictures/Fototeca de Fotos.photoslibrary/resources/derivatives/masters/D/DC7DD125-810D-44A8-9616-8015CDD68057_4_5005_c.jpeg"
    ],
    "ultima_modificacion": "2025-08-01 01:01:14.662130"
  },
  "da374af87c2248c7bdcdb5791624050145005c.jpeg": {
    "app_sintetizada": "DA374AF87C2248C7BDCDB5791624050145005C.JPEG",
    "cantidad_archivos": 1,
    "archivos_fuente": [
      "Pictures/Fototeca de Fotos.photoslibrary/resources/derivatives/masters/D/DA374AF8-7C22-48C7-BDCD-B57916240501_4_5005_c.jpeg"
    ],
    "ultima_modificacion": "2025-08-01 01:01:14.662429"
  },
  "da8b3648dcb34afebfffed3f6d0ba8d645005c.jpeg": {
    "app_sintetizada": "DA8B3648DCB34AFEBFFFED3F6D0BA8D645005C.JPEG",
    "cantidad_archivos": 1,
    "archivos_fuente": [
      "Pictures/Fototeca de Fotos.photoslibrary/resources/derivatives/masters/D/DA8B3648-DCB3-4AFE-BFFF-ED3F6D0BA8D6_4_5005_c.jpeg"
    ],
    "ultima_modificacion": "2025-08-01 01:01:14.662755"
  },
  "d0fb8d82c0e242aa854178394622908c45005c.jpeg": {
    "app_sintetizada": "D0FB8D82C0E242AA854178394622908C45005C.JPEG",
    "cantidad_archivos": 1,
    "archivos_fuente": [
      "Pictures/Fototeca de Fotos.photoslibrary/resources/derivatives/masters/D/D0FB8D82-C0E2-42AA-8541-78394622908C_4_5005_c.jpeg"
    ],
    "ultima_modificacion": "2025-08-01 01:01:14.663080"
  },
  "d76b5c9cc90d4b5c9cf5c4d83ee27dc245005c.jpeg": {
    "app_sintetizada": "D76B5C9CC90D4B5C9CF5C4D83EE27DC245005C.JPEG",
    "cantidad_archivos": 1,
    "archivos_fuente": [
      "Pictures/Fototeca de Fotos.photoslibrary/resources/derivatives/masters/D/D76B5C9C-C90D-4B5C-9CF5-C4D83EE27DC2_4_5005_c.jpeg"
    ],
    "ultima_modificacion": "2025-08-01 01:01:14.663418"
  },
  "d05ae50008374161a537df9571388b1645005c.jpeg": {
    "app_sintetizada": "D05AE50008374161A537DF9571388B1645005C.JPEG",
    "cantidad_archivos": 1,
    "archivos_fuente": [
      "Pictures/Fototeca de Fotos.photoslibrary/resources/derivatives/masters/D/D05AE500-0837-4161-A537-DF9571388B16_4_5005_c.jpeg"
    ],
    "ultima_modificacion": "2025-08-01 01:01:14.663746"
  },
  "d80cf2bf4e5d429d9a39eb3c086bda9545005c.jpeg": {
    "app_sintetizada": "D80CF2BF4E5D429D9A39EB3C086BDA9545005C.JPEG",
    "cantidad_archivos": 1,
    "archivos_fuente": [
      "Pictures/Fototeca de Fotos.photoslibrary/resources/derivatives/masters/D/D80CF2BF-4E5D-429D-9A39-EB3C086BDA95_4_5005_c.jpeg"
    ],
    "ultima_modificacion": "2025-08-01 01:01:14.664070"
  },
  "d4770f67d8a4494ab6f6bd0c4c621a2145005c.jpeg": {
    "app_sintetizada": "D4770F67D8A4494AB6F6BD0C4C621A2145005C.JPEG",
    "cantidad_archivos": 1,
    "archivos_fuente": [
      "Pictures/Fototeca de Fotos.photoslibrary/resources/derivatives/masters/D/D4770F67-D8A4-494A-B6F6-BD0C4C621A21_4_5005_c.jpeg"
    ],
    "ultima_modificacion": "2025-08-01 01:01:14.664396"
  },
  "d746bfc4885c42faa864c600affd55ec45005c.jpeg": {
    "app_sintetizada": "D746BFC4885C42FAA864C600AFFD55EC45005C.JPEG",
    "cantidad_archivos": 1,
    "archivos_fuente": [
      "Pictures/Fototeca de Fotos.photoslibrary/resources/derivatives/masters/D/D746BFC4-885C-42FA-A864-C600AFFD55EC_4_5005_c.jpeg"
    ],
    "ultima_modificacion": "2025-08-01 01:01:14.664719"
  },
  "de96d814db0a4b17b7b48bfe42629ba445005c.jpeg": {
    "app_sintetizada": "DE96D814DB0A4B17B7B48BFE42629BA445005C.JPEG",
    "cantidad_archivos": 1,
    "archivos_fuente": [
      "Pictures/Fototeca de Fotos.photoslibrary/resources/derivatives/masters/D/DE96D814-DB0A-4B17-B7B4-8BFE42629BA4_4_5005_c.jpeg"
    ],
    "ultima_modificacion": "2025-08-01 01:01:14.665040"
  },
  "d2e77c91785f4e0b9486e9b70858e5db45005c.jpeg": {
    "app_sintetizada": "D2E77C91785F4E0B9486E9B70858E5DB45005C.JPEG",
    "cantidad_archivos": 1,
    "archivos_fuente": [
      "Pictures/Fototeca de Fotos.photoslibrary/resources/derivatives/masters/D/D2E77C91-785F-4E0B-9486-E9B70858E5DB_4_5005_c.jpeg"
    ],
    "ultima_modificacion": "2025-08-01 01:01:14.665402"
  },
  "dc44b06d0ef847d9b3bcd873c52a2e6245005c.jpeg": {
    "app_sintetizada": "DC44B06D0EF847D9B3BCD873C52A2E6245005C.JPEG",
    "cantidad_archivos": 1,
    "archivos_fuente": [
      "Pictures/Fototeca de Fotos.photoslibrary/resources/derivatives/masters/D/DC44B06D-0EF8-47D9-B3BC-D873C52A2E62_4_5005_c.jpeg"
    ],
    "ultima_modificacion": "2025-08-01 01:01:14.665701"
  },
  "db72caac899343a1b0df0a936c86498d45005c.jpeg": {
    "app_sintetizada": "DB72CAAC899343A1B0DF0A936C86498D45005C.JPEG",
    "cantidad_archivos": 1,
    "archivos_fuente": [
      "Pictures/Fototeca de Fotos.photoslibrary/resources/derivatives/masters/D/DB72CAAC-8993-43A1-B0DF-0A936C86498D_4_5005_c.jpeg"
    ],
    "ultima_modificacion": "2025-08-01 01:01:14.665956"
  },
  "d98657a366e8458e8674cf518b6a12ce45005c.jpeg": {
    "app_sintetizada": "D98657A366E8458E8674CF518B6A12CE45005C.JPEG",
    "cantidad_archivos": 1,
    "archivos_fuente": [
      "Pictures/Fototeca de Fotos.photoslibrary/resources/derivatives/masters/D/D98657A3-66E8-458E-8674-CF518B6A12CE_4_5005_c.jpeg"
    ],
    "ultima_modificacion": "2025-08-01 01:01:14.666265"
  },
  "dc570a07a64a476ba651640ac12a0d8545005c.jpeg": {
    "app_sintetizada": "DC570A07A64A476BA651640AC12A0D8545005C.JPEG",
    "cantidad_archivos": 1,
    "archivos_fuente": [
      "Pictures/Fototeca de Fotos.photoslibrary/resources/derivatives/masters/D/DC570A07-A64A-476B-A651-640AC12A0D85_4_5005_c.jpeg"
    ],
    "ultima_modificacion": "2025-08-01 01:01:14.666560"
  },
  "d41a072ccd0541e187b2a36e5983ab9545005c.jpeg": {
    "app_sintetizada": "D41A072CCD0541E187B2A36E5983AB9545005C.JPEG",
    "cantidad_archivos": 1,
    "archivos_fuente": [
      "Pictures/Fototeca de Fotos.photoslibrary/resources/derivatives/masters/D/D41A072C-CD05-41E1-87B2-A36E5983AB95_4_5005_c.jpeg"
    ],
    "ultima_modificacion": "2025-08-01 01:01:14.666842"
  },
  "da887599ad9743e6a9bb8d0a250b375d45005c.jpeg": {
    "app_sintetizada": "DA887599AD9743E6A9BB8D0A250B375D45005C.JPEG",
    "cantidad_archivos": 1,
    "archivos_fuente": [
      "Pictures/Fototeca de Fotos.photoslibrary/resources/derivatives/masters/D/DA887599-AD97-43E6-A9BB-8D0A250B375D_4_5005_c.jpeg"
    ],
    "ultima_modificacion": "2025-08-01 01:01:14.667189"
  },
  "d703690182d244438307775b59ec17a745005c.jpeg": {
    "app_sintetizada": "D703690182D244438307775B59EC17A745005C.JPEG",
    "cantidad_archivos": 1,
    "archivos_fuente": [
      "Pictures/Fototeca de Fotos.photoslibrary/resources/derivatives/masters/D/D7036901-82D2-4443-8307-775B59EC17A7_4_5005_c.jpeg"
    ],
    "ultima_modificacion": "2025-08-01 01:01:14.667588"
  },
  "dc7e349e3bc74e07b4f520914795dad945005c.jpeg": {
    "app_sintetizada": "DC7E349E3BC74E07B4F520914795DAD945005C.JPEG",
    "cantidad_archivos": 1,
    "archivos_fuente": [
      "Pictures/Fototeca de Fotos.photoslibrary/resources/derivatives/masters/D/DC7E349E-3BC7-4E07-B4F5-20914795DAD9_4_5005_c.jpeg"
    ],
    "ultima_modificacion": "2025-08-01 01:01:14.667932"
  },
  "d04492dbc23e416cb2651d2af9c9ca2e45005c.jpeg": {
    "app_sintetizada": "D04492DBC23E416CB2651D2AF9C9CA2E45005C.JPEG",
    "cantidad_archivos": 1,
    "archivos_fuente": [
      "Pictures/Fototeca de Fotos.photoslibrary/resources/derivatives/masters/D/D04492DB-C23E-416C-B265-1D2AF9C9CA2E_4_5005_c.jpeg"
    ],
    "ultima_modificacion": "2025-08-01 01:01:14.668309"
  },
  "d4a74e837a0e4224a855a4ba869a6a2345005c.jpeg": {
    "app_sintetizada": "D4A74E837A0E4224A855A4BA869A6A2345005C.JPEG",
    "cantidad_archivos": 1,
    "archivos_fuente": [
      "Pictures/Fototeca de Fotos.photoslibrary/resources/derivatives/masters/D/D4A74E83-7A0E-4224-A855-A4BA869A6A23_4_5005_c.jpeg"
    ],
    "ultima_modificacion": "2025-08-01 01:01:14.668660"
  },
  "def5a128ab874dd08bf8ffdb16107f6445005c.jpeg": {
    "app_sintetizada": "DEF5A128AB874DD08BF8FFDB16107F6445005C.JPEG",
    "cantidad_archivos": 1,
    "archivos_fuente": [
      "Pictures/Fototeca de Fotos.photoslibrary/resources/derivatives/masters/D/DEF5A128-AB87-4DD0-8BF8-FFDB16107F64_4_5005_c.jpeg"
    ],
    "ultima_modificacion": "2025-08-01 01:01:14.668991"
  },
  "de18711b954444efbfb95da2493dcb2045005c.jpeg": {
    "app_sintetizada": "DE18711B954444EFBFB95DA2493DCB2045005C.JPEG",
    "cantidad_archivos": 1,
    "archivos_fuente": [
      "Pictures/Fototeca de Fotos.photoslibrary/resources/derivatives/masters/D/DE18711B-9544-44EF-BFB9-5DA2493DCB20_4_5005_c.jpeg"
    ],
    "ultima_modificacion": "2025-08-01 01:01:14.669315"
  },
  "db8e9c49733643e9861744b68ace0d0845005c.jpeg": {
    "app_sintetizada": "DB8E9C49733643E9861744B68ACE0D0845005C.JPEG",
    "cantidad_archivos": 1,
    "archivos_fuente": [
      "Pictures/Fototeca de Fotos.photoslibrary/resources/derivatives/masters/D/DB8E9C49-7336-43E9-8617-44B68ACE0D08_4_5005_c.jpeg"
    ],
    "ultima_modificacion": "2025-08-01 01:01:14.669648"
  },
  "d6e8546e1c5c40e68b469b402a7fb42f45005c.jpeg": {
    "app_sintetizada": "D6E8546E1C5C40E68B469B402A7FB42F45005C.JPEG",
    "cantidad_archivos": 1,
    "archivos_fuente": [
      "Pictures/Fototeca de Fotos.photoslibrary/resources/derivatives/masters/D/D6E8546E-1C5C-40E6-8B46-9B402A7FB42F_4_5005_c.jpeg"
    ],
    "ultima_modificacion": "2025-08-01 01:01:14.669989"
  },
  "d7698604fccd4c68aedabdccf23ca4b045005c.jpeg": {
    "app_sintetizada": "D7698604FCCD4C68AEDABDCCF23CA4B045005C.JPEG",
    "cantidad_archivos": 1,
    "archivos_fuente": [
      "Pictures/Fototeca de Fotos.photoslibrary/resources/derivatives/masters/D/D7698604-FCCD-4C68-AEDA-BDCCF23CA4B0_4_5005_c.jpeg"
    ],
    "ultima_modificacion": "2025-08-01 01:01:14.670356"
  },
  "d5ef3fd7dbfd4bd78fdf4c574dea141f45005c.jpeg": {
    "app_sintetizada": "D5EF3FD7DBFD4BD78FDF4C574DEA141F45005C.JPEG",
    "cantidad_archivos": 1,
    "archivos_fuente": [
      "Pictures/Fototeca de Fotos.photoslibrary/resources/derivatives/masters/D/D5EF3FD7-DBFD-4BD7-8FDF-4C574DEA141F_4_5005_c.jpeg"
    ],
    "ultima_modificacion": "2025-08-01 01:01:14.670671"
  },
  "d4626b126f8d4cdd9f4d6d7c3f75270945005c.jpeg": {
    "app_sintetizada": "D4626B126F8D4CDD9F4D6D7C3F75270945005C.JPEG",
    "cantidad_archivos": 1,
    "archivos_fuente": [
      "Pictures/Fototeca de Fotos.photoslibrary/resources/derivatives/masters/D/D4626B12-6F8D-4CDD-9F4D-6D7C3F752709_4_5005_c.jpeg"
    ],
    "ultima_modificacion": "2025-08-01 01:01:14.671068"
  },
  "d0921c93bf5945a3bb8dea79ce59893545005c.jpeg": {
    "app_sintetizada": "D0921C93BF5945A3BB8DEA79CE59893545005C.JPEG",
    "cantidad_archivos": 1,
    "archivos_fuente": [
      "Pictures/Fototeca de Fotos.photoslibrary/resources/derivatives/masters/D/D0921C93-BF59-45A3-BB8D-EA79CE598935_4_5005_c.jpeg"
    ],
    "ultima_modificacion": "2025-08-01 01:01:14.671451"
  },
  "dbff3de2856043f68d265f047d72179645005c.jpeg": {
    "app_sintetizada": "DBFF3DE2856043F68D265F047D72179645005C.JPEG",
    "cantidad_archivos": 1,
    "archivos_fuente": [
      "Pictures/Fototeca de Fotos.photoslibrary/resources/derivatives/masters/D/DBFF3DE2-8560-43F6-8D26-5F047D721796_4_5005_c.jpeg"
    ],
    "ultima_modificacion": "2025-08-01 01:01:14.671829"
  },
  "d11a3c78bea94f4490c20d48c2c0949d45005c.jpeg": {
    "app_sintetizada": "D11A3C78BEA94F4490C20D48C2C0949D45005C.JPEG",
    "cantidad_archivos": 1,
    "archivos_fuente": [
      "Pictures/Fototeca de Fotos.photoslibrary/resources/derivatives/masters/D/D11A3C78-BEA9-4F44-90C2-0D48C2C0949D_4_5005_c.jpeg"
    ],
    "ultima_modificacion": "2025-08-01 01:01:14.672200"
  },
  "de88b1792d014439875cffbb3fd1321145005c.jpeg": {
    "app_sintetizada": "DE88B1792D014439875CFFBB3FD1321145005C.JPEG",
    "cantidad_archivos": 1,
    "archivos_fuente": [
      "Pictures/Fototeca de Fotos.photoslibrary/resources/derivatives/masters/D/DE88B179-2D01-4439-875C-FFBB3FD13211_4_5005_c.jpeg"
    ],
    "ultima_modificacion": "2025-08-01 01:01:14.672582"
  },
  "daeb750ace0840b2b1b73e40d334c19845005c.jpeg": {
    "app_sintetizada": "DAEB750ACE0840B2B1B73E40D334C19845005C.JPEG",
    "cantidad_archivos": 1,
    "archivos_fuente": [
      "Pictures/Fototeca de Fotos.photoslibrary/resources/derivatives/masters/D/DAEB750A-CE08-40B2-B1B7-3E40D334C198_4_5005_c.jpeg"
    ],
    "ultima_modificacion": "2025-08-01 01:01:14.672985"
  },
  "d497f9e1679247d48710e6f8fc2941db45005c.jpeg": {
    "app_sintetizada": "D497F9E1679247D48710E6F8FC2941DB45005C.JPEG",
    "cantidad_archivos": 1,
    "archivos_fuente": [
      "Pictures/Fototeca de Fotos.photoslibrary/resources/derivatives/masters/D/D497F9E1-6792-47D4-8710-E6F8FC2941DB_4_5005_c.jpeg"
    ],
    "ultima_modificacion": "2025-08-01 01:01:14.673389"
  },
  "dd7085815c524fc5b9783e8514b2906745005c.jpeg": {
    "app_sintetizada": "DD7085815C524FC5B9783E8514B2906745005C.JPEG",
    "cantidad_archivos": 1,
    "archivos_fuente": [
      "Pictures/Fototeca de Fotos.photoslibrary/resources/derivatives/masters/D/DD708581-5C52-4FC5-B978-3E8514B29067_4_5005_c.jpeg"
    ],
    "ultima_modificacion": "2025-08-01 01:01:14.673786"
  },
  "d993e54b6d724e31a68609cf1f339bfb45005c.jpeg": {
    "app_sintetizada": "D993E54B6D724E31A68609CF1F339BFB45005C.JPEG",
    "cantidad_archivos": 1,
    "archivos_fuente": [
      "Pictures/Fototeca de Fotos.photoslibrary/resources/derivatives/masters/D/D993E54B-6D72-4E31-A686-09CF1F339BFB_4_5005_c.jpeg"
    ],
    "ultima_modificacion": "2025-08-01 01:01:14.674135"
  },
  "d658b6ee6bdf47c98ed037080b6cb45445005c.jpeg": {
    "app_sintetizada": "D658B6EE6BDF47C98ED037080B6CB45445005C.JPEG",
    "cantidad_archivos": 1,
    "archivos_fuente": [
      "Pictures/Fototeca de Fotos.photoslibrary/resources/derivatives/masters/D/D658B6EE-6BDF-47C9-8ED0-37080B6CB454_4_5005_c.jpeg"
    ],
    "ultima_modificacion": "2025-08-01 01:01:14.674582"
  },
  "dd66634e6aeb461387e3b8d493a0998045005c.jpeg": {
    "app_sintetizada": "DD66634E6AEB461387E3B8D493A0998045005C.JPEG",
    "cantidad_archivos": 1,
    "archivos_fuente": [
      "Pictures/Fototeca de Fotos.photoslibrary/resources/derivatives/masters/D/DD66634E-6AEB-4613-87E3-B8D493A09980_4_5005_c.jpeg"
    ],
    "ultima_modificacion": "2025-08-01 01:01:14.674898"
  },
  "d1f5339b41d44ac78f6caebbf7f6e40b45005c.jpeg": {
    "app_sintetizada": "D1F5339B41D44AC78F6CAEBBF7F6E40B45005C.JPEG",
    "cantidad_archivos": 1,
    "archivos_fuente": [
      "Pictures/Fototeca de Fotos.photoslibrary/resources/derivatives/masters/D/D1F5339B-41D4-4AC7-8F6C-AEBBF7F6E40B_4_5005_c.jpeg"
    ],
    "ultima_modificacion": "2025-08-01 01:01:14.675211"
  },
  "de5e5c4579bb4fe2b9235b338b1be85945005c.jpeg": {
    "app_sintetizada": "DE5E5C4579BB4FE2B9235B338B1BE85945005C.JPEG",
    "cantidad_archivos": 1,
    "archivos_fuente": [
      "Pictures/Fototeca de Fotos.photoslibrary/resources/derivatives/masters/D/DE5E5C45-79BB-4FE2-B923-5B338B1BE859_4_5005_c.jpeg"
    ],
    "ultima_modificacion": "2025-08-01 01:01:14.675481"
  },
  "d31ac4ef633f41bfbdd5ab26483c09bb45005c.jpeg": {
    "app_sintetizada": "D31AC4EF633F41BFBDD5AB26483C09BB45005C.JPEG",
    "cantidad_archivos": 1,
    "archivos_fuente": [
      "Pictures/Fototeca de Fotos.photoslibrary/resources/derivatives/masters/D/D31AC4EF-633F-41BF-BDD5-AB26483C09BB_4_5005_c.jpeg"
    ],
    "ultima_modificacion": "2025-08-01 01:01:14.676026"
  },
  "de86f42448704662a6c933042c3a5fe645005c.jpeg": {
    "app_sintetizada": "DE86F42448704662A6C933042C3A5FE645005C.JPEG",
    "cantidad_archivos": 1,
    "archivos_fuente": [
      "Pictures/Fototeca de Fotos.photoslibrary/resources/derivatives/masters/D/DE86F424-4870-4662-A6C9-33042C3A5FE6_4_5005_c.jpeg"
    ],
    "ultima_modificacion": "2025-08-01 01:01:14.676298"
  },
  "d426194b985b4b888a599521b3274f0b45005c.jpeg": {
    "app_sintetizada": "D426194B985B4B888A599521B3274F0B45005C.JPEG",
    "cantidad_archivos": 1,
    "archivos_fuente": [
      "Pictures/Fototeca de Fotos.photoslibrary/resources/derivatives/masters/D/D426194B-985B-4B88-8A59-9521B3274F0B_4_5005_c.jpeg"
    ],
    "ultima_modificacion": "2025-08-01 01:01:14.676584"
  }
}