{
  "4c06854307f34b92a69ee9d9d766e64545005c.jpeg": {
    "app_sintetizada": "4C06854307F34B92A69EE9D9D766E64545005C.JPEG",
    "cantidad_archivos": 1,
    "archivos_fuente": [
      "Pictures/Fototeca de Fotos.photoslibrary/resources/derivatives/masters/4/4C068543-07F3-4B92-A69E-E9D9D766E645_4_5005_c.jpeg"
    ],
    "ultima_modificacion": "2025-08-01 01:01:14.964978"
  },
  "4009f71f9c284aa2baf8a6273871ebda45005c.jpeg": {
    "app_sintetizada": "4009F71F9C284AA2BAF8A6273871EBDA45005C.JPEG",
    "cantidad_archivos": 1,
    "archivos_fuente": [
      "Pictures/Fototeca de Fotos.photoslibrary/resources/derivatives/masters/4/4009F71F-9C28-4AA2-BAF8-A6273871EBDA_4_5005_c.jpeg"
    ],
    "ultima_modificacion": "2025-08-01 01:01:14.965231"
  },
  "4b58aaa3ecc948a58d30b76935be7e5845005c.jpeg": {
    "app_sintetizada": "4B58AAA3ECC948A58D30B76935BE7E5845005C.JPEG",
    "cantidad_archivos": 1,
    "archivos_fuente": [
      "Pictures/Fototeca de Fotos.photoslibrary/resources/derivatives/masters/4/4B58AAA3-ECC9-48A5-8D30-B76935BE7E58_4_5005_c.jpeg"
    ],
    "ultima_modificacion": "2025-08-01 01:01:14.965481"
  },
  "45000d0885694920b4869ebf1ac28ee345005c.jpeg": {
    "app_sintetizada": "45000D0885694920B4869EBF1AC28EE345005C.JPEG",
    "cantidad_archivos": 1,
    "archivos_fuente": [
      "Pictures/Fototeca de Fotos.photoslibrary/resources/derivatives/masters/4/45000D08-8569-4920-B486-9EBF1AC28EE3_4_5005_c.jpeg"
    ],
    "ultima_modificacion": "2025-08-01 01:01:14.965776"
  },
  "482eec21898041df889e5da5f1bef06645005c.jpeg": {
    "app_sintetizada": "482EEC21898041DF889E5DA5F1BEF06645005C.JPEG",
    "cantidad_archivos": 1,
    "archivos_fuente": [
      "Pictures/Fototeca de Fotos.photoslibrary/resources/derivatives/masters/4/482EEC21-8980-41DF-889E-5DA5F1BEF066_4_5005_c.jpeg"
    ],
    "ultima_modificacion": "2025-08-01 01:01:14.966026"
  },
  "44300ac6b45e4119a3bdc10e3d66764645005c.jpeg": {
    "app_sintetizada": "44300AC6B45E4119A3BDC10E3D66764645005C.JPEG",
    "cantidad_archivos": 1,
    "archivos_fuente": [
      "Pictures/Fototeca de Fotos.photoslibrary/resources/derivatives/masters/4/44300AC6-B45E-4119-A3BD-C10E3D667646_4_5005_c.jpeg"
    ],
    "ultima_modificacion": "2025-08-01 01:01:14.966380"
  },
  "42c29a768a7543568c93dc343cb0ce1c45005c.jpeg": {
    "app_sintetizada": "42C29A768A7543568C93DC343CB0CE1C45005C.JPEG",
    "cantidad_archivos": 1,
    "archivos_fuente": [
      "Pictures/Fototeca de Fotos.photoslibrary/resources/derivatives/masters/4/42C29A76-8A75-4356-8C93-DC343CB0CE1C_4_5005_c.jpeg"
    ],
    "ultima_modificacion": "2025-08-01 01:01:14.966692"
  },
  "4e5f2b07f8dd4379a5266286074527d245005c.jpeg": {
    "app_sintetizada": "4E5F2B07F8DD4379A5266286074527D245005C.JPEG",
    "cantidad_archivos": 1,
    "archivos_fuente": [
      "Pictures/Fototeca de Fotos.photoslibrary/resources/derivatives/masters/4/4E5F2B07-F8DD-4379-A526-6286074527D2_4_5005_c.jpeg"
    ],
    "ultima_modificacion": "2025-08-01 01:01:14.967039"
  },
  "4760697a7fce47c29ce908e541e6d6a145005c.jpeg": {
    "app_sintetizada": "4760697A7FCE47C29CE908E541E6D6A145005C.JPEG",
    "cantidad_archivos": 1,
    "archivos_fuente": [
      "Pictures/Fototeca de Fotos.photoslibrary/resources/derivatives/masters/4/4760697A-7FCE-47C2-9CE9-08E541E6D6A1_4_5005_c.jpeg"
    ],
    "ultima_modificacion": "2025-08-01 01:01:14.967318"
  },
  "4c9d6851e2a24f0dba110e623c9e329245005c.jpeg": {
    "app_sintetizada": "4C9D6851E2A24F0DBA110E623C9E329245005C.JPEG",
    "cantidad_archivos": 1,
    "archivos_fuente": [
      "Pictures/Fototeca de Fotos.photoslibrary/resources/derivatives/masters/4/4C9D6851-E2A2-4F0D-BA11-0E623C9E3292_4_5005_c.jpeg"
    ],
    "ultima_modificacion": "2025-08-01 01:01:14.967603"
  },
  "4da36c8dd1c5475c91126e2ab122902945005c.jpeg": {
    "app_sintetizada": "4DA36C8DD1C5475C91126E2AB122902945005C.JPEG",
    "cantidad_archivos": 1,
    "archivos_fuente": [
      "Pictures/Fototeca de Fotos.photoslibrary/resources/derivatives/masters/4/4DA36C8D-D1C5-475C-9112-6E2AB1229029_4_5005_c.jpeg"
    ],
    "ultima_modificacion": "2025-08-01 01:01:14.967869"
  },
  "433a3884457c41bda46016cc2925eeae45005c.jpeg": {
    "app_sintetizada": "433A3884457C41BDA46016CC2925EEAE45005C.JPEG",
    "cantidad_archivos": 1,
    "archivos_fuente": [
      "Pictures/Fototeca de Fotos.photoslibrary/resources/derivatives/masters/4/433A3884-457C-41BD-A460-16CC2925EEAE_4_5005_c.jpeg"
    ],
    "ultima_modificacion": "2025-08-01 01:01:14.968164"
  },
  "4de7c41998ef40df989021696af03f2545005c.jpeg": {
    "app_sintetizada": "4DE7C41998EF40DF989021696AF03F2545005C.JPEG",
    "cantidad_archivos": 1,
    "archivos_fuente": [
      "Pictures/Fototeca de Fotos.photoslibrary/resources/derivatives/masters/4/4DE7C419-98EF-40DF-9890-21696AF03F25_4_5005_c.jpeg"
    ],
    "ultima_modificacion": "2025-08-01 01:01:14.968417"
  },
  "49a909d10c9244b9a6ebfce7f645c9fe45005c.jpeg": {
    "app_sintetizada": "49A909D10C9244B9A6EBFCE7F645C9FE45005C.JPEG",
    "cantidad_archivos": 1,
    "archivos_fuente": [
      "Pictures/Fototeca de Fotos.photoslibrary/resources/derivatives/masters/4/49A909D1-0C92-44B9-A6EB-FCE7F645C9FE_4_5005_c.jpeg"
    ],
    "ultima_modificacion": "2025-08-01 01:01:14.968701"
  },
  "46644e4d147b4e36acad8b8ef06f106145005c.jpeg": {
    "app_sintetizada": "46644E4D147B4E36ACAD8B8EF06F106145005C.JPEG",
    "cantidad_archivos": 1,
    "archivos_fuente": [
      "Pictures/Fototeca de Fotos.photoslibrary/resources/derivatives/masters/4/46644E4D-147B-4E36-ACAD-8B8EF06F1061_4_5005_c.jpeg"
    ],
    "ultima_modificacion": "2025-08-01 01:01:14.968948"
  },
  "476f5b1115e942d7acf45ec34021efb845005c.jpeg": {
    "app_sintetizada": "476F5B1115E942D7ACF45EC34021EFB845005C.JPEG",
    "cantidad_archivos": 1,
    "archivos_fuente": [
      "Pictures/Fototeca de Fotos.photoslibrary/resources/derivatives/masters/4/476F5B11-15E9-42D7-ACF4-5EC34021EFB8_4_5005_c.jpeg"
    ],
    "ultima_modificacion": "2025-08-01 01:01:14.969257"
  },
  "4afa27b56ed54ab9b17c6413c0ed767745005c.jpeg": {
    "app_sintetizada": "4AFA27B56ED54AB9B17C6413C0ED767745005C.JPEG",
    "cantidad_archivos": 1,
    "archivos_fuente": [
      "Pictures/Fototeca de Fotos.photoslibrary/resources/derivatives/masters/4/4AFA27B5-6ED5-4AB9-B17C-6413C0ED7677_4_5005_c.jpeg"
    ],
    "ultima_modificacion": "2025-08-01 01:01:14.969502"
  },
  "4f37461f09c54443b6aa09d664e6287f45005c.jpeg": {
    "app_sintetizada": "4F37461F09C54443B6AA09D664E6287F45005C.JPEG",
    "cantidad_archivos": 1,
    "archivos_fuente": [
      "Pictures/Fototeca de Fotos.photoslibrary/resources/derivatives/masters/4/4F37461F-09C5-4443-B6AA-09D664E6287F_4_5005_c.jpeg"
    ],
    "ultima_modificacion": "2025-08-01 01:01:14.969754"
  },
  "480db1bf8bb14e188072b7e099e5ae1c45005c.jpeg": {
    "app_sintetizada": "480DB1BF8BB14E188072B7E099E5AE1C45005C.JPEG",
    "cantidad_archivos": 1,
    "archivos_fuente": [
      "Pictures/Fototeca de Fotos.photoslibrary/resources/derivatives/masters/4/480DB1BF-8BB1-4E18-8072-B7E099E5AE1C_4_5005_c.jpeg"
    ],
    "ultima_modificacion": "2025-08-01 01:01:14.969996"
  },
  "4d0dbb681a094171ad13659c423fde7f45005c.jpeg": {
    "app_sintetizada": "4D0DBB681A094171AD13659C423FDE7F45005C.JPEG",
    "cantidad_archivos": 1,
    "archivos_fuente": [
      "Pictures/Fototeca de Fotos.photoslibrary/resources/derivatives/masters/4/4D0DBB68-1A09-4171-AD13-659C423FDE7F_4_5005_c.jpeg"
    ],
    "ultima_modificacion": "2025-08-01 01:01:14.970318"
  },
  "4185686507a14e8bb99e3e49e7d723ad45005c.jpeg": {
    "app_sintetizada": "4185686507A14E8BB99E3E49E7D723AD45005C.JPEG",
    "cantidad_archivos": 1,
    "archivos_fuente": [
      "Pictures/Fototeca de Fotos.photoslibrary/resources/derivatives/masters/4/41856865-07A1-4E8B-B99E-3E49E7D723AD_4_5005_c.jpeg"
    ],
    "ultima_modificacion": "2025-08-01 01:01:14.970538"
  },
  "4cf5b680049a446790a6df8d5dcdb48a45005c.jpeg": {
    "app_sintetizada": "4CF5B680049A446790A6DF8D5DCDB48A45005C.JPEG",
    "cantidad_archivos": 1,
    "archivos_fuente": [
      "Pictures/Fototeca de Fotos.photoslibrary/resources/derivatives/masters/4/4CF5B680-049A-4467-90A6-DF8D5DCDB48A_4_5005_c.jpeg"
    ],
    "ultima_modificacion": "2025-08-01 01:01:14.970837"
  },
  "40396337fc784939b8bfd3c0335e8cf245005c.jpeg": {
    "app_sintetizada": "40396337FC784939B8BFD3C0335E8CF245005C.JPEG",
    "cantidad_archivos": 1,
    "archivos_fuente": [
      "Pictures/Fototeca de Fotos.photoslibrary/resources/derivatives/masters/4/40396337-FC78-4939-B8BF-D3C0335E8CF2_4_5005_c.jpeg"
    ],
    "ultima_modificacion": "2025-08-01 01:01:14.971149"
  },
  "4a4d4e7fbbcd4630a5906eee8d982d8b45005c.jpeg": {
    "app_sintetizada": "4A4D4E7FBBCD4630A5906EEE8D982D8B45005C.JPEG",
    "cantidad_archivos": 1,
    "archivos_fuente": [
      "Pictures/Fototeca de Fotos.photoslibrary/resources/derivatives/masters/4/4A4D4E7F-BBCD-4630-A590-6EEE8D982D8B_4_5005_c.jpeg"
    ],
    "ultima_modificacion": "2025-08-01 01:01:14.971411"
  },
  "42a320575bbc499285baf16e06544ef545005c.jpeg": {
    "app_sintetizada": "42A320575BBC499285BAF16E06544EF545005C.JPEG",
    "cantidad_archivos": 1,
    "archivos_fuente": [
      "Pictures/Fototeca de Fotos.photoslibrary/resources/derivatives/masters/4/42A32057-5BBC-4992-85BA-F16E06544EF5_4_5005_c.jpeg"
    ],
    "ultima_modificacion": "2025-08-01 01:01:14.971666"
  },
  "4cc8341b09484145bd71a72daa13fd2345005c.jpeg": {
    "app_sintetizada": "4CC8341B09484145BD71A72DAA13FD2345005C.JPEG",
    "cantidad_archivos": 1,
    "archivos_fuente": [
      "Pictures/Fototeca de Fotos.photoslibrary/resources/derivatives/masters/4/4CC8341B-0948-4145-BD71-A72DAA13FD23_4_5005_c.jpeg"
    ],
    "ultima_modificacion": "2025-08-01 01:01:14.971976"
  },
  "44c12acb56cc41b398ad1039d7aad9b045005c.jpeg": {
    "app_sintetizada": "44C12ACB56CC41B398AD1039D7AAD9B045005C.JPEG",
    "cantidad_archivos": 1,
    "archivos_fuente": [
      "Pictures/Fototeca de Fotos.photoslibrary/resources/derivatives/masters/4/44C12ACB-56CC-41B3-98AD-1039D7AAD9B0_4_5005_c.jpeg"
    ],
    "ultima_modificacion": "2025-08-01 01:01:14.972343"
  },
  "4f5a609589ba45bd9ab1220b4159960345005c.jpeg": {
    "app_sintetizada": "4F5A609589BA45BD9AB1220B4159960345005C.JPEG",
    "cantidad_archivos": 1,
    "archivos_fuente": [
      "Pictures/Fototeca de Fotos.photoslibrary/resources/derivatives/masters/4/4F5A6095-89BA-45BD-9AB1-220B41599603_4_5005_c.jpeg"
    ],
    "ultima_modificacion": "2025-08-01 01:01:14.972680"
  },
  "4e7bca4e3e7641c6b2bef7b15d3cd55545005c.jpeg": {
    "app_sintetizada": "4E7BCA4E3E7641C6B2BEF7B15D3CD55545005C.JPEG",
    "cantidad_archivos": 1,
    "archivos_fuente": [
      "Pictures/Fototeca de Fotos.photoslibrary/resources/derivatives/masters/4/4E7BCA4E-3E76-41C6-B2BE-F7B15D3CD555_4_5005_c.jpeg"
    ],
    "ultima_modificacion": "2025-08-01 01:01:14.972973"
  },
  "40419e13086a4586bcc7f73308933b8645005c.jpeg": {
    "app_sintetizada": "40419E13086A4586BCC7F73308933B8645005C.JPEG",
    "cantidad_archivos": 1,
    "archivos_fuente": [
      "Pictures/Fototeca de Fotos.photoslibrary/resources/derivatives/masters/4/40419E13-086A-4586-BCC7-F73308933B86_4_5005_c.jpeg"
    ],
    "ultima_modificacion": "2025-08-01 01:01:14.973278"
  },
  "4026555f15b64227acbe55fbefe12c5345005c.jpeg": {
    "app_sintetizada": "4026555F15B64227ACBE55FBEFE12C5345005C.JPEG",
    "cantidad_archivos": 1,
    "archivos_fuente": [
      "Pictures/Fototeca de Fotos.photoslibrary/resources/derivatives/masters/4/4026555F-15B6-4227-ACBE-55FBEFE12C53_4_5005_c.jpeg"
    ],
    "ultima_modificacion": "2025-08-01 01:01:14.973642"
  },
  "41f4b781847f47d29d4a085ad8eeea8445005c.jpeg": {
    "app_sintetizada": "41F4B781847F47D29D4A085AD8EEEA8445005C.JPEG",
    "cantidad_archivos": 1,
    "archivos_fuente": [
      "Pictures/Fototeca de Fotos.photoslibrary/resources/derivatives/masters/4/41F4B781-847F-47D2-9D4A-085AD8EEEA84_4_5005_c.jpeg"
    ],
    "ultima_modificacion": "2025-08-01 01:01:14.973910"
  },
  "4325c875ba24470e89f44f99bd1a1edc45005c.jpeg": {
    "app_sintetizada": "4325C875BA24470E89F44F99BD1A1EDC45005C.JPEG",
    "cantidad_archivos": 1,
    "archivos_fuente": [
      "Pictures/Fototeca de Fotos.photoslibrary/resources/derivatives/masters/4/4325C875-BA24-470E-89F4-4F99BD1A1EDC_4_5005_c.jpeg"
    ],
    "ultima_modificacion": "2025-08-01 01:01:14.974309"
  },
  "4d7313bfaf3149ccaac11587120ca98645005c.jpeg": {
    "app_sintetizada": "4D7313BFAF3149CCAAC11587120CA98645005C.JPEG",
    "cantidad_archivos": 1,
    "archivos_fuente": [
      "Pictures/Fototeca de Fotos.photoslibrary/resources/derivatives/masters/4/4D7313BF-AF31-49CC-AAC1-1587120CA986_4_5005_c.jpeg"
    ],
    "ultima_modificacion": "2025-08-01 01:01:14.974586"
  },
  "48ce2983e81744799dae504d6384eca045005c.jpeg": {
    "app_sintetizada": "48CE2983E81744799DAE504D6384ECA045005C.JPEG",
    "cantidad_archivos": 1,
    "archivos_fuente": [
      "Pictures/Fototeca de Fotos.photoslibrary/resources/derivatives/masters/4/48CE2983-E817-4479-9DAE-504D6384ECA0_4_5005_c.jpeg"
    ],
    "ultima_modificacion": "2025-08-01 01:01:14.974834"
  },
  "42179bbcfe544d7fa9b75e3bc3ca6c3f45005c.jpeg": {
    "app_sintetizada": "42179BBCFE544D7FA9B75E3BC3CA6C3F45005C.JPEG",
    "cantidad_archivos": 1,
    "archivos_fuente": [
      "Pictures/Fototeca de Fotos.photoslibrary/resources/derivatives/masters/4/42179BBC-FE54-4D7F-A9B7-5E3BC3CA6C3F_4_5005_c.jpeg"
    ],
    "ultima_modificacion": "2025-08-01 01:01:14.975089"
  },
  "4f68bb143fa0444fa65a8bec04427eea45005c.jpeg": {
    "app_sintetizada": "4F68BB143FA0444FA65A8BEC04427EEA45005C.JPEG",
    "cantidad_archivos": 1,
    "archivos_fuente": [
      "Pictures/Fototeca de Fotos.photoslibrary/resources/derivatives/masters/4/4F68BB14-3FA0-444F-A65A-8BEC04427EEA_4_5005_c.jpeg"
    ],
    "ultima_modificacion": "2025-08-01 01:01:14.975328"
  },
  "4d70b0fcb8e14d2388789330c457c08845005c.jpeg": {
    "app_sintetizada": "4D70B0FCB8E14D2388789330C457C08845005C.JPEG",
    "cantidad_archivos": 1,
    "archivos_fuente": [
      "Pictures/Fototeca de Fotos.photoslibrary/resources/derivatives/masters/4/4D70B0FC-B8E1-4D23-8878-9330C457C088_4_5005_c.jpeg"
    ],
    "ultima_modificacion": "2025-08-01 01:01:14.975610"
  },
  "4645560f4156449bb86c782031ca42ab45005c.jpeg": {
    "app_sintetizada": "4645560F4156449BB86C782031CA42AB45005C.JPEG",
    "cantidad_archivos": 1,
    "archivos_fuente": [
      "Pictures/Fototeca de Fotos.photoslibrary/resources/derivatives/masters/4/4645560F-4156-449B-B86C-782031CA42AB_4_5005_c.jpeg"
    ],
    "ultima_modificacion": "2025-08-01 01:01:14.975864"
  },
  "498947df44d1412cb96239ade555dd4d45005c.jpeg": {
    "app_sintetizada": "498947DF44D1412CB96239ADE555DD4D45005C.JPEG",
    "cantidad_archivos": 1,
    "archivos_fuente": [
      "Pictures/Fototeca de Fotos.photoslibrary/resources/derivatives/masters/4/498947DF-44D1-412C-B962-39ADE555DD4D_4_5005_c.jpeg"
    ],
    "ultima_modificacion": "2025-08-01 01:01:14.976139"
  },
  "4ac05d52f3274fbc97df6e6621fdc57f45005c.jpeg": {
    "app_sintetizada": "4AC05D52F3274FBC97DF6E6621FDC57F45005C.JPEG",
    "cantidad_archivos": 1,
    "archivos_fuente": [
      "Pictures/Fototeca de Fotos.photoslibrary/resources/derivatives/masters/4/4AC05D52-F327-4FBC-97DF-6E6621FDC57F_4_5005_c.jpeg"
    ],
    "ultima_modificacion": "2025-08-01 01:01:14.976492"
  },
  "4cf601d27bf6465ea7c8ee2c50d0010d45005c.jpeg": {
    "app_sintetizada": "4CF601D27BF6465EA7C8EE2C50D0010D45005C.JPEG",
    "cantidad_archivos": 1,
    "archivos_fuente": [
      "Pictures/Fototeca de Fotos.photoslibrary/resources/derivatives/masters/4/4CF601D2-7BF6-465E-A7C8-EE2C50D0010D_4_5005_c.jpeg"
    ],
    "ultima_modificacion": "2025-08-01 01:01:14.976790"
  },
  "47c7cf5ea1364afdbcadd83bf56da27645005c.jpeg": {
    "app_sintetizada": "47C7CF5EA1364AFDBCADD83BF56DA27645005C.JPEG",
    "cantidad_archivos": 1,
    "archivos_fuente": [
      "Pictures/Fototeca de Fotos.photoslibrary/resources/derivatives/masters/4/47C7CF5E-A136-4AFD-BCAD-D83BF56DA276_4_5005_c.jpeg"
    ],
    "ultima_modificacion": "2025-08-01 01:01:14.977063"
  },
  "42481e4ef6fe4c6db41ecd334fd150f545005c.jpeg": {
    "app_sintetizada": "42481E4EF6FE4C6DB41ECD334FD150F545005C.JPEG",
    "cantidad_archivos": 1,
    "archivos_fuente": [
      "Pictures/Fototeca de Fotos.photoslibrary/resources/derivatives/masters/4/42481E4E-F6FE-4C6D-B41E-CD334FD150F5_4_5005_c.jpeg"
    ],
    "ultima_modificacion": "2025-08-01 01:01:14.977325"
  },
  "40dc16a2861f4112a3a07e8e16b1dc0645005c.jpeg": {
    "app_sintetizada": "40DC16A2861F4112A3A07E8E16B1DC0645005C.JPEG",
    "cantidad_archivos": 1,
    "archivos_fuente": [
      "Pictures/Fototeca de Fotos.photoslibrary/resources/derivatives/masters/4/40DC16A2-861F-4112-A3A0-7E8E16B1DC06_4_5005_c.jpeg"
    ],
    "ultima_modificacion": "2025-08-01 01:01:14.977589"
  },
  "4af14870b39d471cb4a5c43bbc0f4e1d45005c.jpeg": {
    "app_sintetizada": "4AF14870B39D471CB4A5C43BBC0F4E1D45005C.JPEG",
    "cantidad_archivos": 1,
    "archivos_fuente": [
      "Pictures/Fototeca de Fotos.photoslibrary/resources/derivatives/masters/4/4AF14870-B39D-471C-B4A5-C43BBC0F4E1D_4_5005_c.jpeg"
    ],
    "ultima_modificacion": "2025-08-01 01:01:14.977907"
  },
  "4689bee912ef4f4aa208c7a0f7cef33745005c.jpeg": {
    "app_sintetizada": "4689BEE912EF4F4AA208C7A0F7CEF33745005C.JPEG",
    "cantidad_archivos": 1,
    "archivos_fuente": [
      "Pictures/Fototeca de Fotos.photoslibrary/resources/derivatives/masters/4/4689BEE9-12EF-4F4A-A208-C7A0F7CEF337_4_5005_c.jpeg"
    ],
    "ultima_modificacion": "2025-08-01 01:01:14.978168"
  },
  "420b91aa811843dab63b3dc27f67acfb45005c.jpeg": {
    "app_sintetizada": "420B91AA811843DAB63B3DC27F67ACFB45005C.JPEG",
    "cantidad_archivos": 1,
    "archivos_fuente": [
      "Pictures/Fototeca de Fotos.photoslibrary/resources/derivatives/masters/4/420B91AA-8118-43DA-B63B-3DC27F67ACFB_4_5005_c.jpeg"
    ],
    "ultima_modificacion": "2025-08-01 01:01:14.978377"
  },
  "41db8772f0b4419c9feafa81a9c7d71845005c.jpeg": {
    "app_sintetizada": "41DB8772F0B4419C9FEAFA81A9C7D71845005C.JPEG",
    "cantidad_archivos": 1,
    "archivos_fuente": [
      "Pictures/Fototeca de Fotos.photoslibrary/resources/derivatives/masters/4/41DB8772-F0B4-419C-9FEA-FA81A9C7D718_4_5005_c.jpeg"
    ],
    "ultima_modificacion": "2025-08-01 01:01:14.978652"
  },
  "4df75d5a0a9f46edb15b87df1f704fd545005c.jpeg": {
    "app_sintetizada": "4DF75D5A0A9F46EDB15B87DF1F704FD545005C.JPEG",
    "cantidad_archivos": 1,
    "archivos_fuente": [
      "Pictures/Fototeca de Fotos.photoslibrary/resources/derivatives/masters/4/4DF75D5A-0A9F-46ED-B15B-87DF1F704FD5_4_5005_c.jpeg"
    ],
    "ultima_modificacion": "2025-08-01 01:01:14.978903"
  },
  "4046146614c242e5b4a9a74c9187d87945005c.jpeg": {
    "app_sintetizada": "4046146614C242E5B4A9A74C9187D87945005C.JPEG",
    "cantidad_archivos": 1,
    "archivos_fuente": [
      "Pictures/Fototeca de Fotos.photoslibrary/resources/derivatives/masters/4/40461466-14C2-42E5-B4A9-A74C9187D879_4_5005_c.jpeg"
    ],
    "ultima_modificacion": "2025-08-01 01:01:14.979213"
  },
  "4a0c10e3eb6c4241ba80a8edce390f8245005c.jpeg": {
    "app_sintetizada": "4A0C10E3EB6C4241BA80A8EDCE390F8245005C.JPEG",
    "cantidad_archivos": 1,
    "archivos_fuente": [
      "Pictures/Fototeca de Fotos.photoslibrary/resources/derivatives/masters/4/4A0C10E3-EB6C-4241-BA80-A8EDCE390F82_4_5005_c.jpeg"
    ],
    "ultima_modificacion": "2025-08-01 01:01:14.979453"
  },
  "4f8f61ff6b1949b0929ab322b6eb431545005c.jpeg": {
    "app_sintetizada": "4F8F61FF6B1949B0929AB322B6EB431545005C.JPEG",
    "cantidad_archivos": 1,
    "archivos_fuente": [
      "Pictures/Fototeca de Fotos.photoslibrary/resources/derivatives/masters/4/4F8F61FF-6B19-49B0-929A-B322B6EB4315_4_5005_c.jpeg"
    ],
    "ultima_modificacion": "2025-08-01 01:01:14.979744"
  },
  "4d0c9e19159448ac8d6a53acca4dbd4245005c.jpeg": {
    "app_sintetizada": "4D0C9E19159448AC8D6A53ACCA4DBD4245005C.JPEG",
    "cantidad_archivos": 1,
    "archivos_fuente": [
      "Pictures/Fototeca de Fotos.photoslibrary/resources/derivatives/masters/4/4D0C9E19-1594-48AC-8D6A-53ACCA4DBD42_4_5005_c.jpeg"
    ],
    "ultima_modificacion": "2025-08-01 01:01:14.979992"
  },
  "40f50431e39344189fa52157657ff2fd45005c.jpeg": {
    "app_sintetizada": "40F50431E39344189FA52157657FF2FD45005C.JPEG",
    "cantidad_archivos": 1,
    "archivos_fuente": [
      "Pictures/Fototeca de Fotos.photoslibrary/resources/derivatives/masters/4/40F50431-E393-4418-9FA5-2157657FF2FD_4_5005_c.jpeg"
    ],
    "ultima_modificacion": "2025-08-01 01:01:14.980295"
  },
  "42e8712dd0ad4ebca50d31bdc2856de445005c.jpeg": {
    "app_sintetizada": "42E8712DD0AD4EBCA50D31BDC2856DE445005C.JPEG",
    "cantidad_archivos": 1,
    "archivos_fuente": [
      "Pictures/Fototeca de Fotos.photoslibrary/resources/derivatives/masters/4/42E8712D-D0AD-4EBC-A50D-31BDC2856DE4_4_5005_c.jpeg"
    ],
    "ultima_modificacion": "2025-08-01 01:01:14.980528"
  },
  "4334b40508b945e7876b76b05288d24345005c.jpeg": {
    "app_sintetizada": "4334B40508B945E7876B76B05288D24345005C.JPEG",
    "cantidad_archivos": 1,
    "archivos_fuente": [
      "Pictures/Fototeca de Fotos.photoslibrary/resources/derivatives/masters/4/4334B405-08B9-45E7-876B-76B05288D243_4_5005_c.jpeg"
    ],
    "ultima_modificacion": "2025-08-01 01:01:14.980777"
  },
  "487c443477184bbfaec36f2e04613e8c45005c.jpeg": {
    "app_sintetizada": "487C443477184BBFAEC36F2E04613E8C45005C.JPEG",
    "cantidad_archivos": 1,
    "archivos_fuente": [
      "Pictures/Fototeca de Fotos.photoslibrary/resources/derivatives/masters/4/487C4434-7718-4BBF-AEC3-6F2E04613E8C_4_5005_c.jpeg"
    ],
    "ultima_modificacion": "2025-08-01 01:01:14.981029"
  },
  "4dc5d957b7734c4b9f442e7d6102453645005c.jpeg": {
    "app_sintetizada": "4DC5D957B7734C4B9F442E7D6102453645005C.JPEG",
    "cantidad_archivos": 1,
    "archivos_fuente": [
      "Pictures/Fototeca de Fotos.photoslibrary/resources/derivatives/masters/4/4DC5D957-B773-4C4B-9F44-2E7D61024536_4_5005_c.jpeg"
    ],
    "ultima_modificacion": "2025-08-01 01:01:14.981380"
  },
  "4827d7072a344f049f27fbc68cfaa25845005c.jpeg": {
    "app_sintetizada": "4827D7072A344F049F27FBC68CFAA25845005C.JPEG",
    "cantidad_archivos": 1,
    "archivos_fuente": [
      "Pictures/Fototeca de Fotos.photoslibrary/resources/derivatives/masters/4/4827D707-2A34-4F04-9F27-FBC68CFAA258_4_5005_c.jpeg"
    ],
    "ultima_modificacion": "2025-08-01 01:01:14.981703"
  },
  "4e464669d1f747389ecb87caa4c6570a45005c.jpeg": {
    "app_sintetizada": "4E464669D1F747389ECB87CAA4C6570A45005C.JPEG",
    "cantidad_archivos": 1,
    "archivos_fuente": [
      "Pictures/Fototeca de Fotos.photoslibrary/resources/derivatives/masters/4/4E464669-D1F7-4738-9ECB-87CAA4C6570A_4_5005_c.jpeg"
    ],
    "ultima_modificacion": "2025-08-01 01:01:14.981956"
  },
  "48a14eb21cf8493ea3f373637f5131e345005c.jpeg": {
    "app_sintetizada": "48A14EB21CF8493EA3F373637F5131E345005C.JPEG",
    "cantidad_archivos": 1,
    "archivos_fuente": [
      "Pictures/Fototeca de Fotos.photoslibrary/resources/derivatives/masters/4/48A14EB2-1CF8-493E-A3F3-73637F5131E3_4_5005_c.jpeg"
    ],
    "ultima_modificacion": "2025-08-01 01:01:14.982201"
  },
  "4c299601cd694a07a3a433ac6f4ca73145005c.jpeg": {
    "app_sintetizada": "4C299601CD694A07A3A433AC6F4CA73145005C.JPEG",
    "cantidad_archivos": 1,
    "archivos_fuente": [
      "Pictures/Fototeca de Fotos.photoslibrary/resources/derivatives/masters/4/4C299601-CD69-4A07-A3A4-33AC6F4CA731_4_5005_c.jpeg"
    ],
    "ultima_modificacion": "2025-08-01 01:01:14.982435"
  },
  "43ae6d0b441e42d6beb0e2820138767345005c.jpeg": {
    "app_sintetizada": "43AE6D0B441E42D6BEB0E2820138767345005C.JPEG",
    "cantidad_archivos": 1,
    "archivos_fuente": [
      "Pictures/Fototeca de Fotos.photoslibrary/resources/derivatives/masters/4/43AE6D0B-441E-42D6-BEB0-E28201387673_4_5005_c.jpeg"
    ],
    "ultima_modificacion": "2025-08-01 01:01:14.982671"
  },
  "47a0fd15a5514632807f8fbc6acc5c5145005c.jpeg": {
    "app_sintetizada": "47A0FD15A5514632807F8FBC6ACC5C5145005C.JPEG",
    "cantidad_archivos": 1,
    "archivos_fuente": [
      "Pictures/Fototeca de Fotos.photoslibrary/resources/derivatives/masters/4/47A0FD15-A551-4632-807F-8FBC6ACC5C51_4_5005_c.jpeg"
    ],
    "ultima_modificacion": "2025-08-01 01:01:14.982956"
  },
  "4607e3592571420db2012dfa6c941f4e45005c.jpeg": {
    "app_sintetizada": "4607E3592571420DB2012DFA6C941F4E45005C.JPEG",
    "cantidad_archivos": 1,
    "archivos_fuente": [
      "Pictures/Fototeca de Fotos.photoslibrary/resources/derivatives/masters/4/4607E359-2571-420D-B201-2DFA6C941F4E_4_5005_c.jpeg"
    ],
    "ultima_modificacion": "2025-08-01 01:01:14.983197"
  },
  "422fcbcbd0ce42fab41fc22fbf1b6a7345005c.jpeg": {
    "app_sintetizada": "422FCBCBD0CE42FAB41FC22FBF1B6A7345005C.JPEG",
    "cantidad_archivos": 1,
    "archivos_fuente": [
      "Pictures/Fototeca de Fotos.photoslibrary/resources/derivatives/masters/4/422FCBCB-D0CE-42FA-B41F-C22FBF1B6A73_4_5005_c.jpeg"
    ],
    "ultima_modificacion": "2025-08-01 01:01:14.983461"
  },
  "4ac012b2038b42fc8a233f9c4c192d8f45005c.jpeg": {
    "app_sintetizada": "4AC012B2038B42FC8A233F9C4C192D8F45005C.JPEG",
    "cantidad_archivos": 1,
    "archivos_fuente": [
      "Pictures/Fototeca de Fotos.photoslibrary/resources/derivatives/masters/4/4AC012B2-038B-42FC-8A23-3F9C4C192D8F_4_5005_c.jpeg"
    ],
    "ultima_modificacion": "2025-08-01 01:01:14.983756"
  },
  "4d3a00cbd07a485ba9bcd453791a54b545005c.jpeg": {
    "app_sintetizada": "4D3A00CBD07A485BA9BCD453791A54B545005C.JPEG",
    "cantidad_archivos": 1,
    "archivos_fuente": [
      "Pictures/Fototeca de Fotos.photoslibrary/resources/derivatives/masters/4/4D3A00CB-D07A-485B-A9BC-D453791A54B5_4_5005_c.jpeg"
    ],
    "ultima_modificacion": "2025-08-01 01:01:14.983977"
  },
  "499d70e11fbf4eaf9791825cf8373bed45005c.jpeg": {
    "app_sintetizada": "499D70E11FBF4EAF9791825CF8373BED45005C.JPEG",
    "cantidad_archivos": 1,
    "archivos_fuente": [
      "Pictures/Fototeca de Fotos.photoslibrary/resources/derivatives/masters/4/499D70E1-1FBF-4EAF-9791-825CF8373BED_4_5005_c.jpeg"
    ],
    "ultima_modificacion": "2025-08-01 01:01:14.984203"
  },
  "4e9328c869ce499d84973113a9da2a7845005c.jpeg": {
    "app_sintetizada": "4E9328C869CE499D84973113A9DA2A7845005C.JPEG",
    "cantidad_archivos": 1,
    "archivos_fuente": [
      "Pictures/Fototeca de Fotos.photoslibrary/resources/derivatives/masters/4/4E9328C8-69CE-499D-8497-3113A9DA2A78_4_5005_c.jpeg"
    ],
    "ultima_modificacion": "2025-08-01 01:01:14.984397"
  },
  "43ed1b96ea0847c2932db62a761cde7245005c.jpeg": {
    "app_sintetizada": "43ED1B96EA0847C2932DB62A761CDE7245005C.JPEG",
    "cantidad_archivos": 1,
    "archivos_fuente": [
      "Pictures/Fototeca de Fotos.photoslibrary/resources/derivatives/masters/4/43ED1B96-EA08-47C2-932D-B62A761CDE72_4_5005_c.jpeg"
    ],
    "ultima_modificacion": "2025-08-01 01:01:14.984577"
  },
  "4645b10562a34906859c74f23a133f1145005c.jpeg": {
    "app_sintetizada": "4645B10562A34906859C74F23A133F1145005C.JPEG",
    "cantidad_archivos": 1,
    "archivos_fuente": [
      "Pictures/Fototeca de Fotos.photoslibrary/resources/derivatives/masters/4/4645B105-62A3-4906-859C-74F23A133F11_4_5005_c.jpeg"
    ],
    "ultima_modificacion": "2025-08-01 01:01:14.984757"
  },
  "467f90cc621246da92da073ec29c073845005c.jpeg": {
    "app_sintetizada": "467F90CC621246DA92DA073EC29C073845005C.JPEG",
    "cantidad_archivos": 1,
    "archivos_fuente": [
      "Pictures/Fototeca de Fotos.photoslibrary/resources/derivatives/masters/4/467F90CC-6212-46DA-92DA-073EC29C0738_4_5005_c.jpeg"
    ],
    "ultima_modificacion": "2025-08-01 01:01:14.984938"
  },
  "4f9f7258138043c89b8b53f5093f5a8945005c.jpeg": {
    "app_sintetizada": "4F9F7258138043C89B8B53F5093F5A8945005C.JPEG",
    "cantidad_archivos": 1,
    "archivos_fuente": [
      "Pictures/Fototeca de Fotos.photoslibrary/resources/derivatives/masters/4/4F9F7258-1380-43C8-9B8B-53F5093F5A89_4_5005_c.jpeg"
    ],
    "ultima_modificacion": "2025-08-01 01:01:14.985114"
  },
  "416b2adba8e5457c89b452286bfb4ca145005c.jpeg": {
    "app_sintetizada": "416B2ADBA8E5457C89B452286BFB4CA145005C.JPEG",
    "cantidad_archivos": 1,
    "archivos_fuente": [
      "Pictures/Fototeca de Fotos.photoslibrary/resources/derivatives/masters/4/416B2ADB-A8E5-457C-89B4-52286BFB4CA1_4_5005_c.jpeg"
    ],
    "ultima_modificacion": "2025-08-01 01:01:14.985374"
  },
  "46acca0549dc4f59af970dec113a4d4a45005c.jpeg": {
    "app_sintetizada": "46ACCA0549DC4F59AF970DEC113A4D4A45005C.JPEG",
    "cantidad_archivos": 1,
    "archivos_fuente": [
      "Pictures/Fototeca de Fotos.photoslibrary/resources/derivatives/masters/4/46ACCA05-49DC-4F59-AF97-0DEC113A4D4A_4_5005_c.jpeg"
    ],
    "ultima_modificacion": "2025-08-01 01:01:14.985669"
  },
  "41a0b45e0f244769b5758e7e9144f35845005c.jpeg": {
    "app_sintetizada": "41A0B45E0F244769B5758E7E9144F35845005C.JPEG",
    "cantidad_archivos": 1,
    "archivos_fuente": [
      "Pictures/Fototeca de Fotos.photoslibrary/resources/derivatives/masters/4/41A0B45E-0F24-4769-B575-8E7E9144F358_4_5005_c.jpeg"
    ],
    "ultima_modificacion": "2025-08-01 01:01:14.985909"
  },
  "4385f0a2d949480d9f622a084e0546ed45005c.jpeg": {
    "app_sintetizada": "4385F0A2D949480D9F622A084E0546ED45005C.JPEG",
    "cantidad_archivos": 1,
    "archivos_fuente": [
      "Pictures/Fototeca de Fotos.photoslibrary/resources/derivatives/masters/4/4385F0A2-D949-480D-9F62-2A084E0546ED_4_5005_c.jpeg"
    ],
    "ultima_modificacion": "2025-08-01 01:01:14.986166"
  },
  "4f4e6f09bb134b2991b594e29dfdb33245005c.jpeg": {
    "app_sintetizada": "4F4E6F09BB134B2991B594E29DFDB33245005C.JPEG",
    "cantidad_archivos": 1,
    "archivos_fuente": [
      "Pictures/Fototeca de Fotos.photoslibrary/resources/derivatives/masters/4/4F4E6F09-BB13-4B29-91B5-94E29DFDB332_4_5005_c.jpeg"
    ],
    "ultima_modificacion": "2025-08-01 01:01:14.986503"
  },
  "4fc993caee36472a8e217a2293e2707d45005c.jpeg": {
    "app_sintetizada": "4FC993CAEE36472A8E217A2293E2707D45005C.JPEG",
    "cantidad_archivos": 1,
    "archivos_fuente": [
      "Pictures/Fototeca de Fotos.photoslibrary/resources/derivatives/masters/4/4FC993CA-EE36-472A-8E21-7A2293E2707D_4_5005_c.jpeg"
    ],
    "ultima_modificacion": "2025-08-01 01:01:14.986812"
  },
  "441c0f5cd4a84d6b9b76da0fa3fe43f345005c.jpeg": {
    "app_sintetizada": "441C0F5CD4A84D6B9B76DA0FA3FE43F345005C.JPEG",
    "cantidad_archivos": 1,
    "archivos_fuente": [
      "Pictures/Fototeca de Fotos.photoslibrary/resources/derivatives/masters/4/441C0F5C-D4A8-4D6B-9B76-DA0FA3FE43F3_4_5005_c.jpeg"
    ],
    "ultima_modificacion": "2025-08-01 01:01:14.987129"
  },
  "40c4dfeb35064c70a87cb1294cc0156c45005c.jpeg": {
    "app_sintetizada": "40C4DFEB35064C70A87CB1294CC0156C45005C.JPEG",
    "cantidad_archivos": 1,
    "archivos_fuente": [
      "Pictures/Fototeca de Fotos.photoslibrary/resources/derivatives/masters/4/40C4DFEB-3506-4C70-A87C-B1294CC0156C_4_5005_c.jpeg"
    ],
    "ultima_modificacion": "2025-08-01 01:01:14.987538"
  },
  "477da5fe681f485da9a12311e55570d545005c.jpeg": {
    "app_sintetizada": "477DA5FE681F485DA9A12311E55570D545005C.JPEG",
    "cantidad_archivos": 1,
    "archivos_fuente": [
      "Pictures/Fototeca de Fotos.photoslibrary/resources/derivatives/masters/4/477DA5FE-681F-485D-A9A1-2311E55570D5_4_5005_c.jpeg"
    ],
    "ultima_modificacion": "2025-08-01 01:01:14.988040"
  },
  "4cb43e464bfa46d2a7ac9b1b13dd317445005c.jpeg": {
    "app_sintetizada": "4CB43E464BFA46D2A7AC9B1B13DD317445005C.JPEG",
    "cantidad_archivos": 1,
    "archivos_fuente": [
      "Pictures/Fototeca de Fotos.photoslibrary/resources/derivatives/masters/4/4CB43E46-4BFA-46D2-A7AC-9B1B13DD3174_4_5005_c.jpeg"
    ],
    "ultima_modificacion": "2025-08-01 01:01:14.988410"
  },
  "4d38cb18307a4d0498edd0a5ec9ab67545005c.jpeg": {
    "app_sintetizada": "4D38CB18307A4D0498EDD0A5EC9AB67545005C.JPEG",
    "cantidad_archivos": 1,
    "archivos_fuente": [
      "Pictures/Fototeca de Fotos.photoslibrary/resources/derivatives/masters/4/4D38CB18-307A-4D04-98ED-D0A5EC9AB675_4_5005_c.jpeg"
    ],
    "ultima_modificacion": "2025-08-01 01:01:14.988856"
  },
  "48c9aa8283ff40deb242f064afaf978f45005c.jpeg": {
    "app_sintetizada": "48C9AA8283FF40DEB242F064AFAF978F45005C.JPEG",
    "cantidad_archivos": 1,
    "archivos_fuente": [
      "Pictures/Fototeca de Fotos.photoslibrary/resources/derivatives/masters/4/48C9AA82-83FF-40DE-B242-F064AFAF978F_4_5005_c.jpeg"
    ],
    "ultima_modificacion": "2025-08-01 01:01:14.989421"
  },
  "4df86a9ff1cd4db6ba5d8cca9f70e0d845005c.jpeg": {
    "app_sintetizada": "4DF86A9FF1CD4DB6BA5D8CCA9F70E0D845005C.JPEG",
    "cantidad_archivos": 1,
    "archivos_fuente": [
      "Pictures/Fototeca de Fotos.photoslibrary/resources/derivatives/masters/4/4DF86A9F-F1CD-4DB6-BA5D-8CCA9F70E0D8_4_5005_c.jpeg"
    ],
    "ultima_modificacion": "2025-08-01 01:01:14.989895"
  },
  "4cac3c4478d24ad888cf9da1e32096d645005c.jpeg": {
    "app_sintetizada": "4CAC3C4478D24AD888CF9DA1E32096D645005C.JPEG",
    "cantidad_archivos": 1,
    "archivos_fuente": [
      "Pictures/Fototeca de Fotos.photoslibrary/resources/derivatives/masters/4/4CAC3C44-78D2-4AD8-88CF-9DA1E32096D6_4_5005_c.jpeg"
    ],
    "ultima_modificacion": "2025-08-01 01:01:14.990379"
  },
  "4e53ca71c8f94e37913a5e885601584b45005c.jpeg": {
    "app_sintetizada": "4E53CA71C8F94E37913A5E885601584B45005C.JPEG",
    "cantidad_archivos": 1,
    "archivos_fuente": [
      "Pictures/Fototeca de Fotos.photoslibrary/resources/derivatives/masters/4/4E53CA71-C8F9-4E37-913A-5E885601584B_4_5005_c.jpeg"
    ],
    "ultima_modificacion": "2025-08-01 01:01:14.990768"
  },
  "4f67310c479c46f987e129329a9ba59b45005c.jpeg": {
    "app_sintetizada": "4F67310C479C46F987E129329A9BA59B45005C.JPEG",
    "cantidad_archivos": 1,
    "archivos_fuente": [
      "Pictures/Fototeca de Fotos.photoslibrary/resources/derivatives/masters/4/4F67310C-479C-46F9-87E1-29329A9BA59B_4_5005_c.jpeg"
    ],
    "ultima_modificacion": "2025-08-01 01:01:14.991173"
  },
  "4b6762a93075411083f02bcd6dfbc58f45005c.jpeg": {
    "app_sintetizada": "4B6762A93075411083F02BCD6DFBC58F45005C.JPEG",
    "cantidad_archivos": 1,
    "archivos_fuente": [
      "Pictures/Fototeca de Fotos.photoslibrary/resources/derivatives/masters/4/4B6762A9-3075-4110-83F0-2BCD6DFBC58F_4_5005_c.jpeg"
    ],
    "ultima_modificacion": "2025-08-01 01:01:14.991514"
  },
  "407187641922461a94ba988fdc33e07e45005c.jpeg": {
    "app_sintetizada": "407187641922461A94BA988FDC33E07E45005C.JPEG",
    "cantidad_archivos": 1,
    "archivos_fuente": [
      "Pictures/Fototeca de Fotos.photoslibrary/resources/derivatives/masters/4/40718764-1922-461A-94BA-988FDC33E07E_4_5005_c.jpeg"
    ],
    "ultima_modificacion": "2025-08-01 01:01:14.991805"
  },
  "49b8a33afe744590bf48cf3a45b0857245005c.jpeg": {
    "app_sintetizada": "49B8A33AFE744590BF48CF3A45B0857245005C.JPEG",
    "cantidad_archivos": 1,
    "archivos_fuente": [
      "Pictures/Fototeca de Fotos.photoslibrary/resources/derivatives/masters/4/49B8A33A-FE74-4590-BF48-CF3A45B08572_4_5005_c.jpeg"
    ],
    "ultima_modificacion": "2025-08-01 01:01:14.992114"
  },
  "477a60c937ac4f72a031cd1bec5d4b3a45005c.jpeg": {
    "app_sintetizada": "477A60C937AC4F72A031CD1BEC5D4B3A45005C.JPEG",
    "cantidad_archivos": 1,
    "archivos_fuente": [
      "Pictures/Fototeca de Fotos.photoslibrary/resources/derivatives/masters/4/477A60C9-37AC-4F72-A031-CD1BEC5D4B3A_4_5005_c.jpeg"
    ],
    "ultima_modificacion": "2025-08-01 01:01:14.992432"
  },
  "47781af479664ff5b2f4ddae12fb54ef45005c.jpeg": {
    "app_sintetizada": "47781AF479664FF5B2F4DDAE12FB54EF45005C.JPEG",
    "cantidad_archivos": 1,
    "archivos_fuente": [
      "Pictures/Fototeca de Fotos.photoslibrary/resources/derivatives/masters/4/47781AF4-7966-4FF5-B2F4-DDAE12FB54EF_4_5005_c.jpeg"
    ],
    "ultima_modificacion": "2025-08-01 01:01:14.992745"
  },
  "4b89050e28ae4adfbe86e79af2f503ab45005c.jpeg": {
    "app_sintetizada": "4B89050E28AE4ADFBE86E79AF2F503AB45005C.JPEG",
    "cantidad_archivos": 1,
    "archivos_fuente": [
      "Pictures/Fototeca de Fotos.photoslibrary/resources/derivatives/masters/4/4B89050E-28AE-4ADF-BE86-E79AF2F503AB_4_5005_c.jpeg"
    ],
    "ultima_modificacion": "2025-08-01 01:01:14.993053"
  },
  "4ab037f9b5af47139af6e7342ad0604b45005c.jpeg": {
    "app_sintetizada": "4AB037F9B5AF47139AF6E7342AD0604B45005C.JPEG",
    "cantidad_archivos": 1,
    "archivos_fuente": [
      "Pictures/Fototeca de Fotos.photoslibrary/resources/derivatives/masters/4/4AB037F9-B5AF-4713-9AF6-E7342AD0604B_4_5005_c.jpeg"
    ],
    "ultima_modificacion": "2025-08-01 01:01:14.993410"
  },
  "4a01e24992f34ec687e7201a3d54f3fd45005c.jpeg": {
    "app_sintetizada": "4A01E24992F34EC687E7201A3D54F3FD45005C.JPEG",
    "cantidad_archivos": 1,
    "archivos_fuente": [
      "Pictures/Fototeca de Fotos.photoslibrary/resources/derivatives/masters/4/4A01E249-92F3-4EC6-87E7-201A3D54F3FD_4_5005_c.jpeg"
    ],
    "ultima_modificacion": "2025-08-01 01:01:14.993719"
  },
  "44a1d42dd7304cceaeee2830a18053f645005c.jpeg": {
    "app_sintetizada": "44A1D42DD7304CCEAEEE2830A18053F645005C.JPEG",
    "cantidad_archivos": 1,
    "archivos_fuente": [
      "Pictures/Fototeca de Fotos.photoslibrary/resources/derivatives/masters/4/44A1D42D-D730-4CCE-AEEE-2830A18053F6_4_5005_c.jpeg"
    ],
    "ultima_modificacion": "2025-08-01 01:01:14.994020"
  }
}