{
  "3bd1e692af0c4e559758242fa84ab2d845005c.jpeg": {
    "app_sintetizada": "3BD1E692AF0C4E559758242FA84AB2D845005C.JPEG",
    "cantidad_archivos": 1,
    "archivos_fuente": [
      "Pictures/Fototeca de Fotos.photoslibrary/resources/derivatives/masters/3/3BD1E692-AF0C-4E55-9758-242FA84AB2D8_4_5005_c.jpeg"
    ],
    "ultima_modificacion": "2025-08-01 01:01:16.127317"
  },
  "3e8604fb78794e6cbb4ae627ca6d3e5045005c.jpeg": {
    "app_sintetizada": "3E8604FB78794E6CBB4AE627CA6D3E5045005C.JPEG",
    "cantidad_archivos": 1,
    "archivos_fuente": [
      "Pictures/Fototeca de Fotos.photoslibrary/resources/derivatives/masters/3/3E8604FB-7879-4E6C-BB4A-E627CA6D3E50_4_5005_c.jpeg"
    ],
    "ultima_modificacion": "2025-08-01 01:01:16.127560"
  },
  "396cd57bde064f448daed075e720df0845005c.jpeg": {
    "app_sintetizada": "396CD57BDE064F448DAED075E720DF0845005C.JPEG",
    "cantidad_archivos": 1,
    "archivos_fuente": [
      "Pictures/Fototeca de Fotos.photoslibrary/resources/derivatives/masters/3/396CD57B-DE06-4F44-8DAE-D075E720DF08_4_5005_c.jpeg"
    ],
    "ultima_modificacion": "2025-08-01 01:01:16.127789"
  },
  "38076d2272fd42f28332cd41afb06a2b45005c.jpeg": {
    "app_sintetizada": "38076D2272FD42F28332CD41AFB06A2B45005C.JPEG",
    "cantidad_archivos": 1,
    "archivos_fuente": [
      "Pictures/Fototeca de Fotos.photoslibrary/resources/derivatives/masters/3/38076D22-72FD-42F2-8332-CD41AFB06A2B_4_5005_c.jpeg"
    ],
    "ultima_modificacion": "2025-08-01 01:01:16.128134"
  },
  "359f3b89977b4c55a65fbaacf124fa0245005c.jpeg": {
    "app_sintetizada": "359F3B89977B4C55A65FBAACF124FA0245005C.JPEG",
    "cantidad_archivos": 1,
    "archivos_fuente": [
      "Pictures/Fototeca de Fotos.photoslibrary/resources/derivatives/masters/3/359F3B89-977B-4C55-A65F-BAACF124FA02_4_5005_c.jpeg"
    ],
    "ultima_modificacion": "2025-08-01 01:01:16.128385"
  },
  "3381ad7c0078438d977e66ba608fb6f145005c.jpeg": {
    "app_sintetizada": "3381AD7C0078438D977E66BA608FB6F145005C.JPEG",
    "cantidad_archivos": 1,
    "archivos_fuente": [
      "Pictures/Fototeca de Fotos.photoslibrary/resources/derivatives/masters/3/3381AD7C-0078-438D-977E-66BA608FB6F1_4_5005_c.jpeg"
    ],
    "ultima_modificacion": "2025-08-01 01:01:16.128644"
  },
  "37ba591c98b244acad375e204cb67b7f45005c.jpeg": {
    "app_sintetizada": "37BA591C98B244ACAD375E204CB67B7F45005C.JPEG",
    "cantidad_archivos": 1,
    "archivos_fuente": [
      "Pictures/Fototeca de Fotos.photoslibrary/resources/derivatives/masters/3/37BA591C-98B2-44AC-AD37-5E204CB67B7F_4_5005_c.jpeg"
    ],
    "ultima_modificacion": "2025-08-01 01:01:16.128884"
  },
  "3b96ebe0d2dc4a1d935fc6ece4ac827345005c.jpeg": {
    "app_sintetizada": "3B96EBE0D2DC4A1D935FC6ECE4AC827345005C.JPEG",
    "cantidad_archivos": 1,
    "archivos_fuente": [
      "Pictures/Fototeca de Fotos.photoslibrary/resources/derivatives/masters/3/3B96EBE0-D2DC-4A1D-935F-C6ECE4AC8273_4_5005_c.jpeg"
    ],
    "ultima_modificacion": "2025-08-01 01:01:16.129130"
  },
  "39bddcce2b0540e59773b5db67df324645005c.jpeg": {
    "app_sintetizada": "39BDDCCE2B0540E59773B5DB67DF324645005C.JPEG",
    "cantidad_archivos": 1,
    "archivos_fuente": [
      "Pictures/Fototeca de Fotos.photoslibrary/resources/derivatives/masters/3/39BDDCCE-2B05-40E5-9773-B5DB67DF3246_4_5005_c.jpeg"
    ],
    "ultima_modificacion": "2025-08-01 01:01:16.129366"
  },
  "34dd863f034d468391a942487bd6d6e745005c.jpeg": {
    "app_sintetizada": "34DD863F034D468391A942487BD6D6E745005C.JPEG",
    "cantidad_archivos": 1,
    "archivos_fuente": [
      "Pictures/Fototeca de Fotos.photoslibrary/resources/derivatives/masters/3/34DD863F-034D-4683-91A9-42487BD6D6E7_4_5005_c.jpeg"
    ],
    "ultima_modificacion": "2025-08-01 01:01:16.129596"
  },
  "3c15a75ff2154f07982cbd68c60f2a9045005c.jpeg": {
    "app_sintetizada": "3C15A75FF2154F07982CBD68C60F2A9045005C.JPEG",
    "cantidad_archivos": 1,
    "archivos_fuente": [
      "Pictures/Fototeca de Fotos.photoslibrary/resources/derivatives/masters/3/3C15A75F-F215-4F07-982C-BD68C60F2A90_4_5005_c.jpeg"
    ],
    "ultima_modificacion": "2025-08-01 01:01:16.129840"
  },
  "3a8a562340244713a19f447555e033bd45005c.jpeg": {
    "app_sintetizada": "3A8A562340244713A19F447555E033BD45005C.JPEG",
    "cantidad_archivos": 1,
    "archivos_fuente": [
      "Pictures/Fototeca de Fotos.photoslibrary/resources/derivatives/masters/3/3A8A5623-4024-4713-A19F-447555E033BD_4_5005_c.jpeg"
    ],
    "ultima_modificacion": "2025-08-01 01:01:16.130084"
  },
  "3de6199982ff4fe9b2e529c4d738b11445005c.jpeg": {
    "app_sintetizada": "3DE6199982FF4FE9B2E529C4D738B11445005C.JPEG",
    "cantidad_archivos": 1,
    "archivos_fuente": [
      "Pictures/Fototeca de Fotos.photoslibrary/resources/derivatives/masters/3/3DE61999-82FF-4FE9-B2E5-29C4D738B114_4_5005_c.jpeg"
    ],
    "ultima_modificacion": "2025-08-01 01:01:16.130397"
  },
  "35d55543095744c8b9d9a672f4165cf545005c.jpeg": {
    "app_sintetizada": "35D55543095744C8B9D9A672F4165CF545005C.JPEG",
    "cantidad_archivos": 1,
    "archivos_fuente": [
      "Pictures/Fototeca de Fotos.photoslibrary/resources/derivatives/masters/3/35D55543-0957-44C8-B9D9-A672F4165CF5_4_5005_c.jpeg"
    ],
    "ultima_modificacion": "2025-08-01 01:01:16.130638"
  },
  "3faa374d64aa49a683cba2442f4715f345005c.jpeg": {
    "app_sintetizada": "3FAA374D64AA49A683CBA2442F4715F345005C.JPEG",
    "cantidad_archivos": 1,
    "archivos_fuente": [
      "Pictures/Fototeca de Fotos.photoslibrary/resources/derivatives/masters/3/3FAA374D-64AA-49A6-83CB-A2442F4715F3_4_5005_c.jpeg"
    ],
    "ultima_modificacion": "2025-08-01 01:01:16.130876"
  },
  "312d6eb4cca74b82bcc971165304a16545005c.jpeg": {
    "app_sintetizada": "312D6EB4CCA74B82BCC971165304A16545005C.JPEG",
    "cantidad_archivos": 1,
    "archivos_fuente": [
      "Pictures/Fototeca de Fotos.photoslibrary/resources/derivatives/masters/3/312D6EB4-CCA7-4B82-BCC9-71165304A165_4_5005_c.jpeg"
    ],
    "ultima_modificacion": "2025-08-01 01:01:16.131126"
  },
  "31fa7a7b3ae94a7c93ef856c3009ebcc45005c.jpeg": {
    "app_sintetizada": "31FA7A7B3AE94A7C93EF856C3009EBCC45005C.JPEG",
    "cantidad_archivos": 1,
    "archivos_fuente": [
      "Pictures/Fototeca de Fotos.photoslibrary/resources/derivatives/masters/3/31FA7A7B-3AE9-4A7C-93EF-856C3009EBCC_4_5005_c.jpeg"
    ],
    "ultima_modificacion": "2025-08-01 01:01:16.131409"
  },
  "3511d0168f5d4b89860f2b91acfc731245005c.jpeg": {
    "app_sintetizada": "3511D0168F5D4B89860F2B91ACFC731245005C.JPEG",
    "cantidad_archivos": 1,
    "archivos_fuente": [
      "Pictures/Fototeca de Fotos.photoslibrary/resources/derivatives/masters/3/3511D016-8F5D-4B89-860F-2B91ACFC7312_4_5005_c.jpeg"
    ],
    "ultima_modificacion": "2025-08-01 01:01:16.131658"
  },
  "38eea05e51a041b8b5f6914137d7c30d45005c.jpeg": {
    "app_sintetizada": "38EEA05E51A041B8B5F6914137D7C30D45005C.JPEG",
    "cantidad_archivos": 1,
    "archivos_fuente": [
      "Pictures/Fototeca de Fotos.photoslibrary/resources/derivatives/masters/3/38EEA05E-51A0-41B8-B5F6-914137D7C30D_4_5005_c.jpeg"
    ],
    "ultima_modificacion": "2025-08-01 01:01:16.131898"
  },
  "3eadfb5208b84d168ef53aff1f7d2a1945005c.jpeg": {
    "app_sintetizada": "3EADFB5208B84D168EF53AFF1F7D2A1945005C.JPEG",
    "cantidad_archivos": 1,
    "archivos_fuente": [
      "Pictures/Fototeca de Fotos.photoslibrary/resources/derivatives/masters/3/3EADFB52-08B8-4D16-8EF5-3AFF1F7D2A19_4_5005_c.jpeg"
    ],
    "ultima_modificacion": "2025-08-01 01:01:16.132221"
  },
  "36d9e2b6841941dbb645f0125d69d3f545005c.jpeg": {
    "app_sintetizada": "36D9E2B6841941DBB645F0125D69D3F545005C.JPEG",
    "cantidad_archivos": 1,
    "archivos_fuente": [
      "Pictures/Fototeca de Fotos.photoslibrary/resources/derivatives/masters/3/36D9E2B6-8419-41DB-B645-F0125D69D3F5_4_5005_c.jpeg"
    ],
    "ultima_modificacion": "2025-08-01 01:01:16.132528"
  },
  "307a18f90c8249ab84cda07ba584211b45005c.jpeg": {
    "app_sintetizada": "307A18F90C8249AB84CDA07BA584211B45005C.JPEG",
    "cantidad_archivos": 1,
    "archivos_fuente": [
      "Pictures/Fototeca de Fotos.photoslibrary/resources/derivatives/masters/3/307A18F9-0C82-49AB-84CD-A07BA584211B_4_5005_c.jpeg"
    ],
    "ultima_modificacion": "2025-08-01 01:01:16.132837"
  },
  "3d1089cc07854f1292fbd77ea92349fc45005c.jpeg": {
    "app_sintetizada": "3D1089CC07854F1292FBD77EA92349FC45005C.JPEG",
    "cantidad_archivos": 1,
    "archivos_fuente": [
      "Pictures/Fototeca de Fotos.photoslibrary/resources/derivatives/masters/3/3D1089CC-0785-4F12-92FB-D77EA92349FC_4_5005_c.jpeg"
    ],
    "ultima_modificacion": "2025-08-01 01:01:16.133386"
  },
  "3d2280248d464055915b949ebf5ec76945005c.jpeg": {
    "app_sintetizada": "3D2280248D464055915B949EBF5EC76945005C.JPEG",
    "cantidad_archivos": 1,
    "archivos_fuente": [
      "Pictures/Fototeca de Fotos.photoslibrary/resources/derivatives/masters/3/3D228024-8D46-4055-915B-949EBF5EC769_4_5005_c.jpeg"
    ],
    "ultima_modificacion": "2025-08-01 01:01:16.134087"
  },
  "360efa17dc6343c9bfb076b274b6214145005c.jpeg": {
    "app_sintetizada": "360EFA17DC6343C9BFB076B274B6214145005C.JPEG",
    "cantidad_archivos": 1,
    "archivos_fuente": [
      "Pictures/Fototeca de Fotos.photoslibrary/resources/derivatives/masters/3/360EFA17-DC63-43C9-BFB0-76B274B62141_4_5005_c.jpeg"
    ],
    "ultima_modificacion": "2025-08-01 01:01:16.134392"
  },
  "30afdb5b80f54234b25e8cc5a9ff293745005c.jpeg": {
    "app_sintetizada": "30AFDB5B80F54234B25E8CC5A9FF293745005C.JPEG",
    "cantidad_archivos": 1,
    "archivos_fuente": [
      "Pictures/Fototeca de Fotos.photoslibrary/resources/derivatives/masters/3/30AFDB5B-80F5-4234-B25E-8CC5A9FF2937_4_5005_c.jpeg"
    ],
    "ultima_modificacion": "2025-08-01 01:01:16.134646"
  },
  "3e25015cadb240018f63d42256fdba9a45005c.jpeg": {
    "app_sintetizada": "3E25015CADB240018F63D42256FDBA9A45005C.JPEG",
    "cantidad_archivos": 1,
    "archivos_fuente": [
      "Pictures/Fototeca de Fotos.photoslibrary/resources/derivatives/masters/3/3E25015C-ADB2-4001-8F63-D42256FDBA9A_4_5005_c.jpeg"
    ],
    "ultima_modificacion": "2025-08-01 01:01:16.134921"
  },
  "33f56afe9cc94230a7e3dad0c72492da45005c.jpeg": {
    "app_sintetizada": "33F56AFE9CC94230A7E3DAD0C72492DA45005C.JPEG",
    "cantidad_archivos": 1,
    "archivos_fuente": [
      "Pictures/Fototeca de Fotos.photoslibrary/resources/derivatives/masters/3/33F56AFE-9CC9-4230-A7E3-DAD0C72492DA_4_5005_c.jpeg"
    ],
    "ultima_modificacion": "2025-08-01 01:01:16.135178"
  },
  "30a7027ad5f3457399a25e266d11840245005c.jpeg": {
    "app_sintetizada": "30A7027AD5F3457399A25E266D11840245005C.JPEG",
    "cantidad_archivos": 1,
    "archivos_fuente": [
      "Pictures/Fototeca de Fotos.photoslibrary/resources/derivatives/masters/3/30A7027A-D5F3-4573-99A2-5E266D118402_4_5005_c.jpeg"
    ],
    "ultima_modificacion": "2025-08-01 01:01:16.135430"
  },
  "35b4837e007446bcb5ca494a77a48a2845005c.jpeg": {
    "app_sintetizada": "35B4837E007446BCB5CA494A77A48A2845005C.JPEG",
    "cantidad_archivos": 1,
    "archivos_fuente": [
      "Pictures/Fototeca de Fotos.photoslibrary/resources/derivatives/masters/3/35B4837E-0074-46BC-B5CA-494A77A48A28_4_5005_c.jpeg"
    ],
    "ultima_modificacion": "2025-08-01 01:01:16.135698"
  },
  "3fff17cf95004ceca9d445e05c02a2e345005c.jpeg": {
    "app_sintetizada": "3FFF17CF95004CECA9D445E05C02A2E345005C.JPEG",
    "cantidad_archivos": 1,
    "archivos_fuente": [
      "Pictures/Fototeca de Fotos.photoslibrary/resources/derivatives/masters/3/3FFF17CF-9500-4CEC-A9D4-45E05C02A2E3_4_5005_c.jpeg"
    ],
    "ultima_modificacion": "2025-08-01 01:01:16.135995"
  },
  "394866f86dcf4f58866a373459f3751b45005c.jpeg": {
    "app_sintetizada": "394866F86DCF4F58866A373459F3751B45005C.JPEG",
    "cantidad_archivos": 1,
    "archivos_fuente": [
      "Pictures/Fototeca de Fotos.photoslibrary/resources/derivatives/masters/3/394866F8-6DCF-4F58-866A-373459F3751B_4_5005_c.jpeg"
    ],
    "ultima_modificacion": "2025-08-01 01:01:16.136291"
  },
  "3349e1a320fe489aa310e28b8a1c2a7745005c.jpeg": {
    "app_sintetizada": "3349E1A320FE489AA310E28B8A1C2A7745005C.JPEG",
    "cantidad_archivos": 1,
    "archivos_fuente": [
      "Pictures/Fototeca de Fotos.photoslibrary/resources/derivatives/masters/3/3349E1A3-20FE-489A-A310-E28B8A1C2A77_4_5005_c.jpeg"
    ],
    "ultima_modificacion": "2025-08-01 01:01:16.136599"
  },
  "33eaa56e758b4c78a755c0650a1aa22045005c.jpeg": {
    "app_sintetizada": "33EAA56E758B4C78A755C0650A1AA22045005C.JPEG",
    "cantidad_archivos": 1,
    "archivos_fuente": [
      "Pictures/Fototeca de Fotos.photoslibrary/resources/derivatives/masters/3/33EAA56E-758B-4C78-A755-C0650A1AA220_4_5005_c.jpeg"
    ],
    "ultima_modificacion": "2025-08-01 01:01:16.136899"
  },
  "381783ffe8a745c681f08f3f319eb4f545005c.jpeg": {
    "app_sintetizada": "381783FFE8A745C681F08F3F319EB4F545005C.JPEG",
    "cantidad_archivos": 1,
    "archivos_fuente": [
      "Pictures/Fototeca de Fotos.photoslibrary/resources/derivatives/masters/3/381783FF-E8A7-45C6-81F0-8F3F319EB4F5_4_5005_c.jpeg"
    ],
    "ultima_modificacion": "2025-08-01 01:01:16.137189"
  },
  "33dd3a250c8148a887dc48202dfaf8e145005c.jpeg": {
    "app_sintetizada": "33DD3A250C8148A887DC48202DFAF8E145005C.JPEG",
    "cantidad_archivos": 1,
    "archivos_fuente": [
      "Pictures/Fototeca de Fotos.photoslibrary/resources/derivatives/masters/3/33DD3A25-0C81-48A8-87DC-48202DFAF8E1_4_5005_c.jpeg"
    ],
    "ultima_modificacion": "2025-08-01 01:01:16.137586"
  },
  "33130d99c9fb40a3952e1dcb278fdc4e45005c.jpeg": {
    "app_sintetizada": "33130D99C9FB40A3952E1DCB278FDC4E45005C.JPEG",
    "cantidad_archivos": 1,
    "archivos_fuente": [
      "Pictures/Fototeca de Fotos.photoslibrary/resources/derivatives/masters/3/33130D99-C9FB-40A3-952E-1DCB278FDC4E_4_5005_c.jpeg"
    ],
    "ultima_modificacion": "2025-08-01 01:01:16.137966"
  },
  "34145433ce8e428f90410942c92d5cb845005c.jpeg": {
    "app_sintetizada": "34145433CE8E428F90410942C92D5CB845005C.JPEG",
    "cantidad_archivos": 1,
    "archivos_fuente": [
      "Pictures/Fototeca de Fotos.photoslibrary/resources/derivatives/masters/3/34145433-CE8E-428F-9041-0942C92D5CB8_4_5005_c.jpeg"
    ],
    "ultima_modificacion": "2025-08-01 01:01:16.138310"
  },
  "3bb61dfd40e14660884c12cfb7bf2e1f45005c.jpeg": {
    "app_sintetizada": "3BB61DFD40E14660884C12CFB7BF2E1F45005C.JPEG",
    "cantidad_archivos": 1,
    "archivos_fuente": [
      "Pictures/Fototeca de Fotos.photoslibrary/resources/derivatives/masters/3/3BB61DFD-40E1-4660-884C-12CFB7BF2E1F_4_5005_c.jpeg"
    ],
    "ultima_modificacion": "2025-08-01 01:01:16.138618"
  },
  "32f8f0c675eb493b9fcb4368c0abdee745005c.jpeg": {
    "app_sintetizada": "32F8F0C675EB493B9FCB4368C0ABDEE745005C.JPEG",
    "cantidad_archivos": 1,
    "archivos_fuente": [
      "Pictures/Fototeca de Fotos.photoslibrary/resources/derivatives/masters/3/32F8F0C6-75EB-493B-9FCB-4368C0ABDEE7_4_5005_c.jpeg"
    ],
    "ultima_modificacion": "2025-08-01 01:01:16.138921"
  },
  "3e3c355856384e7bbce4b76334fb5f6d45005c.jpeg": {
    "app_sintetizada": "3E3C355856384E7BBCE4B76334FB5F6D45005C.JPEG",
    "cantidad_archivos": 1,
    "archivos_fuente": [
      "Pictures/Fototeca de Fotos.photoslibrary/resources/derivatives/masters/3/3E3C3558-5638-4E7B-BCE4-B76334FB5F6D_4_5005_c.jpeg"
    ],
    "ultima_modificacion": "2025-08-01 01:01:16.139303"
  },
  "3318aee98c8b4fe8b7ec9641a5ff0d5b45005c.jpeg": {
    "app_sintetizada": "3318AEE98C8B4FE8B7EC9641A5FF0D5B45005C.JPEG",
    "cantidad_archivos": 1,
    "archivos_fuente": [
      "Pictures/Fototeca de Fotos.photoslibrary/resources/derivatives/masters/3/3318AEE9-8C8B-4FE8-B7EC-9641A5FF0D5B_4_5005_c.jpeg"
    ],
    "ultima_modificacion": "2025-08-01 01:01:16.139699"
  },
  "336d470428914cf39a6f808c25d38c6a45005c.jpeg": {
    "app_sintetizada": "336D470428914CF39A6F808C25D38C6A45005C.JPEG",
    "cantidad_archivos": 1,
    "archivos_fuente": [
      "Pictures/Fototeca de Fotos.photoslibrary/resources/derivatives/masters/3/336D4704-2891-4CF3-9A6F-808C25D38C6A_4_5005_c.jpeg"
    ],
    "ultima_modificacion": "2025-08-01 01:01:16.140094"
  },
  "3c430d6db8ee4334960d31ceaee26d4645005c.jpeg": {
    "app_sintetizada": "3C430D6DB8EE4334960D31CEAEE26D4645005C.JPEG",
    "cantidad_archivos": 1,
    "archivos_fuente": [
      "Pictures/Fototeca de Fotos.photoslibrary/resources/derivatives/masters/3/3C430D6D-B8EE-4334-960D-31CEAEE26D46_4_5005_c.jpeg"
    ],
    "ultima_modificacion": "2025-08-01 01:01:16.140410"
  },
  "3c0fc497439b4281a40b75ba0269db0745005c.jpeg": {
    "app_sintetizada": "3C0FC497439B4281A40B75BA0269DB0745005C.JPEG",
    "cantidad_archivos": 1,
    "archivos_fuente": [
      "Pictures/Fototeca de Fotos.photoslibrary/resources/derivatives/masters/3/3C0FC497-439B-4281-A40B-75BA0269DB07_4_5005_c.jpeg"
    ],
    "ultima_modificacion": "2025-08-01 01:01:16.140731"
  },
  "3a1823428ecf4b2b94ea055e6578480245005c.jpeg": {
    "app_sintetizada": "3A1823428ECF4B2B94EA055E6578480245005C.JPEG",
    "cantidad_archivos": 1,
    "archivos_fuente": [
      "Pictures/Fototeca de Fotos.photoslibrary/resources/derivatives/masters/3/3A182342-8ECF-4B2B-94EA-055E65784802_4_5005_c.jpeg"
    ],
    "ultima_modificacion": "2025-08-01 01:01:16.141198"
  },
  "3135b7f149cf414baf1c9447a122b2fc45005c.jpeg": {
    "app_sintetizada": "3135B7F149CF414BAF1C9447A122B2FC45005C.JPEG",
    "cantidad_archivos": 1,
    "archivos_fuente": [
      "Pictures/Fototeca de Fotos.photoslibrary/resources/derivatives/masters/3/3135B7F1-49CF-414B-AF1C-9447A122B2FC_4_5005_c.jpeg"
    ],
    "ultima_modificacion": "2025-08-01 01:01:16.141567"
  },
  "36f269163dbe4f8a955a331410048f8545005c.jpeg": {
    "app_sintetizada": "36F269163DBE4F8A955A331410048F8545005C.JPEG",
    "cantidad_archivos": 1,
    "archivos_fuente": [
      "Pictures/Fototeca de Fotos.photoslibrary/resources/derivatives/masters/3/36F26916-3DBE-4F8A-955A-331410048F85_4_5005_c.jpeg"
    ],
    "ultima_modificacion": "2025-08-01 01:01:16.141895"
  },
  "3a4b4be7294b4a9fad12ae06a4170de845005c.jpeg": {
    "app_sintetizada": "3A4B4BE7294B4A9FAD12AE06A4170DE845005C.JPEG",
    "cantidad_archivos": 1,
    "archivos_fuente": [
      "Pictures/Fototeca de Fotos.photoslibrary/resources/derivatives/masters/3/3A4B4BE7-294B-4A9F-AD12-AE06A4170DE8_4_5005_c.jpeg"
    ],
    "ultima_modificacion": "2025-08-01 01:01:16.142195"
  },
  "3849452e719e4c09bd98ed159e64628245005c.jpeg": {
    "app_sintetizada": "3849452E719E4C09BD98ED159E64628245005C.JPEG",
    "cantidad_archivos": 1,
    "archivos_fuente": [
      "Pictures/Fototeca de Fotos.photoslibrary/resources/derivatives/masters/3/3849452E-719E-4C09-BD98-ED159E646282_4_5005_c.jpeg"
    ],
    "ultima_modificacion": "2025-08-01 01:01:16.142506"
  },
  "393bf71c9ece432aab6babd0e1b1a90045005c.jpeg": {
    "app_sintetizada": "393BF71C9ECE432AAB6BABD0E1B1A90045005C.JPEG",
    "cantidad_archivos": 1,
    "archivos_fuente": [
      "Pictures/Fototeca de Fotos.photoslibrary/resources/derivatives/masters/3/393BF71C-9ECE-432A-AB6B-ABD0E1B1A900_4_5005_c.jpeg"
    ],
    "ultima_modificacion": "2025-08-01 01:01:16.142827"
  },
  "3a7ee2472c1a46868b386269b09d3d3745005c.jpeg": {
    "app_sintetizada": "3A7EE2472C1A46868B386269B09D3D3745005C.JPEG",
    "cantidad_archivos": 1,
    "archivos_fuente": [
      "Pictures/Fototeca de Fotos.photoslibrary/resources/derivatives/masters/3/3A7EE247-2C1A-4686-8B38-6269B09D3D37_4_5005_c.jpeg"
    ],
    "ultima_modificacion": "2025-08-01 01:01:16.143152"
  },
  "333c9f43b782446ab5bb9174e582883845005c.jpeg": {
    "app_sintetizada": "333C9F43B782446AB5BB9174E582883845005C.JPEG",
    "cantidad_archivos": 1,
    "archivos_fuente": [
      "Pictures/Fototeca de Fotos.photoslibrary/resources/derivatives/masters/3/333C9F43-B782-446A-B5BB-9174E5828838_4_5005_c.jpeg"
    ],
    "ultima_modificacion": "2025-08-01 01:01:16.143502"
  },
  "3ace4a6e330b41b2a304cd43b6236e4c45005c.jpeg": {
    "app_sintetizada": "3ACE4A6E330B41B2A304CD43B6236E4C45005C.JPEG",
    "cantidad_archivos": 1,
    "archivos_fuente": [
      "Pictures/Fototeca de Fotos.photoslibrary/resources/derivatives/masters/3/3ACE4A6E-330B-41B2-A304-CD43B6236E4C_4_5005_c.jpeg"
    ],
    "ultima_modificacion": "2025-08-01 01:01:16.143830"
  },
  "39bf1403d962480d94a6c049a82295b445005c.jpeg": {
    "app_sintetizada": "39BF1403D962480D94A6C049A82295B445005C.JPEG",
    "cantidad_archivos": 1,
    "archivos_fuente": [
      "Pictures/Fototeca de Fotos.photoslibrary/resources/derivatives/masters/3/39BF1403-D962-480D-94A6-C049A82295B4_4_5005_c.jpeg"
    ],
    "ultima_modificacion": "2025-08-01 01:01:16.144151"
  },
  "33c75bdf36314b3da35ba2c4e6ac840645005c.jpeg": {
    "app_sintetizada": "33C75BDF36314B3DA35BA2C4E6AC840645005C.JPEG",
    "cantidad_archivos": 1,
    "archivos_fuente": [
      "Pictures/Fototeca de Fotos.photoslibrary/resources/derivatives/masters/3/33C75BDF-3631-4B3D-A35B-A2C4E6AC8406_4_5005_c.jpeg"
    ],
    "ultima_modificacion": "2025-08-01 01:01:16.144465"
  },
  "3071b9a8198540cd9e7f3dea3f2b50ff45005c.jpeg": {
    "app_sintetizada": "3071B9A8198540CD9E7F3DEA3F2B50FF45005C.JPEG",
    "cantidad_archivos": 1,
    "archivos_fuente": [
      "Pictures/Fototeca de Fotos.photoslibrary/resources/derivatives/masters/3/3071B9A8-1985-40CD-9E7F-3DEA3F2B50FF_4_5005_c.jpeg"
    ],
    "ultima_modificacion": "2025-08-01 01:01:16.145726"
  },
  "3fcc67b17f974d7ca0e430d996e7776645005c.jpeg": {
    "app_sintetizada": "3FCC67B17F974D7CA0E430D996E7776645005C.JPEG",
    "cantidad_archivos": 1,
    "archivos_fuente": [
      "Pictures/Fototeca de Fotos.photoslibrary/resources/derivatives/masters/3/3FCC67B1-7F97-4D7C-A0E4-30D996E77766_4_5005_c.jpeg"
    ],
    "ultima_modificacion": "2025-08-01 01:01:16.146182"
  },
  "36d1cf996d174cd69a91a5047d9836a245005c.jpeg": {
    "app_sintetizada": "36D1CF996D174CD69A91A5047D9836A245005C.JPEG",
    "cantidad_archivos": 1,
    "archivos_fuente": [
      "Pictures/Fototeca de Fotos.photoslibrary/resources/derivatives/masters/3/36D1CF99-6D17-4CD6-9A91-A5047D9836A2_4_5005_c.jpeg"
    ],
    "ultima_modificacion": "2025-08-01 01:01:16.146559"
  },
  "3831d47058b9437bafe87bdb15fae98e45005c.jpeg": {
    "app_sintetizada": "3831D47058B9437BAFE87BDB15FAE98E45005C.JPEG",
    "cantidad_archivos": 1,
    "archivos_fuente": [
      "Pictures/Fototeca de Fotos.photoslibrary/resources/derivatives/masters/3/3831D470-58B9-437B-AFE8-7BDB15FAE98E_4_5005_c.jpeg"
    ],
    "ultima_modificacion": "2025-08-01 01:01:16.146906"
  },
  "32c2952e3ad3429292279dc5d98ab8eb45005c.jpeg": {
    "app_sintetizada": "32C2952E3AD3429292279DC5D98AB8EB45005C.JPEG",
    "cantidad_archivos": 1,
    "archivos_fuente": [
      "Pictures/Fototeca de Fotos.photoslibrary/resources/derivatives/masters/3/32C2952E-3AD3-4292-9227-9DC5D98AB8EB_4_5005_c.jpeg"
    ],
    "ultima_modificacion": "2025-08-01 01:01:16.147253"
  },
  "3ca62f5ae2134b26b391a10b43c1776645005c.jpeg": {
    "app_sintetizada": "3CA62F5AE2134B26B391A10B43C1776645005C.JPEG",
    "cantidad_archivos": 1,
    "archivos_fuente": [
      "Pictures/Fototeca de Fotos.photoslibrary/resources/derivatives/masters/3/3CA62F5A-E213-4B26-B391-A10B43C17766_4_5005_c.jpeg"
    ],
    "ultima_modificacion": "2025-08-01 01:01:16.147580"
  },
  "31d603e032ef45b7b38844fc4d0fbb1345005c.jpeg": {
    "app_sintetizada": "31D603E032EF45B7B38844FC4D0FBB1345005C.JPEG",
    "cantidad_archivos": 1,
    "archivos_fuente": [
      "Pictures/Fototeca de Fotos.photoslibrary/resources/derivatives/masters/3/31D603E0-32EF-45B7-B388-44FC4D0FBB13_4_5005_c.jpeg"
    ],
    "ultima_modificacion": "2025-08-01 01:01:16.147895"
  },
  "3f1502a841e044c287bab73273ec7e5e45005c.jpeg": {
    "app_sintetizada": "3F1502A841E044C287BAB73273EC7E5E45005C.JPEG",
    "cantidad_archivos": 1,
    "archivos_fuente": [
      "Pictures/Fototeca de Fotos.photoslibrary/resources/derivatives/masters/3/3F1502A8-41E0-44C2-87BA-B73273EC7E5E_4_5005_c.jpeg"
    ],
    "ultima_modificacion": "2025-08-01 01:01:16.148228"
  },
  "3774a1d179aa4a06a5787f3f9212f2af45005c.jpeg": {
    "app_sintetizada": "3774A1D179AA4A06A5787F3F9212F2AF45005C.JPEG",
    "cantidad_archivos": 1,
    "archivos_fuente": [
      "Pictures/Fototeca de Fotos.photoslibrary/resources/derivatives/masters/3/3774A1D1-79AA-4A06-A578-7F3F9212F2AF_4_5005_c.jpeg"
    ],
    "ultima_modificacion": "2025-08-01 01:01:16.148572"
  },
  "3b44ad4b5d4947d18367df4449b8adbd45005c.jpeg": {
    "app_sintetizada": "3B44AD4B5D4947D18367DF4449B8ADBD45005C.JPEG",
    "cantidad_archivos": 1,
    "archivos_fuente": [
      "Pictures/Fototeca de Fotos.photoslibrary/resources/derivatives/masters/3/3B44AD4B-5D49-47D1-8367-DF4449B8ADBD_4_5005_c.jpeg"
    ],
    "ultima_modificacion": "2025-08-01 01:01:16.148946"
  },
  "3aadd29ce6424b42b7eab64228517ac545005c.jpeg": {
    "app_sintetizada": "3AADD29CE6424B42B7EAB64228517AC545005C.JPEG",
    "cantidad_archivos": 1,
    "archivos_fuente": [
      "Pictures/Fototeca de Fotos.photoslibrary/resources/derivatives/masters/3/3AADD29C-E642-4B42-B7EA-B64228517AC5_4_5005_c.jpeg"
    ],
    "ultima_modificacion": "2025-08-01 01:01:16.149315"
  },
  "35e41aa8cfff4706861910265e90a60145005c.jpeg": {
    "app_sintetizada": "35E41AA8CFFF4706861910265E90A60145005C.JPEG",
    "cantidad_archivos": 1,
    "archivos_fuente": [
      "Pictures/Fototeca de Fotos.photoslibrary/resources/derivatives/masters/3/35E41AA8-CFFF-4706-8619-10265E90A601_4_5005_c.jpeg"
    ],
    "ultima_modificacion": "2025-08-01 01:01:16.149658"
  },
  "3a2af447ce5e4c40a7963f789152117b45005c.jpeg": {
    "app_sintetizada": "3A2AF447CE5E4C40A7963F789152117B45005C.JPEG",
    "cantidad_archivos": 1,
    "archivos_fuente": [
      "Pictures/Fototeca de Fotos.photoslibrary/resources/derivatives/masters/3/3A2AF447-CE5E-4C40-A796-3F789152117B_4_5005_c.jpeg"
    ],
    "ultima_modificacion": "2025-08-01 01:01:16.150005"
  },
  "3cd27e032b6440a58177e86f463804d545005c.jpeg": {
    "app_sintetizada": "3CD27E032B6440A58177E86F463804D545005C.JPEG",
    "cantidad_archivos": 1,
    "archivos_fuente": [
      "Pictures/Fototeca de Fotos.photoslibrary/resources/derivatives/masters/3/3CD27E03-2B64-40A5-8177-E86F463804D5_4_5005_c.jpeg"
    ],
    "ultima_modificacion": "2025-08-01 01:01:16.150342"
  },
  "33175483d04d4fcb9cad8c0feb7ff54c45005c.jpeg": {
    "app_sintetizada": "33175483D04D4FCB9CAD8C0FEB7FF54C45005C.JPEG",
    "cantidad_archivos": 1,
    "archivos_fuente": [
      "Pictures/Fototeca de Fotos.photoslibrary/resources/derivatives/masters/3/33175483-D04D-4FCB-9CAD-8C0FEB7FF54C_4_5005_c.jpeg"
    ],
    "ultima_modificacion": "2025-08-01 01:01:16.150690"
  },
  "3335cf7144374356a811ab090a1e779245005c.jpeg": {
    "app_sintetizada": "3335CF7144374356A811AB090A1E779245005C.JPEG",
    "cantidad_archivos": 1,
    "archivos_fuente": [
      "Pictures/Fototeca de Fotos.photoslibrary/resources/derivatives/masters/3/3335CF71-4437-4356-A811-AB090A1E7792_4_5005_c.jpeg"
    ],
    "ultima_modificacion": "2025-08-01 01:01:16.151045"
  },
  "36d95485ab6047ed80714cc2a47af5af45005c.jpeg": {
    "app_sintetizada": "36D95485AB6047ED80714CC2A47AF5AF45005C.JPEG",
    "cantidad_archivos": 1,
    "archivos_fuente": [
      "Pictures/Fototeca de Fotos.photoslibrary/resources/derivatives/masters/3/36D95485-AB60-47ED-8071-4CC2A47AF5AF_4_5005_c.jpeg"
    ],
    "ultima_modificacion": "2025-08-01 01:01:16.151422"
  },
  "3077769b93754c68a01af4ac53883c4c45005c.jpeg": {
    "app_sintetizada": "3077769B93754C68A01AF4AC53883C4C45005C.JPEG",
    "cantidad_archivos": 1,
    "archivos_fuente": [
      "Pictures/Fototeca de Fotos.photoslibrary/resources/derivatives/masters/3/3077769B-9375-4C68-A01A-F4AC53883C4C_4_5005_c.jpeg"
    ],
    "ultima_modificacion": "2025-08-01 01:01:16.151764"
  },
  "39192121ecbf46168efd8d1214bd7ae145005c.jpeg": {
    "app_sintetizada": "39192121ECBF46168EFD8D1214BD7AE145005C.JPEG",
    "cantidad_archivos": 1,
    "archivos_fuente": [
      "Pictures/Fototeca de Fotos.photoslibrary/resources/derivatives/masters/3/39192121-ECBF-4616-8EFD-8D1214BD7AE1_4_5005_c.jpeg"
    ],
    "ultima_modificacion": "2025-08-01 01:01:16.152103"
  },
  "3a401b47dbbc4c9ea834532f28921bf445005c.jpeg": {
    "app_sintetizada": "3A401B47DBBC4C9EA834532F28921BF445005C.JPEG",
    "cantidad_archivos": 1,
    "archivos_fuente": [
      "Pictures/Fototeca de Fotos.photoslibrary/resources/derivatives/masters/3/3A401B47-DBBC-4C9E-A834-532F28921BF4_4_5005_c.jpeg"
    ],
    "ultima_modificacion": "2025-08-01 01:01:16.152465"
  },
  "3fa5004fe3ee4a8b84b09bfab1c6504245005c.jpeg": {
    "app_sintetizada": "3FA5004FE3EE4A8B84B09BFAB1C6504245005C.JPEG",
    "cantidad_archivos": 1,
    "archivos_fuente": [
      "Pictures/Fototeca de Fotos.photoslibrary/resources/derivatives/masters/3/3FA5004F-E3EE-4A8B-84B0-9BFAB1C65042_4_5005_c.jpeg"
    ],
    "ultima_modificacion": "2025-08-01 01:01:16.152795"
  },
  "3b24d97e938841ee94318728461252d745005c.jpeg": {
    "app_sintetizada": "3B24D97E938841EE94318728461252D745005C.JPEG",
    "cantidad_archivos": 1,
    "archivos_fuente": [
      "Pictures/Fototeca de Fotos.photoslibrary/resources/derivatives/masters/3/3B24D97E-9388-41EE-9431-8728461252D7_4_5005_c.jpeg"
    ],
    "ultima_modificacion": "2025-08-01 01:01:16.153137"
  },
  "36daf9f25e48424a914435de629a8e5a45005c.jpeg": {
    "app_sintetizada": "36DAF9F25E48424A914435DE629A8E5A45005C.JPEG",
    "cantidad_archivos": 1,
    "archivos_fuente": [
      "Pictures/Fototeca de Fotos.photoslibrary/resources/derivatives/masters/3/36DAF9F2-5E48-424A-9144-35DE629A8E5A_4_5005_c.jpeg"
    ],
    "ultima_modificacion": "2025-08-01 01:01:16.153490"
  },
  "313b664e9026481db1080eb58bba5f4545005c.jpeg": {
    "app_sintetizada": "313B664E9026481DB1080EB58BBA5F4545005C.JPEG",
    "cantidad_archivos": 1,
    "archivos_fuente": [
      "Pictures/Fototeca de Fotos.photoslibrary/resources/derivatives/masters/3/313B664E-9026-481D-B108-0EB58BBA5F45_4_5005_c.jpeg"
    ],
    "ultima_modificacion": "2025-08-01 01:01:16.153789"
  },
  "3b489c3d7d5e42fcb0b7355283d5eeba45005c.jpeg": {
    "app_sintetizada": "3B489C3D7D5E42FCB0B7355283D5EEBA45005C.JPEG",
    "cantidad_archivos": 1,
    "archivos_fuente": [
      "Pictures/Fototeca de Fotos.photoslibrary/resources/derivatives/masters/3/3B489C3D-7D5E-42FC-B0B7-355283D5EEBA_4_5005_c.jpeg"
    ],
    "ultima_modificacion": "2025-08-01 01:01:16.154202"
  },
  "322c7032ed394e41a1628a0ed90ef42845005c.jpeg": {
    "app_sintetizada": "322C7032ED394E41A1628A0ED90EF42845005C.JPEG",
    "cantidad_archivos": 1,
    "archivos_fuente": [
      "Pictures/Fototeca de Fotos.photoslibrary/resources/derivatives/masters/3/322C7032-ED39-4E41-A162-8A0ED90EF428_4_5005_c.jpeg"
    ],
    "ultima_modificacion": "2025-08-01 01:01:16.154924"
  },
  "3ed065bcd4864ff988f285bb0380abcd45005c.jpeg": {
    "app_sintetizada": "3ED065BCD4864FF988F285BB0380ABCD45005C.JPEG",
    "cantidad_archivos": 1,
    "archivos_fuente": [
      "Pictures/Fototeca de Fotos.photoslibrary/resources/derivatives/masters/3/3ED065BC-D486-4FF9-88F2-85BB0380ABCD_4_5005_c.jpeg"
    ],
    "ultima_modificacion": "2025-08-01 01:01:16.155370"
  },
  "36ef0c7066fe4fbd9b7c4c252bca027045005c.jpeg": {
    "app_sintetizada": "36EF0C7066FE4FBD9B7C4C252BCA027045005C.JPEG",
    "cantidad_archivos": 1,
    "archivos_fuente": [
      "Pictures/Fototeca de Fotos.photoslibrary/resources/derivatives/masters/3/36EF0C70-66FE-4FBD-9B7C-4C252BCA0270_4_5005_c.jpeg"
    ],
    "ultima_modificacion": "2025-08-01 01:01:16.155842"
  },
  "3247f575ec1f4998a5fd24a8a5a5528945005c.jpeg": {
    "app_sintetizada": "3247F575EC1F4998A5FD24A8A5A5528945005C.JPEG",
    "cantidad_archivos": 1,
    "archivos_fuente": [
      "Pictures/Fototeca de Fotos.photoslibrary/resources/derivatives/masters/3/3247F575-EC1F-4998-A5FD-24A8A5A55289_4_5005_c.jpeg"
    ],
    "ultima_modificacion": "2025-08-01 01:01:16.156226"
  },
  "344935934d8442a09defbfdbde462dad45005c.jpeg": {
    "app_sintetizada": "344935934D8442A09DEFBFDBDE462DAD45005C.JPEG",
    "cantidad_archivos": 1,
    "archivos_fuente": [
      "Pictures/Fototeca de Fotos.photoslibrary/resources/derivatives/masters/3/34493593-4D84-42A0-9DEF-BFDBDE462DAD_4_5005_c.jpeg"
    ],
    "ultima_modificacion": "2025-08-01 01:01:16.156714"
  },
  "366c36ffcb834d98b8c18a67a69835c045005c.jpeg": {
    "app_sintetizada": "366C36FFCB834D98B8C18A67A69835C045005C.JPEG",
    "cantidad_archivos": 1,
    "archivos_fuente": [
      "Pictures/Fototeca de Fotos.photoslibrary/resources/derivatives/masters/3/366C36FF-CB83-4D98-B8C1-8A67A69835C0_4_5005_c.jpeg"
    ],
    "ultima_modificacion": "2025-08-01 01:01:16.157223"
  },
  "3562443e15894d23b41f9730f1fa350d45005c.jpeg": {
    "app_sintetizada": "3562443E15894D23B41F9730F1FA350D45005C.JPEG",
    "cantidad_archivos": 1,
    "archivos_fuente": [
      "Pictures/Fototeca de Fotos.photoslibrary/resources/derivatives/masters/3/3562443E-1589-4D23-B41F-9730F1FA350D_4_5005_c.jpeg"
    ],
    "ultima_modificacion": "2025-08-01 01:01:16.157649"
  },
  "32118c8fd7b94437810e0ae5f7fcd3df45005c.jpeg": {
    "app_sintetizada": "32118C8FD7B94437810E0AE5F7FCD3DF45005C.JPEG",
    "cantidad_archivos": 1,
    "archivos_fuente": [
      "Pictures/Fototeca de Fotos.photoslibrary/resources/derivatives/masters/3/32118C8F-D7B9-4437-810E-0AE5F7FCD3DF_4_5005_c.jpeg"
    ],
    "ultima_modificacion": "2025-08-01 01:01:16.158054"
  },
  "34ba46e22ffb48fcb70769d058e853b845005c.jpeg": {
    "app_sintetizada": "34BA46E22FFB48FCB70769D058E853B845005C.JPEG",
    "cantidad_archivos": 1,
    "archivos_fuente": [
      "Pictures/Fototeca de Fotos.photoslibrary/resources/derivatives/masters/3/34BA46E2-2FFB-48FC-B707-69D058E853B8_4_5005_c.jpeg"
    ],
    "ultima_modificacion": "2025-08-01 01:01:16.158479"
  },
  "3c734e3307c34923b442428175675ada45005c.jpeg": {
    "app_sintetizada": "3C734E3307C34923B442428175675ADA45005C.JPEG",
    "cantidad_archivos": 1,
    "archivos_fuente": [
      "Pictures/Fototeca de Fotos.photoslibrary/resources/derivatives/masters/3/3C734E33-07C3-4923-B442-428175675ADA_4_5005_c.jpeg"
    ],
    "ultima_modificacion": "2025-08-01 01:01:16.158804"
  },
  "37bd2d60192b42bc879d25d1c5e6b3ca45005c.jpeg": {
    "app_sintetizada": "37BD2D60192B42BC879D25D1C5E6B3CA45005C.JPEG",
    "cantidad_archivos": 1,
    "archivos_fuente": [
      "Pictures/Fototeca de Fotos.photoslibrary/resources/derivatives/masters/3/37BD2D60-192B-42BC-879D-25D1C5E6B3CA_4_5005_c.jpeg"
    ],
    "ultima_modificacion": "2025-08-01 01:01:16.159135"
  },
  "3f7d8e4b97034392a29d422a48246d8145005c.jpeg": {
    "app_sintetizada": "3F7D8E4B97034392A29D422A48246D8145005C.JPEG",
    "cantidad_archivos": 1,
    "archivos_fuente": [
      "Pictures/Fototeca de Fotos.photoslibrary/resources/derivatives/masters/3/3F7D8E4B-9703-4392-A29D-422A48246D81_4_5005_c.jpeg"
    ],
    "ultima_modificacion": "2025-08-01 01:01:16.159467"
  },
  "3a0330d6b15d4d77baf42e906437bdb745005c.jpeg": {
    "app_sintetizada": "3A0330D6B15D4D77BAF42E906437BDB745005C.JPEG",
    "cantidad_archivos": 1,
    "archivos_fuente": [
      "Pictures/Fototeca de Fotos.photoslibrary/resources/derivatives/masters/3/3A0330D6-B15D-4D77-BAF4-2E906437BDB7_4_5005_c.jpeg"
    ],
    "ultima_modificacion": "2025-08-01 01:01:16.159805"
  },
  "35e020f321844fb4b019458a26d4175f45005c.jpeg": {
    "app_sintetizada": "35E020F321844FB4B019458A26D4175F45005C.JPEG",
    "cantidad_archivos": 1,
    "archivos_fuente": [
      "Pictures/Fototeca de Fotos.photoslibrary/resources/derivatives/masters/3/35E020F3-2184-4FB4-B019-458A26D4175F_4_5005_c.jpeg"
    ],
    "ultima_modificacion": "2025-08-01 01:01:16.160151"
  },
  "3fec8edd20b84800996c20dfeef8556145005c.jpeg": {
    "app_sintetizada": "3FEC8EDD20B84800996C20DFEEF8556145005C.JPEG",
    "cantidad_archivos": 1,
    "archivos_fuente": [
      "Pictures/Fototeca de Fotos.photoslibrary/resources/derivatives/masters/3/3FEC8EDD-20B8-4800-996C-20DFEEF85561_4_5005_c.jpeg"
    ],
    "ultima_modificacion": "2025-08-01 01:01:16.160511"
  },
  "359e95f29eb043aabb97d556554c5b2b45005c.jpeg": {
    "app_sintetizada": "359E95F29EB043AABB97D556554C5B2B45005C.JPEG",
    "cantidad_archivos": 1,
    "archivos_fuente": [
      "Pictures/Fototeca de Fotos.photoslibrary/resources/derivatives/masters/3/359E95F2-9EB0-43AA-BB97-D556554C5B2B_4_5005_c.jpeg"
    ],
    "ultima_modificacion": "2025-08-01 01:01:16.160857"
  },
  "31746a56d081459db186a979f7315dfa45005c.jpeg": {
    "app_sintetizada": "31746A56D081459DB186A979F7315DFA45005C.JPEG",
    "cantidad_archivos": 1,
    "archivos_fuente": [
      "Pictures/Fototeca de Fotos.photoslibrary/resources/derivatives/masters/3/31746A56-D081-459D-B186-A979F7315DFA_4_5005_c.jpeg"
    ],
    "ultima_modificacion": "2025-08-01 01:01:16.161213"
  },
  "3b3f738ca3f74ac1a3126904670aed2c45005c.jpeg": {
    "app_sintetizada": "3B3F738CA3F74AC1A3126904670AED2C45005C.JPEG",
    "cantidad_archivos": 1,
    "archivos_fuente": [
      "Pictures/Fototeca de Fotos.photoslibrary/resources/derivatives/masters/3/3B3F738C-A3F7-4AC1-A312-6904670AED2C_4_5005_c.jpeg"
    ],
    "ultima_modificacion": "2025-08-01 01:01:16.161523"
  },
  "3e577dba80a54a649ff4afda0e85bf7645005c.jpeg": {
    "app_sintetizada": "3E577DBA80A54A649FF4AFDA0E85BF7645005C.JPEG",
    "cantidad_archivos": 1,
    "archivos_fuente": [
      "Pictures/Fototeca de Fotos.photoslibrary/resources/derivatives/masters/3/3E577DBA-80A5-4A64-9FF4-AFDA0E85BF76_4_5005_c.jpeg"
    ],
    "ultima_modificacion": "2025-08-01 01:01:16.161842"
  }
}