{
  "1160472d5d27452d8b6cc186d88398bf45005c.jpeg": {
    "app_sintetizada": "1160472D5D27452D8B6CC186D88398BF45005C.JPEG",
    "cantidad_archivos": 1,
    "archivos_fuente": [
      "Pictures/Fototeca de Fotos.photoslibrary/resources/derivatives/masters/1/1160472D-5D27-452D-8B6C-C186D88398BF_4_5005_c.jpeg"
    ],
    "ultima_modificacion": "2025-08-01 01:01:09.546183"
  },
  "1a2f4e835cb3428c8a31dc5079e60b0745005c.jpeg": {
    "app_sintetizada": "1A2F4E835CB3428C8A31DC5079E60B0745005C.JPEG",
    "cantidad_archivos": 1,
    "archivos_fuente": [
      "Pictures/Fototeca de Fotos.photoslibrary/resources/derivatives/masters/1/1A2F4E83-5CB3-428C-8A31-DC5079E60B07_4_5005_c.jpeg"
    ],
    "ultima_modificacion": "2025-08-01 01:01:09.546537"
  },
  "1c01675cdd934916811ee9a51cf5fa9445005c.jpeg": {
    "app_sintetizada": "1C01675CDD934916811EE9A51CF5FA9445005C.JPEG",
    "cantidad_archivos": 1,
    "archivos_fuente": [
      "Pictures/Fototeca de Fotos.photoslibrary/resources/derivatives/masters/1/1C01675C-DD93-4916-811E-E9A51CF5FA94_4_5005_c.jpeg"
    ],
    "ultima_modificacion": "2025-08-01 01:01:09.546847"
  },
  "1b8b8b57a5b04b58a706589e95525fc045005c.jpeg": {
    "app_sintetizada": "1B8B8B57A5B04B58A706589E95525FC045005C.JPEG",
    "cantidad_archivos": 1,
    "archivos_fuente": [
      "Pictures/Fototeca de Fotos.photoslibrary/resources/derivatives/masters/1/1B8B8B57-A5B0-4B58-A706-589E95525FC0_4_5005_c.jpeg"
    ],
    "ultima_modificacion": "2025-08-01 01:01:09.547125"
  },
  "15a0b65cb8134b519061cb59d9efb65a45005c.jpeg": {
    "app_sintetizada": "15A0B65CB8134B519061CB59D9EFB65A45005C.JPEG",
    "cantidad_archivos": 1,
    "archivos_fuente": [
      "Pictures/Fototeca de Fotos.photoslibrary/resources/derivatives/masters/1/15A0B65C-B813-4B51-9061-CB59D9EFB65A_4_5005_c.jpeg"
    ],
    "ultima_modificacion": "2025-08-01 01:01:09.547409"
  },
  "1dd607dc9cb94d5abec7db21d07cd31245005c.jpeg": {
    "app_sintetizada": "1DD607DC9CB94D5ABEC7DB21D07CD31245005C.JPEG",
    "cantidad_archivos": 1,
    "archivos_fuente": [
      "Pictures/Fototeca de Fotos.photoslibrary/resources/derivatives/masters/1/1DD607DC-9CB9-4D5A-BEC7-DB21D07CD312_4_5005_c.jpeg"
    ],
    "ultima_modificacion": "2025-08-01 01:01:09.547717"
  },
  "1c6b6bc7fe084da9acb2252427479b1f45005c.jpeg": {
    "app_sintetizada": "1C6B6BC7FE084DA9ACB2252427479B1F45005C.JPEG",
    "cantidad_archivos": 1,
    "archivos_fuente": [
      "Pictures/Fototeca de Fotos.photoslibrary/resources/derivatives/masters/1/1C6B6BC7-FE08-4DA9-ACB2-252427479B1F_4_5005_c.jpeg"
    ],
    "ultima_modificacion": "2025-08-01 01:01:09.548026"
  },
  "1f21d25c78564292a139fe251a774d9e45005c.jpeg": {
    "app_sintetizada": "1F21D25C78564292A139FE251A774D9E45005C.JPEG",
    "cantidad_archivos": 1,
    "archivos_fuente": [
      "Pictures/Fototeca de Fotos.photoslibrary/resources/derivatives/masters/1/1F21D25C-7856-4292-A139-FE251A774D9E_4_5005_c.jpeg"
    ],
    "ultima_modificacion": "2025-08-01 01:01:09.548328"
  },
  "174abbfe6d9949a6880b77c0d47ba81345005c.jpeg": {
    "app_sintetizada": "174ABBFE6D9949A6880B77C0D47BA81345005C.JPEG",
    "cantidad_archivos": 1,
    "archivos_fuente": [
      "Pictures/Fototeca de Fotos.photoslibrary/resources/derivatives/masters/1/174ABBFE-6D99-49A6-880B-77C0D47BA813_4_5005_c.jpeg"
    ],
    "ultima_modificacion": "2025-08-01 01:01:09.548620"
  },
  "166c0d6f043749a2bf8dc1aeaad88aeb45005c.jpeg": {
    "app_sintetizada": "166C0D6F043749A2BF8DC1AEAAD88AEB45005C.JPEG",
    "cantidad_archivos": 1,
    "archivos_fuente": [
      "Pictures/Fototeca de Fotos.photoslibrary/resources/derivatives/masters/1/166C0D6F-0437-49A2-BF8D-C1AEAAD88AEB_4_5005_c.jpeg"
    ],
    "ultima_modificacion": "2025-08-01 01:01:09.548921"
  },
  "10c8397d5965416cbf4490087600aae745005c.jpeg": {
    "app_sintetizada": "10C8397D5965416CBF4490087600AAE745005C.JPEG",
    "cantidad_archivos": 1,
    "archivos_fuente": [
      "Pictures/Fototeca de Fotos.photoslibrary/resources/derivatives/masters/1/10C8397D-5965-416C-BF44-90087600AAE7_4_5005_c.jpeg"
    ],
    "ultima_modificacion": "2025-08-01 01:01:09.549206"
  },
  "11416b47c68a4142b8356e6b7b92399845005c.jpeg": {
    "app_sintetizada": "11416B47C68A4142B8356E6B7B92399845005C.JPEG",
    "cantidad_archivos": 1,
    "archivos_fuente": [
      "Pictures/Fototeca de Fotos.photoslibrary/resources/derivatives/masters/1/11416B47-C68A-4142-B835-6E6B7B923998_4_5005_c.jpeg"
    ],
    "ultima_modificacion": "2025-08-01 01:01:09.549516"
  },
  "12b4d544673047b3937282db3f6943c145005c.jpeg": {
    "app_sintetizada": "12B4D544673047B3937282DB3F6943C145005C.JPEG",
    "cantidad_archivos": 1,
    "archivos_fuente": [
      "Pictures/Fototeca de Fotos.photoslibrary/resources/derivatives/masters/1/12B4D544-6730-47B3-9372-82DB3F6943C1_4_5005_c.jpeg"
    ],
    "ultima_modificacion": "2025-08-01 01:01:09.549802"
  },
  "1879e90f03df45b5a09fb9eb01c40d2545005c.jpeg": {
    "app_sintetizada": "1879E90F03DF45B5A09FB9EB01C40D2545005C.JPEG",
    "cantidad_archivos": 1,
    "archivos_fuente": [
      "Pictures/Fototeca de Fotos.photoslibrary/resources/derivatives/masters/1/1879E90F-03DF-45B5-A09F-B9EB01C40D25_4_5005_c.jpeg"
    ],
    "ultima_modificacion": "2025-08-01 01:01:09.550143"
  },
  "1e338db902c54572aef0510f0e538cff45005c.jpeg": {
    "app_sintetizada": "1E338DB902C54572AEF0510F0E538CFF45005C.JPEG",
    "cantidad_archivos": 1,
    "archivos_fuente": [
      "Pictures/Fototeca de Fotos.photoslibrary/resources/derivatives/masters/1/1E338DB9-02C5-4572-AEF0-510F0E538CFF_4_5005_c.jpeg"
    ],
    "ultima_modificacion": "2025-08-01 01:01:09.550462"
  },
  "1f2717faa3f643bd993a5a334268b53545005c.jpeg": {
    "app_sintetizada": "1F2717FAA3F643BD993A5A334268B53545005C.JPEG",
    "cantidad_archivos": 1,
    "archivos_fuente": [
      "Pictures/Fototeca de Fotos.photoslibrary/resources/derivatives/masters/1/1F2717FA-A3F6-43BD-993A-5A334268B535_4_5005_c.jpeg"
    ],
    "ultima_modificacion": "2025-08-01 01:01:09.550777"
  },
  "1becf8356e5a4fc09b7e6ff3aa9ff22145005c.jpeg": {
    "app_sintetizada": "1BECF8356E5A4FC09B7E6FF3AA9FF22145005C.JPEG",
    "cantidad_archivos": 1,
    "archivos_fuente": [
      "Pictures/Fototeca de Fotos.photoslibrary/resources/derivatives/masters/1/1BECF835-6E5A-4FC0-9B7E-6FF3AA9FF221_4_5005_c.jpeg"
    ],
    "ultima_modificacion": "2025-08-01 01:01:09.551077"
  },
  "1c570f7ad78a42e0934c0ca35800820145005c.jpeg": {
    "app_sintetizada": "1C570F7AD78A42E0934C0CA35800820145005C.JPEG",
    "cantidad_archivos": 1,
    "archivos_fuente": [
      "Pictures/Fototeca de Fotos.photoslibrary/resources/derivatives/masters/1/1C570F7A-D78A-42E0-934C-0CA358008201_4_5005_c.jpeg"
    ],
    "ultima_modificacion": "2025-08-01 01:01:09.551414"
  },
  "1c77fad48eb34b338ee37fb5ed0d22ae45005c.jpeg": {
    "app_sintetizada": "1C77FAD48EB34B338EE37FB5ED0D22AE45005C.JPEG",
    "cantidad_archivos": 1,
    "archivos_fuente": [
      "Pictures/Fototeca de Fotos.photoslibrary/resources/derivatives/masters/1/1C77FAD4-8EB3-4B33-8EE3-7FB5ED0D22AE_4_5005_c.jpeg"
    ],
    "ultima_modificacion": "2025-08-01 01:01:09.551784"
  },
  "1c39ae4a493a4cfa922998ffccfd11d445005c.jpeg": {
    "app_sintetizada": "1C39AE4A493A4CFA922998FFCCFD11D445005C.JPEG",
    "cantidad_archivos": 1,
    "archivos_fuente": [
      "Pictures/Fototeca de Fotos.photoslibrary/resources/derivatives/masters/1/1C39AE4A-493A-4CFA-9229-98FFCCFD11D4_4_5005_c.jpeg"
    ],
    "ultima_modificacion": "2025-08-01 01:01:09.552116"
  },
  "1b6d402c2e4c4ebb8553308c9c89f3ce45005c.jpeg": {
    "app_sintetizada": "1B6D402C2E4C4EBB8553308C9C89F3CE45005C.JPEG",
    "cantidad_archivos": 1,
    "archivos_fuente": [
      "Pictures/Fototeca de Fotos.photoslibrary/resources/derivatives/masters/1/1B6D402C-2E4C-4EBB-8553-308C9C89F3CE_4_5005_c.jpeg"
    ],
    "ultima_modificacion": "2025-08-01 01:01:09.552478"
  },
  "1eb8f6cc94b44887aca47a81fa47a8e945005c.jpeg": {
    "app_sintetizada": "1EB8F6CC94B44887ACA47A81FA47A8E945005C.JPEG",
    "cantidad_archivos": 1,
    "archivos_fuente": [
      "Pictures/Fototeca de Fotos.photoslibrary/resources/derivatives/masters/1/1EB8F6CC-94B4-4887-ACA4-7A81FA47A8E9_4_5005_c.jpeg"
    ],
    "ultima_modificacion": "2025-08-01 01:01:09.552819"
  },
  "154e0008983143828c5566834b0468ce45005c.jpeg": {
    "app_sintetizada": "154E0008983143828C5566834B0468CE45005C.JPEG",
    "cantidad_archivos": 1,
    "archivos_fuente": [
      "Pictures/Fototeca de Fotos.photoslibrary/resources/derivatives/masters/1/154E0008-9831-4382-8C55-66834B0468CE_4_5005_c.jpeg"
    ],
    "ultima_modificacion": "2025-08-01 01:01:09.553138"
  },
  "1eeda15e08d24596880de8447fcf909045005c.jpeg": {
    "app_sintetizada": "1EEDA15E08D24596880DE8447FCF909045005C.JPEG",
    "cantidad_archivos": 1,
    "archivos_fuente": [
      "Pictures/Fototeca de Fotos.photoslibrary/resources/derivatives/masters/1/1EEDA15E-08D2-4596-880D-E8447FCF9090_4_5005_c.jpeg"
    ],
    "ultima_modificacion": "2025-08-01 01:01:09.553456"
  },
  "133d029dbead46f28aa40bf2e061e33345005c.jpeg": {
    "app_sintetizada": "133D029DBEAD46F28AA40BF2E061E33345005C.JPEG",
    "cantidad_archivos": 1,
    "archivos_fuente": [
      "Pictures/Fototeca de Fotos.photoslibrary/resources/derivatives/masters/1/133D029D-BEAD-46F2-8AA4-0BF2E061E333_4_5005_c.jpeg"
    ],
    "ultima_modificacion": "2025-08-01 01:01:09.553772"
  },
  "139ed25897b444a2a5e7b3140fc7159645005c.jpeg": {
    "app_sintetizada": "139ED25897B444A2A5E7B3140FC7159645005C.JPEG",
    "cantidad_archivos": 1,
    "archivos_fuente": [
      "Pictures/Fototeca de Fotos.photoslibrary/resources/derivatives/masters/1/139ED258-97B4-44A2-A5E7-B3140FC71596_4_5005_c.jpeg"
    ],
    "ultima_modificacion": "2025-08-01 01:01:09.554245"
  },
  "123841381f4247959d9dbaa50c104caa45005c.jpeg": {
    "app_sintetizada": "123841381F4247959D9DBAA50C104CAA45005C.JPEG",
    "cantidad_archivos": 1,
    "archivos_fuente": [
      "Pictures/Fototeca de Fotos.photoslibrary/resources/derivatives/masters/1/12384138-1F42-4795-9D9D-BAA50C104CAA_4_5005_c.jpeg"
    ],
    "ultima_modificacion": "2025-08-01 01:01:09.554550"
  },
  "17a2450facc647a1acfc0cced2922eb145005c.jpeg": {
    "app_sintetizada": "17A2450FACC647A1ACFC0CCED2922EB145005C.JPEG",
    "cantidad_archivos": 1,
    "archivos_fuente": [
      "Pictures/Fototeca de Fotos.photoslibrary/resources/derivatives/masters/1/17A2450F-ACC6-47A1-ACFC-0CCED2922EB1_4_5005_c.jpeg"
    ],
    "ultima_modificacion": "2025-08-01 01:01:09.554857"
  },
  "113c6d1e23ac4bb5bd91bcf39f3668dd45005c.jpeg": {
    "app_sintetizada": "113C6D1E23AC4BB5BD91BCF39F3668DD45005C.JPEG",
    "cantidad_archivos": 1,
    "archivos_fuente": [
      "Pictures/Fototeca de Fotos.photoslibrary/resources/derivatives/masters/1/113C6D1E-23AC-4BB5-BD91-BCF39F3668DD_4_5005_c.jpeg"
    ],
    "ultima_modificacion": "2025-08-01 01:01:09.555157"
  },
  "1e4d580fd86a48fa9a250908d5bdcba345005c.jpeg": {
    "app_sintetizada": "1E4D580FD86A48FA9A250908D5BDCBA345005C.JPEG",
    "cantidad_archivos": 1,
    "archivos_fuente": [
      "Pictures/Fototeca de Fotos.photoslibrary/resources/derivatives/masters/1/1E4D580F-D86A-48FA-9A25-0908D5BDCBA3_4_5005_c.jpeg"
    ],
    "ultima_modificacion": "2025-08-01 01:01:09.555461"
  },
  "1d1997fab347416e84c2fce34401ab2a45005c.jpeg": {
    "app_sintetizada": "1D1997FAB347416E84C2FCE34401AB2A45005C.JPEG",
    "cantidad_archivos": 1,
    "archivos_fuente": [
      "Pictures/Fototeca de Fotos.photoslibrary/resources/derivatives/masters/1/1D1997FA-B347-416E-84C2-FCE34401AB2A_4_5005_c.jpeg"
    ],
    "ultima_modificacion": "2025-08-01 01:01:09.555889"
  },
  "13388b52a4b14e02ad4ac3b5efdae11945005c.jpeg": {
    "app_sintetizada": "13388B52A4B14E02AD4AC3B5EFDAE11945005C.JPEG",
    "cantidad_archivos": 1,
    "archivos_fuente": [
      "Pictures/Fototeca de Fotos.photoslibrary/resources/derivatives/masters/1/13388B52-A4B1-4E02-AD4A-C3B5EFDAE119_4_5005_c.jpeg"
    ],
    "ultima_modificacion": "2025-08-01 01:01:09.556270"
  },
  "1d499914c0984b50b16c5c32a423417d45005c.jpeg": {
    "app_sintetizada": "1D499914C0984B50B16C5C32A423417D45005C.JPEG",
    "cantidad_archivos": 1,
    "archivos_fuente": [
      "Pictures/Fototeca de Fotos.photoslibrary/resources/derivatives/masters/1/1D499914-C098-4B50-B16C-5C32A423417D_4_5005_c.jpeg"
    ],
    "ultima_modificacion": "2025-08-01 01:01:09.556645"
  },
  "100369dc7d47489ebb15568ae95eb49345005c.jpeg": {
    "app_sintetizada": "100369DC7D47489EBB15568AE95EB49345005C.JPEG",
    "cantidad_archivos": 1,
    "archivos_fuente": [
      "Pictures/Fototeca de Fotos.photoslibrary/resources/derivatives/masters/1/100369DC-7D47-489E-BB15-568AE95EB493_4_5005_c.jpeg"
    ],
    "ultima_modificacion": "2025-08-01 01:01:09.556990"
  },
  "18183cf91aba45a68a05ed9fa484889f45005c.jpeg": {
    "app_sintetizada": "18183CF91ABA45A68A05ED9FA484889F45005C.JPEG",
    "cantidad_archivos": 1,
    "archivos_fuente": [
      "Pictures/Fototeca de Fotos.photoslibrary/resources/derivatives/masters/1/18183CF9-1ABA-45A6-8A05-ED9FA484889F_4_5005_c.jpeg"
    ],
    "ultima_modificacion": "2025-08-01 01:01:09.557316"
  },
  "19bcc94375fe4bbca789c3e3d30fa17445005c.jpeg": {
    "app_sintetizada": "19BCC94375FE4BBCA789C3E3D30FA17445005C.JPEG",
    "cantidad_archivos": 1,
    "archivos_fuente": [
      "Pictures/Fototeca de Fotos.photoslibrary/resources/derivatives/masters/1/19BCC943-75FE-4BBC-A789-C3E3D30FA174_4_5005_c.jpeg"
    ],
    "ultima_modificacion": "2025-08-01 01:01:09.557655"
  },
  "1cdde8413bc94259b5da86ca179e18ff45005c.jpeg": {
    "app_sintetizada": "1CDDE8413BC94259B5DA86CA179E18FF45005C.JPEG",
    "cantidad_archivos": 1,
    "archivos_fuente": [
      "Pictures/Fototeca de Fotos.photoslibrary/resources/derivatives/masters/1/1CDDE841-3BC9-4259-B5DA-86CA179E18FF_4_5005_c.jpeg"
    ],
    "ultima_modificacion": "2025-08-01 01:01:09.557973"
  },
  "182f894790e747ad97c5db3b63d9462c45005c.jpeg": {
    "app_sintetizada": "182F894790E747AD97C5DB3B63D9462C45005C.JPEG",
    "cantidad_archivos": 1,
    "archivos_fuente": [
      "Pictures/Fototeca de Fotos.photoslibrary/resources/derivatives/masters/1/182F8947-90E7-47AD-97C5-DB3B63D9462C_4_5005_c.jpeg"
    ],
    "ultima_modificacion": "2025-08-01 01:01:09.558294"
  },
  "1b407d3ae32945789156f69db16d4cec45005c.jpeg": {
    "app_sintetizada": "1B407D3AE32945789156F69DB16D4CEC45005C.JPEG",
    "cantidad_archivos": 1,
    "archivos_fuente": [
      "Pictures/Fototeca de Fotos.photoslibrary/resources/derivatives/masters/1/1B407D3A-E329-4578-9156-F69DB16D4CEC_4_5005_c.jpeg"
    ],
    "ultima_modificacion": "2025-08-01 01:01:09.558610"
  },
  "1bf57f89e7374822ac0eff009d69266e45005c.jpeg": {
    "app_sintetizada": "1BF57F89E7374822AC0EFF009D69266E45005C.JPEG",
    "cantidad_archivos": 1,
    "archivos_fuente": [
      "Pictures/Fototeca de Fotos.photoslibrary/resources/derivatives/masters/1/1BF57F89-E737-4822-AC0E-FF009D69266E_4_5005_c.jpeg"
    ],
    "ultima_modificacion": "2025-08-01 01:01:09.558930"
  },
  "1313249e666e491a9075d7e6cb3267e045005c.jpeg": {
    "app_sintetizada": "1313249E666E491A9075D7E6CB3267E045005C.JPEG",
    "cantidad_archivos": 1,
    "archivos_fuente": [
      "Pictures/Fototeca de Fotos.photoslibrary/resources/derivatives/masters/1/1313249E-666E-491A-9075-D7E6CB3267E0_4_5005_c.jpeg"
    ],
    "ultima_modificacion": "2025-08-01 01:01:09.559222"
  },
  "1989015e0a754ed283fdc1c3c512096045005c.jpeg": {
    "app_sintetizada": "1989015E0A754ED283FDC1C3C512096045005C.JPEG",
    "cantidad_archivos": 1,
    "archivos_fuente": [
      "Pictures/Fototeca de Fotos.photoslibrary/resources/derivatives/masters/1/1989015E-0A75-4ED2-83FD-C1C3C5120960_4_5005_c.jpeg"
    ],
    "ultima_modificacion": "2025-08-01 01:01:09.559524"
  },
  "1d63829fd490495a84a465abccef50f145005c.jpeg": {
    "app_sintetizada": "1D63829FD490495A84A465ABCCEF50F145005C.JPEG",
    "cantidad_archivos": 1,
    "archivos_fuente": [
      "Pictures/Fototeca de Fotos.photoslibrary/resources/derivatives/masters/1/1D63829F-D490-495A-84A4-65ABCCEF50F1_4_5005_c.jpeg"
    ],
    "ultima_modificacion": "2025-08-01 01:01:09.559819"
  },
  "109dec18f30e4d639d610a5fcf04e65945005c.jpeg": {
    "app_sintetizada": "109DEC18F30E4D639D610A5FCF04E65945005C.JPEG",
    "cantidad_archivos": 1,
    "archivos_fuente": [
      "Pictures/Fototeca de Fotos.photoslibrary/resources/derivatives/masters/1/109DEC18-F30E-4D63-9D61-0A5FCF04E659_4_5005_c.jpeg"
    ],
    "ultima_modificacion": "2025-08-01 01:01:09.560105"
  },
  "1e32487de27e4a8e8ada7516e89f09c945005c.jpeg": {
    "app_sintetizada": "1E32487DE27E4A8E8ADA7516E89F09C945005C.JPEG",
    "cantidad_archivos": 1,
    "archivos_fuente": [
      "Pictures/Fototeca de Fotos.photoslibrary/resources/derivatives/masters/1/1E32487D-E27E-4A8E-8ADA-7516E89F09C9_4_5005_c.jpeg"
    ],
    "ultima_modificacion": "2025-08-01 01:01:09.560396"
  },
  "1c9dab21088e4ad5bf24ef313b2c59f345005c.jpeg": {
    "app_sintetizada": "1C9DAB21088E4AD5BF24EF313B2C59F345005C.JPEG",
    "cantidad_archivos": 1,
    "archivos_fuente": [
      "Pictures/Fototeca de Fotos.photoslibrary/resources/derivatives/masters/1/1C9DAB21-088E-4AD5-BF24-EF313B2C59F3_4_5005_c.jpeg"
    ],
    "ultima_modificacion": "2025-08-01 01:01:09.560709"
  },
  "12ac0919bd274a398faf18eaa60d0fe645005c.jpeg": {
    "app_sintetizada": "12AC0919BD274A398FAF18EAA60D0FE645005C.JPEG",
    "cantidad_archivos": 1,
    "archivos_fuente": [
      "Pictures/Fototeca de Fotos.photoslibrary/resources/derivatives/masters/1/12AC0919-BD27-4A39-8FAF-18EAA60D0FE6_4_5005_c.jpeg"
    ],
    "ultima_modificacion": "2025-08-01 01:01:09.561029"
  },
  "1fc51a009ab84bf6a7d790217e37029745005c.jpeg": {
    "app_sintetizada": "1FC51A009AB84BF6A7D790217E37029745005C.JPEG",
    "cantidad_archivos": 1,
    "archivos_fuente": [
      "Pictures/Fototeca de Fotos.photoslibrary/resources/derivatives/masters/1/1FC51A00-9AB8-4BF6-A7D7-90217E370297_4_5005_c.jpeg"
    ],
    "ultima_modificacion": "2025-08-01 01:01:09.561314"
  },
  "17d4f3fec5b941c79cada3a10655e72a45005c.jpeg": {
    "app_sintetizada": "17D4F3FEC5B941C79CADA3A10655E72A45005C.JPEG",
    "cantidad_archivos": 1,
    "archivos_fuente": [
      "Pictures/Fototeca de Fotos.photoslibrary/resources/derivatives/masters/1/17D4F3FE-C5B9-41C7-9CAD-A3A10655E72A_4_5005_c.jpeg"
    ],
    "ultima_modificacion": "2025-08-01 01:01:09.561584"
  },
  "17dba559426545bf8bab08ac4ea90e9945005c.jpeg": {
    "app_sintetizada": "17DBA559426545BF8BAB08AC4EA90E9945005C.JPEG",
    "cantidad_archivos": 1,
    "archivos_fuente": [
      "Pictures/Fototeca de Fotos.photoslibrary/resources/derivatives/masters/1/17DBA559-4265-45BF-8BAB-08AC4EA90E99_4_5005_c.jpeg"
    ],
    "ultima_modificacion": "2025-08-01 01:01:09.561877"
  },
  "1da5ec622f12482bb1444d286429bbbb45005c.jpeg": {
    "app_sintetizada": "1DA5EC622F12482BB1444D286429BBBB45005C.JPEG",
    "cantidad_archivos": 1,
    "archivos_fuente": [
      "Pictures/Fototeca de Fotos.photoslibrary/resources/derivatives/masters/1/1DA5EC62-2F12-482B-B144-4D286429BBBB_4_5005_c.jpeg"
    ],
    "ultima_modificacion": "2025-08-01 01:01:09.562290"
  },
  "1a7cd862f808421f8ca57ca3c5461c5845005c.jpeg": {
    "app_sintetizada": "1A7CD862F808421F8CA57CA3C5461C5845005C.JPEG",
    "cantidad_archivos": 1,
    "archivos_fuente": [
      "Pictures/Fototeca de Fotos.photoslibrary/resources/derivatives/masters/1/1A7CD862-F808-421F-8CA5-7CA3C5461C58_4_5005_c.jpeg"
    ],
    "ultima_modificacion": "2025-08-01 01:01:09.562675"
  },
  "1bcaf33ad1aa459e9eb23e9d479378a045005c.jpeg": {
    "app_sintetizada": "1BCAF33AD1AA459E9EB23E9D479378A045005C.JPEG",
    "cantidad_archivos": 1,
    "archivos_fuente": [
      "Pictures/Fototeca de Fotos.photoslibrary/resources/derivatives/masters/1/1BCAF33A-D1AA-459E-9EB2-3E9D479378A0_4_5005_c.jpeg"
    ],
    "ultima_modificacion": "2025-08-01 01:01:09.562952"
  },
  "1cd868e30b984c32b0aba4a3190a412b45005c.jpeg": {
    "app_sintetizada": "1CD868E30B984C32B0ABA4A3190A412B45005C.JPEG",
    "cantidad_archivos": 1,
    "archivos_fuente": [
      "Pictures/Fototeca de Fotos.photoslibrary/resources/derivatives/masters/1/1CD868E3-0B98-4C32-B0AB-A4A3190A412B_4_5005_c.jpeg"
    ],
    "ultima_modificacion": "2025-08-01 01:01:09.563226"
  },
  "14b23172e2f0464c810279a60ee2cbe145005c.jpeg": {
    "app_sintetizada": "14B23172E2F0464C810279A60EE2CBE145005C.JPEG",
    "cantidad_archivos": 1,
    "archivos_fuente": [
      "Pictures/Fototeca de Fotos.photoslibrary/resources/derivatives/masters/1/14B23172-E2F0-464C-8102-79A60EE2CBE1_4_5005_c.jpeg"
    ],
    "ultima_modificacion": "2025-08-01 01:01:09.563518"
  },
  "1d531c5cb01c4112b8a5d32986b7431f45005c.jpeg": {
    "app_sintetizada": "1D531C5CB01C4112B8A5D32986B7431F45005C.JPEG",
    "cantidad_archivos": 1,
    "archivos_fuente": [
      "Pictures/Fototeca de Fotos.photoslibrary/resources/derivatives/masters/1/1D531C5C-B01C-4112-B8A5-D32986B7431F_4_5005_c.jpeg"
    ],
    "ultima_modificacion": "2025-08-01 01:01:09.563791"
  },
  "1c8f8334471141fda6ebe5405c5c437445005c.jpeg": {
    "app_sintetizada": "1C8F8334471141FDA6EBE5405C5C437445005C.JPEG",
    "cantidad_archivos": 1,
    "archivos_fuente": [
      "Pictures/Fototeca de Fotos.photoslibrary/resources/derivatives/masters/1/1C8F8334-4711-41FD-A6EB-E5405C5C4374_4_5005_c.jpeg"
    ],
    "ultima_modificacion": "2025-08-01 01:01:09.564111"
  },
  "1e134f9fabf64d36be34fb3143bffe2445005c.jpeg": {
    "app_sintetizada": "1E134F9FABF64D36BE34FB3143BFFE2445005C.JPEG",
    "cantidad_archivos": 1,
    "archivos_fuente": [
      "Pictures/Fototeca de Fotos.photoslibrary/resources/derivatives/masters/1/1E134F9F-ABF6-4D36-BE34-FB3143BFFE24_4_5005_c.jpeg"
    ],
    "ultima_modificacion": "2025-08-01 01:01:09.564360"
  },
  "105cde5d33e34fcd925bc2f55f13eb9745005c.jpeg": {
    "app_sintetizada": "105CDE5D33E34FCD925BC2F55F13EB9745005C.JPEG",
    "cantidad_archivos": 1,
    "archivos_fuente": [
      "Pictures/Fototeca de Fotos.photoslibrary/resources/derivatives/masters/1/105CDE5D-33E3-4FCD-925B-C2F55F13EB97_4_5005_c.jpeg"
    ],
    "ultima_modificacion": "2025-08-01 01:01:09.564595"
  },
  "1bd48f47581c4f5bafb3eb816403dccf45005c.jpeg": {
    "app_sintetizada": "1BD48F47581C4F5BAFB3EB816403DCCF45005C.JPEG",
    "cantidad_archivos": 1,
    "archivos_fuente": [
      "Pictures/Fototeca de Fotos.photoslibrary/resources/derivatives/masters/1/1BD48F47-581C-4F5B-AFB3-EB816403DCCF_4_5005_c.jpeg"
    ],
    "ultima_modificacion": "2025-08-01 01:01:09.564809"
  },
  "1df4cab7ee1e44bd8baa540aa757f08a45005c.jpeg": {
    "app_sintetizada": "1DF4CAB7EE1E44BD8BAA540AA757F08A45005C.JPEG",
    "cantidad_archivos": 1,
    "archivos_fuente": [
      "Pictures/Fototeca de Fotos.photoslibrary/resources/derivatives/masters/1/1DF4CAB7-EE1E-44BD-8BAA-540AA757F08A_4_5005_c.jpeg"
    ],
    "ultima_modificacion": "2025-08-01 01:01:09.565022"
  },
  "1846aa8e86a247dc99e006a62f9e7dad45005c.jpeg": {
    "app_sintetizada": "1846AA8E86A247DC99E006A62F9E7DAD45005C.JPEG",
    "cantidad_archivos": 1,
    "archivos_fuente": [
      "Pictures/Fototeca de Fotos.photoslibrary/resources/derivatives/masters/1/1846AA8E-86A2-47DC-99E0-06A62F9E7DAD_4_5005_c.jpeg"
    ],
    "ultima_modificacion": "2025-08-01 01:01:09.565241"
  },
  "197621ed3d0d42adbec62387e3424c3345005c.jpeg": {
    "app_sintetizada": "197621ED3D0D42ADBEC62387E3424C3345005C.JPEG",
    "cantidad_archivos": 1,
    "archivos_fuente": [
      "Pictures/Fototeca de Fotos.photoslibrary/resources/derivatives/masters/1/197621ED-3D0D-42AD-BEC6-2387E3424C33_4_5005_c.jpeg"
    ],
    "ultima_modificacion": "2025-08-01 01:01:09.565450"
  },
  "13f094c70c8940bfa28290f84447a1b845005c.jpeg": {
    "app_sintetizada": "13F094C70C8940BFA28290F84447A1B845005C.JPEG",
    "cantidad_archivos": 1,
    "archivos_fuente": [
      "Pictures/Fototeca de Fotos.photoslibrary/resources/derivatives/masters/1/13F094C7-0C89-40BF-A282-90F84447A1B8_4_5005_c.jpeg"
    ],
    "ultima_modificacion": "2025-08-01 01:01:09.565644"
  },
  "18d0b33815fe48e198c3d8d8359257b845005c.jpeg": {
    "app_sintetizada": "18D0B33815FE48E198C3D8D8359257B845005C.JPEG",
    "cantidad_archivos": 1,
    "archivos_fuente": [
      "Pictures/Fototeca de Fotos.photoslibrary/resources/derivatives/masters/1/18D0B338-15FE-48E1-98C3-D8D8359257B8_4_5005_c.jpeg"
    ],
    "ultima_modificacion": "2025-08-01 01:01:09.565852"
  },
  "1bec841841ca48ef9240da12997df09845005c.jpeg": {
    "app_sintetizada": "1BEC841841CA48EF9240DA12997DF09845005C.JPEG",
    "cantidad_archivos": 1,
    "archivos_fuente": [
      "Pictures/Fototeca de Fotos.photoslibrary/resources/derivatives/masters/1/1BEC8418-41CA-48EF-9240-DA12997DF098_4_5005_c.jpeg"
    ],
    "ultima_modificacion": "2025-08-01 01:01:09.566075"
  },
  "10d0904eb28c4b04a7f9c9e6501f282b45005c.jpeg": {
    "app_sintetizada": "10D0904EB28C4B04A7F9C9E6501F282B45005C.JPEG",
    "cantidad_archivos": 1,
    "archivos_fuente": [
      "Pictures/Fototeca de Fotos.photoslibrary/resources/derivatives/masters/1/10D0904E-B28C-4B04-A7F9-C9E6501F282B_4_5005_c.jpeg"
    ],
    "ultima_modificacion": "2025-08-01 01:01:09.566284"
  },
  "140aa5aafe064addafc41d3acf9e595445005c.jpeg": {
    "app_sintetizada": "140AA5AAFE064ADDAFC41D3ACF9E595445005C.JPEG",
    "cantidad_archivos": 1,
    "archivos_fuente": [
      "Pictures/Fototeca de Fotos.photoslibrary/resources/derivatives/masters/1/140AA5AA-FE06-4ADD-AFC4-1D3ACF9E5954_4_5005_c.jpeg"
    ],
    "ultima_modificacion": "2025-08-01 01:01:09.566571"
  },
  "1c36aa750a2b420c9b2feb6b4c3d6a8e45005c.jpeg": {
    "app_sintetizada": "1C36AA750A2B420C9B2FEB6B4C3D6A8E45005C.JPEG",
    "cantidad_archivos": 1,
    "archivos_fuente": [
      "Pictures/Fototeca de Fotos.photoslibrary/resources/derivatives/masters/1/1C36AA75-0A2B-420C-9B2F-EB6B4C3D6A8E_4_5005_c.jpeg"
    ],
    "ultima_modificacion": "2025-08-01 01:01:09.566893"
  },
  "150652489718419db3f1ebf18d716df945005c.jpeg": {
    "app_sintetizada": "150652489718419DB3F1EBF18D716DF945005C.JPEG",
    "cantidad_archivos": 1,
    "archivos_fuente": [
      "Pictures/Fototeca de Fotos.photoslibrary/resources/derivatives/masters/1/15065248-9718-419D-B3F1-EBF18D716DF9_4_5005_c.jpeg"
    ],
    "ultima_modificacion": "2025-08-01 01:01:09.567136"
  },
  "19617c4d33ce4f0aa59bff86935dbcf345005c.jpeg": {
    "app_sintetizada": "19617C4D33CE4F0AA59BFF86935DBCF345005C.JPEG",
    "cantidad_archivos": 1,
    "archivos_fuente": [
      "Pictures/Fototeca de Fotos.photoslibrary/resources/derivatives/masters/1/19617C4D-33CE-4F0A-A59B-FF86935DBCF3_4_5005_c.jpeg"
    ],
    "ultima_modificacion": "2025-08-01 01:01:09.567390"
  },
  "1a8cce4d66f54388a4be40b4982bf08745005c.jpeg": {
    "app_sintetizada": "1A8CCE4D66F54388A4BE40B4982BF08745005C.JPEG",
    "cantidad_archivos": 1,
    "archivos_fuente": [
      "Pictures/Fototeca de Fotos.photoslibrary/resources/derivatives/masters/1/1A8CCE4D-66F5-4388-A4BE-40B4982BF087_4_5005_c.jpeg"
    ],
    "ultima_modificacion": "2025-08-01 01:01:09.567654"
  },
  "17e5e1b2fe6c4f4e8a9e79276b3839f945005c.jpeg": {
    "app_sintetizada": "17E5E1B2FE6C4F4E8A9E79276B3839F945005C.JPEG",
    "cantidad_archivos": 1,
    "archivos_fuente": [
      "Pictures/Fototeca de Fotos.photoslibrary/resources/derivatives/masters/1/17E5E1B2-FE6C-4F4E-8A9E-79276B3839F9_4_5005_c.jpeg"
    ],
    "ultima_modificacion": "2025-08-01 01:01:09.568013"
  },
  "1f3d3e9d11174a8a941ca39a8399679045005c.jpeg": {
    "app_sintetizada": "1F3D3E9D11174A8A941CA39A8399679045005C.JPEG",
    "cantidad_archivos": 1,
    "archivos_fuente": [
      "Pictures/Fototeca de Fotos.photoslibrary/resources/derivatives/masters/1/1F3D3E9D-1117-4A8A-941C-A39A83996790_4_5005_c.jpeg"
    ],
    "ultima_modificacion": "2025-08-01 01:01:09.568267"
  },
  "1b3ad3df9e84415e8bda1b3b26f3db8345005c.jpeg": {
    "app_sintetizada": "1B3AD3DF9E84415E8BDA1B3B26F3DB8345005C.JPEG",
    "cantidad_archivos": 1,
    "archivos_fuente": [
      "Pictures/Fototeca de Fotos.photoslibrary/resources/derivatives/masters/1/1B3AD3DF-9E84-415E-8BDA-1B3B26F3DB83_4_5005_c.jpeg"
    ],
    "ultima_modificacion": "2025-08-01 01:01:09.568510"
  },
  "11fe4f45f7414a1688466b93716d79e445005c.jpeg": {
    "app_sintetizada": "11FE4F45F7414A1688466B93716D79E445005C.JPEG",
    "cantidad_archivos": 1,
    "archivos_fuente": [
      "Pictures/Fototeca de Fotos.photoslibrary/resources/derivatives/masters/1/11FE4F45-F741-4A16-8846-6B93716D79E4_4_5005_c.jpeg"
    ],
    "ultima_modificacion": "2025-08-01 01:01:09.568799"
  },
  "148161451f2545c085a29e22db12f7a445005c.jpeg": {
    "app_sintetizada": "148161451F2545C085A29E22DB12F7A445005C.JPEG",
    "cantidad_archivos": 1,
    "archivos_fuente": [
      "Pictures/Fototeca de Fotos.photoslibrary/resources/derivatives/masters/1/14816145-1F25-45C0-85A2-9E22DB12F7A4_4_5005_c.jpeg"
    ],
    "ultima_modificacion": "2025-08-01 01:01:09.569036"
  },
  "13e65c338dd34b73a3137f7e44ebaf8e45005c.jpeg": {
    "app_sintetizada": "13E65C338DD34B73A3137F7E44EBAF8E45005C.JPEG",
    "cantidad_archivos": 1,
    "archivos_fuente": [
      "Pictures/Fototeca de Fotos.photoslibrary/resources/derivatives/masters/1/13E65C33-8DD3-4B73-A313-7F7E44EBAF8E_4_5005_c.jpeg"
    ],
    "ultima_modificacion": "2025-08-01 01:01:09.569260"
  },
  "19701dd5ade94012b9ac1fef151c21aa45005c.jpeg": {
    "app_sintetizada": "19701DD5ADE94012B9AC1FEF151C21AA45005C.JPEG",
    "cantidad_archivos": 1,
    "archivos_fuente": [
      "Pictures/Fototeca de Fotos.photoslibrary/resources/derivatives/masters/1/19701DD5-ADE9-4012-B9AC-1FEF151C21AA_4_5005_c.jpeg"
    ],
    "ultima_modificacion": "2025-08-01 01:01:09.569459"
  },
  "119bd2622ffe452bb695b1617e7cc22545005c.jpeg": {
    "app_sintetizada": "119BD2622FFE452BB695B1617E7CC22545005C.JPEG",
    "cantidad_archivos": 1,
    "archivos_fuente": [
      "Pictures/Fototeca de Fotos.photoslibrary/resources/derivatives/masters/1/119BD262-2FFE-452B-B695-B1617E7CC225_4_5005_c.jpeg"
    ],
    "ultima_modificacion": "2025-08-01 01:01:09.569653"
  },
  "13681d55360945a393fc5d8a7ffa181f45005c.jpeg": {
    "app_sintetizada": "13681D55360945A393FC5D8A7FFA181F45005C.JPEG",
    "cantidad_archivos": 1,
    "archivos_fuente": [
      "Pictures/Fototeca de Fotos.photoslibrary/resources/derivatives/masters/1/13681D55-3609-45A3-93FC-5D8A7FFA181F_4_5005_c.jpeg"
    ],
    "ultima_modificacion": "2025-08-01 01:01:09.569846"
  },
  "1983270572414430b4da03483458059445005c.jpeg": {
    "app_sintetizada": "1983270572414430B4DA03483458059445005C.JPEG",
    "cantidad_archivos": 1,
    "archivos_fuente": [
      "Pictures/Fototeca de Fotos.photoslibrary/resources/derivatives/masters/1/19832705-7241-4430-B4DA-034834580594_4_5005_c.jpeg"
    ],
    "ultima_modificacion": "2025-08-01 01:01:09.570051"
  },
  "11e2c7e0bc5b4708b51e4b4db9525be345005c.jpeg": {
    "app_sintetizada": "11E2C7E0BC5B4708B51E4B4DB9525BE345005C.JPEG",
    "cantidad_archivos": 1,
    "archivos_fuente": [
      "Pictures/Fototeca de Fotos.photoslibrary/resources/derivatives/masters/1/11E2C7E0-BC5B-4708-B51E-4B4DB9525BE3_4_5005_c.jpeg"
    ],
    "ultima_modificacion": "2025-08-01 01:01:09.570231"
  },
  "18e86f9822dd4164b0d93d74b9a352da45005c.jpeg": {
    "app_sintetizada": "18E86F9822DD4164B0D93D74B9A352DA45005C.JPEG",
    "cantidad_archivos": 1,
    "archivos_fuente": [
      "Pictures/Fototeca de Fotos.photoslibrary/resources/derivatives/masters/1/18E86F98-22DD-4164-B0D9-3D74B9A352DA_4_5005_c.jpeg"
    ],
    "ultima_modificacion": "2025-08-01 01:01:09.570434"
  },
  "1b5dbe38241e416dac71033850ab4b7f45005c.jpeg": {
    "app_sintetizada": "1B5DBE38241E416DAC71033850AB4B7F45005C.JPEG",
    "cantidad_archivos": 1,
    "archivos_fuente": [
      "Pictures/Fototeca de Fotos.photoslibrary/resources/derivatives/masters/1/1B5DBE38-241E-416D-AC71-033850AB4B7F_4_5005_c.jpeg"
    ],
    "ultima_modificacion": "2025-08-01 01:01:09.570787"
  },
  "1ed748433e8d44bda08dbab4cb2fc2e945005c.jpeg": {
    "app_sintetizada": "1ED748433E8D44BDA08DBAB4CB2FC2E945005C.JPEG",
    "cantidad_archivos": 1,
    "archivos_fuente": [
      "Pictures/Fototeca de Fotos.photoslibrary/resources/derivatives/masters/1/1ED74843-3E8D-44BD-A08D-BAB4CB2FC2E9_4_5005_c.jpeg"
    ],
    "ultima_modificacion": "2025-08-01 01:01:09.571054"
  },
  "173e8c1daa1042109244940a703952e345005c.jpeg": {
    "app_sintetizada": "173E8C1DAA1042109244940A703952E345005C.JPEG",
    "cantidad_archivos": 1,
    "archivos_fuente": [
      "Pictures/Fototeca de Fotos.photoslibrary/resources/derivatives/masters/1/173E8C1D-AA10-4210-9244-940A703952E3_4_5005_c.jpeg"
    ],
    "ultima_modificacion": "2025-08-01 01:01:09.571298"
  },
  "15a9dae13168464cb326171f621df0a045005c.jpeg": {
    "app_sintetizada": "15A9DAE13168464CB326171F621DF0A045005C.JPEG",
    "cantidad_archivos": 1,
    "archivos_fuente": [
      "Pictures/Fototeca de Fotos.photoslibrary/resources/derivatives/masters/1/15A9DAE1-3168-464C-B326-171F621DF0A0_4_5005_c.jpeg"
    ],
    "ultima_modificacion": "2025-08-01 01:01:09.571531"
  },
  "10970e65f83b45a38181e4bb4774ce8745005c.jpeg": {
    "app_sintetizada": "10970E65F83B45A38181E4BB4774CE8745005C.JPEG",
    "cantidad_archivos": 1,
    "archivos_fuente": [
      "Pictures/Fototeca de Fotos.photoslibrary/resources/derivatives/masters/1/10970E65-F83B-45A3-8181-E4BB4774CE87_4_5005_c.jpeg"
    ],
    "ultima_modificacion": "2025-08-01 01:01:09.571745"
  },
  "18928ddd6a134806bcc96610d1a18e0045005c.jpeg": {
    "app_sintetizada": "18928DDD6A134806BCC96610D1A18E0045005C.JPEG",
    "cantidad_archivos": 1,
    "archivos_fuente": [
      "Pictures/Fototeca de Fotos.photoslibrary/resources/derivatives/masters/1/18928DDD-6A13-4806-BCC9-6610D1A18E00_4_5005_c.jpeg"
    ],
    "ultima_modificacion": "2025-08-01 01:01:09.571956"
  },
  "1c8a82fe35d54494b62ab84f6b3d2d9f45005c.jpeg": {
    "app_sintetizada": "1C8A82FE35D54494B62AB84F6B3D2D9F45005C.JPEG",
    "cantidad_archivos": 1,
    "archivos_fuente": [
      "Pictures/Fototeca de Fotos.photoslibrary/resources/derivatives/masters/1/1C8A82FE-35D5-4494-B62A-B84F6B3D2D9F_4_5005_c.jpeg"
    ],
    "ultima_modificacion": "2025-08-01 01:01:09.572310"
  },
  "18577cedf78c40079b39e8dd1afc445d45005c.jpeg": {
    "app_sintetizada": "18577CEDF78C40079B39E8DD1AFC445D45005C.JPEG",
    "cantidad_archivos": 1,
    "archivos_fuente": [
      "Pictures/Fototeca de Fotos.photoslibrary/resources/derivatives/masters/1/18577CED-F78C-4007-9B39-E8DD1AFC445D_4_5005_c.jpeg"
    ],
    "ultima_modificacion": "2025-08-01 01:01:09.572666"
  },
  "1b36360073774c0cbe449eae388c4ee245005c.jpeg": {
    "app_sintetizada": "1B36360073774C0CBE449EAE388C4EE245005C.JPEG",
    "cantidad_archivos": 1,
    "archivos_fuente": [
      "Pictures/Fototeca de Fotos.photoslibrary/resources/derivatives/masters/1/1B363600-7377-4C0C-BE44-9EAE388C4EE2_4_5005_c.jpeg"
    ],
    "ultima_modificacion": "2025-08-01 01:01:09.573074"
  },
  "1ecace2de34449ce9e896b2fdf0eafb945005c.jpeg": {
    "app_sintetizada": "1ECACE2DE34449CE9E896B2FDF0EAFB945005C.JPEG",
    "cantidad_archivos": 1,
    "archivos_fuente": [
      "Pictures/Fototeca de Fotos.photoslibrary/resources/derivatives/masters/1/1ECACE2D-E344-49CE-9E89-6B2FDF0EAFB9_4_5005_c.jpeg"
    ],
    "ultima_modificacion": "2025-08-01 01:01:09.573359"
  },
  "1adc19fa498b4907877f1f38bde72d2d45005c.jpeg": {
    "app_sintetizada": "1ADC19FA498B4907877F1F38BDE72D2D45005C.JPEG",
    "cantidad_archivos": 1,
    "archivos_fuente": [
      "Pictures/Fototeca de Fotos.photoslibrary/resources/derivatives/masters/1/1ADC19FA-498B-4907-877F-1F38BDE72D2D_4_5005_c.jpeg"
    ],
    "ultima_modificacion": "2025-08-01 01:01:09.573636"
  },
  "1dcdfe78981542d4b445b14cb354d3c645005c.jpeg": {
    "app_sintetizada": "1DCDFE78981542D4B445B14CB354D3C645005C.JPEG",
    "cantidad_archivos": 1,
    "archivos_fuente": [
      "Pictures/Fototeca de Fotos.photoslibrary/resources/derivatives/masters/1/1DCDFE78-9815-42D4-B445-B14CB354D3C6_4_5005_c.jpeg"
    ],
    "ultima_modificacion": "2025-08-01 01:01:09.573911"
  },
  "166ebe6677e24eb885c04d1e1543ae5645005c.jpeg": {
    "app_sintetizada": "166EBE6677E24EB885C04D1E1543AE5645005C.JPEG",
    "cantidad_archivos": 1,
    "archivos_fuente": [
      "Pictures/Fototeca de Fotos.photoslibrary/resources/derivatives/masters/1/166EBE66-77E2-4EB8-85C0-4D1E1543AE56_4_5005_c.jpeg"
    ],
    "ultima_modificacion": "2025-08-01 01:01:09.574178"
  },
  "174683722ec9414fa9c359db1c70d1a245005c.jpeg": {
    "app_sintetizada": "174683722EC9414FA9C359DB1C70D1A245005C.JPEG",
    "cantidad_archivos": 1,
    "archivos_fuente": [
      "Pictures/Fototeca de Fotos.photoslibrary/resources/derivatives/masters/1/17468372-2EC9-414F-A9C3-59DB1C70D1A2_4_5005_c.jpeg"
    ],
    "ultima_modificacion": "2025-08-01 01:01:09.574460"
  },
  "1ef9f48389574bd28da67e82bc8be88945005c.jpeg": {
    "app_sintetizada": "1EF9F48389574BD28DA67E82BC8BE88945005C.JPEG",
    "cantidad_archivos": 1,
    "archivos_fuente": [
      "Pictures/Fototeca de Fotos.photoslibrary/resources/derivatives/masters/1/1EF9F483-8957-4BD2-8DA6-7E82BC8BE889_4_5005_c.jpeg"
    ],
    "ultima_modificacion": "2025-08-01 01:01:09.574771"
  },
  "137a2b55809c4607996aa70f5a91fb6045005c.jpeg": {
    "app_sintetizada": "137A2B55809C4607996AA70F5A91FB6045005C.JPEG",
    "cantidad_archivos": 1,
    "archivos_fuente": [
      "Pictures/Fototeca de Fotos.photoslibrary/resources/derivatives/masters/1/137A2B55-809C-4607-996A-A70F5A91FB60_4_5005_c.jpeg"
    ],
    "ultima_modificacion": "2025-08-01 01:01:09.575072"
  }
}