{
  "f5aa75373368482ab606621cc0120eba45005c.jpeg": {
    "app_sintetizada": "F5AA75373368482AB606621CC0120EBA45005C.JPEG",
    "cantidad_archivos": 1,
    "archivos_fuente": [
      "Pictures/Fototeca de Fotos.photoslibrary/resources/derivatives/masters/F/F5AA7537-3368-482A-B606-621CC0120EBA_4_5005_c.jpeg"
    ],
    "ultima_modificacion": "2025-08-01 01:01:12.583370"
  },
  "f1fad1c2466a419c81ee30f3c42bad1945005c.jpeg": {
    "app_sintetizada": "F1FAD1C2466A419C81EE30F3C42BAD1945005C.JPEG",
    "cantidad_archivos": 1,
    "archivos_fuente": [
      "Pictures/Fototeca de Fotos.photoslibrary/resources/derivatives/masters/F/F1FAD1C2-466A-419C-81EE-30F3C42BAD19_4_5005_c.jpeg"
    ],
    "ultima_modificacion": "2025-08-01 01:01:12.583649"
  },
  "fcf338dd8bc54dd1aeba24955affe98e45005c.jpeg": {
    "app_sintetizada": "FCF338DD8BC54DD1AEBA24955AFFE98E45005C.JPEG",
    "cantidad_archivos": 1,
    "archivos_fuente": [
      "Pictures/Fototeca de Fotos.photoslibrary/resources/derivatives/masters/F/FCF338DD-8BC5-4DD1-AEBA-24955AFFE98E_4_5005_c.jpeg"
    ],
    "ultima_modificacion": "2025-08-01 01:01:12.583970"
  },
  "f65796e8ec7244d2953423f451e0f9fd45005c.jpeg": {
    "app_sintetizada": "F65796E8EC7244D2953423F451E0F9FD45005C.JPEG",
    "cantidad_archivos": 1,
    "archivos_fuente": [
      "Pictures/Fototeca de Fotos.photoslibrary/resources/derivatives/masters/F/F65796E8-EC72-44D2-9534-23F451E0F9FD_4_5005_c.jpeg"
    ],
    "ultima_modificacion": "2025-08-01 01:01:12.584256"
  },
  "f513343164bb4a6ab8edcc0df51c965145005c.jpeg": {
    "app_sintetizada": "F513343164BB4A6AB8EDCC0DF51C965145005C.JPEG",
    "cantidad_archivos": 1,
    "archivos_fuente": [
      "Pictures/Fototeca de Fotos.photoslibrary/resources/derivatives/masters/F/F5133431-64BB-4A6A-B8ED-CC0DF51C9651_4_5005_c.jpeg"
    ],
    "ultima_modificacion": "2025-08-01 01:01:12.584583"
  },
  "f75d76f25c804d59aeffd937c202177a45005c.jpeg": {
    "app_sintetizada": "F75D76F25C804D59AEFFD937C202177A45005C.JPEG",
    "cantidad_archivos": 1,
    "archivos_fuente": [
      "Pictures/Fototeca de Fotos.photoslibrary/resources/derivatives/masters/F/F75D76F2-5C80-4D59-AEFF-D937C202177A_4_5005_c.jpeg"
    ],
    "ultima_modificacion": "2025-08-01 01:01:12.584880"
  },
  "fa1942e7c00c4f93a3f167334554fa0b45005c.jpeg": {
    "app_sintetizada": "FA1942E7C00C4F93A3F167334554FA0B45005C.JPEG",
    "cantidad_archivos": 1,
    "archivos_fuente": [
      "Pictures/Fototeca de Fotos.photoslibrary/resources/derivatives/masters/F/FA1942E7-C00C-4F93-A3F1-67334554FA0B_4_5005_c.jpeg"
    ],
    "ultima_modificacion": "2025-08-01 01:01:12.585110"
  },
  "f858e60bd96b48c48b0edf0db37aee4045005c.jpeg": {
    "app_sintetizada": "F858E60BD96B48C48B0EDF0DB37AEE4045005C.JPEG",
    "cantidad_archivos": 1,
    "archivos_fuente": [
      "Pictures/Fototeca de Fotos.photoslibrary/resources/derivatives/masters/F/F858E60B-D96B-48C4-8B0E-DF0DB37AEE40_4_5005_c.jpeg"
    ],
    "ultima_modificacion": "2025-08-01 01:01:12.585424"
  },
  "f180f44cc8e947bab08424e55015feff45005c.jpeg": {
    "app_sintetizada": "F180F44CC8E947BAB08424E55015FEFF45005C.JPEG",
    "cantidad_archivos": 1,
    "archivos_fuente": [
      "Pictures/Fototeca de Fotos.photoslibrary/resources/derivatives/masters/F/F180F44C-C8E9-47BA-B084-24E55015FEFF_4_5005_c.jpeg"
    ],
    "ultima_modificacion": "2025-08-01 01:01:12.585754"
  },
  "ff6e3fc98ab04ead941a8e8484e63dbb45005c.jpeg": {
    "app_sintetizada": "FF6E3FC98AB04EAD941A8E8484E63DBB45005C.JPEG",
    "cantidad_archivos": 1,
    "archivos_fuente": [
      "Pictures/Fototeca de Fotos.photoslibrary/resources/derivatives/masters/F/FF6E3FC9-8AB0-4EAD-941A-8E8484E63DBB_4_5005_c.jpeg"
    ],
    "ultima_modificacion": "2025-08-01 01:01:12.586089"
  },
  "fc2daf2f61ca4d59b5c08b0a769d194345005c.jpeg": {
    "app_sintetizada": "FC2DAF2F61CA4D59B5C08B0A769D194345005C.JPEG",
    "cantidad_archivos": 1,
    "archivos_fuente": [
      "Pictures/Fototeca de Fotos.photoslibrary/resources/derivatives/masters/F/FC2DAF2F-61CA-4D59-B5C0-8B0A769D1943_4_5005_c.jpeg"
    ],
    "ultima_modificacion": "2025-08-01 01:01:12.586461"
  },
  "fac34219259f47b395ecdb342252d58f45005c.jpeg": {
    "app_sintetizada": "FAC34219259F47B395ECDB342252D58F45005C.JPEG",
    "cantidad_archivos": 1,
    "archivos_fuente": [
      "Pictures/Fototeca de Fotos.photoslibrary/resources/derivatives/masters/F/FAC34219-259F-47B3-95EC-DB342252D58F_4_5005_c.jpeg"
    ],
    "ultima_modificacion": "2025-08-01 01:01:12.586795"
  },
  "f1bff927bd634dd789d956051fadfac445005c.jpeg": {
    "app_sintetizada": "F1BFF927BD634DD789D956051FADFAC445005C.JPEG",
    "cantidad_archivos": 1,
    "archivos_fuente": [
      "Pictures/Fototeca de Fotos.photoslibrary/resources/derivatives/masters/F/F1BFF927-BD63-4DD7-89D9-56051FADFAC4_4_5005_c.jpeg"
    ],
    "ultima_modificacion": "2025-08-01 01:01:12.587112"
  },
  "fab6935a17714c19a797a64353e33e7045005c.jpeg": {
    "app_sintetizada": "FAB6935A17714C19A797A64353E33E7045005C.JPEG",
    "cantidad_archivos": 1,
    "archivos_fuente": [
      "Pictures/Fototeca de Fotos.photoslibrary/resources/derivatives/masters/F/FAB6935A-1771-4C19-A797-A64353E33E70_4_5005_c.jpeg"
    ],
    "ultima_modificacion": "2025-08-01 01:01:12.587516"
  },
  "f85edb883f3a41bfbe1f9bcc5cb7711245005c.jpeg": {
    "app_sintetizada": "F85EDB883F3A41BFBE1F9BCC5CB7711245005C.JPEG",
    "cantidad_archivos": 1,
    "archivos_fuente": [
      "Pictures/Fototeca de Fotos.photoslibrary/resources/derivatives/masters/F/F85EDB88-3F3A-41BF-BE1F-9BCC5CB77112_4_5005_c.jpeg"
    ],
    "ultima_modificacion": "2025-08-01 01:01:12.588461"
  },
  "fc8f6c19558c484689df27b518ba232045005c.jpeg": {
    "app_sintetizada": "FC8F6C19558C484689DF27B518BA232045005C.JPEG",
    "cantidad_archivos": 1,
    "archivos_fuente": [
      "Pictures/Fototeca de Fotos.photoslibrary/resources/derivatives/masters/F/FC8F6C19-558C-4846-89DF-27B518BA2320_4_5005_c.jpeg"
    ],
    "ultima_modificacion": "2025-08-01 01:01:12.588892"
  },
  "fb025e8ec0674b53a09426b7968b953445005c.jpeg": {
    "app_sintetizada": "FB025E8EC0674B53A09426B7968B953445005C.JPEG",
    "cantidad_archivos": 1,
    "archivos_fuente": [
      "Pictures/Fototeca de Fotos.photoslibrary/resources/derivatives/masters/F/FB025E8E-C067-4B53-A094-26B7968B9534_4_5005_c.jpeg"
    ],
    "ultima_modificacion": "2025-08-01 01:01:12.589394"
  },
  "f7bc93faf8e84e8da697f2ac30caf06445005c.jpeg": {
    "app_sintetizada": "F7BC93FAF8E84E8DA697F2AC30CAF06445005C.JPEG",
    "cantidad_archivos": 1,
    "archivos_fuente": [
      "Pictures/Fototeca de Fotos.photoslibrary/resources/derivatives/masters/F/F7BC93FA-F8E8-4E8D-A697-F2AC30CAF064_4_5005_c.jpeg"
    ],
    "ultima_modificacion": "2025-08-01 01:01:12.589892"
  },
  "f717ea05469245548ed54b46633fb83845005c.jpeg": {
    "app_sintetizada": "F717EA05469245548ED54B46633FB83845005C.JPEG",
    "cantidad_archivos": 1,
    "archivos_fuente": [
      "Pictures/Fototeca de Fotos.photoslibrary/resources/derivatives/masters/F/F717EA05-4692-4554-8ED5-4B46633FB838_4_5005_c.jpeg"
    ],
    "ultima_modificacion": "2025-08-01 01:01:12.590509"
  },
  "f3fb7652de4146a1bc4aa4ea9100898845005c.jpeg": {
    "app_sintetizada": "F3FB7652DE4146A1BC4AA4EA9100898845005C.JPEG",
    "cantidad_archivos": 1,
    "archivos_fuente": [
      "Pictures/Fototeca de Fotos.photoslibrary/resources/derivatives/masters/F/F3FB7652-DE41-46A1-BC4A-A4EA91008988_4_5005_c.jpeg"
    ],
    "ultima_modificacion": "2025-08-01 01:01:12.590876"
  },
  "fd8fe1f113754276b7acc10ad5f29c2745005c.jpeg": {
    "app_sintetizada": "FD8FE1F113754276B7ACC10AD5F29C2745005C.JPEG",
    "cantidad_archivos": 1,
    "archivos_fuente": [
      "Pictures/Fototeca de Fotos.photoslibrary/resources/derivatives/masters/F/FD8FE1F1-1375-4276-B7AC-C10AD5F29C27_4_5005_c.jpeg"
    ],
    "ultima_modificacion": "2025-08-01 01:01:12.591477"
  },
  "f9676b89600a4ca3ba7cab8f53adecae45005c.jpeg": {
    "app_sintetizada": "F9676B89600A4CA3BA7CAB8F53ADECAE45005C.JPEG",
    "cantidad_archivos": 1,
    "archivos_fuente": [
      "Pictures/Fototeca de Fotos.photoslibrary/resources/derivatives/masters/F/F9676B89-600A-4CA3-BA7C-AB8F53ADECAE_4_5005_c.jpeg"
    ],
    "ultima_modificacion": "2025-08-01 01:01:12.591890"
  },
  "fdc1d0ae686d4876a027b23d143a4bd345005c.jpeg": {
    "app_sintetizada": "FDC1D0AE686D4876A027B23D143A4BD345005C.JPEG",
    "cantidad_archivos": 1,
    "archivos_fuente": [
      "Pictures/Fototeca de Fotos.photoslibrary/resources/derivatives/masters/F/FDC1D0AE-686D-4876-A027-B23D143A4BD3_4_5005_c.jpeg"
    ],
    "ultima_modificacion": "2025-08-01 01:01:12.592334"
  },
  "f6ce5ead41bc4b9baea7caca6a76070f45005c.jpeg": {
    "app_sintetizada": "F6CE5EAD41BC4B9BAEA7CACA6A76070F45005C.JPEG",
    "cantidad_archivos": 1,
    "archivos_fuente": [
      "Pictures/Fototeca de Fotos.photoslibrary/resources/derivatives/masters/F/F6CE5EAD-41BC-4B9B-AEA7-CACA6A76070F_4_5005_c.jpeg"
    ],
    "ultima_modificacion": "2025-08-01 01:01:12.592753"
  },
  "f33cf1adc7ca4f6b90efbfabc57c8c3c45005c.jpeg": {
    "app_sintetizada": "F33CF1ADC7CA4F6B90EFBFABC57C8C3C45005C.JPEG",
    "cantidad_archivos": 1,
    "archivos_fuente": [
      "Pictures/Fototeca de Fotos.photoslibrary/resources/derivatives/masters/F/F33CF1AD-C7CA-4F6B-90EF-BFABC57C8C3C_4_5005_c.jpeg"
    ],
    "ultima_modificacion": "2025-08-01 01:01:12.593134"
  },
  "fddd5e2c08bf4a2089d5d48a189f1d4c45005c.jpeg": {
    "app_sintetizada": "FDDD5E2C08BF4A2089D5D48A189F1D4C45005C.JPEG",
    "cantidad_archivos": 1,
    "archivos_fuente": [
      "Pictures/Fototeca de Fotos.photoslibrary/resources/derivatives/masters/F/FDDD5E2C-08BF-4A20-89D5-D48A189F1D4C_4_5005_c.jpeg"
    ],
    "ultima_modificacion": "2025-08-01 01:01:12.593593"
  },
  "f196138b651746f992f2a8f770a0c17245005c.jpeg": {
    "app_sintetizada": "F196138B651746F992F2A8F770A0C17245005C.JPEG",
    "cantidad_archivos": 1,
    "archivos_fuente": [
      "Pictures/Fototeca de Fotos.photoslibrary/resources/derivatives/masters/F/F196138B-6517-46F9-92F2-A8F770A0C172_4_5005_c.jpeg"
    ],
    "ultima_modificacion": "2025-08-01 01:01:12.594044"
  },
  "f3a247777560492ab4c27c8f1754271c45005c.jpeg": {
    "app_sintetizada": "F3A247777560492AB4C27C8F1754271C45005C.JPEG",
    "cantidad_archivos": 1,
    "archivos_fuente": [
      "Pictures/Fototeca de Fotos.photoslibrary/resources/derivatives/masters/F/F3A24777-7560-492A-B4C2-7C8F1754271C_4_5005_c.jpeg"
    ],
    "ultima_modificacion": "2025-08-01 01:01:12.594539"
  },
  "f4085a7696274066a1b55a298f70126d45005c.jpeg": {
    "app_sintetizada": "F4085A7696274066A1B55A298F70126D45005C.JPEG",
    "cantidad_archivos": 1,
    "archivos_fuente": [
      "Pictures/Fototeca de Fotos.photoslibrary/resources/derivatives/masters/F/F4085A76-9627-4066-A1B5-5A298F70126D_4_5005_c.jpeg"
    ],
    "ultima_modificacion": "2025-08-01 01:01:12.595067"
  },
  "fbd451b017894aeb979b8437738302c345005c.jpeg": {
    "app_sintetizada": "FBD451B017894AEB979B8437738302C345005C.JPEG",
    "cantidad_archivos": 1,
    "archivos_fuente": [
      "Pictures/Fototeca de Fotos.photoslibrary/resources/derivatives/masters/F/FBD451B0-1789-4AEB-979B-8437738302C3_4_5005_c.jpeg"
    ],
    "ultima_modificacion": "2025-08-01 01:01:12.595428"
  },
  "faf54c3980a5469585f17281175f935f45005c.jpeg": {
    "app_sintetizada": "FAF54C3980A5469585F17281175F935F45005C.JPEG",
    "cantidad_archivos": 1,
    "archivos_fuente": [
      "Pictures/Fototeca de Fotos.photoslibrary/resources/derivatives/masters/F/FAF54C39-80A5-4695-85F1-7281175F935F_4_5005_c.jpeg"
    ],
    "ultima_modificacion": "2025-08-01 01:01:12.596023"
  },
  "fe0129f1ae05438e8b349074c6376f4c45005c.jpeg": {
    "app_sintetizada": "FE0129F1AE05438E8B349074C6376F4C45005C.JPEG",
    "cantidad_archivos": 1,
    "archivos_fuente": [
      "Pictures/Fototeca de Fotos.photoslibrary/resources/derivatives/masters/F/FE0129F1-AE05-438E-8B34-9074C6376F4C_4_5005_c.jpeg"
    ],
    "ultima_modificacion": "2025-08-01 01:01:12.596497"
  },
  "f41df6afdd8743249e566048e0ce934045005c.jpeg": {
    "app_sintetizada": "F41DF6AFDD8743249E566048E0CE934045005C.JPEG",
    "cantidad_archivos": 1,
    "archivos_fuente": [
      "Pictures/Fototeca de Fotos.photoslibrary/resources/derivatives/masters/F/F41DF6AF-DD87-4324-9E56-6048E0CE9340_4_5005_c.jpeg"
    ],
    "ultima_modificacion": "2025-08-01 01:01:12.596999"
  },
  "fa83a461e8ad4ad59c44ed2f9921eb4745005c.jpeg": {
    "app_sintetizada": "FA83A461E8AD4AD59C44ED2F9921EB4745005C.JPEG",
    "cantidad_archivos": 1,
    "archivos_fuente": [
      "Pictures/Fototeca de Fotos.photoslibrary/resources/derivatives/masters/F/FA83A461-E8AD-4AD5-9C44-ED2F9921EB47_4_5005_c.jpeg"
    ],
    "ultima_modificacion": "2025-08-01 01:01:12.597385"
  },
  "fcdc505d24a141e59229f02a0011394845005c.jpeg": {
    "app_sintetizada": "FCDC505D24A141E59229F02A0011394845005C.JPEG",
    "cantidad_archivos": 1,
    "archivos_fuente": [
      "Pictures/Fototeca de Fotos.photoslibrary/resources/derivatives/masters/F/FCDC505D-24A1-41E5-9229-F02A00113948_4_5005_c.jpeg"
    ],
    "ultima_modificacion": "2025-08-01 01:01:12.597859"
  },
  "f67aee7471bb400cbd98b8cfcbce08b045005c.jpeg": {
    "app_sintetizada": "F67AEE7471BB400CBD98B8CFCBCE08B045005C.JPEG",
    "cantidad_archivos": 1,
    "archivos_fuente": [
      "Pictures/Fototeca de Fotos.photoslibrary/resources/derivatives/masters/F/F67AEE74-71BB-400C-BD98-B8CFCBCE08B0_4_5005_c.jpeg"
    ],
    "ultima_modificacion": "2025-08-01 01:01:12.598247"
  },
  "fa0bd66561d74a89b5473647b95fa06c45005c.jpeg": {
    "app_sintetizada": "FA0BD66561D74A89B5473647B95FA06C45005C.JPEG",
    "cantidad_archivos": 1,
    "archivos_fuente": [
      "Pictures/Fototeca de Fotos.photoslibrary/resources/derivatives/masters/F/FA0BD665-61D7-4A89-B547-3647B95FA06C_4_5005_c.jpeg"
    ],
    "ultima_modificacion": "2025-08-01 01:01:12.598585"
  },
  "f61a16d90cb840e9b8d9a143080d112445005c.jpeg": {
    "app_sintetizada": "F61A16D90CB840E9B8D9A143080D112445005C.JPEG",
    "cantidad_archivos": 1,
    "archivos_fuente": [
      "Pictures/Fototeca de Fotos.photoslibrary/resources/derivatives/masters/F/F61A16D9-0CB8-40E9-B8D9-A143080D1124_4_5005_c.jpeg"
    ],
    "ultima_modificacion": "2025-08-01 01:01:12.599125"
  },
  "fa4057e5cd474eadbb5f3b5ab155f3bb45005c.jpeg": {
    "app_sintetizada": "FA4057E5CD474EADBB5F3B5AB155F3BB45005C.JPEG",
    "cantidad_archivos": 1,
    "archivos_fuente": [
      "Pictures/Fototeca de Fotos.photoslibrary/resources/derivatives/masters/F/FA4057E5-CD47-4EAD-BB5F-3B5AB155F3BB_4_5005_c.jpeg"
    ],
    "ultima_modificacion": "2025-08-01 01:01:12.599574"
  },
  "f16e01c4118e42bbb2495231f982148e45005c.jpeg": {
    "app_sintetizada": "F16E01C4118E42BBB2495231F982148E45005C.JPEG",
    "cantidad_archivos": 1,
    "archivos_fuente": [
      "Pictures/Fototeca de Fotos.photoslibrary/resources/derivatives/masters/F/F16E01C4-118E-42BB-B249-5231F982148E_4_5005_c.jpeg"
    ],
    "ultima_modificacion": "2025-08-01 01:01:12.599930"
  },
  "ff1be2dbe4744ad3a71f47f67a7977f845005c.jpeg": {
    "app_sintetizada": "FF1BE2DBE4744AD3A71F47F67A7977F845005C.JPEG",
    "cantidad_archivos": 1,
    "archivos_fuente": [
      "Pictures/Fototeca de Fotos.photoslibrary/resources/derivatives/masters/F/FF1BE2DB-E474-4AD3-A71F-47F67A7977F8_4_5005_c.jpeg"
    ],
    "ultima_modificacion": "2025-08-01 01:01:12.600322"
  },
  "fceb66f7ec764a7f930641ddff8aa79445005c.jpeg": {
    "app_sintetizada": "FCEB66F7EC764A7F930641DDFF8AA79445005C.JPEG",
    "cantidad_archivos": 1,
    "archivos_fuente": [
      "Pictures/Fototeca de Fotos.photoslibrary/resources/derivatives/masters/F/FCEB66F7-EC76-4A7F-9306-41DDFF8AA794_4_5005_c.jpeg"
    ],
    "ultima_modificacion": "2025-08-01 01:01:12.600655"
  },
  "fb8315373a4f4070ac93b929843520bd45005c.jpeg": {
    "app_sintetizada": "FB8315373A4F4070AC93B929843520BD45005C.JPEG",
    "cantidad_archivos": 1,
    "archivos_fuente": [
      "Pictures/Fototeca de Fotos.photoslibrary/resources/derivatives/masters/F/FB831537-3A4F-4070-AC93-B929843520BD_4_5005_c.jpeg"
    ],
    "ultima_modificacion": "2025-08-01 01:01:12.600987"
  },
  "f6216db6e8eb48b6ad3ab1ce8afd3f7045005c.jpeg": {
    "app_sintetizada": "F6216DB6E8EB48B6AD3AB1CE8AFD3F7045005C.JPEG",
    "cantidad_archivos": 1,
    "archivos_fuente": [
      "Pictures/Fototeca de Fotos.photoslibrary/resources/derivatives/masters/F/F6216DB6-E8EB-48B6-AD3A-B1CE8AFD3F70_4_5005_c.jpeg"
    ],
    "ultima_modificacion": "2025-08-01 01:01:12.601380"
  },
  "f51141f6116043c29802f46981a1cebc45005c.jpeg": {
    "app_sintetizada": "F51141F6116043C29802F46981A1CEBC45005C.JPEG",
    "cantidad_archivos": 1,
    "archivos_fuente": [
      "Pictures/Fototeca de Fotos.photoslibrary/resources/derivatives/masters/F/F51141F6-1160-43C2-9802-F46981A1CEBC_4_5005_c.jpeg"
    ],
    "ultima_modificacion": "2025-08-01 01:01:12.601727"
  },
  "fc82aec209ce4904987ea7f006014a1245005c.jpeg": {
    "app_sintetizada": "FC82AEC209CE4904987EA7F006014A1245005C.JPEG",
    "cantidad_archivos": 1,
    "archivos_fuente": [
      "Pictures/Fototeca de Fotos.photoslibrary/resources/derivatives/masters/F/FC82AEC2-09CE-4904-987E-A7F006014A12_4_5005_c.jpeg"
    ],
    "ultima_modificacion": "2025-08-01 01:01:12.602052"
  },
  "fcb2746336c949d797195ed12c13150145005c.jpeg": {
    "app_sintetizada": "FCB2746336C949D797195ED12C13150145005C.JPEG",
    "cantidad_archivos": 1,
    "archivos_fuente": [
      "Pictures/Fototeca de Fotos.photoslibrary/resources/derivatives/masters/F/FCB27463-36C9-49D7-9719-5ED12C131501_4_5005_c.jpeg"
    ],
    "ultima_modificacion": "2025-08-01 01:01:12.602356"
  },
  "fd43bcafade7427a839050aa646d0b0145005c.jpeg": {
    "app_sintetizada": "FD43BCAFADE7427A839050AA646D0B0145005C.JPEG",
    "cantidad_archivos": 1,
    "archivos_fuente": [
      "Pictures/Fototeca de Fotos.photoslibrary/resources/derivatives/masters/F/FD43BCAF-ADE7-427A-8390-50AA646D0B01_4_5005_c.jpeg"
    ],
    "ultima_modificacion": "2025-08-01 01:01:12.602683"
  },
  "f58feeaa7b4d4dcb9a25f9424185763345005c.jpeg": {
    "app_sintetizada": "F58FEEAA7B4D4DCB9A25F9424185763345005C.JPEG",
    "cantidad_archivos": 1,
    "archivos_fuente": [
      "Pictures/Fototeca de Fotos.photoslibrary/resources/derivatives/masters/F/F58FEEAA-7B4D-4DCB-9A25-F94241857633_4_5005_c.jpeg"
    ],
    "ultima_modificacion": "2025-08-01 01:01:12.603004"
  },
  "f581368b55024dee836e955665a3cd2645005c.jpeg": {
    "app_sintetizada": "F581368B55024DEE836E955665A3CD2645005C.JPEG",
    "cantidad_archivos": 1,
    "archivos_fuente": [
      "Pictures/Fototeca de Fotos.photoslibrary/resources/derivatives/masters/F/F581368B-5502-4DEE-836E-955665A3CD26_4_5005_c.jpeg"
    ],
    "ultima_modificacion": "2025-08-01 01:01:12.603316"
  },
  "f2990cd4763d4f53b6483d2296e25d7845005c.jpeg": {
    "app_sintetizada": "F2990CD4763D4F53B6483D2296E25D7845005C.JPEG",
    "cantidad_archivos": 1,
    "archivos_fuente": [
      "Pictures/Fototeca de Fotos.photoslibrary/resources/derivatives/masters/F/F2990CD4-763D-4F53-B648-3D2296E25D78_4_5005_c.jpeg"
    ],
    "ultima_modificacion": "2025-08-01 01:01:12.603614"
  },
  "f84dd31030654d33b62404c86752a99845005c.jpeg": {
    "app_sintetizada": "F84DD31030654D33B62404C86752A99845005C.JPEG",
    "cantidad_archivos": 1,
    "archivos_fuente": [
      "Pictures/Fototeca de Fotos.photoslibrary/resources/derivatives/masters/F/F84DD310-3065-4D33-B624-04C86752A998_4_5005_c.jpeg"
    ],
    "ultima_modificacion": "2025-08-01 01:01:12.603937"
  },
  "fec3fa610d1643aca436c56b8ea9c9f445005c.jpeg": {
    "app_sintetizada": "FEC3FA610D1643ACA436C56B8EA9C9F445005C.JPEG",
    "cantidad_archivos": 1,
    "archivos_fuente": [
      "Pictures/Fototeca de Fotos.photoslibrary/resources/derivatives/masters/F/FEC3FA61-0D16-43AC-A436-C56B8EA9C9F4_4_5005_c.jpeg"
    ],
    "ultima_modificacion": "2025-08-01 01:01:12.604340"
  },
  "f3456cb77d69412491eba223a53dbf1845005c.jpeg": {
    "app_sintetizada": "F3456CB77D69412491EBA223A53DBF1845005C.JPEG",
    "cantidad_archivos": 1,
    "archivos_fuente": [
      "Pictures/Fototeca de Fotos.photoslibrary/resources/derivatives/masters/F/F3456CB7-7D69-4124-91EB-A223A53DBF18_4_5005_c.jpeg"
    ],
    "ultima_modificacion": "2025-08-01 01:01:12.604712"
  },
  "f54c85c5873d4e0f93fe82e279e09afe45005c.jpeg": {
    "app_sintetizada": "F54C85C5873D4E0F93FE82E279E09AFE45005C.JPEG",
    "cantidad_archivos": 1,
    "archivos_fuente": [
      "Pictures/Fototeca de Fotos.photoslibrary/resources/derivatives/masters/F/F54C85C5-873D-4E0F-93FE-82E279E09AFE_4_5005_c.jpeg"
    ],
    "ultima_modificacion": "2025-08-01 01:01:12.605097"
  },
  "f45521377e484da7be5c3ccaa11a26a145005c.jpeg": {
    "app_sintetizada": "F45521377E484DA7BE5C3CCAA11A26A145005C.JPEG",
    "cantidad_archivos": 1,
    "archivos_fuente": [
      "Pictures/Fototeca de Fotos.photoslibrary/resources/derivatives/masters/F/F4552137-7E48-4DA7-BE5C-3CCAA11A26A1_4_5005_c.jpeg"
    ],
    "ultima_modificacion": "2025-08-01 01:01:12.605483"
  },
  "f164dcac78104e18bdb50b6cee1a144045005c.jpeg": {
    "app_sintetizada": "F164DCAC78104E18BDB50B6CEE1A144045005C.JPEG",
    "cantidad_archivos": 1,
    "archivos_fuente": [
      "Pictures/Fototeca de Fotos.photoslibrary/resources/derivatives/masters/F/F164DCAC-7810-4E18-BDB5-0B6CEE1A1440_4_5005_c.jpeg"
    ],
    "ultima_modificacion": "2025-08-01 01:01:12.605821"
  },
  "f0da45929b294d4eafe8eb7a757c1d4745005c.jpeg": {
    "app_sintetizada": "F0DA45929B294D4EAFE8EB7A757C1D4745005C.JPEG",
    "cantidad_archivos": 1,
    "archivos_fuente": [
      "Pictures/Fototeca de Fotos.photoslibrary/resources/derivatives/masters/F/F0DA4592-9B29-4D4E-AFE8-EB7A757C1D47_4_5005_c.jpeg"
    ],
    "ultima_modificacion": "2025-08-01 01:01:12.606155"
  },
  "f3423e0559fd4fb7b56855938c581cff45005c.jpeg": {
    "app_sintetizada": "F3423E0559FD4FB7B56855938C581CFF45005C.JPEG",
    "cantidad_archivos": 1,
    "archivos_fuente": [
      "Pictures/Fototeca de Fotos.photoslibrary/resources/derivatives/masters/F/F3423E05-59FD-4FB7-B568-55938C581CFF_4_5005_c.jpeg"
    ],
    "ultima_modificacion": "2025-08-01 01:01:12.606525"
  },
  "f4e49719f29245baa0f0f334150186fe45005c.jpeg": {
    "app_sintetizada": "F4E49719F29245BAA0F0F334150186FE45005C.JPEG",
    "cantidad_archivos": 1,
    "archivos_fuente": [
      "Pictures/Fototeca de Fotos.photoslibrary/resources/derivatives/masters/F/F4E49719-F292-45BA-A0F0-F334150186FE_4_5005_c.jpeg"
    ],
    "ultima_modificacion": "2025-08-01 01:01:12.606845"
  },
  "f1d3c3421b50486a8677339eb8a1698845005c.jpeg": {
    "app_sintetizada": "F1D3C3421B50486A8677339EB8A1698845005C.JPEG",
    "cantidad_archivos": 1,
    "archivos_fuente": [
      "Pictures/Fototeca de Fotos.photoslibrary/resources/derivatives/masters/F/F1D3C342-1B50-486A-8677-339EB8A16988_4_5005_c.jpeg"
    ],
    "ultima_modificacion": "2025-08-01 01:01:12.607172"
  },
  "fe8a092e5cfe491490b957da75b1099c45005c.jpeg": {
    "app_sintetizada": "FE8A092E5CFE491490B957DA75B1099C45005C.JPEG",
    "cantidad_archivos": 1,
    "archivos_fuente": [
      "Pictures/Fototeca de Fotos.photoslibrary/resources/derivatives/masters/F/FE8A092E-5CFE-4914-90B9-57DA75B1099C_4_5005_c.jpeg"
    ],
    "ultima_modificacion": "2025-08-01 01:01:12.607495"
  },
  "fbe3da5a347b446786aff3823a3101b945005c.jpeg": {
    "app_sintetizada": "FBE3DA5A347B446786AFF3823A3101B945005C.JPEG",
    "cantidad_archivos": 1,
    "archivos_fuente": [
      "Pictures/Fototeca de Fotos.photoslibrary/resources/derivatives/masters/F/FBE3DA5A-347B-4467-86AF-F3823A3101B9_4_5005_c.jpeg"
    ],
    "ultima_modificacion": "2025-08-01 01:01:12.607817"
  },
  "fe135a89befe489dbd6fa421be2b8e0645005c.jpeg": {
    "app_sintetizada": "FE135A89BEFE489DBD6FA421BE2B8E0645005C.JPEG",
    "cantidad_archivos": 1,
    "archivos_fuente": [
      "Pictures/Fototeca de Fotos.photoslibrary/resources/derivatives/masters/F/FE135A89-BEFE-489D-BD6F-A421BE2B8E06_4_5005_c.jpeg"
    ],
    "ultima_modificacion": "2025-08-01 01:01:12.608125"
  },
  "f59944b772ce4803812a23d572eba65245005c.jpeg": {
    "app_sintetizada": "F59944B772CE4803812A23D572EBA65245005C.JPEG",
    "cantidad_archivos": 1,
    "archivos_fuente": [
      "Pictures/Fototeca de Fotos.photoslibrary/resources/derivatives/masters/F/F59944B7-72CE-4803-812A-23D572EBA652_4_5005_c.jpeg"
    ],
    "ultima_modificacion": "2025-08-01 01:01:12.608441"
  },
  "fe45343448054023a1e00cd6d1227fc945005c.jpeg": {
    "app_sintetizada": "FE45343448054023A1E00CD6D1227FC945005C.JPEG",
    "cantidad_archivos": 1,
    "archivos_fuente": [
      "Pictures/Fototeca de Fotos.photoslibrary/resources/derivatives/masters/F/FE453434-4805-4023-A1E0-0CD6D1227FC9_4_5005_c.jpeg"
    ],
    "ultima_modificacion": "2025-08-01 01:01:12.608758"
  },
  "fc11d29aa54d4dd9a40c63b199cd7c7c45005c.jpeg": {
    "app_sintetizada": "FC11D29AA54D4DD9A40C63B199CD7C7C45005C.JPEG",
    "cantidad_archivos": 1,
    "archivos_fuente": [
      "Pictures/Fototeca de Fotos.photoslibrary/resources/derivatives/masters/F/FC11D29A-A54D-4DD9-A40C-63B199CD7C7C_4_5005_c.jpeg"
    ],
    "ultima_modificacion": "2025-08-01 01:01:12.609102"
  },
  "ff3399f2636b4cca8a24263fe97dbde145005c.jpeg": {
    "app_sintetizada": "FF3399F2636B4CCA8A24263FE97DBDE145005C.JPEG",
    "cantidad_archivos": 1,
    "archivos_fuente": [
      "Pictures/Fototeca de Fotos.photoslibrary/resources/derivatives/masters/F/FF3399F2-636B-4CCA-8A24-263FE97DBDE1_4_5005_c.jpeg"
    ],
    "ultima_modificacion": "2025-08-01 01:01:12.609535"
  },
  "f0b6d98878304bb295b06f5d83a40d3c45005c.jpeg": {
    "app_sintetizada": "F0B6D98878304BB295B06F5D83A40D3C45005C.JPEG",
    "cantidad_archivos": 1,
    "archivos_fuente": [
      "Pictures/Fototeca de Fotos.photoslibrary/resources/derivatives/masters/F/F0B6D988-7830-4BB2-95B0-6F5D83A40D3C_4_5005_c.jpeg"
    ],
    "ultima_modificacion": "2025-08-01 01:01:12.609905"
  },
  "f0db5f03935945d38a779086d9a4ba2b45005c.jpeg": {
    "app_sintetizada": "F0DB5F03935945D38A779086D9A4BA2B45005C.JPEG",
    "cantidad_archivos": 1,
    "archivos_fuente": [
      "Pictures/Fototeca de Fotos.photoslibrary/resources/derivatives/masters/F/F0DB5F03-9359-45D3-8A77-9086D9A4BA2B_4_5005_c.jpeg"
    ],
    "ultima_modificacion": "2025-08-01 01:01:12.610252"
  },
  "f7193f8dcb5f4ba79ad2b25ed90f0a8945005c.jpeg": {
    "app_sintetizada": "F7193F8DCB5F4BA79AD2B25ED90F0A8945005C.JPEG",
    "cantidad_archivos": 1,
    "archivos_fuente": [
      "Pictures/Fototeca de Fotos.photoslibrary/resources/derivatives/masters/F/F7193F8D-CB5F-4BA7-9AD2-B25ED90F0A89_4_5005_c.jpeg"
    ],
    "ultima_modificacion": "2025-08-01 01:01:12.610576"
  },
  "fa35c093a27344e29f89faa7c8635a2045005c.jpeg": {
    "app_sintetizada": "FA35C093A27344E29F89FAA7C8635A2045005C.JPEG",
    "cantidad_archivos": 1,
    "archivos_fuente": [
      "Pictures/Fototeca de Fotos.photoslibrary/resources/derivatives/masters/F/FA35C093-A273-44E2-9F89-FAA7C8635A20_4_5005_c.jpeg"
    ],
    "ultima_modificacion": "2025-08-01 01:01:12.610912"
  },
  "f2efb01fbabc44f497de237dd0f7d7b745005c.jpeg": {
    "app_sintetizada": "F2EFB01FBABC44F497DE237DD0F7D7B745005C.JPEG",
    "cantidad_archivos": 1,
    "archivos_fuente": [
      "Pictures/Fototeca de Fotos.photoslibrary/resources/derivatives/masters/F/F2EFB01F-BABC-44F4-97DE-237DD0F7D7B7_4_5005_c.jpeg"
    ],
    "ultima_modificacion": "2025-08-01 01:01:12.611271"
  },
  "f4c2a572f6384995888ca4d4ae1bee6745005c.jpeg": {
    "app_sintetizada": "F4C2A572F6384995888CA4D4AE1BEE6745005C.JPEG",
    "cantidad_archivos": 1,
    "archivos_fuente": [
      "Pictures/Fototeca de Fotos.photoslibrary/resources/derivatives/masters/F/F4C2A572-F638-4995-888C-A4D4AE1BEE67_4_5005_c.jpeg"
    ],
    "ultima_modificacion": "2025-08-01 01:01:12.611530"
  },
  "f173b35d925a466fa6b04993b60fbd7645005c.jpeg": {
    "app_sintetizada": "F173B35D925A466FA6B04993B60FBD7645005C.JPEG",
    "cantidad_archivos": 1,
    "archivos_fuente": [
      "Pictures/Fototeca de Fotos.photoslibrary/resources/derivatives/masters/F/F173B35D-925A-466F-A6B0-4993B60FBD76_4_5005_c.jpeg"
    ],
    "ultima_modificacion": "2025-08-01 01:01:12.611842"
  },
  "f5a1eb8ad14e45aca8432c19ca46ab2545005c.jpeg": {
    "app_sintetizada": "F5A1EB8AD14E45ACA8432C19CA46AB2545005C.JPEG",
    "cantidad_archivos": 1,
    "archivos_fuente": [
      "Pictures/Fototeca de Fotos.photoslibrary/resources/derivatives/masters/F/F5A1EB8A-D14E-45AC-A843-2C19CA46AB25_4_5005_c.jpeg"
    ],
    "ultima_modificacion": "2025-08-01 01:01:12.612271"
  },
  "fc9a999ed5cb402c8500f9149bdadf0145005c.jpeg": {
    "app_sintetizada": "FC9A999ED5CB402C8500F9149BDADF0145005C.JPEG",
    "cantidad_archivos": 1,
    "archivos_fuente": [
      "Pictures/Fototeca de Fotos.photoslibrary/resources/derivatives/masters/F/FC9A999E-D5CB-402C-8500-F9149BDADF01_4_5005_c.jpeg"
    ],
    "ultima_modificacion": "2025-08-01 01:01:12.612569"
  },
  "f98b8f511481471c84c971fa642b10f645005c.jpeg": {
    "app_sintetizada": "F98B8F511481471C84C971FA642B10F645005C.JPEG",
    "cantidad_archivos": 1,
    "archivos_fuente": [
      "Pictures/Fototeca de Fotos.photoslibrary/resources/derivatives/masters/F/F98B8F51-1481-471C-84C9-71FA642B10F6_4_5005_c.jpeg"
    ],
    "ultima_modificacion": "2025-08-01 01:01:12.612869"
  },
  "f4e0e6160f4d43f9b50ecc9d52a7880745005c.jpeg": {
    "app_sintetizada": "F4E0E6160F4D43F9B50ECC9D52A7880745005C.JPEG",
    "cantidad_archivos": 1,
    "archivos_fuente": [
      "Pictures/Fototeca de Fotos.photoslibrary/resources/derivatives/masters/F/F4E0E616-0F4D-43F9-B50E-CC9D52A78807_4_5005_c.jpeg"
    ],
    "ultima_modificacion": "2025-08-01 01:01:12.613138"
  },
  "f09125d3af2547f8a670975c5caefdd045005c.jpeg": {
    "app_sintetizada": "F09125D3AF2547F8A670975C5CAEFDD045005C.JPEG",
    "cantidad_archivos": 1,
    "archivos_fuente": [
      "Pictures/Fototeca de Fotos.photoslibrary/resources/derivatives/masters/F/F09125D3-AF25-47F8-A670-975C5CAEFDD0_4_5005_c.jpeg"
    ],
    "ultima_modificacion": "2025-08-01 01:01:12.613393"
  },
  "ff15d2382be04b1cb2029cf002bb503b45005c.jpeg": {
    "app_sintetizada": "FF15D2382BE04B1CB2029CF002BB503B45005C.JPEG",
    "cantidad_archivos": 1,
    "archivos_fuente": [
      "Pictures/Fototeca de Fotos.photoslibrary/resources/derivatives/masters/F/FF15D238-2BE0-4B1C-B202-9CF002BB503B_4_5005_c.jpeg"
    ],
    "ultima_modificacion": "2025-08-01 01:01:12.613704"
  },
  "f9b9902af62748e294bbc994c30b7c4845005c.jpeg": {
    "app_sintetizada": "F9B9902AF62748E294BBC994C30B7C4845005C.JPEG",
    "cantidad_archivos": 1,
    "archivos_fuente": [
      "Pictures/Fototeca de Fotos.photoslibrary/resources/derivatives/masters/F/F9B9902A-F627-48E2-94BB-C994C30B7C48_4_5005_c.jpeg"
    ],
    "ultima_modificacion": "2025-08-01 01:01:12.613962"
  },
  "f54fd67d1a164ba0809dcba52817a7fc45005c.jpeg": {
    "app_sintetizada": "F54FD67D1A164BA0809DCBA52817A7FC45005C.JPEG",
    "cantidad_archivos": 1,
    "archivos_fuente": [
      "Pictures/Fototeca de Fotos.photoslibrary/resources/derivatives/masters/F/F54FD67D-1A16-4BA0-809D-CBA52817A7FC_4_5005_c.jpeg"
    ],
    "ultima_modificacion": "2025-08-01 01:01:12.614266"
  },
  "f3590fab30514741b87d23e54374893c45005c.jpeg": {
    "app_sintetizada": "F3590FAB30514741B87D23E54374893C45005C.JPEG",
    "cantidad_archivos": 1,
    "archivos_fuente": [
      "Pictures/Fototeca de Fotos.photoslibrary/resources/derivatives/masters/F/F3590FAB-3051-4741-B87D-23E54374893C_4_5005_c.jpeg"
    ],
    "ultima_modificacion": "2025-08-01 01:01:12.614574"
  },
  "fb08d8024d8d4d139fb4ed07d852ec9245005c.jpeg": {
    "app_sintetizada": "FB08D8024D8D4D139FB4ED07D852EC9245005C.JPEG",
    "cantidad_archivos": 1,
    "archivos_fuente": [
      "Pictures/Fototeca de Fotos.photoslibrary/resources/derivatives/masters/F/FB08D802-4D8D-4D13-9FB4-ED07D852EC92_4_5005_c.jpeg"
    ],
    "ultima_modificacion": "2025-08-01 01:01:12.615011"
  },
  "fd6a61711a9340f5b88aa83e22da298d45005c.jpeg": {
    "app_sintetizada": "FD6A61711A9340F5B88AA83E22DA298D45005C.JPEG",
    "cantidad_archivos": 1,
    "archivos_fuente": [
      "Pictures/Fototeca de Fotos.photoslibrary/resources/derivatives/masters/F/FD6A6171-1A93-40F5-B88A-A83E22DA298D_4_5005_c.jpeg"
    ],
    "ultima_modificacion": "2025-08-01 01:01:12.615307"
  },
  "f59b7670d7a14f609f13d559bc8cc3a345005c.jpeg": {
    "app_sintetizada": "F59B7670D7A14F609F13D559BC8CC3A345005C.JPEG",
    "cantidad_archivos": 1,
    "archivos_fuente": [
      "Pictures/Fototeca de Fotos.photoslibrary/resources/derivatives/masters/F/F59B7670-D7A1-4F60-9F13-D559BC8CC3A3_4_5005_c.jpeg"
    ],
    "ultima_modificacion": "2025-08-01 01:01:12.615620"
  },
  "f9da3d21df5244f8a7d741e4a568846e45005c.jpeg": {
    "app_sintetizada": "F9DA3D21DF5244F8A7D741E4A568846E45005C.JPEG",
    "cantidad_archivos": 1,
    "archivos_fuente": [
      "Pictures/Fototeca de Fotos.photoslibrary/resources/derivatives/masters/F/F9DA3D21-DF52-44F8-A7D7-41E4A568846E_4_5005_c.jpeg"
    ],
    "ultima_modificacion": "2025-08-01 01:01:12.615892"
  },
  "f29f57d0a4c74ac7af84ca773ca85f6645005c.jpeg": {
    "app_sintetizada": "F29F57D0A4C74AC7AF84CA773CA85F6645005C.JPEG",
    "cantidad_archivos": 1,
    "archivos_fuente": [
      "Pictures/Fototeca de Fotos.photoslibrary/resources/derivatives/masters/F/F29F57D0-A4C7-4AC7-AF84-CA773CA85F66_4_5005_c.jpeg"
    ],
    "ultima_modificacion": "2025-08-01 01:01:12.616177"
  },
  "f9686e6dd8c4469f9bebeb99799d7fa845005c.jpeg": {
    "app_sintetizada": "F9686E6DD8C4469F9BEBEB99799D7FA845005C.JPEG",
    "cantidad_archivos": 1,
    "archivos_fuente": [
      "Pictures/Fototeca de Fotos.photoslibrary/resources/derivatives/masters/F/F9686E6D-D8C4-469F-9BEB-EB99799D7FA8_4_5005_c.jpeg"
    ],
    "ultima_modificacion": "2025-08-01 01:01:12.616471"
  },
  "fdc5e7eecc2c4239a6e9966af92e85fe45005c.jpeg": {
    "app_sintetizada": "FDC5E7EECC2C4239A6E9966AF92E85FE45005C.JPEG",
    "cantidad_archivos": 1,
    "archivos_fuente": [
      "Pictures/Fototeca de Fotos.photoslibrary/resources/derivatives/masters/F/FDC5E7EE-CC2C-4239-A6E9-966AF92E85FE_4_5005_c.jpeg"
    ],
    "ultima_modificacion": "2025-08-01 01:01:12.616762"
  },
  "fa54263a02444719b09179198517755845005c.jpeg": {
    "app_sintetizada": "FA54263A02444719B09179198517755845005C.JPEG",
    "cantidad_archivos": 1,
    "archivos_fuente": [
      "Pictures/Fototeca de Fotos.photoslibrary/resources/derivatives/masters/F/FA54263A-0244-4719-B091-791985177558_4_5005_c.jpeg"
    ],
    "ultima_modificacion": "2025-08-01 01:01:12.617065"
  },
  "f88001d3b6b74b64a3d116b28b4ef89745005c.jpeg": {
    "app_sintetizada": "F88001D3B6B74B64A3D116B28B4EF89745005C.JPEG",
    "cantidad_archivos": 1,
    "archivos_fuente": [
      "Pictures/Fototeca de Fotos.photoslibrary/resources/derivatives/masters/F/F88001D3-B6B7-4B64-A3D1-16B28B4EF897_4_5005_c.jpeg"
    ],
    "ultima_modificacion": "2025-08-01 01:01:12.617336"
  },
  "f710e97bba0949d2b24e0af6878b2a0045005c.jpeg": {
    "app_sintetizada": "F710E97BBA0949D2B24E0AF6878B2A0045005C.JPEG",
    "cantidad_archivos": 1,
    "archivos_fuente": [
      "Pictures/Fototeca de Fotos.photoslibrary/resources/derivatives/masters/F/F710E97B-BA09-49D2-B24E-0AF6878B2A00_4_5005_c.jpeg"
    ],
    "ultima_modificacion": "2025-08-01 01:01:12.617588"
  },
  "f2e1cec4f2c34fb99b28dad6c35593e445005c.jpeg": {
    "app_sintetizada": "F2E1CEC4F2C34FB99B28DAD6C35593E445005C.JPEG",
    "cantidad_archivos": 1,
    "archivos_fuente": [
      "Pictures/Fototeca de Fotos.photoslibrary/resources/derivatives/masters/F/F2E1CEC4-F2C3-4FB9-9B28-DAD6C35593E4_4_5005_c.jpeg"
    ],
    "ultima_modificacion": "2025-08-01 01:01:12.617879"
  },
  "fa276107924543ebb5a0eacafcf6553a45005c.jpeg": {
    "app_sintetizada": "FA276107924543EBB5A0EACAFCF6553A45005C.JPEG",
    "cantidad_archivos": 1,
    "archivos_fuente": [
      "Pictures/Fototeca de Fotos.photoslibrary/resources/derivatives/masters/F/FA276107-9245-43EB-B5A0-EACAFCF6553A_4_5005_c.jpeg"
    ],
    "ultima_modificacion": "2025-08-01 01:01:12.618129"
  },
  "f64dccfa30cc42c4811db24f943b907f45005c.jpeg": {
    "app_sintetizada": "F64DCCFA30CC42C4811DB24F943B907F45005C.JPEG",
    "cantidad_archivos": 1,
    "archivos_fuente": [
      "Pictures/Fototeca de Fotos.photoslibrary/resources/derivatives/masters/F/F64DCCFA-30CC-42C4-811D-B24F943B907F_4_5005_c.jpeg"
    ],
    "ultima_modificacion": "2025-08-01 01:01:12.618342"
  },
  "ff522da7e5a44fc9908beb0cbe2cd7d745005c.jpeg": {
    "app_sintetizada": "FF522DA7E5A44FC9908BEB0CBE2CD7D745005C.JPEG",
    "cantidad_archivos": 1,
    "archivos_fuente": [
      "Pictures/Fototeca de Fotos.photoslibrary/resources/derivatives/masters/F/FF522DA7-E5A4-4FC9-908B-EB0CBE2CD7D7_4_5005_c.jpeg"
    ],
    "ultima_modificacion": "2025-08-01 01:01:12.618540"
  },
  "f6d5f4b25c0a4d2e995ac201f216100845005c.jpeg": {
    "app_sintetizada": "F6D5F4B25C0A4D2E995AC201F216100845005C.JPEG",
    "cantidad_archivos": 1,
    "archivos_fuente": [
      "Pictures/Fototeca de Fotos.photoslibrary/resources/derivatives/masters/F/F6D5F4B2-5C0A-4D2E-995A-C201F2161008_4_5005_c.jpeg"
    ],
    "ultima_modificacion": "2025-08-01 01:01:12.618732"
  },
  "ffc095103d9544689741462aaf8e7dca45005c.jpeg": {
    "app_sintetizada": "FFC095103D9544689741462AAF8E7DCA45005C.JPEG",
    "cantidad_archivos": 1,
    "archivos_fuente": [
      "Pictures/Fototeca de Fotos.photoslibrary/resources/derivatives/masters/F/FFC09510-3D95-4468-9741-462AAF8E7DCA_4_5005_c.jpeg"
    ],
    "ultima_modificacion": "2025-08-01 01:01:12.618921"
  }
}