{
  "1dd62545e93d40f6be5bffb2d5c388a345005c.jpeg": {
    "app_sintetizada": "1DD62545E93D40F6BE5BFFB2D5C388A345005C.JPEG",
    "cantidad_archivos": 1,
    "archivos_fuente": [
      "Pictures/Fototeca de Fotos.photoslibrary/resources/derivatives/masters/1/1DD62545-E93D-40F6-BE5B-FFB2D5C388A3_4_5005_c.jpeg"
    ],
    "ultima_modificacion": "2025-08-01 01:01:09.834848"
  },
  "111b5ff0289d4d4f886bb3c281f64f0f45005c.jpeg": {
    "app_sintetizada": "111B5FF0289D4D4F886BB3C281F64F0F45005C.JPEG",
    "cantidad_archivos": 1,
    "archivos_fuente": [
      "Pictures/Fototeca de Fotos.photoslibrary/resources/derivatives/masters/1/111B5FF0-289D-4D4F-886B-B3C281F64F0F_4_5005_c.jpeg"
    ],
    "ultima_modificacion": "2025-08-01 01:01:09.835032"
  },
  "1e27d5593db649ba8e8ee25bd9ea9e1745005c.jpeg": {
    "app_sintetizada": "1E27D5593DB649BA8E8EE25BD9EA9E1745005C.JPEG",
    "cantidad_archivos": 1,
    "archivos_fuente": [
      "Pictures/Fototeca de Fotos.photoslibrary/resources/derivatives/masters/1/1E27D559-3DB6-49BA-8E8E-E25BD9EA9E17_4_5005_c.jpeg"
    ],
    "ultima_modificacion": "2025-08-01 01:01:09.835210"
  },
  "1ac2ef723d994f0d8c2d8d68f8e74ca745005c.jpeg": {
    "app_sintetizada": "1AC2EF723D994F0D8C2D8D68F8E74CA745005C.JPEG",
    "cantidad_archivos": 1,
    "archivos_fuente": [
      "Pictures/Fototeca de Fotos.photoslibrary/resources/derivatives/masters/1/1AC2EF72-3D99-4F0D-8C2D-8D68F8E74CA7_4_5005_c.jpeg"
    ],
    "ultima_modificacion": "2025-08-01 01:01:09.835400"
  },
  "1c7cfb7ac15e49c78fa21aeb1b94292245005c.jpeg": {
    "app_sintetizada": "1C7CFB7AC15E49C78FA21AEB1B94292245005C.JPEG",
    "cantidad_archivos": 1,
    "archivos_fuente": [
      "Pictures/Fototeca de Fotos.photoslibrary/resources/derivatives/masters/1/1C7CFB7A-C15E-49C7-8FA2-1AEB1B942922_4_5005_c.jpeg"
    ],
    "ultima_modificacion": "2025-08-01 01:01:09.835583"
  },
  "164dcc74911d4188ada8b9480f3ee50045005c.jpeg": {
    "app_sintetizada": "164DCC74911D4188ADA8B9480F3EE50045005C.JPEG",
    "cantidad_archivos": 1,
    "archivos_fuente": [
      "Pictures/Fototeca de Fotos.photoslibrary/resources/derivatives/masters/1/164DCC74-911D-4188-ADA8-B9480F3EE500_4_5005_c.jpeg"
    ],
    "ultima_modificacion": "2025-08-01 01:01:09.835764"
  },
  "1f5bccea96c54551a7d558485fe4358745005c.jpeg": {
    "app_sintetizada": "1F5BCCEA96C54551A7D558485FE4358745005C.JPEG",
    "cantidad_archivos": 1,
    "archivos_fuente": [
      "Pictures/Fototeca de Fotos.photoslibrary/resources/derivatives/masters/1/1F5BCCEA-96C5-4551-A7D5-58485FE43587_4_5005_c.jpeg"
    ],
    "ultima_modificacion": "2025-08-01 01:01:09.836014"
  },
  "1dbe63d5758f45aaa0600d29948da7e145005c.jpeg": {
    "app_sintetizada": "1DBE63D5758F45AAA0600D29948DA7E145005C.JPEG",
    "cantidad_archivos": 1,
    "archivos_fuente": [
      "Pictures/Fototeca de Fotos.photoslibrary/resources/derivatives/masters/1/1DBE63D5-758F-45AA-A060-0D29948DA7E1_4_5005_c.jpeg"
    ],
    "ultima_modificacion": "2025-08-01 01:01:09.836416"
  },
  "150290c82aa54cbd8a1fde376d5b967145005c.jpeg": {
    "app_sintetizada": "150290C82AA54CBD8A1FDE376D5B967145005C.JPEG",
    "cantidad_archivos": 1,
    "archivos_fuente": [
      "Pictures/Fototeca de Fotos.photoslibrary/resources/derivatives/masters/1/150290C8-2AA5-4CBD-8A1F-DE376D5B9671_4_5005_c.jpeg"
    ],
    "ultima_modificacion": "2025-08-01 01:01:09.836697"
  },
  "10a1e8b776e740be83dd1031082f472745005c.jpeg": {
    "app_sintetizada": "10A1E8B776E740BE83DD1031082F472745005C.JPEG",
    "cantidad_archivos": 1,
    "archivos_fuente": [
      "Pictures/Fototeca de Fotos.photoslibrary/resources/derivatives/masters/1/10A1E8B7-76E7-40BE-83DD-1031082F4727_4_5005_c.jpeg"
    ],
    "ultima_modificacion": "2025-08-01 01:01:09.837012"
  },
  "1cb99e9b77e44be09ef9194b1280564345005c.jpeg": {
    "app_sintetizada": "1CB99E9B77E44BE09EF9194B1280564345005C.JPEG",
    "cantidad_archivos": 1,
    "archivos_fuente": [
      "Pictures/Fototeca de Fotos.photoslibrary/resources/derivatives/masters/1/1CB99E9B-77E4-4BE0-9EF9-194B12805643_4_5005_c.jpeg"
    ],
    "ultima_modificacion": "2025-08-01 01:01:09.837375"
  },
  "1fbcd840e917458f941f275ed0ce27ba45005c.jpeg": {
    "app_sintetizada": "1FBCD840E917458F941F275ED0CE27BA45005C.JPEG",
    "cantidad_archivos": 1,
    "archivos_fuente": [
      "Pictures/Fototeca de Fotos.photoslibrary/resources/derivatives/masters/1/1FBCD840-E917-458F-941F-275ED0CE27BA_4_5005_c.jpeg"
    ],
    "ultima_modificacion": "2025-08-01 01:01:09.837667"
  },
  "1318f745a3ae4391ba37c1bb1a0c148f45005c.jpeg": {
    "app_sintetizada": "1318F745A3AE4391BA37C1BB1A0C148F45005C.JPEG",
    "cantidad_archivos": 1,
    "archivos_fuente": [
      "Pictures/Fototeca de Fotos.photoslibrary/resources/derivatives/masters/1/1318F745-A3AE-4391-BA37-C1BB1A0C148F_4_5005_c.jpeg"
    ],
    "ultima_modificacion": "2025-08-01 01:01:09.837966"
  },
  "1a9d82082f9b444696ffe29b93ef719d45005c.jpeg": {
    "app_sintetizada": "1A9D82082F9B444696FFE29B93EF719D45005C.JPEG",
    "cantidad_archivos": 1,
    "archivos_fuente": [
      "Pictures/Fototeca de Fotos.photoslibrary/resources/derivatives/masters/1/1A9D8208-2F9B-4446-96FF-E29B93EF719D_4_5005_c.jpeg"
    ],
    "ultima_modificacion": "2025-08-01 01:01:09.838264"
  },
  "195778d398fa429282699b15a22e688145005c.jpeg": {
    "app_sintetizada": "195778D398FA429282699B15A22E688145005C.JPEG",
    "cantidad_archivos": 1,
    "archivos_fuente": [
      "Pictures/Fototeca de Fotos.photoslibrary/resources/derivatives/masters/1/195778D3-98FA-4292-8269-9B15A22E6881_4_5005_c.jpeg"
    ],
    "ultima_modificacion": "2025-08-01 01:01:09.838535"
  },
  "1fcd003780bc41f089912bba902b51af45005c.jpeg": {
    "app_sintetizada": "1FCD003780BC41F089912BBA902B51AF45005C.JPEG",
    "cantidad_archivos": 1,
    "archivos_fuente": [
      "Pictures/Fototeca de Fotos.photoslibrary/resources/derivatives/masters/1/1FCD0037-80BC-41F0-8991-2BBA902B51AF_4_5005_c.jpeg"
    ],
    "ultima_modificacion": "2025-08-01 01:01:09.838816"
  },
  "1d7fc9f56f074ddbb191baf2efd5cecd45005c.jpeg": {
    "app_sintetizada": "1D7FC9F56F074DDBB191BAF2EFD5CECD45005C.JPEG",
    "cantidad_archivos": 1,
    "archivos_fuente": [
      "Pictures/Fototeca de Fotos.photoslibrary/resources/derivatives/masters/1/1D7FC9F5-6F07-4DDB-B191-BAF2EFD5CECD_4_5005_c.jpeg"
    ],
    "ultima_modificacion": "2025-08-01 01:01:09.839122"
  },
  "1ace8fd8892a493d9c6a179dfe92e56645005c.jpeg": {
    "app_sintetizada": "1ACE8FD8892A493D9C6A179DFE92E56645005C.JPEG",
    "cantidad_archivos": 1,
    "archivos_fuente": [
      "Pictures/Fototeca de Fotos.photoslibrary/resources/derivatives/masters/1/1ACE8FD8-892A-493D-9C6A-179DFE92E566_4_5005_c.jpeg"
    ],
    "ultima_modificacion": "2025-08-01 01:01:09.839420"
  },
  "181c051c623b4064a842692aeaaedf4e45005c.jpeg": {
    "app_sintetizada": "181C051C623B4064A842692AEAAEDF4E45005C.JPEG",
    "cantidad_archivos": 1,
    "archivos_fuente": [
      "Pictures/Fototeca de Fotos.photoslibrary/resources/derivatives/masters/1/181C051C-623B-4064-A842-692AEAAEDF4E_4_5005_c.jpeg"
    ],
    "ultima_modificacion": "2025-08-01 01:01:09.839813"
  },
  "1c969bce989c4002a453748def03d29345005c.jpeg": {
    "app_sintetizada": "1C969BCE989C4002A453748DEF03D29345005C.JPEG",
    "cantidad_archivos": 1,
    "archivos_fuente": [
      "Pictures/Fototeca de Fotos.photoslibrary/resources/derivatives/masters/1/1C969BCE-989C-4002-A453-748DEF03D293_4_5005_c.jpeg"
    ],
    "ultima_modificacion": "2025-08-01 01:01:09.840084"
  },
  "1e4c037f6a944b55b07b69e274c1e12145005c.jpeg": {
    "app_sintetizada": "1E4C037F6A944B55B07B69E274C1E12145005C.JPEG",
    "cantidad_archivos": 1,
    "archivos_fuente": [
      "Pictures/Fototeca de Fotos.photoslibrary/resources/derivatives/masters/1/1E4C037F-6A94-4B55-B07B-69E274C1E121_4_5005_c.jpeg"
    ],
    "ultima_modificacion": "2025-08-01 01:01:09.840374"
  },
  "128582b82458434dac1364126970998b45005c.jpeg": {
    "app_sintetizada": "128582B82458434DAC1364126970998B45005C.JPEG",
    "cantidad_archivos": 1,
    "archivos_fuente": [
      "Pictures/Fototeca de Fotos.photoslibrary/resources/derivatives/masters/1/128582B8-2458-434D-AC13-64126970998B_4_5005_c.jpeg"
    ],
    "ultima_modificacion": "2025-08-01 01:01:09.840672"
  },
  "19fb967c91a54a40a5b448b7ac08dc8745005c.jpeg": {
    "app_sintetizada": "19FB967C91A54A40A5B448B7AC08DC8745005C.JPEG",
    "cantidad_archivos": 1,
    "archivos_fuente": [
      "Pictures/Fototeca de Fotos.photoslibrary/resources/derivatives/masters/1/19FB967C-91A5-4A40-A5B4-48B7AC08DC87_4_5005_c.jpeg"
    ],
    "ultima_modificacion": "2025-08-01 01:01:09.840965"
  },
  "1356013e7a7a46e2a72a8f06c66431a245005c.jpeg": {
    "app_sintetizada": "1356013E7A7A46E2A72A8F06C66431A245005C.JPEG",
    "cantidad_archivos": 1,
    "archivos_fuente": [
      "Pictures/Fototeca de Fotos.photoslibrary/resources/derivatives/masters/1/1356013E-7A7A-46E2-A72A-8F06C66431A2_4_5005_c.jpeg"
    ],
    "ultima_modificacion": "2025-08-01 01:01:09.841277"
  },
  "106e5704e8c3450a9581a7bceb74a0cc45005c.jpeg": {
    "app_sintetizada": "106E5704E8C3450A9581A7BCEB74A0CC45005C.JPEG",
    "cantidad_archivos": 1,
    "archivos_fuente": [
      "Pictures/Fototeca de Fotos.photoslibrary/resources/derivatives/masters/1/106E5704-E8C3-450A-9581-A7BCEB74A0CC_4_5005_c.jpeg"
    ],
    "ultima_modificacion": "2025-08-01 01:01:09.841595"
  },
  "1022d99e23c54bcdb5ed942e51ef0e4d45005c.jpeg": {
    "app_sintetizada": "1022D99E23C54BCDB5ED942E51EF0E4D45005C.JPEG",
    "cantidad_archivos": 1,
    "archivos_fuente": [
      "Pictures/Fototeca de Fotos.photoslibrary/resources/derivatives/masters/1/1022D99E-23C5-4BCD-B5ED-942E51EF0E4D_4_5005_c.jpeg"
    ],
    "ultima_modificacion": "2025-08-01 01:01:09.841917"
  },
  "19bb0acd18c34fe6923755f95adcb7e545005c.jpeg": {
    "app_sintetizada": "19BB0ACD18C34FE6923755F95ADCB7E545005C.JPEG",
    "cantidad_archivos": 1,
    "archivos_fuente": [
      "Pictures/Fototeca de Fotos.photoslibrary/resources/derivatives/masters/1/19BB0ACD-18C3-4FE6-9237-55F95ADCB7E5_4_5005_c.jpeg"
    ],
    "ultima_modificacion": "2025-08-01 01:01:09.842219"
  },
  "15d498ee25ef4ffe9375224289b90b6545005c.jpeg": {
    "app_sintetizada": "15D498EE25EF4FFE9375224289B90B6545005C.JPEG",
    "cantidad_archivos": 1,
    "archivos_fuente": [
      "Pictures/Fototeca de Fotos.photoslibrary/resources/derivatives/masters/1/15D498EE-25EF-4FFE-9375-224289B90B65_4_5005_c.jpeg"
    ],
    "ultima_modificacion": "2025-08-01 01:01:09.842528"
  },
  "190a5ba1f59542a399ac6d9c5aa8affd45005c.jpeg": {
    "app_sintetizada": "190A5BA1F59542A399AC6D9C5AA8AFFD45005C.JPEG",
    "cantidad_archivos": 1,
    "archivos_fuente": [
      "Pictures/Fototeca de Fotos.photoslibrary/resources/derivatives/masters/1/190A5BA1-F595-42A3-99AC-6D9C5AA8AFFD_4_5005_c.jpeg"
    ],
    "ultima_modificacion": "2025-08-01 01:01:09.842851"
  },
  "1d02d07c8d7847008663606f26095e1c45005c.jpeg": {
    "app_sintetizada": "1D02D07C8D7847008663606F26095E1C45005C.JPEG",
    "cantidad_archivos": 1,
    "archivos_fuente": [
      "Pictures/Fototeca de Fotos.photoslibrary/resources/derivatives/masters/1/1D02D07C-8D78-4700-8663-606F26095E1C_4_5005_c.jpeg"
    ],
    "ultima_modificacion": "2025-08-01 01:01:09.843132"
  },
  "1e06b45b7f6b441aaeb81ff66f4b644b45005c.jpeg": {
    "app_sintetizada": "1E06B45B7F6B441AAEB81FF66F4B644B45005C.JPEG",
    "cantidad_archivos": 1,
    "archivos_fuente": [
      "Pictures/Fototeca de Fotos.photoslibrary/resources/derivatives/masters/1/1E06B45B-7F6B-441A-AEB8-1FF66F4B644B_4_5005_c.jpeg"
    ],
    "ultima_modificacion": "2025-08-01 01:01:09.843417"
  },
  "182c0e8d327b4498a8a520cd63ba69c445005c.jpeg": {
    "app_sintetizada": "182C0E8D327B4498A8A520CD63BA69C445005C.JPEG",
    "cantidad_archivos": 1,
    "archivos_fuente": [
      "Pictures/Fototeca de Fotos.photoslibrary/resources/derivatives/masters/1/182C0E8D-327B-4498-A8A5-20CD63BA69C4_4_5005_c.jpeg"
    ],
    "ultima_modificacion": "2025-08-01 01:01:09.843696"
  },
  "19a21f7b7798402d83abf977b1aaead245005c.jpeg": {
    "app_sintetizada": "19A21F7B7798402D83ABF977B1AAEAD245005C.JPEG",
    "cantidad_archivos": 1,
    "archivos_fuente": [
      "Pictures/Fototeca de Fotos.photoslibrary/resources/derivatives/masters/1/19A21F7B-7798-402D-83AB-F977B1AAEAD2_4_5005_c.jpeg"
    ],
    "ultima_modificacion": "2025-08-01 01:01:09.843989"
  },
  "16c51c352fbc466abfcd632e119be81a45005c.jpeg": {
    "app_sintetizada": "16C51C352FBC466ABFCD632E119BE81A45005C.JPEG",
    "cantidad_archivos": 1,
    "archivos_fuente": [
      "Pictures/Fototeca de Fotos.photoslibrary/resources/derivatives/masters/1/16C51C35-2FBC-466A-BFCD-632E119BE81A_4_5005_c.jpeg"
    ],
    "ultima_modificacion": "2025-08-01 01:01:09.844280"
  },
  "1d06d13df46447bc8f24e28f0e69806945005c.jpeg": {
    "app_sintetizada": "1D06D13DF46447BC8F24E28F0E69806945005C.JPEG",
    "cantidad_archivos": 1,
    "archivos_fuente": [
      "Pictures/Fototeca de Fotos.photoslibrary/resources/derivatives/masters/1/1D06D13D-F464-47BC-8F24-E28F0E698069_4_5005_c.jpeg"
    ],
    "ultima_modificacion": "2025-08-01 01:01:09.844591"
  },
  "1baadae05f884a90985584fa9cf5699045005c.jpeg": {
    "app_sintetizada": "1BAADAE05F884A90985584FA9CF5699045005C.JPEG",
    "cantidad_archivos": 1,
    "archivos_fuente": [
      "Pictures/Fototeca de Fotos.photoslibrary/resources/derivatives/masters/1/1BAADAE0-5F88-4A90-9855-84FA9CF56990_4_5005_c.jpeg"
    ],
    "ultima_modificacion": "2025-08-01 01:01:09.844888"
  },
  "1296206077a548e0ae6a39d945123b5a45005c.jpeg": {
    "app_sintetizada": "1296206077A548E0AE6A39D945123B5A45005C.JPEG",
    "cantidad_archivos": 1,
    "archivos_fuente": [
      "Pictures/Fototeca de Fotos.photoslibrary/resources/derivatives/masters/1/12962060-77A5-48E0-AE6A-39D945123B5A_4_5005_c.jpeg"
    ],
    "ultima_modificacion": "2025-08-01 01:01:09.845184"
  },
  "1673838c1c244126a759340056dbd16945005c.jpeg": {
    "app_sintetizada": "1673838C1C244126A759340056DBD16945005C.JPEG",
    "cantidad_archivos": 1,
    "archivos_fuente": [
      "Pictures/Fototeca de Fotos.photoslibrary/resources/derivatives/masters/1/1673838C-1C24-4126-A759-340056DBD169_4_5005_c.jpeg"
    ],
    "ultima_modificacion": "2025-08-01 01:01:09.845502"
  },
  "1e9369a1704b483e93b08b5aa2734ef745005c.jpeg": {
    "app_sintetizada": "1E9369A1704B483E93B08B5AA2734EF745005C.JPEG",
    "cantidad_archivos": 1,
    "archivos_fuente": [
      "Pictures/Fototeca de Fotos.photoslibrary/resources/derivatives/masters/1/1E9369A1-704B-483E-93B0-8B5AA2734EF7_4_5005_c.jpeg"
    ],
    "ultima_modificacion": "2025-08-01 01:01:09.845803"
  },
  "17a415cd483e4c86a5d6fbbbb6a69daa45005c.jpeg": {
    "app_sintetizada": "17A415CD483E4C86A5D6FBBBB6A69DAA45005C.JPEG",
    "cantidad_archivos": 1,
    "archivos_fuente": [
      "Pictures/Fototeca de Fotos.photoslibrary/resources/derivatives/masters/1/17A415CD-483E-4C86-A5D6-FBBBB6A69DAA_4_5005_c.jpeg"
    ],
    "ultima_modificacion": "2025-08-01 01:01:09.846146"
  },
  "10d4dc498cbd44628361a8d8dd9f07b545005c.jpeg": {
    "app_sintetizada": "10D4DC498CBD44628361A8D8DD9F07B545005C.JPEG",
    "cantidad_archivos": 1,
    "archivos_fuente": [
      "Pictures/Fototeca de Fotos.photoslibrary/resources/derivatives/masters/1/10D4DC49-8CBD-4462-8361-A8D8DD9F07B5_4_5005_c.jpeg"
    ],
    "ultima_modificacion": "2025-08-01 01:01:09.846440"
  },
  "120d902fec2749d189529e73c488399e45005c.jpeg": {
    "app_sintetizada": "120D902FEC2749D189529E73C488399E45005C.JPEG",
    "cantidad_archivos": 1,
    "archivos_fuente": [
      "Pictures/Fototeca de Fotos.photoslibrary/resources/derivatives/masters/1/120D902F-EC27-49D1-8952-9E73C488399E_4_5005_c.jpeg"
    ],
    "ultima_modificacion": "2025-08-01 01:01:09.846742"
  },
  "1fcaed2d992d4473bd22825eec7a362845005c.jpeg": {
    "app_sintetizada": "1FCAED2D992D4473BD22825EEC7A362845005C.JPEG",
    "cantidad_archivos": 1,
    "archivos_fuente": [
      "Pictures/Fototeca de Fotos.photoslibrary/resources/derivatives/masters/1/1FCAED2D-992D-4473-BD22-825EEC7A3628_4_5005_c.jpeg"
    ],
    "ultima_modificacion": "2025-08-01 01:01:09.847057"
  },
  "15a46929324d4cc8b9d9dee8669cc74645005c.jpeg": {
    "app_sintetizada": "15A46929324D4CC8B9D9DEE8669CC74645005C.JPEG",
    "cantidad_archivos": 1,
    "archivos_fuente": [
      "Pictures/Fototeca de Fotos.photoslibrary/resources/derivatives/masters/1/15A46929-324D-4CC8-B9D9-DEE8669CC746_4_5005_c.jpeg"
    ],
    "ultima_modificacion": "2025-08-01 01:01:09.847339"
  },
  "1dd3937fffb14b9dafa7c6fca46e695845005c.jpeg": {
    "app_sintetizada": "1DD3937FFFB14B9DAFA7C6FCA46E695845005C.JPEG",
    "cantidad_archivos": 1,
    "archivos_fuente": [
      "Pictures/Fototeca de Fotos.photoslibrary/resources/derivatives/masters/1/1DD3937F-FFB1-4B9D-AFA7-C6FCA46E6958_4_5005_c.jpeg"
    ],
    "ultima_modificacion": "2025-08-01 01:01:09.847649"
  },
  "198da93398634709aeb90aa7c14ba5b145005c.jpeg": {
    "app_sintetizada": "198DA93398634709AEB90AA7C14BA5B145005C.JPEG",
    "cantidad_archivos": 1,
    "archivos_fuente": [
      "Pictures/Fototeca de Fotos.photoslibrary/resources/derivatives/masters/1/198DA933-9863-4709-AEB9-0AA7C14BA5B1_4_5005_c.jpeg"
    ],
    "ultima_modificacion": "2025-08-01 01:01:09.847972"
  },
  "185ecd0776d7476e8420a73de7ae304045005c.jpeg": {
    "app_sintetizada": "185ECD0776D7476E8420A73DE7AE304045005C.JPEG",
    "cantidad_archivos": 1,
    "archivos_fuente": [
      "Pictures/Fototeca de Fotos.photoslibrary/resources/derivatives/masters/1/185ECD07-76D7-476E-8420-A73DE7AE3040_4_5005_c.jpeg"
    ],
    "ultima_modificacion": "2025-08-01 01:01:09.848307"
  },
  "11e4ae71b6204a1ab21212985cbfbc3b45005c.jpeg": {
    "app_sintetizada": "11E4AE71B6204A1AB21212985CBFBC3B45005C.JPEG",
    "cantidad_archivos": 1,
    "archivos_fuente": [
      "Pictures/Fototeca de Fotos.photoslibrary/resources/derivatives/masters/1/11E4AE71-B620-4A1A-B212-12985CBFBC3B_4_5005_c.jpeg"
    ],
    "ultima_modificacion": "2025-08-01 01:01:09.848625"
  },
  "15c3ba066b334c9c8c7053d77de6b03245005c.jpeg": {
    "app_sintetizada": "15C3BA066B334C9C8C7053D77DE6B03245005C.JPEG",
    "cantidad_archivos": 1,
    "archivos_fuente": [
      "Pictures/Fototeca de Fotos.photoslibrary/resources/derivatives/masters/1/15C3BA06-6B33-4C9C-8C70-53D77DE6B032_4_5005_c.jpeg"
    ],
    "ultima_modificacion": "2025-08-01 01:01:09.848949"
  },
  "14061b0fff584ee787cd8b073a6cbad645005c.jpeg": {
    "app_sintetizada": "14061B0FFF584EE787CD8B073A6CBAD645005C.JPEG",
    "cantidad_archivos": 1,
    "archivos_fuente": [
      "Pictures/Fototeca de Fotos.photoslibrary/resources/derivatives/masters/1/14061B0F-FF58-4EE7-87CD-8B073A6CBAD6_4_5005_c.jpeg"
    ],
    "ultima_modificacion": "2025-08-01 01:01:09.849258"
  },
  "12e00ca0dd0243b0be761a45f0555fd445005c.jpeg": {
    "app_sintetizada": "12E00CA0DD0243B0BE761A45F0555FD445005C.JPEG",
    "cantidad_archivos": 1,
    "archivos_fuente": [
      "Pictures/Fototeca de Fotos.photoslibrary/resources/derivatives/masters/1/12E00CA0-DD02-43B0-BE76-1A45F0555FD4_4_5005_c.jpeg"
    ],
    "ultima_modificacion": "2025-08-01 01:01:09.849578"
  },
  "1633fe61d6454b198b485044fdbae48c45005c.jpeg": {
    "app_sintetizada": "1633FE61D6454B198B485044FDBAE48C45005C.JPEG",
    "cantidad_archivos": 1,
    "archivos_fuente": [
      "Pictures/Fototeca de Fotos.photoslibrary/resources/derivatives/masters/1/1633FE61-D645-4B19-8B48-5044FDBAE48C_4_5005_c.jpeg"
    ],
    "ultima_modificacion": "2025-08-01 01:01:09.849900"
  },
  "16e3de32f1a24962887d3e1982bbd54c45005c.jpeg": {
    "app_sintetizada": "16E3DE32F1A24962887D3E1982BBD54C45005C.JPEG",
    "cantidad_archivos": 1,
    "archivos_fuente": [
      "Pictures/Fototeca de Fotos.photoslibrary/resources/derivatives/masters/1/16E3DE32-F1A2-4962-887D-3E1982BBD54C_4_5005_c.jpeg"
    ],
    "ultima_modificacion": "2025-08-01 01:01:09.850242"
  },
  "1cadaecc7e7d4f9dab9f9d214efeab2845005c.jpeg": {
    "app_sintetizada": "1CADAECC7E7D4F9DAB9F9D214EFEAB2845005C.JPEG",
    "cantidad_archivos": 1,
    "archivos_fuente": [
      "Pictures/Fototeca de Fotos.photoslibrary/resources/derivatives/masters/1/1CADAECC-7E7D-4F9D-AB9F-9D214EFEAB28_4_5005_c.jpeg"
    ],
    "ultima_modificacion": "2025-08-01 01:01:09.850563"
  },
  "11f654ef272340378564bac2d8435cff45005c.jpeg": {
    "app_sintetizada": "11F654EF272340378564BAC2D8435CFF45005C.JPEG",
    "cantidad_archivos": 1,
    "archivos_fuente": [
      "Pictures/Fototeca de Fotos.photoslibrary/resources/derivatives/masters/1/11F654EF-2723-4037-8564-BAC2D8435CFF_4_5005_c.jpeg"
    ],
    "ultima_modificacion": "2025-08-01 01:01:09.850887"
  },
  "190105839ede4ba9bb05552540da7fb245005c.jpeg": {
    "app_sintetizada": "190105839EDE4BA9BB05552540DA7FB245005C.JPEG",
    "cantidad_archivos": 1,
    "archivos_fuente": [
      "Pictures/Fototeca de Fotos.photoslibrary/resources/derivatives/masters/1/19010583-9EDE-4BA9-BB05-552540DA7FB2_4_5005_c.jpeg"
    ],
    "ultima_modificacion": "2025-08-01 01:01:09.851191"
  },
  "12864b6589464f248ce4d6009892632445005c.jpeg": {
    "app_sintetizada": "12864B6589464F248CE4D6009892632445005C.JPEG",
    "cantidad_archivos": 1,
    "archivos_fuente": [
      "Pictures/Fototeca de Fotos.photoslibrary/resources/derivatives/masters/1/12864B65-8946-4F24-8CE4-D60098926324_4_5005_c.jpeg"
    ],
    "ultima_modificacion": "2025-08-01 01:01:09.851513"
  },
  "160ccc2297e44bb893f410d4217693bb45005c.jpeg": {
    "app_sintetizada": "160CCC2297E44BB893F410D4217693BB45005C.JPEG",
    "cantidad_archivos": 1,
    "archivos_fuente": [
      "Pictures/Fototeca de Fotos.photoslibrary/resources/derivatives/masters/1/160CCC22-97E4-4BB8-93F4-10D4217693BB_4_5005_c.jpeg"
    ],
    "ultima_modificacion": "2025-08-01 01:01:09.851823"
  },
  "1d2fd93fd3f34f4c90942a4fe547f71545005c.jpeg": {
    "app_sintetizada": "1D2FD93FD3F34F4C90942A4FE547F71545005C.JPEG",
    "cantidad_archivos": 1,
    "archivos_fuente": [
      "Pictures/Fototeca de Fotos.photoslibrary/resources/derivatives/masters/1/1D2FD93F-D3F3-4F4C-9094-2A4FE547F715_4_5005_c.jpeg"
    ],
    "ultima_modificacion": "2025-08-01 01:01:09.852127"
  },
  "1fae3cf0fcdf4973ae7256651d629e2345005c.jpeg": {
    "app_sintetizada": "1FAE3CF0FCDF4973AE7256651D629E2345005C.JPEG",
    "cantidad_archivos": 1,
    "archivos_fuente": [
      "Pictures/Fototeca de Fotos.photoslibrary/resources/derivatives/masters/1/1FAE3CF0-FCDF-4973-AE72-56651D629E23_4_5005_c.jpeg"
    ],
    "ultima_modificacion": "2025-08-01 01:01:09.852438"
  },
  "1eb7e3f28e0940d59d6093d4fe7aa8a745005c.jpeg": {
    "app_sintetizada": "1EB7E3F28E0940D59D6093D4FE7AA8A745005C.JPEG",
    "cantidad_archivos": 1,
    "archivos_fuente": [
      "Pictures/Fototeca de Fotos.photoslibrary/resources/derivatives/masters/1/1EB7E3F2-8E09-40D5-9D60-93D4FE7AA8A7_4_5005_c.jpeg"
    ],
    "ultima_modificacion": "2025-08-01 01:01:09.852750"
  },
  "1db6a8b14d884fe6bc57c75dd179ce4845005c.jpeg": {
    "app_sintetizada": "1DB6A8B14D884FE6BC57C75DD179CE4845005C.JPEG",
    "cantidad_archivos": 1,
    "archivos_fuente": [
      "Pictures/Fototeca de Fotos.photoslibrary/resources/derivatives/masters/1/1DB6A8B1-4D88-4FE6-BC57-C75DD179CE48_4_5005_c.jpeg"
    ],
    "ultima_modificacion": "2025-08-01 01:01:09.853037"
  },
  "1fadb526544b47b9be779c1c3324a6c145005c.jpeg": {
    "app_sintetizada": "1FADB526544B47B9BE779C1C3324A6C145005C.JPEG",
    "cantidad_archivos": 1,
    "archivos_fuente": [
      "Pictures/Fototeca de Fotos.photoslibrary/resources/derivatives/masters/1/1FADB526-544B-47B9-BE77-9C1C3324A6C1_4_5005_c.jpeg"
    ],
    "ultima_modificacion": "2025-08-01 01:01:09.853330"
  },
  "1b7886123fb84ae689ff1e77983da1cb45005c.jpeg": {
    "app_sintetizada": "1B7886123FB84AE689FF1E77983DA1CB45005C.JPEG",
    "cantidad_archivos": 1,
    "archivos_fuente": [
      "Pictures/Fototeca de Fotos.photoslibrary/resources/derivatives/masters/1/1B788612-3FB8-4AE6-89FF-1E77983DA1CB_4_5005_c.jpeg"
    ],
    "ultima_modificacion": "2025-08-01 01:01:09.853629"
  },
  "1a6ae9de89dc41868829cfdfa66b9d2745005c.jpeg": {
    "app_sintetizada": "1A6AE9DE89DC41868829CFDFA66B9D2745005C.JPEG",
    "cantidad_archivos": 1,
    "archivos_fuente": [
      "Pictures/Fototeca de Fotos.photoslibrary/resources/derivatives/masters/1/1A6AE9DE-89DC-4186-8829-CFDFA66B9D27_4_5005_c.jpeg"
    ],
    "ultima_modificacion": "2025-08-01 01:01:09.854043"
  },
  "1e998c8d1ca94ea2b431677d7ed5b7d145005c.jpeg": {
    "app_sintetizada": "1E998C8D1CA94EA2B431677D7ED5B7D145005C.JPEG",
    "cantidad_archivos": 1,
    "archivos_fuente": [
      "Pictures/Fototeca de Fotos.photoslibrary/resources/derivatives/masters/1/1E998C8D-1CA9-4EA2-B431-677D7ED5B7D1_4_5005_c.jpeg"
    ],
    "ultima_modificacion": "2025-08-01 01:01:09.854395"
  },
  "188883306e1845a99db11f360d5707f845005c.jpeg": {
    "app_sintetizada": "188883306E1845A99DB11F360D5707F845005C.JPEG",
    "cantidad_archivos": 1,
    "archivos_fuente": [
      "Pictures/Fototeca de Fotos.photoslibrary/resources/derivatives/masters/1/18888330-6E18-45A9-9DB1-1F360D5707F8_4_5005_c.jpeg"
    ],
    "ultima_modificacion": "2025-08-01 01:01:09.854718"
  },
  "170e3b419f324d80ba21757ab9f706ed45005c.jpeg": {
    "app_sintetizada": "170E3B419F324D80BA21757AB9F706ED45005C.JPEG",
    "cantidad_archivos": 1,
    "archivos_fuente": [
      "Pictures/Fototeca de Fotos.photoslibrary/resources/derivatives/masters/1/170E3B41-9F32-4D80-BA21-757AB9F706ED_4_5005_c.jpeg"
    ],
    "ultima_modificacion": "2025-08-01 01:01:09.855052"
  },
  "1ea81162f06b4cdf90a09934e0a83f8845005c.jpeg": {
    "app_sintetizada": "1EA81162F06B4CDF90A09934E0A83F8845005C.JPEG",
    "cantidad_archivos": 1,
    "archivos_fuente": [
      "Pictures/Fototeca de Fotos.photoslibrary/resources/derivatives/masters/1/1EA81162-F06B-4CDF-90A0-9934E0A83F88_4_5005_c.jpeg"
    ],
    "ultima_modificacion": "2025-08-01 01:01:09.855411"
  },
  "1973bc1d20504a6e97660a6bc6fb3bb745005c.jpeg": {
    "app_sintetizada": "1973BC1D20504A6E97660A6BC6FB3BB745005C.JPEG",
    "cantidad_archivos": 1,
    "archivos_fuente": [
      "Pictures/Fototeca de Fotos.photoslibrary/resources/derivatives/masters/1/1973BC1D-2050-4A6E-9766-0A6BC6FB3BB7_4_5005_c.jpeg"
    ],
    "ultima_modificacion": "2025-08-01 01:01:09.855775"
  },
  "1cac86abadc94ddd840909f783a44c9f45005c.jpeg": {
    "app_sintetizada": "1CAC86ABADC94DDD840909F783A44C9F45005C.JPEG",
    "cantidad_archivos": 1,
    "archivos_fuente": [
      "Pictures/Fototeca de Fotos.photoslibrary/resources/derivatives/masters/1/1CAC86AB-ADC9-4DDD-8409-09F783A44C9F_4_5005_c.jpeg"
    ],
    "ultima_modificacion": "2025-08-01 01:01:09.856117"
  },
  "1867b976a03e4cae869b8bf5dbad430e45005c.jpeg": {
    "app_sintetizada": "1867B976A03E4CAE869B8BF5DBAD430E45005C.JPEG",
    "cantidad_archivos": 1,
    "archivos_fuente": [
      "Pictures/Fototeca de Fotos.photoslibrary/resources/derivatives/masters/1/1867B976-A03E-4CAE-869B-8BF5DBAD430E_4_5005_c.jpeg"
    ],
    "ultima_modificacion": "2025-08-01 01:01:09.856452"
  },
  "17c2be335f2c4cce8d86f6e77b4c3d5545005c.jpeg": {
    "app_sintetizada": "17C2BE335F2C4CCE8D86F6E77B4C3D5545005C.JPEG",
    "cantidad_archivos": 1,
    "archivos_fuente": [
      "Pictures/Fototeca de Fotos.photoslibrary/resources/derivatives/masters/1/17C2BE33-5F2C-4CCE-8D86-F6E77B4C3D55_4_5005_c.jpeg"
    ],
    "ultima_modificacion": "2025-08-01 01:01:09.856775"
  },
  "15001cbf42cb42b5bd4d6f30a18931a645005c.jpeg": {
    "app_sintetizada": "15001CBF42CB42B5BD4D6F30A18931A645005C.JPEG",
    "cantidad_archivos": 1,
    "archivos_fuente": [
      "Pictures/Fototeca de Fotos.photoslibrary/resources/derivatives/masters/1/15001CBF-42CB-42B5-BD4D-6F30A18931A6_4_5005_c.jpeg"
    ],
    "ultima_modificacion": "2025-08-01 01:01:09.857081"
  },
  "16acb8f02ba64691874b035656d966df45005c.jpeg": {
    "app_sintetizada": "16ACB8F02BA64691874B035656D966DF45005C.JPEG",
    "cantidad_archivos": 1,
    "archivos_fuente": [
      "Pictures/Fototeca de Fotos.photoslibrary/resources/derivatives/masters/1/16ACB8F0-2BA6-4691-874B-035656D966DF_4_5005_c.jpeg"
    ],
    "ultima_modificacion": "2025-08-01 01:01:09.857423"
  },
  "138f84453f284c588d96f1583b201a6145005c.jpeg": {
    "app_sintetizada": "138F84453F284C588D96F1583B201A6145005C.JPEG",
    "cantidad_archivos": 1,
    "archivos_fuente": [
      "Pictures/Fototeca de Fotos.photoslibrary/resources/derivatives/masters/1/138F8445-3F28-4C58-8D96-F1583B201A61_4_5005_c.jpeg"
    ],
    "ultima_modificacion": "2025-08-01 01:01:09.857720"
  },
  "1ffd34990e8049019ca7d04ec333562145005c.jpeg": {
    "app_sintetizada": "1FFD34990E8049019CA7D04EC333562145005C.JPEG",
    "cantidad_archivos": 1,
    "archivos_fuente": [
      "Pictures/Fototeca de Fotos.photoslibrary/resources/derivatives/masters/1/1FFD3499-0E80-4901-9CA7-D04EC3335621_4_5005_c.jpeg"
    ],
    "ultima_modificacion": "2025-08-01 01:01:09.858028"
  },
  "136efc8ba0d34ef2ba1cba6e3eee7f3345005c.jpeg": {
    "app_sintetizada": "136EFC8BA0D34EF2BA1CBA6E3EEE7F3345005C.JPEG",
    "cantidad_archivos": 1,
    "archivos_fuente": [
      "Pictures/Fototeca de Fotos.photoslibrary/resources/derivatives/masters/1/136EFC8B-A0D3-4EF2-BA1C-BA6E3EEE7F33_4_5005_c.jpeg"
    ],
    "ultima_modificacion": "2025-08-01 01:01:09.858345"
  },
  "19db8a78c9994cbb8ca8015bffaa982845005c.jpeg": {
    "app_sintetizada": "19DB8A78C9994CBB8CA8015BFFAA982845005C.JPEG",
    "cantidad_archivos": 1,
    "archivos_fuente": [
      "Pictures/Fototeca de Fotos.photoslibrary/resources/derivatives/masters/1/19DB8A78-C999-4CBB-8CA8-015BFFAA9828_4_5005_c.jpeg"
    ],
    "ultima_modificacion": "2025-08-01 01:01:09.858655"
  },
  "16ee7281156943978c4577978356b94245005c.jpeg": {
    "app_sintetizada": "16EE7281156943978C4577978356B94245005C.JPEG",
    "cantidad_archivos": 1,
    "archivos_fuente": [
      "Pictures/Fototeca de Fotos.photoslibrary/resources/derivatives/masters/1/16EE7281-1569-4397-8C45-77978356B942_4_5005_c.jpeg"
    ],
    "ultima_modificacion": "2025-08-01 01:01:09.858954"
  },
  "133c6eb4b7fb4b9ea4c11f381a218f0a45005c.jpeg": {
    "app_sintetizada": "133C6EB4B7FB4B9EA4C11F381A218F0A45005C.JPEG",
    "cantidad_archivos": 1,
    "archivos_fuente": [
      "Pictures/Fototeca de Fotos.photoslibrary/resources/derivatives/masters/1/133C6EB4-B7FB-4B9E-A4C1-1F381A218F0A_4_5005_c.jpeg"
    ],
    "ultima_modificacion": "2025-08-01 01:01:09.859244"
  },
  "134c696e3f524ac9afb9a157bd549fa045005c.jpeg": {
    "app_sintetizada": "134C696E3F524AC9AFB9A157BD549FA045005C.JPEG",
    "cantidad_archivos": 1,
    "archivos_fuente": [
      "Pictures/Fototeca de Fotos.photoslibrary/resources/derivatives/masters/1/134C696E-3F52-4AC9-AFB9-A157BD549FA0_4_5005_c.jpeg"
    ],
    "ultima_modificacion": "2025-08-01 01:01:09.859535"
  },
  "13bb1558a6a9440d905743195df6ae2d45005c.jpeg": {
    "app_sintetizada": "13BB1558A6A9440D905743195DF6AE2D45005C.JPEG",
    "cantidad_archivos": 1,
    "archivos_fuente": [
      "Pictures/Fototeca de Fotos.photoslibrary/resources/derivatives/masters/1/13BB1558-A6A9-440D-9057-43195DF6AE2D_4_5005_c.jpeg"
    ],
    "ultima_modificacion": "2025-08-01 01:01:09.859829"
  },
  "1dd2cfa09e624c56a7dffd6dab8cdbd345005c.jpeg": {
    "app_sintetizada": "1DD2CFA09E624C56A7DFFD6DAB8CDBD345005C.JPEG",
    "cantidad_archivos": 1,
    "archivos_fuente": [
      "Pictures/Fototeca de Fotos.photoslibrary/resources/derivatives/masters/1/1DD2CFA0-9E62-4C56-A7DF-FD6DAB8CDBD3_4_5005_c.jpeg"
    ],
    "ultima_modificacion": "2025-08-01 01:01:09.860164"
  },
  "1ba0981f1477400c96603cb20d72e60e45005c.jpeg": {
    "app_sintetizada": "1BA0981F1477400C96603CB20D72E60E45005C.JPEG",
    "cantidad_archivos": 1,
    "archivos_fuente": [
      "Pictures/Fototeca de Fotos.photoslibrary/resources/derivatives/masters/1/1BA0981F-1477-400C-9660-3CB20D72E60E_4_5005_c.jpeg"
    ],
    "ultima_modificacion": "2025-08-01 01:01:09.860508"
  },
  "18721d9bb9594ec684587972df56f27d45005c.jpeg": {
    "app_sintetizada": "18721D9BB9594EC684587972DF56F27D45005C.JPEG",
    "cantidad_archivos": 1,
    "archivos_fuente": [
      "Pictures/Fototeca de Fotos.photoslibrary/resources/derivatives/masters/1/18721D9B-B959-4EC6-8458-7972DF56F27D_4_5005_c.jpeg"
    ],
    "ultima_modificacion": "2025-08-01 01:01:09.860899"
  },
  "1d572e2849fb446586ea539edec399a345005c.jpeg": {
    "app_sintetizada": "1D572E2849FB446586EA539EDEC399A345005C.JPEG",
    "cantidad_archivos": 1,
    "archivos_fuente": [
      "Pictures/Fototeca de Fotos.photoslibrary/resources/derivatives/masters/1/1D572E28-49FB-4465-86EA-539EDEC399A3_4_5005_c.jpeg"
    ],
    "ultima_modificacion": "2025-08-01 01:01:09.861251"
  },
  "149e053e1f6047d8ad86fd37e962ccd145005c.jpeg": {
    "app_sintetizada": "149E053E1F6047D8AD86FD37E962CCD145005C.JPEG",
    "cantidad_archivos": 1,
    "archivos_fuente": [
      "Pictures/Fototeca de Fotos.photoslibrary/resources/derivatives/masters/1/149E053E-1F60-47D8-AD86-FD37E962CCD1_4_5005_c.jpeg"
    ],
    "ultima_modificacion": "2025-08-01 01:01:09.861609"
  },
  "1b74619227054d1ea32cf1cff0dd753d45005c.jpeg": {
    "app_sintetizada": "1B74619227054D1EA32CF1CFF0DD753D45005C.JPEG",
    "cantidad_archivos": 1,
    "archivos_fuente": [
      "Pictures/Fototeca de Fotos.photoslibrary/resources/derivatives/masters/1/1B746192-2705-4D1E-A32C-F1CFF0DD753D_4_5005_c.jpeg"
    ],
    "ultima_modificacion": "2025-08-01 01:01:09.861999"
  },
  "10256bfc9f5146e5a80781074bf258f145005c.jpeg": {
    "app_sintetizada": "10256BFC9F5146E5A80781074BF258F145005C.JPEG",
    "cantidad_archivos": 1,
    "archivos_fuente": [
      "Pictures/Fototeca de Fotos.photoslibrary/resources/derivatives/masters/1/10256BFC-9F51-46E5-A807-81074BF258F1_4_5005_c.jpeg"
    ],
    "ultima_modificacion": "2025-08-01 01:01:09.862363"
  },
  "13c8e75538c64e0497a29c298e56a92e45005c.jpeg": {
    "app_sintetizada": "13C8E75538C64E0497A29C298E56A92E45005C.JPEG",
    "cantidad_archivos": 1,
    "archivos_fuente": [
      "Pictures/Fototeca de Fotos.photoslibrary/resources/derivatives/masters/1/13C8E755-38C6-4E04-97A2-9C298E56A92E_4_5005_c.jpeg"
    ],
    "ultima_modificacion": "2025-08-01 01:01:09.862645"
  },
  "1824574296c5483cad17fe2405846ea945005c.jpeg": {
    "app_sintetizada": "1824574296C5483CAD17FE2405846EA945005C.JPEG",
    "cantidad_archivos": 1,
    "archivos_fuente": [
      "Pictures/Fototeca de Fotos.photoslibrary/resources/derivatives/masters/1/18245742-96C5-483C-AD17-FE2405846EA9_4_5005_c.jpeg"
    ],
    "ultima_modificacion": "2025-08-01 01:01:09.862971"
  },
  "1f864298a0404d51b4166cfb1eb88a7c45005c.jpeg": {
    "app_sintetizada": "1F864298A0404D51B4166CFB1EB88A7C45005C.JPEG",
    "cantidad_archivos": 1,
    "archivos_fuente": [
      "Pictures/Fototeca de Fotos.photoslibrary/resources/derivatives/masters/1/1F864298-A040-4D51-B416-6CFB1EB88A7C_4_5005_c.jpeg"
    ],
    "ultima_modificacion": "2025-08-01 01:01:09.863330"
  },
  "144caa54d0fc43308262857326a6d7d245005c.jpeg": {
    "app_sintetizada": "144CAA54D0FC43308262857326A6D7D245005C.JPEG",
    "cantidad_archivos": 1,
    "archivos_fuente": [
      "Pictures/Fototeca de Fotos.photoslibrary/resources/derivatives/masters/1/144CAA54-D0FC-4330-8262-857326A6D7D2_4_5005_c.jpeg"
    ],
    "ultima_modificacion": "2025-08-01 01:01:09.863692"
  },
  "132ccd18062648e88924438cb5602bd645005c.jpeg": {
    "app_sintetizada": "132CCD18062648E88924438CB5602BD645005C.JPEG",
    "cantidad_archivos": 1,
    "archivos_fuente": [
      "Pictures/Fototeca de Fotos.photoslibrary/resources/derivatives/masters/1/132CCD18-0626-48E8-8924-438CB5602BD6_4_5005_c.jpeg"
    ],
    "ultima_modificacion": "2025-08-01 01:01:09.863966"
  },
  "15bc1adf4ce1430f90c1a645b008115d45005c.jpeg": {
    "app_sintetizada": "15BC1ADF4CE1430F90C1A645B008115D45005C.JPEG",
    "cantidad_archivos": 1,
    "archivos_fuente": [
      "Pictures/Fototeca de Fotos.photoslibrary/resources/derivatives/masters/1/15BC1ADF-4CE1-430F-90C1-A645B008115D_4_5005_c.jpeg"
    ],
    "ultima_modificacion": "2025-08-01 01:01:09.864341"
  },
  "1d0e3a7047cd4370a9ee95d3d160920c45005c.jpeg": {
    "app_sintetizada": "1D0E3A7047CD4370A9EE95D3D160920C45005C.JPEG",
    "cantidad_archivos": 1,
    "archivos_fuente": [
      "Pictures/Fototeca de Fotos.photoslibrary/resources/derivatives/masters/1/1D0E3A70-47CD-4370-A9EE-95D3D160920C_4_5005_c.jpeg"
    ],
    "ultima_modificacion": "2025-08-01 01:01:09.864591"
  },
  "1af0d3e76141443a9bebaa9b5cebee3845005c.jpeg": {
    "app_sintetizada": "1AF0D3E76141443A9BEBAA9B5CEBEE3845005C.JPEG",
    "cantidad_archivos": 1,
    "archivos_fuente": [
      "Pictures/Fototeca de Fotos.photoslibrary/resources/derivatives/masters/1/1AF0D3E7-6141-443A-9BEB-AA9B5CEBEE38_4_5005_c.jpeg"
    ],
    "ultima_modificacion": "2025-08-01 01:01:09.864962"
  },
  "1f5a1acbd3e242889b986cd9ec20095d45005c.jpeg": {
    "app_sintetizada": "1F5A1ACBD3E242889B986CD9EC20095D45005C.JPEG",
    "cantidad_archivos": 1,
    "archivos_fuente": [
      "Pictures/Fototeca de Fotos.photoslibrary/resources/derivatives/masters/1/1F5A1ACB-D3E2-4288-9B98-6CD9EC20095D_4_5005_c.jpeg"
    ],
    "ultima_modificacion": "2025-08-01 01:01:09.865195"
  },
  "1278611fb0704e078f691fe416b161d745005c.jpeg": {
    "app_sintetizada": "1278611FB0704E078F691FE416B161D745005C.JPEG",
    "cantidad_archivos": 1,
    "archivos_fuente": [
      "Pictures/Fototeca de Fotos.photoslibrary/resources/derivatives/masters/1/1278611F-B070-4E07-8F69-1FE416B161D7_4_5005_c.jpeg"
    ],
    "ultima_modificacion": "2025-08-01 01:01:09.865428"
  }
}