{
  "fc1e1f26b1bb4698a1da304181b0ec9b45005c.jpeg": {
    "app_sintetizada": "FC1E1F26B1BB4698A1DA304181B0EC9B45005C.JPEG",
    "cantidad_archivos": 1,
    "archivos_fuente": [
      "Pictures/Fototeca de Fotos.photoslibrary/resources/derivatives/masters/F/FC1E1F26-B1BB-4698-A1DA-304181B0EC9B_4_5005_c.jpeg"
    ],
    "ultima_modificacion": "2025-08-01 01:01:12.339921"
  },
  "f5654f067d0a4c609438163c0a45fec045005c.jpeg": {
    "app_sintetizada": "F5654F067D0A4C609438163C0A45FEC045005C.JPEG",
    "cantidad_archivos": 1,
    "archivos_fuente": [
      "Pictures/Fototeca de Fotos.photoslibrary/resources/derivatives/masters/F/F5654F06-7D0A-4C60-9438-163C0A45FEC0_4_5005_c.jpeg"
    ],
    "ultima_modificacion": "2025-08-01 01:01:12.340253"
  },
  "fd3e8250c4eb42cd8a052a858046b27245005c.jpeg": {
    "app_sintetizada": "FD3E8250C4EB42CD8A052A858046B27245005C.JPEG",
    "cantidad_archivos": 1,
    "archivos_fuente": [
      "Pictures/Fototeca de Fotos.photoslibrary/resources/derivatives/masters/F/FD3E8250-C4EB-42CD-8A05-2A858046B272_4_5005_c.jpeg"
    ],
    "ultima_modificacion": "2025-08-01 01:01:12.340537"
  },
  "f3b7d9f2da9b44828d46933c20e9b4ff45005c.jpeg": {
    "app_sintetizada": "F3B7D9F2DA9B44828D46933C20E9B4FF45005C.JPEG",
    "cantidad_archivos": 1,
    "archivos_fuente": [
      "Pictures/Fototeca de Fotos.photoslibrary/resources/derivatives/masters/F/F3B7D9F2-DA9B-4482-8D46-933C20E9B4FF_4_5005_c.jpeg"
    ],
    "ultima_modificacion": "2025-08-01 01:01:12.340826"
  },
  "f49c21d1093c44f6b563349cb9b7f53d45005c.jpeg": {
    "app_sintetizada": "F49C21D1093C44F6B563349CB9B7F53D45005C.JPEG",
    "cantidad_archivos": 1,
    "archivos_fuente": [
      "Pictures/Fototeca de Fotos.photoslibrary/resources/derivatives/masters/F/F49C21D1-093C-44F6-B563-349CB9B7F53D_4_5005_c.jpeg"
    ],
    "ultima_modificacion": "2025-08-01 01:01:12.341117"
  },
  "ff46f23734ea42e7b98ba3586eefd19945005c.jpeg": {
    "app_sintetizada": "FF46F23734EA42E7B98BA3586EEFD19945005C.JPEG",
    "cantidad_archivos": 1,
    "archivos_fuente": [
      "Pictures/Fototeca de Fotos.photoslibrary/resources/derivatives/masters/F/FF46F237-34EA-42E7-B98B-A3586EEFD199_4_5005_c.jpeg"
    ],
    "ultima_modificacion": "2025-08-01 01:01:12.341395"
  },
  "f29cb81ce468440f9594290fd9a9235045005c.jpeg": {
    "app_sintetizada": "F29CB81CE468440F9594290FD9A9235045005C.JPEG",
    "cantidad_archivos": 1,
    "archivos_fuente": [
      "Pictures/Fototeca de Fotos.photoslibrary/resources/derivatives/masters/F/F29CB81C-E468-440F-9594-290FD9A92350_4_5005_c.jpeg"
    ],
    "ultima_modificacion": "2025-08-01 01:01:12.341697"
  },
  "f7ddc2654ee14937b7ec01536f6fbeb045005c.jpeg": {
    "app_sintetizada": "F7DDC2654EE14937B7EC01536F6FBEB045005C.JPEG",
    "cantidad_archivos": 1,
    "archivos_fuente": [
      "Pictures/Fototeca de Fotos.photoslibrary/resources/derivatives/masters/F/F7DDC265-4EE1-4937-B7EC-01536F6FBEB0_4_5005_c.jpeg"
    ],
    "ultima_modificacion": "2025-08-01 01:01:12.342123"
  },
  "f186ee9caec94053971ba8689a68962045005c.jpeg": {
    "app_sintetizada": "F186EE9CAEC94053971BA8689A68962045005C.JPEG",
    "cantidad_archivos": 1,
    "archivos_fuente": [
      "Pictures/Fototeca de Fotos.photoslibrary/resources/derivatives/masters/F/F186EE9C-AEC9-4053-971B-A8689A689620_4_5005_c.jpeg"
    ],
    "ultima_modificacion": "2025-08-01 01:01:12.342453"
  },
  "f5667743fc8e4fd8b1aa184ceb2a97d845005c.jpeg": {
    "app_sintetizada": "F5667743FC8E4FD8B1AA184CEB2A97D845005C.JPEG",
    "cantidad_archivos": 1,
    "archivos_fuente": [
      "Pictures/Fototeca de Fotos.photoslibrary/resources/derivatives/masters/F/F5667743-FC8E-4FD8-B1AA-184CEB2A97D8_4_5005_c.jpeg"
    ],
    "ultima_modificacion": "2025-08-01 01:01:12.342773"
  },
  "f62d40f3ca5e4755ad4c50d4159820a645005c.jpeg": {
    "app_sintetizada": "F62D40F3CA5E4755AD4C50D4159820A645005C.JPEG",
    "cantidad_archivos": 1,
    "archivos_fuente": [
      "Pictures/Fototeca de Fotos.photoslibrary/resources/derivatives/masters/F/F62D40F3-CA5E-4755-AD4C-50D4159820A6_4_5005_c.jpeg"
    ],
    "ultima_modificacion": "2025-08-01 01:01:12.343159"
  },
  "fda3c7134a6a4c0eb1fde5c5db6b3a5245005c.jpeg": {
    "app_sintetizada": "FDA3C7134A6A4C0EB1FDE5C5DB6B3A5245005C.JPEG",
    "cantidad_archivos": 1,
    "archivos_fuente": [
      "Pictures/Fototeca de Fotos.photoslibrary/resources/derivatives/masters/F/FDA3C713-4A6A-4C0E-B1FD-E5C5DB6B3A52_4_5005_c.jpeg"
    ],
    "ultima_modificacion": "2025-08-01 01:01:12.343481"
  },
  "faa42918305c4298be5174b45cf8ceb445005c.jpeg": {
    "app_sintetizada": "FAA42918305C4298BE5174B45CF8CEB445005C.JPEG",
    "cantidad_archivos": 1,
    "archivos_fuente": [
      "Pictures/Fototeca de Fotos.photoslibrary/resources/derivatives/masters/F/FAA42918-305C-4298-BE51-74B45CF8CEB4_4_5005_c.jpeg"
    ],
    "ultima_modificacion": "2025-08-01 01:01:12.343779"
  },
  "f6ca5d80155643cf913d27032ebc4f1e45005c.jpeg": {
    "app_sintetizada": "F6CA5D80155643CF913D27032EBC4F1E45005C.JPEG",
    "cantidad_archivos": 1,
    "archivos_fuente": [
      "Pictures/Fototeca de Fotos.photoslibrary/resources/derivatives/masters/F/F6CA5D80-1556-43CF-913D-27032EBC4F1E_4_5005_c.jpeg"
    ],
    "ultima_modificacion": "2025-08-01 01:01:12.344085"
  },
  "f55fa112805b4d2aa9fb574181c23e5045005c.jpeg": {
    "app_sintetizada": "F55FA112805B4D2AA9FB574181C23E5045005C.JPEG",
    "cantidad_archivos": 1,
    "archivos_fuente": [
      "Pictures/Fototeca de Fotos.photoslibrary/resources/derivatives/masters/F/F55FA112-805B-4D2A-A9FB-574181C23E50_4_5005_c.jpeg"
    ],
    "ultima_modificacion": "2025-08-01 01:01:12.344387"
  },
  "f31e701b77a844a69fa9d94b4077cd5145005c.jpeg": {
    "app_sintetizada": "F31E701B77A844A69FA9D94B4077CD5145005C.JPEG",
    "cantidad_archivos": 1,
    "archivos_fuente": [
      "Pictures/Fototeca de Fotos.photoslibrary/resources/derivatives/masters/F/F31E701B-77A8-44A6-9FA9-D94B4077CD51_4_5005_c.jpeg"
    ],
    "ultima_modificacion": "2025-08-01 01:01:12.344696"
  },
  "f5fe3ee6478943d88e5b56b51b2d7de245005c.jpeg": {
    "app_sintetizada": "F5FE3EE6478943D88E5B56B51B2D7DE245005C.JPEG",
    "cantidad_archivos": 1,
    "archivos_fuente": [
      "Pictures/Fototeca de Fotos.photoslibrary/resources/derivatives/masters/F/F5FE3EE6-4789-43D8-8E5B-56B51B2D7DE2_4_5005_c.jpeg"
    ],
    "ultima_modificacion": "2025-08-01 01:01:12.345010"
  },
  "fef4b1f8b15f4c68bc56048a9b69b64d45005c.jpeg": {
    "app_sintetizada": "FEF4B1F8B15F4C68BC56048A9B69B64D45005C.JPEG",
    "cantidad_archivos": 1,
    "archivos_fuente": [
      "Pictures/Fototeca de Fotos.photoslibrary/resources/derivatives/masters/F/FEF4B1F8-B15F-4C68-BC56-048A9B69B64D_4_5005_c.jpeg"
    ],
    "ultima_modificacion": "2025-08-01 01:01:12.345316"
  },
  "f487dd6837174df4a5b056aac8330c6f45005c.jpeg": {
    "app_sintetizada": "F487DD6837174DF4A5B056AAC8330C6F45005C.JPEG",
    "cantidad_archivos": 1,
    "archivos_fuente": [
      "Pictures/Fototeca de Fotos.photoslibrary/resources/derivatives/masters/F/F487DD68-3717-4DF4-A5B0-56AAC8330C6F_4_5005_c.jpeg"
    ],
    "ultima_modificacion": "2025-08-01 01:01:12.345628"
  },
  "f7a7be3f694c4d059ebdec42a61a021445005c.jpeg": {
    "app_sintetizada": "F7A7BE3F694C4D059EBDEC42A61A021445005C.JPEG",
    "cantidad_archivos": 1,
    "archivos_fuente": [
      "Pictures/Fototeca de Fotos.photoslibrary/resources/derivatives/masters/F/F7A7BE3F-694C-4D05-9EBD-EC42A61A0214_4_5005_c.jpeg"
    ],
    "ultima_modificacion": "2025-08-01 01:01:12.345941"
  },
  "f90590979d6c42a1b62b1a1aa10d87a745005c.jpeg": {
    "app_sintetizada": "F90590979D6C42A1B62B1A1AA10D87A745005C.JPEG",
    "cantidad_archivos": 1,
    "archivos_fuente": [
      "Pictures/Fototeca de Fotos.photoslibrary/resources/derivatives/masters/F/F9059097-9D6C-42A1-B62B-1A1AA10D87A7_4_5005_c.jpeg"
    ],
    "ultima_modificacion": "2025-08-01 01:01:12.346256"
  },
  "fc3738871acd4b608ffc50240b558a3145005c.jpeg": {
    "app_sintetizada": "FC3738871ACD4B608FFC50240B558A3145005C.JPEG",
    "cantidad_archivos": 1,
    "archivos_fuente": [
      "Pictures/Fototeca de Fotos.photoslibrary/resources/derivatives/masters/F/FC373887-1ACD-4B60-8FFC-50240B558A31_4_5005_c.jpeg"
    ],
    "ultima_modificacion": "2025-08-01 01:01:12.346573"
  },
  "f7efb43ea4494a3e89d5721cc29a3e3f45005c.jpeg": {
    "app_sintetizada": "F7EFB43EA4494A3E89D5721CC29A3E3F45005C.JPEG",
    "cantidad_archivos": 1,
    "archivos_fuente": [
      "Pictures/Fototeca de Fotos.photoslibrary/resources/derivatives/masters/F/F7EFB43E-A449-4A3E-89D5-721CC29A3E3F_4_5005_c.jpeg"
    ],
    "ultima_modificacion": "2025-08-01 01:01:12.346884"
  },
  "f16d50fa6bee404abea965dd6852291345005c.jpeg": {
    "app_sintetizada": "F16D50FA6BEE404ABEA965DD6852291345005C.JPEG",
    "cantidad_archivos": 1,
    "archivos_fuente": [
      "Pictures/Fototeca de Fotos.photoslibrary/resources/derivatives/masters/F/F16D50FA-6BEE-404A-BEA9-65DD68522913_4_5005_c.jpeg"
    ],
    "ultima_modificacion": "2025-08-01 01:01:12.347248"
  },
  "fa2a4c095576496497896966c83a9bc745005c.jpeg": {
    "app_sintetizada": "FA2A4C095576496497896966C83A9BC745005C.JPEG",
    "cantidad_archivos": 1,
    "archivos_fuente": [
      "Pictures/Fototeca de Fotos.photoslibrary/resources/derivatives/masters/F/FA2A4C09-5576-4964-9789-6966C83A9BC7_4_5005_c.jpeg"
    ],
    "ultima_modificacion": "2025-08-01 01:01:12.347565"
  },
  "f911585a68f74f81adfdbbaa1791b33d45005c.jpeg": {
    "app_sintetizada": "F911585A68F74F81ADFDBBAA1791B33D45005C.JPEG",
    "cantidad_archivos": 1,
    "archivos_fuente": [
      "Pictures/Fototeca de Fotos.photoslibrary/resources/derivatives/masters/F/F911585A-68F7-4F81-ADFD-BBAA1791B33D_4_5005_c.jpeg"
    ],
    "ultima_modificacion": "2025-08-01 01:01:12.347888"
  },
  "f70c351ccce8489bbf492792a53ba46845005c.jpeg": {
    "app_sintetizada": "F70C351CCCE8489BBF492792A53BA46845005C.JPEG",
    "cantidad_archivos": 1,
    "archivos_fuente": [
      "Pictures/Fototeca de Fotos.photoslibrary/resources/derivatives/masters/F/F70C351C-CCE8-489B-BF49-2792A53BA468_4_5005_c.jpeg"
    ],
    "ultima_modificacion": "2025-08-01 01:01:12.348265"
  },
  "f7ca7a80f957454288776bd6f30183de45005c.jpeg": {
    "app_sintetizada": "F7CA7A80F957454288776BD6F30183DE45005C.JPEG",
    "cantidad_archivos": 1,
    "archivos_fuente": [
      "Pictures/Fototeca de Fotos.photoslibrary/resources/derivatives/masters/F/F7CA7A80-F957-4542-8877-6BD6F30183DE_4_5005_c.jpeg"
    ],
    "ultima_modificacion": "2025-08-01 01:01:12.348629"
  },
  "fe82e9f77e3f4db094319ca31baff32245005c.jpeg": {
    "app_sintetizada": "FE82E9F77E3F4DB094319CA31BAFF32245005C.JPEG",
    "cantidad_archivos": 1,
    "archivos_fuente": [
      "Pictures/Fototeca de Fotos.photoslibrary/resources/derivatives/masters/F/FE82E9F7-7E3F-4DB0-9431-9CA31BAFF322_4_5005_c.jpeg"
    ],
    "ultima_modificacion": "2025-08-01 01:01:12.348989"
  },
  "f4f65cd743114981bdfc8c691183d41d45005c.jpeg": {
    "app_sintetizada": "F4F65CD743114981BDFC8C691183D41D45005C.JPEG",
    "cantidad_archivos": 1,
    "archivos_fuente": [
      "Pictures/Fototeca de Fotos.photoslibrary/resources/derivatives/masters/F/F4F65CD7-4311-4981-BDFC-8C691183D41D_4_5005_c.jpeg"
    ],
    "ultima_modificacion": "2025-08-01 01:01:12.349324"
  },
  "f346593c50cd4bd3ac6c5495729727ab45005c.jpeg": {
    "app_sintetizada": "F346593C50CD4BD3AC6C5495729727AB45005C.JPEG",
    "cantidad_archivos": 1,
    "archivos_fuente": [
      "Pictures/Fototeca de Fotos.photoslibrary/resources/derivatives/masters/F/F346593C-50CD-4BD3-AC6C-5495729727AB_4_5005_c.jpeg"
    ],
    "ultima_modificacion": "2025-08-01 01:01:12.349668"
  },
  "f9a372b5719543bba832291f5a9027bd45005c.jpeg": {
    "app_sintetizada": "F9A372B5719543BBA832291F5A9027BD45005C.JPEG",
    "cantidad_archivos": 1,
    "archivos_fuente": [
      "Pictures/Fototeca de Fotos.photoslibrary/resources/derivatives/masters/F/F9A372B5-7195-43BB-A832-291F5A9027BD_4_5005_c.jpeg"
    ],
    "ultima_modificacion": "2025-08-01 01:01:12.350043"
  },
  "f8011e57039b4900a327fa7c20f5c5e445005c.jpeg": {
    "app_sintetizada": "F8011E57039B4900A327FA7C20F5C5E445005C.JPEG",
    "cantidad_archivos": 1,
    "archivos_fuente": [
      "Pictures/Fototeca de Fotos.photoslibrary/resources/derivatives/masters/F/F8011E57-039B-4900-A327-FA7C20F5C5E4_4_5005_c.jpeg"
    ],
    "ultima_modificacion": "2025-08-01 01:01:12.350403"
  },
  "f99e4279a94a4908b815bd6b2fff098f45005c.jpeg": {
    "app_sintetizada": "F99E4279A94A4908B815BD6B2FFF098F45005C.JPEG",
    "cantidad_archivos": 1,
    "archivos_fuente": [
      "Pictures/Fototeca de Fotos.photoslibrary/resources/derivatives/masters/F/F99E4279-A94A-4908-B815-BD6B2FFF098F_4_5005_c.jpeg"
    ],
    "ultima_modificacion": "2025-08-01 01:01:12.350743"
  },
  "f2c16b03723a498da096f4f71478146d45005c.jpeg": {
    "app_sintetizada": "F2C16B03723A498DA096F4F71478146D45005C.JPEG",
    "cantidad_archivos": 1,
    "archivos_fuente": [
      "Pictures/Fototeca de Fotos.photoslibrary/resources/derivatives/masters/F/F2C16B03-723A-498D-A096-F4F71478146D_4_5005_c.jpeg"
    ],
    "ultima_modificacion": "2025-08-01 01:01:12.351065"
  },
  "f1c85e069a6945d8a33affc24884a6a045005c.jpeg": {
    "app_sintetizada": "F1C85E069A6945D8A33AFFC24884A6A045005C.JPEG",
    "cantidad_archivos": 1,
    "archivos_fuente": [
      "Pictures/Fototeca de Fotos.photoslibrary/resources/derivatives/masters/F/F1C85E06-9A69-45D8-A33A-FFC24884A6A0_4_5005_c.jpeg"
    ],
    "ultima_modificacion": "2025-08-01 01:01:12.351398"
  },
  "f9ca711c2be0498898a10d287d0d6b2445005c.jpeg": {
    "app_sintetizada": "F9CA711C2BE0498898A10D287D0D6B2445005C.JPEG",
    "cantidad_archivos": 1,
    "archivos_fuente": [
      "Pictures/Fototeca de Fotos.photoslibrary/resources/derivatives/masters/F/F9CA711C-2BE0-4988-98A1-0D287D0D6B24_4_5005_c.jpeg"
    ],
    "ultima_modificacion": "2025-08-01 01:01:12.351691"
  },
  "f1c541e847a94c1e949e45dc434c179d45005c.jpeg": {
    "app_sintetizada": "F1C541E847A94C1E949E45DC434C179D45005C.JPEG",
    "cantidad_archivos": 1,
    "archivos_fuente": [
      "Pictures/Fototeca de Fotos.photoslibrary/resources/derivatives/masters/F/F1C541E8-47A9-4C1E-949E-45DC434C179D_4_5005_c.jpeg"
    ],
    "ultima_modificacion": "2025-08-01 01:01:12.352001"
  },
  "fd0494fe9dac47819c67e46e6b4d4d7245005c.jpeg": {
    "app_sintetizada": "FD0494FE9DAC47819C67E46E6B4D4D7245005C.JPEG",
    "cantidad_archivos": 1,
    "archivos_fuente": [
      "Pictures/Fototeca de Fotos.photoslibrary/resources/derivatives/masters/F/FD0494FE-9DAC-4781-9C67-E46E6B4D4D72_4_5005_c.jpeg"
    ],
    "ultima_modificacion": "2025-08-01 01:01:12.352389"
  },
  "f6d9dba6a2a3428e8e59bc649cd88c7645005c.jpeg": {
    "app_sintetizada": "F6D9DBA6A2A3428E8E59BC649CD88C7645005C.JPEG",
    "cantidad_archivos": 1,
    "archivos_fuente": [
      "Pictures/Fototeca de Fotos.photoslibrary/resources/derivatives/masters/F/F6D9DBA6-A2A3-428E-8E59-BC649CD88C76_4_5005_c.jpeg"
    ],
    "ultima_modificacion": "2025-08-01 01:01:12.352717"
  },
  "fc5d80cbba434b5ca8e1ac0d8f6583bf45005c.jpeg": {
    "app_sintetizada": "FC5D80CBBA434B5CA8E1AC0D8F6583BF45005C.JPEG",
    "cantidad_archivos": 1,
    "archivos_fuente": [
      "Pictures/Fototeca de Fotos.photoslibrary/resources/derivatives/masters/F/FC5D80CB-BA43-4B5C-A8E1-AC0D8F6583BF_4_5005_c.jpeg"
    ],
    "ultima_modificacion": "2025-08-01 01:01:12.353055"
  },
  "f1cfd1dd93924e79a2552c094baae49a45005c.jpeg": {
    "app_sintetizada": "F1CFD1DD93924E79A2552C094BAAE49A45005C.JPEG",
    "cantidad_archivos": 1,
    "archivos_fuente": [
      "Pictures/Fototeca de Fotos.photoslibrary/resources/derivatives/masters/F/F1CFD1DD-9392-4E79-A255-2C094BAAE49A_4_5005_c.jpeg"
    ],
    "ultima_modificacion": "2025-08-01 01:01:12.353370"
  },
  "f3e347312d6244269dc1e03e43bc09f145005c.jpeg": {
    "app_sintetizada": "F3E347312D6244269DC1E03E43BC09F145005C.JPEG",
    "cantidad_archivos": 1,
    "archivos_fuente": [
      "Pictures/Fototeca de Fotos.photoslibrary/resources/derivatives/masters/F/F3E34731-2D62-4426-9DC1-E03E43BC09F1_4_5005_c.jpeg"
    ],
    "ultima_modificacion": "2025-08-01 01:01:12.353679"
  },
  "fc7280acbe274a07abf4560e6aa6827845005c.jpeg": {
    "app_sintetizada": "FC7280ACBE274A07ABF4560E6AA6827845005C.JPEG",
    "cantidad_archivos": 1,
    "archivos_fuente": [
      "Pictures/Fototeca de Fotos.photoslibrary/resources/derivatives/masters/F/FC7280AC-BE27-4A07-ABF4-560E6AA68278_4_5005_c.jpeg"
    ],
    "ultima_modificacion": "2025-08-01 01:01:12.354114"
  },
  "f62589cf82d84c5fa5f81a4f7a25e2b845005c.jpeg": {
    "app_sintetizada": "F62589CF82D84C5FA5F81A4F7A25E2B845005C.JPEG",
    "cantidad_archivos": 1,
    "archivos_fuente": [
      "Pictures/Fototeca de Fotos.photoslibrary/resources/derivatives/masters/F/F62589CF-82D8-4C5F-A5F8-1A4F7A25E2B8_4_5005_c.jpeg"
    ],
    "ultima_modificacion": "2025-08-01 01:01:12.354491"
  },
  "f16b0b35fb07410d93d0939977261f1c45005c.jpeg": {
    "app_sintetizada": "F16B0B35FB07410D93D0939977261F1C45005C.JPEG",
    "cantidad_archivos": 1,
    "archivos_fuente": [
      "Pictures/Fototeca de Fotos.photoslibrary/resources/derivatives/masters/F/F16B0B35-FB07-410D-93D0-939977261F1C_4_5005_c.jpeg"
    ],
    "ultima_modificacion": "2025-08-01 01:01:12.354795"
  },
  "f5739e5c26a040338d3f2744b3c4618845005c.jpeg": {
    "app_sintetizada": "F5739E5C26A040338D3F2744B3C4618845005C.JPEG",
    "cantidad_archivos": 1,
    "archivos_fuente": [
      "Pictures/Fototeca de Fotos.photoslibrary/resources/derivatives/masters/F/F5739E5C-26A0-4033-8D3F-2744B3C46188_4_5005_c.jpeg"
    ],
    "ultima_modificacion": "2025-08-01 01:01:12.355131"
  },
  "f8fa0dcaa3e34fa3b94d24f2889c6a6045005c.jpeg": {
    "app_sintetizada": "F8FA0DCAA3E34FA3B94D24F2889C6A6045005C.JPEG",
    "cantidad_archivos": 1,
    "archivos_fuente": [
      "Pictures/Fototeca de Fotos.photoslibrary/resources/derivatives/masters/F/F8FA0DCA-A3E3-4FA3-B94D-24F2889C6A60_4_5005_c.jpeg"
    ],
    "ultima_modificacion": "2025-08-01 01:01:12.355494"
  },
  "fdb7a88a88be4362a27fcd70f6ae1e0145005c.jpeg": {
    "app_sintetizada": "FDB7A88A88BE4362A27FCD70F6AE1E0145005C.JPEG",
    "cantidad_archivos": 1,
    "archivos_fuente": [
      "Pictures/Fototeca de Fotos.photoslibrary/resources/derivatives/masters/F/FDB7A88A-88BE-4362-A27F-CD70F6AE1E01_4_5005_c.jpeg"
    ],
    "ultima_modificacion": "2025-08-01 01:01:12.355922"
  },
  "f091b4fcca8c49c0bdc9c6509cab4a1d45005c.jpeg": {
    "app_sintetizada": "F091B4FCCA8C49C0BDC9C6509CAB4A1D45005C.JPEG",
    "cantidad_archivos": 1,
    "archivos_fuente": [
      "Pictures/Fototeca de Fotos.photoslibrary/resources/derivatives/masters/F/F091B4FC-CA8C-49C0-BDC9-C6509CAB4A1D_4_5005_c.jpeg"
    ],
    "ultima_modificacion": "2025-08-01 01:01:12.356304"
  },
  "fa61373508334d6787bc1f5d0e0c61ce45005c.jpeg": {
    "app_sintetizada": "FA61373508334D6787BC1F5D0E0C61CE45005C.JPEG",
    "cantidad_archivos": 1,
    "archivos_fuente": [
      "Pictures/Fototeca de Fotos.photoslibrary/resources/derivatives/masters/F/FA613735-0833-4D67-87BC-1F5D0E0C61CE_4_5005_c.jpeg"
    ],
    "ultima_modificacion": "2025-08-01 01:01:12.356680"
  },
  "f339497b2bc54802b801700ff09cd44845005c.jpeg": {
    "app_sintetizada": "F339497B2BC54802B801700FF09CD44845005C.JPEG",
    "cantidad_archivos": 1,
    "archivos_fuente": [
      "Pictures/Fototeca de Fotos.photoslibrary/resources/derivatives/masters/F/F339497B-2BC5-4802-B801-700FF09CD448_4_5005_c.jpeg"
    ],
    "ultima_modificacion": "2025-08-01 01:01:12.356985"
  },
  "f0f8542c016a40fdb95c62928f0a03f145005c.jpeg": {
    "app_sintetizada": "F0F8542C016A40FDB95C62928F0A03F145005C.JPEG",
    "cantidad_archivos": 1,
    "archivos_fuente": [
      "Pictures/Fototeca de Fotos.photoslibrary/resources/derivatives/masters/F/F0F8542C-016A-40FD-B95C-62928F0A03F1_4_5005_c.jpeg"
    ],
    "ultima_modificacion": "2025-08-01 01:01:12.357326"
  },
  "fbca277766724e389209dd39bc1fb90645005c.jpeg": {
    "app_sintetizada": "FBCA277766724E389209DD39BC1FB90645005C.JPEG",
    "cantidad_archivos": 1,
    "archivos_fuente": [
      "Pictures/Fototeca de Fotos.photoslibrary/resources/derivatives/masters/F/FBCA2777-6672-4E38-9209-DD39BC1FB906_4_5005_c.jpeg"
    ],
    "ultima_modificacion": "2025-08-01 01:01:12.357665"
  },
  "f33fdea73a644de796032e1f95c1706645005c.jpeg": {
    "app_sintetizada": "F33FDEA73A644DE796032E1F95C1706645005C.JPEG",
    "cantidad_archivos": 1,
    "archivos_fuente": [
      "Pictures/Fototeca de Fotos.photoslibrary/resources/derivatives/masters/F/F33FDEA7-3A64-4DE7-9603-2E1F95C17066_4_5005_c.jpeg"
    ],
    "ultima_modificacion": "2025-08-01 01:01:12.358044"
  },
  "fcf2e2c07d5a4a1b8b8a08aed0d79d5145005c.jpeg": {
    "app_sintetizada": "FCF2E2C07D5A4A1B8B8A08AED0D79D5145005C.JPEG",
    "cantidad_archivos": 1,
    "archivos_fuente": [
      "Pictures/Fototeca de Fotos.photoslibrary/resources/derivatives/masters/F/FCF2E2C0-7D5A-4A1B-8B8A-08AED0D79D51_4_5005_c.jpeg"
    ],
    "ultima_modificacion": "2025-08-01 01:01:12.358361"
  },
  "f611b47a9b904b0ba90ec0dde688950145005c.jpeg": {
    "app_sintetizada": "F611B47A9B904B0BA90EC0DDE688950145005C.JPEG",
    "cantidad_archivos": 1,
    "archivos_fuente": [
      "Pictures/Fototeca de Fotos.photoslibrary/resources/derivatives/masters/F/F611B47A-9B90-4B0B-A90E-C0DDE6889501_4_5005_c.jpeg"
    ],
    "ultima_modificacion": "2025-08-01 01:01:12.358645"
  },
  "fb57490119434af29a5b88594ef94a1045005c.jpeg": {
    "app_sintetizada": "FB57490119434AF29A5B88594EF94A1045005C.JPEG",
    "cantidad_archivos": 1,
    "archivos_fuente": [
      "Pictures/Fototeca de Fotos.photoslibrary/resources/derivatives/masters/F/FB574901-1943-4AF2-9A5B-88594EF94A10_4_5005_c.jpeg"
    ],
    "ultima_modificacion": "2025-08-01 01:01:12.358940"
  },
  "f910282bc48145f1b8c77788f10259af45005c.jpeg": {
    "app_sintetizada": "F910282BC48145F1B8C77788F10259AF45005C.JPEG",
    "cantidad_archivos": 1,
    "archivos_fuente": [
      "Pictures/Fototeca de Fotos.photoslibrary/resources/derivatives/masters/F/F910282B-C481-45F1-B8C7-7788F10259AF_4_5005_c.jpeg"
    ],
    "ultima_modificacion": "2025-08-01 01:01:12.359270"
  },
  "f1851c938fc44df79f5982162ad8026045005c.jpeg": {
    "app_sintetizada": "F1851C938FC44DF79F5982162AD8026045005C.JPEG",
    "cantidad_archivos": 1,
    "archivos_fuente": [
      "Pictures/Fototeca de Fotos.photoslibrary/resources/derivatives/masters/F/F1851C93-8FC4-4DF7-9F59-82162AD80260_4_5005_c.jpeg"
    ],
    "ultima_modificacion": "2025-08-01 01:01:12.359587"
  },
  "f44d98999b084e45a7c931207317ba0245005c.jpeg": {
    "app_sintetizada": "F44D98999B084E45A7C931207317BA0245005C.JPEG",
    "cantidad_archivos": 1,
    "archivos_fuente": [
      "Pictures/Fototeca de Fotos.photoslibrary/resources/derivatives/masters/F/F44D9899-9B08-4E45-A7C9-31207317BA02_4_5005_c.jpeg"
    ],
    "ultima_modificacion": "2025-08-01 01:01:12.359888"
  },
  "fd89e1bcda4448b8af5db6c4220f505045005c.jpeg": {
    "app_sintetizada": "FD89E1BCDA4448B8AF5DB6C4220F505045005C.JPEG",
    "cantidad_archivos": 1,
    "archivos_fuente": [
      "Pictures/Fototeca de Fotos.photoslibrary/resources/derivatives/masters/F/FD89E1BC-DA44-48B8-AF5D-B6C4220F5050_4_5005_c.jpeg"
    ],
    "ultima_modificacion": "2025-08-01 01:01:12.360162"
  },
  "f0008bdcd3cd4f708be5e9b495ac000145005c.jpeg": {
    "app_sintetizada": "F0008BDCD3CD4F708BE5E9B495AC000145005C.JPEG",
    "cantidad_archivos": 1,
    "archivos_fuente": [
      "Pictures/Fototeca de Fotos.photoslibrary/resources/derivatives/masters/F/F0008BDC-D3CD-4F70-8BE5-E9B495AC0001_4_5005_c.jpeg"
    ],
    "ultima_modificacion": "2025-08-01 01:01:12.360444"
  },
  "fe2c3acf9cb24e74a2b1d2e516f323c045005c.jpeg": {
    "app_sintetizada": "FE2C3ACF9CB24E74A2B1D2E516F323C045005C.JPEG",
    "cantidad_archivos": 1,
    "archivos_fuente": [
      "Pictures/Fototeca de Fotos.photoslibrary/resources/derivatives/masters/F/FE2C3ACF-9CB2-4E74-A2B1-D2E516F323C0_4_5005_c.jpeg"
    ],
    "ultima_modificacion": "2025-08-01 01:01:12.360747"
  },
  "f4eb137a618744829c30f519006c6f6145005c.jpeg": {
    "app_sintetizada": "F4EB137A618744829C30F519006C6F6145005C.JPEG",
    "cantidad_archivos": 1,
    "archivos_fuente": [
      "Pictures/Fototeca de Fotos.photoslibrary/resources/derivatives/masters/F/F4EB137A-6187-4482-9C30-F519006C6F61_4_5005_c.jpeg"
    ],
    "ultima_modificacion": "2025-08-01 01:01:12.361045"
  },
  "f5abdc2f88084b8eacb531d1ee83517b45005c.jpeg": {
    "app_sintetizada": "F5ABDC2F88084B8EACB531D1EE83517B45005C.JPEG",
    "cantidad_archivos": 1,
    "archivos_fuente": [
      "Pictures/Fototeca de Fotos.photoslibrary/resources/derivatives/masters/F/F5ABDC2F-8808-4B8E-ACB5-31D1EE83517B_4_5005_c.jpeg"
    ],
    "ultima_modificacion": "2025-08-01 01:01:12.361339"
  },
  "fa9933ee6b474cdf887edc8679f7615d45005c.jpeg": {
    "app_sintetizada": "FA9933EE6B474CDF887EDC8679F7615D45005C.JPEG",
    "cantidad_archivos": 1,
    "archivos_fuente": [
      "Pictures/Fototeca de Fotos.photoslibrary/resources/derivatives/masters/F/FA9933EE-6B47-4CDF-887E-DC8679F7615D_4_5005_c.jpeg"
    ],
    "ultima_modificacion": "2025-08-01 01:01:12.361721"
  },
  "f6fdd0a4f0ec4dcaab7fd5f34f67d5e645005c.jpeg": {
    "app_sintetizada": "F6FDD0A4F0EC4DCAAB7FD5F34F67D5E645005C.JPEG",
    "cantidad_archivos": 1,
    "archivos_fuente": [
      "Pictures/Fototeca de Fotos.photoslibrary/resources/derivatives/masters/F/F6FDD0A4-F0EC-4DCA-AB7F-D5F34F67D5E6_4_5005_c.jpeg"
    ],
    "ultima_modificacion": "2025-08-01 01:01:12.362003"
  },
  "f0ae3c9a2e1946568be6e6b73385344045005c.jpeg": {
    "app_sintetizada": "F0AE3C9A2E1946568BE6E6B73385344045005C.JPEG",
    "cantidad_archivos": 1,
    "archivos_fuente": [
      "Pictures/Fototeca de Fotos.photoslibrary/resources/derivatives/masters/F/F0AE3C9A-2E19-4656-8BE6-E6B733853440_4_5005_c.jpeg"
    ],
    "ultima_modificacion": "2025-08-01 01:01:12.362291"
  },
  "f4864c92c1e4482a996523a96549156e45005c.jpeg": {
    "app_sintetizada": "F4864C92C1E4482A996523A96549156E45005C.JPEG",
    "cantidad_archivos": 1,
    "archivos_fuente": [
      "Pictures/Fototeca de Fotos.photoslibrary/resources/derivatives/masters/F/F4864C92-C1E4-482A-9965-23A96549156E_4_5005_c.jpeg"
    ],
    "ultima_modificacion": "2025-08-01 01:01:12.362596"
  },
  "f134cf433bc04fb09b71f20e71efff2645005c.jpeg": {
    "app_sintetizada": "F134CF433BC04FB09B71F20E71EFFF2645005C.JPEG",
    "cantidad_archivos": 1,
    "archivos_fuente": [
      "Pictures/Fototeca de Fotos.photoslibrary/resources/derivatives/masters/F/F134CF43-3BC0-4FB0-9B71-F20E71EFFF26_4_5005_c.jpeg"
    ],
    "ultima_modificacion": "2025-08-01 01:01:12.362854"
  },
  "fcf82cb377434c1f8eb994a77ab59d1345005c.jpeg": {
    "app_sintetizada": "FCF82CB377434C1F8EB994A77AB59D1345005C.JPEG",
    "cantidad_archivos": 1,
    "archivos_fuente": [
      "Pictures/Fototeca de Fotos.photoslibrary/resources/derivatives/masters/F/FCF82CB3-7743-4C1F-8EB9-94A77AB59D13_4_5005_c.jpeg"
    ],
    "ultima_modificacion": "2025-08-01 01:01:12.363119"
  },
  "f7814632cbe442a5a1a61e141600adab45005c.jpeg": {
    "app_sintetizada": "F7814632CBE442A5A1A61E141600ADAB45005C.JPEG",
    "cantidad_archivos": 1,
    "archivos_fuente": [
      "Pictures/Fototeca de Fotos.photoslibrary/resources/derivatives/masters/F/F7814632-CBE4-42A5-A1A6-1E141600ADAB_4_5005_c.jpeg"
    ],
    "ultima_modificacion": "2025-08-01 01:01:12.363450"
  },
  "f7a4baeb45af44c8912540ffd68b0b7c45005c.jpeg": {
    "app_sintetizada": "F7A4BAEB45AF44C8912540FFD68B0B7C45005C.JPEG",
    "cantidad_archivos": 1,
    "archivos_fuente": [
      "Pictures/Fototeca de Fotos.photoslibrary/resources/derivatives/masters/F/F7A4BAEB-45AF-44C8-9125-40FFD68B0B7C_4_5005_c.jpeg"
    ],
    "ultima_modificacion": "2025-08-01 01:01:12.363723"
  },
  "f0844e0539e841b693f8efbd8ead862e45005c.jpeg": {
    "app_sintetizada": "F0844E0539E841B693F8EFBD8EAD862E45005C.JPEG",
    "cantidad_archivos": 1,
    "archivos_fuente": [
      "Pictures/Fototeca de Fotos.photoslibrary/resources/derivatives/masters/F/F0844E05-39E8-41B6-93F8-EFBD8EAD862E_4_5005_c.jpeg"
    ],
    "ultima_modificacion": "2025-08-01 01:01:12.364028"
  },
  "faccb2fd263045158cc65415d36d4d9545005c.jpeg": {
    "app_sintetizada": "FACCB2FD263045158CC65415D36D4D9545005C.JPEG",
    "cantidad_archivos": 1,
    "archivos_fuente": [
      "Pictures/Fototeca de Fotos.photoslibrary/resources/derivatives/masters/F/FACCB2FD-2630-4515-8CC6-5415D36D4D95_4_5005_c.jpeg"
    ],
    "ultima_modificacion": "2025-08-01 01:01:12.364271"
  },
  "f89101d5280640a19b1aa154fdf60dc145005c.jpeg": {
    "app_sintetizada": "F89101D5280640A19B1AA154FDF60DC145005C.JPEG",
    "cantidad_archivos": 1,
    "archivos_fuente": [
      "Pictures/Fototeca de Fotos.photoslibrary/resources/derivatives/masters/F/F89101D5-2806-40A1-9B1A-A154FDF60DC1_4_5005_c.jpeg"
    ],
    "ultima_modificacion": "2025-08-01 01:01:12.364494"
  },
  "f8314462191f4fcb9c207acec39982ca45005c.jpeg": {
    "app_sintetizada": "F8314462191F4FCB9C207ACEC39982CA45005C.JPEG",
    "cantidad_archivos": 1,
    "archivos_fuente": [
      "Pictures/Fototeca de Fotos.photoslibrary/resources/derivatives/masters/F/F8314462-191F-4FCB-9C20-7ACEC39982CA_4_5005_c.jpeg"
    ],
    "ultima_modificacion": "2025-08-01 01:01:12.364695"
  },
  "f283b4b2d7a041529818d8135ac85bf145005c.jpeg": {
    "app_sintetizada": "F283B4B2D7A041529818D8135AC85BF145005C.JPEG",
    "cantidad_archivos": 1,
    "archivos_fuente": [
      "Pictures/Fototeca de Fotos.photoslibrary/resources/derivatives/masters/F/F283B4B2-D7A0-4152-9818-D8135AC85BF1_4_5005_c.jpeg"
    ],
    "ultima_modificacion": "2025-08-01 01:01:12.364889"
  },
  "f335b0c25f7c4ed593ce226a0ec0b37d45005c.jpeg": {
    "app_sintetizada": "F335B0C25F7C4ED593CE226A0EC0B37D45005C.JPEG",
    "cantidad_archivos": 1,
    "archivos_fuente": [
      "Pictures/Fototeca de Fotos.photoslibrary/resources/derivatives/masters/F/F335B0C2-5F7C-4ED5-93CE-226A0EC0B37D_4_5005_c.jpeg"
    ],
    "ultima_modificacion": "2025-08-01 01:01:12.365133"
  },
  "f937e9fcb5c740f69b1ee0309d6df15645005c.jpeg": {
    "app_sintetizada": "F937E9FCB5C740F69B1EE0309D6DF15645005C.JPEG",
    "cantidad_archivos": 1,
    "archivos_fuente": [
      "Pictures/Fototeca de Fotos.photoslibrary/resources/derivatives/masters/F/F937E9FC-B5C7-40F6-9B1E-E0309D6DF156_4_5005_c.jpeg"
    ],
    "ultima_modificacion": "2025-08-01 01:01:12.365409"
  },
  "f76dfe1930474d13897e297c87d40edc45005c.jpeg": {
    "app_sintetizada": "F76DFE1930474D13897E297C87D40EDC45005C.JPEG",
    "cantidad_archivos": 1,
    "archivos_fuente": [
      "Pictures/Fototeca de Fotos.photoslibrary/resources/derivatives/masters/F/F76DFE19-3047-4D13-897E-297C87D40EDC_4_5005_c.jpeg"
    ],
    "ultima_modificacion": "2025-08-01 01:01:12.365766"
  },
  "f9067f240cd64440bf3db48e08548bb645005c.jpeg": {
    "app_sintetizada": "F9067F240CD64440BF3DB48E08548BB645005C.JPEG",
    "cantidad_archivos": 1,
    "archivos_fuente": [
      "Pictures/Fototeca de Fotos.photoslibrary/resources/derivatives/masters/F/F9067F24-0CD6-4440-BF3D-B48E08548BB6_4_5005_c.jpeg"
    ],
    "ultima_modificacion": "2025-08-01 01:01:12.366017"
  },
  "f534af853e3044c9a336ff3f0f6b0e3d45005c.jpeg": {
    "app_sintetizada": "F534AF853E3044C9A336FF3F0F6B0E3D45005C.JPEG",
    "cantidad_archivos": 1,
    "archivos_fuente": [
      "Pictures/Fototeca de Fotos.photoslibrary/resources/derivatives/masters/F/F534AF85-3E30-44C9-A336-FF3F0F6B0E3D_4_5005_c.jpeg"
    ],
    "ultima_modificacion": "2025-08-01 01:01:12.366266"
  },
  "f7ec175e9bdf495683ae70167dab06d045005c.jpeg": {
    "app_sintetizada": "F7EC175E9BDF495683AE70167DAB06D045005C.JPEG",
    "cantidad_archivos": 1,
    "archivos_fuente": [
      "Pictures/Fototeca de Fotos.photoslibrary/resources/derivatives/masters/F/F7EC175E-9BDF-4956-83AE-70167DAB06D0_4_5005_c.jpeg"
    ],
    "ultima_modificacion": "2025-08-01 01:01:12.366568"
  },
  "fc6dc4bd90414a19be213a4113af6b0c45005c.jpeg": {
    "app_sintetizada": "FC6DC4BD90414A19BE213A4113AF6B0C45005C.JPEG",
    "cantidad_archivos": 1,
    "archivos_fuente": [
      "Pictures/Fototeca de Fotos.photoslibrary/resources/derivatives/masters/F/FC6DC4BD-9041-4A19-BE21-3A4113AF6B0C_4_5005_c.jpeg"
    ],
    "ultima_modificacion": "2025-08-01 01:01:12.366809"
  },
  "fb7b69d6325d4a3db2ef54beb58f19ee45005c.jpeg": {
    "app_sintetizada": "FB7B69D6325D4A3DB2EF54BEB58F19EE45005C.JPEG",
    "cantidad_archivos": 1,
    "archivos_fuente": [
      "Pictures/Fototeca de Fotos.photoslibrary/resources/derivatives/masters/F/FB7B69D6-325D-4A3D-B2EF-54BEB58F19EE_4_5005_c.jpeg"
    ],
    "ultima_modificacion": "2025-08-01 01:01:12.367020"
  },
  "f2544c53356741ee861bf92e589d620945005c.jpeg": {
    "app_sintetizada": "F2544C53356741EE861BF92E589D620945005C.JPEG",
    "cantidad_archivos": 1,
    "archivos_fuente": [
      "Pictures/Fototeca de Fotos.photoslibrary/resources/derivatives/masters/F/F2544C53-3567-41EE-861B-F92E589D6209_4_5005_c.jpeg"
    ],
    "ultima_modificacion": "2025-08-01 01:01:12.367307"
  },
  "fdee289da5a14709b0f41f344d37737545005c.jpeg": {
    "app_sintetizada": "FDEE289DA5A14709B0F41F344D37737545005C.JPEG",
    "cantidad_archivos": 1,
    "archivos_fuente": [
      "Pictures/Fototeca de Fotos.photoslibrary/resources/derivatives/masters/F/FDEE289D-A5A1-4709-B0F4-1F344D377375_4_5005_c.jpeg"
    ],
    "ultima_modificacion": "2025-08-01 01:01:12.367644"
  },
  "fc7561d868944edeb12fcc92159a74e945005c.jpeg": {
    "app_sintetizada": "FC7561D868944EDEB12FCC92159A74E945005C.JPEG",
    "cantidad_archivos": 1,
    "archivos_fuente": [
      "Pictures/Fototeca de Fotos.photoslibrary/resources/derivatives/masters/F/FC7561D8-6894-4EDE-B12F-CC92159A74E9_4_5005_c.jpeg"
    ],
    "ultima_modificacion": "2025-08-01 01:01:12.367973"
  },
  "fbeeefb0aa394ddfa8f89b1d74cb45f145005c.jpeg": {
    "app_sintetizada": "FBEEEFB0AA394DDFA8F89B1D74CB45F145005C.JPEG",
    "cantidad_archivos": 1,
    "archivos_fuente": [
      "Pictures/Fototeca de Fotos.photoslibrary/resources/derivatives/masters/F/FBEEEFB0-AA39-4DDF-A8F8-9B1D74CB45F1_4_5005_c.jpeg"
    ],
    "ultima_modificacion": "2025-08-01 01:01:12.368235"
  },
  "f35c1a81dec04e47bbb86d159f0a6fc545005c.jpeg": {
    "app_sintetizada": "F35C1A81DEC04E47BBB86D159F0A6FC545005C.JPEG",
    "cantidad_archivos": 1,
    "archivos_fuente": [
      "Pictures/Fototeca de Fotos.photoslibrary/resources/derivatives/masters/F/F35C1A81-DEC0-4E47-BBB8-6D159F0A6FC5_4_5005_c.jpeg"
    ],
    "ultima_modificacion": "2025-08-01 01:01:12.368476"
  },
  "f60c5014e3994faabad178b5dd986fd445005c.jpeg": {
    "app_sintetizada": "F60C5014E3994FAABAD178B5DD986FD445005C.JPEG",
    "cantidad_archivos": 1,
    "archivos_fuente": [
      "Pictures/Fototeca de Fotos.photoslibrary/resources/derivatives/masters/F/F60C5014-E399-4FAA-BAD1-78B5DD986FD4_4_5005_c.jpeg"
    ],
    "ultima_modificacion": "2025-08-01 01:01:12.368811"
  },
  "f2149f6e2a4b42f3b1e9cb9e3907371545005c.jpeg": {
    "app_sintetizada": "F2149F6E2A4B42F3B1E9CB9E3907371545005C.JPEG",
    "cantidad_archivos": 1,
    "archivos_fuente": [
      "Pictures/Fototeca de Fotos.photoslibrary/resources/derivatives/masters/F/F2149F6E-2A4B-42F3-B1E9-CB9E39073715_4_5005_c.jpeg"
    ],
    "ultima_modificacion": "2025-08-01 01:01:12.369046"
  },
  "fa0d0ffabab14f0d826114e56bbb022b45005c.jpeg": {
    "app_sintetizada": "FA0D0FFABAB14F0D826114E56BBB022B45005C.JPEG",
    "cantidad_archivos": 1,
    "archivos_fuente": [
      "Pictures/Fototeca de Fotos.photoslibrary/resources/derivatives/masters/F/FA0D0FFA-BAB1-4F0D-8261-14E56BBB022B_4_5005_c.jpeg"
    ],
    "ultima_modificacion": "2025-08-01 01:01:12.369247"
  },
  "fb4617ac70844d53b3a8ac2a137bc16345005c.jpeg": {
    "app_sintetizada": "FB4617AC70844D53B3A8AC2A137BC16345005C.JPEG",
    "cantidad_archivos": 1,
    "archivos_fuente": [
      "Pictures/Fototeca de Fotos.photoslibrary/resources/derivatives/masters/F/FB4617AC-7084-4D53-B3A8-AC2A137BC163_4_5005_c.jpeg"
    ],
    "ultima_modificacion": "2025-08-01 01:01:12.369453"
  },
  "fd4bcd720df841afb08426e9bfbaee2f45005c.jpeg": {
    "app_sintetizada": "FD4BCD720DF841AFB08426E9BFBAEE2F45005C.JPEG",
    "cantidad_archivos": 1,
    "archivos_fuente": [
      "Pictures/Fototeca de Fotos.photoslibrary/resources/derivatives/masters/F/FD4BCD72-0DF8-41AF-B084-26E9BFBAEE2F_4_5005_c.jpeg"
    ],
    "ultima_modificacion": "2025-08-01 01:01:12.369657"
  },
  "fa655a8661114826ba62b36f8245f13b45005c.jpeg": {
    "app_sintetizada": "FA655A8661114826BA62B36F8245F13B45005C.JPEG",
    "cantidad_archivos": 1,
    "archivos_fuente": [
      "Pictures/Fototeca de Fotos.photoslibrary/resources/derivatives/masters/F/FA655A86-6111-4826-BA62-B36F8245F13B_4_5005_c.jpeg"
    ],
    "ultima_modificacion": "2025-08-01 01:01:12.369851"
  },
  "f68efb63f1364bbcbf2838d51f26937845005c.jpeg": {
    "app_sintetizada": "F68EFB63F1364BBCBF2838D51F26937845005C.JPEG",
    "cantidad_archivos": 1,
    "archivos_fuente": [
      "Pictures/Fototeca de Fotos.photoslibrary/resources/derivatives/masters/F/F68EFB63-F136-4BBC-BF28-38D51F269378_4_5005_c.jpeg"
    ],
    "ultima_modificacion": "2025-08-01 01:01:12.370054"
  },
  "f3e2acd719a146ae9dae0e4b22f9157545005c.jpeg": {
    "app_sintetizada": "F3E2ACD719A146AE9DAE0E4B22F9157545005C.JPEG",
    "cantidad_archivos": 1,
    "archivos_fuente": [
      "Pictures/Fototeca de Fotos.photoslibrary/resources/derivatives/masters/F/F3E2ACD7-19A1-46AE-9DAE-0E4B22F91575_4_5005_c.jpeg"
    ],
    "ultima_modificacion": "2025-08-01 01:01:12.370256"
  }
}