{
  "1cd3812288af4317ae9849ea21ef9b4845005c.jpeg": {
    "app_sintetizada": "1CD3812288AF4317AE9849EA21EF9B4845005C.JPEG",
    "cantidad_archivos": 1,
    "archivos_fuente": [
      "Pictures/Fototeca de Fotos.photoslibrary/resources/derivatives/masters/1/1CD38122-88AF-4317-AE98-49EA21EF9B48_4_5005_c.jpeg"
    ],
    "ultima_modificacion": "2025-08-01 01:01:09.951639"
  },
  "1d91566e8e404a978af0ed8f046c058445005c.jpeg": {
    "app_sintetizada": "1D91566E8E404A978AF0ED8F046C058445005C.JPEG",
    "cantidad_archivos": 1,
    "archivos_fuente": [
      "Pictures/Fototeca de Fotos.photoslibrary/resources/derivatives/masters/1/1D91566E-8E40-4A97-8AF0-ED8F046C0584_4_5005_c.jpeg"
    ],
    "ultima_modificacion": "2025-08-01 01:01:09.951980"
  },
  "177cbd942a4d437a93d1d98117172e5745005c.jpeg": {
    "app_sintetizada": "177CBD942A4D437A93D1D98117172E5745005C.JPEG",
    "cantidad_archivos": 1,
    "archivos_fuente": [
      "Pictures/Fototeca de Fotos.photoslibrary/resources/derivatives/masters/1/177CBD94-2A4D-437A-93D1-D98117172E57_4_5005_c.jpeg"
    ],
    "ultima_modificacion": "2025-08-01 01:01:09.952271"
  },
  "1177f00fb43346e2a2a7330956148be545005c.jpeg": {
    "app_sintetizada": "1177F00FB43346E2A2A7330956148BE545005C.JPEG",
    "cantidad_archivos": 1,
    "archivos_fuente": [
      "Pictures/Fototeca de Fotos.photoslibrary/resources/derivatives/masters/1/1177F00F-B433-46E2-A2A7-330956148BE5_4_5005_c.jpeg"
    ],
    "ultima_modificacion": "2025-08-01 01:01:09.952566"
  },
  "13549ddd1f9b4e73b91f2a619ea8ce2245005c.jpeg": {
    "app_sintetizada": "13549DDD1F9B4E73B91F2A619EA8CE2245005C.JPEG",
    "cantidad_archivos": 1,
    "archivos_fuente": [
      "Pictures/Fototeca de Fotos.photoslibrary/resources/derivatives/masters/1/13549DDD-1F9B-4E73-B91F-2A619EA8CE22_4_5005_c.jpeg"
    ],
    "ultima_modificacion": "2025-08-01 01:01:09.952870"
  },
  "115f93bb7bb04f7e8c529b1ade97ebb545005c.jpeg": {
    "app_sintetizada": "115F93BB7BB04F7E8C529B1ADE97EBB545005C.JPEG",
    "cantidad_archivos": 1,
    "archivos_fuente": [
      "Pictures/Fototeca de Fotos.photoslibrary/resources/derivatives/masters/1/115F93BB-7BB0-4F7E-8C52-9B1ADE97EBB5_4_5005_c.jpeg"
    ],
    "ultima_modificacion": "2025-08-01 01:01:09.953153"
  },
  "193752336f444faabcdf7e03043b9eae45005c.jpeg": {
    "app_sintetizada": "193752336F444FAABCDF7E03043B9EAE45005C.JPEG",
    "cantidad_archivos": 1,
    "archivos_fuente": [
      "Pictures/Fototeca de Fotos.photoslibrary/resources/derivatives/masters/1/19375233-6F44-4FAA-BCDF-7E03043B9EAE_4_5005_c.jpeg"
    ],
    "ultima_modificacion": "2025-08-01 01:01:09.953489"
  },
  "13753c4a1d2e472898051cd3be0e2dc345005c.jpeg": {
    "app_sintetizada": "13753C4A1D2E472898051CD3BE0E2DC345005C.JPEG",
    "cantidad_archivos": 1,
    "archivos_fuente": [
      "Pictures/Fototeca de Fotos.photoslibrary/resources/derivatives/masters/1/13753C4A-1D2E-4728-9805-1CD3BE0E2DC3_4_5005_c.jpeg"
    ],
    "ultima_modificacion": "2025-08-01 01:01:09.953796"
  },
  "197c34ee19424edd8af922c0c8d4d1b645005c.jpeg": {
    "app_sintetizada": "197C34EE19424EDD8AF922C0C8D4D1B645005C.JPEG",
    "cantidad_archivos": 1,
    "archivos_fuente": [
      "Pictures/Fototeca de Fotos.photoslibrary/resources/derivatives/masters/1/197C34EE-1942-4EDD-8AF9-22C0C8D4D1B6_4_5005_c.jpeg"
    ],
    "ultima_modificacion": "2025-08-01 01:01:09.954136"
  },
  "130b58681b4a4e87a04691ac4fd3bf6245005c.jpeg": {
    "app_sintetizada": "130B58681B4A4E87A04691AC4FD3BF6245005C.JPEG",
    "cantidad_archivos": 1,
    "archivos_fuente": [
      "Pictures/Fototeca de Fotos.photoslibrary/resources/derivatives/masters/1/130B5868-1B4A-4E87-A046-91AC4FD3BF62_4_5005_c.jpeg"
    ],
    "ultima_modificacion": "2025-08-01 01:01:09.954468"
  },
  "17ac45e6a4fb4317977a8ca551df9b3e45005c.jpeg": {
    "app_sintetizada": "17AC45E6A4FB4317977A8CA551DF9B3E45005C.JPEG",
    "cantidad_archivos": 1,
    "archivos_fuente": [
      "Pictures/Fototeca de Fotos.photoslibrary/resources/derivatives/masters/1/17AC45E6-A4FB-4317-977A-8CA551DF9B3E_4_5005_c.jpeg"
    ],
    "ultima_modificacion": "2025-08-01 01:01:09.954794"
  },
  "135f4718370e40fd9ab17ff705d7efda45005c.jpeg": {
    "app_sintetizada": "135F4718370E40FD9AB17FF705D7EFDA45005C.JPEG",
    "cantidad_archivos": 1,
    "archivos_fuente": [
      "Pictures/Fototeca de Fotos.photoslibrary/resources/derivatives/masters/1/135F4718-370E-40FD-9AB1-7FF705D7EFDA_4_5005_c.jpeg"
    ],
    "ultima_modificacion": "2025-08-01 01:01:09.955128"
  },
  "1e91d423985146fb8d31ca7cb1b4a2ba45005c.jpeg": {
    "app_sintetizada": "1E91D423985146FB8D31CA7CB1B4A2BA45005C.JPEG",
    "cantidad_archivos": 1,
    "archivos_fuente": [
      "Pictures/Fototeca de Fotos.photoslibrary/resources/derivatives/masters/1/1E91D423-9851-46FB-8D31-CA7CB1B4A2BA_4_5005_c.jpeg"
    ],
    "ultima_modificacion": "2025-08-01 01:01:09.955448"
  },
  "13bc02fd6b4a42259fa57e88fe99bac045005c.jpeg": {
    "app_sintetizada": "13BC02FD6B4A42259FA57E88FE99BAC045005C.JPEG",
    "cantidad_archivos": 1,
    "archivos_fuente": [
      "Pictures/Fototeca de Fotos.photoslibrary/resources/derivatives/masters/1/13BC02FD-6B4A-4225-9FA5-7E88FE99BAC0_4_5005_c.jpeg"
    ],
    "ultima_modificacion": "2025-08-01 01:01:09.955806"
  },
  "11233c2b9e554ec7af0cff3c975e503a45005c.jpeg": {
    "app_sintetizada": "11233C2B9E554EC7AF0CFF3C975E503A45005C.JPEG",
    "cantidad_archivos": 1,
    "archivos_fuente": [
      "Pictures/Fototeca de Fotos.photoslibrary/resources/derivatives/masters/1/11233C2B-9E55-4EC7-AF0C-FF3C975E503A_4_5005_c.jpeg"
    ],
    "ultima_modificacion": "2025-08-01 01:01:09.956284"
  },
  "1978d254ac8c453a8595f7f77b2e0c8f45005c.jpeg": {
    "app_sintetizada": "1978D254AC8C453A8595F7F77B2E0C8F45005C.JPEG",
    "cantidad_archivos": 1,
    "archivos_fuente": [
      "Pictures/Fototeca de Fotos.photoslibrary/resources/derivatives/masters/1/1978D254-AC8C-453A-8595-F7F77B2E0C8F_4_5005_c.jpeg"
    ],
    "ultima_modificacion": "2025-08-01 01:01:09.956637"
  },
  "1ff06506a8094fa49813b15ea4e8171a45005c.jpeg": {
    "app_sintetizada": "1FF06506A8094FA49813B15EA4E8171A45005C.JPEG",
    "cantidad_archivos": 1,
    "archivos_fuente": [
      "Pictures/Fototeca de Fotos.photoslibrary/resources/derivatives/masters/1/1FF06506-A809-4FA4-9813-B15EA4E8171A_4_5005_c.jpeg"
    ],
    "ultima_modificacion": "2025-08-01 01:01:09.956948"
  },
  "1bccbc16486b4e2a83b6538d71dcfd8c45005c.jpeg": {
    "app_sintetizada": "1BCCBC16486B4E2A83B6538D71DCFD8C45005C.JPEG",
    "cantidad_archivos": 1,
    "archivos_fuente": [
      "Pictures/Fototeca de Fotos.photoslibrary/resources/derivatives/masters/1/1BCCBC16-486B-4E2A-83B6-538D71DCFD8C_4_5005_c.jpeg"
    ],
    "ultima_modificacion": "2025-08-01 01:01:09.957281"
  },
  "10fc6d4072d845ca9dc76764011e4c8945005c.jpeg": {
    "app_sintetizada": "10FC6D4072D845CA9DC76764011E4C8945005C.JPEG",
    "cantidad_archivos": 1,
    "archivos_fuente": [
      "Pictures/Fototeca de Fotos.photoslibrary/resources/derivatives/masters/1/10FC6D40-72D8-45CA-9DC7-6764011E4C89_4_5005_c.jpeg"
    ],
    "ultima_modificacion": "2025-08-01 01:01:09.957583"
  },
  "179f4726e0614941a2951ac4d4b6b3b845005c.jpeg": {
    "app_sintetizada": "179F4726E0614941A2951AC4D4B6B3B845005C.JPEG",
    "cantidad_archivos": 1,
    "archivos_fuente": [
      "Pictures/Fototeca de Fotos.photoslibrary/resources/derivatives/masters/1/179F4726-E061-4941-A295-1AC4D4B6B3B8_4_5005_c.jpeg"
    ],
    "ultima_modificacion": "2025-08-01 01:01:09.957898"
  },
  "188032b186864e579526ff5f789cd99945005c.jpeg": {
    "app_sintetizada": "188032B186864E579526FF5F789CD99945005C.JPEG",
    "cantidad_archivos": 1,
    "archivos_fuente": [
      "Pictures/Fototeca de Fotos.photoslibrary/resources/derivatives/masters/1/188032B1-8686-4E57-9526-FF5F789CD999_4_5005_c.jpeg"
    ],
    "ultima_modificacion": "2025-08-01 01:01:09.958222"
  },
  "1c4e1c1cb4b4463999ec6805c8b8969c45005c.jpeg": {
    "app_sintetizada": "1C4E1C1CB4B4463999EC6805C8B8969C45005C.JPEG",
    "cantidad_archivos": 1,
    "archivos_fuente": [
      "Pictures/Fototeca de Fotos.photoslibrary/resources/derivatives/masters/1/1C4E1C1C-B4B4-4639-99EC-6805C8B8969C_4_5005_c.jpeg"
    ],
    "ultima_modificacion": "2025-08-01 01:01:09.958532"
  },
  "11fbc2d2a77d4b80bdf531ff7819864745005c.jpeg": {
    "app_sintetizada": "11FBC2D2A77D4B80BDF531FF7819864745005C.JPEG",
    "cantidad_archivos": 1,
    "archivos_fuente": [
      "Pictures/Fototeca de Fotos.photoslibrary/resources/derivatives/masters/1/11FBC2D2-A77D-4B80-BDF5-31FF78198647_4_5005_c.jpeg"
    ],
    "ultima_modificacion": "2025-08-01 01:01:09.958861"
  },
  "1c256d0f8a1348a3ac109ba34bb3801145005c.jpeg": {
    "app_sintetizada": "1C256D0F8A1348A3AC109BA34BB3801145005C.JPEG",
    "cantidad_archivos": 1,
    "archivos_fuente": [
      "Pictures/Fototeca de Fotos.photoslibrary/resources/derivatives/masters/1/1C256D0F-8A13-48A3-AC10-9BA34BB38011_4_5005_c.jpeg"
    ],
    "ultima_modificacion": "2025-08-01 01:01:09.959213"
  },
  "19f847ae8dac4014859d595af583138045005c.jpeg": {
    "app_sintetizada": "19F847AE8DAC4014859D595AF583138045005C.JPEG",
    "cantidad_archivos": 1,
    "archivos_fuente": [
      "Pictures/Fototeca de Fotos.photoslibrary/resources/derivatives/masters/1/19F847AE-8DAC-4014-859D-595AF5831380_4_5005_c.jpeg"
    ],
    "ultima_modificacion": "2025-08-01 01:01:09.959513"
  },
  "193a852d9a6843b3923d39fb2b4c2d3045005c.jpeg": {
    "app_sintetizada": "193A852D9A6843B3923D39FB2B4C2D3045005C.JPEG",
    "cantidad_archivos": 1,
    "archivos_fuente": [
      "Pictures/Fototeca de Fotos.photoslibrary/resources/derivatives/masters/1/193A852D-9A68-43B3-923D-39FB2B4C2D30_4_5005_c.jpeg"
    ],
    "ultima_modificacion": "2025-08-01 01:01:09.959808"
  },
  "1ec7a84164da477ebf5ad01351e375ed45005c.jpeg": {
    "app_sintetizada": "1EC7A84164DA477EBF5AD01351E375ED45005C.JPEG",
    "cantidad_archivos": 1,
    "archivos_fuente": [
      "Pictures/Fototeca de Fotos.photoslibrary/resources/derivatives/masters/1/1EC7A841-64DA-477E-BF5A-D01351E375ED_4_5005_c.jpeg"
    ],
    "ultima_modificacion": "2025-08-01 01:01:09.960161"
  },
  "186e1516bcdb4d3bb64417cdfd3186e245005c.jpeg": {
    "app_sintetizada": "186E1516BCDB4D3BB64417CDFD3186E245005C.JPEG",
    "cantidad_archivos": 1,
    "archivos_fuente": [
      "Pictures/Fototeca de Fotos.photoslibrary/resources/derivatives/masters/1/186E1516-BCDB-4D3B-B644-17CDFD3186E2_4_5005_c.jpeg"
    ],
    "ultima_modificacion": "2025-08-01 01:01:09.960503"
  },
  "1d5153951c1e48818175fadbd5403fa245005c.jpeg": {
    "app_sintetizada": "1D5153951C1E48818175FADBD5403FA245005C.JPEG",
    "cantidad_archivos": 1,
    "archivos_fuente": [
      "Pictures/Fototeca de Fotos.photoslibrary/resources/derivatives/masters/1/1D515395-1C1E-4881-8175-FADBD5403FA2_4_5005_c.jpeg"
    ],
    "ultima_modificacion": "2025-08-01 01:01:09.960855"
  },
  "16f4b6ae64994bf78cb904a43deb8b6f45005c.jpeg": {
    "app_sintetizada": "16F4B6AE64994BF78CB904A43DEB8B6F45005C.JPEG",
    "cantidad_archivos": 1,
    "archivos_fuente": [
      "Pictures/Fototeca de Fotos.photoslibrary/resources/derivatives/masters/1/16F4B6AE-6499-4BF7-8CB9-04A43DEB8B6F_4_5005_c.jpeg"
    ],
    "ultima_modificacion": "2025-08-01 01:01:09.961157"
  },
  "1275fb3441934d74b814bc22609531a545005c.jpeg": {
    "app_sintetizada": "1275FB3441934D74B814BC22609531A545005C.JPEG",
    "cantidad_archivos": 1,
    "archivos_fuente": [
      "Pictures/Fototeca de Fotos.photoslibrary/resources/derivatives/masters/1/1275FB34-4193-4D74-B814-BC22609531A5_4_5005_c.jpeg"
    ],
    "ultima_modificacion": "2025-08-01 01:01:09.961399"
  },
  "112e292e1b674468a8634aa0ab8052eb45005c.jpeg": {
    "app_sintetizada": "112E292E1B674468A8634AA0AB8052EB45005C.JPEG",
    "cantidad_archivos": 1,
    "archivos_fuente": [
      "Pictures/Fototeca de Fotos.photoslibrary/resources/derivatives/masters/1/112E292E-1B67-4468-A863-4AA0AB8052EB_4_5005_c.jpeg"
    ],
    "ultima_modificacion": "2025-08-01 01:01:09.961694"
  },
  "14e76b0bff1748449e53337615ad183a45005c.jpeg": {
    "app_sintetizada": "14E76B0BFF1748449E53337615AD183A45005C.JPEG",
    "cantidad_archivos": 1,
    "archivos_fuente": [
      "Pictures/Fototeca de Fotos.photoslibrary/resources/derivatives/masters/1/14E76B0B-FF17-4844-9E53-337615AD183A_4_5005_c.jpeg"
    ],
    "ultima_modificacion": "2025-08-01 01:01:09.962008"
  },
  "1d204b74ae0e425eb6d776335e5b80da45005c.jpeg": {
    "app_sintetizada": "1D204B74AE0E425EB6D776335E5B80DA45005C.JPEG",
    "cantidad_archivos": 1,
    "archivos_fuente": [
      "Pictures/Fototeca de Fotos.photoslibrary/resources/derivatives/masters/1/1D204B74-AE0E-425E-B6D7-76335E5B80DA_4_5005_c.jpeg"
    ],
    "ultima_modificacion": "2025-08-01 01:01:09.962296"
  },
  "16109a834f924b1f93695f7b848a8e5845005c.jpeg": {
    "app_sintetizada": "16109A834F924B1F93695F7B848A8E5845005C.JPEG",
    "cantidad_archivos": 1,
    "archivos_fuente": [
      "Pictures/Fototeca de Fotos.photoslibrary/resources/derivatives/masters/1/16109A83-4F92-4B1F-9369-5F7B848A8E58_4_5005_c.jpeg"
    ],
    "ultima_modificacion": "2025-08-01 01:01:09.962647"
  },
  "12177ff529e74b34a29564a147a02ad945005c.jpeg": {
    "app_sintetizada": "12177FF529E74B34A29564A147A02AD945005C.JPEG",
    "cantidad_archivos": 1,
    "archivos_fuente": [
      "Pictures/Fototeca de Fotos.photoslibrary/resources/derivatives/masters/1/12177FF5-29E7-4B34-A295-64A147A02AD9_4_5005_c.jpeg"
    ],
    "ultima_modificacion": "2025-08-01 01:01:09.962983"
  },
  "1495ee8e8c0d441c8633bff2b732197b45005c.jpeg": {
    "app_sintetizada": "1495EE8E8C0D441C8633BFF2B732197B45005C.JPEG",
    "cantidad_archivos": 1,
    "archivos_fuente": [
      "Pictures/Fototeca de Fotos.photoslibrary/resources/derivatives/masters/1/1495EE8E-8C0D-441C-8633-BFF2B732197B_4_5005_c.jpeg"
    ],
    "ultima_modificacion": "2025-08-01 01:01:09.963303"
  },
  "181f5e9835fd4599a68d3b7f4ef6dbb245005c.jpeg": {
    "app_sintetizada": "181F5E9835FD4599A68D3B7F4EF6DBB245005C.JPEG",
    "cantidad_archivos": 1,
    "archivos_fuente": [
      "Pictures/Fototeca de Fotos.photoslibrary/resources/derivatives/masters/1/181F5E98-35FD-4599-A68D-3B7F4EF6DBB2_4_5005_c.jpeg"
    ],
    "ultima_modificacion": "2025-08-01 01:01:09.963581"
  },
  "1414560598a344f3a9c965e505088fb445005c.jpeg": {
    "app_sintetizada": "1414560598A344F3A9C965E505088FB445005C.JPEG",
    "cantidad_archivos": 1,
    "archivos_fuente": [
      "Pictures/Fototeca de Fotos.photoslibrary/resources/derivatives/masters/1/14145605-98A3-44F3-A9C9-65E505088FB4_4_5005_c.jpeg"
    ],
    "ultima_modificacion": "2025-08-01 01:01:09.963932"
  },
  "10d1e47f28ea4182a6fd687f7f37109a45005c.jpeg": {
    "app_sintetizada": "10D1E47F28EA4182A6FD687F7F37109A45005C.JPEG",
    "cantidad_archivos": 1,
    "archivos_fuente": [
      "Pictures/Fototeca de Fotos.photoslibrary/resources/derivatives/masters/1/10D1E47F-28EA-4182-A6FD-687F7F37109A_4_5005_c.jpeg"
    ],
    "ultima_modificacion": "2025-08-01 01:01:09.964192"
  },
  "10e3a6cc3a604c578d35550e567b6fd045005c.jpeg": {
    "app_sintetizada": "10E3A6CC3A604C578D35550E567B6FD045005C.JPEG",
    "cantidad_archivos": 1,
    "archivos_fuente": [
      "Pictures/Fototeca de Fotos.photoslibrary/resources/derivatives/masters/1/10E3A6CC-3A60-4C57-8D35-550E567B6FD0_4_5005_c.jpeg"
    ],
    "ultima_modificacion": "2025-08-01 01:01:09.964453"
  },
  "1648377782524c6d809c57418c1ba53145005c.jpeg": {
    "app_sintetizada": "1648377782524C6D809C57418C1BA53145005C.JPEG",
    "cantidad_archivos": 1,
    "archivos_fuente": [
      "Pictures/Fototeca de Fotos.photoslibrary/resources/derivatives/masters/1/16483777-8252-4C6D-809C-57418C1BA531_4_5005_c.jpeg"
    ],
    "ultima_modificacion": "2025-08-01 01:01:09.964743"
  },
  "182168a5764c4fee8ec6d5393ae8224745005c.jpeg": {
    "app_sintetizada": "182168A5764C4FEE8EC6D5393AE8224745005C.JPEG",
    "cantidad_archivos": 1,
    "archivos_fuente": [
      "Pictures/Fototeca de Fotos.photoslibrary/resources/derivatives/masters/1/182168A5-764C-4FEE-8EC6-D5393AE82247_4_5005_c.jpeg"
    ],
    "ultima_modificacion": "2025-08-01 01:01:09.964990"
  },
  "1fa8104cddb7459cb057c9d13ac5343745005c.jpeg": {
    "app_sintetizada": "1FA8104CDDB7459CB057C9D13AC5343745005C.JPEG",
    "cantidad_archivos": 1,
    "archivos_fuente": [
      "Pictures/Fototeca de Fotos.photoslibrary/resources/derivatives/masters/1/1FA8104C-DDB7-459C-B057-C9D13AC53437_4_5005_c.jpeg"
    ],
    "ultima_modificacion": "2025-08-01 01:01:09.965298"
  },
  "16b7cdc454bd4cf393a209f9bc9b557a45005c.jpeg": {
    "app_sintetizada": "16B7CDC454BD4CF393A209F9BC9B557A45005C.JPEG",
    "cantidad_archivos": 1,
    "archivos_fuente": [
      "Pictures/Fototeca de Fotos.photoslibrary/resources/derivatives/masters/1/16B7CDC4-54BD-4CF3-93A2-09F9BC9B557A_4_5005_c.jpeg"
    ],
    "ultima_modificacion": "2025-08-01 01:01:09.965639"
  },
  "1e741f0e4d0c4a568e94e6af9c2e213e45005c.jpeg": {
    "app_sintetizada": "1E741F0E4D0C4A568E94E6AF9C2E213E45005C.JPEG",
    "cantidad_archivos": 1,
    "archivos_fuente": [
      "Pictures/Fototeca de Fotos.photoslibrary/resources/derivatives/masters/1/1E741F0E-4D0C-4A56-8E94-E6AF9C2E213E_4_5005_c.jpeg"
    ],
    "ultima_modificacion": "2025-08-01 01:01:09.965961"
  },
  "186f7920654e49fbbf1aafc059ad051e45005c.jpeg": {
    "app_sintetizada": "186F7920654E49FBBF1AAFC059AD051E45005C.JPEG",
    "cantidad_archivos": 1,
    "archivos_fuente": [
      "Pictures/Fototeca de Fotos.photoslibrary/resources/derivatives/masters/1/186F7920-654E-49FB-BF1A-AFC059AD051E_4_5005_c.jpeg"
    ],
    "ultima_modificacion": "2025-08-01 01:01:09.966264"
  },
  "1f6130e9505d4fc08e781e8844ed893b45005c.jpeg": {
    "app_sintetizada": "1F6130E9505D4FC08E781E8844ED893B45005C.JPEG",
    "cantidad_archivos": 1,
    "archivos_fuente": [
      "Pictures/Fototeca de Fotos.photoslibrary/resources/derivatives/masters/1/1F6130E9-505D-4FC0-8E78-1E8844ED893B_4_5005_c.jpeg"
    ],
    "ultima_modificacion": "2025-08-01 01:01:09.966539"
  },
  "1887526e5de347a7814540baf8ba541445005c.jpeg": {
    "app_sintetizada": "1887526E5DE347A7814540BAF8BA541445005C.JPEG",
    "cantidad_archivos": 1,
    "archivos_fuente": [
      "Pictures/Fototeca de Fotos.photoslibrary/resources/derivatives/masters/1/1887526E-5DE3-47A7-8145-40BAF8BA5414_4_5005_c.jpeg"
    ],
    "ultima_modificacion": "2025-08-01 01:01:09.966847"
  },
  "147241136c014358ad3a8027c35c471b45005c.jpeg": {
    "app_sintetizada": "147241136C014358AD3A8027C35C471B45005C.JPEG",
    "cantidad_archivos": 1,
    "archivos_fuente": [
      "Pictures/Fototeca de Fotos.photoslibrary/resources/derivatives/masters/1/14724113-6C01-4358-AD3A-8027C35C471B_4_5005_c.jpeg"
    ],
    "ultima_modificacion": "2025-08-01 01:01:09.967111"
  },
  "174914431cef4dd5a9dfb34f8a038e5045005c.jpeg": {
    "app_sintetizada": "174914431CEF4DD5A9DFB34F8A038E5045005C.JPEG",
    "cantidad_archivos": 1,
    "archivos_fuente": [
      "Pictures/Fototeca de Fotos.photoslibrary/resources/derivatives/masters/1/17491443-1CEF-4DD5-A9DF-B34F8A038E50_4_5005_c.jpeg"
    ],
    "ultima_modificacion": "2025-08-01 01:01:09.967459"
  },
  "168205a18be44667952e9d40c96e6f1945005c.jpeg": {
    "app_sintetizada": "168205A18BE44667952E9D40C96E6F1945005C.JPEG",
    "cantidad_archivos": 1,
    "archivos_fuente": [
      "Pictures/Fototeca de Fotos.photoslibrary/resources/derivatives/masters/1/168205A1-8BE4-4667-952E-9D40C96E6F19_4_5005_c.jpeg"
    ],
    "ultima_modificacion": "2025-08-01 01:01:09.967739"
  },
  "19ed50d582a44c769b7545a2072f473445005c.jpeg": {
    "app_sintetizada": "19ED50D582A44C769B7545A2072F473445005C.JPEG",
    "cantidad_archivos": 1,
    "archivos_fuente": [
      "Pictures/Fototeca de Fotos.photoslibrary/resources/derivatives/masters/1/19ED50D5-82A4-4C76-9B75-45A2072F4734_4_5005_c.jpeg"
    ],
    "ultima_modificacion": "2025-08-01 01:01:09.968020"
  },
  "197786acec524eb5b67c52dd0a14102445005c.jpeg": {
    "app_sintetizada": "197786ACEC524EB5B67C52DD0A14102445005C.JPEG",
    "cantidad_archivos": 1,
    "archivos_fuente": [
      "Pictures/Fototeca de Fotos.photoslibrary/resources/derivatives/masters/1/197786AC-EC52-4EB5-B67C-52DD0A141024_4_5005_c.jpeg"
    ],
    "ultima_modificacion": "2025-08-01 01:01:09.968345"
  },
  "1902922cf37a4af79c37fc3a65c2464d45005c.jpeg": {
    "app_sintetizada": "1902922CF37A4AF79C37FC3A65C2464D45005C.JPEG",
    "cantidad_archivos": 1,
    "archivos_fuente": [
      "Pictures/Fototeca de Fotos.photoslibrary/resources/derivatives/masters/1/1902922C-F37A-4AF7-9C37-FC3A65C2464D_4_5005_c.jpeg"
    ],
    "ultima_modificacion": "2025-08-01 01:01:09.968580"
  },
  "139c32cfb4d94760b52fbd416ce7896d45005c.jpeg": {
    "app_sintetizada": "139C32CFB4D94760B52FBD416CE7896D45005C.JPEG",
    "cantidad_archivos": 1,
    "archivos_fuente": [
      "Pictures/Fototeca de Fotos.photoslibrary/resources/derivatives/masters/1/139C32CF-B4D9-4760-B52F-BD416CE7896D_4_5005_c.jpeg"
    ],
    "ultima_modificacion": "2025-08-01 01:01:09.968790"
  },
  "137130b096f34454867fa3fb511cc43e45005c.jpeg": {
    "app_sintetizada": "137130B096F34454867FA3FB511CC43E45005C.JPEG",
    "cantidad_archivos": 1,
    "archivos_fuente": [
      "Pictures/Fototeca de Fotos.photoslibrary/resources/derivatives/masters/1/137130B0-96F3-4454-867F-A3FB511CC43E_4_5005_c.jpeg"
    ],
    "ultima_modificacion": "2025-08-01 01:01:09.968991"
  },
  "143665b501e549cabd8d0d3c76b1b50045005c.jpeg": {
    "app_sintetizada": "143665B501E549CABD8D0D3C76B1B50045005C.JPEG",
    "cantidad_archivos": 1,
    "archivos_fuente": [
      "Pictures/Fototeca de Fotos.photoslibrary/resources/derivatives/masters/1/143665B5-01E5-49CA-BD8D-0D3C76B1B500_4_5005_c.jpeg"
    ],
    "ultima_modificacion": "2025-08-01 01:01:09.969220"
  },
  "170d00b203aa4bd899af137ea5299cb045005c.jpeg": {
    "app_sintetizada": "170D00B203AA4BD899AF137EA5299CB045005C.JPEG",
    "cantidad_archivos": 1,
    "archivos_fuente": [
      "Pictures/Fototeca de Fotos.photoslibrary/resources/derivatives/masters/1/170D00B2-03AA-4BD8-99AF-137EA5299CB0_4_5005_c.jpeg"
    ],
    "ultima_modificacion": "2025-08-01 01:01:09.969426"
  },
  "18ba917988c9446eab6ab7afae54708945005c.jpeg": {
    "app_sintetizada": "18BA917988C9446EAB6AB7AFAE54708945005C.JPEG",
    "cantidad_archivos": 1,
    "archivos_fuente": [
      "Pictures/Fototeca de Fotos.photoslibrary/resources/derivatives/masters/1/18BA9179-88C9-446E-AB6A-B7AFAE547089_4_5005_c.jpeg"
    ],
    "ultima_modificacion": "2025-08-01 01:01:09.969615"
  },
  "12271babc52c45a6b86127ce23bf4bef45005c.jpeg": {
    "app_sintetizada": "12271BABC52C45A6B86127CE23BF4BEF45005C.JPEG",
    "cantidad_archivos": 1,
    "archivos_fuente": [
      "Pictures/Fototeca de Fotos.photoslibrary/resources/derivatives/masters/1/12271BAB-C52C-45A6-B861-27CE23BF4BEF_4_5005_c.jpeg"
    ],
    "ultima_modificacion": "2025-08-01 01:01:09.969808"
  },
  "148161f96873417b8acd87d52a41343845005c.jpeg": {
    "app_sintetizada": "148161F96873417B8ACD87D52A41343845005C.JPEG",
    "cantidad_archivos": 1,
    "archivos_fuente": [
      "Pictures/Fototeca de Fotos.photoslibrary/resources/derivatives/masters/1/148161F9-6873-417B-8ACD-87D52A413438_4_5005_c.jpeg"
    ],
    "ultima_modificacion": "2025-08-01 01:01:09.970062"
  },
  "15f88ee2d97049ef99025f5242363ddc45005c.jpeg": {
    "app_sintetizada": "15F88EE2D97049EF99025F5242363DDC45005C.JPEG",
    "cantidad_archivos": 1,
    "archivos_fuente": [
      "Pictures/Fototeca de Fotos.photoslibrary/resources/derivatives/masters/1/15F88EE2-D970-49EF-9902-5F5242363DDC_4_5005_c.jpeg"
    ],
    "ultima_modificacion": "2025-08-01 01:01:09.970395"
  },
  "17f4e565f3ea4bddb1ba1d3d07a8755f45005c.jpeg": {
    "app_sintetizada": "17F4E565F3EA4BDDB1BA1D3D07A8755F45005C.JPEG",
    "cantidad_archivos": 1,
    "archivos_fuente": [
      "Pictures/Fototeca de Fotos.photoslibrary/resources/derivatives/masters/1/17F4E565-F3EA-4BDD-B1BA-1D3D07A8755F_4_5005_c.jpeg"
    ],
    "ultima_modificacion": "2025-08-01 01:01:09.970795"
  },
  "11f8d3ddbbac49d3bcef0ed7217b019945005c.jpeg": {
    "app_sintetizada": "11F8D3DDBBAC49D3BCEF0ED7217B019945005C.JPEG",
    "cantidad_archivos": 1,
    "archivos_fuente": [
      "Pictures/Fototeca de Fotos.photoslibrary/resources/derivatives/masters/1/11F8D3DD-BBAC-49D3-BCEF-0ED7217B0199_4_5005_c.jpeg"
    ],
    "ultima_modificacion": "2025-08-01 01:01:09.971031"
  },
  "16929d6bfefb464d945a3cc5a87628c645005c.jpeg": {
    "app_sintetizada": "16929D6BFEFB464D945A3CC5A87628C645005C.JPEG",
    "cantidad_archivos": 1,
    "archivos_fuente": [
      "Pictures/Fototeca de Fotos.photoslibrary/resources/derivatives/masters/1/16929D6B-FEFB-464D-945A-3CC5A87628C6_4_5005_c.jpeg"
    ],
    "ultima_modificacion": "2025-08-01 01:01:09.971352"
  },
  "167505286258420f929929852b5ad93145005c.jpeg": {
    "app_sintetizada": "167505286258420F929929852B5AD93145005C.JPEG",
    "cantidad_archivos": 1,
    "archivos_fuente": [
      "Pictures/Fototeca de Fotos.photoslibrary/resources/derivatives/masters/1/16750528-6258-420F-9299-29852B5AD931_4_5005_c.jpeg"
    ],
    "ultima_modificacion": "2025-08-01 01:01:09.971612"
  },
  "1913eb18b80d40418106370e050a7a5545005c.jpeg": {
    "app_sintetizada": "1913EB18B80D40418106370E050A7A5545005C.JPEG",
    "cantidad_archivos": 1,
    "archivos_fuente": [
      "Pictures/Fototeca de Fotos.photoslibrary/resources/derivatives/masters/1/1913EB18-B80D-4041-8106-370E050A7A55_4_5005_c.jpeg"
    ],
    "ultima_modificacion": "2025-08-01 01:01:09.971849"
  },
  "197149d8363641a48436786f81a6d37a45005c.jpeg": {
    "app_sintetizada": "197149D8363641A48436786F81A6D37A45005C.JPEG",
    "cantidad_archivos": 1,
    "archivos_fuente": [
      "Pictures/Fototeca de Fotos.photoslibrary/resources/derivatives/masters/1/197149D8-3636-41A4-8436-786F81A6D37A_4_5005_c.jpeg"
    ],
    "ultima_modificacion": "2025-08-01 01:01:09.972107"
  },
  "1d2e467780a241fb97da00ac2ab40d4a45005c.jpeg": {
    "app_sintetizada": "1D2E467780A241FB97DA00AC2AB40D4A45005C.JPEG",
    "cantidad_archivos": 1,
    "archivos_fuente": [
      "Pictures/Fototeca de Fotos.photoslibrary/resources/derivatives/masters/1/1D2E4677-80A2-41FB-97DA-00AC2AB40D4A_4_5005_c.jpeg"
    ],
    "ultima_modificacion": "2025-08-01 01:01:09.972364"
  },
  "1fb79457a0494982bb4053bb1f48fe3045005c.jpeg": {
    "app_sintetizada": "1FB79457A0494982BB4053BB1F48FE3045005C.JPEG",
    "cantidad_archivos": 1,
    "archivos_fuente": [
      "Pictures/Fototeca de Fotos.photoslibrary/resources/derivatives/masters/1/1FB79457-A049-4982-BB40-53BB1F48FE30_4_5005_c.jpeg"
    ],
    "ultima_modificacion": "2025-08-01 01:01:09.972622"
  },
  "1c97f948512c4637a02bdf9609f7eaa345005c.jpeg": {
    "app_sintetizada": "1C97F948512C4637A02BDF9609F7EAA345005C.JPEG",
    "cantidad_archivos": 1,
    "archivos_fuente": [
      "Pictures/Fototeca de Fotos.photoslibrary/resources/derivatives/masters/1/1C97F948-512C-4637-A02B-DF9609F7EAA3_4_5005_c.jpeg"
    ],
    "ultima_modificacion": "2025-08-01 01:01:09.972938"
  },
  "1d1e0e9fdefb4348ad137831c10fd1f045005c.jpeg": {
    "app_sintetizada": "1D1E0E9FDEFB4348AD137831C10FD1F045005C.JPEG",
    "cantidad_archivos": 1,
    "archivos_fuente": [
      "Pictures/Fototeca de Fotos.photoslibrary/resources/derivatives/masters/1/1D1E0E9F-DEFB-4348-AD13-7831C10FD1F0_4_5005_c.jpeg"
    ],
    "ultima_modificacion": "2025-08-01 01:01:09.973204"
  },
  "1c7f63ea3fb9496c96fbc3609bbcbae845005c.jpeg": {
    "app_sintetizada": "1C7F63EA3FB9496C96FBC3609BBCBAE845005C.JPEG",
    "cantidad_archivos": 1,
    "archivos_fuente": [
      "Pictures/Fototeca de Fotos.photoslibrary/resources/derivatives/masters/1/1C7F63EA-3FB9-496C-96FB-C3609BBCBAE8_4_5005_c.jpeg"
    ],
    "ultima_modificacion": "2025-08-01 01:01:09.973532"
  },
  "1fbad892877f47ae95f0481dc4aa88e745005c.jpeg": {
    "app_sintetizada": "1FBAD892877F47AE95F0481DC4AA88E745005C.JPEG",
    "cantidad_archivos": 1,
    "archivos_fuente": [
      "Pictures/Fototeca de Fotos.photoslibrary/resources/derivatives/masters/1/1FBAD892-877F-47AE-95F0-481DC4AA88E7_4_5005_c.jpeg"
    ],
    "ultima_modificacion": "2025-08-01 01:01:09.973826"
  },
  "147c2797132e463e8b98575ff418f17c45005c.jpeg": {
    "app_sintetizada": "147C2797132E463E8B98575FF418F17C45005C.JPEG",
    "cantidad_archivos": 1,
    "archivos_fuente": [
      "Pictures/Fototeca de Fotos.photoslibrary/resources/derivatives/masters/1/147C2797-132E-463E-8B98-575FF418F17C_4_5005_c.jpeg"
    ],
    "ultima_modificacion": "2025-08-01 01:01:09.974057"
  },
  "1cbcc0f9b8694623b04b371489188b4b45005c.jpeg": {
    "app_sintetizada": "1CBCC0F9B8694623B04B371489188B4B45005C.JPEG",
    "cantidad_archivos": 1,
    "archivos_fuente": [
      "Pictures/Fototeca de Fotos.photoslibrary/resources/derivatives/masters/1/1CBCC0F9-B869-4623-B04B-371489188B4B_4_5005_c.jpeg"
    ],
    "ultima_modificacion": "2025-08-01 01:01:09.974278"
  },
  "127ac91c9fca44fd91959c0b1decb65d45005c.jpeg": {
    "app_sintetizada": "127AC91C9FCA44FD91959C0B1DECB65D45005C.JPEG",
    "cantidad_archivos": 1,
    "archivos_fuente": [
      "Pictures/Fototeca de Fotos.photoslibrary/resources/derivatives/masters/1/127AC91C-9FCA-44FD-9195-9C0B1DECB65D_4_5005_c.jpeg"
    ],
    "ultima_modificacion": "2025-08-01 01:01:09.974494"
  },
  "1c712cdcb8664ccc93ff566f0b25a4de45005c.jpeg": {
    "app_sintetizada": "1C712CDCB8664CCC93FF566F0B25A4DE45005C.JPEG",
    "cantidad_archivos": 1,
    "archivos_fuente": [
      "Pictures/Fototeca de Fotos.photoslibrary/resources/derivatives/masters/1/1C712CDC-B866-4CCC-93FF-566F0B25A4DE_4_5005_c.jpeg"
    ],
    "ultima_modificacion": "2025-08-01 01:01:09.974706"
  },
  "19f6b7c6a08c45a8a1fc65eeefdce9b345005c.jpeg": {
    "app_sintetizada": "19F6B7C6A08C45A8A1FC65EEEFDCE9B345005C.JPEG",
    "cantidad_archivos": 1,
    "archivos_fuente": [
      "Pictures/Fototeca de Fotos.photoslibrary/resources/derivatives/masters/1/19F6B7C6-A08C-45A8-A1FC-65EEEFDCE9B3_4_5005_c.jpeg"
    ],
    "ultima_modificacion": "2025-08-01 01:01:09.974908"
  },
  "1f9efedaaa8046eb887140b43c9d0c4d45005c.jpeg": {
    "app_sintetizada": "1F9EFEDAAA8046EB887140B43C9D0C4D45005C.JPEG",
    "cantidad_archivos": 1,
    "archivos_fuente": [
      "Pictures/Fototeca de Fotos.photoslibrary/resources/derivatives/masters/1/1F9EFEDA-AA80-46EB-8871-40B43C9D0C4D_4_5005_c.jpeg"
    ],
    "ultima_modificacion": "2025-08-01 01:01:09.975117"
  },
  "1d4f6be119dc482293b9c867ea36fe0e45005c.jpeg": {
    "app_sintetizada": "1D4F6BE119DC482293B9C867EA36FE0E45005C.JPEG",
    "cantidad_archivos": 1,
    "archivos_fuente": [
      "Pictures/Fototeca de Fotos.photoslibrary/resources/derivatives/masters/1/1D4F6BE1-19DC-4822-93B9-C867EA36FE0E_4_5005_c.jpeg"
    ],
    "ultima_modificacion": "2025-08-01 01:01:09.975368"
  },
  "1bdf6da9242643119df098ed41a1531145005c.jpeg": {
    "app_sintetizada": "1BDF6DA9242643119DF098ED41A1531145005C.JPEG",
    "cantidad_archivos": 1,
    "archivos_fuente": [
      "Pictures/Fototeca de Fotos.photoslibrary/resources/derivatives/masters/1/1BDF6DA9-2426-4311-9DF0-98ED41A15311_4_5005_c.jpeg"
    ],
    "ultima_modificacion": "2025-08-01 01:01:09.975716"
  },
  "1d14ebae07be4a2d8fae2023c88ed78245005c.jpeg": {
    "app_sintetizada": "1D14EBAE07BE4A2D8FAE2023C88ED78245005C.JPEG",
    "cantidad_archivos": 1,
    "archivos_fuente": [
      "Pictures/Fototeca de Fotos.photoslibrary/resources/derivatives/masters/1/1D14EBAE-07BE-4A2D-8FAE-2023C88ED782_4_5005_c.jpeg"
    ],
    "ultima_modificacion": "2025-08-01 01:01:09.975995"
  },
  "1fea00c3d83647db9eac73bf93e433c445005c.jpeg": {
    "app_sintetizada": "1FEA00C3D83647DB9EAC73BF93E433C445005C.JPEG",
    "cantidad_archivos": 1,
    "archivos_fuente": [
      "Pictures/Fototeca de Fotos.photoslibrary/resources/derivatives/masters/1/1FEA00C3-D836-47DB-9EAC-73BF93E433C4_4_5005_c.jpeg"
    ],
    "ultima_modificacion": "2025-08-01 01:01:09.976257"
  },
  "172cd8d6b03d4c5b854d48aac271c91b45005c.jpeg": {
    "app_sintetizada": "172CD8D6B03D4C5B854D48AAC271C91B45005C.JPEG",
    "cantidad_archivos": 1,
    "archivos_fuente": [
      "Pictures/Fototeca de Fotos.photoslibrary/resources/derivatives/masters/1/172CD8D6-B03D-4C5B-854D-48AAC271C91B_4_5005_c.jpeg"
    ],
    "ultima_modificacion": "2025-08-01 01:01:09.976514"
  },
  "1846c8a46b6644f8bc03466bc5fe16b345005c.jpeg": {
    "app_sintetizada": "1846C8A46B6644F8BC03466BC5FE16B345005C.JPEG",
    "cantidad_archivos": 1,
    "archivos_fuente": [
      "Pictures/Fototeca de Fotos.photoslibrary/resources/derivatives/masters/1/1846C8A4-6B66-44F8-BC03-466BC5FE16B3_4_5005_c.jpeg"
    ],
    "ultima_modificacion": "2025-08-01 01:01:09.976777"
  },
  "15528637fa374536b5e9339adb4794d045005c.jpeg": {
    "app_sintetizada": "15528637FA374536B5E9339ADB4794D045005C.JPEG",
    "cantidad_archivos": 1,
    "archivos_fuente": [
      "Pictures/Fototeca de Fotos.photoslibrary/resources/derivatives/masters/1/15528637-FA37-4536-B5E9-339ADB4794D0_4_5005_c.jpeg"
    ],
    "ultima_modificacion": "2025-08-01 01:01:09.977132"
  },
  "1da598732dda45f5b6166c18311dcf6145005c.jpeg": {
    "app_sintetizada": "1DA598732DDA45F5B6166C18311DCF6145005C.JPEG",
    "cantidad_archivos": 1,
    "archivos_fuente": [
      "Pictures/Fototeca de Fotos.photoslibrary/resources/derivatives/masters/1/1DA59873-2DDA-45F5-B616-6C18311DCF61_4_5005_c.jpeg"
    ],
    "ultima_modificacion": "2025-08-01 01:01:09.977371"
  },
  "1ce62ad01c704c818be9d4ccf22bb7ba45005c.jpeg": {
    "app_sintetizada": "1CE62AD01C704C818BE9D4CCF22BB7BA45005C.JPEG",
    "cantidad_archivos": 1,
    "archivos_fuente": [
      "Pictures/Fototeca de Fotos.photoslibrary/resources/derivatives/masters/1/1CE62AD0-1C70-4C81-8BE9-D4CCF22BB7BA_4_5005_c.jpeg"
    ],
    "ultima_modificacion": "2025-08-01 01:01:09.977612"
  },
  "10bda15f95df4692bbaab1929e0a0c4e45005c.jpeg": {
    "app_sintetizada": "10BDA15F95DF4692BBAAB1929E0A0C4E45005C.JPEG",
    "cantidad_archivos": 1,
    "archivos_fuente": [
      "Pictures/Fototeca de Fotos.photoslibrary/resources/derivatives/masters/1/10BDA15F-95DF-4692-BBAA-B1929E0A0C4E_4_5005_c.jpeg"
    ],
    "ultima_modificacion": "2025-08-01 01:01:09.977853"
  },
  "19aaf52f6ea84b85ba978d5d2923ea3d45005c.jpeg": {
    "app_sintetizada": "19AAF52F6EA84B85BA978D5D2923EA3D45005C.JPEG",
    "cantidad_archivos": 1,
    "archivos_fuente": [
      "Pictures/Fototeca de Fotos.photoslibrary/resources/derivatives/masters/1/19AAF52F-6EA8-4B85-BA97-8D5D2923EA3D_4_5005_c.jpeg"
    ],
    "ultima_modificacion": "2025-08-01 01:01:09.978119"
  },
  "11eaf8d9858147259781cc0171259ebf45005c.jpeg": {
    "app_sintetizada": "11EAF8D9858147259781CC0171259EBF45005C.JPEG",
    "cantidad_archivos": 1,
    "archivos_fuente": [
      "Pictures/Fototeca de Fotos.photoslibrary/resources/derivatives/masters/1/11EAF8D9-8581-4725-9781-CC0171259EBF_4_5005_c.jpeg"
    ],
    "ultima_modificacion": "2025-08-01 01:01:09.978339"
  },
  "123636aee0134170b955e39bad2e3a6045005c.jpeg": {
    "app_sintetizada": "123636AEE0134170B955E39BAD2E3A6045005C.JPEG",
    "cantidad_archivos": 1,
    "archivos_fuente": [
      "Pictures/Fototeca de Fotos.photoslibrary/resources/derivatives/masters/1/123636AE-E013-4170-B955-E39BAD2E3A60_4_5005_c.jpeg"
    ],
    "ultima_modificacion": "2025-08-01 01:01:09.978528"
  },
  "1e5f238f0f714158aef575a6057d3ddd45005c.jpeg": {
    "app_sintetizada": "1E5F238F0F714158AEF575A6057D3DDD45005C.JPEG",
    "cantidad_archivos": 1,
    "archivos_fuente": [
      "Pictures/Fototeca de Fotos.photoslibrary/resources/derivatives/masters/1/1E5F238F-0F71-4158-AEF5-75A6057D3DDD_4_5005_c.jpeg"
    ],
    "ultima_modificacion": "2025-08-01 01:01:09.978723"
  },
  "18b7d896149c4eef9beffec684b7404f45005c.jpeg": {
    "app_sintetizada": "18B7D896149C4EEF9BEFFEC684B7404F45005C.JPEG",
    "cantidad_archivos": 1,
    "archivos_fuente": [
      "Pictures/Fototeca de Fotos.photoslibrary/resources/derivatives/masters/1/18B7D896-149C-4EEF-9BEF-FEC684B7404F_4_5005_c.jpeg"
    ],
    "ultima_modificacion": "2025-08-01 01:01:09.978925"
  },
  "1f6f13b16bd24a3dbecb8ae99454f6c745005c.jpeg": {
    "app_sintetizada": "1F6F13B16BD24A3DBECB8AE99454F6C745005C.JPEG",
    "cantidad_archivos": 1,
    "archivos_fuente": [
      "Pictures/Fototeca de Fotos.photoslibrary/resources/derivatives/masters/1/1F6F13B1-6BD2-4A3D-BECB-8AE99454F6C7_4_5005_c.jpeg"
    ],
    "ultima_modificacion": "2025-08-01 01:01:09.979186"
  },
  "15a9dfedd7e246ebbfca28031c2920e145005c.jpeg": {
    "app_sintetizada": "15A9DFEDD7E246EBBFCA28031C2920E145005C.JPEG",
    "cantidad_archivos": 1,
    "archivos_fuente": [
      "Pictures/Fototeca de Fotos.photoslibrary/resources/derivatives/masters/1/15A9DFED-D7E2-46EB-BFCA-28031C2920E1_4_5005_c.jpeg"
    ],
    "ultima_modificacion": "2025-08-01 01:01:09.979461"
  },
  "11f35a74bc854061998a0e3e75e1292945005c.jpeg": {
    "app_sintetizada": "11F35A74BC854061998A0E3E75E1292945005C.JPEG",
    "cantidad_archivos": 1,
    "archivos_fuente": [
      "Pictures/Fototeca de Fotos.photoslibrary/resources/derivatives/masters/1/11F35A74-BC85-4061-998A-0E3E75E12929_4_5005_c.jpeg"
    ],
    "ultima_modificacion": "2025-08-01 01:01:09.979755"
  },
  "19927fea6b2b4bbb900577c4e730ff6345005c.jpeg": {
    "app_sintetizada": "19927FEA6B2B4BBB900577C4E730FF6345005C.JPEG",
    "cantidad_archivos": 1,
    "archivos_fuente": [
      "Pictures/Fototeca de Fotos.photoslibrary/resources/derivatives/masters/1/19927FEA-6B2B-4BBB-9005-77C4E730FF63_4_5005_c.jpeg"
    ],
    "ultima_modificacion": "2025-08-01 01:01:09.980060"
  }
}