{
  "adcfdbf264e7476296db4256e427b2ef45005c.jpeg": {
    "app_sintetizada": "ADCFDBF264E7476296DB4256E427B2EF45005C.JPEG",
    "cantidad_archivos": 1,
    "archivos_fuente": [
      "Pictures/Fototeca de Fotos.photoslibrary/resources/derivatives/masters/A/ADCFDBF2-64E7-4762-96DB-4256E427B2EF_4_5005_c.jpeg"
    ],
    "ultima_modificacion": "2025-08-01 01:01:11.057731"
  },
  "a5f1f9c7b9e2472988ce3628605e565945005c.jpeg": {
    "app_sintetizada": "A5F1F9C7B9E2472988CE3628605E565945005C.JPEG",
    "cantidad_archivos": 1,
    "archivos_fuente": [
      "Pictures/Fototeca de Fotos.photoslibrary/resources/derivatives/masters/A/A5F1F9C7-B9E2-4729-88CE-3628605E5659_4_5005_c.jpeg"
    ],
    "ultima_modificacion": "2025-08-01 01:01:11.058110"
  },
  "ab157d22173546779b200e09dd7475a645005c.jpeg": {
    "app_sintetizada": "AB157D22173546779B200E09DD7475A645005C.JPEG",
    "cantidad_archivos": 1,
    "archivos_fuente": [
      "Pictures/Fototeca de Fotos.photoslibrary/resources/derivatives/masters/A/AB157D22-1735-4677-9B20-0E09DD7475A6_4_5005_c.jpeg"
    ],
    "ultima_modificacion": "2025-08-01 01:01:11.058413"
  },
  "ae7449dd988b496e9720c41ac15fe96745005c.jpeg": {
    "app_sintetizada": "AE7449DD988B496E9720C41AC15FE96745005C.JPEG",
    "cantidad_archivos": 1,
    "archivos_fuente": [
      "Pictures/Fototeca de Fotos.photoslibrary/resources/derivatives/masters/A/AE7449DD-988B-496E-9720-C41AC15FE967_4_5005_c.jpeg"
    ],
    "ultima_modificacion": "2025-08-01 01:01:11.058756"
  },
  "ac1670ff4e9e48ef99cff32bd62d717c45005c.jpeg": {
    "app_sintetizada": "AC1670FF4E9E48EF99CFF32BD62D717C45005C.JPEG",
    "cantidad_archivos": 1,
    "archivos_fuente": [
      "Pictures/Fototeca de Fotos.photoslibrary/resources/derivatives/masters/A/AC1670FF-4E9E-48EF-99CF-F32BD62D717C_4_5005_c.jpeg"
    ],
    "ultima_modificacion": "2025-08-01 01:01:11.059111"
  },
  "a93860d9149848f5af7519800673730045005c.jpeg": {
    "app_sintetizada": "A93860D9149848F5AF7519800673730045005C.JPEG",
    "cantidad_archivos": 1,
    "archivos_fuente": [
      "Pictures/Fototeca de Fotos.photoslibrary/resources/derivatives/masters/A/A93860D9-1498-48F5-AF75-198006737300_4_5005_c.jpeg"
    ],
    "ultima_modificacion": "2025-08-01 01:01:11.059436"
  },
  "a9223c8993d8459693b70ebf3386da8645005c.jpeg": {
    "app_sintetizada": "A9223C8993D8459693B70EBF3386DA8645005C.JPEG",
    "cantidad_archivos": 1,
    "archivos_fuente": [
      "Pictures/Fototeca de Fotos.photoslibrary/resources/derivatives/masters/A/A9223C89-93D8-4596-93B7-0EBF3386DA86_4_5005_c.jpeg"
    ],
    "ultima_modificacion": "2025-08-01 01:01:11.059776"
  },
  "a366b7c48f9d44f496e31590fab5a10f45005c.jpeg": {
    "app_sintetizada": "A366B7C48F9D44F496E31590FAB5A10F45005C.JPEG",
    "cantidad_archivos": 1,
    "archivos_fuente": [
      "Pictures/Fototeca de Fotos.photoslibrary/resources/derivatives/masters/A/A366B7C4-8F9D-44F4-96E3-1590FAB5A10F_4_5005_c.jpeg"
    ],
    "ultima_modificacion": "2025-08-01 01:01:11.060125"
  },
  "a19c6934413e44c886966a52310a7e2845005c.jpeg": {
    "app_sintetizada": "A19C6934413E44C886966A52310A7E2845005C.JPEG",
    "cantidad_archivos": 1,
    "archivos_fuente": [
      "Pictures/Fototeca de Fotos.photoslibrary/resources/derivatives/masters/A/A19C6934-413E-44C8-8696-6A52310A7E28_4_5005_c.jpeg"
    ],
    "ultima_modificacion": "2025-08-01 01:01:11.060448"
  },
  "a2a90de434dc4b4182ad9a1c3487e6d545005c.jpeg": {
    "app_sintetizada": "A2A90DE434DC4B4182AD9A1C3487E6D545005C.JPEG",
    "cantidad_archivos": 1,
    "archivos_fuente": [
      "Pictures/Fototeca de Fotos.photoslibrary/resources/derivatives/masters/A/A2A90DE4-34DC-4B41-82AD-9A1C3487E6D5_4_5005_c.jpeg"
    ],
    "ultima_modificacion": "2025-08-01 01:01:11.060791"
  },
  "aecb13c373174ddca88192624ba30afa45005c.jpeg": {
    "app_sintetizada": "AECB13C373174DDCA88192624BA30AFA45005C.JPEG",
    "cantidad_archivos": 1,
    "archivos_fuente": [
      "Pictures/Fototeca de Fotos.photoslibrary/resources/derivatives/masters/A/AECB13C3-7317-4DDC-A881-92624BA30AFA_4_5005_c.jpeg"
    ],
    "ultima_modificacion": "2025-08-01 01:01:11.061079"
  },
  "a8979930a0ca43febc39ed77898a138e45005c.jpeg": {
    "app_sintetizada": "A8979930A0CA43FEBC39ED77898A138E45005C.JPEG",
    "cantidad_archivos": 1,
    "archivos_fuente": [
      "Pictures/Fototeca de Fotos.photoslibrary/resources/derivatives/masters/A/A8979930-A0CA-43FE-BC39-ED77898A138E_4_5005_c.jpeg"
    ],
    "ultima_modificacion": "2025-08-01 01:01:11.061332"
  },
  "aa31cf1cce894a6f9d7113c140650f0645005c.jpeg": {
    "app_sintetizada": "AA31CF1CCE894A6F9D7113C140650F0645005C.JPEG",
    "cantidad_archivos": 1,
    "archivos_fuente": [
      "Pictures/Fototeca de Fotos.photoslibrary/resources/derivatives/masters/A/AA31CF1C-CE89-4A6F-9D71-13C140650F06_4_5005_c.jpeg"
    ],
    "ultima_modificacion": "2025-08-01 01:01:11.061603"
  },
  "af53c777a8fb462583816d851cdec3e845005c.jpeg": {
    "app_sintetizada": "AF53C777A8FB462583816D851CDEC3E845005C.JPEG",
    "cantidad_archivos": 1,
    "archivos_fuente": [
      "Pictures/Fototeca de Fotos.photoslibrary/resources/derivatives/masters/A/AF53C777-A8FB-4625-8381-6D851CDEC3E8_4_5005_c.jpeg"
    ],
    "ultima_modificacion": "2025-08-01 01:01:11.061875"
  },
  "a2386897522a45589924cfd7c81833e445005c.jpeg": {
    "app_sintetizada": "A2386897522A45589924CFD7C81833E445005C.JPEG",
    "cantidad_archivos": 1,
    "archivos_fuente": [
      "Pictures/Fototeca de Fotos.photoslibrary/resources/derivatives/masters/A/A2386897-522A-4558-9924-CFD7C81833E4_4_5005_c.jpeg"
    ],
    "ultima_modificacion": "2025-08-01 01:01:11.062320"
  },
  "a4a65debfa0e4e9b85c78a24cb49f4bc45005c.jpeg": {
    "app_sintetizada": "A4A65DEBFA0E4E9B85C78A24CB49F4BC45005C.JPEG",
    "cantidad_archivos": 1,
    "archivos_fuente": [
      "Pictures/Fototeca de Fotos.photoslibrary/resources/derivatives/masters/A/A4A65DEB-FA0E-4E9B-85C7-8A24CB49F4BC_4_5005_c.jpeg"
    ],
    "ultima_modificacion": "2025-08-01 01:01:11.062618"
  },
  "a2e9d85114024e0ba68e88aad1f2708d45005c.jpeg": {
    "app_sintetizada": "A2E9D85114024E0BA68E88AAD1F2708D45005C.JPEG",
    "cantidad_archivos": 1,
    "archivos_fuente": [
      "Pictures/Fototeca de Fotos.photoslibrary/resources/derivatives/masters/A/A2E9D851-1402-4E0B-A68E-88AAD1F2708D_4_5005_c.jpeg"
    ],
    "ultima_modificacion": "2025-08-01 01:01:11.062867"
  },
  "ae0460091dd349e7a90bd4bcdbd97dc045005c.jpeg": {
    "app_sintetizada": "AE0460091DD349E7A90BD4BCDBD97DC045005C.JPEG",
    "cantidad_archivos": 1,
    "archivos_fuente": [
      "Pictures/Fototeca de Fotos.photoslibrary/resources/derivatives/masters/A/AE046009-1DD3-49E7-A90B-D4BCDBD97DC0_4_5005_c.jpeg"
    ],
    "ultima_modificacion": "2025-08-01 01:01:11.063178"
  },
  "af34a82c6e0f41b487c0e17befbeb6dd45005c.jpeg": {
    "app_sintetizada": "AF34A82C6E0F41B487C0E17BEFBEB6DD45005C.JPEG",
    "cantidad_archivos": 1,
    "archivos_fuente": [
      "Pictures/Fototeca de Fotos.photoslibrary/resources/derivatives/masters/A/AF34A82C-6E0F-41B4-87C0-E17BEFBEB6DD_4_5005_c.jpeg"
    ],
    "ultima_modificacion": "2025-08-01 01:01:11.063437"
  },
  "ae13ebdaabbd4e948316c558a862e14645005c.jpeg": {
    "app_sintetizada": "AE13EBDAABBD4E948316C558A862E14645005C.JPEG",
    "cantidad_archivos": 1,
    "archivos_fuente": [
      "Pictures/Fototeca de Fotos.photoslibrary/resources/derivatives/masters/A/AE13EBDA-ABBD-4E94-8316-C558A862E146_4_5005_c.jpeg"
    ],
    "ultima_modificacion": "2025-08-01 01:01:11.063694"
  },
  "a18f0701d7d14e5da950bbdf6842a60545005c.jpeg": {
    "app_sintetizada": "A18F0701D7D14E5DA950BBDF6842A60545005C.JPEG",
    "cantidad_archivos": 1,
    "archivos_fuente": [
      "Pictures/Fototeca de Fotos.photoslibrary/resources/derivatives/masters/A/A18F0701-D7D1-4E5D-A950-BBDF6842A605_4_5005_c.jpeg"
    ],
    "ultima_modificacion": "2025-08-01 01:01:11.063927"
  },
  "ab15fc75b2a746d0af287bc4fb0ad28745005c.jpeg": {
    "app_sintetizada": "AB15FC75B2A746D0AF287BC4FB0AD28745005C.JPEG",
    "cantidad_archivos": 1,
    "archivos_fuente": [
      "Pictures/Fototeca de Fotos.photoslibrary/resources/derivatives/masters/A/AB15FC75-B2A7-46D0-AF28-7BC4FB0AD287_4_5005_c.jpeg"
    ],
    "ultima_modificacion": "2025-08-01 01:01:11.064191"
  },
  "a90cc0b96ec740eea6ce6da89f6664fb45005c.jpeg": {
    "app_sintetizada": "A90CC0B96EC740EEA6CE6DA89F6664FB45005C.JPEG",
    "cantidad_archivos": 1,
    "archivos_fuente": [
      "Pictures/Fototeca de Fotos.photoslibrary/resources/derivatives/masters/A/A90CC0B9-6EC7-40EE-A6CE-6DA89F6664FB_4_5005_c.jpeg"
    ],
    "ultima_modificacion": "2025-08-01 01:01:11.064458"
  },
  "ad20273b4f04498fb06cee90ddacaf1d45005c.jpeg": {
    "app_sintetizada": "AD20273B4F04498FB06CEE90DDACAF1D45005C.JPEG",
    "cantidad_archivos": 1,
    "archivos_fuente": [
      "Pictures/Fototeca de Fotos.photoslibrary/resources/derivatives/masters/A/AD20273B-4F04-498F-B06C-EE90DDACAF1D_4_5005_c.jpeg"
    ],
    "ultima_modificacion": "2025-08-01 01:01:11.064722"
  },
  "a2f313d5a2fd45f9a2a70d344c23d0d045005c.jpeg": {
    "app_sintetizada": "A2F313D5A2FD45F9A2A70D344C23D0D045005C.JPEG",
    "cantidad_archivos": 1,
    "archivos_fuente": [
      "Pictures/Fototeca de Fotos.photoslibrary/resources/derivatives/masters/A/A2F313D5-A2FD-45F9-A2A7-0D344C23D0D0_4_5005_c.jpeg"
    ],
    "ultima_modificacion": "2025-08-01 01:01:11.064971"
  },
  "acb28a7a43b3431c9ac3efd52d82f32e45005c.jpeg": {
    "app_sintetizada": "ACB28A7A43B3431C9AC3EFD52D82F32E45005C.JPEG",
    "cantidad_archivos": 1,
    "archivos_fuente": [
      "Pictures/Fototeca de Fotos.photoslibrary/resources/derivatives/masters/A/ACB28A7A-43B3-431C-9AC3-EFD52D82F32E_4_5005_c.jpeg"
    ],
    "ultima_modificacion": "2025-08-01 01:01:11.065309"
  },
  "a4dc12f7c39f4db0bed7ca51ae2b59cf45005c.jpeg": {
    "app_sintetizada": "A4DC12F7C39F4DB0BED7CA51AE2B59CF45005C.JPEG",
    "cantidad_archivos": 1,
    "archivos_fuente": [
      "Pictures/Fototeca de Fotos.photoslibrary/resources/derivatives/masters/A/A4DC12F7-C39F-4DB0-BED7-CA51AE2B59CF_4_5005_c.jpeg"
    ],
    "ultima_modificacion": "2025-08-01 01:01:11.065553"
  },
  "a89f9381b02941dd8a88d8f6e86d63cf45005c.jpeg": {
    "app_sintetizada": "A89F9381B02941DD8A88D8F6E86D63CF45005C.JPEG",
    "cantidad_archivos": 1,
    "archivos_fuente": [
      "Pictures/Fototeca de Fotos.photoslibrary/resources/derivatives/masters/A/A89F9381-B029-41DD-8A88-D8F6E86D63CF_4_5005_c.jpeg"
    ],
    "ultima_modificacion": "2025-08-01 01:01:11.065817"
  },
  "a668d2df5af6402996d1059a07bc0b9c45005c.jpeg": {
    "app_sintetizada": "A668D2DF5AF6402996D1059A07BC0B9C45005C.JPEG",
    "cantidad_archivos": 1,
    "archivos_fuente": [
      "Pictures/Fototeca de Fotos.photoslibrary/resources/derivatives/masters/A/A668D2DF-5AF6-4029-96D1-059A07BC0B9C_4_5005_c.jpeg"
    ],
    "ultima_modificacion": "2025-08-01 01:01:11.066125"
  },
  "a600cbb9c759404ead08a4a6c1f661d645005c.jpeg": {
    "app_sintetizada": "A600CBB9C759404EAD08A4A6C1F661D645005C.JPEG",
    "cantidad_archivos": 1,
    "archivos_fuente": [
      "Pictures/Fototeca de Fotos.photoslibrary/resources/derivatives/masters/A/A600CBB9-C759-404E-AD08-A4A6C1F661D6_4_5005_c.jpeg"
    ],
    "ultima_modificacion": "2025-08-01 01:01:11.066417"
  },
  "a9873940ec264178a1ed65e9f7d2d28245005c.jpeg": {
    "app_sintetizada": "A9873940EC264178A1ED65E9F7D2D28245005C.JPEG",
    "cantidad_archivos": 1,
    "archivos_fuente": [
      "Pictures/Fototeca de Fotos.photoslibrary/resources/derivatives/masters/A/A9873940-EC26-4178-A1ED-65E9F7D2D282_4_5005_c.jpeg"
    ],
    "ultima_modificacion": "2025-08-01 01:01:11.066762"
  },
  "a396d7a9818f4610b5a2533e3f42c7a445005c.jpeg": {
    "app_sintetizada": "A396D7A9818F4610B5A2533E3F42C7A445005C.JPEG",
    "cantidad_archivos": 1,
    "archivos_fuente": [
      "Pictures/Fototeca de Fotos.photoslibrary/resources/derivatives/masters/A/A396D7A9-818F-4610-B5A2-533E3F42C7A4_4_5005_c.jpeg"
    ],
    "ultima_modificacion": "2025-08-01 01:01:11.067062"
  },
  "a68407b2935f4b59819a5de04f5bcfe845005c.jpeg": {
    "app_sintetizada": "A68407B2935F4B59819A5DE04F5BCFE845005C.JPEG",
    "cantidad_archivos": 1,
    "archivos_fuente": [
      "Pictures/Fototeca de Fotos.photoslibrary/resources/derivatives/masters/A/A68407B2-935F-4B59-819A-5DE04F5BCFE8_4_5005_c.jpeg"
    ],
    "ultima_modificacion": "2025-08-01 01:01:11.067297"
  },
  "a50eedd4fb4a4f6eb2ebb31b3966c6c545005c.jpeg": {
    "app_sintetizada": "A50EEDD4FB4A4F6EB2EBB31B3966C6C545005C.JPEG",
    "cantidad_archivos": 1,
    "archivos_fuente": [
      "Pictures/Fototeca de Fotos.photoslibrary/resources/derivatives/masters/A/A50EEDD4-FB4A-4F6E-B2EB-B31B3966C6C5_4_5005_c.jpeg"
    ],
    "ultima_modificacion": "2025-08-01 01:01:11.067516"
  },
  "ad212ec614034d85958e83af5e9a218645005c.jpeg": {
    "app_sintetizada": "AD212EC614034D85958E83AF5E9A218645005C.JPEG",
    "cantidad_archivos": 1,
    "archivos_fuente": [
      "Pictures/Fototeca de Fotos.photoslibrary/resources/derivatives/masters/A/AD212EC6-1403-4D85-958E-83AF5E9A2186_4_5005_c.jpeg"
    ],
    "ultima_modificacion": "2025-08-01 01:01:11.067720"
  },
  "a09588bc574f4e8f8ed885f0dba631aa45005c.jpeg": {
    "app_sintetizada": "A09588BC574F4E8F8ED885F0DBA631AA45005C.JPEG",
    "cantidad_archivos": 1,
    "archivos_fuente": [
      "Pictures/Fototeca de Fotos.photoslibrary/resources/derivatives/masters/A/A09588BC-574F-4E8F-8ED8-85F0DBA631AA_4_5005_c.jpeg"
    ],
    "ultima_modificacion": "2025-08-01 01:01:11.067910"
  },
  "ae2b2a4f905744c584b01b953a6ec28b45005c.jpeg": {
    "app_sintetizada": "AE2B2A4F905744C584B01B953A6EC28B45005C.JPEG",
    "cantidad_archivos": 1,
    "archivos_fuente": [
      "Pictures/Fototeca de Fotos.photoslibrary/resources/derivatives/masters/A/AE2B2A4F-9057-44C5-84B0-1B953A6EC28B_4_5005_c.jpeg"
    ],
    "ultima_modificacion": "2025-08-01 01:01:11.068117"
  },
  "af52f24937064f3bb8fa56af7aa5214045005c.jpeg": {
    "app_sintetizada": "AF52F24937064F3BB8FA56AF7AA5214045005C.JPEG",
    "cantidad_archivos": 1,
    "archivos_fuente": [
      "Pictures/Fototeca de Fotos.photoslibrary/resources/derivatives/masters/A/AF52F249-3706-4F3B-B8FA-56AF7AA52140_4_5005_c.jpeg"
    ],
    "ultima_modificacion": "2025-08-01 01:01:11.068320"
  },
  "a111cddcb5e648db857eeeb6353b323545005c.jpeg": {
    "app_sintetizada": "A111CDDCB5E648DB857EEEB6353B323545005C.JPEG",
    "cantidad_archivos": 1,
    "archivos_fuente": [
      "Pictures/Fototeca de Fotos.photoslibrary/resources/derivatives/masters/A/A111CDDC-B5E6-48DB-857E-EEB6353B3235_4_5005_c.jpeg"
    ],
    "ultima_modificacion": "2025-08-01 01:01:11.068519"
  },
  "a414cea53660435d8906acc0850720e445005c.jpeg": {
    "app_sintetizada": "A414CEA53660435D8906ACC0850720E445005C.JPEG",
    "cantidad_archivos": 1,
    "archivos_fuente": [
      "Pictures/Fototeca de Fotos.photoslibrary/resources/derivatives/masters/A/A414CEA5-3660-435D-8906-ACC0850720E4_4_5005_c.jpeg"
    ],
    "ultima_modificacion": "2025-08-01 01:01:11.068716"
  },
  "a27a747c169745199c5fa557964ce8b145005c.jpeg": {
    "app_sintetizada": "A27A747C169745199C5FA557964CE8B145005C.JPEG",
    "cantidad_archivos": 1,
    "archivos_fuente": [
      "Pictures/Fototeca de Fotos.photoslibrary/resources/derivatives/masters/A/A27A747C-1697-4519-9C5F-A557964CE8B1_4_5005_c.jpeg"
    ],
    "ultima_modificacion": "2025-08-01 01:01:11.068926"
  },
  "a5496259eb0c46b58e760f2ee2b3e36845005c.jpeg": {
    "app_sintetizada": "A5496259EB0C46B58E760F2EE2B3E36845005C.JPEG",
    "cantidad_archivos": 1,
    "archivos_fuente": [
      "Pictures/Fototeca de Fotos.photoslibrary/resources/derivatives/masters/A/A5496259-EB0C-46B5-8E76-0F2EE2B3E368_4_5005_c.jpeg"
    ],
    "ultima_modificacion": "2025-08-01 01:01:11.069132"
  },
  "ac1d7c2a8a43442ca83565dcea9179ec45005c.jpeg": {
    "app_sintetizada": "AC1D7C2A8A43442CA83565DCEA9179EC45005C.JPEG",
    "cantidad_archivos": 1,
    "archivos_fuente": [
      "Pictures/Fototeca de Fotos.photoslibrary/resources/derivatives/masters/A/AC1D7C2A-8A43-442C-A835-65DCEA9179EC_4_5005_c.jpeg"
    ],
    "ultima_modificacion": "2025-08-01 01:01:11.069331"
  },
  "ab15d044fb7948ef87d259658aecffc045005c.jpeg": {
    "app_sintetizada": "AB15D044FB7948EF87D259658AECFFC045005C.JPEG",
    "cantidad_archivos": 1,
    "archivos_fuente": [
      "Pictures/Fototeca de Fotos.photoslibrary/resources/derivatives/masters/A/AB15D044-FB79-48EF-87D2-59658AECFFC0_4_5005_c.jpeg"
    ],
    "ultima_modificacion": "2025-08-01 01:01:11.069548"
  },
  "a5c8ce9137c24cf4ada52c816c43ed1345005c.jpeg": {
    "app_sintetizada": "A5C8CE9137C24CF4ADA52C816C43ED1345005C.JPEG",
    "cantidad_archivos": 1,
    "archivos_fuente": [
      "Pictures/Fototeca de Fotos.photoslibrary/resources/derivatives/masters/A/A5C8CE91-37C2-4CF4-ADA5-2C816C43ED13_4_5005_c.jpeg"
    ],
    "ultima_modificacion": "2025-08-01 01:01:11.069753"
  },
  "a74fae34d1f8492b8d8ca37cdd184a6545005c.jpeg": {
    "app_sintetizada": "A74FAE34D1F8492B8D8CA37CDD184A6545005C.JPEG",
    "cantidad_archivos": 1,
    "archivos_fuente": [
      "Pictures/Fototeca de Fotos.photoslibrary/resources/derivatives/masters/A/A74FAE34-D1F8-492B-8D8C-A37CDD184A65_4_5005_c.jpeg"
    ],
    "ultima_modificacion": "2025-08-01 01:01:11.069988"
  },
  "afe1bae27b1f4f7aace0bf9a09adf12045005c.jpeg": {
    "app_sintetizada": "AFE1BAE27B1F4F7AACE0BF9A09ADF12045005C.JPEG",
    "cantidad_archivos": 1,
    "archivos_fuente": [
      "Pictures/Fototeca de Fotos.photoslibrary/resources/derivatives/masters/A/AFE1BAE2-7B1F-4F7A-ACE0-BF9A09ADF120_4_5005_c.jpeg"
    ],
    "ultima_modificacion": "2025-08-01 01:01:11.070350"
  },
  "ab631fddbd4d4d5c9f55d6d988ad3a3945005c.jpeg": {
    "app_sintetizada": "AB631FDDBD4D4D5C9F55D6D988AD3A3945005C.JPEG",
    "cantidad_archivos": 1,
    "archivos_fuente": [
      "Pictures/Fototeca de Fotos.photoslibrary/resources/derivatives/masters/A/AB631FDD-BD4D-4D5C-9F55-D6D988AD3A39_4_5005_c.jpeg"
    ],
    "ultima_modificacion": "2025-08-01 01:01:11.070745"
  },
  "ae197d1e1e4147cdb59eb025044130b345005c.jpeg": {
    "app_sintetizada": "AE197D1E1E4147CDB59EB025044130B345005C.JPEG",
    "cantidad_archivos": 1,
    "archivos_fuente": [
      "Pictures/Fototeca de Fotos.photoslibrary/resources/derivatives/masters/A/AE197D1E-1E41-47CD-B59E-B025044130B3_4_5005_c.jpeg"
    ],
    "ultima_modificacion": "2025-08-01 01:01:11.071039"
  },
  "a974ac6fbd2d49e6811f1d42edbff11945005c.jpeg": {
    "app_sintetizada": "A974AC6FBD2D49E6811F1D42EDBFF11945005C.JPEG",
    "cantidad_archivos": 1,
    "archivos_fuente": [
      "Pictures/Fototeca de Fotos.photoslibrary/resources/derivatives/masters/A/A974AC6F-BD2D-49E6-811F-1D42EDBFF119_4_5005_c.jpeg"
    ],
    "ultima_modificacion": "2025-08-01 01:01:11.071322"
  },
  "a2973665e9cc447b902e2a84ac89831945005c.jpeg": {
    "app_sintetizada": "A2973665E9CC447B902E2A84AC89831945005C.JPEG",
    "cantidad_archivos": 1,
    "archivos_fuente": [
      "Pictures/Fototeca de Fotos.photoslibrary/resources/derivatives/masters/A/A2973665-E9CC-447B-902E-2A84AC898319_4_5005_c.jpeg"
    ],
    "ultima_modificacion": "2025-08-01 01:01:11.071554"
  },
  "afbe8bcefb4d4e3a886a905b3ec1493245005c.jpeg": {
    "app_sintetizada": "AFBE8BCEFB4D4E3A886A905B3EC1493245005C.JPEG",
    "cantidad_archivos": 1,
    "archivos_fuente": [
      "Pictures/Fototeca de Fotos.photoslibrary/resources/derivatives/masters/A/AFBE8BCE-FB4D-4E3A-886A-905B3EC14932_4_5005_c.jpeg"
    ],
    "ultima_modificacion": "2025-08-01 01:01:11.071792"
  },
  "a767defac7db4906865386729ed1a04945005c.jpeg": {
    "app_sintetizada": "A767DEFAC7DB4906865386729ED1A04945005C.JPEG",
    "cantidad_archivos": 1,
    "archivos_fuente": [
      "Pictures/Fototeca de Fotos.photoslibrary/resources/derivatives/masters/A/A767DEFA-C7DB-4906-8653-86729ED1A049_4_5005_c.jpeg"
    ],
    "ultima_modificacion": "2025-08-01 01:01:11.072026"
  },
  "ae4b1c3af74c4dcca2213e8d8795bd7045005c.jpeg": {
    "app_sintetizada": "AE4B1C3AF74C4DCCA2213E8D8795BD7045005C.JPEG",
    "cantidad_archivos": 1,
    "archivos_fuente": [
      "Pictures/Fototeca de Fotos.photoslibrary/resources/derivatives/masters/A/AE4B1C3A-F74C-4DCC-A221-3E8D8795BD70_4_5005_c.jpeg"
    ],
    "ultima_modificacion": "2025-08-01 01:01:11.072310"
  },
  "a56b347f77e1479aa928e17bc6e2f17445005c.jpeg": {
    "app_sintetizada": "A56B347F77E1479AA928E17BC6E2F17445005C.JPEG",
    "cantidad_archivos": 1,
    "archivos_fuente": [
      "Pictures/Fototeca de Fotos.photoslibrary/resources/derivatives/masters/A/A56B347F-77E1-479A-A928-E17BC6E2F174_4_5005_c.jpeg"
    ],
    "ultima_modificacion": "2025-08-01 01:01:11.072692"
  },
  "aee6834b2f2d4344a4cebb2937b4e54845005c.jpeg": {
    "app_sintetizada": "AEE6834B2F2D4344A4CEBB2937B4E54845005C.JPEG",
    "cantidad_archivos": 1,
    "archivos_fuente": [
      "Pictures/Fototeca de Fotos.photoslibrary/resources/derivatives/masters/A/AEE6834B-2F2D-4344-A4CE-BB2937B4E548_4_5005_c.jpeg"
    ],
    "ultima_modificacion": "2025-08-01 01:01:11.073032"
  },
  "a9c7e43bdebb4a64ba40a620789a97e845005c.jpeg": {
    "app_sintetizada": "A9C7E43BDEBB4A64BA40A620789A97E845005C.JPEG",
    "cantidad_archivos": 1,
    "archivos_fuente": [
      "Pictures/Fototeca de Fotos.photoslibrary/resources/derivatives/masters/A/A9C7E43B-DEBB-4A64-BA40-A620789A97E8_4_5005_c.jpeg"
    ],
    "ultima_modificacion": "2025-08-01 01:01:11.073293"
  },
  "a18777b24eba4fe7a3757dbbddb915a545005c.jpeg": {
    "app_sintetizada": "A18777B24EBA4FE7A3757DBBDDB915A545005C.JPEG",
    "cantidad_archivos": 1,
    "archivos_fuente": [
      "Pictures/Fototeca de Fotos.photoslibrary/resources/derivatives/masters/A/A18777B2-4EBA-4FE7-A375-7DBBDDB915A5_4_5005_c.jpeg"
    ],
    "ultima_modificacion": "2025-08-01 01:01:11.073694"
  },
  "aad94fc79d80464db761b0889aa900f845005c.jpeg": {
    "app_sintetizada": "AAD94FC79D80464DB761B0889AA900F845005C.JPEG",
    "cantidad_archivos": 1,
    "archivos_fuente": [
      "Pictures/Fototeca de Fotos.photoslibrary/resources/derivatives/masters/A/AAD94FC7-9D80-464D-B761-B0889AA900F8_4_5005_c.jpeg"
    ],
    "ultima_modificacion": "2025-08-01 01:01:11.073953"
  },
  "a7950eae62c54071808d9b8df9889f9745005c.jpeg": {
    "app_sintetizada": "A7950EAE62C54071808D9B8DF9889F9745005C.JPEG",
    "cantidad_archivos": 1,
    "archivos_fuente": [
      "Pictures/Fototeca de Fotos.photoslibrary/resources/derivatives/masters/A/A7950EAE-62C5-4071-808D-9B8DF9889F97_4_5005_c.jpeg"
    ],
    "ultima_modificacion": "2025-08-01 01:01:11.074303"
  },
  "a7ffedb703ac4c1da3ef43c6fc18e71e45005c.jpeg": {
    "app_sintetizada": "A7FFEDB703AC4C1DA3EF43C6FC18E71E45005C.JPEG",
    "cantidad_archivos": 1,
    "archivos_fuente": [
      "Pictures/Fototeca de Fotos.photoslibrary/resources/derivatives/masters/A/A7FFEDB7-03AC-4C1D-A3EF-43C6FC18E71E_4_5005_c.jpeg"
    ],
    "ultima_modificacion": "2025-08-01 01:01:11.074553"
  },
  "a60fe5455e3e4106b9d40cab296fa66545005c.jpeg": {
    "app_sintetizada": "A60FE5455E3E4106B9D40CAB296FA66545005C.JPEG",
    "cantidad_archivos": 1,
    "archivos_fuente": [
      "Pictures/Fototeca de Fotos.photoslibrary/resources/derivatives/masters/A/A60FE545-5E3E-4106-B9D4-0CAB296FA665_4_5005_c.jpeg"
    ],
    "ultima_modificacion": "2025-08-01 01:01:11.074845"
  },
  "af5a97fe4ac44e6f83834991d6f171f345005c.jpeg": {
    "app_sintetizada": "AF5A97FE4AC44E6F83834991D6F171F345005C.JPEG",
    "cantidad_archivos": 1,
    "archivos_fuente": [
      "Pictures/Fototeca de Fotos.photoslibrary/resources/derivatives/masters/A/AF5A97FE-4AC4-4E6F-8383-4991D6F171F3_4_5005_c.jpeg"
    ],
    "ultima_modificacion": "2025-08-01 01:01:11.075106"
  },
  "a363332b34164a77900993007093589c45005c.jpeg": {
    "app_sintetizada": "A363332B34164A77900993007093589C45005C.JPEG",
    "cantidad_archivos": 1,
    "archivos_fuente": [
      "Pictures/Fototeca de Fotos.photoslibrary/resources/derivatives/masters/A/A363332B-3416-4A77-9009-93007093589C_4_5005_c.jpeg"
    ],
    "ultima_modificacion": "2025-08-01 01:01:11.075362"
  },
  "a6a128a6cd704cef982e53469efdc25145005c.jpeg": {
    "app_sintetizada": "A6A128A6CD704CEF982E53469EFDC25145005C.JPEG",
    "cantidad_archivos": 1,
    "archivos_fuente": [
      "Pictures/Fototeca de Fotos.photoslibrary/resources/derivatives/masters/A/A6A128A6-CD70-4CEF-982E-53469EFDC251_4_5005_c.jpeg"
    ],
    "ultima_modificacion": "2025-08-01 01:01:11.075662"
  },
  "a84f121fa59841f58253cfa53615ae0945005c.jpeg": {
    "app_sintetizada": "A84F121FA59841F58253CFA53615AE0945005C.JPEG",
    "cantidad_archivos": 1,
    "archivos_fuente": [
      "Pictures/Fototeca de Fotos.photoslibrary/resources/derivatives/masters/A/A84F121F-A598-41F5-8253-CFA53615AE09_4_5005_c.jpeg"
    ],
    "ultima_modificacion": "2025-08-01 01:01:11.075921"
  },
  "a89b69b93252400096a776c9322ad80845005c.jpeg": {
    "app_sintetizada": "A89B69B93252400096A776C9322AD80845005C.JPEG",
    "cantidad_archivos": 1,
    "archivos_fuente": [
      "Pictures/Fototeca de Fotos.photoslibrary/resources/derivatives/masters/A/A89B69B9-3252-4000-96A7-76C9322AD808_4_5005_c.jpeg"
    ],
    "ultima_modificacion": "2025-08-01 01:01:11.076188"
  },
  "a952d44d6f1545709896e52733976bb945005c.jpeg": {
    "app_sintetizada": "A952D44D6F1545709896E52733976BB945005C.JPEG",
    "cantidad_archivos": 1,
    "archivos_fuente": [
      "Pictures/Fototeca de Fotos.photoslibrary/resources/derivatives/masters/A/A952D44D-6F15-4570-9896-E52733976BB9_4_5005_c.jpeg"
    ],
    "ultima_modificacion": "2025-08-01 01:01:11.076485"
  },
  "a18e4e54d89b416a87145410fa09250045005c.jpeg": {
    "app_sintetizada": "A18E4E54D89B416A87145410FA09250045005C.JPEG",
    "cantidad_archivos": 1,
    "archivos_fuente": [
      "Pictures/Fototeca de Fotos.photoslibrary/resources/derivatives/masters/A/A18E4E54-D89B-416A-8714-5410FA092500_4_5005_c.jpeg"
    ],
    "ultima_modificacion": "2025-08-01 01:01:11.076709"
  },
  "a63b88e56b07483b89493769a7be6a4045005c.jpeg": {
    "app_sintetizada": "A63B88E56B07483B89493769A7BE6A4045005C.JPEG",
    "cantidad_archivos": 1,
    "archivos_fuente": [
      "Pictures/Fototeca de Fotos.photoslibrary/resources/derivatives/masters/A/A63B88E5-6B07-483B-8949-3769A7BE6A40_4_5005_c.jpeg"
    ],
    "ultima_modificacion": "2025-08-01 01:01:11.076913"
  },
  "a625e2c3186e44b18355288c2c04002e45005c.jpeg": {
    "app_sintetizada": "A625E2C3186E44B18355288C2C04002E45005C.JPEG",
    "cantidad_archivos": 1,
    "archivos_fuente": [
      "Pictures/Fototeca de Fotos.photoslibrary/resources/derivatives/masters/A/A625E2C3-186E-44B1-8355-288C2C04002E_4_5005_c.jpeg"
    ],
    "ultima_modificacion": "2025-08-01 01:01:11.077177"
  },
  "ab19f86f471340fc868bb9d3dab6b3fc45005c.jpeg": {
    "app_sintetizada": "AB19F86F471340FC868BB9D3DAB6B3FC45005C.JPEG",
    "cantidad_archivos": 1,
    "archivos_fuente": [
      "Pictures/Fototeca de Fotos.photoslibrary/resources/derivatives/masters/A/AB19F86F-4713-40FC-868B-B9D3DAB6B3FC_4_5005_c.jpeg"
    ],
    "ultima_modificacion": "2025-08-01 01:01:11.077516"
  },
  "afed684cb2664d5b9cba0e8bdedcb12145005c.jpeg": {
    "app_sintetizada": "AFED684CB2664D5B9CBA0E8BDEDCB12145005C.JPEG",
    "cantidad_archivos": 1,
    "archivos_fuente": [
      "Pictures/Fototeca de Fotos.photoslibrary/resources/derivatives/masters/A/AFED684C-B266-4D5B-9CBA-0E8BDEDCB121_4_5005_c.jpeg"
    ],
    "ultima_modificacion": "2025-08-01 01:01:11.077779"
  },
  "a50dea0e26134f198fa5cab3e03769f045005c.jpeg": {
    "app_sintetizada": "A50DEA0E26134F198FA5CAB3E03769F045005C.JPEG",
    "cantidad_archivos": 1,
    "archivos_fuente": [
      "Pictures/Fototeca de Fotos.photoslibrary/resources/derivatives/masters/A/A50DEA0E-2613-4F19-8FA5-CAB3E03769F0_4_5005_c.jpeg"
    ],
    "ultima_modificacion": "2025-08-01 01:01:11.078130"
  },
  "a27f0f3cc8cb4e8d9453f6455e8e30dc45005c.jpeg": {
    "app_sintetizada": "A27F0F3CC8CB4E8D9453F6455E8E30DC45005C.JPEG",
    "cantidad_archivos": 1,
    "archivos_fuente": [
      "Pictures/Fototeca de Fotos.photoslibrary/resources/derivatives/masters/A/A27F0F3C-C8CB-4E8D-9453-F6455E8E30DC_4_5005_c.jpeg"
    ],
    "ultima_modificacion": "2025-08-01 01:01:11.078366"
  },
  "a264b1a89c8f4706b709820139b79f5545005c.jpeg": {
    "app_sintetizada": "A264B1A89C8F4706B709820139B79F5545005C.JPEG",
    "cantidad_archivos": 1,
    "archivos_fuente": [
      "Pictures/Fototeca de Fotos.photoslibrary/resources/derivatives/masters/A/A264B1A8-9C8F-4706-B709-820139B79F55_4_5005_c.jpeg"
    ],
    "ultima_modificacion": "2025-08-01 01:01:11.078569"
  },
  "a7b77f6c61684162a6ce74ce3ea4dd1345005c.jpeg": {
    "app_sintetizada": "A7B77F6C61684162A6CE74CE3EA4DD1345005C.JPEG",
    "cantidad_archivos": 1,
    "archivos_fuente": [
      "Pictures/Fototeca de Fotos.photoslibrary/resources/derivatives/masters/A/A7B77F6C-6168-4162-A6CE-74CE3EA4DD13_4_5005_c.jpeg"
    ],
    "ultima_modificacion": "2025-08-01 01:01:11.078769"
  },
  "a4e25e3087b04de284c9a9386dd64eb945005c.jpeg": {
    "app_sintetizada": "A4E25E3087B04DE284C9A9386DD64EB945005C.JPEG",
    "cantidad_archivos": 1,
    "archivos_fuente": [
      "Pictures/Fototeca de Fotos.photoslibrary/resources/derivatives/masters/A/A4E25E30-87B0-4DE2-84C9-A9386DD64EB9_4_5005_c.jpeg"
    ],
    "ultima_modificacion": "2025-08-01 01:01:11.078968"
  },
  "a109de9771a44dffaa06e21d6df1697b45005c.jpeg": {
    "app_sintetizada": "A109DE9771A44DFFAA06E21D6DF1697B45005C.JPEG",
    "cantidad_archivos": 1,
    "archivos_fuente": [
      "Pictures/Fototeca de Fotos.photoslibrary/resources/derivatives/masters/A/A109DE97-71A4-4DFF-AA06-E21D6DF1697B_4_5005_c.jpeg"
    ],
    "ultima_modificacion": "2025-08-01 01:01:11.079178"
  },
  "a5aa8bca94c140bb8bc38555e544c0d845005c.jpeg": {
    "app_sintetizada": "A5AA8BCA94C140BB8BC38555E544C0D845005C.JPEG",
    "cantidad_archivos": 1,
    "archivos_fuente": [
      "Pictures/Fototeca de Fotos.photoslibrary/resources/derivatives/masters/A/A5AA8BCA-94C1-40BB-8BC3-8555E544C0D8_4_5005_c.jpeg"
    ],
    "ultima_modificacion": "2025-08-01 01:01:11.079364"
  },
  "a1ef9963cf444f44b778534cd030440745005c.jpeg": {
    "app_sintetizada": "A1EF9963CF444F44B778534CD030440745005C.JPEG",
    "cantidad_archivos": 1,
    "archivos_fuente": [
      "Pictures/Fototeca de Fotos.photoslibrary/resources/derivatives/masters/A/A1EF9963-CF44-4F44-B778-534CD0304407_4_5005_c.jpeg"
    ],
    "ultima_modificacion": "2025-08-01 01:01:11.079596"
  },
  "aa346207192f497781c1db79ee2f0b3e45005c.jpeg": {
    "app_sintetizada": "AA346207192F497781C1DB79EE2F0B3E45005C.JPEG",
    "cantidad_archivos": 1,
    "archivos_fuente": [
      "Pictures/Fototeca de Fotos.photoslibrary/resources/derivatives/masters/A/AA346207-192F-4977-81C1-DB79EE2F0B3E_4_5005_c.jpeg"
    ],
    "ultima_modificacion": "2025-08-01 01:01:11.079837"
  },
  "a2795a0f0a9147f1a9b88ef9f8e9cd2c45005c.jpeg": {
    "app_sintetizada": "A2795A0F0A9147F1A9B88EF9F8E9CD2C45005C.JPEG",
    "cantidad_archivos": 1,
    "archivos_fuente": [
      "Pictures/Fototeca de Fotos.photoslibrary/resources/derivatives/masters/A/A2795A0F-0A91-47F1-A9B8-8EF9F8E9CD2C_4_5005_c.jpeg"
    ],
    "ultima_modificacion": "2025-08-01 01:01:11.080078"
  },
  "a465ead8d9424321ba75e40ce261a82e45005c.jpeg": {
    "app_sintetizada": "A465EAD8D9424321BA75E40CE261A82E45005C.JPEG",
    "cantidad_archivos": 1,
    "archivos_fuente": [
      "Pictures/Fototeca de Fotos.photoslibrary/resources/derivatives/masters/A/A465EAD8-D942-4321-BA75-E40CE261A82E_4_5005_c.jpeg"
    ],
    "ultima_modificacion": "2025-08-01 01:01:11.080349"
  },
  "aeaf4eed93344cb3bdc2f6365654e4e845005c.jpeg": {
    "app_sintetizada": "AEAF4EED93344CB3BDC2F6365654E4E845005C.JPEG",
    "cantidad_archivos": 1,
    "archivos_fuente": [
      "Pictures/Fototeca de Fotos.photoslibrary/resources/derivatives/masters/A/AEAF4EED-9334-4CB3-BDC2-F6365654E4E8_4_5005_c.jpeg"
    ],
    "ultima_modificacion": "2025-08-01 01:01:11.080573"
  },
  "a027556edb4448e7a2d7b015c36fcdc645005c.jpeg": {
    "app_sintetizada": "A027556EDB4448E7A2D7B015C36FCDC645005C.JPEG",
    "cantidad_archivos": 1,
    "archivos_fuente": [
      "Pictures/Fototeca de Fotos.photoslibrary/resources/derivatives/masters/A/A027556E-DB44-48E7-A2D7-B015C36FCDC6_4_5005_c.jpeg"
    ],
    "ultima_modificacion": "2025-08-01 01:01:11.080782"
  },
  "ad28e6cac1234616997412f691fc404d45005c.jpeg": {
    "app_sintetizada": "AD28E6CAC1234616997412F691FC404D45005C.JPEG",
    "cantidad_archivos": 1,
    "archivos_fuente": [
      "Pictures/Fototeca de Fotos.photoslibrary/resources/derivatives/masters/A/AD28E6CA-C123-4616-9974-12F691FC404D_4_5005_c.jpeg"
    ],
    "ultima_modificacion": "2025-08-01 01:01:11.081070"
  },
  "a2f31fa875c548a6aedf2e2de045e07745005c.jpeg": {
    "app_sintetizada": "A2F31FA875C548A6AEDF2E2DE045E07745005C.JPEG",
    "cantidad_archivos": 1,
    "archivos_fuente": [
      "Pictures/Fototeca de Fotos.photoslibrary/resources/derivatives/masters/A/A2F31FA8-75C5-48A6-AEDF-2E2DE045E077_4_5005_c.jpeg"
    ],
    "ultima_modificacion": "2025-08-01 01:01:11.081339"
  },
  "aee744c2037043468b5cacc0a957567645005c.jpeg": {
    "app_sintetizada": "AEE744C2037043468B5CACC0A957567645005C.JPEG",
    "cantidad_archivos": 1,
    "archivos_fuente": [
      "Pictures/Fototeca de Fotos.photoslibrary/resources/derivatives/masters/A/AEE744C2-0370-4346-8B5C-ACC0A9575676_4_5005_c.jpeg"
    ],
    "ultima_modificacion": "2025-08-01 01:01:11.081654"
  },
  "a38cf3f2cf734467930de01ee03d507745005c.jpeg": {
    "app_sintetizada": "A38CF3F2CF734467930DE01EE03D507745005C.JPEG",
    "cantidad_archivos": 1,
    "archivos_fuente": [
      "Pictures/Fototeca de Fotos.photoslibrary/resources/derivatives/masters/A/A38CF3F2-CF73-4467-930D-E01EE03D5077_4_5005_c.jpeg"
    ],
    "ultima_modificacion": "2025-08-01 01:01:11.081882"
  },
  "a455f6652b51496fb9e1beff51f824b645005c.jpeg": {
    "app_sintetizada": "A455F6652B51496FB9E1BEFF51F824B645005C.JPEG",
    "cantidad_archivos": 1,
    "archivos_fuente": [
      "Pictures/Fototeca de Fotos.photoslibrary/resources/derivatives/masters/A/A455F665-2B51-496F-B9E1-BEFF51F824B6_4_5005_c.jpeg"
    ],
    "ultima_modificacion": "2025-08-01 01:01:11.082091"
  },
  "ab3ab34bd2834f908743c8e58e645aaf45005c.jpeg": {
    "app_sintetizada": "AB3AB34BD2834F908743C8E58E645AAF45005C.JPEG",
    "cantidad_archivos": 1,
    "archivos_fuente": [
      "Pictures/Fototeca de Fotos.photoslibrary/resources/derivatives/masters/A/AB3AB34B-D283-4F90-8743-C8E58E645AAF_4_5005_c.jpeg"
    ],
    "ultima_modificacion": "2025-08-01 01:01:11.082285"
  },
  "aeef048755bb4de2a5e6c2d563949cef45005c.jpeg": {
    "app_sintetizada": "AEEF048755BB4DE2A5E6C2D563949CEF45005C.JPEG",
    "cantidad_archivos": 1,
    "archivos_fuente": [
      "Pictures/Fototeca de Fotos.photoslibrary/resources/derivatives/masters/A/AEEF0487-55BB-4DE2-A5E6-C2D563949CEF_4_5005_c.jpeg"
    ],
    "ultima_modificacion": "2025-08-01 01:01:11.082478"
  },
  "aa4ed20c0ca4487eabc1d9b56bd652f145005c.jpeg": {
    "app_sintetizada": "AA4ED20C0CA4487EABC1D9B56BD652F145005C.JPEG",
    "cantidad_archivos": 1,
    "archivos_fuente": [
      "Pictures/Fototeca de Fotos.photoslibrary/resources/derivatives/masters/A/AA4ED20C-0CA4-487E-ABC1-D9B56BD652F1_4_5005_c.jpeg"
    ],
    "ultima_modificacion": "2025-08-01 01:01:11.082667"
  },
  "a9b4d32aea0c4977ac0832f18eba95ff45005c.jpeg": {
    "app_sintetizada": "A9B4D32AEA0C4977AC0832F18EBA95FF45005C.JPEG",
    "cantidad_archivos": 1,
    "archivos_fuente": [
      "Pictures/Fototeca de Fotos.photoslibrary/resources/derivatives/masters/A/A9B4D32A-EA0C-4977-AC08-32F18EBA95FF_4_5005_c.jpeg"
    ],
    "ultima_modificacion": "2025-08-01 01:01:11.082844"
  },
  "a2ed73551f2a48f097ff70d728b5ef9b45005c.jpeg": {
    "app_sintetizada": "A2ED73551F2A48F097FF70D728B5EF9B45005C.JPEG",
    "cantidad_archivos": 1,
    "archivos_fuente": [
      "Pictures/Fototeca de Fotos.photoslibrary/resources/derivatives/masters/A/A2ED7355-1F2A-48F0-97FF-70D728B5EF9B_4_5005_c.jpeg"
    ],
    "ultima_modificacion": "2025-08-01 01:01:11.083035"
  },
  "a4a53824eff94ed69271ed07bed0baf345005c.jpeg": {
    "app_sintetizada": "A4A53824EFF94ED69271ED07BED0BAF345005C.JPEG",
    "cantidad_archivos": 1,
    "archivos_fuente": [
      "Pictures/Fototeca de Fotos.photoslibrary/resources/derivatives/masters/A/A4A53824-EFF9-4ED6-9271-ED07BED0BAF3_4_5005_c.jpeg"
    ],
    "ultima_modificacion": "2025-08-01 01:01:11.083208"
  },
  "a78b08655e14413c98ee46ae1c13d7bb45005c.jpeg": {
    "app_sintetizada": "A78B08655E14413C98EE46AE1C13D7BB45005C.JPEG",
    "cantidad_archivos": 1,
    "archivos_fuente": [
      "Pictures/Fototeca de Fotos.photoslibrary/resources/derivatives/masters/A/A78B0865-5E14-413C-98EE-46AE1C13D7BB_4_5005_c.jpeg"
    ],
    "ultima_modificacion": "2025-08-01 01:01:11.083391"
  },
  "a28850769db84345b3aab177aeabd91245005c.jpeg": {
    "app_sintetizada": "A28850769DB84345B3AAB177AEABD91245005C.JPEG",
    "cantidad_archivos": 1,
    "archivos_fuente": [
      "Pictures/Fototeca de Fotos.photoslibrary/resources/derivatives/masters/A/A2885076-9DB8-4345-B3AA-B177AEABD912_4_5005_c.jpeg"
    ],
    "ultima_modificacion": "2025-08-01 01:01:11.083581"
  },
  "a3bccb210dd34f3abe81000fba9a204945005c.jpeg": {
    "app_sintetizada": "A3BCCB210DD34F3ABE81000FBA9A204945005C.JPEG",
    "cantidad_archivos": 1,
    "archivos_fuente": [
      "Pictures/Fototeca de Fotos.photoslibrary/resources/derivatives/masters/A/A3BCCB21-0DD3-4F3A-BE81-000FBA9A2049_4_5005_c.jpeg"
    ],
    "ultima_modificacion": "2025-08-01 01:01:11.083819"
  }
}