{
  "c8e6e7fea15243d2887b19afdd4982aa45005c.jpeg": {
    "app_sintetizada": "C8E6E7FEA15243D2887B19AFDD4982AA45005C.JPEG",
    "cantidad_archivos": 1,
    "archivos_fuente": [
      "Pictures/Fototeca de Fotos.photoslibrary/resources/derivatives/masters/C/C8E6E7FE-A152-43D2-887B-19AFDD4982AA_4_5005_c.jpeg"
    ],
    "ultima_modificacion": "2025-08-01 01:01:13.112017"
  },
  "c239ed6c37f345b5bda9f775dcea85c845005c.jpeg": {
    "app_sintetizada": "C239ED6C37F345B5BDA9F775DCEA85C845005C.JPEG",
    "cantidad_archivos": 1,
    "archivos_fuente": [
      "Pictures/Fototeca de Fotos.photoslibrary/resources/derivatives/masters/C/C239ED6C-37F3-45B5-BDA9-F775DCEA85C8_4_5005_c.jpeg"
    ],
    "ultima_modificacion": "2025-08-01 01:01:13.112210"
  },
  "c762d606fc804b588e657b90fad07fd745005c.jpeg": {
    "app_sintetizada": "C762D606FC804B588E657B90FAD07FD745005C.JPEG",
    "cantidad_archivos": 1,
    "archivos_fuente": [
      "Pictures/Fototeca de Fotos.photoslibrary/resources/derivatives/masters/C/C762D606-FC80-4B58-8E65-7B90FAD07FD7_4_5005_c.jpeg"
    ],
    "ultima_modificacion": "2025-08-01 01:01:13.112594"
  },
  "cd064069e1254a7481dc7dfd222f332945005c.jpeg": {
    "app_sintetizada": "CD064069E1254A7481DC7DFD222F332945005C.JPEG",
    "cantidad_archivos": 1,
    "archivos_fuente": [
      "Pictures/Fototeca de Fotos.photoslibrary/resources/derivatives/masters/C/CD064069-E125-4A74-81DC-7DFD222F3329_4_5005_c.jpeg"
    ],
    "ultima_modificacion": "2025-08-01 01:01:13.112906"
  },
  "cbcf49f8fae347ca9e14ba286b4e801545005c.jpeg": {
    "app_sintetizada": "CBCF49F8FAE347CA9E14BA286B4E801545005C.JPEG",
    "cantidad_archivos": 1,
    "archivos_fuente": [
      "Pictures/Fototeca de Fotos.photoslibrary/resources/derivatives/masters/C/CBCF49F8-FAE3-47CA-9E14-BA286B4E8015_4_5005_c.jpeg"
    ],
    "ultima_modificacion": "2025-08-01 01:01:13.113135"
  },
  "c99b0fbc171245a5ae974580560e66f845005c.jpeg": {
    "app_sintetizada": "C99B0FBC171245A5AE974580560E66F845005C.JPEG",
    "cantidad_archivos": 1,
    "archivos_fuente": [
      "Pictures/Fototeca de Fotos.photoslibrary/resources/derivatives/masters/C/C99B0FBC-1712-45A5-AE97-4580560E66F8_4_5005_c.jpeg"
    ],
    "ultima_modificacion": "2025-08-01 01:01:13.113423"
  },
  "cda4b8980a5740c3a49f3db2c9751c8745005c.jpeg": {
    "app_sintetizada": "CDA4B8980A5740C3A49F3DB2C9751C8745005C.JPEG",
    "cantidad_archivos": 1,
    "archivos_fuente": [
      "Pictures/Fototeca de Fotos.photoslibrary/resources/derivatives/masters/C/CDA4B898-0A57-40C3-A49F-3DB2C9751C87_4_5005_c.jpeg"
    ],
    "ultima_modificacion": "2025-08-01 01:01:13.113652"
  },
  "c1050c9349f64f998579943c1d93031245005c.jpeg": {
    "app_sintetizada": "C1050C9349F64F998579943C1D93031245005C.JPEG",
    "cantidad_archivos": 1,
    "archivos_fuente": [
      "Pictures/Fototeca de Fotos.photoslibrary/resources/derivatives/masters/C/C1050C93-49F6-4F99-8579-943C1D930312_4_5005_c.jpeg"
    ],
    "ultima_modificacion": "2025-08-01 01:01:13.113894"
  },
  "cd319ea3c7b8486fa0ae50fc70c8c85c45005c.jpeg": {
    "app_sintetizada": "CD319EA3C7B8486FA0AE50FC70C8C85C45005C.JPEG",
    "cantidad_archivos": 1,
    "archivos_fuente": [
      "Pictures/Fototeca de Fotos.photoslibrary/resources/derivatives/masters/C/CD319EA3-C7B8-486F-A0AE-50FC70C8C85C_4_5005_c.jpeg"
    ],
    "ultima_modificacion": "2025-08-01 01:01:13.114127"
  },
  "c81851e1cb6d41adb8b2a51d5831e35f45005c.jpeg": {
    "app_sintetizada": "C81851E1CB6D41ADB8B2A51D5831E35F45005C.JPEG",
    "cantidad_archivos": 1,
    "archivos_fuente": [
      "Pictures/Fototeca de Fotos.photoslibrary/resources/derivatives/masters/C/C81851E1-CB6D-41AD-B8B2-A51D5831E35F_4_5005_c.jpeg"
    ],
    "ultima_modificacion": "2025-08-01 01:01:13.114365"
  },
  "c69a36eee95141c1ab34190c42ac412e45005c.jpeg": {
    "app_sintetizada": "C69A36EEE95141C1AB34190C42AC412E45005C.JPEG",
    "cantidad_archivos": 1,
    "archivos_fuente": [
      "Pictures/Fototeca de Fotos.photoslibrary/resources/derivatives/masters/C/C69A36EE-E951-41C1-AB34-190C42AC412E_4_5005_c.jpeg"
    ],
    "ultima_modificacion": "2025-08-01 01:01:13.114578"
  },
  "c2210a6f5a4e404196daadbfb0f19dd945005c.jpeg": {
    "app_sintetizada": "C2210A6F5A4E404196DAADBFB0F19DD945005C.JPEG",
    "cantidad_archivos": 1,
    "archivos_fuente": [
      "Pictures/Fototeca de Fotos.photoslibrary/resources/derivatives/masters/C/C2210A6F-5A4E-4041-96DA-ADBFB0F19DD9_4_5005_c.jpeg"
    ],
    "ultima_modificacion": "2025-08-01 01:01:13.114802"
  },
  "cd8a65a9ccfc4c6399b9325dcd26534d45005c.jpeg": {
    "app_sintetizada": "CD8A65A9CCFC4C6399B9325DCD26534D45005C.JPEG",
    "cantidad_archivos": 1,
    "archivos_fuente": [
      "Pictures/Fototeca de Fotos.photoslibrary/resources/derivatives/masters/C/CD8A65A9-CCFC-4C63-99B9-325DCD26534D_4_5005_c.jpeg"
    ],
    "ultima_modificacion": "2025-08-01 01:01:13.115062"
  },
  "cd504d23c29d480684cb1aa2461eaf4445005c.jpeg": {
    "app_sintetizada": "CD504D23C29D480684CB1AA2461EAF4445005C.JPEG",
    "cantidad_archivos": 1,
    "archivos_fuente": [
      "Pictures/Fototeca de Fotos.photoslibrary/resources/derivatives/masters/C/CD504D23-C29D-4806-84CB-1AA2461EAF44_4_5005_c.jpeg"
    ],
    "ultima_modificacion": "2025-08-01 01:01:13.115291"
  },
  "c01ef5de63e8429ebd116a612bcf683445005c.jpeg": {
    "app_sintetizada": "C01EF5DE63E8429EBD116A612BCF683445005C.JPEG",
    "cantidad_archivos": 1,
    "archivos_fuente": [
      "Pictures/Fototeca de Fotos.photoslibrary/resources/derivatives/masters/C/C01EF5DE-63E8-429E-BD11-6A612BCF6834_4_5005_c.jpeg"
    ],
    "ultima_modificacion": "2025-08-01 01:01:13.115564"
  },
  "cd74da237ff640c686e21a14c99da6d045005c.jpeg": {
    "app_sintetizada": "CD74DA237FF640C686E21A14C99DA6D045005C.JPEG",
    "cantidad_archivos": 1,
    "archivos_fuente": [
      "Pictures/Fototeca de Fotos.photoslibrary/resources/derivatives/masters/C/CD74DA23-7FF6-40C6-86E2-1A14C99DA6D0_4_5005_c.jpeg"
    ],
    "ultima_modificacion": "2025-08-01 01:01:13.115787"
  },
  "c1673545082b4739acf4c91968611b7245005c.jpeg": {
    "app_sintetizada": "C1673545082B4739ACF4C91968611B7245005C.JPEG",
    "cantidad_archivos": 1,
    "archivos_fuente": [
      "Pictures/Fototeca de Fotos.photoslibrary/resources/derivatives/masters/C/C1673545-082B-4739-ACF4-C91968611B72_4_5005_c.jpeg"
    ],
    "ultima_modificacion": "2025-08-01 01:01:13.115975"
  },
  "cacadf1195ec4e7493fd470e8a91ab1a45005c.jpeg": {
    "app_sintetizada": "CACADF1195EC4E7493FD470E8A91AB1A45005C.JPEG",
    "cantidad_archivos": 1,
    "archivos_fuente": [
      "Pictures/Fototeca de Fotos.photoslibrary/resources/derivatives/masters/C/CACADF11-95EC-4E74-93FD-470E8A91AB1A_4_5005_c.jpeg"
    ],
    "ultima_modificacion": "2025-08-01 01:01:13.116172"
  },
  "cc9b0d8ede7145779161977bd784b8c945005c.jpeg": {
    "app_sintetizada": "CC9B0D8EDE7145779161977BD784B8C945005C.JPEG",
    "cantidad_archivos": 1,
    "archivos_fuente": [
      "Pictures/Fototeca de Fotos.photoslibrary/resources/derivatives/masters/C/CC9B0D8E-DE71-4577-9161-977BD784B8C9_4_5005_c.jpeg"
    ],
    "ultima_modificacion": "2025-08-01 01:01:13.116413"
  },
  "c6776f0f152049e5a9afbb1a296a96a845005c.jpeg": {
    "app_sintetizada": "C6776F0F152049E5A9AFBB1A296A96A845005C.JPEG",
    "cantidad_archivos": 1,
    "archivos_fuente": [
      "Pictures/Fototeca de Fotos.photoslibrary/resources/derivatives/masters/C/C6776F0F-1520-49E5-A9AF-BB1A296A96A8_4_5005_c.jpeg"
    ],
    "ultima_modificacion": "2025-08-01 01:01:13.116686"
  },
  "c2bda2c83020477aac3cd76853c4977645005c.jpeg": {
    "app_sintetizada": "C2BDA2C83020477AAC3CD76853C4977645005C.JPEG",
    "cantidad_archivos": 1,
    "archivos_fuente": [
      "Pictures/Fototeca de Fotos.photoslibrary/resources/derivatives/masters/C/C2BDA2C8-3020-477A-AC3C-D76853C49776_4_5005_c.jpeg"
    ],
    "ultima_modificacion": "2025-08-01 01:01:13.116966"
  },
  "ce3fa42b16894038b8d22a64a0f8c2ed45005c.jpeg": {
    "app_sintetizada": "CE3FA42B16894038B8D22A64A0F8C2ED45005C.JPEG",
    "cantidad_archivos": 1,
    "archivos_fuente": [
      "Pictures/Fototeca de Fotos.photoslibrary/resources/derivatives/masters/C/CE3FA42B-1689-4038-B8D2-2A64A0F8C2ED_4_5005_c.jpeg"
    ],
    "ultima_modificacion": "2025-08-01 01:01:13.117213"
  },
  "c1407e8407a347f7886c1dc9d32acde945005c.jpeg": {
    "app_sintetizada": "C1407E8407A347F7886C1DC9D32ACDE945005C.JPEG",
    "cantidad_archivos": 1,
    "archivos_fuente": [
      "Pictures/Fototeca de Fotos.photoslibrary/resources/derivatives/masters/C/C1407E84-07A3-47F7-886C-1DC9D32ACDE9_4_5005_c.jpeg"
    ],
    "ultima_modificacion": "2025-08-01 01:01:13.117472"
  },
  "cc610388bc0346219f549d61f393d7a245005c.jpeg": {
    "app_sintetizada": "CC610388BC0346219F549D61F393D7A245005C.JPEG",
    "cantidad_archivos": 1,
    "archivos_fuente": [
      "Pictures/Fototeca de Fotos.photoslibrary/resources/derivatives/masters/C/CC610388-BC03-4621-9F54-9D61F393D7A2_4_5005_c.jpeg"
    ],
    "ultima_modificacion": "2025-08-01 01:01:13.117678"
  },
  "c5630e4cd945491d8be3cf6bb1d507a045005c.jpeg": {
    "app_sintetizada": "C5630E4CD945491D8BE3CF6BB1D507A045005C.JPEG",
    "cantidad_archivos": 1,
    "archivos_fuente": [
      "Pictures/Fototeca de Fotos.photoslibrary/resources/derivatives/masters/C/C5630E4C-D945-491D-8BE3-CF6BB1D507A0_4_5005_c.jpeg"
    ],
    "ultima_modificacion": "2025-08-01 01:01:13.117864"
  },
  "c6c98923a26b43b8ba1f6008c811d86345005c.jpeg": {
    "app_sintetizada": "C6C98923A26B43B8BA1F6008C811D86345005C.JPEG",
    "cantidad_archivos": 1,
    "archivos_fuente": [
      "Pictures/Fototeca de Fotos.photoslibrary/resources/derivatives/masters/C/C6C98923-A26B-43B8-BA1F-6008C811D863_4_5005_c.jpeg"
    ],
    "ultima_modificacion": "2025-08-01 01:01:13.118045"
  },
  "c5669e70bd2a4c48889afe726f7b451c45005c.jpeg": {
    "app_sintetizada": "C5669E70BD2A4C48889AFE726F7B451C45005C.JPEG",
    "cantidad_archivos": 1,
    "archivos_fuente": [
      "Pictures/Fototeca de Fotos.photoslibrary/resources/derivatives/masters/C/C5669E70-BD2A-4C48-889A-FE726F7B451C_4_5005_c.jpeg"
    ],
    "ultima_modificacion": "2025-08-01 01:01:13.118243"
  },
  "cfa7713c58154cf2bf4d52ef88ed279945005c.jpeg": {
    "app_sintetizada": "CFA7713C58154CF2BF4D52EF88ED279945005C.JPEG",
    "cantidad_archivos": 1,
    "archivos_fuente": [
      "Pictures/Fototeca de Fotos.photoslibrary/resources/derivatives/masters/C/CFA7713C-5815-4CF2-BF4D-52EF88ED2799_4_5005_c.jpeg"
    ],
    "ultima_modificacion": "2025-08-01 01:01:13.118527"
  },
  "c49126a512674001bf043713e30e6ea445005c.jpeg": {
    "app_sintetizada": "C49126A512674001BF043713E30E6EA445005C.JPEG",
    "cantidad_archivos": 1,
    "archivos_fuente": [
      "Pictures/Fototeca de Fotos.photoslibrary/resources/derivatives/masters/C/C49126A5-1267-4001-BF04-3713E30E6EA4_4_5005_c.jpeg"
    ],
    "ultima_modificacion": "2025-08-01 01:01:13.118866"
  },
  "cffa8ef6805a4b6698b2ae84fb5ddccc45005c.jpeg": {
    "app_sintetizada": "CFFA8EF6805A4B6698B2AE84FB5DDCCC45005C.JPEG",
    "cantidad_archivos": 1,
    "archivos_fuente": [
      "Pictures/Fototeca de Fotos.photoslibrary/resources/derivatives/masters/C/CFFA8EF6-805A-4B66-98B2-AE84FB5DDCCC_4_5005_c.jpeg"
    ],
    "ultima_modificacion": "2025-08-01 01:01:13.119187"
  },
  "cb2dad55093d4d9e991a069af1258e8a45005c.jpeg": {
    "app_sintetizada": "CB2DAD55093D4D9E991A069AF1258E8A45005C.JPEG",
    "cantidad_archivos": 1,
    "archivos_fuente": [
      "Pictures/Fototeca de Fotos.photoslibrary/resources/derivatives/masters/C/CB2DAD55-093D-4D9E-991A-069AF1258E8A_4_5005_c.jpeg"
    ],
    "ultima_modificacion": "2025-08-01 01:01:13.119505"
  },
  "c5dd564e981e4cf8b2dc5ca901561dc845005c.jpeg": {
    "app_sintetizada": "C5DD564E981E4CF8B2DC5CA901561DC845005C.JPEG",
    "cantidad_archivos": 1,
    "archivos_fuente": [
      "Pictures/Fototeca de Fotos.photoslibrary/resources/derivatives/masters/C/C5DD564E-981E-4CF8-B2DC-5CA901561DC8_4_5005_c.jpeg"
    ],
    "ultima_modificacion": "2025-08-01 01:01:13.119835"
  },
  "ccfe82a4bfa54bd48e1f7748dc01cda445005c.jpeg": {
    "app_sintetizada": "CCFE82A4BFA54BD48E1F7748DC01CDA445005C.JPEG",
    "cantidad_archivos": 1,
    "archivos_fuente": [
      "Pictures/Fototeca de Fotos.photoslibrary/resources/derivatives/masters/C/CCFE82A4-BFA5-4BD4-8E1F-7748DC01CDA4_4_5005_c.jpeg"
    ],
    "ultima_modificacion": "2025-08-01 01:01:13.120136"
  },
  "c6b98f24680a477d96f80cdc741bd3e045005c.jpeg": {
    "app_sintetizada": "C6B98F24680A477D96F80CDC741BD3E045005C.JPEG",
    "cantidad_archivos": 1,
    "archivos_fuente": [
      "Pictures/Fototeca de Fotos.photoslibrary/resources/derivatives/masters/C/C6B98F24-680A-477D-96F8-0CDC741BD3E0_4_5005_c.jpeg"
    ],
    "ultima_modificacion": "2025-08-01 01:01:13.120413"
  },
  "c938da53272e43cbbc8e4272378dbd0745005c.jpeg": {
    "app_sintetizada": "C938DA53272E43CBBC8E4272378DBD0745005C.JPEG",
    "cantidad_archivos": 1,
    "archivos_fuente": [
      "Pictures/Fototeca de Fotos.photoslibrary/resources/derivatives/masters/C/C938DA53-272E-43CB-BC8E-4272378DBD07_4_5005_c.jpeg"
    ],
    "ultima_modificacion": "2025-08-01 01:01:13.120679"
  },
  "c2d2770270d4497fa2ae8a983625474345005c.jpeg": {
    "app_sintetizada": "C2D2770270D4497FA2AE8A983625474345005C.JPEG",
    "cantidad_archivos": 1,
    "archivos_fuente": [
      "Pictures/Fototeca de Fotos.photoslibrary/resources/derivatives/masters/C/C2D27702-70D4-497F-A2AE-8A9836254743_4_5005_c.jpeg"
    ],
    "ultima_modificacion": "2025-08-01 01:01:13.121024"
  },
  "ce7927d982d5497b96df7cdaae8654e945005c.jpeg": {
    "app_sintetizada": "CE7927D982D5497B96DF7CDAAE8654E945005C.JPEG",
    "cantidad_archivos": 1,
    "archivos_fuente": [
      "Pictures/Fototeca de Fotos.photoslibrary/resources/derivatives/masters/C/CE7927D9-82D5-497B-96DF-7CDAAE8654E9_4_5005_c.jpeg"
    ],
    "ultima_modificacion": "2025-08-01 01:01:13.121342"
  },
  "c286db4e8a564988aa7ee4bae3058fe345005c.jpeg": {
    "app_sintetizada": "C286DB4E8A564988AA7EE4BAE3058FE345005C.JPEG",
    "cantidad_archivos": 1,
    "archivos_fuente": [
      "Pictures/Fototeca de Fotos.photoslibrary/resources/derivatives/masters/C/C286DB4E-8A56-4988-AA7E-E4BAE3058FE3_4_5005_c.jpeg"
    ],
    "ultima_modificacion": "2025-08-01 01:01:13.121688"
  },
  "cfdad13ac5944f3d9ad21ba495846de845005c.jpeg": {
    "app_sintetizada": "CFDAD13AC5944F3D9AD21BA495846DE845005C.JPEG",
    "cantidad_archivos": 1,
    "archivos_fuente": [
      "Pictures/Fototeca de Fotos.photoslibrary/resources/derivatives/masters/C/CFDAD13A-C594-4F3D-9AD2-1BA495846DE8_4_5005_c.jpeg"
    ],
    "ultima_modificacion": "2025-08-01 01:01:13.122111"
  },
  "c04401186daa49c1bac12ac0248f147b45005c.jpeg": {
    "app_sintetizada": "C04401186DAA49C1BAC12AC0248F147B45005C.JPEG",
    "cantidad_archivos": 1,
    "archivos_fuente": [
      "Pictures/Fototeca de Fotos.photoslibrary/resources/derivatives/masters/C/C0440118-6DAA-49C1-BAC1-2AC0248F147B_4_5005_c.jpeg"
    ],
    "ultima_modificacion": "2025-08-01 01:01:13.122441"
  },
  "c4300aef2b104332bed3a5711839bef445005c.jpeg": {
    "app_sintetizada": "C4300AEF2B104332BED3A5711839BEF445005C.JPEG",
    "cantidad_archivos": 1,
    "archivos_fuente": [
      "Pictures/Fototeca de Fotos.photoslibrary/resources/derivatives/masters/C/C4300AEF-2B10-4332-BED3-A5711839BEF4_4_5005_c.jpeg"
    ],
    "ultima_modificacion": "2025-08-01 01:01:13.122765"
  },
  "c549df72d7c3494f96bef4223b6430bf45005c.jpeg": {
    "app_sintetizada": "C549DF72D7C3494F96BEF4223B6430BF45005C.JPEG",
    "cantidad_archivos": 1,
    "archivos_fuente": [
      "Pictures/Fototeca de Fotos.photoslibrary/resources/derivatives/masters/C/C549DF72-D7C3-494F-96BE-F4223B6430BF_4_5005_c.jpeg"
    ],
    "ultima_modificacion": "2025-08-01 01:01:13.123031"
  },
  "c7811fb941914ca48f4cbce07218f7d445005c.jpeg": {
    "app_sintetizada": "C7811FB941914CA48F4CBCE07218F7D445005C.JPEG",
    "cantidad_archivos": 1,
    "archivos_fuente": [
      "Pictures/Fototeca de Fotos.photoslibrary/resources/derivatives/masters/C/C7811FB9-4191-4CA4-8F4C-BCE07218F7D4_4_5005_c.jpeg"
    ],
    "ultima_modificacion": "2025-08-01 01:01:13.123266"
  },
  "c4aa95feca8843e9867447549c3108bc45005c.jpeg": {
    "app_sintetizada": "C4AA95FECA8843E9867447549C3108BC45005C.JPEG",
    "cantidad_archivos": 1,
    "archivos_fuente": [
      "Pictures/Fototeca de Fotos.photoslibrary/resources/derivatives/masters/C/C4AA95FE-CA88-43E9-8674-47549C3108BC_4_5005_c.jpeg"
    ],
    "ultima_modificacion": "2025-08-01 01:01:13.123552"
  },
  "c8beaba88f304f8997ed7c7314a3fb1c45005c.jpeg": {
    "app_sintetizada": "C8BEABA88F304F8997ED7C7314A3FB1C45005C.JPEG",
    "cantidad_archivos": 1,
    "archivos_fuente": [
      "Pictures/Fototeca de Fotos.photoslibrary/resources/derivatives/masters/C/C8BEABA8-8F30-4F89-97ED-7C7314A3FB1C_4_5005_c.jpeg"
    ],
    "ultima_modificacion": "2025-08-01 01:01:13.123879"
  },
  "cae114b9583b4f67a5cea08d6fd4aa0945005c.jpeg": {
    "app_sintetizada": "CAE114B9583B4F67A5CEA08D6FD4AA0945005C.JPEG",
    "cantidad_archivos": 1,
    "archivos_fuente": [
      "Pictures/Fototeca de Fotos.photoslibrary/resources/derivatives/masters/C/CAE114B9-583B-4F67-A5CE-A08D6FD4AA09_4_5005_c.jpeg"
    ],
    "ultima_modificacion": "2025-08-01 01:01:13.124182"
  },
  "c8c20f915c1c46379c7aeb22ddd35afd45005c.jpeg": {
    "app_sintetizada": "C8C20F915C1C46379C7AEB22DDD35AFD45005C.JPEG",
    "cantidad_archivos": 1,
    "archivos_fuente": [
      "Pictures/Fototeca de Fotos.photoslibrary/resources/derivatives/masters/C/C8C20F91-5C1C-4637-9C7A-EB22DDD35AFD_4_5005_c.jpeg"
    ],
    "ultima_modificacion": "2025-08-01 01:01:13.124483"
  },
  "c083c5dfbbdb45a5a8b9e8a28d8940bd45005c.jpeg": {
    "app_sintetizada": "C083C5DFBBDB45A5A8B9E8A28D8940BD45005C.JPEG",
    "cantidad_archivos": 1,
    "archivos_fuente": [
      "Pictures/Fototeca de Fotos.photoslibrary/resources/derivatives/masters/C/C083C5DF-BBDB-45A5-A8B9-E8A28D8940BD_4_5005_c.jpeg"
    ],
    "ultima_modificacion": "2025-08-01 01:01:13.124747"
  },
  "cddfab828be943598c7244415fe76dbb45005c.jpeg": {
    "app_sintetizada": "CDDFAB828BE943598C7244415FE76DBB45005C.JPEG",
    "cantidad_archivos": 1,
    "archivos_fuente": [
      "Pictures/Fototeca de Fotos.photoslibrary/resources/derivatives/masters/C/CDDFAB82-8BE9-4359-8C72-44415FE76DBB_4_5005_c.jpeg"
    ],
    "ultima_modificacion": "2025-08-01 01:01:13.125039"
  },
  "c6af4b994fac49c282007fe62ca2a22445005c.jpeg": {
    "app_sintetizada": "C6AF4B994FAC49C282007FE62CA2A22445005C.JPEG",
    "cantidad_archivos": 1,
    "archivos_fuente": [
      "Pictures/Fototeca de Fotos.photoslibrary/resources/derivatives/masters/C/C6AF4B99-4FAC-49C2-8200-7FE62CA2A224_4_5005_c.jpeg"
    ],
    "ultima_modificacion": "2025-08-01 01:01:13.125393"
  },
  "c01152c18b5d4761a6906ed916fc0f2e45005c.jpeg": {
    "app_sintetizada": "C01152C18B5D4761A6906ED916FC0F2E45005C.JPEG",
    "cantidad_archivos": 1,
    "archivos_fuente": [
      "Pictures/Fototeca de Fotos.photoslibrary/resources/derivatives/masters/C/C01152C1-8B5D-4761-A690-6ED916FC0F2E_4_5005_c.jpeg"
    ],
    "ultima_modificacion": "2025-08-01 01:01:13.125717"
  },
  "c622784258604a6eaebdd6ec454f178045005c.jpeg": {
    "app_sintetizada": "C622784258604A6EAEBDD6EC454F178045005C.JPEG",
    "cantidad_archivos": 1,
    "archivos_fuente": [
      "Pictures/Fototeca de Fotos.photoslibrary/resources/derivatives/masters/C/C6227842-5860-4A6E-AEBD-D6EC454F1780_4_5005_c.jpeg"
    ],
    "ultima_modificacion": "2025-08-01 01:01:13.126017"
  },
  "ccd7dc376c104f6bb1ce3a57044af9e445005c.jpeg": {
    "app_sintetizada": "CCD7DC376C104F6BB1CE3A57044AF9E445005C.JPEG",
    "cantidad_archivos": 1,
    "archivos_fuente": [
      "Pictures/Fototeca de Fotos.photoslibrary/resources/derivatives/masters/C/CCD7DC37-6C10-4F6B-B1CE-3A57044AF9E4_4_5005_c.jpeg"
    ],
    "ultima_modificacion": "2025-08-01 01:01:13.126224"
  },
  "c5aa97d0fdb747b0aa30954be9000e1f45005c.jpeg": {
    "app_sintetizada": "C5AA97D0FDB747B0AA30954BE9000E1F45005C.JPEG",
    "cantidad_archivos": 1,
    "archivos_fuente": [
      "Pictures/Fototeca de Fotos.photoslibrary/resources/derivatives/masters/C/C5AA97D0-FDB7-47B0-AA30-954BE9000E1F_4_5005_c.jpeg"
    ],
    "ultima_modificacion": "2025-08-01 01:01:13.126491"
  },
  "ca95d35dc22a4446b9ae90c3622908d045005c.jpeg": {
    "app_sintetizada": "CA95D35DC22A4446B9AE90C3622908D045005C.JPEG",
    "cantidad_archivos": 1,
    "archivos_fuente": [
      "Pictures/Fototeca de Fotos.photoslibrary/resources/derivatives/masters/C/CA95D35D-C22A-4446-B9AE-90C3622908D0_4_5005_c.jpeg"
    ],
    "ultima_modificacion": "2025-08-01 01:01:13.126768"
  },
  "cb0e76638a8a4d2b9c1bb5cd8324e9a945005c.jpeg": {
    "app_sintetizada": "CB0E76638A8A4D2B9C1BB5CD8324E9A945005C.JPEG",
    "cantidad_archivos": 1,
    "archivos_fuente": [
      "Pictures/Fototeca de Fotos.photoslibrary/resources/derivatives/masters/C/CB0E7663-8A8A-4D2B-9C1B-B5CD8324E9A9_4_5005_c.jpeg"
    ],
    "ultima_modificacion": "2025-08-01 01:01:13.127013"
  },
  "ce58bc3746644ffeb9efc6e766f8c87445005c.jpeg": {
    "app_sintetizada": "CE58BC3746644FFEB9EFC6E766F8C87445005C.JPEG",
    "cantidad_archivos": 1,
    "archivos_fuente": [
      "Pictures/Fototeca de Fotos.photoslibrary/resources/derivatives/masters/C/CE58BC37-4664-4FFE-B9EF-C6E766F8C874_4_5005_c.jpeg"
    ],
    "ultima_modificacion": "2025-08-01 01:01:13.127305"
  },
  "cd1662dcdf564c01ad2c613004f2494f45005c.jpeg": {
    "app_sintetizada": "CD1662DCDF564C01AD2C613004F2494F45005C.JPEG",
    "cantidad_archivos": 1,
    "archivos_fuente": [
      "Pictures/Fototeca de Fotos.photoslibrary/resources/derivatives/masters/C/CD1662DC-DF56-4C01-AD2C-613004F2494F_4_5005_c.jpeg"
    ],
    "ultima_modificacion": "2025-08-01 01:01:13.127617"
  },
  "cb47266cf818494fb416d71ed736162645005c.jpeg": {
    "app_sintetizada": "CB47266CF818494FB416D71ED736162645005C.JPEG",
    "cantidad_archivos": 1,
    "archivos_fuente": [
      "Pictures/Fototeca de Fotos.photoslibrary/resources/derivatives/masters/C/CB47266C-F818-494F-B416-D71ED7361626_4_5005_c.jpeg"
    ],
    "ultima_modificacion": "2025-08-01 01:01:13.127884"
  },
  "cdff187f7f294061ad6e233f854d894f45005c.jpeg": {
    "app_sintetizada": "CDFF187F7F294061AD6E233F854D894F45005C.JPEG",
    "cantidad_archivos": 1,
    "archivos_fuente": [
      "Pictures/Fototeca de Fotos.photoslibrary/resources/derivatives/masters/C/CDFF187F-7F29-4061-AD6E-233F854D894F_4_5005_c.jpeg"
    ],
    "ultima_modificacion": "2025-08-01 01:01:13.128130"
  },
  "cb87be04d27348d195f970dcc6ffdfd745005c.jpeg": {
    "app_sintetizada": "CB87BE04D27348D195F970DCC6FFDFD745005C.JPEG",
    "cantidad_archivos": 1,
    "archivos_fuente": [
      "Pictures/Fototeca de Fotos.photoslibrary/resources/derivatives/masters/C/CB87BE04-D273-48D1-95F9-70DCC6FFDFD7_4_5005_c.jpeg"
    ],
    "ultima_modificacion": "2025-08-01 01:01:13.128389"
  },
  "c83fb3c28bd64cfba34fce8b1132b91e45005c.jpeg": {
    "app_sintetizada": "C83FB3C28BD64CFBA34FCE8B1132B91E45005C.JPEG",
    "cantidad_archivos": 1,
    "archivos_fuente": [
      "Pictures/Fototeca de Fotos.photoslibrary/resources/derivatives/masters/C/C83FB3C2-8BD6-4CFB-A34F-CE8B1132B91E_4_5005_c.jpeg"
    ],
    "ultima_modificacion": "2025-08-01 01:01:13.128708"
  },
  "cd5eabd0088740df9681fd664909ea6a45005c.jpeg": {
    "app_sintetizada": "CD5EABD0088740DF9681FD664909EA6A45005C.JPEG",
    "cantidad_archivos": 1,
    "archivos_fuente": [
      "Pictures/Fototeca de Fotos.photoslibrary/resources/derivatives/masters/C/CD5EABD0-0887-40DF-9681-FD664909EA6A_4_5005_c.jpeg"
    ],
    "ultima_modificacion": "2025-08-01 01:01:13.128959"
  },
  "cb7ddcc2b8344d2e9ccb9310184dc60445005c.jpeg": {
    "app_sintetizada": "CB7DDCC2B8344D2E9CCB9310184DC60445005C.JPEG",
    "cantidad_archivos": 1,
    "archivos_fuente": [
      "Pictures/Fototeca de Fotos.photoslibrary/resources/derivatives/masters/C/CB7DDCC2-B834-4D2E-9CCB-9310184DC604_4_5005_c.jpeg"
    ],
    "ultima_modificacion": "2025-08-01 01:01:13.129261"
  },
  "c6392fbc6e5845ab975b75824b2fb02c45005c.jpeg": {
    "app_sintetizada": "C6392FBC6E5845AB975B75824B2FB02C45005C.JPEG",
    "cantidad_archivos": 1,
    "archivos_fuente": [
      "Pictures/Fototeca de Fotos.photoslibrary/resources/derivatives/masters/C/C6392FBC-6E58-45AB-975B-75824B2FB02C_4_5005_c.jpeg"
    ],
    "ultima_modificacion": "2025-08-01 01:01:13.129494"
  },
  "c88c96d265e64537b5ac41b67c06a64a45005c.jpeg": {
    "app_sintetizada": "C88C96D265E64537B5AC41B67C06A64A45005C.JPEG",
    "cantidad_archivos": 1,
    "archivos_fuente": [
      "Pictures/Fototeca de Fotos.photoslibrary/resources/derivatives/masters/C/C88C96D2-65E6-4537-B5AC-41B67C06A64A_4_5005_c.jpeg"
    ],
    "ultima_modificacion": "2025-08-01 01:01:13.129816"
  },
  "cfb989a151834d118bc4e7ea5c4c7f4945005c.jpeg": {
    "app_sintetizada": "CFB989A151834D118BC4E7EA5C4C7F4945005C.JPEG",
    "cantidad_archivos": 1,
    "archivos_fuente": [
      "Pictures/Fototeca de Fotos.photoslibrary/resources/derivatives/masters/C/CFB989A1-5183-4D11-8BC4-E7EA5C4C7F49_4_5005_c.jpeg"
    ],
    "ultima_modificacion": "2025-08-01 01:01:13.130138"
  },
  "c7e931204f7c4973a08838d7130a76ce45005c.jpeg": {
    "app_sintetizada": "C7E931204F7C4973A08838D7130A76CE45005C.JPEG",
    "cantidad_archivos": 1,
    "archivos_fuente": [
      "Pictures/Fototeca de Fotos.photoslibrary/resources/derivatives/masters/C/C7E93120-4F7C-4973-A088-38D7130A76CE_4_5005_c.jpeg"
    ],
    "ultima_modificacion": "2025-08-01 01:01:13.130451"
  },
  "cf686f3f9fac484db455b927859da7ac45005c.jpeg": {
    "app_sintetizada": "CF686F3F9FAC484DB455B927859DA7AC45005C.JPEG",
    "cantidad_archivos": 1,
    "archivos_fuente": [
      "Pictures/Fototeca de Fotos.photoslibrary/resources/derivatives/masters/C/CF686F3F-9FAC-484D-B455-B927859DA7AC_4_5005_c.jpeg"
    ],
    "ultima_modificacion": "2025-08-01 01:01:13.130752"
  },
  "c4701dda9d1645289d286bcf2505b68245005c.jpeg": {
    "app_sintetizada": "C4701DDA9D1645289D286BCF2505B68245005C.JPEG",
    "cantidad_archivos": 1,
    "archivos_fuente": [
      "Pictures/Fototeca de Fotos.photoslibrary/resources/derivatives/masters/C/C4701DDA-9D16-4528-9D28-6BCF2505B682_4_5005_c.jpeg"
    ],
    "ultima_modificacion": "2025-08-01 01:01:13.131034"
  },
  "cf7e5a76accf41aba55e03c8520f476245005c.jpeg": {
    "app_sintetizada": "CF7E5A76ACCF41ABA55E03C8520F476245005C.JPEG",
    "cantidad_archivos": 1,
    "archivos_fuente": [
      "Pictures/Fototeca de Fotos.photoslibrary/resources/derivatives/masters/C/CF7E5A76-ACCF-41AB-A55E-03C8520F4762_4_5005_c.jpeg"
    ],
    "ultima_modificacion": "2025-08-01 01:01:13.131320"
  },
  "cbdb9e56130847378348e859c04a15a345005c.jpeg": {
    "app_sintetizada": "CBDB9E56130847378348E859C04A15A345005C.JPEG",
    "cantidad_archivos": 1,
    "archivos_fuente": [
      "Pictures/Fototeca de Fotos.photoslibrary/resources/derivatives/masters/C/CBDB9E56-1308-4737-8348-E859C04A15A3_4_5005_c.jpeg"
    ],
    "ultima_modificacion": "2025-08-01 01:01:13.131605"
  },
  "cf6cd83886a749b8acfe210ab60c258c45005c.jpeg": {
    "app_sintetizada": "CF6CD83886A749B8ACFE210AB60C258C45005C.JPEG",
    "cantidad_archivos": 1,
    "archivos_fuente": [
      "Pictures/Fototeca de Fotos.photoslibrary/resources/derivatives/masters/C/CF6CD838-86A7-49B8-ACFE-210AB60C258C_4_5005_c.jpeg"
    ],
    "ultima_modificacion": "2025-08-01 01:01:13.131859"
  },
  "c29efaba18384a9899b15661937e805945005c.jpeg": {
    "app_sintetizada": "C29EFABA18384A9899B15661937E805945005C.JPEG",
    "cantidad_archivos": 1,
    "archivos_fuente": [
      "Pictures/Fototeca de Fotos.photoslibrary/resources/derivatives/masters/C/C29EFABA-1838-4A98-99B1-5661937E8059_4_5005_c.jpeg"
    ],
    "ultima_modificacion": "2025-08-01 01:01:13.132164"
  },
  "c6e74d520225421e8153f9be5716700445005c.jpeg": {
    "app_sintetizada": "C6E74D520225421E8153F9BE5716700445005C.JPEG",
    "cantidad_archivos": 1,
    "archivos_fuente": [
      "Pictures/Fototeca de Fotos.photoslibrary/resources/derivatives/masters/C/C6E74D52-0225-421E-8153-F9BE57167004_4_5005_c.jpeg"
    ],
    "ultima_modificacion": "2025-08-01 01:01:13.132454"
  },
  "cc6fedf1248a456589783011f8e88c2a45005c.jpeg": {
    "app_sintetizada": "CC6FEDF1248A456589783011F8E88C2A45005C.JPEG",
    "cantidad_archivos": 1,
    "archivos_fuente": [
      "Pictures/Fototeca de Fotos.photoslibrary/resources/derivatives/masters/C/CC6FEDF1-248A-4565-8978-3011F8E88C2A_4_5005_c.jpeg"
    ],
    "ultima_modificacion": "2025-08-01 01:01:13.132660"
  },
  "c7b26845ba3541c19b57f001c3f18a3745005c.jpeg": {
    "app_sintetizada": "C7B26845BA3541C19B57F001C3F18A3745005C.JPEG",
    "cantidad_archivos": 1,
    "archivos_fuente": [
      "Pictures/Fototeca de Fotos.photoslibrary/resources/derivatives/masters/C/C7B26845-BA35-41C1-9B57-F001C3F18A37_4_5005_c.jpeg"
    ],
    "ultima_modificacion": "2025-08-01 01:01:13.132955"
  },
  "c65ad26c748a4a7c9a4bb6e27aa2f6b245005c.jpeg": {
    "app_sintetizada": "C65AD26C748A4A7C9A4BB6E27AA2F6B245005C.JPEG",
    "cantidad_archivos": 1,
    "archivos_fuente": [
      "Pictures/Fototeca de Fotos.photoslibrary/resources/derivatives/masters/C/C65AD26C-748A-4A7C-9A4B-B6E27AA2F6B2_4_5005_c.jpeg"
    ],
    "ultima_modificacion": "2025-08-01 01:01:13.133198"
  },
  "cb2abf31b1e645b2bf1a7d8c8ad2413445005c.jpeg": {
    "app_sintetizada": "CB2ABF31B1E645B2BF1A7D8C8AD2413445005C.JPEG",
    "cantidad_archivos": 1,
    "archivos_fuente": [
      "Pictures/Fototeca de Fotos.photoslibrary/resources/derivatives/masters/C/CB2ABF31-B1E6-45B2-BF1A-7D8C8AD24134_4_5005_c.jpeg"
    ],
    "ultima_modificacion": "2025-08-01 01:01:13.133629"
  },
  "cc30b4c294f94353b5fe707514a083b745005c.jpeg": {
    "app_sintetizada": "CC30B4C294F94353B5FE707514A083B745005C.JPEG",
    "cantidad_archivos": 1,
    "archivos_fuente": [
      "Pictures/Fototeca de Fotos.photoslibrary/resources/derivatives/masters/C/CC30B4C2-94F9-4353-B5FE-707514A083B7_4_5005_c.jpeg"
    ],
    "ultima_modificacion": "2025-08-01 01:01:13.133935"
  },
  "c1e5724adcd34ba5bdb75fd17e1daf5d45005c.jpeg": {
    "app_sintetizada": "C1E5724ADCD34BA5BDB75FD17E1DAF5D45005C.JPEG",
    "cantidad_archivos": 1,
    "archivos_fuente": [
      "Pictures/Fototeca de Fotos.photoslibrary/resources/derivatives/masters/C/C1E5724A-DCD3-4BA5-BDB7-5FD17E1DAF5D_4_5005_c.jpeg"
    ],
    "ultima_modificacion": "2025-08-01 01:01:13.134319"
  },
  "cfcbf08e36cb46a59f86844f925fa10d45005c.jpeg": {
    "app_sintetizada": "CFCBF08E36CB46A59F86844F925FA10D45005C.JPEG",
    "cantidad_archivos": 1,
    "archivos_fuente": [
      "Pictures/Fototeca de Fotos.photoslibrary/resources/derivatives/masters/C/CFCBF08E-36CB-46A5-9F86-844F925FA10D_4_5005_c.jpeg"
    ],
    "ultima_modificacion": "2025-08-01 01:01:13.134564"
  },
  "c6b87e24ff2549ba99b211d3d79b9e8e45005c.jpeg": {
    "app_sintetizada": "C6B87E24FF2549BA99B211D3D79B9E8E45005C.JPEG",
    "cantidad_archivos": 1,
    "archivos_fuente": [
      "Pictures/Fototeca de Fotos.photoslibrary/resources/derivatives/masters/C/C6B87E24-FF25-49BA-99B2-11D3D79B9E8E_4_5005_c.jpeg"
    ],
    "ultima_modificacion": "2025-08-01 01:01:13.134811"
  },
  "c3b1fe6b20274029a85a02cc38a6869045005c.jpeg": {
    "app_sintetizada": "C3B1FE6B20274029A85A02CC38A6869045005C.JPEG",
    "cantidad_archivos": 1,
    "archivos_fuente": [
      "Pictures/Fototeca de Fotos.photoslibrary/resources/derivatives/masters/C/C3B1FE6B-2027-4029-A85A-02CC38A68690_4_5005_c.jpeg"
    ],
    "ultima_modificacion": "2025-08-01 01:01:13.135079"
  },
  "c7948d382b2a41088006e6332033379445005c.jpeg": {
    "app_sintetizada": "C7948D382B2A41088006E6332033379445005C.JPEG",
    "cantidad_archivos": 1,
    "archivos_fuente": [
      "Pictures/Fototeca de Fotos.photoslibrary/resources/derivatives/masters/C/C7948D38-2B2A-4108-8006-E63320333794_4_5005_c.jpeg"
    ],
    "ultima_modificacion": "2025-08-01 01:01:13.162199"
  },
  "c517cbcf24014efdb6dd9a9fbb20f93b45005c.jpeg": {
    "app_sintetizada": "C517CBCF24014EFDB6DD9A9FBB20F93B45005C.JPEG",
    "cantidad_archivos": 1,
    "archivos_fuente": [
      "Pictures/Fototeca de Fotos.photoslibrary/resources/derivatives/masters/C/C517CBCF-2401-4EFD-B6DD-9A9FBB20F93B_4_5005_c.jpeg"
    ],
    "ultima_modificacion": "2025-08-01 01:01:13.163335"
  },
  "ccf4fd96051341ae9d9a0cd2fc74b68f45005c.jpeg": {
    "app_sintetizada": "CCF4FD96051341AE9D9A0CD2FC74B68F45005C.JPEG",
    "cantidad_archivos": 1,
    "archivos_fuente": [
      "Pictures/Fototeca de Fotos.photoslibrary/resources/derivatives/masters/C/CCF4FD96-0513-41AE-9D9A-0CD2FC74B68F_4_5005_c.jpeg"
    ],
    "ultima_modificacion": "2025-08-01 01:01:13.163690"
  },
  "c158b64076794a6db304fb84e0e5577445005c.jpeg": {
    "app_sintetizada": "C158B64076794A6DB304FB84E0E5577445005C.JPEG",
    "cantidad_archivos": 1,
    "archivos_fuente": [
      "Pictures/Fototeca de Fotos.photoslibrary/resources/derivatives/masters/C/C158B640-7679-4A6D-B304-FB84E0E55774_4_5005_c.jpeg"
    ],
    "ultima_modificacion": "2025-08-01 01:01:13.164089"
  },
  "c6a88c745d534698b58cd388a6d2d80c45005c.jpeg": {
    "app_sintetizada": "C6A88C745D534698B58CD388A6D2D80C45005C.JPEG",
    "cantidad_archivos": 1,
    "archivos_fuente": [
      "Pictures/Fototeca de Fotos.photoslibrary/resources/derivatives/masters/C/C6A88C74-5D53-4698-B58C-D388A6D2D80C_4_5005_c.jpeg"
    ],
    "ultima_modificacion": "2025-08-01 01:01:13.164476"
  },
  "c11df18a84f1470dbab8cd27dac327d845005c.jpeg": {
    "app_sintetizada": "C11DF18A84F1470DBAB8CD27DAC327D845005C.JPEG",
    "cantidad_archivos": 1,
    "archivos_fuente": [
      "Pictures/Fototeca de Fotos.photoslibrary/resources/derivatives/masters/C/C11DF18A-84F1-470D-BAB8-CD27DAC327D8_4_5005_c.jpeg"
    ],
    "ultima_modificacion": "2025-08-01 01:01:13.164869"
  },
  "cb53d953ba13424e9623192c9bc7f1b545005c.jpeg": {
    "app_sintetizada": "CB53D953BA13424E9623192C9BC7F1B545005C.JPEG",
    "cantidad_archivos": 1,
    "archivos_fuente": [
      "Pictures/Fototeca de Fotos.photoslibrary/resources/derivatives/masters/C/CB53D953-BA13-424E-9623-192C9BC7F1B5_4_5005_c.jpeg"
    ],
    "ultima_modificacion": "2025-08-01 01:01:13.165314"
  },
  "c821b1a7902f48f6ad1d70430545018345005c.jpeg": {
    "app_sintetizada": "C821B1A7902F48F6AD1D70430545018345005C.JPEG",
    "cantidad_archivos": 1,
    "archivos_fuente": [
      "Pictures/Fototeca de Fotos.photoslibrary/resources/derivatives/masters/C/C821B1A7-902F-48F6-AD1D-704305450183_4_5005_c.jpeg"
    ],
    "ultima_modificacion": "2025-08-01 01:01:13.165674"
  },
  "c27fe35f8e464746934da10bb8ce476545005c.jpeg": {
    "app_sintetizada": "C27FE35F8E464746934DA10BB8CE476545005C.JPEG",
    "cantidad_archivos": 1,
    "archivos_fuente": [
      "Pictures/Fototeca de Fotos.photoslibrary/resources/derivatives/masters/C/C27FE35F-8E46-4746-934D-A10BB8CE4765_4_5005_c.jpeg"
    ],
    "ultima_modificacion": "2025-08-01 01:01:13.165994"
  },
  "ced60e367b26484ca3235948039e101c45005c.jpeg": {
    "app_sintetizada": "CED60E367B26484CA3235948039E101C45005C.JPEG",
    "cantidad_archivos": 1,
    "archivos_fuente": [
      "Pictures/Fototeca de Fotos.photoslibrary/resources/derivatives/masters/C/CED60E36-7B26-484C-A323-5948039E101C_4_5005_c.jpeg"
    ],
    "ultima_modificacion": "2025-08-01 01:01:13.166301"
  },
  "ce11872351c0463aa28c47480097e56345005c.jpeg": {
    "app_sintetizada": "CE11872351C0463AA28C47480097E56345005C.JPEG",
    "cantidad_archivos": 1,
    "archivos_fuente": [
      "Pictures/Fototeca de Fotos.photoslibrary/resources/derivatives/masters/C/CE118723-51C0-463A-A28C-47480097E563_4_5005_c.jpeg"
    ],
    "ultima_modificacion": "2025-08-01 01:01:13.166628"
  },
  "c7fa014f2c1a4a9aa6428e316858afb845005c.jpeg": {
    "app_sintetizada": "C7FA014F2C1A4A9AA6428E316858AFB845005C.JPEG",
    "cantidad_archivos": 1,
    "archivos_fuente": [
      "Pictures/Fototeca de Fotos.photoslibrary/resources/derivatives/masters/C/C7FA014F-2C1A-4A9A-A642-8E316858AFB8_4_5005_c.jpeg"
    ],
    "ultima_modificacion": "2025-08-01 01:01:13.166919"
  },
  "c3926de760df4506a1c35447cb72475b45005c.jpeg": {
    "app_sintetizada": "C3926DE760DF4506A1C35447CB72475B45005C.JPEG",
    "cantidad_archivos": 1,
    "archivos_fuente": [
      "Pictures/Fototeca de Fotos.photoslibrary/resources/derivatives/masters/C/C3926DE7-60DF-4506-A1C3-5447CB72475B_4_5005_c.jpeg"
    ],
    "ultima_modificacion": "2025-08-01 01:01:13.167178"
  },
  "c8b2379964ee4ccfa3bde7ebb8d1aa8f45005c.jpeg": {
    "app_sintetizada": "C8B2379964EE4CCFA3BDE7EBB8D1AA8F45005C.JPEG",
    "cantidad_archivos": 1,
    "archivos_fuente": [
      "Pictures/Fototeca de Fotos.photoslibrary/resources/derivatives/masters/C/C8B23799-64EE-4CCF-A3BD-E7EBB8D1AA8F_4_5005_c.jpeg"
    ],
    "ultima_modificacion": "2025-08-01 01:01:13.168183"
  },
  "c59b7b288de14edabcaa675a545ac3ac45005c.jpeg": {
    "app_sintetizada": "C59B7B288DE14EDABCAA675A545AC3AC45005C.JPEG",
    "cantidad_archivos": 1,
    "archivos_fuente": [
      "Pictures/Fototeca de Fotos.photoslibrary/resources/derivatives/masters/C/C59B7B28-8DE1-4EDA-BCAA-675A545AC3AC_4_5005_c.jpeg"
    ],
    "ultima_modificacion": "2025-08-01 01:01:13.168437"
  },
  "c227d1381f8542b4a9f71b7a42de480545005c.jpeg": {
    "app_sintetizada": "C227D1381F8542B4A9F71B7A42DE480545005C.JPEG",
    "cantidad_archivos": 1,
    "archivos_fuente": [
      "Pictures/Fototeca de Fotos.photoslibrary/resources/derivatives/masters/C/C227D138-1F85-42B4-A9F7-1B7A42DE4805_4_5005_c.jpeg"
    ],
    "ultima_modificacion": "2025-08-01 01:01:13.169953"
  }
}