{
  "328d44e7ac77429c845e276a509b07f645005c.jpeg": {
    "app_sintetizada": "328D44E7AC77429C845E276A509B07F645005C.JPEG",
    "cantidad_archivos": 1,
    "archivos_fuente": [
      "Pictures/Fototeca de Fotos.photoslibrary/resources/derivatives/masters/3/328D44E7-AC77-429C-845E-276A509B07F6_4_5005_c.jpeg"
    ],
    "ultima_modificacion": "2025-08-01 01:01:16.389669"
  },
  "3ebadec039c04172b0f76c280f0c468845005c.jpeg": {
    "app_sintetizada": "3EBADEC039C04172B0F76C280F0C468845005C.JPEG",
    "cantidad_archivos": 1,
    "archivos_fuente": [
      "Pictures/Fototeca de Fotos.photoslibrary/resources/derivatives/masters/3/3EBADEC0-39C0-4172-B0F7-6C280F0C4688_4_5005_c.jpeg"
    ],
    "ultima_modificacion": "2025-08-01 01:01:16.390408"
  },
  "38d29e7dbddb4e9cafea80561d97e95f45005c.jpeg": {
    "app_sintetizada": "38D29E7DBDDB4E9CAFEA80561D97E95F45005C.JPEG",
    "cantidad_archivos": 1,
    "archivos_fuente": [
      "Pictures/Fototeca de Fotos.photoslibrary/resources/derivatives/masters/3/38D29E7D-BDDB-4E9C-AFEA-80561D97E95F_4_5005_c.jpeg"
    ],
    "ultima_modificacion": "2025-08-01 01:01:16.390900"
  },
  "3a2d3a004efd47dba8ecf0a25cf1743745005c.jpeg": {
    "app_sintetizada": "3A2D3A004EFD47DBA8ECF0A25CF1743745005C.JPEG",
    "cantidad_archivos": 1,
    "archivos_fuente": [
      "Pictures/Fototeca de Fotos.photoslibrary/resources/derivatives/masters/3/3A2D3A00-4EFD-47DB-A8EC-F0A25CF17437_4_5005_c.jpeg"
    ],
    "ultima_modificacion": "2025-08-01 01:01:16.391397"
  },
  "3feb4ecd704740fe83a288de4dd14eef45005c.jpeg": {
    "app_sintetizada": "3FEB4ECD704740FE83A288DE4DD14EEF45005C.JPEG",
    "cantidad_archivos": 1,
    "archivos_fuente": [
      "Pictures/Fototeca de Fotos.photoslibrary/resources/derivatives/masters/3/3FEB4ECD-7047-40FE-83A2-88DE4DD14EEF_4_5005_c.jpeg"
    ],
    "ultima_modificacion": "2025-08-01 01:01:16.391895"
  },
  "36eaa96e668047d18f514a3a05e4a77f45005c.jpeg": {
    "app_sintetizada": "36EAA96E668047D18F514A3A05E4A77F45005C.JPEG",
    "cantidad_archivos": 1,
    "archivos_fuente": [
      "Pictures/Fototeca de Fotos.photoslibrary/resources/derivatives/masters/3/36EAA96E-6680-47D1-8F51-4A3A05E4A77F_4_5005_c.jpeg"
    ],
    "ultima_modificacion": "2025-08-01 01:01:16.392298"
  },
  "38eff1874af341c1a474b7dcb9e10dba45005c.jpeg": {
    "app_sintetizada": "38EFF1874AF341C1A474B7DCB9E10DBA45005C.JPEG",
    "cantidad_archivos": 1,
    "archivos_fuente": [
      "Pictures/Fototeca de Fotos.photoslibrary/resources/derivatives/masters/3/38EFF187-4AF3-41C1-A474-B7DCB9E10DBA_4_5005_c.jpeg"
    ],
    "ultima_modificacion": "2025-08-01 01:01:16.392683"
  },
  "3b7dd169927d43b7bf2321769f83747645005c.jpeg": {
    "app_sintetizada": "3B7DD169927D43B7BF2321769F83747645005C.JPEG",
    "cantidad_archivos": 1,
    "archivos_fuente": [
      "Pictures/Fototeca de Fotos.photoslibrary/resources/derivatives/masters/3/3B7DD169-927D-43B7-BF23-21769F837476_4_5005_c.jpeg"
    ],
    "ultima_modificacion": "2025-08-01 01:01:16.393613"
  },
  "375e1f3d6b22499aa823751e29b7e3b745005c.jpeg": {
    "app_sintetizada": "375E1F3D6B22499AA823751E29B7E3B745005C.JPEG",
    "cantidad_archivos": 1,
    "archivos_fuente": [
      "Pictures/Fototeca de Fotos.photoslibrary/resources/derivatives/masters/3/375E1F3D-6B22-499A-A823-751E29B7E3B7_4_5005_c.jpeg"
    ],
    "ultima_modificacion": "2025-08-01 01:01:16.394538"
  },
  "37c8b3ab08da4c838546e236228d528245005c.jpeg": {
    "app_sintetizada": "37C8B3AB08DA4C838546E236228D528245005C.JPEG",
    "cantidad_archivos": 1,
    "archivos_fuente": [
      "Pictures/Fototeca de Fotos.photoslibrary/resources/derivatives/masters/3/37C8B3AB-08DA-4C83-8546-E236228D5282_4_5005_c.jpeg"
    ],
    "ultima_modificacion": "2025-08-01 01:01:16.395556"
  },
  "384fa4a815c74f4dbbcb781419d2513d45005c.jpeg": {
    "app_sintetizada": "384FA4A815C74F4DBBCB781419D2513D45005C.JPEG",
    "cantidad_archivos": 1,
    "archivos_fuente": [
      "Pictures/Fototeca de Fotos.photoslibrary/resources/derivatives/masters/3/384FA4A8-15C7-4F4D-BBCB-781419D2513D_4_5005_c.jpeg"
    ],
    "ultima_modificacion": "2025-08-01 01:01:16.396044"
  },
  "310752a2419d415ea5c63c0619ba916a45005c.jpeg": {
    "app_sintetizada": "310752A2419D415EA5C63C0619BA916A45005C.JPEG",
    "cantidad_archivos": 1,
    "archivos_fuente": [
      "Pictures/Fototeca de Fotos.photoslibrary/resources/derivatives/masters/3/310752A2-419D-415E-A5C6-3C0619BA916A_4_5005_c.jpeg"
    ],
    "ultima_modificacion": "2025-08-01 01:01:16.396594"
  },
  "3a2986491ad54b9e8cec26869e24df6645005c.jpeg": {
    "app_sintetizada": "3A2986491AD54B9E8CEC26869E24DF6645005C.JPEG",
    "cantidad_archivos": 1,
    "archivos_fuente": [
      "Pictures/Fototeca de Fotos.photoslibrary/resources/derivatives/masters/3/3A298649-1AD5-4B9E-8CEC-26869E24DF66_4_5005_c.jpeg"
    ],
    "ultima_modificacion": "2025-08-01 01:01:16.397027"
  },
  "3c271e86bfb642748995a5228cdde90d45005c.jpeg": {
    "app_sintetizada": "3C271E86BFB642748995A5228CDDE90D45005C.JPEG",
    "cantidad_archivos": 1,
    "archivos_fuente": [
      "Pictures/Fototeca de Fotos.photoslibrary/resources/derivatives/masters/3/3C271E86-BFB6-4274-8995-A5228CDDE90D_4_5005_c.jpeg"
    ],
    "ultima_modificacion": "2025-08-01 01:01:16.397379"
  },
  "3e1efe9111474d6a9a3d5601413a76b745005c.jpeg": {
    "app_sintetizada": "3E1EFE9111474D6A9A3D5601413A76B745005C.JPEG",
    "cantidad_archivos": 1,
    "archivos_fuente": [
      "Pictures/Fototeca de Fotos.photoslibrary/resources/derivatives/masters/3/3E1EFE91-1147-4D6A-9A3D-5601413A76B7_4_5005_c.jpeg"
    ],
    "ultima_modificacion": "2025-08-01 01:01:16.397788"
  },
  "3cb63087684c417f9a70ffa3c5d088a645005c.jpeg": {
    "app_sintetizada": "3CB63087684C417F9A70FFA3C5D088A645005C.JPEG",
    "cantidad_archivos": 1,
    "archivos_fuente": [
      "Pictures/Fototeca de Fotos.photoslibrary/resources/derivatives/masters/3/3CB63087-684C-417F-9A70-FFA3C5D088A6_4_5005_c.jpeg"
    ],
    "ultima_modificacion": "2025-08-01 01:01:16.398165"
  },
  "334fb5bf492f4b4d8b240fc457f2c33045005c.jpeg": {
    "app_sintetizada": "334FB5BF492F4B4D8B240FC457F2C33045005C.JPEG",
    "cantidad_archivos": 1,
    "archivos_fuente": [
      "Pictures/Fototeca de Fotos.photoslibrary/resources/derivatives/masters/3/334FB5BF-492F-4B4D-8B24-0FC457F2C330_4_5005_c.jpeg"
    ],
    "ultima_modificacion": "2025-08-01 01:01:16.398659"
  },
  "307a25f2322146f8b18556c9c9c7b92445005c.jpeg": {
    "app_sintetizada": "307A25F2322146F8B18556C9C9C7B92445005C.JPEG",
    "cantidad_archivos": 1,
    "archivos_fuente": [
      "Pictures/Fototeca de Fotos.photoslibrary/resources/derivatives/masters/3/307A25F2-3221-46F8-B185-56C9C9C7B924_4_5005_c.jpeg"
    ],
    "ultima_modificacion": "2025-08-01 01:01:16.399084"
  },
  "3a1f4af770244edd8e0b78d95b4d422245005c.jpeg": {
    "app_sintetizada": "3A1F4AF770244EDD8E0B78D95B4D422245005C.JPEG",
    "cantidad_archivos": 1,
    "archivos_fuente": [
      "Pictures/Fototeca de Fotos.photoslibrary/resources/derivatives/masters/3/3A1F4AF7-7024-4EDD-8E0B-78D95B4D4222_4_5005_c.jpeg"
    ],
    "ultima_modificacion": "2025-08-01 01:01:16.399888"
  },
  "38c1878b35674232ba277527c4dd60ea45005c.jpeg": {
    "app_sintetizada": "38C1878B35674232BA277527C4DD60EA45005C.JPEG",
    "cantidad_archivos": 1,
    "archivos_fuente": [
      "Pictures/Fototeca de Fotos.photoslibrary/resources/derivatives/masters/3/38C1878B-3567-4232-BA27-7527C4DD60EA_4_5005_c.jpeg"
    ],
    "ultima_modificacion": "2025-08-01 01:01:16.400307"
  },
  "357f2163fb374d37a7c276d218a002cd45005c.jpeg": {
    "app_sintetizada": "357F2163FB374D37A7C276D218A002CD45005C.JPEG",
    "cantidad_archivos": 1,
    "archivos_fuente": [
      "Pictures/Fototeca de Fotos.photoslibrary/resources/derivatives/masters/3/357F2163-FB37-4D37-A7C2-76D218A002CD_4_5005_c.jpeg"
    ],
    "ultima_modificacion": "2025-08-01 01:01:16.400662"
  },
  "3b7e9ed643fe431688713e6a13c29ef945005c.jpeg": {
    "app_sintetizada": "3B7E9ED643FE431688713E6A13C29EF945005C.JPEG",
    "cantidad_archivos": 1,
    "archivos_fuente": [
      "Pictures/Fototeca de Fotos.photoslibrary/resources/derivatives/masters/3/3B7E9ED6-43FE-4316-8871-3E6A13C29EF9_4_5005_c.jpeg"
    ],
    "ultima_modificacion": "2025-08-01 01:01:16.401134"
  },
  "370d0e626bb04a119c455da578981b8945005c.jpeg": {
    "app_sintetizada": "370D0E626BB04A119C455DA578981B8945005C.JPEG",
    "cantidad_archivos": 1,
    "archivos_fuente": [
      "Pictures/Fototeca de Fotos.photoslibrary/resources/derivatives/masters/3/370D0E62-6BB0-4A11-9C45-5DA578981B89_4_5005_c.jpeg"
    ],
    "ultima_modificacion": "2025-08-01 01:01:16.401464"
  },
  "3fc9996c16d945c4a605a16fefb5270345005c.jpeg": {
    "app_sintetizada": "3FC9996C16D945C4A605A16FEFB5270345005C.JPEG",
    "cantidad_archivos": 1,
    "archivos_fuente": [
      "Pictures/Fototeca de Fotos.photoslibrary/resources/derivatives/masters/3/3FC9996C-16D9-45C4-A605-A16FEFB52703_4_5005_c.jpeg"
    ],
    "ultima_modificacion": "2025-08-01 01:01:16.401782"
  },
  "3bd133706586403093b4f4adb564317845005c.jpeg": {
    "app_sintetizada": "3BD133706586403093B4F4ADB564317845005C.JPEG",
    "cantidad_archivos": 1,
    "archivos_fuente": [
      "Pictures/Fototeca de Fotos.photoslibrary/resources/derivatives/masters/3/3BD13370-6586-4030-93B4-F4ADB5643178_4_5005_c.jpeg"
    ],
    "ultima_modificacion": "2025-08-01 01:01:16.402093"
  },
  "364e9c1d893c4c0ca789d6a7a365207a45005c.jpeg": {
    "app_sintetizada": "364E9C1D893C4C0CA789D6A7A365207A45005C.JPEG",
    "cantidad_archivos": 1,
    "archivos_fuente": [
      "Pictures/Fototeca de Fotos.photoslibrary/resources/derivatives/masters/3/364E9C1D-893C-4C0C-A789-D6A7A365207A_4_5005_c.jpeg"
    ],
    "ultima_modificacion": "2025-08-01 01:01:16.402883"
  },
  "3ce4dd5a0826435fb47cee654234958f45005c.jpeg": {
    "app_sintetizada": "3CE4DD5A0826435FB47CEE654234958F45005C.JPEG",
    "cantidad_archivos": 1,
    "archivos_fuente": [
      "Pictures/Fototeca de Fotos.photoslibrary/resources/derivatives/masters/3/3CE4DD5A-0826-435F-B47C-EE654234958F_4_5005_c.jpeg"
    ],
    "ultima_modificacion": "2025-08-01 01:01:16.403253"
  },
  "3e228c92e19a4129bc3cd19354c1368345005c.jpeg": {
    "app_sintetizada": "3E228C92E19A4129BC3CD19354C1368345005C.JPEG",
    "cantidad_archivos": 1,
    "archivos_fuente": [
      "Pictures/Fototeca de Fotos.photoslibrary/resources/derivatives/masters/3/3E228C92-E19A-4129-BC3C-D19354C13683_4_5005_c.jpeg"
    ],
    "ultima_modificacion": "2025-08-01 01:01:16.403605"
  },
  "3d00fc5bbadb4525bda715781e635f9845005c.jpeg": {
    "app_sintetizada": "3D00FC5BBADB4525BDA715781E635F9845005C.JPEG",
    "cantidad_archivos": 1,
    "archivos_fuente": [
      "Pictures/Fototeca de Fotos.photoslibrary/resources/derivatives/masters/3/3D00FC5B-BADB-4525-BDA7-15781E635F98_4_5005_c.jpeg"
    ],
    "ultima_modificacion": "2025-08-01 01:01:16.403960"
  },
  "36609f6d664644039f47caf139c2108545005c.jpeg": {
    "app_sintetizada": "36609F6D664644039F47CAF139C2108545005C.JPEG",
    "cantidad_archivos": 1,
    "archivos_fuente": [
      "Pictures/Fototeca de Fotos.photoslibrary/resources/derivatives/masters/3/36609F6D-6646-4403-9F47-CAF139C21085_4_5005_c.jpeg"
    ],
    "ultima_modificacion": "2025-08-01 01:01:16.404346"
  },
  "3a2edc33a2ff42cba424c3bdfebb060d45005c.jpeg": {
    "app_sintetizada": "3A2EDC33A2FF42CBA424C3BDFEBB060D45005C.JPEG",
    "cantidad_archivos": 1,
    "archivos_fuente": [
      "Pictures/Fototeca de Fotos.photoslibrary/resources/derivatives/masters/3/3A2EDC33-A2FF-42CB-A424-C3BDFEBB060D_4_5005_c.jpeg"
    ],
    "ultima_modificacion": "2025-08-01 01:01:16.407080"
  },
  "3f9ff13241954bc8b5fd64c77b4c212045005c.jpeg": {
    "app_sintetizada": "3F9FF13241954BC8B5FD64C77B4C212045005C.JPEG",
    "cantidad_archivos": 1,
    "archivos_fuente": [
      "Pictures/Fototeca de Fotos.photoslibrary/resources/derivatives/masters/3/3F9FF132-4195-4BC8-B5FD-64C77B4C2120_4_5005_c.jpeg"
    ],
    "ultima_modificacion": "2025-08-01 01:01:16.407609"
  },
  "3e16af412ac3431fb22d62aca84413e145005c.jpeg": {
    "app_sintetizada": "3E16AF412AC3431FB22D62ACA84413E145005C.JPEG",
    "cantidad_archivos": 1,
    "archivos_fuente": [
      "Pictures/Fototeca de Fotos.photoslibrary/resources/derivatives/masters/3/3E16AF41-2AC3-431F-B22D-62ACA84413E1_4_5005_c.jpeg"
    ],
    "ultima_modificacion": "2025-08-01 01:01:16.408420"
  },
  "3a4bfbc53251402687e6bb9fb68e53db45005c.jpeg": {
    "app_sintetizada": "3A4BFBC53251402687E6BB9FB68E53DB45005C.JPEG",
    "cantidad_archivos": 1,
    "archivos_fuente": [
      "Pictures/Fototeca de Fotos.photoslibrary/resources/derivatives/masters/3/3A4BFBC5-3251-4026-87E6-BB9FB68E53DB_4_5005_c.jpeg"
    ],
    "ultima_modificacion": "2025-08-01 01:01:16.408833"
  },
  "37eae7eef64b4685b95dbb4f642fbb9e45005c.jpeg": {
    "app_sintetizada": "37EAE7EEF64B4685B95DBB4F642FBB9E45005C.JPEG",
    "cantidad_archivos": 1,
    "archivos_fuente": [
      "Pictures/Fototeca de Fotos.photoslibrary/resources/derivatives/masters/3/37EAE7EE-F64B-4685-B95D-BB4F642FBB9E_4_5005_c.jpeg"
    ],
    "ultima_modificacion": "2025-08-01 01:01:16.409182"
  },
  "3413819cd557489a99be3a595b7e200845005c.jpeg": {
    "app_sintetizada": "3413819CD557489A99BE3A595B7E200845005C.JPEG",
    "cantidad_archivos": 1,
    "archivos_fuente": [
      "Pictures/Fototeca de Fotos.photoslibrary/resources/derivatives/masters/3/3413819C-D557-489A-99BE-3A595B7E2008_4_5005_c.jpeg"
    ],
    "ultima_modificacion": "2025-08-01 01:01:16.409550"
  },
  "368e4bede23749089303fa4c6b1be0d645005c.jpeg": {
    "app_sintetizada": "368E4BEDE23749089303FA4C6B1BE0D645005C.JPEG",
    "cantidad_archivos": 1,
    "archivos_fuente": [
      "Pictures/Fototeca de Fotos.photoslibrary/resources/derivatives/masters/3/368E4BED-E237-4908-9303-FA4C6B1BE0D6_4_5005_c.jpeg"
    ],
    "ultima_modificacion": "2025-08-01 01:01:16.409930"
  },
  "38cef47eab004fa5a352787e52707f9a45005c.jpeg": {
    "app_sintetizada": "38CEF47EAB004FA5A352787E52707F9A45005C.JPEG",
    "cantidad_archivos": 1,
    "archivos_fuente": [
      "Pictures/Fototeca de Fotos.photoslibrary/resources/derivatives/masters/3/38CEF47E-AB00-4FA5-A352-787E52707F9A_4_5005_c.jpeg"
    ],
    "ultima_modificacion": "2025-08-01 01:01:16.410334"
  },
  "31e9b1d653bc44cc8f510b8dccb1a0ca45005c.jpeg": {
    "app_sintetizada": "31E9B1D653BC44CC8F510B8DCCB1A0CA45005C.JPEG",
    "cantidad_archivos": 1,
    "archivos_fuente": [
      "Pictures/Fototeca de Fotos.photoslibrary/resources/derivatives/masters/3/31E9B1D6-53BC-44CC-8F51-0B8DCCB1A0CA_4_5005_c.jpeg"
    ],
    "ultima_modificacion": "2025-08-01 01:01:16.410797"
  },
  "3832d2d7eae64da9af2c8ae105f33e8945005c.jpeg": {
    "app_sintetizada": "3832D2D7EAE64DA9AF2C8AE105F33E8945005C.JPEG",
    "cantidad_archivos": 1,
    "archivos_fuente": [
      "Pictures/Fototeca de Fotos.photoslibrary/resources/derivatives/masters/3/3832D2D7-EAE6-4DA9-AF2C-8AE105F33E89_4_5005_c.jpeg"
    ],
    "ultima_modificacion": "2025-08-01 01:01:16.411154"
  },
  "33249091cd934450a255981c05a1757045005c.jpeg": {
    "app_sintetizada": "33249091CD934450A255981C05A1757045005C.JPEG",
    "cantidad_archivos": 1,
    "archivos_fuente": [
      "Pictures/Fototeca de Fotos.photoslibrary/resources/derivatives/masters/3/33249091-CD93-4450-A255-981C05A17570_4_5005_c.jpeg"
    ],
    "ultima_modificacion": "2025-08-01 01:01:16.411501"
  },
  "30146f00cbb94b4a8b086823d5a3b8a545005c.jpeg": {
    "app_sintetizada": "30146F00CBB94B4A8B086823D5A3B8A545005C.JPEG",
    "cantidad_archivos": 1,
    "archivos_fuente": [
      "Pictures/Fototeca de Fotos.photoslibrary/resources/derivatives/masters/3/30146F00-CBB9-4B4A-8B08-6823D5A3B8A5_4_5005_c.jpeg"
    ],
    "ultima_modificacion": "2025-08-01 01:01:16.411843"
  },
  "3151bbbcbda04eee858bc1790975ab2a45005c.jpeg": {
    "app_sintetizada": "3151BBBCBDA04EEE858BC1790975AB2A45005C.JPEG",
    "cantidad_archivos": 1,
    "archivos_fuente": [
      "Pictures/Fototeca de Fotos.photoslibrary/resources/derivatives/masters/3/3151BBBC-BDA0-4EEE-858B-C1790975AB2A_4_5005_c.jpeg"
    ],
    "ultima_modificacion": "2025-08-01 01:01:16.412196"
  },
  "353e14818f6c448aa74d548965d70d3e45005c.jpeg": {
    "app_sintetizada": "353E14818F6C448AA74D548965D70D3E45005C.JPEG",
    "cantidad_archivos": 1,
    "archivos_fuente": [
      "Pictures/Fototeca de Fotos.photoslibrary/resources/derivatives/masters/3/353E1481-8F6C-448A-A74D-548965D70D3E_4_5005_c.jpeg"
    ],
    "ultima_modificacion": "2025-08-01 01:01:16.412598"
  },
  "3e1c528f211443c1bc9f45326536b03e45005c.jpeg": {
    "app_sintetizada": "3E1C528F211443C1BC9F45326536B03E45005C.JPEG",
    "cantidad_archivos": 1,
    "archivos_fuente": [
      "Pictures/Fototeca de Fotos.photoslibrary/resources/derivatives/masters/3/3E1C528F-2114-43C1-BC9F-45326536B03E_4_5005_c.jpeg"
    ],
    "ultima_modificacion": "2025-08-01 01:01:16.413112"
  },
  "33505f450de140938c1409ed04fc1bf345005c.jpeg": {
    "app_sintetizada": "33505F450DE140938C1409ED04FC1BF345005C.JPEG",
    "cantidad_archivos": 1,
    "archivos_fuente": [
      "Pictures/Fototeca de Fotos.photoslibrary/resources/derivatives/masters/3/33505F45-0DE1-4093-8C14-09ED04FC1BF3_4_5005_c.jpeg"
    ],
    "ultima_modificacion": "2025-08-01 01:01:16.413570"
  },
  "32f8c74acd964f2cb02dec42daa845a545005c.jpeg": {
    "app_sintetizada": "32F8C74ACD964F2CB02DEC42DAA845A545005C.JPEG",
    "cantidad_archivos": 1,
    "archivos_fuente": [
      "Pictures/Fototeca de Fotos.photoslibrary/resources/derivatives/masters/3/32F8C74A-CD96-4F2C-B02D-EC42DAA845A5_4_5005_c.jpeg"
    ],
    "ultima_modificacion": "2025-08-01 01:01:16.413943"
  },
  "31fc03430b4545db933aa6b669532cd445005c.jpeg": {
    "app_sintetizada": "31FC03430B4545DB933AA6B669532CD445005C.JPEG",
    "cantidad_archivos": 1,
    "archivos_fuente": [
      "Pictures/Fototeca de Fotos.photoslibrary/resources/derivatives/masters/3/31FC0343-0B45-45DB-933A-A6B669532CD4_4_5005_c.jpeg"
    ],
    "ultima_modificacion": "2025-08-01 01:01:16.414292"
  },
  "332ef8df1f864214b969ab1118b413d345005c.jpeg": {
    "app_sintetizada": "332EF8DF1F864214B969AB1118B413D345005C.JPEG",
    "cantidad_archivos": 1,
    "archivos_fuente": [
      "Pictures/Fototeca de Fotos.photoslibrary/resources/derivatives/masters/3/332EF8DF-1F86-4214-B969-AB1118B413D3_4_5005_c.jpeg"
    ],
    "ultima_modificacion": "2025-08-01 01:01:16.414671"
  },
  "32b263de7ebc4ed49818762ac98d7d9845005c.jpeg": {
    "app_sintetizada": "32B263DE7EBC4ED49818762AC98D7D9845005C.JPEG",
    "cantidad_archivos": 1,
    "archivos_fuente": [
      "Pictures/Fototeca de Fotos.photoslibrary/resources/derivatives/masters/3/32B263DE-7EBC-4ED4-9818-762AC98D7D98_4_5005_c.jpeg"
    ],
    "ultima_modificacion": "2025-08-01 01:01:16.415017"
  },
  "32115d0d7c6e4539afe11aa98f69592745005c.jpeg": {
    "app_sintetizada": "32115D0D7C6E4539AFE11AA98F69592745005C.JPEG",
    "cantidad_archivos": 1,
    "archivos_fuente": [
      "Pictures/Fototeca de Fotos.photoslibrary/resources/derivatives/masters/3/32115D0D-7C6E-4539-AFE1-1AA98F695927_4_5005_c.jpeg"
    ],
    "ultima_modificacion": "2025-08-01 01:01:16.415317"
  },
  "3ca5ca556db3431c8eb620b449cfcbf845005c.jpeg": {
    "app_sintetizada": "3CA5CA556DB3431C8EB620B449CFCBF845005C.JPEG",
    "cantidad_archivos": 1,
    "archivos_fuente": [
      "Pictures/Fototeca de Fotos.photoslibrary/resources/derivatives/masters/3/3CA5CA55-6DB3-431C-8EB6-20B449CFCBF8_4_5005_c.jpeg"
    ],
    "ultima_modificacion": "2025-08-01 01:01:16.415637"
  },
  "3d9c4c62b0164f0da707c200614affa245005c.jpeg": {
    "app_sintetizada": "3D9C4C62B0164F0DA707C200614AFFA245005C.JPEG",
    "cantidad_archivos": 1,
    "archivos_fuente": [
      "Pictures/Fototeca de Fotos.photoslibrary/resources/derivatives/masters/3/3D9C4C62-B016-4F0D-A707-C200614AFFA2_4_5005_c.jpeg"
    ],
    "ultima_modificacion": "2025-08-01 01:01:16.416024"
  },
  "3111c0f3b277421c814199257767c63c45005c.jpeg": {
    "app_sintetizada": "3111C0F3B277421C814199257767C63C45005C.JPEG",
    "cantidad_archivos": 1,
    "archivos_fuente": [
      "Pictures/Fototeca de Fotos.photoslibrary/resources/derivatives/masters/3/3111C0F3-B277-421C-8141-99257767C63C_4_5005_c.jpeg"
    ],
    "ultima_modificacion": "2025-08-01 01:01:16.416316"
  },
  "33d68388c81f411b99c909f44bbae69345005c.jpeg": {
    "app_sintetizada": "33D68388C81F411B99C909F44BBAE69345005C.JPEG",
    "cantidad_archivos": 1,
    "archivos_fuente": [
      "Pictures/Fototeca de Fotos.photoslibrary/resources/derivatives/masters/3/33D68388-C81F-411B-99C9-09F44BBAE693_4_5005_c.jpeg"
    ],
    "ultima_modificacion": "2025-08-01 01:01:16.416724"
  },
  "3bb81e0974434ea585b4a08ea22f4d1745005c.jpeg": {
    "app_sintetizada": "3BB81E0974434EA585B4A08EA22F4D1745005C.JPEG",
    "cantidad_archivos": 1,
    "archivos_fuente": [
      "Pictures/Fototeca de Fotos.photoslibrary/resources/derivatives/masters/3/3BB81E09-7443-4EA5-85B4-A08EA22F4D17_4_5005_c.jpeg"
    ],
    "ultima_modificacion": "2025-08-01 01:01:16.417099"
  },
  "370f0e9998c54b6682720ff3604d06bc45005c.jpeg": {
    "app_sintetizada": "370F0E9998C54B6682720FF3604D06BC45005C.JPEG",
    "cantidad_archivos": 1,
    "archivos_fuente": [
      "Pictures/Fototeca de Fotos.photoslibrary/resources/derivatives/masters/3/370F0E99-98C5-4B66-8272-0FF3604D06BC_4_5005_c.jpeg"
    ],
    "ultima_modificacion": "2025-08-01 01:01:16.417455"
  },
  "387ed4c357604de98d7923aa0ef9fa2045005c.jpeg": {
    "app_sintetizada": "387ED4C357604DE98D7923AA0EF9FA2045005C.JPEG",
    "cantidad_archivos": 1,
    "archivos_fuente": [
      "Pictures/Fototeca de Fotos.photoslibrary/resources/derivatives/masters/3/387ED4C3-5760-4DE9-8D79-23AA0EF9FA20_4_5005_c.jpeg"
    ],
    "ultima_modificacion": "2025-08-01 01:01:16.417829"
  },
  "339c7803d6444cc0bd061003c9d7b0dd45005c.jpeg": {
    "app_sintetizada": "339C7803D6444CC0BD061003C9D7B0DD45005C.JPEG",
    "cantidad_archivos": 1,
    "archivos_fuente": [
      "Pictures/Fototeca de Fotos.photoslibrary/resources/derivatives/masters/3/339C7803-D644-4CC0-BD06-1003C9D7B0DD_4_5005_c.jpeg"
    ],
    "ultima_modificacion": "2025-08-01 01:01:16.418195"
  },
  "3b48a3ce29ce43e1acb9b41baaa98a0845005c.jpeg": {
    "app_sintetizada": "3B48A3CE29CE43E1ACB9B41BAAA98A0845005C.JPEG",
    "cantidad_archivos": 1,
    "archivos_fuente": [
      "Pictures/Fototeca de Fotos.photoslibrary/resources/derivatives/masters/3/3B48A3CE-29CE-43E1-ACB9-B41BAAA98A08_4_5005_c.jpeg"
    ],
    "ultima_modificacion": "2025-08-01 01:01:16.418466"
  },
  "32f80c3f6eee4103b8c59a7428a2536745005c.jpeg": {
    "app_sintetizada": "32F80C3F6EEE4103B8C59A7428A2536745005C.JPEG",
    "cantidad_archivos": 1,
    "archivos_fuente": [
      "Pictures/Fototeca de Fotos.photoslibrary/resources/derivatives/masters/3/32F80C3F-6EEE-4103-B8C5-9A7428A25367_4_5005_c.jpeg"
    ],
    "ultima_modificacion": "2025-08-01 01:01:16.418718"
  },
  "3685842545e34da3b9bda72b19041a1f45005c.jpeg": {
    "app_sintetizada": "3685842545E34DA3B9BDA72B19041A1F45005C.JPEG",
    "cantidad_archivos": 1,
    "archivos_fuente": [
      "Pictures/Fototeca de Fotos.photoslibrary/resources/derivatives/masters/3/36858425-45E3-4DA3-B9BD-A72B19041A1F_4_5005_c.jpeg"
    ],
    "ultima_modificacion": "2025-08-01 01:01:16.418982"
  },
  "3d80cc2ca1914970b97b2fa428dd261f45005c.jpeg": {
    "app_sintetizada": "3D80CC2CA1914970B97B2FA428DD261F45005C.JPEG",
    "cantidad_archivos": 1,
    "archivos_fuente": [
      "Pictures/Fototeca de Fotos.photoslibrary/resources/derivatives/masters/3/3D80CC2C-A191-4970-B97B-2FA428DD261F_4_5005_c.jpeg"
    ],
    "ultima_modificacion": "2025-08-01 01:01:16.419361"
  },
  "3d685bcda01f4eef98db4d61521de75745005c.jpeg": {
    "app_sintetizada": "3D685BCDA01F4EEF98DB4D61521DE75745005C.JPEG",
    "cantidad_archivos": 1,
    "archivos_fuente": [
      "Pictures/Fototeca de Fotos.photoslibrary/resources/derivatives/masters/3/3D685BCD-A01F-4EEF-98DB-4D61521DE757_4_5005_c.jpeg"
    ],
    "ultima_modificacion": "2025-08-01 01:01:16.419735"
  },
  "36a06d50719b4f729a39d4f178fe2f8845005c.jpeg": {
    "app_sintetizada": "36A06D50719B4F729A39D4F178FE2F8845005C.JPEG",
    "cantidad_archivos": 1,
    "archivos_fuente": [
      "Pictures/Fototeca de Fotos.photoslibrary/resources/derivatives/masters/3/36A06D50-719B-4F72-9A39-D4F178FE2F88_4_5005_c.jpeg"
    ],
    "ultima_modificacion": "2025-08-01 01:01:16.420117"
  },
  "35114b5ada6a40d7b78af14cefd9073045005c.jpeg": {
    "app_sintetizada": "35114B5ADA6A40D7B78AF14CEFD9073045005C.JPEG",
    "cantidad_archivos": 1,
    "archivos_fuente": [
      "Pictures/Fototeca de Fotos.photoslibrary/resources/derivatives/masters/3/35114B5A-DA6A-40D7-B78A-F14CEFD90730_4_5005_c.jpeg"
    ],
    "ultima_modificacion": "2025-08-01 01:01:16.420481"
  },
  "33eb04bb31d24189b2dbce9310bcdac645005c.jpeg": {
    "app_sintetizada": "33EB04BB31D24189B2DBCE9310BCDAC645005C.JPEG",
    "cantidad_archivos": 1,
    "archivos_fuente": [
      "Pictures/Fototeca de Fotos.photoslibrary/resources/derivatives/masters/3/33EB04BB-31D2-4189-B2DB-CE9310BCDAC6_4_5005_c.jpeg"
    ],
    "ultima_modificacion": "2025-08-01 01:01:16.420900"
  },
  "31fe049ae9fb4899a2f9d979262b07fa45005c.jpeg": {
    "app_sintetizada": "31FE049AE9FB4899A2F9D979262B07FA45005C.JPEG",
    "cantidad_archivos": 1,
    "archivos_fuente": [
      "Pictures/Fototeca de Fotos.photoslibrary/resources/derivatives/masters/3/31FE049A-E9FB-4899-A2F9-D979262B07FA_4_5005_c.jpeg"
    ],
    "ultima_modificacion": "2025-08-01 01:01:16.421241"
  },
  "38a1cfdcda0b4f4f8912144f28fb5a2545005c.jpeg": {
    "app_sintetizada": "38A1CFDCDA0B4F4F8912144F28FB5A2545005C.JPEG",
    "cantidad_archivos": 1,
    "archivos_fuente": [
      "Pictures/Fototeca de Fotos.photoslibrary/resources/derivatives/masters/3/38A1CFDC-DA0B-4F4F-8912-144F28FB5A25_4_5005_c.jpeg"
    ],
    "ultima_modificacion": "2025-08-01 01:01:16.421586"
  },
  "34a94d58389d411481cdec85bf547d0445005c.jpeg": {
    "app_sintetizada": "34A94D58389D411481CDEC85BF547D0445005C.JPEG",
    "cantidad_archivos": 1,
    "archivos_fuente": [
      "Pictures/Fototeca de Fotos.photoslibrary/resources/derivatives/masters/3/34A94D58-389D-4114-81CD-EC85BF547D04_4_5005_c.jpeg"
    ],
    "ultima_modificacion": "2025-08-01 01:01:16.422014"
  },
  "3bf4855c62af4929b4cff00f93d12cde45005c.jpeg": {
    "app_sintetizada": "3BF4855C62AF4929B4CFF00F93D12CDE45005C.JPEG",
    "cantidad_archivos": 1,
    "archivos_fuente": [
      "Pictures/Fototeca de Fotos.photoslibrary/resources/derivatives/masters/3/3BF4855C-62AF-4929-B4CF-F00F93D12CDE_4_5005_c.jpeg"
    ],
    "ultima_modificacion": "2025-08-01 01:01:16.422417"
  },
  "390177c88f6b47459b6019296f57b06a45005c.jpeg": {
    "app_sintetizada": "390177C88F6B47459B6019296F57B06A45005C.JPEG",
    "cantidad_archivos": 1,
    "archivos_fuente": [
      "Pictures/Fototeca de Fotos.photoslibrary/resources/derivatives/masters/3/390177C8-8F6B-4745-9B60-19296F57B06A_4_5005_c.jpeg"
    ],
    "ultima_modificacion": "2025-08-01 01:01:16.422707"
  },
  "3125acfe07b347e9af118a605f88d01245005c.jpeg": {
    "app_sintetizada": "3125ACFE07B347E9AF118A605F88D01245005C.JPEG",
    "cantidad_archivos": 1,
    "archivos_fuente": [
      "Pictures/Fototeca de Fotos.photoslibrary/resources/derivatives/masters/3/3125ACFE-07B3-47E9-AF11-8A605F88D012_4_5005_c.jpeg"
    ],
    "ultima_modificacion": "2025-08-01 01:01:16.423072"
  },
  "3c720ef1d6484695b80ef00d29be973845005c.jpeg": {
    "app_sintetizada": "3C720EF1D6484695B80EF00D29BE973845005C.JPEG",
    "cantidad_archivos": 1,
    "archivos_fuente": [
      "Pictures/Fototeca de Fotos.photoslibrary/resources/derivatives/masters/3/3C720EF1-D648-4695-B80E-F00D29BE9738_4_5005_c.jpeg"
    ],
    "ultima_modificacion": "2025-08-01 01:01:16.423528"
  },
  "31c8f963b0e943f08a3de2a889750b1d45005c.jpeg": {
    "app_sintetizada": "31C8F963B0E943F08A3DE2A889750B1D45005C.JPEG",
    "cantidad_archivos": 1,
    "archivos_fuente": [
      "Pictures/Fototeca de Fotos.photoslibrary/resources/derivatives/masters/3/31C8F963-B0E9-43F0-8A3D-E2A889750B1D_4_5005_c.jpeg"
    ],
    "ultima_modificacion": "2025-08-01 01:01:16.423926"
  },
  "33b67e21d98f4476a4d3656ebb347fc245005c.jpeg": {
    "app_sintetizada": "33B67E21D98F4476A4D3656EBB347FC245005C.JPEG",
    "cantidad_archivos": 1,
    "archivos_fuente": [
      "Pictures/Fototeca de Fotos.photoslibrary/resources/derivatives/masters/3/33B67E21-D98F-4476-A4D3-656EBB347FC2_4_5005_c.jpeg"
    ],
    "ultima_modificacion": "2025-08-01 01:01:16.424264"
  },
  "3580f9cd7c9e414eb6f184e114df0d7a45005c.jpeg": {
    "app_sintetizada": "3580F9CD7C9E414EB6F184E114DF0D7A45005C.JPEG",
    "cantidad_archivos": 1,
    "archivos_fuente": [
      "Pictures/Fototeca de Fotos.photoslibrary/resources/derivatives/masters/3/3580F9CD-7C9E-414E-B6F1-84E114DF0D7A_4_5005_c.jpeg"
    ],
    "ultima_modificacion": "2025-08-01 01:01:16.424561"
  },
  "388b84d8138b485497fd85beae4ddf2545005c.jpeg": {
    "app_sintetizada": "388B84D8138B485497FD85BEAE4DDF2545005C.JPEG",
    "cantidad_archivos": 1,
    "archivos_fuente": [
      "Pictures/Fototeca de Fotos.photoslibrary/resources/derivatives/masters/3/388B84D8-138B-4854-97FD-85BEAE4DDF25_4_5005_c.jpeg"
    ],
    "ultima_modificacion": "2025-08-01 01:01:16.424888"
  },
  "3abcd760871b42dd8210bc05cc85a8f345005c.jpeg": {
    "app_sintetizada": "3ABCD760871B42DD8210BC05CC85A8F345005C.JPEG",
    "cantidad_archivos": 1,
    "archivos_fuente": [
      "Pictures/Fototeca de Fotos.photoslibrary/resources/derivatives/masters/3/3ABCD760-871B-42DD-8210-BC05CC85A8F3_4_5005_c.jpeg"
    ],
    "ultima_modificacion": "2025-08-01 01:01:16.425178"
  },
  "38c4e61bde2b40eab085edc1343675ee45005c.jpeg": {
    "app_sintetizada": "38C4E61BDE2B40EAB085EDC1343675EE45005C.JPEG",
    "cantidad_archivos": 1,
    "archivos_fuente": [
      "Pictures/Fototeca de Fotos.photoslibrary/resources/derivatives/masters/3/38C4E61B-DE2B-40EA-B085-EDC1343675EE_4_5005_c.jpeg"
    ],
    "ultima_modificacion": "2025-08-01 01:01:16.425417"
  },
  "354e9895e91743c591bc1ffda289555b45005c.jpeg": {
    "app_sintetizada": "354E9895E91743C591BC1FFDA289555B45005C.JPEG",
    "cantidad_archivos": 1,
    "archivos_fuente": [
      "Pictures/Fototeca de Fotos.photoslibrary/resources/derivatives/masters/3/354E9895-E917-43C5-91BC-1FFDA289555B_4_5005_c.jpeg"
    ],
    "ultima_modificacion": "2025-08-01 01:01:16.425653"
  },
  "3a8bc66b4e514c21b768cee9e31fadba45005c.jpeg": {
    "app_sintetizada": "3A8BC66B4E514C21B768CEE9E31FADBA45005C.JPEG",
    "cantidad_archivos": 1,
    "archivos_fuente": [
      "Pictures/Fototeca de Fotos.photoslibrary/resources/derivatives/masters/3/3A8BC66B-4E51-4C21-B768-CEE9E31FADBA_4_5005_c.jpeg"
    ],
    "ultima_modificacion": "2025-08-01 01:01:16.425895"
  },
  "311e92035cdf4ea1850be1ec7ee64c8f45005c.jpeg": {
    "app_sintetizada": "311E92035CDF4EA1850BE1EC7EE64C8F45005C.JPEG",
    "cantidad_archivos": 1,
    "archivos_fuente": [
      "Pictures/Fototeca de Fotos.photoslibrary/resources/derivatives/masters/3/311E9203-5CDF-4EA1-850B-E1EC7EE64C8F_4_5005_c.jpeg"
    ],
    "ultima_modificacion": "2025-08-01 01:01:16.426126"
  },
  "3bc0893fe1b04131ac818770d756292745005c.jpeg": {
    "app_sintetizada": "3BC0893FE1B04131AC818770D756292745005C.JPEG",
    "cantidad_archivos": 1,
    "archivos_fuente": [
      "Pictures/Fototeca de Fotos.photoslibrary/resources/derivatives/masters/3/3BC0893F-E1B0-4131-AC81-8770D7562927_4_5005_c.jpeg"
    ],
    "ultima_modificacion": "2025-08-01 01:01:16.426469"
  },
  "331c9cdb06eb4c87866a3134e369206045005c.jpeg": {
    "app_sintetizada": "331C9CDB06EB4C87866A3134E369206045005C.JPEG",
    "cantidad_archivos": 1,
    "archivos_fuente": [
      "Pictures/Fototeca de Fotos.photoslibrary/resources/derivatives/masters/3/331C9CDB-06EB-4C87-866A-3134E3692060_4_5005_c.jpeg"
    ],
    "ultima_modificacion": "2025-08-01 01:01:16.426826"
  },
  "3a63298569a8474588c16d11714edb3745005c.jpeg": {
    "app_sintetizada": "3A63298569A8474588C16D11714EDB3745005C.JPEG",
    "cantidad_archivos": 1,
    "archivos_fuente": [
      "Pictures/Fototeca de Fotos.photoslibrary/resources/derivatives/masters/3/3A632985-69A8-4745-88C1-6D11714EDB37_4_5005_c.jpeg"
    ],
    "ultima_modificacion": "2025-08-01 01:01:16.427167"
  },
  "3af9f9094ce04a12941ac417b5c8422a45005c.jpeg": {
    "app_sintetizada": "3AF9F9094CE04A12941AC417B5C8422A45005C.JPEG",
    "cantidad_archivos": 1,
    "archivos_fuente": [
      "Pictures/Fototeca de Fotos.photoslibrary/resources/derivatives/masters/3/3AF9F909-4CE0-4A12-941A-C417B5C8422A_4_5005_c.jpeg"
    ],
    "ultima_modificacion": "2025-08-01 01:01:16.427496"
  },
  "32185d90e4c14121b4c1bf99762f103045005c.jpeg": {
    "app_sintetizada": "32185D90E4C14121B4C1BF99762F103045005C.JPEG",
    "cantidad_archivos": 1,
    "archivos_fuente": [
      "Pictures/Fototeca de Fotos.photoslibrary/resources/derivatives/masters/3/32185D90-E4C1-4121-B4C1-BF99762F1030_4_5005_c.jpeg"
    ],
    "ultima_modificacion": "2025-08-01 01:01:16.427846"
  },
  "36bf6cc9c5e14b4fb40e33294965226b45005c.jpeg": {
    "app_sintetizada": "36BF6CC9C5E14B4FB40E33294965226B45005C.JPEG",
    "cantidad_archivos": 1,
    "archivos_fuente": [
      "Pictures/Fototeca de Fotos.photoslibrary/resources/derivatives/masters/3/36BF6CC9-C5E1-4B4F-B40E-33294965226B_4_5005_c.jpeg"
    ],
    "ultima_modificacion": "2025-08-01 01:01:16.428171"
  },
  "3baeba5e93724e9ca575d831ffef5d0845005c.jpeg": {
    "app_sintetizada": "3BAEBA5E93724E9CA575D831FFEF5D0845005C.JPEG",
    "cantidad_archivos": 1,
    "archivos_fuente": [
      "Pictures/Fototeca de Fotos.photoslibrary/resources/derivatives/masters/3/3BAEBA5E-9372-4E9C-A575-D831FFEF5D08_4_5005_c.jpeg"
    ],
    "ultima_modificacion": "2025-08-01 01:01:16.428436"
  },
  "3d7910666a2a46dcbe933540bc18db0445005c.jpeg": {
    "app_sintetizada": "3D7910666A2A46DCBE933540BC18DB0445005C.JPEG",
    "cantidad_archivos": 1,
    "archivos_fuente": [
      "Pictures/Fototeca de Fotos.photoslibrary/resources/derivatives/masters/3/3D791066-6A2A-46DC-BE93-3540BC18DB04_4_5005_c.jpeg"
    ],
    "ultima_modificacion": "2025-08-01 01:01:16.428774"
  },
  "37ecab0c1c9c4c03841ed78d65cafa7745005c.jpeg": {
    "app_sintetizada": "37ECAB0C1C9C4C03841ED78D65CAFA7745005C.JPEG",
    "cantidad_archivos": 1,
    "archivos_fuente": [
      "Pictures/Fototeca de Fotos.photoslibrary/resources/derivatives/masters/3/37ECAB0C-1C9C-4C03-841E-D78D65CAFA77_4_5005_c.jpeg"
    ],
    "ultima_modificacion": "2025-08-01 01:01:16.429139"
  },
  "3f6e2e1132934d04917c2ef56bee009545005c.jpeg": {
    "app_sintetizada": "3F6E2E1132934D04917C2EF56BEE009545005C.JPEG",
    "cantidad_archivos": 1,
    "archivos_fuente": [
      "Pictures/Fototeca de Fotos.photoslibrary/resources/derivatives/masters/3/3F6E2E11-3293-4D04-917C-2EF56BEE0095_4_5005_c.jpeg"
    ],
    "ultima_modificacion": "2025-08-01 01:01:16.429405"
  },
  "3aa7b7faca9c4d75a882f774623b829245005c.jpeg": {
    "app_sintetizada": "3AA7B7FACA9C4D75A882F774623B829245005C.JPEG",
    "cantidad_archivos": 1,
    "archivos_fuente": [
      "Pictures/Fototeca de Fotos.photoslibrary/resources/derivatives/masters/3/3AA7B7FA-CA9C-4D75-A882-F774623B8292_4_5005_c.jpeg"
    ],
    "ultima_modificacion": "2025-08-01 01:01:16.429639"
  },
  "344032d8b1034ae38e4746e7d3ea4d2045005c.jpeg": {
    "app_sintetizada": "344032D8B1034AE38E4746E7D3EA4D2045005C.JPEG",
    "cantidad_archivos": 1,
    "archivos_fuente": [
      "Pictures/Fototeca de Fotos.photoslibrary/resources/derivatives/masters/3/344032D8-B103-4AE3-8E47-46E7D3EA4D20_4_5005_c.jpeg"
    ],
    "ultima_modificacion": "2025-08-01 01:01:16.429949"
  },
  "3210390cee51402484b5c0efe7b4361c45005c.jpeg": {
    "app_sintetizada": "3210390CEE51402484B5C0EFE7B4361C45005C.JPEG",
    "cantidad_archivos": 1,
    "archivos_fuente": [
      "Pictures/Fototeca de Fotos.photoslibrary/resources/derivatives/masters/3/3210390C-EE51-4024-84B5-C0EFE7B4361C_4_5005_c.jpeg"
    ],
    "ultima_modificacion": "2025-08-01 01:01:16.430253"
  },
  "35f91adcebe24615908ee338fde17a8245005c.jpeg": {
    "app_sintetizada": "35F91ADCEBE24615908EE338FDE17A8245005C.JPEG",
    "cantidad_archivos": 1,
    "archivos_fuente": [
      "Pictures/Fototeca de Fotos.photoslibrary/resources/derivatives/masters/3/35F91ADC-EBE2-4615-908E-E338FDE17A82_4_5005_c.jpeg"
    ],
    "ultima_modificacion": "2025-08-01 01:01:16.430655"
  },
  "3b5aedd2582148b49d562561d3a683fa45005c.jpeg": {
    "app_sintetizada": "3B5AEDD2582148B49D562561D3A683FA45005C.JPEG",
    "cantidad_archivos": 1,
    "archivos_fuente": [
      "Pictures/Fototeca de Fotos.photoslibrary/resources/derivatives/masters/3/3B5AEDD2-5821-48B4-9D56-2561D3A683FA_4_5005_c.jpeg"
    ],
    "ultima_modificacion": "2025-08-01 01:01:16.431037"
  },
  "3951990e04554e279994638e1d56d7e745005c.jpeg": {
    "app_sintetizada": "3951990E04554E279994638E1D56D7E745005C.JPEG",
    "cantidad_archivos": 1,
    "archivos_fuente": [
      "Pictures/Fototeca de Fotos.photoslibrary/resources/derivatives/masters/3/3951990E-0455-4E27-9994-638E1D56D7E7_4_5005_c.jpeg"
    ],
    "ultima_modificacion": "2025-08-01 01:01:16.431398"
  },
  "351c177caef54518a1a84ddac6fa8df945005c.jpeg": {
    "app_sintetizada": "351C177CAEF54518A1A84DDAC6FA8DF945005C.JPEG",
    "cantidad_archivos": 1,
    "archivos_fuente": [
      "Pictures/Fototeca de Fotos.photoslibrary/resources/derivatives/masters/3/351C177C-AEF5-4518-A1A8-4DDAC6FA8DF9_4_5005_c.jpeg"
    ],
    "ultima_modificacion": "2025-08-01 01:01:16.431702"
  }
}