{
  "e8d00ebf172c42a8af2d0ef3600a101145005c.jpeg": {
    "app_sintetizada": "E8D00EBF172C42A8AF2D0EF3600A101145005C.JPEG",
    "cantidad_archivos": 1,
    "archivos_fuente": [
      "Pictures/Fototeca de Fotos.photoslibrary/resources/derivatives/masters/E/E8D00EBF-172C-42A8-AF2D-0EF3600A1011_4_5005_c.jpeg"
    ],
    "ultima_modificacion": "2025-08-01 01:01:17.532269"
  },
  "e44a27bdf8fe43359684f3fe855c8af245005c.jpeg": {
    "app_sintetizada": "E44A27BDF8FE43359684F3FE855C8AF245005C.JPEG",
    "cantidad_archivos": 1,
    "archivos_fuente": [
      "Pictures/Fototeca de Fotos.photoslibrary/resources/derivatives/masters/E/E44A27BD-F8FE-4335-9684-F3FE855C8AF2_4_5005_c.jpeg"
    ],
    "ultima_modificacion": "2025-08-01 01:01:17.532532"
  },
  "eebc6284c8fa48e8a158bba43ab71d2f45005c.jpeg": {
    "app_sintetizada": "EEBC6284C8FA48E8A158BBA43AB71D2F45005C.JPEG",
    "cantidad_archivos": 1,
    "archivos_fuente": [
      "Pictures/Fototeca de Fotos.photoslibrary/resources/derivatives/masters/E/EEBC6284-C8FA-48E8-A158-BBA43AB71D2F_4_5005_c.jpeg"
    ],
    "ultima_modificacion": "2025-08-01 01:01:17.532862"
  },
  "ebebe7555dd3421dac075c01a42395db45005c.jpeg": {
    "app_sintetizada": "EBEBE7555DD3421DAC075C01A42395DB45005C.JPEG",
    "cantidad_archivos": 1,
    "archivos_fuente": [
      "Pictures/Fototeca de Fotos.photoslibrary/resources/derivatives/masters/E/EBEBE755-5DD3-421D-AC07-5C01A42395DB_4_5005_c.jpeg"
    ],
    "ultima_modificacion": "2025-08-01 01:01:17.533118"
  },
  "e68ac53a10e441c49cdc904d3709de0045005c.jpeg": {
    "app_sintetizada": "E68AC53A10E441C49CDC904D3709DE0045005C.JPEG",
    "cantidad_archivos": 1,
    "archivos_fuente": [
      "Pictures/Fototeca de Fotos.photoslibrary/resources/derivatives/masters/E/E68AC53A-10E4-41C4-9CDC-904D3709DE00_4_5005_c.jpeg"
    ],
    "ultima_modificacion": "2025-08-01 01:01:17.533376"
  },
  "ee25aa0edd4741f69a5c0760dac3ad0045005c.jpeg": {
    "app_sintetizada": "EE25AA0EDD4741F69A5C0760DAC3AD0045005C.JPEG",
    "cantidad_archivos": 1,
    "archivos_fuente": [
      "Pictures/Fototeca de Fotos.photoslibrary/resources/derivatives/masters/E/EE25AA0E-DD47-41F6-9A5C-0760DAC3AD00_4_5005_c.jpeg"
    ],
    "ultima_modificacion": "2025-08-01 01:01:17.533712"
  },
  "ede9f96a85b34308b8798cedb880c50845005c.jpeg": {
    "app_sintetizada": "EDE9F96A85B34308B8798CEDB880C50845005C.JPEG",
    "cantidad_archivos": 1,
    "archivos_fuente": [
      "Pictures/Fototeca de Fotos.photoslibrary/resources/derivatives/masters/E/EDE9F96A-85B3-4308-B879-8CEDB880C508_4_5005_c.jpeg"
    ],
    "ultima_modificacion": "2025-08-01 01:01:17.533938"
  },
  "e753b6f4e6974eb5a163d016099d33fc45005c.jpeg": {
    "app_sintetizada": "E753B6F4E6974EB5A163D016099D33FC45005C.JPEG",
    "cantidad_archivos": 1,
    "archivos_fuente": [
      "Pictures/Fototeca de Fotos.photoslibrary/resources/derivatives/masters/E/E753B6F4-E697-4EB5-A163-D016099D33FC_4_5005_c.jpeg"
    ],
    "ultima_modificacion": "2025-08-01 01:01:17.534233"
  },
  "e1c348cf85d34d528ac762b2865f85a245005c.jpeg": {
    "app_sintetizada": "E1C348CF85D34D528AC762B2865F85A245005C.JPEG",
    "cantidad_archivos": 1,
    "archivos_fuente": [
      "Pictures/Fototeca de Fotos.photoslibrary/resources/derivatives/masters/E/E1C348CF-85D3-4D52-8AC7-62B2865F85A2_4_5005_c.jpeg"
    ],
    "ultima_modificacion": "2025-08-01 01:01:17.534496"
  },
  "ed58cdb767dc4e72907d41c17e96781d45005c.jpeg": {
    "app_sintetizada": "ED58CDB767DC4E72907D41C17E96781D45005C.JPEG",
    "cantidad_archivos": 1,
    "archivos_fuente": [
      "Pictures/Fototeca de Fotos.photoslibrary/resources/derivatives/masters/E/ED58CDB7-67DC-4E72-907D-41C17E96781D_4_5005_c.jpeg"
    ],
    "ultima_modificacion": "2025-08-01 01:01:17.534738"
  },
  "ec7b372882bd446ab8c6698a4f41cb5c45005c.jpeg": {
    "app_sintetizada": "EC7B372882BD446AB8C6698A4F41CB5C45005C.JPEG",
    "cantidad_archivos": 1,
    "archivos_fuente": [
      "Pictures/Fototeca de Fotos.photoslibrary/resources/derivatives/masters/E/EC7B3728-82BD-446A-B8C6-698A4F41CB5C_4_5005_c.jpeg"
    ],
    "ultima_modificacion": "2025-08-01 01:01:17.534983"
  },
  "eeb321883c8a4dcc8bfd263c30bf898845005c.jpeg": {
    "app_sintetizada": "EEB321883C8A4DCC8BFD263C30BF898845005C.JPEG",
    "cantidad_archivos": 1,
    "archivos_fuente": [
      "Pictures/Fototeca de Fotos.photoslibrary/resources/derivatives/masters/E/EEB32188-3C8A-4DCC-8BFD-263C30BF8988_4_5005_c.jpeg"
    ],
    "ultima_modificacion": "2025-08-01 01:01:17.535230"
  },
  "e6a9a29661a444c4a1f54328dd41f5c245005c.jpeg": {
    "app_sintetizada": "E6A9A29661A444C4A1F54328DD41F5C245005C.JPEG",
    "cantidad_archivos": 1,
    "archivos_fuente": [
      "Pictures/Fototeca de Fotos.photoslibrary/resources/derivatives/masters/E/E6A9A296-61A4-44C4-A1F5-4328DD41F5C2_4_5005_c.jpeg"
    ],
    "ultima_modificacion": "2025-08-01 01:01:17.535475"
  },
  "e4fc48a0ebad436180cd32fd18fde92445005c.jpeg": {
    "app_sintetizada": "E4FC48A0EBAD436180CD32FD18FDE92445005C.JPEG",
    "cantidad_archivos": 1,
    "archivos_fuente": [
      "Pictures/Fototeca de Fotos.photoslibrary/resources/derivatives/masters/E/E4FC48A0-EBAD-4361-80CD-32FD18FDE924_4_5005_c.jpeg"
    ],
    "ultima_modificacion": "2025-08-01 01:01:17.535733"
  },
  "ee34b1f379944e0f8e68e7f9ddddeb2a45005c.jpeg": {
    "app_sintetizada": "EE34B1F379944E0F8E68E7F9DDDDEB2A45005C.JPEG",
    "cantidad_archivos": 1,
    "archivos_fuente": [
      "Pictures/Fototeca de Fotos.photoslibrary/resources/derivatives/masters/E/EE34B1F3-7994-4E0F-8E68-E7F9DDDDEB2A_4_5005_c.jpeg"
    ],
    "ultima_modificacion": "2025-08-01 01:01:17.535987"
  },
  "eb656c47ce5d4dc38e1ca51a9aff204e45005c.jpeg": {
    "app_sintetizada": "EB656C47CE5D4DC38E1CA51A9AFF204E45005C.JPEG",
    "cantidad_archivos": 1,
    "archivos_fuente": [
      "Pictures/Fototeca de Fotos.photoslibrary/resources/derivatives/masters/E/EB656C47-CE5D-4DC3-8E1C-A51A9AFF204E_4_5005_c.jpeg"
    ],
    "ultima_modificacion": "2025-08-01 01:01:17.536256"
  },
  "ee093cf35f6b4933bd1e40a3fda623c345005c.jpeg": {
    "app_sintetizada": "EE093CF35F6B4933BD1E40A3FDA623C345005C.JPEG",
    "cantidad_archivos": 1,
    "archivos_fuente": [
      "Pictures/Fototeca de Fotos.photoslibrary/resources/derivatives/masters/E/EE093CF3-5F6B-4933-BD1E-40A3FDA623C3_4_5005_c.jpeg"
    ],
    "ultima_modificacion": "2025-08-01 01:01:17.536566"
  },
  "e466535ec93145bca390c5fc700ab0d145005c.jpeg": {
    "app_sintetizada": "E466535EC93145BCA390C5FC700AB0D145005C.JPEG",
    "cantidad_archivos": 1,
    "archivos_fuente": [
      "Pictures/Fototeca de Fotos.photoslibrary/resources/derivatives/masters/E/E466535E-C931-45BC-A390-C5FC700AB0D1_4_5005_c.jpeg"
    ],
    "ultima_modificacion": "2025-08-01 01:01:17.536883"
  },
  "edeae9bf8e4e4feabcbc84168f778c5045005c.jpeg": {
    "app_sintetizada": "EDEAE9BF8E4E4FEABCBC84168F778C5045005C.JPEG",
    "cantidad_archivos": 1,
    "archivos_fuente": [
      "Pictures/Fototeca de Fotos.photoslibrary/resources/derivatives/masters/E/EDEAE9BF-8E4E-4FEA-BCBC-84168F778C50_4_5005_c.jpeg"
    ],
    "ultima_modificacion": "2025-08-01 01:01:17.537223"
  },
  "e37d33bbe61b43cd89168283691e4d2645005c.jpeg": {
    "app_sintetizada": "E37D33BBE61B43CD89168283691E4D2645005C.JPEG",
    "cantidad_archivos": 1,
    "archivos_fuente": [
      "Pictures/Fototeca de Fotos.photoslibrary/resources/derivatives/masters/E/E37D33BB-E61B-43CD-8916-8283691E4D26_4_5005_c.jpeg"
    ],
    "ultima_modificacion": "2025-08-01 01:01:17.537520"
  },
  "ee956f4c4dc549e1af2d74d00a82cb3f45005c.jpeg": {
    "app_sintetizada": "EE956F4C4DC549E1AF2D74D00A82CB3F45005C.JPEG",
    "cantidad_archivos": 1,
    "archivos_fuente": [
      "Pictures/Fototeca de Fotos.photoslibrary/resources/derivatives/masters/E/EE956F4C-4DC5-49E1-AF2D-74D00A82CB3F_4_5005_c.jpeg"
    ],
    "ultima_modificacion": "2025-08-01 01:01:17.537805"
  },
  "e49fa8bbda2140d9bdbc2d6d039631c345005c.jpeg": {
    "app_sintetizada": "E49FA8BBDA2140D9BDBC2D6D039631C345005C.JPEG",
    "cantidad_archivos": 1,
    "archivos_fuente": [
      "Pictures/Fototeca de Fotos.photoslibrary/resources/derivatives/masters/E/E49FA8BB-DA21-40D9-BDBC-2D6D039631C3_4_5005_c.jpeg"
    ],
    "ultima_modificacion": "2025-08-01 01:01:17.538100"
  },
  "e95fe4a350f048d9aafb6e2959fe45e345005c.jpeg": {
    "app_sintetizada": "E95FE4A350F048D9AAFB6E2959FE45E345005C.JPEG",
    "cantidad_archivos": 1,
    "archivos_fuente": [
      "Pictures/Fototeca de Fotos.photoslibrary/resources/derivatives/masters/E/E95FE4A3-50F0-48D9-AAFB-6E2959FE45E3_4_5005_c.jpeg"
    ],
    "ultima_modificacion": "2025-08-01 01:01:17.538430"
  },
  "e81a6fe9e3ee47bdbd5655d252bf215c45005c.jpeg": {
    "app_sintetizada": "E81A6FE9E3EE47BDBD5655D252BF215C45005C.JPEG",
    "cantidad_archivos": 1,
    "archivos_fuente": [
      "Pictures/Fototeca de Fotos.photoslibrary/resources/derivatives/masters/E/E81A6FE9-E3EE-47BD-BD56-55D252BF215C_4_5005_c.jpeg"
    ],
    "ultima_modificacion": "2025-08-01 01:01:17.538720"
  },
  "ee82aab7c8ce42ea9979aea2263d44e345005c.jpeg": {
    "app_sintetizada": "EE82AAB7C8CE42EA9979AEA2263D44E345005C.JPEG",
    "cantidad_archivos": 1,
    "archivos_fuente": [
      "Pictures/Fototeca de Fotos.photoslibrary/resources/derivatives/masters/E/EE82AAB7-C8CE-42EA-9979-AEA2263D44E3_4_5005_c.jpeg"
    ],
    "ultima_modificacion": "2025-08-01 01:01:17.539089"
  },
  "e593a72cf8304095914a3099f3f7cfc145005c.jpeg": {
    "app_sintetizada": "E593A72CF8304095914A3099F3F7CFC145005C.JPEG",
    "cantidad_archivos": 1,
    "archivos_fuente": [
      "Pictures/Fototeca de Fotos.photoslibrary/resources/derivatives/masters/E/E593A72C-F830-4095-914A-3099F3F7CFC1_4_5005_c.jpeg"
    ],
    "ultima_modificacion": "2025-08-01 01:01:17.539391"
  },
  "ed2b12a3eaa24bcca4cef38936d9beed45005c.jpeg": {
    "app_sintetizada": "ED2B12A3EAA24BCCA4CEF38936D9BEED45005C.JPEG",
    "cantidad_archivos": 1,
    "archivos_fuente": [
      "Pictures/Fototeca de Fotos.photoslibrary/resources/derivatives/masters/E/ED2B12A3-EAA2-4BCC-A4CE-F38936D9BEED_4_5005_c.jpeg"
    ],
    "ultima_modificacion": "2025-08-01 01:01:17.539678"
  },
  "e01648f5cca54257805a78048c79bf4a45005c.jpeg": {
    "app_sintetizada": "E01648F5CCA54257805A78048C79BF4A45005C.JPEG",
    "cantidad_archivos": 1,
    "archivos_fuente": [
      "Pictures/Fototeca de Fotos.photoslibrary/resources/derivatives/masters/E/E01648F5-CCA5-4257-805A-78048C79BF4A_4_5005_c.jpeg"
    ],
    "ultima_modificacion": "2025-08-01 01:01:17.539954"
  },
  "e2c1944e7f0f4ee6bc501d047899bbef45005c.jpeg": {
    "app_sintetizada": "E2C1944E7F0F4EE6BC501D047899BBEF45005C.JPEG",
    "cantidad_archivos": 1,
    "archivos_fuente": [
      "Pictures/Fototeca de Fotos.photoslibrary/resources/derivatives/masters/E/E2C1944E-7F0F-4EE6-BC50-1D047899BBEF_4_5005_c.jpeg"
    ],
    "ultima_modificacion": "2025-08-01 01:01:17.540245"
  },
  "e8e2936fe14748118ebe27997eeebc2a45005c.jpeg": {
    "app_sintetizada": "E8E2936FE14748118EBE27997EEEBC2A45005C.JPEG",
    "cantidad_archivos": 1,
    "archivos_fuente": [
      "Pictures/Fototeca de Fotos.photoslibrary/resources/derivatives/masters/E/E8E2936F-E147-4811-8EBE-27997EEEBC2A_4_5005_c.jpeg"
    ],
    "ultima_modificacion": "2025-08-01 01:01:17.540529"
  },
  "e175cf399f154574b0e8c6aba15ddae445005c.jpeg": {
    "app_sintetizada": "E175CF399F154574B0E8C6ABA15DDAE445005C.JPEG",
    "cantidad_archivos": 1,
    "archivos_fuente": [
      "Pictures/Fototeca de Fotos.photoslibrary/resources/derivatives/masters/E/E175CF39-9F15-4574-B0E8-C6ABA15DDAE4_4_5005_c.jpeg"
    ],
    "ultima_modificacion": "2025-08-01 01:01:17.540812"
  },
  "e534de6ffd444e6883cd3ee5edbd205f45005c.jpeg": {
    "app_sintetizada": "E534DE6FFD444E6883CD3EE5EDBD205F45005C.JPEG",
    "cantidad_archivos": 1,
    "archivos_fuente": [
      "Pictures/Fototeca de Fotos.photoslibrary/resources/derivatives/masters/E/E534DE6F-FD44-4E68-83CD-3EE5EDBD205F_4_5005_c.jpeg"
    ],
    "ultima_modificacion": "2025-08-01 01:01:17.541097"
  },
  "e91eeb70f3b448eb8b3e898b9da9952b45005c.jpeg": {
    "app_sintetizada": "E91EEB70F3B448EB8B3E898B9DA9952B45005C.JPEG",
    "cantidad_archivos": 1,
    "archivos_fuente": [
      "Pictures/Fototeca de Fotos.photoslibrary/resources/derivatives/masters/E/E91EEB70-F3B4-48EB-8B3E-898B9DA9952B_4_5005_c.jpeg"
    ],
    "ultima_modificacion": "2025-08-01 01:01:17.541408"
  },
  "e07e15f4fd2b44c09c49a1e9f6899f2b45005c.jpeg": {
    "app_sintetizada": "E07E15F4FD2B44C09C49A1E9F6899F2B45005C.JPEG",
    "cantidad_archivos": 1,
    "archivos_fuente": [
      "Pictures/Fototeca de Fotos.photoslibrary/resources/derivatives/masters/E/E07E15F4-FD2B-44C0-9C49-A1E9F6899F2B_4_5005_c.jpeg"
    ],
    "ultima_modificacion": "2025-08-01 01:01:17.541747"
  },
  "e6b2d97d8bfb43799f5073d95c01249745005c.jpeg": {
    "app_sintetizada": "E6B2D97D8BFB43799F5073D95C01249745005C.JPEG",
    "cantidad_archivos": 1,
    "archivos_fuente": [
      "Pictures/Fototeca de Fotos.photoslibrary/resources/derivatives/masters/E/E6B2D97D-8BFB-4379-9F50-73D95C012497_4_5005_c.jpeg"
    ],
    "ultima_modificacion": "2025-08-01 01:01:17.542069"
  },
  "e6ba4174f2184640a72d253a6b02a04945005c.jpeg": {
    "app_sintetizada": "E6BA4174F2184640A72D253A6B02A04945005C.JPEG",
    "cantidad_archivos": 1,
    "archivos_fuente": [
      "Pictures/Fototeca de Fotos.photoslibrary/resources/derivatives/masters/E/E6BA4174-F218-4640-A72D-253A6B02A049_4_5005_c.jpeg"
    ],
    "ultima_modificacion": "2025-08-01 01:01:17.542388"
  },
  "ec81654c25a542dba4064080de8a5ee445005c.jpeg": {
    "app_sintetizada": "EC81654C25A542DBA4064080DE8A5EE445005C.JPEG",
    "cantidad_archivos": 1,
    "archivos_fuente": [
      "Pictures/Fototeca de Fotos.photoslibrary/resources/derivatives/masters/E/EC81654C-25A5-42DB-A406-4080DE8A5EE4_4_5005_c.jpeg"
    ],
    "ultima_modificacion": "2025-08-01 01:01:17.542703"
  },
  "ea1ba108b6d04bad9361004c5ae74a8045005c.jpeg": {
    "app_sintetizada": "EA1BA108B6D04BAD9361004C5AE74A8045005C.JPEG",
    "cantidad_archivos": 1,
    "archivos_fuente": [
      "Pictures/Fototeca de Fotos.photoslibrary/resources/derivatives/masters/E/EA1BA108-B6D0-4BAD-9361-004C5AE74A80_4_5005_c.jpeg"
    ],
    "ultima_modificacion": "2025-08-01 01:01:17.543035"
  },
  "e4850d6f136c43a98d5beb8d612fc12c45005c.jpeg": {
    "app_sintetizada": "E4850D6F136C43A98D5BEB8D612FC12C45005C.JPEG",
    "cantidad_archivos": 1,
    "archivos_fuente": [
      "Pictures/Fototeca de Fotos.photoslibrary/resources/derivatives/masters/E/E4850D6F-136C-43A9-8D5B-EB8D612FC12C_4_5005_c.jpeg"
    ],
    "ultima_modificacion": "2025-08-01 01:01:17.543380"
  },
  "e2dee7e3d5dd4caf9ecb455d9b116dff45005c.jpeg": {
    "app_sintetizada": "E2DEE7E3D5DD4CAF9ECB455D9B116DFF45005C.JPEG",
    "cantidad_archivos": 1,
    "archivos_fuente": [
      "Pictures/Fototeca de Fotos.photoslibrary/resources/derivatives/masters/E/E2DEE7E3-D5DD-4CAF-9ECB-455D9B116DFF_4_5005_c.jpeg"
    ],
    "ultima_modificacion": "2025-08-01 01:01:17.543710"
  },
  "eaa1765bc5bd42e2b441c87481542e1f45005c.jpeg": {
    "app_sintetizada": "EAA1765BC5BD42E2B441C87481542E1F45005C.JPEG",
    "cantidad_archivos": 1,
    "archivos_fuente": [
      "Pictures/Fototeca de Fotos.photoslibrary/resources/derivatives/masters/E/EAA1765B-C5BD-42E2-B441-C87481542E1F_4_5005_c.jpeg"
    ],
    "ultima_modificacion": "2025-08-01 01:01:17.544051"
  },
  "eff199a1887046d788137462f97a261845005c.jpeg": {
    "app_sintetizada": "EFF199A1887046D788137462F97A261845005C.JPEG",
    "cantidad_archivos": 1,
    "archivos_fuente": [
      "Pictures/Fototeca de Fotos.photoslibrary/resources/derivatives/masters/E/EFF199A1-8870-46D7-8813-7462F97A2618_4_5005_c.jpeg"
    ],
    "ultima_modificacion": "2025-08-01 01:01:17.544985"
  },
  "e108b78bcf294df6899f0925655d231b45005c.jpeg": {
    "app_sintetizada": "E108B78BCF294DF6899F0925655D231B45005C.JPEG",
    "cantidad_archivos": 1,
    "archivos_fuente": [
      "Pictures/Fototeca de Fotos.photoslibrary/resources/derivatives/masters/E/E108B78B-CF29-4DF6-899F-0925655D231B_4_5005_c.jpeg"
    ],
    "ultima_modificacion": "2025-08-01 01:01:17.545330"
  },
  "ed19917901e14061a1258aacd0b3e2e445005c.jpeg": {
    "app_sintetizada": "ED19917901E14061A1258AACD0B3E2E445005C.JPEG",
    "cantidad_archivos": 1,
    "archivos_fuente": [
      "Pictures/Fototeca de Fotos.photoslibrary/resources/derivatives/masters/E/ED199179-01E1-4061-A125-8AACD0B3E2E4_4_5005_c.jpeg"
    ],
    "ultima_modificacion": "2025-08-01 01:01:17.545653"
  },
  "e4e2c189bbbf4ecd9f61df083e8373b445005c.jpeg": {
    "app_sintetizada": "E4E2C189BBBF4ECD9F61DF083E8373B445005C.JPEG",
    "cantidad_archivos": 1,
    "archivos_fuente": [
      "Pictures/Fototeca de Fotos.photoslibrary/resources/derivatives/masters/E/E4E2C189-BBBF-4ECD-9F61-DF083E8373B4_4_5005_c.jpeg"
    ],
    "ultima_modificacion": "2025-08-01 01:01:17.546000"
  },
  "ec36834e6d2d4af3bb2379ad7eb8e31e45005c.jpeg": {
    "app_sintetizada": "EC36834E6D2D4AF3BB2379AD7EB8E31E45005C.JPEG",
    "cantidad_archivos": 1,
    "archivos_fuente": [
      "Pictures/Fototeca de Fotos.photoslibrary/resources/derivatives/masters/E/EC36834E-6D2D-4AF3-BB23-79AD7EB8E31E_4_5005_c.jpeg"
    ],
    "ultima_modificacion": "2025-08-01 01:01:17.546319"
  },
  "e52486c473054a6eba62d7b6fe86252d45005c.jpeg": {
    "app_sintetizada": "E52486C473054A6EBA62D7B6FE86252D45005C.JPEG",
    "cantidad_archivos": 1,
    "archivos_fuente": [
      "Pictures/Fototeca de Fotos.photoslibrary/resources/derivatives/masters/E/E52486C4-7305-4A6E-BA62-D7B6FE86252D_4_5005_c.jpeg"
    ],
    "ultima_modificacion": "2025-08-01 01:01:17.546644"
  },
  "e66a0672d46d4dee9756dd15c1e926f745005c.jpeg": {
    "app_sintetizada": "E66A0672D46D4DEE9756DD15C1E926F745005C.JPEG",
    "cantidad_archivos": 1,
    "archivos_fuente": [
      "Pictures/Fototeca de Fotos.photoslibrary/resources/derivatives/masters/E/E66A0672-D46D-4DEE-9756-DD15C1E926F7_4_5005_c.jpeg"
    ],
    "ultima_modificacion": "2025-08-01 01:01:17.546996"
  },
  "ec486948e47f4baea6777049a4b55ef745005c.jpeg": {
    "app_sintetizada": "EC486948E47F4BAEA6777049A4B55EF745005C.JPEG",
    "cantidad_archivos": 1,
    "archivos_fuente": [
      "Pictures/Fototeca de Fotos.photoslibrary/resources/derivatives/masters/E/EC486948-E47F-4BAE-A677-7049A4B55EF7_4_5005_c.jpeg"
    ],
    "ultima_modificacion": "2025-08-01 01:01:17.547321"
  },
  "e14caacd5b8143e2ac5d36c027e9285645005c.jpeg": {
    "app_sintetizada": "E14CAACD5B8143E2AC5D36C027E9285645005C.JPEG",
    "cantidad_archivos": 1,
    "archivos_fuente": [
      "Pictures/Fototeca de Fotos.photoslibrary/resources/derivatives/masters/E/E14CAACD-5B81-43E2-AC5D-36C027E92856_4_5005_c.jpeg"
    ],
    "ultima_modificacion": "2025-08-01 01:01:17.547687"
  },
  "e3b2c110d1ab40948d46752e3c6a1da445005c.jpeg": {
    "app_sintetizada": "E3B2C110D1AB40948D46752E3C6A1DA445005C.JPEG",
    "cantidad_archivos": 1,
    "archivos_fuente": [
      "Pictures/Fototeca de Fotos.photoslibrary/resources/derivatives/masters/E/E3B2C110-D1AB-4094-8D46-752E3C6A1DA4_4_5005_c.jpeg"
    ],
    "ultima_modificacion": "2025-08-01 01:01:17.548052"
  },
  "ee444eae262d4be8abe313be8097d58545005c.jpeg": {
    "app_sintetizada": "EE444EAE262D4BE8ABE313BE8097D58545005C.JPEG",
    "cantidad_archivos": 1,
    "archivos_fuente": [
      "Pictures/Fototeca de Fotos.photoslibrary/resources/derivatives/masters/E/EE444EAE-262D-4BE8-ABE3-13BE8097D585_4_5005_c.jpeg"
    ],
    "ultima_modificacion": "2025-08-01 01:01:17.548396"
  },
  "ed7cbf66759e4eebb341043d221f4db945005c.jpeg": {
    "app_sintetizada": "ED7CBF66759E4EEBB341043D221F4DB945005C.JPEG",
    "cantidad_archivos": 1,
    "archivos_fuente": [
      "Pictures/Fototeca de Fotos.photoslibrary/resources/derivatives/masters/E/ED7CBF66-759E-4EEB-B341-043D221F4DB9_4_5005_c.jpeg"
    ],
    "ultima_modificacion": "2025-08-01 01:01:17.548737"
  },
  "e7e355caad3c4be0a7bb6d6a01abbf7a45005c.jpeg": {
    "app_sintetizada": "E7E355CAAD3C4BE0A7BB6D6A01ABBF7A45005C.JPEG",
    "cantidad_archivos": 1,
    "archivos_fuente": [
      "Pictures/Fototeca de Fotos.photoslibrary/resources/derivatives/masters/E/E7E355CA-AD3C-4BE0-A7BB-6D6A01ABBF7A_4_5005_c.jpeg"
    ],
    "ultima_modificacion": "2025-08-01 01:01:17.549078"
  },
  "e20d78f4c00344c988437338c09e0ae645005c.jpeg": {
    "app_sintetizada": "E20D78F4C00344C988437338C09E0AE645005C.JPEG",
    "cantidad_archivos": 1,
    "archivos_fuente": [
      "Pictures/Fototeca de Fotos.photoslibrary/resources/derivatives/masters/E/E20D78F4-C003-44C9-8843-7338C09E0AE6_4_5005_c.jpeg"
    ],
    "ultima_modificacion": "2025-08-01 01:01:17.549394"
  },
  "e4464e6a53974e5ba3440921a3f536e645005c.jpeg": {
    "app_sintetizada": "E4464E6A53974E5BA3440921A3F536E645005C.JPEG",
    "cantidad_archivos": 1,
    "archivos_fuente": [
      "Pictures/Fototeca de Fotos.photoslibrary/resources/derivatives/masters/E/E4464E6A-5397-4E5B-A344-0921A3F536E6_4_5005_c.jpeg"
    ],
    "ultima_modificacion": "2025-08-01 01:01:17.549727"
  },
  "e36ab372ba81461c8795d808993bff4645005c.jpeg": {
    "app_sintetizada": "E36AB372BA81461C8795D808993BFF4645005C.JPEG",
    "cantidad_archivos": 1,
    "archivos_fuente": [
      "Pictures/Fototeca de Fotos.photoslibrary/resources/derivatives/masters/E/E36AB372-BA81-461C-8795-D808993BFF46_4_5005_c.jpeg"
    ],
    "ultima_modificacion": "2025-08-01 01:01:17.550037"
  },
  "ec57f0aa339542e1bb13ef4946cec9ce45005c.jpeg": {
    "app_sintetizada": "EC57F0AA339542E1BB13EF4946CEC9CE45005C.JPEG",
    "cantidad_archivos": 1,
    "archivos_fuente": [
      "Pictures/Fototeca de Fotos.photoslibrary/resources/derivatives/masters/E/EC57F0AA-3395-42E1-BB13-EF4946CEC9CE_4_5005_c.jpeg"
    ],
    "ultima_modificacion": "2025-08-01 01:01:17.550374"
  },
  "e695cf918eb6436abcd28e7095aa836c45005c.jpeg": {
    "app_sintetizada": "E695CF918EB6436ABCD28E7095AA836C45005C.JPEG",
    "cantidad_archivos": 1,
    "archivos_fuente": [
      "Pictures/Fototeca de Fotos.photoslibrary/resources/derivatives/masters/E/E695CF91-8EB6-436A-BCD2-8E7095AA836C_4_5005_c.jpeg"
    ],
    "ultima_modificacion": "2025-08-01 01:01:17.551286"
  },
  "e5fb9066adbe49a8a55fa7bae426d8d645005c.jpeg": {
    "app_sintetizada": "E5FB9066ADBE49A8A55FA7BAE426D8D645005C.JPEG",
    "cantidad_archivos": 1,
    "archivos_fuente": [
      "Pictures/Fototeca de Fotos.photoslibrary/resources/derivatives/masters/E/E5FB9066-ADBE-49A8-A55F-A7BAE426D8D6_4_5005_c.jpeg"
    ],
    "ultima_modificacion": "2025-08-01 01:01:17.551616"
  },
  "ec96397e6e4a443497b01dd81461012445005c.jpeg": {
    "app_sintetizada": "EC96397E6E4A443497B01DD81461012445005C.JPEG",
    "cantidad_archivos": 1,
    "archivos_fuente": [
      "Pictures/Fototeca de Fotos.photoslibrary/resources/derivatives/masters/E/EC96397E-6E4A-4434-97B0-1DD814610124_4_5005_c.jpeg"
    ],
    "ultima_modificacion": "2025-08-01 01:01:17.551934"
  },
  "e346249270a44a5fb5fe46ef92e10e0345005c.jpeg": {
    "app_sintetizada": "E346249270A44A5FB5FE46EF92E10E0345005C.JPEG",
    "cantidad_archivos": 1,
    "archivos_fuente": [
      "Pictures/Fototeca de Fotos.photoslibrary/resources/derivatives/masters/E/E3462492-70A4-4A5F-B5FE-46EF92E10E03_4_5005_c.jpeg"
    ],
    "ultima_modificacion": "2025-08-01 01:01:17.552272"
  },
  "eae2bffc04cd4ec494a792d61b7a003745005c.jpeg": {
    "app_sintetizada": "EAE2BFFC04CD4EC494A792D61B7A003745005C.JPEG",
    "cantidad_archivos": 1,
    "archivos_fuente": [
      "Pictures/Fototeca de Fotos.photoslibrary/resources/derivatives/masters/E/EAE2BFFC-04CD-4EC4-94A7-92D61B7A0037_4_5005_c.jpeg"
    ],
    "ultima_modificacion": "2025-08-01 01:01:17.552613"
  },
  "e95a0e1bdbb646a78c45a7a1c3d7a25245005c.jpeg": {
    "app_sintetizada": "E95A0E1BDBB646A78C45A7A1C3D7A25245005C.JPEG",
    "cantidad_archivos": 1,
    "archivos_fuente": [
      "Pictures/Fototeca de Fotos.photoslibrary/resources/derivatives/masters/E/E95A0E1B-DBB6-46A7-8C45-A7A1C3D7A252_4_5005_c.jpeg"
    ],
    "ultima_modificacion": "2025-08-01 01:01:17.552927"
  },
  "ecc72e29b72d4019be27ac32397ed31145005c.jpeg": {
    "app_sintetizada": "ECC72E29B72D4019BE27AC32397ED31145005C.JPEG",
    "cantidad_archivos": 1,
    "archivos_fuente": [
      "Pictures/Fototeca de Fotos.photoslibrary/resources/derivatives/masters/E/ECC72E29-B72D-4019-BE27-AC32397ED311_4_5005_c.jpeg"
    ],
    "ultima_modificacion": "2025-08-01 01:01:17.553247"
  },
  "eb877501613b45f9b214f8c95d402fc045005c.jpeg": {
    "app_sintetizada": "EB877501613B45F9B214F8C95D402FC045005C.JPEG",
    "cantidad_archivos": 1,
    "archivos_fuente": [
      "Pictures/Fototeca de Fotos.photoslibrary/resources/derivatives/masters/E/EB877501-613B-45F9-B214-F8C95D402FC0_4_5005_c.jpeg"
    ],
    "ultima_modificacion": "2025-08-01 01:01:17.553572"
  },
  "e5757b2cc4114fafb63ca1de1f3aeb6d45005c.jpeg": {
    "app_sintetizada": "E5757B2CC4114FAFB63CA1DE1F3AEB6D45005C.JPEG",
    "cantidad_archivos": 1,
    "archivos_fuente": [
      "Pictures/Fototeca de Fotos.photoslibrary/resources/derivatives/masters/E/E5757B2C-C411-4FAF-B63C-A1DE1F3AEB6D_4_5005_c.jpeg"
    ],
    "ultima_modificacion": "2025-08-01 01:01:17.553887"
  },
  "eaf043bf0c3d4471bae1ac1e6b18164745005c.jpeg": {
    "app_sintetizada": "EAF043BF0C3D4471BAE1AC1E6B18164745005C.JPEG",
    "cantidad_archivos": 1,
    "archivos_fuente": [
      "Pictures/Fototeca de Fotos.photoslibrary/resources/derivatives/masters/E/EAF043BF-0C3D-4471-BAE1-AC1E6B181647_4_5005_c.jpeg"
    ],
    "ultima_modificacion": "2025-08-01 01:01:17.554207"
  },
  "e2da9ec3651a48ff95981e282051a10d45005c.jpeg": {
    "app_sintetizada": "E2DA9EC3651A48FF95981E282051A10D45005C.JPEG",
    "cantidad_archivos": 1,
    "archivos_fuente": [
      "Pictures/Fototeca de Fotos.photoslibrary/resources/derivatives/masters/E/E2DA9EC3-651A-48FF-9598-1E282051A10D_4_5005_c.jpeg"
    ],
    "ultima_modificacion": "2025-08-01 01:01:17.554553"
  },
  "ed742929295845deb08ec8a43c70862845005c.jpeg": {
    "app_sintetizada": "ED742929295845DEB08EC8A43C70862845005C.JPEG",
    "cantidad_archivos": 1,
    "archivos_fuente": [
      "Pictures/Fototeca de Fotos.photoslibrary/resources/derivatives/masters/E/ED742929-2958-45DE-B08E-C8A43C708628_4_5005_c.jpeg"
    ],
    "ultima_modificacion": "2025-08-01 01:01:17.554904"
  },
  "e1add13da4d24cd6869d05c568d31aaa45005c.jpeg": {
    "app_sintetizada": "E1ADD13DA4D24CD6869D05C568D31AAA45005C.JPEG",
    "cantidad_archivos": 1,
    "archivos_fuente": [
      "Pictures/Fototeca de Fotos.photoslibrary/resources/derivatives/masters/E/E1ADD13D-A4D2-4CD6-869D-05C568D31AAA_4_5005_c.jpeg"
    ],
    "ultima_modificacion": "2025-08-01 01:01:17.555272"
  },
  "e7c27a34e14c4a54ab2f1addf30f8bcc45005c.jpeg": {
    "app_sintetizada": "E7C27A34E14C4A54AB2F1ADDF30F8BCC45005C.JPEG",
    "cantidad_archivos": 1,
    "archivos_fuente": [
      "Pictures/Fototeca de Fotos.photoslibrary/resources/derivatives/masters/E/E7C27A34-E14C-4A54-AB2F-1ADDF30F8BCC_4_5005_c.jpeg"
    ],
    "ultima_modificacion": "2025-08-01 01:01:17.555700"
  },
  "efa5461626c8496c883ce39f5ece157b45005c.jpeg": {
    "app_sintetizada": "EFA5461626C8496C883CE39F5ECE157B45005C.JPEG",
    "cantidad_archivos": 1,
    "archivos_fuente": [
      "Pictures/Fototeca de Fotos.photoslibrary/resources/derivatives/masters/E/EFA54616-26C8-496C-883C-E39F5ECE157B_4_5005_c.jpeg"
    ],
    "ultima_modificacion": "2025-08-01 01:01:17.556064"
  },
  "e9e97082cfc64a239f1b4816cf1d70b745005c.jpeg": {
    "app_sintetizada": "E9E97082CFC64A239F1B4816CF1D70B745005C.JPEG",
    "cantidad_archivos": 1,
    "archivos_fuente": [
      "Pictures/Fototeca de Fotos.photoslibrary/resources/derivatives/masters/E/E9E97082-CFC6-4A23-9F1B-4816CF1D70B7_4_5005_c.jpeg"
    ],
    "ultima_modificacion": "2025-08-01 01:01:17.556552"
  },
  "e267b37eb7a948cd99b8e026d3ad081e45005c.jpeg": {
    "app_sintetizada": "E267B37EB7A948CD99B8E026D3AD081E45005C.JPEG",
    "cantidad_archivos": 1,
    "archivos_fuente": [
      "Pictures/Fototeca de Fotos.photoslibrary/resources/derivatives/masters/E/E267B37E-B7A9-48CD-99B8-E026D3AD081E_4_5005_c.jpeg"
    ],
    "ultima_modificacion": "2025-08-01 01:01:17.557042"
  },
  "e845c7640be04f03a07db50b8c6ec75845005c.jpeg": {
    "app_sintetizada": "E845C7640BE04F03A07DB50B8C6EC75845005C.JPEG",
    "cantidad_archivos": 1,
    "archivos_fuente": [
      "Pictures/Fototeca de Fotos.photoslibrary/resources/derivatives/masters/E/E845C764-0BE0-4F03-A07D-B50B8C6EC758_4_5005_c.jpeg"
    ],
    "ultima_modificacion": "2025-08-01 01:01:17.557472"
  },
  "e5ff6eb0f02644b8a4fdabe543d736a145005c.jpeg": {
    "app_sintetizada": "E5FF6EB0F02644B8A4FDABE543D736A145005C.JPEG",
    "cantidad_archivos": 1,
    "archivos_fuente": [
      "Pictures/Fototeca de Fotos.photoslibrary/resources/derivatives/masters/E/E5FF6EB0-F026-44B8-A4FD-ABE543D736A1_4_5005_c.jpeg"
    ],
    "ultima_modificacion": "2025-08-01 01:01:17.558105"
  },
  "e69317e92418472da1306c149eb5d5ff45005c.jpeg": {
    "app_sintetizada": "E69317E92418472DA1306C149EB5D5FF45005C.JPEG",
    "cantidad_archivos": 1,
    "archivos_fuente": [
      "Pictures/Fototeca de Fotos.photoslibrary/resources/derivatives/masters/E/E69317E9-2418-472D-A130-6C149EB5D5FF_4_5005_c.jpeg"
    ],
    "ultima_modificacion": "2025-08-01 01:01:17.558630"
  },
  "ecae7bf4be214d37ad28acda43ffbd3345005c.jpeg": {
    "app_sintetizada": "ECAE7BF4BE214D37AD28ACDA43FFBD3345005C.JPEG",
    "cantidad_archivos": 1,
    "archivos_fuente": [
      "Pictures/Fototeca de Fotos.photoslibrary/resources/derivatives/masters/E/ECAE7BF4-BE21-4D37-AD28-ACDA43FFBD33_4_5005_c.jpeg"
    ],
    "ultima_modificacion": "2025-08-01 01:01:17.559021"
  },
  "edf55a7fa2bd412198ddb5c6f225bfb545005c.jpeg": {
    "app_sintetizada": "EDF55A7FA2BD412198DDB5C6F225BFB545005C.JPEG",
    "cantidad_archivos": 1,
    "archivos_fuente": [
      "Pictures/Fototeca de Fotos.photoslibrary/resources/derivatives/masters/E/EDF55A7F-A2BD-4121-98DD-B5C6F225BFB5_4_5005_c.jpeg"
    ],
    "ultima_modificacion": "2025-08-01 01:01:17.559431"
  },
  "e4b11d7f543e4a229cfad1b912453fde45005c.jpeg": {
    "app_sintetizada": "E4B11D7F543E4A229CFAD1B912453FDE45005C.JPEG",
    "cantidad_archivos": 1,
    "archivos_fuente": [
      "Pictures/Fototeca de Fotos.photoslibrary/resources/derivatives/masters/E/E4B11D7F-543E-4A22-9CFA-D1B912453FDE_4_5005_c.jpeg"
    ],
    "ultima_modificacion": "2025-08-01 01:01:17.559793"
  },
  "ebdb852696264e319415a94645da4b9145005c.jpeg": {
    "app_sintetizada": "EBDB852696264E319415A94645DA4B9145005C.JPEG",
    "cantidad_archivos": 1,
    "archivos_fuente": [
      "Pictures/Fototeca de Fotos.photoslibrary/resources/derivatives/masters/E/EBDB8526-9626-4E31-9415-A94645DA4B91_4_5005_c.jpeg"
    ],
    "ultima_modificacion": "2025-08-01 01:01:17.560115"
  },
  "e533d934602e4f0bb6a618818388a18145005c.jpeg": {
    "app_sintetizada": "E533D934602E4F0BB6A618818388A18145005C.JPEG",
    "cantidad_archivos": 1,
    "archivos_fuente": [
      "Pictures/Fototeca de Fotos.photoslibrary/resources/derivatives/masters/E/E533D934-602E-4F0B-B6A6-18818388A181_4_5005_c.jpeg"
    ],
    "ultima_modificacion": "2025-08-01 01:01:17.560432"
  },
  "e5b54e0e850b4386b68976d1dfd62c8945005c.jpeg": {
    "app_sintetizada": "E5B54E0E850B4386B68976D1DFD62C8945005C.JPEG",
    "cantidad_archivos": 1,
    "archivos_fuente": [
      "Pictures/Fototeca de Fotos.photoslibrary/resources/derivatives/masters/E/E5B54E0E-850B-4386-B689-76D1DFD62C89_4_5005_c.jpeg"
    ],
    "ultima_modificacion": "2025-08-01 01:01:17.560757"
  },
  "eecc5c8fb0ef4674b52ae55a05acc7ff45005c.jpeg": {
    "app_sintetizada": "EECC5C8FB0EF4674B52AE55A05ACC7FF45005C.JPEG",
    "cantidad_archivos": 1,
    "archivos_fuente": [
      "Pictures/Fototeca de Fotos.photoslibrary/resources/derivatives/masters/E/EECC5C8F-B0EF-4674-B52A-E55A05ACC7FF_4_5005_c.jpeg"
    ],
    "ultima_modificacion": "2025-08-01 01:01:17.561106"
  },
  "eb8f86c61e884a049fb72ba133ecd23c45005c.jpeg": {
    "app_sintetizada": "EB8F86C61E884A049FB72BA133ECD23C45005C.JPEG",
    "cantidad_archivos": 1,
    "archivos_fuente": [
      "Pictures/Fototeca de Fotos.photoslibrary/resources/derivatives/masters/E/EB8F86C6-1E88-4A04-9FB7-2BA133ECD23C_4_5005_c.jpeg"
    ],
    "ultima_modificacion": "2025-08-01 01:01:17.561415"
  },
  "ec0854e0ed1f440c95ee50c24b1863f445005c.jpeg": {
    "app_sintetizada": "EC0854E0ED1F440C95EE50C24B1863F445005C.JPEG",
    "cantidad_archivos": 1,
    "archivos_fuente": [
      "Pictures/Fototeca de Fotos.photoslibrary/resources/derivatives/masters/E/EC0854E0-ED1F-440C-95EE-50C24B1863F4_4_5005_c.jpeg"
    ],
    "ultima_modificacion": "2025-08-01 01:01:17.561724"
  },
  "e48802aac4a54d02860d84bb8f2a3e8145005c.jpeg": {
    "app_sintetizada": "E48802AAC4A54D02860D84BB8F2A3E8145005C.JPEG",
    "cantidad_archivos": 1,
    "archivos_fuente": [
      "Pictures/Fototeca de Fotos.photoslibrary/resources/derivatives/masters/E/E48802AA-C4A5-4D02-860D-84BB8F2A3E81_4_5005_c.jpeg"
    ],
    "ultima_modificacion": "2025-08-01 01:01:17.562100"
  },
  "ea5380d0a63b4e81b5a79da956c8c94c45005c.jpeg": {
    "app_sintetizada": "EA5380D0A63B4E81B5A79DA956C8C94C45005C.JPEG",
    "cantidad_archivos": 1,
    "archivos_fuente": [
      "Pictures/Fototeca de Fotos.photoslibrary/resources/derivatives/masters/E/EA5380D0-A63B-4E81-B5A7-9DA956C8C94C_4_5005_c.jpeg"
    ],
    "ultima_modificacion": "2025-08-01 01:01:17.562376"
  },
  "ea4a14bd565c459099799ddc17dcc7e445005c.jpeg": {
    "app_sintetizada": "EA4A14BD565C459099799DDC17DCC7E445005C.JPEG",
    "cantidad_archivos": 1,
    "archivos_fuente": [
      "Pictures/Fototeca de Fotos.photoslibrary/resources/derivatives/masters/E/EA4A14BD-565C-4590-9979-9DDC17DCC7E4_4_5005_c.jpeg"
    ],
    "ultima_modificacion": "2025-08-01 01:01:17.562618"
  },
  "e7a8352865ff48759377a5d46a4e10c845005c.jpeg": {
    "app_sintetizada": "E7A8352865FF48759377A5D46A4E10C845005C.JPEG",
    "cantidad_archivos": 1,
    "archivos_fuente": [
      "Pictures/Fototeca de Fotos.photoslibrary/resources/derivatives/masters/E/E7A83528-65FF-4875-9377-A5D46A4E10C8_4_5005_c.jpeg"
    ],
    "ultima_modificacion": "2025-08-01 01:01:17.562873"
  },
  "eac64310b0a34da9a31480867326428345005c.jpeg": {
    "app_sintetizada": "EAC64310B0A34DA9A31480867326428345005C.JPEG",
    "cantidad_archivos": 1,
    "archivos_fuente": [
      "Pictures/Fototeca de Fotos.photoslibrary/resources/derivatives/masters/E/EAC64310-B0A3-4DA9-A314-808673264283_4_5005_c.jpeg"
    ],
    "ultima_modificacion": "2025-08-01 01:01:17.563131"
  },
  "e4a1b8482d7f4c95afad10ae72c83c9845005c.jpeg": {
    "app_sintetizada": "E4A1B8482D7F4C95AFAD10AE72C83C9845005C.JPEG",
    "cantidad_archivos": 1,
    "archivos_fuente": [
      "Pictures/Fototeca de Fotos.photoslibrary/resources/derivatives/masters/E/E4A1B848-2D7F-4C95-AFAD-10AE72C83C98_4_5005_c.jpeg"
    ],
    "ultima_modificacion": "2025-08-01 01:01:17.563401"
  },
  "e012e55dec5b4ac998493c0fae584e9c45005c.jpeg": {
    "app_sintetizada": "E012E55DEC5B4AC998493C0FAE584E9C45005C.JPEG",
    "cantidad_archivos": 1,
    "archivos_fuente": [
      "Pictures/Fototeca de Fotos.photoslibrary/resources/derivatives/masters/E/E012E55D-EC5B-4AC9-9849-3C0FAE584E9C_4_5005_c.jpeg"
    ],
    "ultima_modificacion": "2025-08-01 01:01:17.563748"
  },
  "e1ddfead5b154cec9feb94af5e1750c045005c.jpeg": {
    "app_sintetizada": "E1DDFEAD5B154CEC9FEB94AF5E1750C045005C.JPEG",
    "cantidad_archivos": 1,
    "archivos_fuente": [
      "Pictures/Fototeca de Fotos.photoslibrary/resources/derivatives/masters/E/E1DDFEAD-5B15-4CEC-9FEB-94AF5E1750C0_4_5005_c.jpeg"
    ],
    "ultima_modificacion": "2025-08-01 01:01:17.564007"
  },
  "ee00a2876ae742859976db9a00ed21f945005c.jpeg": {
    "app_sintetizada": "EE00A2876AE742859976DB9A00ED21F945005C.JPEG",
    "cantidad_archivos": 1,
    "archivos_fuente": [
      "Pictures/Fototeca de Fotos.photoslibrary/resources/derivatives/masters/E/EE00A287-6AE7-4285-9976-DB9A00ED21F9_4_5005_c.jpeg"
    ],
    "ultima_modificacion": "2025-08-01 01:01:17.564337"
  },
  "e5232c4be72f4969b67fb58c58f69d5e45005c.jpeg": {
    "app_sintetizada": "E5232C4BE72F4969B67FB58C58F69D5E45005C.JPEG",
    "cantidad_archivos": 1,
    "archivos_fuente": [
      "Pictures/Fototeca de Fotos.photoslibrary/resources/derivatives/masters/E/E5232C4B-E72F-4969-B67F-B58C58F69D5E_4_5005_c.jpeg"
    ],
    "ultima_modificacion": "2025-08-01 01:01:17.564615"
  },
  "e3acf2ff39884c96a36febcc113142f145005c.jpeg": {
    "app_sintetizada": "E3ACF2FF39884C96A36FEBCC113142F145005C.JPEG",
    "cantidad_archivos": 1,
    "archivos_fuente": [
      "Pictures/Fototeca de Fotos.photoslibrary/resources/derivatives/masters/E/E3ACF2FF-3988-4C96-A36F-EBCC113142F1_4_5005_c.jpeg"
    ],
    "ultima_modificacion": "2025-08-01 01:01:17.564885"
  },
  "ebb58e05ad8e4fceb16d557b100839a545005c.jpeg": {
    "app_sintetizada": "EBB58E05AD8E4FCEB16D557B100839A545005C.JPEG",
    "cantidad_archivos": 1,
    "archivos_fuente": [
      "Pictures/Fototeca de Fotos.photoslibrary/resources/derivatives/masters/E/EBB58E05-AD8E-4FCE-B16D-557B100839A5_4_5005_c.jpeg"
    ],
    "ultima_modificacion": "2025-08-01 01:01:17.565175"
  },
  "e7498fc307ff4f50a4c5f2a74676256945005c.jpeg": {
    "app_sintetizada": "E7498FC307FF4F50A4C5F2A74676256945005C.JPEG",
    "cantidad_archivos": 1,
    "archivos_fuente": [
      "Pictures/Fototeca de Fotos.photoslibrary/resources/derivatives/masters/E/E7498FC3-07FF-4F50-A4C5-F2A746762569_4_5005_c.jpeg"
    ],
    "ultima_modificacion": "2025-08-01 01:01:17.565483"
  }
}