{
  "cfa33b24d0c645a0a8df5ab0f07d254a45005c.jpeg": {
    "app_sintetizada": "CFA33B24D0C645A0A8DF5AB0F07D254A45005C.JPEG",
    "cantidad_archivos": 1,
    "archivos_fuente": [
      "Pictures/Fototeca de Fotos.photoslibrary/resources/derivatives/masters/C/CFA33B24-D0C6-45A0-A8DF-5AB0F07D254A_4_5005_c.jpeg"
    ],
    "ultima_modificacion": "2025-08-01 01:01:12.677320"
  },
  "c25b73b0facf4c7f9483751b030d541e45005c.jpeg": {
    "app_sintetizada": "C25B73B0FACF4C7F9483751B030D541E45005C.JPEG",
    "cantidad_archivos": 1,
    "archivos_fuente": [
      "Pictures/Fototeca de Fotos.photoslibrary/resources/derivatives/masters/C/C25B73B0-FACF-4C7F-9483-751B030D541E_4_5005_c.jpeg"
    ],
    "ultima_modificacion": "2025-08-01 01:01:12.677635"
  },
  "cbe74d1857b142dda43bf294f26a04a245005c.jpeg": {
    "app_sintetizada": "CBE74D1857B142DDA43BF294F26A04A245005C.JPEG",
    "cantidad_archivos": 1,
    "archivos_fuente": [
      "Pictures/Fototeca de Fotos.photoslibrary/resources/derivatives/masters/C/CBE74D18-57B1-42DD-A43B-F294F26A04A2_4_5005_c.jpeg"
    ],
    "ultima_modificacion": "2025-08-01 01:01:12.677907"
  },
  "c127c8fe18c149b097fb500db3d8c25245005c.jpeg": {
    "app_sintetizada": "C127C8FE18C149B097FB500DB3D8C25245005C.JPEG",
    "cantidad_archivos": 1,
    "archivos_fuente": [
      "Pictures/Fototeca de Fotos.photoslibrary/resources/derivatives/masters/C/C127C8FE-18C1-49B0-97FB-500DB3D8C252_4_5005_c.jpeg"
    ],
    "ultima_modificacion": "2025-08-01 01:01:12.678147"
  },
  "ca3afa5babb7474fba6da53699bfc82545005c.jpeg": {
    "app_sintetizada": "CA3AFA5BABB7474FBA6DA53699BFC82545005C.JPEG",
    "cantidad_archivos": 1,
    "archivos_fuente": [
      "Pictures/Fototeca de Fotos.photoslibrary/resources/derivatives/masters/C/CA3AFA5B-ABB7-474F-BA6D-A53699BFC825_4_5005_c.jpeg"
    ],
    "ultima_modificacion": "2025-08-01 01:01:12.678433"
  },
  "c9c77833d4864586a44853524a218eb345005c.jpeg": {
    "app_sintetizada": "C9C77833D4864586A44853524A218EB345005C.JPEG",
    "cantidad_archivos": 1,
    "archivos_fuente": [
      "Pictures/Fototeca de Fotos.photoslibrary/resources/derivatives/masters/C/C9C77833-D486-4586-A448-53524A218EB3_4_5005_c.jpeg"
    ],
    "ultima_modificacion": "2025-08-01 01:01:12.678666"
  },
  "ccaa9e07c3b242739a4e8927e4389bb145005c.jpeg": {
    "app_sintetizada": "CCAA9E07C3B242739A4E8927E4389BB145005C.JPEG",
    "cantidad_archivos": 1,
    "archivos_fuente": [
      "Pictures/Fototeca de Fotos.photoslibrary/resources/derivatives/masters/C/CCAA9E07-C3B2-4273-9A4E-8927E4389BB1_4_5005_c.jpeg"
    ],
    "ultima_modificacion": "2025-08-01 01:01:12.678930"
  },
  "c9b993d527d146e9a08094cbd487155f45005c.jpeg": {
    "app_sintetizada": "C9B993D527D146E9A08094CBD487155F45005C.JPEG",
    "cantidad_archivos": 1,
    "archivos_fuente": [
      "Pictures/Fototeca de Fotos.photoslibrary/resources/derivatives/masters/C/C9B993D5-27D1-46E9-A080-94CBD487155F_4_5005_c.jpeg"
    ],
    "ultima_modificacion": "2025-08-01 01:01:12.679193"
  },
  "ce4dd232074a492bb4dc752c42e1943545005c.jpeg": {
    "app_sintetizada": "CE4DD232074A492BB4DC752C42E1943545005C.JPEG",
    "cantidad_archivos": 1,
    "archivos_fuente": [
      "Pictures/Fototeca de Fotos.photoslibrary/resources/derivatives/masters/C/CE4DD232-074A-492B-B4DC-752C42E19435_4_5005_c.jpeg"
    ],
    "ultima_modificacion": "2025-08-01 01:01:12.679461"
  },
  "cd556f0f91bc40c4b2fff18554060cc245005c.jpeg": {
    "app_sintetizada": "CD556F0F91BC40C4B2FFF18554060CC245005C.JPEG",
    "cantidad_archivos": 1,
    "archivos_fuente": [
      "Pictures/Fototeca de Fotos.photoslibrary/resources/derivatives/masters/C/CD556F0F-91BC-40C4-B2FF-F18554060CC2_4_5005_c.jpeg"
    ],
    "ultima_modificacion": "2025-08-01 01:01:12.679707"
  },
  "c1381dcadf044a99aa9102a0f74134e045005c.jpeg": {
    "app_sintetizada": "C1381DCADF044A99AA9102A0F74134E045005C.JPEG",
    "cantidad_archivos": 1,
    "archivos_fuente": [
      "Pictures/Fototeca de Fotos.photoslibrary/resources/derivatives/masters/C/C1381DCA-DF04-4A99-AA91-02A0F74134E0_4_5005_c.jpeg"
    ],
    "ultima_modificacion": "2025-08-01 01:01:12.679941"
  },
  "c6bcb13e97ad4643bee7ce893e7ad5f545005c.jpeg": {
    "app_sintetizada": "C6BCB13E97AD4643BEE7CE893E7AD5F545005C.JPEG",
    "cantidad_archivos": 1,
    "archivos_fuente": [
      "Pictures/Fototeca de Fotos.photoslibrary/resources/derivatives/masters/C/C6BCB13E-97AD-4643-BEE7-CE893E7AD5F5_4_5005_c.jpeg"
    ],
    "ultima_modificacion": "2025-08-01 01:01:12.680173"
  },
  "c6dcea65f77f44a88947cb0cae03231845005c.jpeg": {
    "app_sintetizada": "C6DCEA65F77F44A88947CB0CAE03231845005C.JPEG",
    "cantidad_archivos": 1,
    "archivos_fuente": [
      "Pictures/Fototeca de Fotos.photoslibrary/resources/derivatives/masters/C/C6DCEA65-F77F-44A8-8947-CB0CAE032318_4_5005_c.jpeg"
    ],
    "ultima_modificacion": "2025-08-01 01:01:12.680477"
  },
  "c8387604ddec42c49723b520c8d59a3145005c.jpeg": {
    "app_sintetizada": "C8387604DDEC42C49723B520C8D59A3145005C.JPEG",
    "cantidad_archivos": 1,
    "archivos_fuente": [
      "Pictures/Fototeca de Fotos.photoslibrary/resources/derivatives/masters/C/C8387604-DDEC-42C4-9723-B520C8D59A31_4_5005_c.jpeg"
    ],
    "ultima_modificacion": "2025-08-01 01:01:12.680706"
  },
  "c97d4f8d81204202a42cc506777ecebb45005c.jpeg": {
    "app_sintetizada": "C97D4F8D81204202A42CC506777ECEBB45005C.JPEG",
    "cantidad_archivos": 1,
    "archivos_fuente": [
      "Pictures/Fototeca de Fotos.photoslibrary/resources/derivatives/masters/C/C97D4F8D-8120-4202-A42C-C506777ECEBB_4_5005_c.jpeg"
    ],
    "ultima_modificacion": "2025-08-01 01:01:12.680975"
  },
  "c7e20b5a5a764dfeb05c6fe1e8393d6545005c.jpeg": {
    "app_sintetizada": "C7E20B5A5A764DFEB05C6FE1E8393D6545005C.JPEG",
    "cantidad_archivos": 1,
    "archivos_fuente": [
      "Pictures/Fototeca de Fotos.photoslibrary/resources/derivatives/masters/C/C7E20B5A-5A76-4DFE-B05C-6FE1E8393D65_4_5005_c.jpeg"
    ],
    "ultima_modificacion": "2025-08-01 01:01:12.681197"
  },
  "c6725e186ebc4be59682d43c1dcbc0f145005c.jpeg": {
    "app_sintetizada": "C6725E186EBC4BE59682D43C1DCBC0F145005C.JPEG",
    "cantidad_archivos": 1,
    "archivos_fuente": [
      "Pictures/Fototeca de Fotos.photoslibrary/resources/derivatives/masters/C/C6725E18-6EBC-4BE5-9682-D43C1DCBC0F1_4_5005_c.jpeg"
    ],
    "ultima_modificacion": "2025-08-01 01:01:12.681414"
  },
  "c31def57e88448d2acc65be8614b061345005c.jpeg": {
    "app_sintetizada": "C31DEF57E88448D2ACC65BE8614B061345005C.JPEG",
    "cantidad_archivos": 1,
    "archivos_fuente": [
      "Pictures/Fototeca de Fotos.photoslibrary/resources/derivatives/masters/C/C31DEF57-E884-48D2-ACC6-5BE8614B0613_4_5005_c.jpeg"
    ],
    "ultima_modificacion": "2025-08-01 01:01:12.681785"
  },
  "cf386f571b054be58ba7767113a7120d45005c.jpeg": {
    "app_sintetizada": "CF386F571B054BE58BA7767113A7120D45005C.JPEG",
    "cantidad_archivos": 1,
    "archivos_fuente": [
      "Pictures/Fototeca de Fotos.photoslibrary/resources/derivatives/masters/C/CF386F57-1B05-4BE5-8BA7-767113A7120D_4_5005_c.jpeg"
    ],
    "ultima_modificacion": "2025-08-01 01:01:12.682119"
  },
  "c52e85fad2de4c0d8e120650270da13445005c.jpeg": {
    "app_sintetizada": "C52E85FAD2DE4C0D8E120650270DA13445005C.JPEG",
    "cantidad_archivos": 1,
    "archivos_fuente": [
      "Pictures/Fototeca de Fotos.photoslibrary/resources/derivatives/masters/C/C52E85FA-D2DE-4C0D-8E12-0650270DA134_4_5005_c.jpeg"
    ],
    "ultima_modificacion": "2025-08-01 01:01:12.682480"
  },
  "c0c4fc6938094f4a8f3e433617056ae345005c.jpeg": {
    "app_sintetizada": "C0C4FC6938094F4A8F3E433617056AE345005C.JPEG",
    "cantidad_archivos": 1,
    "archivos_fuente": [
      "Pictures/Fototeca de Fotos.photoslibrary/resources/derivatives/masters/C/C0C4FC69-3809-4F4A-8F3E-433617056AE3_4_5005_c.jpeg"
    ],
    "ultima_modificacion": "2025-08-01 01:01:12.682751"
  },
  "c1665af6486248439f8e7b5c1f8f277445005c.jpeg": {
    "app_sintetizada": "C1665AF6486248439F8E7B5C1F8F277445005C.JPEG",
    "cantidad_archivos": 1,
    "archivos_fuente": [
      "Pictures/Fototeca de Fotos.photoslibrary/resources/derivatives/masters/C/C1665AF6-4862-4843-9F8E-7B5C1F8F2774_4_5005_c.jpeg"
    ],
    "ultima_modificacion": "2025-08-01 01:01:12.682988"
  },
  "c9f67ea538cd4caeaced0649b401dbda45005c.jpeg": {
    "app_sintetizada": "C9F67EA538CD4CAEACED0649B401DBDA45005C.JPEG",
    "cantidad_archivos": 1,
    "archivos_fuente": [
      "Pictures/Fototeca de Fotos.photoslibrary/resources/derivatives/masters/C/C9F67EA5-38CD-4CAE-ACED-0649B401DBDA_4_5005_c.jpeg"
    ],
    "ultima_modificacion": "2025-08-01 01:01:12.683305"
  },
  "ca14efa5b27e410b919a7115fe8fe90b45005c.jpeg": {
    "app_sintetizada": "CA14EFA5B27E410B919A7115FE8FE90B45005C.JPEG",
    "cantidad_archivos": 1,
    "archivos_fuente": [
      "Pictures/Fototeca de Fotos.photoslibrary/resources/derivatives/masters/C/CA14EFA5-B27E-410B-919A-7115FE8FE90B_4_5005_c.jpeg"
    ],
    "ultima_modificacion": "2025-08-01 01:01:12.683525"
  },
  "ca1a9eede557458f9256dc6fe436a91c45005c.jpeg": {
    "app_sintetizada": "CA1A9EEDE557458F9256DC6FE436A91C45005C.JPEG",
    "cantidad_archivos": 1,
    "archivos_fuente": [
      "Pictures/Fototeca de Fotos.photoslibrary/resources/derivatives/masters/C/CA1A9EED-E557-458F-9256-DC6FE436A91C_4_5005_c.jpeg"
    ],
    "ultima_modificacion": "2025-08-01 01:01:12.683721"
  },
  "c53f02faad3d4ca198083b28dc5dcb9045005c.jpeg": {
    "app_sintetizada": "C53F02FAAD3D4CA198083B28DC5DCB9045005C.JPEG",
    "cantidad_archivos": 1,
    "archivos_fuente": [
      "Pictures/Fototeca de Fotos.photoslibrary/resources/derivatives/masters/C/C53F02FA-AD3D-4CA1-9808-3B28DC5DCB90_4_5005_c.jpeg"
    ],
    "ultima_modificacion": "2025-08-01 01:01:12.683920"
  },
  "c8ad3aefe77e4e17bab326083efc7e9445005c.jpeg": {
    "app_sintetizada": "C8AD3AEFE77E4E17BAB326083EFC7E9445005C.JPEG",
    "cantidad_archivos": 1,
    "archivos_fuente": [
      "Pictures/Fototeca de Fotos.photoslibrary/resources/derivatives/masters/C/C8AD3AEF-E77E-4E17-BAB3-26083EFC7E94_4_5005_c.jpeg"
    ],
    "ultima_modificacion": "2025-08-01 01:01:12.684117"
  },
  "cb14c7ffb72b43419156e35bb9abb79245005c.jpeg": {
    "app_sintetizada": "CB14C7FFB72B43419156E35BB9ABB79245005C.JPEG",
    "cantidad_archivos": 1,
    "archivos_fuente": [
      "Pictures/Fototeca de Fotos.photoslibrary/resources/derivatives/masters/C/CB14C7FF-B72B-4341-9156-E35BB9ABB792_4_5005_c.jpeg"
    ],
    "ultima_modificacion": "2025-08-01 01:01:12.684317"
  },
  "ca78e08f1ce84700b335f890edebe4aa45005c.jpeg": {
    "app_sintetizada": "CA78E08F1CE84700B335F890EDEBE4AA45005C.JPEG",
    "cantidad_archivos": 1,
    "archivos_fuente": [
      "Pictures/Fototeca de Fotos.photoslibrary/resources/derivatives/masters/C/CA78E08F-1CE8-4700-B335-F890EDEBE4AA_4_5005_c.jpeg"
    ],
    "ultima_modificacion": "2025-08-01 01:01:12.684507"
  },
  "c7351bafb56a4f0eb2232926e11eee6845005c.jpeg": {
    "app_sintetizada": "C7351BAFB56A4F0EB2232926E11EEE6845005C.JPEG",
    "cantidad_archivos": 1,
    "archivos_fuente": [
      "Pictures/Fototeca de Fotos.photoslibrary/resources/derivatives/masters/C/C7351BAF-B56A-4F0E-B223-2926E11EEE68_4_5005_c.jpeg"
    ],
    "ultima_modificacion": "2025-08-01 01:01:12.684733"
  },
  "c5b68986429249eda2bf6050c0cde50045005c.jpeg": {
    "app_sintetizada": "C5B68986429249EDA2BF6050C0CDE50045005C.JPEG",
    "cantidad_archivos": 1,
    "archivos_fuente": [
      "Pictures/Fototeca de Fotos.photoslibrary/resources/derivatives/masters/C/C5B68986-4292-49ED-A2BF-6050C0CDE500_4_5005_c.jpeg"
    ],
    "ultima_modificacion": "2025-08-01 01:01:12.684963"
  },
  "c186328cdb474b058747886084db0b2d45005c.jpeg": {
    "app_sintetizada": "C186328CDB474B058747886084DB0B2D45005C.JPEG",
    "cantidad_archivos": 1,
    "archivos_fuente": [
      "Pictures/Fototeca de Fotos.photoslibrary/resources/derivatives/masters/C/C186328C-DB47-4B05-8747-886084DB0B2D_4_5005_c.jpeg"
    ],
    "ultima_modificacion": "2025-08-01 01:01:12.685287"
  },
  "cfc1f714ca904ccfbdc7997c3f4d764b45005c.jpeg": {
    "app_sintetizada": "CFC1F714CA904CCFBDC7997C3F4D764B45005C.JPEG",
    "cantidad_archivos": 1,
    "archivos_fuente": [
      "Pictures/Fototeca de Fotos.photoslibrary/resources/derivatives/masters/C/CFC1F714-CA90-4CCF-BDC7-997C3F4D764B_4_5005_c.jpeg"
    ],
    "ultima_modificacion": "2025-08-01 01:01:12.685531"
  },
  "cf7fc82c64a345949365e277abcc4c8245005c.jpeg": {
    "app_sintetizada": "CF7FC82C64A345949365E277ABCC4C8245005C.JPEG",
    "cantidad_archivos": 1,
    "archivos_fuente": [
      "Pictures/Fototeca de Fotos.photoslibrary/resources/derivatives/masters/C/CF7FC82C-64A3-4594-9365-E277ABCC4C82_4_5005_c.jpeg"
    ],
    "ultima_modificacion": "2025-08-01 01:01:12.685802"
  },
  "c61c3f7c53d54900a873ac23318ba5e945005c.jpeg": {
    "app_sintetizada": "C61C3F7C53D54900A873AC23318BA5E945005C.JPEG",
    "cantidad_archivos": 1,
    "archivos_fuente": [
      "Pictures/Fototeca de Fotos.photoslibrary/resources/derivatives/masters/C/C61C3F7C-53D5-4900-A873-AC23318BA5E9_4_5005_c.jpeg"
    ],
    "ultima_modificacion": "2025-08-01 01:01:12.686045"
  },
  "caa59c993445479eb8fe0343a66b6cb245005c.jpeg": {
    "app_sintetizada": "CAA59C993445479EB8FE0343A66B6CB245005C.JPEG",
    "cantidad_archivos": 1,
    "archivos_fuente": [
      "Pictures/Fototeca de Fotos.photoslibrary/resources/derivatives/masters/C/CAA59C99-3445-479E-B8FE-0343A66B6CB2_4_5005_c.jpeg"
    ],
    "ultima_modificacion": "2025-08-01 01:01:12.686334"
  },
  "c45898ae1e1e406b8f0a89c797173f1645005c.jpeg": {
    "app_sintetizada": "C45898AE1E1E406B8F0A89C797173F1645005C.JPEG",
    "cantidad_archivos": 1,
    "archivos_fuente": [
      "Pictures/Fototeca de Fotos.photoslibrary/resources/derivatives/masters/C/C45898AE-1E1E-406B-8F0A-89C797173F16_4_5005_c.jpeg"
    ],
    "ultima_modificacion": "2025-08-01 01:01:12.686627"
  },
  "c8840b137ba04202a9177156bc26531545005c.jpeg": {
    "app_sintetizada": "C8840B137BA04202A9177156BC26531545005C.JPEG",
    "cantidad_archivos": 1,
    "archivos_fuente": [
      "Pictures/Fototeca de Fotos.photoslibrary/resources/derivatives/masters/C/C8840B13-7BA0-4202-A917-7156BC265315_4_5005_c.jpeg"
    ],
    "ultima_modificacion": "2025-08-01 01:01:12.686939"
  },
  "c6e90b2a62ec42ea91c7cd12859adcba45005c.jpeg": {
    "app_sintetizada": "C6E90B2A62EC42EA91C7CD12859ADCBA45005C.JPEG",
    "cantidad_archivos": 1,
    "archivos_fuente": [
      "Pictures/Fototeca de Fotos.photoslibrary/resources/derivatives/masters/C/C6E90B2A-62EC-42EA-91C7-CD12859ADCBA_4_5005_c.jpeg"
    ],
    "ultima_modificacion": "2025-08-01 01:01:12.687328"
  },
  "cdc5cfacf4b64e6c8ec7f79b636be1a845005c.jpeg": {
    "app_sintetizada": "CDC5CFACF4B64E6C8EC7F79B636BE1A845005C.JPEG",
    "cantidad_archivos": 1,
    "archivos_fuente": [
      "Pictures/Fototeca de Fotos.photoslibrary/resources/derivatives/masters/C/CDC5CFAC-F4B6-4E6C-8EC7-F79B636BE1A8_4_5005_c.jpeg"
    ],
    "ultima_modificacion": "2025-08-01 01:01:12.687673"
  },
  "c72aefb2b9df4d0e907770dbce270d6945005c.jpeg": {
    "app_sintetizada": "C72AEFB2B9DF4D0E907770DBCE270D6945005C.JPEG",
    "cantidad_archivos": 1,
    "archivos_fuente": [
      "Pictures/Fototeca de Fotos.photoslibrary/resources/derivatives/masters/C/C72AEFB2-B9DF-4D0E-9077-70DBCE270D69_4_5005_c.jpeg"
    ],
    "ultima_modificacion": "2025-08-01 01:01:12.687978"
  },
  "cbcc87ae29d34dcc898e1d869bc162f345005c.jpeg": {
    "app_sintetizada": "CBCC87AE29D34DCC898E1D869BC162F345005C.JPEG",
    "cantidad_archivos": 1,
    "archivos_fuente": [
      "Pictures/Fototeca de Fotos.photoslibrary/resources/derivatives/masters/C/CBCC87AE-29D3-4DCC-898E-1D869BC162F3_4_5005_c.jpeg"
    ],
    "ultima_modificacion": "2025-08-01 01:01:12.688292"
  },
  "c03325ef017b4636a26425fe43d8da1745005c.jpeg": {
    "app_sintetizada": "C03325EF017B4636A26425FE43D8DA1745005C.JPEG",
    "cantidad_archivos": 1,
    "archivos_fuente": [
      "Pictures/Fototeca de Fotos.photoslibrary/resources/derivatives/masters/C/C03325EF-017B-4636-A264-25FE43D8DA17_4_5005_c.jpeg"
    ],
    "ultima_modificacion": "2025-08-01 01:01:12.688656"
  },
  "c62b3f9b8c4f475eb1350a558b12413645005c.jpeg": {
    "app_sintetizada": "C62B3F9B8C4F475EB1350A558B12413645005C.JPEG",
    "cantidad_archivos": 1,
    "archivos_fuente": [
      "Pictures/Fototeca de Fotos.photoslibrary/resources/derivatives/masters/C/C62B3F9B-8C4F-475E-B135-0A558B124136_4_5005_c.jpeg"
    ],
    "ultima_modificacion": "2025-08-01 01:01:12.689098"
  },
  "ce51e923095e4a17bc159b3c448eaf2b45005c.jpeg": {
    "app_sintetizada": "CE51E923095E4A17BC159B3C448EAF2B45005C.JPEG",
    "cantidad_archivos": 1,
    "archivos_fuente": [
      "Pictures/Fototeca de Fotos.photoslibrary/resources/derivatives/masters/C/CE51E923-095E-4A17-BC15-9B3C448EAF2B_4_5005_c.jpeg"
    ],
    "ultima_modificacion": "2025-08-01 01:01:12.689473"
  },
  "cfef3aac966b490a850bb48a1e5d85f545005c.jpeg": {
    "app_sintetizada": "CFEF3AAC966B490A850BB48A1E5D85F545005C.JPEG",
    "cantidad_archivos": 1,
    "archivos_fuente": [
      "Pictures/Fototeca de Fotos.photoslibrary/resources/derivatives/masters/C/CFEF3AAC-966B-490A-850B-B48A1E5D85F5_4_5005_c.jpeg"
    ],
    "ultima_modificacion": "2025-08-01 01:01:12.689839"
  },
  "c19dcba05a1246ebabadfcfa8462e78845005c.jpeg": {
    "app_sintetizada": "C19DCBA05A1246EBABADFCFA8462E78845005C.JPEG",
    "cantidad_archivos": 1,
    "archivos_fuente": [
      "Pictures/Fototeca de Fotos.photoslibrary/resources/derivatives/masters/C/C19DCBA0-5A12-46EB-ABAD-FCFA8462E788_4_5005_c.jpeg"
    ],
    "ultima_modificacion": "2025-08-01 01:01:12.690168"
  },
  "cb2933003c8045d4bf3846119453434745005c.jpeg": {
    "app_sintetizada": "CB2933003C8045D4BF3846119453434745005C.JPEG",
    "cantidad_archivos": 1,
    "archivos_fuente": [
      "Pictures/Fototeca de Fotos.photoslibrary/resources/derivatives/masters/C/CB293300-3C80-45D4-BF38-461194534347_4_5005_c.jpeg"
    ],
    "ultima_modificacion": "2025-08-01 01:01:12.690524"
  },
  "c2a900e4c38849dcb9e856665482777d45005c.jpeg": {
    "app_sintetizada": "C2A900E4C38849DCB9E856665482777D45005C.JPEG",
    "cantidad_archivos": 1,
    "archivos_fuente": [
      "Pictures/Fototeca de Fotos.photoslibrary/resources/derivatives/masters/C/C2A900E4-C388-49DC-B9E8-56665482777D_4_5005_c.jpeg"
    ],
    "ultima_modificacion": "2025-08-01 01:01:12.690832"
  },
  "c4d0a015e9074dc0b02cbb8ead16d5a945005c.jpeg": {
    "app_sintetizada": "C4D0A015E9074DC0B02CBB8EAD16D5A945005C.JPEG",
    "cantidad_archivos": 1,
    "archivos_fuente": [
      "Pictures/Fototeca de Fotos.photoslibrary/resources/derivatives/masters/C/C4D0A015-E907-4DC0-B02C-BB8EAD16D5A9_4_5005_c.jpeg"
    ],
    "ultima_modificacion": "2025-08-01 01:01:12.691120"
  },
  "cb77851478dc4c37945baefc903cb07c45005c.jpeg": {
    "app_sintetizada": "CB77851478DC4C37945BAEFC903CB07C45005C.JPEG",
    "cantidad_archivos": 1,
    "archivos_fuente": [
      "Pictures/Fototeca de Fotos.photoslibrary/resources/derivatives/masters/C/CB778514-78DC-4C37-945B-AEFC903CB07C_4_5005_c.jpeg"
    ],
    "ultima_modificacion": "2025-08-01 01:01:12.691395"
  },
  "c3829752a0be4f25b545fd13857920c745005c.jpeg": {
    "app_sintetizada": "C3829752A0BE4F25B545FD13857920C745005C.JPEG",
    "cantidad_archivos": 1,
    "archivos_fuente": [
      "Pictures/Fototeca de Fotos.photoslibrary/resources/derivatives/masters/C/C3829752-A0BE-4F25-B545-FD13857920C7_4_5005_c.jpeg"
    ],
    "ultima_modificacion": "2025-08-01 01:01:12.691664"
  },
  "c9c72c4d7da74c5eb30f0aaef0295e7045005c.jpeg": {
    "app_sintetizada": "C9C72C4D7DA74C5EB30F0AAEF0295E7045005C.JPEG",
    "cantidad_archivos": 1,
    "archivos_fuente": [
      "Pictures/Fototeca de Fotos.photoslibrary/resources/derivatives/masters/C/C9C72C4D-7DA7-4C5E-B30F-0AAEF0295E70_4_5005_c.jpeg"
    ],
    "ultima_modificacion": "2025-08-01 01:01:12.691944"
  },
  "c6af5020224d4c3e8ce41b964de2ae9145005c.jpeg": {
    "app_sintetizada": "C6AF5020224D4C3E8CE41B964DE2AE9145005C.JPEG",
    "cantidad_archivos": 1,
    "archivos_fuente": [
      "Pictures/Fototeca de Fotos.photoslibrary/resources/derivatives/masters/C/C6AF5020-224D-4C3E-8CE4-1B964DE2AE91_4_5005_c.jpeg"
    ],
    "ultima_modificacion": "2025-08-01 01:01:12.692243"
  },
  "c254b398b61e45a6aa67c7fc33cbcd8145005c.jpeg": {
    "app_sintetizada": "C254B398B61E45A6AA67C7FC33CBCD8145005C.JPEG",
    "cantidad_archivos": 1,
    "archivos_fuente": [
      "Pictures/Fototeca de Fotos.photoslibrary/resources/derivatives/masters/C/C254B398-B61E-45A6-AA67-C7FC33CBCD81_4_5005_c.jpeg"
    ],
    "ultima_modificacion": "2025-08-01 01:01:12.692523"
  },
  "c0ec67ffa8c644939468c942e0107bf645005c.jpeg": {
    "app_sintetizada": "C0EC67FFA8C644939468C942E0107BF645005C.JPEG",
    "cantidad_archivos": 1,
    "archivos_fuente": [
      "Pictures/Fototeca de Fotos.photoslibrary/resources/derivatives/masters/C/C0EC67FF-A8C6-4493-9468-C942E0107BF6_4_5005_c.jpeg"
    ],
    "ultima_modificacion": "2025-08-01 01:01:12.692822"
  },
  "c77a23a4ed134fdba2388fd3c938b70945005c.jpeg": {
    "app_sintetizada": "C77A23A4ED134FDBA2388FD3C938B70945005C.JPEG",
    "cantidad_archivos": 1,
    "archivos_fuente": [
      "Pictures/Fototeca de Fotos.photoslibrary/resources/derivatives/masters/C/C77A23A4-ED13-4FDB-A238-8FD3C938B709_4_5005_c.jpeg"
    ],
    "ultima_modificacion": "2025-08-01 01:01:12.693136"
  },
  "c5891129b1354447934ff3562c49fbcf45005c.jpeg": {
    "app_sintetizada": "C5891129B1354447934FF3562C49FBCF45005C.JPEG",
    "cantidad_archivos": 1,
    "archivos_fuente": [
      "Pictures/Fototeca de Fotos.photoslibrary/resources/derivatives/masters/C/C5891129-B135-4447-934F-F3562C49FBCF_4_5005_c.jpeg"
    ],
    "ultima_modificacion": "2025-08-01 01:01:12.693438"
  },
  "cd83f211cc934503b4bc6796e8853a3945005c.jpeg": {
    "app_sintetizada": "CD83F211CC934503B4BC6796E8853A3945005C.JPEG",
    "cantidad_archivos": 1,
    "archivos_fuente": [
      "Pictures/Fototeca de Fotos.photoslibrary/resources/derivatives/masters/C/CD83F211-CC93-4503-B4BC-6796E8853A39_4_5005_c.jpeg"
    ],
    "ultima_modificacion": "2025-08-01 01:01:12.693729"
  },
  "c08fd6be332b4ec89756e6067af1d92745005c.jpeg": {
    "app_sintetizada": "C08FD6BE332B4EC89756E6067AF1D92745005C.JPEG",
    "cantidad_archivos": 1,
    "archivos_fuente": [
      "Pictures/Fototeca de Fotos.photoslibrary/resources/derivatives/masters/C/C08FD6BE-332B-4EC8-9756-E6067AF1D927_4_5005_c.jpeg"
    ],
    "ultima_modificacion": "2025-08-01 01:01:12.694006"
  },
  "c60c4723d2264bef817b69086d0d789045005c.jpeg": {
    "app_sintetizada": "C60C4723D2264BEF817B69086D0D789045005C.JPEG",
    "cantidad_archivos": 1,
    "archivos_fuente": [
      "Pictures/Fototeca de Fotos.photoslibrary/resources/derivatives/masters/C/C60C4723-D226-4BEF-817B-69086D0D7890_4_5005_c.jpeg"
    ],
    "ultima_modificacion": "2025-08-01 01:01:12.694314"
  },
  "c77aa8d4f717443a8e5d7a710b907e8645005c.jpeg": {
    "app_sintetizada": "C77AA8D4F717443A8E5D7A710B907E8645005C.JPEG",
    "cantidad_archivos": 1,
    "archivos_fuente": [
      "Pictures/Fototeca de Fotos.photoslibrary/resources/derivatives/masters/C/C77AA8D4-F717-443A-8E5D-7A710B907E86_4_5005_c.jpeg"
    ],
    "ultima_modificacion": "2025-08-01 01:01:12.694634"
  },
  "c66b7ba5077a4afd9e219b2cc6a8f7a545005c.jpeg": {
    "app_sintetizada": "C66B7BA5077A4AFD9E219B2CC6A8F7A545005C.JPEG",
    "cantidad_archivos": 1,
    "archivos_fuente": [
      "Pictures/Fototeca de Fotos.photoslibrary/resources/derivatives/masters/C/C66B7BA5-077A-4AFD-9E21-9B2CC6A8F7A5_4_5005_c.jpeg"
    ],
    "ultima_modificacion": "2025-08-01 01:01:12.694953"
  },
  "c7e3f9580f784b54afffd91f46eb164f45005c.jpeg": {
    "app_sintetizada": "C7E3F9580F784B54AFFFD91F46EB164F45005C.JPEG",
    "cantidad_archivos": 1,
    "archivos_fuente": [
      "Pictures/Fototeca de Fotos.photoslibrary/resources/derivatives/masters/C/C7E3F958-0F78-4B54-AFFF-D91F46EB164F_4_5005_c.jpeg"
    ],
    "ultima_modificacion": "2025-08-01 01:01:12.695207"
  },
  "cfcd553a4b3840d59d8c1b1b7b5992a845005c.jpeg": {
    "app_sintetizada": "CFCD553A4B3840D59D8C1B1B7B5992A845005C.JPEG",
    "cantidad_archivos": 1,
    "archivos_fuente": [
      "Pictures/Fototeca de Fotos.photoslibrary/resources/derivatives/masters/C/CFCD553A-4B38-40D5-9D8C-1B1B7B5992A8_4_5005_c.jpeg"
    ],
    "ultima_modificacion": "2025-08-01 01:01:12.695429"
  },
  "c4043c323b0040ebaf7a7540174bf70b45005c.jpeg": {
    "app_sintetizada": "C4043C323B0040EBAF7A7540174BF70B45005C.JPEG",
    "cantidad_archivos": 1,
    "archivos_fuente": [
      "Pictures/Fototeca de Fotos.photoslibrary/resources/derivatives/masters/C/C4043C32-3B00-40EB-AF7A-7540174BF70B_4_5005_c.jpeg"
    ],
    "ultima_modificacion": "2025-08-01 01:01:12.695700"
  },
  "cbe94783375e466485626de2dffd8f8145005c.jpeg": {
    "app_sintetizada": "CBE94783375E466485626DE2DFFD8F8145005C.JPEG",
    "cantidad_archivos": 1,
    "archivos_fuente": [
      "Pictures/Fototeca de Fotos.photoslibrary/resources/derivatives/masters/C/CBE94783-375E-4664-8562-6DE2DFFD8F81_4_5005_c.jpeg"
    ],
    "ultima_modificacion": "2025-08-01 01:01:12.696005"
  },
  "c8a5cd13adc24773a5d9fc617c552ca445005c.jpeg": {
    "app_sintetizada": "C8A5CD13ADC24773A5D9FC617C552CA445005C.JPEG",
    "cantidad_archivos": 1,
    "archivos_fuente": [
      "Pictures/Fototeca de Fotos.photoslibrary/resources/derivatives/masters/C/C8A5CD13-ADC2-4773-A5D9-FC617C552CA4_4_5005_c.jpeg"
    ],
    "ultima_modificacion": "2025-08-01 01:01:12.696330"
  },
  "c0331c75b645470c84db8d4ad3630d3d45005c.jpeg": {
    "app_sintetizada": "C0331C75B645470C84DB8D4AD3630D3D45005C.JPEG",
    "cantidad_archivos": 1,
    "archivos_fuente": [
      "Pictures/Fototeca de Fotos.photoslibrary/resources/derivatives/masters/C/C0331C75-B645-470C-84DB-8D4AD3630D3D_4_5005_c.jpeg"
    ],
    "ultima_modificacion": "2025-08-01 01:01:12.696653"
  },
  "c8a768dff4b4493d89a873314d76c11a45005c.jpeg": {
    "app_sintetizada": "C8A768DFF4B4493D89A873314D76C11A45005C.JPEG",
    "cantidad_archivos": 1,
    "archivos_fuente": [
      "Pictures/Fototeca de Fotos.photoslibrary/resources/derivatives/masters/C/C8A768DF-F4B4-493D-89A8-73314D76C11A_4_5005_c.jpeg"
    ],
    "ultima_modificacion": "2025-08-01 01:01:12.696971"
  },
  "cb2291e8b43845bba94d21464259763045005c.jpeg": {
    "app_sintetizada": "CB2291E8B43845BBA94D21464259763045005C.JPEG",
    "cantidad_archivos": 1,
    "archivos_fuente": [
      "Pictures/Fototeca de Fotos.photoslibrary/resources/derivatives/masters/C/CB2291E8-B438-45BB-A94D-214642597630_4_5005_c.jpeg"
    ],
    "ultima_modificacion": "2025-08-01 01:01:12.697274"
  },
  "c15502d8880c4918878ec7a2dbecc76945005c.jpeg": {
    "app_sintetizada": "C15502D8880C4918878EC7A2DBECC76945005C.JPEG",
    "cantidad_archivos": 1,
    "archivos_fuente": [
      "Pictures/Fototeca de Fotos.photoslibrary/resources/derivatives/masters/C/C15502D8-880C-4918-878E-C7A2DBECC769_4_5005_c.jpeg"
    ],
    "ultima_modificacion": "2025-08-01 01:01:12.697585"
  },
  "c5f5304734544546ba1f5093f8b5f41e45005c.jpeg": {
    "app_sintetizada": "C5F5304734544546BA1F5093F8B5F41E45005C.JPEG",
    "cantidad_archivos": 1,
    "archivos_fuente": [
      "Pictures/Fototeca de Fotos.photoslibrary/resources/derivatives/masters/C/C5F53047-3454-4546-BA1F-5093F8B5F41E_4_5005_c.jpeg"
    ],
    "ultima_modificacion": "2025-08-01 01:01:12.697881"
  },
  "cc06952179fe45b5b17d51d5eaa9342d45005c.jpeg": {
    "app_sintetizada": "CC06952179FE45B5B17D51D5EAA9342D45005C.JPEG",
    "cantidad_archivos": 1,
    "archivos_fuente": [
      "Pictures/Fototeca de Fotos.photoslibrary/resources/derivatives/masters/C/CC069521-79FE-45B5-B17D-51D5EAA9342D_4_5005_c.jpeg"
    ],
    "ultima_modificacion": "2025-08-01 01:01:12.698157"
  },
  "c02f8edd62734e95b4e81fed53d4637d45005c.jpeg": {
    "app_sintetizada": "C02F8EDD62734E95B4E81FED53D4637D45005C.JPEG",
    "cantidad_archivos": 1,
    "archivos_fuente": [
      "Pictures/Fototeca de Fotos.photoslibrary/resources/derivatives/masters/C/C02F8EDD-6273-4E95-B4E8-1FED53D4637D_4_5005_c.jpeg"
    ],
    "ultima_modificacion": "2025-08-01 01:01:12.698474"
  },
  "cb7215b1613e4b87b610b9c371070de945005c.jpeg": {
    "app_sintetizada": "CB7215B1613E4B87B610B9C371070DE945005C.JPEG",
    "cantidad_archivos": 1,
    "archivos_fuente": [
      "Pictures/Fototeca de Fotos.photoslibrary/resources/derivatives/masters/C/CB7215B1-613E-4B87-B610-B9C371070DE9_4_5005_c.jpeg"
    ],
    "ultima_modificacion": "2025-08-01 01:01:12.698800"
  },
  "ccc8b04c1a1440189f65c792629e500745005c.jpeg": {
    "app_sintetizada": "CCC8B04C1A1440189F65C792629E500745005C.JPEG",
    "cantidad_archivos": 1,
    "archivos_fuente": [
      "Pictures/Fototeca de Fotos.photoslibrary/resources/derivatives/masters/C/CCC8B04C-1A14-4018-9F65-C792629E5007_4_5005_c.jpeg"
    ],
    "ultima_modificacion": "2025-08-01 01:01:12.699104"
  },
  "c8997076de7a452da9c1266cd568b27a45005c.jpeg": {
    "app_sintetizada": "C8997076DE7A452DA9C1266CD568B27A45005C.JPEG",
    "cantidad_archivos": 1,
    "archivos_fuente": [
      "Pictures/Fototeca de Fotos.photoslibrary/resources/derivatives/masters/C/C8997076-DE7A-452D-A9C1-266CD568B27A_4_5005_c.jpeg"
    ],
    "ultima_modificacion": "2025-08-01 01:01:12.699411"
  },
  "cdf09f544ee5476eb3d4b1dc30f67eca45005c.jpeg": {
    "app_sintetizada": "CDF09F544EE5476EB3D4B1DC30F67ECA45005C.JPEG",
    "cantidad_archivos": 1,
    "archivos_fuente": [
      "Pictures/Fototeca de Fotos.photoslibrary/resources/derivatives/masters/C/CDF09F54-4EE5-476E-B3D4-B1DC30F67ECA_4_5005_c.jpeg"
    ],
    "ultima_modificacion": "2025-08-01 01:01:12.699743"
  },
  "ceec3396347240388094090823788e8645005c.jpeg": {
    "app_sintetizada": "CEEC3396347240388094090823788E8645005C.JPEG",
    "cantidad_archivos": 1,
    "archivos_fuente": [
      "Pictures/Fototeca de Fotos.photoslibrary/resources/derivatives/masters/C/CEEC3396-3472-4038-8094-090823788E86_4_5005_c.jpeg"
    ],
    "ultima_modificacion": "2025-08-01 01:01:12.700059"
  },
  "c976e7fc43164ba8b5ded0a95f18b60f45005c.jpeg": {
    "app_sintetizada": "C976E7FC43164BA8B5DED0A95F18B60F45005C.JPEG",
    "cantidad_archivos": 1,
    "archivos_fuente": [
      "Pictures/Fototeca de Fotos.photoslibrary/resources/derivatives/masters/C/C976E7FC-4316-4BA8-B5DE-D0A95F18B60F_4_5005_c.jpeg"
    ],
    "ultima_modificacion": "2025-08-01 01:01:12.700415"
  },
  "c4bd0440f88d4e25be1c4b23c8bac8dc45005c.jpeg": {
    "app_sintetizada": "C4BD0440F88D4E25BE1C4B23C8BAC8DC45005C.JPEG",
    "cantidad_archivos": 1,
    "archivos_fuente": [
      "Pictures/Fototeca de Fotos.photoslibrary/resources/derivatives/masters/C/C4BD0440-F88D-4E25-BE1C-4B23C8BAC8DC_4_5005_c.jpeg"
    ],
    "ultima_modificacion": "2025-08-01 01:01:12.700720"
  },
  "c9e7a08ae800489688f2e1badf2caa3145005c.jpeg": {
    "app_sintetizada": "C9E7A08AE800489688F2E1BADF2CAA3145005C.JPEG",
    "cantidad_archivos": 1,
    "archivos_fuente": [
      "Pictures/Fototeca de Fotos.photoslibrary/resources/derivatives/masters/C/C9E7A08A-E800-4896-88F2-E1BADF2CAA31_4_5005_c.jpeg"
    ],
    "ultima_modificacion": "2025-08-01 01:01:12.701034"
  },
  "cc04dde216394f6c98a181b2c079b31845005c.jpeg": {
    "app_sintetizada": "CC04DDE216394F6C98A181B2C079B31845005C.JPEG",
    "cantidad_archivos": 1,
    "archivos_fuente": [
      "Pictures/Fototeca de Fotos.photoslibrary/resources/derivatives/masters/C/CC04DDE2-1639-4F6C-98A1-81B2C079B318_4_5005_c.jpeg"
    ],
    "ultima_modificacion": "2025-08-01 01:01:12.701365"
  },
  "c51f9d0028ce416fad27d0e82146388c45005c.jpeg": {
    "app_sintetizada": "C51F9D0028CE416FAD27D0E82146388C45005C.JPEG",
    "cantidad_archivos": 1,
    "archivos_fuente": [
      "Pictures/Fototeca de Fotos.photoslibrary/resources/derivatives/masters/C/C51F9D00-28CE-416F-AD27-D0E82146388C_4_5005_c.jpeg"
    ],
    "ultima_modificacion": "2025-08-01 01:01:12.701719"
  },
  "c92e8a7385804b75909269663f9ae43e45005c.jpeg": {
    "app_sintetizada": "C92E8A7385804B75909269663F9AE43E45005C.JPEG",
    "cantidad_archivos": 1,
    "archivos_fuente": [
      "Pictures/Fototeca de Fotos.photoslibrary/resources/derivatives/masters/C/C92E8A73-8580-4B75-9092-69663F9AE43E_4_5005_c.jpeg"
    ],
    "ultima_modificacion": "2025-08-01 01:01:12.702065"
  },
  "ce964fabdadc4b348ad3f512bcd4780c45005c.jpeg": {
    "app_sintetizada": "CE964FABDADC4B348AD3F512BCD4780C45005C.JPEG",
    "cantidad_archivos": 1,
    "archivos_fuente": [
      "Pictures/Fototeca de Fotos.photoslibrary/resources/derivatives/masters/C/CE964FAB-DADC-4B34-8AD3-F512BCD4780C_4_5005_c.jpeg"
    ],
    "ultima_modificacion": "2025-08-01 01:01:12.702372"
  },
  "c99587e55f61491fbfe82e05ad37b18045005c.jpeg": {
    "app_sintetizada": "C99587E55F61491FBFE82E05AD37B18045005C.JPEG",
    "cantidad_archivos": 1,
    "archivos_fuente": [
      "Pictures/Fototeca de Fotos.photoslibrary/resources/derivatives/masters/C/C99587E5-5F61-491F-BFE8-2E05AD37B180_4_5005_c.jpeg"
    ],
    "ultima_modificacion": "2025-08-01 01:01:12.702700"
  },
  "ca47126c6ede4c13bd7190a55f3b19e045005c.jpeg": {
    "app_sintetizada": "CA47126C6EDE4C13BD7190A55F3B19E045005C.JPEG",
    "cantidad_archivos": 1,
    "archivos_fuente": [
      "Pictures/Fototeca de Fotos.photoslibrary/resources/derivatives/masters/C/CA47126C-6EDE-4C13-BD71-90A55F3B19E0_4_5005_c.jpeg"
    ],
    "ultima_modificacion": "2025-08-01 01:01:12.703020"
  },
  "c4b405eb25d7484687e45ec514aa684745005c.jpeg": {
    "app_sintetizada": "C4B405EB25D7484687E45EC514AA684745005C.JPEG",
    "cantidad_archivos": 1,
    "archivos_fuente": [
      "Pictures/Fototeca de Fotos.photoslibrary/resources/derivatives/masters/C/C4B405EB-25D7-4846-87E4-5EC514AA6847_4_5005_c.jpeg"
    ],
    "ultima_modificacion": "2025-08-01 01:01:12.703332"
  },
  "ce86b47a897742469c4f104e69ba671845005c.jpeg": {
    "app_sintetizada": "CE86B47A897742469C4F104E69BA671845005C.JPEG",
    "cantidad_archivos": 1,
    "archivos_fuente": [
      "Pictures/Fototeca de Fotos.photoslibrary/resources/derivatives/masters/C/CE86B47A-8977-4246-9C4F-104E69BA6718_4_5005_c.jpeg"
    ],
    "ultima_modificacion": "2025-08-01 01:01:12.703696"
  },
  "ce1a0a4b7f7a45459b51308225d8281a45005c.jpeg": {
    "app_sintetizada": "CE1A0A4B7F7A45459B51308225D8281A45005C.JPEG",
    "cantidad_archivos": 1,
    "archivos_fuente": [
      "Pictures/Fototeca de Fotos.photoslibrary/resources/derivatives/masters/C/CE1A0A4B-7F7A-4545-9B51-308225D8281A_4_5005_c.jpeg"
    ],
    "ultima_modificacion": "2025-08-01 01:01:12.704110"
  },
  "cfd9761db18945709d0e7949e0e2f80645005c.jpeg": {
    "app_sintetizada": "CFD9761DB18945709D0E7949E0E2F80645005C.JPEG",
    "cantidad_archivos": 1,
    "archivos_fuente": [
      "Pictures/Fototeca de Fotos.photoslibrary/resources/derivatives/masters/C/CFD9761D-B189-4570-9D0E-7949E0E2F806_4_5005_c.jpeg"
    ],
    "ultima_modificacion": "2025-08-01 01:01:12.704598"
  },
  "cfb42ee219c04619aadfc520e2499ffb45005c.jpeg": {
    "app_sintetizada": "CFB42EE219C04619AADFC520E2499FFB45005C.JPEG",
    "cantidad_archivos": 1,
    "archivos_fuente": [
      "Pictures/Fototeca de Fotos.photoslibrary/resources/derivatives/masters/C/CFB42EE2-19C0-4619-AADF-C520E2499FFB_4_5005_c.jpeg"
    ],
    "ultima_modificacion": "2025-08-01 01:01:12.704992"
  },
  "cc91e93e9e474759b50199cd5a017e0545005c.jpeg": {
    "app_sintetizada": "CC91E93E9E474759B50199CD5A017E0545005C.JPEG",
    "cantidad_archivos": 1,
    "archivos_fuente": [
      "Pictures/Fototeca de Fotos.photoslibrary/resources/derivatives/masters/C/CC91E93E-9E47-4759-B501-99CD5A017E05_4_5005_c.jpeg"
    ],
    "ultima_modificacion": "2025-08-01 01:01:12.705381"
  },
  "c7368a030b5c4ff1a8e489559496bc9e45005c.jpeg": {
    "app_sintetizada": "C7368A030B5C4FF1A8E489559496BC9E45005C.JPEG",
    "cantidad_archivos": 1,
    "archivos_fuente": [
      "Pictures/Fototeca de Fotos.photoslibrary/resources/derivatives/masters/C/C7368A03-0B5C-4FF1-A8E4-89559496BC9E_4_5005_c.jpeg"
    ],
    "ultima_modificacion": "2025-08-01 01:01:12.705775"
  },
  "c09b78021b894d80a6ebf72ef022e66845005c.jpeg": {
    "app_sintetizada": "C09B78021B894D80A6EBF72EF022E66845005C.JPEG",
    "cantidad_archivos": 1,
    "archivos_fuente": [
      "Pictures/Fototeca de Fotos.photoslibrary/resources/derivatives/masters/C/C09B7802-1B89-4D80-A6EB-F72EF022E668_4_5005_c.jpeg"
    ],
    "ultima_modificacion": "2025-08-01 01:01:12.706215"
  },
  "c86d40ac6caa4d0db682e0f395e868ce45005c.jpeg": {
    "app_sintetizada": "C86D40AC6CAA4D0DB682E0F395E868CE45005C.JPEG",
    "cantidad_archivos": 1,
    "archivos_fuente": [
      "Pictures/Fototeca de Fotos.photoslibrary/resources/derivatives/masters/C/C86D40AC-6CAA-4D0D-B682-E0F395E868CE_4_5005_c.jpeg"
    ],
    "ultima_modificacion": "2025-08-01 01:01:12.706663"
  },
  "ca4f07608fd7490eaca65a3f6b7e85fb45005c.jpeg": {
    "app_sintetizada": "CA4F07608FD7490EACA65A3F6B7E85FB45005C.JPEG",
    "cantidad_archivos": 1,
    "archivos_fuente": [
      "Pictures/Fototeca de Fotos.photoslibrary/resources/derivatives/masters/C/CA4F0760-8FD7-490E-ACA6-5A3F6B7E85FB_4_5005_c.jpeg"
    ],
    "ultima_modificacion": "2025-08-01 01:01:12.707000"
  },
  "c3003c5a300f40a998e47a987c76031945005c.jpeg": {
    "app_sintetizada": "C3003C5A300F40A998E47A987C76031945005C.JPEG",
    "cantidad_archivos": 1,
    "archivos_fuente": [
      "Pictures/Fototeca de Fotos.photoslibrary/resources/derivatives/masters/C/C3003C5A-300F-40A9-98E4-7A987C760319_4_5005_c.jpeg"
    ],
    "ultima_modificacion": "2025-08-01 01:01:12.707373"
  }
}