{
  "49d2408bdc6247ee86ce0b2c683d800d45005c.jpeg": {
    "app_sintetizada": "49D2408BDC6247EE86CE0B2C683D800D45005C.JPEG",
    "cantidad_archivos": 1,
    "archivos_fuente": [
      "Pictures/Fototeca de Fotos.photoslibrary/resources/derivatives/masters/4/49D2408B-DC62-47EE-86CE-0B2C683D800D_4_5005_c.jpeg"
    ],
    "ultima_modificacion": "2025-08-01 01:01:15.278772"
  },
  "4fbed5504a9644aeaf0d6dcdb67eab8745005c.jpeg": {
    "app_sintetizada": "4FBED5504A9644AEAF0D6DCDB67EAB8745005C.JPEG",
    "cantidad_archivos": 1,
    "archivos_fuente": [
      "Pictures/Fototeca de Fotos.photoslibrary/resources/derivatives/masters/4/4FBED550-4A96-44AE-AF0D-6DCDB67EAB87_4_5005_c.jpeg"
    ],
    "ultima_modificacion": "2025-08-01 01:01:15.278962"
  },
  "4e1ac742b5164539adecf2baef33dbac45005c.jpeg": {
    "app_sintetizada": "4E1AC742B5164539ADECF2BAEF33DBAC45005C.JPEG",
    "cantidad_archivos": 1,
    "archivos_fuente": [
      "Pictures/Fototeca de Fotos.photoslibrary/resources/derivatives/masters/4/4E1AC742-B516-4539-ADEC-F2BAEF33DBAC_4_5005_c.jpeg"
    ],
    "ultima_modificacion": "2025-08-01 01:01:15.279150"
  },
  "41e01c24d23b4b33b6afb40d96c0c6b645005c.jpeg": {
    "app_sintetizada": "41E01C24D23B4B33B6AFB40D96C0C6B645005C.JPEG",
    "cantidad_archivos": 1,
    "archivos_fuente": [
      "Pictures/Fototeca de Fotos.photoslibrary/resources/derivatives/masters/4/41E01C24-D23B-4B33-B6AF-B40D96C0C6B6_4_5005_c.jpeg"
    ],
    "ultima_modificacion": "2025-08-01 01:01:15.279331"
  },
  "40dcf0dd9c9e4207a21ab480f42c3d9945005c.jpeg": {
    "app_sintetizada": "40DCF0DD9C9E4207A21AB480F42C3D9945005C.JPEG",
    "cantidad_archivos": 1,
    "archivos_fuente": [
      "Pictures/Fototeca de Fotos.photoslibrary/resources/derivatives/masters/4/40DCF0DD-9C9E-4207-A21A-B480F42C3D99_4_5005_c.jpeg"
    ],
    "ultima_modificacion": "2025-08-01 01:01:15.279536"
  },
  "4b60a9f737d54593906ee844f11519fb45005c.jpeg": {
    "app_sintetizada": "4B60A9F737D54593906EE844F11519FB45005C.JPEG",
    "cantidad_archivos": 1,
    "archivos_fuente": [
      "Pictures/Fototeca de Fotos.photoslibrary/resources/derivatives/masters/4/4B60A9F7-37D5-4593-906E-E844F11519FB_4_5005_c.jpeg"
    ],
    "ultima_modificacion": "2025-08-01 01:01:15.279801"
  },
  "48296882eae14976a653bcd7affabf0b45005c.jpeg": {
    "app_sintetizada": "48296882EAE14976A653BCD7AFFABF0B45005C.JPEG",
    "cantidad_archivos": 1,
    "archivos_fuente": [
      "Pictures/Fototeca de Fotos.photoslibrary/resources/derivatives/masters/4/48296882-EAE1-4976-A653-BCD7AFFABF0B_4_5005_c.jpeg"
    ],
    "ultima_modificacion": "2025-08-01 01:01:15.280091"
  },
  "4c14a3a9f5bc4ec29d5abc64c00d822e45005c.jpeg": {
    "app_sintetizada": "4C14A3A9F5BC4EC29D5ABC64C00D822E45005C.JPEG",
    "cantidad_archivos": 1,
    "archivos_fuente": [
      "Pictures/Fototeca de Fotos.photoslibrary/resources/derivatives/masters/4/4C14A3A9-F5BC-4EC2-9D5A-BC64C00D822E_4_5005_c.jpeg"
    ],
    "ultima_modificacion": "2025-08-01 01:01:15.280339"
  },
  "4099e8e8bbe14faaa8f46b420f0814b145005c.jpeg": {
    "app_sintetizada": "4099E8E8BBE14FAAA8F46B420F0814B145005C.JPEG",
    "cantidad_archivos": 1,
    "archivos_fuente": [
      "Pictures/Fototeca de Fotos.photoslibrary/resources/derivatives/masters/4/4099E8E8-BBE1-4FAA-A8F4-6B420F0814B1_4_5005_c.jpeg"
    ],
    "ultima_modificacion": "2025-08-01 01:01:15.280591"
  },
  "40ada8035ca5479fb0872518c13c4bd445005c.jpeg": {
    "app_sintetizada": "40ADA8035CA5479FB0872518C13C4BD445005C.JPEG",
    "cantidad_archivos": 1,
    "archivos_fuente": [
      "Pictures/Fototeca de Fotos.photoslibrary/resources/derivatives/masters/4/40ADA803-5CA5-479F-B087-2518C13C4BD4_4_5005_c.jpeg"
    ],
    "ultima_modificacion": "2025-08-01 01:01:15.280821"
  },
  "459841c555c44965b746ad08cd7a31e345005c.jpeg": {
    "app_sintetizada": "459841C555C44965B746AD08CD7A31E345005C.JPEG",
    "cantidad_archivos": 1,
    "archivos_fuente": [
      "Pictures/Fototeca de Fotos.photoslibrary/resources/derivatives/masters/4/459841C5-55C4-4965-B746-AD08CD7A31E3_4_5005_c.jpeg"
    ],
    "ultima_modificacion": "2025-08-01 01:01:15.281090"
  },
  "4ec9974a3ab3487ea9a09fb4bb3fb26e45005c.jpeg": {
    "app_sintetizada": "4EC9974A3AB3487EA9A09FB4BB3FB26E45005C.JPEG",
    "cantidad_archivos": 1,
    "archivos_fuente": [
      "Pictures/Fototeca de Fotos.photoslibrary/resources/derivatives/masters/4/4EC9974A-3AB3-487E-A9A0-9FB4BB3FB26E_4_5005_c.jpeg"
    ],
    "ultima_modificacion": "2025-08-01 01:01:15.281408"
  },
  "41fa5450598c459dab09aad88eecc1ba45005c.jpeg": {
    "app_sintetizada": "41FA5450598C459DAB09AAD88EECC1BA45005C.JPEG",
    "cantidad_archivos": 1,
    "archivos_fuente": [
      "Pictures/Fototeca de Fotos.photoslibrary/resources/derivatives/masters/4/41FA5450-598C-459D-AB09-AAD88EECC1BA_4_5005_c.jpeg"
    ],
    "ultima_modificacion": "2025-08-01 01:01:15.281645"
  },
  "40c4be37e79448c685e6111aa5b210c245005c.jpeg": {
    "app_sintetizada": "40C4BE37E79448C685E6111AA5B210C245005C.JPEG",
    "cantidad_archivos": 1,
    "archivos_fuente": [
      "Pictures/Fototeca de Fotos.photoslibrary/resources/derivatives/masters/4/40C4BE37-E794-48C6-85E6-111AA5B210C2_4_5005_c.jpeg"
    ],
    "ultima_modificacion": "2025-08-01 01:01:15.281913"
  },
  "42aa79bc98ef440d9aa2f6761006c5be45005c.jpeg": {
    "app_sintetizada": "42AA79BC98EF440D9AA2F6761006C5BE45005C.JPEG",
    "cantidad_archivos": 1,
    "archivos_fuente": [
      "Pictures/Fototeca de Fotos.photoslibrary/resources/derivatives/masters/4/42AA79BC-98EF-440D-9AA2-F6761006C5BE_4_5005_c.jpeg"
    ],
    "ultima_modificacion": "2025-08-01 01:01:15.282142"
  },
  "4aeca9d4d4114d59b3671385339ef2eb45005c.jpeg": {
    "app_sintetizada": "4AECA9D4D4114D59B3671385339EF2EB45005C.JPEG",
    "cantidad_archivos": 1,
    "archivos_fuente": [
      "Pictures/Fototeca de Fotos.photoslibrary/resources/derivatives/masters/4/4AECA9D4-D411-4D59-B367-1385339EF2EB_4_5005_c.jpeg"
    ],
    "ultima_modificacion": "2025-08-01 01:01:15.282378"
  },
  "4f3e5262b00d4250b0e2bac47bc71c8a45005c.jpeg": {
    "app_sintetizada": "4F3E5262B00D4250B0E2BAC47BC71C8A45005C.JPEG",
    "cantidad_archivos": 1,
    "archivos_fuente": [
      "Pictures/Fototeca de Fotos.photoslibrary/resources/derivatives/masters/4/4F3E5262-B00D-4250-B0E2-BAC47BC71C8A_4_5005_c.jpeg"
    ],
    "ultima_modificacion": "2025-08-01 01:01:15.282638"
  },
  "4735248ac3744eebabf23973b54e428c45005c.jpeg": {
    "app_sintetizada": "4735248AC3744EEBABF23973B54E428C45005C.JPEG",
    "cantidad_archivos": 1,
    "archivos_fuente": [
      "Pictures/Fototeca de Fotos.photoslibrary/resources/derivatives/masters/4/4735248A-C374-4EEB-ABF2-3973B54E428C_4_5005_c.jpeg"
    ],
    "ultima_modificacion": "2025-08-01 01:01:15.282886"
  },
  "4e19613903af4888961aad665dcfd4a545005c.jpeg": {
    "app_sintetizada": "4E19613903AF4888961AAD665DCFD4A545005C.JPEG",
    "cantidad_archivos": 1,
    "archivos_fuente": [
      "Pictures/Fototeca de Fotos.photoslibrary/resources/derivatives/masters/4/4E196139-03AF-4888-961A-AD665DCFD4A5_4_5005_c.jpeg"
    ],
    "ultima_modificacion": "2025-08-01 01:01:15.283208"
  },
  "487e6a0606844ab298f057ab041f9e6045005c.jpeg": {
    "app_sintetizada": "487E6A0606844AB298F057AB041F9E6045005C.JPEG",
    "cantidad_archivos": 1,
    "archivos_fuente": [
      "Pictures/Fototeca de Fotos.photoslibrary/resources/derivatives/masters/4/487E6A06-0684-4AB2-98F0-57AB041F9E60_4_5005_c.jpeg"
    ],
    "ultima_modificacion": "2025-08-01 01:01:15.283621"
  },
  "4850bf77d6a74563b71930faffe48f4945005c.jpeg": {
    "app_sintetizada": "4850BF77D6A74563B71930FAFFE48F4945005C.JPEG",
    "cantidad_archivos": 1,
    "archivos_fuente": [
      "Pictures/Fototeca de Fotos.photoslibrary/resources/derivatives/masters/4/4850BF77-D6A7-4563-B719-30FAFFE48F49_4_5005_c.jpeg"
    ],
    "ultima_modificacion": "2025-08-01 01:01:15.283902"
  },
  "4cafee704b0d4ba8bf0d7f821dbb1d9545005c.jpeg": {
    "app_sintetizada": "4CAFEE704B0D4BA8BF0D7F821DBB1D9545005C.JPEG",
    "cantidad_archivos": 1,
    "archivos_fuente": [
      "Pictures/Fototeca de Fotos.photoslibrary/resources/derivatives/masters/4/4CAFEE70-4B0D-4BA8-BF0D-7F821DBB1D95_4_5005_c.jpeg"
    ],
    "ultima_modificacion": "2025-08-01 01:01:15.284119"
  },
  "41daa75a530b445c941d26e26bea588445005c.jpeg": {
    "app_sintetizada": "41DAA75A530B445C941D26E26BEA588445005C.JPEG",
    "cantidad_archivos": 1,
    "archivos_fuente": [
      "Pictures/Fototeca de Fotos.photoslibrary/resources/derivatives/masters/4/41DAA75A-530B-445C-941D-26E26BEA5884_4_5005_c.jpeg"
    ],
    "ultima_modificacion": "2025-08-01 01:01:15.284378"
  },
  "4c498513b25e4949849ddc031471d3df45005c.jpeg": {
    "app_sintetizada": "4C498513B25E4949849DDC031471D3DF45005C.JPEG",
    "cantidad_archivos": 1,
    "archivos_fuente": [
      "Pictures/Fototeca de Fotos.photoslibrary/resources/derivatives/masters/4/4C498513-B25E-4949-849D-DC031471D3DF_4_5005_c.jpeg"
    ],
    "ultima_modificacion": "2025-08-01 01:01:15.284683"
  },
  "465b1e1588ee4b8fa5d05f41bcd0658645005c.jpeg": {
    "app_sintetizada": "465B1E1588EE4B8FA5D05F41BCD0658645005C.JPEG",
    "cantidad_archivos": 1,
    "archivos_fuente": [
      "Pictures/Fototeca de Fotos.photoslibrary/resources/derivatives/masters/4/465B1E15-88EE-4B8F-A5D0-5F41BCD06586_4_5005_c.jpeg"
    ],
    "ultima_modificacion": "2025-08-01 01:01:15.284937"
  },
  "4689fc1fda9c4cadb48a07cb8a3828a645005c.jpeg": {
    "app_sintetizada": "4689FC1FDA9C4CADB48A07CB8A3828A645005C.JPEG",
    "cantidad_archivos": 1,
    "archivos_fuente": [
      "Pictures/Fototeca de Fotos.photoslibrary/resources/derivatives/masters/4/4689FC1F-DA9C-4CAD-B48A-07CB8A3828A6_4_5005_c.jpeg"
    ],
    "ultima_modificacion": "2025-08-01 01:01:15.285244"
  },
  "479abda3c93940da881961bec623fb9745005c.jpeg": {
    "app_sintetizada": "479ABDA3C93940DA881961BEC623FB9745005C.JPEG",
    "cantidad_archivos": 1,
    "archivos_fuente": [
      "Pictures/Fototeca de Fotos.photoslibrary/resources/derivatives/masters/4/479ABDA3-C939-40DA-8819-61BEC623FB97_4_5005_c.jpeg"
    ],
    "ultima_modificacion": "2025-08-01 01:01:15.285557"
  },
  "4d833c3841db402f9e7e70b0be38815f45005c.jpeg": {
    "app_sintetizada": "4D833C3841DB402F9E7E70B0BE38815F45005C.JPEG",
    "cantidad_archivos": 1,
    "archivos_fuente": [
      "Pictures/Fototeca de Fotos.photoslibrary/resources/derivatives/masters/4/4D833C38-41DB-402F-9E7E-70B0BE38815F_4_5005_c.jpeg"
    ],
    "ultima_modificacion": "2025-08-01 01:01:15.285855"
  },
  "4a022d2bbf054d73bb5d5dcc167c786945005c.jpeg": {
    "app_sintetizada": "4A022D2BBF054D73BB5D5DCC167C786945005C.JPEG",
    "cantidad_archivos": 1,
    "archivos_fuente": [
      "Pictures/Fototeca de Fotos.photoslibrary/resources/derivatives/masters/4/4A022D2B-BF05-4D73-BB5D-5DCC167C7869_4_5005_c.jpeg"
    ],
    "ultima_modificacion": "2025-08-01 01:01:15.286292"
  },
  "47db8884eae642318d8a582f640778b545005c.jpeg": {
    "app_sintetizada": "47DB8884EAE642318D8A582F640778B545005C.JPEG",
    "cantidad_archivos": 1,
    "archivos_fuente": [
      "Pictures/Fototeca de Fotos.photoslibrary/resources/derivatives/masters/4/47DB8884-EAE6-4231-8D8A-582F640778B5_4_5005_c.jpeg"
    ],
    "ultima_modificacion": "2025-08-01 01:01:15.286656"
  },
  "45cfb1e24c9748a3b1a8a9215e37297645005c.jpeg": {
    "app_sintetizada": "45CFB1E24C9748A3B1A8A9215E37297645005C.JPEG",
    "cantidad_archivos": 1,
    "archivos_fuente": [
      "Pictures/Fototeca de Fotos.photoslibrary/resources/derivatives/masters/4/45CFB1E2-4C97-48A3-B1A8-A9215E372976_4_5005_c.jpeg"
    ],
    "ultima_modificacion": "2025-08-01 01:01:15.286950"
  },
  "42002dcfd6014c109640ca2b94a452f645005c.jpeg": {
    "app_sintetizada": "42002DCFD6014C109640CA2B94A452F645005C.JPEG",
    "cantidad_archivos": 1,
    "archivos_fuente": [
      "Pictures/Fototeca de Fotos.photoslibrary/resources/derivatives/masters/4/42002DCF-D601-4C10-9640-CA2B94A452F6_4_5005_c.jpeg"
    ],
    "ultima_modificacion": "2025-08-01 01:01:15.287233"
  },
  "4dd6b89c70324de4bb60115847cae8f445005c.jpeg": {
    "app_sintetizada": "4DD6B89C70324DE4BB60115847CAE8F445005C.JPEG",
    "cantidad_archivos": 1,
    "archivos_fuente": [
      "Pictures/Fototeca de Fotos.photoslibrary/resources/derivatives/masters/4/4DD6B89C-7032-4DE4-BB60-115847CAE8F4_4_5005_c.jpeg"
    ],
    "ultima_modificacion": "2025-08-01 01:01:15.287633"
  },
  "45f29246ec2d4d9d89230d35fb9a905745005c.jpeg": {
    "app_sintetizada": "45F29246EC2D4D9D89230D35FB9A905745005C.JPEG",
    "cantidad_archivos": 1,
    "archivos_fuente": [
      "Pictures/Fototeca de Fotos.photoslibrary/resources/derivatives/masters/4/45F29246-EC2D-4D9D-8923-0D35FB9A9057_4_5005_c.jpeg"
    ],
    "ultima_modificacion": "2025-08-01 01:01:15.287917"
  },
  "40eff4c186614d1ab47601b5788811af45005c.jpeg": {
    "app_sintetizada": "40EFF4C186614D1AB47601B5788811AF45005C.JPEG",
    "cantidad_archivos": 1,
    "archivos_fuente": [
      "Pictures/Fototeca de Fotos.photoslibrary/resources/derivatives/masters/4/40EFF4C1-8661-4D1A-B476-01B5788811AF_4_5005_c.jpeg"
    ],
    "ultima_modificacion": "2025-08-01 01:01:15.288216"
  },
  "48e5b3d4000c4d09970b4d5a4812592245005c.jpeg": {
    "app_sintetizada": "48E5B3D4000C4D09970B4D5A4812592245005C.JPEG",
    "cantidad_archivos": 1,
    "archivos_fuente": [
      "Pictures/Fototeca de Fotos.photoslibrary/resources/derivatives/masters/4/48E5B3D4-000C-4D09-970B-4D5A48125922_4_5005_c.jpeg"
    ],
    "ultima_modificacion": "2025-08-01 01:01:15.288538"
  },
  "480fc8a5e8f04df9ae2a7ad100dbd68c45005c.jpeg": {
    "app_sintetizada": "480FC8A5E8F04DF9AE2A7AD100DBD68C45005C.JPEG",
    "cantidad_archivos": 1,
    "archivos_fuente": [
      "Pictures/Fototeca de Fotos.photoslibrary/resources/derivatives/masters/4/480FC8A5-E8F0-4DF9-AE2A-7AD100DBD68C_4_5005_c.jpeg"
    ],
    "ultima_modificacion": "2025-08-01 01:01:15.288859"
  },
  "4255c504a15c484ba852575a073278c045005c.jpeg": {
    "app_sintetizada": "4255C504A15C484BA852575A073278C045005C.JPEG",
    "cantidad_archivos": 1,
    "archivos_fuente": [
      "Pictures/Fototeca de Fotos.photoslibrary/resources/derivatives/masters/4/4255C504-A15C-484B-A852-575A073278C0_4_5005_c.jpeg"
    ],
    "ultima_modificacion": "2025-08-01 01:01:15.289468"
  },
  "4c0ad97dc08c4de7a78916a63c976c3b45005c.jpeg": {
    "app_sintetizada": "4C0AD97DC08C4DE7A78916A63C976C3B45005C.JPEG",
    "cantidad_archivos": 1,
    "archivos_fuente": [
      "Pictures/Fototeca de Fotos.photoslibrary/resources/derivatives/masters/4/4C0AD97D-C08C-4DE7-A789-16A63C976C3B_4_5005_c.jpeg"
    ],
    "ultima_modificacion": "2025-08-01 01:01:15.289842"
  },
  "438feadfbe5e414f948f7aa011df937e45005c.jpeg": {
    "app_sintetizada": "438FEADFBE5E414F948F7AA011DF937E45005C.JPEG",
    "cantidad_archivos": 1,
    "archivos_fuente": [
      "Pictures/Fototeca de Fotos.photoslibrary/resources/derivatives/masters/4/438FEADF-BE5E-414F-948F-7AA011DF937E_4_5005_c.jpeg"
    ],
    "ultima_modificacion": "2025-08-01 01:01:15.290296"
  },
  "426cc7e29d81425c8f9aaf96ceedda6745005c.jpeg": {
    "app_sintetizada": "426CC7E29D81425C8F9AAF96CEEDDA6745005C.JPEG",
    "cantidad_archivos": 1,
    "archivos_fuente": [
      "Pictures/Fototeca de Fotos.photoslibrary/resources/derivatives/masters/4/426CC7E2-9D81-425C-8F9A-AF96CEEDDA67_4_5005_c.jpeg"
    ],
    "ultima_modificacion": "2025-08-01 01:01:15.290692"
  },
  "4fbb0e83bf9b4d4cb245451daf54d70e45005c.jpeg": {
    "app_sintetizada": "4FBB0E83BF9B4D4CB245451DAF54D70E45005C.JPEG",
    "cantidad_archivos": 1,
    "archivos_fuente": [
      "Pictures/Fototeca de Fotos.photoslibrary/resources/derivatives/masters/4/4FBB0E83-BF9B-4D4C-B245-451DAF54D70E_4_5005_c.jpeg"
    ],
    "ultima_modificacion": "2025-08-01 01:01:15.291008"
  },
  "4e730e99cfe94bcb99d01a883b3b186645005c.jpeg": {
    "app_sintetizada": "4E730E99CFE94BCB99D01A883B3B186645005C.JPEG",
    "cantidad_archivos": 1,
    "archivos_fuente": [
      "Pictures/Fototeca de Fotos.photoslibrary/resources/derivatives/masters/4/4E730E99-CFE9-4BCB-99D0-1A883B3B1866_4_5005_c.jpeg"
    ],
    "ultima_modificacion": "2025-08-01 01:01:15.291470"
  },
  "490e34c56f0448659676f3e7c2c5ece145005c.jpeg": {
    "app_sintetizada": "490E34C56F0448659676F3E7C2C5ECE145005C.JPEG",
    "cantidad_archivos": 1,
    "archivos_fuente": [
      "Pictures/Fototeca de Fotos.photoslibrary/resources/derivatives/masters/4/490E34C5-6F04-4865-9676-F3E7C2C5ECE1_4_5005_c.jpeg"
    ],
    "ultima_modificacion": "2025-08-01 01:01:15.291759"
  },
  "48f76432492d46b9aefab88bf23c998145005c.jpeg": {
    "app_sintetizada": "48F76432492D46B9AEFAB88BF23C998145005C.JPEG",
    "cantidad_archivos": 1,
    "archivos_fuente": [
      "Pictures/Fototeca de Fotos.photoslibrary/resources/derivatives/masters/4/48F76432-492D-46B9-AEFA-B88BF23C9981_4_5005_c.jpeg"
    ],
    "ultima_modificacion": "2025-08-01 01:01:15.292754"
  },
  "47928e5b868d4ecdb7901390910d9acc45005c.jpeg": {
    "app_sintetizada": "47928E5B868D4ECDB7901390910D9ACC45005C.JPEG",
    "cantidad_archivos": 1,
    "archivos_fuente": [
      "Pictures/Fototeca de Fotos.photoslibrary/resources/derivatives/masters/4/47928E5B-868D-4ECD-B790-1390910D9ACC_4_5005_c.jpeg"
    ],
    "ultima_modificacion": "2025-08-01 01:01:15.293054"
  },
  "474734fb80d345a9bcb80c2e5eb167de45005c.jpeg": {
    "app_sintetizada": "474734FB80D345A9BCB80C2E5EB167DE45005C.JPEG",
    "cantidad_archivos": 1,
    "archivos_fuente": [
      "Pictures/Fototeca de Fotos.photoslibrary/resources/derivatives/masters/4/474734FB-80D3-45A9-BCB8-0C2E5EB167DE_4_5005_c.jpeg"
    ],
    "ultima_modificacion": "2025-08-01 01:01:15.293418"
  },
  "46cd82d209e045e4a7fefe3e97e4670b45005c.jpeg": {
    "app_sintetizada": "46CD82D209E045E4A7FEFE3E97E4670B45005C.JPEG",
    "cantidad_archivos": 1,
    "archivos_fuente": [
      "Pictures/Fototeca de Fotos.photoslibrary/resources/derivatives/masters/4/46CD82D2-09E0-45E4-A7FE-FE3E97E4670B_4_5005_c.jpeg"
    ],
    "ultima_modificacion": "2025-08-01 01:01:15.293774"
  },
  "49b6e58407684b69aae59176baa855ce45005c.jpeg": {
    "app_sintetizada": "49B6E58407684B69AAE59176BAA855CE45005C.JPEG",
    "cantidad_archivos": 1,
    "archivos_fuente": [
      "Pictures/Fototeca de Fotos.photoslibrary/resources/derivatives/masters/4/49B6E584-0768-4B69-AAE5-9176BAA855CE_4_5005_c.jpeg"
    ],
    "ultima_modificacion": "2025-08-01 01:01:15.294121"
  },
  "4b1af7d89611473d9948ef99434e814b45005c.jpeg": {
    "app_sintetizada": "4B1AF7D89611473D9948EF99434E814B45005C.JPEG",
    "cantidad_archivos": 1,
    "archivos_fuente": [
      "Pictures/Fototeca de Fotos.photoslibrary/resources/derivatives/masters/4/4B1AF7D8-9611-473D-9948-EF99434E814B_4_5005_c.jpeg"
    ],
    "ultima_modificacion": "2025-08-01 01:01:15.294449"
  },
  "4c9c5e0416734b7abbdf61e4a038a02545005c.jpeg": {
    "app_sintetizada": "4C9C5E0416734B7ABBDF61E4A038A02545005C.JPEG",
    "cantidad_archivos": 1,
    "archivos_fuente": [
      "Pictures/Fototeca de Fotos.photoslibrary/resources/derivatives/masters/4/4C9C5E04-1673-4B7A-BBDF-61E4A038A025_4_5005_c.jpeg"
    ],
    "ultima_modificacion": "2025-08-01 01:01:15.294780"
  },
  "47dead86e7f5402fbea41d94be85f48b45005c.jpeg": {
    "app_sintetizada": "47DEAD86E7F5402FBEA41D94BE85F48B45005C.JPEG",
    "cantidad_archivos": 1,
    "archivos_fuente": [
      "Pictures/Fototeca de Fotos.photoslibrary/resources/derivatives/masters/4/47DEAD86-E7F5-402F-BEA4-1D94BE85F48B_4_5005_c.jpeg"
    ],
    "ultima_modificacion": "2025-08-01 01:01:15.295101"
  },
  "41a7fa3a78db425aabd42b86ff60408b45005c.jpeg": {
    "app_sintetizada": "41A7FA3A78DB425AABD42B86FF60408B45005C.JPEG",
    "cantidad_archivos": 1,
    "archivos_fuente": [
      "Pictures/Fototeca de Fotos.photoslibrary/resources/derivatives/masters/4/41A7FA3A-78DB-425A-ABD4-2B86FF60408B_4_5005_c.jpeg"
    ],
    "ultima_modificacion": "2025-08-01 01:01:15.295385"
  },
  "445c620b9e3b449d9e5a12c15de7dbe145005c.jpeg": {
    "app_sintetizada": "445C620B9E3B449D9E5A12C15DE7DBE145005C.JPEG",
    "cantidad_archivos": 1,
    "archivos_fuente": [
      "Pictures/Fototeca de Fotos.photoslibrary/resources/derivatives/masters/4/445C620B-9E3B-449D-9E5A-12C15DE7DBE1_4_5005_c.jpeg"
    ],
    "ultima_modificacion": "2025-08-01 01:01:15.295720"
  },
  "4c7e0f9daf6f45b89e38fd7d988db63645005c.jpeg": {
    "app_sintetizada": "4C7E0F9DAF6F45B89E38FD7D988DB63645005C.JPEG",
    "cantidad_archivos": 1,
    "archivos_fuente": [
      "Pictures/Fototeca de Fotos.photoslibrary/resources/derivatives/masters/4/4C7E0F9D-AF6F-45B8-9E38-FD7D988DB636_4_5005_c.jpeg"
    ],
    "ultima_modificacion": "2025-08-01 01:01:15.296051"
  },
  "4baf4c8f8e054ef48e4d8b815af7cae545005c.jpeg": {
    "app_sintetizada": "4BAF4C8F8E054EF48E4D8B815AF7CAE545005C.JPEG",
    "cantidad_archivos": 1,
    "archivos_fuente": [
      "Pictures/Fototeca de Fotos.photoslibrary/resources/derivatives/masters/4/4BAF4C8F-8E05-4EF4-8E4D-8B815AF7CAE5_4_5005_c.jpeg"
    ],
    "ultima_modificacion": "2025-08-01 01:01:15.296404"
  },
  "4449b8021cae4215a74b28e108f2af8545005c.jpeg": {
    "app_sintetizada": "4449B8021CAE4215A74B28E108F2AF8545005C.JPEG",
    "cantidad_archivos": 1,
    "archivos_fuente": [
      "Pictures/Fototeca de Fotos.photoslibrary/resources/derivatives/masters/4/4449B802-1CAE-4215-A74B-28E108F2AF85_4_5005_c.jpeg"
    ],
    "ultima_modificacion": "2025-08-01 01:01:15.296783"
  },
  "46af6e158ff345689f97251d21cb082e45005c.jpeg": {
    "app_sintetizada": "46AF6E158FF345689F97251D21CB082E45005C.JPEG",
    "cantidad_archivos": 1,
    "archivos_fuente": [
      "Pictures/Fototeca de Fotos.photoslibrary/resources/derivatives/masters/4/46AF6E15-8FF3-4568-9F97-251D21CB082E_4_5005_c.jpeg"
    ],
    "ultima_modificacion": "2025-08-01 01:01:15.297203"
  },
  "48f395f77dc34281a5ddacaea422c22845005c.jpeg": {
    "app_sintetizada": "48F395F77DC34281A5DDACAEA422C22845005C.JPEG",
    "cantidad_archivos": 1,
    "archivos_fuente": [
      "Pictures/Fototeca de Fotos.photoslibrary/resources/derivatives/masters/4/48F395F7-7DC3-4281-A5DD-ACAEA422C228_4_5005_c.jpeg"
    ],
    "ultima_modificacion": "2025-08-01 01:01:15.297545"
  },
  "4e6a44200b024f9ebc8d14080e6a9bb245005c.jpeg": {
    "app_sintetizada": "4E6A44200B024F9EBC8D14080E6A9BB245005C.JPEG",
    "cantidad_archivos": 1,
    "archivos_fuente": [
      "Pictures/Fototeca de Fotos.photoslibrary/resources/derivatives/masters/4/4E6A4420-0B02-4F9E-BC8D-14080E6A9BB2_4_5005_c.jpeg"
    ],
    "ultima_modificacion": "2025-08-01 01:01:15.297917"
  },
  "41ab84e1961b4e15a9c1b05607e5572345005c.jpeg": {
    "app_sintetizada": "41AB84E1961B4E15A9C1B05607E5572345005C.JPEG",
    "cantidad_archivos": 1,
    "archivos_fuente": [
      "Pictures/Fototeca de Fotos.photoslibrary/resources/derivatives/masters/4/41AB84E1-961B-4E15-A9C1-B05607E55723_4_5005_c.jpeg"
    ],
    "ultima_modificacion": "2025-08-01 01:01:15.298283"
  },
  "4b4495c4f74a41b6bbc105feebc7aa0b45005c.jpeg": {
    "app_sintetizada": "4B4495C4F74A41B6BBC105FEEBC7AA0B45005C.JPEG",
    "cantidad_archivos": 1,
    "archivos_fuente": [
      "Pictures/Fototeca de Fotos.photoslibrary/resources/derivatives/masters/4/4B4495C4-F74A-41B6-BBC1-05FEEBC7AA0B_4_5005_c.jpeg"
    ],
    "ultima_modificacion": "2025-08-01 01:01:15.298699"
  },
  "4a869c139d5646ea8e2dbafac61568c045005c.jpeg": {
    "app_sintetizada": "4A869C139D5646EA8E2DBAFAC61568C045005C.JPEG",
    "cantidad_archivos": 1,
    "archivos_fuente": [
      "Pictures/Fototeca de Fotos.photoslibrary/resources/derivatives/masters/4/4A869C13-9D56-46EA-8E2D-BAFAC61568C0_4_5005_c.jpeg"
    ],
    "ultima_modificacion": "2025-08-01 01:01:15.299018"
  },
  "4a9a68ac099a401389343cc2373462af45005c.jpeg": {
    "app_sintetizada": "4A9A68AC099A401389343CC2373462AF45005C.JPEG",
    "cantidad_archivos": 1,
    "archivos_fuente": [
      "Pictures/Fototeca de Fotos.photoslibrary/resources/derivatives/masters/4/4A9A68AC-099A-4013-8934-3CC2373462AF_4_5005_c.jpeg"
    ],
    "ultima_modificacion": "2025-08-01 01:01:15.299358"
  },
  "4ef0fa9a3b284be9b7eac1ff20c5c76645005c.jpeg": {
    "app_sintetizada": "4EF0FA9A3B284BE9B7EAC1FF20C5C76645005C.JPEG",
    "cantidad_archivos": 1,
    "archivos_fuente": [
      "Pictures/Fototeca de Fotos.photoslibrary/resources/derivatives/masters/4/4EF0FA9A-3B28-4BE9-B7EA-C1FF20C5C766_4_5005_c.jpeg"
    ],
    "ultima_modificacion": "2025-08-01 01:01:15.299677"
  },
  "45779d99efa747f3a490dbd5952b734245005c.jpeg": {
    "app_sintetizada": "45779D99EFA747F3A490DBD5952B734245005C.JPEG",
    "cantidad_archivos": 1,
    "archivos_fuente": [
      "Pictures/Fototeca de Fotos.photoslibrary/resources/derivatives/masters/4/45779D99-EFA7-47F3-A490-DBD5952B7342_4_5005_c.jpeg"
    ],
    "ultima_modificacion": "2025-08-01 01:01:15.300007"
  },
  "45d423b009f8453e825462c5ef32162145005c.jpeg": {
    "app_sintetizada": "45D423B009F8453E825462C5EF32162145005C.JPEG",
    "cantidad_archivos": 1,
    "archivos_fuente": [
      "Pictures/Fototeca de Fotos.photoslibrary/resources/derivatives/masters/4/45D423B0-09F8-453E-8254-62C5EF321621_4_5005_c.jpeg"
    ],
    "ultima_modificacion": "2025-08-01 01:01:15.300336"
  },
  "41c539f4273f474c8cfcdd3a5a610de745005c.jpeg": {
    "app_sintetizada": "41C539F4273F474C8CFCDD3A5A610DE745005C.JPEG",
    "cantidad_archivos": 1,
    "archivos_fuente": [
      "Pictures/Fototeca de Fotos.photoslibrary/resources/derivatives/masters/4/41C539F4-273F-474C-8CFC-DD3A5A610DE7_4_5005_c.jpeg"
    ],
    "ultima_modificacion": "2025-08-01 01:01:15.300653"
  },
  "494af49685044181be1c2766a52b13d645005c.jpeg": {
    "app_sintetizada": "494AF49685044181BE1C2766A52B13D645005C.JPEG",
    "cantidad_archivos": 1,
    "archivos_fuente": [
      "Pictures/Fototeca de Fotos.photoslibrary/resources/derivatives/masters/4/494AF496-8504-4181-BE1C-2766A52B13D6_4_5005_c.jpeg"
    ],
    "ultima_modificacion": "2025-08-01 01:01:15.300968"
  },
  "4952936daf824643a903caa15061f2bf45005c.jpeg": {
    "app_sintetizada": "4952936DAF824643A903CAA15061F2BF45005C.JPEG",
    "cantidad_archivos": 1,
    "archivos_fuente": [
      "Pictures/Fototeca de Fotos.photoslibrary/resources/derivatives/masters/4/4952936D-AF82-4643-A903-CAA15061F2BF_4_5005_c.jpeg"
    ],
    "ultima_modificacion": "2025-08-01 01:01:15.301305"
  },
  "4f98bc7a206046e5bdcddba658ec5e4345005c.jpeg": {
    "app_sintetizada": "4F98BC7A206046E5BDCDDBA658EC5E4345005C.JPEG",
    "cantidad_archivos": 1,
    "archivos_fuente": [
      "Pictures/Fototeca de Fotos.photoslibrary/resources/derivatives/masters/4/4F98BC7A-2060-46E5-BDCD-DBA658EC5E43_4_5005_c.jpeg"
    ],
    "ultima_modificacion": "2025-08-01 01:01:15.301646"
  },
  "442d8b2cd1344efda38f5e02be9ad4b945005c.jpeg": {
    "app_sintetizada": "442D8B2CD1344EFDA38F5E02BE9AD4B945005C.JPEG",
    "cantidad_archivos": 1,
    "archivos_fuente": [
      "Pictures/Fototeca de Fotos.photoslibrary/resources/derivatives/masters/4/442D8B2C-D134-4EFD-A38F-5E02BE9AD4B9_4_5005_c.jpeg"
    ],
    "ultima_modificacion": "2025-08-01 01:01:15.301977"
  },
  "4b80a1ac42ce4596862678a6b98bc14445005c.jpeg": {
    "app_sintetizada": "4B80A1AC42CE4596862678A6B98BC14445005C.JPEG",
    "cantidad_archivos": 1,
    "archivos_fuente": [
      "Pictures/Fototeca de Fotos.photoslibrary/resources/derivatives/masters/4/4B80A1AC-42CE-4596-8626-78A6B98BC144_4_5005_c.jpeg"
    ],
    "ultima_modificacion": "2025-08-01 01:01:15.302480"
  },
  "40e3a9b25aac4ed8add4222b41a4122a45005c.jpeg": {
    "app_sintetizada": "40E3A9B25AAC4ED8ADD4222B41A4122A45005C.JPEG",
    "cantidad_archivos": 1,
    "archivos_fuente": [
      "Pictures/Fototeca de Fotos.photoslibrary/resources/derivatives/masters/4/40E3A9B2-5AAC-4ED8-ADD4-222B41A4122A_4_5005_c.jpeg"
    ],
    "ultima_modificacion": "2025-08-01 01:01:15.302831"
  },
  "4fa2accb952248d6a733a7129e8dcd1145005c.jpeg": {
    "app_sintetizada": "4FA2ACCB952248D6A733A7129E8DCD1145005C.JPEG",
    "cantidad_archivos": 1,
    "archivos_fuente": [
      "Pictures/Fototeca de Fotos.photoslibrary/resources/derivatives/masters/4/4FA2ACCB-9522-48D6-A733-A7129E8DCD11_4_5005_c.jpeg"
    ],
    "ultima_modificacion": "2025-08-01 01:01:15.303164"
  },
  "4574739c1ac6410ab12401efb1583af145005c.jpeg": {
    "app_sintetizada": "4574739C1AC6410AB12401EFB1583AF145005C.JPEG",
    "cantidad_archivos": 1,
    "archivos_fuente": [
      "Pictures/Fototeca de Fotos.photoslibrary/resources/derivatives/masters/4/4574739C-1AC6-410A-B124-01EFB1583AF1_4_5005_c.jpeg"
    ],
    "ultima_modificacion": "2025-08-01 01:01:15.303487"
  },
  "4571079672994d1ba9f5bb3d0519f57945005c.jpeg": {
    "app_sintetizada": "4571079672994D1BA9F5BB3D0519F57945005C.JPEG",
    "cantidad_archivos": 1,
    "archivos_fuente": [
      "Pictures/Fototeca de Fotos.photoslibrary/resources/derivatives/masters/4/45710796-7299-4D1B-A9F5-BB3D0519F579_4_5005_c.jpeg"
    ],
    "ultima_modificacion": "2025-08-01 01:01:15.303817"
  },
  "40788b246df74f00880c3a5dd3d4687345005c.jpeg": {
    "app_sintetizada": "40788B246DF74F00880C3A5DD3D4687345005C.JPEG",
    "cantidad_archivos": 1,
    "archivos_fuente": [
      "Pictures/Fototeca de Fotos.photoslibrary/resources/derivatives/masters/4/40788B24-6DF7-4F00-880C-3A5DD3D46873_4_5005_c.jpeg"
    ],
    "ultima_modificacion": "2025-08-01 01:01:15.304214"
  },
  "47c60987be7e4fa49223ea505acd56dc45005c.jpeg": {
    "app_sintetizada": "47C60987BE7E4FA49223EA505ACD56DC45005C.JPEG",
    "cantidad_archivos": 1,
    "archivos_fuente": [
      "Pictures/Fototeca de Fotos.photoslibrary/resources/derivatives/masters/4/47C60987-BE7E-4FA4-9223-EA505ACD56DC_4_5005_c.jpeg"
    ],
    "ultima_modificacion": "2025-08-01 01:01:15.304589"
  },
  "42c9315104134bba88f320273038eece45005c.jpeg": {
    "app_sintetizada": "42C9315104134BBA88F320273038EECE45005C.JPEG",
    "cantidad_archivos": 1,
    "archivos_fuente": [
      "Pictures/Fototeca de Fotos.photoslibrary/resources/derivatives/masters/4/42C93151-0413-4BBA-88F3-20273038EECE_4_5005_c.jpeg"
    ],
    "ultima_modificacion": "2025-08-01 01:01:15.305013"
  },
  "49690c95f34b45d2b9773d7983ca56fa45005c.jpeg": {
    "app_sintetizada": "49690C95F34B45D2B9773D7983CA56FA45005C.JPEG",
    "cantidad_archivos": 1,
    "archivos_fuente": [
      "Pictures/Fototeca de Fotos.photoslibrary/resources/derivatives/masters/4/49690C95-F34B-45D2-B977-3D7983CA56FA_4_5005_c.jpeg"
    ],
    "ultima_modificacion": "2025-08-01 01:01:15.305401"
  },
  "4ce8242ff2b845458268796f666c51ee45005c.jpeg": {
    "app_sintetizada": "4CE8242FF2B845458268796F666C51EE45005C.JPEG",
    "cantidad_archivos": 1,
    "archivos_fuente": [
      "Pictures/Fototeca de Fotos.photoslibrary/resources/derivatives/masters/4/4CE8242F-F2B8-4545-8268-796F666C51EE_4_5005_c.jpeg"
    ],
    "ultima_modificacion": "2025-08-01 01:01:15.305772"
  },
  "49bf2a9add6d48f9a8827ca7f87eb5d545005c.jpeg": {
    "app_sintetizada": "49BF2A9ADD6D48F9A8827CA7F87EB5D545005C.JPEG",
    "cantidad_archivos": 1,
    "archivos_fuente": [
      "Pictures/Fototeca de Fotos.photoslibrary/resources/derivatives/masters/4/49BF2A9A-DD6D-48F9-A882-7CA7F87EB5D5_4_5005_c.jpeg"
    ],
    "ultima_modificacion": "2025-08-01 01:01:15.306160"
  },
  "4b87eedebbdb4ca383f80a14370011d045005c.jpeg": {
    "app_sintetizada": "4B87EEDEBBDB4CA383F80A14370011D045005C.JPEG",
    "cantidad_archivos": 1,
    "archivos_fuente": [
      "Pictures/Fototeca de Fotos.photoslibrary/resources/derivatives/masters/4/4B87EEDE-BBDB-4CA3-83F8-0A14370011D0_4_5005_c.jpeg"
    ],
    "ultima_modificacion": "2025-08-01 01:01:15.306647"
  },
  "4d1d89324ec746b29cd3e02ca248953745005c.jpeg": {
    "app_sintetizada": "4D1D89324EC746B29CD3E02CA248953745005C.JPEG",
    "cantidad_archivos": 1,
    "archivos_fuente": [
      "Pictures/Fototeca de Fotos.photoslibrary/resources/derivatives/masters/4/4D1D8932-4EC7-46B2-9CD3-E02CA2489537_4_5005_c.jpeg"
    ],
    "ultima_modificacion": "2025-08-01 01:01:15.307030"
  },
  "4da42b7ef51e4cc1b569860bed51daf245005c.jpeg": {
    "app_sintetizada": "4DA42B7EF51E4CC1B569860BED51DAF245005C.JPEG",
    "cantidad_archivos": 1,
    "archivos_fuente": [
      "Pictures/Fototeca de Fotos.photoslibrary/resources/derivatives/masters/4/4DA42B7E-F51E-4CC1-B569-860BED51DAF2_4_5005_c.jpeg"
    ],
    "ultima_modificacion": "2025-08-01 01:01:15.307399"
  },
  "4534c13834a64c6a9054729fc837e7e145005c.jpeg": {
    "app_sintetizada": "4534C13834A64C6A9054729FC837E7E145005C.JPEG",
    "cantidad_archivos": 1,
    "archivos_fuente": [
      "Pictures/Fototeca de Fotos.photoslibrary/resources/derivatives/masters/4/4534C138-34A6-4C6A-9054-729FC837E7E1_4_5005_c.jpeg"
    ],
    "ultima_modificacion": "2025-08-01 01:01:15.307920"
  },
  "42b83c453a5c48b78c0eff3e32fca97845005c.jpeg": {
    "app_sintetizada": "42B83C453A5C48B78C0EFF3E32FCA97845005C.JPEG",
    "cantidad_archivos": 1,
    "archivos_fuente": [
      "Pictures/Fototeca de Fotos.photoslibrary/resources/derivatives/masters/4/42B83C45-3A5C-48B7-8C0E-FF3E32FCA978_4_5005_c.jpeg"
    ],
    "ultima_modificacion": "2025-08-01 01:01:15.308342"
  },
  "435f23d8fd2346548abb8f77d4362e1445005c.jpeg": {
    "app_sintetizada": "435F23D8FD2346548ABB8F77D4362E1445005C.JPEG",
    "cantidad_archivos": 1,
    "archivos_fuente": [
      "Pictures/Fototeca de Fotos.photoslibrary/resources/derivatives/masters/4/435F23D8-FD23-4654-8ABB-8F77D4362E14_4_5005_c.jpeg"
    ],
    "ultima_modificacion": "2025-08-01 01:01:15.308712"
  },
  "4562fa5119cb4e74b678a79d0ba5b3eb45005c.jpeg": {
    "app_sintetizada": "4562FA5119CB4E74B678A79D0BA5B3EB45005C.JPEG",
    "cantidad_archivos": 1,
    "archivos_fuente": [
      "Pictures/Fototeca de Fotos.photoslibrary/resources/derivatives/masters/4/4562FA51-19CB-4E74-B678-A79D0BA5B3EB_4_5005_c.jpeg"
    ],
    "ultima_modificacion": "2025-08-01 01:01:15.309058"
  },
  "43b90f92e92e4089a7235351c94d1ec245005c.jpeg": {
    "app_sintetizada": "43B90F92E92E4089A7235351C94D1EC245005C.JPEG",
    "cantidad_archivos": 1,
    "archivos_fuente": [
      "Pictures/Fototeca de Fotos.photoslibrary/resources/derivatives/masters/4/43B90F92-E92E-4089-A723-5351C94D1EC2_4_5005_c.jpeg"
    ],
    "ultima_modificacion": "2025-08-01 01:01:15.309402"
  },
  "40325fd672dd44c5be9fcdd56dc84cb045005c.jpeg": {
    "app_sintetizada": "40325FD672DD44C5BE9FCDD56DC84CB045005C.JPEG",
    "cantidad_archivos": 1,
    "archivos_fuente": [
      "Pictures/Fototeca de Fotos.photoslibrary/resources/derivatives/masters/4/40325FD6-72DD-44C5-BE9F-CDD56DC84CB0_4_5005_c.jpeg"
    ],
    "ultima_modificacion": "2025-08-01 01:01:15.309730"
  },
  "4c12228d4de6439da9bfd1e99f9e48a045005c.jpeg": {
    "app_sintetizada": "4C12228D4DE6439DA9BFD1E99F9E48A045005C.JPEG",
    "cantidad_archivos": 1,
    "archivos_fuente": [
      "Pictures/Fototeca de Fotos.photoslibrary/resources/derivatives/masters/4/4C12228D-4DE6-439D-A9BF-D1E99F9E48A0_4_5005_c.jpeg"
    ],
    "ultima_modificacion": "2025-08-01 01:01:15.310079"
  },
  "410727dc018b4d71bdc8030201bdccbb45005c.jpeg": {
    "app_sintetizada": "410727DC018B4D71BDC8030201BDCCBB45005C.JPEG",
    "cantidad_archivos": 1,
    "archivos_fuente": [
      "Pictures/Fototeca de Fotos.photoslibrary/resources/derivatives/masters/4/410727DC-018B-4D71-BDC8-030201BDCCBB_4_5005_c.jpeg"
    ],
    "ultima_modificacion": "2025-08-01 01:01:15.310433"
  },
  "4f9642b082304fa28e533b4070441a3a45005c.jpeg": {
    "app_sintetizada": "4F9642B082304FA28E533B4070441A3A45005C.JPEG",
    "cantidad_archivos": 1,
    "archivos_fuente": [
      "Pictures/Fototeca de Fotos.photoslibrary/resources/derivatives/masters/4/4F9642B0-8230-4FA2-8E53-3B4070441A3A_4_5005_c.jpeg"
    ],
    "ultima_modificacion": "2025-08-01 01:01:15.310764"
  },
  "4643e9d9a0994f0bbfb9c93c0596719945005c.jpeg": {
    "app_sintetizada": "4643E9D9A0994F0BBFB9C93C0596719945005C.JPEG",
    "cantidad_archivos": 1,
    "archivos_fuente": [
      "Pictures/Fototeca de Fotos.photoslibrary/resources/derivatives/masters/4/4643E9D9-A099-4F0B-BFB9-C93C05967199_4_5005_c.jpeg"
    ],
    "ultima_modificacion": "2025-08-01 01:01:15.311097"
  },
  "41f37234059c4aaeb19f85a9c4f6e59345005c.jpeg": {
    "app_sintetizada": "41F37234059C4AAEB19F85A9C4F6E59345005C.JPEG",
    "cantidad_archivos": 1,
    "archivos_fuente": [
      "Pictures/Fototeca de Fotos.photoslibrary/resources/derivatives/masters/4/41F37234-059C-4AAE-B19F-85A9C4F6E593_4_5005_c.jpeg"
    ],
    "ultima_modificacion": "2025-08-01 01:01:15.311395"
  },
  "49f44152cb2d4743b0f8528f5c3058a345005c.jpeg": {
    "app_sintetizada": "49F44152CB2D4743B0F8528F5C3058A345005C.JPEG",
    "cantidad_archivos": 1,
    "archivos_fuente": [
      "Pictures/Fototeca de Fotos.photoslibrary/resources/derivatives/masters/4/49F44152-CB2D-4743-B0F8-528F5C3058A3_4_5005_c.jpeg"
    ],
    "ultima_modificacion": "2025-08-01 01:01:15.311679"
  },
  "408c22bc761c455d9998a61810b9ce8145005c.jpeg": {
    "app_sintetizada": "408C22BC761C455D9998A61810B9CE8145005C.JPEG",
    "cantidad_archivos": 1,
    "archivos_fuente": [
      "Pictures/Fototeca de Fotos.photoslibrary/resources/derivatives/masters/4/408C22BC-761C-455D-9998-A61810B9CE81_4_5005_c.jpeg"
    ],
    "ultima_modificacion": "2025-08-01 01:01:15.312048"
  },
  "4a40e80a12fc463f95c1f7a666bf05f045005c.jpeg": {
    "app_sintetizada": "4A40E80A12FC463F95C1F7A666BF05F045005C.JPEG",
    "cantidad_archivos": 1,
    "archivos_fuente": [
      "Pictures/Fototeca de Fotos.photoslibrary/resources/derivatives/masters/4/4A40E80A-12FC-463F-95C1-F7A666BF05F0_4_5005_c.jpeg"
    ],
    "ultima_modificacion": "2025-08-01 01:01:15.312349"
  }
}