{
  "4754804083f545e3bfca9090ba94373745005c.jpeg": {
    "app_sintetizada": "4754804083F545E3BFCA9090BA94373745005C.JPEG",
    "cantidad_archivos": 1,
    "archivos_fuente": [
      "Pictures/Fototeca de Fotos.photoslibrary/resources/derivatives/masters/4/47548040-83F5-45E3-BFCA-9090BA943737_4_5005_c.jpeg"
    ],
    "ultima_modificacion": "2025-08-01 01:01:15.246844"
  },
  "41679f4ff34d4a8c9e6783cc94f8dc4f45005c.jpeg": {
    "app_sintetizada": "41679F4FF34D4A8C9E6783CC94F8DC4F45005C.JPEG",
    "cantidad_archivos": 1,
    "archivos_fuente": [
      "Pictures/Fototeca de Fotos.photoslibrary/resources/derivatives/masters/4/41679F4F-F34D-4A8C-9E67-83CC94F8DC4F_4_5005_c.jpeg"
    ],
    "ultima_modificacion": "2025-08-01 01:01:15.247177"
  },
  "4e25405c1ba648cd8584ad4eb928768545005c.jpeg": {
    "app_sintetizada": "4E25405C1BA648CD8584AD4EB928768545005C.JPEG",
    "cantidad_archivos": 1,
    "archivos_fuente": [
      "Pictures/Fototeca de Fotos.photoslibrary/resources/derivatives/masters/4/4E25405C-1BA6-48CD-8584-AD4EB9287685_4_5005_c.jpeg"
    ],
    "ultima_modificacion": "2025-08-01 01:01:15.247509"
  },
  "4c1697e6596f4c7f8377db3b85fff51745005c.jpeg": {
    "app_sintetizada": "4C1697E6596F4C7F8377DB3B85FFF51745005C.JPEG",
    "cantidad_archivos": 1,
    "archivos_fuente": [
      "Pictures/Fototeca de Fotos.photoslibrary/resources/derivatives/masters/4/4C1697E6-596F-4C7F-8377-DB3B85FFF517_4_5005_c.jpeg"
    ],
    "ultima_modificacion": "2025-08-01 01:01:15.247854"
  },
  "42d22cd73fcb4d439936b3a66e1b6d3c45005c.jpeg": {
    "app_sintetizada": "42D22CD73FCB4D439936B3A66E1B6D3C45005C.JPEG",
    "cantidad_archivos": 1,
    "archivos_fuente": [
      "Pictures/Fototeca de Fotos.photoslibrary/resources/derivatives/masters/4/42D22CD7-3FCB-4D43-9936-B3A66E1B6D3C_4_5005_c.jpeg"
    ],
    "ultima_modificacion": "2025-08-01 01:01:15.248235"
  },
  "4d19ee0bfb4245a7bef48fafc1dc8a8445005c.jpeg": {
    "app_sintetizada": "4D19EE0BFB4245A7BEF48FAFC1DC8A8445005C.JPEG",
    "cantidad_archivos": 1,
    "archivos_fuente": [
      "Pictures/Fototeca de Fotos.photoslibrary/resources/derivatives/masters/4/4D19EE0B-FB42-45A7-BEF4-8FAFC1DC8A84_4_5005_c.jpeg"
    ],
    "ultima_modificacion": "2025-08-01 01:01:15.248702"
  },
  "4c1e95df7b46442598a44ba1700dbdad45005c.jpeg": {
    "app_sintetizada": "4C1E95DF7B46442598A44BA1700DBDAD45005C.JPEG",
    "cantidad_archivos": 1,
    "archivos_fuente": [
      "Pictures/Fototeca de Fotos.photoslibrary/resources/derivatives/masters/4/4C1E95DF-7B46-4425-98A4-4BA1700DBDAD_4_5005_c.jpeg"
    ],
    "ultima_modificacion": "2025-08-01 01:01:15.249064"
  },
  "474bf0691c514523b999c0d10cb5943e45005c.jpeg": {
    "app_sintetizada": "474BF0691C514523B999C0D10CB5943E45005C.JPEG",
    "cantidad_archivos": 1,
    "archivos_fuente": [
      "Pictures/Fototeca de Fotos.photoslibrary/resources/derivatives/masters/4/474BF069-1C51-4523-B999-C0D10CB5943E_4_5005_c.jpeg"
    ],
    "ultima_modificacion": "2025-08-01 01:01:15.249446"
  },
  "4a68630ffbba41f6acf9021aa3d6816a45005c.jpeg": {
    "app_sintetizada": "4A68630FFBBA41F6ACF9021AA3D6816A45005C.JPEG",
    "cantidad_archivos": 1,
    "archivos_fuente": [
      "Pictures/Fototeca de Fotos.photoslibrary/resources/derivatives/masters/4/4A68630F-FBBA-41F6-ACF9-021AA3D6816A_4_5005_c.jpeg"
    ],
    "ultima_modificacion": "2025-08-01 01:01:15.249815"
  },
  "4ae75b308f1e45b4aaf4d30cb9703c9445005c.jpeg": {
    "app_sintetizada": "4AE75B308F1E45B4AAF4D30CB9703C9445005C.JPEG",
    "cantidad_archivos": 1,
    "archivos_fuente": [
      "Pictures/Fototeca de Fotos.photoslibrary/resources/derivatives/masters/4/4AE75B30-8F1E-45B4-AAF4-D30CB9703C94_4_5005_c.jpeg"
    ],
    "ultima_modificacion": "2025-08-01 01:01:15.250143"
  },
  "4b2e277b3e904cd5935589416687b02245005c.jpeg": {
    "app_sintetizada": "4B2E277B3E904CD5935589416687B02245005C.JPEG",
    "cantidad_archivos": 1,
    "archivos_fuente": [
      "Pictures/Fototeca de Fotos.photoslibrary/resources/derivatives/masters/4/4B2E277B-3E90-4CD5-9355-89416687B022_4_5005_c.jpeg"
    ],
    "ultima_modificacion": "2025-08-01 01:01:15.250498"
  },
  "4c6491937bb34cc584fc02995732d62a45005c.jpeg": {
    "app_sintetizada": "4C6491937BB34CC584FC02995732D62A45005C.JPEG",
    "cantidad_archivos": 1,
    "archivos_fuente": [
      "Pictures/Fototeca de Fotos.photoslibrary/resources/derivatives/masters/4/4C649193-7BB3-4CC5-84FC-02995732D62A_4_5005_c.jpeg"
    ],
    "ultima_modificacion": "2025-08-01 01:01:15.250912"
  },
  "400c9998c3f34fd2ae17f889f2d6286d45005c.jpeg": {
    "app_sintetizada": "400C9998C3F34FD2AE17F889F2D6286D45005C.JPEG",
    "cantidad_archivos": 1,
    "archivos_fuente": [
      "Pictures/Fototeca de Fotos.photoslibrary/resources/derivatives/masters/4/400C9998-C3F3-4FD2-AE17-F889F2D6286D_4_5005_c.jpeg"
    ],
    "ultima_modificacion": "2025-08-01 01:01:15.251305"
  },
  "41c2862f3590434182881b68488b992145005c.jpeg": {
    "app_sintetizada": "41C2862F3590434182881B68488B992145005C.JPEG",
    "cantidad_archivos": 1,
    "archivos_fuente": [
      "Pictures/Fototeca de Fotos.photoslibrary/resources/derivatives/masters/4/41C2862F-3590-4341-8288-1B68488B9921_4_5005_c.jpeg"
    ],
    "ultima_modificacion": "2025-08-01 01:01:15.251655"
  },
  "43e694b4183e4b1ebe3a6b22786c87e645005c.jpeg": {
    "app_sintetizada": "43E694B4183E4B1EBE3A6B22786C87E645005C.JPEG",
    "cantidad_archivos": 1,
    "archivos_fuente": [
      "Pictures/Fototeca de Fotos.photoslibrary/resources/derivatives/masters/4/43E694B4-183E-4B1E-BE3A-6B22786C87E6_4_5005_c.jpeg"
    ],
    "ultima_modificacion": "2025-08-01 01:01:15.252037"
  },
  "4b3cb5194fdf48e594388a529843a4d345005c.jpeg": {
    "app_sintetizada": "4B3CB5194FDF48E594388A529843A4D345005C.JPEG",
    "cantidad_archivos": 1,
    "archivos_fuente": [
      "Pictures/Fototeca de Fotos.photoslibrary/resources/derivatives/masters/4/4B3CB519-4FDF-48E5-9438-8A529843A4D3_4_5005_c.jpeg"
    ],
    "ultima_modificacion": "2025-08-01 01:01:15.252388"
  },
  "45cef96dded7449fbaaaa72b776854a945005c.jpeg": {
    "app_sintetizada": "45CEF96DDED7449FBAAAA72B776854A945005C.JPEG",
    "cantidad_archivos": 1,
    "archivos_fuente": [
      "Pictures/Fototeca de Fotos.photoslibrary/resources/derivatives/masters/4/45CEF96D-DED7-449F-BAAA-A72B776854A9_4_5005_c.jpeg"
    ],
    "ultima_modificacion": "2025-08-01 01:01:15.252730"
  },
  "4fb0bb15c15a403b8d236e3b712fc1b845005c.jpeg": {
    "app_sintetizada": "4FB0BB15C15A403B8D236E3B712FC1B845005C.JPEG",
    "cantidad_archivos": 1,
    "archivos_fuente": [
      "Pictures/Fototeca de Fotos.photoslibrary/resources/derivatives/masters/4/4FB0BB15-C15A-403B-8D23-6E3B712FC1B8_4_5005_c.jpeg"
    ],
    "ultima_modificacion": "2025-08-01 01:01:15.253065"
  },
  "4d7245a85e2a48928a35c791d9de6e2245005c.jpeg": {
    "app_sintetizada": "4D7245A85E2A48928A35C791D9DE6E2245005C.JPEG",
    "cantidad_archivos": 1,
    "archivos_fuente": [
      "Pictures/Fototeca de Fotos.photoslibrary/resources/derivatives/masters/4/4D7245A8-5E2A-4892-8A35-C791D9DE6E22_4_5005_c.jpeg"
    ],
    "ultima_modificacion": "2025-08-01 01:01:15.253409"
  },
  "4714bc5401214c75915e0f6e39578ca945005c.jpeg": {
    "app_sintetizada": "4714BC5401214C75915E0F6E39578CA945005C.JPEG",
    "cantidad_archivos": 1,
    "archivos_fuente": [
      "Pictures/Fototeca de Fotos.photoslibrary/resources/derivatives/masters/4/4714BC54-0121-4C75-915E-0F6E39578CA9_4_5005_c.jpeg"
    ],
    "ultima_modificacion": "2025-08-01 01:01:15.253725"
  },
  "41c7bcb980404436b1a137b118fcf66345005c.jpeg": {
    "app_sintetizada": "41C7BCB980404436B1A137B118FCF66345005C.JPEG",
    "cantidad_archivos": 1,
    "archivos_fuente": [
      "Pictures/Fototeca de Fotos.photoslibrary/resources/derivatives/masters/4/41C7BCB9-8040-4436-B1A1-37B118FCF663_4_5005_c.jpeg"
    ],
    "ultima_modificacion": "2025-08-01 01:01:15.254038"
  },
  "497eab4ef1ea4645b7b11e5c87817b4d45005c.jpeg": {
    "app_sintetizada": "497EAB4EF1EA4645B7B11E5C87817B4D45005C.JPEG",
    "cantidad_archivos": 1,
    "archivos_fuente": [
      "Pictures/Fototeca de Fotos.photoslibrary/resources/derivatives/masters/4/497EAB4E-F1EA-4645-B7B1-1E5C87817B4D_4_5005_c.jpeg"
    ],
    "ultima_modificacion": "2025-08-01 01:01:15.254455"
  },
  "42b55512340b41bc88bd3d585fa6a70745005c.jpeg": {
    "app_sintetizada": "42B55512340B41BC88BD3D585FA6A70745005C.JPEG",
    "cantidad_archivos": 1,
    "archivos_fuente": [
      "Pictures/Fototeca de Fotos.photoslibrary/resources/derivatives/masters/4/42B55512-340B-41BC-88BD-3D585FA6A707_4_5005_c.jpeg"
    ],
    "ultima_modificacion": "2025-08-01 01:01:15.254800"
  },
  "458f76b50fcb44f1812dc270e7affc4045005c.jpeg": {
    "app_sintetizada": "458F76B50FCB44F1812DC270E7AFFC4045005C.JPEG",
    "cantidad_archivos": 1,
    "archivos_fuente": [
      "Pictures/Fototeca de Fotos.photoslibrary/resources/derivatives/masters/4/458F76B5-0FCB-44F1-812D-C270E7AFFC40_4_5005_c.jpeg"
    ],
    "ultima_modificacion": "2025-08-01 01:01:15.255199"
  },
  "4e8889cd94854d4290aee889295c394145005c.jpeg": {
    "app_sintetizada": "4E8889CD94854D4290AEE889295C394145005C.JPEG",
    "cantidad_archivos": 1,
    "archivos_fuente": [
      "Pictures/Fototeca de Fotos.photoslibrary/resources/derivatives/masters/4/4E8889CD-9485-4D42-90AE-E889295C3941_4_5005_c.jpeg"
    ],
    "ultima_modificacion": "2025-08-01 01:01:15.255563"
  },
  "401e7ac250864240aadc8121600c00b545005c.jpeg": {
    "app_sintetizada": "401E7AC250864240AADC8121600C00B545005C.JPEG",
    "cantidad_archivos": 1,
    "archivos_fuente": [
      "Pictures/Fototeca de Fotos.photoslibrary/resources/derivatives/masters/4/401E7AC2-5086-4240-AADC-8121600C00B5_4_5005_c.jpeg"
    ],
    "ultima_modificacion": "2025-08-01 01:01:15.255958"
  },
  "450ac8144cd34eddbc7fa21521a3c48245005c.jpeg": {
    "app_sintetizada": "450AC8144CD34EDDBC7FA21521A3C48245005C.JPEG",
    "cantidad_archivos": 1,
    "archivos_fuente": [
      "Pictures/Fototeca de Fotos.photoslibrary/resources/derivatives/masters/4/450AC814-4CD3-4EDD-BC7F-A21521A3C482_4_5005_c.jpeg"
    ],
    "ultima_modificacion": "2025-08-01 01:01:15.256373"
  },
  "4bdcb408dcd2498d98c54e627308678845005c.jpeg": {
    "app_sintetizada": "4BDCB408DCD2498D98C54E627308678845005C.JPEG",
    "cantidad_archivos": 1,
    "archivos_fuente": [
      "Pictures/Fototeca de Fotos.photoslibrary/resources/derivatives/masters/4/4BDCB408-DCD2-498D-98C5-4E6273086788_4_5005_c.jpeg"
    ],
    "ultima_modificacion": "2025-08-01 01:01:15.256800"
  },
  "42dd4c42a7214759887bd525292444c945005c.jpeg": {
    "app_sintetizada": "42DD4C42A7214759887BD525292444C945005C.JPEG",
    "cantidad_archivos": 1,
    "archivos_fuente": [
      "Pictures/Fototeca de Fotos.photoslibrary/resources/derivatives/masters/4/42DD4C42-A721-4759-887B-D525292444C9_4_5005_c.jpeg"
    ],
    "ultima_modificacion": "2025-08-01 01:01:15.257241"
  },
  "48bda95c5ec646feb583c6fd3039424745005c.jpeg": {
    "app_sintetizada": "48BDA95C5EC646FEB583C6FD3039424745005C.JPEG",
    "cantidad_archivos": 1,
    "archivos_fuente": [
      "Pictures/Fototeca de Fotos.photoslibrary/resources/derivatives/masters/4/48BDA95C-5EC6-46FE-B583-C6FD30394247_4_5005_c.jpeg"
    ],
    "ultima_modificacion": "2025-08-01 01:01:15.257711"
  },
  "461f39129e86451984f3860180e3c06b45005c.jpeg": {
    "app_sintetizada": "461F39129E86451984F3860180E3C06B45005C.JPEG",
    "cantidad_archivos": 1,
    "archivos_fuente": [
      "Pictures/Fototeca de Fotos.photoslibrary/resources/derivatives/masters/4/461F3912-9E86-4519-84F3-860180E3C06B_4_5005_c.jpeg"
    ],
    "ultima_modificacion": "2025-08-01 01:01:15.258136"
  },
  "4e2d21949c864525b76e75c9a6535ad845005c.jpeg": {
    "app_sintetizada": "4E2D21949C864525B76E75C9A6535AD845005C.JPEG",
    "cantidad_archivos": 1,
    "archivos_fuente": [
      "Pictures/Fototeca de Fotos.photoslibrary/resources/derivatives/masters/4/4E2D2194-9C86-4525-B76E-75C9A6535AD8_4_5005_c.jpeg"
    ],
    "ultima_modificacion": "2025-08-01 01:01:15.258485"
  },
  "45942088eacd44d49095bbcd991d5dd345005c.jpeg": {
    "app_sintetizada": "45942088EACD44D49095BBCD991D5DD345005C.JPEG",
    "cantidad_archivos": 1,
    "archivos_fuente": [
      "Pictures/Fototeca de Fotos.photoslibrary/resources/derivatives/masters/4/45942088-EACD-44D4-9095-BBCD991D5DD3_4_5005_c.jpeg"
    ],
    "ultima_modificacion": "2025-08-01 01:01:15.258843"
  },
  "4467a55e9db445119537ad4636d9052d45005c.jpeg": {
    "app_sintetizada": "4467A55E9DB445119537AD4636D9052D45005C.JPEG",
    "cantidad_archivos": 1,
    "archivos_fuente": [
      "Pictures/Fototeca de Fotos.photoslibrary/resources/derivatives/masters/4/4467A55E-9DB4-4511-9537-AD4636D9052D_4_5005_c.jpeg"
    ],
    "ultima_modificacion": "2025-08-01 01:01:15.259195"
  },
  "40d20fff42ee4ae2887a5320abf3eada45005c.jpeg": {
    "app_sintetizada": "40D20FFF42EE4AE2887A5320ABF3EADA45005C.JPEG",
    "cantidad_archivos": 1,
    "archivos_fuente": [
      "Pictures/Fototeca de Fotos.photoslibrary/resources/derivatives/masters/4/40D20FFF-42EE-4AE2-887A-5320ABF3EADA_4_5005_c.jpeg"
    ],
    "ultima_modificacion": "2025-08-01 01:01:15.259533"
  },
  "4499e706c4864eb882176310c587ce6e45005c.jpeg": {
    "app_sintetizada": "4499E706C4864EB882176310C587CE6E45005C.JPEG",
    "cantidad_archivos": 1,
    "archivos_fuente": [
      "Pictures/Fototeca de Fotos.photoslibrary/resources/derivatives/masters/4/4499E706-C486-4EB8-8217-6310C587CE6E_4_5005_c.jpeg"
    ],
    "ultima_modificacion": "2025-08-01 01:01:15.259861"
  },
  "481e4094a0ea4dd7960001cbb8e9a62045005c.jpeg": {
    "app_sintetizada": "481E4094A0EA4DD7960001CBB8E9A62045005C.JPEG",
    "cantidad_archivos": 1,
    "archivos_fuente": [
      "Pictures/Fototeca de Fotos.photoslibrary/resources/derivatives/masters/4/481E4094-A0EA-4DD7-9600-01CBB8E9A620_4_5005_c.jpeg"
    ],
    "ultima_modificacion": "2025-08-01 01:01:15.260181"
  },
  "46343844a145487d9d325d3c458aa7da45005c.jpeg": {
    "app_sintetizada": "46343844A145487D9D325D3C458AA7DA45005C.JPEG",
    "cantidad_archivos": 1,
    "archivos_fuente": [
      "Pictures/Fototeca de Fotos.photoslibrary/resources/derivatives/masters/4/46343844-A145-487D-9D32-5D3C458AA7DA_4_5005_c.jpeg"
    ],
    "ultima_modificacion": "2025-08-01 01:01:15.260527"
  },
  "44e2d827e41042d1996a230dba9f09f945005c.jpeg": {
    "app_sintetizada": "44E2D827E41042D1996A230DBA9F09F945005C.JPEG",
    "cantidad_archivos": 1,
    "archivos_fuente": [
      "Pictures/Fototeca de Fotos.photoslibrary/resources/derivatives/masters/4/44E2D827-E410-42D1-996A-230DBA9F09F9_4_5005_c.jpeg"
    ],
    "ultima_modificacion": "2025-08-01 01:01:15.260850"
  },
  "435316f2365a46e9b0c98cd634c2b43f45005c.jpeg": {
    "app_sintetizada": "435316F2365A46E9B0C98CD634C2B43F45005C.JPEG",
    "cantidad_archivos": 1,
    "archivos_fuente": [
      "Pictures/Fototeca de Fotos.photoslibrary/resources/derivatives/masters/4/435316F2-365A-46E9-B0C9-8CD634C2B43F_4_5005_c.jpeg"
    ],
    "ultima_modificacion": "2025-08-01 01:01:15.261210"
  },
  "40fcd9c640e9489dad86ff4ff9ca453845005c.jpeg": {
    "app_sintetizada": "40FCD9C640E9489DAD86FF4FF9CA453845005C.JPEG",
    "cantidad_archivos": 1,
    "archivos_fuente": [
      "Pictures/Fototeca de Fotos.photoslibrary/resources/derivatives/masters/4/40FCD9C6-40E9-489D-AD86-FF4FF9CA4538_4_5005_c.jpeg"
    ],
    "ultima_modificacion": "2025-08-01 01:01:15.261512"
  },
  "4555e7017639419fb4228d8a0bb23cb445005c.jpeg": {
    "app_sintetizada": "4555E7017639419FB4228D8A0BB23CB445005C.JPEG",
    "cantidad_archivos": 1,
    "archivos_fuente": [
      "Pictures/Fototeca de Fotos.photoslibrary/resources/derivatives/masters/4/4555E701-7639-419F-B422-8D8A0BB23CB4_4_5005_c.jpeg"
    ],
    "ultima_modificacion": "2025-08-01 01:01:15.261770"
  },
  "4a3c2e83c0ca4b07bc57b42bf63fee8e45005c.jpeg": {
    "app_sintetizada": "4A3C2E83C0CA4B07BC57B42BF63FEE8E45005C.JPEG",
    "cantidad_archivos": 1,
    "archivos_fuente": [
      "Pictures/Fototeca de Fotos.photoslibrary/resources/derivatives/masters/4/4A3C2E83-C0CA-4B07-BC57-B42BF63FEE8E_4_5005_c.jpeg"
    ],
    "ultima_modificacion": "2025-08-01 01:01:15.262029"
  },
  "41ceb7f88f364dc09ad0e21d32654b6845005c.jpeg": {
    "app_sintetizada": "41CEB7F88F364DC09AD0E21D32654B6845005C.JPEG",
    "cantidad_archivos": 1,
    "archivos_fuente": [
      "Pictures/Fototeca de Fotos.photoslibrary/resources/derivatives/masters/4/41CEB7F8-8F36-4DC0-9AD0-E21D32654B68_4_5005_c.jpeg"
    ],
    "ultima_modificacion": "2025-08-01 01:01:15.262369"
  },
  "48cdc75b6fa64a9c8203c36e86bcf8e245005c.jpeg": {
    "app_sintetizada": "48CDC75B6FA64A9C8203C36E86BCF8E245005C.JPEG",
    "cantidad_archivos": 1,
    "archivos_fuente": [
      "Pictures/Fototeca de Fotos.photoslibrary/resources/derivatives/masters/4/48CDC75B-6FA6-4A9C-8203-C36E86BCF8E2_4_5005_c.jpeg"
    ],
    "ultima_modificacion": "2025-08-01 01:01:15.262668"
  },
  "4ba6c6b8088c4933985e8f7e44f8c1d945005c.jpeg": {
    "app_sintetizada": "4BA6C6B8088C4933985E8F7E44F8C1D945005C.JPEG",
    "cantidad_archivos": 1,
    "archivos_fuente": [
      "Pictures/Fototeca de Fotos.photoslibrary/resources/derivatives/masters/4/4BA6C6B8-088C-4933-985E-8F7E44F8C1D9_4_5005_c.jpeg"
    ],
    "ultima_modificacion": "2025-08-01 01:01:15.263018"
  },
  "4e98dce3014d4b94a9311ab33d27677a45005c.jpeg": {
    "app_sintetizada": "4E98DCE3014D4B94A9311AB33D27677A45005C.JPEG",
    "cantidad_archivos": 1,
    "archivos_fuente": [
      "Pictures/Fototeca de Fotos.photoslibrary/resources/derivatives/masters/4/4E98DCE3-014D-4B94-A931-1AB33D27677A_4_5005_c.jpeg"
    ],
    "ultima_modificacion": "2025-08-01 01:01:15.263305"
  },
  "4ad1e86dffb34afe8c11a1fe131d9fdc45005c.jpeg": {
    "app_sintetizada": "4AD1E86DFFB34AFE8C11A1FE131D9FDC45005C.JPEG",
    "cantidad_archivos": 1,
    "archivos_fuente": [
      "Pictures/Fototeca de Fotos.photoslibrary/resources/derivatives/masters/4/4AD1E86D-FFB3-4AFE-8C11-A1FE131D9FDC_4_5005_c.jpeg"
    ],
    "ultima_modificacion": "2025-08-01 01:01:15.263623"
  },
  "42f6bd41eee24ae4a9db240da263799145005c.jpeg": {
    "app_sintetizada": "42F6BD41EEE24AE4A9DB240DA263799145005C.JPEG",
    "cantidad_archivos": 1,
    "archivos_fuente": [
      "Pictures/Fototeca de Fotos.photoslibrary/resources/derivatives/masters/4/42F6BD41-EEE2-4AE4-A9DB-240DA2637991_4_5005_c.jpeg"
    ],
    "ultima_modificacion": "2025-08-01 01:01:15.263892"
  },
  "4baa08dcc4e94f75b368eee85aab1cf645005c.jpeg": {
    "app_sintetizada": "4BAA08DCC4E94F75B368EEE85AAB1CF645005C.JPEG",
    "cantidad_archivos": 1,
    "archivos_fuente": [
      "Pictures/Fototeca de Fotos.photoslibrary/resources/derivatives/masters/4/4BAA08DC-C4E9-4F75-B368-EEE85AAB1CF6_4_5005_c.jpeg"
    ],
    "ultima_modificacion": "2025-08-01 01:01:15.264214"
  },
  "4266c5d5faa044a7bbfcb5652fa0c59045005c.jpeg": {
    "app_sintetizada": "4266C5D5FAA044A7BBFCB5652FA0C59045005C.JPEG",
    "cantidad_archivos": 1,
    "archivos_fuente": [
      "Pictures/Fototeca de Fotos.photoslibrary/resources/derivatives/masters/4/4266C5D5-FAA0-44A7-BBFC-B5652FA0C590_4_5005_c.jpeg"
    ],
    "ultima_modificacion": "2025-08-01 01:01:15.264492"
  },
  "49b0d4a3ac354627a1395f6fd3513c9a45005c.jpeg": {
    "app_sintetizada": "49B0D4A3AC354627A1395F6FD3513C9A45005C.JPEG",
    "cantidad_archivos": 1,
    "archivos_fuente": [
      "Pictures/Fototeca de Fotos.photoslibrary/resources/derivatives/masters/4/49B0D4A3-AC35-4627-A139-5F6FD3513C9A_4_5005_c.jpeg"
    ],
    "ultima_modificacion": "2025-08-01 01:01:15.264861"
  },
  "4b9aaa1471254483a88be582e3e3423d45005c.jpeg": {
    "app_sintetizada": "4B9AAA1471254483A88BE582E3E3423D45005C.JPEG",
    "cantidad_archivos": 1,
    "archivos_fuente": [
      "Pictures/Fototeca de Fotos.photoslibrary/resources/derivatives/masters/4/4B9AAA14-7125-4483-A88B-E582E3E3423D_4_5005_c.jpeg"
    ],
    "ultima_modificacion": "2025-08-01 01:01:15.265120"
  },
  "405ac8c606b74862913f29827cc288b945005c.jpeg": {
    "app_sintetizada": "405AC8C606B74862913F29827CC288B945005C.JPEG",
    "cantidad_archivos": 1,
    "archivos_fuente": [
      "Pictures/Fototeca de Fotos.photoslibrary/resources/derivatives/masters/4/405AC8C6-06B7-4862-913F-29827CC288B9_4_5005_c.jpeg"
    ],
    "ultima_modificacion": "2025-08-01 01:01:15.265448"
  },
  "4e01b8706dd8486bb3170ae62b4a65d245005c.jpeg": {
    "app_sintetizada": "4E01B8706DD8486BB3170AE62B4A65D245005C.JPEG",
    "cantidad_archivos": 1,
    "archivos_fuente": [
      "Pictures/Fototeca de Fotos.photoslibrary/resources/derivatives/masters/4/4E01B870-6DD8-486B-B317-0AE62B4A65D2_4_5005_c.jpeg"
    ],
    "ultima_modificacion": "2025-08-01 01:01:15.265742"
  },
  "4909f3c543a84ebbba686a8902511eff45005c.jpeg": {
    "app_sintetizada": "4909F3C543A84EBBBA686A8902511EFF45005C.JPEG",
    "cantidad_archivos": 1,
    "archivos_fuente": [
      "Pictures/Fototeca de Fotos.photoslibrary/resources/derivatives/masters/4/4909F3C5-43A8-4EBB-BA68-6A8902511EFF_4_5005_c.jpeg"
    ],
    "ultima_modificacion": "2025-08-01 01:01:15.265990"
  },
  "4d5cb8479a374e718e1e6393d3110cbe45005c.jpeg": {
    "app_sintetizada": "4D5CB8479A374E718E1E6393D3110CBE45005C.JPEG",
    "cantidad_archivos": 1,
    "archivos_fuente": [
      "Pictures/Fototeca de Fotos.photoslibrary/resources/derivatives/masters/4/4D5CB847-9A37-4E71-8E1E-6393D3110CBE_4_5005_c.jpeg"
    ],
    "ultima_modificacion": "2025-08-01 01:01:15.266304"
  },
  "4adbc76d968b41c9807e03cdbea12fd745005c.jpeg": {
    "app_sintetizada": "4ADBC76D968B41C9807E03CDBEA12FD745005C.JPEG",
    "cantidad_archivos": 1,
    "archivos_fuente": [
      "Pictures/Fototeca de Fotos.photoslibrary/resources/derivatives/masters/4/4ADBC76D-968B-41C9-807E-03CDBEA12FD7_4_5005_c.jpeg"
    ],
    "ultima_modificacion": "2025-08-01 01:01:15.266563"
  },
  "4c9cc15084454073bb380d50762f805345005c.jpeg": {
    "app_sintetizada": "4C9CC15084454073BB380D50762F805345005C.JPEG",
    "cantidad_archivos": 1,
    "archivos_fuente": [
      "Pictures/Fototeca de Fotos.photoslibrary/resources/derivatives/masters/4/4C9CC150-8445-4073-BB38-0D50762F8053_4_5005_c.jpeg"
    ],
    "ultima_modificacion": "2025-08-01 01:01:15.266866"
  },
  "4f07f224faa34d29bf7197bb6b87fe9145005c.jpeg": {
    "app_sintetizada": "4F07F224FAA34D29BF7197BB6B87FE9145005C.JPEG",
    "cantidad_archivos": 1,
    "archivos_fuente": [
      "Pictures/Fototeca de Fotos.photoslibrary/resources/derivatives/masters/4/4F07F224-FAA3-4D29-BF71-97BB6B87FE91_4_5005_c.jpeg"
    ],
    "ultima_modificacion": "2025-08-01 01:01:15.267138"
  },
  "45c1d23091184b719fda668d1e69fa4f45005c.jpeg": {
    "app_sintetizada": "45C1D23091184B719FDA668D1E69FA4F45005C.JPEG",
    "cantidad_archivos": 1,
    "archivos_fuente": [
      "Pictures/Fototeca de Fotos.photoslibrary/resources/derivatives/masters/4/45C1D230-9118-4B71-9FDA-668D1E69FA4F_4_5005_c.jpeg"
    ],
    "ultima_modificacion": "2025-08-01 01:01:15.267389"
  },
  "40e67c862dc84382ad0f349fb901c5e445005c.jpeg": {
    "app_sintetizada": "40E67C862DC84382AD0F349FB901C5E445005C.JPEG",
    "cantidad_archivos": 1,
    "archivos_fuente": [
      "Pictures/Fototeca de Fotos.photoslibrary/resources/derivatives/masters/4/40E67C86-2DC8-4382-AD0F-349FB901C5E4_4_5005_c.jpeg"
    ],
    "ultima_modificacion": "2025-08-01 01:01:15.267653"
  },
  "47c73176a8b54e5187b219bfa69f372a45005c.jpeg": {
    "app_sintetizada": "47C73176A8B54E5187B219BFA69F372A45005C.JPEG",
    "cantidad_archivos": 1,
    "archivos_fuente": [
      "Pictures/Fototeca de Fotos.photoslibrary/resources/derivatives/masters/4/47C73176-A8B5-4E51-87B2-19BFA69F372A_4_5005_c.jpeg"
    ],
    "ultima_modificacion": "2025-08-01 01:01:15.267948"
  },
  "4bf174437c654c538f9c72a5cf27867745005c.jpeg": {
    "app_sintetizada": "4BF174437C654C538F9C72A5CF27867745005C.JPEG",
    "cantidad_archivos": 1,
    "archivos_fuente": [
      "Pictures/Fototeca de Fotos.photoslibrary/resources/derivatives/masters/4/4BF17443-7C65-4C53-8F9C-72A5CF278677_4_5005_c.jpeg"
    ],
    "ultima_modificacion": "2025-08-01 01:01:15.268218"
  },
  "4d7431c12ef24e219a05ce3d7bad610345005c.jpeg": {
    "app_sintetizada": "4D7431C12EF24E219A05CE3D7BAD610345005C.JPEG",
    "cantidad_archivos": 1,
    "archivos_fuente": [
      "Pictures/Fototeca de Fotos.photoslibrary/resources/derivatives/masters/4/4D7431C1-2EF2-4E21-9A05-CE3D7BAD6103_4_5005_c.jpeg"
    ],
    "ultima_modificacion": "2025-08-01 01:01:15.268579"
  },
  "4605e81a50ae482db014b56dac9db9d945005c.jpeg": {
    "app_sintetizada": "4605E81A50AE482DB014B56DAC9DB9D945005C.JPEG",
    "cantidad_archivos": 1,
    "archivos_fuente": [
      "Pictures/Fototeca de Fotos.photoslibrary/resources/derivatives/masters/4/4605E81A-50AE-482D-B014-B56DAC9DB9D9_4_5005_c.jpeg"
    ],
    "ultima_modificacion": "2025-08-01 01:01:15.268802"
  },
  "441d0df9e0c04bebb5e038c5bd6bb7b945005c.jpeg": {
    "app_sintetizada": "441D0DF9E0C04BEBB5E038C5BD6BB7B945005C.JPEG",
    "cantidad_archivos": 1,
    "archivos_fuente": [
      "Pictures/Fototeca de Fotos.photoslibrary/resources/derivatives/masters/4/441D0DF9-E0C0-4BEB-B5E0-38C5BD6BB7B9_4_5005_c.jpeg"
    ],
    "ultima_modificacion": "2025-08-01 01:01:15.269003"
  },
  "469d8724808a44cfb21607ed6b357d0545005c.jpeg": {
    "app_sintetizada": "469D8724808A44CFB21607ED6B357D0545005C.JPEG",
    "cantidad_archivos": 1,
    "archivos_fuente": [
      "Pictures/Fototeca de Fotos.photoslibrary/resources/derivatives/masters/4/469D8724-808A-44CF-B216-07ED6B357D05_4_5005_c.jpeg"
    ],
    "ultima_modificacion": "2025-08-01 01:01:15.269215"
  },
  "46f39f346da04c969aef42a3f2c048ee45005c.jpeg": {
    "app_sintetizada": "46F39F346DA04C969AEF42A3F2C048EE45005C.JPEG",
    "cantidad_archivos": 1,
    "archivos_fuente": [
      "Pictures/Fototeca de Fotos.photoslibrary/resources/derivatives/masters/4/46F39F34-6DA0-4C96-9AEF-42A3F2C048EE_4_5005_c.jpeg"
    ],
    "ultima_modificacion": "2025-08-01 01:01:15.269424"
  },
  "4eba88c1a3c0425782cc720162acc80945005c.jpeg": {
    "app_sintetizada": "4EBA88C1A3C0425782CC720162ACC80945005C.JPEG",
    "cantidad_archivos": 1,
    "archivos_fuente": [
      "Pictures/Fototeca de Fotos.photoslibrary/resources/derivatives/masters/4/4EBA88C1-A3C0-4257-82CC-720162ACC809_4_5005_c.jpeg"
    ],
    "ultima_modificacion": "2025-08-01 01:01:15.269667"
  },
  "472ccd9ae43a4c45a6bb3b114f38121845005c.jpeg": {
    "app_sintetizada": "472CCD9AE43A4C45A6BB3B114F38121845005C.JPEG",
    "cantidad_archivos": 1,
    "archivos_fuente": [
      "Pictures/Fototeca de Fotos.photoslibrary/resources/derivatives/masters/4/472CCD9A-E43A-4C45-A6BB-3B114F381218_4_5005_c.jpeg"
    ],
    "ultima_modificacion": "2025-08-01 01:01:15.269970"
  },
  "47623e1a998b48739659f852242769f545005c.jpeg": {
    "app_sintetizada": "47623E1A998B48739659F852242769F545005C.JPEG",
    "cantidad_archivos": 1,
    "archivos_fuente": [
      "Pictures/Fototeca de Fotos.photoslibrary/resources/derivatives/masters/4/47623E1A-998B-4873-9659-F852242769F5_4_5005_c.jpeg"
    ],
    "ultima_modificacion": "2025-08-01 01:01:15.270247"
  },
  "492a64284d5d417c954e5db46146a2e245005c.jpeg": {
    "app_sintetizada": "492A64284D5D417C954E5DB46146A2E245005C.JPEG",
    "cantidad_archivos": 1,
    "archivos_fuente": [
      "Pictures/Fototeca de Fotos.photoslibrary/resources/derivatives/masters/4/492A6428-4D5D-417C-954E-5DB46146A2E2_4_5005_c.jpeg"
    ],
    "ultima_modificacion": "2025-08-01 01:01:15.270510"
  },
  "48f72578f95b45ab91e1d863a10c5dfb45005c.jpeg": {
    "app_sintetizada": "48F72578F95B45AB91E1D863A10C5DFB45005C.JPEG",
    "cantidad_archivos": 1,
    "archivos_fuente": [
      "Pictures/Fototeca de Fotos.photoslibrary/resources/derivatives/masters/4/48F72578-F95B-45AB-91E1-D863A10C5DFB_4_5005_c.jpeg"
    ],
    "ultima_modificacion": "2025-08-01 01:01:15.270865"
  },
  "4b4da9ba211141b199c50a1adce9056a45005c.jpeg": {
    "app_sintetizada": "4B4DA9BA211141B199C50A1ADCE9056A45005C.JPEG",
    "cantidad_archivos": 1,
    "archivos_fuente": [
      "Pictures/Fototeca de Fotos.photoslibrary/resources/derivatives/masters/4/4B4DA9BA-2111-41B1-99C5-0A1ADCE9056A_4_5005_c.jpeg"
    ],
    "ultima_modificacion": "2025-08-01 01:01:15.271123"
  },
  "432caec2563541bdb53d45dcee98772545005c.jpeg": {
    "app_sintetizada": "432CAEC2563541BDB53D45DCEE98772545005C.JPEG",
    "cantidad_archivos": 1,
    "archivos_fuente": [
      "Pictures/Fototeca de Fotos.photoslibrary/resources/derivatives/masters/4/432CAEC2-5635-41BD-B53D-45DCEE987725_4_5005_c.jpeg"
    ],
    "ultima_modificacion": "2025-08-01 01:01:15.271455"
  },
  "439acef56e514b5ba31ff5b6886ace8a45005c.jpeg": {
    "app_sintetizada": "439ACEF56E514B5BA31FF5B6886ACE8A45005C.JPEG",
    "cantidad_archivos": 1,
    "archivos_fuente": [
      "Pictures/Fototeca de Fotos.photoslibrary/resources/derivatives/masters/4/439ACEF5-6E51-4B5B-A31F-F5B6886ACE8A_4_5005_c.jpeg"
    ],
    "ultima_modificacion": "2025-08-01 01:01:15.271731"
  },
  "45589474323e47a881f7a590d364627445005c.jpeg": {
    "app_sintetizada": "45589474323E47A881F7A590D364627445005C.JPEG",
    "cantidad_archivos": 1,
    "archivos_fuente": [
      "Pictures/Fototeca de Fotos.photoslibrary/resources/derivatives/masters/4/45589474-323E-47A8-81F7-A590D3646274_4_5005_c.jpeg"
    ],
    "ultima_modificacion": "2025-08-01 01:01:15.271994"
  },
  "42b7da1611c1430c953586fe44ed105445005c.jpeg": {
    "app_sintetizada": "42B7DA1611C1430C953586FE44ED105445005C.JPEG",
    "cantidad_archivos": 1,
    "archivos_fuente": [
      "Pictures/Fototeca de Fotos.photoslibrary/resources/derivatives/masters/4/42B7DA16-11C1-430C-9535-86FE44ED1054_4_5005_c.jpeg"
    ],
    "ultima_modificacion": "2025-08-01 01:01:15.272307"
  },
  "482f446679b849c9aa37239d22bc8da045005c.jpeg": {
    "app_sintetizada": "482F446679B849C9AA37239D22BC8DA045005C.JPEG",
    "cantidad_archivos": 1,
    "archivos_fuente": [
      "Pictures/Fototeca de Fotos.photoslibrary/resources/derivatives/masters/4/482F4466-79B8-49C9-AA37-239D22BC8DA0_4_5005_c.jpeg"
    ],
    "ultima_modificacion": "2025-08-01 01:01:15.272624"
  },
  "4afc6d926ef54df38a741bc065d0a48e45005c.jpeg": {
    "app_sintetizada": "4AFC6D926EF54DF38A741BC065D0A48E45005C.JPEG",
    "cantidad_archivos": 1,
    "archivos_fuente": [
      "Pictures/Fototeca de Fotos.photoslibrary/resources/derivatives/masters/4/4AFC6D92-6EF5-4DF3-8A74-1BC065D0A48E_4_5005_c.jpeg"
    ],
    "ultima_modificacion": "2025-08-01 01:01:15.272981"
  },
  "4415788bd4df4ed7b0975f5acf9fa1eb45005c.jpeg": {
    "app_sintetizada": "4415788BD4DF4ED7B0975F5ACF9FA1EB45005C.JPEG",
    "cantidad_archivos": 1,
    "archivos_fuente": [
      "Pictures/Fototeca de Fotos.photoslibrary/resources/derivatives/masters/4/4415788B-D4DF-4ED7-B097-5F5ACF9FA1EB_4_5005_c.jpeg"
    ],
    "ultima_modificacion": "2025-08-01 01:01:15.273339"
  },
  "45be1f671e9c4c83a9f949971f79c94a45005c.jpeg": {
    "app_sintetizada": "45BE1F671E9C4C83A9F949971F79C94A45005C.JPEG",
    "cantidad_archivos": 1,
    "archivos_fuente": [
      "Pictures/Fototeca de Fotos.photoslibrary/resources/derivatives/masters/4/45BE1F67-1E9C-4C83-A9F9-49971F79C94A_4_5005_c.jpeg"
    ],
    "ultima_modificacion": "2025-08-01 01:01:15.273703"
  },
  "4c7cad412c0940589a6bf4de1531ccea45005c.jpeg": {
    "app_sintetizada": "4C7CAD412C0940589A6BF4DE1531CCEA45005C.JPEG",
    "cantidad_archivos": 1,
    "archivos_fuente": [
      "Pictures/Fototeca de Fotos.photoslibrary/resources/derivatives/masters/4/4C7CAD41-2C09-4058-9A6B-F4DE1531CCEA_4_5005_c.jpeg"
    ],
    "ultima_modificacion": "2025-08-01 01:01:15.273981"
  },
  "40324d85437647eb8a183d210013849045005c.jpeg": {
    "app_sintetizada": "40324D85437647EB8A183D210013849045005C.JPEG",
    "cantidad_archivos": 1,
    "archivos_fuente": [
      "Pictures/Fototeca de Fotos.photoslibrary/resources/derivatives/masters/4/40324D85-4376-47EB-8A18-3D2100138490_4_5005_c.jpeg"
    ],
    "ultima_modificacion": "2025-08-01 01:01:15.274244"
  },
  "486d3d73c8554fd1a1076fa7248bcba645005c.jpeg": {
    "app_sintetizada": "486D3D73C8554FD1A1076FA7248BCBA645005C.JPEG",
    "cantidad_archivos": 1,
    "archivos_fuente": [
      "Pictures/Fototeca de Fotos.photoslibrary/resources/derivatives/masters/4/486D3D73-C855-4FD1-A107-6FA7248BCBA6_4_5005_c.jpeg"
    ],
    "ultima_modificacion": "2025-08-01 01:01:15.274555"
  },
  "48ddacc9df4b42099b865893ea3e6cc045005c.jpeg": {
    "app_sintetizada": "48DDACC9DF4B42099B865893EA3E6CC045005C.JPEG",
    "cantidad_archivos": 1,
    "archivos_fuente": [
      "Pictures/Fototeca de Fotos.photoslibrary/resources/derivatives/masters/4/48DDACC9-DF4B-4209-9B86-5893EA3E6CC0_4_5005_c.jpeg"
    ],
    "ultima_modificacion": "2025-08-01 01:01:15.274823"
  },
  "4f9287c37c194a088015d0ef99f5737045005c.jpeg": {
    "app_sintetizada": "4F9287C37C194A088015D0EF99F5737045005C.JPEG",
    "cantidad_archivos": 1,
    "archivos_fuente": [
      "Pictures/Fototeca de Fotos.photoslibrary/resources/derivatives/masters/4/4F9287C3-7C19-4A08-8015-D0EF99F57370_4_5005_c.jpeg"
    ],
    "ultima_modificacion": "2025-08-01 01:01:15.275181"
  },
  "412f45ac6df44e16a34ea1e7b57ba70145005c.jpeg": {
    "app_sintetizada": "412F45AC6DF44E16A34EA1E7B57BA70145005C.JPEG",
    "cantidad_archivos": 1,
    "archivos_fuente": [
      "Pictures/Fototeca de Fotos.photoslibrary/resources/derivatives/masters/4/412F45AC-6DF4-4E16-A34E-A1E7B57BA701_4_5005_c.jpeg"
    ],
    "ultima_modificacion": "2025-08-01 01:01:15.275435"
  },
  "46b2dc8d6fbc475eaa8403435f39446945005c.jpeg": {
    "app_sintetizada": "46B2DC8D6FBC475EAA8403435F39446945005C.JPEG",
    "cantidad_archivos": 1,
    "archivos_fuente": [
      "Pictures/Fototeca de Fotos.photoslibrary/resources/derivatives/masters/4/46B2DC8D-6FBC-475E-AA84-03435F394469_4_5005_c.jpeg"
    ],
    "ultima_modificacion": "2025-08-01 01:01:15.275693"
  },
  "4e49597c3dea4eb8acae181d395dbbc245005c.jpeg": {
    "app_sintetizada": "4E49597C3DEA4EB8ACAE181D395DBBC245005C.JPEG",
    "cantidad_archivos": 1,
    "archivos_fuente": [
      "Pictures/Fototeca de Fotos.photoslibrary/resources/derivatives/masters/4/4E49597C-3DEA-4EB8-ACAE-181D395DBBC2_4_5005_c.jpeg"
    ],
    "ultima_modificacion": "2025-08-01 01:01:15.275969"
  },
  "4588cf365e704ffd889dbed3c5c1dacd45005c.jpeg": {
    "app_sintetizada": "4588CF365E704FFD889DBED3C5C1DACD45005C.JPEG",
    "cantidad_archivos": 1,
    "archivos_fuente": [
      "Pictures/Fototeca de Fotos.photoslibrary/resources/derivatives/masters/4/4588CF36-5E70-4FFD-889D-BED3C5C1DACD_4_5005_c.jpeg"
    ],
    "ultima_modificacion": "2025-08-01 01:01:15.276215"
  },
  "4358f090753b42c4a31442d0ecb04e6345005c.jpeg": {
    "app_sintetizada": "4358F090753B42C4A31442D0ECB04E6345005C.JPEG",
    "cantidad_archivos": 1,
    "archivos_fuente": [
      "Pictures/Fototeca de Fotos.photoslibrary/resources/derivatives/masters/4/4358F090-753B-42C4-A314-42D0ECB04E63_4_5005_c.jpeg"
    ],
    "ultima_modificacion": "2025-08-01 01:01:15.276465"
  },
  "470807cd81204ed38ca0a5baf85e406f45005c.jpeg": {
    "app_sintetizada": "470807CD81204ED38CA0A5BAF85E406F45005C.JPEG",
    "cantidad_archivos": 1,
    "archivos_fuente": [
      "Pictures/Fototeca de Fotos.photoslibrary/resources/derivatives/masters/4/470807CD-8120-4ED3-8CA0-A5BAF85E406F_4_5005_c.jpeg"
    ],
    "ultima_modificacion": "2025-08-01 01:01:15.276815"
  },
  "49b91afffb594f218087d1bb27da35fe45005c.jpeg": {
    "app_sintetizada": "49B91AFFFB594F218087D1BB27DA35FE45005C.JPEG",
    "cantidad_archivos": 1,
    "archivos_fuente": [
      "Pictures/Fototeca de Fotos.photoslibrary/resources/derivatives/masters/4/49B91AFF-FB59-4F21-8087-D1BB27DA35FE_4_5005_c.jpeg"
    ],
    "ultima_modificacion": "2025-08-01 01:01:15.277245"
  },
  "471bfdba659649c6af9ddfd40c37790845005c.jpeg": {
    "app_sintetizada": "471BFDBA659649C6AF9DDFD40C37790845005C.JPEG",
    "cantidad_archivos": 1,
    "archivos_fuente": [
      "Pictures/Fototeca de Fotos.photoslibrary/resources/derivatives/masters/4/471BFDBA-6596-49C6-AF9D-DFD40C377908_4_5005_c.jpeg"
    ],
    "ultima_modificacion": "2025-08-01 01:01:15.277601"
  },
  "446aa53b0f384f55845101089926b71445005c.jpeg": {
    "app_sintetizada": "446AA53B0F384F55845101089926B71445005C.JPEG",
    "cantidad_archivos": 1,
    "archivos_fuente": [
      "Pictures/Fototeca de Fotos.photoslibrary/resources/derivatives/masters/4/446AA53B-0F38-4F55-8451-01089926B714_4_5005_c.jpeg"
    ],
    "ultima_modificacion": "2025-08-01 01:01:15.277852"
  },
  "4f30c271e306464ab8f77043c429403245005c.jpeg": {
    "app_sintetizada": "4F30C271E306464AB8F77043C429403245005C.JPEG",
    "cantidad_archivos": 1,
    "archivos_fuente": [
      "Pictures/Fototeca de Fotos.photoslibrary/resources/derivatives/masters/4/4F30C271-E306-464A-B8F7-7043C4294032_4_5005_c.jpeg"
    ],
    "ultima_modificacion": "2025-08-01 01:01:15.278139"
  },
  "498b4c483ca54b7fbd03aa71f416ece345005c.jpeg": {
    "app_sintetizada": "498B4C483CA54B7FBD03AA71F416ECE345005C.JPEG",
    "cantidad_archivos": 1,
    "archivos_fuente": [
      "Pictures/Fototeca de Fotos.photoslibrary/resources/derivatives/masters/4/498B4C48-3CA5-4B7F-BD03-AA71F416ECE3_4_5005_c.jpeg"
    ],
    "ultima_modificacion": "2025-08-01 01:01:15.278368"
  },
  "4e4485dc212e4e589271a4a2ab942c7745005c.jpeg": {
    "app_sintetizada": "4E4485DC212E4E589271A4A2AB942C7745005C.JPEG",
    "cantidad_archivos": 1,
    "archivos_fuente": [
      "Pictures/Fototeca de Fotos.photoslibrary/resources/derivatives/masters/4/4E4485DC-212E-4E58-9271-A4A2AB942C77_4_5005_c.jpeg"
    ],
    "ultima_modificacion": "2025-08-01 01:01:15.278577"
  }
}