{
  "30c7c5b8e57041f5b46405c82c1addb545005c.jpeg": {
    "app_sintetizada": "30C7C5B8E57041F5B46405C82C1ADDB545005C.JPEG",
    "cantidad_archivos": 1,
    "archivos_fuente": [
      "Pictures/Fototeca de Fotos.photoslibrary/resources/derivatives/masters/3/30C7C5B8-E570-41F5-B464-05C82C1ADDB5_4_5005_c.jpeg"
    ],
    "ultima_modificacion": "2025-08-01 01:01:15.815398"
  },
  "3ad0c4c48698460eb12444914d88d7cb45005c.jpeg": {
    "app_sintetizada": "3AD0C4C48698460EB12444914D88D7CB45005C.JPEG",
    "cantidad_archivos": 1,
    "archivos_fuente": [
      "Pictures/Fototeca de Fotos.photoslibrary/resources/derivatives/masters/3/3AD0C4C4-8698-460E-B124-44914D88D7CB_4_5005_c.jpeg"
    ],
    "ultima_modificacion": "2025-08-01 01:01:15.815609"
  },
  "3a6a19206ee048ef8428f61b6c3e401445005c.jpeg": {
    "app_sintetizada": "3A6A19206EE048EF8428F61B6C3E401445005C.JPEG",
    "cantidad_archivos": 1,
    "archivos_fuente": [
      "Pictures/Fototeca de Fotos.photoslibrary/resources/derivatives/masters/3/3A6A1920-6EE0-48EF-8428-F61B6C3E4014_4_5005_c.jpeg"
    ],
    "ultima_modificacion": "2025-08-01 01:01:15.815831"
  },
  "30b2ce1cc56244189ff240805a4fc39145005c.jpeg": {
    "app_sintetizada": "30B2CE1CC56244189FF240805A4FC39145005C.JPEG",
    "cantidad_archivos": 1,
    "archivos_fuente": [
      "Pictures/Fototeca de Fotos.photoslibrary/resources/derivatives/masters/3/30B2CE1C-C562-4418-9FF2-40805A4FC391_4_5005_c.jpeg"
    ],
    "ultima_modificacion": "2025-08-01 01:01:15.816035"
  },
  "385febfab75b4f74ba947b5946cc21f245005c.jpeg": {
    "app_sintetizada": "385FEBFAB75B4F74BA947B5946CC21F245005C.JPEG",
    "cantidad_archivos": 1,
    "archivos_fuente": [
      "Pictures/Fototeca de Fotos.photoslibrary/resources/derivatives/masters/3/385FEBFA-B75B-4F74-BA94-7B5946CC21F2_4_5005_c.jpeg"
    ],
    "ultima_modificacion": "2025-08-01 01:01:15.816242"
  },
  "35beea24fd8743828e5c5de3576a859245005c.jpeg": {
    "app_sintetizada": "35BEEA24FD8743828E5C5DE3576A859245005C.JPEG",
    "cantidad_archivos": 1,
    "archivos_fuente": [
      "Pictures/Fototeca de Fotos.photoslibrary/resources/derivatives/masters/3/35BEEA24-FD87-4382-8E5C-5DE3576A8592_4_5005_c.jpeg"
    ],
    "ultima_modificacion": "2025-08-01 01:01:15.816460"
  },
  "30271727f9524d43ae107a807d9c76e945005c.jpeg": {
    "app_sintetizada": "30271727F9524D43AE107A807D9C76E945005C.JPEG",
    "cantidad_archivos": 1,
    "archivos_fuente": [
      "Pictures/Fototeca de Fotos.photoslibrary/resources/derivatives/masters/3/30271727-F952-4D43-AE10-7A807D9C76E9_4_5005_c.jpeg"
    ],
    "ultima_modificacion": "2025-08-01 01:01:15.816842"
  },
  "3047458a904e445f99110ef9008edd8045005c.jpeg": {
    "app_sintetizada": "3047458A904E445F99110EF9008EDD8045005C.JPEG",
    "cantidad_archivos": 1,
    "archivos_fuente": [
      "Pictures/Fototeca de Fotos.photoslibrary/resources/derivatives/masters/3/3047458A-904E-445F-9911-0EF9008EDD80_4_5005_c.jpeg"
    ],
    "ultima_modificacion": "2025-08-01 01:01:15.817500"
  },
  "3ed8eb07b41c4b45b27887d6ff9596a345005c.jpeg": {
    "app_sintetizada": "3ED8EB07B41C4B45B27887D6FF9596A345005C.JPEG",
    "cantidad_archivos": 1,
    "archivos_fuente": [
      "Pictures/Fototeca de Fotos.photoslibrary/resources/derivatives/masters/3/3ED8EB07-B41C-4B45-B278-87D6FF9596A3_4_5005_c.jpeg"
    ],
    "ultima_modificacion": "2025-08-01 01:01:15.817752"
  },
  "39a39c46fcee48149fe04cfad8fa59b945005c.jpeg": {
    "app_sintetizada": "39A39C46FCEE48149FE04CFAD8FA59B945005C.JPEG",
    "cantidad_archivos": 1,
    "archivos_fuente": [
      "Pictures/Fototeca de Fotos.photoslibrary/resources/derivatives/masters/3/39A39C46-FCEE-4814-9FE0-4CFAD8FA59B9_4_5005_c.jpeg"
    ],
    "ultima_modificacion": "2025-08-01 01:01:15.817976"
  },
  "3539a1bf510444aaadf5f50ea2dac12445005c.jpeg": {
    "app_sintetizada": "3539A1BF510444AAADF5F50EA2DAC12445005C.JPEG",
    "cantidad_archivos": 1,
    "archivos_fuente": [
      "Pictures/Fototeca de Fotos.photoslibrary/resources/derivatives/masters/3/3539A1BF-5104-44AA-ADF5-F50EA2DAC124_4_5005_c.jpeg"
    ],
    "ultima_modificacion": "2025-08-01 01:01:15.818203"
  },
  "3485b2a3d8724a80b16a953771d12ecd45005c.jpeg": {
    "app_sintetizada": "3485B2A3D8724A80B16A953771D12ECD45005C.JPEG",
    "cantidad_archivos": 1,
    "archivos_fuente": [
      "Pictures/Fototeca de Fotos.photoslibrary/resources/derivatives/masters/3/3485B2A3-D872-4A80-B16A-953771D12ECD_4_5005_c.jpeg"
    ],
    "ultima_modificacion": "2025-08-01 01:01:15.818429"
  },
  "375ceaa148ef4b269f1a1f0afff17c3745005c.jpeg": {
    "app_sintetizada": "375CEAA148EF4B269F1A1F0AFFF17C3745005C.JPEG",
    "cantidad_archivos": 1,
    "archivos_fuente": [
      "Pictures/Fototeca de Fotos.photoslibrary/resources/derivatives/masters/3/375CEAA1-48EF-4B26-9F1A-1F0AFFF17C37_4_5005_c.jpeg"
    ],
    "ultima_modificacion": "2025-08-01 01:01:15.818655"
  },
  "36e7e8bec8ea4215be4fde413cd7f60e45005c.jpeg": {
    "app_sintetizada": "36E7E8BEC8EA4215BE4FDE413CD7F60E45005C.JPEG",
    "cantidad_archivos": 1,
    "archivos_fuente": [
      "Pictures/Fototeca de Fotos.photoslibrary/resources/derivatives/masters/3/36E7E8BE-C8EA-4215-BE4F-DE413CD7F60E_4_5005_c.jpeg"
    ],
    "ultima_modificacion": "2025-08-01 01:01:15.818877"
  },
  "3b43495095914deaa4aef214503a432745005c.jpeg": {
    "app_sintetizada": "3B43495095914DEAA4AEF214503A432745005C.JPEG",
    "cantidad_archivos": 1,
    "archivos_fuente": [
      "Pictures/Fototeca de Fotos.photoslibrary/resources/derivatives/masters/3/3B434950-9591-4DEA-A4AE-F214503A4327_4_5005_c.jpeg"
    ],
    "ultima_modificacion": "2025-08-01 01:01:15.819083"
  },
  "364468737751493a88874115a4d3c58045005c.jpeg": {
    "app_sintetizada": "364468737751493A88874115A4D3C58045005C.JPEG",
    "cantidad_archivos": 1,
    "archivos_fuente": [
      "Pictures/Fototeca de Fotos.photoslibrary/resources/derivatives/masters/3/36446873-7751-493A-8887-4115A4D3C580_4_5005_c.jpeg"
    ],
    "ultima_modificacion": "2025-08-01 01:01:15.819291"
  },
  "3dff4ab34b504771b662f1e6065dd7e245005c.jpeg": {
    "app_sintetizada": "3DFF4AB34B504771B662F1E6065DD7E245005C.JPEG",
    "cantidad_archivos": 1,
    "archivos_fuente": [
      "Pictures/Fototeca de Fotos.photoslibrary/resources/derivatives/masters/3/3DFF4AB3-4B50-4771-B662-F1E6065DD7E2_4_5005_c.jpeg"
    ],
    "ultima_modificacion": "2025-08-01 01:01:15.819501"
  },
  "32bf190e81e44c8e95395382e92b95fe45005c.jpeg": {
    "app_sintetizada": "32BF190E81E44C8E95395382E92B95FE45005C.JPEG",
    "cantidad_archivos": 1,
    "archivos_fuente": [
      "Pictures/Fototeca de Fotos.photoslibrary/resources/derivatives/masters/3/32BF190E-81E4-4C8E-9539-5382E92B95FE_4_5005_c.jpeg"
    ],
    "ultima_modificacion": "2025-08-01 01:01:15.819734"
  },
  "37fea1f9c9dc4cd9b6572844fb18d37e45005c.jpeg": {
    "app_sintetizada": "37FEA1F9C9DC4CD9B6572844FB18D37E45005C.JPEG",
    "cantidad_archivos": 1,
    "archivos_fuente": [
      "Pictures/Fototeca de Fotos.photoslibrary/resources/derivatives/masters/3/37FEA1F9-C9DC-4CD9-B657-2844FB18D37E_4_5005_c.jpeg"
    ],
    "ultima_modificacion": "2025-08-01 01:01:15.819949"
  },
  "37b13f9087a34562a1d39942a9f3718945005c.jpeg": {
    "app_sintetizada": "37B13F9087A34562A1D39942A9F3718945005C.JPEG",
    "cantidad_archivos": 1,
    "archivos_fuente": [
      "Pictures/Fototeca de Fotos.photoslibrary/resources/derivatives/masters/3/37B13F90-87A3-4562-A1D3-9942A9F37189_4_5005_c.jpeg"
    ],
    "ultima_modificacion": "2025-08-01 01:01:15.820158"
  },
  "32ab4d0f18e644399aa4d96550028f8e45005c.jpeg": {
    "app_sintetizada": "32AB4D0F18E644399AA4D96550028F8E45005C.JPEG",
    "cantidad_archivos": 1,
    "archivos_fuente": [
      "Pictures/Fototeca de Fotos.photoslibrary/resources/derivatives/masters/3/32AB4D0F-18E6-4439-9AA4-D96550028F8E_4_5005_c.jpeg"
    ],
    "ultima_modificacion": "2025-08-01 01:01:15.820366"
  },
  "3ac4f42e8eba4c579e60509abc3b208a45005c.jpeg": {
    "app_sintetizada": "3AC4F42E8EBA4C579E60509ABC3B208A45005C.JPEG",
    "cantidad_archivos": 1,
    "archivos_fuente": [
      "Pictures/Fototeca de Fotos.photoslibrary/resources/derivatives/masters/3/3AC4F42E-8EBA-4C57-9E60-509ABC3B208A_4_5005_c.jpeg"
    ],
    "ultima_modificacion": "2025-08-01 01:01:15.820594"
  },
  "37171e387b804bd9b56fcc562923aaf245005c.jpeg": {
    "app_sintetizada": "37171E387B804BD9B56FCC562923AAF245005C.JPEG",
    "cantidad_archivos": 1,
    "archivos_fuente": [
      "Pictures/Fototeca de Fotos.photoslibrary/resources/derivatives/masters/3/37171E38-7B80-4BD9-B56F-CC562923AAF2_4_5005_c.jpeg"
    ],
    "ultima_modificacion": "2025-08-01 01:01:15.820888"
  },
  "3d4a57fddb8e4625a847ff5090e28cad45005c.jpeg": {
    "app_sintetizada": "3D4A57FDDB8E4625A847FF5090E28CAD45005C.JPEG",
    "cantidad_archivos": 1,
    "archivos_fuente": [
      "Pictures/Fototeca de Fotos.photoslibrary/resources/derivatives/masters/3/3D4A57FD-DB8E-4625-A847-FF5090E28CAD_4_5005_c.jpeg"
    ],
    "ultima_modificacion": "2025-08-01 01:01:15.821114"
  },
  "32344a6e630a4ffc8c08f7ca60a5078645005c.jpeg": {
    "app_sintetizada": "32344A6E630A4FFC8C08F7CA60A5078645005C.JPEG",
    "cantidad_archivos": 1,
    "archivos_fuente": [
      "Pictures/Fototeca de Fotos.photoslibrary/resources/derivatives/masters/3/32344A6E-630A-4FFC-8C08-F7CA60A50786_4_5005_c.jpeg"
    ],
    "ultima_modificacion": "2025-08-01 01:01:15.821517"
  },
  "3515f87d487a44708061d565570a917145005c.jpeg": {
    "app_sintetizada": "3515F87D487A44708061D565570A917145005C.JPEG",
    "cantidad_archivos": 1,
    "archivos_fuente": [
      "Pictures/Fototeca de Fotos.photoslibrary/resources/derivatives/masters/3/3515F87D-487A-4470-8061-D565570A9171_4_5005_c.jpeg"
    ],
    "ultima_modificacion": "2025-08-01 01:01:15.822613"
  },
  "3ccad5a189be43e5bc24f6e85fbee9fe45005c.jpeg": {
    "app_sintetizada": "3CCAD5A189BE43E5BC24F6E85FBEE9FE45005C.JPEG",
    "cantidad_archivos": 1,
    "archivos_fuente": [
      "Pictures/Fototeca de Fotos.photoslibrary/resources/derivatives/masters/3/3CCAD5A1-89BE-43E5-BC24-F6E85FBEE9FE_4_5005_c.jpeg"
    ],
    "ultima_modificacion": "2025-08-01 01:01:15.823107"
  },
  "3d341731cbf54da89e24e5dc131caffe45005c.jpeg": {
    "app_sintetizada": "3D341731CBF54DA89E24E5DC131CAFFE45005C.JPEG",
    "cantidad_archivos": 1,
    "archivos_fuente": [
      "Pictures/Fototeca de Fotos.photoslibrary/resources/derivatives/masters/3/3D341731-CBF5-4DA8-9E24-E5DC131CAFFE_4_5005_c.jpeg"
    ],
    "ultima_modificacion": "2025-08-01 01:01:15.823450"
  },
  "3224da817f1b4a5caaaca7318791c0ac45005c.jpeg": {
    "app_sintetizada": "3224DA817F1B4A5CAAACA7318791C0AC45005C.JPEG",
    "cantidad_archivos": 1,
    "archivos_fuente": [
      "Pictures/Fototeca de Fotos.photoslibrary/resources/derivatives/masters/3/3224DA81-7F1B-4A5C-AAAC-A7318791C0AC_4_5005_c.jpeg"
    ],
    "ultima_modificacion": "2025-08-01 01:01:15.823700"
  },
  "388e35a348db497fa6fcd579e7d8f75345005c.jpeg": {
    "app_sintetizada": "388E35A348DB497FA6FCD579E7D8F75345005C.JPEG",
    "cantidad_archivos": 1,
    "archivos_fuente": [
      "Pictures/Fototeca de Fotos.photoslibrary/resources/derivatives/masters/3/388E35A3-48DB-497F-A6FC-D579E7D8F753_4_5005_c.jpeg"
    ],
    "ultima_modificacion": "2025-08-01 01:01:15.823932"
  },
  "3616a4cb14c74ec08107301ca456fcf145005c.jpeg": {
    "app_sintetizada": "3616A4CB14C74EC08107301CA456FCF145005C.JPEG",
    "cantidad_archivos": 1,
    "archivos_fuente": [
      "Pictures/Fototeca de Fotos.photoslibrary/resources/derivatives/masters/3/3616A4CB-14C7-4EC0-8107-301CA456FCF1_4_5005_c.jpeg"
    ],
    "ultima_modificacion": "2025-08-01 01:01:15.824357"
  },
  "35ee7b7138ff43c286cb4fc26dfc553c45005c.jpeg": {
    "app_sintetizada": "35EE7B7138FF43C286CB4FC26DFC553C45005C.JPEG",
    "cantidad_archivos": 1,
    "archivos_fuente": [
      "Pictures/Fototeca de Fotos.photoslibrary/resources/derivatives/masters/3/35EE7B71-38FF-43C2-86CB-4FC26DFC553C_4_5005_c.jpeg"
    ],
    "ultima_modificacion": "2025-08-01 01:01:15.824601"
  },
  "356d1cb2374b44acadac1d993f72717745005c.jpeg": {
    "app_sintetizada": "356D1CB2374B44ACADAC1D993F72717745005C.JPEG",
    "cantidad_archivos": 1,
    "archivos_fuente": [
      "Pictures/Fototeca de Fotos.photoslibrary/resources/derivatives/masters/3/356D1CB2-374B-44AC-ADAC-1D993F727177_4_5005_c.jpeg"
    ],
    "ultima_modificacion": "2025-08-01 01:01:15.824828"
  },
  "3873a617f2dd4ad8adb2f35c2b74bc8f45005c.jpeg": {
    "app_sintetizada": "3873A617F2DD4AD8ADB2F35C2B74BC8F45005C.JPEG",
    "cantidad_archivos": 1,
    "archivos_fuente": [
      "Pictures/Fototeca de Fotos.photoslibrary/resources/derivatives/masters/3/3873A617-F2DD-4AD8-ADB2-F35C2B74BC8F_4_5005_c.jpeg"
    ],
    "ultima_modificacion": "2025-08-01 01:01:15.825149"
  },
  "3057c204877b433cbfd274fea7199c0345005c.jpeg": {
    "app_sintetizada": "3057C204877B433CBFD274FEA7199C0345005C.JPEG",
    "cantidad_archivos": 1,
    "archivos_fuente": [
      "Pictures/Fototeca de Fotos.photoslibrary/resources/derivatives/masters/3/3057C204-877B-433C-BFD2-74FEA7199C03_4_5005_c.jpeg"
    ],
    "ultima_modificacion": "2025-08-01 01:01:15.825420"
  },
  "3a64ea420c8747a6ac493fb06652fad145005c.jpeg": {
    "app_sintetizada": "3A64EA420C8747A6AC493FB06652FAD145005C.JPEG",
    "cantidad_archivos": 1,
    "archivos_fuente": [
      "Pictures/Fototeca de Fotos.photoslibrary/resources/derivatives/masters/3/3A64EA42-0C87-47A6-AC49-3FB06652FAD1_4_5005_c.jpeg"
    ],
    "ultima_modificacion": "2025-08-01 01:01:15.825789"
  },
  "3cb72a025d1547ff93f3607c11570b8545005c.jpeg": {
    "app_sintetizada": "3CB72A025D1547FF93F3607C11570B8545005C.JPEG",
    "cantidad_archivos": 1,
    "archivos_fuente": [
      "Pictures/Fototeca de Fotos.photoslibrary/resources/derivatives/masters/3/3CB72A02-5D15-47FF-93F3-607C11570B85_4_5005_c.jpeg"
    ],
    "ultima_modificacion": "2025-08-01 01:01:15.826057"
  },
  "36757b50354c49e1bcf285bf5a5192e345005c.jpeg": {
    "app_sintetizada": "36757B50354C49E1BCF285BF5A5192E345005C.JPEG",
    "cantidad_archivos": 1,
    "archivos_fuente": [
      "Pictures/Fototeca de Fotos.photoslibrary/resources/derivatives/masters/3/36757B50-354C-49E1-BCF2-85BF5A5192E3_4_5005_c.jpeg"
    ],
    "ultima_modificacion": "2025-08-01 01:01:15.826341"
  },
  "3514e7848b1e4db38c19f6688a909d6c45005c.jpeg": {
    "app_sintetizada": "3514E7848B1E4DB38C19F6688A909D6C45005C.JPEG",
    "cantidad_archivos": 1,
    "archivos_fuente": [
      "Pictures/Fototeca de Fotos.photoslibrary/resources/derivatives/masters/3/3514E784-8B1E-4DB3-8C19-F6688A909D6C_4_5005_c.jpeg"
    ],
    "ultima_modificacion": "2025-08-01 01:01:15.826655"
  },
  "3a3feba557f84adc9a1f84cec62437eb45005c.jpeg": {
    "app_sintetizada": "3A3FEBA557F84ADC9A1F84CEC62437EB45005C.JPEG",
    "cantidad_archivos": 1,
    "archivos_fuente": [
      "Pictures/Fototeca de Fotos.photoslibrary/resources/derivatives/masters/3/3A3FEBA5-57F8-4ADC-9A1F-84CEC62437EB_4_5005_c.jpeg"
    ],
    "ultima_modificacion": "2025-08-01 01:01:15.826915"
  },
  "38e4b69575ef401bac0dd4ed72492ab845005c.jpeg": {
    "app_sintetizada": "38E4B69575EF401BAC0DD4ED72492AB845005C.JPEG",
    "cantidad_archivos": 1,
    "archivos_fuente": [
      "Pictures/Fototeca de Fotos.photoslibrary/resources/derivatives/masters/3/38E4B695-75EF-401B-AC0D-D4ED72492AB8_4_5005_c.jpeg"
    ],
    "ultima_modificacion": "2025-08-01 01:01:15.827274"
  },
  "35d0c0e7d7ef4bd1afce575bf836bbee45005c.jpeg": {
    "app_sintetizada": "35D0C0E7D7EF4BD1AFCE575BF836BBEE45005C.JPEG",
    "cantidad_archivos": 1,
    "archivos_fuente": [
      "Pictures/Fototeca de Fotos.photoslibrary/resources/derivatives/masters/3/35D0C0E7-D7EF-4BD1-AFCE-575BF836BBEE_4_5005_c.jpeg"
    ],
    "ultima_modificacion": "2025-08-01 01:01:15.827628"
  },
  "363f0bcbcaee4357bb2a2c6740f46c3145005c.jpeg": {
    "app_sintetizada": "363F0BCBCAEE4357BB2A2C6740F46C3145005C.JPEG",
    "cantidad_archivos": 1,
    "archivos_fuente": [
      "Pictures/Fototeca de Fotos.photoslibrary/resources/derivatives/masters/3/363F0BCB-CAEE-4357-BB2A-2C6740F46C31_4_5005_c.jpeg"
    ],
    "ultima_modificacion": "2025-08-01 01:01:15.827906"
  },
  "3dea755969094cefac0cb105f3535a4045005c.jpeg": {
    "app_sintetizada": "3DEA755969094CEFAC0CB105F3535A4045005C.JPEG",
    "cantidad_archivos": 1,
    "archivos_fuente": [
      "Pictures/Fototeca de Fotos.photoslibrary/resources/derivatives/masters/3/3DEA7559-6909-4CEF-AC0C-B105F3535A40_4_5005_c.jpeg"
    ],
    "ultima_modificacion": "2025-08-01 01:01:15.828210"
  },
  "33d414bc89c043fcad00b0ec3c78275c45005c.jpeg": {
    "app_sintetizada": "33D414BC89C043FCAD00B0EC3C78275C45005C.JPEG",
    "cantidad_archivos": 1,
    "archivos_fuente": [
      "Pictures/Fototeca de Fotos.photoslibrary/resources/derivatives/masters/3/33D414BC-89C0-43FC-AD00-B0EC3C78275C_4_5005_c.jpeg"
    ],
    "ultima_modificacion": "2025-08-01 01:01:15.828463"
  },
  "3edc9f9622784807bb3d5861a341d05945005c.jpeg": {
    "app_sintetizada": "3EDC9F9622784807BB3D5861A341D05945005C.JPEG",
    "cantidad_archivos": 1,
    "archivos_fuente": [
      "Pictures/Fototeca de Fotos.photoslibrary/resources/derivatives/masters/3/3EDC9F96-2278-4807-BB3D-5861A341D059_4_5005_c.jpeg"
    ],
    "ultima_modificacion": "2025-08-01 01:01:15.828734"
  },
  "3d9b0e61e3804ef6956f7aa8b0fd19b845005c.jpeg": {
    "app_sintetizada": "3D9B0E61E3804EF6956F7AA8B0FD19B845005C.JPEG",
    "cantidad_archivos": 1,
    "archivos_fuente": [
      "Pictures/Fototeca de Fotos.photoslibrary/resources/derivatives/masters/3/3D9B0E61-E380-4EF6-956F-7AA8B0FD19B8_4_5005_c.jpeg"
    ],
    "ultima_modificacion": "2025-08-01 01:01:15.828991"
  },
  "3996667ebb2c4492a1217a59f0a7b88145005c.jpeg": {
    "app_sintetizada": "3996667EBB2C4492A1217A59F0A7B88145005C.JPEG",
    "cantidad_archivos": 1,
    "archivos_fuente": [
      "Pictures/Fototeca de Fotos.photoslibrary/resources/derivatives/masters/3/3996667E-BB2C-4492-A121-7A59F0A7B881_4_5005_c.jpeg"
    ],
    "ultima_modificacion": "2025-08-01 01:01:15.829350"
  },
  "3e3c8c2b83ae41ea89dc03f369aea48745005c.jpeg": {
    "app_sintetizada": "3E3C8C2B83AE41EA89DC03F369AEA48745005C.JPEG",
    "cantidad_archivos": 1,
    "archivos_fuente": [
      "Pictures/Fototeca de Fotos.photoslibrary/resources/derivatives/masters/3/3E3C8C2B-83AE-41EA-89DC-03F369AEA487_4_5005_c.jpeg"
    ],
    "ultima_modificacion": "2025-08-01 01:01:15.829601"
  },
  "3bfcf5ec1f5d4abdb2649cc4c01fcc4645005c.jpeg": {
    "app_sintetizada": "3BFCF5EC1F5D4ABDB2649CC4C01FCC4645005C.JPEG",
    "cantidad_archivos": 1,
    "archivos_fuente": [
      "Pictures/Fototeca de Fotos.photoslibrary/resources/derivatives/masters/3/3BFCF5EC-1F5D-4ABD-B264-9CC4C01FCC46_4_5005_c.jpeg"
    ],
    "ultima_modificacion": "2025-08-01 01:01:15.829845"
  },
  "305b19f51dc8426a9f05d31a2d36ca4945005c.jpeg": {
    "app_sintetizada": "305B19F51DC8426A9F05D31A2D36CA4945005C.JPEG",
    "cantidad_archivos": 1,
    "archivos_fuente": [
      "Pictures/Fototeca de Fotos.photoslibrary/resources/derivatives/masters/3/305B19F5-1DC8-426A-9F05-D31A2D36CA49_4_5005_c.jpeg"
    ],
    "ultima_modificacion": "2025-08-01 01:01:15.830098"
  },
  "333bbaa3b1fb406e98ee7a9caebe85d645005c.jpeg": {
    "app_sintetizada": "333BBAA3B1FB406E98EE7A9CAEBE85D645005C.JPEG",
    "cantidad_archivos": 1,
    "archivos_fuente": [
      "Pictures/Fototeca de Fotos.photoslibrary/resources/derivatives/masters/3/333BBAA3-B1FB-406E-98EE-7A9CAEBE85D6_4_5005_c.jpeg"
    ],
    "ultima_modificacion": "2025-08-01 01:01:15.830353"
  },
  "3490374974d04e748469cac58c46f20d45005c.jpeg": {
    "app_sintetizada": "3490374974D04E748469CAC58C46F20D45005C.JPEG",
    "cantidad_archivos": 1,
    "archivos_fuente": [
      "Pictures/Fototeca de Fotos.photoslibrary/resources/derivatives/masters/3/34903749-74D0-4E74-8469-CAC58C46F20D_4_5005_c.jpeg"
    ],
    "ultima_modificacion": "2025-08-01 01:01:15.830685"
  },
  "30e916b6db47467198dd1efe88e6774345005c.jpeg": {
    "app_sintetizada": "30E916B6DB47467198DD1EFE88E6774345005C.JPEG",
    "cantidad_archivos": 1,
    "archivos_fuente": [
      "Pictures/Fototeca de Fotos.photoslibrary/resources/derivatives/masters/3/30E916B6-DB47-4671-98DD-1EFE88E67743_4_5005_c.jpeg"
    ],
    "ultima_modificacion": "2025-08-01 01:01:15.830931"
  },
  "39db3e10d8734010a6afa602c2bff93d45005c.jpeg": {
    "app_sintetizada": "39DB3E10D8734010A6AFA602C2BFF93D45005C.JPEG",
    "cantidad_archivos": 1,
    "archivos_fuente": [
      "Pictures/Fototeca de Fotos.photoslibrary/resources/derivatives/masters/3/39DB3E10-D873-4010-A6AF-A602C2BFF93D_4_5005_c.jpeg"
    ],
    "ultima_modificacion": "2025-08-01 01:01:15.831186"
  },
  "33c8feffd3a14dc1a8cfe6a39dba205245005c.jpeg": {
    "app_sintetizada": "33C8FEFFD3A14DC1A8CFE6A39DBA205245005C.JPEG",
    "cantidad_archivos": 1,
    "archivos_fuente": [
      "Pictures/Fototeca de Fotos.photoslibrary/resources/derivatives/masters/3/33C8FEFF-D3A1-4DC1-A8CF-E6A39DBA2052_4_5005_c.jpeg"
    ],
    "ultima_modificacion": "2025-08-01 01:01:15.831481"
  },
  "3a47f53644bf4c25bf638b9876b9eb0545005c.jpeg": {
    "app_sintetizada": "3A47F53644BF4C25BF638B9876B9EB0545005C.JPEG",
    "cantidad_archivos": 1,
    "archivos_fuente": [
      "Pictures/Fototeca de Fotos.photoslibrary/resources/derivatives/masters/3/3A47F536-44BF-4C25-BF63-8B9876B9EB05_4_5005_c.jpeg"
    ],
    "ultima_modificacion": "2025-08-01 01:01:15.831718"
  },
  "38b5d52da85245b6a991cc95a397458445005c.jpeg": {
    "app_sintetizada": "38B5D52DA85245B6A991CC95A397458445005C.JPEG",
    "cantidad_archivos": 1,
    "archivos_fuente": [
      "Pictures/Fototeca de Fotos.photoslibrary/resources/derivatives/masters/3/38B5D52D-A852-45B6-A991-CC95A3974584_4_5005_c.jpeg"
    ],
    "ultima_modificacion": "2025-08-01 01:01:15.831974"
  },
  "32bad57f958a41359becd2a6fda0717e45005c.jpeg": {
    "app_sintetizada": "32BAD57F958A41359BECD2A6FDA0717E45005C.JPEG",
    "cantidad_archivos": 1,
    "archivos_fuente": [
      "Pictures/Fototeca de Fotos.photoslibrary/resources/derivatives/masters/3/32BAD57F-958A-4135-9BEC-D2A6FDA0717E_4_5005_c.jpeg"
    ],
    "ultima_modificacion": "2025-08-01 01:01:15.832219"
  },
  "3bb4b71ae78f456595a5a7bacf7f793845005c.jpeg": {
    "app_sintetizada": "3BB4B71AE78F456595A5A7BACF7F793845005C.JPEG",
    "cantidad_archivos": 1,
    "archivos_fuente": [
      "Pictures/Fototeca de Fotos.photoslibrary/resources/derivatives/masters/3/3BB4B71A-E78F-4565-95A5-A7BACF7F7938_4_5005_c.jpeg"
    ],
    "ultima_modificacion": "2025-08-01 01:01:15.832544"
  },
  "3ff06244e34d488f97404b0a7743c18e45005c.jpeg": {
    "app_sintetizada": "3FF06244E34D488F97404B0A7743C18E45005C.JPEG",
    "cantidad_archivos": 1,
    "archivos_fuente": [
      "Pictures/Fototeca de Fotos.photoslibrary/resources/derivatives/masters/3/3FF06244-E34D-488F-9740-4B0A7743C18E_4_5005_c.jpeg"
    ],
    "ultima_modificacion": "2025-08-01 01:01:15.832863"
  },
  "363f8bd924a64da7884ed7729f2db58245005c.jpeg": {
    "app_sintetizada": "363F8BD924A64DA7884ED7729F2DB58245005C.JPEG",
    "cantidad_archivos": 1,
    "archivos_fuente": [
      "Pictures/Fototeca de Fotos.photoslibrary/resources/derivatives/masters/3/363F8BD9-24A6-4DA7-884E-D7729F2DB582_4_5005_c.jpeg"
    ],
    "ultima_modificacion": "2025-08-01 01:01:15.833132"
  },
  "30b4c4b7853d48ba9a969c6a1a71d91e45005c.jpeg": {
    "app_sintetizada": "30B4C4B7853D48BA9A969C6A1A71D91E45005C.JPEG",
    "cantidad_archivos": 1,
    "archivos_fuente": [
      "Pictures/Fototeca de Fotos.photoslibrary/resources/derivatives/masters/3/30B4C4B7-853D-48BA-9A96-9C6A1A71D91E_4_5005_c.jpeg"
    ],
    "ultima_modificacion": "2025-08-01 01:01:15.833441"
  },
  "3044cef2d4dc45bbb05905e32d1f734645005c.jpeg": {
    "app_sintetizada": "3044CEF2D4DC45BBB05905E32D1F734645005C.JPEG",
    "cantidad_archivos": 1,
    "archivos_fuente": [
      "Pictures/Fototeca de Fotos.photoslibrary/resources/derivatives/masters/3/3044CEF2-D4DC-45BB-B059-05E32D1F7346_4_5005_c.jpeg"
    ],
    "ultima_modificacion": "2025-08-01 01:01:15.833765"
  },
  "3de2279a4a7a43d4bfa348ac89d95fd245005c.jpeg": {
    "app_sintetizada": "3DE2279A4A7A43D4BFA348AC89D95FD245005C.JPEG",
    "cantidad_archivos": 1,
    "archivos_fuente": [
      "Pictures/Fototeca de Fotos.photoslibrary/resources/derivatives/masters/3/3DE2279A-4A7A-43D4-BFA3-48AC89D95FD2_4_5005_c.jpeg"
    ],
    "ultima_modificacion": "2025-08-01 01:01:15.834070"
  },
  "3e45c231daba4f54acdae57fed9dce3a45005c.jpeg": {
    "app_sintetizada": "3E45C231DABA4F54ACDAE57FED9DCE3A45005C.JPEG",
    "cantidad_archivos": 1,
    "archivos_fuente": [
      "Pictures/Fototeca de Fotos.photoslibrary/resources/derivatives/masters/3/3E45C231-DABA-4F54-ACDA-E57FED9DCE3A_4_5005_c.jpeg"
    ],
    "ultima_modificacion": "2025-08-01 01:01:15.834433"
  },
  "3e5499bd2e614b36abf52f262a41c90b45005c.jpeg": {
    "app_sintetizada": "3E5499BD2E614B36ABF52F262A41C90B45005C.JPEG",
    "cantidad_archivos": 1,
    "archivos_fuente": [
      "Pictures/Fototeca de Fotos.photoslibrary/resources/derivatives/masters/3/3E5499BD-2E61-4B36-ABF5-2F262A41C90B_4_5005_c.jpeg"
    ],
    "ultima_modificacion": "2025-08-01 01:01:15.834740"
  },
  "348daef0dfe44cf1ab2601b132690fc345005c.jpeg": {
    "app_sintetizada": "348DAEF0DFE44CF1AB2601B132690FC345005C.JPEG",
    "cantidad_archivos": 1,
    "archivos_fuente": [
      "Pictures/Fototeca de Fotos.photoslibrary/resources/derivatives/masters/3/348DAEF0-DFE4-4CF1-AB26-01B132690FC3_4_5005_c.jpeg"
    ],
    "ultima_modificacion": "2025-08-01 01:01:15.835070"
  },
  "3285bd7640124e1fa46cb046aa033f6c45005c.jpeg": {
    "app_sintetizada": "3285BD7640124E1FA46CB046AA033F6C45005C.JPEG",
    "cantidad_archivos": 1,
    "archivos_fuente": [
      "Pictures/Fototeca de Fotos.photoslibrary/resources/derivatives/masters/3/3285BD76-4012-4E1F-A46C-B046AA033F6C_4_5005_c.jpeg"
    ],
    "ultima_modificacion": "2025-08-01 01:01:15.835331"
  },
  "3c3d0689647e4ebf99c6f1d168922a7345005c.jpeg": {
    "app_sintetizada": "3C3D0689647E4EBF99C6F1D168922A7345005C.JPEG",
    "cantidad_archivos": 1,
    "archivos_fuente": [
      "Pictures/Fototeca de Fotos.photoslibrary/resources/derivatives/masters/3/3C3D0689-647E-4EBF-99C6-F1D168922A73_4_5005_c.jpeg"
    ],
    "ultima_modificacion": "2025-08-01 01:01:15.835683"
  },
  "34be92a07d06492ba8397eb046db30d845005c.jpeg": {
    "app_sintetizada": "34BE92A07D06492BA8397EB046DB30D845005C.JPEG",
    "cantidad_archivos": 1,
    "archivos_fuente": [
      "Pictures/Fototeca de Fotos.photoslibrary/resources/derivatives/masters/3/34BE92A0-7D06-492B-A839-7EB046DB30D8_4_5005_c.jpeg"
    ],
    "ultima_modificacion": "2025-08-01 01:01:15.835938"
  },
  "3bfccc4ed06b4177b069d367dca4344b45005c.jpeg": {
    "app_sintetizada": "3BFCCC4ED06B4177B069D367DCA4344B45005C.JPEG",
    "cantidad_archivos": 1,
    "archivos_fuente": [
      "Pictures/Fototeca de Fotos.photoslibrary/resources/derivatives/masters/3/3BFCCC4E-D06B-4177-B069-D367DCA4344B_4_5005_c.jpeg"
    ],
    "ultima_modificacion": "2025-08-01 01:01:15.836235"
  },
  "309297ed773a4fd291f5e2b46551d0bc45005c.jpeg": {
    "app_sintetizada": "309297ED773A4FD291F5E2B46551D0BC45005C.JPEG",
    "cantidad_archivos": 1,
    "archivos_fuente": [
      "Pictures/Fototeca de Fotos.photoslibrary/resources/derivatives/masters/3/309297ED-773A-4FD2-91F5-E2B46551D0BC_4_5005_c.jpeg"
    ],
    "ultima_modificacion": "2025-08-01 01:01:15.836545"
  },
  "38f867fd9e6842a18326dfd15754dfbe45005c.jpeg": {
    "app_sintetizada": "38F867FD9E6842A18326DFD15754DFBE45005C.JPEG",
    "cantidad_archivos": 1,
    "archivos_fuente": [
      "Pictures/Fototeca de Fotos.photoslibrary/resources/derivatives/masters/3/38F867FD-9E68-42A1-8326-DFD15754DFBE_4_5005_c.jpeg"
    ],
    "ultima_modificacion": "2025-08-01 01:01:15.836857"
  },
  "370f5bbba38941a687f469cb6b867a3745005c.jpeg": {
    "app_sintetizada": "370F5BBBA38941A687F469CB6B867A3745005C.JPEG",
    "cantidad_archivos": 1,
    "archivos_fuente": [
      "Pictures/Fototeca de Fotos.photoslibrary/resources/derivatives/masters/3/370F5BBB-A389-41A6-87F4-69CB6B867A37_4_5005_c.jpeg"
    ],
    "ultima_modificacion": "2025-08-01 01:01:15.837148"
  },
  "31c317e3a2cd47198ea9ac147ade2cf345005c.jpeg": {
    "app_sintetizada": "31C317E3A2CD47198EA9AC147ADE2CF345005C.JPEG",
    "cantidad_archivos": 1,
    "archivos_fuente": [
      "Pictures/Fototeca de Fotos.photoslibrary/resources/derivatives/masters/3/31C317E3-A2CD-4719-8EA9-AC147ADE2CF3_4_5005_c.jpeg"
    ],
    "ultima_modificacion": "2025-08-01 01:01:15.837521"
  },
  "33760086935c486391d22386fba3053645005c.jpeg": {
    "app_sintetizada": "33760086935C486391D22386FBA3053645005C.JPEG",
    "cantidad_archivos": 1,
    "archivos_fuente": [
      "Pictures/Fototeca de Fotos.photoslibrary/resources/derivatives/masters/3/33760086-935C-4863-91D2-2386FBA30536_4_5005_c.jpeg"
    ],
    "ultima_modificacion": "2025-08-01 01:01:15.837958"
  },
  "3ce1ce1f6a6148af8dd40e629425284245005c.jpeg": {
    "app_sintetizada": "3CE1CE1F6A6148AF8DD40E629425284245005C.JPEG",
    "cantidad_archivos": 1,
    "archivos_fuente": [
      "Pictures/Fototeca de Fotos.photoslibrary/resources/derivatives/masters/3/3CE1CE1F-6A61-48AF-8DD4-0E6294252842_4_5005_c.jpeg"
    ],
    "ultima_modificacion": "2025-08-01 01:01:15.838359"
  },
  "3a1d4e32fe694166ba5ce7ad1f51c3f045005c.jpeg": {
    "app_sintetizada": "3A1D4E32FE694166BA5CE7AD1F51C3F045005C.JPEG",
    "cantidad_archivos": 1,
    "archivos_fuente": [
      "Pictures/Fototeca de Fotos.photoslibrary/resources/derivatives/masters/3/3A1D4E32-FE69-4166-BA5C-E7AD1F51C3F0_4_5005_c.jpeg"
    ],
    "ultima_modificacion": "2025-08-01 01:01:15.838698"
  },
  "33bd92ec42164d569ebb7990eaaa1eba45005c.jpeg": {
    "app_sintetizada": "33BD92EC42164D569EBB7990EAAA1EBA45005C.JPEG",
    "cantidad_archivos": 1,
    "archivos_fuente": [
      "Pictures/Fototeca de Fotos.photoslibrary/resources/derivatives/masters/3/33BD92EC-4216-4D56-9EBB-7990EAAA1EBA_4_5005_c.jpeg"
    ],
    "ultima_modificacion": "2025-08-01 01:01:15.839070"
  },
  "3350673b37c64c5db9c4cbd587bfc5ac45005c.jpeg": {
    "app_sintetizada": "3350673B37C64C5DB9C4CBD587BFC5AC45005C.JPEG",
    "cantidad_archivos": 1,
    "archivos_fuente": [
      "Pictures/Fototeca de Fotos.photoslibrary/resources/derivatives/masters/3/3350673B-37C6-4C5D-B9C4-CBD587BFC5AC_4_5005_c.jpeg"
    ],
    "ultima_modificacion": "2025-08-01 01:01:15.839435"
  },
  "3cbcfa763af846b586c31726e461a62d45005c.jpeg": {
    "app_sintetizada": "3CBCFA763AF846B586C31726E461A62D45005C.JPEG",
    "cantidad_archivos": 1,
    "archivos_fuente": [
      "Pictures/Fototeca de Fotos.photoslibrary/resources/derivatives/masters/3/3CBCFA76-3AF8-46B5-86C3-1726E461A62D_4_5005_c.jpeg"
    ],
    "ultima_modificacion": "2025-08-01 01:01:15.839909"
  },
  "3af98281b2114148a9d8392a8752fb1445005c.jpeg": {
    "app_sintetizada": "3AF98281B2114148A9D8392A8752FB1445005C.JPEG",
    "cantidad_archivos": 1,
    "archivos_fuente": [
      "Pictures/Fototeca de Fotos.photoslibrary/resources/derivatives/masters/3/3AF98281-B211-4148-A9D8-392A8752FB14_4_5005_c.jpeg"
    ],
    "ultima_modificacion": "2025-08-01 01:01:15.840255"
  },
  "3c4a1c3c120e46d38e113a1807ecf06d45005c.jpeg": {
    "app_sintetizada": "3C4A1C3C120E46D38E113A1807ECF06D45005C.JPEG",
    "cantidad_archivos": 1,
    "archivos_fuente": [
      "Pictures/Fototeca de Fotos.photoslibrary/resources/derivatives/masters/3/3C4A1C3C-120E-46D3-8E11-3A1807ECF06D_4_5005_c.jpeg"
    ],
    "ultima_modificacion": "2025-08-01 01:01:15.840573"
  },
  "3b62188af2bc44e0ab8e97883076ad1245005c.jpeg": {
    "app_sintetizada": "3B62188AF2BC44E0AB8E97883076AD1245005C.JPEG",
    "cantidad_archivos": 1,
    "archivos_fuente": [
      "Pictures/Fototeca de Fotos.photoslibrary/resources/derivatives/masters/3/3B62188A-F2BC-44E0-AB8E-97883076AD12_4_5005_c.jpeg"
    ],
    "ultima_modificacion": "2025-08-01 01:01:15.840927"
  },
  "330deefeb6884b379de86a3e59d464c445005c.jpeg": {
    "app_sintetizada": "330DEEFEB6884B379DE86A3E59D464C445005C.JPEG",
    "cantidad_archivos": 1,
    "archivos_fuente": [
      "Pictures/Fototeca de Fotos.photoslibrary/resources/derivatives/masters/3/330DEEFE-B688-4B37-9DE8-6A3E59D464C4_4_5005_c.jpeg"
    ],
    "ultima_modificacion": "2025-08-01 01:01:15.841368"
  },
  "360b2061ffb345bb9db52d7f0e76b3ab45005c.jpeg": {
    "app_sintetizada": "360B2061FFB345BB9DB52D7F0E76B3AB45005C.JPEG",
    "cantidad_archivos": 1,
    "archivos_fuente": [
      "Pictures/Fototeca de Fotos.photoslibrary/resources/derivatives/masters/3/360B2061-FFB3-45BB-9DB5-2D7F0E76B3AB_4_5005_c.jpeg"
    ],
    "ultima_modificacion": "2025-08-01 01:01:15.841712"
  },
  "30b6e90dadbc40cba8bf2b37ee68c38a45005c.jpeg": {
    "app_sintetizada": "30B6E90DADBC40CBA8BF2B37EE68C38A45005C.JPEG",
    "cantidad_archivos": 1,
    "archivos_fuente": [
      "Pictures/Fototeca de Fotos.photoslibrary/resources/derivatives/masters/3/30B6E90D-ADBC-40CB-A8BF-2B37EE68C38A_4_5005_c.jpeg"
    ],
    "ultima_modificacion": "2025-08-01 01:01:15.842037"
  },
  "38d064023826422c9131c1078f0970eb45005c.jpeg": {
    "app_sintetizada": "38D064023826422C9131C1078F0970EB45005C.JPEG",
    "cantidad_archivos": 1,
    "archivos_fuente": [
      "Pictures/Fototeca de Fotos.photoslibrary/resources/derivatives/masters/3/38D06402-3826-422C-9131-C1078F0970EB_4_5005_c.jpeg"
    ],
    "ultima_modificacion": "2025-08-01 01:01:15.842373"
  },
  "31ddbc4d9f104dbc96854561d6a8bfc245005c.jpeg": {
    "app_sintetizada": "31DDBC4D9F104DBC96854561D6A8BFC245005C.JPEG",
    "cantidad_archivos": 1,
    "archivos_fuente": [
      "Pictures/Fototeca de Fotos.photoslibrary/resources/derivatives/masters/3/31DDBC4D-9F10-4DBC-9685-4561D6A8BFC2_4_5005_c.jpeg"
    ],
    "ultima_modificacion": "2025-08-01 01:01:15.842767"
  },
  "3a4c080a5aaa4b818d1d964b2d9a6c8c45005c.jpeg": {
    "app_sintetizada": "3A4C080A5AAA4B818D1D964B2D9A6C8C45005C.JPEG",
    "cantidad_archivos": 1,
    "archivos_fuente": [
      "Pictures/Fototeca de Fotos.photoslibrary/resources/derivatives/masters/3/3A4C080A-5AAA-4B81-8D1D-964B2D9A6C8C_4_5005_c.jpeg"
    ],
    "ultima_modificacion": "2025-08-01 01:01:15.843097"
  },
  "38be0693365e4ad58c191f18fe95cb3c45005c.jpeg": {
    "app_sintetizada": "38BE0693365E4AD58C191F18FE95CB3C45005C.JPEG",
    "cantidad_archivos": 1,
    "archivos_fuente": [
      "Pictures/Fototeca de Fotos.photoslibrary/resources/derivatives/masters/3/38BE0693-365E-4AD5-8C19-1F18FE95CB3C_4_5005_c.jpeg"
    ],
    "ultima_modificacion": "2025-08-01 01:01:15.843446"
  },
  "34cc5e2cb864485a9034ef9875ccfc8f45005c.jpeg": {
    "app_sintetizada": "34CC5E2CB864485A9034EF9875CCFC8F45005C.JPEG",
    "cantidad_archivos": 1,
    "archivos_fuente": [
      "Pictures/Fototeca de Fotos.photoslibrary/resources/derivatives/masters/3/34CC5E2C-B864-485A-9034-EF9875CCFC8F_4_5005_c.jpeg"
    ],
    "ultima_modificacion": "2025-08-01 01:01:15.843773"
  },
  "3ae2bbf1ad5e4d8da7989a1232ac246445005c.jpeg": {
    "app_sintetizada": "3AE2BBF1AD5E4D8DA7989A1232AC246445005C.JPEG",
    "cantidad_archivos": 1,
    "archivos_fuente": [
      "Pictures/Fototeca de Fotos.photoslibrary/resources/derivatives/masters/3/3AE2BBF1-AD5E-4D8D-A798-9A1232AC2464_4_5005_c.jpeg"
    ],
    "ultima_modificacion": "2025-08-01 01:01:15.844103"
  },
  "342b9ab1d4e3451c94fddc367c1f119a45005c.jpeg": {
    "app_sintetizada": "342B9AB1D4E3451C94FDDC367C1F119A45005C.JPEG",
    "cantidad_archivos": 1,
    "archivos_fuente": [
      "Pictures/Fototeca de Fotos.photoslibrary/resources/derivatives/masters/3/342B9AB1-D4E3-451C-94FD-DC367C1F119A_4_5005_c.jpeg"
    ],
    "ultima_modificacion": "2025-08-01 01:01:15.844438"
  },
  "302359b2f2a34921949cea4d3662422145005c.jpeg": {
    "app_sintetizada": "302359B2F2A34921949CEA4D3662422145005C.JPEG",
    "cantidad_archivos": 1,
    "archivos_fuente": [
      "Pictures/Fototeca de Fotos.photoslibrary/resources/derivatives/masters/3/302359B2-F2A3-4921-949C-EA4D36624221_4_5005_c.jpeg"
    ],
    "ultima_modificacion": "2025-08-01 01:01:15.844822"
  },
  "374e142e05714df19192c8ae32e86ffa45005c.jpeg": {
    "app_sintetizada": "374E142E05714DF19192C8AE32E86FFA45005C.JPEG",
    "cantidad_archivos": 1,
    "archivos_fuente": [
      "Pictures/Fototeca de Fotos.photoslibrary/resources/derivatives/masters/3/374E142E-0571-4DF1-9192-C8AE32E86FFA_4_5005_c.jpeg"
    ],
    "ultima_modificacion": "2025-08-01 01:01:15.845164"
  },
  "314066be7a2e47d4932e6325a7fa7b2245005c.jpeg": {
    "app_sintetizada": "314066BE7A2E47D4932E6325A7FA7B2245005C.JPEG",
    "cantidad_archivos": 1,
    "archivos_fuente": [
      "Pictures/Fototeca de Fotos.photoslibrary/resources/derivatives/masters/3/314066BE-7A2E-47D4-932E-6325A7FA7B22_4_5005_c.jpeg"
    ],
    "ultima_modificacion": "2025-08-01 01:01:15.845473"
  },
  "32fee7bdb3cc43bf8d7984e138f4d90845005c.jpeg": {
    "app_sintetizada": "32FEE7BDB3CC43BF8D7984E138F4D90845005C.JPEG",
    "cantidad_archivos": 1,
    "archivos_fuente": [
      "Pictures/Fototeca de Fotos.photoslibrary/resources/derivatives/masters/3/32FEE7BD-B3CC-43BF-8D79-84E138F4D908_4_5005_c.jpeg"
    ],
    "ultima_modificacion": "2025-08-01 01:01:15.845772"
  },
  "3097b0d61a694c08a70c4bd4760aa35745005c.jpeg": {
    "app_sintetizada": "3097B0D61A694C08A70C4BD4760AA35745005C.JPEG",
    "cantidad_archivos": 1,
    "archivos_fuente": [
      "Pictures/Fototeca de Fotos.photoslibrary/resources/derivatives/masters/3/3097B0D6-1A69-4C08-A70C-4BD4760AA357_4_5005_c.jpeg"
    ],
    "ultima_modificacion": "2025-08-01 01:01:15.846081"
  }
}