{
  "22399d5fb07047b0a9f28e2c646db88d45005c.jpeg": {
    "app_sintetizada": "22399D5FB07047B0A9F28E2C646DB88D45005C.JPEG",
    "cantidad_archivos": 1,
    "archivos_fuente": [
      "Pictures/Fototeca de Fotos.photoslibrary/resources/derivatives/masters/2/22399D5F-B070-47B0-A9F2-8E2C646DB88D_4_5005_c.jpeg"
    ],
    "ultima_modificacion": "2025-08-01 01:01:18.581756"
  },
  "2a668e4325134012a2e1874260f4b8ab45005c.jpeg": {
    "app_sintetizada": "2A668E4325134012A2E1874260F4B8AB45005C.JPEG",
    "cantidad_archivos": 1,
    "archivos_fuente": [
      "Pictures/Fototeca de Fotos.photoslibrary/resources/derivatives/masters/2/2A668E43-2513-4012-A2E1-874260F4B8AB_4_5005_c.jpeg"
    ],
    "ultima_modificacion": "2025-08-01 01:01:18.582033"
  },
  "2abaea907e1f4c26905b5c30bcce54a745005c.jpeg": {
    "app_sintetizada": "2ABAEA907E1F4C26905B5C30BCCE54A745005C.JPEG",
    "cantidad_archivos": 1,
    "archivos_fuente": [
      "Pictures/Fototeca de Fotos.photoslibrary/resources/derivatives/masters/2/2ABAEA90-7E1F-4C26-905B-5C30BCCE54A7_4_5005_c.jpeg"
    ],
    "ultima_modificacion": "2025-08-01 01:01:18.582348"
  },
  "2f89912be741499fa35ddc3560405d7745005c.jpeg": {
    "app_sintetizada": "2F89912BE741499FA35DDC3560405D7745005C.JPEG",
    "cantidad_archivos": 1,
    "archivos_fuente": [
      "Pictures/Fototeca de Fotos.photoslibrary/resources/derivatives/masters/2/2F89912B-E741-499F-A35D-DC3560405D77_4_5005_c.jpeg"
    ],
    "ultima_modificacion": "2025-08-01 01:01:18.582602"
  },
  "2b2a6e60465848fd95b55646e2c0306645005c.jpeg": {
    "app_sintetizada": "2B2A6E60465848FD95B55646E2C0306645005C.JPEG",
    "cantidad_archivos": 1,
    "archivos_fuente": [
      "Pictures/Fototeca de Fotos.photoslibrary/resources/derivatives/masters/2/2B2A6E60-4658-48FD-95B5-5646E2C03066_4_5005_c.jpeg"
    ],
    "ultima_modificacion": "2025-08-01 01:01:18.582840"
  },
  "26eb115b613a473b9006653cc10da7e045005c.jpeg": {
    "app_sintetizada": "26EB115B613A473B9006653CC10DA7E045005C.JPEG",
    "cantidad_archivos": 1,
    "archivos_fuente": [
      "Pictures/Fototeca de Fotos.photoslibrary/resources/derivatives/masters/2/26EB115B-613A-473B-9006-653CC10DA7E0_4_5005_c.jpeg"
    ],
    "ultima_modificacion": "2025-08-01 01:01:18.583097"
  },
  "2a4074424c96474bbdd5dd84f6a56a8945005c.jpeg": {
    "app_sintetizada": "2A4074424C96474BBDD5DD84F6A56A8945005C.JPEG",
    "cantidad_archivos": 1,
    "archivos_fuente": [
      "Pictures/Fototeca de Fotos.photoslibrary/resources/derivatives/masters/2/2A407442-4C96-474B-BDD5-DD84F6A56A89_4_5005_c.jpeg"
    ],
    "ultima_modificacion": "2025-08-01 01:01:18.583402"
  },
  "22d2597ffdcb40f18e7c9f945834a93145005c.jpeg": {
    "app_sintetizada": "22D2597FFDCB40F18E7C9F945834A93145005C.JPEG",
    "cantidad_archivos": 1,
    "archivos_fuente": [
      "Pictures/Fototeca de Fotos.photoslibrary/resources/derivatives/masters/2/22D2597F-FDCB-40F1-8E7C-9F945834A931_4_5005_c.jpeg"
    ],
    "ultima_modificacion": "2025-08-01 01:01:18.583645"
  },
  "215d8d64edb348bd966f7c11ac7c2a8445005c.jpeg": {
    "app_sintetizada": "215D8D64EDB348BD966F7C11AC7C2A8445005C.JPEG",
    "cantidad_archivos": 1,
    "archivos_fuente": [
      "Pictures/Fototeca de Fotos.photoslibrary/resources/derivatives/masters/2/215D8D64-EDB3-48BD-966F-7C11AC7C2A84_4_5005_c.jpeg"
    ],
    "ultima_modificacion": "2025-08-01 01:01:18.583865"
  },
  "213b4cf0fa0f40ffa34f8a4503df3efd45005c.jpeg": {
    "app_sintetizada": "213B4CF0FA0F40FFA34F8A4503DF3EFD45005C.JPEG",
    "cantidad_archivos": 1,
    "archivos_fuente": [
      "Pictures/Fototeca de Fotos.photoslibrary/resources/derivatives/masters/2/213B4CF0-FA0F-40FF-A34F-8A4503DF3EFD_4_5005_c.jpeg"
    ],
    "ultima_modificacion": "2025-08-01 01:01:18.584068"
  },
  "22e796f8938949f0b414c4e13c81eb7145005c.jpeg": {
    "app_sintetizada": "22E796F8938949F0B414C4E13C81EB7145005C.JPEG",
    "cantidad_archivos": 1,
    "archivos_fuente": [
      "Pictures/Fototeca de Fotos.photoslibrary/resources/derivatives/masters/2/22E796F8-9389-49F0-B414-C4E13C81EB71_4_5005_c.jpeg"
    ],
    "ultima_modificacion": "2025-08-01 01:01:18.584379"
  },
  "2496a03828f14851a88640e4d5b7f56445005c.jpeg": {
    "app_sintetizada": "2496A03828F14851A88640E4D5B7F56445005C.JPEG",
    "cantidad_archivos": 1,
    "archivos_fuente": [
      "Pictures/Fototeca de Fotos.photoslibrary/resources/derivatives/masters/2/2496A038-28F1-4851-A886-40E4D5B7F564_4_5005_c.jpeg"
    ],
    "ultima_modificacion": "2025-08-01 01:01:18.584817"
  },
  "25f55381b5b7489c9efbdf49f1cbda9745005c.jpeg": {
    "app_sintetizada": "25F55381B5B7489C9EFBDF49F1CBDA9745005C.JPEG",
    "cantidad_archivos": 1,
    "archivos_fuente": [
      "Pictures/Fototeca de Fotos.photoslibrary/resources/derivatives/masters/2/25F55381-B5B7-489C-9EFB-DF49F1CBDA97_4_5005_c.jpeg"
    ],
    "ultima_modificacion": "2025-08-01 01:01:18.585132"
  },
  "2ca092701bfc4135830c1e58563e5fa145005c.jpeg": {
    "app_sintetizada": "2CA092701BFC4135830C1E58563E5FA145005C.JPEG",
    "cantidad_archivos": 1,
    "archivos_fuente": [
      "Pictures/Fototeca de Fotos.photoslibrary/resources/derivatives/masters/2/2CA09270-1BFC-4135-830C-1E58563E5FA1_4_5005_c.jpeg"
    ],
    "ultima_modificacion": "2025-08-01 01:01:18.585501"
  },
  "2e0436b5b79949c7af54ea30ede9de4745005c.jpeg": {
    "app_sintetizada": "2E0436B5B79949C7AF54EA30EDE9DE4745005C.JPEG",
    "cantidad_archivos": 1,
    "archivos_fuente": [
      "Pictures/Fototeca de Fotos.photoslibrary/resources/derivatives/masters/2/2E0436B5-B799-49C7-AF54-EA30EDE9DE47_4_5005_c.jpeg"
    ],
    "ultima_modificacion": "2025-08-01 01:01:18.585749"
  },
  "232a905b1b454fa093bae209dbd0e4bf45005c.jpeg": {
    "app_sintetizada": "232A905B1B454FA093BAE209DBD0E4BF45005C.JPEG",
    "cantidad_archivos": 1,
    "archivos_fuente": [
      "Pictures/Fototeca de Fotos.photoslibrary/resources/derivatives/masters/2/232A905B-1B45-4FA0-93BA-E209DBD0E4BF_4_5005_c.jpeg"
    ],
    "ultima_modificacion": "2025-08-01 01:01:18.586046"
  },
  "222ca5e19c614b6f9c265491aedb096845005c.jpeg": {
    "app_sintetizada": "222CA5E19C614B6F9C265491AEDB096845005C.JPEG",
    "cantidad_archivos": 1,
    "archivos_fuente": [
      "Pictures/Fototeca de Fotos.photoslibrary/resources/derivatives/masters/2/222CA5E1-9C61-4B6F-9C26-5491AEDB0968_4_5005_c.jpeg"
    ],
    "ultima_modificacion": "2025-08-01 01:01:18.586376"
  },
  "22d7a32c34b94dfc819c4fc7ca2d290f45005c.jpeg": {
    "app_sintetizada": "22D7A32C34B94DFC819C4FC7CA2D290F45005C.JPEG",
    "cantidad_archivos": 1,
    "archivos_fuente": [
      "Pictures/Fototeca de Fotos.photoslibrary/resources/derivatives/masters/2/22D7A32C-34B9-4DFC-819C-4FC7CA2D290F_4_5005_c.jpeg"
    ],
    "ultima_modificacion": "2025-08-01 01:01:18.586688"
  },
  "2e97ad9ffb1c4b9891e9151acd8e201d45005c.jpeg": {
    "app_sintetizada": "2E97AD9FFB1C4B9891E9151ACD8E201D45005C.JPEG",
    "cantidad_archivos": 1,
    "archivos_fuente": [
      "Pictures/Fototeca de Fotos.photoslibrary/resources/derivatives/masters/2/2E97AD9F-FB1C-4B98-91E9-151ACD8E201D_4_5005_c.jpeg"
    ],
    "ultima_modificacion": "2025-08-01 01:01:18.586991"
  },
  "2d5a0a0b81cf47bc83cc15831af3ea1a45005c.jpeg": {
    "app_sintetizada": "2D5A0A0B81CF47BC83CC15831AF3EA1A45005C.JPEG",
    "cantidad_archivos": 1,
    "archivos_fuente": [
      "Pictures/Fototeca de Fotos.photoslibrary/resources/derivatives/masters/2/2D5A0A0B-81CF-47BC-83CC-15831AF3EA1A_4_5005_c.jpeg"
    ],
    "ultima_modificacion": "2025-08-01 01:01:18.587297"
  },
  "2f19b46113d541a49585ade9fb1a34b345005c.jpeg": {
    "app_sintetizada": "2F19B46113D541A49585ADE9FB1A34B345005C.JPEG",
    "cantidad_archivos": 1,
    "archivos_fuente": [
      "Pictures/Fototeca de Fotos.photoslibrary/resources/derivatives/masters/2/2F19B461-13D5-41A4-9585-ADE9FB1A34B3_4_5005_c.jpeg"
    ],
    "ultima_modificacion": "2025-08-01 01:01:18.587610"
  },
  "24de553cc56f49ce8be7d1d687ea445f45005c.jpeg": {
    "app_sintetizada": "24DE553CC56F49CE8BE7D1D687EA445F45005C.JPEG",
    "cantidad_archivos": 1,
    "archivos_fuente": [
      "Pictures/Fototeca de Fotos.photoslibrary/resources/derivatives/masters/2/24DE553C-C56F-49CE-8BE7-D1D687EA445F_4_5005_c.jpeg"
    ],
    "ultima_modificacion": "2025-08-01 01:01:18.587916"
  },
  "20e7e623af004e9c98e80c94fd95de9b45005c.jpeg": {
    "app_sintetizada": "20E7E623AF004E9C98E80C94FD95DE9B45005C.JPEG",
    "cantidad_archivos": 1,
    "archivos_fuente": [
      "Pictures/Fototeca de Fotos.photoslibrary/resources/derivatives/masters/2/20E7E623-AF00-4E9C-98E8-0C94FD95DE9B_4_5005_c.jpeg"
    ],
    "ultima_modificacion": "2025-08-01 01:01:18.588259"
  },
  "2c1e30df99654a939576de348efacfd545005c.jpeg": {
    "app_sintetizada": "2C1E30DF99654A939576DE348EFACFD545005C.JPEG",
    "cantidad_archivos": 1,
    "archivos_fuente": [
      "Pictures/Fototeca de Fotos.photoslibrary/resources/derivatives/masters/2/2C1E30DF-9965-4A93-9576-DE348EFACFD5_4_5005_c.jpeg"
    ],
    "ultima_modificacion": "2025-08-01 01:01:18.588565"
  },
  "23431959228a4a0a844950372ab39c2045005c.jpeg": {
    "app_sintetizada": "23431959228A4A0A844950372AB39C2045005C.JPEG",
    "cantidad_archivos": 1,
    "archivos_fuente": [
      "Pictures/Fototeca de Fotos.photoslibrary/resources/derivatives/masters/2/23431959-228A-4A0A-8449-50372AB39C20_4_5005_c.jpeg"
    ],
    "ultima_modificacion": "2025-08-01 01:01:18.588864"
  },
  "24830fbd33f245b7b3bf949ed7df8ed045005c.jpeg": {
    "app_sintetizada": "24830FBD33F245B7B3BF949ED7DF8ED045005C.JPEG",
    "cantidad_archivos": 1,
    "archivos_fuente": [
      "Pictures/Fototeca de Fotos.photoslibrary/resources/derivatives/masters/2/24830FBD-33F2-45B7-B3BF-949ED7DF8ED0_4_5005_c.jpeg"
    ],
    "ultima_modificacion": "2025-08-01 01:01:18.589206"
  },
  "289c560e15064f58ad0dd6696152861745005c.jpeg": {
    "app_sintetizada": "289C560E15064F58AD0DD6696152861745005C.JPEG",
    "cantidad_archivos": 1,
    "archivos_fuente": [
      "Pictures/Fototeca de Fotos.photoslibrary/resources/derivatives/masters/2/289C560E-1506-4F58-AD0D-D66961528617_4_5005_c.jpeg"
    ],
    "ultima_modificacion": "2025-08-01 01:01:18.589543"
  },
  "2b4fab669ffa46d0a399c45a8b5365d845005c.jpeg": {
    "app_sintetizada": "2B4FAB669FFA46D0A399C45A8B5365D845005C.JPEG",
    "cantidad_archivos": 1,
    "archivos_fuente": [
      "Pictures/Fototeca de Fotos.photoslibrary/resources/derivatives/masters/2/2B4FAB66-9FFA-46D0-A399-C45A8B5365D8_4_5005_c.jpeg"
    ],
    "ultima_modificacion": "2025-08-01 01:01:18.589877"
  },
  "2eb9961bd2d948159cf31a405f25071b45005c.jpeg": {
    "app_sintetizada": "2EB9961BD2D948159CF31A405F25071B45005C.JPEG",
    "cantidad_archivos": 1,
    "archivos_fuente": [
      "Pictures/Fototeca de Fotos.photoslibrary/resources/derivatives/masters/2/2EB9961B-D2D9-4815-9CF3-1A405F25071B_4_5005_c.jpeg"
    ],
    "ultima_modificacion": "2025-08-01 01:01:18.590196"
  },
  "20e6d80d7d9841bfb85f44cd5ace3bdf45005c.jpeg": {
    "app_sintetizada": "20E6D80D7D9841BFB85F44CD5ACE3BDF45005C.JPEG",
    "cantidad_archivos": 1,
    "archivos_fuente": [
      "Pictures/Fototeca de Fotos.photoslibrary/resources/derivatives/masters/2/20E6D80D-7D98-41BF-B85F-44CD5ACE3BDF_4_5005_c.jpeg"
    ],
    "ultima_modificacion": "2025-08-01 01:01:18.590523"
  },
  "2239ebed859043f58e2f08f7c55d29fb45005c.jpeg": {
    "app_sintetizada": "2239EBED859043F58E2F08F7C55D29FB45005C.JPEG",
    "cantidad_archivos": 1,
    "archivos_fuente": [
      "Pictures/Fototeca de Fotos.photoslibrary/resources/derivatives/masters/2/2239EBED-8590-43F5-8E2F-08F7C55D29FB_4_5005_c.jpeg"
    ],
    "ultima_modificacion": "2025-08-01 01:01:18.590847"
  },
  "26f196b1daeb4b96a44fbdec0dd20aef45005c.jpeg": {
    "app_sintetizada": "26F196B1DAEB4B96A44FBDEC0DD20AEF45005C.JPEG",
    "cantidad_archivos": 1,
    "archivos_fuente": [
      "Pictures/Fototeca de Fotos.photoslibrary/resources/derivatives/masters/2/26F196B1-DAEB-4B96-A44F-BDEC0DD20AEF_4_5005_c.jpeg"
    ],
    "ultima_modificacion": "2025-08-01 01:01:18.591156"
  },
  "2d3aac43b0ce4d379e8ef354cbfbad0745005c.jpeg": {
    "app_sintetizada": "2D3AAC43B0CE4D379E8EF354CBFBAD0745005C.JPEG",
    "cantidad_archivos": 1,
    "archivos_fuente": [
      "Pictures/Fototeca de Fotos.photoslibrary/resources/derivatives/masters/2/2D3AAC43-B0CE-4D37-9E8E-F354CBFBAD07_4_5005_c.jpeg"
    ],
    "ultima_modificacion": "2025-08-01 01:01:18.591475"
  },
  "2c30cc692ad4424583e7b752c9038ff345005c.jpeg": {
    "app_sintetizada": "2C30CC692AD4424583E7B752C9038FF345005C.JPEG",
    "cantidad_archivos": 1,
    "archivos_fuente": [
      "Pictures/Fototeca de Fotos.photoslibrary/resources/derivatives/masters/2/2C30CC69-2AD4-4245-83E7-B752C9038FF3_4_5005_c.jpeg"
    ],
    "ultima_modificacion": "2025-08-01 01:01:18.591789"
  },
  "2cad646832b14464b6b21b2f3c4f127d45005c.jpeg": {
    "app_sintetizada": "2CAD646832B14464B6B21B2F3C4F127D45005C.JPEG",
    "cantidad_archivos": 1,
    "archivos_fuente": [
      "Pictures/Fototeca de Fotos.photoslibrary/resources/derivatives/masters/2/2CAD6468-32B1-4464-B6B2-1B2F3C4F127D_4_5005_c.jpeg"
    ],
    "ultima_modificacion": "2025-08-01 01:01:18.592084"
  },
  "22867e317aec43cda8023362e965fe1345005c.jpeg": {
    "app_sintetizada": "22867E317AEC43CDA8023362E965FE1345005C.JPEG",
    "cantidad_archivos": 1,
    "archivos_fuente": [
      "Pictures/Fototeca de Fotos.photoslibrary/resources/derivatives/masters/2/22867E31-7AEC-43CD-A802-3362E965FE13_4_5005_c.jpeg"
    ],
    "ultima_modificacion": "2025-08-01 01:01:18.592386"
  },
  "246a3284d6e64af5a5a00148c131258f45005c.jpeg": {
    "app_sintetizada": "246A3284D6E64AF5A5A00148C131258F45005C.JPEG",
    "cantidad_archivos": 1,
    "archivos_fuente": [
      "Pictures/Fototeca de Fotos.photoslibrary/resources/derivatives/masters/2/246A3284-D6E6-4AF5-A5A0-0148C131258F_4_5005_c.jpeg"
    ],
    "ultima_modificacion": "2025-08-01 01:01:18.592693"
  },
  "2d2bd3f56fc94deea84c87ee4058d63745005c.jpeg": {
    "app_sintetizada": "2D2BD3F56FC94DEEA84C87EE4058D63745005C.JPEG",
    "cantidad_archivos": 1,
    "archivos_fuente": [
      "Pictures/Fototeca de Fotos.photoslibrary/resources/derivatives/masters/2/2D2BD3F5-6FC9-4DEE-A84C-87EE4058D637_4_5005_c.jpeg"
    ],
    "ultima_modificacion": "2025-08-01 01:01:18.592998"
  },
  "2451dd9a7cbf4954875eefca24a9b31b45005c.jpeg": {
    "app_sintetizada": "2451DD9A7CBF4954875EEFCA24A9B31B45005C.JPEG",
    "cantidad_archivos": 1,
    "archivos_fuente": [
      "Pictures/Fototeca de Fotos.photoslibrary/resources/derivatives/masters/2/2451DD9A-7CBF-4954-875E-EFCA24A9B31B_4_5005_c.jpeg"
    ],
    "ultima_modificacion": "2025-08-01 01:01:18.593339"
  },
  "2b88474d1df54c099189f33434b7a4bd45005c.jpeg": {
    "app_sintetizada": "2B88474D1DF54C099189F33434B7A4BD45005C.JPEG",
    "cantidad_archivos": 1,
    "archivos_fuente": [
      "Pictures/Fototeca de Fotos.photoslibrary/resources/derivatives/masters/2/2B88474D-1DF5-4C09-9189-F33434B7A4BD_4_5005_c.jpeg"
    ],
    "ultima_modificacion": "2025-08-01 01:01:18.593668"
  },
  "25a696d28d944e9c93dc1ae71e2cfd9c45005c.jpeg": {
    "app_sintetizada": "25A696D28D944E9C93DC1AE71E2CFD9C45005C.JPEG",
    "cantidad_archivos": 1,
    "archivos_fuente": [
      "Pictures/Fototeca de Fotos.photoslibrary/resources/derivatives/masters/2/25A696D2-8D94-4E9C-93DC-1AE71E2CFD9C_4_5005_c.jpeg"
    ],
    "ultima_modificacion": "2025-08-01 01:01:18.594024"
  },
  "2553f9a0ff184b16babaf09e53f7078c45005c.jpeg": {
    "app_sintetizada": "2553F9A0FF184B16BABAF09E53F7078C45005C.JPEG",
    "cantidad_archivos": 1,
    "archivos_fuente": [
      "Pictures/Fototeca de Fotos.photoslibrary/resources/derivatives/masters/2/2553F9A0-FF18-4B16-BABA-F09E53F7078C_4_5005_c.jpeg"
    ],
    "ultima_modificacion": "2025-08-01 01:01:18.594472"
  },
  "23563fca4c7442058cd967be0a99a78945005c.jpeg": {
    "app_sintetizada": "23563FCA4C7442058CD967BE0A99A78945005C.JPEG",
    "cantidad_archivos": 1,
    "archivos_fuente": [
      "Pictures/Fototeca de Fotos.photoslibrary/resources/derivatives/masters/2/23563FCA-4C74-4205-8CD9-67BE0A99A789_4_5005_c.jpeg"
    ],
    "ultima_modificacion": "2025-08-01 01:01:18.594817"
  },
  "27ea89cbaaae49b6b3367fda5e9a361945005c.jpeg": {
    "app_sintetizada": "27EA89CBAAAE49B6B3367FDA5E9A361945005C.JPEG",
    "cantidad_archivos": 1,
    "archivos_fuente": [
      "Pictures/Fototeca de Fotos.photoslibrary/resources/derivatives/masters/2/27EA89CB-AAAE-49B6-B336-7FDA5E9A3619_4_5005_c.jpeg"
    ],
    "ultima_modificacion": "2025-08-01 01:01:18.595409"
  },
  "2f68ab4dc0ec49f5b366debe74dc088e45005c.jpeg": {
    "app_sintetizada": "2F68AB4DC0EC49F5B366DEBE74DC088E45005C.JPEG",
    "cantidad_archivos": 1,
    "archivos_fuente": [
      "Pictures/Fototeca de Fotos.photoslibrary/resources/derivatives/masters/2/2F68AB4D-C0EC-49F5-B366-DEBE74DC088E_4_5005_c.jpeg"
    ],
    "ultima_modificacion": "2025-08-01 01:01:18.595771"
  },
  "27691a43f4074c15903c38b6ba144fe645005c.jpeg": {
    "app_sintetizada": "27691A43F4074C15903C38B6BA144FE645005C.JPEG",
    "cantidad_archivos": 1,
    "archivos_fuente": [
      "Pictures/Fototeca de Fotos.photoslibrary/resources/derivatives/masters/2/27691A43-F407-4C15-903C-38B6BA144FE6_4_5005_c.jpeg"
    ],
    "ultima_modificacion": "2025-08-01 01:01:18.596099"
  },
  "2868762004fe43e7aed6071bdb99936045005c.jpeg": {
    "app_sintetizada": "2868762004FE43E7AED6071BDB99936045005C.JPEG",
    "cantidad_archivos": 1,
    "archivos_fuente": [
      "Pictures/Fototeca de Fotos.photoslibrary/resources/derivatives/masters/2/28687620-04FE-43E7-AED6-071BDB999360_4_5005_c.jpeg"
    ],
    "ultima_modificacion": "2025-08-01 01:01:18.596429"
  },
  "21b947352f8f42da9172543bc96b928e45005c.jpeg": {
    "app_sintetizada": "21B947352F8F42DA9172543BC96B928E45005C.JPEG",
    "cantidad_archivos": 1,
    "archivos_fuente": [
      "Pictures/Fototeca de Fotos.photoslibrary/resources/derivatives/masters/2/21B94735-2F8F-42DA-9172-543BC96B928E_4_5005_c.jpeg"
    ],
    "ultima_modificacion": "2025-08-01 01:01:18.596785"
  },
  "25df66afe7bf465ea56474c98cf4c19145005c.jpeg": {
    "app_sintetizada": "25DF66AFE7BF465EA56474C98CF4C19145005C.JPEG",
    "cantidad_archivos": 1,
    "archivos_fuente": [
      "Pictures/Fototeca de Fotos.photoslibrary/resources/derivatives/masters/2/25DF66AF-E7BF-465E-A564-74C98CF4C191_4_5005_c.jpeg"
    ],
    "ultima_modificacion": "2025-08-01 01:01:18.597256"
  },
  "2929cd3f837e4578854667f0b99b774445005c.jpeg": {
    "app_sintetizada": "2929CD3F837E4578854667F0B99B774445005C.JPEG",
    "cantidad_archivos": 1,
    "archivos_fuente": [
      "Pictures/Fototeca de Fotos.photoslibrary/resources/derivatives/masters/2/2929CD3F-837E-4578-8546-67F0B99B7744_4_5005_c.jpeg"
    ],
    "ultima_modificacion": "2025-08-01 01:01:18.597933"
  },
  "2b752315340e436488db516e7d3f3bf145005c.jpeg": {
    "app_sintetizada": "2B752315340E436488DB516E7D3F3BF145005C.JPEG",
    "cantidad_archivos": 1,
    "archivos_fuente": [
      "Pictures/Fototeca de Fotos.photoslibrary/resources/derivatives/masters/2/2B752315-340E-4364-88DB-516E7D3F3BF1_4_5005_c.jpeg"
    ],
    "ultima_modificacion": "2025-08-01 01:01:18.598381"
  },
  "2a11f063720448948fb482e86e3386b245005c.jpeg": {
    "app_sintetizada": "2A11F063720448948FB482E86E3386B245005C.JPEG",
    "cantidad_archivos": 1,
    "archivos_fuente": [
      "Pictures/Fototeca de Fotos.photoslibrary/resources/derivatives/masters/2/2A11F063-7204-4894-8FB4-82E86E3386B2_4_5005_c.jpeg"
    ],
    "ultima_modificacion": "2025-08-01 01:01:18.598739"
  },
  "288429466a6b4e8eb58dc0913bd1086245005c.jpeg": {
    "app_sintetizada": "288429466A6B4E8EB58DC0913BD1086245005C.JPEG",
    "cantidad_archivos": 1,
    "archivos_fuente": [
      "Pictures/Fototeca de Fotos.photoslibrary/resources/derivatives/masters/2/28842946-6A6B-4E8E-B58D-C0913BD10862_4_5005_c.jpeg"
    ],
    "ultima_modificacion": "2025-08-01 01:01:18.599076"
  },
  "20f862917fba48febf39dc5fbc331bad45005c.jpeg": {
    "app_sintetizada": "20F862917FBA48FEBF39DC5FBC331BAD45005C.JPEG",
    "cantidad_archivos": 1,
    "archivos_fuente": [
      "Pictures/Fototeca de Fotos.photoslibrary/resources/derivatives/masters/2/20F86291-7FBA-48FE-BF39-DC5FBC331BAD_4_5005_c.jpeg"
    ],
    "ultima_modificacion": "2025-08-01 01:01:18.599875"
  },
  "2eea5ef58fdf4f33956066b2afdc332f45005c.jpeg": {
    "app_sintetizada": "2EEA5EF58FDF4F33956066B2AFDC332F45005C.JPEG",
    "cantidad_archivos": 1,
    "archivos_fuente": [
      "Pictures/Fototeca de Fotos.photoslibrary/resources/derivatives/masters/2/2EEA5EF5-8FDF-4F33-9560-66B2AFDC332F_4_5005_c.jpeg"
    ],
    "ultima_modificacion": "2025-08-01 01:01:18.600514"
  },
  "24da93734dc241e580a777ba14cc466145005c.jpeg": {
    "app_sintetizada": "24DA93734DC241E580A777BA14CC466145005C.JPEG",
    "cantidad_archivos": 1,
    "archivos_fuente": [
      "Pictures/Fototeca de Fotos.photoslibrary/resources/derivatives/masters/2/24DA9373-4DC2-41E5-80A7-77BA14CC4661_4_5005_c.jpeg"
    ],
    "ultima_modificacion": "2025-08-01 01:01:18.600940"
  },
  "209c3bcaec7a49549b8fa5372463f95445005c.jpeg": {
    "app_sintetizada": "209C3BCAEC7A49549B8FA5372463F95445005C.JPEG",
    "cantidad_archivos": 1,
    "archivos_fuente": [
      "Pictures/Fototeca de Fotos.photoslibrary/resources/derivatives/masters/2/209C3BCA-EC7A-4954-9B8F-A5372463F954_4_5005_c.jpeg"
    ],
    "ultima_modificacion": "2025-08-01 01:01:18.601324"
  },
  "23299f5cfa924ece934093c83919c36145005c.jpeg": {
    "app_sintetizada": "23299F5CFA924ECE934093C83919C36145005C.JPEG",
    "cantidad_archivos": 1,
    "archivos_fuente": [
      "Pictures/Fototeca de Fotos.photoslibrary/resources/derivatives/masters/2/23299F5C-FA92-4ECE-9340-93C83919C361_4_5005_c.jpeg"
    ],
    "ultima_modificacion": "2025-08-01 01:01:18.601669"
  },
  "27275832123a46c4a09c01b777667a2445005c.jpeg": {
    "app_sintetizada": "27275832123A46C4A09C01B777667A2445005C.JPEG",
    "cantidad_archivos": 1,
    "archivos_fuente": [
      "Pictures/Fototeca de Fotos.photoslibrary/resources/derivatives/masters/2/27275832-123A-46C4-A09C-01B777667A24_4_5005_c.jpeg"
    ],
    "ultima_modificacion": "2025-08-01 01:01:18.602021"
  },
  "2593951691a64ae3936b43fb51c538f845005c.jpeg": {
    "app_sintetizada": "2593951691A64AE3936B43FB51C538F845005C.JPEG",
    "cantidad_archivos": 1,
    "archivos_fuente": [
      "Pictures/Fototeca de Fotos.photoslibrary/resources/derivatives/masters/2/25939516-91A6-4AE3-936B-43FB51C538F8_4_5005_c.jpeg"
    ],
    "ultima_modificacion": "2025-08-01 01:01:18.602366"
  },
  "23696bf2bf324bbf86b757c976d1dded45005c.jpeg": {
    "app_sintetizada": "23696BF2BF324BBF86B757C976D1DDED45005C.JPEG",
    "cantidad_archivos": 1,
    "archivos_fuente": [
      "Pictures/Fototeca de Fotos.photoslibrary/resources/derivatives/masters/2/23696BF2-BF32-4BBF-86B7-57C976D1DDED_4_5005_c.jpeg"
    ],
    "ultima_modificacion": "2025-08-01 01:01:18.602763"
  },
  "2975e36842934cc9b7c950884a598c0545005c.jpeg": {
    "app_sintetizada": "2975E36842934CC9B7C950884A598C0545005C.JPEG",
    "cantidad_archivos": 1,
    "archivos_fuente": [
      "Pictures/Fototeca de Fotos.photoslibrary/resources/derivatives/masters/2/2975E368-4293-4CC9-B7C9-50884A598C05_4_5005_c.jpeg"
    ],
    "ultima_modificacion": "2025-08-01 01:01:18.603346"
  },
  "27558979e9d7489790de4e3d69a6cfdc45005c.jpeg": {
    "app_sintetizada": "27558979E9D7489790DE4E3D69A6CFDC45005C.JPEG",
    "cantidad_archivos": 1,
    "archivos_fuente": [
      "Pictures/Fototeca de Fotos.photoslibrary/resources/derivatives/masters/2/27558979-E9D7-4897-90DE-4E3D69A6CFDC_4_5005_c.jpeg"
    ],
    "ultima_modificacion": "2025-08-01 01:01:18.603758"
  },
  "258ea117d4ef499a880e5bdb3f42bb0b45005c.jpeg": {
    "app_sintetizada": "258EA117D4EF499A880E5BDB3F42BB0B45005C.JPEG",
    "cantidad_archivos": 1,
    "archivos_fuente": [
      "Pictures/Fototeca de Fotos.photoslibrary/resources/derivatives/masters/2/258EA117-D4EF-499A-880E-5BDB3F42BB0B_4_5005_c.jpeg"
    ],
    "ultima_modificacion": "2025-08-01 01:01:18.604128"
  },
  "262660c8ab30487fb1b014ff4b01646e45005c.jpeg": {
    "app_sintetizada": "262660C8AB30487FB1B014FF4B01646E45005C.JPEG",
    "cantidad_archivos": 1,
    "archivos_fuente": [
      "Pictures/Fototeca de Fotos.photoslibrary/resources/derivatives/masters/2/262660C8-AB30-487F-B1B0-14FF4B01646E_4_5005_c.jpeg"
    ],
    "ultima_modificacion": "2025-08-01 01:01:18.604442"
  },
  "2602d44ba4aa442aa9b83a2754529ccb45005c.jpeg": {
    "app_sintetizada": "2602D44BA4AA442AA9B83A2754529CCB45005C.JPEG",
    "cantidad_archivos": 1,
    "archivos_fuente": [
      "Pictures/Fototeca de Fotos.photoslibrary/resources/derivatives/masters/2/2602D44B-A4AA-442A-A9B8-3A2754529CCB_4_5005_c.jpeg"
    ],
    "ultima_modificacion": "2025-08-01 01:01:18.604816"
  },
  "29972e9e77db4f5db75bf67c3db3597545005c.jpeg": {
    "app_sintetizada": "29972E9E77DB4F5DB75BF67C3DB3597545005C.JPEG",
    "cantidad_archivos": 1,
    "archivos_fuente": [
      "Pictures/Fototeca de Fotos.photoslibrary/resources/derivatives/masters/2/29972E9E-77DB-4F5D-B75B-F67C3DB35975_4_5005_c.jpeg"
    ],
    "ultima_modificacion": "2025-08-01 01:01:18.605180"
  },
  "2d97b12ff3a24faa925ab0a47976fa1b45005c.jpeg": {
    "app_sintetizada": "2D97B12FF3A24FAA925AB0A47976FA1B45005C.JPEG",
    "cantidad_archivos": 1,
    "archivos_fuente": [
      "Pictures/Fototeca de Fotos.photoslibrary/resources/derivatives/masters/2/2D97B12F-F3A2-4FAA-925A-B0A47976FA1B_4_5005_c.jpeg"
    ],
    "ultima_modificacion": "2025-08-01 01:01:18.605681"
  },
  "2456670e5c234aeaa2a3078d31cb891545005c.jpeg": {
    "app_sintetizada": "2456670E5C234AEAA2A3078D31CB891545005C.JPEG",
    "cantidad_archivos": 1,
    "archivos_fuente": [
      "Pictures/Fototeca de Fotos.photoslibrary/resources/derivatives/masters/2/2456670E-5C23-4AEA-A2A3-078D31CB8915_4_5005_c.jpeg"
    ],
    "ultima_modificacion": "2025-08-01 01:01:18.606015"
  },
  "2bb6ef5c0d924cfc8bc7b7ee39f54d8045005c.jpeg": {
    "app_sintetizada": "2BB6EF5C0D924CFC8BC7B7EE39F54D8045005C.JPEG",
    "cantidad_archivos": 1,
    "archivos_fuente": [
      "Pictures/Fototeca de Fotos.photoslibrary/resources/derivatives/masters/2/2BB6EF5C-0D92-4CFC-8BC7-B7EE39F54D80_4_5005_c.jpeg"
    ],
    "ultima_modificacion": "2025-08-01 01:01:18.606345"
  },
  "2291c37d9e6446a98ed40371af71890245005c.jpeg": {
    "app_sintetizada": "2291C37D9E6446A98ED40371AF71890245005C.JPEG",
    "cantidad_archivos": 1,
    "archivos_fuente": [
      "Pictures/Fototeca de Fotos.photoslibrary/resources/derivatives/masters/2/2291C37D-9E64-46A9-8ED4-0371AF718902_4_5005_c.jpeg"
    ],
    "ultima_modificacion": "2025-08-01 01:01:18.606664"
  },
  "2105eae0950c4776be0cd32e7badae8245005c.jpeg": {
    "app_sintetizada": "2105EAE0950C4776BE0CD32E7BADAE8245005C.JPEG",
    "cantidad_archivos": 1,
    "archivos_fuente": [
      "Pictures/Fototeca de Fotos.photoslibrary/resources/derivatives/masters/2/2105EAE0-950C-4776-BE0C-D32E7BADAE82_4_5005_c.jpeg"
    ],
    "ultima_modificacion": "2025-08-01 01:01:18.607228"
  },
  "2a4e63419cfb4710afe1b6da25eaed1445005c.jpeg": {
    "app_sintetizada": "2A4E63419CFB4710AFE1B6DA25EAED1445005C.JPEG",
    "cantidad_archivos": 1,
    "archivos_fuente": [
      "Pictures/Fototeca de Fotos.photoslibrary/resources/derivatives/masters/2/2A4E6341-9CFB-4710-AFE1-B6DA25EAED14_4_5005_c.jpeg"
    ],
    "ultima_modificacion": "2025-08-01 01:01:18.607646"
  },
  "2a538e5bf29c4ad594f7f6586a4c959b45005c.jpeg": {
    "app_sintetizada": "2A538E5BF29C4AD594F7F6586A4C959B45005C.JPEG",
    "cantidad_archivos": 1,
    "archivos_fuente": [
      "Pictures/Fototeca de Fotos.photoslibrary/resources/derivatives/masters/2/2A538E5B-F29C-4AD5-94F7-F6586A4C959B_4_5005_c.jpeg"
    ],
    "ultima_modificacion": "2025-08-01 01:01:18.608005"
  },
  "205907b1ddc44ee88b1497be0d3485d445005c.jpeg": {
    "app_sintetizada": "205907B1DDC44EE88B1497BE0D3485D445005C.JPEG",
    "cantidad_archivos": 1,
    "archivos_fuente": [
      "Pictures/Fototeca de Fotos.photoslibrary/resources/derivatives/masters/2/205907B1-DDC4-4EE8-8B14-97BE0D3485D4_4_5005_c.jpeg"
    ],
    "ultima_modificacion": "2025-08-01 01:01:18.608336"
  },
  "2cfed65eda394bed8f6bd61aebdff94a45005c.jpeg": {
    "app_sintetizada": "2CFED65EDA394BED8F6BD61AEBDFF94A45005C.JPEG",
    "cantidad_archivos": 1,
    "archivos_fuente": [
      "Pictures/Fototeca de Fotos.photoslibrary/resources/derivatives/masters/2/2CFED65E-DA39-4BED-8F6B-D61AEBDFF94A_4_5005_c.jpeg"
    ],
    "ultima_modificacion": "2025-08-01 01:01:18.608655"
  },
  "2c80257e9f5045819c69f340cbe76f8545005c.jpeg": {
    "app_sintetizada": "2C80257E9F5045819C69F340CBE76F8545005C.JPEG",
    "cantidad_archivos": 1,
    "archivos_fuente": [
      "Pictures/Fototeca de Fotos.photoslibrary/resources/derivatives/masters/2/2C80257E-9F50-4581-9C69-F340CBE76F85_4_5005_c.jpeg"
    ],
    "ultima_modificacion": "2025-08-01 01:01:18.608978"
  },
  "2664b0694a774a2fac962f5d4bdc100345005c.jpeg": {
    "app_sintetizada": "2664B0694A774A2FAC962F5D4BDC100345005C.JPEG",
    "cantidad_archivos": 1,
    "archivos_fuente": [
      "Pictures/Fototeca de Fotos.photoslibrary/resources/derivatives/masters/2/2664B069-4A77-4A2F-AC96-2F5D4BDC1003_4_5005_c.jpeg"
    ],
    "ultima_modificacion": "2025-08-01 01:01:18.609317"
  },
  "278d1cfac34b4ce18d900f874b20c25845005c.jpeg": {
    "app_sintetizada": "278D1CFAC34B4CE18D900F874B20C25845005C.JPEG",
    "cantidad_archivos": 1,
    "archivos_fuente": [
      "Pictures/Fototeca de Fotos.photoslibrary/resources/derivatives/masters/2/278D1CFA-C34B-4CE1-8D90-0F874B20C258_4_5005_c.jpeg"
    ],
    "ultima_modificacion": "2025-08-01 01:01:18.609638"
  },
  "2a9474c8f18844828a445216467412a245005c.jpeg": {
    "app_sintetizada": "2A9474C8F18844828A445216467412A245005C.JPEG",
    "cantidad_archivos": 1,
    "archivos_fuente": [
      "Pictures/Fototeca de Fotos.photoslibrary/resources/derivatives/masters/2/2A9474C8-F188-4482-8A44-5216467412A2_4_5005_c.jpeg"
    ],
    "ultima_modificacion": "2025-08-01 01:01:18.609979"
  },
  "2b99a773ae124921bc8ece460b3f750045005c.jpeg": {
    "app_sintetizada": "2B99A773AE124921BC8ECE460B3F750045005C.JPEG",
    "cantidad_archivos": 1,
    "archivos_fuente": [
      "Pictures/Fototeca de Fotos.photoslibrary/resources/derivatives/masters/2/2B99A773-AE12-4921-BC8E-CE460B3F7500_4_5005_c.jpeg"
    ],
    "ultima_modificacion": "2025-08-01 01:01:18.611079"
  },
  "2904e48c1972418b8b93e86986a727b145005c.jpeg": {
    "app_sintetizada": "2904E48C1972418B8B93E86986A727B145005C.JPEG",
    "cantidad_archivos": 1,
    "archivos_fuente": [
      "Pictures/Fototeca de Fotos.photoslibrary/resources/derivatives/masters/2/2904E48C-1972-418B-8B93-E86986A727B1_4_5005_c.jpeg"
    ],
    "ultima_modificacion": "2025-08-01 01:01:18.611439"
  },
  "2ea9d706aee84911a8248e7c821b8ab145005c.jpeg": {
    "app_sintetizada": "2EA9D706AEE84911A8248E7C821B8AB145005C.JPEG",
    "cantidad_archivos": 1,
    "archivos_fuente": [
      "Pictures/Fototeca de Fotos.photoslibrary/resources/derivatives/masters/2/2EA9D706-AEE8-4911-A824-8E7C821B8AB1_4_5005_c.jpeg"
    ],
    "ultima_modificacion": "2025-08-01 01:01:18.612085"
  },
  "2b558c466efd43d7bd8d96fd0ca94e9c45005c.jpeg": {
    "app_sintetizada": "2B558C466EFD43D7BD8D96FD0CA94E9C45005C.JPEG",
    "cantidad_archivos": 1,
    "archivos_fuente": [
      "Pictures/Fototeca de Fotos.photoslibrary/resources/derivatives/masters/2/2B558C46-6EFD-43D7-BD8D-96FD0CA94E9C_4_5005_c.jpeg"
    ],
    "ultima_modificacion": "2025-08-01 01:01:18.612448"
  },
  "275d227805c04d91a0cbdece033cf51545005c.jpeg": {
    "app_sintetizada": "275D227805C04D91A0CBDECE033CF51545005C.JPEG",
    "cantidad_archivos": 1,
    "archivos_fuente": [
      "Pictures/Fototeca de Fotos.photoslibrary/resources/derivatives/masters/2/275D2278-05C0-4D91-A0CB-DECE033CF515_4_5005_c.jpeg"
    ],
    "ultima_modificacion": "2025-08-01 01:01:18.613226"
  },
  "291d2be1b6884486a667512b145752ce45005c.jpeg": {
    "app_sintetizada": "291D2BE1B6884486A667512B145752CE45005C.JPEG",
    "cantidad_archivos": 1,
    "archivos_fuente": [
      "Pictures/Fototeca de Fotos.photoslibrary/resources/derivatives/masters/2/291D2BE1-B688-4486-A667-512B145752CE_4_5005_c.jpeg"
    ],
    "ultima_modificacion": "2025-08-01 01:01:18.614350"
  },
  "2892ffff0fe34468928b3c02ce639e5245005c.jpeg": {
    "app_sintetizada": "2892FFFF0FE34468928B3C02CE639E5245005C.JPEG",
    "cantidad_archivos": 1,
    "archivos_fuente": [
      "Pictures/Fototeca de Fotos.photoslibrary/resources/derivatives/masters/2/2892FFFF-0FE3-4468-928B-3C02CE639E52_4_5005_c.jpeg"
    ],
    "ultima_modificacion": "2025-08-01 01:01:18.614712"
  },
  "20bed0001c9e42908d9ca2c1d1e61c3645005c.jpeg": {
    "app_sintetizada": "20BED0001C9E42908D9CA2C1D1E61C3645005C.JPEG",
    "cantidad_archivos": 1,
    "archivos_fuente": [
      "Pictures/Fototeca de Fotos.photoslibrary/resources/derivatives/masters/2/20BED000-1C9E-4290-8D9C-A2C1D1E61C36_4_5005_c.jpeg"
    ],
    "ultima_modificacion": "2025-08-01 01:01:18.614963"
  },
  "277a5653dfcc4b33a270a8b4d8f88ab745005c.jpeg": {
    "app_sintetizada": "277A5653DFCC4B33A270A8B4D8F88AB745005C.JPEG",
    "cantidad_archivos": 1,
    "archivos_fuente": [
      "Pictures/Fototeca de Fotos.photoslibrary/resources/derivatives/masters/2/277A5653-DFCC-4B33-A270-A8B4D8F88AB7_4_5005_c.jpeg"
    ],
    "ultima_modificacion": "2025-08-01 01:01:18.615196"
  },
  "2eeeed5d090e44199705e86137a1394045005c.jpeg": {
    "app_sintetizada": "2EEEED5D090E44199705E86137A1394045005C.JPEG",
    "cantidad_archivos": 1,
    "archivos_fuente": [
      "Pictures/Fototeca de Fotos.photoslibrary/resources/derivatives/masters/2/2EEEED5D-090E-4419-9705-E86137A13940_4_5005_c.jpeg"
    ],
    "ultima_modificacion": "2025-08-01 01:01:18.615478"
  },
  "22d086db5c4840358ffd5968852eb19045005c.jpeg": {
    "app_sintetizada": "22D086DB5C4840358FFD5968852EB19045005C.JPEG",
    "cantidad_archivos": 1,
    "archivos_fuente": [
      "Pictures/Fototeca de Fotos.photoslibrary/resources/derivatives/masters/2/22D086DB-5C48-4035-8FFD-5968852EB190_4_5005_c.jpeg"
    ],
    "ultima_modificacion": "2025-08-01 01:01:18.615742"
  },
  "2f5b4b499d6e440d98812202d7c7368845005c.jpeg": {
    "app_sintetizada": "2F5B4B499D6E440D98812202D7C7368845005C.JPEG",
    "cantidad_archivos": 1,
    "archivos_fuente": [
      "Pictures/Fototeca de Fotos.photoslibrary/resources/derivatives/masters/2/2F5B4B49-9D6E-440D-9881-2202D7C73688_4_5005_c.jpeg"
    ],
    "ultima_modificacion": "2025-08-01 01:01:18.615967"
  },
  "2554c61d692847cf92a4efa4d52f7f7345005c.jpeg": {
    "app_sintetizada": "2554C61D692847CF92A4EFA4D52F7F7345005C.JPEG",
    "cantidad_archivos": 1,
    "archivos_fuente": [
      "Pictures/Fototeca de Fotos.photoslibrary/resources/derivatives/masters/2/2554C61D-6928-47CF-92A4-EFA4D52F7F73_4_5005_c.jpeg"
    ],
    "ultima_modificacion": "2025-08-01 01:01:18.616184"
  },
  "2092de85c5d147b68b00b8de41f73ae445005c.jpeg": {
    "app_sintetizada": "2092DE85C5D147B68B00B8DE41F73AE445005C.JPEG",
    "cantidad_archivos": 1,
    "archivos_fuente": [
      "Pictures/Fototeca de Fotos.photoslibrary/resources/derivatives/masters/2/2092DE85-C5D1-47B6-8B00-B8DE41F73AE4_4_5005_c.jpeg"
    ],
    "ultima_modificacion": "2025-08-01 01:01:18.616408"
  },
  "2757e47615b24fc388953ef512c494df45005c.jpeg": {
    "app_sintetizada": "2757E47615B24FC388953EF512C494DF45005C.JPEG",
    "cantidad_archivos": 1,
    "archivos_fuente": [
      "Pictures/Fototeca de Fotos.photoslibrary/resources/derivatives/masters/2/2757E476-15B2-4FC3-8895-3EF512C494DF_4_5005_c.jpeg"
    ],
    "ultima_modificacion": "2025-08-01 01:01:18.616627"
  },
  "23ce22769e05478d8434dcfec1f901c745005c.jpeg": {
    "app_sintetizada": "23CE22769E05478D8434DCFEC1F901C745005C.JPEG",
    "cantidad_archivos": 1,
    "archivos_fuente": [
      "Pictures/Fototeca de Fotos.photoslibrary/resources/derivatives/masters/2/23CE2276-9E05-478D-8434-DCFEC1F901C7_4_5005_c.jpeg"
    ],
    "ultima_modificacion": "2025-08-01 01:01:18.616865"
  },
  "23241f2c124442caa1fd6a1628758c6145005c.jpeg": {
    "app_sintetizada": "23241F2C124442CAA1FD6A1628758C6145005C.JPEG",
    "cantidad_archivos": 1,
    "archivos_fuente": [
      "Pictures/Fototeca de Fotos.photoslibrary/resources/derivatives/masters/2/23241F2C-1244-42CA-A1FD-6A1628758C61_4_5005_c.jpeg"
    ],
    "ultima_modificacion": "2025-08-01 01:01:18.617095"
  },
  "2b2999f7d72f4ea2877a9797f061e44345005c.jpeg": {
    "app_sintetizada": "2B2999F7D72F4EA2877A9797F061E44345005C.JPEG",
    "cantidad_archivos": 1,
    "archivos_fuente": [
      "Pictures/Fototeca de Fotos.photoslibrary/resources/derivatives/masters/2/2B2999F7-D72F-4EA2-877A-9797F061E443_4_5005_c.jpeg"
    ],
    "ultima_modificacion": "2025-08-01 01:01:18.617323"
  },
  "232bcf212f254d8fb0969c94b352a14645005c.jpeg": {
    "app_sintetizada": "232BCF212F254D8FB0969C94B352A14645005C.JPEG",
    "cantidad_archivos": 1,
    "archivos_fuente": [
      "Pictures/Fototeca de Fotos.photoslibrary/resources/derivatives/masters/2/232BCF21-2F25-4D8F-B096-9C94B352A146_4_5005_c.jpeg"
    ],
    "ultima_modificacion": "2025-08-01 01:01:18.617562"
  },
  "212dd496422449e2ad6f284efc57afff45005c.jpeg": {
    "app_sintetizada": "212DD496422449E2AD6F284EFC57AFFF45005C.JPEG",
    "cantidad_archivos": 1,
    "archivos_fuente": [
      "Pictures/Fototeca de Fotos.photoslibrary/resources/derivatives/masters/2/212DD496-4224-49E2-AD6F-284EFC57AFFF_4_5005_c.jpeg"
    ],
    "ultima_modificacion": "2025-08-01 01:01:18.617912"
  }
}