{
  "4572dc9c924d40389eacbb6678d39bee45005c.jpeg": {
    "app_sintetizada": "4572DC9C924D40389EACBB6678D39BEE45005C.JPEG",
    "cantidad_archivos": 1,
    "archivos_fuente": [
      "Pictures/Fototeca de Fotos.photoslibrary/resources/derivatives/masters/4/4572DC9C-924D-4038-9EAC-BB6678D39BEE_4_5005_c.jpeg"
    ],
    "ultima_modificacion": "2025-08-01 01:01:15.215884"
  },
  "42b2a662c1e44cb6b3e030229b96ff5645005c.jpeg": {
    "app_sintetizada": "42B2A662C1E44CB6B3E030229B96FF5645005C.JPEG",
    "cantidad_archivos": 1,
    "archivos_fuente": [
      "Pictures/Fototeca de Fotos.photoslibrary/resources/derivatives/masters/4/42B2A662-C1E4-4CB6-B3E0-30229B96FF56_4_5005_c.jpeg"
    ],
    "ultima_modificacion": "2025-08-01 01:01:15.216186"
  },
  "48183e4ff31a4d31b4fcca42645589bc45005c.jpeg": {
    "app_sintetizada": "48183E4FF31A4D31B4FCCA42645589BC45005C.JPEG",
    "cantidad_archivos": 1,
    "archivos_fuente": [
      "Pictures/Fototeca de Fotos.photoslibrary/resources/derivatives/masters/4/48183E4F-F31A-4D31-B4FC-CA42645589BC_4_5005_c.jpeg"
    ],
    "ultima_modificacion": "2025-08-01 01:01:15.216459"
  },
  "4b3ce04c5bf2434385e4b1fc411ab5c945005c.jpeg": {
    "app_sintetizada": "4B3CE04C5BF2434385E4B1FC411AB5C945005C.JPEG",
    "cantidad_archivos": 1,
    "archivos_fuente": [
      "Pictures/Fototeca de Fotos.photoslibrary/resources/derivatives/masters/4/4B3CE04C-5BF2-4343-85E4-B1FC411AB5C9_4_5005_c.jpeg"
    ],
    "ultima_modificacion": "2025-08-01 01:01:15.216730"
  },
  "4b068a2a13dc41659db505f6a3644b8f45005c.jpeg": {
    "app_sintetizada": "4B068A2A13DC41659DB505F6A3644B8F45005C.JPEG",
    "cantidad_archivos": 1,
    "archivos_fuente": [
      "Pictures/Fototeca de Fotos.photoslibrary/resources/derivatives/masters/4/4B068A2A-13DC-4165-9DB5-05F6A3644B8F_4_5005_c.jpeg"
    ],
    "ultima_modificacion": "2025-08-01 01:01:15.217079"
  },
  "461b1e44995745de883fc87fd2ab90f145005c.jpeg": {
    "app_sintetizada": "461B1E44995745DE883FC87FD2AB90F145005C.JPEG",
    "cantidad_archivos": 1,
    "archivos_fuente": [
      "Pictures/Fototeca de Fotos.photoslibrary/resources/derivatives/masters/4/461B1E44-9957-45DE-883F-C87FD2AB90F1_4_5005_c.jpeg"
    ],
    "ultima_modificacion": "2025-08-01 01:01:15.217366"
  },
  "4a97a277b92c451db7188f82870f70f745005c.jpeg": {
    "app_sintetizada": "4A97A277B92C451DB7188F82870F70F745005C.JPEG",
    "cantidad_archivos": 1,
    "archivos_fuente": [
      "Pictures/Fototeca de Fotos.photoslibrary/resources/derivatives/masters/4/4A97A277-B92C-451D-B718-8F82870F70F7_4_5005_c.jpeg"
    ],
    "ultima_modificacion": "2025-08-01 01:01:15.217671"
  },
  "42c888e01d844bb190c1e64b4163ba4a45005c.jpeg": {
    "app_sintetizada": "42C888E01D844BB190C1E64B4163BA4A45005C.JPEG",
    "cantidad_archivos": 1,
    "archivos_fuente": [
      "Pictures/Fototeca de Fotos.photoslibrary/resources/derivatives/masters/4/42C888E0-1D84-4BB1-90C1-E64B4163BA4A_4_5005_c.jpeg"
    ],
    "ultima_modificacion": "2025-08-01 01:01:15.218013"
  },
  "4933ea2552fb4fbbbf63e4721e4ad3fb45005c.jpeg": {
    "app_sintetizada": "4933EA2552FB4FBBBF63E4721E4AD3FB45005C.JPEG",
    "cantidad_archivos": 1,
    "archivos_fuente": [
      "Pictures/Fototeca de Fotos.photoslibrary/resources/derivatives/masters/4/4933EA25-52FB-4FBB-BF63-E4721E4AD3FB_4_5005_c.jpeg"
    ],
    "ultima_modificacion": "2025-08-01 01:01:15.218364"
  },
  "4a3e6712b5434bf28c2a5e5a989d297545005c.jpeg": {
    "app_sintetizada": "4A3E6712B5434BF28C2A5E5A989D297545005C.JPEG",
    "cantidad_archivos": 1,
    "archivos_fuente": [
      "Pictures/Fototeca de Fotos.photoslibrary/resources/derivatives/masters/4/4A3E6712-B543-4BF2-8C2A-5E5A989D2975_4_5005_c.jpeg"
    ],
    "ultima_modificacion": "2025-08-01 01:01:15.218642"
  },
  "4a00f1cfcff647779bf87c32982b966745005c.jpeg": {
    "app_sintetizada": "4A00F1CFCFF647779BF87C32982B966745005C.JPEG",
    "cantidad_archivos": 1,
    "archivos_fuente": [
      "Pictures/Fototeca de Fotos.photoslibrary/resources/derivatives/masters/4/4A00F1CF-CFF6-4777-9BF8-7C32982B9667_4_5005_c.jpeg"
    ],
    "ultima_modificacion": "2025-08-01 01:01:15.218851"
  },
  "49eef8db0ff34ee0a263dfaa36df8a7e45005c.jpeg": {
    "app_sintetizada": "49EEF8DB0FF34EE0A263DFAA36DF8A7E45005C.JPEG",
    "cantidad_archivos": 1,
    "archivos_fuente": [
      "Pictures/Fototeca de Fotos.photoslibrary/resources/derivatives/masters/4/49EEF8DB-0FF3-4EE0-A263-DFAA36DF8A7E_4_5005_c.jpeg"
    ],
    "ultima_modificacion": "2025-08-01 01:01:15.219049"
  },
  "4b950c80bd1e4dc7b46079c161b9dec045005c.jpeg": {
    "app_sintetizada": "4B950C80BD1E4DC7B46079C161B9DEC045005C.JPEG",
    "cantidad_archivos": 1,
    "archivos_fuente": [
      "Pictures/Fototeca de Fotos.photoslibrary/resources/derivatives/masters/4/4B950C80-BD1E-4DC7-B460-79C161B9DEC0_4_5005_c.jpeg"
    ],
    "ultima_modificacion": "2025-08-01 01:01:15.219248"
  },
  "46b0b16d688b45ea80c9aa43fd1e5feb45005c.jpeg": {
    "app_sintetizada": "46B0B16D688B45EA80C9AA43FD1E5FEB45005C.JPEG",
    "cantidad_archivos": 1,
    "archivos_fuente": [
      "Pictures/Fototeca de Fotos.photoslibrary/resources/derivatives/masters/4/46B0B16D-688B-45EA-80C9-AA43FD1E5FEB_4_5005_c.jpeg"
    ],
    "ultima_modificacion": "2025-08-01 01:01:15.219497"
  },
  "466eebe02ab14b06b0d9fa1af2775c5345005c.jpeg": {
    "app_sintetizada": "466EEBE02AB14B06B0D9FA1AF2775C5345005C.JPEG",
    "cantidad_archivos": 1,
    "archivos_fuente": [
      "Pictures/Fototeca de Fotos.photoslibrary/resources/derivatives/masters/4/466EEBE0-2AB1-4B06-B0D9-FA1AF2775C53_4_5005_c.jpeg"
    ],
    "ultima_modificacion": "2025-08-01 01:01:15.219753"
  },
  "439eab18e2a8482080dc0ff70add115645005c.jpeg": {
    "app_sintetizada": "439EAB18E2A8482080DC0FF70ADD115645005C.JPEG",
    "cantidad_archivos": 1,
    "archivos_fuente": [
      "Pictures/Fototeca de Fotos.photoslibrary/resources/derivatives/masters/4/439EAB18-E2A8-4820-80DC-0FF70ADD1156_4_5005_c.jpeg"
    ],
    "ultima_modificacion": "2025-08-01 01:01:15.220002"
  },
  "4453277491064f4c8b7f07bb7c2c02a745005c.jpeg": {
    "app_sintetizada": "4453277491064F4C8B7F07BB7C2C02A745005C.JPEG",
    "cantidad_archivos": 1,
    "archivos_fuente": [
      "Pictures/Fototeca de Fotos.photoslibrary/resources/derivatives/masters/4/44532774-9106-4F4C-8B7F-07BB7C2C02A7_4_5005_c.jpeg"
    ],
    "ultima_modificacion": "2025-08-01 01:01:15.220257"
  },
  "4ebaa089628a4f2180d5bc6ff51a0bcf45005c.jpeg": {
    "app_sintetizada": "4EBAA089628A4F2180D5BC6FF51A0BCF45005C.JPEG",
    "cantidad_archivos": 1,
    "archivos_fuente": [
      "Pictures/Fototeca de Fotos.photoslibrary/resources/derivatives/masters/4/4EBAA089-628A-4F21-80D5-BC6FF51A0BCF_4_5005_c.jpeg"
    ],
    "ultima_modificacion": "2025-08-01 01:01:15.220523"
  },
  "4bef64e96d9143fdb091a96ce4d1c79945005c.jpeg": {
    "app_sintetizada": "4BEF64E96D9143FDB091A96CE4D1C79945005C.JPEG",
    "cantidad_archivos": 1,
    "archivos_fuente": [
      "Pictures/Fototeca de Fotos.photoslibrary/resources/derivatives/masters/4/4BEF64E9-6D91-43FD-B091-A96CE4D1C799_4_5005_c.jpeg"
    ],
    "ultima_modificacion": "2025-08-01 01:01:15.220972"
  },
  "4c1218a2e0d44e3d9870963ce85d10a445005c.jpeg": {
    "app_sintetizada": "4C1218A2E0D44E3D9870963CE85D10A445005C.JPEG",
    "cantidad_archivos": 1,
    "archivos_fuente": [
      "Pictures/Fototeca de Fotos.photoslibrary/resources/derivatives/masters/4/4C1218A2-E0D4-4E3D-9870-963CE85D10A4_4_5005_c.jpeg"
    ],
    "ultima_modificacion": "2025-08-01 01:01:15.221280"
  },
  "49ed21bf5f66400993396e4f8b9a940c45005c.jpeg": {
    "app_sintetizada": "49ED21BF5F66400993396E4F8B9A940C45005C.JPEG",
    "cantidad_archivos": 1,
    "archivos_fuente": [
      "Pictures/Fototeca de Fotos.photoslibrary/resources/derivatives/masters/4/49ED21BF-5F66-4009-9339-6E4F8B9A940C_4_5005_c.jpeg"
    ],
    "ultima_modificacion": "2025-08-01 01:01:15.221523"
  },
  "459358c658164f3bb10f45e80a7c5ae245005c.jpeg": {
    "app_sintetizada": "459358C658164F3BB10F45E80A7C5AE245005C.JPEG",
    "cantidad_archivos": 1,
    "archivos_fuente": [
      "Pictures/Fototeca de Fotos.photoslibrary/resources/derivatives/masters/4/459358C6-5816-4F3B-B10F-45E80A7C5AE2_4_5005_c.jpeg"
    ],
    "ultima_modificacion": "2025-08-01 01:01:15.221754"
  },
  "4fc724f7dd05471bb3cac890f53995e545005c.jpeg": {
    "app_sintetizada": "4FC724F7DD05471BB3CAC890F53995E545005C.JPEG",
    "cantidad_archivos": 1,
    "archivos_fuente": [
      "Pictures/Fototeca de Fotos.photoslibrary/resources/derivatives/masters/4/4FC724F7-DD05-471B-B3CA-C890F53995E5_4_5005_c.jpeg"
    ],
    "ultima_modificacion": "2025-08-01 01:01:15.221987"
  },
  "4986c83ace3d4afb89708a3de15360d145005c.jpeg": {
    "app_sintetizada": "4986C83ACE3D4AFB89708A3DE15360D145005C.JPEG",
    "cantidad_archivos": 1,
    "archivos_fuente": [
      "Pictures/Fototeca de Fotos.photoslibrary/resources/derivatives/masters/4/4986C83A-CE3D-4AFB-8970-8A3DE15360D1_4_5005_c.jpeg"
    ],
    "ultima_modificacion": "2025-08-01 01:01:15.222246"
  },
  "4d062e70b0444bb69fb2bdb8631c6d6245005c.jpeg": {
    "app_sintetizada": "4D062E70B0444BB69FB2BDB8631C6D6245005C.JPEG",
    "cantidad_archivos": 1,
    "archivos_fuente": [
      "Pictures/Fototeca de Fotos.photoslibrary/resources/derivatives/masters/4/4D062E70-B044-4BB6-9FB2-BDB8631C6D62_4_5005_c.jpeg"
    ],
    "ultima_modificacion": "2025-08-01 01:01:15.222487"
  },
  "4299a8e52d51481889c6171e0d02241045005c.jpeg": {
    "app_sintetizada": "4299A8E52D51481889C6171E0D02241045005C.JPEG",
    "cantidad_archivos": 1,
    "archivos_fuente": [
      "Pictures/Fototeca de Fotos.photoslibrary/resources/derivatives/masters/4/4299A8E5-2D51-4818-89C6-171E0D022410_4_5005_c.jpeg"
    ],
    "ultima_modificacion": "2025-08-01 01:01:15.222810"
  },
  "4f925d9805dc461c86ae688d4415c57f45005c.jpeg": {
    "app_sintetizada": "4F925D9805DC461C86AE688D4415C57F45005C.JPEG",
    "cantidad_archivos": 1,
    "archivos_fuente": [
      "Pictures/Fototeca de Fotos.photoslibrary/resources/derivatives/masters/4/4F925D98-05DC-461C-86AE-688D4415C57F_4_5005_c.jpeg"
    ],
    "ultima_modificacion": "2025-08-01 01:01:15.223229"
  },
  "4b94bf30a57448f79ac89f7d6ae524d645005c.jpeg": {
    "app_sintetizada": "4B94BF30A57448F79AC89F7D6AE524D645005C.JPEG",
    "cantidad_archivos": 1,
    "archivos_fuente": [
      "Pictures/Fototeca de Fotos.photoslibrary/resources/derivatives/masters/4/4B94BF30-A574-48F7-9AC8-9F7D6AE524D6_4_5005_c.jpeg"
    ],
    "ultima_modificacion": "2025-08-01 01:01:15.223537"
  },
  "475c864ca7d34b17bf01434925d0c06245005c.jpeg": {
    "app_sintetizada": "475C864CA7D34B17BF01434925D0C06245005C.JPEG",
    "cantidad_archivos": 1,
    "archivos_fuente": [
      "Pictures/Fototeca de Fotos.photoslibrary/resources/derivatives/masters/4/475C864C-A7D3-4B17-BF01-434925D0C062_4_5005_c.jpeg"
    ],
    "ultima_modificacion": "2025-08-01 01:01:15.223780"
  },
  "4151e8bad8454212818ca13283fd558545005c.jpeg": {
    "app_sintetizada": "4151E8BAD8454212818CA13283FD558545005C.JPEG",
    "cantidad_archivos": 1,
    "archivos_fuente": [
      "Pictures/Fototeca de Fotos.photoslibrary/resources/derivatives/masters/4/4151E8BA-D845-4212-818C-A13283FD5585_4_5005_c.jpeg"
    ],
    "ultima_modificacion": "2025-08-01 01:01:15.224056"
  },
  "499713a3081d49daafe8cdbd2d0ba95d45005c.jpeg": {
    "app_sintetizada": "499713A3081D49DAAFE8CDBD2D0BA95D45005C.JPEG",
    "cantidad_archivos": 1,
    "archivos_fuente": [
      "Pictures/Fototeca de Fotos.photoslibrary/resources/derivatives/masters/4/499713A3-081D-49DA-AFE8-CDBD2D0BA95D_4_5005_c.jpeg"
    ],
    "ultima_modificacion": "2025-08-01 01:01:15.224502"
  },
  "46cf1db6889840a7a33bffb5e6c4b00345005c.jpeg": {
    "app_sintetizada": "46CF1DB6889840A7A33BFFB5E6C4B00345005C.JPEG",
    "cantidad_archivos": 1,
    "archivos_fuente": [
      "Pictures/Fototeca de Fotos.photoslibrary/resources/derivatives/masters/4/46CF1DB6-8898-40A7-A33B-FFB5E6C4B003_4_5005_c.jpeg"
    ],
    "ultima_modificacion": "2025-08-01 01:01:15.224751"
  },
  "4e32a615ca7d4a4c87246e5ffb8ae6a945005c.jpeg": {
    "app_sintetizada": "4E32A615CA7D4A4C87246E5FFB8AE6A945005C.JPEG",
    "cantidad_archivos": 1,
    "archivos_fuente": [
      "Pictures/Fototeca de Fotos.photoslibrary/resources/derivatives/masters/4/4E32A615-CA7D-4A4C-8724-6E5FFB8AE6A9_4_5005_c.jpeg"
    ],
    "ultima_modificacion": "2025-08-01 01:01:15.224992"
  },
  "44339ac340a24eee832695ddb729fed445005c.jpeg": {
    "app_sintetizada": "44339AC340A24EEE832695DDB729FED445005C.JPEG",
    "cantidad_archivos": 1,
    "archivos_fuente": [
      "Pictures/Fototeca de Fotos.photoslibrary/resources/derivatives/masters/4/44339AC3-40A2-4EEE-8326-95DDB729FED4_4_5005_c.jpeg"
    ],
    "ultima_modificacion": "2025-08-01 01:01:15.225277"
  },
  "4d98ab45873b4048a4a28321eafe623345005c.jpeg": {
    "app_sintetizada": "4D98AB45873B4048A4A28321EAFE623345005C.JPEG",
    "cantidad_archivos": 1,
    "archivos_fuente": [
      "Pictures/Fototeca de Fotos.photoslibrary/resources/derivatives/masters/4/4D98AB45-873B-4048-A4A2-8321EAFE6233_4_5005_c.jpeg"
    ],
    "ultima_modificacion": "2025-08-01 01:01:15.225534"
  },
  "42d5ddb62f5946379a26a124495a322745005c.jpeg": {
    "app_sintetizada": "42D5DDB62F5946379A26A124495A322745005C.JPEG",
    "cantidad_archivos": 1,
    "archivos_fuente": [
      "Pictures/Fototeca de Fotos.photoslibrary/resources/derivatives/masters/4/42D5DDB6-2F59-4637-9A26-A124495A3227_4_5005_c.jpeg"
    ],
    "ultima_modificacion": "2025-08-01 01:01:15.225787"
  },
  "490d215ee5064cc09429d30d501f924745005c.jpeg": {
    "app_sintetizada": "490D215EE5064CC09429D30D501F924745005C.JPEG",
    "cantidad_archivos": 1,
    "archivos_fuente": [
      "Pictures/Fototeca de Fotos.photoslibrary/resources/derivatives/masters/4/490D215E-E506-4CC0-9429-D30D501F9247_4_5005_c.jpeg"
    ],
    "ultima_modificacion": "2025-08-01 01:01:15.226040"
  },
  "4296658a13394c62946817cc8ff12f7e45005c.jpeg": {
    "app_sintetizada": "4296658A13394C62946817CC8FF12F7E45005C.JPEG",
    "cantidad_archivos": 1,
    "archivos_fuente": [
      "Pictures/Fototeca de Fotos.photoslibrary/resources/derivatives/masters/4/4296658A-1339-4C62-9468-17CC8FF12F7E_4_5005_c.jpeg"
    ],
    "ultima_modificacion": "2025-08-01 01:01:15.226400"
  },
  "46b41bebbd1b48b5a9b12de7aa60744045005c.jpeg": {
    "app_sintetizada": "46B41BEBBD1B48B5A9B12DE7AA60744045005C.JPEG",
    "cantidad_archivos": 1,
    "archivos_fuente": [
      "Pictures/Fototeca de Fotos.photoslibrary/resources/derivatives/masters/4/46B41BEB-BD1B-48B5-A9B1-2DE7AA607440_4_5005_c.jpeg"
    ],
    "ultima_modificacion": "2025-08-01 01:01:15.226644"
  },
  "45424739884645dda84af261099766ec45005c.jpeg": {
    "app_sintetizada": "45424739884645DDA84AF261099766EC45005C.JPEG",
    "cantidad_archivos": 1,
    "archivos_fuente": [
      "Pictures/Fototeca de Fotos.photoslibrary/resources/derivatives/masters/4/45424739-8846-45DD-A84A-F261099766EC_4_5005_c.jpeg"
    ],
    "ultima_modificacion": "2025-08-01 01:01:15.226925"
  },
  "4f814e02b8ce49feb027ee60f604009f45005c.jpeg": {
    "app_sintetizada": "4F814E02B8CE49FEB027EE60F604009F45005C.JPEG",
    "cantidad_archivos": 1,
    "archivos_fuente": [
      "Pictures/Fototeca de Fotos.photoslibrary/resources/derivatives/masters/4/4F814E02-B8CE-49FE-B027-EE60F604009F_4_5005_c.jpeg"
    ],
    "ultima_modificacion": "2025-08-01 01:01:15.227280"
  },
  "40ea2cde2ba54b1c8e81d411a809333545005c.jpeg": {
    "app_sintetizada": "40EA2CDE2BA54B1C8E81D411A809333545005C.JPEG",
    "cantidad_archivos": 1,
    "archivos_fuente": [
      "Pictures/Fototeca de Fotos.photoslibrary/resources/derivatives/masters/4/40EA2CDE-2BA5-4B1C-8E81-D411A8093335_4_5005_c.jpeg"
    ],
    "ultima_modificacion": "2025-08-01 01:01:15.227617"
  },
  "4260956d3c594f89b3e83f985969076945005c.jpeg": {
    "app_sintetizada": "4260956D3C594F89B3E83F985969076945005C.JPEG",
    "cantidad_archivos": 1,
    "archivos_fuente": [
      "Pictures/Fototeca de Fotos.photoslibrary/resources/derivatives/masters/4/4260956D-3C59-4F89-B3E8-3F9859690769_4_5005_c.jpeg"
    ],
    "ultima_modificacion": "2025-08-01 01:01:15.227893"
  },
  "45142acb63cc47eda97e8db7ea68a23d45005c.jpeg": {
    "app_sintetizada": "45142ACB63CC47EDA97E8DB7EA68A23D45005C.JPEG",
    "cantidad_archivos": 1,
    "archivos_fuente": [
      "Pictures/Fototeca de Fotos.photoslibrary/resources/derivatives/masters/4/45142ACB-63CC-47ED-A97E-8DB7EA68A23D_4_5005_c.jpeg"
    ],
    "ultima_modificacion": "2025-08-01 01:01:15.228257"
  },
  "4a48875f29a744af92f994a8a2e98d5b45005c.jpeg": {
    "app_sintetizada": "4A48875F29A744AF92F994A8A2E98D5B45005C.JPEG",
    "cantidad_archivos": 1,
    "archivos_fuente": [
      "Pictures/Fototeca de Fotos.photoslibrary/resources/derivatives/masters/4/4A48875F-29A7-44AF-92F9-94A8A2E98D5B_4_5005_c.jpeg"
    ],
    "ultima_modificacion": "2025-08-01 01:01:15.228598"
  },
  "4958df99845d474b8209ec2586452d4e45005c.jpeg": {
    "app_sintetizada": "4958DF99845D474B8209EC2586452D4E45005C.JPEG",
    "cantidad_archivos": 1,
    "archivos_fuente": [
      "Pictures/Fototeca de Fotos.photoslibrary/resources/derivatives/masters/4/4958DF99-845D-474B-8209-EC2586452D4E_4_5005_c.jpeg"
    ],
    "ultima_modificacion": "2025-08-01 01:01:15.228894"
  },
  "44e4f1fcec234368ad725f27e666d9c945005c.jpeg": {
    "app_sintetizada": "44E4F1FCEC234368AD725F27E666D9C945005C.JPEG",
    "cantidad_archivos": 1,
    "archivos_fuente": [
      "Pictures/Fototeca de Fotos.photoslibrary/resources/derivatives/masters/4/44E4F1FC-EC23-4368-AD72-5F27E666D9C9_4_5005_c.jpeg"
    ],
    "ultima_modificacion": "2025-08-01 01:01:15.229279"
  },
  "4ad5a897a2cb49b8aaab70127764b9d945005c.jpeg": {
    "app_sintetizada": "4AD5A897A2CB49B8AAAB70127764B9D945005C.JPEG",
    "cantidad_archivos": 1,
    "archivos_fuente": [
      "Pictures/Fototeca de Fotos.photoslibrary/resources/derivatives/masters/4/4AD5A897-A2CB-49B8-AAAB-70127764B9D9_4_5005_c.jpeg"
    ],
    "ultima_modificacion": "2025-08-01 01:01:15.229647"
  },
  "4f7f3c57bc474f9daf0e712e48a600ce45005c.jpeg": {
    "app_sintetizada": "4F7F3C57BC474F9DAF0E712E48A600CE45005C.JPEG",
    "cantidad_archivos": 1,
    "archivos_fuente": [
      "Pictures/Fototeca de Fotos.photoslibrary/resources/derivatives/masters/4/4F7F3C57-BC47-4F9D-AF0E-712E48A600CE_4_5005_c.jpeg"
    ],
    "ultima_modificacion": "2025-08-01 01:01:15.229963"
  },
  "44331bb887f9421c955a67163b71af4445005c.jpeg": {
    "app_sintetizada": "44331BB887F9421C955A67163B71AF4445005C.JPEG",
    "cantidad_archivos": 1,
    "archivos_fuente": [
      "Pictures/Fototeca de Fotos.photoslibrary/resources/derivatives/masters/4/44331BB8-87F9-421C-955A-67163B71AF44_4_5005_c.jpeg"
    ],
    "ultima_modificacion": "2025-08-01 01:01:15.230247"
  },
  "4e17084e90e04be4a65d84aac64657cf45005c.jpeg": {
    "app_sintetizada": "4E17084E90E04BE4A65D84AAC64657CF45005C.JPEG",
    "cantidad_archivos": 1,
    "archivos_fuente": [
      "Pictures/Fototeca de Fotos.photoslibrary/resources/derivatives/masters/4/4E17084E-90E0-4BE4-A65D-84AAC64657CF_4_5005_c.jpeg"
    ],
    "ultima_modificacion": "2025-08-01 01:01:15.230571"
  },
  "4b3a6c4dda024bd2a0ae38faa4a4cb2e45005c.jpeg": {
    "app_sintetizada": "4B3A6C4DDA024BD2A0AE38FAA4A4CB2E45005C.JPEG",
    "cantidad_archivos": 1,
    "archivos_fuente": [
      "Pictures/Fototeca de Fotos.photoslibrary/resources/derivatives/masters/4/4B3A6C4D-DA02-4BD2-A0AE-38FAA4A4CB2E_4_5005_c.jpeg"
    ],
    "ultima_modificacion": "2025-08-01 01:01:15.230982"
  },
  "4dfd4a32469c4ee9895bfb4a1597cb3545005c.jpeg": {
    "app_sintetizada": "4DFD4A32469C4EE9895BFB4A1597CB3545005C.JPEG",
    "cantidad_archivos": 1,
    "archivos_fuente": [
      "Pictures/Fototeca de Fotos.photoslibrary/resources/derivatives/masters/4/4DFD4A32-469C-4EE9-895B-FB4A1597CB35_4_5005_c.jpeg"
    ],
    "ultima_modificacion": "2025-08-01 01:01:15.231327"
  },
  "4bcfb92f4433473f9c958338d388529a45005c.jpeg": {
    "app_sintetizada": "4BCFB92F4433473F9C958338D388529A45005C.JPEG",
    "cantidad_archivos": 1,
    "archivos_fuente": [
      "Pictures/Fototeca de Fotos.photoslibrary/resources/derivatives/masters/4/4BCFB92F-4433-473F-9C95-8338D388529A_4_5005_c.jpeg"
    ],
    "ultima_modificacion": "2025-08-01 01:01:15.231709"
  },
  "4f42464fa0534fc7867c58277043f81145005c.jpeg": {
    "app_sintetizada": "4F42464FA0534FC7867C58277043F81145005C.JPEG",
    "cantidad_archivos": 1,
    "archivos_fuente": [
      "Pictures/Fototeca de Fotos.photoslibrary/resources/derivatives/masters/4/4F42464F-A053-4FC7-867C-58277043F811_4_5005_c.jpeg"
    ],
    "ultima_modificacion": "2025-08-01 01:01:15.232047"
  },
  "4a66042555214252b14bcfd01fdfa36545005c.jpeg": {
    "app_sintetizada": "4A66042555214252B14BCFD01FDFA36545005C.JPEG",
    "cantidad_archivos": 1,
    "archivos_fuente": [
      "Pictures/Fototeca de Fotos.photoslibrary/resources/derivatives/masters/4/4A660425-5521-4252-B14B-CFD01FDFA365_4_5005_c.jpeg"
    ],
    "ultima_modificacion": "2025-08-01 01:01:15.232307"
  },
  "401829deff9a4820ae934c70810b1cd745005c.jpeg": {
    "app_sintetizada": "401829DEFF9A4820AE934C70810B1CD745005C.JPEG",
    "cantidad_archivos": 1,
    "archivos_fuente": [
      "Pictures/Fototeca de Fotos.photoslibrary/resources/derivatives/masters/4/401829DE-FF9A-4820-AE93-4C70810B1CD7_4_5005_c.jpeg"
    ],
    "ultima_modificacion": "2025-08-01 01:01:15.232650"
  },
  "42a4f516ff964b0abcb36ab1456f72e845005c.jpeg": {
    "app_sintetizada": "42A4F516FF964B0ABCB36AB1456F72E845005C.JPEG",
    "cantidad_archivos": 1,
    "archivos_fuente": [
      "Pictures/Fototeca de Fotos.photoslibrary/resources/derivatives/masters/4/42A4F516-FF96-4B0A-BCB3-6AB1456F72E8_4_5005_c.jpeg"
    ],
    "ultima_modificacion": "2025-08-01 01:01:15.232925"
  },
  "45176b7ae6b7471ab7dda3e0ac5607fc45005c.jpeg": {
    "app_sintetizada": "45176B7AE6B7471AB7DDA3E0AC5607FC45005C.JPEG",
    "cantidad_archivos": 1,
    "archivos_fuente": [
      "Pictures/Fototeca de Fotos.photoslibrary/resources/derivatives/masters/4/45176B7A-E6B7-471A-B7DD-A3E0AC5607FC_4_5005_c.jpeg"
    ],
    "ultima_modificacion": "2025-08-01 01:01:15.233191"
  },
  "4e4b905002b2478890d5d3a6314118b645005c.jpeg": {
    "app_sintetizada": "4E4B905002B2478890D5D3A6314118B645005C.JPEG",
    "cantidad_archivos": 1,
    "archivos_fuente": [
      "Pictures/Fototeca de Fotos.photoslibrary/resources/derivatives/masters/4/4E4B9050-02B2-4788-90D5-D3A6314118B6_4_5005_c.jpeg"
    ],
    "ultima_modificacion": "2025-08-01 01:01:15.233484"
  },
  "4b777b9315b6405587290550cf144d0a45005c.jpeg": {
    "app_sintetizada": "4B777B9315B6405587290550CF144D0A45005C.JPEG",
    "cantidad_archivos": 1,
    "archivos_fuente": [
      "Pictures/Fototeca de Fotos.photoslibrary/resources/derivatives/masters/4/4B777B93-15B6-4055-8729-0550CF144D0A_4_5005_c.jpeg"
    ],
    "ultima_modificacion": "2025-08-01 01:01:15.233769"
  },
  "4a27fab743364108bf81b078dad84f2f45005c.jpeg": {
    "app_sintetizada": "4A27FAB743364108BF81B078DAD84F2F45005C.JPEG",
    "cantidad_archivos": 1,
    "archivos_fuente": [
      "Pictures/Fototeca de Fotos.photoslibrary/resources/derivatives/masters/4/4A27FAB7-4336-4108-BF81-B078DAD84F2F_4_5005_c.jpeg"
    ],
    "ultima_modificacion": "2025-08-01 01:01:15.234026"
  },
  "4962161773fa4ce68cf6088b2f9e1c1345005c.jpeg": {
    "app_sintetizada": "4962161773FA4CE68CF6088B2F9E1C1345005C.JPEG",
    "cantidad_archivos": 1,
    "archivos_fuente": [
      "Pictures/Fototeca de Fotos.photoslibrary/resources/derivatives/masters/4/49621617-73FA-4CE6-8CF6-088B2F9E1C13_4_5005_c.jpeg"
    ],
    "ultima_modificacion": "2025-08-01 01:01:15.234328"
  },
  "4e2b282fcbb047128e28090570f75fb845005c.jpeg": {
    "app_sintetizada": "4E2B282FCBB047128E28090570F75FB845005C.JPEG",
    "cantidad_archivos": 1,
    "archivos_fuente": [
      "Pictures/Fototeca de Fotos.photoslibrary/resources/derivatives/masters/4/4E2B282F-CBB0-4712-8E28-090570F75FB8_4_5005_c.jpeg"
    ],
    "ultima_modificacion": "2025-08-01 01:01:15.234658"
  },
  "4e846f0fcb2643628902d4d9c19a011445005c.jpeg": {
    "app_sintetizada": "4E846F0FCB2643628902D4D9C19A011445005C.JPEG",
    "cantidad_archivos": 1,
    "archivos_fuente": [
      "Pictures/Fototeca de Fotos.photoslibrary/resources/derivatives/masters/4/4E846F0F-CB26-4362-8902-D4D9C19A0114_4_5005_c.jpeg"
    ],
    "ultima_modificacion": "2025-08-01 01:01:15.234980"
  },
  "490f1dc26bbb4c51925829d9443f065845005c.jpeg": {
    "app_sintetizada": "490F1DC26BBB4C51925829D9443F065845005C.JPEG",
    "cantidad_archivos": 1,
    "archivos_fuente": [
      "Pictures/Fototeca de Fotos.photoslibrary/resources/derivatives/masters/4/490F1DC2-6BBB-4C51-9258-29D9443F0658_4_5005_c.jpeg"
    ],
    "ultima_modificacion": "2025-08-01 01:01:15.235264"
  },
  "42ecf5cda266463abbe7a7f8ff1086a345005c.jpeg": {
    "app_sintetizada": "42ECF5CDA266463ABBE7A7F8FF1086A345005C.JPEG",
    "cantidad_archivos": 1,
    "archivos_fuente": [
      "Pictures/Fototeca de Fotos.photoslibrary/resources/derivatives/masters/4/42ECF5CD-A266-463A-BBE7-A7F8FF1086A3_4_5005_c.jpeg"
    ],
    "ultima_modificacion": "2025-08-01 01:01:15.235510"
  },
  "44e94899b5a54961ac7bfe393b1d228f45005c.jpeg": {
    "app_sintetizada": "44E94899B5A54961AC7BFE393B1D228F45005C.JPEG",
    "cantidad_archivos": 1,
    "archivos_fuente": [
      "Pictures/Fototeca de Fotos.photoslibrary/resources/derivatives/masters/4/44E94899-B5A5-4961-AC7B-FE393B1D228F_4_5005_c.jpeg"
    ],
    "ultima_modificacion": "2025-08-01 01:01:15.235855"
  },
  "4b77a2de23094012be36dcfbd186f6b245005c.jpeg": {
    "app_sintetizada": "4B77A2DE23094012BE36DCFBD186F6B245005C.JPEG",
    "cantidad_archivos": 1,
    "archivos_fuente": [
      "Pictures/Fototeca de Fotos.photoslibrary/resources/derivatives/masters/4/4B77A2DE-2309-4012-BE36-DCFBD186F6B2_4_5005_c.jpeg"
    ],
    "ultima_modificacion": "2025-08-01 01:01:15.236109"
  },
  "42e4bebe97654afbba8d89b00f4a74bb45005c.jpeg": {
    "app_sintetizada": "42E4BEBE97654AFBBA8D89B00F4A74BB45005C.JPEG",
    "cantidad_archivos": 1,
    "archivos_fuente": [
      "Pictures/Fototeca de Fotos.photoslibrary/resources/derivatives/masters/4/42E4BEBE-9765-4AFB-BA8D-89B00F4A74BB_4_5005_c.jpeg"
    ],
    "ultima_modificacion": "2025-08-01 01:01:15.236443"
  },
  "49f7090731794f7e8542550f5a87567845005c.jpeg": {
    "app_sintetizada": "49F7090731794F7E8542550F5A87567845005C.JPEG",
    "cantidad_archivos": 1,
    "archivos_fuente": [
      "Pictures/Fototeca de Fotos.photoslibrary/resources/derivatives/masters/4/49F70907-3179-4F7E-8542-550F5A875678_4_5005_c.jpeg"
    ],
    "ultima_modificacion": "2025-08-01 01:01:15.236755"
  },
  "4f2885ee9d9d4aa8ae26852684ff1eb045005c.jpeg": {
    "app_sintetizada": "4F2885EE9D9D4AA8AE26852684FF1EB045005C.JPEG",
    "cantidad_archivos": 1,
    "archivos_fuente": [
      "Pictures/Fototeca de Fotos.photoslibrary/resources/derivatives/masters/4/4F2885EE-9D9D-4AA8-AE26-852684FF1EB0_4_5005_c.jpeg"
    ],
    "ultima_modificacion": "2025-08-01 01:01:15.237051"
  },
  "496d5ee33a1a404b9578907f37e02f7145005c.jpeg": {
    "app_sintetizada": "496D5EE33A1A404B9578907F37E02F7145005C.JPEG",
    "cantidad_archivos": 1,
    "archivos_fuente": [
      "Pictures/Fototeca de Fotos.photoslibrary/resources/derivatives/masters/4/496D5EE3-3A1A-404B-9578-907F37E02F71_4_5005_c.jpeg"
    ],
    "ultima_modificacion": "2025-08-01 01:01:15.237435"
  },
  "44df7da670aa4a80939899b974c252d945005c.jpeg": {
    "app_sintetizada": "44DF7DA670AA4A80939899B974C252D945005C.JPEG",
    "cantidad_archivos": 1,
    "archivos_fuente": [
      "Pictures/Fototeca de Fotos.photoslibrary/resources/derivatives/masters/4/44DF7DA6-70AA-4A80-9398-99B974C252D9_4_5005_c.jpeg"
    ],
    "ultima_modificacion": "2025-08-01 01:01:15.237739"
  },
  "4030f8f361f04255bfae1a757bd31c0845005c.jpeg": {
    "app_sintetizada": "4030F8F361F04255BFAE1A757BD31C0845005C.JPEG",
    "cantidad_archivos": 1,
    "archivos_fuente": [
      "Pictures/Fototeca de Fotos.photoslibrary/resources/derivatives/masters/4/4030F8F3-61F0-4255-BFAE-1A757BD31C08_4_5005_c.jpeg"
    ],
    "ultima_modificacion": "2025-08-01 01:01:15.238052"
  },
  "4e0b2873a94e4a68be823e4aeeff2f5345005c.jpeg": {
    "app_sintetizada": "4E0B2873A94E4A68BE823E4AEEFF2F5345005C.JPEG",
    "cantidad_archivos": 1,
    "archivos_fuente": [
      "Pictures/Fototeca de Fotos.photoslibrary/resources/derivatives/masters/4/4E0B2873-A94E-4A68-BE82-3E4AEEFF2F53_4_5005_c.jpeg"
    ],
    "ultima_modificacion": "2025-08-01 01:01:15.238362"
  },
  "45edcbfc8c984dedaef3672828ef238145005c.jpeg": {
    "app_sintetizada": "45EDCBFC8C984DEDAEF3672828EF238145005C.JPEG",
    "cantidad_archivos": 1,
    "archivos_fuente": [
      "Pictures/Fototeca de Fotos.photoslibrary/resources/derivatives/masters/4/45EDCBFC-8C98-4DED-AEF3-672828EF2381_4_5005_c.jpeg"
    ],
    "ultima_modificacion": "2025-08-01 01:01:15.238680"
  },
  "4ba9d956d74249ff93d8c2631f2add3545005c.jpeg": {
    "app_sintetizada": "4BA9D956D74249FF93D8C2631F2ADD3545005C.JPEG",
    "cantidad_archivos": 1,
    "archivos_fuente": [
      "Pictures/Fototeca de Fotos.photoslibrary/resources/derivatives/masters/4/4BA9D956-D742-49FF-93D8-C2631F2ADD35_4_5005_c.jpeg"
    ],
    "ultima_modificacion": "2025-08-01 01:01:15.238987"
  },
  "423831d9cc80407f8178d3c0557a632e45005c.jpeg": {
    "app_sintetizada": "423831D9CC80407F8178D3C0557A632E45005C.JPEG",
    "cantidad_archivos": 1,
    "archivos_fuente": [
      "Pictures/Fototeca de Fotos.photoslibrary/resources/derivatives/masters/4/423831D9-CC80-407F-8178-D3C0557A632E_4_5005_c.jpeg"
    ],
    "ultima_modificacion": "2025-08-01 01:01:15.239337"
  },
  "4bddbcb222b447fb8d98ee79518c476345005c.jpeg": {
    "app_sintetizada": "4BDDBCB222B447FB8D98EE79518C476345005C.JPEG",
    "cantidad_archivos": 1,
    "archivos_fuente": [
      "Pictures/Fototeca de Fotos.photoslibrary/resources/derivatives/masters/4/4BDDBCB2-22B4-47FB-8D98-EE79518C4763_4_5005_c.jpeg"
    ],
    "ultima_modificacion": "2025-08-01 01:01:15.239817"
  },
  "480dc16eb5314a4ca2f17ab0cbd547dc45005c.jpeg": {
    "app_sintetizada": "480DC16EB5314A4CA2F17AB0CBD547DC45005C.JPEG",
    "cantidad_archivos": 1,
    "archivos_fuente": [
      "Pictures/Fototeca de Fotos.photoslibrary/resources/derivatives/masters/4/480DC16E-B531-4A4C-A2F1-7AB0CBD547DC_4_5005_c.jpeg"
    ],
    "ultima_modificacion": "2025-08-01 01:01:15.240173"
  },
  "423be52065e246778663f5858579e35845005c.jpeg": {
    "app_sintetizada": "423BE52065E246778663F5858579E35845005C.JPEG",
    "cantidad_archivos": 1,
    "archivos_fuente": [
      "Pictures/Fototeca de Fotos.photoslibrary/resources/derivatives/masters/4/423BE520-65E2-4677-8663-F5858579E358_4_5005_c.jpeg"
    ],
    "ultima_modificacion": "2025-08-01 01:01:15.240510"
  },
  "49cc047b44884de28478218eb29fe45145005c.jpeg": {
    "app_sintetizada": "49CC047B44884DE28478218EB29FE45145005C.JPEG",
    "cantidad_archivos": 1,
    "archivos_fuente": [
      "Pictures/Fototeca de Fotos.photoslibrary/resources/derivatives/masters/4/49CC047B-4488-4DE2-8478-218EB29FE451_4_5005_c.jpeg"
    ],
    "ultima_modificacion": "2025-08-01 01:01:15.240908"
  },
  "4fe79424fd134665a6d065a76c4b24ba45005c.jpeg": {
    "app_sintetizada": "4FE79424FD134665A6D065A76C4B24BA45005C.JPEG",
    "cantidad_archivos": 1,
    "archivos_fuente": [
      "Pictures/Fototeca de Fotos.photoslibrary/resources/derivatives/masters/4/4FE79424-FD13-4665-A6D0-65A76C4B24BA_4_5005_c.jpeg"
    ],
    "ultima_modificacion": "2025-08-01 01:01:15.241236"
  },
  "4cdfa7862ef64296b8a719289f8a941a45005c.jpeg": {
    "app_sintetizada": "4CDFA7862EF64296B8A719289F8A941A45005C.JPEG",
    "cantidad_archivos": 1,
    "archivos_fuente": [
      "Pictures/Fototeca de Fotos.photoslibrary/resources/derivatives/masters/4/4CDFA786-2EF6-4296-B8A7-19289F8A941A_4_5005_c.jpeg"
    ],
    "ultima_modificacion": "2025-08-01 01:01:15.241549"
  },
  "48faeba3bf7445eba1617fa958a4c73b45005c.jpeg": {
    "app_sintetizada": "48FAEBA3BF7445EBA1617FA958A4C73B45005C.JPEG",
    "cantidad_archivos": 1,
    "archivos_fuente": [
      "Pictures/Fototeca de Fotos.photoslibrary/resources/derivatives/masters/4/48FAEBA3-BF74-45EB-A161-7FA958A4C73B_4_5005_c.jpeg"
    ],
    "ultima_modificacion": "2025-08-01 01:01:15.241870"
  },
  "455e87a6013342e6bc77097114051d5c45005c.jpeg": {
    "app_sintetizada": "455E87A6013342E6BC77097114051D5C45005C.JPEG",
    "cantidad_archivos": 1,
    "archivos_fuente": [
      "Pictures/Fototeca de Fotos.photoslibrary/resources/derivatives/masters/4/455E87A6-0133-42E6-BC77-097114051D5C_4_5005_c.jpeg"
    ],
    "ultima_modificacion": "2025-08-01 01:01:15.242180"
  },
  "42ce8dbfe2e445bdb3f96156de0ab90e45005c.jpeg": {
    "app_sintetizada": "42CE8DBFE2E445BDB3F96156DE0AB90E45005C.JPEG",
    "cantidad_archivos": 1,
    "archivos_fuente": [
      "Pictures/Fototeca de Fotos.photoslibrary/resources/derivatives/masters/4/42CE8DBF-E2E4-45BD-B3F9-6156DE0AB90E_4_5005_c.jpeg"
    ],
    "ultima_modificacion": "2025-08-01 01:01:15.242527"
  },
  "41735c59180d4cc69f7255aaf572e72e45005c.jpeg": {
    "app_sintetizada": "41735C59180D4CC69F7255AAF572E72E45005C.JPEG",
    "cantidad_archivos": 1,
    "archivos_fuente": [
      "Pictures/Fototeca de Fotos.photoslibrary/resources/derivatives/masters/4/41735C59-180D-4CC6-9F72-55AAF572E72E_4_5005_c.jpeg"
    ],
    "ultima_modificacion": "2025-08-01 01:01:15.242848"
  },
  "489b5d0cc2bb44f5baaee1399812909145005c.jpeg": {
    "app_sintetizada": "489B5D0CC2BB44F5BAAEE1399812909145005C.JPEG",
    "cantidad_archivos": 1,
    "archivos_fuente": [
      "Pictures/Fototeca de Fotos.photoslibrary/resources/derivatives/masters/4/489B5D0C-C2BB-44F5-BAAE-E13998129091_4_5005_c.jpeg"
    ],
    "ultima_modificacion": "2025-08-01 01:01:15.243136"
  },
  "4dbdc42d1202472298f320cbbc8eeb7e45005c.jpeg": {
    "app_sintetizada": "4DBDC42D1202472298F320CBBC8EEB7E45005C.JPEG",
    "cantidad_archivos": 1,
    "archivos_fuente": [
      "Pictures/Fototeca de Fotos.photoslibrary/resources/derivatives/masters/4/4DBDC42D-1202-4722-98F3-20CBBC8EEB7E_4_5005_c.jpeg"
    ],
    "ultima_modificacion": "2025-08-01 01:01:15.243460"
  },
  "4f0baab22d7c48aaacb78139ea7824e645005c.jpeg": {
    "app_sintetizada": "4F0BAAB22D7C48AAACB78139EA7824E645005C.JPEG",
    "cantidad_archivos": 1,
    "archivos_fuente": [
      "Pictures/Fototeca de Fotos.photoslibrary/resources/derivatives/masters/4/4F0BAAB2-2D7C-48AA-ACB7-8139EA7824E6_4_5005_c.jpeg"
    ],
    "ultima_modificacion": "2025-08-01 01:01:15.243790"
  },
  "4e0163faa91645b9b520b519342ef2a745005c.jpeg": {
    "app_sintetizada": "4E0163FAA91645B9B520B519342EF2A745005C.JPEG",
    "cantidad_archivos": 1,
    "archivos_fuente": [
      "Pictures/Fototeca de Fotos.photoslibrary/resources/derivatives/masters/4/4E0163FA-A916-45B9-B520-B519342EF2A7_4_5005_c.jpeg"
    ],
    "ultima_modificacion": "2025-08-01 01:01:15.244125"
  },
  "441288103459410db3f169a0a8aa4a0c45005c.jpeg": {
    "app_sintetizada": "441288103459410DB3F169A0A8AA4A0C45005C.JPEG",
    "cantidad_archivos": 1,
    "archivos_fuente": [
      "Pictures/Fototeca de Fotos.photoslibrary/resources/derivatives/masters/4/44128810-3459-410D-B3F1-69A0A8AA4A0C_4_5005_c.jpeg"
    ],
    "ultima_modificacion": "2025-08-01 01:01:15.244445"
  },
  "4d81db4891cc490ebd5a890f4ad7d69645005c.jpeg": {
    "app_sintetizada": "4D81DB4891CC490EBD5A890F4AD7D69645005C.JPEG",
    "cantidad_archivos": 1,
    "archivos_fuente": [
      "Pictures/Fototeca de Fotos.photoslibrary/resources/derivatives/masters/4/4D81DB48-91CC-490E-BD5A-890F4AD7D696_4_5005_c.jpeg"
    ],
    "ultima_modificacion": "2025-08-01 01:01:15.244772"
  },
  "4f78a87b7d224413ba507d1e6130681345005c.jpeg": {
    "app_sintetizada": "4F78A87B7D224413BA507D1E6130681345005C.JPEG",
    "cantidad_archivos": 1,
    "archivos_fuente": [
      "Pictures/Fototeca de Fotos.photoslibrary/resources/derivatives/masters/4/4F78A87B-7D22-4413-BA50-7D1E61306813_4_5005_c.jpeg"
    ],
    "ultima_modificacion": "2025-08-01 01:01:15.245102"
  },
  "45b8e22001a34c9d84b225c43f72a9d345005c.jpeg": {
    "app_sintetizada": "45B8E22001A34C9D84B225C43F72A9D345005C.JPEG",
    "cantidad_archivos": 1,
    "archivos_fuente": [
      "Pictures/Fototeca de Fotos.photoslibrary/resources/derivatives/masters/4/45B8E220-01A3-4C9D-84B2-25C43F72A9D3_4_5005_c.jpeg"
    ],
    "ultima_modificacion": "2025-08-01 01:01:15.245459"
  },
  "4c7afd3169044efca40228b14905032e45005c.jpeg": {
    "app_sintetizada": "4C7AFD3169044EFCA40228B14905032E45005C.JPEG",
    "cantidad_archivos": 1,
    "archivos_fuente": [
      "Pictures/Fototeca de Fotos.photoslibrary/resources/derivatives/masters/4/4C7AFD31-6904-4EFC-A402-28B14905032E_4_5005_c.jpeg"
    ],
    "ultima_modificacion": "2025-08-01 01:01:15.245794"
  },
  "455aa78c430749208c93c9db463f399645005c.jpeg": {
    "app_sintetizada": "455AA78C430749208C93C9DB463F399645005C.JPEG",
    "cantidad_archivos": 1,
    "archivos_fuente": [
      "Pictures/Fototeca de Fotos.photoslibrary/resources/derivatives/masters/4/455AA78C-4307-4920-8C93-C9DB463F3996_4_5005_c.jpeg"
    ],
    "ultima_modificacion": "2025-08-01 01:01:15.246126"
  },
  "466357d8ef7745318e24c3142c9469f645005c.jpeg": {
    "app_sintetizada": "466357D8EF7745318E24C3142C9469F645005C.JPEG",
    "cantidad_archivos": 1,
    "archivos_fuente": [
      "Pictures/Fototeca de Fotos.photoslibrary/resources/derivatives/masters/4/466357D8-EF77-4531-8E24-C3142C9469F6_4_5005_c.jpeg"
    ],
    "ultima_modificacion": "2025-08-01 01:01:15.246483"
  }
}