{
  "b7c0c77c418440b7bd02f7f8a94e797e45005c.jpeg": {
    "app_sintetizada": "B7C0C77C418440B7BD02F7F8A94E797E45005C.JPEG",
    "cantidad_archivos": 1,
    "archivos_fuente": [
      "Pictures/Fototeca de Fotos.photoslibrary/resources/derivatives/masters/B/B7C0C77C-4184-40B7-BD02-F7F8A94E797E_4_5005_c.jpeg"
    ],
    "ultima_modificacion": "2025-08-01 01:01:17.850496"
  },
  "b80b8ddca3504b6aaa78d4200f156afc45005c.jpeg": {
    "app_sintetizada": "B80B8DDCA3504B6AAA78D4200F156AFC45005C.JPEG",
    "cantidad_archivos": 1,
    "archivos_fuente": [
      "Pictures/Fototeca de Fotos.photoslibrary/resources/derivatives/masters/B/B80B8DDC-A350-4B6A-AA78-D4200F156AFC_4_5005_c.jpeg"
    ],
    "ultima_modificacion": "2025-08-01 01:01:17.850796"
  },
  "b7b74e3435a042bda84e49ff4768326e45005c.jpeg": {
    "app_sintetizada": "B7B74E3435A042BDA84E49FF4768326E45005C.JPEG",
    "cantidad_archivos": 1,
    "archivos_fuente": [
      "Pictures/Fototeca de Fotos.photoslibrary/resources/derivatives/masters/B/B7B74E34-35A0-42BD-A84E-49FF4768326E_4_5005_c.jpeg"
    ],
    "ultima_modificacion": "2025-08-01 01:01:17.851102"
  },
  "b89e323cc70d470b9b2646087ca1797845005c.jpeg": {
    "app_sintetizada": "B89E323CC70D470B9B2646087CA1797845005C.JPEG",
    "cantidad_archivos": 1,
    "archivos_fuente": [
      "Pictures/Fototeca de Fotos.photoslibrary/resources/derivatives/masters/B/B89E323C-C70D-470B-9B26-46087CA17978_4_5005_c.jpeg"
    ],
    "ultima_modificacion": "2025-08-01 01:01:17.851431"
  },
  "bdf36f5c2cb84eea9ad36cce3946939b45005c.jpeg": {
    "app_sintetizada": "BDF36F5C2CB84EEA9AD36CCE3946939B45005C.JPEG",
    "cantidad_archivos": 1,
    "archivos_fuente": [
      "Pictures/Fototeca de Fotos.photoslibrary/resources/derivatives/masters/B/BDF36F5C-2CB8-4EEA-9AD3-6CCE3946939B_4_5005_c.jpeg"
    ],
    "ultima_modificacion": "2025-08-01 01:01:17.851743"
  },
  "b306b1e34bab4fc1a73e32aa2621978845005c.jpeg": {
    "app_sintetizada": "B306B1E34BAB4FC1A73E32AA2621978845005C.JPEG",
    "cantidad_archivos": 1,
    "archivos_fuente": [
      "Pictures/Fototeca de Fotos.photoslibrary/resources/derivatives/masters/B/B306B1E3-4BAB-4FC1-A73E-32AA26219788_4_5005_c.jpeg"
    ],
    "ultima_modificacion": "2025-08-01 01:01:17.852049"
  },
  "bf41ac35e61041f0a4b0ab1c9e6bf77f45005c.jpeg": {
    "app_sintetizada": "BF41AC35E61041F0A4B0AB1C9E6BF77F45005C.JPEG",
    "cantidad_archivos": 1,
    "archivos_fuente": [
      "Pictures/Fototeca de Fotos.photoslibrary/resources/derivatives/masters/B/BF41AC35-E610-41F0-A4B0-AB1C9E6BF77F_4_5005_c.jpeg"
    ],
    "ultima_modificacion": "2025-08-01 01:01:17.852387"
  },
  "b01fc7696bc84555b356bbbef70840a245005c.jpeg": {
    "app_sintetizada": "B01FC7696BC84555B356BBBEF70840A245005C.JPEG",
    "cantidad_archivos": 1,
    "archivos_fuente": [
      "Pictures/Fototeca de Fotos.photoslibrary/resources/derivatives/masters/B/B01FC769-6BC8-4555-B356-BBBEF70840A2_4_5005_c.jpeg"
    ],
    "ultima_modificacion": "2025-08-01 01:01:17.852806"
  },
  "b2feefa4ae7f46ab8bf730c9c53d329b45005c.jpeg": {
    "app_sintetizada": "B2FEEFA4AE7F46AB8BF730C9C53D329B45005C.JPEG",
    "cantidad_archivos": 1,
    "archivos_fuente": [
      "Pictures/Fototeca de Fotos.photoslibrary/resources/derivatives/masters/B/B2FEEFA4-AE7F-46AB-8BF7-30C9C53D329B_4_5005_c.jpeg"
    ],
    "ultima_modificacion": "2025-08-01 01:01:17.853290"
  },
  "b318cd2fcdee474ba15d4b77c160f7db45005c.jpeg": {
    "app_sintetizada": "B318CD2FCDEE474BA15D4B77C160F7DB45005C.JPEG",
    "cantidad_archivos": 1,
    "archivos_fuente": [
      "Pictures/Fototeca de Fotos.photoslibrary/resources/derivatives/masters/B/B318CD2F-CDEE-474B-A15D-4B77C160F7DB_4_5005_c.jpeg"
    ],
    "ultima_modificacion": "2025-08-01 01:01:17.853620"
  },
  "b7a991a9708a4b72b229c1accb8b1f4945005c.jpeg": {
    "app_sintetizada": "B7A991A9708A4B72B229C1ACCB8B1F4945005C.JPEG",
    "cantidad_archivos": 1,
    "archivos_fuente": [
      "Pictures/Fototeca de Fotos.photoslibrary/resources/derivatives/masters/B/B7A991A9-708A-4B72-B229-C1ACCB8B1F49_4_5005_c.jpeg"
    ],
    "ultima_modificacion": "2025-08-01 01:01:17.854240"
  },
  "bc3ae9aeb14342049770c887286a52f345005c.jpeg": {
    "app_sintetizada": "BC3AE9AEB14342049770C887286A52F345005C.JPEG",
    "cantidad_archivos": 1,
    "archivos_fuente": [
      "Pictures/Fototeca de Fotos.photoslibrary/resources/derivatives/masters/B/BC3AE9AE-B143-4204-9770-C887286A52F3_4_5005_c.jpeg"
    ],
    "ultima_modificacion": "2025-08-01 01:01:17.854584"
  },
  "bcc7b0d3581d43e296c288e5d531c98445005c.jpeg": {
    "app_sintetizada": "BCC7B0D3581D43E296C288E5D531C98445005C.JPEG",
    "cantidad_archivos": 1,
    "archivos_fuente": [
      "Pictures/Fototeca de Fotos.photoslibrary/resources/derivatives/masters/B/BCC7B0D3-581D-43E2-96C2-88E5D531C984_4_5005_c.jpeg"
    ],
    "ultima_modificacion": "2025-08-01 01:01:17.854970"
  },
  "be4fa9672bd64f929c1f83b35003c69c45005c.jpeg": {
    "app_sintetizada": "BE4FA9672BD64F929C1F83B35003C69C45005C.JPEG",
    "cantidad_archivos": 1,
    "archivos_fuente": [
      "Pictures/Fototeca de Fotos.photoslibrary/resources/derivatives/masters/B/BE4FA967-2BD6-4F92-9C1F-83B35003C69C_4_5005_c.jpeg"
    ],
    "ultima_modificacion": "2025-08-01 01:01:17.855281"
  },
  "b6e22fce91ff473c8ab3bb190984e0e845005c.jpeg": {
    "app_sintetizada": "B6E22FCE91FF473C8AB3BB190984E0E845005C.JPEG",
    "cantidad_archivos": 1,
    "archivos_fuente": [
      "Pictures/Fototeca de Fotos.photoslibrary/resources/derivatives/masters/B/B6E22FCE-91FF-473C-8AB3-BB190984E0E8_4_5005_c.jpeg"
    ],
    "ultima_modificacion": "2025-08-01 01:01:17.855575"
  },
  "b4691024e8e04f1e8c62b335a15378fd45005c.jpeg": {
    "app_sintetizada": "B4691024E8E04F1E8C62B335A15378FD45005C.JPEG",
    "cantidad_archivos": 1,
    "archivos_fuente": [
      "Pictures/Fototeca de Fotos.photoslibrary/resources/derivatives/masters/B/B4691024-E8E0-4F1E-8C62-B335A15378FD_4_5005_c.jpeg"
    ],
    "ultima_modificacion": "2025-08-01 01:01:17.855989"
  },
  "b115e24f19ed49beb4019d4c9ceba96745005c.jpeg": {
    "app_sintetizada": "B115E24F19ED49BEB4019D4C9CEBA96745005C.JPEG",
    "cantidad_archivos": 1,
    "archivos_fuente": [
      "Pictures/Fototeca de Fotos.photoslibrary/resources/derivatives/masters/B/B115E24F-19ED-49BE-B401-9D4C9CEBA967_4_5005_c.jpeg"
    ],
    "ultima_modificacion": "2025-08-01 01:01:17.856349"
  },
  "b3a2bb6614d14f078c5767efdff2f84a45005c.jpeg": {
    "app_sintetizada": "B3A2BB6614D14F078C5767EFDFF2F84A45005C.JPEG",
    "cantidad_archivos": 1,
    "archivos_fuente": [
      "Pictures/Fototeca de Fotos.photoslibrary/resources/derivatives/masters/B/B3A2BB66-14D1-4F07-8C57-67EFDFF2F84A_4_5005_c.jpeg"
    ],
    "ultima_modificacion": "2025-08-01 01:01:17.856689"
  },
  "b100f50e8ca7403a986f6d8d4a2bc5ce45005c.jpeg": {
    "app_sintetizada": "B100F50E8CA7403A986F6D8D4A2BC5CE45005C.JPEG",
    "cantidad_archivos": 1,
    "archivos_fuente": [
      "Pictures/Fototeca de Fotos.photoslibrary/resources/derivatives/masters/B/B100F50E-8CA7-403A-986F-6D8D4A2BC5CE_4_5005_c.jpeg"
    ],
    "ultima_modificacion": "2025-08-01 01:01:17.857004"
  },
  "b967990099dd4c8ba55598fe861a933545005c.jpeg": {
    "app_sintetizada": "B967990099DD4C8BA55598FE861A933545005C.JPEG",
    "cantidad_archivos": 1,
    "archivos_fuente": [
      "Pictures/Fototeca de Fotos.photoslibrary/resources/derivatives/masters/B/B9679900-99DD-4C8B-A555-98FE861A9335_4_5005_c.jpeg"
    ],
    "ultima_modificacion": "2025-08-01 01:01:17.857332"
  },
  "bf3e33bc9f9640269ca93e2919ef8ddb45005c.jpeg": {
    "app_sintetizada": "BF3E33BC9F9640269CA93E2919EF8DDB45005C.JPEG",
    "cantidad_archivos": 1,
    "archivos_fuente": [
      "Pictures/Fototeca de Fotos.photoslibrary/resources/derivatives/masters/B/BF3E33BC-9F96-4026-9CA9-3E2919EF8DDB_4_5005_c.jpeg"
    ],
    "ultima_modificacion": "2025-08-01 01:01:17.857641"
  },
  "b385417f309e49dda5cf6e1fbf090d3145005c.jpeg": {
    "app_sintetizada": "B385417F309E49DDA5CF6E1FBF090D3145005C.JPEG",
    "cantidad_archivos": 1,
    "archivos_fuente": [
      "Pictures/Fototeca de Fotos.photoslibrary/resources/derivatives/masters/B/B385417F-309E-49DD-A5CF-6E1FBF090D31_4_5005_c.jpeg"
    ],
    "ultima_modificacion": "2025-08-01 01:01:17.857966"
  },
  "b7cb82d1b383479694b292f596fb22b645005c.jpeg": {
    "app_sintetizada": "B7CB82D1B383479694B292F596FB22B645005C.JPEG",
    "cantidad_archivos": 1,
    "archivos_fuente": [
      "Pictures/Fototeca de Fotos.photoslibrary/resources/derivatives/masters/B/B7CB82D1-B383-4796-94B2-92F596FB22B6_4_5005_c.jpeg"
    ],
    "ultima_modificacion": "2025-08-01 01:01:17.858301"
  },
  "bc2a0d405a6c4151b46867a805e5d95045005c.jpeg": {
    "app_sintetizada": "BC2A0D405A6C4151B46867A805E5D95045005C.JPEG",
    "cantidad_archivos": 1,
    "archivos_fuente": [
      "Pictures/Fototeca de Fotos.photoslibrary/resources/derivatives/masters/B/BC2A0D40-5A6C-4151-B468-67A805E5D950_4_5005_c.jpeg"
    ],
    "ultima_modificacion": "2025-08-01 01:01:17.858726"
  },
  "badb74c27e434d7f8a4eacb7280c8ef245005c.jpeg": {
    "app_sintetizada": "BADB74C27E434D7F8A4EACB7280C8EF245005C.JPEG",
    "cantidad_archivos": 1,
    "archivos_fuente": [
      "Pictures/Fototeca de Fotos.photoslibrary/resources/derivatives/masters/B/BADB74C2-7E43-4D7F-8A4E-ACB7280C8EF2_4_5005_c.jpeg"
    ],
    "ultima_modificacion": "2025-08-01 01:01:17.859075"
  },
  "b74ffe45c472433fb6ec35e5cb6f305d45005c.jpeg": {
    "app_sintetizada": "B74FFE45C472433FB6EC35E5CB6F305D45005C.JPEG",
    "cantidad_archivos": 1,
    "archivos_fuente": [
      "Pictures/Fototeca de Fotos.photoslibrary/resources/derivatives/masters/B/B74FFE45-C472-433F-B6EC-35E5CB6F305D_4_5005_c.jpeg"
    ],
    "ultima_modificacion": "2025-08-01 01:01:17.859428"
  },
  "b5a35a3708ad43e4909f53946b99a78a45005c.jpeg": {
    "app_sintetizada": "B5A35A3708AD43E4909F53946B99A78A45005C.JPEG",
    "cantidad_archivos": 1,
    "archivos_fuente": [
      "Pictures/Fototeca de Fotos.photoslibrary/resources/derivatives/masters/B/B5A35A37-08AD-43E4-909F-53946B99A78A_4_5005_c.jpeg"
    ],
    "ultima_modificacion": "2025-08-01 01:01:17.859733"
  },
  "b9e9045319b247018b2577b5bbc8f29b45005c.jpeg": {
    "app_sintetizada": "B9E9045319B247018B2577B5BBC8F29B45005C.JPEG",
    "cantidad_archivos": 1,
    "archivos_fuente": [
      "Pictures/Fototeca de Fotos.photoslibrary/resources/derivatives/masters/B/B9E90453-19B2-4701-8B25-77B5BBC8F29B_4_5005_c.jpeg"
    ],
    "ultima_modificacion": "2025-08-01 01:01:17.860057"
  },
  "b1525b49ff014031b7c946c6c660bea845005c.jpeg": {
    "app_sintetizada": "B1525B49FF014031B7C946C6C660BEA845005C.JPEG",
    "cantidad_archivos": 1,
    "archivos_fuente": [
      "Pictures/Fototeca de Fotos.photoslibrary/resources/derivatives/masters/B/B1525B49-FF01-4031-B7C9-46C6C660BEA8_4_5005_c.jpeg"
    ],
    "ultima_modificacion": "2025-08-01 01:01:17.860405"
  },
  "b03fc7e799ce49a5b0bfd5afacf3274545005c.jpeg": {
    "app_sintetizada": "B03FC7E799CE49A5B0BFD5AFACF3274545005C.JPEG",
    "cantidad_archivos": 1,
    "archivos_fuente": [
      "Pictures/Fototeca de Fotos.photoslibrary/resources/derivatives/masters/B/B03FC7E7-99CE-49A5-B0BF-D5AFACF32745_4_5005_c.jpeg"
    ],
    "ultima_modificacion": "2025-08-01 01:01:17.860750"
  },
  "b6ae33166a3646a8a00cc98a5c79088a45005c.jpeg": {
    "app_sintetizada": "B6AE33166A3646A8A00CC98A5C79088A45005C.JPEG",
    "cantidad_archivos": 1,
    "archivos_fuente": [
      "Pictures/Fototeca de Fotos.photoslibrary/resources/derivatives/masters/B/B6AE3316-6A36-46A8-A00C-C98A5C79088A_4_5005_c.jpeg"
    ],
    "ultima_modificacion": "2025-08-01 01:01:17.861076"
  },
  "bca31fccd89446e0864fb0b5bbc86fbd45005c.jpeg": {
    "app_sintetizada": "BCA31FCCD89446E0864FB0B5BBC86FBD45005C.JPEG",
    "cantidad_archivos": 1,
    "archivos_fuente": [
      "Pictures/Fototeca de Fotos.photoslibrary/resources/derivatives/masters/B/BCA31FCC-D894-46E0-864F-B0B5BBC86FBD_4_5005_c.jpeg"
    ],
    "ultima_modificacion": "2025-08-01 01:01:17.861432"
  },
  "b859110b8df84df39b0549e5042327ca45005c.jpeg": {
    "app_sintetizada": "B859110B8DF84DF39B0549E5042327CA45005C.JPEG",
    "cantidad_archivos": 1,
    "archivos_fuente": [
      "Pictures/Fototeca de Fotos.photoslibrary/resources/derivatives/masters/B/B859110B-8DF8-4DF3-9B05-49E5042327CA_4_5005_c.jpeg"
    ],
    "ultima_modificacion": "2025-08-01 01:01:17.861708"
  },
  "b3b5ba717ab94c1cb5b5f71415f6083345005c.jpeg": {
    "app_sintetizada": "B3B5BA717AB94C1CB5B5F71415F6083345005C.JPEG",
    "cantidad_archivos": 1,
    "archivos_fuente": [
      "Pictures/Fototeca de Fotos.photoslibrary/resources/derivatives/masters/B/B3B5BA71-7AB9-4C1C-B5B5-F71415F60833_4_5005_c.jpeg"
    ],
    "ultima_modificacion": "2025-08-01 01:01:17.862037"
  },
  "b0d2513d3c644f78a1d40e7234950e5045005c.jpeg": {
    "app_sintetizada": "B0D2513D3C644F78A1D40E7234950E5045005C.JPEG",
    "cantidad_archivos": 1,
    "archivos_fuente": [
      "Pictures/Fototeca de Fotos.photoslibrary/resources/derivatives/masters/B/B0D2513D-3C64-4F78-A1D4-0E7234950E50_4_5005_c.jpeg"
    ],
    "ultima_modificacion": "2025-08-01 01:01:17.862326"
  },
  "b96f81dfe5594e07a4f1465c7dab60a145005c.jpeg": {
    "app_sintetizada": "B96F81DFE5594E07A4F1465C7DAB60A145005C.JPEG",
    "cantidad_archivos": 1,
    "archivos_fuente": [
      "Pictures/Fototeca de Fotos.photoslibrary/resources/derivatives/masters/B/B96F81DF-E559-4E07-A4F1-465C7DAB60A1_4_5005_c.jpeg"
    ],
    "ultima_modificacion": "2025-08-01 01:01:17.862603"
  },
  "b77ee3491a714629a33516b263dc56ea45005c.jpeg": {
    "app_sintetizada": "B77EE3491A714629A33516B263DC56EA45005C.JPEG",
    "cantidad_archivos": 1,
    "archivos_fuente": [
      "Pictures/Fototeca de Fotos.photoslibrary/resources/derivatives/masters/B/B77EE349-1A71-4629-A335-16B263DC56EA_4_5005_c.jpeg"
    ],
    "ultima_modificacion": "2025-08-01 01:01:17.862951"
  },
  "b6237a9a6b9c48d3878b8ff896054dea45005c.jpeg": {
    "app_sintetizada": "B6237A9A6B9C48D3878B8FF896054DEA45005C.JPEG",
    "cantidad_archivos": 1,
    "archivos_fuente": [
      "Pictures/Fototeca de Fotos.photoslibrary/resources/derivatives/masters/B/B6237A9A-6B9C-48D3-878B-8FF896054DEA_4_5005_c.jpeg"
    ],
    "ultima_modificacion": "2025-08-01 01:01:17.863240"
  },
  "b347c1733c7147d7ac405e096d319e1d45005c.jpeg": {
    "app_sintetizada": "B347C1733C7147D7AC405E096D319E1D45005C.JPEG",
    "cantidad_archivos": 1,
    "archivos_fuente": [
      "Pictures/Fototeca de Fotos.photoslibrary/resources/derivatives/masters/B/B347C173-3C71-47D7-AC40-5E096D319E1D_4_5005_c.jpeg"
    ],
    "ultima_modificacion": "2025-08-01 01:01:17.863508"
  },
  "becac9a5ed38443097c8840131caae4645005c.jpeg": {
    "app_sintetizada": "BECAC9A5ED38443097C8840131CAAE4645005C.JPEG",
    "cantidad_archivos": 1,
    "archivos_fuente": [
      "Pictures/Fototeca de Fotos.photoslibrary/resources/derivatives/masters/B/BECAC9A5-ED38-4430-97C8-840131CAAE46_4_5005_c.jpeg"
    ],
    "ultima_modificacion": "2025-08-01 01:01:17.863857"
  },
  "b5b25b1b53de4d8fa489dc65712008d745005c.jpeg": {
    "app_sintetizada": "B5B25B1B53DE4D8FA489DC65712008D745005C.JPEG",
    "cantidad_archivos": 1,
    "archivos_fuente": [
      "Pictures/Fototeca de Fotos.photoslibrary/resources/derivatives/masters/B/B5B25B1B-53DE-4D8F-A489-DC65712008D7_4_5005_c.jpeg"
    ],
    "ultima_modificacion": "2025-08-01 01:01:17.864251"
  },
  "bc2c614f474048c18ef7baf3df8f230045005c.jpeg": {
    "app_sintetizada": "BC2C614F474048C18EF7BAF3DF8F230045005C.JPEG",
    "cantidad_archivos": 1,
    "archivos_fuente": [
      "Pictures/Fototeca de Fotos.photoslibrary/resources/derivatives/masters/B/BC2C614F-4740-48C1-8EF7-BAF3DF8F2300_4_5005_c.jpeg"
    ],
    "ultima_modificacion": "2025-08-01 01:01:17.864540"
  },
  "bae636d6b0d24b42b83b48a98cadfb3845005c.jpeg": {
    "app_sintetizada": "BAE636D6B0D24B42B83B48A98CADFB3845005C.JPEG",
    "cantidad_archivos": 1,
    "archivos_fuente": [
      "Pictures/Fototeca de Fotos.photoslibrary/resources/derivatives/masters/B/BAE636D6-B0D2-4B42-B83B-48A98CADFB38_4_5005_c.jpeg"
    ],
    "ultima_modificacion": "2025-08-01 01:01:17.864784"
  },
  "be7292ffd00b4fe08e0c6c5c0d0a105345005c.jpeg": {
    "app_sintetizada": "BE7292FFD00B4FE08E0C6C5C0D0A105345005C.JPEG",
    "cantidad_archivos": 1,
    "archivos_fuente": [
      "Pictures/Fototeca de Fotos.photoslibrary/resources/derivatives/masters/B/BE7292FF-D00B-4FE0-8E0C-6C5C0D0A1053_4_5005_c.jpeg"
    ],
    "ultima_modificacion": "2025-08-01 01:01:17.865054"
  },
  "b39fc9a68c1346feac65de7a19e9939c45005c.jpeg": {
    "app_sintetizada": "B39FC9A68C1346FEAC65DE7A19E9939C45005C.JPEG",
    "cantidad_archivos": 1,
    "archivos_fuente": [
      "Pictures/Fototeca de Fotos.photoslibrary/resources/derivatives/masters/B/B39FC9A6-8C13-46FE-AC65-DE7A19E9939C_4_5005_c.jpeg"
    ],
    "ultima_modificacion": "2025-08-01 01:01:17.865328"
  },
  "bbe6c591a1954899aacc7c5b23c316cf45005c.jpeg": {
    "app_sintetizada": "BBE6C591A1954899AACC7C5B23C316CF45005C.JPEG",
    "cantidad_archivos": 1,
    "archivos_fuente": [
      "Pictures/Fototeca de Fotos.photoslibrary/resources/derivatives/masters/B/BBE6C591-A195-4899-AACC-7C5B23C316CF_4_5005_c.jpeg"
    ],
    "ultima_modificacion": "2025-08-01 01:01:17.865582"
  },
  "b23e62f88bd54ff997c13fb8f2092fe245005c.jpeg": {
    "app_sintetizada": "B23E62F88BD54FF997C13FB8F2092FE245005C.JPEG",
    "cantidad_archivos": 1,
    "archivos_fuente": [
      "Pictures/Fototeca de Fotos.photoslibrary/resources/derivatives/masters/B/B23E62F8-8BD5-4FF9-97C1-3FB8F2092FE2_4_5005_c.jpeg"
    ],
    "ultima_modificacion": "2025-08-01 01:01:17.865870"
  },
  "b0d2a7a5a5ba4912bcdec7a0bbe3b1b845005c.jpeg": {
    "app_sintetizada": "B0D2A7A5A5BA4912BCDEC7A0BBE3B1B845005C.JPEG",
    "cantidad_archivos": 1,
    "archivos_fuente": [
      "Pictures/Fototeca de Fotos.photoslibrary/resources/derivatives/masters/B/B0D2A7A5-A5BA-4912-BCDE-C7A0BBE3B1B8_4_5005_c.jpeg"
    ],
    "ultima_modificacion": "2025-08-01 01:01:17.866131"
  },
  "b3815588df554ded84501ec3088eae8645005c.jpeg": {
    "app_sintetizada": "B3815588DF554DED84501EC3088EAE8645005C.JPEG",
    "cantidad_archivos": 1,
    "archivos_fuente": [
      "Pictures/Fototeca de Fotos.photoslibrary/resources/derivatives/masters/B/B3815588-DF55-4DED-8450-1EC3088EAE86_4_5005_c.jpeg"
    ],
    "ultima_modificacion": "2025-08-01 01:01:17.866379"
  },
  "b8990638aaf34a689651407cc6fcecf145005c.jpeg": {
    "app_sintetizada": "B8990638AAF34A689651407CC6FCECF145005C.JPEG",
    "cantidad_archivos": 1,
    "archivos_fuente": [
      "Pictures/Fototeca de Fotos.photoslibrary/resources/derivatives/masters/B/B8990638-AAF3-4A68-9651-407CC6FCECF1_4_5005_c.jpeg"
    ],
    "ultima_modificacion": "2025-08-01 01:01:17.866639"
  },
  "b863cb4ab5334e4ead3a43be3af9262145005c.jpeg": {
    "app_sintetizada": "B863CB4AB5334E4EAD3A43BE3AF9262145005C.JPEG",
    "cantidad_archivos": 1,
    "archivos_fuente": [
      "Pictures/Fototeca de Fotos.photoslibrary/resources/derivatives/masters/B/B863CB4A-B533-4E4E-AD3A-43BE3AF92621_4_5005_c.jpeg"
    ],
    "ultima_modificacion": "2025-08-01 01:01:17.866976"
  },
  "b54ae1c41d684b5794006d38f44eea2045005c.jpeg": {
    "app_sintetizada": "B54AE1C41D684B5794006D38F44EEA2045005C.JPEG",
    "cantidad_archivos": 1,
    "archivos_fuente": [
      "Pictures/Fototeca de Fotos.photoslibrary/resources/derivatives/masters/B/B54AE1C4-1D68-4B57-9400-6D38F44EEA20_4_5005_c.jpeg"
    ],
    "ultima_modificacion": "2025-08-01 01:01:17.867237"
  },
  "b00c82778a4e4ba9ae0cc5360fa3fd0e45005c.jpeg": {
    "app_sintetizada": "B00C82778A4E4BA9AE0CC5360FA3FD0E45005C.JPEG",
    "cantidad_archivos": 1,
    "archivos_fuente": [
      "Pictures/Fototeca de Fotos.photoslibrary/resources/derivatives/masters/B/B00C8277-8A4E-4BA9-AE0C-C5360FA3FD0E_4_5005_c.jpeg"
    ],
    "ultima_modificacion": "2025-08-01 01:01:17.867527"
  },
  "be9ca8560dc34d888b7442f172b37bff45005c.jpeg": {
    "app_sintetizada": "BE9CA8560DC34D888B7442F172B37BFF45005C.JPEG",
    "cantidad_archivos": 1,
    "archivos_fuente": [
      "Pictures/Fototeca de Fotos.photoslibrary/resources/derivatives/masters/B/BE9CA856-0DC3-4D88-8B74-42F172B37BFF_4_5005_c.jpeg"
    ],
    "ultima_modificacion": "2025-08-01 01:01:17.867787"
  },
  "bd7c2b9992734543a4c846852ff5f5f245005c.jpeg": {
    "app_sintetizada": "BD7C2B9992734543A4C846852FF5F5F245005C.JPEG",
    "cantidad_archivos": 1,
    "archivos_fuente": [
      "Pictures/Fototeca de Fotos.photoslibrary/resources/derivatives/masters/B/BD7C2B99-9273-4543-A4C8-46852FF5F5F2_4_5005_c.jpeg"
    ],
    "ultima_modificacion": "2025-08-01 01:01:17.868077"
  },
  "b12ab402c5b14ff2a0db0257e64e8ac345005c.jpeg": {
    "app_sintetizada": "B12AB402C5B14FF2A0DB0257E64E8AC345005C.JPEG",
    "cantidad_archivos": 1,
    "archivos_fuente": [
      "Pictures/Fototeca de Fotos.photoslibrary/resources/derivatives/masters/B/B12AB402-C5B1-4FF2-A0DB-0257E64E8AC3_4_5005_c.jpeg"
    ],
    "ultima_modificacion": "2025-08-01 01:01:17.868337"
  },
  "b93655b3b37a4e3aa82aa9f416f4382845005c.jpeg": {
    "app_sintetizada": "B93655B3B37A4E3AA82AA9F416F4382845005C.JPEG",
    "cantidad_archivos": 1,
    "archivos_fuente": [
      "Pictures/Fototeca de Fotos.photoslibrary/resources/derivatives/masters/B/B93655B3-B37A-4E3A-A82A-A9F416F43828_4_5005_c.jpeg"
    ],
    "ultima_modificacion": "2025-08-01 01:01:17.868677"
  },
  "ba75253a6e974243a1566be1a9c6034a45005c.jpeg": {
    "app_sintetizada": "BA75253A6E974243A1566BE1A9C6034A45005C.JPEG",
    "cantidad_archivos": 1,
    "archivos_fuente": [
      "Pictures/Fototeca de Fotos.photoslibrary/resources/derivatives/masters/B/BA75253A-6E97-4243-A156-6BE1A9C6034A_4_5005_c.jpeg"
    ],
    "ultima_modificacion": "2025-08-01 01:01:17.869020"
  },
  "b93e918832dc47e9b81e8235fdc2a87c45005c.jpeg": {
    "app_sintetizada": "B93E918832DC47E9B81E8235FDC2A87C45005C.JPEG",
    "cantidad_archivos": 1,
    "archivos_fuente": [
      "Pictures/Fototeca de Fotos.photoslibrary/resources/derivatives/masters/B/B93E9188-32DC-47E9-B81E-8235FDC2A87C_4_5005_c.jpeg"
    ],
    "ultima_modificacion": "2025-08-01 01:01:17.869339"
  },
  "b9be376f56d7445fa75e6f79df06d8b745005c.jpeg": {
    "app_sintetizada": "B9BE376F56D7445FA75E6F79DF06D8B745005C.JPEG",
    "cantidad_archivos": 1,
    "archivos_fuente": [
      "Pictures/Fototeca de Fotos.photoslibrary/resources/derivatives/masters/B/B9BE376F-56D7-445F-A75E-6F79DF06D8B7_4_5005_c.jpeg"
    ],
    "ultima_modificacion": "2025-08-01 01:01:17.869655"
  },
  "bb948cc3a09f4f7a9b2e99fb9fdbe94c45005c.jpeg": {
    "app_sintetizada": "BB948CC3A09F4F7A9B2E99FB9FDBE94C45005C.JPEG",
    "cantidad_archivos": 1,
    "archivos_fuente": [
      "Pictures/Fototeca de Fotos.photoslibrary/resources/derivatives/masters/B/BB948CC3-A09F-4F7A-9B2E-99FB9FDBE94C_4_5005_c.jpeg"
    ],
    "ultima_modificacion": "2025-08-01 01:01:17.869956"
  },
  "bf95bd9688fe4df3bdfa88c5a3bc88be45005c.jpeg": {
    "app_sintetizada": "BF95BD9688FE4DF3BDFA88C5A3BC88BE45005C.JPEG",
    "cantidad_archivos": 1,
    "archivos_fuente": [
      "Pictures/Fototeca de Fotos.photoslibrary/resources/derivatives/masters/B/BF95BD96-88FE-4DF3-BDFA-88C5A3BC88BE_4_5005_c.jpeg"
    ],
    "ultima_modificacion": "2025-08-01 01:01:17.870217"
  },
  "b29952af59d144ad891e406fc854bf6345005c.jpeg": {
    "app_sintetizada": "B29952AF59D144AD891E406FC854BF6345005C.JPEG",
    "cantidad_archivos": 1,
    "archivos_fuente": [
      "Pictures/Fototeca de Fotos.photoslibrary/resources/derivatives/masters/B/B29952AF-59D1-44AD-891E-406FC854BF63_4_5005_c.jpeg"
    ],
    "ultima_modificacion": "2025-08-01 01:01:17.870439"
  },
  "bb8afb50692f40358a2353389678764045005c.jpeg": {
    "app_sintetizada": "BB8AFB50692F40358A2353389678764045005C.JPEG",
    "cantidad_archivos": 1,
    "archivos_fuente": [
      "Pictures/Fototeca de Fotos.photoslibrary/resources/derivatives/masters/B/BB8AFB50-692F-4035-8A23-533896787640_4_5005_c.jpeg"
    ],
    "ultima_modificacion": "2025-08-01 01:01:17.870727"
  },
  "b5221d7fa2334681b8a1837c47e2d76945005c.jpeg": {
    "app_sintetizada": "B5221D7FA2334681B8A1837C47E2D76945005C.JPEG",
    "cantidad_archivos": 1,
    "archivos_fuente": [
      "Pictures/Fototeca de Fotos.photoslibrary/resources/derivatives/masters/B/B5221D7F-A233-4681-B8A1-837C47E2D769_4_5005_c.jpeg"
    ],
    "ultima_modificacion": "2025-08-01 01:01:17.871038"
  },
  "bded5043dd46437681add72b5cefa67c45005c.jpeg": {
    "app_sintetizada": "BDED5043DD46437681ADD72B5CEFA67C45005C.JPEG",
    "cantidad_archivos": 1,
    "archivos_fuente": [
      "Pictures/Fototeca de Fotos.photoslibrary/resources/derivatives/masters/B/BDED5043-DD46-4376-81AD-D72B5CEFA67C_4_5005_c.jpeg"
    ],
    "ultima_modificacion": "2025-08-01 01:01:17.871334"
  },
  "b267a03e7a5140f9a9beb940cd3ff41345005c.jpeg": {
    "app_sintetizada": "B267A03E7A5140F9A9BEB940CD3FF41345005C.JPEG",
    "cantidad_archivos": 1,
    "archivos_fuente": [
      "Pictures/Fototeca de Fotos.photoslibrary/resources/derivatives/masters/B/B267A03E-7A51-40F9-A9BE-B940CD3FF413_4_5005_c.jpeg"
    ],
    "ultima_modificacion": "2025-08-01 01:01:17.871666"
  },
  "b2cc8b507f704d6b819235ec4207585945005c.jpeg": {
    "app_sintetizada": "B2CC8B507F704D6B819235EC4207585945005C.JPEG",
    "cantidad_archivos": 1,
    "archivos_fuente": [
      "Pictures/Fototeca de Fotos.photoslibrary/resources/derivatives/masters/B/B2CC8B50-7F70-4D6B-8192-35EC42075859_4_5005_c.jpeg"
    ],
    "ultima_modificacion": "2025-08-01 01:01:17.871980"
  },
  "b5560c0bd3f546c1b3a927590af82b2745005c.jpeg": {
    "app_sintetizada": "B5560C0BD3F546C1B3A927590AF82B2745005C.JPEG",
    "cantidad_archivos": 1,
    "archivos_fuente": [
      "Pictures/Fototeca de Fotos.photoslibrary/resources/derivatives/masters/B/B5560C0B-D3F5-46C1-B3A9-27590AF82B27_4_5005_c.jpeg"
    ],
    "ultima_modificacion": "2025-08-01 01:01:17.872285"
  },
  "ba9e931a9d7b49478ccfb736c65ec02045005c.jpeg": {
    "app_sintetizada": "BA9E931A9D7B49478CCFB736C65EC02045005C.JPEG",
    "cantidad_archivos": 1,
    "archivos_fuente": [
      "Pictures/Fototeca de Fotos.photoslibrary/resources/derivatives/masters/B/BA9E931A-9D7B-4947-8CCF-B736C65EC020_4_5005_c.jpeg"
    ],
    "ultima_modificacion": "2025-08-01 01:01:17.872596"
  },
  "b67d6e94cee4447385f27cac9604a4f345005c.jpeg": {
    "app_sintetizada": "B67D6E94CEE4447385F27CAC9604A4F345005C.JPEG",
    "cantidad_archivos": 1,
    "archivos_fuente": [
      "Pictures/Fototeca de Fotos.photoslibrary/resources/derivatives/masters/B/B67D6E94-CEE4-4473-85F2-7CAC9604A4F3_4_5005_c.jpeg"
    ],
    "ultima_modificacion": "2025-08-01 01:01:17.872937"
  },
  "b04ba4c5ea02456bb84a44d99938bc3b45005c.jpeg": {
    "app_sintetizada": "B04BA4C5EA02456BB84A44D99938BC3B45005C.JPEG",
    "cantidad_archivos": 1,
    "archivos_fuente": [
      "Pictures/Fototeca de Fotos.photoslibrary/resources/derivatives/masters/B/B04BA4C5-EA02-456B-B84A-44D99938BC3B_4_5005_c.jpeg"
    ],
    "ultima_modificacion": "2025-08-01 01:01:17.873252"
  },
  "b94a9ad7206947cda60fb441fb17265745005c.jpeg": {
    "app_sintetizada": "B94A9AD7206947CDA60FB441FB17265745005C.JPEG",
    "cantidad_archivos": 1,
    "archivos_fuente": [
      "Pictures/Fototeca de Fotos.photoslibrary/resources/derivatives/masters/B/B94A9AD7-2069-47CD-A60F-B441FB172657_4_5005_c.jpeg"
    ],
    "ultima_modificacion": "2025-08-01 01:01:17.873562"
  },
  "b0c5d97b23b04190a814faf6e3b629d245005c.jpeg": {
    "app_sintetizada": "B0C5D97B23B04190A814FAF6E3B629D245005C.JPEG",
    "cantidad_archivos": 1,
    "archivos_fuente": [
      "Pictures/Fototeca de Fotos.photoslibrary/resources/derivatives/masters/B/B0C5D97B-23B0-4190-A814-FAF6E3B629D2_4_5005_c.jpeg"
    ],
    "ultima_modificacion": "2025-08-01 01:01:17.873868"
  },
  "b2dcddec5a6b4c82bdae59cf8e80f7e345005c.jpeg": {
    "app_sintetizada": "B2DCDDEC5A6B4C82BDAE59CF8E80F7E345005C.JPEG",
    "cantidad_archivos": 1,
    "archivos_fuente": [
      "Pictures/Fototeca de Fotos.photoslibrary/resources/derivatives/masters/B/B2DCDDEC-5A6B-4C82-BDAE-59CF8E80F7E3_4_5005_c.jpeg"
    ],
    "ultima_modificacion": "2025-08-01 01:01:17.874096"
  },
  "b0b86182f43b44a7a947193e516bc3da45005c.jpeg": {
    "app_sintetizada": "B0B86182F43B44A7A947193E516BC3DA45005C.JPEG",
    "cantidad_archivos": 1,
    "archivos_fuente": [
      "Pictures/Fototeca de Fotos.photoslibrary/resources/derivatives/masters/B/B0B86182-F43B-44A7-A947-193E516BC3DA_4_5005_c.jpeg"
    ],
    "ultima_modificacion": "2025-08-01 01:01:17.874305"
  },
  "baa0c2d5980f4ac8af86869b11c2e6af45005c.jpeg": {
    "app_sintetizada": "BAA0C2D5980F4AC8AF86869B11C2E6AF45005C.JPEG",
    "cantidad_archivos": 1,
    "archivos_fuente": [
      "Pictures/Fototeca de Fotos.photoslibrary/resources/derivatives/masters/B/BAA0C2D5-980F-4AC8-AF86-869B11C2E6AF_4_5005_c.jpeg"
    ],
    "ultima_modificacion": "2025-08-01 01:01:17.874522"
  },
  "b6fd0d973a6741daaa2015104ddf0afb45005c.jpeg": {
    "app_sintetizada": "B6FD0D973A6741DAAA2015104DDF0AFB45005C.JPEG",
    "cantidad_archivos": 1,
    "archivos_fuente": [
      "Pictures/Fototeca de Fotos.photoslibrary/resources/derivatives/masters/B/B6FD0D97-3A67-41DA-AA20-15104DDF0AFB_4_5005_c.jpeg"
    ],
    "ultima_modificacion": "2025-08-01 01:01:17.874826"
  },
  "b97c4836007c433ba26f75a2adfd007645005c.jpeg": {
    "app_sintetizada": "B97C4836007C433BA26F75A2ADFD007645005C.JPEG",
    "cantidad_archivos": 1,
    "archivos_fuente": [
      "Pictures/Fototeca de Fotos.photoslibrary/resources/derivatives/masters/B/B97C4836-007C-433B-A26F-75A2ADFD0076_4_5005_c.jpeg"
    ],
    "ultima_modificacion": "2025-08-01 01:01:17.875137"
  },
  "be2a5e4ed37940539c796a665ab634ad45005c.jpeg": {
    "app_sintetizada": "BE2A5E4ED37940539C796A665AB634AD45005C.JPEG",
    "cantidad_archivos": 1,
    "archivos_fuente": [
      "Pictures/Fototeca de Fotos.photoslibrary/resources/derivatives/masters/B/BE2A5E4E-D379-4053-9C79-6A665AB634AD_4_5005_c.jpeg"
    ],
    "ultima_modificacion": "2025-08-01 01:01:17.875456"
  },
  "ba10bd66eb474ad2a81219d8eaa90cfb45005c.jpeg": {
    "app_sintetizada": "BA10BD66EB474AD2A81219D8EAA90CFB45005C.JPEG",
    "cantidad_archivos": 1,
    "archivos_fuente": [
      "Pictures/Fototeca de Fotos.photoslibrary/resources/derivatives/masters/B/BA10BD66-EB47-4AD2-A812-19D8EAA90CFB_4_5005_c.jpeg"
    ],
    "ultima_modificacion": "2025-08-01 01:01:17.875765"
  },
  "bdbf1a9c3977497faa8edf46bf78000545005c.jpeg": {
    "app_sintetizada": "BDBF1A9C3977497FAA8EDF46BF78000545005C.JPEG",
    "cantidad_archivos": 1,
    "archivos_fuente": [
      "Pictures/Fototeca de Fotos.photoslibrary/resources/derivatives/masters/B/BDBF1A9C-3977-497F-AA8E-DF46BF780005_4_5005_c.jpeg"
    ],
    "ultima_modificacion": "2025-08-01 01:01:17.876076"
  },
  "b0085b17f66846eebad9ebd9d18359b645005c.jpeg": {
    "app_sintetizada": "B0085B17F66846EEBAD9EBD9D18359B645005C.JPEG",
    "cantidad_archivos": 1,
    "archivos_fuente": [
      "Pictures/Fototeca de Fotos.photoslibrary/resources/derivatives/masters/B/B0085B17-F668-46EE-BAD9-EBD9D18359B6_4_5005_c.jpeg"
    ],
    "ultima_modificacion": "2025-08-01 01:01:17.876405"
  },
  "b539fab869624c96a0ce1a44ae93bf5a45005c.jpeg": {
    "app_sintetizada": "B539FAB869624C96A0CE1A44AE93BF5A45005C.JPEG",
    "cantidad_archivos": 1,
    "archivos_fuente": [
      "Pictures/Fototeca de Fotos.photoslibrary/resources/derivatives/masters/B/B539FAB8-6962-4C96-A0CE-1A44AE93BF5A_4_5005_c.jpeg"
    ],
    "ultima_modificacion": "2025-08-01 01:01:17.876736"
  },
  "b2030b32386a47e881ba6ecd05fde27245005c.jpeg": {
    "app_sintetizada": "B2030B32386A47E881BA6ECD05FDE27245005C.JPEG",
    "cantidad_archivos": 1,
    "archivos_fuente": [
      "Pictures/Fototeca de Fotos.photoslibrary/resources/derivatives/masters/B/B2030B32-386A-47E8-81BA-6ECD05FDE272_4_5005_c.jpeg"
    ],
    "ultima_modificacion": "2025-08-01 01:01:17.877054"
  },
  "ba090d3467974405ab31df94631b21f845005c.jpeg": {
    "app_sintetizada": "BA090D3467974405AB31DF94631B21F845005C.JPEG",
    "cantidad_archivos": 1,
    "archivos_fuente": [
      "Pictures/Fototeca de Fotos.photoslibrary/resources/derivatives/masters/B/BA090D34-6797-4405-AB31-DF94631B21F8_4_5005_c.jpeg"
    ],
    "ultima_modificacion": "2025-08-01 01:01:17.877377"
  },
  "ba3b33f0da7a4ce98e99f0511ba5c55545005c.jpeg": {
    "app_sintetizada": "BA3B33F0DA7A4CE98E99F0511BA5C55545005C.JPEG",
    "cantidad_archivos": 1,
    "archivos_fuente": [
      "Pictures/Fototeca de Fotos.photoslibrary/resources/derivatives/masters/B/BA3B33F0-DA7A-4CE9-8E99-F0511BA5C555_4_5005_c.jpeg"
    ],
    "ultima_modificacion": "2025-08-01 01:01:17.877653"
  },
  "b2e1d5f7d0814d18af824981d67370d545005c.jpeg": {
    "app_sintetizada": "B2E1D5F7D0814D18AF824981D67370D545005C.JPEG",
    "cantidad_archivos": 1,
    "archivos_fuente": [
      "Pictures/Fototeca de Fotos.photoslibrary/resources/derivatives/masters/B/B2E1D5F7-D081-4D18-AF82-4981D67370D5_4_5005_c.jpeg"
    ],
    "ultima_modificacion": "2025-08-01 01:01:17.877883"
  },
  "b3ae62600f2147d5869b18a893ab4d7745005c.jpeg": {
    "app_sintetizada": "B3AE62600F2147D5869B18A893AB4D7745005C.JPEG",
    "cantidad_archivos": 1,
    "archivos_fuente": [
      "Pictures/Fototeca de Fotos.photoslibrary/resources/derivatives/masters/B/B3AE6260-0F21-47D5-869B-18A893AB4D77_4_5005_c.jpeg"
    ],
    "ultima_modificacion": "2025-08-01 01:01:17.878216"
  },
  "b83d816161f249259354bf809f5ea7bb45005c.jpeg": {
    "app_sintetizada": "B83D816161F249259354BF809F5EA7BB45005C.JPEG",
    "cantidad_archivos": 1,
    "archivos_fuente": [
      "Pictures/Fototeca de Fotos.photoslibrary/resources/derivatives/masters/B/B83D8161-61F2-4925-9354-BF809F5EA7BB_4_5005_c.jpeg"
    ],
    "ultima_modificacion": "2025-08-01 01:01:17.878544"
  },
  "b91aa0ce13f34e7eb239c319b2c3591f45005c.jpeg": {
    "app_sintetizada": "B91AA0CE13F34E7EB239C319B2C3591F45005C.JPEG",
    "cantidad_archivos": 1,
    "archivos_fuente": [
      "Pictures/Fototeca de Fotos.photoslibrary/resources/derivatives/masters/B/B91AA0CE-13F3-4E7E-B239-C319B2C3591F_4_5005_c.jpeg"
    ],
    "ultima_modificacion": "2025-08-01 01:01:17.878903"
  },
  "b77424970ed046afb59c20d3568f9b6245005c.jpeg": {
    "app_sintetizada": "B77424970ED046AFB59C20D3568F9B6245005C.JPEG",
    "cantidad_archivos": 1,
    "archivos_fuente": [
      "Pictures/Fototeca de Fotos.photoslibrary/resources/derivatives/masters/B/B7742497-0ED0-46AF-B59C-20D3568F9B62_4_5005_c.jpeg"
    ],
    "ultima_modificacion": "2025-08-01 01:01:17.879474"
  },
  "b4cb029d0d984ad585d24bc1adf63f9145005c.jpeg": {
    "app_sintetizada": "B4CB029D0D984AD585D24BC1ADF63F9145005C.JPEG",
    "cantidad_archivos": 1,
    "archivos_fuente": [
      "Pictures/Fototeca de Fotos.photoslibrary/resources/derivatives/masters/B/B4CB029D-0D98-4AD5-85D2-4BC1ADF63F91_4_5005_c.jpeg"
    ],
    "ultima_modificacion": "2025-08-01 01:01:17.879772"
  },
  "bbd11714aab541ed91aa7179dda873c945005c.jpeg": {
    "app_sintetizada": "BBD11714AAB541ED91AA7179DDA873C945005C.JPEG",
    "cantidad_archivos": 1,
    "archivos_fuente": [
      "Pictures/Fototeca de Fotos.photoslibrary/resources/derivatives/masters/B/BBD11714-AAB5-41ED-91AA-7179DDA873C9_4_5005_c.jpeg"
    ],
    "ultima_modificacion": "2025-08-01 01:01:17.880063"
  },
  "b6bfb291b15c4e18bea1e4f914e7cd5e45005c.jpeg": {
    "app_sintetizada": "B6BFB291B15C4E18BEA1E4F914E7CD5E45005C.JPEG",
    "cantidad_archivos": 1,
    "archivos_fuente": [
      "Pictures/Fototeca de Fotos.photoslibrary/resources/derivatives/masters/B/B6BFB291-B15C-4E18-BEA1-E4F914E7CD5E_4_5005_c.jpeg"
    ],
    "ultima_modificacion": "2025-08-01 01:01:17.880369"
  },
  "b25bd6b889534f6b8b99a01376dded2345005c.jpeg": {
    "app_sintetizada": "B25BD6B889534F6B8B99A01376DDED2345005C.JPEG",
    "cantidad_archivos": 1,
    "archivos_fuente": [
      "Pictures/Fototeca de Fotos.photoslibrary/resources/derivatives/masters/B/B25BD6B8-8953-4F6B-8B99-A01376DDED23_4_5005_c.jpeg"
    ],
    "ultima_modificacion": "2025-08-01 01:01:17.880717"
  },
  "b25214a5e40445a9b0d46d1fbbe4bb1e45005c.jpeg": {
    "app_sintetizada": "B25214A5E40445A9B0D46D1FBBE4BB1E45005C.JPEG",
    "cantidad_archivos": 1,
    "archivos_fuente": [
      "Pictures/Fototeca de Fotos.photoslibrary/resources/derivatives/masters/B/B25214A5-E404-45A9-B0D4-6D1FBBE4BB1E_4_5005_c.jpeg"
    ],
    "ultima_modificacion": "2025-08-01 01:01:17.881031"
  },
  "b6ce2ea4d5ba4d5db3ae9a26587dd67845005c.jpeg": {
    "app_sintetizada": "B6CE2EA4D5BA4D5DB3AE9A26587DD67845005C.JPEG",
    "cantidad_archivos": 1,
    "archivos_fuente": [
      "Pictures/Fototeca de Fotos.photoslibrary/resources/derivatives/masters/B/B6CE2EA4-D5BA-4D5D-B3AE-9A26587DD678_4_5005_c.jpeg"
    ],
    "ultima_modificacion": "2025-08-01 01:01:17.881296"
  },
  "b615b1c745ca4ad5ae3b95317eb4f6b345005c.jpeg": {
    "app_sintetizada": "B615B1C745CA4AD5AE3B95317EB4F6B345005C.JPEG",
    "cantidad_archivos": 1,
    "archivos_fuente": [
      "Pictures/Fototeca de Fotos.photoslibrary/resources/derivatives/masters/B/B615B1C7-45CA-4AD5-AE3B-95317EB4F6B3_4_5005_c.jpeg"
    ],
    "ultima_modificacion": "2025-08-01 01:01:17.881545"
  },
  "b7189e96d4804cfca33ee2f01addce9545005c.jpeg": {
    "app_sintetizada": "B7189E96D4804CFCA33EE2F01ADDCE9545005C.JPEG",
    "cantidad_archivos": 1,
    "archivos_fuente": [
      "Pictures/Fototeca de Fotos.photoslibrary/resources/derivatives/masters/B/B7189E96-D480-4CFC-A33E-E2F01ADDCE95_4_5005_c.jpeg"
    ],
    "ultima_modificacion": "2025-08-01 01:01:17.881768"
  }
}