{
  "2829fa32de6a4f16a081f7554c39b78945005c.jpeg": {
    "app_sintetizada": "2829FA32DE6A4F16A081F7554C39B78945005C.JPEG",
    "cantidad_archivos": 1,
    "archivos_fuente": [
      "Pictures/Fototeca de Fotos.photoslibrary/resources/derivatives/masters/2/2829FA32-DE6A-4F16-A081-F7554C39B789_4_5005_c.jpeg"
    ],
    "ultima_modificacion": "2025-08-01 01:01:19.248082"
  },
  "2c0f58ed4aaa4664877ee3a5bc5e1a5445005c.jpeg": {
    "app_sintetizada": "2C0F58ED4AAA4664877EE3A5BC5E1A5445005C.JPEG",
    "cantidad_archivos": 1,
    "archivos_fuente": [
      "Pictures/Fototeca de Fotos.photoslibrary/resources/derivatives/masters/2/2C0F58ED-4AAA-4664-877E-E3A5BC5E1A54_4_5005_c.jpeg"
    ],
    "ultima_modificacion": "2025-08-01 01:01:19.248925"
  },
  "27a67afec7fd46ffaa4e60ede369ff7645005c.jpeg": {
    "app_sintetizada": "27A67AFEC7FD46FFAA4E60EDE369FF7645005C.JPEG",
    "cantidad_archivos": 1,
    "archivos_fuente": [
      "Pictures/Fototeca de Fotos.photoslibrary/resources/derivatives/masters/2/27A67AFE-C7FD-46FF-AA4E-60EDE369FF76_4_5005_c.jpeg"
    ],
    "ultima_modificacion": "2025-08-01 01:01:19.249280"
  },
  "2ad9c6ae5a004a4c845475565d6c2d7d45005c.jpeg": {
    "app_sintetizada": "2AD9C6AE5A004A4C845475565D6C2D7D45005C.JPEG",
    "cantidad_archivos": 1,
    "archivos_fuente": [
      "Pictures/Fototeca de Fotos.photoslibrary/resources/derivatives/masters/2/2AD9C6AE-5A00-4A4C-8454-75565D6C2D7D_4_5005_c.jpeg"
    ],
    "ultima_modificacion": "2025-08-01 01:01:19.249613"
  },
  "23aefb550dee4033b3147c38bda99d9c45005c.jpeg": {
    "app_sintetizada": "23AEFB550DEE4033B3147C38BDA99D9C45005C.JPEG",
    "cantidad_archivos": 1,
    "archivos_fuente": [
      "Pictures/Fototeca de Fotos.photoslibrary/resources/derivatives/masters/2/23AEFB55-0DEE-4033-B314-7C38BDA99D9C_4_5005_c.jpeg"
    ],
    "ultima_modificacion": "2025-08-01 01:01:19.249938"
  },
  "2bc0cb61492c4882a56c7bc4d396cd1a45005c.jpeg": {
    "app_sintetizada": "2BC0CB61492C4882A56C7BC4D396CD1A45005C.JPEG",
    "cantidad_archivos": 1,
    "archivos_fuente": [
      "Pictures/Fototeca de Fotos.photoslibrary/resources/derivatives/masters/2/2BC0CB61-492C-4882-A56C-7BC4D396CD1A_4_5005_c.jpeg"
    ],
    "ultima_modificacion": "2025-08-01 01:01:19.250292"
  },
  "2bc35dbbdf3b4ed687ac315142070d5f45005c.jpeg": {
    "app_sintetizada": "2BC35DBBDF3B4ED687AC315142070D5F45005C.JPEG",
    "cantidad_archivos": 1,
    "archivos_fuente": [
      "Pictures/Fototeca de Fotos.photoslibrary/resources/derivatives/masters/2/2BC35DBB-DF3B-4ED6-87AC-315142070D5F_4_5005_c.jpeg"
    ],
    "ultima_modificacion": "2025-08-01 01:01:19.250633"
  },
  "28653221f85d488cb0acb4de78d85cea45005c.jpeg": {
    "app_sintetizada": "28653221F85D488CB0ACB4DE78D85CEA45005C.JPEG",
    "cantidad_archivos": 1,
    "archivos_fuente": [
      "Pictures/Fototeca de Fotos.photoslibrary/resources/derivatives/masters/2/28653221-F85D-488C-B0AC-B4DE78D85CEA_4_5005_c.jpeg"
    ],
    "ultima_modificacion": "2025-08-01 01:01:19.250972"
  },
  "2da8ff30ea5c44dc9d31c7745efe543345005c.jpeg": {
    "app_sintetizada": "2DA8FF30EA5C44DC9D31C7745EFE543345005C.JPEG",
    "cantidad_archivos": 1,
    "archivos_fuente": [
      "Pictures/Fototeca de Fotos.photoslibrary/resources/derivatives/masters/2/2DA8FF30-EA5C-44DC-9D31-C7745EFE5433_4_5005_c.jpeg"
    ],
    "ultima_modificacion": "2025-08-01 01:01:19.251279"
  },
  "27ada466ae144d83b5ae75b9e8bbeae145005c.jpeg": {
    "app_sintetizada": "27ADA466AE144D83B5AE75B9E8BBEAE145005C.JPEG",
    "cantidad_archivos": 1,
    "archivos_fuente": [
      "Pictures/Fototeca de Fotos.photoslibrary/resources/derivatives/masters/2/27ADA466-AE14-4D83-B5AE-75B9E8BBEAE1_4_5005_c.jpeg"
    ],
    "ultima_modificacion": "2025-08-01 01:01:19.251585"
  },
  "2a49ee50852e4f95bdf60062c0b958eb45005c.jpeg": {
    "app_sintetizada": "2A49EE50852E4F95BDF60062C0B958EB45005C.JPEG",
    "cantidad_archivos": 1,
    "archivos_fuente": [
      "Pictures/Fototeca de Fotos.photoslibrary/resources/derivatives/masters/2/2A49EE50-852E-4F95-BDF6-0062C0B958EB_4_5005_c.jpeg"
    ],
    "ultima_modificacion": "2025-08-01 01:01:19.251895"
  },
  "2e10ae1e57764dbdb1603f8690c09fcb45005c.jpeg": {
    "app_sintetizada": "2E10AE1E57764DBDB1603F8690C09FCB45005C.JPEG",
    "cantidad_archivos": 1,
    "archivos_fuente": [
      "Pictures/Fototeca de Fotos.photoslibrary/resources/derivatives/masters/2/2E10AE1E-5776-4DBD-B160-3F8690C09FCB_4_5005_c.jpeg"
    ],
    "ultima_modificacion": "2025-08-01 01:01:19.252203"
  },
  "2353537407814430b9daf09657f779b845005c.jpeg": {
    "app_sintetizada": "2353537407814430B9DAF09657F779B845005C.JPEG",
    "cantidad_archivos": 1,
    "archivos_fuente": [
      "Pictures/Fototeca de Fotos.photoslibrary/resources/derivatives/masters/2/23535374-0781-4430-B9DA-F09657F779B8_4_5005_c.jpeg"
    ],
    "ultima_modificacion": "2025-08-01 01:01:19.252549"
  },
  "21c2b6e775c34b73a7b91fcab61f3d6745005c.jpeg": {
    "app_sintetizada": "21C2B6E775C34B73A7B91FCAB61F3D6745005C.JPEG",
    "cantidad_archivos": 1,
    "archivos_fuente": [
      "Pictures/Fototeca de Fotos.photoslibrary/resources/derivatives/masters/2/21C2B6E7-75C3-4B73-A7B9-1FCAB61F3D67_4_5005_c.jpeg"
    ],
    "ultima_modificacion": "2025-08-01 01:01:19.252877"
  },
  "205d312abceb4faaa469dec6f18be71145005c.jpeg": {
    "app_sintetizada": "205D312ABCEB4FAAA469DEC6F18BE71145005C.JPEG",
    "cantidad_archivos": 1,
    "archivos_fuente": [
      "Pictures/Fototeca de Fotos.photoslibrary/resources/derivatives/masters/2/205D312A-BCEB-4FAA-A469-DEC6F18BE711_4_5005_c.jpeg"
    ],
    "ultima_modificacion": "2025-08-01 01:01:19.253212"
  },
  "296b6a0622ff47a2875d975d1d58ad5d45005c.jpeg": {
    "app_sintetizada": "296B6A0622FF47A2875D975D1D58AD5D45005C.JPEG",
    "cantidad_archivos": 1,
    "archivos_fuente": [
      "Pictures/Fototeca de Fotos.photoslibrary/resources/derivatives/masters/2/296B6A06-22FF-47A2-875D-975D1D58AD5D_4_5005_c.jpeg"
    ],
    "ultima_modificacion": "2025-08-01 01:01:19.253586"
  },
  "2c985f290c3e43538d5c8439c95f8e7845005c.jpeg": {
    "app_sintetizada": "2C985F290C3E43538D5C8439C95F8E7845005C.JPEG",
    "cantidad_archivos": 1,
    "archivos_fuente": [
      "Pictures/Fototeca de Fotos.photoslibrary/resources/derivatives/masters/2/2C985F29-0C3E-4353-8D5C-8439C95F8E78_4_5005_c.jpeg"
    ],
    "ultima_modificacion": "2025-08-01 01:01:19.253916"
  },
  "2ed97702a80d48d9b4a94bdda6ecbf2345005c.jpeg": {
    "app_sintetizada": "2ED97702A80D48D9B4A94BDDA6ECBF2345005C.JPEG",
    "cantidad_archivos": 1,
    "archivos_fuente": [
      "Pictures/Fototeca de Fotos.photoslibrary/resources/derivatives/masters/2/2ED97702-A80D-48D9-B4A9-4BDDA6ECBF23_4_5005_c.jpeg"
    ],
    "ultima_modificacion": "2025-08-01 01:01:19.254279"
  },
  "2a114e0befd64ed99f4e930c44c3a6ae45005c.jpeg": {
    "app_sintetizada": "2A114E0BEFD64ED99F4E930C44C3A6AE45005C.JPEG",
    "cantidad_archivos": 1,
    "archivos_fuente": [
      "Pictures/Fototeca de Fotos.photoslibrary/resources/derivatives/masters/2/2A114E0B-EFD6-4ED9-9F4E-930C44C3A6AE_4_5005_c.jpeg"
    ],
    "ultima_modificacion": "2025-08-01 01:01:19.254656"
  },
  "238e97ef3c7649c9b5873150a31307fd45005c.jpeg": {
    "app_sintetizada": "238E97EF3C7649C9B5873150A31307FD45005C.JPEG",
    "cantidad_archivos": 1,
    "archivos_fuente": [
      "Pictures/Fototeca de Fotos.photoslibrary/resources/derivatives/masters/2/238E97EF-3C76-49C9-B587-3150A31307FD_4_5005_c.jpeg"
    ],
    "ultima_modificacion": "2025-08-01 01:01:19.255007"
  },
  "2fb5b3ae1230447ab57649b54726e24f45005c.jpeg": {
    "app_sintetizada": "2FB5B3AE1230447AB57649B54726E24F45005C.JPEG",
    "cantidad_archivos": 1,
    "archivos_fuente": [
      "Pictures/Fototeca de Fotos.photoslibrary/resources/derivatives/masters/2/2FB5B3AE-1230-447A-B576-49B54726E24F_4_5005_c.jpeg"
    ],
    "ultima_modificacion": "2025-08-01 01:01:19.255361"
  },
  "20eb53c0255e45cebc6397d45255344045005c.jpeg": {
    "app_sintetizada": "20EB53C0255E45CEBC6397D45255344045005C.JPEG",
    "cantidad_archivos": 1,
    "archivos_fuente": [
      "Pictures/Fototeca de Fotos.photoslibrary/resources/derivatives/masters/2/20EB53C0-255E-45CE-BC63-97D452553440_4_5005_c.jpeg"
    ],
    "ultima_modificacion": "2025-08-01 01:01:19.255683"
  },
  "231f23b2dc974a1597f49e296c1b1ef645005c.jpeg": {
    "app_sintetizada": "231F23B2DC974A1597F49E296C1B1EF645005C.JPEG",
    "cantidad_archivos": 1,
    "archivos_fuente": [
      "Pictures/Fototeca de Fotos.photoslibrary/resources/derivatives/masters/2/231F23B2-DC97-4A15-97F4-9E296C1B1EF6_4_5005_c.jpeg"
    ],
    "ultima_modificacion": "2025-08-01 01:01:19.256036"
  },
  "2f4ae9e6dd3149429ac8c7ddadca42df45005c.jpeg": {
    "app_sintetizada": "2F4AE9E6DD3149429AC8C7DDADCA42DF45005C.JPEG",
    "cantidad_archivos": 1,
    "archivos_fuente": [
      "Pictures/Fototeca de Fotos.photoslibrary/resources/derivatives/masters/2/2F4AE9E6-DD31-4942-9AC8-C7DDADCA42DF_4_5005_c.jpeg"
    ],
    "ultima_modificacion": "2025-08-01 01:01:19.256401"
  },
  "293db189e8364213ad1a27cc4323709545005c.jpeg": {
    "app_sintetizada": "293DB189E8364213AD1A27CC4323709545005C.JPEG",
    "cantidad_archivos": 1,
    "archivos_fuente": [
      "Pictures/Fototeca de Fotos.photoslibrary/resources/derivatives/masters/2/293DB189-E836-4213-AD1A-27CC43237095_4_5005_c.jpeg"
    ],
    "ultima_modificacion": "2025-08-01 01:01:19.256728"
  },
  "20f35e68743c406ab0682e54e97c82b145005c.jpeg": {
    "app_sintetizada": "20F35E68743C406AB0682E54E97C82B145005C.JPEG",
    "cantidad_archivos": 1,
    "archivos_fuente": [
      "Pictures/Fototeca de Fotos.photoslibrary/resources/derivatives/masters/2/20F35E68-743C-406A-B068-2E54E97C82B1_4_5005_c.jpeg"
    ],
    "ultima_modificacion": "2025-08-01 01:01:19.257076"
  },
  "2c3f9d902860448cbbbb595fc1c999ab45005c.jpeg": {
    "app_sintetizada": "2C3F9D902860448CBBBB595FC1C999AB45005C.JPEG",
    "cantidad_archivos": 1,
    "archivos_fuente": [
      "Pictures/Fototeca de Fotos.photoslibrary/resources/derivatives/masters/2/2C3F9D90-2860-448C-BBBB-595FC1C999AB_4_5005_c.jpeg"
    ],
    "ultima_modificacion": "2025-08-01 01:01:19.257423"
  },
  "271afe279a884e76aa817a865a151f4145005c.jpeg": {
    "app_sintetizada": "271AFE279A884E76AA817A865A151F4145005C.JPEG",
    "cantidad_archivos": 1,
    "archivos_fuente": [
      "Pictures/Fototeca de Fotos.photoslibrary/resources/derivatives/masters/2/271AFE27-9A88-4E76-AA81-7A865A151F41_4_5005_c.jpeg"
    ],
    "ultima_modificacion": "2025-08-01 01:01:19.257759"
  },
  "2113c553d0524c608c482d8eb11fdf6e45005c.jpeg": {
    "app_sintetizada": "2113C553D0524C608C482D8EB11FDF6E45005C.JPEG",
    "cantidad_archivos": 1,
    "archivos_fuente": [
      "Pictures/Fototeca de Fotos.photoslibrary/resources/derivatives/masters/2/2113C553-D052-4C60-8C48-2D8EB11FDF6E_4_5005_c.jpeg"
    ],
    "ultima_modificacion": "2025-08-01 01:01:19.258101"
  },
  "2a031bd35d5748bbbf67980e2d1d357745005c.jpeg": {
    "app_sintetizada": "2A031BD35D5748BBBF67980E2D1D357745005C.JPEG",
    "cantidad_archivos": 1,
    "archivos_fuente": [
      "Pictures/Fototeca de Fotos.photoslibrary/resources/derivatives/masters/2/2A031BD3-5D57-48BB-BF67-980E2D1D3577_4_5005_c.jpeg"
    ],
    "ultima_modificacion": "2025-08-01 01:01:19.258505"
  },
  "299f5eb201804c4984c508918a94524d45005c.jpeg": {
    "app_sintetizada": "299F5EB201804C4984C508918A94524D45005C.JPEG",
    "cantidad_archivos": 1,
    "archivos_fuente": [
      "Pictures/Fototeca de Fotos.photoslibrary/resources/derivatives/masters/2/299F5EB2-0180-4C49-84C5-08918A94524D_4_5005_c.jpeg"
    ],
    "ultima_modificacion": "2025-08-01 01:01:19.258826"
  },
  "2df8dc8d45304e6189603cf98386a55d45005c.jpeg": {
    "app_sintetizada": "2DF8DC8D45304E6189603CF98386A55D45005C.JPEG",
    "cantidad_archivos": 1,
    "archivos_fuente": [
      "Pictures/Fototeca de Fotos.photoslibrary/resources/derivatives/masters/2/2DF8DC8D-4530-4E61-8960-3CF98386A55D_4_5005_c.jpeg"
    ],
    "ultima_modificacion": "2025-08-01 01:01:19.259158"
  },
  "2a0b0bf037024f4795f76341ada8642e45005c.jpeg": {
    "app_sintetizada": "2A0B0BF037024F4795F76341ADA8642E45005C.JPEG",
    "cantidad_archivos": 1,
    "archivos_fuente": [
      "Pictures/Fototeca de Fotos.photoslibrary/resources/derivatives/masters/2/2A0B0BF0-3702-4F47-95F7-6341ADA8642E_4_5005_c.jpeg"
    ],
    "ultima_modificacion": "2025-08-01 01:01:19.259538"
  },
  "21c75d088a55417486a420ab9facedfb45005c.jpeg": {
    "app_sintetizada": "21C75D088A55417486A420AB9FACEDFB45005C.JPEG",
    "cantidad_archivos": 1,
    "archivos_fuente": [
      "Pictures/Fototeca de Fotos.photoslibrary/resources/derivatives/masters/2/21C75D08-8A55-4174-86A4-20AB9FACEDFB_4_5005_c.jpeg"
    ],
    "ultima_modificacion": "2025-08-01 01:01:19.259914"
  },
  "25b708d489c74e52b2b25f576d6ad62e45005c.jpeg": {
    "app_sintetizada": "25B708D489C74E52B2B25F576D6AD62E45005C.JPEG",
    "cantidad_archivos": 1,
    "archivos_fuente": [
      "Pictures/Fototeca de Fotos.photoslibrary/resources/derivatives/masters/2/25B708D4-89C7-4E52-B2B2-5F576D6AD62E_4_5005_c.jpeg"
    ],
    "ultima_modificacion": "2025-08-01 01:01:19.260271"
  },
  "288d2c26084d48feab137370c1b4cc2545005c.jpeg": {
    "app_sintetizada": "288D2C26084D48FEAB137370C1B4CC2545005C.JPEG",
    "cantidad_archivos": 1,
    "archivos_fuente": [
      "Pictures/Fototeca de Fotos.photoslibrary/resources/derivatives/masters/2/288D2C26-084D-48FE-AB13-7370C1B4CC25_4_5005_c.jpeg"
    ],
    "ultima_modificacion": "2025-08-01 01:01:19.260657"
  },
  "2cde83e0a695433ba952f8fefe6b74b845005c.jpeg": {
    "app_sintetizada": "2CDE83E0A695433BA952F8FEFE6B74B845005C.JPEG",
    "cantidad_archivos": 1,
    "archivos_fuente": [
      "Pictures/Fototeca de Fotos.photoslibrary/resources/derivatives/masters/2/2CDE83E0-A695-433B-A952-F8FEFE6B74B8_4_5005_c.jpeg"
    ],
    "ultima_modificacion": "2025-08-01 01:01:19.261014"
  },
  "2d345040f7a747c8b5025488638bdfb145005c.jpeg": {
    "app_sintetizada": "2D345040F7A747C8B5025488638BDFB145005C.JPEG",
    "cantidad_archivos": 1,
    "archivos_fuente": [
      "Pictures/Fototeca de Fotos.photoslibrary/resources/derivatives/masters/2/2D345040-F7A7-47C8-B502-5488638BDFB1_4_5005_c.jpeg"
    ],
    "ultima_modificacion": "2025-08-01 01:01:19.261379"
  },
  "2cda1e7e641044c7927c27ce2b551cb445005c.jpeg": {
    "app_sintetizada": "2CDA1E7E641044C7927C27CE2B551CB445005C.JPEG",
    "cantidad_archivos": 1,
    "archivos_fuente": [
      "Pictures/Fototeca de Fotos.photoslibrary/resources/derivatives/masters/2/2CDA1E7E-6410-44C7-927C-27CE2B551CB4_4_5005_c.jpeg"
    ],
    "ultima_modificacion": "2025-08-01 01:01:19.261756"
  },
  "2b46e68880b242d9b22422b8e9f4c0bf45005c.jpeg": {
    "app_sintetizada": "2B46E68880B242D9B22422B8E9F4C0BF45005C.JPEG",
    "cantidad_archivos": 1,
    "archivos_fuente": [
      "Pictures/Fototeca de Fotos.photoslibrary/resources/derivatives/masters/2/2B46E688-80B2-42D9-B224-22B8E9F4C0BF_4_5005_c.jpeg"
    ],
    "ultima_modificacion": "2025-08-01 01:01:19.262116"
  },
  "2b20a9912946474b989bc0a363e65cdc45005c.jpeg": {
    "app_sintetizada": "2B20A9912946474B989BC0A363E65CDC45005C.JPEG",
    "cantidad_archivos": 1,
    "archivos_fuente": [
      "Pictures/Fototeca de Fotos.photoslibrary/resources/derivatives/masters/2/2B20A991-2946-474B-989B-C0A363E65CDC_4_5005_c.jpeg"
    ],
    "ultima_modificacion": "2025-08-01 01:01:19.262466"
  },
  "2afe577f5a9f48f3b45a0323f7e5b8a645005c.jpeg": {
    "app_sintetizada": "2AFE577F5A9F48F3B45A0323F7E5B8A645005C.JPEG",
    "cantidad_archivos": 1,
    "archivos_fuente": [
      "Pictures/Fototeca de Fotos.photoslibrary/resources/derivatives/masters/2/2AFE577F-5A9F-48F3-B45A-0323F7E5B8A6_4_5005_c.jpeg"
    ],
    "ultima_modificacion": "2025-08-01 01:01:19.262794"
  },
  "24831330dc5c44089e8cc90d7186be9745005c.jpeg": {
    "app_sintetizada": "24831330DC5C44089E8CC90D7186BE9745005C.JPEG",
    "cantidad_archivos": 1,
    "archivos_fuente": [
      "Pictures/Fototeca de Fotos.photoslibrary/resources/derivatives/masters/2/24831330-DC5C-4408-9E8C-C90D7186BE97_4_5005_c.jpeg"
    ],
    "ultima_modificacion": "2025-08-01 01:01:19.263138"
  },
  "2a2cae3cb45f4bae95b314b3eaf1d57645005c.jpeg": {
    "app_sintetizada": "2A2CAE3CB45F4BAE95B314B3EAF1D57645005C.JPEG",
    "cantidad_archivos": 1,
    "archivos_fuente": [
      "Pictures/Fototeca de Fotos.photoslibrary/resources/derivatives/masters/2/2A2CAE3C-B45F-4BAE-95B3-14B3EAF1D576_4_5005_c.jpeg"
    ],
    "ultima_modificacion": "2025-08-01 01:01:19.263552"
  },
  "27329939463340de92fd4872ee0c855e45005c.jpeg": {
    "app_sintetizada": "27329939463340DE92FD4872EE0C855E45005C.JPEG",
    "cantidad_archivos": 1,
    "archivos_fuente": [
      "Pictures/Fototeca de Fotos.photoslibrary/resources/derivatives/masters/2/27329939-4633-40DE-92FD-4872EE0C855E_4_5005_c.jpeg"
    ],
    "ultima_modificacion": "2025-08-01 01:01:19.263806"
  },
  "2d6b5e1de4ce4e5d97a442c0feb267bc45005c.jpeg": {
    "app_sintetizada": "2D6B5E1DE4CE4E5D97A442C0FEB267BC45005C.JPEG",
    "cantidad_archivos": 1,
    "archivos_fuente": [
      "Pictures/Fototeca de Fotos.photoslibrary/resources/derivatives/masters/2/2D6B5E1D-E4CE-4E5D-97A4-42C0FEB267BC_4_5005_c.jpeg"
    ],
    "ultima_modificacion": "2025-08-01 01:01:19.264141"
  },
  "222ac65e123c4908b081b637cb497f3f45005c.jpeg": {
    "app_sintetizada": "222AC65E123C4908B081B637CB497F3F45005C.JPEG",
    "cantidad_archivos": 1,
    "archivos_fuente": [
      "Pictures/Fototeca de Fotos.photoslibrary/resources/derivatives/masters/2/222AC65E-123C-4908-B081-B637CB497F3F_4_5005_c.jpeg"
    ],
    "ultima_modificacion": "2025-08-01 01:01:19.264545"
  },
  "286c537930674655aeee90e05ec1efc945005c.jpeg": {
    "app_sintetizada": "286C537930674655AEEE90E05EC1EFC945005C.JPEG",
    "cantidad_archivos": 1,
    "archivos_fuente": [
      "Pictures/Fototeca de Fotos.photoslibrary/resources/derivatives/masters/2/286C5379-3067-4655-AEEE-90E05EC1EFC9_4_5005_c.jpeg"
    ],
    "ultima_modificacion": "2025-08-01 01:01:19.264953"
  },
  "23dc2e76e238451bb3094804b8935cd545005c.jpeg": {
    "app_sintetizada": "23DC2E76E238451BB3094804B8935CD545005C.JPEG",
    "cantidad_archivos": 1,
    "archivos_fuente": [
      "Pictures/Fototeca de Fotos.photoslibrary/resources/derivatives/masters/2/23DC2E76-E238-451B-B309-4804B8935CD5_4_5005_c.jpeg"
    ],
    "ultima_modificacion": "2025-08-01 01:01:19.265264"
  },
  "233e6a552ffc4440894602202862098c45005c.jpeg": {
    "app_sintetizada": "233E6A552FFC4440894602202862098C45005C.JPEG",
    "cantidad_archivos": 1,
    "archivos_fuente": [
      "Pictures/Fototeca de Fotos.photoslibrary/resources/derivatives/masters/2/233E6A55-2FFC-4440-8946-02202862098C_4_5005_c.jpeg"
    ],
    "ultima_modificacion": "2025-08-01 01:01:19.265592"
  },
  "25c75438e2514afdac0cb88521dbb75c45005c.jpeg": {
    "app_sintetizada": "25C75438E2514AFDAC0CB88521DBB75C45005C.JPEG",
    "cantidad_archivos": 1,
    "archivos_fuente": [
      "Pictures/Fototeca de Fotos.photoslibrary/resources/derivatives/masters/2/25C75438-E251-4AFD-AC0C-B88521DBB75C_4_5005_c.jpeg"
    ],
    "ultima_modificacion": "2025-08-01 01:01:19.265931"
  },
  "2d7e072b1ab9408a9487e022c818535045005c.jpeg": {
    "app_sintetizada": "2D7E072B1AB9408A9487E022C818535045005C.JPEG",
    "cantidad_archivos": 1,
    "archivos_fuente": [
      "Pictures/Fototeca de Fotos.photoslibrary/resources/derivatives/masters/2/2D7E072B-1AB9-408A-9487-E022C8185350_4_5005_c.jpeg"
    ],
    "ultima_modificacion": "2025-08-01 01:01:19.266263"
  },
  "2697d4d403bc401e9153887364656d8f45005c.jpeg": {
    "app_sintetizada": "2697D4D403BC401E9153887364656D8F45005C.JPEG",
    "cantidad_archivos": 1,
    "archivos_fuente": [
      "Pictures/Fototeca de Fotos.photoslibrary/resources/derivatives/masters/2/2697D4D4-03BC-401E-9153-887364656D8F_4_5005_c.jpeg"
    ],
    "ultima_modificacion": "2025-08-01 01:01:19.266667"
  },
  "26b1be9db7f147cc9bd55db3dc0514a845005c.jpeg": {
    "app_sintetizada": "26B1BE9DB7F147CC9BD55DB3DC0514A845005C.JPEG",
    "cantidad_archivos": 1,
    "archivos_fuente": [
      "Pictures/Fototeca de Fotos.photoslibrary/resources/derivatives/masters/2/26B1BE9D-B7F1-47CC-9BD5-5DB3DC0514A8_4_5005_c.jpeg"
    ],
    "ultima_modificacion": "2025-08-01 01:01:19.266997"
  },
  "2b580b5719d34c70a45f6b6e62fab1f245005c.jpeg": {
    "app_sintetizada": "2B580B5719D34C70A45F6B6E62FAB1F245005C.JPEG",
    "cantidad_archivos": 1,
    "archivos_fuente": [
      "Pictures/Fototeca de Fotos.photoslibrary/resources/derivatives/masters/2/2B580B57-19D3-4C70-A45F-6B6E62FAB1F2_4_5005_c.jpeg"
    ],
    "ultima_modificacion": "2025-08-01 01:01:19.267292"
  },
  "2502b3c3f4354d2885de83839e3dc80c45005c.jpeg": {
    "app_sintetizada": "2502B3C3F4354D2885DE83839E3DC80C45005C.JPEG",
    "cantidad_archivos": 1,
    "archivos_fuente": [
      "Pictures/Fototeca de Fotos.photoslibrary/resources/derivatives/masters/2/2502B3C3-F435-4D28-85DE-83839E3DC80C_4_5005_c.jpeg"
    ],
    "ultima_modificacion": "2025-08-01 01:01:19.267605"
  },
  "2fba5c1ed883445fb2c35dc9f7e9458745005c.jpeg": {
    "app_sintetizada": "2FBA5C1ED883445FB2C35DC9F7E9458745005C.JPEG",
    "cantidad_archivos": 1,
    "archivos_fuente": [
      "Pictures/Fototeca de Fotos.photoslibrary/resources/derivatives/masters/2/2FBA5C1E-D883-445F-B2C3-5DC9F7E94587_4_5005_c.jpeg"
    ],
    "ultima_modificacion": "2025-08-01 01:01:19.267979"
  },
  "21678dd8cdec4b55a0c048e575b88eb045005c.jpeg": {
    "app_sintetizada": "21678DD8CDEC4B55A0C048E575B88EB045005C.JPEG",
    "cantidad_archivos": 1,
    "archivos_fuente": [
      "Pictures/Fototeca de Fotos.photoslibrary/resources/derivatives/masters/2/21678DD8-CDEC-4B55-A0C0-48E575B88EB0_4_5005_c.jpeg"
    ],
    "ultima_modificacion": "2025-08-01 01:01:19.268309"
  },
  "228e1f7945fa44ec92f43f77b27a998145005c.jpeg": {
    "app_sintetizada": "228E1F7945FA44EC92F43F77B27A998145005C.JPEG",
    "cantidad_archivos": 1,
    "archivos_fuente": [
      "Pictures/Fototeca de Fotos.photoslibrary/resources/derivatives/masters/2/228E1F79-45FA-44EC-92F4-3F77B27A9981_4_5005_c.jpeg"
    ],
    "ultima_modificacion": "2025-08-01 01:01:19.268664"
  },
  "2f6032921aaf4db9a028393a9f77249345005c.jpeg": {
    "app_sintetizada": "2F6032921AAF4DB9A028393A9F77249345005C.JPEG",
    "cantidad_archivos": 1,
    "archivos_fuente": [
      "Pictures/Fototeca de Fotos.photoslibrary/resources/derivatives/masters/2/2F603292-1AAF-4DB9-A028-393A9F772493_4_5005_c.jpeg"
    ],
    "ultima_modificacion": "2025-08-01 01:01:19.269004"
  },
  "26dfa267d50c468a9a1d36c726b5977845005c.jpeg": {
    "app_sintetizada": "26DFA267D50C468A9A1D36C726B5977845005C.JPEG",
    "cantidad_archivos": 1,
    "archivos_fuente": [
      "Pictures/Fototeca de Fotos.photoslibrary/resources/derivatives/masters/2/26DFA267-D50C-468A-9A1D-36C726B59778_4_5005_c.jpeg"
    ],
    "ultima_modificacion": "2025-08-01 01:01:19.269350"
  },
  "2c1b28ef89c1489bbb372587edab31a145005c.jpeg": {
    "app_sintetizada": "2C1B28EF89C1489BBB372587EDAB31A145005C.JPEG",
    "cantidad_archivos": 1,
    "archivos_fuente": [
      "Pictures/Fototeca de Fotos.photoslibrary/resources/derivatives/masters/2/2C1B28EF-89C1-489B-BB37-2587EDAB31A1_4_5005_c.jpeg"
    ],
    "ultima_modificacion": "2025-08-01 01:01:19.269735"
  },
  "28cd78aff8b14239a23e590b9efa800d45005c.jpeg": {
    "app_sintetizada": "28CD78AFF8B14239A23E590B9EFA800D45005C.JPEG",
    "cantidad_archivos": 1,
    "archivos_fuente": [
      "Pictures/Fototeca de Fotos.photoslibrary/resources/derivatives/masters/2/28CD78AF-F8B1-4239-A23E-590B9EFA800D_4_5005_c.jpeg"
    ],
    "ultima_modificacion": "2025-08-01 01:01:19.270070"
  },
  "28c67722669b46ac8def3e4834068e0745005c.jpeg": {
    "app_sintetizada": "28C67722669B46AC8DEF3E4834068E0745005C.JPEG",
    "cantidad_archivos": 1,
    "archivos_fuente": [
      "Pictures/Fototeca de Fotos.photoslibrary/resources/derivatives/masters/2/28C67722-669B-46AC-8DEF-3E4834068E07_4_5005_c.jpeg"
    ],
    "ultima_modificacion": "2025-08-01 01:01:19.270410"
  },
  "2530a677fdf14499a52367003979321545005c.jpeg": {
    "app_sintetizada": "2530A677FDF14499A52367003979321545005C.JPEG",
    "cantidad_archivos": 1,
    "archivos_fuente": [
      "Pictures/Fototeca de Fotos.photoslibrary/resources/derivatives/masters/2/2530A677-FDF1-4499-A523-670039793215_4_5005_c.jpeg"
    ],
    "ultima_modificacion": "2025-08-01 01:01:19.270727"
  },
  "23311eea0f9a4e8684f749771869320045005c.jpeg": {
    "app_sintetizada": "23311EEA0F9A4E8684F749771869320045005C.JPEG",
    "cantidad_archivos": 1,
    "archivos_fuente": [
      "Pictures/Fototeca de Fotos.photoslibrary/resources/derivatives/masters/2/23311EEA-0F9A-4E86-84F7-497718693200_4_5005_c.jpeg"
    ],
    "ultima_modificacion": "2025-08-01 01:01:19.270999"
  },
  "250f24137b5b44f8973ee4b42ec22a4645005c.jpeg": {
    "app_sintetizada": "250F24137B5B44F8973EE4B42EC22A4645005C.JPEG",
    "cantidad_archivos": 1,
    "archivos_fuente": [
      "Pictures/Fototeca de Fotos.photoslibrary/resources/derivatives/masters/2/250F2413-7B5B-44F8-973E-E4B42EC22A46_4_5005_c.jpeg"
    ],
    "ultima_modificacion": "2025-08-01 01:01:19.271328"
  },
  "255158722d324b7e91faa66bc048674245005c.jpeg": {
    "app_sintetizada": "255158722D324B7E91FAA66BC048674245005C.JPEG",
    "cantidad_archivos": 1,
    "archivos_fuente": [
      "Pictures/Fototeca de Fotos.photoslibrary/resources/derivatives/masters/2/25515872-2D32-4B7E-91FA-A66BC0486742_4_5005_c.jpeg"
    ],
    "ultima_modificacion": "2025-08-01 01:01:19.271662"
  },
  "2681c1d9a05542738bb9a1f98fa3a09345005c.jpeg": {
    "app_sintetizada": "2681C1D9A05542738BB9A1F98FA3A09345005C.JPEG",
    "cantidad_archivos": 1,
    "archivos_fuente": [
      "Pictures/Fototeca de Fotos.photoslibrary/resources/derivatives/masters/2/2681C1D9-A055-4273-8BB9-A1F98FA3A093_4_5005_c.jpeg"
    ],
    "ultima_modificacion": "2025-08-01 01:01:19.271993"
  },
  "2b3135fcea4e43768e6ab4b080846c5a45005c.jpeg": {
    "app_sintetizada": "2B3135FCEA4E43768E6AB4B080846C5A45005C.JPEG",
    "cantidad_archivos": 1,
    "archivos_fuente": [
      "Pictures/Fototeca de Fotos.photoslibrary/resources/derivatives/masters/2/2B3135FC-EA4E-4376-8E6A-B4B080846C5A_4_5005_c.jpeg"
    ],
    "ultima_modificacion": "2025-08-01 01:01:19.272315"
  },
  "2e32fc95bfaa4572bfc559f54f707e2645005c.jpeg": {
    "app_sintetizada": "2E32FC95BFAA4572BFC559F54F707E2645005C.JPEG",
    "cantidad_archivos": 1,
    "archivos_fuente": [
      "Pictures/Fototeca de Fotos.photoslibrary/resources/derivatives/masters/2/2E32FC95-BFAA-4572-BFC5-59F54F707E26_4_5005_c.jpeg"
    ],
    "ultima_modificacion": "2025-08-01 01:01:19.272667"
  },
  "210a92e075bc4ba4a13e560af9e0bf4445005c.jpeg": {
    "app_sintetizada": "210A92E075BC4BA4A13E560AF9E0BF4445005C.JPEG",
    "cantidad_archivos": 1,
    "archivos_fuente": [
      "Pictures/Fototeca de Fotos.photoslibrary/resources/derivatives/masters/2/210A92E0-75BC-4BA4-A13E-560AF9E0BF44_4_5005_c.jpeg"
    ],
    "ultima_modificacion": "2025-08-01 01:01:19.272946"
  },
  "2ef16cbb9fe9408b912922b88fa2f54345005c.jpeg": {
    "app_sintetizada": "2EF16CBB9FE9408B912922B88FA2F54345005C.JPEG",
    "cantidad_archivos": 1,
    "archivos_fuente": [
      "Pictures/Fototeca de Fotos.photoslibrary/resources/derivatives/masters/2/2EF16CBB-9FE9-408B-9129-22B88FA2F543_4_5005_c.jpeg"
    ],
    "ultima_modificacion": "2025-08-01 01:01:19.273241"
  },
  "2ad384da275f430bbd22a169b54078f145005c.jpeg": {
    "app_sintetizada": "2AD384DA275F430BBD22A169B54078F145005C.JPEG",
    "cantidad_archivos": 1,
    "archivos_fuente": [
      "Pictures/Fototeca de Fotos.photoslibrary/resources/derivatives/masters/2/2AD384DA-275F-430B-BD22-A169B54078F1_4_5005_c.jpeg"
    ],
    "ultima_modificacion": "2025-08-01 01:01:19.273640"
  },
  "2a626feb36c94679b75fb69d67bc49c145005c.jpeg": {
    "app_sintetizada": "2A626FEB36C94679B75FB69D67BC49C145005C.JPEG",
    "cantidad_archivos": 1,
    "archivos_fuente": [
      "Pictures/Fototeca de Fotos.photoslibrary/resources/derivatives/masters/2/2A626FEB-36C9-4679-B75F-B69D67BC49C1_4_5005_c.jpeg"
    ],
    "ultima_modificacion": "2025-08-01 01:01:19.273943"
  },
  "2afa743ba4ff4f24a042a91342a3932245005c.jpeg": {
    "app_sintetizada": "2AFA743BA4FF4F24A042A91342A3932245005C.JPEG",
    "cantidad_archivos": 1,
    "archivos_fuente": [
      "Pictures/Fototeca de Fotos.photoslibrary/resources/derivatives/masters/2/2AFA743B-A4FF-4F24-A042-A91342A39322_4_5005_c.jpeg"
    ],
    "ultima_modificacion": "2025-08-01 01:01:19.274285"
  },
  "2e65e0b8ff034604b424bffd17253ad845005c.jpeg": {
    "app_sintetizada": "2E65E0B8FF034604B424BFFD17253AD845005C.JPEG",
    "cantidad_archivos": 1,
    "archivos_fuente": [
      "Pictures/Fototeca de Fotos.photoslibrary/resources/derivatives/masters/2/2E65E0B8-FF03-4604-B424-BFFD17253AD8_4_5005_c.jpeg"
    ],
    "ultima_modificacion": "2025-08-01 01:01:19.274619"
  },
  "2be4e5c9b27845eabce003f2acd8a4d645005c.jpeg": {
    "app_sintetizada": "2BE4E5C9B27845EABCE003F2ACD8A4D645005C.JPEG",
    "cantidad_archivos": 1,
    "archivos_fuente": [
      "Pictures/Fototeca de Fotos.photoslibrary/resources/derivatives/masters/2/2BE4E5C9-B278-45EA-BCE0-03F2ACD8A4D6_4_5005_c.jpeg"
    ],
    "ultima_modificacion": "2025-08-01 01:01:19.275044"
  },
  "251286965bc84812bcebde7ae90ea4db45005c.jpeg": {
    "app_sintetizada": "251286965BC84812BCEBDE7AE90EA4DB45005C.JPEG",
    "cantidad_archivos": 1,
    "archivos_fuente": [
      "Pictures/Fototeca de Fotos.photoslibrary/resources/derivatives/masters/2/25128696-5BC8-4812-BCEB-DE7AE90EA4DB_4_5005_c.jpeg"
    ],
    "ultima_modificacion": "2025-08-01 01:01:19.275337"
  },
  "20e784e729fb4667bc118d084b97db5d45005c.jpeg": {
    "app_sintetizada": "20E784E729FB4667BC118D084B97DB5D45005C.JPEG",
    "cantidad_archivos": 1,
    "archivos_fuente": [
      "Pictures/Fototeca de Fotos.photoslibrary/resources/derivatives/masters/2/20E784E7-29FB-4667-BC11-8D084B97DB5D_4_5005_c.jpeg"
    ],
    "ultima_modificacion": "2025-08-01 01:01:19.275686"
  },
  "26ba992536824c60b0fc94084d5308dd45005c.jpeg": {
    "app_sintetizada": "26BA992536824C60B0FC94084D5308DD45005C.JPEG",
    "cantidad_archivos": 1,
    "archivos_fuente": [
      "Pictures/Fototeca de Fotos.photoslibrary/resources/derivatives/masters/2/26BA9925-3682-4C60-B0FC-94084D5308DD_4_5005_c.jpeg"
    ],
    "ultima_modificacion": "2025-08-01 01:01:19.276040"
  },
  "28f52a843cbe4e6d90b74deae0e977cc45005c.jpeg": {
    "app_sintetizada": "28F52A843CBE4E6D90B74DEAE0E977CC45005C.JPEG",
    "cantidad_archivos": 1,
    "archivos_fuente": [
      "Pictures/Fototeca de Fotos.photoslibrary/resources/derivatives/masters/2/28F52A84-3CBE-4E6D-90B7-4DEAE0E977CC_4_5005_c.jpeg"
    ],
    "ultima_modificacion": "2025-08-01 01:01:19.276382"
  },
  "2c44b27583e347bdaee3f7630ee6204245005c.jpeg": {
    "app_sintetizada": "2C44B27583E347BDAEE3F7630EE6204245005C.JPEG",
    "cantidad_archivos": 1,
    "archivos_fuente": [
      "Pictures/Fototeca de Fotos.photoslibrary/resources/derivatives/masters/2/2C44B275-83E3-47BD-AEE3-F7630EE62042_4_5005_c.jpeg"
    ],
    "ultima_modificacion": "2025-08-01 01:01:19.276675"
  },
  "227f659f7a2e44f993364a10d28e822845005c.jpeg": {
    "app_sintetizada": "227F659F7A2E44F993364A10D28E822845005C.JPEG",
    "cantidad_archivos": 1,
    "archivos_fuente": [
      "Pictures/Fototeca de Fotos.photoslibrary/resources/derivatives/masters/2/227F659F-7A2E-44F9-9336-4A10D28E8228_4_5005_c.jpeg"
    ],
    "ultima_modificacion": "2025-08-01 01:01:19.277013"
  },
  "2cabdc5b6cb24eb792564be5c0d3a7e345005c.jpeg": {
    "app_sintetizada": "2CABDC5B6CB24EB792564BE5C0D3A7E345005C.JPEG",
    "cantidad_archivos": 1,
    "archivos_fuente": [
      "Pictures/Fototeca de Fotos.photoslibrary/resources/derivatives/masters/2/2CABDC5B-6CB2-4EB7-9256-4BE5C0D3A7E3_4_5005_c.jpeg"
    ],
    "ultima_modificacion": "2025-08-01 01:01:19.277360"
  },
  "228b9c295fae4b7b83409a15237f0b5545005c.jpeg": {
    "app_sintetizada": "228B9C295FAE4B7B83409A15237F0B5545005C.JPEG",
    "cantidad_archivos": 1,
    "archivos_fuente": [
      "Pictures/Fototeca de Fotos.photoslibrary/resources/derivatives/masters/2/228B9C29-5FAE-4B7B-8340-9A15237F0B55_4_5005_c.jpeg"
    ],
    "ultima_modificacion": "2025-08-01 01:01:19.277650"
  },
  "2f946e209de44eacaf482588796d131145005c.jpeg": {
    "app_sintetizada": "2F946E209DE44EACAF482588796D131145005C.JPEG",
    "cantidad_archivos": 1,
    "archivos_fuente": [
      "Pictures/Fototeca de Fotos.photoslibrary/resources/derivatives/masters/2/2F946E20-9DE4-4EAC-AF48-2588796D1311_4_5005_c.jpeg"
    ],
    "ultima_modificacion": "2025-08-01 01:01:19.277950"
  },
  "287a24096def461184298fb0ad8fe51a45005c.jpeg": {
    "app_sintetizada": "287A24096DEF461184298FB0AD8FE51A45005C.JPEG",
    "cantidad_archivos": 1,
    "archivos_fuente": [
      "Pictures/Fototeca de Fotos.photoslibrary/resources/derivatives/masters/2/287A2409-6DEF-4611-8429-8FB0AD8FE51A_4_5005_c.jpeg"
    ],
    "ultima_modificacion": "2025-08-01 01:01:19.278204"
  },
  "244a7d876f3e4239ba3589aa386248b245005c.jpeg": {
    "app_sintetizada": "244A7D876F3E4239BA3589AA386248B245005C.JPEG",
    "cantidad_archivos": 1,
    "archivos_fuente": [
      "Pictures/Fototeca de Fotos.photoslibrary/resources/derivatives/masters/2/244A7D87-6F3E-4239-BA35-89AA386248B2_4_5005_c.jpeg"
    ],
    "ultima_modificacion": "2025-08-01 01:01:19.278521"
  },
  "2be19b5138194abf9c3ba6ce2a7240dd45005c.jpeg": {
    "app_sintetizada": "2BE19B5138194ABF9C3BA6CE2A7240DD45005C.JPEG",
    "cantidad_archivos": 1,
    "archivos_fuente": [
      "Pictures/Fototeca de Fotos.photoslibrary/resources/derivatives/masters/2/2BE19B51-3819-4ABF-9C3B-A6CE2A7240DD_4_5005_c.jpeg"
    ],
    "ultima_modificacion": "2025-08-01 01:01:19.278870"
  },
  "2aafdff599584c79a31ecf66d8aa90a445005c.jpeg": {
    "app_sintetizada": "2AAFDFF599584C79A31ECF66D8AA90A445005C.JPEG",
    "cantidad_archivos": 1,
    "archivos_fuente": [
      "Pictures/Fototeca de Fotos.photoslibrary/resources/derivatives/masters/2/2AAFDFF5-9958-4C79-A31E-CF66D8AA90A4_4_5005_c.jpeg"
    ],
    "ultima_modificacion": "2025-08-01 01:01:19.279205"
  },
  "281c85e6c35f4d17aa415d75265cfa3145005c.jpeg": {
    "app_sintetizada": "281C85E6C35F4D17AA415D75265CFA3145005C.JPEG",
    "cantidad_archivos": 1,
    "archivos_fuente": [
      "Pictures/Fototeca de Fotos.photoslibrary/resources/derivatives/masters/2/281C85E6-C35F-4D17-AA41-5D75265CFA31_4_5005_c.jpeg"
    ],
    "ultima_modificacion": "2025-08-01 01:01:19.279468"
  },
  "2f1357c038e14f2db8ce5165fb46c7a145005c.jpeg": {
    "app_sintetizada": "2F1357C038E14F2DB8CE5165FB46C7A145005C.JPEG",
    "cantidad_archivos": 1,
    "archivos_fuente": [
      "Pictures/Fototeca de Fotos.photoslibrary/resources/derivatives/masters/2/2F1357C0-38E1-4F2D-B8CE-5165FB46C7A1_4_5005_c.jpeg"
    ],
    "ultima_modificacion": "2025-08-01 01:01:19.279816"
  },
  "2f2cc7dd5e4e4550ba911b39dd67a7b045005c.jpeg": {
    "app_sintetizada": "2F2CC7DD5E4E4550BA911B39DD67A7B045005C.JPEG",
    "cantidad_archivos": 1,
    "archivos_fuente": [
      "Pictures/Fototeca de Fotos.photoslibrary/resources/derivatives/masters/2/2F2CC7DD-5E4E-4550-BA91-1B39DD67A7B0_4_5005_c.jpeg"
    ],
    "ultima_modificacion": "2025-08-01 01:01:19.280098"
  },
  "299f28db706840bcbfca8eb20c44588945005c.jpeg": {
    "app_sintetizada": "299F28DB706840BCBFCA8EB20C44588945005C.JPEG",
    "cantidad_archivos": 1,
    "archivos_fuente": [
      "Pictures/Fototeca de Fotos.photoslibrary/resources/derivatives/masters/2/299F28DB-7068-40BC-BFCA-8EB20C445889_4_5005_c.jpeg"
    ],
    "ultima_modificacion": "2025-08-01 01:01:19.280419"
  },
  "23f707c7cb8146ff9a21c98e2a7461f445005c.jpeg": {
    "app_sintetizada": "23F707C7CB8146FF9A21C98E2A7461F445005C.JPEG",
    "cantidad_archivos": 1,
    "archivos_fuente": [
      "Pictures/Fototeca de Fotos.photoslibrary/resources/derivatives/masters/2/23F707C7-CB81-46FF-9A21-C98E2A7461F4_4_5005_c.jpeg"
    ],
    "ultima_modificacion": "2025-08-01 01:01:19.280751"
  },
  "20382b8a1f584e169801595c0764f72045005c.jpeg": {
    "app_sintetizada": "20382B8A1F584E169801595C0764F72045005C.JPEG",
    "cantidad_archivos": 1,
    "archivos_fuente": [
      "Pictures/Fototeca de Fotos.photoslibrary/resources/derivatives/masters/2/20382B8A-1F58-4E16-9801-595C0764F720_4_5005_c.jpeg"
    ],
    "ultima_modificacion": "2025-08-01 01:01:19.281088"
  },
  "293661d92bf94cf885739fc12bbdd77c45005c.jpeg": {
    "app_sintetizada": "293661D92BF94CF885739FC12BBDD77C45005C.JPEG",
    "cantidad_archivos": 1,
    "archivos_fuente": [
      "Pictures/Fototeca de Fotos.photoslibrary/resources/derivatives/masters/2/293661D9-2BF9-4CF8-8573-9FC12BBDD77C_4_5005_c.jpeg"
    ],
    "ultima_modificacion": "2025-08-01 01:01:19.281403"
  },
  "2627bc960920460f83e5d8759dabd54845005c.jpeg": {
    "app_sintetizada": "2627BC960920460F83E5D8759DABD54845005C.JPEG",
    "cantidad_archivos": 1,
    "archivos_fuente": [
      "Pictures/Fototeca de Fotos.photoslibrary/resources/derivatives/masters/2/2627BC96-0920-460F-83E5-D8759DABD548_4_5005_c.jpeg"
    ],
    "ultima_modificacion": "2025-08-01 01:01:19.281711"
  },
  "2957ebcb90684e7fa24afa29787f7ab745005c.jpeg": {
    "app_sintetizada": "2957EBCB90684E7FA24AFA29787F7AB745005C.JPEG",
    "cantidad_archivos": 1,
    "archivos_fuente": [
      "Pictures/Fototeca de Fotos.photoslibrary/resources/derivatives/masters/2/2957EBCB-9068-4E7F-A24A-FA29787F7AB7_4_5005_c.jpeg"
    ],
    "ultima_modificacion": "2025-08-01 01:01:19.282026"
  }
}