{
  "831be2521f3d455fbccf8061060f11e545005c.jpeg": {
    "app_sintetizada": "831BE2521F3D455FBCCF8061060F11E545005C.JPEG",
    "cantidad_archivos": 1,
    "archivos_fuente": [
      "Pictures/Fototeca de Fotos.photoslibrary/resources/derivatives/masters/8/831BE252-1F3D-455F-BCCF-8061060F11E5_4_5005_c.jpeg"
    ],
    "ultima_modificacion": "2025-08-01 01:01:10.456602"
  },
  "856363545ad54c658fa073d7846db47345005c.jpeg": {
    "app_sintetizada": "856363545AD54C658FA073D7846DB47345005C.JPEG",
    "cantidad_archivos": 1,
    "archivos_fuente": [
      "Pictures/Fototeca de Fotos.photoslibrary/resources/derivatives/masters/8/85636354-5AD5-4C65-8FA0-73D7846DB473_4_5005_c.jpeg"
    ],
    "ultima_modificacion": "2025-08-01 01:01:10.456935"
  },
  "8bab1b1f02144ef6a1ccb6e98b2203e645005c.jpeg": {
    "app_sintetizada": "8BAB1B1F02144EF6A1CCB6E98B2203E645005C.JPEG",
    "cantidad_archivos": 1,
    "archivos_fuente": [
      "Pictures/Fototeca de Fotos.photoslibrary/resources/derivatives/masters/8/8BAB1B1F-0214-4EF6-A1CC-B6E98B2203E6_4_5005_c.jpeg"
    ],
    "ultima_modificacion": "2025-08-01 01:01:10.457270"
  },
  "83a9c07644214df587f7d46a3efbc8ca45005c.jpeg": {
    "app_sintetizada": "83A9C07644214DF587F7D46A3EFBC8CA45005C.JPEG",
    "cantidad_archivos": 1,
    "archivos_fuente": [
      "Pictures/Fototeca de Fotos.photoslibrary/resources/derivatives/masters/8/83A9C076-4421-4DF5-87F7-D46A3EFBC8CA_4_5005_c.jpeg"
    ],
    "ultima_modificacion": "2025-08-01 01:01:10.457583"
  },
  "811dbbcb35ba4eb2b89eaf86ad3451a745005c.jpeg": {
    "app_sintetizada": "811DBBCB35BA4EB2B89EAF86AD3451A745005C.JPEG",
    "cantidad_archivos": 1,
    "archivos_fuente": [
      "Pictures/Fototeca de Fotos.photoslibrary/resources/derivatives/masters/8/811DBBCB-35BA-4EB2-B89E-AF86AD3451A7_4_5005_c.jpeg"
    ],
    "ultima_modificacion": "2025-08-01 01:01:10.457878"
  },
  "8682d6252c3041dd91509d6da2a59da345005c.jpeg": {
    "app_sintetizada": "8682D6252C3041DD91509D6DA2A59DA345005C.JPEG",
    "cantidad_archivos": 1,
    "archivos_fuente": [
      "Pictures/Fototeca de Fotos.photoslibrary/resources/derivatives/masters/8/8682D625-2C30-41DD-9150-9D6DA2A59DA3_4_5005_c.jpeg"
    ],
    "ultima_modificacion": "2025-08-01 01:01:10.458181"
  },
  "8b8afbaa293646cd9105efda6ad7027b45005c.jpeg": {
    "app_sintetizada": "8B8AFBAA293646CD9105EFDA6AD7027B45005C.JPEG",
    "cantidad_archivos": 1,
    "archivos_fuente": [
      "Pictures/Fototeca de Fotos.photoslibrary/resources/derivatives/masters/8/8B8AFBAA-2936-46CD-9105-EFDA6AD7027B_4_5005_c.jpeg"
    ],
    "ultima_modificacion": "2025-08-01 01:01:10.458486"
  },
  "8305e534eb814c7cb44d7da7361ca0fe45005c.jpeg": {
    "app_sintetizada": "8305E534EB814C7CB44D7DA7361CA0FE45005C.JPEG",
    "cantidad_archivos": 1,
    "archivos_fuente": [
      "Pictures/Fototeca de Fotos.photoslibrary/resources/derivatives/masters/8/8305E534-EB81-4C7C-B44D-7DA7361CA0FE_4_5005_c.jpeg"
    ],
    "ultima_modificacion": "2025-08-01 01:01:10.458860"
  },
  "866936c0e28d490e876ee0e154c6754145005c.jpeg": {
    "app_sintetizada": "866936C0E28D490E876EE0E154C6754145005C.JPEG",
    "cantidad_archivos": 1,
    "archivos_fuente": [
      "Pictures/Fototeca de Fotos.photoslibrary/resources/derivatives/masters/8/866936C0-E28D-490E-876E-E0E154C67541_4_5005_c.jpeg"
    ],
    "ultima_modificacion": "2025-08-01 01:01:10.459191"
  },
  "885a080ed3074345a7aa9ba5720296a645005c.jpeg": {
    "app_sintetizada": "885A080ED3074345A7AA9BA5720296A645005C.JPEG",
    "cantidad_archivos": 1,
    "archivos_fuente": [
      "Pictures/Fototeca de Fotos.photoslibrary/resources/derivatives/masters/8/885A080E-D307-4345-A7AA-9BA5720296A6_4_5005_c.jpeg"
    ],
    "ultima_modificacion": "2025-08-01 01:01:10.459503"
  },
  "8296f604e709437293d4efba7badce5a45005c.jpeg": {
    "app_sintetizada": "8296F604E709437293D4EFBA7BADCE5A45005C.JPEG",
    "cantidad_archivos": 1,
    "archivos_fuente": [
      "Pictures/Fototeca de Fotos.photoslibrary/resources/derivatives/masters/8/8296F604-E709-4372-93D4-EFBA7BADCE5A_4_5005_c.jpeg"
    ],
    "ultima_modificacion": "2025-08-01 01:01:10.459836"
  },
  "8a5c16bc56554087aa2d9254ad8391a045005c.jpeg": {
    "app_sintetizada": "8A5C16BC56554087AA2D9254AD8391A045005C.JPEG",
    "cantidad_archivos": 1,
    "archivos_fuente": [
      "Pictures/Fototeca de Fotos.photoslibrary/resources/derivatives/masters/8/8A5C16BC-5655-4087-AA2D-9254AD8391A0_4_5005_c.jpeg"
    ],
    "ultima_modificacion": "2025-08-01 01:01:10.460144"
  },
  "803bcdc3e03e4d97b7dc3b5d82ae75a845005c.jpeg": {
    "app_sintetizada": "803BCDC3E03E4D97B7DC3B5D82AE75A845005C.JPEG",
    "cantidad_archivos": 1,
    "archivos_fuente": [
      "Pictures/Fototeca de Fotos.photoslibrary/resources/derivatives/masters/8/803BCDC3-E03E-4D97-B7DC-3B5D82AE75A8_4_5005_c.jpeg"
    ],
    "ultima_modificacion": "2025-08-01 01:01:10.460461"
  },
  "8dda941ce5c241e29c3d4aa7821a7d7f45005c.jpeg": {
    "app_sintetizada": "8DDA941CE5C241E29C3D4AA7821A7D7F45005C.JPEG",
    "cantidad_archivos": 1,
    "archivos_fuente": [
      "Pictures/Fototeca de Fotos.photoslibrary/resources/derivatives/masters/8/8DDA941C-E5C2-41E2-9C3D-4AA7821A7D7F_4_5005_c.jpeg"
    ],
    "ultima_modificacion": "2025-08-01 01:01:10.460764"
  },
  "88822342598d4d789dcc882c509cff3045005c.jpeg": {
    "app_sintetizada": "88822342598D4D789DCC882C509CFF3045005C.JPEG",
    "cantidad_archivos": 1,
    "archivos_fuente": [
      "Pictures/Fototeca de Fotos.photoslibrary/resources/derivatives/masters/8/88822342-598D-4D78-9DCC-882C509CFF30_4_5005_c.jpeg"
    ],
    "ultima_modificacion": "2025-08-01 01:01:10.461063"
  },
  "8f08403966944483a57f063eb874f94645005c.jpeg": {
    "app_sintetizada": "8F08403966944483A57F063EB874F94645005C.JPEG",
    "cantidad_archivos": 1,
    "archivos_fuente": [
      "Pictures/Fototeca de Fotos.photoslibrary/resources/derivatives/masters/8/8F084039-6694-4483-A57F-063EB874F946_4_5005_c.jpeg"
    ],
    "ultima_modificacion": "2025-08-01 01:01:10.461384"
  },
  "87cd4a115429474eac70fb2948510f9745005c.jpeg": {
    "app_sintetizada": "87CD4A115429474EAC70FB2948510F9745005C.JPEG",
    "cantidad_archivos": 1,
    "archivos_fuente": [
      "Pictures/Fototeca de Fotos.photoslibrary/resources/derivatives/masters/8/87CD4A11-5429-474E-AC70-FB2948510F97_4_5005_c.jpeg"
    ],
    "ultima_modificacion": "2025-08-01 01:01:10.461730"
  },
  "86ee80ca19da4404a69b86fec327eff545005c.jpeg": {
    "app_sintetizada": "86EE80CA19DA4404A69B86FEC327EFF545005C.JPEG",
    "cantidad_archivos": 1,
    "archivos_fuente": [
      "Pictures/Fototeca de Fotos.photoslibrary/resources/derivatives/masters/8/86EE80CA-19DA-4404-A69B-86FEC327EFF5_4_5005_c.jpeg"
    ],
    "ultima_modificacion": "2025-08-01 01:01:10.462005"
  },
  "85e46aac19904fcb8a5ba6bc81b0cd4445005c.jpeg": {
    "app_sintetizada": "85E46AAC19904FCB8A5BA6BC81B0CD4445005C.JPEG",
    "cantidad_archivos": 1,
    "archivos_fuente": [
      "Pictures/Fototeca de Fotos.photoslibrary/resources/derivatives/masters/8/85E46AAC-1990-4FCB-8A5B-A6BC81B0CD44_4_5005_c.jpeg"
    ],
    "ultima_modificacion": "2025-08-01 01:01:10.462388"
  },
  "8ae7d8ab13e442f0abaa89fbedc7f63145005c.jpeg": {
    "app_sintetizada": "8AE7D8AB13E442F0ABAA89FBEDC7F63145005C.JPEG",
    "cantidad_archivos": 1,
    "archivos_fuente": [
      "Pictures/Fototeca de Fotos.photoslibrary/resources/derivatives/masters/8/8AE7D8AB-13E4-42F0-ABAA-89FBEDC7F631_4_5005_c.jpeg"
    ],
    "ultima_modificacion": "2025-08-01 01:01:10.462665"
  },
  "86e331ff2d114c3189fbef028ea4f98f45005c.jpeg": {
    "app_sintetizada": "86E331FF2D114C3189FBEF028EA4F98F45005C.JPEG",
    "cantidad_archivos": 1,
    "archivos_fuente": [
      "Pictures/Fototeca de Fotos.photoslibrary/resources/derivatives/masters/8/86E331FF-2D11-4C31-89FB-EF028EA4F98F_4_5005_c.jpeg"
    ],
    "ultima_modificacion": "2025-08-01 01:01:10.462926"
  },
  "8fb980e181ec432e8b8a3c770c5dba3145005c.jpeg": {
    "app_sintetizada": "8FB980E181EC432E8B8A3C770C5DBA3145005C.JPEG",
    "cantidad_archivos": 1,
    "archivos_fuente": [
      "Pictures/Fototeca de Fotos.photoslibrary/resources/derivatives/masters/8/8FB980E1-81EC-432E-8B8A-3C770C5DBA31_4_5005_c.jpeg"
    ],
    "ultima_modificacion": "2025-08-01 01:01:10.463211"
  },
  "8503cbbc630449119ce5126112dadb2c45005c.jpeg": {
    "app_sintetizada": "8503CBBC630449119CE5126112DADB2C45005C.JPEG",
    "cantidad_archivos": 1,
    "archivos_fuente": [
      "Pictures/Fototeca de Fotos.photoslibrary/resources/derivatives/masters/8/8503CBBC-6304-4911-9CE5-126112DADB2C_4_5005_c.jpeg"
    ],
    "ultima_modificacion": "2025-08-01 01:01:10.463492"
  },
  "84751ea976674ed4a33f453391a89dcd45005c.jpeg": {
    "app_sintetizada": "84751EA976674ED4A33F453391A89DCD45005C.JPEG",
    "cantidad_archivos": 1,
    "archivos_fuente": [
      "Pictures/Fototeca de Fotos.photoslibrary/resources/derivatives/masters/8/84751EA9-7667-4ED4-A33F-453391A89DCD_4_5005_c.jpeg"
    ],
    "ultima_modificacion": "2025-08-01 01:01:10.463797"
  },
  "8ad46f58d40d4facb630f2ab36f8f11e45005c.jpeg": {
    "app_sintetizada": "8AD46F58D40D4FACB630F2AB36F8F11E45005C.JPEG",
    "cantidad_archivos": 1,
    "archivos_fuente": [
      "Pictures/Fototeca de Fotos.photoslibrary/resources/derivatives/masters/8/8AD46F58-D40D-4FAC-B630-F2AB36F8F11E_4_5005_c.jpeg"
    ],
    "ultima_modificacion": "2025-08-01 01:01:10.464113"
  },
  "8d7ab6fb0a714e8e858f480ecb25a33d45005c.jpeg": {
    "app_sintetizada": "8D7AB6FB0A714E8E858F480ECB25A33D45005C.JPEG",
    "cantidad_archivos": 1,
    "archivos_fuente": [
      "Pictures/Fototeca de Fotos.photoslibrary/resources/derivatives/masters/8/8D7AB6FB-0A71-4E8E-858F-480ECB25A33D_4_5005_c.jpeg"
    ],
    "ultima_modificacion": "2025-08-01 01:01:10.464383"
  },
  "85b1fd15952a4b97a4978e0e03b82b8945005c.jpeg": {
    "app_sintetizada": "85B1FD15952A4B97A4978E0E03B82B8945005C.JPEG",
    "cantidad_archivos": 1,
    "archivos_fuente": [
      "Pictures/Fototeca de Fotos.photoslibrary/resources/derivatives/masters/8/85B1FD15-952A-4B97-A497-8E0E03B82B89_4_5005_c.jpeg"
    ],
    "ultima_modificacion": "2025-08-01 01:01:10.464644"
  },
  "82901d0ab0334abd8c99ac63471683be45005c.jpeg": {
    "app_sintetizada": "82901D0AB0334ABD8C99AC63471683BE45005C.JPEG",
    "cantidad_archivos": 1,
    "archivos_fuente": [
      "Pictures/Fototeca de Fotos.photoslibrary/resources/derivatives/masters/8/82901D0A-B033-4ABD-8C99-AC63471683BE_4_5005_c.jpeg"
    ],
    "ultima_modificacion": "2025-08-01 01:01:10.464970"
  },
  "88edae0b87584928bd26b8d4ab693e9e45005c.jpeg": {
    "app_sintetizada": "88EDAE0B87584928BD26B8D4AB693E9E45005C.JPEG",
    "cantidad_archivos": 1,
    "archivos_fuente": [
      "Pictures/Fototeca de Fotos.photoslibrary/resources/derivatives/masters/8/88EDAE0B-8758-4928-BD26-B8D4AB693E9E_4_5005_c.jpeg"
    ],
    "ultima_modificacion": "2025-08-01 01:01:10.465224"
  },
  "850a3ff7730841f1ac559aaa65d085bd45005c.jpeg": {
    "app_sintetizada": "850A3FF7730841F1AC559AAA65D085BD45005C.JPEG",
    "cantidad_archivos": 1,
    "archivos_fuente": [
      "Pictures/Fototeca de Fotos.photoslibrary/resources/derivatives/masters/8/850A3FF7-7308-41F1-AC55-9AAA65D085BD_4_5005_c.jpeg"
    ],
    "ultima_modificacion": "2025-08-01 01:01:10.465483"
  },
  "848064a4aea04d88b6552c07660f373145005c.jpeg": {
    "app_sintetizada": "848064A4AEA04D88B6552C07660F373145005C.JPEG",
    "cantidad_archivos": 1,
    "archivos_fuente": [
      "Pictures/Fototeca de Fotos.photoslibrary/resources/derivatives/masters/8/848064A4-AEA0-4D88-B655-2C07660F3731_4_5005_c.jpeg"
    ],
    "ultima_modificacion": "2025-08-01 01:01:10.465842"
  },
  "8cc775f4c9964388bbf02eb3cc03e00645005c.jpeg": {
    "app_sintetizada": "8CC775F4C9964388BBF02EB3CC03E00645005C.JPEG",
    "cantidad_archivos": 1,
    "archivos_fuente": [
      "Pictures/Fototeca de Fotos.photoslibrary/resources/derivatives/masters/8/8CC775F4-C996-4388-BBF0-2EB3CC03E006_4_5005_c.jpeg"
    ],
    "ultima_modificacion": "2025-08-01 01:01:10.466110"
  },
  "8a1ea1fcbb054a7a8a00b3b6948000ee45005c.jpeg": {
    "app_sintetizada": "8A1EA1FCBB054A7A8A00B3B6948000EE45005C.JPEG",
    "cantidad_archivos": 1,
    "archivos_fuente": [
      "Pictures/Fototeca de Fotos.photoslibrary/resources/derivatives/masters/8/8A1EA1FC-BB05-4A7A-8A00-B3B6948000EE_4_5005_c.jpeg"
    ],
    "ultima_modificacion": "2025-08-01 01:01:10.466415"
  },
  "8400ecc122564618a4f3a63ecd5eb56f45005c.jpeg": {
    "app_sintetizada": "8400ECC122564618A4F3A63ECD5EB56F45005C.JPEG",
    "cantidad_archivos": 1,
    "archivos_fuente": [
      "Pictures/Fototeca de Fotos.photoslibrary/resources/derivatives/masters/8/8400ECC1-2256-4618-A4F3-A63ECD5EB56F_4_5005_c.jpeg"
    ],
    "ultima_modificacion": "2025-08-01 01:01:10.466685"
  },
  "8888de2389b747e38f08112d232d794b45005c.jpeg": {
    "app_sintetizada": "8888DE2389B747E38F08112D232D794B45005C.JPEG",
    "cantidad_archivos": 1,
    "archivos_fuente": [
      "Pictures/Fototeca de Fotos.photoslibrary/resources/derivatives/masters/8/8888DE23-89B7-47E3-8F08-112D232D794B_4_5005_c.jpeg"
    ],
    "ultima_modificacion": "2025-08-01 01:01:10.466994"
  },
  "809a92ac015248f5aacefdd18f5464bf45005c.jpeg": {
    "app_sintetizada": "809A92AC015248F5AACEFDD18F5464BF45005C.JPEG",
    "cantidad_archivos": 1,
    "archivos_fuente": [
      "Pictures/Fototeca de Fotos.photoslibrary/resources/derivatives/masters/8/809A92AC-0152-48F5-AACE-FDD18F5464BF_4_5005_c.jpeg"
    ],
    "ultima_modificacion": "2025-08-01 01:01:10.467244"
  },
  "86076d2a67b844dda0075c2f7ab35ccd45005c.jpeg": {
    "app_sintetizada": "86076D2A67B844DDA0075C2F7AB35CCD45005C.JPEG",
    "cantidad_archivos": 1,
    "archivos_fuente": [
      "Pictures/Fototeca de Fotos.photoslibrary/resources/derivatives/masters/8/86076D2A-67B8-44DD-A007-5C2F7AB35CCD_4_5005_c.jpeg"
    ],
    "ultima_modificacion": "2025-08-01 01:01:10.467468"
  },
  "8e5ceb9f8e604e0da852e2cf08c62e4b45005c.jpeg": {
    "app_sintetizada": "8E5CEB9F8E604E0DA852E2CF08C62E4B45005C.JPEG",
    "cantidad_archivos": 1,
    "archivos_fuente": [
      "Pictures/Fototeca de Fotos.photoslibrary/resources/derivatives/masters/8/8E5CEB9F-8E60-4E0D-A852-E2CF08C62E4B_4_5005_c.jpeg"
    ],
    "ultima_modificacion": "2025-08-01 01:01:10.467703"
  },
  "87c705d5fd44440dbe41bc8baaab47ed45005c.jpeg": {
    "app_sintetizada": "87C705D5FD44440DBE41BC8BAAAB47ED45005C.JPEG",
    "cantidad_archivos": 1,
    "archivos_fuente": [
      "Pictures/Fototeca de Fotos.photoslibrary/resources/derivatives/masters/8/87C705D5-FD44-440D-BE41-BC8BAAAB47ED_4_5005_c.jpeg"
    ],
    "ultima_modificacion": "2025-08-01 01:01:10.467908"
  },
  "860f7ff585f8450c97c54920824e74d445005c.jpeg": {
    "app_sintetizada": "860F7FF585F8450C97C54920824E74D445005C.JPEG",
    "cantidad_archivos": 1,
    "archivos_fuente": [
      "Pictures/Fototeca de Fotos.photoslibrary/resources/derivatives/masters/8/860F7FF5-85F8-450C-97C5-4920824E74D4_4_5005_c.jpeg"
    ],
    "ultima_modificacion": "2025-08-01 01:01:10.468183"
  },
  "87b74cf047e04a5bb0d468bbae8f058545005c.jpeg": {
    "app_sintetizada": "87B74CF047E04A5BB0D468BBAE8F058545005C.JPEG",
    "cantidad_archivos": 1,
    "archivos_fuente": [
      "Pictures/Fototeca de Fotos.photoslibrary/resources/derivatives/masters/8/87B74CF0-47E0-4A5B-B0D4-68BBAE8F0585_4_5005_c.jpeg"
    ],
    "ultima_modificacion": "2025-08-01 01:01:10.468494"
  },
  "8245da9e2da94f6cbb81bca279b9b1c345005c.jpeg": {
    "app_sintetizada": "8245DA9E2DA94F6CBB81BCA279B9B1C345005C.JPEG",
    "cantidad_archivos": 1,
    "archivos_fuente": [
      "Pictures/Fototeca de Fotos.photoslibrary/resources/derivatives/masters/8/8245DA9E-2DA9-4F6C-BB81-BCA279B9B1C3_4_5005_c.jpeg"
    ],
    "ultima_modificacion": "2025-08-01 01:01:10.468757"
  },
  "8b38f55c8f754eb78aa59466225fc41f45005c.jpeg": {
    "app_sintetizada": "8B38F55C8F754EB78AA59466225FC41F45005C.JPEG",
    "cantidad_archivos": 1,
    "archivos_fuente": [
      "Pictures/Fototeca de Fotos.photoslibrary/resources/derivatives/masters/8/8B38F55C-8F75-4EB7-8AA5-9466225FC41F_4_5005_c.jpeg"
    ],
    "ultima_modificacion": "2025-08-01 01:01:10.469128"
  },
  "8aef9228a5da42a1b1b5f4b11534729f45005c.jpeg": {
    "app_sintetizada": "8AEF9228A5DA42A1B1B5F4B11534729F45005C.JPEG",
    "cantidad_archivos": 1,
    "archivos_fuente": [
      "Pictures/Fototeca de Fotos.photoslibrary/resources/derivatives/masters/8/8AEF9228-A5DA-42A1-B1B5-F4B11534729F_4_5005_c.jpeg"
    ],
    "ultima_modificacion": "2025-08-01 01:01:10.469376"
  },
  "872a514ea9f543538f6f8bd422eaebd245005c.jpeg": {
    "app_sintetizada": "872A514EA9F543538F6F8BD422EAEBD245005C.JPEG",
    "cantidad_archivos": 1,
    "archivos_fuente": [
      "Pictures/Fototeca de Fotos.photoslibrary/resources/derivatives/masters/8/872A514E-A9F5-4353-8F6F-8BD422EAEBD2_4_5005_c.jpeg"
    ],
    "ultima_modificacion": "2025-08-01 01:01:10.469630"
  },
  "89d0332e4a354661b4f98a2b318ca72e45005c.jpeg": {
    "app_sintetizada": "89D0332E4A354661B4F98A2B318CA72E45005C.JPEG",
    "cantidad_archivos": 1,
    "archivos_fuente": [
      "Pictures/Fototeca de Fotos.photoslibrary/resources/derivatives/masters/8/89D0332E-4A35-4661-B4F9-8A2B318CA72E_4_5005_c.jpeg"
    ],
    "ultima_modificacion": "2025-08-01 01:01:10.469876"
  },
  "86197b987ed24b7fb971bebd211374ec45005c.jpeg": {
    "app_sintetizada": "86197B987ED24B7FB971BEBD211374EC45005C.JPEG",
    "cantidad_archivos": 1,
    "archivos_fuente": [
      "Pictures/Fototeca de Fotos.photoslibrary/resources/derivatives/masters/8/86197B98-7ED2-4B7F-B971-BEBD211374EC_4_5005_c.jpeg"
    ],
    "ultima_modificacion": "2025-08-01 01:01:10.470119"
  },
  "833d9ede74a74ccc8a246c4d5ca3fe4245005c.jpeg": {
    "app_sintetizada": "833D9EDE74A74CCC8A246C4D5CA3FE4245005C.JPEG",
    "cantidad_archivos": 1,
    "archivos_fuente": [
      "Pictures/Fototeca de Fotos.photoslibrary/resources/derivatives/masters/8/833D9EDE-74A7-4CCC-8A24-6C4D5CA3FE42_4_5005_c.jpeg"
    ],
    "ultima_modificacion": "2025-08-01 01:01:10.470363"
  },
  "823884ebca404b8595bdf962cc4202e645005c.jpeg": {
    "app_sintetizada": "823884EBCA404B8595BDF962CC4202E645005C.JPEG",
    "cantidad_archivos": 1,
    "archivos_fuente": [
      "Pictures/Fototeca de Fotos.photoslibrary/resources/derivatives/masters/8/823884EB-CA40-4B85-95BD-F962CC4202E6_4_5005_c.jpeg"
    ],
    "ultima_modificacion": "2025-08-01 01:01:10.470636"
  },
  "8af11d867cfc464787858f05f280191445005c.jpeg": {
    "app_sintetizada": "8AF11D867CFC464787858F05F280191445005C.JPEG",
    "cantidad_archivos": 1,
    "archivos_fuente": [
      "Pictures/Fototeca de Fotos.photoslibrary/resources/derivatives/masters/8/8AF11D86-7CFC-4647-8785-8F05F2801914_4_5005_c.jpeg"
    ],
    "ultima_modificacion": "2025-08-01 01:01:10.470905"
  },
  "85db5826a3844e0da06b0c676a868bc845005c.jpeg": {
    "app_sintetizada": "85DB5826A3844E0DA06B0C676A868BC845005C.JPEG",
    "cantidad_archivos": 1,
    "archivos_fuente": [
      "Pictures/Fototeca de Fotos.photoslibrary/resources/derivatives/masters/8/85DB5826-A384-4E0D-A06B-0C676A868BC8_4_5005_c.jpeg"
    ],
    "ultima_modificacion": "2025-08-01 01:01:10.471146"
  },
  "8cf47dde804448529c47bc6f53707ea845005c.jpeg": {
    "app_sintetizada": "8CF47DDE804448529C47BC6F53707EA845005C.JPEG",
    "cantidad_archivos": 1,
    "archivos_fuente": [
      "Pictures/Fototeca de Fotos.photoslibrary/resources/derivatives/masters/8/8CF47DDE-8044-4852-9C47-BC6F53707EA8_4_5005_c.jpeg"
    ],
    "ultima_modificacion": "2025-08-01 01:01:10.471391"
  },
  "89ca228815264d498eaae0135e4dfbe845005c.jpeg": {
    "app_sintetizada": "89CA228815264D498EAAE0135E4DFBE845005C.JPEG",
    "cantidad_archivos": 1,
    "archivos_fuente": [
      "Pictures/Fototeca de Fotos.photoslibrary/resources/derivatives/masters/8/89CA2288-1526-4D49-8EAA-E0135E4DFBE8_4_5005_c.jpeg"
    ],
    "ultima_modificacion": "2025-08-01 01:01:10.471626"
  },
  "87abf971e03f4cc0b9ef9416e878a09645005c.jpeg": {
    "app_sintetizada": "87ABF971E03F4CC0B9EF9416E878A09645005C.JPEG",
    "cantidad_archivos": 1,
    "archivos_fuente": [
      "Pictures/Fototeca de Fotos.photoslibrary/resources/derivatives/masters/8/87ABF971-E03F-4CC0-B9EF-9416E878A096_4_5005_c.jpeg"
    ],
    "ultima_modificacion": "2025-08-01 01:01:10.471868"
  },
  "82e875ef3d024d85842455f607b4bab045005c.jpeg": {
    "app_sintetizada": "82E875EF3D024D85842455F607B4BAB045005C.JPEG",
    "cantidad_archivos": 1,
    "archivos_fuente": [
      "Pictures/Fototeca de Fotos.photoslibrary/resources/derivatives/masters/8/82E875EF-3D02-4D85-8424-55F607B4BAB0_4_5005_c.jpeg"
    ],
    "ultima_modificacion": "2025-08-01 01:01:10.472101"
  },
  "8cf6d21f3db14a749d0b6e7c89f3ab6745005c.jpeg": {
    "app_sintetizada": "8CF6D21F3DB14A749D0B6E7C89F3AB6745005C.JPEG",
    "cantidad_archivos": 1,
    "archivos_fuente": [
      "Pictures/Fototeca de Fotos.photoslibrary/resources/derivatives/masters/8/8CF6D21F-3DB1-4A74-9D0B-6E7C89F3AB67_4_5005_c.jpeg"
    ],
    "ultima_modificacion": "2025-08-01 01:01:10.472375"
  },
  "84758e800bd442498d3ff1bc19a3221745005c.jpeg": {
    "app_sintetizada": "84758E800BD442498D3FF1BC19A3221745005C.JPEG",
    "cantidad_archivos": 1,
    "archivos_fuente": [
      "Pictures/Fototeca de Fotos.photoslibrary/resources/derivatives/masters/8/84758E80-0BD4-4249-8D3F-F1BC19A32217_4_5005_c.jpeg"
    ],
    "ultima_modificacion": "2025-08-01 01:01:10.472736"
  },
  "81efb293a4784f50bbc83de9d39b9fc545005c.jpeg": {
    "app_sintetizada": "81EFB293A4784F50BBC83DE9D39B9FC545005C.JPEG",
    "cantidad_archivos": 1,
    "archivos_fuente": [
      "Pictures/Fototeca de Fotos.photoslibrary/resources/derivatives/masters/8/81EFB293-A478-4F50-BBC8-3DE9D39B9FC5_4_5005_c.jpeg"
    ],
    "ultima_modificacion": "2025-08-01 01:01:10.473137"
  },
  "8b7cd955ae19431e8548c411c84f75f845005c.jpeg": {
    "app_sintetizada": "8B7CD955AE19431E8548C411C84F75F845005C.JPEG",
    "cantidad_archivos": 1,
    "archivos_fuente": [
      "Pictures/Fototeca de Fotos.photoslibrary/resources/derivatives/masters/8/8B7CD955-AE19-431E-8548-C411C84F75F8_4_5005_c.jpeg"
    ],
    "ultima_modificacion": "2025-08-01 01:01:10.473416"
  },
  "80aca8e1f78843da9e96cf6130722c8645005c.jpeg": {
    "app_sintetizada": "80ACA8E1F78843DA9E96CF6130722C8645005C.JPEG",
    "cantidad_archivos": 1,
    "archivos_fuente": [
      "Pictures/Fototeca de Fotos.photoslibrary/resources/derivatives/masters/8/80ACA8E1-F788-43DA-9E96-CF6130722C86_4_5005_c.jpeg"
    ],
    "ultima_modificacion": "2025-08-01 01:01:10.473696"
  },
  "8bc93e26c9774ac5a724d34837f2ad0445005c.jpeg": {
    "app_sintetizada": "8BC93E26C9774AC5A724D34837F2AD0445005C.JPEG",
    "cantidad_archivos": 1,
    "archivos_fuente": [
      "Pictures/Fototeca de Fotos.photoslibrary/resources/derivatives/masters/8/8BC93E26-C977-4AC5-A724-D34837F2AD04_4_5005_c.jpeg"
    ],
    "ultima_modificacion": "2025-08-01 01:01:10.474127"
  },
  "8c9b85271d4e49a5aaffa0b938754d2345005c.jpeg": {
    "app_sintetizada": "8C9B85271D4E49A5AAFFA0B938754D2345005C.JPEG",
    "cantidad_archivos": 1,
    "archivos_fuente": [
      "Pictures/Fototeca de Fotos.photoslibrary/resources/derivatives/masters/8/8C9B8527-1D4E-49A5-AAFF-A0B938754D23_4_5005_c.jpeg"
    ],
    "ultima_modificacion": "2025-08-01 01:01:10.474407"
  },
  "8332a41c671a4a73b47ff206ae74eab945005c.jpeg": {
    "app_sintetizada": "8332A41C671A4A73B47FF206AE74EAB945005C.JPEG",
    "cantidad_archivos": 1,
    "archivos_fuente": [
      "Pictures/Fototeca de Fotos.photoslibrary/resources/derivatives/masters/8/8332A41C-671A-4A73-B47F-F206AE74EAB9_4_5005_c.jpeg"
    ],
    "ultima_modificacion": "2025-08-01 01:01:10.474652"
  },
  "8fc9784d95e94291a7dfc746d371062745005c.jpeg": {
    "app_sintetizada": "8FC9784D95E94291A7DFC746D371062745005C.JPEG",
    "cantidad_archivos": 1,
    "archivos_fuente": [
      "Pictures/Fototeca de Fotos.photoslibrary/resources/derivatives/masters/8/8FC9784D-95E9-4291-A7DF-C746D3710627_4_5005_c.jpeg"
    ],
    "ultima_modificacion": "2025-08-01 01:01:10.474876"
  },
  "8e92988f23764f3a9f82411fee4c96ef45005c.jpeg": {
    "app_sintetizada": "8E92988F23764F3A9F82411FEE4C96EF45005C.JPEG",
    "cantidad_archivos": 1,
    "archivos_fuente": [
      "Pictures/Fototeca de Fotos.photoslibrary/resources/derivatives/masters/8/8E92988F-2376-4F3A-9F82-411FEE4C96EF_4_5005_c.jpeg"
    ],
    "ultima_modificacion": "2025-08-01 01:01:10.475196"
  },
  "8f1c3b5281a04ec0baf10706eedecc8345005c.jpeg": {
    "app_sintetizada": "8F1C3B5281A04EC0BAF10706EEDECC8345005C.JPEG",
    "cantidad_archivos": 1,
    "archivos_fuente": [
      "Pictures/Fototeca de Fotos.photoslibrary/resources/derivatives/masters/8/8F1C3B52-81A0-4EC0-BAF1-0706EEDECC83_4_5005_c.jpeg"
    ],
    "ultima_modificacion": "2025-08-01 01:01:10.475450"
  },
  "859e8aca0d764ad485262970c16c6c8a45005c.jpeg": {
    "app_sintetizada": "859E8ACA0D764AD485262970C16C6C8A45005C.JPEG",
    "cantidad_archivos": 1,
    "archivos_fuente": [
      "Pictures/Fototeca de Fotos.photoslibrary/resources/derivatives/masters/8/859E8ACA-0D76-4AD4-8526-2970C16C6C8A_4_5005_c.jpeg"
    ],
    "ultima_modificacion": "2025-08-01 01:01:10.475649"
  },
  "8f6ef82659c840309683da052f29d26845005c.jpeg": {
    "app_sintetizada": "8F6EF82659C840309683DA052F29D26845005C.JPEG",
    "cantidad_archivos": 1,
    "archivos_fuente": [
      "Pictures/Fototeca de Fotos.photoslibrary/resources/derivatives/masters/8/8F6EF826-59C8-4030-9683-DA052F29D268_4_5005_c.jpeg"
    ],
    "ultima_modificacion": "2025-08-01 01:01:10.475860"
  },
  "890a95b5a4134b6395870e057aca6d4b45005c.jpeg": {
    "app_sintetizada": "890A95B5A4134B6395870E057ACA6D4B45005C.JPEG",
    "cantidad_archivos": 1,
    "archivos_fuente": [
      "Pictures/Fototeca de Fotos.photoslibrary/resources/derivatives/masters/8/890A95B5-A413-4B63-9587-0E057ACA6D4B_4_5005_c.jpeg"
    ],
    "ultima_modificacion": "2025-08-01 01:01:10.476055"
  },
  "8d6f56d95ca042f79b9d711383bc802145005c.jpeg": {
    "app_sintetizada": "8D6F56D95CA042F79B9D711383BC802145005C.JPEG",
    "cantidad_archivos": 1,
    "archivos_fuente": [
      "Pictures/Fototeca de Fotos.photoslibrary/resources/derivatives/masters/8/8D6F56D9-5CA0-42F7-9B9D-711383BC8021_4_5005_c.jpeg"
    ],
    "ultima_modificacion": "2025-08-01 01:01:10.476279"
  },
  "8c192f7ccfe24151830b965278833bc945005c.jpeg": {
    "app_sintetizada": "8C192F7CCFE24151830B965278833BC945005C.JPEG",
    "cantidad_archivos": 1,
    "archivos_fuente": [
      "Pictures/Fototeca de Fotos.photoslibrary/resources/derivatives/masters/8/8C192F7C-CFE2-4151-830B-965278833BC9_4_5005_c.jpeg"
    ],
    "ultima_modificacion": "2025-08-01 01:01:10.476488"
  },
  "801377cd2b4e40d098da80f523e02a7b45005c.jpeg": {
    "app_sintetizada": "801377CD2B4E40D098DA80F523E02A7B45005C.JPEG",
    "cantidad_archivos": 1,
    "archivos_fuente": [
      "Pictures/Fototeca de Fotos.photoslibrary/resources/derivatives/masters/8/801377CD-2B4E-40D0-98DA-80F523E02A7B_4_5005_c.jpeg"
    ],
    "ultima_modificacion": "2025-08-01 01:01:10.476684"
  },
  "8d2d1eda8ddd4b819e010275529be8ad45005c.jpeg": {
    "app_sintetizada": "8D2D1EDA8DDD4B819E010275529BE8AD45005C.JPEG",
    "cantidad_archivos": 1,
    "archivos_fuente": [
      "Pictures/Fototeca de Fotos.photoslibrary/resources/derivatives/masters/8/8D2D1EDA-8DDD-4B81-9E01-0275529BE8AD_4_5005_c.jpeg"
    ],
    "ultima_modificacion": "2025-08-01 01:01:10.476880"
  },
  "8416cb7f56eb4afba4ff01f8c9aeb63d45005c.jpeg": {
    "app_sintetizada": "8416CB7F56EB4AFBA4FF01F8C9AEB63D45005C.JPEG",
    "cantidad_archivos": 1,
    "archivos_fuente": [
      "Pictures/Fototeca de Fotos.photoslibrary/resources/derivatives/masters/8/8416CB7F-56EB-4AFB-A4FF-01F8C9AEB63D_4_5005_c.jpeg"
    ],
    "ultima_modificacion": "2025-08-01 01:01:10.477090"
  },
  "818fae3b019a4b8999f031d8723ac39845005c.jpeg": {
    "app_sintetizada": "818FAE3B019A4B8999F031D8723AC39845005C.JPEG",
    "cantidad_archivos": 1,
    "archivos_fuente": [
      "Pictures/Fototeca de Fotos.photoslibrary/resources/derivatives/masters/8/818FAE3B-019A-4B89-99F0-31D8723AC398_4_5005_c.jpeg"
    ],
    "ultima_modificacion": "2025-08-01 01:01:10.477294"
  },
  "87f848e1043141cc9d845fe05d5c4acf45005c.jpeg": {
    "app_sintetizada": "87F848E1043141CC9D845FE05D5C4ACF45005C.JPEG",
    "cantidad_archivos": 1,
    "archivos_fuente": [
      "Pictures/Fototeca de Fotos.photoslibrary/resources/derivatives/masters/8/87F848E1-0431-41CC-9D84-5FE05D5C4ACF_4_5005_c.jpeg"
    ],
    "ultima_modificacion": "2025-08-01 01:01:10.477490"
  },
  "896655e5cdd44a25aca963223f00219e45005c.jpeg": {
    "app_sintetizada": "896655E5CDD44A25ACA963223F00219E45005C.JPEG",
    "cantidad_archivos": 1,
    "archivos_fuente": [
      "Pictures/Fototeca de Fotos.photoslibrary/resources/derivatives/masters/8/896655E5-CDD4-4A25-ACA9-63223F00219E_4_5005_c.jpeg"
    ],
    "ultima_modificacion": "2025-08-01 01:01:10.477731"
  },
  "8f0fdec4f5154412a518ae701ca8891845005c.jpeg": {
    "app_sintetizada": "8F0FDEC4F5154412A518AE701CA8891845005C.JPEG",
    "cantidad_archivos": 1,
    "archivos_fuente": [
      "Pictures/Fototeca de Fotos.photoslibrary/resources/derivatives/masters/8/8F0FDEC4-F515-4412-A518-AE701CA88918_4_5005_c.jpeg"
    ],
    "ultima_modificacion": "2025-08-01 01:01:10.478062"
  },
  "8945afd91ebd480ab213f32ec4b84c1e45005c.jpeg": {
    "app_sintetizada": "8945AFD91EBD480AB213F32EC4B84C1E45005C.JPEG",
    "cantidad_archivos": 1,
    "archivos_fuente": [
      "Pictures/Fototeca de Fotos.photoslibrary/resources/derivatives/masters/8/8945AFD9-1EBD-480A-B213-F32EC4B84C1E_4_5005_c.jpeg"
    ],
    "ultima_modificacion": "2025-08-01 01:01:10.478322"
  },
  "89238793df484e5c8a8bff5740ded68745005c.jpeg": {
    "app_sintetizada": "89238793DF484E5C8A8BFF5740DED68745005C.JPEG",
    "cantidad_archivos": 1,
    "archivos_fuente": [
      "Pictures/Fototeca de Fotos.photoslibrary/resources/derivatives/masters/8/89238793-DF48-4E5C-8A8B-FF5740DED687_4_5005_c.jpeg"
    ],
    "ultima_modificacion": "2025-08-01 01:01:10.478586"
  },
  "825e116620a945b08ac263e7cc0a72a845005c.jpeg": {
    "app_sintetizada": "825E116620A945B08AC263E7CC0A72A845005C.JPEG",
    "cantidad_archivos": 1,
    "archivos_fuente": [
      "Pictures/Fototeca de Fotos.photoslibrary/resources/derivatives/masters/8/825E1166-20A9-45B0-8AC2-63E7CC0A72A8_4_5005_c.jpeg"
    ],
    "ultima_modificacion": "2025-08-01 01:01:10.478848"
  },
  "8fde718666284feaa78d3e08d92aaed245005c.jpeg": {
    "app_sintetizada": "8FDE718666284FEAA78D3E08D92AAED245005C.JPEG",
    "cantidad_archivos": 1,
    "archivos_fuente": [
      "Pictures/Fototeca de Fotos.photoslibrary/resources/derivatives/masters/8/8FDE7186-6628-4FEA-A78D-3E08D92AAED2_4_5005_c.jpeg"
    ],
    "ultima_modificacion": "2025-08-01 01:01:10.479102"
  },
  "85ca747b59944adbab90394ee809d9bc45005c.jpeg": {
    "app_sintetizada": "85CA747B59944ADBAB90394EE809D9BC45005C.JPEG",
    "cantidad_archivos": 1,
    "archivos_fuente": [
      "Pictures/Fototeca de Fotos.photoslibrary/resources/derivatives/masters/8/85CA747B-5994-4ADB-AB90-394EE809D9BC_4_5005_c.jpeg"
    ],
    "ultima_modificacion": "2025-08-01 01:01:10.479379"
  },
  "8b11d55a835a44928af02ae7965742d945005c.jpeg": {
    "app_sintetizada": "8B11D55A835A44928AF02AE7965742D945005C.JPEG",
    "cantidad_archivos": 1,
    "archivos_fuente": [
      "Pictures/Fototeca de Fotos.photoslibrary/resources/derivatives/masters/8/8B11D55A-835A-4492-8AF0-2AE7965742D9_4_5005_c.jpeg"
    ],
    "ultima_modificacion": "2025-08-01 01:01:10.479621"
  },
  "8cc15ce50b8d42e6928328ded5fb533d45005c.jpeg": {
    "app_sintetizada": "8CC15CE50B8D42E6928328DED5FB533D45005C.JPEG",
    "cantidad_archivos": 1,
    "archivos_fuente": [
      "Pictures/Fototeca de Fotos.photoslibrary/resources/derivatives/masters/8/8CC15CE5-0B8D-42E6-9283-28DED5FB533D_4_5005_c.jpeg"
    ],
    "ultima_modificacion": "2025-08-01 01:01:10.479865"
  },
  "8816c1ec033444d182468021ee9654f245005c.jpeg": {
    "app_sintetizada": "8816C1EC033444D182468021EE9654F245005C.JPEG",
    "cantidad_archivos": 1,
    "archivos_fuente": [
      "Pictures/Fototeca de Fotos.photoslibrary/resources/derivatives/masters/8/8816C1EC-0334-44D1-8246-8021EE9654F2_4_5005_c.jpeg"
    ],
    "ultima_modificacion": "2025-08-01 01:01:10.480118"
  },
  "8e42224b93ec4772aea83522e8b6cc7b45005c.jpeg": {
    "app_sintetizada": "8E42224B93EC4772AEA83522E8B6CC7B45005C.JPEG",
    "cantidad_archivos": 1,
    "archivos_fuente": [
      "Pictures/Fototeca de Fotos.photoslibrary/resources/derivatives/masters/8/8E42224B-93EC-4772-AEA8-3522E8B6CC7B_4_5005_c.jpeg"
    ],
    "ultima_modificacion": "2025-08-01 01:01:10.480454"
  },
  "8cb0e46ace7c40129f83b06126d367d845005c.jpeg": {
    "app_sintetizada": "8CB0E46ACE7C40129F83B06126D367D845005C.JPEG",
    "cantidad_archivos": 1,
    "archivos_fuente": [
      "Pictures/Fototeca de Fotos.photoslibrary/resources/derivatives/masters/8/8CB0E46A-CE7C-4012-9F83-B06126D367D8_4_5005_c.jpeg"
    ],
    "ultima_modificacion": "2025-08-01 01:01:10.480687"
  },
  "85b3bee32306467f99dfd1989e7614f545005c.jpeg": {
    "app_sintetizada": "85B3BEE32306467F99DFD1989E7614F545005C.JPEG",
    "cantidad_archivos": 1,
    "archivos_fuente": [
      "Pictures/Fototeca de Fotos.photoslibrary/resources/derivatives/masters/8/85B3BEE3-2306-467F-99DF-D1989E7614F5_4_5005_c.jpeg"
    ],
    "ultima_modificacion": "2025-08-01 01:01:10.480893"
  },
  "880cb6a81f2b4c7783fec8dac108a50b45005c.jpeg": {
    "app_sintetizada": "880CB6A81F2B4C7783FEC8DAC108A50B45005C.JPEG",
    "cantidad_archivos": 1,
    "archivos_fuente": [
      "Pictures/Fototeca de Fotos.photoslibrary/resources/derivatives/masters/8/880CB6A8-1F2B-4C77-83FE-C8DAC108A50B_4_5005_c.jpeg"
    ],
    "ultima_modificacion": "2025-08-01 01:01:10.481122"
  },
  "8878290b58274d52a07fc534ad94009245005c.jpeg": {
    "app_sintetizada": "8878290B58274D52A07FC534AD94009245005C.JPEG",
    "cantidad_archivos": 1,
    "archivos_fuente": [
      "Pictures/Fototeca de Fotos.photoslibrary/resources/derivatives/masters/8/8878290B-5827-4D52-A07F-C534AD940092_4_5005_c.jpeg"
    ],
    "ultima_modificacion": "2025-08-01 01:01:10.481318"
  },
  "89c259df94f8436fb3f0c7f8bf14bae045005c.jpeg": {
    "app_sintetizada": "89C259DF94F8436FB3F0C7F8BF14BAE045005C.JPEG",
    "cantidad_archivos": 1,
    "archivos_fuente": [
      "Pictures/Fototeca de Fotos.photoslibrary/resources/derivatives/masters/8/89C259DF-94F8-436F-B3F0-C7F8BF14BAE0_4_5005_c.jpeg"
    ],
    "ultima_modificacion": "2025-08-01 01:01:10.481510"
  },
  "801e6f6990b74ef28150f29994341e7e45005c.jpeg": {
    "app_sintetizada": "801E6F6990B74EF28150F29994341E7E45005C.JPEG",
    "cantidad_archivos": 1,
    "archivos_fuente": [
      "Pictures/Fototeca de Fotos.photoslibrary/resources/derivatives/masters/8/801E6F69-90B7-4EF2-8150-F29994341E7E_4_5005_c.jpeg"
    ],
    "ultima_modificacion": "2025-08-01 01:01:10.481708"
  },
  "849c55fadd924d808b6fe3588c0d984445005c.jpeg": {
    "app_sintetizada": "849C55FADD924D808B6FE3588C0D984445005C.JPEG",
    "cantidad_archivos": 1,
    "archivos_fuente": [
      "Pictures/Fototeca de Fotos.photoslibrary/resources/derivatives/masters/8/849C55FA-DD92-4D80-8B6F-E3588C0D9844_4_5005_c.jpeg"
    ],
    "ultima_modificacion": "2025-08-01 01:01:10.481967"
  },
  "8d53b16ee1fd4581863115feec8c7c6745005c.jpeg": {
    "app_sintetizada": "8D53B16EE1FD4581863115FEEC8C7C6745005C.JPEG",
    "cantidad_archivos": 1,
    "archivos_fuente": [
      "Pictures/Fototeca de Fotos.photoslibrary/resources/derivatives/masters/8/8D53B16E-E1FD-4581-8631-15FEEC8C7C67_4_5005_c.jpeg"
    ],
    "ultima_modificacion": "2025-08-01 01:01:10.482307"
  },
  "838363a4b0e54472b5a0a765c850e5b145005c.jpeg": {
    "app_sintetizada": "838363A4B0E54472B5A0A765C850E5B145005C.JPEG",
    "cantidad_archivos": 1,
    "archivos_fuente": [
      "Pictures/Fototeca de Fotos.photoslibrary/resources/derivatives/masters/8/838363A4-B0E5-4472-B5A0-A765C850E5B1_4_5005_c.jpeg"
    ],
    "ultima_modificacion": "2025-08-01 01:01:10.482533"
  },
  "84af7f8fa01344d1811b8b3bf17a23f845005c.jpeg": {
    "app_sintetizada": "84AF7F8FA01344D1811B8B3BF17A23F845005C.JPEG",
    "cantidad_archivos": 1,
    "archivos_fuente": [
      "Pictures/Fototeca de Fotos.photoslibrary/resources/derivatives/masters/8/84AF7F8F-A013-44D1-811B-8B3BF17A23F8_4_5005_c.jpeg"
    ],
    "ultima_modificacion": "2025-08-01 01:01:10.482847"
  },
  "868763f19bd244d3b94b08c0384ca44645005c.jpeg": {
    "app_sintetizada": "868763F19BD244D3B94B08C0384CA44645005C.JPEG",
    "cantidad_archivos": 1,
    "archivos_fuente": [
      "Pictures/Fototeca de Fotos.photoslibrary/resources/derivatives/masters/8/868763F1-9BD2-44D3-B94B-08C0384CA446_4_5005_c.jpeg"
    ],
    "ultima_modificacion": "2025-08-01 01:01:10.483173"
  },
  "8b0549fc2bf243c0b42d6fb78457a4f245005c.jpeg": {
    "app_sintetizada": "8B0549FC2BF243C0B42D6FB78457A4F245005C.JPEG",
    "cantidad_archivos": 1,
    "archivos_fuente": [
      "Pictures/Fototeca de Fotos.photoslibrary/resources/derivatives/masters/8/8B0549FC-2BF2-43C0-B42D-6FB78457A4F2_4_5005_c.jpeg"
    ],
    "ultima_modificacion": "2025-08-01 01:01:10.483486"
  },
  "8d1a6bb0e25d4f00ac8c06951e03d17945005c.jpeg": {
    "app_sintetizada": "8D1A6BB0E25D4F00AC8C06951E03D17945005C.JPEG",
    "cantidad_archivos": 1,
    "archivos_fuente": [
      "Pictures/Fototeca de Fotos.photoslibrary/resources/derivatives/masters/8/8D1A6BB0-E25D-4F00-AC8C-06951E03D179_4_5005_c.jpeg"
    ],
    "ultima_modificacion": "2025-08-01 01:01:10.484005"
  }
}