{
  "758c8469eb664b00af37b61f141815901100o.jpeg": {
    "app_sintetizada": "758C8469EB664B00AF37B61F141815901100O.JPEG",
    "cantidad_archivos": 1,
    "archivos_fuente": [
      "Pictures/Fototeca de Fotos.photoslibrary/resources/derivatives/7/758C8469-EB66-4B00-AF37-B61F14181590_1_100_o.jpeg"
    ],
    "ultima_modificacion": "2025-08-01 01:01:01.138887"
  },
  "7de18bf832214ac2a7f54d205ac81b791105c.jpeg": {
    "app_sintetizada": "7DE18BF832214AC2A7F54D205AC81B791105C.JPEG",
    "cantidad_archivos": 1,
    "archivos_fuente": [
      "Pictures/Fototeca de Fotos.photoslibrary/resources/derivatives/7/7DE18BF8-3221-4AC2-A7F5-4D205AC81B79_1_105_c.jpeg"
    ],
    "ultima_modificacion": "2025-08-01 01:01:01.139655"
  },
  "7236db8de7e34c0584dbad5968af6fa21105c.jpeg": {
    "app_sintetizada": "7236DB8DE7E34C0584DBAD5968AF6FA21105C.JPEG",
    "cantidad_archivos": 1,
    "archivos_fuente": [
      "Pictures/Fototeca de Fotos.photoslibrary/resources/derivatives/7/7236DB8D-E7E3-4C05-84DB-AD5968AF6FA2_1_105_c.jpeg"
    ],
    "ultima_modificacion": "2025-08-01 01:01:01.140012"
  },
  "7a231f5a63904967b4170adf3e9c6fe21105c.jpeg": {
    "app_sintetizada": "7A231F5A63904967B4170ADF3E9C6FE21105C.JPEG",
    "cantidad_archivos": 1,
    "archivos_fuente": [
      "Pictures/Fototeca de Fotos.photoslibrary/resources/derivatives/7/7A231F5A-6390-4967-B417-0ADF3E9C6FE2_1_105_c.jpeg"
    ],
    "ultima_modificacion": "2025-08-01 01:01:01.140650"
  },
  "73f2a97e7eae40ef89ff32dd57c350a61105c.jpeg": {
    "app_sintetizada": "73F2A97E7EAE40EF89FF32DD57C350A61105C.JPEG",
    "cantidad_archivos": 1,
    "archivos_fuente": [
      "Pictures/Fototeca de Fotos.photoslibrary/resources/derivatives/7/73F2A97E-7EAE-40EF-89FF-32DD57C350A6_1_105_c.jpeg"
    ],
    "ultima_modificacion": "2025-08-01 01:01:01.141477"
  },
  "7d3ebd35097244b3abb6e2444a63ba931105c.jpeg": {
    "app_sintetizada": "7D3EBD35097244B3ABB6E2444A63BA931105C.JPEG",
    "cantidad_archivos": 1,
    "archivos_fuente": [
      "Pictures/Fototeca de Fotos.photoslibrary/resources/derivatives/7/7D3EBD35-0972-44B3-ABB6-E2444A63BA93_1_105_c.jpeg"
    ],
    "ultima_modificacion": "2025-08-01 01:01:01.141846"
  },
  "75b0f99bc9fd4f158bbb71da51084d501105c.jpeg": {
    "app_sintetizada": "75B0F99BC9FD4F158BBB71DA51084D501105C.JPEG",
    "cantidad_archivos": 1,
    "archivos_fuente": [
      "Pictures/Fototeca de Fotos.photoslibrary/resources/derivatives/7/75B0F99B-C9FD-4F15-8BBB-71DA51084D50_1_105_c.jpeg"
    ],
    "ultima_modificacion": "2025-08-01 01:01:01.142181"
  },
  "77b2c52cacaa42afbaabb9b0cd537fdc1105c.jpeg": {
    "app_sintetizada": "77B2C52CACAA42AFBAABB9B0CD537FDC1105C.JPEG",
    "cantidad_archivos": 1,
    "archivos_fuente": [
      "Pictures/Fototeca de Fotos.photoslibrary/resources/derivatives/7/77B2C52C-ACAA-42AF-BAAB-B9B0CD537FDC_1_105_c.jpeg"
    ],
    "ultima_modificacion": "2025-08-01 01:01:01.142477"
  },
  "76659cd7255a4db9a6bc10b63d1e315d1105c.jpeg": {
    "app_sintetizada": "76659CD7255A4DB9A6BC10B63D1E315D1105C.JPEG",
    "cantidad_archivos": 1,
    "archivos_fuente": [
      "Pictures/Fototeca de Fotos.photoslibrary/resources/derivatives/7/76659CD7-255A-4DB9-A6BC-10B63D1E315D_1_105_c.jpeg"
    ],
    "ultima_modificacion": "2025-08-01 01:01:01.142815"
  },
  "7ced3d889544491ea2be1ddcf46028f21105c.jpeg": {
    "app_sintetizada": "7CED3D889544491EA2BE1DDCF46028F21105C.JPEG",
    "cantidad_archivos": 1,
    "archivos_fuente": [
      "Pictures/Fototeca de Fotos.photoslibrary/resources/derivatives/7/7CED3D88-9544-491E-A2BE-1DDCF46028F2_1_105_c.jpeg"
    ],
    "ultima_modificacion": "2025-08-01 01:01:01.143134"
  },
  "776db3e7f10747b2b24ccffe1dfe6dba1105c.jpeg": {
    "app_sintetizada": "776DB3E7F10747B2B24CCFFE1DFE6DBA1105C.JPEG",
    "cantidad_archivos": 1,
    "archivos_fuente": [
      "Pictures/Fototeca de Fotos.photoslibrary/resources/derivatives/7/776DB3E7-F107-47B2-B24C-CFFE1DFE6DBA_1_105_c.jpeg"
    ],
    "ultima_modificacion": "2025-08-01 01:01:01.143436"
  },
  "77265c0b49e84a22aae0310c5d875b411105c.jpeg": {
    "app_sintetizada": "77265C0B49E84A22AAE0310C5D875B411105C.JPEG",
    "cantidad_archivos": 1,
    "archivos_fuente": [
      "Pictures/Fototeca de Fotos.photoslibrary/resources/derivatives/7/77265C0B-49E8-4A22-AAE0-310C5D875B41_1_105_c.jpeg"
    ],
    "ultima_modificacion": "2025-08-01 01:01:01.143751"
  },
  "7c1be6c09bc846c9a1d70c2d5128ca901105c.jpeg": {
    "app_sintetizada": "7C1BE6C09BC846C9A1D70C2D5128CA901105C.JPEG",
    "cantidad_archivos": 1,
    "archivos_fuente": [
      "Pictures/Fototeca de Fotos.photoslibrary/resources/derivatives/7/7C1BE6C0-9BC8-46C9-A1D7-0C2D5128CA90_1_105_c.jpeg"
    ],
    "ultima_modificacion": "2025-08-01 01:01:01.144065"
  },
  "711adbb93d7641bfad5a7e6e58e8b6f31105c.jpeg": {
    "app_sintetizada": "711ADBB93D7641BFAD5A7E6E58E8B6F31105C.JPEG",
    "cantidad_archivos": 1,
    "archivos_fuente": [
      "Pictures/Fototeca de Fotos.photoslibrary/resources/derivatives/7/711ADBB9-3D76-41BF-AD5A-7E6E58E8B6F3_1_105_c.jpeg"
    ],
    "ultima_modificacion": "2025-08-01 01:01:01.144415"
  },
  "70af2b16cd76462abf58f3b2cdf8d90b1105c.jpeg": {
    "app_sintetizada": "70AF2B16CD76462ABF58F3B2CDF8D90B1105C.JPEG",
    "cantidad_archivos": 1,
    "archivos_fuente": [
      "Pictures/Fototeca de Fotos.photoslibrary/resources/derivatives/7/70AF2B16-CD76-462A-BF58-F3B2CDF8D90B_1_105_c.jpeg"
    ],
    "ultima_modificacion": "2025-08-01 01:01:01.144729"
  },
  "73916584cabd4e1992209a37f4eea84c1105c.jpeg": {
    "app_sintetizada": "73916584CABD4E1992209A37F4EEA84C1105C.JPEG",
    "cantidad_archivos": 1,
    "archivos_fuente": [
      "Pictures/Fototeca de Fotos.photoslibrary/resources/derivatives/7/73916584-CABD-4E19-9220-9A37F4EEA84C_1_105_c.jpeg"
    ],
    "ultima_modificacion": "2025-08-01 01:01:01.145035"
  },
  "702f08194796488a829387cc15a953a21105c.jpeg": {
    "app_sintetizada": "702F08194796488A829387CC15A953A21105C.JPEG",
    "cantidad_archivos": 1,
    "archivos_fuente": [
      "Pictures/Fototeca de Fotos.photoslibrary/resources/derivatives/7/702F0819-4796-488A-8293-87CC15A953A2_1_105_c.jpeg"
    ],
    "ultima_modificacion": "2025-08-01 01:01:01.145357"
  },
  "70e0f016acd74cebae90db242d9bf1611105c.jpeg": {
    "app_sintetizada": "70E0F016ACD74CEBAE90DB242D9BF1611105C.JPEG",
    "cantidad_archivos": 1,
    "archivos_fuente": [
      "Pictures/Fototeca de Fotos.photoslibrary/resources/derivatives/7/70E0F016-ACD7-4CEB-AE90-DB242D9BF161_1_105_c.jpeg"
    ],
    "ultima_modificacion": "2025-08-01 01:01:01.145662"
  },
  "7fa5a0a71e35488891684eed8e7408191105c.jpeg": {
    "app_sintetizada": "7FA5A0A71E35488891684EED8E7408191105C.JPEG",
    "cantidad_archivos": 1,
    "archivos_fuente": [
      "Pictures/Fototeca de Fotos.photoslibrary/resources/derivatives/7/7FA5A0A7-1E35-4888-9168-4EED8E740819_1_105_c.jpeg"
    ],
    "ultima_modificacion": "2025-08-01 01:01:01.145961"
  },
  "77a13693d1a84bc9849f9df3ccb1fec71105c.jpeg": {
    "app_sintetizada": "77A13693D1A84BC9849F9DF3CCB1FEC71105C.JPEG",
    "cantidad_archivos": 1,
    "archivos_fuente": [
      "Pictures/Fototeca de Fotos.photoslibrary/resources/derivatives/7/77A13693-D1A8-4BC9-849F-9DF3CCB1FEC7_1_105_c.jpeg"
    ],
    "ultima_modificacion": "2025-08-01 01:01:01.146250"
  },
  "74ee505f7d784127a9d01f3bc52cbc2a1105c.jpeg": {
    "app_sintetizada": "74EE505F7D784127A9D01F3BC52CBC2A1105C.JPEG",
    "cantidad_archivos": 1,
    "archivos_fuente": [
      "Pictures/Fototeca de Fotos.photoslibrary/resources/derivatives/7/74EE505F-7D78-4127-A9D0-1F3BC52CBC2A_1_105_c.jpeg"
    ],
    "ultima_modificacion": "2025-08-01 01:01:01.146537"
  },
  "7cdbd59d08d8414d9dfd132f0afee1161105c.jpeg": {
    "app_sintetizada": "7CDBD59D08D8414D9DFD132F0AFEE1161105C.JPEG",
    "cantidad_archivos": 1,
    "archivos_fuente": [
      "Pictures/Fototeca de Fotos.photoslibrary/resources/derivatives/7/7CDBD59D-08D8-414D-9DFD-132F0AFEE116_1_105_c.jpeg"
    ],
    "ultima_modificacion": "2025-08-01 01:01:01.146831"
  },
  "739e4a63952f4336962ca6ee17e6cd3d1105c.jpeg": {
    "app_sintetizada": "739E4A63952F4336962CA6EE17E6CD3D1105C.JPEG",
    "cantidad_archivos": 1,
    "archivos_fuente": [
      "Pictures/Fototeca de Fotos.photoslibrary/resources/derivatives/7/739E4A63-952F-4336-962C-A6EE17E6CD3D_1_105_c.jpeg"
    ],
    "ultima_modificacion": "2025-08-01 01:01:01.147109"
  },
  "77821faaafcd4f718fac29ab519a8cc51105c.jpeg": {
    "app_sintetizada": "77821FAAAFCD4F718FAC29AB519A8CC51105C.JPEG",
    "cantidad_archivos": 1,
    "archivos_fuente": [
      "Pictures/Fototeca de Fotos.photoslibrary/resources/derivatives/7/77821FAA-AFCD-4F71-8FAC-29AB519A8CC5_1_105_c.jpeg"
    ],
    "ultima_modificacion": "2025-08-01 01:01:01.147410"
  },
  "79d4faee8eaa44c49959b3055b1a3b8e1105c.jpeg": {
    "app_sintetizada": "79D4FAEE8EAA44C49959B3055B1A3B8E1105C.JPEG",
    "cantidad_archivos": 1,
    "archivos_fuente": [
      "Pictures/Fototeca de Fotos.photoslibrary/resources/derivatives/7/79D4FAEE-8EAA-44C4-9959-B3055B1A3B8E_1_105_c.jpeg"
    ],
    "ultima_modificacion": "2025-08-01 01:01:01.147726"
  },
  "7153c159d29e47bc91d0dabd9a0986b7.thm": {
    "app_sintetizada": "7153C159D29E47BC91D0DABD9A0986B7.THM",
    "cantidad_archivos": 1,
    "archivos_fuente": [
      "Pictures/Fototeca de Fotos.photoslibrary/resources/derivatives/7/7153C159-D29E-47BC-91D0-DABD9A0986B7.THM"
    ],
    "ultima_modificacion": "2025-08-01 01:01:01.148054"
  },
  "7bae865189c444f988403b72009735c51105c.jpeg": {
    "app_sintetizada": "7BAE865189C444F988403B72009735C51105C.JPEG",
    "cantidad_archivos": 1,
    "archivos_fuente": [
      "Pictures/Fototeca de Fotos.photoslibrary/resources/derivatives/7/7BAE8651-89C4-44F9-8840-3B72009735C5_1_105_c.jpeg"
    ],
    "ultima_modificacion": "2025-08-01 01:01:01.148337"
  },
  "752d390f87d44e7483ebd350975210e41105c.jpeg": {
    "app_sintetizada": "752D390F87D44E7483EBD350975210E41105C.JPEG",
    "cantidad_archivos": 1,
    "archivos_fuente": [
      "Pictures/Fototeca de Fotos.photoslibrary/resources/derivatives/7/752D390F-87D4-4E74-83EB-D350975210E4_1_105_c.jpeg"
    ],
    "ultima_modificacion": "2025-08-01 01:01:01.148639"
  },
  "70cee77928a34a2a80c40e3af2afdb141105c.jpeg": {
    "app_sintetizada": "70CEE77928A34A2A80C40E3AF2AFDB141105C.JPEG",
    "cantidad_archivos": 1,
    "archivos_fuente": [
      "Pictures/Fototeca de Fotos.photoslibrary/resources/derivatives/7/70CEE779-28A3-4A2A-80C4-0E3AF2AFDB14_1_105_c.jpeg"
    ],
    "ultima_modificacion": "2025-08-01 01:01:01.148949"
  },
  "7082d782f89542acbd5e531f8e3b63171105c.jpeg": {
    "app_sintetizada": "7082D782F89542ACBD5E531F8E3B63171105C.JPEG",
    "cantidad_archivos": 1,
    "archivos_fuente": [
      "Pictures/Fototeca de Fotos.photoslibrary/resources/derivatives/7/7082D782-F895-42AC-BD5E-531F8E3B6317_1_105_c.jpeg"
    ],
    "ultima_modificacion": "2025-08-01 01:01:01.149250"
  },
  "74c9eac0648c43dca970fb0f997e2de51105c.jpeg": {
    "app_sintetizada": "74C9EAC0648C43DCA970FB0F997E2DE51105C.JPEG",
    "cantidad_archivos": 1,
    "archivos_fuente": [
      "Pictures/Fototeca de Fotos.photoslibrary/resources/derivatives/7/74C9EAC0-648C-43DC-A970-FB0F997E2DE5_1_105_c.jpeg"
    ],
    "ultima_modificacion": "2025-08-01 01:01:01.149540"
  },
  "7ca9f0af347f48bc8b415272a763e86a1105c.jpeg": {
    "app_sintetizada": "7CA9F0AF347F48BC8B415272A763E86A1105C.JPEG",
    "cantidad_archivos": 1,
    "archivos_fuente": [
      "Pictures/Fototeca de Fotos.photoslibrary/resources/derivatives/7/7CA9F0AF-347F-48BC-8B41-5272A763E86A_1_105_c.jpeg"
    ],
    "ultima_modificacion": "2025-08-01 01:01:01.149861"
  },
  "7ef85834df404ab68c4e3bfce638b88d1105c.jpeg": {
    "app_sintetizada": "7EF85834DF404AB68C4E3BFCE638B88D1105C.JPEG",
    "cantidad_archivos": 1,
    "archivos_fuente": [
      "Pictures/Fototeca de Fotos.photoslibrary/resources/derivatives/7/7EF85834-DF40-4AB6-8C4E-3BFCE638B88D_1_105_c.jpeg"
    ],
    "ultima_modificacion": "2025-08-01 01:01:01.150175"
  },
  "7ba10e439ce24af0adf4246e0aa2a12a.thm": {
    "app_sintetizada": "7BA10E439CE24AF0ADF4246E0AA2A12A.THM",
    "cantidad_archivos": 1,
    "archivos_fuente": [
      "Pictures/Fototeca de Fotos.photoslibrary/resources/derivatives/7/7BA10E43-9CE2-4AF0-ADF4-246E0AA2A12A.THM"
    ],
    "ultima_modificacion": "2025-08-01 01:01:01.150482"
  },
  "7dc65954481f49e3bf35f8aed1ef22171105c.jpeg": {
    "app_sintetizada": "7DC65954481F49E3BF35F8AED1EF22171105C.JPEG",
    "cantidad_archivos": 1,
    "archivos_fuente": [
      "Pictures/Fototeca de Fotos.photoslibrary/resources/derivatives/7/7DC65954-481F-49E3-BF35-F8AED1EF2217_1_105_c.jpeg"
    ],
    "ultima_modificacion": "2025-08-01 01:01:01.150783"
  },
  "70c3ebe069294e02ac5559d990c1f4991105c.jpeg": {
    "app_sintetizada": "70C3EBE069294E02AC5559D990C1F4991105C.JPEG",
    "cantidad_archivos": 1,
    "archivos_fuente": [
      "Pictures/Fototeca de Fotos.photoslibrary/resources/derivatives/7/70C3EBE0-6929-4E02-AC55-59D990C1F499_1_105_c.jpeg"
    ],
    "ultima_modificacion": "2025-08-01 01:01:01.151091"
  },
  "73373894def44f8baa8bb83e2525286a1102o.jpeg": {
    "app_sintetizada": "73373894DEF44F8BAA8BB83E2525286A1102O.JPEG",
    "cantidad_archivos": 1,
    "archivos_fuente": [
      "Pictures/Fototeca de Fotos.photoslibrary/resources/derivatives/7/73373894-DEF4-4F8B-AA8B-B83E2525286A_1_102_o.jpeg"
    ],
    "ultima_modificacion": "2025-08-01 01:01:01.151439"
  },
  "7a13830b6bdc4e4e8a449fce4b2861221105c.jpeg": {
    "app_sintetizada": "7A13830B6BDC4E4E8A449FCE4B2861221105C.JPEG",
    "cantidad_archivos": 1,
    "archivos_fuente": [
      "Pictures/Fototeca de Fotos.photoslibrary/resources/derivatives/7/7A13830B-6BDC-4E4E-8A44-9FCE4B286122_1_105_c.jpeg"
    ],
    "ultima_modificacion": "2025-08-01 01:01:01.151776"
  },
  "7dc3328d2a0943a8a8c94045041a9c401105c.jpeg": {
    "app_sintetizada": "7DC3328D2A0943A8A8C94045041A9C401105C.JPEG",
    "cantidad_archivos": 1,
    "archivos_fuente": [
      "Pictures/Fototeca de Fotos.photoslibrary/resources/derivatives/7/7DC3328D-2A09-43A8-A8C9-4045041A9C40_1_105_c.jpeg"
    ],
    "ultima_modificacion": "2025-08-01 01:01:01.152093"
  },
  "74bcc92ff6ca4b33989ff3eb587d049d1105c.jpeg": {
    "app_sintetizada": "74BCC92FF6CA4B33989FF3EB587D049D1105C.JPEG",
    "cantidad_archivos": 1,
    "archivos_fuente": [
      "Pictures/Fototeca de Fotos.photoslibrary/resources/derivatives/7/74BCC92F-F6CA-4B33-989F-F3EB587D049D_1_105_c.jpeg"
    ],
    "ultima_modificacion": "2025-08-01 01:01:01.152381"
  },
  "7538718290e442b29fc8fec09219c43f1105c.jpeg": {
    "app_sintetizada": "7538718290E442B29FC8FEC09219C43F1105C.JPEG",
    "cantidad_archivos": 1,
    "archivos_fuente": [
      "Pictures/Fototeca de Fotos.photoslibrary/resources/derivatives/7/75387182-90E4-42B2-9FC8-FEC09219C43F_1_105_c.jpeg"
    ],
    "ultima_modificacion": "2025-08-01 01:01:01.152709"
  },
  "7b0200b9d2394b6eb02f5d76f9c6cb2d1105c.jpeg": {
    "app_sintetizada": "7B0200B9D2394B6EB02F5D76F9C6CB2D1105C.JPEG",
    "cantidad_archivos": 1,
    "archivos_fuente": [
      "Pictures/Fototeca de Fotos.photoslibrary/resources/derivatives/7/7B0200B9-D239-4B6E-B02F-5D76F9C6CB2D_1_105_c.jpeg"
    ],
    "ultima_modificacion": "2025-08-01 01:01:01.153078"
  },
  "7005c89afa2e4b60a689977ec91fba7e.thm": {
    "app_sintetizada": "7005C89AFA2E4B60A689977EC91FBA7E.THM",
    "cantidad_archivos": 1,
    "archivos_fuente": [
      "Pictures/Fototeca de Fotos.photoslibrary/resources/derivatives/7/7005C89A-FA2E-4B60-A689-977EC91FBA7E.THM"
    ],
    "ultima_modificacion": "2025-08-01 01:01:01.153446"
  },
  "78d4f6c83da644a3b4345041088dee8e.thm": {
    "app_sintetizada": "78D4F6C83DA644A3B4345041088DEE8E.THM",
    "cantidad_archivos": 1,
    "archivos_fuente": [
      "Pictures/Fototeca de Fotos.photoslibrary/resources/derivatives/7/78D4F6C8-3DA6-44A3-B434-5041088DEE8E.THM"
    ],
    "ultima_modificacion": "2025-08-01 01:01:01.153773"
  },
  "7638a171cbfb4808acc8598dda1d1ad81105c.jpeg": {
    "app_sintetizada": "7638A171CBFB4808ACC8598DDA1D1AD81105C.JPEG",
    "cantidad_archivos": 1,
    "archivos_fuente": [
      "Pictures/Fototeca de Fotos.photoslibrary/resources/derivatives/7/7638A171-CBFB-4808-ACC8-598DDA1D1AD8_1_105_c.jpeg"
    ],
    "ultima_modificacion": "2025-08-01 01:01:01.154089"
  },
  "7045a21f974249ab9a973d1e727d86471105c.jpeg": {
    "app_sintetizada": "7045A21F974249AB9A973D1E727D86471105C.JPEG",
    "cantidad_archivos": 1,
    "archivos_fuente": [
      "Pictures/Fototeca de Fotos.photoslibrary/resources/derivatives/7/7045A21F-9742-49AB-9A97-3D1E727D8647_1_105_c.jpeg"
    ],
    "ultima_modificacion": "2025-08-01 01:01:01.154396"
  },
  "7977489e952243d98de5a85b5750c306.thm": {
    "app_sintetizada": "7977489E952243D98DE5A85B5750C306.THM",
    "cantidad_archivos": 1,
    "archivos_fuente": [
      "Pictures/Fototeca de Fotos.photoslibrary/resources/derivatives/7/7977489E-9522-43D9-8DE5-A85B5750C306.THM"
    ],
    "ultima_modificacion": "2025-08-01 01:01:01.154696"
  },
  "7fdd3b1b3bbd439e820d4934f94d90a61105c.jpeg": {
    "app_sintetizada": "7FDD3B1B3BBD439E820D4934F94D90A61105C.JPEG",
    "cantidad_archivos": 1,
    "archivos_fuente": [
      "Pictures/Fototeca de Fotos.photoslibrary/resources/derivatives/7/7FDD3B1B-3BBD-439E-820D-4934F94D90A6_1_105_c.jpeg"
    ],
    "ultima_modificacion": "2025-08-01 01:01:01.155003"
  },
  "751fb8e4e066442ba78f1cf4eff3dfd51105c.jpeg": {
    "app_sintetizada": "751FB8E4E066442BA78F1CF4EFF3DFD51105C.JPEG",
    "cantidad_archivos": 1,
    "archivos_fuente": [
      "Pictures/Fototeca de Fotos.photoslibrary/resources/derivatives/7/751FB8E4-E066-442B-A78F-1CF4EFF3DFD5_1_105_c.jpeg"
    ],
    "ultima_modificacion": "2025-08-01 01:01:01.155319"
  },
  "7269200cba0449558647f8400b0095e61105c.jpeg": {
    "app_sintetizada": "7269200CBA0449558647F8400B0095E61105C.JPEG",
    "cantidad_archivos": 1,
    "archivos_fuente": [
      "Pictures/Fototeca de Fotos.photoslibrary/resources/derivatives/7/7269200C-BA04-4955-8647-F8400B0095E6_1_105_c.jpeg"
    ],
    "ultima_modificacion": "2025-08-01 01:01:01.155648"
  },
  "7789cfafbbc241628e7f30867361aa7d1105c.jpeg": {
    "app_sintetizada": "7789CFAFBBC241628E7F30867361AA7D1105C.JPEG",
    "cantidad_archivos": 1,
    "archivos_fuente": [
      "Pictures/Fototeca de Fotos.photoslibrary/resources/derivatives/7/7789CFAF-BBC2-4162-8E7F-30867361AA7D_1_105_c.jpeg"
    ],
    "ultima_modificacion": "2025-08-01 01:01:01.155985"
  },
  "7e46685a45a54258bee3772a634e33d01105c.jpeg": {
    "app_sintetizada": "7E46685A45A54258BEE3772A634E33D01105C.JPEG",
    "cantidad_archivos": 1,
    "archivos_fuente": [
      "Pictures/Fototeca de Fotos.photoslibrary/resources/derivatives/7/7E46685A-45A5-4258-BEE3-772A634E33D0_1_105_c.jpeg"
    ],
    "ultima_modificacion": "2025-08-01 01:01:01.156294"
  },
  "78789ca36b4345cfa217ccf622fc33fd1105c.jpeg": {
    "app_sintetizada": "78789CA36B4345CFA217CCF622FC33FD1105C.JPEG",
    "cantidad_archivos": 1,
    "archivos_fuente": [
      "Pictures/Fototeca de Fotos.photoslibrary/resources/derivatives/7/78789CA3-6B43-45CF-A217-CCF622FC33FD_1_105_c.jpeg"
    ],
    "ultima_modificacion": "2025-08-01 01:01:01.156592"
  },
  "736d2efe0d2a4429b53533b20ae182c71105c.jpeg": {
    "app_sintetizada": "736D2EFE0D2A4429B53533B20AE182C71105C.JPEG",
    "cantidad_archivos": 1,
    "archivos_fuente": [
      "Pictures/Fototeca de Fotos.photoslibrary/resources/derivatives/7/736D2EFE-0D2A-4429-B535-33B20AE182C7_1_105_c.jpeg"
    ],
    "ultima_modificacion": "2025-08-01 01:01:01.156896"
  },
  "7c09c6e67bdd43639701469792abfeb41105c.jpeg": {
    "app_sintetizada": "7C09C6E67BDD43639701469792ABFEB41105C.JPEG",
    "cantidad_archivos": 1,
    "archivos_fuente": [
      "Pictures/Fototeca de Fotos.photoslibrary/resources/derivatives/7/7C09C6E6-7BDD-4363-9701-469792ABFEB4_1_105_c.jpeg"
    ],
    "ultima_modificacion": "2025-08-01 01:01:01.157199"
  },
  "762343c8c37c4321a00489edba2c39571105c.jpeg": {
    "app_sintetizada": "762343C8C37C4321A00489EDBA2C39571105C.JPEG",
    "cantidad_archivos": 1,
    "archivos_fuente": [
      "Pictures/Fototeca de Fotos.photoslibrary/resources/derivatives/7/762343C8-C37C-4321-A004-89EDBA2C3957_1_105_c.jpeg"
    ],
    "ultima_modificacion": "2025-08-01 01:01:01.157501"
  },
  "7a89d9383ba040499e9ecd131049292a1105c.jpeg": {
    "app_sintetizada": "7A89D9383BA040499E9ECD131049292A1105C.JPEG",
    "cantidad_archivos": 1,
    "archivos_fuente": [
      "Pictures/Fototeca de Fotos.photoslibrary/resources/derivatives/7/7A89D938-3BA0-4049-9E9E-CD131049292A_1_105_c.jpeg"
    ],
    "ultima_modificacion": "2025-08-01 01:01:01.157803"
  },
  "7f028313da6b461b80f4f7053596d8011105c.jpeg": {
    "app_sintetizada": "7F028313DA6B461B80F4F7053596D8011105C.JPEG",
    "cantidad_archivos": 1,
    "archivos_fuente": [
      "Pictures/Fototeca de Fotos.photoslibrary/resources/derivatives/7/7F028313-DA6B-461B-80F4-F7053596D801_1_105_c.jpeg"
    ],
    "ultima_modificacion": "2025-08-01 01:01:01.158144"
  },
  "7e3afa8bd85b4932bbcd8c259d6e05b31105c.jpeg": {
    "app_sintetizada": "7E3AFA8BD85B4932BBCD8C259D6E05B31105C.JPEG",
    "cantidad_archivos": 1,
    "archivos_fuente": [
      "Pictures/Fototeca de Fotos.photoslibrary/resources/derivatives/7/7E3AFA8B-D85B-4932-BBCD-8C259D6E05B3_1_105_c.jpeg"
    ],
    "ultima_modificacion": "2025-08-01 01:01:01.158490"
  },
  "743d0392082e49dcbf4fc5fda265491d1105c.jpeg": {
    "app_sintetizada": "743D0392082E49DCBF4FC5FDA265491D1105C.JPEG",
    "cantidad_archivos": 1,
    "archivos_fuente": [
      "Pictures/Fototeca de Fotos.photoslibrary/resources/derivatives/7/743D0392-082E-49DC-BF4F-C5FDA265491D_1_105_c.jpeg"
    ],
    "ultima_modificacion": "2025-08-01 01:01:01.158827"
  },
  "7865fc7b0d504efcb0857ae7a9e88cf61105c.jpeg": {
    "app_sintetizada": "7865FC7B0D504EFCB0857AE7A9E88CF61105C.JPEG",
    "cantidad_archivos": 1,
    "archivos_fuente": [
      "Pictures/Fototeca de Fotos.photoslibrary/resources/derivatives/7/7865FC7B-0D50-4EFC-B085-7AE7A9E88CF6_1_105_c.jpeg"
    ],
    "ultima_modificacion": "2025-08-01 01:01:01.159166"
  },
  "7bf5334c38bb4798b622f3d1bb1fa32a1105c.jpeg": {
    "app_sintetizada": "7BF5334C38BB4798B622F3D1BB1FA32A1105C.JPEG",
    "cantidad_archivos": 1,
    "archivos_fuente": [
      "Pictures/Fototeca de Fotos.photoslibrary/resources/derivatives/7/7BF5334C-38BB-4798-B622-F3D1BB1FA32A_1_105_c.jpeg"
    ],
    "ultima_modificacion": "2025-08-01 01:01:01.159477"
  },
  "749de42c923b4b3fbe9a048489eaf1aa1105c.jpeg": {
    "app_sintetizada": "749DE42C923B4B3FBE9A048489EAF1AA1105C.JPEG",
    "cantidad_archivos": 1,
    "archivos_fuente": [
      "Pictures/Fototeca de Fotos.photoslibrary/resources/derivatives/7/749DE42C-923B-4B3F-BE9A-048489EAF1AA_1_105_c.jpeg"
    ],
    "ultima_modificacion": "2025-08-01 01:01:01.159800"
  },
  "7195f7c55a7d4b12bca53a1e71c81d16.thm": {
    "app_sintetizada": "7195F7C55A7D4B12BCA53A1E71C81D16.THM",
    "cantidad_archivos": 1,
    "archivos_fuente": [
      "Pictures/Fototeca de Fotos.photoslibrary/resources/derivatives/7/7195F7C5-5A7D-4B12-BCA5-3A1E71C81D16.THM"
    ],
    "ultima_modificacion": "2025-08-01 01:01:01.160093"
  },
  "7e1509db17854c68aaa532fa3d85deca1105c.jpeg": {
    "app_sintetizada": "7E1509DB17854C68AAA532FA3D85DECA1105C.JPEG",
    "cantidad_archivos": 1,
    "archivos_fuente": [
      "Pictures/Fototeca de Fotos.photoslibrary/resources/derivatives/7/7E1509DB-1785-4C68-AAA5-32FA3D85DECA_1_105_c.jpeg"
    ],
    "ultima_modificacion": "2025-08-01 01:01:01.160384"
  },
  "73f6b133a0e8498b9a62f9e5569fc2171100o.jpeg": {
    "app_sintetizada": "73F6B133A0E8498B9A62F9E5569FC2171100O.JPEG",
    "cantidad_archivos": 1,
    "archivos_fuente": [
      "Pictures/Fototeca de Fotos.photoslibrary/resources/derivatives/7/73F6B133-A0E8-498B-9A62-F9E5569FC217_1_100_o.jpeg"
    ],
    "ultima_modificacion": "2025-08-01 01:01:01.160686"
  },
  "7ccca99f1355494391a007bf56a057451105c.jpeg": {
    "app_sintetizada": "7CCCA99F1355494391A007BF56A057451105C.JPEG",
    "cantidad_archivos": 1,
    "archivos_fuente": [
      "Pictures/Fototeca de Fotos.photoslibrary/resources/derivatives/7/7CCCA99F-1355-4943-91A0-07BF56A05745_1_105_c.jpeg"
    ],
    "ultima_modificacion": "2025-08-01 01:01:01.160982"
  },
  "7dc293a5b4be4c108a2a32d42ba1b1871105c.jpeg": {
    "app_sintetizada": "7DC293A5B4BE4C108A2A32D42BA1B1871105C.JPEG",
    "cantidad_archivos": 1,
    "archivos_fuente": [
      "Pictures/Fototeca de Fotos.photoslibrary/resources/derivatives/7/7DC293A5-B4BE-4C10-8A2A-32D42BA1B187_1_105_c.jpeg"
    ],
    "ultima_modificacion": "2025-08-01 01:01:01.161301"
  },
  "7b365228a2814a3fb515f0f71ce368321105c.jpeg": {
    "app_sintetizada": "7B365228A2814A3FB515F0F71CE368321105C.JPEG",
    "cantidad_archivos": 1,
    "archivos_fuente": [
      "Pictures/Fototeca de Fotos.photoslibrary/resources/derivatives/7/7B365228-A281-4A3F-B515-F0F71CE36832_1_105_c.jpeg"
    ],
    "ultima_modificacion": "2025-08-01 01:01:01.161641"
  },
  "70dd700976134bd88589d448af0ced1a1105c.jpeg": {
    "app_sintetizada": "70DD700976134BD88589D448AF0CED1A1105C.JPEG",
    "cantidad_archivos": 1,
    "archivos_fuente": [
      "Pictures/Fototeca de Fotos.photoslibrary/resources/derivatives/7/70DD7009-7613-4BD8-8589-D448AF0CED1A_1_105_c.jpeg"
    ],
    "ultima_modificacion": "2025-08-01 01:01:01.161976"
  },
  "76c35cc01e4a486d8063ce94fcf0b5681105c.jpeg": {
    "app_sintetizada": "76C35CC01E4A486D8063CE94FCF0B5681105C.JPEG",
    "cantidad_archivos": 1,
    "archivos_fuente": [
      "Pictures/Fototeca de Fotos.photoslibrary/resources/derivatives/7/76C35CC0-1E4A-486D-8063-CE94FCF0B568_1_105_c.jpeg"
    ],
    "ultima_modificacion": "2025-08-01 01:01:01.162312"
  },
  "70b423b99add4e5a89308cbe7e7944131105c.jpeg": {
    "app_sintetizada": "70B423B99ADD4E5A89308CBE7E7944131105C.JPEG",
    "cantidad_archivos": 1,
    "archivos_fuente": [
      "Pictures/Fototeca de Fotos.photoslibrary/resources/derivatives/7/70B423B9-9ADD-4E5A-8930-8CBE7E794413_1_105_c.jpeg"
    ],
    "ultima_modificacion": "2025-08-01 01:01:01.162652"
  },
  "73918ca86b0d49798d4035f4d96644521105c.jpeg": {
    "app_sintetizada": "73918CA86B0D49798D4035F4D96644521105C.JPEG",
    "cantidad_archivos": 1,
    "archivos_fuente": [
      "Pictures/Fototeca de Fotos.photoslibrary/resources/derivatives/7/73918CA8-6B0D-4979-8D40-35F4D9664452_1_105_c.jpeg"
    ],
    "ultima_modificacion": "2025-08-01 01:01:01.162965"
  },
  "772c1016de784a2984b4a1bf8135cbc91105c.jpeg": {
    "app_sintetizada": "772C1016DE784A2984B4A1BF8135CBC91105C.JPEG",
    "cantidad_archivos": 1,
    "archivos_fuente": [
      "Pictures/Fototeca de Fotos.photoslibrary/resources/derivatives/7/772C1016-DE78-4A29-84B4-A1BF8135CBC9_1_105_c.jpeg"
    ],
    "ultima_modificacion": "2025-08-01 01:01:01.163252"
  },
  "7fae6e3a65254903af5ed57be514dec9.thm": {
    "app_sintetizada": "7FAE6E3A65254903AF5ED57BE514DEC9.THM",
    "cantidad_archivos": 1,
    "archivos_fuente": [
      "Pictures/Fototeca de Fotos.photoslibrary/resources/derivatives/7/7FAE6E3A-6525-4903-AF5E-D57BE514DEC9.THM"
    ],
    "ultima_modificacion": "2025-08-01 01:01:01.163484"
  },
  "756340b4eeaf40c3b8ed546661fda09f1105c.jpeg": {
    "app_sintetizada": "756340B4EEAF40C3B8ED546661FDA09F1105C.JPEG",
    "cantidad_archivos": 1,
    "archivos_fuente": [
      "Pictures/Fototeca de Fotos.photoslibrary/resources/derivatives/7/756340B4-EEAF-40C3-B8ED-546661FDA09F_1_105_c.jpeg"
    ],
    "ultima_modificacion": "2025-08-01 01:01:01.163731"
  },
  "75ce9a3572b94bcb9f4f3dd95ea62a2c1105c.jpeg": {
    "app_sintetizada": "75CE9A3572B94BCB9F4F3DD95EA62A2C1105C.JPEG",
    "cantidad_archivos": 1,
    "archivos_fuente": [
      "Pictures/Fototeca de Fotos.photoslibrary/resources/derivatives/7/75CE9A35-72B9-4BCB-9F4F-3DD95EA62A2C_1_105_c.jpeg"
    ],
    "ultima_modificacion": "2025-08-01 01:01:01.164072"
  },
  "70908e68956240d38f8cf320ee5ba86b1105c.jpeg": {
    "app_sintetizada": "70908E68956240D38F8CF320EE5BA86B1105C.JPEG",
    "cantidad_archivos": 1,
    "archivos_fuente": [
      "Pictures/Fototeca de Fotos.photoslibrary/resources/derivatives/7/70908E68-9562-40D3-8F8C-F320EE5BA86B_1_105_c.jpeg"
    ],
    "ultima_modificacion": "2025-08-01 01:01:01.164414"
  },
  "7728b1782480475d975bc7fccdbe01961102o.jpeg": {
    "app_sintetizada": "7728B1782480475D975BC7FCCDBE01961102O.JPEG",
    "cantidad_archivos": 1,
    "archivos_fuente": [
      "Pictures/Fototeca de Fotos.photoslibrary/resources/derivatives/7/7728B178-2480-475D-975B-C7FCCDBE0196_1_102_o.jpeg"
    ],
    "ultima_modificacion": "2025-08-01 01:01:01.164763"
  },
  "79c12d271b0849adb2092e04931da2aa1105c.jpeg": {
    "app_sintetizada": "79C12D271B0849ADB2092E04931DA2AA1105C.JPEG",
    "cantidad_archivos": 1,
    "archivos_fuente": [
      "Pictures/Fototeca de Fotos.photoslibrary/resources/derivatives/7/79C12D27-1B08-49AD-B209-2E04931DA2AA_1_105_c.jpeg"
    ],
    "ultima_modificacion": "2025-08-01 01:01:01.165099"
  },
  "75e8c949b22048d7af2ef64de24a733a1105c.jpeg": {
    "app_sintetizada": "75E8C949B22048D7AF2EF64DE24A733A1105C.JPEG",
    "cantidad_archivos": 1,
    "archivos_fuente": [
      "Pictures/Fototeca de Fotos.photoslibrary/resources/derivatives/7/75E8C949-B220-48D7-AF2E-F64DE24A733A_1_105_c.jpeg"
    ],
    "ultima_modificacion": "2025-08-01 01:01:01.165416"
  },
  "7e9a2eb05bd4407dafd9804c1ef6c79c1105c.jpeg": {
    "app_sintetizada": "7E9A2EB05BD4407DAFD9804C1EF6C79C1105C.JPEG",
    "cantidad_archivos": 1,
    "archivos_fuente": [
      "Pictures/Fototeca de Fotos.photoslibrary/resources/derivatives/7/7E9A2EB0-5BD4-407D-AFD9-804C1EF6C79C_1_105_c.jpeg"
    ],
    "ultima_modificacion": "2025-08-01 01:01:01.165720"
  },
  "777fd5507c2a40c39a648b4470acc9ed1105c.jpeg": {
    "app_sintetizada": "777FD5507C2A40C39A648B4470ACC9ED1105C.JPEG",
    "cantidad_archivos": 1,
    "archivos_fuente": [
      "Pictures/Fototeca de Fotos.photoslibrary/resources/derivatives/7/777FD550-7C2A-40C3-9A64-8B4470ACC9ED_1_105_c.jpeg"
    ],
    "ultima_modificacion": "2025-08-01 01:01:01.166071"
  },
  "7a7d7fc4fc9c45c3ae39d7425e1a8b281105c.jpeg": {
    "app_sintetizada": "7A7D7FC4FC9C45C3AE39D7425E1A8B281105C.JPEG",
    "cantidad_archivos": 1,
    "archivos_fuente": [
      "Pictures/Fototeca de Fotos.photoslibrary/resources/derivatives/7/7A7D7FC4-FC9C-45C3-AE39-D7425E1A8B28_1_105_c.jpeg"
    ],
    "ultima_modificacion": "2025-08-01 01:01:01.166410"
  },
  "77e6976577fd4a208c4ea77e074133031105c.jpeg": {
    "app_sintetizada": "77E6976577FD4A208C4EA77E074133031105C.JPEG",
    "cantidad_archivos": 1,
    "archivos_fuente": [
      "Pictures/Fototeca de Fotos.photoslibrary/resources/derivatives/7/77E69765-77FD-4A20-8C4E-A77E07413303_1_105_c.jpeg"
    ],
    "ultima_modificacion": "2025-08-01 01:01:01.166738"
  },
  "7d23cd9815ae47a18bc9f18eb99e5be31105c.jpeg": {
    "app_sintetizada": "7D23CD9815AE47A18BC9F18EB99E5BE31105C.JPEG",
    "cantidad_archivos": 1,
    "archivos_fuente": [
      "Pictures/Fototeca de Fotos.photoslibrary/resources/derivatives/7/7D23CD98-15AE-47A1-8BC9-F18EB99E5BE3_1_105_c.jpeg"
    ],
    "ultima_modificacion": "2025-08-01 01:01:01.167077"
  },
  "7abc70293161477abc37f5dd1bca55881102o.jpeg": {
    "app_sintetizada": "7ABC70293161477ABC37F5DD1BCA55881102O.JPEG",
    "cantidad_archivos": 1,
    "archivos_fuente": [
      "Pictures/Fototeca de Fotos.photoslibrary/resources/derivatives/7/7ABC7029-3161-477A-BC37-F5DD1BCA5588_1_102_o.jpeg"
    ],
    "ultima_modificacion": "2025-08-01 01:01:01.167344"
  },
  "7ca470fa44394c63b2ed13e3251221e71105c.jpeg": {
    "app_sintetizada": "7CA470FA44394C63B2ED13E3251221E71105C.JPEG",
    "cantidad_archivos": 1,
    "archivos_fuente": [
      "Pictures/Fototeca de Fotos.photoslibrary/resources/derivatives/7/7CA470FA-4439-4C63-B2ED-13E3251221E7_1_105_c.jpeg"
    ],
    "ultima_modificacion": "2025-08-01 01:01:01.167594"
  },
  "718037243ae540018de1a3eab7edcdad1105c.jpeg": {
    "app_sintetizada": "718037243AE540018DE1A3EAB7EDCDAD1105C.JPEG",
    "cantidad_archivos": 1,
    "archivos_fuente": [
      "Pictures/Fototeca de Fotos.photoslibrary/resources/derivatives/7/71803724-3AE5-4001-8DE1-A3EAB7EDCDAD_1_105_c.jpeg"
    ],
    "ultima_modificacion": "2025-08-01 01:01:01.167854"
  },
  "7db4cf68442342a0975b4875968013e31105c.jpeg": {
    "app_sintetizada": "7DB4CF68442342A0975B4875968013E31105C.JPEG",
    "cantidad_archivos": 1,
    "archivos_fuente": [
      "Pictures/Fototeca de Fotos.photoslibrary/resources/derivatives/7/7DB4CF68-4423-42A0-975B-4875968013E3_1_105_c.jpeg"
    ],
    "ultima_modificacion": "2025-08-01 01:01:01.168166"
  },
  "781c7d2741aa4b8dba2790fecad132121105c.jpeg": {
    "app_sintetizada": "781C7D2741AA4B8DBA2790FECAD132121105C.JPEG",
    "cantidad_archivos": 1,
    "archivos_fuente": [
      "Pictures/Fototeca de Fotos.photoslibrary/resources/derivatives/7/781C7D27-41AA-4B8D-BA27-90FECAD13212_1_105_c.jpeg"
    ],
    "ultima_modificacion": "2025-08-01 01:01:01.168518"
  },
  "7882e0e519a04c8bb97cf221e14f01591105c.jpeg": {
    "app_sintetizada": "7882E0E519A04C8BB97CF221E14F01591105C.JPEG",
    "cantidad_archivos": 1,
    "archivos_fuente": [
      "Pictures/Fototeca de Fotos.photoslibrary/resources/derivatives/7/7882E0E5-19A0-4C8B-B97C-F221E14F0159_1_105_c.jpeg"
    ],
    "ultima_modificacion": "2025-08-01 01:01:01.168782"
  },
  "730befbd0b0c432a814475433bd0d3f11105c.jpeg": {
    "app_sintetizada": "730BEFBD0B0C432A814475433BD0D3F11105C.JPEG",
    "cantidad_archivos": 1,
    "archivos_fuente": [
      "Pictures/Fototeca de Fotos.photoslibrary/resources/derivatives/7/730BEFBD-0B0C-432A-8144-75433BD0D3F1_1_105_c.jpeg"
    ],
    "ultima_modificacion": "2025-08-01 01:01:01.169148"
  },
  "790fb88a094141019fa960e7f7c65b841105c.jpeg": {
    "app_sintetizada": "790FB88A094141019FA960E7F7C65B841105C.JPEG",
    "cantidad_archivos": 1,
    "archivos_fuente": [
      "Pictures/Fototeca de Fotos.photoslibrary/resources/derivatives/7/790FB88A-0941-4101-9FA9-60E7F7C65B84_1_105_c.jpeg"
    ],
    "ultima_modificacion": "2025-08-01 01:01:01.169386"
  },
  "7def386f1b47475b8a297389a1a7f6fc1105c.jpeg": {
    "app_sintetizada": "7DEF386F1B47475B8A297389A1A7F6FC1105C.JPEG",
    "cantidad_archivos": 1,
    "archivos_fuente": [
      "Pictures/Fototeca de Fotos.photoslibrary/resources/derivatives/7/7DEF386F-1B47-475B-8A29-7389A1A7F6FC_1_105_c.jpeg"
    ],
    "ultima_modificacion": "2025-08-01 01:01:01.169600"
  },
  "71e6ca227e83482ba6a1077ed7ddb1d71105c.jpeg": {
    "app_sintetizada": "71E6CA227E83482BA6A1077ED7DDB1D71105C.JPEG",
    "cantidad_archivos": 1,
    "archivos_fuente": [
      "Pictures/Fototeca de Fotos.photoslibrary/resources/derivatives/7/71E6CA22-7E83-482B-A6A1-077ED7DDB1D7_1_105_c.jpeg"
    ],
    "ultima_modificacion": "2025-08-01 01:01:01.169812"
  },
  "74d0a5ff047c421ca653273f761a34821105c.jpeg": {
    "app_sintetizada": "74D0A5FF047C421CA653273F761A34821105C.JPEG",
    "cantidad_archivos": 1,
    "archivos_fuente": [
      "Pictures/Fototeca de Fotos.photoslibrary/resources/derivatives/7/74D0A5FF-047C-421C-A653-273F761A3482_1_105_c.jpeg"
    ],
    "ultima_modificacion": "2025-08-01 01:01:01.170022"
  },
  "776d484714924295b6a3e8340b6a15931105c.jpeg": {
    "app_sintetizada": "776D484714924295B6A3E8340B6A15931105C.JPEG",
    "cantidad_archivos": 1,
    "archivos_fuente": [
      "Pictures/Fototeca de Fotos.photoslibrary/resources/derivatives/7/776D4847-1492-4295-B6A3-E8340B6A1593_1_105_c.jpeg"
    ],
    "ultima_modificacion": "2025-08-01 01:01:01.170223"
  },
  "71f2c107298e461486d8ff9868859c071105c.jpeg": {
    "app_sintetizada": "71F2C107298E461486D8FF9868859C071105C.JPEG",
    "cantidad_archivos": 1,
    "archivos_fuente": [
      "Pictures/Fototeca de Fotos.photoslibrary/resources/derivatives/7/71F2C107-298E-4614-86D8-FF9868859C07_1_105_c.jpeg"
    ],
    "ultima_modificacion": "2025-08-01 01:01:01.170410"
  },
  "7f4b4095065b45a7aa58b0dc463a42a61105c.jpeg": {
    "app_sintetizada": "7F4B4095065B45A7AA58B0DC463A42A61105C.JPEG",
    "cantidad_archivos": 1,
    "archivos_fuente": [
      "Pictures/Fototeca de Fotos.photoslibrary/resources/derivatives/7/7F4B4095-065B-45A7-AA58-B0DC463A42A6_1_105_c.jpeg"
    ],
    "ultima_modificacion": "2025-08-01 01:01:01.170611"
  }
}