{
  "048a4cef723e4e6c9c8abf6f1328aa201105c.jpeg": {
    "app_sintetizada": "048A4CEF723E4E6C9C8ABF6F1328AA201105C.JPEG",
    "cantidad_archivos": 1,
    "archivos_fuente": [
      "Pictures/Fototeca de Fotos.photoslibrary/resources/derivatives/0/048A4CEF-723E-4E6C-9C8A-BF6F1328AA20_1_105_c.jpeg"
    ],
    "ultima_modificacion": "2025-08-01 01:01:00.984926"
  },
  "008afd942ff04aeab5780a6f67b9eb701105c.jpeg": {
    "app_sintetizada": "008AFD942FF04AEAB5780A6F67B9EB701105C.JPEG",
    "cantidad_archivos": 1,
    "archivos_fuente": [
      "Pictures/Fototeca de Fotos.photoslibrary/resources/derivatives/0/008AFD94-2FF0-4AEA-B578-0A6F67B9EB70_1_105_c.jpeg"
    ],
    "ultima_modificacion": "2025-08-01 01:01:00.985183"
  },
  "086d51a5899b492f9d23295f3e0b001f1105c.jpeg": {
    "app_sintetizada": "086D51A5899B492F9D23295F3E0B001F1105C.JPEG",
    "cantidad_archivos": 1,
    "archivos_fuente": [
      "Pictures/Fototeca de Fotos.photoslibrary/resources/derivatives/0/086D51A5-899B-492F-9D23-295F3E0B001F_1_105_c.jpeg"
    ],
    "ultima_modificacion": "2025-08-01 01:01:00.985419"
  },
  "058751ce853c4836a385c55e62d3dc0f1105c.jpeg": {
    "app_sintetizada": "058751CE853C4836A385C55E62D3DC0F1105C.JPEG",
    "cantidad_archivos": 1,
    "archivos_fuente": [
      "Pictures/Fototeca de Fotos.photoslibrary/resources/derivatives/0/058751CE-853C-4836-A385-C55E62D3DC0F_1_105_c.jpeg"
    ],
    "ultima_modificacion": "2025-08-01 01:01:00.985676"
  },
  "0d83ddde18c9459a93235acd3ed52509.thm": {
    "app_sintetizada": "0D83DDDE18C9459A93235ACD3ED52509.THM",
    "cantidad_archivos": 1,
    "archivos_fuente": [
      "Pictures/Fototeca de Fotos.photoslibrary/resources/derivatives/0/0D83DDDE-18C9-459A-9323-5ACD3ED52509.THM"
    ],
    "ultima_modificacion": "2025-08-01 01:01:00.985979"
  },
  "0d91146b6f1a4a3db3561ce9ae9567141105c.jpeg": {
    "app_sintetizada": "0D91146B6F1A4A3DB3561CE9AE9567141105C.JPEG",
    "cantidad_archivos": 1,
    "archivos_fuente": [
      "Pictures/Fototeca de Fotos.photoslibrary/resources/derivatives/0/0D91146B-6F1A-4A3D-B356-1CE9AE956714_1_105_c.jpeg"
    ],
    "ultima_modificacion": "2025-08-01 01:01:00.986316"
  },
  "0411d29b448b4c3a84a84f66ca6846581105c.jpeg": {
    "app_sintetizada": "0411D29B448B4C3A84A84F66CA6846581105C.JPEG",
    "cantidad_archivos": 1,
    "archivos_fuente": [
      "Pictures/Fototeca de Fotos.photoslibrary/resources/derivatives/0/0411D29B-448B-4C3A-84A8-4F66CA684658_1_105_c.jpeg"
    ],
    "ultima_modificacion": "2025-08-01 01:01:00.986617"
  },
  "0a1ad76028424082a8d833745df1e7e61105c.jpeg": {
    "app_sintetizada": "0A1AD76028424082A8D833745DF1E7E61105C.JPEG",
    "cantidad_archivos": 1,
    "archivos_fuente": [
      "Pictures/Fototeca de Fotos.photoslibrary/resources/derivatives/0/0A1AD760-2842-4082-A8D8-33745DF1E7E6_1_105_c.jpeg"
    ],
    "ultima_modificacion": "2025-08-01 01:01:00.986901"
  },
  "0d345a1fb588418facc33bfa93339e021105c.jpeg": {
    "app_sintetizada": "0D345A1FB588418FACC33BFA93339E021105C.JPEG",
    "cantidad_archivos": 1,
    "archivos_fuente": [
      "Pictures/Fototeca de Fotos.photoslibrary/resources/derivatives/0/0D345A1F-B588-418F-ACC3-3BFA93339E02_1_105_c.jpeg"
    ],
    "ultima_modificacion": "2025-08-01 01:01:00.987176"
  },
  "01e4668b48bb4b5ab196746d6bb578871105c.jpeg": {
    "app_sintetizada": "01E4668B48BB4B5AB196746D6BB578871105C.JPEG",
    "cantidad_archivos": 1,
    "archivos_fuente": [
      "Pictures/Fototeca de Fotos.photoslibrary/resources/derivatives/0/01E4668B-48BB-4B5A-B196-746D6BB57887_1_105_c.jpeg"
    ],
    "ultima_modificacion": "2025-08-01 01:01:00.987483"
  },
  "06b0b551940249c7ae5aec0aa465a0331105c.jpeg": {
    "app_sintetizada": "06B0B551940249C7AE5AEC0AA465A0331105C.JPEG",
    "cantidad_archivos": 1,
    "archivos_fuente": [
      "Pictures/Fototeca de Fotos.photoslibrary/resources/derivatives/0/06B0B551-9402-49C7-AE5A-EC0AA465A033_1_105_c.jpeg"
    ],
    "ultima_modificacion": "2025-08-01 01:01:00.987781"
  },
  "0e1c23ed5194456ca4cc86a785e197d41105c.jpeg": {
    "app_sintetizada": "0E1C23ED5194456CA4CC86A785E197D41105C.JPEG",
    "cantidad_archivos": 1,
    "archivos_fuente": [
      "Pictures/Fototeca de Fotos.photoslibrary/resources/derivatives/0/0E1C23ED-5194-456C-A4CC-86A785E197D4_1_105_c.jpeg"
    ],
    "ultima_modificacion": "2025-08-01 01:01:00.988080"
  },
  "0039f1ff6b8b44b5b3210f1960b7e2291105c.jpeg": {
    "app_sintetizada": "0039F1FF6B8B44B5B3210F1960B7E2291105C.JPEG",
    "cantidad_archivos": 1,
    "archivos_fuente": [
      "Pictures/Fototeca de Fotos.photoslibrary/resources/derivatives/0/0039F1FF-6B8B-44B5-B321-0F1960B7E229_1_105_c.jpeg"
    ],
    "ultima_modificacion": "2025-08-01 01:01:00.988372"
  },
  "040169a25c5146d4b818cd3642a718d71105c.jpeg": {
    "app_sintetizada": "040169A25C5146D4B818CD3642A718D71105C.JPEG",
    "cantidad_archivos": 1,
    "archivos_fuente": [
      "Pictures/Fototeca de Fotos.photoslibrary/resources/derivatives/0/040169A2-5C51-46D4-B818-CD3642A718D7_1_105_c.jpeg"
    ],
    "ultima_modificacion": "2025-08-01 01:01:00.988642"
  },
  "0dbced5717914c47b14ee025b3f535901105c.jpeg": {
    "app_sintetizada": "0DBCED5717914C47B14EE025B3F535901105C.JPEG",
    "cantidad_archivos": 1,
    "archivos_fuente": [
      "Pictures/Fototeca de Fotos.photoslibrary/resources/derivatives/0/0DBCED57-1791-4C47-B14E-E025B3F53590_1_105_c.jpeg"
    ],
    "ultima_modificacion": "2025-08-01 01:01:00.989099"
  },
  "0b3897b0900f4cbba444ec9903ef3a341105c.jpeg": {
    "app_sintetizada": "0B3897B0900F4CBBA444EC9903EF3A341105C.JPEG",
    "cantidad_archivos": 1,
    "archivos_fuente": [
      "Pictures/Fototeca de Fotos.photoslibrary/resources/derivatives/0/0B3897B0-900F-4CBB-A444-EC9903EF3A34_1_105_c.jpeg"
    ],
    "ultima_modificacion": "2025-08-01 01:01:00.989455"
  },
  "0204fd602958402dad61aa9bf1409fc41105c.jpeg": {
    "app_sintetizada": "0204FD602958402DAD61AA9BF1409FC41105C.JPEG",
    "cantidad_archivos": 1,
    "archivos_fuente": [
      "Pictures/Fototeca de Fotos.photoslibrary/resources/derivatives/0/0204FD60-2958-402D-AD61-AA9BF1409FC4_1_105_c.jpeg"
    ],
    "ultima_modificacion": "2025-08-01 01:01:00.989825"
  },
  "01252d1070dd43c39522c35b94ea22241105c.jpeg": {
    "app_sintetizada": "01252D1070DD43C39522C35B94EA22241105C.JPEG",
    "cantidad_archivos": 1,
    "archivos_fuente": [
      "Pictures/Fototeca de Fotos.photoslibrary/resources/derivatives/0/01252D10-70DD-43C3-9522-C35B94EA2224_1_105_c.jpeg"
    ],
    "ultima_modificacion": "2025-08-01 01:01:00.990147"
  },
  "0c97b2e25a83401da28682055cd991711105c.jpeg": {
    "app_sintetizada": "0C97B2E25A83401DA28682055CD991711105C.JPEG",
    "cantidad_archivos": 1,
    "archivos_fuente": [
      "Pictures/Fototeca de Fotos.photoslibrary/resources/derivatives/0/0C97B2E2-5A83-401D-A286-82055CD99171_1_105_c.jpeg"
    ],
    "ultima_modificacion": "2025-08-01 01:01:00.990475"
  },
  "0327500057ce48a1a785545d09576ac4.thm": {
    "app_sintetizada": "0327500057CE48A1A785545D09576AC4.THM",
    "cantidad_archivos": 1,
    "archivos_fuente": [
      "Pictures/Fototeca de Fotos.photoslibrary/resources/derivatives/0/03275000-57CE-48A1-A785-545D09576AC4.THM"
    ],
    "ultima_modificacion": "2025-08-01 01:01:00.990794"
  },
  "05f8d8aa9761452b86738ce3fb6e9b1e1105c.jpeg": {
    "app_sintetizada": "05F8D8AA9761452B86738CE3FB6E9B1E1105C.JPEG",
    "cantidad_archivos": 1,
    "archivos_fuente": [
      "Pictures/Fototeca de Fotos.photoslibrary/resources/derivatives/0/05F8D8AA-9761-452B-8673-8CE3FB6E9B1E_1_105_c.jpeg"
    ],
    "ultima_modificacion": "2025-08-01 01:01:00.991127"
  },
  "07ec9e57149f48e6a0a5f22f2c1dceac1105c.jpeg": {
    "app_sintetizada": "07EC9E57149F48E6A0A5F22F2C1DCEAC1105C.JPEG",
    "cantidad_archivos": 1,
    "archivos_fuente": [
      "Pictures/Fototeca de Fotos.photoslibrary/resources/derivatives/0/07EC9E57-149F-48E6-A0A5-F22F2C1DCEAC_1_105_c.jpeg"
    ],
    "ultima_modificacion": "2025-08-01 01:01:00.991534"
  },
  "061cea5c7012409d868fd0d2624b82531105c.jpeg": {
    "app_sintetizada": "061CEA5C7012409D868FD0D2624B82531105C.JPEG",
    "cantidad_archivos": 1,
    "archivos_fuente": [
      "Pictures/Fototeca de Fotos.photoslibrary/resources/derivatives/0/061CEA5C-7012-409D-868F-D0D2624B8253_1_105_c.jpeg"
    ],
    "ultima_modificacion": "2025-08-01 01:01:00.991856"
  },
  "0c9fc396c60c4b5191c69e051dfe7cfb1105c.jpeg": {
    "app_sintetizada": "0C9FC396C60C4B5191C69E051DFE7CFB1105C.JPEG",
    "cantidad_archivos": 1,
    "archivos_fuente": [
      "Pictures/Fototeca de Fotos.photoslibrary/resources/derivatives/0/0C9FC396-C60C-4B51-91C6-9E051DFE7CFB_1_105_c.jpeg"
    ],
    "ultima_modificacion": "2025-08-01 01:01:00.992181"
  },
  "0390159995d5414a8ccd9769f72c8ccd1105c.jpeg": {
    "app_sintetizada": "0390159995D5414A8CCD9769F72C8CCD1105C.JPEG",
    "cantidad_archivos": 1,
    "archivos_fuente": [
      "Pictures/Fototeca de Fotos.photoslibrary/resources/derivatives/0/03901599-95D5-414A-8CCD-9769F72C8CCD_1_105_c.jpeg"
    ],
    "ultima_modificacion": "2025-08-01 01:01:00.992523"
  },
  "059c6b653759452086bdccd9c2b2d38b1105c.jpeg": {
    "app_sintetizada": "059C6B653759452086BDCCD9C2B2D38B1105C.JPEG",
    "cantidad_archivos": 1,
    "archivos_fuente": [
      "Pictures/Fototeca de Fotos.photoslibrary/resources/derivatives/0/059C6B65-3759-4520-86BD-CCD9C2B2D38B_1_105_c.jpeg"
    ],
    "ultima_modificacion": "2025-08-01 01:01:00.992863"
  },
  "098f09c6bfc44debabd029726401b89a1105c.jpeg": {
    "app_sintetizada": "098F09C6BFC44DEBABD029726401B89A1105C.JPEG",
    "cantidad_archivos": 1,
    "archivos_fuente": [
      "Pictures/Fototeca de Fotos.photoslibrary/resources/derivatives/0/098F09C6-BFC4-4DEB-ABD0-29726401B89A_1_105_c.jpeg"
    ],
    "ultima_modificacion": "2025-08-01 01:01:00.993318"
  },
  "0fd89c6c92694ba4bc472fbb4e8617f71105c.jpeg": {
    "app_sintetizada": "0FD89C6C92694BA4BC472FBB4E8617F71105C.JPEG",
    "cantidad_archivos": 1,
    "archivos_fuente": [
      "Pictures/Fototeca de Fotos.photoslibrary/resources/derivatives/0/0FD89C6C-9269-4BA4-BC47-2FBB4E8617F7_1_105_c.jpeg"
    ],
    "ultima_modificacion": "2025-08-01 01:01:00.993702"
  },
  "0d84e2b2af5945f29891a0196df43c87.thm": {
    "app_sintetizada": "0D84E2B2AF5945F29891A0196DF43C87.THM",
    "cantidad_archivos": 1,
    "archivos_fuente": [
      "Pictures/Fototeca de Fotos.photoslibrary/resources/derivatives/0/0D84E2B2-AF59-45F2-9891-A0196DF43C87.THM"
    ],
    "ultima_modificacion": "2025-08-01 01:01:00.994014"
  },
  "04f9bd852a484f609c02d2f92a4d3b2b.thm": {
    "app_sintetizada": "04F9BD852A484F609C02D2F92A4D3B2B.THM",
    "cantidad_archivos": 1,
    "archivos_fuente": [
      "Pictures/Fototeca de Fotos.photoslibrary/resources/derivatives/0/04F9BD85-2A48-4F60-9C02-D2F92A4D3B2B.THM"
    ],
    "ultima_modificacion": "2025-08-01 01:01:00.994330"
  },
  "0a3f5b861e964e9bb193120aef9924f91105c.jpeg": {
    "app_sintetizada": "0A3F5B861E964E9BB193120AEF9924F91105C.JPEG",
    "cantidad_archivos": 1,
    "archivos_fuente": [
      "Pictures/Fototeca de Fotos.photoslibrary/resources/derivatives/0/0A3F5B86-1E96-4E9B-B193-120AEF9924F9_1_105_c.jpeg"
    ],
    "ultima_modificacion": "2025-08-01 01:01:00.994666"
  },
  "064adba6189f40a7b8b9591386e0dab71105c.jpeg": {
    "app_sintetizada": "064ADBA6189F40A7B8B9591386E0DAB71105C.JPEG",
    "cantidad_archivos": 1,
    "archivos_fuente": [
      "Pictures/Fototeca de Fotos.photoslibrary/resources/derivatives/0/064ADBA6-189F-40A7-B8B9-591386E0DAB7_1_105_c.jpeg"
    ],
    "ultima_modificacion": "2025-08-01 01:01:00.995019"
  },
  "08472f758abd4c3dbbc254d7a2b0c5311105c.jpeg": {
    "app_sintetizada": "08472F758ABD4C3DBBC254D7A2B0C5311105C.JPEG",
    "cantidad_archivos": 1,
    "archivos_fuente": [
      "Pictures/Fototeca de Fotos.photoslibrary/resources/derivatives/0/08472F75-8ABD-4C3D-BBC2-54D7A2B0C531_1_105_c.jpeg"
    ],
    "ultima_modificacion": "2025-08-01 01:01:00.995344"
  },
  "0a9261cdd3754a28bfd75a8bca2478481105c.jpeg": {
    "app_sintetizada": "0A9261CDD3754A28BFD75A8BCA2478481105C.JPEG",
    "cantidad_archivos": 1,
    "archivos_fuente": [
      "Pictures/Fototeca de Fotos.photoslibrary/resources/derivatives/0/0A9261CD-D375-4A28-BFD7-5A8BCA247848_1_105_c.jpeg"
    ],
    "ultima_modificacion": "2025-08-01 01:01:00.995661"
  },
  "0b56458869fc43c287cb646d95b4bbc31105c.jpeg": {
    "app_sintetizada": "0B56458869FC43C287CB646D95B4BBC31105C.JPEG",
    "cantidad_archivos": 1,
    "archivos_fuente": [
      "Pictures/Fototeca de Fotos.photoslibrary/resources/derivatives/0/0B564588-69FC-43C2-87CB-646D95B4BBC3_1_105_c.jpeg"
    ],
    "ultima_modificacion": "2025-08-01 01:01:00.995933"
  },
  "0fedeb8f9b3e468eacfb7b076cf2b7f61105c.jpeg": {
    "app_sintetizada": "0FEDEB8F9B3E468EACFB7B076CF2B7F61105C.JPEG",
    "cantidad_archivos": 1,
    "archivos_fuente": [
      "Pictures/Fototeca de Fotos.photoslibrary/resources/derivatives/0/0FEDEB8F-9B3E-468E-ACFB-7B076CF2B7F6_1_105_c.jpeg"
    ],
    "ultima_modificacion": "2025-08-01 01:01:00.996226"
  },
  "0b943762c1fc42f3b65744e09c4effa41105c.jpeg": {
    "app_sintetizada": "0B943762C1FC42F3B65744E09C4EFFA41105C.JPEG",
    "cantidad_archivos": 1,
    "archivos_fuente": [
      "Pictures/Fototeca de Fotos.photoslibrary/resources/derivatives/0/0B943762-C1FC-42F3-B657-44E09C4EFFA4_1_105_c.jpeg"
    ],
    "ultima_modificacion": "2025-08-01 01:01:00.996514"
  },
  "03f235f5438f4006841c9237f46b60281105c.jpeg": {
    "app_sintetizada": "03F235F5438F4006841C9237F46B60281105C.JPEG",
    "cantidad_archivos": 1,
    "archivos_fuente": [
      "Pictures/Fototeca de Fotos.photoslibrary/resources/derivatives/0/03F235F5-438F-4006-841C-9237F46B6028_1_105_c.jpeg"
    ],
    "ultima_modificacion": "2025-08-01 01:01:00.996818"
  },
  "03fe6fa1ceca47bc8c5cceb0380bce2f1100o.jpeg": {
    "app_sintetizada": "03FE6FA1CECA47BC8C5CCEB0380BCE2F1100O.JPEG",
    "cantidad_archivos": 1,
    "archivos_fuente": [
      "Pictures/Fototeca de Fotos.photoslibrary/resources/derivatives/0/03FE6FA1-CECA-47BC-8C5C-CEB0380BCE2F_1_100_o.jpeg"
    ],
    "ultima_modificacion": "2025-08-01 01:01:00.997131"
  },
  "0b5a0d2ab38641769e53c041bc7fc5ae1100o.jpeg": {
    "app_sintetizada": "0B5A0D2AB38641769E53C041BC7FC5AE1100O.JPEG",
    "cantidad_archivos": 1,
    "archivos_fuente": [
      "Pictures/Fototeca de Fotos.photoslibrary/resources/derivatives/0/0B5A0D2A-B386-4176-9E53-C041BC7FC5AE_1_100_o.jpeg"
    ],
    "ultima_modificacion": "2025-08-01 01:01:00.997414"
  },
  "023a326febef4c498ea63a978db140b31105c.jpeg": {
    "app_sintetizada": "023A326FEBEF4C498EA63A978DB140B31105C.JPEG",
    "cantidad_archivos": 1,
    "archivos_fuente": [
      "Pictures/Fototeca de Fotos.photoslibrary/resources/derivatives/0/023A326F-EBEF-4C49-8EA6-3A978DB140B3_1_105_c.jpeg"
    ],
    "ultima_modificacion": "2025-08-01 01:01:00.997695"
  },
  "04e57f0531a640dcbaf802943207df351105c.jpeg": {
    "app_sintetizada": "04E57F0531A640DCBAF802943207DF351105C.JPEG",
    "cantidad_archivos": 1,
    "archivos_fuente": [
      "Pictures/Fototeca de Fotos.photoslibrary/resources/derivatives/0/04E57F05-31A6-40DC-BAF8-02943207DF35_1_105_c.jpeg"
    ],
    "ultima_modificacion": "2025-08-01 01:01:00.997987"
  },
  "0680db6f91a240e1b30fcab0621a5726.thm": {
    "app_sintetizada": "0680DB6F91A240E1B30FCAB0621A5726.THM",
    "cantidad_archivos": 1,
    "archivos_fuente": [
      "Pictures/Fototeca de Fotos.photoslibrary/resources/derivatives/0/0680DB6F-91A2-40E1-B30F-CAB0621A5726.THM"
    ],
    "ultima_modificacion": "2025-08-01 01:01:00.998284"
  },
  "000624369ef04d0da2f184ac4c2949d51105c.jpeg": {
    "app_sintetizada": "000624369EF04D0DA2F184AC4C2949D51105C.JPEG",
    "cantidad_archivos": 1,
    "archivos_fuente": [
      "Pictures/Fototeca de Fotos.photoslibrary/resources/derivatives/0/00062436-9EF0-4D0D-A2F1-84AC4C2949D5_1_105_c.jpeg"
    ],
    "ultima_modificacion": "2025-08-01 01:01:00.998603"
  },
  "05b176480c6140a4aaf34c77dc5a146f1105c.jpeg": {
    "app_sintetizada": "05B176480C6140A4AAF34C77DC5A146F1105C.JPEG",
    "cantidad_archivos": 1,
    "archivos_fuente": [
      "Pictures/Fototeca de Fotos.photoslibrary/resources/derivatives/0/05B17648-0C61-40A4-AAF3-4C77DC5A146F_1_105_c.jpeg"
    ],
    "ultima_modificacion": "2025-08-01 01:01:00.998908"
  },
  "0200a7c3eb434746b92f858b12d616fb.thm": {
    "app_sintetizada": "0200A7C3EB434746B92F858B12D616FB.THM",
    "cantidad_archivos": 1,
    "archivos_fuente": [
      "Pictures/Fototeca de Fotos.photoslibrary/resources/derivatives/0/0200A7C3-EB43-4746-B92F-858B12D616FB.THM"
    ],
    "ultima_modificacion": "2025-08-01 01:01:00.999203"
  },
  "07fee27df15245858921974ee727f97c1105c.jpeg": {
    "app_sintetizada": "07FEE27DF15245858921974EE727F97C1105C.JPEG",
    "cantidad_archivos": 1,
    "archivos_fuente": [
      "Pictures/Fototeca de Fotos.photoslibrary/resources/derivatives/0/07FEE27D-F152-4585-8921-974EE727F97C_1_105_c.jpeg"
    ],
    "ultima_modificacion": "2025-08-01 01:01:00.999490"
  },
  "0addee3a72164b769bd3ae2bacc019ce1105c.jpeg": {
    "app_sintetizada": "0ADDEE3A72164B769BD3AE2BACC019CE1105C.JPEG",
    "cantidad_archivos": 1,
    "archivos_fuente": [
      "Pictures/Fototeca de Fotos.photoslibrary/resources/derivatives/0/0ADDEE3A-7216-4B76-9BD3-AE2BACC019CE_1_105_c.jpeg"
    ],
    "ultima_modificacion": "2025-08-01 01:01:00.999796"
  },
  "0aede59f30bc4bbfabb0b2d518dd49141105c.jpeg": {
    "app_sintetizada": "0AEDE59F30BC4BBFABB0B2D518DD49141105C.JPEG",
    "cantidad_archivos": 1,
    "archivos_fuente": [
      "Pictures/Fototeca de Fotos.photoslibrary/resources/derivatives/0/0AEDE59F-30BC-4BBF-ABB0-B2D518DD4914_1_105_c.jpeg"
    ],
    "ultima_modificacion": "2025-08-01 01:01:01.000097"
  },
  "09791223e58941acbaa34800e0913b7a1105c.jpeg": {
    "app_sintetizada": "09791223E58941ACBAA34800E0913B7A1105C.JPEG",
    "cantidad_archivos": 1,
    "archivos_fuente": [
      "Pictures/Fototeca de Fotos.photoslibrary/resources/derivatives/0/09791223-E589-41AC-BAA3-4800E0913B7A_1_105_c.jpeg"
    ],
    "ultima_modificacion": "2025-08-01 01:01:01.000415"
  },
  "06a99a5a91774e48b70ae808474095ce.thm": {
    "app_sintetizada": "06A99A5A91774E48B70AE808474095CE.THM",
    "cantidad_archivos": 1,
    "archivos_fuente": [
      "Pictures/Fototeca de Fotos.photoslibrary/resources/derivatives/0/06A99A5A-9177-4E48-B70A-E808474095CE.THM"
    ],
    "ultima_modificacion": "2025-08-01 01:01:01.000744"
  },
  "079f20168b334bc8a6c8a981923a1aa81105c.jpeg": {
    "app_sintetizada": "079F20168B334BC8A6C8A981923A1AA81105C.JPEG",
    "cantidad_archivos": 1,
    "archivos_fuente": [
      "Pictures/Fototeca de Fotos.photoslibrary/resources/derivatives/0/079F2016-8B33-4BC8-A6C8-A981923A1AA8_1_105_c.jpeg"
    ],
    "ultima_modificacion": "2025-08-01 01:01:01.001031"
  },
  "07080e7933a8416dac0d4def6b0d4cf41105c.jpeg": {
    "app_sintetizada": "07080E7933A8416DAC0D4DEF6B0D4CF41105C.JPEG",
    "cantidad_archivos": 1,
    "archivos_fuente": [
      "Pictures/Fototeca de Fotos.photoslibrary/resources/derivatives/0/07080E79-33A8-416D-AC0D-4DEF6B0D4CF4_1_105_c.jpeg"
    ],
    "ultima_modificacion": "2025-08-01 01:01:01.001337"
  },
  "0eca2ac18b0548efa93a35e7ba0c03601105c.jpeg": {
    "app_sintetizada": "0ECA2AC18B0548EFA93A35E7BA0C03601105C.JPEG",
    "cantidad_archivos": 1,
    "archivos_fuente": [
      "Pictures/Fototeca de Fotos.photoslibrary/resources/derivatives/0/0ECA2AC1-8B05-48EF-A93A-35E7BA0C0360_1_105_c.jpeg"
    ],
    "ultima_modificacion": "2025-08-01 01:01:01.001657"
  },
  "08a9af264334441eb3dfe5228eda64801105c.jpeg": {
    "app_sintetizada": "08A9AF264334441EB3DFE5228EDA64801105C.JPEG",
    "cantidad_archivos": 1,
    "archivos_fuente": [
      "Pictures/Fototeca de Fotos.photoslibrary/resources/derivatives/0/08A9AF26-4334-441E-B3DF-E5228EDA6480_1_105_c.jpeg"
    ],
    "ultima_modificacion": "2025-08-01 01:01:01.001975"
  },
  "01eabf94b4944c08aadbccb0ce1faeb4.thm": {
    "app_sintetizada": "01EABF94B4944C08AADBCCB0CE1FAEB4.THM",
    "cantidad_archivos": 1,
    "archivos_fuente": [
      "Pictures/Fototeca de Fotos.photoslibrary/resources/derivatives/0/01EABF94-B494-4C08-AADB-CCB0CE1FAEB4.THM"
    ],
    "ultima_modificacion": "2025-08-01 01:01:01.002302"
  },
  "0df2c28ad5ca408abdc75f267a8067e01105c.jpeg": {
    "app_sintetizada": "0DF2C28AD5CA408ABDC75F267A8067E01105C.JPEG",
    "cantidad_archivos": 1,
    "archivos_fuente": [
      "Pictures/Fototeca de Fotos.photoslibrary/resources/derivatives/0/0DF2C28A-D5CA-408A-BDC7-5F267A8067E0_1_105_c.jpeg"
    ],
    "ultima_modificacion": "2025-08-01 01:01:01.002600"
  },
  "0c07f2ce940e4feea33b735f76370f7f1105c.jpeg": {
    "app_sintetizada": "0C07F2CE940E4FEEA33B735F76370F7F1105C.JPEG",
    "cantidad_archivos": 1,
    "archivos_fuente": [
      "Pictures/Fototeca de Fotos.photoslibrary/resources/derivatives/0/0C07F2CE-940E-4FEE-A33B-735F76370F7F_1_105_c.jpeg"
    ],
    "ultima_modificacion": "2025-08-01 01:01:01.002903"
  },
  "01345033f1c9494387fb458594638afb1105c.jpeg": {
    "app_sintetizada": "01345033F1C9494387FB458594638AFB1105C.JPEG",
    "cantidad_archivos": 1,
    "archivos_fuente": [
      "Pictures/Fototeca de Fotos.photoslibrary/resources/derivatives/0/01345033-F1C9-4943-87FB-458594638AFB_1_105_c.jpeg"
    ],
    "ultima_modificacion": "2025-08-01 01:01:01.003203"
  },
  "096cabbb80204564a8f436ebc0017a091105c.jpeg": {
    "app_sintetizada": "096CABBB80204564A8F436EBC0017A091105C.JPEG",
    "cantidad_archivos": 1,
    "archivos_fuente": [
      "Pictures/Fototeca de Fotos.photoslibrary/resources/derivatives/0/096CABBB-8020-4564-A8F4-36EBC0017A09_1_105_c.jpeg"
    ],
    "ultima_modificacion": "2025-08-01 01:01:01.003517"
  },
  "0b61cb6a53974eeeb2795d9630f14c361105c.jpeg": {
    "app_sintetizada": "0B61CB6A53974EEEB2795D9630F14C361105C.JPEG",
    "cantidad_archivos": 1,
    "archivos_fuente": [
      "Pictures/Fototeca de Fotos.photoslibrary/resources/derivatives/0/0B61CB6A-5397-4EEE-B279-5D9630F14C36_1_105_c.jpeg"
    ],
    "ultima_modificacion": "2025-08-01 01:01:01.003829"
  },
  "02a928b79e464770808b17574848964d1105c.jpeg": {
    "app_sintetizada": "02A928B79E464770808B17574848964D1105C.JPEG",
    "cantidad_archivos": 1,
    "archivos_fuente": [
      "Pictures/Fototeca de Fotos.photoslibrary/resources/derivatives/0/02A928B7-9E46-4770-808B-17574848964D_1_105_c.jpeg"
    ],
    "ultima_modificacion": "2025-08-01 01:01:01.004155"
  },
  "099d991f4ebc4905bcc65c53eceb8ff71105c.jpeg": {
    "app_sintetizada": "099D991F4EBC4905BCC65C53ECEB8FF71105C.JPEG",
    "cantidad_archivos": 1,
    "archivos_fuente": [
      "Pictures/Fototeca de Fotos.photoslibrary/resources/derivatives/0/099D991F-4EBC-4905-BCC6-5C53ECEB8FF7_1_105_c.jpeg"
    ],
    "ultima_modificacion": "2025-08-01 01:01:01.004447"
  },
  "0f23fff172364c6facb00a45e3fef19b1105c.jpeg": {
    "app_sintetizada": "0F23FFF172364C6FACB00A45E3FEF19B1105C.JPEG",
    "cantidad_archivos": 1,
    "archivos_fuente": [
      "Pictures/Fototeca de Fotos.photoslibrary/resources/derivatives/0/0F23FFF1-7236-4C6F-ACB0-0A45E3FEF19B_1_105_c.jpeg"
    ],
    "ultima_modificacion": "2025-08-01 01:01:01.004773"
  },
  "09445427bb714c7492788f18cf88b3d1.thm": {
    "app_sintetizada": "09445427BB714C7492788F18CF88B3D1.THM",
    "cantidad_archivos": 1,
    "archivos_fuente": [
      "Pictures/Fototeca de Fotos.photoslibrary/resources/derivatives/0/09445427-BB71-4C74-9278-8F18CF88B3D1.THM"
    ],
    "ultima_modificacion": "2025-08-01 01:01:01.005133"
  },
  "043ecf63777849c59a0be70943f7305d1105c.jpeg": {
    "app_sintetizada": "043ECF63777849C59A0BE70943F7305D1105C.JPEG",
    "cantidad_archivos": 1,
    "archivos_fuente": [
      "Pictures/Fototeca de Fotos.photoslibrary/resources/derivatives/0/043ECF63-7778-49C5-9A0B-E70943F7305D_1_105_c.jpeg"
    ],
    "ultima_modificacion": "2025-08-01 01:01:01.005535"
  },
  "0c7b5a14a4e8443c8b0e64d9578dd5ee1105c.jpeg": {
    "app_sintetizada": "0C7B5A14A4E8443C8B0E64D9578DD5EE1105C.JPEG",
    "cantidad_archivos": 1,
    "archivos_fuente": [
      "Pictures/Fototeca de Fotos.photoslibrary/resources/derivatives/0/0C7B5A14-A4E8-443C-8B0E-64D9578DD5EE_1_105_c.jpeg"
    ],
    "ultima_modificacion": "2025-08-01 01:01:01.005870"
  },
  "0c0fc608e6264eceb9cbbee1baa9fef81105c.jpeg": {
    "app_sintetizada": "0C0FC608E6264ECEB9CBBEE1BAA9FEF81105C.JPEG",
    "cantidad_archivos": 1,
    "archivos_fuente": [
      "Pictures/Fototeca de Fotos.photoslibrary/resources/derivatives/0/0C0FC608-E626-4ECE-B9CB-BEE1BAA9FEF8_1_105_c.jpeg"
    ],
    "ultima_modificacion": "2025-08-01 01:01:01.006169"
  },
  "03ec5850471d487d8fc38c24527cd5041105c.jpeg": {
    "app_sintetizada": "03EC5850471D487D8FC38C24527CD5041105C.JPEG",
    "cantidad_archivos": 1,
    "archivos_fuente": [
      "Pictures/Fototeca de Fotos.photoslibrary/resources/derivatives/0/03EC5850-471D-487D-8FC3-8C24527CD504_1_105_c.jpeg"
    ],
    "ultima_modificacion": "2025-08-01 01:01:01.006482"
  },
  "03cacef6939c48f6b2e84dd3d6da67621105c.jpeg": {
    "app_sintetizada": "03CACEF6939C48F6B2E84DD3D6DA67621105C.JPEG",
    "cantidad_archivos": 1,
    "archivos_fuente": [
      "Pictures/Fototeca de Fotos.photoslibrary/resources/derivatives/0/03CACEF6-939C-48F6-B2E8-4DD3D6DA6762_1_105_c.jpeg"
    ],
    "ultima_modificacion": "2025-08-01 01:01:01.006802"
  },
  "063ab4ee473f4cb1ada5dd3facd797791105c.jpeg": {
    "app_sintetizada": "063AB4EE473F4CB1ADA5DD3FACD797791105C.JPEG",
    "cantidad_archivos": 1,
    "archivos_fuente": [
      "Pictures/Fototeca de Fotos.photoslibrary/resources/derivatives/0/063AB4EE-473F-4CB1-ADA5-DD3FACD79779_1_105_c.jpeg"
    ],
    "ultima_modificacion": "2025-08-01 01:01:01.007106"
  },
  "036ccb58882e48cfa10ecc4a3c7165081105c.jpeg": {
    "app_sintetizada": "036CCB58882E48CFA10ECC4A3C7165081105C.JPEG",
    "cantidad_archivos": 1,
    "archivos_fuente": [
      "Pictures/Fototeca de Fotos.photoslibrary/resources/derivatives/0/036CCB58-882E-48CF-A10E-CC4A3C716508_1_105_c.jpeg"
    ],
    "ultima_modificacion": "2025-08-01 01:01:01.007401"
  },
  "025d30c4692947c99a7a448d9e51c2031105c.jpeg": {
    "app_sintetizada": "025D30C4692947C99A7A448D9E51C2031105C.JPEG",
    "cantidad_archivos": 1,
    "archivos_fuente": [
      "Pictures/Fototeca de Fotos.photoslibrary/resources/derivatives/0/025D30C4-6929-47C9-9A7A-448D9E51C203_1_105_c.jpeg"
    ],
    "ultima_modificacion": "2025-08-01 01:01:01.007685"
  },
  "013adf839634431c9e5b19eded15ee011105c.jpeg": {
    "app_sintetizada": "013ADF839634431C9E5B19EDED15EE011105C.JPEG",
    "cantidad_archivos": 1,
    "archivos_fuente": [
      "Pictures/Fototeca de Fotos.photoslibrary/resources/derivatives/0/013ADF83-9634-431C-9E5B-19EDED15EE01_1_105_c.jpeg"
    ],
    "ultima_modificacion": "2025-08-01 01:01:01.007991"
  },
  "0fb253dfe2f14268ac376b934570d2b91105c.jpeg": {
    "app_sintetizada": "0FB253DFE2F14268AC376B934570D2B91105C.JPEG",
    "cantidad_archivos": 1,
    "archivos_fuente": [
      "Pictures/Fototeca de Fotos.photoslibrary/resources/derivatives/0/0FB253DF-E2F1-4268-AC37-6B934570D2B9_1_105_c.jpeg"
    ],
    "ultima_modificacion": "2025-08-01 01:01:01.008284"
  },
  "0984511314684bd3a72aa1d7a55727281105c.jpeg": {
    "app_sintetizada": "0984511314684BD3A72AA1D7A55727281105C.JPEG",
    "cantidad_archivos": 1,
    "archivos_fuente": [
      "Pictures/Fototeca de Fotos.photoslibrary/resources/derivatives/0/09845113-1468-4BD3-A72A-A1D7A5572728_1_105_c.jpeg"
    ],
    "ultima_modificacion": "2025-08-01 01:01:01.008615"
  },
  "0262f0ef0e51405699095023ea5aa88a1105c.jpeg": {
    "app_sintetizada": "0262F0EF0E51405699095023EA5AA88A1105C.JPEG",
    "cantidad_archivos": 1,
    "archivos_fuente": [
      "Pictures/Fototeca de Fotos.photoslibrary/resources/derivatives/0/0262F0EF-0E51-4056-9909-5023EA5AA88A_1_105_c.jpeg"
    ],
    "ultima_modificacion": "2025-08-01 01:01:01.008939"
  },
  "0118a0cdd3a04a54b34adfbb85178ed61105c.jpeg": {
    "app_sintetizada": "0118A0CDD3A04A54B34ADFBB85178ED61105C.JPEG",
    "cantidad_archivos": 1,
    "archivos_fuente": [
      "Pictures/Fototeca de Fotos.photoslibrary/resources/derivatives/0/0118A0CD-D3A0-4A54-B34A-DFBB85178ED6_1_105_c.jpeg"
    ],
    "ultima_modificacion": "2025-08-01 01:01:01.009233"
  },
  "01a9220037264712b7441d3535861b921105c.jpeg": {
    "app_sintetizada": "01A9220037264712B7441D3535861B921105C.JPEG",
    "cantidad_archivos": 1,
    "archivos_fuente": [
      "Pictures/Fototeca de Fotos.photoslibrary/resources/derivatives/0/01A92200-3726-4712-B744-1D3535861B92_1_105_c.jpeg"
    ],
    "ultima_modificacion": "2025-08-01 01:01:01.009526"
  },
  "0b02d9859a314686b945d87ff451527f1105c.jpeg": {
    "app_sintetizada": "0B02D9859A314686B945D87FF451527F1105C.JPEG",
    "cantidad_archivos": 1,
    "archivos_fuente": [
      "Pictures/Fototeca de Fotos.photoslibrary/resources/derivatives/0/0B02D985-9A31-4686-B945-D87FF451527F_1_105_c.jpeg"
    ],
    "ultima_modificacion": "2025-08-01 01:01:01.009836"
  },
  "0470916c31ee44c485e0d57ae178a4c01105c.jpeg": {
    "app_sintetizada": "0470916C31EE44C485E0D57AE178A4C01105C.JPEG",
    "cantidad_archivos": 1,
    "archivos_fuente": [
      "Pictures/Fototeca de Fotos.photoslibrary/resources/derivatives/0/0470916C-31EE-44C4-85E0-D57AE178A4C0_1_105_c.jpeg"
    ],
    "ultima_modificacion": "2025-08-01 01:01:01.010133"
  },
  "0724b08c837a4720a0c9530a7d2da3f21105c.jpeg": {
    "app_sintetizada": "0724B08C837A4720A0C9530A7D2DA3F21105C.JPEG",
    "cantidad_archivos": 1,
    "archivos_fuente": [
      "Pictures/Fototeca de Fotos.photoslibrary/resources/derivatives/0/0724B08C-837A-4720-A0C9-530A7D2DA3F2_1_105_c.jpeg"
    ],
    "ultima_modificacion": "2025-08-01 01:01:01.010433"
  },
  "09c8a1adfa734d25b41050b7fced31541105c.jpeg": {
    "app_sintetizada": "09C8A1ADFA734D25B41050B7FCED31541105C.JPEG",
    "cantidad_archivos": 1,
    "archivos_fuente": [
      "Pictures/Fototeca de Fotos.photoslibrary/resources/derivatives/0/09C8A1AD-FA73-4D25-B410-50B7FCED3154_1_105_c.jpeg"
    ],
    "ultima_modificacion": "2025-08-01 01:01:01.010756"
  },
  "07868a52287742998eee480998f439e91105c.jpeg": {
    "app_sintetizada": "07868A52287742998EEE480998F439E91105C.JPEG",
    "cantidad_archivos": 1,
    "archivos_fuente": [
      "Pictures/Fototeca de Fotos.photoslibrary/resources/derivatives/0/07868A52-2877-4299-8EEE-480998F439E9_1_105_c.jpeg"
    ],
    "ultima_modificacion": "2025-08-01 01:01:01.011001"
  },
  "02b75d02ba6c44168be7749b43d124131105c.jpeg": {
    "app_sintetizada": "02B75D02BA6C44168BE7749B43D124131105C.JPEG",
    "cantidad_archivos": 1,
    "archivos_fuente": [
      "Pictures/Fototeca de Fotos.photoslibrary/resources/derivatives/0/02B75D02-BA6C-4416-8BE7-749B43D12413_1_105_c.jpeg"
    ],
    "ultima_modificacion": "2025-08-01 01:01:01.011250"
  },
  "04a6f3b9677d4f75a335f0262a8ab4ee1105c.jpeg": {
    "app_sintetizada": "04A6F3B9677D4F75A335F0262A8AB4EE1105C.JPEG",
    "cantidad_archivos": 1,
    "archivos_fuente": [
      "Pictures/Fototeca de Fotos.photoslibrary/resources/derivatives/0/04A6F3B9-677D-4F75-A335-F0262A8AB4EE_1_105_c.jpeg"
    ],
    "ultima_modificacion": "2025-08-01 01:01:01.011589"
  },
  "0f30163523a745b4b4ebeb14f5c716441105c.jpeg": {
    "app_sintetizada": "0F30163523A745B4B4EBEB14F5C716441105C.JPEG",
    "cantidad_archivos": 1,
    "archivos_fuente": [
      "Pictures/Fototeca de Fotos.photoslibrary/resources/derivatives/0/0F301635-23A7-45B4-B4EB-EB14F5C71644_1_105_c.jpeg"
    ],
    "ultima_modificacion": "2025-08-01 01:01:01.011848"
  },
  "00525ca9e765449fa42c9f03d539e99d1105c.jpeg": {
    "app_sintetizada": "00525CA9E765449FA42C9F03D539E99D1105C.JPEG",
    "cantidad_archivos": 1,
    "archivos_fuente": [
      "Pictures/Fototeca de Fotos.photoslibrary/resources/derivatives/0/00525CA9-E765-449F-A42C-9F03D539E99D_1_105_c.jpeg"
    ],
    "ultima_modificacion": "2025-08-01 01:01:01.012099"
  },
  "0e2a6eff821a4554a8857bc0a3858d641105c.jpeg": {
    "app_sintetizada": "0E2A6EFF821A4554A8857BC0A3858D641105C.JPEG",
    "cantidad_archivos": 1,
    "archivos_fuente": [
      "Pictures/Fototeca de Fotos.photoslibrary/resources/derivatives/0/0E2A6EFF-821A-4554-A885-7BC0A3858D64_1_105_c.jpeg"
    ],
    "ultima_modificacion": "2025-08-01 01:01:01.012377"
  },
  "04327f0ed3764a07b7525ac84472337f1105c.jpeg": {
    "app_sintetizada": "04327F0ED3764A07B7525AC84472337F1105C.JPEG",
    "cantidad_archivos": 1,
    "archivos_fuente": [
      "Pictures/Fototeca de Fotos.photoslibrary/resources/derivatives/0/04327F0E-D376-4A07-B752-5AC84472337F_1_105_c.jpeg"
    ],
    "ultima_modificacion": "2025-08-01 01:01:01.012596"
  },
  "0e97fe7ecd2a407eb7a80013224701681105c.jpeg": {
    "app_sintetizada": "0E97FE7ECD2A407EB7A80013224701681105C.JPEG",
    "cantidad_archivos": 1,
    "archivos_fuente": [
      "Pictures/Fototeca de Fotos.photoslibrary/resources/derivatives/0/0E97FE7E-CD2A-407E-B7A8-001322470168_1_105_c.jpeg"
    ],
    "ultima_modificacion": "2025-08-01 01:01:01.012804"
  },
  "0a7a1a502a9a43f991185d4e984b90911105c.jpeg": {
    "app_sintetizada": "0A7A1A502A9A43F991185D4E984B90911105C.JPEG",
    "cantidad_archivos": 1,
    "archivos_fuente": [
      "Pictures/Fototeca de Fotos.photoslibrary/resources/derivatives/0/0A7A1A50-2A9A-43F9-9118-5D4E984B9091_1_105_c.jpeg"
    ],
    "ultima_modificacion": "2025-08-01 01:01:01.013093"
  },
  "0f92dc0519c54ca9856d9a5f3a5f974e1105c.jpeg": {
    "app_sintetizada": "0F92DC0519C54CA9856D9A5F3A5F974E1105C.JPEG",
    "cantidad_archivos": 1,
    "archivos_fuente": [
      "Pictures/Fototeca de Fotos.photoslibrary/resources/derivatives/0/0F92DC05-19C5-4CA9-856D-9A5F3A5F974E_1_105_c.jpeg"
    ],
    "ultima_modificacion": "2025-08-01 01:01:01.013456"
  },
  "0b5b54570d5e4516b41e0312dd8f79901105c.jpeg": {
    "app_sintetizada": "0B5B54570D5E4516B41E0312DD8F79901105C.JPEG",
    "cantidad_archivos": 1,
    "archivos_fuente": [
      "Pictures/Fototeca de Fotos.photoslibrary/resources/derivatives/0/0B5B5457-0D5E-4516-B41E-0312DD8F7990_1_105_c.jpeg"
    ],
    "ultima_modificacion": "2025-08-01 01:01:01.013709"
  },
  "022c71ec554349c49a065e6f09b08c421105c.jpeg": {
    "app_sintetizada": "022C71EC554349C49A065E6F09B08C421105C.JPEG",
    "cantidad_archivos": 1,
    "archivos_fuente": [
      "Pictures/Fototeca de Fotos.photoslibrary/resources/derivatives/0/022C71EC-5543-49C4-9A06-5E6F09B08C42_1_105_c.jpeg"
    ],
    "ultima_modificacion": "2025-08-01 01:01:01.013990"
  },
  "0f48c20ed9dc4a01a15cf0b3bb72691a1105c.jpeg": {
    "app_sintetizada": "0F48C20ED9DC4A01A15CF0B3BB72691A1105C.JPEG",
    "cantidad_archivos": 1,
    "archivos_fuente": [
      "Pictures/Fototeca de Fotos.photoslibrary/resources/derivatives/0/0F48C20E-D9DC-4A01-A15C-F0B3BB72691A_1_105_c.jpeg"
    ],
    "ultima_modificacion": "2025-08-01 01:01:01.014248"
  },
  "08d1123d32cc431f947da748993f4c281105c.jpeg": {
    "app_sintetizada": "08D1123D32CC431F947DA748993F4C281105C.JPEG",
    "cantidad_archivos": 1,
    "archivos_fuente": [
      "Pictures/Fototeca de Fotos.photoslibrary/resources/derivatives/0/08D1123D-32CC-431F-947D-A748993F4C28_1_105_c.jpeg"
    ],
    "ultima_modificacion": "2025-08-01 01:01:01.014490"
  },
  "06e0a8322c5a4e83a31e4d84717814d61105c.jpeg": {
    "app_sintetizada": "06E0A8322C5A4E83A31E4D84717814D61105C.JPEG",
    "cantidad_archivos": 1,
    "archivos_fuente": [
      "Pictures/Fototeca de Fotos.photoslibrary/resources/derivatives/0/06E0A832-2C5A-4E83-A31E-4D84717814D6_1_105_c.jpeg"
    ],
    "ultima_modificacion": "2025-08-01 01:01:01.014829"
  },
  "053304357d0e43358d7af26a097cac8f.thm": {
    "app_sintetizada": "053304357D0E43358D7AF26A097CAC8F.THM",
    "cantidad_archivos": 1,
    "archivos_fuente": [
      "Pictures/Fototeca de Fotos.photoslibrary/resources/derivatives/0/05330435-7D0E-4335-8D7A-F26A097CAC8F.THM"
    ],
    "ultima_modificacion": "2025-08-01 01:01:01.015092"
  },
  "00b25ac05e534ea69d4048adee002e9e1105c.jpeg": {
    "app_sintetizada": "00B25AC05E534EA69D4048ADEE002E9E1105C.JPEG",
    "cantidad_archivos": 1,
    "archivos_fuente": [
      "Pictures/Fototeca de Fotos.photoslibrary/resources/derivatives/0/00B25AC0-5E53-4EA6-9D40-48ADEE002E9E_1_105_c.jpeg"
    ],
    "ultima_modificacion": "2025-08-01 01:01:01.015321"
  }
}