{
  "7e935445a6c64eb9806ebc983d47c1711105c.jpeg": {
    "app_sintetizada": "7E935445A6C64EB9806EBC983D47C1711105C.JPEG",
    "cantidad_archivos": 1,
    "archivos_fuente": [
      "Pictures/Fototeca de Fotos.photoslibrary/resources/derivatives/7/7E935445-A6C6-4EB9-806E-BC983D47C171_1_105_c.jpeg"
    ],
    "ultima_modificacion": "2025-08-01 01:01:01.170800"
  },
  "7b1fbb0f92b447e89bb134994c2b85df1105c.jpeg": {
    "app_sintetizada": "7B1FBB0F92B447E89BB134994C2B85DF1105C.JPEG",
    "cantidad_archivos": 1,
    "archivos_fuente": [
      "Pictures/Fototeca de Fotos.photoslibrary/resources/derivatives/7/7B1FBB0F-92B4-47E8-9BB1-34994C2B85DF_1_105_c.jpeg"
    ],
    "ultima_modificacion": "2025-08-01 01:01:01.170999"
  },
  "7762d4cbd38e4c9593f194437fc0a2aa1105c.jpeg": {
    "app_sintetizada": "7762D4CBD38E4C9593F194437FC0A2AA1105C.JPEG",
    "cantidad_archivos": 1,
    "archivos_fuente": [
      "Pictures/Fototeca de Fotos.photoslibrary/resources/derivatives/7/7762D4CB-D38E-4C95-93F1-94437FC0A2AA_1_105_c.jpeg"
    ],
    "ultima_modificacion": "2025-08-01 01:01:01.171191"
  },
  "7291bb99ba2542bc98077d5f3e64c6ef1105c.jpeg": {
    "app_sintetizada": "7291BB99BA2542BC98077D5F3E64C6EF1105C.JPEG",
    "cantidad_archivos": 1,
    "archivos_fuente": [
      "Pictures/Fototeca de Fotos.photoslibrary/resources/derivatives/7/7291BB99-BA25-42BC-9807-7D5F3E64C6EF_1_105_c.jpeg"
    ],
    "ultima_modificacion": "2025-08-01 01:01:01.171374"
  },
  "7f3671e29a40493cac555942105a60d3.thm": {
    "app_sintetizada": "7F3671E29A40493CAC555942105A60D3.THM",
    "cantidad_archivos": 1,
    "archivos_fuente": [
      "Pictures/Fototeca de Fotos.photoslibrary/resources/derivatives/7/7F3671E2-9A40-493C-AC55-5942105A60D3.THM"
    ],
    "ultima_modificacion": "2025-08-01 01:01:01.171571"
  },
  "78195242edc54030bb2f03e7f3649a9f1105c.jpeg": {
    "app_sintetizada": "78195242EDC54030BB2F03E7F3649A9F1105C.JPEG",
    "cantidad_archivos": 1,
    "archivos_fuente": [
      "Pictures/Fototeca de Fotos.photoslibrary/resources/derivatives/7/78195242-EDC5-4030-BB2F-03E7F3649A9F_1_105_c.jpeg"
    ],
    "ultima_modificacion": "2025-08-01 01:01:01.171757"
  },
  "72abeda3d0304cf1af5d650d7fc57d571105c.jpeg": {
    "app_sintetizada": "72ABEDA3D0304CF1AF5D650D7FC57D571105C.JPEG",
    "cantidad_archivos": 1,
    "archivos_fuente": [
      "Pictures/Fototeca de Fotos.photoslibrary/resources/derivatives/7/72ABEDA3-D030-4CF1-AF5D-650D7FC57D57_1_105_c.jpeg"
    ],
    "ultima_modificacion": "2025-08-01 01:01:01.172016"
  },
  "7f59a23f7f2442bebb6f415227cdbdac1105c.jpeg": {
    "app_sintetizada": "7F59A23F7F2442BEBB6F415227CDBDAC1105C.JPEG",
    "cantidad_archivos": 1,
    "archivos_fuente": [
      "Pictures/Fototeca de Fotos.photoslibrary/resources/derivatives/7/7F59A23F-7F24-42BE-BB6F-415227CDBDAC_1_105_c.jpeg"
    ],
    "ultima_modificacion": "2025-08-01 01:01:01.172306"
  },
  "7d1d5edcf9a24aed8182ebe17b9249eb1105c.jpeg": {
    "app_sintetizada": "7D1D5EDCF9A24AED8182EBE17B9249EB1105C.JPEG",
    "cantidad_archivos": 1,
    "archivos_fuente": [
      "Pictures/Fototeca de Fotos.photoslibrary/resources/derivatives/7/7D1D5EDC-F9A2-4AED-8182-EBE17B9249EB_1_105_c.jpeg"
    ],
    "ultima_modificacion": "2025-08-01 01:01:01.172539"
  },
  "76349f9a088943c2a8de55cdfe81905e1105c.jpeg": {
    "app_sintetizada": "76349F9A088943C2A8DE55CDFE81905E1105C.JPEG",
    "cantidad_archivos": 1,
    "archivos_fuente": [
      "Pictures/Fototeca de Fotos.photoslibrary/resources/derivatives/7/76349F9A-0889-43C2-A8DE-55CDFE81905E_1_105_c.jpeg"
    ],
    "ultima_modificacion": "2025-08-01 01:01:01.172843"
  },
  "76f67387e52046bc8e6f67941ef96a02.thm": {
    "app_sintetizada": "76F67387E52046BC8E6F67941EF96A02.THM",
    "cantidad_archivos": 1,
    "archivos_fuente": [
      "Pictures/Fototeca de Fotos.photoslibrary/resources/derivatives/7/76F67387-E520-46BC-8E6F-67941EF96A02.THM"
    ],
    "ultima_modificacion": "2025-08-01 01:01:01.173061"
  },
  "796aefc2a5c5420fbb625d3ded19b6f21105c.jpeg": {
    "app_sintetizada": "796AEFC2A5C5420FBB625D3DED19B6F21105C.JPEG",
    "cantidad_archivos": 1,
    "archivos_fuente": [
      "Pictures/Fototeca de Fotos.photoslibrary/resources/derivatives/7/796AEFC2-A5C5-420F-BB62-5D3DED19B6F2_1_105_c.jpeg"
    ],
    "ultima_modificacion": "2025-08-01 01:01:01.173347"
  },
  "713a28d1020b4daa9f0d4946f0d72e7e.thm": {
    "app_sintetizada": "713A28D1020B4DAA9F0D4946F0D72E7E.THM",
    "cantidad_archivos": 1,
    "archivos_fuente": [
      "Pictures/Fototeca de Fotos.photoslibrary/resources/derivatives/7/713A28D1-020B-4DAA-9F0D-4946F0D72E7E.THM"
    ],
    "ultima_modificacion": "2025-08-01 01:01:01.173717"
  },
  "7b1b277ccf6d488fa0bb6d7df39c98151105c.jpeg": {
    "app_sintetizada": "7B1B277CCF6D488FA0BB6D7DF39C98151105C.JPEG",
    "cantidad_archivos": 1,
    "archivos_fuente": [
      "Pictures/Fototeca de Fotos.photoslibrary/resources/derivatives/7/7B1B277C-CF6D-488F-A0BB-6D7DF39C9815_1_105_c.jpeg"
    ],
    "ultima_modificacion": "2025-08-01 01:01:01.173935"
  },
  "724f5ef8c8db4f3e9d9c3076c8a7f13f1105c.jpeg": {
    "app_sintetizada": "724F5EF8C8DB4F3E9D9C3076C8A7F13F1105C.JPEG",
    "cantidad_archivos": 1,
    "archivos_fuente": [
      "Pictures/Fototeca de Fotos.photoslibrary/resources/derivatives/7/724F5EF8-C8DB-4F3E-9D9C-3076C8A7F13F_1_105_c.jpeg"
    ],
    "ultima_modificacion": "2025-08-01 01:01:01.174138"
  },
  "74c89e777f284365803fe592c20a3d4c1100o.jpeg": {
    "app_sintetizada": "74C89E777F284365803FE592C20A3D4C1100O.JPEG",
    "cantidad_archivos": 1,
    "archivos_fuente": [
      "Pictures/Fototeca de Fotos.photoslibrary/resources/derivatives/7/74C89E77-7F28-4365-803F-E592C20A3D4C_1_100_o.jpeg"
    ],
    "ultima_modificacion": "2025-08-01 01:01:01.174371"
  },
  "77118e89bed548a7815189f53b9f21d81105c.jpeg": {
    "app_sintetizada": "77118E89BED548A7815189F53B9F21D81105C.JPEG",
    "cantidad_archivos": 1,
    "archivos_fuente": [
      "Pictures/Fototeca de Fotos.photoslibrary/resources/derivatives/7/77118E89-BED5-48A7-8151-89F53B9F21D8_1_105_c.jpeg"
    ],
    "ultima_modificacion": "2025-08-01 01:01:01.174589"
  },
  "7738b83963cc4b3ead389c512dde13571105c.jpeg": {
    "app_sintetizada": "7738B83963CC4B3EAD389C512DDE13571105C.JPEG",
    "cantidad_archivos": 1,
    "archivos_fuente": [
      "Pictures/Fototeca de Fotos.photoslibrary/resources/derivatives/7/7738B839-63CC-4B3E-AD38-9C512DDE1357_1_105_c.jpeg"
    ],
    "ultima_modificacion": "2025-08-01 01:01:01.174841"
  },
  "7b10ef1434634bfb8537f039d43bd850.thm": {
    "app_sintetizada": "7B10EF1434634BFB8537F039D43BD850.THM",
    "cantidad_archivos": 1,
    "archivos_fuente": [
      "Pictures/Fototeca de Fotos.photoslibrary/resources/derivatives/7/7B10EF14-3463-4BFB-8537-F039D43BD850.THM"
    ],
    "ultima_modificacion": "2025-08-01 01:01:01.175094"
  },
  "7d224c971b4b479184994d1c0a82f13f1105c.jpeg": {
    "app_sintetizada": "7D224C971B4B479184994D1C0A82F13F1105C.JPEG",
    "cantidad_archivos": 1,
    "archivos_fuente": [
      "Pictures/Fototeca de Fotos.photoslibrary/resources/derivatives/7/7D224C97-1B4B-4791-8499-4D1C0A82F13F_1_105_c.jpeg"
    ],
    "ultima_modificacion": "2025-08-01 01:01:01.175288"
  },
  "77affccfec60435e88e62245dd9d50e11105c.jpeg": {
    "app_sintetizada": "77AFFCCFEC60435E88E62245DD9D50E11105C.JPEG",
    "cantidad_archivos": 1,
    "archivos_fuente": [
      "Pictures/Fototeca de Fotos.photoslibrary/resources/derivatives/7/77AFFCCF-EC60-435E-88E6-2245DD9D50E1_1_105_c.jpeg"
    ],
    "ultima_modificacion": "2025-08-01 01:01:01.175478"
  },
  "77e97ce0625c4ecf86802e93b79c36561105c.jpeg": {
    "app_sintetizada": "77E97CE0625C4ECF86802E93B79C36561105C.JPEG",
    "cantidad_archivos": 1,
    "archivos_fuente": [
      "Pictures/Fototeca de Fotos.photoslibrary/resources/derivatives/7/77E97CE0-625C-4ECF-8680-2E93B79C3656_1_105_c.jpeg"
    ],
    "ultima_modificacion": "2025-08-01 01:01:01.175665"
  },
  "778095b5af6f47d79f4b1b4d05e65cc61105c.jpeg": {
    "app_sintetizada": "778095B5AF6F47D79F4B1B4D05E65CC61105C.JPEG",
    "cantidad_archivos": 1,
    "archivos_fuente": [
      "Pictures/Fototeca de Fotos.photoslibrary/resources/derivatives/7/778095B5-AF6F-47D7-9F4B-1B4D05E65CC6_1_105_c.jpeg"
    ],
    "ultima_modificacion": "2025-08-01 01:01:01.175844"
  },
  "74cb921ddad140f78582ebeb1622343e1105c.jpeg": {
    "app_sintetizada": "74CB921DDAD140F78582EBEB1622343E1105C.JPEG",
    "cantidad_archivos": 1,
    "archivos_fuente": [
      "Pictures/Fototeca de Fotos.photoslibrary/resources/derivatives/7/74CB921D-DAD1-40F7-8582-EBEB1622343E_1_105_c.jpeg"
    ],
    "ultima_modificacion": "2025-08-01 01:01:01.176034"
  },
  "76cc6e4c69d24b39bccd6a87a494f77d1105c.jpeg": {
    "app_sintetizada": "76CC6E4C69D24B39BCCD6A87A494F77D1105C.JPEG",
    "cantidad_archivos": 1,
    "archivos_fuente": [
      "Pictures/Fototeca de Fotos.photoslibrary/resources/derivatives/7/76CC6E4C-69D2-4B39-BCCD-6A87A494F77D_1_105_c.jpeg"
    ],
    "ultima_modificacion": "2025-08-01 01:01:01.176244"
  },
  "7a21267214e54cc8b628adb103d31c901105c.jpeg": {
    "app_sintetizada": "7A21267214E54CC8B628ADB103D31C901105C.JPEG",
    "cantidad_archivos": 1,
    "archivos_fuente": [
      "Pictures/Fototeca de Fotos.photoslibrary/resources/derivatives/7/7A212672-14E5-4CC8-B628-ADB103D31C90_1_105_c.jpeg"
    ],
    "ultima_modificacion": "2025-08-01 01:01:01.176482"
  },
  "726c0f01ebde41429d3497b6245071141105c.jpeg": {
    "app_sintetizada": "726C0F01EBDE41429D3497B6245071141105C.JPEG",
    "cantidad_archivos": 1,
    "archivos_fuente": [
      "Pictures/Fototeca de Fotos.photoslibrary/resources/derivatives/7/726C0F01-EBDE-4142-9D34-97B624507114_1_105_c.jpeg"
    ],
    "ultima_modificacion": "2025-08-01 01:01:01.176768"
  },
  "7cee4d27cdee47a2bf2ad009bae77a3c1105c.jpeg": {
    "app_sintetizada": "7CEE4D27CDEE47A2BF2AD009BAE77A3C1105C.JPEG",
    "cantidad_archivos": 1,
    "archivos_fuente": [
      "Pictures/Fototeca de Fotos.photoslibrary/resources/derivatives/7/7CEE4D27-CDEE-47A2-BF2A-D009BAE77A3C_1_105_c.jpeg"
    ],
    "ultima_modificacion": "2025-08-01 01:01:01.177038"
  },
  "79f12a7c9af4440891d81644ddde87341105c.jpeg": {
    "app_sintetizada": "79F12A7C9AF4440891D81644DDDE87341105C.JPEG",
    "cantidad_archivos": 1,
    "archivos_fuente": [
      "Pictures/Fototeca de Fotos.photoslibrary/resources/derivatives/7/79F12A7C-9AF4-4408-91D8-1644DDDE8734_1_105_c.jpeg"
    ],
    "ultima_modificacion": "2025-08-01 01:01:01.177343"
  },
  "720ba1e621d54c9494f65c36fbd01c0d1105c.jpeg": {
    "app_sintetizada": "720BA1E621D54C9494F65C36FBD01C0D1105C.JPEG",
    "cantidad_archivos": 1,
    "archivos_fuente": [
      "Pictures/Fototeca de Fotos.photoslibrary/resources/derivatives/7/720BA1E6-21D5-4C94-94F6-5C36FBD01C0D_1_105_c.jpeg"
    ],
    "ultima_modificacion": "2025-08-01 01:01:01.177574"
  },
  "7afa9326b2314bd19427ea63db4896061105c.jpeg": {
    "app_sintetizada": "7AFA9326B2314BD19427EA63DB4896061105C.JPEG",
    "cantidad_archivos": 1,
    "archivos_fuente": [
      "Pictures/Fototeca de Fotos.photoslibrary/resources/derivatives/7/7AFA9326-B231-4BD1-9427-EA63DB489606_1_105_c.jpeg"
    ],
    "ultima_modificacion": "2025-08-01 01:01:01.177854"
  },
  "7e2141f0ec4c47a899a733bfe79f1dca1105c.jpeg": {
    "app_sintetizada": "7E2141F0EC4C47A899A733BFE79F1DCA1105C.JPEG",
    "cantidad_archivos": 1,
    "archivos_fuente": [
      "Pictures/Fototeca de Fotos.photoslibrary/resources/derivatives/7/7E2141F0-EC4C-47A8-99A7-33BFE79F1DCA_1_105_c.jpeg"
    ],
    "ultima_modificacion": "2025-08-01 01:01:01.178058"
  },
  "7d06012f303a466e9bbd82d415970bad1105c.jpeg": {
    "app_sintetizada": "7D06012F303A466E9BBD82D415970BAD1105C.JPEG",
    "cantidad_archivos": 1,
    "archivos_fuente": [
      "Pictures/Fototeca de Fotos.photoslibrary/resources/derivatives/7/7D06012F-303A-466E-9BBD-82D415970BAD_1_105_c.jpeg"
    ],
    "ultima_modificacion": "2025-08-01 01:01:01.178283"
  },
  "7b3d3f47254a4715b9bb7812610390471105c.jpeg": {
    "app_sintetizada": "7B3D3F47254A4715B9BB7812610390471105C.JPEG",
    "cantidad_archivos": 1,
    "archivos_fuente": [
      "Pictures/Fototeca de Fotos.photoslibrary/resources/derivatives/7/7B3D3F47-254A-4715-B9BB-781261039047_1_105_c.jpeg"
    ],
    "ultima_modificacion": "2025-08-01 01:01:01.178514"
  },
  "7887e4d81ed64525bcf392fbfcf5ce461105c.jpeg": {
    "app_sintetizada": "7887E4D81ED64525BCF392FBFCF5CE461105C.JPEG",
    "cantidad_archivos": 1,
    "archivos_fuente": [
      "Pictures/Fototeca de Fotos.photoslibrary/resources/derivatives/7/7887E4D8-1ED6-4525-BCF3-92FBFCF5CE46_1_105_c.jpeg"
    ],
    "ultima_modificacion": "2025-08-01 01:01:01.178709"
  },
  "725dc1d595b84ad5aa9bc5a99b8e9ada1105c.jpeg": {
    "app_sintetizada": "725DC1D595B84AD5AA9BC5A99B8E9ADA1105C.JPEG",
    "cantidad_archivos": 1,
    "archivos_fuente": [
      "Pictures/Fototeca de Fotos.photoslibrary/resources/derivatives/7/725DC1D5-95B8-4AD5-AA9B-C5A99B8E9ADA_1_105_c.jpeg"
    ],
    "ultima_modificacion": "2025-08-01 01:01:01.178900"
  },
  "716f6d3997704f8dab928d1550f829861105c.jpeg": {
    "app_sintetizada": "716F6D3997704F8DAB928D1550F829861105C.JPEG",
    "cantidad_archivos": 1,
    "archivos_fuente": [
      "Pictures/Fototeca de Fotos.photoslibrary/resources/derivatives/7/716F6D39-9770-4F8D-AB92-8D1550F82986_1_105_c.jpeg"
    ],
    "ultima_modificacion": "2025-08-01 01:01:01.179087"
  },
  "7699538e5f784a19a4f7ad411802d39e.thm": {
    "app_sintetizada": "7699538E5F784A19A4F7AD411802D39E.THM",
    "cantidad_archivos": 1,
    "archivos_fuente": [
      "Pictures/Fototeca de Fotos.photoslibrary/resources/derivatives/7/7699538E-5F78-4A19-A4F7-AD411802D39E.THM"
    ],
    "ultima_modificacion": "2025-08-01 01:01:01.179259"
  },
  "7c41b416807f4afda0f1b8b3a224e2621105c.jpeg": {
    "app_sintetizada": "7C41B416807F4AFDA0F1B8B3A224E2621105C.JPEG",
    "cantidad_archivos": 1,
    "archivos_fuente": [
      "Pictures/Fototeca de Fotos.photoslibrary/resources/derivatives/7/7C41B416-807F-4AFD-A0F1-B8B3A224E262_1_105_c.jpeg"
    ],
    "ultima_modificacion": "2025-08-01 01:01:01.179440"
  },
  "721fb335d3ce419aa220997e1895bab31105c.jpeg": {
    "app_sintetizada": "721FB335D3CE419AA220997E1895BAB31105C.JPEG",
    "cantidad_archivos": 1,
    "archivos_fuente": [
      "Pictures/Fototeca de Fotos.photoslibrary/resources/derivatives/7/721FB335-D3CE-419A-A220-997E1895BAB3_1_105_c.jpeg"
    ],
    "ultima_modificacion": "2025-08-01 01:01:01.179619"
  },
  "73f05caa45d44bb582315748488a6aab1105c.jpeg": {
    "app_sintetizada": "73F05CAA45D44BB582315748488A6AAB1105C.JPEG",
    "cantidad_archivos": 1,
    "archivos_fuente": [
      "Pictures/Fototeca de Fotos.photoslibrary/resources/derivatives/7/73F05CAA-45D4-4BB5-8231-5748488A6AAB_1_105_c.jpeg"
    ],
    "ultima_modificacion": "2025-08-01 01:01:01.179800"
  },
  "74c4a73b9eab42b98ba0e35d1e3658651105c.jpeg": {
    "app_sintetizada": "74C4A73B9EAB42B98BA0E35D1E3658651105C.JPEG",
    "cantidad_archivos": 1,
    "archivos_fuente": [
      "Pictures/Fototeca de Fotos.photoslibrary/resources/derivatives/7/74C4A73B-9EAB-42B9-8BA0-E35D1E365865_1_105_c.jpeg"
    ],
    "ultima_modificacion": "2025-08-01 01:01:01.179969"
  },
  "78050f6283134af4b947efc4d129bf2a1105c.jpeg": {
    "app_sintetizada": "78050F6283134AF4B947EFC4D129BF2A1105C.JPEG",
    "cantidad_archivos": 1,
    "archivos_fuente": [
      "Pictures/Fototeca de Fotos.photoslibrary/resources/derivatives/7/78050F62-8313-4AF4-B947-EFC4D129BF2A_1_105_c.jpeg"
    ],
    "ultima_modificacion": "2025-08-01 01:01:01.180169"
  },
  "7944e1b0f5214f6d8e293dc236826fca1105c.jpeg": {
    "app_sintetizada": "7944E1B0F5214F6D8E293DC236826FCA1105C.JPEG",
    "cantidad_archivos": 1,
    "archivos_fuente": [
      "Pictures/Fototeca de Fotos.photoslibrary/resources/derivatives/7/7944E1B0-F521-4F6D-8E29-3DC236826FCA_1_105_c.jpeg"
    ],
    "ultima_modificacion": "2025-08-01 01:01:01.180384"
  },
  "7663653bfda64764b3b8edcb16ff59b41105c.jpeg": {
    "app_sintetizada": "7663653BFDA64764B3B8EDCB16FF59B41105C.JPEG",
    "cantidad_archivos": 1,
    "archivos_fuente": [
      "Pictures/Fototeca de Fotos.photoslibrary/resources/derivatives/7/7663653B-FDA6-4764-B3B8-EDCB16FF59B4_1_105_c.jpeg"
    ],
    "ultima_modificacion": "2025-08-01 01:01:01.180618"
  },
  "7fcd5aff13c04a64afbb8a8a646f32461105c.jpeg": {
    "app_sintetizada": "7FCD5AFF13C04A64AFBB8A8A646F32461105C.JPEG",
    "cantidad_archivos": 1,
    "archivos_fuente": [
      "Pictures/Fototeca de Fotos.photoslibrary/resources/derivatives/7/7FCD5AFF-13C0-4A64-AFBB-8A8A646F3246_1_105_c.jpeg"
    ],
    "ultima_modificacion": "2025-08-01 01:01:01.180926"
  },
  "7859e6c5587b454ea4e70e2d13b9ddeb1105c.jpeg": {
    "app_sintetizada": "7859E6C5587B454EA4E70E2D13B9DDEB1105C.JPEG",
    "cantidad_archivos": 1,
    "archivos_fuente": [
      "Pictures/Fototeca de Fotos.photoslibrary/resources/derivatives/7/7859E6C5-587B-454E-A4E7-0E2D13B9DDEB_1_105_c.jpeg"
    ],
    "ultima_modificacion": "2025-08-01 01:01:01.181157"
  },
  "75490198f52b421fb373d9ed6147bd9f1105c.jpeg": {
    "app_sintetizada": "75490198F52B421FB373D9ED6147BD9F1105C.JPEG",
    "cantidad_archivos": 1,
    "archivos_fuente": [
      "Pictures/Fototeca de Fotos.photoslibrary/resources/derivatives/7/75490198-F52B-421F-B373-D9ED6147BD9F_1_105_c.jpeg"
    ],
    "ultima_modificacion": "2025-08-01 01:01:01.181396"
  },
  "71877d74a9d141f5abdc50e998cd61f81105c.jpeg": {
    "app_sintetizada": "71877D74A9D141F5ABDC50E998CD61F81105C.JPEG",
    "cantidad_archivos": 1,
    "archivos_fuente": [
      "Pictures/Fototeca de Fotos.photoslibrary/resources/derivatives/7/71877D74-A9D1-41F5-ABDC-50E998CD61F8_1_105_c.jpeg"
    ],
    "ultima_modificacion": "2025-08-01 01:01:01.181698"
  },
  "7c95ca2bdd9e4edd85e96942dfb64e9e1105c.jpeg": {
    "app_sintetizada": "7C95CA2BDD9E4EDD85E96942DFB64E9E1105C.JPEG",
    "cantidad_archivos": 1,
    "archivos_fuente": [
      "Pictures/Fototeca de Fotos.photoslibrary/resources/derivatives/7/7C95CA2B-DD9E-4EDD-85E9-6942DFB64E9E_1_105_c.jpeg"
    ],
    "ultima_modificacion": "2025-08-01 01:01:01.181909"
  },
  "796b17b3515f4938ac9d7900093b8c031105c.jpeg": {
    "app_sintetizada": "796B17B3515F4938AC9D7900093B8C031105C.JPEG",
    "cantidad_archivos": 1,
    "archivos_fuente": [
      "Pictures/Fototeca de Fotos.photoslibrary/resources/derivatives/7/796B17B3-515F-4938-AC9D-7900093B8C03_1_105_c.jpeg"
    ],
    "ultima_modificacion": "2025-08-01 01:01:01.182113"
  },
  "748347a7643a4e688a0a2673a044c1de1105c.jpeg": {
    "app_sintetizada": "748347A7643A4E688A0A2673A044C1DE1105C.JPEG",
    "cantidad_archivos": 1,
    "archivos_fuente": [
      "Pictures/Fototeca de Fotos.photoslibrary/resources/derivatives/7/748347A7-643A-4E68-8A0A-2673A044C1DE_1_105_c.jpeg"
    ],
    "ultima_modificacion": "2025-08-01 01:01:01.182373"
  },
  "7da61f232af14669a1bd73069ab389221105c.jpeg": {
    "app_sintetizada": "7DA61F232AF14669A1BD73069AB389221105C.JPEG",
    "cantidad_archivos": 1,
    "archivos_fuente": [
      "Pictures/Fototeca de Fotos.photoslibrary/resources/derivatives/7/7DA61F23-2AF1-4669-A1BD-73069AB38922_1_105_c.jpeg"
    ],
    "ultima_modificacion": "2025-08-01 01:01:01.182582"
  },
  "7e87651ed65541e3a48771837547c4aa1105c.jpeg": {
    "app_sintetizada": "7E87651ED65541E3A48771837547C4AA1105C.JPEG",
    "cantidad_archivos": 1,
    "archivos_fuente": [
      "Pictures/Fototeca de Fotos.photoslibrary/resources/derivatives/7/7E87651E-D655-41E3-A487-71837547C4AA_1_105_c.jpeg"
    ],
    "ultima_modificacion": "2025-08-01 01:01:01.182795"
  },
  "749cce1cf47549929a17de4dc0973e6b1105c.jpeg": {
    "app_sintetizada": "749CCE1CF47549929A17DE4DC0973E6B1105C.JPEG",
    "cantidad_archivos": 1,
    "archivos_fuente": [
      "Pictures/Fototeca de Fotos.photoslibrary/resources/derivatives/7/749CCE1C-F475-4992-9A17-DE4DC0973E6B_1_105_c.jpeg"
    ],
    "ultima_modificacion": "2025-08-01 01:01:01.183032"
  },
  "7e347dd1c9eb416ba72a317638196a211105c.jpeg": {
    "app_sintetizada": "7E347DD1C9EB416BA72A317638196A211105C.JPEG",
    "cantidad_archivos": 1,
    "archivos_fuente": [
      "Pictures/Fototeca de Fotos.photoslibrary/resources/derivatives/7/7E347DD1-C9EB-416B-A72A-317638196A21_1_105_c.jpeg"
    ],
    "ultima_modificacion": "2025-08-01 01:01:01.183219"
  },
  "7b02ae1a3d614689aa8ccfb61bcc6db01105c.jpeg": {
    "app_sintetizada": "7B02AE1A3D614689AA8CCFB61BCC6DB01105C.JPEG",
    "cantidad_archivos": 1,
    "archivos_fuente": [
      "Pictures/Fototeca de Fotos.photoslibrary/resources/derivatives/7/7B02AE1A-3D61-4689-AA8C-CFB61BCC6DB0_1_105_c.jpeg"
    ],
    "ultima_modificacion": "2025-08-01 01:01:01.183432"
  },
  "771c89220ef54ff28673370cd72c3da81105c.jpeg": {
    "app_sintetizada": "771C89220EF54FF28673370CD72C3DA81105C.JPEG",
    "cantidad_archivos": 1,
    "archivos_fuente": [
      "Pictures/Fototeca de Fotos.photoslibrary/resources/derivatives/7/771C8922-0EF5-4FF2-8673-370CD72C3DA8_1_105_c.jpeg"
    ],
    "ultima_modificacion": "2025-08-01 01:01:01.183670"
  },
  "75b385582d0c4503b90e044fe6f9bb9b1105c.jpeg": {
    "app_sintetizada": "75B385582D0C4503B90E044FE6F9BB9B1105C.JPEG",
    "cantidad_archivos": 1,
    "archivos_fuente": [
      "Pictures/Fototeca de Fotos.photoslibrary/resources/derivatives/7/75B38558-2D0C-4503-B90E-044FE6F9BB9B_1_105_c.jpeg"
    ],
    "ultima_modificacion": "2025-08-01 01:01:01.183921"
  },
  "7a182ef7236e497195d35e6149fb5fcc1105c.jpeg": {
    "app_sintetizada": "7A182EF7236E497195D35E6149FB5FCC1105C.JPEG",
    "cantidad_archivos": 1,
    "archivos_fuente": [
      "Pictures/Fototeca de Fotos.photoslibrary/resources/derivatives/7/7A182EF7-236E-4971-95D3-5E6149FB5FCC_1_105_c.jpeg"
    ],
    "ultima_modificacion": "2025-08-01 01:01:01.184123"
  },
  "7820fd305877408cbda12835ecb6b4b71100o.jpeg": {
    "app_sintetizada": "7820FD305877408CBDA12835ECB6B4B71100O.JPEG",
    "cantidad_archivos": 1,
    "archivos_fuente": [
      "Pictures/Fototeca de Fotos.photoslibrary/resources/derivatives/7/7820FD30-5877-408C-BDA1-2835ECB6B4B7_1_100_o.jpeg"
    ],
    "ultima_modificacion": "2025-08-01 01:01:01.184302"
  },
  "7c285dde07e94262ac9d004a1bfc04d11105c.jpeg": {
    "app_sintetizada": "7C285DDE07E94262AC9D004A1BFC04D11105C.JPEG",
    "cantidad_archivos": 1,
    "archivos_fuente": [
      "Pictures/Fototeca de Fotos.photoslibrary/resources/derivatives/7/7C285DDE-07E9-4262-AC9D-004A1BFC04D1_1_105_c.jpeg"
    ],
    "ultima_modificacion": "2025-08-01 01:01:01.184478"
  },
  "71dc552cf3124ca480d5e05e6115026e.thm": {
    "app_sintetizada": "71DC552CF3124CA480D5E05E6115026E.THM",
    "cantidad_archivos": 1,
    "archivos_fuente": [
      "Pictures/Fototeca de Fotos.photoslibrary/resources/derivatives/7/71DC552C-F312-4CA4-80D5-E05E6115026E.THM"
    ],
    "ultima_modificacion": "2025-08-01 01:01:01.184681"
  },
  "7be3ac9c63874a1d826c3f1ece792cc81105c.jpeg": {
    "app_sintetizada": "7BE3AC9C63874A1D826C3F1ECE792CC81105C.JPEG",
    "cantidad_archivos": 1,
    "archivos_fuente": [
      "Pictures/Fototeca de Fotos.photoslibrary/resources/derivatives/7/7BE3AC9C-6387-4A1D-826C-3F1ECE792CC8_1_105_c.jpeg"
    ],
    "ultima_modificacion": "2025-08-01 01:01:01.184891"
  },
  "7ebbefc052484eb8bc615ad102d165b71105c.jpeg": {
    "app_sintetizada": "7EBBEFC052484EB8BC615AD102D165B71105C.JPEG",
    "cantidad_archivos": 1,
    "archivos_fuente": [
      "Pictures/Fototeca de Fotos.photoslibrary/resources/derivatives/7/7EBBEFC0-5248-4EB8-BC61-5AD102D165B7_1_105_c.jpeg"
    ],
    "ultima_modificacion": "2025-08-01 01:01:01.185085"
  },
  "751069a6729e4d57ad0176c89db36ed81105c.jpeg": {
    "app_sintetizada": "751069A6729E4D57AD0176C89DB36ED81105C.JPEG",
    "cantidad_archivos": 1,
    "archivos_fuente": [
      "Pictures/Fototeca de Fotos.photoslibrary/resources/derivatives/7/751069A6-729E-4D57-AD01-76C89DB36ED8_1_105_c.jpeg"
    ],
    "ultima_modificacion": "2025-08-01 01:01:01.185271"
  },
  "7bba5f23db3b491494f4cbd46cb33c3d1105c.jpeg": {
    "app_sintetizada": "7BBA5F23DB3B491494F4CBD46CB33C3D1105C.JPEG",
    "cantidad_archivos": 1,
    "archivos_fuente": [
      "Pictures/Fototeca de Fotos.photoslibrary/resources/derivatives/7/7BBA5F23-DB3B-4914-94F4-CBD46CB33C3D_1_105_c.jpeg"
    ],
    "ultima_modificacion": "2025-08-01 01:01:01.185455"
  },
  "734d8c1e5e9b47c38897226a32882ebe1105c.jpeg": {
    "app_sintetizada": "734D8C1E5E9B47C38897226A32882EBE1105C.JPEG",
    "cantidad_archivos": 1,
    "archivos_fuente": [
      "Pictures/Fototeca de Fotos.photoslibrary/resources/derivatives/7/734D8C1E-5E9B-47C3-8897-226A32882EBE_1_105_c.jpeg"
    ],
    "ultima_modificacion": "2025-08-01 01:01:01.185642"
  },
  "7cd9a8c6c8d943de8df7a388e031f5b51105c.jpeg": {
    "app_sintetizada": "7CD9A8C6C8D943DE8DF7A388E031F5B51105C.JPEG",
    "cantidad_archivos": 1,
    "archivos_fuente": [
      "Pictures/Fototeca de Fotos.photoslibrary/resources/derivatives/7/7CD9A8C6-C8D9-43DE-8DF7-A388E031F5B5_1_105_c.jpeg"
    ],
    "ultima_modificacion": "2025-08-01 01:01:01.185912"
  },
  "70298f56b2b043ca8abeb0ed2cd925b71105c.jpeg": {
    "app_sintetizada": "70298F56B2B043CA8ABEB0ED2CD925B71105C.JPEG",
    "cantidad_archivos": 1,
    "archivos_fuente": [
      "Pictures/Fototeca de Fotos.photoslibrary/resources/derivatives/7/70298F56-B2B0-43CA-8ABE-B0ED2CD925B7_1_105_c.jpeg"
    ],
    "ultima_modificacion": "2025-08-01 01:01:01.186180"
  },
  "7e3b0ed3fc72442d83950d05dd6df03c1105c.jpeg": {
    "app_sintetizada": "7E3B0ED3FC72442D83950D05DD6DF03C1105C.JPEG",
    "cantidad_archivos": 1,
    "archivos_fuente": [
      "Pictures/Fototeca de Fotos.photoslibrary/resources/derivatives/7/7E3B0ED3-FC72-442D-8395-0D05DD6DF03C_1_105_c.jpeg"
    ],
    "ultima_modificacion": "2025-08-01 01:01:01.186420"
  },
  "7c25d2ad746c4e01b509663a9f0761421105c.jpeg": {
    "app_sintetizada": "7C25D2AD746C4E01B509663A9F0761421105C.JPEG",
    "cantidad_archivos": 1,
    "archivos_fuente": [
      "Pictures/Fototeca de Fotos.photoslibrary/resources/derivatives/7/7C25D2AD-746C-4E01-B509-663A9F076142_1_105_c.jpeg"
    ],
    "ultima_modificacion": "2025-08-01 01:01:01.186684"
  },
  "778b1917f2c746f3a409988a71e468a51105c.jpeg": {
    "app_sintetizada": "778B1917F2C746F3A409988A71E468A51105C.JPEG",
    "cantidad_archivos": 1,
    "archivos_fuente": [
      "Pictures/Fototeca de Fotos.photoslibrary/resources/derivatives/7/778B1917-F2C7-46F3-A409-988A71E468A5_1_105_c.jpeg"
    ],
    "ultima_modificacion": "2025-08-01 01:01:01.186970"
  },
  "7cc67f95ff664fa1921b9df0012e44811105c.jpeg": {
    "app_sintetizada": "7CC67F95FF664FA1921B9DF0012E44811105C.JPEG",
    "cantidad_archivos": 1,
    "archivos_fuente": [
      "Pictures/Fototeca de Fotos.photoslibrary/resources/derivatives/7/7CC67F95-FF66-4FA1-921B-9DF0012E4481_1_105_c.jpeg"
    ],
    "ultima_modificacion": "2025-08-01 01:01:01.187232"
  },
  "7ca09948e8e04820873d94fc5ad2a7111105c.jpeg": {
    "app_sintetizada": "7CA09948E8E04820873D94FC5AD2A7111105C.JPEG",
    "cantidad_archivos": 1,
    "archivos_fuente": [
      "Pictures/Fototeca de Fotos.photoslibrary/resources/derivatives/7/7CA09948-E8E0-4820-873D-94FC5AD2A711_1_105_c.jpeg"
    ],
    "ultima_modificacion": "2025-08-01 01:01:01.187507"
  },
  "719247713b14462d9870ebd6297be3991105c.jpeg": {
    "app_sintetizada": "719247713B14462D9870EBD6297BE3991105C.JPEG",
    "cantidad_archivos": 1,
    "archivos_fuente": [
      "Pictures/Fototeca de Fotos.photoslibrary/resources/derivatives/7/71924771-3B14-462D-9870-EBD6297BE399_1_105_c.jpeg"
    ],
    "ultima_modificacion": "2025-08-01 01:01:01.187795"
  },
  "7b3b36c5697e4e2c8cbdb5d5b52786c01105c.jpeg": {
    "app_sintetizada": "7B3B36C5697E4E2C8CBDB5D5B52786C01105C.JPEG",
    "cantidad_archivos": 1,
    "archivos_fuente": [
      "Pictures/Fototeca de Fotos.photoslibrary/resources/derivatives/7/7B3B36C5-697E-4E2C-8CBD-B5D5B52786C0_1_105_c.jpeg"
    ],
    "ultima_modificacion": "2025-08-01 01:01:01.188120"
  },
  "7108c527d8e84f13890abb4f90e06b9d1105c.jpeg": {
    "app_sintetizada": "7108C527D8E84F13890ABB4F90E06B9D1105C.JPEG",
    "cantidad_archivos": 1,
    "archivos_fuente": [
      "Pictures/Fototeca de Fotos.photoslibrary/resources/derivatives/7/7108C527-D8E8-4F13-890A-BB4F90E06B9D_1_105_c.jpeg"
    ],
    "ultima_modificacion": "2025-08-01 01:01:01.188401"
  },
  "72e94ac44e65479cb73cdb4abf5b2d9c1105c.jpeg": {
    "app_sintetizada": "72E94AC44E65479CB73CDB4ABF5B2D9C1105C.JPEG",
    "cantidad_archivos": 1,
    "archivos_fuente": [
      "Pictures/Fototeca de Fotos.photoslibrary/resources/derivatives/7/72E94AC4-4E65-479C-B73C-DB4ABF5B2D9C_1_105_c.jpeg"
    ],
    "ultima_modificacion": "2025-08-01 01:01:01.188670"
  },
  "784f915b1251406ba800be1d8829dd021105c.jpeg": {
    "app_sintetizada": "784F915B1251406BA800BE1D8829DD021105C.JPEG",
    "cantidad_archivos": 1,
    "archivos_fuente": [
      "Pictures/Fototeca de Fotos.photoslibrary/resources/derivatives/7/784F915B-1251-406B-A800-BE1D8829DD02_1_105_c.jpeg"
    ],
    "ultima_modificacion": "2025-08-01 01:01:01.188932"
  },
  "7395651610ee49d3a416f13d338e0cd41105c.jpeg": {
    "app_sintetizada": "7395651610EE49D3A416F13D338E0CD41105C.JPEG",
    "cantidad_archivos": 1,
    "archivos_fuente": [
      "Pictures/Fototeca de Fotos.photoslibrary/resources/derivatives/7/73956516-10EE-49D3-A416-F13D338E0CD4_1_105_c.jpeg"
    ],
    "ultima_modificacion": "2025-08-01 01:01:01.189192"
  },
  "72f534a63a044ca5bd9eb67654e95c5b.thm": {
    "app_sintetizada": "72F534A63A044CA5BD9EB67654E95C5B.THM",
    "cantidad_archivos": 1,
    "archivos_fuente": [
      "Pictures/Fototeca de Fotos.photoslibrary/resources/derivatives/7/72F534A6-3A04-4CA5-BD9E-B67654E95C5B.THM"
    ],
    "ultima_modificacion": "2025-08-01 01:01:01.189454"
  },
  "707afa24f3e24c8da53ec0d6800bf5d81105c.jpeg": {
    "app_sintetizada": "707AFA24F3E24C8DA53EC0D6800BF5D81105C.JPEG",
    "cantidad_archivos": 1,
    "archivos_fuente": [
      "Pictures/Fototeca de Fotos.photoslibrary/resources/derivatives/7/707AFA24-F3E2-4C8D-A53E-C0D6800BF5D8_1_105_c.jpeg"
    ],
    "ultima_modificacion": "2025-08-01 01:01:01.189731"
  },
  "7b4b60b8e49d4edaa302fc5d7fdbab231105c.jpeg": {
    "app_sintetizada": "7B4B60B8E49D4EDAA302FC5D7FDBAB231105C.JPEG",
    "cantidad_archivos": 1,
    "archivos_fuente": [
      "Pictures/Fototeca de Fotos.photoslibrary/resources/derivatives/7/7B4B60B8-E49D-4EDA-A302-FC5D7FDBAB23_1_105_c.jpeg"
    ],
    "ultima_modificacion": "2025-08-01 01:01:01.190242"
  },
  "7c17d41ec50e4cfdaa25a54e5842809e1105c.jpeg": {
    "app_sintetizada": "7C17D41EC50E4CFDAA25A54E5842809E1105C.JPEG",
    "cantidad_archivos": 1,
    "archivos_fuente": [
      "Pictures/Fototeca de Fotos.photoslibrary/resources/derivatives/7/7C17D41E-C50E-4CFD-AA25-A54E5842809E_1_105_c.jpeg"
    ],
    "ultima_modificacion": "2025-08-01 01:01:01.190514"
  },
  "7a912e41df7e4069bfa7fb22a66df4581105c.jpeg": {
    "app_sintetizada": "7A912E41DF7E4069BFA7FB22A66DF4581105C.JPEG",
    "cantidad_archivos": 1,
    "archivos_fuente": [
      "Pictures/Fototeca de Fotos.photoslibrary/resources/derivatives/7/7A912E41-DF7E-4069-BFA7-FB22A66DF458_1_105_c.jpeg"
    ],
    "ultima_modificacion": "2025-08-01 01:01:01.190796"
  },
  "7a810ca9c00d43a98a20c683f25c62351105c.jpeg": {
    "app_sintetizada": "7A810CA9C00D43A98A20C683F25C62351105C.JPEG",
    "cantidad_archivos": 1,
    "archivos_fuente": [
      "Pictures/Fototeca de Fotos.photoslibrary/resources/derivatives/7/7A810CA9-C00D-43A9-8A20-C683F25C6235_1_105_c.jpeg"
    ],
    "ultima_modificacion": "2025-08-01 01:01:01.191104"
  },
  "7916064e6e6c4879a8c2036b30b23b5d1105c.jpeg": {
    "app_sintetizada": "7916064E6E6C4879A8C2036B30B23B5D1105C.JPEG",
    "cantidad_archivos": 1,
    "archivos_fuente": [
      "Pictures/Fototeca de Fotos.photoslibrary/resources/derivatives/7/7916064E-6E6C-4879-A8C2-036B30B23B5D_1_105_c.jpeg"
    ],
    "ultima_modificacion": "2025-08-01 01:01:01.191360"
  },
  "7ae69a850885420c943048d3af1438131105c.jpeg": {
    "app_sintetizada": "7AE69A850885420C943048D3AF1438131105C.JPEG",
    "cantidad_archivos": 1,
    "archivos_fuente": [
      "Pictures/Fototeca de Fotos.photoslibrary/resources/derivatives/7/7AE69A85-0885-420C-9430-48D3AF143813_1_105_c.jpeg"
    ],
    "ultima_modificacion": "2025-08-01 01:01:01.191620"
  },
  "772a10a8e13d4bb09f53e2964c5953fc1105c.jpeg": {
    "app_sintetizada": "772A10A8E13D4BB09F53E2964C5953FC1105C.JPEG",
    "cantidad_archivos": 1,
    "archivos_fuente": [
      "Pictures/Fototeca de Fotos.photoslibrary/resources/derivatives/7/772A10A8-E13D-4BB0-9F53-E2964C5953FC_1_105_c.jpeg"
    ],
    "ultima_modificacion": "2025-08-01 01:01:01.191929"
  },
  "71b9f41003cb4c119028ff052d00a0261105c.jpeg": {
    "app_sintetizada": "71B9F41003CB4C119028FF052D00A0261105C.JPEG",
    "cantidad_archivos": 1,
    "archivos_fuente": [
      "Pictures/Fototeca de Fotos.photoslibrary/resources/derivatives/7/71B9F410-03CB-4C11-9028-FF052D00A026_1_105_c.jpeg"
    ],
    "ultima_modificacion": "2025-08-01 01:01:01.192213"
  },
  "75e2ea4d60724b5cab1c5755dea89e531105c.jpeg": {
    "app_sintetizada": "75E2EA4D60724B5CAB1C5755DEA89E531105C.JPEG",
    "cantidad_archivos": 1,
    "archivos_fuente": [
      "Pictures/Fototeca de Fotos.photoslibrary/resources/derivatives/7/75E2EA4D-6072-4B5C-AB1C-5755DEA89E53_1_105_c.jpeg"
    ],
    "ultima_modificacion": "2025-08-01 01:01:01.192504"
  },
  "7bc3735c28d743aea1b609662d72b9b11105c.jpeg": {
    "app_sintetizada": "7BC3735C28D743AEA1B609662D72B9B11105C.JPEG",
    "cantidad_archivos": 1,
    "archivos_fuente": [
      "Pictures/Fototeca de Fotos.photoslibrary/resources/derivatives/7/7BC3735C-28D7-43AE-A1B6-09662D72B9B1_1_105_c.jpeg"
    ],
    "ultima_modificacion": "2025-08-01 01:01:01.192812"
  },
  "709c2feabe1543d5b721722714271fa61105c.jpeg": {
    "app_sintetizada": "709C2FEABE1543D5B721722714271FA61105C.JPEG",
    "cantidad_archivos": 1,
    "archivos_fuente": [
      "Pictures/Fototeca de Fotos.photoslibrary/resources/derivatives/7/709C2FEA-BE15-43D5-B721-722714271FA6_1_105_c.jpeg"
    ],
    "ultima_modificacion": "2025-08-01 01:01:01.193101"
  },
  "76ac5613dc11419292a628d9b47978281105c.jpeg": {
    "app_sintetizada": "76AC5613DC11419292A628D9B47978281105C.JPEG",
    "cantidad_archivos": 1,
    "archivos_fuente": [
      "Pictures/Fototeca de Fotos.photoslibrary/resources/derivatives/7/76AC5613-DC11-4192-92A6-28D9B4797828_1_105_c.jpeg"
    ],
    "ultima_modificacion": "2025-08-01 01:01:01.193383"
  },
  "76bfd77ffb194974a59dac87665a9f671105c.jpeg": {
    "app_sintetizada": "76BFD77FFB194974A59DAC87665A9F671105C.JPEG",
    "cantidad_archivos": 1,
    "archivos_fuente": [
      "Pictures/Fototeca de Fotos.photoslibrary/resources/derivatives/7/76BFD77F-FB19-4974-A59D-AC87665A9F67_1_105_c.jpeg"
    ],
    "ultima_modificacion": "2025-08-01 01:01:01.193701"
  },
  "7549d9456e82417c8827df205aa6949a1105c.jpeg": {
    "app_sintetizada": "7549D9456E82417C8827DF205AA6949A1105C.JPEG",
    "cantidad_archivos": 1,
    "archivos_fuente": [
      "Pictures/Fototeca de Fotos.photoslibrary/resources/derivatives/7/7549D945-6E82-417C-8827-DF205AA6949A_1_105_c.jpeg"
    ],
    "ultima_modificacion": "2025-08-01 01:01:01.194014"
  },
  "7971fa7f900b42f582d94dea9136a2f21105c.jpeg": {
    "app_sintetizada": "7971FA7F900B42F582D94DEA9136A2F21105C.JPEG",
    "cantidad_archivos": 1,
    "archivos_fuente": [
      "Pictures/Fototeca de Fotos.photoslibrary/resources/derivatives/7/7971FA7F-900B-42F5-82D9-4DEA9136A2F2_1_105_c.jpeg"
    ],
    "ultima_modificacion": "2025-08-01 01:01:01.194312"
  },
  "7b02af49a6a341aea266aee25960abc91105c.jpeg": {
    "app_sintetizada": "7B02AF49A6A341AEA266AEE25960ABC91105C.JPEG",
    "cantidad_archivos": 1,
    "archivos_fuente": [
      "Pictures/Fototeca de Fotos.photoslibrary/resources/derivatives/7/7B02AF49-A6A3-41AE-A266-AEE25960ABC9_1_105_c.jpeg"
    ],
    "ultima_modificacion": "2025-08-01 01:01:01.194600"
  },
  "766b5620475e42c0b29c9ac041c4244a.thm": {
    "app_sintetizada": "766B5620475E42C0B29C9AC041C4244A.THM",
    "cantidad_archivos": 1,
    "archivos_fuente": [
      "Pictures/Fototeca de Fotos.photoslibrary/resources/derivatives/7/766B5620-475E-42C0-B29C-9AC041C4244A.THM"
    ],
    "ultima_modificacion": "2025-08-01 01:01:01.194911"
  }
}