{
  "0214b245967d4cdbb61bc01dedbdcac31105c.jpeg": {
    "app_sintetizada": "0214B245967D4CDBB61BC01DEDBDCAC31105C.JPEG",
    "cantidad_archivos": 1,
    "archivos_fuente": [
      "Pictures/Fototeca de Fotos.photoslibrary/resources/derivatives/0/0214B245-967D-4CDB-B61B-C01DEDBDCAC3_1_105_c.jpeg"
    ],
    "ultima_modificacion": "2025-08-01 01:01:00.668895"
  },
  "0375ae87415d464e8905e57851ec3fa31105c.jpeg": {
    "app_sintetizada": "0375AE87415D464E8905E57851EC3FA31105C.JPEG",
    "cantidad_archivos": 1,
    "archivos_fuente": [
      "Pictures/Fototeca de Fotos.photoslibrary/resources/derivatives/0/0375AE87-415D-464E-8905-E57851EC3FA3_1_105_c.jpeg"
    ],
    "ultima_modificacion": "2025-08-01 01:01:00.669170"
  },
  "0ea752c7f24a4214b09fb401e76ca0b41105c.jpeg": {
    "app_sintetizada": "0EA752C7F24A4214B09FB401E76CA0B41105C.JPEG",
    "cantidad_archivos": 1,
    "archivos_fuente": [
      "Pictures/Fototeca de Fotos.photoslibrary/resources/derivatives/0/0EA752C7-F24A-4214-B09F-B401E76CA0B4_1_105_c.jpeg"
    ],
    "ultima_modificacion": "2025-08-01 01:01:00.669519"
  },
  "0f35c54201a54e65aa3f502dea502d281105c.jpeg": {
    "app_sintetizada": "0F35C54201A54E65AA3F502DEA502D281105C.JPEG",
    "cantidad_archivos": 1,
    "archivos_fuente": [
      "Pictures/Fototeca de Fotos.photoslibrary/resources/derivatives/0/0F35C542-01A5-4E65-AA3F-502DEA502D28_1_105_c.jpeg"
    ],
    "ultima_modificacion": "2025-08-01 01:01:00.669735"
  },
  "0576ef4156934d10ac1d23e0597939271105c.jpeg": {
    "app_sintetizada": "0576EF4156934D10AC1D23E0597939271105C.JPEG",
    "cantidad_archivos": 1,
    "archivos_fuente": [
      "Pictures/Fototeca de Fotos.photoslibrary/resources/derivatives/0/0576EF41-5693-4D10-AC1D-23E059793927_1_105_c.jpeg"
    ],
    "ultima_modificacion": "2025-08-01 01:01:00.669926"
  },
  "0a0e0c286ef8433885320ad739e69f611105c.jpeg": {
    "app_sintetizada": "0A0E0C286EF8433885320AD739E69F611105C.JPEG",
    "cantidad_archivos": 1,
    "archivos_fuente": [
      "Pictures/Fototeca de Fotos.photoslibrary/resources/derivatives/0/0A0E0C28-6EF8-4338-8532-0AD739E69F61_1_105_c.jpeg"
    ],
    "ultima_modificacion": "2025-08-01 01:01:00.670112"
  },
  "0271b163e1814dfcbcb45c27377afcee1105c.jpeg": {
    "app_sintetizada": "0271B163E1814DFCBCB45C27377AFCEE1105C.JPEG",
    "cantidad_archivos": 1,
    "archivos_fuente": [
      "Pictures/Fototeca de Fotos.photoslibrary/resources/derivatives/0/0271B163-E181-4DFC-BCB4-5C27377AFCEE_1_105_c.jpeg"
    ],
    "ultima_modificacion": "2025-08-01 01:01:00.670340"
  },
  "077114b1065646e2900e38a4affb33f01105c.jpeg": {
    "app_sintetizada": "077114B1065646E2900E38A4AFFB33F01105C.JPEG",
    "cantidad_archivos": 1,
    "archivos_fuente": [
      "Pictures/Fototeca de Fotos.photoslibrary/resources/derivatives/0/077114B1-0656-46E2-900E-38A4AFFB33F0_1_105_c.jpeg"
    ],
    "ultima_modificacion": "2025-08-01 01:01:00.670673"
  },
  "0a0eb41e2c3d4c578a3c00a8ef1a4e071105c.jpeg": {
    "app_sintetizada": "0A0EB41E2C3D4C578A3C00A8EF1A4E071105C.JPEG",
    "cantidad_archivos": 1,
    "archivos_fuente": [
      "Pictures/Fototeca de Fotos.photoslibrary/resources/derivatives/0/0A0EB41E-2C3D-4C57-8A3C-00A8EF1A4E07_1_105_c.jpeg"
    ],
    "ultima_modificacion": "2025-08-01 01:01:00.670939"
  },
  "0188e511b5a6483e9220e5a007ae55fe1105c.jpeg": {
    "app_sintetizada": "0188E511B5A6483E9220E5A007AE55FE1105C.JPEG",
    "cantidad_archivos": 1,
    "archivos_fuente": [
      "Pictures/Fototeca de Fotos.photoslibrary/resources/derivatives/0/0188E511-B5A6-483E-9220-E5A007AE55FE_1_105_c.jpeg"
    ],
    "ultima_modificacion": "2025-08-01 01:01:00.671270"
  },
  "0b8cf2e22f7240d7be1f13d6d93d663a1105c.jpeg": {
    "app_sintetizada": "0B8CF2E22F7240D7BE1F13D6D93D663A1105C.JPEG",
    "cantidad_archivos": 1,
    "archivos_fuente": [
      "Pictures/Fototeca de Fotos.photoslibrary/resources/derivatives/0/0B8CF2E2-2F72-40D7-BE1F-13D6D93D663A_1_105_c.jpeg"
    ],
    "ultima_modificacion": "2025-08-01 01:01:00.671547"
  },
  "0b751b363a2f4513b248f736118ba8c91105c.jpeg": {
    "app_sintetizada": "0B751B363A2F4513B248F736118BA8C91105C.JPEG",
    "cantidad_archivos": 1,
    "archivos_fuente": [
      "Pictures/Fototeca de Fotos.photoslibrary/resources/derivatives/0/0B751B36-3A2F-4513-B248-F736118BA8C9_1_105_c.jpeg"
    ],
    "ultima_modificacion": "2025-08-01 01:01:00.671771"
  },
  "0edc23e24bba432190fd80baea6bc2e81105c.jpeg": {
    "app_sintetizada": "0EDC23E24BBA432190FD80BAEA6BC2E81105C.JPEG",
    "cantidad_archivos": 1,
    "archivos_fuente": [
      "Pictures/Fototeca de Fotos.photoslibrary/resources/derivatives/0/0EDC23E2-4BBA-4321-90FD-80BAEA6BC2E8_1_105_c.jpeg"
    ],
    "ultima_modificacion": "2025-08-01 01:01:00.671985"
  },
  "0f0c2ecf4da24b99aa120d1dc886aad11105c.jpeg": {
    "app_sintetizada": "0F0C2ECF4DA24B99AA120D1DC886AAD11105C.JPEG",
    "cantidad_archivos": 1,
    "archivos_fuente": [
      "Pictures/Fototeca de Fotos.photoslibrary/resources/derivatives/0/0F0C2ECF-4DA2-4B99-AA12-0D1DC886AAD1_1_105_c.jpeg"
    ],
    "ultima_modificacion": "2025-08-01 01:01:00.672170"
  },
  "0b4aed8526564cfe8bcf7cd28752c3c61105c.jpeg": {
    "app_sintetizada": "0B4AED8526564CFE8BCF7CD28752C3C61105C.JPEG",
    "cantidad_archivos": 1,
    "archivos_fuente": [
      "Pictures/Fototeca de Fotos.photoslibrary/resources/derivatives/0/0B4AED85-2656-4CFE-8BCF-7CD28752C3C6_1_105_c.jpeg"
    ],
    "ultima_modificacion": "2025-08-01 01:01:00.672344"
  },
  "0afdf81c99034df39ec1b6354b20d52c1105c.jpeg": {
    "app_sintetizada": "0AFDF81C99034DF39EC1B6354B20D52C1105C.JPEG",
    "cantidad_archivos": 1,
    "archivos_fuente": [
      "Pictures/Fototeca de Fotos.photoslibrary/resources/derivatives/0/0AFDF81C-9903-4DF3-9EC1-B6354B20D52C_1_105_c.jpeg"
    ],
    "ultima_modificacion": "2025-08-01 01:01:00.672522"
  },
  "08fe8b453eff4ec7bb5e192731a02b521105c.jpeg": {
    "app_sintetizada": "08FE8B453EFF4EC7BB5E192731A02B521105C.JPEG",
    "cantidad_archivos": 1,
    "archivos_fuente": [
      "Pictures/Fototeca de Fotos.photoslibrary/resources/derivatives/0/08FE8B45-3EFF-4EC7-BB5E-192731A02B52_1_105_c.jpeg"
    ],
    "ultima_modificacion": "2025-08-01 01:01:00.672723"
  },
  "0fe2ba7fc3b64664bec676aebe54dd911105c.jpeg": {
    "app_sintetizada": "0FE2BA7FC3B64664BEC676AEBE54DD911105C.JPEG",
    "cantidad_archivos": 1,
    "archivos_fuente": [
      "Pictures/Fototeca de Fotos.photoslibrary/resources/derivatives/0/0FE2BA7F-C3B6-4664-BEC6-76AEBE54DD91_1_105_c.jpeg"
    ],
    "ultima_modificacion": "2025-08-01 01:01:00.672951"
  },
  "0a69b53e0f0c4d898592888b4b5cf1221105c.jpeg": {
    "app_sintetizada": "0A69B53E0F0C4D898592888B4B5CF1221105C.JPEG",
    "cantidad_archivos": 1,
    "archivos_fuente": [
      "Pictures/Fototeca de Fotos.photoslibrary/resources/derivatives/0/0A69B53E-0F0C-4D89-8592-888B4B5CF122_1_105_c.jpeg"
    ],
    "ultima_modificacion": "2025-08-01 01:01:00.673145"
  },
  "0d9730cbb7614a6fa498ee70fe5dad871105c.jpeg": {
    "app_sintetizada": "0D9730CBB7614A6FA498EE70FE5DAD871105C.JPEG",
    "cantidad_archivos": 1,
    "archivos_fuente": [
      "Pictures/Fototeca de Fotos.photoslibrary/resources/derivatives/0/0D9730CB-B761-4A6F-A498-EE70FE5DAD87_1_105_c.jpeg"
    ],
    "ultima_modificacion": "2025-08-01 01:01:00.673328"
  },
  "030645ad2f874d73acacf7e70a678c271105c.jpeg": {
    "app_sintetizada": "030645AD2F874D73ACACF7E70A678C271105C.JPEG",
    "cantidad_archivos": 1,
    "archivos_fuente": [
      "Pictures/Fototeca de Fotos.photoslibrary/resources/derivatives/0/030645AD-2F87-4D73-ACAC-F7E70A678C27_1_105_c.jpeg"
    ],
    "ultima_modificacion": "2025-08-01 01:01:00.673518"
  },
  "086cae0babb24c61a29e30251c6afa511105c.jpeg": {
    "app_sintetizada": "086CAE0BABB24C61A29E30251C6AFA511105C.JPEG",
    "cantidad_archivos": 1,
    "archivos_fuente": [
      "Pictures/Fototeca de Fotos.photoslibrary/resources/derivatives/0/086CAE0B-ABB2-4C61-A29E-30251C6AFA51_1_105_c.jpeg"
    ],
    "ultima_modificacion": "2025-08-01 01:01:00.673708"
  },
  "0787b70a6c2d48339ff64b24be09a70a1105c.jpeg": {
    "app_sintetizada": "0787B70A6C2D48339FF64B24BE09A70A1105C.JPEG",
    "cantidad_archivos": 1,
    "archivos_fuente": [
      "Pictures/Fototeca de Fotos.photoslibrary/resources/derivatives/0/0787B70A-6C2D-4833-9FF6-4B24BE09A70A_1_105_c.jpeg"
    ],
    "ultima_modificacion": "2025-08-01 01:01:00.673914"
  },
  "0fd9ad28d5e442a5959f791cafe5897a1105c.jpeg": {
    "app_sintetizada": "0FD9AD28D5E442A5959F791CAFE5897A1105C.JPEG",
    "cantidad_archivos": 1,
    "archivos_fuente": [
      "Pictures/Fototeca de Fotos.photoslibrary/resources/derivatives/0/0FD9AD28-D5E4-42A5-959F-791CAFE5897A_1_105_c.jpeg"
    ],
    "ultima_modificacion": "2025-08-01 01:01:00.674101"
  },
  "0c37aeb38c7844a7ada2bd13c1362f941105c.jpeg": {
    "app_sintetizada": "0C37AEB38C7844A7ADA2BD13C1362F941105C.JPEG",
    "cantidad_archivos": 1,
    "archivos_fuente": [
      "Pictures/Fototeca de Fotos.photoslibrary/resources/derivatives/0/0C37AEB3-8C78-44A7-ADA2-BD13C1362F94_1_105_c.jpeg"
    ],
    "ultima_modificacion": "2025-08-01 01:01:00.674344"
  },
  "035f1e356ff4491eaf226740da6e53d11105c.jpeg": {
    "app_sintetizada": "035F1E356FF4491EAF226740DA6E53D11105C.JPEG",
    "cantidad_archivos": 1,
    "archivos_fuente": [
      "Pictures/Fototeca de Fotos.photoslibrary/resources/derivatives/0/035F1E35-6FF4-491E-AF22-6740DA6E53D1_1_105_c.jpeg"
    ],
    "ultima_modificacion": "2025-08-01 01:01:00.674609"
  },
  "07330b8509cd469c86ee715f847fd7901105c.jpeg": {
    "app_sintetizada": "07330B8509CD469C86EE715F847FD7901105C.JPEG",
    "cantidad_archivos": 1,
    "archivos_fuente": [
      "Pictures/Fototeca de Fotos.photoslibrary/resources/derivatives/0/07330B85-09CD-469C-86EE-715F847FD790_1_105_c.jpeg"
    ],
    "ultima_modificacion": "2025-08-01 01:01:00.674819"
  },
  "0454ee91e1f645d0b5c53a6ff4f12f711105c.jpeg": {
    "app_sintetizada": "0454EE91E1F645D0B5C53A6FF4F12F711105C.JPEG",
    "cantidad_archivos": 1,
    "archivos_fuente": [
      "Pictures/Fototeca de Fotos.photoslibrary/resources/derivatives/0/0454EE91-E1F6-45D0-B5C5-3A6FF4F12F71_1_105_c.jpeg"
    ],
    "ultima_modificacion": "2025-08-01 01:01:00.675011"
  },
  "08521dac6e9149e7ad9fd16bc07f85e31105c.jpeg": {
    "app_sintetizada": "08521DAC6E9149E7AD9FD16BC07F85E31105C.JPEG",
    "cantidad_archivos": 1,
    "archivos_fuente": [
      "Pictures/Fototeca de Fotos.photoslibrary/resources/derivatives/0/08521DAC-6E91-49E7-AD9F-D16BC07F85E3_1_105_c.jpeg"
    ],
    "ultima_modificacion": "2025-08-01 01:01:00.675211"
  },
  "01d6ce7f0ea14e4f962e2b95fc5844f21105c.jpeg": {
    "app_sintetizada": "01D6CE7F0EA14E4F962E2B95FC5844F21105C.JPEG",
    "cantidad_archivos": 1,
    "archivos_fuente": [
      "Pictures/Fototeca de Fotos.photoslibrary/resources/derivatives/0/01D6CE7F-0EA1-4E4F-962E-2B95FC5844F2_1_105_c.jpeg"
    ],
    "ultima_modificacion": "2025-08-01 01:01:00.675408"
  },
  "087ddaba629a41d69967325bcb3d108b1105c.jpeg": {
    "app_sintetizada": "087DDABA629A41D69967325BCB3D108B1105C.JPEG",
    "cantidad_archivos": 1,
    "archivos_fuente": [
      "Pictures/Fototeca de Fotos.photoslibrary/resources/derivatives/0/087DDABA-629A-41D6-9967-325BCB3D108B_1_105_c.jpeg"
    ],
    "ultima_modificacion": "2025-08-01 01:01:00.675644"
  },
  "042c26b1785549ed83f47d3870e6722f1105c.jpeg": {
    "app_sintetizada": "042C26B1785549ED83F47D3870E6722F1105C.JPEG",
    "cantidad_archivos": 1,
    "archivos_fuente": [
      "Pictures/Fototeca de Fotos.photoslibrary/resources/derivatives/0/042C26B1-7855-49ED-83F4-7D3870E6722F_1_105_c.jpeg"
    ],
    "ultima_modificacion": "2025-08-01 01:01:00.675963"
  },
  "059b56007a0f41b9be02ba15b581233c1105c.jpeg": {
    "app_sintetizada": "059B56007A0F41B9BE02BA15B581233C1105C.JPEG",
    "cantidad_archivos": 1,
    "archivos_fuente": [
      "Pictures/Fototeca de Fotos.photoslibrary/resources/derivatives/0/059B5600-7A0F-41B9-BE02-BA15B581233C_1_105_c.jpeg"
    ],
    "ultima_modificacion": "2025-08-01 01:01:00.676219"
  },
  "019e5ab294254825b79e910365f0d9551105c.jpeg": {
    "app_sintetizada": "019E5AB294254825B79E910365F0D9551105C.JPEG",
    "cantidad_archivos": 1,
    "archivos_fuente": [
      "Pictures/Fototeca de Fotos.photoslibrary/resources/derivatives/0/019E5AB2-9425-4825-B79E-910365F0D955_1_105_c.jpeg"
    ],
    "ultima_modificacion": "2025-08-01 01:01:00.676535"
  },
  "0882b18e43e4416aab58d82045620f5c1105c.jpeg": {
    "app_sintetizada": "0882B18E43E4416AAB58D82045620F5C1105C.JPEG",
    "cantidad_archivos": 1,
    "archivos_fuente": [
      "Pictures/Fototeca de Fotos.photoslibrary/resources/derivatives/0/0882B18E-43E4-416A-AB58-D82045620F5C_1_105_c.jpeg"
    ],
    "ultima_modificacion": "2025-08-01 01:01:00.676759"
  },
  "007fc947b7814c88b501ee4629c5ba821105c.jpeg": {
    "app_sintetizada": "007FC947B7814C88B501EE4629C5BA821105C.JPEG",
    "cantidad_archivos": 1,
    "archivos_fuente": [
      "Pictures/Fototeca de Fotos.photoslibrary/resources/derivatives/0/007FC947-B781-4C88-B501-EE4629C5BA82_1_105_c.jpeg"
    ],
    "ultima_modificacion": "2025-08-01 01:01:00.676966"
  },
  "0342260f199b40a19a98cd209d668d40.thm": {
    "app_sintetizada": "0342260F199B40A19A98CD209D668D40.THM",
    "cantidad_archivos": 1,
    "archivos_fuente": [
      "Pictures/Fototeca de Fotos.photoslibrary/resources/derivatives/0/0342260F-199B-40A1-9A98-CD209D668D40.THM"
    ],
    "ultima_modificacion": "2025-08-01 01:01:00.677164"
  },
  "0f7835eef6874d739cf966a1ab6c833e1105c.jpeg": {
    "app_sintetizada": "0F7835EEF6874D739CF966A1AB6C833E1105C.JPEG",
    "cantidad_archivos": 1,
    "archivos_fuente": [
      "Pictures/Fototeca de Fotos.photoslibrary/resources/derivatives/0/0F7835EE-F687-4D73-9CF9-66A1AB6C833E_1_105_c.jpeg"
    ],
    "ultima_modificacion": "2025-08-01 01:01:00.677350"
  },
  "024c37d71e0f4b52bc727400fa5f1f901105c.jpeg": {
    "app_sintetizada": "024C37D71E0F4B52BC727400FA5F1F901105C.JPEG",
    "cantidad_archivos": 1,
    "archivos_fuente": [
      "Pictures/Fototeca de Fotos.photoslibrary/resources/derivatives/0/024C37D7-1E0F-4B52-BC72-7400FA5F1F90_1_105_c.jpeg"
    ],
    "ultima_modificacion": "2025-08-01 01:01:00.677543"
  },
  "03b0849c9bef4c5cbadb7bde8f902c871105c.jpeg": {
    "app_sintetizada": "03B0849C9BEF4C5CBADB7BDE8F902C871105C.JPEG",
    "cantidad_archivos": 1,
    "archivos_fuente": [
      "Pictures/Fototeca de Fotos.photoslibrary/resources/derivatives/0/03B0849C-9BEF-4C5C-BADB-7BDE8F902C87_1_105_c.jpeg"
    ],
    "ultima_modificacion": "2025-08-01 01:01:00.677737"
  },
  "02ba23ef326049a7b184ff9e4ac65c1c1105c.jpeg": {
    "app_sintetizada": "02BA23EF326049A7B184FF9E4AC65C1C1105C.JPEG",
    "cantidad_archivos": 1,
    "archivos_fuente": [
      "Pictures/Fototeca de Fotos.photoslibrary/resources/derivatives/0/02BA23EF-3260-49A7-B184-FF9E4AC65C1C_1_105_c.jpeg"
    ],
    "ultima_modificacion": "2025-08-01 01:01:00.677919"
  },
  "0b583305037a4f8086688f4f2e3e73121105c.jpeg": {
    "app_sintetizada": "0B583305037A4F8086688F4F2E3E73121105C.JPEG",
    "cantidad_archivos": 1,
    "archivos_fuente": [
      "Pictures/Fototeca de Fotos.photoslibrary/resources/derivatives/0/0B583305-037A-4F80-8668-8F4F2E3E7312_1_105_c.jpeg"
    ],
    "ultima_modificacion": "2025-08-01 01:01:00.678184"
  },
  "0627c696c4a443efbef7059b3cc96f9c1105c.jpeg": {
    "app_sintetizada": "0627C696C4A443EFBEF7059B3CC96F9C1105C.JPEG",
    "cantidad_archivos": 1,
    "archivos_fuente": [
      "Pictures/Fototeca de Fotos.photoslibrary/resources/derivatives/0/0627C696-C4A4-43EF-BEF7-059B3CC96F9C_1_105_c.jpeg"
    ],
    "ultima_modificacion": "2025-08-01 01:01:00.678466"
  },
  "03695bc300bd4498bd9689b058d12c0e1105c.jpeg": {
    "app_sintetizada": "03695BC300BD4498BD9689B058D12C0E1105C.JPEG",
    "cantidad_archivos": 1,
    "archivos_fuente": [
      "Pictures/Fototeca de Fotos.photoslibrary/resources/derivatives/0/03695BC3-00BD-4498-BD96-89B058D12C0E_1_105_c.jpeg"
    ],
    "ultima_modificacion": "2025-08-01 01:01:00.678718"
  },
  "004aafa8c1004910bfb7a0a446886c761105c.jpeg": {
    "app_sintetizada": "004AAFA8C1004910BFB7A0A446886C761105C.JPEG",
    "cantidad_archivos": 1,
    "archivos_fuente": [
      "Pictures/Fototeca de Fotos.photoslibrary/resources/derivatives/0/004AAFA8-C100-4910-BFB7-A0A446886C76_1_105_c.jpeg"
    ],
    "ultima_modificacion": "2025-08-01 01:01:00.678946"
  },
  "05964aae023f423694891b3ac74a6b091105c.jpeg": {
    "app_sintetizada": "05964AAE023F423694891B3AC74A6B091105C.JPEG",
    "cantidad_archivos": 1,
    "archivos_fuente": [
      "Pictures/Fototeca de Fotos.photoslibrary/resources/derivatives/0/05964AAE-023F-4236-9489-1B3AC74A6B09_1_105_c.jpeg"
    ],
    "ultima_modificacion": "2025-08-01 01:01:00.679174"
  },
  "067f9cf8c28c432da80867208f94f2181105c.jpeg": {
    "app_sintetizada": "067F9CF8C28C432DA80867208F94F2181105C.JPEG",
    "cantidad_archivos": 1,
    "archivos_fuente": [
      "Pictures/Fototeca de Fotos.photoslibrary/resources/derivatives/0/067F9CF8-C28C-432D-A808-67208F94F218_1_105_c.jpeg"
    ],
    "ultima_modificacion": "2025-08-01 01:01:00.679360"
  },
  "09f9711c4e474993857162452d2b42271105c.jpeg": {
    "app_sintetizada": "09F9711C4E474993857162452D2B42271105C.JPEG",
    "cantidad_archivos": 1,
    "archivos_fuente": [
      "Pictures/Fototeca de Fotos.photoslibrary/resources/derivatives/0/09F9711C-4E47-4993-8571-62452D2B4227_1_105_c.jpeg"
    ],
    "ultima_modificacion": "2025-08-01 01:01:00.679546"
  },
  "040bb170a1a042468918d7a79233806e1105c.jpeg": {
    "app_sintetizada": "040BB170A1A042468918D7A79233806E1105C.JPEG",
    "cantidad_archivos": 1,
    "archivos_fuente": [
      "Pictures/Fototeca de Fotos.photoslibrary/resources/derivatives/0/040BB170-A1A0-4246-8918-D7A79233806E_1_105_c.jpeg"
    ],
    "ultima_modificacion": "2025-08-01 01:01:00.679718"
  },
  "0ce9d45a11864003b5ccd7425b383f781105c.jpeg": {
    "app_sintetizada": "0CE9D45A11864003B5CCD7425B383F781105C.JPEG",
    "cantidad_archivos": 1,
    "archivos_fuente": [
      "Pictures/Fototeca de Fotos.photoslibrary/resources/derivatives/0/0CE9D45A-1186-4003-B5CC-D7425B383F78_1_105_c.jpeg"
    ],
    "ultima_modificacion": "2025-08-01 01:01:00.679886"
  },
  "03f1c524cd554771a8b354b37fa0cd461105c.jpeg": {
    "app_sintetizada": "03F1C524CD554771A8B354B37FA0CD461105C.JPEG",
    "cantidad_archivos": 1,
    "archivos_fuente": [
      "Pictures/Fototeca de Fotos.photoslibrary/resources/derivatives/0/03F1C524-CD55-4771-A8B3-54B37FA0CD46_1_105_c.jpeg"
    ],
    "ultima_modificacion": "2025-08-01 01:01:00.680052"
  },
  "0eb7643cee73459796e1166b02d8006f1105c.jpeg": {
    "app_sintetizada": "0EB7643CEE73459796E1166B02D8006F1105C.JPEG",
    "cantidad_archivos": 1,
    "archivos_fuente": [
      "Pictures/Fototeca de Fotos.photoslibrary/resources/derivatives/0/0EB7643C-EE73-4597-96E1-166B02D8006F_1_105_c.jpeg"
    ],
    "ultima_modificacion": "2025-08-01 01:01:00.680233"
  },
  "0146c854a96d4fadb0ffda81bc5737521105c.jpeg": {
    "app_sintetizada": "0146C854A96D4FADB0FFDA81BC5737521105C.JPEG",
    "cantidad_archivos": 1,
    "archivos_fuente": [
      "Pictures/Fototeca de Fotos.photoslibrary/resources/derivatives/0/0146C854-A96D-4FAD-B0FF-DA81BC573752_1_105_c.jpeg"
    ],
    "ultima_modificacion": "2025-08-01 01:01:00.680403"
  },
  "058f3b69cd15468e8fbe2fb9637015401105c.jpeg": {
    "app_sintetizada": "058F3B69CD15468E8FBE2FB9637015401105C.JPEG",
    "cantidad_archivos": 1,
    "archivos_fuente": [
      "Pictures/Fototeca de Fotos.photoslibrary/resources/derivatives/0/058F3B69-CD15-468E-8FBE-2FB963701540_1_105_c.jpeg"
    ],
    "ultima_modificacion": "2025-08-01 01:01:00.680595"
  },
  "0ade6ae737d34904894c4371020fab101105c.jpeg": {
    "app_sintetizada": "0ADE6AE737D34904894C4371020FAB101105C.JPEG",
    "cantidad_archivos": 1,
    "archivos_fuente": [
      "Pictures/Fototeca de Fotos.photoslibrary/resources/derivatives/0/0ADE6AE7-37D3-4904-894C-4371020FAB10_1_105_c.jpeg"
    ],
    "ultima_modificacion": "2025-08-01 01:01:00.680765"
  },
  "0bc44134d3bd46d888b712deac8f33a01105c.jpeg": {
    "app_sintetizada": "0BC44134D3BD46D888B712DEAC8F33A01105C.JPEG",
    "cantidad_archivos": 1,
    "archivos_fuente": [
      "Pictures/Fototeca de Fotos.photoslibrary/resources/derivatives/0/0BC44134-D3BD-46D8-88B7-12DEAC8F33A0_1_105_c.jpeg"
    ],
    "ultima_modificacion": "2025-08-01 01:01:00.680946"
  },
  "0c81d28e3f77492dac0074256baef1891105c.jpeg": {
    "app_sintetizada": "0C81D28E3F77492DAC0074256BAEF1891105C.JPEG",
    "cantidad_archivos": 1,
    "archivos_fuente": [
      "Pictures/Fototeca de Fotos.photoslibrary/resources/derivatives/0/0C81D28E-3F77-492D-AC00-74256BAEF189_1_105_c.jpeg"
    ],
    "ultima_modificacion": "2025-08-01 01:01:00.681113"
  },
  "04b9bf7044764365ae5534a0a9ee603a1105c.jpeg": {
    "app_sintetizada": "04B9BF7044764365AE5534A0A9EE603A1105C.JPEG",
    "cantidad_archivos": 1,
    "archivos_fuente": [
      "Pictures/Fototeca de Fotos.photoslibrary/resources/derivatives/0/04B9BF70-4476-4365-AE55-34A0A9EE603A_1_105_c.jpeg"
    ],
    "ultima_modificacion": "2025-08-01 01:01:00.681278"
  },
  "08169a12e2574a2f96daa2664a5ae347.thm": {
    "app_sintetizada": "08169A12E2574A2F96DAA2664A5AE347.THM",
    "cantidad_archivos": 1,
    "archivos_fuente": [
      "Pictures/Fototeca de Fotos.photoslibrary/resources/derivatives/0/08169A12-E257-4A2F-96DA-A2664A5AE347.THM"
    ],
    "ultima_modificacion": "2025-08-01 01:01:00.681495"
  },
  "0e80dff5232f43ca8f8f6d750ca0f0dc1105c.jpeg": {
    "app_sintetizada": "0E80DFF5232F43CA8F8F6D750CA0F0DC1105C.JPEG",
    "cantidad_archivos": 1,
    "archivos_fuente": [
      "Pictures/Fototeca de Fotos.photoslibrary/resources/derivatives/0/0E80DFF5-232F-43CA-8F8F-6D750CA0F0DC_1_105_c.jpeg"
    ],
    "ultima_modificacion": "2025-08-01 01:01:00.681710"
  },
  "01989815bcc44296a08acde8b29533dd1105c.jpeg": {
    "app_sintetizada": "01989815BCC44296A08ACDE8B29533DD1105C.JPEG",
    "cantidad_archivos": 1,
    "archivos_fuente": [
      "Pictures/Fototeca de Fotos.photoslibrary/resources/derivatives/0/01989815-BCC4-4296-A08A-CDE8B29533DD_1_105_c.jpeg"
    ],
    "ultima_modificacion": "2025-08-01 01:01:00.681902"
  },
  "09fcd52682004bb78511b89f4b020f8f1105c.jpeg": {
    "app_sintetizada": "09FCD52682004BB78511B89F4B020F8F1105C.JPEG",
    "cantidad_archivos": 1,
    "archivos_fuente": [
      "Pictures/Fototeca de Fotos.photoslibrary/resources/derivatives/0/09FCD526-8200-4BB7-8511-B89F4B020F8F_1_105_c.jpeg"
    ],
    "ultima_modificacion": "2025-08-01 01:01:00.682096"
  },
  "0c99a494298b413a86c5725a795d66a81105c.jpeg": {
    "app_sintetizada": "0C99A494298B413A86C5725A795D66A81105C.JPEG",
    "cantidad_archivos": 1,
    "archivos_fuente": [
      "Pictures/Fototeca de Fotos.photoslibrary/resources/derivatives/0/0C99A494-298B-413A-86C5-725A795D66A8_1_105_c.jpeg"
    ],
    "ultima_modificacion": "2025-08-01 01:01:00.682385"
  },
  "0680db6f91a240e1b30fcab0621a57261105c.jpeg": {
    "app_sintetizada": "0680DB6F91A240E1B30FCAB0621A57261105C.JPEG",
    "cantidad_archivos": 1,
    "archivos_fuente": [
      "Pictures/Fototeca de Fotos.photoslibrary/resources/derivatives/0/0680DB6F-91A2-40E1-B30F-CAB0621A5726_1_105_c.jpeg"
    ],
    "ultima_modificacion": "2025-08-01 01:01:00.682594"
  },
  "0dd74d4058d64439b278d2442a33fd821105c.jpeg": {
    "app_sintetizada": "0DD74D4058D64439B278D2442A33FD821105C.JPEG",
    "cantidad_archivos": 1,
    "archivos_fuente": [
      "Pictures/Fototeca de Fotos.photoslibrary/resources/derivatives/0/0DD74D40-58D6-4439-B278-D2442A33FD82_1_105_c.jpeg"
    ],
    "ultima_modificacion": "2025-08-01 01:01:00.682813"
  },
  "0ff3a4cb03964306b05e68ea5018232e1105c.jpeg": {
    "app_sintetizada": "0FF3A4CB03964306B05E68EA5018232E1105C.JPEG",
    "cantidad_archivos": 1,
    "archivos_fuente": [
      "Pictures/Fototeca de Fotos.photoslibrary/resources/derivatives/0/0FF3A4CB-0396-4306-B05E-68EA5018232E_1_105_c.jpeg"
    ],
    "ultima_modificacion": "2025-08-01 01:01:00.683011"
  },
  "07db201d84e14b39ae6d0c739750cc8f1100o.jpeg": {
    "app_sintetizada": "07DB201D84E14B39AE6D0C739750CC8F1100O.JPEG",
    "cantidad_archivos": 1,
    "archivos_fuente": [
      "Pictures/Fototeca de Fotos.photoslibrary/resources/derivatives/0/07DB201D-84E1-4B39-AE6D-0C739750CC8F_1_100_o.jpeg"
    ],
    "ultima_modificacion": "2025-08-01 01:01:00.683249"
  },
  "026626cbe7d34c529834c3b1d3f3dd8c1105c.jpeg": {
    "app_sintetizada": "026626CBE7D34C529834C3B1D3F3DD8C1105C.JPEG",
    "cantidad_archivos": 1,
    "archivos_fuente": [
      "Pictures/Fototeca de Fotos.photoslibrary/resources/derivatives/0/026626CB-E7D3-4C52-9834-C3B1D3F3DD8C_1_105_c.jpeg"
    ],
    "ultima_modificacion": "2025-08-01 01:01:00.683462"
  },
  "04c23b5de4d64aea94c245d37a7324881105c.jpeg": {
    "app_sintetizada": "04C23B5DE4D64AEA94C245D37A7324881105C.JPEG",
    "cantidad_archivos": 1,
    "archivos_fuente": [
      "Pictures/Fototeca de Fotos.photoslibrary/resources/derivatives/0/04C23B5D-E4D6-4AEA-94C2-45D37A732488_1_105_c.jpeg"
    ],
    "ultima_modificacion": "2025-08-01 01:01:00.683698"
  },
  "03402a213e6948aa83810c988d4d3cfd1105c.jpeg": {
    "app_sintetizada": "03402A213E6948AA83810C988D4D3CFD1105C.JPEG",
    "cantidad_archivos": 1,
    "archivos_fuente": [
      "Pictures/Fototeca de Fotos.photoslibrary/resources/derivatives/0/03402A21-3E69-48AA-8381-0C988D4D3CFD_1_105_c.jpeg"
    ],
    "ultima_modificacion": "2025-08-01 01:01:00.683906"
  },
  "0391fa236fe8452384edb3f8ec0730581105c.jpeg": {
    "app_sintetizada": "0391FA236FE8452384EDB3F8EC0730581105C.JPEG",
    "cantidad_archivos": 1,
    "archivos_fuente": [
      "Pictures/Fototeca de Fotos.photoslibrary/resources/derivatives/0/0391FA23-6FE8-4523-84ED-B3F8EC073058_1_105_c.jpeg"
    ],
    "ultima_modificacion": "2025-08-01 01:01:00.684185"
  },
  "0ded5f8139e243358b97288dcc64adf71105c.jpeg": {
    "app_sintetizada": "0DED5F8139E243358B97288DCC64ADF71105C.JPEG",
    "cantidad_archivos": 1,
    "archivos_fuente": [
      "Pictures/Fototeca de Fotos.photoslibrary/resources/derivatives/0/0DED5F81-39E2-4335-8B97-288DCC64ADF7_1_105_c.jpeg"
    ],
    "ultima_modificacion": "2025-08-01 01:01:00.684420"
  },
  "064a3ab5ce9e48d4b41070e33184fbf31105c.jpeg": {
    "app_sintetizada": "064A3AB5CE9E48D4B41070E33184FBF31105C.JPEG",
    "cantidad_archivos": 1,
    "archivos_fuente": [
      "Pictures/Fototeca de Fotos.photoslibrary/resources/derivatives/0/064A3AB5-CE9E-48D4-B410-70E33184FBF3_1_105_c.jpeg"
    ],
    "ultima_modificacion": "2025-08-01 01:01:00.684695"
  },
  "0a6e61460df04b6a90f5184510582a8d1105c.jpeg": {
    "app_sintetizada": "0A6E61460DF04B6A90F5184510582A8D1105C.JPEG",
    "cantidad_archivos": 1,
    "archivos_fuente": [
      "Pictures/Fototeca de Fotos.photoslibrary/resources/derivatives/0/0A6E6146-0DF0-4B6A-90F5-184510582A8D_1_105_c.jpeg"
    ],
    "ultima_modificacion": "2025-08-01 01:01:00.684941"
  },
  "0c50cb57609b46c3aeb906220bd710491105c.jpeg": {
    "app_sintetizada": "0C50CB57609B46C3AEB906220BD710491105C.JPEG",
    "cantidad_archivos": 1,
    "archivos_fuente": [
      "Pictures/Fototeca de Fotos.photoslibrary/resources/derivatives/0/0C50CB57-609B-46C3-AEB9-06220BD71049_1_105_c.jpeg"
    ],
    "ultima_modificacion": "2025-08-01 01:01:00.685187"
  },
  "0715305537b14f2ab0a67dc5337658631105c.jpeg": {
    "app_sintetizada": "0715305537B14F2AB0A67DC5337658631105C.JPEG",
    "cantidad_archivos": 1,
    "archivos_fuente": [
      "Pictures/Fototeca de Fotos.photoslibrary/resources/derivatives/0/07153055-37B1-4F2A-B0A6-7DC533765863_1_105_c.jpeg"
    ],
    "ultima_modificacion": "2025-08-01 01:01:00.685460"
  },
  "03fb45223f0540b4b24a15836ed3fc061105c.jpeg": {
    "app_sintetizada": "03FB45223F0540B4B24A15836ED3FC061105C.JPEG",
    "cantidad_archivos": 1,
    "archivos_fuente": [
      "Pictures/Fototeca de Fotos.photoslibrary/resources/derivatives/0/03FB4522-3F05-40B4-B24A-15836ED3FC06_1_105_c.jpeg"
    ],
    "ultima_modificacion": "2025-08-01 01:01:00.685705"
  },
  "01fa04863c6443f2aaa52f74cd5d8fa71100o.jpeg": {
    "app_sintetizada": "01FA04863C6443F2AAA52F74CD5D8FA71100O.JPEG",
    "cantidad_archivos": 1,
    "archivos_fuente": [
      "Pictures/Fototeca de Fotos.photoslibrary/resources/derivatives/0/01FA0486-3C64-43F2-AAA5-2F74CD5D8FA7_1_100_o.jpeg"
    ],
    "ultima_modificacion": "2025-08-01 01:01:00.686120"
  },
  "0d538ca130ef4f70aa6bc376482d06621105c.jpeg": {
    "app_sintetizada": "0D538CA130EF4F70AA6BC376482D06621105C.JPEG",
    "cantidad_archivos": 1,
    "archivos_fuente": [
      "Pictures/Fototeca de Fotos.photoslibrary/resources/derivatives/0/0D538CA1-30EF-4F70-AA6B-C376482D0662_1_105_c.jpeg"
    ],
    "ultima_modificacion": "2025-08-01 01:01:00.686465"
  },
  "0877d64328c14dd686b43dba00c716651105c.jpeg": {
    "app_sintetizada": "0877D64328C14DD686B43DBA00C716651105C.JPEG",
    "cantidad_archivos": 1,
    "archivos_fuente": [
      "Pictures/Fototeca de Fotos.photoslibrary/resources/derivatives/0/0877D643-28C1-4DD6-86B4-3DBA00C71665_1_105_c.jpeg"
    ],
    "ultima_modificacion": "2025-08-01 01:01:00.686756"
  },
  "041f400d347c40e980a732a68210a65e.thm": {
    "app_sintetizada": "041F400D347C40E980A732A68210A65E.THM",
    "cantidad_archivos": 1,
    "archivos_fuente": [
      "Pictures/Fototeca de Fotos.photoslibrary/resources/derivatives/0/041F400D-347C-40E9-80A7-32A68210A65E.THM"
    ],
    "ultima_modificacion": "2025-08-01 01:01:00.687033"
  },
  "045e83132d604446bf35f3f96a570d301105c.jpeg": {
    "app_sintetizada": "045E83132D604446BF35F3F96A570D301105C.JPEG",
    "cantidad_archivos": 1,
    "archivos_fuente": [
      "Pictures/Fototeca de Fotos.photoslibrary/resources/derivatives/0/045E8313-2D60-4446-BF35-F3F96A570D30_1_105_c.jpeg"
    ],
    "ultima_modificacion": "2025-08-01 01:01:00.687304"
  },
  "0cb7c63c8bca4878a56e53cfb92275211100o.jpeg": {
    "app_sintetizada": "0CB7C63C8BCA4878A56E53CFB92275211100O.JPEG",
    "cantidad_archivos": 1,
    "archivos_fuente": [
      "Pictures/Fototeca de Fotos.photoslibrary/resources/derivatives/0/0CB7C63C-8BCA-4878-A56E-53CFB9227521_1_100_o.jpeg"
    ],
    "ultima_modificacion": "2025-08-01 01:01:00.687603"
  },
  "06521570f75a4faa83597e02211537aa1105c.jpeg": {
    "app_sintetizada": "06521570F75A4FAA83597E02211537AA1105C.JPEG",
    "cantidad_archivos": 1,
    "archivos_fuente": [
      "Pictures/Fototeca de Fotos.photoslibrary/resources/derivatives/0/06521570-F75A-4FAA-8359-7E02211537AA_1_105_c.jpeg"
    ],
    "ultima_modificacion": "2025-08-01 01:01:00.687875"
  },
  "00ad7588411d4b6fb9167d0f4c1d3bae1105c.jpeg": {
    "app_sintetizada": "00AD7588411D4B6FB9167D0F4C1D3BAE1105C.JPEG",
    "cantidad_archivos": 1,
    "archivos_fuente": [
      "Pictures/Fototeca de Fotos.photoslibrary/resources/derivatives/0/00AD7588-411D-4B6F-B916-7D0F4C1D3BAE_1_105_c.jpeg"
    ],
    "ultima_modificacion": "2025-08-01 01:01:00.688143"
  },
  "077371e522134afeb0b885b47b1ebd5c1105c.jpeg": {
    "app_sintetizada": "077371E522134AFEB0B885B47B1EBD5C1105C.JPEG",
    "cantidad_archivos": 1,
    "archivos_fuente": [
      "Pictures/Fototeca de Fotos.photoslibrary/resources/derivatives/0/077371E5-2213-4AFE-B0B8-85B47B1EBD5C_1_105_c.jpeg"
    ],
    "ultima_modificacion": "2025-08-01 01:01:00.688407"
  },
  "08020222ee6749309cd1cee8ae02ada41105c.jpeg": {
    "app_sintetizada": "08020222EE6749309CD1CEE8AE02ADA41105C.JPEG",
    "cantidad_archivos": 1,
    "archivos_fuente": [
      "Pictures/Fototeca de Fotos.photoslibrary/resources/derivatives/0/08020222-EE67-4930-9CD1-CEE8AE02ADA4_1_105_c.jpeg"
    ],
    "ultima_modificacion": "2025-08-01 01:01:00.688653"
  },
  "0a1138803b214c908c81fb6803f201a01105c.jpeg": {
    "app_sintetizada": "0A1138803B214C908C81FB6803F201A01105C.JPEG",
    "cantidad_archivos": 1,
    "archivos_fuente": [
      "Pictures/Fototeca de Fotos.photoslibrary/resources/derivatives/0/0A113880-3B21-4C90-8C81-FB6803F201A0_1_105_c.jpeg"
    ],
    "ultima_modificacion": "2025-08-01 01:01:00.688911"
  },
  "09e6219f643a41919a1e80b34bcb360e1105c.jpeg": {
    "app_sintetizada": "09E6219F643A41919A1E80B34BCB360E1105C.JPEG",
    "cantidad_archivos": 1,
    "archivos_fuente": [
      "Pictures/Fototeca de Fotos.photoslibrary/resources/derivatives/0/09E6219F-643A-4191-9A1E-80B34BCB360E_1_105_c.jpeg"
    ],
    "ultima_modificacion": "2025-08-01 01:01:00.689187"
  },
  "0ae9ab3927574066866752dbecc4f88b1105c.jpeg": {
    "app_sintetizada": "0AE9AB3927574066866752DBECC4F88B1105C.JPEG",
    "cantidad_archivos": 1,
    "archivos_fuente": [
      "Pictures/Fototeca de Fotos.photoslibrary/resources/derivatives/0/0AE9AB39-2757-4066-8667-52DBECC4F88B_1_105_c.jpeg"
    ],
    "ultima_modificacion": "2025-08-01 01:01:00.689442"
  },
  "0aba80181d304db4b4b35c810a72562f1105c.jpeg": {
    "app_sintetizada": "0ABA80181D304DB4B4B35C810A72562F1105C.JPEG",
    "cantidad_archivos": 1,
    "archivos_fuente": [
      "Pictures/Fototeca de Fotos.photoslibrary/resources/derivatives/0/0ABA8018-1D30-4DB4-B4B3-5C810A72562F_1_105_c.jpeg"
    ],
    "ultima_modificacion": "2025-08-01 01:01:00.689719"
  },
  "020223ee3c0b461bb17e66cea1693a171105c.jpeg": {
    "app_sintetizada": "020223EE3C0B461BB17E66CEA1693A171105C.JPEG",
    "cantidad_archivos": 1,
    "archivos_fuente": [
      "Pictures/Fototeca de Fotos.photoslibrary/resources/derivatives/0/020223EE-3C0B-461B-B17E-66CEA1693A17_1_105_c.jpeg"
    ],
    "ultima_modificacion": "2025-08-01 01:01:00.690002"
  },
  "077f0a783d4b4743b8ed4c081e765e5c1105c.jpeg": {
    "app_sintetizada": "077F0A783D4B4743B8ED4C081E765E5C1105C.JPEG",
    "cantidad_archivos": 1,
    "archivos_fuente": [
      "Pictures/Fototeca de Fotos.photoslibrary/resources/derivatives/0/077F0A78-3D4B-4743-B8ED-4C081E765E5C_1_105_c.jpeg"
    ],
    "ultima_modificacion": "2025-08-01 01:01:00.690290"
  },
  "0215bc1717414915a5457f168f7c4ec51105c.jpeg": {
    "app_sintetizada": "0215BC1717414915A5457F168F7C4EC51105C.JPEG",
    "cantidad_archivos": 1,
    "archivos_fuente": [
      "Pictures/Fototeca de Fotos.photoslibrary/resources/derivatives/0/0215BC17-1741-4915-A545-7F168F7C4EC5_1_105_c.jpeg"
    ],
    "ultima_modificacion": "2025-08-01 01:01:00.691037"
  },
  "0928472bf9974cc18503e1d7e25c036e1105c.jpeg": {
    "app_sintetizada": "0928472BF9974CC18503E1D7E25C036E1105C.JPEG",
    "cantidad_archivos": 1,
    "archivos_fuente": [
      "Pictures/Fototeca de Fotos.photoslibrary/resources/derivatives/0/0928472B-F997-4CC1-8503-E1D7E25C036E_1_105_c.jpeg"
    ],
    "ultima_modificacion": "2025-08-01 01:01:00.691358"
  },
  "010efd1eb5d84ec8b15c7612085e8b841105c.jpeg": {
    "app_sintetizada": "010EFD1EB5D84EC8B15C7612085E8B841105C.JPEG",
    "cantidad_archivos": 1,
    "archivos_fuente": [
      "Pictures/Fototeca de Fotos.photoslibrary/resources/derivatives/0/010EFD1E-B5D8-4EC8-B15C-7612085E8B84_1_105_c.jpeg"
    ],
    "ultima_modificacion": "2025-08-01 01:01:00.691682"
  },
  "0a5a852ee1074a55ab4646d2219e030e1105c.jpeg": {
    "app_sintetizada": "0A5A852EE1074A55AB4646D2219E030E1105C.JPEG",
    "cantidad_archivos": 1,
    "archivos_fuente": [
      "Pictures/Fototeca de Fotos.photoslibrary/resources/derivatives/0/0A5A852E-E107-4A55-AB46-46D2219E030E_1_105_c.jpeg"
    ],
    "ultima_modificacion": "2025-08-01 01:01:00.691996"
  },
  "0e8ce7a53a294252817a8a44a5cd9dab1105c.jpeg": {
    "app_sintetizada": "0E8CE7A53A294252817A8A44A5CD9DAB1105C.JPEG",
    "cantidad_archivos": 1,
    "archivos_fuente": [
      "Pictures/Fototeca de Fotos.photoslibrary/resources/derivatives/0/0E8CE7A5-3A29-4252-817A-8A44A5CD9DAB_1_105_c.jpeg"
    ],
    "ultima_modificacion": "2025-08-01 01:01:00.692272"
  },
  "0090eec81fd446bd98ebef00150f931b1105c.jpeg": {
    "app_sintetizada": "0090EEC81FD446BD98EBEF00150F931B1105C.JPEG",
    "cantidad_archivos": 1,
    "archivos_fuente": [
      "Pictures/Fototeca de Fotos.photoslibrary/resources/derivatives/0/0090EEC8-1FD4-46BD-98EB-EF00150F931B_1_105_c.jpeg"
    ],
    "ultima_modificacion": "2025-08-01 01:01:00.692567"
  },
  "075588f6062b4e45a0c7812d716802f81105c.jpeg": {
    "app_sintetizada": "075588F6062B4E45A0C7812D716802F81105C.JPEG",
    "cantidad_archivos": 1,
    "archivos_fuente": [
      "Pictures/Fototeca de Fotos.photoslibrary/resources/derivatives/0/075588F6-062B-4E45-A0C7-812D716802F8_1_105_c.jpeg"
    ],
    "ultima_modificacion": "2025-08-01 01:01:00.693010"
  }
}