{
  "071f281a61e443b3a952d960f1a873e81105c.jpeg": {
    "app_sintetizada": "071F281A61E443B3A952D960F1A873E81105C.JPEG",
    "cantidad_archivos": 1,
    "archivos_fuente": [
      "Pictures/Fototeca de Fotos.photoslibrary/resources/derivatives/0/071F281A-61E4-43B3-A952-D960F1A873E8_1_105_c.jpeg"
    ],
    "ultima_modificacion": "2025-08-01 01:01:00.772915"
  },
  "0f822803935948f7a82a2ce2ea78ce8c1105c.jpeg": {
    "app_sintetizada": "0F822803935948F7A82A2CE2EA78CE8C1105C.JPEG",
    "cantidad_archivos": 1,
    "archivos_fuente": [
      "Pictures/Fototeca de Fotos.photoslibrary/resources/derivatives/0/0F822803-9359-48F7-A82A-2CE2EA78CE8C_1_105_c.jpeg"
    ],
    "ultima_modificacion": "2025-08-01 01:01:00.773141"
  },
  "020bbadfe0914f1cab30c3a699ddb8631105c.jpeg": {
    "app_sintetizada": "020BBADFE0914F1CAB30C3A699DDB8631105C.JPEG",
    "cantidad_archivos": 1,
    "archivos_fuente": [
      "Pictures/Fototeca de Fotos.photoslibrary/resources/derivatives/0/020BBADF-E091-4F1C-AB30-C3A699DDB863_1_105_c.jpeg"
    ],
    "ultima_modificacion": "2025-08-01 01:01:00.773373"
  },
  "016e06507b73452d8191d14639ee84eb.thm": {
    "app_sintetizada": "016E06507B73452D8191D14639EE84EB.THM",
    "cantidad_archivos": 1,
    "archivos_fuente": [
      "Pictures/Fototeca de Fotos.photoslibrary/resources/derivatives/0/016E0650-7B73-452D-8191-D14639EE84EB.THM"
    ],
    "ultima_modificacion": "2025-08-01 01:01:00.773586"
  },
  "03d2c81a08854d939d61b856804f20cd1105c.jpeg": {
    "app_sintetizada": "03D2C81A08854D939D61B856804F20CD1105C.JPEG",
    "cantidad_archivos": 1,
    "archivos_fuente": [
      "Pictures/Fototeca de Fotos.photoslibrary/resources/derivatives/0/03D2C81A-0885-4D93-9D61-B856804F20CD_1_105_c.jpeg"
    ],
    "ultima_modificacion": "2025-08-01 01:01:00.773842"
  },
  "06f85fe69acd4939a27f35a45e738f941105c.jpeg": {
    "app_sintetizada": "06F85FE69ACD4939A27F35A45E738F941105C.JPEG",
    "cantidad_archivos": 1,
    "archivos_fuente": [
      "Pictures/Fototeca de Fotos.photoslibrary/resources/derivatives/0/06F85FE6-9ACD-4939-A27F-35A45E738F94_1_105_c.jpeg"
    ],
    "ultima_modificacion": "2025-08-01 01:01:00.774063"
  },
  "0e21653db00b4965a707e8bb294214771105c.jpeg": {
    "app_sintetizada": "0E21653DB00B4965A707E8BB294214771105C.JPEG",
    "cantidad_archivos": 1,
    "archivos_fuente": [
      "Pictures/Fototeca de Fotos.photoslibrary/resources/derivatives/0/0E21653D-B00B-4965-A707-E8BB29421477_1_105_c.jpeg"
    ],
    "ultima_modificacion": "2025-08-01 01:01:00.774272"
  },
  "0549a77603104877988b1932280be5cb1105c.jpeg": {
    "app_sintetizada": "0549A77603104877988B1932280BE5CB1105C.JPEG",
    "cantidad_archivos": 1,
    "archivos_fuente": [
      "Pictures/Fototeca de Fotos.photoslibrary/resources/derivatives/0/0549A776-0310-4877-988B-1932280BE5CB_1_105_c.jpeg"
    ],
    "ultima_modificacion": "2025-08-01 01:01:00.774460"
  },
  "0b35181aebb94c87b97fd82133c6f778.thm": {
    "app_sintetizada": "0B35181AEBB94C87B97FD82133C6F778.THM",
    "cantidad_archivos": 1,
    "archivos_fuente": [
      "Pictures/Fototeca de Fotos.photoslibrary/resources/derivatives/0/0B35181A-EBB9-4C87-B97F-D82133C6F778.THM"
    ],
    "ultima_modificacion": "2025-08-01 01:01:00.774707"
  },
  "0d76e50bd58d45cbbbcc4752407568cc1105c.jpeg": {
    "app_sintetizada": "0D76E50BD58D45CBBBCC4752407568CC1105C.JPEG",
    "cantidad_archivos": 1,
    "archivos_fuente": [
      "Pictures/Fototeca de Fotos.photoslibrary/resources/derivatives/0/0D76E50B-D58D-45CB-BBCC-4752407568CC_1_105_c.jpeg"
    ],
    "ultima_modificacion": "2025-08-01 01:01:00.775044"
  },
  "0cb3ce392ebe4d8d8baae23a933aceb51105c.jpeg": {
    "app_sintetizada": "0CB3CE392EBE4D8D8BAAE23A933ACEB51105C.JPEG",
    "cantidad_archivos": 1,
    "archivos_fuente": [
      "Pictures/Fototeca de Fotos.photoslibrary/resources/derivatives/0/0CB3CE39-2EBE-4D8D-8BAA-E23A933ACEB5_1_105_c.jpeg"
    ],
    "ultima_modificacion": "2025-08-01 01:01:00.775260"
  },
  "06fb33ed8e0a4b72a5f613da032750651105c.jpeg": {
    "app_sintetizada": "06FB33ED8E0A4B72A5F613DA032750651105C.JPEG",
    "cantidad_archivos": 1,
    "archivos_fuente": [
      "Pictures/Fototeca de Fotos.photoslibrary/resources/derivatives/0/06FB33ED-8E0A-4B72-A5F6-13DA03275065_1_105_c.jpeg"
    ],
    "ultima_modificacion": "2025-08-01 01:01:00.775462"
  },
  "0070ba51c2574678aed16965a97fbf911105c.jpeg": {
    "app_sintetizada": "0070BA51C2574678AED16965A97FBF911105C.JPEG",
    "cantidad_archivos": 1,
    "archivos_fuente": [
      "Pictures/Fototeca de Fotos.photoslibrary/resources/derivatives/0/0070BA51-C257-4678-AED1-6965A97FBF91_1_105_c.jpeg"
    ],
    "ultima_modificacion": "2025-08-01 01:01:00.775653"
  },
  "051f4a9f982140e6bd8eddb8c994816c1105c.jpeg": {
    "app_sintetizada": "051F4A9F982140E6BD8EDDB8C994816C1105C.JPEG",
    "cantidad_archivos": 1,
    "archivos_fuente": [
      "Pictures/Fototeca de Fotos.photoslibrary/resources/derivatives/0/051F4A9F-9821-40E6-BD8E-DDB8C994816C_1_105_c.jpeg"
    ],
    "ultima_modificacion": "2025-08-01 01:01:00.775841"
  },
  "0d1b52351f9a46ebaf3f48c7686df3551105c.jpeg": {
    "app_sintetizada": "0D1B52351F9A46EBAF3F48C7686DF3551105C.JPEG",
    "cantidad_archivos": 1,
    "archivos_fuente": [
      "Pictures/Fototeca de Fotos.photoslibrary/resources/derivatives/0/0D1B5235-1F9A-46EB-AF3F-48C7686DF355_1_105_c.jpeg"
    ],
    "ultima_modificacion": "2025-08-01 01:01:00.776031"
  },
  "0d410fe297d845d098b87d10c7cc5fc91105c.jpeg": {
    "app_sintetizada": "0D410FE297D845D098B87D10C7CC5FC91105C.JPEG",
    "cantidad_archivos": 1,
    "archivos_fuente": [
      "Pictures/Fototeca de Fotos.photoslibrary/resources/derivatives/0/0D410FE2-97D8-45D0-98B8-7D10C7CC5FC9_1_105_c.jpeg"
    ],
    "ultima_modificacion": "2025-08-01 01:01:00.776204"
  },
  "0c489e01533d48a791761941fd489ec81105c.jpeg": {
    "app_sintetizada": "0C489E01533D48A791761941FD489EC81105C.JPEG",
    "cantidad_archivos": 1,
    "archivos_fuente": [
      "Pictures/Fototeca de Fotos.photoslibrary/resources/derivatives/0/0C489E01-533D-48A7-9176-1941FD489EC8_1_105_c.jpeg"
    ],
    "ultima_modificacion": "2025-08-01 01:01:00.776375"
  },
  "0f5a1da6112d42a4830a7f00e7f52d501105c.jpeg": {
    "app_sintetizada": "0F5A1DA6112D42A4830A7F00E7F52D501105C.JPEG",
    "cantidad_archivos": 1,
    "archivos_fuente": [
      "Pictures/Fototeca de Fotos.photoslibrary/resources/derivatives/0/0F5A1DA6-112D-42A4-830A-7F00E7F52D50_1_105_c.jpeg"
    ],
    "ultima_modificacion": "2025-08-01 01:01:00.776555"
  },
  "0d699f3fe1844daab126d4b4cd41d9491105c.jpeg": {
    "app_sintetizada": "0D699F3FE1844DAAB126D4B4CD41D9491105C.JPEG",
    "cantidad_archivos": 1,
    "archivos_fuente": [
      "Pictures/Fototeca de Fotos.photoslibrary/resources/derivatives/0/0D699F3F-E184-4DAA-B126-D4B4CD41D949_1_105_c.jpeg"
    ],
    "ultima_modificacion": "2025-08-01 01:01:00.776737"
  },
  "00036309a7404fe1bbd593a088e48cc71105c.jpeg": {
    "app_sintetizada": "00036309A7404FE1BBD593A088E48CC71105C.JPEG",
    "cantidad_archivos": 1,
    "archivos_fuente": [
      "Pictures/Fototeca de Fotos.photoslibrary/resources/derivatives/0/00036309-A740-4FE1-BBD5-93A088E48CC7_1_105_c.jpeg"
    ],
    "ultima_modificacion": "2025-08-01 01:01:00.777036"
  },
  "0d4522be68ce41c0ab357b55a9fb56d11105c.jpeg": {
    "app_sintetizada": "0D4522BE68CE41C0AB357B55A9FB56D11105C.JPEG",
    "cantidad_archivos": 1,
    "archivos_fuente": [
      "Pictures/Fototeca de Fotos.photoslibrary/resources/derivatives/0/0D4522BE-68CE-41C0-AB35-7B55A9FB56D1_1_105_c.jpeg"
    ],
    "ultima_modificacion": "2025-08-01 01:01:00.777257"
  },
  "00b794b5a5874d7191c31ad7a8281cfc1105c.jpeg": {
    "app_sintetizada": "00B794B5A5874D7191C31AD7A8281CFC1105C.JPEG",
    "cantidad_archivos": 1,
    "archivos_fuente": [
      "Pictures/Fototeca de Fotos.photoslibrary/resources/derivatives/0/00B794B5-A587-4D71-91C3-1AD7A8281CFC_1_105_c.jpeg"
    ],
    "ultima_modificacion": "2025-08-01 01:01:00.777469"
  },
  "0f4a18e97eed4a0db2cc6ad47ea53d2d1105c.jpeg": {
    "app_sintetizada": "0F4A18E97EED4A0DB2CC6AD47EA53D2D1105C.JPEG",
    "cantidad_archivos": 1,
    "archivos_fuente": [
      "Pictures/Fototeca de Fotos.photoslibrary/resources/derivatives/0/0F4A18E9-7EED-4A0D-B2CC-6AD47EA53D2D_1_105_c.jpeg"
    ],
    "ultima_modificacion": "2025-08-01 01:01:00.777697"
  },
  "021a17bdfe2e481f9d8a56069b9616001100o.jpeg": {
    "app_sintetizada": "021A17BDFE2E481F9D8A56069B9616001100O.JPEG",
    "cantidad_archivos": 1,
    "archivos_fuente": [
      "Pictures/Fototeca de Fotos.photoslibrary/resources/derivatives/0/021A17BD-FE2E-481F-9D8A-56069B961600_1_100_o.jpeg"
    ],
    "ultima_modificacion": "2025-08-01 01:01:00.777904"
  },
  "0a7911aa28974881bcba4ed962fccfec1105c.jpeg": {
    "app_sintetizada": "0A7911AA28974881BCBA4ED962FCCFEC1105C.JPEG",
    "cantidad_archivos": 1,
    "archivos_fuente": [
      "Pictures/Fototeca de Fotos.photoslibrary/resources/derivatives/0/0A7911AA-2897-4881-BCBA-4ED962FCCFEC_1_105_c.jpeg"
    ],
    "ultima_modificacion": "2025-08-01 01:01:00.778099"
  },
  "0e5f3160dc8348799a48952b5207663e1105c.jpeg": {
    "app_sintetizada": "0E5F3160DC8348799A48952B5207663E1105C.JPEG",
    "cantidad_archivos": 1,
    "archivos_fuente": [
      "Pictures/Fototeca de Fotos.photoslibrary/resources/derivatives/0/0E5F3160-DC83-4879-9A48-952B5207663E_1_105_c.jpeg"
    ],
    "ultima_modificacion": "2025-08-01 01:01:00.778272"
  },
  "08aa26134673426389773aff3b6708281105c.jpeg": {
    "app_sintetizada": "08AA26134673426389773AFF3B6708281105C.JPEG",
    "cantidad_archivos": 1,
    "archivos_fuente": [
      "Pictures/Fototeca de Fotos.photoslibrary/resources/derivatives/0/08AA2613-4673-4263-8977-3AFF3B670828_1_105_c.jpeg"
    ],
    "ultima_modificacion": "2025-08-01 01:01:00.778469"
  },
  "08702807585a47c1906be433b9d2c1031105c.jpeg": {
    "app_sintetizada": "08702807585A47C1906BE433B9D2C1031105C.JPEG",
    "cantidad_archivos": 1,
    "archivos_fuente": [
      "Pictures/Fototeca de Fotos.photoslibrary/resources/derivatives/0/08702807-585A-47C1-906B-E433B9D2C103_1_105_c.jpeg"
    ],
    "ultima_modificacion": "2025-08-01 01:01:00.778648"
  },
  "013b80631ce840c1ad83c78ede3513111105c.jpeg": {
    "app_sintetizada": "013B80631CE840C1AD83C78EDE3513111105C.JPEG",
    "cantidad_archivos": 1,
    "archivos_fuente": [
      "Pictures/Fototeca de Fotos.photoslibrary/resources/derivatives/0/013B8063-1CE8-40C1-AD83-C78EDE351311_1_105_c.jpeg"
    ],
    "ultima_modificacion": "2025-08-01 01:01:00.778920"
  },
  "00204509d6df47cfa0926645cbcf4bfa1105c.jpeg": {
    "app_sintetizada": "00204509D6DF47CFA0926645CBCF4BFA1105C.JPEG",
    "cantidad_archivos": 1,
    "archivos_fuente": [
      "Pictures/Fototeca de Fotos.photoslibrary/resources/derivatives/0/00204509-D6DF-47CF-A092-6645CBCF4BFA_1_105_c.jpeg"
    ],
    "ultima_modificacion": "2025-08-01 01:01:00.779230"
  },
  "0ae31df0809c46f7a080ff979fa98d661105c.jpeg": {
    "app_sintetizada": "0AE31DF0809C46F7A080FF979FA98D661105C.JPEG",
    "cantidad_archivos": 1,
    "archivos_fuente": [
      "Pictures/Fototeca de Fotos.photoslibrary/resources/derivatives/0/0AE31DF0-809C-46F7-A080-FF979FA98D66_1_105_c.jpeg"
    ],
    "ultima_modificacion": "2025-08-01 01:01:00.779467"
  },
  "02e9544b3aaa4e35a1457f3ae58174b01105c.jpeg": {
    "app_sintetizada": "02E9544B3AAA4E35A1457F3AE58174B01105C.JPEG",
    "cantidad_archivos": 1,
    "archivos_fuente": [
      "Pictures/Fototeca de Fotos.photoslibrary/resources/derivatives/0/02E9544B-3AAA-4E35-A145-7F3AE58174B0_1_105_c.jpeg"
    ],
    "ultima_modificacion": "2025-08-01 01:01:00.779685"
  },
  "003cc56b80914fcc8fa1a54cb4d5a0f01105c.jpeg": {
    "app_sintetizada": "003CC56B80914FCC8FA1A54CB4D5A0F01105C.JPEG",
    "cantidad_archivos": 1,
    "archivos_fuente": [
      "Pictures/Fototeca de Fotos.photoslibrary/resources/derivatives/0/003CC56B-8091-4FCC-8FA1-A54CB4D5A0F0_1_105_c.jpeg"
    ],
    "ultima_modificacion": "2025-08-01 01:01:00.779876"
  },
  "04a0c1f8762d4a39b0ebb5999c851a521105c.jpeg": {
    "app_sintetizada": "04A0C1F8762D4A39B0EBB5999C851A521105C.JPEG",
    "cantidad_archivos": 1,
    "archivos_fuente": [
      "Pictures/Fototeca de Fotos.photoslibrary/resources/derivatives/0/04A0C1F8-762D-4A39-B0EB-B5999C851A52_1_105_c.jpeg"
    ],
    "ultima_modificacion": "2025-08-01 01:01:00.780055"
  },
  "0d8a26e9341a44d9b89660a086dce4b31105c.jpeg": {
    "app_sintetizada": "0D8A26E9341A44D9B89660A086DCE4B31105C.JPEG",
    "cantidad_archivos": 1,
    "archivos_fuente": [
      "Pictures/Fototeca de Fotos.photoslibrary/resources/derivatives/0/0D8A26E9-341A-44D9-B896-60A086DCE4B3_1_105_c.jpeg"
    ],
    "ultima_modificacion": "2025-08-01 01:01:00.780238"
  },
  "0146df11a24b4357a76f500cee7e2bcf1105c.jpeg": {
    "app_sintetizada": "0146DF11A24B4357A76F500CEE7E2BCF1105C.JPEG",
    "cantidad_archivos": 1,
    "archivos_fuente": [
      "Pictures/Fototeca de Fotos.photoslibrary/resources/derivatives/0/0146DF11-A24B-4357-A76F-500CEE7E2BCF_1_105_c.jpeg"
    ],
    "ultima_modificacion": "2025-08-01 01:01:00.780472"
  },
  "0b26363435b84caab7b9b2daed1ce31a1105c.jpeg": {
    "app_sintetizada": "0B26363435B84CAAB7B9B2DAED1CE31A1105C.JPEG",
    "cantidad_archivos": 1,
    "archivos_fuente": [
      "Pictures/Fototeca de Fotos.photoslibrary/resources/derivatives/0/0B263634-35B8-4CAA-B7B9-B2DAED1CE31A_1_105_c.jpeg"
    ],
    "ultima_modificacion": "2025-08-01 01:01:00.780744"
  },
  "03f641d2373b46cf9c537e68070c07e71105c.jpeg": {
    "app_sintetizada": "03F641D2373B46CF9C537E68070C07E71105C.JPEG",
    "cantidad_archivos": 1,
    "archivos_fuente": [
      "Pictures/Fototeca de Fotos.photoslibrary/resources/derivatives/0/03F641D2-373B-46CF-9C53-7E68070C07E7_1_105_c.jpeg"
    ],
    "ultima_modificacion": "2025-08-01 01:01:00.780996"
  },
  "0e3ec281a02a47618b06c4b9ec2b489c1105c.jpeg": {
    "app_sintetizada": "0E3EC281A02A47618B06C4B9EC2B489C1105C.JPEG",
    "cantidad_archivos": 1,
    "archivos_fuente": [
      "Pictures/Fototeca de Fotos.photoslibrary/resources/derivatives/0/0E3EC281-A02A-4761-8B06-C4B9EC2B489C_1_105_c.jpeg"
    ],
    "ultima_modificacion": "2025-08-01 01:01:00.781310"
  },
  "0b54a8e5cf0f4408b8e27a13ad1016141105c.jpeg": {
    "app_sintetizada": "0B54A8E5CF0F4408B8E27A13AD1016141105C.JPEG",
    "cantidad_archivos": 1,
    "archivos_fuente": [
      "Pictures/Fototeca de Fotos.photoslibrary/resources/derivatives/0/0B54A8E5-CF0F-4408-B8E2-7A13AD101614_1_105_c.jpeg"
    ],
    "ultima_modificacion": "2025-08-01 01:01:00.781531"
  },
  "0d960d6e6cd84fe2a5ced3397c28197e1105c.jpeg": {
    "app_sintetizada": "0D960D6E6CD84FE2A5CED3397C28197E1105C.JPEG",
    "cantidad_archivos": 1,
    "archivos_fuente": [
      "Pictures/Fototeca de Fotos.photoslibrary/resources/derivatives/0/0D960D6E-6CD8-4FE2-A5CE-D3397C28197E_1_105_c.jpeg"
    ],
    "ultima_modificacion": "2025-08-01 01:01:00.781718"
  },
  "0c4d07d85fab48e2b3d20554af0634a51105c.jpeg": {
    "app_sintetizada": "0C4D07D85FAB48E2B3D20554AF0634A51105C.JPEG",
    "cantidad_archivos": 1,
    "archivos_fuente": [
      "Pictures/Fototeca de Fotos.photoslibrary/resources/derivatives/0/0C4D07D8-5FAB-48E2-B3D2-0554AF0634A5_1_105_c.jpeg"
    ],
    "ultima_modificacion": "2025-08-01 01:01:00.781912"
  },
  "0f2227ceaf66472d80091a1fdec0e8a61105c.jpeg": {
    "app_sintetizada": "0F2227CEAF66472D80091A1FDEC0E8A61105C.JPEG",
    "cantidad_archivos": 1,
    "archivos_fuente": [
      "Pictures/Fototeca de Fotos.photoslibrary/resources/derivatives/0/0F2227CE-AF66-472D-8009-1A1FDEC0E8A6_1_105_c.jpeg"
    ],
    "ultima_modificacion": "2025-08-01 01:01:00.782097"
  },
  "04ee52aff5c344ffa627814ec075832b1102o.jpeg": {
    "app_sintetizada": "04EE52AFF5C344FFA627814EC075832B1102O.JPEG",
    "cantidad_archivos": 1,
    "archivos_fuente": [
      "Pictures/Fototeca de Fotos.photoslibrary/resources/derivatives/0/04EE52AF-F5C3-44FF-A627-814EC075832B_1_102_o.jpeg"
    ],
    "ultima_modificacion": "2025-08-01 01:01:00.782276"
  },
  "062fe35439464bc0b7f5c65bdf770c1b1105c.jpeg": {
    "app_sintetizada": "062FE35439464BC0B7F5C65BDF770C1B1105C.JPEG",
    "cantidad_archivos": 1,
    "archivos_fuente": [
      "Pictures/Fototeca de Fotos.photoslibrary/resources/derivatives/0/062FE354-3946-4BC0-B7F5-C65BDF770C1B_1_105_c.jpeg"
    ],
    "ultima_modificacion": "2025-08-01 01:01:00.782451"
  },
  "021bbcc675534f818df856297f06b4301105c.jpeg": {
    "app_sintetizada": "021BBCC675534F818DF856297F06B4301105C.JPEG",
    "cantidad_archivos": 1,
    "archivos_fuente": [
      "Pictures/Fototeca de Fotos.photoslibrary/resources/derivatives/0/021BBCC6-7553-4F81-8DF8-56297F06B430_1_105_c.jpeg"
    ],
    "ultima_modificacion": "2025-08-01 01:01:00.782855"
  },
  "0f9273bcb9624bde963da3681bfa69b11105c.jpeg": {
    "app_sintetizada": "0F9273BCB9624BDE963DA3681BFA69B11105C.JPEG",
    "cantidad_archivos": 1,
    "archivos_fuente": [
      "Pictures/Fototeca de Fotos.photoslibrary/resources/derivatives/0/0F9273BC-B962-4BDE-963D-A3681BFA69B1_1_105_c.jpeg"
    ],
    "ultima_modificacion": "2025-08-01 01:01:00.783058"
  },
  "0934b5572a0542879163641b8b4434471105c.jpeg": {
    "app_sintetizada": "0934B5572A0542879163641B8B4434471105C.JPEG",
    "cantidad_archivos": 1,
    "archivos_fuente": [
      "Pictures/Fototeca de Fotos.photoslibrary/resources/derivatives/0/0934B557-2A05-4287-9163-641B8B443447_1_105_c.jpeg"
    ],
    "ultima_modificacion": "2025-08-01 01:01:00.783265"
  },
  "0b45fe67f8d749f8a67c9b874055b2251105c.jpeg": {
    "app_sintetizada": "0B45FE67F8D749F8A67C9B874055B2251105C.JPEG",
    "cantidad_archivos": 1,
    "archivos_fuente": [
      "Pictures/Fototeca de Fotos.photoslibrary/resources/derivatives/0/0B45FE67-F8D7-49F8-A67C-9B874055B225_1_105_c.jpeg"
    ],
    "ultima_modificacion": "2025-08-01 01:01:00.783449"
  },
  "0b80b4f9eaee4e5bb190c5c065248b7f1105c.jpeg": {
    "app_sintetizada": "0B80B4F9EAEE4E5BB190C5C065248B7F1105C.JPEG",
    "cantidad_archivos": 1,
    "archivos_fuente": [
      "Pictures/Fototeca de Fotos.photoslibrary/resources/derivatives/0/0B80B4F9-EAEE-4E5B-B190-C5C065248B7F_1_105_c.jpeg"
    ],
    "ultima_modificacion": "2025-08-01 01:01:00.783645"
  },
  "0f5d0bda0b2d45dd9db1e5759aea2deb1105c.jpeg": {
    "app_sintetizada": "0F5D0BDA0B2D45DD9DB1E5759AEA2DEB1105C.JPEG",
    "cantidad_archivos": 1,
    "archivos_fuente": [
      "Pictures/Fototeca de Fotos.photoslibrary/resources/derivatives/0/0F5D0BDA-0B2D-45DD-9DB1-E5759AEA2DEB_1_105_c.jpeg"
    ],
    "ultima_modificacion": "2025-08-01 01:01:00.783825"
  },
  "0c9e3c5d1dd34c01a7fe9ee5011c32c0.thm": {
    "app_sintetizada": "0C9E3C5D1DD34C01A7FE9EE5011C32C0.THM",
    "cantidad_archivos": 1,
    "archivos_fuente": [
      "Pictures/Fototeca de Fotos.photoslibrary/resources/derivatives/0/0C9E3C5D-1DD3-4C01-A7FE-9EE5011C32C0.THM"
    ],
    "ultima_modificacion": "2025-08-01 01:01:00.784000"
  },
  "057166c9eec94ff1a4e17cb6fb8fe4161105c.jpeg": {
    "app_sintetizada": "057166C9EEC94FF1A4E17CB6FB8FE4161105C.JPEG",
    "cantidad_archivos": 1,
    "archivos_fuente": [
      "Pictures/Fototeca de Fotos.photoslibrary/resources/derivatives/0/057166C9-EEC9-4FF1-A4E1-7CB6FB8FE416_1_105_c.jpeg"
    ],
    "ultima_modificacion": "2025-08-01 01:01:00.784238"
  },
  "08773b755ac84a9aaaf88432d51ce66b1105c.jpeg": {
    "app_sintetizada": "08773B755AC84A9AAAF88432D51CE66B1105C.JPEG",
    "cantidad_archivos": 1,
    "archivos_fuente": [
      "Pictures/Fototeca de Fotos.photoslibrary/resources/derivatives/0/08773B75-5AC8-4A9A-AAF8-8432D51CE66B_1_105_c.jpeg"
    ],
    "ultima_modificacion": "2025-08-01 01:01:00.784526"
  },
  "06cd5cac342d400a936f10bb55f0ce0d1105c.jpeg": {
    "app_sintetizada": "06CD5CAC342D400A936F10BB55F0CE0D1105C.JPEG",
    "cantidad_archivos": 1,
    "archivos_fuente": [
      "Pictures/Fototeca de Fotos.photoslibrary/resources/derivatives/0/06CD5CAC-342D-400A-936F-10BB55F0CE0D_1_105_c.jpeg"
    ],
    "ultima_modificacion": "2025-08-01 01:01:00.784763"
  },
  "091f1bb407b24eb5881e7718f675f9451102o.jpeg": {
    "app_sintetizada": "091F1BB407B24EB5881E7718F675F9451102O.JPEG",
    "cantidad_archivos": 1,
    "archivos_fuente": [
      "Pictures/Fototeca de Fotos.photoslibrary/resources/derivatives/0/091F1BB4-07B2-4EB5-881E-7718F675F945_1_102_o.jpeg"
    ],
    "ultima_modificacion": "2025-08-01 01:01:00.785069"
  },
  "05704fb0e1f64971904604f5efb1f3761105c.jpeg": {
    "app_sintetizada": "05704FB0E1F64971904604F5EFB1F3761105C.JPEG",
    "cantidad_archivos": 1,
    "archivos_fuente": [
      "Pictures/Fototeca de Fotos.photoslibrary/resources/derivatives/0/05704FB0-E1F6-4971-9046-04F5EFB1F376_1_105_c.jpeg"
    ],
    "ultima_modificacion": "2025-08-01 01:01:00.785275"
  },
  "00f946149bac4a42b790756d11796b941105c.jpeg": {
    "app_sintetizada": "00F946149BAC4A42B790756D11796B941105C.JPEG",
    "cantidad_archivos": 1,
    "archivos_fuente": [
      "Pictures/Fototeca de Fotos.photoslibrary/resources/derivatives/0/00F94614-9BAC-4A42-B790-756D11796B94_1_105_c.jpeg"
    ],
    "ultima_modificacion": "2025-08-01 01:01:00.785465"
  },
  "0459ecee017149828f8fdcc189efee231105c.jpeg": {
    "app_sintetizada": "0459ECEE017149828F8FDCC189EFEE231105C.JPEG",
    "cantidad_archivos": 1,
    "archivos_fuente": [
      "Pictures/Fototeca de Fotos.photoslibrary/resources/derivatives/0/0459ECEE-0171-4982-8F8F-DCC189EFEE23_1_105_c.jpeg"
    ],
    "ultima_modificacion": "2025-08-01 01:01:00.785703"
  },
  "08d0eef706914034b4525f39488a17831105c.jpeg": {
    "app_sintetizada": "08D0EEF706914034B4525F39488A17831105C.JPEG",
    "cantidad_archivos": 1,
    "archivos_fuente": [
      "Pictures/Fototeca de Fotos.photoslibrary/resources/derivatives/0/08D0EEF7-0691-4034-B452-5F39488A1783_1_105_c.jpeg"
    ],
    "ultima_modificacion": "2025-08-01 01:01:00.786028"
  },
  "0e1864793ab34e2fa6682c07c4aa19e41105c.jpeg": {
    "app_sintetizada": "0E1864793AB34E2FA6682C07C4AA19E41105C.JPEG",
    "cantidad_archivos": 1,
    "archivos_fuente": [
      "Pictures/Fototeca de Fotos.photoslibrary/resources/derivatives/0/0E186479-3AB3-4E2F-A668-2C07C4AA19E4_1_105_c.jpeg"
    ],
    "ultima_modificacion": "2025-08-01 01:01:00.786708"
  },
  "037b22e6ff9c4773a07893e5768cd1d21105c.jpeg": {
    "app_sintetizada": "037B22E6FF9C4773A07893E5768CD1D21105C.JPEG",
    "cantidad_archivos": 1,
    "archivos_fuente": [
      "Pictures/Fototeca de Fotos.photoslibrary/resources/derivatives/0/037B22E6-FF9C-4773-A078-93E5768CD1D2_1_105_c.jpeg"
    ],
    "ultima_modificacion": "2025-08-01 01:01:00.787031"
  },
  "0229595fdbbe49fdaf2feaf0fd4c6ad21105c.jpeg": {
    "app_sintetizada": "0229595FDBBE49FDAF2FEAF0FD4C6AD21105C.JPEG",
    "cantidad_archivos": 1,
    "archivos_fuente": [
      "Pictures/Fototeca de Fotos.photoslibrary/resources/derivatives/0/0229595F-DBBE-49FD-AF2F-EAF0FD4C6AD2_1_105_c.jpeg"
    ],
    "ultima_modificacion": "2025-08-01 01:01:00.787318"
  },
  "00218be893864fc48bc4f56d67e422901105c.jpeg": {
    "app_sintetizada": "00218BE893864FC48BC4F56D67E422901105C.JPEG",
    "cantidad_archivos": 1,
    "archivos_fuente": [
      "Pictures/Fototeca de Fotos.photoslibrary/resources/derivatives/0/00218BE8-9386-4FC4-8BC4-F56D67E42290_1_105_c.jpeg"
    ],
    "ultima_modificacion": "2025-08-01 01:01:00.787618"
  },
  "0fee335921c3410488622df31eb024111105c.jpeg": {
    "app_sintetizada": "0FEE335921C3410488622DF31EB024111105C.JPEG",
    "cantidad_archivos": 1,
    "archivos_fuente": [
      "Pictures/Fototeca de Fotos.photoslibrary/resources/derivatives/0/0FEE3359-21C3-4104-8862-2DF31EB02411_1_105_c.jpeg"
    ],
    "ultima_modificacion": "2025-08-01 01:01:00.787919"
  },
  "0c22382d6ebb402ab95f327730ce24a61105c.jpeg": {
    "app_sintetizada": "0C22382D6EBB402AB95F327730CE24A61105C.JPEG",
    "cantidad_archivos": 1,
    "archivos_fuente": [
      "Pictures/Fototeca de Fotos.photoslibrary/resources/derivatives/0/0C22382D-6EBB-402A-B95F-327730CE24A6_1_105_c.jpeg"
    ],
    "ultima_modificacion": "2025-08-01 01:01:00.788215"
  },
  "006ef5a517af4959843911181c9ede091105c.jpeg": {
    "app_sintetizada": "006EF5A517AF4959843911181C9EDE091105C.JPEG",
    "cantidad_archivos": 1,
    "archivos_fuente": [
      "Pictures/Fototeca de Fotos.photoslibrary/resources/derivatives/0/006EF5A5-17AF-4959-8439-11181C9EDE09_1_105_c.jpeg"
    ],
    "ultima_modificacion": "2025-08-01 01:01:00.788527"
  },
  "0161cc6b1f924d95b2783051a6ceccf81105c.jpeg": {
    "app_sintetizada": "0161CC6B1F924D95B2783051A6CECCF81105C.JPEG",
    "cantidad_archivos": 1,
    "archivos_fuente": [
      "Pictures/Fototeca de Fotos.photoslibrary/resources/derivatives/0/0161CC6B-1F92-4D95-B278-3051A6CECCF8_1_105_c.jpeg"
    ],
    "ultima_modificacion": "2025-08-01 01:01:00.788826"
  },
  "041e2ddd82464a17a6d924d6d9df44261105c.jpeg": {
    "app_sintetizada": "041E2DDD82464A17A6D924D6D9DF44261105C.JPEG",
    "cantidad_archivos": 1,
    "archivos_fuente": [
      "Pictures/Fototeca de Fotos.photoslibrary/resources/derivatives/0/041E2DDD-8246-4A17-A6D9-24D6D9DF4426_1_105_c.jpeg"
    ],
    "ultima_modificacion": "2025-08-01 01:01:00.789165"
  },
  "07164ba72c9b4471a3595c52a0f1b819.thm": {
    "app_sintetizada": "07164BA72C9B4471A3595C52A0F1B819.THM",
    "cantidad_archivos": 1,
    "archivos_fuente": [
      "Pictures/Fototeca de Fotos.photoslibrary/resources/derivatives/0/07164BA7-2C9B-4471-A359-5C52A0F1B819.THM"
    ],
    "ultima_modificacion": "2025-08-01 01:01:00.789495"
  },
  "05b69274c2d44278819b78ccfea6cd3b1105c.jpeg": {
    "app_sintetizada": "05B69274C2D44278819B78CCFEA6CD3B1105C.JPEG",
    "cantidad_archivos": 1,
    "archivos_fuente": [
      "Pictures/Fototeca de Fotos.photoslibrary/resources/derivatives/0/05B69274-C2D4-4278-819B-78CCFEA6CD3B_1_105_c.jpeg"
    ],
    "ultima_modificacion": "2025-08-01 01:01:00.789820"
  },
  "070e2e894e8b459ca4402dc77d2b6568.thm": {
    "app_sintetizada": "070E2E894E8B459CA4402DC77D2B6568.THM",
    "cantidad_archivos": 1,
    "archivos_fuente": [
      "Pictures/Fototeca de Fotos.photoslibrary/resources/derivatives/0/070E2E89-4E8B-459C-A440-2DC77D2B6568.THM"
    ],
    "ultima_modificacion": "2025-08-01 01:01:00.790142"
  },
  "0cc25b0443f54ad4b9b939fe25e8951c1100o.jpeg": {
    "app_sintetizada": "0CC25B0443F54AD4B9B939FE25E8951C1100O.JPEG",
    "cantidad_archivos": 1,
    "archivos_fuente": [
      "Pictures/Fototeca de Fotos.photoslibrary/resources/derivatives/0/0CC25B04-43F5-4AD4-B9B9-39FE25E8951C_1_100_o.jpeg"
    ],
    "ultima_modificacion": "2025-08-01 01:01:00.790458"
  },
  "0b7df4b85d1b40bd8d904b5982ad77d71105c.jpeg": {
    "app_sintetizada": "0B7DF4B85D1B40BD8D904B5982AD77D71105C.JPEG",
    "cantidad_archivos": 1,
    "archivos_fuente": [
      "Pictures/Fototeca de Fotos.photoslibrary/resources/derivatives/0/0B7DF4B8-5D1B-40BD-8D90-4B5982AD77D7_1_105_c.jpeg"
    ],
    "ultima_modificacion": "2025-08-01 01:01:00.790782"
  },
  "09edde2b7599454786e7809d1a955a931105c.jpeg": {
    "app_sintetizada": "09EDDE2B7599454786E7809D1A955A931105C.JPEG",
    "cantidad_archivos": 1,
    "archivos_fuente": [
      "Pictures/Fototeca de Fotos.photoslibrary/resources/derivatives/0/09EDDE2B-7599-4547-86E7-809D1A955A93_1_105_c.jpeg"
    ],
    "ultima_modificacion": "2025-08-01 01:01:00.791116"
  },
  "0a5f447414d44a4f96d31e9ef25ffeba.thm": {
    "app_sintetizada": "0A5F447414D44A4F96D31E9EF25FFEBA.THM",
    "cantidad_archivos": 1,
    "archivos_fuente": [
      "Pictures/Fototeca de Fotos.photoslibrary/resources/derivatives/0/0A5F4474-14D4-4A4F-96D3-1E9EF25FFEBA.THM"
    ],
    "ultima_modificacion": "2025-08-01 01:01:00.791425"
  },
  "0a8cf6e96359436b91a90c42a6d6438f1105c.jpeg": {
    "app_sintetizada": "0A8CF6E96359436B91A90C42A6D6438F1105C.JPEG",
    "cantidad_archivos": 1,
    "archivos_fuente": [
      "Pictures/Fototeca de Fotos.photoslibrary/resources/derivatives/0/0A8CF6E9-6359-436B-91A9-0C42A6D6438F_1_105_c.jpeg"
    ],
    "ultima_modificacion": "2025-08-01 01:01:00.791731"
  },
  "0203df5541114fe9ac1c4975fa5fc24d1105c.jpeg": {
    "app_sintetizada": "0203DF5541114FE9AC1C4975FA5FC24D1105C.JPEG",
    "cantidad_archivos": 1,
    "archivos_fuente": [
      "Pictures/Fototeca de Fotos.photoslibrary/resources/derivatives/0/0203DF55-4111-4FE9-AC1C-4975FA5FC24D_1_105_c.jpeg"
    ],
    "ultima_modificacion": "2025-08-01 01:01:00.792073"
  },
  "0976bc0a2ca34b528a21999b2a546ad51105c.jpeg": {
    "app_sintetizada": "0976BC0A2CA34B528A21999B2A546AD51105C.JPEG",
    "cantidad_archivos": 1,
    "archivos_fuente": [
      "Pictures/Fototeca de Fotos.photoslibrary/resources/derivatives/0/0976BC0A-2CA3-4B52-8A21-999B2A546AD5_1_105_c.jpeg"
    ],
    "ultima_modificacion": "2025-08-01 01:01:00.792395"
  },
  "0a72a6cf6edf4fd78fa00a0fae642ef11105c.jpeg": {
    "app_sintetizada": "0A72A6CF6EDF4FD78FA00A0FAE642EF11105C.JPEG",
    "cantidad_archivos": 1,
    "archivos_fuente": [
      "Pictures/Fototeca de Fotos.photoslibrary/resources/derivatives/0/0A72A6CF-6EDF-4FD7-8FA0-0A0FAE642EF1_1_105_c.jpeg"
    ],
    "ultima_modificacion": "2025-08-01 01:01:00.792725"
  },
  "0f97c10d6252408498d9bc8d00f05ae61105c.jpeg": {
    "app_sintetizada": "0F97C10D6252408498D9BC8D00F05AE61105C.JPEG",
    "cantidad_archivos": 1,
    "archivos_fuente": [
      "Pictures/Fototeca de Fotos.photoslibrary/resources/derivatives/0/0F97C10D-6252-4084-98D9-BC8D00F05AE6_1_105_c.jpeg"
    ],
    "ultima_modificacion": "2025-08-01 01:01:00.793055"
  },
  "0caa002e01bb433faf878ee7a7d6af041105c.jpeg": {
    "app_sintetizada": "0CAA002E01BB433FAF878EE7A7D6AF041105C.JPEG",
    "cantidad_archivos": 1,
    "archivos_fuente": [
      "Pictures/Fototeca de Fotos.photoslibrary/resources/derivatives/0/0CAA002E-01BB-433F-AF87-8EE7A7D6AF04_1_105_c.jpeg"
    ],
    "ultima_modificacion": "2025-08-01 01:01:00.793380"
  },
  "015034fc9f04497f9d38d8144c9199c91105c.jpeg": {
    "app_sintetizada": "015034FC9F04497F9D38D8144C9199C91105C.JPEG",
    "cantidad_archivos": 1,
    "archivos_fuente": [
      "Pictures/Fototeca de Fotos.photoslibrary/resources/derivatives/0/015034FC-9F04-497F-9D38-D8144C9199C9_1_105_c.jpeg"
    ],
    "ultima_modificacion": "2025-08-01 01:01:00.793689"
  },
  "07135b8411654a40b108c169dde192471105c.jpeg": {
    "app_sintetizada": "07135B8411654A40B108C169DDE192471105C.JPEG",
    "cantidad_archivos": 1,
    "archivos_fuente": [
      "Pictures/Fototeca de Fotos.photoslibrary/resources/derivatives/0/07135B84-1165-4A40-B108-C169DDE19247_1_105_c.jpeg"
    ],
    "ultima_modificacion": "2025-08-01 01:01:00.794006"
  },
  "021cd86cee314d06941dd7e8679189ce1105c.jpeg": {
    "app_sintetizada": "021CD86CEE314D06941DD7E8679189CE1105C.JPEG",
    "cantidad_archivos": 1,
    "archivos_fuente": [
      "Pictures/Fototeca de Fotos.photoslibrary/resources/derivatives/0/021CD86C-EE31-4D06-941D-D7E8679189CE_1_105_c.jpeg"
    ],
    "ultima_modificacion": "2025-08-01 01:01:00.794339"
  },
  "081866a786d6498cb5169c2518152039.thm": {
    "app_sintetizada": "081866A786D6498CB5169C2518152039.THM",
    "cantidad_archivos": 1,
    "archivos_fuente": [
      "Pictures/Fototeca de Fotos.photoslibrary/resources/derivatives/0/081866A7-86D6-498C-B516-9C2518152039.THM"
    ],
    "ultima_modificacion": "2025-08-01 01:01:00.794647"
  },
  "0373b6ceb5c44ec6ac83c75b5a9e18f81105c.jpeg": {
    "app_sintetizada": "0373B6CEB5C44EC6AC83C75B5A9E18F81105C.JPEG",
    "cantidad_archivos": 1,
    "archivos_fuente": [
      "Pictures/Fototeca de Fotos.photoslibrary/resources/derivatives/0/0373B6CE-B5C4-4EC6-AC83-C75B5A9E18F8_1_105_c.jpeg"
    ],
    "ultima_modificacion": "2025-08-01 01:01:00.794942"
  },
  "077079eb16844105adf456be1b2714131105c.jpeg": {
    "app_sintetizada": "077079EB16844105ADF456BE1B2714131105C.JPEG",
    "cantidad_archivos": 1,
    "archivos_fuente": [
      "Pictures/Fototeca de Fotos.photoslibrary/resources/derivatives/0/077079EB-1684-4105-ADF4-56BE1B271413_1_105_c.jpeg"
    ],
    "ultima_modificacion": "2025-08-01 01:01:00.795256"
  },
  "0cae18c9d13d41c3934b51ff3e8e818d1105c.jpeg": {
    "app_sintetizada": "0CAE18C9D13D41C3934B51FF3E8E818D1105C.JPEG",
    "cantidad_archivos": 1,
    "archivos_fuente": [
      "Pictures/Fototeca de Fotos.photoslibrary/resources/derivatives/0/0CAE18C9-D13D-41C3-934B-51FF3E8E818D_1_105_c.jpeg"
    ],
    "ultima_modificacion": "2025-08-01 01:01:00.795565"
  },
  "0061ec2267574d3c88c731b4968fa39c1105c.jpeg": {
    "app_sintetizada": "0061EC2267574D3C88C731B4968FA39C1105C.JPEG",
    "cantidad_archivos": 1,
    "archivos_fuente": [
      "Pictures/Fototeca de Fotos.photoslibrary/resources/derivatives/0/0061EC22-6757-4D3C-88C7-31B4968FA39C_1_105_c.jpeg"
    ],
    "ultima_modificacion": "2025-08-01 01:01:00.795871"
  },
  "0d049c1820904183aa651b342f7c4f011105c.jpeg": {
    "app_sintetizada": "0D049C1820904183AA651B342F7C4F011105C.JPEG",
    "cantidad_archivos": 1,
    "archivos_fuente": [
      "Pictures/Fototeca de Fotos.photoslibrary/resources/derivatives/0/0D049C18-2090-4183-AA65-1B342F7C4F01_1_105_c.jpeg"
    ],
    "ultima_modificacion": "2025-08-01 01:01:00.796197"
  },
  "082b7b3a37a74215aa1489164b287b821105c.jpeg": {
    "app_sintetizada": "082B7B3A37A74215AA1489164B287B821105C.JPEG",
    "cantidad_archivos": 1,
    "archivos_fuente": [
      "Pictures/Fototeca de Fotos.photoslibrary/resources/derivatives/0/082B7B3A-37A7-4215-AA14-89164B287B82_1_105_c.jpeg"
    ],
    "ultima_modificacion": "2025-08-01 01:01:00.796487"
  },
  "096e3c26752e4401aa20e5ea72e88fd91105c.jpeg": {
    "app_sintetizada": "096E3C26752E4401AA20E5EA72E88FD91105C.JPEG",
    "cantidad_archivos": 1,
    "archivos_fuente": [
      "Pictures/Fototeca de Fotos.photoslibrary/resources/derivatives/0/096E3C26-752E-4401-AA20-E5EA72E88FD9_1_105_c.jpeg"
    ],
    "ultima_modificacion": "2025-08-01 01:01:00.796762"
  },
  "0a0deee9ed284ec493629e3cc30f5d0a.thm": {
    "app_sintetizada": "0A0DEEE9ED284EC493629E3CC30F5D0A.THM",
    "cantidad_archivos": 1,
    "archivos_fuente": [
      "Pictures/Fototeca de Fotos.photoslibrary/resources/derivatives/0/0A0DEEE9-ED28-4EC4-9362-9E3CC30F5D0A.THM"
    ],
    "ultima_modificacion": "2025-08-01 01:01:00.797035"
  },
  "09aeaf471af94873a03e601a3a4f5b651105c.jpeg": {
    "app_sintetizada": "09AEAF471AF94873A03E601A3A4F5B651105C.JPEG",
    "cantidad_archivos": 1,
    "archivos_fuente": [
      "Pictures/Fototeca de Fotos.photoslibrary/resources/derivatives/0/09AEAF47-1AF9-4873-A03E-601A3A4F5B65_1_105_c.jpeg"
    ],
    "ultima_modificacion": "2025-08-01 01:01:00.797312"
  },
  "08d42385f5da4445b24e739ba06a30101105c.jpeg": {
    "app_sintetizada": "08D42385F5DA4445B24E739BA06A30101105C.JPEG",
    "cantidad_archivos": 1,
    "archivos_fuente": [
      "Pictures/Fototeca de Fotos.photoslibrary/resources/derivatives/0/08D42385-F5DA-4445-B24E-739BA06A3010_1_105_c.jpeg"
    ],
    "ultima_modificacion": "2025-08-01 01:01:00.797600"
  },
  "024b47684c6e41e69f9291b15af566171105c.jpeg": {
    "app_sintetizada": "024B47684C6E41E69F9291B15AF566171105C.JPEG",
    "cantidad_archivos": 1,
    "archivos_fuente": [
      "Pictures/Fototeca de Fotos.photoslibrary/resources/derivatives/0/024B4768-4C6E-41E6-9F92-91B15AF56617_1_105_c.jpeg"
    ],
    "ultima_modificacion": "2025-08-01 01:01:00.797872"
  },
  "025944a7d0614e7eb2888b02d47d0e881105c.jpeg": {
    "app_sintetizada": "025944A7D0614E7EB2888B02D47D0E881105C.JPEG",
    "cantidad_archivos": 1,
    "archivos_fuente": [
      "Pictures/Fototeca de Fotos.photoslibrary/resources/derivatives/0/025944A7-D061-4E7E-B288-8B02D47D0E88_1_105_c.jpeg"
    ],
    "ultima_modificacion": "2025-08-01 01:01:00.798210"
  },
  "079f196f641f4f03b08eae9b27934638.thm": {
    "app_sintetizada": "079F196F641F4F03B08EAE9B27934638.THM",
    "cantidad_archivos": 1,
    "archivos_fuente": [
      "Pictures/Fototeca de Fotos.photoslibrary/resources/derivatives/0/079F196F-641F-4F03-B08E-AE9B27934638.THM"
    ],
    "ultima_modificacion": "2025-08-01 01:01:00.798531"
  },
  "0070aa6dd6d545e69e74d9cd02ae9f401105c.jpeg": {
    "app_sintetizada": "0070AA6DD6D545E69E74D9CD02AE9F401105C.JPEG",
    "cantidad_archivos": 1,
    "archivos_fuente": [
      "Pictures/Fototeca de Fotos.photoslibrary/resources/derivatives/0/0070AA6D-D6D5-45E6-9E74-D9CD02AE9F40_1_105_c.jpeg"
    ],
    "ultima_modificacion": "2025-08-01 01:01:00.798841"
  }
}