{
  "00c8723f91584ad991fa5dd8dc68495d.thm": {
    "app_sintetizada": "00C8723F91584AD991FA5DD8DC68495D.THM",
    "cantidad_archivos": 1,
    "archivos_fuente": [
      "Pictures/Fototeca de Fotos.photoslibrary/resources/derivatives/0/00C8723F-9158-4AD9-91FA-5DD8DC68495D.THM"
    ],
    "ultima_modificacion": "2025-08-01 01:01:00.619534"
  },
  "0c679243385542aa94efbfed7dbbc70c1105c.jpeg": {
    "app_sintetizada": "0C679243385542AA94EFBFED7DBBC70C1105C.JPEG",
    "cantidad_archivos": 1,
    "archivos_fuente": [
      "Pictures/Fototeca de Fotos.photoslibrary/resources/derivatives/0/0C679243-3855-42AA-94EF-BFED7DBBC70C_1_105_c.jpeg"
    ],
    "ultima_modificacion": "2025-08-01 01:01:00.619740"
  },
  "0d39139cb84e4c48804f18e9189a6a521105c.jpeg": {
    "app_sintetizada": "0D39139CB84E4C48804F18E9189A6A521105C.JPEG",
    "cantidad_archivos": 1,
    "archivos_fuente": [
      "Pictures/Fototeca de Fotos.photoslibrary/resources/derivatives/0/0D39139C-B84E-4C48-804F-18E9189A6A52_1_105_c.jpeg"
    ],
    "ultima_modificacion": "2025-08-01 01:01:00.619938"
  },
  "0c6ce0a36a1d4b7abebe36ef373ec8701105c.jpeg": {
    "app_sintetizada": "0C6CE0A36A1D4B7ABEBE36EF373EC8701105C.JPEG",
    "cantidad_archivos": 1,
    "archivos_fuente": [
      "Pictures/Fototeca de Fotos.photoslibrary/resources/derivatives/0/0C6CE0A3-6A1D-4B7A-BEBE-36EF373EC870_1_105_c.jpeg"
    ],
    "ultima_modificacion": "2025-08-01 01:01:00.620121"
  },
  "09440af2017f4e74bf204b28269212881105c.jpeg": {
    "app_sintetizada": "09440AF2017F4E74BF204B28269212881105C.JPEG",
    "cantidad_archivos": 1,
    "archivos_fuente": [
      "Pictures/Fototeca de Fotos.photoslibrary/resources/derivatives/0/09440AF2-017F-4E74-BF20-4B2826921288_1_105_c.jpeg"
    ],
    "ultima_modificacion": "2025-08-01 01:01:00.620301"
  },
  "0968502473d647e99a303ab940c270061105c.jpeg": {
    "app_sintetizada": "0968502473D647E99A303AB940C270061105C.JPEG",
    "cantidad_archivos": 1,
    "archivos_fuente": [
      "Pictures/Fototeca de Fotos.photoslibrary/resources/derivatives/0/09685024-73D6-47E9-9A30-3AB940C27006_1_105_c.jpeg"
    ],
    "ultima_modificacion": "2025-08-01 01:01:00.620491"
  },
  "00fe9c245bcd401591b79fb0a8bec6d51105c.jpeg": {
    "app_sintetizada": "00FE9C245BCD401591B79FB0A8BEC6D51105C.JPEG",
    "cantidad_archivos": 1,
    "archivos_fuente": [
      "Pictures/Fototeca de Fotos.photoslibrary/resources/derivatives/0/00FE9C24-5BCD-4015-91B7-9FB0A8BEC6D5_1_105_c.jpeg"
    ],
    "ultima_modificacion": "2025-08-01 01:01:00.620681"
  },
  "0ea179e5f2b44649a5f4fcf0b6229da41105c.jpeg": {
    "app_sintetizada": "0EA179E5F2B44649A5F4FCF0B6229DA41105C.JPEG",
    "cantidad_archivos": 1,
    "archivos_fuente": [
      "Pictures/Fototeca de Fotos.photoslibrary/resources/derivatives/0/0EA179E5-F2B4-4649-A5F4-FCF0B6229DA4_1_105_c.jpeg"
    ],
    "ultima_modificacion": "2025-08-01 01:01:00.620863"
  },
  "0f3ae9cb9cd84621a2f7155e8423d5121105c.jpeg": {
    "app_sintetizada": "0F3AE9CB9CD84621A2F7155E8423D5121105C.JPEG",
    "cantidad_archivos": 1,
    "archivos_fuente": [
      "Pictures/Fototeca de Fotos.photoslibrary/resources/derivatives/0/0F3AE9CB-9CD8-4621-A2F7-155E8423D512_1_105_c.jpeg"
    ],
    "ultima_modificacion": "2025-08-01 01:01:00.621063"
  },
  "0e02bbf0d8e24d9eb42966abb25553751105c.jpeg": {
    "app_sintetizada": "0E02BBF0D8E24D9EB42966ABB25553751105C.JPEG",
    "cantidad_archivos": 1,
    "archivos_fuente": [
      "Pictures/Fototeca de Fotos.photoslibrary/resources/derivatives/0/0E02BBF0-D8E2-4D9E-B429-66ABB2555375_1_105_c.jpeg"
    ],
    "ultima_modificacion": "2025-08-01 01:01:00.621237"
  },
  "006a5dd43250435994265d129a1e93561105c.jpeg": {
    "app_sintetizada": "006A5DD43250435994265D129A1E93561105C.JPEG",
    "cantidad_archivos": 1,
    "archivos_fuente": [
      "Pictures/Fototeca de Fotos.photoslibrary/resources/derivatives/0/006A5DD4-3250-4359-9426-5D129A1E9356_1_105_c.jpeg"
    ],
    "ultima_modificacion": "2025-08-01 01:01:00.621414"
  },
  "04f9bd852a484f609c02d2f92a4d3b2b1105c.jpeg": {
    "app_sintetizada": "04F9BD852A484F609C02D2F92A4D3B2B1105C.JPEG",
    "cantidad_archivos": 1,
    "archivos_fuente": [
      "Pictures/Fototeca de Fotos.photoslibrary/resources/derivatives/0/04F9BD85-2A48-4F60-9C02-D2F92A4D3B2B_1_105_c.jpeg"
    ],
    "ultima_modificacion": "2025-08-01 01:01:00.621594"
  },
  "034583eb1f0a4a9bb9a2e69abb3c21a01105c.jpeg": {
    "app_sintetizada": "034583EB1F0A4A9BB9A2E69ABB3C21A01105C.JPEG",
    "cantidad_archivos": 1,
    "archivos_fuente": [
      "Pictures/Fototeca de Fotos.photoslibrary/resources/derivatives/0/034583EB-1F0A-4A9B-B9A2-E69ABB3C21A0_1_105_c.jpeg"
    ],
    "ultima_modificacion": "2025-08-01 01:01:00.621779"
  },
  "0d311df26b594d63a28a4029cd3942bc1105c.jpeg": {
    "app_sintetizada": "0D311DF26B594D63A28A4029CD3942BC1105C.JPEG",
    "cantidad_archivos": 1,
    "archivos_fuente": [
      "Pictures/Fototeca de Fotos.photoslibrary/resources/derivatives/0/0D311DF2-6B59-4D63-A28A-4029CD3942BC_1_105_c.jpeg"
    ],
    "ultima_modificacion": "2025-08-01 01:01:00.621976"
  },
  "0f2387fc5c1447258c18cc334f747a591105c.jpeg": {
    "app_sintetizada": "0F2387FC5C1447258C18CC334F747A591105C.JPEG",
    "cantidad_archivos": 1,
    "archivos_fuente": [
      "Pictures/Fototeca de Fotos.photoslibrary/resources/derivatives/0/0F2387FC-5C14-4725-8C18-CC334F747A59_1_105_c.jpeg"
    ],
    "ultima_modificacion": "2025-08-01 01:01:00.622200"
  },
  "074cf2ccf50c491b9d716b6ca981dbc51105c.jpeg": {
    "app_sintetizada": "074CF2CCF50C491B9D716B6CA981DBC51105C.JPEG",
    "cantidad_archivos": 1,
    "archivos_fuente": [
      "Pictures/Fototeca de Fotos.photoslibrary/resources/derivatives/0/074CF2CC-F50C-491B-9D71-6B6CA981DBC5_1_105_c.jpeg"
    ],
    "ultima_modificacion": "2025-08-01 01:01:00.622425"
  },
  "03347103ffce4aba9a0413e38fe69fcf1105c.jpeg": {
    "app_sintetizada": "03347103FFCE4ABA9A0413E38FE69FCF1105C.JPEG",
    "cantidad_archivos": 1,
    "archivos_fuente": [
      "Pictures/Fototeca de Fotos.photoslibrary/resources/derivatives/0/03347103-FFCE-4ABA-9A04-13E38FE69FCF_1_105_c.jpeg"
    ],
    "ultima_modificacion": "2025-08-01 01:01:00.622680"
  },
  "07a47d4f172049b7a6ea27d301e720031105c.jpeg": {
    "app_sintetizada": "07A47D4F172049B7A6EA27D301E720031105C.JPEG",
    "cantidad_archivos": 1,
    "archivos_fuente": [
      "Pictures/Fototeca de Fotos.photoslibrary/resources/derivatives/0/07A47D4F-1720-49B7-A6EA-27D301E72003_1_105_c.jpeg"
    ],
    "ultima_modificacion": "2025-08-01 01:01:00.622955"
  },
  "04efc050566f429baf2850c776e3b3b81105c.jpeg": {
    "app_sintetizada": "04EFC050566F429BAF2850C776E3B3B81105C.JPEG",
    "cantidad_archivos": 1,
    "archivos_fuente": [
      "Pictures/Fototeca de Fotos.photoslibrary/resources/derivatives/0/04EFC050-566F-429B-AF28-50C776E3B3B8_1_105_c.jpeg"
    ],
    "ultima_modificacion": "2025-08-01 01:01:00.623165"
  },
  "0b511536ccea408e8360e3cf1d3a10261105c.jpeg": {
    "app_sintetizada": "0B511536CCEA408E8360E3CF1D3A10261105C.JPEG",
    "cantidad_archivos": 1,
    "archivos_fuente": [
      "Pictures/Fototeca de Fotos.photoslibrary/resources/derivatives/0/0B511536-CCEA-408E-8360-E3CF1D3A1026_1_105_c.jpeg"
    ],
    "ultima_modificacion": "2025-08-01 01:01:00.623350"
  },
  "0b58e66aaa524fb9b2cdd23e8c76f8e41105c.jpeg": {
    "app_sintetizada": "0B58E66AAA524FB9B2CDD23E8C76F8E41105C.JPEG",
    "cantidad_archivos": 1,
    "archivos_fuente": [
      "Pictures/Fototeca de Fotos.photoslibrary/resources/derivatives/0/0B58E66A-AA52-4FB9-B2CD-D23E8C76F8E4_1_105_c.jpeg"
    ],
    "ultima_modificacion": "2025-08-01 01:01:00.623544"
  },
  "048ec0e7b4304ed6b2750fc0ba5292881105c.jpeg": {
    "app_sintetizada": "048EC0E7B4304ED6B2750FC0BA5292881105C.JPEG",
    "cantidad_archivos": 1,
    "archivos_fuente": [
      "Pictures/Fototeca de Fotos.photoslibrary/resources/derivatives/0/048EC0E7-B430-4ED6-B275-0FC0BA529288_1_105_c.jpeg"
    ],
    "ultima_modificacion": "2025-08-01 01:01:00.623737"
  },
  "03df9e1b0d154d5bb0ecabdf5d77d874.thm": {
    "app_sintetizada": "03DF9E1B0D154D5BB0ECABDF5D77D874.THM",
    "cantidad_archivos": 1,
    "archivos_fuente": [
      "Pictures/Fototeca de Fotos.photoslibrary/resources/derivatives/0/03DF9E1B-0D15-4D5B-B0EC-ABDF5D77D874.THM"
    ],
    "ultima_modificacion": "2025-08-01 01:01:00.623917"
  },
  "0f623653dc7f4bdfb0ba0823710da21e1105c.jpeg": {
    "app_sintetizada": "0F623653DC7F4BDFB0BA0823710DA21E1105C.JPEG",
    "cantidad_archivos": 1,
    "archivos_fuente": [
      "Pictures/Fototeca de Fotos.photoslibrary/resources/derivatives/0/0F623653-DC7F-4BDF-B0BA-0823710DA21E_1_105_c.jpeg"
    ],
    "ultima_modificacion": "2025-08-01 01:01:00.624089"
  },
  "0b0ade7b1c72484295eea244a1059bd61105c.jpeg": {
    "app_sintetizada": "0B0ADE7B1C72484295EEA244A1059BD61105C.JPEG",
    "cantidad_archivos": 1,
    "archivos_fuente": [
      "Pictures/Fototeca de Fotos.photoslibrary/resources/derivatives/0/0B0ADE7B-1C72-4842-95EE-A244A1059BD6_1_105_c.jpeg"
    ],
    "ultima_modificacion": "2025-08-01 01:01:00.624370"
  },
  "089cf70c76f34292800dca3d823ebd121105c.jpeg": {
    "app_sintetizada": "089CF70C76F34292800DCA3D823EBD121105C.JPEG",
    "cantidad_archivos": 1,
    "archivos_fuente": [
      "Pictures/Fototeca de Fotos.photoslibrary/resources/derivatives/0/089CF70C-76F3-4292-800D-CA3D823EBD12_1_105_c.jpeg"
    ],
    "ultima_modificacion": "2025-08-01 01:01:00.624605"
  },
  "042640e8e4dc4252821b1b3e9d7f33e71105c.jpeg": {
    "app_sintetizada": "042640E8E4DC4252821B1B3E9D7F33E71105C.JPEG",
    "cantidad_archivos": 1,
    "archivos_fuente": [
      "Pictures/Fototeca de Fotos.photoslibrary/resources/derivatives/0/042640E8-E4DC-4252-821B-1B3E9D7F33E7_1_105_c.jpeg"
    ],
    "ultima_modificacion": "2025-08-01 01:01:00.624791"
  },
  "092060dd5c824aa99b3fadd23edd15151105c.jpeg": {
    "app_sintetizada": "092060DD5C824AA99B3FADD23EDD15151105C.JPEG",
    "cantidad_archivos": 1,
    "archivos_fuente": [
      "Pictures/Fototeca de Fotos.photoslibrary/resources/derivatives/0/092060DD-5C82-4AA9-9B3F-ADD23EDD1515_1_105_c.jpeg"
    ],
    "ultima_modificacion": "2025-08-01 01:01:00.624968"
  },
  "03f40cf0639e4262a60066bcd23a784f1105c.jpeg": {
    "app_sintetizada": "03F40CF0639E4262A60066BCD23A784F1105C.JPEG",
    "cantidad_archivos": 1,
    "archivos_fuente": [
      "Pictures/Fototeca de Fotos.photoslibrary/resources/derivatives/0/03F40CF0-639E-4262-A600-66BCD23A784F_1_105_c.jpeg"
    ],
    "ultima_modificacion": "2025-08-01 01:01:00.625145"
  },
  "0d9c1e7950464febb70aa2439596eeb1.thm": {
    "app_sintetizada": "0D9C1E7950464FEBB70AA2439596EEB1.THM",
    "cantidad_archivos": 1,
    "archivos_fuente": [
      "Pictures/Fototeca de Fotos.photoslibrary/resources/derivatives/0/0D9C1E79-5046-4FEB-B70A-A2439596EEB1.THM"
    ],
    "ultima_modificacion": "2025-08-01 01:01:00.625316"
  },
  "03dc0a792b72415483102edde1e0e1ef.thm": {
    "app_sintetizada": "03DC0A792B72415483102EDDE1E0E1EF.THM",
    "cantidad_archivos": 1,
    "archivos_fuente": [
      "Pictures/Fototeca de Fotos.photoslibrary/resources/derivatives/0/03DC0A79-2B72-4154-8310-2EDDE1E0E1EF.THM"
    ],
    "ultima_modificacion": "2025-08-01 01:01:00.625484"
  },
  "0bad88f4a83d45a8b38e53626181cf851105c.jpeg": {
    "app_sintetizada": "0BAD88F4A83D45A8B38E53626181CF851105C.JPEG",
    "cantidad_archivos": 1,
    "archivos_fuente": [
      "Pictures/Fototeca de Fotos.photoslibrary/resources/derivatives/0/0BAD88F4-A83D-45A8-B38E-53626181CF85_1_105_c.jpeg"
    ],
    "ultima_modificacion": "2025-08-01 01:01:00.625685"
  },
  "010fa58a874e44ad9f281f156aced0231105c.jpeg": {
    "app_sintetizada": "010FA58A874E44AD9F281F156ACED0231105C.JPEG",
    "cantidad_archivos": 1,
    "archivos_fuente": [
      "Pictures/Fototeca de Fotos.photoslibrary/resources/derivatives/0/010FA58A-874E-44AD-9F28-1F156ACED023_1_105_c.jpeg"
    ],
    "ultima_modificacion": "2025-08-01 01:01:00.625952"
  },
  "051b09bec7384c659a70db2638ec3c631105c.jpeg": {
    "app_sintetizada": "051B09BEC7384C659A70DB2638EC3C631105C.JPEG",
    "cantidad_archivos": 1,
    "archivos_fuente": [
      "Pictures/Fototeca de Fotos.photoslibrary/resources/derivatives/0/051B09BE-C738-4C65-9A70-DB2638EC3C63_1_105_c.jpeg"
    ],
    "ultima_modificacion": "2025-08-01 01:01:00.626177"
  },
  "00695b44728e4049a4711f9ed89b86dc1105c.jpeg": {
    "app_sintetizada": "00695B44728E4049A4711F9ED89B86DC1105C.JPEG",
    "cantidad_archivos": 1,
    "archivos_fuente": [
      "Pictures/Fototeca de Fotos.photoslibrary/resources/derivatives/0/00695B44-728E-4049-A471-1F9ED89B86DC_1_105_c.jpeg"
    ],
    "ultima_modificacion": "2025-08-01 01:01:00.626462"
  },
  "078e8093415a48c3a51b3ea95591c79f1105c.jpeg": {
    "app_sintetizada": "078E8093415A48C3A51B3EA95591C79F1105C.JPEG",
    "cantidad_archivos": 1,
    "archivos_fuente": [
      "Pictures/Fototeca de Fotos.photoslibrary/resources/derivatives/0/078E8093-415A-48C3-A51B-3EA95591C79F_1_105_c.jpeg"
    ],
    "ultima_modificacion": "2025-08-01 01:01:00.626720"
  },
  "06bf8c6f5e6b461cb306bf67582cfc3a1105c.jpeg": {
    "app_sintetizada": "06BF8C6F5E6B461CB306BF67582CFC3A1105C.JPEG",
    "cantidad_archivos": 1,
    "archivos_fuente": [
      "Pictures/Fototeca de Fotos.photoslibrary/resources/derivatives/0/06BF8C6F-5E6B-461C-B306-BF67582CFC3A_1_105_c.jpeg"
    ],
    "ultima_modificacion": "2025-08-01 01:01:00.626958"
  },
  "0673893b923d4d49ac3a58db07f58c6f1105c.jpeg": {
    "app_sintetizada": "0673893B923D4D49AC3A58DB07F58C6F1105C.JPEG",
    "cantidad_archivos": 1,
    "archivos_fuente": [
      "Pictures/Fototeca de Fotos.photoslibrary/resources/derivatives/0/0673893B-923D-4D49-AC3A-58DB07F58C6F_1_105_c.jpeg"
    ],
    "ultima_modificacion": "2025-08-01 01:01:00.627166"
  },
  "0724b869e7ee4dd886d7bd9888d5a8d91105c.jpeg": {
    "app_sintetizada": "0724B869E7EE4DD886D7BD9888D5A8D91105C.JPEG",
    "cantidad_archivos": 1,
    "archivos_fuente": [
      "Pictures/Fototeca de Fotos.photoslibrary/resources/derivatives/0/0724B869-E7EE-4DD8-86D7-BD9888D5A8D9_1_105_c.jpeg"
    ],
    "ultima_modificacion": "2025-08-01 01:01:00.627355"
  },
  "070838edeecd4a5ab3bab2d3f42474601105c.jpeg": {
    "app_sintetizada": "070838EDEECD4A5AB3BAB2D3F42474601105C.JPEG",
    "cantidad_archivos": 1,
    "archivos_fuente": [
      "Pictures/Fototeca de Fotos.photoslibrary/resources/derivatives/0/070838ED-EECD-4A5A-B3BA-B2D3F4247460_1_105_c.jpeg"
    ],
    "ultima_modificacion": "2025-08-01 01:01:00.627528"
  },
  "0818cd1b6e64414e88a91b832dfd69ef1105c.jpeg": {
    "app_sintetizada": "0818CD1B6E64414E88A91B832DFD69EF1105C.JPEG",
    "cantidad_archivos": 1,
    "archivos_fuente": [
      "Pictures/Fototeca de Fotos.photoslibrary/resources/derivatives/0/0818CD1B-6E64-414E-88A9-1B832DFD69EF_1_105_c.jpeg"
    ],
    "ultima_modificacion": "2025-08-01 01:01:00.627699"
  },
  "0557a530f3da44a486484294b37801c81105c.jpeg": {
    "app_sintetizada": "0557A530F3DA44A486484294B37801C81105C.JPEG",
    "cantidad_archivos": 1,
    "archivos_fuente": [
      "Pictures/Fototeca de Fotos.photoslibrary/resources/derivatives/0/0557A530-F3DA-44A4-8648-4294B37801C8_1_105_c.jpeg"
    ],
    "ultima_modificacion": "2025-08-01 01:01:00.627874"
  },
  "06e09f30125646e6bf8d55c4388b3b951105c.jpeg": {
    "app_sintetizada": "06E09F30125646E6BF8D55C4388B3B951105C.JPEG",
    "cantidad_archivos": 1,
    "archivos_fuente": [
      "Pictures/Fototeca de Fotos.photoslibrary/resources/derivatives/0/06E09F30-1256-46E6-BF8D-55C4388B3B95_1_105_c.jpeg"
    ],
    "ultima_modificacion": "2025-08-01 01:01:00.628048"
  },
  "0fcc69955d304b36b7f9588b3ed8da951105c.jpeg": {
    "app_sintetizada": "0FCC69955D304B36B7F9588B3ED8DA951105C.JPEG",
    "cantidad_archivos": 1,
    "archivos_fuente": [
      "Pictures/Fototeca de Fotos.photoslibrary/resources/derivatives/0/0FCC6995-5D30-4B36-B7F9-588B3ED8DA95_1_105_c.jpeg"
    ],
    "ultima_modificacion": "2025-08-01 01:01:00.628218"
  },
  "0104e9b2dead44669b97357d4ce4bb1b1105c.jpeg": {
    "app_sintetizada": "0104E9B2DEAD44669B97357D4CE4BB1B1105C.JPEG",
    "cantidad_archivos": 1,
    "archivos_fuente": [
      "Pictures/Fototeca de Fotos.photoslibrary/resources/derivatives/0/0104E9B2-DEAD-4466-9B97-357D4CE4BB1B_1_105_c.jpeg"
    ],
    "ultima_modificacion": "2025-08-01 01:01:00.628386"
  },
  "0637d76b425d4dd597bf5e1520880801.thm": {
    "app_sintetizada": "0637D76B425D4DD597BF5E1520880801.THM",
    "cantidad_archivos": 1,
    "archivos_fuente": [
      "Pictures/Fototeca de Fotos.photoslibrary/resources/derivatives/0/0637D76B-425D-4DD5-97BF-5E1520880801.THM"
    ],
    "ultima_modificacion": "2025-08-01 01:01:00.628563"
  },
  "023e3476d84b47efb27f8c60be7d0b7c1105c.jpeg": {
    "app_sintetizada": "023E3476D84B47EFB27F8C60BE7D0B7C1105C.JPEG",
    "cantidad_archivos": 1,
    "archivos_fuente": [
      "Pictures/Fototeca de Fotos.photoslibrary/resources/derivatives/0/023E3476-D84B-47EF-B27F-8C60BE7D0B7C_1_105_c.jpeg"
    ],
    "ultima_modificacion": "2025-08-01 01:01:00.628728"
  },
  "0bf8f3fedf2d4e359fd0a580673cb6611105c.jpeg": {
    "app_sintetizada": "0BF8F3FEDF2D4E359FD0A580673CB6611105C.JPEG",
    "cantidad_archivos": 1,
    "archivos_fuente": [
      "Pictures/Fototeca de Fotos.photoslibrary/resources/derivatives/0/0BF8F3FE-DF2D-4E35-9FD0-A580673CB661_1_105_c.jpeg"
    ],
    "ultima_modificacion": "2025-08-01 01:01:00.628902"
  },
  "04ce73d3eb91431eae5963bf893b28301105c.jpeg": {
    "app_sintetizada": "04CE73D3EB91431EAE5963BF893B28301105C.JPEG",
    "cantidad_archivos": 1,
    "archivos_fuente": [
      "Pictures/Fototeca de Fotos.photoslibrary/resources/derivatives/0/04CE73D3-EB91-431E-AE59-63BF893B2830_1_105_c.jpeg"
    ],
    "ultima_modificacion": "2025-08-01 01:01:00.629070"
  },
  "00c8adcdeb894de19b11a587852709bf1105c.jpeg": {
    "app_sintetizada": "00C8ADCDEB894DE19B11A587852709BF1105C.JPEG",
    "cantidad_archivos": 1,
    "archivos_fuente": [
      "Pictures/Fototeca de Fotos.photoslibrary/resources/derivatives/0/00C8ADCD-EB89-4DE1-9B11-A587852709BF_1_105_c.jpeg"
    ],
    "ultima_modificacion": "2025-08-01 01:01:00.629245"
  },
  "02ca0558985148ca953d71b32afd20571105c.jpeg": {
    "app_sintetizada": "02CA0558985148CA953D71B32AFD20571105C.JPEG",
    "cantidad_archivos": 1,
    "archivos_fuente": [
      "Pictures/Fototeca de Fotos.photoslibrary/resources/derivatives/0/02CA0558-9851-48CA-953D-71B32AFD2057_1_105_c.jpeg"
    ],
    "ultima_modificacion": "2025-08-01 01:01:00.629467"
  },
  "06fd50177eba42e5b6405bd0c6f5a8201105c.jpeg": {
    "app_sintetizada": "06FD50177EBA42E5B6405BD0C6F5A8201105C.JPEG",
    "cantidad_archivos": 1,
    "archivos_fuente": [
      "Pictures/Fototeca de Fotos.photoslibrary/resources/derivatives/0/06FD5017-7EBA-42E5-B640-5BD0C6F5A820_1_105_c.jpeg"
    ],
    "ultima_modificacion": "2025-08-01 01:01:00.629671"
  },
  "0b3a58728ada47beae9d1731f2460b151105c.jpeg": {
    "app_sintetizada": "0B3A58728ADA47BEAE9D1731F2460B151105C.JPEG",
    "cantidad_archivos": 1,
    "archivos_fuente": [
      "Pictures/Fototeca de Fotos.photoslibrary/resources/derivatives/0/0B3A5872-8ADA-47BE-AE9D-1731F2460B15_1_105_c.jpeg"
    ],
    "ultima_modificacion": "2025-08-01 01:01:00.629984"
  },
  "0a1a303ba2cf40c1a1078bb0a3e0f0f51105c.jpeg": {
    "app_sintetizada": "0A1A303BA2CF40C1A1078BB0A3E0F0F51105C.JPEG",
    "cantidad_archivos": 1,
    "archivos_fuente": [
      "Pictures/Fototeca de Fotos.photoslibrary/resources/derivatives/0/0A1A303B-A2CF-40C1-A107-8BB0A3E0F0F5_1_105_c.jpeg"
    ],
    "ultima_modificacion": "2025-08-01 01:01:00.630197"
  },
  "07f37d4e5d504815abe36b92ba6600de1105c.jpeg": {
    "app_sintetizada": "07F37D4E5D504815ABE36B92BA6600DE1105C.JPEG",
    "cantidad_archivos": 1,
    "archivos_fuente": [
      "Pictures/Fototeca de Fotos.photoslibrary/resources/derivatives/0/07F37D4E-5D50-4815-ABE3-6B92BA6600DE_1_105_c.jpeg"
    ],
    "ultima_modificacion": "2025-08-01 01:01:00.630411"
  },
  "0ca7d455ff6047a483af885f1c130af51105c.jpeg": {
    "app_sintetizada": "0CA7D455FF6047A483AF885F1C130AF51105C.JPEG",
    "cantidad_archivos": 1,
    "archivos_fuente": [
      "Pictures/Fototeca de Fotos.photoslibrary/resources/derivatives/0/0CA7D455-FF60-47A4-83AF-885F1C130AF5_1_105_c.jpeg"
    ],
    "ultima_modificacion": "2025-08-01 01:01:00.630637"
  },
  "0e928a3a01a344e38979f8f406db098c1105c.jpeg": {
    "app_sintetizada": "0E928A3A01A344E38979F8F406DB098C1105C.JPEG",
    "cantidad_archivos": 1,
    "archivos_fuente": [
      "Pictures/Fototeca de Fotos.photoslibrary/resources/derivatives/0/0E928A3A-01A3-44E3-8979-F8F406DB098C_1_105_c.jpeg"
    ],
    "ultima_modificacion": "2025-08-01 01:01:00.630816"
  },
  "0f02b14486304acab294fcf921afb5cf1105c.jpeg": {
    "app_sintetizada": "0F02B14486304ACAB294FCF921AFB5CF1105C.JPEG",
    "cantidad_archivos": 1,
    "archivos_fuente": [
      "Pictures/Fototeca de Fotos.photoslibrary/resources/derivatives/0/0F02B144-8630-4ACA-B294-FCF921AFB5CF_1_105_c.jpeg"
    ],
    "ultima_modificacion": "2025-08-01 01:01:00.630995"
  },
  "00c8723f91584ad991fa5dd8dc68495d1102o.jpeg": {
    "app_sintetizada": "00C8723F91584AD991FA5DD8DC68495D1102O.JPEG",
    "cantidad_archivos": 1,
    "archivos_fuente": [
      "Pictures/Fototeca de Fotos.photoslibrary/resources/derivatives/0/00C8723F-9158-4AD9-91FA-5DD8DC68495D_1_102_o.jpeg"
    ],
    "ultima_modificacion": "2025-08-01 01:01:00.631167"
  },
  "0f3388e072ac45e995dc104fde138b471105c.jpeg": {
    "app_sintetizada": "0F3388E072AC45E995DC104FDE138B471105C.JPEG",
    "cantidad_archivos": 1,
    "archivos_fuente": [
      "Pictures/Fototeca de Fotos.photoslibrary/resources/derivatives/0/0F3388E0-72AC-45E9-95DC-104FDE138B47_1_105_c.jpeg"
    ],
    "ultima_modificacion": "2025-08-01 01:01:00.631377"
  },
  "0a723ffecc1646e89d385ab5416612c41105c.jpeg": {
    "app_sintetizada": "0A723FFECC1646E89D385AB5416612C41105C.JPEG",
    "cantidad_archivos": 1,
    "archivos_fuente": [
      "Pictures/Fototeca de Fotos.photoslibrary/resources/derivatives/0/0A723FFE-CC16-46E8-9D38-5AB5416612C4_1_105_c.jpeg"
    ],
    "ultima_modificacion": "2025-08-01 01:01:00.631573"
  },
  "07ac77655931402cb79136d2d324f8a61105c.jpeg": {
    "app_sintetizada": "07AC77655931402CB79136D2D324F8A61105C.JPEG",
    "cantidad_archivos": 1,
    "archivos_fuente": [
      "Pictures/Fototeca de Fotos.photoslibrary/resources/derivatives/0/07AC7765-5931-402C-B791-36D2D324F8A6_1_105_c.jpeg"
    ],
    "ultima_modificacion": "2025-08-01 01:01:00.631748"
  },
  "0bbc064ef82646a28fa082f97fbd620e1105c.jpeg": {
    "app_sintetizada": "0BBC064EF82646A28FA082F97FBD620E1105C.JPEG",
    "cantidad_archivos": 1,
    "archivos_fuente": [
      "Pictures/Fototeca de Fotos.photoslibrary/resources/derivatives/0/0BBC064E-F826-46A2-8FA0-82F97FBD620E_1_105_c.jpeg"
    ],
    "ultima_modificacion": "2025-08-01 01:01:00.631916"
  },
  "065df65b5f8b4c8b9d57ae67b26040281105c.jpeg": {
    "app_sintetizada": "065DF65B5F8B4C8B9D57AE67B26040281105C.JPEG",
    "cantidad_archivos": 1,
    "archivos_fuente": [
      "Pictures/Fototeca de Fotos.photoslibrary/resources/derivatives/0/065DF65B-5F8B-4C8B-9D57-AE67B2604028_1_105_c.jpeg"
    ],
    "ultima_modificacion": "2025-08-01 01:01:00.632081"
  },
  "03092062b6614312afd855968f04eb491105c.jpeg": {
    "app_sintetizada": "03092062B6614312AFD855968F04EB491105C.JPEG",
    "cantidad_archivos": 1,
    "archivos_fuente": [
      "Pictures/Fototeca de Fotos.photoslibrary/resources/derivatives/0/03092062-B661-4312-AFD8-55968F04EB49_1_105_c.jpeg"
    ],
    "ultima_modificacion": "2025-08-01 01:01:00.632266"
  },
  "0d7a9242f8e64b70b7bc58bc568b41ff1105c.jpeg": {
    "app_sintetizada": "0D7A9242F8E64B70B7BC58BC568B41FF1105C.JPEG",
    "cantidad_archivos": 1,
    "archivos_fuente": [
      "Pictures/Fototeca de Fotos.photoslibrary/resources/derivatives/0/0D7A9242-F8E6-4B70-B7BC-58BC568B41FF_1_105_c.jpeg"
    ],
    "ultima_modificacion": "2025-08-01 01:01:00.632434"
  },
  "09ec4586a85d4046bf57bfbccc36f0a41105c.jpeg": {
    "app_sintetizada": "09EC4586A85D4046BF57BFBCCC36F0A41105C.JPEG",
    "cantidad_archivos": 1,
    "archivos_fuente": [
      "Pictures/Fototeca de Fotos.photoslibrary/resources/derivatives/0/09EC4586-A85D-4046-BF57-BFBCCC36F0A4_1_105_c.jpeg"
    ],
    "ultima_modificacion": "2025-08-01 01:01:00.632619"
  },
  "0222753185c441d5a3711001933a54fe1105c.jpeg": {
    "app_sintetizada": "0222753185C441D5A3711001933A54FE1105C.JPEG",
    "cantidad_archivos": 1,
    "archivos_fuente": [
      "Pictures/Fototeca de Fotos.photoslibrary/resources/derivatives/0/02227531-85C4-41D5-A371-1001933A54FE_1_105_c.jpeg"
    ],
    "ultima_modificacion": "2025-08-01 01:01:00.632849"
  },
  "072a5d80d542484e94db3925dcff93b21105c.jpeg": {
    "app_sintetizada": "072A5D80D542484E94DB3925DCFF93B21105C.JPEG",
    "cantidad_archivos": 1,
    "archivos_fuente": [
      "Pictures/Fototeca de Fotos.photoslibrary/resources/derivatives/0/072A5D80-D542-484E-94DB-3925DCFF93B2_1_105_c.jpeg"
    ],
    "ultima_modificacion": "2025-08-01 01:01:00.633118"
  },
  "0b1055ca368b47a4964221acf032f9de1105c.jpeg": {
    "app_sintetizada": "0B1055CA368B47A4964221ACF032F9DE1105C.JPEG",
    "cantidad_archivos": 1,
    "archivos_fuente": [
      "Pictures/Fototeca de Fotos.photoslibrary/resources/derivatives/0/0B1055CA-368B-47A4-9642-21ACF032F9DE_1_105_c.jpeg"
    ],
    "ultima_modificacion": "2025-08-01 01:01:00.633311"
  },
  "0d404cfb720c46df838a2b1d22857de61102o.jpeg": {
    "app_sintetizada": "0D404CFB720C46DF838A2B1D22857DE61102O.JPEG",
    "cantidad_archivos": 1,
    "archivos_fuente": [
      "Pictures/Fototeca de Fotos.photoslibrary/resources/derivatives/0/0D404CFB-720C-46DF-838A-2B1D22857DE6_1_102_o.jpeg"
    ],
    "ultima_modificacion": "2025-08-01 01:01:00.633560"
  },
  "07b4ef07671a4952834b015109047db31105c.jpeg": {
    "app_sintetizada": "07B4EF07671A4952834B015109047DB31105C.JPEG",
    "cantidad_archivos": 1,
    "archivos_fuente": [
      "Pictures/Fototeca de Fotos.photoslibrary/resources/derivatives/0/07B4EF07-671A-4952-834B-015109047DB3_1_105_c.jpeg"
    ],
    "ultima_modificacion": "2025-08-01 01:01:00.633728"
  },
  "047af90740ef48b1b85b2c5d504e177d1105c.jpeg": {
    "app_sintetizada": "047AF90740EF48B1B85B2C5D504E177D1105C.JPEG",
    "cantidad_archivos": 1,
    "archivos_fuente": [
      "Pictures/Fototeca de Fotos.photoslibrary/resources/derivatives/0/047AF907-40EF-48B1-B85B-2C5D504E177D_1_105_c.jpeg"
    ],
    "ultima_modificacion": "2025-08-01 01:01:00.633903"
  },
  "0a7873553c624715be83f45bdf161dab1105c.jpeg": {
    "app_sintetizada": "0A7873553C624715BE83F45BDF161DAB1105C.JPEG",
    "cantidad_archivos": 1,
    "archivos_fuente": [
      "Pictures/Fototeca de Fotos.photoslibrary/resources/derivatives/0/0A787355-3C62-4715-BE83-F45BDF161DAB_1_105_c.jpeg"
    ],
    "ultima_modificacion": "2025-08-01 01:01:00.634085"
  },
  "0a83cb3adf1843f1a06dad196df0904c1105c.jpeg": {
    "app_sintetizada": "0A83CB3ADF1843F1A06DAD196DF0904C1105C.JPEG",
    "cantidad_archivos": 1,
    "archivos_fuente": [
      "Pictures/Fototeca de Fotos.photoslibrary/resources/derivatives/0/0A83CB3A-DF18-43F1-A06D-AD196DF0904C_1_105_c.jpeg"
    ],
    "ultima_modificacion": "2025-08-01 01:01:00.634347"
  },
  "0b4aa009dc574e009688854890527c631105c.jpeg": {
    "app_sintetizada": "0B4AA009DC574E009688854890527C631105C.JPEG",
    "cantidad_archivos": 1,
    "archivos_fuente": [
      "Pictures/Fototeca de Fotos.photoslibrary/resources/derivatives/0/0B4AA009-DC57-4E00-9688-854890527C63_1_105_c.jpeg"
    ],
    "ultima_modificacion": "2025-08-01 01:01:00.634625"
  },
  "00bf7c22ac244dbead6c8ffb12117a6f1105c.jpeg": {
    "app_sintetizada": "00BF7C22AC244DBEAD6C8FFB12117A6F1105C.JPEG",
    "cantidad_archivos": 1,
    "archivos_fuente": [
      "Pictures/Fototeca de Fotos.photoslibrary/resources/derivatives/0/00BF7C22-AC24-4DBE-AD6C-8FFB12117A6F_1_105_c.jpeg"
    ],
    "ultima_modificacion": "2025-08-01 01:01:00.634852"
  },
  "092bc361eb8347e6b0c4af50affbeff31105c.jpeg": {
    "app_sintetizada": "092BC361EB8347E6B0C4AF50AFFBEFF31105C.JPEG",
    "cantidad_archivos": 1,
    "archivos_fuente": [
      "Pictures/Fototeca de Fotos.photoslibrary/resources/derivatives/0/092BC361-EB83-47E6-B0C4-AF50AFFBEFF3_1_105_c.jpeg"
    ],
    "ultima_modificacion": "2025-08-01 01:01:00.635049"
  },
  "0ef4dffdb2c148cf994c53639efcb8231105c.jpeg": {
    "app_sintetizada": "0EF4DFFDB2C148CF994C53639EFCB8231105C.JPEG",
    "cantidad_archivos": 1,
    "archivos_fuente": [
      "Pictures/Fototeca de Fotos.photoslibrary/resources/derivatives/0/0EF4DFFD-B2C1-48CF-994C-53639EFCB823_1_105_c.jpeg"
    ],
    "ultima_modificacion": "2025-08-01 01:01:00.635308"
  },
  "0b2877761a6b4350ad8eed78d52cca4d1105c.jpeg": {
    "app_sintetizada": "0B2877761A6B4350AD8EED78D52CCA4D1105C.JPEG",
    "cantidad_archivos": 1,
    "archivos_fuente": [
      "Pictures/Fototeca de Fotos.photoslibrary/resources/derivatives/0/0B287776-1A6B-4350-AD8E-ED78D52CCA4D_1_105_c.jpeg"
    ],
    "ultima_modificacion": "2025-08-01 01:01:00.635516"
  },
  "016a413505fc4f8f9257f99b995034b7.thm": {
    "app_sintetizada": "016A413505FC4F8F9257F99B995034B7.THM",
    "cantidad_archivos": 1,
    "archivos_fuente": [
      "Pictures/Fototeca de Fotos.photoslibrary/resources/derivatives/0/016A4135-05FC-4F8F-9257-F99B995034B7.THM"
    ],
    "ultima_modificacion": "2025-08-01 01:01:00.635744"
  },
  "0dc85f462a314061b830d75c5f7a819e1105c.jpeg": {
    "app_sintetizada": "0DC85F462A314061B830D75C5F7A819E1105C.JPEG",
    "cantidad_archivos": 1,
    "archivos_fuente": [
      "Pictures/Fototeca de Fotos.photoslibrary/resources/derivatives/0/0DC85F46-2A31-4061-B830-D75C5F7A819E_1_105_c.jpeg"
    ],
    "ultima_modificacion": "2025-08-01 01:01:00.635999"
  },
  "0e78dae2cadf494aa7b3f226eb23ec431105c.jpeg": {
    "app_sintetizada": "0E78DAE2CADF494AA7B3F226EB23EC431105C.JPEG",
    "cantidad_archivos": 1,
    "archivos_fuente": [
      "Pictures/Fototeca de Fotos.photoslibrary/resources/derivatives/0/0E78DAE2-CADF-494A-A7B3-F226EB23EC43_1_105_c.jpeg"
    ],
    "ultima_modificacion": "2025-08-01 01:01:00.636242"
  },
  "026b8691fdf449148a826f148b89733b1105c.jpeg": {
    "app_sintetizada": "026B8691FDF449148A826F148B89733B1105C.JPEG",
    "cantidad_archivos": 1,
    "archivos_fuente": [
      "Pictures/Fototeca de Fotos.photoslibrary/resources/derivatives/0/026B8691-FDF4-4914-8A82-6F148B89733B_1_105_c.jpeg"
    ],
    "ultima_modificacion": "2025-08-01 01:01:00.636512"
  },
  "0c2b6c75ee4041c1a08cc00619be47ac1105c.jpeg": {
    "app_sintetizada": "0C2B6C75EE4041C1A08CC00619BE47AC1105C.JPEG",
    "cantidad_archivos": 1,
    "archivos_fuente": [
      "Pictures/Fototeca de Fotos.photoslibrary/resources/derivatives/0/0C2B6C75-EE40-41C1-A08C-C00619BE47AC_1_105_c.jpeg"
    ],
    "ultima_modificacion": "2025-08-01 01:01:00.636790"
  },
  "0aaa670bafdf4384b2532fb9841b58001105c.jpeg": {
    "app_sintetizada": "0AAA670BAFDF4384B2532FB9841B58001105C.JPEG",
    "cantidad_archivos": 1,
    "archivos_fuente": [
      "Pictures/Fototeca de Fotos.photoslibrary/resources/derivatives/0/0AAA670B-AFDF-4384-B253-2FB9841B5800_1_105_c.jpeg"
    ],
    "ultima_modificacion": "2025-08-01 01:01:00.637072"
  },
  "03f6a4e628c04af18eb43f443884834b1105c.jpeg": {
    "app_sintetizada": "03F6A4E628C04AF18EB43F443884834B1105C.JPEG",
    "cantidad_archivos": 1,
    "archivos_fuente": [
      "Pictures/Fototeca de Fotos.photoslibrary/resources/derivatives/0/03F6A4E6-28C0-4AF1-8EB4-3F443884834B_1_105_c.jpeg"
    ],
    "ultima_modificacion": "2025-08-01 01:01:00.637337"
  },
  "09b489328f1042e6b3de7f5bb0945d8d1105c.jpeg": {
    "app_sintetizada": "09B489328F1042E6B3DE7F5BB0945D8D1105C.JPEG",
    "cantidad_archivos": 1,
    "archivos_fuente": [
      "Pictures/Fototeca de Fotos.photoslibrary/resources/derivatives/0/09B48932-8F10-42E6-B3DE-7F5BB0945D8D_1_105_c.jpeg"
    ],
    "ultima_modificacion": "2025-08-01 01:01:00.637608"
  },
  "0bf31f3234de4de6abe24e6031c8a1811102o.jpeg": {
    "app_sintetizada": "0BF31F3234DE4DE6ABE24E6031C8A1811102O.JPEG",
    "cantidad_archivos": 1,
    "archivos_fuente": [
      "Pictures/Fototeca de Fotos.photoslibrary/resources/derivatives/0/0BF31F32-34DE-4DE6-ABE2-4E6031C8A181_1_102_o.jpeg"
    ],
    "ultima_modificacion": "2025-08-01 01:01:00.637879"
  },
  "096f8f0f2c0f4550b63b4c21216418ed1105c.jpeg": {
    "app_sintetizada": "096F8F0F2C0F4550B63B4C21216418ED1105C.JPEG",
    "cantidad_archivos": 1,
    "archivos_fuente": [
      "Pictures/Fototeca de Fotos.photoslibrary/resources/derivatives/0/096F8F0F-2C0F-4550-B63B-4C21216418ED_1_105_c.jpeg"
    ],
    "ultima_modificacion": "2025-08-01 01:01:00.638139"
  },
  "09cea21fe12e469b86bdadea5f0662ee1105c.jpeg": {
    "app_sintetizada": "09CEA21FE12E469B86BDADEA5F0662EE1105C.JPEG",
    "cantidad_archivos": 1,
    "archivos_fuente": [
      "Pictures/Fototeca de Fotos.photoslibrary/resources/derivatives/0/09CEA21F-E12E-469B-86BD-ADEA5F0662EE_1_105_c.jpeg"
    ],
    "ultima_modificacion": "2025-08-01 01:01:00.638398"
  },
  "084e5628d8844ecc8a0e2a0e1dedacbc1105c.jpeg": {
    "app_sintetizada": "084E5628D8844ECC8A0E2A0E1DEDACBC1105C.JPEG",
    "cantidad_archivos": 1,
    "archivos_fuente": [
      "Pictures/Fototeca de Fotos.photoslibrary/resources/derivatives/0/084E5628-D884-4ECC-8A0E-2A0E1DEDACBC_1_105_c.jpeg"
    ],
    "ultima_modificacion": "2025-08-01 01:01:00.638664"
  },
  "0dcf2632630d43b09b69c727d36904b51100o.jpeg": {
    "app_sintetizada": "0DCF2632630D43B09B69C727D36904B51100O.JPEG",
    "cantidad_archivos": 1,
    "archivos_fuente": [
      "Pictures/Fototeca de Fotos.photoslibrary/resources/derivatives/0/0DCF2632-630D-43B0-9B69-C727D36904B5_1_100_o.jpeg"
    ],
    "ultima_modificacion": "2025-08-01 01:01:00.638908"
  },
  "0b06fc625e1d48969235ae9053086d701105c.jpeg": {
    "app_sintetizada": "0B06FC625E1D48969235AE9053086D701105C.JPEG",
    "cantidad_archivos": 1,
    "archivos_fuente": [
      "Pictures/Fototeca de Fotos.photoslibrary/resources/derivatives/0/0B06FC62-5E1D-4896-9235-AE9053086D70_1_105_c.jpeg"
    ],
    "ultima_modificacion": "2025-08-01 01:01:00.639149"
  },
  "0678ceb47d584500b5d7f7ada1c62aba1105c.jpeg": {
    "app_sintetizada": "0678CEB47D584500B5D7F7ADA1C62ABA1105C.JPEG",
    "cantidad_archivos": 1,
    "archivos_fuente": [
      "Pictures/Fototeca de Fotos.photoslibrary/resources/derivatives/0/0678CEB4-7D58-4500-B5D7-F7ADA1C62ABA_1_105_c.jpeg"
    ],
    "ultima_modificacion": "2025-08-01 01:01:00.639412"
  },
  "06a98e5dd9404e5dac57cdd2237fdf431105c.jpeg": {
    "app_sintetizada": "06A98E5DD9404E5DAC57CDD2237FDF431105C.JPEG",
    "cantidad_archivos": 1,
    "archivos_fuente": [
      "Pictures/Fototeca de Fotos.photoslibrary/resources/derivatives/0/06A98E5D-D940-4E5D-AC57-CDD2237FDF43_1_105_c.jpeg"
    ],
    "ultima_modificacion": "2025-08-01 01:01:00.639652"
  },
  "0f17ff8bb25d48b4898de79cb5adbafc1105c.jpeg": {
    "app_sintetizada": "0F17FF8BB25D48B4898DE79CB5ADBAFC1105C.JPEG",
    "cantidad_archivos": 1,
    "archivos_fuente": [
      "Pictures/Fototeca de Fotos.photoslibrary/resources/derivatives/0/0F17FF8B-B25D-48B4-898D-E79CB5ADBAFC_1_105_c.jpeg"
    ],
    "ultima_modificacion": "2025-08-01 01:01:00.639905"
  },
  "0a906e1ec1ee4710b1be394d821a0a071105c.jpeg": {
    "app_sintetizada": "0A906E1EC1EE4710B1BE394D821A0A071105C.JPEG",
    "cantidad_archivos": 1,
    "archivos_fuente": [
      "Pictures/Fototeca de Fotos.photoslibrary/resources/derivatives/0/0A906E1E-C1EE-4710-B1BE-394D821A0A07_1_105_c.jpeg"
    ],
    "ultima_modificacion": "2025-08-01 01:01:00.640179"
  },
  "00ce0f8abd6e44769e85760805fa1e1f1105c.jpeg": {
    "app_sintetizada": "00CE0F8ABD6E44769E85760805FA1E1F1105C.JPEG",
    "cantidad_archivos": 1,
    "archivos_fuente": [
      "Pictures/Fototeca de Fotos.photoslibrary/resources/derivatives/0/00CE0F8A-BD6E-4476-9E85-760805FA1E1F_1_105_c.jpeg"
    ],
    "ultima_modificacion": "2025-08-01 01:01:00.640438"
  },
  "023b8432ee7548289189a00f1e86804b1105c.jpeg": {
    "app_sintetizada": "023B8432EE7548289189A00F1E86804B1105C.JPEG",
    "cantidad_archivos": 1,
    "archivos_fuente": [
      "Pictures/Fototeca de Fotos.photoslibrary/resources/derivatives/0/023B8432-EE75-4828-9189-A00F1E86804B_1_105_c.jpeg"
    ],
    "ultima_modificacion": "2025-08-01 01:01:00.640691"
  }
}