{
  "032cd1ed86fb4a47913f5934c6888a4c1105c.jpeg": {
    "app_sintetizada": "032CD1ED86FB4A47913F5934C6888A4C1105C.JPEG",
    "cantidad_archivos": 1,
    "archivos_fuente": [
      "Pictures/Fototeca de Fotos.photoslibrary/resources/derivatives/0/032CD1ED-86FB-4A47-913F-5934C6888A4C_1_105_c.jpeg"
    ],
    "ultima_modificacion": "2025-08-01 01:01:00.589433"
  },
  "0d1c1006bc1d438c86c2d4c51a0029d01105c.jpeg": {
    "app_sintetizada": "0D1C1006BC1D438C86C2D4C51A0029D01105C.JPEG",
    "cantidad_archivos": 1,
    "archivos_fuente": [
      "Pictures/Fototeca de Fotos.photoslibrary/resources/derivatives/0/0D1C1006-BC1D-438C-86C2-D4C51A0029D0_1_105_c.jpeg"
    ],
    "ultima_modificacion": "2025-08-01 01:01:00.589730"
  },
  "03dda3fbf5e54f18bf20f4d7d1a8cef21105c.jpeg": {
    "app_sintetizada": "03DDA3FBF5E54F18BF20F4D7D1A8CEF21105C.JPEG",
    "cantidad_archivos": 1,
    "archivos_fuente": [
      "Pictures/Fototeca de Fotos.photoslibrary/resources/derivatives/0/03DDA3FB-F5E5-4F18-BF20-F4D7D1A8CEF2_1_105_c.jpeg"
    ],
    "ultima_modificacion": "2025-08-01 01:01:00.590001"
  },
  "0bf15bc1a68a4e53b46a2d462b63d5721105c.jpeg": {
    "app_sintetizada": "0BF15BC1A68A4E53B46A2D462B63D5721105C.JPEG",
    "cantidad_archivos": 1,
    "archivos_fuente": [
      "Pictures/Fototeca de Fotos.photoslibrary/resources/derivatives/0/0BF15BC1-A68A-4E53-B46A-2D462B63D572_1_105_c.jpeg"
    ],
    "ultima_modificacion": "2025-08-01 01:01:00.590273"
  },
  "021f8f8b4e6440fdb53b585c14b539d81105c.jpeg": {
    "app_sintetizada": "021F8F8B4E6440FDB53B585C14B539D81105C.JPEG",
    "cantidad_archivos": 1,
    "archivos_fuente": [
      "Pictures/Fototeca de Fotos.photoslibrary/resources/derivatives/0/021F8F8B-4E64-40FD-B53B-585C14B539D8_1_105_c.jpeg"
    ],
    "ultima_modificacion": "2025-08-01 01:01:00.590552"
  },
  "0293ba45e655464c9ec8d2f63f42d7ff1105c.jpeg": {
    "app_sintetizada": "0293BA45E655464C9EC8D2F63F42D7FF1105C.JPEG",
    "cantidad_archivos": 1,
    "archivos_fuente": [
      "Pictures/Fototeca de Fotos.photoslibrary/resources/derivatives/0/0293BA45-E655-464C-9EC8-D2F63F42D7FF_1_105_c.jpeg"
    ],
    "ultima_modificacion": "2025-08-01 01:01:00.590813"
  },
  "054ca92c70c74650bd349474a6dd563c1105c.jpeg": {
    "app_sintetizada": "054CA92C70C74650BD349474A6DD563C1105C.JPEG",
    "cantidad_archivos": 1,
    "archivos_fuente": [
      "Pictures/Fototeca de Fotos.photoslibrary/resources/derivatives/0/054CA92C-70C7-4650-BD34-9474A6DD563C_1_105_c.jpeg"
    ],
    "ultima_modificacion": "2025-08-01 01:01:00.591066"
  },
  "0c0385d3f0994903988625d4fe8080e01105c.jpeg": {
    "app_sintetizada": "0C0385D3F0994903988625D4FE8080E01105C.JPEG",
    "cantidad_archivos": 1,
    "archivos_fuente": [
      "Pictures/Fototeca de Fotos.photoslibrary/resources/derivatives/0/0C0385D3-F099-4903-9886-25D4FE8080E0_1_105_c.jpeg"
    ],
    "ultima_modificacion": "2025-08-01 01:01:00.591341"
  },
  "0f24f5fe271c4378ba6528de9f22e70b1105c.jpeg": {
    "app_sintetizada": "0F24F5FE271C4378BA6528DE9F22E70B1105C.JPEG",
    "cantidad_archivos": 1,
    "archivos_fuente": [
      "Pictures/Fototeca de Fotos.photoslibrary/resources/derivatives/0/0F24F5FE-271C-4378-BA65-28DE9F22E70B_1_105_c.jpeg"
    ],
    "ultima_modificacion": "2025-08-01 01:01:00.591623"
  },
  "011717af91ab45f2aef46709357861f41105c.jpeg": {
    "app_sintetizada": "011717AF91AB45F2AEF46709357861F41105C.JPEG",
    "cantidad_archivos": 1,
    "archivos_fuente": [
      "Pictures/Fototeca de Fotos.photoslibrary/resources/derivatives/0/011717AF-91AB-45F2-AEF4-6709357861F4_1_105_c.jpeg"
    ],
    "ultima_modificacion": "2025-08-01 01:01:00.591902"
  },
  "0112bd3261064ea0a8853e21b17a20881105c.jpeg": {
    "app_sintetizada": "0112BD3261064EA0A8853E21B17A20881105C.JPEG",
    "cantidad_archivos": 1,
    "archivos_fuente": [
      "Pictures/Fototeca de Fotos.photoslibrary/resources/derivatives/0/0112BD32-6106-4EA0-A885-3E21B17A2088_1_105_c.jpeg"
    ],
    "ultima_modificacion": "2025-08-01 01:01:00.592202"
  },
  "0fa1e263d1e849f58834e383385bf1af1105c.jpeg": {
    "app_sintetizada": "0FA1E263D1E849F58834E383385BF1AF1105C.JPEG",
    "cantidad_archivos": 1,
    "archivos_fuente": [
      "Pictures/Fototeca de Fotos.photoslibrary/resources/derivatives/0/0FA1E263-D1E8-49F5-8834-E383385BF1AF_1_105_c.jpeg"
    ],
    "ultima_modificacion": "2025-08-01 01:01:00.592469"
  },
  "0c2144387bc64db7a98c464b341fbc891105c.jpeg": {
    "app_sintetizada": "0C2144387BC64DB7A98C464B341FBC891105C.JPEG",
    "cantidad_archivos": 1,
    "archivos_fuente": [
      "Pictures/Fototeca de Fotos.photoslibrary/resources/derivatives/0/0C214438-7BC6-4DB7-A98C-464B341FBC89_1_105_c.jpeg"
    ],
    "ultima_modificacion": "2025-08-01 01:01:00.592766"
  },
  "0ee09122193d47f0847b9f0213a811741105c.jpeg": {
    "app_sintetizada": "0EE09122193D47F0847B9F0213A811741105C.JPEG",
    "cantidad_archivos": 1,
    "archivos_fuente": [
      "Pictures/Fototeca de Fotos.photoslibrary/resources/derivatives/0/0EE09122-193D-47F0-847B-9F0213A81174_1_105_c.jpeg"
    ],
    "ultima_modificacion": "2025-08-01 01:01:00.593598"
  },
  "063f4a6884bb4c4281f2e41545f870861105c.jpeg": {
    "app_sintetizada": "063F4A6884BB4C4281F2E41545F870861105C.JPEG",
    "cantidad_archivos": 1,
    "archivos_fuente": [
      "Pictures/Fototeca de Fotos.photoslibrary/resources/derivatives/0/063F4A68-84BB-4C42-81F2-E41545F87086_1_105_c.jpeg"
    ],
    "ultima_modificacion": "2025-08-01 01:01:00.593907"
  },
  "02a64457b0844787988b31e0317baa3a1105c.jpeg": {
    "app_sintetizada": "02A64457B0844787988B31E0317BAA3A1105C.JPEG",
    "cantidad_archivos": 1,
    "archivos_fuente": [
      "Pictures/Fototeca de Fotos.photoslibrary/resources/derivatives/0/02A64457-B084-4787-988B-31E0317BAA3A_1_105_c.jpeg"
    ],
    "ultima_modificacion": "2025-08-01 01:01:00.594218"
  },
  "0a8782bca6284072925f87a9c1ccd2e71105c.jpeg": {
    "app_sintetizada": "0A8782BCA6284072925F87A9C1CCD2E71105C.JPEG",
    "cantidad_archivos": 1,
    "archivos_fuente": [
      "Pictures/Fototeca de Fotos.photoslibrary/resources/derivatives/0/0A8782BC-A628-4072-925F-87A9C1CCD2E7_1_105_c.jpeg"
    ],
    "ultima_modificacion": "2025-08-01 01:01:00.594517"
  },
  "01b0e06133914887a23062b98eb7897a1105c.jpeg": {
    "app_sintetizada": "01B0E06133914887A23062B98EB7897A1105C.JPEG",
    "cantidad_archivos": 1,
    "archivos_fuente": [
      "Pictures/Fototeca de Fotos.photoslibrary/resources/derivatives/0/01B0E061-3391-4887-A230-62B98EB7897A_1_105_c.jpeg"
    ],
    "ultima_modificacion": "2025-08-01 01:01:00.594836"
  },
  "025e4c695b7e4074ad1460bbd6571fc11105c.jpeg": {
    "app_sintetizada": "025E4C695B7E4074AD1460BBD6571FC11105C.JPEG",
    "cantidad_archivos": 1,
    "archivos_fuente": [
      "Pictures/Fototeca de Fotos.photoslibrary/resources/derivatives/0/025E4C69-5B7E-4074-AD14-60BBD6571FC1_1_105_c.jpeg"
    ],
    "ultima_modificacion": "2025-08-01 01:01:00.595216"
  },
  "0768893ef6b54cb99144ff1ce37658de1105c.jpeg": {
    "app_sintetizada": "0768893EF6B54CB99144FF1CE37658DE1105C.JPEG",
    "cantidad_archivos": 1,
    "archivos_fuente": [
      "Pictures/Fototeca de Fotos.photoslibrary/resources/derivatives/0/0768893E-F6B5-4CB9-9144-FF1CE37658DE_1_105_c.jpeg"
    ],
    "ultima_modificacion": "2025-08-01 01:01:00.595816"
  },
  "04cb4603e5884297a353de4438246a3f1105c.jpeg": {
    "app_sintetizada": "04CB4603E5884297A353DE4438246A3F1105C.JPEG",
    "cantidad_archivos": 1,
    "archivos_fuente": [
      "Pictures/Fototeca de Fotos.photoslibrary/resources/derivatives/0/04CB4603-E588-4297-A353-DE4438246A3F_1_105_c.jpeg"
    ],
    "ultima_modificacion": "2025-08-01 01:01:00.596160"
  },
  "0632310b0c8745e2916adf0a08e7e7a51105c.jpeg": {
    "app_sintetizada": "0632310B0C8745E2916ADF0A08E7E7A51105C.JPEG",
    "cantidad_archivos": 1,
    "archivos_fuente": [
      "Pictures/Fototeca de Fotos.photoslibrary/resources/derivatives/0/0632310B-0C87-45E2-916A-DF0A08E7E7A5_1_105_c.jpeg"
    ],
    "ultima_modificacion": "2025-08-01 01:01:00.596473"
  },
  "0e8f08f1b7e44678aaf7b24bb092243e1105c.jpeg": {
    "app_sintetizada": "0E8F08F1B7E44678AAF7B24BB092243E1105C.JPEG",
    "cantidad_archivos": 1,
    "archivos_fuente": [
      "Pictures/Fototeca de Fotos.photoslibrary/resources/derivatives/0/0E8F08F1-B7E4-4678-AAF7-B24BB092243E_1_105_c.jpeg"
    ],
    "ultima_modificacion": "2025-08-01 01:01:00.596852"
  },
  "01b850db275a4905a11dce331d2d8f9f1105c.jpeg": {
    "app_sintetizada": "01B850DB275A4905A11DCE331D2D8F9F1105C.JPEG",
    "cantidad_archivos": 1,
    "archivos_fuente": [
      "Pictures/Fototeca de Fotos.photoslibrary/resources/derivatives/0/01B850DB-275A-4905-A11D-CE331D2D8F9F_1_105_c.jpeg"
    ],
    "ultima_modificacion": "2025-08-01 01:01:00.597189"
  },
  "050be5c352a24df596097a6e1195887e1105c.jpeg": {
    "app_sintetizada": "050BE5C352A24DF596097A6E1195887E1105C.JPEG",
    "cantidad_archivos": 1,
    "archivos_fuente": [
      "Pictures/Fototeca de Fotos.photoslibrary/resources/derivatives/0/050BE5C3-52A2-4DF5-9609-7A6E1195887E_1_105_c.jpeg"
    ],
    "ultima_modificacion": "2025-08-01 01:01:00.597465"
  },
  "04ee52aff5c344ffa627814ec075832b1105c.jpeg": {
    "app_sintetizada": "04EE52AFF5C344FFA627814EC075832B1105C.JPEG",
    "cantidad_archivos": 1,
    "archivos_fuente": [
      "Pictures/Fototeca de Fotos.photoslibrary/resources/derivatives/0/04EE52AF-F5C3-44FF-A627-814EC075832B_1_105_c.jpeg"
    ],
    "ultima_modificacion": "2025-08-01 01:01:00.597774"
  },
  "05058fccbb8e4044ab82fc64f8eef7781105c.jpeg": {
    "app_sintetizada": "05058FCCBB8E4044AB82FC64F8EEF7781105C.JPEG",
    "cantidad_archivos": 1,
    "archivos_fuente": [
      "Pictures/Fototeca de Fotos.photoslibrary/resources/derivatives/0/05058FCC-BB8E-4044-AB82-FC64F8EEF778_1_105_c.jpeg"
    ],
    "ultima_modificacion": "2025-08-01 01:01:00.598234"
  },
  "026e053923414ff3a8ca80b26a7d93ce1105c.jpeg": {
    "app_sintetizada": "026E053923414FF3A8CA80B26A7D93CE1105C.JPEG",
    "cantidad_archivos": 1,
    "archivos_fuente": [
      "Pictures/Fototeca de Fotos.photoslibrary/resources/derivatives/0/026E0539-2341-4FF3-A8CA-80B26A7D93CE_1_105_c.jpeg"
    ],
    "ultima_modificacion": "2025-08-01 01:01:00.598571"
  },
  "0cbc2a55746e4b3bbc702c94927be9601105c.jpeg": {
    "app_sintetizada": "0CBC2A55746E4B3BBC702C94927BE9601105C.JPEG",
    "cantidad_archivos": 1,
    "archivos_fuente": [
      "Pictures/Fototeca de Fotos.photoslibrary/resources/derivatives/0/0CBC2A55-746E-4B3B-BC70-2C94927BE960_1_105_c.jpeg"
    ],
    "ultima_modificacion": "2025-08-01 01:01:00.598911"
  },
  "053304357d0e43358d7af26a097cac8f1102o.jpeg": {
    "app_sintetizada": "053304357D0E43358D7AF26A097CAC8F1102O.JPEG",
    "cantidad_archivos": 1,
    "archivos_fuente": [
      "Pictures/Fototeca de Fotos.photoslibrary/resources/derivatives/0/05330435-7D0E-4335-8D7A-F26A097CAC8F_1_102_o.jpeg"
    ],
    "ultima_modificacion": "2025-08-01 01:01:00.599306"
  },
  "04e5c09db94644498c39abacb07483431105c.jpeg": {
    "app_sintetizada": "04E5C09DB94644498C39ABACB07483431105C.JPEG",
    "cantidad_archivos": 1,
    "archivos_fuente": [
      "Pictures/Fototeca de Fotos.photoslibrary/resources/derivatives/0/04E5C09D-B946-4449-8C39-ABACB0748343_1_105_c.jpeg"
    ],
    "ultima_modificacion": "2025-08-01 01:01:00.599649"
  },
  "08599d69b76d4413924e1e0e9990f7551105c.jpeg": {
    "app_sintetizada": "08599D69B76D4413924E1E0E9990F7551105C.JPEG",
    "cantidad_archivos": 1,
    "archivos_fuente": [
      "Pictures/Fototeca de Fotos.photoslibrary/resources/derivatives/0/08599D69-B76D-4413-924E-1E0E9990F755_1_105_c.jpeg"
    ],
    "ultima_modificacion": "2025-08-01 01:01:00.599961"
  },
  "046e109a232f47478292fa9b0603fdbb1105c.jpeg": {
    "app_sintetizada": "046E109A232F47478292FA9B0603FDBB1105C.JPEG",
    "cantidad_archivos": 1,
    "archivos_fuente": [
      "Pictures/Fototeca de Fotos.photoslibrary/resources/derivatives/0/046E109A-232F-4747-8292-FA9B0603FDBB_1_105_c.jpeg"
    ],
    "ultima_modificacion": "2025-08-01 01:01:00.600277"
  },
  "02ad8730a3bd4d669143e253f1b865031105c.jpeg": {
    "app_sintetizada": "02AD8730A3BD4D669143E253F1B865031105C.JPEG",
    "cantidad_archivos": 1,
    "archivos_fuente": [
      "Pictures/Fototeca de Fotos.photoslibrary/resources/derivatives/0/02AD8730-A3BD-4D66-9143-E253F1B86503_1_105_c.jpeg"
    ],
    "ultima_modificacion": "2025-08-01 01:01:00.600590"
  },
  "0a064493079f4381a086672bfb3919951105c.jpeg": {
    "app_sintetizada": "0A064493079F4381A086672BFB3919951105C.JPEG",
    "cantidad_archivos": 1,
    "archivos_fuente": [
      "Pictures/Fototeca de Fotos.photoslibrary/resources/derivatives/0/0A064493-079F-4381-A086-672BFB391995_1_105_c.jpeg"
    ],
    "ultima_modificacion": "2025-08-01 01:01:00.600875"
  },
  "08caeff72cd34332a24febd00c668c5e.thm": {
    "app_sintetizada": "08CAEFF72CD34332A24FEBD00C668C5E.THM",
    "cantidad_archivos": 1,
    "archivos_fuente": [
      "Pictures/Fototeca de Fotos.photoslibrary/resources/derivatives/0/08CAEFF7-2CD3-4332-A24F-EBD00C668C5E.THM"
    ],
    "ultima_modificacion": "2025-08-01 01:01:00.601197"
  },
  "0d1d3556dea94f94a818a2cc2b306b1a1102o.jpeg": {
    "app_sintetizada": "0D1D3556DEA94F94A818A2CC2B306B1A1102O.JPEG",
    "cantidad_archivos": 1,
    "archivos_fuente": [
      "Pictures/Fototeca de Fotos.photoslibrary/resources/derivatives/0/0D1D3556-DEA9-4F94-A818-A2CC2B306B1A_1_102_o.jpeg"
    ],
    "ultima_modificacion": "2025-08-01 01:01:00.601482"
  },
  "00ece8a6114c4c999af56474f56479d31105c.jpeg": {
    "app_sintetizada": "00ECE8A6114C4C999AF56474F56479D31105C.JPEG",
    "cantidad_archivos": 1,
    "archivos_fuente": [
      "Pictures/Fototeca de Fotos.photoslibrary/resources/derivatives/0/00ECE8A6-114C-4C99-9AF5-6474F56479D3_1_105_c.jpeg"
    ],
    "ultima_modificacion": "2025-08-01 01:01:00.601807"
  },
  "0b0ef00d584f497388e290a074c6a02a1105c.jpeg": {
    "app_sintetizada": "0B0EF00D584F497388E290A074C6A02A1105C.JPEG",
    "cantidad_archivos": 1,
    "archivos_fuente": [
      "Pictures/Fototeca de Fotos.photoslibrary/resources/derivatives/0/0B0EF00D-584F-4973-88E2-90A074C6A02A_1_105_c.jpeg"
    ],
    "ultima_modificacion": "2025-08-01 01:01:00.602100"
  },
  "0face5c899a3456a92dcb841ee35cf511105c.jpeg": {
    "app_sintetizada": "0FACE5C899A3456A92DCB841EE35CF511105C.JPEG",
    "cantidad_archivos": 1,
    "archivos_fuente": [
      "Pictures/Fototeca de Fotos.photoslibrary/resources/derivatives/0/0FACE5C8-99A3-456A-92DC-B841EE35CF51_1_105_c.jpeg"
    ],
    "ultima_modificacion": "2025-08-01 01:01:00.602398"
  },
  "09b2635aa9914fcdae1fa38015e9c30c1105c.jpeg": {
    "app_sintetizada": "09B2635AA9914FCDAE1FA38015E9C30C1105C.JPEG",
    "cantidad_archivos": 1,
    "archivos_fuente": [
      "Pictures/Fototeca de Fotos.photoslibrary/resources/derivatives/0/09B2635A-A991-4FCD-AE1F-A38015E9C30C_1_105_c.jpeg"
    ],
    "ultima_modificacion": "2025-08-01 01:01:00.602688"
  },
  "05300c7dcee04d3989ee875686eae29c1105c.jpeg": {
    "app_sintetizada": "05300C7DCEE04D3989EE875686EAE29C1105C.JPEG",
    "cantidad_archivos": 1,
    "archivos_fuente": [
      "Pictures/Fototeca de Fotos.photoslibrary/resources/derivatives/0/05300C7D-CEE0-4D39-89EE-875686EAE29C_1_105_c.jpeg"
    ],
    "ultima_modificacion": "2025-08-01 01:01:00.603026"
  },
  "012c91b5b13e456bafba45493df14225.thm": {
    "app_sintetizada": "012C91B5B13E456BAFBA45493DF14225.THM",
    "cantidad_archivos": 1,
    "archivos_fuente": [
      "Pictures/Fototeca de Fotos.photoslibrary/resources/derivatives/0/012C91B5-B13E-456B-AFBA-45493DF14225.THM"
    ],
    "ultima_modificacion": "2025-08-01 01:01:00.603361"
  },
  "08501275079e43b48cbde385d294a9f31105c.jpeg": {
    "app_sintetizada": "08501275079E43B48CBDE385D294A9F31105C.JPEG",
    "cantidad_archivos": 1,
    "archivos_fuente": [
      "Pictures/Fototeca de Fotos.photoslibrary/resources/derivatives/0/08501275-079E-43B4-8CBD-E385D294A9F3_1_105_c.jpeg"
    ],
    "ultima_modificacion": "2025-08-01 01:01:00.603775"
  },
  "09dfbfb0da664a69a954b044bc4621731105c.jpeg": {
    "app_sintetizada": "09DFBFB0DA664A69A954B044BC4621731105C.JPEG",
    "cantidad_archivos": 1,
    "archivos_fuente": [
      "Pictures/Fototeca de Fotos.photoslibrary/resources/derivatives/0/09DFBFB0-DA66-4A69-A954-B044BC462173_1_105_c.jpeg"
    ],
    "ultima_modificacion": "2025-08-01 01:01:00.604116"
  },
  "02e17803bb444528980c508f8f15ed491105c.jpeg": {
    "app_sintetizada": "02E17803BB444528980C508F8F15ED491105C.JPEG",
    "cantidad_archivos": 1,
    "archivos_fuente": [
      "Pictures/Fototeca de Fotos.photoslibrary/resources/derivatives/0/02E17803-BB44-4528-980C-508F8F15ED49_1_105_c.jpeg"
    ],
    "ultima_modificacion": "2025-08-01 01:01:00.604448"
  },
  "057c407441d344c082febf6a8ccbefe81105c.jpeg": {
    "app_sintetizada": "057C407441D344C082FEBF6A8CCBEFE81105C.JPEG",
    "cantidad_archivos": 1,
    "archivos_fuente": [
      "Pictures/Fototeca de Fotos.photoslibrary/resources/derivatives/0/057C4074-41D3-44C0-82FE-BF6A8CCBEFE8_1_105_c.jpeg"
    ],
    "ultima_modificacion": "2025-08-01 01:01:00.604775"
  },
  "0d7a9afc539c4d28b79be582d6153c121105c.jpeg": {
    "app_sintetizada": "0D7A9AFC539C4D28B79BE582D6153C121105C.JPEG",
    "cantidad_archivos": 1,
    "archivos_fuente": [
      "Pictures/Fototeca de Fotos.photoslibrary/resources/derivatives/0/0D7A9AFC-539C-4D28-B79B-E582D6153C12_1_105_c.jpeg"
    ],
    "ultima_modificacion": "2025-08-01 01:01:00.605108"
  },
  "033182291e904c22a539b7942a4f67a81105c.jpeg": {
    "app_sintetizada": "033182291E904C22A539B7942A4F67A81105C.JPEG",
    "cantidad_archivos": 1,
    "archivos_fuente": [
      "Pictures/Fototeca de Fotos.photoslibrary/resources/derivatives/0/03318229-1E90-4C22-A539-B7942A4F67A8_1_105_c.jpeg"
    ],
    "ultima_modificacion": "2025-08-01 01:01:00.605435"
  },
  "00d5e20c5c674c88a6a30d21dacc58421105c.jpeg": {
    "app_sintetizada": "00D5E20C5C674C88A6A30D21DACC58421105C.JPEG",
    "cantidad_archivos": 1,
    "archivos_fuente": [
      "Pictures/Fototeca de Fotos.photoslibrary/resources/derivatives/0/00D5E20C-5C67-4C88-A6A3-0D21DACC5842_1_105_c.jpeg"
    ],
    "ultima_modificacion": "2025-08-01 01:01:00.605759"
  },
  "08ab0fe624f74f468a8e4f07edf7a7661105c.jpeg": {
    "app_sintetizada": "08AB0FE624F74F468A8E4F07EDF7A7661105C.JPEG",
    "cantidad_archivos": 1,
    "archivos_fuente": [
      "Pictures/Fototeca de Fotos.photoslibrary/resources/derivatives/0/08AB0FE6-24F7-4F46-8A8E-4F07EDF7A766_1_105_c.jpeg"
    ],
    "ultima_modificacion": "2025-08-01 01:01:00.606077"
  },
  "02503d6ef585423780f42ba10e753db21105c.jpeg": {
    "app_sintetizada": "02503D6EF585423780F42BA10E753DB21105C.JPEG",
    "cantidad_archivos": 1,
    "archivos_fuente": [
      "Pictures/Fototeca de Fotos.photoslibrary/resources/derivatives/0/02503D6E-F585-4237-80F4-2BA10E753DB2_1_105_c.jpeg"
    ],
    "ultima_modificacion": "2025-08-01 01:01:00.606399"
  },
  "0e03b983e432425b92db2bb023a191fc1105c.jpeg": {
    "app_sintetizada": "0E03B983E432425B92DB2BB023A191FC1105C.JPEG",
    "cantidad_archivos": 1,
    "archivos_fuente": [
      "Pictures/Fototeca de Fotos.photoslibrary/resources/derivatives/0/0E03B983-E432-425B-92DB-2BB023A191FC_1_105_c.jpeg"
    ],
    "ultima_modificacion": "2025-08-01 01:01:00.606722"
  },
  "05ced55ddb7c4d2182d89c2065a03f601105c.jpeg": {
    "app_sintetizada": "05CED55DDB7C4D2182D89C2065A03F601105C.JPEG",
    "cantidad_archivos": 1,
    "archivos_fuente": [
      "Pictures/Fototeca de Fotos.photoslibrary/resources/derivatives/0/05CED55D-DB7C-4D21-82D8-9C2065A03F60_1_105_c.jpeg"
    ],
    "ultima_modificacion": "2025-08-01 01:01:00.607027"
  },
  "0370b366a2ac4b64802ef2a34f88cf5e1105c.jpeg": {
    "app_sintetizada": "0370B366A2AC4B64802EF2A34F88CF5E1105C.JPEG",
    "cantidad_archivos": 1,
    "archivos_fuente": [
      "Pictures/Fototeca de Fotos.photoslibrary/resources/derivatives/0/0370B366-A2AC-4B64-802E-F2A34F88CF5E_1_105_c.jpeg"
    ],
    "ultima_modificacion": "2025-08-01 01:01:00.607328"
  },
  "0743ffb0b81a42048b5b01ad0edb6ee61105c.jpeg": {
    "app_sintetizada": "0743FFB0B81A42048B5B01AD0EDB6EE61105C.JPEG",
    "cantidad_archivos": 1,
    "archivos_fuente": [
      "Pictures/Fototeca de Fotos.photoslibrary/resources/derivatives/0/0743FFB0-B81A-4204-8B5B-01AD0EDB6EE6_1_105_c.jpeg"
    ],
    "ultima_modificacion": "2025-08-01 01:01:00.607641"
  },
  "0200a7c3eb434746b92f858b12d616fb1105c.jpeg": {
    "app_sintetizada": "0200A7C3EB434746B92F858B12D616FB1105C.JPEG",
    "cantidad_archivos": 1,
    "archivos_fuente": [
      "Pictures/Fototeca de Fotos.photoslibrary/resources/derivatives/0/0200A7C3-EB43-4746-B92F-858B12D616FB_1_105_c.jpeg"
    ],
    "ultima_modificacion": "2025-08-01 01:01:00.607939"
  },
  "03c330676195490e948f8c90de32f67d1105c.jpeg": {
    "app_sintetizada": "03C330676195490E948F8C90DE32F67D1105C.JPEG",
    "cantidad_archivos": 1,
    "archivos_fuente": [
      "Pictures/Fototeca de Fotos.photoslibrary/resources/derivatives/0/03C33067-6195-490E-948F-8C90DE32F67D_1_105_c.jpeg"
    ],
    "ultima_modificacion": "2025-08-01 01:01:00.608265"
  },
  "0d324d5b15734158832fe7193203ccf51105c.jpeg": {
    "app_sintetizada": "0D324D5B15734158832FE7193203CCF51105C.JPEG",
    "cantidad_archivos": 1,
    "archivos_fuente": [
      "Pictures/Fototeca de Fotos.photoslibrary/resources/derivatives/0/0D324D5B-1573-4158-832F-E7193203CCF5_1_105_c.jpeg"
    ],
    "ultima_modificacion": "2025-08-01 01:01:00.608638"
  },
  "04bf62226c9f42558adecef100bd61c81105c.jpeg": {
    "app_sintetizada": "04BF62226C9F42558ADECEF100BD61C81105C.JPEG",
    "cantidad_archivos": 1,
    "archivos_fuente": [
      "Pictures/Fototeca de Fotos.photoslibrary/resources/derivatives/0/04BF6222-6C9F-4255-8ADE-CEF100BD61C8_1_105_c.jpeg"
    ],
    "ultima_modificacion": "2025-08-01 01:01:00.608964"
  },
  "01ec60fcc2824e5fb96fce731eb73af21105c.jpeg": {
    "app_sintetizada": "01EC60FCC2824E5FB96FCE731EB73AF21105C.JPEG",
    "cantidad_archivos": 1,
    "archivos_fuente": [
      "Pictures/Fototeca de Fotos.photoslibrary/resources/derivatives/0/01EC60FC-C282-4E5F-B96F-CE731EB73AF2_1_105_c.jpeg"
    ],
    "ultima_modificacion": "2025-08-01 01:01:00.609266"
  },
  "0255bd591ca64601801c8df4f3fbb6191105c.jpeg": {
    "app_sintetizada": "0255BD591CA64601801C8DF4F3FBB6191105C.JPEG",
    "cantidad_archivos": 1,
    "archivos_fuente": [
      "Pictures/Fototeca de Fotos.photoslibrary/resources/derivatives/0/0255BD59-1CA6-4601-801C-8DF4F3FBB619_1_105_c.jpeg"
    ],
    "ultima_modificacion": "2025-08-01 01:01:00.609558"
  },
  "0d7f09474e2a4432b20db0fe9af7df711105c.jpeg": {
    "app_sintetizada": "0D7F09474E2A4432B20DB0FE9AF7DF711105C.JPEG",
    "cantidad_archivos": 1,
    "archivos_fuente": [
      "Pictures/Fototeca de Fotos.photoslibrary/resources/derivatives/0/0D7F0947-4E2A-4432-B20D-B0FE9AF7DF71_1_105_c.jpeg"
    ],
    "ultima_modificacion": "2025-08-01 01:01:00.609853"
  },
  "06b519106f884de6ad0f34a4f944acf81105c.jpeg": {
    "app_sintetizada": "06B519106F884DE6AD0F34A4F944ACF81105C.JPEG",
    "cantidad_archivos": 1,
    "archivos_fuente": [
      "Pictures/Fototeca de Fotos.photoslibrary/resources/derivatives/0/06B51910-6F88-4DE6-AD0F-34A4F944ACF8_1_105_c.jpeg"
    ],
    "ultima_modificacion": "2025-08-01 01:01:00.610145"
  },
  "005b542a10f54e43b955d123281a86e41105c.jpeg": {
    "app_sintetizada": "005B542A10F54E43B955D123281A86E41105C.JPEG",
    "cantidad_archivos": 1,
    "archivos_fuente": [
      "Pictures/Fototeca de Fotos.photoslibrary/resources/derivatives/0/005B542A-10F5-4E43-B955-D123281A86E4_1_105_c.jpeg"
    ],
    "ultima_modificacion": "2025-08-01 01:01:00.610431"
  },
  "00fbf82306a74d9a80e856ae16c5619f1105c.jpeg": {
    "app_sintetizada": "00FBF82306A74D9A80E856AE16C5619F1105C.JPEG",
    "cantidad_archivos": 1,
    "archivos_fuente": [
      "Pictures/Fototeca de Fotos.photoslibrary/resources/derivatives/0/00FBF823-06A7-4D9A-80E8-56AE16C5619F_1_105_c.jpeg"
    ],
    "ultima_modificacion": "2025-08-01 01:01:00.610774"
  },
  "03cf6e9db3804a1f91b31dd3cce5bb6b1105c.jpeg": {
    "app_sintetizada": "03CF6E9DB3804A1F91B31DD3CCE5BB6B1105C.JPEG",
    "cantidad_archivos": 1,
    "archivos_fuente": [
      "Pictures/Fototeca de Fotos.photoslibrary/resources/derivatives/0/03CF6E9D-B380-4A1F-91B3-1DD3CCE5BB6B_1_105_c.jpeg"
    ],
    "ultima_modificacion": "2025-08-01 01:01:00.611051"
  },
  "0591a89d287848b1b281ed46552e2a361105c.jpeg": {
    "app_sintetizada": "0591A89D287848B1B281ED46552E2A361105C.JPEG",
    "cantidad_archivos": 1,
    "archivos_fuente": [
      "Pictures/Fototeca de Fotos.photoslibrary/resources/derivatives/0/0591A89D-2878-48B1-B281-ED46552E2A36_1_105_c.jpeg"
    ],
    "ultima_modificacion": "2025-08-01 01:01:00.611263"
  },
  "03c9cc1337f04be2b6c4f09f028f9eba1105c.jpeg": {
    "app_sintetizada": "03C9CC1337F04BE2B6C4F09F028F9EBA1105C.JPEG",
    "cantidad_archivos": 1,
    "archivos_fuente": [
      "Pictures/Fototeca de Fotos.photoslibrary/resources/derivatives/0/03C9CC13-37F0-4BE2-B6C4-F09F028F9EBA_1_105_c.jpeg"
    ],
    "ultima_modificacion": "2025-08-01 01:01:00.611484"
  },
  "0ea74087fdbe48a7bc69b3655c6b0f011105c.jpeg": {
    "app_sintetizada": "0EA74087FDBE48A7BC69B3655C6B0F011105C.JPEG",
    "cantidad_archivos": 1,
    "archivos_fuente": [
      "Pictures/Fototeca de Fotos.photoslibrary/resources/derivatives/0/0EA74087-FDBE-48A7-BC69-B3655C6B0F01_1_105_c.jpeg"
    ],
    "ultima_modificacion": "2025-08-01 01:01:00.611699"
  },
  "0fce02c6ded543f9a63f360e9957988d1105c.jpeg": {
    "app_sintetizada": "0FCE02C6DED543F9A63F360E9957988D1105C.JPEG",
    "cantidad_archivos": 1,
    "archivos_fuente": [
      "Pictures/Fototeca de Fotos.photoslibrary/resources/derivatives/0/0FCE02C6-DED5-43F9-A63F-360E9957988D_1_105_c.jpeg"
    ],
    "ultima_modificacion": "2025-08-01 01:01:00.611909"
  },
  "08c19e807dec45c1891b70395a64093a1105c.jpeg": {
    "app_sintetizada": "08C19E807DEC45C1891B70395A64093A1105C.JPEG",
    "cantidad_archivos": 1,
    "archivos_fuente": [
      "Pictures/Fototeca de Fotos.photoslibrary/resources/derivatives/0/08C19E80-7DEC-45C1-891B-70395A64093A_1_105_c.jpeg"
    ],
    "ultima_modificacion": "2025-08-01 01:01:00.612106"
  },
  "04880770eed44ad0ae31537a99a1a5fc1105c.jpeg": {
    "app_sintetizada": "04880770EED44AD0AE31537A99A1A5FC1105C.JPEG",
    "cantidad_archivos": 1,
    "archivos_fuente": [
      "Pictures/Fototeca de Fotos.photoslibrary/resources/derivatives/0/04880770-EED4-4AD0-AE31-537A99A1A5FC_1_105_c.jpeg"
    ],
    "ultima_modificacion": "2025-08-01 01:01:00.612481"
  },
  "0edca1793ca34d56ae35d9d822097a9f1105c.jpeg": {
    "app_sintetizada": "0EDCA1793CA34D56AE35D9D822097A9F1105C.JPEG",
    "cantidad_archivos": 1,
    "archivos_fuente": [
      "Pictures/Fototeca de Fotos.photoslibrary/resources/derivatives/0/0EDCA179-3CA3-4D56-AE35-D9D822097A9F_1_105_c.jpeg"
    ],
    "ultima_modificacion": "2025-08-01 01:01:00.612749"
  },
  "025888f189aa4e479e4b5ccad6ec0cbf1105c.jpeg": {
    "app_sintetizada": "025888F189AA4E479E4B5CCAD6EC0CBF1105C.JPEG",
    "cantidad_archivos": 1,
    "archivos_fuente": [
      "Pictures/Fototeca de Fotos.photoslibrary/resources/derivatives/0/025888F1-89AA-4E47-9E4B-5CCAD6EC0CBF_1_105_c.jpeg"
    ],
    "ultima_modificacion": "2025-08-01 01:01:00.613001"
  },
  "007379d61ba946eab3cb3b5c5b2192391105c.jpeg": {
    "app_sintetizada": "007379D61BA946EAB3CB3B5C5B2192391105C.JPEG",
    "cantidad_archivos": 1,
    "archivos_fuente": [
      "Pictures/Fototeca de Fotos.photoslibrary/resources/derivatives/0/007379D6-1BA9-46EA-B3CB-3B5C5B219239_1_105_c.jpeg"
    ],
    "ultima_modificacion": "2025-08-01 01:01:00.613255"
  },
  "0067431135fd43cfb099f06efd2510431105c.jpeg": {
    "app_sintetizada": "0067431135FD43CFB099F06EFD2510431105C.JPEG",
    "cantidad_archivos": 1,
    "archivos_fuente": [
      "Pictures/Fototeca de Fotos.photoslibrary/resources/derivatives/0/00674311-35FD-43CF-B099-F06EFD251043_1_105_c.jpeg"
    ],
    "ultima_modificacion": "2025-08-01 01:01:00.613608"
  },
  "0588b2be43f4454391cedafdbdc2deab1105c.jpeg": {
    "app_sintetizada": "0588B2BE43F4454391CEDAFDBDC2DEAB1105C.JPEG",
    "cantidad_archivos": 1,
    "archivos_fuente": [
      "Pictures/Fototeca de Fotos.photoslibrary/resources/derivatives/0/0588B2BE-43F4-4543-91CE-DAFDBDC2DEAB_1_105_c.jpeg"
    ],
    "ultima_modificacion": "2025-08-01 01:01:00.613959"
  },
  "0a7d5b4befd34d9081c2d3dfcbb174401105c.jpeg": {
    "app_sintetizada": "0A7D5B4BEFD34D9081C2D3DFCBB174401105C.JPEG",
    "cantidad_archivos": 1,
    "archivos_fuente": [
      "Pictures/Fototeca de Fotos.photoslibrary/resources/derivatives/0/0A7D5B4B-EFD3-4D90-81C2-D3DFCBB17440_1_105_c.jpeg"
    ],
    "ultima_modificacion": "2025-08-01 01:01:00.614233"
  },
  "0b39c66c5c584503897d1d234cb05a141105c.jpeg": {
    "app_sintetizada": "0B39C66C5C584503897D1D234CB05A141105C.JPEG",
    "cantidad_archivos": 1,
    "archivos_fuente": [
      "Pictures/Fototeca de Fotos.photoslibrary/resources/derivatives/0/0B39C66C-5C58-4503-897D-1D234CB05A14_1_105_c.jpeg"
    ],
    "ultima_modificacion": "2025-08-01 01:01:00.614507"
  },
  "0a90a26578684960b9216415b06cb9931105c.jpeg": {
    "app_sintetizada": "0A90A26578684960B9216415B06CB9931105C.JPEG",
    "cantidad_archivos": 1,
    "archivos_fuente": [
      "Pictures/Fototeca de Fotos.photoslibrary/resources/derivatives/0/0A90A265-7868-4960-B921-6415B06CB993_1_105_c.jpeg"
    ],
    "ultima_modificacion": "2025-08-01 01:01:00.614846"
  },
  "0d7b385784844a01be243c3a0fabe5a31105c.jpeg": {
    "app_sintetizada": "0D7B385784844A01BE243C3A0FABE5A31105C.JPEG",
    "cantidad_archivos": 1,
    "archivos_fuente": [
      "Pictures/Fototeca de Fotos.photoslibrary/resources/derivatives/0/0D7B3857-8484-4A01-BE24-3C3A0FABE5A3_1_105_c.jpeg"
    ],
    "ultima_modificacion": "2025-08-01 01:01:00.615106"
  },
  "0a89b6fb6a1445f9bee2491d6f32536c1100o.jpeg": {
    "app_sintetizada": "0A89B6FB6A1445F9BEE2491D6F32536C1100O.JPEG",
    "cantidad_archivos": 1,
    "archivos_fuente": [
      "Pictures/Fototeca de Fotos.photoslibrary/resources/derivatives/0/0A89B6FB-6A14-45F9-BEE2-491D6F32536C_1_100_o.jpeg"
    ],
    "ultima_modificacion": "2025-08-01 01:01:00.615409"
  },
  "0c40caa222a942fc8e8172c9178721811105c.jpeg": {
    "app_sintetizada": "0C40CAA222A942FC8E8172C9178721811105C.JPEG",
    "cantidad_archivos": 1,
    "archivos_fuente": [
      "Pictures/Fototeca de Fotos.photoslibrary/resources/derivatives/0/0C40CAA2-22A9-42FC-8E81-72C917872181_1_105_c.jpeg"
    ],
    "ultima_modificacion": "2025-08-01 01:01:00.615651"
  },
  "00cc5bd910144b25a443680cef32a9451105c.jpeg": {
    "app_sintetizada": "00CC5BD910144B25A443680CEF32A9451105C.JPEG",
    "cantidad_archivos": 1,
    "archivos_fuente": [
      "Pictures/Fototeca de Fotos.photoslibrary/resources/derivatives/0/00CC5BD9-1014-4B25-A443-680CEF32A945_1_105_c.jpeg"
    ],
    "ultima_modificacion": "2025-08-01 01:01:00.615867"
  },
  "0f3163ba1b894d0a929acf77127f6bec1105c.jpeg": {
    "app_sintetizada": "0F3163BA1B894D0A929ACF77127F6BEC1105C.JPEG",
    "cantidad_archivos": 1,
    "archivos_fuente": [
      "Pictures/Fototeca de Fotos.photoslibrary/resources/derivatives/0/0F3163BA-1B89-4D0A-929A-CF77127F6BEC_1_105_c.jpeg"
    ],
    "ultima_modificacion": "2025-08-01 01:01:00.616078"
  },
  "02e75e0d7da44a8dbb36cde9d1b78a071105c.jpeg": {
    "app_sintetizada": "02E75E0D7DA44A8DBB36CDE9D1B78A071105C.JPEG",
    "cantidad_archivos": 1,
    "archivos_fuente": [
      "Pictures/Fototeca de Fotos.photoslibrary/resources/derivatives/0/02E75E0D-7DA4-4A8D-BB36-CDE9D1B78A07_1_105_c.jpeg"
    ],
    "ultima_modificacion": "2025-08-01 01:01:00.616268"
  },
  "00fb5c73fb95427bb1fd7c2659df28f91105c.jpeg": {
    "app_sintetizada": "00FB5C73FB95427BB1FD7C2659DF28F91105C.JPEG",
    "cantidad_archivos": 1,
    "archivos_fuente": [
      "Pictures/Fototeca de Fotos.photoslibrary/resources/derivatives/0/00FB5C73-FB95-427B-B1FD-7C2659DF28F9_1_105_c.jpeg"
    ],
    "ultima_modificacion": "2025-08-01 01:01:00.616467"
  },
  "05d1c18d9a53404bb9ec57445e9afe5a1105c.jpeg": {
    "app_sintetizada": "05D1C18D9A53404BB9EC57445E9AFE5A1105C.JPEG",
    "cantidad_archivos": 1,
    "archivos_fuente": [
      "Pictures/Fototeca de Fotos.photoslibrary/resources/derivatives/0/05D1C18D-9A53-404B-B9EC-57445E9AFE5A_1_105_c.jpeg"
    ],
    "ultima_modificacion": "2025-08-01 01:01:00.616656"
  },
  "08afd71da8c24c659dd1f599578d3e811105c.jpeg": {
    "app_sintetizada": "08AFD71DA8C24C659DD1F599578D3E811105C.JPEG",
    "cantidad_archivos": 1,
    "archivos_fuente": [
      "Pictures/Fototeca de Fotos.photoslibrary/resources/derivatives/0/08AFD71D-A8C2-4C65-9DD1-F599578D3E81_1_105_c.jpeg"
    ],
    "ultima_modificacion": "2025-08-01 01:01:00.616846"
  },
  "003816c4de9047179351e5360600a5211105c.jpeg": {
    "app_sintetizada": "003816C4DE9047179351E5360600A5211105C.JPEG",
    "cantidad_archivos": 1,
    "archivos_fuente": [
      "Pictures/Fototeca de Fotos.photoslibrary/resources/derivatives/0/003816C4-DE90-4717-9351-E5360600A521_1_105_c.jpeg"
    ],
    "ultima_modificacion": "2025-08-01 01:01:00.617059"
  },
  "0e8fed40f4f340e4ad6333e9a40403661105c.jpeg": {
    "app_sintetizada": "0E8FED40F4F340E4AD6333E9A40403661105C.JPEG",
    "cantidad_archivos": 1,
    "archivos_fuente": [
      "Pictures/Fototeca de Fotos.photoslibrary/resources/derivatives/0/0E8FED40-F4F3-40E4-AD63-33E9A4040366_1_105_c.jpeg"
    ],
    "ultima_modificacion": "2025-08-01 01:01:00.617274"
  },
  "0e1e4ff713184ccebe306f4c0e918e3b1105c.jpeg": {
    "app_sintetizada": "0E1E4FF713184CCEBE306F4C0E918E3B1105C.JPEG",
    "cantidad_archivos": 1,
    "archivos_fuente": [
      "Pictures/Fototeca de Fotos.photoslibrary/resources/derivatives/0/0E1E4FF7-1318-4CCE-BE30-6F4C0E918E3B_1_105_c.jpeg"
    ],
    "ultima_modificacion": "2025-08-01 01:01:00.617513"
  },
  "0dce6673d05d415d967d9b50eb7652741105c.jpeg": {
    "app_sintetizada": "0DCE6673D05D415D967D9B50EB7652741105C.JPEG",
    "cantidad_archivos": 1,
    "archivos_fuente": [
      "Pictures/Fototeca de Fotos.photoslibrary/resources/derivatives/0/0DCE6673-D05D-415D-967D-9B50EB765274_1_105_c.jpeg"
    ],
    "ultima_modificacion": "2025-08-01 01:01:00.617822"
  },
  "0f86b3fc54d44dd4be5892e90a0a9e361105c.jpeg": {
    "app_sintetizada": "0F86B3FC54D44DD4BE5892E90A0A9E361105C.JPEG",
    "cantidad_archivos": 1,
    "archivos_fuente": [
      "Pictures/Fototeca de Fotos.photoslibrary/resources/derivatives/0/0F86B3FC-54D4-4DD4-BE58-92E90A0A9E36_1_105_c.jpeg"
    ],
    "ultima_modificacion": "2025-08-01 01:01:00.618174"
  },
  "0982361bd2a54ddb88832a57ef70cb0f1105c.jpeg": {
    "app_sintetizada": "0982361BD2A54DDB88832A57EF70CB0F1105C.JPEG",
    "cantidad_archivos": 1,
    "archivos_fuente": [
      "Pictures/Fototeca de Fotos.photoslibrary/resources/derivatives/0/0982361B-D2A5-4DDB-8883-2A57EF70CB0F_1_105_c.jpeg"
    ],
    "ultima_modificacion": "2025-08-01 01:01:00.618404"
  },
  "0e37b813e06e459484c2e08ad188abc61105c.jpeg": {
    "app_sintetizada": "0E37B813E06E459484C2E08AD188ABC61105C.JPEG",
    "cantidad_archivos": 1,
    "archivos_fuente": [
      "Pictures/Fototeca de Fotos.photoslibrary/resources/derivatives/0/0E37B813-E06E-4594-84C2-E08AD188ABC6_1_105_c.jpeg"
    ],
    "ultima_modificacion": "2025-08-01 01:01:00.618603"
  },
  "0c69325f8b564ae69d4981309fe2d1611105c.jpeg": {
    "app_sintetizada": "0C69325F8B564AE69D4981309FE2D1611105C.JPEG",
    "cantidad_archivos": 1,
    "archivos_fuente": [
      "Pictures/Fototeca de Fotos.photoslibrary/resources/derivatives/0/0C69325F-8B56-4AE6-9D49-81309FE2D161_1_105_c.jpeg"
    ],
    "ultima_modificacion": "2025-08-01 01:01:00.618824"
  },
  "04c780f2aa3a4f1c86b41026282adde91105c.jpeg": {
    "app_sintetizada": "04C780F2AA3A4F1C86B41026282ADDE91105C.JPEG",
    "cantidad_archivos": 1,
    "archivos_fuente": [
      "Pictures/Fototeca de Fotos.photoslibrary/resources/derivatives/0/04C780F2-AA3A-4F1C-86B4-1026282ADDE9_1_105_c.jpeg"
    ],
    "ultima_modificacion": "2025-08-01 01:01:00.619079"
  },
  "0cf8de2f1b4848dc8d91d26595615e351105c.jpeg": {
    "app_sintetizada": "0CF8DE2F1B4848DC8D91D26595615E351105C.JPEG",
    "cantidad_archivos": 1,
    "archivos_fuente": [
      "Pictures/Fototeca de Fotos.photoslibrary/resources/derivatives/0/0CF8DE2F-1B48-48DC-8D91-D26595615E35_1_105_c.jpeg"
    ],
    "ultima_modificacion": "2025-08-01 01:01:00.619284"
  }
}