{
  "057541c538eb463d82cf6530b316b14f1105c.jpeg": {
    "app_sintetizada": "057541C538EB463D82CF6530B316B14F1105C.JPEG",
    "cantidad_archivos": 1,
    "archivos_fuente": [
      "Pictures/Fototeca de Fotos.photoslibrary/resources/derivatives/0/057541C5-38EB-463D-82CF-6530B316B14F_1_105_c.jpeg"
    ],
    "ultima_modificacion": "2025-08-01 01:01:00.933509"
  },
  "0754175a3d754cae87d197044f02463f1105c.jpeg": {
    "app_sintetizada": "0754175A3D754CAE87D197044F02463F1105C.JPEG",
    "cantidad_archivos": 1,
    "archivos_fuente": [
      "Pictures/Fototeca de Fotos.photoslibrary/resources/derivatives/0/0754175A-3D75-4CAE-87D1-97044F02463F_1_105_c.jpeg"
    ],
    "ultima_modificacion": "2025-08-01 01:01:00.933719"
  },
  "0fbdc4ad31104a128c0851d65a2c16bc1105c.jpeg": {
    "app_sintetizada": "0FBDC4AD31104A128C0851D65A2C16BC1105C.JPEG",
    "cantidad_archivos": 1,
    "archivos_fuente": [
      "Pictures/Fototeca de Fotos.photoslibrary/resources/derivatives/0/0FBDC4AD-3110-4A12-8C08-51D65A2C16BC_1_105_c.jpeg"
    ],
    "ultima_modificacion": "2025-08-01 01:01:00.933928"
  },
  "02b241455bc24833b29d1f3dce27d3401105c.jpeg": {
    "app_sintetizada": "02B241455BC24833B29D1F3DCE27D3401105C.JPEG",
    "cantidad_archivos": 1,
    "archivos_fuente": [
      "Pictures/Fototeca de Fotos.photoslibrary/resources/derivatives/0/02B24145-5BC2-4833-B29D-1F3DCE27D340_1_105_c.jpeg"
    ],
    "ultima_modificacion": "2025-08-01 01:01:00.934115"
  },
  "096ef326dab1402c800ba23c6c51536a1105c.jpeg": {
    "app_sintetizada": "096EF326DAB1402C800BA23C6C51536A1105C.JPEG",
    "cantidad_archivos": 1,
    "archivos_fuente": [
      "Pictures/Fototeca de Fotos.photoslibrary/resources/derivatives/0/096EF326-DAB1-402C-800B-A23C6C51536A_1_105_c.jpeg"
    ],
    "ultima_modificacion": "2025-08-01 01:01:00.934291"
  },
  "0a469764f706454ab05d2539f79a44241105c.jpeg": {
    "app_sintetizada": "0A469764F706454AB05D2539F79A44241105C.JPEG",
    "cantidad_archivos": 1,
    "archivos_fuente": [
      "Pictures/Fototeca de Fotos.photoslibrary/resources/derivatives/0/0A469764-F706-454A-B05D-2539F79A4424_1_105_c.jpeg"
    ],
    "ultima_modificacion": "2025-08-01 01:01:00.934461"
  },
  "054de9515cb74a86ad779a1d8369ddee1105c.jpeg": {
    "app_sintetizada": "054DE9515CB74A86AD779A1D8369DDEE1105C.JPEG",
    "cantidad_archivos": 1,
    "archivos_fuente": [
      "Pictures/Fototeca de Fotos.photoslibrary/resources/derivatives/0/054DE951-5CB7-4A86-AD77-9A1D8369DDEE_1_105_c.jpeg"
    ],
    "ultima_modificacion": "2025-08-01 01:01:00.934674"
  },
  "0c9f13bf0daa4ae6bc79445451f7e2ad1105c.jpeg": {
    "app_sintetizada": "0C9F13BF0DAA4AE6BC79445451F7E2AD1105C.JPEG",
    "cantidad_archivos": 1,
    "archivos_fuente": [
      "Pictures/Fototeca de Fotos.photoslibrary/resources/derivatives/0/0C9F13BF-0DAA-4AE6-BC79-445451F7E2AD_1_105_c.jpeg"
    ],
    "ultima_modificacion": "2025-08-01 01:01:00.934922"
  },
  "002d18408a644d18a7ea8d2beb6e48871105c.jpeg": {
    "app_sintetizada": "002D18408A644D18A7EA8D2BEB6E48871105C.JPEG",
    "cantidad_archivos": 1,
    "archivos_fuente": [
      "Pictures/Fototeca de Fotos.photoslibrary/resources/derivatives/0/002D1840-8A64-4D18-A7EA-8D2BEB6E4887_1_105_c.jpeg"
    ],
    "ultima_modificacion": "2025-08-01 01:01:00.935161"
  },
  "02b18c0843344a2c97b0f9d7f9a01dcf.thm": {
    "app_sintetizada": "02B18C0843344A2C97B0F9D7F9A01DCF.THM",
    "cantidad_archivos": 1,
    "archivos_fuente": [
      "Pictures/Fototeca de Fotos.photoslibrary/resources/derivatives/0/02B18C08-4334-4A2C-97B0-F9D7F9A01DCF.THM"
    ],
    "ultima_modificacion": "2025-08-01 01:01:00.935376"
  },
  "0b8a385cf3174bc5a5129dcbe851f7221105c.jpeg": {
    "app_sintetizada": "0B8A385CF3174BC5A5129DCBE851F7221105C.JPEG",
    "cantidad_archivos": 1,
    "archivos_fuente": [
      "Pictures/Fototeca de Fotos.photoslibrary/resources/derivatives/0/0B8A385C-F317-4BC5-A512-9DCBE851F722_1_105_c.jpeg"
    ],
    "ultima_modificacion": "2025-08-01 01:01:00.935569"
  },
  "04d736e406f94967908fc5d3683884291105c.jpeg": {
    "app_sintetizada": "04D736E406F94967908FC5D3683884291105C.JPEG",
    "cantidad_archivos": 1,
    "archivos_fuente": [
      "Pictures/Fototeca de Fotos.photoslibrary/resources/derivatives/0/04D736E4-06F9-4967-908F-C5D368388429_1_105_c.jpeg"
    ],
    "ultima_modificacion": "2025-08-01 01:01:00.935869"
  },
  "021863f0d1f14644b6b4e6230bcca8471105c.jpeg": {
    "app_sintetizada": "021863F0D1F14644B6B4E6230BCCA8471105C.JPEG",
    "cantidad_archivos": 1,
    "archivos_fuente": [
      "Pictures/Fototeca de Fotos.photoslibrary/resources/derivatives/0/021863F0-D1F1-4644-B6B4-E6230BCCA847_1_105_c.jpeg"
    ],
    "ultima_modificacion": "2025-08-01 01:01:00.936173"
  },
  "02f284f138a34a45a7cd83516a1465d81105c.jpeg": {
    "app_sintetizada": "02F284F138A34A45A7CD83516A1465D81105C.JPEG",
    "cantidad_archivos": 1,
    "archivos_fuente": [
      "Pictures/Fototeca de Fotos.photoslibrary/resources/derivatives/0/02F284F1-38A3-4A45-A7CD-83516A1465D8_1_105_c.jpeg"
    ],
    "ultima_modificacion": "2025-08-01 01:01:00.936459"
  },
  "05e734cdc49a4190bd8c0cf982a75ae11105c.jpeg": {
    "app_sintetizada": "05E734CDC49A4190BD8C0CF982A75AE11105C.JPEG",
    "cantidad_archivos": 1,
    "archivos_fuente": [
      "Pictures/Fototeca de Fotos.photoslibrary/resources/derivatives/0/05E734CD-C49A-4190-BD8C-0CF982A75AE1_1_105_c.jpeg"
    ],
    "ultima_modificacion": "2025-08-01 01:01:00.936766"
  },
  "07b360e5ff424d63936b69e3af794e851105c.jpeg": {
    "app_sintetizada": "07B360E5FF424D63936B69E3AF794E851105C.JPEG",
    "cantidad_archivos": 1,
    "archivos_fuente": [
      "Pictures/Fototeca de Fotos.photoslibrary/resources/derivatives/0/07B360E5-FF42-4D63-936B-69E3AF794E85_1_105_c.jpeg"
    ],
    "ultima_modificacion": "2025-08-01 01:01:00.937065"
  },
  "0bece43b1fdf4293b58aa2cfeb7843601105c.jpeg": {
    "app_sintetizada": "0BECE43B1FDF4293B58AA2CFEB7843601105C.JPEG",
    "cantidad_archivos": 1,
    "archivos_fuente": [
      "Pictures/Fototeca de Fotos.photoslibrary/resources/derivatives/0/0BECE43B-1FDF-4293-B58A-A2CFEB784360_1_105_c.jpeg"
    ],
    "ultima_modificacion": "2025-08-01 01:01:00.937370"
  },
  "0634c3cbde1a4d9b8c8184cefbe8eb671105c.jpeg": {
    "app_sintetizada": "0634C3CBDE1A4D9B8C8184CEFBE8EB671105C.JPEG",
    "cantidad_archivos": 1,
    "archivos_fuente": [
      "Pictures/Fototeca de Fotos.photoslibrary/resources/derivatives/0/0634C3CB-DE1A-4D9B-8C81-84CEFBE8EB67_1_105_c.jpeg"
    ],
    "ultima_modificacion": "2025-08-01 01:01:00.937648"
  },
  "02a3ac41a2c245bdbdb7053cbb373f711105c.jpeg": {
    "app_sintetizada": "02A3AC41A2C245BDBDB7053CBB373F711105C.JPEG",
    "cantidad_archivos": 1,
    "archivos_fuente": [
      "Pictures/Fototeca de Fotos.photoslibrary/resources/derivatives/0/02A3AC41-A2C2-45BD-BDB7-053CBB373F71_1_105_c.jpeg"
    ],
    "ultima_modificacion": "2025-08-01 01:01:00.937947"
  },
  "0354c9ada68f4bc4b722e414b15e3f871105c.jpeg": {
    "app_sintetizada": "0354C9ADA68F4BC4B722E414B15E3F871105C.JPEG",
    "cantidad_archivos": 1,
    "archivos_fuente": [
      "Pictures/Fototeca de Fotos.photoslibrary/resources/derivatives/0/0354C9AD-A68F-4BC4-B722-E414B15E3F87_1_105_c.jpeg"
    ],
    "ultima_modificacion": "2025-08-01 01:01:00.938229"
  },
  "0ea3afaee9ec4a8f80ee641f9901ef211105c.jpeg": {
    "app_sintetizada": "0EA3AFAEE9EC4A8F80EE641F9901EF211105C.JPEG",
    "cantidad_archivos": 1,
    "archivos_fuente": [
      "Pictures/Fototeca de Fotos.photoslibrary/resources/derivatives/0/0EA3AFAE-E9EC-4A8F-80EE-641F9901EF21_1_105_c.jpeg"
    ],
    "ultima_modificacion": "2025-08-01 01:01:00.938504"
  },
  "0d9508bc11d14b42a0e644a2a246df321105c.jpeg": {
    "app_sintetizada": "0D9508BC11D14B42A0E644A2A246DF321105C.JPEG",
    "cantidad_archivos": 1,
    "archivos_fuente": [
      "Pictures/Fototeca de Fotos.photoslibrary/resources/derivatives/0/0D9508BC-11D1-4B42-A0E6-44A2A246DF32_1_105_c.jpeg"
    ],
    "ultima_modificacion": "2025-08-01 01:01:00.938791"
  },
  "09ec4d7ddf254c8dac434413a98a54bd1105c.jpeg": {
    "app_sintetizada": "09EC4D7DDF254C8DAC434413A98A54BD1105C.JPEG",
    "cantidad_archivos": 1,
    "archivos_fuente": [
      "Pictures/Fototeca de Fotos.photoslibrary/resources/derivatives/0/09EC4D7D-DF25-4C8D-AC43-4413A98A54BD_1_105_c.jpeg"
    ],
    "ultima_modificacion": "2025-08-01 01:01:00.939060"
  },
  "0af4ab5ed9bf48499650374329c235181105c.jpeg": {
    "app_sintetizada": "0AF4AB5ED9BF48499650374329C235181105C.JPEG",
    "cantidad_archivos": 1,
    "archivos_fuente": [
      "Pictures/Fototeca de Fotos.photoslibrary/resources/derivatives/0/0AF4AB5E-D9BF-4849-9650-374329C23518_1_105_c.jpeg"
    ],
    "ultima_modificacion": "2025-08-01 01:01:00.939334"
  },
  "01905e4eaad946bf8581452e8581004f1105c.jpeg": {
    "app_sintetizada": "01905E4EAAD946BF8581452E8581004F1105C.JPEG",
    "cantidad_archivos": 1,
    "archivos_fuente": [
      "Pictures/Fototeca de Fotos.photoslibrary/resources/derivatives/0/01905E4E-AAD9-46BF-8581-452E8581004F_1_105_c.jpeg"
    ],
    "ultima_modificacion": "2025-08-01 01:01:00.939650"
  },
  "02feaa594bf142f79bfb7b49486eb3fb1105c.jpeg": {
    "app_sintetizada": "02FEAA594BF142F79BFB7B49486EB3FB1105C.JPEG",
    "cantidad_archivos": 1,
    "archivos_fuente": [
      "Pictures/Fototeca de Fotos.photoslibrary/resources/derivatives/0/02FEAA59-4BF1-42F7-9BFB-7B49486EB3FB_1_105_c.jpeg"
    ],
    "ultima_modificacion": "2025-08-01 01:01:00.939940"
  },
  "00baa749c6f342e2b895da48d35a65e81105c.jpeg": {
    "app_sintetizada": "00BAA749C6F342E2B895DA48D35A65E81105C.JPEG",
    "cantidad_archivos": 1,
    "archivos_fuente": [
      "Pictures/Fototeca de Fotos.photoslibrary/resources/derivatives/0/00BAA749-C6F3-42E2-B895-DA48D35A65E8_1_105_c.jpeg"
    ],
    "ultima_modificacion": "2025-08-01 01:01:00.940214"
  },
  "05b272ef171846f78ffb260ea453673f1105c.jpeg": {
    "app_sintetizada": "05B272EF171846F78FFB260EA453673F1105C.JPEG",
    "cantidad_archivos": 1,
    "archivos_fuente": [
      "Pictures/Fototeca de Fotos.photoslibrary/resources/derivatives/0/05B272EF-1718-46F7-8FFB-260EA453673F_1_105_c.jpeg"
    ],
    "ultima_modificacion": "2025-08-01 01:01:00.940494"
  },
  "0eaf11ce180d44dd8218e91a6bdfb8701105c.jpeg": {
    "app_sintetizada": "0EAF11CE180D44DD8218E91A6BDFB8701105C.JPEG",
    "cantidad_archivos": 1,
    "archivos_fuente": [
      "Pictures/Fototeca de Fotos.photoslibrary/resources/derivatives/0/0EAF11CE-180D-44DD-8218-E91A6BDFB870_1_105_c.jpeg"
    ],
    "ultima_modificacion": "2025-08-01 01:01:00.940775"
  },
  "0ba521baefb24aada989cb3db56d82261105c.jpeg": {
    "app_sintetizada": "0BA521BAEFB24AADA989CB3DB56D82261105C.JPEG",
    "cantidad_archivos": 1,
    "archivos_fuente": [
      "Pictures/Fototeca de Fotos.photoslibrary/resources/derivatives/0/0BA521BA-EFB2-4AAD-A989-CB3DB56D8226_1_105_c.jpeg"
    ],
    "ultima_modificacion": "2025-08-01 01:01:00.941049"
  },
  "04b51a77e4e64659b8e6d225a0b32b32.thm": {
    "app_sintetizada": "04B51A77E4E64659B8E6D225A0B32B32.THM",
    "cantidad_archivos": 1,
    "archivos_fuente": [
      "Pictures/Fototeca de Fotos.photoslibrary/resources/derivatives/0/04B51A77-E4E6-4659-B8E6-D225A0B32B32.THM"
    ],
    "ultima_modificacion": "2025-08-01 01:01:00.941367"
  },
  "0224dd209f744bbc8af3def7ea39dca41105c.jpeg": {
    "app_sintetizada": "0224DD209F744BBC8AF3DEF7EA39DCA41105C.JPEG",
    "cantidad_archivos": 1,
    "archivos_fuente": [
      "Pictures/Fototeca de Fotos.photoslibrary/resources/derivatives/0/0224DD20-9F74-4BBC-8AF3-DEF7EA39DCA4_1_105_c.jpeg"
    ],
    "ultima_modificacion": "2025-08-01 01:01:00.941708"
  },
  "098a1cd327de4d34afa627b55bdd984a1105c.jpeg": {
    "app_sintetizada": "098A1CD327DE4D34AFA627B55BDD984A1105C.JPEG",
    "cantidad_archivos": 1,
    "archivos_fuente": [
      "Pictures/Fototeca de Fotos.photoslibrary/resources/derivatives/0/098A1CD3-27DE-4D34-AFA6-27B55BDD984A_1_105_c.jpeg"
    ],
    "ultima_modificacion": "2025-08-01 01:01:00.942026"
  },
  "0de74d04001e4978baf07844bd6c6819.thm": {
    "app_sintetizada": "0DE74D04001E4978BAF07844BD6C6819.THM",
    "cantidad_archivos": 1,
    "archivos_fuente": [
      "Pictures/Fototeca de Fotos.photoslibrary/resources/derivatives/0/0DE74D04-001E-4978-BAF0-7844BD6C6819.THM"
    ],
    "ultima_modificacion": "2025-08-01 01:01:00.942334"
  },
  "05d6ee8709d849bcba9dd9772eb7a7da1105c.jpeg": {
    "app_sintetizada": "05D6EE8709D849BCBA9DD9772EB7A7DA1105C.JPEG",
    "cantidad_archivos": 1,
    "archivos_fuente": [
      "Pictures/Fototeca de Fotos.photoslibrary/resources/derivatives/0/05D6EE87-09D8-49BC-BA9D-D9772EB7A7DA_1_105_c.jpeg"
    ],
    "ultima_modificacion": "2025-08-01 01:01:00.942619"
  },
  "046434d94bdf4564a2de66d9b84777011105c.jpeg": {
    "app_sintetizada": "046434D94BDF4564A2DE66D9B84777011105C.JPEG",
    "cantidad_archivos": 1,
    "archivos_fuente": [
      "Pictures/Fototeca de Fotos.photoslibrary/resources/derivatives/0/046434D9-4BDF-4564-A2DE-66D9B8477701_1_105_c.jpeg"
    ],
    "ultima_modificacion": "2025-08-01 01:01:00.942894"
  },
  "027cf6b8464d46999c955419970b7c801105c.jpeg": {
    "app_sintetizada": "027CF6B8464D46999C955419970B7C801105C.JPEG",
    "cantidad_archivos": 1,
    "archivos_fuente": [
      "Pictures/Fototeca de Fotos.photoslibrary/resources/derivatives/0/027CF6B8-464D-4699-9C95-5419970B7C80_1_105_c.jpeg"
    ],
    "ultima_modificacion": "2025-08-01 01:01:00.943175"
  },
  "0afd93e1d4b347a990055158c873ef4b.thm": {
    "app_sintetizada": "0AFD93E1D4B347A990055158C873EF4B.THM",
    "cantidad_archivos": 1,
    "archivos_fuente": [
      "Pictures/Fototeca de Fotos.photoslibrary/resources/derivatives/0/0AFD93E1-D4B3-47A9-9005-5158C873EF4B.THM"
    ],
    "ultima_modificacion": "2025-08-01 01:01:00.943428"
  },
  "0b876a1b93e24c448c9e40cd4f2470dc1105c.jpeg": {
    "app_sintetizada": "0B876A1B93E24C448C9E40CD4F2470DC1105C.JPEG",
    "cantidad_archivos": 1,
    "archivos_fuente": [
      "Pictures/Fototeca de Fotos.photoslibrary/resources/derivatives/0/0B876A1B-93E2-4C44-8C9E-40CD4F2470DC_1_105_c.jpeg"
    ],
    "ultima_modificacion": "2025-08-01 01:01:00.943677"
  },
  "0db2c94005234990aa4aa25aba8136c11105c.jpeg": {
    "app_sintetizada": "0DB2C94005234990AA4AA25ABA8136C11105C.JPEG",
    "cantidad_archivos": 1,
    "archivos_fuente": [
      "Pictures/Fototeca de Fotos.photoslibrary/resources/derivatives/0/0DB2C940-0523-4990-AA4A-A25ABA8136C1_1_105_c.jpeg"
    ],
    "ultima_modificacion": "2025-08-01 01:01:00.943986"
  },
  "01d461da42ba4791a66e16b5a204af621105c.jpeg": {
    "app_sintetizada": "01D461DA42BA4791A66E16B5A204AF621105C.JPEG",
    "cantidad_archivos": 1,
    "archivos_fuente": [
      "Pictures/Fototeca de Fotos.photoslibrary/resources/derivatives/0/01D461DA-42BA-4791-A66E-16B5A204AF62_1_105_c.jpeg"
    ],
    "ultima_modificacion": "2025-08-01 01:01:00.944283"
  },
  "047520b162034907b16eada874ac58e5.thm": {
    "app_sintetizada": "047520B162034907B16EADA874AC58E5.THM",
    "cantidad_archivos": 1,
    "archivos_fuente": [
      "Pictures/Fototeca de Fotos.photoslibrary/resources/derivatives/0/047520B1-6203-4907-B16E-ADA874AC58E5.THM"
    ],
    "ultima_modificacion": "2025-08-01 01:01:00.944570"
  },
  "0e2e001bcfdc46c1b91095dc4243b76a.thm": {
    "app_sintetizada": "0E2E001BCFDC46C1B91095DC4243B76A.THM",
    "cantidad_archivos": 1,
    "archivos_fuente": [
      "Pictures/Fototeca de Fotos.photoslibrary/resources/derivatives/0/0E2E001B-CFDC-46C1-B910-95DC4243B76A.THM"
    ],
    "ultima_modificacion": "2025-08-01 01:01:00.944833"
  },
  "0f210132f3504b65911af56c3dc8bb761105c.jpeg": {
    "app_sintetizada": "0F210132F3504B65911AF56C3DC8BB761105C.JPEG",
    "cantidad_archivos": 1,
    "archivos_fuente": [
      "Pictures/Fototeca de Fotos.photoslibrary/resources/derivatives/0/0F210132-F350-4B65-911A-F56C3DC8BB76_1_105_c.jpeg"
    ],
    "ultima_modificacion": "2025-08-01 01:01:00.945135"
  },
  "006fbeeaefe34eb593771c2bcadd8bfe1105c.jpeg": {
    "app_sintetizada": "006FBEEAEFE34EB593771C2BCADD8BFE1105C.JPEG",
    "cantidad_archivos": 1,
    "archivos_fuente": [
      "Pictures/Fototeca de Fotos.photoslibrary/resources/derivatives/0/006FBEEA-EFE3-4EB5-9377-1C2BCADD8BFE_1_105_c.jpeg"
    ],
    "ultima_modificacion": "2025-08-01 01:01:00.945456"
  },
  "0adccc9dda154cf2a1e8a9857e1dbb251105c.jpeg": {
    "app_sintetizada": "0ADCCC9DDA154CF2A1E8A9857E1DBB251105C.JPEG",
    "cantidad_archivos": 1,
    "archivos_fuente": [
      "Pictures/Fototeca de Fotos.photoslibrary/resources/derivatives/0/0ADCCC9D-DA15-4CF2-A1E8-A9857E1DBB25_1_105_c.jpeg"
    ],
    "ultima_modificacion": "2025-08-01 01:01:00.945755"
  },
  "085ab067869a46d0af0346524738df1d1105c.jpeg": {
    "app_sintetizada": "085AB067869A46D0AF0346524738DF1D1105C.JPEG",
    "cantidad_archivos": 1,
    "archivos_fuente": [
      "Pictures/Fototeca de Fotos.photoslibrary/resources/derivatives/0/085AB067-869A-46D0-AF03-46524738DF1D_1_105_c.jpeg"
    ],
    "ultima_modificacion": "2025-08-01 01:01:00.946048"
  },
  "03df6df4b94f4866a6805f578738e7351105c.jpeg": {
    "app_sintetizada": "03DF6DF4B94F4866A6805F578738E7351105C.JPEG",
    "cantidad_archivos": 1,
    "archivos_fuente": [
      "Pictures/Fototeca de Fotos.photoslibrary/resources/derivatives/0/03DF6DF4-B94F-4866-A680-5F578738E735_1_105_c.jpeg"
    ],
    "ultima_modificacion": "2025-08-01 01:01:00.946355"
  },
  "09426717f4e74f34992cca0af870fdd9.thm": {
    "app_sintetizada": "09426717F4E74F34992CCA0AF870FDD9.THM",
    "cantidad_archivos": 1,
    "archivos_fuente": [
      "Pictures/Fototeca de Fotos.photoslibrary/resources/derivatives/0/09426717-F4E7-4F34-992C-CA0AF870FDD9.THM"
    ],
    "ultima_modificacion": "2025-08-01 01:01:00.946663"
  },
  "0d6ad21fccc547c9aab9e7a17d6a04de1105c.jpeg": {
    "app_sintetizada": "0D6AD21FCCC547C9AAB9E7A17D6A04DE1105C.JPEG",
    "cantidad_archivos": 1,
    "archivos_fuente": [
      "Pictures/Fototeca de Fotos.photoslibrary/resources/derivatives/0/0D6AD21F-CCC5-47C9-AAB9-E7A17D6A04DE_1_105_c.jpeg"
    ],
    "ultima_modificacion": "2025-08-01 01:01:00.946964"
  },
  "007de41f999f44fe85a031d4abe1ae441105c.jpeg": {
    "app_sintetizada": "007DE41F999F44FE85A031D4ABE1AE441105C.JPEG",
    "cantidad_archivos": 1,
    "archivos_fuente": [
      "Pictures/Fototeca de Fotos.photoslibrary/resources/derivatives/0/007DE41F-999F-44FE-85A0-31D4ABE1AE44_1_105_c.jpeg"
    ],
    "ultima_modificacion": "2025-08-01 01:01:00.947286"
  },
  "0a92fd5236d14b75a2d3d3ad98becc681105c.jpeg": {
    "app_sintetizada": "0A92FD5236D14B75A2D3D3AD98BECC681105C.JPEG",
    "cantidad_archivos": 1,
    "archivos_fuente": [
      "Pictures/Fototeca de Fotos.photoslibrary/resources/derivatives/0/0A92FD52-36D1-4B75-A2D3-D3AD98BECC68_1_105_c.jpeg"
    ],
    "ultima_modificacion": "2025-08-01 01:01:00.947574"
  },
  "013ac4a5d2f0420c9671c297e0de36011105c.jpeg": {
    "app_sintetizada": "013AC4A5D2F0420C9671C297E0DE36011105C.JPEG",
    "cantidad_archivos": 1,
    "archivos_fuente": [
      "Pictures/Fototeca de Fotos.photoslibrary/resources/derivatives/0/013AC4A5-D2F0-420C-9671-C297E0DE3601_1_105_c.jpeg"
    ],
    "ultima_modificacion": "2025-08-01 01:01:00.947862"
  },
  "0014227073974c90bf056b56cacf79541105c.jpeg": {
    "app_sintetizada": "0014227073974C90BF056B56CACF79541105C.JPEG",
    "cantidad_archivos": 1,
    "archivos_fuente": [
      "Pictures/Fototeca de Fotos.photoslibrary/resources/derivatives/0/00142270-7397-4C90-BF05-6B56CACF7954_1_105_c.jpeg"
    ],
    "ultima_modificacion": "2025-08-01 01:01:00.948172"
  },
  "0975cd6111684781aac2ab44ce62b74e1105c.jpeg": {
    "app_sintetizada": "0975CD6111684781AAC2AB44CE62B74E1105C.JPEG",
    "cantidad_archivos": 1,
    "archivos_fuente": [
      "Pictures/Fototeca de Fotos.photoslibrary/resources/derivatives/0/0975CD61-1168-4781-AAC2-AB44CE62B74E_1_105_c.jpeg"
    ],
    "ultima_modificacion": "2025-08-01 01:01:00.948478"
  },
  "05612bd7ce8a427e87711f444ed0fbeb1105c.jpeg": {
    "app_sintetizada": "05612BD7CE8A427E87711F444ED0FBEB1105C.JPEG",
    "cantidad_archivos": 1,
    "archivos_fuente": [
      "Pictures/Fototeca de Fotos.photoslibrary/resources/derivatives/0/05612BD7-CE8A-427E-8771-1F444ED0FBEB_1_105_c.jpeg"
    ],
    "ultima_modificacion": "2025-08-01 01:01:00.948781"
  },
  "06840329c4e1457c8abace894d5f69ea1105c.jpeg": {
    "app_sintetizada": "06840329C4E1457C8ABACE894D5F69EA1105C.JPEG",
    "cantidad_archivos": 1,
    "archivos_fuente": [
      "Pictures/Fototeca de Fotos.photoslibrary/resources/derivatives/0/06840329-C4E1-457C-8ABA-CE894D5F69EA_1_105_c.jpeg"
    ],
    "ultima_modificacion": "2025-08-01 01:01:00.949105"
  },
  "0c9fd8b85ee54f87b9615f1ba3ec3aae1105c.jpeg": {
    "app_sintetizada": "0C9FD8B85EE54F87B9615F1BA3EC3AAE1105C.JPEG",
    "cantidad_archivos": 1,
    "archivos_fuente": [
      "Pictures/Fototeca de Fotos.photoslibrary/resources/derivatives/0/0C9FD8B8-5EE5-4F87-B961-5F1BA3EC3AAE_1_105_c.jpeg"
    ],
    "ultima_modificacion": "2025-08-01 01:01:00.949399"
  },
  "0ad93fb1f5e5470ab281f9b48937f5f91105c.jpeg": {
    "app_sintetizada": "0AD93FB1F5E5470AB281F9B48937F5F91105C.JPEG",
    "cantidad_archivos": 1,
    "archivos_fuente": [
      "Pictures/Fototeca de Fotos.photoslibrary/resources/derivatives/0/0AD93FB1-F5E5-470A-B281-F9B48937F5F9_1_105_c.jpeg"
    ],
    "ultima_modificacion": "2025-08-01 01:01:00.949705"
  },
  "04d18cb187dd40ab9efa1aa6e7b6ce861105c.jpeg": {
    "app_sintetizada": "04D18CB187DD40AB9EFA1AA6E7B6CE861105C.JPEG",
    "cantidad_archivos": 1,
    "archivos_fuente": [
      "Pictures/Fototeca de Fotos.photoslibrary/resources/derivatives/0/04D18CB1-87DD-40AB-9EFA-1AA6E7B6CE86_1_105_c.jpeg"
    ],
    "ultima_modificacion": "2025-08-01 01:01:00.949997"
  },
  "0d56cb92d7994309bf79440845419b921105c.jpeg": {
    "app_sintetizada": "0D56CB92D7994309BF79440845419B921105C.JPEG",
    "cantidad_archivos": 1,
    "archivos_fuente": [
      "Pictures/Fototeca de Fotos.photoslibrary/resources/derivatives/0/0D56CB92-D799-4309-BF79-440845419B92_1_105_c.jpeg"
    ],
    "ultima_modificacion": "2025-08-01 01:01:00.950363"
  },
  "029fd11309274e96888bd2c3ed5d5fd41105c.jpeg": {
    "app_sintetizada": "029FD11309274E96888BD2C3ED5D5FD41105C.JPEG",
    "cantidad_archivos": 1,
    "archivos_fuente": [
      "Pictures/Fototeca de Fotos.photoslibrary/resources/derivatives/0/029FD113-0927-4E96-888B-D2C3ED5D5FD4_1_105_c.jpeg"
    ],
    "ultima_modificacion": "2025-08-01 01:01:00.950668"
  },
  "07e6198e805b419bbf37751bc28980251105c.jpeg": {
    "app_sintetizada": "07E6198E805B419BBF37751BC28980251105C.JPEG",
    "cantidad_archivos": 1,
    "archivos_fuente": [
      "Pictures/Fototeca de Fotos.photoslibrary/resources/derivatives/0/07E6198E-805B-419B-BF37-751BC2898025_1_105_c.jpeg"
    ],
    "ultima_modificacion": "2025-08-01 01:01:00.950960"
  },
  "0919a7d7d3a84284a94482ada9dd55771105c.jpeg": {
    "app_sintetizada": "0919A7D7D3A84284A94482ADA9DD55771105C.JPEG",
    "cantidad_archivos": 1,
    "archivos_fuente": [
      "Pictures/Fototeca de Fotos.photoslibrary/resources/derivatives/0/0919A7D7-D3A8-4284-A944-82ADA9DD5577_1_105_c.jpeg"
    ],
    "ultima_modificacion": "2025-08-01 01:01:00.951233"
  },
  "0a40b7ab425a44fd9fe9c619e90eb25d1105c.jpeg": {
    "app_sintetizada": "0A40B7AB425A44FD9FE9C619E90EB25D1105C.JPEG",
    "cantidad_archivos": 1,
    "archivos_fuente": [
      "Pictures/Fototeca de Fotos.photoslibrary/resources/derivatives/0/0A40B7AB-425A-44FD-9FE9-C619E90EB25D_1_105_c.jpeg"
    ],
    "ultima_modificacion": "2025-08-01 01:01:00.951500"
  },
  "06904102327c481eb23d7f2ccc2e67e91105c.jpeg": {
    "app_sintetizada": "06904102327C481EB23D7F2CCC2E67E91105C.JPEG",
    "cantidad_archivos": 1,
    "archivos_fuente": [
      "Pictures/Fototeca de Fotos.photoslibrary/resources/derivatives/0/06904102-327C-481E-B23D-7F2CCC2E67E9_1_105_c.jpeg"
    ],
    "ultima_modificacion": "2025-08-01 01:01:00.951792"
  },
  "0235823b3d684535be6af52bc91e1b181105c.jpeg": {
    "app_sintetizada": "0235823B3D684535BE6AF52BC91E1B181105C.JPEG",
    "cantidad_archivos": 1,
    "archivos_fuente": [
      "Pictures/Fototeca de Fotos.photoslibrary/resources/derivatives/0/0235823B-3D68-4535-BE6A-F52BC91E1B18_1_105_c.jpeg"
    ],
    "ultima_modificacion": "2025-08-01 01:01:00.952097"
  },
  "0477b876b4494ae993671ac663d033e11105c.jpeg": {
    "app_sintetizada": "0477B876B4494AE993671AC663D033E11105C.JPEG",
    "cantidad_archivos": 1,
    "archivos_fuente": [
      "Pictures/Fototeca de Fotos.photoslibrary/resources/derivatives/0/0477B876-B449-4AE9-9367-1AC663D033E1_1_105_c.jpeg"
    ],
    "ultima_modificacion": "2025-08-01 01:01:00.952379"
  },
  "0a790c4d265a4e48b32bb2d6a319c1951105c.jpeg": {
    "app_sintetizada": "0A790C4D265A4E48B32BB2D6A319C1951105C.JPEG",
    "cantidad_archivos": 1,
    "archivos_fuente": [
      "Pictures/Fototeca de Fotos.photoslibrary/resources/derivatives/0/0A790C4D-265A-4E48-B32B-B2D6A319C195_1_105_c.jpeg"
    ],
    "ultima_modificacion": "2025-08-01 01:01:00.952685"
  },
  "01a68e6a2ba24724b78cee1649409d6d1105c.jpeg": {
    "app_sintetizada": "01A68E6A2BA24724B78CEE1649409D6D1105C.JPEG",
    "cantidad_archivos": 1,
    "archivos_fuente": [
      "Pictures/Fototeca de Fotos.photoslibrary/resources/derivatives/0/01A68E6A-2BA2-4724-B78C-EE1649409D6D_1_105_c.jpeg"
    ],
    "ultima_modificacion": "2025-08-01 01:01:00.952976"
  },
  "0e1a21336c0844e3a9b935bca874c6451105c.jpeg": {
    "app_sintetizada": "0E1A21336C0844E3A9B935BCA874C6451105C.JPEG",
    "cantidad_archivos": 1,
    "archivos_fuente": [
      "Pictures/Fototeca de Fotos.photoslibrary/resources/derivatives/0/0E1A2133-6C08-44E3-A9B9-35BCA874C645_1_105_c.jpeg"
    ],
    "ultima_modificacion": "2025-08-01 01:01:00.953261"
  },
  "08172b6d930e41f0bc2e7930d957d97d.thm": {
    "app_sintetizada": "08172B6D930E41F0BC2E7930D957D97D.THM",
    "cantidad_archivos": 1,
    "archivos_fuente": [
      "Pictures/Fototeca de Fotos.photoslibrary/resources/derivatives/0/08172B6D-930E-41F0-BC2E-7930D957D97D.THM"
    ],
    "ultima_modificacion": "2025-08-01 01:01:00.953556"
  },
  "04dda83ced1448a3a034ef07be4c90881105c.jpeg": {
    "app_sintetizada": "04DDA83CED1448A3A034EF07BE4C90881105C.JPEG",
    "cantidad_archivos": 1,
    "archivos_fuente": [
      "Pictures/Fototeca de Fotos.photoslibrary/resources/derivatives/0/04DDA83C-ED14-48A3-A034-EF07BE4C9088_1_105_c.jpeg"
    ],
    "ultima_modificacion": "2025-08-01 01:01:00.953857"
  },
  "0da2ce5f16014d98b2c2f3f1f5ff6c571105c.jpeg": {
    "app_sintetizada": "0DA2CE5F16014D98B2C2F3F1F5FF6C571105C.JPEG",
    "cantidad_archivos": 1,
    "archivos_fuente": [
      "Pictures/Fototeca de Fotos.photoslibrary/resources/derivatives/0/0DA2CE5F-1601-4D98-B2C2-F3F1F5FF6C57_1_105_c.jpeg"
    ],
    "ultima_modificacion": "2025-08-01 01:01:00.954172"
  },
  "058751ce853c4836a385c55e62d3dc0f.thm": {
    "app_sintetizada": "058751CE853C4836A385C55E62D3DC0F.THM",
    "cantidad_archivos": 1,
    "archivos_fuente": [
      "Pictures/Fototeca de Fotos.photoslibrary/resources/derivatives/0/058751CE-853C-4836-A385-C55E62D3DC0F.THM"
    ],
    "ultima_modificacion": "2025-08-01 01:01:00.954457"
  },
  "0a93c638445e419aa4e793f81fdf88c61105c.jpeg": {
    "app_sintetizada": "0A93C638445E419AA4E793F81FDF88C61105C.JPEG",
    "cantidad_archivos": 1,
    "archivos_fuente": [
      "Pictures/Fototeca de Fotos.photoslibrary/resources/derivatives/0/0A93C638-445E-419A-A4E7-93F81FDF88C6_1_105_c.jpeg"
    ],
    "ultima_modificacion": "2025-08-01 01:01:00.954755"
  },
  "06d5c56cb25b4eea8f3119f46b06db1e1105c.jpeg": {
    "app_sintetizada": "06D5C56CB25B4EEA8F3119F46B06DB1E1105C.JPEG",
    "cantidad_archivos": 1,
    "archivos_fuente": [
      "Pictures/Fototeca de Fotos.photoslibrary/resources/derivatives/0/06D5C56C-B25B-4EEA-8F31-19F46B06DB1E_1_105_c.jpeg"
    ],
    "ultima_modificacion": "2025-08-01 01:01:00.955065"
  },
  "0a188cdb65aa48f9be56b496dfaaf7d91105c.jpeg": {
    "app_sintetizada": "0A188CDB65AA48F9BE56B496DFAAF7D91105C.JPEG",
    "cantidad_archivos": 1,
    "archivos_fuente": [
      "Pictures/Fototeca de Fotos.photoslibrary/resources/derivatives/0/0A188CDB-65AA-48F9-BE56-B496DFAAF7D9_1_105_c.jpeg"
    ],
    "ultima_modificacion": "2025-08-01 01:01:00.955469"
  },
  "0ba496de10e74c9291a43d0814327ab11105c.jpeg": {
    "app_sintetizada": "0BA496DE10E74C9291A43D0814327AB11105C.JPEG",
    "cantidad_archivos": 1,
    "archivos_fuente": [
      "Pictures/Fototeca de Fotos.photoslibrary/resources/derivatives/0/0BA496DE-10E7-4C92-91A4-3D0814327AB1_1_105_c.jpeg"
    ],
    "ultima_modificacion": "2025-08-01 01:01:00.955761"
  },
  "08ca16eba36241538fbb497f84d2aad11105c.jpeg": {
    "app_sintetizada": "08CA16EBA36241538FBB497F84D2AAD11105C.JPEG",
    "cantidad_archivos": 1,
    "archivos_fuente": [
      "Pictures/Fototeca de Fotos.photoslibrary/resources/derivatives/0/08CA16EB-A362-4153-8FBB-497F84D2AAD1_1_105_c.jpeg"
    ],
    "ultima_modificacion": "2025-08-01 01:01:00.956070"
  },
  "0068450a894b426a8d4c1a1dcf9ad22c1105c.jpeg": {
    "app_sintetizada": "0068450A894B426A8D4C1A1DCF9AD22C1105C.JPEG",
    "cantidad_archivos": 1,
    "archivos_fuente": [
      "Pictures/Fototeca de Fotos.photoslibrary/resources/derivatives/0/0068450A-894B-426A-8D4C-1A1DCF9AD22C_1_105_c.jpeg"
    ],
    "ultima_modificacion": "2025-08-01 01:01:00.956371"
  },
  "02965419631d49a5b9315e656e5accb51105c.jpeg": {
    "app_sintetizada": "02965419631D49A5B9315E656E5ACCB51105C.JPEG",
    "cantidad_archivos": 1,
    "archivos_fuente": [
      "Pictures/Fototeca de Fotos.photoslibrary/resources/derivatives/0/02965419-631D-49A5-B931-5E656E5ACCB5_1_105_c.jpeg"
    ],
    "ultima_modificacion": "2025-08-01 01:01:00.956691"
  },
  "083375bbe52f46f69e6c98e512b7d4891105c.jpeg": {
    "app_sintetizada": "083375BBE52F46F69E6C98E512B7D4891105C.JPEG",
    "cantidad_archivos": 1,
    "archivos_fuente": [
      "Pictures/Fototeca de Fotos.photoslibrary/resources/derivatives/0/083375BB-E52F-46F6-9E6C-98E512B7D489_1_105_c.jpeg"
    ],
    "ultima_modificacion": "2025-08-01 01:01:00.956985"
  },
  "00c4aced8e3a45fea04f28d763feb3311105c.jpeg": {
    "app_sintetizada": "00C4ACED8E3A45FEA04F28D763FEB3311105C.JPEG",
    "cantidad_archivos": 1,
    "archivos_fuente": [
      "Pictures/Fototeca de Fotos.photoslibrary/resources/derivatives/0/00C4ACED-8E3A-45FE-A04F-28D763FEB331_1_105_c.jpeg"
    ],
    "ultima_modificacion": "2025-08-01 01:01:00.957289"
  },
  "0de9381b8e5344488e5e73d92393a7801105c.jpeg": {
    "app_sintetizada": "0DE9381B8E5344488E5E73D92393A7801105C.JPEG",
    "cantidad_archivos": 1,
    "archivos_fuente": [
      "Pictures/Fototeca de Fotos.photoslibrary/resources/derivatives/0/0DE9381B-8E53-4448-8E5E-73D92393A780_1_105_c.jpeg"
    ],
    "ultima_modificacion": "2025-08-01 01:01:00.957569"
  },
  "0ca3003b9a744d41a5bceb06ed218d101105c.jpeg": {
    "app_sintetizada": "0CA3003B9A744D41A5BCEB06ED218D101105C.JPEG",
    "cantidad_archivos": 1,
    "archivos_fuente": [
      "Pictures/Fototeca de Fotos.photoslibrary/resources/derivatives/0/0CA3003B-9A74-4D41-A5BC-EB06ED218D10_1_105_c.jpeg"
    ],
    "ultima_modificacion": "2025-08-01 01:01:00.957865"
  },
  "0a60bc96c3584a519a7676d02c404d031105c.jpeg": {
    "app_sintetizada": "0A60BC96C3584A519A7676D02C404D031105C.JPEG",
    "cantidad_archivos": 1,
    "archivos_fuente": [
      "Pictures/Fototeca de Fotos.photoslibrary/resources/derivatives/0/0A60BC96-C358-4A51-9A76-76D02C404D03_1_105_c.jpeg"
    ],
    "ultima_modificacion": "2025-08-01 01:01:00.958143"
  },
  "0c6e3a70a762494a83bcd8089c963ac01105c.jpeg": {
    "app_sintetizada": "0C6E3A70A762494A83BCD8089C963AC01105C.JPEG",
    "cantidad_archivos": 1,
    "archivos_fuente": [
      "Pictures/Fototeca de Fotos.photoslibrary/resources/derivatives/0/0C6E3A70-A762-494A-83BC-D8089C963AC0_1_105_c.jpeg"
    ],
    "ultima_modificacion": "2025-08-01 01:01:00.958422"
  },
  "030d7f8c1cb141e0be91dae28bb17d6c1105c.jpeg": {
    "app_sintetizada": "030D7F8C1CB141E0BE91DAE28BB17D6C1105C.JPEG",
    "cantidad_archivos": 1,
    "archivos_fuente": [
      "Pictures/Fototeca de Fotos.photoslibrary/resources/derivatives/0/030D7F8C-1CB1-41E0-BE91-DAE28BB17D6C_1_105_c.jpeg"
    ],
    "ultima_modificacion": "2025-08-01 01:01:00.958704"
  },
  "0642de3bf5514583841aa8cfd45b1d0a1105c.jpeg": {
    "app_sintetizada": "0642DE3BF5514583841AA8CFD45B1D0A1105C.JPEG",
    "cantidad_archivos": 1,
    "archivos_fuente": [
      "Pictures/Fototeca de Fotos.photoslibrary/resources/derivatives/0/0642DE3B-F551-4583-841A-A8CFD45B1D0A_1_105_c.jpeg"
    ],
    "ultima_modificacion": "2025-08-01 01:01:00.958983"
  },
  "073dcf9df80545a3b9157d6efd2b41c21105c.jpeg": {
    "app_sintetizada": "073DCF9DF80545A3B9157D6EFD2B41C21105C.JPEG",
    "cantidad_archivos": 1,
    "archivos_fuente": [
      "Pictures/Fototeca de Fotos.photoslibrary/resources/derivatives/0/073DCF9D-F805-45A3-B915-7D6EFD2B41C2_1_105_c.jpeg"
    ],
    "ultima_modificacion": "2025-08-01 01:01:00.959259"
  },
  "09a51930dc9344e1bd7005414e71600a1105c.jpeg": {
    "app_sintetizada": "09A51930DC9344E1BD7005414E71600A1105C.JPEG",
    "cantidad_archivos": 1,
    "archivos_fuente": [
      "Pictures/Fototeca de Fotos.photoslibrary/resources/derivatives/0/09A51930-DC93-44E1-BD70-05414E71600A_1_105_c.jpeg"
    ],
    "ultima_modificacion": "2025-08-01 01:01:00.959548"
  },
  "05700134e8a448d1a86793d7f6fafb2e1105c.jpeg": {
    "app_sintetizada": "05700134E8A448D1A86793D7F6FAFB2E1105C.JPEG",
    "cantidad_archivos": 1,
    "archivos_fuente": [
      "Pictures/Fototeca de Fotos.photoslibrary/resources/derivatives/0/05700134-E8A4-48D1-A867-93D7F6FAFB2E_1_105_c.jpeg"
    ],
    "ultima_modificacion": "2025-08-01 01:01:00.959862"
  },
  "024803dbee1143c9ab681704eec48cae1105c.jpeg": {
    "app_sintetizada": "024803DBEE1143C9AB681704EEC48CAE1105C.JPEG",
    "cantidad_archivos": 1,
    "archivos_fuente": [
      "Pictures/Fototeca de Fotos.photoslibrary/resources/derivatives/0/024803DB-EE11-43C9-AB68-1704EEC48CAE_1_105_c.jpeg"
    ],
    "ultima_modificacion": "2025-08-01 01:01:00.960182"
  },
  "00545c9381b446499a77dbf3d49ae2f51105c.jpeg": {
    "app_sintetizada": "00545C9381B446499A77DBF3D49AE2F51105C.JPEG",
    "cantidad_archivos": 1,
    "archivos_fuente": [
      "Pictures/Fototeca de Fotos.photoslibrary/resources/derivatives/0/00545C93-81B4-4649-9A77-DBF3D49AE2F5_1_105_c.jpeg"
    ],
    "ultima_modificacion": "2025-08-01 01:01:00.960543"
  },
  "03766aba03ce4b8abd0e120ca9ffd7781105c.jpeg": {
    "app_sintetizada": "03766ABA03CE4B8ABD0E120CA9FFD7781105C.JPEG",
    "cantidad_archivos": 1,
    "archivos_fuente": [
      "Pictures/Fototeca de Fotos.photoslibrary/resources/derivatives/0/03766ABA-03CE-4B8A-BD0E-120CA9FFD778_1_105_c.jpeg"
    ],
    "ultima_modificacion": "2025-08-01 01:01:00.961016"
  },
  "08f634de97e14b678dbd5479028a2ea81105c.jpeg": {
    "app_sintetizada": "08F634DE97E14B678DBD5479028A2EA81105C.JPEG",
    "cantidad_archivos": 1,
    "archivos_fuente": [
      "Pictures/Fototeca de Fotos.photoslibrary/resources/derivatives/0/08F634DE-97E1-4B67-8DBD-5479028A2EA8_1_105_c.jpeg"
    ],
    "ultima_modificacion": "2025-08-01 01:01:00.961380"
  },
  "0f1f9eb06ca24ae5918b53b2e7af0b5e1105c.jpeg": {
    "app_sintetizada": "0F1F9EB06CA24AE5918B53B2E7AF0B5E1105C.JPEG",
    "cantidad_archivos": 1,
    "archivos_fuente": [
      "Pictures/Fototeca de Fotos.photoslibrary/resources/derivatives/0/0F1F9EB0-6CA2-4AE5-918B-53B2E7AF0B5E_1_105_c.jpeg"
    ],
    "ultima_modificacion": "2025-08-01 01:01:00.961698"
  },
  "0350020f248d4d1591d95090db9fe2001105c.jpeg": {
    "app_sintetizada": "0350020F248D4D1591D95090DB9FE2001105C.JPEG",
    "cantidad_archivos": 1,
    "archivos_fuente": [
      "Pictures/Fototeca de Fotos.photoslibrary/resources/derivatives/0/0350020F-248D-4D15-91D9-5090DB9FE200_1_105_c.jpeg"
    ],
    "ultima_modificacion": "2025-08-01 01:01:00.961943"
  },
  "0a1b086749bd4616b672fddd63d72ed71105c.jpeg": {
    "app_sintetizada": "0A1B086749BD4616B672FDDD63D72ED71105C.JPEG",
    "cantidad_archivos": 1,
    "archivos_fuente": [
      "Pictures/Fototeca de Fotos.photoslibrary/resources/derivatives/0/0A1B0867-49BD-4616-B672-FDDD63D72ED7_1_105_c.jpeg"
    ],
    "ultima_modificacion": "2025-08-01 01:01:00.962248"
  }
}