{
  "741952e88b3c44a4be88e00d78ff6e931105c.jpeg": {
    "app_sintetizada": "741952E88B3C44A4BE88E00D78FF6E931105C.JPEG",
    "cantidad_archivos": 1,
    "archivos_fuente": [
      "Pictures/Fototeca de Fotos.photoslibrary/resources/derivatives/7/741952E8-8B3C-44A4-BE88-E00D78FF6E93_1_105_c.jpeg"
    ],
    "ultima_modificacion": "2025-08-01 01:01:01.221792"
  },
  "7da97185204d4367b8d775b80a4eff7a1105c.jpeg": {
    "app_sintetizada": "7DA97185204D4367B8D775B80A4EFF7A1105C.JPEG",
    "cantidad_archivos": 1,
    "archivos_fuente": [
      "Pictures/Fototeca de Fotos.photoslibrary/resources/derivatives/7/7DA97185-204D-4367-B8D7-75B80A4EFF7A_1_105_c.jpeg"
    ],
    "ultima_modificacion": "2025-08-01 01:01:01.222119"
  },
  "77bcad9fb38c4c6da7af9c52dd629fb81105c.jpeg": {
    "app_sintetizada": "77BCAD9FB38C4C6DA7AF9C52DD629FB81105C.JPEG",
    "cantidad_archivos": 1,
    "archivos_fuente": [
      "Pictures/Fototeca de Fotos.photoslibrary/resources/derivatives/7/77BCAD9F-B38C-4C6D-A7AF-9C52DD629FB8_1_105_c.jpeg"
    ],
    "ultima_modificacion": "2025-08-01 01:01:01.222341"
  },
  "7831f3703bd8418c8d1ec7febfffddcc1105c.jpeg": {
    "app_sintetizada": "7831F3703BD8418C8D1EC7FEBFFFDDCC1105C.JPEG",
    "cantidad_archivos": 1,
    "archivos_fuente": [
      "Pictures/Fototeca de Fotos.photoslibrary/resources/derivatives/7/7831F370-3BD8-418C-8D1E-C7FEBFFFDDCC_1_105_c.jpeg"
    ],
    "ultima_modificacion": "2025-08-01 01:01:01.222629"
  },
  "7fd5a6f7744a4d2aa8caee6c91d43c731105c.jpeg": {
    "app_sintetizada": "7FD5A6F7744A4D2AA8CAEE6C91D43C731105C.JPEG",
    "cantidad_archivos": 1,
    "archivos_fuente": [
      "Pictures/Fototeca de Fotos.photoslibrary/resources/derivatives/7/7FD5A6F7-744A-4D2A-A8CA-EE6C91D43C73_1_105_c.jpeg"
    ],
    "ultima_modificacion": "2025-08-01 01:01:01.222836"
  },
  "779296ebbbc34cf3a28d029b03bec77f1105c.jpeg": {
    "app_sintetizada": "779296EBBBC34CF3A28D029B03BEC77F1105C.JPEG",
    "cantidad_archivos": 1,
    "archivos_fuente": [
      "Pictures/Fototeca de Fotos.photoslibrary/resources/derivatives/7/779296EB-BBC3-4CF3-A28D-029B03BEC77F_1_105_c.jpeg"
    ],
    "ultima_modificacion": "2025-08-01 01:01:01.223057"
  },
  "73bbebc697ab4cb280615614af79a72f1105c.jpeg": {
    "app_sintetizada": "73BBEBC697AB4CB280615614AF79A72F1105C.JPEG",
    "cantidad_archivos": 1,
    "archivos_fuente": [
      "Pictures/Fototeca de Fotos.photoslibrary/resources/derivatives/7/73BBEBC6-97AB-4CB2-8061-5614AF79A72F_1_105_c.jpeg"
    ],
    "ultima_modificacion": "2025-08-01 01:01:01.223286"
  },
  "7759b88543aa4059826c8daeffcee4941105c.jpeg": {
    "app_sintetizada": "7759B88543AA4059826C8DAEFFCEE4941105C.JPEG",
    "cantidad_archivos": 1,
    "archivos_fuente": [
      "Pictures/Fototeca de Fotos.photoslibrary/resources/derivatives/7/7759B885-43AA-4059-826C-8DAEFFCEE494_1_105_c.jpeg"
    ],
    "ultima_modificacion": "2025-08-01 01:01:01.223467"
  },
  "7009674b0214423fb9f66e5705be41051105c.jpeg": {
    "app_sintetizada": "7009674B0214423FB9F66E5705BE41051105C.JPEG",
    "cantidad_archivos": 1,
    "archivos_fuente": [
      "Pictures/Fototeca de Fotos.photoslibrary/resources/derivatives/7/7009674B-0214-423F-B9F6-6E5705BE4105_1_105_c.jpeg"
    ],
    "ultima_modificacion": "2025-08-01 01:01:01.223637"
  },
  "7d3f9c7bad404d788c0371ac89fbe4231105c.jpeg": {
    "app_sintetizada": "7D3F9C7BAD404D788C0371AC89FBE4231105C.JPEG",
    "cantidad_archivos": 1,
    "archivos_fuente": [
      "Pictures/Fototeca de Fotos.photoslibrary/resources/derivatives/7/7D3F9C7B-AD40-4D78-8C03-71AC89FBE423_1_105_c.jpeg"
    ],
    "ultima_modificacion": "2025-08-01 01:01:01.223823"
  },
  "7eed2e905f5b49918cc824b82188e7141105c.jpeg": {
    "app_sintetizada": "7EED2E905F5B49918CC824B82188E7141105C.JPEG",
    "cantidad_archivos": 1,
    "archivos_fuente": [
      "Pictures/Fototeca de Fotos.photoslibrary/resources/derivatives/7/7EED2E90-5F5B-4991-8CC8-24B82188E714_1_105_c.jpeg"
    ],
    "ultima_modificacion": "2025-08-01 01:01:01.224003"
  },
  "782e3fe20f0b45389ec9f143468ac04a1105c.jpeg": {
    "app_sintetizada": "782E3FE20F0B45389EC9F143468AC04A1105C.JPEG",
    "cantidad_archivos": 1,
    "archivos_fuente": [
      "Pictures/Fototeca de Fotos.photoslibrary/resources/derivatives/7/782E3FE2-0F0B-4538-9EC9-F143468AC04A_1_105_c.jpeg"
    ],
    "ultima_modificacion": "2025-08-01 01:01:01.224170"
  },
  "7527d3a7d39e4c5493ffaefd060710b51105c.jpeg": {
    "app_sintetizada": "7527D3A7D39E4C5493FFAEFD060710B51105C.JPEG",
    "cantidad_archivos": 1,
    "archivos_fuente": [
      "Pictures/Fototeca de Fotos.photoslibrary/resources/derivatives/7/7527D3A7-D39E-4C54-93FF-AEFD060710B5_1_105_c.jpeg"
    ],
    "ultima_modificacion": "2025-08-01 01:01:01.224342"
  },
  "7761dcb0f48c4be7b5eb15c8405f911e1105c.jpeg": {
    "app_sintetizada": "7761DCB0F48C4BE7B5EB15C8405F911E1105C.JPEG",
    "cantidad_archivos": 1,
    "archivos_fuente": [
      "Pictures/Fototeca de Fotos.photoslibrary/resources/derivatives/7/7761DCB0-F48C-4BE7-B5EB-15C8405F911E_1_105_c.jpeg"
    ],
    "ultima_modificacion": "2025-08-01 01:01:01.224519"
  },
  "7d58eb6eba714f20bef631481a392ed91105c.jpeg": {
    "app_sintetizada": "7D58EB6EBA714F20BEF631481A392ED91105C.JPEG",
    "cantidad_archivos": 1,
    "archivos_fuente": [
      "Pictures/Fototeca de Fotos.photoslibrary/resources/derivatives/7/7D58EB6E-BA71-4F20-BEF6-31481A392ED9_1_105_c.jpeg"
    ],
    "ultima_modificacion": "2025-08-01 01:01:01.224801"
  },
  "76e166ad53bd4c3c9b78b49d96c0c73e1105c.jpeg": {
    "app_sintetizada": "76E166AD53BD4C3C9B78B49D96C0C73E1105C.JPEG",
    "cantidad_archivos": 1,
    "archivos_fuente": [
      "Pictures/Fototeca de Fotos.photoslibrary/resources/derivatives/7/76E166AD-53BD-4C3C-9B78-B49D96C0C73E_1_105_c.jpeg"
    ],
    "ultima_modificacion": "2025-08-01 01:01:01.225056"
  },
  "7dfa107b837f4b73a6d52907a1e3dbf01105c.jpeg": {
    "app_sintetizada": "7DFA107B837F4B73A6D52907A1E3DBF01105C.JPEG",
    "cantidad_archivos": 1,
    "archivos_fuente": [
      "Pictures/Fototeca de Fotos.photoslibrary/resources/derivatives/7/7DFA107B-837F-4B73-A6D5-2907A1E3DBF0_1_105_c.jpeg"
    ],
    "ultima_modificacion": "2025-08-01 01:01:01.225292"
  },
  "715c33a1b6c94ca582db37492a0d61021105c.jpeg": {
    "app_sintetizada": "715C33A1B6C94CA582DB37492A0D61021105C.JPEG",
    "cantidad_archivos": 1,
    "archivos_fuente": [
      "Pictures/Fototeca de Fotos.photoslibrary/resources/derivatives/7/715C33A1-B6C9-4CA5-82DB-37492A0D6102_1_105_c.jpeg"
    ],
    "ultima_modificacion": "2025-08-01 01:01:01.225615"
  },
  "7d742815bd3447c186a7536d1be315111105c.jpeg": {
    "app_sintetizada": "7D742815BD3447C186A7536D1BE315111105C.JPEG",
    "cantidad_archivos": 1,
    "archivos_fuente": [
      "Pictures/Fototeca de Fotos.photoslibrary/resources/derivatives/7/7D742815-BD34-47C1-86A7-536D1BE31511_1_105_c.jpeg"
    ],
    "ultima_modificacion": "2025-08-01 01:01:01.225861"
  },
  "745cfc3bafe54609950845ef8801e3921105c.jpeg": {
    "app_sintetizada": "745CFC3BAFE54609950845EF8801E3921105C.JPEG",
    "cantidad_archivos": 1,
    "archivos_fuente": [
      "Pictures/Fototeca de Fotos.photoslibrary/resources/derivatives/7/745CFC3B-AFE5-4609-9508-45EF8801E392_1_105_c.jpeg"
    ],
    "ultima_modificacion": "2025-08-01 01:01:01.226092"
  },
  "761df114ba2841b984790b94d7e0a1911105c.jpeg": {
    "app_sintetizada": "761DF114BA2841B984790B94D7E0A1911105C.JPEG",
    "cantidad_archivos": 1,
    "archivos_fuente": [
      "Pictures/Fototeca de Fotos.photoslibrary/resources/derivatives/7/761DF114-BA28-41B9-8479-0B94D7E0A191_1_105_c.jpeg"
    ],
    "ultima_modificacion": "2025-08-01 01:01:01.226400"
  },
  "7c459021830b4d4691002e5fe1ee90e41105c.jpeg": {
    "app_sintetizada": "7C459021830B4D4691002E5FE1EE90E41105C.JPEG",
    "cantidad_archivos": 1,
    "archivos_fuente": [
      "Pictures/Fototeca de Fotos.photoslibrary/resources/derivatives/7/7C459021-830B-4D46-9100-2E5FE1EE90E4_1_105_c.jpeg"
    ],
    "ultima_modificacion": "2025-08-01 01:01:01.226610"
  },
  "7c87a052fc5f46498713160a3844b1b11105c.jpeg": {
    "app_sintetizada": "7C87A052FC5F46498713160A3844B1B11105C.JPEG",
    "cantidad_archivos": 1,
    "archivos_fuente": [
      "Pictures/Fototeca de Fotos.photoslibrary/resources/derivatives/7/7C87A052-FC5F-4649-8713-160A3844B1B1_1_105_c.jpeg"
    ],
    "ultima_modificacion": "2025-08-01 01:01:01.226792"
  },
  "7d29833df4d24cd899bf17c64dda71ef1105c.jpeg": {
    "app_sintetizada": "7D29833DF4D24CD899BF17C64DDA71EF1105C.JPEG",
    "cantidad_archivos": 1,
    "archivos_fuente": [
      "Pictures/Fototeca de Fotos.photoslibrary/resources/derivatives/7/7D29833D-F4D2-4CD8-99BF-17C64DDA71EF_1_105_c.jpeg"
    ],
    "ultima_modificacion": "2025-08-01 01:01:01.226967"
  },
  "79ce4879a249408b9ff3df07ab1d7f781105c.jpeg": {
    "app_sintetizada": "79CE4879A249408B9FF3DF07AB1D7F781105C.JPEG",
    "cantidad_archivos": 1,
    "archivos_fuente": [
      "Pictures/Fototeca de Fotos.photoslibrary/resources/derivatives/7/79CE4879-A249-408B-9FF3-DF07AB1D7F78_1_105_c.jpeg"
    ],
    "ultima_modificacion": "2025-08-01 01:01:01.227140"
  },
  "794dac83d43245e49a3d0f8ee2dfafe41105c.jpeg": {
    "app_sintetizada": "794DAC83D43245E49A3D0F8EE2DFAFE41105C.JPEG",
    "cantidad_archivos": 1,
    "archivos_fuente": [
      "Pictures/Fototeca de Fotos.photoslibrary/resources/derivatives/7/794DAC83-D432-45E4-9A3D-0F8EE2DFAFE4_1_105_c.jpeg"
    ],
    "ultima_modificacion": "2025-08-01 01:01:01.227323"
  },
  "7e91dd0c3236477a91096fe2eb3e570a1105c.jpeg": {
    "app_sintetizada": "7E91DD0C3236477A91096FE2EB3E570A1105C.JPEG",
    "cantidad_archivos": 1,
    "archivos_fuente": [
      "Pictures/Fototeca de Fotos.photoslibrary/resources/derivatives/7/7E91DD0C-3236-477A-9109-6FE2EB3E570A_1_105_c.jpeg"
    ],
    "ultima_modificacion": "2025-08-01 01:01:01.227492"
  },
  "7f339a72debc4b189366288aebac95ad1105c.jpeg": {
    "app_sintetizada": "7F339A72DEBC4B189366288AEBAC95AD1105C.JPEG",
    "cantidad_archivos": 1,
    "archivos_fuente": [
      "Pictures/Fototeca de Fotos.photoslibrary/resources/derivatives/7/7F339A72-DEBC-4B18-9366-288AEBAC95AD_1_105_c.jpeg"
    ],
    "ultima_modificacion": "2025-08-01 01:01:01.227664"
  },
  "705bf685c0024c82a65f3b5bffaf08ab.thm": {
    "app_sintetizada": "705BF685C0024C82A65F3B5BFFAF08AB.THM",
    "cantidad_archivos": 1,
    "archivos_fuente": [
      "Pictures/Fototeca de Fotos.photoslibrary/resources/derivatives/7/705BF685-C002-4C82-A65F-3B5BFFAF08AB.THM"
    ],
    "ultima_modificacion": "2025-08-01 01:01:01.227839"
  },
  "76176f2e9da04ef0b90da524ea2966441105c.jpeg": {
    "app_sintetizada": "76176F2E9DA04EF0B90DA524EA2966441105C.JPEG",
    "cantidad_archivos": 1,
    "archivos_fuente": [
      "Pictures/Fototeca de Fotos.photoslibrary/resources/derivatives/7/76176F2E-9DA0-4EF0-B90D-A524EA296644_1_105_c.jpeg"
    ],
    "ultima_modificacion": "2025-08-01 01:01:01.228008"
  },
  "778785db2aa74b0aa4dcb258f4e7d32c1105c.jpeg": {
    "app_sintetizada": "778785DB2AA74B0AA4DCB258F4E7D32C1105C.JPEG",
    "cantidad_archivos": 1,
    "archivos_fuente": [
      "Pictures/Fototeca de Fotos.photoslibrary/resources/derivatives/7/778785DB-2AA7-4B0A-A4DC-B258F4E7D32C_1_105_c.jpeg"
    ],
    "ultima_modificacion": "2025-08-01 01:01:01.228236"
  },
  "7dba701c4b16451aaead99054b830f1a1105c.jpeg": {
    "app_sintetizada": "7DBA701C4B16451AAEAD99054B830F1A1105C.JPEG",
    "cantidad_archivos": 1,
    "archivos_fuente": [
      "Pictures/Fototeca de Fotos.photoslibrary/resources/derivatives/7/7DBA701C-4B16-451A-AEAD-99054B830F1A_1_105_c.jpeg"
    ],
    "ultima_modificacion": "2025-08-01 01:01:01.228500"
  },
  "782af0616a8f4345a75c66e6b7ff37fc1105c.jpeg": {
    "app_sintetizada": "782AF0616A8F4345A75C66E6B7FF37FC1105C.JPEG",
    "cantidad_archivos": 1,
    "archivos_fuente": [
      "Pictures/Fototeca de Fotos.photoslibrary/resources/derivatives/7/782AF061-6A8F-4345-A75C-66E6B7FF37FC_1_105_c.jpeg"
    ],
    "ultima_modificacion": "2025-08-01 01:01:01.228708"
  },
  "73ca2e9391e54667bdfdf171ee3bbb9b1105c.jpeg": {
    "app_sintetizada": "73CA2E9391E54667BDFDF171EE3BBB9B1105C.JPEG",
    "cantidad_archivos": 1,
    "archivos_fuente": [
      "Pictures/Fototeca de Fotos.photoslibrary/resources/derivatives/7/73CA2E93-91E5-4667-BDFD-F171EE3BBB9B_1_105_c.jpeg"
    ],
    "ultima_modificacion": "2025-08-01 01:01:01.229003"
  },
  "774d444ac0b24d7bb805ff85c0c5a7721105c.jpeg": {
    "app_sintetizada": "774D444AC0B24D7BB805FF85C0C5A7721105C.JPEG",
    "cantidad_archivos": 1,
    "archivos_fuente": [
      "Pictures/Fototeca de Fotos.photoslibrary/resources/derivatives/7/774D444A-C0B2-4D7B-B805-FF85C0C5A772_1_105_c.jpeg"
    ],
    "ultima_modificacion": "2025-08-01 01:01:01.229221"
  },
  "7cd3b8de32004da6a87342e07aecb7f91105c.jpeg": {
    "app_sintetizada": "7CD3B8DE32004DA6A87342E07AECB7F91105C.JPEG",
    "cantidad_archivos": 1,
    "archivos_fuente": [
      "Pictures/Fototeca de Fotos.photoslibrary/resources/derivatives/7/7CD3B8DE-3200-4DA6-A873-42E07AECB7F9_1_105_c.jpeg"
    ],
    "ultima_modificacion": "2025-08-01 01:01:01.229422"
  },
  "79e20ea90b39484597c1826acecf98301105c.jpeg": {
    "app_sintetizada": "79E20EA90B39484597C1826ACECF98301105C.JPEG",
    "cantidad_archivos": 1,
    "archivos_fuente": [
      "Pictures/Fototeca de Fotos.photoslibrary/resources/derivatives/7/79E20EA9-0B39-4845-97C1-826ACECF9830_1_105_c.jpeg"
    ],
    "ultima_modificacion": "2025-08-01 01:01:01.229612"
  },
  "7ff92c14f13f49a3bbce9b76a7482d971105c.jpeg": {
    "app_sintetizada": "7FF92C14F13F49A3BBCE9B76A7482D971105C.JPEG",
    "cantidad_archivos": 1,
    "archivos_fuente": [
      "Pictures/Fototeca de Fotos.photoslibrary/resources/derivatives/7/7FF92C14-F13F-49A3-BBCE-9B76A7482D97_1_105_c.jpeg"
    ],
    "ultima_modificacion": "2025-08-01 01:01:01.229810"
  },
  "75a40c2a7b6c4dea8edb016751d67f641105c.jpeg": {
    "app_sintetizada": "75A40C2A7B6C4DEA8EDB016751D67F641105C.JPEG",
    "cantidad_archivos": 1,
    "archivos_fuente": [
      "Pictures/Fototeca de Fotos.photoslibrary/resources/derivatives/7/75A40C2A-7B6C-4DEA-8EDB-016751D67F64_1_105_c.jpeg"
    ],
    "ultima_modificacion": "2025-08-01 01:01:01.229993"
  },
  "7511f47391c24144aa49ad4f666c7b57.thm": {
    "app_sintetizada": "7511F47391C24144AA49AD4F666C7B57.THM",
    "cantidad_archivos": 1,
    "archivos_fuente": [
      "Pictures/Fototeca de Fotos.photoslibrary/resources/derivatives/7/7511F473-91C2-4144-AA49-AD4F666C7B57.THM"
    ],
    "ultima_modificacion": "2025-08-01 01:01:01.230162"
  },
  "746ec8409bbd4716901eb9d425835ea91105c.jpeg": {
    "app_sintetizada": "746EC8409BBD4716901EB9D425835EA91105C.JPEG",
    "cantidad_archivos": 1,
    "archivos_fuente": [
      "Pictures/Fototeca de Fotos.photoslibrary/resources/derivatives/7/746EC840-9BBD-4716-901E-B9D425835EA9_1_105_c.jpeg"
    ],
    "ultima_modificacion": "2025-08-01 01:01:01.230334"
  },
  "7cffd8bf3f3942df8971a240bea925e11105c.jpeg": {
    "app_sintetizada": "7CFFD8BF3F3942DF8971A240BEA925E11105C.JPEG",
    "cantidad_archivos": 1,
    "archivos_fuente": [
      "Pictures/Fototeca de Fotos.photoslibrary/resources/derivatives/7/7CFFD8BF-3F39-42DF-8971-A240BEA925E1_1_105_c.jpeg"
    ],
    "ultima_modificacion": "2025-08-01 01:01:01.230514"
  },
  "7eab4051aa5c4f34819bc5058ef78b3b1105c.jpeg": {
    "app_sintetizada": "7EAB4051AA5C4F34819BC5058EF78B3B1105C.JPEG",
    "cantidad_archivos": 1,
    "archivos_fuente": [
      "Pictures/Fototeca de Fotos.photoslibrary/resources/derivatives/7/7EAB4051-AA5C-4F34-819B-C5058EF78B3B_1_105_c.jpeg"
    ],
    "ultima_modificacion": "2025-08-01 01:01:01.230706"
  },
  "7e6f8d21f5a048f3a4a060e0ae8598f21105c.jpeg": {
    "app_sintetizada": "7E6F8D21F5A048F3A4A060E0AE8598F21105C.JPEG",
    "cantidad_archivos": 1,
    "archivos_fuente": [
      "Pictures/Fototeca de Fotos.photoslibrary/resources/derivatives/7/7E6F8D21-F5A0-48F3-A4A0-60E0AE8598F2_1_105_c.jpeg"
    ],
    "ultima_modificacion": "2025-08-01 01:01:01.230893"
  },
  "7173ab55e02f4e9e87af3a1a7b36e0371100o.jpeg": {
    "app_sintetizada": "7173AB55E02F4E9E87AF3A1A7B36E0371100O.JPEG",
    "cantidad_archivos": 1,
    "archivos_fuente": [
      "Pictures/Fototeca de Fotos.photoslibrary/resources/derivatives/7/7173AB55-E02F-4E9E-87AF-3A1A7B36E037_1_100_o.jpeg"
    ],
    "ultima_modificacion": "2025-08-01 01:01:01.231063"
  },
  "71cbe85406074513a060c43d682f7b621105c.jpeg": {
    "app_sintetizada": "71CBE85406074513A060C43D682F7B621105C.JPEG",
    "cantidad_archivos": 1,
    "archivos_fuente": [
      "Pictures/Fototeca de Fotos.photoslibrary/resources/derivatives/7/71CBE854-0607-4513-A060-C43D682F7B62_1_105_c.jpeg"
    ],
    "ultima_modificacion": "2025-08-01 01:01:01.231240"
  },
  "7ec542ec980a466f8a4b7495e1a830391105c.jpeg": {
    "app_sintetizada": "7EC542EC980A466F8A4B7495E1A830391105C.JPEG",
    "cantidad_archivos": 1,
    "archivos_fuente": [
      "Pictures/Fototeca de Fotos.photoslibrary/resources/derivatives/7/7EC542EC-980A-466F-8A4B-7495E1A83039_1_105_c.jpeg"
    ],
    "ultima_modificacion": "2025-08-01 01:01:01.231419"
  },
  "7bed346277114802ad5089881e01e79e1105c.jpeg": {
    "app_sintetizada": "7BED346277114802AD5089881E01E79E1105C.JPEG",
    "cantidad_archivos": 1,
    "archivos_fuente": [
      "Pictures/Fototeca de Fotos.photoslibrary/resources/derivatives/7/7BED3462-7711-4802-AD50-89881E01E79E_1_105_c.jpeg"
    ],
    "ultima_modificacion": "2025-08-01 01:01:01.231643"
  },
  "72f3e4268fab4cc0882eebce57b561201105c.jpeg": {
    "app_sintetizada": "72F3E4268FAB4CC0882EEBCE57B561201105C.JPEG",
    "cantidad_archivos": 1,
    "archivos_fuente": [
      "Pictures/Fototeca de Fotos.photoslibrary/resources/derivatives/7/72F3E426-8FAB-4CC0-882E-EBCE57B56120_1_105_c.jpeg"
    ],
    "ultima_modificacion": "2025-08-01 01:01:01.231919"
  },
  "7d049a7eb77048f4b9345b703fab096d1105c.jpeg": {
    "app_sintetizada": "7D049A7EB77048F4B9345B703FAB096D1105C.JPEG",
    "cantidad_archivos": 1,
    "archivos_fuente": [
      "Pictures/Fototeca de Fotos.photoslibrary/resources/derivatives/7/7D049A7E-B770-48F4-B934-5B703FAB096D_1_105_c.jpeg"
    ],
    "ultima_modificacion": "2025-08-01 01:01:01.232142"
  },
  "7841653f900b4d60a02a45556eceaf7b1105c.jpeg": {
    "app_sintetizada": "7841653F900B4D60A02A45556ECEAF7B1105C.JPEG",
    "cantidad_archivos": 1,
    "archivos_fuente": [
      "Pictures/Fototeca de Fotos.photoslibrary/resources/derivatives/7/7841653F-900B-4D60-A02A-45556ECEAF7B_1_105_c.jpeg"
    ],
    "ultima_modificacion": "2025-08-01 01:01:01.232405"
  },
  "7733ac4a5a8b4dcfb49d14c191b823a91105c.jpeg": {
    "app_sintetizada": "7733AC4A5A8B4DCFB49D14C191B823A91105C.JPEG",
    "cantidad_archivos": 1,
    "archivos_fuente": [
      "Pictures/Fototeca de Fotos.photoslibrary/resources/derivatives/7/7733AC4A-5A8B-4DCF-B49D-14C191B823A9_1_105_c.jpeg"
    ],
    "ultima_modificacion": "2025-08-01 01:01:01.232601"
  },
  "7edb5a7f612949c8929988372a18f13f1105c.jpeg": {
    "app_sintetizada": "7EDB5A7F612949C8929988372A18F13F1105C.JPEG",
    "cantidad_archivos": 1,
    "archivos_fuente": [
      "Pictures/Fototeca de Fotos.photoslibrary/resources/derivatives/7/7EDB5A7F-6129-49C8-9299-88372A18F13F_1_105_c.jpeg"
    ],
    "ultima_modificacion": "2025-08-01 01:01:01.232811"
  },
  "7e76be595eeb4674a677c9644ab8c57e1102o.jpeg": {
    "app_sintetizada": "7E76BE595EEB4674A677C9644AB8C57E1102O.JPEG",
    "cantidad_archivos": 1,
    "archivos_fuente": [
      "Pictures/Fototeca de Fotos.photoslibrary/resources/derivatives/7/7E76BE59-5EEB-4674-A677-C9644AB8C57E_1_102_o.jpeg"
    ],
    "ultima_modificacion": "2025-08-01 01:01:01.233018"
  },
  "7ee5313c74814a578117dd42727b22691105c.jpeg": {
    "app_sintetizada": "7EE5313C74814A578117DD42727B22691105C.JPEG",
    "cantidad_archivos": 1,
    "archivos_fuente": [
      "Pictures/Fototeca de Fotos.photoslibrary/resources/derivatives/7/7EE5313C-7481-4A57-8117-DD42727B2269_1_105_c.jpeg"
    ],
    "ultima_modificacion": "2025-08-01 01:01:01.233223"
  },
  "7f19b7530cc5400a9b1642056815d1831105c.jpeg": {
    "app_sintetizada": "7F19B7530CC5400A9B1642056815D1831105C.JPEG",
    "cantidad_archivos": 1,
    "archivos_fuente": [
      "Pictures/Fototeca de Fotos.photoslibrary/resources/derivatives/7/7F19B753-0CC5-400A-9B16-42056815D183_1_105_c.jpeg"
    ],
    "ultima_modificacion": "2025-08-01 01:01:01.233422"
  },
  "738532c4df5046ce96001afc23b7e6061105c.jpeg": {
    "app_sintetizada": "738532C4DF5046CE96001AFC23B7E6061105C.JPEG",
    "cantidad_archivos": 1,
    "archivos_fuente": [
      "Pictures/Fototeca de Fotos.photoslibrary/resources/derivatives/7/738532C4-DF50-46CE-9600-1AFC23B7E606_1_105_c.jpeg"
    ],
    "ultima_modificacion": "2025-08-01 01:01:01.233606"
  },
  "785802918b1a44a591a50c5e635d646b1105c.jpeg": {
    "app_sintetizada": "785802918B1A44A591A50C5E635D646B1105C.JPEG",
    "cantidad_archivos": 1,
    "archivos_fuente": [
      "Pictures/Fototeca de Fotos.photoslibrary/resources/derivatives/7/78580291-8B1A-44A5-91A5-0C5E635D646B_1_105_c.jpeg"
    ],
    "ultima_modificacion": "2025-08-01 01:01:01.233801"
  },
  "7d9e1b2944154cd5b87ff830714364651105c.jpeg": {
    "app_sintetizada": "7D9E1B2944154CD5B87FF830714364651105C.JPEG",
    "cantidad_archivos": 1,
    "archivos_fuente": [
      "Pictures/Fototeca de Fotos.photoslibrary/resources/derivatives/7/7D9E1B29-4415-4CD5-B87F-F83071436465_1_105_c.jpeg"
    ],
    "ultima_modificacion": "2025-08-01 01:01:01.234043"
  },
  "7d52624834d041f4a325bb9d2cc361021105c.jpeg": {
    "app_sintetizada": "7D52624834D041F4A325BB9D2CC361021105C.JPEG",
    "cantidad_archivos": 1,
    "archivos_fuente": [
      "Pictures/Fototeca de Fotos.photoslibrary/resources/derivatives/7/7D526248-34D0-41F4-A325-BB9D2CC36102_1_105_c.jpeg"
    ],
    "ultima_modificacion": "2025-08-01 01:01:01.234241"
  },
  "72b305d191a345088dee10185680426d1105c.jpeg": {
    "app_sintetizada": "72B305D191A345088DEE10185680426D1105C.JPEG",
    "cantidad_archivos": 1,
    "archivos_fuente": [
      "Pictures/Fototeca de Fotos.photoslibrary/resources/derivatives/7/72B305D1-91A3-4508-8DEE-10185680426D_1_105_c.jpeg"
    ],
    "ultima_modificacion": "2025-08-01 01:01:01.234439"
  },
  "7024f4c4862f41f3a052ed023a1bfa55.thm": {
    "app_sintetizada": "7024F4C4862F41F3A052ED023A1BFA55.THM",
    "cantidad_archivos": 1,
    "archivos_fuente": [
      "Pictures/Fototeca de Fotos.photoslibrary/resources/derivatives/7/7024F4C4-862F-41F3-A052-ED023A1BFA55.THM"
    ],
    "ultima_modificacion": "2025-08-01 01:01:01.234653"
  },
  "712f1c6ee1ca4009a211be88ac99c907.thm": {
    "app_sintetizada": "712F1C6EE1CA4009A211BE88AC99C907.THM",
    "cantidad_archivos": 1,
    "archivos_fuente": [
      "Pictures/Fototeca de Fotos.photoslibrary/resources/derivatives/7/712F1C6E-E1CA-4009-A211-BE88AC99C907.THM"
    ],
    "ultima_modificacion": "2025-08-01 01:01:01.234861"
  },
  "7da1e0dd23e64abeb439cfb171c64eeb1105c.jpeg": {
    "app_sintetizada": "7DA1E0DD23E64ABEB439CFB171C64EEB1105C.JPEG",
    "cantidad_archivos": 1,
    "archivos_fuente": [
      "Pictures/Fototeca de Fotos.photoslibrary/resources/derivatives/7/7DA1E0DD-23E6-4ABE-B439-CFB171C64EEB_1_105_c.jpeg"
    ],
    "ultima_modificacion": "2025-08-01 01:01:01.235047"
  },
  "7443390319ad4b87b9d38af981fc9c4d1105c.jpeg": {
    "app_sintetizada": "7443390319AD4B87B9D38AF981FC9C4D1105C.JPEG",
    "cantidad_archivos": 1,
    "archivos_fuente": [
      "Pictures/Fototeca de Fotos.photoslibrary/resources/derivatives/7/74433903-19AD-4B87-B9D3-8AF981FC9C4D_1_105_c.jpeg"
    ],
    "ultima_modificacion": "2025-08-01 01:01:01.235293"
  },
  "7ef52c06592248b48b4fe392e4dfe64e1105c.jpeg": {
    "app_sintetizada": "7EF52C06592248B48B4FE392E4DFE64E1105C.JPEG",
    "cantidad_archivos": 1,
    "archivos_fuente": [
      "Pictures/Fototeca de Fotos.photoslibrary/resources/derivatives/7/7EF52C06-5922-48B4-8B4F-E392E4DFE64E_1_105_c.jpeg"
    ],
    "ultima_modificacion": "2025-08-01 01:01:01.235559"
  },
  "7b655c56caf74d4497d5271d1825f779.thm": {
    "app_sintetizada": "7B655C56CAF74D4497D5271D1825F779.THM",
    "cantidad_archivos": 1,
    "archivos_fuente": [
      "Pictures/Fototeca de Fotos.photoslibrary/resources/derivatives/7/7B655C56-CAF7-4D44-97D5-271D1825F779.THM"
    ],
    "ultima_modificacion": "2025-08-01 01:01:01.235841"
  },
  "776a8301ff554bada5b808331d7312341105c.jpeg": {
    "app_sintetizada": "776A8301FF554BADA5B808331D7312341105C.JPEG",
    "cantidad_archivos": 1,
    "archivos_fuente": [
      "Pictures/Fototeca de Fotos.photoslibrary/resources/derivatives/7/776A8301-FF55-4BAD-A5B8-08331D731234_1_105_c.jpeg"
    ],
    "ultima_modificacion": "2025-08-01 01:01:01.236127"
  },
  "70b6aed60d2f4c9eaac28d1a57d0f5881102o.jpeg": {
    "app_sintetizada": "70B6AED60D2F4C9EAAC28D1A57D0F5881102O.JPEG",
    "cantidad_archivos": 1,
    "archivos_fuente": [
      "Pictures/Fototeca de Fotos.photoslibrary/resources/derivatives/7/70B6AED6-0D2F-4C9E-AAC2-8D1A57D0F588_1_102_o.jpeg"
    ],
    "ultima_modificacion": "2025-08-01 01:01:01.236400"
  },
  "717ca75300874b5681689613b2b413a21100o.jpeg": {
    "app_sintetizada": "717CA75300874B5681689613B2B413A21100O.JPEG",
    "cantidad_archivos": 1,
    "archivos_fuente": [
      "Pictures/Fototeca de Fotos.photoslibrary/resources/derivatives/7/717CA753-0087-4B56-8168-9613B2B413A2_1_100_o.jpeg"
    ],
    "ultima_modificacion": "2025-08-01 01:01:01.236672"
  },
  "767f98cbd6dc4168ba07cf3556e455481105c.jpeg": {
    "app_sintetizada": "767F98CBD6DC4168BA07CF3556E455481105C.JPEG",
    "cantidad_archivos": 1,
    "archivos_fuente": [
      "Pictures/Fototeca de Fotos.photoslibrary/resources/derivatives/7/767F98CB-D6DC-4168-BA07-CF3556E45548_1_105_c.jpeg"
    ],
    "ultima_modificacion": "2025-08-01 01:01:01.236937"
  },
  "706429c58a2b45a0a79fe36573911ca01105c.jpeg": {
    "app_sintetizada": "706429C58A2B45A0A79FE36573911CA01105C.JPEG",
    "cantidad_archivos": 1,
    "archivos_fuente": [
      "Pictures/Fototeca de Fotos.photoslibrary/resources/derivatives/7/706429C5-8A2B-45A0-A79F-E36573911CA0_1_105_c.jpeg"
    ],
    "ultima_modificacion": "2025-08-01 01:01:01.237218"
  },
  "7a9a7c4a5fe241bfaf82579a5432f0fd1105c.jpeg": {
    "app_sintetizada": "7A9A7C4A5FE241BFAF82579A5432F0FD1105C.JPEG",
    "cantidad_archivos": 1,
    "archivos_fuente": [
      "Pictures/Fototeca de Fotos.photoslibrary/resources/derivatives/7/7A9A7C4A-5FE2-41BF-AF82-579A5432F0FD_1_105_c.jpeg"
    ],
    "ultima_modificacion": "2025-08-01 01:01:01.237491"
  },
  "76a6a2c28dbc4de4a0e3c0da2bae86fd1105c.jpeg": {
    "app_sintetizada": "76A6A2C28DBC4DE4A0E3C0DA2BAE86FD1105C.JPEG",
    "cantidad_archivos": 1,
    "archivos_fuente": [
      "Pictures/Fototeca de Fotos.photoslibrary/resources/derivatives/7/76A6A2C2-8DBC-4DE4-A0E3-C0DA2BAE86FD_1_105_c.jpeg"
    ],
    "ultima_modificacion": "2025-08-01 01:01:01.237732"
  },
  "759b7702cdec4635a113ee1295d6e2c21105c.jpeg": {
    "app_sintetizada": "759B7702CDEC4635A113EE1295D6E2C21105C.JPEG",
    "cantidad_archivos": 1,
    "archivos_fuente": [
      "Pictures/Fototeca de Fotos.photoslibrary/resources/derivatives/7/759B7702-CDEC-4635-A113-EE1295D6E2C2_1_105_c.jpeg"
    ],
    "ultima_modificacion": "2025-08-01 01:01:01.237937"
  },
  "7019f7512a4240428fb7c9cf25442b831105c.jpeg": {
    "app_sintetizada": "7019F7512A4240428FB7C9CF25442B831105C.JPEG",
    "cantidad_archivos": 1,
    "archivos_fuente": [
      "Pictures/Fototeca de Fotos.photoslibrary/resources/derivatives/7/7019F751-2A42-4042-8FB7-C9CF25442B83_1_105_c.jpeg"
    ],
    "ultima_modificacion": "2025-08-01 01:01:01.238131"
  },
  "745e1bca2e8a42ec8a4a12375bf387401105c.jpeg": {
    "app_sintetizada": "745E1BCA2E8A42EC8A4A12375BF387401105C.JPEG",
    "cantidad_archivos": 1,
    "archivos_fuente": [
      "Pictures/Fototeca de Fotos.photoslibrary/resources/derivatives/7/745E1BCA-2E8A-42EC-8A4A-12375BF38740_1_105_c.jpeg"
    ],
    "ultima_modificacion": "2025-08-01 01:01:01.238308"
  },
  "73be6f27141446fca82a50fede0033451105c.jpeg": {
    "app_sintetizada": "73BE6F27141446FCA82A50FEDE0033451105C.JPEG",
    "cantidad_archivos": 1,
    "archivos_fuente": [
      "Pictures/Fototeca de Fotos.photoslibrary/resources/derivatives/7/73BE6F27-1414-46FC-A82A-50FEDE003345_1_105_c.jpeg"
    ],
    "ultima_modificacion": "2025-08-01 01:01:01.238485"
  },
  "753712eba8b74a16a270ee0d4c29fd561105c.jpeg": {
    "app_sintetizada": "753712EBA8B74A16A270EE0D4C29FD561105C.JPEG",
    "cantidad_archivos": 1,
    "archivos_fuente": [
      "Pictures/Fototeca de Fotos.photoslibrary/resources/derivatives/7/753712EB-A8B7-4A16-A270-EE0D4C29FD56_1_105_c.jpeg"
    ],
    "ultima_modificacion": "2025-08-01 01:01:01.238729"
  },
  "7edc3deb3ec146bc85ab494f303b84c41105c.jpeg": {
    "app_sintetizada": "7EDC3DEB3EC146BC85AB494F303B84C41105C.JPEG",
    "cantidad_archivos": 1,
    "archivos_fuente": [
      "Pictures/Fototeca de Fotos.photoslibrary/resources/derivatives/7/7EDC3DEB-3EC1-46BC-85AB-494F303B84C4_1_105_c.jpeg"
    ],
    "ultima_modificacion": "2025-08-01 01:01:01.238993"
  },
  "767e22463e1f43d595fb13d72041f88c1105c.jpeg": {
    "app_sintetizada": "767E22463E1F43D595FB13D72041F88C1105C.JPEG",
    "cantidad_archivos": 1,
    "archivos_fuente": [
      "Pictures/Fototeca de Fotos.photoslibrary/resources/derivatives/7/767E2246-3E1F-43D5-95FB-13D72041F88C_1_105_c.jpeg"
    ],
    "ultima_modificacion": "2025-08-01 01:01:01.239257"
  },
  "7e0aba34c204457d8a467a484109be211105c.jpeg": {
    "app_sintetizada": "7E0ABA34C204457D8A467A484109BE211105C.JPEG",
    "cantidad_archivos": 1,
    "archivos_fuente": [
      "Pictures/Fototeca de Fotos.photoslibrary/resources/derivatives/7/7E0ABA34-C204-457D-8A46-7A484109BE21_1_105_c.jpeg"
    ],
    "ultima_modificacion": "2025-08-01 01:01:01.239580"
  },
  "7fe8fed3974b4ef4af7728ac3c33450f1105c.jpeg": {
    "app_sintetizada": "7FE8FED3974B4EF4AF7728AC3C33450F1105C.JPEG",
    "cantidad_archivos": 1,
    "archivos_fuente": [
      "Pictures/Fototeca de Fotos.photoslibrary/resources/derivatives/7/7FE8FED3-974B-4EF4-AF77-28AC3C33450F_1_105_c.jpeg"
    ],
    "ultima_modificacion": "2025-08-01 01:01:01.239896"
  },
  "7f1503795d5c4ec08007cf663b85c4b9.thm": {
    "app_sintetizada": "7F1503795D5C4EC08007CF663B85C4B9.THM",
    "cantidad_archivos": 1,
    "archivos_fuente": [
      "Pictures/Fototeca de Fotos.photoslibrary/resources/derivatives/7/7F150379-5D5C-4EC0-8007-CF663B85C4B9.THM"
    ],
    "ultima_modificacion": "2025-08-01 01:01:01.240192"
  },
  "70706329c7d1437c80b33df9d458684a1105c.jpeg": {
    "app_sintetizada": "70706329C7D1437C80B33DF9D458684A1105C.JPEG",
    "cantidad_archivos": 1,
    "archivos_fuente": [
      "Pictures/Fototeca de Fotos.photoslibrary/resources/derivatives/7/70706329-C7D1-437C-80B3-3DF9D458684A_1_105_c.jpeg"
    ],
    "ultima_modificacion": "2025-08-01 01:01:01.240462"
  },
  "798e4c8d58294aad9b026596ec968ca01105c.jpeg": {
    "app_sintetizada": "798E4C8D58294AAD9B026596EC968CA01105C.JPEG",
    "cantidad_archivos": 1,
    "archivos_fuente": [
      "Pictures/Fototeca de Fotos.photoslibrary/resources/derivatives/7/798E4C8D-5829-4AAD-9B02-6596EC968CA0_1_105_c.jpeg"
    ],
    "ultima_modificacion": "2025-08-01 01:01:01.240751"
  },
  "7d5c229780db4bf39846ae748a7c30721105c.jpeg": {
    "app_sintetizada": "7D5C229780DB4BF39846AE748A7C30721105C.JPEG",
    "cantidad_archivos": 1,
    "archivos_fuente": [
      "Pictures/Fototeca de Fotos.photoslibrary/resources/derivatives/7/7D5C2297-80DB-4BF3-9846-AE748A7C3072_1_105_c.jpeg"
    ],
    "ultima_modificacion": "2025-08-01 01:01:01.241021"
  },
  "7d05d183fc2e458fabcd54e1bd1bef151105c.jpeg": {
    "app_sintetizada": "7D05D183FC2E458FABCD54E1BD1BEF151105C.JPEG",
    "cantidad_archivos": 1,
    "archivos_fuente": [
      "Pictures/Fototeca de Fotos.photoslibrary/resources/derivatives/7/7D05D183-FC2E-458F-ABCD-54E1BD1BEF15_1_105_c.jpeg"
    ],
    "ultima_modificacion": "2025-08-01 01:01:01.241285"
  },
  "7f7e5dd48f4d4eccb6580192cbbbc0fc1105c.jpeg": {
    "app_sintetizada": "7F7E5DD48F4D4ECCB6580192CBBBC0FC1105C.JPEG",
    "cantidad_archivos": 1,
    "archivos_fuente": [
      "Pictures/Fototeca de Fotos.photoslibrary/resources/derivatives/7/7F7E5DD4-8F4D-4ECC-B658-0192CBBBC0FC_1_105_c.jpeg"
    ],
    "ultima_modificacion": "2025-08-01 01:01:01.241556"
  },
  "7085203dcd3841fc87f248ab31350bcc1100o.jpeg": {
    "app_sintetizada": "7085203DCD3841FC87F248AB31350BCC1100O.JPEG",
    "cantidad_archivos": 1,
    "archivos_fuente": [
      "Pictures/Fototeca de Fotos.photoslibrary/resources/derivatives/7/7085203D-CD38-41FC-87F2-48AB31350BCC_1_100_o.jpeg"
    ],
    "ultima_modificacion": "2025-08-01 01:01:01.241812"
  },
  "7c399971d9084184a879d99395f382e61105c.jpeg": {
    "app_sintetizada": "7C399971D9084184A879D99395F382E61105C.JPEG",
    "cantidad_archivos": 1,
    "archivos_fuente": [
      "Pictures/Fototeca de Fotos.photoslibrary/resources/derivatives/7/7C399971-D908-4184-A879-D99395F382E6_1_105_c.jpeg"
    ],
    "ultima_modificacion": "2025-08-01 01:01:01.242069"
  },
  "710335f503ad474b85db2128e069d4da1105c.jpeg": {
    "app_sintetizada": "710335F503AD474B85DB2128E069D4DA1105C.JPEG",
    "cantidad_archivos": 1,
    "archivos_fuente": [
      "Pictures/Fototeca de Fotos.photoslibrary/resources/derivatives/7/710335F5-03AD-474B-85DB-2128E069D4DA_1_105_c.jpeg"
    ],
    "ultima_modificacion": "2025-08-01 01:01:01.242326"
  },
  "7800f89cdbd14a2f8d37a83d69c657121105c.jpeg": {
    "app_sintetizada": "7800F89CDBD14A2F8D37A83D69C657121105C.JPEG",
    "cantidad_archivos": 1,
    "archivos_fuente": [
      "Pictures/Fototeca de Fotos.photoslibrary/resources/derivatives/7/7800F89C-DBD1-4A2F-8D37-A83D69C65712_1_105_c.jpeg"
    ],
    "ultima_modificacion": "2025-08-01 01:01:01.242619"
  },
  "735ee250142145b59161027b4550936b1105c.jpeg": {
    "app_sintetizada": "735EE250142145B59161027B4550936B1105C.JPEG",
    "cantidad_archivos": 1,
    "archivos_fuente": [
      "Pictures/Fototeca de Fotos.photoslibrary/resources/derivatives/7/735EE250-1421-45B5-9161-027B4550936B_1_105_c.jpeg"
    ],
    "ultima_modificacion": "2025-08-01 01:01:01.242910"
  },
  "76d8fdb9bf714b7e866a842ba38b23891105c.jpeg": {
    "app_sintetizada": "76D8FDB9BF714B7E866A842BA38B23891105C.JPEG",
    "cantidad_archivos": 1,
    "archivos_fuente": [
      "Pictures/Fototeca de Fotos.photoslibrary/resources/derivatives/7/76D8FDB9-BF71-4B7E-866A-842BA38B2389_1_105_c.jpeg"
    ],
    "ultima_modificacion": "2025-08-01 01:01:01.243160"
  },
  "7543f2a104dd402090ad8b55cba59ee4.thm": {
    "app_sintetizada": "7543F2A104DD402090AD8B55CBA59EE4.THM",
    "cantidad_archivos": 1,
    "archivos_fuente": [
      "Pictures/Fototeca de Fotos.photoslibrary/resources/derivatives/7/7543F2A1-04DD-4020-90AD-8B55CBA59EE4.THM"
    ],
    "ultima_modificacion": "2025-08-01 01:01:01.243451"
  },
  "7a989e6d5a984633acc8218f3406de6d1105c.jpeg": {
    "app_sintetizada": "7A989E6D5A984633ACC8218F3406DE6D1105C.JPEG",
    "cantidad_archivos": 1,
    "archivos_fuente": [
      "Pictures/Fototeca de Fotos.photoslibrary/resources/derivatives/7/7A989E6D-5A98-4633-ACC8-218F3406DE6D_1_105_c.jpeg"
    ],
    "ultima_modificacion": "2025-08-01 01:01:01.243739"
  },
  "70bf8b3d63e2415eb54277b636b6a0821105c.jpeg": {
    "app_sintetizada": "70BF8B3D63E2415EB54277B636B6A0821105C.JPEG",
    "cantidad_archivos": 1,
    "archivos_fuente": [
      "Pictures/Fototeca de Fotos.photoslibrary/resources/derivatives/7/70BF8B3D-63E2-415E-B542-77B636B6A082_1_105_c.jpeg"
    ],
    "ultima_modificacion": "2025-08-01 01:01:01.244031"
  },
  "7c97a9efa24b44f0b8b59319c0cfe2bb1105c.jpeg": {
    "app_sintetizada": "7C97A9EFA24B44F0B8B59319C0CFE2BB1105C.JPEG",
    "cantidad_archivos": 1,
    "archivos_fuente": [
      "Pictures/Fototeca de Fotos.photoslibrary/resources/derivatives/7/7C97A9EF-A24B-44F0-B8B5-9319C0CFE2BB_1_105_c.jpeg"
    ],
    "ultima_modificacion": "2025-08-01 01:01:01.244326"
  },
  "7cb0e26d83f54b94ad3d3957c3a8fe621105c.jpeg": {
    "app_sintetizada": "7CB0E26D83F54B94AD3D3957C3A8FE621105C.JPEG",
    "cantidad_archivos": 1,
    "archivos_fuente": [
      "Pictures/Fototeca de Fotos.photoslibrary/resources/derivatives/7/7CB0E26D-83F5-4B94-AD3D-3957C3A8FE62_1_105_c.jpeg"
    ],
    "ultima_modificacion": "2025-08-01 01:01:01.244676"
  }
}