{
  "19111244a2f6d73d0": {
    "app_sintetizada": "19111244A2F6D73D0",
    "cantidad_archivos": 1,
    "archivos_fuente": [
      "Library/Application Support/Microsoft/Skype for Desktop/Cache/19111244a2f6d73d_0"
    ],
    "ultima_modificacion": "2025-08-01 01:01:39.109103"
  },
  "45363c729dbac7590": {
    "app_sintetizada": "45363C729DBAC7590",
    "cantidad_archivos": 1,
    "archivos_fuente": [
      "Library/Application Support/Microsoft/Skype for Desktop/Cache/45363c729dbac759_0"
    ],
    "ultima_modificacion": "2025-08-01 01:01:39.109521"
  },
  "25f54608873ac0eb0": {
    "app_sintetizada": "25F54608873AC0EB0",
    "cantidad_archivos": 1,
    "archivos_fuente": [
      "Library/Application Support/Microsoft/Skype for Desktop/Cache/25f54608873ac0eb_0"
    ],
    "ultima_modificacion": "2025-08-01 01:01:39.110139"
  },
  "3066321baf46683a0": {
    "app_sintetizada": "3066321BAF46683A0",
    "cantidad_archivos": 1,
    "archivos_fuente": [
      "Library/Application Support/Microsoft/Skype for Desktop/Cache/3066321baf46683a_0"
    ],
    "ultima_modificacion": "2025-08-01 01:01:39.110842"
  },
  "57f023fe3ef109a30": {
    "app_sintetizada": "57F023FE3EF109A30",
    "cantidad_archivos": 1,
    "archivos_fuente": [
      "Library/Application Support/Microsoft/Skype for Desktop/Cache/57f023fe3ef109a3_0"
    ],
    "ultima_modificacion": "2025-08-01 01:01:39.111311"
  },
  "8806cb9b5be52cd30": {
    "app_sintetizada": "8806CB9B5BE52CD30",
    "cantidad_archivos": 1,
    "archivos_fuente": [
      "Library/Application Support/Microsoft/Skype for Desktop/Cache/8806cb9b5be52cd3_0"
    ],
    "ultima_modificacion": "2025-08-01 01:01:39.111722"
  },
  "2c07367e8f597a470": {
    "app_sintetizada": "2C07367E8F597A470",
    "cantidad_archivos": 1,
    "archivos_fuente": [
      "Library/Application Support/Microsoft/Skype for Desktop/Cache/2c07367e8f597a47_0"
    ],
    "ultima_modificacion": "2025-08-01 01:01:39.112116"
  },
  "a5c5aeeb129948780": {
    "app_sintetizada": "A5C5AEEB129948780",
    "cantidad_archivos": 1,
    "archivos_fuente": [
      "Library/Application Support/Microsoft/Skype for Desktop/Cache/a5c5aeeb12994878_0"
    ],
    "ultima_modificacion": "2025-08-01 01:01:39.112465"
  },
  "19736e993d3ea9870": {
    "app_sintetizada": "19736E993D3EA9870",
    "cantidad_archivos": 1,
    "archivos_fuente": [
      "Library/Application Support/Microsoft/Skype for Desktop/Cache/19736e993d3ea987_0"
    ],
    "ultima_modificacion": "2025-08-01 01:01:39.112914"
  },
  "0ca62bb8539a4ad10": {
    "app_sintetizada": "0CA62BB8539A4AD10",
    "cantidad_archivos": 1,
    "archivos_fuente": [
      "Library/Application Support/Microsoft/Skype for Desktop/Cache/0ca62bb8539a4ad1_0"
    ],
    "ultima_modificacion": "2025-08-01 01:01:39.113304"
  },
  "ac26883dad5e37860": {
    "app_sintetizada": "AC26883DAD5E37860",
    "cantidad_archivos": 1,
    "archivos_fuente": [
      "Library/Application Support/Microsoft/Skype for Desktop/Cache/ac26883dad5e3786_0"
    ],
    "ultima_modificacion": "2025-08-01 01:01:39.113705"
  },
  "a8a597643d8f9fe80": {
    "app_sintetizada": "A8A597643D8F9FE80",
    "cantidad_archivos": 1,
    "archivos_fuente": [
      "Library/Application Support/Microsoft/Skype for Desktop/Cache/a8a597643d8f9fe8_0"
    ],
    "ultima_modificacion": "2025-08-01 01:01:39.114169"
  },
  "895e64fa1b009b500": {
    "app_sintetizada": "895E64FA1B009B500",
    "cantidad_archivos": 1,
    "archivos_fuente": [
      "Library/Application Support/Microsoft/Skype for Desktop/Cache/895e64fa1b009b50_0"
    ],
    "ultima_modificacion": "2025-08-01 01:01:39.114576"
  },
  "62d44b76500fc6530": {
    "app_sintetizada": "62D44B76500FC6530",
    "cantidad_archivos": 1,
    "archivos_fuente": [
      "Library/Application Support/Microsoft/Skype for Desktop/Cache/62d44b76500fc653_0"
    ],
    "ultima_modificacion": "2025-08-01 01:01:39.115270"
  },
  "71ebbfb3ea33c3e70": {
    "app_sintetizada": "71EBBFB3EA33C3E70",
    "cantidad_archivos": 1,
    "archivos_fuente": [
      "Library/Application Support/Microsoft/Skype for Desktop/Cache/71ebbfb3ea33c3e7_0"
    ],
    "ultima_modificacion": "2025-08-01 01:01:39.115767"
  },
  "1a8def783e1ef9ec0": {
    "app_sintetizada": "1A8DEF783E1EF9EC0",
    "cantidad_archivos": 1,
    "archivos_fuente": [
      "Library/Application Support/Microsoft/Skype for Desktop/Cache/1a8def783e1ef9ec_0"
    ],
    "ultima_modificacion": "2025-08-01 01:01:39.116250"
  },
  "da6da73835203fd60": {
    "app_sintetizada": "DA6DA73835203FD60",
    "cantidad_archivos": 1,
    "archivos_fuente": [
      "Library/Application Support/Microsoft/Skype for Desktop/Cache/da6da73835203fd6_0"
    ],
    "ultima_modificacion": "2025-08-01 01:01:39.116686"
  },
  "97c9acbbf0e597690": {
    "app_sintetizada": "97C9ACBBF0E597690",
    "cantidad_archivos": 1,
    "archivos_fuente": [
      "Library/Application Support/Microsoft/Skype for Desktop/Cache/97c9acbbf0e59769_0"
    ],
    "ultima_modificacion": "2025-08-01 01:01:39.118260"
  },
  "2f31345097aa2d9d0": {
    "app_sintetizada": "2F31345097AA2D9D0",
    "cantidad_archivos": 1,
    "archivos_fuente": [
      "Library/Application Support/Microsoft/Skype for Desktop/Cache/2f31345097aa2d9d_0"
    ],
    "ultima_modificacion": "2025-08-01 01:01:39.119004"
  },
  "9525f4b24fc5e2f80": {
    "app_sintetizada": "9525F4B24FC5E2F80",
    "cantidad_archivos": 1,
    "archivos_fuente": [
      "Library/Application Support/Microsoft/Skype for Desktop/Cache/9525f4b24fc5e2f8_0"
    ],
    "ultima_modificacion": "2025-08-01 01:01:39.119853"
  },
  "618a459594b767a70": {
    "app_sintetizada": "618A459594B767A70",
    "cantidad_archivos": 1,
    "archivos_fuente": [
      "Library/Application Support/Microsoft/Skype for Desktop/Cache/618a459594b767a7_0"
    ],
    "ultima_modificacion": "2025-08-01 01:01:39.121020"
  },
  "881efcdef4ef92390": {
    "app_sintetizada": "881EFCDEF4EF92390",
    "cantidad_archivos": 1,
    "archivos_fuente": [
      "Library/Application Support/Microsoft/Skype for Desktop/Cache/881efcdef4ef9239_0"
    ],
    "ultima_modificacion": "2025-08-01 01:01:39.121566"
  },
  "6cd37a471fed6b3c0": {
    "app_sintetizada": "6CD37A471FED6B3C0",
    "cantidad_archivos": 1,
    "archivos_fuente": [
      "Library/Application Support/Microsoft/Skype for Desktop/Cache/6cd37a471fed6b3c_0"
    ],
    "ultima_modificacion": "2025-08-01 01:01:39.121917"
  },
  "444d8399e5aa22610": {
    "app_sintetizada": "444D8399E5AA22610",
    "cantidad_archivos": 1,
    "archivos_fuente": [
      "Library/Application Support/Microsoft/Skype for Desktop/Cache/444d8399e5aa2261_0"
    ],
    "ultima_modificacion": "2025-08-01 01:01:39.122739"
  },
  "ce5dfdfdff431b8c0": {
    "app_sintetizada": "CE5DFDFDFF431B8C0",
    "cantidad_archivos": 1,
    "archivos_fuente": [
      "Library/Application Support/Microsoft/Skype for Desktop/Cache/ce5dfdfdff431b8c_0"
    ],
    "ultima_modificacion": "2025-08-01 01:01:39.123189"
  },
  "467217de4246e4430": {
    "app_sintetizada": "467217DE4246E4430",
    "cantidad_archivos": 1,
    "archivos_fuente": [
      "Library/Application Support/Microsoft/Skype for Desktop/Cache/467217de4246e443_0"
    ],
    "ultima_modificacion": "2025-08-01 01:01:39.123644"
  },
  "6144e4eb6ac60c0b0": {
    "app_sintetizada": "6144E4EB6AC60C0B0",
    "cantidad_archivos": 1,
    "archivos_fuente": [
      "Library/Application Support/Microsoft/Skype for Desktop/Cache/6144e4eb6ac60c0b_0"
    ],
    "ultima_modificacion": "2025-08-01 01:01:39.124166"
  },
  "8225338b9cf0ed8e0": {
    "app_sintetizada": "8225338B9CF0ED8E0",
    "cantidad_archivos": 1,
    "archivos_fuente": [
      "Library/Application Support/Microsoft/Skype for Desktop/Cache/8225338b9cf0ed8e_0"
    ],
    "ultima_modificacion": "2025-08-01 01:01:39.125097"
  },
  "9159e6cb227778970": {
    "app_sintetizada": "9159E6CB227778970",
    "cantidad_archivos": 1,
    "archivos_fuente": [
      "Library/Application Support/Microsoft/Skype for Desktop/Cache/9159e6cb22777897_0"
    ],
    "ultima_modificacion": "2025-08-01 01:01:39.125532"
  },
  "1a2a184a345259050": {
    "app_sintetizada": "1A2A184A345259050",
    "cantidad_archivos": 1,
    "archivos_fuente": [
      "Library/Application Support/Microsoft/Skype for Desktop/Cache/1a2a184a34525905_0"
    ],
    "ultima_modificacion": "2025-08-01 01:01:39.126220"
  },
  "3afa2693ee5bf6bd0": {
    "app_sintetizada": "3AFA2693EE5BF6BD0",
    "cantidad_archivos": 1,
    "archivos_fuente": [
      "Library/Application Support/Microsoft/Skype for Desktop/Cache/3afa2693ee5bf6bd_0"
    ],
    "ultima_modificacion": "2025-08-01 01:01:39.126735"
  },
  "912f15b2d34072f30": {
    "app_sintetizada": "912F15B2D34072F30",
    "cantidad_archivos": 1,
    "archivos_fuente": [
      "Library/Application Support/Microsoft/Skype for Desktop/Cache/912f15b2d34072f3_0"
    ],
    "ultima_modificacion": "2025-08-01 01:01:39.127192"
  },
  "ee2810534d6931140": {
    "app_sintetizada": "EE2810534D6931140",
    "cantidad_archivos": 1,
    "archivos_fuente": [
      "Library/Application Support/Microsoft/Skype for Desktop/Cache/ee2810534d693114_0"
    ],
    "ultima_modificacion": "2025-08-01 01:01:39.127609"
  },
  "a5c017ba85905ed60": {
    "app_sintetizada": "A5C017BA85905ED60",
    "cantidad_archivos": 1,
    "archivos_fuente": [
      "Library/Application Support/Microsoft/Skype for Desktop/Cache/a5c017ba85905ed6_0"
    ],
    "ultima_modificacion": "2025-08-01 01:01:39.128201"
  },
  "d29380df3fda8cee0": {
    "app_sintetizada": "D29380DF3FDA8CEE0",
    "cantidad_archivos": 1,
    "archivos_fuente": [
      "Library/Application Support/Microsoft/Skype for Desktop/Cache/d29380df3fda8cee_0"
    ],
    "ultima_modificacion": "2025-08-01 01:01:39.128787"
  },
  "b137c8b8b603444f0": {
    "app_sintetizada": "B137C8B8B603444F0",
    "cantidad_archivos": 1,
    "archivos_fuente": [
      "Library/Application Support/Microsoft/Skype for Desktop/Cache/b137c8b8b603444f_0"
    ],
    "ultima_modificacion": "2025-08-01 01:01:39.129203"
  },
  "3b0bbb9d35f074940": {
    "app_sintetizada": "3B0BBB9D35F074940",
    "cantidad_archivos": 1,
    "archivos_fuente": [
      "Library/Application Support/Microsoft/Skype for Desktop/Cache/3b0bbb9d35f07494_0"
    ],
    "ultima_modificacion": "2025-08-01 01:01:39.129602"
  },
  "1da1e5a5f7e616c90": {
    "app_sintetizada": "1DA1E5A5F7E616C90",
    "cantidad_archivos": 1,
    "archivos_fuente": [
      "Library/Application Support/Microsoft/Skype for Desktop/Cache/1da1e5a5f7e616c9_0"
    ],
    "ultima_modificacion": "2025-08-01 01:01:39.130200"
  },
  "1e71e4d0f40a4a710": {
    "app_sintetizada": "1E71E4D0F40A4A710",
    "cantidad_archivos": 1,
    "archivos_fuente": [
      "Library/Application Support/Microsoft/Skype for Desktop/Cache/1e71e4d0f40a4a71_0"
    ],
    "ultima_modificacion": "2025-08-01 01:01:39.131456"
  },
  "65a0ccb6a6700d0c0": {
    "app_sintetizada": "65A0CCB6A6700D0C0",
    "cantidad_archivos": 1,
    "archivos_fuente": [
      "Library/Application Support/Microsoft/Skype for Desktop/Cache/65a0ccb6a6700d0c_0"
    ],
    "ultima_modificacion": "2025-08-01 01:01:39.132558"
  },
  "de5e2211a17851f10": {
    "app_sintetizada": "DE5E2211A17851F10",
    "cantidad_archivos": 1,
    "archivos_fuente": [
      "Library/Application Support/Microsoft/Skype for Desktop/Cache/de5e2211a17851f1_0"
    ],
    "ultima_modificacion": "2025-08-01 01:01:39.133121"
  },
  "6065def18977fc9c0": {
    "app_sintetizada": "6065DEF18977FC9C0",
    "cantidad_archivos": 1,
    "archivos_fuente": [
      "Library/Application Support/Microsoft/Skype for Desktop/Cache/6065def18977fc9c_0"
    ],
    "ultima_modificacion": "2025-08-01 01:01:39.133602"
  },
  "4e53e41bf06cc35c0": {
    "app_sintetizada": "4E53E41BF06CC35C0",
    "cantidad_archivos": 1,
    "archivos_fuente": [
      "Library/Application Support/Microsoft/Skype for Desktop/Cache/4e53e41bf06cc35c_0"
    ],
    "ultima_modificacion": "2025-08-01 01:01:39.134089"
  },
  "0a168fa402a43c860": {
    "app_sintetizada": "0A168FA402A43C860",
    "cantidad_archivos": 1,
    "archivos_fuente": [
      "Library/Application Support/Microsoft/Skype for Desktop/Cache/0a168fa402a43c86_0"
    ],
    "ultima_modificacion": "2025-08-01 01:01:39.135279"
  },
  "853f80c13aeaf8f70": {
    "app_sintetizada": "853F80C13AEAF8F70",
    "cantidad_archivos": 1,
    "archivos_fuente": [
      "Library/Application Support/Microsoft/Skype for Desktop/Cache/853f80c13aeaf8f7_0"
    ],
    "ultima_modificacion": "2025-08-01 01:01:39.135792"
  },
  "61e887431b61a31c0": {
    "app_sintetizada": "61E887431B61A31C0",
    "cantidad_archivos": 1,
    "archivos_fuente": [
      "Library/Application Support/Microsoft/Skype for Desktop/Cache/61e887431b61a31c_0"
    ],
    "ultima_modificacion": "2025-08-01 01:01:39.136348"
  },
  "9d556faa8a0e96f50": {
    "app_sintetizada": "9D556FAA8A0E96F50",
    "cantidad_archivos": 1,
    "archivos_fuente": [
      "Library/Application Support/Microsoft/Skype for Desktop/Cache/9d556faa8a0e96f5_0"
    ],
    "ultima_modificacion": "2025-08-01 01:01:39.137429"
  },
  "751f4fb76b352ad60": {
    "app_sintetizada": "751F4FB76B352AD60",
    "cantidad_archivos": 1,
    "archivos_fuente": [
      "Library/Application Support/Microsoft/Skype for Desktop/Cache/751f4fb76b352ad6_0"
    ],
    "ultima_modificacion": "2025-08-01 01:01:39.146881"
  },
  "7477ee42838fe4620": {
    "app_sintetizada": "7477EE42838FE4620",
    "cantidad_archivos": 1,
    "archivos_fuente": [
      "Library/Application Support/Microsoft/Skype for Desktop/Cache/7477ee42838fe462_0"
    ],
    "ultima_modificacion": "2025-08-01 01:01:39.150429"
  },
  "afa2e81d771af0fd0": {
    "app_sintetizada": "AFA2E81D771AF0FD0",
    "cantidad_archivos": 1,
    "archivos_fuente": [
      "Library/Application Support/Microsoft/Skype for Desktop/Cache/afa2e81d771af0fd_0"
    ],
    "ultima_modificacion": "2025-08-01 01:01:39.151756"
  },
  "829ce52ad956f03f0": {
    "app_sintetizada": "829CE52AD956F03F0",
    "cantidad_archivos": 1,
    "archivos_fuente": [
      "Library/Application Support/Microsoft/Skype for Desktop/Cache/829ce52ad956f03f_0"
    ],
    "ultima_modificacion": "2025-08-01 01:01:39.152504"
  },
  "46b9994f71dbf8e50": {
    "app_sintetizada": "46B9994F71DBF8E50",
    "cantidad_archivos": 1,
    "archivos_fuente": [
      "Library/Application Support/Microsoft/Skype for Desktop/Cache/46b9994f71dbf8e5_0"
    ],
    "ultima_modificacion": "2025-08-01 01:01:39.152916"
  },
  "e2add8a46e02ae4a0": {
    "app_sintetizada": "E2ADD8A46E02AE4A0",
    "cantidad_archivos": 1,
    "archivos_fuente": [
      "Library/Application Support/Microsoft/Skype for Desktop/Cache/e2add8a46e02ae4a_0"
    ],
    "ultima_modificacion": "2025-08-01 01:01:39.153287"
  },
  "a61bde03b68869e10": {
    "app_sintetizada": "A61BDE03B68869E10",
    "cantidad_archivos": 1,
    "archivos_fuente": [
      "Library/Application Support/Microsoft/Skype for Desktop/Cache/a61bde03b68869e1_0"
    ],
    "ultima_modificacion": "2025-08-01 01:01:39.153634"
  },
  "3e09713977ee153b0": {
    "app_sintetizada": "3E09713977EE153B0",
    "cantidad_archivos": 1,
    "archivos_fuente": [
      "Library/Application Support/Microsoft/Skype for Desktop/Cache/3e09713977ee153b_0"
    ],
    "ultima_modificacion": "2025-08-01 01:01:39.153966"
  },
  "855ecd9f7adb84bf0": {
    "app_sintetizada": "855ECD9F7ADB84BF0",
    "cantidad_archivos": 1,
    "archivos_fuente": [
      "Library/Application Support/Microsoft/Skype for Desktop/Cache/855ecd9f7adb84bf_0"
    ],
    "ultima_modificacion": "2025-08-01 01:01:39.154292"
  },
  "db0d79e6e257a7120": {
    "app_sintetizada": "DB0D79E6E257A7120",
    "cantidad_archivos": 1,
    "archivos_fuente": [
      "Library/Application Support/Microsoft/Skype for Desktop/Cache/db0d79e6e257a712_0"
    ],
    "ultima_modificacion": "2025-08-01 01:01:39.154629"
  },
  "a50021c76a46ccf90": {
    "app_sintetizada": "A50021C76A46CCF90",
    "cantidad_archivos": 1,
    "archivos_fuente": [
      "Library/Application Support/Microsoft/Skype for Desktop/Cache/a50021c76a46ccf9_0"
    ],
    "ultima_modificacion": "2025-08-01 01:01:39.154956"
  },
  "6ad09f7ed68156670": {
    "app_sintetizada": "6AD09F7ED68156670",
    "cantidad_archivos": 1,
    "archivos_fuente": [
      "Library/Application Support/Microsoft/Skype for Desktop/Cache/6ad09f7ed6815667_0"
    ],
    "ultima_modificacion": "2025-08-01 01:01:39.155278"
  },
  "fa73273c346bb5bd0": {
    "app_sintetizada": "FA73273C346BB5BD0",
    "cantidad_archivos": 1,
    "archivos_fuente": [
      "Library/Application Support/Microsoft/Skype for Desktop/Cache/fa73273c346bb5bd_0"
    ],
    "ultima_modificacion": "2025-08-01 01:01:39.155602"
  },
  "1e1ff51c67ef5b4f0": {
    "app_sintetizada": "1E1FF51C67EF5B4F0",
    "cantidad_archivos": 1,
    "archivos_fuente": [
      "Library/Application Support/Microsoft/Skype for Desktop/Cache/1e1ff51c67ef5b4f_0"
    ],
    "ultima_modificacion": "2025-08-01 01:01:39.155968"
  },
  "392ade2ba0c2c9ca0": {
    "app_sintetizada": "392ADE2BA0C2C9CA0",
    "cantidad_archivos": 1,
    "archivos_fuente": [
      "Library/Application Support/Microsoft/Skype for Desktop/Cache/392ade2ba0c2c9ca_0"
    ],
    "ultima_modificacion": "2025-08-01 01:01:39.156307"
  },
  "ea5f10e947863ae10": {
    "app_sintetizada": "EA5F10E947863AE10",
    "cantidad_archivos": 1,
    "archivos_fuente": [
      "Library/Application Support/Microsoft/Skype for Desktop/Cache/ea5f10e947863ae1_0"
    ],
    "ultima_modificacion": "2025-08-01 01:01:39.156653"
  },
  "ded161efb125baf50": {
    "app_sintetizada": "DED161EFB125BAF50",
    "cantidad_archivos": 1,
    "archivos_fuente": [
      "Library/Application Support/Microsoft/Skype for Desktop/Cache/ded161efb125baf5_0"
    ],
    "ultima_modificacion": "2025-08-01 01:01:39.157086"
  },
  "da490f0d310d5c090": {
    "app_sintetizada": "DA490F0D310D5C090",
    "cantidad_archivos": 1,
    "archivos_fuente": [
      "Library/Application Support/Microsoft/Skype for Desktop/Cache/da490f0d310d5c09_0"
    ],
    "ultima_modificacion": "2025-08-01 01:01:39.157678"
  },
  "840142e8c72f66680": {
    "app_sintetizada": "840142E8C72F66680",
    "cantidad_archivos": 1,
    "archivos_fuente": [
      "Library/Application Support/Microsoft/Skype for Desktop/Cache/840142e8c72f6668_0"
    ],
    "ultima_modificacion": "2025-08-01 01:01:39.160664"
  },
  "811f4d8890f79c610": {
    "app_sintetizada": "811F4D8890F79C610",
    "cantidad_archivos": 1,
    "archivos_fuente": [
      "Library/Application Support/Microsoft/Skype for Desktop/Cache/811f4d8890f79c61_0"
    ],
    "ultima_modificacion": "2025-08-01 01:01:39.161160"
  },
  "5331bab4d18a490e0": {
    "app_sintetizada": "5331BAB4D18A490E0",
    "cantidad_archivos": 1,
    "archivos_fuente": [
      "Library/Application Support/Microsoft/Skype for Desktop/Cache/5331bab4d18a490e_0"
    ],
    "ultima_modificacion": "2025-08-01 01:01:39.161903"
  },
  "5d8dba21d0d42b950": {
    "app_sintetizada": "5D8DBA21D0D42B950",
    "cantidad_archivos": 1,
    "archivos_fuente": [
      "Library/Application Support/Microsoft/Skype for Desktop/Cache/5d8dba21d0d42b95_0"
    ],
    "ultima_modificacion": "2025-08-01 01:01:39.162338"
  },
  "887af1865bfec4000": {
    "app_sintetizada": "887AF1865BFEC4000",
    "cantidad_archivos": 1,
    "archivos_fuente": [
      "Library/Application Support/Microsoft/Skype for Desktop/Cache/887af1865bfec400_0"
    ],
    "ultima_modificacion": "2025-08-01 01:01:39.162759"
  },
  "ed27a599436a1eaf0": {
    "app_sintetizada": "ED27A599436A1EAF0",
    "cantidad_archivos": 1,
    "archivos_fuente": [
      "Library/Application Support/Microsoft/Skype for Desktop/Cache/ed27a599436a1eaf_0"
    ],
    "ultima_modificacion": "2025-08-01 01:01:39.163173"
  },
  "63ab28965232aaa70": {
    "app_sintetizada": "63AB28965232AAA70",
    "cantidad_archivos": 1,
    "archivos_fuente": [
      "Library/Application Support/Microsoft/Skype for Desktop/Cache/63ab28965232aaa7_0"
    ],
    "ultima_modificacion": "2025-08-01 01:01:39.164114"
  },
  "d7589becb4dd00b90": {
    "app_sintetizada": "D7589BECB4DD00B90",
    "cantidad_archivos": 1,
    "archivos_fuente": [
      "Library/Application Support/Microsoft/Skype for Desktop/Cache/d7589becb4dd00b9_0"
    ],
    "ultima_modificacion": "2025-08-01 01:01:39.164925"
  },
  "da357c0fc0b91cee0": {
    "app_sintetizada": "DA357C0FC0B91CEE0",
    "cantidad_archivos": 1,
    "archivos_fuente": [
      "Library/Application Support/Microsoft/Skype for Desktop/Cache/da357c0fc0b91cee_0"
    ],
    "ultima_modificacion": "2025-08-01 01:01:39.165553"
  },
  "4f169417b53833620": {
    "app_sintetizada": "4F169417B53833620",
    "cantidad_archivos": 1,
    "archivos_fuente": [
      "Library/Application Support/Microsoft/Skype for Desktop/Cache/4f169417b5383362_0"
    ],
    "ultima_modificacion": "2025-08-01 01:01:39.166023"
  },
  "55c7ee74850d1c790": {
    "app_sintetizada": "55C7EE74850D1C790",
    "cantidad_archivos": 1,
    "archivos_fuente": [
      "Library/Application Support/Microsoft/Skype for Desktop/Cache/55c7ee74850d1c79_0"
    ],
    "ultima_modificacion": "2025-08-01 01:01:39.167565"
  },
  "1e7ed2119ac5ae320": {
    "app_sintetizada": "1E7ED2119AC5AE320",
    "cantidad_archivos": 1,
    "archivos_fuente": [
      "Library/Application Support/Microsoft/Skype for Desktop/Cache/1e7ed2119ac5ae32_0"
    ],
    "ultima_modificacion": "2025-08-01 01:01:39.168246"
  },
  "3467dbe067d3203c0": {
    "app_sintetizada": "3467DBE067D3203C0",
    "cantidad_archivos": 1,
    "archivos_fuente": [
      "Library/Application Support/Microsoft/Skype for Desktop/Cache/3467dbe067d3203c_0"
    ],
    "ultima_modificacion": "2025-08-01 01:01:39.168779"
  },
  "5834897f6cbbd7b40": {
    "app_sintetizada": "5834897F6CBBD7B40",
    "cantidad_archivos": 1,
    "archivos_fuente": [
      "Library/Application Support/Microsoft/Skype for Desktop/Cache/5834897f6cbbd7b4_0"
    ],
    "ultima_modificacion": "2025-08-01 01:01:39.169319"
  },
  "3086ca3084c194a70": {
    "app_sintetizada": "3086CA3084C194A70",
    "cantidad_archivos": 1,
    "archivos_fuente": [
      "Library/Application Support/Microsoft/Skype for Desktop/Cache/3086ca3084c194a7_0"
    ],
    "ultima_modificacion": "2025-08-01 01:01:39.169733"
  },
  "ea07acbe334fc0f80": {
    "app_sintetizada": "EA07ACBE334FC0F80",
    "cantidad_archivos": 1,
    "archivos_fuente": [
      "Library/Application Support/Microsoft/Skype for Desktop/Cache/ea07acbe334fc0f8_0"
    ],
    "ultima_modificacion": "2025-08-01 01:01:39.170151"
  },
  "5fc4204f4c61d50b0": {
    "app_sintetizada": "5FC4204F4C61D50B0",
    "cantidad_archivos": 1,
    "archivos_fuente": [
      "Library/Application Support/Microsoft/Skype for Desktop/Cache/5fc4204f4c61d50b_0"
    ],
    "ultima_modificacion": "2025-08-01 01:01:39.170667"
  },
  "faa003a37c60ebac0": {
    "app_sintetizada": "FAA003A37C60EBAC0",
    "cantidad_archivos": 1,
    "archivos_fuente": [
      "Library/Application Support/Microsoft/Skype for Desktop/Cache/faa003a37c60ebac_0"
    ],
    "ultima_modificacion": "2025-08-01 01:01:39.171670"
  },
  "8a67f2b139498f920": {
    "app_sintetizada": "8A67F2B139498F920",
    "cantidad_archivos": 1,
    "archivos_fuente": [
      "Library/Application Support/Microsoft/Skype for Desktop/Cache/8a67f2b139498f92_0"
    ],
    "ultima_modificacion": "2025-08-01 01:01:39.172147"
  },
  "5336161fe8eccf5b0": {
    "app_sintetizada": "5336161FE8ECCF5B0",
    "cantidad_archivos": 1,
    "archivos_fuente": [
      "Library/Application Support/Microsoft/Skype for Desktop/Cache/5336161fe8eccf5b_0"
    ],
    "ultima_modificacion": "2025-08-01 01:01:39.193646"
  },
  "d05114bc3d8ee5db0": {
    "app_sintetizada": "D05114BC3D8EE5DB0",
    "cantidad_archivos": 1,
    "archivos_fuente": [
      "Library/Application Support/Microsoft/Skype for Desktop/Cache/d05114bc3d8ee5db_0"
    ],
    "ultima_modificacion": "2025-08-01 01:01:39.194189"
  },
  "f32335be3aba36a60": {
    "app_sintetizada": "F32335BE3ABA36A60",
    "cantidad_archivos": 1,
    "archivos_fuente": [
      "Library/Application Support/Microsoft/Skype for Desktop/Cache/f32335be3aba36a6_0"
    ],
    "ultima_modificacion": "2025-08-01 01:01:39.194915"
  },
  "e84b209b3f5de7860": {
    "app_sintetizada": "E84B209B3F5DE7860",
    "cantidad_archivos": 1,
    "archivos_fuente": [
      "Library/Application Support/Microsoft/Skype for Desktop/Cache/e84b209b3f5de786_0"
    ],
    "ultima_modificacion": "2025-08-01 01:01:39.195326"
  },
  "be8dd4808b7826af0": {
    "app_sintetizada": "BE8DD4808B7826AF0",
    "cantidad_archivos": 1,
    "archivos_fuente": [
      "Library/Application Support/Microsoft/Skype for Desktop/Cache/be8dd4808b7826af_0"
    ],
    "ultima_modificacion": "2025-08-01 01:01:39.196332"
  },
  "0d2ab4d2dcb4db3d0": {
    "app_sintetizada": "0D2AB4D2DCB4DB3D0",
    "cantidad_archivos": 1,
    "archivos_fuente": [
      "Library/Application Support/Microsoft/Skype for Desktop/Cache/0d2ab4d2dcb4db3d_0"
    ],
    "ultima_modificacion": "2025-08-01 01:01:39.196796"
  },
  "0162cbd4dfa5cfe30": {
    "app_sintetizada": "0162CBD4DFA5CFE30",
    "cantidad_archivos": 1,
    "archivos_fuente": [
      "Library/Application Support/Microsoft/Skype for Desktop/Cache/0162cbd4dfa5cfe3_0"
    ],
    "ultima_modificacion": "2025-08-01 01:01:39.197312"
  },
  "5327565940ce3d6a0": {
    "app_sintetizada": "5327565940CE3D6A0",
    "cantidad_archivos": 1,
    "archivos_fuente": [
      "Library/Application Support/Microsoft/Skype for Desktop/Cache/5327565940ce3d6a_0"
    ],
    "ultima_modificacion": "2025-08-01 01:01:39.197839"
  },
  "2e0e17c7cfe2f0a70": {
    "app_sintetizada": "2E0E17C7CFE2F0A70",
    "cantidad_archivos": 1,
    "archivos_fuente": [
      "Library/Application Support/Microsoft/Skype for Desktop/Cache/2e0e17c7cfe2f0a7_0"
    ],
    "ultima_modificacion": "2025-08-01 01:01:39.198267"
  },
  "bd458746ffcc07d30": {
    "app_sintetizada": "BD458746FFCC07D30",
    "cantidad_archivos": 1,
    "archivos_fuente": [
      "Library/Application Support/Microsoft/Skype for Desktop/Cache/bd458746ffcc07d3_0"
    ],
    "ultima_modificacion": "2025-08-01 01:01:39.198809"
  },
  "b5f21a4f16f2d9030": {
    "app_sintetizada": "B5F21A4F16F2D9030",
    "cantidad_archivos": 1,
    "archivos_fuente": [
      "Library/Application Support/Microsoft/Skype for Desktop/Cache/b5f21a4f16f2d903_0"
    ],
    "ultima_modificacion": "2025-08-01 01:01:39.199269"
  },
  "94e8281cbe3a1a0d0": {
    "app_sintetizada": "94E8281CBE3A1A0D0",
    "cantidad_archivos": 1,
    "archivos_fuente": [
      "Library/Application Support/Microsoft/Skype for Desktop/Cache/94e8281cbe3a1a0d_0"
    ],
    "ultima_modificacion": "2025-08-01 01:01:39.199699"
  },
  "e694d5c0f75089430": {
    "app_sintetizada": "E694D5C0F75089430",
    "cantidad_archivos": 1,
    "archivos_fuente": [
      "Library/Application Support/Microsoft/Skype for Desktop/Cache/e694d5c0f7508943_0"
    ],
    "ultima_modificacion": "2025-08-01 01:01:39.200191"
  },
  "047c17ba22a61f8c0": {
    "app_sintetizada": "047C17BA22A61F8C0",
    "cantidad_archivos": 1,
    "archivos_fuente": [
      "Library/Application Support/Microsoft/Skype for Desktop/Cache/047c17ba22a61f8c_0"
    ],
    "ultima_modificacion": "2025-08-01 01:01:39.200771"
  },
  "f344d188a3add68d0": {
    "app_sintetizada": "F344D188A3ADD68D0",
    "cantidad_archivos": 1,
    "archivos_fuente": [
      "Library/Application Support/Microsoft/Skype for Desktop/Cache/f344d188a3add68d_0"
    ],
    "ultima_modificacion": "2025-08-01 01:01:39.201525"
  },
  "660b4a1ec4777a300": {
    "app_sintetizada": "660B4A1EC4777A300",
    "cantidad_archivos": 1,
    "archivos_fuente": [
      "Library/Application Support/Microsoft/Skype for Desktop/Cache/660b4a1ec4777a30_0"
    ],
    "ultima_modificacion": "2025-08-01 01:01:39.202576"
  }
}