{
  "da69a6c3f0161ea90": {
    "app_sintetizada": "DA69A6C3F0161EA90",
    "cantidad_archivos": 1,
    "archivos_fuente": [
      "Library/Application Support/Google/Chrome/Default/Service Worker/CacheStorage/d1394a4c842f7861ad7ae5e20da4b484a0c4acad/a5a18824-56f6-4f5f-abb6-64683cbd37bb/da69a6c3f0161ea9_0"
    ],
    "ultima_modificacion": "2025-08-01 01:01:33.332591"
  },
  "6c064b8b390b7da10": {
    "app_sintetizada": "6C064B8B390B7DA10",
    "cantidad_archivos": 1,
    "archivos_fuente": [
      "Library/Application Support/Google/Chrome/Default/Service Worker/CacheStorage/d1394a4c842f7861ad7ae5e20da4b484a0c4acad/a5a18824-56f6-4f5f-abb6-64683cbd37bb/6c064b8b390b7da1_0"
    ],
    "ultima_modificacion": "2025-08-01 01:01:33.332790"
  },
  "eff6a1f7917448120": {
    "app_sintetizada": "EFF6A1F7917448120",
    "cantidad_archivos": 1,
    "archivos_fuente": [
      "Library/Application Support/Google/Chrome/Default/Service Worker/CacheStorage/d1394a4c842f7861ad7ae5e20da4b484a0c4acad/a5a18824-56f6-4f5f-abb6-64683cbd37bb/eff6a1f791744812_0"
    ],
    "ultima_modificacion": "2025-08-01 01:01:33.332991"
  },
  "94b6d9f0deb0281c0": {
    "app_sintetizada": "94B6D9F0DEB0281C0",
    "cantidad_archivos": 1,
    "archivos_fuente": [
      "Library/Application Support/Google/Chrome/Default/Service Worker/CacheStorage/d1394a4c842f7861ad7ae5e20da4b484a0c4acad/a5a18824-56f6-4f5f-abb6-64683cbd37bb/94b6d9f0deb0281c_0"
    ],
    "ultima_modificacion": "2025-08-01 01:01:33.333179"
  },
  "8a4fbe99e516ba5f0": {
    "app_sintetizada": "8A4FBE99E516BA5F0",
    "cantidad_archivos": 1,
    "archivos_fuente": [
      "Library/Application Support/Google/Chrome/Default/Service Worker/CacheStorage/d1394a4c842f7861ad7ae5e20da4b484a0c4acad/a5a18824-56f6-4f5f-abb6-64683cbd37bb/8a4fbe99e516ba5f_0"
    ],
    "ultima_modificacion": "2025-08-01 01:01:33.333369"
  },
  "101eb0740b74427b0": {
    "app_sintetizada": "101EB0740B74427B0",
    "cantidad_archivos": 1,
    "archivos_fuente": [
      "Library/Application Support/Google/Chrome/Default/Service Worker/CacheStorage/d1394a4c842f7861ad7ae5e20da4b484a0c4acad/a5a18824-56f6-4f5f-abb6-64683cbd37bb/101eb0740b74427b_0"
    ],
    "ultima_modificacion": "2025-08-01 01:01:33.333556"
  },
  "a8c0d1d7bae249c10": {
    "app_sintetizada": "A8C0D1D7BAE249C10",
    "cantidad_archivos": 1,
    "archivos_fuente": [
      "Library/Application Support/Google/Chrome/Default/Service Worker/CacheStorage/d1394a4c842f7861ad7ae5e20da4b484a0c4acad/a5a18824-56f6-4f5f-abb6-64683cbd37bb/a8c0d1d7bae249c1_0"
    ],
    "ultima_modificacion": "2025-08-01 01:01:33.333740"
  },
  "22a822953c61346a0": {
    "app_sintetizada": "22A822953C61346A0",
    "cantidad_archivos": 1,
    "archivos_fuente": [
      "Library/Application Support/Google/Chrome/Default/Service Worker/CacheStorage/d1394a4c842f7861ad7ae5e20da4b484a0c4acad/a5a18824-56f6-4f5f-abb6-64683cbd37bb/22a822953c61346a_0"
    ],
    "ultima_modificacion": "2025-08-01 01:01:33.333955"
  },
  "f2dfe9562fbf30a70": {
    "app_sintetizada": "F2DFE9562FBF30A70",
    "cantidad_archivos": 1,
    "archivos_fuente": [
      "Library/Application Support/Google/Chrome/Default/Service Worker/CacheStorage/d1394a4c842f7861ad7ae5e20da4b484a0c4acad/a5a18824-56f6-4f5f-abb6-64683cbd37bb/f2dfe9562fbf30a7_0"
    ],
    "ultima_modificacion": "2025-08-01 01:01:33.334140"
  },
  "d0918eee18d66a8f0": {
    "app_sintetizada": "D0918EEE18D66A8F0",
    "cantidad_archivos": 1,
    "archivos_fuente": [
      "Library/Application Support/Google/Chrome/Default/Service Worker/CacheStorage/d1394a4c842f7861ad7ae5e20da4b484a0c4acad/a5a18824-56f6-4f5f-abb6-64683cbd37bb/d0918eee18d66a8f_0"
    ],
    "ultima_modificacion": "2025-08-01 01:01:33.334328"
  },
  "d81825ba2175d2370": {
    "app_sintetizada": "D81825BA2175D2370",
    "cantidad_archivos": 1,
    "archivos_fuente": [
      "Library/Application Support/Google/Chrome/Default/Service Worker/CacheStorage/d1394a4c842f7861ad7ae5e20da4b484a0c4acad/a5a18824-56f6-4f5f-abb6-64683cbd37bb/d81825ba2175d237_0"
    ],
    "ultima_modificacion": "2025-08-01 01:01:33.334615"
  },
  "6887941c190ba8cf0": {
    "app_sintetizada": "6887941C190BA8CF0",
    "cantidad_archivos": 1,
    "archivos_fuente": [
      "Library/Application Support/Google/Chrome/Default/Service Worker/CacheStorage/d1394a4c842f7861ad7ae5e20da4b484a0c4acad/a5a18824-56f6-4f5f-abb6-64683cbd37bb/6887941c190ba8cf_0"
    ],
    "ultima_modificacion": "2025-08-01 01:01:33.334935"
  },
  "68b9ed26da853e6e0": {
    "app_sintetizada": "68B9ED26DA853E6E0",
    "cantidad_archivos": 1,
    "archivos_fuente": [
      "Library/Application Support/Google/Chrome/Default/Service Worker/CacheStorage/d1394a4c842f7861ad7ae5e20da4b484a0c4acad/a5a18824-56f6-4f5f-abb6-64683cbd37bb/68b9ed26da853e6e_0"
    ],
    "ultima_modificacion": "2025-08-01 01:01:33.335248"
  },
  "038d647046bff75d0": {
    "app_sintetizada": "038D647046BFF75D0",
    "cantidad_archivos": 1,
    "archivos_fuente": [
      "Library/Application Support/Google/Chrome/Default/Service Worker/CacheStorage/d1394a4c842f7861ad7ae5e20da4b484a0c4acad/a5a18824-56f6-4f5f-abb6-64683cbd37bb/038d647046bff75d_0"
    ],
    "ultima_modificacion": "2025-08-01 01:01:33.335480"
  },
  "2740eb9ba5ce904b0": {
    "app_sintetizada": "2740EB9BA5CE904B0",
    "cantidad_archivos": 1,
    "archivos_fuente": [
      "Library/Application Support/Google/Chrome/Default/Service Worker/CacheStorage/d1394a4c842f7861ad7ae5e20da4b484a0c4acad/a5a18824-56f6-4f5f-abb6-64683cbd37bb/2740eb9ba5ce904b_0"
    ],
    "ultima_modificacion": "2025-08-01 01:01:33.335717"
  },
  "33305b42190506450": {
    "app_sintetizada": "33305B42190506450",
    "cantidad_archivos": 1,
    "archivos_fuente": [
      "Library/Application Support/Google/Chrome/Default/Service Worker/CacheStorage/d1394a4c842f7861ad7ae5e20da4b484a0c4acad/a5a18824-56f6-4f5f-abb6-64683cbd37bb/33305b4219050645_0"
    ],
    "ultima_modificacion": "2025-08-01 01:01:33.336032"
  },
  "3df1ee1fd79d39200": {
    "app_sintetizada": "3DF1EE1FD79D39200",
    "cantidad_archivos": 1,
    "archivos_fuente": [
      "Library/Application Support/Google/Chrome/Default/Service Worker/CacheStorage/d1394a4c842f7861ad7ae5e20da4b484a0c4acad/a5a18824-56f6-4f5f-abb6-64683cbd37bb/3df1ee1fd79d3920_0"
    ],
    "ultima_modificacion": "2025-08-01 01:01:33.336236"
  },
  "5850fc0475eaa03d0": {
    "app_sintetizada": "5850FC0475EAA03D0",
    "cantidad_archivos": 1,
    "archivos_fuente": [
      "Library/Application Support/Google/Chrome/Default/Service Worker/CacheStorage/d1394a4c842f7861ad7ae5e20da4b484a0c4acad/a5a18824-56f6-4f5f-abb6-64683cbd37bb/5850fc0475eaa03d_0"
    ],
    "ultima_modificacion": "2025-08-01 01:01:33.336426"
  },
  "c5e9d912780c996b0": {
    "app_sintetizada": "C5E9D912780C996B0",
    "cantidad_archivos": 1,
    "archivos_fuente": [
      "Library/Application Support/Google/Chrome/Default/Service Worker/CacheStorage/d1394a4c842f7861ad7ae5e20da4b484a0c4acad/a5a18824-56f6-4f5f-abb6-64683cbd37bb/c5e9d912780c996b_0"
    ],
    "ultima_modificacion": "2025-08-01 01:01:33.336669"
  },
  "68b07f36bb3606ad0": {
    "app_sintetizada": "68B07F36BB3606AD0",
    "cantidad_archivos": 1,
    "archivos_fuente": [
      "Library/Application Support/Google/Chrome/Default/Service Worker/CacheStorage/d1394a4c842f7861ad7ae5e20da4b484a0c4acad/a5a18824-56f6-4f5f-abb6-64683cbd37bb/68b07f36bb3606ad_0"
    ],
    "ultima_modificacion": "2025-08-01 01:01:33.336979"
  },
  "00b4f702d450ee100": {
    "app_sintetizada": "00B4F702D450EE100",
    "cantidad_archivos": 1,
    "archivos_fuente": [
      "Library/Application Support/Google/Chrome/Default/Service Worker/CacheStorage/d1394a4c842f7861ad7ae5e20da4b484a0c4acad/a5a18824-56f6-4f5f-abb6-64683cbd37bb/00b4f702d450ee10_0"
    ],
    "ultima_modificacion": "2025-08-01 01:01:33.337254"
  },
  "82d96cf93fc259de0": {
    "app_sintetizada": "82D96CF93FC259DE0",
    "cantidad_archivos": 1,
    "archivos_fuente": [
      "Library/Application Support/Google/Chrome/Default/Service Worker/CacheStorage/d1394a4c842f7861ad7ae5e20da4b484a0c4acad/a5a18824-56f6-4f5f-abb6-64683cbd37bb/82d96cf93fc259de_0"
    ],
    "ultima_modificacion": "2025-08-01 01:01:33.337528"
  },
  "52ded4e850b774be0": {
    "app_sintetizada": "52DED4E850B774BE0",
    "cantidad_archivos": 1,
    "archivos_fuente": [
      "Library/Application Support/Google/Chrome/Default/Service Worker/CacheStorage/d1394a4c842f7861ad7ae5e20da4b484a0c4acad/a5a18824-56f6-4f5f-abb6-64683cbd37bb/52ded4e850b774be_0"
    ],
    "ultima_modificacion": "2025-08-01 01:01:33.337794"
  },
  "c11a778fbee315f50": {
    "app_sintetizada": "C11A778FBEE315F50",
    "cantidad_archivos": 1,
    "archivos_fuente": [
      "Library/Application Support/Google/Chrome/Default/Service Worker/CacheStorage/d1394a4c842f7861ad7ae5e20da4b484a0c4acad/a5a18824-56f6-4f5f-abb6-64683cbd37bb/c11a778fbee315f5_0"
    ],
    "ultima_modificacion": "2025-08-01 01:01:33.338061"
  },
  "f9871a46dc221f460": {
    "app_sintetizada": "F9871A46DC221F460",
    "cantidad_archivos": 1,
    "archivos_fuente": [
      "Library/Application Support/Google/Chrome/Default/Service Worker/CacheStorage/d1394a4c842f7861ad7ae5e20da4b484a0c4acad/a5a18824-56f6-4f5f-abb6-64683cbd37bb/f9871a46dc221f46_0"
    ],
    "ultima_modificacion": "2025-08-01 01:01:33.338319"
  },
  "244ca72a081ce25b0": {
    "app_sintetizada": "244CA72A081CE25B0",
    "cantidad_archivos": 1,
    "archivos_fuente": [
      "Library/Application Support/Google/Chrome/Default/Service Worker/CacheStorage/d1394a4c842f7861ad7ae5e20da4b484a0c4acad/a5a18824-56f6-4f5f-abb6-64683cbd37bb/244ca72a081ce25b_0"
    ],
    "ultima_modificacion": "2025-08-01 01:01:33.338579"
  },
  "d1c2fd70998da6fa0": {
    "app_sintetizada": "D1C2FD70998DA6FA0",
    "cantidad_archivos": 1,
    "archivos_fuente": [
      "Library/Application Support/Google/Chrome/Default/Service Worker/CacheStorage/d1394a4c842f7861ad7ae5e20da4b484a0c4acad/a5a18824-56f6-4f5f-abb6-64683cbd37bb/d1c2fd70998da6fa_0"
    ],
    "ultima_modificacion": "2025-08-01 01:01:33.338836"
  },
  "8285cf893b31a9560": {
    "app_sintetizada": "8285CF893B31A9560",
    "cantidad_archivos": 1,
    "archivos_fuente": [
      "Library/Application Support/Google/Chrome/Default/Service Worker/CacheStorage/d1394a4c842f7861ad7ae5e20da4b484a0c4acad/a5a18824-56f6-4f5f-abb6-64683cbd37bb/8285cf893b31a956_0"
    ],
    "ultima_modificacion": "2025-08-01 01:01:33.339092"
  },
  "25b83d009b5589640": {
    "app_sintetizada": "25B83D009B5589640",
    "cantidad_archivos": 1,
    "archivos_fuente": [
      "Library/Application Support/Google/Chrome/Default/Service Worker/CacheStorage/d1394a4c842f7861ad7ae5e20da4b484a0c4acad/a5a18824-56f6-4f5f-abb6-64683cbd37bb/25b83d009b558964_0"
    ],
    "ultima_modificacion": "2025-08-01 01:01:33.339359"
  },
  "9c4dacf630197a7b0": {
    "app_sintetizada": "9C4DACF630197A7B0",
    "cantidad_archivos": 1,
    "archivos_fuente": [
      "Library/Application Support/Google/Chrome/Default/Service Worker/CacheStorage/d1394a4c842f7861ad7ae5e20da4b484a0c4acad/a5a18824-56f6-4f5f-abb6-64683cbd37bb/9c4dacf630197a7b_0"
    ],
    "ultima_modificacion": "2025-08-01 01:01:33.339636"
  },
  "7c765a0c5d33080d0": {
    "app_sintetizada": "7C765A0C5D33080D0",
    "cantidad_archivos": 1,
    "archivos_fuente": [
      "Library/Application Support/Google/Chrome/Default/Service Worker/CacheStorage/d1394a4c842f7861ad7ae5e20da4b484a0c4acad/a5a18824-56f6-4f5f-abb6-64683cbd37bb/7c765a0c5d33080d_0"
    ],
    "ultima_modificacion": "2025-08-01 01:01:33.339912"
  },
  "4cefa98595acf43f0": {
    "app_sintetizada": "4CEFA98595ACF43F0",
    "cantidad_archivos": 1,
    "archivos_fuente": [
      "Library/Application Support/Google/Chrome/Default/Service Worker/CacheStorage/d1394a4c842f7861ad7ae5e20da4b484a0c4acad/a5a18824-56f6-4f5f-abb6-64683cbd37bb/4cefa98595acf43f_0"
    ],
    "ultima_modificacion": "2025-08-01 01:01:33.340183"
  },
  "9763891ab0ac5df00": {
    "app_sintetizada": "9763891AB0AC5DF00",
    "cantidad_archivos": 1,
    "archivos_fuente": [
      "Library/Application Support/Google/Chrome/Default/Service Worker/CacheStorage/d1394a4c842f7861ad7ae5e20da4b484a0c4acad/a5a18824-56f6-4f5f-abb6-64683cbd37bb/9763891ab0ac5df0_0"
    ],
    "ultima_modificacion": "2025-08-01 01:01:33.340696"
  },
  "58f3f74c851be37d0": {
    "app_sintetizada": "58F3F74C851BE37D0",
    "cantidad_archivos": 1,
    "archivos_fuente": [
      "Library/Application Support/Google/Chrome/Default/Service Worker/CacheStorage/d1394a4c842f7861ad7ae5e20da4b484a0c4acad/a5a18824-56f6-4f5f-abb6-64683cbd37bb/58f3f74c851be37d_0"
    ],
    "ultima_modificacion": "2025-08-01 01:01:33.341124"
  },
  "21f033faf30ab41c0": {
    "app_sintetizada": "21F033FAF30AB41C0",
    "cantidad_archivos": 1,
    "archivos_fuente": [
      "Library/Application Support/Google/Chrome/Default/Service Worker/CacheStorage/d1394a4c842f7861ad7ae5e20da4b484a0c4acad/a5a18824-56f6-4f5f-abb6-64683cbd37bb/21f033faf30ab41c_0"
    ],
    "ultima_modificacion": "2025-08-01 01:01:33.341438"
  },
  "f17de27e75369bed0": {
    "app_sintetizada": "F17DE27E75369BED0",
    "cantidad_archivos": 1,
    "archivos_fuente": [
      "Library/Application Support/Google/Chrome/Default/Service Worker/CacheStorage/d1394a4c842f7861ad7ae5e20da4b484a0c4acad/a5a18824-56f6-4f5f-abb6-64683cbd37bb/f17de27e75369bed_0"
    ],
    "ultima_modificacion": "2025-08-01 01:01:33.341825"
  },
  "38795010748946f00": {
    "app_sintetizada": "38795010748946F00",
    "cantidad_archivos": 1,
    "archivos_fuente": [
      "Library/Application Support/Google/Chrome/Default/Service Worker/CacheStorage/d1394a4c842f7861ad7ae5e20da4b484a0c4acad/a5a18824-56f6-4f5f-abb6-64683cbd37bb/38795010748946f0_0"
    ],
    "ultima_modificacion": "2025-08-01 01:01:33.342130"
  },
  "b72997e3b4ad6ad30": {
    "app_sintetizada": "B72997E3B4AD6AD30",
    "cantidad_archivos": 1,
    "archivos_fuente": [
      "Library/Application Support/Google/Chrome/Default/Service Worker/CacheStorage/d1394a4c842f7861ad7ae5e20da4b484a0c4acad/a5a18824-56f6-4f5f-abb6-64683cbd37bb/b72997e3b4ad6ad3_0"
    ],
    "ultima_modificacion": "2025-08-01 01:01:33.342428"
  },
  "76fb4a9adae8f9b10": {
    "app_sintetizada": "76FB4A9ADAE8F9B10",
    "cantidad_archivos": 1,
    "archivos_fuente": [
      "Library/Application Support/Google/Chrome/Default/Service Worker/CacheStorage/d1394a4c842f7861ad7ae5e20da4b484a0c4acad/a5a18824-56f6-4f5f-abb6-64683cbd37bb/76fb4a9adae8f9b1_0"
    ],
    "ultima_modificacion": "2025-08-01 01:01:33.342706"
  },
  "b3eeff84b26750630": {
    "app_sintetizada": "B3EEFF84B26750630",
    "cantidad_archivos": 1,
    "archivos_fuente": [
      "Library/Application Support/Google/Chrome/Default/Service Worker/CacheStorage/d1394a4c842f7861ad7ae5e20da4b484a0c4acad/a5a18824-56f6-4f5f-abb6-64683cbd37bb/b3eeff84b2675063_0"
    ],
    "ultima_modificacion": "2025-08-01 01:01:33.343018"
  },
  "c7f918b5356fe7a50": {
    "app_sintetizada": "C7F918B5356FE7A50",
    "cantidad_archivos": 1,
    "archivos_fuente": [
      "Library/Application Support/Google/Chrome/Default/Service Worker/CacheStorage/d1394a4c842f7861ad7ae5e20da4b484a0c4acad/a5a18824-56f6-4f5f-abb6-64683cbd37bb/c7f918b5356fe7a5_0"
    ],
    "ultima_modificacion": "2025-08-01 01:01:33.343295"
  },
  "54f8b83407b5befa0": {
    "app_sintetizada": "54F8B83407B5BEFA0",
    "cantidad_archivos": 1,
    "archivos_fuente": [
      "Library/Application Support/Google/Chrome/Default/Service Worker/CacheStorage/d1394a4c842f7861ad7ae5e20da4b484a0c4acad/a5a18824-56f6-4f5f-abb6-64683cbd37bb/54f8b83407b5befa_0"
    ],
    "ultima_modificacion": "2025-08-01 01:01:33.343601"
  },
  "8492a4eb66243cdf0": {
    "app_sintetizada": "8492A4EB66243CDF0",
    "cantidad_archivos": 1,
    "archivos_fuente": [
      "Library/Application Support/Google/Chrome/Default/Service Worker/CacheStorage/d1394a4c842f7861ad7ae5e20da4b484a0c4acad/a5a18824-56f6-4f5f-abb6-64683cbd37bb/8492a4eb66243cdf_0"
    ],
    "ultima_modificacion": "2025-08-01 01:01:33.343884"
  },
  "d77741fd35a0a30b0": {
    "app_sintetizada": "D77741FD35A0A30B0",
    "cantidad_archivos": 1,
    "archivos_fuente": [
      "Library/Application Support/Google/Chrome/Default/Service Worker/CacheStorage/d1394a4c842f7861ad7ae5e20da4b484a0c4acad/a5a18824-56f6-4f5f-abb6-64683cbd37bb/d77741fd35a0a30b_0"
    ],
    "ultima_modificacion": "2025-08-01 01:01:33.344148"
  },
  "b04714860f4dcb8f0": {
    "app_sintetizada": "B04714860F4DCB8F0",
    "cantidad_archivos": 1,
    "archivos_fuente": [
      "Library/Application Support/Google/Chrome/Default/Service Worker/CacheStorage/d1394a4c842f7861ad7ae5e20da4b484a0c4acad/a5a18824-56f6-4f5f-abb6-64683cbd37bb/b04714860f4dcb8f_0"
    ],
    "ultima_modificacion": "2025-08-01 01:01:33.344442"
  },
  "638d9bc09f25c64f0": {
    "app_sintetizada": "638D9BC09F25C64F0",
    "cantidad_archivos": 1,
    "archivos_fuente": [
      "Library/Application Support/Google/Chrome/Default/Service Worker/CacheStorage/d1394a4c842f7861ad7ae5e20da4b484a0c4acad/a5a18824-56f6-4f5f-abb6-64683cbd37bb/638d9bc09f25c64f_0"
    ],
    "ultima_modificacion": "2025-08-01 01:01:33.344735"
  },
  "3b07d59f7c4818010": {
    "app_sintetizada": "3B07D59F7C4818010",
    "cantidad_archivos": 1,
    "archivos_fuente": [
      "Library/Application Support/Google/Chrome/Default/Service Worker/CacheStorage/d1394a4c842f7861ad7ae5e20da4b484a0c4acad/a5a18824-56f6-4f5f-abb6-64683cbd37bb/3b07d59f7c481801_0"
    ],
    "ultima_modificacion": "2025-08-01 01:01:33.345023"
  },
  "19da4758401afb830": {
    "app_sintetizada": "19DA4758401AFB830",
    "cantidad_archivos": 1,
    "archivos_fuente": [
      "Library/Application Support/Google/Chrome/Default/Service Worker/CacheStorage/d1394a4c842f7861ad7ae5e20da4b484a0c4acad/a5a18824-56f6-4f5f-abb6-64683cbd37bb/19da4758401afb83_0"
    ],
    "ultima_modificacion": "2025-08-01 01:01:33.345317"
  },
  "fd35ae6f1d73fcd40": {
    "app_sintetizada": "FD35AE6F1D73FCD40",
    "cantidad_archivos": 1,
    "archivos_fuente": [
      "Library/Application Support/Google/Chrome/Default/Service Worker/CacheStorage/d1394a4c842f7861ad7ae5e20da4b484a0c4acad/a5a18824-56f6-4f5f-abb6-64683cbd37bb/fd35ae6f1d73fcd4_0"
    ],
    "ultima_modificacion": "2025-08-01 01:01:33.345598"
  },
  "2e225623cb772ae60": {
    "app_sintetizada": "2E225623CB772AE60",
    "cantidad_archivos": 1,
    "archivos_fuente": [
      "Library/Application Support/Google/Chrome/Default/Service Worker/CacheStorage/d1394a4c842f7861ad7ae5e20da4b484a0c4acad/a5a18824-56f6-4f5f-abb6-64683cbd37bb/2e225623cb772ae6_0"
    ],
    "ultima_modificacion": "2025-08-01 01:01:33.345896"
  },
  "443b23f8b82c057b0": {
    "app_sintetizada": "443B23F8B82C057B0",
    "cantidad_archivos": 1,
    "archivos_fuente": [
      "Library/Application Support/Google/Chrome/Default/Service Worker/CacheStorage/d1394a4c842f7861ad7ae5e20da4b484a0c4acad/a5a18824-56f6-4f5f-abb6-64683cbd37bb/443b23f8b82c057b_0"
    ],
    "ultima_modificacion": "2025-08-01 01:01:33.346192"
  },
  "a0ffa64e87d372a80": {
    "app_sintetizada": "A0FFA64E87D372A80",
    "cantidad_archivos": 1,
    "archivos_fuente": [
      "Library/Application Support/Google/Chrome/Default/Service Worker/CacheStorage/d1394a4c842f7861ad7ae5e20da4b484a0c4acad/a5a18824-56f6-4f5f-abb6-64683cbd37bb/a0ffa64e87d372a8_0"
    ],
    "ultima_modificacion": "2025-08-01 01:01:33.346489"
  },
  "037fb2dd7a0f8e6b0": {
    "app_sintetizada": "037FB2DD7A0F8E6B0",
    "cantidad_archivos": 1,
    "archivos_fuente": [
      "Library/Application Support/Google/Chrome/Default/Service Worker/CacheStorage/d1394a4c842f7861ad7ae5e20da4b484a0c4acad/a5a18824-56f6-4f5f-abb6-64683cbd37bb/037fb2dd7a0f8e6b_0"
    ],
    "ultima_modificacion": "2025-08-01 01:01:33.346808"
  },
  "7a23141fd6f95e730": {
    "app_sintetizada": "7A23141FD6F95E730",
    "cantidad_archivos": 1,
    "archivos_fuente": [
      "Library/Application Support/Google/Chrome/Default/Service Worker/CacheStorage/d1394a4c842f7861ad7ae5e20da4b484a0c4acad/a5a18824-56f6-4f5f-abb6-64683cbd37bb/7a23141fd6f95e73_0"
    ],
    "ultima_modificacion": "2025-08-01 01:01:33.347332"
  },
  "a3f585451df4e27c0": {
    "app_sintetizada": "A3F585451DF4E27C0",
    "cantidad_archivos": 1,
    "archivos_fuente": [
      "Library/Application Support/Google/Chrome/Default/Service Worker/CacheStorage/d1394a4c842f7861ad7ae5e20da4b484a0c4acad/a5a18824-56f6-4f5f-abb6-64683cbd37bb/a3f585451df4e27c_0"
    ],
    "ultima_modificacion": "2025-08-01 01:01:33.347618"
  },
  "2464c776e672511e0": {
    "app_sintetizada": "2464C776E672511E0",
    "cantidad_archivos": 1,
    "archivos_fuente": [
      "Library/Application Support/Google/Chrome/Default/Service Worker/CacheStorage/d1394a4c842f7861ad7ae5e20da4b484a0c4acad/a5a18824-56f6-4f5f-abb6-64683cbd37bb/2464c776e672511e_0"
    ],
    "ultima_modificacion": "2025-08-01 01:01:33.347947"
  },
  "4696a4b0fc068f1f0": {
    "app_sintetizada": "4696A4B0FC068F1F0",
    "cantidad_archivos": 1,
    "archivos_fuente": [
      "Library/Application Support/Google/Chrome/Default/Service Worker/CacheStorage/d1394a4c842f7861ad7ae5e20da4b484a0c4acad/a5a18824-56f6-4f5f-abb6-64683cbd37bb/4696a4b0fc068f1f_0"
    ],
    "ultima_modificacion": "2025-08-01 01:01:33.348252"
  },
  "84560406ad8521b80": {
    "app_sintetizada": "84560406AD8521B80",
    "cantidad_archivos": 1,
    "archivos_fuente": [
      "Library/Application Support/Google/Chrome/Default/Service Worker/CacheStorage/d1394a4c842f7861ad7ae5e20da4b484a0c4acad/a5a18824-56f6-4f5f-abb6-64683cbd37bb/84560406ad8521b8_0"
    ],
    "ultima_modificacion": "2025-08-01 01:01:33.348564"
  },
  "d3b7b27714c4a4900": {
    "app_sintetizada": "D3B7B27714C4A4900",
    "cantidad_archivos": 1,
    "archivos_fuente": [
      "Library/Application Support/Google/Chrome/Default/Service Worker/CacheStorage/d1394a4c842f7861ad7ae5e20da4b484a0c4acad/a5a18824-56f6-4f5f-abb6-64683cbd37bb/d3b7b27714c4a490_0"
    ],
    "ultima_modificacion": "2025-08-01 01:01:33.348878"
  },
  "060b15d294a2d5740": {
    "app_sintetizada": "060B15D294A2D5740",
    "cantidad_archivos": 1,
    "archivos_fuente": [
      "Library/Application Support/Google/Chrome/Default/Service Worker/CacheStorage/d1394a4c842f7861ad7ae5e20da4b484a0c4acad/a5a18824-56f6-4f5f-abb6-64683cbd37bb/060b15d294a2d574_0"
    ],
    "ultima_modificacion": "2025-08-01 01:01:33.349192"
  },
  "a61a9cb23327d6a40": {
    "app_sintetizada": "A61A9CB23327D6A40",
    "cantidad_archivos": 1,
    "archivos_fuente": [
      "Library/Application Support/Google/Chrome/Default/Service Worker/CacheStorage/d1394a4c842f7861ad7ae5e20da4b484a0c4acad/a5a18824-56f6-4f5f-abb6-64683cbd37bb/a61a9cb23327d6a4_0"
    ],
    "ultima_modificacion": "2025-08-01 01:01:33.349506"
  },
  "516bc99380da4f9b0": {
    "app_sintetizada": "516BC99380DA4F9B0",
    "cantidad_archivos": 1,
    "archivos_fuente": [
      "Library/Application Support/Google/Chrome/Default/Service Worker/CacheStorage/d1394a4c842f7861ad7ae5e20da4b484a0c4acad/a5a18824-56f6-4f5f-abb6-64683cbd37bb/516bc99380da4f9b_0"
    ],
    "ultima_modificacion": "2025-08-01 01:01:33.349808"
  },
  "7bb900ec5389d4f20": {
    "app_sintetizada": "7BB900EC5389D4F20",
    "cantidad_archivos": 1,
    "archivos_fuente": [
      "Library/Application Support/Google/Chrome/Default/Service Worker/CacheStorage/d1394a4c842f7861ad7ae5e20da4b484a0c4acad/a5a18824-56f6-4f5f-abb6-64683cbd37bb/7bb900ec5389d4f2_0"
    ],
    "ultima_modificacion": "2025-08-01 01:01:33.350106"
  },
  "38d5a6123800f7f30": {
    "app_sintetizada": "38D5A6123800F7F30",
    "cantidad_archivos": 1,
    "archivos_fuente": [
      "Library/Application Support/Google/Chrome/Default/Service Worker/CacheStorage/d1394a4c842f7861ad7ae5e20da4b484a0c4acad/a5a18824-56f6-4f5f-abb6-64683cbd37bb/38d5a6123800f7f3_0"
    ],
    "ultima_modificacion": "2025-08-01 01:01:33.350395"
  },
  "be5ab5c826e2f7420": {
    "app_sintetizada": "BE5AB5C826E2F7420",
    "cantidad_archivos": 1,
    "archivos_fuente": [
      "Library/Application Support/Google/Chrome/Default/Service Worker/CacheStorage/d1394a4c842f7861ad7ae5e20da4b484a0c4acad/a5a18824-56f6-4f5f-abb6-64683cbd37bb/be5ab5c826e2f742_0"
    ],
    "ultima_modificacion": "2025-08-01 01:01:33.350713"
  },
  "28322b25f2aa41500": {
    "app_sintetizada": "28322B25F2AA41500",
    "cantidad_archivos": 1,
    "archivos_fuente": [
      "Library/Application Support/Google/Chrome/Default/Service Worker/CacheStorage/d1394a4c842f7861ad7ae5e20da4b484a0c4acad/a5a18824-56f6-4f5f-abb6-64683cbd37bb/28322b25f2aa4150_0"
    ],
    "ultima_modificacion": "2025-08-01 01:01:33.351015"
  },
  "09ac9e2892aad6d90": {
    "app_sintetizada": "09AC9E2892AAD6D90",
    "cantidad_archivos": 1,
    "archivos_fuente": [
      "Library/Application Support/Google/Chrome/Default/Service Worker/CacheStorage/d1394a4c842f7861ad7ae5e20da4b484a0c4acad/a5a18824-56f6-4f5f-abb6-64683cbd37bb/09ac9e2892aad6d9_0"
    ],
    "ultima_modificacion": "2025-08-01 01:01:33.351305"
  },
  "ebd6c36887fcd1d60": {
    "app_sintetizada": "EBD6C36887FCD1D60",
    "cantidad_archivos": 1,
    "archivos_fuente": [
      "Library/Application Support/Google/Chrome/Default/Service Worker/CacheStorage/d1394a4c842f7861ad7ae5e20da4b484a0c4acad/a5a18824-56f6-4f5f-abb6-64683cbd37bb/ebd6c36887fcd1d6_0"
    ],
    "ultima_modificacion": "2025-08-01 01:01:33.351596"
  },
  "ed8b41a4f02af8050": {
    "app_sintetizada": "ED8B41A4F02AF8050",
    "cantidad_archivos": 1,
    "archivos_fuente": [
      "Library/Application Support/Google/Chrome/Default/Service Worker/CacheStorage/d1394a4c842f7861ad7ae5e20da4b484a0c4acad/a5a18824-56f6-4f5f-abb6-64683cbd37bb/ed8b41a4f02af805_0"
    ],
    "ultima_modificacion": "2025-08-01 01:01:33.351889"
  },
  "1bda90ecea4bb8120": {
    "app_sintetizada": "1BDA90ECEA4BB8120",
    "cantidad_archivos": 1,
    "archivos_fuente": [
      "Library/Application Support/Google/Chrome/Default/Service Worker/CacheStorage/d1394a4c842f7861ad7ae5e20da4b484a0c4acad/a5a18824-56f6-4f5f-abb6-64683cbd37bb/1bda90ecea4bb812_0"
    ],
    "ultima_modificacion": "2025-08-01 01:01:33.352170"
  },
  "ce12890bc468bc8e0": {
    "app_sintetizada": "CE12890BC468BC8E0",
    "cantidad_archivos": 1,
    "archivos_fuente": [
      "Library/Application Support/Google/Chrome/Default/Service Worker/CacheStorage/d1394a4c842f7861ad7ae5e20da4b484a0c4acad/a5a18824-56f6-4f5f-abb6-64683cbd37bb/ce12890bc468bc8e_0"
    ],
    "ultima_modificacion": "2025-08-01 01:01:33.352456"
  },
  "04a58361a54658ec0": {
    "app_sintetizada": "04A58361A54658EC0",
    "cantidad_archivos": 1,
    "archivos_fuente": [
      "Library/Application Support/Google/Chrome/Default/Service Worker/CacheStorage/d1394a4c842f7861ad7ae5e20da4b484a0c4acad/a5a18824-56f6-4f5f-abb6-64683cbd37bb/04a58361a54658ec_0"
    ],
    "ultima_modificacion": "2025-08-01 01:01:33.352792"
  },
  "3833078a0af0a6c90": {
    "app_sintetizada": "3833078A0AF0A6C90",
    "cantidad_archivos": 1,
    "archivos_fuente": [
      "Library/Application Support/Google/Chrome/Default/Service Worker/CacheStorage/d1394a4c842f7861ad7ae5e20da4b484a0c4acad/a5a18824-56f6-4f5f-abb6-64683cbd37bb/3833078a0af0a6c9_0"
    ],
    "ultima_modificacion": "2025-08-01 01:01:33.353085"
  },
  "e9a31ecf82ec20d40": {
    "app_sintetizada": "E9A31ECF82EC20D40",
    "cantidad_archivos": 1,
    "archivos_fuente": [
      "Library/Application Support/Google/Chrome/Default/Service Worker/CacheStorage/d1394a4c842f7861ad7ae5e20da4b484a0c4acad/a5a18824-56f6-4f5f-abb6-64683cbd37bb/e9a31ecf82ec20d4_0"
    ],
    "ultima_modificacion": "2025-08-01 01:01:33.353372"
  },
  "814668cb43ef38d90": {
    "app_sintetizada": "814668CB43EF38D90",
    "cantidad_archivos": 1,
    "archivos_fuente": [
      "Library/Application Support/Google/Chrome/Default/Service Worker/CacheStorage/d1394a4c842f7861ad7ae5e20da4b484a0c4acad/a5a18824-56f6-4f5f-abb6-64683cbd37bb/814668cb43ef38d9_0"
    ],
    "ultima_modificacion": "2025-08-01 01:01:33.353696"
  },
  "7496b6c618a5f0290": {
    "app_sintetizada": "7496B6C618A5F0290",
    "cantidad_archivos": 1,
    "archivos_fuente": [
      "Library/Application Support/Google/Chrome/Default/Service Worker/CacheStorage/d1394a4c842f7861ad7ae5e20da4b484a0c4acad/a5a18824-56f6-4f5f-abb6-64683cbd37bb/7496b6c618a5f029_0"
    ],
    "ultima_modificacion": "2025-08-01 01:01:33.354012"
  },
  "6b15d41a55228b360": {
    "app_sintetizada": "6B15D41A55228B360",
    "cantidad_archivos": 1,
    "archivos_fuente": [
      "Library/Application Support/Google/Chrome/Default/Service Worker/CacheStorage/d1394a4c842f7861ad7ae5e20da4b484a0c4acad/a5a18824-56f6-4f5f-abb6-64683cbd37bb/6b15d41a55228b36_0"
    ],
    "ultima_modificacion": "2025-08-01 01:01:33.354316"
  },
  "7534d495e673ae9e0": {
    "app_sintetizada": "7534D495E673AE9E0",
    "cantidad_archivos": 1,
    "archivos_fuente": [
      "Library/Application Support/Google/Chrome/Default/Service Worker/CacheStorage/d1394a4c842f7861ad7ae5e20da4b484a0c4acad/a5a18824-56f6-4f5f-abb6-64683cbd37bb/7534d495e673ae9e_0"
    ],
    "ultima_modificacion": "2025-08-01 01:01:33.354615"
  },
  "c2597b4117b5e9930": {
    "app_sintetizada": "C2597B4117B5E9930",
    "cantidad_archivos": 1,
    "archivos_fuente": [
      "Library/Application Support/Google/Chrome/Default/Service Worker/CacheStorage/d1394a4c842f7861ad7ae5e20da4b484a0c4acad/a5a18824-56f6-4f5f-abb6-64683cbd37bb/c2597b4117b5e993_0"
    ],
    "ultima_modificacion": "2025-08-01 01:01:33.354911"
  },
  "b0f67c9d0297d1700": {
    "app_sintetizada": "B0F67C9D0297D1700",
    "cantidad_archivos": 1,
    "archivos_fuente": [
      "Library/Application Support/Google/Chrome/Default/Service Worker/CacheStorage/d1394a4c842f7861ad7ae5e20da4b484a0c4acad/a5a18824-56f6-4f5f-abb6-64683cbd37bb/b0f67c9d0297d170_0"
    ],
    "ultima_modificacion": "2025-08-01 01:01:33.355200"
  },
  "1e14edc653516e5b0": {
    "app_sintetizada": "1E14EDC653516E5B0",
    "cantidad_archivos": 1,
    "archivos_fuente": [
      "Library/Application Support/Google/Chrome/Default/Service Worker/CacheStorage/d1394a4c842f7861ad7ae5e20da4b484a0c4acad/a5a18824-56f6-4f5f-abb6-64683cbd37bb/1e14edc653516e5b_0"
    ],
    "ultima_modificacion": "2025-08-01 01:01:33.355501"
  },
  "1d51a2b46e7b4f1c0": {
    "app_sintetizada": "1D51A2B46E7B4F1C0",
    "cantidad_archivos": 1,
    "archivos_fuente": [
      "Library/Application Support/Google/Chrome/Default/Service Worker/CacheStorage/d1394a4c842f7861ad7ae5e20da4b484a0c4acad/a5a18824-56f6-4f5f-abb6-64683cbd37bb/1d51a2b46e7b4f1c_0"
    ],
    "ultima_modificacion": "2025-08-01 01:01:33.355790"
  },
  "5af8349da3f2b53c0": {
    "app_sintetizada": "5AF8349DA3F2B53C0",
    "cantidad_archivos": 1,
    "archivos_fuente": [
      "Library/Application Support/Google/Chrome/Default/Service Worker/CacheStorage/d1394a4c842f7861ad7ae5e20da4b484a0c4acad/a5a18824-56f6-4f5f-abb6-64683cbd37bb/5af8349da3f2b53c_0"
    ],
    "ultima_modificacion": "2025-08-01 01:01:33.356079"
  },
  "cefa11a3b1583d140": {
    "app_sintetizada": "CEFA11A3B1583D140",
    "cantidad_archivos": 1,
    "archivos_fuente": [
      "Library/Application Support/Google/Chrome/Default/Service Worker/CacheStorage/d1394a4c842f7861ad7ae5e20da4b484a0c4acad/a5a18824-56f6-4f5f-abb6-64683cbd37bb/cefa11a3b1583d14_0"
    ],
    "ultima_modificacion": "2025-08-01 01:01:33.356369"
  },
  "46b80b7abf56e5c10": {
    "app_sintetizada": "46B80B7ABF56E5C10",
    "cantidad_archivos": 1,
    "archivos_fuente": [
      "Library/Application Support/Google/Chrome/Default/Service Worker/CacheStorage/d1394a4c842f7861ad7ae5e20da4b484a0c4acad/a5a18824-56f6-4f5f-abb6-64683cbd37bb/46b80b7abf56e5c1_0"
    ],
    "ultima_modificacion": "2025-08-01 01:01:33.356666"
  },
  "2f52df71b2ef313b0": {
    "app_sintetizada": "2F52DF71B2EF313B0",
    "cantidad_archivos": 1,
    "archivos_fuente": [
      "Library/Application Support/Google/Chrome/Default/Service Worker/CacheStorage/d1394a4c842f7861ad7ae5e20da4b484a0c4acad/a5a18824-56f6-4f5f-abb6-64683cbd37bb/2f52df71b2ef313b_0"
    ],
    "ultima_modificacion": "2025-08-01 01:01:33.356991"
  },
  "8805d9ac5a0342f30": {
    "app_sintetizada": "8805D9AC5A0342F30",
    "cantidad_archivos": 1,
    "archivos_fuente": [
      "Library/Application Support/Google/Chrome/Default/Service Worker/CacheStorage/d1394a4c842f7861ad7ae5e20da4b484a0c4acad/a5a18824-56f6-4f5f-abb6-64683cbd37bb/8805d9ac5a0342f3_0"
    ],
    "ultima_modificacion": "2025-08-01 01:01:33.357315"
  },
  "0c44f75cd9b7af540": {
    "app_sintetizada": "0C44F75CD9B7AF540",
    "cantidad_archivos": 1,
    "archivos_fuente": [
      "Library/Application Support/Google/Chrome/Default/Service Worker/CacheStorage/d1394a4c842f7861ad7ae5e20da4b484a0c4acad/a5a18824-56f6-4f5f-abb6-64683cbd37bb/0c44f75cd9b7af54_0"
    ],
    "ultima_modificacion": "2025-08-01 01:01:33.357630"
  },
  "727189d3b445c0ca0": {
    "app_sintetizada": "727189D3B445C0CA0",
    "cantidad_archivos": 1,
    "archivos_fuente": [
      "Library/Application Support/Google/Chrome/Default/Service Worker/CacheStorage/d1394a4c842f7861ad7ae5e20da4b484a0c4acad/a5a18824-56f6-4f5f-abb6-64683cbd37bb/727189d3b445c0ca_0"
    ],
    "ultima_modificacion": "2025-08-01 01:01:33.357929"
  },
  "950b34495e98b0ca0": {
    "app_sintetizada": "950B34495E98B0CA0",
    "cantidad_archivos": 1,
    "archivos_fuente": [
      "Library/Application Support/Google/Chrome/Default/Service Worker/CacheStorage/d1394a4c842f7861ad7ae5e20da4b484a0c4acad/a5a18824-56f6-4f5f-abb6-64683cbd37bb/950b34495e98b0ca_0"
    ],
    "ultima_modificacion": "2025-08-01 01:01:33.358230"
  },
  "70c9a39cccf53e1b0": {
    "app_sintetizada": "70C9A39CCCF53E1B0",
    "cantidad_archivos": 1,
    "archivos_fuente": [
      "Library/Application Support/Google/Chrome/Default/Service Worker/CacheStorage/d1394a4c842f7861ad7ae5e20da4b484a0c4acad/a5a18824-56f6-4f5f-abb6-64683cbd37bb/70c9a39cccf53e1b_0"
    ],
    "ultima_modificacion": "2025-08-01 01:01:33.358559"
  },
  "e83e7ae33de844a10": {
    "app_sintetizada": "E83E7AE33DE844A10",
    "cantidad_archivos": 1,
    "archivos_fuente": [
      "Library/Application Support/Google/Chrome/Default/Service Worker/CacheStorage/d1394a4c842f7861ad7ae5e20da4b484a0c4acad/a5a18824-56f6-4f5f-abb6-64683cbd37bb/e83e7ae33de844a1_0"
    ],
    "ultima_modificacion": "2025-08-01 01:01:33.358894"
  },
  "abb943cbec8b09ef0": {
    "app_sintetizada": "ABB943CBEC8B09EF0",
    "cantidad_archivos": 1,
    "archivos_fuente": [
      "Library/Application Support/Google/Chrome/Default/Service Worker/CacheStorage/d1394a4c842f7861ad7ae5e20da4b484a0c4acad/a5a18824-56f6-4f5f-abb6-64683cbd37bb/abb943cbec8b09ef_0"
    ],
    "ultima_modificacion": "2025-08-01 01:01:33.359462"
  },
  "3a14192c4dfb08e70": {
    "app_sintetizada": "3A14192C4DFB08E70",
    "cantidad_archivos": 1,
    "archivos_fuente": [
      "Library/Application Support/Google/Chrome/Default/Service Worker/CacheStorage/d1394a4c842f7861ad7ae5e20da4b484a0c4acad/a5a18824-56f6-4f5f-abb6-64683cbd37bb/3a14192c4dfb08e7_0"
    ],
    "ultima_modificacion": "2025-08-01 01:01:33.359784"
  },
  "bf411b5e1be476540": {
    "app_sintetizada": "BF411B5E1BE476540",
    "cantidad_archivos": 1,
    "archivos_fuente": [
      "Library/Application Support/Google/Chrome/Default/Service Worker/CacheStorage/d1394a4c842f7861ad7ae5e20da4b484a0c4acad/a5a18824-56f6-4f5f-abb6-64683cbd37bb/bf411b5e1be47654_0"
    ],
    "ultima_modificacion": "2025-08-01 01:01:33.360086"
  },
  "80e32f2bf2140aa40": {
    "app_sintetizada": "80E32F2BF2140AA40",
    "cantidad_archivos": 1,
    "archivos_fuente": [
      "Library/Application Support/Google/Chrome/Default/Service Worker/CacheStorage/d1394a4c842f7861ad7ae5e20da4b484a0c4acad/a5a18824-56f6-4f5f-abb6-64683cbd37bb/80e32f2bf2140aa4_0"
    ],
    "ultima_modificacion": "2025-08-01 01:01:33.360377"
  },
  "6b18a196543e12400": {
    "app_sintetizada": "6B18A196543E12400",
    "cantidad_archivos": 1,
    "archivos_fuente": [
      "Library/Application Support/Google/Chrome/Default/Service Worker/CacheStorage/d1394a4c842f7861ad7ae5e20da4b484a0c4acad/a5a18824-56f6-4f5f-abb6-64683cbd37bb/6b18a196543e1240_0"
    ],
    "ultima_modificacion": "2025-08-01 01:01:33.360672"
  },
  "87d3c159732c2cdc0": {
    "app_sintetizada": "87D3C159732C2CDC0",
    "cantidad_archivos": 1,
    "archivos_fuente": [
      "Library/Application Support/Google/Chrome/Default/Service Worker/CacheStorage/d1394a4c842f7861ad7ae5e20da4b484a0c4acad/a5a18824-56f6-4f5f-abb6-64683cbd37bb/87d3c159732c2cdc_0"
    ],
    "ultima_modificacion": "2025-08-01 01:01:33.360961"
  },
  "8f2e77a3322eb20f0": {
    "app_sintetizada": "8F2E77A3322EB20F0",
    "cantidad_archivos": 1,
    "archivos_fuente": [
      "Library/Application Support/Google/Chrome/Default/Service Worker/CacheStorage/d1394a4c842f7861ad7ae5e20da4b484a0c4acad/a5a18824-56f6-4f5f-abb6-64683cbd37bb/8f2e77a3322eb20f_0"
    ],
    "ultima_modificacion": "2025-08-01 01:01:33.361258"
  },
  "ae71f201e3d8c7d90": {
    "app_sintetizada": "AE71F201E3D8C7D90",
    "cantidad_archivos": 1,
    "archivos_fuente": [
      "Library/Application Support/Google/Chrome/Default/Service Worker/CacheStorage/d1394a4c842f7861ad7ae5e20da4b484a0c4acad/a5a18824-56f6-4f5f-abb6-64683cbd37bb/ae71f201e3d8c7d9_0"
    ],
    "ultima_modificacion": "2025-08-01 01:01:33.361537"
  }
}