{
  "data.svg": {
    "app_sintetizada": "DATA.SVG",
    "cantidad_archivos": 1,
    "archivos_fuente": [
      "Library/Application Support/Google/Chrome/Default/Extensions/nkbihfbeogaeaoehlefnkodbefgpgknn/12.23.1_0/images/icons/data.svg"
    ],
    "ultima_modificacion": "2025-08-01 01:01:35.707272"
  },
  "cloud.svg": {
    "app_sintetizada": "CLOUD.SVG",
    "cantidad_archivos": 1,
    "archivos_fuente": [
      "Library/Application Support/Google/Chrome/Default/Extensions/nkbihfbeogaeaoehlefnkodbefgpgknn/12.23.1_0/images/icons/cloud.svg"
    ],
    "ultima_modificacion": "2025-08-01 01:01:35.707620"
  },
  "error.svg": {
    "app_sintetizada": "ERROR.SVG",
    "cantidad_archivos": 1,
    "archivos_fuente": [
      "Library/Application Support/Google/Chrome/Default/Extensions/nkbihfbeogaeaoehlefnkodbefgpgknn/12.23.1_0/images/icons/error.svg"
    ],
    "ultima_modificacion": "2025-08-01 01:01:35.707968"
  },
  "upload.svg": {
    "app_sintetizada": "UPLOAD.SVG",
    "cantidad_archivos": 1,
    "archivos_fuente": [
      "Library/Application Support/Google/Chrome/Default/Extensions/nkbihfbeogaeaoehlefnkodbefgpgknn/12.23.1_0/images/icons/upload.svg"
    ],
    "ultima_modificacion": "2025-08-01 01:01:35.708315"
  },
  "bookmark.svg": {
    "app_sintetizada": "BOOKMARK.SVG",
    "cantidad_archivos": 1,
    "archivos_fuente": [
      "Library/Application Support/Google/Chrome/Default/Extensions/nkbihfbeogaeaoehlefnkodbefgpgknn/12.23.1_0/images/icons/bookmark.svg"
    ],
    "ultima_modificacion": "2025-08-01 01:01:35.708656"
  },
  "unfold.svg": {
    "app_sintetizada": "UNFOLD.SVG",
    "cantidad_archivos": 1,
    "archivos_fuente": [
      "Library/Application Support/Google/Chrome/Default/Extensions/nkbihfbeogaeaoehlefnkodbefgpgknn/12.23.1_0/images/icons/unfold.svg"
    ],
    "ultima_modificacion": "2025-08-01 01:01:35.708994"
  },
  "rocket.svg": {
    "app_sintetizada": "ROCKET.SVG",
    "cantidad_archivos": 1,
    "archivos_fuente": [
      "Library/Application Support/Google/Chrome/Default/Extensions/nkbihfbeogaeaoehlefnkodbefgpgknn/12.23.1_0/images/icons/rocket.svg"
    ],
    "ultima_modificacion": "2025-08-01 01:01:35.709319"
  },
  "usercheck.svg": {
    "app_sintetizada": "USERCHECK.SVG",
    "cantidad_archivos": 1,
    "archivos_fuente": [
      "Library/Application Support/Google/Chrome/Default/Extensions/nkbihfbeogaeaoehlefnkodbefgpgknn/12.23.1_0/images/icons/user-check.svg"
    ],
    "ultima_modificacion": "2025-08-01 01:01:35.709643"
  },
  "tablet.svg": {
    "app_sintetizada": "TABLET.SVG",
    "cantidad_archivos": 1,
    "archivos_fuente": [
      "Library/Application Support/Google/Chrome/Default/Extensions/nkbihfbeogaeaoehlefnkodbefgpgknn/12.23.1_0/images/icons/tablet.svg"
    ],
    "ultima_modificacion": "2025-08-01 01:01:35.709984"
  },
  "creditcheck.svg": {
    "app_sintetizada": "CREDITCHECK.SVG",
    "cantidad_archivos": 1,
    "archivos_fuente": [
      "Library/Application Support/Google/Chrome/Default/Extensions/nkbihfbeogaeaoehlefnkodbefgpgknn/12.23.1_0/images/icons/credit-check.svg"
    ],
    "ultima_modificacion": "2025-08-01 01:01:35.710324"
  },
  "clouddownload.svg": {
    "app_sintetizada": "CLOUDDOWNLOAD.SVG",
    "cantidad_archivos": 1,
    "archivos_fuente": [
      "Library/Application Support/Google/Chrome/Default/Extensions/nkbihfbeogaeaoehlefnkodbefgpgknn/12.23.1_0/images/icons/cloud-download.svg"
    ],
    "ultima_modificacion": "2025-08-01 01:01:35.710649"
  },
  "uploadfile.svg": {
    "app_sintetizada": "UPLOADFILE.SVG",
    "cantidad_archivos": 1,
    "archivos_fuente": [
      "Library/Application Support/Google/Chrome/Default/Extensions/nkbihfbeogaeaoehlefnkodbefgpgknn/12.23.1_0/images/icons/upload-file.svg"
    ],
    "ultima_modificacion": "2025-08-01 01:01:35.710975"
  },
  "trenddown.svg": {
    "app_sintetizada": "TRENDDOWN.SVG",
    "cantidad_archivos": 1,
    "archivos_fuente": [
      "Library/Application Support/Google/Chrome/Default/Extensions/nkbihfbeogaeaoehlefnkodbefgpgknn/12.23.1_0/images/icons/trend-down.svg"
    ],
    "ultima_modificacion": "2025-08-01 01:01:35.711291"
  },
  "priorityhigh.svg": {
    "app_sintetizada": "PRIORITYHIGH.SVG",
    "cantidad_archivos": 1,
    "archivos_fuente": [
      "Library/Application Support/Google/Chrome/Default/Extensions/nkbihfbeogaeaoehlefnkodbefgpgknn/12.23.1_0/images/icons/priority-high.svg"
    ],
    "ultima_modificacion": "2025-08-01 01:01:35.711612"
  },
  "menu.svg": {
    "app_sintetizada": "MENU.SVG",
    "cantidad_archivos": 3,
    "archivos_fuente": [
      "Library/Application Support/Google/Chrome/Default/Extensions/nkbihfbeogaeaoehlefnkodbefgpgknn/12.23.1_0/images/icons/menu.svg",
      "Library/Application Support/Google/Chrome/Default/Extensions/fjnbnpbmkenffdnngjfgmeleoegfcffe/3.4.5_0/icons/header/menu.svg",
      "Library/Application Support/Google/Chrome/Default/Extensions/fjnbnpbmkenffdnngjfgmeleoegfcffe/3.4.5_0/icons/one-click-install/menu.svg"
    ],
    "ultima_modificacion": "2025-08-01 01:01:35.711908"
  },
  "securityuser.svg": {
    "app_sintetizada": "SECURITYUSER.SVG",
    "cantidad_archivos": 1,
    "archivos_fuente": [
      "Library/Application Support/Google/Chrome/Default/Extensions/nkbihfbeogaeaoehlefnkodbefgpgknn/12.23.1_0/images/icons/security-user.svg"
    ],
    "ultima_modificacion": "2025-08-01 01:01:35.712206"
  },
  "unpin.svg": {
    "app_sintetizada": "UNPIN.SVG",
    "cantidad_archivos": 1,
    "archivos_fuente": [
      "Library/Application Support/Google/Chrome/Default/Extensions/nkbihfbeogaeaoehlefnkodbefgpgknn/12.23.1_0/images/icons/unpin.svg"
    ],
    "ultima_modificacion": "2025-08-01 01:01:35.712510"
  },
  "shoppingcart.svg": {
    "app_sintetizada": "SHOPPINGCART.SVG",
    "cantidad_archivos": 1,
    "archivos_fuente": [
      "Library/Application Support/Google/Chrome/Default/Extensions/nkbihfbeogaeaoehlefnkodbefgpgknn/12.23.1_0/images/icons/shopping-cart.svg"
    ],
    "ultima_modificacion": "2025-08-01 01:01:35.712784"
  },
  "calculator.svg": {
    "app_sintetizada": "CALCULATOR.SVG",
    "cantidad_archivos": 1,
    "archivos_fuente": [
      "Library/Application Support/Google/Chrome/Default/Extensions/nkbihfbeogaeaoehlefnkodbefgpgknn/12.23.1_0/images/icons/calculator.svg"
    ],
    "ultima_modificacion": "2025-08-01 01:01:35.713200"
  },
  "moneybag.svg": {
    "app_sintetizada": "MONEYBAG.SVG",
    "cantidad_archivos": 1,
    "archivos_fuente": [
      "Library/Application Support/Google/Chrome/Default/Extensions/nkbihfbeogaeaoehlefnkodbefgpgknn/12.23.1_0/images/icons/money-bag.svg"
    ],
    "ultima_modificacion": "2025-08-01 01:01:35.713487"
  },
  "apple.svg": {
    "app_sintetizada": "APPLE.SVG",
    "cantidad_archivos": 1,
    "archivos_fuente": [
      "Library/Application Support/Google/Chrome/Default/Extensions/nkbihfbeogaeaoehlefnkodbefgpgknn/12.23.1_0/images/icons/apple.svg"
    ],
    "ultima_modificacion": "2025-08-01 01:01:35.713786"
  },
  "graph.svg": {
    "app_sintetizada": "GRAPH.SVG",
    "cantidad_archivos": 1,
    "archivos_fuente": [
      "Library/Application Support/Google/Chrome/Default/Extensions/nkbihfbeogaeaoehlefnkodbefgpgknn/12.23.1_0/images/icons/graph.svg"
    ],
    "ultima_modificacion": "2025-08-01 01:01:35.714053"
  },
  "securityalert.svg": {
    "app_sintetizada": "SECURITYALERT.SVG",
    "cantidad_archivos": 1,
    "archivos_fuente": [
      "Library/Application Support/Google/Chrome/Default/Extensions/nkbihfbeogaeaoehlefnkodbefgpgknn/12.23.1_0/images/icons/security-alert.svg"
    ],
    "ultima_modificacion": "2025-08-01 01:01:35.714328"
  },
  "folder.svg": {
    "app_sintetizada": "FOLDER.SVG",
    "cantidad_archivos": 1,
    "archivos_fuente": [
      "Library/Application Support/Google/Chrome/Default/Extensions/nkbihfbeogaeaoehlefnkodbefgpgknn/12.23.1_0/images/icons/folder.svg"
    ],
    "ultima_modificacion": "2025-08-01 01:01:35.714634"
  },
  "arrowdropdowncircle.svg": {
    "app_sintetizada": "ARROWDROPDOWNCIRCLE.SVG",
    "cantidad_archivos": 1,
    "archivos_fuente": [
      "Library/Application Support/Google/Chrome/Default/Extensions/nkbihfbeogaeaoehlefnkodbefgpgknn/12.23.1_0/images/icons/arrow-drop-down-circle.svg"
    ],
    "ultima_modificacion": "2025-08-01 01:01:35.714903"
  },
  "copysuccess.svg": {
    "app_sintetizada": "COPYSUCCESS.SVG",
    "cantidad_archivos": 1,
    "archivos_fuente": [
      "Library/Application Support/Google/Chrome/Default/Extensions/nkbihfbeogaeaoehlefnkodbefgpgknn/12.23.1_0/images/icons/copy-success.svg"
    ],
    "ultima_modificacion": "2025-08-01 01:01:35.715258"
  },
  "fingerprint.svg": {
    "app_sintetizada": "FINGERPRINT.SVG",
    "cantidad_archivos": 1,
    "archivos_fuente": [
      "Library/Application Support/Google/Chrome/Default/Extensions/nkbihfbeogaeaoehlefnkodbefgpgknn/12.23.1_0/images/icons/fingerprint.svg"
    ],
    "ultima_modificacion": "2025-08-01 01:01:35.715492"
  },
  "monitor.svg": {
    "app_sintetizada": "MONITOR.SVG",
    "cantidad_archivos": 1,
    "archivos_fuente": [
      "Library/Application Support/Google/Chrome/Default/Extensions/nkbihfbeogaeaoehlefnkodbefgpgknn/12.23.1_0/images/icons/monitor.svg"
    ],
    "ultima_modificacion": "2025-08-01 01:01:35.715706"
  },
  "minus.svg": {
    "app_sintetizada": "MINUS.SVG",
    "cantidad_archivos": 2,
    "archivos_fuente": [
      "Library/Application Support/Google/Chrome/Default/Extensions/nkbihfbeogaeaoehlefnkodbefgpgknn/12.23.1_0/images/icons/minus.svg",
      "Library/Application Support/Google/Chrome/Default/Extensions/fjnbnpbmkenffdnngjfgmeleoegfcffe/3.4.5_0/icons/editor/minus.svg"
    ],
    "ultima_modificacion": "2025-08-01 01:01:35.715918"
  },
  "gas.svg": {
    "app_sintetizada": "GAS.SVG",
    "cantidad_archivos": 1,
    "archivos_fuente": [
      "Library/Application Support/Google/Chrome/Default/Extensions/nkbihfbeogaeaoehlefnkodbefgpgknn/12.23.1_0/images/icons/gas.svg"
    ],
    "ultima_modificacion": "2025-08-01 01:01:35.716141"
  },
  "print.svg": {
    "app_sintetizada": "PRINT.SVG",
    "cantidad_archivos": 1,
    "archivos_fuente": [
      "Library/Application Support/Google/Chrome/Default/Extensions/nkbihfbeogaeaoehlefnkodbefgpgknn/12.23.1_0/images/icons/print.svg"
    ],
    "ultima_modificacion": "2025-08-01 01:01:35.716351"
  },
  "viewcolumn.svg": {
    "app_sintetizada": "VIEWCOLUMN.SVG",
    "cantidad_archivos": 1,
    "archivos_fuente": [
      "Library/Application Support/Google/Chrome/Default/Extensions/nkbihfbeogaeaoehlefnkodbefgpgknn/12.23.1_0/images/icons/view-column.svg"
    ],
    "ultima_modificacion": "2025-08-01 01:01:35.716558"
  },
  "student.svg": {
    "app_sintetizada": "STUDENT.SVG",
    "cantidad_archivos": 1,
    "archivos_fuente": [
      "Library/Application Support/Google/Chrome/Default/Extensions/nkbihfbeogaeaoehlefnkodbefgpgknn/12.23.1_0/images/icons/student.svg"
    ],
    "ultima_modificacion": "2025-08-01 01:01:35.716790"
  },
  "accessibility.svg": {
    "app_sintetizada": "ACCESSIBILITY.SVG",
    "cantidad_archivos": 1,
    "archivos_fuente": [
      "Library/Application Support/Google/Chrome/Default/Extensions/nkbihfbeogaeaoehlefnkodbefgpgknn/12.23.1_0/images/icons/accessibility.svg"
    ],
    "ultima_modificacion": "2025-08-01 01:01:35.716999"
  },
  "snapsplus.svg": {
    "app_sintetizada": "SNAPSPLUS.SVG",
    "cantidad_archivos": 1,
    "archivos_fuente": [
      "Library/Application Support/Google/Chrome/Default/Extensions/nkbihfbeogaeaoehlefnkodbefgpgknn/12.23.1_0/images/icons/snaps-plus.svg"
    ],
    "ultima_modificacion": "2025-08-01 01:01:35.717268"
  },
  "heart.svg": {
    "app_sintetizada": "HEART.SVG",
    "cantidad_archivos": 1,
    "archivos_fuente": [
      "Library/Application Support/Google/Chrome/Default/Extensions/nkbihfbeogaeaoehlefnkodbefgpgknn/12.23.1_0/images/icons/heart.svg"
    ],
    "ultima_modificacion": "2025-08-01 01:01:35.717584"
  },
  "smarttransactionsoptinbackground.svg": {
    "app_sintetizada": "SMARTTRANSACTIONSOPTINBACKGROUND.SVG",
    "cantidad_archivos": 1,
    "archivos_fuente": [
      "Library/Application Support/Google/Chrome/Default/Extensions/nkbihfbeogaeaoehlefnkodbefgpgknn/12.23.1_0/images/smart-transactions/smart-transactions-opt-in-background.svg"
    ],
    "ultima_modificacion": "2025-08-01 01:01:35.717909"
  },
  "smartaccountupdate.svg": {
    "app_sintetizada": "SMARTACCOUNTUPDATE.SVG",
    "cantidad_archivos": 1,
    "archivos_fuente": [
      "Library/Application Support/Google/Chrome/Default/Extensions/nkbihfbeogaeaoehlefnkodbefgpgknn/12.23.1_0/images/smart-transactions/smart-account-update.svg"
    ],
    "ultima_modificacion": "2025-08-01 01:01:35.718167"
  },
  "bundle.js": {
    "app_sintetizada": "BUNDLE.JS",
    "cantidad_archivos": 8,
    "archivos_fuente": [
      "Library/Application Support/Google/Chrome/Default/Extensions/nkbihfbeogaeaoehlefnkodbefgpgknn/12.23.1_0/snaps/bundle.js",
      "Library/CloudStorage/Dropbox/APPS HIPERFOCO.CL/AGENDAS CLINICAS CENTROS SALUD PUBLICOS Y PRIVADOS/agenda-clinica-interoperable/node_modules/next/dist/compiled/babel/bundle.js",
      "Library/CloudStorage/Dropbox/APPS HIPERFOCO.CL/AGENDAS CLINICAS CENTROS SALUD PUBLICOS Y PRIVADOS/agenda-clinica-interoperable/node_modules/ajv/scripts/bundle.js",
      "Library/CloudStorage/Dropbox/APPS HIPERFOCO.CL/AGENDAS CLINICAS CENTROS SALUD PUBLICOS Y PRIVADOS/AGENDA CLINICA PORTABLE E INTEROPERAPLE/AGENDA CLI\u0301NICA INTEROPERABLE/agenda-clinica-interoperable/node_modules/next/dist/compiled/babel/bundle.js",
      "Library/CloudStorage/Dropbox/APPS HIPERFOCO.CL/AGENDAS CLINICAS CENTROS SALUD PUBLICOS Y PRIVADOS/AGENDA CLINICA PORTABLE E INTEROPERAPLE/AGENDA CLI\u0301NICA INTEROPERABLE/agenda-clinica-interoperable/node_modules/ajv/scripts/bundle.js",
      "Library/CloudStorage/Dropbox/MENTALIA_BUTTON_INSTALLER_KIT_SIGNABLE/MENTALIA_LOCAL_DEPLOY/mentalia_memory_core/bundle.js",
      "Library/CloudStorage/Dropbox/RSII/MENTALIA/MENTALIA_FULL_ACCESS_ENGINE_FINAL/mentalia_memory_core/bundle.js",
      "Library/CloudStorage/Dropbox/RSII FINAL/mentalia_memory_core/bundle.js"
    ],
    "ultima_modificacion": "2025-08-01 01:01:35.718517"
  },
  "lockdowninstall.js": {
    "app_sintetizada": "LOCKDOWNINSTALL.JS",
    "cantidad_archivos": 1,
    "archivos_fuente": [
      "Library/Application Support/Google/Chrome/Default/Extensions/nkbihfbeogaeaoehlefnkodbefgpgknn/12.23.1_0/scripts/lockdown-install.js"
    ],
    "ultima_modificacion": "2025-08-01 01:01:35.718865"
  },
  "snow.js": {
    "app_sintetizada": "SNOW.JS",
    "cantidad_archivos": 1,
    "archivos_fuente": [
      "Library/Application Support/Google/Chrome/Default/Extensions/nkbihfbeogaeaoehlefnkodbefgpgknn/12.23.1_0/scripts/snow.js"
    ],
    "ultima_modificacion": "2025-08-01 01:01:35.719121"
  },
  "runtimecjs.js": {
    "app_sintetizada": "RUNTIMECJS.JS",
    "cantidad_archivos": 1,
    "archivos_fuente": [
      "Library/Application Support/Google/Chrome/Default/Extensions/nkbihfbeogaeaoehlefnkodbefgpgknn/12.23.1_0/scripts/runtime-cjs.js"
    ],
    "ultima_modificacion": "2025-08-01 01:01:35.719393"
  },
  "runtimelavamoat.js": {
    "app_sintetizada": "RUNTIMELAVAMOAT.JS",
    "cantidad_archivos": 1,
    "archivos_fuente": [
      "Library/Application Support/Google/Chrome/Default/Extensions/nkbihfbeogaeaoehlefnkodbefgpgknn/12.23.1_0/scripts/runtime-lavamoat.js"
    ],
    "ultima_modificacion": "2025-08-01 01:01:35.719620"
  },
  "sentryinstall.js": {
    "app_sintetizada": "SENTRYINSTALL.JS",
    "cantidad_archivos": 1,
    "archivos_fuente": [
      "Library/Application Support/Google/Chrome/Default/Extensions/nkbihfbeogaeaoehlefnkodbefgpgknn/12.23.1_0/scripts/sentry-install.js"
    ],
    "ultima_modificacion": "2025-08-01 01:01:35.719835"
  },
  "lockdownmore.js": {
    "app_sintetizada": "LOCKDOWNMORE.JS",
    "cantidad_archivos": 1,
    "archivos_fuente": [
      "Library/Application Support/Google/Chrome/Default/Extensions/nkbihfbeogaeaoehlefnkodbefgpgknn/12.23.1_0/scripts/lockdown-more.js"
    ],
    "ultima_modificacion": "2025-08-01 01:01:35.720048"
  },
  "lockdownrun.js": {
    "app_sintetizada": "LOCKDOWNRUN.JS",
    "cantidad_archivos": 1,
    "archivos_fuente": [
      "Library/Application Support/Google/Chrome/Default/Extensions/nkbihfbeogaeaoehlefnkodbefgpgknn/12.23.1_0/scripts/lockdown-run.js"
    ],
    "ultima_modificacion": "2025-08-01 01:01:35.720244"
  },
  "disableconsole.js": {
    "app_sintetizada": "DISABLECONSOLE.JS",
    "cantidad_archivos": 1,
    "archivos_fuente": [
      "Library/Application Support/Google/Chrome/Default/Extensions/nkbihfbeogaeaoehlefnkodbefgpgknn/12.23.1_0/scripts/disable-console.js"
    ],
    "ultima_modificacion": "2025-08-01 01:01:35.720444"
  },
  "policyload.js": {
    "app_sintetizada": "POLICYLOAD.JS",
    "cantidad_archivos": 1,
    "archivos_fuente": [
      "Library/Application Support/Google/Chrome/Default/Extensions/nkbihfbeogaeaoehlefnkodbefgpgknn/12.23.1_0/scripts/policy-load.js"
    ],
    "ultima_modificacion": "2025-08-01 01:01:35.720641"
  },
  "inpage.js": {
    "app_sintetizada": "INPAGE.JS",
    "cantidad_archivos": 1,
    "archivos_fuente": [
      "Library/Application Support/Google/Chrome/Default/Extensions/nkbihfbeogaeaoehlefnkodbefgpgknn/12.23.1_0/scripts/inpage.js"
    ],
    "ultima_modificacion": "2025-08-01 01:01:35.720839"
  },
  "ppombg.wasm": {
    "app_sintetizada": "PPOMBG.WASM",
    "cantidad_archivos": 1,
    "archivos_fuente": [
      "Library/Application Support/Google/Chrome/Default/Extensions/nkbihfbeogaeaoehlefnkodbefgpgknn/12.23.1_0/scripts/ppom_bg.wasm"
    ],
    "ultima_modificacion": "2025-08-01 01:01:35.721028"
  },
  "appinit.js": {
    "app_sintetizada": "APPINIT.JS",
    "cantidad_archivos": 1,
    "archivos_fuente": [
      "Library/Application Support/Google/Chrome/Default/Extensions/nkbihfbeogaeaoehlefnkodbefgpgknn/12.23.1_0/scripts/app-init.js"
    ],
    "ultima_modificacion": "2025-08-01 01:01:35.721227"
  },
  "usesnow.js": {
    "app_sintetizada": "USESNOW.JS",
    "cantidad_archivos": 1,
    "archivos_fuente": [
      "Library/Application Support/Google/Chrome/Default/Extensions/nkbihfbeogaeaoehlefnkodbefgpgknn/12.23.1_0/scripts/use-snow.js"
    ],
    "ultima_modificacion": "2025-08-01 01:01:35.721420"
  },
  "initglobals.js": {
    "app_sintetizada": "INITGLOBALS.JS",
    "cantidad_archivos": 1,
    "archivos_fuente": [
      "Library/Application Support/Google/Chrome/Default/Extensions/nkbihfbeogaeaoehlefnkodbefgpgknn/12.23.1_0/scripts/init-globals.js"
    ],
    "ultima_modificacion": "2025-08-01 01:01:35.721638"
  },
  "fasolid900.ttf": {
    "app_sintetizada": "FASOLID900.TTF",
    "cantidad_archivos": 1,
    "archivos_fuente": [
      "Library/Application Support/Google/Chrome/Default/Extensions/nkbihfbeogaeaoehlefnkodbefgpgknn/12.23.1_0/fonts/fontawesome/fa-solid-900.ttf"
    ],
    "ultima_modificacion": "2025-08-01 01:01:35.722050"
  },
  "faregular400.svg": {
    "app_sintetizada": "FAREGULAR400.SVG",
    "cantidad_archivos": 1,
    "archivos_fuente": [
      "Library/Application Support/Google/Chrome/Default/Extensions/nkbihfbeogaeaoehlefnkodbefgpgknn/12.23.1_0/fonts/fontawesome/fa-regular-400.svg"
    ],
    "ultima_modificacion": "2025-08-01 01:01:35.722292"
  },
  "faregular400.woff2": {
    "app_sintetizada": "FAREGULAR400.WOFF2",
    "cantidad_archivos": 3,
    "archivos_fuente": [
      "Library/Application Support/Google/Chrome/Default/Extensions/nkbihfbeogaeaoehlefnkodbefgpgknn/12.23.1_0/fonts/fontawesome/fa-regular-400.woff2",
      "Library/Application Support/Google/Chrome/Default/Extensions/fcaenemjffhglggagcjbcphjmhbeeoih/3.0.0_0/webfonts/fa-regular-400.woff2",
      "Library/Application Support/Google/Chrome/Default/Extensions/koainglekegjifjigbojdfbjedgalilc/3.0.0_0/libs/fontawesome/webfonts/fa-regular-400.woff2"
    ],
    "ultima_modificacion": "2025-08-01 01:01:35.722534"
  },
  "fasolid900.eot": {
    "app_sintetizada": "FASOLID900.EOT",
    "cantidad_archivos": 1,
    "archivos_fuente": [
      "Library/Application Support/Google/Chrome/Default/Extensions/nkbihfbeogaeaoehlefnkodbefgpgknn/12.23.1_0/fonts/fontawesome/fa-solid-900.eot"
    ],
    "ultima_modificacion": "2025-08-01 01:01:35.722766"
  },
  "fabrands400.svg": {
    "app_sintetizada": "FABRANDS400.SVG",
    "cantidad_archivos": 1,
    "archivos_fuente": [
      "Library/Application Support/Google/Chrome/Default/Extensions/nkbihfbeogaeaoehlefnkodbefgpgknn/12.23.1_0/fonts/fontawesome/fa-brands-400.svg"
    ],
    "ultima_modificacion": "2025-08-01 01:01:35.722985"
  },
  "faregular400.woff": {
    "app_sintetizada": "FAREGULAR400.WOFF",
    "cantidad_archivos": 1,
    "archivos_fuente": [
      "Library/Application Support/Google/Chrome/Default/Extensions/nkbihfbeogaeaoehlefnkodbefgpgknn/12.23.1_0/fonts/fontawesome/fa-regular-400.woff"
    ],
    "ultima_modificacion": "2025-08-01 01:01:35.723174"
  },
  "fabrands400.eot": {
    "app_sintetizada": "FABRANDS400.EOT",
    "cantidad_archivos": 1,
    "archivos_fuente": [
      "Library/Application Support/Google/Chrome/Default/Extensions/nkbihfbeogaeaoehlefnkodbefgpgknn/12.23.1_0/fonts/fontawesome/fa-brands-400.eot"
    ],
    "ultima_modificacion": "2025-08-01 01:01:35.723359"
  },
  "fasolid900.svg": {
    "app_sintetizada": "FASOLID900.SVG",
    "cantidad_archivos": 1,
    "archivos_fuente": [
      "Library/Application Support/Google/Chrome/Default/Extensions/nkbihfbeogaeaoehlefnkodbefgpgknn/12.23.1_0/fonts/fontawesome/fa-solid-900.svg"
    ],
    "ultima_modificacion": "2025-08-01 01:01:35.723545"
  },
  "fasolid900.woff": {
    "app_sintetizada": "FASOLID900.WOFF",
    "cantidad_archivos": 1,
    "archivos_fuente": [
      "Library/Application Support/Google/Chrome/Default/Extensions/nkbihfbeogaeaoehlefnkodbefgpgknn/12.23.1_0/fonts/fontawesome/fa-solid-900.woff"
    ],
    "ultima_modificacion": "2025-08-01 01:01:35.723726"
  },
  "faregular400.ttf": {
    "app_sintetizada": "FAREGULAR400.TTF",
    "cantidad_archivos": 1,
    "archivos_fuente": [
      "Library/Application Support/Google/Chrome/Default/Extensions/nkbihfbeogaeaoehlefnkodbefgpgknn/12.23.1_0/fonts/fontawesome/fa-regular-400.ttf"
    ],
    "ultima_modificacion": "2025-08-01 01:01:35.723905"
  },
  "fasolid900.woff2": {
    "app_sintetizada": "FASOLID900.WOFF2",
    "cantidad_archivos": 3,
    "archivos_fuente": [
      "Library/Application Support/Google/Chrome/Default/Extensions/nkbihfbeogaeaoehlefnkodbefgpgknn/12.23.1_0/fonts/fontawesome/fa-solid-900.woff2",
      "Library/Application Support/Google/Chrome/Default/Extensions/fcaenemjffhglggagcjbcphjmhbeeoih/3.0.0_0/webfonts/fa-solid-900.woff2",
      "Library/Application Support/Google/Chrome/Default/Extensions/koainglekegjifjigbojdfbjedgalilc/3.0.0_0/libs/fontawesome/webfonts/fa-solid-900.woff2"
    ],
    "ultima_modificacion": "2025-08-01 01:01:35.724088"
  },
  "fabrands400.woff2": {
    "app_sintetizada": "FABRANDS400.WOFF2",
    "cantidad_archivos": 3,
    "archivos_fuente": [
      "Library/Application Support/Google/Chrome/Default/Extensions/nkbihfbeogaeaoehlefnkodbefgpgknn/12.23.1_0/fonts/fontawesome/fa-brands-400.woff2",
      "Library/Application Support/Google/Chrome/Default/Extensions/fcaenemjffhglggagcjbcphjmhbeeoih/3.0.0_0/webfonts/fa-brands-400.woff2",
      "Library/Application Support/Google/Chrome/Default/Extensions/koainglekegjifjigbojdfbjedgalilc/3.0.0_0/libs/fontawesome/webfonts/fa-brands-400.woff2"
    ],
    "ultima_modificacion": "2025-08-01 01:01:35.724474"
  },
  "fabrands400.woff": {
    "app_sintetizada": "FABRANDS400.WOFF",
    "cantidad_archivos": 1,
    "archivos_fuente": [
      "Library/Application Support/Google/Chrome/Default/Extensions/nkbihfbeogaeaoehlefnkodbefgpgknn/12.23.1_0/fonts/fontawesome/fa-brands-400.woff"
    ],
    "ultima_modificacion": "2025-08-01 01:01:35.724665"
  },
  "fabrands400.ttf": {
    "app_sintetizada": "FABRANDS400.TTF",
    "cantidad_archivos": 1,
    "archivos_fuente": [
      "Library/Application Support/Google/Chrome/Default/Extensions/nkbihfbeogaeaoehlefnkodbefgpgknn/12.23.1_0/fonts/fontawesome/fa-brands-400.ttf"
    ],
    "ultima_modificacion": "2025-08-01 01:01:35.724850"
  },
  "faregular400.eot": {
    "app_sintetizada": "FAREGULAR400.EOT",
    "cantidad_archivos": 1,
    "archivos_fuente": [
      "Library/Application Support/Google/Chrome/Default/Extensions/nkbihfbeogaeaoehlefnkodbefgpgknn/12.23.1_0/fonts/fontawesome/fa-regular-400.eot"
    ],
    "ultima_modificacion": "2025-08-01 01:01:35.725036"
  },
  "mmpolyvariable.woff2": {
    "app_sintetizada": "MMPOLYVARIABLE.WOFF2",
    "cantidad_archivos": 1,
    "archivos_fuente": [
      "Library/Application Support/Google/Chrome/Default/Extensions/nkbihfbeogaeaoehlefnkodbefgpgknn/12.23.1_0/fonts/MMPoly/MM_Poly-Variable.woff2"
    ],
    "ultima_modificacion": "2025-08-01 01:01:35.725221"
  },
  "mmpolyregular.woff2": {
    "app_sintetizada": "MMPOLYREGULAR.WOFF2",
    "cantidad_archivos": 1,
    "archivos_fuente": [
      "Library/Application Support/Google/Chrome/Default/Extensions/nkbihfbeogaeaoehlefnkodbefgpgknn/12.23.1_0/fonts/MMPoly/MM_Poly-Regular.woff2"
    ],
    "ultima_modificacion": "2025-08-01 01:01:35.725533"
  },
  "geistmedium.woff2": {
    "app_sintetizada": "GEISTMEDIUM.WOFF2",
    "cantidad_archivos": 1,
    "archivos_fuente": [
      "Library/Application Support/Google/Chrome/Default/Extensions/nkbihfbeogaeaoehlefnkodbefgpgknn/12.23.1_0/fonts/Geist/Geist-Medium.woff2"
    ],
    "ultima_modificacion": "2025-08-01 01:01:35.725818"
  },
  "geistmediumitalic.woff2": {
    "app_sintetizada": "GEISTMEDIUMITALIC.WOFF2",
    "cantidad_archivos": 1,
    "archivos_fuente": [
      "Library/Application Support/Google/Chrome/Default/Extensions/nkbihfbeogaeaoehlefnkodbefgpgknn/12.23.1_0/fonts/Geist/Geist-MediumItalic.woff2"
    ],
    "ultima_modificacion": "2025-08-01 01:01:35.726048"
  },
  "geistbolditalic.woff2": {
    "app_sintetizada": "GEISTBOLDITALIC.WOFF2",
    "cantidad_archivos": 1,
    "archivos_fuente": [
      "Library/Application Support/Google/Chrome/Default/Extensions/nkbihfbeogaeaoehlefnkodbefgpgknn/12.23.1_0/fonts/Geist/Geist-BoldItalic.woff2"
    ],
    "ultima_modificacion": "2025-08-01 01:01:35.726378"
  },
  "geistregular.woff2": {
    "app_sintetizada": "GEISTREGULAR.WOFF2",
    "cantidad_archivos": 1,
    "archivos_fuente": [
      "Library/Application Support/Google/Chrome/Default/Extensions/nkbihfbeogaeaoehlefnkodbefgpgknn/12.23.1_0/fonts/Geist/Geist-Regular.woff2"
    ],
    "ultima_modificacion": "2025-08-01 01:01:35.726597"
  },
  "geistregularitalic.woff2": {
    "app_sintetizada": "GEISTREGULARITALIC.WOFF2",
    "cantidad_archivos": 1,
    "archivos_fuente": [
      "Library/Application Support/Google/Chrome/Default/Extensions/nkbihfbeogaeaoehlefnkodbefgpgknn/12.23.1_0/fonts/Geist/Geist-RegularItalic.woff2"
    ],
    "ultima_modificacion": "2025-08-01 01:01:35.726828"
  },
  "geistbold.woff2": {
    "app_sintetizada": "GEISTBOLD.WOFF2",
    "cantidad_archivos": 1,
    "archivos_fuente": [
      "Library/Application Support/Google/Chrome/Default/Extensions/nkbihfbeogaeaoehlefnkodbefgpgknn/12.23.1_0/fonts/Geist/Geist-Bold.woff2"
    ],
    "ultima_modificacion": "2025-08-01 01:01:35.727064"
  },
  "mmsansvariable.woff2": {
    "app_sintetizada": "MMSANSVARIABLE.WOFF2",
    "cantidad_archivos": 1,
    "archivos_fuente": [
      "Library/Application Support/Google/Chrome/Default/Extensions/nkbihfbeogaeaoehlefnkodbefgpgknn/12.23.1_0/fonts/MMSans/MM_Sans-Variable.woff2"
    ],
    "ultima_modificacion": "2025-08-01 01:01:35.727260"
  },
  "usbpermissions.js": {
    "app_sintetizada": "USBPERMISSIONS.JS",
    "cantidad_archivos": 1,
    "archivos_fuente": [
      "Library/Application Support/Google/Chrome/Default/Extensions/nkbihfbeogaeaoehlefnkodbefgpgknn/12.23.1_0/vendor/trezor/usb-permissions.js"
    ],
    "ultima_modificacion": "2025-08-01 01:01:35.727447"
  },
  "favicon.ico": {
    "app_sintetizada": "FAVICON.ICO",
    "cantidad_archivos": 76,
    "archivos_fuente": [
      "Library/Application Support/Google/Chrome/Default/Extensions/fjnbnpbmkenffdnngjfgmeleoegfcffe/3.4.5_0/favicon.ico",
      "Library/Application Support/com.operasoftware.Opera/Default/Extensions/gojhcdgcpbpfigcaejpfhfegekdgiblk/1.19.13_0/favicon.ico",
      "Library/CloudStorage/Dropbox/APPS HIPERFOCO.CL/BACKEND/blu-terapia-nd-backend/src/static/favicon.ico",
      "Library/CloudStorage/Dropbox/APPS HIPERFOCO.CL/HIPER FOCO ND/MODULO FORMACIO\u0301N LABORAL INTELIGENTE/CV ND/cv-nd/public/favicon.ico",
      "Library/CloudStorage/Dropbox/APPS HIPERFOCO.CL/HIPER FOCO ND/MODULO FORMACION ACADEMICA INTELIGENTE F(AI)/FAI EXA\u0301MEN DE GRADO DERECHO/api-derecho-nd-backend/src/static/favicon.ico",
      "Library/CloudStorage/Dropbox/APPS HIPERFOCO.CL/AGENDAS CLINICAS CENTROS SALUD PUBLICOS Y PRIVADOS/agenda-clinica-interoperable/app/favicon.ico",
      "Library/CloudStorage/Dropbox/APPS HIPERFOCO.CL/AGENDAS CLINICAS CENTROS SALUD PUBLICOS Y PRIVADOS/AGENDA CLINICA PORTABLE E INTEROPERAPLE/AGENDA CLI\u0301NICA INTEROPERABLE/agenda-clinica-interoperable/app/favicon.ico",
      "Library/CloudStorage/Dropbox/APPS HIPERFOCO.CL/AGENDAS CLINICAS CENTROS SALUD PUBLICOS Y PRIVADOS/AGENDA CLINICA ND/public/favicon.ico",
      "Library/CloudStorage/Dropbox/APPS HIPERFOCO.CL/ECOSISTEMA ND 2/MODULO FORMACION ACADEMICA INTELIGENTE F(AI)/EXA\u0301MEN DE GRADO SMART ND/api-derecho-nd-backend/src/static/favicon.ico",
      "Library/CloudStorage/Dropbox/APPS HIPERFOCO.CL/ECOSISTEMA ND 2/MODULO FORMACION ACADEMICA INTELIGENTE F(AI)/EDUCACIO\u0301N ND/EVALUACIO\u0301N ND/public/favicon.ico",
      "Library/CloudStorage/Dropbox/APPS HIPERFOCO.CL/ECOSISTEMA ND 2/MODULO FORMACION ACADEMICA INTELIGENTE F(AI)/EDUCACIO\u0301N ND/educacion-nd/public/favicon.ico",
      "Library/CloudStorage/Dropbox/APPS HIPERFOCO.CL/ECOSISTEMA ND 2/BLU/BLU TERAPIA/blu-terapia-nd-frontend/blu-terapia-nd/public/favicon.ico",
      "Library/CloudStorage/Dropbox/APPS HIPERFOCO.CL/AUTORECONOCIMIENTO Y GLOW UP ND/JOURNALING ND/JURNALUNG ND Y BACKEND/src/static/favicon.ico",
      "Library/CloudStorage/Dropbox/APPS HIPERFOCO.CL/AUTORECONOCIMIENTO Y GLOW UP ND/JOURNALING ND/JOURNALING ND DEMO/public/favicon.ico",
      "Library/CloudStorage/Dropbox/APPS HIPERFOCO.CL/AUTORECONOCIMIENTO Y GLOW UP ND/ADN ND/adn-nd-plataforma/public/favicon.ico",
      "Library/CloudStorage/Dropbox/APPS HIPERFOCO.CL/ECOSISTEMA ND/MODULO FORMACION ACADEMICA INTELIGENTE F(AI)/EXA\u0301MEN DE GRADO SMART ND/api-derecho-nd-backend/src/static/favicon.ico",
      "Library/CloudStorage/Dropbox/APPS HIPERFOCO.CL/ECOSISTEMA ND/MODULO FORMACION ACADEMICA INTELIGENTE F(AI)/EDUCACIO\u0301N ND/EVALUACIO\u0301N ND/public/favicon.ico",
      "Library/CloudStorage/Dropbox/APPS HIPERFOCO.CL/ECOSISTEMA ND/MODULO FORMACION ACADEMICA INTELIGENTE F(AI)/EDUCACIO\u0301N ND/educacion-nd/public/favicon.ico",
      "Library/CloudStorage/Dropbox/APPS HIPERFOCO.CL/ECOSISTEMA ND/BLU/BLU TERAPIA/blu-terapia-nd-frontend/blu-terapia-nd/public/favicon.ico",
      "Library/CloudStorage/Dropbox/MENTALIA_BUTTON_INSTALLER_KIT_SIGNABLE/MENTALIA_LOCAL_DEPLOY/mentalia_memory_core/APLICACIONES_ECOSISTEMA_ND_FUENTES/api-derecho-nd-backend/src/static/favicon.ico",
      "Library/CloudStorage/Dropbox/MENTALIA_BUTTON_INSTALLER_KIT_SIGNABLE/MENTALIA_LOCAL_DEPLOY/mentalia_memory_core/APLICACIONES_ECOSISTEMA_ND_FUENTES/blu-terapia-nd-backend/src/static/favicon.ico",
      "Library/CloudStorage/Dropbox/MENTALIA_BUTTON_INSTALLER_KIT_SIGNABLE/MENTALIA_LOCAL_DEPLOY/mentalia_memory_core/APLICACIONES_ECOSISTEMA_ND_FUENTES/perfil-nd-backend/src/static/favicon.ico",
      "Library/CloudStorage/Dropbox/MENTALIA_BUTTON_INSTALLER_KIT_SIGNABLE/MENTALIA_LOCAL_DEPLOY/mentalia_memory_core/APLICACIONES_ECOSISTEMA_ND_FUENTES/journaling-nd-backend/src/static/favicon.ico",
      "Library/CloudStorage/Dropbox/RSII/MENTALIA/MENTALIA_FULL_ACCESS_ENGINE_FINAL/mentalia_unzipped/APLICACIONES_ECOSISTEMA_ND_FUENTES/api-derecho-nd-backend/src/static/favicon.ico",
      "Library/CloudStorage/Dropbox/RSII/MENTALIA/MENTALIA_FULL_ACCESS_ENGINE_FINAL/mentalia_unzipped/APLICACIONES_ECOSISTEMA_ND_FUENTES/blu-terapia-nd-backend/src/static/favicon.ico",
      "Library/CloudStorage/Dropbox/RSII/MENTALIA/MENTALIA_FULL_ACCESS_ENGINE_FINAL/mentalia_unzipped/APLICACIONES_ECOSISTEMA_ND_FUENTES/perfil-nd-backend/src/static/favicon.ico",
      "Library/CloudStorage/Dropbox/RSII/MENTALIA/MENTALIA_FULL_ACCESS_ENGINE_FINAL/mentalia_unzipped/APLICACIONES_ECOSISTEMA_ND_FUENTES/journaling-nd-backend/src/static/favicon.ico",
      "Library/CloudStorage/Dropbox/RSII/MENTALIA/MENTALIA_FULL_ACCESS_ENGINE_FINAL/mentalia_unzipped/ecosistema-nd-aplicaciones-completas/perfil-nd-hub/public/favicon.ico",
      "Library/CloudStorage/Dropbox/RSII/MENTALIA/MENTALIA_FULL_ACCESS_ENGINE_FINAL/mentalia_unzipped/ecosistema-nd-aplicaciones-completas/journaling-nd-demo/public/favicon.ico",
      "Library/CloudStorage/Dropbox/RSII/MENTALIA/MENTALIA_FULL_ACCESS_ENGINE_FINAL/mentalia_unzipped/ecosistema-nd-aplicaciones-completas/mindfulness-nd/public/favicon.ico",
      "Library/CloudStorage/Dropbox/RSII/MENTALIA/MENTALIA_FULL_ACCESS_ENGINE_FINAL/mentalia_unzipped/ecosistema-nd-aplicaciones-completas/brain-dump-nd/public/favicon.ico",
      "Library/CloudStorage/Dropbox/RSII/MENTALIA/MENTALIA_FULL_ACCESS_ENGINE_FINAL/mentalia_unzipped/ecosistema-nd-aplicaciones-completas/blu-terapia-nd-frontend/blu-terapia-nd/public/favicon.ico",
      "Library/CloudStorage/Dropbox/RSII/MENTALIA/MENTALIA_FULL_ACCESS_ENGINE_FINAL/mentalia_unzipped/ecosistema-nd-aplicaciones-completas/blu-modulacion-emocional/public/favicon.ico",
      "Library/CloudStorage/Dropbox/RSII/MENTALIA/MENTALIA_FULL_ACCESS_ENGINE_FINAL/mentalia_unzipped/ecosistema-nd-aplicaciones-completas/cv-nd/public/favicon.ico",
      "Library/CloudStorage/Dropbox/RSII/MENTALIA/MENTALIA_FULL_ACCESS_ENGINE_FINAL/mentalia_unzipped/ecosistema-nd-aplicaciones-completas/evaluacion-nd/public/favicon.ico",
      "Library/CloudStorage/Dropbox/RSII/MENTALIA/MENTALIA_FULL_ACCESS_ENGINE_FINAL/mentalia_unzipped/ecosistema-nd-aplicaciones-completas/educacion-nd/public/favicon.ico",
      "Library/CloudStorage/Dropbox/RSII/MENTALIA/MENTALIA_FULL_ACCESS_ENGINE_FINAL/mentalia_unzipped/ecosistema-nd-aplicaciones-completas/finanzas-nd/public/favicon.ico",
      "Library/CloudStorage/Dropbox/RSII/MENTALIA/MENTALIA_FULL_ACCESS_ENGINE_FINAL/mentalia_unzipped/ecosistema-nd-aplicaciones-completas/hogar-nd/public/favicon.ico",
      "Library/CloudStorage/Dropbox/RSII/MENTALIA/MENTALIA_FULL_ACCESS_ENGINE_FINAL/mentalia_unzipped/ecosistema-nd-aplicaciones-completas/gaming-nd/public/favicon.ico",
      "Library/CloudStorage/Dropbox/RSII/MENTALIA/MENTALIA_FULL_ACCESS_ENGINE_FINAL/mentalia_unzipped/ecosistema-nd-aplicaciones-completas/agenda-clinica-nd/public/favicon.ico",
      "Library/CloudStorage/Dropbox/RSII/MENTALIA/MENTALIA_FULL_ACCESS_ENGINE_FINAL/mentalia_unzipped/ecosistema-nd-aplicaciones-completas/social-nd/public/favicon.ico",
      "Library/CloudStorage/Dropbox/RSII/MENTALIA/MENTALIA_FULL_ACCESS_ENGINE_FINAL/mentalia_unzipped/ecosistema-nd-aplicaciones-completas/comunicacion-nd/public/favicon.ico",
      "Library/CloudStorage/Dropbox/RSII/MENTALIA/MENTALIA_FULL_ACCESS_ENGINE_FINAL/mentalia_unzipped/ecosistema-nd-aplicaciones-completas/adn-nd-plataforma/public/favicon.ico",
      "Library/CloudStorage/Dropbox/RSII/MENTALIA/MENTALIA_FULL_ACCESS_ENGINE_FINAL/mentalia_unzipped/ECOSISTEMA ND/ECOSISTEMA ND/MODULO FORMACION ACADEMICA INTELIGENTE F(AI)/EXA\u0301MEN DE GRADO SMART ND/api-derecho-nd-backend/src/static/favicon.ico",
      "Library/CloudStorage/Dropbox/RSII/MENTALIA/MENTALIA_FULL_ACCESS_ENGINE_FINAL/mentalia_unzipped/ECOSISTEMA ND/ECOSISTEMA ND/MODULO FORMACION ACADEMICA INTELIGENTE F(AI)/EDUCACIO\u0301N ND/EVALUACIO\u0301N ND/public/favicon.ico",
      "Library/CloudStorage/Dropbox/RSII/MENTALIA/MENTALIA_FULL_ACCESS_ENGINE_FINAL/mentalia_unzipped/ECOSISTEMA ND/ECOSISTEMA ND/MODULO FORMACION ACADEMICA INTELIGENTE F(AI)/EDUCACIO\u0301N ND/educacion-nd/public/favicon.ico",
      "Library/CloudStorage/Dropbox/RSII/MENTALIA/MENTALIA_FULL_ACCESS_ENGINE_FINAL/mentalia_unzipped/ECOSISTEMA ND/ECOSISTEMA ND/BLU/BLU TERAPIA/blu-terapia-nd-frontend/blu-terapia-nd/public/favicon.ico",
      "Library/CloudStorage/Dropbox/AGENDA_CLINICA_MENTALIA 2/frontend/public/favicon.ico",
      "Library/CloudStorage/Dropbox/BLU_SUPERVISORA_MULTIMODAL/BLU_TERAPIA_ND/BLU_TERAPIA_ND_MENTALIA/frontend/public/favicon.ico",
      "Library/CloudStorage/Dropbox/ZIPS_CONSOLIDADOS_FINALES 3/AGENDA_CLINICA_PROFESIONAL/AGENDA_CLINICA_MENTALIA/frontend/public/favicon.ico",
      "Library/CloudStorage/Dropbox/DIVERGENTEMENTE/home 10/ubuntu/agenda_clinica_demo/src/app/favicon.ico",
      "Library/CloudStorage/Dropbox/APPS CATA 7:7:2025/journaling-nd-completo-ejecutable/frontend/public/favicon.ico",
      "Library/CloudStorage/Dropbox/APPS CATA 7:7:2025/perfil-nd-app-completo-ejecutable/frontend/public/favicon.ico",
      "Library/CloudStorage/Dropbox/APPS CATA 7:7:2025/blu-terapia-nd-completo-ejecutable/frontend/public/favicon.ico",
      "Library/CloudStorage/Dropbox/APPS CATA 7:7:2025/agenda-clinica-completo-ejecutable/frontend/public/favicon.ico",
      "Library/CloudStorage/Dropbox/APPS CATA 7:7:2025/perfil-nd-hub-completo-ejecutable/frontend/public/favicon.ico",
      "Library/CloudStorage/Dropbox/AGENDA_CLINICA_MENTALIA 2 12.35.07/frontend/public/favicon.ico",
      "Library/CloudStorage/Dropbox/BLU_SUPERVISORA_MULTIMODAL (1)/BLU_TERAPIA_ND/BLU_TERAPIA_ND_MENTALIA/frontend/public/favicon.ico",
      "Library/CloudStorage/Dropbox/RSII FINAL/mentalia_memory_core/APLICACIONES_ECOSISTEMA_ND_FUENTES/api-derecho-nd-backend/src/static/favicon.ico",
      "Library/CloudStorage/Dropbox/RSII FINAL/mentalia_memory_core/APLICACIONES_ECOSISTEMA_ND_FUENTES/blu-terapia-nd-backend/src/static/favicon.ico",
      "Library/CloudStorage/Dropbox/RSII FINAL/mentalia_memory_core/APLICACIONES_ECOSISTEMA_ND_FUENTES/perfil-nd-backend/src/static/favicon.ico",
      "Library/CloudStorage/Dropbox/RSII FINAL/mentalia_memory_core/APLICACIONES_ECOSISTEMA_ND_FUENTES/journaling-nd-backend/src/static/favicon.ico",
      "Library/CloudStorage/Dropbox/JOURNALING/journaling-nd-backend/src/static/favicon.ico",
      "Library/CloudStorage/Dropbox/APPS/APLICACIONES_ECOSISTEMA_ND_FUENTES/api-derecho-nd-backend/src/static/favicon.ico",
      "Library/CloudStorage/Dropbox/APPS/APLICACIONES_ECOSISTEMA_ND_FUENTES/blu-terapia-nd-backend/src/static/favicon.ico",
      "Library/CloudStorage/Dropbox/APPS/APLICACIONES_ECOSISTEMA_ND_FUENTES/perfil-nd-backend/src/static/favicon.ico",
      "Library/CloudStorage/Dropbox/APPS/APLICACIONES_ECOSISTEMA_ND_FUENTES/journaling-nd-backend/src/static/favicon.ico",
      "Library/Mobile Documents/.Trash/Escritorio - MacBook Air de Catalina/disco duro/agenda_clinica_app-2/app/favicon.ico",
      "Downloads/ECOSISTEMA_MENTALIA_FINAL/AGENDA_CLINICA_PROFESIONAL/AGENDA_CLINICA_MENTALIA/frontend/public/favicon.ico",
      "Downloads/ECOSISTEMA_MENTALIA_FINAL/BLU_TERAPIA_ND/BLU_TERAPIA_ND_MENTALIA/frontend/public/favicon.ico",
      "Downloads/ECOSISTEMA_MENTALIA_FINAL/DESPACHO_DIGITAL_INTEGRAL/DESPACHO_DIGITAL_INTEGRAL_HIPERFOCO/src/static/favicon.ico",
      "Downloads/ECOSISTEMA_MENTALIA_FINAL/PERFIL_ND/PERFIL_ND_MENTALIA/frontend/public/favicon.ico",
      "Downloads/ECOSISTEMA_MENTALIA_FINAL 2/AGENDA_CLINICA_PROFESIONAL/AGENDA_CLINICA_MENTALIA/frontend/public/favicon.ico",
      "Downloads/ECOSISTEMA_MENTALIA_FINAL 2/BLU_TERAPIA_ND/BLU_TERAPIA_ND_MENTALIA/frontend/public/favicon.ico",
      "Downloads/ECOSISTEMA_MENTALIA_FINAL 2/DESPACHO_DIGITAL_INTEGRAL/DESPACHO_DIGITAL_INTEGRAL_HIPERFOCO/src/static/favicon.ico",
      "Downloads/ECOSISTEMA_MENTALIA_FINAL 2/PERFIL_ND/PERFIL_ND_MENTALIA/frontend/public/favicon.ico"
    ],
    "ultima_modificacion": "2025-08-01 01:01:35.727636"
  },
  "robots.txt": {
    "app_sintetizada": "ROBOTS.TXT",
    "cantidad_archivos": 2,
    "archivos_fuente": [
      "Library/Application Support/Google/Chrome/Default/Extensions/fjnbnpbmkenffdnngjfgmeleoegfcffe/3.4.5_0/robots.txt",
      "Library/Group Containers/UBF8T346G9.Office/SolutionPackages/b123e3b2b659a4dead01e20274159d66/PackageResources/fluidhost/robots.txt"
    ],
    "ultima_modificacion": "2025-08-01 01:01:35.727946"
  },
  "csslint.min.js": {
    "app_sintetizada": "CSSLINT.MIN.JS",
    "cantidad_archivos": 1,
    "archivos_fuente": [
      "Library/Application Support/Google/Chrome/Default/Extensions/fjnbnpbmkenffdnngjfgmeleoegfcffe/3.4.5_0/js/csslint.min.js"
    ],
    "ultima_modificacion": "2025-08-01 01:01:35.728308"
  },
  "towerblocks.js": {
    "app_sintetizada": "TOWERBLOCKS.JS",
    "cantidad_archivos": 1,
    "archivos_fuente": [
      "Library/Application Support/Google/Chrome/Default/Extensions/fjnbnpbmkenffdnngjfgmeleoegfcffe/3.4.5_0/js/dynamic-bundles/tower-blocks.js"
    ],
    "ultima_modificacion": "2025-08-01 01:01:35.728537"
  },
  "cocagooglestyle.js": {
    "app_sintetizada": "COCAGOOGLESTYLE.JS",
    "cantidad_archivos": 1,
    "archivos_fuente": [
      "Library/Application Support/Google/Chrome/Default/Extensions/fjnbnpbmkenffdnngjfgmeleoegfcffe/3.4.5_0/js/dynamic-bundles/coca-google-style.js"
    ],
    "ultima_modificacion": "2025-08-01 01:01:35.728753"
  },
  "googlestyle.js": {
    "app_sintetizada": "GOOGLESTYLE.JS",
    "cantidad_archivos": 1,
    "archivos_fuente": [
      "Library/Application Support/Google/Chrome/Default/Extensions/fjnbnpbmkenffdnngjfgmeleoegfcffe/3.4.5_0/js/dynamic-bundles/google-style.js"
    ],
    "ultima_modificacion": "2025-08-01 01:01:35.728999"
  },
  "googlefingersstyle.js": {
    "app_sintetizada": "GOOGLEFINGERSSTYLE.JS",
    "cantidad_archivos": 1,
    "archivos_fuente": [
      "Library/Application Support/Google/Chrome/Default/Extensions/fjnbnpbmkenffdnngjfgmeleoegfcffe/3.4.5_0/js/dynamic-bundles/google-fingers-style.js"
    ],
    "ultima_modificacion": "2025-08-01 01:01:35.729189"
  },
  "main.3f3948a7.css": {
    "app_sintetizada": "MAIN.3F3948A7.CSS",
    "cantidad_archivos": 1,
    "archivos_fuente": [
      "Library/Application Support/Google/Chrome/Default/Extensions/fjnbnpbmkenffdnngjfgmeleoegfcffe/3.4.5_0/static/css/main.3f3948a7.css"
    ],
    "ultima_modificacion": "2025-08-01 01:01:35.729402"
  },
  "unsupportedpage.css": {
    "app_sintetizada": "UNSUPPORTEDPAGE.CSS",
    "cantidad_archivos": 1,
    "archivos_fuente": [
      "Library/Application Support/Google/Chrome/Default/Extensions/fjnbnpbmkenffdnngjfgmeleoegfcffe/3.4.5_0/static/css/unsupported-page.css"
    ],
    "ultima_modificacion": "2025-08-01 01:01:35.729723"
  },
  "main.css": {
    "app_sintetizada": "MAIN.CSS",
    "cantidad_archivos": 2,
    "archivos_fuente": [
      "Library/Application Support/Google/Chrome/Default/Extensions/fjnbnpbmkenffdnngjfgmeleoegfcffe/3.4.5_0/static/css/main.css",
      "Library/Application Support/Google/Chrome/Default/Extensions/ponjkmladgjfjgllmhnkhgbgocdigcjm/30.0.0_0/styles/main.css"
    ],
    "ultima_modificacion": "2025-08-01 01:01:35.729935"
  },
  "unsupportedpage.f634996e.css": {
    "app_sintetizada": "UNSUPPORTEDPAGE.F634996E.CSS",
    "cantidad_archivos": 1,
    "archivos_fuente": [
      "Library/Application Support/Google/Chrome/Default/Extensions/fjnbnpbmkenffdnngjfgmeleoegfcffe/3.4.5_0/static/css/unsupported-page.f634996e.css"
    ],
    "ultima_modificacion": "2025-08-01 01:01:35.730144"
  },
  "options.1264c32f.css": {
    "app_sintetizada": "OPTIONS.1264C32F.CSS",
    "cantidad_archivos": 1,
    "archivos_fuente": [
      "Library/Application Support/Google/Chrome/Default/Extensions/fjnbnpbmkenffdnngjfgmeleoegfcffe/3.4.5_0/static/css/options.1264c32f.css"
    ],
    "ultima_modificacion": "2025-08-01 01:01:35.730368"
  },
  "options.css": {
    "app_sintetizada": "OPTIONS.CSS",
    "cantidad_archivos": 2,
    "archivos_fuente": [
      "Library/Application Support/Google/Chrome/Default/Extensions/fjnbnpbmkenffdnngjfgmeleoegfcffe/3.4.5_0/static/css/options.css",
      "Library/Application Support/Google/Chrome/Default/Extensions/ponjkmladgjfjgllmhnkhgbgocdigcjm/30.0.0_0/styles/options.css"
    ],
    "ultima_modificacion": "2025-08-01 01:01:35.730587"
  },
  "unsupportedpage.js.license.txt": {
    "app_sintetizada": "UNSUPPORTEDPAGE.JS.LICENSE.TXT",
    "cantidad_archivos": 1,
    "archivos_fuente": [
      "Library/Application Support/Google/Chrome/Default/Extensions/fjnbnpbmkenffdnngjfgmeleoegfcffe/3.4.5_0/static/js/unsupported-page.js.LICENSE.txt"
    ],
    "ultima_modificacion": "2025-08-01 01:01:35.730787"
  },
  "serviceworker.js.license.txt": {
    "app_sintetizada": "SERVICEWORKER.JS.LICENSE.TXT",
    "cantidad_archivos": 1,
    "archivos_fuente": [
      "Library/Application Support/Google/Chrome/Default/Extensions/fjnbnpbmkenffdnngjfgmeleoegfcffe/3.4.5_0/static/js/service-worker.js.LICENSE.txt"
    ],
    "ultima_modificacion": "2025-08-01 01:01:35.730992"
  },
  "783.52d63e42.chunk.js": {
    "app_sintetizada": "783.52D63E42.CHUNK.JS",
    "cantidad_archivos": 1,
    "archivos_fuente": [
      "Library/Application Support/Google/Chrome/Default/Extensions/fjnbnpbmkenffdnngjfgmeleoegfcffe/3.4.5_0/static/js/783.52d63e42.chunk.js"
    ],
    "ultima_modificacion": "2025-08-01 01:01:35.731194"
  },
  "contentyt.js": {
    "app_sintetizada": "CONTENTYT.JS",
    "cantidad_archivos": 1,
    "archivos_fuente": [
      "Library/Application Support/Google/Chrome/Default/Extensions/fjnbnpbmkenffdnngjfgmeleoegfcffe/3.4.5_0/static/js/contentYt.js"
    ],
    "ultima_modificacion": "2025-08-01 01:01:35.731395"
  },
  "contentde.js": {
    "app_sintetizada": "CONTENTDE.JS",
    "cantidad_archivos": 1,
    "archivos_fuente": [
      "Library/Application Support/Google/Chrome/Default/Extensions/fjnbnpbmkenffdnngjfgmeleoegfcffe/3.4.5_0/static/js/contentDE.js"
    ],
    "ultima_modificacion": "2025-08-01 01:01:35.731583"
  },
  "options.js.license.txt": {
    "app_sintetizada": "OPTIONS.JS.LICENSE.TXT",
    "cantidad_archivos": 1,
    "archivos_fuente": [
      "Library/Application Support/Google/Chrome/Default/Extensions/fjnbnpbmkenffdnngjfgmeleoegfcffe/3.4.5_0/static/js/options.js.LICENSE.txt"
    ],
    "ultima_modificacion": "2025-08-01 01:01:35.731896"
  },
  "contentint.js": {
    "app_sintetizada": "CONTENTINT.JS",
    "cantidad_archivos": 1,
    "archivos_fuente": [
      "Library/Application Support/Google/Chrome/Default/Extensions/fjnbnpbmkenffdnngjfgmeleoegfcffe/3.4.5_0/static/js/contentInt.js"
    ],
    "ultima_modificacion": "2025-08-01 01:01:35.732207"
  },
  "main.js": {
    "app_sintetizada": "MAIN.JS",
    "cantidad_archivos": 27,
    "archivos_fuente": [
      "Library/Application Support/Google/Chrome/Default/Extensions/fjnbnpbmkenffdnngjfgmeleoegfcffe/3.4.5_0/static/js/main.js",
      "Library/Application Support/com.operasoftware.Opera/Default/Extensions/enegjkbbakeegngfapepobipndnebkdk/1.1.3_0/main.js",
      "Library/CloudStorage/Dropbox/APPS HIPERFOCO.CL/AGENDAS CLINICAS CENTROS SALUD PUBLICOS Y PRIVADOS/agenda-clinica-interoperable/node_modules/next/dist/compiled/timers-browserify/main.js",
      "Library/CloudStorage/Dropbox/APPS HIPERFOCO.CL/AGENDAS CLINICAS CENTROS SALUD PUBLICOS Y PRIVADOS/agenda-clinica-interoperable/node_modules/resolve/test/pathfilter/deep_ref/main.js",
      "Library/CloudStorage/Dropbox/APPS HIPERFOCO.CL/AGENDAS CLINICAS CENTROS SALUD PUBLICOS Y PRIVADOS/agenda-clinica-interoperable/node_modules/resolve/test/module_dir/zmodules/bbb/main.js",
      "Library/CloudStorage/Dropbox/APPS HIPERFOCO.CL/AGENDAS CLINICAS CENTROS SALUD PUBLICOS Y PRIVADOS/agenda-clinica-interoperable/node_modules/resolve/test/precedence/bbb/main.js",
      "Library/CloudStorage/Dropbox/APPS HIPERFOCO.CL/AGENDAS CLINICAS CENTROS SALUD PUBLICOS Y PRIVADOS/agenda-clinica-interoperable/node_modules/resolve/test/precedence/aaa/main.js",
      "Library/CloudStorage/Dropbox/APPS HIPERFOCO.CL/AGENDAS CLINICAS CENTROS SALUD PUBLICOS Y PRIVADOS/agenda-clinica-interoperable/node_modules/resolve/test/resolver/without_basedir/main.js",
      "Library/CloudStorage/Dropbox/APPS HIPERFOCO.CL/AGENDAS CLINICAS CENTROS SALUD PUBLICOS Y PRIVADOS/agenda-clinica-interoperable/node_modules/eslint-plugin-react/node_modules/resolve/test/pathfilter/deep_ref/main.js",
      "Library/CloudStorage/Dropbox/APPS HIPERFOCO.CL/AGENDAS CLINICAS CENTROS SALUD PUBLICOS Y PRIVADOS/agenda-clinica-interoperable/node_modules/eslint-plugin-react/node_modules/resolve/test/module_dir/zmodules/bbb/main.js",
      "Library/CloudStorage/Dropbox/APPS HIPERFOCO.CL/AGENDAS CLINICAS CENTROS SALUD PUBLICOS Y PRIVADOS/agenda-clinica-interoperable/node_modules/eslint-plugin-react/node_modules/resolve/test/precedence/bbb/main.js",
      "Library/CloudStorage/Dropbox/APPS HIPERFOCO.CL/AGENDAS CLINICAS CENTROS SALUD PUBLICOS Y PRIVADOS/agenda-clinica-interoperable/node_modules/eslint-plugin-react/node_modules/resolve/test/precedence/aaa/main.js",
      "Library/CloudStorage/Dropbox/APPS HIPERFOCO.CL/AGENDAS CLINICAS CENTROS SALUD PUBLICOS Y PRIVADOS/agenda-clinica-interoperable/node_modules/eslint-plugin-react/node_modules/resolve/test/resolver/without_basedir/main.js",
      "Library/CloudStorage/Dropbox/APPS HIPERFOCO.CL/AGENDAS CLINICAS CENTROS SALUD PUBLICOS Y PRIVADOS/AGENDA CLINICA PORTABLE E INTEROPERAPLE/AGENDA CLI\u0301NICA INTEROPERABLE/agenda-clinica-interoperable/node_modules/next/dist/compiled/timers-browserify/main.js",
      "Library/CloudStorage/Dropbox/APPS HIPERFOCO.CL/AGENDAS CLINICAS CENTROS SALUD PUBLICOS Y PRIVADOS/AGENDA CLINICA PORTABLE E INTEROPERAPLE/AGENDA CLI\u0301NICA INTEROPERABLE/agenda-clinica-interoperable/node_modules/resolve/test/pathfilter/deep_ref/main.js",
      "Library/CloudStorage/Dropbox/APPS HIPERFOCO.CL/AGENDAS CLINICAS CENTROS SALUD PUBLICOS Y PRIVADOS/AGENDA CLINICA PORTABLE E INTEROPERAPLE/AGENDA CLI\u0301NICA INTEROPERABLE/agenda-clinica-interoperable/node_modules/resolve/test/module_dir/zmodules/bbb/main.js",
      "Library/CloudStorage/Dropbox/APPS HIPERFOCO.CL/AGENDAS CLINICAS CENTROS SALUD PUBLICOS Y PRIVADOS/AGENDA CLINICA PORTABLE E INTEROPERAPLE/AGENDA CLI\u0301NICA INTEROPERABLE/agenda-clinica-interoperable/node_modules/resolve/test/precedence/bbb/main.js",
      "Library/CloudStorage/Dropbox/APPS HIPERFOCO.CL/AGENDAS CLINICAS CENTROS SALUD PUBLICOS Y PRIVADOS/AGENDA CLINICA PORTABLE E INTEROPERAPLE/AGENDA CLI\u0301NICA INTEROPERABLE/agenda-clinica-interoperable/node_modules/resolve/test/precedence/aaa/main.js",
      "Library/CloudStorage/Dropbox/APPS HIPERFOCO.CL/AGENDAS CLINICAS CENTROS SALUD PUBLICOS Y PRIVADOS/AGENDA CLINICA PORTABLE E INTEROPERAPLE/AGENDA CLI\u0301NICA INTEROPERABLE/agenda-clinica-interoperable/node_modules/resolve/test/resolver/without_basedir/main.js",
      "Library/CloudStorage/Dropbox/APPS HIPERFOCO.CL/AGENDAS CLINICAS CENTROS SALUD PUBLICOS Y PRIVADOS/AGENDA CLINICA PORTABLE E INTEROPERAPLE/AGENDA CLI\u0301NICA INTEROPERABLE/agenda-clinica-interoperable/node_modules/eslint-plugin-react/node_modules/resolve/test/pathfilter/deep_ref/main.js",
      "Library/CloudStorage/Dropbox/APPS HIPERFOCO.CL/AGENDAS CLINICAS CENTROS SALUD PUBLICOS Y PRIVADOS/AGENDA CLINICA PORTABLE E INTEROPERAPLE/AGENDA CLI\u0301NICA INTEROPERABLE/agenda-clinica-interoperable/node_modules/eslint-plugin-react/node_modules/resolve/test/module_dir/zmodules/bbb/main.js",
      "Library/CloudStorage/Dropbox/APPS HIPERFOCO.CL/AGENDAS CLINICAS CENTROS SALUD PUBLICOS Y PRIVADOS/AGENDA CLINICA PORTABLE E INTEROPERAPLE/AGENDA CLI\u0301NICA INTEROPERABLE/agenda-clinica-interoperable/node_modules/eslint-plugin-react/node_modules/resolve/test/precedence/bbb/main.js",
      "Library/CloudStorage/Dropbox/APPS HIPERFOCO.CL/AGENDAS CLINICAS CENTROS SALUD PUBLICOS Y PRIVADOS/AGENDA CLINICA PORTABLE E INTEROPERAPLE/AGENDA CLI\u0301NICA INTEROPERABLE/agenda-clinica-interoperable/node_modules/eslint-plugin-react/node_modules/resolve/test/precedence/aaa/main.js",
      "Library/CloudStorage/Dropbox/APPS HIPERFOCO.CL/AGENDAS CLINICAS CENTROS SALUD PUBLICOS Y PRIVADOS/AGENDA CLINICA PORTABLE E INTEROPERAPLE/AGENDA CLI\u0301NICA INTEROPERABLE/agenda-clinica-interoperable/node_modules/eslint-plugin-react/node_modules/resolve/test/resolver/without_basedir/main.js",
      "Library/CloudStorage/Dropbox/MENTALIA_BUTTON_INSTALLER_KIT_SIGNABLE/MENTALIA_LOCAL_DEPLOY/mentalia_memory_core/main.js",
      "Library/CloudStorage/Dropbox/RSII/MENTALIA/MENTALIA_FULL_ACCESS_ENGINE_FINAL/mentalia_memory_core/main.js",
      "Library/CloudStorage/Dropbox/RSII FINAL/mentalia_memory_core/main.js"
    ],
    "ultima_modificacion": "2025-08-01 01:01:35.732518"
  },
  "unsupportedpage.js": {
    "app_sintetizada": "UNSUPPORTEDPAGE.JS",
    "cantidad_archivos": 1,
    "archivos_fuente": [
      "Library/Application Support/Google/Chrome/Default/Extensions/fjnbnpbmkenffdnngjfgmeleoegfcffe/3.4.5_0/static/js/unsupported-page.js"
    ],
    "ultima_modificacion": "2025-08-01 01:01:35.732815"
  }
}