{
  "f07c1958b857db450": {
    "app_sintetizada": "F07C1958B857DB450",
    "cantidad_archivos": 1,
    "archivos_fuente": [
      "Library/Application Support/Microsoft/Skype for Desktop/Cache/f07c1958b857db45_0"
    ],
    "ultima_modificacion": "2025-08-01 01:01:37.221066"
  },
  "6f90ea4f09145fbe0": {
    "app_sintetizada": "6F90EA4F09145FBE0",
    "cantidad_archivos": 1,
    "archivos_fuente": [
      "Library/Application Support/Microsoft/Skype for Desktop/Cache/6f90ea4f09145fbe_0"
    ],
    "ultima_modificacion": "2025-08-01 01:01:37.221311"
  },
  "f4bcd93fe761df960": {
    "app_sintetizada": "F4BCD93FE761DF960",
    "cantidad_archivos": 1,
    "archivos_fuente": [
      "Library/Application Support/Microsoft/Skype for Desktop/Cache/f4bcd93fe761df96_0"
    ],
    "ultima_modificacion": "2025-08-01 01:01:37.221649"
  },
  "a5b9ae67ff5b5df80": {
    "app_sintetizada": "A5B9AE67FF5B5DF80",
    "cantidad_archivos": 1,
    "archivos_fuente": [
      "Library/Application Support/Microsoft/Skype for Desktop/Cache/a5b9ae67ff5b5df8_0"
    ],
    "ultima_modificacion": "2025-08-01 01:01:37.221888"
  },
  "183616e364e92de10": {
    "app_sintetizada": "183616E364E92DE10",
    "cantidad_archivos": 1,
    "archivos_fuente": [
      "Library/Application Support/Microsoft/Skype for Desktop/Cache/183616e364e92de1_0"
    ],
    "ultima_modificacion": "2025-08-01 01:01:37.222106"
  },
  "0274f2ba2196ff2a0": {
    "app_sintetizada": "0274F2BA2196FF2A0",
    "cantidad_archivos": 1,
    "archivos_fuente": [
      "Library/Application Support/Microsoft/Skype for Desktop/Cache/0274f2ba2196ff2a_0"
    ],
    "ultima_modificacion": "2025-08-01 01:01:37.222353"
  },
  "a14cb55f7a076f570": {
    "app_sintetizada": "A14CB55F7A076F570",
    "cantidad_archivos": 1,
    "archivos_fuente": [
      "Library/Application Support/Microsoft/Skype for Desktop/Cache/a14cb55f7a076f57_0"
    ],
    "ultima_modificacion": "2025-08-01 01:01:37.222569"
  },
  "539b876bfa3a468b0": {
    "app_sintetizada": "539B876BFA3A468B0",
    "cantidad_archivos": 1,
    "archivos_fuente": [
      "Library/Application Support/Microsoft/Skype for Desktop/Cache/539b876bfa3a468b_0"
    ],
    "ultima_modificacion": "2025-08-01 01:01:37.222764"
  },
  "d751e0d4ceeee7ec0": {
    "app_sintetizada": "D751E0D4CEEEE7EC0",
    "cantidad_archivos": 1,
    "archivos_fuente": [
      "Library/Application Support/Microsoft/Skype for Desktop/Cache/d751e0d4ceeee7ec_0"
    ],
    "ultima_modificacion": "2025-08-01 01:01:37.222958"
  },
  "4214d563cf8209060": {
    "app_sintetizada": "4214D563CF8209060",
    "cantidad_archivos": 1,
    "archivos_fuente": [
      "Library/Application Support/Microsoft/Skype for Desktop/Cache/4214d563cf820906_0"
    ],
    "ultima_modificacion": "2025-08-01 01:01:37.223199"
  },
  "0f79298468b9c13f0": {
    "app_sintetizada": "0F79298468B9C13F0",
    "cantidad_archivos": 1,
    "archivos_fuente": [
      "Library/Application Support/Microsoft/Skype for Desktop/Cache/0f79298468b9c13f_0"
    ],
    "ultima_modificacion": "2025-08-01 01:01:37.223514"
  },
  "5be0217e0246340c0": {
    "app_sintetizada": "5BE0217E0246340C0",
    "cantidad_archivos": 1,
    "archivos_fuente": [
      "Library/Application Support/Microsoft/Skype for Desktop/Cache/5be0217e0246340c_0"
    ],
    "ultima_modificacion": "2025-08-01 01:01:37.223825"
  },
  "7e731e124ce277200": {
    "app_sintetizada": "7E731E124CE277200",
    "cantidad_archivos": 1,
    "archivos_fuente": [
      "Library/Application Support/Microsoft/Skype for Desktop/Cache/7e731e124ce27720_0"
    ],
    "ultima_modificacion": "2025-08-01 01:01:37.224047"
  },
  "d7f9992c8bf689f90": {
    "app_sintetizada": "D7F9992C8BF689F90",
    "cantidad_archivos": 1,
    "archivos_fuente": [
      "Library/Application Support/Microsoft/Skype for Desktop/Cache/d7f9992c8bf689f9_0"
    ],
    "ultima_modificacion": "2025-08-01 01:01:37.224303"
  },
  "380f853e13c85a260": {
    "app_sintetizada": "380F853E13C85A260",
    "cantidad_archivos": 1,
    "archivos_fuente": [
      "Library/Application Support/Microsoft/Skype for Desktop/Cache/380f853e13c85a26_0"
    ],
    "ultima_modificacion": "2025-08-01 01:01:37.224538"
  },
  "5b9b52606305d81d0": {
    "app_sintetizada": "5B9B52606305D81D0",
    "cantidad_archivos": 1,
    "archivos_fuente": [
      "Library/Application Support/Microsoft/Skype for Desktop/Cache/5b9b52606305d81d_0"
    ],
    "ultima_modificacion": "2025-08-01 01:01:37.224870"
  },
  "a02b8e05ccd93ac20": {
    "app_sintetizada": "A02B8E05CCD93AC20",
    "cantidad_archivos": 1,
    "archivos_fuente": [
      "Library/Application Support/Microsoft/Skype for Desktop/Cache/a02b8e05ccd93ac2_0"
    ],
    "ultima_modificacion": "2025-08-01 01:01:37.225197"
  },
  "7a291042f99c003b0": {
    "app_sintetizada": "7A291042F99C003B0",
    "cantidad_archivos": 1,
    "archivos_fuente": [
      "Library/Application Support/Microsoft/Skype for Desktop/Cache/7a291042f99c003b_0"
    ],
    "ultima_modificacion": "2025-08-01 01:01:37.225463"
  },
  "16ce33ccf1d8d03d0": {
    "app_sintetizada": "16CE33CCF1D8D03D0",
    "cantidad_archivos": 1,
    "archivos_fuente": [
      "Library/Application Support/Microsoft/Skype for Desktop/Cache/16ce33ccf1d8d03d_0"
    ],
    "ultima_modificacion": "2025-08-01 01:01:37.225753"
  },
  "10fbe0dda45cb5fb0": {
    "app_sintetizada": "10FBE0DDA45CB5FB0",
    "cantidad_archivos": 1,
    "archivos_fuente": [
      "Library/Application Support/Microsoft/Skype for Desktop/Cache/10fbe0dda45cb5fb_0"
    ],
    "ultima_modificacion": "2025-08-01 01:01:37.225993"
  },
  "788c02e0993aa1090": {
    "app_sintetizada": "788C02E0993AA1090",
    "cantidad_archivos": 1,
    "archivos_fuente": [
      "Library/Application Support/Microsoft/Skype for Desktop/Cache/788c02e0993aa109_0"
    ],
    "ultima_modificacion": "2025-08-01 01:01:37.226243"
  },
  "e49673aa687603e30": {
    "app_sintetizada": "E49673AA687603E30",
    "cantidad_archivos": 1,
    "archivos_fuente": [
      "Library/Application Support/Microsoft/Skype for Desktop/Cache/e49673aa687603e3_0"
    ],
    "ultima_modificacion": "2025-08-01 01:01:37.226516"
  },
  "52289529c96ae6e30": {
    "app_sintetizada": "52289529C96AE6E30",
    "cantidad_archivos": 1,
    "archivos_fuente": [
      "Library/Application Support/Microsoft/Skype for Desktop/Cache/52289529c96ae6e3_0"
    ],
    "ultima_modificacion": "2025-08-01 01:01:37.226825"
  },
  "9b708314ea4ad99a0": {
    "app_sintetizada": "9B708314EA4AD99A0",
    "cantidad_archivos": 1,
    "archivos_fuente": [
      "Library/Application Support/Microsoft/Skype for Desktop/Cache/9b708314ea4ad99a_0"
    ],
    "ultima_modificacion": "2025-08-01 01:01:37.227163"
  },
  "c45abec7faccf4700": {
    "app_sintetizada": "C45ABEC7FACCF4700",
    "cantidad_archivos": 1,
    "archivos_fuente": [
      "Library/Application Support/Microsoft/Skype for Desktop/Cache/c45abec7faccf470_0"
    ],
    "ultima_modificacion": "2025-08-01 01:01:37.227401"
  },
  "8c8bfd0c020d85dd0": {
    "app_sintetizada": "8C8BFD0C020D85DD0",
    "cantidad_archivos": 1,
    "archivos_fuente": [
      "Library/Application Support/Microsoft/Skype for Desktop/Cache/8c8bfd0c020d85dd_0"
    ],
    "ultima_modificacion": "2025-08-01 01:01:37.227659"
  },
  "182e1be805f17d0d0": {
    "app_sintetizada": "182E1BE805F17D0D0",
    "cantidad_archivos": 1,
    "archivos_fuente": [
      "Library/Application Support/Microsoft/Skype for Desktop/Cache/182e1be805f17d0d_0"
    ],
    "ultima_modificacion": "2025-08-01 01:01:37.227969"
  },
  "317421c8a7adecee0": {
    "app_sintetizada": "317421C8A7ADECEE0",
    "cantidad_archivos": 1,
    "archivos_fuente": [
      "Library/Application Support/Microsoft/Skype for Desktop/Cache/317421c8a7adecee_0"
    ],
    "ultima_modificacion": "2025-08-01 01:01:37.228192"
  },
  "b67b6349324037ac0": {
    "app_sintetizada": "B67B6349324037AC0",
    "cantidad_archivos": 1,
    "archivos_fuente": [
      "Library/Application Support/Microsoft/Skype for Desktop/Cache/b67b6349324037ac_0"
    ],
    "ultima_modificacion": "2025-08-01 01:01:37.228389"
  },
  "0375c754dccf7c750": {
    "app_sintetizada": "0375C754DCCF7C750",
    "cantidad_archivos": 1,
    "archivos_fuente": [
      "Library/Application Support/Microsoft/Skype for Desktop/Cache/0375c754dccf7c75_0"
    ],
    "ultima_modificacion": "2025-08-01 01:01:37.228582"
  },
  "b5a493afa200ab600": {
    "app_sintetizada": "B5A493AFA200AB600",
    "cantidad_archivos": 1,
    "archivos_fuente": [
      "Library/Application Support/Microsoft/Skype for Desktop/Cache/b5a493afa200ab60_0"
    ],
    "ultima_modificacion": "2025-08-01 01:01:37.228777"
  },
  "b36c96ced8c5b0f60": {
    "app_sintetizada": "B36C96CED8C5B0F60",
    "cantidad_archivos": 1,
    "archivos_fuente": [
      "Library/Application Support/Microsoft/Skype for Desktop/Cache/b36c96ced8c5b0f6_0"
    ],
    "ultima_modificacion": "2025-08-01 01:01:37.228964"
  },
  "fb2cae51877d607d0": {
    "app_sintetizada": "FB2CAE51877D607D0",
    "cantidad_archivos": 1,
    "archivos_fuente": [
      "Library/Application Support/Microsoft/Skype for Desktop/Cache/fb2cae51877d607d_0"
    ],
    "ultima_modificacion": "2025-08-01 01:01:37.229231"
  },
  "592340fbd0c3f46e0": {
    "app_sintetizada": "592340FBD0C3F46E0",
    "cantidad_archivos": 1,
    "archivos_fuente": [
      "Library/Application Support/Microsoft/Skype for Desktop/Cache/592340fbd0c3f46e_0"
    ],
    "ultima_modificacion": "2025-08-01 01:01:37.229549"
  },
  "c87351aa3d6a81480": {
    "app_sintetizada": "C87351AA3D6A81480",
    "cantidad_archivos": 1,
    "archivos_fuente": [
      "Library/Application Support/Microsoft/Skype for Desktop/Cache/c87351aa3d6a8148_0"
    ],
    "ultima_modificacion": "2025-08-01 01:01:37.229793"
  },
  "ecaed4a06c9439cc0": {
    "app_sintetizada": "ECAED4A06C9439CC0",
    "cantidad_archivos": 1,
    "archivos_fuente": [
      "Library/Application Support/Microsoft/Skype for Desktop/Cache/ecaed4a06c9439cc_0"
    ],
    "ultima_modificacion": "2025-08-01 01:01:37.229994"
  },
  "66d0db944b68b1200": {
    "app_sintetizada": "66D0DB944B68B1200",
    "cantidad_archivos": 1,
    "archivos_fuente": [
      "Library/Application Support/Microsoft/Skype for Desktop/Cache/66d0db944b68b120_0"
    ],
    "ultima_modificacion": "2025-08-01 01:01:37.230184"
  },
  "b69a86b82592e9ff0": {
    "app_sintetizada": "B69A86B82592E9FF0",
    "cantidad_archivos": 1,
    "archivos_fuente": [
      "Library/Application Support/Microsoft/Skype for Desktop/Cache/b69a86b82592e9ff_0"
    ],
    "ultima_modificacion": "2025-08-01 01:01:37.230375"
  },
  "83e2727499d378dd0": {
    "app_sintetizada": "83E2727499D378DD0",
    "cantidad_archivos": 1,
    "archivos_fuente": [
      "Library/Application Support/Microsoft/Skype for Desktop/Cache/83e2727499d378dd_0"
    ],
    "ultima_modificacion": "2025-08-01 01:01:37.230563"
  },
  "11e176cdc0abe8190": {
    "app_sintetizada": "11E176CDC0ABE8190",
    "cantidad_archivos": 1,
    "archivos_fuente": [
      "Library/Application Support/Microsoft/Skype for Desktop/Cache/11e176cdc0abe819_0"
    ],
    "ultima_modificacion": "2025-08-01 01:01:37.230745"
  },
  "00ce9b212b8b50530": {
    "app_sintetizada": "00CE9B212B8B50530",
    "cantidad_archivos": 1,
    "archivos_fuente": [
      "Library/Application Support/Microsoft/Skype for Desktop/Cache/00ce9b212b8b5053_0"
    ],
    "ultima_modificacion": "2025-08-01 01:01:37.230937"
  },
  "3d7206adac1dbf960": {
    "app_sintetizada": "3D7206ADAC1DBF960",
    "cantidad_archivos": 1,
    "archivos_fuente": [
      "Library/Application Support/Microsoft/Skype for Desktop/Cache/3d7206adac1dbf96_0"
    ],
    "ultima_modificacion": "2025-08-01 01:01:37.231117"
  },
  "3f415f6896247f3e0": {
    "app_sintetizada": "3F415F6896247F3E0",
    "cantidad_archivos": 1,
    "archivos_fuente": [
      "Library/Application Support/Microsoft/Skype for Desktop/Cache/3f415f6896247f3e_0"
    ],
    "ultima_modificacion": "2025-08-01 01:01:37.231336"
  },
  "949ac9f7fb3d9aa80": {
    "app_sintetizada": "949AC9F7FB3D9AA80",
    "cantidad_archivos": 1,
    "archivos_fuente": [
      "Library/Application Support/Microsoft/Skype for Desktop/Cache/949ac9f7fb3d9aa8_0"
    ],
    "ultima_modificacion": "2025-08-01 01:01:37.231654"
  },
  "f9f8f9c99925c3470": {
    "app_sintetizada": "F9F8F9C99925C3470",
    "cantidad_archivos": 1,
    "archivos_fuente": [
      "Library/Application Support/Microsoft/Skype for Desktop/Cache/f9f8f9c99925c347_0"
    ],
    "ultima_modificacion": "2025-08-01 01:01:37.231883"
  },
  "cd9a847e8941a16d0": {
    "app_sintetizada": "CD9A847E8941A16D0",
    "cantidad_archivos": 1,
    "archivos_fuente": [
      "Library/Application Support/Microsoft/Skype for Desktop/Cache/cd9a847e8941a16d_0"
    ],
    "ultima_modificacion": "2025-08-01 01:01:37.232081"
  },
  "e350ad3ee1c32a290": {
    "app_sintetizada": "E350AD3EE1C32A290",
    "cantidad_archivos": 1,
    "archivos_fuente": [
      "Library/Application Support/Microsoft/Skype for Desktop/Cache/e350ad3ee1c32a29_0"
    ],
    "ultima_modificacion": "2025-08-01 01:01:37.232264"
  },
  "6872127a6b706b5a0": {
    "app_sintetizada": "6872127A6B706B5A0",
    "cantidad_archivos": 1,
    "archivos_fuente": [
      "Library/Application Support/Microsoft/Skype for Desktop/Cache/6872127a6b706b5a_0"
    ],
    "ultima_modificacion": "2025-08-01 01:01:37.232468"
  },
  "07f249e2a64c84650": {
    "app_sintetizada": "07F249E2A64C84650",
    "cantidad_archivos": 1,
    "archivos_fuente": [
      "Library/Application Support/Microsoft/Skype for Desktop/Cache/07f249e2a64c8465_0"
    ],
    "ultima_modificacion": "2025-08-01 01:01:37.232701"
  },
  "7a825283d8dc80ce0": {
    "app_sintetizada": "7A825283D8DC80CE0",
    "cantidad_archivos": 1,
    "archivos_fuente": [
      "Library/Application Support/Microsoft/Skype for Desktop/Cache/7a825283d8dc80ce_0"
    ],
    "ultima_modificacion": "2025-08-01 01:01:37.232985"
  },
  "ce657f08c8f443520": {
    "app_sintetizada": "CE657F08C8F443520",
    "cantidad_archivos": 1,
    "archivos_fuente": [
      "Library/Application Support/Microsoft/Skype for Desktop/Cache/ce657f08c8f44352_0"
    ],
    "ultima_modificacion": "2025-08-01 01:01:37.233276"
  },
  "170cd9ef572ebd810": {
    "app_sintetizada": "170CD9EF572EBD810",
    "cantidad_archivos": 1,
    "archivos_fuente": [
      "Library/Application Support/Microsoft/Skype for Desktop/Cache/170cd9ef572ebd81_0"
    ],
    "ultima_modificacion": "2025-08-01 01:01:37.233665"
  },
  "4095732fe0b45e020": {
    "app_sintetizada": "4095732FE0B45E020",
    "cantidad_archivos": 1,
    "archivos_fuente": [
      "Library/Application Support/Microsoft/Skype for Desktop/Cache/4095732fe0b45e02_0"
    ],
    "ultima_modificacion": "2025-08-01 01:01:37.233928"
  },
  "9d895c5cf9fdb52b0": {
    "app_sintetizada": "9D895C5CF9FDB52B0",
    "cantidad_archivos": 1,
    "archivos_fuente": [
      "Library/Application Support/Microsoft/Skype for Desktop/Cache/9d895c5cf9fdb52b_0"
    ],
    "ultima_modificacion": "2025-08-01 01:01:37.234149"
  },
  "dca5f33c434e118a0": {
    "app_sintetizada": "DCA5F33C434E118A0",
    "cantidad_archivos": 1,
    "archivos_fuente": [
      "Library/Application Support/Microsoft/Skype for Desktop/Cache/dca5f33c434e118a_0"
    ],
    "ultima_modificacion": "2025-08-01 01:01:37.234342"
  },
  "d0e0ced4a50fd7f30": {
    "app_sintetizada": "D0E0CED4A50FD7F30",
    "cantidad_archivos": 1,
    "archivos_fuente": [
      "Library/Application Support/Microsoft/Skype for Desktop/Cache/d0e0ced4a50fd7f3_0"
    ],
    "ultima_modificacion": "2025-08-01 01:01:37.234591"
  },
  "fc3f75069a922f220": {
    "app_sintetizada": "FC3F75069A922F220",
    "cantidad_archivos": 1,
    "archivos_fuente": [
      "Library/Application Support/Microsoft/Skype for Desktop/Cache/fc3f75069a922f22_0"
    ],
    "ultima_modificacion": "2025-08-01 01:01:37.234957"
  },
  "ae37dec3193b51220": {
    "app_sintetizada": "AE37DEC3193B51220",
    "cantidad_archivos": 1,
    "archivos_fuente": [
      "Library/Application Support/Microsoft/Skype for Desktop/Cache/ae37dec3193b5122_0"
    ],
    "ultima_modificacion": "2025-08-01 01:01:37.235223"
  },
  "d3c38b82bdb8fceb0": {
    "app_sintetizada": "D3C38B82BDB8FCEB0",
    "cantidad_archivos": 1,
    "archivos_fuente": [
      "Library/Application Support/Microsoft/Skype for Desktop/Cache/d3c38b82bdb8fceb_0"
    ],
    "ultima_modificacion": "2025-08-01 01:01:37.235535"
  },
  "4ca72864b037840c0": {
    "app_sintetizada": "4CA72864B037840C0",
    "cantidad_archivos": 1,
    "archivos_fuente": [
      "Library/Application Support/Microsoft/Skype for Desktop/Cache/4ca72864b037840c_0"
    ],
    "ultima_modificacion": "2025-08-01 01:01:37.235746"
  },
  "a26213b44504e3b50": {
    "app_sintetizada": "A26213B44504E3B50",
    "cantidad_archivos": 1,
    "archivos_fuente": [
      "Library/Application Support/Microsoft/Skype for Desktop/Cache/a26213b44504e3b5_0"
    ],
    "ultima_modificacion": "2025-08-01 01:01:37.236003"
  },
  "a17ab4fcb93bf01b0": {
    "app_sintetizada": "A17AB4FCB93BF01B0",
    "cantidad_archivos": 1,
    "archivos_fuente": [
      "Library/Application Support/Microsoft/Skype for Desktop/Cache/a17ab4fcb93bf01b_0"
    ],
    "ultima_modificacion": "2025-08-01 01:01:37.236338"
  },
  "94d265115db7784b0": {
    "app_sintetizada": "94D265115DB7784B0",
    "cantidad_archivos": 1,
    "archivos_fuente": [
      "Library/Application Support/Microsoft/Skype for Desktop/Cache/94d265115db7784b_0"
    ],
    "ultima_modificacion": "2025-08-01 01:01:37.236573"
  },
  "cdcebbeb9bcaa73e0": {
    "app_sintetizada": "CDCEBBEB9BCAA73E0",
    "cantidad_archivos": 1,
    "archivos_fuente": [
      "Library/Application Support/Microsoft/Skype for Desktop/Cache/cdcebbeb9bcaa73e_0"
    ],
    "ultima_modificacion": "2025-08-01 01:01:37.236833"
  },
  "c4f975f2e868b0e50": {
    "app_sintetizada": "C4F975F2E868B0E50",
    "cantidad_archivos": 1,
    "archivos_fuente": [
      "Library/Application Support/Microsoft/Skype for Desktop/Cache/c4f975f2e868b0e5_0"
    ],
    "ultima_modificacion": "2025-08-01 01:01:37.237158"
  },
  "e7753a15c46e0b980": {
    "app_sintetizada": "E7753A15C46E0B980",
    "cantidad_archivos": 1,
    "archivos_fuente": [
      "Library/Application Support/Microsoft/Skype for Desktop/Cache/e7753a15c46e0b98_0"
    ],
    "ultima_modificacion": "2025-08-01 01:01:37.237561"
  },
  "79508946ed18c7ef0": {
    "app_sintetizada": "79508946ED18C7EF0",
    "cantidad_archivos": 1,
    "archivos_fuente": [
      "Library/Application Support/Microsoft/Skype for Desktop/Cache/79508946ed18c7ef_0"
    ],
    "ultima_modificacion": "2025-08-01 01:01:37.237903"
  },
  "d990da9787d4b4890": {
    "app_sintetizada": "D990DA9787D4B4890",
    "cantidad_archivos": 1,
    "archivos_fuente": [
      "Library/Application Support/Microsoft/Skype for Desktop/Cache/d990da9787d4b489_0"
    ],
    "ultima_modificacion": "2025-08-01 01:01:37.238271"
  },
  "6a9a31ffdd35b1470": {
    "app_sintetizada": "6A9A31FFDD35B1470",
    "cantidad_archivos": 1,
    "archivos_fuente": [
      "Library/Application Support/Microsoft/Skype for Desktop/Cache/6a9a31ffdd35b147_0"
    ],
    "ultima_modificacion": "2025-08-01 01:01:37.238580"
  },
  "9894f848ceb2b8e80": {
    "app_sintetizada": "9894F848CEB2B8E80",
    "cantidad_archivos": 1,
    "archivos_fuente": [
      "Library/Application Support/Microsoft/Skype for Desktop/Cache/9894f848ceb2b8e8_0"
    ],
    "ultima_modificacion": "2025-08-01 01:01:37.238885"
  },
  "c9c446da9e579ead0": {
    "app_sintetizada": "C9C446DA9E579EAD0",
    "cantidad_archivos": 1,
    "archivos_fuente": [
      "Library/Application Support/Microsoft/Skype for Desktop/Cache/c9c446da9e579ead_0"
    ],
    "ultima_modificacion": "2025-08-01 01:01:37.239198"
  },
  "7d3544064e78e1f00": {
    "app_sintetizada": "7D3544064E78E1F00",
    "cantidad_archivos": 1,
    "archivos_fuente": [
      "Library/Application Support/Microsoft/Skype for Desktop/Cache/7d3544064e78e1f0_0"
    ],
    "ultima_modificacion": "2025-08-01 01:01:37.239492"
  },
  "774a1f18e9dfbad90": {
    "app_sintetizada": "774A1F18E9DFBAD90",
    "cantidad_archivos": 1,
    "archivos_fuente": [
      "Library/Application Support/Microsoft/Skype for Desktop/Cache/774a1f18e9dfbad9_0"
    ],
    "ultima_modificacion": "2025-08-01 01:01:37.239790"
  },
  "145092feb80393620": {
    "app_sintetizada": "145092FEB80393620",
    "cantidad_archivos": 1,
    "archivos_fuente": [
      "Library/Application Support/Microsoft/Skype for Desktop/Cache/145092feb8039362_0"
    ],
    "ultima_modificacion": "2025-08-01 01:01:37.240098"
  },
  "54dacf89142d9f0a0": {
    "app_sintetizada": "54DACF89142D9F0A0",
    "cantidad_archivos": 1,
    "archivos_fuente": [
      "Library/Application Support/Microsoft/Skype for Desktop/Cache/54dacf89142d9f0a_0"
    ],
    "ultima_modificacion": "2025-08-01 01:01:37.240410"
  },
  "ee381635b121b4af0": {
    "app_sintetizada": "EE381635B121B4AF0",
    "cantidad_archivos": 1,
    "archivos_fuente": [
      "Library/Application Support/Microsoft/Skype for Desktop/Cache/ee381635b121b4af_0"
    ],
    "ultima_modificacion": "2025-08-01 01:01:37.240717"
  },
  "f70bcad0dd9bd9c20": {
    "app_sintetizada": "F70BCAD0DD9BD9C20",
    "cantidad_archivos": 1,
    "archivos_fuente": [
      "Library/Application Support/Microsoft/Skype for Desktop/Cache/f70bcad0dd9bd9c2_0"
    ],
    "ultima_modificacion": "2025-08-01 01:01:37.241039"
  },
  "0958ded69ac8d3f30": {
    "app_sintetizada": "0958DED69AC8D3F30",
    "cantidad_archivos": 1,
    "archivos_fuente": [
      "Library/Application Support/Microsoft/Skype for Desktop/Cache/0958ded69ac8d3f3_0"
    ],
    "ultima_modificacion": "2025-08-01 01:01:37.241315"
  },
  "6ea4fbc39605ef6d0": {
    "app_sintetizada": "6EA4FBC39605EF6D0",
    "cantidad_archivos": 1,
    "archivos_fuente": [
      "Library/Application Support/Microsoft/Skype for Desktop/Cache/6ea4fbc39605ef6d_0"
    ],
    "ultima_modificacion": "2025-08-01 01:01:37.241583"
  },
  "f7cc39ffe78d67d80": {
    "app_sintetizada": "F7CC39FFE78D67D80",
    "cantidad_archivos": 1,
    "archivos_fuente": [
      "Library/Application Support/Microsoft/Skype for Desktop/Cache/f7cc39ffe78d67d8_0"
    ],
    "ultima_modificacion": "2025-08-01 01:01:37.241882"
  },
  "09ebbb678051710c0": {
    "app_sintetizada": "09EBBB678051710C0",
    "cantidad_archivos": 1,
    "archivos_fuente": [
      "Library/Application Support/Microsoft/Skype for Desktop/Cache/09ebbb678051710c_0"
    ],
    "ultima_modificacion": "2025-08-01 01:01:37.242211"
  },
  "b2b4c8b25d3a59020": {
    "app_sintetizada": "B2B4C8B25D3A59020",
    "cantidad_archivos": 1,
    "archivos_fuente": [
      "Library/Application Support/Microsoft/Skype for Desktop/Cache/b2b4c8b25d3a5902_0"
    ],
    "ultima_modificacion": "2025-08-01 01:01:37.242523"
  },
  "1d24ffd173b627f60": {
    "app_sintetizada": "1D24FFD173B627F60",
    "cantidad_archivos": 1,
    "archivos_fuente": [
      "Library/Application Support/Microsoft/Skype for Desktop/Cache/1d24ffd173b627f6_0"
    ],
    "ultima_modificacion": "2025-08-01 01:01:37.242852"
  },
  "d47631ad771bf4b70": {
    "app_sintetizada": "D47631AD771BF4B70",
    "cantidad_archivos": 1,
    "archivos_fuente": [
      "Library/Application Support/Microsoft/Skype for Desktop/Cache/d47631ad771bf4b7_0"
    ],
    "ultima_modificacion": "2025-08-01 01:01:37.243246"
  },
  "c2f7682f11b912e30": {
    "app_sintetizada": "C2F7682F11B912E30",
    "cantidad_archivos": 1,
    "archivos_fuente": [
      "Library/Application Support/Microsoft/Skype for Desktop/Cache/c2f7682f11b912e3_0"
    ],
    "ultima_modificacion": "2025-08-01 01:01:37.243609"
  },
  "f22b6c8f50f56f9a0": {
    "app_sintetizada": "F22B6C8F50F56F9A0",
    "cantidad_archivos": 1,
    "archivos_fuente": [
      "Library/Application Support/Microsoft/Skype for Desktop/Cache/f22b6c8f50f56f9a_0"
    ],
    "ultima_modificacion": "2025-08-01 01:01:37.243925"
  },
  "eda3116f14f545050": {
    "app_sintetizada": "EDA3116F14F545050",
    "cantidad_archivos": 1,
    "archivos_fuente": [
      "Library/Application Support/Microsoft/Skype for Desktop/Cache/eda3116f14f54505_0"
    ],
    "ultima_modificacion": "2025-08-01 01:01:37.244229"
  },
  "9ec4cfa2bd68c7970": {
    "app_sintetizada": "9EC4CFA2BD68C7970",
    "cantidad_archivos": 1,
    "archivos_fuente": [
      "Library/Application Support/Microsoft/Skype for Desktop/Cache/9ec4cfa2bd68c797_0"
    ],
    "ultima_modificacion": "2025-08-01 01:01:37.244533"
  },
  "01fb0c38c53da66e0": {
    "app_sintetizada": "01FB0C38C53DA66E0",
    "cantidad_archivos": 1,
    "archivos_fuente": [
      "Library/Application Support/Microsoft/Skype for Desktop/Cache/01fb0c38c53da66e_0"
    ],
    "ultima_modificacion": "2025-08-01 01:01:37.244920"
  },
  "5d928d8bb646c6e10": {
    "app_sintetizada": "5D928D8BB646C6E10",
    "cantidad_archivos": 1,
    "archivos_fuente": [
      "Library/Application Support/Microsoft/Skype for Desktop/Cache/5d928d8bb646c6e1_0"
    ],
    "ultima_modificacion": "2025-08-01 01:01:37.245712"
  },
  "377f45af9548f1ae0": {
    "app_sintetizada": "377F45AF9548F1AE0",
    "cantidad_archivos": 1,
    "archivos_fuente": [
      "Library/Application Support/Microsoft/Skype for Desktop/Cache/377f45af9548f1ae_0"
    ],
    "ultima_modificacion": "2025-08-01 01:01:37.246597"
  },
  "b3b3d3f3fd9ab61d0": {
    "app_sintetizada": "B3B3D3F3FD9AB61D0",
    "cantidad_archivos": 1,
    "archivos_fuente": [
      "Library/Application Support/Microsoft/Skype for Desktop/Cache/b3b3d3f3fd9ab61d_0"
    ],
    "ultima_modificacion": "2025-08-01 01:01:37.247177"
  },
  "aa4e18e24fabaee50": {
    "app_sintetizada": "AA4E18E24FABAEE50",
    "cantidad_archivos": 1,
    "archivos_fuente": [
      "Library/Application Support/Microsoft/Skype for Desktop/Cache/aa4e18e24fabaee5_0"
    ],
    "ultima_modificacion": "2025-08-01 01:01:37.247573"
  },
  "255b9b89d9c34d870": {
    "app_sintetizada": "255B9B89D9C34D870",
    "cantidad_archivos": 1,
    "archivos_fuente": [
      "Library/Application Support/Microsoft/Skype for Desktop/Cache/255b9b89d9c34d87_0"
    ],
    "ultima_modificacion": "2025-08-01 01:01:37.247891"
  },
  "b17de9a973ffdc6e0": {
    "app_sintetizada": "B17DE9A973FFDC6E0",
    "cantidad_archivos": 1,
    "archivos_fuente": [
      "Library/Application Support/Microsoft/Skype for Desktop/Cache/b17de9a973ffdc6e_0"
    ],
    "ultima_modificacion": "2025-08-01 01:01:37.248204"
  },
  "f805b44508f2aee50": {
    "app_sintetizada": "F805B44508F2AEE50",
    "cantidad_archivos": 1,
    "archivos_fuente": [
      "Library/Application Support/Microsoft/Skype for Desktop/Cache/f805b44508f2aee5_0"
    ],
    "ultima_modificacion": "2025-08-01 01:01:37.248513"
  },
  "33ae986841d2720a0": {
    "app_sintetizada": "33AE986841D2720A0",
    "cantidad_archivos": 1,
    "archivos_fuente": [
      "Library/Application Support/Microsoft/Skype for Desktop/Cache/33ae986841d2720a_0"
    ],
    "ultima_modificacion": "2025-08-01 01:01:37.248813"
  },
  "28163edc21251b670": {
    "app_sintetizada": "28163EDC21251B670",
    "cantidad_archivos": 1,
    "archivos_fuente": [
      "Library/Application Support/Microsoft/Skype for Desktop/Cache/28163edc21251b67_0"
    ],
    "ultima_modificacion": "2025-08-01 01:01:37.249115"
  },
  "8032230a0598e0d60": {
    "app_sintetizada": "8032230A0598E0D60",
    "cantidad_archivos": 1,
    "archivos_fuente": [
      "Library/Application Support/Microsoft/Skype for Desktop/Cache/8032230a0598e0d6_0"
    ],
    "ultima_modificacion": "2025-08-01 01:01:37.249434"
  },
  "6d42415bef677cc60": {
    "app_sintetizada": "6D42415BEF677CC60",
    "cantidad_archivos": 1,
    "archivos_fuente": [
      "Library/Application Support/Microsoft/Skype for Desktop/Cache/6d42415bef677cc6_0"
    ],
    "ultima_modificacion": "2025-08-01 01:01:37.249721"
  }
}