{
  "54b56a7efe1a45f08f40bfb49e3b84e445005c.jpeg": {
    "app_sintetizada": "54B56A7EFE1A45F08F40BFB49E3B84E445005C.JPEG",
    "cantidad_archivos": 1,
    "archivos_fuente": [
      "Pictures/Fototeca de Fotos.photoslibrary/resources/derivatives/masters/5/54B56A7E-FE1A-45F0-8F40-BFB49E3B84E4_4_5005_c.jpeg"
    ],
    "ultima_modificacion": "2025-08-01 01:01:19.776722"
  },
  "578f1c8b06654fc9b326d985847e6dbc45005c.jpeg": {
    "app_sintetizada": "578F1C8B06654FC9B326D985847E6DBC45005C.JPEG",
    "cantidad_archivos": 1,
    "archivos_fuente": [
      "Pictures/Fototeca de Fotos.photoslibrary/resources/derivatives/masters/5/578F1C8B-0665-4FC9-B326-D985847E6DBC_4_5005_c.jpeg"
    ],
    "ultima_modificacion": "2025-08-01 01:01:19.776965"
  },
  "5d346ad9325a428fba99ad616f682c0d45005c.jpeg": {
    "app_sintetizada": "5D346AD9325A428FBA99AD616F682C0D45005C.JPEG",
    "cantidad_archivos": 1,
    "archivos_fuente": [
      "Pictures/Fototeca de Fotos.photoslibrary/resources/derivatives/masters/5/5D346AD9-325A-428F-BA99-AD616F682C0D_4_5005_c.jpeg"
    ],
    "ultima_modificacion": "2025-08-01 01:01:19.777285"
  },
  "5590617455054ce6b009459b5e302fb045005c.jpeg": {
    "app_sintetizada": "5590617455054CE6B009459B5E302FB045005C.JPEG",
    "cantidad_archivos": 1,
    "archivos_fuente": [
      "Pictures/Fototeca de Fotos.photoslibrary/resources/derivatives/masters/5/55906174-5505-4CE6-B009-459B5E302FB0_4_5005_c.jpeg"
    ],
    "ultima_modificacion": "2025-08-01 01:01:19.777545"
  },
  "56d03aeb18bb4cebb8d6e91fd4f9246c45005c.jpeg": {
    "app_sintetizada": "56D03AEB18BB4CEBB8D6E91FD4F9246C45005C.JPEG",
    "cantidad_archivos": 1,
    "archivos_fuente": [
      "Pictures/Fototeca de Fotos.photoslibrary/resources/derivatives/masters/5/56D03AEB-18BB-4CEB-B8D6-E91FD4F9246C_4_5005_c.jpeg"
    ],
    "ultima_modificacion": "2025-08-01 01:01:19.777813"
  },
  "58863f7ccae0456c9cce02781642c74c45005c.jpeg": {
    "app_sintetizada": "58863F7CCAE0456C9CCE02781642C74C45005C.JPEG",
    "cantidad_archivos": 1,
    "archivos_fuente": [
      "Pictures/Fototeca de Fotos.photoslibrary/resources/derivatives/masters/5/58863F7C-CAE0-456C-9CCE-02781642C74C_4_5005_c.jpeg"
    ],
    "ultima_modificacion": "2025-08-01 01:01:19.778026"
  },
  "51f14ab3a3094081ba4edbcc04ed02fb45005c.jpeg": {
    "app_sintetizada": "51F14AB3A3094081BA4EDBCC04ED02FB45005C.JPEG",
    "cantidad_archivos": 1,
    "archivos_fuente": [
      "Pictures/Fototeca de Fotos.photoslibrary/resources/derivatives/masters/5/51F14AB3-A309-4081-BA4E-DBCC04ED02FB_4_5005_c.jpeg"
    ],
    "ultima_modificacion": "2025-08-01 01:01:19.778222"
  },
  "56a5120708fd4875b63672d1ccef36cf45005c.jpeg": {
    "app_sintetizada": "56A5120708FD4875B63672D1CCEF36CF45005C.JPEG",
    "cantidad_archivos": 1,
    "archivos_fuente": [
      "Pictures/Fototeca de Fotos.photoslibrary/resources/derivatives/masters/5/56A51207-08FD-4875-B636-72D1CCEF36CF_4_5005_c.jpeg"
    ],
    "ultima_modificacion": "2025-08-01 01:01:19.778408"
  },
  "5028c275dc1342718f01c03f3c41aa7045005c.jpeg": {
    "app_sintetizada": "5028C275DC1342718F01C03F3C41AA7045005C.JPEG",
    "cantidad_archivos": 1,
    "archivos_fuente": [
      "Pictures/Fototeca de Fotos.photoslibrary/resources/derivatives/masters/5/5028C275-DC13-4271-8F01-C03F3C41AA70_4_5005_c.jpeg"
    ],
    "ultima_modificacion": "2025-08-01 01:01:19.778591"
  },
  "5b6eb072b91648328a7f932ef9942d7c45005c.jpeg": {
    "app_sintetizada": "5B6EB072B91648328A7F932EF9942D7C45005C.JPEG",
    "cantidad_archivos": 1,
    "archivos_fuente": [
      "Pictures/Fototeca de Fotos.photoslibrary/resources/derivatives/masters/5/5B6EB072-B916-4832-8A7F-932EF9942D7C_4_5005_c.jpeg"
    ],
    "ultima_modificacion": "2025-08-01 01:01:19.778771"
  },
  "5a654b6404bf46d89f456b29821f877a45005c.jpeg": {
    "app_sintetizada": "5A654B6404BF46D89F456B29821F877A45005C.JPEG",
    "cantidad_archivos": 1,
    "archivos_fuente": [
      "Pictures/Fototeca de Fotos.photoslibrary/resources/derivatives/masters/5/5A654B64-04BF-46D8-9F45-6B29821F877A_4_5005_c.jpeg"
    ],
    "ultima_modificacion": "2025-08-01 01:01:19.778949"
  },
  "53ba91f3cc6d4cc78ddbcd6d97a900bd45005c.jpeg": {
    "app_sintetizada": "53BA91F3CC6D4CC78DDBCD6D97A900BD45005C.JPEG",
    "cantidad_archivos": 1,
    "archivos_fuente": [
      "Pictures/Fototeca de Fotos.photoslibrary/resources/derivatives/masters/5/53BA91F3-CC6D-4CC7-8DDB-CD6D97A900BD_4_5005_c.jpeg"
    ],
    "ultima_modificacion": "2025-08-01 01:01:19.779128"
  },
  "5c6c24aeace34a768a193e46d2bddaf045005c.jpeg": {
    "app_sintetizada": "5C6C24AEACE34A768A193E46D2BDDAF045005C.JPEG",
    "cantidad_archivos": 1,
    "archivos_fuente": [
      "Pictures/Fototeca de Fotos.photoslibrary/resources/derivatives/masters/5/5C6C24AE-ACE3-4A76-8A19-3E46D2BDDAF0_4_5005_c.jpeg"
    ],
    "ultima_modificacion": "2025-08-01 01:01:19.779312"
  },
  "5ba48f7499d44b5fa7be52f8f839826b45005c.jpeg": {
    "app_sintetizada": "5BA48F7499D44B5FA7BE52F8F839826B45005C.JPEG",
    "cantidad_archivos": 1,
    "archivos_fuente": [
      "Pictures/Fototeca de Fotos.photoslibrary/resources/derivatives/masters/5/5BA48F74-99D4-4B5F-A7BE-52F8F839826B_4_5005_c.jpeg"
    ],
    "ultima_modificacion": "2025-08-01 01:01:19.779596"
  },
  "5a192f64eef34d9b8aeef0b63b64fb0c45005c.jpeg": {
    "app_sintetizada": "5A192F64EEF34D9B8AEEF0B63B64FB0C45005C.JPEG",
    "cantidad_archivos": 1,
    "archivos_fuente": [
      "Pictures/Fototeca de Fotos.photoslibrary/resources/derivatives/masters/5/5A192F64-EEF3-4D9B-8AEE-F0B63B64FB0C_4_5005_c.jpeg"
    ],
    "ultima_modificacion": "2025-08-01 01:01:19.779851"
  },
  "509512956b9e4f59bd5db1ac4b8a510445005c.jpeg": {
    "app_sintetizada": "509512956B9E4F59BD5DB1AC4B8A510445005C.JPEG",
    "cantidad_archivos": 1,
    "archivos_fuente": [
      "Pictures/Fototeca de Fotos.photoslibrary/resources/derivatives/masters/5/50951295-6B9E-4F59-BD5D-B1AC4B8A5104_4_5005_c.jpeg"
    ],
    "ultima_modificacion": "2025-08-01 01:01:19.780068"
  },
  "567698f583e14bd892e67d11986f705245005c.jpeg": {
    "app_sintetizada": "567698F583E14BD892E67D11986F705245005C.JPEG",
    "cantidad_archivos": 1,
    "archivos_fuente": [
      "Pictures/Fototeca de Fotos.photoslibrary/resources/derivatives/masters/5/567698F5-83E1-4BD8-92E6-7D11986F7052_4_5005_c.jpeg"
    ],
    "ultima_modificacion": "2025-08-01 01:01:19.780360"
  },
  "5ce0cbae04bf4a64850646b73617d12945005c.jpeg": {
    "app_sintetizada": "5CE0CBAE04BF4A64850646B73617D12945005C.JPEG",
    "cantidad_archivos": 1,
    "archivos_fuente": [
      "Pictures/Fototeca de Fotos.photoslibrary/resources/derivatives/masters/5/5CE0CBAE-04BF-4A64-8506-46B73617D129_4_5005_c.jpeg"
    ],
    "ultima_modificacion": "2025-08-01 01:01:19.780590"
  },
  "54df297a1eaf42fb820b44e878e4c9b645005c.jpeg": {
    "app_sintetizada": "54DF297A1EAF42FB820B44E878E4C9B645005C.JPEG",
    "cantidad_archivos": 1,
    "archivos_fuente": [
      "Pictures/Fototeca de Fotos.photoslibrary/resources/derivatives/masters/5/54DF297A-1EAF-42FB-820B-44E878E4C9B6_4_5005_c.jpeg"
    ],
    "ultima_modificacion": "2025-08-01 01:01:19.780791"
  },
  "59f719a5f313455bb87037760217364a45005c.jpeg": {
    "app_sintetizada": "59F719A5F313455BB87037760217364A45005C.JPEG",
    "cantidad_archivos": 1,
    "archivos_fuente": [
      "Pictures/Fototeca de Fotos.photoslibrary/resources/derivatives/masters/5/59F719A5-F313-455B-B870-37760217364A_4_5005_c.jpeg"
    ],
    "ultima_modificacion": "2025-08-01 01:01:19.780996"
  },
  "51f44dde40dc41f1987733d74494835745005c.jpeg": {
    "app_sintetizada": "51F44DDE40DC41F1987733D74494835745005C.JPEG",
    "cantidad_archivos": 1,
    "archivos_fuente": [
      "Pictures/Fototeca de Fotos.photoslibrary/resources/derivatives/masters/5/51F44DDE-40DC-41F1-9877-33D744948357_4_5005_c.jpeg"
    ],
    "ultima_modificacion": "2025-08-01 01:01:19.781185"
  },
  "5027620ca990467fb153816c4be7284245005c.jpeg": {
    "app_sintetizada": "5027620CA990467FB153816C4BE7284245005C.JPEG",
    "cantidad_archivos": 1,
    "archivos_fuente": [
      "Pictures/Fototeca de Fotos.photoslibrary/resources/derivatives/masters/5/5027620C-A990-467F-B153-816C4BE72842_4_5005_c.jpeg"
    ],
    "ultima_modificacion": "2025-08-01 01:01:19.781391"
  },
  "51f9befa333e4538a717ad644103712245005c.jpeg": {
    "app_sintetizada": "51F9BEFA333E4538A717AD644103712245005C.JPEG",
    "cantidad_archivos": 1,
    "archivos_fuente": [
      "Pictures/Fototeca de Fotos.photoslibrary/resources/derivatives/masters/5/51F9BEFA-333E-4538-A717-AD6441037122_4_5005_c.jpeg"
    ],
    "ultima_modificacion": "2025-08-01 01:01:19.781603"
  },
  "5913c386a1c74c549641e1f830f1154645005c.jpeg": {
    "app_sintetizada": "5913C386A1C74C549641E1F830F1154645005C.JPEG",
    "cantidad_archivos": 1,
    "archivos_fuente": [
      "Pictures/Fototeca de Fotos.photoslibrary/resources/derivatives/masters/5/5913C386-A1C7-4C54-9641-E1F830F11546_4_5005_c.jpeg"
    ],
    "ultima_modificacion": "2025-08-01 01:01:19.781876"
  },
  "51127605399d406e9b093e3fb4109de645005c.jpeg": {
    "app_sintetizada": "51127605399D406E9B093E3FB4109DE645005C.JPEG",
    "cantidad_archivos": 1,
    "archivos_fuente": [
      "Pictures/Fototeca de Fotos.photoslibrary/resources/derivatives/masters/5/51127605-399D-406E-9B09-3E3FB4109DE6_4_5005_c.jpeg"
    ],
    "ultima_modificacion": "2025-08-01 01:01:19.782116"
  },
  "57e25ef2ab284131922570515d18358d45005c.jpeg": {
    "app_sintetizada": "57E25EF2AB284131922570515D18358D45005C.JPEG",
    "cantidad_archivos": 1,
    "archivos_fuente": [
      "Pictures/Fototeca de Fotos.photoslibrary/resources/derivatives/masters/5/57E25EF2-AB28-4131-9225-70515D18358D_4_5005_c.jpeg"
    ],
    "ultima_modificacion": "2025-08-01 01:01:19.782332"
  },
  "55b81ce1dcba49c0803cbd49c2e7732b45005c.jpeg": {
    "app_sintetizada": "55B81CE1DCBA49C0803CBD49C2E7732B45005C.JPEG",
    "cantidad_archivos": 1,
    "archivos_fuente": [
      "Pictures/Fototeca de Fotos.photoslibrary/resources/derivatives/masters/5/55B81CE1-DCBA-49C0-803C-BD49C2E7732B_4_5005_c.jpeg"
    ],
    "ultima_modificacion": "2025-08-01 01:01:19.782538"
  },
  "5bcf0b5084ef452ea040b4acae82dbab45005c.jpeg": {
    "app_sintetizada": "5BCF0B5084EF452EA040B4ACAE82DBAB45005C.JPEG",
    "cantidad_archivos": 1,
    "archivos_fuente": [
      "Pictures/Fototeca de Fotos.photoslibrary/resources/derivatives/masters/5/5BCF0B50-84EF-452E-A040-B4ACAE82DBAB_4_5005_c.jpeg"
    ],
    "ultima_modificacion": "2025-08-01 01:01:19.782744"
  },
  "5f8d469f5ab040278df37393142edfe645005c.jpeg": {
    "app_sintetizada": "5F8D469F5AB040278DF37393142EDFE645005C.JPEG",
    "cantidad_archivos": 1,
    "archivos_fuente": [
      "Pictures/Fototeca de Fotos.photoslibrary/resources/derivatives/masters/5/5F8D469F-5AB0-4027-8DF3-7393142EDFE6_4_5005_c.jpeg"
    ],
    "ultima_modificacion": "2025-08-01 01:01:19.782932"
  },
  "56ed054b59864ec096177386536b573845005c.jpeg": {
    "app_sintetizada": "56ED054B59864EC096177386536B573845005C.JPEG",
    "cantidad_archivos": 1,
    "archivos_fuente": [
      "Pictures/Fototeca de Fotos.photoslibrary/resources/derivatives/masters/5/56ED054B-5986-4EC0-9617-7386536B5738_4_5005_c.jpeg"
    ],
    "ultima_modificacion": "2025-08-01 01:01:19.783164"
  },
  "546526f5bf834ae19a7ef58679c2aeb645005c.jpeg": {
    "app_sintetizada": "546526F5BF834AE19A7EF58679C2AEB645005C.JPEG",
    "cantidad_archivos": 1,
    "archivos_fuente": [
      "Pictures/Fototeca de Fotos.photoslibrary/resources/derivatives/masters/5/546526F5-BF83-4AE1-9A7E-F58679C2AEB6_4_5005_c.jpeg"
    ],
    "ultima_modificacion": "2025-08-01 01:01:19.783410"
  },
  "5fa7a364b9254b92bce013611670a95245005c.jpeg": {
    "app_sintetizada": "5FA7A364B9254B92BCE013611670A95245005C.JPEG",
    "cantidad_archivos": 1,
    "archivos_fuente": [
      "Pictures/Fototeca de Fotos.photoslibrary/resources/derivatives/masters/5/5FA7A364-B925-4B92-BCE0-13611670A952_4_5005_c.jpeg"
    ],
    "ultima_modificacion": "2025-08-01 01:01:19.783696"
  },
  "51d8d23ef1734be4a3c500f07ad885a945005c.jpeg": {
    "app_sintetizada": "51D8D23EF1734BE4A3C500F07AD885A945005C.JPEG",
    "cantidad_archivos": 1,
    "archivos_fuente": [
      "Pictures/Fototeca de Fotos.photoslibrary/resources/derivatives/masters/5/51D8D23E-F173-4BE4-A3C5-00F07AD885A9_4_5005_c.jpeg"
    ],
    "ultima_modificacion": "2025-08-01 01:01:19.783912"
  },
  "5e5dd91121514a19ad50f47e46b71a1f45005c.jpeg": {
    "app_sintetizada": "5E5DD91121514A19AD50F47E46B71A1F45005C.JPEG",
    "cantidad_archivos": 1,
    "archivos_fuente": [
      "Pictures/Fototeca de Fotos.photoslibrary/resources/derivatives/masters/5/5E5DD911-2151-4A19-AD50-F47E46B71A1F_4_5005_c.jpeg"
    ],
    "ultima_modificacion": "2025-08-01 01:01:19.784093"
  },
  "554b36d65a434b2893ea5eb3799b35a945005c.jpeg": {
    "app_sintetizada": "554B36D65A434B2893EA5EB3799B35A945005C.JPEG",
    "cantidad_archivos": 1,
    "archivos_fuente": [
      "Pictures/Fototeca de Fotos.photoslibrary/resources/derivatives/masters/5/554B36D6-5A43-4B28-93EA-5EB3799B35A9_4_5005_c.jpeg"
    ],
    "ultima_modificacion": "2025-08-01 01:01:19.784275"
  },
  "519cdc71061744be8ba40b0dc7e6aec245005c.jpeg": {
    "app_sintetizada": "519CDC71061744BE8BA40B0DC7E6AEC245005C.JPEG",
    "cantidad_archivos": 1,
    "archivos_fuente": [
      "Pictures/Fototeca de Fotos.photoslibrary/resources/derivatives/masters/5/519CDC71-0617-44BE-8BA4-0B0DC7E6AEC2_4_5005_c.jpeg"
    ],
    "ultima_modificacion": "2025-08-01 01:01:19.784466"
  },
  "58ab8c5c9ce440a2b57a0e641565c8e245005c.jpeg": {
    "app_sintetizada": "58AB8C5C9CE440A2B57A0E641565C8E245005C.JPEG",
    "cantidad_archivos": 1,
    "archivos_fuente": [
      "Pictures/Fototeca de Fotos.photoslibrary/resources/derivatives/masters/5/58AB8C5C-9CE4-40A2-B57A-0E641565C8E2_4_5005_c.jpeg"
    ],
    "ultima_modificacion": "2025-08-01 01:01:19.784659"
  },
  "547aaaee467d402993b0f4c7a7425d3145005c.jpeg": {
    "app_sintetizada": "547AAAEE467D402993B0F4C7A7425D3145005C.JPEG",
    "cantidad_archivos": 1,
    "archivos_fuente": [
      "Pictures/Fototeca de Fotos.photoslibrary/resources/derivatives/masters/5/547AAAEE-467D-4029-93B0-F4C7A7425D31_4_5005_c.jpeg"
    ],
    "ultima_modificacion": "2025-08-01 01:01:19.784844"
  },
  "55b60fd36a9e4f9eb431a93ac8f367ef45005c.jpeg": {
    "app_sintetizada": "55B60FD36A9E4F9EB431A93AC8F367EF45005C.JPEG",
    "cantidad_archivos": 1,
    "archivos_fuente": [
      "Pictures/Fototeca de Fotos.photoslibrary/resources/derivatives/masters/5/55B60FD3-6A9E-4F9E-B431-A93AC8F367EF_4_5005_c.jpeg"
    ],
    "ultima_modificacion": "2025-08-01 01:01:19.785024"
  },
  "50d743c7ccec496cadf492b4bd850d5745005c.jpeg": {
    "app_sintetizada": "50D743C7CCEC496CADF492B4BD850D5745005C.JPEG",
    "cantidad_archivos": 1,
    "archivos_fuente": [
      "Pictures/Fototeca de Fotos.photoslibrary/resources/derivatives/masters/5/50D743C7-CCEC-496C-ADF4-92B4BD850D57_4_5005_c.jpeg"
    ],
    "ultima_modificacion": "2025-08-01 01:01:19.785201"
  },
  "56d166b115604715ba8ae402027484a745005c.jpeg": {
    "app_sintetizada": "56D166B115604715BA8AE402027484A745005C.JPEG",
    "cantidad_archivos": 1,
    "archivos_fuente": [
      "Pictures/Fototeca de Fotos.photoslibrary/resources/derivatives/masters/5/56D166B1-1560-4715-BA8A-E402027484A7_4_5005_c.jpeg"
    ],
    "ultima_modificacion": "2025-08-01 01:01:19.785429"
  },
  "53476e42c1b248358ae75ba38ebb6d6645005c.jpeg": {
    "app_sintetizada": "53476E42C1B248358AE75BA38EBB6D6645005C.JPEG",
    "cantidad_archivos": 1,
    "archivos_fuente": [
      "Pictures/Fototeca de Fotos.photoslibrary/resources/derivatives/masters/5/53476E42-C1B2-4835-8AE7-5BA38EBB6D66_4_5005_c.jpeg"
    ],
    "ultima_modificacion": "2025-08-01 01:01:19.785742"
  },
  "5bdd3542f434450292c9ffe2a11806b145005c.jpeg": {
    "app_sintetizada": "5BDD3542F434450292C9FFE2A11806B145005C.JPEG",
    "cantidad_archivos": 1,
    "archivos_fuente": [
      "Pictures/Fototeca de Fotos.photoslibrary/resources/derivatives/masters/5/5BDD3542-F434-4502-92C9-FFE2A11806B1_4_5005_c.jpeg"
    ],
    "ultima_modificacion": "2025-08-01 01:01:19.785968"
  },
  "5a11864a583349459edf9fd0713bd2a745005c.jpeg": {
    "app_sintetizada": "5A11864A583349459EDF9FD0713BD2A745005C.JPEG",
    "cantidad_archivos": 1,
    "archivos_fuente": [
      "Pictures/Fototeca de Fotos.photoslibrary/resources/derivatives/masters/5/5A11864A-5833-4945-9EDF-9FD0713BD2A7_4_5005_c.jpeg"
    ],
    "ultima_modificacion": "2025-08-01 01:01:19.786267"
  },
  "52b224eb79624b23b8d7f52b6ce1d6d845005c.jpeg": {
    "app_sintetizada": "52B224EB79624B23B8D7F52B6CE1D6D845005C.JPEG",
    "cantidad_archivos": 1,
    "archivos_fuente": [
      "Pictures/Fototeca de Fotos.photoslibrary/resources/derivatives/masters/5/52B224EB-7962-4B23-B8D7-F52B6CE1D6D8_4_5005_c.jpeg"
    ],
    "ultima_modificacion": "2025-08-01 01:01:19.786562"
  },
  "52982d693734420cbcec05b8ee0bf91e45005c.jpeg": {
    "app_sintetizada": "52982D693734420CBCEC05B8EE0BF91E45005C.JPEG",
    "cantidad_archivos": 1,
    "archivos_fuente": [
      "Pictures/Fototeca de Fotos.photoslibrary/resources/derivatives/masters/5/52982D69-3734-420C-BCEC-05B8EE0BF91E_4_5005_c.jpeg"
    ],
    "ultima_modificacion": "2025-08-01 01:01:19.786853"
  },
  "52af077708c2425f8035c0cad6466c3945005c.jpeg": {
    "app_sintetizada": "52AF077708C2425F8035C0CAD6466C3945005C.JPEG",
    "cantidad_archivos": 1,
    "archivos_fuente": [
      "Pictures/Fototeca de Fotos.photoslibrary/resources/derivatives/masters/5/52AF0777-08C2-425F-8035-C0CAD6466C39_4_5005_c.jpeg"
    ],
    "ultima_modificacion": "2025-08-01 01:01:19.787127"
  },
  "5be50a48d90548e394299c78c7c4871145005c.jpeg": {
    "app_sintetizada": "5BE50A48D90548E394299C78C7C4871145005C.JPEG",
    "cantidad_archivos": 1,
    "archivos_fuente": [
      "Pictures/Fototeca de Fotos.photoslibrary/resources/derivatives/masters/5/5BE50A48-D905-48E3-9429-9C78C7C48711_4_5005_c.jpeg"
    ],
    "ultima_modificacion": "2025-08-01 01:01:19.787402"
  },
  "5d13ded35abd456c95f2978ce0001a5845005c.jpeg": {
    "app_sintetizada": "5D13DED35ABD456C95F2978CE0001A5845005C.JPEG",
    "cantidad_archivos": 1,
    "archivos_fuente": [
      "Pictures/Fototeca de Fotos.photoslibrary/resources/derivatives/masters/5/5D13DED3-5ABD-456C-95F2-978CE0001A58_4_5005_c.jpeg"
    ],
    "ultima_modificacion": "2025-08-01 01:01:19.787644"
  },
  "5d28ebf3cdba45e0b891363dc74b08c345005c.jpeg": {
    "app_sintetizada": "5D28EBF3CDBA45E0B891363DC74B08C345005C.JPEG",
    "cantidad_archivos": 1,
    "archivos_fuente": [
      "Pictures/Fototeca de Fotos.photoslibrary/resources/derivatives/masters/5/5D28EBF3-CDBA-45E0-B891-363DC74B08C3_4_5005_c.jpeg"
    ],
    "ultima_modificacion": "2025-08-01 01:01:19.787913"
  },
  "5a6dfcfd045b48f0a8dd303b76b4ecc345005c.jpeg": {
    "app_sintetizada": "5A6DFCFD045B48F0A8DD303B76B4ECC345005C.JPEG",
    "cantidad_archivos": 1,
    "archivos_fuente": [
      "Pictures/Fototeca de Fotos.photoslibrary/resources/derivatives/masters/5/5A6DFCFD-045B-48F0-A8DD-303B76B4ECC3_4_5005_c.jpeg"
    ],
    "ultima_modificacion": "2025-08-01 01:01:19.788216"
  },
  "52a1a60e169b47419598344b3ff8d31145005c.jpeg": {
    "app_sintetizada": "52A1A60E169B47419598344B3FF8D31145005C.JPEG",
    "cantidad_archivos": 1,
    "archivos_fuente": [
      "Pictures/Fototeca de Fotos.photoslibrary/resources/derivatives/masters/5/52A1A60E-169B-4741-9598-344B3FF8D311_4_5005_c.jpeg"
    ],
    "ultima_modificacion": "2025-08-01 01:01:19.788514"
  },
  "5c5b3a37c3ee46b3bd678899af5da75045005c.jpeg": {
    "app_sintetizada": "5C5B3A37C3EE46B3BD678899AF5DA75045005C.JPEG",
    "cantidad_archivos": 1,
    "archivos_fuente": [
      "Pictures/Fototeca de Fotos.photoslibrary/resources/derivatives/masters/5/5C5B3A37-C3EE-46B3-BD67-8899AF5DA750_4_5005_c.jpeg"
    ],
    "ultima_modificacion": "2025-08-01 01:01:19.788797"
  },
  "53f86b2221874d3da38836cd8dc2c9e845005c.jpeg": {
    "app_sintetizada": "53F86B2221874D3DA38836CD8DC2C9E845005C.JPEG",
    "cantidad_archivos": 1,
    "archivos_fuente": [
      "Pictures/Fototeca de Fotos.photoslibrary/resources/derivatives/masters/5/53F86B22-2187-4D3D-A388-36CD8DC2C9E8_4_5005_c.jpeg"
    ],
    "ultima_modificacion": "2025-08-01 01:01:19.789086"
  },
  "5d157e68e9fa4a38adc4fe0aaabd99f145005c.jpeg": {
    "app_sintetizada": "5D157E68E9FA4A38ADC4FE0AAABD99F145005C.JPEG",
    "cantidad_archivos": 1,
    "archivos_fuente": [
      "Pictures/Fototeca de Fotos.photoslibrary/resources/derivatives/masters/5/5D157E68-E9FA-4A38-ADC4-FE0AAABD99F1_4_5005_c.jpeg"
    ],
    "ultima_modificacion": "2025-08-01 01:01:19.789381"
  },
  "5ad86c2441564e2bae489df240489d9945005c.jpeg": {
    "app_sintetizada": "5AD86C2441564E2BAE489DF240489D9945005C.JPEG",
    "cantidad_archivos": 1,
    "archivos_fuente": [
      "Pictures/Fototeca de Fotos.photoslibrary/resources/derivatives/masters/5/5AD86C24-4156-4E2B-AE48-9DF240489D99_4_5005_c.jpeg"
    ],
    "ultima_modificacion": "2025-08-01 01:01:19.789697"
  },
  "54898f601aa14b81823fac3c0eba579b45005c.jpeg": {
    "app_sintetizada": "54898F601AA14B81823FAC3C0EBA579B45005C.JPEG",
    "cantidad_archivos": 1,
    "archivos_fuente": [
      "Pictures/Fototeca de Fotos.photoslibrary/resources/derivatives/masters/5/54898F60-1AA1-4B81-823F-AC3C0EBA579B_4_5005_c.jpeg"
    ],
    "ultima_modificacion": "2025-08-01 01:01:19.789973"
  },
  "5f01e3ef5ebe47f183f381e62b2ec19345005c.jpeg": {
    "app_sintetizada": "5F01E3EF5EBE47F183F381E62B2EC19345005C.JPEG",
    "cantidad_archivos": 1,
    "archivos_fuente": [
      "Pictures/Fototeca de Fotos.photoslibrary/resources/derivatives/masters/5/5F01E3EF-5EBE-47F1-83F3-81E62B2EC193_4_5005_c.jpeg"
    ],
    "ultima_modificacion": "2025-08-01 01:01:19.790720"
  },
  "53d7f86b84ad40e19bfcd3ee2d61621945005c.jpeg": {
    "app_sintetizada": "53D7F86B84AD40E19BFCD3EE2D61621945005C.JPEG",
    "cantidad_archivos": 1,
    "archivos_fuente": [
      "Pictures/Fototeca de Fotos.photoslibrary/resources/derivatives/masters/5/53D7F86B-84AD-40E1-9BFC-D3EE2D616219_4_5005_c.jpeg"
    ],
    "ultima_modificacion": "2025-08-01 01:01:19.791014"
  },
  "5018e5fb36694376bd3bafefc2489aaf45005c.jpeg": {
    "app_sintetizada": "5018E5FB36694376BD3BAFEFC2489AAF45005C.JPEG",
    "cantidad_archivos": 1,
    "archivos_fuente": [
      "Pictures/Fototeca de Fotos.photoslibrary/resources/derivatives/masters/5/5018E5FB-3669-4376-BD3B-AFEFC2489AAF_4_5005_c.jpeg"
    ],
    "ultima_modificacion": "2025-08-01 01:01:19.791308"
  },
  "5a16cb2426a5413b944be55ab526bc2645005c.jpeg": {
    "app_sintetizada": "5A16CB2426A5413B944BE55AB526BC2645005C.JPEG",
    "cantidad_archivos": 1,
    "archivos_fuente": [
      "Pictures/Fototeca de Fotos.photoslibrary/resources/derivatives/masters/5/5A16CB24-26A5-413B-944B-E55AB526BC26_4_5005_c.jpeg"
    ],
    "ultima_modificacion": "2025-08-01 01:01:19.791607"
  },
  "56de3414c66640abad35fa6f0e00566b45005c.jpeg": {
    "app_sintetizada": "56DE3414C66640ABAD35FA6F0E00566B45005C.JPEG",
    "cantidad_archivos": 1,
    "archivos_fuente": [
      "Pictures/Fototeca de Fotos.photoslibrary/resources/derivatives/masters/5/56DE3414-C666-40AB-AD35-FA6F0E00566B_4_5005_c.jpeg"
    ],
    "ultima_modificacion": "2025-08-01 01:01:19.791898"
  },
  "54a58958ed5d493d8840b2d9021d69ec45005c.jpeg": {
    "app_sintetizada": "54A58958ED5D493D8840B2D9021D69EC45005C.JPEG",
    "cantidad_archivos": 1,
    "archivos_fuente": [
      "Pictures/Fototeca de Fotos.photoslibrary/resources/derivatives/masters/5/54A58958-ED5D-493D-8840-B2D9021D69EC_4_5005_c.jpeg"
    ],
    "ultima_modificacion": "2025-08-01 01:01:19.792213"
  },
  "595d17201c6749bc848fe25de1acd50745005c.jpeg": {
    "app_sintetizada": "595D17201C6749BC848FE25DE1ACD50745005C.JPEG",
    "cantidad_archivos": 1,
    "archivos_fuente": [
      "Pictures/Fototeca de Fotos.photoslibrary/resources/derivatives/masters/5/595D1720-1C67-49BC-848F-E25DE1ACD507_4_5005_c.jpeg"
    ],
    "ultima_modificacion": "2025-08-01 01:01:19.792520"
  },
  "52045757454e4056b3545a4e1749cdf845005c.jpeg": {
    "app_sintetizada": "52045757454E4056B3545A4E1749CDF845005C.JPEG",
    "cantidad_archivos": 1,
    "archivos_fuente": [
      "Pictures/Fototeca de Fotos.photoslibrary/resources/derivatives/masters/5/52045757-454E-4056-B354-5A4E1749CDF8_4_5005_c.jpeg"
    ],
    "ultima_modificacion": "2025-08-01 01:01:19.792814"
  },
  "5639c6ce33fc4d928249c7bbdaa418c045005c.jpeg": {
    "app_sintetizada": "5639C6CE33FC4D928249C7BBDAA418C045005C.JPEG",
    "cantidad_archivos": 1,
    "archivos_fuente": [
      "Pictures/Fototeca de Fotos.photoslibrary/resources/derivatives/masters/5/5639C6CE-33FC-4D92-8249-C7BBDAA418C0_4_5005_c.jpeg"
    ],
    "ultima_modificacion": "2025-08-01 01:01:19.793081"
  },
  "5b66bc2eb36b4a11b1db606fbcb7176845005c.jpeg": {
    "app_sintetizada": "5B66BC2EB36B4A11B1DB606FBCB7176845005C.JPEG",
    "cantidad_archivos": 1,
    "archivos_fuente": [
      "Pictures/Fototeca de Fotos.photoslibrary/resources/derivatives/masters/5/5B66BC2E-B36B-4A11-B1DB-606FBCB71768_4_5005_c.jpeg"
    ],
    "ultima_modificacion": "2025-08-01 01:01:19.793365"
  },
  "5023170c37344093bedc7de5713ce43b45005c.jpeg": {
    "app_sintetizada": "5023170C37344093BEDC7DE5713CE43B45005C.JPEG",
    "cantidad_archivos": 1,
    "archivos_fuente": [
      "Pictures/Fototeca de Fotos.photoslibrary/resources/derivatives/masters/5/5023170C-3734-4093-BEDC-7DE5713CE43B_4_5005_c.jpeg"
    ],
    "ultima_modificacion": "2025-08-01 01:01:19.793671"
  },
  "539b4a988fc64adf913144cdf49d991345005c.jpeg": {
    "app_sintetizada": "539B4A988FC64ADF913144CDF49D991345005C.JPEG",
    "cantidad_archivos": 1,
    "archivos_fuente": [
      "Pictures/Fototeca de Fotos.photoslibrary/resources/derivatives/masters/5/539B4A98-8FC6-4ADF-9131-44CDF49D9913_4_5005_c.jpeg"
    ],
    "ultima_modificacion": "2025-08-01 01:01:19.793946"
  },
  "59e1b468bae7484ab77ee1d2a8e7dd1c45005c.jpeg": {
    "app_sintetizada": "59E1B468BAE7484AB77EE1D2A8E7DD1C45005C.JPEG",
    "cantidad_archivos": 1,
    "archivos_fuente": [
      "Pictures/Fototeca de Fotos.photoslibrary/resources/derivatives/masters/5/59E1B468-BAE7-484A-B77E-E1D2A8E7DD1C_4_5005_c.jpeg"
    ],
    "ultima_modificacion": "2025-08-01 01:01:19.794228"
  },
  "5e6316d2c16d43d4afbe9729b1a3853a45005c.jpeg": {
    "app_sintetizada": "5E6316D2C16D43D4AFBE9729B1A3853A45005C.JPEG",
    "cantidad_archivos": 1,
    "archivos_fuente": [
      "Pictures/Fototeca de Fotos.photoslibrary/resources/derivatives/masters/5/5E6316D2-C16D-43D4-AFBE-9729B1A3853A_4_5005_c.jpeg"
    ],
    "ultima_modificacion": "2025-08-01 01:01:19.794518"
  },
  "5829e0538f0947ef8cfd89883067f45545005c.jpeg": {
    "app_sintetizada": "5829E0538F0947EF8CFD89883067F45545005C.JPEG",
    "cantidad_archivos": 1,
    "archivos_fuente": [
      "Pictures/Fototeca de Fotos.photoslibrary/resources/derivatives/masters/5/5829E053-8F09-47EF-8CFD-89883067F455_4_5005_c.jpeg"
    ],
    "ultima_modificacion": "2025-08-01 01:01:19.794779"
  },
  "5d569f113ad44a56bf624248191f54a645005c.jpeg": {
    "app_sintetizada": "5D569F113AD44A56BF624248191F54A645005C.JPEG",
    "cantidad_archivos": 1,
    "archivos_fuente": [
      "Pictures/Fototeca de Fotos.photoslibrary/resources/derivatives/masters/5/5D569F11-3AD4-4A56-BF62-4248191F54A6_4_5005_c.jpeg"
    ],
    "ultima_modificacion": "2025-08-01 01:01:19.795035"
  },
  "573fc74a313c4e5a9027d71c47100c6b45005c.jpeg": {
    "app_sintetizada": "573FC74A313C4E5A9027D71C47100C6B45005C.JPEG",
    "cantidad_archivos": 1,
    "archivos_fuente": [
      "Pictures/Fototeca de Fotos.photoslibrary/resources/derivatives/masters/5/573FC74A-313C-4E5A-9027-D71C47100C6B_4_5005_c.jpeg"
    ],
    "ultima_modificacion": "2025-08-01 01:01:19.795330"
  },
  "5f1c189ffe864f2eacbdfb6c0a199be745005c.jpeg": {
    "app_sintetizada": "5F1C189FFE864F2EACBDFB6C0A199BE745005C.JPEG",
    "cantidad_archivos": 1,
    "archivos_fuente": [
      "Pictures/Fototeca de Fotos.photoslibrary/resources/derivatives/masters/5/5F1C189F-FE86-4F2E-ACBD-FB6C0A199BE7_4_5005_c.jpeg"
    ],
    "ultima_modificacion": "2025-08-01 01:01:19.795639"
  },
  "54474981a08e4e51900bdda3b6eca16045005c.jpeg": {
    "app_sintetizada": "54474981A08E4E51900BDDA3B6ECA16045005C.JPEG",
    "cantidad_archivos": 1,
    "archivos_fuente": [
      "Pictures/Fototeca de Fotos.photoslibrary/resources/derivatives/masters/5/54474981-A08E-4E51-900B-DDA3B6ECA160_4_5005_c.jpeg"
    ],
    "ultima_modificacion": "2025-08-01 01:01:19.795920"
  },
  "5d868d8e25004505898ac07533e3ab0d45005c.jpeg": {
    "app_sintetizada": "5D868D8E25004505898AC07533E3AB0D45005C.JPEG",
    "cantidad_archivos": 1,
    "archivos_fuente": [
      "Pictures/Fototeca de Fotos.photoslibrary/resources/derivatives/masters/5/5D868D8E-2500-4505-898A-C07533E3AB0D_4_5005_c.jpeg"
    ],
    "ultima_modificacion": "2025-08-01 01:01:19.796207"
  },
  "5b763e2a87864dbcbf1dcd121440e1f445005c.jpeg": {
    "app_sintetizada": "5B763E2A87864DBCBF1DCD121440E1F445005C.JPEG",
    "cantidad_archivos": 1,
    "archivos_fuente": [
      "Pictures/Fototeca de Fotos.photoslibrary/resources/derivatives/masters/5/5B763E2A-8786-4DBC-BF1D-CD121440E1F4_4_5005_c.jpeg"
    ],
    "ultima_modificacion": "2025-08-01 01:01:19.796534"
  },
  "50f251597b76427b9138ce0cf96b477745005c.jpeg": {
    "app_sintetizada": "50F251597B76427B9138CE0CF96B477745005C.JPEG",
    "cantidad_archivos": 1,
    "archivos_fuente": [
      "Pictures/Fototeca de Fotos.photoslibrary/resources/derivatives/masters/5/50F25159-7B76-427B-9138-CE0CF96B4777_4_5005_c.jpeg"
    ],
    "ultima_modificacion": "2025-08-01 01:01:19.796849"
  },
  "5f54ff3b3ca8487eb6ad5c5f9f7d8f2845005c.jpeg": {
    "app_sintetizada": "5F54FF3B3CA8487EB6AD5C5F9F7D8F2845005C.JPEG",
    "cantidad_archivos": 1,
    "archivos_fuente": [
      "Pictures/Fototeca de Fotos.photoslibrary/resources/derivatives/masters/5/5F54FF3B-3CA8-487E-B6AD-5C5F9F7D8F28_4_5005_c.jpeg"
    ],
    "ultima_modificacion": "2025-08-01 01:01:19.797148"
  },
  "5fd0000c935d42e089f1ea482fe0fb0845005c.jpeg": {
    "app_sintetizada": "5FD0000C935D42E089F1EA482FE0FB0845005C.JPEG",
    "cantidad_archivos": 1,
    "archivos_fuente": [
      "Pictures/Fototeca de Fotos.photoslibrary/resources/derivatives/masters/5/5FD0000C-935D-42E0-89F1-EA482FE0FB08_4_5005_c.jpeg"
    ],
    "ultima_modificacion": "2025-08-01 01:01:19.798041"
  },
  "5f599f0e517547ab91ec7675b2dfe8ca45005c.jpeg": {
    "app_sintetizada": "5F599F0E517547AB91EC7675B2DFE8CA45005C.JPEG",
    "cantidad_archivos": 1,
    "archivos_fuente": [
      "Pictures/Fototeca de Fotos.photoslibrary/resources/derivatives/masters/5/5F599F0E-5175-47AB-91EC-7675B2DFE8CA_4_5005_c.jpeg"
    ],
    "ultima_modificacion": "2025-08-01 01:01:19.798362"
  },
  "57a10cd233984906bd69c641a490301845005c.jpeg": {
    "app_sintetizada": "57A10CD233984906BD69C641A490301845005C.JPEG",
    "cantidad_archivos": 1,
    "archivos_fuente": [
      "Pictures/Fototeca de Fotos.photoslibrary/resources/derivatives/masters/5/57A10CD2-3398-4906-BD69-C641A4903018_4_5005_c.jpeg"
    ],
    "ultima_modificacion": "2025-08-01 01:01:19.798694"
  },
  "5c4837c876934c088ca37a3c04ffd8b545005c.jpeg": {
    "app_sintetizada": "5C4837C876934C088CA37A3C04FFD8B545005C.JPEG",
    "cantidad_archivos": 1,
    "archivos_fuente": [
      "Pictures/Fototeca de Fotos.photoslibrary/resources/derivatives/masters/5/5C4837C8-7693-4C08-8CA3-7A3C04FFD8B5_4_5005_c.jpeg"
    ],
    "ultima_modificacion": "2025-08-01 01:01:19.799011"
  },
  "51f017e073f64817a787554545d0e15445005c.jpeg": {
    "app_sintetizada": "51F017E073F64817A787554545D0E15445005C.JPEG",
    "cantidad_archivos": 1,
    "archivos_fuente": [
      "Pictures/Fototeca de Fotos.photoslibrary/resources/derivatives/masters/5/51F017E0-73F6-4817-A787-554545D0E154_4_5005_c.jpeg"
    ],
    "ultima_modificacion": "2025-08-01 01:01:19.799312"
  },
  "5cc26aebb35f4774b8ed7a55fde92e9d45005c.jpeg": {
    "app_sintetizada": "5CC26AEBB35F4774B8ED7A55FDE92E9D45005C.JPEG",
    "cantidad_archivos": 1,
    "archivos_fuente": [
      "Pictures/Fototeca de Fotos.photoslibrary/resources/derivatives/masters/5/5CC26AEB-B35F-4774-B8ED-7A55FDE92E9D_4_5005_c.jpeg"
    ],
    "ultima_modificacion": "2025-08-01 01:01:19.799620"
  },
  "5575dc01644d4f2eb2faa89086d86d7645005c.jpeg": {
    "app_sintetizada": "5575DC01644D4F2EB2FAA89086D86D7645005C.JPEG",
    "cantidad_archivos": 1,
    "archivos_fuente": [
      "Pictures/Fototeca de Fotos.photoslibrary/resources/derivatives/masters/5/5575DC01-644D-4F2E-B2FA-A89086D86D76_4_5005_c.jpeg"
    ],
    "ultima_modificacion": "2025-08-01 01:01:19.799915"
  },
  "5bb5250b73c645c79fe0e5945145f44445005c.jpeg": {
    "app_sintetizada": "5BB5250B73C645C79FE0E5945145F44445005C.JPEG",
    "cantidad_archivos": 1,
    "archivos_fuente": [
      "Pictures/Fototeca de Fotos.photoslibrary/resources/derivatives/masters/5/5BB5250B-73C6-45C7-9FE0-E5945145F444_4_5005_c.jpeg"
    ],
    "ultima_modificacion": "2025-08-01 01:01:19.800200"
  },
  "5cc4a5080f3a4901a04284984b42964245005c.jpeg": {
    "app_sintetizada": "5CC4A5080F3A4901A04284984B42964245005C.JPEG",
    "cantidad_archivos": 1,
    "archivos_fuente": [
      "Pictures/Fototeca de Fotos.photoslibrary/resources/derivatives/masters/5/5CC4A508-0F3A-4901-A042-84984B429642_4_5005_c.jpeg"
    ],
    "ultima_modificacion": "2025-08-01 01:01:19.800499"
  },
  "5647ed7aeb7545e0adda332591e0ba1245005c.jpeg": {
    "app_sintetizada": "5647ED7AEB7545E0ADDA332591E0BA1245005C.JPEG",
    "cantidad_archivos": 1,
    "archivos_fuente": [
      "Pictures/Fototeca de Fotos.photoslibrary/resources/derivatives/masters/5/5647ED7A-EB75-45E0-ADDA-332591E0BA12_4_5005_c.jpeg"
    ],
    "ultima_modificacion": "2025-08-01 01:01:19.800818"
  },
  "518a1f36ab65435d9a222d111edec55145005c.jpeg": {
    "app_sintetizada": "518A1F36AB65435D9A222D111EDEC55145005C.JPEG",
    "cantidad_archivos": 1,
    "archivos_fuente": [
      "Pictures/Fototeca de Fotos.photoslibrary/resources/derivatives/masters/5/518A1F36-AB65-435D-9A22-2D111EDEC551_4_5005_c.jpeg"
    ],
    "ultima_modificacion": "2025-08-01 01:01:19.801132"
  },
  "5750352dd4e542af89e976c35d33686445005c.jpeg": {
    "app_sintetizada": "5750352DD4E542AF89E976C35D33686445005C.JPEG",
    "cantidad_archivos": 1,
    "archivos_fuente": [
      "Pictures/Fototeca de Fotos.photoslibrary/resources/derivatives/masters/5/5750352D-D4E5-42AF-89E9-76C35D336864_4_5005_c.jpeg"
    ],
    "ultima_modificacion": "2025-08-01 01:01:19.801444"
  },
  "5ce71082e17c496caef0af95c746462a45005c.jpeg": {
    "app_sintetizada": "5CE71082E17C496CAEF0AF95C746462A45005C.JPEG",
    "cantidad_archivos": 1,
    "archivos_fuente": [
      "Pictures/Fototeca de Fotos.photoslibrary/resources/derivatives/masters/5/5CE71082-E17C-496C-AEF0-AF95C746462A_4_5005_c.jpeg"
    ],
    "ultima_modificacion": "2025-08-01 01:01:19.801737"
  },
  "50a50939650f41f894ac5a060952bbf345005c.jpeg": {
    "app_sintetizada": "50A50939650F41F894AC5A060952BBF345005C.JPEG",
    "cantidad_archivos": 1,
    "archivos_fuente": [
      "Pictures/Fototeca de Fotos.photoslibrary/resources/derivatives/masters/5/50A50939-650F-41F8-94AC-5A060952BBF3_4_5005_c.jpeg"
    ],
    "ultima_modificacion": "2025-08-01 01:01:19.802058"
  },
  "5cc7a821a0474cb1b181bd285190ae1545005c.jpeg": {
    "app_sintetizada": "5CC7A821A0474CB1B181BD285190AE1545005C.JPEG",
    "cantidad_archivos": 1,
    "archivos_fuente": [
      "Pictures/Fototeca de Fotos.photoslibrary/resources/derivatives/masters/5/5CC7A821-A047-4CB1-B181-BD285190AE15_4_5005_c.jpeg"
    ],
    "ultima_modificacion": "2025-08-01 01:01:19.802347"
  },
  "584a5a2330444bbba931bc9f87fd734845005c.jpeg": {
    "app_sintetizada": "584A5A2330444BBBA931BC9F87FD734845005C.JPEG",
    "cantidad_archivos": 1,
    "archivos_fuente": [
      "Pictures/Fototeca de Fotos.photoslibrary/resources/derivatives/masters/5/584A5A23-3044-4BBB-A931-BC9F87FD7348_4_5005_c.jpeg"
    ],
    "ultima_modificacion": "2025-08-01 01:01:19.802675"
  },
  "57804701cda44f399714d600cb596b1d45005c.jpeg": {
    "app_sintetizada": "57804701CDA44F399714D600CB596B1D45005C.JPEG",
    "cantidad_archivos": 1,
    "archivos_fuente": [
      "Pictures/Fototeca de Fotos.photoslibrary/resources/derivatives/masters/5/57804701-CDA4-4F39-9714-D600CB596B1D_4_5005_c.jpeg"
    ],
    "ultima_modificacion": "2025-08-01 01:01:19.802994"
  },
  "550bd617c1b34ee8ad93a3eb295ed35745005c.jpeg": {
    "app_sintetizada": "550BD617C1B34EE8AD93A3EB295ED35745005C.JPEG",
    "cantidad_archivos": 1,
    "archivos_fuente": [
      "Pictures/Fototeca de Fotos.photoslibrary/resources/derivatives/masters/5/550BD617-C1B3-4EE8-AD93-A3EB295ED357_4_5005_c.jpeg"
    ],
    "ultima_modificacion": "2025-08-01 01:01:19.803315"
  },
  "5a536e610d6f427d8c9fba0ef7985dd645005c.jpeg": {
    "app_sintetizada": "5A536E610D6F427D8C9FBA0EF7985DD645005C.JPEG",
    "cantidad_archivos": 1,
    "archivos_fuente": [
      "Pictures/Fototeca de Fotos.photoslibrary/resources/derivatives/masters/5/5A536E61-0D6F-427D-8C9F-BA0EF7985DD6_4_5005_c.jpeg"
    ],
    "ultima_modificacion": "2025-08-01 01:01:19.803645"
  },
  "50ed9233e74d4add9ab0d80618338ba445005c.jpeg": {
    "app_sintetizada": "50ED9233E74D4ADD9AB0D80618338BA445005C.JPEG",
    "cantidad_archivos": 1,
    "archivos_fuente": [
      "Pictures/Fototeca de Fotos.photoslibrary/resources/derivatives/masters/5/50ED9233-E74D-4ADD-9AB0-D80618338BA4_4_5005_c.jpeg"
    ],
    "ultima_modificacion": "2025-08-01 01:01:19.803976"
  }
}