{
  "5cee8c480dfa4ba4a4cd0ee291a009b81105c.jpeg": {
    "app_sintetizada": "5CEE8C480DFA4BA4A4CD0EE291A009B81105C.JPEG",
    "cantidad_archivos": 1,
    "archivos_fuente": [
      "Pictures/Fototeca de Fotos.photoslibrary/resources/derivatives/5/5CEE8C48-0DFA-4BA4-A4CD-0EE291A009B8_1_105_c.jpeg"
    ],
    "ultima_modificacion": "2025-08-01 01:01:29.177835"
  },
  "5e6b679cd4204dd192b6e4cb72e8c7b01105c.jpeg": {
    "app_sintetizada": "5E6B679CD4204DD192B6E4CB72E8C7B01105C.JPEG",
    "cantidad_archivos": 1,
    "archivos_fuente": [
      "Pictures/Fototeca de Fotos.photoslibrary/resources/derivatives/5/5E6B679C-D420-4DD1-92B6-E4CB72E8C7B0_1_105_c.jpeg"
    ],
    "ultima_modificacion": "2025-08-01 01:01:29.178260"
  },
  "5005c4057f3a4ebf86f4b038fbd26b8f1105c.jpeg": {
    "app_sintetizada": "5005C4057F3A4EBF86F4B038FBD26B8F1105C.JPEG",
    "cantidad_archivos": 1,
    "archivos_fuente": [
      "Pictures/Fototeca de Fotos.photoslibrary/resources/derivatives/5/5005C405-7F3A-4EBF-86F4-B038FBD26B8F_1_105_c.jpeg"
    ],
    "ultima_modificacion": "2025-08-01 01:01:29.178678"
  },
  "5251cf73f3864e0cb903f2045a2df28f1105c.jpeg": {
    "app_sintetizada": "5251CF73F3864E0CB903F2045A2DF28F1105C.JPEG",
    "cantidad_archivos": 1,
    "archivos_fuente": [
      "Pictures/Fototeca de Fotos.photoslibrary/resources/derivatives/5/5251CF73-F386-4E0C-B903-F2045A2DF28F_1_105_c.jpeg"
    ],
    "ultima_modificacion": "2025-08-01 01:01:29.179115"
  },
  "50cbb3d2bccf4a5f9d7d4000e4347ac31105c.jpeg": {
    "app_sintetizada": "50CBB3D2BCCF4A5F9D7D4000E4347AC31105C.JPEG",
    "cantidad_archivos": 1,
    "archivos_fuente": [
      "Pictures/Fototeca de Fotos.photoslibrary/resources/derivatives/5/50CBB3D2-BCCF-4A5F-9D7D-4000E4347AC3_1_105_c.jpeg"
    ],
    "ultima_modificacion": "2025-08-01 01:01:29.179524"
  },
  "58cc9ca35ef3447198e2881be63c120b1105c.jpeg": {
    "app_sintetizada": "58CC9CA35EF3447198E2881BE63C120B1105C.JPEG",
    "cantidad_archivos": 1,
    "archivos_fuente": [
      "Pictures/Fototeca de Fotos.photoslibrary/resources/derivatives/5/58CC9CA3-5EF3-4471-98E2-881BE63C120B_1_105_c.jpeg"
    ],
    "ultima_modificacion": "2025-08-01 01:01:29.179938"
  },
  "5141b26801f8404fa22941e7183698ca1105c.jpeg": {
    "app_sintetizada": "5141B26801F8404FA22941E7183698CA1105C.JPEG",
    "cantidad_archivos": 1,
    "archivos_fuente": [
      "Pictures/Fototeca de Fotos.photoslibrary/resources/derivatives/5/5141B268-01F8-404F-A229-41E7183698CA_1_105_c.jpeg"
    ],
    "ultima_modificacion": "2025-08-01 01:01:29.180691"
  },
  "5f2f72bb0e1441609df73438060129381105c.jpeg": {
    "app_sintetizada": "5F2F72BB0E1441609DF73438060129381105C.JPEG",
    "cantidad_archivos": 1,
    "archivos_fuente": [
      "Pictures/Fototeca de Fotos.photoslibrary/resources/derivatives/5/5F2F72BB-0E14-4160-9DF7-343806012938_1_105_c.jpeg"
    ],
    "ultima_modificacion": "2025-08-01 01:01:29.181111"
  },
  "5893f8bfce574ce991efbc76d1bf3d341105c.jpeg": {
    "app_sintetizada": "5893F8BFCE574CE991EFBC76D1BF3D341105C.JPEG",
    "cantidad_archivos": 1,
    "archivos_fuente": [
      "Pictures/Fototeca de Fotos.photoslibrary/resources/derivatives/5/5893F8BF-CE57-4CE9-91EF-BC76D1BF3D34_1_105_c.jpeg"
    ],
    "ultima_modificacion": "2025-08-01 01:01:29.181530"
  },
  "5b1b3b7facfc4cc08d2e853058f420121105c.jpeg": {
    "app_sintetizada": "5B1B3B7FACFC4CC08D2E853058F420121105C.JPEG",
    "cantidad_archivos": 1,
    "archivos_fuente": [
      "Pictures/Fototeca de Fotos.photoslibrary/resources/derivatives/5/5B1B3B7F-ACFC-4CC0-8D2E-853058F42012_1_105_c.jpeg"
    ],
    "ultima_modificacion": "2025-08-01 01:01:29.181925"
  },
  "5d1e5de9ca454bf39aed623bdf50fd70.thm": {
    "app_sintetizada": "5D1E5DE9CA454BF39AED623BDF50FD70.THM",
    "cantidad_archivos": 1,
    "archivos_fuente": [
      "Pictures/Fototeca de Fotos.photoslibrary/resources/derivatives/5/5D1E5DE9-CA45-4BF3-9AED-623BDF50FD70.THM"
    ],
    "ultima_modificacion": "2025-08-01 01:01:29.182320"
  },
  "50ed9233e74d4add9ab0d80618338ba41105c.jpeg": {
    "app_sintetizada": "50ED9233E74D4ADD9AB0D80618338BA41105C.JPEG",
    "cantidad_archivos": 1,
    "archivos_fuente": [
      "Pictures/Fototeca de Fotos.photoslibrary/resources/derivatives/5/50ED9233-E74D-4ADD-9AB0-D80618338BA4_1_105_c.jpeg"
    ],
    "ultima_modificacion": "2025-08-01 01:01:29.182719"
  },
  "509512956b9e4f59bd5db1ac4b8a51041105c.jpeg": {
    "app_sintetizada": "509512956B9E4F59BD5DB1AC4B8A51041105C.JPEG",
    "cantidad_archivos": 1,
    "archivos_fuente": [
      "Pictures/Fototeca de Fotos.photoslibrary/resources/derivatives/5/50951295-6B9E-4F59-BD5D-B1AC4B8A5104_1_105_c.jpeg"
    ],
    "ultima_modificacion": "2025-08-01 01:01:29.183092"
  },
  "54f97cdf2d7b4b70aea337252ceff5521105c.jpeg": {
    "app_sintetizada": "54F97CDF2D7B4B70AEA337252CEFF5521105C.JPEG",
    "cantidad_archivos": 1,
    "archivos_fuente": [
      "Pictures/Fototeca de Fotos.photoslibrary/resources/derivatives/5/54F97CDF-2D7B-4B70-AEA3-37252CEFF552_1_105_c.jpeg"
    ],
    "ultima_modificacion": "2025-08-01 01:01:29.183784"
  },
  "5f50b1c20bbe4ac5a33f0d8b28a0bbde1105c.jpeg": {
    "app_sintetizada": "5F50B1C20BBE4AC5A33F0D8B28A0BBDE1105C.JPEG",
    "cantidad_archivos": 1,
    "archivos_fuente": [
      "Pictures/Fototeca de Fotos.photoslibrary/resources/derivatives/5/5F50B1C2-0BBE-4AC5-A33F-0D8B28A0BBDE_1_105_c.jpeg"
    ],
    "ultima_modificacion": "2025-08-01 01:01:29.184089"
  },
  "5a903608605848dbb45548def149cec91105c.jpeg": {
    "app_sintetizada": "5A903608605848DBB45548DEF149CEC91105C.JPEG",
    "cantidad_archivos": 1,
    "archivos_fuente": [
      "Pictures/Fototeca de Fotos.photoslibrary/resources/derivatives/5/5A903608-6058-48DB-B455-48DEF149CEC9_1_105_c.jpeg"
    ],
    "ultima_modificacion": "2025-08-01 01:01:29.184578"
  },
  "5b2646bc6bcc4ede9c567d9579686ecc1105c.jpeg": {
    "app_sintetizada": "5B2646BC6BCC4EDE9C567D9579686ECC1105C.JPEG",
    "cantidad_archivos": 1,
    "archivos_fuente": [
      "Pictures/Fototeca de Fotos.photoslibrary/resources/derivatives/5/5B2646BC-6BCC-4EDE-9C56-7D9579686ECC_1_105_c.jpeg"
    ],
    "ultima_modificacion": "2025-08-01 01:01:29.185059"
  },
  "56f2e884cbf84b309e7f99836a5e28f71105c.jpeg": {
    "app_sintetizada": "56F2E884CBF84B309E7F99836A5E28F71105C.JPEG",
    "cantidad_archivos": 1,
    "archivos_fuente": [
      "Pictures/Fototeca de Fotos.photoslibrary/resources/derivatives/5/56F2E884-CBF8-4B30-9E7F-99836A5E28F7_1_105_c.jpeg"
    ],
    "ultima_modificacion": "2025-08-01 01:01:29.185852"
  },
  "557355d967e9448899bb1df7be2e90721105c.jpeg": {
    "app_sintetizada": "557355D967E9448899BB1DF7BE2E90721105C.JPEG",
    "cantidad_archivos": 1,
    "archivos_fuente": [
      "Pictures/Fototeca de Fotos.photoslibrary/resources/derivatives/5/557355D9-67E9-4488-99BB-1DF7BE2E9072_1_105_c.jpeg"
    ],
    "ultima_modificacion": "2025-08-01 01:01:29.186214"
  },
  "5cf9676d151c4cbc97153e28ddaf284c1105c.jpeg": {
    "app_sintetizada": "5CF9676D151C4CBC97153E28DDAF284C1105C.JPEG",
    "cantidad_archivos": 1,
    "archivos_fuente": [
      "Pictures/Fototeca de Fotos.photoslibrary/resources/derivatives/5/5CF9676D-151C-4CBC-9715-3E28DDAF284C_1_105_c.jpeg"
    ],
    "ultima_modificacion": "2025-08-01 01:01:29.186538"
  },
  "55deaf91aef9471db65ec9dd8af130a31105c.jpeg": {
    "app_sintetizada": "55DEAF91AEF9471DB65EC9DD8AF130A31105C.JPEG",
    "cantidad_archivos": 1,
    "archivos_fuente": [
      "Pictures/Fototeca de Fotos.photoslibrary/resources/derivatives/5/55DEAF91-AEF9-471D-B65E-C9DD8AF130A3_1_105_c.jpeg"
    ],
    "ultima_modificacion": "2025-08-01 01:01:29.186938"
  },
  "587db0489897495b86e109319af87a1c1105c.jpeg": {
    "app_sintetizada": "587DB0489897495B86E109319AF87A1C1105C.JPEG",
    "cantidad_archivos": 1,
    "archivos_fuente": [
      "Pictures/Fototeca de Fotos.photoslibrary/resources/derivatives/5/587DB048-9897-495B-86E1-09319AF87A1C_1_105_c.jpeg"
    ],
    "ultima_modificacion": "2025-08-01 01:01:29.187294"
  },
  "500a8c999673450d889b4475de8322f91105c.jpeg": {
    "app_sintetizada": "500A8C999673450D889B4475DE8322F91105C.JPEG",
    "cantidad_archivos": 1,
    "archivos_fuente": [
      "Pictures/Fototeca de Fotos.photoslibrary/resources/derivatives/5/500A8C99-9673-450D-889B-4475DE8322F9_1_105_c.jpeg"
    ],
    "ultima_modificacion": "2025-08-01 01:01:29.187678"
  },
  "5274740f03d24a30bdb4a3b2cc691e271105c.jpeg": {
    "app_sintetizada": "5274740F03D24A30BDB4A3B2CC691E271105C.JPEG",
    "cantidad_archivos": 1,
    "archivos_fuente": [
      "Pictures/Fototeca de Fotos.photoslibrary/resources/derivatives/5/5274740F-03D2-4A30-BDB4-A3B2CC691E27_1_105_c.jpeg"
    ],
    "ultima_modificacion": "2025-08-01 01:01:29.188042"
  },
  "5a0e3a2dcb614e3bb6b4f122815acb7b1105c.jpeg": {
    "app_sintetizada": "5A0E3A2DCB614E3BB6B4F122815ACB7B1105C.JPEG",
    "cantidad_archivos": 1,
    "archivos_fuente": [
      "Pictures/Fototeca de Fotos.photoslibrary/resources/derivatives/5/5A0E3A2D-CB61-4E3B-B6B4-F122815ACB7B_1_105_c.jpeg"
    ],
    "ultima_modificacion": "2025-08-01 01:01:29.188440"
  },
  "51ff7bb1df764e75a32cde782f83f41f1105c.jpeg": {
    "app_sintetizada": "51FF7BB1DF764E75A32CDE782F83F41F1105C.JPEG",
    "cantidad_archivos": 1,
    "archivos_fuente": [
      "Pictures/Fototeca de Fotos.photoslibrary/resources/derivatives/5/51FF7BB1-DF76-4E75-A32C-DE782F83F41F_1_105_c.jpeg"
    ],
    "ultima_modificacion": "2025-08-01 01:01:29.188784"
  },
  "535341dfc42a4a459e933a64c3558a651105c.jpeg": {
    "app_sintetizada": "535341DFC42A4A459E933A64C3558A651105C.JPEG",
    "cantidad_archivos": 1,
    "archivos_fuente": [
      "Pictures/Fototeca de Fotos.photoslibrary/resources/derivatives/5/535341DF-C42A-4A45-9E93-3A64C3558A65_1_105_c.jpeg"
    ],
    "ultima_modificacion": "2025-08-01 01:01:29.189144"
  },
  "50f14a44939d49c1a952ce8db2a9dae31105c.jpeg": {
    "app_sintetizada": "50F14A44939D49C1A952CE8DB2A9DAE31105C.JPEG",
    "cantidad_archivos": 1,
    "archivos_fuente": [
      "Pictures/Fototeca de Fotos.photoslibrary/resources/derivatives/5/50F14A44-939D-49C1-A952-CE8DB2A9DAE3_1_105_c.jpeg"
    ],
    "ultima_modificacion": "2025-08-01 01:01:29.189500"
  },
  "5a9da1fbbefe4435ac939c4f374009cf1105c.jpeg": {
    "app_sintetizada": "5A9DA1FBBEFE4435AC939C4F374009CF1105C.JPEG",
    "cantidad_archivos": 1,
    "archivos_fuente": [
      "Pictures/Fototeca de Fotos.photoslibrary/resources/derivatives/5/5A9DA1FB-BEFE-4435-AC93-9C4F374009CF_1_105_c.jpeg"
    ],
    "ultima_modificacion": "2025-08-01 01:01:29.189929"
  },
  "5d893ea181354f84a365424ea05bd51c1105c.jpeg": {
    "app_sintetizada": "5D893EA181354F84A365424EA05BD51C1105C.JPEG",
    "cantidad_archivos": 1,
    "archivos_fuente": [
      "Pictures/Fototeca de Fotos.photoslibrary/resources/derivatives/5/5D893EA1-8135-4F84-A365-424EA05BD51C_1_105_c.jpeg"
    ],
    "ultima_modificacion": "2025-08-01 01:01:29.190287"
  },
  "51934374e82b41558bf04b893be5baba1105c.jpeg": {
    "app_sintetizada": "51934374E82B41558BF04B893BE5BABA1105C.JPEG",
    "cantidad_archivos": 1,
    "archivos_fuente": [
      "Pictures/Fototeca de Fotos.photoslibrary/resources/derivatives/5/51934374-E82B-4155-8BF0-4B893BE5BABA_1_105_c.jpeg"
    ],
    "ultima_modificacion": "2025-08-01 01:01:29.190663"
  },
  "5b1bfc63ecf3463e9bf57c5bebe3f1a61105c.jpeg": {
    "app_sintetizada": "5B1BFC63ECF3463E9BF57C5BEBE3F1A61105C.JPEG",
    "cantidad_archivos": 1,
    "archivos_fuente": [
      "Pictures/Fototeca de Fotos.photoslibrary/resources/derivatives/5/5B1BFC63-ECF3-463E-9BF5-7C5BEBE3F1A6_1_105_c.jpeg"
    ],
    "ultima_modificacion": "2025-08-01 01:01:29.191032"
  },
  "551f748e5a0a4b30921870502727bc141105c.jpeg": {
    "app_sintetizada": "551F748E5A0A4B30921870502727BC141105C.JPEG",
    "cantidad_archivos": 1,
    "archivos_fuente": [
      "Pictures/Fototeca de Fotos.photoslibrary/resources/derivatives/5/551F748E-5A0A-4B30-9218-70502727BC14_1_105_c.jpeg"
    ],
    "ultima_modificacion": "2025-08-01 01:01:29.191377"
  },
  "5f2397f43d6f4481b8d1ff80fe4de8ef1105c.jpeg": {
    "app_sintetizada": "5F2397F43D6F4481B8D1FF80FE4DE8EF1105C.JPEG",
    "cantidad_archivos": 1,
    "archivos_fuente": [
      "Pictures/Fototeca de Fotos.photoslibrary/resources/derivatives/5/5F2397F4-3D6F-4481-B8D1-FF80FE4DE8EF_1_105_c.jpeg"
    ],
    "ultima_modificacion": "2025-08-01 01:01:29.191739"
  },
  "5b764612f0b143be983fb07517140e031105c.jpeg": {
    "app_sintetizada": "5B764612F0B143BE983FB07517140E031105C.JPEG",
    "cantidad_archivos": 1,
    "archivos_fuente": [
      "Pictures/Fototeca de Fotos.photoslibrary/resources/derivatives/5/5B764612-F0B1-43BE-983F-B07517140E03_1_105_c.jpeg"
    ],
    "ultima_modificacion": "2025-08-01 01:01:29.192164"
  },
  "57440d9eb6f64700b9a83737cb228ef71105c.jpeg": {
    "app_sintetizada": "57440D9EB6F64700B9A83737CB228EF71105C.JPEG",
    "cantidad_archivos": 1,
    "archivos_fuente": [
      "Pictures/Fototeca de Fotos.photoslibrary/resources/derivatives/5/57440D9E-B6F6-4700-B9A8-3737CB228EF7_1_105_c.jpeg"
    ],
    "ultima_modificacion": "2025-08-01 01:01:29.192558"
  },
  "53b4f9ada8a24169b4aa3f36b00806e8.thm": {
    "app_sintetizada": "53B4F9ADA8A24169B4AA3F36B00806E8.THM",
    "cantidad_archivos": 1,
    "archivos_fuente": [
      "Pictures/Fototeca de Fotos.photoslibrary/resources/derivatives/5/53B4F9AD-A8A2-4169-B4AA-3F36B00806E8.THM"
    ],
    "ultima_modificacion": "2025-08-01 01:01:29.192920"
  },
  "50a6dea6eaa94f1bacf5984e06088dba1105c.jpeg": {
    "app_sintetizada": "50A6DEA6EAA94F1BACF5984E06088DBA1105C.JPEG",
    "cantidad_archivos": 1,
    "archivos_fuente": [
      "Pictures/Fototeca de Fotos.photoslibrary/resources/derivatives/5/50A6DEA6-EAA9-4F1B-ACF5-984E06088DBA_1_105_c.jpeg"
    ],
    "ultima_modificacion": "2025-08-01 01:01:29.193276"
  },
  "51f017e073f64817a787554545d0e1541105c.jpeg": {
    "app_sintetizada": "51F017E073F64817A787554545D0E1541105C.JPEG",
    "cantidad_archivos": 1,
    "archivos_fuente": [
      "Pictures/Fototeca de Fotos.photoslibrary/resources/derivatives/5/51F017E0-73F6-4817-A787-554545D0E154_1_105_c.jpeg"
    ],
    "ultima_modificacion": "2025-08-01 01:01:29.193660"
  },
  "5618cf5c039c4777ad4b2403b4a8688e1105c.jpeg": {
    "app_sintetizada": "5618CF5C039C4777AD4B2403B4A8688E1105C.JPEG",
    "cantidad_archivos": 1,
    "archivos_fuente": [
      "Pictures/Fototeca de Fotos.photoslibrary/resources/derivatives/5/5618CF5C-039C-4777-AD4B-2403B4A8688E_1_105_c.jpeg"
    ],
    "ultima_modificacion": "2025-08-01 01:01:29.194009"
  },
  "58a3245afe48496ea79f6418c52ed7051105c.jpeg": {
    "app_sintetizada": "58A3245AFE48496EA79F6418C52ED7051105C.JPEG",
    "cantidad_archivos": 1,
    "archivos_fuente": [
      "Pictures/Fototeca de Fotos.photoslibrary/resources/derivatives/5/58A3245A-FE48-496E-A79F-6418C52ED705_1_105_c.jpeg"
    ],
    "ultima_modificacion": "2025-08-01 01:01:29.194381"
  },
  "5a8d727532704347913acd082457c0e71105c.jpeg": {
    "app_sintetizada": "5A8D727532704347913ACD082457C0E71105C.JPEG",
    "cantidad_archivos": 1,
    "archivos_fuente": [
      "Pictures/Fototeca de Fotos.photoslibrary/resources/derivatives/5/5A8D7275-3270-4347-913A-CD082457C0E7_1_105_c.jpeg"
    ],
    "ultima_modificacion": "2025-08-01 01:01:29.194755"
  },
  "589d2ecf700546c98517193ab7d6d5591105c.jpeg": {
    "app_sintetizada": "589D2ECF700546C98517193AB7D6D5591105C.JPEG",
    "cantidad_archivos": 1,
    "archivos_fuente": [
      "Pictures/Fototeca de Fotos.photoslibrary/resources/derivatives/5/589D2ECF-7005-46C9-8517-193AB7D6D559_1_105_c.jpeg"
    ],
    "ultima_modificacion": "2025-08-01 01:01:29.195174"
  },
  "5d5282246eff44a4b6666e64ed7676171105c.jpeg": {
    "app_sintetizada": "5D5282246EFF44A4B6666E64ED7676171105C.JPEG",
    "cantidad_archivos": 1,
    "archivos_fuente": [
      "Pictures/Fototeca de Fotos.photoslibrary/resources/derivatives/5/5D528224-6EFF-44A4-B666-6E64ED767617_1_105_c.jpeg"
    ],
    "ultima_modificacion": "2025-08-01 01:01:29.195571"
  },
  "5d9440f9bb4f455b8efa8e291f6937521105c.jpeg": {
    "app_sintetizada": "5D9440F9BB4F455B8EFA8E291F6937521105C.JPEG",
    "cantidad_archivos": 1,
    "archivos_fuente": [
      "Pictures/Fototeca de Fotos.photoslibrary/resources/derivatives/5/5D9440F9-BB4F-455B-8EFA-8E291F693752_1_105_c.jpeg"
    ],
    "ultima_modificacion": "2025-08-01 01:01:29.195961"
  },
  "5028c275dc1342718f01c03f3c41aa701105c.jpeg": {
    "app_sintetizada": "5028C275DC1342718F01C03F3C41AA701105C.JPEG",
    "cantidad_archivos": 1,
    "archivos_fuente": [
      "Pictures/Fototeca de Fotos.photoslibrary/resources/derivatives/5/5028C275-DC13-4271-8F01-C03F3C41AA70_1_105_c.jpeg"
    ],
    "ultima_modificacion": "2025-08-01 01:01:29.196603"
  },
  "5ba0a92c88ef4bc4961dd09cddeb06861105c.jpeg": {
    "app_sintetizada": "5BA0A92C88EF4BC4961DD09CDDEB06861105C.JPEG",
    "cantidad_archivos": 1,
    "archivos_fuente": [
      "Pictures/Fototeca de Fotos.photoslibrary/resources/derivatives/5/5BA0A92C-88EF-4BC4-961D-D09CDDEB0686_1_105_c.jpeg"
    ],
    "ultima_modificacion": "2025-08-01 01:01:29.196977"
  },
  "5214a6b333c54648ba5b3a0129fbe3271105c.jpeg": {
    "app_sintetizada": "5214A6B333C54648BA5B3A0129FBE3271105C.JPEG",
    "cantidad_archivos": 1,
    "archivos_fuente": [
      "Pictures/Fototeca de Fotos.photoslibrary/resources/derivatives/5/5214A6B3-33C5-4648-BA5B-3A0129FBE327_1_105_c.jpeg"
    ],
    "ultima_modificacion": "2025-08-01 01:01:29.197348"
  },
  "5f3b88a266ff403cb47469609ae327a01105c.jpeg": {
    "app_sintetizada": "5F3B88A266FF403CB47469609AE327A01105C.JPEG",
    "cantidad_archivos": 1,
    "archivos_fuente": [
      "Pictures/Fototeca de Fotos.photoslibrary/resources/derivatives/5/5F3B88A2-66FF-403C-B474-69609AE327A0_1_105_c.jpeg"
    ],
    "ultima_modificacion": "2025-08-01 01:01:29.197696"
  },
  "52045757454e4056b3545a4e1749cdf81105c.jpeg": {
    "app_sintetizada": "52045757454E4056B3545A4E1749CDF81105C.JPEG",
    "cantidad_archivos": 1,
    "archivos_fuente": [
      "Pictures/Fototeca de Fotos.photoslibrary/resources/derivatives/5/52045757-454E-4056-B354-5A4E1749CDF8_1_105_c.jpeg"
    ],
    "ultima_modificacion": "2025-08-01 01:01:29.198029"
  },
  "562f8a23ae96480eae47054b6bfbd76e1105c.jpeg": {
    "app_sintetizada": "562F8A23AE96480EAE47054B6BFBD76E1105C.JPEG",
    "cantidad_archivos": 1,
    "archivos_fuente": [
      "Pictures/Fototeca de Fotos.photoslibrary/resources/derivatives/5/562F8A23-AE96-480E-AE47-054B6BFBD76E_1_105_c.jpeg"
    ],
    "ultima_modificacion": "2025-08-01 01:01:29.198455"
  },
  "577c048813394b7c9fe60cd9a24b6bd01105c.jpeg": {
    "app_sintetizada": "577C048813394B7C9FE60CD9A24B6BD01105C.JPEG",
    "cantidad_archivos": 1,
    "archivos_fuente": [
      "Pictures/Fototeca de Fotos.photoslibrary/resources/derivatives/5/577C0488-1339-4B7C-9FE6-0CD9A24B6BD0_1_105_c.jpeg"
    ],
    "ultima_modificacion": "2025-08-01 01:01:29.198861"
  },
  "585259249d364587bfc88fa4240f2a3b1105c.jpeg": {
    "app_sintetizada": "585259249D364587BFC88FA4240F2A3B1105C.JPEG",
    "cantidad_archivos": 1,
    "archivos_fuente": [
      "Pictures/Fototeca de Fotos.photoslibrary/resources/derivatives/5/58525924-9D36-4587-BFC8-8FA4240F2A3B_1_105_c.jpeg"
    ],
    "ultima_modificacion": "2025-08-01 01:01:29.199229"
  },
  "5dac82ae562342c5914a28b4bdbd6d041105c.jpeg": {
    "app_sintetizada": "5DAC82AE562342C5914A28B4BDBD6D041105C.JPEG",
    "cantidad_archivos": 1,
    "archivos_fuente": [
      "Pictures/Fototeca de Fotos.photoslibrary/resources/derivatives/5/5DAC82AE-5623-42C5-914A-28B4BDBD6D04_1_105_c.jpeg"
    ],
    "ultima_modificacion": "2025-08-01 01:01:29.199582"
  },
  "59671aea1e574ac797caf8cfc68e2c2b1105c.jpeg": {
    "app_sintetizada": "59671AEA1E574AC797CAF8CFC68E2C2B1105C.JPEG",
    "cantidad_archivos": 1,
    "archivos_fuente": [
      "Pictures/Fototeca de Fotos.photoslibrary/resources/derivatives/5/59671AEA-1E57-4AC7-97CA-F8CFC68E2C2B_1_105_c.jpeg"
    ],
    "ultima_modificacion": "2025-08-01 01:01:29.199938"
  },
  "5e633ec14c85460cb20a42090f20c8b01105c.jpeg": {
    "app_sintetizada": "5E633EC14C85460CB20A42090F20C8B01105C.JPEG",
    "cantidad_archivos": 1,
    "archivos_fuente": [
      "Pictures/Fototeca de Fotos.photoslibrary/resources/derivatives/5/5E633EC1-4C85-460C-B20A-42090F20C8B0_1_105_c.jpeg"
    ],
    "ultima_modificacion": "2025-08-01 01:01:29.200306"
  },
  "5fb67dbf5ae74997b5ae4452accb0e6d1105c.jpeg": {
    "app_sintetizada": "5FB67DBF5AE74997B5AE4452ACCB0E6D1105C.JPEG",
    "cantidad_archivos": 1,
    "archivos_fuente": [
      "Pictures/Fototeca de Fotos.photoslibrary/resources/derivatives/5/5FB67DBF-5AE7-4997-B5AE-4452ACCB0E6D_1_105_c.jpeg"
    ],
    "ultima_modificacion": "2025-08-01 01:01:29.200719"
  },
  "5aa575df4298414bbb27ea1b0c6ab2a81105c.jpeg": {
    "app_sintetizada": "5AA575DF4298414BBB27EA1B0C6AB2A81105C.JPEG",
    "cantidad_archivos": 1,
    "archivos_fuente": [
      "Pictures/Fototeca de Fotos.photoslibrary/resources/derivatives/5/5AA575DF-4298-414B-BB27-EA1B0C6AB2A8_1_105_c.jpeg"
    ],
    "ultima_modificacion": "2025-08-01 01:01:29.201084"
  },
  "50d6912147ed4350a66046a3624834bf1105c.jpeg": {
    "app_sintetizada": "50D6912147ED4350A66046A3624834BF1105C.JPEG",
    "cantidad_archivos": 1,
    "archivos_fuente": [
      "Pictures/Fototeca de Fotos.photoslibrary/resources/derivatives/5/50D69121-47ED-4350-A660-46A3624834BF_1_105_c.jpeg"
    ],
    "ultima_modificacion": "2025-08-01 01:01:29.201462"
  },
  "51581fa00ad348b2baf3a3c83edc588e1105c.jpeg": {
    "app_sintetizada": "51581FA00AD348B2BAF3A3C83EDC588E1105C.JPEG",
    "cantidad_archivos": 1,
    "archivos_fuente": [
      "Pictures/Fototeca de Fotos.photoslibrary/resources/derivatives/5/51581FA0-0AD3-48B2-BAF3-A3C83EDC588E_1_105_c.jpeg"
    ],
    "ultima_modificacion": "2025-08-01 01:01:29.201793"
  },
  "5c54c9a414ca449bbe49cf59ee2b52ff.thm": {
    "app_sintetizada": "5C54C9A414CA449BBE49CF59EE2B52FF.THM",
    "cantidad_archivos": 1,
    "archivos_fuente": [
      "Pictures/Fototeca de Fotos.photoslibrary/resources/derivatives/5/5C54C9A4-14CA-449B-BE49-CF59EE2B52FF.THM"
    ],
    "ultima_modificacion": "2025-08-01 01:01:29.202118"
  },
  "5ca7b0d5a8d9495db7fa2e543afcf9501105c.jpeg": {
    "app_sintetizada": "5CA7B0D5A8D9495DB7FA2E543AFCF9501105C.JPEG",
    "cantidad_archivos": 1,
    "archivos_fuente": [
      "Pictures/Fototeca de Fotos.photoslibrary/resources/derivatives/5/5CA7B0D5-A8D9-495D-B7FA-2E543AFCF950_1_105_c.jpeg"
    ],
    "ultima_modificacion": "2025-08-01 01:01:29.202471"
  },
  "581a39059a3a4d7199c09ede26db91431105c.jpeg": {
    "app_sintetizada": "581A39059A3A4D7199C09EDE26DB91431105C.JPEG",
    "cantidad_archivos": 1,
    "archivos_fuente": [
      "Pictures/Fototeca de Fotos.photoslibrary/resources/derivatives/5/581A3905-9A3A-4D71-99C0-9EDE26DB9143_1_105_c.jpeg"
    ],
    "ultima_modificacion": "2025-08-01 01:01:29.202829"
  },
  "55b00116334e4dffadc8ebf8ffe800f1.thm": {
    "app_sintetizada": "55B00116334E4DFFADC8EBF8FFE800F1.THM",
    "cantidad_archivos": 1,
    "archivos_fuente": [
      "Pictures/Fototeca de Fotos.photoslibrary/resources/derivatives/5/55B00116-334E-4DFF-ADC8-EBF8FFE800F1.THM"
    ],
    "ultima_modificacion": "2025-08-01 01:01:29.203172"
  },
  "56c43f41a66f450984a2743e569bc7451105c.jpeg": {
    "app_sintetizada": "56C43F41A66F450984A2743E569BC7451105C.JPEG",
    "cantidad_archivos": 1,
    "archivos_fuente": [
      "Pictures/Fototeca de Fotos.photoslibrary/resources/derivatives/5/56C43F41-A66F-4509-84A2-743E569BC745_1_105_c.jpeg"
    ],
    "ultima_modificacion": "2025-08-01 01:01:29.203497"
  },
  "5daef4defd68476ebbe4def2059b800d1105c.jpeg": {
    "app_sintetizada": "5DAEF4DEFD68476EBBE4DEF2059B800D1105C.JPEG",
    "cantidad_archivos": 1,
    "archivos_fuente": [
      "Pictures/Fototeca de Fotos.photoslibrary/resources/derivatives/5/5DAEF4DE-FD68-476E-BBE4-DEF2059B800D_1_105_c.jpeg"
    ],
    "ultima_modificacion": "2025-08-01 01:01:29.203836"
  },
  "5f81cfde3d984c36bb5f75db0c5880a21105c.jpeg": {
    "app_sintetizada": "5F81CFDE3D984C36BB5F75DB0C5880A21105C.JPEG",
    "cantidad_archivos": 1,
    "archivos_fuente": [
      "Pictures/Fototeca de Fotos.photoslibrary/resources/derivatives/5/5F81CFDE-3D98-4C36-BB5F-75DB0C5880A2_1_105_c.jpeg"
    ],
    "ultima_modificacion": "2025-08-01 01:01:29.204177"
  },
  "5998bd3acf7f404d9907b928d4ec81e51105c.jpeg": {
    "app_sintetizada": "5998BD3ACF7F404D9907B928D4EC81E51105C.JPEG",
    "cantidad_archivos": 1,
    "archivos_fuente": [
      "Pictures/Fototeca de Fotos.photoslibrary/resources/derivatives/5/5998BD3A-CF7F-404D-9907-B928D4EC81E5_1_105_c.jpeg"
    ],
    "ultima_modificacion": "2025-08-01 01:01:29.204529"
  },
  "5b8e24afdab447e6b8cc096875a2e34a1105c.jpeg": {
    "app_sintetizada": "5B8E24AFDAB447E6B8CC096875A2E34A1105C.JPEG",
    "cantidad_archivos": 1,
    "archivos_fuente": [
      "Pictures/Fototeca de Fotos.photoslibrary/resources/derivatives/5/5B8E24AF-DAB4-47E6-B8CC-096875A2E34A_1_105_c.jpeg"
    ],
    "ultima_modificacion": "2025-08-01 01:01:29.204857"
  },
  "53736ef4ebf84963a579b3435a8b9f321105c.jpeg": {
    "app_sintetizada": "53736EF4EBF84963A579B3435A8B9F321105C.JPEG",
    "cantidad_archivos": 1,
    "archivos_fuente": [
      "Pictures/Fototeca de Fotos.photoslibrary/resources/derivatives/5/53736EF4-EBF8-4963-A579-B3435A8B9F32_1_105_c.jpeg"
    ],
    "ultima_modificacion": "2025-08-01 01:01:29.205193"
  },
  "5673dd7387414f6ebb86b9799de944a21105c.jpeg": {
    "app_sintetizada": "5673DD7387414F6EBB86B9799DE944A21105C.JPEG",
    "cantidad_archivos": 1,
    "archivos_fuente": [
      "Pictures/Fototeca de Fotos.photoslibrary/resources/derivatives/5/5673DD73-8741-4F6E-BB86-B9799DE944A2_1_105_c.jpeg"
    ],
    "ultima_modificacion": "2025-08-01 01:01:29.205561"
  },
  "52996fab1dcd4e5ab0ab2e3bc15c16cc1105c.jpeg": {
    "app_sintetizada": "52996FAB1DCD4E5AB0AB2E3BC15C16CC1105C.JPEG",
    "cantidad_archivos": 1,
    "archivos_fuente": [
      "Pictures/Fototeca de Fotos.photoslibrary/resources/derivatives/5/52996FAB-1DCD-4E5A-B0AB-2E3BC15C16CC_1_105_c.jpeg"
    ],
    "ultima_modificacion": "2025-08-01 01:01:29.205907"
  },
  "5b1627421e0942918e6f4bbbd2aab2f01105c.jpeg": {
    "app_sintetizada": "5B1627421E0942918E6F4BBBD2AAB2F01105C.JPEG",
    "cantidad_archivos": 1,
    "archivos_fuente": [
      "Pictures/Fototeca de Fotos.photoslibrary/resources/derivatives/5/5B162742-1E09-4291-8E6F-4BBBD2AAB2F0_1_105_c.jpeg"
    ],
    "ultima_modificacion": "2025-08-01 01:01:29.206236"
  },
  "58af6abef577498b96db1f99b0f694e41105c.jpeg": {
    "app_sintetizada": "58AF6ABEF577498B96DB1F99B0F694E41105C.JPEG",
    "cantidad_archivos": 1,
    "archivos_fuente": [
      "Pictures/Fototeca de Fotos.photoslibrary/resources/derivatives/5/58AF6ABE-F577-498B-96DB-1F99B0F694E4_1_105_c.jpeg"
    ],
    "ultima_modificacion": "2025-08-01 01:01:29.206654"
  },
  "5a16cb2426a5413b944be55ab526bc261105c.jpeg": {
    "app_sintetizada": "5A16CB2426A5413B944BE55AB526BC261105C.JPEG",
    "cantidad_archivos": 1,
    "archivos_fuente": [
      "Pictures/Fototeca de Fotos.photoslibrary/resources/derivatives/5/5A16CB24-26A5-413B-944B-E55AB526BC26_1_105_c.jpeg"
    ],
    "ultima_modificacion": "2025-08-01 01:01:29.207025"
  },
  "59c58ea0e9474a3a8d90d124e425b3171105c.jpeg": {
    "app_sintetizada": "59C58EA0E9474A3A8D90D124E425B3171105C.JPEG",
    "cantidad_archivos": 1,
    "archivos_fuente": [
      "Pictures/Fototeca de Fotos.photoslibrary/resources/derivatives/5/59C58EA0-E947-4A3A-8D90-D124E425B317_1_105_c.jpeg"
    ],
    "ultima_modificacion": "2025-08-01 01:01:29.207354"
  },
  "55c23e75ab5e458bb3ad9a3716e84c131105c.jpeg": {
    "app_sintetizada": "55C23E75AB5E458BB3AD9A3716E84C131105C.JPEG",
    "cantidad_archivos": 1,
    "archivos_fuente": [
      "Pictures/Fototeca de Fotos.photoslibrary/resources/derivatives/5/55C23E75-AB5E-458B-B3AD-9A3716E84C13_1_105_c.jpeg"
    ],
    "ultima_modificacion": "2025-08-01 01:01:29.207691"
  },
  "546ce6355dae44f6b35d3555b7f8d2931105c.jpeg": {
    "app_sintetizada": "546CE6355DAE44F6B35D3555B7F8D2931105C.JPEG",
    "cantidad_archivos": 1,
    "archivos_fuente": [
      "Pictures/Fototeca de Fotos.photoslibrary/resources/derivatives/5/546CE635-5DAE-44F6-B35D-3555B7F8D293_1_105_c.jpeg"
    ],
    "ultima_modificacion": "2025-08-01 01:01:29.208079"
  },
  "583f36e055cd40818071dc86089d381e1105c.jpeg": {
    "app_sintetizada": "583F36E055CD40818071DC86089D381E1105C.JPEG",
    "cantidad_archivos": 1,
    "archivos_fuente": [
      "Pictures/Fototeca de Fotos.photoslibrary/resources/derivatives/5/583F36E0-55CD-4081-8071-DC86089D381E_1_105_c.jpeg"
    ],
    "ultima_modificacion": "2025-08-01 01:01:29.208425"
  },
  "5cc34dfffdb645aaaf35ac0af40da0611102o.jpeg": {
    "app_sintetizada": "5CC34DFFFDB645AAAF35AC0AF40DA0611102O.JPEG",
    "cantidad_archivos": 1,
    "archivos_fuente": [
      "Pictures/Fototeca de Fotos.photoslibrary/resources/derivatives/5/5CC34DFF-FDB6-45AA-AF35-AC0AF40DA061_1_102_o.jpeg"
    ],
    "ultima_modificacion": "2025-08-01 01:01:29.208791"
  },
  "55a5be4079304b99b2d9e97478c3ae051105c.jpeg": {
    "app_sintetizada": "55A5BE4079304B99B2D9E97478C3AE051105C.JPEG",
    "cantidad_archivos": 1,
    "archivos_fuente": [
      "Pictures/Fototeca de Fotos.photoslibrary/resources/derivatives/5/55A5BE40-7930-4B99-B2D9-E97478C3AE05_1_105_c.jpeg"
    ],
    "ultima_modificacion": "2025-08-01 01:01:29.209150"
  },
  "5e4897a30f464e9392559ba9030d73001105c.jpeg": {
    "app_sintetizada": "5E4897A30F464E9392559BA9030D73001105C.JPEG",
    "cantidad_archivos": 1,
    "archivos_fuente": [
      "Pictures/Fototeca de Fotos.photoslibrary/resources/derivatives/5/5E4897A3-0F46-4E93-9255-9BA9030D7300_1_105_c.jpeg"
    ],
    "ultima_modificacion": "2025-08-01 01:01:29.209498"
  },
  "5dff303d98cc46ed84cf2b18f76860fc1105c.jpeg": {
    "app_sintetizada": "5DFF303D98CC46ED84CF2B18F76860FC1105C.JPEG",
    "cantidad_archivos": 1,
    "archivos_fuente": [
      "Pictures/Fototeca de Fotos.photoslibrary/resources/derivatives/5/5DFF303D-98CC-46ED-84CF-2B18F76860FC_1_105_c.jpeg"
    ],
    "ultima_modificacion": "2025-08-01 01:01:29.209866"
  },
  "5be9a8c9d5084bbc89acc1d1575cd4751105c.jpeg": {
    "app_sintetizada": "5BE9A8C9D5084BBC89ACC1D1575CD4751105C.JPEG",
    "cantidad_archivos": 1,
    "archivos_fuente": [
      "Pictures/Fototeca de Fotos.photoslibrary/resources/derivatives/5/5BE9A8C9-D508-4BBC-89AC-C1D1575CD475_1_105_c.jpeg"
    ],
    "ultima_modificacion": "2025-08-01 01:01:29.210223"
  },
  "5279b38c8fcc465c8c7fdac9b223dbf51105c.jpeg": {
    "app_sintetizada": "5279B38C8FCC465C8C7FDAC9B223DBF51105C.JPEG",
    "cantidad_archivos": 1,
    "archivos_fuente": [
      "Pictures/Fototeca de Fotos.photoslibrary/resources/derivatives/5/5279B38C-8FCC-465C-8C7F-DAC9B223DBF5_1_105_c.jpeg"
    ],
    "ultima_modificacion": "2025-08-01 01:01:29.210568"
  },
  "54e98cadfe5a466dafbc2fbcba731d9a1105c.jpeg": {
    "app_sintetizada": "54E98CADFE5A466DAFBC2FBCBA731D9A1105C.JPEG",
    "cantidad_archivos": 1,
    "archivos_fuente": [
      "Pictures/Fototeca de Fotos.photoslibrary/resources/derivatives/5/54E98CAD-FE5A-466D-AFBC-2FBCBA731D9A_1_105_c.jpeg"
    ],
    "ultima_modificacion": "2025-08-01 01:01:29.210914"
  },
  "5a7cffb591a64c2ba7a34c8f68c7ec5d1105c.jpeg": {
    "app_sintetizada": "5A7CFFB591A64C2BA7A34C8F68C7EC5D1105C.JPEG",
    "cantidad_archivos": 1,
    "archivos_fuente": [
      "Pictures/Fototeca de Fotos.photoslibrary/resources/derivatives/5/5A7CFFB5-91A6-4C2B-A7A3-4C8F68C7EC5D_1_105_c.jpeg"
    ],
    "ultima_modificacion": "2025-08-01 01:01:29.211252"
  },
  "54e3ac8337444099b2a6b985a90240f51105c.jpeg": {
    "app_sintetizada": "54E3AC8337444099B2A6B985A90240F51105C.JPEG",
    "cantidad_archivos": 1,
    "archivos_fuente": [
      "Pictures/Fototeca de Fotos.photoslibrary/resources/derivatives/5/54E3AC83-3744-4099-B2A6-B985A90240F5_1_105_c.jpeg"
    ],
    "ultima_modificacion": "2025-08-01 01:01:29.211577"
  },
  "589d26835a584724bdc5de8dc2d5e2c21105c.jpeg": {
    "app_sintetizada": "589D26835A584724BDC5DE8DC2D5E2C21105C.JPEG",
    "cantidad_archivos": 1,
    "archivos_fuente": [
      "Pictures/Fototeca de Fotos.photoslibrary/resources/derivatives/5/589D2683-5A58-4724-BDC5-DE8DC2D5E2C2_1_105_c.jpeg"
    ],
    "ultima_modificacion": "2025-08-01 01:01:29.211904"
  },
  "5842df1b581347cc8aef33ee3c9588c31105c.jpeg": {
    "app_sintetizada": "5842DF1B581347CC8AEF33EE3C9588C31105C.JPEG",
    "cantidad_archivos": 1,
    "archivos_fuente": [
      "Pictures/Fototeca de Fotos.photoslibrary/resources/derivatives/5/5842DF1B-5813-47CC-8AEF-33EE3C9588C3_1_105_c.jpeg"
    ],
    "ultima_modificacion": "2025-08-01 01:01:29.212176"
  },
  "5d7dc6d3ce124f84865538b271d29eda1105c.jpeg": {
    "app_sintetizada": "5D7DC6D3CE124F84865538B271D29EDA1105C.JPEG",
    "cantidad_archivos": 1,
    "archivos_fuente": [
      "Pictures/Fototeca de Fotos.photoslibrary/resources/derivatives/5/5D7DC6D3-CE12-4F84-8655-38B271D29EDA_1_105_c.jpeg"
    ],
    "ultima_modificacion": "2025-08-01 01:01:29.213229"
  },
  "5ee21dd18cd84718acd4fa6f3ed9a66e1105c.jpeg": {
    "app_sintetizada": "5EE21DD18CD84718ACD4FA6F3ED9A66E1105C.JPEG",
    "cantidad_archivos": 1,
    "archivos_fuente": [
      "Pictures/Fototeca de Fotos.photoslibrary/resources/derivatives/5/5EE21DD1-8CD8-4718-ACD4-FA6F3ED9A66E_1_105_c.jpeg"
    ],
    "ultima_modificacion": "2025-08-01 01:01:29.213747"
  },
  "5f93f2c78d174168968cabaec9640efa1105c.jpeg": {
    "app_sintetizada": "5F93F2C78D174168968CABAEC9640EFA1105C.JPEG",
    "cantidad_archivos": 1,
    "archivos_fuente": [
      "Pictures/Fototeca de Fotos.photoslibrary/resources/derivatives/5/5F93F2C7-8D17-4168-968C-ABAEC9640EFA_1_105_c.jpeg"
    ],
    "ultima_modificacion": "2025-08-01 01:01:29.214232"
  },
  "5bb09e6764c847da961df6af656b88e41105c.jpeg": {
    "app_sintetizada": "5BB09E6764C847DA961DF6AF656B88E41105C.JPEG",
    "cantidad_archivos": 1,
    "archivos_fuente": [
      "Pictures/Fototeca de Fotos.photoslibrary/resources/derivatives/5/5BB09E67-64C8-47DA-961D-F6AF656B88E4_1_105_c.jpeg"
    ],
    "ultima_modificacion": "2025-08-01 01:01:29.214602"
  },
  "5101313299834aadaa0a6e1617ac10ed1105c.jpeg": {
    "app_sintetizada": "5101313299834AADAA0A6E1617AC10ED1105C.JPEG",
    "cantidad_archivos": 1,
    "archivos_fuente": [
      "Pictures/Fototeca de Fotos.photoslibrary/resources/derivatives/5/51013132-9983-4AAD-AA0A-6E1617AC10ED_1_105_c.jpeg"
    ],
    "ultima_modificacion": "2025-08-01 01:01:29.215038"
  },
  "54ebe56b792844e2a311636f77fda3c31105c.jpeg": {
    "app_sintetizada": "54EBE56B792844E2A311636F77FDA3C31105C.JPEG",
    "cantidad_archivos": 1,
    "archivos_fuente": [
      "Pictures/Fototeca de Fotos.photoslibrary/resources/derivatives/5/54EBE56B-7928-44E2-A311-636F77FDA3C3_1_105_c.jpeg"
    ],
    "ultima_modificacion": "2025-08-01 01:01:29.215441"
  },
  "58502ed1525f4dc898c88eae3ac635761105c.jpeg": {
    "app_sintetizada": "58502ED1525F4DC898C88EAE3AC635761105C.JPEG",
    "cantidad_archivos": 1,
    "archivos_fuente": [
      "Pictures/Fototeca de Fotos.photoslibrary/resources/derivatives/5/58502ED1-525F-4DC8-98C8-8EAE3AC63576_1_105_c.jpeg"
    ],
    "ultima_modificacion": "2025-08-01 01:01:29.215699"
  },
  "5d082a73ebfd4e9fb3b78353188e6f5c1105c.jpeg": {
    "app_sintetizada": "5D082A73EBFD4E9FB3B78353188E6F5C1105C.JPEG",
    "cantidad_archivos": 1,
    "archivos_fuente": [
      "Pictures/Fototeca de Fotos.photoslibrary/resources/derivatives/5/5D082A73-EBFD-4E9F-B3B7-8353188E6F5C_1_105_c.jpeg"
    ],
    "ultima_modificacion": "2025-08-01 01:01:29.215957"
  },
  "53fa02d6d6d04ef8b33f9369e51199821105c.jpeg": {
    "app_sintetizada": "53FA02D6D6D04EF8B33F9369E51199821105C.JPEG",
    "cantidad_archivos": 1,
    "archivos_fuente": [
      "Pictures/Fototeca de Fotos.photoslibrary/resources/derivatives/5/53FA02D6-D6D0-4EF8-B33F-9369E5119982_1_105_c.jpeg"
    ],
    "ultima_modificacion": "2025-08-01 01:01:29.216194"
  },
  "5979fd53a0ee4e95838a1c41cb51da081105c.jpeg": {
    "app_sintetizada": "5979FD53A0EE4E95838A1C41CB51DA081105C.JPEG",
    "cantidad_archivos": 1,
    "archivos_fuente": [
      "Pictures/Fototeca de Fotos.photoslibrary/resources/derivatives/5/5979FD53-A0EE-4E95-838A-1C41CB51DA08_1_105_c.jpeg"
    ],
    "ultima_modificacion": "2025-08-01 01:01:29.216438"
  }
}