{
  "5d5dd0ce098b82ae0": {
    "app_sintetizada": "5D5DD0CE098B82AE0",
    "cantidad_archivos": 1,
    "archivos_fuente": [
      "Library/Application Support/Google/Chrome/Default/Service Worker/CacheStorage/579544fd7d0441717f082c9eb123588966aa57ac/2d5f58d8-3c1e-4669-9d09-475c2c86127f/5d5dd0ce098b82ae_0"
    ],
    "ultima_modificacion": "2025-08-01 01:01:34.784079"
  },
  "1bf9b16217d3cd8e0": {
    "app_sintetizada": "1BF9B16217D3CD8E0",
    "cantidad_archivos": 1,
    "archivos_fuente": [
      "Library/Application Support/Google/Chrome/Default/Service Worker/CacheStorage/579544fd7d0441717f082c9eb123588966aa57ac/2d5f58d8-3c1e-4669-9d09-475c2c86127f/1bf9b16217d3cd8e_0"
    ],
    "ultima_modificacion": "2025-08-01 01:01:34.784350"
  },
  "5e929df8ffd0b5120": {
    "app_sintetizada": "5E929DF8FFD0B5120",
    "cantidad_archivos": 1,
    "archivos_fuente": [
      "Library/Application Support/Google/Chrome/Default/Service Worker/CacheStorage/579544fd7d0441717f082c9eb123588966aa57ac/2d5f58d8-3c1e-4669-9d09-475c2c86127f/5e929df8ffd0b512_0"
    ],
    "ultima_modificacion": "2025-08-01 01:01:34.784707"
  },
  "5908a9b715d029100": {
    "app_sintetizada": "5908A9B715D029100",
    "cantidad_archivos": 1,
    "archivos_fuente": [
      "Library/Application Support/Google/Chrome/Default/Service Worker/CacheStorage/579544fd7d0441717f082c9eb123588966aa57ac/2d5f58d8-3c1e-4669-9d09-475c2c86127f/5908a9b715d02910_0"
    ],
    "ultima_modificacion": "2025-08-01 01:01:34.784978"
  },
  "bc1b9eab080caf120": {
    "app_sintetizada": "BC1B9EAB080CAF120",
    "cantidad_archivos": 1,
    "archivos_fuente": [
      "Library/Application Support/Google/Chrome/Default/Service Worker/CacheStorage/579544fd7d0441717f082c9eb123588966aa57ac/2d5f58d8-3c1e-4669-9d09-475c2c86127f/bc1b9eab080caf12_0"
    ],
    "ultima_modificacion": "2025-08-01 01:01:34.785207"
  },
  "6ada150ef7f7b66a0": {
    "app_sintetizada": "6ADA150EF7F7B66A0",
    "cantidad_archivos": 1,
    "archivos_fuente": [
      "Library/Application Support/Google/Chrome/Default/Service Worker/CacheStorage/579544fd7d0441717f082c9eb123588966aa57ac/2d5f58d8-3c1e-4669-9d09-475c2c86127f/6ada150ef7f7b66a_0"
    ],
    "ultima_modificacion": "2025-08-01 01:01:34.785523"
  },
  "164a06b5da754d800": {
    "app_sintetizada": "164A06B5DA754D800",
    "cantidad_archivos": 1,
    "archivos_fuente": [
      "Library/Application Support/Google/Chrome/Default/Service Worker/CacheStorage/579544fd7d0441717f082c9eb123588966aa57ac/2d5f58d8-3c1e-4669-9d09-475c2c86127f/164a06b5da754d80_0"
    ],
    "ultima_modificacion": "2025-08-01 01:01:34.785853"
  },
  "c5bb406ae3cf31e50": {
    "app_sintetizada": "C5BB406AE3CF31E50",
    "cantidad_archivos": 1,
    "archivos_fuente": [
      "Library/Application Support/Google/Chrome/Default/Service Worker/CacheStorage/579544fd7d0441717f082c9eb123588966aa57ac/2d5f58d8-3c1e-4669-9d09-475c2c86127f/c5bb406ae3cf31e5_0"
    ],
    "ultima_modificacion": "2025-08-01 01:01:34.786148"
  },
  "f6c0156a2fea28450": {
    "app_sintetizada": "F6C0156A2FEA28450",
    "cantidad_archivos": 1,
    "archivos_fuente": [
      "Library/Application Support/Google/Chrome/Default/Service Worker/CacheStorage/579544fd7d0441717f082c9eb123588966aa57ac/2d5f58d8-3c1e-4669-9d09-475c2c86127f/f6c0156a2fea2845_0"
    ],
    "ultima_modificacion": "2025-08-01 01:01:34.786402"
  },
  "f8d79728ff97f6610": {
    "app_sintetizada": "F8D79728FF97F6610",
    "cantidad_archivos": 1,
    "archivos_fuente": [
      "Library/Application Support/Google/Chrome/Default/Service Worker/CacheStorage/579544fd7d0441717f082c9eb123588966aa57ac/2d5f58d8-3c1e-4669-9d09-475c2c86127f/f8d79728ff97f661_0"
    ],
    "ultima_modificacion": "2025-08-01 01:01:34.786654"
  },
  "abb42dd22bb398d80": {
    "app_sintetizada": "ABB42DD22BB398D80",
    "cantidad_archivos": 1,
    "archivos_fuente": [
      "Library/Application Support/Google/Chrome/Default/Service Worker/CacheStorage/579544fd7d0441717f082c9eb123588966aa57ac/2d5f58d8-3c1e-4669-9d09-475c2c86127f/abb42dd22bb398d8_0"
    ],
    "ultima_modificacion": "2025-08-01 01:01:34.786988"
  },
  "0566c36e9d66c6290": {
    "app_sintetizada": "0566C36E9D66C6290",
    "cantidad_archivos": 1,
    "archivos_fuente": [
      "Library/Application Support/Google/Chrome/Default/Service Worker/CacheStorage/579544fd7d0441717f082c9eb123588966aa57ac/2d5f58d8-3c1e-4669-9d09-475c2c86127f/0566c36e9d66c629_0"
    ],
    "ultima_modificacion": "2025-08-01 01:01:34.787304"
  },
  "0dd991f1c793b3300": {
    "app_sintetizada": "0DD991F1C793B3300",
    "cantidad_archivos": 1,
    "archivos_fuente": [
      "Library/Application Support/Google/Chrome/Default/Service Worker/CacheStorage/579544fd7d0441717f082c9eb123588966aa57ac/2d5f58d8-3c1e-4669-9d09-475c2c86127f/0dd991f1c793b330_0"
    ],
    "ultima_modificacion": "2025-08-01 01:01:34.787614"
  },
  "9bbcd130c76ca82b0": {
    "app_sintetizada": "9BBCD130C76CA82B0",
    "cantidad_archivos": 1,
    "archivos_fuente": [
      "Library/Application Support/Google/Chrome/Default/Service Worker/CacheStorage/579544fd7d0441717f082c9eb123588966aa57ac/2d5f58d8-3c1e-4669-9d09-475c2c86127f/9bbcd130c76ca82b_0"
    ],
    "ultima_modificacion": "2025-08-01 01:01:34.787920"
  },
  "d4890a4a0126077f0": {
    "app_sintetizada": "D4890A4A0126077F0",
    "cantidad_archivos": 1,
    "archivos_fuente": [
      "Library/Application Support/Google/Chrome/Default/Service Worker/CacheStorage/579544fd7d0441717f082c9eb123588966aa57ac/2d5f58d8-3c1e-4669-9d09-475c2c86127f/d4890a4a0126077f_0"
    ],
    "ultima_modificacion": "2025-08-01 01:01:34.788232"
  },
  "c4515313351f1df30": {
    "app_sintetizada": "C4515313351F1DF30",
    "cantidad_archivos": 1,
    "archivos_fuente": [
      "Library/Application Support/Google/Chrome/Default/Service Worker/CacheStorage/579544fd7d0441717f082c9eb123588966aa57ac/2d5f58d8-3c1e-4669-9d09-475c2c86127f/c4515313351f1df3_0"
    ],
    "ultima_modificacion": "2025-08-01 01:01:34.788527"
  },
  "60adb161b062547a0": {
    "app_sintetizada": "60ADB161B062547A0",
    "cantidad_archivos": 1,
    "archivos_fuente": [
      "Library/Application Support/Google/Chrome/Default/Service Worker/CacheStorage/579544fd7d0441717f082c9eb123588966aa57ac/2d5f58d8-3c1e-4669-9d09-475c2c86127f/60adb161b062547a_0"
    ],
    "ultima_modificacion": "2025-08-01 01:01:34.788809"
  },
  "46ad973d0ddad8640": {
    "app_sintetizada": "46AD973D0DDAD8640",
    "cantidad_archivos": 1,
    "archivos_fuente": [
      "Library/Application Support/Google/Chrome/Default/Service Worker/CacheStorage/579544fd7d0441717f082c9eb123588966aa57ac/2d5f58d8-3c1e-4669-9d09-475c2c86127f/46ad973d0ddad864_0"
    ],
    "ultima_modificacion": "2025-08-01 01:01:34.789093"
  },
  "461d0538bcde61a90": {
    "app_sintetizada": "461D0538BCDE61A90",
    "cantidad_archivos": 1,
    "archivos_fuente": [
      "Library/Application Support/Google/Chrome/Default/Service Worker/CacheStorage/579544fd7d0441717f082c9eb123588966aa57ac/2d5f58d8-3c1e-4669-9d09-475c2c86127f/461d0538bcde61a9_0"
    ],
    "ultima_modificacion": "2025-08-01 01:01:34.789366"
  },
  "7d76fe340dfdbc4e0": {
    "app_sintetizada": "7D76FE340DFDBC4E0",
    "cantidad_archivos": 1,
    "archivos_fuente": [
      "Library/Application Support/Google/Chrome/Default/Service Worker/CacheStorage/579544fd7d0441717f082c9eb123588966aa57ac/2d5f58d8-3c1e-4669-9d09-475c2c86127f/7d76fe340dfdbc4e_0"
    ],
    "ultima_modificacion": "2025-08-01 01:01:34.789652"
  },
  "db9869d05db04f190": {
    "app_sintetizada": "DB9869D05DB04F190",
    "cantidad_archivos": 1,
    "archivos_fuente": [
      "Library/Application Support/Google/Chrome/Default/Service Worker/CacheStorage/579544fd7d0441717f082c9eb123588966aa57ac/2d5f58d8-3c1e-4669-9d09-475c2c86127f/db9869d05db04f19_0"
    ],
    "ultima_modificacion": "2025-08-01 01:01:34.789941"
  },
  "ffa1cfeb1d201a970": {
    "app_sintetizada": "FFA1CFEB1D201A970",
    "cantidad_archivos": 1,
    "archivos_fuente": [
      "Library/Application Support/Google/Chrome/Default/Service Worker/CacheStorage/579544fd7d0441717f082c9eb123588966aa57ac/2d5f58d8-3c1e-4669-9d09-475c2c86127f/ffa1cfeb1d201a97_0"
    ],
    "ultima_modificacion": "2025-08-01 01:01:34.790279"
  },
  "27ae31930a5f4c880": {
    "app_sintetizada": "27AE31930A5F4C880",
    "cantidad_archivos": 1,
    "archivos_fuente": [
      "Library/Application Support/Google/Chrome/Default/Service Worker/CacheStorage/579544fd7d0441717f082c9eb123588966aa57ac/2d5f58d8-3c1e-4669-9d09-475c2c86127f/27ae31930a5f4c88_0"
    ],
    "ultima_modificacion": "2025-08-01 01:01:34.790768"
  },
  "e2539ce4c4b91c640": {
    "app_sintetizada": "E2539CE4C4B91C640",
    "cantidad_archivos": 1,
    "archivos_fuente": [
      "Library/Application Support/Google/Chrome/Default/Service Worker/CacheStorage/579544fd7d0441717f082c9eb123588966aa57ac/2d5f58d8-3c1e-4669-9d09-475c2c86127f/e2539ce4c4b91c64_0"
    ],
    "ultima_modificacion": "2025-08-01 01:01:34.791065"
  },
  "f1263cdcb28a28820": {
    "app_sintetizada": "F1263CDCB28A28820",
    "cantidad_archivos": 1,
    "archivos_fuente": [
      "Library/Application Support/Google/Chrome/Default/Service Worker/CacheStorage/579544fd7d0441717f082c9eb123588966aa57ac/2d5f58d8-3c1e-4669-9d09-475c2c86127f/f1263cdcb28a2882_0"
    ],
    "ultima_modificacion": "2025-08-01 01:01:34.791377"
  },
  "b8c0761c78dae0e50": {
    "app_sintetizada": "B8C0761C78DAE0E50",
    "cantidad_archivos": 1,
    "archivos_fuente": [
      "Library/Application Support/Google/Chrome/Default/Service Worker/CacheStorage/579544fd7d0441717f082c9eb123588966aa57ac/2d5f58d8-3c1e-4669-9d09-475c2c86127f/b8c0761c78dae0e5_0"
    ],
    "ultima_modificacion": "2025-08-01 01:01:34.791719"
  },
  "6cbae82b29f486c00": {
    "app_sintetizada": "6CBAE82B29F486C00",
    "cantidad_archivos": 1,
    "archivos_fuente": [
      "Library/Application Support/Google/Chrome/Default/Service Worker/CacheStorage/579544fd7d0441717f082c9eb123588966aa57ac/2d5f58d8-3c1e-4669-9d09-475c2c86127f/6cbae82b29f486c0_0"
    ],
    "ultima_modificacion": "2025-08-01 01:01:34.791999"
  },
  "1651158d19b17e1a0": {
    "app_sintetizada": "1651158D19B17E1A0",
    "cantidad_archivos": 1,
    "archivos_fuente": [
      "Library/Application Support/Google/Chrome/Default/Service Worker/CacheStorage/579544fd7d0441717f082c9eb123588966aa57ac/2d5f58d8-3c1e-4669-9d09-475c2c86127f/1651158d19b17e1a_0"
    ],
    "ultima_modificacion": "2025-08-01 01:01:34.792293"
  },
  "bdcc4a26b93e80bf0": {
    "app_sintetizada": "BDCC4A26B93E80BF0",
    "cantidad_archivos": 1,
    "archivos_fuente": [
      "Library/Application Support/Google/Chrome/Default/Service Worker/CacheStorage/579544fd7d0441717f082c9eb123588966aa57ac/2d5f58d8-3c1e-4669-9d09-475c2c86127f/bdcc4a26b93e80bf_0"
    ],
    "ultima_modificacion": "2025-08-01 01:01:34.792573"
  },
  "4cd488b0eb39b8120": {
    "app_sintetizada": "4CD488B0EB39B8120",
    "cantidad_archivos": 1,
    "archivos_fuente": [
      "Library/Application Support/Google/Chrome/Default/Service Worker/CacheStorage/579544fd7d0441717f082c9eb123588966aa57ac/2d5f58d8-3c1e-4669-9d09-475c2c86127f/4cd488b0eb39b812_0"
    ],
    "ultima_modificacion": "2025-08-01 01:01:34.792858"
  },
  "18ecd22745dd139f0": {
    "app_sintetizada": "18ECD22745DD139F0",
    "cantidad_archivos": 1,
    "archivos_fuente": [
      "Library/Application Support/Google/Chrome/Default/Service Worker/CacheStorage/579544fd7d0441717f082c9eb123588966aa57ac/2d5f58d8-3c1e-4669-9d09-475c2c86127f/18ecd22745dd139f_0"
    ],
    "ultima_modificacion": "2025-08-01 01:01:34.793126"
  },
  "f66df915c89a519d0": {
    "app_sintetizada": "F66DF915C89A519D0",
    "cantidad_archivos": 1,
    "archivos_fuente": [
      "Library/Application Support/Google/Chrome/Default/Service Worker/CacheStorage/579544fd7d0441717f082c9eb123588966aa57ac/2d5f58d8-3c1e-4669-9d09-475c2c86127f/f66df915c89a519d_0"
    ],
    "ultima_modificacion": "2025-08-01 01:01:34.793427"
  },
  "9136a8b19fc17c260": {
    "app_sintetizada": "9136A8B19FC17C260",
    "cantidad_archivos": 1,
    "archivos_fuente": [
      "Library/Application Support/Google/Chrome/Default/Service Worker/CacheStorage/579544fd7d0441717f082c9eb123588966aa57ac/2d5f58d8-3c1e-4669-9d09-475c2c86127f/9136a8b19fc17c26_0"
    ],
    "ultima_modificacion": "2025-08-01 01:01:34.793764"
  },
  "f4e079ef6a9cdb5e0": {
    "app_sintetizada": "F4E079EF6A9CDB5E0",
    "cantidad_archivos": 1,
    "archivos_fuente": [
      "Library/Application Support/Google/Chrome/Default/Service Worker/CacheStorage/579544fd7d0441717f082c9eb123588966aa57ac/2d5f58d8-3c1e-4669-9d09-475c2c86127f/f4e079ef6a9cdb5e_0"
    ],
    "ultima_modificacion": "2025-08-01 01:01:34.794113"
  },
  "79a0e6d190a1bf690": {
    "app_sintetizada": "79A0E6D190A1BF690",
    "cantidad_archivos": 1,
    "archivos_fuente": [
      "Library/Application Support/Google/Chrome/Default/Service Worker/CacheStorage/579544fd7d0441717f082c9eb123588966aa57ac/2d5f58d8-3c1e-4669-9d09-475c2c86127f/79a0e6d190a1bf69_0"
    ],
    "ultima_modificacion": "2025-08-01 01:01:34.794449"
  },
  "7f588195f082f3560": {
    "app_sintetizada": "7F588195F082F3560",
    "cantidad_archivos": 1,
    "archivos_fuente": [
      "Library/Application Support/Google/Chrome/Default/Service Worker/CacheStorage/579544fd7d0441717f082c9eb123588966aa57ac/2d5f58d8-3c1e-4669-9d09-475c2c86127f/7f588195f082f356_0"
    ],
    "ultima_modificacion": "2025-08-01 01:01:34.794792"
  },
  "2cdeeba0c8388ef10": {
    "app_sintetizada": "2CDEEBA0C8388EF10",
    "cantidad_archivos": 1,
    "archivos_fuente": [
      "Library/Application Support/Google/Chrome/Default/Service Worker/CacheStorage/579544fd7d0441717f082c9eb123588966aa57ac/2d5f58d8-3c1e-4669-9d09-475c2c86127f/2cdeeba0c8388ef1_0"
    ],
    "ultima_modificacion": "2025-08-01 01:01:34.795110"
  },
  "801847a9bae02d590": {
    "app_sintetizada": "801847A9BAE02D590",
    "cantidad_archivos": 1,
    "archivos_fuente": [
      "Library/Application Support/Google/Chrome/Default/Service Worker/CacheStorage/579544fd7d0441717f082c9eb123588966aa57ac/2d5f58d8-3c1e-4669-9d09-475c2c86127f/801847a9bae02d59_0"
    ],
    "ultima_modificacion": "2025-08-01 01:01:34.795426"
  },
  "b4b3413faa63c5c90": {
    "app_sintetizada": "B4B3413FAA63C5C90",
    "cantidad_archivos": 1,
    "archivos_fuente": [
      "Library/Application Support/Google/Chrome/Default/Service Worker/CacheStorage/579544fd7d0441717f082c9eb123588966aa57ac/2d5f58d8-3c1e-4669-9d09-475c2c86127f/b4b3413faa63c5c9_0"
    ],
    "ultima_modificacion": "2025-08-01 01:01:34.795748"
  },
  "3a45eb408a7d96810": {
    "app_sintetizada": "3A45EB408A7D96810",
    "cantidad_archivos": 1,
    "archivos_fuente": [
      "Library/Application Support/Google/Chrome/Default/Service Worker/CacheStorage/579544fd7d0441717f082c9eb123588966aa57ac/2d5f58d8-3c1e-4669-9d09-475c2c86127f/3a45eb408a7d9681_0"
    ],
    "ultima_modificacion": "2025-08-01 01:01:34.796059"
  },
  "c591d07e12a43bf20": {
    "app_sintetizada": "C591D07E12A43BF20",
    "cantidad_archivos": 1,
    "archivos_fuente": [
      "Library/Application Support/Google/Chrome/Default/Service Worker/CacheStorage/579544fd7d0441717f082c9eb123588966aa57ac/2d5f58d8-3c1e-4669-9d09-475c2c86127f/c591d07e12a43bf2_0"
    ],
    "ultima_modificacion": "2025-08-01 01:01:34.796367"
  },
  "1b75cec76c4aed750": {
    "app_sintetizada": "1B75CEC76C4AED750",
    "cantidad_archivos": 1,
    "archivos_fuente": [
      "Library/Application Support/Google/Chrome/Default/Service Worker/CacheStorage/579544fd7d0441717f082c9eb123588966aa57ac/2d5f58d8-3c1e-4669-9d09-475c2c86127f/1b75cec76c4aed75_0"
    ],
    "ultima_modificacion": "2025-08-01 01:01:34.796667"
  },
  "d32c1ae48c08773b0": {
    "app_sintetizada": "D32C1AE48C08773B0",
    "cantidad_archivos": 1,
    "archivos_fuente": [
      "Library/Application Support/Google/Chrome/Default/Service Worker/CacheStorage/579544fd7d0441717f082c9eb123588966aa57ac/2d5f58d8-3c1e-4669-9d09-475c2c86127f/d32c1ae48c08773b_0"
    ],
    "ultima_modificacion": "2025-08-01 01:01:34.797007"
  },
  "4ff568a32f1bc0600": {
    "app_sintetizada": "4FF568A32F1BC0600",
    "cantidad_archivos": 1,
    "archivos_fuente": [
      "Library/Application Support/Google/Chrome/Default/Service Worker/CacheStorage/579544fd7d0441717f082c9eb123588966aa57ac/2d5f58d8-3c1e-4669-9d09-475c2c86127f/4ff568a32f1bc060_0"
    ],
    "ultima_modificacion": "2025-08-01 01:01:34.797305"
  },
  "b9a3f2fc12e617010": {
    "app_sintetizada": "B9A3F2FC12E617010",
    "cantidad_archivos": 1,
    "archivos_fuente": [
      "Library/Application Support/Google/Chrome/Default/Service Worker/CacheStorage/579544fd7d0441717f082c9eb123588966aa57ac/2d5f58d8-3c1e-4669-9d09-475c2c86127f/b9a3f2fc12e61701_0"
    ],
    "ultima_modificacion": "2025-08-01 01:01:34.797606"
  },
  "9c797756525c3a9d0": {
    "app_sintetizada": "9C797756525C3A9D0",
    "cantidad_archivos": 1,
    "archivos_fuente": [
      "Library/Application Support/Google/Chrome/Default/Service Worker/CacheStorage/579544fd7d0441717f082c9eb123588966aa57ac/2d5f58d8-3c1e-4669-9d09-475c2c86127f/9c797756525c3a9d_0"
    ],
    "ultima_modificacion": "2025-08-01 01:01:34.797928"
  },
  "afb1287c332f9b5b0": {
    "app_sintetizada": "AFB1287C332F9B5B0",
    "cantidad_archivos": 1,
    "archivos_fuente": [
      "Library/Application Support/Google/Chrome/Default/Service Worker/CacheStorage/579544fd7d0441717f082c9eb123588966aa57ac/2d5f58d8-3c1e-4669-9d09-475c2c86127f/afb1287c332f9b5b_0"
    ],
    "ultima_modificacion": "2025-08-01 01:01:34.798251"
  },
  "5b4eca0ef8b63d800": {
    "app_sintetizada": "5B4ECA0EF8B63D800",
    "cantidad_archivos": 1,
    "archivos_fuente": [
      "Library/Application Support/Google/Chrome/Default/Service Worker/CacheStorage/579544fd7d0441717f082c9eb123588966aa57ac/2d5f58d8-3c1e-4669-9d09-475c2c86127f/5b4eca0ef8b63d80_0"
    ],
    "ultima_modificacion": "2025-08-01 01:01:34.798586"
  },
  "a6e6bd77279ec2d10": {
    "app_sintetizada": "A6E6BD77279EC2D10",
    "cantidad_archivos": 1,
    "archivos_fuente": [
      "Library/Application Support/Google/Chrome/Default/Service Worker/CacheStorage/579544fd7d0441717f082c9eb123588966aa57ac/2d5f58d8-3c1e-4669-9d09-475c2c86127f/a6e6bd77279ec2d1_0"
    ],
    "ultima_modificacion": "2025-08-01 01:01:34.798935"
  },
  "0ab70eadeaf07b890": {
    "app_sintetizada": "0AB70EADEAF07B890",
    "cantidad_archivos": 1,
    "archivos_fuente": [
      "Library/Application Support/Google/Chrome/Default/Service Worker/CacheStorage/579544fd7d0441717f082c9eb123588966aa57ac/2d5f58d8-3c1e-4669-9d09-475c2c86127f/0ab70eadeaf07b89_0"
    ],
    "ultima_modificacion": "2025-08-01 01:01:34.799273"
  },
  "904d9d11ab898cc90": {
    "app_sintetizada": "904D9D11AB898CC90",
    "cantidad_archivos": 1,
    "archivos_fuente": [
      "Library/Application Support/Google/Chrome/Default/Service Worker/CacheStorage/579544fd7d0441717f082c9eb123588966aa57ac/2d5f58d8-3c1e-4669-9d09-475c2c86127f/904d9d11ab898cc9_0"
    ],
    "ultima_modificacion": "2025-08-01 01:01:34.799584"
  },
  "ef5b2db1a8142fc90": {
    "app_sintetizada": "EF5B2DB1A8142FC90",
    "cantidad_archivos": 1,
    "archivos_fuente": [
      "Library/Application Support/Google/Chrome/Default/Service Worker/CacheStorage/579544fd7d0441717f082c9eb123588966aa57ac/2d5f58d8-3c1e-4669-9d09-475c2c86127f/ef5b2db1a8142fc9_0"
    ],
    "ultima_modificacion": "2025-08-01 01:01:34.799926"
  },
  "0325bbbffc847ef90": {
    "app_sintetizada": "0325BBBFFC847EF90",
    "cantidad_archivos": 1,
    "archivos_fuente": [
      "Library/Application Support/Google/Chrome/Default/Service Worker/CacheStorage/579544fd7d0441717f082c9eb123588966aa57ac/2d5f58d8-3c1e-4669-9d09-475c2c86127f/0325bbbffc847ef9_0"
    ],
    "ultima_modificacion": "2025-08-01 01:01:34.800217"
  },
  "b7c6fd9fbd20ecaf0": {
    "app_sintetizada": "B7C6FD9FBD20ECAF0",
    "cantidad_archivos": 1,
    "archivos_fuente": [
      "Library/Application Support/Google/Chrome/Default/Service Worker/CacheStorage/579544fd7d0441717f082c9eb123588966aa57ac/2d5f58d8-3c1e-4669-9d09-475c2c86127f/b7c6fd9fbd20ecaf_0"
    ],
    "ultima_modificacion": "2025-08-01 01:01:34.800526"
  },
  "d01e08504cf7f0d20": {
    "app_sintetizada": "D01E08504CF7F0D20",
    "cantidad_archivos": 1,
    "archivos_fuente": [
      "Library/Application Support/Google/Chrome/Default/Service Worker/CacheStorage/579544fd7d0441717f082c9eb123588966aa57ac/2d5f58d8-3c1e-4669-9d09-475c2c86127f/d01e08504cf7f0d2_0"
    ],
    "ultima_modificacion": "2025-08-01 01:01:34.800864"
  },
  "fe756b47c45a57300": {
    "app_sintetizada": "FE756B47C45A57300",
    "cantidad_archivos": 1,
    "archivos_fuente": [
      "Library/Application Support/Google/Chrome/Default/Service Worker/CacheStorage/579544fd7d0441717f082c9eb123588966aa57ac/2d5f58d8-3c1e-4669-9d09-475c2c86127f/fe756b47c45a5730_0"
    ],
    "ultima_modificacion": "2025-08-01 01:01:34.801178"
  },
  "76f4c5a18d2a4d540": {
    "app_sintetizada": "76F4C5A18D2A4D540",
    "cantidad_archivos": 1,
    "archivos_fuente": [
      "Library/Application Support/Google/Chrome/Default/Service Worker/CacheStorage/579544fd7d0441717f082c9eb123588966aa57ac/2d5f58d8-3c1e-4669-9d09-475c2c86127f/76f4c5a18d2a4d54_0"
    ],
    "ultima_modificacion": "2025-08-01 01:01:34.801476"
  },
  "462cff8c40a194690": {
    "app_sintetizada": "462CFF8C40A194690",
    "cantidad_archivos": 1,
    "archivos_fuente": [
      "Library/Application Support/Google/Chrome/Default/Service Worker/CacheStorage/579544fd7d0441717f082c9eb123588966aa57ac/2d5f58d8-3c1e-4669-9d09-475c2c86127f/462cff8c40a19469_0"
    ],
    "ultima_modificacion": "2025-08-01 01:01:34.801782"
  },
  "f71b17f7ebd58e9d0": {
    "app_sintetizada": "F71B17F7EBD58E9D0",
    "cantidad_archivos": 1,
    "archivos_fuente": [
      "Library/Application Support/Google/Chrome/Default/Service Worker/CacheStorage/579544fd7d0441717f082c9eb123588966aa57ac/2d5f58d8-3c1e-4669-9d09-475c2c86127f/f71b17f7ebd58e9d_0"
    ],
    "ultima_modificacion": "2025-08-01 01:01:34.802131"
  },
  "4ec86f3c7b50ea9a0": {
    "app_sintetizada": "4EC86F3C7B50EA9A0",
    "cantidad_archivos": 1,
    "archivos_fuente": [
      "Library/Application Support/Google/Chrome/Default/Service Worker/CacheStorage/579544fd7d0441717f082c9eb123588966aa57ac/2d5f58d8-3c1e-4669-9d09-475c2c86127f/4ec86f3c7b50ea9a_0"
    ],
    "ultima_modificacion": "2025-08-01 01:01:34.802433"
  },
  "55092d5b76a5235f0": {
    "app_sintetizada": "55092D5B76A5235F0",
    "cantidad_archivos": 1,
    "archivos_fuente": [
      "Library/Application Support/Google/Chrome/Default/Service Worker/CacheStorage/579544fd7d0441717f082c9eb123588966aa57ac/2d5f58d8-3c1e-4669-9d09-475c2c86127f/55092d5b76a5235f_0"
    ],
    "ultima_modificacion": "2025-08-01 01:01:34.802720"
  },
  "2162042b78dab24e0": {
    "app_sintetizada": "2162042B78DAB24E0",
    "cantidad_archivos": 1,
    "archivos_fuente": [
      "Library/Application Support/Google/Chrome/Default/Service Worker/CacheStorage/579544fd7d0441717f082c9eb123588966aa57ac/2d5f58d8-3c1e-4669-9d09-475c2c86127f/2162042b78dab24e_0"
    ],
    "ultima_modificacion": "2025-08-01 01:01:34.803012"
  },
  "ad02fae9789df0930": {
    "app_sintetizada": "AD02FAE9789DF0930",
    "cantidad_archivos": 1,
    "archivos_fuente": [
      "Library/Application Support/Google/Chrome/Default/Service Worker/CacheStorage/579544fd7d0441717f082c9eb123588966aa57ac/2d5f58d8-3c1e-4669-9d09-475c2c86127f/ad02fae9789df093_0"
    ],
    "ultima_modificacion": "2025-08-01 01:01:34.803331"
  },
  "b6994106f42f340a0": {
    "app_sintetizada": "B6994106F42F340A0",
    "cantidad_archivos": 1,
    "archivos_fuente": [
      "Library/Application Support/Google/Chrome/Default/Service Worker/CacheStorage/579544fd7d0441717f082c9eb123588966aa57ac/2d5f58d8-3c1e-4669-9d09-475c2c86127f/b6994106f42f340a_0"
    ],
    "ultima_modificacion": "2025-08-01 01:01:34.803639"
  },
  "69a622ddc4de2de20": {
    "app_sintetizada": "69A622DDC4DE2DE20",
    "cantidad_archivos": 1,
    "archivos_fuente": [
      "Library/Application Support/Google/Chrome/Default/Service Worker/CacheStorage/579544fd7d0441717f082c9eb123588966aa57ac/2d5f58d8-3c1e-4669-9d09-475c2c86127f/69a622ddc4de2de2_0"
    ],
    "ultima_modificacion": "2025-08-01 01:01:34.803949"
  },
  "93fcaad73df220880": {
    "app_sintetizada": "93FCAAD73DF220880",
    "cantidad_archivos": 1,
    "archivos_fuente": [
      "Library/Application Support/Google/Chrome/Default/Service Worker/CacheStorage/579544fd7d0441717f082c9eb123588966aa57ac/2d5f58d8-3c1e-4669-9d09-475c2c86127f/93fcaad73df22088_0"
    ],
    "ultima_modificacion": "2025-08-01 01:01:34.804258"
  },
  "44a0f1f0d4716da80": {
    "app_sintetizada": "44A0F1F0D4716DA80",
    "cantidad_archivos": 1,
    "archivos_fuente": [
      "Library/Application Support/Google/Chrome/Default/Service Worker/CacheStorage/579544fd7d0441717f082c9eb123588966aa57ac/2d5f58d8-3c1e-4669-9d09-475c2c86127f/44a0f1f0d4716da8_0"
    ],
    "ultima_modificacion": "2025-08-01 01:01:34.804563"
  },
  "434b43f63be1082a0": {
    "app_sintetizada": "434B43F63BE1082A0",
    "cantidad_archivos": 1,
    "archivos_fuente": [
      "Library/Application Support/Google/Chrome/Default/Service Worker/CacheStorage/579544fd7d0441717f082c9eb123588966aa57ac/2d5f58d8-3c1e-4669-9d09-475c2c86127f/434b43f63be1082a_0"
    ],
    "ultima_modificacion": "2025-08-01 01:01:34.804911"
  },
  "d1958a4c2322ae800": {
    "app_sintetizada": "D1958A4C2322AE800",
    "cantidad_archivos": 1,
    "archivos_fuente": [
      "Library/Application Support/Google/Chrome/Default/Service Worker/CacheStorage/579544fd7d0441717f082c9eb123588966aa57ac/2d5f58d8-3c1e-4669-9d09-475c2c86127f/d1958a4c2322ae80_0"
    ],
    "ultima_modificacion": "2025-08-01 01:01:34.805397"
  },
  "a111af295948c13b0": {
    "app_sintetizada": "A111AF295948C13B0",
    "cantidad_archivos": 1,
    "archivos_fuente": [
      "Library/Application Support/Google/Chrome/Default/Service Worker/CacheStorage/579544fd7d0441717f082c9eb123588966aa57ac/2d5f58d8-3c1e-4669-9d09-475c2c86127f/a111af295948c13b_0"
    ],
    "ultima_modificacion": "2025-08-01 01:01:34.805939"
  },
  "010090a4715f79820": {
    "app_sintetizada": "010090A4715F79820",
    "cantidad_archivos": 1,
    "archivos_fuente": [
      "Library/Application Support/Google/Chrome/Default/Service Worker/CacheStorage/579544fd7d0441717f082c9eb123588966aa57ac/2d5f58d8-3c1e-4669-9d09-475c2c86127f/010090a4715f7982_0"
    ],
    "ultima_modificacion": "2025-08-01 01:01:34.806324"
  },
  "47317d65fc0a6c950": {
    "app_sintetizada": "47317D65FC0A6C950",
    "cantidad_archivos": 1,
    "archivos_fuente": [
      "Library/Application Support/Google/Chrome/Default/Service Worker/CacheStorage/579544fd7d0441717f082c9eb123588966aa57ac/2d5f58d8-3c1e-4669-9d09-475c2c86127f/47317d65fc0a6c95_0"
    ],
    "ultima_modificacion": "2025-08-01 01:01:34.806698"
  },
  "5d568e9f3bb609990": {
    "app_sintetizada": "5D568E9F3BB609990",
    "cantidad_archivos": 1,
    "archivos_fuente": [
      "Library/Application Support/Google/Chrome/Default/Service Worker/CacheStorage/579544fd7d0441717f082c9eb123588966aa57ac/2d5f58d8-3c1e-4669-9d09-475c2c86127f/5d568e9f3bb60999_0"
    ],
    "ultima_modificacion": "2025-08-01 01:01:34.807035"
  },
  "b0fcfb2205e12b8c0": {
    "app_sintetizada": "B0FCFB2205E12B8C0",
    "cantidad_archivos": 1,
    "archivos_fuente": [
      "Library/Application Support/Google/Chrome/Default/Service Worker/CacheStorage/579544fd7d0441717f082c9eb123588966aa57ac/2d5f58d8-3c1e-4669-9d09-475c2c86127f/b0fcfb2205e12b8c_0"
    ],
    "ultima_modificacion": "2025-08-01 01:01:34.807372"
  },
  "d85ab24a940b886b0": {
    "app_sintetizada": "D85AB24A940B886B0",
    "cantidad_archivos": 1,
    "archivos_fuente": [
      "Library/Application Support/Google/Chrome/Default/Service Worker/CacheStorage/579544fd7d0441717f082c9eb123588966aa57ac/2d5f58d8-3c1e-4669-9d09-475c2c86127f/d85ab24a940b886b_0"
    ],
    "ultima_modificacion": "2025-08-01 01:01:34.807691"
  },
  "d7ee02e1637650390": {
    "app_sintetizada": "D7EE02E1637650390",
    "cantidad_archivos": 1,
    "archivos_fuente": [
      "Library/Application Support/Google/Chrome/Default/Service Worker/CacheStorage/579544fd7d0441717f082c9eb123588966aa57ac/2d5f58d8-3c1e-4669-9d09-475c2c86127f/d7ee02e163765039_0"
    ],
    "ultima_modificacion": "2025-08-01 01:01:34.808004"
  },
  "4b3718bc5ce62ed00": {
    "app_sintetizada": "4B3718BC5CE62ED00",
    "cantidad_archivos": 1,
    "archivos_fuente": [
      "Library/Application Support/Google/Chrome/Default/Service Worker/CacheStorage/579544fd7d0441717f082c9eb123588966aa57ac/2d5f58d8-3c1e-4669-9d09-475c2c86127f/4b3718bc5ce62ed0_0"
    ],
    "ultima_modificacion": "2025-08-01 01:01:34.808301"
  },
  "3f7ed6652d14748c0": {
    "app_sintetizada": "3F7ED6652D14748C0",
    "cantidad_archivos": 1,
    "archivos_fuente": [
      "Library/Application Support/Google/Chrome/Default/Service Worker/CacheStorage/579544fd7d0441717f082c9eb123588966aa57ac/2d5f58d8-3c1e-4669-9d09-475c2c86127f/3f7ed6652d14748c_0"
    ],
    "ultima_modificacion": "2025-08-01 01:01:34.808602"
  },
  "645c0ebb2a0520ec0": {
    "app_sintetizada": "645C0EBB2A0520EC0",
    "cantidad_archivos": 1,
    "archivos_fuente": [
      "Library/Application Support/Google/Chrome/Default/Service Worker/CacheStorage/579544fd7d0441717f082c9eb123588966aa57ac/2d5f58d8-3c1e-4669-9d09-475c2c86127f/645c0ebb2a0520ec_0"
    ],
    "ultima_modificacion": "2025-08-01 01:01:34.808930"
  },
  "cbe8c6cc8cdf42530": {
    "app_sintetizada": "CBE8C6CC8CDF42530",
    "cantidad_archivos": 1,
    "archivos_fuente": [
      "Library/Application Support/Google/Chrome/Default/Service Worker/CacheStorage/579544fd7d0441717f082c9eb123588966aa57ac/2d5f58d8-3c1e-4669-9d09-475c2c86127f/cbe8c6cc8cdf4253_0"
    ],
    "ultima_modificacion": "2025-08-01 01:01:34.809239"
  },
  "accbc6b98658fec30": {
    "app_sintetizada": "ACCBC6B98658FEC30",
    "cantidad_archivos": 1,
    "archivos_fuente": [
      "Library/Application Support/Google/Chrome/Default/Service Worker/CacheStorage/579544fd7d0441717f082c9eb123588966aa57ac/2d5f58d8-3c1e-4669-9d09-475c2c86127f/accbc6b98658fec3_0"
    ],
    "ultima_modificacion": "2025-08-01 01:01:34.809532"
  },
  "6d2c7a73bf56d82e0": {
    "app_sintetizada": "6D2C7A73BF56D82E0",
    "cantidad_archivos": 1,
    "archivos_fuente": [
      "Library/Application Support/Google/Chrome/Default/Service Worker/CacheStorage/579544fd7d0441717f082c9eb123588966aa57ac/2d5f58d8-3c1e-4669-9d09-475c2c86127f/6d2c7a73bf56d82e_0"
    ],
    "ultima_modificacion": "2025-08-01 01:01:34.809858"
  },
  "75106a26e2dd80d40": {
    "app_sintetizada": "75106A26E2DD80D40",
    "cantidad_archivos": 1,
    "archivos_fuente": [
      "Library/Application Support/Google/Chrome/Default/Service Worker/CacheStorage/579544fd7d0441717f082c9eb123588966aa57ac/2d5f58d8-3c1e-4669-9d09-475c2c86127f/75106a26e2dd80d4_0"
    ],
    "ultima_modificacion": "2025-08-01 01:01:34.810190"
  },
  "af2753ca257c88350": {
    "app_sintetizada": "AF2753CA257C88350",
    "cantidad_archivos": 1,
    "archivos_fuente": [
      "Library/Application Support/Google/Chrome/Default/Service Worker/CacheStorage/579544fd7d0441717f082c9eb123588966aa57ac/2d5f58d8-3c1e-4669-9d09-475c2c86127f/af2753ca257c8835_0"
    ],
    "ultima_modificacion": "2025-08-01 01:01:34.810496"
  },
  "1ff0767ed2f79efa0": {
    "app_sintetizada": "1FF0767ED2F79EFA0",
    "cantidad_archivos": 1,
    "archivos_fuente": [
      "Library/Application Support/Google/Chrome/Default/Service Worker/CacheStorage/579544fd7d0441717f082c9eb123588966aa57ac/2d5f58d8-3c1e-4669-9d09-475c2c86127f/1ff0767ed2f79efa_0"
    ],
    "ultima_modificacion": "2025-08-01 01:01:34.810803"
  },
  "78ab97b6c49538cd0": {
    "app_sintetizada": "78AB97B6C49538CD0",
    "cantidad_archivos": 1,
    "archivos_fuente": [
      "Library/Application Support/Google/Chrome/Default/Service Worker/CacheStorage/579544fd7d0441717f082c9eb123588966aa57ac/2d5f58d8-3c1e-4669-9d09-475c2c86127f/78ab97b6c49538cd_0"
    ],
    "ultima_modificacion": "2025-08-01 01:01:34.811150"
  },
  "8c7edcd939fc7e830": {
    "app_sintetizada": "8C7EDCD939FC7E830",
    "cantidad_archivos": 1,
    "archivos_fuente": [
      "Library/Application Support/Google/Chrome/Default/Service Worker/CacheStorage/579544fd7d0441717f082c9eb123588966aa57ac/2d5f58d8-3c1e-4669-9d09-475c2c86127f/8c7edcd939fc7e83_0"
    ],
    "ultima_modificacion": "2025-08-01 01:01:34.811473"
  },
  "35b1864f8dca267e0": {
    "app_sintetizada": "35B1864F8DCA267E0",
    "cantidad_archivos": 1,
    "archivos_fuente": [
      "Library/Application Support/Google/Chrome/Default/Service Worker/CacheStorage/579544fd7d0441717f082c9eb123588966aa57ac/2d5f58d8-3c1e-4669-9d09-475c2c86127f/35b1864f8dca267e_0"
    ],
    "ultima_modificacion": "2025-08-01 01:01:34.811816"
  },
  "d7c1eb09513b88dc0": {
    "app_sintetizada": "D7C1EB09513B88DC0",
    "cantidad_archivos": 1,
    "archivos_fuente": [
      "Library/Application Support/Google/Chrome/Default/Service Worker/CacheStorage/579544fd7d0441717f082c9eb123588966aa57ac/2d5f58d8-3c1e-4669-9d09-475c2c86127f/d7c1eb09513b88dc_0"
    ],
    "ultima_modificacion": "2025-08-01 01:01:34.812228"
  },
  "87cd4e61fddcd9660": {
    "app_sintetizada": "87CD4E61FDDCD9660",
    "cantidad_archivos": 1,
    "archivos_fuente": [
      "Library/Application Support/Google/Chrome/Default/Service Worker/CacheStorage/579544fd7d0441717f082c9eb123588966aa57ac/2d5f58d8-3c1e-4669-9d09-475c2c86127f/87cd4e61fddcd966_0"
    ],
    "ultima_modificacion": "2025-08-01 01:01:34.812575"
  },
  "4a351c50eda1dabe0": {
    "app_sintetizada": "4A351C50EDA1DABE0",
    "cantidad_archivos": 1,
    "archivos_fuente": [
      "Library/Application Support/Google/Chrome/Default/Service Worker/CacheStorage/579544fd7d0441717f082c9eb123588966aa57ac/2d5f58d8-3c1e-4669-9d09-475c2c86127f/4a351c50eda1dabe_0"
    ],
    "ultima_modificacion": "2025-08-01 01:01:34.812855"
  },
  "b64bde2f4d5986c70": {
    "app_sintetizada": "B64BDE2F4D5986C70",
    "cantidad_archivos": 1,
    "archivos_fuente": [
      "Library/Application Support/Google/Chrome/Default/Service Worker/CacheStorage/579544fd7d0441717f082c9eb123588966aa57ac/2d5f58d8-3c1e-4669-9d09-475c2c86127f/b64bde2f4d5986c7_0"
    ],
    "ultima_modificacion": "2025-08-01 01:01:34.813224"
  },
  "4f2214c1205d9ee60": {
    "app_sintetizada": "4F2214C1205D9EE60",
    "cantidad_archivos": 1,
    "archivos_fuente": [
      "Library/Application Support/Google/Chrome/Default/Service Worker/CacheStorage/579544fd7d0441717f082c9eb123588966aa57ac/2d5f58d8-3c1e-4669-9d09-475c2c86127f/4f2214c1205d9ee6_0"
    ],
    "ultima_modificacion": "2025-08-01 01:01:34.813485"
  },
  "bd35d25df8e8d68c0": {
    "app_sintetizada": "BD35D25DF8E8D68C0",
    "cantidad_archivos": 1,
    "archivos_fuente": [
      "Library/Application Support/Google/Chrome/Default/Service Worker/CacheStorage/579544fd7d0441717f082c9eb123588966aa57ac/2d5f58d8-3c1e-4669-9d09-475c2c86127f/bd35d25df8e8d68c_0"
    ],
    "ultima_modificacion": "2025-08-01 01:01:34.813791"
  },
  "5281c83d55a5a3f40": {
    "app_sintetizada": "5281C83D55A5A3F40",
    "cantidad_archivos": 1,
    "archivos_fuente": [
      "Library/Application Support/Google/Chrome/Default/Service Worker/CacheStorage/579544fd7d0441717f082c9eb123588966aa57ac/2d5f58d8-3c1e-4669-9d09-475c2c86127f/5281c83d55a5a3f4_0"
    ],
    "ultima_modificacion": "2025-08-01 01:01:34.814063"
  },
  "ef2982b5975e42960": {
    "app_sintetizada": "EF2982B5975E42960",
    "cantidad_archivos": 1,
    "archivos_fuente": [
      "Library/Application Support/Google/Chrome/Default/Service Worker/CacheStorage/579544fd7d0441717f082c9eb123588966aa57ac/2d5f58d8-3c1e-4669-9d09-475c2c86127f/ef2982b5975e4296_0"
    ],
    "ultima_modificacion": "2025-08-01 01:01:34.814330"
  },
  "491eed5273dbc6f80": {
    "app_sintetizada": "491EED5273DBC6F80",
    "cantidad_archivos": 1,
    "archivos_fuente": [
      "Library/Application Support/Google/Chrome/Default/Service Worker/CacheStorage/579544fd7d0441717f082c9eb123588966aa57ac/2d5f58d8-3c1e-4669-9d09-475c2c86127f/491eed5273dbc6f8_0"
    ],
    "ultima_modificacion": "2025-08-01 01:01:34.814588"
  },
  "2fc8d15c7838f3d10": {
    "app_sintetizada": "2FC8D15C7838F3D10",
    "cantidad_archivos": 1,
    "archivos_fuente": [
      "Library/Application Support/Google/Chrome/Default/Service Worker/CacheStorage/579544fd7d0441717f082c9eb123588966aa57ac/2d5f58d8-3c1e-4669-9d09-475c2c86127f/2fc8d15c7838f3d1_0"
    ],
    "ultima_modificacion": "2025-08-01 01:01:34.814846"
  },
  "35c50d72a0d9abe20": {
    "app_sintetizada": "35C50D72A0D9ABE20",
    "cantidad_archivos": 1,
    "archivos_fuente": [
      "Library/Application Support/Google/Chrome/Default/Service Worker/CacheStorage/579544fd7d0441717f082c9eb123588966aa57ac/2d5f58d8-3c1e-4669-9d09-475c2c86127f/35c50d72a0d9abe2_0"
    ],
    "ultima_modificacion": "2025-08-01 01:01:34.815112"
  },
  "6fecedabc9999d8b0": {
    "app_sintetizada": "6FECEDABC9999D8B0",
    "cantidad_archivos": 1,
    "archivos_fuente": [
      "Library/Application Support/Google/Chrome/Default/Service Worker/CacheStorage/579544fd7d0441717f082c9eb123588966aa57ac/2d5f58d8-3c1e-4669-9d09-475c2c86127f/6fecedabc9999d8b_0"
    ],
    "ultima_modificacion": "2025-08-01 01:01:34.815416"
  }
}