{
  "993f13a44a682a400": {
    "app_sintetizada": "993F13A44A682A400",
    "cantidad_archivos": 1,
    "archivos_fuente": [
      "Library/Application Support/Google/Chrome/Default/Service Worker/CacheStorage/d1394a4c842f7861ad7ae5e20da4b484a0c4acad/a5a18824-56f6-4f5f-abb6-64683cbd37bb/993f13a44a682a40_0"
    ],
    "ultima_modificacion": "2025-08-01 01:01:31.884043"
  },
  "64fff82b4ed580d40": {
    "app_sintetizada": "64FFF82B4ED580D40",
    "cantidad_archivos": 1,
    "archivos_fuente": [
      "Library/Application Support/Google/Chrome/Default/Service Worker/CacheStorage/d1394a4c842f7861ad7ae5e20da4b484a0c4acad/a5a18824-56f6-4f5f-abb6-64683cbd37bb/64fff82b4ed580d4_0"
    ],
    "ultima_modificacion": "2025-08-01 01:01:31.884227"
  },
  "49062c912a8e49b50": {
    "app_sintetizada": "49062C912A8E49B50",
    "cantidad_archivos": 1,
    "archivos_fuente": [
      "Library/Application Support/Google/Chrome/Default/Service Worker/CacheStorage/d1394a4c842f7861ad7ae5e20da4b484a0c4acad/a5a18824-56f6-4f5f-abb6-64683cbd37bb/49062c912a8e49b5_0"
    ],
    "ultima_modificacion": "2025-08-01 01:01:31.884406"
  },
  "4af438d273876c040": {
    "app_sintetizada": "4AF438D273876C040",
    "cantidad_archivos": 1,
    "archivos_fuente": [
      "Library/Application Support/Google/Chrome/Default/Service Worker/CacheStorage/d1394a4c842f7861ad7ae5e20da4b484a0c4acad/a5a18824-56f6-4f5f-abb6-64683cbd37bb/4af438d273876c04_0"
    ],
    "ultima_modificacion": "2025-08-01 01:01:31.884590"
  },
  "030fa41f526383aa0": {
    "app_sintetizada": "030FA41F526383AA0",
    "cantidad_archivos": 1,
    "archivos_fuente": [
      "Library/Application Support/Google/Chrome/Default/Service Worker/CacheStorage/d1394a4c842f7861ad7ae5e20da4b484a0c4acad/a5a18824-56f6-4f5f-abb6-64683cbd37bb/030fa41f526383aa_0"
    ],
    "ultima_modificacion": "2025-08-01 01:01:31.884769"
  },
  "467cb5f5904cf1470": {
    "app_sintetizada": "467CB5F5904CF1470",
    "cantidad_archivos": 1,
    "archivos_fuente": [
      "Library/Application Support/Google/Chrome/Default/Service Worker/CacheStorage/d1394a4c842f7861ad7ae5e20da4b484a0c4acad/a5a18824-56f6-4f5f-abb6-64683cbd37bb/467cb5f5904cf147_0"
    ],
    "ultima_modificacion": "2025-08-01 01:01:31.884984"
  },
  "b8d83b9d59af39460": {
    "app_sintetizada": "B8D83B9D59AF39460",
    "cantidad_archivos": 1,
    "archivos_fuente": [
      "Library/Application Support/Google/Chrome/Default/Service Worker/CacheStorage/d1394a4c842f7861ad7ae5e20da4b484a0c4acad/a5a18824-56f6-4f5f-abb6-64683cbd37bb/b8d83b9d59af3946_0"
    ],
    "ultima_modificacion": "2025-08-01 01:01:31.885228"
  },
  "05a51a6f2119c9400": {
    "app_sintetizada": "05A51A6F2119C9400",
    "cantidad_archivos": 1,
    "archivos_fuente": [
      "Library/Application Support/Google/Chrome/Default/Service Worker/CacheStorage/d1394a4c842f7861ad7ae5e20da4b484a0c4acad/a5a18824-56f6-4f5f-abb6-64683cbd37bb/05a51a6f2119c940_0"
    ],
    "ultima_modificacion": "2025-08-01 01:01:31.885448"
  },
  "a0037ff4b7c248620": {
    "app_sintetizada": "A0037FF4B7C248620",
    "cantidad_archivos": 1,
    "archivos_fuente": [
      "Library/Application Support/Google/Chrome/Default/Service Worker/CacheStorage/d1394a4c842f7861ad7ae5e20da4b484a0c4acad/a5a18824-56f6-4f5f-abb6-64683cbd37bb/a0037ff4b7c24862_0"
    ],
    "ultima_modificacion": "2025-08-01 01:01:31.885655"
  },
  "43af86239677cad00": {
    "app_sintetizada": "43AF86239677CAD00",
    "cantidad_archivos": 1,
    "archivos_fuente": [
      "Library/Application Support/Google/Chrome/Default/Service Worker/CacheStorage/d1394a4c842f7861ad7ae5e20da4b484a0c4acad/a5a18824-56f6-4f5f-abb6-64683cbd37bb/43af86239677cad0_0"
    ],
    "ultima_modificacion": "2025-08-01 01:01:31.885917"
  },
  "6a6e792eb1ffbe7b0": {
    "app_sintetizada": "6A6E792EB1FFBE7B0",
    "cantidad_archivos": 1,
    "archivos_fuente": [
      "Library/Application Support/Google/Chrome/Default/Service Worker/CacheStorage/d1394a4c842f7861ad7ae5e20da4b484a0c4acad/a5a18824-56f6-4f5f-abb6-64683cbd37bb/6a6e792eb1ffbe7b_0"
    ],
    "ultima_modificacion": "2025-08-01 01:01:31.886130"
  },
  "e570b74a959650cd0": {
    "app_sintetizada": "E570B74A959650CD0",
    "cantidad_archivos": 1,
    "archivos_fuente": [
      "Library/Application Support/Google/Chrome/Default/Service Worker/CacheStorage/d1394a4c842f7861ad7ae5e20da4b484a0c4acad/a5a18824-56f6-4f5f-abb6-64683cbd37bb/e570b74a959650cd_0"
    ],
    "ultima_modificacion": "2025-08-01 01:01:31.886311"
  },
  "9bce8f3da1bda0160": {
    "app_sintetizada": "9BCE8F3DA1BDA0160",
    "cantidad_archivos": 1,
    "archivos_fuente": [
      "Library/Application Support/Google/Chrome/Default/Service Worker/CacheStorage/d1394a4c842f7861ad7ae5e20da4b484a0c4acad/a5a18824-56f6-4f5f-abb6-64683cbd37bb/9bce8f3da1bda016_0"
    ],
    "ultima_modificacion": "2025-08-01 01:01:31.886496"
  },
  "d7eeff03bec0221c0": {
    "app_sintetizada": "D7EEFF03BEC0221C0",
    "cantidad_archivos": 1,
    "archivos_fuente": [
      "Library/Application Support/Google/Chrome/Default/Service Worker/CacheStorage/d1394a4c842f7861ad7ae5e20da4b484a0c4acad/a5a18824-56f6-4f5f-abb6-64683cbd37bb/d7eeff03bec0221c_0"
    ],
    "ultima_modificacion": "2025-08-01 01:01:31.886745"
  },
  "7c8bc21d1ab33f3c0": {
    "app_sintetizada": "7C8BC21D1AB33F3C0",
    "cantidad_archivos": 1,
    "archivos_fuente": [
      "Library/Application Support/Google/Chrome/Default/Service Worker/CacheStorage/d1394a4c842f7861ad7ae5e20da4b484a0c4acad/a5a18824-56f6-4f5f-abb6-64683cbd37bb/7c8bc21d1ab33f3c_0"
    ],
    "ultima_modificacion": "2025-08-01 01:01:31.887020"
  },
  "900a568b5231ca0f0": {
    "app_sintetizada": "900A568B5231CA0F0",
    "cantidad_archivos": 1,
    "archivos_fuente": [
      "Library/Application Support/Google/Chrome/Default/Service Worker/CacheStorage/d1394a4c842f7861ad7ae5e20da4b484a0c4acad/a5a18824-56f6-4f5f-abb6-64683cbd37bb/900a568b5231ca0f_0"
    ],
    "ultima_modificacion": "2025-08-01 01:01:31.887289"
  },
  "07d6ba69a8e7c9310": {
    "app_sintetizada": "07D6BA69A8E7C9310",
    "cantidad_archivos": 1,
    "archivos_fuente": [
      "Library/Application Support/Google/Chrome/Default/Service Worker/CacheStorage/d1394a4c842f7861ad7ae5e20da4b484a0c4acad/a5a18824-56f6-4f5f-abb6-64683cbd37bb/07d6ba69a8e7c931_0"
    ],
    "ultima_modificacion": "2025-08-01 01:01:31.887649"
  },
  "3d3ccce9bc2bdc300": {
    "app_sintetizada": "3D3CCCE9BC2BDC300",
    "cantidad_archivos": 1,
    "archivos_fuente": [
      "Library/Application Support/Google/Chrome/Default/Service Worker/CacheStorage/d1394a4c842f7861ad7ae5e20da4b484a0c4acad/a5a18824-56f6-4f5f-abb6-64683cbd37bb/3d3ccce9bc2bdc30_0"
    ],
    "ultima_modificacion": "2025-08-01 01:01:31.887939"
  },
  "3c5088a3793b03ba0": {
    "app_sintetizada": "3C5088A3793B03BA0",
    "cantidad_archivos": 1,
    "archivos_fuente": [
      "Library/Application Support/Google/Chrome/Default/Service Worker/CacheStorage/d1394a4c842f7861ad7ae5e20da4b484a0c4acad/a5a18824-56f6-4f5f-abb6-64683cbd37bb/3c5088a3793b03ba_0"
    ],
    "ultima_modificacion": "2025-08-01 01:01:31.888234"
  },
  "05424d8a4109da410": {
    "app_sintetizada": "05424D8A4109DA410",
    "cantidad_archivos": 1,
    "archivos_fuente": [
      "Library/Application Support/Google/Chrome/Default/Service Worker/CacheStorage/d1394a4c842f7861ad7ae5e20da4b484a0c4acad/a5a18824-56f6-4f5f-abb6-64683cbd37bb/05424d8a4109da41_0"
    ],
    "ultima_modificacion": "2025-08-01 01:01:31.888518"
  },
  "a5d92f8f99f5064f0": {
    "app_sintetizada": "A5D92F8F99F5064F0",
    "cantidad_archivos": 1,
    "archivos_fuente": [
      "Library/Application Support/Google/Chrome/Default/Service Worker/CacheStorage/d1394a4c842f7861ad7ae5e20da4b484a0c4acad/a5a18824-56f6-4f5f-abb6-64683cbd37bb/a5d92f8f99f5064f_0"
    ],
    "ultima_modificacion": "2025-08-01 01:01:31.888810"
  },
  "ccdbebb732bfe6240": {
    "app_sintetizada": "CCDBEBB732BFE6240",
    "cantidad_archivos": 1,
    "archivos_fuente": [
      "Library/Application Support/Google/Chrome/Default/Service Worker/CacheStorage/d1394a4c842f7861ad7ae5e20da4b484a0c4acad/a5a18824-56f6-4f5f-abb6-64683cbd37bb/ccdbebb732bfe624_0"
    ],
    "ultima_modificacion": "2025-08-01 01:01:31.889120"
  },
  "992b208de58d958d0": {
    "app_sintetizada": "992B208DE58D958D0",
    "cantidad_archivos": 1,
    "archivos_fuente": [
      "Library/Application Support/Google/Chrome/Default/Service Worker/CacheStorage/d1394a4c842f7861ad7ae5e20da4b484a0c4acad/a5a18824-56f6-4f5f-abb6-64683cbd37bb/992b208de58d958d_0"
    ],
    "ultima_modificacion": "2025-08-01 01:01:31.889436"
  },
  "35aa1b53c126fa410": {
    "app_sintetizada": "35AA1B53C126FA410",
    "cantidad_archivos": 1,
    "archivos_fuente": [
      "Library/Application Support/Google/Chrome/Default/Service Worker/CacheStorage/d1394a4c842f7861ad7ae5e20da4b484a0c4acad/a5a18824-56f6-4f5f-abb6-64683cbd37bb/35aa1b53c126fa41_0"
    ],
    "ultima_modificacion": "2025-08-01 01:01:31.889758"
  },
  "bb68ec23c69069210": {
    "app_sintetizada": "BB68EC23C69069210",
    "cantidad_archivos": 1,
    "archivos_fuente": [
      "Library/Application Support/Google/Chrome/Default/Service Worker/CacheStorage/d1394a4c842f7861ad7ae5e20da4b484a0c4acad/a5a18824-56f6-4f5f-abb6-64683cbd37bb/bb68ec23c6906921_0"
    ],
    "ultima_modificacion": "2025-08-01 01:01:31.890052"
  },
  "96c60521a280b7db0": {
    "app_sintetizada": "96C60521A280B7DB0",
    "cantidad_archivos": 1,
    "archivos_fuente": [
      "Library/Application Support/Google/Chrome/Default/Service Worker/CacheStorage/d1394a4c842f7861ad7ae5e20da4b484a0c4acad/a5a18824-56f6-4f5f-abb6-64683cbd37bb/96c60521a280b7db_0"
    ],
    "ultima_modificacion": "2025-08-01 01:01:31.890362"
  },
  "e4eb0cb6cccf936d0": {
    "app_sintetizada": "E4EB0CB6CCCF936D0",
    "cantidad_archivos": 1,
    "archivos_fuente": [
      "Library/Application Support/Google/Chrome/Default/Service Worker/CacheStorage/d1394a4c842f7861ad7ae5e20da4b484a0c4acad/a5a18824-56f6-4f5f-abb6-64683cbd37bb/e4eb0cb6cccf936d_0"
    ],
    "ultima_modificacion": "2025-08-01 01:01:31.890662"
  },
  "2b96a834346ec2170": {
    "app_sintetizada": "2B96A834346EC2170",
    "cantidad_archivos": 1,
    "archivos_fuente": [
      "Library/Application Support/Google/Chrome/Default/Service Worker/CacheStorage/d1394a4c842f7861ad7ae5e20da4b484a0c4acad/a5a18824-56f6-4f5f-abb6-64683cbd37bb/2b96a834346ec217_0"
    ],
    "ultima_modificacion": "2025-08-01 01:01:31.891003"
  },
  "01a52f4ed73128e30": {
    "app_sintetizada": "01A52F4ED73128E30",
    "cantidad_archivos": 1,
    "archivos_fuente": [
      "Library/Application Support/Google/Chrome/Default/Service Worker/CacheStorage/d1394a4c842f7861ad7ae5e20da4b484a0c4acad/a5a18824-56f6-4f5f-abb6-64683cbd37bb/01a52f4ed73128e3_0"
    ],
    "ultima_modificacion": "2025-08-01 01:01:31.891304"
  },
  "36e632c85cf183270": {
    "app_sintetizada": "36E632C85CF183270",
    "cantidad_archivos": 1,
    "archivos_fuente": [
      "Library/Application Support/Google/Chrome/Default/Service Worker/CacheStorage/d1394a4c842f7861ad7ae5e20da4b484a0c4acad/a5a18824-56f6-4f5f-abb6-64683cbd37bb/36e632c85cf18327_0"
    ],
    "ultima_modificacion": "2025-08-01 01:01:31.891597"
  },
  "c7d07ab3433d24a80": {
    "app_sintetizada": "C7D07AB3433D24A80",
    "cantidad_archivos": 1,
    "archivos_fuente": [
      "Library/Application Support/Google/Chrome/Default/Service Worker/CacheStorage/d1394a4c842f7861ad7ae5e20da4b484a0c4acad/a5a18824-56f6-4f5f-abb6-64683cbd37bb/c7d07ab3433d24a8_0"
    ],
    "ultima_modificacion": "2025-08-01 01:01:31.891890"
  },
  "f2e46d69666663db0": {
    "app_sintetizada": "F2E46D69666663DB0",
    "cantidad_archivos": 1,
    "archivos_fuente": [
      "Library/Application Support/Google/Chrome/Default/Service Worker/CacheStorage/d1394a4c842f7861ad7ae5e20da4b484a0c4acad/a5a18824-56f6-4f5f-abb6-64683cbd37bb/f2e46d69666663db_0"
    ],
    "ultima_modificacion": "2025-08-01 01:01:31.892185"
  },
  "ca2cdc83be8e617e0": {
    "app_sintetizada": "CA2CDC83BE8E617E0",
    "cantidad_archivos": 1,
    "archivos_fuente": [
      "Library/Application Support/Google/Chrome/Default/Service Worker/CacheStorage/d1394a4c842f7861ad7ae5e20da4b484a0c4acad/a5a18824-56f6-4f5f-abb6-64683cbd37bb/ca2cdc83be8e617e_0"
    ],
    "ultima_modificacion": "2025-08-01 01:01:31.892480"
  },
  "4a63008737d1fe5d0": {
    "app_sintetizada": "4A63008737D1FE5D0",
    "cantidad_archivos": 1,
    "archivos_fuente": [
      "Library/Application Support/Google/Chrome/Default/Service Worker/CacheStorage/d1394a4c842f7861ad7ae5e20da4b484a0c4acad/a5a18824-56f6-4f5f-abb6-64683cbd37bb/4a63008737d1fe5d_0"
    ],
    "ultima_modificacion": "2025-08-01 01:01:31.892768"
  },
  "8c57fab996fa59630": {
    "app_sintetizada": "8C57FAB996FA59630",
    "cantidad_archivos": 1,
    "archivos_fuente": [
      "Library/Application Support/Google/Chrome/Default/Service Worker/CacheStorage/d1394a4c842f7861ad7ae5e20da4b484a0c4acad/a5a18824-56f6-4f5f-abb6-64683cbd37bb/8c57fab996fa5963_0"
    ],
    "ultima_modificacion": "2025-08-01 01:01:31.893057"
  },
  "a71f10bdc9bf8e850": {
    "app_sintetizada": "A71F10BDC9BF8E850",
    "cantidad_archivos": 1,
    "archivos_fuente": [
      "Library/Application Support/Google/Chrome/Default/Service Worker/CacheStorage/d1394a4c842f7861ad7ae5e20da4b484a0c4acad/a5a18824-56f6-4f5f-abb6-64683cbd37bb/a71f10bdc9bf8e85_0"
    ],
    "ultima_modificacion": "2025-08-01 01:01:31.893337"
  },
  "57a8b590f506f3010": {
    "app_sintetizada": "57A8B590F506F3010",
    "cantidad_archivos": 1,
    "archivos_fuente": [
      "Library/Application Support/Google/Chrome/Default/Service Worker/CacheStorage/d1394a4c842f7861ad7ae5e20da4b484a0c4acad/a5a18824-56f6-4f5f-abb6-64683cbd37bb/57a8b590f506f301_0"
    ],
    "ultima_modificacion": "2025-08-01 01:01:31.893620"
  },
  "bc4646b167ad6b240": {
    "app_sintetizada": "BC4646B167AD6B240",
    "cantidad_archivos": 1,
    "archivos_fuente": [
      "Library/Application Support/Google/Chrome/Default/Service Worker/CacheStorage/d1394a4c842f7861ad7ae5e20da4b484a0c4acad/a5a18824-56f6-4f5f-abb6-64683cbd37bb/bc4646b167ad6b24_0"
    ],
    "ultima_modificacion": "2025-08-01 01:01:31.893901"
  },
  "b0860d6acb46775e0": {
    "app_sintetizada": "B0860D6ACB46775E0",
    "cantidad_archivos": 1,
    "archivos_fuente": [
      "Library/Application Support/Google/Chrome/Default/Service Worker/CacheStorage/d1394a4c842f7861ad7ae5e20da4b484a0c4acad/a5a18824-56f6-4f5f-abb6-64683cbd37bb/b0860d6acb46775e_0"
    ],
    "ultima_modificacion": "2025-08-01 01:01:31.894208"
  },
  "61f4075365a0b1880": {
    "app_sintetizada": "61F4075365A0B1880",
    "cantidad_archivos": 1,
    "archivos_fuente": [
      "Library/Application Support/Google/Chrome/Default/Service Worker/CacheStorage/d1394a4c842f7861ad7ae5e20da4b484a0c4acad/a5a18824-56f6-4f5f-abb6-64683cbd37bb/61f4075365a0b188_0"
    ],
    "ultima_modificacion": "2025-08-01 01:01:31.894511"
  },
  "700e2161cf0fbbb30": {
    "app_sintetizada": "700E2161CF0FBBB30",
    "cantidad_archivos": 1,
    "archivos_fuente": [
      "Library/Application Support/Google/Chrome/Default/Service Worker/CacheStorage/d1394a4c842f7861ad7ae5e20da4b484a0c4acad/a5a18824-56f6-4f5f-abb6-64683cbd37bb/700e2161cf0fbbb3_0"
    ],
    "ultima_modificacion": "2025-08-01 01:01:31.894813"
  },
  "f02425f2879cbddb0": {
    "app_sintetizada": "F02425F2879CBDDB0",
    "cantidad_archivos": 1,
    "archivos_fuente": [
      "Library/Application Support/Google/Chrome/Default/Service Worker/CacheStorage/d1394a4c842f7861ad7ae5e20da4b484a0c4acad/a5a18824-56f6-4f5f-abb6-64683cbd37bb/f02425f2879cbddb_0"
    ],
    "ultima_modificacion": "2025-08-01 01:01:31.895107"
  },
  "5a01630971bc58dd0": {
    "app_sintetizada": "5A01630971BC58DD0",
    "cantidad_archivos": 1,
    "archivos_fuente": [
      "Library/Application Support/Google/Chrome/Default/Service Worker/CacheStorage/d1394a4c842f7861ad7ae5e20da4b484a0c4acad/a5a18824-56f6-4f5f-abb6-64683cbd37bb/5a01630971bc58dd_0"
    ],
    "ultima_modificacion": "2025-08-01 01:01:31.895439"
  },
  "cdf379cf662031310": {
    "app_sintetizada": "CDF379CF662031310",
    "cantidad_archivos": 1,
    "archivos_fuente": [
      "Library/Application Support/Google/Chrome/Default/Service Worker/CacheStorage/d1394a4c842f7861ad7ae5e20da4b484a0c4acad/a5a18824-56f6-4f5f-abb6-64683cbd37bb/cdf379cf66203131_0"
    ],
    "ultima_modificacion": "2025-08-01 01:01:31.895782"
  },
  "9e8986ba550a994e0": {
    "app_sintetizada": "9E8986BA550A994E0",
    "cantidad_archivos": 1,
    "archivos_fuente": [
      "Library/Application Support/Google/Chrome/Default/Service Worker/CacheStorage/d1394a4c842f7861ad7ae5e20da4b484a0c4acad/a5a18824-56f6-4f5f-abb6-64683cbd37bb/9e8986ba550a994e_0"
    ],
    "ultima_modificacion": "2025-08-01 01:01:31.896086"
  },
  "a4046980449e0efb0": {
    "app_sintetizada": "A4046980449E0EFB0",
    "cantidad_archivos": 1,
    "archivos_fuente": [
      "Library/Application Support/Google/Chrome/Default/Service Worker/CacheStorage/d1394a4c842f7861ad7ae5e20da4b484a0c4acad/a5a18824-56f6-4f5f-abb6-64683cbd37bb/a4046980449e0efb_0"
    ],
    "ultima_modificacion": "2025-08-01 01:01:31.896390"
  },
  "30861b6579df9c230": {
    "app_sintetizada": "30861B6579DF9C230",
    "cantidad_archivos": 1,
    "archivos_fuente": [
      "Library/Application Support/Google/Chrome/Default/Service Worker/CacheStorage/d1394a4c842f7861ad7ae5e20da4b484a0c4acad/a5a18824-56f6-4f5f-abb6-64683cbd37bb/30861b6579df9c23_0"
    ],
    "ultima_modificacion": "2025-08-01 01:01:31.896742"
  },
  "4379682f00bcde900": {
    "app_sintetizada": "4379682F00BCDE900",
    "cantidad_archivos": 1,
    "archivos_fuente": [
      "Library/Application Support/Google/Chrome/Default/Service Worker/CacheStorage/d1394a4c842f7861ad7ae5e20da4b484a0c4acad/a5a18824-56f6-4f5f-abb6-64683cbd37bb/4379682f00bcde90_0"
    ],
    "ultima_modificacion": "2025-08-01 01:01:31.897044"
  },
  "80d755fb56ce9ed80": {
    "app_sintetizada": "80D755FB56CE9ED80",
    "cantidad_archivos": 1,
    "archivos_fuente": [
      "Library/Application Support/Google/Chrome/Default/Service Worker/CacheStorage/d1394a4c842f7861ad7ae5e20da4b484a0c4acad/a5a18824-56f6-4f5f-abb6-64683cbd37bb/80d755fb56ce9ed8_0"
    ],
    "ultima_modificacion": "2025-08-01 01:01:31.897334"
  },
  "c5659252dc6d9e910": {
    "app_sintetizada": "C5659252DC6D9E910",
    "cantidad_archivos": 1,
    "archivos_fuente": [
      "Library/Application Support/Google/Chrome/Default/Service Worker/CacheStorage/d1394a4c842f7861ad7ae5e20da4b484a0c4acad/a5a18824-56f6-4f5f-abb6-64683cbd37bb/c5659252dc6d9e91_0"
    ],
    "ultima_modificacion": "2025-08-01 01:01:31.897617"
  },
  "232f2e07a3bdd56a0": {
    "app_sintetizada": "232F2E07A3BDD56A0",
    "cantidad_archivos": 1,
    "archivos_fuente": [
      "Library/Application Support/Google/Chrome/Default/Service Worker/CacheStorage/d1394a4c842f7861ad7ae5e20da4b484a0c4acad/a5a18824-56f6-4f5f-abb6-64683cbd37bb/232f2e07a3bdd56a_0"
    ],
    "ultima_modificacion": "2025-08-01 01:01:31.897913"
  },
  "f8e7f0bb45ab15da0": {
    "app_sintetizada": "F8E7F0BB45AB15DA0",
    "cantidad_archivos": 1,
    "archivos_fuente": [
      "Library/Application Support/Google/Chrome/Default/Service Worker/CacheStorage/d1394a4c842f7861ad7ae5e20da4b484a0c4acad/a5a18824-56f6-4f5f-abb6-64683cbd37bb/f8e7f0bb45ab15da_0"
    ],
    "ultima_modificacion": "2025-08-01 01:01:31.898208"
  },
  "47e59b347da580a30": {
    "app_sintetizada": "47E59B347DA580A30",
    "cantidad_archivos": 1,
    "archivos_fuente": [
      "Library/Application Support/Google/Chrome/Default/Service Worker/CacheStorage/d1394a4c842f7861ad7ae5e20da4b484a0c4acad/a5a18824-56f6-4f5f-abb6-64683cbd37bb/47e59b347da580a3_0"
    ],
    "ultima_modificacion": "2025-08-01 01:01:31.898499"
  },
  "04f66b761294a61e0": {
    "app_sintetizada": "04F66B761294A61E0",
    "cantidad_archivos": 1,
    "archivos_fuente": [
      "Library/Application Support/Google/Chrome/Default/Service Worker/CacheStorage/d1394a4c842f7861ad7ae5e20da4b484a0c4acad/a5a18824-56f6-4f5f-abb6-64683cbd37bb/04f66b761294a61e_0"
    ],
    "ultima_modificacion": "2025-08-01 01:01:31.898805"
  },
  "76c03d90f66687f00": {
    "app_sintetizada": "76C03D90F66687F00",
    "cantidad_archivos": 1,
    "archivos_fuente": [
      "Library/Application Support/Google/Chrome/Default/Service Worker/CacheStorage/d1394a4c842f7861ad7ae5e20da4b484a0c4acad/a5a18824-56f6-4f5f-abb6-64683cbd37bb/76c03d90f66687f0_0"
    ],
    "ultima_modificacion": "2025-08-01 01:01:31.899119"
  },
  "27283b5900e84c6e0": {
    "app_sintetizada": "27283B5900E84C6E0",
    "cantidad_archivos": 1,
    "archivos_fuente": [
      "Library/Application Support/Google/Chrome/Default/Service Worker/CacheStorage/d1394a4c842f7861ad7ae5e20da4b484a0c4acad/a5a18824-56f6-4f5f-abb6-64683cbd37bb/27283b5900e84c6e_0"
    ],
    "ultima_modificacion": "2025-08-01 01:01:31.899428"
  },
  "3da2e50635d924740": {
    "app_sintetizada": "3DA2E50635D924740",
    "cantidad_archivos": 1,
    "archivos_fuente": [
      "Library/Application Support/Google/Chrome/Default/Service Worker/CacheStorage/d1394a4c842f7861ad7ae5e20da4b484a0c4acad/a5a18824-56f6-4f5f-abb6-64683cbd37bb/3da2e50635d92474_0"
    ],
    "ultima_modificacion": "2025-08-01 01:01:31.899749"
  },
  "6515a0c6c889b9740": {
    "app_sintetizada": "6515A0C6C889B9740",
    "cantidad_archivos": 1,
    "archivos_fuente": [
      "Library/Application Support/Google/Chrome/Default/Service Worker/CacheStorage/d1394a4c842f7861ad7ae5e20da4b484a0c4acad/a5a18824-56f6-4f5f-abb6-64683cbd37bb/6515a0c6c889b974_0"
    ],
    "ultima_modificacion": "2025-08-01 01:01:31.900055"
  },
  "e276cc159bc127600": {
    "app_sintetizada": "E276CC159BC127600",
    "cantidad_archivos": 1,
    "archivos_fuente": [
      "Library/Application Support/Google/Chrome/Default/Service Worker/CacheStorage/d1394a4c842f7861ad7ae5e20da4b484a0c4acad/a5a18824-56f6-4f5f-abb6-64683cbd37bb/e276cc159bc12760_0"
    ],
    "ultima_modificacion": "2025-08-01 01:01:31.900432"
  },
  "2cf2caabcae39f710": {
    "app_sintetizada": "2CF2CAABCAE39F710",
    "cantidad_archivos": 1,
    "archivos_fuente": [
      "Library/Application Support/Google/Chrome/Default/Service Worker/CacheStorage/d1394a4c842f7861ad7ae5e20da4b484a0c4acad/a5a18824-56f6-4f5f-abb6-64683cbd37bb/2cf2caabcae39f71_0"
    ],
    "ultima_modificacion": "2025-08-01 01:01:31.900754"
  },
  "1a8e81f6911c60d40": {
    "app_sintetizada": "1A8E81F6911C60D40",
    "cantidad_archivos": 1,
    "archivos_fuente": [
      "Library/Application Support/Google/Chrome/Default/Service Worker/CacheStorage/d1394a4c842f7861ad7ae5e20da4b484a0c4acad/a5a18824-56f6-4f5f-abb6-64683cbd37bb/1a8e81f6911c60d4_0"
    ],
    "ultima_modificacion": "2025-08-01 01:01:31.901045"
  },
  "c05fa3361594d0fb0": {
    "app_sintetizada": "C05FA3361594D0FB0",
    "cantidad_archivos": 1,
    "archivos_fuente": [
      "Library/Application Support/Google/Chrome/Default/Service Worker/CacheStorage/d1394a4c842f7861ad7ae5e20da4b484a0c4acad/a5a18824-56f6-4f5f-abb6-64683cbd37bb/c05fa3361594d0fb_0"
    ],
    "ultima_modificacion": "2025-08-01 01:01:31.901357"
  },
  "a90d7679487ab9d40": {
    "app_sintetizada": "A90D7679487AB9D40",
    "cantidad_archivos": 1,
    "archivos_fuente": [
      "Library/Application Support/Google/Chrome/Default/Service Worker/CacheStorage/d1394a4c842f7861ad7ae5e20da4b484a0c4acad/a5a18824-56f6-4f5f-abb6-64683cbd37bb/a90d7679487ab9d4_0"
    ],
    "ultima_modificacion": "2025-08-01 01:01:31.901686"
  },
  "552cb545bd297b2e0": {
    "app_sintetizada": "552CB545BD297B2E0",
    "cantidad_archivos": 1,
    "archivos_fuente": [
      "Library/Application Support/Google/Chrome/Default/Service Worker/CacheStorage/d1394a4c842f7861ad7ae5e20da4b484a0c4acad/a5a18824-56f6-4f5f-abb6-64683cbd37bb/552cb545bd297b2e_0"
    ],
    "ultima_modificacion": "2025-08-01 01:01:31.902005"
  },
  "c993c2ca7e269c270": {
    "app_sintetizada": "C993C2CA7E269C270",
    "cantidad_archivos": 1,
    "archivos_fuente": [
      "Library/Application Support/Google/Chrome/Default/Service Worker/CacheStorage/d1394a4c842f7861ad7ae5e20da4b484a0c4acad/a5a18824-56f6-4f5f-abb6-64683cbd37bb/c993c2ca7e269c27_0"
    ],
    "ultima_modificacion": "2025-08-01 01:01:31.902311"
  },
  "0b9baf368aa74fea0": {
    "app_sintetizada": "0B9BAF368AA74FEA0",
    "cantidad_archivos": 1,
    "archivos_fuente": [
      "Library/Application Support/Google/Chrome/Default/Service Worker/CacheStorage/d1394a4c842f7861ad7ae5e20da4b484a0c4acad/a5a18824-56f6-4f5f-abb6-64683cbd37bb/0b9baf368aa74fea_0"
    ],
    "ultima_modificacion": "2025-08-01 01:01:31.902626"
  },
  "18c7df471d1511a40": {
    "app_sintetizada": "18C7DF471D1511A40",
    "cantidad_archivos": 1,
    "archivos_fuente": [
      "Library/Application Support/Google/Chrome/Default/Service Worker/CacheStorage/d1394a4c842f7861ad7ae5e20da4b484a0c4acad/a5a18824-56f6-4f5f-abb6-64683cbd37bb/18c7df471d1511a4_0"
    ],
    "ultima_modificacion": "2025-08-01 01:01:31.902922"
  },
  "f06ce3c2686eda3a0": {
    "app_sintetizada": "F06CE3C2686EDA3A0",
    "cantidad_archivos": 1,
    "archivos_fuente": [
      "Library/Application Support/Google/Chrome/Default/Service Worker/CacheStorage/d1394a4c842f7861ad7ae5e20da4b484a0c4acad/a5a18824-56f6-4f5f-abb6-64683cbd37bb/f06ce3c2686eda3a_0"
    ],
    "ultima_modificacion": "2025-08-01 01:01:31.903210"
  },
  "f15c1a08d6b662c30": {
    "app_sintetizada": "F15C1A08D6B662C30",
    "cantidad_archivos": 1,
    "archivos_fuente": [
      "Library/Application Support/Google/Chrome/Default/Service Worker/CacheStorage/d1394a4c842f7861ad7ae5e20da4b484a0c4acad/a5a18824-56f6-4f5f-abb6-64683cbd37bb/f15c1a08d6b662c3_0"
    ],
    "ultima_modificacion": "2025-08-01 01:01:31.903495"
  },
  "3b943bfb2ec913610": {
    "app_sintetizada": "3B943BFB2EC913610",
    "cantidad_archivos": 1,
    "archivos_fuente": [
      "Library/Application Support/Google/Chrome/Default/Service Worker/CacheStorage/d1394a4c842f7861ad7ae5e20da4b484a0c4acad/a5a18824-56f6-4f5f-abb6-64683cbd37bb/3b943bfb2ec91361_0"
    ],
    "ultima_modificacion": "2025-08-01 01:01:31.903796"
  },
  "10b4267384d13bb50": {
    "app_sintetizada": "10B4267384D13BB50",
    "cantidad_archivos": 1,
    "archivos_fuente": [
      "Library/Application Support/Google/Chrome/Default/Service Worker/CacheStorage/d1394a4c842f7861ad7ae5e20da4b484a0c4acad/a5a18824-56f6-4f5f-abb6-64683cbd37bb/10b4267384d13bb5_0"
    ],
    "ultima_modificacion": "2025-08-01 01:01:31.904108"
  },
  "68ea535d405100550": {
    "app_sintetizada": "68EA535D405100550",
    "cantidad_archivos": 1,
    "archivos_fuente": [
      "Library/Application Support/Google/Chrome/Default/Service Worker/CacheStorage/d1394a4c842f7861ad7ae5e20da4b484a0c4acad/a5a18824-56f6-4f5f-abb6-64683cbd37bb/68ea535d40510055_0"
    ],
    "ultima_modificacion": "2025-08-01 01:01:31.904427"
  },
  "900953e2f89367020": {
    "app_sintetizada": "900953E2F89367020",
    "cantidad_archivos": 1,
    "archivos_fuente": [
      "Library/Application Support/Google/Chrome/Default/Service Worker/CacheStorage/d1394a4c842f7861ad7ae5e20da4b484a0c4acad/a5a18824-56f6-4f5f-abb6-64683cbd37bb/900953e2f8936702_0"
    ],
    "ultima_modificacion": "2025-08-01 01:01:31.904737"
  },
  "c9f3edc9f33a87810": {
    "app_sintetizada": "C9F3EDC9F33A87810",
    "cantidad_archivos": 1,
    "archivos_fuente": [
      "Library/Application Support/Google/Chrome/Default/Service Worker/CacheStorage/d1394a4c842f7861ad7ae5e20da4b484a0c4acad/a5a18824-56f6-4f5f-abb6-64683cbd37bb/c9f3edc9f33a8781_0"
    ],
    "ultima_modificacion": "2025-08-01 01:01:31.905045"
  },
  "751e33a62af1dd8b0": {
    "app_sintetizada": "751E33A62AF1DD8B0",
    "cantidad_archivos": 1,
    "archivos_fuente": [
      "Library/Application Support/Google/Chrome/Default/Service Worker/CacheStorage/d1394a4c842f7861ad7ae5e20da4b484a0c4acad/a5a18824-56f6-4f5f-abb6-64683cbd37bb/751e33a62af1dd8b_0"
    ],
    "ultima_modificacion": "2025-08-01 01:01:31.905346"
  },
  "9dbf4be57e6506160": {
    "app_sintetizada": "9DBF4BE57E6506160",
    "cantidad_archivos": 1,
    "archivos_fuente": [
      "Library/Application Support/Google/Chrome/Default/Service Worker/CacheStorage/d1394a4c842f7861ad7ae5e20da4b484a0c4acad/a5a18824-56f6-4f5f-abb6-64683cbd37bb/9dbf4be57e650616_0"
    ],
    "ultima_modificacion": "2025-08-01 01:01:31.905693"
  },
  "53b7514e87de25ba0": {
    "app_sintetizada": "53B7514E87DE25BA0",
    "cantidad_archivos": 1,
    "archivos_fuente": [
      "Library/Application Support/Google/Chrome/Default/Service Worker/CacheStorage/d1394a4c842f7861ad7ae5e20da4b484a0c4acad/a5a18824-56f6-4f5f-abb6-64683cbd37bb/53b7514e87de25ba_0"
    ],
    "ultima_modificacion": "2025-08-01 01:01:31.906061"
  },
  "10ec9fa6d884fa290": {
    "app_sintetizada": "10EC9FA6D884FA290",
    "cantidad_archivos": 1,
    "archivos_fuente": [
      "Library/Application Support/Google/Chrome/Default/Service Worker/CacheStorage/d1394a4c842f7861ad7ae5e20da4b484a0c4acad/a5a18824-56f6-4f5f-abb6-64683cbd37bb/10ec9fa6d884fa29_0"
    ],
    "ultima_modificacion": "2025-08-01 01:01:31.906394"
  },
  "7e4bec39f98981ad0": {
    "app_sintetizada": "7E4BEC39F98981AD0",
    "cantidad_archivos": 1,
    "archivos_fuente": [
      "Library/Application Support/Google/Chrome/Default/Service Worker/CacheStorage/d1394a4c842f7861ad7ae5e20da4b484a0c4acad/a5a18824-56f6-4f5f-abb6-64683cbd37bb/7e4bec39f98981ad_0"
    ],
    "ultima_modificacion": "2025-08-01 01:01:31.906761"
  },
  "465eeae8442d72f10": {
    "app_sintetizada": "465EEAE8442D72F10",
    "cantidad_archivos": 1,
    "archivos_fuente": [
      "Library/Application Support/Google/Chrome/Default/Service Worker/CacheStorage/d1394a4c842f7861ad7ae5e20da4b484a0c4acad/a5a18824-56f6-4f5f-abb6-64683cbd37bb/465eeae8442d72f1_0"
    ],
    "ultima_modificacion": "2025-08-01 01:01:31.907131"
  },
  "295d7bdb9be55c4e0": {
    "app_sintetizada": "295D7BDB9BE55C4E0",
    "cantidad_archivos": 1,
    "archivos_fuente": [
      "Library/Application Support/Google/Chrome/Default/Service Worker/CacheStorage/d1394a4c842f7861ad7ae5e20da4b484a0c4acad/a5a18824-56f6-4f5f-abb6-64683cbd37bb/295d7bdb9be55c4e_0"
    ],
    "ultima_modificacion": "2025-08-01 01:01:31.927284"
  },
  "a3d3bbb7a3bf653e0": {
    "app_sintetizada": "A3D3BBB7A3BF653E0",
    "cantidad_archivos": 1,
    "archivos_fuente": [
      "Library/Application Support/Google/Chrome/Default/Service Worker/CacheStorage/d1394a4c842f7861ad7ae5e20da4b484a0c4acad/a5a18824-56f6-4f5f-abb6-64683cbd37bb/a3d3bbb7a3bf653e_0"
    ],
    "ultima_modificacion": "2025-08-01 01:01:31.932843"
  },
  "019f6ad82abc9c8d0": {
    "app_sintetizada": "019F6AD82ABC9C8D0",
    "cantidad_archivos": 1,
    "archivos_fuente": [
      "Library/Application Support/Google/Chrome/Default/Service Worker/CacheStorage/d1394a4c842f7861ad7ae5e20da4b484a0c4acad/a5a18824-56f6-4f5f-abb6-64683cbd37bb/019f6ad82abc9c8d_0"
    ],
    "ultima_modificacion": "2025-08-01 01:01:31.933356"
  },
  "ae33ce44a697d6a80": {
    "app_sintetizada": "AE33CE44A697D6A80",
    "cantidad_archivos": 1,
    "archivos_fuente": [
      "Library/Application Support/Google/Chrome/Default/Service Worker/CacheStorage/d1394a4c842f7861ad7ae5e20da4b484a0c4acad/a5a18824-56f6-4f5f-abb6-64683cbd37bb/ae33ce44a697d6a8_0"
    ],
    "ultima_modificacion": "2025-08-01 01:01:31.933672"
  },
  "f2c79593d271d93d0": {
    "app_sintetizada": "F2C79593D271D93D0",
    "cantidad_archivos": 1,
    "archivos_fuente": [
      "Library/Application Support/Google/Chrome/Default/Service Worker/CacheStorage/d1394a4c842f7861ad7ae5e20da4b484a0c4acad/a5a18824-56f6-4f5f-abb6-64683cbd37bb/f2c79593d271d93d_0"
    ],
    "ultima_modificacion": "2025-08-01 01:01:31.933928"
  },
  "84fcd4e1ee32b01e0": {
    "app_sintetizada": "84FCD4E1EE32B01E0",
    "cantidad_archivos": 1,
    "archivos_fuente": [
      "Library/Application Support/Google/Chrome/Default/Service Worker/CacheStorage/d1394a4c842f7861ad7ae5e20da4b484a0c4acad/a5a18824-56f6-4f5f-abb6-64683cbd37bb/84fcd4e1ee32b01e_0"
    ],
    "ultima_modificacion": "2025-08-01 01:01:31.934145"
  },
  "f3f00b5edf02606d0": {
    "app_sintetizada": "F3F00B5EDF02606D0",
    "cantidad_archivos": 1,
    "archivos_fuente": [
      "Library/Application Support/Google/Chrome/Default/Service Worker/CacheStorage/d1394a4c842f7861ad7ae5e20da4b484a0c4acad/a5a18824-56f6-4f5f-abb6-64683cbd37bb/f3f00b5edf02606d_0"
    ],
    "ultima_modificacion": "2025-08-01 01:01:31.934403"
  },
  "94da5808350b079f0": {
    "app_sintetizada": "94DA5808350B079F0",
    "cantidad_archivos": 1,
    "archivos_fuente": [
      "Library/Application Support/Google/Chrome/Default/Service Worker/CacheStorage/d1394a4c842f7861ad7ae5e20da4b484a0c4acad/a5a18824-56f6-4f5f-abb6-64683cbd37bb/94da5808350b079f_0"
    ],
    "ultima_modificacion": "2025-08-01 01:01:31.934680"
  },
  "a60aa744424f52850": {
    "app_sintetizada": "A60AA744424F52850",
    "cantidad_archivos": 1,
    "archivos_fuente": [
      "Library/Application Support/Google/Chrome/Default/Service Worker/CacheStorage/d1394a4c842f7861ad7ae5e20da4b484a0c4acad/a5a18824-56f6-4f5f-abb6-64683cbd37bb/a60aa744424f5285_0"
    ],
    "ultima_modificacion": "2025-08-01 01:01:31.934969"
  },
  "12bdf31770f969c10": {
    "app_sintetizada": "12BDF31770F969C10",
    "cantidad_archivos": 1,
    "archivos_fuente": [
      "Library/Application Support/Google/Chrome/Default/Service Worker/CacheStorage/d1394a4c842f7861ad7ae5e20da4b484a0c4acad/a5a18824-56f6-4f5f-abb6-64683cbd37bb/12bdf31770f969c1_0"
    ],
    "ultima_modificacion": "2025-08-01 01:01:31.938778"
  },
  "f0f4d64dc4f497520": {
    "app_sintetizada": "F0F4D64DC4F497520",
    "cantidad_archivos": 1,
    "archivos_fuente": [
      "Library/Application Support/Google/Chrome/Default/Service Worker/CacheStorage/d1394a4c842f7861ad7ae5e20da4b484a0c4acad/a5a18824-56f6-4f5f-abb6-64683cbd37bb/f0f4d64dc4f49752_0"
    ],
    "ultima_modificacion": "2025-08-01 01:01:31.940182"
  },
  "d11b02a109a9e0bc0": {
    "app_sintetizada": "D11B02A109A9E0BC0",
    "cantidad_archivos": 1,
    "archivos_fuente": [
      "Library/Application Support/Google/Chrome/Default/Service Worker/CacheStorage/d1394a4c842f7861ad7ae5e20da4b484a0c4acad/a5a18824-56f6-4f5f-abb6-64683cbd37bb/d11b02a109a9e0bc_0"
    ],
    "ultima_modificacion": "2025-08-01 01:01:31.940604"
  },
  "712056342120638b0": {
    "app_sintetizada": "712056342120638B0",
    "cantidad_archivos": 1,
    "archivos_fuente": [
      "Library/Application Support/Google/Chrome/Default/Service Worker/CacheStorage/d1394a4c842f7861ad7ae5e20da4b484a0c4acad/a5a18824-56f6-4f5f-abb6-64683cbd37bb/712056342120638b_0"
    ],
    "ultima_modificacion": "2025-08-01 01:01:31.940955"
  },
  "7a6cb9f7ca23e95a0": {
    "app_sintetizada": "7A6CB9F7CA23E95A0",
    "cantidad_archivos": 1,
    "archivos_fuente": [
      "Library/Application Support/Google/Chrome/Default/Service Worker/CacheStorage/d1394a4c842f7861ad7ae5e20da4b484a0c4acad/a5a18824-56f6-4f5f-abb6-64683cbd37bb/7a6cb9f7ca23e95a_0"
    ],
    "ultima_modificacion": "2025-08-01 01:01:31.941521"
  },
  "05b5766e568018fa0": {
    "app_sintetizada": "05B5766E568018FA0",
    "cantidad_archivos": 1,
    "archivos_fuente": [
      "Library/Application Support/Google/Chrome/Default/Service Worker/CacheStorage/d1394a4c842f7861ad7ae5e20da4b484a0c4acad/a5a18824-56f6-4f5f-abb6-64683cbd37bb/05b5766e568018fa_0"
    ],
    "ultima_modificacion": "2025-08-01 01:01:31.941919"
  },
  "747aaa9dbdc2a4e70": {
    "app_sintetizada": "747AAA9DBDC2A4E70",
    "cantidad_archivos": 1,
    "archivos_fuente": [
      "Library/Application Support/Google/Chrome/Default/Service Worker/CacheStorage/d1394a4c842f7861ad7ae5e20da4b484a0c4acad/a5a18824-56f6-4f5f-abb6-64683cbd37bb/747aaa9dbdc2a4e7_0"
    ],
    "ultima_modificacion": "2025-08-01 01:01:31.942293"
  },
  "a6bd4c48f784bc480": {
    "app_sintetizada": "A6BD4C48F784BC480",
    "cantidad_archivos": 1,
    "archivos_fuente": [
      "Library/Application Support/Google/Chrome/Default/Service Worker/CacheStorage/d1394a4c842f7861ad7ae5e20da4b484a0c4acad/a5a18824-56f6-4f5f-abb6-64683cbd37bb/a6bd4c48f784bc48_0"
    ],
    "ultima_modificacion": "2025-08-01 01:01:31.942620"
  },
  "9c3c183aed14fe5e0": {
    "app_sintetizada": "9C3C183AED14FE5E0",
    "cantidad_archivos": 1,
    "archivos_fuente": [
      "Library/Application Support/Google/Chrome/Default/Service Worker/CacheStorage/d1394a4c842f7861ad7ae5e20da4b484a0c4acad/a5a18824-56f6-4f5f-abb6-64683cbd37bb/9c3c183aed14fe5e_0"
    ],
    "ultima_modificacion": "2025-08-01 01:01:31.942962"
  },
  "6aeca990330a25560": {
    "app_sintetizada": "6AECA990330A25560",
    "cantidad_archivos": 1,
    "archivos_fuente": [
      "Library/Application Support/Google/Chrome/Default/Service Worker/CacheStorage/d1394a4c842f7861ad7ae5e20da4b484a0c4acad/a5a18824-56f6-4f5f-abb6-64683cbd37bb/6aeca990330a2556_0"
    ],
    "ultima_modificacion": "2025-08-01 01:01:31.943285"
  },
  "55d19548847d3fcc0": {
    "app_sintetizada": "55D19548847D3FCC0",
    "cantidad_archivos": 1,
    "archivos_fuente": [
      "Library/Application Support/Google/Chrome/Default/Service Worker/CacheStorage/d1394a4c842f7861ad7ae5e20da4b484a0c4acad/a5a18824-56f6-4f5f-abb6-64683cbd37bb/55d19548847d3fcc_0"
    ],
    "ultima_modificacion": "2025-08-01 01:01:31.943634"
  }
}