{
  "b4071c36cf3e41c9896359735d43ee491105c.jpeg": {
    "app_sintetizada": "B4071C36CF3E41C9896359735D43EE491105C.JPEG",
    "cantidad_archivos": 1,
    "archivos_fuente": [
      "Pictures/Fototeca de Fotos.photoslibrary/resources/derivatives/B/B4071C36-CF3E-41C9-8963-59735D43EE49_1_105_c.jpeg"
    ],
    "ultima_modificacion": "2025-08-01 01:01:26.535477"
  },
  "bde0c1c327a2478fa40b539a2a0cbdfc1105c.jpeg": {
    "app_sintetizada": "BDE0C1C327A2478FA40B539A2A0CBDFC1105C.JPEG",
    "cantidad_archivos": 1,
    "archivos_fuente": [
      "Pictures/Fototeca de Fotos.photoslibrary/resources/derivatives/B/BDE0C1C3-27A2-478F-A40B-539A2A0CBDFC_1_105_c.jpeg"
    ],
    "ultima_modificacion": "2025-08-01 01:01:26.535833"
  },
  "b6efa800ad1e4bc7b6579c4a968a6e6d1105c.jpeg": {
    "app_sintetizada": "B6EFA800AD1E4BC7B6579C4A968A6E6D1105C.JPEG",
    "cantidad_archivos": 1,
    "archivos_fuente": [
      "Pictures/Fototeca de Fotos.photoslibrary/resources/derivatives/B/B6EFA800-AD1E-4BC7-B657-9C4A968A6E6D_1_105_c.jpeg"
    ],
    "ultima_modificacion": "2025-08-01 01:01:26.536156"
  },
  "bc973d794e2944d6b19b62e9e0bcba65.thm": {
    "app_sintetizada": "BC973D794E2944D6B19B62E9E0BCBA65.THM",
    "cantidad_archivos": 1,
    "archivos_fuente": [
      "Pictures/Fototeca de Fotos.photoslibrary/resources/derivatives/B/BC973D79-4E29-44D6-B19B-62E9E0BCBA65.THM"
    ],
    "ultima_modificacion": "2025-08-01 01:01:26.537231"
  },
  "bd411d1d7a144eb4abdcf2b4cb5894401105c.jpeg": {
    "app_sintetizada": "BD411D1D7A144EB4ABDCF2B4CB5894401105C.JPEG",
    "cantidad_archivos": 1,
    "archivos_fuente": [
      "Pictures/Fototeca de Fotos.photoslibrary/resources/derivatives/B/BD411D1D-7A14-4EB4-ABDC-F2B4CB589440_1_105_c.jpeg"
    ],
    "ultima_modificacion": "2025-08-01 01:01:26.537968"
  },
  "b19c2b5d402647df8b39f452f48218c61105c.jpeg": {
    "app_sintetizada": "B19C2B5D402647DF8B39F452F48218C61105C.JPEG",
    "cantidad_archivos": 1,
    "archivos_fuente": [
      "Pictures/Fototeca de Fotos.photoslibrary/resources/derivatives/B/B19C2B5D-4026-47DF-8B39-F452F48218C6_1_105_c.jpeg"
    ],
    "ultima_modificacion": "2025-08-01 01:01:26.538949"
  },
  "be1dfa040fc641eb88f886a0d7cb802e1105c.jpeg": {
    "app_sintetizada": "BE1DFA040FC641EB88F886A0D7CB802E1105C.JPEG",
    "cantidad_archivos": 1,
    "archivos_fuente": [
      "Pictures/Fototeca de Fotos.photoslibrary/resources/derivatives/B/BE1DFA04-0FC6-41EB-88F8-86A0D7CB802E_1_105_c.jpeg"
    ],
    "ultima_modificacion": "2025-08-01 01:01:26.539378"
  },
  "b40dbae8900f4c0d8c5a06a881874f5c1105c.jpeg": {
    "app_sintetizada": "B40DBAE8900F4C0D8C5A06A881874F5C1105C.JPEG",
    "cantidad_archivos": 1,
    "archivos_fuente": [
      "Pictures/Fototeca de Fotos.photoslibrary/resources/derivatives/B/B40DBAE8-900F-4C0D-8C5A-06A881874F5C_1_105_c.jpeg"
    ],
    "ultima_modificacion": "2025-08-01 01:01:26.539713"
  },
  "bc973d794e2944d6b19b62e9e0bcba651105c.jpeg": {
    "app_sintetizada": "BC973D794E2944D6B19B62E9E0BCBA651105C.JPEG",
    "cantidad_archivos": 1,
    "archivos_fuente": [
      "Pictures/Fototeca de Fotos.photoslibrary/resources/derivatives/B/BC973D79-4E29-44D6-B19B-62E9E0BCBA65_1_105_c.jpeg"
    ],
    "ultima_modificacion": "2025-08-01 01:01:26.540149"
  },
  "b8d2704f452643d286eb99a0cf0855001105c.jpeg": {
    "app_sintetizada": "B8D2704F452643D286EB99A0CF0855001105C.JPEG",
    "cantidad_archivos": 1,
    "archivos_fuente": [
      "Pictures/Fototeca de Fotos.photoslibrary/resources/derivatives/B/B8D2704F-4526-43D2-86EB-99A0CF085500_1_105_c.jpeg"
    ],
    "ultima_modificacion": "2025-08-01 01:01:26.540489"
  },
  "bca26a4b304948559988ab0b272db8b11105c.jpeg": {
    "app_sintetizada": "BCA26A4B304948559988AB0B272DB8B11105C.JPEG",
    "cantidad_archivos": 1,
    "archivos_fuente": [
      "Pictures/Fototeca de Fotos.photoslibrary/resources/derivatives/B/BCA26A4B-3049-4855-9988-AB0B272DB8B1_1_105_c.jpeg"
    ],
    "ultima_modificacion": "2025-08-01 01:01:26.540897"
  },
  "bef5b5699dfc4232b4a0319d0d625ddb1105c.jpeg": {
    "app_sintetizada": "BEF5B5699DFC4232B4A0319D0D625DDB1105C.JPEG",
    "cantidad_archivos": 1,
    "archivos_fuente": [
      "Pictures/Fototeca de Fotos.photoslibrary/resources/derivatives/B/BEF5B569-9DFC-4232-B4A0-319D0D625DDB_1_105_c.jpeg"
    ],
    "ultima_modificacion": "2025-08-01 01:01:26.541219"
  },
  "be9c728ca8be49c598ce150f5a7f02381105c.jpeg": {
    "app_sintetizada": "BE9C728CA8BE49C598CE150F5A7F02381105C.JPEG",
    "cantidad_archivos": 1,
    "archivos_fuente": [
      "Pictures/Fototeca de Fotos.photoslibrary/resources/derivatives/B/BE9C728C-A8BE-49C5-98CE-150F5A7F0238_1_105_c.jpeg"
    ],
    "ultima_modificacion": "2025-08-01 01:01:26.541573"
  },
  "b9650ee231b1422e9664e8806719052d1105c.jpeg": {
    "app_sintetizada": "B9650EE231B1422E9664E8806719052D1105C.JPEG",
    "cantidad_archivos": 1,
    "archivos_fuente": [
      "Pictures/Fototeca de Fotos.photoslibrary/resources/derivatives/B/B9650EE2-31B1-422E-9664-E8806719052D_1_105_c.jpeg"
    ],
    "ultima_modificacion": "2025-08-01 01:01:26.541936"
  },
  "bfabaa0f615245858760a9009e5601ed1105c.jpeg": {
    "app_sintetizada": "BFABAA0F615245858760A9009E5601ED1105C.JPEG",
    "cantidad_archivos": 1,
    "archivos_fuente": [
      "Pictures/Fototeca de Fotos.photoslibrary/resources/derivatives/B/BFABAA0F-6152-4585-8760-A9009E5601ED_1_105_c.jpeg"
    ],
    "ultima_modificacion": "2025-08-01 01:01:26.542840"
  },
  "b8ec7b9826954638b078e5da297ab0301100o.jpeg": {
    "app_sintetizada": "B8EC7B9826954638B078E5DA297AB0301100O.JPEG",
    "cantidad_archivos": 1,
    "archivos_fuente": [
      "Pictures/Fototeca de Fotos.photoslibrary/resources/derivatives/B/B8EC7B98-2695-4638-B078-E5DA297AB030_1_100_o.jpeg"
    ],
    "ultima_modificacion": "2025-08-01 01:01:26.543142"
  },
  "b0d5a212b0694b51b6d69dc9b1802b6d1105c.jpeg": {
    "app_sintetizada": "B0D5A212B0694B51B6D69DC9B1802B6D1105C.JPEG",
    "cantidad_archivos": 1,
    "archivos_fuente": [
      "Pictures/Fototeca de Fotos.photoslibrary/resources/derivatives/B/B0D5A212-B069-4B51-B6D6-9DC9B1802B6D_1_105_c.jpeg"
    ],
    "ultima_modificacion": "2025-08-01 01:01:26.543472"
  },
  "ba234a32640f4a51a97bf18892a6e06b1105c.jpeg": {
    "app_sintetizada": "BA234A32640F4A51A97BF18892A6E06B1105C.JPEG",
    "cantidad_archivos": 1,
    "archivos_fuente": [
      "Pictures/Fototeca de Fotos.photoslibrary/resources/derivatives/B/BA234A32-640F-4A51-A97B-F18892A6E06B_1_105_c.jpeg"
    ],
    "ultima_modificacion": "2025-08-01 01:01:26.543806"
  },
  "bfed94fcfd474bbd9a8f27f6b0b5ff9f1105c.jpeg": {
    "app_sintetizada": "BFED94FCFD474BBD9A8F27F6B0B5FF9F1105C.JPEG",
    "cantidad_archivos": 1,
    "archivos_fuente": [
      "Pictures/Fototeca de Fotos.photoslibrary/resources/derivatives/B/BFED94FC-FD47-4BBD-9A8F-27F6B0B5FF9F_1_105_c.jpeg"
    ],
    "ultima_modificacion": "2025-08-01 01:01:26.544155"
  },
  "bdceee6cc05c4383940a306fa6f9d3e21105c.jpeg": {
    "app_sintetizada": "BDCEEE6CC05C4383940A306FA6F9D3E21105C.JPEG",
    "cantidad_archivos": 1,
    "archivos_fuente": [
      "Pictures/Fototeca de Fotos.photoslibrary/resources/derivatives/B/BDCEEE6C-C05C-4383-940A-306FA6F9D3E2_1_105_c.jpeg"
    ],
    "ultima_modificacion": "2025-08-01 01:01:26.544590"
  },
  "bbe00235f3744ef7ab3abb587dec368f1100o.jpeg": {
    "app_sintetizada": "BBE00235F3744EF7AB3ABB587DEC368F1100O.JPEG",
    "cantidad_archivos": 1,
    "archivos_fuente": [
      "Pictures/Fototeca de Fotos.photoslibrary/resources/derivatives/B/BBE00235-F374-4EF7-AB3A-BB587DEC368F_1_100_o.jpeg"
    ],
    "ultima_modificacion": "2025-08-01 01:01:26.545616"
  },
  "b5dcb066afdd4430a91a6442f106d90b1105c.jpeg": {
    "app_sintetizada": "B5DCB066AFDD4430A91A6442F106D90B1105C.JPEG",
    "cantidad_archivos": 1,
    "archivos_fuente": [
      "Pictures/Fototeca de Fotos.photoslibrary/resources/derivatives/B/B5DCB066-AFDD-4430-A91A-6442F106D90B_1_105_c.jpeg"
    ],
    "ultima_modificacion": "2025-08-01 01:01:26.545976"
  },
  "b8d25a2b3d99483cbccd15ea0c87e2821105c.jpeg": {
    "app_sintetizada": "B8D25A2B3D99483CBCCD15EA0C87E2821105C.JPEG",
    "cantidad_archivos": 1,
    "archivos_fuente": [
      "Pictures/Fototeca de Fotos.photoslibrary/resources/derivatives/B/B8D25A2B-3D99-483C-BCCD-15EA0C87E282_1_105_c.jpeg"
    ],
    "ultima_modificacion": "2025-08-01 01:01:26.546443"
  },
  "bce018ce734a4ad4a2c85934075dff241105c.jpeg": {
    "app_sintetizada": "BCE018CE734A4AD4A2C85934075DFF241105C.JPEG",
    "cantidad_archivos": 1,
    "archivos_fuente": [
      "Pictures/Fototeca de Fotos.photoslibrary/resources/derivatives/B/BCE018CE-734A-4AD4-A2C8-5934075DFF24_1_105_c.jpeg"
    ],
    "ultima_modificacion": "2025-08-01 01:01:26.546788"
  },
  "bcd2faaab2044a91ac3245f771af458b1105c.jpeg": {
    "app_sintetizada": "BCD2FAAAB2044A91AC3245F771AF458B1105C.JPEG",
    "cantidad_archivos": 1,
    "archivos_fuente": [
      "Pictures/Fototeca de Fotos.photoslibrary/resources/derivatives/B/BCD2FAAA-B204-4A91-AC32-45F771AF458B_1_105_c.jpeg"
    ],
    "ultima_modificacion": "2025-08-01 01:01:26.547131"
  },
  "bb326f0ec4d84c2fb9e758ea8f95a3c51105c.jpeg": {
    "app_sintetizada": "BB326F0EC4D84C2FB9E758EA8F95A3C51105C.JPEG",
    "cantidad_archivos": 1,
    "archivos_fuente": [
      "Pictures/Fototeca de Fotos.photoslibrary/resources/derivatives/B/BB326F0E-C4D8-4C2F-B9E7-58EA8F95A3C5_1_105_c.jpeg"
    ],
    "ultima_modificacion": "2025-08-01 01:01:26.547469"
  },
  "bd1290782a7646e787234f3d83d0e5c71105c.jpeg": {
    "app_sintetizada": "BD1290782A7646E787234F3D83D0E5C71105C.JPEG",
    "cantidad_archivos": 1,
    "archivos_fuente": [
      "Pictures/Fototeca de Fotos.photoslibrary/resources/derivatives/B/BD129078-2A76-46E7-8723-4F3D83D0E5C7_1_105_c.jpeg"
    ],
    "ultima_modificacion": "2025-08-01 01:01:26.547826"
  },
  "b7029310a8d3482d9e3dafbc152043081105c.jpeg": {
    "app_sintetizada": "B7029310A8D3482D9E3DAFBC152043081105C.JPEG",
    "cantidad_archivos": 1,
    "archivos_fuente": [
      "Pictures/Fototeca de Fotos.photoslibrary/resources/derivatives/B/B7029310-A8D3-482D-9E3D-AFBC15204308_1_105_c.jpeg"
    ],
    "ultima_modificacion": "2025-08-01 01:01:26.548183"
  },
  "bdeb8649aa5548c1a8f5c70918b7e2ca1105c.jpeg": {
    "app_sintetizada": "BDEB8649AA5548C1A8F5C70918B7E2CA1105C.JPEG",
    "cantidad_archivos": 1,
    "archivos_fuente": [
      "Pictures/Fototeca de Fotos.photoslibrary/resources/derivatives/B/BDEB8649-AA55-48C1-A8F5-C70918B7E2CA_1_105_c.jpeg"
    ],
    "ultima_modificacion": "2025-08-01 01:01:26.548505"
  },
  "b615b1c745ca4ad5ae3b95317eb4f6b31105c.jpeg": {
    "app_sintetizada": "B615B1C745CA4AD5AE3B95317EB4F6B31105C.JPEG",
    "cantidad_archivos": 1,
    "archivos_fuente": [
      "Pictures/Fototeca de Fotos.photoslibrary/resources/derivatives/B/B615B1C7-45CA-4AD5-AE3B-95317EB4F6B3_1_105_c.jpeg"
    ],
    "ultima_modificacion": "2025-08-01 01:01:26.548880"
  },
  "b8c0d02f13e24a07ae3f14b069164ba81105c.jpeg": {
    "app_sintetizada": "B8C0D02F13E24A07AE3F14B069164BA81105C.JPEG",
    "cantidad_archivos": 1,
    "archivos_fuente": [
      "Pictures/Fototeca de Fotos.photoslibrary/resources/derivatives/B/B8C0D02F-13E2-4A07-AE3F-14B069164BA8_1_105_c.jpeg"
    ],
    "ultima_modificacion": "2025-08-01 01:01:26.549241"
  },
  "bf8326e2547b4052b03b5586062f1ba11105c.jpeg": {
    "app_sintetizada": "BF8326E2547B4052B03B5586062F1BA11105C.JPEG",
    "cantidad_archivos": 1,
    "archivos_fuente": [
      "Pictures/Fototeca de Fotos.photoslibrary/resources/derivatives/B/BF8326E2-547B-4052-B03B-5586062F1BA1_1_105_c.jpeg"
    ],
    "ultima_modificacion": "2025-08-01 01:01:26.549579"
  },
  "bd81ca2db1474c1da41f6528d06f185e1105c.jpeg": {
    "app_sintetizada": "BD81CA2DB1474C1DA41F6528D06F185E1105C.JPEG",
    "cantidad_archivos": 1,
    "archivos_fuente": [
      "Pictures/Fototeca de Fotos.photoslibrary/resources/derivatives/B/BD81CA2D-B147-4C1D-A41F-6528D06F185E_1_105_c.jpeg"
    ],
    "ultima_modificacion": "2025-08-01 01:01:26.549875"
  },
  "b3bfd7a733cd4ef0b0f7c62cd58de4c71105c.jpeg": {
    "app_sintetizada": "B3BFD7A733CD4EF0B0F7C62CD58DE4C71105C.JPEG",
    "cantidad_archivos": 1,
    "archivos_fuente": [
      "Pictures/Fototeca de Fotos.photoslibrary/resources/derivatives/B/B3BFD7A7-33CD-4EF0-B0F7-C62CD58DE4C7_1_105_c.jpeg"
    ],
    "ultima_modificacion": "2025-08-01 01:01:26.550206"
  },
  "b78941d050974343bec8b51d0243fbd41105c.jpeg": {
    "app_sintetizada": "B78941D050974343BEC8B51D0243FBD41105C.JPEG",
    "cantidad_archivos": 1,
    "archivos_fuente": [
      "Pictures/Fototeca de Fotos.photoslibrary/resources/derivatives/B/B78941D0-5097-4343-BEC8-B51D0243FBD4_1_105_c.jpeg"
    ],
    "ultima_modificacion": "2025-08-01 01:01:26.550699"
  },
  "bea07bfb882b4388b1e920bd10eefd1c1105c.jpeg": {
    "app_sintetizada": "BEA07BFB882B4388B1E920BD10EEFD1C1105C.JPEG",
    "cantidad_archivos": 1,
    "archivos_fuente": [
      "Pictures/Fototeca de Fotos.photoslibrary/resources/derivatives/B/BEA07BFB-882B-4388-B1E9-20BD10EEFD1C_1_105_c.jpeg"
    ],
    "ultima_modificacion": "2025-08-01 01:01:26.551037"
  },
  "b74055fc69e94a58be5f86ba3a1242d41105c.jpeg": {
    "app_sintetizada": "B74055FC69E94A58BE5F86BA3A1242D41105C.JPEG",
    "cantidad_archivos": 1,
    "archivos_fuente": [
      "Pictures/Fototeca de Fotos.photoslibrary/resources/derivatives/B/B74055FC-69E9-4A58-BE5F-86BA3A1242D4_1_105_c.jpeg"
    ],
    "ultima_modificacion": "2025-08-01 01:01:26.551372"
  },
  "bf4979357bcf47418fe2deec8e6d6100.thm": {
    "app_sintetizada": "BF4979357BCF47418FE2DEEC8E6D6100.THM",
    "cantidad_archivos": 1,
    "archivos_fuente": [
      "Pictures/Fototeca de Fotos.photoslibrary/resources/derivatives/B/BF497935-7BCF-4741-8FE2-DEEC8E6D6100.THM"
    ],
    "ultima_modificacion": "2025-08-01 01:01:26.551733"
  },
  "b2e54d55b23f4d19b41416861e04e3281105c.jpeg": {
    "app_sintetizada": "B2E54D55B23F4D19B41416861E04E3281105C.JPEG",
    "cantidad_archivos": 1,
    "archivos_fuente": [
      "Pictures/Fototeca de Fotos.photoslibrary/resources/derivatives/B/B2E54D55-B23F-4D19-B414-16861E04E328_1_105_c.jpeg"
    ],
    "ultima_modificacion": "2025-08-01 01:01:26.552877"
  },
  "b02490467e364eeab2a83d0c881b5bf61105c.jpeg": {
    "app_sintetizada": "B02490467E364EEAB2A83D0C881B5BF61105C.JPEG",
    "cantidad_archivos": 1,
    "archivos_fuente": [
      "Pictures/Fototeca de Fotos.photoslibrary/resources/derivatives/B/B0249046-7E36-4EEA-B2A8-3D0C881B5BF6_1_105_c.jpeg"
    ],
    "ultima_modificacion": "2025-08-01 01:01:26.553396"
  },
  "b2232a916db44351a6c5f941d7cb35ef1105c.jpeg": {
    "app_sintetizada": "B2232A916DB44351A6C5F941D7CB35EF1105C.JPEG",
    "cantidad_archivos": 1,
    "archivos_fuente": [
      "Pictures/Fototeca de Fotos.photoslibrary/resources/derivatives/B/B2232A91-6DB4-4351-A6C5-F941D7CB35EF_1_105_c.jpeg"
    ],
    "ultima_modificacion": "2025-08-01 01:01:26.554314"
  },
  "bc7f3d0e374a4203aa24d7f2b7e9ccc81105c.jpeg": {
    "app_sintetizada": "BC7F3D0E374A4203AA24D7F2B7E9CCC81105C.JPEG",
    "cantidad_archivos": 1,
    "archivos_fuente": [
      "Pictures/Fototeca de Fotos.photoslibrary/resources/derivatives/B/BC7F3D0E-374A-4203-AA24-D7F2B7E9CCC8_1_105_c.jpeg"
    ],
    "ultima_modificacion": "2025-08-01 01:01:26.555630"
  },
  "b2132013c46540c8a052b0f0c23062fd1105c.jpeg": {
    "app_sintetizada": "B2132013C46540C8A052B0F0C23062FD1105C.JPEG",
    "cantidad_archivos": 1,
    "archivos_fuente": [
      "Pictures/Fototeca de Fotos.photoslibrary/resources/derivatives/B/B2132013-C465-40C8-A052-B0F0C23062FD_1_105_c.jpeg"
    ],
    "ultima_modificacion": "2025-08-01 01:01:26.556146"
  },
  "bddc178615bd4fecae1887171c36c9cf1105c.jpeg": {
    "app_sintetizada": "BDDC178615BD4FECAE1887171C36C9CF1105C.JPEG",
    "cantidad_archivos": 1,
    "archivos_fuente": [
      "Pictures/Fototeca de Fotos.photoslibrary/resources/derivatives/B/BDDC1786-15BD-4FEC-AE18-87171C36C9CF_1_105_c.jpeg"
    ],
    "ultima_modificacion": "2025-08-01 01:01:26.556610"
  },
  "b01897e3623d4d4a8295f277a941a1041105c.jpeg": {
    "app_sintetizada": "B01897E3623D4D4A8295F277A941A1041105C.JPEG",
    "cantidad_archivos": 1,
    "archivos_fuente": [
      "Pictures/Fototeca de Fotos.photoslibrary/resources/derivatives/B/B01897E3-623D-4D4A-8295-F277A941A104_1_105_c.jpeg"
    ],
    "ultima_modificacion": "2025-08-01 01:01:26.556981"
  },
  "b4fb783615e94ac3b7498ffbef7c85f61105c.jpeg": {
    "app_sintetizada": "B4FB783615E94AC3B7498FFBEF7C85F61105C.JPEG",
    "cantidad_archivos": 1,
    "archivos_fuente": [
      "Pictures/Fototeca de Fotos.photoslibrary/resources/derivatives/B/B4FB7836-15E9-4AC3-B749-8FFBEF7C85F6_1_105_c.jpeg"
    ],
    "ultima_modificacion": "2025-08-01 01:01:26.557354"
  },
  "be63f50a2a644330b232329efd0849cc1105c.jpeg": {
    "app_sintetizada": "BE63F50A2A644330B232329EFD0849CC1105C.JPEG",
    "cantidad_archivos": 1,
    "archivos_fuente": [
      "Pictures/Fototeca de Fotos.photoslibrary/resources/derivatives/B/BE63F50A-2A64-4330-B232-329EFD0849CC_1_105_c.jpeg"
    ],
    "ultima_modificacion": "2025-08-01 01:01:26.557721"
  },
  "bfc0a9f857e141639511926a269d89aa1105c.jpeg": {
    "app_sintetizada": "BFC0A9F857E141639511926A269D89AA1105C.JPEG",
    "cantidad_archivos": 1,
    "archivos_fuente": [
      "Pictures/Fototeca de Fotos.photoslibrary/resources/derivatives/B/BFC0A9F8-57E1-4163-9511-926A269D89AA_1_105_c.jpeg"
    ],
    "ultima_modificacion": "2025-08-01 01:01:26.558088"
  },
  "ba27bbde547e4b55931474bb95fba5f01105c.jpeg": {
    "app_sintetizada": "BA27BBDE547E4B55931474BB95FBA5F01105C.JPEG",
    "cantidad_archivos": 1,
    "archivos_fuente": [
      "Pictures/Fototeca de Fotos.photoslibrary/resources/derivatives/B/BA27BBDE-547E-4B55-9314-74BB95FBA5F0_1_105_c.jpeg"
    ],
    "ultima_modificacion": "2025-08-01 01:01:26.558457"
  },
  "b72ae7c510704aba9a27addc1d139b751105c.jpeg": {
    "app_sintetizada": "B72AE7C510704ABA9A27ADDC1D139B751105C.JPEG",
    "cantidad_archivos": 1,
    "archivos_fuente": [
      "Pictures/Fototeca de Fotos.photoslibrary/resources/derivatives/B/B72AE7C5-1070-4ABA-9A27-ADDC1D139B75_1_105_c.jpeg"
    ],
    "ultima_modificacion": "2025-08-01 01:01:26.558792"
  },
  "b5b628f792084a58a1309801543a8deb1105c.jpeg": {
    "app_sintetizada": "B5B628F792084A58A1309801543A8DEB1105C.JPEG",
    "cantidad_archivos": 1,
    "archivos_fuente": [
      "Pictures/Fototeca de Fotos.photoslibrary/resources/derivatives/B/B5B628F7-9208-4A58-A130-9801543A8DEB_1_105_c.jpeg"
    ],
    "ultima_modificacion": "2025-08-01 01:01:26.559130"
  },
  "b54bd1165e464756942cad23e3270d271105c.jpeg": {
    "app_sintetizada": "B54BD1165E464756942CAD23E3270D271105C.JPEG",
    "cantidad_archivos": 1,
    "archivos_fuente": [
      "Pictures/Fototeca de Fotos.photoslibrary/resources/derivatives/B/B54BD116-5E46-4756-942C-AD23E3270D27_1_105_c.jpeg"
    ],
    "ultima_modificacion": "2025-08-01 01:01:26.559462"
  },
  "b28ed2471b484fd497852f265d5743761105c.jpeg": {
    "app_sintetizada": "B28ED2471B484FD497852F265D5743761105C.JPEG",
    "cantidad_archivos": 1,
    "archivos_fuente": [
      "Pictures/Fototeca de Fotos.photoslibrary/resources/derivatives/B/B28ED247-1B48-4FD4-9785-2F265D574376_1_105_c.jpeg"
    ],
    "ultima_modificacion": "2025-08-01 01:01:26.559787"
  },
  "b99daf4405c044a8a0d716a651db0d241105c.jpeg": {
    "app_sintetizada": "B99DAF4405C044A8A0D716A651DB0D241105C.JPEG",
    "cantidad_archivos": 1,
    "archivos_fuente": [
      "Pictures/Fototeca de Fotos.photoslibrary/resources/derivatives/B/B99DAF44-05C0-44A8-A0D7-16A651DB0D24_1_105_c.jpeg"
    ],
    "ultima_modificacion": "2025-08-01 01:01:26.560112"
  },
  "b84a517c218140f5a9d119379aa2f1ef1100o.jpeg": {
    "app_sintetizada": "B84A517C218140F5A9D119379AA2F1EF1100O.JPEG",
    "cantidad_archivos": 1,
    "archivos_fuente": [
      "Pictures/Fototeca de Fotos.photoslibrary/resources/derivatives/B/B84A517C-2181-40F5-A9D1-19379AA2F1EF_1_100_o.jpeg"
    ],
    "ultima_modificacion": "2025-08-01 01:01:26.560420"
  },
  "b952ee9f37d84eab837407b34accd5ae1105c.jpeg": {
    "app_sintetizada": "B952EE9F37D84EAB837407B34ACCD5AE1105C.JPEG",
    "cantidad_archivos": 1,
    "archivos_fuente": [
      "Pictures/Fototeca de Fotos.photoslibrary/resources/derivatives/B/B952EE9F-37D8-4EAB-8374-07B34ACCD5AE_1_105_c.jpeg"
    ],
    "ultima_modificacion": "2025-08-01 01:01:26.560724"
  },
  "bd1912c8c5ba4dd58d4899c30f37715d1105c.jpeg": {
    "app_sintetizada": "BD1912C8C5BA4DD58D4899C30F37715D1105C.JPEG",
    "cantidad_archivos": 1,
    "archivos_fuente": [
      "Pictures/Fototeca de Fotos.photoslibrary/resources/derivatives/B/BD1912C8-C5BA-4DD5-8D48-99C30F37715D_1_105_c.jpeg"
    ],
    "ultima_modificacion": "2025-08-01 01:01:26.561029"
  },
  "be4d06b13b8b48c09df5bff69fd7ff63.thm": {
    "app_sintetizada": "BE4D06B13B8B48C09DF5BFF69FD7FF63.THM",
    "cantidad_archivos": 1,
    "archivos_fuente": [
      "Pictures/Fototeca de Fotos.photoslibrary/resources/derivatives/B/BE4D06B1-3B8B-48C0-9DF5-BFF69FD7FF63.THM"
    ],
    "ultima_modificacion": "2025-08-01 01:01:26.561347"
  },
  "b69df318a5484bbaa8746940de202a321105c.jpeg": {
    "app_sintetizada": "B69DF318A5484BBAA8746940DE202A321105C.JPEG",
    "cantidad_archivos": 1,
    "archivos_fuente": [
      "Pictures/Fototeca de Fotos.photoslibrary/resources/derivatives/B/B69DF318-A548-4BBA-A874-6940DE202A32_1_105_c.jpeg"
    ],
    "ultima_modificacion": "2025-08-01 01:01:26.561677"
  },
  "b75e0399905140fd916ecf089ba2b3321105c.jpeg": {
    "app_sintetizada": "B75E0399905140FD916ECF089BA2B3321105C.JPEG",
    "cantidad_archivos": 1,
    "archivos_fuente": [
      "Pictures/Fototeca de Fotos.photoslibrary/resources/derivatives/B/B75E0399-9051-40FD-916E-CF089BA2B332_1_105_c.jpeg"
    ],
    "ultima_modificacion": "2025-08-01 01:01:26.561984"
  },
  "b0f4d7d916bd4b6eb8dd7838eccf25db1105c.jpeg": {
    "app_sintetizada": "B0F4D7D916BD4B6EB8DD7838ECCF25DB1105C.JPEG",
    "cantidad_archivos": 1,
    "archivos_fuente": [
      "Pictures/Fototeca de Fotos.photoslibrary/resources/derivatives/B/B0F4D7D9-16BD-4B6E-B8DD-7838ECCF25DB_1_105_c.jpeg"
    ],
    "ultima_modificacion": "2025-08-01 01:01:26.562288"
  },
  "b1e5d58f786b44c789ab0168322d0d311102o.jpeg": {
    "app_sintetizada": "B1E5D58F786B44C789AB0168322D0D311102O.JPEG",
    "cantidad_archivos": 1,
    "archivos_fuente": [
      "Pictures/Fototeca de Fotos.photoslibrary/resources/derivatives/B/B1E5D58F-786B-44C7-89AB-0168322D0D31_1_102_o.jpeg"
    ],
    "ultima_modificacion": "2025-08-01 01:01:26.562632"
  },
  "b3e7fdf27c5e4fe48931335961d7a3b41105c.jpeg": {
    "app_sintetizada": "B3E7FDF27C5E4FE48931335961D7A3B41105C.JPEG",
    "cantidad_archivos": 1,
    "archivos_fuente": [
      "Pictures/Fototeca de Fotos.photoslibrary/resources/derivatives/B/B3E7FDF2-7C5E-4FE4-8931-335961D7A3B4_1_105_c.jpeg"
    ],
    "ultima_modificacion": "2025-08-01 01:01:26.562890"
  },
  "bd7211892fb4462bad5c534623a0fcaa1105c.jpeg": {
    "app_sintetizada": "BD7211892FB4462BAD5C534623A0FCAA1105C.JPEG",
    "cantidad_archivos": 1,
    "archivos_fuente": [
      "Pictures/Fototeca de Fotos.photoslibrary/resources/derivatives/B/BD721189-2FB4-462B-AD5C-534623A0FCAA_1_105_c.jpeg"
    ],
    "ultima_modificacion": "2025-08-01 01:01:26.563161"
  },
  "bfe404a7e2504febae212286283df5661105c.jpeg": {
    "app_sintetizada": "BFE404A7E2504FEBAE212286283DF5661105C.JPEG",
    "cantidad_archivos": 1,
    "archivos_fuente": [
      "Pictures/Fototeca de Fotos.photoslibrary/resources/derivatives/B/BFE404A7-E250-4FEB-AE21-2286283DF566_1_105_c.jpeg"
    ],
    "ultima_modificacion": "2025-08-01 01:01:26.563442"
  },
  "b2424c71590c4b57a61bcbeb6bd6fda81105c.jpeg": {
    "app_sintetizada": "B2424C71590C4B57A61BCBEB6BD6FDA81105C.JPEG",
    "cantidad_archivos": 1,
    "archivos_fuente": [
      "Pictures/Fototeca de Fotos.photoslibrary/resources/derivatives/B/B2424C71-590C-4B57-A61B-CBEB6BD6FDA8_1_105_c.jpeg"
    ],
    "ultima_modificacion": "2025-08-01 01:01:26.563811"
  },
  "b46c2faecefc45a6b7b4c9d338c599e01105c.jpeg": {
    "app_sintetizada": "B46C2FAECEFC45A6B7B4C9D338C599E01105C.JPEG",
    "cantidad_archivos": 1,
    "archivos_fuente": [
      "Pictures/Fototeca de Fotos.photoslibrary/resources/derivatives/B/B46C2FAE-CEFC-45A6-B7B4-C9D338C599E0_1_105_c.jpeg"
    ],
    "ultima_modificacion": "2025-08-01 01:01:26.564196"
  },
  "ba848012c5b14e198b80b06c0205f772.thm": {
    "app_sintetizada": "BA848012C5B14E198B80B06C0205F772.THM",
    "cantidad_archivos": 1,
    "archivos_fuente": [
      "Pictures/Fototeca de Fotos.photoslibrary/resources/derivatives/B/BA848012-C5B1-4E19-8B80-B06C0205F772.THM"
    ],
    "ultima_modificacion": "2025-08-01 01:01:26.564547"
  },
  "be9181a83fac4f7fa051de8556d36ec71105c.jpeg": {
    "app_sintetizada": "BE9181A83FAC4F7FA051DE8556D36EC71105C.JPEG",
    "cantidad_archivos": 1,
    "archivos_fuente": [
      "Pictures/Fototeca de Fotos.photoslibrary/resources/derivatives/B/BE9181A8-3FAC-4F7F-A051-DE8556D36EC7_1_105_c.jpeg"
    ],
    "ultima_modificacion": "2025-08-01 01:01:26.564837"
  },
  "bdf36f5c2cb84eea9ad36cce3946939b1105c.jpeg": {
    "app_sintetizada": "BDF36F5C2CB84EEA9AD36CCE3946939B1105C.JPEG",
    "cantidad_archivos": 1,
    "archivos_fuente": [
      "Pictures/Fototeca de Fotos.photoslibrary/resources/derivatives/B/BDF36F5C-2CB8-4EEA-9AD3-6CCE3946939B_1_105_c.jpeg"
    ],
    "ultima_modificacion": "2025-08-01 01:01:26.565160"
  },
  "b8fefe3d8de04eb4bdd00cfbb8f842e71105c.jpeg": {
    "app_sintetizada": "B8FEFE3D8DE04EB4BDD00CFBB8F842E71105C.JPEG",
    "cantidad_archivos": 1,
    "archivos_fuente": [
      "Pictures/Fototeca de Fotos.photoslibrary/resources/derivatives/B/B8FEFE3D-8DE0-4EB4-BDD0-0CFBB8F842E7_1_105_c.jpeg"
    ],
    "ultima_modificacion": "2025-08-01 01:01:26.565498"
  },
  "b96fcd6f484f4f1cbc4766ce6b1365a61105c.jpeg": {
    "app_sintetizada": "B96FCD6F484F4F1CBC4766CE6B1365A61105C.JPEG",
    "cantidad_archivos": 1,
    "archivos_fuente": [
      "Pictures/Fototeca de Fotos.photoslibrary/resources/derivatives/B/B96FCD6F-484F-4F1C-BC47-66CE6B1365A6_1_105_c.jpeg"
    ],
    "ultima_modificacion": "2025-08-01 01:01:26.565863"
  },
  "bedb39b0c6454634a50916c368288a721105c.jpeg": {
    "app_sintetizada": "BEDB39B0C6454634A50916C368288A721105C.JPEG",
    "cantidad_archivos": 1,
    "archivos_fuente": [
      "Pictures/Fototeca de Fotos.photoslibrary/resources/derivatives/B/BEDB39B0-C645-4634-A509-16C368288A72_1_105_c.jpeg"
    ],
    "ultima_modificacion": "2025-08-01 01:01:26.566172"
  },
  "b1fc0e05c3b4414ba2e5fcf38f3a581e1105c.jpeg": {
    "app_sintetizada": "B1FC0E05C3B4414BA2E5FCF38F3A581E1105C.JPEG",
    "cantidad_archivos": 1,
    "archivos_fuente": [
      "Pictures/Fototeca de Fotos.photoslibrary/resources/derivatives/B/B1FC0E05-C3B4-414B-A2E5-FCF38F3A581E_1_105_c.jpeg"
    ],
    "ultima_modificacion": "2025-08-01 01:01:26.566423"
  },
  "b83d083dd9c144f4ad343d9fde946e6d1105c.jpeg": {
    "app_sintetizada": "B83D083DD9C144F4AD343D9FDE946E6D1105C.JPEG",
    "cantidad_archivos": 1,
    "archivos_fuente": [
      "Pictures/Fototeca de Fotos.photoslibrary/resources/derivatives/B/B83D083D-D9C1-44F4-AD34-3D9FDE946E6D_1_105_c.jpeg"
    ],
    "ultima_modificacion": "2025-08-01 01:01:26.566667"
  },
  "ba3097de9057489d966d4b990fdb4f051105c.jpeg": {
    "app_sintetizada": "BA3097DE9057489D966D4B990FDB4F051105C.JPEG",
    "cantidad_archivos": 1,
    "archivos_fuente": [
      "Pictures/Fototeca de Fotos.photoslibrary/resources/derivatives/B/BA3097DE-9057-489D-966D-4B990FDB4F05_1_105_c.jpeg"
    ],
    "ultima_modificacion": "2025-08-01 01:01:26.566913"
  },
  "b01f51ec0f524f83980b959775942ee21105c.jpeg": {
    "app_sintetizada": "B01F51EC0F524F83980B959775942EE21105C.JPEG",
    "cantidad_archivos": 1,
    "archivos_fuente": [
      "Pictures/Fototeca de Fotos.photoslibrary/resources/derivatives/B/B01F51EC-0F52-4F83-980B-959775942EE2_1_105_c.jpeg"
    ],
    "ultima_modificacion": "2025-08-01 01:01:26.567371"
  },
  "b74e9a3d79ca4363bdb4cef8158e2ebf1105c.jpeg": {
    "app_sintetizada": "B74E9A3D79CA4363BDB4CEF8158E2EBF1105C.JPEG",
    "cantidad_archivos": 1,
    "archivos_fuente": [
      "Pictures/Fototeca de Fotos.photoslibrary/resources/derivatives/B/B74E9A3D-79CA-4363-BDB4-CEF8158E2EBF_1_105_c.jpeg"
    ],
    "ultima_modificacion": "2025-08-01 01:01:26.567773"
  },
  "b12e29ba01a346249511f61856772a071105c.jpeg": {
    "app_sintetizada": "B12E29BA01A346249511F61856772A071105C.JPEG",
    "cantidad_archivos": 1,
    "archivos_fuente": [
      "Pictures/Fototeca de Fotos.photoslibrary/resources/derivatives/B/B12E29BA-01A3-4624-9511-F61856772A07_1_105_c.jpeg"
    ],
    "ultima_modificacion": "2025-08-01 01:01:26.568152"
  },
  "baae49d7f1b247e8a26772170172ed5d1105c.jpeg": {
    "app_sintetizada": "BAAE49D7F1B247E8A26772170172ED5D1105C.JPEG",
    "cantidad_archivos": 1,
    "archivos_fuente": [
      "Pictures/Fototeca de Fotos.photoslibrary/resources/derivatives/B/BAAE49D7-F1B2-47E8-A267-72170172ED5D_1_105_c.jpeg"
    ],
    "ultima_modificacion": "2025-08-01 01:01:26.568546"
  },
  "bff30473533a4fc99b4817fc8f60c5a4.thm": {
    "app_sintetizada": "BFF30473533A4FC99B4817FC8F60C5A4.THM",
    "cantidad_archivos": 1,
    "archivos_fuente": [
      "Pictures/Fototeca de Fotos.photoslibrary/resources/derivatives/B/BFF30473-533A-4FC9-9B48-17FC8F60C5A4.THM"
    ],
    "ultima_modificacion": "2025-08-01 01:01:26.569354"
  },
  "b47bb4e640404e2d84e713e7d5035c2c1105c.jpeg": {
    "app_sintetizada": "B47BB4E640404E2D84E713E7D5035C2C1105C.JPEG",
    "cantidad_archivos": 1,
    "archivos_fuente": [
      "Pictures/Fototeca de Fotos.photoslibrary/resources/derivatives/B/B47BB4E6-4040-4E2D-84E7-13E7D5035C2C_1_105_c.jpeg"
    ],
    "ultima_modificacion": "2025-08-01 01:01:26.569794"
  },
  "bc877bb7d9af4634a5218df0f4ef6f961105c.jpeg": {
    "app_sintetizada": "BC877BB7D9AF4634A5218DF0F4EF6F961105C.JPEG",
    "cantidad_archivos": 1,
    "archivos_fuente": [
      "Pictures/Fototeca de Fotos.photoslibrary/resources/derivatives/B/BC877BB7-D9AF-4634-A521-8DF0F4EF6F96_1_105_c.jpeg"
    ],
    "ultima_modificacion": "2025-08-01 01:01:26.570114"
  },
  "b0aae07778004b339b403e13f43423c31105c.jpeg": {
    "app_sintetizada": "B0AAE07778004B339B403E13F43423C31105C.JPEG",
    "cantidad_archivos": 1,
    "archivos_fuente": [
      "Pictures/Fototeca de Fotos.photoslibrary/resources/derivatives/B/B0AAE077-7800-4B33-9B40-3E13F43423C3_1_105_c.jpeg"
    ],
    "ultima_modificacion": "2025-08-01 01:01:26.571440"
  },
  "b2f2029ec0d64c93bc7451908ae761391105c.jpeg": {
    "app_sintetizada": "B2F2029EC0D64C93BC7451908AE761391105C.JPEG",
    "cantidad_archivos": 1,
    "archivos_fuente": [
      "Pictures/Fototeca de Fotos.photoslibrary/resources/derivatives/B/B2F2029E-C0D6-4C93-BC74-51908AE76139_1_105_c.jpeg"
    ],
    "ultima_modificacion": "2025-08-01 01:01:26.572308"
  },
  "ba2a8aa46f644d4d98d57c771342d06c1105c.jpeg": {
    "app_sintetizada": "BA2A8AA46F644D4D98D57C771342D06C1105C.JPEG",
    "cantidad_archivos": 1,
    "archivos_fuente": [
      "Pictures/Fototeca de Fotos.photoslibrary/resources/derivatives/B/BA2A8AA4-6F64-4D4D-98D5-7C771342D06C_1_105_c.jpeg"
    ],
    "ultima_modificacion": "2025-08-01 01:01:26.572759"
  },
  "b18d0c0566714841a362fe991d77ceb51105c.jpeg": {
    "app_sintetizada": "B18D0C0566714841A362FE991D77CEB51105C.JPEG",
    "cantidad_archivos": 1,
    "archivos_fuente": [
      "Pictures/Fototeca de Fotos.photoslibrary/resources/derivatives/B/B18D0C05-6671-4841-A362-FE991D77CEB5_1_105_c.jpeg"
    ],
    "ultima_modificacion": "2025-08-01 01:01:26.573062"
  },
  "bb8d111d7fee4a95b4b89891ce6f0c10.thm": {
    "app_sintetizada": "BB8D111D7FEE4A95B4B89891CE6F0C10.THM",
    "cantidad_archivos": 1,
    "archivos_fuente": [
      "Pictures/Fototeca de Fotos.photoslibrary/resources/derivatives/B/BB8D111D-7FEE-4A95-B4B8-9891CE6F0C10.THM"
    ],
    "ultima_modificacion": "2025-08-01 01:01:26.573444"
  },
  "b4d51cef854d45c993840c137b7624b11105c.jpeg": {
    "app_sintetizada": "B4D51CEF854D45C993840C137B7624B11105C.JPEG",
    "cantidad_archivos": 1,
    "archivos_fuente": [
      "Pictures/Fototeca de Fotos.photoslibrary/resources/derivatives/B/B4D51CEF-854D-45C9-9384-0C137B7624B1_1_105_c.jpeg"
    ],
    "ultima_modificacion": "2025-08-01 01:01:26.573977"
  },
  "b3e17cd607a34253b207a05044ca32f81105c.jpeg": {
    "app_sintetizada": "B3E17CD607A34253B207A05044CA32F81105C.JPEG",
    "cantidad_archivos": 1,
    "archivos_fuente": [
      "Pictures/Fototeca de Fotos.photoslibrary/resources/derivatives/B/B3E17CD6-07A3-4253-B207-A05044CA32F8_1_105_c.jpeg"
    ],
    "ultima_modificacion": "2025-08-01 01:01:26.574363"
  },
  "bafc69786d2f4805a452b2db0eba262d1105c.jpeg": {
    "app_sintetizada": "BAFC69786D2F4805A452B2DB0EBA262D1105C.JPEG",
    "cantidad_archivos": 1,
    "archivos_fuente": [
      "Pictures/Fototeca de Fotos.photoslibrary/resources/derivatives/B/BAFC6978-6D2F-4805-A452-B2DB0EBA262D_1_105_c.jpeg"
    ],
    "ultima_modificacion": "2025-08-01 01:01:26.575315"
  },
  "b595f245334e46c3a73c3f61014fc0c91105c.jpeg": {
    "app_sintetizada": "B595F245334E46C3A73C3F61014FC0C91105C.JPEG",
    "cantidad_archivos": 1,
    "archivos_fuente": [
      "Pictures/Fototeca de Fotos.photoslibrary/resources/derivatives/B/B595F245-334E-46C3-A73C-3F61014FC0C9_1_105_c.jpeg"
    ],
    "ultima_modificacion": "2025-08-01 01:01:26.575707"
  },
  "b316d6d5114e452fb22e7dc28d331d6d1105c.jpeg": {
    "app_sintetizada": "B316D6D5114E452FB22E7DC28D331D6D1105C.JPEG",
    "cantidad_archivos": 1,
    "archivos_fuente": [
      "Pictures/Fototeca de Fotos.photoslibrary/resources/derivatives/B/B316D6D5-114E-452F-B22E-7DC28D331D6D_1_105_c.jpeg"
    ],
    "ultima_modificacion": "2025-08-01 01:01:26.576027"
  },
  "b3097a2045e54c41a13d681498aa26561105c.jpeg": {
    "app_sintetizada": "B3097A2045E54C41A13D681498AA26561105C.JPEG",
    "cantidad_archivos": 1,
    "archivos_fuente": [
      "Pictures/Fototeca de Fotos.photoslibrary/resources/derivatives/B/B3097A20-45E5-4C41-A13D-681498AA2656_1_105_c.jpeg"
    ],
    "ultima_modificacion": "2025-08-01 01:01:26.576328"
  },
  "b817bbb5af0e4ceaaa8c9522e5a9515f1105c.jpeg": {
    "app_sintetizada": "B817BBB5AF0E4CEAAA8C9522E5A9515F1105C.JPEG",
    "cantidad_archivos": 1,
    "archivos_fuente": [
      "Pictures/Fototeca de Fotos.photoslibrary/resources/derivatives/B/B817BBB5-AF0E-4CEA-AA8C-9522E5A9515F_1_105_c.jpeg"
    ],
    "ultima_modificacion": "2025-08-01 01:01:26.576662"
  },
  "b9d03148059040f5a80ac4a204930d281105c.jpeg": {
    "app_sintetizada": "B9D03148059040F5A80AC4A204930D281105C.JPEG",
    "cantidad_archivos": 1,
    "archivos_fuente": [
      "Pictures/Fototeca de Fotos.photoslibrary/resources/derivatives/B/B9D03148-0590-40F5-A80A-C4A204930D28_1_105_c.jpeg"
    ],
    "ultima_modificacion": "2025-08-01 01:01:26.577119"
  },
  "ba8fa6e5a5c8406290ff1ed1efbd7d041105c.jpeg": {
    "app_sintetizada": "BA8FA6E5A5C8406290FF1ED1EFBD7D041105C.JPEG",
    "cantidad_archivos": 1,
    "archivos_fuente": [
      "Pictures/Fototeca de Fotos.photoslibrary/resources/derivatives/B/BA8FA6E5-A5C8-4062-90FF-1ED1EFBD7D04_1_105_c.jpeg"
    ],
    "ultima_modificacion": "2025-08-01 01:01:26.577648"
  },
  "bee194d2262f457ab6452afbb09318a71105c.jpeg": {
    "app_sintetizada": "BEE194D2262F457AB6452AFBB09318A71105C.JPEG",
    "cantidad_archivos": 1,
    "archivos_fuente": [
      "Pictures/Fototeca de Fotos.photoslibrary/resources/derivatives/B/BEE194D2-262F-457A-B645-2AFBB09318A7_1_105_c.jpeg"
    ],
    "ultima_modificacion": "2025-08-01 01:01:26.578051"
  },
  "bb76c1bd5d2341a5a80db75292870ed01100o.jpeg": {
    "app_sintetizada": "BB76C1BD5D2341A5A80DB75292870ED01100O.JPEG",
    "cantidad_archivos": 1,
    "archivos_fuente": [
      "Pictures/Fototeca de Fotos.photoslibrary/resources/derivatives/B/BB76C1BD-5D23-41A5-A80D-B75292870ED0_1_100_o.jpeg"
    ],
    "ultima_modificacion": "2025-08-01 01:01:26.578469"
  },
  "bde7b258ba9340e981b923641cc004ea1105c.jpeg": {
    "app_sintetizada": "BDE7B258BA9340E981B923641CC004EA1105C.JPEG",
    "cantidad_archivos": 1,
    "archivos_fuente": [
      "Pictures/Fototeca de Fotos.photoslibrary/resources/derivatives/B/BDE7B258-BA93-40E9-81B9-23641CC004EA_1_105_c.jpeg"
    ],
    "ultima_modificacion": "2025-08-01 01:01:26.578852"
  }
}