{
  "1f6b6901fa23f0ed0": {
    "app_sintetizada": "1F6B6901FA23F0ED0",
    "cantidad_archivos": 1,
    "archivos_fuente": [
      "Library/Application Support/Google/Chrome/Default/Service Worker/CacheStorage/d1394a4c842f7861ad7ae5e20da4b484a0c4acad/a5a18824-56f6-4f5f-abb6-64683cbd37bb/1f6b6901fa23f0ed_0"
    ],
    "ultima_modificacion": "2025-08-01 01:01:31.858312"
  },
  "c83f4ab7349ebaef0": {
    "app_sintetizada": "C83F4AB7349EBAEF0",
    "cantidad_archivos": 1,
    "archivos_fuente": [
      "Library/Application Support/Google/Chrome/Default/Service Worker/CacheStorage/d1394a4c842f7861ad7ae5e20da4b484a0c4acad/a5a18824-56f6-4f5f-abb6-64683cbd37bb/c83f4ab7349ebaef_0"
    ],
    "ultima_modificacion": "2025-08-01 01:01:31.858646"
  },
  "9350cff996e9fdf00": {
    "app_sintetizada": "9350CFF996E9FDF00",
    "cantidad_archivos": 1,
    "archivos_fuente": [
      "Library/Application Support/Google/Chrome/Default/Service Worker/CacheStorage/d1394a4c842f7861ad7ae5e20da4b484a0c4acad/a5a18824-56f6-4f5f-abb6-64683cbd37bb/9350cff996e9fdf0_0"
    ],
    "ultima_modificacion": "2025-08-01 01:01:31.858951"
  },
  "981c7fee24ce7e3a0": {
    "app_sintetizada": "981C7FEE24CE7E3A0",
    "cantidad_archivos": 1,
    "archivos_fuente": [
      "Library/Application Support/Google/Chrome/Default/Service Worker/CacheStorage/d1394a4c842f7861ad7ae5e20da4b484a0c4acad/a5a18824-56f6-4f5f-abb6-64683cbd37bb/981c7fee24ce7e3a_0"
    ],
    "ultima_modificacion": "2025-08-01 01:01:31.859261"
  },
  "531f7324a2cbf5c30": {
    "app_sintetizada": "531F7324A2CBF5C30",
    "cantidad_archivos": 1,
    "archivos_fuente": [
      "Library/Application Support/Google/Chrome/Default/Service Worker/CacheStorage/d1394a4c842f7861ad7ae5e20da4b484a0c4acad/a5a18824-56f6-4f5f-abb6-64683cbd37bb/531f7324a2cbf5c3_0"
    ],
    "ultima_modificacion": "2025-08-01 01:01:31.860357"
  },
  "5f407bca9c16c5740": {
    "app_sintetizada": "5F407BCA9C16C5740",
    "cantidad_archivos": 1,
    "archivos_fuente": [
      "Library/Application Support/Google/Chrome/Default/Service Worker/CacheStorage/d1394a4c842f7861ad7ae5e20da4b484a0c4acad/a5a18824-56f6-4f5f-abb6-64683cbd37bb/5f407bca9c16c574_0"
    ],
    "ultima_modificacion": "2025-08-01 01:01:31.860713"
  },
  "3bfe49c8379af0990": {
    "app_sintetizada": "3BFE49C8379AF0990",
    "cantidad_archivos": 1,
    "archivos_fuente": [
      "Library/Application Support/Google/Chrome/Default/Service Worker/CacheStorage/d1394a4c842f7861ad7ae5e20da4b484a0c4acad/a5a18824-56f6-4f5f-abb6-64683cbd37bb/3bfe49c8379af099_0"
    ],
    "ultima_modificacion": "2025-08-01 01:01:31.861060"
  },
  "d4ad8bed7a7a13d60": {
    "app_sintetizada": "D4AD8BED7A7A13D60",
    "cantidad_archivos": 1,
    "archivos_fuente": [
      "Library/Application Support/Google/Chrome/Default/Service Worker/CacheStorage/d1394a4c842f7861ad7ae5e20da4b484a0c4acad/a5a18824-56f6-4f5f-abb6-64683cbd37bb/d4ad8bed7a7a13d6_0"
    ],
    "ultima_modificacion": "2025-08-01 01:01:31.861393"
  },
  "4a96fd638af6bac60": {
    "app_sintetizada": "4A96FD638AF6BAC60",
    "cantidad_archivos": 1,
    "archivos_fuente": [
      "Library/Application Support/Google/Chrome/Default/Service Worker/CacheStorage/d1394a4c842f7861ad7ae5e20da4b484a0c4acad/a5a18824-56f6-4f5f-abb6-64683cbd37bb/4a96fd638af6bac6_0"
    ],
    "ultima_modificacion": "2025-08-01 01:01:31.861751"
  },
  "d99cc9b210db53af0": {
    "app_sintetizada": "D99CC9B210DB53AF0",
    "cantidad_archivos": 1,
    "archivos_fuente": [
      "Library/Application Support/Google/Chrome/Default/Service Worker/CacheStorage/d1394a4c842f7861ad7ae5e20da4b484a0c4acad/a5a18824-56f6-4f5f-abb6-64683cbd37bb/d99cc9b210db53af_0"
    ],
    "ultima_modificacion": "2025-08-01 01:01:31.862094"
  },
  "773693a2e9c791e40": {
    "app_sintetizada": "773693A2E9C791E40",
    "cantidad_archivos": 1,
    "archivos_fuente": [
      "Library/Application Support/Google/Chrome/Default/Service Worker/CacheStorage/d1394a4c842f7861ad7ae5e20da4b484a0c4acad/a5a18824-56f6-4f5f-abb6-64683cbd37bb/773693a2e9c791e4_0"
    ],
    "ultima_modificacion": "2025-08-01 01:01:31.862411"
  },
  "d90d787bcef364910": {
    "app_sintetizada": "D90D787BCEF364910",
    "cantidad_archivos": 1,
    "archivos_fuente": [
      "Library/Application Support/Google/Chrome/Default/Service Worker/CacheStorage/d1394a4c842f7861ad7ae5e20da4b484a0c4acad/a5a18824-56f6-4f5f-abb6-64683cbd37bb/d90d787bcef36491_0"
    ],
    "ultima_modificacion": "2025-08-01 01:01:31.862763"
  },
  "c0fc4d37fc1875aa0": {
    "app_sintetizada": "C0FC4D37FC1875AA0",
    "cantidad_archivos": 1,
    "archivos_fuente": [
      "Library/Application Support/Google/Chrome/Default/Service Worker/CacheStorage/d1394a4c842f7861ad7ae5e20da4b484a0c4acad/a5a18824-56f6-4f5f-abb6-64683cbd37bb/c0fc4d37fc1875aa_0"
    ],
    "ultima_modificacion": "2025-08-01 01:01:31.863107"
  },
  "b8d10ab1cc31849a0": {
    "app_sintetizada": "B8D10AB1CC31849A0",
    "cantidad_archivos": 1,
    "archivos_fuente": [
      "Library/Application Support/Google/Chrome/Default/Service Worker/CacheStorage/d1394a4c842f7861ad7ae5e20da4b484a0c4acad/a5a18824-56f6-4f5f-abb6-64683cbd37bb/b8d10ab1cc31849a_0"
    ],
    "ultima_modificacion": "2025-08-01 01:01:31.863487"
  },
  "e5f44f46c648872e0": {
    "app_sintetizada": "E5F44F46C648872E0",
    "cantidad_archivos": 1,
    "archivos_fuente": [
      "Library/Application Support/Google/Chrome/Default/Service Worker/CacheStorage/d1394a4c842f7861ad7ae5e20da4b484a0c4acad/a5a18824-56f6-4f5f-abb6-64683cbd37bb/e5f44f46c648872e_0"
    ],
    "ultima_modificacion": "2025-08-01 01:01:31.863740"
  },
  "21ebb5077cb83f680": {
    "app_sintetizada": "21EBB5077CB83F680",
    "cantidad_archivos": 1,
    "archivos_fuente": [
      "Library/Application Support/Google/Chrome/Default/Service Worker/CacheStorage/d1394a4c842f7861ad7ae5e20da4b484a0c4acad/a5a18824-56f6-4f5f-abb6-64683cbd37bb/21ebb5077cb83f68_0"
    ],
    "ultima_modificacion": "2025-08-01 01:01:31.864011"
  },
  "588e1702ed27a6720": {
    "app_sintetizada": "588E1702ED27A6720",
    "cantidad_archivos": 1,
    "archivos_fuente": [
      "Library/Application Support/Google/Chrome/Default/Service Worker/CacheStorage/d1394a4c842f7861ad7ae5e20da4b484a0c4acad/a5a18824-56f6-4f5f-abb6-64683cbd37bb/588e1702ed27a672_0"
    ],
    "ultima_modificacion": "2025-08-01 01:01:31.864337"
  },
  "6cb99cb383bf847b0": {
    "app_sintetizada": "6CB99CB383BF847B0",
    "cantidad_archivos": 1,
    "archivos_fuente": [
      "Library/Application Support/Google/Chrome/Default/Service Worker/CacheStorage/d1394a4c842f7861ad7ae5e20da4b484a0c4acad/a5a18824-56f6-4f5f-abb6-64683cbd37bb/6cb99cb383bf847b_0"
    ],
    "ultima_modificacion": "2025-08-01 01:01:31.864691"
  },
  "a8e7220c44d35c5e0": {
    "app_sintetizada": "A8E7220C44D35C5E0",
    "cantidad_archivos": 1,
    "archivos_fuente": [
      "Library/Application Support/Google/Chrome/Default/Service Worker/CacheStorage/d1394a4c842f7861ad7ae5e20da4b484a0c4acad/a5a18824-56f6-4f5f-abb6-64683cbd37bb/a8e7220c44d35c5e_0"
    ],
    "ultima_modificacion": "2025-08-01 01:01:31.865029"
  },
  "11eb9517234abf5a0": {
    "app_sintetizada": "11EB9517234ABF5A0",
    "cantidad_archivos": 1,
    "archivos_fuente": [
      "Library/Application Support/Google/Chrome/Default/Service Worker/CacheStorage/d1394a4c842f7861ad7ae5e20da4b484a0c4acad/a5a18824-56f6-4f5f-abb6-64683cbd37bb/11eb9517234abf5a_0"
    ],
    "ultima_modificacion": "2025-08-01 01:01:31.865326"
  },
  "2fc9574be0fd06740": {
    "app_sintetizada": "2FC9574BE0FD06740",
    "cantidad_archivos": 1,
    "archivos_fuente": [
      "Library/Application Support/Google/Chrome/Default/Service Worker/CacheStorage/d1394a4c842f7861ad7ae5e20da4b484a0c4acad/a5a18824-56f6-4f5f-abb6-64683cbd37bb/2fc9574be0fd0674_0"
    ],
    "ultima_modificacion": "2025-08-01 01:01:31.865622"
  },
  "c78ae9b85dcc1fe60": {
    "app_sintetizada": "C78AE9B85DCC1FE60",
    "cantidad_archivos": 1,
    "archivos_fuente": [
      "Library/Application Support/Google/Chrome/Default/Service Worker/CacheStorage/d1394a4c842f7861ad7ae5e20da4b484a0c4acad/a5a18824-56f6-4f5f-abb6-64683cbd37bb/c78ae9b85dcc1fe6_0"
    ],
    "ultima_modificacion": "2025-08-01 01:01:31.865917"
  },
  "d1fa677d6801bbf40": {
    "app_sintetizada": "D1FA677D6801BBF40",
    "cantidad_archivos": 1,
    "archivos_fuente": [
      "Library/Application Support/Google/Chrome/Default/Service Worker/CacheStorage/d1394a4c842f7861ad7ae5e20da4b484a0c4acad/a5a18824-56f6-4f5f-abb6-64683cbd37bb/d1fa677d6801bbf4_0"
    ],
    "ultima_modificacion": "2025-08-01 01:01:31.866179"
  },
  "de1bd2e9a97302530": {
    "app_sintetizada": "DE1BD2E9A97302530",
    "cantidad_archivos": 1,
    "archivos_fuente": [
      "Library/Application Support/Google/Chrome/Default/Service Worker/CacheStorage/d1394a4c842f7861ad7ae5e20da4b484a0c4acad/a5a18824-56f6-4f5f-abb6-64683cbd37bb/de1bd2e9a9730253_0"
    ],
    "ultima_modificacion": "2025-08-01 01:01:31.866432"
  },
  "b399a802ebbdc8150": {
    "app_sintetizada": "B399A802EBBDC8150",
    "cantidad_archivos": 1,
    "archivos_fuente": [
      "Library/Application Support/Google/Chrome/Default/Service Worker/CacheStorage/d1394a4c842f7861ad7ae5e20da4b484a0c4acad/a5a18824-56f6-4f5f-abb6-64683cbd37bb/b399a802ebbdc815_0"
    ],
    "ultima_modificacion": "2025-08-01 01:01:31.866686"
  },
  "7ef3ad17102633930": {
    "app_sintetizada": "7EF3AD17102633930",
    "cantidad_archivos": 1,
    "archivos_fuente": [
      "Library/Application Support/Google/Chrome/Default/Service Worker/CacheStorage/d1394a4c842f7861ad7ae5e20da4b484a0c4acad/a5a18824-56f6-4f5f-abb6-64683cbd37bb/7ef3ad1710263393_0"
    ],
    "ultima_modificacion": "2025-08-01 01:01:31.866983"
  },
  "b1552a7c71162f750": {
    "app_sintetizada": "B1552A7C71162F750",
    "cantidad_archivos": 1,
    "archivos_fuente": [
      "Library/Application Support/Google/Chrome/Default/Service Worker/CacheStorage/d1394a4c842f7861ad7ae5e20da4b484a0c4acad/a5a18824-56f6-4f5f-abb6-64683cbd37bb/b1552a7c71162f75_0"
    ],
    "ultima_modificacion": "2025-08-01 01:01:31.867235"
  },
  "ea1707de7ca093560": {
    "app_sintetizada": "EA1707DE7CA093560",
    "cantidad_archivos": 1,
    "archivos_fuente": [
      "Library/Application Support/Google/Chrome/Default/Service Worker/CacheStorage/d1394a4c842f7861ad7ae5e20da4b484a0c4acad/a5a18824-56f6-4f5f-abb6-64683cbd37bb/ea1707de7ca09356_0"
    ],
    "ultima_modificacion": "2025-08-01 01:01:31.867485"
  },
  "cffd19e8fc7286c60": {
    "app_sintetizada": "CFFD19E8FC7286C60",
    "cantidad_archivos": 1,
    "archivos_fuente": [
      "Library/Application Support/Google/Chrome/Default/Service Worker/CacheStorage/d1394a4c842f7861ad7ae5e20da4b484a0c4acad/a5a18824-56f6-4f5f-abb6-64683cbd37bb/cffd19e8fc7286c6_0"
    ],
    "ultima_modificacion": "2025-08-01 01:01:31.867787"
  },
  "2f527278c5acb6f90": {
    "app_sintetizada": "2F527278C5ACB6F90",
    "cantidad_archivos": 1,
    "archivos_fuente": [
      "Library/Application Support/Google/Chrome/Default/Service Worker/CacheStorage/d1394a4c842f7861ad7ae5e20da4b484a0c4acad/a5a18824-56f6-4f5f-abb6-64683cbd37bb/2f527278c5acb6f9_0"
    ],
    "ultima_modificacion": "2025-08-01 01:01:31.868039"
  },
  "a7fb57ee75f67b3e0": {
    "app_sintetizada": "A7FB57EE75F67B3E0",
    "cantidad_archivos": 1,
    "archivos_fuente": [
      "Library/Application Support/Google/Chrome/Default/Service Worker/CacheStorage/d1394a4c842f7861ad7ae5e20da4b484a0c4acad/a5a18824-56f6-4f5f-abb6-64683cbd37bb/a7fb57ee75f67b3e_0"
    ],
    "ultima_modificacion": "2025-08-01 01:01:31.868332"
  },
  "df6a60755d4b9cc30": {
    "app_sintetizada": "DF6A60755D4B9CC30",
    "cantidad_archivos": 1,
    "archivos_fuente": [
      "Library/Application Support/Google/Chrome/Default/Service Worker/CacheStorage/d1394a4c842f7861ad7ae5e20da4b484a0c4acad/a5a18824-56f6-4f5f-abb6-64683cbd37bb/df6a60755d4b9cc3_0"
    ],
    "ultima_modificacion": "2025-08-01 01:01:31.868582"
  },
  "2de46a5effbcc8240": {
    "app_sintetizada": "2DE46A5EFFBCC8240",
    "cantidad_archivos": 1,
    "archivos_fuente": [
      "Library/Application Support/Google/Chrome/Default/Service Worker/CacheStorage/d1394a4c842f7861ad7ae5e20da4b484a0c4acad/a5a18824-56f6-4f5f-abb6-64683cbd37bb/2de46a5effbcc824_0"
    ],
    "ultima_modificacion": "2025-08-01 01:01:31.868910"
  },
  "d3d6093320203bd90": {
    "app_sintetizada": "D3D6093320203BD90",
    "cantidad_archivos": 1,
    "archivos_fuente": [
      "Library/Application Support/Google/Chrome/Default/Service Worker/CacheStorage/d1394a4c842f7861ad7ae5e20da4b484a0c4acad/a5a18824-56f6-4f5f-abb6-64683cbd37bb/d3d6093320203bd9_0"
    ],
    "ultima_modificacion": "2025-08-01 01:01:31.869197"
  },
  "3f7cb477a465b7b20": {
    "app_sintetizada": "3F7CB477A465B7B20",
    "cantidad_archivos": 1,
    "archivos_fuente": [
      "Library/Application Support/Google/Chrome/Default/Service Worker/CacheStorage/d1394a4c842f7861ad7ae5e20da4b484a0c4acad/a5a18824-56f6-4f5f-abb6-64683cbd37bb/3f7cb477a465b7b2_0"
    ],
    "ultima_modificacion": "2025-08-01 01:01:31.869526"
  },
  "7e5a0b8c7744c62d0": {
    "app_sintetizada": "7E5A0B8C7744C62D0",
    "cantidad_archivos": 1,
    "archivos_fuente": [
      "Library/Application Support/Google/Chrome/Default/Service Worker/CacheStorage/d1394a4c842f7861ad7ae5e20da4b484a0c4acad/a5a18824-56f6-4f5f-abb6-64683cbd37bb/7e5a0b8c7744c62d_0"
    ],
    "ultima_modificacion": "2025-08-01 01:01:31.869809"
  },
  "5e203c8749ba82de0": {
    "app_sintetizada": "5E203C8749BA82DE0",
    "cantidad_archivos": 1,
    "archivos_fuente": [
      "Library/Application Support/Google/Chrome/Default/Service Worker/CacheStorage/d1394a4c842f7861ad7ae5e20da4b484a0c4acad/a5a18824-56f6-4f5f-abb6-64683cbd37bb/5e203c8749ba82de_0"
    ],
    "ultima_modificacion": "2025-08-01 01:01:31.870045"
  },
  "1d5f7c898990b3f90": {
    "app_sintetizada": "1D5F7C898990B3F90",
    "cantidad_archivos": 1,
    "archivos_fuente": [
      "Library/Application Support/Google/Chrome/Default/Service Worker/CacheStorage/d1394a4c842f7861ad7ae5e20da4b484a0c4acad/a5a18824-56f6-4f5f-abb6-64683cbd37bb/1d5f7c898990b3f9_0"
    ],
    "ultima_modificacion": "2025-08-01 01:01:31.870275"
  },
  "3e2cc8995d284ee90": {
    "app_sintetizada": "3E2CC8995D284EE90",
    "cantidad_archivos": 1,
    "archivos_fuente": [
      "Library/Application Support/Google/Chrome/Default/Service Worker/CacheStorage/d1394a4c842f7861ad7ae5e20da4b484a0c4acad/a5a18824-56f6-4f5f-abb6-64683cbd37bb/3e2cc8995d284ee9_0"
    ],
    "ultima_modificacion": "2025-08-01 01:01:31.870557"
  },
  "1f584dd2674adf620": {
    "app_sintetizada": "1F584DD2674ADF620",
    "cantidad_archivos": 1,
    "archivos_fuente": [
      "Library/Application Support/Google/Chrome/Default/Service Worker/CacheStorage/d1394a4c842f7861ad7ae5e20da4b484a0c4acad/a5a18824-56f6-4f5f-abb6-64683cbd37bb/1f584dd2674adf62_0"
    ],
    "ultima_modificacion": "2025-08-01 01:01:31.870782"
  },
  "25ef90772f9c9e040": {
    "app_sintetizada": "25EF90772F9C9E040",
    "cantidad_archivos": 1,
    "archivos_fuente": [
      "Library/Application Support/Google/Chrome/Default/Service Worker/CacheStorage/d1394a4c842f7861ad7ae5e20da4b484a0c4acad/a5a18824-56f6-4f5f-abb6-64683cbd37bb/25ef90772f9c9e04_0"
    ],
    "ultima_modificacion": "2025-08-01 01:01:31.870990"
  },
  "b73bfda469fad8900": {
    "app_sintetizada": "B73BFDA469FAD8900",
    "cantidad_archivos": 1,
    "archivos_fuente": [
      "Library/Application Support/Google/Chrome/Default/Service Worker/CacheStorage/d1394a4c842f7861ad7ae5e20da4b484a0c4acad/a5a18824-56f6-4f5f-abb6-64683cbd37bb/b73bfda469fad890_0"
    ],
    "ultima_modificacion": "2025-08-01 01:01:31.871193"
  },
  "a050d27461ff831a0": {
    "app_sintetizada": "A050D27461FF831A0",
    "cantidad_archivos": 1,
    "archivos_fuente": [
      "Library/Application Support/Google/Chrome/Default/Service Worker/CacheStorage/d1394a4c842f7861ad7ae5e20da4b484a0c4acad/a5a18824-56f6-4f5f-abb6-64683cbd37bb/a050d27461ff831a_0"
    ],
    "ultima_modificacion": "2025-08-01 01:01:31.871395"
  },
  "5605db13fa2d2dbc0": {
    "app_sintetizada": "5605DB13FA2D2DBC0",
    "cantidad_archivos": 1,
    "archivos_fuente": [
      "Library/Application Support/Google/Chrome/Default/Service Worker/CacheStorage/d1394a4c842f7861ad7ae5e20da4b484a0c4acad/a5a18824-56f6-4f5f-abb6-64683cbd37bb/5605db13fa2d2dbc_0"
    ],
    "ultima_modificacion": "2025-08-01 01:01:31.871589"
  },
  "496d6296b84f1ef10": {
    "app_sintetizada": "496D6296B84F1EF10",
    "cantidad_archivos": 1,
    "archivos_fuente": [
      "Library/Application Support/Google/Chrome/Default/Service Worker/CacheStorage/d1394a4c842f7861ad7ae5e20da4b484a0c4acad/a5a18824-56f6-4f5f-abb6-64683cbd37bb/496d6296b84f1ef1_0"
    ],
    "ultima_modificacion": "2025-08-01 01:01:31.871787"
  },
  "75bb34d6fad88c7d0": {
    "app_sintetizada": "75BB34D6FAD88C7D0",
    "cantidad_archivos": 1,
    "archivos_fuente": [
      "Library/Application Support/Google/Chrome/Default/Service Worker/CacheStorage/d1394a4c842f7861ad7ae5e20da4b484a0c4acad/a5a18824-56f6-4f5f-abb6-64683cbd37bb/75bb34d6fad88c7d_0"
    ],
    "ultima_modificacion": "2025-08-01 01:01:31.871986"
  },
  "22cd2ce02ff52ff10": {
    "app_sintetizada": "22CD2CE02FF52FF10",
    "cantidad_archivos": 1,
    "archivos_fuente": [
      "Library/Application Support/Google/Chrome/Default/Service Worker/CacheStorage/d1394a4c842f7861ad7ae5e20da4b484a0c4acad/a5a18824-56f6-4f5f-abb6-64683cbd37bb/22cd2ce02ff52ff1_0"
    ],
    "ultima_modificacion": "2025-08-01 01:01:31.872186"
  },
  "23a8a6b75385d90f0": {
    "app_sintetizada": "23A8A6B75385D90F0",
    "cantidad_archivos": 1,
    "archivos_fuente": [
      "Library/Application Support/Google/Chrome/Default/Service Worker/CacheStorage/d1394a4c842f7861ad7ae5e20da4b484a0c4acad/a5a18824-56f6-4f5f-abb6-64683cbd37bb/23a8a6b75385d90f_0"
    ],
    "ultima_modificacion": "2025-08-01 01:01:31.872369"
  },
  "2bab68314d7ba6e30": {
    "app_sintetizada": "2BAB68314D7BA6E30",
    "cantidad_archivos": 1,
    "archivos_fuente": [
      "Library/Application Support/Google/Chrome/Default/Service Worker/CacheStorage/d1394a4c842f7861ad7ae5e20da4b484a0c4acad/a5a18824-56f6-4f5f-abb6-64683cbd37bb/2bab68314d7ba6e3_0"
    ],
    "ultima_modificacion": "2025-08-01 01:01:31.872550"
  },
  "b9ed7de1e692b7b60": {
    "app_sintetizada": "B9ED7DE1E692B7B60",
    "cantidad_archivos": 1,
    "archivos_fuente": [
      "Library/Application Support/Google/Chrome/Default/Service Worker/CacheStorage/d1394a4c842f7861ad7ae5e20da4b484a0c4acad/a5a18824-56f6-4f5f-abb6-64683cbd37bb/b9ed7de1e692b7b6_0"
    ],
    "ultima_modificacion": "2025-08-01 01:01:31.872752"
  },
  "1243bc3370139c2f0": {
    "app_sintetizada": "1243BC3370139C2F0",
    "cantidad_archivos": 1,
    "archivos_fuente": [
      "Library/Application Support/Google/Chrome/Default/Service Worker/CacheStorage/d1394a4c842f7861ad7ae5e20da4b484a0c4acad/a5a18824-56f6-4f5f-abb6-64683cbd37bb/1243bc3370139c2f_0"
    ],
    "ultima_modificacion": "2025-08-01 01:01:31.873006"
  },
  "7cf9b134c94a07350": {
    "app_sintetizada": "7CF9B134C94A07350",
    "cantidad_archivos": 1,
    "archivos_fuente": [
      "Library/Application Support/Google/Chrome/Default/Service Worker/CacheStorage/d1394a4c842f7861ad7ae5e20da4b484a0c4acad/a5a18824-56f6-4f5f-abb6-64683cbd37bb/7cf9b134c94a0735_0"
    ],
    "ultima_modificacion": "2025-08-01 01:01:31.873314"
  },
  "75aff8427f13567f0": {
    "app_sintetizada": "75AFF8427F13567F0",
    "cantidad_archivos": 1,
    "archivos_fuente": [
      "Library/Application Support/Google/Chrome/Default/Service Worker/CacheStorage/d1394a4c842f7861ad7ae5e20da4b484a0c4acad/a5a18824-56f6-4f5f-abb6-64683cbd37bb/75aff8427f13567f_0"
    ],
    "ultima_modificacion": "2025-08-01 01:01:31.873571"
  },
  "f948a81654443c460": {
    "app_sintetizada": "F948A81654443C460",
    "cantidad_archivos": 1,
    "archivos_fuente": [
      "Library/Application Support/Google/Chrome/Default/Service Worker/CacheStorage/d1394a4c842f7861ad7ae5e20da4b484a0c4acad/a5a18824-56f6-4f5f-abb6-64683cbd37bb/f948a81654443c46_0"
    ],
    "ultima_modificacion": "2025-08-01 01:01:31.873812"
  },
  "c8aeb66cbd2309c10": {
    "app_sintetizada": "C8AEB66CBD2309C10",
    "cantidad_archivos": 1,
    "archivos_fuente": [
      "Library/Application Support/Google/Chrome/Default/Service Worker/CacheStorage/d1394a4c842f7861ad7ae5e20da4b484a0c4acad/a5a18824-56f6-4f5f-abb6-64683cbd37bb/c8aeb66cbd2309c1_0"
    ],
    "ultima_modificacion": "2025-08-01 01:01:31.874124"
  },
  "cd0dd36050234f2f0": {
    "app_sintetizada": "CD0DD36050234F2F0",
    "cantidad_archivos": 1,
    "archivos_fuente": [
      "Library/Application Support/Google/Chrome/Default/Service Worker/CacheStorage/d1394a4c842f7861ad7ae5e20da4b484a0c4acad/a5a18824-56f6-4f5f-abb6-64683cbd37bb/cd0dd36050234f2f_0"
    ],
    "ultima_modificacion": "2025-08-01 01:01:31.874337"
  },
  "deaa0b31de8690910": {
    "app_sintetizada": "DEAA0B31DE8690910",
    "cantidad_archivos": 1,
    "archivos_fuente": [
      "Library/Application Support/Google/Chrome/Default/Service Worker/CacheStorage/d1394a4c842f7861ad7ae5e20da4b484a0c4acad/a5a18824-56f6-4f5f-abb6-64683cbd37bb/deaa0b31de869091_0"
    ],
    "ultima_modificacion": "2025-08-01 01:01:31.874546"
  },
  "57c0fc104e93579a0": {
    "app_sintetizada": "57C0FC104E93579A0",
    "cantidad_archivos": 1,
    "archivos_fuente": [
      "Library/Application Support/Google/Chrome/Default/Service Worker/CacheStorage/d1394a4c842f7861ad7ae5e20da4b484a0c4acad/a5a18824-56f6-4f5f-abb6-64683cbd37bb/57c0fc104e93579a_0"
    ],
    "ultima_modificacion": "2025-08-01 01:01:31.874810"
  },
  "27bee0c5937310010": {
    "app_sintetizada": "27BEE0C5937310010",
    "cantidad_archivos": 1,
    "archivos_fuente": [
      "Library/Application Support/Google/Chrome/Default/Service Worker/CacheStorage/d1394a4c842f7861ad7ae5e20da4b484a0c4acad/a5a18824-56f6-4f5f-abb6-64683cbd37bb/27bee0c593731001_0"
    ],
    "ultima_modificacion": "2025-08-01 01:01:31.875076"
  },
  "0c75892a599d892f0": {
    "app_sintetizada": "0C75892A599D892F0",
    "cantidad_archivos": 1,
    "archivos_fuente": [
      "Library/Application Support/Google/Chrome/Default/Service Worker/CacheStorage/d1394a4c842f7861ad7ae5e20da4b484a0c4acad/a5a18824-56f6-4f5f-abb6-64683cbd37bb/0c75892a599d892f_0"
    ],
    "ultima_modificacion": "2025-08-01 01:01:31.875294"
  },
  "9ad69de59d4ad6c90": {
    "app_sintetizada": "9AD69DE59D4AD6C90",
    "cantidad_archivos": 1,
    "archivos_fuente": [
      "Library/Application Support/Google/Chrome/Default/Service Worker/CacheStorage/d1394a4c842f7861ad7ae5e20da4b484a0c4acad/a5a18824-56f6-4f5f-abb6-64683cbd37bb/9ad69de59d4ad6c9_0"
    ],
    "ultima_modificacion": "2025-08-01 01:01:31.875515"
  },
  "4f72ab967eccc0db0": {
    "app_sintetizada": "4F72AB967ECCC0DB0",
    "cantidad_archivos": 1,
    "archivos_fuente": [
      "Library/Application Support/Google/Chrome/Default/Service Worker/CacheStorage/d1394a4c842f7861ad7ae5e20da4b484a0c4acad/a5a18824-56f6-4f5f-abb6-64683cbd37bb/4f72ab967eccc0db_0"
    ],
    "ultima_modificacion": "2025-08-01 01:01:31.875805"
  },
  "e794f70934e6bc5d0": {
    "app_sintetizada": "E794F70934E6BC5D0",
    "cantidad_archivos": 1,
    "archivos_fuente": [
      "Library/Application Support/Google/Chrome/Default/Service Worker/CacheStorage/d1394a4c842f7861ad7ae5e20da4b484a0c4acad/a5a18824-56f6-4f5f-abb6-64683cbd37bb/e794f70934e6bc5d_0"
    ],
    "ultima_modificacion": "2025-08-01 01:01:31.876011"
  },
  "eb97e764a62004570": {
    "app_sintetizada": "EB97E764A62004570",
    "cantidad_archivos": 1,
    "archivos_fuente": [
      "Library/Application Support/Google/Chrome/Default/Service Worker/CacheStorage/d1394a4c842f7861ad7ae5e20da4b484a0c4acad/a5a18824-56f6-4f5f-abb6-64683cbd37bb/eb97e764a6200457_0"
    ],
    "ultima_modificacion": "2025-08-01 01:01:31.876200"
  },
  "938d2c17feb376340": {
    "app_sintetizada": "938D2C17FEB376340",
    "cantidad_archivos": 1,
    "archivos_fuente": [
      "Library/Application Support/Google/Chrome/Default/Service Worker/CacheStorage/d1394a4c842f7861ad7ae5e20da4b484a0c4acad/a5a18824-56f6-4f5f-abb6-64683cbd37bb/938d2c17feb37634_0"
    ],
    "ultima_modificacion": "2025-08-01 01:01:31.876385"
  },
  "4f1ec1a033cf54d50": {
    "app_sintetizada": "4F1EC1A033CF54D50",
    "cantidad_archivos": 1,
    "archivos_fuente": [
      "Library/Application Support/Google/Chrome/Default/Service Worker/CacheStorage/d1394a4c842f7861ad7ae5e20da4b484a0c4acad/a5a18824-56f6-4f5f-abb6-64683cbd37bb/4f1ec1a033cf54d5_0"
    ],
    "ultima_modificacion": "2025-08-01 01:01:31.876597"
  },
  "30fdbb26cb5469930": {
    "app_sintetizada": "30FDBB26CB5469930",
    "cantidad_archivos": 1,
    "archivos_fuente": [
      "Library/Application Support/Google/Chrome/Default/Service Worker/CacheStorage/d1394a4c842f7861ad7ae5e20da4b484a0c4acad/a5a18824-56f6-4f5f-abb6-64683cbd37bb/30fdbb26cb546993_0"
    ],
    "ultima_modificacion": "2025-08-01 01:01:31.876856"
  },
  "553ec7e3f28614a90": {
    "app_sintetizada": "553EC7E3F28614A90",
    "cantidad_archivos": 1,
    "archivos_fuente": [
      "Library/Application Support/Google/Chrome/Default/Service Worker/CacheStorage/d1394a4c842f7861ad7ae5e20da4b484a0c4acad/a5a18824-56f6-4f5f-abb6-64683cbd37bb/553ec7e3f28614a9_0"
    ],
    "ultima_modificacion": "2025-08-01 01:01:31.877065"
  },
  "23a9fb6bb0b280ce0": {
    "app_sintetizada": "23A9FB6BB0B280CE0",
    "cantidad_archivos": 1,
    "archivos_fuente": [
      "Library/Application Support/Google/Chrome/Default/Service Worker/CacheStorage/d1394a4c842f7861ad7ae5e20da4b484a0c4acad/a5a18824-56f6-4f5f-abb6-64683cbd37bb/23a9fb6bb0b280ce_0"
    ],
    "ultima_modificacion": "2025-08-01 01:01:31.877352"
  },
  "e339d4187ae20b570": {
    "app_sintetizada": "E339D4187AE20B570",
    "cantidad_archivos": 1,
    "archivos_fuente": [
      "Library/Application Support/Google/Chrome/Default/Service Worker/CacheStorage/d1394a4c842f7861ad7ae5e20da4b484a0c4acad/a5a18824-56f6-4f5f-abb6-64683cbd37bb/e339d4187ae20b57_0"
    ],
    "ultima_modificacion": "2025-08-01 01:01:31.877559"
  },
  "9402413c5d78b6840": {
    "app_sintetizada": "9402413C5D78B6840",
    "cantidad_archivos": 1,
    "archivos_fuente": [
      "Library/Application Support/Google/Chrome/Default/Service Worker/CacheStorage/d1394a4c842f7861ad7ae5e20da4b484a0c4acad/a5a18824-56f6-4f5f-abb6-64683cbd37bb/9402413c5d78b684_0"
    ],
    "ultima_modificacion": "2025-08-01 01:01:31.877775"
  },
  "4ebd140180bb0beb0": {
    "app_sintetizada": "4EBD140180BB0BEB0",
    "cantidad_archivos": 1,
    "archivos_fuente": [
      "Library/Application Support/Google/Chrome/Default/Service Worker/CacheStorage/d1394a4c842f7861ad7ae5e20da4b484a0c4acad/a5a18824-56f6-4f5f-abb6-64683cbd37bb/4ebd140180bb0beb_0"
    ],
    "ultima_modificacion": "2025-08-01 01:01:31.877983"
  },
  "b02e034a101b0e3e0": {
    "app_sintetizada": "B02E034A101B0E3E0",
    "cantidad_archivos": 1,
    "archivos_fuente": [
      "Library/Application Support/Google/Chrome/Default/Service Worker/CacheStorage/d1394a4c842f7861ad7ae5e20da4b484a0c4acad/a5a18824-56f6-4f5f-abb6-64683cbd37bb/b02e034a101b0e3e_0"
    ],
    "ultima_modificacion": "2025-08-01 01:01:31.878238"
  },
  "ee4d0171cf2791f90": {
    "app_sintetizada": "EE4D0171CF2791F90",
    "cantidad_archivos": 1,
    "archivos_fuente": [
      "Library/Application Support/Google/Chrome/Default/Service Worker/CacheStorage/d1394a4c842f7861ad7ae5e20da4b484a0c4acad/a5a18824-56f6-4f5f-abb6-64683cbd37bb/ee4d0171cf2791f9_0"
    ],
    "ultima_modificacion": "2025-08-01 01:01:31.878513"
  },
  "24b7744629c40ee10": {
    "app_sintetizada": "24B7744629C40EE10",
    "cantidad_archivos": 1,
    "archivos_fuente": [
      "Library/Application Support/Google/Chrome/Default/Service Worker/CacheStorage/d1394a4c842f7861ad7ae5e20da4b484a0c4acad/a5a18824-56f6-4f5f-abb6-64683cbd37bb/24b7744629c40ee1_0"
    ],
    "ultima_modificacion": "2025-08-01 01:01:31.878774"
  },
  "6420f4b7826f14630": {
    "app_sintetizada": "6420F4B7826F14630",
    "cantidad_archivos": 1,
    "archivos_fuente": [
      "Library/Application Support/Google/Chrome/Default/Service Worker/CacheStorage/d1394a4c842f7861ad7ae5e20da4b484a0c4acad/a5a18824-56f6-4f5f-abb6-64683cbd37bb/6420f4b7826f1463_0"
    ],
    "ultima_modificacion": "2025-08-01 01:01:31.879051"
  },
  "52ce21b44a02b4550": {
    "app_sintetizada": "52CE21B44A02B4550",
    "cantidad_archivos": 1,
    "archivos_fuente": [
      "Library/Application Support/Google/Chrome/Default/Service Worker/CacheStorage/d1394a4c842f7861ad7ae5e20da4b484a0c4acad/a5a18824-56f6-4f5f-abb6-64683cbd37bb/52ce21b44a02b455_0"
    ],
    "ultima_modificacion": "2025-08-01 01:01:31.879246"
  },
  "e006a1615604991b0": {
    "app_sintetizada": "E006A1615604991B0",
    "cantidad_archivos": 1,
    "archivos_fuente": [
      "Library/Application Support/Google/Chrome/Default/Service Worker/CacheStorage/d1394a4c842f7861ad7ae5e20da4b484a0c4acad/a5a18824-56f6-4f5f-abb6-64683cbd37bb/e006a1615604991b_0"
    ],
    "ultima_modificacion": "2025-08-01 01:01:31.879429"
  },
  "de47543e923a24a20": {
    "app_sintetizada": "DE47543E923A24A20",
    "cantidad_archivos": 1,
    "archivos_fuente": [
      "Library/Application Support/Google/Chrome/Default/Service Worker/CacheStorage/d1394a4c842f7861ad7ae5e20da4b484a0c4acad/a5a18824-56f6-4f5f-abb6-64683cbd37bb/de47543e923a24a2_0"
    ],
    "ultima_modificacion": "2025-08-01 01:01:31.879610"
  },
  "e9dd4cb9baddc8410": {
    "app_sintetizada": "E9DD4CB9BADDC8410",
    "cantidad_archivos": 1,
    "archivos_fuente": [
      "Library/Application Support/Google/Chrome/Default/Service Worker/CacheStorage/d1394a4c842f7861ad7ae5e20da4b484a0c4acad/a5a18824-56f6-4f5f-abb6-64683cbd37bb/e9dd4cb9baddc841_0"
    ],
    "ultima_modificacion": "2025-08-01 01:01:31.879784"
  },
  "9234e13de1898fac0": {
    "app_sintetizada": "9234E13DE1898FAC0",
    "cantidad_archivos": 1,
    "archivos_fuente": [
      "Library/Application Support/Google/Chrome/Default/Service Worker/CacheStorage/d1394a4c842f7861ad7ae5e20da4b484a0c4acad/a5a18824-56f6-4f5f-abb6-64683cbd37bb/9234e13de1898fac_0"
    ],
    "ultima_modificacion": "2025-08-01 01:01:31.879960"
  },
  "1ab573ba698c73280": {
    "app_sintetizada": "1AB573BA698C73280",
    "cantidad_archivos": 1,
    "archivos_fuente": [
      "Library/Application Support/Google/Chrome/Default/Service Worker/CacheStorage/d1394a4c842f7861ad7ae5e20da4b484a0c4acad/a5a18824-56f6-4f5f-abb6-64683cbd37bb/1ab573ba698c7328_0"
    ],
    "ultima_modificacion": "2025-08-01 01:01:31.880135"
  },
  "5f6b029a92e63a200": {
    "app_sintetizada": "5F6B029A92E63A200",
    "cantidad_archivos": 1,
    "archivos_fuente": [
      "Library/Application Support/Google/Chrome/Default/Service Worker/CacheStorage/d1394a4c842f7861ad7ae5e20da4b484a0c4acad/a5a18824-56f6-4f5f-abb6-64683cbd37bb/5f6b029a92e63a20_0"
    ],
    "ultima_modificacion": "2025-08-01 01:01:31.880320"
  },
  "07733896f48d07f60": {
    "app_sintetizada": "07733896F48D07F60",
    "cantidad_archivos": 1,
    "archivos_fuente": [
      "Library/Application Support/Google/Chrome/Default/Service Worker/CacheStorage/d1394a4c842f7861ad7ae5e20da4b484a0c4acad/a5a18824-56f6-4f5f-abb6-64683cbd37bb/07733896f48d07f6_0"
    ],
    "ultima_modificacion": "2025-08-01 01:01:31.880494"
  },
  "f3c92425ca2f3f7a0": {
    "app_sintetizada": "F3C92425CA2F3F7A0",
    "cantidad_archivos": 1,
    "archivos_fuente": [
      "Library/Application Support/Google/Chrome/Default/Service Worker/CacheStorage/d1394a4c842f7861ad7ae5e20da4b484a0c4acad/a5a18824-56f6-4f5f-abb6-64683cbd37bb/f3c92425ca2f3f7a_0"
    ],
    "ultima_modificacion": "2025-08-01 01:01:31.880664"
  },
  "d14c73ecd79f21550": {
    "app_sintetizada": "D14C73ECD79F21550",
    "cantidad_archivos": 1,
    "archivos_fuente": [
      "Library/Application Support/Google/Chrome/Default/Service Worker/CacheStorage/d1394a4c842f7861ad7ae5e20da4b484a0c4acad/a5a18824-56f6-4f5f-abb6-64683cbd37bb/d14c73ecd79f2155_0"
    ],
    "ultima_modificacion": "2025-08-01 01:01:31.880833"
  },
  "596fdf37c20112400": {
    "app_sintetizada": "596FDF37C20112400",
    "cantidad_archivos": 1,
    "archivos_fuente": [
      "Library/Application Support/Google/Chrome/Default/Service Worker/CacheStorage/d1394a4c842f7861ad7ae5e20da4b484a0c4acad/a5a18824-56f6-4f5f-abb6-64683cbd37bb/596fdf37c2011240_0"
    ],
    "ultima_modificacion": "2025-08-01 01:01:31.881007"
  },
  "54922453ef28668e0": {
    "app_sintetizada": "54922453EF28668E0",
    "cantidad_archivos": 1,
    "archivos_fuente": [
      "Library/Application Support/Google/Chrome/Default/Service Worker/CacheStorage/d1394a4c842f7861ad7ae5e20da4b484a0c4acad/a5a18824-56f6-4f5f-abb6-64683cbd37bb/54922453ef28668e_0"
    ],
    "ultima_modificacion": "2025-08-01 01:01:31.881184"
  },
  "d83be4a020864bdf0": {
    "app_sintetizada": "D83BE4A020864BDF0",
    "cantidad_archivos": 1,
    "archivos_fuente": [
      "Library/Application Support/Google/Chrome/Default/Service Worker/CacheStorage/d1394a4c842f7861ad7ae5e20da4b484a0c4acad/a5a18824-56f6-4f5f-abb6-64683cbd37bb/d83be4a020864bdf_0"
    ],
    "ultima_modificacion": "2025-08-01 01:01:31.881355"
  },
  "23fc29e650ee5de70": {
    "app_sintetizada": "23FC29E650EE5DE70",
    "cantidad_archivos": 1,
    "archivos_fuente": [
      "Library/Application Support/Google/Chrome/Default/Service Worker/CacheStorage/d1394a4c842f7861ad7ae5e20da4b484a0c4acad/a5a18824-56f6-4f5f-abb6-64683cbd37bb/23fc29e650ee5de7_0"
    ],
    "ultima_modificacion": "2025-08-01 01:01:31.881531"
  },
  "eb82bfe90fe2f6770": {
    "app_sintetizada": "EB82BFE90FE2F6770",
    "cantidad_archivos": 1,
    "archivos_fuente": [
      "Library/Application Support/Google/Chrome/Default/Service Worker/CacheStorage/d1394a4c842f7861ad7ae5e20da4b484a0c4acad/a5a18824-56f6-4f5f-abb6-64683cbd37bb/eb82bfe90fe2f677_0"
    ],
    "ultima_modificacion": "2025-08-01 01:01:31.881752"
  },
  "03f7f81f5edce1ac0": {
    "app_sintetizada": "03F7F81F5EDCE1AC0",
    "cantidad_archivos": 1,
    "archivos_fuente": [
      "Library/Application Support/Google/Chrome/Default/Service Worker/CacheStorage/d1394a4c842f7861ad7ae5e20da4b484a0c4acad/a5a18824-56f6-4f5f-abb6-64683cbd37bb/03f7f81f5edce1ac_0"
    ],
    "ultima_modificacion": "2025-08-01 01:01:31.882046"
  },
  "4801be0a95c7a27d0": {
    "app_sintetizada": "4801BE0A95C7A27D0",
    "cantidad_archivos": 1,
    "archivos_fuente": [
      "Library/Application Support/Google/Chrome/Default/Service Worker/CacheStorage/d1394a4c842f7861ad7ae5e20da4b484a0c4acad/a5a18824-56f6-4f5f-abb6-64683cbd37bb/4801be0a95c7a27d_0"
    ],
    "ultima_modificacion": "2025-08-01 01:01:31.882250"
  },
  "2940a1d154ada63d0": {
    "app_sintetizada": "2940A1D154ADA63D0",
    "cantidad_archivos": 1,
    "archivos_fuente": [
      "Library/Application Support/Google/Chrome/Default/Service Worker/CacheStorage/d1394a4c842f7861ad7ae5e20da4b484a0c4acad/a5a18824-56f6-4f5f-abb6-64683cbd37bb/2940a1d154ada63d_0"
    ],
    "ultima_modificacion": "2025-08-01 01:01:31.882433"
  },
  "541f93781da69bad0": {
    "app_sintetizada": "541F93781DA69BAD0",
    "cantidad_archivos": 1,
    "archivos_fuente": [
      "Library/Application Support/Google/Chrome/Default/Service Worker/CacheStorage/d1394a4c842f7861ad7ae5e20da4b484a0c4acad/a5a18824-56f6-4f5f-abb6-64683cbd37bb/541f93781da69bad_0"
    ],
    "ultima_modificacion": "2025-08-01 01:01:31.882616"
  },
  "3b8a430b7dec643d0": {
    "app_sintetizada": "3B8A430B7DEC643D0",
    "cantidad_archivos": 1,
    "archivos_fuente": [
      "Library/Application Support/Google/Chrome/Default/Service Worker/CacheStorage/d1394a4c842f7861ad7ae5e20da4b484a0c4acad/a5a18824-56f6-4f5f-abb6-64683cbd37bb/3b8a430b7dec643d_0"
    ],
    "ultima_modificacion": "2025-08-01 01:01:31.882794"
  },
  "c1becfba67b4da120": {
    "app_sintetizada": "C1BECFBA67B4DA120",
    "cantidad_archivos": 1,
    "archivos_fuente": [
      "Library/Application Support/Google/Chrome/Default/Service Worker/CacheStorage/d1394a4c842f7861ad7ae5e20da4b484a0c4acad/a5a18824-56f6-4f5f-abb6-64683cbd37bb/c1becfba67b4da12_0"
    ],
    "ultima_modificacion": "2025-08-01 01:01:31.883020"
  },
  "779180fbbbd054d60": {
    "app_sintetizada": "779180FBBBD054D60",
    "cantidad_archivos": 1,
    "archivos_fuente": [
      "Library/Application Support/Google/Chrome/Default/Service Worker/CacheStorage/d1394a4c842f7861ad7ae5e20da4b484a0c4acad/a5a18824-56f6-4f5f-abb6-64683cbd37bb/779180fbbbd054d6_0"
    ],
    "ultima_modificacion": "2025-08-01 01:01:31.883260"
  },
  "e1e807254ecd19a70": {
    "app_sintetizada": "E1E807254ECD19A70",
    "cantidad_archivos": 1,
    "archivos_fuente": [
      "Library/Application Support/Google/Chrome/Default/Service Worker/CacheStorage/d1394a4c842f7861ad7ae5e20da4b484a0c4acad/a5a18824-56f6-4f5f-abb6-64683cbd37bb/e1e807254ecd19a7_0"
    ],
    "ultima_modificacion": "2025-08-01 01:01:31.883493"
  },
  "e9ca5eab1f3bb95e0": {
    "app_sintetizada": "E9CA5EAB1F3BB95E0",
    "cantidad_archivos": 1,
    "archivos_fuente": [
      "Library/Application Support/Google/Chrome/Default/Service Worker/CacheStorage/d1394a4c842f7861ad7ae5e20da4b484a0c4acad/a5a18824-56f6-4f5f-abb6-64683cbd37bb/e9ca5eab1f3bb95e_0"
    ],
    "ultima_modificacion": "2025-08-01 01:01:31.883835"
  }
}