{
  "7617674b1c0d58620": {
    "app_sintetizada": "7617674B1C0D58620",
    "cantidad_archivos": 1,
    "archivos_fuente": [
      "Library/Application Support/Microsoft/Skype for Desktop/Cache/7617674b1c0d5862_0"
    ],
    "ultima_modificacion": "2025-08-01 01:01:38.062846"
  },
  "13172c77c1fa26710": {
    "app_sintetizada": "13172C77C1FA26710",
    "cantidad_archivos": 1,
    "archivos_fuente": [
      "Library/Application Support/Microsoft/Skype for Desktop/Cache/13172c77c1fa2671_0"
    ],
    "ultima_modificacion": "2025-08-01 01:01:38.063115"
  },
  "3af5b49b3ed3bd6f0": {
    "app_sintetizada": "3AF5B49B3ED3BD6F0",
    "cantidad_archivos": 1,
    "archivos_fuente": [
      "Library/Application Support/Microsoft/Skype for Desktop/Cache/3af5b49b3ed3bd6f_0"
    ],
    "ultima_modificacion": "2025-08-01 01:01:38.063420"
  },
  "4974cd7ec5f7e0580": {
    "app_sintetizada": "4974CD7EC5F7E0580",
    "cantidad_archivos": 1,
    "archivos_fuente": [
      "Library/Application Support/Microsoft/Skype for Desktop/Cache/4974cd7ec5f7e058_0"
    ],
    "ultima_modificacion": "2025-08-01 01:01:38.063684"
  },
  "7a9209ce9234d5850": {
    "app_sintetizada": "7A9209CE9234D5850",
    "cantidad_archivos": 1,
    "archivos_fuente": [
      "Library/Application Support/Microsoft/Skype for Desktop/Cache/7a9209ce9234d585_0"
    ],
    "ultima_modificacion": "2025-08-01 01:01:38.063949"
  },
  "ea877f424cb7809f0": {
    "app_sintetizada": "EA877F424CB7809F0",
    "cantidad_archivos": 1,
    "archivos_fuente": [
      "Library/Application Support/Microsoft/Skype for Desktop/Cache/ea877f424cb7809f_0"
    ],
    "ultima_modificacion": "2025-08-01 01:01:38.064214"
  },
  "13085db8cbfa90b40": {
    "app_sintetizada": "13085DB8CBFA90B40",
    "cantidad_archivos": 1,
    "archivos_fuente": [
      "Library/Application Support/Microsoft/Skype for Desktop/Cache/13085db8cbfa90b4_0"
    ],
    "ultima_modificacion": "2025-08-01 01:01:38.064532"
  },
  "e3f3190a7ff4a7c10": {
    "app_sintetizada": "E3F3190A7FF4A7C10",
    "cantidad_archivos": 1,
    "archivos_fuente": [
      "Library/Application Support/Microsoft/Skype for Desktop/Cache/e3f3190a7ff4a7c1_0"
    ],
    "ultima_modificacion": "2025-08-01 01:01:38.064795"
  },
  "a90c284ca78248410": {
    "app_sintetizada": "A90C284CA78248410",
    "cantidad_archivos": 1,
    "archivos_fuente": [
      "Library/Application Support/Microsoft/Skype for Desktop/Cache/a90c284ca7824841_0"
    ],
    "ultima_modificacion": "2025-08-01 01:01:38.065160"
  },
  "d9abdfa0d6834ed40": {
    "app_sintetizada": "D9ABDFA0D6834ED40",
    "cantidad_archivos": 1,
    "archivos_fuente": [
      "Library/Application Support/Microsoft/Skype for Desktop/Cache/d9abdfa0d6834ed4_0"
    ],
    "ultima_modificacion": "2025-08-01 01:01:38.065501"
  },
  "4c50998bb33aa4d70": {
    "app_sintetizada": "4C50998BB33AA4D70",
    "cantidad_archivos": 1,
    "archivos_fuente": [
      "Library/Application Support/Microsoft/Skype for Desktop/Cache/4c50998bb33aa4d7_0"
    ],
    "ultima_modificacion": "2025-08-01 01:01:38.065922"
  },
  "0816ab6d76ec9ccc0": {
    "app_sintetizada": "0816AB6D76EC9CCC0",
    "cantidad_archivos": 1,
    "archivos_fuente": [
      "Library/Application Support/Microsoft/Skype for Desktop/Cache/0816ab6d76ec9ccc_0"
    ],
    "ultima_modificacion": "2025-08-01 01:01:38.066262"
  },
  "d9836c9d0b4383d80": {
    "app_sintetizada": "D9836C9D0B4383D80",
    "cantidad_archivos": 1,
    "archivos_fuente": [
      "Library/Application Support/Microsoft/Skype for Desktop/Cache/d9836c9d0b4383d8_0"
    ],
    "ultima_modificacion": "2025-08-01 01:01:38.066587"
  },
  "8c645f26a6ff83cd0": {
    "app_sintetizada": "8C645F26A6FF83CD0",
    "cantidad_archivos": 1,
    "archivos_fuente": [
      "Library/Application Support/Microsoft/Skype for Desktop/Cache/8c645f26a6ff83cd_0"
    ],
    "ultima_modificacion": "2025-08-01 01:01:38.066951"
  },
  "c0b0aa81f7349cd80": {
    "app_sintetizada": "C0B0AA81F7349CD80",
    "cantidad_archivos": 1,
    "archivos_fuente": [
      "Library/Application Support/Microsoft/Skype for Desktop/Cache/c0b0aa81f7349cd8_0"
    ],
    "ultima_modificacion": "2025-08-01 01:01:38.068772"
  },
  "efb671d3453dea130": {
    "app_sintetizada": "EFB671D3453DEA130",
    "cantidad_archivos": 1,
    "archivos_fuente": [
      "Library/Application Support/Microsoft/Skype for Desktop/Cache/efb671d3453dea13_0"
    ],
    "ultima_modificacion": "2025-08-01 01:01:38.069213"
  },
  "36eb56b05110a2dd0": {
    "app_sintetizada": "36EB56B05110A2DD0",
    "cantidad_archivos": 1,
    "archivos_fuente": [
      "Library/Application Support/Microsoft/Skype for Desktop/Cache/36eb56b05110a2dd_0"
    ],
    "ultima_modificacion": "2025-08-01 01:01:38.069610"
  },
  "06690ecde945508b0": {
    "app_sintetizada": "06690ECDE945508B0",
    "cantidad_archivos": 1,
    "archivos_fuente": [
      "Library/Application Support/Microsoft/Skype for Desktop/Cache/06690ecde945508b_0"
    ],
    "ultima_modificacion": "2025-08-01 01:01:38.069973"
  },
  "4d00bd1c93d214800": {
    "app_sintetizada": "4D00BD1C93D214800",
    "cantidad_archivos": 1,
    "archivos_fuente": [
      "Library/Application Support/Microsoft/Skype for Desktop/Cache/4d00bd1c93d21480_0"
    ],
    "ultima_modificacion": "2025-08-01 01:01:38.070347"
  },
  "5199823e5e904afe0": {
    "app_sintetizada": "5199823E5E904AFE0",
    "cantidad_archivos": 1,
    "archivos_fuente": [
      "Library/Application Support/Microsoft/Skype for Desktop/Cache/5199823e5e904afe_0"
    ],
    "ultima_modificacion": "2025-08-01 01:01:38.070642"
  },
  "63de9c832e4cf7310": {
    "app_sintetizada": "63DE9C832E4CF7310",
    "cantidad_archivos": 1,
    "archivos_fuente": [
      "Library/Application Support/Microsoft/Skype for Desktop/Cache/63de9c832e4cf731_0"
    ],
    "ultima_modificacion": "2025-08-01 01:01:38.071047"
  },
  "2dabc009b46066f70": {
    "app_sintetizada": "2DABC009B46066F70",
    "cantidad_archivos": 1,
    "archivos_fuente": [
      "Library/Application Support/Microsoft/Skype for Desktop/Cache/2dabc009b46066f7_0"
    ],
    "ultima_modificacion": "2025-08-01 01:01:38.071407"
  },
  "85c4de57348310da0": {
    "app_sintetizada": "85C4DE57348310DA0",
    "cantidad_archivos": 1,
    "archivos_fuente": [
      "Library/Application Support/Microsoft/Skype for Desktop/Cache/85c4de57348310da_0"
    ],
    "ultima_modificacion": "2025-08-01 01:01:38.071698"
  },
  "92b84bc399ce0c7b0": {
    "app_sintetizada": "92B84BC399CE0C7B0",
    "cantidad_archivos": 1,
    "archivos_fuente": [
      "Library/Application Support/Microsoft/Skype for Desktop/Cache/92b84bc399ce0c7b_0"
    ],
    "ultima_modificacion": "2025-08-01 01:01:38.072017"
  },
  "a761769f68d170680": {
    "app_sintetizada": "A761769F68D170680",
    "cantidad_archivos": 1,
    "archivos_fuente": [
      "Library/Application Support/Microsoft/Skype for Desktop/Cache/a761769f68d17068_0"
    ],
    "ultima_modificacion": "2025-08-01 01:01:38.072279"
  },
  "277e82a2aec4e5600": {
    "app_sintetizada": "277E82A2AEC4E5600",
    "cantidad_archivos": 1,
    "archivos_fuente": [
      "Library/Application Support/Microsoft/Skype for Desktop/Cache/277e82a2aec4e560_0"
    ],
    "ultima_modificacion": "2025-08-01 01:01:38.072590"
  },
  "6843132143f201690": {
    "app_sintetizada": "6843132143F201690",
    "cantidad_archivos": 1,
    "archivos_fuente": [
      "Library/Application Support/Microsoft/Skype for Desktop/Cache/6843132143f20169_0"
    ],
    "ultima_modificacion": "2025-08-01 01:01:38.072869"
  },
  "f6ddc03f6d5c0b360": {
    "app_sintetizada": "F6DDC03F6D5C0B360",
    "cantidad_archivos": 1,
    "archivos_fuente": [
      "Library/Application Support/Microsoft/Skype for Desktop/Cache/f6ddc03f6d5c0b36_0"
    ],
    "ultima_modificacion": "2025-08-01 01:01:38.073161"
  },
  "7037bf8e8ca82ac50": {
    "app_sintetizada": "7037BF8E8CA82AC50",
    "cantidad_archivos": 1,
    "archivos_fuente": [
      "Library/Application Support/Microsoft/Skype for Desktop/Cache/7037bf8e8ca82ac5_0"
    ],
    "ultima_modificacion": "2025-08-01 01:01:38.073516"
  },
  "23372f2acfd455510": {
    "app_sintetizada": "23372F2ACFD455510",
    "cantidad_archivos": 1,
    "archivos_fuente": [
      "Library/Application Support/Microsoft/Skype for Desktop/Cache/23372f2acfd45551_0"
    ],
    "ultima_modificacion": "2025-08-01 01:01:38.073868"
  },
  "30ed8cc1ade8b17d0": {
    "app_sintetizada": "30ED8CC1ADE8B17D0",
    "cantidad_archivos": 1,
    "archivos_fuente": [
      "Library/Application Support/Microsoft/Skype for Desktop/Cache/30ed8cc1ade8b17d_0"
    ],
    "ultima_modificacion": "2025-08-01 01:01:38.074271"
  },
  "f3f7666cb301d0170": {
    "app_sintetizada": "F3F7666CB301D0170",
    "cantidad_archivos": 1,
    "archivos_fuente": [
      "Library/Application Support/Microsoft/Skype for Desktop/Cache/f3f7666cb301d017_0"
    ],
    "ultima_modificacion": "2025-08-01 01:01:38.074593"
  },
  "2990797c170f592c0": {
    "app_sintetizada": "2990797C170F592C0",
    "cantidad_archivos": 1,
    "archivos_fuente": [
      "Library/Application Support/Microsoft/Skype for Desktop/Cache/2990797c170f592c_0"
    ],
    "ultima_modificacion": "2025-08-01 01:01:38.074863"
  },
  "467e91fac9423b610": {
    "app_sintetizada": "467E91FAC9423B610",
    "cantidad_archivos": 1,
    "archivos_fuente": [
      "Library/Application Support/Microsoft/Skype for Desktop/Cache/467e91fac9423b61_0"
    ],
    "ultima_modificacion": "2025-08-01 01:01:38.075168"
  },
  "3d4022971d6175e80": {
    "app_sintetizada": "3D4022971D6175E80",
    "cantidad_archivos": 1,
    "archivos_fuente": [
      "Library/Application Support/Microsoft/Skype for Desktop/Cache/3d4022971d6175e8_0"
    ],
    "ultima_modificacion": "2025-08-01 01:01:38.075425"
  },
  "02ea2f3f96ce28a20": {
    "app_sintetizada": "02EA2F3F96CE28A20",
    "cantidad_archivos": 1,
    "archivos_fuente": [
      "Library/Application Support/Microsoft/Skype for Desktop/Cache/02ea2f3f96ce28a2_0"
    ],
    "ultima_modificacion": "2025-08-01 01:01:38.075721"
  },
  "55982b7eaf75083c0": {
    "app_sintetizada": "55982B7EAF75083C0",
    "cantidad_archivos": 1,
    "archivos_fuente": [
      "Library/Application Support/Microsoft/Skype for Desktop/Cache/55982b7eaf75083c_0"
    ],
    "ultima_modificacion": "2025-08-01 01:01:38.075980"
  },
  "43c472572ef05a020": {
    "app_sintetizada": "43C472572EF05A020",
    "cantidad_archivos": 1,
    "archivos_fuente": [
      "Library/Application Support/Microsoft/Skype for Desktop/Cache/43c472572ef05a02_0"
    ],
    "ultima_modificacion": "2025-08-01 01:01:38.076339"
  },
  "7e4305c1fe08de2f0": {
    "app_sintetizada": "7E4305C1FE08DE2F0",
    "cantidad_archivos": 1,
    "archivos_fuente": [
      "Library/Application Support/Microsoft/Skype for Desktop/Cache/7e4305c1fe08de2f_0"
    ],
    "ultima_modificacion": "2025-08-01 01:01:38.076607"
  },
  "e8080a9de7f1260b0": {
    "app_sintetizada": "E8080A9DE7F1260B0",
    "cantidad_archivos": 1,
    "archivos_fuente": [
      "Library/Application Support/Microsoft/Skype for Desktop/Cache/e8080a9de7f1260b_0"
    ],
    "ultima_modificacion": "2025-08-01 01:01:38.076899"
  },
  "8d46906a2b4a5bef0": {
    "app_sintetizada": "8D46906A2B4A5BEF0",
    "cantidad_archivos": 1,
    "archivos_fuente": [
      "Library/Application Support/Microsoft/Skype for Desktop/Cache/8d46906a2b4a5bef_0"
    ],
    "ultima_modificacion": "2025-08-01 01:01:38.077154"
  },
  "b7c09eabd2cf0dce0": {
    "app_sintetizada": "B7C09EABD2CF0DCE0",
    "cantidad_archivos": 1,
    "archivos_fuente": [
      "Library/Application Support/Microsoft/Skype for Desktop/Cache/b7c09eabd2cf0dce_0"
    ],
    "ultima_modificacion": "2025-08-01 01:01:38.077418"
  },
  "84033255d3cb3cba0": {
    "app_sintetizada": "84033255D3CB3CBA0",
    "cantidad_archivos": 1,
    "archivos_fuente": [
      "Library/Application Support/Microsoft/Skype for Desktop/Cache/84033255d3cb3cba_0"
    ],
    "ultima_modificacion": "2025-08-01 01:01:38.077679"
  },
  "77cc4d844ec41f330": {
    "app_sintetizada": "77CC4D844EC41F330",
    "cantidad_archivos": 1,
    "archivos_fuente": [
      "Library/Application Support/Microsoft/Skype for Desktop/Cache/77cc4d844ec41f33_0"
    ],
    "ultima_modificacion": "2025-08-01 01:01:38.078039"
  },
  "e4ec7176b87955f20": {
    "app_sintetizada": "E4EC7176B87955F20",
    "cantidad_archivos": 1,
    "archivos_fuente": [
      "Library/Application Support/Microsoft/Skype for Desktop/Cache/e4ec7176b87955f2_0"
    ],
    "ultima_modificacion": "2025-08-01 01:01:38.078293"
  },
  "0a490b19697ce2290": {
    "app_sintetizada": "0A490B19697CE2290",
    "cantidad_archivos": 1,
    "archivos_fuente": [
      "Library/Application Support/Microsoft/Skype for Desktop/Cache/0a490b19697ce229_0"
    ],
    "ultima_modificacion": "2025-08-01 01:01:38.078591"
  },
  "8386a75f3b67eef80": {
    "app_sintetizada": "8386A75F3B67EEF80",
    "cantidad_archivos": 1,
    "archivos_fuente": [
      "Library/Application Support/Microsoft/Skype for Desktop/Cache/8386a75f3b67eef8_0"
    ],
    "ultima_modificacion": "2025-08-01 01:01:38.078983"
  },
  "1de6378d39a6656f0": {
    "app_sintetizada": "1DE6378D39A6656F0",
    "cantidad_archivos": 1,
    "archivos_fuente": [
      "Library/Application Support/Microsoft/Skype for Desktop/Cache/1de6378d39a6656f_0"
    ],
    "ultima_modificacion": "2025-08-01 01:01:38.079231"
  },
  "60566d6c9c7ab88b0": {
    "app_sintetizada": "60566D6C9C7AB88B0",
    "cantidad_archivos": 1,
    "archivos_fuente": [
      "Library/Application Support/Microsoft/Skype for Desktop/Cache/60566d6c9c7ab88b_0"
    ],
    "ultima_modificacion": "2025-08-01 01:01:38.079517"
  },
  "eac381980a9a49220": {
    "app_sintetizada": "EAC381980A9A49220",
    "cantidad_archivos": 1,
    "archivos_fuente": [
      "Library/Application Support/Microsoft/Skype for Desktop/Cache/eac381980a9a4922_0"
    ],
    "ultima_modificacion": "2025-08-01 01:01:38.079760"
  },
  "373c79f30794fd6f0": {
    "app_sintetizada": "373C79F30794FD6F0",
    "cantidad_archivos": 1,
    "archivos_fuente": [
      "Library/Application Support/Microsoft/Skype for Desktop/Cache/373c79f30794fd6f_0"
    ],
    "ultima_modificacion": "2025-08-01 01:01:38.080054"
  },
  "72706894def0e8ba0": {
    "app_sintetizada": "72706894DEF0E8BA0",
    "cantidad_archivos": 1,
    "archivos_fuente": [
      "Library/Application Support/Microsoft/Skype for Desktop/Cache/72706894def0e8ba_0"
    ],
    "ultima_modificacion": "2025-08-01 01:01:38.080293"
  },
  "acc7d376d6f87bdb0": {
    "app_sintetizada": "ACC7D376D6F87BDB0",
    "cantidad_archivos": 1,
    "archivos_fuente": [
      "Library/Application Support/Microsoft/Skype for Desktop/Cache/acc7d376d6f87bdb_0"
    ],
    "ultima_modificacion": "2025-08-01 01:01:38.080539"
  },
  "be3f6dda29f7b0420": {
    "app_sintetizada": "BE3F6DDA29F7B0420",
    "cantidad_archivos": 1,
    "archivos_fuente": [
      "Library/Application Support/Microsoft/Skype for Desktop/Cache/be3f6dda29f7b042_0"
    ],
    "ultima_modificacion": "2025-08-01 01:01:38.080834"
  },
  "8b468ea68356c4190": {
    "app_sintetizada": "8B468EA68356C4190",
    "cantidad_archivos": 1,
    "archivos_fuente": [
      "Library/Application Support/Microsoft/Skype for Desktop/Cache/8b468ea68356c419_0"
    ],
    "ultima_modificacion": "2025-08-01 01:01:38.081166"
  },
  "8a1b7f0cb21fa3e40": {
    "app_sintetizada": "8A1B7F0CB21FA3E40",
    "cantidad_archivos": 1,
    "archivos_fuente": [
      "Library/Application Support/Microsoft/Skype for Desktop/Cache/8a1b7f0cb21fa3e4_0"
    ],
    "ultima_modificacion": "2025-08-01 01:01:38.081545"
  },
  "f37db7d463746d970": {
    "app_sintetizada": "F37DB7D463746D970",
    "cantidad_archivos": 1,
    "archivos_fuente": [
      "Library/Application Support/Microsoft/Skype for Desktop/Cache/f37db7d463746d97_0"
    ],
    "ultima_modificacion": "2025-08-01 01:01:38.081877"
  },
  "9c2bdfa6ae383b1b0": {
    "app_sintetizada": "9C2BDFA6AE383B1B0",
    "cantidad_archivos": 1,
    "archivos_fuente": [
      "Library/Application Support/Microsoft/Skype for Desktop/Cache/9c2bdfa6ae383b1b_0"
    ],
    "ultima_modificacion": "2025-08-01 01:01:38.082126"
  },
  "ecf9715077f789e30": {
    "app_sintetizada": "ECF9715077F789E30",
    "cantidad_archivos": 1,
    "archivos_fuente": [
      "Library/Application Support/Microsoft/Skype for Desktop/Cache/ecf9715077f789e3_0"
    ],
    "ultima_modificacion": "2025-08-01 01:01:38.082450"
  },
  "1796778259eafdfe0": {
    "app_sintetizada": "1796778259EAFDFE0",
    "cantidad_archivos": 1,
    "archivos_fuente": [
      "Library/Application Support/Microsoft/Skype for Desktop/Cache/1796778259eafdfe_0"
    ],
    "ultima_modificacion": "2025-08-01 01:01:38.082703"
  },
  "9f2754f6a1349df00": {
    "app_sintetizada": "9F2754F6A1349DF00",
    "cantidad_archivos": 1,
    "archivos_fuente": [
      "Library/Application Support/Microsoft/Skype for Desktop/Cache/9f2754f6a1349df0_0"
    ],
    "ultima_modificacion": "2025-08-01 01:01:38.082946"
  },
  "3351ad4b44a47ce00": {
    "app_sintetizada": "3351AD4B44A47CE00",
    "cantidad_archivos": 1,
    "archivos_fuente": [
      "Library/Application Support/Microsoft/Skype for Desktop/Cache/3351ad4b44a47ce0_0"
    ],
    "ultima_modificacion": "2025-08-01 01:01:38.083174"
  },
  "5c12a99553d8afc70": {
    "app_sintetizada": "5C12A99553D8AFC70",
    "cantidad_archivos": 1,
    "archivos_fuente": [
      "Library/Application Support/Microsoft/Skype for Desktop/Cache/5c12a99553d8afc7_0"
    ],
    "ultima_modificacion": "2025-08-01 01:01:38.083390"
  },
  "98fc5dc7470afd280": {
    "app_sintetizada": "98FC5DC7470AFD280",
    "cantidad_archivos": 1,
    "archivos_fuente": [
      "Library/Application Support/Microsoft/Skype for Desktop/Cache/98fc5dc7470afd28_0"
    ],
    "ultima_modificacion": "2025-08-01 01:01:38.083602"
  },
  "82669b8e6d194f3b0": {
    "app_sintetizada": "82669B8E6D194F3B0",
    "cantidad_archivos": 1,
    "archivos_fuente": [
      "Library/Application Support/Microsoft/Skype for Desktop/Cache/82669b8e6d194f3b_0"
    ],
    "ultima_modificacion": "2025-08-01 01:01:38.083918"
  },
  "3a30f36fba12191c0": {
    "app_sintetizada": "3A30F36FBA12191C0",
    "cantidad_archivos": 1,
    "archivos_fuente": [
      "Library/Application Support/Microsoft/Skype for Desktop/Cache/3a30f36fba12191c_0"
    ],
    "ultima_modificacion": "2025-08-01 01:01:38.084559"
  },
  "4f5e8026d5cfcde40": {
    "app_sintetizada": "4F5E8026D5CFCDE40",
    "cantidad_archivos": 1,
    "archivos_fuente": [
      "Library/Application Support/Microsoft/Skype for Desktop/Cache/4f5e8026d5cfcde4_0"
    ],
    "ultima_modificacion": "2025-08-01 01:01:38.084900"
  },
  "59fe7c023bb27d600": {
    "app_sintetizada": "59FE7C023BB27D600",
    "cantidad_archivos": 1,
    "archivos_fuente": [
      "Library/Application Support/Microsoft/Skype for Desktop/Cache/59fe7c023bb27d60_0"
    ],
    "ultima_modificacion": "2025-08-01 01:01:38.085160"
  },
  "7043036748cc8dc60": {
    "app_sintetizada": "7043036748CC8DC60",
    "cantidad_archivos": 1,
    "archivos_fuente": [
      "Library/Application Support/Microsoft/Skype for Desktop/Cache/7043036748cc8dc6_0"
    ],
    "ultima_modificacion": "2025-08-01 01:01:38.085496"
  },
  "40ff0f2a6d6ac16e0": {
    "app_sintetizada": "40FF0F2A6D6AC16E0",
    "cantidad_archivos": 1,
    "archivos_fuente": [
      "Library/Application Support/Microsoft/Skype for Desktop/Cache/40ff0f2a6d6ac16e_0"
    ],
    "ultima_modificacion": "2025-08-01 01:01:38.085748"
  },
  "0a21f13610e17d6a0": {
    "app_sintetizada": "0A21F13610E17D6A0",
    "cantidad_archivos": 1,
    "archivos_fuente": [
      "Library/Application Support/Microsoft/Skype for Desktop/Cache/0a21f13610e17d6a_0"
    ],
    "ultima_modificacion": "2025-08-01 01:01:38.086008"
  },
  "bb4ff0f48c99f1790": {
    "app_sintetizada": "BB4FF0F48C99F1790",
    "cantidad_archivos": 1,
    "archivos_fuente": [
      "Library/Application Support/Microsoft/Skype for Desktop/Cache/bb4ff0f48c99f179_0"
    ],
    "ultima_modificacion": "2025-08-01 01:01:38.086339"
  },
  "cdd10682aa4d6c910": {
    "app_sintetizada": "CDD10682AA4D6C910",
    "cantidad_archivos": 1,
    "archivos_fuente": [
      "Library/Application Support/Microsoft/Skype for Desktop/Cache/cdd10682aa4d6c91_0"
    ],
    "ultima_modificacion": "2025-08-01 01:01:38.086678"
  },
  "11103b156610e1770": {
    "app_sintetizada": "11103B156610E1770",
    "cantidad_archivos": 1,
    "archivos_fuente": [
      "Library/Application Support/Microsoft/Skype for Desktop/Cache/11103b156610e177_0"
    ],
    "ultima_modificacion": "2025-08-01 01:01:38.087048"
  },
  "0e1ba04cbdfb528b0": {
    "app_sintetizada": "0E1BA04CBDFB528B0",
    "cantidad_archivos": 1,
    "archivos_fuente": [
      "Library/Application Support/Microsoft/Skype for Desktop/Cache/0e1ba04cbdfb528b_0"
    ],
    "ultima_modificacion": "2025-08-01 01:01:38.087366"
  },
  "efd6c5f66eccb8580": {
    "app_sintetizada": "EFD6C5F66ECCB8580",
    "cantidad_archivos": 1,
    "archivos_fuente": [
      "Library/Application Support/Microsoft/Skype for Desktop/Cache/efd6c5f66eccb858_0"
    ],
    "ultima_modificacion": "2025-08-01 01:01:38.087700"
  },
  "fe51746e577edc610": {
    "app_sintetizada": "FE51746E577EDC610",
    "cantidad_archivos": 1,
    "archivos_fuente": [
      "Library/Application Support/Microsoft/Skype for Desktop/Cache/fe51746e577edc61_0"
    ],
    "ultima_modificacion": "2025-08-01 01:01:38.088025"
  },
  "83d6ad622227f3fd0": {
    "app_sintetizada": "83D6AD622227F3FD0",
    "cantidad_archivos": 1,
    "archivos_fuente": [
      "Library/Application Support/Microsoft/Skype for Desktop/Cache/83d6ad622227f3fd_0"
    ],
    "ultima_modificacion": "2025-08-01 01:01:38.088366"
  },
  "fb8d348602b19b020": {
    "app_sintetizada": "FB8D348602B19B020",
    "cantidad_archivos": 1,
    "archivos_fuente": [
      "Library/Application Support/Microsoft/Skype for Desktop/Cache/fb8d348602b19b02_0"
    ],
    "ultima_modificacion": "2025-08-01 01:01:38.088673"
  },
  "e47acb33dff69f760": {
    "app_sintetizada": "E47ACB33DFF69F760",
    "cantidad_archivos": 1,
    "archivos_fuente": [
      "Library/Application Support/Microsoft/Skype for Desktop/Cache/e47acb33dff69f76_0"
    ],
    "ultima_modificacion": "2025-08-01 01:01:38.088980"
  },
  "851d9ba6d87f2f0c0": {
    "app_sintetizada": "851D9BA6D87F2F0C0",
    "cantidad_archivos": 1,
    "archivos_fuente": [
      "Library/Application Support/Microsoft/Skype for Desktop/Cache/851d9ba6d87f2f0c_0"
    ],
    "ultima_modificacion": "2025-08-01 01:01:38.089280"
  },
  "723f8c0d10a0f9540": {
    "app_sintetizada": "723F8C0D10A0F9540",
    "cantidad_archivos": 1,
    "archivos_fuente": [
      "Library/Application Support/Microsoft/Skype for Desktop/Cache/723f8c0d10a0f954_0"
    ],
    "ultima_modificacion": "2025-08-01 01:01:38.089688"
  },
  "e96c5a1c56d377210": {
    "app_sintetizada": "E96C5A1C56D377210",
    "cantidad_archivos": 1,
    "archivos_fuente": [
      "Library/Application Support/Microsoft/Skype for Desktop/Cache/e96c5a1c56d37721_0"
    ],
    "ultima_modificacion": "2025-08-01 01:01:38.090050"
  },
  "7b27dc8aabb42ff90": {
    "app_sintetizada": "7B27DC8AABB42FF90",
    "cantidad_archivos": 1,
    "archivos_fuente": [
      "Library/Application Support/Microsoft/Skype for Desktop/Cache/7b27dc8aabb42ff9_0"
    ],
    "ultima_modificacion": "2025-08-01 01:01:38.090379"
  },
  "ca74e25716a7e3d70": {
    "app_sintetizada": "CA74E25716A7E3D70",
    "cantidad_archivos": 1,
    "archivos_fuente": [
      "Library/Application Support/Microsoft/Skype for Desktop/Cache/ca74e25716a7e3d7_0"
    ],
    "ultima_modificacion": "2025-08-01 01:01:38.090679"
  },
  "537b6a963f2011ce0": {
    "app_sintetizada": "537B6A963F2011CE0",
    "cantidad_archivos": 1,
    "archivos_fuente": [
      "Library/Application Support/Microsoft/Skype for Desktop/Cache/537b6a963f2011ce_0"
    ],
    "ultima_modificacion": "2025-08-01 01:01:38.091019"
  },
  "80766e06d2c593320": {
    "app_sintetizada": "80766E06D2C593320",
    "cantidad_archivos": 1,
    "archivos_fuente": [
      "Library/Application Support/Microsoft/Skype for Desktop/Cache/80766e06d2c59332_0"
    ],
    "ultima_modificacion": "2025-08-01 01:01:38.091329"
  },
  "9e907e6ce475abc80": {
    "app_sintetizada": "9E907E6CE475ABC80",
    "cantidad_archivos": 1,
    "archivos_fuente": [
      "Library/Application Support/Microsoft/Skype for Desktop/Cache/9e907e6ce475abc8_0"
    ],
    "ultima_modificacion": "2025-08-01 01:01:38.091635"
  },
  "d4e944467d6f89a30": {
    "app_sintetizada": "D4E944467D6F89A30",
    "cantidad_archivos": 1,
    "archivos_fuente": [
      "Library/Application Support/Microsoft/Skype for Desktop/Cache/d4e944467d6f89a3_0"
    ],
    "ultima_modificacion": "2025-08-01 01:01:38.091999"
  },
  "b3bb1c90c51f147e0": {
    "app_sintetizada": "B3BB1C90C51F147E0",
    "cantidad_archivos": 1,
    "archivos_fuente": [
      "Library/Application Support/Microsoft/Skype for Desktop/Cache/b3bb1c90c51f147e_0"
    ],
    "ultima_modificacion": "2025-08-01 01:01:38.092318"
  },
  "f4c9b51064ede54e0": {
    "app_sintetizada": "F4C9B51064EDE54E0",
    "cantidad_archivos": 1,
    "archivos_fuente": [
      "Library/Application Support/Microsoft/Skype for Desktop/Cache/f4c9b51064ede54e_0"
    ],
    "ultima_modificacion": "2025-08-01 01:01:38.092746"
  },
  "37b9a2717d6274560": {
    "app_sintetizada": "37B9A2717D6274560",
    "cantidad_archivos": 1,
    "archivos_fuente": [
      "Library/Application Support/Microsoft/Skype for Desktop/Cache/37b9a2717d627456_0"
    ],
    "ultima_modificacion": "2025-08-01 01:01:38.093069"
  },
  "a237679aa13de8400": {
    "app_sintetizada": "A237679AA13DE8400",
    "cantidad_archivos": 1,
    "archivos_fuente": [
      "Library/Application Support/Microsoft/Skype for Desktop/Cache/a237679aa13de840_0"
    ],
    "ultima_modificacion": "2025-08-01 01:01:38.093399"
  },
  "aac0ef731efdbaea0": {
    "app_sintetizada": "AAC0EF731EFDBAEA0",
    "cantidad_archivos": 1,
    "archivos_fuente": [
      "Library/Application Support/Microsoft/Skype for Desktop/Cache/aac0ef731efdbaea_0"
    ],
    "ultima_modificacion": "2025-08-01 01:01:38.093717"
  },
  "da5a6a988688a8f20": {
    "app_sintetizada": "DA5A6A988688A8F20",
    "cantidad_archivos": 1,
    "archivos_fuente": [
      "Library/Application Support/Microsoft/Skype for Desktop/Cache/da5a6a988688a8f2_0"
    ],
    "ultima_modificacion": "2025-08-01 01:01:38.094043"
  },
  "1201b7ee2ac0dec90": {
    "app_sintetizada": "1201B7EE2AC0DEC90",
    "cantidad_archivos": 1,
    "archivos_fuente": [
      "Library/Application Support/Microsoft/Skype for Desktop/Cache/1201b7ee2ac0dec9_0"
    ],
    "ultima_modificacion": "2025-08-01 01:01:38.094365"
  },
  "2fefc8d975d16faf0": {
    "app_sintetizada": "2FEFC8D975D16FAF0",
    "cantidad_archivos": 1,
    "archivos_fuente": [
      "Library/Application Support/Microsoft/Skype for Desktop/Cache/2fefc8d975d16faf_0"
    ],
    "ultima_modificacion": "2025-08-01 01:01:38.094692"
  },
  "4cca3a6cee0d66d30": {
    "app_sintetizada": "4CCA3A6CEE0D66D30",
    "cantidad_archivos": 1,
    "archivos_fuente": [
      "Library/Application Support/Microsoft/Skype for Desktop/Cache/4cca3a6cee0d66d3_0"
    ],
    "ultima_modificacion": "2025-08-01 01:01:38.095011"
  },
  "156cdc4db0c5d36c0": {
    "app_sintetizada": "156CDC4DB0C5D36C0",
    "cantidad_archivos": 1,
    "archivos_fuente": [
      "Library/Application Support/Microsoft/Skype for Desktop/Cache/156cdc4db0c5d36c_0"
    ],
    "ultima_modificacion": "2025-08-01 01:01:38.095322"
  },
  "ed67b8fa25cb03ee0": {
    "app_sintetizada": "ED67B8FA25CB03EE0",
    "cantidad_archivos": 1,
    "archivos_fuente": [
      "Library/Application Support/Microsoft/Skype for Desktop/Cache/ed67b8fa25cb03ee_0"
    ],
    "ultima_modificacion": "2025-08-01 01:01:38.095642"
  }
}