{
  "4808fe511d10e2770": {
    "app_sintetizada": "4808FE511D10E2770",
    "cantidad_archivos": 1,
    "archivos_fuente": [
      "Library/Application Support/Google/Chrome/Default/Service Worker/CacheStorage/d1394a4c842f7861ad7ae5e20da4b484a0c4acad/a5a18824-56f6-4f5f-abb6-64683cbd37bb/4808fe511d10e277_0"
    ],
    "ultima_modificacion": "2025-08-01 01:01:33.135913"
  },
  "8314dabfa18c0ba80": {
    "app_sintetizada": "8314DABFA18C0BA80",
    "cantidad_archivos": 1,
    "archivos_fuente": [
      "Library/Application Support/Google/Chrome/Default/Service Worker/CacheStorage/d1394a4c842f7861ad7ae5e20da4b484a0c4acad/a5a18824-56f6-4f5f-abb6-64683cbd37bb/8314dabfa18c0ba8_0"
    ],
    "ultima_modificacion": "2025-08-01 01:01:33.136090"
  },
  "405abbc30cad016b0": {
    "app_sintetizada": "405ABBC30CAD016B0",
    "cantidad_archivos": 1,
    "archivos_fuente": [
      "Library/Application Support/Google/Chrome/Default/Service Worker/CacheStorage/d1394a4c842f7861ad7ae5e20da4b484a0c4acad/a5a18824-56f6-4f5f-abb6-64683cbd37bb/405abbc30cad016b_0"
    ],
    "ultima_modificacion": "2025-08-01 01:01:33.136275"
  },
  "89c4b56b39b1c1480": {
    "app_sintetizada": "89C4B56B39B1C1480",
    "cantidad_archivos": 1,
    "archivos_fuente": [
      "Library/Application Support/Google/Chrome/Default/Service Worker/CacheStorage/d1394a4c842f7861ad7ae5e20da4b484a0c4acad/a5a18824-56f6-4f5f-abb6-64683cbd37bb/89c4b56b39b1c148_0"
    ],
    "ultima_modificacion": "2025-08-01 01:01:33.136455"
  },
  "d79119691673f0da0": {
    "app_sintetizada": "D79119691673F0DA0",
    "cantidad_archivos": 1,
    "archivos_fuente": [
      "Library/Application Support/Google/Chrome/Default/Service Worker/CacheStorage/d1394a4c842f7861ad7ae5e20da4b484a0c4acad/a5a18824-56f6-4f5f-abb6-64683cbd37bb/d79119691673f0da_0"
    ],
    "ultima_modificacion": "2025-08-01 01:01:33.136695"
  },
  "86ab61980a1cb0a60": {
    "app_sintetizada": "86AB61980A1CB0A60",
    "cantidad_archivos": 1,
    "archivos_fuente": [
      "Library/Application Support/Google/Chrome/Default/Service Worker/CacheStorage/d1394a4c842f7861ad7ae5e20da4b484a0c4acad/a5a18824-56f6-4f5f-abb6-64683cbd37bb/86ab61980a1cb0a6_0"
    ],
    "ultima_modificacion": "2025-08-01 01:01:33.136983"
  },
  "2687768c8fc7da000": {
    "app_sintetizada": "2687768C8FC7DA000",
    "cantidad_archivos": 1,
    "archivos_fuente": [
      "Library/Application Support/Google/Chrome/Default/Service Worker/CacheStorage/d1394a4c842f7861ad7ae5e20da4b484a0c4acad/a5a18824-56f6-4f5f-abb6-64683cbd37bb/2687768c8fc7da00_0"
    ],
    "ultima_modificacion": "2025-08-01 01:01:33.137269"
  },
  "75f272d537aeed6c0": {
    "app_sintetizada": "75F272D537AEED6C0",
    "cantidad_archivos": 1,
    "archivos_fuente": [
      "Library/Application Support/Google/Chrome/Default/Service Worker/CacheStorage/d1394a4c842f7861ad7ae5e20da4b484a0c4acad/a5a18824-56f6-4f5f-abb6-64683cbd37bb/75f272d537aeed6c_0"
    ],
    "ultima_modificacion": "2025-08-01 01:01:33.137602"
  },
  "dad00b4c4d1d88fe0": {
    "app_sintetizada": "DAD00B4C4D1D88FE0",
    "cantidad_archivos": 1,
    "archivos_fuente": [
      "Library/Application Support/Google/Chrome/Default/Service Worker/CacheStorage/d1394a4c842f7861ad7ae5e20da4b484a0c4acad/a5a18824-56f6-4f5f-abb6-64683cbd37bb/dad00b4c4d1d88fe_0"
    ],
    "ultima_modificacion": "2025-08-01 01:01:33.137917"
  },
  "9218df463931a13a0": {
    "app_sintetizada": "9218DF463931A13A0",
    "cantidad_archivos": 1,
    "archivos_fuente": [
      "Library/Application Support/Google/Chrome/Default/Service Worker/CacheStorage/d1394a4c842f7861ad7ae5e20da4b484a0c4acad/a5a18824-56f6-4f5f-abb6-64683cbd37bb/9218df463931a13a_0"
    ],
    "ultima_modificacion": "2025-08-01 01:01:33.138233"
  },
  "61b20e35dbdea3be0": {
    "app_sintetizada": "61B20E35DBDEA3BE0",
    "cantidad_archivos": 1,
    "archivos_fuente": [
      "Library/Application Support/Google/Chrome/Default/Service Worker/CacheStorage/d1394a4c842f7861ad7ae5e20da4b484a0c4acad/a5a18824-56f6-4f5f-abb6-64683cbd37bb/61b20e35dbdea3be_0"
    ],
    "ultima_modificacion": "2025-08-01 01:01:33.138538"
  },
  "63bf637b23cd687a0": {
    "app_sintetizada": "63BF637B23CD687A0",
    "cantidad_archivos": 1,
    "archivos_fuente": [
      "Library/Application Support/Google/Chrome/Default/Service Worker/CacheStorage/d1394a4c842f7861ad7ae5e20da4b484a0c4acad/a5a18824-56f6-4f5f-abb6-64683cbd37bb/63bf637b23cd687a_0"
    ],
    "ultima_modificacion": "2025-08-01 01:01:33.138858"
  },
  "27e33d419cf02c310": {
    "app_sintetizada": "27E33D419CF02C310",
    "cantidad_archivos": 1,
    "archivos_fuente": [
      "Library/Application Support/Google/Chrome/Default/Service Worker/CacheStorage/d1394a4c842f7861ad7ae5e20da4b484a0c4acad/a5a18824-56f6-4f5f-abb6-64683cbd37bb/27e33d419cf02c31_0"
    ],
    "ultima_modificacion": "2025-08-01 01:01:33.139197"
  },
  "8ac94171c1e850e20": {
    "app_sintetizada": "8AC94171C1E850E20",
    "cantidad_archivos": 1,
    "archivos_fuente": [
      "Library/Application Support/Google/Chrome/Default/Service Worker/CacheStorage/d1394a4c842f7861ad7ae5e20da4b484a0c4acad/a5a18824-56f6-4f5f-abb6-64683cbd37bb/8ac94171c1e850e2_0"
    ],
    "ultima_modificacion": "2025-08-01 01:01:33.139511"
  },
  "c44e801b1c4a41190": {
    "app_sintetizada": "C44E801B1C4A41190",
    "cantidad_archivos": 1,
    "archivos_fuente": [
      "Library/Application Support/Google/Chrome/Default/Service Worker/CacheStorage/d1394a4c842f7861ad7ae5e20da4b484a0c4acad/a5a18824-56f6-4f5f-abb6-64683cbd37bb/c44e801b1c4a4119_0"
    ],
    "ultima_modificacion": "2025-08-01 01:01:33.139826"
  },
  "61e25d037d0cc7400": {
    "app_sintetizada": "61E25D037D0CC7400",
    "cantidad_archivos": 1,
    "archivos_fuente": [
      "Library/Application Support/Google/Chrome/Default/Service Worker/CacheStorage/d1394a4c842f7861ad7ae5e20da4b484a0c4acad/a5a18824-56f6-4f5f-abb6-64683cbd37bb/61e25d037d0cc740_0"
    ],
    "ultima_modificacion": "2025-08-01 01:01:33.140135"
  },
  "c509104f8d2015320": {
    "app_sintetizada": "C509104F8D2015320",
    "cantidad_archivos": 1,
    "archivos_fuente": [
      "Library/Application Support/Google/Chrome/Default/Service Worker/CacheStorage/d1394a4c842f7861ad7ae5e20da4b484a0c4acad/a5a18824-56f6-4f5f-abb6-64683cbd37bb/c509104f8d201532_0"
    ],
    "ultima_modificacion": "2025-08-01 01:01:33.140502"
  },
  "c8cc65f0064322b30": {
    "app_sintetizada": "C8CC65F0064322B30",
    "cantidad_archivos": 1,
    "archivos_fuente": [
      "Library/Application Support/Google/Chrome/Default/Service Worker/CacheStorage/d1394a4c842f7861ad7ae5e20da4b484a0c4acad/a5a18824-56f6-4f5f-abb6-64683cbd37bb/c8cc65f0064322b3_0"
    ],
    "ultima_modificacion": "2025-08-01 01:01:33.140856"
  },
  "5245527bbdacd2160": {
    "app_sintetizada": "5245527BBDACD2160",
    "cantidad_archivos": 1,
    "archivos_fuente": [
      "Library/Application Support/Google/Chrome/Default/Service Worker/CacheStorage/d1394a4c842f7861ad7ae5e20da4b484a0c4acad/a5a18824-56f6-4f5f-abb6-64683cbd37bb/5245527bbdacd216_0"
    ],
    "ultima_modificacion": "2025-08-01 01:01:33.141168"
  },
  "50c7677e18cedf7e0": {
    "app_sintetizada": "50C7677E18CEDF7E0",
    "cantidad_archivos": 1,
    "archivos_fuente": [
      "Library/Application Support/Google/Chrome/Default/Service Worker/CacheStorage/d1394a4c842f7861ad7ae5e20da4b484a0c4acad/a5a18824-56f6-4f5f-abb6-64683cbd37bb/50c7677e18cedf7e_0"
    ],
    "ultima_modificacion": "2025-08-01 01:01:33.141487"
  },
  "b1c23bc67ea825a40": {
    "app_sintetizada": "B1C23BC67EA825A40",
    "cantidad_archivos": 1,
    "archivos_fuente": [
      "Library/Application Support/Google/Chrome/Default/Service Worker/CacheStorage/d1394a4c842f7861ad7ae5e20da4b484a0c4acad/a5a18824-56f6-4f5f-abb6-64683cbd37bb/b1c23bc67ea825a4_0"
    ],
    "ultima_modificacion": "2025-08-01 01:01:33.141950"
  },
  "20ddeaa83319c5a70": {
    "app_sintetizada": "20DDEAA83319C5A70",
    "cantidad_archivos": 1,
    "archivos_fuente": [
      "Library/Application Support/Google/Chrome/Default/Service Worker/CacheStorage/d1394a4c842f7861ad7ae5e20da4b484a0c4acad/a5a18824-56f6-4f5f-abb6-64683cbd37bb/20ddeaa83319c5a7_0"
    ],
    "ultima_modificacion": "2025-08-01 01:01:33.142327"
  },
  "2f56c198bd0e4a960": {
    "app_sintetizada": "2F56C198BD0E4A960",
    "cantidad_archivos": 1,
    "archivos_fuente": [
      "Library/Application Support/Google/Chrome/Default/Service Worker/CacheStorage/d1394a4c842f7861ad7ae5e20da4b484a0c4acad/a5a18824-56f6-4f5f-abb6-64683cbd37bb/2f56c198bd0e4a96_0"
    ],
    "ultima_modificacion": "2025-08-01 01:01:33.142679"
  },
  "0937adf3da5659400": {
    "app_sintetizada": "0937ADF3DA5659400",
    "cantidad_archivos": 1,
    "archivos_fuente": [
      "Library/Application Support/Google/Chrome/Default/Service Worker/CacheStorage/d1394a4c842f7861ad7ae5e20da4b484a0c4acad/a5a18824-56f6-4f5f-abb6-64683cbd37bb/0937adf3da565940_0"
    ],
    "ultima_modificacion": "2025-08-01 01:01:33.143012"
  },
  "d8f391ada8fbd07f0": {
    "app_sintetizada": "D8F391ADA8FBD07F0",
    "cantidad_archivos": 1,
    "archivos_fuente": [
      "Library/Application Support/Google/Chrome/Default/Service Worker/CacheStorage/d1394a4c842f7861ad7ae5e20da4b484a0c4acad/a5a18824-56f6-4f5f-abb6-64683cbd37bb/d8f391ada8fbd07f_0"
    ],
    "ultima_modificacion": "2025-08-01 01:01:33.143319"
  },
  "519789eb98b8d0e50": {
    "app_sintetizada": "519789EB98B8D0E50",
    "cantidad_archivos": 1,
    "archivos_fuente": [
      "Library/Application Support/Google/Chrome/Default/Service Worker/CacheStorage/d1394a4c842f7861ad7ae5e20da4b484a0c4acad/a5a18824-56f6-4f5f-abb6-64683cbd37bb/519789eb98b8d0e5_0"
    ],
    "ultima_modificacion": "2025-08-01 01:01:33.143656"
  },
  "79083ea482af91fa0": {
    "app_sintetizada": "79083EA482AF91FA0",
    "cantidad_archivos": 1,
    "archivos_fuente": [
      "Library/Application Support/Google/Chrome/Default/Service Worker/CacheStorage/d1394a4c842f7861ad7ae5e20da4b484a0c4acad/a5a18824-56f6-4f5f-abb6-64683cbd37bb/79083ea482af91fa_0"
    ],
    "ultima_modificacion": "2025-08-01 01:01:33.143994"
  },
  "9e0bb4d53e1e2b5f0": {
    "app_sintetizada": "9E0BB4D53E1E2B5F0",
    "cantidad_archivos": 1,
    "archivos_fuente": [
      "Library/Application Support/Google/Chrome/Default/Service Worker/CacheStorage/d1394a4c842f7861ad7ae5e20da4b484a0c4acad/a5a18824-56f6-4f5f-abb6-64683cbd37bb/9e0bb4d53e1e2b5f_0"
    ],
    "ultima_modificacion": "2025-08-01 01:01:33.144316"
  },
  "5cf49195cb4b53120": {
    "app_sintetizada": "5CF49195CB4B53120",
    "cantidad_archivos": 1,
    "archivos_fuente": [
      "Library/Application Support/Google/Chrome/Default/Service Worker/CacheStorage/d1394a4c842f7861ad7ae5e20da4b484a0c4acad/a5a18824-56f6-4f5f-abb6-64683cbd37bb/5cf49195cb4b5312_0"
    ],
    "ultima_modificacion": "2025-08-01 01:01:33.144656"
  },
  "7fa787ad928b45e70": {
    "app_sintetizada": "7FA787AD928B45E70",
    "cantidad_archivos": 1,
    "archivos_fuente": [
      "Library/Application Support/Google/Chrome/Default/Service Worker/CacheStorage/d1394a4c842f7861ad7ae5e20da4b484a0c4acad/a5a18824-56f6-4f5f-abb6-64683cbd37bb/7fa787ad928b45e7_0"
    ],
    "ultima_modificacion": "2025-08-01 01:01:33.145021"
  },
  "bc84020172a65c150": {
    "app_sintetizada": "BC84020172A65C150",
    "cantidad_archivos": 1,
    "archivos_fuente": [
      "Library/Application Support/Google/Chrome/Default/Service Worker/CacheStorage/d1394a4c842f7861ad7ae5e20da4b484a0c4acad/a5a18824-56f6-4f5f-abb6-64683cbd37bb/bc84020172a65c15_0"
    ],
    "ultima_modificacion": "2025-08-01 01:01:33.145340"
  },
  "3320a4530dd0d41c0": {
    "app_sintetizada": "3320A4530DD0D41C0",
    "cantidad_archivos": 1,
    "archivos_fuente": [
      "Library/Application Support/Google/Chrome/Default/Service Worker/CacheStorage/d1394a4c842f7861ad7ae5e20da4b484a0c4acad/a5a18824-56f6-4f5f-abb6-64683cbd37bb/3320a4530dd0d41c_0"
    ],
    "ultima_modificacion": "2025-08-01 01:01:33.145688"
  },
  "2aa97fb3acb61c970": {
    "app_sintetizada": "2AA97FB3ACB61C970",
    "cantidad_archivos": 1,
    "archivos_fuente": [
      "Library/Application Support/Google/Chrome/Default/Service Worker/CacheStorage/d1394a4c842f7861ad7ae5e20da4b484a0c4acad/a5a18824-56f6-4f5f-abb6-64683cbd37bb/2aa97fb3acb61c97_0"
    ],
    "ultima_modificacion": "2025-08-01 01:01:33.146025"
  },
  "bd5a20f333fe6eb30": {
    "app_sintetizada": "BD5A20F333FE6EB30",
    "cantidad_archivos": 1,
    "archivos_fuente": [
      "Library/Application Support/Google/Chrome/Default/Service Worker/CacheStorage/d1394a4c842f7861ad7ae5e20da4b484a0c4acad/a5a18824-56f6-4f5f-abb6-64683cbd37bb/bd5a20f333fe6eb3_0"
    ],
    "ultima_modificacion": "2025-08-01 01:01:33.146372"
  },
  "ac3793e43f268eb50": {
    "app_sintetizada": "AC3793E43F268EB50",
    "cantidad_archivos": 1,
    "archivos_fuente": [
      "Library/Application Support/Google/Chrome/Default/Service Worker/CacheStorage/d1394a4c842f7861ad7ae5e20da4b484a0c4acad/a5a18824-56f6-4f5f-abb6-64683cbd37bb/ac3793e43f268eb5_0"
    ],
    "ultima_modificacion": "2025-08-01 01:01:33.146784"
  },
  "27373f587cdd4c9a0": {
    "app_sintetizada": "27373F587CDD4C9A0",
    "cantidad_archivos": 1,
    "archivos_fuente": [
      "Library/Application Support/Google/Chrome/Default/Service Worker/CacheStorage/d1394a4c842f7861ad7ae5e20da4b484a0c4acad/a5a18824-56f6-4f5f-abb6-64683cbd37bb/27373f587cdd4c9a_0"
    ],
    "ultima_modificacion": "2025-08-01 01:01:33.147149"
  },
  "dbc89efd4b561e490": {
    "app_sintetizada": "DBC89EFD4B561E490",
    "cantidad_archivos": 1,
    "archivos_fuente": [
      "Library/Application Support/Google/Chrome/Default/Service Worker/CacheStorage/d1394a4c842f7861ad7ae5e20da4b484a0c4acad/a5a18824-56f6-4f5f-abb6-64683cbd37bb/dbc89efd4b561e49_0"
    ],
    "ultima_modificacion": "2025-08-01 01:01:33.147459"
  },
  "a42ae3eb1ee992bf0": {
    "app_sintetizada": "A42AE3EB1EE992BF0",
    "cantidad_archivos": 1,
    "archivos_fuente": [
      "Library/Application Support/Google/Chrome/Default/Service Worker/CacheStorage/d1394a4c842f7861ad7ae5e20da4b484a0c4acad/a5a18824-56f6-4f5f-abb6-64683cbd37bb/a42ae3eb1ee992bf_0"
    ],
    "ultima_modificacion": "2025-08-01 01:01:33.147768"
  },
  "5be0c932de8b9efe0": {
    "app_sintetizada": "5BE0C932DE8B9EFE0",
    "cantidad_archivos": 1,
    "archivos_fuente": [
      "Library/Application Support/Google/Chrome/Default/Service Worker/CacheStorage/d1394a4c842f7861ad7ae5e20da4b484a0c4acad/a5a18824-56f6-4f5f-abb6-64683cbd37bb/5be0c932de8b9efe_0"
    ],
    "ultima_modificacion": "2025-08-01 01:01:33.148109"
  },
  "3704cea67782ab8e0": {
    "app_sintetizada": "3704CEA67782AB8E0",
    "cantidad_archivos": 1,
    "archivos_fuente": [
      "Library/Application Support/Google/Chrome/Default/Service Worker/CacheStorage/d1394a4c842f7861ad7ae5e20da4b484a0c4acad/a5a18824-56f6-4f5f-abb6-64683cbd37bb/3704cea67782ab8e_0"
    ],
    "ultima_modificacion": "2025-08-01 01:01:33.148427"
  },
  "ffa9f82d59c1cce90": {
    "app_sintetizada": "FFA9F82D59C1CCE90",
    "cantidad_archivos": 1,
    "archivos_fuente": [
      "Library/Application Support/Google/Chrome/Default/Service Worker/CacheStorage/d1394a4c842f7861ad7ae5e20da4b484a0c4acad/a5a18824-56f6-4f5f-abb6-64683cbd37bb/ffa9f82d59c1cce9_0"
    ],
    "ultima_modificacion": "2025-08-01 01:01:33.148705"
  },
  "1b68a4ae4d08ce460": {
    "app_sintetizada": "1B68A4AE4D08CE460",
    "cantidad_archivos": 1,
    "archivos_fuente": [
      "Library/Application Support/Google/Chrome/Default/Service Worker/CacheStorage/d1394a4c842f7861ad7ae5e20da4b484a0c4acad/a5a18824-56f6-4f5f-abb6-64683cbd37bb/1b68a4ae4d08ce46_0"
    ],
    "ultima_modificacion": "2025-08-01 01:01:33.149027"
  },
  "6ccb764b8160232b0": {
    "app_sintetizada": "6CCB764B8160232B0",
    "cantidad_archivos": 1,
    "archivos_fuente": [
      "Library/Application Support/Google/Chrome/Default/Service Worker/CacheStorage/d1394a4c842f7861ad7ae5e20da4b484a0c4acad/a5a18824-56f6-4f5f-abb6-64683cbd37bb/6ccb764b8160232b_0"
    ],
    "ultima_modificacion": "2025-08-01 01:01:33.149577"
  },
  "b224b07bf14d41f90": {
    "app_sintetizada": "B224B07BF14D41F90",
    "cantidad_archivos": 1,
    "archivos_fuente": [
      "Library/Application Support/Google/Chrome/Default/Service Worker/CacheStorage/d1394a4c842f7861ad7ae5e20da4b484a0c4acad/a5a18824-56f6-4f5f-abb6-64683cbd37bb/b224b07bf14d41f9_0"
    ],
    "ultima_modificacion": "2025-08-01 01:01:33.149941"
  },
  "069b3984a11b40f40": {
    "app_sintetizada": "069B3984A11B40F40",
    "cantidad_archivos": 1,
    "archivos_fuente": [
      "Library/Application Support/Google/Chrome/Default/Service Worker/CacheStorage/d1394a4c842f7861ad7ae5e20da4b484a0c4acad/a5a18824-56f6-4f5f-abb6-64683cbd37bb/069b3984a11b40f4_0"
    ],
    "ultima_modificacion": "2025-08-01 01:01:33.150311"
  },
  "10ac7590d43750d20": {
    "app_sintetizada": "10AC7590D43750D20",
    "cantidad_archivos": 1,
    "archivos_fuente": [
      "Library/Application Support/Google/Chrome/Default/Service Worker/CacheStorage/d1394a4c842f7861ad7ae5e20da4b484a0c4acad/a5a18824-56f6-4f5f-abb6-64683cbd37bb/10ac7590d43750d2_0"
    ],
    "ultima_modificacion": "2025-08-01 01:01:33.150701"
  },
  "bb2573bab60f258c0": {
    "app_sintetizada": "BB2573BAB60F258C0",
    "cantidad_archivos": 1,
    "archivos_fuente": [
      "Library/Application Support/Google/Chrome/Default/Service Worker/CacheStorage/d1394a4c842f7861ad7ae5e20da4b484a0c4acad/a5a18824-56f6-4f5f-abb6-64683cbd37bb/bb2573bab60f258c_0"
    ],
    "ultima_modificacion": "2025-08-01 01:01:33.151021"
  },
  "a26b742ee718144a0": {
    "app_sintetizada": "A26B742EE718144A0",
    "cantidad_archivos": 1,
    "archivos_fuente": [
      "Library/Application Support/Google/Chrome/Default/Service Worker/CacheStorage/d1394a4c842f7861ad7ae5e20da4b484a0c4acad/a5a18824-56f6-4f5f-abb6-64683cbd37bb/a26b742ee718144a_0"
    ],
    "ultima_modificacion": "2025-08-01 01:01:33.151355"
  },
  "a636d3eda5e9d3950": {
    "app_sintetizada": "A636D3EDA5E9D3950",
    "cantidad_archivos": 1,
    "archivos_fuente": [
      "Library/Application Support/Google/Chrome/Default/Service Worker/CacheStorage/d1394a4c842f7861ad7ae5e20da4b484a0c4acad/a5a18824-56f6-4f5f-abb6-64683cbd37bb/a636d3eda5e9d395_0"
    ],
    "ultima_modificacion": "2025-08-01 01:01:33.151697"
  },
  "0c02c1e1b65398de0": {
    "app_sintetizada": "0C02C1E1B65398DE0",
    "cantidad_archivos": 1,
    "archivos_fuente": [
      "Library/Application Support/Google/Chrome/Default/Service Worker/CacheStorage/d1394a4c842f7861ad7ae5e20da4b484a0c4acad/a5a18824-56f6-4f5f-abb6-64683cbd37bb/0c02c1e1b65398de_0"
    ],
    "ultima_modificacion": "2025-08-01 01:01:33.152023"
  },
  "151c85c9a90b51ed0": {
    "app_sintetizada": "151C85C9A90B51ED0",
    "cantidad_archivos": 1,
    "archivos_fuente": [
      "Library/Application Support/Google/Chrome/Default/Service Worker/CacheStorage/d1394a4c842f7861ad7ae5e20da4b484a0c4acad/a5a18824-56f6-4f5f-abb6-64683cbd37bb/151c85c9a90b51ed_0"
    ],
    "ultima_modificacion": "2025-08-01 01:01:33.152344"
  },
  "7563f9f8425c874f0": {
    "app_sintetizada": "7563F9F8425C874F0",
    "cantidad_archivos": 1,
    "archivos_fuente": [
      "Library/Application Support/Google/Chrome/Default/Service Worker/CacheStorage/d1394a4c842f7861ad7ae5e20da4b484a0c4acad/a5a18824-56f6-4f5f-abb6-64683cbd37bb/7563f9f8425c874f_0"
    ],
    "ultima_modificacion": "2025-08-01 01:01:33.152709"
  },
  "5553f852c18b6d6b0": {
    "app_sintetizada": "5553F852C18B6D6B0",
    "cantidad_archivos": 1,
    "archivos_fuente": [
      "Library/Application Support/Google/Chrome/Default/Service Worker/CacheStorage/d1394a4c842f7861ad7ae5e20da4b484a0c4acad/a5a18824-56f6-4f5f-abb6-64683cbd37bb/5553f852c18b6d6b_0"
    ],
    "ultima_modificacion": "2025-08-01 01:01:33.153032"
  },
  "7e4a1557ddb383f60": {
    "app_sintetizada": "7E4A1557DDB383F60",
    "cantidad_archivos": 1,
    "archivos_fuente": [
      "Library/Application Support/Google/Chrome/Default/Service Worker/CacheStorage/d1394a4c842f7861ad7ae5e20da4b484a0c4acad/a5a18824-56f6-4f5f-abb6-64683cbd37bb/7e4a1557ddb383f6_0"
    ],
    "ultima_modificacion": "2025-08-01 01:01:33.153379"
  },
  "26094fb6ca936c020": {
    "app_sintetizada": "26094FB6CA936C020",
    "cantidad_archivos": 1,
    "archivos_fuente": [
      "Library/Application Support/Google/Chrome/Default/Service Worker/CacheStorage/d1394a4c842f7861ad7ae5e20da4b484a0c4acad/a5a18824-56f6-4f5f-abb6-64683cbd37bb/26094fb6ca936c02_0"
    ],
    "ultima_modificacion": "2025-08-01 01:01:33.153701"
  },
  "56d271e88745be6e0": {
    "app_sintetizada": "56D271E88745BE6E0",
    "cantidad_archivos": 1,
    "archivos_fuente": [
      "Library/Application Support/Google/Chrome/Default/Service Worker/CacheStorage/d1394a4c842f7861ad7ae5e20da4b484a0c4acad/a5a18824-56f6-4f5f-abb6-64683cbd37bb/56d271e88745be6e_0"
    ],
    "ultima_modificacion": "2025-08-01 01:01:33.154038"
  },
  "8fcab60564d6065d0": {
    "app_sintetizada": "8FCAB60564D6065D0",
    "cantidad_archivos": 1,
    "archivos_fuente": [
      "Library/Application Support/Google/Chrome/Default/Service Worker/CacheStorage/d1394a4c842f7861ad7ae5e20da4b484a0c4acad/a5a18824-56f6-4f5f-abb6-64683cbd37bb/8fcab60564d6065d_0"
    ],
    "ultima_modificacion": "2025-08-01 01:01:33.154358"
  },
  "f2c29489841d8e460": {
    "app_sintetizada": "F2C29489841D8E460",
    "cantidad_archivos": 1,
    "archivos_fuente": [
      "Library/Application Support/Google/Chrome/Default/Service Worker/CacheStorage/d1394a4c842f7861ad7ae5e20da4b484a0c4acad/a5a18824-56f6-4f5f-abb6-64683cbd37bb/f2c29489841d8e46_0"
    ],
    "ultima_modificacion": "2025-08-01 01:01:33.154658"
  },
  "59df16fe096d9fe10": {
    "app_sintetizada": "59DF16FE096D9FE10",
    "cantidad_archivos": 1,
    "archivos_fuente": [
      "Library/Application Support/Google/Chrome/Default/Service Worker/CacheStorage/d1394a4c842f7861ad7ae5e20da4b484a0c4acad/a5a18824-56f6-4f5f-abb6-64683cbd37bb/59df16fe096d9fe1_0"
    ],
    "ultima_modificacion": "2025-08-01 01:01:33.154954"
  },
  "cee1a27418a585280": {
    "app_sintetizada": "CEE1A27418A585280",
    "cantidad_archivos": 1,
    "archivos_fuente": [
      "Library/Application Support/Google/Chrome/Default/Service Worker/CacheStorage/d1394a4c842f7861ad7ae5e20da4b484a0c4acad/a5a18824-56f6-4f5f-abb6-64683cbd37bb/cee1a27418a58528_0"
    ],
    "ultima_modificacion": "2025-08-01 01:01:33.155244"
  },
  "ff33877935b5ccce0": {
    "app_sintetizada": "FF33877935B5CCCE0",
    "cantidad_archivos": 1,
    "archivos_fuente": [
      "Library/Application Support/Google/Chrome/Default/Service Worker/CacheStorage/d1394a4c842f7861ad7ae5e20da4b484a0c4acad/a5a18824-56f6-4f5f-abb6-64683cbd37bb/ff33877935b5ccce_0"
    ],
    "ultima_modificacion": "2025-08-01 01:01:33.155549"
  },
  "014579b9b5d25a790": {
    "app_sintetizada": "014579B9B5D25A790",
    "cantidad_archivos": 1,
    "archivos_fuente": [
      "Library/Application Support/Google/Chrome/Default/Service Worker/CacheStorage/d1394a4c842f7861ad7ae5e20da4b484a0c4acad/a5a18824-56f6-4f5f-abb6-64683cbd37bb/014579b9b5d25a79_0"
    ],
    "ultima_modificacion": "2025-08-01 01:01:33.155873"
  },
  "5770d28a082b36850": {
    "app_sintetizada": "5770D28A082B36850",
    "cantidad_archivos": 1,
    "archivos_fuente": [
      "Library/Application Support/Google/Chrome/Default/Service Worker/CacheStorage/d1394a4c842f7861ad7ae5e20da4b484a0c4acad/a5a18824-56f6-4f5f-abb6-64683cbd37bb/5770d28a082b3685_0"
    ],
    "ultima_modificacion": "2025-08-01 01:01:33.156194"
  },
  "abfcbfc5070001dd0": {
    "app_sintetizada": "ABFCBFC5070001DD0",
    "cantidad_archivos": 1,
    "archivos_fuente": [
      "Library/Application Support/Google/Chrome/Default/Service Worker/CacheStorage/d1394a4c842f7861ad7ae5e20da4b484a0c4acad/a5a18824-56f6-4f5f-abb6-64683cbd37bb/abfcbfc5070001dd_0"
    ],
    "ultima_modificacion": "2025-08-01 01:01:33.156500"
  },
  "20c31a6c813782410": {
    "app_sintetizada": "20C31A6C813782410",
    "cantidad_archivos": 1,
    "archivos_fuente": [
      "Library/Application Support/Google/Chrome/Default/Service Worker/CacheStorage/d1394a4c842f7861ad7ae5e20da4b484a0c4acad/a5a18824-56f6-4f5f-abb6-64683cbd37bb/20c31a6c81378241_0"
    ],
    "ultima_modificacion": "2025-08-01 01:01:33.156845"
  },
  "a33e2047574c368e0": {
    "app_sintetizada": "A33E2047574C368E0",
    "cantidad_archivos": 1,
    "archivos_fuente": [
      "Library/Application Support/Google/Chrome/Default/Service Worker/CacheStorage/d1394a4c842f7861ad7ae5e20da4b484a0c4acad/a5a18824-56f6-4f5f-abb6-64683cbd37bb/a33e2047574c368e_0"
    ],
    "ultima_modificacion": "2025-08-01 01:01:33.157164"
  },
  "bb0490bfb58f62070": {
    "app_sintetizada": "BB0490BFB58F62070",
    "cantidad_archivos": 1,
    "archivos_fuente": [
      "Library/Application Support/Google/Chrome/Default/Service Worker/CacheStorage/d1394a4c842f7861ad7ae5e20da4b484a0c4acad/a5a18824-56f6-4f5f-abb6-64683cbd37bb/bb0490bfb58f6207_0"
    ],
    "ultima_modificacion": "2025-08-01 01:01:33.157477"
  },
  "98ba1318a50374ea0": {
    "app_sintetizada": "98BA1318A50374EA0",
    "cantidad_archivos": 1,
    "archivos_fuente": [
      "Library/Application Support/Google/Chrome/Default/Service Worker/CacheStorage/d1394a4c842f7861ad7ae5e20da4b484a0c4acad/a5a18824-56f6-4f5f-abb6-64683cbd37bb/98ba1318a50374ea_0"
    ],
    "ultima_modificacion": "2025-08-01 01:01:33.157789"
  },
  "55ec8a5a1f3bef920": {
    "app_sintetizada": "55EC8A5A1F3BEF920",
    "cantidad_archivos": 1,
    "archivos_fuente": [
      "Library/Application Support/Google/Chrome/Default/Service Worker/CacheStorage/d1394a4c842f7861ad7ae5e20da4b484a0c4acad/a5a18824-56f6-4f5f-abb6-64683cbd37bb/55ec8a5a1f3bef92_0"
    ],
    "ultima_modificacion": "2025-08-01 01:01:33.158113"
  },
  "602278ac7811ce3f0": {
    "app_sintetizada": "602278AC7811CE3F0",
    "cantidad_archivos": 1,
    "archivos_fuente": [
      "Library/Application Support/Google/Chrome/Default/Service Worker/CacheStorage/d1394a4c842f7861ad7ae5e20da4b484a0c4acad/a5a18824-56f6-4f5f-abb6-64683cbd37bb/602278ac7811ce3f_0"
    ],
    "ultima_modificacion": "2025-08-01 01:01:33.158453"
  },
  "854ae22b094cd8b90": {
    "app_sintetizada": "854AE22B094CD8B90",
    "cantidad_archivos": 1,
    "archivos_fuente": [
      "Library/Application Support/Google/Chrome/Default/Service Worker/CacheStorage/d1394a4c842f7861ad7ae5e20da4b484a0c4acad/a5a18824-56f6-4f5f-abb6-64683cbd37bb/854ae22b094cd8b9_0"
    ],
    "ultima_modificacion": "2025-08-01 01:01:33.158788"
  },
  "caf67027a87fdbca0": {
    "app_sintetizada": "CAF67027A87FDBCA0",
    "cantidad_archivos": 1,
    "archivos_fuente": [
      "Library/Application Support/Google/Chrome/Default/Service Worker/CacheStorage/d1394a4c842f7861ad7ae5e20da4b484a0c4acad/a5a18824-56f6-4f5f-abb6-64683cbd37bb/caf67027a87fdbca_0"
    ],
    "ultima_modificacion": "2025-08-01 01:01:33.159114"
  },
  "74be2e04368bf00e0": {
    "app_sintetizada": "74BE2E04368BF00E0",
    "cantidad_archivos": 1,
    "archivos_fuente": [
      "Library/Application Support/Google/Chrome/Default/Service Worker/CacheStorage/d1394a4c842f7861ad7ae5e20da4b484a0c4acad/a5a18824-56f6-4f5f-abb6-64683cbd37bb/74be2e04368bf00e_0"
    ],
    "ultima_modificacion": "2025-08-01 01:01:33.159443"
  },
  "d96aec595b3f19920": {
    "app_sintetizada": "D96AEC595B3F19920",
    "cantidad_archivos": 1,
    "archivos_fuente": [
      "Library/Application Support/Google/Chrome/Default/Service Worker/CacheStorage/d1394a4c842f7861ad7ae5e20da4b484a0c4acad/a5a18824-56f6-4f5f-abb6-64683cbd37bb/d96aec595b3f1992_0"
    ],
    "ultima_modificacion": "2025-08-01 01:01:33.159754"
  },
  "97113b6ff59bdc1f0": {
    "app_sintetizada": "97113B6FF59BDC1F0",
    "cantidad_archivos": 1,
    "archivos_fuente": [
      "Library/Application Support/Google/Chrome/Default/Service Worker/CacheStorage/d1394a4c842f7861ad7ae5e20da4b484a0c4acad/a5a18824-56f6-4f5f-abb6-64683cbd37bb/97113b6ff59bdc1f_0"
    ],
    "ultima_modificacion": "2025-08-01 01:01:33.160103"
  },
  "267af116ab2585460": {
    "app_sintetizada": "267AF116AB2585460",
    "cantidad_archivos": 1,
    "archivos_fuente": [
      "Library/Application Support/Google/Chrome/Default/Service Worker/CacheStorage/d1394a4c842f7861ad7ae5e20da4b484a0c4acad/a5a18824-56f6-4f5f-abb6-64683cbd37bb/267af116ab258546_0"
    ],
    "ultima_modificacion": "2025-08-01 01:01:33.160428"
  },
  "15b3fb6fc19048de0": {
    "app_sintetizada": "15B3FB6FC19048DE0",
    "cantidad_archivos": 1,
    "archivos_fuente": [
      "Library/Application Support/Google/Chrome/Default/Service Worker/CacheStorage/d1394a4c842f7861ad7ae5e20da4b484a0c4acad/a5a18824-56f6-4f5f-abb6-64683cbd37bb/15b3fb6fc19048de_0"
    ],
    "ultima_modificacion": "2025-08-01 01:01:33.160780"
  },
  "898544a15ee4fb1e0": {
    "app_sintetizada": "898544A15EE4FB1E0",
    "cantidad_archivos": 1,
    "archivos_fuente": [
      "Library/Application Support/Google/Chrome/Default/Service Worker/CacheStorage/d1394a4c842f7861ad7ae5e20da4b484a0c4acad/a5a18824-56f6-4f5f-abb6-64683cbd37bb/898544a15ee4fb1e_0"
    ],
    "ultima_modificacion": "2025-08-01 01:01:33.161108"
  },
  "9081220a9b4a3f410": {
    "app_sintetizada": "9081220A9B4A3F410",
    "cantidad_archivos": 1,
    "archivos_fuente": [
      "Library/Application Support/Google/Chrome/Default/Service Worker/CacheStorage/d1394a4c842f7861ad7ae5e20da4b484a0c4acad/a5a18824-56f6-4f5f-abb6-64683cbd37bb/9081220a9b4a3f41_0"
    ],
    "ultima_modificacion": "2025-08-01 01:01:33.161413"
  },
  "d8f6f0ceef1fedc70": {
    "app_sintetizada": "D8F6F0CEEF1FEDC70",
    "cantidad_archivos": 1,
    "archivos_fuente": [
      "Library/Application Support/Google/Chrome/Default/Service Worker/CacheStorage/d1394a4c842f7861ad7ae5e20da4b484a0c4acad/a5a18824-56f6-4f5f-abb6-64683cbd37bb/d8f6f0ceef1fedc7_0"
    ],
    "ultima_modificacion": "2025-08-01 01:01:33.161717"
  },
  "7bb117df11666dea0": {
    "app_sintetizada": "7BB117DF11666DEA0",
    "cantidad_archivos": 1,
    "archivos_fuente": [
      "Library/Application Support/Google/Chrome/Default/Service Worker/CacheStorage/d1394a4c842f7861ad7ae5e20da4b484a0c4acad/a5a18824-56f6-4f5f-abb6-64683cbd37bb/7bb117df11666dea_0"
    ],
    "ultima_modificacion": "2025-08-01 01:01:33.161965"
  },
  "fd542b08f3f348d40": {
    "app_sintetizada": "FD542B08F3F348D40",
    "cantidad_archivos": 1,
    "archivos_fuente": [
      "Library/Application Support/Google/Chrome/Default/Service Worker/CacheStorage/d1394a4c842f7861ad7ae5e20da4b484a0c4acad/a5a18824-56f6-4f5f-abb6-64683cbd37bb/fd542b08f3f348d4_0"
    ],
    "ultima_modificacion": "2025-08-01 01:01:33.162244"
  },
  "83badd891e1282aa0": {
    "app_sintetizada": "83BADD891E1282AA0",
    "cantidad_archivos": 1,
    "archivos_fuente": [
      "Library/Application Support/Google/Chrome/Default/Service Worker/CacheStorage/d1394a4c842f7861ad7ae5e20da4b484a0c4acad/a5a18824-56f6-4f5f-abb6-64683cbd37bb/83badd891e1282aa_0"
    ],
    "ultima_modificacion": "2025-08-01 01:01:33.162543"
  },
  "82c5ccf1d4d3c02f0": {
    "app_sintetizada": "82C5CCF1D4D3C02F0",
    "cantidad_archivos": 1,
    "archivos_fuente": [
      "Library/Application Support/Google/Chrome/Default/Service Worker/CacheStorage/d1394a4c842f7861ad7ae5e20da4b484a0c4acad/a5a18824-56f6-4f5f-abb6-64683cbd37bb/82c5ccf1d4d3c02f_0"
    ],
    "ultima_modificacion": "2025-08-01 01:01:33.162811"
  },
  "423d2e7f4d38a0190": {
    "app_sintetizada": "423D2E7F4D38A0190",
    "cantidad_archivos": 1,
    "archivos_fuente": [
      "Library/Application Support/Google/Chrome/Default/Service Worker/CacheStorage/d1394a4c842f7861ad7ae5e20da4b484a0c4acad/a5a18824-56f6-4f5f-abb6-64683cbd37bb/423d2e7f4d38a019_0"
    ],
    "ultima_modificacion": "2025-08-01 01:01:33.163104"
  },
  "66265f8482a82e5f0": {
    "app_sintetizada": "66265F8482A82E5F0",
    "cantidad_archivos": 1,
    "archivos_fuente": [
      "Library/Application Support/Google/Chrome/Default/Service Worker/CacheStorage/d1394a4c842f7861ad7ae5e20da4b484a0c4acad/a5a18824-56f6-4f5f-abb6-64683cbd37bb/66265f8482a82e5f_0"
    ],
    "ultima_modificacion": "2025-08-01 01:01:33.163359"
  },
  "5bf3165f972b04a20": {
    "app_sintetizada": "5BF3165F972B04A20",
    "cantidad_archivos": 1,
    "archivos_fuente": [
      "Library/Application Support/Google/Chrome/Default/Service Worker/CacheStorage/d1394a4c842f7861ad7ae5e20da4b484a0c4acad/a5a18824-56f6-4f5f-abb6-64683cbd37bb/5bf3165f972b04a2_0"
    ],
    "ultima_modificacion": "2025-08-01 01:01:33.163722"
  },
  "8d99f8684bee76970": {
    "app_sintetizada": "8D99F8684BEE76970",
    "cantidad_archivos": 1,
    "archivos_fuente": [
      "Library/Application Support/Google/Chrome/Default/Service Worker/CacheStorage/d1394a4c842f7861ad7ae5e20da4b484a0c4acad/a5a18824-56f6-4f5f-abb6-64683cbd37bb/8d99f8684bee7697_0"
    ],
    "ultima_modificacion": "2025-08-01 01:01:33.163969"
  },
  "495bf437f6ca54f10": {
    "app_sintetizada": "495BF437F6CA54F10",
    "cantidad_archivos": 1,
    "archivos_fuente": [
      "Library/Application Support/Google/Chrome/Default/Service Worker/CacheStorage/d1394a4c842f7861ad7ae5e20da4b484a0c4acad/a5a18824-56f6-4f5f-abb6-64683cbd37bb/495bf437f6ca54f1_0"
    ],
    "ultima_modificacion": "2025-08-01 01:01:33.164225"
  },
  "5f99d4836a93268e0": {
    "app_sintetizada": "5F99D4836A93268E0",
    "cantidad_archivos": 1,
    "archivos_fuente": [
      "Library/Application Support/Google/Chrome/Default/Service Worker/CacheStorage/d1394a4c842f7861ad7ae5e20da4b484a0c4acad/a5a18824-56f6-4f5f-abb6-64683cbd37bb/5f99d4836a93268e_0"
    ],
    "ultima_modificacion": "2025-08-01 01:01:33.164475"
  },
  "99a3558af6ddcae40": {
    "app_sintetizada": "99A3558AF6DDCAE40",
    "cantidad_archivos": 1,
    "archivos_fuente": [
      "Library/Application Support/Google/Chrome/Default/Service Worker/CacheStorage/d1394a4c842f7861ad7ae5e20da4b484a0c4acad/a5a18824-56f6-4f5f-abb6-64683cbd37bb/99a3558af6ddcae4_0"
    ],
    "ultima_modificacion": "2025-08-01 01:01:33.164779"
  },
  "76550f191cc7dc270": {
    "app_sintetizada": "76550F191CC7DC270",
    "cantidad_archivos": 1,
    "archivos_fuente": [
      "Library/Application Support/Google/Chrome/Default/Service Worker/CacheStorage/d1394a4c842f7861ad7ae5e20da4b484a0c4acad/a5a18824-56f6-4f5f-abb6-64683cbd37bb/76550f191cc7dc27_0"
    ],
    "ultima_modificacion": "2025-08-01 01:01:33.165100"
  },
  "ab2113754c9caa760": {
    "app_sintetizada": "AB2113754C9CAA760",
    "cantidad_archivos": 1,
    "archivos_fuente": [
      "Library/Application Support/Google/Chrome/Default/Service Worker/CacheStorage/d1394a4c842f7861ad7ae5e20da4b484a0c4acad/a5a18824-56f6-4f5f-abb6-64683cbd37bb/ab2113754c9caa76_0"
    ],
    "ultima_modificacion": "2025-08-01 01:01:33.165559"
  },
  "fcd88a228b52afb00": {
    "app_sintetizada": "FCD88A228B52AFB00",
    "cantidad_archivos": 1,
    "archivos_fuente": [
      "Library/Application Support/Google/Chrome/Default/Service Worker/CacheStorage/d1394a4c842f7861ad7ae5e20da4b484a0c4acad/a5a18824-56f6-4f5f-abb6-64683cbd37bb/fcd88a228b52afb0_0"
    ],
    "ultima_modificacion": "2025-08-01 01:01:33.165892"
  },
  "9df963352e28d02a0": {
    "app_sintetizada": "9DF963352E28D02A0",
    "cantidad_archivos": 1,
    "archivos_fuente": [
      "Library/Application Support/Google/Chrome/Default/Service Worker/CacheStorage/d1394a4c842f7861ad7ae5e20da4b484a0c4acad/a5a18824-56f6-4f5f-abb6-64683cbd37bb/9df963352e28d02a_0"
    ],
    "ultima_modificacion": "2025-08-01 01:01:33.166141"
  },
  "d11751b8ea29f8b20": {
    "app_sintetizada": "D11751B8EA29F8B20",
    "cantidad_archivos": 1,
    "archivos_fuente": [
      "Library/Application Support/Google/Chrome/Default/Service Worker/CacheStorage/d1394a4c842f7861ad7ae5e20da4b484a0c4acad/a5a18824-56f6-4f5f-abb6-64683cbd37bb/d11751b8ea29f8b2_0"
    ],
    "ultima_modificacion": "2025-08-01 01:01:33.166392"
  },
  "e1c9d20926b5c2040": {
    "app_sintetizada": "E1C9D20926B5C2040",
    "cantidad_archivos": 1,
    "archivos_fuente": [
      "Library/Application Support/Google/Chrome/Default/Service Worker/CacheStorage/d1394a4c842f7861ad7ae5e20da4b484a0c4acad/a5a18824-56f6-4f5f-abb6-64683cbd37bb/e1c9d20926b5c204_0"
    ],
    "ultima_modificacion": "2025-08-01 01:01:33.166644"
  },
  "89d9d0f941806b600": {
    "app_sintetizada": "89D9D0F941806B600",
    "cantidad_archivos": 1,
    "archivos_fuente": [
      "Library/Application Support/Google/Chrome/Default/Service Worker/CacheStorage/d1394a4c842f7861ad7ae5e20da4b484a0c4acad/a5a18824-56f6-4f5f-abb6-64683cbd37bb/89d9d0f941806b60_0"
    ],
    "ultima_modificacion": "2025-08-01 01:01:33.166901"
  },
  "bedc2e9d1be7ecb30": {
    "app_sintetizada": "BEDC2E9D1BE7ECB30",
    "cantidad_archivos": 1,
    "archivos_fuente": [
      "Library/Application Support/Google/Chrome/Default/Service Worker/CacheStorage/d1394a4c842f7861ad7ae5e20da4b484a0c4acad/a5a18824-56f6-4f5f-abb6-64683cbd37bb/bedc2e9d1be7ecb3_0"
    ],
    "ultima_modificacion": "2025-08-01 01:01:33.167150"
  },
  "cd866de59c2e711f0": {
    "app_sintetizada": "CD866DE59C2E711F0",
    "cantidad_archivos": 1,
    "archivos_fuente": [
      "Library/Application Support/Google/Chrome/Default/Service Worker/CacheStorage/d1394a4c842f7861ad7ae5e20da4b484a0c4acad/a5a18824-56f6-4f5f-abb6-64683cbd37bb/cd866de59c2e711f_0"
    ],
    "ultima_modificacion": "2025-08-01 01:01:33.167488"
  }
}