{
  "5e6333853bfc479d9d5ede842f161b841105c.jpeg": {
    "app_sintetizada": "5E6333853BFC479D9D5EDE842F161B841105C.JPEG",
    "cantidad_archivos": 1,
    "archivos_fuente": [
      "Pictures/Fototeca de Fotos.photoslibrary/resources/derivatives/5/5E633385-3BFC-479D-9D5E-DE842F161B84_1_105_c.jpeg"
    ],
    "ultima_modificacion": "2025-08-01 01:01:29.272028"
  },
  "58b5c3f80f9844ec9d670f45e40e5d9b1105c.jpeg": {
    "app_sintetizada": "58B5C3F80F9844EC9D670F45E40E5D9B1105C.JPEG",
    "cantidad_archivos": 1,
    "archivos_fuente": [
      "Pictures/Fototeca de Fotos.photoslibrary/resources/derivatives/5/58B5C3F8-0F98-44EC-9D67-0F45E40E5D9B_1_105_c.jpeg"
    ],
    "ultima_modificacion": "2025-08-01 01:01:29.272242"
  },
  "5ed0684714964aa3965f473f9f0815891105c.jpeg": {
    "app_sintetizada": "5ED0684714964AA3965F473F9F0815891105C.JPEG",
    "cantidad_archivos": 1,
    "archivos_fuente": [
      "Pictures/Fototeca de Fotos.photoslibrary/resources/derivatives/5/5ED06847-1496-4AA3-965F-473F9F081589_1_105_c.jpeg"
    ],
    "ultima_modificacion": "2025-08-01 01:01:29.272460"
  },
  "53a75fe6619d4769993155f17afa99b01105c.jpeg": {
    "app_sintetizada": "53A75FE6619D4769993155F17AFA99B01105C.JPEG",
    "cantidad_archivos": 1,
    "archivos_fuente": [
      "Pictures/Fototeca de Fotos.photoslibrary/resources/derivatives/5/53A75FE6-619D-4769-9931-55F17AFA99B0_1_105_c.jpeg"
    ],
    "ultima_modificacion": "2025-08-01 01:01:29.272675"
  },
  "5cc7a821a0474cb1b181bd285190ae151105c.jpeg": {
    "app_sintetizada": "5CC7A821A0474CB1B181BD285190AE151105C.JPEG",
    "cantidad_archivos": 1,
    "archivos_fuente": [
      "Pictures/Fototeca de Fotos.photoslibrary/resources/derivatives/5/5CC7A821-A047-4CB1-B181-BD285190AE15_1_105_c.jpeg"
    ],
    "ultima_modificacion": "2025-08-01 01:01:29.272885"
  },
  "50a0b5848e624513ab1bb77e0bc967801105c.jpeg": {
    "app_sintetizada": "50A0B5848E624513AB1BB77E0BC967801105C.JPEG",
    "cantidad_archivos": 1,
    "archivos_fuente": [
      "Pictures/Fototeca de Fotos.photoslibrary/resources/derivatives/5/50A0B584-8E62-4513-AB1B-B77E0BC96780_1_105_c.jpeg"
    ],
    "ultima_modificacion": "2025-08-01 01:01:29.273212"
  },
  "537cc07cd9c4428da76caed0578b79361105c.jpeg": {
    "app_sintetizada": "537CC07CD9C4428DA76CAED0578B79361105C.JPEG",
    "cantidad_archivos": 1,
    "archivos_fuente": [
      "Pictures/Fototeca de Fotos.photoslibrary/resources/derivatives/5/537CC07C-D9C4-428D-A76C-AED0578B7936_1_105_c.jpeg"
    ],
    "ultima_modificacion": "2025-08-01 01:01:29.273575"
  },
  "565ed3a4f4384c399680badc7394a9fb1105c.jpeg": {
    "app_sintetizada": "565ED3A4F4384C399680BADC7394A9FB1105C.JPEG",
    "cantidad_archivos": 1,
    "archivos_fuente": [
      "Pictures/Fototeca de Fotos.photoslibrary/resources/derivatives/5/565ED3A4-F438-4C39-9680-BADC7394A9FB_1_105_c.jpeg"
    ],
    "ultima_modificacion": "2025-08-01 01:01:29.273892"
  },
  "51db93908b894dba91b6b045c5eb00881105c.jpeg": {
    "app_sintetizada": "51DB93908B894DBA91B6B045C5EB00881105C.JPEG",
    "cantidad_archivos": 1,
    "archivos_fuente": [
      "Pictures/Fototeca de Fotos.photoslibrary/resources/derivatives/5/51DB9390-8B89-4DBA-91B6-B045C5EB0088_1_105_c.jpeg"
    ],
    "ultima_modificacion": "2025-08-01 01:01:29.274181"
  },
  "59510616ce9b4d66b9a28f48b442e93a1105c.jpeg": {
    "app_sintetizada": "59510616CE9B4D66B9A28F48B442E93A1105C.JPEG",
    "cantidad_archivos": 1,
    "archivos_fuente": [
      "Pictures/Fototeca de Fotos.photoslibrary/resources/derivatives/5/59510616-CE9B-4D66-B9A2-8F48B442E93A_1_105_c.jpeg"
    ],
    "ultima_modificacion": "2025-08-01 01:01:29.274456"
  },
  "561374a6e2404d14a89c6131403472281105c.jpeg": {
    "app_sintetizada": "561374A6E2404D14A89C6131403472281105C.JPEG",
    "cantidad_archivos": 1,
    "archivos_fuente": [
      "Pictures/Fototeca de Fotos.photoslibrary/resources/derivatives/5/561374A6-E240-4D14-A89C-613140347228_1_105_c.jpeg"
    ],
    "ultima_modificacion": "2025-08-01 01:01:29.275803"
  },
  "50a4bb437efd4936bc3250906f50fd071105c.jpeg": {
    "app_sintetizada": "50A4BB437EFD4936BC3250906F50FD071105C.JPEG",
    "cantidad_archivos": 1,
    "archivos_fuente": [
      "Pictures/Fototeca de Fotos.photoslibrary/resources/derivatives/5/50A4BB43-7EFD-4936-BC32-50906F50FD07_1_105_c.jpeg"
    ],
    "ultima_modificacion": "2025-08-01 01:01:29.276331"
  },
  "5a1ff3f941b942e78066ea60177164d11105c.jpeg": {
    "app_sintetizada": "5A1FF3F941B942E78066EA60177164D11105C.JPEG",
    "cantidad_archivos": 1,
    "archivos_fuente": [
      "Pictures/Fototeca de Fotos.photoslibrary/resources/derivatives/5/5A1FF3F9-41B9-42E7-8066-EA60177164D1_1_105_c.jpeg"
    ],
    "ultima_modificacion": "2025-08-01 01:01:29.276719"
  },
  "57223c17de9f4ea496751bc59149b6b31105c.jpeg": {
    "app_sintetizada": "57223C17DE9F4EA496751BC59149B6B31105C.JPEG",
    "cantidad_archivos": 1,
    "archivos_fuente": [
      "Pictures/Fototeca de Fotos.photoslibrary/resources/derivatives/5/57223C17-DE9F-4EA4-9675-1BC59149B6B3_1_105_c.jpeg"
    ],
    "ultima_modificacion": "2025-08-01 01:01:29.277027"
  },
  "5112266c096c460ea62c27407ec730da1105c.jpeg": {
    "app_sintetizada": "5112266C096C460EA62C27407EC730DA1105C.JPEG",
    "cantidad_archivos": 1,
    "archivos_fuente": [
      "Pictures/Fototeca de Fotos.photoslibrary/resources/derivatives/5/5112266C-096C-460E-A62C-27407EC730DA_1_105_c.jpeg"
    ],
    "ultima_modificacion": "2025-08-01 01:01:29.278403"
  },
  "588d3826b7174efcadfd755ede824cef1105c.jpeg": {
    "app_sintetizada": "588D3826B7174EFCADFD755EDE824CEF1105C.JPEG",
    "cantidad_archivos": 1,
    "archivos_fuente": [
      "Pictures/Fototeca de Fotos.photoslibrary/resources/derivatives/5/588D3826-B717-4EFC-ADFD-755EDE824CEF_1_105_c.jpeg"
    ],
    "ultima_modificacion": "2025-08-01 01:01:29.278877"
  },
  "5ca81af6f04c4429a4bd9488bbac773b1105c.jpeg": {
    "app_sintetizada": "5CA81AF6F04C4429A4BD9488BBAC773B1105C.JPEG",
    "cantidad_archivos": 1,
    "archivos_fuente": [
      "Pictures/Fototeca de Fotos.photoslibrary/resources/derivatives/5/5CA81AF6-F04C-4429-A4BD-9488BBAC773B_1_105_c.jpeg"
    ],
    "ultima_modificacion": "2025-08-01 01:01:29.279174"
  },
  "52ed0cfb129847db985c708e0ae4a8b51105c.jpeg": {
    "app_sintetizada": "52ED0CFB129847DB985C708E0AE4A8B51105C.JPEG",
    "cantidad_archivos": 1,
    "archivos_fuente": [
      "Pictures/Fototeca de Fotos.photoslibrary/resources/derivatives/5/52ED0CFB-1298-47DB-985C-708E0AE4A8B5_1_105_c.jpeg"
    ],
    "ultima_modificacion": "2025-08-01 01:01:29.279434"
  },
  "5fb71be588204a688cee8608485a37301105c.jpeg": {
    "app_sintetizada": "5FB71BE588204A688CEE8608485A37301105C.JPEG",
    "cantidad_archivos": 1,
    "archivos_fuente": [
      "Pictures/Fototeca de Fotos.photoslibrary/resources/derivatives/5/5FB71BE5-8820-4A68-8CEE-8608485A3730_1_105_c.jpeg"
    ],
    "ultima_modificacion": "2025-08-01 01:01:29.279671"
  },
  "5c9b68e5c8c84a219089a5bed58370ab.thm": {
    "app_sintetizada": "5C9B68E5C8C84A219089A5BED58370AB.THM",
    "cantidad_archivos": 1,
    "archivos_fuente": [
      "Pictures/Fototeca de Fotos.photoslibrary/resources/derivatives/5/5C9B68E5-C8C8-4A21-9089-A5BED58370AB.THM"
    ],
    "ultima_modificacion": "2025-08-01 01:01:29.279907"
  },
  "5926c04add674adcbcd3b46f8e593c231105c.jpeg": {
    "app_sintetizada": "5926C04ADD674ADCBCD3B46F8E593C231105C.JPEG",
    "cantidad_archivos": 1,
    "archivos_fuente": [
      "Pictures/Fototeca de Fotos.photoslibrary/resources/derivatives/5/5926C04A-DD67-4ADC-BCD3-B46F8E593C23_1_105_c.jpeg"
    ],
    "ultima_modificacion": "2025-08-01 01:01:29.280145"
  },
  "51f3306fcdb94553acd62b6c038e23891105c.jpeg": {
    "app_sintetizada": "51F3306FCDB94553ACD62B6C038E23891105C.JPEG",
    "cantidad_archivos": 1,
    "archivos_fuente": [
      "Pictures/Fototeca de Fotos.photoslibrary/resources/derivatives/5/51F3306F-CDB9-4553-ACD6-2B6C038E2389_1_105_c.jpeg"
    ],
    "ultima_modificacion": "2025-08-01 01:01:29.280528"
  },
  "5d26482be7ea4aaf98e4b139d8da852d1105c.jpeg": {
    "app_sintetizada": "5D26482BE7EA4AAF98E4B139D8DA852D1105C.JPEG",
    "cantidad_archivos": 1,
    "archivos_fuente": [
      "Pictures/Fototeca de Fotos.photoslibrary/resources/derivatives/5/5D26482B-E7EA-4AAF-98E4-B139D8DA852D_1_105_c.jpeg"
    ],
    "ultima_modificacion": "2025-08-01 01:01:29.280915"
  },
  "5443784aec66480e913239c492045fb91105c.jpeg": {
    "app_sintetizada": "5443784AEC66480E913239C492045FB91105C.JPEG",
    "cantidad_archivos": 1,
    "archivos_fuente": [
      "Pictures/Fototeca de Fotos.photoslibrary/resources/derivatives/5/5443784A-EC66-480E-9132-39C492045FB9_1_105_c.jpeg"
    ],
    "ultima_modificacion": "2025-08-01 01:01:29.281187"
  },
  "537c05da071c4be7b71c50dcab69a46e1105c.jpeg": {
    "app_sintetizada": "537C05DA071C4BE7B71C50DCAB69A46E1105C.JPEG",
    "cantidad_archivos": 1,
    "archivos_fuente": [
      "Pictures/Fototeca de Fotos.photoslibrary/resources/derivatives/5/537C05DA-071C-4BE7-B71C-50DCAB69A46E_1_105_c.jpeg"
    ],
    "ultima_modificacion": "2025-08-01 01:01:29.281438"
  },
  "56a8e674d59f4de5a5a1b98432d44a7c1105c.jpeg": {
    "app_sintetizada": "56A8E674D59F4DE5A5A1B98432D44A7C1105C.JPEG",
    "cantidad_archivos": 1,
    "archivos_fuente": [
      "Pictures/Fototeca de Fotos.photoslibrary/resources/derivatives/5/56A8E674-D59F-4DE5-A5A1-B98432D44A7C_1_105_c.jpeg"
    ],
    "ultima_modificacion": "2025-08-01 01:01:29.281675"
  },
  "5e5411356da94892894a8689e4da532e1105c.jpeg": {
    "app_sintetizada": "5E5411356DA94892894A8689E4DA532E1105C.JPEG",
    "cantidad_archivos": 1,
    "archivos_fuente": [
      "Pictures/Fototeca de Fotos.photoslibrary/resources/derivatives/5/5E541135-6DA9-4892-894A-8689E4DA532E_1_105_c.jpeg"
    ],
    "ultima_modificacion": "2025-08-01 01:01:29.281904"
  },
  "5db2a22af7934371aadc1858c73626e91105c.jpeg": {
    "app_sintetizada": "5DB2A22AF7934371AADC1858C73626E91105C.JPEG",
    "cantidad_archivos": 1,
    "archivos_fuente": [
      "Pictures/Fototeca de Fotos.photoslibrary/resources/derivatives/5/5DB2A22A-F793-4371-AADC-1858C73626E9_1_105_c.jpeg"
    ],
    "ultima_modificacion": "2025-08-01 01:01:29.282126"
  },
  "5b13d0380af84a9d9117ee1fc77b49f71105c.jpeg": {
    "app_sintetizada": "5B13D0380AF84A9D9117EE1FC77B49F71105C.JPEG",
    "cantidad_archivos": 1,
    "archivos_fuente": [
      "Pictures/Fototeca de Fotos.photoslibrary/resources/derivatives/5/5B13D038-0AF8-4A9D-9117-EE1FC77B49F7_1_105_c.jpeg"
    ],
    "ultima_modificacion": "2025-08-01 01:01:29.282353"
  },
  "563ecec3422f4eab93f9616f3f6e0d791105c.jpeg": {
    "app_sintetizada": "563ECEC3422F4EAB93F9616F3F6E0D791105C.JPEG",
    "cantidad_archivos": 1,
    "archivos_fuente": [
      "Pictures/Fototeca de Fotos.photoslibrary/resources/derivatives/5/563ECEC3-422F-4EAB-93F9-616F3F6E0D79_1_105_c.jpeg"
    ],
    "ultima_modificacion": "2025-08-01 01:01:29.283084"
  },
  "5775be03f7fc4f9faf66622efc776ade1105c.jpeg": {
    "app_sintetizada": "5775BE03F7FC4F9FAF66622EFC776ADE1105C.JPEG",
    "cantidad_archivos": 1,
    "archivos_fuente": [
      "Pictures/Fototeca de Fotos.photoslibrary/resources/derivatives/5/5775BE03-F7FC-4F9F-AF66-622EFC776ADE_1_105_c.jpeg"
    ],
    "ultima_modificacion": "2025-08-01 01:01:29.283596"
  },
  "5fb67dbf5ae74997b5ae4452accb0e6d.thm": {
    "app_sintetizada": "5FB67DBF5AE74997B5AE4452ACCB0E6D.THM",
    "cantidad_archivos": 1,
    "archivos_fuente": [
      "Pictures/Fototeca de Fotos.photoslibrary/resources/derivatives/5/5FB67DBF-5AE7-4997-B5AE-4452ACCB0E6D.THM"
    ],
    "ultima_modificacion": "2025-08-01 01:01:29.284199"
  },
  "5d63db6674694e75983c1ba34636c3351105c.jpeg": {
    "app_sintetizada": "5D63DB6674694E75983C1BA34636C3351105C.JPEG",
    "cantidad_archivos": 1,
    "archivos_fuente": [
      "Pictures/Fototeca de Fotos.photoslibrary/resources/derivatives/5/5D63DB66-7469-4E75-983C-1BA34636C335_1_105_c.jpeg"
    ],
    "ultima_modificacion": "2025-08-01 01:01:29.285469"
  },
  "58bac60688764c4b928c2d1a23390d27.thm": {
    "app_sintetizada": "58BAC60688764C4B928C2D1A23390D27.THM",
    "cantidad_archivos": 1,
    "archivos_fuente": [
      "Pictures/Fototeca de Fotos.photoslibrary/resources/derivatives/5/58BAC606-8876-4C4B-928C-2D1A23390D27.THM"
    ],
    "ultima_modificacion": "2025-08-01 01:01:29.286243"
  },
  "51183bdbd47141209340a1ca41e3aaab1105c.jpeg": {
    "app_sintetizada": "51183BDBD47141209340A1CA41E3AAAB1105C.JPEG",
    "cantidad_archivos": 1,
    "archivos_fuente": [
      "Pictures/Fototeca de Fotos.photoslibrary/resources/derivatives/5/51183BDB-D471-4120-9340-A1CA41E3AAAB_1_105_c.jpeg"
    ],
    "ultima_modificacion": "2025-08-01 01:01:29.287026"
  },
  "54e2bde38340475a9dbd78119b45ea3c1105c.jpeg": {
    "app_sintetizada": "54E2BDE38340475A9DBD78119B45EA3C1105C.JPEG",
    "cantidad_archivos": 1,
    "archivos_fuente": [
      "Pictures/Fototeca de Fotos.photoslibrary/resources/derivatives/5/54E2BDE3-8340-475A-9DBD-78119B45EA3C_1_105_c.jpeg"
    ],
    "ultima_modificacion": "2025-08-01 01:01:29.287693"
  },
  "580fe93782b548f6bcf29337491cdd981105c.jpeg": {
    "app_sintetizada": "580FE93782B548F6BCF29337491CDD981105C.JPEG",
    "cantidad_archivos": 1,
    "archivos_fuente": [
      "Pictures/Fototeca de Fotos.photoslibrary/resources/derivatives/5/580FE937-82B5-48F6-BCF2-9337491CDD98_1_105_c.jpeg"
    ],
    "ultima_modificacion": "2025-08-01 01:01:29.288374"
  },
  "51f3081bc46f4bd8b197e87e6f178bec1105c.jpeg": {
    "app_sintetizada": "51F3081BC46F4BD8B197E87E6F178BEC1105C.JPEG",
    "cantidad_archivos": 1,
    "archivos_fuente": [
      "Pictures/Fototeca de Fotos.photoslibrary/resources/derivatives/5/51F3081B-C46F-4BD8-B197-E87E6F178BEC_1_105_c.jpeg"
    ],
    "ultima_modificacion": "2025-08-01 01:01:29.288870"
  },
  "55a3b0961f40428999ef18ee437a17b31105c.jpeg": {
    "app_sintetizada": "55A3B0961F40428999EF18EE437A17B31105C.JPEG",
    "cantidad_archivos": 1,
    "archivos_fuente": [
      "Pictures/Fototeca de Fotos.photoslibrary/resources/derivatives/5/55A3B096-1F40-4289-99EF-18EE437A17B3_1_105_c.jpeg"
    ],
    "ultima_modificacion": "2025-08-01 01:01:29.289280"
  },
  "5057c87a93904249bae3495e7d53a3cc1105c.jpeg": {
    "app_sintetizada": "5057C87A93904249BAE3495E7D53A3CC1105C.JPEG",
    "cantidad_archivos": 1,
    "archivos_fuente": [
      "Pictures/Fototeca de Fotos.photoslibrary/resources/derivatives/5/5057C87A-9390-4249-BAE3-495E7D53A3CC_1_105_c.jpeg"
    ],
    "ultima_modificacion": "2025-08-01 01:01:29.289625"
  },
  "54774b6ad4344a8fb35f1d9381996a87.thm": {
    "app_sintetizada": "54774B6AD4344A8FB35F1D9381996A87.THM",
    "cantidad_archivos": 1,
    "archivos_fuente": [
      "Pictures/Fototeca de Fotos.photoslibrary/resources/derivatives/5/54774B6A-D434-4A8F-B35F-1D9381996A87.THM"
    ],
    "ultima_modificacion": "2025-08-01 01:01:29.289959"
  },
  "525ee393304b4d298a02fbd70d6c4f771105c.jpeg": {
    "app_sintetizada": "525EE393304B4D298A02FBD70D6C4F771105C.JPEG",
    "cantidad_archivos": 1,
    "archivos_fuente": [
      "Pictures/Fototeca de Fotos.photoslibrary/resources/derivatives/5/525EE393-304B-4D29-8A02-FBD70D6C4F77_1_105_c.jpeg"
    ],
    "ultima_modificacion": "2025-08-01 01:01:29.290313"
  },
  "5b8e73b2c7074640a7c03cec5d8f08b21105c.jpeg": {
    "app_sintetizada": "5B8E73B2C7074640A7C03CEC5D8F08B21105C.JPEG",
    "cantidad_archivos": 1,
    "archivos_fuente": [
      "Pictures/Fototeca de Fotos.photoslibrary/resources/derivatives/5/5B8E73B2-C707-4640-A7C0-3CEC5D8F08B2_1_105_c.jpeg"
    ],
    "ultima_modificacion": "2025-08-01 01:01:29.290703"
  },
  "5fc9b7a33daa4d28990f1ee65f990d0d1105c.jpeg": {
    "app_sintetizada": "5FC9B7A33DAA4D28990F1EE65F990D0D1105C.JPEG",
    "cantidad_archivos": 1,
    "archivos_fuente": [
      "Pictures/Fototeca de Fotos.photoslibrary/resources/derivatives/5/5FC9B7A3-3DAA-4D28-990F-1EE65F990D0D_1_105_c.jpeg"
    ],
    "ultima_modificacion": "2025-08-01 01:01:29.291043"
  },
  "5e712c8106df4310906e1e76a49e77d61105c.jpeg": {
    "app_sintetizada": "5E712C8106DF4310906E1E76A49E77D61105C.JPEG",
    "cantidad_archivos": 1,
    "archivos_fuente": [
      "Pictures/Fototeca de Fotos.photoslibrary/resources/derivatives/5/5E712C81-06DF-4310-906E-1E76A49E77D6_1_105_c.jpeg"
    ],
    "ultima_modificacion": "2025-08-01 01:01:29.291407"
  },
  "51111d7899914009802cbf9085c1c2ac1105c.jpeg": {
    "app_sintetizada": "51111D7899914009802CBF9085C1C2AC1105C.JPEG",
    "cantidad_archivos": 1,
    "archivos_fuente": [
      "Pictures/Fototeca de Fotos.photoslibrary/resources/derivatives/5/51111D78-9991-4009-802C-BF9085C1C2AC_1_105_c.jpeg"
    ],
    "ultima_modificacion": "2025-08-01 01:01:29.291773"
  },
  "5b66bc2eb36b4a11b1db606fbcb717681105c.jpeg": {
    "app_sintetizada": "5B66BC2EB36B4A11B1DB606FBCB717681105C.JPEG",
    "cantidad_archivos": 1,
    "archivos_fuente": [
      "Pictures/Fototeca de Fotos.photoslibrary/resources/derivatives/5/5B66BC2E-B36B-4A11-B1DB-606FBCB71768_1_105_c.jpeg"
    ],
    "ultima_modificacion": "2025-08-01 01:01:29.292145"
  },
  "5ceb00b15e7c4a71bba967a60154f3871105c.jpeg": {
    "app_sintetizada": "5CEB00B15E7C4A71BBA967A60154F3871105C.JPEG",
    "cantidad_archivos": 1,
    "archivos_fuente": [
      "Pictures/Fototeca de Fotos.photoslibrary/resources/derivatives/5/5CEB00B1-5E7C-4A71-BBA9-67A60154F387_1_105_c.jpeg"
    ],
    "ultima_modificacion": "2025-08-01 01:01:29.292563"
  },
  "57498b29bc854d2b8982574f7821a4f31105c.jpeg": {
    "app_sintetizada": "57498B29BC854D2B8982574F7821A4F31105C.JPEG",
    "cantidad_archivos": 1,
    "archivos_fuente": [
      "Pictures/Fototeca de Fotos.photoslibrary/resources/derivatives/5/57498B29-BC85-4D2B-8982-574F7821A4F3_1_105_c.jpeg"
    ],
    "ultima_modificacion": "2025-08-01 01:01:29.292971"
  },
  "5a3a426dfc064290b36e800b7ec018af1105c.jpeg": {
    "app_sintetizada": "5A3A426DFC064290B36E800B7EC018AF1105C.JPEG",
    "cantidad_archivos": 1,
    "archivos_fuente": [
      "Pictures/Fototeca de Fotos.photoslibrary/resources/derivatives/5/5A3A426D-FC06-4290-B36E-800B7EC018AF_1_105_c.jpeg"
    ],
    "ultima_modificacion": "2025-08-01 01:01:29.293340"
  },
  "51ade5fdd95d473caba1896acc559cf41105c.jpeg": {
    "app_sintetizada": "51ADE5FDD95D473CABA1896ACC559CF41105C.JPEG",
    "cantidad_archivos": 1,
    "archivos_fuente": [
      "Pictures/Fototeca de Fotos.photoslibrary/resources/derivatives/5/51ADE5FD-D95D-473C-ABA1-896ACC559CF4_1_105_c.jpeg"
    ],
    "ultima_modificacion": "2025-08-01 01:01:29.293711"
  },
  "5cd84a4a1e184217ba004c4d83bc6e8c1105c.jpeg": {
    "app_sintetizada": "5CD84A4A1E184217BA004C4D83BC6E8C1105C.JPEG",
    "cantidad_archivos": 1,
    "archivos_fuente": [
      "Pictures/Fototeca de Fotos.photoslibrary/resources/derivatives/5/5CD84A4A-1E18-4217-BA00-4C4D83BC6E8C_1_105_c.jpeg"
    ],
    "ultima_modificacion": "2025-08-01 01:01:29.294101"
  },
  "5fe3657839784037b819efaff7ff596f1105c.jpeg": {
    "app_sintetizada": "5FE3657839784037B819EFAFF7FF596F1105C.JPEG",
    "cantidad_archivos": 1,
    "archivos_fuente": [
      "Pictures/Fototeca de Fotos.photoslibrary/resources/derivatives/5/5FE36578-3978-4037-B819-EFAFF7FF596F_1_105_c.jpeg"
    ],
    "ultima_modificacion": "2025-08-01 01:01:29.294500"
  },
  "539f6563db3742f6b180817c6986535a1105c.jpeg": {
    "app_sintetizada": "539F6563DB3742F6B180817C6986535A1105C.JPEG",
    "cantidad_archivos": 1,
    "archivos_fuente": [
      "Pictures/Fototeca de Fotos.photoslibrary/resources/derivatives/5/539F6563-DB37-42F6-B180-817C6986535A_1_105_c.jpeg"
    ],
    "ultima_modificacion": "2025-08-01 01:01:29.296025"
  },
  "59a361457e4142f58e36e6d98fce72781105c.jpeg": {
    "app_sintetizada": "59A361457E4142F58E36E6D98FCE72781105C.JPEG",
    "cantidad_archivos": 1,
    "archivos_fuente": [
      "Pictures/Fototeca de Fotos.photoslibrary/resources/derivatives/5/59A36145-7E41-42F5-8E36-E6D98FCE7278_1_105_c.jpeg"
    ],
    "ultima_modificacion": "2025-08-01 01:01:29.297360"
  },
  "5f3fc82f4d5a444e90cad831e0bd1ac41105c.jpeg": {
    "app_sintetizada": "5F3FC82F4D5A444E90CAD831E0BD1AC41105C.JPEG",
    "cantidad_archivos": 1,
    "archivos_fuente": [
      "Pictures/Fototeca de Fotos.photoslibrary/resources/derivatives/5/5F3FC82F-4D5A-444E-90CA-D831E0BD1AC4_1_105_c.jpeg"
    ],
    "ultima_modificacion": "2025-08-01 01:01:29.297998"
  },
  "5998a66c993c406ebf78b8ccef29b4411105c.jpeg": {
    "app_sintetizada": "5998A66C993C406EBF78B8CCEF29B4411105C.JPEG",
    "cantidad_archivos": 1,
    "archivos_fuente": [
      "Pictures/Fototeca de Fotos.photoslibrary/resources/derivatives/5/5998A66C-993C-406E-BF78-B8CCEF29B441_1_105_c.jpeg"
    ],
    "ultima_modificacion": "2025-08-01 01:01:29.298338"
  },
  "58c28a2e51d940ba9d30a90d4a81500d1105c.jpeg": {
    "app_sintetizada": "58C28A2E51D940BA9D30A90D4A81500D1105C.JPEG",
    "cantidad_archivos": 1,
    "archivos_fuente": [
      "Pictures/Fototeca de Fotos.photoslibrary/resources/derivatives/5/58C28A2E-51D9-40BA-9D30-A90D4A81500D_1_105_c.jpeg"
    ],
    "ultima_modificacion": "2025-08-01 01:01:29.298728"
  },
  "5da5db8f23c54ac78306f9501ee001091105c.jpeg": {
    "app_sintetizada": "5DA5DB8F23C54AC78306F9501EE001091105C.JPEG",
    "cantidad_archivos": 1,
    "archivos_fuente": [
      "Pictures/Fototeca de Fotos.photoslibrary/resources/derivatives/5/5DA5DB8F-23C5-4AC7-8306-F9501EE00109_1_105_c.jpeg"
    ],
    "ultima_modificacion": "2025-08-01 01:01:29.301476"
  },
  "5f6a0fdbc23541dc81af774df7e064f71105c.jpeg": {
    "app_sintetizada": "5F6A0FDBC23541DC81AF774DF7E064F71105C.JPEG",
    "cantidad_archivos": 1,
    "archivos_fuente": [
      "Pictures/Fototeca de Fotos.photoslibrary/resources/derivatives/5/5F6A0FDB-C235-41DC-81AF-774DF7E064F7_1_105_c.jpeg"
    ],
    "ultima_modificacion": "2025-08-01 01:01:29.302099"
  },
  "523ea1bfc4414439b0a05e16edcf0fb51105c.jpeg": {
    "app_sintetizada": "523EA1BFC4414439B0A05E16EDCF0FB51105C.JPEG",
    "cantidad_archivos": 1,
    "archivos_fuente": [
      "Pictures/Fototeca de Fotos.photoslibrary/resources/derivatives/5/523EA1BF-C441-4439-B0A0-5E16EDCF0FB5_1_105_c.jpeg"
    ],
    "ultima_modificacion": "2025-08-01 01:01:29.302558"
  },
  "51ee9ae270484555bdd446d8334c0ce51105c.jpeg": {
    "app_sintetizada": "51EE9AE270484555BDD446D8334C0CE51105C.JPEG",
    "cantidad_archivos": 1,
    "archivos_fuente": [
      "Pictures/Fototeca de Fotos.photoslibrary/resources/derivatives/5/51EE9AE2-7048-4555-BDD4-46D8334C0CE5_1_105_c.jpeg"
    ],
    "ultima_modificacion": "2025-08-01 01:01:29.303010"
  },
  "582d9fa9d73e4fa0b0dd1c6e795a5c8d1105c.jpeg": {
    "app_sintetizada": "582D9FA9D73E4FA0B0DD1C6E795A5C8D1105C.JPEG",
    "cantidad_archivos": 1,
    "archivos_fuente": [
      "Pictures/Fototeca de Fotos.photoslibrary/resources/derivatives/5/582D9FA9-D73E-4FA0-B0DD-1C6E795A5C8D_1_105_c.jpeg"
    ],
    "ultima_modificacion": "2025-08-01 01:01:29.303428"
  },
  "52db98d7e7cc4396a59bfd6dc012ea1f1105c.jpeg": {
    "app_sintetizada": "52DB98D7E7CC4396A59BFD6DC012EA1F1105C.JPEG",
    "cantidad_archivos": 1,
    "archivos_fuente": [
      "Pictures/Fototeca de Fotos.photoslibrary/resources/derivatives/5/52DB98D7-E7CC-4396-A59B-FD6DC012EA1F_1_105_c.jpeg"
    ],
    "ultima_modificacion": "2025-08-01 01:01:29.303899"
  },
  "5f43f05214a84291ba8702fa36825eba1105c.jpeg": {
    "app_sintetizada": "5F43F05214A84291BA8702FA36825EBA1105C.JPEG",
    "cantidad_archivos": 1,
    "archivos_fuente": [
      "Pictures/Fototeca de Fotos.photoslibrary/resources/derivatives/5/5F43F052-14A8-4291-BA87-02FA36825EBA_1_105_c.jpeg"
    ],
    "ultima_modificacion": "2025-08-01 01:01:29.304261"
  },
  "5f109e775f634e03b4bcb3598bbd0f4c1105c.jpeg": {
    "app_sintetizada": "5F109E775F634E03B4BCB3598BBD0F4C1105C.JPEG",
    "cantidad_archivos": 1,
    "archivos_fuente": [
      "Pictures/Fototeca de Fotos.photoslibrary/resources/derivatives/5/5F109E77-5F63-4E03-B4BC-B3598BBD0F4C_1_105_c.jpeg"
    ],
    "ultima_modificacion": "2025-08-01 01:01:29.304618"
  },
  "511857a51b3944f2a078f6e001815b8c1105c.jpeg": {
    "app_sintetizada": "511857A51B3944F2A078F6E001815B8C1105C.JPEG",
    "cantidad_archivos": 1,
    "archivos_fuente": [
      "Pictures/Fototeca de Fotos.photoslibrary/resources/derivatives/5/511857A5-1B39-44F2-A078-F6E001815B8C_1_105_c.jpeg"
    ],
    "ultima_modificacion": "2025-08-01 01:01:29.304959"
  },
  "575823c52572461aaaa7eb980b823f0e1105c.jpeg": {
    "app_sintetizada": "575823C52572461AAAA7EB980B823F0E1105C.JPEG",
    "cantidad_archivos": 1,
    "archivos_fuente": [
      "Pictures/Fototeca de Fotos.photoslibrary/resources/derivatives/5/575823C5-2572-461A-AAA7-EB980B823F0E_1_105_c.jpeg"
    ],
    "ultima_modificacion": "2025-08-01 01:01:29.305292"
  },
  "58f67e5ff28540f6876cad1d375cab151105c.jpeg": {
    "app_sintetizada": "58F67E5FF28540F6876CAD1D375CAB151105C.JPEG",
    "cantidad_archivos": 1,
    "archivos_fuente": [
      "Pictures/Fototeca de Fotos.photoslibrary/resources/derivatives/5/58F67E5F-F285-40F6-876C-AD1D375CAB15_1_105_c.jpeg"
    ],
    "ultima_modificacion": "2025-08-01 01:01:29.306583"
  },
  "5ab12be3063546b7ba62ea203569c0ba1105c.jpeg": {
    "app_sintetizada": "5AB12BE3063546B7BA62EA203569C0BA1105C.JPEG",
    "cantidad_archivos": 1,
    "archivos_fuente": [
      "Pictures/Fototeca de Fotos.photoslibrary/resources/derivatives/5/5AB12BE3-0635-46B7-BA62-EA203569C0BA_1_105_c.jpeg"
    ],
    "ultima_modificacion": "2025-08-01 01:01:29.307054"
  },
  "5dbd92efea4c4655a31cb5b97df21c411105c.jpeg": {
    "app_sintetizada": "5DBD92EFEA4C4655A31CB5B97DF21C411105C.JPEG",
    "cantidad_archivos": 1,
    "archivos_fuente": [
      "Pictures/Fototeca de Fotos.photoslibrary/resources/derivatives/5/5DBD92EF-EA4C-4655-A31C-B5B97DF21C41_1_105_c.jpeg"
    ],
    "ultima_modificacion": "2025-08-01 01:01:29.307421"
  },
  "5bfefc2b310d4027a2c0aaf079d549521105c.jpeg": {
    "app_sintetizada": "5BFEFC2B310D4027A2C0AAF079D549521105C.JPEG",
    "cantidad_archivos": 1,
    "archivos_fuente": [
      "Pictures/Fototeca de Fotos.photoslibrary/resources/derivatives/5/5BFEFC2B-310D-4027-A2C0-AAF079D54952_1_105_c.jpeg"
    ],
    "ultima_modificacion": "2025-08-01 01:01:29.307782"
  },
  "5110e06396b047d6966a55b76e1b4f941105c.jpeg": {
    "app_sintetizada": "5110E06396B047D6966A55B76E1B4F941105C.JPEG",
    "cantidad_archivos": 1,
    "archivos_fuente": [
      "Pictures/Fototeca de Fotos.photoslibrary/resources/derivatives/5/5110E063-96B0-47D6-966A-55B76E1B4F94_1_105_c.jpeg"
    ],
    "ultima_modificacion": "2025-08-01 01:01:29.308111"
  },
  "5e01e8435d75478b8ac6baa86db11261.thm": {
    "app_sintetizada": "5E01E8435D75478B8AC6BAA86DB11261.THM",
    "cantidad_archivos": 1,
    "archivos_fuente": [
      "Pictures/Fototeca de Fotos.photoslibrary/resources/derivatives/5/5E01E843-5D75-478B-8AC6-BAA86DB11261.THM"
    ],
    "ultima_modificacion": "2025-08-01 01:01:29.308640"
  },
  "54c21c9fd671462d95de90465df9387c1105c.jpeg": {
    "app_sintetizada": "54C21C9FD671462D95DE90465DF9387C1105C.JPEG",
    "cantidad_archivos": 1,
    "archivos_fuente": [
      "Pictures/Fototeca de Fotos.photoslibrary/resources/derivatives/5/54C21C9F-D671-462D-95DE-90465DF9387C_1_105_c.jpeg"
    ],
    "ultima_modificacion": "2025-08-01 01:01:29.309040"
  },
  "5a9af435fbdf4ddaa4288647c56f23691105c.jpeg": {
    "app_sintetizada": "5A9AF435FBDF4DDAA4288647C56F23691105C.JPEG",
    "cantidad_archivos": 1,
    "archivos_fuente": [
      "Pictures/Fototeca de Fotos.photoslibrary/resources/derivatives/5/5A9AF435-FBDF-4DDA-A428-8647C56F2369_1_105_c.jpeg"
    ],
    "ultima_modificacion": "2025-08-01 01:01:29.309610"
  },
  "51f14ab3a3094081ba4edbcc04ed02fb1105c.jpeg": {
    "app_sintetizada": "51F14AB3A3094081BA4EDBCC04ED02FB1105C.JPEG",
    "cantidad_archivos": 1,
    "archivos_fuente": [
      "Pictures/Fototeca de Fotos.photoslibrary/resources/derivatives/5/51F14AB3-A309-4081-BA4E-DBCC04ED02FB_1_105_c.jpeg"
    ],
    "ultima_modificacion": "2025-08-01 01:01:29.309877"
  },
  "5fffe963a20b4de2a402ed09f031c8691105c.jpeg": {
    "app_sintetizada": "5FFFE963A20B4DE2A402ED09F031C8691105C.JPEG",
    "cantidad_archivos": 1,
    "archivos_fuente": [
      "Pictures/Fototeca de Fotos.photoslibrary/resources/derivatives/5/5FFFE963-A20B-4DE2-A402-ED09F031C869_1_105_c.jpeg"
    ],
    "ultima_modificacion": "2025-08-01 01:01:29.310134"
  },
  "5a27c11fe7704529850521907e93e6861105c.jpeg": {
    "app_sintetizada": "5A27C11FE7704529850521907E93E6861105C.JPEG",
    "cantidad_archivos": 1,
    "archivos_fuente": [
      "Pictures/Fototeca de Fotos.photoslibrary/resources/derivatives/5/5A27C11F-E770-4529-8505-21907E93E686_1_105_c.jpeg"
    ],
    "ultima_modificacion": "2025-08-01 01:01:29.310365"
  },
  "5d3d163660f54df68f28cdc3e1a7c9a81105c.jpeg": {
    "app_sintetizada": "5D3D163660F54DF68F28CDC3E1A7C9A81105C.JPEG",
    "cantidad_archivos": 1,
    "archivos_fuente": [
      "Pictures/Fototeca de Fotos.photoslibrary/resources/derivatives/5/5D3D1636-60F5-4DF6-8F28-CDC3E1A7C9A8_1_105_c.jpeg"
    ],
    "ultima_modificacion": "2025-08-01 01:01:29.310755"
  },
  "5963258287ae4ae9b2c1c2ac7d82ccca.thm": {
    "app_sintetizada": "5963258287AE4AE9B2C1C2AC7D82CCCA.THM",
    "cantidad_archivos": 1,
    "archivos_fuente": [
      "Pictures/Fototeca de Fotos.photoslibrary/resources/derivatives/5/59632582-87AE-4AE9-B2C1-C2AC7D82CCCA.THM"
    ],
    "ultima_modificacion": "2025-08-01 01:01:29.311005"
  },
  "5b58c6655fe14ce8b0f99e66f897add11105c.jpeg": {
    "app_sintetizada": "5B58C6655FE14CE8B0F99E66F897ADD11105C.JPEG",
    "cantidad_archivos": 1,
    "archivos_fuente": [
      "Pictures/Fototeca de Fotos.photoslibrary/resources/derivatives/5/5B58C665-5FE1-4CE8-B0F9-9E66F897ADD1_1_105_c.jpeg"
    ],
    "ultima_modificacion": "2025-08-01 01:01:29.312306"
  },
  "5d846fbd772144dc8331ad32f865e4c91105c.jpeg": {
    "app_sintetizada": "5D846FBD772144DC8331AD32F865E4C91105C.JPEG",
    "cantidad_archivos": 1,
    "archivos_fuente": [
      "Pictures/Fototeca de Fotos.photoslibrary/resources/derivatives/5/5D846FBD-7721-44DC-8331-AD32F865E4C9_1_105_c.jpeg"
    ],
    "ultima_modificacion": "2025-08-01 01:01:29.312773"
  },
  "5762ae2d96234acda2aa2eadc9d319721105c.jpeg": {
    "app_sintetizada": "5762AE2D96234ACDA2AA2EADC9D319721105C.JPEG",
    "cantidad_archivos": 1,
    "archivos_fuente": [
      "Pictures/Fototeca de Fotos.photoslibrary/resources/derivatives/5/5762AE2D-9623-4ACD-A2AA-2EADC9D31972_1_105_c.jpeg"
    ],
    "ultima_modificacion": "2025-08-01 01:01:29.313136"
  },
  "5e7baddd80b44f57bc26304b961d15131105c.jpeg": {
    "app_sintetizada": "5E7BADDD80B44F57BC26304B961D15131105C.JPEG",
    "cantidad_archivos": 1,
    "archivos_fuente": [
      "Pictures/Fototeca de Fotos.photoslibrary/resources/derivatives/5/5E7BADDD-80B4-4F57-BC26-304B961D1513_1_105_c.jpeg"
    ],
    "ultima_modificacion": "2025-08-01 01:01:29.313401"
  },
  "5c7ae22ba9144a1590321ca8a49e29001105c.jpeg": {
    "app_sintetizada": "5C7AE22BA9144A1590321CA8A49E29001105C.JPEG",
    "cantidad_archivos": 1,
    "archivos_fuente": [
      "Pictures/Fototeca de Fotos.photoslibrary/resources/derivatives/5/5C7AE22B-A914-4A15-9032-1CA8A49E2900_1_105_c.jpeg"
    ],
    "ultima_modificacion": "2025-08-01 01:01:29.313642"
  },
  "5940bdd28b164cee9daed5e8120f6ca71105c.jpeg": {
    "app_sintetizada": "5940BDD28B164CEE9DAED5E8120F6CA71105C.JPEG",
    "cantidad_archivos": 1,
    "archivos_fuente": [
      "Pictures/Fototeca de Fotos.photoslibrary/resources/derivatives/5/5940BDD2-8B16-4CEE-9DAE-D5E8120F6CA7_1_105_c.jpeg"
    ],
    "ultima_modificacion": "2025-08-01 01:01:29.313916"
  },
  "59bbc8abccc9449888b7f70a9972fbb5.thm": {
    "app_sintetizada": "59BBC8ABCCC9449888B7F70A9972FBB5.THM",
    "cantidad_archivos": 1,
    "archivos_fuente": [
      "Pictures/Fototeca de Fotos.photoslibrary/resources/derivatives/5/59BBC8AB-CCC9-4498-88B7-F70A9972FBB5.THM"
    ],
    "ultima_modificacion": "2025-08-01 01:01:29.314167"
  },
  "5ba48f7499d44b5fa7be52f8f839826b1105c.jpeg": {
    "app_sintetizada": "5BA48F7499D44B5FA7BE52F8F839826B1105C.JPEG",
    "cantidad_archivos": 1,
    "archivos_fuente": [
      "Pictures/Fototeca de Fotos.photoslibrary/resources/derivatives/5/5BA48F74-99D4-4B5F-A7BE-52F8F839826B_1_105_c.jpeg"
    ],
    "ultima_modificacion": "2025-08-01 01:01:29.314485"
  },
  "5bd9759c988843f79f700079b229fe7e1105c.jpeg": {
    "app_sintetizada": "5BD9759C988843F79F700079B229FE7E1105C.JPEG",
    "cantidad_archivos": 1,
    "archivos_fuente": [
      "Pictures/Fototeca de Fotos.photoslibrary/resources/derivatives/5/5BD9759C-9888-43F7-9F70-0079B229FE7E_1_105_c.jpeg"
    ],
    "ultima_modificacion": "2025-08-01 01:01:29.314989"
  },
  "5bb105a70fdb4664b4dbdef18577fde51105c.jpeg": {
    "app_sintetizada": "5BB105A70FDB4664B4DBDEF18577FDE51105C.JPEG",
    "cantidad_archivos": 1,
    "archivos_fuente": [
      "Pictures/Fototeca de Fotos.photoslibrary/resources/derivatives/5/5BB105A7-0FDB-4664-B4DB-DEF18577FDE5_1_105_c.jpeg"
    ],
    "ultima_modificacion": "2025-08-01 01:01:29.315337"
  },
  "50c1097cf401406ab2a8f8c3107859561105c.jpeg": {
    "app_sintetizada": "50C1097CF401406AB2A8F8C3107859561105C.JPEG",
    "cantidad_archivos": 1,
    "archivos_fuente": [
      "Pictures/Fototeca de Fotos.photoslibrary/resources/derivatives/5/50C1097C-F401-406A-B2A8-F8C310785956_1_105_c.jpeg"
    ],
    "ultima_modificacion": "2025-08-01 01:01:29.315602"
  },
  "575124ff90cb4d6aa6a6d0a79bfcec891105c.jpeg": {
    "app_sintetizada": "575124FF90CB4D6AA6A6D0A79BFCEC891105C.JPEG",
    "cantidad_archivos": 1,
    "archivos_fuente": [
      "Pictures/Fototeca de Fotos.photoslibrary/resources/derivatives/5/575124FF-90CB-4D6A-A6A6-D0A79BFCEC89_1_105_c.jpeg"
    ],
    "ultima_modificacion": "2025-08-01 01:01:29.315842"
  },
  "5e5be93450074365a47d3e76bda1c3901105c.jpeg": {
    "app_sintetizada": "5E5BE93450074365A47D3E76BDA1C3901105C.JPEG",
    "cantidad_archivos": 1,
    "archivos_fuente": [
      "Pictures/Fototeca de Fotos.photoslibrary/resources/derivatives/5/5E5BE934-5007-4365-A47D-3E76BDA1C390_1_105_c.jpeg"
    ],
    "ultima_modificacion": "2025-08-01 01:01:29.320140"
  },
  "54625b2cc768484fa1ada6ce1044fbf21105c.jpeg": {
    "app_sintetizada": "54625B2CC768484FA1ADA6CE1044FBF21105C.JPEG",
    "cantidad_archivos": 1,
    "archivos_fuente": [
      "Pictures/Fototeca de Fotos.photoslibrary/resources/derivatives/5/54625B2C-C768-484F-A1AD-A6CE1044FBF2_1_105_c.jpeg"
    ],
    "ultima_modificacion": "2025-08-01 01:01:29.320660"
  },
  "5ba843b71f974045a2e07f246a82589a1105c.jpeg": {
    "app_sintetizada": "5BA843B71F974045A2E07F246A82589A1105C.JPEG",
    "cantidad_archivos": 1,
    "archivos_fuente": [
      "Pictures/Fototeca de Fotos.photoslibrary/resources/derivatives/5/5BA843B7-1F97-4045-A2E0-7F246A82589A_1_105_c.jpeg"
    ],
    "ultima_modificacion": "2025-08-01 01:01:29.321120"
  },
  "51b14c7f1b7342a1bbaab17b02ecac411105c.jpeg": {
    "app_sintetizada": "51B14C7F1B7342A1BBAAB17B02ECAC411105C.JPEG",
    "cantidad_archivos": 1,
    "archivos_fuente": [
      "Pictures/Fototeca de Fotos.photoslibrary/resources/derivatives/5/51B14C7F-1B73-42A1-BBAA-B17B02ECAC41_1_105_c.jpeg"
    ],
    "ultima_modificacion": "2025-08-01 01:01:29.321581"
  },
  "567f5fdc79dd4fc5a23c4a6aaca6c0511105c.jpeg": {
    "app_sintetizada": "567F5FDC79DD4FC5A23C4A6AACA6C0511105C.JPEG",
    "cantidad_archivos": 1,
    "archivos_fuente": [
      "Pictures/Fototeca de Fotos.photoslibrary/resources/derivatives/5/567F5FDC-79DD-4FC5-A23C-4A6AACA6C051_1_105_c.jpeg"
    ],
    "ultima_modificacion": "2025-08-01 01:01:29.321973"
  },
  "53c6c7f41aa94f70b139161cb12246951105c.jpeg": {
    "app_sintetizada": "53C6C7F41AA94F70B139161CB12246951105C.JPEG",
    "cantidad_archivos": 1,
    "archivos_fuente": [
      "Pictures/Fototeca de Fotos.photoslibrary/resources/derivatives/5/53C6C7F4-1AA9-4F70-B139-161CB1224695_1_105_c.jpeg"
    ],
    "ultima_modificacion": "2025-08-01 01:01:29.323001"
  },
  "5cdbbc4684e04f069fffb309ddd2094f.thm": {
    "app_sintetizada": "5CDBBC4684E04F069FFFB309DDD2094F.THM",
    "cantidad_archivos": 1,
    "archivos_fuente": [
      "Pictures/Fototeca de Fotos.photoslibrary/resources/derivatives/5/5CDBBC46-84E0-4F06-9FFF-B309DDD2094F.THM"
    ],
    "ultima_modificacion": "2025-08-01 01:01:29.323451"
  }
}