{
  "000043.ldb": {
    "app_sintetizada": "000043.LDB",
    "cantidad_archivos": 2,
    "archivos_fuente": [
      "Library/Application Support/Google/Chrome/Default/Session Storage/000043.ldb",
      "Library/Application Support/Google/Chrome/Default/Extension State/000043.ldb"
    ],
    "ultima_modificacion": "2025-08-01 01:01:30.379815"
  },
  "000046.ldb": {
    "app_sintetizada": "000046.LDB",
    "cantidad_archivos": 1,
    "archivos_fuente": [
      "Library/Application Support/Google/Chrome/Default/Session Storage/000046.ldb"
    ],
    "ultima_modificacion": "2025-08-01 01:01:30.380054"
  },
  "000003.log": {
    "app_sintetizada": "000003.LOG",
    "cantidad_archivos": 118,
    "archivos_fuente": [
      "Library/Application Support/Google/Chrome/Default/Platform Notifications/000003.log",
      "Library/Application Support/Google/Chrome/Default/IndexedDB/https_www.youtube.com_0.indexeddb.leveldb/000003.log",
      "Library/Application Support/Google/Chrome/Default/GCM Store/Encryption/000003.log",
      "Library/Application Support/Google/Chrome/Default/WebStorage/549/IndexedDB/indexeddb.leveldb/000003.log",
      "Library/Application Support/Google/Chrome/Default/WebStorage/541/IndexedDB/indexeddb.leveldb/000003.log",
      "Library/Application Support/Google/Chrome/Default/Site Characteristics Database/000003.log",
      "Library/Application Support/Google/Chrome/Default/Managed Extension Settings/ioimeaeldphbhdlokejbgcakkihmnpbl/000003.log",
      "Library/Application Support/Google/Chrome/Default/Extension Scripts/000003.log",
      "Library/Application Support/Google/Chrome/Default/Extension Rules/000003.log",
      "Library/Application Support/Google/Chrome/Default/Sync Extension Settings/cnfpoahmkakiphbebkllcgflpeigphbk/000003.log",
      "Library/Application Support/Google/Chrome/Default/Sync Extension Settings/lpfemeioodjbpieminkklglpmhlngfcn/000003.log",
      "Library/Application Support/Google/Chrome/Default/Sync Extension Settings/cklkofkblkhoafccongdmdpeocoeaeof/000003.log",
      "Library/Application Support/Google/Chrome/Default/Sync Extension Settings/mbnbehikldjhnfehhnaidhjhoofhpehk/000003.log",
      "Library/Application Support/Google/Chrome/Default/Sync Extension Settings/fjnbnpbmkenffdnngjfgmeleoegfcffe/000003.log",
      "Library/Application Support/Google/Chrome/Default/Sync Extension Settings/ponjkmladgjfjgllmhnkhgbgocdigcjm/000003.log",
      "Library/Application Support/Google/Chrome/Default/Sync Extension Settings/jfgfiigpkhlkbnfnbobbkinehhfdhndo/000003.log",
      "Library/Application Support/Google/Chrome/Default/Sync Extension Settings/lahhiofdgnbcgmemekkmjnpifojdaelb/000003.log",
      "Library/Application Support/Google/Chrome/Default/Sync Extension Settings/gmbmikajjgmnabiglmofipeabaddhgne/000003.log",
      "Library/Application Support/Google/Chrome/Default/File System/013/t/Paths/000003.log",
      "Library/Application Support/Google/Chrome/Default/File System/Origins/000003.log",
      "Library/Application Support/Google/Chrome/Default/Storage/ext/gfdkimpbcpahaombhbimeihdjnejgicl/def/Session Storage/000003.log",
      "Library/Application Support/Google/Chrome/Default/Storage/ext/gfdkimpbcpahaombhbimeihdjnejgicl/def/Platform Notifications/000003.log",
      "Library/Application Support/Google/Chrome/Default/Storage/ext/gfdkimpbcpahaombhbimeihdjnejgicl/def/Local Storage/leveldb/000003.log",
      "Library/Application Support/Google/Chrome/Default/Storage/ext/nmmhkkegccagdldgiimedpiccmgmieda/def/Session Storage/000003.log",
      "Library/Application Support/Google/Chrome/Default/Storage/ext/nmmhkkegccagdldgiimedpiccmgmieda/def/Platform Notifications/000003.log",
      "Library/Application Support/Google/Chrome/Default/Storage/ext/nmmhkkegccagdldgiimedpiccmgmieda/def/Local Storage/leveldb/000003.log",
      "Library/Application Support/Google/Chrome/Default/shared_proto_db/metadata/000003.log",
      "Library/Application Support/Google/Chrome/Default/Local Extension Settings/ghbmnnjooekpmoecnnnilnnbdlolhkhi/000003.log",
      "Library/Application Support/Google/Chrome/Default/Local Extension Settings/lpfemeioodjbpieminkklglpmhlngfcn/000003.log",
      "Library/Application Support/Google/Chrome/Default/Local Extension Settings/cpgamigjcbffkaiciiepndmonbfdimbb/000003.log",
      "Library/Application Support/Google/Chrome/Default/Local Extension Settings/cklkofkblkhoafccongdmdpeocoeaeof/000003.log",
      "Library/Application Support/Google/Chrome/Default/Local Extension Settings/bnjjngeaknajbdcgpfkgnonkmififhfo/000003.log",
      "Library/Application Support/Google/Chrome/Default/Local Extension Settings/cmkdbmfndkfgebldhnkbfhlneefdaaip/000003.log",
      "Library/Application Support/Google/Chrome/Default/Local Extension Settings/ajphlblkfpppdpkgokiejbjfohfohhmk/000003.log",
      "Library/Application Support/Google/Chrome/Default/Local Extension Settings/ponjkmladgjfjgllmhnkhgbgocdigcjm/000003.log",
      "Library/Application Support/Google/Chrome/Default/Local Extension Settings/cdnapgfjopgaggbmfgbiinmmbdcglnam/000003.log",
      "Library/Application Support/Google/Chrome/Default/Local Extension Settings/jfgfiigpkhlkbnfnbobbkinehhfdhndo/000003.log",
      "Library/Application Support/Google/Chrome/Default/Local Extension Settings/lahhiofdgnbcgmemekkmjnpifojdaelb/000003.log",
      "Library/Application Support/Google/Chrome/Default/Local Extension Settings/mhnlakgilnojmhinhkckjpncpbhabphi/000003.log",
      "Library/Application Support/Google/Chrome/Default/Local Extension Settings/mdnleldcmiljblolnjhpnblkcekpdkpa/000003.log",
      "Library/Application Support/Google/Chrome/Default/Local Extension Settings/koainglekegjifjigbojdfbjedgalilc/000003.log",
      "Library/Application Support/Google/Chrome/System Profile/Session Storage/000003.log",
      "Library/Application Support/Google/Chrome/System Profile/GCM Store/Encryption/000003.log",
      "Library/Application Support/Google/Chrome/System Profile/Site Characteristics Database/000003.log",
      "Library/Application Support/Google/Chrome/System Profile/Extension Scripts/000003.log",
      "Library/Application Support/Google/Chrome/System Profile/Extension Rules/000003.log",
      "Library/Application Support/Google/Chrome/System Profile/Extension State/000003.log",
      "Library/Application Support/Google/Chrome/System Profile/shared_proto_db/000003.log",
      "Library/Application Support/Google/Chrome/System Profile/shared_proto_db/metadata/000003.log",
      "Library/Application Support/Google/Chrome/System Profile/Sync Data/LevelDB/000003.log",
      "Library/Application Support/Google/Chrome/System Profile/Local Storage/leveldb/000003.log",
      "Library/Application Support/Google/Chrome/Guest Profile/GCM Store/Encryption/000003.log",
      "Library/Application Support/Google/Chrome/Guest Profile/Site Characteristics Database/000003.log",
      "Library/Application Support/Google/Chrome/Guest Profile/Extension Scripts/000003.log",
      "Library/Application Support/Google/Chrome/Guest Profile/Extension State/000003.log",
      "Library/Application Support/Google/Chrome/Guest Profile/shared_proto_db/000003.log",
      "Library/Application Support/Google/Chrome/Guest Profile/shared_proto_db/metadata/000003.log",
      "Library/Application Support/Google/Chrome/Guest Profile/Sync Data/LevelDB/000003.log",
      "Library/Application Support/Google/Chrome/Guest Profile/Local Storage/leveldb/000003.log",
      "Library/Application Support/Microsoft/Skype for Desktop/Session Storage/000003.log",
      "Library/Application Support/com.operasoftware.Opera/Default/Session Storage/000003.log",
      "Library/Application Support/com.operasoftware.Opera/Default/Site Characteristics Database/000003.log",
      "Library/Application Support/com.operasoftware.Opera/Default/Extension Scripts/000003.log",
      "Library/Application Support/com.operasoftware.Opera/Default/Extension Rules/000003.log",
      "Library/Application Support/com.operasoftware.Opera/Default/Extension State/000003.log",
      "Library/Application Support/com.operasoftware.Opera/Default/shared_proto_db/000003.log",
      "Library/Application Support/com.operasoftware.Opera/Default/shared_proto_db/metadata/000003.log",
      "Library/Application Support/com.operasoftware.Opera/Default/Local Extension Settings/igpdmclhhlcpoindmhkhillbfhdgoegm/000003.log",
      "Library/Application Support/com.operasoftware.Opera/Default/Local Extension Settings/enegjkbbakeegngfapepobipndnebkdk/000003.log",
      "Library/Application Support/com.operasoftware.Opera/Default/Sync Data/LevelDB/000003.log",
      "Library/Application Support/com.operasoftware.Opera/Default/Local Storage/leveldb/000003.log",
      "Library/Application Support/Dropbox/Session Storage/000003.log",
      "Library/Application Support/Dropbox/Partitions/preferencesview/Session Storage/000003.log",
      "Library/Application Support/Dropbox/Partitions/preferencesview/Local Storage/leveldb/000003.log",
      "Library/Application Support/Dropbox/Partitions/selectivesyncview/Session Storage/000003.log",
      "Library/Application Support/Dropbox/Partitions/selectivesyncview/Local Storage/leveldb/000003.log",
      "Library/Application Support/Dropbox/Partitions/filetransferview/Session Storage/000003.log",
      "Library/Application Support/Dropbox/Partitions/filetransferview/Local Storage/leveldb/000003.log",
      "Library/Application Support/Dropbox/Partitions/welcomeflowview/Session Storage/000003.log",
      "Library/Application Support/Dropbox/Partitions/welcomeflowview/Local Storage/leveldb/000003.log",
      "Library/Application Support/Dropbox/Partitions/notificationdialogview/Session Storage/000003.log",
      "Library/Application Support/Dropbox/Partitions/notificationdialogview/Local Storage/leveldb/000003.log",
      "Library/Application Support/Dropbox/Partitions/dbid%3Aaadfslrgmtahjs1k3dkvev5zn6wi2jqqqeo/Session Storage/000003.log",
      "Library/Application Support/Dropbox/Partitions/dbid%3Aaadfslrgmtahjs1k3dkvev5zn6wi2jqqqeo/Service Worker/Database/000003.log",
      "Library/Application Support/Dropbox/Partitions/dbid%3Aaadfslrgmtahjs1k3dkvev5zn6wi2jqqqeo/Local Storage/leveldb/000003.log",
      "Library/Application Support/Dropbox/Partitions/electrondialog/Session Storage/000003.log",
      "Library/Application Support/Dropbox/Partitions/electrondialog/Local Storage/leveldb/000003.log",
      "Library/Application Support/Dropbox/Local Storage/leveldb/000003.log",
      "Library/Application Support/WhatsApp/File System/000/t/Paths/000003.log",
      "Library/Application Support/WhatsApp/File System/Origins/000003.log",
      "Library/Application Support/WhatsApp/shared_proto_db/000003.log",
      "Library/Application Support/WhatsApp/shared_proto_db/metadata/000003.log",
      "Library/Containers/com.microsoft.teams2/Data/Library/Application Support/Microsoft/MSTeams/EBWebView/Default/Site Characteristics Database/000003.log",
      "Library/Containers/com.microsoft.teams2/Data/Library/Application Support/Microsoft/MSTeams/EBWebView/Default/Extension Scripts/000003.log",
      "Library/Containers/com.microsoft.teams2/Data/Library/Application Support/Microsoft/MSTeams/EBWebView/Default/Extension Rules/000003.log",
      "Library/Containers/com.microsoft.teams2/Data/Library/Application Support/Microsoft/MSTeams/EBWebView/Default/Extension State/000003.log",
      "Library/Containers/com.microsoft.teams2/Data/Library/Application Support/Microsoft/MSTeams/EBWebView/Default/shared_proto_db/000003.log",
      "Library/Containers/com.microsoft.teams2/Data/Library/Application Support/Microsoft/MSTeams/EBWebView/Default/shared_proto_db/metadata/000003.log",
      "Library/Containers/com.microsoft.teams2/Data/Library/Application Support/Microsoft/MSTeams/EBWebView/Default/Sync Data/LevelDB/000003.log",
      "Library/Containers/com.microsoft.teams2/Data/Library/Application Support/Microsoft/MSTeams/EBWebView/Default/Local Storage/leveldb/000003.log",
      "Library/Containers/com.microsoft.teams2/Data/Library/Application Support/Microsoft/MSTeams/EBWebView/WV2Profile_tfw/Session Storage/000003.log",
      "Library/Containers/com.microsoft.teams2/Data/Library/Application Support/Microsoft/MSTeams/EBWebView/WV2Profile_tfw/IndexedDB/https_teams.microsoft.com_0.indexeddb.leveldb/000003.log",
      "Library/Containers/com.microsoft.teams2/Data/Library/Application Support/Microsoft/MSTeams/EBWebView/WV2Profile_tfw/Site Characteristics Database/000003.log",
      "Library/Containers/com.microsoft.teams2/Data/Library/Application Support/Microsoft/MSTeams/EBWebView/WV2Profile_tfw/Extension Scripts/000003.log",
      "Library/Containers/com.microsoft.teams2/Data/Library/Application Support/Microsoft/MSTeams/EBWebView/WV2Profile_tfw/Extension Rules/000003.log",
      "Library/Containers/com.microsoft.teams2/Data/Library/Application Support/Microsoft/MSTeams/EBWebView/WV2Profile_tfw/Extension State/000003.log",
      "Library/Containers/com.microsoft.teams2/Data/Library/Application Support/Microsoft/MSTeams/EBWebView/WV2Profile_tfw/shared_proto_db/000003.log",
      "Library/Containers/com.microsoft.teams2/Data/Library/Application Support/Microsoft/MSTeams/EBWebView/WV2Profile_tfw/shared_proto_db/metadata/000003.log",
      "Library/Containers/com.microsoft.teams2/Data/Library/Application Support/Microsoft/MSTeams/EBWebView/WV2Profile_tfw/Sync Data/LevelDB/000003.log",
      "Library/Caches/com.spotify.client/Default/Session Storage/000003.log",
      "Library/Caches/com.spotify.client/Default/GCM Store/Encryption/000003.log",
      "Library/Caches/com.spotify.client/Default/Site Characteristics Database/000003.log",
      "Library/Caches/com.spotify.client/Default/Extension Scripts/000003.log",
      "Library/Caches/com.spotify.client/Default/Extension Rules/000003.log",
      "Library/Caches/com.spotify.client/Default/Extension State/000003.log",
      "Library/Caches/com.spotify.client/Default/shared_proto_db/000003.log",
      "Library/Caches/com.spotify.client/Default/shared_proto_db/metadata/000003.log",
      "Library/Caches/com.spotify.client/Default/Sync Data/LevelDB/000003.log"
    ],
    "ultima_modificacion": "2025-08-01 01:01:30.380501"
  },
  "f000001": {
    "app_sintetizada": "F000001",
    "cantidad_archivos": 3,
    "archivos_fuente": [
      "Library/Application Support/Google/Chrome/Default/GPUCache/f_000001",
      "Library/Application Support/com.operasoftware.Opera/GrShaderCache/f_000001",
      "Library/Caches/com.spotify.client/GrShaderCache/f_000001"
    ],
    "ultima_modificacion": "2025-08-01 01:01:30.380731"
  },
  "f000002": {
    "app_sintetizada": "F000002",
    "cantidad_archivos": 3,
    "archivos_fuente": [
      "Library/Application Support/Google/Chrome/Default/GPUCache/f_000002",
      "Library/Application Support/com.operasoftware.Opera/GrShaderCache/f_000002",
      "Library/Caches/com.spotify.client/GrShaderCache/f_000002"
    ],
    "ultima_modificacion": "2025-08-01 01:01:30.380919"
  },
  "000043.log": {
    "app_sintetizada": "000043.LOG",
    "cantidad_archivos": 1,
    "archivos_fuente": [
      "Library/Application Support/Google/Chrome/Default/IndexedDB/chrome-extension_nkbihfbeogaeaoehlefnkodbefgpgknn_0.indexeddb.leveldb/000043.log"
    ],
    "ultima_modificacion": "2025-08-01 01:01:30.381099"
  },
  "000045.ldb": {
    "app_sintetizada": "000045.LDB",
    "cantidad_archivos": 1,
    "archivos_fuente": [
      "Library/Application Support/Google/Chrome/Default/IndexedDB/chrome-extension_nkbihfbeogaeaoehlefnkodbefgpgknn_0.indexeddb.leveldb/000045.ldb"
    ],
    "ultima_modificacion": "2025-08-01 01:01:30.381278"
  },
  "16": {
    "app_sintetizada": "16",
    "cantidad_archivos": 3,
    "archivos_fuente": [
      "Library/Application Support/Google/Chrome/Default/IndexedDB/https_manus.im_0.indexeddb.blob/1/00/16",
      "Library/Application Support/Microsoft/16 marzo.xlsx",
      "Library/Application Support/Microsoft/16 junio .xlsx"
    ],
    "ultima_modificacion": "2025-08-01 01:01:30.381456"
  },
  "28": {
    "app_sintetizada": "28",
    "cantidad_archivos": 2,
    "archivos_fuente": [
      "Library/Application Support/Google/Chrome/Default/IndexedDB/https_manus.im_0.indexeddb.blob/1/00/28",
      "Library/Application Support/Microsoft/28 abril.xlsx"
    ],
    "ultima_modificacion": "2025-08-01 01:01:30.381629"
  },
  "d": {
    "app_sintetizada": "D",
    "cantidad_archivos": 1,
    "archivos_fuente": [
      "Library/Application Support/Google/Chrome/Default/IndexedDB/https_manus.im_0.indexeddb.blob/1/00/d"
    ],
    "ultima_modificacion": "2025-08-01 01:01:30.381802"
  },
  "23": {
    "app_sintetizada": "23",
    "cantidad_archivos": 1,
    "archivos_fuente": [
      "Library/Application Support/Google/Chrome/Default/IndexedDB/https_manus.im_0.indexeddb.blob/1/00/23"
    ],
    "ultima_modificacion": "2025-08-01 01:01:30.381970"
  },
  "15": {
    "app_sintetizada": "15",
    "cantidad_archivos": 1,
    "archivos_fuente": [
      "Library/Application Support/Google/Chrome/Default/IndexedDB/https_manus.im_0.indexeddb.blob/1/00/15"
    ],
    "ultima_modificacion": "2025-08-01 01:01:30.382142"
  },
  "1d": {
    "app_sintetizada": "1D",
    "cantidad_archivos": 1,
    "archivos_fuente": [
      "Library/Application Support/Google/Chrome/Default/IndexedDB/https_manus.im_0.indexeddb.blob/1/00/1d"
    ],
    "ultima_modificacion": "2025-08-01 01:01:30.382335"
  },
  "1c": {
    "app_sintetizada": "1C",
    "cantidad_archivos": 1,
    "archivos_fuente": [
      "Library/Application Support/Google/Chrome/Default/IndexedDB/https_manus.im_0.indexeddb.blob/1/00/1c"
    ],
    "ultima_modificacion": "2025-08-01 01:01:30.382717"
  },
  "13": {
    "app_sintetizada": "13",
    "cantidad_archivos": 1,
    "archivos_fuente": [
      "Library/Application Support/Google/Chrome/Default/IndexedDB/https_manus.im_0.indexeddb.blob/1/00/13"
    ],
    "ultima_modificacion": "2025-08-01 01:01:30.382972"
  },
  "14": {
    "app_sintetizada": "14",
    "cantidad_archivos": 2,
    "archivos_fuente": [
      "Library/Application Support/Google/Chrome/Default/IndexedDB/https_manus.im_0.indexeddb.blob/1/00/14",
      "Library/Application Support/Microsoft/ 14 febrero .xlsx"
    ],
    "ultima_modificacion": "2025-08-01 01:01:30.383164"
  },
  "2": {
    "app_sintetizada": "2",
    "cantidad_archivos": 8,
    "archivos_fuente": [
      "Library/Application Support/Google/Chrome/Default/IndexedDB/https_github.dev_0.indexeddb.blob/1/00/2",
      "Library/Application Support/Google/Chrome/Default/IndexedDB/chrome-extension_nkbihfbeogaeaoehlefnkodbefgpgknn_0.indexeddb.blob/1/00/2",
      "Library/Application Support/Microsoft/2 de marzo.xlsx",
      "Library/CloudStorage/Dropbox/RESPALDO MENTALIA 30 JULIO 2025/Copia de MENTAL(IA)/2 MENTALIZACION MENTAL-IA  (ESTRUCTURA DE PERSONALIDAD, MENTE, CEREBRO, INCONCIENTE, CREENCIAS, PROGRAMACIO\u0301N).zip",
      "Library/CloudStorage/Dropbox/Copia de MENTAL(IA)/2 MENTALIZACION MENTAL-IA  (ESTRUCTURA DE PERSONALIDAD, MENTE, CEREBRO, INCONCIENTE, CREENCIAS, PROGRAMACIO\u0301N).zip",
      "Library/CloudStorage/Dropbox/MENTALIA UNIVERSE/2 MENTALIZACION MULTIDIMENSIONAL.zip",
      "Library/CloudStorage/Dropbox/MENTALIA UNIVERSE/2 MENTALIZACION MULTIDIMENSIONAL 2.zip",
      "Library/CloudStorage/Dropbox/MENTALIA UNIVERSE/2 MENTALIZACION MENTAL-IA  (ESTRUCTURA DE PERSONALIDAD, MENTE, CEREBRO, INCONCIENTE, CREENCIAS, PROGRAMACIO\u0301N).zip"
    ],
    "ultima_modificacion": "2025-08-01 01:01:30.383418"
  },
  "000004.log": {
    "app_sintetizada": "000004.LOG",
    "cantidad_archivos": 5,
    "archivos_fuente": [
      "Library/Application Support/Google/Chrome/Default/IndexedDB/https_www.patreon.com_0.indexeddb.leveldb/000004.log",
      "Library/Application Support/Google/Chrome/Default/IndexedDB/https_github.dev_0.indexeddb.leveldb/000004.log",
      "Library/Application Support/Google/Chrome/Default/WebStorage/539/IndexedDB/indexeddb.leveldb/000004.log",
      "Library/Application Support/Google/Chrome/Default/WebStorage/552/IndexedDB/indexeddb.leveldb/000004.log",
      "Library/Containers/com.microsoft.teams2/Data/Library/Application Support/Microsoft/MSTeams/EBWebView/WV2Profile_tfw/Local Storage/leveldb/000004.log"
    ],
    "ultima_modificacion": "2025-08-01 01:01:30.383626"
  },
  "000006.log": {
    "app_sintetizada": "000006.LOG",
    "cantidad_archivos": 1,
    "archivos_fuente": [
      "Library/Application Support/Google/Chrome/Default/IndexedDB/https_www.canva.com_0.indexeddb.leveldb/000006.log"
    ],
    "ultima_modificacion": "2025-08-01 01:01:30.383847"
  },
  "000008.ldb": {
    "app_sintetizada": "000008.LDB",
    "cantidad_archivos": 3,
    "archivos_fuente": [
      "Library/Application Support/Google/Chrome/Default/IndexedDB/https_www.canva.com_0.indexeddb.leveldb/000008.ldb",
      "Library/Application Support/Google/Chrome/Default/IndexedDB/https_mail.google.com_0.indexeddb.leveldb/000008.ldb",
      "Library/Application Support/Google/Chrome/Default/GCM Store/000008.ldb"
    ],
    "ultima_modificacion": "2025-08-01 01:01:30.384076"
  },
  "7": {
    "app_sintetizada": "7",
    "cantidad_archivos": 5,
    "archivos_fuente": [
      "Library/Application Support/Google/Chrome/Default/IndexedDB/chrome-extension_nkbihfbeogaeaoehlefnkodbefgpgknn_0.indexeddb.blob/1/00/7",
      "Library/Application Support/Microsoft/7 M .xlsx",
      "Library/Application Support/Microsoft/7 diciembre .xlsx",
      "Library/Application Support/Microsoft/ 7 Abril.xlsx",
      "Library/Application Support/Microsoft/7 febrero .xlsx"
    ],
    "ultima_modificacion": "2025-08-01 01:01:30.384262"
  },
  "6": {
    "app_sintetizada": "6",
    "cantidad_archivos": 4,
    "archivos_fuente": [
      "Library/Application Support/Google/Chrome/Default/IndexedDB/chrome-extension_nkbihfbeogaeaoehlefnkodbefgpgknn_0.indexeddb.blob/1/00/6",
      "Library/Application Support/Google/Chrome/Default/IndexedDB/chrome-extension_nkbihfbeogaeaoehlefnkodbefgpgknn_0.indexeddb.blob/2/00/6",
      "Library/Application Support/Google/Chrome/Default/IndexedDB/chrome-extension_mhnlakgilnojmhinhkckjpncpbhabphi_0.indexeddb.blob/2/00/6",
      "Documents/Documentos - MacBook Air de Catalina/6 PAUTA  INFORME PSICOLOGICO  (1).docx"
    ],
    "ultima_modificacion": "2025-08-01 01:01:30.384437"
  },
  "8": {
    "app_sintetizada": "8",
    "cantidad_archivos": 2,
    "archivos_fuente": [
      "Library/Application Support/Google/Chrome/Default/IndexedDB/chrome-extension_nkbihfbeogaeaoehlefnkodbefgpgknn_0.indexeddb.blob/1/00/8",
      "Library/Application Support/Google/Chrome/Default/IndexedDB/chrome-extension_mhnlakgilnojmhinhkckjpncpbhabphi_0.indexeddb.blob/2/00/8"
    ],
    "ultima_modificacion": "2025-08-01 01:01:30.384610"
  },
  "3": {
    "app_sintetizada": "3",
    "cantidad_archivos": 6,
    "archivos_fuente": [
      "Library/Application Support/Google/Chrome/Default/IndexedDB/chrome-extension_nkbihfbeogaeaoehlefnkodbefgpgknn_0.indexeddb.blob/1/00/3",
      "Library/CloudStorage/Dropbox/RESPALDO MENTALIA 30 JULIO 2025/Copia de MENTAL(IA)/3 BOTS MENTAL-IA (PERSONALIDAD, IDENTIDAD, FUNCIONALIDAD).zip",
      "Library/CloudStorage/Dropbox/Copia de MENTAL(IA)/3 BOTS MENTAL-IA (PERSONALIDAD, IDENTIDAD, FUNCIONALIDAD).zip",
      "Library/CloudStorage/Dropbox/MENTALIA UNIVERSE/3 AGENTES INTERDIMENSIONALES.zip",
      "Library/CloudStorage/Dropbox/MENTALIA UNIVERSE/3 BOTS MENTAL-IA (PERSONALIDAD, IDENTIDAD, FUNCIONALIDAD).zip",
      "MENTALIA/3 AGENTES INTERDIMENSIONALES.zip"
    ],
    "ultima_modificacion": "2025-08-01 01:01:30.384787"
  },
  "5": {
    "app_sintetizada": "5",
    "cantidad_archivos": 1,
    "archivos_fuente": [
      "Library/Application Support/Google/Chrome/Default/IndexedDB/chrome-extension_nkbihfbeogaeaoehlefnkodbefgpgknn_0.indexeddb.blob/2/00/5"
    ],
    "ultima_modificacion": "2025-08-01 01:01:30.384988"
  },
  "000007.log": {
    "app_sintetizada": "000007.LOG",
    "cantidad_archivos": 4,
    "archivos_fuente": [
      "Library/Application Support/Google/Chrome/Default/IndexedDB/https_mail.google.com_0.indexeddb.leveldb/000007.log",
      "Library/Application Support/Google/Chrome/Default/IndexedDB/https_docs.google.com_0.indexeddb.leveldb/000007.log",
      "Library/Application Support/Google/Chrome/Default/GCM Store/000007.log",
      "Library/Application Support/Google/Chrome/Default/WebStorage/524/IndexedDB/indexeddb.leveldb/000007.log"
    ],
    "ultima_modificacion": "2025-08-01 01:01:30.385207"
  },
  "004016.log": {
    "app_sintetizada": "004016.LOG",
    "cantidad_archivos": 1,
    "archivos_fuente": [
      "Library/Application Support/Google/Chrome/Default/IndexedDB/https_manus.im_0.indexeddb.leveldb/004016.log"
    ],
    "ultima_modificacion": "2025-08-01 01:01:30.385383"
  },
  "004018.ldb": {
    "app_sintetizada": "004018.LDB",
    "cantidad_archivos": 1,
    "archivos_fuente": [
      "Library/Application Support/Google/Chrome/Default/IndexedDB/https_manus.im_0.indexeddb.leveldb/004018.ldb"
    ],
    "ultima_modificacion": "2025-08-01 01:01:30.385556"
  },
  "004019.ldb": {
    "app_sintetizada": "004019.LDB",
    "cantidad_archivos": 1,
    "archivos_fuente": [
      "Library/Application Support/Google/Chrome/Default/IndexedDB/https_manus.im_0.indexeddb.leveldb/004019.ldb"
    ],
    "ultima_modificacion": "2025-08-01 01:01:30.385739"
  },
  "004021.ldb": {
    "app_sintetizada": "004021.LDB",
    "cantidad_archivos": 1,
    "archivos_fuente": [
      "Library/Application Support/Google/Chrome/Default/IndexedDB/https_manus.im_0.indexeddb.leveldb/004021.ldb"
    ],
    "ultima_modificacion": "2025-08-01 01:01:30.386008"
  },
  "004020.ldb": {
    "app_sintetizada": "004020.LDB",
    "cantidad_archivos": 1,
    "archivos_fuente": [
      "Library/Application Support/Google/Chrome/Default/IndexedDB/https_manus.im_0.indexeddb.leveldb/004020.ldb"
    ],
    "ultima_modificacion": "2025-08-01 01:01:30.386301"
  },
  "004022.ldb": {
    "app_sintetizada": "004022.LDB",
    "cantidad_archivos": 1,
    "archivos_fuente": [
      "Library/Application Support/Google/Chrome/Default/IndexedDB/https_manus.im_0.indexeddb.leveldb/004022.ldb"
    ],
    "ultima_modificacion": "2025-08-01 01:01:30.386528"
  },
  "004023.ldb": {
    "app_sintetizada": "004023.LDB",
    "cantidad_archivos": 1,
    "archivos_fuente": [
      "Library/Application Support/Google/Chrome/Default/IndexedDB/https_manus.im_0.indexeddb.leveldb/004023.ldb"
    ],
    "ultima_modificacion": "2025-08-01 01:01:30.386804"
  },
  "000129.log": {
    "app_sintetizada": "000129.LOG",
    "cantidad_archivos": 1,
    "archivos_fuente": [
      "Library/Application Support/Google/Chrome/Default/IndexedDB/chrome-extension_mhnlakgilnojmhinhkckjpncpbhabphi_0.indexeddb.leveldb/000129.log"
    ],
    "ultima_modificacion": "2025-08-01 01:01:30.387086"
  },
  "000131.ldb": {
    "app_sintetizada": "000131.LDB",
    "cantidad_archivos": 2,
    "archivos_fuente": [
      "Library/Application Support/Google/Chrome/Default/IndexedDB/chrome-extension_mhnlakgilnojmhinhkckjpncpbhabphi_0.indexeddb.leveldb/000131.ldb",
      "Library/Application Support/atomic/IndexedDB/file__0.indexeddb.leveldb/000131.ldb"
    ],
    "ultima_modificacion": "2025-08-01 01:01:30.387354"
  },
  "000132.ldb": {
    "app_sintetizada": "000132.LDB",
    "cantidad_archivos": 2,
    "archivos_fuente": [
      "Library/Application Support/Google/Chrome/Default/IndexedDB/chrome-extension_mhnlakgilnojmhinhkckjpncpbhabphi_0.indexeddb.leveldb/000132.ldb",
      "Library/Application Support/atomic/IndexedDB/file__0.indexeddb.leveldb/000132.ldb"
    ],
    "ultima_modificacion": "2025-08-01 01:01:30.387608"
  },
  "000133.ldb": {
    "app_sintetizada": "000133.LDB",
    "cantidad_archivos": 2,
    "archivos_fuente": [
      "Library/Application Support/Google/Chrome/Default/IndexedDB/chrome-extension_mhnlakgilnojmhinhkckjpncpbhabphi_0.indexeddb.leveldb/000133.ldb",
      "Library/Application Support/atomic/IndexedDB/file__0.indexeddb.leveldb/000133.ldb"
    ],
    "ultima_modificacion": "2025-08-01 01:01:30.387898"
  },
  "000127.ldb": {
    "app_sintetizada": "000127.LDB",
    "cantidad_archivos": 1,
    "archivos_fuente": [
      "Library/Application Support/Google/Chrome/Default/IndexedDB/chrome-extension_mhnlakgilnojmhinhkckjpncpbhabphi_0.indexeddb.leveldb/000127.ldb"
    ],
    "ultima_modificacion": "2025-08-01 01:01:30.388196"
  },
  "4": {
    "app_sintetizada": "4",
    "cantidad_archivos": 5,
    "archivos_fuente": [
      "Library/Application Support/Google/Chrome/Default/IndexedDB/chrome-extension_mhnlakgilnojmhinhkckjpncpbhabphi_0.indexeddb.blob/2/00/4",
      "Library/CloudStorage/Dropbox/RESPALDO MENTALIA 30 JULIO 2025/Copia de MENTAL(IA)/4 MULTIVERSO MENTAL-IA.zip",
      "Library/CloudStorage/Dropbox/Copia de MENTAL(IA)/4 MULTIVERSO MENTAL-IA.zip",
      "Library/CloudStorage/Dropbox/MENTALIA UNIVERSE/4 SISTEMAS MENTALIA.zip",
      "Library/CloudStorage/Dropbox/MENTALIA UNIVERSE/4 MULTIVERSO MENTAL-IA.zip"
    ],
    "ultima_modificacion": "2025-08-01 01:01:30.388484"
  },
  "000023.ldb": {
    "app_sintetizada": "000023.LDB",
    "cantidad_archivos": 1,
    "archivos_fuente": [
      "Library/Application Support/Google/Chrome/Default/IndexedDB/https_www.figma.com_0.indexeddb.leveldb/000023.ldb"
    ],
    "ultima_modificacion": "2025-08-01 01:01:30.388806"
  },
  "000021.log": {
    "app_sintetizada": "000021.LOG",
    "cantidad_archivos": 1,
    "archivos_fuente": [
      "Library/Application Support/Google/Chrome/Default/IndexedDB/https_www.figma.com_0.indexeddb.leveldb/000021.log"
    ],
    "ultima_modificacion": "2025-08-01 01:01:30.389088"
  },
  "000011.log": {
    "app_sintetizada": "000011.LOG",
    "cantidad_archivos": 1,
    "archivos_fuente": [
      "Library/Application Support/Google/Chrome/Default/IndexedDB/https_www.dropbox.com_0.indexeddb.leveldb/000011.log"
    ],
    "ultima_modificacion": "2025-08-01 01:01:30.389368"
  },
  "000013.ldb": {
    "app_sintetizada": "000013.LDB",
    "cantidad_archivos": 1,
    "archivos_fuente": [
      "Library/Application Support/Google/Chrome/Default/IndexedDB/https_www.dropbox.com_0.indexeddb.leveldb/000013.ldb"
    ],
    "ultima_modificacion": "2025-08-01 01:01:30.389654"
  },
  "manifest030007": {
    "app_sintetizada": "MANIFEST030007",
    "cantidad_archivos": 1,
    "archivos_fuente": [
      "Library/Application Support/Google/Chrome/Default/IndexedDB/chrome-extension_fjnbnpbmkenffdnngjfgmeleoegfcffe_0.indexeddb.leveldb/MANIFEST-030007"
    ],
    "ultima_modificacion": "2025-08-01 01:01:30.389921"
  },
  "047292.log": {
    "app_sintetizada": "047292.LOG",
    "cantidad_archivos": 1,
    "archivos_fuente": [
      "Library/Application Support/Google/Chrome/Default/IndexedDB/chrome-extension_fjnbnpbmkenffdnngjfgmeleoegfcffe_0.indexeddb.leveldb/047292.log"
    ],
    "ultima_modificacion": "2025-08-01 01:01:30.390191"
  },
  "047294.ldb": {
    "app_sintetizada": "047294.LDB",
    "cantidad_archivos": 1,
    "archivos_fuente": [
      "Library/Application Support/Google/Chrome/Default/IndexedDB/chrome-extension_fjnbnpbmkenffdnngjfgmeleoegfcffe_0.indexeddb.leveldb/047294.ldb"
    ],
    "ultima_modificacion": "2025-08-01 01:01:30.390464"
  },
  "047247.ldb": {
    "app_sintetizada": "047247.LDB",
    "cantidad_archivos": 1,
    "archivos_fuente": [
      "Library/Application Support/Google/Chrome/Default/IndexedDB/chrome-extension_fjnbnpbmkenffdnngjfgmeleoegfcffe_0.indexeddb.leveldb/047247.ldb"
    ],
    "ultima_modificacion": "2025-08-01 01:01:30.414872"
  },
  "047290.ldb": {
    "app_sintetizada": "047290.LDB",
    "cantidad_archivos": 1,
    "archivos_fuente": [
      "Library/Application Support/Google/Chrome/Default/IndexedDB/chrome-extension_fjnbnpbmkenffdnngjfgmeleoegfcffe_0.indexeddb.leveldb/047290.ldb"
    ],
    "ultima_modificacion": "2025-08-01 01:01:30.415298"
  },
  "000277.ldb": {
    "app_sintetizada": "000277.LDB",
    "cantidad_archivos": 1,
    "archivos_fuente": [
      "Library/Application Support/Google/Chrome/Default/IndexedDB/https_web.whatsapp.com_0.indexeddb.leveldb/000277.ldb"
    ],
    "ultima_modificacion": "2025-08-01 01:01:30.415551"
  },
  "000275.log": {
    "app_sintetizada": "000275.LOG",
    "cantidad_archivos": 1,
    "archivos_fuente": [
      "Library/Application Support/Google/Chrome/Default/IndexedDB/https_web.whatsapp.com_0.indexeddb.leveldb/000275.log"
    ],
    "ultima_modificacion": "2025-08-01 01:01:30.415781"
  },
  "000280.ldb": {
    "app_sintetizada": "000280.LDB",
    "cantidad_archivos": 1,
    "archivos_fuente": [
      "Library/Application Support/Google/Chrome/Default/IndexedDB/https_web.whatsapp.com_0.indexeddb.leveldb/000280.ldb"
    ],
    "ultima_modificacion": "2025-08-01 01:01:30.416029"
  },
  "000278.ldb": {
    "app_sintetizada": "000278.LDB",
    "cantidad_archivos": 1,
    "archivos_fuente": [
      "Library/Application Support/Google/Chrome/Default/IndexedDB/https_web.whatsapp.com_0.indexeddb.leveldb/000278.ldb"
    ],
    "ultima_modificacion": "2025-08-01 01:01:30.416386"
  },
  "000279.ldb": {
    "app_sintetizada": "000279.LDB",
    "cantidad_archivos": 1,
    "archivos_fuente": [
      "Library/Application Support/Google/Chrome/Default/IndexedDB/https_web.whatsapp.com_0.indexeddb.leveldb/000279.ldb"
    ],
    "ultima_modificacion": "2025-08-01 01:01:30.416677"
  },
  "000015.log": {
    "app_sintetizada": "000015.LOG",
    "cantidad_archivos": 1,
    "archivos_fuente": [
      "Library/Application Support/Google/Chrome/Default/IndexedDB/https_meet.google.com_0.indexeddb.leveldb/000015.log"
    ],
    "ultima_modificacion": "2025-08-01 01:01:30.416909"
  },
  "000017.ldb": {
    "app_sintetizada": "000017.LDB",
    "cantidad_archivos": 1,
    "archivos_fuente": [
      "Library/Application Support/Google/Chrome/Default/IndexedDB/https_meet.google.com_0.indexeddb.leveldb/000017.ldb"
    ],
    "ultima_modificacion": "2025-08-01 01:01:30.417122"
  },
  "001916.ldb": {
    "app_sintetizada": "001916.LDB",
    "cantidad_archivos": 1,
    "archivos_fuente": [
      "Library/Application Support/Google/Chrome/Default/IndexedDB/chrome-extension_bnjjngeaknajbdcgpfkgnonkmififhfo_0.indexeddb.leveldb/001916.ldb"
    ],
    "ultima_modificacion": "2025-08-01 01:01:30.417585"
  },
  "002146.ldb": {
    "app_sintetizada": "002146.LDB",
    "cantidad_archivos": 1,
    "archivos_fuente": [
      "Library/Application Support/Google/Chrome/Default/IndexedDB/chrome-extension_bnjjngeaknajbdcgpfkgnonkmififhfo_0.indexeddb.leveldb/002146.ldb"
    ],
    "ultima_modificacion": "2025-08-01 01:01:30.417993"
  },
  "002142.ldb": {
    "app_sintetizada": "002142.LDB",
    "cantidad_archivos": 1,
    "archivos_fuente": [
      "Library/Application Support/Google/Chrome/Default/IndexedDB/chrome-extension_bnjjngeaknajbdcgpfkgnonkmififhfo_0.indexeddb.leveldb/002142.ldb"
    ],
    "ultima_modificacion": "2025-08-01 01:01:30.418460"
  },
  "002144.log": {
    "app_sintetizada": "002144.LOG",
    "cantidad_archivos": 1,
    "archivos_fuente": [
      "Library/Application Support/Google/Chrome/Default/IndexedDB/chrome-extension_bnjjngeaknajbdcgpfkgnonkmififhfo_0.indexeddb.leveldb/002144.log"
    ],
    "ultima_modificacion": "2025-08-01 01:01:30.418771"
  },
  "000009.ldb": {
    "app_sintetizada": "000009.LDB",
    "cantidad_archivos": 2,
    "archivos_fuente": [
      "Library/Application Support/Google/Chrome/Default/IndexedDB/https_docs.google.com_0.indexeddb.leveldb/000009.ldb",
      "Library/Application Support/Google/Chrome/Default/WebStorage/524/IndexedDB/indexeddb.leveldb/000009.ldb"
    ],
    "ultima_modificacion": "2025-08-01 01:01:30.419106"
  },
  "quotamanagerjournal": {
    "app_sintetizada": "QUOTAMANAGERJOURNAL",
    "cantidad_archivos": 8,
    "archivos_fuente": [
      "Library/Application Support/Google/Chrome/Default/WebStorage/QuotaManager-journal",
      "Library/Application Support/Microsoft/Skype for Desktop/QuotaManager-journal",
      "Library/Application Support/atomic/QuotaManager-journal",
      "Library/Application Support/com.operasoftware.Opera/Default/WebStorage/QuotaManager-journal",
      "Library/Application Support/Dropbox/Partitions/dbid%3Aaadfslrgmtahjs1k3dkvev5zn6wi2jqqqeo/WebStorage/QuotaManager-journal",
      "Library/Application Support/WhatsApp/QuotaManager-journal",
      "Library/Containers/com.microsoft.teams2/Data/Library/Application Support/Microsoft/MSTeams/EBWebView/WV2Profile_tfw/WebStorage/QuotaManager-journal",
      "Library/Caches/com.spotify.client/Default/WebStorage/QuotaManager-journal"
    ],
    "ultima_modificacion": "2025-08-01 01:01:30.419377"
  },
  "quotamanager": {
    "app_sintetizada": "QUOTAMANAGER",
    "cantidad_archivos": 8,
    "archivos_fuente": [
      "Library/Application Support/Google/Chrome/Default/WebStorage/QuotaManager",
      "Library/Application Support/Microsoft/Skype for Desktop/QuotaManager",
      "Library/Application Support/atomic/QuotaManager",
      "Library/Application Support/com.operasoftware.Opera/Default/WebStorage/QuotaManager",
      "Library/Application Support/Dropbox/Partitions/dbid%3Aaadfslrgmtahjs1k3dkvev5zn6wi2jqqqeo/WebStorage/QuotaManager",
      "Library/Application Support/WhatsApp/QuotaManager",
      "Library/Containers/com.microsoft.teams2/Data/Library/Application Support/Microsoft/MSTeams/EBWebView/WV2Profile_tfw/WebStorage/QuotaManager",
      "Library/Caches/com.spotify.client/Default/WebStorage/QuotaManager"
    ],
    "ultima_modificacion": "2025-08-01 01:01:30.419701"
  },
  "index.txt": {
    "app_sintetizada": "INDEX.TXT",
    "cantidad_archivos": 13,
    "archivos_fuente": [
      "Library/Application Support/Google/Chrome/Default/WebStorage/539/CacheStorage/index.txt",
      "Library/Application Support/Google/Chrome/Default/WebStorage/549/CacheStorage/index.txt",
      "Library/Application Support/Google/Chrome/Default/WebStorage/524/CacheStorage/index.txt",
      "Library/Application Support/Google/Chrome/Default/Service Worker/CacheStorage/f278ba7242a4b0474c6478429cbbac36bd73e18d/index.txt",
      "Library/Application Support/Google/Chrome/Default/Service Worker/CacheStorage/379f1cbab5b08b6fc9e08681e42d8be311441c88/index.txt",
      "Library/Application Support/Google/Chrome/Default/Service Worker/CacheStorage/0bf6ab7f94a21cdc9c1649f884333ec20f40a544/index.txt",
      "Library/Application Support/Google/Chrome/Default/Service Worker/CacheStorage/d1394a4c842f7861ad7ae5e20da4b484a0c4acad/index.txt",
      "Library/Application Support/Google/Chrome/Default/Service Worker/CacheStorage/579544fd7d0441717f082c9eb123588966aa57ac/index.txt",
      "Library/Application Support/Google/Chrome/Default/Service Worker/CacheStorage/5c76aa062775cffe38ebac7d78ab6220cb626105/index.txt",
      "Library/Application Support/Google/Chrome/Default/Service Worker/CacheStorage/7e137c2037a4a1b41477ffb295577c092d5f7ac8/index.txt",
      "Library/Application Support/Google/Chrome/Default/Service Worker/CacheStorage/21758380f4acb720a5d169234d3b8cc1a9b19925/index.txt",
      "Library/Application Support/WhatsApp/Service Worker/CacheStorage/3e8ad32ef6e0ff2c8dfb0722a7a862f0a1038fb3/index.txt",
      "Library/Containers/com.microsoft.teams2/Data/Library/Application Support/Microsoft/MSTeams/EBWebView/WV2Profile_tfw/Service Worker/CacheStorage/2b5c392d2730c0910fd56433cc5e73e510d0f2b4/index.txt"
    ],
    "ultima_modificacion": "2025-08-01 01:01:30.420130"
  },
  "therealindex": {
    "app_sintetizada": "THEREALINDEX",
    "cantidad_archivos": 76,
    "archivos_fuente": [
      "Library/Application Support/Google/Chrome/Default/WebStorage/539/CacheStorage/f5a2663e-493a-4c05-bfdc-623af5394f00/index-dir/the-real-index",
      "Library/Application Support/Google/Chrome/Default/Service Worker/CacheStorage/f278ba7242a4b0474c6478429cbbac36bd73e18d/e4912806-ef49-483f-8ea8-08020c5e5d50/index-dir/the-real-index",
      "Library/Application Support/Google/Chrome/Default/Service Worker/CacheStorage/f278ba7242a4b0474c6478429cbbac36bd73e18d/ed32e9db-864a-4c62-a686-4a2b35124c2a/index-dir/the-real-index",
      "Library/Application Support/Google/Chrome/Default/Service Worker/CacheStorage/f278ba7242a4b0474c6478429cbbac36bd73e18d/8515cf12-a0fb-4ff8-85fc-b1b6eaa17d2f/index-dir/the-real-index",
      "Library/Application Support/Google/Chrome/Default/Service Worker/CacheStorage/f278ba7242a4b0474c6478429cbbac36bd73e18d/fbcaeba7-4c6a-475c-8dbf-ed44ba2b0093/index-dir/the-real-index",
      "Library/Application Support/Google/Chrome/Default/Service Worker/CacheStorage/f278ba7242a4b0474c6478429cbbac36bd73e18d/26cd01ef-59f6-465f-9a84-2e9f76579d6e/index-dir/the-real-index",
      "Library/Application Support/Google/Chrome/Default/Service Worker/CacheStorage/379f1cbab5b08b6fc9e08681e42d8be311441c88/0a6849bc-4bbc-4146-9437-0115678dc645/index-dir/the-real-index",
      "Library/Application Support/Google/Chrome/Default/Service Worker/CacheStorage/379f1cbab5b08b6fc9e08681e42d8be311441c88/b9320d06-6648-4b14-b3cd-afa612978468/index-dir/the-real-index",
      "Library/Application Support/Google/Chrome/Default/Service Worker/CacheStorage/0bf6ab7f94a21cdc9c1649f884333ec20f40a544/e4731ee1-3778-4f66-9b91-21993dd676d8/index-dir/the-real-index",
      "Library/Application Support/Google/Chrome/Default/Service Worker/CacheStorage/0bf6ab7f94a21cdc9c1649f884333ec20f40a544/0c6abf91-1c84-438f-b4d3-6fd168447fe2/index-dir/the-real-index",
      "Library/Application Support/Google/Chrome/Default/Service Worker/CacheStorage/0bf6ab7f94a21cdc9c1649f884333ec20f40a544/59ee6cac-2f8a-4a8c-b4af-0e1b7fd71b66/index-dir/the-real-index",
      "Library/Application Support/Google/Chrome/Default/Service Worker/CacheStorage/d1394a4c842f7861ad7ae5e20da4b484a0c4acad/f01850b4-c325-4f52-b099-c58c34ce7f1d/index-dir/the-real-index",
      "Library/Application Support/Google/Chrome/Default/Service Worker/CacheStorage/d1394a4c842f7861ad7ae5e20da4b484a0c4acad/bba02012-be57-4e96-a926-a10f556e55c3/index-dir/the-real-index",
      "Library/Application Support/Google/Chrome/Default/Service Worker/CacheStorage/d1394a4c842f7861ad7ae5e20da4b484a0c4acad/a5a18824-56f6-4f5f-abb6-64683cbd37bb/index-dir/the-real-index",
      "Library/Application Support/Google/Chrome/Default/Service Worker/CacheStorage/d1394a4c842f7861ad7ae5e20da4b484a0c4acad/4247eb88-962b-4aab-84b1-aaa005019fed/index-dir/the-real-index",
      "Library/Application Support/Google/Chrome/Default/Service Worker/CacheStorage/579544fd7d0441717f082c9eb123588966aa57ac/86431cd9-a351-40ce-80ad-ecc005d312f4/index-dir/the-real-index",
      "Library/Application Support/Google/Chrome/Default/Service Worker/CacheStorage/579544fd7d0441717f082c9eb123588966aa57ac/5c07beac-d590-4c76-a317-3bdfd501c431/index-dir/the-real-index",
      "Library/Application Support/Google/Chrome/Default/Service Worker/CacheStorage/579544fd7d0441717f082c9eb123588966aa57ac/946c7b37-a493-4b9b-b70a-0e55a587fbb6/index-dir/the-real-index",
      "Library/Application Support/Google/Chrome/Default/Service Worker/CacheStorage/579544fd7d0441717f082c9eb123588966aa57ac/2d5f58d8-3c1e-4669-9d09-475c2c86127f/index-dir/the-real-index",
      "Library/Application Support/Google/Chrome/Default/Service Worker/CacheStorage/5c76aa062775cffe38ebac7d78ab6220cb626105/03a86294-38c1-4080-95cf-24d6fecbcce8/index-dir/the-real-index",
      "Library/Application Support/Google/Chrome/Default/Service Worker/CacheStorage/5c76aa062775cffe38ebac7d78ab6220cb626105/b72b93e5-65b3-4b58-a37a-271b668cb49d/index-dir/the-real-index",
      "Library/Application Support/Google/Chrome/Default/Service Worker/CacheStorage/21758380f4acb720a5d169234d3b8cc1a9b19925/85aa5738-2f21-40fa-901d-8964e19d8e69/index-dir/the-real-index",
      "Library/Application Support/Google/Chrome/Default/Service Worker/ScriptCache/index-dir/the-real-index",
      "Library/Application Support/Google/Chrome/Default/Shared Dictionary/cache/index-dir/the-real-index",
      "Library/Application Support/Google/Chrome/System Profile/Shared Dictionary/cache/index-dir/the-real-index",
      "Library/Application Support/Microsoft/Skype for Desktop/Cache/index-dir/the-real-index",
      "Library/Application Support/Microsoft/Skype for Desktop/Code Cache/js/index-dir/the-real-index",
      "Library/Application Support/Microsoft/Skype for Desktop/Code Cache/wasm/index-dir/the-real-index",
      "Library/Application Support/atomic/Cache/index-dir/the-real-index",
      "Library/Application Support/atomic/Code Cache/js/index-dir/the-real-index",
      "Library/Application Support/com.operasoftware.Opera/Default/Shared Dictionary/cache/index-dir/the-real-index",
      "Library/Application Support/Dropbox/Cache/Cache_Data/index-dir/the-real-index",
      "Library/Application Support/Dropbox/Partitions/preferencesview/Cache/Cache_Data/index-dir/the-real-index",
      "Library/Application Support/Dropbox/Partitions/preferencesview/Code Cache/js/index-dir/the-real-index",
      "Library/Application Support/Dropbox/Partitions/preferencesview/Code Cache/wasm/index-dir/the-real-index",
      "Library/Application Support/Dropbox/Partitions/selectivesyncview/Cache/Cache_Data/index-dir/the-real-index",
      "Library/Application Support/Dropbox/Partitions/selectivesyncview/Code Cache/js/index-dir/the-real-index",
      "Library/Application Support/Dropbox/Partitions/selectivesyncview/Code Cache/wasm/index-dir/the-real-index",
      "Library/Application Support/Dropbox/Partitions/filetransferview/Cache/Cache_Data/index-dir/the-real-index",
      "Library/Application Support/Dropbox/Partitions/filetransferview/Code Cache/js/index-dir/the-real-index",
      "Library/Application Support/Dropbox/Partitions/filetransferview/Code Cache/wasm/index-dir/the-real-index",
      "Library/Application Support/Dropbox/Partitions/welcomeflowview/Code Cache/js/index-dir/the-real-index",
      "Library/Application Support/Dropbox/Partitions/welcomeflowview/Code Cache/wasm/index-dir/the-real-index",
      "Library/Application Support/Dropbox/Partitions/notificationdialogview/Cache/Cache_Data/index-dir/the-real-index",
      "Library/Application Support/Dropbox/Partitions/notificationdialogview/Code Cache/js/index-dir/the-real-index",
      "Library/Application Support/Dropbox/Partitions/notificationdialogview/Code Cache/wasm/index-dir/the-real-index",
      "Library/Application Support/Dropbox/Partitions/dbid%3Aaadfslrgmtahjs1k3dkvev5zn6wi2jqqqeo/Cache/Cache_Data/index-dir/the-real-index",
      "Library/Application Support/Dropbox/Partitions/dbid%3Aaadfslrgmtahjs1k3dkvev5zn6wi2jqqqeo/Service Worker/ScriptCache/index-dir/the-real-index",
      "Library/Application Support/Dropbox/Partitions/dbid%3Aaadfslrgmtahjs1k3dkvev5zn6wi2jqqqeo/Code Cache/js/index-dir/the-real-index",
      "Library/Application Support/Dropbox/Partitions/dbid%3Aaadfslrgmtahjs1k3dkvev5zn6wi2jqqqeo/Code Cache/wasm/index-dir/the-real-index",
      "Library/Application Support/Dropbox/Partitions/electrondialog/Cache/Cache_Data/index-dir/the-real-index",
      "Library/Application Support/Dropbox/Partitions/electrondialog/Code Cache/js/index-dir/the-real-index",
      "Library/Application Support/Dropbox/Partitions/electrondialog/Code Cache/wasm/index-dir/the-real-index",
      "Library/Application Support/Dropbox/Code Cache/js/index-dir/the-real-index",
      "Library/Application Support/Dropbox/Code Cache/wasm/index-dir/the-real-index",
      "Library/Application Support/WhatsApp/Cache/index-dir/the-real-index",
      "Library/Application Support/WhatsApp/Service Worker/CacheStorage/3e8ad32ef6e0ff2c8dfb0722a7a862f0a1038fb3/1ca08d1d-7e1e-453b-a2cb-642574ef8214/index-dir/the-real-index",
      "Library/Application Support/WhatsApp/Code Cache/js/index-dir/the-real-index",
      "Library/Application Support/WhatsApp/Code Cache/wasm/index-dir/the-real-index",
      "Library/Containers/com.microsoft.teams2/Data/Library/Application Support/Microsoft/MSTeams/EBWebView/Default/Shared Dictionary/cache/index-dir/the-real-index",
      "Library/Containers/com.microsoft.teams2/Data/Library/Application Support/Microsoft/MSTeams/EBWebView/WV2Profile_tfw/Service Worker/CacheStorage/2b5c392d2730c0910fd56433cc5e73e510d0f2b4/7e5a503e-7c5c-4d1a-94f8-f5f1ccaff9f3/index-dir/the-real-index",
      "Library/Containers/com.microsoft.teams2/Data/Library/Application Support/Microsoft/MSTeams/EBWebView/WV2Profile_tfw/Service Worker/CacheStorage/2b5c392d2730c0910fd56433cc5e73e510d0f2b4/8bde0a9d-7f30-46f7-9e2e-ec5d16f17d2b/index-dir/the-real-index",
      "Library/Containers/com.microsoft.teams2/Data/Library/Application Support/Microsoft/MSTeams/EBWebView/WV2Profile_tfw/Shared Dictionary/cache/index-dir/the-real-index",
      "Library/Caches/Google/Chrome/Default/Cache/Cache_Data/index-dir/the-real-index",
      "Library/Caches/Google/Chrome/Default/Code Cache/js/index-dir/the-real-index",
      "Library/Caches/Google/Chrome/Default/Code Cache/wasm/index-dir/the-real-index",
      "Library/Caches/Google/Chrome/System Profile/Code Cache/js/index-dir/the-real-index",
      "Library/Caches/Google/Chrome/System Profile/Code Cache/wasm/index-dir/the-real-index",
      "Library/Caches/com.operasoftware.Opera/Default/Cache/Cache_Data/index-dir/the-real-index",
      "Library/Caches/com.operasoftware.Opera/Default/System Cache/Cache_Data/index-dir/the-real-index",
      "Library/Caches/com.operasoftware.Opera/Default/Code Cache/js/index-dir/the-real-index",
      "Library/Caches/com.operasoftware.Opera/Default/Code Cache/wasm/index-dir/the-real-index",
      "Library/Caches/com.spotify.client/Default/Cache/Cache_Data/index-dir/the-real-index",
      "Library/Caches/com.spotify.client/Default/Shared Dictionary/cache/index-dir/the-real-index",
      "Library/Caches/com.spotify.client/Default/Code Cache/js/index-dir/the-real-index",
      "Library/Caches/com.spotify.client/Default/Code Cache/wasm/index-dir/the-real-index"
    ],
    "ultima_modificacion": "2025-08-01 01:01:30.422547"
  },
  "rules.fbs": {
    "app_sintetizada": "RULES.FBS",
    "cantidad_archivos": 1,
    "archivos_fuente": [
      "Library/Application Support/Google/Chrome/Default/DNR Extension Rules/jfgfiigpkhlkbnfnbobbkinehhfdhndo/rules.fbs"
    ],
    "ultima_modificacion": "2025-08-01 01:01:30.423158"
  },
  "000063.ldb": {
    "app_sintetizada": "000063.LDB",
    "cantidad_archivos": 1,
    "archivos_fuente": [
      "Library/Application Support/Google/Chrome/Default/Service Worker/Database/000063.ldb"
    ],
    "ultima_modificacion": "2025-08-01 01:01:30.423587"
  },
  "000060.ldb": {
    "app_sintetizada": "000060.LDB",
    "cantidad_archivos": 1,
    "archivos_fuente": [
      "Library/Application Support/Google/Chrome/Default/Service Worker/Database/000060.ldb"
    ],
    "ultima_modificacion": "2025-08-01 01:01:30.424495"
  },
  "000062.log": {
    "app_sintetizada": "000062.LOG",
    "cantidad_archivos": 1,
    "archivos_fuente": [
      "Library/Application Support/Google/Chrome/Default/Service Worker/Database/000062.log"
    ],
    "ultima_modificacion": "2025-08-01 01:01:30.425295"
  },
  "d8d123b949743a1c0": {
    "app_sintetizada": "D8D123B949743A1C0",
    "cantidad_archivos": 5,
    "archivos_fuente": [
      "Library/Application Support/Google/Chrome/Default/Service Worker/CacheStorage/f278ba7242a4b0474c6478429cbbac36bd73e18d/e4912806-ef49-483f-8ea8-08020c5e5d50/d8d123b949743a1c_0",
      "Library/Application Support/Google/Chrome/Default/Service Worker/CacheStorage/f278ba7242a4b0474c6478429cbbac36bd73e18d/ed32e9db-864a-4c62-a686-4a2b35124c2a/d8d123b949743a1c_0",
      "Library/Application Support/Google/Chrome/Default/Service Worker/CacheStorage/f278ba7242a4b0474c6478429cbbac36bd73e18d/8515cf12-a0fb-4ff8-85fc-b1b6eaa17d2f/d8d123b949743a1c_0",
      "Library/Application Support/Google/Chrome/Default/Service Worker/CacheStorage/f278ba7242a4b0474c6478429cbbac36bd73e18d/fbcaeba7-4c6a-475c-8dbf-ed44ba2b0093/d8d123b949743a1c_0",
      "Library/Application Support/Google/Chrome/Default/Service Worker/CacheStorage/f278ba7242a4b0474c6478429cbbac36bd73e18d/26cd01ef-59f6-465f-9a84-2e9f76579d6e/d8d123b949743a1c_0"
    ],
    "ultima_modificacion": "2025-08-01 01:01:30.425657"
  },
  "220df7123fc3b1e90": {
    "app_sintetizada": "220DF7123FC3B1E90",
    "cantidad_archivos": 5,
    "archivos_fuente": [
      "Library/Application Support/Google/Chrome/Default/Service Worker/CacheStorage/f278ba7242a4b0474c6478429cbbac36bd73e18d/e4912806-ef49-483f-8ea8-08020c5e5d50/220df7123fc3b1e9_0",
      "Library/Application Support/Google/Chrome/Default/Service Worker/CacheStorage/f278ba7242a4b0474c6478429cbbac36bd73e18d/ed32e9db-864a-4c62-a686-4a2b35124c2a/220df7123fc3b1e9_0",
      "Library/Application Support/Google/Chrome/Default/Service Worker/CacheStorage/f278ba7242a4b0474c6478429cbbac36bd73e18d/8515cf12-a0fb-4ff8-85fc-b1b6eaa17d2f/220df7123fc3b1e9_0",
      "Library/Application Support/Google/Chrome/Default/Service Worker/CacheStorage/f278ba7242a4b0474c6478429cbbac36bd73e18d/fbcaeba7-4c6a-475c-8dbf-ed44ba2b0093/220df7123fc3b1e9_0",
      "Library/Application Support/Google/Chrome/Default/Service Worker/CacheStorage/f278ba7242a4b0474c6478429cbbac36bd73e18d/26cd01ef-59f6-465f-9a84-2e9f76579d6e/220df7123fc3b1e9_0"
    ],
    "ultima_modificacion": "2025-08-01 01:01:30.425934"
  },
  "0a82b84e9ac18b860": {
    "app_sintetizada": "0A82B84E9AC18B860",
    "cantidad_archivos": 5,
    "archivos_fuente": [
      "Library/Application Support/Google/Chrome/Default/Service Worker/CacheStorage/f278ba7242a4b0474c6478429cbbac36bd73e18d/e4912806-ef49-483f-8ea8-08020c5e5d50/0a82b84e9ac18b86_0",
      "Library/Application Support/Google/Chrome/Default/Service Worker/CacheStorage/f278ba7242a4b0474c6478429cbbac36bd73e18d/ed32e9db-864a-4c62-a686-4a2b35124c2a/0a82b84e9ac18b86_0",
      "Library/Application Support/Google/Chrome/Default/Service Worker/CacheStorage/f278ba7242a4b0474c6478429cbbac36bd73e18d/8515cf12-a0fb-4ff8-85fc-b1b6eaa17d2f/0a82b84e9ac18b86_0",
      "Library/Application Support/Google/Chrome/Default/Service Worker/CacheStorage/f278ba7242a4b0474c6478429cbbac36bd73e18d/fbcaeba7-4c6a-475c-8dbf-ed44ba2b0093/0a82b84e9ac18b86_0",
      "Library/Application Support/Google/Chrome/Default/Service Worker/CacheStorage/f278ba7242a4b0474c6478429cbbac36bd73e18d/26cd01ef-59f6-465f-9a84-2e9f76579d6e/0a82b84e9ac18b86_0"
    ],
    "ultima_modificacion": "2025-08-01 01:01:30.426189"
  },
  "e84deb3f3c9e515f0": {
    "app_sintetizada": "E84DEB3F3C9E515F0",
    "cantidad_archivos": 5,
    "archivos_fuente": [
      "Library/Application Support/Google/Chrome/Default/Service Worker/CacheStorage/f278ba7242a4b0474c6478429cbbac36bd73e18d/e4912806-ef49-483f-8ea8-08020c5e5d50/e84deb3f3c9e515f_0",
      "Library/Application Support/Google/Chrome/Default/Service Worker/CacheStorage/f278ba7242a4b0474c6478429cbbac36bd73e18d/ed32e9db-864a-4c62-a686-4a2b35124c2a/e84deb3f3c9e515f_0",
      "Library/Application Support/Google/Chrome/Default/Service Worker/CacheStorage/f278ba7242a4b0474c6478429cbbac36bd73e18d/8515cf12-a0fb-4ff8-85fc-b1b6eaa17d2f/e84deb3f3c9e515f_0",
      "Library/Application Support/Google/Chrome/Default/Service Worker/CacheStorage/f278ba7242a4b0474c6478429cbbac36bd73e18d/fbcaeba7-4c6a-475c-8dbf-ed44ba2b0093/e84deb3f3c9e515f_0",
      "Library/Application Support/Google/Chrome/Default/Service Worker/CacheStorage/f278ba7242a4b0474c6478429cbbac36bd73e18d/26cd01ef-59f6-465f-9a84-2e9f76579d6e/e84deb3f3c9e515f_0"
    ],
    "ultima_modificacion": "2025-08-01 01:01:30.426415"
  },
  "8f3c5b0314aa75a90": {
    "app_sintetizada": "8F3C5B0314AA75A90",
    "cantidad_archivos": 5,
    "archivos_fuente": [
      "Library/Application Support/Google/Chrome/Default/Service Worker/CacheStorage/f278ba7242a4b0474c6478429cbbac36bd73e18d/e4912806-ef49-483f-8ea8-08020c5e5d50/8f3c5b0314aa75a9_0",
      "Library/Application Support/Google/Chrome/Default/Service Worker/CacheStorage/f278ba7242a4b0474c6478429cbbac36bd73e18d/ed32e9db-864a-4c62-a686-4a2b35124c2a/8f3c5b0314aa75a9_0",
      "Library/Application Support/Google/Chrome/Default/Service Worker/CacheStorage/f278ba7242a4b0474c6478429cbbac36bd73e18d/8515cf12-a0fb-4ff8-85fc-b1b6eaa17d2f/8f3c5b0314aa75a9_0",
      "Library/Application Support/Google/Chrome/Default/Service Worker/CacheStorage/f278ba7242a4b0474c6478429cbbac36bd73e18d/fbcaeba7-4c6a-475c-8dbf-ed44ba2b0093/8f3c5b0314aa75a9_0",
      "Library/Application Support/Google/Chrome/Default/Service Worker/CacheStorage/f278ba7242a4b0474c6478429cbbac36bd73e18d/26cd01ef-59f6-465f-9a84-2e9f76579d6e/8f3c5b0314aa75a9_0"
    ],
    "ultima_modificacion": "2025-08-01 01:01:30.427272"
  },
  "b8cdd974f51843100": {
    "app_sintetizada": "B8CDD974F51843100",
    "cantidad_archivos": 5,
    "archivos_fuente": [
      "Library/Application Support/Google/Chrome/Default/Service Worker/CacheStorage/f278ba7242a4b0474c6478429cbbac36bd73e18d/e4912806-ef49-483f-8ea8-08020c5e5d50/b8cdd974f5184310_0",
      "Library/Application Support/Google/Chrome/Default/Service Worker/CacheStorage/f278ba7242a4b0474c6478429cbbac36bd73e18d/ed32e9db-864a-4c62-a686-4a2b35124c2a/b8cdd974f5184310_0",
      "Library/Application Support/Google/Chrome/Default/Service Worker/CacheStorage/f278ba7242a4b0474c6478429cbbac36bd73e18d/8515cf12-a0fb-4ff8-85fc-b1b6eaa17d2f/b8cdd974f5184310_0",
      "Library/Application Support/Google/Chrome/Default/Service Worker/CacheStorage/f278ba7242a4b0474c6478429cbbac36bd73e18d/fbcaeba7-4c6a-475c-8dbf-ed44ba2b0093/b8cdd974f5184310_0",
      "Library/Application Support/Google/Chrome/Default/Service Worker/CacheStorage/f278ba7242a4b0474c6478429cbbac36bd73e18d/26cd01ef-59f6-465f-9a84-2e9f76579d6e/b8cdd974f5184310_0"
    ],
    "ultima_modificacion": "2025-08-01 01:01:30.427532"
  },
  "ddb5c15447f9df730": {
    "app_sintetizada": "DDB5C15447F9DF730",
    "cantidad_archivos": 5,
    "archivos_fuente": [
      "Library/Application Support/Google/Chrome/Default/Service Worker/CacheStorage/f278ba7242a4b0474c6478429cbbac36bd73e18d/e4912806-ef49-483f-8ea8-08020c5e5d50/ddb5c15447f9df73_0",
      "Library/Application Support/Google/Chrome/Default/Service Worker/CacheStorage/f278ba7242a4b0474c6478429cbbac36bd73e18d/ed32e9db-864a-4c62-a686-4a2b35124c2a/ddb5c15447f9df73_0",
      "Library/Application Support/Google/Chrome/Default/Service Worker/CacheStorage/f278ba7242a4b0474c6478429cbbac36bd73e18d/8515cf12-a0fb-4ff8-85fc-b1b6eaa17d2f/ddb5c15447f9df73_0",
      "Library/Application Support/Google/Chrome/Default/Service Worker/CacheStorage/f278ba7242a4b0474c6478429cbbac36bd73e18d/fbcaeba7-4c6a-475c-8dbf-ed44ba2b0093/ddb5c15447f9df73_0",
      "Library/Application Support/Google/Chrome/Default/Service Worker/CacheStorage/f278ba7242a4b0474c6478429cbbac36bd73e18d/26cd01ef-59f6-465f-9a84-2e9f76579d6e/ddb5c15447f9df73_0"
    ],
    "ultima_modificacion": "2025-08-01 01:01:30.429105"
  },
  "8ed9caf205eb2fc80": {
    "app_sintetizada": "8ED9CAF205EB2FC80",
    "cantidad_archivos": 5,
    "archivos_fuente": [
      "Library/Application Support/Google/Chrome/Default/Service Worker/CacheStorage/f278ba7242a4b0474c6478429cbbac36bd73e18d/e4912806-ef49-483f-8ea8-08020c5e5d50/8ed9caf205eb2fc8_0",
      "Library/Application Support/Google/Chrome/Default/Service Worker/CacheStorage/f278ba7242a4b0474c6478429cbbac36bd73e18d/ed32e9db-864a-4c62-a686-4a2b35124c2a/8ed9caf205eb2fc8_0",
      "Library/Application Support/Google/Chrome/Default/Service Worker/CacheStorage/f278ba7242a4b0474c6478429cbbac36bd73e18d/8515cf12-a0fb-4ff8-85fc-b1b6eaa17d2f/8ed9caf205eb2fc8_0",
      "Library/Application Support/Google/Chrome/Default/Service Worker/CacheStorage/f278ba7242a4b0474c6478429cbbac36bd73e18d/fbcaeba7-4c6a-475c-8dbf-ed44ba2b0093/8ed9caf205eb2fc8_0",
      "Library/Application Support/Google/Chrome/Default/Service Worker/CacheStorage/f278ba7242a4b0474c6478429cbbac36bd73e18d/26cd01ef-59f6-465f-9a84-2e9f76579d6e/8ed9caf205eb2fc8_0"
    ],
    "ultima_modificacion": "2025-08-01 01:01:30.429375"
  },
  "9b0f5db325ffe5c80": {
    "app_sintetizada": "9B0F5DB325FFE5C80",
    "cantidad_archivos": 5,
    "archivos_fuente": [
      "Library/Application Support/Google/Chrome/Default/Service Worker/CacheStorage/f278ba7242a4b0474c6478429cbbac36bd73e18d/e4912806-ef49-483f-8ea8-08020c5e5d50/9b0f5db325ffe5c8_0",
      "Library/Application Support/Google/Chrome/Default/Service Worker/CacheStorage/f278ba7242a4b0474c6478429cbbac36bd73e18d/ed32e9db-864a-4c62-a686-4a2b35124c2a/9b0f5db325ffe5c8_0",
      "Library/Application Support/Google/Chrome/Default/Service Worker/CacheStorage/f278ba7242a4b0474c6478429cbbac36bd73e18d/8515cf12-a0fb-4ff8-85fc-b1b6eaa17d2f/9b0f5db325ffe5c8_0",
      "Library/Application Support/Google/Chrome/Default/Service Worker/CacheStorage/f278ba7242a4b0474c6478429cbbac36bd73e18d/fbcaeba7-4c6a-475c-8dbf-ed44ba2b0093/9b0f5db325ffe5c8_0",
      "Library/Application Support/Google/Chrome/Default/Service Worker/CacheStorage/f278ba7242a4b0474c6478429cbbac36bd73e18d/26cd01ef-59f6-465f-9a84-2e9f76579d6e/9b0f5db325ffe5c8_0"
    ],
    "ultima_modificacion": "2025-08-01 01:01:30.430368"
  },
  "0e1df8cd3e414b340": {
    "app_sintetizada": "0E1DF8CD3E414B340",
    "cantidad_archivos": 5,
    "archivos_fuente": [
      "Library/Application Support/Google/Chrome/Default/Service Worker/CacheStorage/f278ba7242a4b0474c6478429cbbac36bd73e18d/e4912806-ef49-483f-8ea8-08020c5e5d50/0e1df8cd3e414b34_0",
      "Library/Application Support/Google/Chrome/Default/Service Worker/CacheStorage/f278ba7242a4b0474c6478429cbbac36bd73e18d/ed32e9db-864a-4c62-a686-4a2b35124c2a/0e1df8cd3e414b34_0",
      "Library/Application Support/Google/Chrome/Default/Service Worker/CacheStorage/f278ba7242a4b0474c6478429cbbac36bd73e18d/8515cf12-a0fb-4ff8-85fc-b1b6eaa17d2f/0e1df8cd3e414b34_0",
      "Library/Application Support/Google/Chrome/Default/Service Worker/CacheStorage/f278ba7242a4b0474c6478429cbbac36bd73e18d/fbcaeba7-4c6a-475c-8dbf-ed44ba2b0093/0e1df8cd3e414b34_0",
      "Library/Application Support/Google/Chrome/Default/Service Worker/CacheStorage/f278ba7242a4b0474c6478429cbbac36bd73e18d/26cd01ef-59f6-465f-9a84-2e9f76579d6e/0e1df8cd3e414b34_0"
    ],
    "ultima_modificacion": "2025-08-01 01:01:30.430618"
  },
  "c311b7f1d96da42e0": {
    "app_sintetizada": "C311B7F1D96DA42E0",
    "cantidad_archivos": 5,
    "archivos_fuente": [
      "Library/Application Support/Google/Chrome/Default/Service Worker/CacheStorage/f278ba7242a4b0474c6478429cbbac36bd73e18d/e4912806-ef49-483f-8ea8-08020c5e5d50/c311b7f1d96da42e_0",
      "Library/Application Support/Google/Chrome/Default/Service Worker/CacheStorage/f278ba7242a4b0474c6478429cbbac36bd73e18d/ed32e9db-864a-4c62-a686-4a2b35124c2a/c311b7f1d96da42e_0",
      "Library/Application Support/Google/Chrome/Default/Service Worker/CacheStorage/f278ba7242a4b0474c6478429cbbac36bd73e18d/8515cf12-a0fb-4ff8-85fc-b1b6eaa17d2f/c311b7f1d96da42e_0",
      "Library/Application Support/Google/Chrome/Default/Service Worker/CacheStorage/f278ba7242a4b0474c6478429cbbac36bd73e18d/fbcaeba7-4c6a-475c-8dbf-ed44ba2b0093/c311b7f1d96da42e_0",
      "Library/Application Support/Google/Chrome/Default/Service Worker/CacheStorage/f278ba7242a4b0474c6478429cbbac36bd73e18d/26cd01ef-59f6-465f-9a84-2e9f76579d6e/c311b7f1d96da42e_0"
    ],
    "ultima_modificacion": "2025-08-01 01:01:30.430849"
  },
  "b156d7c7b0cc4fba0": {
    "app_sintetizada": "B156D7C7B0CC4FBA0",
    "cantidad_archivos": 5,
    "archivos_fuente": [
      "Library/Application Support/Google/Chrome/Default/Service Worker/CacheStorage/f278ba7242a4b0474c6478429cbbac36bd73e18d/e4912806-ef49-483f-8ea8-08020c5e5d50/b156d7c7b0cc4fba_0",
      "Library/Application Support/Google/Chrome/Default/Service Worker/CacheStorage/f278ba7242a4b0474c6478429cbbac36bd73e18d/ed32e9db-864a-4c62-a686-4a2b35124c2a/b156d7c7b0cc4fba_0",
      "Library/Application Support/Google/Chrome/Default/Service Worker/CacheStorage/f278ba7242a4b0474c6478429cbbac36bd73e18d/8515cf12-a0fb-4ff8-85fc-b1b6eaa17d2f/b156d7c7b0cc4fba_0",
      "Library/Application Support/Google/Chrome/Default/Service Worker/CacheStorage/f278ba7242a4b0474c6478429cbbac36bd73e18d/fbcaeba7-4c6a-475c-8dbf-ed44ba2b0093/b156d7c7b0cc4fba_0",
      "Library/Application Support/Google/Chrome/Default/Service Worker/CacheStorage/f278ba7242a4b0474c6478429cbbac36bd73e18d/26cd01ef-59f6-465f-9a84-2e9f76579d6e/b156d7c7b0cc4fba_0"
    ],
    "ultima_modificacion": "2025-08-01 01:01:30.433347"
  },
  "85397f325257b2060": {
    "app_sintetizada": "85397F325257B2060",
    "cantidad_archivos": 5,
    "archivos_fuente": [
      "Library/Application Support/Google/Chrome/Default/Service Worker/CacheStorage/f278ba7242a4b0474c6478429cbbac36bd73e18d/e4912806-ef49-483f-8ea8-08020c5e5d50/85397f325257b206_0",
      "Library/Application Support/Google/Chrome/Default/Service Worker/CacheStorage/f278ba7242a4b0474c6478429cbbac36bd73e18d/ed32e9db-864a-4c62-a686-4a2b35124c2a/85397f325257b206_0",
      "Library/Application Support/Google/Chrome/Default/Service Worker/CacheStorage/f278ba7242a4b0474c6478429cbbac36bd73e18d/8515cf12-a0fb-4ff8-85fc-b1b6eaa17d2f/85397f325257b206_0",
      "Library/Application Support/Google/Chrome/Default/Service Worker/CacheStorage/f278ba7242a4b0474c6478429cbbac36bd73e18d/fbcaeba7-4c6a-475c-8dbf-ed44ba2b0093/85397f325257b206_0",
      "Library/Application Support/Google/Chrome/Default/Service Worker/CacheStorage/f278ba7242a4b0474c6478429cbbac36bd73e18d/26cd01ef-59f6-465f-9a84-2e9f76579d6e/85397f325257b206_0"
    ],
    "ultima_modificacion": "2025-08-01 01:01:30.433881"
  },
  "7bd4fb4e84073bd20": {
    "app_sintetizada": "7BD4FB4E84073BD20",
    "cantidad_archivos": 5,
    "archivos_fuente": [
      "Library/Application Support/Google/Chrome/Default/Service Worker/CacheStorage/f278ba7242a4b0474c6478429cbbac36bd73e18d/e4912806-ef49-483f-8ea8-08020c5e5d50/7bd4fb4e84073bd2_0",
      "Library/Application Support/Google/Chrome/Default/Service Worker/CacheStorage/f278ba7242a4b0474c6478429cbbac36bd73e18d/ed32e9db-864a-4c62-a686-4a2b35124c2a/7bd4fb4e84073bd2_0",
      "Library/Application Support/Google/Chrome/Default/Service Worker/CacheStorage/f278ba7242a4b0474c6478429cbbac36bd73e18d/8515cf12-a0fb-4ff8-85fc-b1b6eaa17d2f/7bd4fb4e84073bd2_0",
      "Library/Application Support/Google/Chrome/Default/Service Worker/CacheStorage/f278ba7242a4b0474c6478429cbbac36bd73e18d/fbcaeba7-4c6a-475c-8dbf-ed44ba2b0093/7bd4fb4e84073bd2_0",
      "Library/Application Support/Google/Chrome/Default/Service Worker/CacheStorage/f278ba7242a4b0474c6478429cbbac36bd73e18d/26cd01ef-59f6-465f-9a84-2e9f76579d6e/7bd4fb4e84073bd2_0"
    ],
    "ultima_modificacion": "2025-08-01 01:01:30.434330"
  },
  "ea883a3e7302cb6b0": {
    "app_sintetizada": "EA883A3E7302CB6B0",
    "cantidad_archivos": 5,
    "archivos_fuente": [
      "Library/Application Support/Google/Chrome/Default/Service Worker/CacheStorage/f278ba7242a4b0474c6478429cbbac36bd73e18d/e4912806-ef49-483f-8ea8-08020c5e5d50/ea883a3e7302cb6b_0",
      "Library/Application Support/Google/Chrome/Default/Service Worker/CacheStorage/f278ba7242a4b0474c6478429cbbac36bd73e18d/ed32e9db-864a-4c62-a686-4a2b35124c2a/ea883a3e7302cb6b_0",
      "Library/Application Support/Google/Chrome/Default/Service Worker/CacheStorage/f278ba7242a4b0474c6478429cbbac36bd73e18d/8515cf12-a0fb-4ff8-85fc-b1b6eaa17d2f/ea883a3e7302cb6b_0",
      "Library/Application Support/Google/Chrome/Default/Service Worker/CacheStorage/f278ba7242a4b0474c6478429cbbac36bd73e18d/fbcaeba7-4c6a-475c-8dbf-ed44ba2b0093/ea883a3e7302cb6b_0",
      "Library/Application Support/Google/Chrome/Default/Service Worker/CacheStorage/f278ba7242a4b0474c6478429cbbac36bd73e18d/26cd01ef-59f6-465f-9a84-2e9f76579d6e/ea883a3e7302cb6b_0"
    ],
    "ultima_modificacion": "2025-08-01 01:01:30.434635"
  },
  "31326402499ea5710": {
    "app_sintetizada": "31326402499EA5710",
    "cantidad_archivos": 5,
    "archivos_fuente": [
      "Library/Application Support/Google/Chrome/Default/Service Worker/CacheStorage/f278ba7242a4b0474c6478429cbbac36bd73e18d/e4912806-ef49-483f-8ea8-08020c5e5d50/31326402499ea571_0",
      "Library/Application Support/Google/Chrome/Default/Service Worker/CacheStorage/f278ba7242a4b0474c6478429cbbac36bd73e18d/ed32e9db-864a-4c62-a686-4a2b35124c2a/31326402499ea571_0",
      "Library/Application Support/Google/Chrome/Default/Service Worker/CacheStorage/f278ba7242a4b0474c6478429cbbac36bd73e18d/8515cf12-a0fb-4ff8-85fc-b1b6eaa17d2f/31326402499ea571_0",
      "Library/Application Support/Google/Chrome/Default/Service Worker/CacheStorage/f278ba7242a4b0474c6478429cbbac36bd73e18d/fbcaeba7-4c6a-475c-8dbf-ed44ba2b0093/31326402499ea571_0",
      "Library/Application Support/Google/Chrome/Default/Service Worker/CacheStorage/f278ba7242a4b0474c6478429cbbac36bd73e18d/26cd01ef-59f6-465f-9a84-2e9f76579d6e/31326402499ea571_0"
    ],
    "ultima_modificacion": "2025-08-01 01:01:30.434926"
  },
  "7b149019538253dc0": {
    "app_sintetizada": "7B149019538253DC0",
    "cantidad_archivos": 5,
    "archivos_fuente": [
      "Library/Application Support/Google/Chrome/Default/Service Worker/CacheStorage/f278ba7242a4b0474c6478429cbbac36bd73e18d/e4912806-ef49-483f-8ea8-08020c5e5d50/7b149019538253dc_0",
      "Library/Application Support/Google/Chrome/Default/Service Worker/CacheStorage/f278ba7242a4b0474c6478429cbbac36bd73e18d/ed32e9db-864a-4c62-a686-4a2b35124c2a/7b149019538253dc_0",
      "Library/Application Support/Google/Chrome/Default/Service Worker/CacheStorage/f278ba7242a4b0474c6478429cbbac36bd73e18d/8515cf12-a0fb-4ff8-85fc-b1b6eaa17d2f/7b149019538253dc_0",
      "Library/Application Support/Google/Chrome/Default/Service Worker/CacheStorage/f278ba7242a4b0474c6478429cbbac36bd73e18d/fbcaeba7-4c6a-475c-8dbf-ed44ba2b0093/7b149019538253dc_0",
      "Library/Application Support/Google/Chrome/Default/Service Worker/CacheStorage/f278ba7242a4b0474c6478429cbbac36bd73e18d/26cd01ef-59f6-465f-9a84-2e9f76579d6e/7b149019538253dc_0"
    ],
    "ultima_modificacion": "2025-08-01 01:01:30.435301"
  },
  "8aaa1fc8b813a0840": {
    "app_sintetizada": "8AAA1FC8B813A0840",
    "cantidad_archivos": 5,
    "archivos_fuente": [
      "Library/Application Support/Google/Chrome/Default/Service Worker/CacheStorage/f278ba7242a4b0474c6478429cbbac36bd73e18d/e4912806-ef49-483f-8ea8-08020c5e5d50/8aaa1fc8b813a084_0",
      "Library/Application Support/Google/Chrome/Default/Service Worker/CacheStorage/f278ba7242a4b0474c6478429cbbac36bd73e18d/ed32e9db-864a-4c62-a686-4a2b35124c2a/8aaa1fc8b813a084_0",
      "Library/Application Support/Google/Chrome/Default/Service Worker/CacheStorage/f278ba7242a4b0474c6478429cbbac36bd73e18d/8515cf12-a0fb-4ff8-85fc-b1b6eaa17d2f/8aaa1fc8b813a084_0",
      "Library/Application Support/Google/Chrome/Default/Service Worker/CacheStorage/f278ba7242a4b0474c6478429cbbac36bd73e18d/fbcaeba7-4c6a-475c-8dbf-ed44ba2b0093/8aaa1fc8b813a084_0",
      "Library/Application Support/Google/Chrome/Default/Service Worker/CacheStorage/f278ba7242a4b0474c6478429cbbac36bd73e18d/26cd01ef-59f6-465f-9a84-2e9f76579d6e/8aaa1fc8b813a084_0"
    ],
    "ultima_modificacion": "2025-08-01 01:01:30.435575"
  },
  "aa86961cd883d2ef0": {
    "app_sintetizada": "AA86961CD883D2EF0",
    "cantidad_archivos": 5,
    "archivos_fuente": [
      "Library/Application Support/Google/Chrome/Default/Service Worker/CacheStorage/f278ba7242a4b0474c6478429cbbac36bd73e18d/e4912806-ef49-483f-8ea8-08020c5e5d50/aa86961cd883d2ef_0",
      "Library/Application Support/Google/Chrome/Default/Service Worker/CacheStorage/f278ba7242a4b0474c6478429cbbac36bd73e18d/ed32e9db-864a-4c62-a686-4a2b35124c2a/aa86961cd883d2ef_0",
      "Library/Application Support/Google/Chrome/Default/Service Worker/CacheStorage/f278ba7242a4b0474c6478429cbbac36bd73e18d/8515cf12-a0fb-4ff8-85fc-b1b6eaa17d2f/aa86961cd883d2ef_0",
      "Library/Application Support/Google/Chrome/Default/Service Worker/CacheStorage/f278ba7242a4b0474c6478429cbbac36bd73e18d/fbcaeba7-4c6a-475c-8dbf-ed44ba2b0093/aa86961cd883d2ef_0",
      "Library/Application Support/Google/Chrome/Default/Service Worker/CacheStorage/f278ba7242a4b0474c6478429cbbac36bd73e18d/26cd01ef-59f6-465f-9a84-2e9f76579d6e/aa86961cd883d2ef_0"
    ],
    "ultima_modificacion": "2025-08-01 01:01:30.435819"
  },
  "486fe3015fdad48b0": {
    "app_sintetizada": "486FE3015FDAD48B0",
    "cantidad_archivos": 5,
    "archivos_fuente": [
      "Library/Application Support/Google/Chrome/Default/Service Worker/CacheStorage/f278ba7242a4b0474c6478429cbbac36bd73e18d/e4912806-ef49-483f-8ea8-08020c5e5d50/486fe3015fdad48b_0",
      "Library/Application Support/Google/Chrome/Default/Service Worker/CacheStorage/f278ba7242a4b0474c6478429cbbac36bd73e18d/ed32e9db-864a-4c62-a686-4a2b35124c2a/486fe3015fdad48b_0",
      "Library/Application Support/Google/Chrome/Default/Service Worker/CacheStorage/f278ba7242a4b0474c6478429cbbac36bd73e18d/8515cf12-a0fb-4ff8-85fc-b1b6eaa17d2f/486fe3015fdad48b_0",
      "Library/Application Support/Google/Chrome/Default/Service Worker/CacheStorage/f278ba7242a4b0474c6478429cbbac36bd73e18d/fbcaeba7-4c6a-475c-8dbf-ed44ba2b0093/486fe3015fdad48b_0",
      "Library/Application Support/Google/Chrome/Default/Service Worker/CacheStorage/f278ba7242a4b0474c6478429cbbac36bd73e18d/26cd01ef-59f6-465f-9a84-2e9f76579d6e/486fe3015fdad48b_0"
    ],
    "ultima_modificacion": "2025-08-01 01:01:30.436111"
  },
  "febb0c9b20d260760": {
    "app_sintetizada": "FEBB0C9B20D260760",
    "cantidad_archivos": 5,
    "archivos_fuente": [
      "Library/Application Support/Google/Chrome/Default/Service Worker/CacheStorage/f278ba7242a4b0474c6478429cbbac36bd73e18d/e4912806-ef49-483f-8ea8-08020c5e5d50/febb0c9b20d26076_0",
      "Library/Application Support/Google/Chrome/Default/Service Worker/CacheStorage/f278ba7242a4b0474c6478429cbbac36bd73e18d/ed32e9db-864a-4c62-a686-4a2b35124c2a/febb0c9b20d26076_0",
      "Library/Application Support/Google/Chrome/Default/Service Worker/CacheStorage/f278ba7242a4b0474c6478429cbbac36bd73e18d/8515cf12-a0fb-4ff8-85fc-b1b6eaa17d2f/febb0c9b20d26076_0",
      "Library/Application Support/Google/Chrome/Default/Service Worker/CacheStorage/f278ba7242a4b0474c6478429cbbac36bd73e18d/fbcaeba7-4c6a-475c-8dbf-ed44ba2b0093/febb0c9b20d26076_0",
      "Library/Application Support/Google/Chrome/Default/Service Worker/CacheStorage/f278ba7242a4b0474c6478429cbbac36bd73e18d/26cd01ef-59f6-465f-9a84-2e9f76579d6e/febb0c9b20d26076_0"
    ],
    "ultima_modificacion": "2025-08-01 01:01:30.436358"
  },
  "05e1c83aa62e492a0": {
    "app_sintetizada": "05E1C83AA62E492A0",
    "cantidad_archivos": 5,
    "archivos_fuente": [
      "Library/Application Support/Google/Chrome/Default/Service Worker/CacheStorage/f278ba7242a4b0474c6478429cbbac36bd73e18d/e4912806-ef49-483f-8ea8-08020c5e5d50/05e1c83aa62e492a_0",
      "Library/Application Support/Google/Chrome/Default/Service Worker/CacheStorage/f278ba7242a4b0474c6478429cbbac36bd73e18d/ed32e9db-864a-4c62-a686-4a2b35124c2a/05e1c83aa62e492a_0",
      "Library/Application Support/Google/Chrome/Default/Service Worker/CacheStorage/f278ba7242a4b0474c6478429cbbac36bd73e18d/8515cf12-a0fb-4ff8-85fc-b1b6eaa17d2f/05e1c83aa62e492a_0",
      "Library/Application Support/Google/Chrome/Default/Service Worker/CacheStorage/f278ba7242a4b0474c6478429cbbac36bd73e18d/fbcaeba7-4c6a-475c-8dbf-ed44ba2b0093/05e1c83aa62e492a_0",
      "Library/Application Support/Google/Chrome/Default/Service Worker/CacheStorage/f278ba7242a4b0474c6478429cbbac36bd73e18d/26cd01ef-59f6-465f-9a84-2e9f76579d6e/05e1c83aa62e492a_0"
    ],
    "ultima_modificacion": "2025-08-01 01:01:30.436640"
  },
  "dfef9e90eb0959280": {
    "app_sintetizada": "DFEF9E90EB0959280",
    "cantidad_archivos": 5,
    "archivos_fuente": [
      "Library/Application Support/Google/Chrome/Default/Service Worker/CacheStorage/f278ba7242a4b0474c6478429cbbac36bd73e18d/e4912806-ef49-483f-8ea8-08020c5e5d50/dfef9e90eb095928_0",
      "Library/Application Support/Google/Chrome/Default/Service Worker/CacheStorage/f278ba7242a4b0474c6478429cbbac36bd73e18d/ed32e9db-864a-4c62-a686-4a2b35124c2a/dfef9e90eb095928_0",
      "Library/Application Support/Google/Chrome/Default/Service Worker/CacheStorage/f278ba7242a4b0474c6478429cbbac36bd73e18d/8515cf12-a0fb-4ff8-85fc-b1b6eaa17d2f/dfef9e90eb095928_0",
      "Library/Application Support/Google/Chrome/Default/Service Worker/CacheStorage/f278ba7242a4b0474c6478429cbbac36bd73e18d/fbcaeba7-4c6a-475c-8dbf-ed44ba2b0093/dfef9e90eb095928_0",
      "Library/Application Support/Google/Chrome/Default/Service Worker/CacheStorage/f278ba7242a4b0474c6478429cbbac36bd73e18d/26cd01ef-59f6-465f-9a84-2e9f76579d6e/dfef9e90eb095928_0"
    ],
    "ultima_modificacion": "2025-08-01 01:01:30.436934"
  },
  "74ab191b9559fd2e0": {
    "app_sintetizada": "74AB191B9559FD2E0",
    "cantidad_archivos": 5,
    "archivos_fuente": [
      "Library/Application Support/Google/Chrome/Default/Service Worker/CacheStorage/f278ba7242a4b0474c6478429cbbac36bd73e18d/e4912806-ef49-483f-8ea8-08020c5e5d50/74ab191b9559fd2e_0",
      "Library/Application Support/Google/Chrome/Default/Service Worker/CacheStorage/f278ba7242a4b0474c6478429cbbac36bd73e18d/ed32e9db-864a-4c62-a686-4a2b35124c2a/74ab191b9559fd2e_0",
      "Library/Application Support/Google/Chrome/Default/Service Worker/CacheStorage/f278ba7242a4b0474c6478429cbbac36bd73e18d/8515cf12-a0fb-4ff8-85fc-b1b6eaa17d2f/74ab191b9559fd2e_0",
      "Library/Application Support/Google/Chrome/Default/Service Worker/CacheStorage/f278ba7242a4b0474c6478429cbbac36bd73e18d/fbcaeba7-4c6a-475c-8dbf-ed44ba2b0093/74ab191b9559fd2e_0",
      "Library/Application Support/Google/Chrome/Default/Service Worker/CacheStorage/f278ba7242a4b0474c6478429cbbac36bd73e18d/26cd01ef-59f6-465f-9a84-2e9f76579d6e/74ab191b9559fd2e_0"
    ],
    "ultima_modificacion": "2025-08-01 01:01:30.437225"
  },
  "07a886dfd346de890": {
    "app_sintetizada": "07A886DFD346DE890",
    "cantidad_archivos": 5,
    "archivos_fuente": [
      "Library/Application Support/Google/Chrome/Default/Service Worker/CacheStorage/f278ba7242a4b0474c6478429cbbac36bd73e18d/e4912806-ef49-483f-8ea8-08020c5e5d50/07a886dfd346de89_0",
      "Library/Application Support/Google/Chrome/Default/Service Worker/CacheStorage/f278ba7242a4b0474c6478429cbbac36bd73e18d/ed32e9db-864a-4c62-a686-4a2b35124c2a/07a886dfd346de89_0",
      "Library/Application Support/Google/Chrome/Default/Service Worker/CacheStorage/f278ba7242a4b0474c6478429cbbac36bd73e18d/8515cf12-a0fb-4ff8-85fc-b1b6eaa17d2f/07a886dfd346de89_0",
      "Library/Application Support/Google/Chrome/Default/Service Worker/CacheStorage/f278ba7242a4b0474c6478429cbbac36bd73e18d/fbcaeba7-4c6a-475c-8dbf-ed44ba2b0093/07a886dfd346de89_0",
      "Library/Application Support/Google/Chrome/Default/Service Worker/CacheStorage/f278ba7242a4b0474c6478429cbbac36bd73e18d/26cd01ef-59f6-465f-9a84-2e9f76579d6e/07a886dfd346de89_0"
    ],
    "ultima_modificacion": "2025-08-01 01:01:30.437549"
  },
  "0e4433dac68b48c40": {
    "app_sintetizada": "0E4433DAC68B48C40",
    "cantidad_archivos": 5,
    "archivos_fuente": [
      "Library/Application Support/Google/Chrome/Default/Service Worker/CacheStorage/f278ba7242a4b0474c6478429cbbac36bd73e18d/e4912806-ef49-483f-8ea8-08020c5e5d50/0e4433dac68b48c4_0",
      "Library/Application Support/Google/Chrome/Default/Service Worker/CacheStorage/f278ba7242a4b0474c6478429cbbac36bd73e18d/ed32e9db-864a-4c62-a686-4a2b35124c2a/0e4433dac68b48c4_0",
      "Library/Application Support/Google/Chrome/Default/Service Worker/CacheStorage/f278ba7242a4b0474c6478429cbbac36bd73e18d/8515cf12-a0fb-4ff8-85fc-b1b6eaa17d2f/0e4433dac68b48c4_0",
      "Library/Application Support/Google/Chrome/Default/Service Worker/CacheStorage/f278ba7242a4b0474c6478429cbbac36bd73e18d/fbcaeba7-4c6a-475c-8dbf-ed44ba2b0093/0e4433dac68b48c4_0",
      "Library/Application Support/Google/Chrome/Default/Service Worker/CacheStorage/f278ba7242a4b0474c6478429cbbac36bd73e18d/26cd01ef-59f6-465f-9a84-2e9f76579d6e/0e4433dac68b48c4_0"
    ],
    "ultima_modificacion": "2025-08-01 01:01:30.437852"
  },
  "db4b7135ce66cee30": {
    "app_sintetizada": "DB4B7135CE66CEE30",
    "cantidad_archivos": 5,
    "archivos_fuente": [
      "Library/Application Support/Google/Chrome/Default/Service Worker/CacheStorage/f278ba7242a4b0474c6478429cbbac36bd73e18d/e4912806-ef49-483f-8ea8-08020c5e5d50/db4b7135ce66cee3_0",
      "Library/Application Support/Google/Chrome/Default/Service Worker/CacheStorage/f278ba7242a4b0474c6478429cbbac36bd73e18d/ed32e9db-864a-4c62-a686-4a2b35124c2a/db4b7135ce66cee3_0",
      "Library/Application Support/Google/Chrome/Default/Service Worker/CacheStorage/f278ba7242a4b0474c6478429cbbac36bd73e18d/8515cf12-a0fb-4ff8-85fc-b1b6eaa17d2f/db4b7135ce66cee3_0",
      "Library/Application Support/Google/Chrome/Default/Service Worker/CacheStorage/f278ba7242a4b0474c6478429cbbac36bd73e18d/fbcaeba7-4c6a-475c-8dbf-ed44ba2b0093/db4b7135ce66cee3_0",
      "Library/Application Support/Google/Chrome/Default/Service Worker/CacheStorage/f278ba7242a4b0474c6478429cbbac36bd73e18d/26cd01ef-59f6-465f-9a84-2e9f76579d6e/db4b7135ce66cee3_0"
    ],
    "ultima_modificacion": "2025-08-01 01:01:30.438153"
  },
  "7f470a137cd04fef0": {
    "app_sintetizada": "7F470A137CD04FEF0",
    "cantidad_archivos": 5,
    "archivos_fuente": [
      "Library/Application Support/Google/Chrome/Default/Service Worker/CacheStorage/f278ba7242a4b0474c6478429cbbac36bd73e18d/e4912806-ef49-483f-8ea8-08020c5e5d50/7f470a137cd04fef_0",
      "Library/Application Support/Google/Chrome/Default/Service Worker/CacheStorage/f278ba7242a4b0474c6478429cbbac36bd73e18d/ed32e9db-864a-4c62-a686-4a2b35124c2a/7f470a137cd04fef_0",
      "Library/Application Support/Google/Chrome/Default/Service Worker/CacheStorage/f278ba7242a4b0474c6478429cbbac36bd73e18d/8515cf12-a0fb-4ff8-85fc-b1b6eaa17d2f/7f470a137cd04fef_0",
      "Library/Application Support/Google/Chrome/Default/Service Worker/CacheStorage/f278ba7242a4b0474c6478429cbbac36bd73e18d/fbcaeba7-4c6a-475c-8dbf-ed44ba2b0093/7f470a137cd04fef_0",
      "Library/Application Support/Google/Chrome/Default/Service Worker/CacheStorage/f278ba7242a4b0474c6478429cbbac36bd73e18d/26cd01ef-59f6-465f-9a84-2e9f76579d6e/7f470a137cd04fef_0"
    ],
    "ultima_modificacion": "2025-08-01 01:01:30.438455"
  },
  "9cd6e72ea9c932690": {
    "app_sintetizada": "9CD6E72EA9C932690",
    "cantidad_archivos": 5,
    "archivos_fuente": [
      "Library/Application Support/Google/Chrome/Default/Service Worker/CacheStorage/f278ba7242a4b0474c6478429cbbac36bd73e18d/e4912806-ef49-483f-8ea8-08020c5e5d50/9cd6e72ea9c93269_0",
      "Library/Application Support/Google/Chrome/Default/Service Worker/CacheStorage/f278ba7242a4b0474c6478429cbbac36bd73e18d/ed32e9db-864a-4c62-a686-4a2b35124c2a/9cd6e72ea9c93269_0",
      "Library/Application Support/Google/Chrome/Default/Service Worker/CacheStorage/f278ba7242a4b0474c6478429cbbac36bd73e18d/8515cf12-a0fb-4ff8-85fc-b1b6eaa17d2f/9cd6e72ea9c93269_0",
      "Library/Application Support/Google/Chrome/Default/Service Worker/CacheStorage/f278ba7242a4b0474c6478429cbbac36bd73e18d/fbcaeba7-4c6a-475c-8dbf-ed44ba2b0093/9cd6e72ea9c93269_0",
      "Library/Application Support/Google/Chrome/Default/Service Worker/CacheStorage/f278ba7242a4b0474c6478429cbbac36bd73e18d/26cd01ef-59f6-465f-9a84-2e9f76579d6e/9cd6e72ea9c93269_0"
    ],
    "ultima_modificacion": "2025-08-01 01:01:30.438758"
  },
  "b42094d3e094f3220": {
    "app_sintetizada": "B42094D3E094F3220",
    "cantidad_archivos": 5,
    "archivos_fuente": [
      "Library/Application Support/Google/Chrome/Default/Service Worker/CacheStorage/f278ba7242a4b0474c6478429cbbac36bd73e18d/e4912806-ef49-483f-8ea8-08020c5e5d50/b42094d3e094f322_0",
      "Library/Application Support/Google/Chrome/Default/Service Worker/CacheStorage/f278ba7242a4b0474c6478429cbbac36bd73e18d/ed32e9db-864a-4c62-a686-4a2b35124c2a/b42094d3e094f322_0",
      "Library/Application Support/Google/Chrome/Default/Service Worker/CacheStorage/f278ba7242a4b0474c6478429cbbac36bd73e18d/8515cf12-a0fb-4ff8-85fc-b1b6eaa17d2f/b42094d3e094f322_0",
      "Library/Application Support/Google/Chrome/Default/Service Worker/CacheStorage/f278ba7242a4b0474c6478429cbbac36bd73e18d/fbcaeba7-4c6a-475c-8dbf-ed44ba2b0093/b42094d3e094f322_0",
      "Library/Application Support/Google/Chrome/Default/Service Worker/CacheStorage/f278ba7242a4b0474c6478429cbbac36bd73e18d/26cd01ef-59f6-465f-9a84-2e9f76579d6e/b42094d3e094f322_0"
    ],
    "ultima_modificacion": "2025-08-01 01:01:30.439096"
  },
  "3d4381c14fef982e0": {
    "app_sintetizada": "3D4381C14FEF982E0",
    "cantidad_archivos": 5,
    "archivos_fuente": [
      "Library/Application Support/Google/Chrome/Default/Service Worker/CacheStorage/f278ba7242a4b0474c6478429cbbac36bd73e18d/e4912806-ef49-483f-8ea8-08020c5e5d50/3d4381c14fef982e_0",
      "Library/Application Support/Google/Chrome/Default/Service Worker/CacheStorage/f278ba7242a4b0474c6478429cbbac36bd73e18d/ed32e9db-864a-4c62-a686-4a2b35124c2a/3d4381c14fef982e_0",
      "Library/Application Support/Google/Chrome/Default/Service Worker/CacheStorage/f278ba7242a4b0474c6478429cbbac36bd73e18d/8515cf12-a0fb-4ff8-85fc-b1b6eaa17d2f/3d4381c14fef982e_0",
      "Library/Application Support/Google/Chrome/Default/Service Worker/CacheStorage/f278ba7242a4b0474c6478429cbbac36bd73e18d/fbcaeba7-4c6a-475c-8dbf-ed44ba2b0093/3d4381c14fef982e_0",
      "Library/Application Support/Google/Chrome/Default/Service Worker/CacheStorage/f278ba7242a4b0474c6478429cbbac36bd73e18d/26cd01ef-59f6-465f-9a84-2e9f76579d6e/3d4381c14fef982e_0"
    ],
    "ultima_modificacion": "2025-08-01 01:01:30.439406"
  },
  "94099da6bc4611fd0": {
    "app_sintetizada": "94099DA6BC4611FD0",
    "cantidad_archivos": 5,
    "archivos_fuente": [
      "Library/Application Support/Google/Chrome/Default/Service Worker/CacheStorage/f278ba7242a4b0474c6478429cbbac36bd73e18d/e4912806-ef49-483f-8ea8-08020c5e5d50/94099da6bc4611fd_0",
      "Library/Application Support/Google/Chrome/Default/Service Worker/CacheStorage/f278ba7242a4b0474c6478429cbbac36bd73e18d/ed32e9db-864a-4c62-a686-4a2b35124c2a/94099da6bc4611fd_0",
      "Library/Application Support/Google/Chrome/Default/Service Worker/CacheStorage/f278ba7242a4b0474c6478429cbbac36bd73e18d/8515cf12-a0fb-4ff8-85fc-b1b6eaa17d2f/94099da6bc4611fd_0",
      "Library/Application Support/Google/Chrome/Default/Service Worker/CacheStorage/f278ba7242a4b0474c6478429cbbac36bd73e18d/fbcaeba7-4c6a-475c-8dbf-ed44ba2b0093/94099da6bc4611fd_0",
      "Library/Application Support/Google/Chrome/Default/Service Worker/CacheStorage/f278ba7242a4b0474c6478429cbbac36bd73e18d/26cd01ef-59f6-465f-9a84-2e9f76579d6e/94099da6bc4611fd_0"
    ],
    "ultima_modificacion": "2025-08-01 01:01:30.439693"
  }
}