{
  "b7cc8b5c6d48495eb5a8c10b77833a701105c.jpeg": {
    "app_sintetizada": "B7CC8B5C6D48495EB5A8C10B77833A701105C.JPEG",
    "cantidad_archivos": 1,
    "archivos_fuente": [
      "Pictures/Fototeca de Fotos.photoslibrary/resources/derivatives/B/B7CC8B5C-6D48-495E-B5A8-C10B77833A70_1_105_c.jpeg"
    ],
    "ultima_modificacion": "2025-08-01 01:01:26.128777"
  },
  "b9bf498f115748a8a61ce91bc225f5981105c.jpeg": {
    "app_sintetizada": "B9BF498F115748A8A61CE91BC225F5981105C.JPEG",
    "cantidad_archivos": 1,
    "archivos_fuente": [
      "Pictures/Fototeca de Fotos.photoslibrary/resources/derivatives/B/B9BF498F-1157-48A8-A61C-E91BC225F598_1_105_c.jpeg"
    ],
    "ultima_modificacion": "2025-08-01 01:01:26.129018"
  },
  "bcafdfe92349486babb3170056044e251105c.jpeg": {
    "app_sintetizada": "BCAFDFE92349486BABB3170056044E251105C.JPEG",
    "cantidad_archivos": 1,
    "archivos_fuente": [
      "Pictures/Fototeca de Fotos.photoslibrary/resources/derivatives/B/BCAFDFE9-2349-486B-ABB3-170056044E25_1_105_c.jpeg"
    ],
    "ultima_modificacion": "2025-08-01 01:01:26.129300"
  },
  "b02d4715584d4fedbbc9159893f0fd791105c.jpeg": {
    "app_sintetizada": "B02D4715584D4FEDBBC9159893F0FD791105C.JPEG",
    "cantidad_archivos": 1,
    "archivos_fuente": [
      "Pictures/Fototeca de Fotos.photoslibrary/resources/derivatives/B/B02D4715-584D-4FED-BBC9-159893F0FD79_1_105_c.jpeg"
    ],
    "ultima_modificacion": "2025-08-01 01:01:26.129537"
  },
  "bd8259f94c3444e180a965b076e6ffb11105c.jpeg": {
    "app_sintetizada": "BD8259F94C3444E180A965B076E6FFB11105C.JPEG",
    "cantidad_archivos": 1,
    "archivos_fuente": [
      "Pictures/Fototeca de Fotos.photoslibrary/resources/derivatives/B/BD8259F9-4C34-44E1-80A9-65B076E6FFB1_1_105_c.jpeg"
    ],
    "ultima_modificacion": "2025-08-01 01:01:26.129784"
  },
  "b45daf2ea78041788435955b4f8dfa281105c.jpeg": {
    "app_sintetizada": "B45DAF2EA78041788435955B4F8DFA281105C.JPEG",
    "cantidad_archivos": 1,
    "archivos_fuente": [
      "Pictures/Fototeca de Fotos.photoslibrary/resources/derivatives/B/B45DAF2E-A780-4178-8435-955B4F8DFA28_1_105_c.jpeg"
    ],
    "ultima_modificacion": "2025-08-01 01:01:26.130026"
  },
  "b37e63fd7ceb435fa41bda17f4e03633.thm": {
    "app_sintetizada": "B37E63FD7CEB435FA41BDA17F4E03633.THM",
    "cantidad_archivos": 1,
    "archivos_fuente": [
      "Pictures/Fototeca de Fotos.photoslibrary/resources/derivatives/B/B37E63FD-7CEB-435F-A41B-DA17F4E03633.THM"
    ],
    "ultima_modificacion": "2025-08-01 01:01:26.130311"
  },
  "b4d7ba9f3268422dbd76fb01b79bacc21105c.jpeg": {
    "app_sintetizada": "B4D7BA9F3268422DBD76FB01B79BACC21105C.JPEG",
    "cantidad_archivos": 1,
    "archivos_fuente": [
      "Pictures/Fototeca de Fotos.photoslibrary/resources/derivatives/B/B4D7BA9F-3268-422D-BD76-FB01B79BACC2_1_105_c.jpeg"
    ],
    "ultima_modificacion": "2025-08-01 01:01:26.130602"
  },
  "b32de81771d644109e0815b74c6301ab1105c.jpeg": {
    "app_sintetizada": "B32DE81771D644109E0815B74C6301AB1105C.JPEG",
    "cantidad_archivos": 1,
    "archivos_fuente": [
      "Pictures/Fototeca de Fotos.photoslibrary/resources/derivatives/B/B32DE817-71D6-4410-9E08-15B74C6301AB_1_105_c.jpeg"
    ],
    "ultima_modificacion": "2025-08-01 01:01:26.130919"
  },
  "b787762d0c594e6ea8875b1dc98e90211105c.jpeg": {
    "app_sintetizada": "B787762D0C594E6EA8875B1DC98E90211105C.JPEG",
    "cantidad_archivos": 1,
    "archivos_fuente": [
      "Pictures/Fototeca de Fotos.photoslibrary/resources/derivatives/B/B787762D-0C59-4E6E-A887-5B1DC98E9021_1_105_c.jpeg"
    ],
    "ultima_modificacion": "2025-08-01 01:01:26.131179"
  },
  "b1f251c5af7e4181b5636a49389a93621105c.jpeg": {
    "app_sintetizada": "B1F251C5AF7E4181B5636A49389A93621105C.JPEG",
    "cantidad_archivos": 1,
    "archivos_fuente": [
      "Pictures/Fototeca de Fotos.photoslibrary/resources/derivatives/B/B1F251C5-AF7E-4181-B563-6A49389A9362_1_105_c.jpeg"
    ],
    "ultima_modificacion": "2025-08-01 01:01:26.131441"
  },
  "bbcd25075fa44a1cbd478f5ec7dc32891105c.jpeg": {
    "app_sintetizada": "BBCD25075FA44A1CBD478F5EC7DC32891105C.JPEG",
    "cantidad_archivos": 1,
    "archivos_fuente": [
      "Pictures/Fototeca de Fotos.photoslibrary/resources/derivatives/B/BBCD2507-5FA4-4A1C-BD47-8F5EC7DC3289_1_105_c.jpeg"
    ],
    "ultima_modificacion": "2025-08-01 01:01:26.131704"
  },
  "b909be88fc534bbbbeca3e4dfcf2f0671105c.jpeg": {
    "app_sintetizada": "B909BE88FC534BBBBECA3E4DFCF2F0671105C.JPEG",
    "cantidad_archivos": 1,
    "archivos_fuente": [
      "Pictures/Fototeca de Fotos.photoslibrary/resources/derivatives/B/B909BE88-FC53-4BBB-BECA-3E4DFCF2F067_1_105_c.jpeg"
    ],
    "ultima_modificacion": "2025-08-01 01:01:26.131997"
  },
  "b3db8b36330644aa8b34d5c00cd204ce1105c.jpeg": {
    "app_sintetizada": "B3DB8B36330644AA8B34D5C00CD204CE1105C.JPEG",
    "cantidad_archivos": 1,
    "archivos_fuente": [
      "Pictures/Fototeca de Fotos.photoslibrary/resources/derivatives/B/B3DB8B36-3306-44AA-8B34-D5C00CD204CE_1_105_c.jpeg"
    ],
    "ultima_modificacion": "2025-08-01 01:01:26.132301"
  },
  "ba165fb50967407aaccfd83ce8a808661105c.jpeg": {
    "app_sintetizada": "BA165FB50967407AACCFD83CE8A808661105C.JPEG",
    "cantidad_archivos": 1,
    "archivos_fuente": [
      "Pictures/Fototeca de Fotos.photoslibrary/resources/derivatives/B/BA165FB5-0967-407A-ACCF-D83CE8A80866_1_105_c.jpeg"
    ],
    "ultima_modificacion": "2025-08-01 01:01:26.132680"
  },
  "be7292ffd00b4fe08e0c6c5c0d0a10531105c.jpeg": {
    "app_sintetizada": "BE7292FFD00B4FE08E0C6C5C0D0A10531105C.JPEG",
    "cantidad_archivos": 1,
    "archivos_fuente": [
      "Pictures/Fototeca de Fotos.photoslibrary/resources/derivatives/B/BE7292FF-D00B-4FE0-8E0C-6C5C0D0A1053_1_105_c.jpeg"
    ],
    "ultima_modificacion": "2025-08-01 01:01:26.132991"
  },
  "bd379f21e3a04fba8d4fa66895a712521105c.jpeg": {
    "app_sintetizada": "BD379F21E3A04FBA8D4FA66895A712521105C.JPEG",
    "cantidad_archivos": 1,
    "archivos_fuente": [
      "Pictures/Fototeca de Fotos.photoslibrary/resources/derivatives/B/BD379F21-E3A0-4FBA-8D4F-A66895A71252_1_105_c.jpeg"
    ],
    "ultima_modificacion": "2025-08-01 01:01:26.133368"
  },
  "b60a17a8c72a4bbba468fe4ea4a9c72b1105c.jpeg": {
    "app_sintetizada": "B60A17A8C72A4BBBA468FE4EA4A9C72B1105C.JPEG",
    "cantidad_archivos": 1,
    "archivos_fuente": [
      "Pictures/Fototeca de Fotos.photoslibrary/resources/derivatives/B/B60A17A8-C72A-4BBB-A468-FE4EA4A9C72B_1_105_c.jpeg"
    ],
    "ultima_modificacion": "2025-08-01 01:01:26.134289"
  },
  "be80b31cfa11462fbc34024d3bd4140f1105c.jpeg": {
    "app_sintetizada": "BE80B31CFA11462FBC34024D3BD4140F1105C.JPEG",
    "cantidad_archivos": 1,
    "archivos_fuente": [
      "Pictures/Fototeca de Fotos.photoslibrary/resources/derivatives/B/BE80B31C-FA11-462F-BC34-024D3BD4140F_1_105_c.jpeg"
    ],
    "ultima_modificacion": "2025-08-01 01:01:26.135828"
  },
  "b899d47c70ff4044838ee2e8aa9fa7071105c.jpeg": {
    "app_sintetizada": "B899D47C70FF4044838EE2E8AA9FA7071105C.JPEG",
    "cantidad_archivos": 1,
    "archivos_fuente": [
      "Pictures/Fototeca de Fotos.photoslibrary/resources/derivatives/B/B899D47C-70FF-4044-838E-E2E8AA9FA707_1_105_c.jpeg"
    ],
    "ultima_modificacion": "2025-08-01 01:01:26.136169"
  },
  "bcc1ab28e3a241baba8996a1ee9cb4751105c.jpeg": {
    "app_sintetizada": "BCC1AB28E3A241BABA8996A1EE9CB4751105C.JPEG",
    "cantidad_archivos": 1,
    "archivos_fuente": [
      "Pictures/Fototeca de Fotos.photoslibrary/resources/derivatives/B/BCC1AB28-E3A2-41BA-BA89-96A1EE9CB475_1_105_c.jpeg"
    ],
    "ultima_modificacion": "2025-08-01 01:01:26.136429"
  },
  "b0ff54f3e1ff447697bb2b9823dced2d1105c.jpeg": {
    "app_sintetizada": "B0FF54F3E1FF447697BB2B9823DCED2D1105C.JPEG",
    "cantidad_archivos": 1,
    "archivos_fuente": [
      "Pictures/Fototeca de Fotos.photoslibrary/resources/derivatives/B/B0FF54F3-E1FF-4476-97BB-2B9823DCED2D_1_105_c.jpeg"
    ],
    "ultima_modificacion": "2025-08-01 01:01:26.136906"
  },
  "be7d1a36d2a9436a85c0e2132bed739c1105c.jpeg": {
    "app_sintetizada": "BE7D1A36D2A9436A85C0E2132BED739C1105C.JPEG",
    "cantidad_archivos": 1,
    "archivos_fuente": [
      "Pictures/Fototeca de Fotos.photoslibrary/resources/derivatives/B/BE7D1A36-D2A9-436A-85C0-E2132BED739C_1_105_c.jpeg"
    ],
    "ultima_modificacion": "2025-08-01 01:01:26.137281"
  },
  "b21de76b95514298a51bf139530e02f71105c.jpeg": {
    "app_sintetizada": "B21DE76B95514298A51BF139530E02F71105C.JPEG",
    "cantidad_archivos": 1,
    "archivos_fuente": [
      "Pictures/Fototeca de Fotos.photoslibrary/resources/derivatives/B/B21DE76B-9551-4298-A51B-F139530E02F7_1_105_c.jpeg"
    ],
    "ultima_modificacion": "2025-08-01 01:01:26.137595"
  },
  "b16d1d42c37b444a9930bd7aa32489371105c.jpeg": {
    "app_sintetizada": "B16D1D42C37B444A9930BD7AA32489371105C.JPEG",
    "cantidad_archivos": 1,
    "archivos_fuente": [
      "Pictures/Fototeca de Fotos.photoslibrary/resources/derivatives/B/B16D1D42-C37B-444A-9930-BD7AA3248937_1_105_c.jpeg"
    ],
    "ultima_modificacion": "2025-08-01 01:01:26.137983"
  },
  "b2985880fb834755bc7e6c2270e017001105c.jpeg": {
    "app_sintetizada": "B2985880FB834755BC7E6C2270E017001105C.JPEG",
    "cantidad_archivos": 1,
    "archivos_fuente": [
      "Pictures/Fototeca de Fotos.photoslibrary/resources/derivatives/B/B2985880-FB83-4755-BC7E-6C2270E01700_1_105_c.jpeg"
    ],
    "ultima_modificacion": "2025-08-01 01:01:26.138320"
  },
  "b4e6d5f4269346c8b75e1f8de50346d51105c.jpeg": {
    "app_sintetizada": "B4E6D5F4269346C8B75E1F8DE50346D51105C.JPEG",
    "cantidad_archivos": 1,
    "archivos_fuente": [
      "Pictures/Fototeca de Fotos.photoslibrary/resources/derivatives/B/B4E6D5F4-2693-46C8-B75E-1F8DE50346D5_1_105_c.jpeg"
    ],
    "ultima_modificacion": "2025-08-01 01:01:26.138642"
  },
  "b303a1d1ae614e0abc8a03c9e45e37231105c.jpeg": {
    "app_sintetizada": "B303A1D1AE614E0ABC8A03C9E45E37231105C.JPEG",
    "cantidad_archivos": 1,
    "archivos_fuente": [
      "Pictures/Fototeca de Fotos.photoslibrary/resources/derivatives/B/B303A1D1-AE61-4E0A-BC8A-03C9E45E3723_1_105_c.jpeg"
    ],
    "ultima_modificacion": "2025-08-01 01:01:26.139097"
  },
  "bc50769b50c44562998b97d6429c26171105c.jpeg": {
    "app_sintetizada": "BC50769B50C44562998B97D6429C26171105C.JPEG",
    "cantidad_archivos": 1,
    "archivos_fuente": [
      "Pictures/Fototeca de Fotos.photoslibrary/resources/derivatives/B/BC50769B-50C4-4562-998B-97D6429C2617_1_105_c.jpeg"
    ],
    "ultima_modificacion": "2025-08-01 01:01:26.139631"
  },
  "ba684df27e6f4653b836f4fe11fac7bd1105c.jpeg": {
    "app_sintetizada": "BA684DF27E6F4653B836F4FE11FAC7BD1105C.JPEG",
    "cantidad_archivos": 1,
    "archivos_fuente": [
      "Pictures/Fototeca de Fotos.photoslibrary/resources/derivatives/B/BA684DF2-7E6F-4653-B836-F4FE11FAC7BD_1_105_c.jpeg"
    ],
    "ultima_modificacion": "2025-08-01 01:01:26.139984"
  },
  "b029923dc4a94283af96f605e589c4891105c.jpeg": {
    "app_sintetizada": "B029923DC4A94283AF96F605E589C4891105C.JPEG",
    "cantidad_archivos": 1,
    "archivos_fuente": [
      "Pictures/Fototeca de Fotos.photoslibrary/resources/derivatives/B/B029923D-C4A9-4283-AF96-F605E589C489_1_105_c.jpeg"
    ],
    "ultima_modificacion": "2025-08-01 01:01:26.140313"
  },
  "bac51ad991894867be6074cd9e9c512e1105c.jpeg": {
    "app_sintetizada": "BAC51AD991894867BE6074CD9E9C512E1105C.JPEG",
    "cantidad_archivos": 1,
    "archivos_fuente": [
      "Pictures/Fototeca de Fotos.photoslibrary/resources/derivatives/B/BAC51AD9-9189-4867-BE60-74CD9E9C512E_1_105_c.jpeg"
    ],
    "ultima_modificacion": "2025-08-01 01:01:26.140637"
  },
  "b2bda4ea893b4960b5bd2f1d6a52af841105c.jpeg": {
    "app_sintetizada": "B2BDA4EA893B4960B5BD2F1D6A52AF841105C.JPEG",
    "cantidad_archivos": 1,
    "archivos_fuente": [
      "Pictures/Fototeca de Fotos.photoslibrary/resources/derivatives/B/B2BDA4EA-893B-4960-B5BD-2F1D6A52AF84_1_105_c.jpeg"
    ],
    "ultima_modificacion": "2025-08-01 01:01:26.141924"
  },
  "b38ffe2cc90c4d5a8629051c943d101e1105c.jpeg": {
    "app_sintetizada": "B38FFE2CC90C4D5A8629051C943D101E1105C.JPEG",
    "cantidad_archivos": 1,
    "archivos_fuente": [
      "Pictures/Fototeca de Fotos.photoslibrary/resources/derivatives/B/B38FFE2C-C90C-4D5A-8629-051C943D101E_1_105_c.jpeg"
    ],
    "ultima_modificacion": "2025-08-01 01:01:26.142331"
  },
  "bf91cbb12f4141bd96a2c323fc541d411105c.jpeg": {
    "app_sintetizada": "BF91CBB12F4141BD96A2C323FC541D411105C.JPEG",
    "cantidad_archivos": 1,
    "archivos_fuente": [
      "Pictures/Fototeca de Fotos.photoslibrary/resources/derivatives/B/BF91CBB1-2F41-41BD-96A2-C323FC541D41_1_105_c.jpeg"
    ],
    "ultima_modificacion": "2025-08-01 01:01:26.142691"
  },
  "b50ae1f10ec7492ea21d5de1bc6a8ba51105c.jpeg": {
    "app_sintetizada": "B50AE1F10EC7492EA21D5DE1BC6A8BA51105C.JPEG",
    "cantidad_archivos": 1,
    "archivos_fuente": [
      "Pictures/Fototeca de Fotos.photoslibrary/resources/derivatives/B/B50AE1F1-0EC7-492E-A21D-5DE1BC6A8BA5_1_105_c.jpeg"
    ],
    "ultima_modificacion": "2025-08-01 01:01:26.143186"
  },
  "b9be376f56d7445fa75e6f79df06d8b71105c.jpeg": {
    "app_sintetizada": "B9BE376F56D7445FA75E6F79DF06D8B71105C.JPEG",
    "cantidad_archivos": 1,
    "archivos_fuente": [
      "Pictures/Fototeca de Fotos.photoslibrary/resources/derivatives/B/B9BE376F-56D7-445F-A75E-6F79DF06D8B7_1_105_c.jpeg"
    ],
    "ultima_modificacion": "2025-08-01 01:01:26.143790"
  },
  "b9aa523923904c669e89ff2fa68392e11105c.jpeg": {
    "app_sintetizada": "B9AA523923904C669E89FF2FA68392E11105C.JPEG",
    "cantidad_archivos": 1,
    "archivos_fuente": [
      "Pictures/Fototeca de Fotos.photoslibrary/resources/derivatives/B/B9AA5239-2390-4C66-9E89-FF2FA68392E1_1_105_c.jpeg"
    ],
    "ultima_modificacion": "2025-08-01 01:01:26.145161"
  },
  "b9569c121ac84835966d80d3ee4019ee.thm": {
    "app_sintetizada": "B9569C121AC84835966D80D3EE4019EE.THM",
    "cantidad_archivos": 1,
    "archivos_fuente": [
      "Pictures/Fototeca de Fotos.photoslibrary/resources/derivatives/B/B9569C12-1AC8-4835-966D-80D3EE4019EE.THM"
    ],
    "ultima_modificacion": "2025-08-01 01:01:26.145711"
  },
  "bdd63671d05d4290a2a0d528afae81131105c.jpeg": {
    "app_sintetizada": "BDD63671D05D4290A2A0D528AFAE81131105C.JPEG",
    "cantidad_archivos": 1,
    "archivos_fuente": [
      "Pictures/Fototeca de Fotos.photoslibrary/resources/derivatives/B/BDD63671-D05D-4290-A2A0-D528AFAE8113_1_105_c.jpeg"
    ],
    "ultima_modificacion": "2025-08-01 01:01:26.146091"
  },
  "b4c8ccf405e04f30a21717c722ed8fc8.thm": {
    "app_sintetizada": "B4C8CCF405E04F30A21717C722ED8FC8.THM",
    "cantidad_archivos": 1,
    "archivos_fuente": [
      "Pictures/Fototeca de Fotos.photoslibrary/resources/derivatives/B/B4C8CCF4-05E0-4F30-A217-17C722ED8FC8.THM"
    ],
    "ultima_modificacion": "2025-08-01 01:01:26.146412"
  },
  "bb71d6a44951420083ee37f3018f37a71100o.jpeg": {
    "app_sintetizada": "BB71D6A44951420083EE37F3018F37A71100O.JPEG",
    "cantidad_archivos": 1,
    "archivos_fuente": [
      "Pictures/Fototeca de Fotos.photoslibrary/resources/derivatives/B/BB71D6A4-4951-4200-83EE-37F3018F37A7_1_100_o.jpeg"
    ],
    "ultima_modificacion": "2025-08-01 01:01:26.146713"
  },
  "b69e86187eb34603bad912d912ac4e991105c.jpeg": {
    "app_sintetizada": "B69E86187EB34603BAD912D912AC4E991105C.JPEG",
    "cantidad_archivos": 1,
    "archivos_fuente": [
      "Pictures/Fototeca de Fotos.photoslibrary/resources/derivatives/B/B69E8618-7EB3-4603-BAD9-12D912AC4E99_1_105_c.jpeg"
    ],
    "ultima_modificacion": "2025-08-01 01:01:26.147034"
  },
  "bfb88f2963394cb1b3781a9f098c04461105c.jpeg": {
    "app_sintetizada": "BFB88F2963394CB1B3781A9F098C04461105C.JPEG",
    "cantidad_archivos": 1,
    "archivos_fuente": [
      "Pictures/Fototeca de Fotos.photoslibrary/resources/derivatives/B/BFB88F29-6339-4CB1-B378-1A9F098C0446_1_105_c.jpeg"
    ],
    "ultima_modificacion": "2025-08-01 01:01:26.147358"
  },
  "b6acf043035e44a79c4b6e30cae6b2e81105c.jpeg": {
    "app_sintetizada": "B6ACF043035E44A79C4B6E30CAE6B2E81105C.JPEG",
    "cantidad_archivos": 1,
    "archivos_fuente": [
      "Pictures/Fototeca de Fotos.photoslibrary/resources/derivatives/B/B6ACF043-035E-44A7-9C4B-6E30CAE6B2E8_1_105_c.jpeg"
    ],
    "ultima_modificacion": "2025-08-01 01:01:26.147690"
  },
  "b85494457d0548aeaac46307db265dfb1105c.jpeg": {
    "app_sintetizada": "B85494457D0548AEAAC46307DB265DFB1105C.JPEG",
    "cantidad_archivos": 1,
    "archivos_fuente": [
      "Pictures/Fototeca de Fotos.photoslibrary/resources/derivatives/B/B8549445-7D05-48AE-AAC4-6307DB265DFB_1_105_c.jpeg"
    ],
    "ultima_modificacion": "2025-08-01 01:01:26.147986"
  },
  "b1baa728099c4279ab3469a21cf48c031105c.jpeg": {
    "app_sintetizada": "B1BAA728099C4279AB3469A21CF48C031105C.JPEG",
    "cantidad_archivos": 1,
    "archivos_fuente": [
      "Pictures/Fototeca de Fotos.photoslibrary/resources/derivatives/B/B1BAA728-099C-4279-AB34-69A21CF48C03_1_105_c.jpeg"
    ],
    "ultima_modificacion": "2025-08-01 01:01:26.148282"
  },
  "bf94b75955f145e0a2663db17f164e081105c.jpeg": {
    "app_sintetizada": "BF94B75955F145E0A2663DB17F164E081105C.JPEG",
    "cantidad_archivos": 1,
    "archivos_fuente": [
      "Pictures/Fototeca de Fotos.photoslibrary/resources/derivatives/B/BF94B759-55F1-45E0-A266-3DB17F164E08_1_105_c.jpeg"
    ],
    "ultima_modificacion": "2025-08-01 01:01:26.149302"
  },
  "bd029edb8c844168afb25ecbd76ea8001105c.jpeg": {
    "app_sintetizada": "BD029EDB8C844168AFB25ECBD76EA8001105C.JPEG",
    "cantidad_archivos": 1,
    "archivos_fuente": [
      "Pictures/Fototeca de Fotos.photoslibrary/resources/derivatives/B/BD029EDB-8C84-4168-AFB2-5ECBD76EA800_1_105_c.jpeg"
    ],
    "ultima_modificacion": "2025-08-01 01:01:26.149794"
  },
  "b8ae56134ca6447b9c2aa881efc365bd1105c.jpeg": {
    "app_sintetizada": "B8AE56134CA6447B9C2AA881EFC365BD1105C.JPEG",
    "cantidad_archivos": 1,
    "archivos_fuente": [
      "Pictures/Fototeca de Fotos.photoslibrary/resources/derivatives/B/B8AE5613-4CA6-447B-9C2A-A881EFC365BD_1_105_c.jpeg"
    ],
    "ultima_modificacion": "2025-08-01 01:01:26.150511"
  },
  "b43d759591ae4d50abe9c754a2ba0c2b1105c.jpeg": {
    "app_sintetizada": "B43D759591AE4D50ABE9C754A2BA0C2B1105C.JPEG",
    "cantidad_archivos": 1,
    "archivos_fuente": [
      "Pictures/Fototeca de Fotos.photoslibrary/resources/derivatives/B/B43D7595-91AE-4D50-ABE9-C754A2BA0C2B_1_105_c.jpeg"
    ],
    "ultima_modificacion": "2025-08-01 01:01:26.150982"
  },
  "b29b804aba2e4f8aad2222861690d45d1105c.jpeg": {
    "app_sintetizada": "B29B804ABA2E4F8AAD2222861690D45D1105C.JPEG",
    "cantidad_archivos": 1,
    "archivos_fuente": [
      "Pictures/Fototeca de Fotos.photoslibrary/resources/derivatives/B/B29B804A-BA2E-4F8A-AD22-22861690D45D_1_105_c.jpeg"
    ],
    "ultima_modificacion": "2025-08-01 01:01:26.151344"
  },
  "b0746ccb8ea944859341d17cb22050321105c.jpeg": {
    "app_sintetizada": "B0746CCB8EA944859341D17CB22050321105C.JPEG",
    "cantidad_archivos": 1,
    "archivos_fuente": [
      "Pictures/Fototeca de Fotos.photoslibrary/resources/derivatives/B/B0746CCB-8EA9-4485-9341-D17CB2205032_1_105_c.jpeg"
    ],
    "ultima_modificacion": "2025-08-01 01:01:26.152783"
  },
  "b1854a9144a84cdbb7c94d70cc8b01381100o.jpeg": {
    "app_sintetizada": "B1854A9144A84CDBB7C94D70CC8B01381100O.JPEG",
    "cantidad_archivos": 1,
    "archivos_fuente": [
      "Pictures/Fototeca de Fotos.photoslibrary/resources/derivatives/B/B1854A91-44A8-4CDB-B7C9-4D70CC8B0138_1_100_o.jpeg"
    ],
    "ultima_modificacion": "2025-08-01 01:01:26.153202"
  },
  "b0b1c2951c114179b91690708a2e685a1105c.jpeg": {
    "app_sintetizada": "B0B1C2951C114179B91690708A2E685A1105C.JPEG",
    "cantidad_archivos": 1,
    "archivos_fuente": [
      "Pictures/Fototeca de Fotos.photoslibrary/resources/derivatives/B/B0B1C295-1C11-4179-B916-90708A2E685A_1_105_c.jpeg"
    ],
    "ultima_modificacion": "2025-08-01 01:01:26.153661"
  },
  "b88509663dbf4924b75059561ea207351105c.jpeg": {
    "app_sintetizada": "B88509663DBF4924B75059561EA207351105C.JPEG",
    "cantidad_archivos": 1,
    "archivos_fuente": [
      "Pictures/Fototeca de Fotos.photoslibrary/resources/derivatives/B/B8850966-3DBF-4924-B750-59561EA20735_1_105_c.jpeg"
    ],
    "ultima_modificacion": "2025-08-01 01:01:26.154011"
  },
  "bab4cd1b9b67404c97db5669a7b548731105c.jpeg": {
    "app_sintetizada": "BAB4CD1B9B67404C97DB5669A7B548731105C.JPEG",
    "cantidad_archivos": 1,
    "archivos_fuente": [
      "Pictures/Fototeca de Fotos.photoslibrary/resources/derivatives/B/BAB4CD1B-9B67-404C-97DB-5669A7B54873_1_105_c.jpeg"
    ],
    "ultima_modificacion": "2025-08-01 01:01:26.154738"
  },
  "bd413903ba95467b9ac92610c6afdfa11105c.jpeg": {
    "app_sintetizada": "BD413903BA95467B9AC92610C6AFDFA11105C.JPEG",
    "cantidad_archivos": 1,
    "archivos_fuente": [
      "Pictures/Fototeca de Fotos.photoslibrary/resources/derivatives/B/BD413903-BA95-467B-9AC9-2610C6AFDFA1_1_105_c.jpeg"
    ],
    "ultima_modificacion": "2025-08-01 01:01:26.155152"
  },
  "bc2cccff5d3442b7a16ace18aaa760591105c.jpeg": {
    "app_sintetizada": "BC2CCCFF5D3442B7A16ACE18AAA760591105C.JPEG",
    "cantidad_archivos": 1,
    "archivos_fuente": [
      "Pictures/Fototeca de Fotos.photoslibrary/resources/derivatives/B/BC2CCCFF-5D34-42B7-A16A-CE18AAA76059_1_105_c.jpeg"
    ],
    "ultima_modificacion": "2025-08-01 01:01:26.155910"
  },
  "bf40a16608824e41931af7fe3d8b07ff1105c.jpeg": {
    "app_sintetizada": "BF40A16608824E41931AF7FE3D8B07FF1105C.JPEG",
    "cantidad_archivos": 1,
    "archivos_fuente": [
      "Pictures/Fototeca de Fotos.photoslibrary/resources/derivatives/B/BF40A166-0882-4E41-931A-F7FE3D8B07FF_1_105_c.jpeg"
    ],
    "ultima_modificacion": "2025-08-01 01:01:26.156345"
  },
  "b1a1339dcc3441568dbe0859817be79f1105c.jpeg": {
    "app_sintetizada": "B1A1339DCC3441568DBE0859817BE79F1105C.JPEG",
    "cantidad_archivos": 1,
    "archivos_fuente": [
      "Pictures/Fototeca de Fotos.photoslibrary/resources/derivatives/B/B1A1339D-CC34-4156-8DBE-0859817BE79F_1_105_c.jpeg"
    ],
    "ultima_modificacion": "2025-08-01 01:01:26.156731"
  },
  "b54f5eacd6134925bd4f605c3f2530bf1105c.jpeg": {
    "app_sintetizada": "B54F5EACD6134925BD4F605C3F2530BF1105C.JPEG",
    "cantidad_archivos": 1,
    "archivos_fuente": [
      "Pictures/Fototeca de Fotos.photoslibrary/resources/derivatives/B/B54F5EAC-D613-4925-BD4F-605C3F2530BF_1_105_c.jpeg"
    ],
    "ultima_modificacion": "2025-08-01 01:01:26.157094"
  },
  "ba4496896fee43a097d71c648155c941.thm": {
    "app_sintetizada": "BA4496896FEE43A097D71C648155C941.THM",
    "cantidad_archivos": 1,
    "archivos_fuente": [
      "Pictures/Fototeca de Fotos.photoslibrary/resources/derivatives/B/BA449689-6FEE-43A0-97D7-1C648155C941.THM"
    ],
    "ultima_modificacion": "2025-08-01 01:01:26.157458"
  },
  "b0e695cad1254761a105731765b987851105c.jpeg": {
    "app_sintetizada": "B0E695CAD1254761A105731765B987851105C.JPEG",
    "cantidad_archivos": 1,
    "archivos_fuente": [
      "Pictures/Fototeca de Fotos.photoslibrary/resources/derivatives/B/B0E695CA-D125-4761-A105-731765B98785_1_105_c.jpeg"
    ],
    "ultima_modificacion": "2025-08-01 01:01:26.157830"
  },
  "b134d85dd40c492d8c2eb665fae914ea1105c.jpeg": {
    "app_sintetizada": "B134D85DD40C492D8C2EB665FAE914EA1105C.JPEG",
    "cantidad_archivos": 1,
    "archivos_fuente": [
      "Pictures/Fototeca de Fotos.photoslibrary/resources/derivatives/B/B134D85D-D40C-492D-8C2E-B665FAE914EA_1_105_c.jpeg"
    ],
    "ultima_modificacion": "2025-08-01 01:01:26.158235"
  },
  "b05959552fd04321ae7c44c7e60702941105c.jpeg": {
    "app_sintetizada": "B05959552FD04321AE7C44C7E60702941105C.JPEG",
    "cantidad_archivos": 1,
    "archivos_fuente": [
      "Pictures/Fototeca de Fotos.photoslibrary/resources/derivatives/B/B0595955-2FD0-4321-AE7C-44C7E6070294_1_105_c.jpeg"
    ],
    "ultima_modificacion": "2025-08-01 01:01:26.158719"
  },
  "b9e9045319b247018b2577b5bbc8f29b1105c.jpeg": {
    "app_sintetizada": "B9E9045319B247018B2577B5BBC8F29B1105C.JPEG",
    "cantidad_archivos": 1,
    "archivos_fuente": [
      "Pictures/Fototeca de Fotos.photoslibrary/resources/derivatives/B/B9E90453-19B2-4701-8B25-77B5BBC8F29B_1_105_c.jpeg"
    ],
    "ultima_modificacion": "2025-08-01 01:01:26.159326"
  },
  "b6defad595cc4480ab8241511299dd27.thm": {
    "app_sintetizada": "B6DEFAD595CC4480AB8241511299DD27.THM",
    "cantidad_archivos": 1,
    "archivos_fuente": [
      "Pictures/Fototeca de Fotos.photoslibrary/resources/derivatives/B/B6DEFAD5-95CC-4480-AB82-41511299DD27.THM"
    ],
    "ultima_modificacion": "2025-08-01 01:01:26.160329"
  },
  "b8d2cf10634446d8955cae8dfc707dd41105c.jpeg": {
    "app_sintetizada": "B8D2CF10634446D8955CAE8DFC707DD41105C.JPEG",
    "cantidad_archivos": 1,
    "archivos_fuente": [
      "Pictures/Fototeca de Fotos.photoslibrary/resources/derivatives/B/B8D2CF10-6344-46D8-955C-AE8DFC707DD4_1_105_c.jpeg"
    ],
    "ultima_modificacion": "2025-08-01 01:01:26.161172"
  },
  "b115e24f19ed49beb4019d4c9ceba9671105c.jpeg": {
    "app_sintetizada": "B115E24F19ED49BEB4019D4C9CEBA9671105C.JPEG",
    "cantidad_archivos": 1,
    "archivos_fuente": [
      "Pictures/Fototeca de Fotos.photoslibrary/resources/derivatives/B/B115E24F-19ED-49BE-B401-9D4C9CEBA967_1_105_c.jpeg"
    ],
    "ultima_modificacion": "2025-08-01 01:01:26.162119"
  },
  "b6922178099c41ac967f324c51ec4f131105c.jpeg": {
    "app_sintetizada": "B6922178099C41AC967F324C51EC4F131105C.JPEG",
    "cantidad_archivos": 1,
    "archivos_fuente": [
      "Pictures/Fototeca de Fotos.photoslibrary/resources/derivatives/B/B6922178-099C-41AC-967F-324C51EC4F13_1_105_c.jpeg"
    ],
    "ultima_modificacion": "2025-08-01 01:01:26.165068"
  },
  "b8e059aa9efd477b9b6222e4fdc826ac1105c.jpeg": {
    "app_sintetizada": "B8E059AA9EFD477B9B6222E4FDC826AC1105C.JPEG",
    "cantidad_archivos": 1,
    "archivos_fuente": [
      "Pictures/Fototeca de Fotos.photoslibrary/resources/derivatives/B/B8E059AA-9EFD-477B-9B62-22E4FDC826AC_1_105_c.jpeg"
    ],
    "ultima_modificacion": "2025-08-01 01:01:26.166607"
  },
  "b8649f863f924cfa8c6a6263727c340e1105c.jpeg": {
    "app_sintetizada": "B8649F863F924CFA8C6A6263727C340E1105C.JPEG",
    "cantidad_archivos": 1,
    "archivos_fuente": [
      "Pictures/Fototeca de Fotos.photoslibrary/resources/derivatives/B/B8649F86-3F92-4CFA-8C6A-6263727C340E_1_105_c.jpeg"
    ],
    "ultima_modificacion": "2025-08-01 01:01:26.167208"
  },
  "b71090b3d82c433d90b2c275147cdf231105c.jpeg": {
    "app_sintetizada": "B71090B3D82C433D90B2C275147CDF231105C.JPEG",
    "cantidad_archivos": 1,
    "archivos_fuente": [
      "Pictures/Fototeca de Fotos.photoslibrary/resources/derivatives/B/B71090B3-D82C-433D-90B2-C275147CDF23_1_105_c.jpeg"
    ],
    "ultima_modificacion": "2025-08-01 01:01:26.167631"
  },
  "b1baa3b024d440f08d735656a64dec141105c.jpeg": {
    "app_sintetizada": "B1BAA3B024D440F08D735656A64DEC141105C.JPEG",
    "cantidad_archivos": 1,
    "archivos_fuente": [
      "Pictures/Fototeca de Fotos.photoslibrary/resources/derivatives/B/B1BAA3B0-24D4-40F0-8D73-5656A64DEC14_1_105_c.jpeg"
    ],
    "ultima_modificacion": "2025-08-01 01:01:26.168075"
  },
  "bb70a3bd962e411e874266758bc4b1b31105c.jpeg": {
    "app_sintetizada": "BB70A3BD962E411E874266758BC4B1B31105C.JPEG",
    "cantidad_archivos": 1,
    "archivos_fuente": [
      "Pictures/Fototeca de Fotos.photoslibrary/resources/derivatives/B/BB70A3BD-962E-411E-8742-66758BC4B1B3_1_105_c.jpeg"
    ],
    "ultima_modificacion": "2025-08-01 01:01:26.168671"
  },
  "b098459ca6eb444fa1d1626ed9eda4951105c.jpeg": {
    "app_sintetizada": "B098459CA6EB444FA1D1626ED9EDA4951105C.JPEG",
    "cantidad_archivos": 1,
    "archivos_fuente": [
      "Pictures/Fototeca de Fotos.photoslibrary/resources/derivatives/B/B098459C-A6EB-444F-A1D1-626ED9EDA495_1_105_c.jpeg"
    ],
    "ultima_modificacion": "2025-08-01 01:01:26.169348"
  },
  "b6304b1d3f7a4f10ab99fa31b4ccc2731105c.jpeg": {
    "app_sintetizada": "B6304B1D3F7A4F10AB99FA31B4CCC2731105C.JPEG",
    "cantidad_archivos": 1,
    "archivos_fuente": [
      "Pictures/Fototeca de Fotos.photoslibrary/resources/derivatives/B/B6304B1D-3F7A-4F10-AB99-FA31B4CCC273_1_105_c.jpeg"
    ],
    "ultima_modificacion": "2025-08-01 01:01:26.169798"
  },
  "be30356fa6f749b3abce5c137e5b00bb1105c.jpeg": {
    "app_sintetizada": "BE30356FA6F749B3ABCE5C137E5B00BB1105C.JPEG",
    "cantidad_archivos": 1,
    "archivos_fuente": [
      "Pictures/Fototeca de Fotos.photoslibrary/resources/derivatives/B/BE30356F-A6F7-49B3-ABCE-5C137E5B00BB_1_105_c.jpeg"
    ],
    "ultima_modificacion": "2025-08-01 01:01:26.170158"
  },
  "b0aa9e9ca81148efb82ad9a2341b26c51105c.jpeg": {
    "app_sintetizada": "B0AA9E9CA81148EFB82AD9A2341B26C51105C.JPEG",
    "cantidad_archivos": 1,
    "archivos_fuente": [
      "Pictures/Fototeca de Fotos.photoslibrary/resources/derivatives/B/B0AA9E9C-A811-48EF-B82A-D9A2341B26C5_1_105_c.jpeg"
    ],
    "ultima_modificacion": "2025-08-01 01:01:26.170439"
  },
  "b88b9ae817164482879469563817da9d1105c.jpeg": {
    "app_sintetizada": "B88B9AE817164482879469563817DA9D1105C.JPEG",
    "cantidad_archivos": 1,
    "archivos_fuente": [
      "Pictures/Fototeca de Fotos.photoslibrary/resources/derivatives/B/B88B9AE8-1716-4482-8794-69563817DA9D_1_105_c.jpeg"
    ],
    "ultima_modificacion": "2025-08-01 01:01:26.170676"
  },
  "ba342c7e7c134928b826ac0e8cbcdd961105c.jpeg": {
    "app_sintetizada": "BA342C7E7C134928B826AC0E8CBCDD961105C.JPEG",
    "cantidad_archivos": 1,
    "archivos_fuente": [
      "Pictures/Fototeca de Fotos.photoslibrary/resources/derivatives/B/BA342C7E-7C13-4928-B826-AC0E8CBCDD96_1_105_c.jpeg"
    ],
    "ultima_modificacion": "2025-08-01 01:01:26.170968"
  },
  "b1935c5059d94d1fab93b5883db01ff61105c.jpeg": {
    "app_sintetizada": "B1935C5059D94D1FAB93B5883DB01FF61105C.JPEG",
    "cantidad_archivos": 1,
    "archivos_fuente": [
      "Pictures/Fototeca de Fotos.photoslibrary/resources/derivatives/B/B1935C50-59D9-4D1F-AB93-B5883DB01FF6_1_105_c.jpeg"
    ],
    "ultima_modificacion": "2025-08-01 01:01:26.171563"
  },
  "b59152356f6144a985fcdbba8b97c4661105c.jpeg": {
    "app_sintetizada": "B59152356F6144A985FCDBBA8B97C4661105C.JPEG",
    "cantidad_archivos": 1,
    "archivos_fuente": [
      "Pictures/Fototeca de Fotos.photoslibrary/resources/derivatives/B/B5915235-6F61-44A9-85FC-DBBA8B97C466_1_105_c.jpeg"
    ],
    "ultima_modificacion": "2025-08-01 01:01:26.171976"
  },
  "b5f729b51fbf443ab882e8f4a7785a66.thm": {
    "app_sintetizada": "B5F729B51FBF443AB882E8F4A7785A66.THM",
    "cantidad_archivos": 1,
    "archivos_fuente": [
      "Pictures/Fototeca de Fotos.photoslibrary/resources/derivatives/B/B5F729B5-1FBF-443A-B882-E8F4A7785A66.THM"
    ],
    "ultima_modificacion": "2025-08-01 01:01:26.172407"
  },
  "ba4d082e1ffb431bb8f354d7df5c64731105c.jpeg": {
    "app_sintetizada": "BA4D082E1FFB431BB8F354D7DF5C64731105C.JPEG",
    "cantidad_archivos": 1,
    "archivos_fuente": [
      "Pictures/Fototeca de Fotos.photoslibrary/resources/derivatives/B/BA4D082E-1FFB-431B-B8F3-54D7DF5C6473_1_105_c.jpeg"
    ],
    "ultima_modificacion": "2025-08-01 01:01:26.172764"
  },
  "b4d6b3ace1394ac4b92061b357c82cbb.thm": {
    "app_sintetizada": "B4D6B3ACE1394AC4B92061B357C82CBB.THM",
    "cantidad_archivos": 1,
    "archivos_fuente": [
      "Pictures/Fototeca de Fotos.photoslibrary/resources/derivatives/B/B4D6B3AC-E139-4AC4-B920-61B357C82CBB.THM"
    ],
    "ultima_modificacion": "2025-08-01 01:01:26.173260"
  },
  "b010cfca14404145aae6c8e71f25925a1105c.jpeg": {
    "app_sintetizada": "B010CFCA14404145AAE6C8E71F25925A1105C.JPEG",
    "cantidad_archivos": 1,
    "archivos_fuente": [
      "Pictures/Fototeca de Fotos.photoslibrary/resources/derivatives/B/B010CFCA-1440-4145-AAE6-C8E71F25925A_1_105_c.jpeg"
    ],
    "ultima_modificacion": "2025-08-01 01:01:26.173801"
  },
  "bb2a929cfe2e40edb32e6e76662102111105c.jpeg": {
    "app_sintetizada": "BB2A929CFE2E40EDB32E6E76662102111105C.JPEG",
    "cantidad_archivos": 1,
    "archivos_fuente": [
      "Pictures/Fototeca de Fotos.photoslibrary/resources/derivatives/B/BB2A929C-FE2E-40ED-B32E-6E7666210211_1_105_c.jpeg"
    ],
    "ultima_modificacion": "2025-08-01 01:01:26.174096"
  },
  "b84a517c218140f5a9d119379aa2f1ef1105c.jpeg": {
    "app_sintetizada": "B84A517C218140F5A9D119379AA2F1EF1105C.JPEG",
    "cantidad_archivos": 1,
    "archivos_fuente": [
      "Pictures/Fototeca de Fotos.photoslibrary/resources/derivatives/B/B84A517C-2181-40F5-A9D1-19379AA2F1EF_1_105_c.jpeg"
    ],
    "ultima_modificacion": "2025-08-01 01:01:26.174811"
  },
  "b8255911e11f499c8630d1c155f5b0971105c.jpeg": {
    "app_sintetizada": "B8255911E11F499C8630D1C155F5B0971105C.JPEG",
    "cantidad_archivos": 1,
    "archivos_fuente": [
      "Pictures/Fototeca de Fotos.photoslibrary/resources/derivatives/B/B8255911-E11F-499C-8630-D1C155F5B097_1_105_c.jpeg"
    ],
    "ultima_modificacion": "2025-08-01 01:01:26.175202"
  },
  "b1f504625e74413db86f29a3373dde1d1105c.jpeg": {
    "app_sintetizada": "B1F504625E74413DB86F29A3373DDE1D1105C.JPEG",
    "cantidad_archivos": 1,
    "archivos_fuente": [
      "Pictures/Fototeca de Fotos.photoslibrary/resources/derivatives/B/B1F50462-5E74-413D-B86F-29A3373DDE1D_1_105_c.jpeg"
    ],
    "ultima_modificacion": "2025-08-01 01:01:26.175779"
  },
  "b665482a8a9e4d868a7946d6dbe6f26f1105c.jpeg": {
    "app_sintetizada": "B665482A8A9E4D868A7946D6DBE6F26F1105C.JPEG",
    "cantidad_archivos": 1,
    "archivos_fuente": [
      "Pictures/Fototeca de Fotos.photoslibrary/resources/derivatives/B/B665482A-8A9E-4D86-8A79-46D6DBE6F26F_1_105_c.jpeg"
    ],
    "ultima_modificacion": "2025-08-01 01:01:26.176511"
  },
  "b28153fb5f2e4bd297d65477a5445a421105c.jpeg": {
    "app_sintetizada": "B28153FB5F2E4BD297D65477A5445A421105C.JPEG",
    "cantidad_archivos": 1,
    "archivos_fuente": [
      "Pictures/Fototeca de Fotos.photoslibrary/resources/derivatives/B/B28153FB-5F2E-4BD2-97D6-5477A5445A42_1_105_c.jpeg"
    ],
    "ultima_modificacion": "2025-08-01 01:01:26.176887"
  },
  "b8afbc6a794b41e38197d2bbfe277a451105c.jpeg": {
    "app_sintetizada": "B8AFBC6A794B41E38197D2BBFE277A451105C.JPEG",
    "cantidad_archivos": 1,
    "archivos_fuente": [
      "Pictures/Fototeca de Fotos.photoslibrary/resources/derivatives/B/B8AFBC6A-794B-41E3-8197-D2BBFE277A45_1_105_c.jpeg"
    ],
    "ultima_modificacion": "2025-08-01 01:01:26.177282"
  },
  "b6c584b852e542eda46eb692b13f7bd81105c.jpeg": {
    "app_sintetizada": "B6C584B852E542EDA46EB692B13F7BD81105C.JPEG",
    "cantidad_archivos": 1,
    "archivos_fuente": [
      "Pictures/Fototeca de Fotos.photoslibrary/resources/derivatives/B/B6C584B8-52E5-42ED-A46E-B692B13F7BD8_1_105_c.jpeg"
    ],
    "ultima_modificacion": "2025-08-01 01:01:26.177661"
  },
  "b99fd05f208348bca14b6d9fe44ebedf1105c.jpeg": {
    "app_sintetizada": "B99FD05F208348BCA14B6D9FE44EBEDF1105C.JPEG",
    "cantidad_archivos": 1,
    "archivos_fuente": [
      "Pictures/Fototeca de Fotos.photoslibrary/resources/derivatives/B/B99FD05F-2083-48BC-A14B-6D9FE44EBEDF_1_105_c.jpeg"
    ],
    "ultima_modificacion": "2025-08-01 01:01:26.178013"
  },
  "b7dc6be047034d78b8afebd711619bab1105c.jpeg": {
    "app_sintetizada": "B7DC6BE047034D78B8AFEBD711619BAB1105C.JPEG",
    "cantidad_archivos": 1,
    "archivos_fuente": [
      "Pictures/Fototeca de Fotos.photoslibrary/resources/derivatives/B/B7DC6BE0-4703-4D78-B8AF-EBD711619BAB_1_105_c.jpeg"
    ],
    "ultima_modificacion": "2025-08-01 01:01:26.178271"
  },
  "bc43b8d510734950b492a1979015ee2f1105c.jpeg": {
    "app_sintetizada": "BC43B8D510734950B492A1979015EE2F1105C.JPEG",
    "cantidad_archivos": 1,
    "archivos_fuente": [
      "Pictures/Fototeca de Fotos.photoslibrary/resources/derivatives/B/BC43B8D5-1073-4950-B492-A1979015EE2F_1_105_c.jpeg"
    ],
    "ultima_modificacion": "2025-08-01 01:01:26.178497"
  },
  "b6237a9a6b9c48d3878b8ff896054dea1105c.jpeg": {
    "app_sintetizada": "B6237A9A6B9C48D3878B8FF896054DEA1105C.JPEG",
    "cantidad_archivos": 1,
    "archivos_fuente": [
      "Pictures/Fototeca de Fotos.photoslibrary/resources/derivatives/B/B6237A9A-6B9C-48D3-878B-8FF896054DEA_1_105_c.jpeg"
    ],
    "ultima_modificacion": "2025-08-01 01:01:26.178728"
  }
}