{
  "4bbf6aa5a8f64d28b43c45e759a400a21102o.jpeg": {
    "app_sintetizada": "4BBF6AA5A8F64D28B43C45E759A400A21102O.JPEG",
    "cantidad_archivos": 1,
    "archivos_fuente": [
      "Pictures/Fototeca de Fotos.photoslibrary/resources/derivatives/4/4BBF6AA5-A8F6-4D28-B43C-45E759A400A2_1_102_o.jpeg"
    ],
    "ultima_modificacion": "2025-08-01 01:01:22.327336"
  },
  "43c058b3bef241f982b1df886c3531311105c.jpeg": {
    "app_sintetizada": "43C058B3BEF241F982B1DF886C3531311105C.JPEG",
    "cantidad_archivos": 1,
    "archivos_fuente": [
      "Pictures/Fototeca de Fotos.photoslibrary/resources/derivatives/4/43C058B3-BEF2-41F9-82B1-DF886C353131_1_105_c.jpeg"
    ],
    "ultima_modificacion": "2025-08-01 01:01:22.327539"
  },
  "405bcf7cf9a14091b69f4b519c083bf81105c.jpeg": {
    "app_sintetizada": "405BCF7CF9A14091B69F4B519C083BF81105C.JPEG",
    "cantidad_archivos": 1,
    "archivos_fuente": [
      "Pictures/Fototeca de Fotos.photoslibrary/resources/derivatives/4/405BCF7C-F9A1-4091-B69F-4B519C083BF8_1_105_c.jpeg"
    ],
    "ultima_modificacion": "2025-08-01 01:01:22.327737"
  },
  "433edd6f50d1480dbf9e107d7ce1a3361105c.jpeg": {
    "app_sintetizada": "433EDD6F50D1480DBF9E107D7CE1A3361105C.JPEG",
    "cantidad_archivos": 1,
    "archivos_fuente": [
      "Pictures/Fototeca de Fotos.photoslibrary/resources/derivatives/4/433EDD6F-50D1-480D-BF9E-107D7CE1A336_1_105_c.jpeg"
    ],
    "ultima_modificacion": "2025-08-01 01:01:22.327939"
  },
  "4ef0fa9a3b284be9b7eac1ff20c5c7661105c.jpeg": {
    "app_sintetizada": "4EF0FA9A3B284BE9B7EAC1FF20C5C7661105C.JPEG",
    "cantidad_archivos": 1,
    "archivos_fuente": [
      "Pictures/Fototeca de Fotos.photoslibrary/resources/derivatives/4/4EF0FA9A-3B28-4BE9-B7EA-C1FF20C5C766_1_105_c.jpeg"
    ],
    "ultima_modificacion": "2025-08-01 01:01:22.328129"
  },
  "448a9422865947869083e612f0032dd31105c.jpeg": {
    "app_sintetizada": "448A9422865947869083E612F0032DD31105C.JPEG",
    "cantidad_archivos": 1,
    "archivos_fuente": [
      "Pictures/Fototeca de Fotos.photoslibrary/resources/derivatives/4/448A9422-8659-4786-9083-E612F0032DD3_1_105_c.jpeg"
    ],
    "ultima_modificacion": "2025-08-01 01:01:22.328347"
  },
  "4ae8d0d53f774152a9408e96f4fc84671105c.jpeg": {
    "app_sintetizada": "4AE8D0D53F774152A9408E96F4FC84671105C.JPEG",
    "cantidad_archivos": 1,
    "archivos_fuente": [
      "Pictures/Fototeca de Fotos.photoslibrary/resources/derivatives/4/4AE8D0D5-3F77-4152-A940-8E96F4FC8467_1_105_c.jpeg"
    ],
    "ultima_modificacion": "2025-08-01 01:01:22.328537"
  },
  "4c5916d51a134e39a40b7d61040842cc1105c.jpeg": {
    "app_sintetizada": "4C5916D51A134E39A40B7D61040842CC1105C.JPEG",
    "cantidad_archivos": 1,
    "archivos_fuente": [
      "Pictures/Fototeca de Fotos.photoslibrary/resources/derivatives/4/4C5916D5-1A13-4E39-A40B-7D61040842CC_1_105_c.jpeg"
    ],
    "ultima_modificacion": "2025-08-01 01:01:22.328731"
  },
  "424f4e5eb2224516ba29983efdfcb2811105c.jpeg": {
    "app_sintetizada": "424F4E5EB2224516BA29983EFDFCB2811105C.JPEG",
    "cantidad_archivos": 1,
    "archivos_fuente": [
      "Pictures/Fototeca de Fotos.photoslibrary/resources/derivatives/4/424F4E5E-B222-4516-BA29-983EFDFCB281_1_105_c.jpeg"
    ],
    "ultima_modificacion": "2025-08-01 01:01:22.328982"
  },
  "4fd61b0c406a4f7c840dcd970de6e9c01105c.jpeg": {
    "app_sintetizada": "4FD61B0C406A4F7C840DCD970DE6E9C01105C.JPEG",
    "cantidad_archivos": 1,
    "archivos_fuente": [
      "Pictures/Fototeca de Fotos.photoslibrary/resources/derivatives/4/4FD61B0C-406A-4F7C-840D-CD970DE6E9C0_1_105_c.jpeg"
    ],
    "ultima_modificacion": "2025-08-01 01:01:22.329308"
  },
  "42f2107003ae4256b68b7815ba03805e1105c.jpeg": {
    "app_sintetizada": "42F2107003AE4256B68B7815BA03805E1105C.JPEG",
    "cantidad_archivos": 1,
    "archivos_fuente": [
      "Pictures/Fototeca de Fotos.photoslibrary/resources/derivatives/4/42F21070-03AE-4256-B68B-7815BA03805E_1_105_c.jpeg"
    ],
    "ultima_modificacion": "2025-08-01 01:01:22.329638"
  },
  "4d70b0fcb8e14d2388789330c457c0881105c.jpeg": {
    "app_sintetizada": "4D70B0FCB8E14D2388789330C457C0881105C.JPEG",
    "cantidad_archivos": 1,
    "archivos_fuente": [
      "Pictures/Fototeca de Fotos.photoslibrary/resources/derivatives/4/4D70B0FC-B8E1-4D23-8878-9330C457C088_1_105_c.jpeg"
    ],
    "ultima_modificacion": "2025-08-01 01:01:22.329900"
  },
  "4827d7072a344f049f27fbc68cfaa2581105c.jpeg": {
    "app_sintetizada": "4827D7072A344F049F27FBC68CFAA2581105C.JPEG",
    "cantidad_archivos": 1,
    "archivos_fuente": [
      "Pictures/Fototeca de Fotos.photoslibrary/resources/derivatives/4/4827D707-2A34-4F04-9F27-FBC68CFAA258_1_105_c.jpeg"
    ],
    "ultima_modificacion": "2025-08-01 01:01:22.330134"
  },
  "4903a5833f264336a8c3e139c8c656b21105c.jpeg": {
    "app_sintetizada": "4903A5833F264336A8C3E139C8C656B21105C.JPEG",
    "cantidad_archivos": 1,
    "archivos_fuente": [
      "Pictures/Fototeca de Fotos.photoslibrary/resources/derivatives/4/4903A583-3F26-4336-A8C3-E139C8C656B2_1_105_c.jpeg"
    ],
    "ultima_modificacion": "2025-08-01 01:01:22.330386"
  },
  "4b5cfa55b9624135815dab90cc2dc2191105c.jpeg": {
    "app_sintetizada": "4B5CFA55B9624135815DAB90CC2DC2191105C.JPEG",
    "cantidad_archivos": 1,
    "archivos_fuente": [
      "Pictures/Fototeca de Fotos.photoslibrary/resources/derivatives/4/4B5CFA55-B962-4135-815D-AB90CC2DC219_1_105_c.jpeg"
    ],
    "ultima_modificacion": "2025-08-01 01:01:22.330641"
  },
  "4ed97d50ff1840299fdf58c5de64e3cb1105c.jpeg": {
    "app_sintetizada": "4ED97D50FF1840299FDF58C5DE64E3CB1105C.JPEG",
    "cantidad_archivos": 1,
    "archivos_fuente": [
      "Pictures/Fototeca de Fotos.photoslibrary/resources/derivatives/4/4ED97D50-FF18-4029-9FDF-58C5DE64E3CB_1_105_c.jpeg"
    ],
    "ultima_modificacion": "2025-08-01 01:01:22.330973"
  },
  "4be0d1071f214428a13173088f4370831105c.jpeg": {
    "app_sintetizada": "4BE0D1071F214428A13173088F4370831105C.JPEG",
    "cantidad_archivos": 1,
    "archivos_fuente": [
      "Pictures/Fototeca de Fotos.photoslibrary/resources/derivatives/4/4BE0D107-1F21-4428-A131-73088F437083_1_105_c.jpeg"
    ],
    "ultima_modificacion": "2025-08-01 01:01:22.331201"
  },
  "470cf177c73a4a10926241641e601c651105c.jpeg": {
    "app_sintetizada": "470CF177C73A4A10926241641E601C651105C.JPEG",
    "cantidad_archivos": 1,
    "archivos_fuente": [
      "Pictures/Fototeca de Fotos.photoslibrary/resources/derivatives/4/470CF177-C73A-4A10-9262-41641E601C65_1_105_c.jpeg"
    ],
    "ultima_modificacion": "2025-08-01 01:01:22.331411"
  },
  "40b18cbc2d1245e2bd8cdfb56ecc7e751105c.jpeg": {
    "app_sintetizada": "40B18CBC2D1245E2BD8CDFB56ECC7E751105C.JPEG",
    "cantidad_archivos": 1,
    "archivos_fuente": [
      "Pictures/Fototeca de Fotos.photoslibrary/resources/derivatives/4/40B18CBC-2D12-45E2-BD8C-DFB56ECC7E75_1_105_c.jpeg"
    ],
    "ultima_modificacion": "2025-08-01 01:01:22.331609"
  },
  "40133b3e86c34e3f8581703c08fd794f1105c.jpeg": {
    "app_sintetizada": "40133B3E86C34E3F8581703C08FD794F1105C.JPEG",
    "cantidad_archivos": 1,
    "archivos_fuente": [
      "Pictures/Fototeca de Fotos.photoslibrary/resources/derivatives/4/40133B3E-86C3-4E3F-8581-703C08FD794F_1_105_c.jpeg"
    ],
    "ultima_modificacion": "2025-08-01 01:01:22.331812"
  },
  "486766fb33cb4b1db6fb185d875721f71105c.jpeg": {
    "app_sintetizada": "486766FB33CB4B1DB6FB185D875721F71105C.JPEG",
    "cantidad_archivos": 1,
    "archivos_fuente": [
      "Pictures/Fototeca de Fotos.photoslibrary/resources/derivatives/4/486766FB-33CB-4B1D-B6FB-185D875721F7_1_105_c.jpeg"
    ],
    "ultima_modificacion": "2025-08-01 01:01:22.332004"
  },
  "42b9b84563084975a0f0ee75ab0dc6e31105c.jpeg": {
    "app_sintetizada": "42B9B84563084975A0F0EE75AB0DC6E31105C.JPEG",
    "cantidad_archivos": 1,
    "archivos_fuente": [
      "Pictures/Fototeca de Fotos.photoslibrary/resources/derivatives/4/42B9B845-6308-4975-A0F0-EE75AB0DC6E3_1_105_c.jpeg"
    ],
    "ultima_modificacion": "2025-08-01 01:01:22.332196"
  },
  "47613137400148efb9cfdc16dedf84c11105c.jpeg": {
    "app_sintetizada": "47613137400148EFB9CFDC16DEDF84C11105C.JPEG",
    "cantidad_archivos": 1,
    "archivos_fuente": [
      "Pictures/Fototeca de Fotos.photoslibrary/resources/derivatives/4/47613137-4001-48EF-B9CF-DC16DEDF84C1_1_105_c.jpeg"
    ],
    "ultima_modificacion": "2025-08-01 01:01:22.332386"
  },
  "4126c5b463c148238f6595011abada841105c.jpeg": {
    "app_sintetizada": "4126C5B463C148238F6595011ABADA841105C.JPEG",
    "cantidad_archivos": 1,
    "archivos_fuente": [
      "Pictures/Fototeca de Fotos.photoslibrary/resources/derivatives/4/4126C5B4-63C1-4823-8F65-95011ABADA84_1_105_c.jpeg"
    ],
    "ultima_modificacion": "2025-08-01 01:01:22.332579"
  },
  "47de0ef220634b4fa803a1aeef36522b.thm": {
    "app_sintetizada": "47DE0EF220634B4FA803A1AEEF36522B.THM",
    "cantidad_archivos": 1,
    "archivos_fuente": [
      "Pictures/Fototeca de Fotos.photoslibrary/resources/derivatives/4/47DE0EF2-2063-4B4F-A803-A1AEEF36522B.THM"
    ],
    "ultima_modificacion": "2025-08-01 01:01:22.332782"
  },
  "44c7311ae6b84ca880f82210ceb6f4c9.thm": {
    "app_sintetizada": "44C7311AE6B84CA880F82210CEB6F4C9.THM",
    "cantidad_archivos": 1,
    "archivos_fuente": [
      "Pictures/Fototeca de Fotos.photoslibrary/resources/derivatives/4/44C7311A-E6B8-4CA8-80F8-2210CEB6F4C9.THM"
    ],
    "ultima_modificacion": "2025-08-01 01:01:22.333046"
  },
  "4768a001e8c149bd9a7f1648548ad1591105c.jpeg": {
    "app_sintetizada": "4768A001E8C149BD9A7F1648548AD1591105C.JPEG",
    "cantidad_archivos": 1,
    "archivos_fuente": [
      "Pictures/Fototeca de Fotos.photoslibrary/resources/derivatives/4/4768A001-E8C1-49BD-9A7F-1648548AD159_1_105_c.jpeg"
    ],
    "ultima_modificacion": "2025-08-01 01:01:22.333337"
  },
  "4dec96d3b99345408178296603d695831105c.jpeg": {
    "app_sintetizada": "4DEC96D3B99345408178296603D695831105C.JPEG",
    "cantidad_archivos": 1,
    "archivos_fuente": [
      "Pictures/Fototeca de Fotos.photoslibrary/resources/derivatives/4/4DEC96D3-B993-4540-8178-296603D69583_1_105_c.jpeg"
    ],
    "ultima_modificacion": "2025-08-01 01:01:22.333648"
  },
  "4d76351832314ea2b2e9d3e5c4a96a7e1105c.jpeg": {
    "app_sintetizada": "4D76351832314EA2B2E9D3E5C4A96A7E1105C.JPEG",
    "cantidad_archivos": 1,
    "archivos_fuente": [
      "Pictures/Fototeca de Fotos.photoslibrary/resources/derivatives/4/4D763518-3231-4EA2-B2E9-D3E5C4A96A7E_1_105_c.jpeg"
    ],
    "ultima_modificacion": "2025-08-01 01:01:22.333922"
  },
  "4d2dc96d9fc94d0b86648e2dca9302c11105c.jpeg": {
    "app_sintetizada": "4D2DC96D9FC94D0B86648E2DCA9302C11105C.JPEG",
    "cantidad_archivos": 1,
    "archivos_fuente": [
      "Pictures/Fototeca de Fotos.photoslibrary/resources/derivatives/4/4D2DC96D-9FC9-4D0B-8664-8E2DCA9302C1_1_105_c.jpeg"
    ],
    "ultima_modificacion": "2025-08-01 01:01:22.334254"
  },
  "45e00c3df7ce42198d09a1c29f7b8c121105c.jpeg": {
    "app_sintetizada": "45E00C3DF7CE42198D09A1C29F7B8C121105C.JPEG",
    "cantidad_archivos": 1,
    "archivos_fuente": [
      "Pictures/Fototeca de Fotos.photoslibrary/resources/derivatives/4/45E00C3D-F7CE-4219-8D09-A1C29F7B8C12_1_105_c.jpeg"
    ],
    "ultima_modificacion": "2025-08-01 01:01:22.334501"
  },
  "4f11202657114a349b73eef2a2cd20321105c.jpeg": {
    "app_sintetizada": "4F11202657114A349B73EEF2A2CD20321105C.JPEG",
    "cantidad_archivos": 1,
    "archivos_fuente": [
      "Pictures/Fototeca de Fotos.photoslibrary/resources/derivatives/4/4F112026-5711-4A34-9B73-EEF2A2CD2032_1_105_c.jpeg"
    ],
    "ultima_modificacion": "2025-08-01 01:01:22.334752"
  },
  "4d84f02939a343739b1a92f84bc56edb1105c.jpeg": {
    "app_sintetizada": "4D84F02939A343739B1A92F84BC56EDB1105C.JPEG",
    "cantidad_archivos": 1,
    "archivos_fuente": [
      "Pictures/Fototeca de Fotos.photoslibrary/resources/derivatives/4/4D84F029-39A3-4373-9B1A-92F84BC56EDB_1_105_c.jpeg"
    ],
    "ultima_modificacion": "2025-08-01 01:01:22.334997"
  },
  "43e39fc221b145bb99b86375143965b61105c.jpeg": {
    "app_sintetizada": "43E39FC221B145BB99B86375143965B61105C.JPEG",
    "cantidad_archivos": 1,
    "archivos_fuente": [
      "Pictures/Fototeca de Fotos.photoslibrary/resources/derivatives/4/43E39FC2-21B1-45BB-99B8-6375143965B6_1_105_c.jpeg"
    ],
    "ultima_modificacion": "2025-08-01 01:01:22.335341"
  },
  "419503615f3e4132b9865146f8f1d4271105c.jpeg": {
    "app_sintetizada": "419503615F3E4132B9865146F8F1D4271105C.JPEG",
    "cantidad_archivos": 1,
    "archivos_fuente": [
      "Pictures/Fototeca de Fotos.photoslibrary/resources/derivatives/4/41950361-5F3E-4132-B986-5146F8F1D427_1_105_c.jpeg"
    ],
    "ultima_modificacion": "2025-08-01 01:01:22.335645"
  },
  "44c3acaa279742fb89512c2e34d58ae31105c.jpeg": {
    "app_sintetizada": "44C3ACAA279742FB89512C2E34D58AE31105C.JPEG",
    "cantidad_archivos": 1,
    "archivos_fuente": [
      "Pictures/Fototeca de Fotos.photoslibrary/resources/derivatives/4/44C3ACAA-2797-42FB-8951-2C2E34D58AE3_1_105_c.jpeg"
    ],
    "ultima_modificacion": "2025-08-01 01:01:22.335894"
  },
  "490d215ee5064cc09429d30d501f92471105c.jpeg": {
    "app_sintetizada": "490D215EE5064CC09429D30D501F92471105C.JPEG",
    "cantidad_archivos": 1,
    "archivos_fuente": [
      "Pictures/Fototeca de Fotos.photoslibrary/resources/derivatives/4/490D215E-E506-4CC0-9429-D30D501F9247_1_105_c.jpeg"
    ],
    "ultima_modificacion": "2025-08-01 01:01:22.336221"
  },
  "4f37461f09c54443b6aa09d664e6287f1105c.jpeg": {
    "app_sintetizada": "4F37461F09C54443B6AA09D664E6287F1105C.JPEG",
    "cantidad_archivos": 1,
    "archivos_fuente": [
      "Pictures/Fototeca de Fotos.photoslibrary/resources/derivatives/4/4F37461F-09C5-4443-B6AA-09D664E6287F_1_105_c.jpeg"
    ],
    "ultima_modificacion": "2025-08-01 01:01:22.336567"
  },
  "4a807d5c2f1840a9a0838382b0aabc321105c.jpeg": {
    "app_sintetizada": "4A807D5C2F1840A9A0838382B0AABC321105C.JPEG",
    "cantidad_archivos": 1,
    "archivos_fuente": [
      "Pictures/Fototeca de Fotos.photoslibrary/resources/derivatives/4/4A807D5C-2F18-40A9-A083-8382B0AABC32_1_105_c.jpeg"
    ],
    "ultima_modificacion": "2025-08-01 01:01:22.336882"
  },
  "42ae47ca7a0244a496a8534e8ca6fa5e1105c.jpeg": {
    "app_sintetizada": "42AE47CA7A0244A496A8534E8CA6FA5E1105C.JPEG",
    "cantidad_archivos": 1,
    "archivos_fuente": [
      "Pictures/Fototeca de Fotos.photoslibrary/resources/derivatives/4/42AE47CA-7A02-44A4-96A8-534E8CA6FA5E_1_105_c.jpeg"
    ],
    "ultima_modificacion": "2025-08-01 01:01:22.337177"
  },
  "496a8f9a930c4c9891019f9672fcb1061105c.jpeg": {
    "app_sintetizada": "496A8F9A930C4C9891019F9672FCB1061105C.JPEG",
    "cantidad_archivos": 1,
    "archivos_fuente": [
      "Pictures/Fototeca de Fotos.photoslibrary/resources/derivatives/4/496A8F9A-930C-4C98-9101-9F9672FCB106_1_105_c.jpeg"
    ],
    "ultima_modificacion": "2025-08-01 01:01:22.337611"
  },
  "4a429d0241ae4a868f50128b43beb39d1105c.jpeg": {
    "app_sintetizada": "4A429D0241AE4A868F50128B43BEB39D1105C.JPEG",
    "cantidad_archivos": 1,
    "archivos_fuente": [
      "Pictures/Fototeca de Fotos.photoslibrary/resources/derivatives/4/4A429D02-41AE-4A86-8F50-128B43BEB39D_1_105_c.jpeg"
    ],
    "ultima_modificacion": "2025-08-01 01:01:22.338060"
  },
  "4499b54c20c04c84b431d7a61b6edac61105c.jpeg": {
    "app_sintetizada": "4499B54C20C04C84B431D7A61B6EDAC61105C.JPEG",
    "cantidad_archivos": 1,
    "archivos_fuente": [
      "Pictures/Fototeca de Fotos.photoslibrary/resources/derivatives/4/4499B54C-20C0-4C84-B431-D7A61B6EDAC6_1_105_c.jpeg"
    ],
    "ultima_modificacion": "2025-08-01 01:01:22.338415"
  },
  "4106ed6d1c3a4eb386b6611347c5f8731105c.jpeg": {
    "app_sintetizada": "4106ED6D1C3A4EB386B6611347C5F8731105C.JPEG",
    "cantidad_archivos": 1,
    "archivos_fuente": [
      "Pictures/Fototeca de Fotos.photoslibrary/resources/derivatives/4/4106ED6D-1C3A-4EB3-86B6-611347C5F873_1_105_c.jpeg"
    ],
    "ultima_modificacion": "2025-08-01 01:01:22.338746"
  },
  "467e4cfedd814a6ea83430e5c2149e98.thm": {
    "app_sintetizada": "467E4CFEDD814A6EA83430E5C2149E98.THM",
    "cantidad_archivos": 1,
    "archivos_fuente": [
      "Pictures/Fototeca de Fotos.photoslibrary/resources/derivatives/4/467E4CFE-DD81-4A6E-A834-30E5C2149E98.THM"
    ],
    "ultima_modificacion": "2025-08-01 01:01:22.339064"
  },
  "4efa1ce3f5754adf888461f2140c48691105c.jpeg": {
    "app_sintetizada": "4EFA1CE3F5754ADF888461F2140C48691105C.JPEG",
    "cantidad_archivos": 1,
    "archivos_fuente": [
      "Pictures/Fototeca de Fotos.photoslibrary/resources/derivatives/4/4EFA1CE3-F575-4ADF-8884-61F2140C4869_1_105_c.jpeg"
    ],
    "ultima_modificacion": "2025-08-01 01:01:22.339353"
  },
  "4a0e8097af8c4055ba4e467f476976dd.thm": {
    "app_sintetizada": "4A0E8097AF8C4055BA4E467F476976DD.THM",
    "cantidad_archivos": 1,
    "archivos_fuente": [
      "Pictures/Fototeca de Fotos.photoslibrary/resources/derivatives/4/4A0E8097-AF8C-4055-BA4E-467F476976DD.THM"
    ],
    "ultima_modificacion": "2025-08-01 01:01:22.339837"
  },
  "41122016f7454f1d8f1518e94494d0391105c.jpeg": {
    "app_sintetizada": "41122016F7454F1D8F1518E94494D0391105C.JPEG",
    "cantidad_archivos": 1,
    "archivos_fuente": [
      "Pictures/Fototeca de Fotos.photoslibrary/resources/derivatives/4/41122016-F745-4F1D-8F15-18E94494D039_1_105_c.jpeg"
    ],
    "ultima_modificacion": "2025-08-01 01:01:22.341538"
  },
  "40fcd9c640e9489dad86ff4ff9ca4538.thm": {
    "app_sintetizada": "40FCD9C640E9489DAD86FF4FF9CA4538.THM",
    "cantidad_archivos": 1,
    "archivos_fuente": [
      "Pictures/Fototeca de Fotos.photoslibrary/resources/derivatives/4/40FCD9C6-40E9-489D-AD86-FF4FF9CA4538.THM"
    ],
    "ultima_modificacion": "2025-08-01 01:01:22.342031"
  },
  "4c7e7a8af5354d739b1834e87be2fe3f1105c.jpeg": {
    "app_sintetizada": "4C7E7A8AF5354D739B1834E87BE2FE3F1105C.JPEG",
    "cantidad_archivos": 1,
    "archivos_fuente": [
      "Pictures/Fototeca de Fotos.photoslibrary/resources/derivatives/4/4C7E7A8A-F535-4D73-9B18-34E87BE2FE3F_1_105_c.jpeg"
    ],
    "ultima_modificacion": "2025-08-01 01:01:22.342410"
  },
  "4f2ef46ad7ba4320909fe343a5b6bc541105c.jpeg": {
    "app_sintetizada": "4F2EF46AD7BA4320909FE343A5B6BC541105C.JPEG",
    "cantidad_archivos": 1,
    "archivos_fuente": [
      "Pictures/Fototeca de Fotos.photoslibrary/resources/derivatives/4/4F2EF46A-D7BA-4320-909F-E343A5B6BC54_1_105_c.jpeg"
    ],
    "ultima_modificacion": "2025-08-01 01:01:22.342733"
  },
  "49202f37a4074ddcbefbfaaf9fa9fea01105c.jpeg": {
    "app_sintetizada": "49202F37A4074DDCBEFBFAAF9FA9FEA01105C.JPEG",
    "cantidad_archivos": 1,
    "archivos_fuente": [
      "Pictures/Fototeca de Fotos.photoslibrary/resources/derivatives/4/49202F37-A407-4DDC-BEFB-FAAF9FA9FEA0_1_105_c.jpeg"
    ],
    "ultima_modificacion": "2025-08-01 01:01:22.343030"
  },
  "42cf39e0b6ff420c9ee02db09debb21f1105c.jpeg": {
    "app_sintetizada": "42CF39E0B6FF420C9EE02DB09DEBB21F1105C.JPEG",
    "cantidad_archivos": 1,
    "archivos_fuente": [
      "Pictures/Fototeca de Fotos.photoslibrary/resources/derivatives/4/42CF39E0-B6FF-420C-9EE0-2DB09DEBB21F_1_105_c.jpeg"
    ],
    "ultima_modificacion": "2025-08-01 01:01:22.343320"
  },
  "4fa2accb952248d6a733a7129e8dcd111105c.jpeg": {
    "app_sintetizada": "4FA2ACCB952248D6A733A7129E8DCD111105C.JPEG",
    "cantidad_archivos": 1,
    "archivos_fuente": [
      "Pictures/Fototeca de Fotos.photoslibrary/resources/derivatives/4/4FA2ACCB-9522-48D6-A733-A7129E8DCD11_1_105_c.jpeg"
    ],
    "ultima_modificacion": "2025-08-01 01:01:22.343669"
  },
  "43f90c3cee8344a99dc490362c432f981105c.jpeg": {
    "app_sintetizada": "43F90C3CEE8344A99DC490362C432F981105C.JPEG",
    "cantidad_archivos": 1,
    "archivos_fuente": [
      "Pictures/Fototeca de Fotos.photoslibrary/resources/derivatives/4/43F90C3C-EE83-44A9-9DC4-90362C432F98_1_105_c.jpeg"
    ],
    "ultima_modificacion": "2025-08-01 01:01:22.343975"
  },
  "4a7f1b58318c4a81859b6853e71974e81105c.jpeg": {
    "app_sintetizada": "4A7F1B58318C4A81859B6853E71974E81105C.JPEG",
    "cantidad_archivos": 1,
    "archivos_fuente": [
      "Pictures/Fototeca de Fotos.photoslibrary/resources/derivatives/4/4A7F1B58-318C-4A81-859B-6853E71974E8_1_105_c.jpeg"
    ],
    "ultima_modificacion": "2025-08-01 01:01:22.344303"
  },
  "47668310090c4d66a0f7d8e61c98afbf1105c.jpeg": {
    "app_sintetizada": "47668310090C4D66A0F7D8E61C98AFBF1105C.JPEG",
    "cantidad_archivos": 1,
    "archivos_fuente": [
      "Pictures/Fototeca de Fotos.photoslibrary/resources/derivatives/4/47668310-090C-4D66-A0F7-D8E61C98AFBF_1_105_c.jpeg"
    ],
    "ultima_modificacion": "2025-08-01 01:01:22.344621"
  },
  "4ca5ddffb3844e529a938bf4013292dd1105c.jpeg": {
    "app_sintetizada": "4CA5DDFFB3844E529A938BF4013292DD1105C.JPEG",
    "cantidad_archivos": 1,
    "archivos_fuente": [
      "Pictures/Fototeca de Fotos.photoslibrary/resources/derivatives/4/4CA5DDFF-B384-4E52-9A93-8BF4013292DD_1_105_c.jpeg"
    ],
    "ultima_modificacion": "2025-08-01 01:01:22.344892"
  },
  "41c2862f3590434182881b68488b99211102o.jpeg": {
    "app_sintetizada": "41C2862F3590434182881B68488B99211102O.JPEG",
    "cantidad_archivos": 1,
    "archivos_fuente": [
      "Pictures/Fototeca de Fotos.photoslibrary/resources/derivatives/4/41C2862F-3590-4341-8288-1B68488B9921_1_102_o.jpeg"
    ],
    "ultima_modificacion": "2025-08-01 01:01:22.345185"
  },
  "4ee68cb4a53e4083bfcd8ebc9fc10fd21105c.jpeg": {
    "app_sintetizada": "4EE68CB4A53E4083BFCD8EBC9FC10FD21105C.JPEG",
    "cantidad_archivos": 1,
    "archivos_fuente": [
      "Pictures/Fototeca de Fotos.photoslibrary/resources/derivatives/4/4EE68CB4-A53E-4083-BFCD-8EBC9FC10FD2_1_105_c.jpeg"
    ],
    "ultima_modificacion": "2025-08-01 01:01:22.345530"
  },
  "498e28afb7b846c482d8affc3b7d2fa91105c.jpeg": {
    "app_sintetizada": "498E28AFB7B846C482D8AFFC3B7D2FA91105C.JPEG",
    "cantidad_archivos": 1,
    "archivos_fuente": [
      "Pictures/Fototeca de Fotos.photoslibrary/resources/derivatives/4/498E28AF-B7B8-46C4-82D8-AFFC3B7D2FA9_1_105_c.jpeg"
    ],
    "ultima_modificacion": "2025-08-01 01:01:22.345903"
  },
  "49dd6f283be54648aa32567986c2e49e1102o.jpeg": {
    "app_sintetizada": "49DD6F283BE54648AA32567986C2E49E1102O.JPEG",
    "cantidad_archivos": 1,
    "archivos_fuente": [
      "Pictures/Fototeca de Fotos.photoslibrary/resources/derivatives/4/49DD6F28-3BE5-4648-AA32-567986C2E49E_1_102_o.jpeg"
    ],
    "ultima_modificacion": "2025-08-01 01:01:22.346228"
  },
  "478c965f5c104ec299bf42a6056c88441105c.jpeg": {
    "app_sintetizada": "478C965F5C104EC299BF42A6056C88441105C.JPEG",
    "cantidad_archivos": 1,
    "archivos_fuente": [
      "Pictures/Fototeca de Fotos.photoslibrary/resources/derivatives/4/478C965F-5C10-4EC2-99BF-42A6056C8844_1_105_c.jpeg"
    ],
    "ultima_modificacion": "2025-08-01 01:01:22.346549"
  },
  "43861621507c4e81933951d40000086f.thm": {
    "app_sintetizada": "43861621507C4E81933951D40000086F.THM",
    "cantidad_archivos": 1,
    "archivos_fuente": [
      "Pictures/Fototeca de Fotos.photoslibrary/resources/derivatives/4/43861621-507C-4E81-9339-51D40000086F.THM"
    ],
    "ultima_modificacion": "2025-08-01 01:01:22.346905"
  },
  "462f91be0eaf4995af12eea01e047a0b1105c.jpeg": {
    "app_sintetizada": "462F91BE0EAF4995AF12EEA01E047A0B1105C.JPEG",
    "cantidad_archivos": 1,
    "archivos_fuente": [
      "Pictures/Fototeca de Fotos.photoslibrary/resources/derivatives/4/462F91BE-0EAF-4995-AF12-EEA01E047A0B_1_105_c.jpeg"
    ],
    "ultima_modificacion": "2025-08-01 01:01:22.367624"
  },
  "45c35a846e0d401289331027f7ff778c.thm": {
    "app_sintetizada": "45C35A846E0D401289331027F7FF778C.THM",
    "cantidad_archivos": 1,
    "archivos_fuente": [
      "Pictures/Fototeca de Fotos.photoslibrary/resources/derivatives/4/45C35A84-6E0D-4012-8933-1027F7FF778C.THM"
    ],
    "ultima_modificacion": "2025-08-01 01:01:22.368114"
  },
  "47adc15f060e4290b7edf41d3a81667b1105c.jpeg": {
    "app_sintetizada": "47ADC15F060E4290B7EDF41D3A81667B1105C.JPEG",
    "cantidad_archivos": 1,
    "archivos_fuente": [
      "Pictures/Fototeca de Fotos.photoslibrary/resources/derivatives/4/47ADC15F-060E-4290-B7ED-F41D3A81667B_1_105_c.jpeg"
    ],
    "ultima_modificacion": "2025-08-01 01:01:22.368416"
  },
  "4e8a5b9a14c8401ab28b345bdfcdee2f1105c.jpeg": {
    "app_sintetizada": "4E8A5B9A14C8401AB28B345BDFCDEE2F1105C.JPEG",
    "cantidad_archivos": 1,
    "archivos_fuente": [
      "Pictures/Fototeca de Fotos.photoslibrary/resources/derivatives/4/4E8A5B9A-14C8-401A-B28B-345BDFCDEE2F_1_105_c.jpeg"
    ],
    "ultima_modificacion": "2025-08-01 01:01:22.368862"
  },
  "4dd24f14a602401a8543a7b376c62d241105c.jpeg": {
    "app_sintetizada": "4DD24F14A602401A8543A7B376C62D241105C.JPEG",
    "cantidad_archivos": 1,
    "archivos_fuente": [
      "Pictures/Fototeca de Fotos.photoslibrary/resources/derivatives/4/4DD24F14-A602-401A-8543-A7B376C62D24_1_105_c.jpeg"
    ],
    "ultima_modificacion": "2025-08-01 01:01:22.369340"
  },
  "4672aa9b73fe4c7b9969ae7e4021918a1105c.jpeg": {
    "app_sintetizada": "4672AA9B73FE4C7B9969AE7E4021918A1105C.JPEG",
    "cantidad_archivos": 1,
    "archivos_fuente": [
      "Pictures/Fototeca de Fotos.photoslibrary/resources/derivatives/4/4672AA9B-73FE-4C7B-9969-AE7E4021918A_1_105_c.jpeg"
    ],
    "ultima_modificacion": "2025-08-01 01:01:22.369678"
  },
  "4e5c07e57a2240178239d8aad4f3140f1105c.jpeg": {
    "app_sintetizada": "4E5C07E57A2240178239D8AAD4F3140F1105C.JPEG",
    "cantidad_archivos": 1,
    "archivos_fuente": [
      "Pictures/Fototeca de Fotos.photoslibrary/resources/derivatives/4/4E5C07E5-7A22-4017-8239-D8AAD4F3140F_1_105_c.jpeg"
    ],
    "ultima_modificacion": "2025-08-01 01:01:22.370125"
  },
  "4ff280a6f369483aa9962668b86add251100o.jpeg": {
    "app_sintetizada": "4FF280A6F369483AA9962668B86ADD251100O.JPEG",
    "cantidad_archivos": 1,
    "archivos_fuente": [
      "Pictures/Fototeca de Fotos.photoslibrary/resources/derivatives/4/4FF280A6-F369-483A-A996-2668B86ADD25_1_100_o.jpeg"
    ],
    "ultima_modificacion": "2025-08-01 01:01:22.371922"
  },
  "4966f9f7a2c5428d99c8809ed190b33a1105c.jpeg": {
    "app_sintetizada": "4966F9F7A2C5428D99C8809ED190B33A1105C.JPEG",
    "cantidad_archivos": 1,
    "archivos_fuente": [
      "Pictures/Fototeca de Fotos.photoslibrary/resources/derivatives/4/4966F9F7-A2C5-428D-99C8-809ED190B33A_1_105_c.jpeg"
    ],
    "ultima_modificacion": "2025-08-01 01:01:22.374965"
  },
  "4fe23b53ab54432ca54faad1bb62f5b91105c.jpeg": {
    "app_sintetizada": "4FE23B53AB54432CA54FAAD1BB62F5B91105C.JPEG",
    "cantidad_archivos": 1,
    "archivos_fuente": [
      "Pictures/Fototeca de Fotos.photoslibrary/resources/derivatives/4/4FE23B53-AB54-432C-A54F-AAD1BB62F5B9_1_105_c.jpeg"
    ],
    "ultima_modificacion": "2025-08-01 01:01:22.375580"
  },
  "4f352f5f00464166bbdfb721710566271105c.jpeg": {
    "app_sintetizada": "4F352F5F00464166BBDFB721710566271105C.JPEG",
    "cantidad_archivos": 1,
    "archivos_fuente": [
      "Pictures/Fototeca de Fotos.photoslibrary/resources/derivatives/4/4F352F5F-0046-4166-BBDF-B72171056627_1_105_c.jpeg"
    ],
    "ultima_modificacion": "2025-08-01 01:01:22.376009"
  },
  "436e4a04e1cb4839be59831af85856641105c.jpeg": {
    "app_sintetizada": "436E4A04E1CB4839BE59831AF85856641105C.JPEG",
    "cantidad_archivos": 1,
    "archivos_fuente": [
      "Pictures/Fototeca de Fotos.photoslibrary/resources/derivatives/4/436E4A04-E1CB-4839-BE59-831AF8585664_1_105_c.jpeg"
    ],
    "ultima_modificacion": "2025-08-01 01:01:22.376402"
  },
  "4859e1c65d524383a7991b428517a0f81105c.jpeg": {
    "app_sintetizada": "4859E1C65D524383A7991B428517A0F81105C.JPEG",
    "cantidad_archivos": 1,
    "archivos_fuente": [
      "Pictures/Fototeca de Fotos.photoslibrary/resources/derivatives/4/4859E1C6-5D52-4383-A799-1B428517A0F8_1_105_c.jpeg"
    ],
    "ultima_modificacion": "2025-08-01 01:01:22.376754"
  },
  "4fc9b7ace25344178579c4fd698fe9091105c.jpeg": {
    "app_sintetizada": "4FC9B7ACE25344178579C4FD698FE9091105C.JPEG",
    "cantidad_archivos": 1,
    "archivos_fuente": [
      "Pictures/Fototeca de Fotos.photoslibrary/resources/derivatives/4/4FC9B7AC-E253-4417-8579-C4FD698FE909_1_105_c.jpeg"
    ],
    "ultima_modificacion": "2025-08-01 01:01:22.377021"
  },
  "423a6ce89dab47b9808427008f8f269e1105c.jpeg": {
    "app_sintetizada": "423A6CE89DAB47B9808427008F8F269E1105C.JPEG",
    "cantidad_archivos": 1,
    "archivos_fuente": [
      "Pictures/Fototeca de Fotos.photoslibrary/resources/derivatives/4/423A6CE8-9DAB-47B9-8084-27008F8F269E_1_105_c.jpeg"
    ],
    "ultima_modificacion": "2025-08-01 01:01:22.377338"
  },
  "42b2a662c1e44cb6b3e030229b96ff561105c.jpeg": {
    "app_sintetizada": "42B2A662C1E44CB6B3E030229B96FF561105C.JPEG",
    "cantidad_archivos": 1,
    "archivos_fuente": [
      "Pictures/Fototeca de Fotos.photoslibrary/resources/derivatives/4/42B2A662-C1E4-4CB6-B3E0-30229B96FF56_1_105_c.jpeg"
    ],
    "ultima_modificacion": "2025-08-01 01:01:22.378552"
  },
  "4689bee912ef4f4aa208c7a0f7cef3371105c.jpeg": {
    "app_sintetizada": "4689BEE912EF4F4AA208C7A0F7CEF3371105C.JPEG",
    "cantidad_archivos": 1,
    "archivos_fuente": [
      "Pictures/Fototeca de Fotos.photoslibrary/resources/derivatives/4/4689BEE9-12EF-4F4A-A208-C7A0F7CEF337_1_105_c.jpeg"
    ],
    "ultima_modificacion": "2025-08-01 01:01:22.380870"
  },
  "4e01b8706dd8486bb3170ae62b4a65d21100o.jpeg": {
    "app_sintetizada": "4E01B8706DD8486BB3170AE62B4A65D21100O.JPEG",
    "cantidad_archivos": 1,
    "archivos_fuente": [
      "Pictures/Fototeca de Fotos.photoslibrary/resources/derivatives/4/4E01B870-6DD8-486B-B317-0AE62B4A65D2_1_100_o.jpeg"
    ],
    "ultima_modificacion": "2025-08-01 01:01:22.382661"
  },
  "48af9111d61d4b9c99859d1b18d6b1021105c.jpeg": {
    "app_sintetizada": "48AF9111D61D4B9C99859D1B18D6B1021105C.JPEG",
    "cantidad_archivos": 1,
    "archivos_fuente": [
      "Pictures/Fototeca de Fotos.photoslibrary/resources/derivatives/4/48AF9111-D61D-4B9C-9985-9D1B18D6B102_1_105_c.jpeg"
    ],
    "ultima_modificacion": "2025-08-01 01:01:22.383876"
  },
  "4d00bda068644960bf852854b1f3530e1105c.jpeg": {
    "app_sintetizada": "4D00BDA068644960BF852854B1F3530E1105C.JPEG",
    "cantidad_archivos": 1,
    "archivos_fuente": [
      "Pictures/Fototeca de Fotos.photoslibrary/resources/derivatives/4/4D00BDA0-6864-4960-BF85-2854B1F3530E_1_105_c.jpeg"
    ],
    "ultima_modificacion": "2025-08-01 01:01:22.384216"
  },
  "4308912145e74ff3bada49385882e4f81102o.jpeg": {
    "app_sintetizada": "4308912145E74FF3BADA49385882E4F81102O.JPEG",
    "cantidad_archivos": 1,
    "archivos_fuente": [
      "Pictures/Fototeca de Fotos.photoslibrary/resources/derivatives/4/43089121-45E7-4FF3-BADA-49385882E4F8_1_102_o.jpeg"
    ],
    "ultima_modificacion": "2025-08-01 01:01:22.384551"
  },
  "49e6a032b48c42cd96f2a6f041cca15d1105c.jpeg": {
    "app_sintetizada": "49E6A032B48C42CD96F2A6F041CCA15D1105C.JPEG",
    "cantidad_archivos": 1,
    "archivos_fuente": [
      "Pictures/Fototeca de Fotos.photoslibrary/resources/derivatives/4/49E6A032-B48C-42CD-96F2-A6F041CCA15D_1_105_c.jpeg"
    ],
    "ultima_modificacion": "2025-08-01 01:01:22.384826"
  },
  "4afd17b699f44150887f4c5306cae6681105c.jpeg": {
    "app_sintetizada": "4AFD17B699F44150887F4C5306CAE6681105C.JPEG",
    "cantidad_archivos": 1,
    "archivos_fuente": [
      "Pictures/Fototeca de Fotos.photoslibrary/resources/derivatives/4/4AFD17B6-99F4-4150-887F-4C5306CAE668_1_105_c.jpeg"
    ],
    "ultima_modificacion": "2025-08-01 01:01:22.385175"
  },
  "4deb01728b32459390e8228306e14ccd1105c.jpeg": {
    "app_sintetizada": "4DEB01728B32459390E8228306E14CCD1105C.JPEG",
    "cantidad_archivos": 1,
    "archivos_fuente": [
      "Pictures/Fototeca de Fotos.photoslibrary/resources/derivatives/4/4DEB0172-8B32-4593-90E8-228306E14CCD_1_105_c.jpeg"
    ],
    "ultima_modificacion": "2025-08-01 01:01:22.385447"
  },
  "4f1eaa5269904bc385e36a7b06f077511105c.jpeg": {
    "app_sintetizada": "4F1EAA5269904BC385E36A7B06F077511105C.JPEG",
    "cantidad_archivos": 1,
    "archivos_fuente": [
      "Pictures/Fototeca de Fotos.photoslibrary/resources/derivatives/4/4F1EAA52-6990-4BC3-85E3-6A7B06F07751_1_105_c.jpeg"
    ],
    "ultima_modificacion": "2025-08-01 01:01:22.385745"
  },
  "409563f77eae44679633774aae7b56251105c.jpeg": {
    "app_sintetizada": "409563F77EAE44679633774AAE7B56251105C.JPEG",
    "cantidad_archivos": 1,
    "archivos_fuente": [
      "Pictures/Fototeca de Fotos.photoslibrary/resources/derivatives/4/409563F7-7EAE-4467-9633-774AAE7B5625_1_105_c.jpeg"
    ],
    "ultima_modificacion": "2025-08-01 01:01:22.385999"
  },
  "4d1b5348d1aa470f947161e9b0217d2e1105c.jpeg": {
    "app_sintetizada": "4D1B5348D1AA470F947161E9B0217D2E1105C.JPEG",
    "cantidad_archivos": 1,
    "archivos_fuente": [
      "Pictures/Fototeca de Fotos.photoslibrary/resources/derivatives/4/4D1B5348-D1AA-470F-9471-61E9B0217D2E_1_105_c.jpeg"
    ],
    "ultima_modificacion": "2025-08-01 01:01:22.401674"
  },
  "43fe5be65c1a4c3eb6a6d970945e44a91105c.jpeg": {
    "app_sintetizada": "43FE5BE65C1A4C3EB6A6D970945E44A91105C.JPEG",
    "cantidad_archivos": 1,
    "archivos_fuente": [
      "Pictures/Fototeca de Fotos.photoslibrary/resources/derivatives/4/43FE5BE6-5C1A-4C3E-B6A6-D970945E44A9_1_105_c.jpeg"
    ],
    "ultima_modificacion": "2025-08-01 01:01:22.402225"
  },
  "4a6310e6463142f78680085fc9973db91105c.jpeg": {
    "app_sintetizada": "4A6310E6463142F78680085FC9973DB91105C.JPEG",
    "cantidad_archivos": 1,
    "archivos_fuente": [
      "Pictures/Fototeca de Fotos.photoslibrary/resources/derivatives/4/4A6310E6-4631-42F7-8680-085FC9973DB9_1_105_c.jpeg"
    ],
    "ultima_modificacion": "2025-08-01 01:01:22.406251"
  },
  "4ece3f461f6d476e80537b98589027071105c.jpeg": {
    "app_sintetizada": "4ECE3F461F6D476E80537B98589027071105C.JPEG",
    "cantidad_archivos": 1,
    "archivos_fuente": [
      "Pictures/Fototeca de Fotos.photoslibrary/resources/derivatives/4/4ECE3F46-1F6D-476E-8053-7B9858902707_1_105_c.jpeg"
    ],
    "ultima_modificacion": "2025-08-01 01:01:22.415881"
  },
  "4f9642b082304fa28e533b4070441a3a1105c.jpeg": {
    "app_sintetizada": "4F9642B082304FA28E533B4070441A3A1105C.JPEG",
    "cantidad_archivos": 1,
    "archivos_fuente": [
      "Pictures/Fototeca de Fotos.photoslibrary/resources/derivatives/4/4F9642B0-8230-4FA2-8E53-3B4070441A3A_1_105_c.jpeg"
    ],
    "ultima_modificacion": "2025-08-01 01:01:22.416460"
  },
  "4d435e92cdcb4d148a528fc1663cb5361105c.jpeg": {
    "app_sintetizada": "4D435E92CDCB4D148A528FC1663CB5361105C.JPEG",
    "cantidad_archivos": 1,
    "archivos_fuente": [
      "Pictures/Fototeca de Fotos.photoslibrary/resources/derivatives/4/4D435E92-CDCB-4D14-8A52-8FC1663CB536_1_105_c.jpeg"
    ],
    "ultima_modificacion": "2025-08-01 01:01:22.416752"
  },
  "4a6cc3024acc4dddacbd088cc3b779c31105c.jpeg": {
    "app_sintetizada": "4A6CC3024ACC4DDDACBD088CC3B779C31105C.JPEG",
    "cantidad_archivos": 1,
    "archivos_fuente": [
      "Pictures/Fototeca de Fotos.photoslibrary/resources/derivatives/4/4A6CC302-4ACC-4DDD-ACBD-088CC3B779C3_1_105_c.jpeg"
    ],
    "ultima_modificacion": "2025-08-01 01:01:22.418099"
  },
  "4b106b31205f48d9bb2e30591e798ad81105c.jpeg": {
    "app_sintetizada": "4B106B31205F48D9BB2E30591E798AD81105C.JPEG",
    "cantidad_archivos": 1,
    "archivos_fuente": [
      "Pictures/Fototeca de Fotos.photoslibrary/resources/derivatives/4/4B106B31-205F-48D9-BB2E-30591E798AD8_1_105_c.jpeg"
    ],
    "ultima_modificacion": "2025-08-01 01:01:22.418379"
  },
  "4268c5a51080466b8136b1a29dff078d1105c.jpeg": {
    "app_sintetizada": "4268C5A51080466B8136B1A29DFF078D1105C.JPEG",
    "cantidad_archivos": 1,
    "archivos_fuente": [
      "Pictures/Fototeca de Fotos.photoslibrary/resources/derivatives/4/4268C5A5-1080-466B-8136-B1A29DFF078D_1_105_c.jpeg"
    ],
    "ultima_modificacion": "2025-08-01 01:01:22.418708"
  },
  "4114f3189ae54555b562b22a6b2172951105c.jpeg": {
    "app_sintetizada": "4114F3189AE54555B562B22A6B2172951105C.JPEG",
    "cantidad_archivos": 1,
    "archivos_fuente": [
      "Pictures/Fototeca de Fotos.photoslibrary/resources/derivatives/4/4114F318-9AE5-4555-B562-B22A6B217295_1_105_c.jpeg"
    ],
    "ultima_modificacion": "2025-08-01 01:01:22.418992"
  }
}