{
  "72632f616430cdd70": {
    "app_sintetizada": "72632F616430CDD70",
    "cantidad_archivos": 1,
    "archivos_fuente": [
      "Library/Application Support/Microsoft/Skype for Desktop/Cache/72632f616430cdd7_0"
    ],
    "ultima_modificacion": "2025-08-01 01:01:36.678757"
  },
  "60d909dffdd2b3820": {
    "app_sintetizada": "60D909DFFDD2B3820",
    "cantidad_archivos": 1,
    "archivos_fuente": [
      "Library/Application Support/Microsoft/Skype for Desktop/Cache/60d909dffdd2b382_0"
    ],
    "ultima_modificacion": "2025-08-01 01:01:36.679173"
  },
  "3805befac3a5b9710": {
    "app_sintetizada": "3805BEFAC3A5B9710",
    "cantidad_archivos": 1,
    "archivos_fuente": [
      "Library/Application Support/Microsoft/Skype for Desktop/Cache/3805befac3a5b971_0"
    ],
    "ultima_modificacion": "2025-08-01 01:01:36.679998"
  },
  "7376f5fcaab046800": {
    "app_sintetizada": "7376F5FCAAB046800",
    "cantidad_archivos": 1,
    "archivos_fuente": [
      "Library/Application Support/Microsoft/Skype for Desktop/Cache/7376f5fcaab04680_0"
    ],
    "ultima_modificacion": "2025-08-01 01:01:36.680414"
  },
  "9c1f32824e0846600": {
    "app_sintetizada": "9C1F32824E0846600",
    "cantidad_archivos": 1,
    "archivos_fuente": [
      "Library/Application Support/Microsoft/Skype for Desktop/Cache/9c1f32824e084660_0"
    ],
    "ultima_modificacion": "2025-08-01 01:01:36.681427"
  },
  "326d139038af841e0": {
    "app_sintetizada": "326D139038AF841E0",
    "cantidad_archivos": 1,
    "archivos_fuente": [
      "Library/Application Support/Microsoft/Skype for Desktop/Cache/326d139038af841e_0"
    ],
    "ultima_modificacion": "2025-08-01 01:01:36.681895"
  },
  "7906dd33cc6b396c0": {
    "app_sintetizada": "7906DD33CC6B396C0",
    "cantidad_archivos": 1,
    "archivos_fuente": [
      "Library/Application Support/Microsoft/Skype for Desktop/Cache/7906dd33cc6b396c_0"
    ],
    "ultima_modificacion": "2025-08-01 01:01:36.682274"
  },
  "cb82806337f559ce0": {
    "app_sintetizada": "CB82806337F559CE0",
    "cantidad_archivos": 1,
    "archivos_fuente": [
      "Library/Application Support/Microsoft/Skype for Desktop/Cache/cb82806337f559ce_0"
    ],
    "ultima_modificacion": "2025-08-01 01:01:36.682640"
  },
  "3906d13e4b0607750": {
    "app_sintetizada": "3906D13E4B0607750",
    "cantidad_archivos": 1,
    "archivos_fuente": [
      "Library/Application Support/Microsoft/Skype for Desktop/Cache/3906d13e4b060775_0"
    ],
    "ultima_modificacion": "2025-08-01 01:01:36.682941"
  },
  "7078ad80ac26e50a0": {
    "app_sintetizada": "7078AD80AC26E50A0",
    "cantidad_archivos": 1,
    "archivos_fuente": [
      "Library/Application Support/Microsoft/Skype for Desktop/Cache/7078ad80ac26e50a_0"
    ],
    "ultima_modificacion": "2025-08-01 01:01:36.683244"
  },
  "4ed0e8131607eabd0": {
    "app_sintetizada": "4ED0E8131607EABD0",
    "cantidad_archivos": 1,
    "archivos_fuente": [
      "Library/Application Support/Microsoft/Skype for Desktop/Cache/4ed0e8131607eabd_0"
    ],
    "ultima_modificacion": "2025-08-01 01:01:36.683576"
  },
  "08431b2f5010f0890": {
    "app_sintetizada": "08431B2F5010F0890",
    "cantidad_archivos": 1,
    "archivos_fuente": [
      "Library/Application Support/Microsoft/Skype for Desktop/Cache/08431b2f5010f089_0"
    ],
    "ultima_modificacion": "2025-08-01 01:01:36.683964"
  },
  "fcb6e9c4572082aa0": {
    "app_sintetizada": "FCB6E9C4572082AA0",
    "cantidad_archivos": 1,
    "archivos_fuente": [
      "Library/Application Support/Microsoft/Skype for Desktop/Cache/fcb6e9c4572082aa_0"
    ],
    "ultima_modificacion": "2025-08-01 01:01:36.684337"
  },
  "5c14fc7110aef4320": {
    "app_sintetizada": "5C14FC7110AEF4320",
    "cantidad_archivos": 1,
    "archivos_fuente": [
      "Library/Application Support/Microsoft/Skype for Desktop/Cache/5c14fc7110aef432_0"
    ],
    "ultima_modificacion": "2025-08-01 01:01:36.684699"
  },
  "8addefad3c8b2c2c0": {
    "app_sintetizada": "8ADDEFAD3C8B2C2C0",
    "cantidad_archivos": 1,
    "archivos_fuente": [
      "Library/Application Support/Microsoft/Skype for Desktop/Cache/8addefad3c8b2c2c_0"
    ],
    "ultima_modificacion": "2025-08-01 01:01:36.685000"
  },
  "5d1f3f5674693b8a0": {
    "app_sintetizada": "5D1F3F5674693B8A0",
    "cantidad_archivos": 1,
    "archivos_fuente": [
      "Library/Application Support/Microsoft/Skype for Desktop/Cache/5d1f3f5674693b8a_0"
    ],
    "ultima_modificacion": "2025-08-01 01:01:36.685281"
  },
  "9a027ff533f802c00": {
    "app_sintetizada": "9A027FF533F802C00",
    "cantidad_archivos": 1,
    "archivos_fuente": [
      "Library/Application Support/Microsoft/Skype for Desktop/Cache/9a027ff533f802c0_0"
    ],
    "ultima_modificacion": "2025-08-01 01:01:36.685836"
  },
  "16bca190b1a6bab50": {
    "app_sintetizada": "16BCA190B1A6BAB50",
    "cantidad_archivos": 1,
    "archivos_fuente": [
      "Library/Application Support/Microsoft/Skype for Desktop/Cache/16bca190b1a6bab5_0"
    ],
    "ultima_modificacion": "2025-08-01 01:01:36.686148"
  },
  "0eece2003bbced660": {
    "app_sintetizada": "0EECE2003BBCED660",
    "cantidad_archivos": 1,
    "archivos_fuente": [
      "Library/Application Support/Microsoft/Skype for Desktop/Cache/0eece2003bbced66_0"
    ],
    "ultima_modificacion": "2025-08-01 01:01:36.686412"
  },
  "af97dd566d114a330": {
    "app_sintetizada": "AF97DD566D114A330",
    "cantidad_archivos": 1,
    "archivos_fuente": [
      "Library/Application Support/Microsoft/Skype for Desktop/Cache/af97dd566d114a33_0"
    ],
    "ultima_modificacion": "2025-08-01 01:01:36.686659"
  },
  "94d125491d2bc8760": {
    "app_sintetizada": "94D125491D2BC8760",
    "cantidad_archivos": 1,
    "archivos_fuente": [
      "Library/Application Support/Microsoft/Skype for Desktop/Cache/94d125491d2bc876_0"
    ],
    "ultima_modificacion": "2025-08-01 01:01:36.687181"
  },
  "005493fb71f4aea70": {
    "app_sintetizada": "005493FB71F4AEA70",
    "cantidad_archivos": 1,
    "archivos_fuente": [
      "Library/Application Support/Microsoft/Skype for Desktop/Cache/005493fb71f4aea7_0"
    ],
    "ultima_modificacion": "2025-08-01 01:01:36.687750"
  },
  "e69e815712a48eeb0": {
    "app_sintetizada": "E69E815712A48EEB0",
    "cantidad_archivos": 1,
    "archivos_fuente": [
      "Library/Application Support/Microsoft/Skype for Desktop/Cache/e69e815712a48eeb_0"
    ],
    "ultima_modificacion": "2025-08-01 01:01:36.688109"
  },
  "04e9054d95f137b90": {
    "app_sintetizada": "04E9054D95F137B90",
    "cantidad_archivos": 1,
    "archivos_fuente": [
      "Library/Application Support/Microsoft/Skype for Desktop/Cache/04e9054d95f137b9_0"
    ],
    "ultima_modificacion": "2025-08-01 01:01:36.688464"
  },
  "d3e76cf0448cb67c0": {
    "app_sintetizada": "D3E76CF0448CB67C0",
    "cantidad_archivos": 1,
    "archivos_fuente": [
      "Library/Application Support/Microsoft/Skype for Desktop/Cache/d3e76cf0448cb67c_0"
    ],
    "ultima_modificacion": "2025-08-01 01:01:36.688894"
  },
  "47c25d04fc9cbfa30": {
    "app_sintetizada": "47C25D04FC9CBFA30",
    "cantidad_archivos": 1,
    "archivos_fuente": [
      "Library/Application Support/Microsoft/Skype for Desktop/Cache/47c25d04fc9cbfa3_0"
    ],
    "ultima_modificacion": "2025-08-01 01:01:36.689253"
  },
  "18077606bb7c79310": {
    "app_sintetizada": "18077606BB7C79310",
    "cantidad_archivos": 1,
    "archivos_fuente": [
      "Library/Application Support/Microsoft/Skype for Desktop/Cache/18077606bb7c7931_0"
    ],
    "ultima_modificacion": "2025-08-01 01:01:36.689600"
  },
  "065d9093adb270460": {
    "app_sintetizada": "065D9093ADB270460",
    "cantidad_archivos": 1,
    "archivos_fuente": [
      "Library/Application Support/Microsoft/Skype for Desktop/Cache/065d9093adb27046_0"
    ],
    "ultima_modificacion": "2025-08-01 01:01:36.689955"
  },
  "2cdb6cd4d090787c0": {
    "app_sintetizada": "2CDB6CD4D090787C0",
    "cantidad_archivos": 1,
    "archivos_fuente": [
      "Library/Application Support/Microsoft/Skype for Desktop/Cache/2cdb6cd4d090787c_0"
    ],
    "ultima_modificacion": "2025-08-01 01:01:36.690305"
  },
  "c8bc83fd1e18a8c20": {
    "app_sintetizada": "C8BC83FD1E18A8C20",
    "cantidad_archivos": 1,
    "archivos_fuente": [
      "Library/Application Support/Microsoft/Skype for Desktop/Cache/c8bc83fd1e18a8c2_0"
    ],
    "ultima_modificacion": "2025-08-01 01:01:36.690671"
  },
  "f7d54b2e3fb854520": {
    "app_sintetizada": "F7D54B2E3FB854520",
    "cantidad_archivos": 1,
    "archivos_fuente": [
      "Library/Application Support/Microsoft/Skype for Desktop/Cache/f7d54b2e3fb85452_0"
    ],
    "ultima_modificacion": "2025-08-01 01:01:36.691000"
  },
  "d504ea8ac7c8b4170": {
    "app_sintetizada": "D504EA8AC7C8B4170",
    "cantidad_archivos": 1,
    "archivos_fuente": [
      "Library/Application Support/Microsoft/Skype for Desktop/Cache/d504ea8ac7c8b417_0"
    ],
    "ultima_modificacion": "2025-08-01 01:01:36.691372"
  },
  "ef998f5f026116ce0": {
    "app_sintetizada": "EF998F5F026116CE0",
    "cantidad_archivos": 1,
    "archivos_fuente": [
      "Library/Application Support/Microsoft/Skype for Desktop/Cache/ef998f5f026116ce_0"
    ],
    "ultima_modificacion": "2025-08-01 01:01:36.691766"
  },
  "faf20542ee4e5ecb0": {
    "app_sintetizada": "FAF20542EE4E5ECB0",
    "cantidad_archivos": 1,
    "archivos_fuente": [
      "Library/Application Support/Microsoft/Skype for Desktop/Cache/faf20542ee4e5ecb_0"
    ],
    "ultima_modificacion": "2025-08-01 01:01:36.692125"
  },
  "c8ef6909f30d1cdc0": {
    "app_sintetizada": "C8EF6909F30D1CDC0",
    "cantidad_archivos": 1,
    "archivos_fuente": [
      "Library/Application Support/Microsoft/Skype for Desktop/Cache/c8ef6909f30d1cdc_0"
    ],
    "ultima_modificacion": "2025-08-01 01:01:36.692461"
  },
  "dfea03023439467e0": {
    "app_sintetizada": "DFEA03023439467E0",
    "cantidad_archivos": 1,
    "archivos_fuente": [
      "Library/Application Support/Microsoft/Skype for Desktop/Cache/dfea03023439467e_0"
    ],
    "ultima_modificacion": "2025-08-01 01:01:36.692786"
  },
  "e834b61e576e91080": {
    "app_sintetizada": "E834B61E576E91080",
    "cantidad_archivos": 1,
    "archivos_fuente": [
      "Library/Application Support/Microsoft/Skype for Desktop/Cache/e834b61e576e9108_0"
    ],
    "ultima_modificacion": "2025-08-01 01:01:36.693116"
  },
  "1ed68a0a3fd908680": {
    "app_sintetizada": "1ED68A0A3FD908680",
    "cantidad_archivos": 1,
    "archivos_fuente": [
      "Library/Application Support/Microsoft/Skype for Desktop/Cache/1ed68a0a3fd90868_0"
    ],
    "ultima_modificacion": "2025-08-01 01:01:36.693471"
  },
  "04e610e6dc19ab990": {
    "app_sintetizada": "04E610E6DC19AB990",
    "cantidad_archivos": 1,
    "archivos_fuente": [
      "Library/Application Support/Microsoft/Skype for Desktop/Cache/04e610e6dc19ab99_0"
    ],
    "ultima_modificacion": "2025-08-01 01:01:36.693803"
  },
  "3d1a57b19ead7fa90": {
    "app_sintetizada": "3D1A57B19EAD7FA90",
    "cantidad_archivos": 1,
    "archivos_fuente": [
      "Library/Application Support/Microsoft/Skype for Desktop/Cache/3d1a57b19ead7fa9_0"
    ],
    "ultima_modificacion": "2025-08-01 01:01:36.694132"
  },
  "61601e4ddfdb84030": {
    "app_sintetizada": "61601E4DDFDB84030",
    "cantidad_archivos": 1,
    "archivos_fuente": [
      "Library/Application Support/Microsoft/Skype for Desktop/Cache/61601e4ddfdb8403_0"
    ],
    "ultima_modificacion": "2025-08-01 01:01:36.694452"
  },
  "5dc152750685d3e60": {
    "app_sintetizada": "5DC152750685D3E60",
    "cantidad_archivos": 1,
    "archivos_fuente": [
      "Library/Application Support/Microsoft/Skype for Desktop/Cache/5dc152750685d3e6_0"
    ],
    "ultima_modificacion": "2025-08-01 01:01:36.694769"
  },
  "b09477ce2115f8c70": {
    "app_sintetizada": "B09477CE2115F8C70",
    "cantidad_archivos": 1,
    "archivos_fuente": [
      "Library/Application Support/Microsoft/Skype for Desktop/Cache/b09477ce2115f8c7_0"
    ],
    "ultima_modificacion": "2025-08-01 01:01:36.695112"
  },
  "b015b51c65d2d23d0": {
    "app_sintetizada": "B015B51C65D2D23D0",
    "cantidad_archivos": 1,
    "archivos_fuente": [
      "Library/Application Support/Microsoft/Skype for Desktop/Cache/b015b51c65d2d23d_0"
    ],
    "ultima_modificacion": "2025-08-01 01:01:36.695556"
  },
  "64b59d120c9a13c90": {
    "app_sintetizada": "64B59D120C9A13C90",
    "cantidad_archivos": 1,
    "archivos_fuente": [
      "Library/Application Support/Microsoft/Skype for Desktop/Cache/64b59d120c9a13c9_0"
    ],
    "ultima_modificacion": "2025-08-01 01:01:36.696306"
  },
  "0895c49423093b1e0": {
    "app_sintetizada": "0895C49423093B1E0",
    "cantidad_archivos": 1,
    "archivos_fuente": [
      "Library/Application Support/Microsoft/Skype for Desktop/Cache/0895c49423093b1e_0"
    ],
    "ultima_modificacion": "2025-08-01 01:01:36.696740"
  },
  "515016fc7d027b1a0": {
    "app_sintetizada": "515016FC7D027B1A0",
    "cantidad_archivos": 1,
    "archivos_fuente": [
      "Library/Application Support/Microsoft/Skype for Desktop/Cache/515016fc7d027b1a_0"
    ],
    "ultima_modificacion": "2025-08-01 01:01:36.697141"
  },
  "c6ec7937b923358d0": {
    "app_sintetizada": "C6EC7937B923358D0",
    "cantidad_archivos": 1,
    "archivos_fuente": [
      "Library/Application Support/Microsoft/Skype for Desktop/Cache/c6ec7937b923358d_0"
    ],
    "ultima_modificacion": "2025-08-01 01:01:36.697499"
  },
  "4fa9e7ca935816df0": {
    "app_sintetizada": "4FA9E7CA935816DF0",
    "cantidad_archivos": 1,
    "archivos_fuente": [
      "Library/Application Support/Microsoft/Skype for Desktop/Cache/4fa9e7ca935816df_0"
    ],
    "ultima_modificacion": "2025-08-01 01:01:36.697820"
  },
  "da2eff4134b3594f0": {
    "app_sintetizada": "DA2EFF4134B3594F0",
    "cantidad_archivos": 1,
    "archivos_fuente": [
      "Library/Application Support/Microsoft/Skype for Desktop/Cache/da2eff4134b3594f_0"
    ],
    "ultima_modificacion": "2025-08-01 01:01:36.698139"
  },
  "dddc3a6c4e193b3f0": {
    "app_sintetizada": "DDDC3A6C4E193B3F0",
    "cantidad_archivos": 1,
    "archivos_fuente": [
      "Library/Application Support/Microsoft/Skype for Desktop/Cache/dddc3a6c4e193b3f_0"
    ],
    "ultima_modificacion": "2025-08-01 01:01:36.698448"
  },
  "b965d633bb29caad0": {
    "app_sintetizada": "B965D633BB29CAAD0",
    "cantidad_archivos": 1,
    "archivos_fuente": [
      "Library/Application Support/Microsoft/Skype for Desktop/Cache/b965d633bb29caad_0"
    ],
    "ultima_modificacion": "2025-08-01 01:01:36.698781"
  },
  "7c9760aa9e53cd400": {
    "app_sintetizada": "7C9760AA9E53CD400",
    "cantidad_archivos": 1,
    "archivos_fuente": [
      "Library/Application Support/Microsoft/Skype for Desktop/Cache/7c9760aa9e53cd40_0"
    ],
    "ultima_modificacion": "2025-08-01 01:01:36.699086"
  },
  "8608bef3af789d630": {
    "app_sintetizada": "8608BEF3AF789D630",
    "cantidad_archivos": 1,
    "archivos_fuente": [
      "Library/Application Support/Microsoft/Skype for Desktop/Cache/8608bef3af789d63_0"
    ],
    "ultima_modificacion": "2025-08-01 01:01:36.699580"
  },
  "fc9d82e7ad8a5f330": {
    "app_sintetizada": "FC9D82E7AD8A5F330",
    "cantidad_archivos": 1,
    "archivos_fuente": [
      "Library/Application Support/Microsoft/Skype for Desktop/Cache/fc9d82e7ad8a5f33_0"
    ],
    "ultima_modificacion": "2025-08-01 01:01:36.699901"
  },
  "3f92c664b32edfdc0": {
    "app_sintetizada": "3F92C664B32EDFDC0",
    "cantidad_archivos": 1,
    "archivos_fuente": [
      "Library/Application Support/Microsoft/Skype for Desktop/Cache/3f92c664b32edfdc_0"
    ],
    "ultima_modificacion": "2025-08-01 01:01:36.700214"
  },
  "f99dd6038ed036cf0": {
    "app_sintetizada": "F99DD6038ED036CF0",
    "cantidad_archivos": 1,
    "archivos_fuente": [
      "Library/Application Support/Microsoft/Skype for Desktop/Cache/f99dd6038ed036cf_0"
    ],
    "ultima_modificacion": "2025-08-01 01:01:36.700596"
  },
  "be45b5862b2526b50": {
    "app_sintetizada": "BE45B5862B2526B50",
    "cantidad_archivos": 1,
    "archivos_fuente": [
      "Library/Application Support/Microsoft/Skype for Desktop/Cache/be45b5862b2526b5_0"
    ],
    "ultima_modificacion": "2025-08-01 01:01:36.701006"
  },
  "16a093c631f0d5640": {
    "app_sintetizada": "16A093C631F0D5640",
    "cantidad_archivos": 1,
    "archivos_fuente": [
      "Library/Application Support/Microsoft/Skype for Desktop/Cache/16a093c631f0d564_0"
    ],
    "ultima_modificacion": "2025-08-01 01:01:36.701375"
  },
  "50a3cf89e0ae99270": {
    "app_sintetizada": "50A3CF89E0AE99270",
    "cantidad_archivos": 1,
    "archivos_fuente": [
      "Library/Application Support/Microsoft/Skype for Desktop/Cache/50a3cf89e0ae9927_0"
    ],
    "ultima_modificacion": "2025-08-01 01:01:36.701737"
  },
  "0ee79947b3a6c90a0": {
    "app_sintetizada": "0EE79947B3A6C90A0",
    "cantidad_archivos": 1,
    "archivos_fuente": [
      "Library/Application Support/Microsoft/Skype for Desktop/Cache/0ee79947b3a6c90a_0"
    ],
    "ultima_modificacion": "2025-08-01 01:01:36.702117"
  },
  "19c46d3f555246840": {
    "app_sintetizada": "19C46D3F555246840",
    "cantidad_archivos": 1,
    "archivos_fuente": [
      "Library/Application Support/Microsoft/Skype for Desktop/Cache/19c46d3f55524684_0"
    ],
    "ultima_modificacion": "2025-08-01 01:01:36.703059"
  },
  "fd786b263fc81ac40": {
    "app_sintetizada": "FD786B263FC81AC40",
    "cantidad_archivos": 1,
    "archivos_fuente": [
      "Library/Application Support/Microsoft/Skype for Desktop/Cache/fd786b263fc81ac4_0"
    ],
    "ultima_modificacion": "2025-08-01 01:01:36.706020"
  },
  "09d7cff2baf340860": {
    "app_sintetizada": "09D7CFF2BAF340860",
    "cantidad_archivos": 1,
    "archivos_fuente": [
      "Library/Application Support/Microsoft/Skype for Desktop/Cache/09d7cff2baf34086_0"
    ],
    "ultima_modificacion": "2025-08-01 01:01:36.706646"
  },
  "2ff2d2417768e03d0": {
    "app_sintetizada": "2FF2D2417768E03D0",
    "cantidad_archivos": 1,
    "archivos_fuente": [
      "Library/Application Support/Microsoft/Skype for Desktop/Cache/2ff2d2417768e03d_0"
    ],
    "ultima_modificacion": "2025-08-01 01:01:36.707068"
  },
  "c8f9607efc9dbb150": {
    "app_sintetizada": "C8F9607EFC9DBB150",
    "cantidad_archivos": 1,
    "archivos_fuente": [
      "Library/Application Support/Microsoft/Skype for Desktop/Cache/c8f9607efc9dbb15_0"
    ],
    "ultima_modificacion": "2025-08-01 01:01:36.707469"
  },
  "8709767e4df0e6f40": {
    "app_sintetizada": "8709767E4DF0E6F40",
    "cantidad_archivos": 1,
    "archivos_fuente": [
      "Library/Application Support/Microsoft/Skype for Desktop/Cache/8709767e4df0e6f4_0"
    ],
    "ultima_modificacion": "2025-08-01 01:01:36.707911"
  },
  "78319a570dc6f95b0": {
    "app_sintetizada": "78319A570DC6F95B0",
    "cantidad_archivos": 1,
    "archivos_fuente": [
      "Library/Application Support/Microsoft/Skype for Desktop/Cache/78319a570dc6f95b_0"
    ],
    "ultima_modificacion": "2025-08-01 01:01:36.708581"
  },
  "8a701640548dd7cd0": {
    "app_sintetizada": "8A701640548DD7CD0",
    "cantidad_archivos": 1,
    "archivos_fuente": [
      "Library/Application Support/Microsoft/Skype for Desktop/Cache/8a701640548dd7cd_0"
    ],
    "ultima_modificacion": "2025-08-01 01:01:36.708986"
  },
  "20a43980d77ef3c50": {
    "app_sintetizada": "20A43980D77EF3C50",
    "cantidad_archivos": 1,
    "archivos_fuente": [
      "Library/Application Support/Microsoft/Skype for Desktop/Cache/20a43980d77ef3c5_0"
    ],
    "ultima_modificacion": "2025-08-01 01:01:36.709663"
  },
  "bf32b26a342351020": {
    "app_sintetizada": "BF32B26A342351020",
    "cantidad_archivos": 1,
    "archivos_fuente": [
      "Library/Application Support/Microsoft/Skype for Desktop/Cache/bf32b26a34235102_0"
    ],
    "ultima_modificacion": "2025-08-01 01:01:36.710131"
  },
  "5b02216b74fe164c0": {
    "app_sintetizada": "5B02216B74FE164C0",
    "cantidad_archivos": 1,
    "archivos_fuente": [
      "Library/Application Support/Microsoft/Skype for Desktop/Cache/5b02216b74fe164c_0"
    ],
    "ultima_modificacion": "2025-08-01 01:01:36.710510"
  },
  "cab288d8b16b9fca0": {
    "app_sintetizada": "CAB288D8B16B9FCA0",
    "cantidad_archivos": 1,
    "archivos_fuente": [
      "Library/Application Support/Microsoft/Skype for Desktop/Cache/cab288d8b16b9fca_0"
    ],
    "ultima_modificacion": "2025-08-01 01:01:36.710915"
  },
  "9ccfdabf054fbcc40": {
    "app_sintetizada": "9CCFDABF054FBCC40",
    "cantidad_archivos": 1,
    "archivos_fuente": [
      "Library/Application Support/Microsoft/Skype for Desktop/Cache/9ccfdabf054fbcc4_0"
    ],
    "ultima_modificacion": "2025-08-01 01:01:36.711265"
  },
  "a142eb01065f313e0": {
    "app_sintetizada": "A142EB01065F313E0",
    "cantidad_archivos": 1,
    "archivos_fuente": [
      "Library/Application Support/Microsoft/Skype for Desktop/Cache/a142eb01065f313e_0"
    ],
    "ultima_modificacion": "2025-08-01 01:01:36.711591"
  },
  "40a78a2436e2e2380": {
    "app_sintetizada": "40A78A2436E2E2380",
    "cantidad_archivos": 1,
    "archivos_fuente": [
      "Library/Application Support/Microsoft/Skype for Desktop/Cache/40a78a2436e2e238_0"
    ],
    "ultima_modificacion": "2025-08-01 01:01:36.712107"
  },
  "0301856dd6e44b390": {
    "app_sintetizada": "0301856DD6E44B390",
    "cantidad_archivos": 1,
    "archivos_fuente": [
      "Library/Application Support/Microsoft/Skype for Desktop/Cache/0301856dd6e44b39_0"
    ],
    "ultima_modificacion": "2025-08-01 01:01:36.712671"
  },
  "4457f61ef023b72a0": {
    "app_sintetizada": "4457F61EF023B72A0",
    "cantidad_archivos": 1,
    "archivos_fuente": [
      "Library/Application Support/Microsoft/Skype for Desktop/Cache/4457f61ef023b72a_0"
    ],
    "ultima_modificacion": "2025-08-01 01:01:36.712989"
  },
  "5ca2ed57b4c368240": {
    "app_sintetizada": "5CA2ED57B4C368240",
    "cantidad_archivos": 1,
    "archivos_fuente": [
      "Library/Application Support/Microsoft/Skype for Desktop/Cache/5ca2ed57b4c36824_0"
    ],
    "ultima_modificacion": "2025-08-01 01:01:36.713630"
  },
  "1bc8cf755320408a0": {
    "app_sintetizada": "1BC8CF755320408A0",
    "cantidad_archivos": 1,
    "archivos_fuente": [
      "Library/Application Support/Microsoft/Skype for Desktop/Cache/1bc8cf755320408a_0"
    ],
    "ultima_modificacion": "2025-08-01 01:01:36.714233"
  },
  "eeca9827f73c42880": {
    "app_sintetizada": "EECA9827F73C42880",
    "cantidad_archivos": 1,
    "archivos_fuente": [
      "Library/Application Support/Microsoft/Skype for Desktop/Cache/eeca9827f73c4288_0"
    ],
    "ultima_modificacion": "2025-08-01 01:01:36.714637"
  },
  "805ffca9f0b429730": {
    "app_sintetizada": "805FFCA9F0B429730",
    "cantidad_archivos": 1,
    "archivos_fuente": [
      "Library/Application Support/Microsoft/Skype for Desktop/Cache/805ffca9f0b42973_0"
    ],
    "ultima_modificacion": "2025-08-01 01:01:36.714914"
  },
  "63fe1b1dd689ea0e0": {
    "app_sintetizada": "63FE1B1DD689EA0E0",
    "cantidad_archivos": 1,
    "archivos_fuente": [
      "Library/Application Support/Microsoft/Skype for Desktop/Cache/63fe1b1dd689ea0e_0"
    ],
    "ultima_modificacion": "2025-08-01 01:01:36.715242"
  },
  "3298f8099e37f8980": {
    "app_sintetizada": "3298F8099E37F8980",
    "cantidad_archivos": 1,
    "archivos_fuente": [
      "Library/Application Support/Microsoft/Skype for Desktop/Cache/3298f8099e37f898_0"
    ],
    "ultima_modificacion": "2025-08-01 01:01:36.715543"
  },
  "05f94f7c5f0b49ed0": {
    "app_sintetizada": "05F94F7C5F0B49ED0",
    "cantidad_archivos": 1,
    "archivos_fuente": [
      "Library/Application Support/Microsoft/Skype for Desktop/Cache/05f94f7c5f0b49ed_0"
    ],
    "ultima_modificacion": "2025-08-01 01:01:36.715862"
  },
  "fa8439fc4d0318d00": {
    "app_sintetizada": "FA8439FC4D0318D00",
    "cantidad_archivos": 1,
    "archivos_fuente": [
      "Library/Application Support/Microsoft/Skype for Desktop/Cache/fa8439fc4d0318d0_0"
    ],
    "ultima_modificacion": "2025-08-01 01:01:36.716202"
  },
  "db2baffec21d61cc0": {
    "app_sintetizada": "DB2BAFFEC21D61CC0",
    "cantidad_archivos": 1,
    "archivos_fuente": [
      "Library/Application Support/Microsoft/Skype for Desktop/Cache/db2baffec21d61cc_0"
    ],
    "ultima_modificacion": "2025-08-01 01:01:36.716545"
  },
  "a2a191b89c0d4d380": {
    "app_sintetizada": "A2A191B89C0D4D380",
    "cantidad_archivos": 1,
    "archivos_fuente": [
      "Library/Application Support/Microsoft/Skype for Desktop/Cache/a2a191b89c0d4d38_0"
    ],
    "ultima_modificacion": "2025-08-01 01:01:36.716852"
  },
  "f3454446f8f1d80a0": {
    "app_sintetizada": "F3454446F8F1D80A0",
    "cantidad_archivos": 1,
    "archivos_fuente": [
      "Library/Application Support/Microsoft/Skype for Desktop/Cache/f3454446f8f1d80a_0"
    ],
    "ultima_modificacion": "2025-08-01 01:01:36.717159"
  },
  "56db7406935a7f040": {
    "app_sintetizada": "56DB7406935A7F040",
    "cantidad_archivos": 1,
    "archivos_fuente": [
      "Library/Application Support/Microsoft/Skype for Desktop/Cache/56db7406935a7f04_0"
    ],
    "ultima_modificacion": "2025-08-01 01:01:36.717483"
  },
  "914333dc7c773ae10": {
    "app_sintetizada": "914333DC7C773AE10",
    "cantidad_archivos": 1,
    "archivos_fuente": [
      "Library/Application Support/Microsoft/Skype for Desktop/Cache/914333dc7c773ae1_0"
    ],
    "ultima_modificacion": "2025-08-01 01:01:36.717768"
  },
  "d95360f397e39ec50": {
    "app_sintetizada": "D95360F397E39EC50",
    "cantidad_archivos": 1,
    "archivos_fuente": [
      "Library/Application Support/Microsoft/Skype for Desktop/Cache/d95360f397e39ec5_0"
    ],
    "ultima_modificacion": "2025-08-01 01:01:36.718127"
  },
  "0325c400b7f129490": {
    "app_sintetizada": "0325C400B7F129490",
    "cantidad_archivos": 1,
    "archivos_fuente": [
      "Library/Application Support/Microsoft/Skype for Desktop/Cache/0325c400b7f12949_0"
    ],
    "ultima_modificacion": "2025-08-01 01:01:36.718447"
  },
  "01d854af220fc2920": {
    "app_sintetizada": "01D854AF220FC2920",
    "cantidad_archivos": 1,
    "archivos_fuente": [
      "Library/Application Support/Microsoft/Skype for Desktop/Cache/01d854af220fc292_0"
    ],
    "ultima_modificacion": "2025-08-01 01:01:36.718732"
  },
  "e3bba4e425a0b51b0": {
    "app_sintetizada": "E3BBA4E425A0B51B0",
    "cantidad_archivos": 1,
    "archivos_fuente": [
      "Library/Application Support/Microsoft/Skype for Desktop/Cache/e3bba4e425a0b51b_0"
    ],
    "ultima_modificacion": "2025-08-01 01:01:36.719037"
  },
  "e28b182903848a750": {
    "app_sintetizada": "E28B182903848A750",
    "cantidad_archivos": 1,
    "archivos_fuente": [
      "Library/Application Support/Microsoft/Skype for Desktop/Cache/e28b182903848a75_0"
    ],
    "ultima_modificacion": "2025-08-01 01:01:36.719313"
  },
  "95ba82df5c6b9ba00": {
    "app_sintetizada": "95BA82DF5C6B9BA00",
    "cantidad_archivos": 1,
    "archivos_fuente": [
      "Library/Application Support/Microsoft/Skype for Desktop/Cache/95ba82df5c6b9ba0_0"
    ],
    "ultima_modificacion": "2025-08-01 01:01:36.719584"
  },
  "a04093e699426e290": {
    "app_sintetizada": "A04093E699426E290",
    "cantidad_archivos": 1,
    "archivos_fuente": [
      "Library/Application Support/Microsoft/Skype for Desktop/Cache/a04093e699426e29_0"
    ],
    "ultima_modificacion": "2025-08-01 01:01:36.719991"
  },
  "fcd1f94930cf7fa60": {
    "app_sintetizada": "FCD1F94930CF7FA60",
    "cantidad_archivos": 1,
    "archivos_fuente": [
      "Library/Application Support/Microsoft/Skype for Desktop/Cache/fcd1f94930cf7fa6_0"
    ],
    "ultima_modificacion": "2025-08-01 01:01:36.720296"
  },
  "a77c7df74a12ddee0": {
    "app_sintetizada": "A77C7DF74A12DDEE0",
    "cantidad_archivos": 1,
    "archivos_fuente": [
      "Library/Application Support/Microsoft/Skype for Desktop/Cache/a77c7df74a12ddee_0"
    ],
    "ultima_modificacion": "2025-08-01 01:01:36.720717"
  }
}