{
  "e7d9082b8eae28e20": {
    "app_sintetizada": "E7D9082B8EAE28E20",
    "cantidad_archivos": 1,
    "archivos_fuente": [
      "Library/Application Support/Microsoft/Skype for Desktop/Cache/e7d9082b8eae28e2_0"
    ],
    "ultima_modificacion": "2025-08-01 01:01:40.237663"
  },
  "170efdc03adadf020": {
    "app_sintetizada": "170EFDC03ADADF020",
    "cantidad_archivos": 1,
    "archivos_fuente": [
      "Library/Application Support/Microsoft/Skype for Desktop/Cache/170efdc03adadf02_0"
    ],
    "ultima_modificacion": "2025-08-01 01:01:40.238162"
  },
  "8710c7c563972b710": {
    "app_sintetizada": "8710C7C563972B710",
    "cantidad_archivos": 1,
    "archivos_fuente": [
      "Library/Application Support/Microsoft/Skype for Desktop/Cache/8710c7c563972b71_0"
    ],
    "ultima_modificacion": "2025-08-01 01:01:40.238512"
  },
  "ac4b37bbc7f5eb8c0": {
    "app_sintetizada": "AC4B37BBC7F5EB8C0",
    "cantidad_archivos": 1,
    "archivos_fuente": [
      "Library/Application Support/Microsoft/Skype for Desktop/Cache/ac4b37bbc7f5eb8c_0"
    ],
    "ultima_modificacion": "2025-08-01 01:01:40.238899"
  },
  "468de68a1a4ccfda0": {
    "app_sintetizada": "468DE68A1A4CCFDA0",
    "cantidad_archivos": 1,
    "archivos_fuente": [
      "Library/Application Support/Microsoft/Skype for Desktop/Cache/468de68a1a4ccfda_0"
    ],
    "ultima_modificacion": "2025-08-01 01:01:40.239261"
  },
  "3302138328e757580": {
    "app_sintetizada": "3302138328E757580",
    "cantidad_archivos": 1,
    "archivos_fuente": [
      "Library/Application Support/Microsoft/Skype for Desktop/Cache/3302138328e75758_0"
    ],
    "ultima_modificacion": "2025-08-01 01:01:40.239598"
  },
  "d1cd89c6b4ea201c0": {
    "app_sintetizada": "D1CD89C6B4EA201C0",
    "cantidad_archivos": 1,
    "archivos_fuente": [
      "Library/Application Support/Microsoft/Skype for Desktop/Cache/d1cd89c6b4ea201c_0"
    ],
    "ultima_modificacion": "2025-08-01 01:01:40.239954"
  },
  "2b01f100f0c3e6210": {
    "app_sintetizada": "2B01F100F0C3E6210",
    "cantidad_archivos": 1,
    "archivos_fuente": [
      "Library/Application Support/Microsoft/Skype for Desktop/Cache/2b01f100f0c3e621_0"
    ],
    "ultima_modificacion": "2025-08-01 01:01:40.240810"
  },
  "6f6dfc0e9759c2070": {
    "app_sintetizada": "6F6DFC0E9759C2070",
    "cantidad_archivos": 1,
    "archivos_fuente": [
      "Library/Application Support/Microsoft/Skype for Desktop/Cache/6f6dfc0e9759c207_0"
    ],
    "ultima_modificacion": "2025-08-01 01:01:40.241227"
  },
  "1d8793e9c82c4c790": {
    "app_sintetizada": "1D8793E9C82C4C790",
    "cantidad_archivos": 1,
    "archivos_fuente": [
      "Library/Application Support/Microsoft/Skype for Desktop/Cache/1d8793e9c82c4c79_0"
    ],
    "ultima_modificacion": "2025-08-01 01:01:40.241586"
  },
  "e69cabcbd4e20cb50": {
    "app_sintetizada": "E69CABCBD4E20CB50",
    "cantidad_archivos": 1,
    "archivos_fuente": [
      "Library/Application Support/Microsoft/Skype for Desktop/Cache/e69cabcbd4e20cb5_0"
    ],
    "ultima_modificacion": "2025-08-01 01:01:40.241998"
  },
  "3558b10f1ad821a00": {
    "app_sintetizada": "3558B10F1AD821A00",
    "cantidad_archivos": 1,
    "archivos_fuente": [
      "Library/Application Support/Microsoft/Skype for Desktop/Cache/3558b10f1ad821a0_0"
    ],
    "ultima_modificacion": "2025-08-01 01:01:40.242362"
  },
  "53ca6f6886d8afdf0": {
    "app_sintetizada": "53CA6F6886D8AFDF0",
    "cantidad_archivos": 1,
    "archivos_fuente": [
      "Library/Application Support/Microsoft/Skype for Desktop/Cache/53ca6f6886d8afdf_0"
    ],
    "ultima_modificacion": "2025-08-01 01:01:40.242761"
  },
  "ebcc9e5f767290ef0": {
    "app_sintetizada": "EBCC9E5F767290EF0",
    "cantidad_archivos": 1,
    "archivos_fuente": [
      "Library/Application Support/Microsoft/Skype for Desktop/Cache/ebcc9e5f767290ef_0"
    ],
    "ultima_modificacion": "2025-08-01 01:01:40.243148"
  },
  "9f8fcfd911aaf9360": {
    "app_sintetizada": "9F8FCFD911AAF9360",
    "cantidad_archivos": 1,
    "archivos_fuente": [
      "Library/Application Support/Microsoft/Skype for Desktop/Cache/9f8fcfd911aaf936_0"
    ],
    "ultima_modificacion": "2025-08-01 01:01:40.243513"
  },
  "5dae7f092bd4116e0": {
    "app_sintetizada": "5DAE7F092BD4116E0",
    "cantidad_archivos": 1,
    "archivos_fuente": [
      "Library/Application Support/Microsoft/Skype for Desktop/Cache/5dae7f092bd4116e_0"
    ],
    "ultima_modificacion": "2025-08-01 01:01:40.243864"
  },
  "dac4a1e91c7ccf520": {
    "app_sintetizada": "DAC4A1E91C7CCF520",
    "cantidad_archivos": 1,
    "archivos_fuente": [
      "Library/Application Support/Microsoft/Skype for Desktop/Cache/dac4a1e91c7ccf52_0"
    ],
    "ultima_modificacion": "2025-08-01 01:01:40.244190"
  },
  "ef98b2e593463b200": {
    "app_sintetizada": "EF98B2E593463B200",
    "cantidad_archivos": 1,
    "archivos_fuente": [
      "Library/Application Support/Microsoft/Skype for Desktop/Cache/ef98b2e593463b20_0"
    ],
    "ultima_modificacion": "2025-08-01 01:01:40.244521"
  },
  "d07d10f3752d88a70": {
    "app_sintetizada": "D07D10F3752D88A70",
    "cantidad_archivos": 1,
    "archivos_fuente": [
      "Library/Application Support/Microsoft/Skype for Desktop/Cache/d07d10f3752d88a7_0"
    ],
    "ultima_modificacion": "2025-08-01 01:01:40.244851"
  },
  "c5087696beeaa90e0": {
    "app_sintetizada": "C5087696BEEAA90E0",
    "cantidad_archivos": 1,
    "archivos_fuente": [
      "Library/Application Support/Microsoft/Skype for Desktop/Cache/c5087696beeaa90e_0"
    ],
    "ultima_modificacion": "2025-08-01 01:01:40.245189"
  },
  "884067b5105944700": {
    "app_sintetizada": "884067B5105944700",
    "cantidad_archivos": 1,
    "archivos_fuente": [
      "Library/Application Support/Microsoft/Skype for Desktop/Cache/884067b510594470_0"
    ],
    "ultima_modificacion": "2025-08-01 01:01:40.245530"
  },
  "adf8a193ed4c11810": {
    "app_sintetizada": "ADF8A193ED4C11810",
    "cantidad_archivos": 1,
    "archivos_fuente": [
      "Library/Application Support/Microsoft/Skype for Desktop/Cache/adf8a193ed4c1181_0"
    ],
    "ultima_modificacion": "2025-08-01 01:01:40.245858"
  },
  "027fb0c841cf82cb0": {
    "app_sintetizada": "027FB0C841CF82CB0",
    "cantidad_archivos": 1,
    "archivos_fuente": [
      "Library/Application Support/Microsoft/Skype for Desktop/Cache/027fb0c841cf82cb_0"
    ],
    "ultima_modificacion": "2025-08-01 01:01:40.246179"
  },
  "0ae9194ae31a4d100": {
    "app_sintetizada": "0AE9194AE31A4D100",
    "cantidad_archivos": 1,
    "archivos_fuente": [
      "Library/Application Support/Microsoft/Skype for Desktop/Cache/0ae9194ae31a4d10_0"
    ],
    "ultima_modificacion": "2025-08-01 01:01:40.247289"
  },
  "27bf7d22b378c7590": {
    "app_sintetizada": "27BF7D22B378C7590",
    "cantidad_archivos": 1,
    "archivos_fuente": [
      "Library/Application Support/Microsoft/Skype for Desktop/Cache/27bf7d22b378c759_0"
    ],
    "ultima_modificacion": "2025-08-01 01:01:40.247725"
  },
  "b547ec4cafe20fe80": {
    "app_sintetizada": "B547EC4CAFE20FE80",
    "cantidad_archivos": 1,
    "archivos_fuente": [
      "Library/Application Support/Microsoft/Skype for Desktop/Cache/b547ec4cafe20fe8_0"
    ],
    "ultima_modificacion": "2025-08-01 01:01:40.248093"
  },
  "262f85e25f654d110": {
    "app_sintetizada": "262F85E25F654D110",
    "cantidad_archivos": 1,
    "archivos_fuente": [
      "Library/Application Support/Microsoft/Skype for Desktop/Cache/262f85e25f654d11_0"
    ],
    "ultima_modificacion": "2025-08-01 01:01:40.248783"
  },
  "1d02b29281d6d2ff0": {
    "app_sintetizada": "1D02B29281D6D2FF0",
    "cantidad_archivos": 1,
    "archivos_fuente": [
      "Library/Application Support/Microsoft/Skype for Desktop/Cache/1d02b29281d6d2ff_0"
    ],
    "ultima_modificacion": "2025-08-01 01:01:40.249582"
  },
  "fc81584e580b7a340": {
    "app_sintetizada": "FC81584E580B7A340",
    "cantidad_archivos": 1,
    "archivos_fuente": [
      "Library/Application Support/Microsoft/Skype for Desktop/Cache/fc81584e580b7a34_0"
    ],
    "ultima_modificacion": "2025-08-01 01:01:40.250568"
  },
  "1d939c277493bc1a0": {
    "app_sintetizada": "1D939C277493BC1A0",
    "cantidad_archivos": 1,
    "archivos_fuente": [
      "Library/Application Support/Microsoft/Skype for Desktop/Cache/1d939c277493bc1a_0"
    ],
    "ultima_modificacion": "2025-08-01 01:01:40.251196"
  },
  "f113309d4268b7380": {
    "app_sintetizada": "F113309D4268B7380",
    "cantidad_archivos": 1,
    "archivos_fuente": [
      "Library/Application Support/Microsoft/Skype for Desktop/Cache/f113309d4268b738_0"
    ],
    "ultima_modificacion": "2025-08-01 01:01:40.251782"
  },
  "d7ff90721f86b3fc0": {
    "app_sintetizada": "D7FF90721F86B3FC0",
    "cantidad_archivos": 1,
    "archivos_fuente": [
      "Library/Application Support/Microsoft/Skype for Desktop/Cache/d7ff90721f86b3fc_0"
    ],
    "ultima_modificacion": "2025-08-01 01:01:40.253138"
  },
  "7da71ce0938b037a0": {
    "app_sintetizada": "7DA71CE0938B037A0",
    "cantidad_archivos": 1,
    "archivos_fuente": [
      "Library/Application Support/Microsoft/Skype for Desktop/Cache/7da71ce0938b037a_0"
    ],
    "ultima_modificacion": "2025-08-01 01:01:40.253696"
  },
  "56e8b457a6d3cef50": {
    "app_sintetizada": "56E8B457A6D3CEF50",
    "cantidad_archivos": 1,
    "archivos_fuente": [
      "Library/Application Support/Microsoft/Skype for Desktop/Cache/56e8b457a6d3cef5_0"
    ],
    "ultima_modificacion": "2025-08-01 01:01:40.254143"
  },
  "2f33e51fd05cce670": {
    "app_sintetizada": "2F33E51FD05CCE670",
    "cantidad_archivos": 1,
    "archivos_fuente": [
      "Library/Application Support/Microsoft/Skype for Desktop/Cache/2f33e51fd05cce67_0"
    ],
    "ultima_modificacion": "2025-08-01 01:01:40.254495"
  },
  "94ac616cdff3c01a0": {
    "app_sintetizada": "94AC616CDFF3C01A0",
    "cantidad_archivos": 1,
    "archivos_fuente": [
      "Library/Application Support/Microsoft/Skype for Desktop/Cache/94ac616cdff3c01a_0"
    ],
    "ultima_modificacion": "2025-08-01 01:01:40.254873"
  },
  "0478ab5b2fc74fc60": {
    "app_sintetizada": "0478AB5B2FC74FC60",
    "cantidad_archivos": 1,
    "archivos_fuente": [
      "Library/Application Support/Microsoft/Skype for Desktop/Cache/0478ab5b2fc74fc6_0"
    ],
    "ultima_modificacion": "2025-08-01 01:01:40.255257"
  },
  "433945428542e7390": {
    "app_sintetizada": "433945428542E7390",
    "cantidad_archivos": 1,
    "archivos_fuente": [
      "Library/Application Support/Microsoft/Skype for Desktop/Cache/433945428542e739_0"
    ],
    "ultima_modificacion": "2025-08-01 01:01:40.255638"
  },
  "52b10aa4017fdf8c0": {
    "app_sintetizada": "52B10AA4017FDF8C0",
    "cantidad_archivos": 1,
    "archivos_fuente": [
      "Library/Application Support/Microsoft/Skype for Desktop/Cache/52b10aa4017fdf8c_0"
    ],
    "ultima_modificacion": "2025-08-01 01:01:40.256324"
  },
  "d4e08d620249253f0": {
    "app_sintetizada": "D4E08D620249253F0",
    "cantidad_archivos": 1,
    "archivos_fuente": [
      "Library/Application Support/Microsoft/Skype for Desktop/Cache/d4e08d620249253f_0"
    ],
    "ultima_modificacion": "2025-08-01 01:01:40.256728"
  },
  "9758f175dd18e2c90": {
    "app_sintetizada": "9758F175DD18E2C90",
    "cantidad_archivos": 1,
    "archivos_fuente": [
      "Library/Application Support/Microsoft/Skype for Desktop/Cache/9758f175dd18e2c9_0"
    ],
    "ultima_modificacion": "2025-08-01 01:01:40.257085"
  },
  "c82cebc65284c9870": {
    "app_sintetizada": "C82CEBC65284C9870",
    "cantidad_archivos": 1,
    "archivos_fuente": [
      "Library/Application Support/Microsoft/Skype for Desktop/Cache/c82cebc65284c987_0"
    ],
    "ultima_modificacion": "2025-08-01 01:01:40.257451"
  },
  "9334cf237929364f0": {
    "app_sintetizada": "9334CF237929364F0",
    "cantidad_archivos": 1,
    "archivos_fuente": [
      "Library/Application Support/Microsoft/Skype for Desktop/Cache/9334cf237929364f_0"
    ],
    "ultima_modificacion": "2025-08-01 01:01:40.262584"
  },
  "5dfc73cd6b5886980": {
    "app_sintetizada": "5DFC73CD6B5886980",
    "cantidad_archivos": 1,
    "archivos_fuente": [
      "Library/Application Support/Microsoft/Skype for Desktop/Cache/5dfc73cd6b588698_0"
    ],
    "ultima_modificacion": "2025-08-01 01:01:40.263056"
  },
  "74e1406e70bcdd9d0": {
    "app_sintetizada": "74E1406E70BCDD9D0",
    "cantidad_archivos": 1,
    "archivos_fuente": [
      "Library/Application Support/Microsoft/Skype for Desktop/Cache/74e1406e70bcdd9d_0"
    ],
    "ultima_modificacion": "2025-08-01 01:01:40.263387"
  },
  "6dba161e6a2c349a0": {
    "app_sintetizada": "6DBA161E6A2C349A0",
    "cantidad_archivos": 1,
    "archivos_fuente": [
      "Library/Application Support/Microsoft/Skype for Desktop/Cache/6dba161e6a2c349a_0"
    ],
    "ultima_modificacion": "2025-08-01 01:01:40.263772"
  },
  "c1d8f37b67120ed90": {
    "app_sintetizada": "C1D8F37B67120ED90",
    "cantidad_archivos": 1,
    "archivos_fuente": [
      "Library/Application Support/Microsoft/Skype for Desktop/Cache/c1d8f37b67120ed9_0"
    ],
    "ultima_modificacion": "2025-08-01 01:01:40.264175"
  },
  "421e57e888db86d60": {
    "app_sintetizada": "421E57E888DB86D60",
    "cantidad_archivos": 1,
    "archivos_fuente": [
      "Library/Application Support/Microsoft/Skype for Desktop/Cache/421e57e888db86d6_0"
    ],
    "ultima_modificacion": "2025-08-01 01:01:40.264594"
  },
  "f6b1ee17f8dee7c90": {
    "app_sintetizada": "F6B1EE17F8DEE7C90",
    "cantidad_archivos": 1,
    "archivos_fuente": [
      "Library/Application Support/Microsoft/Skype for Desktop/Cache/f6b1ee17f8dee7c9_0"
    ],
    "ultima_modificacion": "2025-08-01 01:01:40.264917"
  },
  "b38445ed6e1459a10": {
    "app_sintetizada": "B38445ED6E1459A10",
    "cantidad_archivos": 1,
    "archivos_fuente": [
      "Library/Application Support/Microsoft/Skype for Desktop/Cache/b38445ed6e1459a1_0"
    ],
    "ultima_modificacion": "2025-08-01 01:01:40.265643"
  },
  "a60b28fa35f2e76b0": {
    "app_sintetizada": "A60B28FA35F2E76B0",
    "cantidad_archivos": 1,
    "archivos_fuente": [
      "Library/Application Support/Microsoft/Skype for Desktop/Cache/a60b28fa35f2e76b_0"
    ],
    "ultima_modificacion": "2025-08-01 01:01:40.267637"
  },
  "8e3f3c649d241abe0": {
    "app_sintetizada": "8E3F3C649D241ABE0",
    "cantidad_archivos": 1,
    "archivos_fuente": [
      "Library/Application Support/Microsoft/Skype for Desktop/Cache/8e3f3c649d241abe_0"
    ],
    "ultima_modificacion": "2025-08-01 01:01:40.268172"
  },
  "35a093ebdf0b14f70": {
    "app_sintetizada": "35A093EBDF0B14F70",
    "cantidad_archivos": 1,
    "archivos_fuente": [
      "Library/Application Support/Microsoft/Skype for Desktop/Cache/35a093ebdf0b14f7_0"
    ],
    "ultima_modificacion": "2025-08-01 01:01:40.268561"
  },
  "ef9e02e3f29313900": {
    "app_sintetizada": "EF9E02E3F29313900",
    "cantidad_archivos": 1,
    "archivos_fuente": [
      "Library/Application Support/Microsoft/Skype for Desktop/Cache/ef9e02e3f2931390_0"
    ],
    "ultima_modificacion": "2025-08-01 01:01:40.269043"
  },
  "60bec04e0722b1790": {
    "app_sintetizada": "60BEC04E0722B1790",
    "cantidad_archivos": 1,
    "archivos_fuente": [
      "Library/Application Support/Microsoft/Skype for Desktop/Cache/60bec04e0722b179_0"
    ],
    "ultima_modificacion": "2025-08-01 01:01:40.269421"
  },
  "8185800dbfc10c7a0": {
    "app_sintetizada": "8185800DBFC10C7A0",
    "cantidad_archivos": 1,
    "archivos_fuente": [
      "Library/Application Support/Microsoft/Skype for Desktop/Cache/8185800dbfc10c7a_0"
    ],
    "ultima_modificacion": "2025-08-01 01:01:40.269776"
  },
  "3b23bf7194f04d620": {
    "app_sintetizada": "3B23BF7194F04D620",
    "cantidad_archivos": 1,
    "archivos_fuente": [
      "Library/Application Support/Microsoft/Skype for Desktop/Cache/3b23bf7194f04d62_0"
    ],
    "ultima_modificacion": "2025-08-01 01:01:40.270167"
  },
  "aa2d7506442431b70": {
    "app_sintetizada": "AA2D7506442431B70",
    "cantidad_archivos": 1,
    "archivos_fuente": [
      "Library/Application Support/Microsoft/Skype for Desktop/Cache/aa2d7506442431b7_0"
    ],
    "ultima_modificacion": "2025-08-01 01:01:40.271361"
  },
  "9afa4260cd426e4f0": {
    "app_sintetizada": "9AFA4260CD426E4F0",
    "cantidad_archivos": 1,
    "archivos_fuente": [
      "Library/Application Support/Microsoft/Skype for Desktop/Cache/9afa4260cd426e4f_0"
    ],
    "ultima_modificacion": "2025-08-01 01:01:40.271748"
  },
  "084a49db0ec7a7d10": {
    "app_sintetizada": "084A49DB0EC7A7D10",
    "cantidad_archivos": 1,
    "archivos_fuente": [
      "Library/Application Support/Microsoft/Skype for Desktop/Cache/084a49db0ec7a7d1_0"
    ],
    "ultima_modificacion": "2025-08-01 01:01:40.272148"
  },
  "fcd3d0b9ee57c7a00": {
    "app_sintetizada": "FCD3D0B9EE57C7A00",
    "cantidad_archivos": 1,
    "archivos_fuente": [
      "Library/Application Support/Microsoft/Skype for Desktop/Cache/fcd3d0b9ee57c7a0_0"
    ],
    "ultima_modificacion": "2025-08-01 01:01:40.272594"
  },
  "c73de82e086ffd770": {
    "app_sintetizada": "C73DE82E086FFD770",
    "cantidad_archivos": 1,
    "archivos_fuente": [
      "Library/Application Support/Microsoft/Skype for Desktop/Cache/c73de82e086ffd77_0"
    ],
    "ultima_modificacion": "2025-08-01 01:01:40.272950"
  },
  "59ac72e89abf304d0": {
    "app_sintetizada": "59AC72E89ABF304D0",
    "cantidad_archivos": 1,
    "archivos_fuente": [
      "Library/Application Support/Microsoft/Skype for Desktop/Cache/59ac72e89abf304d_0"
    ],
    "ultima_modificacion": "2025-08-01 01:01:40.273387"
  },
  "f410d80f72e7958c0": {
    "app_sintetizada": "F410D80F72E7958C0",
    "cantidad_archivos": 1,
    "archivos_fuente": [
      "Library/Application Support/Microsoft/Skype for Desktop/Cache/f410d80f72e7958c_0"
    ],
    "ultima_modificacion": "2025-08-01 01:01:40.273782"
  },
  "a36f69f22030755a0": {
    "app_sintetizada": "A36F69F22030755A0",
    "cantidad_archivos": 1,
    "archivos_fuente": [
      "Library/Application Support/Microsoft/Skype for Desktop/Cache/a36f69f22030755a_0"
    ],
    "ultima_modificacion": "2025-08-01 01:01:40.275111"
  },
  "6cce6f93f4ff84a40": {
    "app_sintetizada": "6CCE6F93F4FF84A40",
    "cantidad_archivos": 1,
    "archivos_fuente": [
      "Library/Application Support/Microsoft/Skype for Desktop/Cache/6cce6f93f4ff84a4_0"
    ],
    "ultima_modificacion": "2025-08-01 01:01:40.275452"
  },
  "10e0d97e65b779ac0": {
    "app_sintetizada": "10E0D97E65B779AC0",
    "cantidad_archivos": 1,
    "archivos_fuente": [
      "Library/Application Support/Microsoft/Skype for Desktop/Cache/10e0d97e65b779ac_0"
    ],
    "ultima_modificacion": "2025-08-01 01:01:40.275731"
  },
  "1b1135c11c4e21a50": {
    "app_sintetizada": "1B1135C11C4E21A50",
    "cantidad_archivos": 1,
    "archivos_fuente": [
      "Library/Application Support/Microsoft/Skype for Desktop/Cache/1b1135c11c4e21a5_0"
    ],
    "ultima_modificacion": "2025-08-01 01:01:40.275975"
  },
  "d15a2a3aed9c38b40": {
    "app_sintetizada": "D15A2A3AED9C38B40",
    "cantidad_archivos": 1,
    "archivos_fuente": [
      "Library/Application Support/Microsoft/Skype for Desktop/Cache/d15a2a3aed9c38b4_0"
    ],
    "ultima_modificacion": "2025-08-01 01:01:40.276209"
  },
  "d9abace925274de20": {
    "app_sintetizada": "D9ABACE925274DE20",
    "cantidad_archivos": 1,
    "archivos_fuente": [
      "Library/Application Support/Microsoft/Skype for Desktop/Cache/d9abace925274de2_0"
    ],
    "ultima_modificacion": "2025-08-01 01:01:40.276453"
  },
  "dd3cf67c785e811d0": {
    "app_sintetizada": "DD3CF67C785E811D0",
    "cantidad_archivos": 1,
    "archivos_fuente": [
      "Library/Application Support/Microsoft/Skype for Desktop/Cache/dd3cf67c785e811d_0"
    ],
    "ultima_modificacion": "2025-08-01 01:01:40.276683"
  },
  "edb5e8fcc4fbddf80": {
    "app_sintetizada": "EDB5E8FCC4FBDDF80",
    "cantidad_archivos": 1,
    "archivos_fuente": [
      "Library/Application Support/Microsoft/Skype for Desktop/Cache/edb5e8fcc4fbddf8_0"
    ],
    "ultima_modificacion": "2025-08-01 01:01:40.276907"
  },
  "5ec38e64c7c7340d0": {
    "app_sintetizada": "5EC38E64C7C7340D0",
    "cantidad_archivos": 1,
    "archivos_fuente": [
      "Library/Application Support/Microsoft/Skype for Desktop/Cache/5ec38e64c7c7340d_0"
    ],
    "ultima_modificacion": "2025-08-01 01:01:40.277161"
  },
  "9de1cff89798a73a0": {
    "app_sintetizada": "9DE1CFF89798A73A0",
    "cantidad_archivos": 1,
    "archivos_fuente": [
      "Library/Application Support/Microsoft/Skype for Desktop/Cache/9de1cff89798a73a_0"
    ],
    "ultima_modificacion": "2025-08-01 01:01:40.277392"
  },
  "8f0ee1d9e708d46b0": {
    "app_sintetizada": "8F0EE1D9E708D46B0",
    "cantidad_archivos": 1,
    "archivos_fuente": [
      "Library/Application Support/Microsoft/Skype for Desktop/Cache/8f0ee1d9e708d46b_0"
    ],
    "ultima_modificacion": "2025-08-01 01:01:40.277626"
  },
  "13fde2af813c7d210": {
    "app_sintetizada": "13FDE2AF813C7D210",
    "cantidad_archivos": 1,
    "archivos_fuente": [
      "Library/Application Support/Microsoft/Skype for Desktop/Cache/13fde2af813c7d21_0"
    ],
    "ultima_modificacion": "2025-08-01 01:01:40.277844"
  },
  "2f98e788fe307fb20": {
    "app_sintetizada": "2F98E788FE307FB20",
    "cantidad_archivos": 1,
    "archivos_fuente": [
      "Library/Application Support/Microsoft/Skype for Desktop/Cache/2f98e788fe307fb2_0"
    ],
    "ultima_modificacion": "2025-08-01 01:01:40.278070"
  },
  "7b35e03a96dafe8d0": {
    "app_sintetizada": "7B35E03A96DAFE8D0",
    "cantidad_archivos": 1,
    "archivos_fuente": [
      "Library/Application Support/Microsoft/Skype for Desktop/Cache/7b35e03a96dafe8d_0"
    ],
    "ultima_modificacion": "2025-08-01 01:01:40.278292"
  },
  "7c68b3a1e72588720": {
    "app_sintetizada": "7C68B3A1E72588720",
    "cantidad_archivos": 1,
    "archivos_fuente": [
      "Library/Application Support/Microsoft/Skype for Desktop/Cache/7c68b3a1e7258872_0"
    ],
    "ultima_modificacion": "2025-08-01 01:01:40.278524"
  },
  "4b3255a72faa4c390": {
    "app_sintetizada": "4B3255A72FAA4C390",
    "cantidad_archivos": 1,
    "archivos_fuente": [
      "Library/Application Support/Microsoft/Skype for Desktop/Cache/4b3255a72faa4c39_0"
    ],
    "ultima_modificacion": "2025-08-01 01:01:40.278831"
  },
  "68af4e91bd5feac10": {
    "app_sintetizada": "68AF4E91BD5FEAC10",
    "cantidad_archivos": 1,
    "archivos_fuente": [
      "Library/Application Support/Microsoft/Skype for Desktop/Cache/68af4e91bd5feac1_0"
    ],
    "ultima_modificacion": "2025-08-01 01:01:40.279136"
  },
  "db961afbafcf9a7b0": {
    "app_sintetizada": "DB961AFBAFCF9A7B0",
    "cantidad_archivos": 1,
    "archivos_fuente": [
      "Library/Application Support/Microsoft/Skype for Desktop/Cache/db961afbafcf9a7b_0"
    ],
    "ultima_modificacion": "2025-08-01 01:01:40.279456"
  },
  "ea6b66324bc24f1b0": {
    "app_sintetizada": "EA6B66324BC24F1B0",
    "cantidad_archivos": 1,
    "archivos_fuente": [
      "Library/Application Support/Microsoft/Skype for Desktop/Cache/ea6b66324bc24f1b_0"
    ],
    "ultima_modificacion": "2025-08-01 01:01:40.279719"
  },
  "19175e0c60e6aff00": {
    "app_sintetizada": "19175E0C60E6AFF00",
    "cantidad_archivos": 1,
    "archivos_fuente": [
      "Library/Application Support/Microsoft/Skype for Desktop/Cache/19175e0c60e6aff0_0"
    ],
    "ultima_modificacion": "2025-08-01 01:01:40.280085"
  },
  "1794643b0c4c53d90": {
    "app_sintetizada": "1794643B0C4C53D90",
    "cantidad_archivos": 1,
    "archivos_fuente": [
      "Library/Application Support/Microsoft/Skype for Desktop/Cache/1794643b0c4c53d9_0"
    ],
    "ultima_modificacion": "2025-08-01 01:01:40.280517"
  },
  "9dda03034049c9d90": {
    "app_sintetizada": "9DDA03034049C9D90",
    "cantidad_archivos": 1,
    "archivos_fuente": [
      "Library/Application Support/Microsoft/Skype for Desktop/Cache/9dda03034049c9d9_0"
    ],
    "ultima_modificacion": "2025-08-01 01:01:40.280880"
  },
  "dfc659ba27ba04690": {
    "app_sintetizada": "DFC659BA27BA04690",
    "cantidad_archivos": 1,
    "archivos_fuente": [
      "Library/Application Support/Microsoft/Skype for Desktop/Cache/dfc659ba27ba0469_0"
    ],
    "ultima_modificacion": "2025-08-01 01:01:40.281132"
  },
  "0a0b171a814c52880": {
    "app_sintetizada": "0A0B171A814C52880",
    "cantidad_archivos": 1,
    "archivos_fuente": [
      "Library/Application Support/Microsoft/Skype for Desktop/Cache/0a0b171a814c5288_0"
    ],
    "ultima_modificacion": "2025-08-01 01:01:40.281367"
  },
  "3f2bab58aee2c9de0": {
    "app_sintetizada": "3F2BAB58AEE2C9DE0",
    "cantidad_archivos": 1,
    "archivos_fuente": [
      "Library/Application Support/Microsoft/Skype for Desktop/Cache/3f2bab58aee2c9de_0"
    ],
    "ultima_modificacion": "2025-08-01 01:01:40.281607"
  },
  "6366de4bd24261fe0": {
    "app_sintetizada": "6366DE4BD24261FE0",
    "cantidad_archivos": 1,
    "archivos_fuente": [
      "Library/Application Support/Microsoft/Skype for Desktop/Cache/6366de4bd24261fe_0"
    ],
    "ultima_modificacion": "2025-08-01 01:01:40.281950"
  },
  "f1cd15406143b3320": {
    "app_sintetizada": "F1CD15406143B3320",
    "cantidad_archivos": 1,
    "archivos_fuente": [
      "Library/Application Support/Microsoft/Skype for Desktop/Cache/f1cd15406143b332_0"
    ],
    "ultima_modificacion": "2025-08-01 01:01:40.282277"
  },
  "61923c19b1046a6a0": {
    "app_sintetizada": "61923C19B1046A6A0",
    "cantidad_archivos": 1,
    "archivos_fuente": [
      "Library/Application Support/Microsoft/Skype for Desktop/Cache/61923c19b1046a6a_0"
    ],
    "ultima_modificacion": "2025-08-01 01:01:40.283195"
  },
  "0bc5d72856506b040": {
    "app_sintetizada": "0BC5D72856506B040",
    "cantidad_archivos": 1,
    "archivos_fuente": [
      "Library/Application Support/Microsoft/Skype for Desktop/Cache/0bc5d72856506b04_0"
    ],
    "ultima_modificacion": "2025-08-01 01:01:40.284150"
  },
  "379b3834354a571e0": {
    "app_sintetizada": "379B3834354A571E0",
    "cantidad_archivos": 1,
    "archivos_fuente": [
      "Library/Application Support/Microsoft/Skype for Desktop/Cache/379b3834354a571e_0"
    ],
    "ultima_modificacion": "2025-08-01 01:01:40.284718"
  },
  "bd0f98a0bfe391900": {
    "app_sintetizada": "BD0F98A0BFE391900",
    "cantidad_archivos": 1,
    "archivos_fuente": [
      "Library/Application Support/Microsoft/Skype for Desktop/Cache/bd0f98a0bfe39190_0"
    ],
    "ultima_modificacion": "2025-08-01 01:01:40.285026"
  },
  "ea4e2199f205c90e0": {
    "app_sintetizada": "EA4E2199F205C90E0",
    "cantidad_archivos": 1,
    "archivos_fuente": [
      "Library/Application Support/Microsoft/Skype for Desktop/Cache/ea4e2199f205c90e_0"
    ],
    "ultima_modificacion": "2025-08-01 01:01:40.285271"
  },
  "d7990b5a4f2461d70": {
    "app_sintetizada": "D7990B5A4F2461D70",
    "cantidad_archivos": 1,
    "archivos_fuente": [
      "Library/Application Support/Microsoft/Skype for Desktop/Cache/d7990b5a4f2461d7_0"
    ],
    "ultima_modificacion": "2025-08-01 01:01:40.285624"
  },
  "f388bacf956b0b2f0": {
    "app_sintetizada": "F388BACF956B0B2F0",
    "cantidad_archivos": 1,
    "archivos_fuente": [
      "Library/Application Support/Microsoft/Skype for Desktop/Cache/f388bacf956b0b2f_0"
    ],
    "ultima_modificacion": "2025-08-01 01:01:40.285957"
  },
  "10ad714f091ea5400": {
    "app_sintetizada": "10AD714F091EA5400",
    "cantidad_archivos": 1,
    "archivos_fuente": [
      "Library/Application Support/Microsoft/Skype for Desktop/Cache/10ad714f091ea540_0"
    ],
    "ultima_modificacion": "2025-08-01 01:01:40.286190"
  },
  "6b9a6fa46826ee590": {
    "app_sintetizada": "6B9A6FA46826EE590",
    "cantidad_archivos": 1,
    "archivos_fuente": [
      "Library/Application Support/Microsoft/Skype for Desktop/Cache/6b9a6fa46826ee59_0"
    ],
    "ultima_modificacion": "2025-08-01 01:01:40.286432"
  }
}