{
  "23ea7e91e2594b38aec3ceed758dccf21105c.jpeg": {
    "app_sintetizada": "23EA7E91E2594B38AEC3CEED758DCCF21105C.JPEG",
    "cantidad_archivos": 1,
    "archivos_fuente": [
      "Pictures/Fototeca de Fotos.photoslibrary/resources/derivatives/2/23EA7E91-E259-4B38-AEC3-CEED758DCCF2_1_105_c.jpeg"
    ],
    "ultima_modificacion": "2025-08-01 01:01:27.833159"
  },
  "22eb5b79457e430f910069f38dbf96c61105c.jpeg": {
    "app_sintetizada": "22EB5B79457E430F910069F38DBF96C61105C.JPEG",
    "cantidad_archivos": 1,
    "archivos_fuente": [
      "Pictures/Fototeca de Fotos.photoslibrary/resources/derivatives/2/22EB5B79-457E-430F-9100-69F38DBF96C6_1_105_c.jpeg"
    ],
    "ultima_modificacion": "2025-08-01 01:01:27.833434"
  },
  "206571475ea94d238b55d26d30c6d4691105c.jpeg": {
    "app_sintetizada": "206571475EA94D238B55D26D30C6D4691105C.JPEG",
    "cantidad_archivos": 1,
    "archivos_fuente": [
      "Pictures/Fototeca de Fotos.photoslibrary/resources/derivatives/2/20657147-5EA9-4D23-8B55-D26D30C6D469_1_105_c.jpeg"
    ],
    "ultima_modificacion": "2025-08-01 01:01:27.833678"
  },
  "2fe05e63f51244ae884fd5003fd7e66f1105c.jpeg": {
    "app_sintetizada": "2FE05E63F51244AE884FD5003FD7E66F1105C.JPEG",
    "cantidad_archivos": 1,
    "archivos_fuente": [
      "Pictures/Fototeca de Fotos.photoslibrary/resources/derivatives/2/2FE05E63-F512-44AE-884F-D5003FD7E66F_1_105_c.jpeg"
    ],
    "ultima_modificacion": "2025-08-01 01:01:27.833915"
  },
  "2c30cc692ad4424583e7b752c9038ff31105c.jpeg": {
    "app_sintetizada": "2C30CC692AD4424583E7B752C9038FF31105C.JPEG",
    "cantidad_archivos": 1,
    "archivos_fuente": [
      "Pictures/Fototeca de Fotos.photoslibrary/resources/derivatives/2/2C30CC69-2AD4-4245-83E7-B752C9038FF3_1_105_c.jpeg"
    ],
    "ultima_modificacion": "2025-08-01 01:01:27.834147"
  },
  "20394ed6107444edb6b6a042e3636f191105c.jpeg": {
    "app_sintetizada": "20394ED6107444EDB6B6A042E3636F191105C.JPEG",
    "cantidad_archivos": 1,
    "archivos_fuente": [
      "Pictures/Fototeca de Fotos.photoslibrary/resources/derivatives/2/20394ED6-1074-44ED-B6B6-A042E3636F19_1_105_c.jpeg"
    ],
    "ultima_modificacion": "2025-08-01 01:01:27.834456"
  },
  "29f4fd9195b74940ba48670b4e6efc1d1105c.jpeg": {
    "app_sintetizada": "29F4FD9195B74940BA48670B4E6EFC1D1105C.JPEG",
    "cantidad_archivos": 1,
    "archivos_fuente": [
      "Pictures/Fototeca de Fotos.photoslibrary/resources/derivatives/2/29F4FD91-95B7-4940-BA48-670B4E6EFC1D_1_105_c.jpeg"
    ],
    "ultima_modificacion": "2025-08-01 01:01:27.834731"
  },
  "20ceb71d6a4a4f158fe74e52fae005991102o.jpeg": {
    "app_sintetizada": "20CEB71D6A4A4F158FE74E52FAE005991102O.JPEG",
    "cantidad_archivos": 1,
    "archivos_fuente": [
      "Pictures/Fototeca de Fotos.photoslibrary/resources/derivatives/2/20CEB71D-6A4A-4F15-8FE7-4E52FAE00599_1_102_o.jpeg"
    ],
    "ultima_modificacion": "2025-08-01 01:01:27.834966"
  },
  "208100b213364b92a134d8f2363658b61105c.jpeg": {
    "app_sintetizada": "208100B213364B92A134D8F2363658B61105C.JPEG",
    "cantidad_archivos": 1,
    "archivos_fuente": [
      "Pictures/Fototeca de Fotos.photoslibrary/resources/derivatives/2/208100B2-1336-4B92-A134-D8F2363658B6_1_105_c.jpeg"
    ],
    "ultima_modificacion": "2025-08-01 01:01:27.835211"
  },
  "295a73d41a8e45cf9ce1e83dc685b6431105c.jpeg": {
    "app_sintetizada": "295A73D41A8E45CF9CE1E83DC685B6431105C.JPEG",
    "cantidad_archivos": 1,
    "archivos_fuente": [
      "Pictures/Fototeca de Fotos.photoslibrary/resources/derivatives/2/295A73D4-1A8E-45CF-9CE1-E83DC685B643_1_105_c.jpeg"
    ],
    "ultima_modificacion": "2025-08-01 01:01:27.835444"
  },
  "271f1b1831f7492294d42125c02450c91105c.jpeg": {
    "app_sintetizada": "271F1B1831F7492294D42125C02450C91105C.JPEG",
    "cantidad_archivos": 1,
    "archivos_fuente": [
      "Pictures/Fototeca de Fotos.photoslibrary/resources/derivatives/2/271F1B18-31F7-4922-94D4-2125C02450C9_1_105_c.jpeg"
    ],
    "ultima_modificacion": "2025-08-01 01:01:27.835660"
  },
  "29b62d0626b2497d8b0c6fb923b239f81105c.jpeg": {
    "app_sintetizada": "29B62D0626B2497D8B0C6FB923B239F81105C.JPEG",
    "cantidad_archivos": 1,
    "archivos_fuente": [
      "Pictures/Fototeca de Fotos.photoslibrary/resources/derivatives/2/29B62D06-26B2-497D-8B0C-6FB923B239F8_1_105_c.jpeg"
    ],
    "ultima_modificacion": "2025-08-01 01:01:27.835892"
  },
  "2b3135fcea4e43768e6ab4b080846c5a1105c.jpeg": {
    "app_sintetizada": "2B3135FCEA4E43768E6AB4B080846C5A1105C.JPEG",
    "cantidad_archivos": 1,
    "archivos_fuente": [
      "Pictures/Fototeca de Fotos.photoslibrary/resources/derivatives/2/2B3135FC-EA4E-4376-8E6A-B4B080846C5A_1_105_c.jpeg"
    ],
    "ultima_modificacion": "2025-08-01 01:01:27.836122"
  },
  "28490d988d9640a6b4f5d1fdb625fef71105c.jpeg": {
    "app_sintetizada": "28490D988D9640A6B4F5D1FDB625FEF71105C.JPEG",
    "cantidad_archivos": 1,
    "archivos_fuente": [
      "Pictures/Fototeca de Fotos.photoslibrary/resources/derivatives/2/28490D98-8D96-40A6-B4F5-D1FDB625FEF7_1_105_c.jpeg"
    ],
    "ultima_modificacion": "2025-08-01 01:01:27.836337"
  },
  "28ae5249392648188a051fa5fd06d8ad.thm": {
    "app_sintetizada": "28AE5249392648188A051FA5FD06D8AD.THM",
    "cantidad_archivos": 1,
    "archivos_fuente": [
      "Pictures/Fototeca de Fotos.photoslibrary/resources/derivatives/2/28AE5249-3926-4818-8A05-1FA5FD06D8AD.THM"
    ],
    "ultima_modificacion": "2025-08-01 01:01:27.836707"
  },
  "2b72c31bcbb94612b83a209afef283821105c.jpeg": {
    "app_sintetizada": "2B72C31BCBB94612B83A209AFEF283821105C.JPEG",
    "cantidad_archivos": 1,
    "archivos_fuente": [
      "Pictures/Fototeca de Fotos.photoslibrary/resources/derivatives/2/2B72C31B-CBB9-4612-B83A-209AFEF28382_1_105_c.jpeg"
    ],
    "ultima_modificacion": "2025-08-01 01:01:27.837068"
  },
  "20f46c323aa544a6b4754d460960e0e91105c.jpeg": {
    "app_sintetizada": "20F46C323AA544A6B4754D460960E0E91105C.JPEG",
    "cantidad_archivos": 1,
    "archivos_fuente": [
      "Pictures/Fototeca de Fotos.photoslibrary/resources/derivatives/2/20F46C32-3AA5-44A6-B475-4D460960E0E9_1_105_c.jpeg"
    ],
    "ultima_modificacion": "2025-08-01 01:01:27.837954"
  },
  "2e740c042c0c4e7eb36f960f22b06ad1.thm": {
    "app_sintetizada": "2E740C042C0C4E7EB36F960F22B06AD1.THM",
    "cantidad_archivos": 1,
    "archivos_fuente": [
      "Pictures/Fototeca de Fotos.photoslibrary/resources/derivatives/2/2E740C04-2C0C-4E7E-B36F-960F22B06AD1.THM"
    ],
    "ultima_modificacion": "2025-08-01 01:01:27.838303"
  },
  "2436e7ec584d4c339904c50e5c82ec0f.thm": {
    "app_sintetizada": "2436E7EC584D4C339904C50E5C82EC0F.THM",
    "cantidad_archivos": 1,
    "archivos_fuente": [
      "Pictures/Fototeca de Fotos.photoslibrary/resources/derivatives/2/2436E7EC-584D-4C33-9904-C50E5C82EC0F.THM"
    ],
    "ultima_modificacion": "2025-08-01 01:01:27.838656"
  },
  "2667e3337df949f3880f217b758f70f51105c.jpeg": {
    "app_sintetizada": "2667E3337DF949F3880F217B758F70F51105C.JPEG",
    "cantidad_archivos": 1,
    "archivos_fuente": [
      "Pictures/Fototeca de Fotos.photoslibrary/resources/derivatives/2/2667E333-7DF9-49F3-880F-217B758F70F5_1_105_c.jpeg"
    ],
    "ultima_modificacion": "2025-08-01 01:01:27.839072"
  },
  "2e26c5ce5e1d49b580e0dff0b13309d41105c.jpeg": {
    "app_sintetizada": "2E26C5CE5E1D49B580E0DFF0B13309D41105C.JPEG",
    "cantidad_archivos": 1,
    "archivos_fuente": [
      "Pictures/Fototeca de Fotos.photoslibrary/resources/derivatives/2/2E26C5CE-5E1D-49B5-80E0-DFF0B13309D4_1_105_c.jpeg"
    ],
    "ultima_modificacion": "2025-08-01 01:01:27.839413"
  },
  "238dd549481a4dd0b241d913d6e754501105c.jpeg": {
    "app_sintetizada": "238DD549481A4DD0B241D913D6E754501105C.JPEG",
    "cantidad_archivos": 1,
    "archivos_fuente": [
      "Pictures/Fototeca de Fotos.photoslibrary/resources/derivatives/2/238DD549-481A-4DD0-B241-D913D6E75450_1_105_c.jpeg"
    ],
    "ultima_modificacion": "2025-08-01 01:01:27.839764"
  },
  "20f862917fba48febf39dc5fbc331bad1105c.jpeg": {
    "app_sintetizada": "20F862917FBA48FEBF39DC5FBC331BAD1105C.JPEG",
    "cantidad_archivos": 1,
    "archivos_fuente": [
      "Pictures/Fototeca de Fotos.photoslibrary/resources/derivatives/2/20F86291-7FBA-48FE-BF39-DC5FBC331BAD_1_105_c.jpeg"
    ],
    "ultima_modificacion": "2025-08-01 01:01:27.840115"
  },
  "2f147523b4064728baef1605fdced87a1105c.jpeg": {
    "app_sintetizada": "2F147523B4064728BAEF1605FDCED87A1105C.JPEG",
    "cantidad_archivos": 1,
    "archivos_fuente": [
      "Pictures/Fototeca de Fotos.photoslibrary/resources/derivatives/2/2F147523-B406-4728-BAEF-1605FDCED87A_1_105_c.jpeg"
    ],
    "ultima_modificacion": "2025-08-01 01:01:27.840479"
  },
  "20aa2115f6e6467488708fbbfdba7ae81105c.jpeg": {
    "app_sintetizada": "20AA2115F6E6467488708FBBFDBA7AE81105C.JPEG",
    "cantidad_archivos": 1,
    "archivos_fuente": [
      "Pictures/Fototeca de Fotos.photoslibrary/resources/derivatives/2/20AA2115-F6E6-4674-8870-8FBBFDBA7AE8_1_105_c.jpeg"
    ],
    "ultima_modificacion": "2025-08-01 01:01:27.840846"
  },
  "2de9608ba46b4882aa12ea73767562211105c.jpeg": {
    "app_sintetizada": "2DE9608BA46B4882AA12EA73767562211105C.JPEG",
    "cantidad_archivos": 1,
    "archivos_fuente": [
      "Pictures/Fototeca de Fotos.photoslibrary/resources/derivatives/2/2DE9608B-A46B-4882-AA12-EA7376756221_1_105_c.jpeg"
    ],
    "ultima_modificacion": "2025-08-01 01:01:27.841293"
  },
  "226fa26598b4426ebcf0a0a5a85e6e371105c.jpeg": {
    "app_sintetizada": "226FA26598B4426EBCF0A0A5A85E6E371105C.JPEG",
    "cantidad_archivos": 1,
    "archivos_fuente": [
      "Pictures/Fototeca de Fotos.photoslibrary/resources/derivatives/2/226FA265-98B4-426E-BCF0-A0A5A85E6E37_1_105_c.jpeg"
    ],
    "ultima_modificacion": "2025-08-01 01:01:27.841652"
  },
  "2b19a23cbecd479c9eb9cd3dc24e1b961105c.jpeg": {
    "app_sintetizada": "2B19A23CBECD479C9EB9CD3DC24E1B961105C.JPEG",
    "cantidad_archivos": 1,
    "archivos_fuente": [
      "Pictures/Fototeca de Fotos.photoslibrary/resources/derivatives/2/2B19A23C-BECD-479C-9EB9-CD3DC24E1B96_1_105_c.jpeg"
    ],
    "ultima_modificacion": "2025-08-01 01:01:27.841993"
  },
  "21740602588a4ba99a16c616952335901105c.jpeg": {
    "app_sintetizada": "21740602588A4BA99A16C616952335901105C.JPEG",
    "cantidad_archivos": 1,
    "archivos_fuente": [
      "Pictures/Fototeca de Fotos.photoslibrary/resources/derivatives/2/21740602-588A-4BA9-9A16-C61695233590_1_105_c.jpeg"
    ],
    "ultima_modificacion": "2025-08-01 01:01:27.842337"
  },
  "2b25990228864024a15eecff065700d41105c.jpeg": {
    "app_sintetizada": "2B25990228864024A15EECFF065700D41105C.JPEG",
    "cantidad_archivos": 1,
    "archivos_fuente": [
      "Pictures/Fototeca de Fotos.photoslibrary/resources/derivatives/2/2B259902-2886-4024-A15E-ECFF065700D4_1_105_c.jpeg"
    ],
    "ultima_modificacion": "2025-08-01 01:01:27.842649"
  },
  "215d8d64edb348bd966f7c11ac7c2a84.thm": {
    "app_sintetizada": "215D8D64EDB348BD966F7C11AC7C2A84.THM",
    "cantidad_archivos": 1,
    "archivos_fuente": [
      "Pictures/Fototeca de Fotos.photoslibrary/resources/derivatives/2/215D8D64-EDB3-48BD-966F-7C11AC7C2A84.THM"
    ],
    "ultima_modificacion": "2025-08-01 01:01:27.842984"
  },
  "22b62964aa3f483f841b255cc63936d61105c.jpeg": {
    "app_sintetizada": "22B62964AA3F483F841B255CC63936D61105C.JPEG",
    "cantidad_archivos": 1,
    "archivos_fuente": [
      "Pictures/Fototeca de Fotos.photoslibrary/resources/derivatives/2/22B62964-AA3F-483F-841B-255CC63936D6_1_105_c.jpeg"
    ],
    "ultima_modificacion": "2025-08-01 01:01:27.843302"
  },
  "29886ee2384d415d82066f0d372804e21105c.jpeg": {
    "app_sintetizada": "29886EE2384D415D82066F0D372804E21105C.JPEG",
    "cantidad_archivos": 1,
    "archivos_fuente": [
      "Pictures/Fototeca de Fotos.photoslibrary/resources/derivatives/2/29886EE2-384D-415D-8206-6F0D372804E2_1_105_c.jpeg"
    ],
    "ultima_modificacion": "2025-08-01 01:01:27.843655"
  },
  "2c059a922a954b03a271877755a3d53e1105c.jpeg": {
    "app_sintetizada": "2C059A922A954B03A271877755A3D53E1105C.JPEG",
    "cantidad_archivos": 1,
    "archivos_fuente": [
      "Pictures/Fototeca de Fotos.photoslibrary/resources/derivatives/2/2C059A92-2A95-4B03-A271-877755A3D53E_1_105_c.jpeg"
    ],
    "ultima_modificacion": "2025-08-01 01:01:27.843993"
  },
  "24e2815fe44446538bc120c9b101cb331105c.jpeg": {
    "app_sintetizada": "24E2815FE44446538BC120C9B101CB331105C.JPEG",
    "cantidad_archivos": 1,
    "archivos_fuente": [
      "Pictures/Fototeca de Fotos.photoslibrary/resources/derivatives/2/24E2815F-E444-4653-8BC1-20C9B101CB33_1_105_c.jpeg"
    ],
    "ultima_modificacion": "2025-08-01 01:01:27.844362"
  },
  "20bcf284cef540ebafbbdeebd070cca41105c.jpeg": {
    "app_sintetizada": "20BCF284CEF540EBAFBBDEEBD070CCA41105C.JPEG",
    "cantidad_archivos": 1,
    "archivos_fuente": [
      "Pictures/Fototeca de Fotos.photoslibrary/resources/derivatives/2/20BCF284-CEF5-40EB-AFBB-DEEBD070CCA4_1_105_c.jpeg"
    ],
    "ultima_modificacion": "2025-08-01 01:01:27.844721"
  },
  "2d05d507e2f840a986773fc13d52be641105c.jpeg": {
    "app_sintetizada": "2D05D507E2F840A986773FC13D52BE641105C.JPEG",
    "cantidad_archivos": 1,
    "archivos_fuente": [
      "Pictures/Fototeca de Fotos.photoslibrary/resources/derivatives/2/2D05D507-E2F8-40A9-8677-3FC13D52BE64_1_105_c.jpeg"
    ],
    "ultima_modificacion": "2025-08-01 01:01:27.845304"
  },
  "2aadcf471942489eb5bfbeb6f05267371105c.jpeg": {
    "app_sintetizada": "2AADCF471942489EB5BFBEB6F05267371105C.JPEG",
    "cantidad_archivos": 1,
    "archivos_fuente": [
      "Pictures/Fototeca de Fotos.photoslibrary/resources/derivatives/2/2AADCF47-1942-489E-B5BF-BEB6F0526737_1_105_c.jpeg"
    ],
    "ultima_modificacion": "2025-08-01 01:01:27.845610"
  },
  "2343ac1da8a84055ac39cf7333de986e1105c.jpeg": {
    "app_sintetizada": "2343AC1DA8A84055AC39CF7333DE986E1105C.JPEG",
    "cantidad_archivos": 1,
    "archivos_fuente": [
      "Pictures/Fototeca de Fotos.photoslibrary/resources/derivatives/2/2343AC1D-A8A8-4055-AC39-CF7333DE986E_1_105_c.jpeg"
    ],
    "ultima_modificacion": "2025-08-01 01:01:27.845932"
  },
  "218ef470e8d7457192281ec34d0a8c5a1105c.jpeg": {
    "app_sintetizada": "218EF470E8D7457192281EC34D0A8C5A1105C.JPEG",
    "cantidad_archivos": 1,
    "archivos_fuente": [
      "Pictures/Fototeca de Fotos.photoslibrary/resources/derivatives/2/218EF470-E8D7-4571-9228-1EC34D0A8C5A_1_105_c.jpeg"
    ],
    "ultima_modificacion": "2025-08-01 01:01:27.846281"
  },
  "2275f0e09b8747219a15cdbc8ba374821105c.jpeg": {
    "app_sintetizada": "2275F0E09B8747219A15CDBC8BA374821105C.JPEG",
    "cantidad_archivos": 1,
    "archivos_fuente": [
      "Pictures/Fototeca de Fotos.photoslibrary/resources/derivatives/2/2275F0E0-9B87-4721-9A15-CDBC8BA37482_1_105_c.jpeg"
    ],
    "ultima_modificacion": "2025-08-01 01:01:27.846613"
  },
  "27ec470ec5d046cfb0947e4a3083a38c1105c.jpeg": {
    "app_sintetizada": "27EC470EC5D046CFB0947E4A3083A38C1105C.JPEG",
    "cantidad_archivos": 1,
    "archivos_fuente": [
      "Pictures/Fototeca de Fotos.photoslibrary/resources/derivatives/2/27EC470E-C5D0-46CF-B094-7E4A3083A38C_1_105_c.jpeg"
    ],
    "ultima_modificacion": "2025-08-01 01:01:27.846986"
  },
  "26282ecf81834ba8a3e92be4c45c73b11105c.jpeg": {
    "app_sintetizada": "26282ECF81834BA8A3E92BE4C45C73B11105C.JPEG",
    "cantidad_archivos": 1,
    "archivos_fuente": [
      "Pictures/Fototeca de Fotos.photoslibrary/resources/derivatives/2/26282ECF-8183-4BA8-A3E9-2BE4C45C73B1_1_105_c.jpeg"
    ],
    "ultima_modificacion": "2025-08-01 01:01:27.847337"
  },
  "28188f1db07f4609917c1de59b3720321105c.jpeg": {
    "app_sintetizada": "28188F1DB07F4609917C1DE59B3720321105C.JPEG",
    "cantidad_archivos": 1,
    "archivos_fuente": [
      "Pictures/Fototeca de Fotos.photoslibrary/resources/derivatives/2/28188F1D-B07F-4609-917C-1DE59B372032_1_105_c.jpeg"
    ],
    "ultima_modificacion": "2025-08-01 01:01:27.847714"
  },
  "298e22aeca9f4bd3be824be1f20fae0b1105c.jpeg": {
    "app_sintetizada": "298E22AECA9F4BD3BE824BE1F20FAE0B1105C.JPEG",
    "cantidad_archivos": 1,
    "archivos_fuente": [
      "Pictures/Fototeca de Fotos.photoslibrary/resources/derivatives/2/298E22AE-CA9F-4BD3-BE82-4BE1F20FAE0B_1_105_c.jpeg"
    ],
    "ultima_modificacion": "2025-08-01 01:01:27.848088"
  },
  "2dd1666fffbc4556b0cc05cf568e6db51105c.jpeg": {
    "app_sintetizada": "2DD1666FFFBC4556B0CC05CF568E6DB51105C.JPEG",
    "cantidad_archivos": 1,
    "archivos_fuente": [
      "Pictures/Fototeca de Fotos.photoslibrary/resources/derivatives/2/2DD1666F-FFBC-4556-B0CC-05CF568E6DB5_1_105_c.jpeg"
    ],
    "ultima_modificacion": "2025-08-01 01:01:27.848462"
  },
  "2b1d672ddfc2478da85e55af25f7171c1105c.jpeg": {
    "app_sintetizada": "2B1D672DDFC2478DA85E55AF25F7171C1105C.JPEG",
    "cantidad_archivos": 1,
    "archivos_fuente": [
      "Pictures/Fototeca de Fotos.photoslibrary/resources/derivatives/2/2B1D672D-DFC2-478D-A85E-55AF25F7171C_1_105_c.jpeg"
    ],
    "ultima_modificacion": "2025-08-01 01:01:27.848821"
  },
  "254c9bf713f64f8490469f09fb5349b51105c.jpeg": {
    "app_sintetizada": "254C9BF713F64F8490469F09FB5349B51105C.JPEG",
    "cantidad_archivos": 1,
    "archivos_fuente": [
      "Pictures/Fototeca de Fotos.photoslibrary/resources/derivatives/2/254C9BF7-13F6-4F84-9046-9F09FB5349B5_1_105_c.jpeg"
    ],
    "ultima_modificacion": "2025-08-01 01:01:27.849167"
  },
  "29d8aced0d074cf7a736c16300d18a571105c.jpeg": {
    "app_sintetizada": "29D8ACED0D074CF7A736C16300D18A571105C.JPEG",
    "cantidad_archivos": 1,
    "archivos_fuente": [
      "Pictures/Fototeca de Fotos.photoslibrary/resources/derivatives/2/29D8ACED-0D07-4CF7-A736-C16300D18A57_1_105_c.jpeg"
    ],
    "ultima_modificacion": "2025-08-01 01:01:27.849540"
  },
  "22c4da1b0fdf42b3853cf753ed91bbf31105c.jpeg": {
    "app_sintetizada": "22C4DA1B0FDF42B3853CF753ED91BBF31105C.JPEG",
    "cantidad_archivos": 1,
    "archivos_fuente": [
      "Pictures/Fototeca de Fotos.photoslibrary/resources/derivatives/2/22C4DA1B-0FDF-42B3-853C-F753ED91BBF3_1_105_c.jpeg"
    ],
    "ultima_modificacion": "2025-08-01 01:01:27.849895"
  },
  "2a4074424c96474bbdd5dd84f6a56a891105c.jpeg": {
    "app_sintetizada": "2A4074424C96474BBDD5DD84F6A56A891105C.JPEG",
    "cantidad_archivos": 1,
    "archivos_fuente": [
      "Pictures/Fototeca de Fotos.photoslibrary/resources/derivatives/2/2A407442-4C96-474B-BDD5-DD84F6A56A89_1_105_c.jpeg"
    ],
    "ultima_modificacion": "2025-08-01 01:01:27.850254"
  },
  "233eec6f009f42189c1fe2be2dd95c521105c.jpeg": {
    "app_sintetizada": "233EEC6F009F42189C1FE2BE2DD95C521105C.JPEG",
    "cantidad_archivos": 1,
    "archivos_fuente": [
      "Pictures/Fototeca de Fotos.photoslibrary/resources/derivatives/2/233EEC6F-009F-4218-9C1F-E2BE2DD95C52_1_105_c.jpeg"
    ],
    "ultima_modificacion": "2025-08-01 01:01:27.850590"
  },
  "218c359b1d8d4eafa1ed7c41ccb047de1105c.jpeg": {
    "app_sintetizada": "218C359B1D8D4EAFA1ED7C41CCB047DE1105C.JPEG",
    "cantidad_archivos": 1,
    "archivos_fuente": [
      "Pictures/Fototeca de Fotos.photoslibrary/resources/derivatives/2/218C359B-1D8D-4EAF-A1ED-7C41CCB047DE_1_105_c.jpeg"
    ],
    "ultima_modificacion": "2025-08-01 01:01:27.850933"
  },
  "288e89e3d65a45109c94a8d0a651b9331105c.jpeg": {
    "app_sintetizada": "288E89E3D65A45109C94A8D0A651B9331105C.JPEG",
    "cantidad_archivos": 1,
    "archivos_fuente": [
      "Pictures/Fototeca de Fotos.photoslibrary/resources/derivatives/2/288E89E3-D65A-4510-9C94-A8D0A651B933_1_105_c.jpeg"
    ],
    "ultima_modificacion": "2025-08-01 01:01:27.851256"
  },
  "23ebb865b81343fbb1c92f9e7305b7c01105c.jpeg": {
    "app_sintetizada": "23EBB865B81343FBB1C92F9E7305B7C01105C.JPEG",
    "cantidad_archivos": 1,
    "archivos_fuente": [
      "Pictures/Fototeca de Fotos.photoslibrary/resources/derivatives/2/23EBB865-B813-43FB-B1C9-2F9E7305B7C0_1_105_c.jpeg"
    ],
    "ultima_modificacion": "2025-08-01 01:01:27.851601"
  },
  "2c5d49ca98cc4d5388b332f79f07fa9b1105c.jpeg": {
    "app_sintetizada": "2C5D49CA98CC4D5388B332F79F07FA9B1105C.JPEG",
    "cantidad_archivos": 1,
    "archivos_fuente": [
      "Pictures/Fototeca de Fotos.photoslibrary/resources/derivatives/2/2C5D49CA-98CC-4D53-88B3-32F79F07FA9B_1_105_c.jpeg"
    ],
    "ultima_modificacion": "2025-08-01 01:01:27.851942"
  },
  "25b96d87b99c427c8780c2120ccf276f1105c.jpeg": {
    "app_sintetizada": "25B96D87B99C427C8780C2120CCF276F1105C.JPEG",
    "cantidad_archivos": 1,
    "archivos_fuente": [
      "Pictures/Fototeca de Fotos.photoslibrary/resources/derivatives/2/25B96D87-B99C-427C-8780-C2120CCF276F_1_105_c.jpeg"
    ],
    "ultima_modificacion": "2025-08-01 01:01:27.852266"
  },
  "2276ced4144047da91354917cf6d69f11105c.jpeg": {
    "app_sintetizada": "2276CED4144047DA91354917CF6D69F11105C.JPEG",
    "cantidad_archivos": 1,
    "archivos_fuente": [
      "Pictures/Fototeca de Fotos.photoslibrary/resources/derivatives/2/2276CED4-1440-47DA-9135-4917CF6D69F1_1_105_c.jpeg"
    ],
    "ultima_modificacion": "2025-08-01 01:01:27.852632"
  },
  "2d13eabad4bf4845a1add68ba90175bb1105c.jpeg": {
    "app_sintetizada": "2D13EABAD4BF4845A1ADD68BA90175BB1105C.JPEG",
    "cantidad_archivos": 1,
    "archivos_fuente": [
      "Pictures/Fototeca de Fotos.photoslibrary/resources/derivatives/2/2D13EABA-D4BF-4845-A1AD-D68BA90175BB_1_105_c.jpeg"
    ],
    "ultima_modificacion": "2025-08-01 01:01:27.852952"
  },
  "23311eea0f9a4e8684f74977186932001105c.jpeg": {
    "app_sintetizada": "23311EEA0F9A4E8684F74977186932001105C.JPEG",
    "cantidad_archivos": 1,
    "archivos_fuente": [
      "Pictures/Fototeca de Fotos.photoslibrary/resources/derivatives/2/23311EEA-0F9A-4E86-84F7-497718693200_1_105_c.jpeg"
    ],
    "ultima_modificacion": "2025-08-01 01:01:27.853279"
  },
  "2eca6963f99649babf197325ec948dfb1105c.jpeg": {
    "app_sintetizada": "2ECA6963F99649BABF197325EC948DFB1105C.JPEG",
    "cantidad_archivos": 1,
    "archivos_fuente": [
      "Pictures/Fototeca de Fotos.photoslibrary/resources/derivatives/2/2ECA6963-F996-49BA-BF19-7325EC948DFB_1_105_c.jpeg"
    ],
    "ultima_modificacion": "2025-08-01 01:01:27.853599"
  },
  "2df4108d694449cba387e7be1efa0d061105c.jpeg": {
    "app_sintetizada": "2DF4108D694449CBA387E7BE1EFA0D061105C.JPEG",
    "cantidad_archivos": 1,
    "archivos_fuente": [
      "Pictures/Fototeca de Fotos.photoslibrary/resources/derivatives/2/2DF4108D-6944-49CB-A387-E7BE1EFA0D06_1_105_c.jpeg"
    ],
    "ultima_modificacion": "2025-08-01 01:01:27.853923"
  },
  "2a4014a4f84140f8a6138bc416fd36ee1105c.jpeg": {
    "app_sintetizada": "2A4014A4F84140F8A6138BC416FD36EE1105C.JPEG",
    "cantidad_archivos": 1,
    "archivos_fuente": [
      "Pictures/Fototeca de Fotos.photoslibrary/resources/derivatives/2/2A4014A4-F841-40F8-A613-8BC416FD36EE_1_105_c.jpeg"
    ],
    "ultima_modificacion": "2025-08-01 01:01:27.854244"
  },
  "25a6c3231e714c56bc9feb0d88519cbc.thm": {
    "app_sintetizada": "25A6C3231E714C56BC9FEB0D88519CBC.THM",
    "cantidad_archivos": 1,
    "archivos_fuente": [
      "Pictures/Fototeca de Fotos.photoslibrary/resources/derivatives/2/25A6C323-1E71-4C56-BC9F-EB0D88519CBC.THM"
    ],
    "ultima_modificacion": "2025-08-01 01:01:27.854571"
  },
  "2a1c03d7d91c43b882eb6bae62b54cb61105c.jpeg": {
    "app_sintetizada": "2A1C03D7D91C43B882EB6BAE62B54CB61105C.JPEG",
    "cantidad_archivos": 1,
    "archivos_fuente": [
      "Pictures/Fototeca de Fotos.photoslibrary/resources/derivatives/2/2A1C03D7-D91C-43B8-82EB-6BAE62B54CB6_1_105_c.jpeg"
    ],
    "ultima_modificacion": "2025-08-01 01:01:27.854943"
  },
  "2fde103216b749d686326c524e1a33871105c.jpeg": {
    "app_sintetizada": "2FDE103216B749D686326C524E1A33871105C.JPEG",
    "cantidad_archivos": 1,
    "archivos_fuente": [
      "Pictures/Fototeca de Fotos.photoslibrary/resources/derivatives/2/2FDE1032-16B7-49D6-8632-6C524E1A3387_1_105_c.jpeg"
    ],
    "ultima_modificacion": "2025-08-01 01:01:27.855289"
  },
  "2578ac52e7d94111a80d766b5c99525c1105c.jpeg": {
    "app_sintetizada": "2578AC52E7D94111A80D766B5C99525C1105C.JPEG",
    "cantidad_archivos": 1,
    "archivos_fuente": [
      "Pictures/Fototeca de Fotos.photoslibrary/resources/derivatives/2/2578AC52-E7D9-4111-A80D-766B5C99525C_1_105_c.jpeg"
    ],
    "ultima_modificacion": "2025-08-01 01:01:27.855607"
  },
  "2be6e6482dd7488794c66724a02d11aa1105c.jpeg": {
    "app_sintetizada": "2BE6E6482DD7488794C66724A02D11AA1105C.JPEG",
    "cantidad_archivos": 1,
    "archivos_fuente": [
      "Pictures/Fototeca de Fotos.photoslibrary/resources/derivatives/2/2BE6E648-2DD7-4887-94C6-6724A02D11AA_1_105_c.jpeg"
    ],
    "ultima_modificacion": "2025-08-01 01:01:27.855961"
  },
  "201099c9e00a420997e324d6827f13c71105c.jpeg": {
    "app_sintetizada": "201099C9E00A420997E324D6827F13C71105C.JPEG",
    "cantidad_archivos": 1,
    "archivos_fuente": [
      "Pictures/Fototeca de Fotos.photoslibrary/resources/derivatives/2/201099C9-E00A-4209-97E3-24D6827F13C7_1_105_c.jpeg"
    ],
    "ultima_modificacion": "2025-08-01 01:01:27.856304"
  },
  "2dc7e600826d40818b45fed5c99c1bd21105c.jpeg": {
    "app_sintetizada": "2DC7E600826D40818B45FED5C99C1BD21105C.JPEG",
    "cantidad_archivos": 1,
    "archivos_fuente": [
      "Pictures/Fototeca de Fotos.photoslibrary/resources/derivatives/2/2DC7E600-826D-4081-8B45-FED5C99C1BD2_1_105_c.jpeg"
    ],
    "ultima_modificacion": "2025-08-01 01:01:27.856633"
  },
  "2b1419196e614e9eac83e67c5735b6151105c.jpeg": {
    "app_sintetizada": "2B1419196E614E9EAC83E67C5735B6151105C.JPEG",
    "cantidad_archivos": 1,
    "archivos_fuente": [
      "Pictures/Fototeca de Fotos.photoslibrary/resources/derivatives/2/2B141919-6E61-4E9E-AC83-E67C5735B615_1_105_c.jpeg"
    ],
    "ultima_modificacion": "2025-08-01 01:01:27.856958"
  },
  "2b975454cb744104a7ad122be39b47c41105c.jpeg": {
    "app_sintetizada": "2B975454CB744104A7AD122BE39B47C41105C.JPEG",
    "cantidad_archivos": 1,
    "archivos_fuente": [
      "Pictures/Fototeca de Fotos.photoslibrary/resources/derivatives/2/2B975454-CB74-4104-A7AD-122BE39B47C4_1_105_c.jpeg"
    ],
    "ultima_modificacion": "2025-08-01 01:01:27.857283"
  },
  "2a7b40708a574ba8b3fc7a8c729044ab1105c.jpeg": {
    "app_sintetizada": "2A7B40708A574BA8B3FC7A8C729044AB1105C.JPEG",
    "cantidad_archivos": 1,
    "archivos_fuente": [
      "Pictures/Fototeca de Fotos.photoslibrary/resources/derivatives/2/2A7B4070-8A57-4BA8-B3FC-7A8C729044AB_1_105_c.jpeg"
    ],
    "ultima_modificacion": "2025-08-01 01:01:27.857602"
  },
  "21313ef8c83644c09933db2c16d800391105c.jpeg": {
    "app_sintetizada": "21313EF8C83644C09933DB2C16D800391105C.JPEG",
    "cantidad_archivos": 1,
    "archivos_fuente": [
      "Pictures/Fototeca de Fotos.photoslibrary/resources/derivatives/2/21313EF8-C836-44C0-9933-DB2C16D80039_1_105_c.jpeg"
    ],
    "ultima_modificacion": "2025-08-01 01:01:27.857944"
  },
  "29f59b10eca1475db95cb60b4e02baf51105c.jpeg": {
    "app_sintetizada": "29F59B10ECA1475DB95CB60B4E02BAF51105C.JPEG",
    "cantidad_archivos": 1,
    "archivos_fuente": [
      "Pictures/Fototeca de Fotos.photoslibrary/resources/derivatives/2/29F59B10-ECA1-475D-B95C-B60B4E02BAF5_1_105_c.jpeg"
    ],
    "ultima_modificacion": "2025-08-01 01:01:27.858298"
  },
  "21c2b6e775c34b73a7b91fcab61f3d671105c.jpeg": {
    "app_sintetizada": "21C2B6E775C34B73A7B91FCAB61F3D671105C.JPEG",
    "cantidad_archivos": 1,
    "archivos_fuente": [
      "Pictures/Fototeca de Fotos.photoslibrary/resources/derivatives/2/21C2B6E7-75C3-4B73-A7B9-1FCAB61F3D67_1_105_c.jpeg"
    ],
    "ultima_modificacion": "2025-08-01 01:01:27.858685"
  },
  "2ff2f6da155d48be85196e5758b5bf051105c.jpeg": {
    "app_sintetizada": "2FF2F6DA155D48BE85196E5758B5BF051105C.JPEG",
    "cantidad_archivos": 1,
    "archivos_fuente": [
      "Pictures/Fototeca de Fotos.photoslibrary/resources/derivatives/2/2FF2F6DA-155D-48BE-8519-6E5758B5BF05_1_105_c.jpeg"
    ],
    "ultima_modificacion": "2025-08-01 01:01:27.859032"
  },
  "23943454d9054e02b203b8313f3220641105c.jpeg": {
    "app_sintetizada": "23943454D9054E02B203B8313F3220641105C.JPEG",
    "cantidad_archivos": 1,
    "archivos_fuente": [
      "Pictures/Fototeca de Fotos.photoslibrary/resources/derivatives/2/23943454-D905-4E02-B203-B8313F322064_1_105_c.jpeg"
    ],
    "ultima_modificacion": "2025-08-01 01:01:27.859391"
  },
  "204d8f6396814db8adfc1ad193a3ed0a.thm": {
    "app_sintetizada": "204D8F6396814DB8ADFC1AD193A3ED0A.THM",
    "cantidad_archivos": 1,
    "archivos_fuente": [
      "Pictures/Fototeca de Fotos.photoslibrary/resources/derivatives/2/204D8F63-9681-4DB8-ADFC-1AD193A3ED0A.THM"
    ],
    "ultima_modificacion": "2025-08-01 01:01:27.859789"
  },
  "2530a677fdf14499a5236700397932151105c.jpeg": {
    "app_sintetizada": "2530A677FDF14499A5236700397932151105C.JPEG",
    "cantidad_archivos": 1,
    "archivos_fuente": [
      "Pictures/Fototeca de Fotos.photoslibrary/resources/derivatives/2/2530A677-FDF1-4499-A523-670039793215_1_105_c.jpeg"
    ],
    "ultima_modificacion": "2025-08-01 01:01:27.860170"
  },
  "227b9528e98d4b16a0e217483a9e95b21105c.jpeg": {
    "app_sintetizada": "227B9528E98D4B16A0E217483A9E95B21105C.JPEG",
    "cantidad_archivos": 1,
    "archivos_fuente": [
      "Pictures/Fototeca de Fotos.photoslibrary/resources/derivatives/2/227B9528-E98D-4B16-A0E2-17483A9E95B2_1_105_c.jpeg"
    ],
    "ultima_modificacion": "2025-08-01 01:01:27.860541"
  },
  "21c5fe8adea6477e83e62140de63ad9f1105c.jpeg": {
    "app_sintetizada": "21C5FE8ADEA6477E83E62140DE63AD9F1105C.JPEG",
    "cantidad_archivos": 1,
    "archivos_fuente": [
      "Pictures/Fototeca de Fotos.photoslibrary/resources/derivatives/2/21C5FE8A-DEA6-477E-83E6-2140DE63AD9F_1_105_c.jpeg"
    ],
    "ultima_modificacion": "2025-08-01 01:01:27.860906"
  },
  "2de5dea3177446be8719fdc9576d9a661105c.jpeg": {
    "app_sintetizada": "2DE5DEA3177446BE8719FDC9576D9A661105C.JPEG",
    "cantidad_archivos": 1,
    "archivos_fuente": [
      "Pictures/Fototeca de Fotos.photoslibrary/resources/derivatives/2/2DE5DEA3-1774-46BE-8719-FDC9576D9A66_1_105_c.jpeg"
    ],
    "ultima_modificacion": "2025-08-01 01:01:27.861341"
  },
  "24c15b9d8b064eea941d77e2dd68bed81105c.jpeg": {
    "app_sintetizada": "24C15B9D8B064EEA941D77E2DD68BED81105C.JPEG",
    "cantidad_archivos": 1,
    "archivos_fuente": [
      "Pictures/Fototeca de Fotos.photoslibrary/resources/derivatives/2/24C15B9D-8B06-4EEA-941D-77E2DD68BED8_1_105_c.jpeg"
    ],
    "ultima_modificacion": "2025-08-01 01:01:27.861634"
  },
  "2dbdc9ae0ae74968b10c7c409fb230f31105c.jpeg": {
    "app_sintetizada": "2DBDC9AE0AE74968B10C7C409FB230F31105C.JPEG",
    "cantidad_archivos": 1,
    "archivos_fuente": [
      "Pictures/Fototeca de Fotos.photoslibrary/resources/derivatives/2/2DBDC9AE-0AE7-4968-B10C-7C409FB230F3_1_105_c.jpeg"
    ],
    "ultima_modificacion": "2025-08-01 01:01:27.861892"
  },
  "268595ed782e400786819480a66572f51105c.jpeg": {
    "app_sintetizada": "268595ED782E400786819480A66572F51105C.JPEG",
    "cantidad_archivos": 1,
    "archivos_fuente": [
      "Pictures/Fototeca de Fotos.photoslibrary/resources/derivatives/2/268595ED-782E-4007-8681-9480A66572F5_1_105_c.jpeg"
    ],
    "ultima_modificacion": "2025-08-01 01:01:27.862124"
  },
  "2602d44ba4aa442aa9b83a2754529ccb1105c.jpeg": {
    "app_sintetizada": "2602D44BA4AA442AA9B83A2754529CCB1105C.JPEG",
    "cantidad_archivos": 1,
    "archivos_fuente": [
      "Pictures/Fototeca de Fotos.photoslibrary/resources/derivatives/2/2602D44B-A4AA-442A-A9B8-3A2754529CCB_1_105_c.jpeg"
    ],
    "ultima_modificacion": "2025-08-01 01:01:27.862351"
  },
  "2847521f90514948a8b8a803e6036ba71105c.jpeg": {
    "app_sintetizada": "2847521F90514948A8B8A803E6036BA71105C.JPEG",
    "cantidad_archivos": 1,
    "archivos_fuente": [
      "Pictures/Fototeca de Fotos.photoslibrary/resources/derivatives/2/2847521F-9051-4948-A8B8-A803E6036BA7_1_105_c.jpeg"
    ],
    "ultima_modificacion": "2025-08-01 01:01:27.862590"
  },
  "27bdbde44e3746c59757c5890fd541b21105c.jpeg": {
    "app_sintetizada": "27BDBDE44E3746C59757C5890FD541B21105C.JPEG",
    "cantidad_archivos": 1,
    "archivos_fuente": [
      "Pictures/Fototeca de Fotos.photoslibrary/resources/derivatives/2/27BDBDE4-4E37-46C5-9757-C5890FD541B2_1_105_c.jpeg"
    ],
    "ultima_modificacion": "2025-08-01 01:01:27.862947"
  },
  "2e1e858a775e4955867d210070bc43411105c.jpeg": {
    "app_sintetizada": "2E1E858A775E4955867D210070BC43411105C.JPEG",
    "cantidad_archivos": 1,
    "archivos_fuente": [
      "Pictures/Fototeca de Fotos.photoslibrary/resources/derivatives/2/2E1E858A-775E-4955-867D-210070BC4341_1_105_c.jpeg"
    ],
    "ultima_modificacion": "2025-08-01 01:01:27.863464"
  },
  "22404da807cf4897a7f93376b5c0aefe1105c.jpeg": {
    "app_sintetizada": "22404DA807CF4897A7F93376B5C0AEFE1105C.JPEG",
    "cantidad_archivos": 1,
    "archivos_fuente": [
      "Pictures/Fototeca de Fotos.photoslibrary/resources/derivatives/2/22404DA8-07CF-4897-A7F9-3376B5C0AEFE_1_105_c.jpeg"
    ],
    "ultima_modificacion": "2025-08-01 01:01:27.863876"
  },
  "2fbf418fd1da4c8e82a0dcc495d8770f1105c.jpeg": {
    "app_sintetizada": "2FBF418FD1DA4C8E82A0DCC495D8770F1105C.JPEG",
    "cantidad_archivos": 1,
    "archivos_fuente": [
      "Pictures/Fototeca de Fotos.photoslibrary/resources/derivatives/2/2FBF418F-D1DA-4C8E-82A0-DCC495D8770F_1_105_c.jpeg"
    ],
    "ultima_modificacion": "2025-08-01 01:01:27.864219"
  },
  "2b1202dfe86e4afa83c1f3341646e5a1.thm": {
    "app_sintetizada": "2B1202DFE86E4AFA83C1F3341646E5A1.THM",
    "cantidad_archivos": 1,
    "archivos_fuente": [
      "Pictures/Fototeca de Fotos.photoslibrary/resources/derivatives/2/2B1202DF-E86E-4AFA-83C1-F3341646E5A1.THM"
    ],
    "ultima_modificacion": "2025-08-01 01:01:27.864585"
  },
  "2844bd06e058437a91473c915a3eafe71105c.jpeg": {
    "app_sintetizada": "2844BD06E058437A91473C915A3EAFE71105C.JPEG",
    "cantidad_archivos": 1,
    "archivos_fuente": [
      "Pictures/Fototeca de Fotos.photoslibrary/resources/derivatives/2/2844BD06-E058-437A-9147-3C915A3EAFE7_1_105_c.jpeg"
    ],
    "ultima_modificacion": "2025-08-01 01:01:27.864909"
  },
  "2101280a8cc444fea4c256d5c2de91311105c.jpeg": {
    "app_sintetizada": "2101280A8CC444FEA4C256D5C2DE91311105C.JPEG",
    "cantidad_archivos": 1,
    "archivos_fuente": [
      "Pictures/Fototeca de Fotos.photoslibrary/resources/derivatives/2/2101280A-8CC4-44FE-A4C2-56D5C2DE9131_1_105_c.jpeg"
    ],
    "ultima_modificacion": "2025-08-01 01:01:27.865321"
  },
  "23b4204468d74fa2b15083bc01580a7b1105c.jpeg": {
    "app_sintetizada": "23B4204468D74FA2B15083BC01580A7B1105C.JPEG",
    "cantidad_archivos": 1,
    "archivos_fuente": [
      "Pictures/Fototeca de Fotos.photoslibrary/resources/derivatives/2/23B42044-68D7-4FA2-B150-83BC01580A7B_1_105_c.jpeg"
    ],
    "ultima_modificacion": "2025-08-01 01:01:27.865787"
  },
  "2106e5f229bf4dabb0bed56efacbd1a21105c.jpeg": {
    "app_sintetizada": "2106E5F229BF4DABB0BED56EFACBD1A21105C.JPEG",
    "cantidad_archivos": 1,
    "archivos_fuente": [
      "Pictures/Fototeca de Fotos.photoslibrary/resources/derivatives/2/2106E5F2-29BF-4DAB-B0BE-D56EFACBD1A2_1_105_c.jpeg"
    ],
    "ultima_modificacion": "2025-08-01 01:01:27.870457"
  },
  "2bdc57a20cce4e25b0564ac9404e5a951105c.jpeg": {
    "app_sintetizada": "2BDC57A20CCE4E25B0564AC9404E5A951105C.JPEG",
    "cantidad_archivos": 1,
    "archivos_fuente": [
      "Pictures/Fototeca de Fotos.photoslibrary/resources/derivatives/2/2BDC57A2-0CCE-4E25-B056-4AC9404E5A95_1_105_c.jpeg"
    ],
    "ultima_modificacion": "2025-08-01 01:01:27.871077"
  },
  "2663561b36f547b6acaa77b420ec0816.thm": {
    "app_sintetizada": "2663561B36F547B6ACAA77B420EC0816.THM",
    "cantidad_archivos": 1,
    "archivos_fuente": [
      "Pictures/Fototeca de Fotos.photoslibrary/resources/derivatives/2/2663561B-36F5-47B6-ACAA-77B420EC0816.THM"
    ],
    "ultima_modificacion": "2025-08-01 01:01:27.871820"
  },
  "2b1202dfe86e4afa83c1f3341646e5a11102o.jpeg": {
    "app_sintetizada": "2B1202DFE86E4AFA83C1F3341646E5A11102O.JPEG",
    "cantidad_archivos": 1,
    "archivos_fuente": [
      "Pictures/Fototeca de Fotos.photoslibrary/resources/derivatives/2/2B1202DF-E86E-4AFA-83C1-F3341646E5A1_1_102_o.jpeg"
    ],
    "ultima_modificacion": "2025-08-01 01:01:27.874110"
  }
}