{
  "02541891d5269de80": {
    "app_sintetizada": "02541891D5269DE80",
    "cantidad_archivos": 1,
    "archivos_fuente": [
      "Library/Application Support/Google/Chrome/Default/Service Worker/CacheStorage/d1394a4c842f7861ad7ae5e20da4b484a0c4acad/a5a18824-56f6-4f5f-abb6-64683cbd37bb/02541891d5269de8_0"
    ],
    "ultima_modificacion": "2025-08-01 01:01:32.261255"
  },
  "d32c32d2a5ecd26e0": {
    "app_sintetizada": "D32C32D2A5ECD26E0",
    "cantidad_archivos": 1,
    "archivos_fuente": [
      "Library/Application Support/Google/Chrome/Default/Service Worker/CacheStorage/d1394a4c842f7861ad7ae5e20da4b484a0c4acad/a5a18824-56f6-4f5f-abb6-64683cbd37bb/d32c32d2a5ecd26e_0"
    ],
    "ultima_modificacion": "2025-08-01 01:01:32.261587"
  },
  "b90f1a6df46f697d0": {
    "app_sintetizada": "B90F1A6DF46F697D0",
    "cantidad_archivos": 1,
    "archivos_fuente": [
      "Library/Application Support/Google/Chrome/Default/Service Worker/CacheStorage/d1394a4c842f7861ad7ae5e20da4b484a0c4acad/a5a18824-56f6-4f5f-abb6-64683cbd37bb/b90f1a6df46f697d_0"
    ],
    "ultima_modificacion": "2025-08-01 01:01:32.261940"
  },
  "d3f5d843f8f1b0930": {
    "app_sintetizada": "D3F5D843F8F1B0930",
    "cantidad_archivos": 1,
    "archivos_fuente": [
      "Library/Application Support/Google/Chrome/Default/Service Worker/CacheStorage/d1394a4c842f7861ad7ae5e20da4b484a0c4acad/a5a18824-56f6-4f5f-abb6-64683cbd37bb/d3f5d843f8f1b093_0"
    ],
    "ultima_modificacion": "2025-08-01 01:01:32.262201"
  },
  "517f752a6a526bae0": {
    "app_sintetizada": "517F752A6A526BAE0",
    "cantidad_archivos": 1,
    "archivos_fuente": [
      "Library/Application Support/Google/Chrome/Default/Service Worker/CacheStorage/d1394a4c842f7861ad7ae5e20da4b484a0c4acad/a5a18824-56f6-4f5f-abb6-64683cbd37bb/517f752a6a526bae_0"
    ],
    "ultima_modificacion": "2025-08-01 01:01:32.262486"
  },
  "599be8bd1f1a96cb0": {
    "app_sintetizada": "599BE8BD1F1A96CB0",
    "cantidad_archivos": 1,
    "archivos_fuente": [
      "Library/Application Support/Google/Chrome/Default/Service Worker/CacheStorage/d1394a4c842f7861ad7ae5e20da4b484a0c4acad/a5a18824-56f6-4f5f-abb6-64683cbd37bb/599be8bd1f1a96cb_0"
    ],
    "ultima_modificacion": "2025-08-01 01:01:32.262806"
  },
  "a482b73b4fd6d5e40": {
    "app_sintetizada": "A482B73B4FD6D5E40",
    "cantidad_archivos": 1,
    "archivos_fuente": [
      "Library/Application Support/Google/Chrome/Default/Service Worker/CacheStorage/d1394a4c842f7861ad7ae5e20da4b484a0c4acad/a5a18824-56f6-4f5f-abb6-64683cbd37bb/a482b73b4fd6d5e4_0"
    ],
    "ultima_modificacion": "2025-08-01 01:01:32.263098"
  },
  "7af13a178dca62080": {
    "app_sintetizada": "7AF13A178DCA62080",
    "cantidad_archivos": 1,
    "archivos_fuente": [
      "Library/Application Support/Google/Chrome/Default/Service Worker/CacheStorage/d1394a4c842f7861ad7ae5e20da4b484a0c4acad/a5a18824-56f6-4f5f-abb6-64683cbd37bb/7af13a178dca6208_0"
    ],
    "ultima_modificacion": "2025-08-01 01:01:32.263401"
  },
  "2b22d605f3d3234a0": {
    "app_sintetizada": "2B22D605F3D3234A0",
    "cantidad_archivos": 1,
    "archivos_fuente": [
      "Library/Application Support/Google/Chrome/Default/Service Worker/CacheStorage/d1394a4c842f7861ad7ae5e20da4b484a0c4acad/a5a18824-56f6-4f5f-abb6-64683cbd37bb/2b22d605f3d3234a_0"
    ],
    "ultima_modificacion": "2025-08-01 01:01:32.263671"
  },
  "3de734df80b6ab2e0": {
    "app_sintetizada": "3DE734DF80B6AB2E0",
    "cantidad_archivos": 1,
    "archivos_fuente": [
      "Library/Application Support/Google/Chrome/Default/Service Worker/CacheStorage/d1394a4c842f7861ad7ae5e20da4b484a0c4acad/a5a18824-56f6-4f5f-abb6-64683cbd37bb/3de734df80b6ab2e_0"
    ],
    "ultima_modificacion": "2025-08-01 01:01:32.263976"
  },
  "45690829ef41652d0": {
    "app_sintetizada": "45690829EF41652D0",
    "cantidad_archivos": 1,
    "archivos_fuente": [
      "Library/Application Support/Google/Chrome/Default/Service Worker/CacheStorage/d1394a4c842f7861ad7ae5e20da4b484a0c4acad/a5a18824-56f6-4f5f-abb6-64683cbd37bb/45690829ef41652d_0"
    ],
    "ultima_modificacion": "2025-08-01 01:01:32.264352"
  },
  "85db0c5b45336e8c0": {
    "app_sintetizada": "85DB0C5B45336E8C0",
    "cantidad_archivos": 1,
    "archivos_fuente": [
      "Library/Application Support/Google/Chrome/Default/Service Worker/CacheStorage/d1394a4c842f7861ad7ae5e20da4b484a0c4acad/a5a18824-56f6-4f5f-abb6-64683cbd37bb/85db0c5b45336e8c_0"
    ],
    "ultima_modificacion": "2025-08-01 01:01:32.264736"
  },
  "dd8b1015f86f119a0": {
    "app_sintetizada": "DD8B1015F86F119A0",
    "cantidad_archivos": 1,
    "archivos_fuente": [
      "Library/Application Support/Google/Chrome/Default/Service Worker/CacheStorage/d1394a4c842f7861ad7ae5e20da4b484a0c4acad/a5a18824-56f6-4f5f-abb6-64683cbd37bb/dd8b1015f86f119a_0"
    ],
    "ultima_modificacion": "2025-08-01 01:01:32.265089"
  },
  "20f40d286b26abda0": {
    "app_sintetizada": "20F40D286B26ABDA0",
    "cantidad_archivos": 1,
    "archivos_fuente": [
      "Library/Application Support/Google/Chrome/Default/Service Worker/CacheStorage/d1394a4c842f7861ad7ae5e20da4b484a0c4acad/a5a18824-56f6-4f5f-abb6-64683cbd37bb/20f40d286b26abda_0"
    ],
    "ultima_modificacion": "2025-08-01 01:01:32.265419"
  },
  "0ec61bc36b51f7c50": {
    "app_sintetizada": "0EC61BC36B51F7C50",
    "cantidad_archivos": 1,
    "archivos_fuente": [
      "Library/Application Support/Google/Chrome/Default/Service Worker/CacheStorage/d1394a4c842f7861ad7ae5e20da4b484a0c4acad/a5a18824-56f6-4f5f-abb6-64683cbd37bb/0ec61bc36b51f7c5_0"
    ],
    "ultima_modificacion": "2025-08-01 01:01:32.265746"
  },
  "4462ebb81f975a6c0": {
    "app_sintetizada": "4462EBB81F975A6C0",
    "cantidad_archivos": 1,
    "archivos_fuente": [
      "Library/Application Support/Google/Chrome/Default/Service Worker/CacheStorage/d1394a4c842f7861ad7ae5e20da4b484a0c4acad/a5a18824-56f6-4f5f-abb6-64683cbd37bb/4462ebb81f975a6c_0"
    ],
    "ultima_modificacion": "2025-08-01 01:01:32.266091"
  },
  "9fe875848f7bb4ba0": {
    "app_sintetizada": "9FE875848F7BB4BA0",
    "cantidad_archivos": 1,
    "archivos_fuente": [
      "Library/Application Support/Google/Chrome/Default/Service Worker/CacheStorage/d1394a4c842f7861ad7ae5e20da4b484a0c4acad/a5a18824-56f6-4f5f-abb6-64683cbd37bb/9fe875848f7bb4ba_0"
    ],
    "ultima_modificacion": "2025-08-01 01:01:32.266417"
  },
  "a46a5281cefe26d20": {
    "app_sintetizada": "A46A5281CEFE26D20",
    "cantidad_archivos": 1,
    "archivos_fuente": [
      "Library/Application Support/Google/Chrome/Default/Service Worker/CacheStorage/d1394a4c842f7861ad7ae5e20da4b484a0c4acad/a5a18824-56f6-4f5f-abb6-64683cbd37bb/a46a5281cefe26d2_0"
    ],
    "ultima_modificacion": "2025-08-01 01:01:32.266717"
  },
  "561eb1d8d4528d560": {
    "app_sintetizada": "561EB1D8D4528D560",
    "cantidad_archivos": 1,
    "archivos_fuente": [
      "Library/Application Support/Google/Chrome/Default/Service Worker/CacheStorage/d1394a4c842f7861ad7ae5e20da4b484a0c4acad/a5a18824-56f6-4f5f-abb6-64683cbd37bb/561eb1d8d4528d56_0"
    ],
    "ultima_modificacion": "2025-08-01 01:01:32.266979"
  },
  "9628f2c3bfc669c70": {
    "app_sintetizada": "9628F2C3BFC669C70",
    "cantidad_archivos": 1,
    "archivos_fuente": [
      "Library/Application Support/Google/Chrome/Default/Service Worker/CacheStorage/d1394a4c842f7861ad7ae5e20da4b484a0c4acad/a5a18824-56f6-4f5f-abb6-64683cbd37bb/9628f2c3bfc669c7_0"
    ],
    "ultima_modificacion": "2025-08-01 01:01:32.267246"
  },
  "8e0d925647dc69120": {
    "app_sintetizada": "8E0D925647DC69120",
    "cantidad_archivos": 1,
    "archivos_fuente": [
      "Library/Application Support/Google/Chrome/Default/Service Worker/CacheStorage/d1394a4c842f7861ad7ae5e20da4b484a0c4acad/a5a18824-56f6-4f5f-abb6-64683cbd37bb/8e0d925647dc6912_0"
    ],
    "ultima_modificacion": "2025-08-01 01:01:32.267512"
  },
  "814bce8e397fa0530": {
    "app_sintetizada": "814BCE8E397FA0530",
    "cantidad_archivos": 1,
    "archivos_fuente": [
      "Library/Application Support/Google/Chrome/Default/Service Worker/CacheStorage/d1394a4c842f7861ad7ae5e20da4b484a0c4acad/a5a18824-56f6-4f5f-abb6-64683cbd37bb/814bce8e397fa053_0"
    ],
    "ultima_modificacion": "2025-08-01 01:01:32.267783"
  },
  "b5357192f7e162dd0": {
    "app_sintetizada": "B5357192F7E162DD0",
    "cantidad_archivos": 1,
    "archivos_fuente": [
      "Library/Application Support/Google/Chrome/Default/Service Worker/CacheStorage/d1394a4c842f7861ad7ae5e20da4b484a0c4acad/a5a18824-56f6-4f5f-abb6-64683cbd37bb/b5357192f7e162dd_0"
    ],
    "ultima_modificacion": "2025-08-01 01:01:32.268085"
  },
  "004ab9edade18d680": {
    "app_sintetizada": "004AB9EDADE18D680",
    "cantidad_archivos": 1,
    "archivos_fuente": [
      "Library/Application Support/Google/Chrome/Default/Service Worker/CacheStorage/d1394a4c842f7861ad7ae5e20da4b484a0c4acad/a5a18824-56f6-4f5f-abb6-64683cbd37bb/004ab9edade18d68_0"
    ],
    "ultima_modificacion": "2025-08-01 01:01:32.268345"
  },
  "230f5ddfa813f8180": {
    "app_sintetizada": "230F5DDFA813F8180",
    "cantidad_archivos": 1,
    "archivos_fuente": [
      "Library/Application Support/Google/Chrome/Default/Service Worker/CacheStorage/d1394a4c842f7861ad7ae5e20da4b484a0c4acad/a5a18824-56f6-4f5f-abb6-64683cbd37bb/230f5ddfa813f818_0"
    ],
    "ultima_modificacion": "2025-08-01 01:01:32.268667"
  },
  "4b95d973dd2af5610": {
    "app_sintetizada": "4B95D973DD2AF5610",
    "cantidad_archivos": 1,
    "archivos_fuente": [
      "Library/Application Support/Google/Chrome/Default/Service Worker/CacheStorage/d1394a4c842f7861ad7ae5e20da4b484a0c4acad/a5a18824-56f6-4f5f-abb6-64683cbd37bb/4b95d973dd2af561_0"
    ],
    "ultima_modificacion": "2025-08-01 01:01:32.268932"
  },
  "4dd798fb439b17d60": {
    "app_sintetizada": "4DD798FB439B17D60",
    "cantidad_archivos": 1,
    "archivos_fuente": [
      "Library/Application Support/Google/Chrome/Default/Service Worker/CacheStorage/d1394a4c842f7861ad7ae5e20da4b484a0c4acad/a5a18824-56f6-4f5f-abb6-64683cbd37bb/4dd798fb439b17d6_0"
    ],
    "ultima_modificacion": "2025-08-01 01:01:32.269310"
  },
  "7d973fe2bbe457850": {
    "app_sintetizada": "7D973FE2BBE457850",
    "cantidad_archivos": 1,
    "archivos_fuente": [
      "Library/Application Support/Google/Chrome/Default/Service Worker/CacheStorage/d1394a4c842f7861ad7ae5e20da4b484a0c4acad/a5a18824-56f6-4f5f-abb6-64683cbd37bb/7d973fe2bbe45785_0"
    ],
    "ultima_modificacion": "2025-08-01 01:01:32.269609"
  },
  "5b95877290d690f20": {
    "app_sintetizada": "5B95877290D690F20",
    "cantidad_archivos": 1,
    "archivos_fuente": [
      "Library/Application Support/Google/Chrome/Default/Service Worker/CacheStorage/d1394a4c842f7861ad7ae5e20da4b484a0c4acad/a5a18824-56f6-4f5f-abb6-64683cbd37bb/5b95877290d690f2_0"
    ],
    "ultima_modificacion": "2025-08-01 01:01:32.269884"
  },
  "776ab0cfe15d32000": {
    "app_sintetizada": "776AB0CFE15D32000",
    "cantidad_archivos": 1,
    "archivos_fuente": [
      "Library/Application Support/Google/Chrome/Default/Service Worker/CacheStorage/d1394a4c842f7861ad7ae5e20da4b484a0c4acad/a5a18824-56f6-4f5f-abb6-64683cbd37bb/776ab0cfe15d3200_0"
    ],
    "ultima_modificacion": "2025-08-01 01:01:32.270136"
  },
  "0a5c65283576c4e50": {
    "app_sintetizada": "0A5C65283576C4E50",
    "cantidad_archivos": 1,
    "archivos_fuente": [
      "Library/Application Support/Google/Chrome/Default/Service Worker/CacheStorage/d1394a4c842f7861ad7ae5e20da4b484a0c4acad/a5a18824-56f6-4f5f-abb6-64683cbd37bb/0a5c65283576c4e5_0"
    ],
    "ultima_modificacion": "2025-08-01 01:01:32.270482"
  },
  "89abc2956f750c1a0": {
    "app_sintetizada": "89ABC2956F750C1A0",
    "cantidad_archivos": 1,
    "archivos_fuente": [
      "Library/Application Support/Google/Chrome/Default/Service Worker/CacheStorage/d1394a4c842f7861ad7ae5e20da4b484a0c4acad/a5a18824-56f6-4f5f-abb6-64683cbd37bb/89abc2956f750c1a_0"
    ],
    "ultima_modificacion": "2025-08-01 01:01:32.270737"
  },
  "202a09167ab586a60": {
    "app_sintetizada": "202A09167AB586A60",
    "cantidad_archivos": 1,
    "archivos_fuente": [
      "Library/Application Support/Google/Chrome/Default/Service Worker/CacheStorage/d1394a4c842f7861ad7ae5e20da4b484a0c4acad/a5a18824-56f6-4f5f-abb6-64683cbd37bb/202a09167ab586a6_0"
    ],
    "ultima_modificacion": "2025-08-01 01:01:32.271030"
  },
  "8fd4faf0e7aec64c0": {
    "app_sintetizada": "8FD4FAF0E7AEC64C0",
    "cantidad_archivos": 1,
    "archivos_fuente": [
      "Library/Application Support/Google/Chrome/Default/Service Worker/CacheStorage/d1394a4c842f7861ad7ae5e20da4b484a0c4acad/a5a18824-56f6-4f5f-abb6-64683cbd37bb/8fd4faf0e7aec64c_0"
    ],
    "ultima_modificacion": "2025-08-01 01:01:32.271285"
  },
  "eb720d565d1c89b10": {
    "app_sintetizada": "EB720D565D1C89B10",
    "cantidad_archivos": 1,
    "archivos_fuente": [
      "Library/Application Support/Google/Chrome/Default/Service Worker/CacheStorage/d1394a4c842f7861ad7ae5e20da4b484a0c4acad/a5a18824-56f6-4f5f-abb6-64683cbd37bb/eb720d565d1c89b1_0"
    ],
    "ultima_modificacion": "2025-08-01 01:01:32.271518"
  },
  "6a9c50a4c68b9f6d0": {
    "app_sintetizada": "6A9C50A4C68B9F6D0",
    "cantidad_archivos": 1,
    "archivos_fuente": [
      "Library/Application Support/Google/Chrome/Default/Service Worker/CacheStorage/d1394a4c842f7861ad7ae5e20da4b484a0c4acad/a5a18824-56f6-4f5f-abb6-64683cbd37bb/6a9c50a4c68b9f6d_0"
    ],
    "ultima_modificacion": "2025-08-01 01:01:32.271756"
  },
  "e11ad749979334a10": {
    "app_sintetizada": "E11AD749979334A10",
    "cantidad_archivos": 1,
    "archivos_fuente": [
      "Library/Application Support/Google/Chrome/Default/Service Worker/CacheStorage/d1394a4c842f7861ad7ae5e20da4b484a0c4acad/a5a18824-56f6-4f5f-abb6-64683cbd37bb/e11ad749979334a1_0"
    ],
    "ultima_modificacion": "2025-08-01 01:01:32.272055"
  },
  "3cc1b222fad288680": {
    "app_sintetizada": "3CC1B222FAD288680",
    "cantidad_archivos": 1,
    "archivos_fuente": [
      "Library/Application Support/Google/Chrome/Default/Service Worker/CacheStorage/d1394a4c842f7861ad7ae5e20da4b484a0c4acad/a5a18824-56f6-4f5f-abb6-64683cbd37bb/3cc1b222fad28868_0"
    ],
    "ultima_modificacion": "2025-08-01 01:01:32.272306"
  },
  "a190bb2f8f861a050": {
    "app_sintetizada": "A190BB2F8F861A050",
    "cantidad_archivos": 1,
    "archivos_fuente": [
      "Library/Application Support/Google/Chrome/Default/Service Worker/CacheStorage/d1394a4c842f7861ad7ae5e20da4b484a0c4acad/a5a18824-56f6-4f5f-abb6-64683cbd37bb/a190bb2f8f861a05_0"
    ],
    "ultima_modificacion": "2025-08-01 01:01:32.272564"
  },
  "df767f2f0bc64d520": {
    "app_sintetizada": "DF767F2F0BC64D520",
    "cantidad_archivos": 1,
    "archivos_fuente": [
      "Library/Application Support/Google/Chrome/Default/Service Worker/CacheStorage/d1394a4c842f7861ad7ae5e20da4b484a0c4acad/a5a18824-56f6-4f5f-abb6-64683cbd37bb/df767f2f0bc64d52_0"
    ],
    "ultima_modificacion": "2025-08-01 01:01:32.272826"
  },
  "3d5012f7996931710": {
    "app_sintetizada": "3D5012F7996931710",
    "cantidad_archivos": 1,
    "archivos_fuente": [
      "Library/Application Support/Google/Chrome/Default/Service Worker/CacheStorage/d1394a4c842f7861ad7ae5e20da4b484a0c4acad/a5a18824-56f6-4f5f-abb6-64683cbd37bb/3d5012f799693171_0"
    ],
    "ultima_modificacion": "2025-08-01 01:01:32.273065"
  },
  "990ef93ca10cf9520": {
    "app_sintetizada": "990EF93CA10CF9520",
    "cantidad_archivos": 1,
    "archivos_fuente": [
      "Library/Application Support/Google/Chrome/Default/Service Worker/CacheStorage/d1394a4c842f7861ad7ae5e20da4b484a0c4acad/a5a18824-56f6-4f5f-abb6-64683cbd37bb/990ef93ca10cf952_0"
    ],
    "ultima_modificacion": "2025-08-01 01:01:32.273310"
  },
  "d96eee2f6bcf325b0": {
    "app_sintetizada": "D96EEE2F6BCF325B0",
    "cantidad_archivos": 1,
    "archivos_fuente": [
      "Library/Application Support/Google/Chrome/Default/Service Worker/CacheStorage/d1394a4c842f7861ad7ae5e20da4b484a0c4acad/a5a18824-56f6-4f5f-abb6-64683cbd37bb/d96eee2f6bcf325b_0"
    ],
    "ultima_modificacion": "2025-08-01 01:01:32.273653"
  },
  "3812aebfe3c97bd40": {
    "app_sintetizada": "3812AEBFE3C97BD40",
    "cantidad_archivos": 1,
    "archivos_fuente": [
      "Library/Application Support/Google/Chrome/Default/Service Worker/CacheStorage/d1394a4c842f7861ad7ae5e20da4b484a0c4acad/a5a18824-56f6-4f5f-abb6-64683cbd37bb/3812aebfe3c97bd4_0"
    ],
    "ultima_modificacion": "2025-08-01 01:01:32.273938"
  },
  "f80ff41f6f22a9a40": {
    "app_sintetizada": "F80FF41F6F22A9A40",
    "cantidad_archivos": 1,
    "archivos_fuente": [
      "Library/Application Support/Google/Chrome/Default/Service Worker/CacheStorage/d1394a4c842f7861ad7ae5e20da4b484a0c4acad/a5a18824-56f6-4f5f-abb6-64683cbd37bb/f80ff41f6f22a9a4_0"
    ],
    "ultima_modificacion": "2025-08-01 01:01:32.274217"
  },
  "a46c3e20e679728d0": {
    "app_sintetizada": "A46C3E20E679728D0",
    "cantidad_archivos": 1,
    "archivos_fuente": [
      "Library/Application Support/Google/Chrome/Default/Service Worker/CacheStorage/d1394a4c842f7861ad7ae5e20da4b484a0c4acad/a5a18824-56f6-4f5f-abb6-64683cbd37bb/a46c3e20e679728d_0"
    ],
    "ultima_modificacion": "2025-08-01 01:01:32.274428"
  },
  "ff3248cd9c2b92120": {
    "app_sintetizada": "FF3248CD9C2B92120",
    "cantidad_archivos": 1,
    "archivos_fuente": [
      "Library/Application Support/Google/Chrome/Default/Service Worker/CacheStorage/d1394a4c842f7861ad7ae5e20da4b484a0c4acad/a5a18824-56f6-4f5f-abb6-64683cbd37bb/ff3248cd9c2b9212_0"
    ],
    "ultima_modificacion": "2025-08-01 01:01:32.274625"
  },
  "ccb08c8fb398f8c50": {
    "app_sintetizada": "CCB08C8FB398F8C50",
    "cantidad_archivos": 1,
    "archivos_fuente": [
      "Library/Application Support/Google/Chrome/Default/Service Worker/CacheStorage/d1394a4c842f7861ad7ae5e20da4b484a0c4acad/a5a18824-56f6-4f5f-abb6-64683cbd37bb/ccb08c8fb398f8c5_0"
    ],
    "ultima_modificacion": "2025-08-01 01:01:32.274807"
  },
  "034bbd69a79d55e10": {
    "app_sintetizada": "034BBD69A79D55E10",
    "cantidad_archivos": 1,
    "archivos_fuente": [
      "Library/Application Support/Google/Chrome/Default/Service Worker/CacheStorage/d1394a4c842f7861ad7ae5e20da4b484a0c4acad/a5a18824-56f6-4f5f-abb6-64683cbd37bb/034bbd69a79d55e1_0"
    ],
    "ultima_modificacion": "2025-08-01 01:01:32.274991"
  },
  "587b3b6dd4b60f390": {
    "app_sintetizada": "587B3B6DD4B60F390",
    "cantidad_archivos": 1,
    "archivos_fuente": [
      "Library/Application Support/Google/Chrome/Default/Service Worker/CacheStorage/d1394a4c842f7861ad7ae5e20da4b484a0c4acad/a5a18824-56f6-4f5f-abb6-64683cbd37bb/587b3b6dd4b60f39_0"
    ],
    "ultima_modificacion": "2025-08-01 01:01:32.275184"
  },
  "77100ea7a005c8260": {
    "app_sintetizada": "77100EA7A005C8260",
    "cantidad_archivos": 1,
    "archivos_fuente": [
      "Library/Application Support/Google/Chrome/Default/Service Worker/CacheStorage/d1394a4c842f7861ad7ae5e20da4b484a0c4acad/a5a18824-56f6-4f5f-abb6-64683cbd37bb/77100ea7a005c826_0"
    ],
    "ultima_modificacion": "2025-08-01 01:01:32.275435"
  },
  "fa52f88112b76ecd0": {
    "app_sintetizada": "FA52F88112B76ECD0",
    "cantidad_archivos": 1,
    "archivos_fuente": [
      "Library/Application Support/Google/Chrome/Default/Service Worker/CacheStorage/d1394a4c842f7861ad7ae5e20da4b484a0c4acad/a5a18824-56f6-4f5f-abb6-64683cbd37bb/fa52f88112b76ecd_0"
    ],
    "ultima_modificacion": "2025-08-01 01:01:32.275678"
  },
  "f8e4886d2d8fce1d0": {
    "app_sintetizada": "F8E4886D2D8FCE1D0",
    "cantidad_archivos": 1,
    "archivos_fuente": [
      "Library/Application Support/Google/Chrome/Default/Service Worker/CacheStorage/d1394a4c842f7861ad7ae5e20da4b484a0c4acad/a5a18824-56f6-4f5f-abb6-64683cbd37bb/f8e4886d2d8fce1d_0"
    ],
    "ultima_modificacion": "2025-08-01 01:01:32.275985"
  },
  "19cfe382e43d9b3b0": {
    "app_sintetizada": "19CFE382E43D9B3B0",
    "cantidad_archivos": 1,
    "archivos_fuente": [
      "Library/Application Support/Google/Chrome/Default/Service Worker/CacheStorage/d1394a4c842f7861ad7ae5e20da4b484a0c4acad/a5a18824-56f6-4f5f-abb6-64683cbd37bb/19cfe382e43d9b3b_0"
    ],
    "ultima_modificacion": "2025-08-01 01:01:32.276225"
  },
  "0d6e516e1ed6b76d0": {
    "app_sintetizada": "0D6E516E1ED6B76D0",
    "cantidad_archivos": 1,
    "archivos_fuente": [
      "Library/Application Support/Google/Chrome/Default/Service Worker/CacheStorage/d1394a4c842f7861ad7ae5e20da4b484a0c4acad/a5a18824-56f6-4f5f-abb6-64683cbd37bb/0d6e516e1ed6b76d_0"
    ],
    "ultima_modificacion": "2025-08-01 01:01:32.276467"
  },
  "9b8deb502eae30050": {
    "app_sintetizada": "9B8DEB502EAE30050",
    "cantidad_archivos": 1,
    "archivos_fuente": [
      "Library/Application Support/Google/Chrome/Default/Service Worker/CacheStorage/d1394a4c842f7861ad7ae5e20da4b484a0c4acad/a5a18824-56f6-4f5f-abb6-64683cbd37bb/9b8deb502eae3005_0"
    ],
    "ultima_modificacion": "2025-08-01 01:01:32.276703"
  },
  "f6e14b68fb39808a0": {
    "app_sintetizada": "F6E14B68FB39808A0",
    "cantidad_archivos": 1,
    "archivos_fuente": [
      "Library/Application Support/Google/Chrome/Default/Service Worker/CacheStorage/d1394a4c842f7861ad7ae5e20da4b484a0c4acad/a5a18824-56f6-4f5f-abb6-64683cbd37bb/f6e14b68fb39808a_0"
    ],
    "ultima_modificacion": "2025-08-01 01:01:32.276910"
  },
  "33fca65f71447b020": {
    "app_sintetizada": "33FCA65F71447B020",
    "cantidad_archivos": 1,
    "archivos_fuente": [
      "Library/Application Support/Google/Chrome/Default/Service Worker/CacheStorage/d1394a4c842f7861ad7ae5e20da4b484a0c4acad/a5a18824-56f6-4f5f-abb6-64683cbd37bb/33fca65f71447b02_0"
    ],
    "ultima_modificacion": "2025-08-01 01:01:32.277109"
  },
  "ed451459ecf577f50": {
    "app_sintetizada": "ED451459ECF577F50",
    "cantidad_archivos": 1,
    "archivos_fuente": [
      "Library/Application Support/Google/Chrome/Default/Service Worker/CacheStorage/d1394a4c842f7861ad7ae5e20da4b484a0c4acad/a5a18824-56f6-4f5f-abb6-64683cbd37bb/ed451459ecf577f5_0"
    ],
    "ultima_modificacion": "2025-08-01 01:01:32.277298"
  },
  "beb87387ee56233f0": {
    "app_sintetizada": "BEB87387EE56233F0",
    "cantidad_archivos": 1,
    "archivos_fuente": [
      "Library/Application Support/Google/Chrome/Default/Service Worker/CacheStorage/d1394a4c842f7861ad7ae5e20da4b484a0c4acad/a5a18824-56f6-4f5f-abb6-64683cbd37bb/beb87387ee56233f_0"
    ],
    "ultima_modificacion": "2025-08-01 01:01:32.277489"
  },
  "6aadb43c022a2aca0": {
    "app_sintetizada": "6AADB43C022A2ACA0",
    "cantidad_archivos": 1,
    "archivos_fuente": [
      "Library/Application Support/Google/Chrome/Default/Service Worker/CacheStorage/d1394a4c842f7861ad7ae5e20da4b484a0c4acad/a5a18824-56f6-4f5f-abb6-64683cbd37bb/6aadb43c022a2aca_0"
    ],
    "ultima_modificacion": "2025-08-01 01:01:32.277677"
  },
  "c0fd2e97ce8d2acf0": {
    "app_sintetizada": "C0FD2E97CE8D2ACF0",
    "cantidad_archivos": 1,
    "archivos_fuente": [
      "Library/Application Support/Google/Chrome/Default/Service Worker/CacheStorage/d1394a4c842f7861ad7ae5e20da4b484a0c4acad/a5a18824-56f6-4f5f-abb6-64683cbd37bb/c0fd2e97ce8d2acf_0"
    ],
    "ultima_modificacion": "2025-08-01 01:01:32.277873"
  },
  "abb8d30c7015a1300": {
    "app_sintetizada": "ABB8D30C7015A1300",
    "cantidad_archivos": 1,
    "archivos_fuente": [
      "Library/Application Support/Google/Chrome/Default/Service Worker/CacheStorage/d1394a4c842f7861ad7ae5e20da4b484a0c4acad/a5a18824-56f6-4f5f-abb6-64683cbd37bb/abb8d30c7015a130_0"
    ],
    "ultima_modificacion": "2025-08-01 01:01:32.278049"
  },
  "d0ec364c54c367860": {
    "app_sintetizada": "D0EC364C54C367860",
    "cantidad_archivos": 1,
    "archivos_fuente": [
      "Library/Application Support/Google/Chrome/Default/Service Worker/CacheStorage/d1394a4c842f7861ad7ae5e20da4b484a0c4acad/a5a18824-56f6-4f5f-abb6-64683cbd37bb/d0ec364c54c36786_0"
    ],
    "ultima_modificacion": "2025-08-01 01:01:32.278233"
  },
  "c569aa87df17955a0": {
    "app_sintetizada": "C569AA87DF17955A0",
    "cantidad_archivos": 1,
    "archivos_fuente": [
      "Library/Application Support/Google/Chrome/Default/Service Worker/CacheStorage/d1394a4c842f7861ad7ae5e20da4b484a0c4acad/a5a18824-56f6-4f5f-abb6-64683cbd37bb/c569aa87df17955a_0"
    ],
    "ultima_modificacion": "2025-08-01 01:01:32.278413"
  },
  "5320bd15bd8b9ac30": {
    "app_sintetizada": "5320BD15BD8B9AC30",
    "cantidad_archivos": 1,
    "archivos_fuente": [
      "Library/Application Support/Google/Chrome/Default/Service Worker/CacheStorage/d1394a4c842f7861ad7ae5e20da4b484a0c4acad/a5a18824-56f6-4f5f-abb6-64683cbd37bb/5320bd15bd8b9ac3_0"
    ],
    "ultima_modificacion": "2025-08-01 01:01:32.278596"
  },
  "835c064af2e694400": {
    "app_sintetizada": "835C064AF2E694400",
    "cantidad_archivos": 1,
    "archivos_fuente": [
      "Library/Application Support/Google/Chrome/Default/Service Worker/CacheStorage/d1394a4c842f7861ad7ae5e20da4b484a0c4acad/a5a18824-56f6-4f5f-abb6-64683cbd37bb/835c064af2e69440_0"
    ],
    "ultima_modificacion": "2025-08-01 01:01:32.278880"
  },
  "d5861050ff1665ff0": {
    "app_sintetizada": "D5861050FF1665FF0",
    "cantidad_archivos": 1,
    "archivos_fuente": [
      "Library/Application Support/Google/Chrome/Default/Service Worker/CacheStorage/d1394a4c842f7861ad7ae5e20da4b484a0c4acad/a5a18824-56f6-4f5f-abb6-64683cbd37bb/d5861050ff1665ff_0"
    ],
    "ultima_modificacion": "2025-08-01 01:01:32.279180"
  },
  "2b3a9a6a05ddcb3c0": {
    "app_sintetizada": "2B3A9A6A05DDCB3C0",
    "cantidad_archivos": 1,
    "archivos_fuente": [
      "Library/Application Support/Google/Chrome/Default/Service Worker/CacheStorage/d1394a4c842f7861ad7ae5e20da4b484a0c4acad/a5a18824-56f6-4f5f-abb6-64683cbd37bb/2b3a9a6a05ddcb3c_0"
    ],
    "ultima_modificacion": "2025-08-01 01:01:32.279442"
  },
  "b734b0e14d7003590": {
    "app_sintetizada": "B734B0E14D7003590",
    "cantidad_archivos": 1,
    "archivos_fuente": [
      "Library/Application Support/Google/Chrome/Default/Service Worker/CacheStorage/d1394a4c842f7861ad7ae5e20da4b484a0c4acad/a5a18824-56f6-4f5f-abb6-64683cbd37bb/b734b0e14d700359_0"
    ],
    "ultima_modificacion": "2025-08-01 01:01:32.279681"
  },
  "9de9a3c7010828c40": {
    "app_sintetizada": "9DE9A3C7010828C40",
    "cantidad_archivos": 1,
    "archivos_fuente": [
      "Library/Application Support/Google/Chrome/Default/Service Worker/CacheStorage/d1394a4c842f7861ad7ae5e20da4b484a0c4acad/a5a18824-56f6-4f5f-abb6-64683cbd37bb/9de9a3c7010828c4_0"
    ],
    "ultima_modificacion": "2025-08-01 01:01:32.279936"
  },
  "bcee11f54503c3e30": {
    "app_sintetizada": "BCEE11F54503C3E30",
    "cantidad_archivos": 1,
    "archivos_fuente": [
      "Library/Application Support/Google/Chrome/Default/Service Worker/CacheStorage/d1394a4c842f7861ad7ae5e20da4b484a0c4acad/a5a18824-56f6-4f5f-abb6-64683cbd37bb/bcee11f54503c3e3_0"
    ],
    "ultima_modificacion": "2025-08-01 01:01:32.280205"
  },
  "1422e8d0751a1e880": {
    "app_sintetizada": "1422E8D0751A1E880",
    "cantidad_archivos": 1,
    "archivos_fuente": [
      "Library/Application Support/Google/Chrome/Default/Service Worker/CacheStorage/d1394a4c842f7861ad7ae5e20da4b484a0c4acad/a5a18824-56f6-4f5f-abb6-64683cbd37bb/1422e8d0751a1e88_0"
    ],
    "ultima_modificacion": "2025-08-01 01:01:32.280435"
  },
  "1932270dad09e5990": {
    "app_sintetizada": "1932270DAD09E5990",
    "cantidad_archivos": 1,
    "archivos_fuente": [
      "Library/Application Support/Google/Chrome/Default/Service Worker/CacheStorage/d1394a4c842f7861ad7ae5e20da4b484a0c4acad/a5a18824-56f6-4f5f-abb6-64683cbd37bb/1932270dad09e599_0"
    ],
    "ultima_modificacion": "2025-08-01 01:01:32.280745"
  },
  "6d49cec4ad3f29330": {
    "app_sintetizada": "6D49CEC4AD3F29330",
    "cantidad_archivos": 1,
    "archivos_fuente": [
      "Library/Application Support/Google/Chrome/Default/Service Worker/CacheStorage/d1394a4c842f7861ad7ae5e20da4b484a0c4acad/a5a18824-56f6-4f5f-abb6-64683cbd37bb/6d49cec4ad3f2933_0"
    ],
    "ultima_modificacion": "2025-08-01 01:01:32.281010"
  },
  "ec84c94aeddc7f2f0": {
    "app_sintetizada": "EC84C94AEDDC7F2F0",
    "cantidad_archivos": 1,
    "archivos_fuente": [
      "Library/Application Support/Google/Chrome/Default/Service Worker/CacheStorage/d1394a4c842f7861ad7ae5e20da4b484a0c4acad/a5a18824-56f6-4f5f-abb6-64683cbd37bb/ec84c94aeddc7f2f_0"
    ],
    "ultima_modificacion": "2025-08-01 01:01:32.281217"
  },
  "b5ba981785318e7f0": {
    "app_sintetizada": "B5BA981785318E7F0",
    "cantidad_archivos": 1,
    "archivos_fuente": [
      "Library/Application Support/Google/Chrome/Default/Service Worker/CacheStorage/d1394a4c842f7861ad7ae5e20da4b484a0c4acad/a5a18824-56f6-4f5f-abb6-64683cbd37bb/b5ba981785318e7f_0"
    ],
    "ultima_modificacion": "2025-08-01 01:01:32.281412"
  },
  "eb303a13c08fdcbb0": {
    "app_sintetizada": "EB303A13C08FDCBB0",
    "cantidad_archivos": 1,
    "archivos_fuente": [
      "Library/Application Support/Google/Chrome/Default/Service Worker/CacheStorage/d1394a4c842f7861ad7ae5e20da4b484a0c4acad/a5a18824-56f6-4f5f-abb6-64683cbd37bb/eb303a13c08fdcbb_0"
    ],
    "ultima_modificacion": "2025-08-01 01:01:32.281607"
  },
  "dec8589b1c3071480": {
    "app_sintetizada": "DEC8589B1C3071480",
    "cantidad_archivos": 1,
    "archivos_fuente": [
      "Library/Application Support/Google/Chrome/Default/Service Worker/CacheStorage/d1394a4c842f7861ad7ae5e20da4b484a0c4acad/a5a18824-56f6-4f5f-abb6-64683cbd37bb/dec8589b1c307148_0"
    ],
    "ultima_modificacion": "2025-08-01 01:01:32.281786"
  },
  "c97e8aaf05c970520": {
    "app_sintetizada": "C97E8AAF05C970520",
    "cantidad_archivos": 1,
    "archivos_fuente": [
      "Library/Application Support/Google/Chrome/Default/Service Worker/CacheStorage/d1394a4c842f7861ad7ae5e20da4b484a0c4acad/a5a18824-56f6-4f5f-abb6-64683cbd37bb/c97e8aaf05c97052_0"
    ],
    "ultima_modificacion": "2025-08-01 01:01:32.281994"
  },
  "27a17c72c4623aee0": {
    "app_sintetizada": "27A17C72C4623AEE0",
    "cantidad_archivos": 1,
    "archivos_fuente": [
      "Library/Application Support/Google/Chrome/Default/Service Worker/CacheStorage/d1394a4c842f7861ad7ae5e20da4b484a0c4acad/a5a18824-56f6-4f5f-abb6-64683cbd37bb/27a17c72c4623aee_0"
    ],
    "ultima_modificacion": "2025-08-01 01:01:32.282172"
  },
  "7a93e7364da112e40": {
    "app_sintetizada": "7A93E7364DA112E40",
    "cantidad_archivos": 1,
    "archivos_fuente": [
      "Library/Application Support/Google/Chrome/Default/Service Worker/CacheStorage/d1394a4c842f7861ad7ae5e20da4b484a0c4acad/a5a18824-56f6-4f5f-abb6-64683cbd37bb/7a93e7364da112e4_0"
    ],
    "ultima_modificacion": "2025-08-01 01:01:32.282352"
  },
  "78544442451986690": {
    "app_sintetizada": "78544442451986690",
    "cantidad_archivos": 1,
    "archivos_fuente": [
      "Library/Application Support/Google/Chrome/Default/Service Worker/CacheStorage/d1394a4c842f7861ad7ae5e20da4b484a0c4acad/a5a18824-56f6-4f5f-abb6-64683cbd37bb/7854444245198669_0"
    ],
    "ultima_modificacion": "2025-08-01 01:01:32.282530"
  },
  "6159400c2146dcc90": {
    "app_sintetizada": "6159400C2146DCC90",
    "cantidad_archivos": 1,
    "archivos_fuente": [
      "Library/Application Support/Google/Chrome/Default/Service Worker/CacheStorage/d1394a4c842f7861ad7ae5e20da4b484a0c4acad/a5a18824-56f6-4f5f-abb6-64683cbd37bb/6159400c2146dcc9_0"
    ],
    "ultima_modificacion": "2025-08-01 01:01:32.282734"
  },
  "47869e5ae0b8ee4d0": {
    "app_sintetizada": "47869E5AE0B8EE4D0",
    "cantidad_archivos": 1,
    "archivos_fuente": [
      "Library/Application Support/Google/Chrome/Default/Service Worker/CacheStorage/d1394a4c842f7861ad7ae5e20da4b484a0c4acad/a5a18824-56f6-4f5f-abb6-64683cbd37bb/47869e5ae0b8ee4d_0"
    ],
    "ultima_modificacion": "2025-08-01 01:01:32.283075"
  },
  "4520fa772d95445c0": {
    "app_sintetizada": "4520FA772D95445C0",
    "cantidad_archivos": 1,
    "archivos_fuente": [
      "Library/Application Support/Google/Chrome/Default/Service Worker/CacheStorage/d1394a4c842f7861ad7ae5e20da4b484a0c4acad/a5a18824-56f6-4f5f-abb6-64683cbd37bb/4520fa772d95445c_0"
    ],
    "ultima_modificacion": "2025-08-01 01:01:32.283330"
  },
  "1dea1df49665cf090": {
    "app_sintetizada": "1DEA1DF49665CF090",
    "cantidad_archivos": 1,
    "archivos_fuente": [
      "Library/Application Support/Google/Chrome/Default/Service Worker/CacheStorage/d1394a4c842f7861ad7ae5e20da4b484a0c4acad/a5a18824-56f6-4f5f-abb6-64683cbd37bb/1dea1df49665cf09_0"
    ],
    "ultima_modificacion": "2025-08-01 01:01:32.283563"
  },
  "1c2d70c8acc843790": {
    "app_sintetizada": "1C2D70C8ACC843790",
    "cantidad_archivos": 1,
    "archivos_fuente": [
      "Library/Application Support/Google/Chrome/Default/Service Worker/CacheStorage/d1394a4c842f7861ad7ae5e20da4b484a0c4acad/a5a18824-56f6-4f5f-abb6-64683cbd37bb/1c2d70c8acc84379_0"
    ],
    "ultima_modificacion": "2025-08-01 01:01:32.283873"
  },
  "686c1eed9ca9db3b0": {
    "app_sintetizada": "686C1EED9CA9DB3B0",
    "cantidad_archivos": 1,
    "archivos_fuente": [
      "Library/Application Support/Google/Chrome/Default/Service Worker/CacheStorage/d1394a4c842f7861ad7ae5e20da4b484a0c4acad/a5a18824-56f6-4f5f-abb6-64683cbd37bb/686c1eed9ca9db3b_0"
    ],
    "ultima_modificacion": "2025-08-01 01:01:32.284084"
  },
  "e6f2abb12d6963c00": {
    "app_sintetizada": "E6F2ABB12D6963C00",
    "cantidad_archivos": 1,
    "archivos_fuente": [
      "Library/Application Support/Google/Chrome/Default/Service Worker/CacheStorage/d1394a4c842f7861ad7ae5e20da4b484a0c4acad/a5a18824-56f6-4f5f-abb6-64683cbd37bb/e6f2abb12d6963c0_0"
    ],
    "ultima_modificacion": "2025-08-01 01:01:32.284283"
  },
  "46578bd6c8b6a37f0": {
    "app_sintetizada": "46578BD6C8B6A37F0",
    "cantidad_archivos": 1,
    "archivos_fuente": [
      "Library/Application Support/Google/Chrome/Default/Service Worker/CacheStorage/d1394a4c842f7861ad7ae5e20da4b484a0c4acad/a5a18824-56f6-4f5f-abb6-64683cbd37bb/46578bd6c8b6a37f_0"
    ],
    "ultima_modificacion": "2025-08-01 01:01:32.284482"
  },
  "f365e925b7f917180": {
    "app_sintetizada": "F365E925B7F917180",
    "cantidad_archivos": 1,
    "archivos_fuente": [
      "Library/Application Support/Google/Chrome/Default/Service Worker/CacheStorage/d1394a4c842f7861ad7ae5e20da4b484a0c4acad/a5a18824-56f6-4f5f-abb6-64683cbd37bb/f365e925b7f91718_0"
    ],
    "ultima_modificacion": "2025-08-01 01:01:32.284677"
  },
  "db1fa6bbdef1ca4d0": {
    "app_sintetizada": "DB1FA6BBDEF1CA4D0",
    "cantidad_archivos": 1,
    "archivos_fuente": [
      "Library/Application Support/Google/Chrome/Default/Service Worker/CacheStorage/d1394a4c842f7861ad7ae5e20da4b484a0c4acad/a5a18824-56f6-4f5f-abb6-64683cbd37bb/db1fa6bbdef1ca4d_0"
    ],
    "ultima_modificacion": "2025-08-01 01:01:32.284869"
  },
  "a84237e5fb8bc2500": {
    "app_sintetizada": "A84237E5FB8BC2500",
    "cantidad_archivos": 1,
    "archivos_fuente": [
      "Library/Application Support/Google/Chrome/Default/Service Worker/CacheStorage/d1394a4c842f7861ad7ae5e20da4b484a0c4acad/a5a18824-56f6-4f5f-abb6-64683cbd37bb/a84237e5fb8bc250_0"
    ],
    "ultima_modificacion": "2025-08-01 01:01:32.285052"
  },
  "9cd45f1fb56550350": {
    "app_sintetizada": "9CD45F1FB56550350",
    "cantidad_archivos": 1,
    "archivos_fuente": [
      "Library/Application Support/Google/Chrome/Default/Service Worker/CacheStorage/d1394a4c842f7861ad7ae5e20da4b484a0c4acad/a5a18824-56f6-4f5f-abb6-64683cbd37bb/9cd45f1fb5655035_0"
    ],
    "ultima_modificacion": "2025-08-01 01:01:32.285250"
  },
  "e3baa59892a8bee50": {
    "app_sintetizada": "E3BAA59892A8BEE50",
    "cantidad_archivos": 1,
    "archivos_fuente": [
      "Library/Application Support/Google/Chrome/Default/Service Worker/CacheStorage/d1394a4c842f7861ad7ae5e20da4b484a0c4acad/a5a18824-56f6-4f5f-abb6-64683cbd37bb/e3baa59892a8bee5_0"
    ],
    "ultima_modificacion": "2025-08-01 01:01:32.285427"
  },
  "faac6e6d882a258e0": {
    "app_sintetizada": "FAAC6E6D882A258E0",
    "cantidad_archivos": 1,
    "archivos_fuente": [
      "Library/Application Support/Google/Chrome/Default/Service Worker/CacheStorage/d1394a4c842f7861ad7ae5e20da4b484a0c4acad/a5a18824-56f6-4f5f-abb6-64683cbd37bb/faac6e6d882a258e_0"
    ],
    "ultima_modificacion": "2025-08-01 01:01:32.285705"
  },
  "9d34d802c391d0bf0": {
    "app_sintetizada": "9D34D802C391D0BF0",
    "cantidad_archivos": 1,
    "archivos_fuente": [
      "Library/Application Support/Google/Chrome/Default/Service Worker/CacheStorage/d1394a4c842f7861ad7ae5e20da4b484a0c4acad/a5a18824-56f6-4f5f-abb6-64683cbd37bb/9d34d802c391d0bf_0"
    ],
    "ultima_modificacion": "2025-08-01 01:01:32.285949"
  },
  "b8c2206ce6feb2890": {
    "app_sintetizada": "B8C2206CE6FEB2890",
    "cantidad_archivos": 1,
    "archivos_fuente": [
      "Library/Application Support/Google/Chrome/Default/Service Worker/CacheStorage/d1394a4c842f7861ad7ae5e20da4b484a0c4acad/a5a18824-56f6-4f5f-abb6-64683cbd37bb/b8c2206ce6feb289_0"
    ],
    "ultima_modificacion": "2025-08-01 01:01:32.286161"
  },
  "e8991e94096a899f0": {
    "app_sintetizada": "E8991E94096A899F0",
    "cantidad_archivos": 1,
    "archivos_fuente": [
      "Library/Application Support/Google/Chrome/Default/Service Worker/CacheStorage/d1394a4c842f7861ad7ae5e20da4b484a0c4acad/a5a18824-56f6-4f5f-abb6-64683cbd37bb/e8991e94096a899f_0"
    ],
    "ultima_modificacion": "2025-08-01 01:01:32.286350"
  }
}