{
  "388b84d8138b485497fd85beae4ddf251105c.jpeg": {
    "app_sintetizada": "388B84D8138B485497FD85BEAE4DDF251105C.JPEG",
    "cantidad_archivos": 1,
    "archivos_fuente": [
      "Pictures/Fototeca de Fotos.photoslibrary/resources/derivatives/3/388B84D8-138B-4854-97FD-85BEAE4DDF25_1_105_c.jpeg"
    ],
    "ultima_modificacion": "2025-08-01 01:01:24.225931"
  },
  "3eadfb5208b84d168ef53aff1f7d2a191105c.jpeg": {
    "app_sintetizada": "3EADFB5208B84D168EF53AFF1F7D2A191105C.JPEG",
    "cantidad_archivos": 1,
    "archivos_fuente": [
      "Pictures/Fototeca de Fotos.photoslibrary/resources/derivatives/3/3EADFB52-08B8-4D16-8EF5-3AFF1F7D2A19_1_105_c.jpeg"
    ],
    "ultima_modificacion": "2025-08-01 01:01:24.226603"
  },
  "32cb9cafd5ca4d438db0d700602dff8c1105c.jpeg": {
    "app_sintetizada": "32CB9CAFD5CA4D438DB0D700602DFF8C1105C.JPEG",
    "cantidad_archivos": 1,
    "archivos_fuente": [
      "Pictures/Fototeca de Fotos.photoslibrary/resources/derivatives/3/32CB9CAF-D5CA-4D43-8DB0-D700602DFF8C_1_105_c.jpeg"
    ],
    "ultima_modificacion": "2025-08-01 01:01:24.227644"
  },
  "3d0e5b32de8b413097361f8c2e65bf701105c.jpeg": {
    "app_sintetizada": "3D0E5B32DE8B413097361F8C2E65BF701105C.JPEG",
    "cantidad_archivos": 1,
    "archivos_fuente": [
      "Pictures/Fototeca de Fotos.photoslibrary/resources/derivatives/3/3D0E5B32-DE8B-4130-9736-1F8C2E65BF70_1_105_c.jpeg"
    ],
    "ultima_modificacion": "2025-08-01 01:01:24.228050"
  },
  "3c597a9302904243bfe3f7d4b8f70d511105c.jpeg": {
    "app_sintetizada": "3C597A9302904243BFE3F7D4B8F70D511105C.JPEG",
    "cantidad_archivos": 1,
    "archivos_fuente": [
      "Pictures/Fototeca de Fotos.photoslibrary/resources/derivatives/3/3C597A93-0290-4243-BFE3-F7D4B8F70D51_1_105_c.jpeg"
    ],
    "ultima_modificacion": "2025-08-01 01:01:24.228629"
  },
  "30b2ce1cc56244189ff240805a4fc391.thm": {
    "app_sintetizada": "30B2CE1CC56244189FF240805A4FC391.THM",
    "cantidad_archivos": 1,
    "archivos_fuente": [
      "Pictures/Fototeca de Fotos.photoslibrary/resources/derivatives/3/30B2CE1C-C562-4418-9FF2-40805A4FC391.THM"
    ],
    "ultima_modificacion": "2025-08-01 01:01:24.229132"
  },
  "33e9d92045c64761b65ccae7a76eee951105c.jpeg": {
    "app_sintetizada": "33E9D92045C64761B65CCAE7A76EEE951105C.JPEG",
    "cantidad_archivos": 1,
    "archivos_fuente": [
      "Pictures/Fototeca de Fotos.photoslibrary/resources/derivatives/3/33E9D920-45C6-4761-B65C-CAE7A76EEE95_1_105_c.jpeg"
    ],
    "ultima_modificacion": "2025-08-01 01:01:24.229925"
  },
  "30100f61da7542aaaf4930cdb677638c1102o.jpeg": {
    "app_sintetizada": "30100F61DA7542AAAF4930CDB677638C1102O.JPEG",
    "cantidad_archivos": 1,
    "archivos_fuente": [
      "Pictures/Fototeca de Fotos.photoslibrary/resources/derivatives/3/30100F61-DA75-42AA-AF49-30CDB677638C_1_102_o.jpeg"
    ],
    "ultima_modificacion": "2025-08-01 01:01:24.230346"
  },
  "3ceaa02a42f74ab4a9059fd2257b149d1105c.jpeg": {
    "app_sintetizada": "3CEAA02A42F74AB4A9059FD2257B149D1105C.JPEG",
    "cantidad_archivos": 1,
    "archivos_fuente": [
      "Pictures/Fototeca de Fotos.photoslibrary/resources/derivatives/3/3CEAA02A-42F7-4AB4-A905-9FD2257B149D_1_105_c.jpeg"
    ],
    "ultima_modificacion": "2025-08-01 01:01:24.230708"
  },
  "379a7e9bbaf44306933d78889d70d0cb1105c.jpeg": {
    "app_sintetizada": "379A7E9BBAF44306933D78889D70D0CB1105C.JPEG",
    "cantidad_archivos": 1,
    "archivos_fuente": [
      "Pictures/Fototeca de Fotos.photoslibrary/resources/derivatives/3/379A7E9B-BAF4-4306-933D-78889D70D0CB_1_105_c.jpeg"
    ],
    "ultima_modificacion": "2025-08-01 01:01:24.231208"
  },
  "307a3fb2a74041069ec39538ff8381761105c.jpeg": {
    "app_sintetizada": "307A3FB2A74041069EC39538FF8381761105C.JPEG",
    "cantidad_archivos": 1,
    "archivos_fuente": [
      "Pictures/Fototeca de Fotos.photoslibrary/resources/derivatives/3/307A3FB2-A740-4106-9EC3-9538FF838176_1_105_c.jpeg"
    ],
    "ultima_modificacion": "2025-08-01 01:01:24.231660"
  },
  "321346c3c55145df83903f4b93842cb41105c.jpeg": {
    "app_sintetizada": "321346C3C55145DF83903F4B93842CB41105C.JPEG",
    "cantidad_archivos": 1,
    "archivos_fuente": [
      "Pictures/Fototeca de Fotos.photoslibrary/resources/derivatives/3/321346C3-C551-45DF-8390-3F4B93842CB4_1_105_c.jpeg"
    ],
    "ultima_modificacion": "2025-08-01 01:01:24.232591"
  },
  "393d594591ed42e19fc24b1b38d54cfa1105c.jpeg": {
    "app_sintetizada": "393D594591ED42E19FC24B1B38D54CFA1105C.JPEG",
    "cantidad_archivos": 1,
    "archivos_fuente": [
      "Pictures/Fototeca de Fotos.photoslibrary/resources/derivatives/3/393D5945-91ED-42E1-9FC2-4B1B38D54CFA_1_105_c.jpeg"
    ],
    "ultima_modificacion": "2025-08-01 01:01:24.232907"
  },
  "364d2b9b86b04de9a159f67a611a29aa.thm": {
    "app_sintetizada": "364D2B9B86B04DE9A159F67A611A29AA.THM",
    "cantidad_archivos": 1,
    "archivos_fuente": [
      "Pictures/Fototeca de Fotos.photoslibrary/resources/derivatives/3/364D2B9B-86B0-4DE9-A159-F67A611A29AA.THM"
    ],
    "ultima_modificacion": "2025-08-01 01:01:24.233151"
  },
  "318dc5ef2c0545e0a8798fb25176dce81105c.jpeg": {
    "app_sintetizada": "318DC5EF2C0545E0A8798FB25176DCE81105C.JPEG",
    "cantidad_archivos": 1,
    "archivos_fuente": [
      "Pictures/Fototeca de Fotos.photoslibrary/resources/derivatives/3/318DC5EF-2C05-45E0-A879-8FB25176DCE8_1_105_c.jpeg"
    ],
    "ultima_modificacion": "2025-08-01 01:01:24.233382"
  },
  "363cdd1a35c24052b341cafbe43718c01105c.jpeg": {
    "app_sintetizada": "363CDD1A35C24052B341CAFBE43718C01105C.JPEG",
    "cantidad_archivos": 1,
    "archivos_fuente": [
      "Pictures/Fototeca de Fotos.photoslibrary/resources/derivatives/3/363CDD1A-35C2-4052-B341-CAFBE43718C0_1_105_c.jpeg"
    ],
    "ultima_modificacion": "2025-08-01 01:01:24.233608"
  },
  "3ec9663b4c3b4541a66e3c4533932e771105c.jpeg": {
    "app_sintetizada": "3EC9663B4C3B4541A66E3C4533932E771105C.JPEG",
    "cantidad_archivos": 1,
    "archivos_fuente": [
      "Pictures/Fototeca de Fotos.photoslibrary/resources/derivatives/3/3EC9663B-4C3B-4541-A66E-3C4533932E77_1_105_c.jpeg"
    ],
    "ultima_modificacion": "2025-08-01 01:01:24.233831"
  },
  "34e23ea55f9e47688884535e57f9c8ca1105c.jpeg": {
    "app_sintetizada": "34E23EA55F9E47688884535E57F9C8CA1105C.JPEG",
    "cantidad_archivos": 1,
    "archivos_fuente": [
      "Pictures/Fototeca de Fotos.photoslibrary/resources/derivatives/3/34E23EA5-5F9E-4768-8884-535E57F9C8CA_1_105_c.jpeg"
    ],
    "ultima_modificacion": "2025-08-01 01:01:24.234090"
  },
  "3cd2ec8f8e3446eeb0d0113b2bd52ff51105c.jpeg": {
    "app_sintetizada": "3CD2EC8F8E3446EEB0D0113B2BD52FF51105C.JPEG",
    "cantidad_archivos": 1,
    "archivos_fuente": [
      "Pictures/Fototeca de Fotos.photoslibrary/resources/derivatives/3/3CD2EC8F-8E34-46EE-B0D0-113B2BD52FF5_1_105_c.jpeg"
    ],
    "ultima_modificacion": "2025-08-01 01:01:24.234378"
  },
  "33801db55d0b4dc58d0e72fce0cea9961105c.jpeg": {
    "app_sintetizada": "33801DB55D0B4DC58D0E72FCE0CEA9961105C.JPEG",
    "cantidad_archivos": 1,
    "archivos_fuente": [
      "Pictures/Fototeca de Fotos.photoslibrary/resources/derivatives/3/33801DB5-5D0B-4DC5-8D0E-72FCE0CEA996_1_105_c.jpeg"
    ],
    "ultima_modificacion": "2025-08-01 01:01:24.234621"
  },
  "313583d863ac4b329f44bdff817a92281105c.jpeg": {
    "app_sintetizada": "313583D863AC4B329F44BDFF817A92281105C.JPEG",
    "cantidad_archivos": 1,
    "archivos_fuente": [
      "Pictures/Fototeca de Fotos.photoslibrary/resources/derivatives/3/313583D8-63AC-4B32-9F44-BDFF817A9228_1_105_c.jpeg"
    ],
    "ultima_modificacion": "2025-08-01 01:01:24.234905"
  },
  "3e4ab6d356424f488a929431a45f5a311105c.jpeg": {
    "app_sintetizada": "3E4AB6D356424F488A929431A45F5A311105C.JPEG",
    "cantidad_archivos": 1,
    "archivos_fuente": [
      "Pictures/Fototeca de Fotos.photoslibrary/resources/derivatives/3/3E4AB6D3-5642-4F48-8A92-9431A45F5A31_1_105_c.jpeg"
    ],
    "ultima_modificacion": "2025-08-01 01:01:24.235138"
  },
  "37a731e24eda4c10af9d0eaac236666d1102o.jpeg": {
    "app_sintetizada": "37A731E24EDA4C10AF9D0EAAC236666D1102O.JPEG",
    "cantidad_archivos": 1,
    "archivos_fuente": [
      "Pictures/Fototeca de Fotos.photoslibrary/resources/derivatives/3/37A731E2-4EDA-4C10-AF9D-0EAAC236666D_1_102_o.jpeg"
    ],
    "ultima_modificacion": "2025-08-01 01:01:24.235359"
  },
  "3b6845c4fb4145d9a8cd3b9380a956d01105c.jpeg": {
    "app_sintetizada": "3B6845C4FB4145D9A8CD3B9380A956D01105C.JPEG",
    "cantidad_archivos": 1,
    "archivos_fuente": [
      "Pictures/Fototeca de Fotos.photoslibrary/resources/derivatives/3/3B6845C4-FB41-45D9-A8CD-3B9380A956D0_1_105_c.jpeg"
    ],
    "ultima_modificacion": "2025-08-01 01:01:24.235646"
  },
  "312c2493e2894991aea8eac80a80b13e1105c.jpeg": {
    "app_sintetizada": "312C2493E2894991AEA8EAC80A80B13E1105C.JPEG",
    "cantidad_archivos": 1,
    "archivos_fuente": [
      "Pictures/Fototeca de Fotos.photoslibrary/resources/derivatives/3/312C2493-E289-4991-AEA8-EAC80A80B13E_1_105_c.jpeg"
    ],
    "ultima_modificacion": "2025-08-01 01:01:24.235911"
  },
  "3fbda49d735042e089cd68d0f2330f401105c.jpeg": {
    "app_sintetizada": "3FBDA49D735042E089CD68D0F2330F401105C.JPEG",
    "cantidad_archivos": 1,
    "archivos_fuente": [
      "Pictures/Fototeca de Fotos.photoslibrary/resources/derivatives/3/3FBDA49D-7350-42E0-89CD-68D0F2330F40_1_105_c.jpeg"
    ],
    "ultima_modificacion": "2025-08-01 01:01:24.236147"
  },
  "3b6d507301184f8d90cd7c5bc0c36fd81105c.jpeg": {
    "app_sintetizada": "3B6D507301184F8D90CD7C5BC0C36FD81105C.JPEG",
    "cantidad_archivos": 1,
    "archivos_fuente": [
      "Pictures/Fototeca de Fotos.photoslibrary/resources/derivatives/3/3B6D5073-0118-4F8D-90CD-7C5BC0C36FD8_1_105_c.jpeg"
    ],
    "ultima_modificacion": "2025-08-01 01:01:24.236446"
  },
  "3ba9e0eaa9b242079681ab2dc12a685e1105c.jpeg": {
    "app_sintetizada": "3BA9E0EAA9B242079681AB2DC12A685E1105C.JPEG",
    "cantidad_archivos": 1,
    "archivos_fuente": [
      "Pictures/Fototeca de Fotos.photoslibrary/resources/derivatives/3/3BA9E0EA-A9B2-4207-9681-AB2DC12A685E_1_105_c.jpeg"
    ],
    "ultima_modificacion": "2025-08-01 01:01:24.236916"
  },
  "319529477437459fa99d2e7534b2fb151105c.jpeg": {
    "app_sintetizada": "319529477437459FA99D2E7534B2FB151105C.JPEG",
    "cantidad_archivos": 1,
    "archivos_fuente": [
      "Pictures/Fototeca de Fotos.photoslibrary/resources/derivatives/3/31952947-7437-459F-A99D-2E7534B2FB15_1_105_c.jpeg"
    ],
    "ultima_modificacion": "2025-08-01 01:01:24.237417"
  },
  "3e33a17c41ce4f6792d8c18cf4598c531105c.jpeg": {
    "app_sintetizada": "3E33A17C41CE4F6792D8C18CF4598C531105C.JPEG",
    "cantidad_archivos": 1,
    "archivos_fuente": [
      "Pictures/Fototeca de Fotos.photoslibrary/resources/derivatives/3/3E33A17C-41CE-4F67-92D8-C18CF4598C53_1_105_c.jpeg"
    ],
    "ultima_modificacion": "2025-08-01 01:01:24.237821"
  },
  "32728d0e43aa4727be7128d54025fa561105c.jpeg": {
    "app_sintetizada": "32728D0E43AA4727BE7128D54025FA561105C.JPEG",
    "cantidad_archivos": 1,
    "archivos_fuente": [
      "Pictures/Fototeca de Fotos.photoslibrary/resources/derivatives/3/32728D0E-43AA-4727-BE71-28D54025FA56_1_105_c.jpeg"
    ],
    "ultima_modificacion": "2025-08-01 01:01:24.238179"
  },
  "3b6ad6d155714c068b416dd126527dac1105c.jpeg": {
    "app_sintetizada": "3B6AD6D155714C068B416DD126527DAC1105C.JPEG",
    "cantidad_archivos": 1,
    "archivos_fuente": [
      "Pictures/Fototeca de Fotos.photoslibrary/resources/derivatives/3/3B6AD6D1-5571-4C06-8B41-6DD126527DAC_1_105_c.jpeg"
    ],
    "ultima_modificacion": "2025-08-01 01:01:24.238562"
  },
  "3b66b9bf67e9462fa7d7c8a74140fccb1105c.jpeg": {
    "app_sintetizada": "3B66B9BF67E9462FA7D7C8A74140FCCB1105C.JPEG",
    "cantidad_archivos": 1,
    "archivos_fuente": [
      "Pictures/Fototeca de Fotos.photoslibrary/resources/derivatives/3/3B66B9BF-67E9-462F-A7D7-C8A74140FCCB_1_105_c.jpeg"
    ],
    "ultima_modificacion": "2025-08-01 01:01:24.238934"
  },
  "35727c5df6d04e1cbd9bc2233419bef51105c.jpeg": {
    "app_sintetizada": "35727C5DF6D04E1CBD9BC2233419BEF51105C.JPEG",
    "cantidad_archivos": 1,
    "archivos_fuente": [
      "Pictures/Fototeca de Fotos.photoslibrary/resources/derivatives/3/35727C5D-F6D0-4E1C-BD9B-C2233419BEF5_1_105_c.jpeg"
    ],
    "ultima_modificacion": "2025-08-01 01:01:24.239510"
  },
  "316882bca46b439a9d5bca61f9e9904c1105c.jpeg": {
    "app_sintetizada": "316882BCA46B439A9D5BCA61F9E9904C1105C.JPEG",
    "cantidad_archivos": 1,
    "archivos_fuente": [
      "Pictures/Fototeca de Fotos.photoslibrary/resources/derivatives/3/316882BC-A46B-439A-9D5B-CA61F9E9904C_1_105_c.jpeg"
    ],
    "ultima_modificacion": "2025-08-01 01:01:24.240150"
  },
  "3752571ecba44630871b875ab07b5e221105c.jpeg": {
    "app_sintetizada": "3752571ECBA44630871B875AB07B5E221105C.JPEG",
    "cantidad_archivos": 1,
    "archivos_fuente": [
      "Pictures/Fototeca de Fotos.photoslibrary/resources/derivatives/3/3752571E-CBA4-4630-871B-875AB07B5E22_1_105_c.jpeg"
    ],
    "ultima_modificacion": "2025-08-01 01:01:24.240522"
  },
  "3344b75d648b4c21b05a07115d31b7291105c.jpeg": {
    "app_sintetizada": "3344B75D648B4C21B05A07115D31B7291105C.JPEG",
    "cantidad_archivos": 1,
    "archivos_fuente": [
      "Pictures/Fototeca de Fotos.photoslibrary/resources/derivatives/3/3344B75D-648B-4C21-B05A-07115D31B729_1_105_c.jpeg"
    ],
    "ultima_modificacion": "2025-08-01 01:01:24.241738"
  },
  "3dd63c56d25a4da29c00bf196c076b511105c.jpeg": {
    "app_sintetizada": "3DD63C56D25A4DA29C00BF196C076B511105C.JPEG",
    "cantidad_archivos": 1,
    "archivos_fuente": [
      "Pictures/Fototeca de Fotos.photoslibrary/resources/derivatives/3/3DD63C56-D25A-4DA2-9C00-BF196C076B51_1_105_c.jpeg"
    ],
    "ultima_modificacion": "2025-08-01 01:01:24.242094"
  },
  "3351765876ec4d73ae163d98b660fd661105c.jpeg": {
    "app_sintetizada": "3351765876EC4D73AE163D98B660FD661105C.JPEG",
    "cantidad_archivos": 1,
    "archivos_fuente": [
      "Pictures/Fototeca de Fotos.photoslibrary/resources/derivatives/3/33517658-76EC-4D73-AE16-3D98B660FD66_1_105_c.jpeg"
    ],
    "ultima_modificacion": "2025-08-01 01:01:24.244198"
  },
  "3db6046a145043c6a1d79184f01adb7d1105c.jpeg": {
    "app_sintetizada": "3DB6046A145043C6A1D79184F01ADB7D1105C.JPEG",
    "cantidad_archivos": 1,
    "archivos_fuente": [
      "Pictures/Fototeca de Fotos.photoslibrary/resources/derivatives/3/3DB6046A-1450-43C6-A1D7-9184F01ADB7D_1_105_c.jpeg"
    ],
    "ultima_modificacion": "2025-08-01 01:01:24.245425"
  },
  "3fff17cf95004ceca9d445e05c02a2e31105c.jpeg": {
    "app_sintetizada": "3FFF17CF95004CECA9D445E05C02A2E31105C.JPEG",
    "cantidad_archivos": 1,
    "archivos_fuente": [
      "Pictures/Fototeca de Fotos.photoslibrary/resources/derivatives/3/3FFF17CF-9500-4CEC-A9D4-45E05C02A2E3_1_105_c.jpeg"
    ],
    "ultima_modificacion": "2025-08-01 01:01:24.245852"
  },
  "36e394ba49014a2b83a9161afbd203281105c.jpeg": {
    "app_sintetizada": "36E394BA49014A2B83A9161AFBD203281105C.JPEG",
    "cantidad_archivos": 1,
    "archivos_fuente": [
      "Pictures/Fototeca de Fotos.photoslibrary/resources/derivatives/3/36E394BA-4901-4A2B-83A9-161AFBD20328_1_105_c.jpeg"
    ],
    "ultima_modificacion": "2025-08-01 01:01:24.246281"
  },
  "3c10bffabb95446abe813e2b4f85db941105c.jpeg": {
    "app_sintetizada": "3C10BFFABB95446ABE813E2B4F85DB941105C.JPEG",
    "cantidad_archivos": 1,
    "archivos_fuente": [
      "Pictures/Fototeca de Fotos.photoslibrary/resources/derivatives/3/3C10BFFA-BB95-446A-BE81-3E2B4F85DB94_1_105_c.jpeg"
    ],
    "ultima_modificacion": "2025-08-01 01:01:24.246657"
  },
  "337d793ea16b401bbf07c59dfe09a0841105c.jpeg": {
    "app_sintetizada": "337D793EA16B401BBF07C59DFE09A0841105C.JPEG",
    "cantidad_archivos": 1,
    "archivos_fuente": [
      "Pictures/Fototeca de Fotos.photoslibrary/resources/derivatives/3/337D793E-A16B-401B-BF07-C59DFE09A084_1_105_c.jpeg"
    ],
    "ultima_modificacion": "2025-08-01 01:01:24.247001"
  },
  "38d29e7dbddb4e9cafea80561d97e95f1105c.jpeg": {
    "app_sintetizada": "38D29E7DBDDB4E9CAFEA80561D97E95F1105C.JPEG",
    "cantidad_archivos": 1,
    "archivos_fuente": [
      "Pictures/Fototeca de Fotos.photoslibrary/resources/derivatives/3/38D29E7D-BDDB-4E9C-AFEA-80561D97E95F_1_105_c.jpeg"
    ],
    "ultima_modificacion": "2025-08-01 01:01:24.247461"
  },
  "35cbec5852214788913f52a328d25dc21105c.jpeg": {
    "app_sintetizada": "35CBEC5852214788913F52A328D25DC21105C.JPEG",
    "cantidad_archivos": 1,
    "archivos_fuente": [
      "Pictures/Fototeca de Fotos.photoslibrary/resources/derivatives/3/35CBEC58-5221-4788-913F-52A328D25DC2_1_105_c.jpeg"
    ],
    "ultima_modificacion": "2025-08-01 01:01:24.247874"
  },
  "301c704c0e13494693ec099ace96d3f71105c.jpeg": {
    "app_sintetizada": "301C704C0E13494693EC099ACE96D3F71105C.JPEG",
    "cantidad_archivos": 1,
    "archivos_fuente": [
      "Pictures/Fototeca de Fotos.photoslibrary/resources/derivatives/3/301C704C-0E13-4946-93EC-099ACE96D3F7_1_105_c.jpeg"
    ],
    "ultima_modificacion": "2025-08-01 01:01:24.248340"
  },
  "30a0f0383e284e73b561b152009e87fa1105c.jpeg": {
    "app_sintetizada": "30A0F0383E284E73B561B152009E87FA1105C.JPEG",
    "cantidad_archivos": 1,
    "archivos_fuente": [
      "Pictures/Fototeca de Fotos.photoslibrary/resources/derivatives/3/30A0F038-3E28-4E73-B561-B152009E87FA_1_105_c.jpeg"
    ],
    "ultima_modificacion": "2025-08-01 01:01:24.248704"
  },
  "38befd078bd844389a17ec4c000b72b21105c.jpeg": {
    "app_sintetizada": "38BEFD078BD844389A17EC4C000B72B21105C.JPEG",
    "cantidad_archivos": 1,
    "archivos_fuente": [
      "Pictures/Fototeca de Fotos.photoslibrary/resources/derivatives/3/38BEFD07-8BD8-4438-9A17-EC4C000B72B2_1_105_c.jpeg"
    ],
    "ultima_modificacion": "2025-08-01 01:01:24.249189"
  },
  "3a7f3436baa948a486c1d7c85d92bc5d1105c.jpeg": {
    "app_sintetizada": "3A7F3436BAA948A486C1D7C85D92BC5D1105C.JPEG",
    "cantidad_archivos": 1,
    "archivos_fuente": [
      "Pictures/Fototeca de Fotos.photoslibrary/resources/derivatives/3/3A7F3436-BAA9-48A4-86C1-D7C85D92BC5D_1_105_c.jpeg"
    ],
    "ultima_modificacion": "2025-08-01 01:01:24.249541"
  },
  "3bc6c436bec5433698df281208c2e3dd1105c.jpeg": {
    "app_sintetizada": "3BC6C436BEC5433698DF281208C2E3DD1105C.JPEG",
    "cantidad_archivos": 1,
    "archivos_fuente": [
      "Pictures/Fototeca de Fotos.photoslibrary/resources/derivatives/3/3BC6C436-BEC5-4336-98DF-281208C2E3DD_1_105_c.jpeg"
    ],
    "ultima_modificacion": "2025-08-01 01:01:24.249876"
  },
  "3c8fa2fcba234687b976368c849cbbc11105c.jpeg": {
    "app_sintetizada": "3C8FA2FCBA234687B976368C849CBBC11105C.JPEG",
    "cantidad_archivos": 1,
    "archivos_fuente": [
      "Pictures/Fototeca de Fotos.photoslibrary/resources/derivatives/3/3C8FA2FC-BA23-4687-B976-368C849CBBC1_1_105_c.jpeg"
    ],
    "ultima_modificacion": "2025-08-01 01:01:24.250282"
  },
  "345a13634d3948028e6e0420f775c8e7.thm": {
    "app_sintetizada": "345A13634D3948028E6E0420F775C8E7.THM",
    "cantidad_archivos": 1,
    "archivos_fuente": [
      "Pictures/Fototeca de Fotos.photoslibrary/resources/derivatives/3/345A1363-4D39-4802-8E6E-0420F775C8E7.THM"
    ],
    "ultima_modificacion": "2025-08-01 01:01:24.250662"
  },
  "30199c197b784029ba6a3bfda014d36a1105c.jpeg": {
    "app_sintetizada": "30199C197B784029BA6A3BFDA014D36A1105C.JPEG",
    "cantidad_archivos": 1,
    "archivos_fuente": [
      "Pictures/Fototeca de Fotos.photoslibrary/resources/derivatives/3/30199C19-7B78-4029-BA6A-3BFDA014D36A_1_105_c.jpeg"
    ],
    "ultima_modificacion": "2025-08-01 01:01:24.251026"
  },
  "3b615cf3522749c8a19e38cbd71de4031105c.jpeg": {
    "app_sintetizada": "3B615CF3522749C8A19E38CBD71DE4031105C.JPEG",
    "cantidad_archivos": 1,
    "archivos_fuente": [
      "Pictures/Fototeca de Fotos.photoslibrary/resources/derivatives/3/3B615CF3-5227-49C8-A19E-38CBD71DE403_1_105_c.jpeg"
    ],
    "ultima_modificacion": "2025-08-01 01:01:24.251505"
  },
  "3e787c0b21e849d2a39d27b14b5038cd1105c.jpeg": {
    "app_sintetizada": "3E787C0B21E849D2A39D27B14B5038CD1105C.JPEG",
    "cantidad_archivos": 1,
    "archivos_fuente": [
      "Pictures/Fototeca de Fotos.photoslibrary/resources/derivatives/3/3E787C0B-21E8-49D2-A39D-27B14B5038CD_1_105_c.jpeg"
    ],
    "ultima_modificacion": "2025-08-01 01:01:24.251928"
  },
  "39f2d5d6ac434c6cbccb70494a73f46b.thm": {
    "app_sintetizada": "39F2D5D6AC434C6CBCCB70494A73F46B.THM",
    "cantidad_archivos": 1,
    "archivos_fuente": [
      "Pictures/Fototeca de Fotos.photoslibrary/resources/derivatives/3/39F2D5D6-AC43-4C6C-BCCB-70494A73F46B.THM"
    ],
    "ultima_modificacion": "2025-08-01 01:01:24.252307"
  },
  "39bd51f688e348fd98c4e79e0686fd4d1105c.jpeg": {
    "app_sintetizada": "39BD51F688E348FD98C4E79E0686FD4D1105C.JPEG",
    "cantidad_archivos": 1,
    "archivos_fuente": [
      "Pictures/Fototeca de Fotos.photoslibrary/resources/derivatives/3/39BD51F6-88E3-48FD-98C4-E79E0686FD4D_1_105_c.jpeg"
    ],
    "ultima_modificacion": "2025-08-01 01:01:24.252684"
  },
  "31be9ece70844ac8ba753cff76b39fbb1105c.jpeg": {
    "app_sintetizada": "31BE9ECE70844AC8BA753CFF76B39FBB1105C.JPEG",
    "cantidad_archivos": 1,
    "archivos_fuente": [
      "Pictures/Fototeca de Fotos.photoslibrary/resources/derivatives/3/31BE9ECE-7084-4AC8-BA75-3CFF76B39FBB_1_105_c.jpeg"
    ],
    "ultima_modificacion": "2025-08-01 01:01:24.253050"
  },
  "35c01fa3b24c4193aba92a9221c9c6291105c.jpeg": {
    "app_sintetizada": "35C01FA3B24C4193ABA92A9221C9C6291105C.JPEG",
    "cantidad_archivos": 1,
    "archivos_fuente": [
      "Pictures/Fototeca de Fotos.photoslibrary/resources/derivatives/3/35C01FA3-B24C-4193-ABA9-2A9221C9C629_1_105_c.jpeg"
    ],
    "ultima_modificacion": "2025-08-01 01:01:24.253396"
  },
  "3d638e501d5646b88398819d5b54f5f51105c.jpeg": {
    "app_sintetizada": "3D638E501D5646B88398819D5B54F5F51105C.JPEG",
    "cantidad_archivos": 1,
    "archivos_fuente": [
      "Pictures/Fototeca de Fotos.photoslibrary/resources/derivatives/3/3D638E50-1D56-46B8-8398-819D5B54F5F5_1_105_c.jpeg"
    ],
    "ultima_modificacion": "2025-08-01 01:01:24.253741"
  },
  "3dd7f54319714a9f857469d1fed645401105c.jpeg": {
    "app_sintetizada": "3DD7F54319714A9F857469D1FED645401105C.JPEG",
    "cantidad_archivos": 1,
    "archivos_fuente": [
      "Pictures/Fototeca de Fotos.photoslibrary/resources/derivatives/3/3DD7F543-1971-4A9F-8574-69D1FED64540_1_105_c.jpeg"
    ],
    "ultima_modificacion": "2025-08-01 01:01:24.254113"
  },
  "394266347cc64f779a3c37faec7985091105c.jpeg": {
    "app_sintetizada": "394266347CC64F779A3C37FAEC7985091105C.JPEG",
    "cantidad_archivos": 1,
    "archivos_fuente": [
      "Pictures/Fototeca de Fotos.photoslibrary/resources/derivatives/3/39426634-7CC6-4F77-9A3C-37FAEC798509_1_105_c.jpeg"
    ],
    "ultima_modificacion": "2025-08-01 01:01:24.254743"
  },
  "31791c975f224d338cbe438f952557851105c.jpeg": {
    "app_sintetizada": "31791C975F224D338CBE438F952557851105C.JPEG",
    "cantidad_archivos": 1,
    "archivos_fuente": [
      "Pictures/Fototeca de Fotos.photoslibrary/resources/derivatives/3/31791C97-5F22-4D33-8CBE-438F95255785_1_105_c.jpeg"
    ],
    "ultima_modificacion": "2025-08-01 01:01:24.255348"
  },
  "3618571de2124fd6bd592d5a21074ae7.thm": {
    "app_sintetizada": "3618571DE2124FD6BD592D5A21074AE7.THM",
    "cantidad_archivos": 1,
    "archivos_fuente": [
      "Pictures/Fototeca de Fotos.photoslibrary/resources/derivatives/3/3618571D-E212-4FD6-BD59-2D5A21074AE7.THM"
    ],
    "ultima_modificacion": "2025-08-01 01:01:24.255754"
  },
  "3da9b9f277314b6ca668eeca77ed77631105c.jpeg": {
    "app_sintetizada": "3DA9B9F277314B6CA668EECA77ED77631105C.JPEG",
    "cantidad_archivos": 1,
    "archivos_fuente": [
      "Pictures/Fototeca de Fotos.photoslibrary/resources/derivatives/3/3DA9B9F2-7731-4B6C-A668-EECA77ED7763_1_105_c.jpeg"
    ],
    "ultima_modificacion": "2025-08-01 01:01:24.256141"
  },
  "3d17f848eca143eba8ff43ca9bdb0b771105c.jpeg": {
    "app_sintetizada": "3D17F848ECA143EBA8FF43CA9BDB0B771105C.JPEG",
    "cantidad_archivos": 1,
    "archivos_fuente": [
      "Pictures/Fototeca de Fotos.photoslibrary/resources/derivatives/3/3D17F848-ECA1-43EB-A8FF-43CA9BDB0B77_1_105_c.jpeg"
    ],
    "ultima_modificacion": "2025-08-01 01:01:24.256537"
  },
  "3b72cba9b43247328243c7e079f641b91105c.jpeg": {
    "app_sintetizada": "3B72CBA9B43247328243C7E079F641B91105C.JPEG",
    "cantidad_archivos": 1,
    "archivos_fuente": [
      "Pictures/Fototeca de Fotos.photoslibrary/resources/derivatives/3/3B72CBA9-B432-4732-8243-C7E079F641B9_1_105_c.jpeg"
    ],
    "ultima_modificacion": "2025-08-01 01:01:24.256916"
  },
  "3aa103a0f5e1408f83a75c55987229041105c.jpeg": {
    "app_sintetizada": "3AA103A0F5E1408F83A75C55987229041105C.JPEG",
    "cantidad_archivos": 1,
    "archivos_fuente": [
      "Pictures/Fototeca de Fotos.photoslibrary/resources/derivatives/3/3AA103A0-F5E1-408F-83A7-5C5598722904_1_105_c.jpeg"
    ],
    "ultima_modificacion": "2025-08-01 01:01:24.257318"
  },
  "3a459edb89f64fd8b8c2dca5a242f6821105c.jpeg": {
    "app_sintetizada": "3A459EDB89F64FD8B8C2DCA5A242F6821105C.JPEG",
    "cantidad_archivos": 1,
    "archivos_fuente": [
      "Pictures/Fototeca de Fotos.photoslibrary/resources/derivatives/3/3A459EDB-89F6-4FD8-B8C2-DCA5A242F682_1_105_c.jpeg"
    ],
    "ultima_modificacion": "2025-08-01 01:01:24.257691"
  },
  "394a535d2a8d4eb685414a9bb50712551105c.jpeg": {
    "app_sintetizada": "394A535D2A8D4EB685414A9BB50712551105C.JPEG",
    "cantidad_archivos": 1,
    "archivos_fuente": [
      "Pictures/Fototeca de Fotos.photoslibrary/resources/derivatives/3/394A535D-2A8D-4EB6-8541-4A9BB5071255_1_105_c.jpeg"
    ],
    "ultima_modificacion": "2025-08-01 01:01:24.258602"
  },
  "39cb66302231444993815336a645ab711105c.jpeg": {
    "app_sintetizada": "39CB66302231444993815336A645AB711105C.JPEG",
    "cantidad_archivos": 1,
    "archivos_fuente": [
      "Pictures/Fototeca de Fotos.photoslibrary/resources/derivatives/3/39CB6630-2231-4449-9381-5336A645AB71_1_105_c.jpeg"
    ],
    "ultima_modificacion": "2025-08-01 01:01:24.259145"
  },
  "3d5d4b6ac8154be29cddee26ec8ee68d1105c.jpeg": {
    "app_sintetizada": "3D5D4B6AC8154BE29CDDEE26EC8EE68D1105C.JPEG",
    "cantidad_archivos": 1,
    "archivos_fuente": [
      "Pictures/Fototeca de Fotos.photoslibrary/resources/derivatives/3/3D5D4B6A-C815-4BE2-9CDD-EE26EC8EE68D_1_105_c.jpeg"
    ],
    "ultima_modificacion": "2025-08-01 01:01:24.259505"
  },
  "319e09d9b88e41368943bda6c1554d911105c.jpeg": {
    "app_sintetizada": "319E09D9B88E41368943BDA6C1554D911105C.JPEG",
    "cantidad_archivos": 1,
    "archivos_fuente": [
      "Pictures/Fototeca de Fotos.photoslibrary/resources/derivatives/3/319E09D9-B88E-4136-8943-BDA6C1554D91_1_105_c.jpeg"
    ],
    "ultima_modificacion": "2025-08-01 01:01:24.259852"
  },
  "3425cf9a6a954942b8307a1559ce055e1105c.jpeg": {
    "app_sintetizada": "3425CF9A6A954942B8307A1559CE055E1105C.JPEG",
    "cantidad_archivos": 1,
    "archivos_fuente": [
      "Pictures/Fototeca de Fotos.photoslibrary/resources/derivatives/3/3425CF9A-6A95-4942-B830-7A1559CE055E_1_105_c.jpeg"
    ],
    "ultima_modificacion": "2025-08-01 01:01:24.260194"
  },
  "3e161d25fdcb4b9da0239d987bd039471105c.jpeg": {
    "app_sintetizada": "3E161D25FDCB4B9DA0239D987BD039471105C.JPEG",
    "cantidad_archivos": 1,
    "archivos_fuente": [
      "Pictures/Fototeca de Fotos.photoslibrary/resources/derivatives/3/3E161D25-FDCB-4B9D-A023-9D987BD03947_1_105_c.jpeg"
    ],
    "ultima_modificacion": "2025-08-01 01:01:24.260532"
  },
  "35e41aa8cfff4706861910265e90a6011105c.jpeg": {
    "app_sintetizada": "35E41AA8CFFF4706861910265E90A6011105C.JPEG",
    "cantidad_archivos": 1,
    "archivos_fuente": [
      "Pictures/Fototeca de Fotos.photoslibrary/resources/derivatives/3/35E41AA8-CFFF-4706-8619-10265E90A601_1_105_c.jpeg"
    ],
    "ultima_modificacion": "2025-08-01 01:01:24.260893"
  },
  "3b7dd169927d43b7bf2321769f8374761105c.jpeg": {
    "app_sintetizada": "3B7DD169927D43B7BF2321769F8374761105C.JPEG",
    "cantidad_archivos": 1,
    "archivos_fuente": [
      "Pictures/Fototeca de Fotos.photoslibrary/resources/derivatives/3/3B7DD169-927D-43B7-BF23-21769F837476_1_105_c.jpeg"
    ],
    "ultima_modificacion": "2025-08-01 01:01:24.261227"
  },
  "388c77bdafe046a38f68b3d13dacc4b51105c.jpeg": {
    "app_sintetizada": "388C77BDAFE046A38F68B3D13DACC4B51105C.JPEG",
    "cantidad_archivos": 1,
    "archivos_fuente": [
      "Pictures/Fototeca de Fotos.photoslibrary/resources/derivatives/3/388C77BD-AFE0-46A3-8F68-B3D13DACC4B5_1_105_c.jpeg"
    ],
    "ultima_modificacion": "2025-08-01 01:01:24.261551"
  },
  "3790486e1bd6442497546f5868f1e6331105c.jpeg": {
    "app_sintetizada": "3790486E1BD6442497546F5868F1E6331105C.JPEG",
    "cantidad_archivos": 1,
    "archivos_fuente": [
      "Pictures/Fototeca de Fotos.photoslibrary/resources/derivatives/3/3790486E-1BD6-4424-9754-6F5868F1E633_1_105_c.jpeg"
    ],
    "ultima_modificacion": "2025-08-01 01:01:24.261878"
  },
  "3a5208b4d1114c20a21e5d8706daf7381105c.jpeg": {
    "app_sintetizada": "3A5208B4D1114C20A21E5D8706DAF7381105C.JPEG",
    "cantidad_archivos": 1,
    "archivos_fuente": [
      "Pictures/Fototeca de Fotos.photoslibrary/resources/derivatives/3/3A5208B4-D111-4C20-A21E-5D8706DAF738_1_105_c.jpeg"
    ],
    "ultima_modificacion": "2025-08-01 01:01:24.262276"
  },
  "3bb61dfd40e14660884c12cfb7bf2e1f1105c.jpeg": {
    "app_sintetizada": "3BB61DFD40E14660884C12CFB7BF2E1F1105C.JPEG",
    "cantidad_archivos": 1,
    "archivos_fuente": [
      "Pictures/Fototeca de Fotos.photoslibrary/resources/derivatives/3/3BB61DFD-40E1-4660-884C-12CFB7BF2E1F_1_105_c.jpeg"
    ],
    "ultima_modificacion": "2025-08-01 01:01:24.263400"
  },
  "3af51945758c4d9981bfcad6441cab1b1105c.jpeg": {
    "app_sintetizada": "3AF51945758C4D9981BFCAD6441CAB1B1105C.JPEG",
    "cantidad_archivos": 1,
    "archivos_fuente": [
      "Pictures/Fototeca de Fotos.photoslibrary/resources/derivatives/3/3AF51945-758C-4D99-81BF-CAD6441CAB1B_1_105_c.jpeg"
    ],
    "ultima_modificacion": "2025-08-01 01:01:24.263803"
  },
  "37b9d8e25f654ae6bf6f585cd91610a61105c.jpeg": {
    "app_sintetizada": "37B9D8E25F654AE6BF6F585CD91610A61105C.JPEG",
    "cantidad_archivos": 1,
    "archivos_fuente": [
      "Pictures/Fototeca de Fotos.photoslibrary/resources/derivatives/3/37B9D8E2-5F65-4AE6-BF6F-585CD91610A6_1_105_c.jpeg"
    ],
    "ultima_modificacion": "2025-08-01 01:01:24.264179"
  },
  "326f83dca3fe475f8c8fdcbe929832c9.thm": {
    "app_sintetizada": "326F83DCA3FE475F8C8FDCBE929832C9.THM",
    "cantidad_archivos": 1,
    "archivos_fuente": [
      "Pictures/Fototeca de Fotos.photoslibrary/resources/derivatives/3/326F83DC-A3FE-475F-8C8F-DCBE929832C9.THM"
    ],
    "ultima_modificacion": "2025-08-01 01:01:24.264500"
  },
  "3ed36870a60748f9abed5ab35e7045a81105c.jpeg": {
    "app_sintetizada": "3ED36870A60748F9ABED5AB35E7045A81105C.JPEG",
    "cantidad_archivos": 1,
    "archivos_fuente": [
      "Pictures/Fototeca de Fotos.photoslibrary/resources/derivatives/3/3ED36870-A607-48F9-ABED-5AB35E7045A8_1_105_c.jpeg"
    ],
    "ultima_modificacion": "2025-08-01 01:01:24.264748"
  },
  "3a6df445c68d488c9c8fc7561431deee1102o.jpeg": {
    "app_sintetizada": "3A6DF445C68D488C9C8FC7561431DEEE1102O.JPEG",
    "cantidad_archivos": 1,
    "archivos_fuente": [
      "Pictures/Fototeca de Fotos.photoslibrary/resources/derivatives/3/3A6DF445-C68D-488C-9C8F-C7561431DEEE_1_102_o.jpeg"
    ],
    "ultima_modificacion": "2025-08-01 01:01:24.264989"
  },
  "3df8d01b841641ce9bad91c1e76ef1361105c.jpeg": {
    "app_sintetizada": "3DF8D01B841641CE9BAD91C1E76EF1361105C.JPEG",
    "cantidad_archivos": 1,
    "archivos_fuente": [
      "Pictures/Fototeca de Fotos.photoslibrary/resources/derivatives/3/3DF8D01B-8416-41CE-9BAD-91C1E76EF136_1_105_c.jpeg"
    ],
    "ultima_modificacion": "2025-08-01 01:01:24.265222"
  },
  "337b2d5152ce4be7ab2dd4fa040d2d7d1105c.jpeg": {
    "app_sintetizada": "337B2D5152CE4BE7AB2DD4FA040D2D7D1105C.JPEG",
    "cantidad_archivos": 1,
    "archivos_fuente": [
      "Pictures/Fototeca de Fotos.photoslibrary/resources/derivatives/3/337B2D51-52CE-4BE7-AB2D-D4FA040D2D7D_1_105_c.jpeg"
    ],
    "ultima_modificacion": "2025-08-01 01:01:24.265611"
  },
  "36044d7cb2b94f8e96df7b31f8c9bf0d1105c.jpeg": {
    "app_sintetizada": "36044D7CB2B94F8E96DF7B31F8C9BF0D1105C.JPEG",
    "cantidad_archivos": 1,
    "archivos_fuente": [
      "Pictures/Fototeca de Fotos.photoslibrary/resources/derivatives/3/36044D7C-B2B9-4F8E-96DF-7B31F8C9BF0D_1_105_c.jpeg"
    ],
    "ultima_modificacion": "2025-08-01 01:01:24.267212"
  },
  "3674a2ab7426468487f984a78fb1afa81105c.jpeg": {
    "app_sintetizada": "3674A2AB7426468487F984A78FB1AFA81105C.JPEG",
    "cantidad_archivos": 1,
    "archivos_fuente": [
      "Pictures/Fototeca de Fotos.photoslibrary/resources/derivatives/3/3674A2AB-7426-4684-87F9-84A78FB1AFA8_1_105_c.jpeg"
    ],
    "ultima_modificacion": "2025-08-01 01:01:24.267552"
  },
  "33a62d6f647747d091670f30f8ffeb0f1105c.jpeg": {
    "app_sintetizada": "33A62D6F647747D091670F30F8FFEB0F1105C.JPEG",
    "cantidad_archivos": 1,
    "archivos_fuente": [
      "Pictures/Fototeca de Fotos.photoslibrary/resources/derivatives/3/33A62D6F-6477-47D0-9167-0F30F8FFEB0F_1_105_c.jpeg"
    ],
    "ultima_modificacion": "2025-08-01 01:01:24.268696"
  },
  "3ae1b3bd5cef45b6aab31f0ce81980231105c.jpeg": {
    "app_sintetizada": "3AE1B3BD5CEF45B6AAB31F0CE81980231105C.JPEG",
    "cantidad_archivos": 1,
    "archivos_fuente": [
      "Pictures/Fototeca de Fotos.photoslibrary/resources/derivatives/3/3AE1B3BD-5CEF-45B6-AAB3-1F0CE8198023_1_105_c.jpeg"
    ],
    "ultima_modificacion": "2025-08-01 01:01:24.268943"
  },
  "3c30406bc1444fa481b9a3b4722a53bc1105c.jpeg": {
    "app_sintetizada": "3C30406BC1444FA481B9A3B4722A53BC1105C.JPEG",
    "cantidad_archivos": 1,
    "archivos_fuente": [
      "Pictures/Fototeca de Fotos.photoslibrary/resources/derivatives/3/3C30406B-C144-4FA4-81B9-A3B4722A53BC_1_105_c.jpeg"
    ],
    "ultima_modificacion": "2025-08-01 01:01:24.269178"
  },
  "38abaf95c23c4f76b299245c88ea8f7d1105c.jpeg": {
    "app_sintetizada": "38ABAF95C23C4F76B299245C88EA8F7D1105C.JPEG",
    "cantidad_archivos": 1,
    "archivos_fuente": [
      "Pictures/Fototeca de Fotos.photoslibrary/resources/derivatives/3/38ABAF95-C23C-4F76-B299-245C88EA8F7D_1_105_c.jpeg"
    ],
    "ultima_modificacion": "2025-08-01 01:01:24.269404"
  },
  "3be68472ed11453a8896f036778b38921105c.jpeg": {
    "app_sintetizada": "3BE68472ED11453A8896F036778B38921105C.JPEG",
    "cantidad_archivos": 1,
    "archivos_fuente": [
      "Pictures/Fototeca de Fotos.photoslibrary/resources/derivatives/3/3BE68472-ED11-453A-8896-F036778B3892_1_105_c.jpeg"
    ],
    "ultima_modificacion": "2025-08-01 01:01:24.269626"
  },
  "34c939dc0f6d4088aa554afb570c06511105c.jpeg": {
    "app_sintetizada": "34C939DC0F6D4088AA554AFB570C06511105C.JPEG",
    "cantidad_archivos": 1,
    "archivos_fuente": [
      "Pictures/Fototeca de Fotos.photoslibrary/resources/derivatives/3/34C939DC-0F6D-4088-AA55-4AFB570C0651_1_105_c.jpeg"
    ],
    "ultima_modificacion": "2025-08-01 01:01:24.269847"
  },
  "3ceb0ad4c89b4d5dbf73dbbb005a728a1105c.jpeg": {
    "app_sintetizada": "3CEB0AD4C89B4D5DBF73DBBB005A728A1105C.JPEG",
    "cantidad_archivos": 1,
    "archivos_fuente": [
      "Pictures/Fototeca de Fotos.photoslibrary/resources/derivatives/3/3CEB0AD4-C89B-4D5D-BF73-DBBB005A728A_1_105_c.jpeg"
    ],
    "ultima_modificacion": "2025-08-01 01:01:24.270060"
  },
  "3fdb3df4be2b4675ac5b5b1f757162e21105c.jpeg": {
    "app_sintetizada": "3FDB3DF4BE2B4675AC5B5B1F757162E21105C.JPEG",
    "cantidad_archivos": 1,
    "archivos_fuente": [
      "Pictures/Fototeca de Fotos.photoslibrary/resources/derivatives/3/3FDB3DF4-BE2B-4675-AC5B-5B1F757162E2_1_105_c.jpeg"
    ],
    "ultima_modificacion": "2025-08-01 01:01:24.270329"
  },
  "3f589ac635f84d3996150a67e9ecf93b1105c.jpeg": {
    "app_sintetizada": "3F589AC635F84D3996150A67E9ECF93B1105C.JPEG",
    "cantidad_archivos": 1,
    "archivos_fuente": [
      "Pictures/Fototeca de Fotos.photoslibrary/resources/derivatives/3/3F589AC6-35F8-4D39-9615-0A67E9ECF93B_1_105_c.jpeg"
    ],
    "ultima_modificacion": "2025-08-01 01:01:24.270550"
  }
}