{
  "6c35e5c1a73de2ee0": {
    "app_sintetizada": "6C35E5C1A73DE2EE0",
    "cantidad_archivos": 1,
    "archivos_fuente": [
      "Library/Application Support/Google/Chrome/Default/Service Worker/CacheStorage/d1394a4c842f7861ad7ae5e20da4b484a0c4acad/a5a18824-56f6-4f5f-abb6-64683cbd37bb/6c35e5c1a73de2ee_0"
    ],
    "ultima_modificacion": "2025-08-01 01:01:32.987342"
  },
  "e15830cad62525180": {
    "app_sintetizada": "E15830CAD62525180",
    "cantidad_archivos": 1,
    "archivos_fuente": [
      "Library/Application Support/Google/Chrome/Default/Service Worker/CacheStorage/d1394a4c842f7861ad7ae5e20da4b484a0c4acad/a5a18824-56f6-4f5f-abb6-64683cbd37bb/e15830cad6252518_0"
    ],
    "ultima_modificacion": "2025-08-01 01:01:32.987660"
  },
  "bad6da965bda034f0": {
    "app_sintetizada": "BAD6DA965BDA034F0",
    "cantidad_archivos": 1,
    "archivos_fuente": [
      "Library/Application Support/Google/Chrome/Default/Service Worker/CacheStorage/d1394a4c842f7861ad7ae5e20da4b484a0c4acad/a5a18824-56f6-4f5f-abb6-64683cbd37bb/bad6da965bda034f_0"
    ],
    "ultima_modificacion": "2025-08-01 01:01:32.987977"
  },
  "0192b391f902a8420": {
    "app_sintetizada": "0192B391F902A8420",
    "cantidad_archivos": 1,
    "archivos_fuente": [
      "Library/Application Support/Google/Chrome/Default/Service Worker/CacheStorage/d1394a4c842f7861ad7ae5e20da4b484a0c4acad/a5a18824-56f6-4f5f-abb6-64683cbd37bb/0192b391f902a842_0"
    ],
    "ultima_modificacion": "2025-08-01 01:01:32.988311"
  },
  "7c620290baceb8df0": {
    "app_sintetizada": "7C620290BACEB8DF0",
    "cantidad_archivos": 1,
    "archivos_fuente": [
      "Library/Application Support/Google/Chrome/Default/Service Worker/CacheStorage/d1394a4c842f7861ad7ae5e20da4b484a0c4acad/a5a18824-56f6-4f5f-abb6-64683cbd37bb/7c620290baceb8df_0"
    ],
    "ultima_modificacion": "2025-08-01 01:01:32.988613"
  },
  "efb0e74a1169f00f0": {
    "app_sintetizada": "EFB0E74A1169F00F0",
    "cantidad_archivos": 1,
    "archivos_fuente": [
      "Library/Application Support/Google/Chrome/Default/Service Worker/CacheStorage/d1394a4c842f7861ad7ae5e20da4b484a0c4acad/a5a18824-56f6-4f5f-abb6-64683cbd37bb/efb0e74a1169f00f_0"
    ],
    "ultima_modificacion": "2025-08-01 01:01:32.988916"
  },
  "8b4d31425d3949ee0": {
    "app_sintetizada": "8B4D31425D3949EE0",
    "cantidad_archivos": 1,
    "archivos_fuente": [
      "Library/Application Support/Google/Chrome/Default/Service Worker/CacheStorage/d1394a4c842f7861ad7ae5e20da4b484a0c4acad/a5a18824-56f6-4f5f-abb6-64683cbd37bb/8b4d31425d3949ee_0"
    ],
    "ultima_modificacion": "2025-08-01 01:01:32.989231"
  },
  "403965139908a2590": {
    "app_sintetizada": "403965139908A2590",
    "cantidad_archivos": 1,
    "archivos_fuente": [
      "Library/Application Support/Google/Chrome/Default/Service Worker/CacheStorage/d1394a4c842f7861ad7ae5e20da4b484a0c4acad/a5a18824-56f6-4f5f-abb6-64683cbd37bb/403965139908a259_0"
    ],
    "ultima_modificacion": "2025-08-01 01:01:32.989571"
  },
  "25060629df545e7d0": {
    "app_sintetizada": "25060629DF545E7D0",
    "cantidad_archivos": 1,
    "archivos_fuente": [
      "Library/Application Support/Google/Chrome/Default/Service Worker/CacheStorage/d1394a4c842f7861ad7ae5e20da4b484a0c4acad/a5a18824-56f6-4f5f-abb6-64683cbd37bb/25060629df545e7d_0"
    ],
    "ultima_modificacion": "2025-08-01 01:01:32.989913"
  },
  "fa04f19079d55a9b0": {
    "app_sintetizada": "FA04F19079D55A9B0",
    "cantidad_archivos": 1,
    "archivos_fuente": [
      "Library/Application Support/Google/Chrome/Default/Service Worker/CacheStorage/d1394a4c842f7861ad7ae5e20da4b484a0c4acad/a5a18824-56f6-4f5f-abb6-64683cbd37bb/fa04f19079d55a9b_0"
    ],
    "ultima_modificacion": "2025-08-01 01:01:32.990239"
  },
  "40dc431f5f9549800": {
    "app_sintetizada": "40DC431F5F9549800",
    "cantidad_archivos": 1,
    "archivos_fuente": [
      "Library/Application Support/Google/Chrome/Default/Service Worker/CacheStorage/d1394a4c842f7861ad7ae5e20da4b484a0c4acad/a5a18824-56f6-4f5f-abb6-64683cbd37bb/40dc431f5f954980_0"
    ],
    "ultima_modificacion": "2025-08-01 01:01:32.990561"
  },
  "9bad2c9f97226a440": {
    "app_sintetizada": "9BAD2C9F97226A440",
    "cantidad_archivos": 1,
    "archivos_fuente": [
      "Library/Application Support/Google/Chrome/Default/Service Worker/CacheStorage/d1394a4c842f7861ad7ae5e20da4b484a0c4acad/a5a18824-56f6-4f5f-abb6-64683cbd37bb/9bad2c9f97226a44_0"
    ],
    "ultima_modificacion": "2025-08-01 01:01:32.990874"
  },
  "6a5383ec6622c7f60": {
    "app_sintetizada": "6A5383EC6622C7F60",
    "cantidad_archivos": 1,
    "archivos_fuente": [
      "Library/Application Support/Google/Chrome/Default/Service Worker/CacheStorage/d1394a4c842f7861ad7ae5e20da4b484a0c4acad/a5a18824-56f6-4f5f-abb6-64683cbd37bb/6a5383ec6622c7f6_0"
    ],
    "ultima_modificacion": "2025-08-01 01:01:32.991204"
  },
  "a9e9c9d72955193f0": {
    "app_sintetizada": "A9E9C9D72955193F0",
    "cantidad_archivos": 1,
    "archivos_fuente": [
      "Library/Application Support/Google/Chrome/Default/Service Worker/CacheStorage/d1394a4c842f7861ad7ae5e20da4b484a0c4acad/a5a18824-56f6-4f5f-abb6-64683cbd37bb/a9e9c9d72955193f_0"
    ],
    "ultima_modificacion": "2025-08-01 01:01:32.991521"
  },
  "74105f52a253c5260": {
    "app_sintetizada": "74105F52A253C5260",
    "cantidad_archivos": 1,
    "archivos_fuente": [
      "Library/Application Support/Google/Chrome/Default/Service Worker/CacheStorage/d1394a4c842f7861ad7ae5e20da4b484a0c4acad/a5a18824-56f6-4f5f-abb6-64683cbd37bb/74105f52a253c526_0"
    ],
    "ultima_modificacion": "2025-08-01 01:01:32.991880"
  },
  "76f7313f54e6ec150": {
    "app_sintetizada": "76F7313F54E6EC150",
    "cantidad_archivos": 1,
    "archivos_fuente": [
      "Library/Application Support/Google/Chrome/Default/Service Worker/CacheStorage/d1394a4c842f7861ad7ae5e20da4b484a0c4acad/a5a18824-56f6-4f5f-abb6-64683cbd37bb/76f7313f54e6ec15_0"
    ],
    "ultima_modificacion": "2025-08-01 01:01:32.992228"
  },
  "5cccb9e965ce75da0": {
    "app_sintetizada": "5CCCB9E965CE75DA0",
    "cantidad_archivos": 1,
    "archivos_fuente": [
      "Library/Application Support/Google/Chrome/Default/Service Worker/CacheStorage/d1394a4c842f7861ad7ae5e20da4b484a0c4acad/a5a18824-56f6-4f5f-abb6-64683cbd37bb/5cccb9e965ce75da_0"
    ],
    "ultima_modificacion": "2025-08-01 01:01:32.992573"
  },
  "02f256d0afdf9f030": {
    "app_sintetizada": "02F256D0AFDF9F030",
    "cantidad_archivos": 1,
    "archivos_fuente": [
      "Library/Application Support/Google/Chrome/Default/Service Worker/CacheStorage/d1394a4c842f7861ad7ae5e20da4b484a0c4acad/a5a18824-56f6-4f5f-abb6-64683cbd37bb/02f256d0afdf9f03_0"
    ],
    "ultima_modificacion": "2025-08-01 01:01:32.992921"
  },
  "9b8127b7c950fbd50": {
    "app_sintetizada": "9B8127B7C950FBD50",
    "cantidad_archivos": 1,
    "archivos_fuente": [
      "Library/Application Support/Google/Chrome/Default/Service Worker/CacheStorage/d1394a4c842f7861ad7ae5e20da4b484a0c4acad/a5a18824-56f6-4f5f-abb6-64683cbd37bb/9b8127b7c950fbd5_0"
    ],
    "ultima_modificacion": "2025-08-01 01:01:32.993263"
  },
  "c93b03c8f3e8f6ef0": {
    "app_sintetizada": "C93B03C8F3E8F6EF0",
    "cantidad_archivos": 1,
    "archivos_fuente": [
      "Library/Application Support/Google/Chrome/Default/Service Worker/CacheStorage/d1394a4c842f7861ad7ae5e20da4b484a0c4acad/a5a18824-56f6-4f5f-abb6-64683cbd37bb/c93b03c8f3e8f6ef_0"
    ],
    "ultima_modificacion": "2025-08-01 01:01:32.993620"
  },
  "56655f8cd9ec288a0": {
    "app_sintetizada": "56655F8CD9EC288A0",
    "cantidad_archivos": 1,
    "archivos_fuente": [
      "Library/Application Support/Google/Chrome/Default/Service Worker/CacheStorage/d1394a4c842f7861ad7ae5e20da4b484a0c4acad/a5a18824-56f6-4f5f-abb6-64683cbd37bb/56655f8cd9ec288a_0"
    ],
    "ultima_modificacion": "2025-08-01 01:01:32.993983"
  },
  "4adbb9e428ad25f80": {
    "app_sintetizada": "4ADBB9E428AD25F80",
    "cantidad_archivos": 1,
    "archivos_fuente": [
      "Library/Application Support/Google/Chrome/Default/Service Worker/CacheStorage/d1394a4c842f7861ad7ae5e20da4b484a0c4acad/a5a18824-56f6-4f5f-abb6-64683cbd37bb/4adbb9e428ad25f8_0"
    ],
    "ultima_modificacion": "2025-08-01 01:01:32.994313"
  },
  "6d936f2683c5c37d0": {
    "app_sintetizada": "6D936F2683C5C37D0",
    "cantidad_archivos": 1,
    "archivos_fuente": [
      "Library/Application Support/Google/Chrome/Default/Service Worker/CacheStorage/d1394a4c842f7861ad7ae5e20da4b484a0c4acad/a5a18824-56f6-4f5f-abb6-64683cbd37bb/6d936f2683c5c37d_0"
    ],
    "ultima_modificacion": "2025-08-01 01:01:32.994623"
  },
  "33f123f1bb7d69d50": {
    "app_sintetizada": "33F123F1BB7D69D50",
    "cantidad_archivos": 1,
    "archivos_fuente": [
      "Library/Application Support/Google/Chrome/Default/Service Worker/CacheStorage/d1394a4c842f7861ad7ae5e20da4b484a0c4acad/a5a18824-56f6-4f5f-abb6-64683cbd37bb/33f123f1bb7d69d5_0"
    ],
    "ultima_modificacion": "2025-08-01 01:01:32.994946"
  },
  "95cacb0c92c6cdd60": {
    "app_sintetizada": "95CACB0C92C6CDD60",
    "cantidad_archivos": 1,
    "archivos_fuente": [
      "Library/Application Support/Google/Chrome/Default/Service Worker/CacheStorage/d1394a4c842f7861ad7ae5e20da4b484a0c4acad/a5a18824-56f6-4f5f-abb6-64683cbd37bb/95cacb0c92c6cdd6_0"
    ],
    "ultima_modificacion": "2025-08-01 01:01:32.995250"
  },
  "af15b7abcb4f47860": {
    "app_sintetizada": "AF15B7ABCB4F47860",
    "cantidad_archivos": 1,
    "archivos_fuente": [
      "Library/Application Support/Google/Chrome/Default/Service Worker/CacheStorage/d1394a4c842f7861ad7ae5e20da4b484a0c4acad/a5a18824-56f6-4f5f-abb6-64683cbd37bb/af15b7abcb4f4786_0"
    ],
    "ultima_modificacion": "2025-08-01 01:01:32.995559"
  },
  "df0a436e94eb813a0": {
    "app_sintetizada": "DF0A436E94EB813A0",
    "cantidad_archivos": 1,
    "archivos_fuente": [
      "Library/Application Support/Google/Chrome/Default/Service Worker/CacheStorage/d1394a4c842f7861ad7ae5e20da4b484a0c4acad/a5a18824-56f6-4f5f-abb6-64683cbd37bb/df0a436e94eb813a_0"
    ],
    "ultima_modificacion": "2025-08-01 01:01:32.995858"
  },
  "65870c13f36210680": {
    "app_sintetizada": "65870C13F36210680",
    "cantidad_archivos": 1,
    "archivos_fuente": [
      "Library/Application Support/Google/Chrome/Default/Service Worker/CacheStorage/d1394a4c842f7861ad7ae5e20da4b484a0c4acad/a5a18824-56f6-4f5f-abb6-64683cbd37bb/65870c13f3621068_0"
    ],
    "ultima_modificacion": "2025-08-01 01:01:32.996157"
  },
  "04ba2199ecabb1a30": {
    "app_sintetizada": "04BA2199ECABB1A30",
    "cantidad_archivos": 1,
    "archivos_fuente": [
      "Library/Application Support/Google/Chrome/Default/Service Worker/CacheStorage/d1394a4c842f7861ad7ae5e20da4b484a0c4acad/a5a18824-56f6-4f5f-abb6-64683cbd37bb/04ba2199ecabb1a3_0"
    ],
    "ultima_modificacion": "2025-08-01 01:01:32.996480"
  },
  "0126a8add873e0d00": {
    "app_sintetizada": "0126A8ADD873E0D00",
    "cantidad_archivos": 1,
    "archivos_fuente": [
      "Library/Application Support/Google/Chrome/Default/Service Worker/CacheStorage/d1394a4c842f7861ad7ae5e20da4b484a0c4acad/a5a18824-56f6-4f5f-abb6-64683cbd37bb/0126a8add873e0d0_0"
    ],
    "ultima_modificacion": "2025-08-01 01:01:32.996802"
  },
  "05e3d2a8df4cee310": {
    "app_sintetizada": "05E3D2A8DF4CEE310",
    "cantidad_archivos": 1,
    "archivos_fuente": [
      "Library/Application Support/Google/Chrome/Default/Service Worker/CacheStorage/d1394a4c842f7861ad7ae5e20da4b484a0c4acad/a5a18824-56f6-4f5f-abb6-64683cbd37bb/05e3d2a8df4cee31_0"
    ],
    "ultima_modificacion": "2025-08-01 01:01:32.997122"
  },
  "7b5889c80705dd1c0": {
    "app_sintetizada": "7B5889C80705DD1C0",
    "cantidad_archivos": 1,
    "archivos_fuente": [
      "Library/Application Support/Google/Chrome/Default/Service Worker/CacheStorage/d1394a4c842f7861ad7ae5e20da4b484a0c4acad/a5a18824-56f6-4f5f-abb6-64683cbd37bb/7b5889c80705dd1c_0"
    ],
    "ultima_modificacion": "2025-08-01 01:01:32.997440"
  },
  "110100eb45f293100": {
    "app_sintetizada": "110100EB45F293100",
    "cantidad_archivos": 1,
    "archivos_fuente": [
      "Library/Application Support/Google/Chrome/Default/Service Worker/CacheStorage/d1394a4c842f7861ad7ae5e20da4b484a0c4acad/a5a18824-56f6-4f5f-abb6-64683cbd37bb/110100eb45f29310_0"
    ],
    "ultima_modificacion": "2025-08-01 01:01:32.997811"
  },
  "4521b8cbf7e8d4e60": {
    "app_sintetizada": "4521B8CBF7E8D4E60",
    "cantidad_archivos": 1,
    "archivos_fuente": [
      "Library/Application Support/Google/Chrome/Default/Service Worker/CacheStorage/d1394a4c842f7861ad7ae5e20da4b484a0c4acad/a5a18824-56f6-4f5f-abb6-64683cbd37bb/4521b8cbf7e8d4e6_0"
    ],
    "ultima_modificacion": "2025-08-01 01:01:32.998142"
  },
  "16b51a0d909595db0": {
    "app_sintetizada": "16B51A0D909595DB0",
    "cantidad_archivos": 1,
    "archivos_fuente": [
      "Library/Application Support/Google/Chrome/Default/Service Worker/CacheStorage/d1394a4c842f7861ad7ae5e20da4b484a0c4acad/a5a18824-56f6-4f5f-abb6-64683cbd37bb/16b51a0d909595db_0"
    ],
    "ultima_modificacion": "2025-08-01 01:01:32.998450"
  },
  "b6311259f4b82d050": {
    "app_sintetizada": "B6311259F4B82D050",
    "cantidad_archivos": 1,
    "archivos_fuente": [
      "Library/Application Support/Google/Chrome/Default/Service Worker/CacheStorage/d1394a4c842f7861ad7ae5e20da4b484a0c4acad/a5a18824-56f6-4f5f-abb6-64683cbd37bb/b6311259f4b82d05_0"
    ],
    "ultima_modificacion": "2025-08-01 01:01:32.998792"
  },
  "5c19f81c8c74c3cd0": {
    "app_sintetizada": "5C19F81C8C74C3CD0",
    "cantidad_archivos": 1,
    "archivos_fuente": [
      "Library/Application Support/Google/Chrome/Default/Service Worker/CacheStorage/d1394a4c842f7861ad7ae5e20da4b484a0c4acad/a5a18824-56f6-4f5f-abb6-64683cbd37bb/5c19f81c8c74c3cd_0"
    ],
    "ultima_modificacion": "2025-08-01 01:01:32.999144"
  },
  "d0628fd557f07ec10": {
    "app_sintetizada": "D0628FD557F07EC10",
    "cantidad_archivos": 1,
    "archivos_fuente": [
      "Library/Application Support/Google/Chrome/Default/Service Worker/CacheStorage/d1394a4c842f7861ad7ae5e20da4b484a0c4acad/a5a18824-56f6-4f5f-abb6-64683cbd37bb/d0628fd557f07ec1_0"
    ],
    "ultima_modificacion": "2025-08-01 01:01:32.999432"
  },
  "17ed24bd3e7476830": {
    "app_sintetizada": "17ED24BD3E7476830",
    "cantidad_archivos": 1,
    "archivos_fuente": [
      "Library/Application Support/Google/Chrome/Default/Service Worker/CacheStorage/d1394a4c842f7861ad7ae5e20da4b484a0c4acad/a5a18824-56f6-4f5f-abb6-64683cbd37bb/17ed24bd3e747683_0"
    ],
    "ultima_modificacion": "2025-08-01 01:01:32.999753"
  },
  "31b16cc64dc46a230": {
    "app_sintetizada": "31B16CC64DC46A230",
    "cantidad_archivos": 1,
    "archivos_fuente": [
      "Library/Application Support/Google/Chrome/Default/Service Worker/CacheStorage/d1394a4c842f7861ad7ae5e20da4b484a0c4acad/a5a18824-56f6-4f5f-abb6-64683cbd37bb/31b16cc64dc46a23_0"
    ],
    "ultima_modificacion": "2025-08-01 01:01:33.000089"
  },
  "db6ba73307e27b810": {
    "app_sintetizada": "DB6BA73307E27B810",
    "cantidad_archivos": 1,
    "archivos_fuente": [
      "Library/Application Support/Google/Chrome/Default/Service Worker/CacheStorage/d1394a4c842f7861ad7ae5e20da4b484a0c4acad/a5a18824-56f6-4f5f-abb6-64683cbd37bb/db6ba73307e27b81_0"
    ],
    "ultima_modificacion": "2025-08-01 01:01:33.000416"
  },
  "321d9e8a0b002f500": {
    "app_sintetizada": "321D9E8A0B002F500",
    "cantidad_archivos": 1,
    "archivos_fuente": [
      "Library/Application Support/Google/Chrome/Default/Service Worker/CacheStorage/d1394a4c842f7861ad7ae5e20da4b484a0c4acad/a5a18824-56f6-4f5f-abb6-64683cbd37bb/321d9e8a0b002f50_0"
    ],
    "ultima_modificacion": "2025-08-01 01:01:33.000745"
  },
  "51b2eff8ec71a9b50": {
    "app_sintetizada": "51B2EFF8EC71A9B50",
    "cantidad_archivos": 1,
    "archivos_fuente": [
      "Library/Application Support/Google/Chrome/Default/Service Worker/CacheStorage/d1394a4c842f7861ad7ae5e20da4b484a0c4acad/a5a18824-56f6-4f5f-abb6-64683cbd37bb/51b2eff8ec71a9b5_0"
    ],
    "ultima_modificacion": "2025-08-01 01:01:33.001065"
  },
  "8a40fef6f072ccae0": {
    "app_sintetizada": "8A40FEF6F072CCAE0",
    "cantidad_archivos": 1,
    "archivos_fuente": [
      "Library/Application Support/Google/Chrome/Default/Service Worker/CacheStorage/d1394a4c842f7861ad7ae5e20da4b484a0c4acad/a5a18824-56f6-4f5f-abb6-64683cbd37bb/8a40fef6f072ccae_0"
    ],
    "ultima_modificacion": "2025-08-01 01:01:33.001376"
  },
  "f050b38d1ea0e9a10": {
    "app_sintetizada": "F050B38D1EA0E9A10",
    "cantidad_archivos": 1,
    "archivos_fuente": [
      "Library/Application Support/Google/Chrome/Default/Service Worker/CacheStorage/d1394a4c842f7861ad7ae5e20da4b484a0c4acad/a5a18824-56f6-4f5f-abb6-64683cbd37bb/f050b38d1ea0e9a1_0"
    ],
    "ultima_modificacion": "2025-08-01 01:01:33.001718"
  },
  "e32711f2e6da32930": {
    "app_sintetizada": "E32711F2E6DA32930",
    "cantidad_archivos": 1,
    "archivos_fuente": [
      "Library/Application Support/Google/Chrome/Default/Service Worker/CacheStorage/d1394a4c842f7861ad7ae5e20da4b484a0c4acad/a5a18824-56f6-4f5f-abb6-64683cbd37bb/e32711f2e6da3293_0"
    ],
    "ultima_modificacion": "2025-08-01 01:01:33.002059"
  },
  "e56fc76152a0f5cb0": {
    "app_sintetizada": "E56FC76152A0F5CB0",
    "cantidad_archivos": 1,
    "archivos_fuente": [
      "Library/Application Support/Google/Chrome/Default/Service Worker/CacheStorage/d1394a4c842f7861ad7ae5e20da4b484a0c4acad/a5a18824-56f6-4f5f-abb6-64683cbd37bb/e56fc76152a0f5cb_0"
    ],
    "ultima_modificacion": "2025-08-01 01:01:33.002380"
  },
  "8ad79bad5edaeb370": {
    "app_sintetizada": "8AD79BAD5EDAEB370",
    "cantidad_archivos": 1,
    "archivos_fuente": [
      "Library/Application Support/Google/Chrome/Default/Service Worker/CacheStorage/d1394a4c842f7861ad7ae5e20da4b484a0c4acad/a5a18824-56f6-4f5f-abb6-64683cbd37bb/8ad79bad5edaeb37_0"
    ],
    "ultima_modificacion": "2025-08-01 01:01:33.002730"
  },
  "0bc41f783c4954980": {
    "app_sintetizada": "0BC41F783C4954980",
    "cantidad_archivos": 1,
    "archivos_fuente": [
      "Library/Application Support/Google/Chrome/Default/Service Worker/CacheStorage/d1394a4c842f7861ad7ae5e20da4b484a0c4acad/a5a18824-56f6-4f5f-abb6-64683cbd37bb/0bc41f783c495498_0"
    ],
    "ultima_modificacion": "2025-08-01 01:01:33.003082"
  },
  "708bc69114e378c70": {
    "app_sintetizada": "708BC69114E378C70",
    "cantidad_archivos": 1,
    "archivos_fuente": [
      "Library/Application Support/Google/Chrome/Default/Service Worker/CacheStorage/d1394a4c842f7861ad7ae5e20da4b484a0c4acad/a5a18824-56f6-4f5f-abb6-64683cbd37bb/708bc69114e378c7_0"
    ],
    "ultima_modificacion": "2025-08-01 01:01:33.003413"
  },
  "8b5c950b3ff72cdc0": {
    "app_sintetizada": "8B5C950B3FF72CDC0",
    "cantidad_archivos": 1,
    "archivos_fuente": [
      "Library/Application Support/Google/Chrome/Default/Service Worker/CacheStorage/d1394a4c842f7861ad7ae5e20da4b484a0c4acad/a5a18824-56f6-4f5f-abb6-64683cbd37bb/8b5c950b3ff72cdc_0"
    ],
    "ultima_modificacion": "2025-08-01 01:01:33.003725"
  },
  "cb3745f4b89a3c150": {
    "app_sintetizada": "CB3745F4B89A3C150",
    "cantidad_archivos": 1,
    "archivos_fuente": [
      "Library/Application Support/Google/Chrome/Default/Service Worker/CacheStorage/d1394a4c842f7861ad7ae5e20da4b484a0c4acad/a5a18824-56f6-4f5f-abb6-64683cbd37bb/cb3745f4b89a3c15_0"
    ],
    "ultima_modificacion": "2025-08-01 01:01:33.004047"
  },
  "8580bd36ccaad68c0": {
    "app_sintetizada": "8580BD36CCAAD68C0",
    "cantidad_archivos": 1,
    "archivos_fuente": [
      "Library/Application Support/Google/Chrome/Default/Service Worker/CacheStorage/d1394a4c842f7861ad7ae5e20da4b484a0c4acad/a5a18824-56f6-4f5f-abb6-64683cbd37bb/8580bd36ccaad68c_0"
    ],
    "ultima_modificacion": "2025-08-01 01:01:33.004380"
  },
  "110152a19850ee620": {
    "app_sintetizada": "110152A19850EE620",
    "cantidad_archivos": 1,
    "archivos_fuente": [
      "Library/Application Support/Google/Chrome/Default/Service Worker/CacheStorage/d1394a4c842f7861ad7ae5e20da4b484a0c4acad/a5a18824-56f6-4f5f-abb6-64683cbd37bb/110152a19850ee62_0"
    ],
    "ultima_modificacion": "2025-08-01 01:01:33.004697"
  },
  "3832144b4f8339930": {
    "app_sintetizada": "3832144B4F8339930",
    "cantidad_archivos": 1,
    "archivos_fuente": [
      "Library/Application Support/Google/Chrome/Default/Service Worker/CacheStorage/d1394a4c842f7861ad7ae5e20da4b484a0c4acad/a5a18824-56f6-4f5f-abb6-64683cbd37bb/3832144b4f833993_0"
    ],
    "ultima_modificacion": "2025-08-01 01:01:33.005009"
  },
  "a18b6ded7dc570340": {
    "app_sintetizada": "A18B6DED7DC570340",
    "cantidad_archivos": 1,
    "archivos_fuente": [
      "Library/Application Support/Google/Chrome/Default/Service Worker/CacheStorage/d1394a4c842f7861ad7ae5e20da4b484a0c4acad/a5a18824-56f6-4f5f-abb6-64683cbd37bb/a18b6ded7dc57034_0"
    ],
    "ultima_modificacion": "2025-08-01 01:01:33.005311"
  },
  "da9a9469f1aabf760": {
    "app_sintetizada": "DA9A9469F1AABF760",
    "cantidad_archivos": 1,
    "archivos_fuente": [
      "Library/Application Support/Google/Chrome/Default/Service Worker/CacheStorage/d1394a4c842f7861ad7ae5e20da4b484a0c4acad/a5a18824-56f6-4f5f-abb6-64683cbd37bb/da9a9469f1aabf76_0"
    ],
    "ultima_modificacion": "2025-08-01 01:01:33.005614"
  },
  "7556f02155ba41940": {
    "app_sintetizada": "7556F02155BA41940",
    "cantidad_archivos": 1,
    "archivos_fuente": [
      "Library/Application Support/Google/Chrome/Default/Service Worker/CacheStorage/d1394a4c842f7861ad7ae5e20da4b484a0c4acad/a5a18824-56f6-4f5f-abb6-64683cbd37bb/7556f02155ba4194_0"
    ],
    "ultima_modificacion": "2025-08-01 01:01:33.005941"
  },
  "3d39b4e633733d4e0": {
    "app_sintetizada": "3D39B4E633733D4E0",
    "cantidad_archivos": 1,
    "archivos_fuente": [
      "Library/Application Support/Google/Chrome/Default/Service Worker/CacheStorage/d1394a4c842f7861ad7ae5e20da4b484a0c4acad/a5a18824-56f6-4f5f-abb6-64683cbd37bb/3d39b4e633733d4e_0"
    ],
    "ultima_modificacion": "2025-08-01 01:01:33.006244"
  },
  "ef1744454fb535120": {
    "app_sintetizada": "EF1744454FB535120",
    "cantidad_archivos": 1,
    "archivos_fuente": [
      "Library/Application Support/Google/Chrome/Default/Service Worker/CacheStorage/d1394a4c842f7861ad7ae5e20da4b484a0c4acad/a5a18824-56f6-4f5f-abb6-64683cbd37bb/ef1744454fb53512_0"
    ],
    "ultima_modificacion": "2025-08-01 01:01:33.006572"
  },
  "4a760a1322ce2b070": {
    "app_sintetizada": "4A760A1322CE2B070",
    "cantidad_archivos": 1,
    "archivos_fuente": [
      "Library/Application Support/Google/Chrome/Default/Service Worker/CacheStorage/d1394a4c842f7861ad7ae5e20da4b484a0c4acad/a5a18824-56f6-4f5f-abb6-64683cbd37bb/4a760a1322ce2b07_0"
    ],
    "ultima_modificacion": "2025-08-01 01:01:33.006891"
  },
  "3c417a4d1f7911180": {
    "app_sintetizada": "3C417A4D1F7911180",
    "cantidad_archivos": 1,
    "archivos_fuente": [
      "Library/Application Support/Google/Chrome/Default/Service Worker/CacheStorage/d1394a4c842f7861ad7ae5e20da4b484a0c4acad/a5a18824-56f6-4f5f-abb6-64683cbd37bb/3c417a4d1f791118_0"
    ],
    "ultima_modificacion": "2025-08-01 01:01:33.007224"
  },
  "87a9a744ad6414dd0": {
    "app_sintetizada": "87A9A744AD6414DD0",
    "cantidad_archivos": 1,
    "archivos_fuente": [
      "Library/Application Support/Google/Chrome/Default/Service Worker/CacheStorage/d1394a4c842f7861ad7ae5e20da4b484a0c4acad/a5a18824-56f6-4f5f-abb6-64683cbd37bb/87a9a744ad6414dd_0"
    ],
    "ultima_modificacion": "2025-08-01 01:01:33.007535"
  },
  "dbc7eaf41834303e0": {
    "app_sintetizada": "DBC7EAF41834303E0",
    "cantidad_archivos": 1,
    "archivos_fuente": [
      "Library/Application Support/Google/Chrome/Default/Service Worker/CacheStorage/d1394a4c842f7861ad7ae5e20da4b484a0c4acad/a5a18824-56f6-4f5f-abb6-64683cbd37bb/dbc7eaf41834303e_0"
    ],
    "ultima_modificacion": "2025-08-01 01:01:33.007881"
  },
  "3f7e066e2b6904c40": {
    "app_sintetizada": "3F7E066E2B6904C40",
    "cantidad_archivos": 1,
    "archivos_fuente": [
      "Library/Application Support/Google/Chrome/Default/Service Worker/CacheStorage/d1394a4c842f7861ad7ae5e20da4b484a0c4acad/a5a18824-56f6-4f5f-abb6-64683cbd37bb/3f7e066e2b6904c4_0"
    ],
    "ultima_modificacion": "2025-08-01 01:01:33.008216"
  },
  "7c4498b06c01c3020": {
    "app_sintetizada": "7C4498B06C01C3020",
    "cantidad_archivos": 1,
    "archivos_fuente": [
      "Library/Application Support/Google/Chrome/Default/Service Worker/CacheStorage/d1394a4c842f7861ad7ae5e20da4b484a0c4acad/a5a18824-56f6-4f5f-abb6-64683cbd37bb/7c4498b06c01c302_0"
    ],
    "ultima_modificacion": "2025-08-01 01:01:33.008506"
  },
  "b03577cfbe4749200": {
    "app_sintetizada": "B03577CFBE4749200",
    "cantidad_archivos": 1,
    "archivos_fuente": [
      "Library/Application Support/Google/Chrome/Default/Service Worker/CacheStorage/d1394a4c842f7861ad7ae5e20da4b484a0c4acad/a5a18824-56f6-4f5f-abb6-64683cbd37bb/b03577cfbe474920_0"
    ],
    "ultima_modificacion": "2025-08-01 01:01:33.008827"
  },
  "d408ad169309d0ba0": {
    "app_sintetizada": "D408AD169309D0BA0",
    "cantidad_archivos": 1,
    "archivos_fuente": [
      "Library/Application Support/Google/Chrome/Default/Service Worker/CacheStorage/d1394a4c842f7861ad7ae5e20da4b484a0c4acad/a5a18824-56f6-4f5f-abb6-64683cbd37bb/d408ad169309d0ba_0"
    ],
    "ultima_modificacion": "2025-08-01 01:01:33.009120"
  },
  "31d2ba85f2e4216e0": {
    "app_sintetizada": "31D2BA85F2E4216E0",
    "cantidad_archivos": 1,
    "archivos_fuente": [
      "Library/Application Support/Google/Chrome/Default/Service Worker/CacheStorage/d1394a4c842f7861ad7ae5e20da4b484a0c4acad/a5a18824-56f6-4f5f-abb6-64683cbd37bb/31d2ba85f2e4216e_0"
    ],
    "ultima_modificacion": "2025-08-01 01:01:33.009432"
  },
  "b39d710298f718220": {
    "app_sintetizada": "B39D710298F718220",
    "cantidad_archivos": 1,
    "archivos_fuente": [
      "Library/Application Support/Google/Chrome/Default/Service Worker/CacheStorage/d1394a4c842f7861ad7ae5e20da4b484a0c4acad/a5a18824-56f6-4f5f-abb6-64683cbd37bb/b39d710298f71822_0"
    ],
    "ultima_modificacion": "2025-08-01 01:01:33.009762"
  },
  "f0a90e8ba844bb1f0": {
    "app_sintetizada": "F0A90E8BA844BB1F0",
    "cantidad_archivos": 1,
    "archivos_fuente": [
      "Library/Application Support/Google/Chrome/Default/Service Worker/CacheStorage/d1394a4c842f7861ad7ae5e20da4b484a0c4acad/a5a18824-56f6-4f5f-abb6-64683cbd37bb/f0a90e8ba844bb1f_0"
    ],
    "ultima_modificacion": "2025-08-01 01:01:33.010077"
  },
  "2569b9f37b57ebbd0": {
    "app_sintetizada": "2569B9F37B57EBBD0",
    "cantidad_archivos": 1,
    "archivos_fuente": [
      "Library/Application Support/Google/Chrome/Default/Service Worker/CacheStorage/d1394a4c842f7861ad7ae5e20da4b484a0c4acad/a5a18824-56f6-4f5f-abb6-64683cbd37bb/2569b9f37b57ebbd_0"
    ],
    "ultima_modificacion": "2025-08-01 01:01:33.010367"
  },
  "723619fc0dfdb82f0": {
    "app_sintetizada": "723619FC0DFDB82F0",
    "cantidad_archivos": 1,
    "archivos_fuente": [
      "Library/Application Support/Google/Chrome/Default/Service Worker/CacheStorage/d1394a4c842f7861ad7ae5e20da4b484a0c4acad/a5a18824-56f6-4f5f-abb6-64683cbd37bb/723619fc0dfdb82f_0"
    ],
    "ultima_modificacion": "2025-08-01 01:01:33.010658"
  },
  "010f6cd53a52e2e00": {
    "app_sintetizada": "010F6CD53A52E2E00",
    "cantidad_archivos": 1,
    "archivos_fuente": [
      "Library/Application Support/Google/Chrome/Default/Service Worker/CacheStorage/d1394a4c842f7861ad7ae5e20da4b484a0c4acad/a5a18824-56f6-4f5f-abb6-64683cbd37bb/010f6cd53a52e2e0_0"
    ],
    "ultima_modificacion": "2025-08-01 01:01:33.011005"
  },
  "3675e2941358ed580": {
    "app_sintetizada": "3675E2941358ED580",
    "cantidad_archivos": 1,
    "archivos_fuente": [
      "Library/Application Support/Google/Chrome/Default/Service Worker/CacheStorage/d1394a4c842f7861ad7ae5e20da4b484a0c4acad/a5a18824-56f6-4f5f-abb6-64683cbd37bb/3675e2941358ed58_0"
    ],
    "ultima_modificacion": "2025-08-01 01:01:33.011317"
  },
  "fb415943c66e605d0": {
    "app_sintetizada": "FB415943C66E605D0",
    "cantidad_archivos": 1,
    "archivos_fuente": [
      "Library/Application Support/Google/Chrome/Default/Service Worker/CacheStorage/d1394a4c842f7861ad7ae5e20da4b484a0c4acad/a5a18824-56f6-4f5f-abb6-64683cbd37bb/fb415943c66e605d_0"
    ],
    "ultima_modificacion": "2025-08-01 01:01:33.011641"
  },
  "a1b480eacd0cf2f90": {
    "app_sintetizada": "A1B480EACD0CF2F90",
    "cantidad_archivos": 1,
    "archivos_fuente": [
      "Library/Application Support/Google/Chrome/Default/Service Worker/CacheStorage/d1394a4c842f7861ad7ae5e20da4b484a0c4acad/a5a18824-56f6-4f5f-abb6-64683cbd37bb/a1b480eacd0cf2f9_0"
    ],
    "ultima_modificacion": "2025-08-01 01:01:33.011925"
  },
  "c5a5b266d29937020": {
    "app_sintetizada": "C5A5B266D29937020",
    "cantidad_archivos": 1,
    "archivos_fuente": [
      "Library/Application Support/Google/Chrome/Default/Service Worker/CacheStorage/d1394a4c842f7861ad7ae5e20da4b484a0c4acad/a5a18824-56f6-4f5f-abb6-64683cbd37bb/c5a5b266d2993702_0"
    ],
    "ultima_modificacion": "2025-08-01 01:01:33.012180"
  },
  "82cf5d9615d951910": {
    "app_sintetizada": "82CF5D9615D951910",
    "cantidad_archivos": 1,
    "archivos_fuente": [
      "Library/Application Support/Google/Chrome/Default/Service Worker/CacheStorage/d1394a4c842f7861ad7ae5e20da4b484a0c4acad/a5a18824-56f6-4f5f-abb6-64683cbd37bb/82cf5d9615d95191_0"
    ],
    "ultima_modificacion": "2025-08-01 01:01:33.012503"
  },
  "113d1bef64229d860": {
    "app_sintetizada": "113D1BEF64229D860",
    "cantidad_archivos": 1,
    "archivos_fuente": [
      "Library/Application Support/Google/Chrome/Default/Service Worker/CacheStorage/d1394a4c842f7861ad7ae5e20da4b484a0c4acad/a5a18824-56f6-4f5f-abb6-64683cbd37bb/113d1bef64229d86_0"
    ],
    "ultima_modificacion": "2025-08-01 01:01:33.012823"
  },
  "e36326d32d0ccce20": {
    "app_sintetizada": "E36326D32D0CCCE20",
    "cantidad_archivos": 1,
    "archivos_fuente": [
      "Library/Application Support/Google/Chrome/Default/Service Worker/CacheStorage/d1394a4c842f7861ad7ae5e20da4b484a0c4acad/a5a18824-56f6-4f5f-abb6-64683cbd37bb/e36326d32d0ccce2_0"
    ],
    "ultima_modificacion": "2025-08-01 01:01:33.013182"
  },
  "b8a9bd762eca88260": {
    "app_sintetizada": "B8A9BD762ECA88260",
    "cantidad_archivos": 1,
    "archivos_fuente": [
      "Library/Application Support/Google/Chrome/Default/Service Worker/CacheStorage/d1394a4c842f7861ad7ae5e20da4b484a0c4acad/a5a18824-56f6-4f5f-abb6-64683cbd37bb/b8a9bd762eca8826_0"
    ],
    "ultima_modificacion": "2025-08-01 01:01:33.013505"
  },
  "a834c2961b096bdd0": {
    "app_sintetizada": "A834C2961B096BDD0",
    "cantidad_archivos": 1,
    "archivos_fuente": [
      "Library/Application Support/Google/Chrome/Default/Service Worker/CacheStorage/d1394a4c842f7861ad7ae5e20da4b484a0c4acad/a5a18824-56f6-4f5f-abb6-64683cbd37bb/a834c2961b096bdd_0"
    ],
    "ultima_modificacion": "2025-08-01 01:01:33.013863"
  },
  "a11f8d147c7a43d40": {
    "app_sintetizada": "A11F8D147C7A43D40",
    "cantidad_archivos": 1,
    "archivos_fuente": [
      "Library/Application Support/Google/Chrome/Default/Service Worker/CacheStorage/d1394a4c842f7861ad7ae5e20da4b484a0c4acad/a5a18824-56f6-4f5f-abb6-64683cbd37bb/a11f8d147c7a43d4_0"
    ],
    "ultima_modificacion": "2025-08-01 01:01:33.014124"
  },
  "39a28607f99faac50": {
    "app_sintetizada": "39A28607F99FAAC50",
    "cantidad_archivos": 1,
    "archivos_fuente": [
      "Library/Application Support/Google/Chrome/Default/Service Worker/CacheStorage/d1394a4c842f7861ad7ae5e20da4b484a0c4acad/a5a18824-56f6-4f5f-abb6-64683cbd37bb/39a28607f99faac5_0"
    ],
    "ultima_modificacion": "2025-08-01 01:01:33.014404"
  },
  "47d3190e3615043c0": {
    "app_sintetizada": "47D3190E3615043C0",
    "cantidad_archivos": 1,
    "archivos_fuente": [
      "Library/Application Support/Google/Chrome/Default/Service Worker/CacheStorage/d1394a4c842f7861ad7ae5e20da4b484a0c4acad/a5a18824-56f6-4f5f-abb6-64683cbd37bb/47d3190e3615043c_0"
    ],
    "ultima_modificacion": "2025-08-01 01:01:33.014662"
  },
  "398c94437f57d7700": {
    "app_sintetizada": "398C94437F57D7700",
    "cantidad_archivos": 1,
    "archivos_fuente": [
      "Library/Application Support/Google/Chrome/Default/Service Worker/CacheStorage/d1394a4c842f7861ad7ae5e20da4b484a0c4acad/a5a18824-56f6-4f5f-abb6-64683cbd37bb/398c94437f57d770_0"
    ],
    "ultima_modificacion": "2025-08-01 01:01:33.014931"
  },
  "6b2a6e0076e6e89b0": {
    "app_sintetizada": "6B2A6E0076E6E89B0",
    "cantidad_archivos": 1,
    "archivos_fuente": [
      "Library/Application Support/Google/Chrome/Default/Service Worker/CacheStorage/d1394a4c842f7861ad7ae5e20da4b484a0c4acad/a5a18824-56f6-4f5f-abb6-64683cbd37bb/6b2a6e0076e6e89b_0"
    ],
    "ultima_modificacion": "2025-08-01 01:01:33.015188"
  },
  "267e7bd7b98a2b8c0": {
    "app_sintetizada": "267E7BD7B98A2B8C0",
    "cantidad_archivos": 1,
    "archivos_fuente": [
      "Library/Application Support/Google/Chrome/Default/Service Worker/CacheStorage/d1394a4c842f7861ad7ae5e20da4b484a0c4acad/a5a18824-56f6-4f5f-abb6-64683cbd37bb/267e7bd7b98a2b8c_0"
    ],
    "ultima_modificacion": "2025-08-01 01:01:33.015498"
  },
  "0761f624373ff3980": {
    "app_sintetizada": "0761F624373FF3980",
    "cantidad_archivos": 1,
    "archivos_fuente": [
      "Library/Application Support/Google/Chrome/Default/Service Worker/CacheStorage/d1394a4c842f7861ad7ae5e20da4b484a0c4acad/a5a18824-56f6-4f5f-abb6-64683cbd37bb/0761f624373ff398_0"
    ],
    "ultima_modificacion": "2025-08-01 01:01:33.015757"
  },
  "759a4d18ac76d2220": {
    "app_sintetizada": "759A4D18AC76D2220",
    "cantidad_archivos": 1,
    "archivos_fuente": [
      "Library/Application Support/Google/Chrome/Default/Service Worker/CacheStorage/d1394a4c842f7861ad7ae5e20da4b484a0c4acad/a5a18824-56f6-4f5f-abb6-64683cbd37bb/759a4d18ac76d222_0"
    ],
    "ultima_modificacion": "2025-08-01 01:01:33.016057"
  },
  "938398ac228b495f0": {
    "app_sintetizada": "938398AC228B495F0",
    "cantidad_archivos": 1,
    "archivos_fuente": [
      "Library/Application Support/Google/Chrome/Default/Service Worker/CacheStorage/d1394a4c842f7861ad7ae5e20da4b484a0c4acad/a5a18824-56f6-4f5f-abb6-64683cbd37bb/938398ac228b495f_0"
    ],
    "ultima_modificacion": "2025-08-01 01:01:33.016331"
  },
  "5728859c2af137220": {
    "app_sintetizada": "5728859C2AF137220",
    "cantidad_archivos": 1,
    "archivos_fuente": [
      "Library/Application Support/Google/Chrome/Default/Service Worker/CacheStorage/d1394a4c842f7861ad7ae5e20da4b484a0c4acad/a5a18824-56f6-4f5f-abb6-64683cbd37bb/5728859c2af13722_0"
    ],
    "ultima_modificacion": "2025-08-01 01:01:33.016689"
  },
  "ff0451860149c1fb0": {
    "app_sintetizada": "FF0451860149C1FB0",
    "cantidad_archivos": 1,
    "archivos_fuente": [
      "Library/Application Support/Google/Chrome/Default/Service Worker/CacheStorage/d1394a4c842f7861ad7ae5e20da4b484a0c4acad/a5a18824-56f6-4f5f-abb6-64683cbd37bb/ff0451860149c1fb_0"
    ],
    "ultima_modificacion": "2025-08-01 01:01:33.016976"
  },
  "cf5dba68b359c9270": {
    "app_sintetizada": "CF5DBA68B359C9270",
    "cantidad_archivos": 1,
    "archivos_fuente": [
      "Library/Application Support/Google/Chrome/Default/Service Worker/CacheStorage/d1394a4c842f7861ad7ae5e20da4b484a0c4acad/a5a18824-56f6-4f5f-abb6-64683cbd37bb/cf5dba68b359c927_0"
    ],
    "ultima_modificacion": "2025-08-01 01:01:33.017227"
  },
  "ab3f3c9fc152e46b0": {
    "app_sintetizada": "AB3F3C9FC152E46B0",
    "cantidad_archivos": 1,
    "archivos_fuente": [
      "Library/Application Support/Google/Chrome/Default/Service Worker/CacheStorage/d1394a4c842f7861ad7ae5e20da4b484a0c4acad/a5a18824-56f6-4f5f-abb6-64683cbd37bb/ab3f3c9fc152e46b_0"
    ],
    "ultima_modificacion": "2025-08-01 01:01:33.017472"
  },
  "be2ff1c960d7c8850": {
    "app_sintetizada": "BE2FF1C960D7C8850",
    "cantidad_archivos": 1,
    "archivos_fuente": [
      "Library/Application Support/Google/Chrome/Default/Service Worker/CacheStorage/d1394a4c842f7861ad7ae5e20da4b484a0c4acad/a5a18824-56f6-4f5f-abb6-64683cbd37bb/be2ff1c960d7c885_0"
    ],
    "ultima_modificacion": "2025-08-01 01:01:33.017788"
  },
  "d6c3852113388f610": {
    "app_sintetizada": "D6C3852113388F610",
    "cantidad_archivos": 1,
    "archivos_fuente": [
      "Library/Application Support/Google/Chrome/Default/Service Worker/CacheStorage/d1394a4c842f7861ad7ae5e20da4b484a0c4acad/a5a18824-56f6-4f5f-abb6-64683cbd37bb/d6c3852113388f61_0"
    ],
    "ultima_modificacion": "2025-08-01 01:01:33.018141"
  },
  "95181d6029b1a9a60": {
    "app_sintetizada": "95181D6029B1A9A60",
    "cantidad_archivos": 1,
    "archivos_fuente": [
      "Library/Application Support/Google/Chrome/Default/Service Worker/CacheStorage/d1394a4c842f7861ad7ae5e20da4b484a0c4acad/a5a18824-56f6-4f5f-abb6-64683cbd37bb/95181d6029b1a9a6_0"
    ],
    "ultima_modificacion": "2025-08-01 01:01:33.018399"
  },
  "580e34c7c19a6dee0": {
    "app_sintetizada": "580E34C7C19A6DEE0",
    "cantidad_archivos": 1,
    "archivos_fuente": [
      "Library/Application Support/Google/Chrome/Default/Service Worker/CacheStorage/d1394a4c842f7861ad7ae5e20da4b484a0c4acad/a5a18824-56f6-4f5f-abb6-64683cbd37bb/580e34c7c19a6dee_0"
    ],
    "ultima_modificacion": "2025-08-01 01:01:33.018622"
  }
}