{
  "ed58cdb767dc4e72907d41c17e96781d1105c.jpeg": {
    "app_sintetizada": "ED58CDB767DC4E72907D41C17E96781D1105C.JPEG",
    "cantidad_archivos": 1,
    "archivos_fuente": [
      "Pictures/Fototeca de Fotos.photoslibrary/resources/derivatives/E/ED58CDB7-67DC-4E72-907D-41C17E96781D_1_105_c.jpeg"
    ],
    "ultima_modificacion": "2025-08-01 01:01:25.677654"
  },
  "ee77ef0024c94c8185c381ec662b1209.thm": {
    "app_sintetizada": "EE77EF0024C94C8185C381EC662B1209.THM",
    "cantidad_archivos": 1,
    "archivos_fuente": [
      "Pictures/Fototeca de Fotos.photoslibrary/resources/derivatives/E/EE77EF00-24C9-4C81-85C3-81EC662B1209.THM"
    ],
    "ultima_modificacion": "2025-08-01 01:01:25.677867"
  },
  "ed51d199be4d46f18aacdd7c3e22d87f1105c.jpeg": {
    "app_sintetizada": "ED51D199BE4D46F18AACDD7C3E22D87F1105C.JPEG",
    "cantidad_archivos": 1,
    "archivos_fuente": [
      "Pictures/Fototeca de Fotos.photoslibrary/resources/derivatives/E/ED51D199-BE4D-46F1-8AAC-DD7C3E22D87F_1_105_c.jpeg"
    ],
    "ultima_modificacion": "2025-08-01 01:01:25.678079"
  },
  "eac4e031c32943d1828918b35aef34cd.thm": {
    "app_sintetizada": "EAC4E031C32943D1828918B35AEF34CD.THM",
    "cantidad_archivos": 1,
    "archivos_fuente": [
      "Pictures/Fototeca de Fotos.photoslibrary/resources/derivatives/E/EAC4E031-C329-43D1-8289-18B35AEF34CD.THM"
    ],
    "ultima_modificacion": "2025-08-01 01:01:25.678291"
  },
  "e21d9e42b87140d79b1209d35ce92d7a1105c.jpeg": {
    "app_sintetizada": "E21D9E42B87140D79B1209D35CE92D7A1105C.JPEG",
    "cantidad_archivos": 1,
    "archivos_fuente": [
      "Pictures/Fototeca de Fotos.photoslibrary/resources/derivatives/E/E21D9E42-B871-40D7-9B12-09D35CE92D7A_1_105_c.jpeg"
    ],
    "ultima_modificacion": "2025-08-01 01:01:25.678498"
  },
  "eb67322af09947d28bbfce90eb370ff51105c.jpeg": {
    "app_sintetizada": "EB67322AF09947D28BBFCE90EB370FF51105C.JPEG",
    "cantidad_archivos": 1,
    "archivos_fuente": [
      "Pictures/Fototeca de Fotos.photoslibrary/resources/derivatives/E/EB67322A-F099-47D2-8BBF-CE90EB370FF5_1_105_c.jpeg"
    ],
    "ultima_modificacion": "2025-08-01 01:01:25.678711"
  },
  "e1beda2ff19648cf973bd7b832695c0e1105c.jpeg": {
    "app_sintetizada": "E1BEDA2FF19648CF973BD7B832695C0E1105C.JPEG",
    "cantidad_archivos": 1,
    "archivos_fuente": [
      "Pictures/Fototeca de Fotos.photoslibrary/resources/derivatives/E/E1BEDA2F-F196-48CF-973B-D7B832695C0E_1_105_c.jpeg"
    ],
    "ultima_modificacion": "2025-08-01 01:01:25.678982"
  },
  "e8759bc209174640bc20d5a2770b97491105c.jpeg": {
    "app_sintetizada": "E8759BC209174640BC20D5A2770B97491105C.JPEG",
    "cantidad_archivos": 1,
    "archivos_fuente": [
      "Pictures/Fototeca de Fotos.photoslibrary/resources/derivatives/E/E8759BC2-0917-4640-BC20-D5A2770B9749_1_105_c.jpeg"
    ],
    "ultima_modificacion": "2025-08-01 01:01:25.679635"
  },
  "ec97ef6723424a90b97543ec5fe0a2ad1105c.jpeg": {
    "app_sintetizada": "EC97EF6723424A90B97543EC5FE0A2AD1105C.JPEG",
    "cantidad_archivos": 1,
    "archivos_fuente": [
      "Pictures/Fototeca de Fotos.photoslibrary/resources/derivatives/E/EC97EF67-2342-4A90-B975-43EC5FE0A2AD_1_105_c.jpeg"
    ],
    "ultima_modificacion": "2025-08-01 01:01:25.679877"
  },
  "e8b07eae75db4c87b204477b3adfe6c41105c.jpeg": {
    "app_sintetizada": "E8B07EAE75DB4C87B204477B3ADFE6C41105C.JPEG",
    "cantidad_archivos": 1,
    "archivos_fuente": [
      "Pictures/Fototeca de Fotos.photoslibrary/resources/derivatives/E/E8B07EAE-75DB-4C87-B204-477B3ADFE6C4_1_105_c.jpeg"
    ],
    "ultima_modificacion": "2025-08-01 01:01:25.680774"
  },
  "e8a386d405364da084b28cf6fa78a3881105c.jpeg": {
    "app_sintetizada": "E8A386D405364DA084B28CF6FA78A3881105C.JPEG",
    "cantidad_archivos": 1,
    "archivos_fuente": [
      "Pictures/Fototeca de Fotos.photoslibrary/resources/derivatives/E/E8A386D4-0536-4DA0-84B2-8CF6FA78A388_1_105_c.jpeg"
    ],
    "ultima_modificacion": "2025-08-01 01:01:25.681169"
  },
  "e7f5b6f240b64620b80152c6208965281105c.jpeg": {
    "app_sintetizada": "E7F5B6F240B64620B80152C6208965281105C.JPEG",
    "cantidad_archivos": 1,
    "archivos_fuente": [
      "Pictures/Fototeca de Fotos.photoslibrary/resources/derivatives/E/E7F5B6F2-40B6-4620-B801-52C620896528_1_105_c.jpeg"
    ],
    "ultima_modificacion": "2025-08-01 01:01:25.681713"
  },
  "ebd550fbc0964af3a0bef055671955811105c.jpeg": {
    "app_sintetizada": "EBD550FBC0964AF3A0BEF055671955811105C.JPEG",
    "cantidad_archivos": 1,
    "archivos_fuente": [
      "Pictures/Fototeca de Fotos.photoslibrary/resources/derivatives/E/EBD550FB-C096-4AF3-A0BE-F05567195581_1_105_c.jpeg"
    ],
    "ultima_modificacion": "2025-08-01 01:01:25.682005"
  },
  "e4b6f19d45784bedb005d6041da1e8371105c.jpeg": {
    "app_sintetizada": "E4B6F19D45784BEDB005D6041DA1E8371105C.JPEG",
    "cantidad_archivos": 1,
    "archivos_fuente": [
      "Pictures/Fototeca de Fotos.photoslibrary/resources/derivatives/E/E4B6F19D-4578-4BED-B005-D6041DA1E837_1_105_c.jpeg"
    ],
    "ultima_modificacion": "2025-08-01 01:01:25.682238"
  },
  "e7c0936c7d3046c785213aacecafaddc1105c.jpeg": {
    "app_sintetizada": "E7C0936C7D3046C785213AACECAFADDC1105C.JPEG",
    "cantidad_archivos": 1,
    "archivos_fuente": [
      "Pictures/Fototeca de Fotos.photoslibrary/resources/derivatives/E/E7C0936C-7D30-46C7-8521-3AACECAFADDC_1_105_c.jpeg"
    ],
    "ultima_modificacion": "2025-08-01 01:01:25.682461"
  },
  "eeee1bea23424e5286f2ef7429b64ac61105c.jpeg": {
    "app_sintetizada": "EEEE1BEA23424E5286F2EF7429B64AC61105C.JPEG",
    "cantidad_archivos": 1,
    "archivos_fuente": [
      "Pictures/Fototeca de Fotos.photoslibrary/resources/derivatives/E/EEEE1BEA-2342-4E52-86F2-EF7429B64AC6_1_105_c.jpeg"
    ],
    "ultima_modificacion": "2025-08-01 01:01:25.682798"
  },
  "e8569928c30d45788848a035bee028b61100o.jpeg": {
    "app_sintetizada": "E8569928C30D45788848A035BEE028B61100O.JPEG",
    "cantidad_archivos": 1,
    "archivos_fuente": [
      "Pictures/Fototeca de Fotos.photoslibrary/resources/derivatives/E/E8569928-C30D-4578-8848-A035BEE028B6_1_100_o.jpeg"
    ],
    "ultima_modificacion": "2025-08-01 01:01:25.683032"
  },
  "e61239a5ceaa4314b3445d257a96607a1105c.jpeg": {
    "app_sintetizada": "E61239A5CEAA4314B3445D257A96607A1105C.JPEG",
    "cantidad_archivos": 1,
    "archivos_fuente": [
      "Pictures/Fototeca de Fotos.photoslibrary/resources/derivatives/E/E61239A5-CEAA-4314-B344-5D257A96607A_1_105_c.jpeg"
    ],
    "ultima_modificacion": "2025-08-01 01:01:25.683913"
  },
  "ee6fe689e5c941ecb33bc6328e1c507d1105c.jpeg": {
    "app_sintetizada": "EE6FE689E5C941ECB33BC6328E1C507D1105C.JPEG",
    "cantidad_archivos": 1,
    "archivos_fuente": [
      "Pictures/Fototeca de Fotos.photoslibrary/resources/derivatives/E/EE6FE689-E5C9-41EC-B33B-C6328E1C507D_1_105_c.jpeg"
    ],
    "ultima_modificacion": "2025-08-01 01:01:25.684509"
  },
  "e882831ed0e74d94a8cd3e6305f4159e1105c.jpeg": {
    "app_sintetizada": "E882831ED0E74D94A8CD3E6305F4159E1105C.JPEG",
    "cantidad_archivos": 1,
    "archivos_fuente": [
      "Pictures/Fototeca de Fotos.photoslibrary/resources/derivatives/E/E882831E-D0E7-4D94-A8CD-3E6305F4159E_1_105_c.jpeg"
    ],
    "ultima_modificacion": "2025-08-01 01:01:25.684826"
  },
  "e585131894534214886a1b84cb51ffbd1105c.jpeg": {
    "app_sintetizada": "E585131894534214886A1B84CB51FFBD1105C.JPEG",
    "cantidad_archivos": 1,
    "archivos_fuente": [
      "Pictures/Fototeca de Fotos.photoslibrary/resources/derivatives/E/E5851318-9453-4214-886A-1B84CB51FFBD_1_105_c.jpeg"
    ],
    "ultima_modificacion": "2025-08-01 01:01:25.685148"
  },
  "ee29bf1b5bb94fa594f08192c5b39c601105c.jpeg": {
    "app_sintetizada": "EE29BF1B5BB94FA594F08192C5B39C601105C.JPEG",
    "cantidad_archivos": 1,
    "archivos_fuente": [
      "Pictures/Fototeca de Fotos.photoslibrary/resources/derivatives/E/EE29BF1B-5BB9-4FA5-94F0-8192C5B39C60_1_105_c.jpeg"
    ],
    "ultima_modificacion": "2025-08-01 01:01:25.685447"
  },
  "e7db5a6b9f274332867f7eff1c1356051105c.jpeg": {
    "app_sintetizada": "E7DB5A6B9F274332867F7EFF1C1356051105C.JPEG",
    "cantidad_archivos": 1,
    "archivos_fuente": [
      "Pictures/Fototeca de Fotos.photoslibrary/resources/derivatives/E/E7DB5A6B-9F27-4332-867F-7EFF1C135605_1_105_c.jpeg"
    ],
    "ultima_modificacion": "2025-08-01 01:01:25.685734"
  },
  "e3a9b42dd5764554b06e47736d1fad041105c.jpeg": {
    "app_sintetizada": "E3A9B42DD5764554B06E47736D1FAD041105C.JPEG",
    "cantidad_archivos": 1,
    "archivos_fuente": [
      "Pictures/Fototeca de Fotos.photoslibrary/resources/derivatives/E/E3A9B42D-D576-4554-B06E-47736D1FAD04_1_105_c.jpeg"
    ],
    "ultima_modificacion": "2025-08-01 01:01:25.686020"
  },
  "e47255bf1c7540948e2069da1653aca11105c.jpeg": {
    "app_sintetizada": "E47255BF1C7540948E2069DA1653ACA11105C.JPEG",
    "cantidad_archivos": 1,
    "archivos_fuente": [
      "Pictures/Fototeca de Fotos.photoslibrary/resources/derivatives/E/E47255BF-1C75-4094-8E20-69DA1653ACA1_1_105_c.jpeg"
    ],
    "ultima_modificacion": "2025-08-01 01:01:25.686317"
  },
  "ea46010aa1d74e6c966ab8e942189c331105c.jpeg": {
    "app_sintetizada": "EA46010AA1D74E6C966AB8E942189C331105C.JPEG",
    "cantidad_archivos": 1,
    "archivos_fuente": [
      "Pictures/Fototeca de Fotos.photoslibrary/resources/derivatives/E/EA46010A-A1D7-4E6C-966A-B8E942189C33_1_105_c.jpeg"
    ],
    "ultima_modificacion": "2025-08-01 01:01:25.696196"
  },
  "e9cd6cee4b9e45d3a7d7e41edb1164db1105c.jpeg": {
    "app_sintetizada": "E9CD6CEE4B9E45D3A7D7E41EDB1164DB1105C.JPEG",
    "cantidad_archivos": 1,
    "archivos_fuente": [
      "Pictures/Fototeca de Fotos.photoslibrary/resources/derivatives/E/E9CD6CEE-4B9E-45D3-A7D7-E41EDB1164DB_1_105_c.jpeg"
    ],
    "ultima_modificacion": "2025-08-01 01:01:25.698082"
  },
  "ed7da152e45040688ecc403baf373aae1105c.jpeg": {
    "app_sintetizada": "ED7DA152E45040688ECC403BAF373AAE1105C.JPEG",
    "cantidad_archivos": 1,
    "archivos_fuente": [
      "Pictures/Fototeca de Fotos.photoslibrary/resources/derivatives/E/ED7DA152-E450-4068-8ECC-403BAF373AAE_1_105_c.jpeg"
    ],
    "ultima_modificacion": "2025-08-01 01:01:25.698591"
  },
  "e0193b2a09134d18973ba687759e9bae1105c.jpeg": {
    "app_sintetizada": "E0193B2A09134D18973BA687759E9BAE1105C.JPEG",
    "cantidad_archivos": 1,
    "archivos_fuente": [
      "Pictures/Fototeca de Fotos.photoslibrary/resources/derivatives/E/E0193B2A-0913-4D18-973B-A687759E9BAE_1_105_c.jpeg"
    ],
    "ultima_modificacion": "2025-08-01 01:01:25.699302"
  },
  "eca28f350b264880941cef38aef894ca1105c.jpeg": {
    "app_sintetizada": "ECA28F350B264880941CEF38AEF894CA1105C.JPEG",
    "cantidad_archivos": 1,
    "archivos_fuente": [
      "Pictures/Fototeca de Fotos.photoslibrary/resources/derivatives/E/ECA28F35-0B26-4880-941C-EF38AEF894CA_1_105_c.jpeg"
    ],
    "ultima_modificacion": "2025-08-01 01:01:25.699688"
  },
  "efe37d7a60504eabbed9e74ee989e5bf1105c.jpeg": {
    "app_sintetizada": "EFE37D7A60504EABBED9E74EE989E5BF1105C.JPEG",
    "cantidad_archivos": 1,
    "archivos_fuente": [
      "Pictures/Fototeca de Fotos.photoslibrary/resources/derivatives/E/EFE37D7A-6050-4EAB-BED9-E74EE989E5BF_1_105_c.jpeg"
    ],
    "ultima_modificacion": "2025-08-01 01:01:25.700439"
  },
  "e9d0753a43644e6cb11872f636dbc8d11105c.jpeg": {
    "app_sintetizada": "E9D0753A43644E6CB11872F636DBC8D11105C.JPEG",
    "cantidad_archivos": 1,
    "archivos_fuente": [
      "Pictures/Fototeca de Fotos.photoslibrary/resources/derivatives/E/E9D0753A-4364-4E6C-B118-72F636DBC8D1_1_105_c.jpeg"
    ],
    "ultima_modificacion": "2025-08-01 01:01:25.701054"
  },
  "e5bc1ce80ba940d188af861336646e611105c.jpeg": {
    "app_sintetizada": "E5BC1CE80BA940D188AF861336646E611105C.JPEG",
    "cantidad_archivos": 1,
    "archivos_fuente": [
      "Pictures/Fototeca de Fotos.photoslibrary/resources/derivatives/E/E5BC1CE8-0BA9-40D1-88AF-861336646E61_1_105_c.jpeg"
    ],
    "ultima_modificacion": "2025-08-01 01:01:25.702809"
  },
  "e78ab6ecb55c4b909b08f4f6b2fac37b1105c.jpeg": {
    "app_sintetizada": "E78AB6ECB55C4B909B08F4F6B2FAC37B1105C.JPEG",
    "cantidad_archivos": 1,
    "archivos_fuente": [
      "Pictures/Fototeca de Fotos.photoslibrary/resources/derivatives/E/E78AB6EC-B55C-4B90-9B08-F4F6B2FAC37B_1_105_c.jpeg"
    ],
    "ultima_modificacion": "2025-08-01 01:01:25.703459"
  },
  "e424510ceb444a168329260ab84221141105c.jpeg": {
    "app_sintetizada": "E424510CEB444A168329260AB84221141105C.JPEG",
    "cantidad_archivos": 1,
    "archivos_fuente": [
      "Pictures/Fototeca de Fotos.photoslibrary/resources/derivatives/E/E424510C-EB44-4A16-8329-260AB8422114_1_105_c.jpeg"
    ],
    "ultima_modificacion": "2025-08-01 01:01:25.703958"
  },
  "e8399115c2304d0ab5f43d896fba41d71105c.jpeg": {
    "app_sintetizada": "E8399115C2304D0AB5F43D896FBA41D71105C.JPEG",
    "cantidad_archivos": 1,
    "archivos_fuente": [
      "Pictures/Fototeca de Fotos.photoslibrary/resources/derivatives/E/E8399115-C230-4D0A-B5F4-3D896FBA41D7_1_105_c.jpeg"
    ],
    "ultima_modificacion": "2025-08-01 01:01:25.704466"
  },
  "ee7b26503fad4432b657557a665c643f1105c.jpeg": {
    "app_sintetizada": "EE7B26503FAD4432B657557A665C643F1105C.JPEG",
    "cantidad_archivos": 1,
    "archivos_fuente": [
      "Pictures/Fototeca de Fotos.photoslibrary/resources/derivatives/E/EE7B2650-3FAD-4432-B657-557A665C643F_1_105_c.jpeg"
    ],
    "ultima_modificacion": "2025-08-01 01:01:25.704844"
  },
  "e644ae3a3e924747878db4e5318b18a11105c.jpeg": {
    "app_sintetizada": "E644AE3A3E924747878DB4E5318B18A11105C.JPEG",
    "cantidad_archivos": 1,
    "archivos_fuente": [
      "Pictures/Fototeca de Fotos.photoslibrary/resources/derivatives/E/E644AE3A-3E92-4747-878D-B4E5318B18A1_1_105_c.jpeg"
    ],
    "ultima_modificacion": "2025-08-01 01:01:25.705334"
  },
  "e6b20de48b5d474082151069c2bc1ed41105c.jpeg": {
    "app_sintetizada": "E6B20DE48B5D474082151069C2BC1ED41105C.JPEG",
    "cantidad_archivos": 1,
    "archivos_fuente": [
      "Pictures/Fototeca de Fotos.photoslibrary/resources/derivatives/E/E6B20DE4-8B5D-4740-8215-1069C2BC1ED4_1_105_c.jpeg"
    ],
    "ultima_modificacion": "2025-08-01 01:01:25.705899"
  },
  "e84c64d0987c4b388bbcf7fc76ab884c1105c.jpeg": {
    "app_sintetizada": "E84C64D0987C4B388BBCF7FC76AB884C1105C.JPEG",
    "cantidad_archivos": 1,
    "archivos_fuente": [
      "Pictures/Fototeca de Fotos.photoslibrary/resources/derivatives/E/E84C64D0-987C-4B38-8BBC-F7FC76AB884C_1_105_c.jpeg"
    ],
    "ultima_modificacion": "2025-08-01 01:01:25.706339"
  },
  "e6fbe64f3368456ab4b54da49249df941105c.jpeg": {
    "app_sintetizada": "E6FBE64F3368456AB4B54DA49249DF941105C.JPEG",
    "cantidad_archivos": 1,
    "archivos_fuente": [
      "Pictures/Fototeca de Fotos.photoslibrary/resources/derivatives/E/E6FBE64F-3368-456A-B4B5-4DA49249DF94_1_105_c.jpeg"
    ],
    "ultima_modificacion": "2025-08-01 01:01:25.706877"
  },
  "e5dda691b4594b689a135338db5c84331105c.jpeg": {
    "app_sintetizada": "E5DDA691B4594B689A135338DB5C84331105C.JPEG",
    "cantidad_archivos": 1,
    "archivos_fuente": [
      "Pictures/Fototeca de Fotos.photoslibrary/resources/derivatives/E/E5DDA691-B459-4B68-9A13-5338DB5C8433_1_105_c.jpeg"
    ],
    "ultima_modificacion": "2025-08-01 01:01:25.707757"
  },
  "e1add13da4d24cd6869d05c568d31aaa1105c.jpeg": {
    "app_sintetizada": "E1ADD13DA4D24CD6869D05C568D31AAA1105C.JPEG",
    "cantidad_archivos": 1,
    "archivos_fuente": [
      "Pictures/Fototeca de Fotos.photoslibrary/resources/derivatives/E/E1ADD13D-A4D2-4CD6-869D-05C568D31AAA_1_105_c.jpeg"
    ],
    "ultima_modificacion": "2025-08-01 01:01:25.708288"
  },
  "ea556738c69e4141bdb73d6a033aa8f91105c.jpeg": {
    "app_sintetizada": "EA556738C69E4141BDB73D6A033AA8F91105C.JPEG",
    "cantidad_archivos": 1,
    "archivos_fuente": [
      "Pictures/Fototeca de Fotos.photoslibrary/resources/derivatives/E/EA556738-C69E-4141-BDB7-3D6A033AA8F9_1_105_c.jpeg"
    ],
    "ultima_modificacion": "2025-08-01 01:01:25.708761"
  },
  "e1ffe7b69a084b0f9a4511ab569d048a1105c.jpeg": {
    "app_sintetizada": "E1FFE7B69A084B0F9A4511AB569D048A1105C.JPEG",
    "cantidad_archivos": 1,
    "archivos_fuente": [
      "Pictures/Fototeca de Fotos.photoslibrary/resources/derivatives/E/E1FFE7B6-9A08-4B0F-9A45-11AB569D048A_1_105_c.jpeg"
    ],
    "ultima_modificacion": "2025-08-01 01:01:25.709322"
  },
  "eb11c32072b34349bccf412c87f63f8c1100o.jpeg": {
    "app_sintetizada": "EB11C32072B34349BCCF412C87F63F8C1100O.JPEG",
    "cantidad_archivos": 1,
    "archivos_fuente": [
      "Pictures/Fototeca de Fotos.photoslibrary/resources/derivatives/E/EB11C320-72B3-4349-BCCF-412C87F63F8C_1_100_o.jpeg"
    ],
    "ultima_modificacion": "2025-08-01 01:01:25.709856"
  },
  "e6a71f51f0e54b29bb352fe65e02d98b1105c.jpeg": {
    "app_sintetizada": "E6A71F51F0E54B29BB352FE65E02D98B1105C.JPEG",
    "cantidad_archivos": 1,
    "archivos_fuente": [
      "Pictures/Fototeca de Fotos.photoslibrary/resources/derivatives/E/E6A71F51-F0E5-4B29-BB35-2FE65E02D98B_1_105_c.jpeg"
    ],
    "ultima_modificacion": "2025-08-01 01:01:25.710424"
  },
  "ecc0a2c1373e465a959a8c9fc99d56201105c.jpeg": {
    "app_sintetizada": "ECC0A2C1373E465A959A8C9FC99D56201105C.JPEG",
    "cantidad_archivos": 1,
    "archivos_fuente": [
      "Pictures/Fototeca de Fotos.photoslibrary/resources/derivatives/E/ECC0A2C1-373E-465A-959A-8C9FC99D5620_1_105_c.jpeg"
    ],
    "ultima_modificacion": "2025-08-01 01:01:25.711361"
  },
  "e07bb0bd86f748a2b8777f7978c1b8b61105c.jpeg": {
    "app_sintetizada": "E07BB0BD86F748A2B8777F7978C1B8B61105C.JPEG",
    "cantidad_archivos": 1,
    "archivos_fuente": [
      "Pictures/Fototeca de Fotos.photoslibrary/resources/derivatives/E/E07BB0BD-86F7-48A2-B877-7F7978C1B8B6_1_105_c.jpeg"
    ],
    "ultima_modificacion": "2025-08-01 01:01:25.711751"
  },
  "e12b6f7360fa41b9921943df337ef9e21105c.jpeg": {
    "app_sintetizada": "E12B6F7360FA41B9921943DF337EF9E21105C.JPEG",
    "cantidad_archivos": 1,
    "archivos_fuente": [
      "Pictures/Fototeca de Fotos.photoslibrary/resources/derivatives/E/E12B6F73-60FA-41B9-9219-43DF337EF9E2_1_105_c.jpeg"
    ],
    "ultima_modificacion": "2025-08-01 01:01:25.712125"
  },
  "e663f570c9594d5b9b34e66fd8537807.thm": {
    "app_sintetizada": "E663F570C9594D5B9B34E66FD8537807.THM",
    "cantidad_archivos": 1,
    "archivos_fuente": [
      "Pictures/Fototeca de Fotos.photoslibrary/resources/derivatives/E/E663F570-C959-4D5B-9B34-E66FD8537807.THM"
    ],
    "ultima_modificacion": "2025-08-01 01:01:25.712520"
  },
  "e2248f95c04d4e0298b3c23890e28d1f1105c.jpeg": {
    "app_sintetizada": "E2248F95C04D4E0298B3C23890E28D1F1105C.JPEG",
    "cantidad_archivos": 1,
    "archivos_fuente": [
      "Pictures/Fototeca de Fotos.photoslibrary/resources/derivatives/E/E2248F95-C04D-4E02-98B3-C23890E28D1F_1_105_c.jpeg"
    ],
    "ultima_modificacion": "2025-08-01 01:01:25.712887"
  },
  "ec248023b05d46a6b08655ef00993e781105c.jpeg": {
    "app_sintetizada": "EC248023B05D46A6B08655EF00993E781105C.JPEG",
    "cantidad_archivos": 1,
    "archivos_fuente": [
      "Pictures/Fototeca de Fotos.photoslibrary/resources/derivatives/E/EC248023-B05D-46A6-B086-55EF00993E78_1_105_c.jpeg"
    ],
    "ultima_modificacion": "2025-08-01 01:01:25.713171"
  },
  "ee956f4c4dc549e1af2d74d00a82cb3f1105c.jpeg": {
    "app_sintetizada": "EE956F4C4DC549E1AF2D74D00A82CB3F1105C.JPEG",
    "cantidad_archivos": 1,
    "archivos_fuente": [
      "Pictures/Fototeca de Fotos.photoslibrary/resources/derivatives/E/EE956F4C-4DC5-49E1-AF2D-74D00A82CB3F_1_105_c.jpeg"
    ],
    "ultima_modificacion": "2025-08-01 01:01:25.713440"
  },
  "e7c520bc47f047b9bce8f51cd05b271b1105c.jpeg": {
    "app_sintetizada": "E7C520BC47F047B9BCE8F51CD05B271B1105C.JPEG",
    "cantidad_archivos": 1,
    "archivos_fuente": [
      "Pictures/Fototeca de Fotos.photoslibrary/resources/derivatives/E/E7C520BC-47F0-47B9-BCE8-F51CD05B271B_1_105_c.jpeg"
    ],
    "ultima_modificacion": "2025-08-01 01:01:25.713654"
  },
  "e7263bd9afa94a81a0bc3fd8d0f98dfa1105c.jpeg": {
    "app_sintetizada": "E7263BD9AFA94A81A0BC3FD8D0F98DFA1105C.JPEG",
    "cantidad_archivos": 1,
    "archivos_fuente": [
      "Pictures/Fototeca de Fotos.photoslibrary/resources/derivatives/E/E7263BD9-AFA9-4A81-A0BC-3FD8D0F98DFA_1_105_c.jpeg"
    ],
    "ultima_modificacion": "2025-08-01 01:01:25.713866"
  },
  "ec645112fd844ac6bec549802cb0b05c1105c.jpeg": {
    "app_sintetizada": "EC645112FD844AC6BEC549802CB0B05C1105C.JPEG",
    "cantidad_archivos": 1,
    "archivos_fuente": [
      "Pictures/Fototeca de Fotos.photoslibrary/resources/derivatives/E/EC645112-FD84-4AC6-BEC5-49802CB0B05C_1_105_c.jpeg"
    ],
    "ultima_modificacion": "2025-08-01 01:01:25.714087"
  },
  "e54f487bd0234afb87b6c2e5d904596a1105c.jpeg": {
    "app_sintetizada": "E54F487BD0234AFB87B6C2E5D904596A1105C.JPEG",
    "cantidad_archivos": 1,
    "archivos_fuente": [
      "Pictures/Fototeca de Fotos.photoslibrary/resources/derivatives/E/E54F487B-D023-4AFB-87B6-C2E5D904596A_1_105_c.jpeg"
    ],
    "ultima_modificacion": "2025-08-01 01:01:25.714412"
  },
  "e2d4ac8e3bee470a88ab6d3901b6e60e1105c.jpeg": {
    "app_sintetizada": "E2D4AC8E3BEE470A88AB6D3901B6E60E1105C.JPEG",
    "cantidad_archivos": 1,
    "archivos_fuente": [
      "Pictures/Fototeca de Fotos.photoslibrary/resources/derivatives/E/E2D4AC8E-3BEE-470A-88AB-6D3901B6E60E_1_105_c.jpeg"
    ],
    "ultima_modificacion": "2025-08-01 01:01:25.714806"
  },
  "e3ec04192c8941708904bc0e15c934a61105c.jpeg": {
    "app_sintetizada": "E3EC04192C8941708904BC0E15C934A61105C.JPEG",
    "cantidad_archivos": 1,
    "archivos_fuente": [
      "Pictures/Fototeca de Fotos.photoslibrary/resources/derivatives/E/E3EC0419-2C89-4170-8904-BC0E15C934A6_1_105_c.jpeg"
    ],
    "ultima_modificacion": "2025-08-01 01:01:25.715167"
  },
  "e6e05ad5e2cb487991c7900f29d8efe61105c.jpeg": {
    "app_sintetizada": "E6E05AD5E2CB487991C7900F29D8EFE61105C.JPEG",
    "cantidad_archivos": 1,
    "archivos_fuente": [
      "Pictures/Fototeca de Fotos.photoslibrary/resources/derivatives/E/E6E05AD5-E2CB-4879-91C7-900F29D8EFE6_1_105_c.jpeg"
    ],
    "ultima_modificacion": "2025-08-01 01:01:25.715431"
  },
  "e6662edaf0a74ffd8c626923ee1e55291105c.jpeg": {
    "app_sintetizada": "E6662EDAF0A74FFD8C626923EE1E55291105C.JPEG",
    "cantidad_archivos": 1,
    "archivos_fuente": [
      "Pictures/Fototeca de Fotos.photoslibrary/resources/derivatives/E/E6662EDA-F0A7-4FFD-8C62-6923EE1E5529_1_105_c.jpeg"
    ],
    "ultima_modificacion": "2025-08-01 01:01:25.715664"
  },
  "ea24264033ad42799bb839aa36c39362.thm": {
    "app_sintetizada": "EA24264033AD42799BB839AA36C39362.THM",
    "cantidad_archivos": 1,
    "archivos_fuente": [
      "Pictures/Fototeca de Fotos.photoslibrary/resources/derivatives/E/EA242640-33AD-4279-9BB8-39AA36C39362.THM"
    ],
    "ultima_modificacion": "2025-08-01 01:01:25.715903"
  },
  "ec339d8b248c4b88af4264abe8fb2f9e1105c.jpeg": {
    "app_sintetizada": "EC339D8B248C4B88AF4264ABE8FB2F9E1105C.JPEG",
    "cantidad_archivos": 1,
    "archivos_fuente": [
      "Pictures/Fototeca de Fotos.photoslibrary/resources/derivatives/E/EC339D8B-248C-4B88-AF42-64ABE8FB2F9E_1_105_c.jpeg"
    ],
    "ultima_modificacion": "2025-08-01 01:01:25.716125"
  },
  "ef7648040e4d4a5ca6e912e859d06a1b1105c.jpeg": {
    "app_sintetizada": "EF7648040E4D4A5CA6E912E859D06A1B1105C.JPEG",
    "cantidad_archivos": 1,
    "archivos_fuente": [
      "Pictures/Fototeca de Fotos.photoslibrary/resources/derivatives/E/EF764804-0E4D-4A5C-A6E9-12E859D06A1B_1_105_c.jpeg"
    ],
    "ultima_modificacion": "2025-08-01 01:01:25.716345"
  },
  "ef1d99099ce5497f913c008251ff65021105c.jpeg": {
    "app_sintetizada": "EF1D99099CE5497F913C008251FF65021105C.JPEG",
    "cantidad_archivos": 1,
    "archivos_fuente": [
      "Pictures/Fototeca de Fotos.photoslibrary/resources/derivatives/E/EF1D9909-9CE5-497F-913C-008251FF6502_1_105_c.jpeg"
    ],
    "ultima_modificacion": "2025-08-01 01:01:25.716896"
  },
  "e0061136b1bf482ca7d1148f11a29a021105c.jpeg": {
    "app_sintetizada": "E0061136B1BF482CA7D1148F11A29A021105C.JPEG",
    "cantidad_archivos": 1,
    "archivos_fuente": [
      "Pictures/Fototeca de Fotos.photoslibrary/resources/derivatives/E/E0061136-B1BF-482C-A7D1-148F11A29A02_1_105_c.jpeg"
    ],
    "ultima_modificacion": "2025-08-01 01:01:25.717268"
  },
  "e534cec93e0c4db2a5f04338b791ff2d1105c.jpeg": {
    "app_sintetizada": "E534CEC93E0C4DB2A5F04338B791FF2D1105C.JPEG",
    "cantidad_archivos": 1,
    "archivos_fuente": [
      "Pictures/Fototeca de Fotos.photoslibrary/resources/derivatives/E/E534CEC9-3E0C-4DB2-A5F0-4338B791FF2D_1_105_c.jpeg"
    ],
    "ultima_modificacion": "2025-08-01 01:01:25.717723"
  },
  "e08d6e0e61ab48e5a2b7608acdb0d02c1105c.jpeg": {
    "app_sintetizada": "E08D6E0E61AB48E5A2B7608ACDB0D02C1105C.JPEG",
    "cantidad_archivos": 1,
    "archivos_fuente": [
      "Pictures/Fototeca de Fotos.photoslibrary/resources/derivatives/E/E08D6E0E-61AB-48E5-A2B7-608ACDB0D02C_1_105_c.jpeg"
    ],
    "ultima_modificacion": "2025-08-01 01:01:25.718119"
  },
  "e646e874080c40c581a72f020068b1bb.thm": {
    "app_sintetizada": "E646E874080C40C581A72F020068B1BB.THM",
    "cantidad_archivos": 1,
    "archivos_fuente": [
      "Pictures/Fototeca de Fotos.photoslibrary/resources/derivatives/E/E646E874-080C-40C5-81A7-2F020068B1BB.THM"
    ],
    "ultima_modificacion": "2025-08-01 01:01:25.718569"
  },
  "e42fc9436ea347048f9f6425088d66131105c.jpeg": {
    "app_sintetizada": "E42FC9436EA347048F9F6425088D66131105C.JPEG",
    "cantidad_archivos": 1,
    "archivos_fuente": [
      "Pictures/Fototeca de Fotos.photoslibrary/resources/derivatives/E/E42FC943-6EA3-4704-8F9F-6425088D6613_1_105_c.jpeg"
    ],
    "ultima_modificacion": "2025-08-01 01:01:25.719102"
  },
  "e14819161ffc4af6bc06b7458931b1791105c.jpeg": {
    "app_sintetizada": "E14819161FFC4AF6BC06B7458931B1791105C.JPEG",
    "cantidad_archivos": 1,
    "archivos_fuente": [
      "Pictures/Fototeca de Fotos.photoslibrary/resources/derivatives/E/E1481916-1FFC-4AF6-BC06-B7458931B179_1_105_c.jpeg"
    ],
    "ultima_modificacion": "2025-08-01 01:01:25.719467"
  },
  "e84d330e7fab433292147fff49b7183a1105c.jpeg": {
    "app_sintetizada": "E84D330E7FAB433292147FFF49B7183A1105C.JPEG",
    "cantidad_archivos": 1,
    "archivos_fuente": [
      "Pictures/Fototeca de Fotos.photoslibrary/resources/derivatives/E/E84D330E-7FAB-4332-9214-7FFF49B7183A_1_105_c.jpeg"
    ],
    "ultima_modificacion": "2025-08-01 01:01:25.719728"
  },
  "e350fc39e9e244518b490ab0d03c29e31105c.jpeg": {
    "app_sintetizada": "E350FC39E9E244518B490AB0D03C29E31105C.JPEG",
    "cantidad_archivos": 1,
    "archivos_fuente": [
      "Pictures/Fototeca de Fotos.photoslibrary/resources/derivatives/E/E350FC39-E9E2-4451-8B49-0AB0D03C29E3_1_105_c.jpeg"
    ],
    "ultima_modificacion": "2025-08-01 01:01:25.720589"
  },
  "ed4ba6b51cad4c82a26027c3ccfcf8b1.thm": {
    "app_sintetizada": "ED4BA6B51CAD4C82A26027C3CCFCF8B1.THM",
    "cantidad_archivos": 1,
    "archivos_fuente": [
      "Pictures/Fototeca de Fotos.photoslibrary/resources/derivatives/E/ED4BA6B5-1CAD-4C82-A260-27C3CCFCF8B1.THM"
    ],
    "ultima_modificacion": "2025-08-01 01:01:25.720963"
  },
  "e23f6afcbf7c4fdbbe0261fd251ad7261105c.jpeg": {
    "app_sintetizada": "E23F6AFCBF7C4FDBBE0261FD251AD7261105C.JPEG",
    "cantidad_archivos": 1,
    "archivos_fuente": [
      "Pictures/Fototeca de Fotos.photoslibrary/resources/derivatives/E/E23F6AFC-BF7C-4FDB-BE02-61FD251AD726_1_105_c.jpeg"
    ],
    "ultima_modificacion": "2025-08-01 01:01:25.721274"
  },
  "e678ac66b19b4440aa5da2803a39bbc6.thm": {
    "app_sintetizada": "E678AC66B19B4440AA5DA2803A39BBC6.THM",
    "cantidad_archivos": 1,
    "archivos_fuente": [
      "Pictures/Fototeca de Fotos.photoslibrary/resources/derivatives/E/E678AC66-B19B-4440-AA5D-A2803A39BBC6.THM"
    ],
    "ultima_modificacion": "2025-08-01 01:01:25.721555"
  },
  "e67f06088aaa4038bba5a24ff73371b91105c.jpeg": {
    "app_sintetizada": "E67F06088AAA4038BBA5A24FF73371B91105C.JPEG",
    "cantidad_archivos": 1,
    "archivos_fuente": [
      "Pictures/Fototeca de Fotos.photoslibrary/resources/derivatives/E/E67F0608-8AAA-4038-BBA5-A24FF73371B9_1_105_c.jpeg"
    ],
    "ultima_modificacion": "2025-08-01 01:01:25.721910"
  },
  "e83afc5a1e3f464abad5aba27d3f46831105c.jpeg": {
    "app_sintetizada": "E83AFC5A1E3F464ABAD5ABA27D3F46831105C.JPEG",
    "cantidad_archivos": 1,
    "archivos_fuente": [
      "Pictures/Fototeca de Fotos.photoslibrary/resources/derivatives/E/E83AFC5A-1E3F-464A-BAD5-ABA27D3F4683_1_105_c.jpeg"
    ],
    "ultima_modificacion": "2025-08-01 01:01:25.722166"
  },
  "ea1891cadb0c4bcaa145660103a63bb81105c.jpeg": {
    "app_sintetizada": "EA1891CADB0C4BCAA145660103A63BB81105C.JPEG",
    "cantidad_archivos": 1,
    "archivos_fuente": [
      "Pictures/Fototeca de Fotos.photoslibrary/resources/derivatives/E/EA1891CA-DB0C-4BCA-A145-660103A63BB8_1_105_c.jpeg"
    ],
    "ultima_modificacion": "2025-08-01 01:01:25.722384"
  },
  "e85df4947a494bae9b81fc6f9c9c57651105c.jpeg": {
    "app_sintetizada": "E85DF4947A494BAE9B81FC6F9C9C57651105C.JPEG",
    "cantidad_archivos": 1,
    "archivos_fuente": [
      "Pictures/Fototeca de Fotos.photoslibrary/resources/derivatives/E/E85DF494-7A49-4BAE-9B81-FC6F9C9C5765_1_105_c.jpeg"
    ],
    "ultima_modificacion": "2025-08-01 01:01:25.722711"
  },
  "e65374343ecb4e16ab5d7c4439e9bda11105c.jpeg": {
    "app_sintetizada": "E65374343ECB4E16AB5D7C4439E9BDA11105C.JPEG",
    "cantidad_archivos": 1,
    "archivos_fuente": [
      "Pictures/Fototeca de Fotos.photoslibrary/resources/derivatives/E/E6537434-3ECB-4E16-AB5D-7C4439E9BDA1_1_105_c.jpeg"
    ],
    "ultima_modificacion": "2025-08-01 01:01:25.723153"
  },
  "eab9df970fad49e8ab31002bfa704f811105c.jpeg": {
    "app_sintetizada": "EAB9DF970FAD49E8AB31002BFA704F811105C.JPEG",
    "cantidad_archivos": 1,
    "archivos_fuente": [
      "Pictures/Fototeca de Fotos.photoslibrary/resources/derivatives/E/EAB9DF97-0FAD-49E8-AB31-002BFA704F81_1_105_c.jpeg"
    ],
    "ultima_modificacion": "2025-08-01 01:01:25.723580"
  },
  "eb02594722914a38a8353559286174f71105c.jpeg": {
    "app_sintetizada": "EB02594722914A38A8353559286174F71105C.JPEG",
    "cantidad_archivos": 1,
    "archivos_fuente": [
      "Pictures/Fototeca de Fotos.photoslibrary/resources/derivatives/E/EB025947-2291-4A38-A835-3559286174F7_1_105_c.jpeg"
    ],
    "ultima_modificacion": "2025-08-01 01:01:25.723959"
  },
  "e13280a4a6b04fe78635527c3f9f85b21105c.jpeg": {
    "app_sintetizada": "E13280A4A6B04FE78635527C3F9F85B21105C.JPEG",
    "cantidad_archivos": 1,
    "archivos_fuente": [
      "Pictures/Fototeca de Fotos.photoslibrary/resources/derivatives/E/E13280A4-A6B0-4FE7-8635-527C3F9F85B2_1_105_c.jpeg"
    ],
    "ultima_modificacion": "2025-08-01 01:01:25.724446"
  },
  "e4db9e3e4320442ba2f7e29668574ee01105c.jpeg": {
    "app_sintetizada": "E4DB9E3E4320442BA2F7E29668574EE01105C.JPEG",
    "cantidad_archivos": 1,
    "archivos_fuente": [
      "Pictures/Fototeca de Fotos.photoslibrary/resources/derivatives/E/E4DB9E3E-4320-442B-A2F7-E29668574EE0_1_105_c.jpeg"
    ],
    "ultima_modificacion": "2025-08-01 01:01:25.724809"
  },
  "ef63645757f6442baec8a37403da75341105c.jpeg": {
    "app_sintetizada": "EF63645757F6442BAEC8A37403DA75341105C.JPEG",
    "cantidad_archivos": 1,
    "archivos_fuente": [
      "Pictures/Fototeca de Fotos.photoslibrary/resources/derivatives/E/EF636457-57F6-442B-AEC8-A37403DA7534_1_105_c.jpeg"
    ],
    "ultima_modificacion": "2025-08-01 01:01:25.725201"
  },
  "ecdbc8a7bc1f4331911cab93f0c658c0.thm": {
    "app_sintetizada": "ECDBC8A7BC1F4331911CAB93F0C658C0.THM",
    "cantidad_archivos": 1,
    "archivos_fuente": [
      "Pictures/Fototeca de Fotos.photoslibrary/resources/derivatives/E/ECDBC8A7-BC1F-4331-911C-AB93F0C658C0.THM"
    ],
    "ultima_modificacion": "2025-08-01 01:01:25.725547"
  },
  "e55d5dfa4efa4abda70a38e3f24059e91105c.jpeg": {
    "app_sintetizada": "E55D5DFA4EFA4ABDA70A38E3F24059E91105C.JPEG",
    "cantidad_archivos": 1,
    "archivos_fuente": [
      "Pictures/Fototeca de Fotos.photoslibrary/resources/derivatives/E/E55D5DFA-4EFA-4ABD-A70A-38E3F24059E9_1_105_c.jpeg"
    ],
    "ultima_modificacion": "2025-08-01 01:01:25.725969"
  },
  "e17982066ec5426baec8a8164a0dc2541105c.jpeg": {
    "app_sintetizada": "E17982066EC5426BAEC8A8164A0DC2541105C.JPEG",
    "cantidad_archivos": 1,
    "archivos_fuente": [
      "Pictures/Fototeca de Fotos.photoslibrary/resources/derivatives/E/E1798206-6EC5-426B-AEC8-A8164A0DC254_1_105_c.jpeg"
    ],
    "ultima_modificacion": "2025-08-01 01:01:25.726558"
  },
  "e121f594d4c14062ab8ea0355f92587e1105c.jpeg": {
    "app_sintetizada": "E121F594D4C14062AB8EA0355F92587E1105C.JPEG",
    "cantidad_archivos": 1,
    "archivos_fuente": [
      "Pictures/Fototeca de Fotos.photoslibrary/resources/derivatives/E/E121F594-D4C1-4062-AB8E-A0355F92587E_1_105_c.jpeg"
    ],
    "ultima_modificacion": "2025-08-01 01:01:25.726951"
  },
  "ea5c69c85b1b41febbacba91cf6e0e611105c.jpeg": {
    "app_sintetizada": "EA5C69C85B1B41FEBBACBA91CF6E0E611105C.JPEG",
    "cantidad_archivos": 1,
    "archivos_fuente": [
      "Pictures/Fototeca de Fotos.photoslibrary/resources/derivatives/E/EA5C69C8-5B1B-41FE-BBAC-BA91CF6E0E61_1_105_c.jpeg"
    ],
    "ultima_modificacion": "2025-08-01 01:01:25.727355"
  },
  "ecae7bf4be214d37ad28acda43ffbd331105c.jpeg": {
    "app_sintetizada": "ECAE7BF4BE214D37AD28ACDA43FFBD331105C.JPEG",
    "cantidad_archivos": 1,
    "archivos_fuente": [
      "Pictures/Fototeca de Fotos.photoslibrary/resources/derivatives/E/ECAE7BF4-BE21-4D37-AD28-ACDA43FFBD33_1_105_c.jpeg"
    ],
    "ultima_modificacion": "2025-08-01 01:01:25.727818"
  },
  "e8b8cc8d9a5041e4b52c1b5818aa20121105c.jpeg": {
    "app_sintetizada": "E8B8CC8D9A5041E4B52C1B5818AA20121105C.JPEG",
    "cantidad_archivos": 1,
    "archivos_fuente": [
      "Pictures/Fototeca de Fotos.photoslibrary/resources/derivatives/E/E8B8CC8D-9A50-41E4-B52C-1B5818AA2012_1_105_c.jpeg"
    ],
    "ultima_modificacion": "2025-08-01 01:01:25.728263"
  },
  "ed037e160fc24297b4d7678e702304e01105c.jpeg": {
    "app_sintetizada": "ED037E160FC24297B4D7678E702304E01105C.JPEG",
    "cantidad_archivos": 1,
    "archivos_fuente": [
      "Pictures/Fototeca de Fotos.photoslibrary/resources/derivatives/E/ED037E16-0FC2-4297-B4D7-678E702304E0_1_105_c.jpeg"
    ],
    "ultima_modificacion": "2025-08-01 01:01:25.728763"
  },
  "e719ea7eb1b14e2cbe59231fc2ecd0bb1105c.jpeg": {
    "app_sintetizada": "E719EA7EB1B14E2CBE59231FC2ECD0BB1105C.JPEG",
    "cantidad_archivos": 1,
    "archivos_fuente": [
      "Pictures/Fototeca de Fotos.photoslibrary/resources/derivatives/E/E719EA7E-B1B1-4E2C-BE59-231FC2ECD0BB_1_105_c.jpeg"
    ],
    "ultima_modificacion": "2025-08-01 01:01:25.729208"
  },
  "e4598cb1c34d4233ac1e7d2060f0fb571105c.jpeg": {
    "app_sintetizada": "E4598CB1C34D4233AC1E7D2060F0FB571105C.JPEG",
    "cantidad_archivos": 1,
    "archivos_fuente": [
      "Pictures/Fototeca de Fotos.photoslibrary/resources/derivatives/E/E4598CB1-C34D-4233-AC1E-7D2060F0FB57_1_105_c.jpeg"
    ],
    "ultima_modificacion": "2025-08-01 01:01:25.729687"
  },
  "ec57f0aa339542e1bb13ef4946cec9ce.thm": {
    "app_sintetizada": "EC57F0AA339542E1BB13EF4946CEC9CE.THM",
    "cantidad_archivos": 1,
    "archivos_fuente": [
      "Pictures/Fototeca de Fotos.photoslibrary/resources/derivatives/E/EC57F0AA-3395-42E1-BB13-EF4946CEC9CE.THM"
    ],
    "ultima_modificacion": "2025-08-01 01:01:25.730137"
  },
  "e3faa66acc724bc7be90a0f456b655ac1105c.jpeg": {
    "app_sintetizada": "E3FAA66ACC724BC7BE90A0F456B655AC1105C.JPEG",
    "cantidad_archivos": 1,
    "archivos_fuente": [
      "Pictures/Fototeca de Fotos.photoslibrary/resources/derivatives/E/E3FAA66A-CC72-4BC7-BE90-A0F456B655AC_1_105_c.jpeg"
    ],
    "ultima_modificacion": "2025-08-01 01:01:25.730740"
  },
  "ed4a4b8ae85a4ef986d594d07def4be91105c.jpeg": {
    "app_sintetizada": "ED4A4B8AE85A4EF986D594D07DEF4BE91105C.JPEG",
    "cantidad_archivos": 1,
    "archivos_fuente": [
      "Pictures/Fototeca de Fotos.photoslibrary/resources/derivatives/E/ED4A4B8A-E85A-4EF9-86D5-94D07DEF4BE9_1_105_c.jpeg"
    ],
    "ultima_modificacion": "2025-08-01 01:01:25.731369"
  }
}