{
  "68b6449219d555aa0": {
    "app_sintetizada": "68B6449219D555AA0",
    "cantidad_archivos": 1,
    "archivos_fuente": [
      "Library/Application Support/Google/Chrome/Default/Service Worker/CacheStorage/d1394a4c842f7861ad7ae5e20da4b484a0c4acad/a5a18824-56f6-4f5f-abb6-64683cbd37bb/68b6449219d555aa_0"
    ],
    "ultima_modificacion": "2025-08-01 01:01:33.682420"
  },
  "882ef937b0a4f6cf0": {
    "app_sintetizada": "882EF937B0A4F6CF0",
    "cantidad_archivos": 1,
    "archivos_fuente": [
      "Library/Application Support/Google/Chrome/Default/Service Worker/CacheStorage/d1394a4c842f7861ad7ae5e20da4b484a0c4acad/a5a18824-56f6-4f5f-abb6-64683cbd37bb/882ef937b0a4f6cf_0"
    ],
    "ultima_modificacion": "2025-08-01 01:01:33.682717"
  },
  "9dd54041624bb9710": {
    "app_sintetizada": "9DD54041624BB9710",
    "cantidad_archivos": 1,
    "archivos_fuente": [
      "Library/Application Support/Google/Chrome/Default/Service Worker/CacheStorage/d1394a4c842f7861ad7ae5e20da4b484a0c4acad/a5a18824-56f6-4f5f-abb6-64683cbd37bb/9dd54041624bb971_0"
    ],
    "ultima_modificacion": "2025-08-01 01:01:33.683055"
  },
  "005f55b00bff0b080": {
    "app_sintetizada": "005F55B00BFF0B080",
    "cantidad_archivos": 1,
    "archivos_fuente": [
      "Library/Application Support/Google/Chrome/Default/Service Worker/CacheStorage/d1394a4c842f7861ad7ae5e20da4b484a0c4acad/a5a18824-56f6-4f5f-abb6-64683cbd37bb/005f55b00bff0b08_0"
    ],
    "ultima_modificacion": "2025-08-01 01:01:33.683363"
  },
  "e10a7a0a9fdd127f0": {
    "app_sintetizada": "E10A7A0A9FDD127F0",
    "cantidad_archivos": 1,
    "archivos_fuente": [
      "Library/Application Support/Google/Chrome/Default/Service Worker/CacheStorage/d1394a4c842f7861ad7ae5e20da4b484a0c4acad/a5a18824-56f6-4f5f-abb6-64683cbd37bb/e10a7a0a9fdd127f_0"
    ],
    "ultima_modificacion": "2025-08-01 01:01:33.683663"
  },
  "9d83e8ab67cd14970": {
    "app_sintetizada": "9D83E8AB67CD14970",
    "cantidad_archivos": 1,
    "archivos_fuente": [
      "Library/Application Support/Google/Chrome/Default/Service Worker/CacheStorage/d1394a4c842f7861ad7ae5e20da4b484a0c4acad/a5a18824-56f6-4f5f-abb6-64683cbd37bb/9d83e8ab67cd1497_0"
    ],
    "ultima_modificacion": "2025-08-01 01:01:33.683996"
  },
  "a67394d12bf9ae4f0": {
    "app_sintetizada": "A67394D12BF9AE4F0",
    "cantidad_archivos": 1,
    "archivos_fuente": [
      "Library/Application Support/Google/Chrome/Default/Service Worker/CacheStorage/d1394a4c842f7861ad7ae5e20da4b484a0c4acad/a5a18824-56f6-4f5f-abb6-64683cbd37bb/a67394d12bf9ae4f_0"
    ],
    "ultima_modificacion": "2025-08-01 01:01:33.684294"
  },
  "600627ffd147ae7e0": {
    "app_sintetizada": "600627FFD147AE7E0",
    "cantidad_archivos": 1,
    "archivos_fuente": [
      "Library/Application Support/Google/Chrome/Default/Service Worker/CacheStorage/d1394a4c842f7861ad7ae5e20da4b484a0c4acad/a5a18824-56f6-4f5f-abb6-64683cbd37bb/600627ffd147ae7e_0"
    ],
    "ultima_modificacion": "2025-08-01 01:01:33.684574"
  },
  "dba3e10aa0197eb50": {
    "app_sintetizada": "DBA3E10AA0197EB50",
    "cantidad_archivos": 1,
    "archivos_fuente": [
      "Library/Application Support/Google/Chrome/Default/Service Worker/CacheStorage/d1394a4c842f7861ad7ae5e20da4b484a0c4acad/a5a18824-56f6-4f5f-abb6-64683cbd37bb/dba3e10aa0197eb5_0"
    ],
    "ultima_modificacion": "2025-08-01 01:01:33.707739"
  },
  "4598ecfb6d04e0f10": {
    "app_sintetizada": "4598ECFB6D04E0F10",
    "cantidad_archivos": 1,
    "archivos_fuente": [
      "Library/Application Support/Google/Chrome/Default/Service Worker/CacheStorage/d1394a4c842f7861ad7ae5e20da4b484a0c4acad/a5a18824-56f6-4f5f-abb6-64683cbd37bb/4598ecfb6d04e0f1_0"
    ],
    "ultima_modificacion": "2025-08-01 01:01:33.708439"
  },
  "a88473f69023e9b00": {
    "app_sintetizada": "A88473F69023E9B00",
    "cantidad_archivos": 1,
    "archivos_fuente": [
      "Library/Application Support/Google/Chrome/Default/Service Worker/CacheStorage/d1394a4c842f7861ad7ae5e20da4b484a0c4acad/a5a18824-56f6-4f5f-abb6-64683cbd37bb/a88473f69023e9b0_0"
    ],
    "ultima_modificacion": "2025-08-01 01:01:33.710280"
  },
  "c5bf912f511241390": {
    "app_sintetizada": "C5BF912F511241390",
    "cantidad_archivos": 1,
    "archivos_fuente": [
      "Library/Application Support/Google/Chrome/Default/Service Worker/CacheStorage/d1394a4c842f7861ad7ae5e20da4b484a0c4acad/a5a18824-56f6-4f5f-abb6-64683cbd37bb/c5bf912f51124139_0"
    ],
    "ultima_modificacion": "2025-08-01 01:01:33.710963"
  },
  "79de39a8e8cae2d90": {
    "app_sintetizada": "79DE39A8E8CAE2D90",
    "cantidad_archivos": 1,
    "archivos_fuente": [
      "Library/Application Support/Google/Chrome/Default/Service Worker/CacheStorage/d1394a4c842f7861ad7ae5e20da4b484a0c4acad/a5a18824-56f6-4f5f-abb6-64683cbd37bb/79de39a8e8cae2d9_0"
    ],
    "ultima_modificacion": "2025-08-01 01:01:33.711508"
  },
  "63cb43596e3784c00": {
    "app_sintetizada": "63CB43596E3784C00",
    "cantidad_archivos": 1,
    "archivos_fuente": [
      "Library/Application Support/Google/Chrome/Default/Service Worker/CacheStorage/d1394a4c842f7861ad7ae5e20da4b484a0c4acad/a5a18824-56f6-4f5f-abb6-64683cbd37bb/63cb43596e3784c0_0"
    ],
    "ultima_modificacion": "2025-08-01 01:01:33.711926"
  },
  "e172eadeda5ebb150": {
    "app_sintetizada": "E172EADEDA5EBB150",
    "cantidad_archivos": 1,
    "archivos_fuente": [
      "Library/Application Support/Google/Chrome/Default/Service Worker/CacheStorage/d1394a4c842f7861ad7ae5e20da4b484a0c4acad/a5a18824-56f6-4f5f-abb6-64683cbd37bb/e172eadeda5ebb15_0"
    ],
    "ultima_modificacion": "2025-08-01 01:01:33.712273"
  },
  "1eb89a18eb3ff23d0": {
    "app_sintetizada": "1EB89A18EB3FF23D0",
    "cantidad_archivos": 1,
    "archivos_fuente": [
      "Library/Application Support/Google/Chrome/Default/Service Worker/CacheStorage/d1394a4c842f7861ad7ae5e20da4b484a0c4acad/a5a18824-56f6-4f5f-abb6-64683cbd37bb/1eb89a18eb3ff23d_0"
    ],
    "ultima_modificacion": "2025-08-01 01:01:33.712661"
  },
  "49520a6b9692dbd70": {
    "app_sintetizada": "49520A6B9692DBD70",
    "cantidad_archivos": 1,
    "archivos_fuente": [
      "Library/Application Support/Google/Chrome/Default/Service Worker/CacheStorage/d1394a4c842f7861ad7ae5e20da4b484a0c4acad/a5a18824-56f6-4f5f-abb6-64683cbd37bb/49520a6b9692dbd7_0"
    ],
    "ultima_modificacion": "2025-08-01 01:01:33.713063"
  },
  "098403de1bea1e3d0": {
    "app_sintetizada": "098403DE1BEA1E3D0",
    "cantidad_archivos": 1,
    "archivos_fuente": [
      "Library/Application Support/Google/Chrome/Default/Service Worker/CacheStorage/d1394a4c842f7861ad7ae5e20da4b484a0c4acad/a5a18824-56f6-4f5f-abb6-64683cbd37bb/098403de1bea1e3d_0"
    ],
    "ultima_modificacion": "2025-08-01 01:01:33.713483"
  },
  "b730667ed5b758e60": {
    "app_sintetizada": "B730667ED5B758E60",
    "cantidad_archivos": 1,
    "archivos_fuente": [
      "Library/Application Support/Google/Chrome/Default/Service Worker/CacheStorage/d1394a4c842f7861ad7ae5e20da4b484a0c4acad/a5a18824-56f6-4f5f-abb6-64683cbd37bb/b730667ed5b758e6_0"
    ],
    "ultima_modificacion": "2025-08-01 01:01:33.713874"
  },
  "9541e5fda4a2dd330": {
    "app_sintetizada": "9541E5FDA4A2DD330",
    "cantidad_archivos": 1,
    "archivos_fuente": [
      "Library/Application Support/Google/Chrome/Default/Service Worker/CacheStorage/d1394a4c842f7861ad7ae5e20da4b484a0c4acad/a5a18824-56f6-4f5f-abb6-64683cbd37bb/9541e5fda4a2dd33_0"
    ],
    "ultima_modificacion": "2025-08-01 01:01:33.714215"
  },
  "825bba8bcccb2e990": {
    "app_sintetizada": "825BBA8BCCCB2E990",
    "cantidad_archivos": 1,
    "archivos_fuente": [
      "Library/Application Support/Google/Chrome/Default/Service Worker/CacheStorage/d1394a4c842f7861ad7ae5e20da4b484a0c4acad/a5a18824-56f6-4f5f-abb6-64683cbd37bb/825bba8bcccb2e99_0"
    ],
    "ultima_modificacion": "2025-08-01 01:01:33.714599"
  },
  "5d9fcadc0225a07a0": {
    "app_sintetizada": "5D9FCADC0225A07A0",
    "cantidad_archivos": 1,
    "archivos_fuente": [
      "Library/Application Support/Google/Chrome/Default/Service Worker/CacheStorage/d1394a4c842f7861ad7ae5e20da4b484a0c4acad/a5a18824-56f6-4f5f-abb6-64683cbd37bb/5d9fcadc0225a07a_0"
    ],
    "ultima_modificacion": "2025-08-01 01:01:33.714920"
  },
  "5a132fefc2854cc20": {
    "app_sintetizada": "5A132FEFC2854CC20",
    "cantidad_archivos": 1,
    "archivos_fuente": [
      "Library/Application Support/Google/Chrome/Default/Service Worker/CacheStorage/d1394a4c842f7861ad7ae5e20da4b484a0c4acad/a5a18824-56f6-4f5f-abb6-64683cbd37bb/5a132fefc2854cc2_0"
    ],
    "ultima_modificacion": "2025-08-01 01:01:33.715378"
  },
  "2211f49d7234c0380": {
    "app_sintetizada": "2211F49D7234C0380",
    "cantidad_archivos": 1,
    "archivos_fuente": [
      "Library/Application Support/Google/Chrome/Default/Service Worker/CacheStorage/d1394a4c842f7861ad7ae5e20da4b484a0c4acad/a5a18824-56f6-4f5f-abb6-64683cbd37bb/2211f49d7234c038_0"
    ],
    "ultima_modificacion": "2025-08-01 01:01:33.715844"
  },
  "ba91cd552ffb20070": {
    "app_sintetizada": "BA91CD552FFB20070",
    "cantidad_archivos": 1,
    "archivos_fuente": [
      "Library/Application Support/Google/Chrome/Default/Service Worker/CacheStorage/d1394a4c842f7861ad7ae5e20da4b484a0c4acad/a5a18824-56f6-4f5f-abb6-64683cbd37bb/ba91cd552ffb2007_0"
    ],
    "ultima_modificacion": "2025-08-01 01:01:33.716249"
  },
  "1a73027c7793d1a50": {
    "app_sintetizada": "1A73027C7793D1A50",
    "cantidad_archivos": 1,
    "archivos_fuente": [
      "Library/Application Support/Google/Chrome/Default/Service Worker/CacheStorage/d1394a4c842f7861ad7ae5e20da4b484a0c4acad/a5a18824-56f6-4f5f-abb6-64683cbd37bb/1a73027c7793d1a5_0"
    ],
    "ultima_modificacion": "2025-08-01 01:01:33.716664"
  },
  "2535c784e2c47f990": {
    "app_sintetizada": "2535C784E2C47F990",
    "cantidad_archivos": 1,
    "archivos_fuente": [
      "Library/Application Support/Google/Chrome/Default/Service Worker/CacheStorage/d1394a4c842f7861ad7ae5e20da4b484a0c4acad/a5a18824-56f6-4f5f-abb6-64683cbd37bb/2535c784e2c47f99_0"
    ],
    "ultima_modificacion": "2025-08-01 01:01:33.716993"
  },
  "cb0dcb92ac58b6380": {
    "app_sintetizada": "CB0DCB92AC58B6380",
    "cantidad_archivos": 1,
    "archivos_fuente": [
      "Library/Application Support/Google/Chrome/Default/Service Worker/CacheStorage/d1394a4c842f7861ad7ae5e20da4b484a0c4acad/a5a18824-56f6-4f5f-abb6-64683cbd37bb/cb0dcb92ac58b638_0"
    ],
    "ultima_modificacion": "2025-08-01 01:01:33.717329"
  },
  "eb0722e7a5b1784e0": {
    "app_sintetizada": "EB0722E7A5B1784E0",
    "cantidad_archivos": 1,
    "archivos_fuente": [
      "Library/Application Support/Google/Chrome/Default/Service Worker/CacheStorage/d1394a4c842f7861ad7ae5e20da4b484a0c4acad/a5a18824-56f6-4f5f-abb6-64683cbd37bb/eb0722e7a5b1784e_0"
    ],
    "ultima_modificacion": "2025-08-01 01:01:33.717616"
  },
  "570fa39cd501feba0": {
    "app_sintetizada": "570FA39CD501FEBA0",
    "cantidad_archivos": 1,
    "archivos_fuente": [
      "Library/Application Support/Google/Chrome/Default/Service Worker/CacheStorage/d1394a4c842f7861ad7ae5e20da4b484a0c4acad/a5a18824-56f6-4f5f-abb6-64683cbd37bb/570fa39cd501feba_0"
    ],
    "ultima_modificacion": "2025-08-01 01:01:33.718092"
  },
  "b3da53c45db8d3b70": {
    "app_sintetizada": "B3DA53C45DB8D3B70",
    "cantidad_archivos": 1,
    "archivos_fuente": [
      "Library/Application Support/Google/Chrome/Default/Service Worker/CacheStorage/d1394a4c842f7861ad7ae5e20da4b484a0c4acad/a5a18824-56f6-4f5f-abb6-64683cbd37bb/b3da53c45db8d3b7_0"
    ],
    "ultima_modificacion": "2025-08-01 01:01:33.718369"
  },
  "5db6fc9387bb46020": {
    "app_sintetizada": "5DB6FC9387BB46020",
    "cantidad_archivos": 1,
    "archivos_fuente": [
      "Library/Application Support/Google/Chrome/Default/Service Worker/CacheStorage/d1394a4c842f7861ad7ae5e20da4b484a0c4acad/a5a18824-56f6-4f5f-abb6-64683cbd37bb/5db6fc9387bb4602_0"
    ],
    "ultima_modificacion": "2025-08-01 01:01:33.718784"
  },
  "d5f6d301267591f50": {
    "app_sintetizada": "D5F6D301267591F50",
    "cantidad_archivos": 1,
    "archivos_fuente": [
      "Library/Application Support/Google/Chrome/Default/Service Worker/CacheStorage/d1394a4c842f7861ad7ae5e20da4b484a0c4acad/a5a18824-56f6-4f5f-abb6-64683cbd37bb/d5f6d301267591f5_0"
    ],
    "ultima_modificacion": "2025-08-01 01:01:33.719133"
  },
  "cc6844b22fecd4220": {
    "app_sintetizada": "CC6844B22FECD4220",
    "cantidad_archivos": 1,
    "archivos_fuente": [
      "Library/Application Support/Google/Chrome/Default/Service Worker/CacheStorage/d1394a4c842f7861ad7ae5e20da4b484a0c4acad/a5a18824-56f6-4f5f-abb6-64683cbd37bb/cc6844b22fecd422_0"
    ],
    "ultima_modificacion": "2025-08-01 01:01:33.719405"
  },
  "828583978559b6210": {
    "app_sintetizada": "828583978559B6210",
    "cantidad_archivos": 1,
    "archivos_fuente": [
      "Library/Application Support/Google/Chrome/Default/Service Worker/CacheStorage/d1394a4c842f7861ad7ae5e20da4b484a0c4acad/a5a18824-56f6-4f5f-abb6-64683cbd37bb/828583978559b621_0"
    ],
    "ultima_modificacion": "2025-08-01 01:01:33.720305"
  },
  "a6cde90251d2623f0": {
    "app_sintetizada": "A6CDE90251D2623F0",
    "cantidad_archivos": 1,
    "archivos_fuente": [
      "Library/Application Support/Google/Chrome/Default/Service Worker/CacheStorage/d1394a4c842f7861ad7ae5e20da4b484a0c4acad/a5a18824-56f6-4f5f-abb6-64683cbd37bb/a6cde90251d2623f_0"
    ],
    "ultima_modificacion": "2025-08-01 01:01:33.720604"
  },
  "ba739d09d1cb017d0": {
    "app_sintetizada": "BA739D09D1CB017D0",
    "cantidad_archivos": 1,
    "archivos_fuente": [
      "Library/Application Support/Google/Chrome/Default/Service Worker/CacheStorage/d1394a4c842f7861ad7ae5e20da4b484a0c4acad/a5a18824-56f6-4f5f-abb6-64683cbd37bb/ba739d09d1cb017d_0"
    ],
    "ultima_modificacion": "2025-08-01 01:01:33.722072"
  },
  "6cbe0496353813aa0": {
    "app_sintetizada": "6CBE0496353813AA0",
    "cantidad_archivos": 1,
    "archivos_fuente": [
      "Library/Application Support/Google/Chrome/Default/Service Worker/CacheStorage/d1394a4c842f7861ad7ae5e20da4b484a0c4acad/a5a18824-56f6-4f5f-abb6-64683cbd37bb/6cbe0496353813aa_0"
    ],
    "ultima_modificacion": "2025-08-01 01:01:33.722338"
  },
  "d9409f588885563f0": {
    "app_sintetizada": "D9409F588885563F0",
    "cantidad_archivos": 1,
    "archivos_fuente": [
      "Library/Application Support/Google/Chrome/Default/Service Worker/CacheStorage/d1394a4c842f7861ad7ae5e20da4b484a0c4acad/a5a18824-56f6-4f5f-abb6-64683cbd37bb/d9409f588885563f_0"
    ],
    "ultima_modificacion": "2025-08-01 01:01:33.723282"
  },
  "7e6bed648198115b0": {
    "app_sintetizada": "7E6BED648198115B0",
    "cantidad_archivos": 1,
    "archivos_fuente": [
      "Library/Application Support/Google/Chrome/Default/Service Worker/CacheStorage/d1394a4c842f7861ad7ae5e20da4b484a0c4acad/a5a18824-56f6-4f5f-abb6-64683cbd37bb/7e6bed648198115b_0"
    ],
    "ultima_modificacion": "2025-08-01 01:01:33.723550"
  },
  "837a0ed1df4c54170": {
    "app_sintetizada": "837A0ED1DF4C54170",
    "cantidad_archivos": 1,
    "archivos_fuente": [
      "Library/Application Support/Google/Chrome/Default/Service Worker/CacheStorage/d1394a4c842f7861ad7ae5e20da4b484a0c4acad/a5a18824-56f6-4f5f-abb6-64683cbd37bb/837a0ed1df4c5417_0"
    ],
    "ultima_modificacion": "2025-08-01 01:01:33.724524"
  },
  "6c58251253f3c3840": {
    "app_sintetizada": "6C58251253F3C3840",
    "cantidad_archivos": 1,
    "archivos_fuente": [
      "Library/Application Support/Google/Chrome/Default/Service Worker/CacheStorage/d1394a4c842f7861ad7ae5e20da4b484a0c4acad/a5a18824-56f6-4f5f-abb6-64683cbd37bb/6c58251253f3c384_0"
    ],
    "ultima_modificacion": "2025-08-01 01:01:33.724788"
  },
  "aab7c0967a1c87780": {
    "app_sintetizada": "AAB7C0967A1C87780",
    "cantidad_archivos": 1,
    "archivos_fuente": [
      "Library/Application Support/Google/Chrome/Default/Service Worker/CacheStorage/d1394a4c842f7861ad7ae5e20da4b484a0c4acad/a5a18824-56f6-4f5f-abb6-64683cbd37bb/aab7c0967a1c8778_0"
    ],
    "ultima_modificacion": "2025-08-01 01:01:33.725049"
  },
  "853573c502c4b5fd0": {
    "app_sintetizada": "853573C502C4B5FD0",
    "cantidad_archivos": 1,
    "archivos_fuente": [
      "Library/Application Support/Google/Chrome/Default/Service Worker/CacheStorage/d1394a4c842f7861ad7ae5e20da4b484a0c4acad/a5a18824-56f6-4f5f-abb6-64683cbd37bb/853573c502c4b5fd_0"
    ],
    "ultima_modificacion": "2025-08-01 01:01:33.725313"
  },
  "333fffc01ebb9c760": {
    "app_sintetizada": "333FFFC01EBB9C760",
    "cantidad_archivos": 1,
    "archivos_fuente": [
      "Library/Application Support/Google/Chrome/Default/Service Worker/CacheStorage/d1394a4c842f7861ad7ae5e20da4b484a0c4acad/a5a18824-56f6-4f5f-abb6-64683cbd37bb/333fffc01ebb9c76_0"
    ],
    "ultima_modificacion": "2025-08-01 01:01:33.725667"
  },
  "e9c3cc0ba83efea50": {
    "app_sintetizada": "E9C3CC0BA83EFEA50",
    "cantidad_archivos": 1,
    "archivos_fuente": [
      "Library/Application Support/Google/Chrome/Default/Service Worker/CacheStorage/d1394a4c842f7861ad7ae5e20da4b484a0c4acad/a5a18824-56f6-4f5f-abb6-64683cbd37bb/e9c3cc0ba83efea5_0"
    ],
    "ultima_modificacion": "2025-08-01 01:01:33.726006"
  },
  "a0b1f2b244693b2e0": {
    "app_sintetizada": "A0B1F2B244693B2E0",
    "cantidad_archivos": 1,
    "archivos_fuente": [
      "Library/Application Support/Google/Chrome/Default/Service Worker/CacheStorage/d1394a4c842f7861ad7ae5e20da4b484a0c4acad/a5a18824-56f6-4f5f-abb6-64683cbd37bb/a0b1f2b244693b2e_0"
    ],
    "ultima_modificacion": "2025-08-01 01:01:33.726346"
  },
  "9fa23b8a83a7e90b0": {
    "app_sintetizada": "9FA23B8A83A7E90B0",
    "cantidad_archivos": 1,
    "archivos_fuente": [
      "Library/Application Support/Google/Chrome/Default/Service Worker/CacheStorage/d1394a4c842f7861ad7ae5e20da4b484a0c4acad/a5a18824-56f6-4f5f-abb6-64683cbd37bb/9fa23b8a83a7e90b_0"
    ],
    "ultima_modificacion": "2025-08-01 01:01:33.726614"
  },
  "40e13e4d34312b5d0": {
    "app_sintetizada": "40E13E4D34312B5D0",
    "cantidad_archivos": 1,
    "archivos_fuente": [
      "Library/Application Support/Google/Chrome/Default/Service Worker/CacheStorage/d1394a4c842f7861ad7ae5e20da4b484a0c4acad/a5a18824-56f6-4f5f-abb6-64683cbd37bb/40e13e4d34312b5d_0"
    ],
    "ultima_modificacion": "2025-08-01 01:01:33.726880"
  },
  "597dfce6e4f1e9660": {
    "app_sintetizada": "597DFCE6E4F1E9660",
    "cantidad_archivos": 1,
    "archivos_fuente": [
      "Library/Application Support/Google/Chrome/Default/Service Worker/CacheStorage/d1394a4c842f7861ad7ae5e20da4b484a0c4acad/a5a18824-56f6-4f5f-abb6-64683cbd37bb/597dfce6e4f1e966_0"
    ],
    "ultima_modificacion": "2025-08-01 01:01:33.727135"
  },
  "93331ae651029a730": {
    "app_sintetizada": "93331AE651029A730",
    "cantidad_archivos": 1,
    "archivos_fuente": [
      "Library/Application Support/Google/Chrome/Default/Service Worker/CacheStorage/d1394a4c842f7861ad7ae5e20da4b484a0c4acad/a5a18824-56f6-4f5f-abb6-64683cbd37bb/93331ae651029a73_0"
    ],
    "ultima_modificacion": "2025-08-01 01:01:33.727426"
  },
  "f93c394e6293ce000": {
    "app_sintetizada": "F93C394E6293CE000",
    "cantidad_archivos": 1,
    "archivos_fuente": [
      "Library/Application Support/Google/Chrome/Default/Service Worker/CacheStorage/d1394a4c842f7861ad7ae5e20da4b484a0c4acad/a5a18824-56f6-4f5f-abb6-64683cbd37bb/f93c394e6293ce00_0"
    ],
    "ultima_modificacion": "2025-08-01 01:01:33.727692"
  },
  "f32c7254d99db5f80": {
    "app_sintetizada": "F32C7254D99DB5F80",
    "cantidad_archivos": 1,
    "archivos_fuente": [
      "Library/Application Support/Google/Chrome/Default/Service Worker/CacheStorage/d1394a4c842f7861ad7ae5e20da4b484a0c4acad/a5a18824-56f6-4f5f-abb6-64683cbd37bb/f32c7254d99db5f8_0"
    ],
    "ultima_modificacion": "2025-08-01 01:01:33.727981"
  },
  "2bd6dcffcdaf11910": {
    "app_sintetizada": "2BD6DCFFCDAF11910",
    "cantidad_archivos": 1,
    "archivos_fuente": [
      "Library/Application Support/Google/Chrome/Default/Service Worker/CacheStorage/d1394a4c842f7861ad7ae5e20da4b484a0c4acad/a5a18824-56f6-4f5f-abb6-64683cbd37bb/2bd6dcffcdaf1191_0"
    ],
    "ultima_modificacion": "2025-08-01 01:01:33.728382"
  },
  "4ee97c48143630ba0": {
    "app_sintetizada": "4EE97C48143630BA0",
    "cantidad_archivos": 1,
    "archivos_fuente": [
      "Library/Application Support/Google/Chrome/Default/Service Worker/CacheStorage/d1394a4c842f7861ad7ae5e20da4b484a0c4acad/a5a18824-56f6-4f5f-abb6-64683cbd37bb/4ee97c48143630ba_0"
    ],
    "ultima_modificacion": "2025-08-01 01:01:33.728645"
  },
  "28a2f0b63ac6757e0": {
    "app_sintetizada": "28A2F0B63AC6757E0",
    "cantidad_archivos": 1,
    "archivos_fuente": [
      "Library/Application Support/Google/Chrome/Default/Service Worker/CacheStorage/d1394a4c842f7861ad7ae5e20da4b484a0c4acad/a5a18824-56f6-4f5f-abb6-64683cbd37bb/28a2f0b63ac6757e_0"
    ],
    "ultima_modificacion": "2025-08-01 01:01:33.728906"
  },
  "a0c35073cc80ff1c0": {
    "app_sintetizada": "A0C35073CC80FF1C0",
    "cantidad_archivos": 1,
    "archivos_fuente": [
      "Library/Application Support/Google/Chrome/Default/Service Worker/CacheStorage/d1394a4c842f7861ad7ae5e20da4b484a0c4acad/a5a18824-56f6-4f5f-abb6-64683cbd37bb/a0c35073cc80ff1c_0"
    ],
    "ultima_modificacion": "2025-08-01 01:01:33.729153"
  },
  "2169e5d76219aa3e0": {
    "app_sintetizada": "2169E5D76219AA3E0",
    "cantidad_archivos": 1,
    "archivos_fuente": [
      "Library/Application Support/Google/Chrome/Default/Service Worker/CacheStorage/d1394a4c842f7861ad7ae5e20da4b484a0c4acad/a5a18824-56f6-4f5f-abb6-64683cbd37bb/2169e5d76219aa3e_0"
    ],
    "ultima_modificacion": "2025-08-01 01:01:33.729489"
  },
  "fc499b24331a35a80": {
    "app_sintetizada": "FC499B24331A35A80",
    "cantidad_archivos": 1,
    "archivos_fuente": [
      "Library/Application Support/Google/Chrome/Default/Service Worker/CacheStorage/d1394a4c842f7861ad7ae5e20da4b484a0c4acad/a5a18824-56f6-4f5f-abb6-64683cbd37bb/fc499b24331a35a8_0"
    ],
    "ultima_modificacion": "2025-08-01 01:01:33.729745"
  },
  "be37b989e330246a0": {
    "app_sintetizada": "BE37B989E330246A0",
    "cantidad_archivos": 1,
    "archivos_fuente": [
      "Library/Application Support/Google/Chrome/Default/Service Worker/CacheStorage/d1394a4c842f7861ad7ae5e20da4b484a0c4acad/a5a18824-56f6-4f5f-abb6-64683cbd37bb/be37b989e330246a_0"
    ],
    "ultima_modificacion": "2025-08-01 01:01:33.729987"
  },
  "13196880d2b79b990": {
    "app_sintetizada": "13196880D2B79B990",
    "cantidad_archivos": 1,
    "archivos_fuente": [
      "Library/Application Support/Google/Chrome/Default/Service Worker/CacheStorage/d1394a4c842f7861ad7ae5e20da4b484a0c4acad/a5a18824-56f6-4f5f-abb6-64683cbd37bb/13196880d2b79b99_0"
    ],
    "ultima_modificacion": "2025-08-01 01:01:33.730272"
  },
  "d0197c5ef24ef3940": {
    "app_sintetizada": "D0197C5EF24EF3940",
    "cantidad_archivos": 1,
    "archivos_fuente": [
      "Library/Application Support/Google/Chrome/Default/Service Worker/CacheStorage/d1394a4c842f7861ad7ae5e20da4b484a0c4acad/a5a18824-56f6-4f5f-abb6-64683cbd37bb/d0197c5ef24ef394_0"
    ],
    "ultima_modificacion": "2025-08-01 01:01:33.730503"
  },
  "ca3fa4dd8925704c0": {
    "app_sintetizada": "CA3FA4DD8925704C0",
    "cantidad_archivos": 1,
    "archivos_fuente": [
      "Library/Application Support/Google/Chrome/Default/Service Worker/CacheStorage/d1394a4c842f7861ad7ae5e20da4b484a0c4acad/a5a18824-56f6-4f5f-abb6-64683cbd37bb/ca3fa4dd8925704c_0"
    ],
    "ultima_modificacion": "2025-08-01 01:01:33.730705"
  },
  "2fa9b327dbab55d90": {
    "app_sintetizada": "2FA9B327DBAB55D90",
    "cantidad_archivos": 1,
    "archivos_fuente": [
      "Library/Application Support/Google/Chrome/Default/Service Worker/CacheStorage/d1394a4c842f7861ad7ae5e20da4b484a0c4acad/a5a18824-56f6-4f5f-abb6-64683cbd37bb/2fa9b327dbab55d9_0"
    ],
    "ultima_modificacion": "2025-08-01 01:01:33.730902"
  },
  "3f97f5ba8fe370b00": {
    "app_sintetizada": "3F97F5BA8FE370B00",
    "cantidad_archivos": 1,
    "archivos_fuente": [
      "Library/Application Support/Google/Chrome/Default/Service Worker/CacheStorage/d1394a4c842f7861ad7ae5e20da4b484a0c4acad/a5a18824-56f6-4f5f-abb6-64683cbd37bb/3f97f5ba8fe370b0_0"
    ],
    "ultima_modificacion": "2025-08-01 01:01:33.731105"
  },
  "1573f3f74b20f1e50": {
    "app_sintetizada": "1573F3F74B20F1E50",
    "cantidad_archivos": 1,
    "archivos_fuente": [
      "Library/Application Support/Google/Chrome/Default/Service Worker/CacheStorage/d1394a4c842f7861ad7ae5e20da4b484a0c4acad/a5a18824-56f6-4f5f-abb6-64683cbd37bb/1573f3f74b20f1e5_0"
    ],
    "ultima_modificacion": "2025-08-01 01:01:33.731316"
  },
  "93e94910cc4e8b0b0": {
    "app_sintetizada": "93E94910CC4E8B0B0",
    "cantidad_archivos": 1,
    "archivos_fuente": [
      "Library/Application Support/Google/Chrome/Default/Service Worker/CacheStorage/d1394a4c842f7861ad7ae5e20da4b484a0c4acad/a5a18824-56f6-4f5f-abb6-64683cbd37bb/93e94910cc4e8b0b_0"
    ],
    "ultima_modificacion": "2025-08-01 01:01:33.731596"
  },
  "cfd69de9ef1836490": {
    "app_sintetizada": "CFD69DE9EF1836490",
    "cantidad_archivos": 1,
    "archivos_fuente": [
      "Library/Application Support/Google/Chrome/Default/Service Worker/CacheStorage/d1394a4c842f7861ad7ae5e20da4b484a0c4acad/a5a18824-56f6-4f5f-abb6-64683cbd37bb/cfd69de9ef183649_0"
    ],
    "ultima_modificacion": "2025-08-01 01:01:33.731862"
  },
  "d2ce2df38b3357d50": {
    "app_sintetizada": "D2CE2DF38B3357D50",
    "cantidad_archivos": 1,
    "archivos_fuente": [
      "Library/Application Support/Google/Chrome/Default/Service Worker/CacheStorage/d1394a4c842f7861ad7ae5e20da4b484a0c4acad/a5a18824-56f6-4f5f-abb6-64683cbd37bb/d2ce2df38b3357d5_0"
    ],
    "ultima_modificacion": "2025-08-01 01:01:33.732111"
  },
  "48f982f0498bb33b0": {
    "app_sintetizada": "48F982F0498BB33B0",
    "cantidad_archivos": 1,
    "archivos_fuente": [
      "Library/Application Support/Google/Chrome/Default/Service Worker/CacheStorage/d1394a4c842f7861ad7ae5e20da4b484a0c4acad/a5a18824-56f6-4f5f-abb6-64683cbd37bb/48f982f0498bb33b_0"
    ],
    "ultima_modificacion": "2025-08-01 01:01:33.732408"
  },
  "92699be5f3d98c440": {
    "app_sintetizada": "92699BE5F3D98C440",
    "cantidad_archivos": 1,
    "archivos_fuente": [
      "Library/Application Support/Google/Chrome/Default/Service Worker/CacheStorage/d1394a4c842f7861ad7ae5e20da4b484a0c4acad/a5a18824-56f6-4f5f-abb6-64683cbd37bb/92699be5f3d98c44_0"
    ],
    "ultima_modificacion": "2025-08-01 01:01:33.732730"
  },
  "20d54691e2c9aa1b0": {
    "app_sintetizada": "20D54691E2C9AA1B0",
    "cantidad_archivos": 1,
    "archivos_fuente": [
      "Library/Application Support/Google/Chrome/Default/Service Worker/CacheStorage/d1394a4c842f7861ad7ae5e20da4b484a0c4acad/a5a18824-56f6-4f5f-abb6-64683cbd37bb/20d54691e2c9aa1b_0"
    ],
    "ultima_modificacion": "2025-08-01 01:01:33.732986"
  },
  "1cb9b8db07953e5f0": {
    "app_sintetizada": "1CB9B8DB07953E5F0",
    "cantidad_archivos": 1,
    "archivos_fuente": [
      "Library/Application Support/Google/Chrome/Default/Service Worker/CacheStorage/d1394a4c842f7861ad7ae5e20da4b484a0c4acad/a5a18824-56f6-4f5f-abb6-64683cbd37bb/1cb9b8db07953e5f_0"
    ],
    "ultima_modificacion": "2025-08-01 01:01:33.733292"
  },
  "825fd2567cb7eb020": {
    "app_sintetizada": "825FD2567CB7EB020",
    "cantidad_archivos": 1,
    "archivos_fuente": [
      "Library/Application Support/Google/Chrome/Default/Service Worker/CacheStorage/d1394a4c842f7861ad7ae5e20da4b484a0c4acad/a5a18824-56f6-4f5f-abb6-64683cbd37bb/825fd2567cb7eb02_0"
    ],
    "ultima_modificacion": "2025-08-01 01:01:33.733513"
  },
  "a1081fb61acd4e290": {
    "app_sintetizada": "A1081FB61ACD4E290",
    "cantidad_archivos": 1,
    "archivos_fuente": [
      "Library/Application Support/Google/Chrome/Default/Service Worker/CacheStorage/d1394a4c842f7861ad7ae5e20da4b484a0c4acad/a5a18824-56f6-4f5f-abb6-64683cbd37bb/a1081fb61acd4e29_0"
    ],
    "ultima_modificacion": "2025-08-01 01:01:33.733712"
  },
  "569ec06676536f8e0": {
    "app_sintetizada": "569EC06676536F8E0",
    "cantidad_archivos": 1,
    "archivos_fuente": [
      "Library/Application Support/Google/Chrome/Default/Service Worker/CacheStorage/d1394a4c842f7861ad7ae5e20da4b484a0c4acad/a5a18824-56f6-4f5f-abb6-64683cbd37bb/569ec06676536f8e_0"
    ],
    "ultima_modificacion": "2025-08-01 01:01:33.733910"
  },
  "66c8eb4b15eb46530": {
    "app_sintetizada": "66C8EB4B15EB46530",
    "cantidad_archivos": 1,
    "archivos_fuente": [
      "Library/Application Support/Google/Chrome/Default/Service Worker/CacheStorage/d1394a4c842f7861ad7ae5e20da4b484a0c4acad/a5a18824-56f6-4f5f-abb6-64683cbd37bb/66c8eb4b15eb4653_0"
    ],
    "ultima_modificacion": "2025-08-01 01:01:33.734093"
  },
  "3c7fd44c41fc56850": {
    "app_sintetizada": "3C7FD44C41FC56850",
    "cantidad_archivos": 1,
    "archivos_fuente": [
      "Library/Application Support/Google/Chrome/Default/Service Worker/CacheStorage/d1394a4c842f7861ad7ae5e20da4b484a0c4acad/a5a18824-56f6-4f5f-abb6-64683cbd37bb/3c7fd44c41fc5685_0"
    ],
    "ultima_modificacion": "2025-08-01 01:01:33.734283"
  },
  "8c8864aea96cfc6f0": {
    "app_sintetizada": "8C8864AEA96CFC6F0",
    "cantidad_archivos": 1,
    "archivos_fuente": [
      "Library/Application Support/Google/Chrome/Default/Service Worker/CacheStorage/d1394a4c842f7861ad7ae5e20da4b484a0c4acad/a5a18824-56f6-4f5f-abb6-64683cbd37bb/8c8864aea96cfc6f_0"
    ],
    "ultima_modificacion": "2025-08-01 01:01:33.734483"
  },
  "c5962a722169e8910": {
    "app_sintetizada": "C5962A722169E8910",
    "cantidad_archivos": 1,
    "archivos_fuente": [
      "Library/Application Support/Google/Chrome/Default/Service Worker/CacheStorage/d1394a4c842f7861ad7ae5e20da4b484a0c4acad/a5a18824-56f6-4f5f-abb6-64683cbd37bb/c5962a722169e891_0"
    ],
    "ultima_modificacion": "2025-08-01 01:01:33.734674"
  },
  "4404f8c6bbbdabc10": {
    "app_sintetizada": "4404F8C6BBBDABC10",
    "cantidad_archivos": 1,
    "archivos_fuente": [
      "Library/Application Support/Google/Chrome/Default/Service Worker/CacheStorage/d1394a4c842f7861ad7ae5e20da4b484a0c4acad/a5a18824-56f6-4f5f-abb6-64683cbd37bb/4404f8c6bbbdabc1_0"
    ],
    "ultima_modificacion": "2025-08-01 01:01:33.734860"
  },
  "5ad77869ea6e62f90": {
    "app_sintetizada": "5AD77869EA6E62F90",
    "cantidad_archivos": 1,
    "archivos_fuente": [
      "Library/Application Support/Google/Chrome/Default/Service Worker/CacheStorage/d1394a4c842f7861ad7ae5e20da4b484a0c4acad/a5a18824-56f6-4f5f-abb6-64683cbd37bb/5ad77869ea6e62f9_0"
    ],
    "ultima_modificacion": "2025-08-01 01:01:33.735059"
  },
  "db968899a7de03ca0": {
    "app_sintetizada": "DB968899A7DE03CA0",
    "cantidad_archivos": 1,
    "archivos_fuente": [
      "Library/Application Support/Google/Chrome/Default/Service Worker/CacheStorage/d1394a4c842f7861ad7ae5e20da4b484a0c4acad/a5a18824-56f6-4f5f-abb6-64683cbd37bb/db968899a7de03ca_0"
    ],
    "ultima_modificacion": "2025-08-01 01:01:33.735271"
  },
  "12069e24e67c09c20": {
    "app_sintetizada": "12069E24E67C09C20",
    "cantidad_archivos": 1,
    "archivos_fuente": [
      "Library/Application Support/Google/Chrome/Default/Service Worker/CacheStorage/d1394a4c842f7861ad7ae5e20da4b484a0c4acad/a5a18824-56f6-4f5f-abb6-64683cbd37bb/12069e24e67c09c2_0"
    ],
    "ultima_modificacion": "2025-08-01 01:01:33.735520"
  },
  "7a6051be22df45010": {
    "app_sintetizada": "7A6051BE22DF45010",
    "cantidad_archivos": 1,
    "archivos_fuente": [
      "Library/Application Support/Google/Chrome/Default/Service Worker/CacheStorage/d1394a4c842f7861ad7ae5e20da4b484a0c4acad/a5a18824-56f6-4f5f-abb6-64683cbd37bb/7a6051be22df4501_0"
    ],
    "ultima_modificacion": "2025-08-01 01:01:33.735778"
  },
  "b87f26d75f5fdc7f0": {
    "app_sintetizada": "B87F26D75F5FDC7F0",
    "cantidad_archivos": 1,
    "archivos_fuente": [
      "Library/Application Support/Google/Chrome/Default/Service Worker/CacheStorage/d1394a4c842f7861ad7ae5e20da4b484a0c4acad/a5a18824-56f6-4f5f-abb6-64683cbd37bb/b87f26d75f5fdc7f_0"
    ],
    "ultima_modificacion": "2025-08-01 01:01:33.736002"
  },
  "19a4167676860c850": {
    "app_sintetizada": "19A4167676860C850",
    "cantidad_archivos": 1,
    "archivos_fuente": [
      "Library/Application Support/Google/Chrome/Default/Service Worker/CacheStorage/d1394a4c842f7861ad7ae5e20da4b484a0c4acad/a5a18824-56f6-4f5f-abb6-64683cbd37bb/19a4167676860c85_0"
    ],
    "ultima_modificacion": "2025-08-01 01:01:33.736254"
  },
  "245ab57469ff70ca0": {
    "app_sintetizada": "245AB57469FF70CA0",
    "cantidad_archivos": 1,
    "archivos_fuente": [
      "Library/Application Support/Google/Chrome/Default/Service Worker/CacheStorage/d1394a4c842f7861ad7ae5e20da4b484a0c4acad/a5a18824-56f6-4f5f-abb6-64683cbd37bb/245ab57469ff70ca_0"
    ],
    "ultima_modificacion": "2025-08-01 01:01:33.736545"
  },
  "efda040f3d3554f70": {
    "app_sintetizada": "EFDA040F3D3554F70",
    "cantidad_archivos": 1,
    "archivos_fuente": [
      "Library/Application Support/Google/Chrome/Default/Service Worker/CacheStorage/d1394a4c842f7861ad7ae5e20da4b484a0c4acad/a5a18824-56f6-4f5f-abb6-64683cbd37bb/efda040f3d3554f7_0"
    ],
    "ultima_modificacion": "2025-08-01 01:01:33.736867"
  },
  "e47752b6e299276f0": {
    "app_sintetizada": "E47752B6E299276F0",
    "cantidad_archivos": 1,
    "archivos_fuente": [
      "Library/Application Support/Google/Chrome/Default/Service Worker/CacheStorage/d1394a4c842f7861ad7ae5e20da4b484a0c4acad/a5a18824-56f6-4f5f-abb6-64683cbd37bb/e47752b6e299276f_0"
    ],
    "ultima_modificacion": "2025-08-01 01:01:33.737158"
  },
  "0fa194b283c085d60": {
    "app_sintetizada": "0FA194B283C085D60",
    "cantidad_archivos": 1,
    "archivos_fuente": [
      "Library/Application Support/Google/Chrome/Default/Service Worker/CacheStorage/d1394a4c842f7861ad7ae5e20da4b484a0c4acad/a5a18824-56f6-4f5f-abb6-64683cbd37bb/0fa194b283c085d6_0"
    ],
    "ultima_modificacion": "2025-08-01 01:01:33.737459"
  },
  "7b68bc7286e38aac0": {
    "app_sintetizada": "7B68BC7286E38AAC0",
    "cantidad_archivos": 1,
    "archivos_fuente": [
      "Library/Application Support/Google/Chrome/Default/Service Worker/CacheStorage/d1394a4c842f7861ad7ae5e20da4b484a0c4acad/a5a18824-56f6-4f5f-abb6-64683cbd37bb/7b68bc7286e38aac_0"
    ],
    "ultima_modificacion": "2025-08-01 01:01:33.737785"
  },
  "f04ff6ff250f45bc0": {
    "app_sintetizada": "F04FF6FF250F45BC0",
    "cantidad_archivos": 1,
    "archivos_fuente": [
      "Library/Application Support/Google/Chrome/Default/Service Worker/CacheStorage/d1394a4c842f7861ad7ae5e20da4b484a0c4acad/a5a18824-56f6-4f5f-abb6-64683cbd37bb/f04ff6ff250f45bc_0"
    ],
    "ultima_modificacion": "2025-08-01 01:01:33.738081"
  },
  "0c58d10b6daee2ea0": {
    "app_sintetizada": "0C58D10B6DAEE2EA0",
    "cantidad_archivos": 1,
    "archivos_fuente": [
      "Library/Application Support/Google/Chrome/Default/Service Worker/CacheStorage/d1394a4c842f7861ad7ae5e20da4b484a0c4acad/a5a18824-56f6-4f5f-abb6-64683cbd37bb/0c58d10b6daee2ea_0"
    ],
    "ultima_modificacion": "2025-08-01 01:01:33.738385"
  },
  "c1e18e7feaabcd7d0": {
    "app_sintetizada": "C1E18E7FEAABCD7D0",
    "cantidad_archivos": 1,
    "archivos_fuente": [
      "Library/Application Support/Google/Chrome/Default/Service Worker/CacheStorage/d1394a4c842f7861ad7ae5e20da4b484a0c4acad/a5a18824-56f6-4f5f-abb6-64683cbd37bb/c1e18e7feaabcd7d_0"
    ],
    "ultima_modificacion": "2025-08-01 01:01:33.738687"
  },
  "414e0cd17d635b410": {
    "app_sintetizada": "414E0CD17D635B410",
    "cantidad_archivos": 1,
    "archivos_fuente": [
      "Library/Application Support/Google/Chrome/Default/Service Worker/CacheStorage/d1394a4c842f7861ad7ae5e20da4b484a0c4acad/a5a18824-56f6-4f5f-abb6-64683cbd37bb/414e0cd17d635b41_0"
    ],
    "ultima_modificacion": "2025-08-01 01:01:33.738978"
  },
  "7914615578a3a5260": {
    "app_sintetizada": "7914615578A3A5260",
    "cantidad_archivos": 1,
    "archivos_fuente": [
      "Library/Application Support/Google/Chrome/Default/Service Worker/CacheStorage/d1394a4c842f7861ad7ae5e20da4b484a0c4acad/a5a18824-56f6-4f5f-abb6-64683cbd37bb/7914615578a3a526_0"
    ],
    "ultima_modificacion": "2025-08-01 01:01:33.739252"
  },
  "6982e3ec7c3449920": {
    "app_sintetizada": "6982E3EC7C3449920",
    "cantidad_archivos": 1,
    "archivos_fuente": [
      "Library/Application Support/Google/Chrome/Default/Service Worker/CacheStorage/d1394a4c842f7861ad7ae5e20da4b484a0c4acad/a5a18824-56f6-4f5f-abb6-64683cbd37bb/6982e3ec7c344992_0"
    ],
    "ultima_modificacion": "2025-08-01 01:01:33.739534"
  },
  "5dc661d88c5a1e840": {
    "app_sintetizada": "5DC661D88C5A1E840",
    "cantidad_archivos": 1,
    "archivos_fuente": [
      "Library/Application Support/Google/Chrome/Default/Service Worker/CacheStorage/d1394a4c842f7861ad7ae5e20da4b484a0c4acad/a5a18824-56f6-4f5f-abb6-64683cbd37bb/5dc661d88c5a1e84_0"
    ],
    "ultima_modificacion": "2025-08-01 01:01:33.739827"
  },
  "458192f7db90c3e60": {
    "app_sintetizada": "458192F7DB90C3E60",
    "cantidad_archivos": 1,
    "archivos_fuente": [
      "Library/Application Support/Google/Chrome/Default/Service Worker/CacheStorage/d1394a4c842f7861ad7ae5e20da4b484a0c4acad/a5a18824-56f6-4f5f-abb6-64683cbd37bb/458192f7db90c3e6_0"
    ],
    "ultima_modificacion": "2025-08-01 01:01:33.740142"
  }
}