{
  "72d3a6c59f00af5b0": {
    "app_sintetizada": "72D3A6C59F00AF5B0",
    "cantidad_archivos": 1,
    "archivos_fuente": [
      "Library/Application Support/Microsoft/Skype for Desktop/Cache/72d3a6c59f00af5b_0"
    ],
    "ultima_modificacion": "2025-08-01 01:01:37.762269"
  },
  "87ce33c9ecfa85b50": {
    "app_sintetizada": "87CE33C9ECFA85B50",
    "cantidad_archivos": 1,
    "archivos_fuente": [
      "Library/Application Support/Microsoft/Skype for Desktop/Cache/87ce33c9ecfa85b5_0"
    ],
    "ultima_modificacion": "2025-08-01 01:01:37.762543"
  },
  "abfe5709737ca23a0": {
    "app_sintetizada": "ABFE5709737CA23A0",
    "cantidad_archivos": 1,
    "archivos_fuente": [
      "Library/Application Support/Microsoft/Skype for Desktop/Cache/abfe5709737ca23a_0"
    ],
    "ultima_modificacion": "2025-08-01 01:01:37.762818"
  },
  "6f3443635dace6770": {
    "app_sintetizada": "6F3443635DACE6770",
    "cantidad_archivos": 1,
    "archivos_fuente": [
      "Library/Application Support/Microsoft/Skype for Desktop/Cache/6f3443635dace677_0"
    ],
    "ultima_modificacion": "2025-08-01 01:01:37.763117"
  },
  "211d808ce62fc2040": {
    "app_sintetizada": "211D808CE62FC2040",
    "cantidad_archivos": 1,
    "archivos_fuente": [
      "Library/Application Support/Microsoft/Skype for Desktop/Cache/211d808ce62fc204_0"
    ],
    "ultima_modificacion": "2025-08-01 01:01:37.763455"
  },
  "11c26e298b67b2fa0": {
    "app_sintetizada": "11C26E298B67B2FA0",
    "cantidad_archivos": 1,
    "archivos_fuente": [
      "Library/Application Support/Microsoft/Skype for Desktop/Cache/11c26e298b67b2fa_0"
    ],
    "ultima_modificacion": "2025-08-01 01:01:37.763812"
  },
  "25846850b3e51e0f0": {
    "app_sintetizada": "25846850B3E51E0F0",
    "cantidad_archivos": 1,
    "archivos_fuente": [
      "Library/Application Support/Microsoft/Skype for Desktop/Cache/25846850b3e51e0f_0"
    ],
    "ultima_modificacion": "2025-08-01 01:01:37.764128"
  },
  "ffd5decabbd447120": {
    "app_sintetizada": "FFD5DECABBD447120",
    "cantidad_archivos": 1,
    "archivos_fuente": [
      "Library/Application Support/Microsoft/Skype for Desktop/Cache/ffd5decabbd44712_0"
    ],
    "ultima_modificacion": "2025-08-01 01:01:37.764448"
  },
  "07aadd85b4780f640": {
    "app_sintetizada": "07AADD85B4780F640",
    "cantidad_archivos": 1,
    "archivos_fuente": [
      "Library/Application Support/Microsoft/Skype for Desktop/Cache/07aadd85b4780f64_0"
    ],
    "ultima_modificacion": "2025-08-01 01:01:37.764765"
  },
  "3bc62abf6cfae7430": {
    "app_sintetizada": "3BC62ABF6CFAE7430",
    "cantidad_archivos": 1,
    "archivos_fuente": [
      "Library/Application Support/Microsoft/Skype for Desktop/Cache/3bc62abf6cfae743_0"
    ],
    "ultima_modificacion": "2025-08-01 01:01:37.765093"
  },
  "7495439f099241660": {
    "app_sintetizada": "7495439F099241660",
    "cantidad_archivos": 1,
    "archivos_fuente": [
      "Library/Application Support/Microsoft/Skype for Desktop/Cache/7495439f09924166_0"
    ],
    "ultima_modificacion": "2025-08-01 01:01:37.765469"
  },
  "7da15faeab2dda540": {
    "app_sintetizada": "7DA15FAEAB2DDA540",
    "cantidad_archivos": 1,
    "archivos_fuente": [
      "Library/Application Support/Microsoft/Skype for Desktop/Cache/7da15faeab2dda54_0"
    ],
    "ultima_modificacion": "2025-08-01 01:01:37.770469"
  },
  "e89cd71e024584400": {
    "app_sintetizada": "E89CD71E024584400",
    "cantidad_archivos": 1,
    "archivos_fuente": [
      "Library/Application Support/Microsoft/Skype for Desktop/Cache/e89cd71e02458440_0"
    ],
    "ultima_modificacion": "2025-08-01 01:01:37.771445"
  },
  "fa4bdc538c81f6650": {
    "app_sintetizada": "FA4BDC538C81F6650",
    "cantidad_archivos": 1,
    "archivos_fuente": [
      "Library/Application Support/Microsoft/Skype for Desktop/Cache/fa4bdc538c81f665_0"
    ],
    "ultima_modificacion": "2025-08-01 01:01:37.773177"
  },
  "22d60c5908f806260": {
    "app_sintetizada": "22D60C5908F806260",
    "cantidad_archivos": 1,
    "archivos_fuente": [
      "Library/Application Support/Microsoft/Skype for Desktop/Cache/22d60c5908f80626_0"
    ],
    "ultima_modificacion": "2025-08-01 01:01:37.777757"
  },
  "7f4f0972288992d70": {
    "app_sintetizada": "7F4F0972288992D70",
    "cantidad_archivos": 1,
    "archivos_fuente": [
      "Library/Application Support/Microsoft/Skype for Desktop/Cache/7f4f0972288992d7_0"
    ],
    "ultima_modificacion": "2025-08-01 01:01:37.778245"
  },
  "220a6096c15c21c50": {
    "app_sintetizada": "220A6096C15C21C50",
    "cantidad_archivos": 1,
    "archivos_fuente": [
      "Library/Application Support/Microsoft/Skype for Desktop/Cache/220a6096c15c21c5_0"
    ],
    "ultima_modificacion": "2025-08-01 01:01:37.779223"
  },
  "5e7066907aa114410": {
    "app_sintetizada": "5E7066907AA114410",
    "cantidad_archivos": 1,
    "archivos_fuente": [
      "Library/Application Support/Microsoft/Skype for Desktop/Cache/5e7066907aa11441_0"
    ],
    "ultima_modificacion": "2025-08-01 01:01:37.780163"
  },
  "f8ff1e3fad8378f60": {
    "app_sintetizada": "F8FF1E3FAD8378F60",
    "cantidad_archivos": 1,
    "archivos_fuente": [
      "Library/Application Support/Microsoft/Skype for Desktop/Cache/f8ff1e3fad8378f6_0"
    ],
    "ultima_modificacion": "2025-08-01 01:01:37.780466"
  },
  "36970fef1810f0ff0": {
    "app_sintetizada": "36970FEF1810F0FF0",
    "cantidad_archivos": 1,
    "archivos_fuente": [
      "Library/Application Support/Microsoft/Skype for Desktop/Cache/36970fef1810f0ff_0"
    ],
    "ultima_modificacion": "2025-08-01 01:01:37.780894"
  },
  "5eac89e829bbe4240": {
    "app_sintetizada": "5EAC89E829BBE4240",
    "cantidad_archivos": 1,
    "archivos_fuente": [
      "Library/Application Support/Microsoft/Skype for Desktop/Cache/5eac89e829bbe424_0"
    ],
    "ultima_modificacion": "2025-08-01 01:01:37.781200"
  },
  "2fa0f333b9b9f4390": {
    "app_sintetizada": "2FA0F333B9B9F4390",
    "cantidad_archivos": 1,
    "archivos_fuente": [
      "Library/Application Support/Microsoft/Skype for Desktop/Cache/2fa0f333b9b9f439_0"
    ],
    "ultima_modificacion": "2025-08-01 01:01:37.781573"
  },
  "b4ec41c59ef578280": {
    "app_sintetizada": "B4EC41C59EF578280",
    "cantidad_archivos": 1,
    "archivos_fuente": [
      "Library/Application Support/Microsoft/Skype for Desktop/Cache/b4ec41c59ef57828_0"
    ],
    "ultima_modificacion": "2025-08-01 01:01:37.782001"
  },
  "9b6fb32952539fd70": {
    "app_sintetizada": "9B6FB32952539FD70",
    "cantidad_archivos": 1,
    "archivos_fuente": [
      "Library/Application Support/Microsoft/Skype for Desktop/Cache/9b6fb32952539fd7_0"
    ],
    "ultima_modificacion": "2025-08-01 01:01:37.782290"
  },
  "ca1b1d8a0e93473c0": {
    "app_sintetizada": "CA1B1D8A0E93473C0",
    "cantidad_archivos": 1,
    "archivos_fuente": [
      "Library/Application Support/Microsoft/Skype for Desktop/Cache/ca1b1d8a0e93473c_0"
    ],
    "ultima_modificacion": "2025-08-01 01:01:37.782548"
  },
  "7a678d45983d253a0": {
    "app_sintetizada": "7A678D45983D253A0",
    "cantidad_archivos": 1,
    "archivos_fuente": [
      "Library/Application Support/Microsoft/Skype for Desktop/Cache/7a678d45983d253a_0"
    ],
    "ultima_modificacion": "2025-08-01 01:01:37.782822"
  },
  "f091e65d3b7129e20": {
    "app_sintetizada": "F091E65D3B7129E20",
    "cantidad_archivos": 1,
    "archivos_fuente": [
      "Library/Application Support/Microsoft/Skype for Desktop/Cache/f091e65d3b7129e2_0"
    ],
    "ultima_modificacion": "2025-08-01 01:01:37.784210"
  },
  "6c31f5a39ef55bff0": {
    "app_sintetizada": "6C31F5A39EF55BFF0",
    "cantidad_archivos": 1,
    "archivos_fuente": [
      "Library/Application Support/Microsoft/Skype for Desktop/Cache/6c31f5a39ef55bff_0"
    ],
    "ultima_modificacion": "2025-08-01 01:01:37.784648"
  },
  "de1c7fb5fafcca1e0": {
    "app_sintetizada": "DE1C7FB5FAFCCA1E0",
    "cantidad_archivos": 1,
    "archivos_fuente": [
      "Library/Application Support/Microsoft/Skype for Desktop/Cache/de1c7fb5fafcca1e_0"
    ],
    "ultima_modificacion": "2025-08-01 01:01:37.785080"
  },
  "a34feea6f078d8850": {
    "app_sintetizada": "A34FEEA6F078D8850",
    "cantidad_archivos": 1,
    "archivos_fuente": [
      "Library/Application Support/Microsoft/Skype for Desktop/Cache/a34feea6f078d885_0"
    ],
    "ultima_modificacion": "2025-08-01 01:01:37.785742"
  },
  "6935251bcf85f2600": {
    "app_sintetizada": "6935251BCF85F2600",
    "cantidad_archivos": 1,
    "archivos_fuente": [
      "Library/Application Support/Microsoft/Skype for Desktop/Cache/6935251bcf85f260_0"
    ],
    "ultima_modificacion": "2025-08-01 01:01:37.786171"
  },
  "778dfd60e93836b60": {
    "app_sintetizada": "778DFD60E93836B60",
    "cantidad_archivos": 1,
    "archivos_fuente": [
      "Library/Application Support/Microsoft/Skype for Desktop/Cache/778dfd60e93836b6_0"
    ],
    "ultima_modificacion": "2025-08-01 01:01:37.786441"
  },
  "937ee27f5bbd4c530": {
    "app_sintetizada": "937EE27F5BBD4C530",
    "cantidad_archivos": 1,
    "archivos_fuente": [
      "Library/Application Support/Microsoft/Skype for Desktop/Cache/937ee27f5bbd4c53_0"
    ],
    "ultima_modificacion": "2025-08-01 01:01:37.786713"
  },
  "50218ebd36c34c610": {
    "app_sintetizada": "50218EBD36C34C610",
    "cantidad_archivos": 1,
    "archivos_fuente": [
      "Library/Application Support/Microsoft/Skype for Desktop/Cache/50218ebd36c34c61_0"
    ],
    "ultima_modificacion": "2025-08-01 01:01:37.787035"
  },
  "9cba999666795ea70": {
    "app_sintetizada": "9CBA999666795EA70",
    "cantidad_archivos": 1,
    "archivos_fuente": [
      "Library/Application Support/Microsoft/Skype for Desktop/Cache/9cba999666795ea7_0"
    ],
    "ultima_modificacion": "2025-08-01 01:01:37.787367"
  },
  "d5616c3150a0ea8d0": {
    "app_sintetizada": "D5616C3150A0EA8D0",
    "cantidad_archivos": 1,
    "archivos_fuente": [
      "Library/Application Support/Microsoft/Skype for Desktop/Cache/d5616c3150a0ea8d_0"
    ],
    "ultima_modificacion": "2025-08-01 01:01:37.787790"
  },
  "373bd529c8a6f78d0": {
    "app_sintetizada": "373BD529C8A6F78D0",
    "cantidad_archivos": 1,
    "archivos_fuente": [
      "Library/Application Support/Microsoft/Skype for Desktop/Cache/373bd529c8a6f78d_0"
    ],
    "ultima_modificacion": "2025-08-01 01:01:37.788129"
  },
  "f39dc2d3db8b63dd0": {
    "app_sintetizada": "F39DC2D3DB8B63DD0",
    "cantidad_archivos": 1,
    "archivos_fuente": [
      "Library/Application Support/Microsoft/Skype for Desktop/Cache/f39dc2d3db8b63dd_0"
    ],
    "ultima_modificacion": "2025-08-01 01:01:37.788442"
  },
  "a501c481a36ee4ff0": {
    "app_sintetizada": "A501C481A36EE4FF0",
    "cantidad_archivos": 1,
    "archivos_fuente": [
      "Library/Application Support/Microsoft/Skype for Desktop/Cache/a501c481a36ee4ff_0"
    ],
    "ultima_modificacion": "2025-08-01 01:01:37.789185"
  },
  "aec77250e174eb000": {
    "app_sintetizada": "AEC77250E174EB000",
    "cantidad_archivos": 1,
    "archivos_fuente": [
      "Library/Application Support/Microsoft/Skype for Desktop/Cache/aec77250e174eb00_0"
    ],
    "ultima_modificacion": "2025-08-01 01:01:37.789755"
  },
  "c4859bbb61387f350": {
    "app_sintetizada": "C4859BBB61387F350",
    "cantidad_archivos": 1,
    "archivos_fuente": [
      "Library/Application Support/Microsoft/Skype for Desktop/Cache/c4859bbb61387f35_0"
    ],
    "ultima_modificacion": "2025-08-01 01:01:37.790282"
  },
  "3f32502890df09ad0": {
    "app_sintetizada": "3F32502890DF09AD0",
    "cantidad_archivos": 1,
    "archivos_fuente": [
      "Library/Application Support/Microsoft/Skype for Desktop/Cache/3f32502890df09ad_0"
    ],
    "ultima_modificacion": "2025-08-01 01:01:37.790657"
  },
  "d4b9a964742f59400": {
    "app_sintetizada": "D4B9A964742F59400",
    "cantidad_archivos": 1,
    "archivos_fuente": [
      "Library/Application Support/Microsoft/Skype for Desktop/Cache/d4b9a964742f5940_0"
    ],
    "ultima_modificacion": "2025-08-01 01:01:37.791003"
  },
  "88a9ff8aeeb97ae80": {
    "app_sintetizada": "88A9FF8AEEB97AE80",
    "cantidad_archivos": 1,
    "archivos_fuente": [
      "Library/Application Support/Microsoft/Skype for Desktop/Cache/88a9ff8aeeb97ae8_0"
    ],
    "ultima_modificacion": "2025-08-01 01:01:37.791370"
  },
  "40ec54ddbfffdd840": {
    "app_sintetizada": "40EC54DDBFFFDD840",
    "cantidad_archivos": 1,
    "archivos_fuente": [
      "Library/Application Support/Microsoft/Skype for Desktop/Cache/40ec54ddbfffdd84_0"
    ],
    "ultima_modificacion": "2025-08-01 01:01:37.791711"
  },
  "11935c39c006df100": {
    "app_sintetizada": "11935C39C006DF100",
    "cantidad_archivos": 1,
    "archivos_fuente": [
      "Library/Application Support/Microsoft/Skype for Desktop/Cache/11935c39c006df10_0"
    ],
    "ultima_modificacion": "2025-08-01 01:01:37.792020"
  },
  "9842a2494e1b40c50": {
    "app_sintetizada": "9842A2494E1B40C50",
    "cantidad_archivos": 1,
    "archivos_fuente": [
      "Library/Application Support/Microsoft/Skype for Desktop/Cache/9842a2494e1b40c5_0"
    ],
    "ultima_modificacion": "2025-08-01 01:01:37.792406"
  },
  "c1a0c766912942220": {
    "app_sintetizada": "C1A0C766912942220",
    "cantidad_archivos": 1,
    "archivos_fuente": [
      "Library/Application Support/Microsoft/Skype for Desktop/Cache/c1a0c76691294222_0"
    ],
    "ultima_modificacion": "2025-08-01 01:01:37.792742"
  },
  "28db76815f2dda050": {
    "app_sintetizada": "28DB76815F2DDA050",
    "cantidad_archivos": 1,
    "archivos_fuente": [
      "Library/Application Support/Microsoft/Skype for Desktop/Cache/28db76815f2dda05_0"
    ],
    "ultima_modificacion": "2025-08-01 01:01:37.793058"
  },
  "06a86b1f983ba7870": {
    "app_sintetizada": "06A86B1F983BA7870",
    "cantidad_archivos": 1,
    "archivos_fuente": [
      "Library/Application Support/Microsoft/Skype for Desktop/Cache/06a86b1f983ba787_0"
    ],
    "ultima_modificacion": "2025-08-01 01:01:37.793359"
  },
  "aa0b8a101416e53f0": {
    "app_sintetizada": "AA0B8A101416E53F0",
    "cantidad_archivos": 1,
    "archivos_fuente": [
      "Library/Application Support/Microsoft/Skype for Desktop/Cache/aa0b8a101416e53f_0"
    ],
    "ultima_modificacion": "2025-08-01 01:01:37.793671"
  },
  "f2d1a43506777abf0": {
    "app_sintetizada": "F2D1A43506777ABF0",
    "cantidad_archivos": 1,
    "archivos_fuente": [
      "Library/Application Support/Microsoft/Skype for Desktop/Cache/f2d1a43506777abf_0"
    ],
    "ultima_modificacion": "2025-08-01 01:01:37.794011"
  },
  "232d458699a5e8cb0": {
    "app_sintetizada": "232D458699A5E8CB0",
    "cantidad_archivos": 1,
    "archivos_fuente": [
      "Library/Application Support/Microsoft/Skype for Desktop/Cache/232d458699a5e8cb_0"
    ],
    "ultima_modificacion": "2025-08-01 01:01:37.794360"
  },
  "5fafb988a81ebf800": {
    "app_sintetizada": "5FAFB988A81EBF800",
    "cantidad_archivos": 1,
    "archivos_fuente": [
      "Library/Application Support/Microsoft/Skype for Desktop/Cache/5fafb988a81ebf80_0"
    ],
    "ultima_modificacion": "2025-08-01 01:01:37.794693"
  },
  "200fb9a4c601796f0": {
    "app_sintetizada": "200FB9A4C601796F0",
    "cantidad_archivos": 1,
    "archivos_fuente": [
      "Library/Application Support/Microsoft/Skype for Desktop/Cache/200fb9a4c601796f_0"
    ],
    "ultima_modificacion": "2025-08-01 01:01:37.795006"
  },
  "67e2540c4c04deb10": {
    "app_sintetizada": "67E2540C4C04DEB10",
    "cantidad_archivos": 1,
    "archivos_fuente": [
      "Library/Application Support/Microsoft/Skype for Desktop/Cache/67e2540c4c04deb1_0"
    ],
    "ultima_modificacion": "2025-08-01 01:01:37.795304"
  },
  "ff2743f1369e26c40": {
    "app_sintetizada": "FF2743F1369E26C40",
    "cantidad_archivos": 1,
    "archivos_fuente": [
      "Library/Application Support/Microsoft/Skype for Desktop/Cache/ff2743f1369e26c4_0"
    ],
    "ultima_modificacion": "2025-08-01 01:01:37.795599"
  },
  "607cc2c206ca7cc80": {
    "app_sintetizada": "607CC2C206CA7CC80",
    "cantidad_archivos": 1,
    "archivos_fuente": [
      "Library/Application Support/Microsoft/Skype for Desktop/Cache/607cc2c206ca7cc8_0"
    ],
    "ultima_modificacion": "2025-08-01 01:01:37.795889"
  },
  "7f6ab2039c0f88cc0": {
    "app_sintetizada": "7F6AB2039C0F88CC0",
    "cantidad_archivos": 1,
    "archivos_fuente": [
      "Library/Application Support/Microsoft/Skype for Desktop/Cache/7f6ab2039c0f88cc_0"
    ],
    "ultima_modificacion": "2025-08-01 01:01:37.796179"
  },
  "5fe57bf339a4f78d0": {
    "app_sintetizada": "5FE57BF339A4F78D0",
    "cantidad_archivos": 1,
    "archivos_fuente": [
      "Library/Application Support/Microsoft/Skype for Desktop/Cache/5fe57bf339a4f78d_0"
    ],
    "ultima_modificacion": "2025-08-01 01:01:37.796483"
  },
  "4b2e4f06a12a552b0": {
    "app_sintetizada": "4B2E4F06A12A552B0",
    "cantidad_archivos": 1,
    "archivos_fuente": [
      "Library/Application Support/Microsoft/Skype for Desktop/Cache/4b2e4f06a12a552b_0"
    ],
    "ultima_modificacion": "2025-08-01 01:01:37.796790"
  },
  "a9e3ddd4c7d2b2830": {
    "app_sintetizada": "A9E3DDD4C7D2B2830",
    "cantidad_archivos": 1,
    "archivos_fuente": [
      "Library/Application Support/Microsoft/Skype for Desktop/Cache/a9e3ddd4c7d2b283_0"
    ],
    "ultima_modificacion": "2025-08-01 01:01:37.797104"
  },
  "7908822e4a85c91e0": {
    "app_sintetizada": "7908822E4A85C91E0",
    "cantidad_archivos": 1,
    "archivos_fuente": [
      "Library/Application Support/Microsoft/Skype for Desktop/Cache/7908822e4a85c91e_0"
    ],
    "ultima_modificacion": "2025-08-01 01:01:37.797406"
  },
  "0b4dc51c1bef47650": {
    "app_sintetizada": "0B4DC51C1BEF47650",
    "cantidad_archivos": 1,
    "archivos_fuente": [
      "Library/Application Support/Microsoft/Skype for Desktop/Cache/0b4dc51c1bef4765_0"
    ],
    "ultima_modificacion": "2025-08-01 01:01:37.797751"
  },
  "adc19515ec23eaab0": {
    "app_sintetizada": "ADC19515EC23EAAB0",
    "cantidad_archivos": 1,
    "archivos_fuente": [
      "Library/Application Support/Microsoft/Skype for Desktop/Cache/adc19515ec23eaab_0"
    ],
    "ultima_modificacion": "2025-08-01 01:01:37.798077"
  },
  "d52e309ae1a484600": {
    "app_sintetizada": "D52E309AE1A484600",
    "cantidad_archivos": 1,
    "archivos_fuente": [
      "Library/Application Support/Microsoft/Skype for Desktop/Cache/d52e309ae1a48460_0"
    ],
    "ultima_modificacion": "2025-08-01 01:01:37.798352"
  },
  "d95c937eda09d9eb0": {
    "app_sintetizada": "D95C937EDA09D9EB0",
    "cantidad_archivos": 1,
    "archivos_fuente": [
      "Library/Application Support/Microsoft/Skype for Desktop/Cache/d95c937eda09d9eb_0"
    ],
    "ultima_modificacion": "2025-08-01 01:01:37.798673"
  },
  "1d3f9b93147736ba0": {
    "app_sintetizada": "1D3F9B93147736BA0",
    "cantidad_archivos": 1,
    "archivos_fuente": [
      "Library/Application Support/Microsoft/Skype for Desktop/Cache/1d3f9b93147736ba_0"
    ],
    "ultima_modificacion": "2025-08-01 01:01:37.798984"
  },
  "7bfa11947245b14a0": {
    "app_sintetizada": "7BFA11947245B14A0",
    "cantidad_archivos": 1,
    "archivos_fuente": [
      "Library/Application Support/Microsoft/Skype for Desktop/Cache/7bfa11947245b14a_0"
    ],
    "ultima_modificacion": "2025-08-01 01:01:37.799511"
  },
  "bf5ffc81d147e6260": {
    "app_sintetizada": "BF5FFC81D147E6260",
    "cantidad_archivos": 1,
    "archivos_fuente": [
      "Library/Application Support/Microsoft/Skype for Desktop/Cache/bf5ffc81d147e626_0"
    ],
    "ultima_modificacion": "2025-08-01 01:01:37.799900"
  },
  "09a76574c44c65b20": {
    "app_sintetizada": "09A76574C44C65B20",
    "cantidad_archivos": 1,
    "archivos_fuente": [
      "Library/Application Support/Microsoft/Skype for Desktop/Cache/09a76574c44c65b2_0"
    ],
    "ultima_modificacion": "2025-08-01 01:01:37.800287"
  },
  "14720165bc76bb650": {
    "app_sintetizada": "14720165BC76BB650",
    "cantidad_archivos": 1,
    "archivos_fuente": [
      "Library/Application Support/Microsoft/Skype for Desktop/Cache/14720165bc76bb65_0"
    ],
    "ultima_modificacion": "2025-08-01 01:01:37.800675"
  },
  "c7bdd9cbbf78592e0": {
    "app_sintetizada": "C7BDD9CBBF78592E0",
    "cantidad_archivos": 1,
    "archivos_fuente": [
      "Library/Application Support/Microsoft/Skype for Desktop/Cache/c7bdd9cbbf78592e_0"
    ],
    "ultima_modificacion": "2025-08-01 01:01:37.801057"
  },
  "21b4f0ca2aa0e0c70": {
    "app_sintetizada": "21B4F0CA2AA0E0C70",
    "cantidad_archivos": 1,
    "archivos_fuente": [
      "Library/Application Support/Microsoft/Skype for Desktop/Cache/21b4f0ca2aa0e0c7_0"
    ],
    "ultima_modificacion": "2025-08-01 01:01:37.801469"
  },
  "7d5a780f431fe25e0": {
    "app_sintetizada": "7D5A780F431FE25E0",
    "cantidad_archivos": 1,
    "archivos_fuente": [
      "Library/Application Support/Microsoft/Skype for Desktop/Cache/7d5a780f431fe25e_0"
    ],
    "ultima_modificacion": "2025-08-01 01:01:37.801852"
  },
  "7a38bddcdd7c631b0": {
    "app_sintetizada": "7A38BDDCDD7C631B0",
    "cantidad_archivos": 1,
    "archivos_fuente": [
      "Library/Application Support/Microsoft/Skype for Desktop/Cache/7a38bddcdd7c631b_0"
    ],
    "ultima_modificacion": "2025-08-01 01:01:37.802227"
  },
  "d24ada9ba9598f660": {
    "app_sintetizada": "D24ADA9BA9598F660",
    "cantidad_archivos": 1,
    "archivos_fuente": [
      "Library/Application Support/Microsoft/Skype for Desktop/Cache/d24ada9ba9598f66_0"
    ],
    "ultima_modificacion": "2025-08-01 01:01:37.802598"
  },
  "0aecf335a1583df40": {
    "app_sintetizada": "0AECF335A1583DF40",
    "cantidad_archivos": 1,
    "archivos_fuente": [
      "Library/Application Support/Microsoft/Skype for Desktop/Cache/0aecf335a1583df4_0"
    ],
    "ultima_modificacion": "2025-08-01 01:01:37.803406"
  },
  "3dcdceecccfd8a9b0": {
    "app_sintetizada": "3DCDCEECCCFD8A9B0",
    "cantidad_archivos": 1,
    "archivos_fuente": [
      "Library/Application Support/Microsoft/Skype for Desktop/Cache/3dcdceecccfd8a9b_0"
    ],
    "ultima_modificacion": "2025-08-01 01:01:37.803877"
  },
  "4d537478ccf4d0780": {
    "app_sintetizada": "4D537478CCF4D0780",
    "cantidad_archivos": 1,
    "archivos_fuente": [
      "Library/Application Support/Microsoft/Skype for Desktop/Cache/4d537478ccf4d078_0"
    ],
    "ultima_modificacion": "2025-08-01 01:01:37.804264"
  },
  "99da31a9927275530": {
    "app_sintetizada": "99DA31A9927275530",
    "cantidad_archivos": 1,
    "archivos_fuente": [
      "Library/Application Support/Microsoft/Skype for Desktop/Cache/99da31a992727553_0"
    ],
    "ultima_modificacion": "2025-08-01 01:01:37.804611"
  },
  "a66647fdeff806a80": {
    "app_sintetizada": "A66647FDEFF806A80",
    "cantidad_archivos": 1,
    "archivos_fuente": [
      "Library/Application Support/Microsoft/Skype for Desktop/Cache/a66647fdeff806a8_0"
    ],
    "ultima_modificacion": "2025-08-01 01:01:37.804949"
  },
  "b5813040c523299e0": {
    "app_sintetizada": "B5813040C523299E0",
    "cantidad_archivos": 1,
    "archivos_fuente": [
      "Library/Application Support/Microsoft/Skype for Desktop/Cache/b5813040c523299e_0"
    ],
    "ultima_modificacion": "2025-08-01 01:01:37.805266"
  },
  "be5358290169b9b60": {
    "app_sintetizada": "BE5358290169B9B60",
    "cantidad_archivos": 1,
    "archivos_fuente": [
      "Library/Application Support/Microsoft/Skype for Desktop/Cache/be5358290169b9b6_0"
    ],
    "ultima_modificacion": "2025-08-01 01:01:37.805606"
  },
  "07cb9e7773f069a30": {
    "app_sintetizada": "07CB9E7773F069A30",
    "cantidad_archivos": 1,
    "archivos_fuente": [
      "Library/Application Support/Microsoft/Skype for Desktop/Cache/07cb9e7773f069a3_0"
    ],
    "ultima_modificacion": "2025-08-01 01:01:37.806097"
  },
  "edf2bdeeeb7810c80": {
    "app_sintetizada": "EDF2BDEEEB7810C80",
    "cantidad_archivos": 1,
    "archivos_fuente": [
      "Library/Application Support/Microsoft/Skype for Desktop/Cache/edf2bdeeeb7810c8_0"
    ],
    "ultima_modificacion": "2025-08-01 01:01:37.806550"
  },
  "465a99d88d6f0a6a0": {
    "app_sintetizada": "465A99D88D6F0A6A0",
    "cantidad_archivos": 1,
    "archivos_fuente": [
      "Library/Application Support/Microsoft/Skype for Desktop/Cache/465a99d88d6f0a6a_0"
    ],
    "ultima_modificacion": "2025-08-01 01:01:37.807281"
  },
  "7a6eee5159a9ad310": {
    "app_sintetizada": "7A6EEE5159A9AD310",
    "cantidad_archivos": 1,
    "archivos_fuente": [
      "Library/Application Support/Microsoft/Skype for Desktop/Cache/7a6eee5159a9ad31_0"
    ],
    "ultima_modificacion": "2025-08-01 01:01:37.807732"
  },
  "b77d95e6dc48b8ff0": {
    "app_sintetizada": "B77D95E6DC48B8FF0",
    "cantidad_archivos": 1,
    "archivos_fuente": [
      "Library/Application Support/Microsoft/Skype for Desktop/Cache/b77d95e6dc48b8ff_0"
    ],
    "ultima_modificacion": "2025-08-01 01:01:37.808155"
  },
  "f87183764efec7c20": {
    "app_sintetizada": "F87183764EFEC7C20",
    "cantidad_archivos": 1,
    "archivos_fuente": [
      "Library/Application Support/Microsoft/Skype for Desktop/Cache/f87183764efec7c2_0"
    ],
    "ultima_modificacion": "2025-08-01 01:01:37.808558"
  },
  "260ed6e9710528b50": {
    "app_sintetizada": "260ED6E9710528B50",
    "cantidad_archivos": 1,
    "archivos_fuente": [
      "Library/Application Support/Microsoft/Skype for Desktop/Cache/260ed6e9710528b5_0"
    ],
    "ultima_modificacion": "2025-08-01 01:01:37.808921"
  },
  "c9f624923a0a24a20": {
    "app_sintetizada": "C9F624923A0A24A20",
    "cantidad_archivos": 1,
    "archivos_fuente": [
      "Library/Application Support/Microsoft/Skype for Desktop/Cache/c9f624923a0a24a2_0"
    ],
    "ultima_modificacion": "2025-08-01 01:01:37.809268"
  },
  "9140c3f58716d8fa0": {
    "app_sintetizada": "9140C3F58716D8FA0",
    "cantidad_archivos": 1,
    "archivos_fuente": [
      "Library/Application Support/Microsoft/Skype for Desktop/Cache/9140c3f58716d8fa_0"
    ],
    "ultima_modificacion": "2025-08-01 01:01:37.809590"
  },
  "25f4396d7a6cd0e00": {
    "app_sintetizada": "25F4396D7A6CD0E00",
    "cantidad_archivos": 1,
    "archivos_fuente": [
      "Library/Application Support/Microsoft/Skype for Desktop/Cache/25f4396d7a6cd0e0_0"
    ],
    "ultima_modificacion": "2025-08-01 01:01:37.810180"
  },
  "9b8643006baab89b0": {
    "app_sintetizada": "9B8643006BAAB89B0",
    "cantidad_archivos": 1,
    "archivos_fuente": [
      "Library/Application Support/Microsoft/Skype for Desktop/Cache/9b8643006baab89b_0"
    ],
    "ultima_modificacion": "2025-08-01 01:01:37.810581"
  },
  "38743549457b197f0": {
    "app_sintetizada": "38743549457B197F0",
    "cantidad_archivos": 1,
    "archivos_fuente": [
      "Library/Application Support/Microsoft/Skype for Desktop/Cache/38743549457b197f_0"
    ],
    "ultima_modificacion": "2025-08-01 01:01:37.810960"
  },
  "41f43ac7a91e60b70": {
    "app_sintetizada": "41F43AC7A91E60B70",
    "cantidad_archivos": 1,
    "archivos_fuente": [
      "Library/Application Support/Microsoft/Skype for Desktop/Cache/41f43ac7a91e60b7_0"
    ],
    "ultima_modificacion": "2025-08-01 01:01:37.811333"
  },
  "b8baa4b5961f57620": {
    "app_sintetizada": "B8BAA4B5961F57620",
    "cantidad_archivos": 1,
    "archivos_fuente": [
      "Library/Application Support/Microsoft/Skype for Desktop/Cache/b8baa4b5961f5762_0"
    ],
    "ultima_modificacion": "2025-08-01 01:01:37.811691"
  },
  "ceffa84fcc44acf90": {
    "app_sintetizada": "CEFFA84FCC44ACF90",
    "cantidad_archivos": 1,
    "archivos_fuente": [
      "Library/Application Support/Microsoft/Skype for Desktop/Cache/ceffa84fcc44acf9_0"
    ],
    "ultima_modificacion": "2025-08-01 01:01:37.812057"
  },
  "ba633cc90f4d1d690": {
    "app_sintetizada": "BA633CC90F4D1D690",
    "cantidad_archivos": 1,
    "archivos_fuente": [
      "Library/Application Support/Microsoft/Skype for Desktop/Cache/ba633cc90f4d1d69_0"
    ],
    "ultima_modificacion": "2025-08-01 01:01:37.812352"
  }
}