{
  "923742eae147d4290": {
    "app_sintetizada": "923742EAE147D4290",
    "cantidad_archivos": 1,
    "archivos_fuente": [
      "Library/Application Support/Microsoft/Skype for Desktop/Cache/923742eae147d429_0"
    ],
    "ultima_modificacion": "2025-08-01 01:01:36.902201"
  },
  "6f3a277bf86c6d320": {
    "app_sintetizada": "6F3A277BF86C6D320",
    "cantidad_archivos": 1,
    "archivos_fuente": [
      "Library/Application Support/Microsoft/Skype for Desktop/Cache/6f3a277bf86c6d32_0"
    ],
    "ultima_modificacion": "2025-08-01 01:01:36.902531"
  },
  "ded83f87e86b3f100": {
    "app_sintetizada": "DED83F87E86B3F100",
    "cantidad_archivos": 1,
    "archivos_fuente": [
      "Library/Application Support/Microsoft/Skype for Desktop/Cache/ded83f87e86b3f10_0"
    ],
    "ultima_modificacion": "2025-08-01 01:01:36.902874"
  },
  "10ea37b03787a5290": {
    "app_sintetizada": "10EA37B03787A5290",
    "cantidad_archivos": 1,
    "archivos_fuente": [
      "Library/Application Support/Microsoft/Skype for Desktop/Cache/10ea37b03787a529_0"
    ],
    "ultima_modificacion": "2025-08-01 01:01:36.903203"
  },
  "86cc7e80e022269f0": {
    "app_sintetizada": "86CC7E80E022269F0",
    "cantidad_archivos": 1,
    "archivos_fuente": [
      "Library/Application Support/Microsoft/Skype for Desktop/Cache/86cc7e80e022269f_0"
    ],
    "ultima_modificacion": "2025-08-01 01:01:36.903529"
  },
  "95bde1df669f51580": {
    "app_sintetizada": "95BDE1DF669F51580",
    "cantidad_archivos": 1,
    "archivos_fuente": [
      "Library/Application Support/Microsoft/Skype for Desktop/Cache/95bde1df669f5158_0"
    ],
    "ultima_modificacion": "2025-08-01 01:01:36.903886"
  },
  "875cd3727916123f0": {
    "app_sintetizada": "875CD3727916123F0",
    "cantidad_archivos": 1,
    "archivos_fuente": [
      "Library/Application Support/Microsoft/Skype for Desktop/Cache/875cd3727916123f_0"
    ],
    "ultima_modificacion": "2025-08-01 01:01:36.904236"
  },
  "a51c98d0e0a9f8480": {
    "app_sintetizada": "A51C98D0E0A9F8480",
    "cantidad_archivos": 1,
    "archivos_fuente": [
      "Library/Application Support/Microsoft/Skype for Desktop/Cache/a51c98d0e0a9f848_0"
    ],
    "ultima_modificacion": "2025-08-01 01:01:36.904582"
  },
  "f46bced870612c950": {
    "app_sintetizada": "F46BCED870612C950",
    "cantidad_archivos": 1,
    "archivos_fuente": [
      "Library/Application Support/Microsoft/Skype for Desktop/Cache/f46bced870612c95_0"
    ],
    "ultima_modificacion": "2025-08-01 01:01:36.904911"
  },
  "a1d506ea8f0c0f190": {
    "app_sintetizada": "A1D506EA8F0C0F190",
    "cantidad_archivos": 1,
    "archivos_fuente": [
      "Library/Application Support/Microsoft/Skype for Desktop/Cache/a1d506ea8f0c0f19_0"
    ],
    "ultima_modificacion": "2025-08-01 01:01:36.905273"
  },
  "c8b47a7dce75a4ba0": {
    "app_sintetizada": "C8B47A7DCE75A4BA0",
    "cantidad_archivos": 1,
    "archivos_fuente": [
      "Library/Application Support/Microsoft/Skype for Desktop/Cache/c8b47a7dce75a4ba_0"
    ],
    "ultima_modificacion": "2025-08-01 01:01:36.905639"
  },
  "c3141bf52852ff4f0": {
    "app_sintetizada": "C3141BF52852FF4F0",
    "cantidad_archivos": 1,
    "archivos_fuente": [
      "Library/Application Support/Microsoft/Skype for Desktop/Cache/c3141bf52852ff4f_0"
    ],
    "ultima_modificacion": "2025-08-01 01:01:36.906000"
  },
  "4c317a2d6993d3510": {
    "app_sintetizada": "4C317A2D6993D3510",
    "cantidad_archivos": 1,
    "archivos_fuente": [
      "Library/Application Support/Microsoft/Skype for Desktop/Cache/4c317a2d6993d351_0"
    ],
    "ultima_modificacion": "2025-08-01 01:01:36.906380"
  },
  "34d9751fdcb41c0e0": {
    "app_sintetizada": "34D9751FDCB41C0E0",
    "cantidad_archivos": 1,
    "archivos_fuente": [
      "Library/Application Support/Microsoft/Skype for Desktop/Cache/34d9751fdcb41c0e_0"
    ],
    "ultima_modificacion": "2025-08-01 01:01:36.906739"
  },
  "42f64a481bbbb4fa0": {
    "app_sintetizada": "42F64A481BBBB4FA0",
    "cantidad_archivos": 1,
    "archivos_fuente": [
      "Library/Application Support/Microsoft/Skype for Desktop/Cache/42f64a481bbbb4fa_0"
    ],
    "ultima_modificacion": "2025-08-01 01:01:36.907099"
  },
  "187036fba943e9f30": {
    "app_sintetizada": "187036FBA943E9F30",
    "cantidad_archivos": 1,
    "archivos_fuente": [
      "Library/Application Support/Microsoft/Skype for Desktop/Cache/187036fba943e9f3_0"
    ],
    "ultima_modificacion": "2025-08-01 01:01:36.907428"
  },
  "a93928b1519d1b860": {
    "app_sintetizada": "A93928B1519D1B860",
    "cantidad_archivos": 1,
    "archivos_fuente": [
      "Library/Application Support/Microsoft/Skype for Desktop/Cache/a93928b1519d1b86_0"
    ],
    "ultima_modificacion": "2025-08-01 01:01:36.907820"
  },
  "02a2abc55a4856000": {
    "app_sintetizada": "02A2ABC55A4856000",
    "cantidad_archivos": 1,
    "archivos_fuente": [
      "Library/Application Support/Microsoft/Skype for Desktop/Cache/02a2abc55a485600_0"
    ],
    "ultima_modificacion": "2025-08-01 01:01:36.908222"
  },
  "b9043eec5e124ad00": {
    "app_sintetizada": "B9043EEC5E124AD00",
    "cantidad_archivos": 1,
    "archivos_fuente": [
      "Library/Application Support/Microsoft/Skype for Desktop/Cache/b9043eec5e124ad0_0"
    ],
    "ultima_modificacion": "2025-08-01 01:01:36.908593"
  },
  "e15cce0742c01b330": {
    "app_sintetizada": "E15CCE0742C01B330",
    "cantidad_archivos": 1,
    "archivos_fuente": [
      "Library/Application Support/Microsoft/Skype for Desktop/Cache/e15cce0742c01b33_0"
    ],
    "ultima_modificacion": "2025-08-01 01:01:36.908953"
  },
  "e420f77f6b9a71530": {
    "app_sintetizada": "E420F77F6B9A71530",
    "cantidad_archivos": 1,
    "archivos_fuente": [
      "Library/Application Support/Microsoft/Skype for Desktop/Cache/e420f77f6b9a7153_0"
    ],
    "ultima_modificacion": "2025-08-01 01:01:36.909296"
  },
  "793c63b110ad9f240": {
    "app_sintetizada": "793C63B110AD9F240",
    "cantidad_archivos": 1,
    "archivos_fuente": [
      "Library/Application Support/Microsoft/Skype for Desktop/Cache/793c63b110ad9f24_0"
    ],
    "ultima_modificacion": "2025-08-01 01:01:36.909629"
  },
  "f9eeaec7ba2e33f80": {
    "app_sintetizada": "F9EEAEC7BA2E33F80",
    "cantidad_archivos": 1,
    "archivos_fuente": [
      "Library/Application Support/Microsoft/Skype for Desktop/Cache/f9eeaec7ba2e33f8_0"
    ],
    "ultima_modificacion": "2025-08-01 01:01:36.909964"
  },
  "96c0d04e24fa9be60": {
    "app_sintetizada": "96C0D04E24FA9BE60",
    "cantidad_archivos": 1,
    "archivos_fuente": [
      "Library/Application Support/Microsoft/Skype for Desktop/Cache/96c0d04e24fa9be6_0"
    ],
    "ultima_modificacion": "2025-08-01 01:01:36.910320"
  },
  "7b538850afc1e2490": {
    "app_sintetizada": "7B538850AFC1E2490",
    "cantidad_archivos": 1,
    "archivos_fuente": [
      "Library/Application Support/Microsoft/Skype for Desktop/Cache/7b538850afc1e249_0"
    ],
    "ultima_modificacion": "2025-08-01 01:01:36.910674"
  },
  "8eb737b05b721fc70": {
    "app_sintetizada": "8EB737B05B721FC70",
    "cantidad_archivos": 1,
    "archivos_fuente": [
      "Library/Application Support/Microsoft/Skype for Desktop/Cache/8eb737b05b721fc7_0"
    ],
    "ultima_modificacion": "2025-08-01 01:01:36.911003"
  },
  "75fa0ab4517453d00": {
    "app_sintetizada": "75FA0AB4517453D00",
    "cantidad_archivos": 1,
    "archivos_fuente": [
      "Library/Application Support/Microsoft/Skype for Desktop/Cache/75fa0ab4517453d0_0"
    ],
    "ultima_modificacion": "2025-08-01 01:01:36.911319"
  },
  "528c24d4e33370c50": {
    "app_sintetizada": "528C24D4E33370C50",
    "cantidad_archivos": 1,
    "archivos_fuente": [
      "Library/Application Support/Microsoft/Skype for Desktop/Cache/528c24d4e33370c5_0"
    ],
    "ultima_modificacion": "2025-08-01 01:01:36.911658"
  },
  "02ad19be5c85cd260": {
    "app_sintetizada": "02AD19BE5C85CD260",
    "cantidad_archivos": 1,
    "archivos_fuente": [
      "Library/Application Support/Microsoft/Skype for Desktop/Cache/02ad19be5c85cd26_0"
    ],
    "ultima_modificacion": "2025-08-01 01:01:36.911928"
  },
  "28eb6254696aa2780": {
    "app_sintetizada": "28EB6254696AA2780",
    "cantidad_archivos": 1,
    "archivos_fuente": [
      "Library/Application Support/Microsoft/Skype for Desktop/Cache/28eb6254696aa278_0"
    ],
    "ultima_modificacion": "2025-08-01 01:01:36.912169"
  },
  "2aebb68a6d23113a0": {
    "app_sintetizada": "2AEBB68A6D23113A0",
    "cantidad_archivos": 1,
    "archivos_fuente": [
      "Library/Application Support/Microsoft/Skype for Desktop/Cache/2aebb68a6d23113a_0"
    ],
    "ultima_modificacion": "2025-08-01 01:01:36.912438"
  },
  "17b346fcb7175a730": {
    "app_sintetizada": "17B346FCB7175A730",
    "cantidad_archivos": 1,
    "archivos_fuente": [
      "Library/Application Support/Microsoft/Skype for Desktop/Cache/17b346fcb7175a73_0"
    ],
    "ultima_modificacion": "2025-08-01 01:01:36.912792"
  },
  "47925ce99289900f0": {
    "app_sintetizada": "47925CE99289900F0",
    "cantidad_archivos": 1,
    "archivos_fuente": [
      "Library/Application Support/Microsoft/Skype for Desktop/Cache/47925ce99289900f_0"
    ],
    "ultima_modificacion": "2025-08-01 01:01:36.913082"
  },
  "86152356afe648420": {
    "app_sintetizada": "86152356AFE648420",
    "cantidad_archivos": 1,
    "archivos_fuente": [
      "Library/Application Support/Microsoft/Skype for Desktop/Cache/86152356afe64842_0"
    ],
    "ultima_modificacion": "2025-08-01 01:01:36.913387"
  },
  "6dbe0722901378040": {
    "app_sintetizada": "6DBE0722901378040",
    "cantidad_archivos": 1,
    "archivos_fuente": [
      "Library/Application Support/Microsoft/Skype for Desktop/Cache/6dbe072290137804_0"
    ],
    "ultima_modificacion": "2025-08-01 01:01:36.913682"
  },
  "b8f3b0cffdd896940": {
    "app_sintetizada": "B8F3B0CFFDD896940",
    "cantidad_archivos": 1,
    "archivos_fuente": [
      "Library/Application Support/Microsoft/Skype for Desktop/Cache/b8f3b0cffdd89694_0"
    ],
    "ultima_modificacion": "2025-08-01 01:01:36.913953"
  },
  "d69c7399c57f66440": {
    "app_sintetizada": "D69C7399C57F66440",
    "cantidad_archivos": 1,
    "archivos_fuente": [
      "Library/Application Support/Microsoft/Skype for Desktop/Cache/d69c7399c57f6644_0"
    ],
    "ultima_modificacion": "2025-08-01 01:01:36.914233"
  },
  "aae603fe6b579f860": {
    "app_sintetizada": "AAE603FE6B579F860",
    "cantidad_archivos": 1,
    "archivos_fuente": [
      "Library/Application Support/Microsoft/Skype for Desktop/Cache/aae603fe6b579f86_0"
    ],
    "ultima_modificacion": "2025-08-01 01:01:36.914547"
  },
  "6692c3bc862ea44a0": {
    "app_sintetizada": "6692C3BC862EA44A0",
    "cantidad_archivos": 1,
    "archivos_fuente": [
      "Library/Application Support/Microsoft/Skype for Desktop/Cache/6692c3bc862ea44a_0"
    ],
    "ultima_modificacion": "2025-08-01 01:01:36.914827"
  },
  "9dee22b304dba2510": {
    "app_sintetizada": "9DEE22B304DBA2510",
    "cantidad_archivos": 1,
    "archivos_fuente": [
      "Library/Application Support/Microsoft/Skype for Desktop/Cache/9dee22b304dba251_0"
    ],
    "ultima_modificacion": "2025-08-01 01:01:36.915119"
  },
  "3b5f96ac00f62ff10": {
    "app_sintetizada": "3B5F96AC00F62FF10",
    "cantidad_archivos": 1,
    "archivos_fuente": [
      "Library/Application Support/Microsoft/Skype for Desktop/Cache/3b5f96ac00f62ff1_0"
    ],
    "ultima_modificacion": "2025-08-01 01:01:36.915402"
  },
  "e7a36a65e1a5f6980": {
    "app_sintetizada": "E7A36A65E1A5F6980",
    "cantidad_archivos": 1,
    "archivos_fuente": [
      "Library/Application Support/Microsoft/Skype for Desktop/Cache/e7a36a65e1a5f698_0"
    ],
    "ultima_modificacion": "2025-08-01 01:01:36.915820"
  },
  "3b9412b2ddd3b95d0": {
    "app_sintetizada": "3B9412B2DDD3B95D0",
    "cantidad_archivos": 1,
    "archivos_fuente": [
      "Library/Application Support/Microsoft/Skype for Desktop/Cache/3b9412b2ddd3b95d_0"
    ],
    "ultima_modificacion": "2025-08-01 01:01:36.916087"
  },
  "5743aa245d683b850": {
    "app_sintetizada": "5743AA245D683B850",
    "cantidad_archivos": 1,
    "archivos_fuente": [
      "Library/Application Support/Microsoft/Skype for Desktop/Cache/5743aa245d683b85_0"
    ],
    "ultima_modificacion": "2025-08-01 01:01:36.916339"
  },
  "ae0e140beef0df880": {
    "app_sintetizada": "AE0E140BEEF0DF880",
    "cantidad_archivos": 1,
    "archivos_fuente": [
      "Library/Application Support/Microsoft/Skype for Desktop/Cache/ae0e140beef0df88_0"
    ],
    "ultima_modificacion": "2025-08-01 01:01:36.916687"
  },
  "f23c80e272040c070": {
    "app_sintetizada": "F23C80E272040C070",
    "cantidad_archivos": 1,
    "archivos_fuente": [
      "Library/Application Support/Microsoft/Skype for Desktop/Cache/f23c80e272040c07_0"
    ],
    "ultima_modificacion": "2025-08-01 01:01:36.916948"
  },
  "e7eaa5c4888e6ee80": {
    "app_sintetizada": "E7EAA5C4888E6EE80",
    "cantidad_archivos": 1,
    "archivos_fuente": [
      "Library/Application Support/Microsoft/Skype for Desktop/Cache/e7eaa5c4888e6ee8_0"
    ],
    "ultima_modificacion": "2025-08-01 01:01:36.917236"
  },
  "0f75dbe0305cad7e0": {
    "app_sintetizada": "0F75DBE0305CAD7E0",
    "cantidad_archivos": 1,
    "archivos_fuente": [
      "Library/Application Support/Microsoft/Skype for Desktop/Cache/0f75dbe0305cad7e_0"
    ],
    "ultima_modificacion": "2025-08-01 01:01:36.917486"
  },
  "b6868f2a994ef1960": {
    "app_sintetizada": "B6868F2A994EF1960",
    "cantidad_archivos": 1,
    "archivos_fuente": [
      "Library/Application Support/Microsoft/Skype for Desktop/Cache/b6868f2a994ef196_0"
    ],
    "ultima_modificacion": "2025-08-01 01:01:36.917769"
  },
  "0ce3977ca3d40fa80": {
    "app_sintetizada": "0CE3977CA3D40FA80",
    "cantidad_archivos": 1,
    "archivos_fuente": [
      "Library/Application Support/Microsoft/Skype for Desktop/Cache/0ce3977ca3d40fa8_0"
    ],
    "ultima_modificacion": "2025-08-01 01:01:36.918082"
  },
  "e945ae70e6432c4c0": {
    "app_sintetizada": "E945AE70E6432C4C0",
    "cantidad_archivos": 1,
    "archivos_fuente": [
      "Library/Application Support/Microsoft/Skype for Desktop/Cache/e945ae70e6432c4c_0"
    ],
    "ultima_modificacion": "2025-08-01 01:01:36.918435"
  },
  "950c4b5d3689249f0": {
    "app_sintetizada": "950C4B5D3689249F0",
    "cantidad_archivos": 1,
    "archivos_fuente": [
      "Library/Application Support/Microsoft/Skype for Desktop/Cache/950c4b5d3689249f_0"
    ],
    "ultima_modificacion": "2025-08-01 01:01:36.918711"
  },
  "2e13efc03e3910610": {
    "app_sintetizada": "2E13EFC03E3910610",
    "cantidad_archivos": 1,
    "archivos_fuente": [
      "Library/Application Support/Microsoft/Skype for Desktop/Cache/2e13efc03e391061_0"
    ],
    "ultima_modificacion": "2025-08-01 01:01:36.919034"
  },
  "ed03752135eb537c0": {
    "app_sintetizada": "ED03752135EB537C0",
    "cantidad_archivos": 1,
    "archivos_fuente": [
      "Library/Application Support/Microsoft/Skype for Desktop/Cache/ed03752135eb537c_0"
    ],
    "ultima_modificacion": "2025-08-01 01:01:36.919352"
  },
  "a146a37e1290aabb0": {
    "app_sintetizada": "A146A37E1290AABB0",
    "cantidad_archivos": 1,
    "archivos_fuente": [
      "Library/Application Support/Microsoft/Skype for Desktop/Cache/a146a37e1290aabb_0"
    ],
    "ultima_modificacion": "2025-08-01 01:01:36.919600"
  },
  "10832221d933ed990": {
    "app_sintetizada": "10832221D933ED990",
    "cantidad_archivos": 1,
    "archivos_fuente": [
      "Library/Application Support/Microsoft/Skype for Desktop/Cache/10832221d933ed99_0"
    ],
    "ultima_modificacion": "2025-08-01 01:01:36.919821"
  },
  "8163eb0c9be619c20": {
    "app_sintetizada": "8163EB0C9BE619C20",
    "cantidad_archivos": 1,
    "archivos_fuente": [
      "Library/Application Support/Microsoft/Skype for Desktop/Cache/8163eb0c9be619c2_0"
    ],
    "ultima_modificacion": "2025-08-01 01:01:36.920024"
  },
  "0db06d3216c554940": {
    "app_sintetizada": "0DB06D3216C554940",
    "cantidad_archivos": 1,
    "archivos_fuente": [
      "Library/Application Support/Microsoft/Skype for Desktop/Cache/0db06d3216c55494_0"
    ],
    "ultima_modificacion": "2025-08-01 01:01:36.920223"
  },
  "377a384a5dc3cc330": {
    "app_sintetizada": "377A384A5DC3CC330",
    "cantidad_archivos": 1,
    "archivos_fuente": [
      "Library/Application Support/Microsoft/Skype for Desktop/Cache/377a384a5dc3cc33_0"
    ],
    "ultima_modificacion": "2025-08-01 01:01:36.920430"
  },
  "71687347022593ff0": {
    "app_sintetizada": "71687347022593FF0",
    "cantidad_archivos": 1,
    "archivos_fuente": [
      "Library/Application Support/Microsoft/Skype for Desktop/Cache/71687347022593ff_0"
    ],
    "ultima_modificacion": "2025-08-01 01:01:36.920628"
  },
  "28aab2c28005742c0": {
    "app_sintetizada": "28AAB2C28005742C0",
    "cantidad_archivos": 1,
    "archivos_fuente": [
      "Library/Application Support/Microsoft/Skype for Desktop/Cache/28aab2c28005742c_0"
    ],
    "ultima_modificacion": "2025-08-01 01:01:36.920821"
  },
  "01f12bc51fcd5ba00": {
    "app_sintetizada": "01F12BC51FCD5BA00",
    "cantidad_archivos": 1,
    "archivos_fuente": [
      "Library/Application Support/Microsoft/Skype for Desktop/Cache/01f12bc51fcd5ba0_0"
    ],
    "ultima_modificacion": "2025-08-01 01:01:36.921012"
  },
  "213c995663e476670": {
    "app_sintetizada": "213C995663E476670",
    "cantidad_archivos": 1,
    "archivos_fuente": [
      "Library/Application Support/Microsoft/Skype for Desktop/Cache/213c995663e47667_0"
    ],
    "ultima_modificacion": "2025-08-01 01:01:36.921205"
  },
  "a0dee0bc6fd69cdb0": {
    "app_sintetizada": "A0DEE0BC6FD69CDB0",
    "cantidad_archivos": 1,
    "archivos_fuente": [
      "Library/Application Support/Microsoft/Skype for Desktop/Cache/a0dee0bc6fd69cdb_0"
    ],
    "ultima_modificacion": "2025-08-01 01:01:36.921408"
  },
  "f8c170f6b4dbc2720": {
    "app_sintetizada": "F8C170F6B4DBC2720",
    "cantidad_archivos": 1,
    "archivos_fuente": [
      "Library/Application Support/Microsoft/Skype for Desktop/Cache/f8c170f6b4dbc272_0"
    ],
    "ultima_modificacion": "2025-08-01 01:01:36.921606"
  },
  "adbf3ae06e83e75a0": {
    "app_sintetizada": "ADBF3AE06E83E75A0",
    "cantidad_archivos": 1,
    "archivos_fuente": [
      "Library/Application Support/Microsoft/Skype for Desktop/Cache/adbf3ae06e83e75a_0"
    ],
    "ultima_modificacion": "2025-08-01 01:01:36.921807"
  },
  "0d0291f7477e221a0": {
    "app_sintetizada": "0D0291F7477E221A0",
    "cantidad_archivos": 1,
    "archivos_fuente": [
      "Library/Application Support/Microsoft/Skype for Desktop/Cache/0d0291f7477e221a_0"
    ],
    "ultima_modificacion": "2025-08-01 01:01:36.922080"
  },
  "7ec766bae44c4c730": {
    "app_sintetizada": "7EC766BAE44C4C730",
    "cantidad_archivos": 1,
    "archivos_fuente": [
      "Library/Application Support/Microsoft/Skype for Desktop/Cache/7ec766bae44c4c73_0"
    ],
    "ultima_modificacion": "2025-08-01 01:01:36.922384"
  },
  "f7fa030d34c46fb70": {
    "app_sintetizada": "F7FA030D34C46FB70",
    "cantidad_archivos": 1,
    "archivos_fuente": [
      "Library/Application Support/Microsoft/Skype for Desktop/Cache/f7fa030d34c46fb7_0"
    ],
    "ultima_modificacion": "2025-08-01 01:01:36.922655"
  },
  "0a3a3092f91070160": {
    "app_sintetizada": "0A3A3092F91070160",
    "cantidad_archivos": 1,
    "archivos_fuente": [
      "Library/Application Support/Microsoft/Skype for Desktop/Cache/0a3a3092f9107016_0"
    ],
    "ultima_modificacion": "2025-08-01 01:01:36.922905"
  },
  "6c83d7d503feecf60": {
    "app_sintetizada": "6C83D7D503FEECF60",
    "cantidad_archivos": 1,
    "archivos_fuente": [
      "Library/Application Support/Microsoft/Skype for Desktop/Cache/6c83d7d503feecf6_0"
    ],
    "ultima_modificacion": "2025-08-01 01:01:36.923156"
  },
  "c9b1c34d35fec1260": {
    "app_sintetizada": "C9B1C34D35FEC1260",
    "cantidad_archivos": 1,
    "archivos_fuente": [
      "Library/Application Support/Microsoft/Skype for Desktop/Cache/c9b1c34d35fec126_0"
    ],
    "ultima_modificacion": "2025-08-01 01:01:36.923411"
  },
  "cd55133f5f0c9d450": {
    "app_sintetizada": "CD55133F5F0C9D450",
    "cantidad_archivos": 1,
    "archivos_fuente": [
      "Library/Application Support/Microsoft/Skype for Desktop/Cache/cd55133f5f0c9d45_0"
    ],
    "ultima_modificacion": "2025-08-01 01:01:36.923742"
  },
  "abe1a425dd6c171c0": {
    "app_sintetizada": "ABE1A425DD6C171C0",
    "cantidad_archivos": 1,
    "archivos_fuente": [
      "Library/Application Support/Microsoft/Skype for Desktop/Cache/abe1a425dd6c171c_0"
    ],
    "ultima_modificacion": "2025-08-01 01:01:36.924072"
  },
  "bf006f926513b9410": {
    "app_sintetizada": "BF006F926513B9410",
    "cantidad_archivos": 1,
    "archivos_fuente": [
      "Library/Application Support/Microsoft/Skype for Desktop/Cache/bf006f926513b941_0"
    ],
    "ultima_modificacion": "2025-08-01 01:01:36.924333"
  },
  "23b7ff8e232e9e050": {
    "app_sintetizada": "23B7FF8E232E9E050",
    "cantidad_archivos": 1,
    "archivos_fuente": [
      "Library/Application Support/Microsoft/Skype for Desktop/Cache/23b7ff8e232e9e05_0"
    ],
    "ultima_modificacion": "2025-08-01 01:01:36.924684"
  },
  "986720108420f1440": {
    "app_sintetizada": "986720108420F1440",
    "cantidad_archivos": 1,
    "archivos_fuente": [
      "Library/Application Support/Microsoft/Skype for Desktop/Cache/986720108420f144_0"
    ],
    "ultima_modificacion": "2025-08-01 01:01:36.924942"
  },
  "f3650a2f220164f40": {
    "app_sintetizada": "F3650A2F220164F40",
    "cantidad_archivos": 1,
    "archivos_fuente": [
      "Library/Application Support/Microsoft/Skype for Desktop/Cache/f3650a2f220164f4_0"
    ],
    "ultima_modificacion": "2025-08-01 01:01:36.925163"
  },
  "ad987f896fe9fff90": {
    "app_sintetizada": "AD987F896FE9FFF90",
    "cantidad_archivos": 1,
    "archivos_fuente": [
      "Library/Application Support/Microsoft/Skype for Desktop/Cache/ad987f896fe9fff9_0"
    ],
    "ultima_modificacion": "2025-08-01 01:01:36.925386"
  },
  "3273244aba2bae450": {
    "app_sintetizada": "3273244ABA2BAE450",
    "cantidad_archivos": 1,
    "archivos_fuente": [
      "Library/Application Support/Microsoft/Skype for Desktop/Cache/3273244aba2bae45_0"
    ],
    "ultima_modificacion": "2025-08-01 01:01:36.925588"
  },
  "8b1e08d65070607c0": {
    "app_sintetizada": "8B1E08D65070607C0",
    "cantidad_archivos": 1,
    "archivos_fuente": [
      "Library/Application Support/Microsoft/Skype for Desktop/Cache/8b1e08d65070607c_0"
    ],
    "ultima_modificacion": "2025-08-01 01:01:36.925783"
  },
  "e6da641188a84c560": {
    "app_sintetizada": "E6DA641188A84C560",
    "cantidad_archivos": 1,
    "archivos_fuente": [
      "Library/Application Support/Microsoft/Skype for Desktop/Cache/e6da641188a84c56_0"
    ],
    "ultima_modificacion": "2025-08-01 01:01:36.925980"
  },
  "1449c49a8332053c0": {
    "app_sintetizada": "1449C49A8332053C0",
    "cantidad_archivos": 1,
    "archivos_fuente": [
      "Library/Application Support/Microsoft/Skype for Desktop/Cache/1449c49a8332053c_0"
    ],
    "ultima_modificacion": "2025-08-01 01:01:36.926172"
  },
  "9ff33e6b0d701d280": {
    "app_sintetizada": "9FF33E6B0D701D280",
    "cantidad_archivos": 1,
    "archivos_fuente": [
      "Library/Application Support/Microsoft/Skype for Desktop/Cache/9ff33e6b0d701d28_0"
    ],
    "ultima_modificacion": "2025-08-01 01:01:36.926371"
  },
  "02b322acf3e48fdd0": {
    "app_sintetizada": "02B322ACF3E48FDD0",
    "cantidad_archivos": 1,
    "archivos_fuente": [
      "Library/Application Support/Microsoft/Skype for Desktop/Cache/02b322acf3e48fdd_0"
    ],
    "ultima_modificacion": "2025-08-01 01:01:36.926562"
  },
  "9c1ac0945517ca0a0": {
    "app_sintetizada": "9C1AC0945517CA0A0",
    "cantidad_archivos": 1,
    "archivos_fuente": [
      "Library/Application Support/Microsoft/Skype for Desktop/Cache/9c1ac0945517ca0a_0"
    ],
    "ultima_modificacion": "2025-08-01 01:01:36.926751"
  },
  "a76779c8b318b2570": {
    "app_sintetizada": "A76779C8B318B2570",
    "cantidad_archivos": 1,
    "archivos_fuente": [
      "Library/Application Support/Microsoft/Skype for Desktop/Cache/a76779c8b318b257_0"
    ],
    "ultima_modificacion": "2025-08-01 01:01:36.926941"
  },
  "7aa778d21896644f0": {
    "app_sintetizada": "7AA778D21896644F0",
    "cantidad_archivos": 1,
    "archivos_fuente": [
      "Library/Application Support/Microsoft/Skype for Desktop/Cache/7aa778d21896644f_0"
    ],
    "ultima_modificacion": "2025-08-01 01:01:36.927180"
  },
  "adba635afcaec5700": {
    "app_sintetizada": "ADBA635AFCAEC5700",
    "cantidad_archivos": 1,
    "archivos_fuente": [
      "Library/Application Support/Microsoft/Skype for Desktop/Cache/adba635afcaec570_0"
    ],
    "ultima_modificacion": "2025-08-01 01:01:36.927491"
  },
  "0a5d348eaf91393d0": {
    "app_sintetizada": "0A5D348EAF91393D0",
    "cantidad_archivos": 1,
    "archivos_fuente": [
      "Library/Application Support/Microsoft/Skype for Desktop/Cache/0a5d348eaf91393d_0"
    ],
    "ultima_modificacion": "2025-08-01 01:01:36.927811"
  },
  "21e007a985c0f0280": {
    "app_sintetizada": "21E007A985C0F0280",
    "cantidad_archivos": 1,
    "archivos_fuente": [
      "Library/Application Support/Microsoft/Skype for Desktop/Cache/21e007a985c0f028_0"
    ],
    "ultima_modificacion": "2025-08-01 01:01:36.928027"
  },
  "8bfdb61f2abb3ecb0": {
    "app_sintetizada": "8BFDB61F2ABB3ECB0",
    "cantidad_archivos": 1,
    "archivos_fuente": [
      "Library/Application Support/Microsoft/Skype for Desktop/Cache/8bfdb61f2abb3ecb_0"
    ],
    "ultima_modificacion": "2025-08-01 01:01:36.928240"
  },
  "0722f8f4aa9d7ad70": {
    "app_sintetizada": "0722F8F4AA9D7AD70",
    "cantidad_archivos": 1,
    "archivos_fuente": [
      "Library/Application Support/Microsoft/Skype for Desktop/Cache/0722f8f4aa9d7ad7_0"
    ],
    "ultima_modificacion": "2025-08-01 01:01:36.928576"
  },
  "0b9085ad48e177020": {
    "app_sintetizada": "0B9085AD48E177020",
    "cantidad_archivos": 1,
    "archivos_fuente": [
      "Library/Application Support/Microsoft/Skype for Desktop/Cache/0b9085ad48e17702_0"
    ],
    "ultima_modificacion": "2025-08-01 01:01:36.928803"
  },
  "3a825ccd525d0d8b0": {
    "app_sintetizada": "3A825CCD525D0D8B0",
    "cantidad_archivos": 1,
    "archivos_fuente": [
      "Library/Application Support/Microsoft/Skype for Desktop/Cache/3a825ccd525d0d8b_0"
    ],
    "ultima_modificacion": "2025-08-01 01:01:36.929009"
  },
  "a30d9da2a1587e5b0": {
    "app_sintetizada": "A30D9DA2A1587E5B0",
    "cantidad_archivos": 1,
    "archivos_fuente": [
      "Library/Application Support/Microsoft/Skype for Desktop/Cache/a30d9da2a1587e5b_0"
    ],
    "ultima_modificacion": "2025-08-01 01:01:36.929312"
  },
  "1ef675bfcc6119060": {
    "app_sintetizada": "1EF675BFCC6119060",
    "cantidad_archivos": 1,
    "archivos_fuente": [
      "Library/Application Support/Microsoft/Skype for Desktop/Cache/1ef675bfcc611906_0"
    ],
    "ultima_modificacion": "2025-08-01 01:01:36.929552"
  },
  "a8c71df025a5e7410": {
    "app_sintetizada": "A8C71DF025A5E7410",
    "cantidad_archivos": 1,
    "archivos_fuente": [
      "Library/Application Support/Microsoft/Skype for Desktop/Cache/a8c71df025a5e741_0"
    ],
    "ultima_modificacion": "2025-08-01 01:01:36.929823"
  },
  "4ff6c1c34c631c540": {
    "app_sintetizada": "4FF6C1C34C631C540",
    "cantidad_archivos": 1,
    "archivos_fuente": [
      "Library/Application Support/Microsoft/Skype for Desktop/Cache/4ff6c1c34c631c54_0"
    ],
    "ultima_modificacion": "2025-08-01 01:01:36.930038"
  },
  "8a3b084ffc07b86f0": {
    "app_sintetizada": "8A3B084FFC07B86F0",
    "cantidad_archivos": 1,
    "archivos_fuente": [
      "Library/Application Support/Microsoft/Skype for Desktop/Cache/8a3b084ffc07b86f_0"
    ],
    "ultima_modificacion": "2025-08-01 01:01:36.930236"
  }
}