{
  "2a4d1cd07f384d2db9b79cf9e5f825111105c.jpeg": {
    "app_sintetizada": "2A4D1CD07F384D2DB9B79CF9E5F825111105C.JPEG",
    "cantidad_archivos": 1,
    "archivos_fuente": [
      "Pictures/Fototeca de Fotos.photoslibrary/resources/derivatives/2/2A4D1CD0-7F38-4D2D-B9B7-9CF9E5F82511_1_105_c.jpeg"
    ],
    "ultima_modificacion": "2025-08-01 01:01:27.699927"
  },
  "2b4fab669ffa46d0a399c45a8b5365d81105c.jpeg": {
    "app_sintetizada": "2B4FAB669FFA46D0A399C45A8B5365D81105C.JPEG",
    "cantidad_archivos": 1,
    "archivos_fuente": [
      "Pictures/Fototeca de Fotos.photoslibrary/resources/derivatives/2/2B4FAB66-9FFA-46D0-A399-C45A8B5365D8_1_105_c.jpeg"
    ],
    "ultima_modificacion": "2025-08-01 01:01:27.701424"
  },
  "22530f8084e042dea549ef0723d1df9d1105c.jpeg": {
    "app_sintetizada": "22530F8084E042DEA549EF0723D1DF9D1105C.JPEG",
    "cantidad_archivos": 1,
    "archivos_fuente": [
      "Pictures/Fototeca de Fotos.photoslibrary/resources/derivatives/2/22530F80-84E0-42DE-A549-EF0723D1DF9D_1_105_c.jpeg"
    ],
    "ultima_modificacion": "2025-08-01 01:01:27.701967"
  },
  "20e9ab76598240d4aae9aed4ebed3f8b1105c.jpeg": {
    "app_sintetizada": "20E9AB76598240D4AAE9AED4EBED3F8B1105C.JPEG",
    "cantidad_archivos": 1,
    "archivos_fuente": [
      "Pictures/Fototeca de Fotos.photoslibrary/resources/derivatives/2/20E9AB76-5982-40D4-AAE9-AED4EBED3F8B_1_105_c.jpeg"
    ],
    "ultima_modificacion": "2025-08-01 01:01:27.702420"
  },
  "2e1fb22df914464f86ced0f2e94eb70e1105c.jpeg": {
    "app_sintetizada": "2E1FB22DF914464F86CED0F2E94EB70E1105C.JPEG",
    "cantidad_archivos": 1,
    "archivos_fuente": [
      "Pictures/Fototeca de Fotos.photoslibrary/resources/derivatives/2/2E1FB22D-F914-464F-86CE-D0F2E94EB70E_1_105_c.jpeg"
    ],
    "ultima_modificacion": "2025-08-01 01:01:27.702857"
  },
  "208ed360abb74c2385ec78b37235fea21105c.jpeg": {
    "app_sintetizada": "208ED360ABB74C2385EC78B37235FEA21105C.JPEG",
    "cantidad_archivos": 1,
    "archivos_fuente": [
      "Pictures/Fototeca de Fotos.photoslibrary/resources/derivatives/2/208ED360-ABB7-4C23-85EC-78B37235FEA2_1_105_c.jpeg"
    ],
    "ultima_modificacion": "2025-08-01 01:01:27.703288"
  },
  "22d2597ffdcb40f18e7c9f945834a9311105c.jpeg": {
    "app_sintetizada": "22D2597FFDCB40F18E7C9F945834A9311105C.JPEG",
    "cantidad_archivos": 1,
    "archivos_fuente": [
      "Pictures/Fototeca de Fotos.photoslibrary/resources/derivatives/2/22D2597F-FDCB-40F1-8E7C-9F945834A931_1_105_c.jpeg"
    ],
    "ultima_modificacion": "2025-08-01 01:01:27.703711"
  },
  "28930cba4998485a8f51344e6e7373d21105c.jpeg": {
    "app_sintetizada": "28930CBA4998485A8F51344E6E7373D21105C.JPEG",
    "cantidad_archivos": 1,
    "archivos_fuente": [
      "Pictures/Fototeca de Fotos.photoslibrary/resources/derivatives/2/28930CBA-4998-485A-8F51-344E6E7373D2_1_105_c.jpeg"
    ],
    "ultima_modificacion": "2025-08-01 01:01:27.704140"
  },
  "2d002b7c82af423785f85437413d5ab41105c.jpeg": {
    "app_sintetizada": "2D002B7C82AF423785F85437413D5AB41105C.JPEG",
    "cantidad_archivos": 1,
    "archivos_fuente": [
      "Pictures/Fototeca de Fotos.photoslibrary/resources/derivatives/2/2D002B7C-82AF-4237-85F8-5437413D5AB4_1_105_c.jpeg"
    ],
    "ultima_modificacion": "2025-08-01 01:01:27.704539"
  },
  "22e2a583095f4fb1afc85db9d76b3ece1105c.jpeg": {
    "app_sintetizada": "22E2A583095F4FB1AFC85DB9D76B3ECE1105C.JPEG",
    "cantidad_archivos": 1,
    "archivos_fuente": [
      "Pictures/Fototeca de Fotos.photoslibrary/resources/derivatives/2/22E2A583-095F-4FB1-AFC8-5DB9D76B3ECE_1_105_c.jpeg"
    ],
    "ultima_modificacion": "2025-08-01 01:01:27.705580"
  },
  "20063009c8e4465983269d40004eb9761105c.jpeg": {
    "app_sintetizada": "20063009C8E4465983269D40004EB9761105C.JPEG",
    "cantidad_archivos": 1,
    "archivos_fuente": [
      "Pictures/Fototeca de Fotos.photoslibrary/resources/derivatives/2/20063009-C8E4-4659-8326-9D40004EB976_1_105_c.jpeg"
    ],
    "ultima_modificacion": "2025-08-01 01:01:27.706858"
  },
  "2f93d341a00f4c09896ae44cca63a42c1105c.jpeg": {
    "app_sintetizada": "2F93D341A00F4C09896AE44CCA63A42C1105C.JPEG",
    "cantidad_archivos": 1,
    "archivos_fuente": [
      "Pictures/Fototeca de Fotos.photoslibrary/resources/derivatives/2/2F93D341-A00F-4C09-896A-E44CCA63A42C_1_105_c.jpeg"
    ],
    "ultima_modificacion": "2025-08-01 01:01:27.707405"
  },
  "210b001d23d244c0a8501c5f63a97adc1105c.jpeg": {
    "app_sintetizada": "210B001D23D244C0A8501C5F63A97ADC1105C.JPEG",
    "cantidad_archivos": 1,
    "archivos_fuente": [
      "Pictures/Fototeca de Fotos.photoslibrary/resources/derivatives/2/210B001D-23D2-44C0-A850-1C5F63A97ADC_1_105_c.jpeg"
    ],
    "ultima_modificacion": "2025-08-01 01:01:27.707907"
  },
  "21b64f535ca94c6fa36f9d76de37221f1105c.jpeg": {
    "app_sintetizada": "21B64F535CA94C6FA36F9D76DE37221F1105C.JPEG",
    "cantidad_archivos": 1,
    "archivos_fuente": [
      "Pictures/Fototeca de Fotos.photoslibrary/resources/derivatives/2/21B64F53-5CA9-4C6F-A36F-9D76DE37221F_1_105_c.jpeg"
    ],
    "ultima_modificacion": "2025-08-01 01:01:27.708413"
  },
  "2b558c466efd43d7bd8d96fd0ca94e9c1105c.jpeg": {
    "app_sintetizada": "2B558C466EFD43D7BD8D96FD0CA94E9C1105C.JPEG",
    "cantidad_archivos": 1,
    "archivos_fuente": [
      "Pictures/Fototeca de Fotos.photoslibrary/resources/derivatives/2/2B558C46-6EFD-43D7-BD8D-96FD0CA94E9C_1_105_c.jpeg"
    ],
    "ultima_modificacion": "2025-08-01 01:01:27.709418"
  },
  "20bfc5c4cfa041cdb45cfc0d9d36e0201105c.jpeg": {
    "app_sintetizada": "20BFC5C4CFA041CDB45CFC0D9D36E0201105C.JPEG",
    "cantidad_archivos": 1,
    "archivos_fuente": [
      "Pictures/Fototeca de Fotos.photoslibrary/resources/derivatives/2/20BFC5C4-CFA0-41CD-B45C-FC0D9D36E020_1_105_c.jpeg"
    ],
    "ultima_modificacion": "2025-08-01 01:01:27.709873"
  },
  "2a2c68c4a5af422299e7837f793e675d1105c.jpeg": {
    "app_sintetizada": "2A2C68C4A5AF422299E7837F793E675D1105C.JPEG",
    "cantidad_archivos": 1,
    "archivos_fuente": [
      "Pictures/Fototeca de Fotos.photoslibrary/resources/derivatives/2/2A2C68C4-A5AF-4222-99E7-837F793E675D_1_105_c.jpeg"
    ],
    "ultima_modificacion": "2025-08-01 01:01:27.710278"
  },
  "2329fbaa1ddd404885471646d7d0a8e71105c.jpeg": {
    "app_sintetizada": "2329FBAA1DDD404885471646D7D0A8E71105C.JPEG",
    "cantidad_archivos": 1,
    "archivos_fuente": [
      "Pictures/Fototeca de Fotos.photoslibrary/resources/derivatives/2/2329FBAA-1DDD-4048-8547-1646D7D0A8E7_1_105_c.jpeg"
    ],
    "ultima_modificacion": "2025-08-01 01:01:27.710717"
  },
  "2e2d939758574cccb40452f46a2514231105c.jpeg": {
    "app_sintetizada": "2E2D939758574CCCB40452F46A2514231105C.JPEG",
    "cantidad_archivos": 1,
    "archivos_fuente": [
      "Pictures/Fototeca de Fotos.photoslibrary/resources/derivatives/2/2E2D9397-5857-4CCC-B404-52F46A251423_1_105_c.jpeg"
    ],
    "ultima_modificacion": "2025-08-01 01:01:27.711162"
  },
  "2067dd5c9eb2474b8dbf29c2651a51e41105c.jpeg": {
    "app_sintetizada": "2067DD5C9EB2474B8DBF29C2651A51E41105C.JPEG",
    "cantidad_archivos": 1,
    "archivos_fuente": [
      "Pictures/Fototeca de Fotos.photoslibrary/resources/derivatives/2/2067DD5C-9EB2-474B-8DBF-29C2651A51E4_1_105_c.jpeg"
    ],
    "ultima_modificacion": "2025-08-01 01:01:27.711565"
  },
  "2059e4b42a6e40c2b9021ce58c5c6c821105c.jpeg": {
    "app_sintetizada": "2059E4B42A6E40C2B9021CE58C5C6C821105C.JPEG",
    "cantidad_archivos": 1,
    "archivos_fuente": [
      "Pictures/Fototeca de Fotos.photoslibrary/resources/derivatives/2/2059E4B4-2A6E-40C2-B902-1CE58C5C6C82_1_105_c.jpeg"
    ],
    "ultima_modificacion": "2025-08-01 01:01:27.711954"
  },
  "2868762004fe43e7aed6071bdb9993601105c.jpeg": {
    "app_sintetizada": "2868762004FE43E7AED6071BDB9993601105C.JPEG",
    "cantidad_archivos": 1,
    "archivos_fuente": [
      "Pictures/Fototeca de Fotos.photoslibrary/resources/derivatives/2/28687620-04FE-43E7-AED6-071BDB999360_1_105_c.jpeg"
    ],
    "ultima_modificacion": "2025-08-01 01:01:27.712405"
  },
  "2b65567bdcca460faa4c3c206a48aa3b.thm": {
    "app_sintetizada": "2B65567BDCCA460FAA4C3C206A48AA3B.THM",
    "cantidad_archivos": 1,
    "archivos_fuente": [
      "Pictures/Fototeca de Fotos.photoslibrary/resources/derivatives/2/2B65567B-DCCA-460F-AA4C-3C206A48AA3B.THM"
    ],
    "ultima_modificacion": "2025-08-01 01:01:27.712847"
  },
  "2ebf7db007ea43f68f42ad154d23b7591105c.jpeg": {
    "app_sintetizada": "2EBF7DB007EA43F68F42AD154D23B7591105C.JPEG",
    "cantidad_archivos": 1,
    "archivos_fuente": [
      "Pictures/Fototeca de Fotos.photoslibrary/resources/derivatives/2/2EBF7DB0-07EA-43F6-8F42-AD154D23B759_1_105_c.jpeg"
    ],
    "ultima_modificacion": "2025-08-01 01:01:27.713340"
  },
  "2b9deb694df54c68ba7752db23ad0c931105c.jpeg": {
    "app_sintetizada": "2B9DEB694DF54C68BA7752DB23AD0C931105C.JPEG",
    "cantidad_archivos": 1,
    "archivos_fuente": [
      "Pictures/Fototeca de Fotos.photoslibrary/resources/derivatives/2/2B9DEB69-4DF5-4C68-BA77-52DB23AD0C93_1_105_c.jpeg"
    ],
    "ultima_modificacion": "2025-08-01 01:01:27.713730"
  },
  "2384c290488f48ff973757cad3a68ee21105c.jpeg": {
    "app_sintetizada": "2384C290488F48FF973757CAD3A68EE21105C.JPEG",
    "cantidad_archivos": 1,
    "archivos_fuente": [
      "Pictures/Fototeca de Fotos.photoslibrary/resources/derivatives/2/2384C290-488F-48FF-9737-57CAD3A68EE2_1_105_c.jpeg"
    ],
    "ultima_modificacion": "2025-08-01 01:01:27.714028"
  },
  "248d1bec16f54a5d83c7a46720b9c1aa1105c.jpeg": {
    "app_sintetizada": "248D1BEC16F54A5D83C7A46720B9C1AA1105C.JPEG",
    "cantidad_archivos": 1,
    "archivos_fuente": [
      "Pictures/Fototeca de Fotos.photoslibrary/resources/derivatives/2/248D1BEC-16F5-4A5D-83C7-A46720B9C1AA_1_105_c.jpeg"
    ],
    "ultima_modificacion": "2025-08-01 01:01:27.714550"
  },
  "20b8534f8cb641c18c1d85c4f44b88341105c.jpeg": {
    "app_sintetizada": "20B8534F8CB641C18C1D85C4F44B88341105C.JPEG",
    "cantidad_archivos": 1,
    "archivos_fuente": [
      "Pictures/Fototeca de Fotos.photoslibrary/resources/derivatives/2/20B8534F-8CB6-41C1-8C1D-85C4F44B8834_1_105_c.jpeg"
    ],
    "ultima_modificacion": "2025-08-01 01:01:27.715053"
  },
  "2864629042174f07a99ef7af57d239101105c.jpeg": {
    "app_sintetizada": "2864629042174F07A99EF7AF57D239101105C.JPEG",
    "cantidad_archivos": 1,
    "archivos_fuente": [
      "Pictures/Fototeca de Fotos.photoslibrary/resources/derivatives/2/28646290-4217-4F07-A99E-F7AF57D23910_1_105_c.jpeg"
    ],
    "ultima_modificacion": "2025-08-01 01:01:27.715448"
  },
  "2d8828d73e3f4a0d85d830a1b20b39b21105c.jpeg": {
    "app_sintetizada": "2D8828D73E3F4A0D85D830A1B20B39B21105C.JPEG",
    "cantidad_archivos": 1,
    "archivos_fuente": [
      "Pictures/Fototeca de Fotos.photoslibrary/resources/derivatives/2/2D8828D7-3E3F-4A0D-85D8-30A1B20B39B2_1_105_c.jpeg"
    ],
    "ultima_modificacion": "2025-08-01 01:01:27.715795"
  },
  "228e1f7945fa44ec92f43f77b27a99811105c.jpeg": {
    "app_sintetizada": "228E1F7945FA44EC92F43F77B27A99811105C.JPEG",
    "cantidad_archivos": 1,
    "archivos_fuente": [
      "Pictures/Fototeca de Fotos.photoslibrary/resources/derivatives/2/228E1F79-45FA-44EC-92F4-3F77B27A9981_1_105_c.jpeg"
    ],
    "ultima_modificacion": "2025-08-01 01:01:27.716101"
  },
  "29d4ba06a4254341ba00bafb7600d55d1105c.jpeg": {
    "app_sintetizada": "29D4BA06A4254341BA00BAFB7600D55D1105C.JPEG",
    "cantidad_archivos": 1,
    "archivos_fuente": [
      "Pictures/Fototeca de Fotos.photoslibrary/resources/derivatives/2/29D4BA06-A425-4341-BA00-BAFB7600D55D_1_105_c.jpeg"
    ],
    "ultima_modificacion": "2025-08-01 01:01:27.716417"
  },
  "2f897f8f730d40359e0460dbddc93e9c1105c.jpeg": {
    "app_sintetizada": "2F897F8F730D40359E0460DBDDC93E9C1105C.JPEG",
    "cantidad_archivos": 1,
    "archivos_fuente": [
      "Pictures/Fototeca de Fotos.photoslibrary/resources/derivatives/2/2F897F8F-730D-4035-9E04-60DBDDC93E9C_1_105_c.jpeg"
    ],
    "ultima_modificacion": "2025-08-01 01:01:27.716692"
  },
  "27b27fda7ed94156a2c2aeddd7d468da1105c.jpeg": {
    "app_sintetizada": "27B27FDA7ED94156A2C2AEDDD7D468DA1105C.JPEG",
    "cantidad_archivos": 1,
    "archivos_fuente": [
      "Pictures/Fototeca de Fotos.photoslibrary/resources/derivatives/2/27B27FDA-7ED9-4156-A2C2-AEDDD7D468DA_1_105_c.jpeg"
    ],
    "ultima_modificacion": "2025-08-01 01:01:27.717943"
  },
  "267c570838a6408387d25c2aa2c734c21105c.jpeg": {
    "app_sintetizada": "267C570838A6408387D25C2AA2C734C21105C.JPEG",
    "cantidad_archivos": 1,
    "archivos_fuente": [
      "Pictures/Fototeca de Fotos.photoslibrary/resources/derivatives/2/267C5708-38A6-4083-87D2-5C2AA2C734C2_1_105_c.jpeg"
    ],
    "ultima_modificacion": "2025-08-01 01:01:27.718385"
  },
  "2b8bfd9dcea64a61bd56614b39e0c0ab1105c.jpeg": {
    "app_sintetizada": "2B8BFD9DCEA64A61BD56614B39E0C0AB1105C.JPEG",
    "cantidad_archivos": 1,
    "archivos_fuente": [
      "Pictures/Fototeca de Fotos.photoslibrary/resources/derivatives/2/2B8BFD9D-CEA6-4A61-BD56-614B39E0C0AB_1_105_c.jpeg"
    ],
    "ultima_modificacion": "2025-08-01 01:01:27.718691"
  },
  "2750339e2848440887e18a220c48890f1105c.jpeg": {
    "app_sintetizada": "2750339E2848440887E18A220C48890F1105C.JPEG",
    "cantidad_archivos": 1,
    "archivos_fuente": [
      "Pictures/Fototeca de Fotos.photoslibrary/resources/derivatives/2/2750339E-2848-4408-87E1-8A220C48890F_1_105_c.jpeg"
    ],
    "ultima_modificacion": "2025-08-01 01:01:27.718972"
  },
  "217934bbcd7a48228316ce50be24191e1105c.jpeg": {
    "app_sintetizada": "217934BBCD7A48228316CE50BE24191E1105C.JPEG",
    "cantidad_archivos": 1,
    "archivos_fuente": [
      "Pictures/Fototeca de Fotos.photoslibrary/resources/derivatives/2/217934BB-CD7A-4822-8316-CE50BE24191E_1_105_c.jpeg"
    ],
    "ultima_modificacion": "2025-08-01 01:01:27.719219"
  },
  "278ab5dbcdd44fbfa45ed13e003c62bb1105c.jpeg": {
    "app_sintetizada": "278AB5DBCDD44FBFA45ED13E003C62BB1105C.JPEG",
    "cantidad_archivos": 1,
    "archivos_fuente": [
      "Pictures/Fototeca de Fotos.photoslibrary/resources/derivatives/2/278AB5DB-CDD4-4FBF-A45E-D13E003C62BB_1_105_c.jpeg"
    ],
    "ultima_modificacion": "2025-08-01 01:01:27.719482"
  },
  "286c537930674655aeee90e05ec1efc91105c.jpeg": {
    "app_sintetizada": "286C537930674655AEEE90E05EC1EFC91105C.JPEG",
    "cantidad_archivos": 1,
    "archivos_fuente": [
      "Pictures/Fototeca de Fotos.photoslibrary/resources/derivatives/2/286C5379-3067-4655-AEEE-90E05EC1EFC9_1_105_c.jpeg"
    ],
    "ultima_modificacion": "2025-08-01 01:01:27.719725"
  },
  "2892ffff0fe34468928b3c02ce639e521105c.jpeg": {
    "app_sintetizada": "2892FFFF0FE34468928B3C02CE639E521105C.JPEG",
    "cantidad_archivos": 1,
    "archivos_fuente": [
      "Pictures/Fototeca de Fotos.photoslibrary/resources/derivatives/2/2892FFFF-0FE3-4468-928B-3C02CE639E52_1_105_c.jpeg"
    ],
    "ultima_modificacion": "2025-08-01 01:01:27.720088"
  },
  "23fed830b28e45e0a1a1b99cc7665b161105c.jpeg": {
    "app_sintetizada": "23FED830B28E45E0A1A1B99CC7665B161105C.JPEG",
    "cantidad_archivos": 1,
    "archivos_fuente": [
      "Pictures/Fototeca de Fotos.photoslibrary/resources/derivatives/2/23FED830-B28E-45E0-A1A1-B99CC7665B16_1_105_c.jpeg"
    ],
    "ultima_modificacion": "2025-08-01 01:01:27.720505"
  },
  "2e73747b65af4401ba6138d2494a438e1105c.jpeg": {
    "app_sintetizada": "2E73747B65AF4401BA6138D2494A438E1105C.JPEG",
    "cantidad_archivos": 1,
    "archivos_fuente": [
      "Pictures/Fototeca de Fotos.photoslibrary/resources/derivatives/2/2E73747B-65AF-4401-BA61-38D2494A438E_1_105_c.jpeg"
    ],
    "ultima_modificacion": "2025-08-01 01:01:27.720982"
  },
  "2bc7c508a5fe4bbf8bc349c95cdaa2f71105c.jpeg": {
    "app_sintetizada": "2BC7C508A5FE4BBF8BC349C95CDAA2F71105C.JPEG",
    "cantidad_archivos": 1,
    "archivos_fuente": [
      "Pictures/Fototeca de Fotos.photoslibrary/resources/derivatives/2/2BC7C508-A5FE-4BBF-8BC3-49C95CDAA2F7_1_105_c.jpeg"
    ],
    "ultima_modificacion": "2025-08-01 01:01:27.721473"
  },
  "272f902b109f485d918f5d79cf26f68d1105c.jpeg": {
    "app_sintetizada": "272F902B109F485D918F5D79CF26F68D1105C.JPEG",
    "cantidad_archivos": 1,
    "archivos_fuente": [
      "Pictures/Fototeca de Fotos.photoslibrary/resources/derivatives/2/272F902B-109F-485D-918F-5D79CF26F68D_1_105_c.jpeg"
    ],
    "ultima_modificacion": "2025-08-01 01:01:27.722033"
  },
  "2f33b6fd70db4cee831d7a4c148cb0a31105c.jpeg": {
    "app_sintetizada": "2F33B6FD70DB4CEE831D7A4C148CB0A31105C.JPEG",
    "cantidad_archivos": 1,
    "archivos_fuente": [
      "Pictures/Fototeca de Fotos.photoslibrary/resources/derivatives/2/2F33B6FD-70DB-4CEE-831D-7A4C148CB0A3_1_105_c.jpeg"
    ],
    "ultima_modificacion": "2025-08-01 01:01:27.722391"
  },
  "249e2d968d2b48f09f05f3a475a092681105c.jpeg": {
    "app_sintetizada": "249E2D968D2B48F09F05F3A475A092681105C.JPEG",
    "cantidad_archivos": 1,
    "archivos_fuente": [
      "Pictures/Fototeca de Fotos.photoslibrary/resources/derivatives/2/249E2D96-8D2B-48F0-9F05-F3A475A09268_1_105_c.jpeg"
    ],
    "ultima_modificacion": "2025-08-01 01:01:27.722753"
  },
  "21f3039d498b4d449920286cee4eeeb11100o.jpeg": {
    "app_sintetizada": "21F3039D498B4D449920286CEE4EEEB11100O.JPEG",
    "cantidad_archivos": 1,
    "archivos_fuente": [
      "Pictures/Fototeca de Fotos.photoslibrary/resources/derivatives/2/21F3039D-498B-4D44-9920-286CEE4EEEB1_1_100_o.jpeg"
    ],
    "ultima_modificacion": "2025-08-01 01:01:27.723030"
  },
  "2ca092701bfc4135830c1e58563e5fa11105c.jpeg": {
    "app_sintetizada": "2CA092701BFC4135830C1E58563E5FA11105C.JPEG",
    "cantidad_archivos": 1,
    "archivos_fuente": [
      "Pictures/Fototeca de Fotos.photoslibrary/resources/derivatives/2/2CA09270-1BFC-4135-830C-1E58563E5FA1_1_105_c.jpeg"
    ],
    "ultima_modificacion": "2025-08-01 01:01:27.723281"
  },
  "228c4e102b774ff085c5099b429d75201105c.jpeg": {
    "app_sintetizada": "228C4E102B774FF085C5099B429D75201105C.JPEG",
    "cantidad_archivos": 1,
    "archivos_fuente": [
      "Pictures/Fototeca de Fotos.photoslibrary/resources/derivatives/2/228C4E10-2B77-4FF0-85C5-099B429D7520_1_105_c.jpeg"
    ],
    "ultima_modificacion": "2025-08-01 01:01:27.723959"
  },
  "2fa26f14e6cf40899efd7bb369a1e782.thm": {
    "app_sintetizada": "2FA26F14E6CF40899EFD7BB369A1E782.THM",
    "cantidad_archivos": 1,
    "archivos_fuente": [
      "Pictures/Fototeca de Fotos.photoslibrary/resources/derivatives/2/2FA26F14-E6CF-4089-9EFD-7BB369A1E782.THM"
    ],
    "ultima_modificacion": "2025-08-01 01:01:27.724404"
  },
  "2348f95b22034546aacdb1c8a5703e251105c.jpeg": {
    "app_sintetizada": "2348F95B22034546AACDB1C8A5703E251105C.JPEG",
    "cantidad_archivos": 1,
    "archivos_fuente": [
      "Pictures/Fototeca de Fotos.photoslibrary/resources/derivatives/2/2348F95B-2203-4546-AACD-B1C8A5703E25_1_105_c.jpeg"
    ],
    "ultima_modificacion": "2025-08-01 01:01:27.724848"
  },
  "2719c13e5d154d00b62a9706185d73fe.thm": {
    "app_sintetizada": "2719C13E5D154D00B62A9706185D73FE.THM",
    "cantidad_archivos": 1,
    "archivos_fuente": [
      "Pictures/Fototeca de Fotos.photoslibrary/resources/derivatives/2/2719C13E-5D15-4D00-B62A-9706185D73FE.THM"
    ],
    "ultima_modificacion": "2025-08-01 01:01:27.725360"
  },
  "2761734164374f248522b4bf718deac91105c.jpeg": {
    "app_sintetizada": "2761734164374F248522B4BF718DEAC91105C.JPEG",
    "cantidad_archivos": 1,
    "archivos_fuente": [
      "Pictures/Fototeca de Fotos.photoslibrary/resources/derivatives/2/27617341-6437-4F24-8522-B4BF718DEAC9_1_105_c.jpeg"
    ],
    "ultima_modificacion": "2025-08-01 01:01:27.725895"
  },
  "28f9376503ae4b29a1e7f4af7eb53a1d1105c.jpeg": {
    "app_sintetizada": "28F9376503AE4B29A1E7F4AF7EB53A1D1105C.JPEG",
    "cantidad_archivos": 1,
    "archivos_fuente": [
      "Pictures/Fototeca de Fotos.photoslibrary/resources/derivatives/2/28F93765-03AE-4B29-A1E7-F4AF7EB53A1D_1_105_c.jpeg"
    ],
    "ultima_modificacion": "2025-08-01 01:01:27.726367"
  },
  "2e1e09f92d4b46e99af9fdddb58527c51105c.jpeg": {
    "app_sintetizada": "2E1E09F92D4B46E99AF9FDDDB58527C51105C.JPEG",
    "cantidad_archivos": 1,
    "archivos_fuente": [
      "Pictures/Fototeca de Fotos.photoslibrary/resources/derivatives/2/2E1E09F9-2D4B-46E9-9AF9-FDDDB58527C5_1_105_c.jpeg"
    ],
    "ultima_modificacion": "2025-08-01 01:01:27.726794"
  },
  "28f2059aa9534fc38f21bc998fdf0a8b1105c.jpeg": {
    "app_sintetizada": "28F2059AA9534FC38F21BC998FDF0A8B1105C.JPEG",
    "cantidad_archivos": 1,
    "archivos_fuente": [
      "Pictures/Fototeca de Fotos.photoslibrary/resources/derivatives/2/28F2059A-A953-4FC3-8F21-BC998FDF0A8B_1_105_c.jpeg"
    ],
    "ultima_modificacion": "2025-08-01 01:01:27.727296"
  },
  "2ef3b09d4bf44a5fb6e44d2d66a95fc01105c.jpeg": {
    "app_sintetizada": "2EF3B09D4BF44A5FB6E44D2D66A95FC01105C.JPEG",
    "cantidad_archivos": 1,
    "archivos_fuente": [
      "Pictures/Fototeca de Fotos.photoslibrary/resources/derivatives/2/2EF3B09D-4BF4-4A5F-B6E4-4D2D66A95FC0_1_105_c.jpeg"
    ],
    "ultima_modificacion": "2025-08-01 01:01:27.727849"
  },
  "2cedb35f82c94c63b4d5ca51289e34f8.thm": {
    "app_sintetizada": "2CEDB35F82C94C63B4D5CA51289E34F8.THM",
    "cantidad_archivos": 1,
    "archivos_fuente": [
      "Pictures/Fototeca de Fotos.photoslibrary/resources/derivatives/2/2CEDB35F-82C9-4C63-B4D5-CA51289E34F8.THM"
    ],
    "ultima_modificacion": "2025-08-01 01:01:27.728337"
  },
  "25a0b94d2cad45288ff7141002c335261102o.jpeg": {
    "app_sintetizada": "25A0B94D2CAD45288FF7141002C335261102O.JPEG",
    "cantidad_archivos": 1,
    "archivos_fuente": [
      "Pictures/Fototeca de Fotos.photoslibrary/resources/derivatives/2/25A0B94D-2CAD-4528-8FF7-141002C33526_1_102_o.jpeg"
    ],
    "ultima_modificacion": "2025-08-01 01:01:27.728781"
  },
  "239867d6741943a5a5462b05bab1a1c01105c.jpeg": {
    "app_sintetizada": "239867D6741943A5A5462B05BAB1A1C01105C.JPEG",
    "cantidad_archivos": 1,
    "archivos_fuente": [
      "Pictures/Fototeca de Fotos.photoslibrary/resources/derivatives/2/239867D6-7419-43A5-A546-2B05BAB1A1C0_1_105_c.jpeg"
    ],
    "ultima_modificacion": "2025-08-01 01:01:27.729257"
  },
  "2bf9b14bdaca405d888c1954ecddca4d1105c.jpeg": {
    "app_sintetizada": "2BF9B14BDACA405D888C1954ECDDCA4D1105C.JPEG",
    "cantidad_archivos": 1,
    "archivos_fuente": [
      "Pictures/Fototeca de Fotos.photoslibrary/resources/derivatives/2/2BF9B14B-DACA-405D-888C-1954ECDDCA4D_1_105_c.jpeg"
    ],
    "ultima_modificacion": "2025-08-01 01:01:27.729615"
  },
  "23bf0f34df0749dcb0f959d8625c4a5d1105c.jpeg": {
    "app_sintetizada": "23BF0F34DF0749DCB0F959D8625C4A5D1105C.JPEG",
    "cantidad_archivos": 1,
    "archivos_fuente": [
      "Pictures/Fototeca de Fotos.photoslibrary/resources/derivatives/2/23BF0F34-DF07-49DC-B0F9-59D8625C4A5D_1_105_c.jpeg"
    ],
    "ultima_modificacion": "2025-08-01 01:01:27.730165"
  },
  "2eff9078d4554188a2087e96f82d2c3b1105c.jpeg": {
    "app_sintetizada": "2EFF9078D4554188A2087E96F82D2C3B1105C.JPEG",
    "cantidad_archivos": 1,
    "archivos_fuente": [
      "Pictures/Fototeca de Fotos.photoslibrary/resources/derivatives/2/2EFF9078-D455-4188-A208-7E96F82D2C3B_1_105_c.jpeg"
    ],
    "ultima_modificacion": "2025-08-01 01:01:27.730655"
  },
  "23aeba06e01841b69444376b95fa82ef.thm": {
    "app_sintetizada": "23AEBA06E01841B69444376B95FA82EF.THM",
    "cantidad_archivos": 1,
    "archivos_fuente": [
      "Pictures/Fototeca de Fotos.photoslibrary/resources/derivatives/2/23AEBA06-E018-41B6-9444-376B95FA82EF.THM"
    ],
    "ultima_modificacion": "2025-08-01 01:01:27.731126"
  },
  "20e26a1ae2ee492b9432ffdd9dc750f01105c.jpeg": {
    "app_sintetizada": "20E26A1AE2EE492B9432FFDD9DC750F01105C.JPEG",
    "cantidad_archivos": 1,
    "archivos_fuente": [
      "Pictures/Fototeca de Fotos.photoslibrary/resources/derivatives/2/20E26A1A-E2EE-492B-9432-FFDD9DC750F0_1_105_c.jpeg"
    ],
    "ultima_modificacion": "2025-08-01 01:01:27.731620"
  },
  "296aa419a439485ca6e7301b92c1b4a91105c.jpeg": {
    "app_sintetizada": "296AA419A439485CA6E7301B92C1B4A91105C.JPEG",
    "cantidad_archivos": 1,
    "archivos_fuente": [
      "Pictures/Fototeca de Fotos.photoslibrary/resources/derivatives/2/296AA419-A439-485C-A6E7-301B92C1B4A9_1_105_c.jpeg"
    ],
    "ultima_modificacion": "2025-08-01 01:01:27.732073"
  },
  "2049295897824c6299b005b6fb2bb8ea1105c.jpeg": {
    "app_sintetizada": "2049295897824C6299B005B6FB2BB8EA1105C.JPEG",
    "cantidad_archivos": 1,
    "archivos_fuente": [
      "Pictures/Fototeca de Fotos.photoslibrary/resources/derivatives/2/20492958-9782-4C62-99B0-05B6FB2BB8EA_1_105_c.jpeg"
    ],
    "ultima_modificacion": "2025-08-01 01:01:27.732436"
  },
  "25b708d489c74e52b2b25f576d6ad62e1105c.jpeg": {
    "app_sintetizada": "25B708D489C74E52B2B25F576D6AD62E1105C.JPEG",
    "cantidad_archivos": 1,
    "archivos_fuente": [
      "Pictures/Fototeca de Fotos.photoslibrary/resources/derivatives/2/25B708D4-89C7-4E52-B2B2-5F576D6AD62E_1_105_c.jpeg"
    ],
    "ultima_modificacion": "2025-08-01 01:01:27.732757"
  },
  "28565e54480043a2ad8e9c170e77197c1105c.jpeg": {
    "app_sintetizada": "28565E54480043A2AD8E9C170E77197C1105C.JPEG",
    "cantidad_archivos": 1,
    "archivos_fuente": [
      "Pictures/Fototeca de Fotos.photoslibrary/resources/derivatives/2/28565E54-4800-43A2-AD8E-9C170E77197C_1_105_c.jpeg"
    ],
    "ultima_modificacion": "2025-08-01 01:01:27.733065"
  },
  "22d2597ffdcb40f18e7c9f945834a931.thm": {
    "app_sintetizada": "22D2597FFDCB40F18E7C9F945834A931.THM",
    "cantidad_archivos": 1,
    "archivos_fuente": [
      "Pictures/Fototeca de Fotos.photoslibrary/resources/derivatives/2/22D2597F-FDCB-40F1-8E7C-9F945834A931.THM"
    ],
    "ultima_modificacion": "2025-08-01 01:01:27.733482"
  },
  "25ba877bd10049a88292a8d1523fc3e61105c.jpeg": {
    "app_sintetizada": "25BA877BD10049A88292A8D1523FC3E61105C.JPEG",
    "cantidad_archivos": 1,
    "archivos_fuente": [
      "Pictures/Fototeca de Fotos.photoslibrary/resources/derivatives/2/25BA877B-D100-49A8-8292-A8D1523FC3E6_1_105_c.jpeg"
    ],
    "ultima_modificacion": "2025-08-01 01:01:27.733778"
  },
  "2b65517558d644e9aa8b0305b83ad5351105c.jpeg": {
    "app_sintetizada": "2B65517558D644E9AA8B0305B83AD5351105C.JPEG",
    "cantidad_archivos": 1,
    "archivos_fuente": [
      "Pictures/Fototeca de Fotos.photoslibrary/resources/derivatives/2/2B655175-58D6-44E9-AA8B-0305B83AD535_1_105_c.jpeg"
    ],
    "ultima_modificacion": "2025-08-01 01:01:27.734040"
  },
  "2e03a9c4eaa64569bce0a9dda49574e81105c.jpeg": {
    "app_sintetizada": "2E03A9C4EAA64569BCE0A9DDA49574E81105C.JPEG",
    "cantidad_archivos": 1,
    "archivos_fuente": [
      "Pictures/Fototeca de Fotos.photoslibrary/resources/derivatives/2/2E03A9C4-EAA6-4569-BCE0-A9DDA49574E8_1_105_c.jpeg"
    ],
    "ultima_modificacion": "2025-08-01 01:01:27.734301"
  },
  "203ead69dc6d461f87efd8578ca647d71105c.jpeg": {
    "app_sintetizada": "203EAD69DC6D461F87EFD8578CA647D71105C.JPEG",
    "cantidad_archivos": 1,
    "archivos_fuente": [
      "Pictures/Fototeca de Fotos.photoslibrary/resources/derivatives/2/203EAD69-DC6D-461F-87EF-D8578CA647D7_1_105_c.jpeg"
    ],
    "ultima_modificacion": "2025-08-01 01:01:27.734699"
  },
  "2482155bcd384fb296c17c34e52e245f1105c.jpeg": {
    "app_sintetizada": "2482155BCD384FB296C17C34E52E245F1105C.JPEG",
    "cantidad_archivos": 1,
    "archivos_fuente": [
      "Pictures/Fototeca de Fotos.photoslibrary/resources/derivatives/2/2482155B-CD38-4FB2-96C1-7C34E52E245F_1_105_c.jpeg"
    ],
    "ultima_modificacion": "2025-08-01 01:01:27.735076"
  },
  "2fb92c00f128479bbc8081f528c78a771105c.jpeg": {
    "app_sintetizada": "2FB92C00F128479BBC8081F528C78A771105C.JPEG",
    "cantidad_archivos": 1,
    "archivos_fuente": [
      "Pictures/Fototeca de Fotos.photoslibrary/resources/derivatives/2/2FB92C00-F128-479B-BC80-81F528C78A77_1_105_c.jpeg"
    ],
    "ultima_modificacion": "2025-08-01 01:01:27.735390"
  },
  "239030db570d4ebcb022d2903b15840a1105c.jpeg": {
    "app_sintetizada": "239030DB570D4EBCB022D2903B15840A1105C.JPEG",
    "cantidad_archivos": 1,
    "archivos_fuente": [
      "Pictures/Fototeca de Fotos.photoslibrary/resources/derivatives/2/239030DB-570D-4EBC-B022-D2903B15840A_1_105_c.jpeg"
    ],
    "ultima_modificacion": "2025-08-01 01:01:27.735643"
  },
  "24e57d22f71b40e9b93cc7400394ba971105c.jpeg": {
    "app_sintetizada": "24E57D22F71B40E9B93CC7400394BA971105C.JPEG",
    "cantidad_archivos": 1,
    "archivos_fuente": [
      "Pictures/Fototeca de Fotos.photoslibrary/resources/derivatives/2/24E57D22-F71B-40E9-B93C-C7400394BA97_1_105_c.jpeg"
    ],
    "ultima_modificacion": "2025-08-01 01:01:27.735884"
  },
  "2c2602c9606449879acdc12e38909f3d1105c.jpeg": {
    "app_sintetizada": "2C2602C9606449879ACDC12E38909F3D1105C.JPEG",
    "cantidad_archivos": 1,
    "archivos_fuente": [
      "Pictures/Fototeca de Fotos.photoslibrary/resources/derivatives/2/2C2602C9-6064-4987-9ACD-C12E38909F3D_1_105_c.jpeg"
    ],
    "ultima_modificacion": "2025-08-01 01:01:27.736139"
  },
  "22e5b36df6b6455fb0634206e81713f91105c.jpeg": {
    "app_sintetizada": "22E5B36DF6B6455FB0634206E81713F91105C.JPEG",
    "cantidad_archivos": 1,
    "archivos_fuente": [
      "Pictures/Fototeca de Fotos.photoslibrary/resources/derivatives/2/22E5B36D-F6B6-455F-B063-4206E81713F9_1_105_c.jpeg"
    ],
    "ultima_modificacion": "2025-08-01 01:01:27.736538"
  },
  "2c2567e6a95c4fc4a50485729f8b753a1105c.jpeg": {
    "app_sintetizada": "2C2567E6A95C4FC4A50485729F8B753A1105C.JPEG",
    "cantidad_archivos": 1,
    "archivos_fuente": [
      "Pictures/Fototeca de Fotos.photoslibrary/resources/derivatives/2/2C2567E6-A95C-4FC4-A504-85729F8B753A_1_105_c.jpeg"
    ],
    "ultima_modificacion": "2025-08-01 01:01:27.736965"
  },
  "20ceb71d6a4a4f158fe74e52fae00599.thm": {
    "app_sintetizada": "20CEB71D6A4A4F158FE74E52FAE00599.THM",
    "cantidad_archivos": 1,
    "archivos_fuente": [
      "Pictures/Fototeca de Fotos.photoslibrary/resources/derivatives/2/20CEB71D-6A4A-4F15-8FE7-4E52FAE00599.THM"
    ],
    "ultima_modificacion": "2025-08-01 01:01:27.737390"
  },
  "250f999bae94417181ec153a2751c7a41105c.jpeg": {
    "app_sintetizada": "250F999BAE94417181EC153A2751C7A41105C.JPEG",
    "cantidad_archivos": 1,
    "archivos_fuente": [
      "Pictures/Fototeca de Fotos.photoslibrary/resources/derivatives/2/250F999B-AE94-4171-81EC-153A2751C7A4_1_105_c.jpeg"
    ],
    "ultima_modificacion": "2025-08-01 01:01:27.737957"
  },
  "2dc857ad278148a1b13ff111dc87ffae1100o.jpeg": {
    "app_sintetizada": "2DC857AD278148A1B13FF111DC87FFAE1100O.JPEG",
    "cantidad_archivos": 1,
    "archivos_fuente": [
      "Pictures/Fototeca de Fotos.photoslibrary/resources/derivatives/2/2DC857AD-2781-48A1-B13F-F111DC87FFAE_1_100_o.jpeg"
    ],
    "ultima_modificacion": "2025-08-01 01:01:27.739151"
  },
  "205ac16cb26d4d14ac0be1b25787ce87.thm": {
    "app_sintetizada": "205AC16CB26D4D14AC0BE1B25787CE87.THM",
    "cantidad_archivos": 1,
    "archivos_fuente": [
      "Pictures/Fototeca de Fotos.photoslibrary/resources/derivatives/2/205AC16C-B26D-4D14-AC0B-E1B25787CE87.THM"
    ],
    "ultima_modificacion": "2025-08-01 01:01:27.739559"
  },
  "26ed0ccd5ce641ae9d07c1a0c76aaedf1105c.jpeg": {
    "app_sintetizada": "26ED0CCD5CE641AE9D07C1A0C76AAEDF1105C.JPEG",
    "cantidad_archivos": 1,
    "archivos_fuente": [
      "Pictures/Fototeca de Fotos.photoslibrary/resources/derivatives/2/26ED0CCD-5CE6-41AE-9D07-C1A0C76AAEDF_1_105_c.jpeg"
    ],
    "ultima_modificacion": "2025-08-01 01:01:27.739920"
  },
  "2acd167013b44e19b2a6e8cfd17b45881105c.jpeg": {
    "app_sintetizada": "2ACD167013B44E19B2A6E8CFD17B45881105C.JPEG",
    "cantidad_archivos": 1,
    "archivos_fuente": [
      "Pictures/Fototeca de Fotos.photoslibrary/resources/derivatives/2/2ACD1670-13B4-4E19-B2A6-E8CFD17B4588_1_105_c.jpeg"
    ],
    "ultima_modificacion": "2025-08-01 01:01:27.740311"
  },
  "23e2d25fa04244ba8484ab6063c5eee41105c.jpeg": {
    "app_sintetizada": "23E2D25FA04244BA8484AB6063C5EEE41105C.JPEG",
    "cantidad_archivos": 1,
    "archivos_fuente": [
      "Pictures/Fototeca de Fotos.photoslibrary/resources/derivatives/2/23E2D25F-A042-44BA-8484-AB6063C5EEE4_1_105_c.jpeg"
    ],
    "ultima_modificacion": "2025-08-01 01:01:27.740762"
  },
  "20eb53c0255e45cebc6397d4525534401105c.jpeg": {
    "app_sintetizada": "20EB53C0255E45CEBC6397D4525534401105C.JPEG",
    "cantidad_archivos": 1,
    "archivos_fuente": [
      "Pictures/Fototeca de Fotos.photoslibrary/resources/derivatives/2/20EB53C0-255E-45CE-BC63-97D452553440_1_105_c.jpeg"
    ],
    "ultima_modificacion": "2025-08-01 01:01:27.744285"
  },
  "248926000ebe4a62999a629df40cef1f1105c.jpeg": {
    "app_sintetizada": "248926000EBE4A62999A629DF40CEF1F1105C.JPEG",
    "cantidad_archivos": 1,
    "archivos_fuente": [
      "Pictures/Fototeca de Fotos.photoslibrary/resources/derivatives/2/24892600-0EBE-4A62-999A-629DF40CEF1F_1_105_c.jpeg"
    ],
    "ultima_modificacion": "2025-08-01 01:01:27.744798"
  },
  "2a49ee50852e4f95bdf60062c0b958eb.thm": {
    "app_sintetizada": "2A49EE50852E4F95BDF60062C0B958EB.THM",
    "cantidad_archivos": 1,
    "archivos_fuente": [
      "Pictures/Fototeca de Fotos.photoslibrary/resources/derivatives/2/2A49EE50-852E-4F95-BDF6-0062C0B958EB.THM"
    ],
    "ultima_modificacion": "2025-08-01 01:01:27.750450"
  },
  "27bbf477ff5c42ab9a715379f811ada1.thm": {
    "app_sintetizada": "27BBF477FF5C42AB9A715379F811ADA1.THM",
    "cantidad_archivos": 1,
    "archivos_fuente": [
      "Pictures/Fototeca de Fotos.photoslibrary/resources/derivatives/2/27BBF477-FF5C-42AB-9A71-5379F811ADA1.THM"
    ],
    "ultima_modificacion": "2025-08-01 01:01:27.750974"
  },
  "2470dc06f7fb43328d42471a3bae60e01105c.jpeg": {
    "app_sintetizada": "2470DC06F7FB43328D42471A3BAE60E01105C.JPEG",
    "cantidad_archivos": 1,
    "archivos_fuente": [
      "Pictures/Fototeca de Fotos.photoslibrary/resources/derivatives/2/2470DC06-F7FB-4332-8D42-471A3BAE60E0_1_105_c.jpeg"
    ],
    "ultima_modificacion": "2025-08-01 01:01:27.751436"
  },
  "2e8d4b08adb74f84ae62ddaeb53891201105c.jpeg": {
    "app_sintetizada": "2E8D4B08ADB74F84AE62DDAEB53891201105C.JPEG",
    "cantidad_archivos": 1,
    "archivos_fuente": [
      "Pictures/Fototeca de Fotos.photoslibrary/resources/derivatives/2/2E8D4B08-ADB7-4F84-AE62-DDAEB5389120_1_105_c.jpeg"
    ],
    "ultima_modificacion": "2025-08-01 01:01:27.751898"
  },
  "2f1357c038e14f2db8ce5165fb46c7a11105c.jpeg": {
    "app_sintetizada": "2F1357C038E14F2DB8CE5165FB46C7A11105C.JPEG",
    "cantidad_archivos": 1,
    "archivos_fuente": [
      "Pictures/Fototeca de Fotos.photoslibrary/resources/derivatives/2/2F1357C0-38E1-4F2D-B8CE-5165FB46C7A1_1_105_c.jpeg"
    ],
    "ultima_modificacion": "2025-08-01 01:01:27.752455"
  },
  "27a67afec7fd46ffaa4e60ede369ff761105c.jpeg": {
    "app_sintetizada": "27A67AFEC7FD46FFAA4E60EDE369FF761105C.JPEG",
    "cantidad_archivos": 1,
    "archivos_fuente": [
      "Pictures/Fototeca de Fotos.photoslibrary/resources/derivatives/2/27A67AFE-C7FD-46FF-AA4E-60EDE369FF76_1_105_c.jpeg"
    ],
    "ultima_modificacion": "2025-08-01 01:01:27.752953"
  },
  "27d3daa2c1c449aeb0966575325f92da1105c.jpeg": {
    "app_sintetizada": "27D3DAA2C1C449AEB0966575325F92DA1105C.JPEG",
    "cantidad_archivos": 1,
    "archivos_fuente": [
      "Pictures/Fototeca de Fotos.photoslibrary/resources/derivatives/2/27D3DAA2-C1C4-49AE-B096-6575325F92DA_1_105_c.jpeg"
    ],
    "ultima_modificacion": "2025-08-01 01:01:27.753285"
  },
  "226078cfb24449b991b8039772f5cb361105c.jpeg": {
    "app_sintetizada": "226078CFB24449B991B8039772F5CB361105C.JPEG",
    "cantidad_archivos": 1,
    "archivos_fuente": [
      "Pictures/Fototeca de Fotos.photoslibrary/resources/derivatives/2/226078CF-B244-49B9-91B8-039772F5CB36_1_105_c.jpeg"
    ],
    "ultima_modificacion": "2025-08-01 01:01:27.753647"
  },
  "248ce997c035479baf14160d151312c31105c.jpeg": {
    "app_sintetizada": "248CE997C035479BAF14160D151312C31105C.JPEG",
    "cantidad_archivos": 1,
    "archivos_fuente": [
      "Pictures/Fototeca de Fotos.photoslibrary/resources/derivatives/2/248CE997-C035-479B-AF14-160D151312C3_1_105_c.jpeg"
    ],
    "ultima_modificacion": "2025-08-01 01:01:27.754863"
  }
}