{
  "3a2edc33a2ff42cba424c3bdfebb060d1105c.jpeg": {
    "app_sintetizada": "3A2EDC33A2FF42CBA424C3BDFEBB060D1105C.JPEG",
    "cantidad_archivos": 1,
    "archivos_fuente": [
      "Pictures/Fototeca de Fotos.photoslibrary/resources/derivatives/3/3A2EDC33-A2FF-42CB-A424-C3BDFEBB060D_1_105_c.jpeg"
    ],
    "ultima_modificacion": "2025-08-01 01:01:24.346335"
  },
  "34be92a07d06492ba8397eb046db30d81105c.jpeg": {
    "app_sintetizada": "34BE92A07D06492BA8397EB046DB30D81105C.JPEG",
    "cantidad_archivos": 1,
    "archivos_fuente": [
      "Pictures/Fototeca de Fotos.photoslibrary/resources/derivatives/3/34BE92A0-7D06-492B-A839-7EB046DB30D8_1_105_c.jpeg"
    ],
    "ultima_modificacion": "2025-08-01 01:01:24.346675"
  },
  "3d8b5941034244d6b0a2f10f853c08a81105c.jpeg": {
    "app_sintetizada": "3D8B5941034244D6B0A2F10F853C08A81105C.JPEG",
    "cantidad_archivos": 1,
    "archivos_fuente": [
      "Pictures/Fototeca de Fotos.photoslibrary/resources/derivatives/3/3D8B5941-0342-44D6-B0A2-F10F853C08A8_1_105_c.jpeg"
    ],
    "ultima_modificacion": "2025-08-01 01:01:24.347094"
  },
  "312a8475d0d1468fb7c454f537a64c7b1105c.jpeg": {
    "app_sintetizada": "312A8475D0D1468FB7C454F537A64C7B1105C.JPEG",
    "cantidad_archivos": 1,
    "archivos_fuente": [
      "Pictures/Fototeca de Fotos.photoslibrary/resources/derivatives/3/312A8475-D0D1-468F-B7C4-54F537A64C7B_1_105_c.jpeg"
    ],
    "ultima_modificacion": "2025-08-01 01:01:24.347442"
  },
  "3a01c144daf04b02afdef5ea8c076da31105c.jpeg": {
    "app_sintetizada": "3A01C144DAF04B02AFDEF5EA8C076DA31105C.JPEG",
    "cantidad_archivos": 1,
    "archivos_fuente": [
      "Pictures/Fototeca de Fotos.photoslibrary/resources/derivatives/3/3A01C144-DAF0-4B02-AFDE-F5EA8C076DA3_1_105_c.jpeg"
    ],
    "ultima_modificacion": "2025-08-01 01:01:24.347813"
  },
  "3b9d6834a55344b9823c6d4d6c0146b41105c.jpeg": {
    "app_sintetizada": "3B9D6834A55344B9823C6D4D6C0146B41105C.JPEG",
    "cantidad_archivos": 1,
    "archivos_fuente": [
      "Pictures/Fototeca de Fotos.photoslibrary/resources/derivatives/3/3B9D6834-A553-44B9-823C-6D4D6C0146B4_1_105_c.jpeg"
    ],
    "ultima_modificacion": "2025-08-01 01:01:24.348220"
  },
  "3712bcf08d014cc1a0424785752141271105c.jpeg": {
    "app_sintetizada": "3712BCF08D014CC1A0424785752141271105C.JPEG",
    "cantidad_archivos": 1,
    "archivos_fuente": [
      "Pictures/Fototeca de Fotos.photoslibrary/resources/derivatives/3/3712BCF0-8D01-4CC1-A042-478575214127_1_105_c.jpeg"
    ],
    "ultima_modificacion": "2025-08-01 01:01:24.348644"
  },
  "35eb3cccf59c41bc8be0f86f9ddb12e81105c.jpeg": {
    "app_sintetizada": "35EB3CCCF59C41BC8BE0F86F9DDB12E81105C.JPEG",
    "cantidad_archivos": 1,
    "archivos_fuente": [
      "Pictures/Fototeca de Fotos.photoslibrary/resources/derivatives/3/35EB3CCC-F59C-41BC-8BE0-F86F9DDB12E8_1_105_c.jpeg"
    ],
    "ultima_modificacion": "2025-08-01 01:01:24.349080"
  },
  "39b36e065ac94e49a3e9bd6e63ef78621105c.jpeg": {
    "app_sintetizada": "39B36E065AC94E49A3E9BD6E63EF78621105C.JPEG",
    "cantidad_archivos": 1,
    "archivos_fuente": [
      "Pictures/Fototeca de Fotos.photoslibrary/resources/derivatives/3/39B36E06-5AC9-4E49-A3E9-BD6E63EF7862_1_105_c.jpeg"
    ],
    "ultima_modificacion": "2025-08-01 01:01:24.349469"
  },
  "3bcaa3e0141847839286d7def34813931105c.jpeg": {
    "app_sintetizada": "3BCAA3E0141847839286D7DEF34813931105C.JPEG",
    "cantidad_archivos": 1,
    "archivos_fuente": [
      "Pictures/Fototeca de Fotos.photoslibrary/resources/derivatives/3/3BCAA3E0-1418-4783-9286-D7DEF3481393_1_105_c.jpeg"
    ],
    "ultima_modificacion": "2025-08-01 01:01:24.349851"
  },
  "3777600135904b008d5673875d12351c1105c.jpeg": {
    "app_sintetizada": "3777600135904B008D5673875D12351C1105C.JPEG",
    "cantidad_archivos": 1,
    "archivos_fuente": [
      "Pictures/Fototeca de Fotos.photoslibrary/resources/derivatives/3/37776001-3590-4B00-8D56-73875D12351C_1_105_c.jpeg"
    ],
    "ultima_modificacion": "2025-08-01 01:01:24.350207"
  },
  "3626c6415ce34c7a89c0df34b789b5b31105c.jpeg": {
    "app_sintetizada": "3626C6415CE34C7A89C0DF34B789B5B31105C.JPEG",
    "cantidad_archivos": 1,
    "archivos_fuente": [
      "Pictures/Fototeca de Fotos.photoslibrary/resources/derivatives/3/3626C641-5CE3-4C7A-89C0-DF34B789B5B3_1_105_c.jpeg"
    ],
    "ultima_modificacion": "2025-08-01 01:01:24.350622"
  },
  "36d6859d1fd145a09989df848f292a121105c.jpeg": {
    "app_sintetizada": "36D6859D1FD145A09989DF848F292A121105C.JPEG",
    "cantidad_archivos": 1,
    "archivos_fuente": [
      "Pictures/Fototeca de Fotos.photoslibrary/resources/derivatives/3/36D6859D-1FD1-45A0-9989-DF848F292A12_1_105_c.jpeg"
    ],
    "ultima_modificacion": "2025-08-01 01:01:24.350989"
  },
  "354e9895e91743c591bc1ffda289555b1105c.jpeg": {
    "app_sintetizada": "354E9895E91743C591BC1FFDA289555B1105C.JPEG",
    "cantidad_archivos": 1,
    "archivos_fuente": [
      "Pictures/Fototeca de Fotos.photoslibrary/resources/derivatives/3/354E9895-E917-43C5-91BC-1FFDA289555B_1_105_c.jpeg"
    ],
    "ultima_modificacion": "2025-08-01 01:01:24.351342"
  },
  "3425cd394a7f4247af155e924ec0362b1105c.jpeg": {
    "app_sintetizada": "3425CD394A7F4247AF155E924EC0362B1105C.JPEG",
    "cantidad_archivos": 1,
    "archivos_fuente": [
      "Pictures/Fototeca de Fotos.photoslibrary/resources/derivatives/3/3425CD39-4A7F-4247-AF15-5E924EC0362B_1_105_c.jpeg"
    ],
    "ultima_modificacion": "2025-08-01 01:01:24.351683"
  },
  "3e34f3b71faa48d5ba33eddbc9ff1f5b1105c.jpeg": {
    "app_sintetizada": "3E34F3B71FAA48D5BA33EDDBC9FF1F5B1105C.JPEG",
    "cantidad_archivos": 1,
    "archivos_fuente": [
      "Pictures/Fototeca de Fotos.photoslibrary/resources/derivatives/3/3E34F3B7-1FAA-48D5-BA33-EDDBC9FF1F5B_1_105_c.jpeg"
    ],
    "ultima_modificacion": "2025-08-01 01:01:24.352019"
  },
  "3e91a9c1ca144b0e97f573251a25ca671105c.jpeg": {
    "app_sintetizada": "3E91A9C1CA144B0E97F573251A25CA671105C.JPEG",
    "cantidad_archivos": 1,
    "archivos_fuente": [
      "Pictures/Fototeca de Fotos.photoslibrary/resources/derivatives/3/3E91A9C1-CA14-4B0E-97F5-73251A25CA67_1_105_c.jpeg"
    ],
    "ultima_modificacion": "2025-08-01 01:01:24.352354"
  },
  "3e54b556d4964a70842d94cbdf45e1e01105c.jpeg": {
    "app_sintetizada": "3E54B556D4964A70842D94CBDF45E1E01105C.JPEG",
    "cantidad_archivos": 1,
    "archivos_fuente": [
      "Pictures/Fototeca de Fotos.photoslibrary/resources/derivatives/3/3E54B556-D496-4A70-842D-94CBDF45E1E0_1_105_c.jpeg"
    ],
    "ultima_modificacion": "2025-08-01 01:01:24.352686"
  },
  "3f3210a7a1a3465a95eeaefab317a84b1105c.jpeg": {
    "app_sintetizada": "3F3210A7A1A3465A95EEAEFAB317A84B1105C.JPEG",
    "cantidad_archivos": 1,
    "archivos_fuente": [
      "Pictures/Fototeca de Fotos.photoslibrary/resources/derivatives/3/3F3210A7-A1A3-465A-95EE-AEFAB317A84B_1_105_c.jpeg"
    ],
    "ultima_modificacion": "2025-08-01 01:01:24.353006"
  },
  "375ffaf1eac244f1be5755686932aa421105c.jpeg": {
    "app_sintetizada": "375FFAF1EAC244F1BE5755686932AA421105C.JPEG",
    "cantidad_archivos": 1,
    "archivos_fuente": [
      "Pictures/Fototeca de Fotos.photoslibrary/resources/derivatives/3/375FFAF1-EAC2-44F1-BE57-55686932AA42_1_105_c.jpeg"
    ],
    "ultima_modificacion": "2025-08-01 01:01:24.353308"
  },
  "38ce097287034fd68af34988943b59121105c.jpeg": {
    "app_sintetizada": "38CE097287034FD68AF34988943B59121105C.JPEG",
    "cantidad_archivos": 1,
    "archivos_fuente": [
      "Pictures/Fototeca de Fotos.photoslibrary/resources/derivatives/3/38CE0972-8703-4FD6-8AF3-4988943B5912_1_105_c.jpeg"
    ],
    "ultima_modificacion": "2025-08-01 01:01:24.353651"
  },
  "3243cb5b73b8428b80da2c07d9480e661105c.jpeg": {
    "app_sintetizada": "3243CB5B73B8428B80DA2C07D9480E661105C.JPEG",
    "cantidad_archivos": 1,
    "archivos_fuente": [
      "Pictures/Fototeca de Fotos.photoslibrary/resources/derivatives/3/3243CB5B-73B8-428B-80DA-2C07D9480E66_1_105_c.jpeg"
    ],
    "ultima_modificacion": "2025-08-01 01:01:24.354050"
  },
  "354b92aa34644d0da6b15763cda0e1c21105c.jpeg": {
    "app_sintetizada": "354B92AA34644D0DA6B15763CDA0E1C21105C.JPEG",
    "cantidad_archivos": 1,
    "archivos_fuente": [
      "Pictures/Fototeca de Fotos.photoslibrary/resources/derivatives/3/354B92AA-3464-4D0D-A6B1-5763CDA0E1C2_1_105_c.jpeg"
    ],
    "ultima_modificacion": "2025-08-01 01:01:24.354401"
  },
  "3b869860da4a4256affdf08f03c110f71105c.jpeg": {
    "app_sintetizada": "3B869860DA4A4256AFFDF08F03C110F71105C.JPEG",
    "cantidad_archivos": 1,
    "archivos_fuente": [
      "Pictures/Fototeca de Fotos.photoslibrary/resources/derivatives/3/3B869860-DA4A-4256-AFFD-F08F03C110F7_1_105_c.jpeg"
    ],
    "ultima_modificacion": "2025-08-01 01:01:24.354743"
  },
  "3cf56bc27bce42728c2dd9c6077fc4861105c.jpeg": {
    "app_sintetizada": "3CF56BC27BCE42728C2DD9C6077FC4861105C.JPEG",
    "cantidad_archivos": 1,
    "archivos_fuente": [
      "Pictures/Fototeca de Fotos.photoslibrary/resources/derivatives/3/3CF56BC2-7BCE-4272-8C2D-D9C6077FC486_1_105_c.jpeg"
    ],
    "ultima_modificacion": "2025-08-01 01:01:24.355073"
  },
  "3020ae30c79047ff9105071e5cf2956e1105c.jpeg": {
    "app_sintetizada": "3020AE30C79047FF9105071E5CF2956E1105C.JPEG",
    "cantidad_archivos": 1,
    "archivos_fuente": [
      "Pictures/Fototeca de Fotos.photoslibrary/resources/derivatives/3/3020AE30-C790-47FF-9105-071E5CF2956E_1_105_c.jpeg"
    ],
    "ultima_modificacion": "2025-08-01 01:01:24.355399"
  },
  "31b65803fbac4afe9c64d56b61bcdc651105c.jpeg": {
    "app_sintetizada": "31B65803FBAC4AFE9C64D56B61BCDC651105C.JPEG",
    "cantidad_archivos": 1,
    "archivos_fuente": [
      "Pictures/Fototeca de Fotos.photoslibrary/resources/derivatives/3/31B65803-FBAC-4AFE-9C64-D56B61BCDC65_1_105_c.jpeg"
    ],
    "ultima_modificacion": "2025-08-01 01:01:24.355754"
  },
  "37fea1f9c9dc4cd9b6572844fb18d37e1105c.jpeg": {
    "app_sintetizada": "37FEA1F9C9DC4CD9B6572844FB18D37E1105C.JPEG",
    "cantidad_archivos": 1,
    "archivos_fuente": [
      "Pictures/Fototeca de Fotos.photoslibrary/resources/derivatives/3/37FEA1F9-C9DC-4CD9-B657-2844FB18D37E_1_105_c.jpeg"
    ],
    "ultima_modificacion": "2025-08-01 01:01:24.356085"
  },
  "34769db5580243768136aa894afe89141105c.jpeg": {
    "app_sintetizada": "34769DB5580243768136AA894AFE89141105C.JPEG",
    "cantidad_archivos": 1,
    "archivos_fuente": [
      "Pictures/Fototeca de Fotos.photoslibrary/resources/derivatives/3/34769DB5-5802-4376-8136-AA894AFE8914_1_105_c.jpeg"
    ],
    "ultima_modificacion": "2025-08-01 01:01:24.356424"
  },
  "3682157265c845379aefc72256910a881105c.jpeg": {
    "app_sintetizada": "3682157265C845379AEFC72256910A881105C.JPEG",
    "cantidad_archivos": 1,
    "archivos_fuente": [
      "Pictures/Fototeca de Fotos.photoslibrary/resources/derivatives/3/36821572-65C8-4537-9AEF-C72256910A88_1_105_c.jpeg"
    ],
    "ultima_modificacion": "2025-08-01 01:01:24.356755"
  },
  "3eed3bee2a02415789540a8ab144701a1105c.jpeg": {
    "app_sintetizada": "3EED3BEE2A02415789540A8AB144701A1105C.JPEG",
    "cantidad_archivos": 1,
    "archivos_fuente": [
      "Pictures/Fototeca de Fotos.photoslibrary/resources/derivatives/3/3EED3BEE-2A02-4157-8954-0A8AB144701A_1_105_c.jpeg"
    ],
    "ultima_modificacion": "2025-08-01 01:01:24.357083"
  },
  "3fdba308a9474dc7a71e52f0382e55261105c.jpeg": {
    "app_sintetizada": "3FDBA308A9474DC7A71E52F0382E55261105C.JPEG",
    "cantidad_archivos": 1,
    "archivos_fuente": [
      "Pictures/Fototeca de Fotos.photoslibrary/resources/derivatives/3/3FDBA308-A947-4DC7-A71E-52F0382E5526_1_105_c.jpeg"
    ],
    "ultima_modificacion": "2025-08-01 01:01:24.357440"
  },
  "35f55f95419c41d2a50160ba9baa75f11105c.jpeg": {
    "app_sintetizada": "35F55F95419C41D2A50160BA9BAA75F11105C.JPEG",
    "cantidad_archivos": 1,
    "archivos_fuente": [
      "Pictures/Fototeca de Fotos.photoslibrary/resources/derivatives/3/35F55F95-419C-41D2-A501-60BA9BAA75F1_1_105_c.jpeg"
    ],
    "ultima_modificacion": "2025-08-01 01:01:24.357786"
  },
  "34ad73fb1e1e4015802e633c228a39221105c.jpeg": {
    "app_sintetizada": "34AD73FB1E1E4015802E633C228A39221105C.JPEG",
    "cantidad_archivos": 1,
    "archivos_fuente": [
      "Pictures/Fototeca de Fotos.photoslibrary/resources/derivatives/3/34AD73FB-1E1E-4015-802E-633C228A3922_1_105_c.jpeg"
    ],
    "ultima_modificacion": "2025-08-01 01:01:24.358173"
  },
  "39bddcce2b0540e59773b5db67df32461105c.jpeg": {
    "app_sintetizada": "39BDDCCE2B0540E59773B5DB67DF32461105C.JPEG",
    "cantidad_archivos": 1,
    "archivos_fuente": [
      "Pictures/Fototeca de Fotos.photoslibrary/resources/derivatives/3/39BDDCCE-2B05-40E5-9773-B5DB67DF3246_1_105_c.jpeg"
    ],
    "ultima_modificacion": "2025-08-01 01:01:24.358524"
  },
  "3fb727d1871b46ee830ed81e769a50811105c.jpeg": {
    "app_sintetizada": "3FB727D1871B46EE830ED81E769A50811105C.JPEG",
    "cantidad_archivos": 1,
    "archivos_fuente": [
      "Pictures/Fototeca de Fotos.photoslibrary/resources/derivatives/3/3FB727D1-871B-46EE-830E-D81E769A5081_1_105_c.jpeg"
    ],
    "ultima_modificacion": "2025-08-01 01:01:24.358875"
  },
  "35b5c36981df4efda01c79b89a66c4831105c.jpeg": {
    "app_sintetizada": "35B5C36981DF4EFDA01C79B89A66C4831105C.JPEG",
    "cantidad_archivos": 1,
    "archivos_fuente": [
      "Pictures/Fototeca de Fotos.photoslibrary/resources/derivatives/3/35B5C369-81DF-4EFD-A01C-79B89A66C483_1_105_c.jpeg"
    ],
    "ultima_modificacion": "2025-08-01 01:01:24.359222"
  },
  "3e4f094d0df346f39c69923fbd9ff1471105c.jpeg": {
    "app_sintetizada": "3E4F094D0DF346F39C69923FBD9FF1471105C.JPEG",
    "cantidad_archivos": 1,
    "archivos_fuente": [
      "Pictures/Fototeca de Fotos.photoslibrary/resources/derivatives/3/3E4F094D-0DF3-46F3-9C69-923FBD9FF147_1_105_c.jpeg"
    ],
    "ultima_modificacion": "2025-08-01 01:01:24.359550"
  },
  "31775e1486bc4728a27b55613812cf331105c.jpeg": {
    "app_sintetizada": "31775E1486BC4728A27B55613812CF331105C.JPEG",
    "cantidad_archivos": 1,
    "archivos_fuente": [
      "Pictures/Fototeca de Fotos.photoslibrary/resources/derivatives/3/31775E14-86BC-4728-A27B-55613812CF33_1_105_c.jpeg"
    ],
    "ultima_modificacion": "2025-08-01 01:01:24.359937"
  },
  "394bd4fe9c0447a888bda81621e54649.thm": {
    "app_sintetizada": "394BD4FE9C0447A888BDA81621E54649.THM",
    "cantidad_archivos": 1,
    "archivos_fuente": [
      "Pictures/Fototeca de Fotos.photoslibrary/resources/derivatives/3/394BD4FE-9C04-47A8-88BD-A81621E54649.THM"
    ],
    "ultima_modificacion": "2025-08-01 01:01:24.360296"
  },
  "366f63eeb6af449bb718dc390ac33dc91105c.jpeg": {
    "app_sintetizada": "366F63EEB6AF449BB718DC390AC33DC91105C.JPEG",
    "cantidad_archivos": 1,
    "archivos_fuente": [
      "Pictures/Fototeca de Fotos.photoslibrary/resources/derivatives/3/366F63EE-B6AF-449B-B718-DC390AC33DC9_1_105_c.jpeg"
    ],
    "ultima_modificacion": "2025-08-01 01:01:24.360650"
  },
  "3e45c231daba4f54acdae57fed9dce3a1105c.jpeg": {
    "app_sintetizada": "3E45C231DABA4F54ACDAE57FED9DCE3A1105C.JPEG",
    "cantidad_archivos": 1,
    "archivos_fuente": [
      "Pictures/Fototeca de Fotos.photoslibrary/resources/derivatives/3/3E45C231-DABA-4F54-ACDA-E57FED9DCE3A_1_105_c.jpeg"
    ],
    "ultima_modificacion": "2025-08-01 01:01:24.360981"
  },
  "3780db721025437f915f57dc8612dec91105c.jpeg": {
    "app_sintetizada": "3780DB721025437F915F57DC8612DEC91105C.JPEG",
    "cantidad_archivos": 1,
    "archivos_fuente": [
      "Pictures/Fototeca de Fotos.photoslibrary/resources/derivatives/3/3780DB72-1025-437F-915F-57DC8612DEC9_1_105_c.jpeg"
    ],
    "ultima_modificacion": "2025-08-01 01:01:24.361354"
  },
  "3bfdb14fda4f45679efb2f7ef17819d31105c.jpeg": {
    "app_sintetizada": "3BFDB14FDA4F45679EFB2F7EF17819D31105C.JPEG",
    "cantidad_archivos": 1,
    "archivos_fuente": [
      "Pictures/Fototeca de Fotos.photoslibrary/resources/derivatives/3/3BFDB14F-DA4F-4567-9EFB-2F7EF17819D3_1_105_c.jpeg"
    ],
    "ultima_modificacion": "2025-08-01 01:01:24.361770"
  },
  "313cb2f6881b484fb00844c2aa23549d1105c.jpeg": {
    "app_sintetizada": "313CB2F6881B484FB00844C2AA23549D1105C.JPEG",
    "cantidad_archivos": 1,
    "archivos_fuente": [
      "Pictures/Fototeca de Fotos.photoslibrary/resources/derivatives/3/313CB2F6-881B-484F-B008-44C2AA23549D_1_105_c.jpeg"
    ],
    "ultima_modificacion": "2025-08-01 01:01:24.362281"
  },
  "331a4399191a4ec1b3db56663fcf8c821105c.jpeg": {
    "app_sintetizada": "331A4399191A4EC1B3DB56663FCF8C821105C.JPEG",
    "cantidad_archivos": 1,
    "archivos_fuente": [
      "Pictures/Fototeca de Fotos.photoslibrary/resources/derivatives/3/331A4399-191A-4EC1-B3DB-56663FCF8C82_1_105_c.jpeg"
    ],
    "ultima_modificacion": "2025-08-01 01:01:24.364845"
  },
  "36dcba52496c4a64bafa8af03a33eadc1105c.jpeg": {
    "app_sintetizada": "36DCBA52496C4A64BAFA8AF03A33EADC1105C.JPEG",
    "cantidad_archivos": 1,
    "archivos_fuente": [
      "Pictures/Fototeca de Fotos.photoslibrary/resources/derivatives/3/36DCBA52-496C-4A64-BAFA-8AF03A33EADC_1_105_c.jpeg"
    ],
    "ultima_modificacion": "2025-08-01 01:01:24.365338"
  },
  "38ea4d87628a4f7eb101eb2671c78a791105c.jpeg": {
    "app_sintetizada": "38EA4D87628A4F7EB101EB2671C78A791105C.JPEG",
    "cantidad_archivos": 1,
    "archivos_fuente": [
      "Pictures/Fototeca de Fotos.photoslibrary/resources/derivatives/3/38EA4D87-628A-4F7E-B101-EB2671C78A79_1_105_c.jpeg"
    ],
    "ultima_modificacion": "2025-08-01 01:01:24.365657"
  },
  "3c1d51960a264e9a881e1834c02e44f91105c.jpeg": {
    "app_sintetizada": "3C1D51960A264E9A881E1834C02E44F91105C.JPEG",
    "cantidad_archivos": 1,
    "archivos_fuente": [
      "Pictures/Fototeca de Fotos.photoslibrary/resources/derivatives/3/3C1D5196-0A26-4E9A-881E-1834C02E44F9_1_105_c.jpeg"
    ],
    "ultima_modificacion": "2025-08-01 01:01:24.365898"
  },
  "3a76f6a8155d4a54b97bca1710233d901105c.jpeg": {
    "app_sintetizada": "3A76F6A8155D4A54B97BCA1710233D901105C.JPEG",
    "cantidad_archivos": 1,
    "archivos_fuente": [
      "Pictures/Fototeca de Fotos.photoslibrary/resources/derivatives/3/3A76F6A8-155D-4A54-B97B-CA1710233D90_1_105_c.jpeg"
    ],
    "ultima_modificacion": "2025-08-01 01:01:24.366228"
  },
  "36ad9ea4a39541e58162a7e7ac62afd41105c.jpeg": {
    "app_sintetizada": "36AD9EA4A39541E58162A7E7AC62AFD41105C.JPEG",
    "cantidad_archivos": 1,
    "archivos_fuente": [
      "Pictures/Fototeca de Fotos.photoslibrary/resources/derivatives/3/36AD9EA4-A395-41E5-8162-A7E7AC62AFD4_1_105_c.jpeg"
    ],
    "ultima_modificacion": "2025-08-01 01:01:24.366549"
  },
  "34d12fdd1a484b748990f9084b6add9f1105c.jpeg": {
    "app_sintetizada": "34D12FDD1A484B748990F9084B6ADD9F1105C.JPEG",
    "cantidad_archivos": 1,
    "archivos_fuente": [
      "Pictures/Fototeca de Fotos.photoslibrary/resources/derivatives/3/34D12FDD-1A48-4B74-8990-F9084B6ADD9F_1_105_c.jpeg"
    ],
    "ultima_modificacion": "2025-08-01 01:01:24.366844"
  },
  "39c98806bf324d63ac0f1dbe9c9f14671105c.jpeg": {
    "app_sintetizada": "39C98806BF324D63AC0F1DBE9C9F14671105C.JPEG",
    "cantidad_archivos": 1,
    "archivos_fuente": [
      "Pictures/Fototeca de Fotos.photoslibrary/resources/derivatives/3/39C98806-BF32-4D63-AC0F-1DBE9C9F1467_1_105_c.jpeg"
    ],
    "ultima_modificacion": "2025-08-01 01:01:24.367157"
  },
  "34ed669cbcca4e3c922b5f3361e76f6b1105c.jpeg": {
    "app_sintetizada": "34ED669CBCCA4E3C922B5F3361E76F6B1105C.JPEG",
    "cantidad_archivos": 1,
    "archivos_fuente": [
      "Pictures/Fototeca de Fotos.photoslibrary/resources/derivatives/3/34ED669C-BCCA-4E3C-922B-5F3361E76F6B_1_105_c.jpeg"
    ],
    "ultima_modificacion": "2025-08-01 01:01:24.367518"
  },
  "3124247b7dc44021b2e88b25488e53411105c.jpeg": {
    "app_sintetizada": "3124247B7DC44021B2E88B25488E53411105C.JPEG",
    "cantidad_archivos": 1,
    "archivos_fuente": [
      "Pictures/Fototeca de Fotos.photoslibrary/resources/derivatives/3/3124247B-7DC4-4021-B2E8-8B25488E5341_1_105_c.jpeg"
    ],
    "ultima_modificacion": "2025-08-01 01:01:24.367781"
  },
  "39b9f7cee2e94ac1a6bee0bdb43edad61100o.jpeg": {
    "app_sintetizada": "39B9F7CEE2E94AC1A6BEE0BDB43EDAD61100O.JPEG",
    "cantidad_archivos": 1,
    "archivos_fuente": [
      "Pictures/Fototeca de Fotos.photoslibrary/resources/derivatives/3/39B9F7CE-E2E9-4AC1-A6BE-E0BDB43EDAD6_1_100_o.jpeg"
    ],
    "ultima_modificacion": "2025-08-01 01:01:24.368020"
  },
  "3457b03784ce49798b6d996bcc8314fd1105c.jpeg": {
    "app_sintetizada": "3457B03784CE49798B6D996BCC8314FD1105C.JPEG",
    "cantidad_archivos": 1,
    "archivos_fuente": [
      "Pictures/Fototeca de Fotos.photoslibrary/resources/derivatives/3/3457B037-84CE-4979-8B6D-996BCC8314FD_1_105_c.jpeg"
    ],
    "ultima_modificacion": "2025-08-01 01:01:24.368244"
  },
  "3d789000a3ae47e5b0a937485bcbe7be1105c.jpeg": {
    "app_sintetizada": "3D789000A3AE47E5B0A937485BCBE7BE1105C.JPEG",
    "cantidad_archivos": 1,
    "archivos_fuente": [
      "Pictures/Fototeca de Fotos.photoslibrary/resources/derivatives/3/3D789000-A3AE-47E5-B0A9-37485BCBE7BE_1_105_c.jpeg"
    ],
    "ultima_modificacion": "2025-08-01 01:01:24.368461"
  },
  "3f625f90be4c44b895efd9066e7a3feb1105c.jpeg": {
    "app_sintetizada": "3F625F90BE4C44B895EFD9066E7A3FEB1105C.JPEG",
    "cantidad_archivos": 1,
    "archivos_fuente": [
      "Pictures/Fototeca de Fotos.photoslibrary/resources/derivatives/3/3F625F90-BE4C-44B8-95EF-D9066E7A3FEB_1_105_c.jpeg"
    ],
    "ultima_modificacion": "2025-08-01 01:01:24.368681"
  },
  "3a8884e12a9c4b0885a65a64659ef6ae1105c.jpeg": {
    "app_sintetizada": "3A8884E12A9C4B0885A65A64659EF6AE1105C.JPEG",
    "cantidad_archivos": 1,
    "archivos_fuente": [
      "Pictures/Fototeca de Fotos.photoslibrary/resources/derivatives/3/3A8884E1-2A9C-4B08-85A6-5A64659EF6AE_1_105_c.jpeg"
    ],
    "ultima_modificacion": "2025-08-01 01:01:24.368903"
  },
  "3e6938cf0df44b2d8c1395b722224f381105c.jpeg": {
    "app_sintetizada": "3E6938CF0DF44B2D8C1395B722224F381105C.JPEG",
    "cantidad_archivos": 1,
    "archivos_fuente": [
      "Pictures/Fototeca de Fotos.photoslibrary/resources/derivatives/3/3E6938CF-0DF4-4B2D-8C13-95B722224F38_1_105_c.jpeg"
    ],
    "ultima_modificacion": "2025-08-01 01:01:24.369123"
  },
  "3f1502a841e044c287bab73273ec7e5e1105c.jpeg": {
    "app_sintetizada": "3F1502A841E044C287BAB73273EC7E5E1105C.JPEG",
    "cantidad_archivos": 1,
    "archivos_fuente": [
      "Pictures/Fototeca de Fotos.photoslibrary/resources/derivatives/3/3F1502A8-41E0-44C2-87BA-B73273EC7E5E_1_105_c.jpeg"
    ],
    "ultima_modificacion": "2025-08-01 01:01:24.369414"
  },
  "3b5aedd2582148b49d562561d3a683fa1105c.jpeg": {
    "app_sintetizada": "3B5AEDD2582148B49D562561D3A683FA1105C.JPEG",
    "cantidad_archivos": 1,
    "archivos_fuente": [
      "Pictures/Fototeca de Fotos.photoslibrary/resources/derivatives/3/3B5AEDD2-5821-48B4-9D56-2561D3A683FA_1_105_c.jpeg"
    ],
    "ultima_modificacion": "2025-08-01 01:01:24.369710"
  },
  "3e32020295554edba18b9d2264157f031105c.jpeg": {
    "app_sintetizada": "3E32020295554EDBA18B9D2264157F031105C.JPEG",
    "cantidad_archivos": 1,
    "archivos_fuente": [
      "Pictures/Fototeca de Fotos.photoslibrary/resources/derivatives/3/3E320202-9555-4EDB-A18B-9D2264157F03_1_105_c.jpeg"
    ],
    "ultima_modificacion": "2025-08-01 01:01:24.370026"
  },
  "350c6fddf8f844a3bca3e612641a10bd1105c.jpeg": {
    "app_sintetizada": "350C6FDDF8F844A3BCA3E612641A10BD1105C.JPEG",
    "cantidad_archivos": 1,
    "archivos_fuente": [
      "Pictures/Fototeca de Fotos.photoslibrary/resources/derivatives/3/350C6FDD-F8F8-44A3-BCA3-E612641A10BD_1_105_c.jpeg"
    ],
    "ultima_modificacion": "2025-08-01 01:01:24.370301"
  },
  "3414233571ec4e41a56934601b0f0cdf1105c.jpeg": {
    "app_sintetizada": "3414233571EC4E41A56934601B0F0CDF1105C.JPEG",
    "cantidad_archivos": 1,
    "archivos_fuente": [
      "Pictures/Fototeca de Fotos.photoslibrary/resources/derivatives/3/34142335-71EC-4E41-A569-34601B0F0CDF_1_105_c.jpeg"
    ],
    "ultima_modificacion": "2025-08-01 01:01:24.370539"
  },
  "358d364a16ad4d069f0eb3ef1894e959.thm": {
    "app_sintetizada": "358D364A16AD4D069F0EB3EF1894E959.THM",
    "cantidad_archivos": 1,
    "archivos_fuente": [
      "Pictures/Fototeca de Fotos.photoslibrary/resources/derivatives/3/358D364A-16AD-4D06-9F0E-B3EF1894E959.THM"
    ],
    "ultima_modificacion": "2025-08-01 01:01:24.370770"
  },
  "3f7983ea14fb4bf2962dc7f2ac126317.thm": {
    "app_sintetizada": "3F7983EA14FB4BF2962DC7F2AC126317.THM",
    "cantidad_archivos": 1,
    "archivos_fuente": [
      "Pictures/Fototeca de Fotos.photoslibrary/resources/derivatives/3/3F7983EA-14FB-4BF2-962D-C7F2AC126317.THM"
    ],
    "ultima_modificacion": "2025-08-01 01:01:24.370999"
  },
  "37fe04a5c2264a16bc068eacfcc647e11105c.jpeg": {
    "app_sintetizada": "37FE04A5C2264A16BC068EACFCC647E11105C.JPEG",
    "cantidad_archivos": 1,
    "archivos_fuente": [
      "Pictures/Fototeca de Fotos.photoslibrary/resources/derivatives/3/37FE04A5-C226-4A16-BC06-8EACFCC647E1_1_105_c.jpeg"
    ],
    "ultima_modificacion": "2025-08-01 01:01:24.371220"
  },
  "35f0f811252b4c49a6cf984437f3da471105c.jpeg": {
    "app_sintetizada": "35F0F811252B4C49A6CF984437F3DA471105C.JPEG",
    "cantidad_archivos": 1,
    "archivos_fuente": [
      "Pictures/Fototeca de Fotos.photoslibrary/resources/derivatives/3/35F0F811-252B-4C49-A6CF-984437F3DA47_1_105_c.jpeg"
    ],
    "ultima_modificacion": "2025-08-01 01:01:24.371491"
  },
  "37f4031c5e594ed09fafc28ff91e64471105c.jpeg": {
    "app_sintetizada": "37F4031C5E594ED09FAFC28FF91E64471105C.JPEG",
    "cantidad_archivos": 1,
    "archivos_fuente": [
      "Pictures/Fototeca de Fotos.photoslibrary/resources/derivatives/3/37F4031C-5E59-4ED0-9FAF-C28FF91E6447_1_105_c.jpeg"
    ],
    "ultima_modificacion": "2025-08-01 01:01:24.371777"
  },
  "35736115e5ad45129aa088ef1dedecf21105c.jpeg": {
    "app_sintetizada": "35736115E5AD45129AA088EF1DEDECF21105C.JPEG",
    "cantidad_archivos": 1,
    "archivos_fuente": [
      "Pictures/Fototeca de Fotos.photoslibrary/resources/derivatives/3/35736115-E5AD-4512-9AA0-88EF1DEDECF2_1_105_c.jpeg"
    ],
    "ultima_modificacion": "2025-08-01 01:01:24.372016"
  },
  "31c7c96ddae749cdb1b499fd0635a6011105c.jpeg": {
    "app_sintetizada": "31C7C96DDAE749CDB1B499FD0635A6011105C.JPEG",
    "cantidad_archivos": 1,
    "archivos_fuente": [
      "Pictures/Fototeca de Fotos.photoslibrary/resources/derivatives/3/31C7C96D-DAE7-49CD-B1B4-99FD0635A601_1_105_c.jpeg"
    ],
    "ultima_modificacion": "2025-08-01 01:01:24.372248"
  },
  "38cf475937b549688032ae3dbdfaa9a21105c.jpeg": {
    "app_sintetizada": "38CF475937B549688032AE3DBDFAA9A21105C.JPEG",
    "cantidad_archivos": 1,
    "archivos_fuente": [
      "Pictures/Fototeca de Fotos.photoslibrary/resources/derivatives/3/38CF4759-37B5-4968-8032-AE3DBDFAA9A2_1_105_c.jpeg"
    ],
    "ultima_modificacion": "2025-08-01 01:01:24.372674"
  },
  "3c4e74c222474db28b50c994f27eb2511105c.jpeg": {
    "app_sintetizada": "3C4E74C222474DB28B50C994F27EB2511105C.JPEG",
    "cantidad_archivos": 1,
    "archivos_fuente": [
      "Pictures/Fototeca de Fotos.photoslibrary/resources/derivatives/3/3C4E74C2-2247-4DB2-8B50-C994F27EB251_1_105_c.jpeg"
    ],
    "ultima_modificacion": "2025-08-01 01:01:24.372949"
  },
  "3e5499bd2e614b36abf52f262a41c90b1105c.jpeg": {
    "app_sintetizada": "3E5499BD2E614B36ABF52F262A41C90B1105C.JPEG",
    "cantidad_archivos": 1,
    "archivos_fuente": [
      "Pictures/Fototeca de Fotos.photoslibrary/resources/derivatives/3/3E5499BD-2E61-4B36-ABF5-2F262A41C90B_1_105_c.jpeg"
    ],
    "ultima_modificacion": "2025-08-01 01:01:24.373186"
  },
  "3b450304a52041429d9b4aaf515036b91105c.jpeg": {
    "app_sintetizada": "3B450304A52041429D9B4AAF515036B91105C.JPEG",
    "cantidad_archivos": 1,
    "archivos_fuente": [
      "Pictures/Fototeca de Fotos.photoslibrary/resources/derivatives/3/3B450304-A520-4142-9D9B-4AAF515036B9_1_105_c.jpeg"
    ],
    "ultima_modificacion": "2025-08-01 01:01:24.373424"
  },
  "39db3e10d8734010a6afa602c2bff93d.thm": {
    "app_sintetizada": "39DB3E10D8734010A6AFA602C2BFF93D.THM",
    "cantidad_archivos": 1,
    "archivos_fuente": [
      "Pictures/Fototeca de Fotos.photoslibrary/resources/derivatives/3/39DB3E10-D873-4010-A6AF-A602C2BFF93D.THM"
    ],
    "ultima_modificacion": "2025-08-01 01:01:24.373651"
  },
  "38cfaa9a5fae46fe9d018c71ecd5b81a1105c.jpeg": {
    "app_sintetizada": "38CFAA9A5FAE46FE9D018C71ECD5B81A1105C.JPEG",
    "cantidad_archivos": 1,
    "archivos_fuente": [
      "Pictures/Fototeca de Fotos.photoslibrary/resources/derivatives/3/38CFAA9A-5FAE-46FE-9D01-8C71ECD5B81A_1_105_c.jpeg"
    ],
    "ultima_modificacion": "2025-08-01 01:01:24.373950"
  },
  "37f5bddc6b8a4433b06a8129dcd4ee5f1105c.jpeg": {
    "app_sintetizada": "37F5BDDC6B8A4433B06A8129DCD4EE5F1105C.JPEG",
    "cantidad_archivos": 1,
    "archivos_fuente": [
      "Pictures/Fototeca de Fotos.photoslibrary/resources/derivatives/3/37F5BDDC-6B8A-4433-B06A-8129DCD4EE5F_1_105_c.jpeg"
    ],
    "ultima_modificacion": "2025-08-01 01:01:24.374254"
  },
  "375fa879c23147109239ba5c116231e91105c.jpeg": {
    "app_sintetizada": "375FA879C23147109239BA5C116231E91105C.JPEG",
    "cantidad_archivos": 1,
    "archivos_fuente": [
      "Pictures/Fototeca de Fotos.photoslibrary/resources/derivatives/3/375FA879-C231-4710-9239-BA5C116231E9_1_105_c.jpeg"
    ],
    "ultima_modificacion": "2025-08-01 01:01:24.374556"
  },
  "36a06d50719b4f729a39d4f178fe2f881105c.jpeg": {
    "app_sintetizada": "36A06D50719B4F729A39D4F178FE2F881105C.JPEG",
    "cantidad_archivos": 1,
    "archivos_fuente": [
      "Pictures/Fototeca de Fotos.photoslibrary/resources/derivatives/3/36A06D50-719B-4F72-9A39-D4F178FE2F88_1_105_c.jpeg"
    ],
    "ultima_modificacion": "2025-08-01 01:01:24.374789"
  },
  "301b559a65e74cbf91c3f13e810f41a41105c.jpeg": {
    "app_sintetizada": "301B559A65E74CBF91C3F13E810F41A41105C.JPEG",
    "cantidad_archivos": 1,
    "archivos_fuente": [
      "Pictures/Fototeca de Fotos.photoslibrary/resources/derivatives/3/301B559A-65E7-4CBF-91C3-F13E810F41A4_1_105_c.jpeg"
    ],
    "ultima_modificacion": "2025-08-01 01:01:24.375016"
  },
  "344eaa4e073f4755b499d041556e5b841105c.jpeg": {
    "app_sintetizada": "344EAA4E073F4755B499D041556E5B841105C.JPEG",
    "cantidad_archivos": 1,
    "archivos_fuente": [
      "Pictures/Fototeca de Fotos.photoslibrary/resources/derivatives/3/344EAA4E-073F-4755-B499-D041556E5B84_1_105_c.jpeg"
    ],
    "ultima_modificacion": "2025-08-01 01:01:24.375237"
  },
  "3335a4caf0c14862ad3ce80c59f825a11105c.jpeg": {
    "app_sintetizada": "3335A4CAF0C14862AD3CE80C59F825A11105C.JPEG",
    "cantidad_archivos": 1,
    "archivos_fuente": [
      "Pictures/Fototeca de Fotos.photoslibrary/resources/derivatives/3/3335A4CA-F0C1-4862-AD3C-E80C59F825A1_1_105_c.jpeg"
    ],
    "ultima_modificacion": "2025-08-01 01:01:24.375457"
  },
  "3dea755969094cefac0cb105f3535a401105c.jpeg": {
    "app_sintetizada": "3DEA755969094CEFAC0CB105F3535A401105C.JPEG",
    "cantidad_archivos": 1,
    "archivos_fuente": [
      "Pictures/Fototeca de Fotos.photoslibrary/resources/derivatives/3/3DEA7559-6909-4CEF-AC0C-B105F3535A40_1_105_c.jpeg"
    ],
    "ultima_modificacion": "2025-08-01 01:01:24.375669"
  },
  "3924a0c756544cf7aa171b50cf3541691105c.jpeg": {
    "app_sintetizada": "3924A0C756544CF7AA171B50CF3541691105C.JPEG",
    "cantidad_archivos": 1,
    "archivos_fuente": [
      "Pictures/Fototeca de Fotos.photoslibrary/resources/derivatives/3/3924A0C7-5654-4CF7-AA17-1B50CF354169_1_105_c.jpeg"
    ],
    "ultima_modificacion": "2025-08-01 01:01:24.376013"
  },
  "3227c049957342fe9762eb0a0944fbfa1105c.jpeg": {
    "app_sintetizada": "3227C049957342FE9762EB0A0944FBFA1105C.JPEG",
    "cantidad_archivos": 1,
    "archivos_fuente": [
      "Pictures/Fototeca de Fotos.photoslibrary/resources/derivatives/3/3227C049-9573-42FE-9762-EB0A0944FBFA_1_105_c.jpeg"
    ],
    "ultima_modificacion": "2025-08-01 01:01:24.376313"
  },
  "3db512e4ae6f4b6da594bea24f6733f41105c.jpeg": {
    "app_sintetizada": "3DB512E4AE6F4B6DA594BEA24F6733F41105C.JPEG",
    "cantidad_archivos": 1,
    "archivos_fuente": [
      "Pictures/Fototeca de Fotos.photoslibrary/resources/derivatives/3/3DB512E4-AE6F-4B6D-A594-BEA24F6733F4_1_105_c.jpeg"
    ],
    "ultima_modificacion": "2025-08-01 01:01:24.376556"
  },
  "37d47a55d6244d94bb7de8e9af42dbf21105c.jpeg": {
    "app_sintetizada": "37D47A55D6244D94BB7DE8E9AF42DBF21105C.JPEG",
    "cantidad_archivos": 1,
    "archivos_fuente": [
      "Pictures/Fototeca de Fotos.photoslibrary/resources/derivatives/3/37D47A55-D624-4D94-BB7D-E8E9AF42DBF2_1_105_c.jpeg"
    ],
    "ultima_modificacion": "2025-08-01 01:01:24.376893"
  },
  "3e8419d6d752455dba1ee64efcaa6db91105c.jpeg": {
    "app_sintetizada": "3E8419D6D752455DBA1EE64EFCAA6DB91105C.JPEG",
    "cantidad_archivos": 1,
    "archivos_fuente": [
      "Pictures/Fototeca de Fotos.photoslibrary/resources/derivatives/3/3E8419D6-D752-455D-BA1E-E64EFCAA6DB9_1_105_c.jpeg"
    ],
    "ultima_modificacion": "2025-08-01 01:01:24.377513"
  },
  "38842ca58c6949108818d4629c9688811105c.jpeg": {
    "app_sintetizada": "38842CA58C6949108818D4629C9688811105C.JPEG",
    "cantidad_archivos": 1,
    "archivos_fuente": [
      "Pictures/Fototeca de Fotos.photoslibrary/resources/derivatives/3/38842CA5-8C69-4910-8818-D4629C968881_1_105_c.jpeg"
    ],
    "ultima_modificacion": "2025-08-01 01:01:24.378435"
  },
  "3d5ccfafca9c4ab7942f34254fa5a8161105c.jpeg": {
    "app_sintetizada": "3D5CCFAFCA9C4AB7942F34254FA5A8161105C.JPEG",
    "cantidad_archivos": 1,
    "archivos_fuente": [
      "Pictures/Fototeca de Fotos.photoslibrary/resources/derivatives/3/3D5CCFAF-CA9C-4AB7-942F-34254FA5A816_1_105_c.jpeg"
    ],
    "ultima_modificacion": "2025-08-01 01:01:24.378839"
  },
  "35e020f321844fb4b019458a26d4175f1105c.jpeg": {
    "app_sintetizada": "35E020F321844FB4B019458A26D4175F1105C.JPEG",
    "cantidad_archivos": 1,
    "archivos_fuente": [
      "Pictures/Fototeca de Fotos.photoslibrary/resources/derivatives/3/35E020F3-2184-4FB4-B019-458A26D4175F_1_105_c.jpeg"
    ],
    "ultima_modificacion": "2025-08-01 01:01:24.380678"
  },
  "3bbaf17be7eb47dcafa041174d9e24e31105c.jpeg": {
    "app_sintetizada": "3BBAF17BE7EB47DCAFA041174D9E24E31105C.JPEG",
    "cantidad_archivos": 1,
    "archivos_fuente": [
      "Pictures/Fototeca de Fotos.photoslibrary/resources/derivatives/3/3BBAF17B-E7EB-47DC-AFA0-41174D9E24E3_1_105_c.jpeg"
    ],
    "ultima_modificacion": "2025-08-01 01:01:24.381307"
  },
  "30806d0e466f4e3991fc3126e2bbac301105c.jpeg": {
    "app_sintetizada": "30806D0E466F4E3991FC3126E2BBAC301105C.JPEG",
    "cantidad_archivos": 1,
    "archivos_fuente": [
      "Pictures/Fototeca de Fotos.photoslibrary/resources/derivatives/3/30806D0E-466F-4E39-91FC-3126E2BBAC30_1_105_c.jpeg"
    ],
    "ultima_modificacion": "2025-08-01 01:01:24.381668"
  },
  "3ecbd373949344dbb19711d8115041061105c.jpeg": {
    "app_sintetizada": "3ECBD373949344DBB19711D8115041061105C.JPEG",
    "cantidad_archivos": 1,
    "archivos_fuente": [
      "Pictures/Fototeca de Fotos.photoslibrary/resources/derivatives/3/3ECBD373-9493-44DB-B197-11D811504106_1_105_c.jpeg"
    ],
    "ultima_modificacion": "2025-08-01 01:01:24.382023"
  },
  "3d0e5b32de8b413097361f8c2e65bf70.thm": {
    "app_sintetizada": "3D0E5B32DE8B413097361F8C2E65BF70.THM",
    "cantidad_archivos": 1,
    "archivos_fuente": [
      "Pictures/Fototeca de Fotos.photoslibrary/resources/derivatives/3/3D0E5B32-DE8B-4130-9736-1F8C2E65BF70.THM"
    ],
    "ultima_modificacion": "2025-08-01 01:01:24.382338"
  },
  "301064ebe64f47a18d54588300183b361105c.jpeg": {
    "app_sintetizada": "301064EBE64F47A18D54588300183B361105C.JPEG",
    "cantidad_archivos": 1,
    "archivos_fuente": [
      "Pictures/Fototeca de Fotos.photoslibrary/resources/derivatives/3/301064EB-E64F-47A1-8D54-588300183B36_1_105_c.jpeg"
    ],
    "ultima_modificacion": "2025-08-01 01:01:24.382632"
  },
  "375e1f3d6b22499aa823751e29b7e3b71105c.jpeg": {
    "app_sintetizada": "375E1F3D6B22499AA823751E29B7E3B71105C.JPEG",
    "cantidad_archivos": 1,
    "archivos_fuente": [
      "Pictures/Fototeca de Fotos.photoslibrary/resources/derivatives/3/375E1F3D-6B22-499A-A823-751E29B7E3B7_1_105_c.jpeg"
    ],
    "ultima_modificacion": "2025-08-01 01:01:24.382877"
  }
}