{
  "de9b4f628ac746980": {
    "app_sintetizada": "DE9B4F628AC746980",
    "cantidad_archivos": 1,
    "archivos_fuente": [
      "Library/Application Support/Google/Chrome/Default/Service Worker/CacheStorage/d1394a4c842f7861ad7ae5e20da4b484a0c4acad/a5a18824-56f6-4f5f-abb6-64683cbd37bb/de9b4f628ac74698_0"
    ],
    "ultima_modificacion": "2025-08-01 01:01:34.432280"
  },
  "2b070365ab06be330": {
    "app_sintetizada": "2B070365AB06BE330",
    "cantidad_archivos": 1,
    "archivos_fuente": [
      "Library/Application Support/Google/Chrome/Default/Service Worker/CacheStorage/d1394a4c842f7861ad7ae5e20da4b484a0c4acad/a5a18824-56f6-4f5f-abb6-64683cbd37bb/2b070365ab06be33_0"
    ],
    "ultima_modificacion": "2025-08-01 01:01:34.432468"
  },
  "bde0109776c608790": {
    "app_sintetizada": "BDE0109776C608790",
    "cantidad_archivos": 1,
    "archivos_fuente": [
      "Library/Application Support/Google/Chrome/Default/Service Worker/CacheStorage/d1394a4c842f7861ad7ae5e20da4b484a0c4acad/a5a18824-56f6-4f5f-abb6-64683cbd37bb/bde0109776c60879_0"
    ],
    "ultima_modificacion": "2025-08-01 01:01:34.432648"
  },
  "6f1999eb40afb87a0": {
    "app_sintetizada": "6F1999EB40AFB87A0",
    "cantidad_archivos": 1,
    "archivos_fuente": [
      "Library/Application Support/Google/Chrome/Default/Service Worker/CacheStorage/d1394a4c842f7861ad7ae5e20da4b484a0c4acad/a5a18824-56f6-4f5f-abb6-64683cbd37bb/6f1999eb40afb87a_0"
    ],
    "ultima_modificacion": "2025-08-01 01:01:34.432834"
  },
  "e4859cbb27b65d0c0": {
    "app_sintetizada": "E4859CBB27B65D0C0",
    "cantidad_archivos": 1,
    "archivos_fuente": [
      "Library/Application Support/Google/Chrome/Default/Service Worker/CacheStorage/d1394a4c842f7861ad7ae5e20da4b484a0c4acad/a5a18824-56f6-4f5f-abb6-64683cbd37bb/e4859cbb27b65d0c_0"
    ],
    "ultima_modificacion": "2025-08-01 01:01:34.433013"
  },
  "c170fdeb909636d70": {
    "app_sintetizada": "C170FDEB909636D70",
    "cantidad_archivos": 1,
    "archivos_fuente": [
      "Library/Application Support/Google/Chrome/Default/Service Worker/CacheStorage/d1394a4c842f7861ad7ae5e20da4b484a0c4acad/a5a18824-56f6-4f5f-abb6-64683cbd37bb/c170fdeb909636d7_0"
    ],
    "ultima_modificacion": "2025-08-01 01:01:34.433194"
  },
  "5f8c726b0f49aaf50": {
    "app_sintetizada": "5F8C726B0F49AAF50",
    "cantidad_archivos": 1,
    "archivos_fuente": [
      "Library/Application Support/Google/Chrome/Default/Service Worker/CacheStorage/d1394a4c842f7861ad7ae5e20da4b484a0c4acad/a5a18824-56f6-4f5f-abb6-64683cbd37bb/5f8c726b0f49aaf5_0"
    ],
    "ultima_modificacion": "2025-08-01 01:01:34.433372"
  },
  "51709b60a34eac540": {
    "app_sintetizada": "51709B60A34EAC540",
    "cantidad_archivos": 1,
    "archivos_fuente": [
      "Library/Application Support/Google/Chrome/Default/Service Worker/CacheStorage/d1394a4c842f7861ad7ae5e20da4b484a0c4acad/a5a18824-56f6-4f5f-abb6-64683cbd37bb/51709b60a34eac54_0"
    ],
    "ultima_modificacion": "2025-08-01 01:01:34.433549"
  },
  "40a0e38e69c50dea0": {
    "app_sintetizada": "40A0E38E69C50DEA0",
    "cantidad_archivos": 1,
    "archivos_fuente": [
      "Library/Application Support/Google/Chrome/Default/Service Worker/CacheStorage/d1394a4c842f7861ad7ae5e20da4b484a0c4acad/a5a18824-56f6-4f5f-abb6-64683cbd37bb/40a0e38e69c50dea_0"
    ],
    "ultima_modificacion": "2025-08-01 01:01:34.433726"
  },
  "7ecbd553804439290": {
    "app_sintetizada": "7ECBD553804439290",
    "cantidad_archivos": 1,
    "archivos_fuente": [
      "Library/Application Support/Google/Chrome/Default/Service Worker/CacheStorage/d1394a4c842f7861ad7ae5e20da4b484a0c4acad/a5a18824-56f6-4f5f-abb6-64683cbd37bb/7ecbd55380443929_0"
    ],
    "ultima_modificacion": "2025-08-01 01:01:34.433930"
  },
  "47d636b06dbdc5d00": {
    "app_sintetizada": "47D636B06DBDC5D00",
    "cantidad_archivos": 1,
    "archivos_fuente": [
      "Library/Application Support/Google/Chrome/Default/Service Worker/CacheStorage/d1394a4c842f7861ad7ae5e20da4b484a0c4acad/a5a18824-56f6-4f5f-abb6-64683cbd37bb/47d636b06dbdc5d0_0"
    ],
    "ultima_modificacion": "2025-08-01 01:01:34.434169"
  },
  "6971259ef24635640": {
    "app_sintetizada": "6971259EF24635640",
    "cantidad_archivos": 1,
    "archivos_fuente": [
      "Library/Application Support/Google/Chrome/Default/Service Worker/CacheStorage/d1394a4c842f7861ad7ae5e20da4b484a0c4acad/a5a18824-56f6-4f5f-abb6-64683cbd37bb/6971259ef2463564_0"
    ],
    "ultima_modificacion": "2025-08-01 01:01:34.434464"
  },
  "79b5dfa46d2ab2480": {
    "app_sintetizada": "79B5DFA46D2AB2480",
    "cantidad_archivos": 1,
    "archivos_fuente": [
      "Library/Application Support/Google/Chrome/Default/Service Worker/CacheStorage/d1394a4c842f7861ad7ae5e20da4b484a0c4acad/a5a18824-56f6-4f5f-abb6-64683cbd37bb/79b5dfa46d2ab248_0"
    ],
    "ultima_modificacion": "2025-08-01 01:01:34.434779"
  },
  "2dd6d318fba978db0": {
    "app_sintetizada": "2DD6D318FBA978DB0",
    "cantidad_archivos": 1,
    "archivos_fuente": [
      "Library/Application Support/Google/Chrome/Default/Service Worker/CacheStorage/d1394a4c842f7861ad7ae5e20da4b484a0c4acad/a5a18824-56f6-4f5f-abb6-64683cbd37bb/2dd6d318fba978db_0"
    ],
    "ultima_modificacion": "2025-08-01 01:01:34.435079"
  },
  "334bfc6a1a0327ca0": {
    "app_sintetizada": "334BFC6A1A0327CA0",
    "cantidad_archivos": 1,
    "archivos_fuente": [
      "Library/Application Support/Google/Chrome/Default/Service Worker/CacheStorage/d1394a4c842f7861ad7ae5e20da4b484a0c4acad/a5a18824-56f6-4f5f-abb6-64683cbd37bb/334bfc6a1a0327ca_0"
    ],
    "ultima_modificacion": "2025-08-01 01:01:34.435313"
  },
  "5f1a1f06d9eccbe30": {
    "app_sintetizada": "5F1A1F06D9ECCBE30",
    "cantidad_archivos": 1,
    "archivos_fuente": [
      "Library/Application Support/Google/Chrome/Default/Service Worker/CacheStorage/d1394a4c842f7861ad7ae5e20da4b484a0c4acad/a5a18824-56f6-4f5f-abb6-64683cbd37bb/5f1a1f06d9eccbe3_0"
    ],
    "ultima_modificacion": "2025-08-01 01:01:34.435597"
  },
  "ee8f3c38771a76b40": {
    "app_sintetizada": "EE8F3C38771A76B40",
    "cantidad_archivos": 1,
    "archivos_fuente": [
      "Library/Application Support/Google/Chrome/Default/Service Worker/CacheStorage/d1394a4c842f7861ad7ae5e20da4b484a0c4acad/a5a18824-56f6-4f5f-abb6-64683cbd37bb/ee8f3c38771a76b4_0"
    ],
    "ultima_modificacion": "2025-08-01 01:01:34.435883"
  },
  "6f0e1ad81c6ec0b10": {
    "app_sintetizada": "6F0E1AD81C6EC0B10",
    "cantidad_archivos": 1,
    "archivos_fuente": [
      "Library/Application Support/Google/Chrome/Default/Service Worker/CacheStorage/d1394a4c842f7861ad7ae5e20da4b484a0c4acad/a5a18824-56f6-4f5f-abb6-64683cbd37bb/6f0e1ad81c6ec0b1_0"
    ],
    "ultima_modificacion": "2025-08-01 01:01:34.436214"
  },
  "ac56aa94b04a042d0": {
    "app_sintetizada": "AC56AA94B04A042D0",
    "cantidad_archivos": 1,
    "archivos_fuente": [
      "Library/Application Support/Google/Chrome/Default/Service Worker/CacheStorage/d1394a4c842f7861ad7ae5e20da4b484a0c4acad/a5a18824-56f6-4f5f-abb6-64683cbd37bb/ac56aa94b04a042d_0"
    ],
    "ultima_modificacion": "2025-08-01 01:01:34.436497"
  },
  "e2df042e8085b64f0": {
    "app_sintetizada": "E2DF042E8085B64F0",
    "cantidad_archivos": 1,
    "archivos_fuente": [
      "Library/Application Support/Google/Chrome/Default/Service Worker/CacheStorage/d1394a4c842f7861ad7ae5e20da4b484a0c4acad/a5a18824-56f6-4f5f-abb6-64683cbd37bb/e2df042e8085b64f_0"
    ],
    "ultima_modificacion": "2025-08-01 01:01:34.436834"
  },
  "ed7482f2c365141d0": {
    "app_sintetizada": "ED7482F2C365141D0",
    "cantidad_archivos": 1,
    "archivos_fuente": [
      "Library/Application Support/Google/Chrome/Default/Service Worker/CacheStorage/d1394a4c842f7861ad7ae5e20da4b484a0c4acad/a5a18824-56f6-4f5f-abb6-64683cbd37bb/ed7482f2c365141d_0"
    ],
    "ultima_modificacion": "2025-08-01 01:01:34.437470"
  },
  "0b523175c12d99940": {
    "app_sintetizada": "0B523175C12D99940",
    "cantidad_archivos": 1,
    "archivos_fuente": [
      "Library/Application Support/Google/Chrome/Default/Service Worker/CacheStorage/d1394a4c842f7861ad7ae5e20da4b484a0c4acad/a5a18824-56f6-4f5f-abb6-64683cbd37bb/0b523175c12d9994_0"
    ],
    "ultima_modificacion": "2025-08-01 01:01:34.437851"
  },
  "c2bf35299e641e910": {
    "app_sintetizada": "C2BF35299E641E910",
    "cantidad_archivos": 1,
    "archivos_fuente": [
      "Library/Application Support/Google/Chrome/Default/Service Worker/CacheStorage/d1394a4c842f7861ad7ae5e20da4b484a0c4acad/a5a18824-56f6-4f5f-abb6-64683cbd37bb/c2bf35299e641e91_0"
    ],
    "ultima_modificacion": "2025-08-01 01:01:34.438168"
  },
  "732642deded7f55b0": {
    "app_sintetizada": "732642DEDED7F55B0",
    "cantidad_archivos": 1,
    "archivos_fuente": [
      "Library/Application Support/Google/Chrome/Default/Service Worker/CacheStorage/d1394a4c842f7861ad7ae5e20da4b484a0c4acad/a5a18824-56f6-4f5f-abb6-64683cbd37bb/732642deded7f55b_0"
    ],
    "ultima_modificacion": "2025-08-01 01:01:34.438650"
  },
  "9310056b3d6400850": {
    "app_sintetizada": "9310056B3D6400850",
    "cantidad_archivos": 1,
    "archivos_fuente": [
      "Library/Application Support/Google/Chrome/Default/Service Worker/CacheStorage/d1394a4c842f7861ad7ae5e20da4b484a0c4acad/a5a18824-56f6-4f5f-abb6-64683cbd37bb/9310056b3d640085_0"
    ],
    "ultima_modificacion": "2025-08-01 01:01:34.438992"
  },
  "cb48e701b21059b00": {
    "app_sintetizada": "CB48E701B21059B00",
    "cantidad_archivos": 1,
    "archivos_fuente": [
      "Library/Application Support/Google/Chrome/Default/Service Worker/CacheStorage/d1394a4c842f7861ad7ae5e20da4b484a0c4acad/a5a18824-56f6-4f5f-abb6-64683cbd37bb/cb48e701b21059b0_0"
    ],
    "ultima_modificacion": "2025-08-01 01:01:34.439329"
  },
  "8d448a5415f4a17f0": {
    "app_sintetizada": "8D448A5415F4A17F0",
    "cantidad_archivos": 1,
    "archivos_fuente": [
      "Library/Application Support/Google/Chrome/Default/Service Worker/CacheStorage/d1394a4c842f7861ad7ae5e20da4b484a0c4acad/a5a18824-56f6-4f5f-abb6-64683cbd37bb/8d448a5415f4a17f_0"
    ],
    "ultima_modificacion": "2025-08-01 01:01:34.439644"
  },
  "5355fe1532598cf60": {
    "app_sintetizada": "5355FE1532598CF60",
    "cantidad_archivos": 1,
    "archivos_fuente": [
      "Library/Application Support/Google/Chrome/Default/Service Worker/CacheStorage/d1394a4c842f7861ad7ae5e20da4b484a0c4acad/a5a18824-56f6-4f5f-abb6-64683cbd37bb/5355fe1532598cf6_0"
    ],
    "ultima_modificacion": "2025-08-01 01:01:34.439957"
  },
  "971a9102c66572d30": {
    "app_sintetizada": "971A9102C66572D30",
    "cantidad_archivos": 1,
    "archivos_fuente": [
      "Library/Application Support/Google/Chrome/Default/Service Worker/CacheStorage/d1394a4c842f7861ad7ae5e20da4b484a0c4acad/a5a18824-56f6-4f5f-abb6-64683cbd37bb/971a9102c66572d3_0"
    ],
    "ultima_modificacion": "2025-08-01 01:01:34.440290"
  },
  "a5adedfa5df35fc70": {
    "app_sintetizada": "A5ADEDFA5DF35FC70",
    "cantidad_archivos": 1,
    "archivos_fuente": [
      "Library/Application Support/Google/Chrome/Default/Service Worker/CacheStorage/d1394a4c842f7861ad7ae5e20da4b484a0c4acad/a5a18824-56f6-4f5f-abb6-64683cbd37bb/a5adedfa5df35fc7_0"
    ],
    "ultima_modificacion": "2025-08-01 01:01:34.440603"
  },
  "e4d45d0d5d0d6eea0": {
    "app_sintetizada": "E4D45D0D5D0D6EEA0",
    "cantidad_archivos": 1,
    "archivos_fuente": [
      "Library/Application Support/Google/Chrome/Default/Service Worker/CacheStorage/d1394a4c842f7861ad7ae5e20da4b484a0c4acad/a5a18824-56f6-4f5f-abb6-64683cbd37bb/e4d45d0d5d0d6eea_0"
    ],
    "ultima_modificacion": "2025-08-01 01:01:34.440912"
  },
  "3a12fe263c8956410": {
    "app_sintetizada": "3A12FE263C8956410",
    "cantidad_archivos": 1,
    "archivos_fuente": [
      "Library/Application Support/Google/Chrome/Default/Service Worker/CacheStorage/d1394a4c842f7861ad7ae5e20da4b484a0c4acad/a5a18824-56f6-4f5f-abb6-64683cbd37bb/3a12fe263c895641_0"
    ],
    "ultima_modificacion": "2025-08-01 01:01:34.441244"
  },
  "6a9057781c42c3320": {
    "app_sintetizada": "6A9057781C42C3320",
    "cantidad_archivos": 1,
    "archivos_fuente": [
      "Library/Application Support/Google/Chrome/Default/Service Worker/CacheStorage/d1394a4c842f7861ad7ae5e20da4b484a0c4acad/a5a18824-56f6-4f5f-abb6-64683cbd37bb/6a9057781c42c332_0"
    ],
    "ultima_modificacion": "2025-08-01 01:01:34.441710"
  },
  "416e4c66bfba29690": {
    "app_sintetizada": "416E4C66BFBA29690",
    "cantidad_archivos": 1,
    "archivos_fuente": [
      "Library/Application Support/Google/Chrome/Default/Service Worker/CacheStorage/d1394a4c842f7861ad7ae5e20da4b484a0c4acad/a5a18824-56f6-4f5f-abb6-64683cbd37bb/416e4c66bfba2969_0"
    ],
    "ultima_modificacion": "2025-08-01 01:01:34.442095"
  },
  "8271ded29f3ed9650": {
    "app_sintetizada": "8271DED29F3ED9650",
    "cantidad_archivos": 1,
    "archivos_fuente": [
      "Library/Application Support/Google/Chrome/Default/Service Worker/CacheStorage/d1394a4c842f7861ad7ae5e20da4b484a0c4acad/a5a18824-56f6-4f5f-abb6-64683cbd37bb/8271ded29f3ed965_0"
    ],
    "ultima_modificacion": "2025-08-01 01:01:34.442471"
  },
  "368011ddecf72b220": {
    "app_sintetizada": "368011DDECF72B220",
    "cantidad_archivos": 1,
    "archivos_fuente": [
      "Library/Application Support/Google/Chrome/Default/Service Worker/CacheStorage/d1394a4c842f7861ad7ae5e20da4b484a0c4acad/a5a18824-56f6-4f5f-abb6-64683cbd37bb/368011ddecf72b22_0"
    ],
    "ultima_modificacion": "2025-08-01 01:01:34.442850"
  },
  "86098aa357f546e20": {
    "app_sintetizada": "86098AA357F546E20",
    "cantidad_archivos": 1,
    "archivos_fuente": [
      "Library/Application Support/Google/Chrome/Default/Service Worker/CacheStorage/d1394a4c842f7861ad7ae5e20da4b484a0c4acad/a5a18824-56f6-4f5f-abb6-64683cbd37bb/86098aa357f546e2_0"
    ],
    "ultima_modificacion": "2025-08-01 01:01:34.443237"
  },
  "548d2772384dd6f90": {
    "app_sintetizada": "548D2772384DD6F90",
    "cantidad_archivos": 1,
    "archivos_fuente": [
      "Library/Application Support/Google/Chrome/Default/Service Worker/CacheStorage/d1394a4c842f7861ad7ae5e20da4b484a0c4acad/a5a18824-56f6-4f5f-abb6-64683cbd37bb/548d2772384dd6f9_0"
    ],
    "ultima_modificacion": "2025-08-01 01:01:34.443561"
  },
  "240142aa3ab7298f0": {
    "app_sintetizada": "240142AA3AB7298F0",
    "cantidad_archivos": 1,
    "archivos_fuente": [
      "Library/Application Support/Google/Chrome/Default/Service Worker/CacheStorage/d1394a4c842f7861ad7ae5e20da4b484a0c4acad/a5a18824-56f6-4f5f-abb6-64683cbd37bb/240142aa3ab7298f_0"
    ],
    "ultima_modificacion": "2025-08-01 01:01:34.443886"
  },
  "5206fcb7d797a91e0": {
    "app_sintetizada": "5206FCB7D797A91E0",
    "cantidad_archivos": 1,
    "archivos_fuente": [
      "Library/Application Support/Google/Chrome/Default/Service Worker/CacheStorage/d1394a4c842f7861ad7ae5e20da4b484a0c4acad/a5a18824-56f6-4f5f-abb6-64683cbd37bb/5206fcb7d797a91e_0"
    ],
    "ultima_modificacion": "2025-08-01 01:01:34.444200"
  },
  "31380cb49d351bc70": {
    "app_sintetizada": "31380CB49D351BC70",
    "cantidad_archivos": 1,
    "archivos_fuente": [
      "Library/Application Support/Google/Chrome/Default/Service Worker/CacheStorage/d1394a4c842f7861ad7ae5e20da4b484a0c4acad/a5a18824-56f6-4f5f-abb6-64683cbd37bb/31380cb49d351bc7_0"
    ],
    "ultima_modificacion": "2025-08-01 01:01:34.444535"
  },
  "fb95d31d89f10a7c0": {
    "app_sintetizada": "FB95D31D89F10A7C0",
    "cantidad_archivos": 1,
    "archivos_fuente": [
      "Library/Application Support/Google/Chrome/Default/Service Worker/CacheStorage/d1394a4c842f7861ad7ae5e20da4b484a0c4acad/a5a18824-56f6-4f5f-abb6-64683cbd37bb/fb95d31d89f10a7c_0"
    ],
    "ultima_modificacion": "2025-08-01 01:01:34.444914"
  },
  "061d1f99538808d70": {
    "app_sintetizada": "061D1F99538808D70",
    "cantidad_archivos": 1,
    "archivos_fuente": [
      "Library/Application Support/Google/Chrome/Default/Service Worker/CacheStorage/d1394a4c842f7861ad7ae5e20da4b484a0c4acad/a5a18824-56f6-4f5f-abb6-64683cbd37bb/061d1f99538808d7_0"
    ],
    "ultima_modificacion": "2025-08-01 01:01:34.445295"
  },
  "967c62e9c71f3a270": {
    "app_sintetizada": "967C62E9C71F3A270",
    "cantidad_archivos": 1,
    "archivos_fuente": [
      "Library/Application Support/Google/Chrome/Default/Service Worker/CacheStorage/d1394a4c842f7861ad7ae5e20da4b484a0c4acad/a5a18824-56f6-4f5f-abb6-64683cbd37bb/967c62e9c71f3a27_0"
    ],
    "ultima_modificacion": "2025-08-01 01:01:34.445664"
  },
  "5f017e6f00a5d12f0": {
    "app_sintetizada": "5F017E6F00A5D12F0",
    "cantidad_archivos": 1,
    "archivos_fuente": [
      "Library/Application Support/Google/Chrome/Default/Service Worker/CacheStorage/d1394a4c842f7861ad7ae5e20da4b484a0c4acad/a5a18824-56f6-4f5f-abb6-64683cbd37bb/5f017e6f00a5d12f_0"
    ],
    "ultima_modificacion": "2025-08-01 01:01:34.446000"
  },
  "ad5001cb866150ef0": {
    "app_sintetizada": "AD5001CB866150EF0",
    "cantidad_archivos": 1,
    "archivos_fuente": [
      "Library/Application Support/Google/Chrome/Default/Service Worker/CacheStorage/d1394a4c842f7861ad7ae5e20da4b484a0c4acad/a5a18824-56f6-4f5f-abb6-64683cbd37bb/ad5001cb866150ef_0"
    ],
    "ultima_modificacion": "2025-08-01 01:01:34.446292"
  },
  "efaee10045719f9c0": {
    "app_sintetizada": "EFAEE10045719F9C0",
    "cantidad_archivos": 1,
    "archivos_fuente": [
      "Library/Application Support/Google/Chrome/Default/Service Worker/CacheStorage/d1394a4c842f7861ad7ae5e20da4b484a0c4acad/a5a18824-56f6-4f5f-abb6-64683cbd37bb/efaee10045719f9c_0"
    ],
    "ultima_modificacion": "2025-08-01 01:01:34.446588"
  },
  "7b31973f1d5f29260": {
    "app_sintetizada": "7B31973F1D5F29260",
    "cantidad_archivos": 1,
    "archivos_fuente": [
      "Library/Application Support/Google/Chrome/Default/Service Worker/CacheStorage/d1394a4c842f7861ad7ae5e20da4b484a0c4acad/a5a18824-56f6-4f5f-abb6-64683cbd37bb/7b31973f1d5f2926_0"
    ],
    "ultima_modificacion": "2025-08-01 01:01:34.446927"
  },
  "ae83485b4dc05d350": {
    "app_sintetizada": "AE83485B4DC05D350",
    "cantidad_archivos": 1,
    "archivos_fuente": [
      "Library/Application Support/Google/Chrome/Default/Service Worker/CacheStorage/d1394a4c842f7861ad7ae5e20da4b484a0c4acad/a5a18824-56f6-4f5f-abb6-64683cbd37bb/ae83485b4dc05d35_0"
    ],
    "ultima_modificacion": "2025-08-01 01:01:34.447228"
  },
  "a87bd802e03176740": {
    "app_sintetizada": "A87BD802E03176740",
    "cantidad_archivos": 1,
    "archivos_fuente": [
      "Library/Application Support/Google/Chrome/Default/Service Worker/CacheStorage/d1394a4c842f7861ad7ae5e20da4b484a0c4acad/a5a18824-56f6-4f5f-abb6-64683cbd37bb/a87bd802e0317674_0"
    ],
    "ultima_modificacion": "2025-08-01 01:01:34.447538"
  },
  "ba576d2fd3d7bc4c0": {
    "app_sintetizada": "BA576D2FD3D7BC4C0",
    "cantidad_archivos": 1,
    "archivos_fuente": [
      "Library/Application Support/Google/Chrome/Default/Service Worker/CacheStorage/d1394a4c842f7861ad7ae5e20da4b484a0c4acad/a5a18824-56f6-4f5f-abb6-64683cbd37bb/ba576d2fd3d7bc4c_0"
    ],
    "ultima_modificacion": "2025-08-01 01:01:34.447849"
  },
  "cd8a5c72808086900": {
    "app_sintetizada": "CD8A5C72808086900",
    "cantidad_archivos": 1,
    "archivos_fuente": [
      "Library/Application Support/Google/Chrome/Default/Service Worker/CacheStorage/d1394a4c842f7861ad7ae5e20da4b484a0c4acad/a5a18824-56f6-4f5f-abb6-64683cbd37bb/cd8a5c7280808690_0"
    ],
    "ultima_modificacion": "2025-08-01 01:01:34.448261"
  },
  "ad69fc5ea9f4ea5a0": {
    "app_sintetizada": "AD69FC5EA9F4EA5A0",
    "cantidad_archivos": 1,
    "archivos_fuente": [
      "Library/Application Support/Google/Chrome/Default/Service Worker/CacheStorage/d1394a4c842f7861ad7ae5e20da4b484a0c4acad/a5a18824-56f6-4f5f-abb6-64683cbd37bb/ad69fc5ea9f4ea5a_0"
    ],
    "ultima_modificacion": "2025-08-01 01:01:34.448580"
  },
  "c12b0c80b056ddfa0": {
    "app_sintetizada": "C12B0C80B056DDFA0",
    "cantidad_archivos": 1,
    "archivos_fuente": [
      "Library/Application Support/Google/Chrome/Default/Service Worker/CacheStorage/d1394a4c842f7861ad7ae5e20da4b484a0c4acad/a5a18824-56f6-4f5f-abb6-64683cbd37bb/c12b0c80b056ddfa_0"
    ],
    "ultima_modificacion": "2025-08-01 01:01:34.448917"
  },
  "ce8fd5c92ec10ed40": {
    "app_sintetizada": "CE8FD5C92EC10ED40",
    "cantidad_archivos": 1,
    "archivos_fuente": [
      "Library/Application Support/Google/Chrome/Default/Service Worker/CacheStorage/d1394a4c842f7861ad7ae5e20da4b484a0c4acad/a5a18824-56f6-4f5f-abb6-64683cbd37bb/ce8fd5c92ec10ed4_0"
    ],
    "ultima_modificacion": "2025-08-01 01:01:34.449240"
  },
  "b0e34a4037bc4b480": {
    "app_sintetizada": "B0E34A4037BC4B480",
    "cantidad_archivos": 1,
    "archivos_fuente": [
      "Library/Application Support/Google/Chrome/Default/Service Worker/CacheStorage/d1394a4c842f7861ad7ae5e20da4b484a0c4acad/a5a18824-56f6-4f5f-abb6-64683cbd37bb/b0e34a4037bc4b48_0"
    ],
    "ultima_modificacion": "2025-08-01 01:01:34.449567"
  },
  "dac61933655fd2530": {
    "app_sintetizada": "DAC61933655FD2530",
    "cantidad_archivos": 1,
    "archivos_fuente": [
      "Library/Application Support/Google/Chrome/Default/Service Worker/CacheStorage/d1394a4c842f7861ad7ae5e20da4b484a0c4acad/a5a18824-56f6-4f5f-abb6-64683cbd37bb/dac61933655fd253_0"
    ],
    "ultima_modificacion": "2025-08-01 01:01:34.449892"
  },
  "6c438dbf612256280": {
    "app_sintetizada": "6C438DBF612256280",
    "cantidad_archivos": 1,
    "archivos_fuente": [
      "Library/Application Support/Google/Chrome/Default/Service Worker/CacheStorage/d1394a4c842f7861ad7ae5e20da4b484a0c4acad/a5a18824-56f6-4f5f-abb6-64683cbd37bb/6c438dbf61225628_0"
    ],
    "ultima_modificacion": "2025-08-01 01:01:34.450283"
  },
  "3f0f8a753d4018770": {
    "app_sintetizada": "3F0F8A753D4018770",
    "cantidad_archivos": 1,
    "archivos_fuente": [
      "Library/Application Support/Google/Chrome/Default/Service Worker/CacheStorage/d1394a4c842f7861ad7ae5e20da4b484a0c4acad/a5a18824-56f6-4f5f-abb6-64683cbd37bb/3f0f8a753d401877_0"
    ],
    "ultima_modificacion": "2025-08-01 01:01:34.450616"
  },
  "821da71fb2dc40b20": {
    "app_sintetizada": "821DA71FB2DC40B20",
    "cantidad_archivos": 1,
    "archivos_fuente": [
      "Library/Application Support/Google/Chrome/Default/Service Worker/CacheStorage/d1394a4c842f7861ad7ae5e20da4b484a0c4acad/a5a18824-56f6-4f5f-abb6-64683cbd37bb/821da71fb2dc40b2_0"
    ],
    "ultima_modificacion": "2025-08-01 01:01:34.450943"
  },
  "c9a18e80d36b073c0": {
    "app_sintetizada": "C9A18E80D36B073C0",
    "cantidad_archivos": 1,
    "archivos_fuente": [
      "Library/Application Support/Google/Chrome/Default/Service Worker/CacheStorage/d1394a4c842f7861ad7ae5e20da4b484a0c4acad/a5a18824-56f6-4f5f-abb6-64683cbd37bb/c9a18e80d36b073c_0"
    ],
    "ultima_modificacion": "2025-08-01 01:01:34.451260"
  },
  "2f69dc969e1e3c5d0": {
    "app_sintetizada": "2F69DC969E1E3C5D0",
    "cantidad_archivos": 1,
    "archivos_fuente": [
      "Library/Application Support/Google/Chrome/Default/Service Worker/CacheStorage/d1394a4c842f7861ad7ae5e20da4b484a0c4acad/a5a18824-56f6-4f5f-abb6-64683cbd37bb/2f69dc969e1e3c5d_0"
    ],
    "ultima_modificacion": "2025-08-01 01:01:34.451575"
  },
  "d6f68a0fc2b6696c0": {
    "app_sintetizada": "D6F68A0FC2B6696C0",
    "cantidad_archivos": 1,
    "archivos_fuente": [
      "Library/Application Support/Google/Chrome/Default/Service Worker/CacheStorage/d1394a4c842f7861ad7ae5e20da4b484a0c4acad/a5a18824-56f6-4f5f-abb6-64683cbd37bb/d6f68a0fc2b6696c_0"
    ],
    "ultima_modificacion": "2025-08-01 01:01:34.451891"
  },
  "939db35dc441f6b90": {
    "app_sintetizada": "939DB35DC441F6B90",
    "cantidad_archivos": 1,
    "archivos_fuente": [
      "Library/Application Support/Google/Chrome/Default/Service Worker/CacheStorage/d1394a4c842f7861ad7ae5e20da4b484a0c4acad/a5a18824-56f6-4f5f-abb6-64683cbd37bb/939db35dc441f6b9_0"
    ],
    "ultima_modificacion": "2025-08-01 01:01:34.452199"
  },
  "cca7c789def300050": {
    "app_sintetizada": "CCA7C789DEF300050",
    "cantidad_archivos": 1,
    "archivos_fuente": [
      "Library/Application Support/Google/Chrome/Default/Service Worker/CacheStorage/d1394a4c842f7861ad7ae5e20da4b484a0c4acad/a5a18824-56f6-4f5f-abb6-64683cbd37bb/cca7c789def30005_0"
    ],
    "ultima_modificacion": "2025-08-01 01:01:34.452522"
  },
  "8c0667a77b53df0b0": {
    "app_sintetizada": "8C0667A77B53DF0B0",
    "cantidad_archivos": 1,
    "archivos_fuente": [
      "Library/Application Support/Google/Chrome/Default/Service Worker/CacheStorage/d1394a4c842f7861ad7ae5e20da4b484a0c4acad/a5a18824-56f6-4f5f-abb6-64683cbd37bb/8c0667a77b53df0b_0"
    ],
    "ultima_modificacion": "2025-08-01 01:01:34.452841"
  },
  "aba3a8ea369bd8190": {
    "app_sintetizada": "ABA3A8EA369BD8190",
    "cantidad_archivos": 1,
    "archivos_fuente": [
      "Library/Application Support/Google/Chrome/Default/Service Worker/CacheStorage/d1394a4c842f7861ad7ae5e20da4b484a0c4acad/a5a18824-56f6-4f5f-abb6-64683cbd37bb/aba3a8ea369bd819_0"
    ],
    "ultima_modificacion": "2025-08-01 01:01:34.453159"
  },
  "41d03c9142cfd3490": {
    "app_sintetizada": "41D03C9142CFD3490",
    "cantidad_archivos": 1,
    "archivos_fuente": [
      "Library/Application Support/Google/Chrome/Default/Service Worker/CacheStorage/d1394a4c842f7861ad7ae5e20da4b484a0c4acad/a5a18824-56f6-4f5f-abb6-64683cbd37bb/41d03c9142cfd349_0"
    ],
    "ultima_modificacion": "2025-08-01 01:01:34.453484"
  },
  "5d4f6875ceb15fde0": {
    "app_sintetizada": "5D4F6875CEB15FDE0",
    "cantidad_archivos": 1,
    "archivos_fuente": [
      "Library/Application Support/Google/Chrome/Default/Service Worker/CacheStorage/d1394a4c842f7861ad7ae5e20da4b484a0c4acad/a5a18824-56f6-4f5f-abb6-64683cbd37bb/5d4f6875ceb15fde_0"
    ],
    "ultima_modificacion": "2025-08-01 01:01:34.453804"
  },
  "79b222376d8d02ea0": {
    "app_sintetizada": "79B222376D8D02EA0",
    "cantidad_archivos": 1,
    "archivos_fuente": [
      "Library/Application Support/Google/Chrome/Default/Service Worker/CacheStorage/d1394a4c842f7861ad7ae5e20da4b484a0c4acad/a5a18824-56f6-4f5f-abb6-64683cbd37bb/79b222376d8d02ea_0"
    ],
    "ultima_modificacion": "2025-08-01 01:01:34.454145"
  },
  "3728067beaef9e130": {
    "app_sintetizada": "3728067BEAEF9E130",
    "cantidad_archivos": 1,
    "archivos_fuente": [
      "Library/Application Support/Google/Chrome/Default/Service Worker/CacheStorage/d1394a4c842f7861ad7ae5e20da4b484a0c4acad/a5a18824-56f6-4f5f-abb6-64683cbd37bb/3728067beaef9e13_0"
    ],
    "ultima_modificacion": "2025-08-01 01:01:34.454452"
  },
  "566d252f3d9247de0": {
    "app_sintetizada": "566D252F3D9247DE0",
    "cantidad_archivos": 1,
    "archivos_fuente": [
      "Library/Application Support/Google/Chrome/Default/Service Worker/CacheStorage/d1394a4c842f7861ad7ae5e20da4b484a0c4acad/a5a18824-56f6-4f5f-abb6-64683cbd37bb/566d252f3d9247de_0"
    ],
    "ultima_modificacion": "2025-08-01 01:01:34.454774"
  },
  "fe4401e0dd399ed50": {
    "app_sintetizada": "FE4401E0DD399ED50",
    "cantidad_archivos": 1,
    "archivos_fuente": [
      "Library/Application Support/Google/Chrome/Default/Service Worker/CacheStorage/d1394a4c842f7861ad7ae5e20da4b484a0c4acad/a5a18824-56f6-4f5f-abb6-64683cbd37bb/fe4401e0dd399ed5_0"
    ],
    "ultima_modificacion": "2025-08-01 01:01:34.455092"
  },
  "38c5b6f52810d1570": {
    "app_sintetizada": "38C5B6F52810D1570",
    "cantidad_archivos": 1,
    "archivos_fuente": [
      "Library/Application Support/Google/Chrome/Default/Service Worker/CacheStorage/d1394a4c842f7861ad7ae5e20da4b484a0c4acad/a5a18824-56f6-4f5f-abb6-64683cbd37bb/38c5b6f52810d157_0"
    ],
    "ultima_modificacion": "2025-08-01 01:01:34.455403"
  },
  "74a9ea98493a7d830": {
    "app_sintetizada": "74A9EA98493A7D830",
    "cantidad_archivos": 1,
    "archivos_fuente": [
      "Library/Application Support/Google/Chrome/Default/Service Worker/CacheStorage/d1394a4c842f7861ad7ae5e20da4b484a0c4acad/a5a18824-56f6-4f5f-abb6-64683cbd37bb/74a9ea98493a7d83_0"
    ],
    "ultima_modificacion": "2025-08-01 01:01:34.455758"
  },
  "fad0c41cd93957c60": {
    "app_sintetizada": "FAD0C41CD93957C60",
    "cantidad_archivos": 1,
    "archivos_fuente": [
      "Library/Application Support/Google/Chrome/Default/Service Worker/CacheStorage/d1394a4c842f7861ad7ae5e20da4b484a0c4acad/a5a18824-56f6-4f5f-abb6-64683cbd37bb/fad0c41cd93957c6_0"
    ],
    "ultima_modificacion": "2025-08-01 01:01:34.456077"
  },
  "c81636bf84e4a5780": {
    "app_sintetizada": "C81636BF84E4A5780",
    "cantidad_archivos": 1,
    "archivos_fuente": [
      "Library/Application Support/Google/Chrome/Default/Service Worker/CacheStorage/d1394a4c842f7861ad7ae5e20da4b484a0c4acad/a5a18824-56f6-4f5f-abb6-64683cbd37bb/c81636bf84e4a578_0"
    ],
    "ultima_modificacion": "2025-08-01 01:01:34.456375"
  },
  "f0ee95736ec7e7a20": {
    "app_sintetizada": "F0EE95736EC7E7A20",
    "cantidad_archivos": 1,
    "archivos_fuente": [
      "Library/Application Support/Google/Chrome/Default/Service Worker/CacheStorage/d1394a4c842f7861ad7ae5e20da4b484a0c4acad/a5a18824-56f6-4f5f-abb6-64683cbd37bb/f0ee95736ec7e7a2_0"
    ],
    "ultima_modificacion": "2025-08-01 01:01:34.456687"
  },
  "eb0a69d0865764c30": {
    "app_sintetizada": "EB0A69D0865764C30",
    "cantidad_archivos": 1,
    "archivos_fuente": [
      "Library/Application Support/Google/Chrome/Default/Service Worker/CacheStorage/d1394a4c842f7861ad7ae5e20da4b484a0c4acad/a5a18824-56f6-4f5f-abb6-64683cbd37bb/eb0a69d0865764c3_0"
    ],
    "ultima_modificacion": "2025-08-01 01:01:34.457016"
  },
  "ce926cf41908fea60": {
    "app_sintetizada": "CE926CF41908FEA60",
    "cantidad_archivos": 1,
    "archivos_fuente": [
      "Library/Application Support/Google/Chrome/Default/Service Worker/CacheStorage/d1394a4c842f7861ad7ae5e20da4b484a0c4acad/a5a18824-56f6-4f5f-abb6-64683cbd37bb/ce926cf41908fea6_0"
    ],
    "ultima_modificacion": "2025-08-01 01:01:34.457384"
  },
  "8a2c51120c11878d0": {
    "app_sintetizada": "8A2C51120C11878D0",
    "cantidad_archivos": 1,
    "archivos_fuente": [
      "Library/Application Support/Google/Chrome/Default/Service Worker/CacheStorage/d1394a4c842f7861ad7ae5e20da4b484a0c4acad/a5a18824-56f6-4f5f-abb6-64683cbd37bb/8a2c51120c11878d_0"
    ],
    "ultima_modificacion": "2025-08-01 01:01:34.457721"
  },
  "c344626a2d439a7a0": {
    "app_sintetizada": "C344626A2D439A7A0",
    "cantidad_archivos": 1,
    "archivos_fuente": [
      "Library/Application Support/Google/Chrome/Default/Service Worker/CacheStorage/d1394a4c842f7861ad7ae5e20da4b484a0c4acad/a5a18824-56f6-4f5f-abb6-64683cbd37bb/c344626a2d439a7a_0"
    ],
    "ultima_modificacion": "2025-08-01 01:01:34.458044"
  },
  "95f281a48315b63e0": {
    "app_sintetizada": "95F281A48315B63E0",
    "cantidad_archivos": 1,
    "archivos_fuente": [
      "Library/Application Support/Google/Chrome/Default/Service Worker/CacheStorage/d1394a4c842f7861ad7ae5e20da4b484a0c4acad/a5a18824-56f6-4f5f-abb6-64683cbd37bb/95f281a48315b63e_0"
    ],
    "ultima_modificacion": "2025-08-01 01:01:34.458371"
  },
  "5c8b438d561363420": {
    "app_sintetizada": "5C8B438D561363420",
    "cantidad_archivos": 1,
    "archivos_fuente": [
      "Library/Application Support/Google/Chrome/Default/Service Worker/CacheStorage/d1394a4c842f7861ad7ae5e20da4b484a0c4acad/a5a18824-56f6-4f5f-abb6-64683cbd37bb/5c8b438d56136342_0"
    ],
    "ultima_modificacion": "2025-08-01 01:01:34.458808"
  },
  "7ab95741f4972a530": {
    "app_sintetizada": "7AB95741F4972A530",
    "cantidad_archivos": 1,
    "archivos_fuente": [
      "Library/Application Support/Google/Chrome/Default/Service Worker/CacheStorage/d1394a4c842f7861ad7ae5e20da4b484a0c4acad/a5a18824-56f6-4f5f-abb6-64683cbd37bb/7ab95741f4972a53_0"
    ],
    "ultima_modificacion": "2025-08-01 01:01:34.459139"
  },
  "ad541d3c747f3c550": {
    "app_sintetizada": "AD541D3C747F3C550",
    "cantidad_archivos": 1,
    "archivos_fuente": [
      "Library/Application Support/Google/Chrome/Default/Service Worker/CacheStorage/d1394a4c842f7861ad7ae5e20da4b484a0c4acad/a5a18824-56f6-4f5f-abb6-64683cbd37bb/ad541d3c747f3c55_0"
    ],
    "ultima_modificacion": "2025-08-01 01:01:34.459497"
  },
  "76996fa6390beb700": {
    "app_sintetizada": "76996FA6390BEB700",
    "cantidad_archivos": 1,
    "archivos_fuente": [
      "Library/Application Support/Google/Chrome/Default/Service Worker/CacheStorage/d1394a4c842f7861ad7ae5e20da4b484a0c4acad/a5a18824-56f6-4f5f-abb6-64683cbd37bb/76996fa6390beb70_0"
    ],
    "ultima_modificacion": "2025-08-01 01:01:34.459815"
  },
  "dc61a9e7a83e5b520": {
    "app_sintetizada": "DC61A9E7A83E5B520",
    "cantidad_archivos": 1,
    "archivos_fuente": [
      "Library/Application Support/Google/Chrome/Default/Service Worker/CacheStorage/d1394a4c842f7861ad7ae5e20da4b484a0c4acad/a5a18824-56f6-4f5f-abb6-64683cbd37bb/dc61a9e7a83e5b52_0"
    ],
    "ultima_modificacion": "2025-08-01 01:01:34.460118"
  },
  "6f521381b5c1e5f30": {
    "app_sintetizada": "6F521381B5C1E5F30",
    "cantidad_archivos": 1,
    "archivos_fuente": [
      "Library/Application Support/Google/Chrome/Default/Service Worker/CacheStorage/d1394a4c842f7861ad7ae5e20da4b484a0c4acad/a5a18824-56f6-4f5f-abb6-64683cbd37bb/6f521381b5c1e5f3_0"
    ],
    "ultima_modificacion": "2025-08-01 01:01:34.460455"
  },
  "31b957c2c66f68c30": {
    "app_sintetizada": "31B957C2C66F68C30",
    "cantidad_archivos": 1,
    "archivos_fuente": [
      "Library/Application Support/Google/Chrome/Default/Service Worker/CacheStorage/d1394a4c842f7861ad7ae5e20da4b484a0c4acad/a5a18824-56f6-4f5f-abb6-64683cbd37bb/31b957c2c66f68c3_0"
    ],
    "ultima_modificacion": "2025-08-01 01:01:34.460776"
  },
  "176c0ff6936ca29a0": {
    "app_sintetizada": "176C0FF6936CA29A0",
    "cantidad_archivos": 1,
    "archivos_fuente": [
      "Library/Application Support/Google/Chrome/Default/Service Worker/CacheStorage/d1394a4c842f7861ad7ae5e20da4b484a0c4acad/a5a18824-56f6-4f5f-abb6-64683cbd37bb/176c0ff6936ca29a_0"
    ],
    "ultima_modificacion": "2025-08-01 01:01:34.461086"
  },
  "64b33ddc05db1dbb0": {
    "app_sintetizada": "64B33DDC05DB1DBB0",
    "cantidad_archivos": 1,
    "archivos_fuente": [
      "Library/Application Support/Google/Chrome/Default/Service Worker/CacheStorage/d1394a4c842f7861ad7ae5e20da4b484a0c4acad/a5a18824-56f6-4f5f-abb6-64683cbd37bb/64b33ddc05db1dbb_0"
    ],
    "ultima_modificacion": "2025-08-01 01:01:34.461417"
  },
  "959a3aeb5262b0b50": {
    "app_sintetizada": "959A3AEB5262B0B50",
    "cantidad_archivos": 1,
    "archivos_fuente": [
      "Library/Application Support/Google/Chrome/Default/Service Worker/CacheStorage/d1394a4c842f7861ad7ae5e20da4b484a0c4acad/a5a18824-56f6-4f5f-abb6-64683cbd37bb/959a3aeb5262b0b5_0"
    ],
    "ultima_modificacion": "2025-08-01 01:01:34.461713"
  },
  "f529634a585f94590": {
    "app_sintetizada": "F529634A585F94590",
    "cantidad_archivos": 1,
    "archivos_fuente": [
      "Library/Application Support/Google/Chrome/Default/Service Worker/CacheStorage/d1394a4c842f7861ad7ae5e20da4b484a0c4acad/a5a18824-56f6-4f5f-abb6-64683cbd37bb/f529634a585f9459_0"
    ],
    "ultima_modificacion": "2025-08-01 01:01:34.461953"
  },
  "b4d92dc556e067dc0": {
    "app_sintetizada": "B4D92DC556E067DC0",
    "cantidad_archivos": 1,
    "archivos_fuente": [
      "Library/Application Support/Google/Chrome/Default/Service Worker/CacheStorage/d1394a4c842f7861ad7ae5e20da4b484a0c4acad/a5a18824-56f6-4f5f-abb6-64683cbd37bb/b4d92dc556e067dc_0"
    ],
    "ultima_modificacion": "2025-08-01 01:01:34.462214"
  },
  "2b84b792402ec8510": {
    "app_sintetizada": "2B84B792402EC8510",
    "cantidad_archivos": 1,
    "archivos_fuente": [
      "Library/Application Support/Google/Chrome/Default/Service Worker/CacheStorage/d1394a4c842f7861ad7ae5e20da4b484a0c4acad/a5a18824-56f6-4f5f-abb6-64683cbd37bb/2b84b792402ec851_0"
    ],
    "ultima_modificacion": "2025-08-01 01:01:34.462486"
  },
  "123ab8b902a7599f0": {
    "app_sintetizada": "123AB8B902A7599F0",
    "cantidad_archivos": 1,
    "archivos_fuente": [
      "Library/Application Support/Google/Chrome/Default/Service Worker/CacheStorage/d1394a4c842f7861ad7ae5e20da4b484a0c4acad/a5a18824-56f6-4f5f-abb6-64683cbd37bb/123ab8b902a7599f_0"
    ],
    "ultima_modificacion": "2025-08-01 01:01:34.462903"
  },
  "82c704d6d3ad40fb0": {
    "app_sintetizada": "82C704D6D3AD40FB0",
    "cantidad_archivos": 1,
    "archivos_fuente": [
      "Library/Application Support/Google/Chrome/Default/Service Worker/CacheStorage/d1394a4c842f7861ad7ae5e20da4b484a0c4acad/a5a18824-56f6-4f5f-abb6-64683cbd37bb/82c704d6d3ad40fb_0"
    ],
    "ultima_modificacion": "2025-08-01 01:01:34.463200"
  },
  "9ad5937a71aa24610": {
    "app_sintetizada": "9AD5937A71AA24610",
    "cantidad_archivos": 1,
    "archivos_fuente": [
      "Library/Application Support/Google/Chrome/Default/Service Worker/CacheStorage/d1394a4c842f7861ad7ae5e20da4b484a0c4acad/a5a18824-56f6-4f5f-abb6-64683cbd37bb/9ad5937a71aa2461_0"
    ],
    "ultima_modificacion": "2025-08-01 01:01:34.463467"
  },
  "da7ae7bf727326c10": {
    "app_sintetizada": "DA7AE7BF727326C10",
    "cantidad_archivos": 1,
    "archivos_fuente": [
      "Library/Application Support/Google/Chrome/Default/Service Worker/CacheStorage/d1394a4c842f7861ad7ae5e20da4b484a0c4acad/a5a18824-56f6-4f5f-abb6-64683cbd37bb/da7ae7bf727326c1_0"
    ],
    "ultima_modificacion": "2025-08-01 01:01:34.463724"
  }
}