{
  "25cdadbb13e94d09823e429047bd4fcc1105c.jpeg": {
    "app_sintetizada": "25CDADBB13E94D09823E429047BD4FCC1105C.JPEG",
    "cantidad_archivos": 1,
    "archivos_fuente": [
      "Pictures/Fototeca de Fotos.photoslibrary/resources/derivatives/2/25CDADBB-13E9-4D09-823E-429047BD4FCC_1_105_c.jpeg"
    ],
    "ultima_modificacion": "2025-08-01 01:01:27.377643"
  },
  "2c1e30df99654a939576de348efacfd51105c.jpeg": {
    "app_sintetizada": "2C1E30DF99654A939576DE348EFACFD51105C.JPEG",
    "cantidad_archivos": 1,
    "archivos_fuente": [
      "Pictures/Fototeca de Fotos.photoslibrary/resources/derivatives/2/2C1E30DF-9965-4A93-9576-DE348EFACFD5_1_105_c.jpeg"
    ],
    "ultima_modificacion": "2025-08-01 01:01:27.377867"
  },
  "28b0372923ab430695852426e50a14a41105c.jpeg": {
    "app_sintetizada": "28B0372923AB430695852426E50A14A41105C.JPEG",
    "cantidad_archivos": 1,
    "archivos_fuente": [
      "Pictures/Fototeca de Fotos.photoslibrary/resources/derivatives/2/28B03729-23AB-4306-9585-2426E50A14A4_1_105_c.jpeg"
    ],
    "ultima_modificacion": "2025-08-01 01:01:27.378084"
  },
  "25147e89d3164e2e932d100b184dad581105c.jpeg": {
    "app_sintetizada": "25147E89D3164E2E932D100B184DAD581105C.JPEG",
    "cantidad_archivos": 1,
    "archivos_fuente": [
      "Pictures/Fototeca de Fotos.photoslibrary/resources/derivatives/2/25147E89-D316-4E2E-932D-100B184DAD58_1_105_c.jpeg"
    ],
    "ultima_modificacion": "2025-08-01 01:01:27.378306"
  },
  "2e953f2c950e4b62b808f877b25d35331105c.jpeg": {
    "app_sintetizada": "2E953F2C950E4B62B808F877B25D35331105C.JPEG",
    "cantidad_archivos": 1,
    "archivos_fuente": [
      "Pictures/Fototeca de Fotos.photoslibrary/resources/derivatives/2/2E953F2C-950E-4B62-B808-F877B25D3533_1_105_c.jpeg"
    ],
    "ultima_modificacion": "2025-08-01 01:01:27.378679"
  },
  "292b2850807c484e8d185a5a4ccc9be81105c.jpeg": {
    "app_sintetizada": "292B2850807C484E8D185A5A4CCC9BE81105C.JPEG",
    "cantidad_archivos": 1,
    "archivos_fuente": [
      "Pictures/Fototeca de Fotos.photoslibrary/resources/derivatives/2/292B2850-807C-484E-8D18-5A5A4CCC9BE8_1_105_c.jpeg"
    ],
    "ultima_modificacion": "2025-08-01 01:01:27.379682"
  },
  "2b6c8d66ce3a4b8ba4b864b83b7599ef1105c.jpeg": {
    "app_sintetizada": "2B6C8D66CE3A4B8BA4B864B83B7599EF1105C.JPEG",
    "cantidad_archivos": 1,
    "archivos_fuente": [
      "Pictures/Fototeca de Fotos.photoslibrary/resources/derivatives/2/2B6C8D66-CE3A-4B8B-A4B8-64B83B7599EF_1_105_c.jpeg"
    ],
    "ultima_modificacion": "2025-08-01 01:01:27.379948"
  },
  "2073b1c7961d4cbdb11369c052483c0d1105c.jpeg": {
    "app_sintetizada": "2073B1C7961D4CBDB11369C052483C0D1105C.JPEG",
    "cantidad_archivos": 1,
    "archivos_fuente": [
      "Pictures/Fototeca de Fotos.photoslibrary/resources/derivatives/2/2073B1C7-961D-4CBD-B113-69C052483C0D_1_105_c.jpeg"
    ],
    "ultima_modificacion": "2025-08-01 01:01:27.380185"
  },
  "20b7a5833681447f979eb0fab7a239671105c.jpeg": {
    "app_sintetizada": "20B7A5833681447F979EB0FAB7A239671105C.JPEG",
    "cantidad_archivos": 1,
    "archivos_fuente": [
      "Pictures/Fototeca de Fotos.photoslibrary/resources/derivatives/2/20B7A583-3681-447F-979E-B0FAB7A23967_1_105_c.jpeg"
    ],
    "ultima_modificacion": "2025-08-01 01:01:27.380415"
  },
  "26fe444e5eba492fa4eafa5ad59ddd641105c.jpeg": {
    "app_sintetizada": "26FE444E5EBA492FA4EAFA5AD59DDD641105C.JPEG",
    "cantidad_archivos": 1,
    "archivos_fuente": [
      "Pictures/Fototeca de Fotos.photoslibrary/resources/derivatives/2/26FE444E-5EBA-492F-A4EA-FA5AD59DDD64_1_105_c.jpeg"
    ],
    "ultima_modificacion": "2025-08-01 01:01:27.380650"
  },
  "26d225043b084a8e87f0e096a404dc8f1105c.jpeg": {
    "app_sintetizada": "26D225043B084A8E87F0E096A404DC8F1105C.JPEG",
    "cantidad_archivos": 1,
    "archivos_fuente": [
      "Pictures/Fototeca de Fotos.photoslibrary/resources/derivatives/2/26D22504-3B08-4A8E-87F0-E096A404DC8F_1_105_c.jpeg"
    ],
    "ultima_modificacion": "2025-08-01 01:01:27.380875"
  },
  "228c99597f6d4baf8ae26d34dfe1d74f1102o.jpeg": {
    "app_sintetizada": "228C99597F6D4BAF8AE26D34DFE1D74F1102O.JPEG",
    "cantidad_archivos": 1,
    "archivos_fuente": [
      "Pictures/Fototeca de Fotos.photoslibrary/resources/derivatives/2/228C9959-7F6D-4BAF-8AE2-6D34DFE1D74F_1_102_o.jpeg"
    ],
    "ultima_modificacion": "2025-08-01 01:01:27.381084"
  },
  "282f3e843ac34eb6b02a6e709485a1541105c.jpeg": {
    "app_sintetizada": "282F3E843AC34EB6B02A6E709485A1541105C.JPEG",
    "cantidad_archivos": 1,
    "archivos_fuente": [
      "Pictures/Fototeca de Fotos.photoslibrary/resources/derivatives/2/282F3E84-3AC3-4EB6-B02A-6E709485A154_1_105_c.jpeg"
    ],
    "ultima_modificacion": "2025-08-01 01:01:27.381290"
  },
  "2aca9153dc794b11ba8832fe98fae4ac1105c.jpeg": {
    "app_sintetizada": "2ACA9153DC794B11BA8832FE98FAE4AC1105C.JPEG",
    "cantidad_archivos": 1,
    "archivos_fuente": [
      "Pictures/Fototeca de Fotos.photoslibrary/resources/derivatives/2/2ACA9153-DC79-4B11-BA88-32FE98FAE4AC_1_105_c.jpeg"
    ],
    "ultima_modificacion": "2025-08-01 01:01:27.381497"
  },
  "22b5fa393dc24e7daf009185d934ed4f1105c.jpeg": {
    "app_sintetizada": "22B5FA393DC24E7DAF009185D934ED4F1105C.JPEG",
    "cantidad_archivos": 1,
    "archivos_fuente": [
      "Pictures/Fototeca de Fotos.photoslibrary/resources/derivatives/2/22B5FA39-3DC2-4E7D-AF00-9185D934ED4F_1_105_c.jpeg"
    ],
    "ultima_modificacion": "2025-08-01 01:01:27.381710"
  },
  "25bf349fdd524f58822345a6ddc529a91105c.jpeg": {
    "app_sintetizada": "25BF349FDD524F58822345A6DDC529A91105C.JPEG",
    "cantidad_archivos": 1,
    "archivos_fuente": [
      "Pictures/Fototeca de Fotos.photoslibrary/resources/derivatives/2/25BF349F-DD52-4F58-8223-45A6DDC529A9_1_105_c.jpeg"
    ],
    "ultima_modificacion": "2025-08-01 01:01:27.381916"
  },
  "2907d8e092bc42aeb645614f3eede93e1105c.jpeg": {
    "app_sintetizada": "2907D8E092BC42AEB645614F3EEDE93E1105C.JPEG",
    "cantidad_archivos": 1,
    "archivos_fuente": [
      "Pictures/Fototeca de Fotos.photoslibrary/resources/derivatives/2/2907D8E0-92BC-42AE-B645-614F3EEDE93E_1_105_c.jpeg"
    ],
    "ultima_modificacion": "2025-08-01 01:01:27.382123"
  },
  "2f84a5cc37f142ba9d6d545bc39aed6d1105c.jpeg": {
    "app_sintetizada": "2F84A5CC37F142BA9D6D545BC39AED6D1105C.JPEG",
    "cantidad_archivos": 1,
    "archivos_fuente": [
      "Pictures/Fototeca de Fotos.photoslibrary/resources/derivatives/2/2F84A5CC-37F1-42BA-9D6D-545BC39AED6D_1_105_c.jpeg"
    ],
    "ultima_modificacion": "2025-08-01 01:01:27.382329"
  },
  "2bb3e4be87bb497e9187ba69dbf1c9481105c.jpeg": {
    "app_sintetizada": "2BB3E4BE87BB497E9187BA69DBF1C9481105C.JPEG",
    "cantidad_archivos": 1,
    "archivos_fuente": [
      "Pictures/Fototeca de Fotos.photoslibrary/resources/derivatives/2/2BB3E4BE-87BB-497E-9187-BA69DBF1C948_1_105_c.jpeg"
    ],
    "ultima_modificacion": "2025-08-01 01:01:27.382538"
  },
  "2fb4141d768c4d98964a5b01142767ae.thm": {
    "app_sintetizada": "2FB4141D768C4D98964A5B01142767AE.THM",
    "cantidad_archivos": 1,
    "archivos_fuente": [
      "Pictures/Fototeca de Fotos.photoslibrary/resources/derivatives/2/2FB4141D-768C-4D98-964A-5B01142767AE.THM"
    ],
    "ultima_modificacion": "2025-08-01 01:01:27.382754"
  },
  "2df563514a284286878d2add6ab731a01105c.jpeg": {
    "app_sintetizada": "2DF563514A284286878D2ADD6AB731A01105C.JPEG",
    "cantidad_archivos": 1,
    "archivos_fuente": [
      "Pictures/Fototeca de Fotos.photoslibrary/resources/derivatives/2/2DF56351-4A28-4286-878D-2ADD6AB731A0_1_105_c.jpeg"
    ],
    "ultima_modificacion": "2025-08-01 01:01:27.382967"
  },
  "2d9128c1a6e64b1cb172200ef18ee7941105c.jpeg": {
    "app_sintetizada": "2D9128C1A6E64B1CB172200EF18EE7941105C.JPEG",
    "cantidad_archivos": 1,
    "archivos_fuente": [
      "Pictures/Fototeca de Fotos.photoslibrary/resources/derivatives/2/2D9128C1-A6E6-4B1C-B172-200EF18EE794_1_105_c.jpeg"
    ],
    "ultima_modificacion": "2025-08-01 01:01:27.383343"
  },
  "262ded9d5bb04cf1bf169ba1609222bd1105c.jpeg": {
    "app_sintetizada": "262DED9D5BB04CF1BF169BA1609222BD1105C.JPEG",
    "cantidad_archivos": 1,
    "archivos_fuente": [
      "Pictures/Fototeca de Fotos.photoslibrary/resources/derivatives/2/262DED9D-5BB0-4CF1-BF16-9BA1609222BD_1_105_c.jpeg"
    ],
    "ultima_modificacion": "2025-08-01 01:01:27.383793"
  },
  "2b580b5719d34c70a45f6b6e62fab1f21105c.jpeg": {
    "app_sintetizada": "2B580B5719D34C70A45F6B6E62FAB1F21105C.JPEG",
    "cantidad_archivos": 1,
    "archivos_fuente": [
      "Pictures/Fototeca de Fotos.photoslibrary/resources/derivatives/2/2B580B57-19D3-4C70-A45F-6B6E62FAB1F2_1_105_c.jpeg"
    ],
    "ultima_modificacion": "2025-08-01 01:01:27.384142"
  },
  "2c7821695c5b4fd1b81971368cf447b51105c.jpeg": {
    "app_sintetizada": "2C7821695C5B4FD1B81971368CF447B51105C.JPEG",
    "cantidad_archivos": 1,
    "archivos_fuente": [
      "Pictures/Fototeca de Fotos.photoslibrary/resources/derivatives/2/2C782169-5C5B-4FD1-B819-71368CF447B5_1_105_c.jpeg"
    ],
    "ultima_modificacion": "2025-08-01 01:01:27.385447"
  },
  "2cc94b51159d47e7bc991e702d3980c01105c.jpeg": {
    "app_sintetizada": "2CC94B51159D47E7BC991E702D3980C01105C.JPEG",
    "cantidad_archivos": 1,
    "archivos_fuente": [
      "Pictures/Fototeca de Fotos.photoslibrary/resources/derivatives/2/2CC94B51-159D-47E7-BC99-1E702D3980C0_1_105_c.jpeg"
    ],
    "ultima_modificacion": "2025-08-01 01:01:27.385785"
  },
  "2aafdff599584c79a31ecf66d8aa90a41105c.jpeg": {
    "app_sintetizada": "2AAFDFF599584C79A31ECF66D8AA90A41105C.JPEG",
    "cantidad_archivos": 1,
    "archivos_fuente": [
      "Pictures/Fototeca de Fotos.photoslibrary/resources/derivatives/2/2AAFDFF5-9958-4C79-A31E-CF66D8AA90A4_1_105_c.jpeg"
    ],
    "ultima_modificacion": "2025-08-01 01:01:27.386115"
  },
  "295accb452f645a8ad65da413a67572c1105c.jpeg": {
    "app_sintetizada": "295ACCB452F645A8AD65DA413A67572C1105C.JPEG",
    "cantidad_archivos": 1,
    "archivos_fuente": [
      "Pictures/Fototeca de Fotos.photoslibrary/resources/derivatives/2/295ACCB4-52F6-45A8-AD65-DA413A67572C_1_105_c.jpeg"
    ],
    "ultima_modificacion": "2025-08-01 01:01:27.386416"
  },
  "2b1e1985b9414eaba4f9eeb4ab5f09461105c.jpeg": {
    "app_sintetizada": "2B1E1985B9414EABA4F9EEB4AB5F09461105C.JPEG",
    "cantidad_archivos": 1,
    "archivos_fuente": [
      "Pictures/Fototeca de Fotos.photoslibrary/resources/derivatives/2/2B1E1985-B941-4EAB-A4F9-EEB4AB5F0946_1_105_c.jpeg"
    ],
    "ultima_modificacion": "2025-08-01 01:01:27.386721"
  },
  "2a70fec6fa37430482f3baf2cb0798fd1105c.jpeg": {
    "app_sintetizada": "2A70FEC6FA37430482F3BAF2CB0798FD1105C.JPEG",
    "cantidad_archivos": 1,
    "archivos_fuente": [
      "Pictures/Fototeca de Fotos.photoslibrary/resources/derivatives/2/2A70FEC6-FA37-4304-82F3-BAF2CB0798FD_1_105_c.jpeg"
    ],
    "ultima_modificacion": "2025-08-01 01:01:27.387024"
  },
  "2029e7a851fd49a68dc6e5a7776637e61105c.jpeg": {
    "app_sintetizada": "2029E7A851FD49A68DC6E5A7776637E61105C.JPEG",
    "cantidad_archivos": 1,
    "archivos_fuente": [
      "Pictures/Fototeca de Fotos.photoslibrary/resources/derivatives/2/2029E7A8-51FD-49A6-8DC6-E5A7776637E6_1_105_c.jpeg"
    ],
    "ultima_modificacion": "2025-08-01 01:01:27.387344"
  },
  "2f0f48001470462b81b940b9ae1ba6ee1105c.jpeg": {
    "app_sintetizada": "2F0F48001470462B81B940B9AE1BA6EE1105C.JPEG",
    "cantidad_archivos": 1,
    "archivos_fuente": [
      "Pictures/Fototeca de Fotos.photoslibrary/resources/derivatives/2/2F0F4800-1470-462B-81B9-40B9AE1BA6EE_1_105_c.jpeg"
    ],
    "ultima_modificacion": "2025-08-01 01:01:27.387655"
  },
  "210a92e075bc4ba4a13e560af9e0bf441105c.jpeg": {
    "app_sintetizada": "210A92E075BC4BA4A13E560AF9E0BF441105C.JPEG",
    "cantidad_archivos": 1,
    "archivos_fuente": [
      "Pictures/Fototeca de Fotos.photoslibrary/resources/derivatives/2/210A92E0-75BC-4BA4-A13E-560AF9E0BF44_1_105_c.jpeg"
    ],
    "ultima_modificacion": "2025-08-01 01:01:27.388337"
  },
  "28de2b52609a40c1830a1f7ab6c942651105c.jpeg": {
    "app_sintetizada": "28DE2B52609A40C1830A1F7AB6C942651105C.JPEG",
    "cantidad_archivos": 1,
    "archivos_fuente": [
      "Pictures/Fototeca de Fotos.photoslibrary/resources/derivatives/2/28DE2B52-609A-40C1-830A-1F7AB6C94265_1_105_c.jpeg"
    ],
    "ultima_modificacion": "2025-08-01 01:01:27.389876"
  },
  "25b9a3bc9b20438da9686d8aae7005621105c.jpeg": {
    "app_sintetizada": "25B9A3BC9B20438DA9686D8AAE7005621105C.JPEG",
    "cantidad_archivos": 1,
    "archivos_fuente": [
      "Pictures/Fototeca de Fotos.photoslibrary/resources/derivatives/2/25B9A3BC-9B20-438D-A968-6D8AAE700562_1_105_c.jpeg"
    ],
    "ultima_modificacion": "2025-08-01 01:01:27.390295"
  },
  "2fcc30e96b5a4b5aa41512bbf84e37721105c.jpeg": {
    "app_sintetizada": "2FCC30E96B5A4B5AA41512BBF84E37721105C.JPEG",
    "cantidad_archivos": 1,
    "archivos_fuente": [
      "Pictures/Fototeca de Fotos.photoslibrary/resources/derivatives/2/2FCC30E9-6B5A-4B5A-A415-12BBF84E3772_1_105_c.jpeg"
    ],
    "ultima_modificacion": "2025-08-01 01:01:27.390688"
  },
  "28df976076bc4cc88d26d2f2cd293f6a1105c.jpeg": {
    "app_sintetizada": "28DF976076BC4CC88D26D2F2CD293F6A1105C.JPEG",
    "cantidad_archivos": 1,
    "archivos_fuente": [
      "Pictures/Fototeca de Fotos.photoslibrary/resources/derivatives/2/28DF9760-76BC-4CC8-8D26-D2F2CD293F6A_1_105_c.jpeg"
    ],
    "ultima_modificacion": "2025-08-01 01:01:27.391056"
  },
  "2c26f8a155f74ce998c5732ea38028541105c.jpeg": {
    "app_sintetizada": "2C26F8A155F74CE998C5732EA38028541105C.JPEG",
    "cantidad_archivos": 1,
    "archivos_fuente": [
      "Pictures/Fototeca de Fotos.photoslibrary/resources/derivatives/2/2C26F8A1-55F7-4CE9-98C5-732EA3802854_1_105_c.jpeg"
    ],
    "ultima_modificacion": "2025-08-01 01:01:27.391403"
  },
  "2768e7c7d08b4ca19ced52699447fcd51105c.jpeg": {
    "app_sintetizada": "2768E7C7D08B4CA19CED52699447FCD51105C.JPEG",
    "cantidad_archivos": 1,
    "archivos_fuente": [
      "Pictures/Fototeca de Fotos.photoslibrary/resources/derivatives/2/2768E7C7-D08B-4CA1-9CED-52699447FCD5_1_105_c.jpeg"
    ],
    "ultima_modificacion": "2025-08-01 01:01:27.391739"
  },
  "27d30ec947d049568bb2359041b989931105c.jpeg": {
    "app_sintetizada": "27D30EC947D049568BB2359041B989931105C.JPEG",
    "cantidad_archivos": 1,
    "archivos_fuente": [
      "Pictures/Fototeca de Fotos.photoslibrary/resources/derivatives/2/27D30EC9-47D0-4956-8BB2-359041B98993_1_105_c.jpeg"
    ],
    "ultima_modificacion": "2025-08-01 01:01:27.392408"
  },
  "2b9bd1b481ff49b0b78e5239f2620a931105c.jpeg": {
    "app_sintetizada": "2B9BD1B481FF49B0B78E5239F2620A931105C.JPEG",
    "cantidad_archivos": 1,
    "archivos_fuente": [
      "Pictures/Fototeca de Fotos.photoslibrary/resources/derivatives/2/2B9BD1B4-81FF-49B0-B78E-5239F2620A93_1_105_c.jpeg"
    ],
    "ultima_modificacion": "2025-08-01 01:01:27.392919"
  },
  "2eb56d42148a435fb9645e53ce3f20c61105c.jpeg": {
    "app_sintetizada": "2EB56D42148A435FB9645E53CE3F20C61105C.JPEG",
    "cantidad_archivos": 1,
    "archivos_fuente": [
      "Pictures/Fototeca de Fotos.photoslibrary/resources/derivatives/2/2EB56D42-148A-435F-B964-5E53CE3F20C6_1_105_c.jpeg"
    ],
    "ultima_modificacion": "2025-08-01 01:01:27.393426"
  },
  "26ed0ccd5ce641ae9d07c1a0c76aaedf.thm": {
    "app_sintetizada": "26ED0CCD5CE641AE9D07C1A0C76AAEDF.THM",
    "cantidad_archivos": 1,
    "archivos_fuente": [
      "Pictures/Fototeca de Fotos.photoslibrary/resources/derivatives/2/26ED0CCD-5CE6-41AE-9D07-C1A0C76AAEDF.THM"
    ],
    "ultima_modificacion": "2025-08-01 01:01:27.393923"
  },
  "27af9820ca3e4e6c8857726d8a6b74081105c.jpeg": {
    "app_sintetizada": "27AF9820CA3E4E6C8857726D8A6B74081105C.JPEG",
    "cantidad_archivos": 1,
    "archivos_fuente": [
      "Pictures/Fototeca de Fotos.photoslibrary/resources/derivatives/2/27AF9820-CA3E-4E6C-8857-726D8A6B7408_1_105_c.jpeg"
    ],
    "ultima_modificacion": "2025-08-01 01:01:27.394329"
  },
  "202c1efab921405f947600cd5d6b35451105c.jpeg": {
    "app_sintetizada": "202C1EFAB921405F947600CD5D6B35451105C.JPEG",
    "cantidad_archivos": 1,
    "archivos_fuente": [
      "Pictures/Fototeca de Fotos.photoslibrary/resources/derivatives/2/202C1EFA-B921-405F-9476-00CD5D6B3545_1_105_c.jpeg"
    ],
    "ultima_modificacion": "2025-08-01 01:01:27.394728"
  },
  "2eb3e186c0b94cf5a951d3af2401ebf41105c.jpeg": {
    "app_sintetizada": "2EB3E186C0B94CF5A951D3AF2401EBF41105C.JPEG",
    "cantidad_archivos": 1,
    "archivos_fuente": [
      "Pictures/Fototeca de Fotos.photoslibrary/resources/derivatives/2/2EB3E186-C0B9-4CF5-A951-D3AF2401EBF4_1_105_c.jpeg"
    ],
    "ultima_modificacion": "2025-08-01 01:01:27.395086"
  },
  "2081e78eb0d34e7ba78670caba002a981105c.jpeg": {
    "app_sintetizada": "2081E78EB0D34E7BA78670CABA002A981105C.JPEG",
    "cantidad_archivos": 1,
    "archivos_fuente": [
      "Pictures/Fototeca de Fotos.photoslibrary/resources/derivatives/2/2081E78E-B0D3-4E7B-A786-70CABA002A98_1_105_c.jpeg"
    ],
    "ultima_modificacion": "2025-08-01 01:01:27.395490"
  },
  "2fc607c9a53a42af8a072bedb71503181105c.jpeg": {
    "app_sintetizada": "2FC607C9A53A42AF8A072BEDB71503181105C.JPEG",
    "cantidad_archivos": 1,
    "archivos_fuente": [
      "Pictures/Fototeca de Fotos.photoslibrary/resources/derivatives/2/2FC607C9-A53A-42AF-8A07-2BEDB7150318_1_105_c.jpeg"
    ],
    "ultima_modificacion": "2025-08-01 01:01:27.396302"
  },
  "243d593a1ef34c6ba301f186fb28e8511105c.jpeg": {
    "app_sintetizada": "243D593A1EF34C6BA301F186FB28E8511105C.JPEG",
    "cantidad_archivos": 1,
    "archivos_fuente": [
      "Pictures/Fototeca de Fotos.photoslibrary/resources/derivatives/2/243D593A-1EF3-4C6B-A301-F186FB28E851_1_105_c.jpeg"
    ],
    "ultima_modificacion": "2025-08-01 01:01:27.396679"
  },
  "2a43f0cb78114c428391e87998a5bc5c1105c.jpeg": {
    "app_sintetizada": "2A43F0CB78114C428391E87998A5BC5C1105C.JPEG",
    "cantidad_archivos": 1,
    "archivos_fuente": [
      "Pictures/Fototeca de Fotos.photoslibrary/resources/derivatives/2/2A43F0CB-7811-4C42-8391-E87998A5BC5C_1_105_c.jpeg"
    ],
    "ultima_modificacion": "2025-08-01 01:01:27.397027"
  },
  "2a6d43fe31ec42c98ff26323506c65c81105c.jpeg": {
    "app_sintetizada": "2A6D43FE31EC42C98FF26323506C65C81105C.JPEG",
    "cantidad_archivos": 1,
    "archivos_fuente": [
      "Pictures/Fototeca de Fotos.photoslibrary/resources/derivatives/2/2A6D43FE-31EC-42C9-8FF2-6323506C65C8_1_105_c.jpeg"
    ],
    "ultima_modificacion": "2025-08-01 01:01:27.397470"
  },
  "2402c16c790a41998e9c581e33f8e0741105c.jpeg": {
    "app_sintetizada": "2402C16C790A41998E9C581E33F8E0741105C.JPEG",
    "cantidad_archivos": 1,
    "archivos_fuente": [
      "Pictures/Fototeca de Fotos.photoslibrary/resources/derivatives/2/2402C16C-790A-4199-8E9C-581E33F8E074_1_105_c.jpeg"
    ],
    "ultima_modificacion": "2025-08-01 01:01:27.397840"
  },
  "2c7fad143029470f9570a97f55f8d3581105c.jpeg": {
    "app_sintetizada": "2C7FAD143029470F9570A97F55F8D3581105C.JPEG",
    "cantidad_archivos": 1,
    "archivos_fuente": [
      "Pictures/Fototeca de Fotos.photoslibrary/resources/derivatives/2/2C7FAD14-3029-470F-9570-A97F55F8D358_1_105_c.jpeg"
    ],
    "ultima_modificacion": "2025-08-01 01:01:27.398181"
  },
  "29a77b9cbd284bed8d2934870d822a681105c.jpeg": {
    "app_sintetizada": "29A77B9CBD284BED8D2934870D822A681105C.JPEG",
    "cantidad_archivos": 1,
    "archivos_fuente": [
      "Pictures/Fototeca de Fotos.photoslibrary/resources/derivatives/2/29A77B9C-BD28-4BED-8D29-34870D822A68_1_105_c.jpeg"
    ],
    "ultima_modificacion": "2025-08-01 01:01:27.398521"
  },
  "2b42651c762343388a188151d5d57efc1105c.jpeg": {
    "app_sintetizada": "2B42651C762343388A188151D5D57EFC1105C.JPEG",
    "cantidad_archivos": 1,
    "archivos_fuente": [
      "Pictures/Fototeca de Fotos.photoslibrary/resources/derivatives/2/2B42651C-7623-4338-8A18-8151D5D57EFC_1_105_c.jpeg"
    ],
    "ultima_modificacion": "2025-08-01 01:01:27.398872"
  },
  "2390627fc40247a581c64273e7f7c902.thm": {
    "app_sintetizada": "2390627FC40247A581C64273E7F7C902.THM",
    "cantidad_archivos": 1,
    "archivos_fuente": [
      "Pictures/Fototeca de Fotos.photoslibrary/resources/derivatives/2/2390627F-C402-47A5-81C6-4273E7F7C902.THM"
    ],
    "ultima_modificacion": "2025-08-01 01:01:27.399252"
  },
  "21465d55d7064b9bba5730891b0305a51105c.jpeg": {
    "app_sintetizada": "21465D55D7064B9BBA5730891B0305A51105C.JPEG",
    "cantidad_archivos": 1,
    "archivos_fuente": [
      "Pictures/Fototeca de Fotos.photoslibrary/resources/derivatives/2/21465D55-D706-4B9B-BA57-30891B0305A5_1_105_c.jpeg"
    ],
    "ultima_modificacion": "2025-08-01 01:01:27.399611"
  },
  "2c4f1c60d4d74906ad5bd70968fe8e261105c.jpeg": {
    "app_sintetizada": "2C4F1C60D4D74906AD5BD70968FE8E261105C.JPEG",
    "cantidad_archivos": 1,
    "archivos_fuente": [
      "Pictures/Fototeca de Fotos.photoslibrary/resources/derivatives/2/2C4F1C60-D4D7-4906-AD5B-D70968FE8E26_1_105_c.jpeg"
    ],
    "ultima_modificacion": "2025-08-01 01:01:27.399961"
  },
  "2e1ba8e0a94649c5a83ffbf02333be881105c.jpeg": {
    "app_sintetizada": "2E1BA8E0A94649C5A83FFBF02333BE881105C.JPEG",
    "cantidad_archivos": 1,
    "archivos_fuente": [
      "Pictures/Fototeca de Fotos.photoslibrary/resources/derivatives/2/2E1BA8E0-A946-49C5-A83F-FBF02333BE88_1_105_c.jpeg"
    ],
    "ultima_modificacion": "2025-08-01 01:01:27.400465"
  },
  "2a211f6ab8f5480989fa5519d3762c4e1105c.jpeg": {
    "app_sintetizada": "2A211F6AB8F5480989FA5519D3762C4E1105C.JPEG",
    "cantidad_archivos": 1,
    "archivos_fuente": [
      "Pictures/Fototeca de Fotos.photoslibrary/resources/derivatives/2/2A211F6A-B8F5-4809-89FA-5519D3762C4E_1_105_c.jpeg"
    ],
    "ultima_modificacion": "2025-08-01 01:01:27.401095"
  },
  "2cda1e7e641044c7927c27ce2b551cb41105c.jpeg": {
    "app_sintetizada": "2CDA1E7E641044C7927C27CE2B551CB41105C.JPEG",
    "cantidad_archivos": 1,
    "archivos_fuente": [
      "Pictures/Fototeca de Fotos.photoslibrary/resources/derivatives/2/2CDA1E7E-6410-44C7-927C-27CE2B551CB4_1_105_c.jpeg"
    ],
    "ultima_modificacion": "2025-08-01 01:01:27.401522"
  },
  "26b839152e754ca48acf38e23278672e1105c.jpeg": {
    "app_sintetizada": "26B839152E754CA48ACF38E23278672E1105C.JPEG",
    "cantidad_archivos": 1,
    "archivos_fuente": [
      "Pictures/Fototeca de Fotos.photoslibrary/resources/derivatives/2/26B83915-2E75-4CA4-8ACF-38E23278672E_1_105_c.jpeg"
    ],
    "ultima_modificacion": "2025-08-01 01:01:27.401863"
  },
  "2afa743ba4ff4f24a042a91342a393221105c.jpeg": {
    "app_sintetizada": "2AFA743BA4FF4F24A042A91342A393221105C.JPEG",
    "cantidad_archivos": 1,
    "archivos_fuente": [
      "Pictures/Fototeca de Fotos.photoslibrary/resources/derivatives/2/2AFA743B-A4FF-4F24-A042-A91342A39322_1_105_c.jpeg"
    ],
    "ultima_modificacion": "2025-08-01 01:01:27.402214"
  },
  "28cb5bada1b5421b8cf24d8c117be59c1105c.jpeg": {
    "app_sintetizada": "28CB5BADA1B5421B8CF24D8C117BE59C1105C.JPEG",
    "cantidad_archivos": 1,
    "archivos_fuente": [
      "Pictures/Fototeca de Fotos.photoslibrary/resources/derivatives/2/28CB5BAD-A1B5-421B-8CF2-4D8C117BE59C_1_105_c.jpeg"
    ],
    "ultima_modificacion": "2025-08-01 01:01:27.402578"
  },
  "21fb49c5095d43339a5dea2d19dd078e1105c.jpeg": {
    "app_sintetizada": "21FB49C5095D43339A5DEA2D19DD078E1105C.JPEG",
    "cantidad_archivos": 1,
    "archivos_fuente": [
      "Pictures/Fototeca de Fotos.photoslibrary/resources/derivatives/2/21FB49C5-095D-4333-9A5D-EA2D19DD078E_1_105_c.jpeg"
    ],
    "ultima_modificacion": "2025-08-01 01:01:27.403147"
  },
  "2ca4d4ccfbfa4955bec432c3013471991105c.jpeg": {
    "app_sintetizada": "2CA4D4CCFBFA4955BEC432C3013471991105C.JPEG",
    "cantidad_archivos": 1,
    "archivos_fuente": [
      "Pictures/Fototeca de Fotos.photoslibrary/resources/derivatives/2/2CA4D4CC-FBFA-4955-BEC4-32C301347199_1_105_c.jpeg"
    ],
    "ultima_modificacion": "2025-08-01 01:01:27.403480"
  },
  "259c7b8dea754eb585e607b6be3c20b11105c.jpeg": {
    "app_sintetizada": "259C7B8DEA754EB585E607B6BE3C20B11105C.JPEG",
    "cantidad_archivos": 1,
    "archivos_fuente": [
      "Pictures/Fototeca de Fotos.photoslibrary/resources/derivatives/2/259C7B8D-EA75-4EB5-85E6-07B6BE3C20B1_1_105_c.jpeg"
    ],
    "ultima_modificacion": "2025-08-01 01:01:27.403817"
  },
  "2b52d46cc0e64c46a459c1da0153e6f51100o.jpeg": {
    "app_sintetizada": "2B52D46CC0E64C46A459C1DA0153E6F51100O.JPEG",
    "cantidad_archivos": 1,
    "archivos_fuente": [
      "Pictures/Fototeca de Fotos.photoslibrary/resources/derivatives/2/2B52D46C-C0E6-4C46-A459-C1DA0153E6F5_1_100_o.jpeg"
    ],
    "ultima_modificacion": "2025-08-01 01:01:27.404139"
  },
  "299fef44119e4da997b1e0c2466eb1aa1105c.jpeg": {
    "app_sintetizada": "299FEF44119E4DA997B1E0C2466EB1AA1105C.JPEG",
    "cantidad_archivos": 1,
    "archivos_fuente": [
      "Pictures/Fototeca de Fotos.photoslibrary/resources/derivatives/2/299FEF44-119E-4DA9-97B1-E0C2466EB1AA_1_105_c.jpeg"
    ],
    "ultima_modificacion": "2025-08-01 01:01:27.404457"
  },
  "2a4176c395c149f19695ae0b82ef8c541105c.jpeg": {
    "app_sintetizada": "2A4176C395C149F19695AE0B82EF8C541105C.JPEG",
    "cantidad_archivos": 1,
    "archivos_fuente": [
      "Pictures/Fototeca de Fotos.photoslibrary/resources/derivatives/2/2A4176C3-95C1-49F1-9695-AE0B82EF8C54_1_105_c.jpeg"
    ],
    "ultima_modificacion": "2025-08-01 01:01:27.404796"
  },
  "2ac836dc58ba45ec8e6c146d43e7bbf51105c.jpeg": {
    "app_sintetizada": "2AC836DC58BA45EC8E6C146D43E7BBF51105C.JPEG",
    "cantidad_archivos": 1,
    "archivos_fuente": [
      "Pictures/Fototeca de Fotos.photoslibrary/resources/derivatives/2/2AC836DC-58BA-45EC-8E6C-146D43E7BBF5_1_105_c.jpeg"
    ],
    "ultima_modificacion": "2025-08-01 01:01:27.405080"
  },
  "2925d25305f444d3b6c4039057c42ae51105c.jpeg": {
    "app_sintetizada": "2925D25305F444D3B6C4039057C42AE51105C.JPEG",
    "cantidad_archivos": 1,
    "archivos_fuente": [
      "Pictures/Fototeca de Fotos.photoslibrary/resources/derivatives/2/2925D253-05F4-44D3-B6C4-039057C42AE5_1_105_c.jpeg"
    ],
    "ultima_modificacion": "2025-08-01 01:01:27.405386"
  },
  "2876085ce2bf466686ffc61cd4d42e2a1105c.jpeg": {
    "app_sintetizada": "2876085CE2BF466686FFC61CD4D42E2A1105C.JPEG",
    "cantidad_archivos": 1,
    "archivos_fuente": [
      "Pictures/Fototeca de Fotos.photoslibrary/resources/derivatives/2/2876085C-E2BF-4666-86FF-C61CD4D42E2A_1_105_c.jpeg"
    ],
    "ultima_modificacion": "2025-08-01 01:01:27.405726"
  },
  "2593f5b5c0694118ae00424d6716aa5f1105c.jpeg": {
    "app_sintetizada": "2593F5B5C0694118AE00424D6716AA5F1105C.JPEG",
    "cantidad_archivos": 1,
    "archivos_fuente": [
      "Pictures/Fototeca de Fotos.photoslibrary/resources/derivatives/2/2593F5B5-C069-4118-AE00-424D6716AA5F_1_105_c.jpeg"
    ],
    "ultima_modificacion": "2025-08-01 01:01:27.406080"
  },
  "21bb8775bdfe49aa9242431b52931c541105c.jpeg": {
    "app_sintetizada": "21BB8775BDFE49AA9242431B52931C541105C.JPEG",
    "cantidad_archivos": 1,
    "archivos_fuente": [
      "Pictures/Fototeca de Fotos.photoslibrary/resources/derivatives/2/21BB8775-BDFE-49AA-9242-431B52931C54_1_105_c.jpeg"
    ],
    "ultima_modificacion": "2025-08-01 01:01:27.406407"
  },
  "26b5f0dac9ef45e0b17d8f12207d95ca1105c.jpeg": {
    "app_sintetizada": "26B5F0DAC9EF45E0B17D8F12207D95CA1105C.JPEG",
    "cantidad_archivos": 1,
    "archivos_fuente": [
      "Pictures/Fototeca de Fotos.photoslibrary/resources/derivatives/2/26B5F0DA-C9EF-45E0-B17D-8F12207D95CA_1_105_c.jpeg"
    ],
    "ultima_modificacion": "2025-08-01 01:01:27.406823"
  },
  "2757e17f70d34cf4b3ab19786103166a1105c.jpeg": {
    "app_sintetizada": "2757E17F70D34CF4B3AB19786103166A1105C.JPEG",
    "cantidad_archivos": 1,
    "archivos_fuente": [
      "Pictures/Fototeca de Fotos.photoslibrary/resources/derivatives/2/2757E17F-70D3-4CF4-B3AB-19786103166A_1_105_c.jpeg"
    ],
    "ultima_modificacion": "2025-08-01 01:01:27.407304"
  },
  "236af31b0b3f42c0bc2368da99ac321f1105c.jpeg": {
    "app_sintetizada": "236AF31B0B3F42C0BC2368DA99AC321F1105C.JPEG",
    "cantidad_archivos": 1,
    "archivos_fuente": [
      "Pictures/Fototeca de Fotos.photoslibrary/resources/derivatives/2/236AF31B-0B3F-42C0-BC23-68DA99AC321F_1_105_c.jpeg"
    ],
    "ultima_modificacion": "2025-08-01 01:01:27.407641"
  },
  "2259fba9e9a24b34b13479dc86cc272c1105c.jpeg": {
    "app_sintetizada": "2259FBA9E9A24B34B13479DC86CC272C1105C.JPEG",
    "cantidad_archivos": 1,
    "archivos_fuente": [
      "Pictures/Fototeca de Fotos.photoslibrary/resources/derivatives/2/2259FBA9-E9A2-4B34-B134-79DC86CC272C_1_105_c.jpeg"
    ],
    "ultima_modificacion": "2025-08-01 01:01:27.407972"
  },
  "276f8a562c82412f84daf9a6308968a01105c.jpeg": {
    "app_sintetizada": "276F8A562C82412F84DAF9A6308968A01105C.JPEG",
    "cantidad_archivos": 1,
    "archivos_fuente": [
      "Pictures/Fototeca de Fotos.photoslibrary/resources/derivatives/2/276F8A56-2C82-412F-84DA-F9A6308968A0_1_105_c.jpeg"
    ],
    "ultima_modificacion": "2025-08-01 01:01:27.408349"
  },
  "279298a611ea4b8d854bbc383adb35f11105c.jpeg": {
    "app_sintetizada": "279298A611EA4B8D854BBC383ADB35F11105C.JPEG",
    "cantidad_archivos": 1,
    "archivos_fuente": [
      "Pictures/Fototeca de Fotos.photoslibrary/resources/derivatives/2/279298A6-11EA-4B8D-854B-BC383ADB35F1_1_105_c.jpeg"
    ],
    "ultima_modificacion": "2025-08-01 01:01:27.408757"
  },
  "25a1b12573f84a5f8dffe084e2e1366e1105c.jpeg": {
    "app_sintetizada": "25A1B12573F84A5F8DFFE084E2E1366E1105C.JPEG",
    "cantidad_archivos": 1,
    "archivos_fuente": [
      "Pictures/Fototeca de Fotos.photoslibrary/resources/derivatives/2/25A1B125-73F8-4A5F-8DFF-E084E2E1366E_1_105_c.jpeg"
    ],
    "ultima_modificacion": "2025-08-01 01:01:27.409112"
  },
  "2ae762922e46400d834b21661f29213d1105c.jpeg": {
    "app_sintetizada": "2AE762922E46400D834B21661F29213D1105C.JPEG",
    "cantidad_archivos": 1,
    "archivos_fuente": [
      "Pictures/Fototeca de Fotos.photoslibrary/resources/derivatives/2/2AE76292-2E46-400D-834B-21661F29213D_1_105_c.jpeg"
    ],
    "ultima_modificacion": "2025-08-01 01:01:27.409486"
  },
  "28aaf0a7401945b69920d78cdc179eaf1105c.jpeg": {
    "app_sintetizada": "28AAF0A7401945B69920D78CDC179EAF1105C.JPEG",
    "cantidad_archivos": 1,
    "archivos_fuente": [
      "Pictures/Fototeca de Fotos.photoslibrary/resources/derivatives/2/28AAF0A7-4019-45B6-9920-D78CDC179EAF_1_105_c.jpeg"
    ],
    "ultima_modificacion": "2025-08-01 01:01:27.409856"
  },
  "2dd70cbff8994105a4a56877d6e828f01105c.jpeg": {
    "app_sintetizada": "2DD70CBFF8994105A4A56877D6E828F01105C.JPEG",
    "cantidad_archivos": 1,
    "archivos_fuente": [
      "Pictures/Fototeca de Fotos.photoslibrary/resources/derivatives/2/2DD70CBF-F899-4105-A4A5-6877D6E828F0_1_105_c.jpeg"
    ],
    "ultima_modificacion": "2025-08-01 01:01:27.410211"
  },
  "2ad9c6ae5a004a4c845475565d6c2d7d1105c.jpeg": {
    "app_sintetizada": "2AD9C6AE5A004A4C845475565D6C2D7D1105C.JPEG",
    "cantidad_archivos": 1,
    "archivos_fuente": [
      "Pictures/Fototeca de Fotos.photoslibrary/resources/derivatives/2/2AD9C6AE-5A00-4A4C-8454-75565D6C2D7D_1_105_c.jpeg"
    ],
    "ultima_modificacion": "2025-08-01 01:01:27.410607"
  },
  "2b850978140e4eff95ccf7a2d607d9ac1105c.jpeg": {
    "app_sintetizada": "2B850978140E4EFF95CCF7A2D607D9AC1105C.JPEG",
    "cantidad_archivos": 1,
    "archivos_fuente": [
      "Pictures/Fototeca de Fotos.photoslibrary/resources/derivatives/2/2B850978-140E-4EFF-95CC-F7A2D607D9AC_1_105_c.jpeg"
    ],
    "ultima_modificacion": "2025-08-01 01:01:27.410957"
  },
  "2f7db7c981754680a1d325c9d71d66181105c.jpeg": {
    "app_sintetizada": "2F7DB7C981754680A1D325C9D71D66181105C.JPEG",
    "cantidad_archivos": 1,
    "archivos_fuente": [
      "Pictures/Fototeca de Fotos.photoslibrary/resources/derivatives/2/2F7DB7C9-8175-4680-A1D3-25C9D71D6618_1_105_c.jpeg"
    ],
    "ultima_modificacion": "2025-08-01 01:01:27.411304"
  },
  "26e738d7689545279611208d04dd01fc1105c.jpeg": {
    "app_sintetizada": "26E738D7689545279611208D04DD01FC1105C.JPEG",
    "cantidad_archivos": 1,
    "archivos_fuente": [
      "Pictures/Fototeca de Fotos.photoslibrary/resources/derivatives/2/26E738D7-6895-4527-9611-208D04DD01FC_1_105_c.jpeg"
    ],
    "ultima_modificacion": "2025-08-01 01:01:27.411691"
  },
  "27f75b8bdf2046e68a724dc85a2494ab1105c.jpeg": {
    "app_sintetizada": "27F75B8BDF2046E68A724DC85A2494AB1105C.JPEG",
    "cantidad_archivos": 1,
    "archivos_fuente": [
      "Pictures/Fototeca de Fotos.photoslibrary/resources/derivatives/2/27F75B8B-DF20-46E6-8A72-4DC85A2494AB_1_105_c.jpeg"
    ],
    "ultima_modificacion": "2025-08-01 01:01:27.411986"
  },
  "2db76b3360e047829a6e6fa3bf483d941105c.jpeg": {
    "app_sintetizada": "2DB76B3360E047829A6E6FA3BF483D941105C.JPEG",
    "cantidad_archivos": 1,
    "archivos_fuente": [
      "Pictures/Fototeca de Fotos.photoslibrary/resources/derivatives/2/2DB76B33-60E0-4782-9A6E-6FA3BF483D94_1_105_c.jpeg"
    ],
    "ultima_modificacion": "2025-08-01 01:01:27.412236"
  },
  "269a4187c7334f648c04ac105770b96f1105c.jpeg": {
    "app_sintetizada": "269A4187C7334F648C04AC105770B96F1105C.JPEG",
    "cantidad_archivos": 1,
    "archivos_fuente": [
      "Pictures/Fototeca de Fotos.photoslibrary/resources/derivatives/2/269A4187-C733-4F64-8C04-AC105770B96F_1_105_c.jpeg"
    ],
    "ultima_modificacion": "2025-08-01 01:01:27.412486"
  },
  "2035eb579ea94a749f0e042ec45ee6fa1105c.jpeg": {
    "app_sintetizada": "2035EB579EA94A749F0E042EC45EE6FA1105C.JPEG",
    "cantidad_archivos": 1,
    "archivos_fuente": [
      "Pictures/Fototeca de Fotos.photoslibrary/resources/derivatives/2/2035EB57-9EA9-4A74-9F0E-042EC45EE6FA_1_105_c.jpeg"
    ],
    "ultima_modificacion": "2025-08-01 01:01:27.412714"
  },
  "258e69d1a7364dd2b55e7ab9f98a866a1105c.jpeg": {
    "app_sintetizada": "258E69D1A7364DD2B55E7AB9F98A866A1105C.JPEG",
    "cantidad_archivos": 1,
    "archivos_fuente": [
      "Pictures/Fototeca de Fotos.photoslibrary/resources/derivatives/2/258E69D1-A736-4DD2-B55E-7AB9F98A866A_1_105_c.jpeg"
    ],
    "ultima_modificacion": "2025-08-01 01:01:27.412925"
  },
  "251bdde12bd343d69c9ef7ba6a68030a1105c.jpeg": {
    "app_sintetizada": "251BDDE12BD343D69C9EF7BA6A68030A1105C.JPEG",
    "cantidad_archivos": 1,
    "archivos_fuente": [
      "Pictures/Fototeca de Fotos.photoslibrary/resources/derivatives/2/251BDDE1-2BD3-43D6-9C9E-F7BA6A68030A_1_105_c.jpeg"
    ],
    "ultima_modificacion": "2025-08-01 01:01:27.413126"
  },
  "2b20a9912946474b989bc0a363e65cdc1105c.jpeg": {
    "app_sintetizada": "2B20A9912946474B989BC0A363E65CDC1105C.JPEG",
    "cantidad_archivos": 1,
    "archivos_fuente": [
      "Pictures/Fototeca de Fotos.photoslibrary/resources/derivatives/2/2B20A991-2946-474B-989B-C0A363E65CDC_1_105_c.jpeg"
    ],
    "ultima_modificacion": "2025-08-01 01:01:27.413327"
  },
  "29f4cb3a9c1248d5a34da0a66f188be41105c.jpeg": {
    "app_sintetizada": "29F4CB3A9C1248D5A34DA0A66F188BE41105C.JPEG",
    "cantidad_archivos": 1,
    "archivos_fuente": [
      "Pictures/Fototeca de Fotos.photoslibrary/resources/derivatives/2/29F4CB3A-9C12-48D5-A34D-A0A66F188BE4_1_105_c.jpeg"
    ],
    "ultima_modificacion": "2025-08-01 01:01:27.413531"
  },
  "26260914c3084daaa59dfe05643599981105c.jpeg": {
    "app_sintetizada": "26260914C3084DAAA59DFE05643599981105C.JPEG",
    "cantidad_archivos": 1,
    "archivos_fuente": [
      "Pictures/Fototeca de Fotos.photoslibrary/resources/derivatives/2/26260914-C308-4DAA-A59D-FE0564359998_1_105_c.jpeg"
    ],
    "ultima_modificacion": "2025-08-01 01:01:27.413732"
  },
  "29972e9e77db4f5db75bf67c3db359751105c.jpeg": {
    "app_sintetizada": "29972E9E77DB4F5DB75BF67C3DB359751105C.JPEG",
    "cantidad_archivos": 1,
    "archivos_fuente": [
      "Pictures/Fototeca de Fotos.photoslibrary/resources/derivatives/2/29972E9E-77DB-4F5D-B75B-F67C3DB35975_1_105_c.jpeg"
    ],
    "ultima_modificacion": "2025-08-01 01:01:27.413961"
  },
  "2452c5599d384e9e8c5c303f164bfc1c1105c.jpeg": {
    "app_sintetizada": "2452C5599D384E9E8C5C303F164BFC1C1105C.JPEG",
    "cantidad_archivos": 1,
    "archivos_fuente": [
      "Pictures/Fototeca de Fotos.photoslibrary/resources/derivatives/2/2452C559-9D38-4E9E-8C5C-303F164BFC1C_1_105_c.jpeg"
    ],
    "ultima_modificacion": "2025-08-01 01:01:27.414159"
  }
}