{
  "ed895afe2d6e48beae34ea54e7bc129f1105c.jpeg": {
    "app_sintetizada": "ED895AFE2D6E48BEAE34EA54E7BC129F1105C.JPEG",
    "cantidad_archivos": 1,
    "archivos_fuente": [
      "Pictures/Fototeca de Fotos.photoslibrary/resources/derivatives/E/ED895AFE-2D6E-48BE-AE34-EA54E7BC129F_1_105_c.jpeg"
    ],
    "ultima_modificacion": "2025-08-01 01:01:24.723647"
  },
  "e1c5921b41fa49a88c3d4cb81d8477bf1105c.jpeg": {
    "app_sintetizada": "E1C5921B41FA49A88C3D4CB81D8477BF1105C.JPEG",
    "cantidad_archivos": 1,
    "archivos_fuente": [
      "Pictures/Fototeca de Fotos.photoslibrary/resources/derivatives/E/E1C5921B-41FA-49A8-8C3D-4CB81D8477BF_1_105_c.jpeg"
    ],
    "ultima_modificacion": "2025-08-01 01:01:24.724020"
  },
  "ea724674f6f748eb8d29463cce98a6391105c.jpeg": {
    "app_sintetizada": "EA724674F6F748EB8D29463CCE98A6391105C.JPEG",
    "cantidad_archivos": 1,
    "archivos_fuente": [
      "Pictures/Fototeca de Fotos.photoslibrary/resources/derivatives/E/EA724674-F6F7-48EB-8D29-463CCE98A639_1_105_c.jpeg"
    ],
    "ultima_modificacion": "2025-08-01 01:01:24.724483"
  },
  "e3c3ae89ad584c71b556a9d03fa452511105c.jpeg": {
    "app_sintetizada": "E3C3AE89AD584C71B556A9D03FA452511105C.JPEG",
    "cantidad_archivos": 1,
    "archivos_fuente": [
      "Pictures/Fototeca de Fotos.photoslibrary/resources/derivatives/E/E3C3AE89-AD58-4C71-B556-A9D03FA45251_1_105_c.jpeg"
    ],
    "ultima_modificacion": "2025-08-01 01:01:24.724857"
  },
  "e680d30bd23e42b3bdcb1657be907a131105c.jpeg": {
    "app_sintetizada": "E680D30BD23E42B3BDCB1657BE907A131105C.JPEG",
    "cantidad_archivos": 1,
    "archivos_fuente": [
      "Pictures/Fototeca de Fotos.photoslibrary/resources/derivatives/E/E680D30B-D23E-42B3-BDCB-1657BE907A13_1_105_c.jpeg"
    ],
    "ultima_modificacion": "2025-08-01 01:01:24.725721"
  },
  "ec1c876df04243009f4fe685dd6603591105c.jpeg": {
    "app_sintetizada": "EC1C876DF04243009F4FE685DD6603591105C.JPEG",
    "cantidad_archivos": 1,
    "archivos_fuente": [
      "Pictures/Fototeca de Fotos.photoslibrary/resources/derivatives/E/EC1C876D-F042-4300-9F4F-E685DD660359_1_105_c.jpeg"
    ],
    "ultima_modificacion": "2025-08-01 01:01:24.726201"
  },
  "e262a749ff1b4b21a0ddf66b4df6258e1105c.jpeg": {
    "app_sintetizada": "E262A749FF1B4B21A0DDF66B4DF6258E1105C.JPEG",
    "cantidad_archivos": 1,
    "archivos_fuente": [
      "Pictures/Fototeca de Fotos.photoslibrary/resources/derivatives/E/E262A749-FF1B-4B21-A0DD-F66B4DF6258E_1_105_c.jpeg"
    ],
    "ultima_modificacion": "2025-08-01 01:01:24.726690"
  },
  "e1dee06b0dcf43de9effba47104409681105c.jpeg": {
    "app_sintetizada": "E1DEE06B0DCF43DE9EFFBA47104409681105C.JPEG",
    "cantidad_archivos": 1,
    "archivos_fuente": [
      "Pictures/Fototeca de Fotos.photoslibrary/resources/derivatives/E/E1DEE06B-0DCF-43DE-9EFF-BA4710440968_1_105_c.jpeg"
    ],
    "ultima_modificacion": "2025-08-01 01:01:24.727082"
  },
  "eb900725e00a42a291329c247b87fdc71105c.jpeg": {
    "app_sintetizada": "EB900725E00A42A291329C247B87FDC71105C.JPEG",
    "cantidad_archivos": 1,
    "archivos_fuente": [
      "Pictures/Fototeca de Fotos.photoslibrary/resources/derivatives/E/EB900725-E00A-42A2-9132-9C247B87FDC7_1_105_c.jpeg"
    ],
    "ultima_modificacion": "2025-08-01 01:01:24.727435"
  },
  "e6105d5ed83d4088a1b9ab40a3c00ded1105c.jpeg": {
    "app_sintetizada": "E6105D5ED83D4088A1B9AB40A3C00DED1105C.JPEG",
    "cantidad_archivos": 1,
    "archivos_fuente": [
      "Pictures/Fototeca de Fotos.photoslibrary/resources/derivatives/E/E6105D5E-D83D-4088-A1B9-AB40A3C00DED_1_105_c.jpeg"
    ],
    "ultima_modificacion": "2025-08-01 01:01:24.728399"
  },
  "ea0e3f43181a4df883a205b5185e3dfb1105c.jpeg": {
    "app_sintetizada": "EA0E3F43181A4DF883A205B5185E3DFB1105C.JPEG",
    "cantidad_archivos": 1,
    "archivos_fuente": [
      "Pictures/Fototeca de Fotos.photoslibrary/resources/derivatives/E/EA0E3F43-181A-4DF8-83A2-05B5185E3DFB_1_105_c.jpeg"
    ],
    "ultima_modificacion": "2025-08-01 01:01:24.729605"
  },
  "e0267442039241cdb1a8b8d9e92238311105c.jpeg": {
    "app_sintetizada": "E0267442039241CDB1A8B8D9E92238311105C.JPEG",
    "cantidad_archivos": 1,
    "archivos_fuente": [
      "Pictures/Fototeca de Fotos.photoslibrary/resources/derivatives/E/E0267442-0392-41CD-B1A8-B8D9E9223831_1_105_c.jpeg"
    ],
    "ultima_modificacion": "2025-08-01 01:01:24.730167"
  },
  "e7f7feff6a6b4577a55db6fc30f0eaa41105c.jpeg": {
    "app_sintetizada": "E7F7FEFF6A6B4577A55DB6FC30F0EAA41105C.JPEG",
    "cantidad_archivos": 1,
    "archivos_fuente": [
      "Pictures/Fototeca de Fotos.photoslibrary/resources/derivatives/E/E7F7FEFF-6A6B-4577-A55D-B6FC30F0EAA4_1_105_c.jpeg"
    ],
    "ultima_modificacion": "2025-08-01 01:01:24.732124"
  },
  "ee8fc5576db04583b3fb9552460d2b891105c.jpeg": {
    "app_sintetizada": "EE8FC5576DB04583B3FB9552460D2B891105C.JPEG",
    "cantidad_archivos": 1,
    "archivos_fuente": [
      "Pictures/Fototeca de Fotos.photoslibrary/resources/derivatives/E/EE8FC557-6DB0-4583-B3FB-9552460D2B89_1_105_c.jpeg"
    ],
    "ultima_modificacion": "2025-08-01 01:01:24.732633"
  },
  "ece15e6d1e7248ce932805b372643c321105c.jpeg": {
    "app_sintetizada": "ECE15E6D1E7248CE932805B372643C321105C.JPEG",
    "cantidad_archivos": 1,
    "archivos_fuente": [
      "Pictures/Fototeca de Fotos.photoslibrary/resources/derivatives/E/ECE15E6D-1E72-48CE-9328-05B372643C32_1_105_c.jpeg"
    ],
    "ultima_modificacion": "2025-08-01 01:01:24.733161"
  },
  "e8d399fa3975460b82b03b843908167d.thm": {
    "app_sintetizada": "E8D399FA3975460B82B03B843908167D.THM",
    "cantidad_archivos": 1,
    "archivos_fuente": [
      "Pictures/Fototeca de Fotos.photoslibrary/resources/derivatives/E/E8D399FA-3975-460B-82B0-3B843908167D.THM"
    ],
    "ultima_modificacion": "2025-08-01 01:01:24.733704"
  },
  "edf3966499e34ead8ee654af7403bda91100o.jpeg": {
    "app_sintetizada": "EDF3966499E34EAD8EE654AF7403BDA91100O.JPEG",
    "cantidad_archivos": 1,
    "archivos_fuente": [
      "Pictures/Fototeca de Fotos.photoslibrary/resources/derivatives/E/EDF39664-99E3-4EAD-8EE6-54AF7403BDA9_1_100_o.jpeg"
    ],
    "ultima_modificacion": "2025-08-01 01:01:24.734252"
  },
  "e75b2fc9d0af4f9a94ef92c0ec92a9e21105c.jpeg": {
    "app_sintetizada": "E75B2FC9D0AF4F9A94EF92C0EC92A9E21105C.JPEG",
    "cantidad_archivos": 1,
    "archivos_fuente": [
      "Pictures/Fototeca de Fotos.photoslibrary/resources/derivatives/E/E75B2FC9-D0AF-4F9A-94EF-92C0EC92A9E2_1_105_c.jpeg"
    ],
    "ultima_modificacion": "2025-08-01 01:01:24.735080"
  },
  "e5a77248e5fb4ba4949c1134eaf68e121105c.jpeg": {
    "app_sintetizada": "E5A77248E5FB4BA4949C1134EAF68E121105C.JPEG",
    "cantidad_archivos": 1,
    "archivos_fuente": [
      "Pictures/Fototeca de Fotos.photoslibrary/resources/derivatives/E/E5A77248-E5FB-4BA4-949C-1134EAF68E12_1_105_c.jpeg"
    ],
    "ultima_modificacion": "2025-08-01 01:01:24.735445"
  },
  "e4890b40241240c691d0dcce398e8d811105c.jpeg": {
    "app_sintetizada": "E4890B40241240C691D0DCCE398E8D811105C.JPEG",
    "cantidad_archivos": 1,
    "archivos_fuente": [
      "Pictures/Fototeca de Fotos.photoslibrary/resources/derivatives/E/E4890B40-2412-40C6-91D0-DCCE398E8D81_1_105_c.jpeg"
    ],
    "ultima_modificacion": "2025-08-01 01:01:24.735779"
  },
  "efa92e7ed6fc4ac6bce6e11d271110a21105c.jpeg": {
    "app_sintetizada": "EFA92E7ED6FC4AC6BCE6E11D271110A21105C.JPEG",
    "cantidad_archivos": 1,
    "archivos_fuente": [
      "Pictures/Fototeca de Fotos.photoslibrary/resources/derivatives/E/EFA92E7E-D6FC-4AC6-BCE6-E11D271110A2_1_105_c.jpeg"
    ],
    "ultima_modificacion": "2025-08-01 01:01:24.736164"
  },
  "e0001065b080486d98102f6368cf99001105c.jpeg": {
    "app_sintetizada": "E0001065B080486D98102F6368CF99001105C.JPEG",
    "cantidad_archivos": 1,
    "archivos_fuente": [
      "Pictures/Fototeca de Fotos.photoslibrary/resources/derivatives/E/E0001065-B080-486D-9810-2F6368CF9900_1_105_c.jpeg"
    ],
    "ultima_modificacion": "2025-08-01 01:01:24.736561"
  },
  "efe1e8f191694c49a9a15b526354a9fb1105c.jpeg": {
    "app_sintetizada": "EFE1E8F191694C49A9A15B526354A9FB1105C.JPEG",
    "cantidad_archivos": 1,
    "archivos_fuente": [
      "Pictures/Fototeca de Fotos.photoslibrary/resources/derivatives/E/EFE1E8F1-9169-4C49-A9A1-5B526354A9FB_1_105_c.jpeg"
    ],
    "ultima_modificacion": "2025-08-01 01:01:24.736916"
  },
  "e512a89a47034d8f84421963cdcb07b41105c.jpeg": {
    "app_sintetizada": "E512A89A47034D8F84421963CDCB07B41105C.JPEG",
    "cantidad_archivos": 1,
    "archivos_fuente": [
      "Pictures/Fototeca de Fotos.photoslibrary/resources/derivatives/E/E512A89A-4703-4D8F-8442-1963CDCB07B4_1_105_c.jpeg"
    ],
    "ultima_modificacion": "2025-08-01 01:01:24.737295"
  },
  "e540fe7e1c834cefb77853774ce5af5c1105c.jpeg": {
    "app_sintetizada": "E540FE7E1C834CEFB77853774CE5AF5C1105C.JPEG",
    "cantidad_archivos": 1,
    "archivos_fuente": [
      "Pictures/Fototeca de Fotos.photoslibrary/resources/derivatives/E/E540FE7E-1C83-4CEF-B778-53774CE5AF5C_1_105_c.jpeg"
    ],
    "ultima_modificacion": "2025-08-01 01:01:24.737660"
  },
  "efb1c0d9c500416ba1553ac0efff03461105c.jpeg": {
    "app_sintetizada": "EFB1C0D9C500416BA1553AC0EFFF03461105C.JPEG",
    "cantidad_archivos": 1,
    "archivos_fuente": [
      "Pictures/Fototeca de Fotos.photoslibrary/resources/derivatives/E/EFB1C0D9-C500-416B-A155-3AC0EFFF0346_1_105_c.jpeg"
    ],
    "ultima_modificacion": "2025-08-01 01:01:24.738045"
  },
  "e0d21cfd3dcf4d4b9a24adbb4f3da4cb1105c.jpeg": {
    "app_sintetizada": "E0D21CFD3DCF4D4B9A24ADBB4F3DA4CB1105C.JPEG",
    "cantidad_archivos": 1,
    "archivos_fuente": [
      "Pictures/Fototeca de Fotos.photoslibrary/resources/derivatives/E/E0D21CFD-3DCF-4D4B-9A24-ADBB4F3DA4CB_1_105_c.jpeg"
    ],
    "ultima_modificacion": "2025-08-01 01:01:24.738449"
  },
  "e37d4ff08fc749b0b66b648145a69ea81105c.jpeg": {
    "app_sintetizada": "E37D4FF08FC749B0B66B648145A69EA81105C.JPEG",
    "cantidad_archivos": 1,
    "archivos_fuente": [
      "Pictures/Fototeca de Fotos.photoslibrary/resources/derivatives/E/E37D4FF0-8FC7-49B0-B66B-648145A69EA8_1_105_c.jpeg"
    ],
    "ultima_modificacion": "2025-08-01 01:01:24.738760"
  },
  "e2567251fcb948f8b6cda13eaeb156c51105c.jpeg": {
    "app_sintetizada": "E2567251FCB948F8B6CDA13EAEB156C51105C.JPEG",
    "cantidad_archivos": 1,
    "archivos_fuente": [
      "Pictures/Fototeca de Fotos.photoslibrary/resources/derivatives/E/E2567251-FCB9-48F8-B6CD-A13EAEB156C5_1_105_c.jpeg"
    ],
    "ultima_modificacion": "2025-08-01 01:01:24.739139"
  },
  "ee1a22337c764585b0b46c2dce4bd12b1105c.jpeg": {
    "app_sintetizada": "EE1A22337C764585B0B46C2DCE4BD12B1105C.JPEG",
    "cantidad_archivos": 1,
    "archivos_fuente": [
      "Pictures/Fototeca de Fotos.photoslibrary/resources/derivatives/E/EE1A2233-7C76-4585-B0B4-6C2DCE4BD12B_1_105_c.jpeg"
    ],
    "ultima_modificacion": "2025-08-01 01:01:24.739483"
  },
  "e421f93bbc08496180b62570db5b7e94.thm": {
    "app_sintetizada": "E421F93BBC08496180B62570DB5B7E94.THM",
    "cantidad_archivos": 1,
    "archivos_fuente": [
      "Pictures/Fototeca de Fotos.photoslibrary/resources/derivatives/E/E421F93B-BC08-4961-80B6-2570DB5B7E94.THM"
    ],
    "ultima_modificacion": "2025-08-01 01:01:24.739807"
  },
  "eba70128c5454f1baad08551d9f9a1981105c.jpeg": {
    "app_sintetizada": "EBA70128C5454F1BAAD08551D9F9A1981105C.JPEG",
    "cantidad_archivos": 1,
    "archivos_fuente": [
      "Pictures/Fototeca de Fotos.photoslibrary/resources/derivatives/E/EBA70128-C545-4F1B-AAD0-8551D9F9A198_1_105_c.jpeg"
    ],
    "ultima_modificacion": "2025-08-01 01:01:24.740117"
  },
  "e29268347d844e72bef87f1cb03829d6.thm": {
    "app_sintetizada": "E29268347D844E72BEF87F1CB03829D6.THM",
    "cantidad_archivos": 1,
    "archivos_fuente": [
      "Pictures/Fototeca de Fotos.photoslibrary/resources/derivatives/E/E2926834-7D84-4E72-BEF8-7F1CB03829D6.THM"
    ],
    "ultima_modificacion": "2025-08-01 01:01:24.740526"
  },
  "eca2e9bd94bb4f5b966b03da0d8a121f1105c.jpeg": {
    "app_sintetizada": "ECA2E9BD94BB4F5B966B03DA0D8A121F1105C.JPEG",
    "cantidad_archivos": 1,
    "archivos_fuente": [
      "Pictures/Fototeca de Fotos.photoslibrary/resources/derivatives/E/ECA2E9BD-94BB-4F5B-966B-03DA0D8A121F_1_105_c.jpeg"
    ],
    "ultima_modificacion": "2025-08-01 01:01:24.740894"
  },
  "ec3216886f714e84b78b1674bd9716111105c.jpeg": {
    "app_sintetizada": "EC3216886F714E84B78B1674BD9716111105C.JPEG",
    "cantidad_archivos": 1,
    "archivos_fuente": [
      "Pictures/Fototeca de Fotos.photoslibrary/resources/derivatives/E/EC321688-6F71-4E84-B78B-1674BD971611_1_105_c.jpeg"
    ],
    "ultima_modificacion": "2025-08-01 01:01:24.741206"
  },
  "e23b9bc663034e57b64d0ba9dc7248eb1105c.jpeg": {
    "app_sintetizada": "E23B9BC663034E57B64D0BA9DC7248EB1105C.JPEG",
    "cantidad_archivos": 1,
    "archivos_fuente": [
      "Pictures/Fototeca de Fotos.photoslibrary/resources/derivatives/E/E23B9BC6-6303-4E57-B64D-0BA9DC7248EB_1_105_c.jpeg"
    ],
    "ultima_modificacion": "2025-08-01 01:01:24.741534"
  },
  "e1f93a9f0969403a80544ed78652dd6e1105c.jpeg": {
    "app_sintetizada": "E1F93A9F0969403A80544ED78652DD6E1105C.JPEG",
    "cantidad_archivos": 1,
    "archivos_fuente": [
      "Pictures/Fototeca de Fotos.photoslibrary/resources/derivatives/E/E1F93A9F-0969-403A-8054-4ED78652DD6E_1_105_c.jpeg"
    ],
    "ultima_modificacion": "2025-08-01 01:01:24.741955"
  },
  "e83321ed2c6b49a29d93ec174546076c1105c.jpeg": {
    "app_sintetizada": "E83321ED2C6B49A29D93EC174546076C1105C.JPEG",
    "cantidad_archivos": 1,
    "archivos_fuente": [
      "Pictures/Fototeca de Fotos.photoslibrary/resources/derivatives/E/E83321ED-2C6B-49A2-9D93-EC174546076C_1_105_c.jpeg"
    ],
    "ultima_modificacion": "2025-08-01 01:01:24.742283"
  },
  "e03d634ecaaa40228bcbe808e0348d44.thm": {
    "app_sintetizada": "E03D634ECAAA40228BCBE808E0348D44.THM",
    "cantidad_archivos": 1,
    "archivos_fuente": [
      "Pictures/Fototeca de Fotos.photoslibrary/resources/derivatives/E/E03D634E-CAAA-4022-8BCB-E808E0348D44.THM"
    ],
    "ultima_modificacion": "2025-08-01 01:01:24.742630"
  },
  "ef9001dfbcaa4ae2a8c87f2afe0545571105c.jpeg": {
    "app_sintetizada": "EF9001DFBCAA4AE2A8C87F2AFE0545571105C.JPEG",
    "cantidad_archivos": 1,
    "archivos_fuente": [
      "Pictures/Fototeca de Fotos.photoslibrary/resources/derivatives/E/EF9001DF-BCAA-4AE2-A8C8-7F2AFE054557_1_105_c.jpeg"
    ],
    "ultima_modificacion": "2025-08-01 01:01:24.742957"
  },
  "ead6b9f7022b42eeb36c61fb38b7886a1105c.jpeg": {
    "app_sintetizada": "EAD6B9F7022B42EEB36C61FB38B7886A1105C.JPEG",
    "cantidad_archivos": 1,
    "archivos_fuente": [
      "Pictures/Fototeca de Fotos.photoslibrary/resources/derivatives/E/EAD6B9F7-022B-42EE-B36C-61FB38B7886A_1_105_c.jpeg"
    ],
    "ultima_modificacion": "2025-08-01 01:01:24.743281"
  },
  "ead09a834533432e9e0a790814c2cde31105c.jpeg": {
    "app_sintetizada": "EAD09A834533432E9E0A790814C2CDE31105C.JPEG",
    "cantidad_archivos": 1,
    "archivos_fuente": [
      "Pictures/Fototeca de Fotos.photoslibrary/resources/derivatives/E/EAD09A83-4533-432E-9E0A-790814C2CDE3_1_105_c.jpeg"
    ],
    "ultima_modificacion": "2025-08-01 01:01:24.743596"
  },
  "e7aeb730dcfd49cab579a497027886ce1105c.jpeg": {
    "app_sintetizada": "E7AEB730DCFD49CAB579A497027886CE1105C.JPEG",
    "cantidad_archivos": 1,
    "archivos_fuente": [
      "Pictures/Fototeca de Fotos.photoslibrary/resources/derivatives/E/E7AEB730-DCFD-49CA-B579-A497027886CE_1_105_c.jpeg"
    ],
    "ultima_modificacion": "2025-08-01 01:01:24.743896"
  },
  "ec6b15862cf04ab9aa6cc93f38f1e8a51105c.jpeg": {
    "app_sintetizada": "EC6B15862CF04AB9AA6CC93F38F1E8A51105C.JPEG",
    "cantidad_archivos": 1,
    "archivos_fuente": [
      "Pictures/Fototeca de Fotos.photoslibrary/resources/derivatives/E/EC6B1586-2CF0-4AB9-AA6C-C93F38F1E8A5_1_105_c.jpeg"
    ],
    "ultima_modificacion": "2025-08-01 01:01:24.744197"
  },
  "e97a6c43dbdb41c8abfe3955df7bb6051105c.jpeg": {
    "app_sintetizada": "E97A6C43DBDB41C8ABFE3955DF7BB6051105C.JPEG",
    "cantidad_archivos": 1,
    "archivos_fuente": [
      "Pictures/Fototeca de Fotos.photoslibrary/resources/derivatives/E/E97A6C43-DBDB-41C8-ABFE-3955DF7BB605_1_105_c.jpeg"
    ],
    "ultima_modificacion": "2025-08-01 01:01:24.744510"
  },
  "eb2cadf30883457bb8f1165aed3da26c1105c.jpeg": {
    "app_sintetizada": "EB2CADF30883457BB8F1165AED3DA26C1105C.JPEG",
    "cantidad_archivos": 1,
    "archivos_fuente": [
      "Pictures/Fototeca de Fotos.photoslibrary/resources/derivatives/E/EB2CADF3-0883-457B-B8F1-165AED3DA26C_1_105_c.jpeg"
    ],
    "ultima_modificacion": "2025-08-01 01:01:24.744829"
  },
  "eff79cd91e0b4bde99d54de857c157131105c.jpeg": {
    "app_sintetizada": "EFF79CD91E0B4BDE99D54DE857C157131105C.JPEG",
    "cantidad_archivos": 1,
    "archivos_fuente": [
      "Pictures/Fototeca de Fotos.photoslibrary/resources/derivatives/E/EFF79CD9-1E0B-4BDE-99D5-4DE857C15713_1_105_c.jpeg"
    ],
    "ultima_modificacion": "2025-08-01 01:01:24.745148"
  },
  "e74fdd21ff8c46bea35a3e8aa058e9951105c.jpeg": {
    "app_sintetizada": "E74FDD21FF8C46BEA35A3E8AA058E9951105C.JPEG",
    "cantidad_archivos": 1,
    "archivos_fuente": [
      "Pictures/Fototeca de Fotos.photoslibrary/resources/derivatives/E/E74FDD21-FF8C-46BE-A35A-3E8AA058E995_1_105_c.jpeg"
    ],
    "ultima_modificacion": "2025-08-01 01:01:24.745461"
  },
  "e663f570c9594d5b9b34e66fd85378071102o.jpeg": {
    "app_sintetizada": "E663F570C9594D5B9B34E66FD85378071102O.JPEG",
    "cantidad_archivos": 1,
    "archivos_fuente": [
      "Pictures/Fototeca de Fotos.photoslibrary/resources/derivatives/E/E663F570-C959-4D5B-9B34-E66FD8537807_1_102_o.jpeg"
    ],
    "ultima_modificacion": "2025-08-01 01:01:24.745774"
  },
  "e18d4f4557e34f84bf51e7da7654f8461105c.jpeg": {
    "app_sintetizada": "E18D4F4557E34F84BF51E7DA7654F8461105C.JPEG",
    "cantidad_archivos": 1,
    "archivos_fuente": [
      "Pictures/Fototeca de Fotos.photoslibrary/resources/derivatives/E/E18D4F45-57E3-4F84-BF51-E7DA7654F846_1_105_c.jpeg"
    ],
    "ultima_modificacion": "2025-08-01 01:01:24.746089"
  },
  "e177ef13423849ea9612ead8daf851dc1105c.jpeg": {
    "app_sintetizada": "E177EF13423849EA9612EAD8DAF851DC1105C.JPEG",
    "cantidad_archivos": 1,
    "archivos_fuente": [
      "Pictures/Fototeca de Fotos.photoslibrary/resources/derivatives/E/E177EF13-4238-49EA-9612-EAD8DAF851DC_1_105_c.jpeg"
    ],
    "ultima_modificacion": "2025-08-01 01:01:24.746450"
  },
  "e1d829520e2c478caac103901dbd2f9f1105c.jpeg": {
    "app_sintetizada": "E1D829520E2C478CAAC103901DBD2F9F1105C.JPEG",
    "cantidad_archivos": 1,
    "archivos_fuente": [
      "Pictures/Fototeca de Fotos.photoslibrary/resources/derivatives/E/E1D82952-0E2C-478C-AAC1-03901DBD2F9F_1_105_c.jpeg"
    ],
    "ultima_modificacion": "2025-08-01 01:01:24.746789"
  },
  "e9add9ab4afd4d73bc014af2fb2d14041105c.jpeg": {
    "app_sintetizada": "E9ADD9AB4AFD4D73BC014AF2FB2D14041105C.JPEG",
    "cantidad_archivos": 1,
    "archivos_fuente": [
      "Pictures/Fototeca de Fotos.photoslibrary/resources/derivatives/E/E9ADD9AB-4AFD-4D73-BC01-4AF2FB2D1404_1_105_c.jpeg"
    ],
    "ultima_modificacion": "2025-08-01 01:01:24.747132"
  },
  "e6611592e34d438abce18d480bf42bfe1105c.jpeg": {
    "app_sintetizada": "E6611592E34D438ABCE18D480BF42BFE1105C.JPEG",
    "cantidad_archivos": 1,
    "archivos_fuente": [
      "Pictures/Fototeca de Fotos.photoslibrary/resources/derivatives/E/E6611592-E34D-438A-BCE1-8D480BF42BFE_1_105_c.jpeg"
    ],
    "ultima_modificacion": "2025-08-01 01:01:24.747433"
  },
  "e1ee1868ce6d4bfbaaf6a401e09f49d21105c.jpeg": {
    "app_sintetizada": "E1EE1868CE6D4BFBAAF6A401E09F49D21105C.JPEG",
    "cantidad_archivos": 1,
    "archivos_fuente": [
      "Pictures/Fototeca de Fotos.photoslibrary/resources/derivatives/E/E1EE1868-CE6D-4BFB-AAF6-A401E09F49D2_1_105_c.jpeg"
    ],
    "ultima_modificacion": "2025-08-01 01:01:24.747817"
  },
  "e61a650a70ac4f75acd6d3d0e7a33f22.thm": {
    "app_sintetizada": "E61A650A70AC4F75ACD6D3D0E7A33F22.THM",
    "cantidad_archivos": 1,
    "archivos_fuente": [
      "Pictures/Fototeca de Fotos.photoslibrary/resources/derivatives/E/E61A650A-70AC-4F75-ACD6-D3D0E7A33F22.THM"
    ],
    "ultima_modificacion": "2025-08-01 01:01:24.748152"
  },
  "ed51f2c70fca49f8a40cb1c84bcdd90a1105c.jpeg": {
    "app_sintetizada": "ED51F2C70FCA49F8A40CB1C84BCDD90A1105C.JPEG",
    "cantidad_archivos": 1,
    "archivos_fuente": [
      "Pictures/Fototeca de Fotos.photoslibrary/resources/derivatives/E/ED51F2C7-0FCA-49F8-A40C-B1C84BCDD90A_1_105_c.jpeg"
    ],
    "ultima_modificacion": "2025-08-01 01:01:24.748487"
  },
  "eeedd26946a240edbba521040f75cd111105c.jpeg": {
    "app_sintetizada": "EEEDD26946A240EDBBA521040F75CD111105C.JPEG",
    "cantidad_archivos": 1,
    "archivos_fuente": [
      "Pictures/Fototeca de Fotos.photoslibrary/resources/derivatives/E/EEEDD269-46A2-40ED-BBA5-21040F75CD11_1_105_c.jpeg"
    ],
    "ultima_modificacion": "2025-08-01 01:01:24.748835"
  },
  "e5fb9066adbe49a8a55fa7bae426d8d61105c.jpeg": {
    "app_sintetizada": "E5FB9066ADBE49A8A55FA7BAE426D8D61105C.JPEG",
    "cantidad_archivos": 1,
    "archivos_fuente": [
      "Pictures/Fototeca de Fotos.photoslibrary/resources/derivatives/E/E5FB9066-ADBE-49A8-A55F-A7BAE426D8D6_1_105_c.jpeg"
    ],
    "ultima_modificacion": "2025-08-01 01:01:24.749170"
  },
  "e5d5d0b2fcd44275b44b25a474b7d2511105c.jpeg": {
    "app_sintetizada": "E5D5D0B2FCD44275B44B25A474B7D2511105C.JPEG",
    "cantidad_archivos": 1,
    "archivos_fuente": [
      "Pictures/Fototeca de Fotos.photoslibrary/resources/derivatives/E/E5D5D0B2-FCD4-4275-B44B-25A474B7D251_1_105_c.jpeg"
    ],
    "ultima_modificacion": "2025-08-01 01:01:24.749493"
  },
  "eafe2bd28aba45598e847efca634f0481102o.jpeg": {
    "app_sintetizada": "EAFE2BD28ABA45598E847EFCA634F0481102O.JPEG",
    "cantidad_archivos": 1,
    "archivos_fuente": [
      "Pictures/Fototeca de Fotos.photoslibrary/resources/derivatives/E/EAFE2BD2-8ABA-4559-8E84-7EFCA634F048_1_102_o.jpeg"
    ],
    "ultima_modificacion": "2025-08-01 01:01:24.749866"
  },
  "ec53d47a4d7b40c0aa24eff0f5b000c51105c.jpeg": {
    "app_sintetizada": "EC53D47A4D7B40C0AA24EFF0F5B000C51105C.JPEG",
    "cantidad_archivos": 1,
    "archivos_fuente": [
      "Pictures/Fototeca de Fotos.photoslibrary/resources/derivatives/E/EC53D47A-4D7B-40C0-AA24-EFF0F5B000C5_1_105_c.jpeg"
    ],
    "ultima_modificacion": "2025-08-01 01:01:24.750188"
  },
  "ee82aab7c8ce42ea9979aea2263d44e31105c.jpeg": {
    "app_sintetizada": "EE82AAB7C8CE42EA9979AEA2263D44E31105C.JPEG",
    "cantidad_archivos": 1,
    "archivos_fuente": [
      "Pictures/Fototeca de Fotos.photoslibrary/resources/derivatives/E/EE82AAB7-C8CE-42EA-9979-AEA2263D44E3_1_105_c.jpeg"
    ],
    "ultima_modificacion": "2025-08-01 01:01:24.750516"
  },
  "e481042a3c864a25b892c3f7053c09a21100o.jpeg": {
    "app_sintetizada": "E481042A3C864A25B892C3F7053C09A21100O.JPEG",
    "cantidad_archivos": 1,
    "archivos_fuente": [
      "Pictures/Fototeca de Fotos.photoslibrary/resources/derivatives/E/E481042A-3C86-4A25-B892-C3F7053C09A2_1_100_o.jpeg"
    ],
    "ultima_modificacion": "2025-08-01 01:01:24.751042"
  },
  "e753b6f4e6974eb5a163d016099d33fc1105c.jpeg": {
    "app_sintetizada": "E753B6F4E6974EB5A163D016099D33FC1105C.JPEG",
    "cantidad_archivos": 1,
    "archivos_fuente": [
      "Pictures/Fototeca de Fotos.photoslibrary/resources/derivatives/E/E753B6F4-E697-4EB5-A163-D016099D33FC_1_105_c.jpeg"
    ],
    "ultima_modificacion": "2025-08-01 01:01:24.751423"
  },
  "eaa4444e5edf4b6cb2eaeab9034836df1105c.jpeg": {
    "app_sintetizada": "EAA4444E5EDF4B6CB2EAEAB9034836DF1105C.JPEG",
    "cantidad_archivos": 1,
    "archivos_fuente": [
      "Pictures/Fototeca de Fotos.photoslibrary/resources/derivatives/E/EAA4444E-5EDF-4B6C-B2EA-EAB9034836DF_1_105_c.jpeg"
    ],
    "ultima_modificacion": "2025-08-01 01:01:24.751748"
  },
  "eda37b23a5d641848c80f222e10045f31105c.jpeg": {
    "app_sintetizada": "EDA37B23A5D641848C80F222E10045F31105C.JPEG",
    "cantidad_archivos": 1,
    "archivos_fuente": [
      "Pictures/Fototeca de Fotos.photoslibrary/resources/derivatives/E/EDA37B23-A5D6-4184-8C80-F222E10045F3_1_105_c.jpeg"
    ],
    "ultima_modificacion": "2025-08-01 01:01:24.752119"
  },
  "e462a9a23b82452e9f25cf62f38bdd071105c.jpeg": {
    "app_sintetizada": "E462A9A23B82452E9F25CF62F38BDD071105C.JPEG",
    "cantidad_archivos": 1,
    "archivos_fuente": [
      "Pictures/Fototeca de Fotos.photoslibrary/resources/derivatives/E/E462A9A2-3B82-452E-9F25-CF62F38BDD07_1_105_c.jpeg"
    ],
    "ultima_modificacion": "2025-08-01 01:01:24.752484"
  },
  "e54dc2f06b7a483f805172cf4d3efa871105c.jpeg": {
    "app_sintetizada": "E54DC2F06B7A483F805172CF4D3EFA871105C.JPEG",
    "cantidad_archivos": 1,
    "archivos_fuente": [
      "Pictures/Fototeca de Fotos.photoslibrary/resources/derivatives/E/E54DC2F0-6B7A-483F-8051-72CF4D3EFA87_1_105_c.jpeg"
    ],
    "ultima_modificacion": "2025-08-01 01:01:24.752850"
  },
  "e1f83ec9722641f198aead258038d0951105c.jpeg": {
    "app_sintetizada": "E1F83EC9722641F198AEAD258038D0951105C.JPEG",
    "cantidad_archivos": 1,
    "archivos_fuente": [
      "Pictures/Fototeca de Fotos.photoslibrary/resources/derivatives/E/E1F83EC9-7226-41F1-98AE-AD258038D095_1_105_c.jpeg"
    ],
    "ultima_modificacion": "2025-08-01 01:01:24.753307"
  },
  "e31c674746964846939d00e8762145511105c.jpeg": {
    "app_sintetizada": "E31C674746964846939D00E8762145511105C.JPEG",
    "cantidad_archivos": 1,
    "archivos_fuente": [
      "Pictures/Fototeca de Fotos.photoslibrary/resources/derivatives/E/E31C6747-4696-4846-939D-00E876214551_1_105_c.jpeg"
    ],
    "ultima_modificacion": "2025-08-01 01:01:24.753821"
  },
  "e533d934602e4f0bb6a618818388a1811105c.jpeg": {
    "app_sintetizada": "E533D934602E4F0BB6A618818388A1811105C.JPEG",
    "cantidad_archivos": 1,
    "archivos_fuente": [
      "Pictures/Fototeca de Fotos.photoslibrary/resources/derivatives/E/E533D934-602E-4F0B-B6A6-18818388A181_1_105_c.jpeg"
    ],
    "ultima_modificacion": "2025-08-01 01:01:24.754209"
  },
  "efee8cfd9da0461c8e8fac89220636af1105c.jpeg": {
    "app_sintetizada": "EFEE8CFD9DA0461C8E8FAC89220636AF1105C.JPEG",
    "cantidad_archivos": 1,
    "archivos_fuente": [
      "Pictures/Fototeca de Fotos.photoslibrary/resources/derivatives/E/EFEE8CFD-9DA0-461C-8E8F-AC89220636AF_1_105_c.jpeg"
    ],
    "ultima_modificacion": "2025-08-01 01:01:24.754587"
  },
  "e7525b95d8b54342acd0d5770448faea1105c.jpeg": {
    "app_sintetizada": "E7525B95D8B54342ACD0D5770448FAEA1105C.JPEG",
    "cantidad_archivos": 1,
    "archivos_fuente": [
      "Pictures/Fototeca de Fotos.photoslibrary/resources/derivatives/E/E7525B95-D8B5-4342-ACD0-D5770448FAEA_1_105_c.jpeg"
    ],
    "ultima_modificacion": "2025-08-01 01:01:24.754931"
  },
  "e6ab66554dac4fd6b0bfd1bf72b83cd91105c.jpeg": {
    "app_sintetizada": "E6AB66554DAC4FD6B0BFD1BF72B83CD91105C.JPEG",
    "cantidad_archivos": 1,
    "archivos_fuente": [
      "Pictures/Fototeca de Fotos.photoslibrary/resources/derivatives/E/E6AB6655-4DAC-4FD6-B0BF-D1BF72B83CD9_1_105_c.jpeg"
    ],
    "ultima_modificacion": "2025-08-01 01:01:24.755260"
  },
  "e2421fab83af4264b64ff42a1c6b61ad.thm": {
    "app_sintetizada": "E2421FAB83AF4264B64FF42A1C6B61AD.THM",
    "cantidad_archivos": 1,
    "archivos_fuente": [
      "Pictures/Fototeca de Fotos.photoslibrary/resources/derivatives/E/E2421FAB-83AF-4264-B64F-F42A1C6B61AD.THM"
    ],
    "ultima_modificacion": "2025-08-01 01:01:24.755719"
  },
  "edbd2c0b598843d29d7800024302a5771105c.jpeg": {
    "app_sintetizada": "EDBD2C0B598843D29D7800024302A5771105C.JPEG",
    "cantidad_archivos": 1,
    "archivos_fuente": [
      "Pictures/Fototeca de Fotos.photoslibrary/resources/derivatives/E/EDBD2C0B-5988-43D2-9D78-00024302A577_1_105_c.jpeg"
    ],
    "ultima_modificacion": "2025-08-01 01:01:24.756327"
  },
  "e8ccedbb3cda4a58894d516b4f1a65df1105c.jpeg": {
    "app_sintetizada": "E8CCEDBB3CDA4A58894D516B4F1A65DF1105C.JPEG",
    "cantidad_archivos": 1,
    "archivos_fuente": [
      "Pictures/Fototeca de Fotos.photoslibrary/resources/derivatives/E/E8CCEDBB-3CDA-4A58-894D-516B4F1A65DF_1_105_c.jpeg"
    ],
    "ultima_modificacion": "2025-08-01 01:01:24.756864"
  },
  "eaa89e2d2c584311ac490f5bbc095d8b1105c.jpeg": {
    "app_sintetizada": "EAA89E2D2C584311AC490F5BBC095D8B1105C.JPEG",
    "cantidad_archivos": 1,
    "archivos_fuente": [
      "Pictures/Fototeca de Fotos.photoslibrary/resources/derivatives/E/EAA89E2D-2C58-4311-AC49-0F5BBC095D8B_1_105_c.jpeg"
    ],
    "ultima_modificacion": "2025-08-01 01:01:24.757245"
  },
  "e9c72aed52b849e3a8e9e0592f208b7c1105c.jpeg": {
    "app_sintetizada": "E9C72AED52B849E3A8E9E0592F208B7C1105C.JPEG",
    "cantidad_archivos": 1,
    "archivos_fuente": [
      "Pictures/Fototeca de Fotos.photoslibrary/resources/derivatives/E/E9C72AED-52B8-49E3-A8E9-E0592F208B7C_1_105_c.jpeg"
    ],
    "ultima_modificacion": "2025-08-01 01:01:24.757586"
  },
  "e6cc739d0f784e8aa6d3d030cb65812e1105c.jpeg": {
    "app_sintetizada": "E6CC739D0F784E8AA6D3D030CB65812E1105C.JPEG",
    "cantidad_archivos": 1,
    "archivos_fuente": [
      "Pictures/Fototeca de Fotos.photoslibrary/resources/derivatives/E/E6CC739D-0F78-4E8A-A6D3-D030CB65812E_1_105_c.jpeg"
    ],
    "ultima_modificacion": "2025-08-01 01:01:24.757920"
  },
  "e3ea1b61a2aa4a0cb837fb4338bdf06e1105c.jpeg": {
    "app_sintetizada": "E3EA1B61A2AA4A0CB837FB4338BDF06E1105C.JPEG",
    "cantidad_archivos": 1,
    "archivos_fuente": [
      "Pictures/Fototeca de Fotos.photoslibrary/resources/derivatives/E/E3EA1B61-A2AA-4A0C-B837-FB4338BDF06E_1_105_c.jpeg"
    ],
    "ultima_modificacion": "2025-08-01 01:01:24.758263"
  },
  "e30056d7bdc04e288a8ab0d4003f83331105c.jpeg": {
    "app_sintetizada": "E30056D7BDC04E288A8AB0D4003F83331105C.JPEG",
    "cantidad_archivos": 1,
    "archivos_fuente": [
      "Pictures/Fototeca de Fotos.photoslibrary/resources/derivatives/E/E30056D7-BDC0-4E28-8A8A-B0D4003F8333_1_105_c.jpeg"
    ],
    "ultima_modificacion": "2025-08-01 01:01:24.758617"
  },
  "ecc2cf5f858447809d125cd8c87b42ab1105c.jpeg": {
    "app_sintetizada": "ECC2CF5F858447809D125CD8C87B42AB1105C.JPEG",
    "cantidad_archivos": 1,
    "archivos_fuente": [
      "Pictures/Fototeca de Fotos.photoslibrary/resources/derivatives/E/ECC2CF5F-8584-4780-9D12-5CD8C87B42AB_1_105_c.jpeg"
    ],
    "ultima_modificacion": "2025-08-01 01:01:24.758999"
  },
  "e99e5ce66fc44545b51bece0cb59fbb31105c.jpeg": {
    "app_sintetizada": "E99E5CE66FC44545B51BECE0CB59FBB31105C.JPEG",
    "cantidad_archivos": 1,
    "archivos_fuente": [
      "Pictures/Fototeca de Fotos.photoslibrary/resources/derivatives/E/E99E5CE6-6FC4-4545-B51B-ECE0CB59FBB3_1_105_c.jpeg"
    ],
    "ultima_modificacion": "2025-08-01 01:01:24.759318"
  },
  "e4e57e2b46804ee5b7c3e6e6c98bb90d1105c.jpeg": {
    "app_sintetizada": "E4E57E2B46804EE5B7C3E6E6C98BB90D1105C.JPEG",
    "cantidad_archivos": 1,
    "archivos_fuente": [
      "Pictures/Fototeca de Fotos.photoslibrary/resources/derivatives/E/E4E57E2B-4680-4EE5-B7C3-E6E6C98BB90D_1_105_c.jpeg"
    ],
    "ultima_modificacion": "2025-08-01 01:01:24.759632"
  },
  "e8187780da8042efb991fdc9330b88d81105c.jpeg": {
    "app_sintetizada": "E8187780DA8042EFB991FDC9330B88D81105C.JPEG",
    "cantidad_archivos": 1,
    "archivos_fuente": [
      "Pictures/Fototeca de Fotos.photoslibrary/resources/derivatives/E/E8187780-DA80-42EF-B991-FDC9330B88D8_1_105_c.jpeg"
    ],
    "ultima_modificacion": "2025-08-01 01:01:24.760018"
  },
  "e16cef0bdd8a40719d0f7f44ee568a991105c.jpeg": {
    "app_sintetizada": "E16CEF0BDD8A40719D0F7F44EE568A991105C.JPEG",
    "cantidad_archivos": 1,
    "archivos_fuente": [
      "Pictures/Fototeca de Fotos.photoslibrary/resources/derivatives/E/E16CEF0B-DD8A-4071-9D0F-7F44EE568A99_1_105_c.jpeg"
    ],
    "ultima_modificacion": "2025-08-01 01:01:24.760357"
  },
  "e35446d3b3614d689e1a364d8efdb0031105c.jpeg": {
    "app_sintetizada": "E35446D3B3614D689E1A364D8EFDB0031105C.JPEG",
    "cantidad_archivos": 1,
    "archivos_fuente": [
      "Pictures/Fototeca de Fotos.photoslibrary/resources/derivatives/E/E35446D3-B361-4D68-9E1A-364D8EFDB003_1_105_c.jpeg"
    ],
    "ultima_modificacion": "2025-08-01 01:01:24.760716"
  },
  "e810bc8786654d82b081a3b9d64e9d3a1105c.jpeg": {
    "app_sintetizada": "E810BC8786654D82B081A3B9D64E9D3A1105C.JPEG",
    "cantidad_archivos": 1,
    "archivos_fuente": [
      "Pictures/Fototeca de Fotos.photoslibrary/resources/derivatives/E/E810BC87-8665-4D82-B081-A3B9D64E9D3A_1_105_c.jpeg"
    ],
    "ultima_modificacion": "2025-08-01 01:01:24.761074"
  },
  "e28b9b68a991433ab40660bc08b3f8a91105c.jpeg": {
    "app_sintetizada": "E28B9B68A991433AB40660BC08B3F8A91105C.JPEG",
    "cantidad_archivos": 1,
    "archivos_fuente": [
      "Pictures/Fototeca de Fotos.photoslibrary/resources/derivatives/E/E28B9B68-A991-433A-B406-60BC08B3F8A9_1_105_c.jpeg"
    ],
    "ultima_modificacion": "2025-08-01 01:01:24.761401"
  },
  "e6d4b0392f1449f49236bdaae5959c9b1105c.jpeg": {
    "app_sintetizada": "E6D4B0392F1449F49236BDAAE5959C9B1105C.JPEG",
    "cantidad_archivos": 1,
    "archivos_fuente": [
      "Pictures/Fototeca de Fotos.photoslibrary/resources/derivatives/E/E6D4B039-2F14-49F4-9236-BDAAE5959C9B_1_105_c.jpeg"
    ],
    "ultima_modificacion": "2025-08-01 01:01:24.761682"
  },
  "e910415007724df2979bf6c014e0cb3a1105c.jpeg": {
    "app_sintetizada": "E910415007724DF2979BF6C014E0CB3A1105C.JPEG",
    "cantidad_archivos": 1,
    "archivos_fuente": [
      "Pictures/Fototeca de Fotos.photoslibrary/resources/derivatives/E/E9104150-0772-4DF2-979B-F6C014E0CB3A_1_105_c.jpeg"
    ],
    "ultima_modificacion": "2025-08-01 01:01:24.761963"
  },
  "e3dc01126d834405b2c231f26cc8f4761105c.jpeg": {
    "app_sintetizada": "E3DC01126D834405B2C231F26CC8F4761105C.JPEG",
    "cantidad_archivos": 1,
    "archivos_fuente": [
      "Pictures/Fototeca de Fotos.photoslibrary/resources/derivatives/E/E3DC0112-6D83-4405-B2C2-31F26CC8F476_1_105_c.jpeg"
    ],
    "ultima_modificacion": "2025-08-01 01:01:24.762321"
  },
  "e9b71f9a0d8f42b68be3f0fa06edc4a91105c.jpeg": {
    "app_sintetizada": "E9B71F9A0D8F42B68BE3F0FA06EDC4A91105C.JPEG",
    "cantidad_archivos": 1,
    "archivos_fuente": [
      "Pictures/Fototeca de Fotos.photoslibrary/resources/derivatives/E/E9B71F9A-0D8F-42B6-8BE3-F0FA06EDC4A9_1_105_c.jpeg"
    ],
    "ultima_modificacion": "2025-08-01 01:01:24.762808"
  },
  "e3d020fa4ea34f82b35bfe2d47a0e22c1105c.jpeg": {
    "app_sintetizada": "E3D020FA4EA34F82B35BFE2D47A0E22C1105C.JPEG",
    "cantidad_archivos": 1,
    "archivos_fuente": [
      "Pictures/Fototeca de Fotos.photoslibrary/resources/derivatives/E/E3D020FA-4EA3-4F82-B35B-FE2D47A0E22C_1_105_c.jpeg"
    ],
    "ultima_modificacion": "2025-08-01 01:01:24.763599"
  },
  "eaf2cfc7d4b04854b2665c9159bb8c0a1105c.jpeg": {
    "app_sintetizada": "EAF2CFC7D4B04854B2665C9159BB8C0A1105C.JPEG",
    "cantidad_archivos": 1,
    "archivos_fuente": [
      "Pictures/Fototeca de Fotos.photoslibrary/resources/derivatives/E/EAF2CFC7-D4B0-4854-B266-5C9159BB8C0A_1_105_c.jpeg"
    ],
    "ultima_modificacion": "2025-08-01 01:01:24.766122"
  },
  "e65aab92bf21415e82b014553b91d4241105c.jpeg": {
    "app_sintetizada": "E65AAB92BF21415E82B014553B91D4241105C.JPEG",
    "cantidad_archivos": 1,
    "archivos_fuente": [
      "Pictures/Fototeca de Fotos.photoslibrary/resources/derivatives/E/E65AAB92-BF21-415E-82B0-14553B91D424_1_105_c.jpeg"
    ],
    "ultima_modificacion": "2025-08-01 01:01:24.766641"
  },
  "e6b5bafc330a44da8333cf318b7abea81105c.jpeg": {
    "app_sintetizada": "E6B5BAFC330A44DA8333CF318B7ABEA81105C.JPEG",
    "cantidad_archivos": 1,
    "archivos_fuente": [
      "Pictures/Fototeca de Fotos.photoslibrary/resources/derivatives/E/E6B5BAFC-330A-44DA-8333-CF318B7ABEA8_1_105_c.jpeg"
    ],
    "ultima_modificacion": "2025-08-01 01:01:24.767040"
  },
  "e0a70348e7a044ebbeca8a8bd71825f31105c.jpeg": {
    "app_sintetizada": "E0A70348E7A044EBBECA8A8BD71825F31105C.JPEG",
    "cantidad_archivos": 1,
    "archivos_fuente": [
      "Pictures/Fototeca de Fotos.photoslibrary/resources/derivatives/E/E0A70348-E7A0-44EB-BECA-8A8BD71825F3_1_105_c.jpeg"
    ],
    "ultima_modificacion": "2025-08-01 01:01:24.767431"
  }
}