{
  "2ab4c840a93046f9aaccbdbe96db3551.thm": {
    "app_sintetizada": "2AB4C840A93046F9AACCBDBE96DB3551.THM",
    "cantidad_archivos": 1,
    "archivos_fuente": [
      "Pictures/Fototeca de Fotos.photoslibrary/resources/derivatives/2/2AB4C840-A930-46F9-AACC-BDBE96DB3551.THM"
    ],
    "ultima_modificacion": "2025-08-01 01:01:27.261903"
  },
  "26735962309546be8ed149965c9a08681105c.jpeg": {
    "app_sintetizada": "26735962309546BE8ED149965C9A08681105C.JPEG",
    "cantidad_archivos": 1,
    "archivos_fuente": [
      "Pictures/Fototeca de Fotos.photoslibrary/resources/derivatives/2/26735962-3095-46BE-8ED1-49965C9A0868_1_105_c.jpeg"
    ],
    "ultima_modificacion": "2025-08-01 01:01:27.262391"
  },
  "2797989fac0d415781201bd15036fe901105c.jpeg": {
    "app_sintetizada": "2797989FAC0D415781201BD15036FE901105C.JPEG",
    "cantidad_archivos": 1,
    "archivos_fuente": [
      "Pictures/Fototeca de Fotos.photoslibrary/resources/derivatives/2/2797989F-AC0D-4157-8120-1BD15036FE90_1_105_c.jpeg"
    ],
    "ultima_modificacion": "2025-08-01 01:01:27.262729"
  },
  "2efc4d73ed964c979674b6443035cb7a1105c.jpeg": {
    "app_sintetizada": "2EFC4D73ED964C979674B6443035CB7A1105C.JPEG",
    "cantidad_archivos": 1,
    "archivos_fuente": [
      "Pictures/Fototeca de Fotos.photoslibrary/resources/derivatives/2/2EFC4D73-ED96-4C97-9674-B6443035CB7A_1_105_c.jpeg"
    ],
    "ultima_modificacion": "2025-08-01 01:01:27.263031"
  },
  "2ed212c7ee444a64a17a9889827986331105c.jpeg": {
    "app_sintetizada": "2ED212C7EE444A64A17A9889827986331105C.JPEG",
    "cantidad_archivos": 1,
    "archivos_fuente": [
      "Pictures/Fototeca de Fotos.photoslibrary/resources/derivatives/2/2ED212C7-EE44-4A64-A17A-988982798633_1_105_c.jpeg"
    ],
    "ultima_modificacion": "2025-08-01 01:01:27.263339"
  },
  "2f51a19770ed42d59fddcf6e3cc3d6de1105c.jpeg": {
    "app_sintetizada": "2F51A19770ED42D59FDDCF6E3CC3D6DE1105C.JPEG",
    "cantidad_archivos": 1,
    "archivos_fuente": [
      "Pictures/Fototeca de Fotos.photoslibrary/resources/derivatives/2/2F51A197-70ED-42D5-9FDD-CF6E3CC3D6DE_1_105_c.jpeg"
    ],
    "ultima_modificacion": "2025-08-01 01:01:27.263642"
  },
  "2be932f5c29a48178573edc6ac7441bb1105c.jpeg": {
    "app_sintetizada": "2BE932F5C29A48178573EDC6AC7441BB1105C.JPEG",
    "cantidad_archivos": 1,
    "archivos_fuente": [
      "Pictures/Fototeca de Fotos.photoslibrary/resources/derivatives/2/2BE932F5-C29A-4817-8573-EDC6AC7441BB_1_105_c.jpeg"
    ],
    "ultima_modificacion": "2025-08-01 01:01:27.264010"
  },
  "2ab8d9949a0347e4921d9f9bd7680f711105c.jpeg": {
    "app_sintetizada": "2AB8D9949A0347E4921D9F9BD7680F711105C.JPEG",
    "cantidad_archivos": 1,
    "archivos_fuente": [
      "Pictures/Fototeca de Fotos.photoslibrary/resources/derivatives/2/2AB8D994-9A03-47E4-921D-9F9BD7680F71_1_105_c.jpeg"
    ],
    "ultima_modificacion": "2025-08-01 01:01:27.264387"
  },
  "285552d295c245f19d7dfdef4d2153cb1105c.jpeg": {
    "app_sintetizada": "285552D295C245F19D7DFDEF4D2153CB1105C.JPEG",
    "cantidad_archivos": 1,
    "archivos_fuente": [
      "Pictures/Fototeca de Fotos.photoslibrary/resources/derivatives/2/285552D2-95C2-45F1-9D7D-FDEF4D2153CB_1_105_c.jpeg"
    ],
    "ultima_modificacion": "2025-08-01 01:01:27.264840"
  },
  "2dacda52e1ae4cc08ce8e69f6e1e497a1105c.jpeg": {
    "app_sintetizada": "2DACDA52E1AE4CC08CE8E69F6E1E497A1105C.JPEG",
    "cantidad_archivos": 1,
    "archivos_fuente": [
      "Pictures/Fototeca de Fotos.photoslibrary/resources/derivatives/2/2DACDA52-E1AE-4CC0-8CE8-E69F6E1E497A_1_105_c.jpeg"
    ],
    "ultima_modificacion": "2025-08-01 01:01:27.265272"
  },
  "2c830ae89ed84685ad6ee862ca0b5e001105c.jpeg": {
    "app_sintetizada": "2C830AE89ED84685AD6EE862CA0B5E001105C.JPEG",
    "cantidad_archivos": 1,
    "archivos_fuente": [
      "Pictures/Fototeca de Fotos.photoslibrary/resources/derivatives/2/2C830AE8-9ED8-4685-AD6E-E862CA0B5E00_1_105_c.jpeg"
    ],
    "ultima_modificacion": "2025-08-01 01:01:27.265709"
  },
  "2b3faf5c311848fb870782f185025efc1105c.jpeg": {
    "app_sintetizada": "2B3FAF5C311848FB870782F185025EFC1105C.JPEG",
    "cantidad_archivos": 1,
    "archivos_fuente": [
      "Pictures/Fototeca de Fotos.photoslibrary/resources/derivatives/2/2B3FAF5C-3118-48FB-8707-82F185025EFC_1_105_c.jpeg"
    ],
    "ultima_modificacion": "2025-08-01 01:01:27.266031"
  },
  "2cb12dad602c4fb6bcd6ca2886c7e7d11105c.jpeg": {
    "app_sintetizada": "2CB12DAD602C4FB6BCD6CA2886C7E7D11105C.JPEG",
    "cantidad_archivos": 1,
    "archivos_fuente": [
      "Pictures/Fototeca de Fotos.photoslibrary/resources/derivatives/2/2CB12DAD-602C-4FB6-BCD6-CA2886C7E7D1_1_105_c.jpeg"
    ],
    "ultima_modificacion": "2025-08-01 01:01:27.266317"
  },
  "25843a515cb24a2c99d40ce4de4f63111105c.jpeg": {
    "app_sintetizada": "25843A515CB24A2C99D40CE4DE4F63111105C.JPEG",
    "cantidad_archivos": 1,
    "archivos_fuente": [
      "Pictures/Fototeca de Fotos.photoslibrary/resources/derivatives/2/25843A51-5CB2-4A2C-99D4-0CE4DE4F6311_1_105_c.jpeg"
    ],
    "ultima_modificacion": "2025-08-01 01:01:27.266691"
  },
  "200c426fb1f44c0289bf7d0e96a7f0a51105c.jpeg": {
    "app_sintetizada": "200C426FB1F44C0289BF7D0E96A7F0A51105C.JPEG",
    "cantidad_archivos": 1,
    "archivos_fuente": [
      "Pictures/Fototeca de Fotos.photoslibrary/resources/derivatives/2/200C426F-B1F4-4C02-89BF-7D0E96A7F0A5_1_105_c.jpeg"
    ],
    "ultima_modificacion": "2025-08-01 01:01:27.267438"
  },
  "2bf03d08c7c84d60becebdfb2bbdfd81.thm": {
    "app_sintetizada": "2BF03D08C7C84D60BECEBDFB2BBDFD81.THM",
    "cantidad_archivos": 1,
    "archivos_fuente": [
      "Pictures/Fototeca de Fotos.photoslibrary/resources/derivatives/2/2BF03D08-C7C8-4D60-BECE-BDFB2BBDFD81.THM"
    ],
    "ultima_modificacion": "2025-08-01 01:01:27.268050"
  },
  "25b665435c0d4f01abfa3bda948d58211105c.jpeg": {
    "app_sintetizada": "25B665435C0D4F01ABFA3BDA948D58211105C.JPEG",
    "cantidad_archivos": 1,
    "archivos_fuente": [
      "Pictures/Fototeca de Fotos.photoslibrary/resources/derivatives/2/25B66543-5C0D-4F01-ABFA-3BDA948D5821_1_105_c.jpeg"
    ],
    "ultima_modificacion": "2025-08-01 01:01:27.268746"
  },
  "278937cdaa59491a9be2563876027dd41105c.jpeg": {
    "app_sintetizada": "278937CDAA59491A9BE2563876027DD41105C.JPEG",
    "cantidad_archivos": 1,
    "archivos_fuente": [
      "Pictures/Fototeca de Fotos.photoslibrary/resources/derivatives/2/278937CD-AA59-491A-9BE2-563876027DD4_1_105_c.jpeg"
    ],
    "ultima_modificacion": "2025-08-01 01:01:27.270770"
  },
  "29e8cfc80c9b44e195fc37712c7c9a6b1105c.jpeg": {
    "app_sintetizada": "29E8CFC80C9B44E195FC37712C7C9A6B1105C.JPEG",
    "cantidad_archivos": 1,
    "archivos_fuente": [
      "Pictures/Fototeca de Fotos.photoslibrary/resources/derivatives/2/29E8CFC8-0C9B-44E1-95FC-37712C7C9A6B_1_105_c.jpeg"
    ],
    "ultima_modificacion": "2025-08-01 01:01:27.271205"
  },
  "2067eac873df4f0291a42af61388ee351105c.jpeg": {
    "app_sintetizada": "2067EAC873DF4F0291A42AF61388EE351105C.JPEG",
    "cantidad_archivos": 1,
    "archivos_fuente": [
      "Pictures/Fototeca de Fotos.photoslibrary/resources/derivatives/2/2067EAC8-73DF-4F02-91A4-2AF61388EE35_1_105_c.jpeg"
    ],
    "ultima_modificacion": "2025-08-01 01:01:27.271766"
  },
  "2c0a6ed9ddc44abaa927fc3dbbbdd8ed1105c.jpeg": {
    "app_sintetizada": "2C0A6ED9DDC44ABAA927FC3DBBBDD8ED1105C.JPEG",
    "cantidad_archivos": 1,
    "archivos_fuente": [
      "Pictures/Fototeca de Fotos.photoslibrary/resources/derivatives/2/2C0A6ED9-DDC4-4ABA-A927-FC3DBBBDD8ED_1_105_c.jpeg"
    ],
    "ultima_modificacion": "2025-08-01 01:01:27.272200"
  },
  "2be3f3dcbb7c4f6fa2565b5218312ba81105c.jpeg": {
    "app_sintetizada": "2BE3F3DCBB7C4F6FA2565B5218312BA81105C.JPEG",
    "cantidad_archivos": 1,
    "archivos_fuente": [
      "Pictures/Fototeca de Fotos.photoslibrary/resources/derivatives/2/2BE3F3DC-BB7C-4F6F-A256-5B5218312BA8_1_105_c.jpeg"
    ],
    "ultima_modificacion": "2025-08-01 01:01:27.272682"
  },
  "2689a91ad2144075a7880e5c24f7cfb01105c.jpeg": {
    "app_sintetizada": "2689A91AD2144075A7880E5C24F7CFB01105C.JPEG",
    "cantidad_archivos": 1,
    "archivos_fuente": [
      "Pictures/Fototeca de Fotos.photoslibrary/resources/derivatives/2/2689A91A-D214-4075-A788-0E5C24F7CFB0_1_105_c.jpeg"
    ],
    "ultima_modificacion": "2025-08-01 01:01:27.273016"
  },
  "29950ba3e2bb4de8acdfa9983b85a6b81105c.jpeg": {
    "app_sintetizada": "29950BA3E2BB4DE8ACDFA9983B85A6B81105C.JPEG",
    "cantidad_archivos": 1,
    "archivos_fuente": [
      "Pictures/Fototeca de Fotos.photoslibrary/resources/derivatives/2/29950BA3-E2BB-4DE8-ACDF-A9983B85A6B8_1_105_c.jpeg"
    ],
    "ultima_modificacion": "2025-08-01 01:01:27.273277"
  },
  "2148d87ac71b421ab9a923fadc9615b31100o.jpeg": {
    "app_sintetizada": "2148D87AC71B421AB9A923FADC9615B31100O.JPEG",
    "cantidad_archivos": 1,
    "archivos_fuente": [
      "Pictures/Fototeca de Fotos.photoslibrary/resources/derivatives/2/2148D87A-C71B-421A-B9A9-23FADC9615B3_1_100_o.jpeg"
    ],
    "ultima_modificacion": "2025-08-01 01:01:27.273522"
  },
  "2d5411838f894ebab956e4a4ddde062b1105c.jpeg": {
    "app_sintetizada": "2D5411838F894EBAB956E4A4DDDE062B1105C.JPEG",
    "cantidad_archivos": 1,
    "archivos_fuente": [
      "Pictures/Fototeca de Fotos.photoslibrary/resources/derivatives/2/2D541183-8F89-4EBA-B956-E4A4DDDE062B_1_105_c.jpeg"
    ],
    "ultima_modificacion": "2025-08-01 01:01:27.274114"
  },
  "2317da9404f84afaaecb228730e817941105c.jpeg": {
    "app_sintetizada": "2317DA9404F84AFAAECB228730E817941105C.JPEG",
    "cantidad_archivos": 1,
    "archivos_fuente": [
      "Pictures/Fototeca de Fotos.photoslibrary/resources/derivatives/2/2317DA94-04F8-4AFA-AECB-228730E81794_1_105_c.jpeg"
    ],
    "ultima_modificacion": "2025-08-01 01:01:27.274613"
  },
  "2bb5b79eeb84408dbdd000ce6b4f25de1105c.jpeg": {
    "app_sintetizada": "2BB5B79EEB84408DBDD000CE6B4F25DE1105C.JPEG",
    "cantidad_archivos": 1,
    "archivos_fuente": [
      "Pictures/Fototeca de Fotos.photoslibrary/resources/derivatives/2/2BB5B79E-EB84-408D-BDD0-00CE6B4F25DE_1_105_c.jpeg"
    ],
    "ultima_modificacion": "2025-08-01 01:01:27.274999"
  },
  "26b35775369546088b638af5184dfabe1105c.jpeg": {
    "app_sintetizada": "26B35775369546088B638AF5184DFABE1105C.JPEG",
    "cantidad_archivos": 1,
    "archivos_fuente": [
      "Pictures/Fototeca de Fotos.photoslibrary/resources/derivatives/2/26B35775-3695-4608-8B63-8AF5184DFABE_1_105_c.jpeg"
    ],
    "ultima_modificacion": "2025-08-01 01:01:27.275339"
  },
  "2a4603ea25e74c9f94b085ff0af9b3181105c.jpeg": {
    "app_sintetizada": "2A4603EA25E74C9F94B085FF0AF9B3181105C.JPEG",
    "cantidad_archivos": 1,
    "archivos_fuente": [
      "Pictures/Fototeca de Fotos.photoslibrary/resources/derivatives/2/2A4603EA-25E7-4C9F-94B0-85FF0AF9B318_1_105_c.jpeg"
    ],
    "ultima_modificacion": "2025-08-01 01:01:27.275734"
  },
  "293db189e8364213ad1a27cc432370951105c.jpeg": {
    "app_sintetizada": "293DB189E8364213AD1A27CC432370951105C.JPEG",
    "cantidad_archivos": 1,
    "archivos_fuente": [
      "Pictures/Fototeca de Fotos.photoslibrary/resources/derivatives/2/293DB189-E836-4213-AD1A-27CC43237095_1_105_c.jpeg"
    ],
    "ultima_modificacion": "2025-08-01 01:01:27.276039"
  },
  "2774283f0edd480685130c4769f9d3f61105c.jpeg": {
    "app_sintetizada": "2774283F0EDD480685130C4769F9D3F61105C.JPEG",
    "cantidad_archivos": 1,
    "archivos_fuente": [
      "Pictures/Fototeca de Fotos.photoslibrary/resources/derivatives/2/2774283F-0EDD-4806-8513-0C4769F9D3F6_1_105_c.jpeg"
    ],
    "ultima_modificacion": "2025-08-01 01:01:27.276306"
  },
  "23d66307860f4ccb963ddf737e07142e1105c.jpeg": {
    "app_sintetizada": "23D66307860F4CCB963DDF737E07142E1105C.JPEG",
    "cantidad_archivos": 1,
    "archivos_fuente": [
      "Pictures/Fototeca de Fotos.photoslibrary/resources/derivatives/2/23D66307-860F-4CCB-963D-DF737E07142E_1_105_c.jpeg"
    ],
    "ultima_modificacion": "2025-08-01 01:01:27.276659"
  },
  "2dc9308f774c4b9495223c6313f084c41105c.jpeg": {
    "app_sintetizada": "2DC9308F774C4B9495223C6313F084C41105C.JPEG",
    "cantidad_archivos": 1,
    "archivos_fuente": [
      "Pictures/Fototeca de Fotos.photoslibrary/resources/derivatives/2/2DC9308F-774C-4B94-9522-3C6313F084C4_1_105_c.jpeg"
    ],
    "ultima_modificacion": "2025-08-01 01:01:27.277127"
  },
  "2438eadb6b684ccc89a01ea75c19c38e1105c.jpeg": {
    "app_sintetizada": "2438EADB6B684CCC89A01EA75C19C38E1105C.JPEG",
    "cantidad_archivos": 1,
    "archivos_fuente": [
      "Pictures/Fototeca de Fotos.photoslibrary/resources/derivatives/2/2438EADB-6B68-4CCC-89A0-1EA75C19C38E_1_105_c.jpeg"
    ],
    "ultima_modificacion": "2025-08-01 01:01:27.277465"
  },
  "29dab4800cc745e08656c8c2bfc011d1.thm": {
    "app_sintetizada": "29DAB4800CC745E08656C8C2BFC011D1.THM",
    "cantidad_archivos": 1,
    "archivos_fuente": [
      "Pictures/Fototeca de Fotos.photoslibrary/resources/derivatives/2/29DAB480-0CC7-45E0-8656-C8C2BFC011D1.THM"
    ],
    "ultima_modificacion": "2025-08-01 01:01:27.278232"
  },
  "2ef30eed224f4c6db9b61a2d5fafc4fc1101o.jpeg": {
    "app_sintetizada": "2EF30EED224F4C6DB9B61A2D5FAFC4FC1101O.JPEG",
    "cantidad_archivos": 1,
    "archivos_fuente": [
      "Pictures/Fototeca de Fotos.photoslibrary/resources/derivatives/2/2EF30EED-224F-4C6D-B9B6-1A2D5FAFC4FC_1_101_o.jpeg"
    ],
    "ultima_modificacion": "2025-08-01 01:01:27.279850"
  },
  "2d0d29b18e084e7f8d845c5da202509d1105c.jpeg": {
    "app_sintetizada": "2D0D29B18E084E7F8D845C5DA202509D1105C.JPEG",
    "cantidad_archivos": 1,
    "archivos_fuente": [
      "Pictures/Fototeca de Fotos.photoslibrary/resources/derivatives/2/2D0D29B1-8E08-4E7F-8D84-5C5DA202509D_1_105_c.jpeg"
    ],
    "ultima_modificacion": "2025-08-01 01:01:27.280452"
  },
  "241c6f3928e844019103b2d5f4f371921105c.jpeg": {
    "app_sintetizada": "241C6F3928E844019103B2D5F4F371921105C.JPEG",
    "cantidad_archivos": 1,
    "archivos_fuente": [
      "Pictures/Fototeca de Fotos.photoslibrary/resources/derivatives/2/241C6F39-28E8-4401-9103-B2D5F4F37192_1_105_c.jpeg"
    ],
    "ultima_modificacion": "2025-08-01 01:01:27.281706"
  },
  "20060a198a91437dbd30956d39415f701105c.jpeg": {
    "app_sintetizada": "20060A198A91437DBD30956D39415F701105C.JPEG",
    "cantidad_archivos": 1,
    "archivos_fuente": [
      "Pictures/Fototeca de Fotos.photoslibrary/resources/derivatives/2/20060A19-8A91-437D-BD30-956D39415F70_1_105_c.jpeg"
    ],
    "ultima_modificacion": "2025-08-01 01:01:27.282006"
  },
  "21f3650d9b40422db698dc31df6f17401105c.jpeg": {
    "app_sintetizada": "21F3650D9B40422DB698DC31DF6F17401105C.JPEG",
    "cantidad_archivos": 1,
    "archivos_fuente": [
      "Pictures/Fototeca de Fotos.photoslibrary/resources/derivatives/2/21F3650D-9B40-422D-B698-DC31DF6F1740_1_105_c.jpeg"
    ],
    "ultima_modificacion": "2025-08-01 01:01:27.282252"
  },
  "2234db5c0f874fa5b3a0c6c6218b35c81105c.jpeg": {
    "app_sintetizada": "2234DB5C0F874FA5B3A0C6C6218B35C81105C.JPEG",
    "cantidad_archivos": 1,
    "archivos_fuente": [
      "Pictures/Fototeca de Fotos.photoslibrary/resources/derivatives/2/2234DB5C-0F87-4FA5-B3A0-C6C6218B35C8_1_105_c.jpeg"
    ],
    "ultima_modificacion": "2025-08-01 01:01:27.282486"
  },
  "2d43901904b34d33a22e1c55e6baed671105c.jpeg": {
    "app_sintetizada": "2D43901904B34D33A22E1C55E6BAED671105C.JPEG",
    "cantidad_archivos": 1,
    "archivos_fuente": [
      "Pictures/Fototeca de Fotos.photoslibrary/resources/derivatives/2/2D439019-04B3-4D33-A22E-1C55E6BAED67_1_105_c.jpeg"
    ],
    "ultima_modificacion": "2025-08-01 01:01:27.282723"
  },
  "2b65978edced4be9ae06b1c8e7bb0b85.thm": {
    "app_sintetizada": "2B65978EDCED4BE9AE06B1C8E7BB0B85.THM",
    "cantidad_archivos": 1,
    "archivos_fuente": [
      "Pictures/Fototeca de Fotos.photoslibrary/resources/derivatives/2/2B65978E-DCED-4BE9-AE06-B1C8E7BB0B85.THM"
    ],
    "ultima_modificacion": "2025-08-01 01:01:27.283020"
  },
  "2c21f8d43273447ab6bc8c3212ef9a341105c.jpeg": {
    "app_sintetizada": "2C21F8D43273447AB6BC8C3212EF9A341105C.JPEG",
    "cantidad_archivos": 1,
    "archivos_fuente": [
      "Pictures/Fototeca de Fotos.photoslibrary/resources/derivatives/2/2C21F8D4-3273-447A-B6BC-8C3212EF9A34_1_105_c.jpeg"
    ],
    "ultima_modificacion": "2025-08-01 01:01:27.283512"
  },
  "217561b30582485784ebf7ea1e40e9d41105c.jpeg": {
    "app_sintetizada": "217561B30582485784EBF7EA1E40E9D41105C.JPEG",
    "cantidad_archivos": 1,
    "archivos_fuente": [
      "Pictures/Fototeca de Fotos.photoslibrary/resources/derivatives/2/217561B3-0582-4857-84EB-F7EA1E40E9D4_1_105_c.jpeg"
    ],
    "ultima_modificacion": "2025-08-01 01:01:27.283783"
  },
  "27ceaaf1e61f43069452622fdc6a2e50.thm": {
    "app_sintetizada": "27CEAAF1E61F43069452622FDC6A2E50.THM",
    "cantidad_archivos": 1,
    "archivos_fuente": [
      "Pictures/Fototeca de Fotos.photoslibrary/resources/derivatives/2/27CEAAF1-E61F-4306-9452-622FDC6A2E50.THM"
    ],
    "ultima_modificacion": "2025-08-01 01:01:27.284205"
  },
  "233d3fa0a3e746a58ad2c12211e68b571105c.jpeg": {
    "app_sintetizada": "233D3FA0A3E746A58AD2C12211E68B571105C.JPEG",
    "cantidad_archivos": 1,
    "archivos_fuente": [
      "Pictures/Fototeca de Fotos.photoslibrary/resources/derivatives/2/233D3FA0-A3E7-46A5-8AD2-C12211E68B57_1_105_c.jpeg"
    ],
    "ultima_modificacion": "2025-08-01 01:01:27.284663"
  },
  "2f4e7224150744209ba777f675f1eaac1105c.jpeg": {
    "app_sintetizada": "2F4E7224150744209BA777F675F1EAAC1105C.JPEG",
    "cantidad_archivos": 1,
    "archivos_fuente": [
      "Pictures/Fototeca de Fotos.photoslibrary/resources/derivatives/2/2F4E7224-1507-4420-9BA7-77F675F1EAAC_1_105_c.jpeg"
    ],
    "ultima_modificacion": "2025-08-01 01:01:27.285088"
  },
  "238e51d1ad104e28aa379f8a05ff716f1105c.jpeg": {
    "app_sintetizada": "238E51D1AD104E28AA379F8A05FF716F1105C.JPEG",
    "cantidad_archivos": 1,
    "archivos_fuente": [
      "Pictures/Fototeca de Fotos.photoslibrary/resources/derivatives/2/238E51D1-AD10-4E28-AA37-9F8A05FF716F_1_105_c.jpeg"
    ],
    "ultima_modificacion": "2025-08-01 01:01:27.285524"
  },
  "298e1bb4bb2e42a7afa6194d635015b51105c.jpeg": {
    "app_sintetizada": "298E1BB4BB2E42A7AFA6194D635015B51105C.JPEG",
    "cantidad_archivos": 1,
    "archivos_fuente": [
      "Pictures/Fototeca de Fotos.photoslibrary/resources/derivatives/2/298E1BB4-BB2E-42A7-AFA6-194D635015B5_1_105_c.jpeg"
    ],
    "ultima_modificacion": "2025-08-01 01:01:27.287047"
  },
  "2cfed65eda394bed8f6bd61aebdff94a1105c.jpeg": {
    "app_sintetizada": "2CFED65EDA394BED8F6BD61AEBDFF94A1105C.JPEG",
    "cantidad_archivos": 1,
    "archivos_fuente": [
      "Pictures/Fototeca de Fotos.photoslibrary/resources/derivatives/2/2CFED65E-DA39-4BED-8F6B-D61AEBDFF94A_1_105_c.jpeg"
    ],
    "ultima_modificacion": "2025-08-01 01:01:27.287790"
  },
  "212a3518a8074fa1a47531024d32b7d41105c.jpeg": {
    "app_sintetizada": "212A3518A8074FA1A47531024D32B7D41105C.JPEG",
    "cantidad_archivos": 1,
    "archivos_fuente": [
      "Pictures/Fototeca de Fotos.photoslibrary/resources/derivatives/2/212A3518-A807-4FA1-A475-31024D32B7D4_1_105_c.jpeg"
    ],
    "ultima_modificacion": "2025-08-01 01:01:27.288608"
  },
  "244664df419a42098deedea7d2a5b0be1105c.jpeg": {
    "app_sintetizada": "244664DF419A42098DEEDEA7D2A5B0BE1105C.JPEG",
    "cantidad_archivos": 1,
    "archivos_fuente": [
      "Pictures/Fototeca de Fotos.photoslibrary/resources/derivatives/2/244664DF-419A-4209-8DEE-DEA7D2A5B0BE_1_105_c.jpeg"
    ],
    "ultima_modificacion": "2025-08-01 01:01:27.289019"
  },
  "2b748fb2e117439b9920bdff715567fc1105c.jpeg": {
    "app_sintetizada": "2B748FB2E117439B9920BDFF715567FC1105C.JPEG",
    "cantidad_archivos": 1,
    "archivos_fuente": [
      "Pictures/Fototeca de Fotos.photoslibrary/resources/derivatives/2/2B748FB2-E117-439B-9920-BDFF715567FC_1_105_c.jpeg"
    ],
    "ultima_modificacion": "2025-08-01 01:01:27.289408"
  },
  "2158077a402f47b9b913bf9ccc1486bc1105c.jpeg": {
    "app_sintetizada": "2158077A402F47B9B913BF9CCC1486BC1105C.JPEG",
    "cantidad_archivos": 1,
    "archivos_fuente": [
      "Pictures/Fototeca de Fotos.photoslibrary/resources/derivatives/2/2158077A-402F-47B9-B913-BF9CCC1486BC_1_105_c.jpeg"
    ],
    "ultima_modificacion": "2025-08-01 01:01:27.289776"
  },
  "2744e75bfd304a7fa405f94ecfc406d81105c.jpeg": {
    "app_sintetizada": "2744E75BFD304A7FA405F94ECFC406D81105C.JPEG",
    "cantidad_archivos": 1,
    "archivos_fuente": [
      "Pictures/Fototeca de Fotos.photoslibrary/resources/derivatives/2/2744E75B-FD30-4A7F-A405-F94ECFC406D8_1_105_c.jpeg"
    ],
    "ultima_modificacion": "2025-08-01 01:01:27.290359"
  },
  "2787d361750d4a15b6cd1f858e4c66181105c.jpeg": {
    "app_sintetizada": "2787D361750D4A15B6CD1F858E4C66181105C.JPEG",
    "cantidad_archivos": 1,
    "archivos_fuente": [
      "Pictures/Fototeca de Fotos.photoslibrary/resources/derivatives/2/2787D361-750D-4A15-B6CD-1F858E4C6618_1_105_c.jpeg"
    ],
    "ultima_modificacion": "2025-08-01 01:01:27.290747"
  },
  "2fba5c1ed883445fb2c35dc9f7e945871105c.jpeg": {
    "app_sintetizada": "2FBA5C1ED883445FB2C35DC9F7E945871105C.JPEG",
    "cantidad_archivos": 1,
    "archivos_fuente": [
      "Pictures/Fototeca de Fotos.photoslibrary/resources/derivatives/2/2FBA5C1E-D883-445F-B2C3-5DC9F7E94587_1_105_c.jpeg"
    ],
    "ultima_modificacion": "2025-08-01 01:01:27.291109"
  },
  "2ce7a6b43c8c49958f2496e7e9c3969d1105c.jpeg": {
    "app_sintetizada": "2CE7A6B43C8C49958F2496E7E9C3969D1105C.JPEG",
    "cantidad_archivos": 1,
    "archivos_fuente": [
      "Pictures/Fototeca de Fotos.photoslibrary/resources/derivatives/2/2CE7A6B4-3C8C-4995-8F24-96E7E9C3969D_1_105_c.jpeg"
    ],
    "ultima_modificacion": "2025-08-01 01:01:27.291512"
  },
  "225af1fdab4348fdbace898a81257dc11105c.jpeg": {
    "app_sintetizada": "225AF1FDAB4348FDBACE898A81257DC11105C.JPEG",
    "cantidad_archivos": 1,
    "archivos_fuente": [
      "Pictures/Fototeca de Fotos.photoslibrary/resources/derivatives/2/225AF1FD-AB43-48FD-BACE-898A81257DC1_1_105_c.jpeg"
    ],
    "ultima_modificacion": "2025-08-01 01:01:27.291911"
  },
  "29e4e7fbede043cab821fe29b1364bf31105c.jpeg": {
    "app_sintetizada": "29E4E7FBEDE043CAB821FE29B1364BF31105C.JPEG",
    "cantidad_archivos": 1,
    "archivos_fuente": [
      "Pictures/Fototeca de Fotos.photoslibrary/resources/derivatives/2/29E4E7FB-EDE0-43CA-B821-FE29B1364BF3_1_105_c.jpeg"
    ],
    "ultima_modificacion": "2025-08-01 01:01:27.292314"
  },
  "236015f5bc084ae3a8709104e1ad71b31105c.jpeg": {
    "app_sintetizada": "236015F5BC084AE3A8709104E1AD71B31105C.JPEG",
    "cantidad_archivos": 1,
    "archivos_fuente": [
      "Pictures/Fototeca de Fotos.photoslibrary/resources/derivatives/2/236015F5-BC08-4AE3-A870-9104E1AD71B3_1_105_c.jpeg"
    ],
    "ultima_modificacion": "2025-08-01 01:01:27.294011"
  },
  "220b6fde6f7a4959b96eac43c4f5cc421105c.jpeg": {
    "app_sintetizada": "220B6FDE6F7A4959B96EAC43C4F5CC421105C.JPEG",
    "cantidad_archivos": 1,
    "archivos_fuente": [
      "Pictures/Fototeca de Fotos.photoslibrary/resources/derivatives/2/220B6FDE-6F7A-4959-B96E-AC43C4F5CC42_1_105_c.jpeg"
    ],
    "ultima_modificacion": "2025-08-01 01:01:27.294618"
  },
  "2c7511df15be436996d6e7dc3216ed261105c.jpeg": {
    "app_sintetizada": "2C7511DF15BE436996D6E7DC3216ED261105C.JPEG",
    "cantidad_archivos": 1,
    "archivos_fuente": [
      "Pictures/Fototeca de Fotos.photoslibrary/resources/derivatives/2/2C7511DF-15BE-4369-96D6-E7DC3216ED26_1_105_c.jpeg"
    ],
    "ultima_modificacion": "2025-08-01 01:01:27.296546"
  },
  "2b705ec6c90c42a6a121a984bb030e991105c.jpeg": {
    "app_sintetizada": "2B705EC6C90C42A6A121A984BB030E991105C.JPEG",
    "cantidad_archivos": 1,
    "archivos_fuente": [
      "Pictures/Fototeca de Fotos.photoslibrary/resources/derivatives/2/2B705EC6-C90C-42A6-A121-A984BB030E99_1_105_c.jpeg"
    ],
    "ultima_modificacion": "2025-08-01 01:01:27.297298"
  },
  "2435232b3ff249f4a7d4e9fc851cf1b4.thm": {
    "app_sintetizada": "2435232B3FF249F4A7D4E9FC851CF1B4.THM",
    "cantidad_archivos": 1,
    "archivos_fuente": [
      "Pictures/Fototeca de Fotos.photoslibrary/resources/derivatives/2/2435232B-3FF2-49F4-A7D4-E9FC851CF1B4.THM"
    ],
    "ultima_modificacion": "2025-08-01 01:01:27.298553"
  },
  "288a0d1524a4426982fb1bd7d30c67861105c.jpeg": {
    "app_sintetizada": "288A0D1524A4426982FB1BD7D30C67861105C.JPEG",
    "cantidad_archivos": 1,
    "archivos_fuente": [
      "Pictures/Fototeca de Fotos.photoslibrary/resources/derivatives/2/288A0D15-24A4-4269-82FB-1BD7D30C6786_1_105_c.jpeg"
    ],
    "ultima_modificacion": "2025-08-01 01:01:27.298948"
  },
  "20f62a5f83a94c3fabb49f9f6fb7f8c41105c.jpeg": {
    "app_sintetizada": "20F62A5F83A94C3FABB49F9F6FB7F8C41105C.JPEG",
    "cantidad_archivos": 1,
    "archivos_fuente": [
      "Pictures/Fototeca de Fotos.photoslibrary/resources/derivatives/2/20F62A5F-83A9-4C3F-ABB4-9F9F6FB7F8C4_1_105_c.jpeg"
    ],
    "ultima_modificacion": "2025-08-01 01:01:27.299313"
  },
  "227f99a39ff6474a97e1c1c2df1c2df21105c.jpeg": {
    "app_sintetizada": "227F99A39FF6474A97E1C1C2DF1C2DF21105C.JPEG",
    "cantidad_archivos": 1,
    "archivos_fuente": [
      "Pictures/Fototeca de Fotos.photoslibrary/resources/derivatives/2/227F99A3-9FF6-474A-97E1-C1C2DF1C2DF2_1_105_c.jpeg"
    ],
    "ultima_modificacion": "2025-08-01 01:01:27.300136"
  },
  "2de99f86ba0044f28e5b6d845e16f8b3.thm": {
    "app_sintetizada": "2DE99F86BA0044F28E5B6D845E16F8B3.THM",
    "cantidad_archivos": 1,
    "archivos_fuente": [
      "Pictures/Fototeca de Fotos.photoslibrary/resources/derivatives/2/2DE99F86-BA00-44F2-8E5B-6D845E16F8B3.THM"
    ],
    "ultima_modificacion": "2025-08-01 01:01:27.300608"
  },
  "2dedd760c79f4ff2a236dcc6a50d0f981105c.jpeg": {
    "app_sintetizada": "2DEDD760C79F4FF2A236DCC6A50D0F981105C.JPEG",
    "cantidad_archivos": 1,
    "archivos_fuente": [
      "Pictures/Fototeca de Fotos.photoslibrary/resources/derivatives/2/2DEDD760-C79F-4FF2-A236-DCC6A50D0F98_1_105_c.jpeg"
    ],
    "ultima_modificacion": "2025-08-01 01:01:27.301139"
  },
  "2c349a54cc414aa79092ddbd9dcd77201105c.jpeg": {
    "app_sintetizada": "2C349A54CC414AA79092DDBD9DCD77201105C.JPEG",
    "cantidad_archivos": 1,
    "archivos_fuente": [
      "Pictures/Fototeca de Fotos.photoslibrary/resources/derivatives/2/2C349A54-CC41-4AA7-9092-DDBD9DCD7720_1_105_c.jpeg"
    ],
    "ultima_modificacion": "2025-08-01 01:01:27.301542"
  },
  "238e5da92b144c1c99b340f6cf13716f1105c.jpeg": {
    "app_sintetizada": "238E5DA92B144C1C99B340F6CF13716F1105C.JPEG",
    "cantidad_archivos": 1,
    "archivos_fuente": [
      "Pictures/Fototeca de Fotos.photoslibrary/resources/derivatives/2/238E5DA9-2B14-4C1C-99B3-40F6CF13716F_1_105_c.jpeg"
    ],
    "ultima_modificacion": "2025-08-01 01:01:27.302132"
  },
  "2fe172ae2abf4a0ca30367b23b7ab4011105c.jpeg": {
    "app_sintetizada": "2FE172AE2ABF4A0CA30367B23B7AB4011105C.JPEG",
    "cantidad_archivos": 1,
    "archivos_fuente": [
      "Pictures/Fototeca de Fotos.photoslibrary/resources/derivatives/2/2FE172AE-2ABF-4A0C-A303-67B23B7AB401_1_105_c.jpeg"
    ],
    "ultima_modificacion": "2025-08-01 01:01:27.303023"
  },
  "2f194d9fa19c47a49b9e7beddc9ff39b.thm": {
    "app_sintetizada": "2F194D9FA19C47A49B9E7BEDDC9FF39B.THM",
    "cantidad_archivos": 1,
    "archivos_fuente": [
      "Pictures/Fototeca de Fotos.photoslibrary/resources/derivatives/2/2F194D9F-A19C-47A4-9B9E-7BEDDC9FF39B.THM"
    ],
    "ultima_modificacion": "2025-08-01 01:01:27.303771"
  },
  "2f5d98edf4a74dca8687c51021a703391105c.jpeg": {
    "app_sintetizada": "2F5D98EDF4A74DCA8687C51021A703391105C.JPEG",
    "cantidad_archivos": 1,
    "archivos_fuente": [
      "Pictures/Fototeca de Fotos.photoslibrary/resources/derivatives/2/2F5D98ED-F4A7-4DCA-8687-C51021A70339_1_105_c.jpeg"
    ],
    "ultima_modificacion": "2025-08-01 01:01:27.304212"
  },
  "2b7a1eb818d841ae9b2ed5d6898d29771105c.jpeg": {
    "app_sintetizada": "2B7A1EB818D841AE9B2ED5D6898D29771105C.JPEG",
    "cantidad_archivos": 1,
    "archivos_fuente": [
      "Pictures/Fototeca de Fotos.photoslibrary/resources/derivatives/2/2B7A1EB8-18D8-41AE-9B2E-D5D6898D2977_1_105_c.jpeg"
    ],
    "ultima_modificacion": "2025-08-01 01:01:27.304570"
  },
  "2c3cf6cc16944952ab2972e82e27fbce1105c.jpeg": {
    "app_sintetizada": "2C3CF6CC16944952AB2972E82E27FBCE1105C.JPEG",
    "cantidad_archivos": 1,
    "archivos_fuente": [
      "Pictures/Fototeca de Fotos.photoslibrary/resources/derivatives/2/2C3CF6CC-1694-4952-AB29-72E82E27FBCE_1_105_c.jpeg"
    ],
    "ultima_modificacion": "2025-08-01 01:01:27.304959"
  },
  "2ebc5208071c4cbdadfbc520fe80c24f1105c.jpeg": {
    "app_sintetizada": "2EBC5208071C4CBDADFBC520FE80C24F1105C.JPEG",
    "cantidad_archivos": 1,
    "archivos_fuente": [
      "Pictures/Fototeca de Fotos.photoslibrary/resources/derivatives/2/2EBC5208-071C-4CBD-ADFB-C520FE80C24F_1_105_c.jpeg"
    ],
    "ultima_modificacion": "2025-08-01 01:01:27.305896"
  },
  "25b042d5ee244f828659e25b78f6daa41105c.jpeg": {
    "app_sintetizada": "25B042D5EE244F828659E25B78F6DAA41105C.JPEG",
    "cantidad_archivos": 1,
    "archivos_fuente": [
      "Pictures/Fototeca de Fotos.photoslibrary/resources/derivatives/2/25B042D5-EE24-4F82-8659-E25B78F6DAA4_1_105_c.jpeg"
    ],
    "ultima_modificacion": "2025-08-01 01:01:27.307258"
  },
  "220a4f0270284a8398664232f3f1abe81105c.jpeg": {
    "app_sintetizada": "220A4F0270284A8398664232F3F1ABE81105C.JPEG",
    "cantidad_archivos": 1,
    "archivos_fuente": [
      "Pictures/Fototeca de Fotos.photoslibrary/resources/derivatives/2/220A4F02-7028-4A83-9866-4232F3F1ABE8_1_105_c.jpeg"
    ],
    "ultima_modificacion": "2025-08-01 01:01:27.307962"
  },
  "2295d7a1290149d493c5a646bf71ad571105c.jpeg": {
    "app_sintetizada": "2295D7A1290149D493C5A646BF71AD571105C.JPEG",
    "cantidad_archivos": 1,
    "archivos_fuente": [
      "Pictures/Fototeca de Fotos.photoslibrary/resources/derivatives/2/2295D7A1-2901-49D4-93C5-A646BF71AD57_1_105_c.jpeg"
    ],
    "ultima_modificacion": "2025-08-01 01:01:27.309157"
  },
  "229b46e5b4dc444c9e7fa5c1ed1541181105c.jpeg": {
    "app_sintetizada": "229B46E5B4DC444C9E7FA5C1ED1541181105C.JPEG",
    "cantidad_archivos": 1,
    "archivos_fuente": [
      "Pictures/Fototeca de Fotos.photoslibrary/resources/derivatives/2/229B46E5-B4DC-444C-9E7F-A5C1ED154118_1_105_c.jpeg"
    ],
    "ultima_modificacion": "2025-08-01 01:01:27.310727"
  },
  "2695bf8723704db8b0a9eb87ae6568271102o.jpeg": {
    "app_sintetizada": "2695BF8723704DB8B0A9EB87AE6568271102O.JPEG",
    "cantidad_archivos": 1,
    "archivos_fuente": [
      "Pictures/Fototeca de Fotos.photoslibrary/resources/derivatives/2/2695BF87-2370-4DB8-B0A9-EB87AE656827_1_102_o.jpeg"
    ],
    "ultima_modificacion": "2025-08-01 01:01:27.311251"
  },
  "2dabceed15db4aa7a57c3b73617d9a811105c.jpeg": {
    "app_sintetizada": "2DABCEED15DB4AA7A57C3B73617D9A811105C.JPEG",
    "cantidad_archivos": 1,
    "archivos_fuente": [
      "Pictures/Fototeca de Fotos.photoslibrary/resources/derivatives/2/2DABCEED-15DB-4AA7-A57C-3B73617D9A81_1_105_c.jpeg"
    ],
    "ultima_modificacion": "2025-08-01 01:01:27.311723"
  },
  "2536bb122a8647d491e126614708cf2b1105c.jpeg": {
    "app_sintetizada": "2536BB122A8647D491E126614708CF2B1105C.JPEG",
    "cantidad_archivos": 1,
    "archivos_fuente": [
      "Pictures/Fototeca de Fotos.photoslibrary/resources/derivatives/2/2536BB12-2A86-47D4-91E1-26614708CF2B_1_105_c.jpeg"
    ],
    "ultima_modificacion": "2025-08-01 01:01:27.312110"
  },
  "2d6392c5eead4dd0aca147b8d10c1ed11105c.jpeg": {
    "app_sintetizada": "2D6392C5EEAD4DD0ACA147B8D10C1ED11105C.JPEG",
    "cantidad_archivos": 1,
    "archivos_fuente": [
      "Pictures/Fototeca de Fotos.photoslibrary/resources/derivatives/2/2D6392C5-EEAD-4DD0-ACA1-47B8D10C1ED1_1_105_c.jpeg"
    ],
    "ultima_modificacion": "2025-08-01 01:01:27.312428"
  },
  "28c51a5397b1482fa649eab1e4920e0d1105c.jpeg": {
    "app_sintetizada": "28C51A5397B1482FA649EAB1E4920E0D1105C.JPEG",
    "cantidad_archivos": 1,
    "archivos_fuente": [
      "Pictures/Fototeca de Fotos.photoslibrary/resources/derivatives/2/28C51A53-97B1-482F-A649-EAB1E4920E0D_1_105_c.jpeg"
    ],
    "ultima_modificacion": "2025-08-01 01:01:27.312695"
  },
  "2b1073f83d944e7a9689f15d0a8f71b21105c.jpeg": {
    "app_sintetizada": "2B1073F83D944E7A9689F15D0A8F71B21105C.JPEG",
    "cantidad_archivos": 1,
    "archivos_fuente": [
      "Pictures/Fototeca de Fotos.photoslibrary/resources/derivatives/2/2B1073F8-3D94-4E7A-9689-F15D0A8F71B2_1_105_c.jpeg"
    ],
    "ultima_modificacion": "2025-08-01 01:01:27.312983"
  },
  "207e47e4008d44d0bc2237e5b58350bc1105c.jpeg": {
    "app_sintetizada": "207E47E4008D44D0BC2237E5B58350BC1105C.JPEG",
    "cantidad_archivos": 1,
    "archivos_fuente": [
      "Pictures/Fototeca de Fotos.photoslibrary/resources/derivatives/2/207E47E4-008D-44D0-BC22-37E5B58350BC_1_105_c.jpeg"
    ],
    "ultima_modificacion": "2025-08-01 01:01:27.313260"
  },
  "29d030bf9d364d65938a96c90481ebbe1105c.jpeg": {
    "app_sintetizada": "29D030BF9D364D65938A96C90481EBBE1105C.JPEG",
    "cantidad_archivos": 1,
    "archivos_fuente": [
      "Pictures/Fototeca de Fotos.photoslibrary/resources/derivatives/2/29D030BF-9D36-4D65-938A-96C90481EBBE_1_105_c.jpeg"
    ],
    "ultima_modificacion": "2025-08-01 01:01:27.313681"
  },
  "2a921ede39414a609a1d8af7646d15eb.thm": {
    "app_sintetizada": "2A921EDE39414A609A1D8AF7646D15EB.THM",
    "cantidad_archivos": 1,
    "archivos_fuente": [
      "Pictures/Fototeca de Fotos.photoslibrary/resources/derivatives/2/2A921EDE-3941-4A60-9A1D-8AF7646D15EB.THM"
    ],
    "ultima_modificacion": "2025-08-01 01:01:27.314042"
  },
  "200e43cb66c7412d9e00150c413b7e931105c.jpeg": {
    "app_sintetizada": "200E43CB66C7412D9E00150C413B7E931105C.JPEG",
    "cantidad_archivos": 1,
    "archivos_fuente": [
      "Pictures/Fototeca de Fotos.photoslibrary/resources/derivatives/2/200E43CB-66C7-412D-9E00-150C413B7E93_1_105_c.jpeg"
    ],
    "ultima_modificacion": "2025-08-01 01:01:27.314323"
  },
  "25bec1d352a34874b44384132c4fc95b.thm": {
    "app_sintetizada": "25BEC1D352A34874B44384132C4FC95B.THM",
    "cantidad_archivos": 1,
    "archivos_fuente": [
      "Pictures/Fototeca de Fotos.photoslibrary/resources/derivatives/2/25BEC1D3-52A3-4874-B443-84132C4FC95B.THM"
    ],
    "ultima_modificacion": "2025-08-01 01:01:27.314607"
  },
  "2eed2018f89e4ec99684bcdcc34d495d1105c.jpeg": {
    "app_sintetizada": "2EED2018F89E4EC99684BCDCC34D495D1105C.JPEG",
    "cantidad_archivos": 1,
    "archivos_fuente": [
      "Pictures/Fototeca de Fotos.photoslibrary/resources/derivatives/2/2EED2018-F89E-4EC9-9684-BCDCC34D495D_1_105_c.jpeg"
    ],
    "ultima_modificacion": "2025-08-01 01:01:27.315346"
  },
  "2490ab650a3e47be9c0851f2dd9947f31105c.jpeg": {
    "app_sintetizada": "2490AB650A3E47BE9C0851F2DD9947F31105C.JPEG",
    "cantidad_archivos": 1,
    "archivos_fuente": [
      "Pictures/Fototeca de Fotos.photoslibrary/resources/derivatives/2/2490AB65-0A3E-47BE-9C08-51F2DD9947F3_1_105_c.jpeg"
    ],
    "ultima_modificacion": "2025-08-01 01:01:27.315668"
  },
  "23f71a9ec976440cbfdfe7752440cd1c1105c.jpeg": {
    "app_sintetizada": "23F71A9EC976440CBFDFE7752440CD1C1105C.JPEG",
    "cantidad_archivos": 1,
    "archivos_fuente": [
      "Pictures/Fototeca de Fotos.photoslibrary/resources/derivatives/2/23F71A9E-C976-440C-BFDF-E7752440CD1C_1_105_c.jpeg"
    ],
    "ultima_modificacion": "2025-08-01 01:01:27.315944"
  },
  "2db6edd7697b49ee967f1752a41246af1105c.jpeg": {
    "app_sintetizada": "2DB6EDD7697B49EE967F1752A41246AF1105C.JPEG",
    "cantidad_archivos": 1,
    "archivos_fuente": [
      "Pictures/Fototeca de Fotos.photoslibrary/resources/derivatives/2/2DB6EDD7-697B-49EE-967F-1752A41246AF_1_105_c.jpeg"
    ],
    "ultima_modificacion": "2025-08-01 01:01:27.316197"
  },
  "227d0894c7cb44d9be5caf727a5d8ad61105c.jpeg": {
    "app_sintetizada": "227D0894C7CB44D9BE5CAF727A5D8AD61105C.JPEG",
    "cantidad_archivos": 1,
    "archivos_fuente": [
      "Pictures/Fototeca de Fotos.photoslibrary/resources/derivatives/2/227D0894-C7CB-44D9-BE5C-AF727A5D8AD6_1_105_c.jpeg"
    ],
    "ultima_modificacion": "2025-08-01 01:01:27.316451"
  }
}