{
  "d96c94cd94dcbfb70": {
    "app_sintetizada": "D96C94CD94DCBFB70",
    "cantidad_archivos": 1,
    "archivos_fuente": [
      "Library/Application Support/Google/Chrome/Default/Service Worker/CacheStorage/d1394a4c842f7861ad7ae5e20da4b484a0c4acad/a5a18824-56f6-4f5f-abb6-64683cbd37bb/d96c94cd94dcbfb7_0"
    ],
    "ultima_modificacion": "2025-08-01 01:01:31.107437"
  },
  "f2126c64c572fadb0": {
    "app_sintetizada": "F2126C64C572FADB0",
    "cantidad_archivos": 1,
    "archivos_fuente": [
      "Library/Application Support/Google/Chrome/Default/Service Worker/CacheStorage/d1394a4c842f7861ad7ae5e20da4b484a0c4acad/a5a18824-56f6-4f5f-abb6-64683cbd37bb/f2126c64c572fadb_0"
    ],
    "ultima_modificacion": "2025-08-01 01:01:31.107752"
  },
  "9a23f6f8930132c30": {
    "app_sintetizada": "9A23F6F8930132C30",
    "cantidad_archivos": 1,
    "archivos_fuente": [
      "Library/Application Support/Google/Chrome/Default/Service Worker/CacheStorage/d1394a4c842f7861ad7ae5e20da4b484a0c4acad/a5a18824-56f6-4f5f-abb6-64683cbd37bb/9a23f6f8930132c3_0"
    ],
    "ultima_modificacion": "2025-08-01 01:01:31.108067"
  },
  "145ba48cf21f252a0": {
    "app_sintetizada": "145BA48CF21F252A0",
    "cantidad_archivos": 1,
    "archivos_fuente": [
      "Library/Application Support/Google/Chrome/Default/Service Worker/CacheStorage/d1394a4c842f7861ad7ae5e20da4b484a0c4acad/a5a18824-56f6-4f5f-abb6-64683cbd37bb/145ba48cf21f252a_0"
    ],
    "ultima_modificacion": "2025-08-01 01:01:31.108415"
  },
  "630950ed282125980": {
    "app_sintetizada": "630950ED282125980",
    "cantidad_archivos": 1,
    "archivos_fuente": [
      "Library/Application Support/Google/Chrome/Default/Service Worker/CacheStorage/d1394a4c842f7861ad7ae5e20da4b484a0c4acad/a5a18824-56f6-4f5f-abb6-64683cbd37bb/630950ed28212598_0"
    ],
    "ultima_modificacion": "2025-08-01 01:01:31.108763"
  },
  "1102efed93425dcd0": {
    "app_sintetizada": "1102EFED93425DCD0",
    "cantidad_archivos": 1,
    "archivos_fuente": [
      "Library/Application Support/Google/Chrome/Default/Service Worker/CacheStorage/d1394a4c842f7861ad7ae5e20da4b484a0c4acad/a5a18824-56f6-4f5f-abb6-64683cbd37bb/1102efed93425dcd_0"
    ],
    "ultima_modificacion": "2025-08-01 01:01:31.109067"
  },
  "a4eb8d23f2f345400": {
    "app_sintetizada": "A4EB8D23F2F345400",
    "cantidad_archivos": 1,
    "archivos_fuente": [
      "Library/Application Support/Google/Chrome/Default/Service Worker/CacheStorage/d1394a4c842f7861ad7ae5e20da4b484a0c4acad/a5a18824-56f6-4f5f-abb6-64683cbd37bb/a4eb8d23f2f34540_0"
    ],
    "ultima_modificacion": "2025-08-01 01:01:31.109435"
  },
  "0af0f4cc54f3c30c0": {
    "app_sintetizada": "0AF0F4CC54F3C30C0",
    "cantidad_archivos": 1,
    "archivos_fuente": [
      "Library/Application Support/Google/Chrome/Default/Service Worker/CacheStorage/d1394a4c842f7861ad7ae5e20da4b484a0c4acad/a5a18824-56f6-4f5f-abb6-64683cbd37bb/0af0f4cc54f3c30c_0"
    ],
    "ultima_modificacion": "2025-08-01 01:01:31.109737"
  },
  "d5481e5e251f5e300": {
    "app_sintetizada": "D5481E5E251F5E300",
    "cantidad_archivos": 1,
    "archivos_fuente": [
      "Library/Application Support/Google/Chrome/Default/Service Worker/CacheStorage/d1394a4c842f7861ad7ae5e20da4b484a0c4acad/a5a18824-56f6-4f5f-abb6-64683cbd37bb/d5481e5e251f5e30_0"
    ],
    "ultima_modificacion": "2025-08-01 01:01:31.110035"
  },
  "7b7110fd2135d24a0": {
    "app_sintetizada": "7B7110FD2135D24A0",
    "cantidad_archivos": 1,
    "archivos_fuente": [
      "Library/Application Support/Google/Chrome/Default/Service Worker/CacheStorage/d1394a4c842f7861ad7ae5e20da4b484a0c4acad/a5a18824-56f6-4f5f-abb6-64683cbd37bb/7b7110fd2135d24a_0"
    ],
    "ultima_modificacion": "2025-08-01 01:01:31.110352"
  },
  "bbeb6e15412915420": {
    "app_sintetizada": "BBEB6E15412915420",
    "cantidad_archivos": 1,
    "archivos_fuente": [
      "Library/Application Support/Google/Chrome/Default/Service Worker/CacheStorage/d1394a4c842f7861ad7ae5e20da4b484a0c4acad/a5a18824-56f6-4f5f-abb6-64683cbd37bb/bbeb6e1541291542_0"
    ],
    "ultima_modificacion": "2025-08-01 01:01:31.110651"
  },
  "770d08e8cda4c8ea0": {
    "app_sintetizada": "770D08E8CDA4C8EA0",
    "cantidad_archivos": 1,
    "archivos_fuente": [
      "Library/Application Support/Google/Chrome/Default/Service Worker/CacheStorage/d1394a4c842f7861ad7ae5e20da4b484a0c4acad/a5a18824-56f6-4f5f-abb6-64683cbd37bb/770d08e8cda4c8ea_0"
    ],
    "ultima_modificacion": "2025-08-01 01:01:31.110956"
  },
  "f31cede5df87ebd20": {
    "app_sintetizada": "F31CEDE5DF87EBD20",
    "cantidad_archivos": 1,
    "archivos_fuente": [
      "Library/Application Support/Google/Chrome/Default/Service Worker/CacheStorage/d1394a4c842f7861ad7ae5e20da4b484a0c4acad/a5a18824-56f6-4f5f-abb6-64683cbd37bb/f31cede5df87ebd2_0"
    ],
    "ultima_modificacion": "2025-08-01 01:01:31.111270"
  },
  "80a59d91835146b60": {
    "app_sintetizada": "80A59D91835146B60",
    "cantidad_archivos": 1,
    "archivos_fuente": [
      "Library/Application Support/Google/Chrome/Default/Service Worker/CacheStorage/d1394a4c842f7861ad7ae5e20da4b484a0c4acad/a5a18824-56f6-4f5f-abb6-64683cbd37bb/80a59d91835146b6_0"
    ],
    "ultima_modificacion": "2025-08-01 01:01:31.111605"
  },
  "41da418ed17df30e0": {
    "app_sintetizada": "41DA418ED17DF30E0",
    "cantidad_archivos": 1,
    "archivos_fuente": [
      "Library/Application Support/Google/Chrome/Default/Service Worker/CacheStorage/d1394a4c842f7861ad7ae5e20da4b484a0c4acad/a5a18824-56f6-4f5f-abb6-64683cbd37bb/41da418ed17df30e_0"
    ],
    "ultima_modificacion": "2025-08-01 01:01:31.111865"
  },
  "f94ea616d4a9f1900": {
    "app_sintetizada": "F94EA616D4A9F1900",
    "cantidad_archivos": 1,
    "archivos_fuente": [
      "Library/Application Support/Google/Chrome/Default/Service Worker/CacheStorage/d1394a4c842f7861ad7ae5e20da4b484a0c4acad/a5a18824-56f6-4f5f-abb6-64683cbd37bb/f94ea616d4a9f190_0"
    ],
    "ultima_modificacion": "2025-08-01 01:01:31.112147"
  },
  "91702fab2f1203850": {
    "app_sintetizada": "91702FAB2F1203850",
    "cantidad_archivos": 1,
    "archivos_fuente": [
      "Library/Application Support/Google/Chrome/Default/Service Worker/CacheStorage/d1394a4c842f7861ad7ae5e20da4b484a0c4acad/a5a18824-56f6-4f5f-abb6-64683cbd37bb/91702fab2f120385_0"
    ],
    "ultima_modificacion": "2025-08-01 01:01:31.112449"
  },
  "df757113b7ebbe4f0": {
    "app_sintetizada": "DF757113B7EBBE4F0",
    "cantidad_archivos": 1,
    "archivos_fuente": [
      "Library/Application Support/Google/Chrome/Default/Service Worker/CacheStorage/d1394a4c842f7861ad7ae5e20da4b484a0c4acad/a5a18824-56f6-4f5f-abb6-64683cbd37bb/df757113b7ebbe4f_0"
    ],
    "ultima_modificacion": "2025-08-01 01:01:31.112781"
  },
  "9b95dabf0c8d3cce0": {
    "app_sintetizada": "9B95DABF0C8D3CCE0",
    "cantidad_archivos": 1,
    "archivos_fuente": [
      "Library/Application Support/Google/Chrome/Default/Service Worker/CacheStorage/d1394a4c842f7861ad7ae5e20da4b484a0c4acad/a5a18824-56f6-4f5f-abb6-64683cbd37bb/9b95dabf0c8d3cce_0"
    ],
    "ultima_modificacion": "2025-08-01 01:01:31.113084"
  },
  "2f30c836f8b364840": {
    "app_sintetizada": "2F30C836F8B364840",
    "cantidad_archivos": 1,
    "archivos_fuente": [
      "Library/Application Support/Google/Chrome/Default/Service Worker/CacheStorage/d1394a4c842f7861ad7ae5e20da4b484a0c4acad/a5a18824-56f6-4f5f-abb6-64683cbd37bb/2f30c836f8b36484_0"
    ],
    "ultima_modificacion": "2025-08-01 01:01:31.113333"
  },
  "4b32acc557b66f1c0": {
    "app_sintetizada": "4B32ACC557B66F1C0",
    "cantidad_archivos": 1,
    "archivos_fuente": [
      "Library/Application Support/Google/Chrome/Default/Service Worker/CacheStorage/d1394a4c842f7861ad7ae5e20da4b484a0c4acad/a5a18824-56f6-4f5f-abb6-64683cbd37bb/4b32acc557b66f1c_0"
    ],
    "ultima_modificacion": "2025-08-01 01:01:31.113699"
  },
  "64b0d8ad6dfb4d1d0": {
    "app_sintetizada": "64B0D8AD6DFB4D1D0",
    "cantidad_archivos": 1,
    "archivos_fuente": [
      "Library/Application Support/Google/Chrome/Default/Service Worker/CacheStorage/d1394a4c842f7861ad7ae5e20da4b484a0c4acad/a5a18824-56f6-4f5f-abb6-64683cbd37bb/64b0d8ad6dfb4d1d_0"
    ],
    "ultima_modificacion": "2025-08-01 01:01:31.113965"
  },
  "d05d8ca81f7bca720": {
    "app_sintetizada": "D05D8CA81F7BCA720",
    "cantidad_archivos": 1,
    "archivos_fuente": [
      "Library/Application Support/Google/Chrome/Default/Service Worker/CacheStorage/d1394a4c842f7861ad7ae5e20da4b484a0c4acad/a5a18824-56f6-4f5f-abb6-64683cbd37bb/d05d8ca81f7bca72_0"
    ],
    "ultima_modificacion": "2025-08-01 01:01:31.114231"
  },
  "cf98319913bd79ad0": {
    "app_sintetizada": "CF98319913BD79AD0",
    "cantidad_archivos": 1,
    "archivos_fuente": [
      "Library/Application Support/Google/Chrome/Default/Service Worker/CacheStorage/d1394a4c842f7861ad7ae5e20da4b484a0c4acad/a5a18824-56f6-4f5f-abb6-64683cbd37bb/cf98319913bd79ad_0"
    ],
    "ultima_modificacion": "2025-08-01 01:01:31.114505"
  },
  "fe4d69a6431c65f60": {
    "app_sintetizada": "FE4D69A6431C65F60",
    "cantidad_archivos": 1,
    "archivos_fuente": [
      "Library/Application Support/Google/Chrome/Default/Service Worker/CacheStorage/d1394a4c842f7861ad7ae5e20da4b484a0c4acad/a5a18824-56f6-4f5f-abb6-64683cbd37bb/fe4d69a6431c65f6_0"
    ],
    "ultima_modificacion": "2025-08-01 01:01:31.114815"
  },
  "992f9dbdfc9a55ba0": {
    "app_sintetizada": "992F9DBDFC9A55BA0",
    "cantidad_archivos": 1,
    "archivos_fuente": [
      "Library/Application Support/Google/Chrome/Default/Service Worker/CacheStorage/d1394a4c842f7861ad7ae5e20da4b484a0c4acad/a5a18824-56f6-4f5f-abb6-64683cbd37bb/992f9dbdfc9a55ba_0"
    ],
    "ultima_modificacion": "2025-08-01 01:01:31.115180"
  },
  "6f09a81345b726700": {
    "app_sintetizada": "6F09A81345B726700",
    "cantidad_archivos": 1,
    "archivos_fuente": [
      "Library/Application Support/Google/Chrome/Default/Service Worker/CacheStorage/d1394a4c842f7861ad7ae5e20da4b484a0c4acad/a5a18824-56f6-4f5f-abb6-64683cbd37bb/6f09a81345b72670_0"
    ],
    "ultima_modificacion": "2025-08-01 01:01:31.115471"
  },
  "d80b4154217114bb0": {
    "app_sintetizada": "D80B4154217114BB0",
    "cantidad_archivos": 1,
    "archivos_fuente": [
      "Library/Application Support/Google/Chrome/Default/Service Worker/CacheStorage/d1394a4c842f7861ad7ae5e20da4b484a0c4acad/a5a18824-56f6-4f5f-abb6-64683cbd37bb/d80b4154217114bb_0"
    ],
    "ultima_modificacion": "2025-08-01 01:01:31.115791"
  },
  "929764bda71382a50": {
    "app_sintetizada": "929764BDA71382A50",
    "cantidad_archivos": 1,
    "archivos_fuente": [
      "Library/Application Support/Google/Chrome/Default/Service Worker/CacheStorage/d1394a4c842f7861ad7ae5e20da4b484a0c4acad/a5a18824-56f6-4f5f-abb6-64683cbd37bb/929764bda71382a5_0"
    ],
    "ultima_modificacion": "2025-08-01 01:01:31.116056"
  },
  "033e15dca22a6bad0": {
    "app_sintetizada": "033E15DCA22A6BAD0",
    "cantidad_archivos": 1,
    "archivos_fuente": [
      "Library/Application Support/Google/Chrome/Default/Service Worker/CacheStorage/d1394a4c842f7861ad7ae5e20da4b484a0c4acad/a5a18824-56f6-4f5f-abb6-64683cbd37bb/033e15dca22a6bad_0"
    ],
    "ultima_modificacion": "2025-08-01 01:01:31.116335"
  },
  "d79be1a471532e330": {
    "app_sintetizada": "D79BE1A471532E330",
    "cantidad_archivos": 1,
    "archivos_fuente": [
      "Library/Application Support/Google/Chrome/Default/Service Worker/CacheStorage/d1394a4c842f7861ad7ae5e20da4b484a0c4acad/a5a18824-56f6-4f5f-abb6-64683cbd37bb/d79be1a471532e33_0"
    ],
    "ultima_modificacion": "2025-08-01 01:01:31.116600"
  },
  "1ff8a387800a962d0": {
    "app_sintetizada": "1FF8A387800A962D0",
    "cantidad_archivos": 1,
    "archivos_fuente": [
      "Library/Application Support/Google/Chrome/Default/Service Worker/CacheStorage/d1394a4c842f7861ad7ae5e20da4b484a0c4acad/a5a18824-56f6-4f5f-abb6-64683cbd37bb/1ff8a387800a962d_0"
    ],
    "ultima_modificacion": "2025-08-01 01:01:31.116899"
  },
  "8ba51aeb3e5c80300": {
    "app_sintetizada": "8BA51AEB3E5C80300",
    "cantidad_archivos": 1,
    "archivos_fuente": [
      "Library/Application Support/Google/Chrome/Default/Service Worker/CacheStorage/d1394a4c842f7861ad7ae5e20da4b484a0c4acad/a5a18824-56f6-4f5f-abb6-64683cbd37bb/8ba51aeb3e5c8030_0"
    ],
    "ultima_modificacion": "2025-08-01 01:01:31.117258"
  },
  "e885c90eb68f29a30": {
    "app_sintetizada": "E885C90EB68F29A30",
    "cantidad_archivos": 1,
    "archivos_fuente": [
      "Library/Application Support/Google/Chrome/Default/Service Worker/CacheStorage/d1394a4c842f7861ad7ae5e20da4b484a0c4acad/a5a18824-56f6-4f5f-abb6-64683cbd37bb/e885c90eb68f29a3_0"
    ],
    "ultima_modificacion": "2025-08-01 01:01:31.117533"
  },
  "8c89b9744078b3ef0": {
    "app_sintetizada": "8C89B9744078B3EF0",
    "cantidad_archivos": 1,
    "archivos_fuente": [
      "Library/Application Support/Google/Chrome/Default/Service Worker/CacheStorage/d1394a4c842f7861ad7ae5e20da4b484a0c4acad/a5a18824-56f6-4f5f-abb6-64683cbd37bb/8c89b9744078b3ef_0"
    ],
    "ultima_modificacion": "2025-08-01 01:01:31.117789"
  },
  "dc575b56e5e5f5200": {
    "app_sintetizada": "DC575B56E5E5F5200",
    "cantidad_archivos": 1,
    "archivos_fuente": [
      "Library/Application Support/Google/Chrome/Default/Service Worker/CacheStorage/d1394a4c842f7861ad7ae5e20da4b484a0c4acad/a5a18824-56f6-4f5f-abb6-64683cbd37bb/dc575b56e5e5f520_0"
    ],
    "ultima_modificacion": "2025-08-01 01:01:31.118039"
  },
  "9dde0741c336f2d80": {
    "app_sintetizada": "9DDE0741C336F2D80",
    "cantidad_archivos": 1,
    "archivos_fuente": [
      "Library/Application Support/Google/Chrome/Default/Service Worker/CacheStorage/d1394a4c842f7861ad7ae5e20da4b484a0c4acad/a5a18824-56f6-4f5f-abb6-64683cbd37bb/9dde0741c336f2d8_0"
    ],
    "ultima_modificacion": "2025-08-01 01:01:31.118289"
  },
  "0cabfdc213608aaf0": {
    "app_sintetizada": "0CABFDC213608AAF0",
    "cantidad_archivos": 1,
    "archivos_fuente": [
      "Library/Application Support/Google/Chrome/Default/Service Worker/CacheStorage/d1394a4c842f7861ad7ae5e20da4b484a0c4acad/a5a18824-56f6-4f5f-abb6-64683cbd37bb/0cabfdc213608aaf_0"
    ],
    "ultima_modificacion": "2025-08-01 01:01:31.118542"
  },
  "c5eed55c1d63a66a0": {
    "app_sintetizada": "C5EED55C1D63A66A0",
    "cantidad_archivos": 1,
    "archivos_fuente": [
      "Library/Application Support/Google/Chrome/Default/Service Worker/CacheStorage/d1394a4c842f7861ad7ae5e20da4b484a0c4acad/a5a18824-56f6-4f5f-abb6-64683cbd37bb/c5eed55c1d63a66a_0"
    ],
    "ultima_modificacion": "2025-08-01 01:01:31.118808"
  },
  "28c229ecf50b39680": {
    "app_sintetizada": "28C229ECF50B39680",
    "cantidad_archivos": 1,
    "archivos_fuente": [
      "Library/Application Support/Google/Chrome/Default/Service Worker/CacheStorage/d1394a4c842f7861ad7ae5e20da4b484a0c4acad/a5a18824-56f6-4f5f-abb6-64683cbd37bb/28c229ecf50b3968_0"
    ],
    "ultima_modificacion": "2025-08-01 01:01:31.119155"
  },
  "f5ea13e110e49e620": {
    "app_sintetizada": "F5EA13E110E49E620",
    "cantidad_archivos": 1,
    "archivos_fuente": [
      "Library/Application Support/Google/Chrome/Default/Service Worker/CacheStorage/d1394a4c842f7861ad7ae5e20da4b484a0c4acad/a5a18824-56f6-4f5f-abb6-64683cbd37bb/f5ea13e110e49e62_0"
    ],
    "ultima_modificacion": "2025-08-01 01:01:31.119446"
  },
  "406e98e430a63bb30": {
    "app_sintetizada": "406E98E430A63BB30",
    "cantidad_archivos": 1,
    "archivos_fuente": [
      "Library/Application Support/Google/Chrome/Default/Service Worker/CacheStorage/d1394a4c842f7861ad7ae5e20da4b484a0c4acad/a5a18824-56f6-4f5f-abb6-64683cbd37bb/406e98e430a63bb3_0"
    ],
    "ultima_modificacion": "2025-08-01 01:01:31.119721"
  },
  "ea614cee641d31920": {
    "app_sintetizada": "EA614CEE641D31920",
    "cantidad_archivos": 1,
    "archivos_fuente": [
      "Library/Application Support/Google/Chrome/Default/Service Worker/CacheStorage/d1394a4c842f7861ad7ae5e20da4b484a0c4acad/a5a18824-56f6-4f5f-abb6-64683cbd37bb/ea614cee641d3192_0"
    ],
    "ultima_modificacion": "2025-08-01 01:01:31.119986"
  },
  "4bab94f1ee9aa44f0": {
    "app_sintetizada": "4BAB94F1EE9AA44F0",
    "cantidad_archivos": 1,
    "archivos_fuente": [
      "Library/Application Support/Google/Chrome/Default/Service Worker/CacheStorage/d1394a4c842f7861ad7ae5e20da4b484a0c4acad/a5a18824-56f6-4f5f-abb6-64683cbd37bb/4bab94f1ee9aa44f_0"
    ],
    "ultima_modificacion": "2025-08-01 01:01:31.120199"
  },
  "de7af876f9fdab200": {
    "app_sintetizada": "DE7AF876F9FDAB200",
    "cantidad_archivos": 1,
    "archivos_fuente": [
      "Library/Application Support/Google/Chrome/Default/Service Worker/CacheStorage/d1394a4c842f7861ad7ae5e20da4b484a0c4acad/a5a18824-56f6-4f5f-abb6-64683cbd37bb/de7af876f9fdab20_0"
    ],
    "ultima_modificacion": "2025-08-01 01:01:31.120403"
  },
  "c446ffe4896ce40a0": {
    "app_sintetizada": "C446FFE4896CE40A0",
    "cantidad_archivos": 1,
    "archivos_fuente": [
      "Library/Application Support/Google/Chrome/Default/Service Worker/CacheStorage/d1394a4c842f7861ad7ae5e20da4b484a0c4acad/a5a18824-56f6-4f5f-abb6-64683cbd37bb/c446ffe4896ce40a_0"
    ],
    "ultima_modificacion": "2025-08-01 01:01:31.120599"
  },
  "3c402a7bc7b27fc20": {
    "app_sintetizada": "3C402A7BC7B27FC20",
    "cantidad_archivos": 1,
    "archivos_fuente": [
      "Library/Application Support/Google/Chrome/Default/Service Worker/CacheStorage/d1394a4c842f7861ad7ae5e20da4b484a0c4acad/a5a18824-56f6-4f5f-abb6-64683cbd37bb/3c402a7bc7b27fc2_0"
    ],
    "ultima_modificacion": "2025-08-01 01:01:31.120803"
  },
  "632208c1e81a04bf0": {
    "app_sintetizada": "632208C1E81A04BF0",
    "cantidad_archivos": 1,
    "archivos_fuente": [
      "Library/Application Support/Google/Chrome/Default/Service Worker/CacheStorage/d1394a4c842f7861ad7ae5e20da4b484a0c4acad/a5a18824-56f6-4f5f-abb6-64683cbd37bb/632208c1e81a04bf_0"
    ],
    "ultima_modificacion": "2025-08-01 01:01:31.120991"
  },
  "704fba790bf84b490": {
    "app_sintetizada": "704FBA790BF84B490",
    "cantidad_archivos": 1,
    "archivos_fuente": [
      "Library/Application Support/Google/Chrome/Default/Service Worker/CacheStorage/d1394a4c842f7861ad7ae5e20da4b484a0c4acad/a5a18824-56f6-4f5f-abb6-64683cbd37bb/704fba790bf84b49_0"
    ],
    "ultima_modificacion": "2025-08-01 01:01:31.121241"
  },
  "161ed019f65accc10": {
    "app_sintetizada": "161ED019F65ACCC10",
    "cantidad_archivos": 1,
    "archivos_fuente": [
      "Library/Application Support/Google/Chrome/Default/Service Worker/CacheStorage/d1394a4c842f7861ad7ae5e20da4b484a0c4acad/a5a18824-56f6-4f5f-abb6-64683cbd37bb/161ed019f65accc1_0"
    ],
    "ultima_modificacion": "2025-08-01 01:01:31.121567"
  },
  "6e9b3208f6bcd9c90": {
    "app_sintetizada": "6E9B3208F6BCD9C90",
    "cantidad_archivos": 1,
    "archivos_fuente": [
      "Library/Application Support/Google/Chrome/Default/Service Worker/CacheStorage/d1394a4c842f7861ad7ae5e20da4b484a0c4acad/a5a18824-56f6-4f5f-abb6-64683cbd37bb/6e9b3208f6bcd9c9_0"
    ],
    "ultima_modificacion": "2025-08-01 01:01:31.121820"
  },
  "073bcd7f5dc4520d0": {
    "app_sintetizada": "073BCD7F5DC4520D0",
    "cantidad_archivos": 1,
    "archivos_fuente": [
      "Library/Application Support/Google/Chrome/Default/Service Worker/CacheStorage/d1394a4c842f7861ad7ae5e20da4b484a0c4acad/a5a18824-56f6-4f5f-abb6-64683cbd37bb/073bcd7f5dc4520d_0"
    ],
    "ultima_modificacion": "2025-08-01 01:01:31.122063"
  },
  "ff6621e9c8e16d6b0": {
    "app_sintetizada": "FF6621E9C8E16D6B0",
    "cantidad_archivos": 1,
    "archivos_fuente": [
      "Library/Application Support/Google/Chrome/Default/Service Worker/CacheStorage/d1394a4c842f7861ad7ae5e20da4b484a0c4acad/a5a18824-56f6-4f5f-abb6-64683cbd37bb/ff6621e9c8e16d6b_0"
    ],
    "ultima_modificacion": "2025-08-01 01:01:31.122309"
  },
  "1a74f6c57dbcf35a0": {
    "app_sintetizada": "1A74F6C57DBCF35A0",
    "cantidad_archivos": 1,
    "archivos_fuente": [
      "Library/Application Support/Google/Chrome/Default/Service Worker/CacheStorage/d1394a4c842f7861ad7ae5e20da4b484a0c4acad/a5a18824-56f6-4f5f-abb6-64683cbd37bb/1a74f6c57dbcf35a_0"
    ],
    "ultima_modificacion": "2025-08-01 01:01:31.122649"
  },
  "bca074e8e4fa1ca70": {
    "app_sintetizada": "BCA074E8E4FA1CA70",
    "cantidad_archivos": 1,
    "archivos_fuente": [
      "Library/Application Support/Google/Chrome/Default/Service Worker/CacheStorage/d1394a4c842f7861ad7ae5e20da4b484a0c4acad/a5a18824-56f6-4f5f-abb6-64683cbd37bb/bca074e8e4fa1ca7_0"
    ],
    "ultima_modificacion": "2025-08-01 01:01:31.122880"
  },
  "afec6f24bc1bc51d0": {
    "app_sintetizada": "AFEC6F24BC1BC51D0",
    "cantidad_archivos": 1,
    "archivos_fuente": [
      "Library/Application Support/Google/Chrome/Default/Service Worker/CacheStorage/d1394a4c842f7861ad7ae5e20da4b484a0c4acad/a5a18824-56f6-4f5f-abb6-64683cbd37bb/afec6f24bc1bc51d_0"
    ],
    "ultima_modificacion": "2025-08-01 01:01:31.123085"
  },
  "810ce17cb669d18d0": {
    "app_sintetizada": "810CE17CB669D18D0",
    "cantidad_archivos": 1,
    "archivos_fuente": [
      "Library/Application Support/Google/Chrome/Default/Service Worker/CacheStorage/d1394a4c842f7861ad7ae5e20da4b484a0c4acad/a5a18824-56f6-4f5f-abb6-64683cbd37bb/810ce17cb669d18d_0"
    ],
    "ultima_modificacion": "2025-08-01 01:01:31.123281"
  },
  "fa1e334b11af75c50": {
    "app_sintetizada": "FA1E334B11AF75C50",
    "cantidad_archivos": 1,
    "archivos_fuente": [
      "Library/Application Support/Google/Chrome/Default/Service Worker/CacheStorage/d1394a4c842f7861ad7ae5e20da4b484a0c4acad/a5a18824-56f6-4f5f-abb6-64683cbd37bb/fa1e334b11af75c5_0"
    ],
    "ultima_modificacion": "2025-08-01 01:01:31.123473"
  },
  "bd676ee3272b1bdd0": {
    "app_sintetizada": "BD676EE3272B1BDD0",
    "cantidad_archivos": 1,
    "archivos_fuente": [
      "Library/Application Support/Google/Chrome/Default/Service Worker/CacheStorage/d1394a4c842f7861ad7ae5e20da4b484a0c4acad/a5a18824-56f6-4f5f-abb6-64683cbd37bb/bd676ee3272b1bdd_0"
    ],
    "ultima_modificacion": "2025-08-01 01:01:31.123676"
  },
  "c643edf073c356650": {
    "app_sintetizada": "C643EDF073C356650",
    "cantidad_archivos": 1,
    "archivos_fuente": [
      "Library/Application Support/Google/Chrome/Default/Service Worker/CacheStorage/d1394a4c842f7861ad7ae5e20da4b484a0c4acad/a5a18824-56f6-4f5f-abb6-64683cbd37bb/c643edf073c35665_0"
    ],
    "ultima_modificacion": "2025-08-01 01:01:31.123873"
  },
  "59c09ed26fc0a7a90": {
    "app_sintetizada": "59C09ED26FC0A7A90",
    "cantidad_archivos": 1,
    "archivos_fuente": [
      "Library/Application Support/Google/Chrome/Default/Service Worker/CacheStorage/d1394a4c842f7861ad7ae5e20da4b484a0c4acad/a5a18824-56f6-4f5f-abb6-64683cbd37bb/59c09ed26fc0a7a9_0"
    ],
    "ultima_modificacion": "2025-08-01 01:01:31.124063"
  },
  "37a040258acd3c4e0": {
    "app_sintetizada": "37A040258ACD3C4E0",
    "cantidad_archivos": 1,
    "archivos_fuente": [
      "Library/Application Support/Google/Chrome/Default/Service Worker/CacheStorage/d1394a4c842f7861ad7ae5e20da4b484a0c4acad/a5a18824-56f6-4f5f-abb6-64683cbd37bb/37a040258acd3c4e_0"
    ],
    "ultima_modificacion": "2025-08-01 01:01:31.124241"
  },
  "1a48b1e257f479b30": {
    "app_sintetizada": "1A48B1E257F479B30",
    "cantidad_archivos": 1,
    "archivos_fuente": [
      "Library/Application Support/Google/Chrome/Default/Service Worker/CacheStorage/d1394a4c842f7861ad7ae5e20da4b484a0c4acad/a5a18824-56f6-4f5f-abb6-64683cbd37bb/1a48b1e257f479b3_0"
    ],
    "ultima_modificacion": "2025-08-01 01:01:31.124420"
  },
  "7b5ae94bd94cc2180": {
    "app_sintetizada": "7B5AE94BD94CC2180",
    "cantidad_archivos": 1,
    "archivos_fuente": [
      "Library/Application Support/Google/Chrome/Default/Service Worker/CacheStorage/d1394a4c842f7861ad7ae5e20da4b484a0c4acad/a5a18824-56f6-4f5f-abb6-64683cbd37bb/7b5ae94bd94cc218_0"
    ],
    "ultima_modificacion": "2025-08-01 01:01:31.124598"
  },
  "4db17beee3a868850": {
    "app_sintetizada": "4DB17BEEE3A868850",
    "cantidad_archivos": 1,
    "archivos_fuente": [
      "Library/Application Support/Google/Chrome/Default/Service Worker/CacheStorage/d1394a4c842f7861ad7ae5e20da4b484a0c4acad/a5a18824-56f6-4f5f-abb6-64683cbd37bb/4db17beee3a86885_0"
    ],
    "ultima_modificacion": "2025-08-01 01:01:31.124777"
  },
  "92796806e22208840": {
    "app_sintetizada": "92796806E22208840",
    "cantidad_archivos": 1,
    "archivos_fuente": [
      "Library/Application Support/Google/Chrome/Default/Service Worker/CacheStorage/d1394a4c842f7861ad7ae5e20da4b484a0c4acad/a5a18824-56f6-4f5f-abb6-64683cbd37bb/92796806e2220884_0"
    ],
    "ultima_modificacion": "2025-08-01 01:01:31.125033"
  },
  "62113c027eebefcb0": {
    "app_sintetizada": "62113C027EEBEFCB0",
    "cantidad_archivos": 1,
    "archivos_fuente": [
      "Library/Application Support/Google/Chrome/Default/Service Worker/CacheStorage/d1394a4c842f7861ad7ae5e20da4b484a0c4acad/a5a18824-56f6-4f5f-abb6-64683cbd37bb/62113c027eebefcb_0"
    ],
    "ultima_modificacion": "2025-08-01 01:01:31.125307"
  },
  "894450619c06e1400": {
    "app_sintetizada": "894450619C06E1400",
    "cantidad_archivos": 1,
    "archivos_fuente": [
      "Library/Application Support/Google/Chrome/Default/Service Worker/CacheStorage/d1394a4c842f7861ad7ae5e20da4b484a0c4acad/a5a18824-56f6-4f5f-abb6-64683cbd37bb/894450619c06e140_0"
    ],
    "ultima_modificacion": "2025-08-01 01:01:31.125553"
  },
  "92a4d3e8efb13b4f0": {
    "app_sintetizada": "92A4D3E8EFB13B4F0",
    "cantidad_archivos": 1,
    "archivos_fuente": [
      "Library/Application Support/Google/Chrome/Default/Service Worker/CacheStorage/d1394a4c842f7861ad7ae5e20da4b484a0c4acad/a5a18824-56f6-4f5f-abb6-64683cbd37bb/92a4d3e8efb13b4f_0"
    ],
    "ultima_modificacion": "2025-08-01 01:01:31.125748"
  },
  "9621d7a1ead098ec0": {
    "app_sintetizada": "9621D7A1EAD098EC0",
    "cantidad_archivos": 1,
    "archivos_fuente": [
      "Library/Application Support/Google/Chrome/Default/Service Worker/CacheStorage/d1394a4c842f7861ad7ae5e20da4b484a0c4acad/a5a18824-56f6-4f5f-abb6-64683cbd37bb/9621d7a1ead098ec_0"
    ],
    "ultima_modificacion": "2025-08-01 01:01:31.125936"
  },
  "a5e958d6afd3e2a70": {
    "app_sintetizada": "A5E958D6AFD3E2A70",
    "cantidad_archivos": 1,
    "archivos_fuente": [
      "Library/Application Support/Google/Chrome/Default/Service Worker/CacheStorage/d1394a4c842f7861ad7ae5e20da4b484a0c4acad/a5a18824-56f6-4f5f-abb6-64683cbd37bb/a5e958d6afd3e2a7_0"
    ],
    "ultima_modificacion": "2025-08-01 01:01:31.126156"
  },
  "4267aab022ec05380": {
    "app_sintetizada": "4267AAB022EC05380",
    "cantidad_archivos": 1,
    "archivos_fuente": [
      "Library/Application Support/Google/Chrome/Default/Service Worker/CacheStorage/d1394a4c842f7861ad7ae5e20da4b484a0c4acad/a5a18824-56f6-4f5f-abb6-64683cbd37bb/4267aab022ec0538_0"
    ],
    "ultima_modificacion": "2025-08-01 01:01:31.126477"
  },
  "4f971644731ac1690": {
    "app_sintetizada": "4F971644731AC1690",
    "cantidad_archivos": 1,
    "archivos_fuente": [
      "Library/Application Support/Google/Chrome/Default/Service Worker/CacheStorage/d1394a4c842f7861ad7ae5e20da4b484a0c4acad/a5a18824-56f6-4f5f-abb6-64683cbd37bb/4f971644731ac169_0"
    ],
    "ultima_modificacion": "2025-08-01 01:01:31.126696"
  },
  "0b03916087e950a90": {
    "app_sintetizada": "0B03916087E950A90",
    "cantidad_archivos": 1,
    "archivos_fuente": [
      "Library/Application Support/Google/Chrome/Default/Service Worker/CacheStorage/d1394a4c842f7861ad7ae5e20da4b484a0c4acad/a5a18824-56f6-4f5f-abb6-64683cbd37bb/0b03916087e950a9_0"
    ],
    "ultima_modificacion": "2025-08-01 01:01:31.126927"
  },
  "1acc6cf4f515c88d0": {
    "app_sintetizada": "1ACC6CF4F515C88D0",
    "cantidad_archivos": 1,
    "archivos_fuente": [
      "Library/Application Support/Google/Chrome/Default/Service Worker/CacheStorage/d1394a4c842f7861ad7ae5e20da4b484a0c4acad/a5a18824-56f6-4f5f-abb6-64683cbd37bb/1acc6cf4f515c88d_0"
    ],
    "ultima_modificacion": "2025-08-01 01:01:31.127172"
  },
  "b974d5ba4ebc89360": {
    "app_sintetizada": "B974D5BA4EBC89360",
    "cantidad_archivos": 1,
    "archivos_fuente": [
      "Library/Application Support/Google/Chrome/Default/Service Worker/CacheStorage/d1394a4c842f7861ad7ae5e20da4b484a0c4acad/a5a18824-56f6-4f5f-abb6-64683cbd37bb/b974d5ba4ebc8936_0"
    ],
    "ultima_modificacion": "2025-08-01 01:01:31.127396"
  },
  "5f6f958269f7fdab0": {
    "app_sintetizada": "5F6F958269F7FDAB0",
    "cantidad_archivos": 1,
    "archivos_fuente": [
      "Library/Application Support/Google/Chrome/Default/Service Worker/CacheStorage/d1394a4c842f7861ad7ae5e20da4b484a0c4acad/a5a18824-56f6-4f5f-abb6-64683cbd37bb/5f6f958269f7fdab_0"
    ],
    "ultima_modificacion": "2025-08-01 01:01:31.127621"
  },
  "553c714651ae92ba0": {
    "app_sintetizada": "553C714651AE92BA0",
    "cantidad_archivos": 1,
    "archivos_fuente": [
      "Library/Application Support/Google/Chrome/Default/Service Worker/CacheStorage/d1394a4c842f7861ad7ae5e20da4b484a0c4acad/a5a18824-56f6-4f5f-abb6-64683cbd37bb/553c714651ae92ba_0"
    ],
    "ultima_modificacion": "2025-08-01 01:01:31.127838"
  },
  "6cb07e55b0aa54260": {
    "app_sintetizada": "6CB07E55B0AA54260",
    "cantidad_archivos": 1,
    "archivos_fuente": [
      "Library/Application Support/Google/Chrome/Default/Service Worker/CacheStorage/d1394a4c842f7861ad7ae5e20da4b484a0c4acad/a5a18824-56f6-4f5f-abb6-64683cbd37bb/6cb07e55b0aa5426_0"
    ],
    "ultima_modificacion": "2025-08-01 01:01:31.128032"
  },
  "ce403892736eca830": {
    "app_sintetizada": "CE403892736ECA830",
    "cantidad_archivos": 1,
    "archivos_fuente": [
      "Library/Application Support/Google/Chrome/Default/Service Worker/CacheStorage/d1394a4c842f7861ad7ae5e20da4b484a0c4acad/a5a18824-56f6-4f5f-abb6-64683cbd37bb/ce403892736eca83_0"
    ],
    "ultima_modificacion": "2025-08-01 01:01:31.128211"
  },
  "004ae28310b3f7280": {
    "app_sintetizada": "004AE28310B3F7280",
    "cantidad_archivos": 1,
    "archivos_fuente": [
      "Library/Application Support/Google/Chrome/Default/Service Worker/CacheStorage/d1394a4c842f7861ad7ae5e20da4b484a0c4acad/a5a18824-56f6-4f5f-abb6-64683cbd37bb/004ae28310b3f728_0"
    ],
    "ultima_modificacion": "2025-08-01 01:01:31.128397"
  },
  "34baac5ae187aa480": {
    "app_sintetizada": "34BAAC5AE187AA480",
    "cantidad_archivos": 1,
    "archivos_fuente": [
      "Library/Application Support/Google/Chrome/Default/Service Worker/CacheStorage/d1394a4c842f7861ad7ae5e20da4b484a0c4acad/a5a18824-56f6-4f5f-abb6-64683cbd37bb/34baac5ae187aa48_0"
    ],
    "ultima_modificacion": "2025-08-01 01:01:31.128581"
  },
  "6cd1e73115effdea0": {
    "app_sintetizada": "6CD1E73115EFFDEA0",
    "cantidad_archivos": 1,
    "archivos_fuente": [
      "Library/Application Support/Google/Chrome/Default/Service Worker/CacheStorage/d1394a4c842f7861ad7ae5e20da4b484a0c4acad/a5a18824-56f6-4f5f-abb6-64683cbd37bb/6cd1e73115effdea_0"
    ],
    "ultima_modificacion": "2025-08-01 01:01:31.128755"
  },
  "139920545df1b6550": {
    "app_sintetizada": "139920545DF1B6550",
    "cantidad_archivos": 1,
    "archivos_fuente": [
      "Library/Application Support/Google/Chrome/Default/Service Worker/CacheStorage/d1394a4c842f7861ad7ae5e20da4b484a0c4acad/a5a18824-56f6-4f5f-abb6-64683cbd37bb/139920545df1b655_0"
    ],
    "ultima_modificacion": "2025-08-01 01:01:31.128935"
  },
  "e2bab4f641b5b91e0": {
    "app_sintetizada": "E2BAB4F641B5B91E0",
    "cantidad_archivos": 1,
    "archivos_fuente": [
      "Library/Application Support/Google/Chrome/Default/Service Worker/CacheStorage/d1394a4c842f7861ad7ae5e20da4b484a0c4acad/a5a18824-56f6-4f5f-abb6-64683cbd37bb/e2bab4f641b5b91e_0"
    ],
    "ultima_modificacion": "2025-08-01 01:01:31.129111"
  },
  "3a7a84b063f9a0730": {
    "app_sintetizada": "3A7A84B063F9A0730",
    "cantidad_archivos": 1,
    "archivos_fuente": [
      "Library/Application Support/Google/Chrome/Default/Service Worker/CacheStorage/d1394a4c842f7861ad7ae5e20da4b484a0c4acad/a5a18824-56f6-4f5f-abb6-64683cbd37bb/3a7a84b063f9a073_0"
    ],
    "ultima_modificacion": "2025-08-01 01:01:31.129282"
  },
  "fbc2284edc4fc89f0": {
    "app_sintetizada": "FBC2284EDC4FC89F0",
    "cantidad_archivos": 1,
    "archivos_fuente": [
      "Library/Application Support/Google/Chrome/Default/Service Worker/CacheStorage/d1394a4c842f7861ad7ae5e20da4b484a0c4acad/a5a18824-56f6-4f5f-abb6-64683cbd37bb/fbc2284edc4fc89f_0"
    ],
    "ultima_modificacion": "2025-08-01 01:01:31.129457"
  },
  "8a5f81e967846a7f0": {
    "app_sintetizada": "8A5F81E967846A7F0",
    "cantidad_archivos": 1,
    "archivos_fuente": [
      "Library/Application Support/Google/Chrome/Default/Service Worker/CacheStorage/d1394a4c842f7861ad7ae5e20da4b484a0c4acad/a5a18824-56f6-4f5f-abb6-64683cbd37bb/8a5f81e967846a7f_0"
    ],
    "ultima_modificacion": "2025-08-01 01:01:31.129628"
  },
  "23dfa369b0c2c0980": {
    "app_sintetizada": "23DFA369B0C2C0980",
    "cantidad_archivos": 1,
    "archivos_fuente": [
      "Library/Application Support/Google/Chrome/Default/Service Worker/CacheStorage/d1394a4c842f7861ad7ae5e20da4b484a0c4acad/a5a18824-56f6-4f5f-abb6-64683cbd37bb/23dfa369b0c2c098_0"
    ],
    "ultima_modificacion": "2025-08-01 01:01:31.129817"
  },
  "10cf1bef2c4dc44d0": {
    "app_sintetizada": "10CF1BEF2C4DC44D0",
    "cantidad_archivos": 1,
    "archivos_fuente": [
      "Library/Application Support/Google/Chrome/Default/Service Worker/CacheStorage/d1394a4c842f7861ad7ae5e20da4b484a0c4acad/a5a18824-56f6-4f5f-abb6-64683cbd37bb/10cf1bef2c4dc44d_0"
    ],
    "ultima_modificacion": "2025-08-01 01:01:31.129996"
  },
  "2976cbed5b517d500": {
    "app_sintetizada": "2976CBED5B517D500",
    "cantidad_archivos": 1,
    "archivos_fuente": [
      "Library/Application Support/Google/Chrome/Default/Service Worker/CacheStorage/d1394a4c842f7861ad7ae5e20da4b484a0c4acad/a5a18824-56f6-4f5f-abb6-64683cbd37bb/2976cbed5b517d50_0"
    ],
    "ultima_modificacion": "2025-08-01 01:01:31.130170"
  },
  "b600635718f50e700": {
    "app_sintetizada": "B600635718F50E700",
    "cantidad_archivos": 1,
    "archivos_fuente": [
      "Library/Application Support/Google/Chrome/Default/Service Worker/CacheStorage/d1394a4c842f7861ad7ae5e20da4b484a0c4acad/a5a18824-56f6-4f5f-abb6-64683cbd37bb/b600635718f50e70_0"
    ],
    "ultima_modificacion": "2025-08-01 01:01:31.130469"
  },
  "15d0cad5d35fb0bc0": {
    "app_sintetizada": "15D0CAD5D35FB0BC0",
    "cantidad_archivos": 1,
    "archivos_fuente": [
      "Library/Application Support/Google/Chrome/Default/Service Worker/CacheStorage/d1394a4c842f7861ad7ae5e20da4b484a0c4acad/a5a18824-56f6-4f5f-abb6-64683cbd37bb/15d0cad5d35fb0bc_0"
    ],
    "ultima_modificacion": "2025-08-01 01:01:31.130783"
  },
  "83b7aedf8e911b880": {
    "app_sintetizada": "83B7AEDF8E911B880",
    "cantidad_archivos": 1,
    "archivos_fuente": [
      "Library/Application Support/Google/Chrome/Default/Service Worker/CacheStorage/d1394a4c842f7861ad7ae5e20da4b484a0c4acad/a5a18824-56f6-4f5f-abb6-64683cbd37bb/83b7aedf8e911b88_0"
    ],
    "ultima_modificacion": "2025-08-01 01:01:31.130992"
  },
  "466ee6836c1a61a30": {
    "app_sintetizada": "466EE6836C1A61A30",
    "cantidad_archivos": 1,
    "archivos_fuente": [
      "Library/Application Support/Google/Chrome/Default/Service Worker/CacheStorage/d1394a4c842f7861ad7ae5e20da4b484a0c4acad/a5a18824-56f6-4f5f-abb6-64683cbd37bb/466ee6836c1a61a3_0"
    ],
    "ultima_modificacion": "2025-08-01 01:01:31.131185"
  },
  "5b2c999401262f660": {
    "app_sintetizada": "5B2C999401262F660",
    "cantidad_archivos": 1,
    "archivos_fuente": [
      "Library/Application Support/Google/Chrome/Default/Service Worker/CacheStorage/d1394a4c842f7861ad7ae5e20da4b484a0c4acad/a5a18824-56f6-4f5f-abb6-64683cbd37bb/5b2c999401262f66_0"
    ],
    "ultima_modificacion": "2025-08-01 01:01:31.131386"
  },
  "c4c1d03a3bee5c280": {
    "app_sintetizada": "C4C1D03A3BEE5C280",
    "cantidad_archivos": 1,
    "archivos_fuente": [
      "Library/Application Support/Google/Chrome/Default/Service Worker/CacheStorage/d1394a4c842f7861ad7ae5e20da4b484a0c4acad/a5a18824-56f6-4f5f-abb6-64683cbd37bb/c4c1d03a3bee5c28_0"
    ],
    "ultima_modificacion": "2025-08-01 01:01:31.131570"
  },
  "a77352ea6339f4580": {
    "app_sintetizada": "A77352EA6339F4580",
    "cantidad_archivos": 1,
    "archivos_fuente": [
      "Library/Application Support/Google/Chrome/Default/Service Worker/CacheStorage/d1394a4c842f7861ad7ae5e20da4b484a0c4acad/a5a18824-56f6-4f5f-abb6-64683cbd37bb/a77352ea6339f458_0"
    ],
    "ultima_modificacion": "2025-08-01 01:01:31.131752"
  },
  "035093f6bab7fabf0": {
    "app_sintetizada": "035093F6BAB7FABF0",
    "cantidad_archivos": 1,
    "archivos_fuente": [
      "Library/Application Support/Google/Chrome/Default/Service Worker/CacheStorage/d1394a4c842f7861ad7ae5e20da4b484a0c4acad/a5a18824-56f6-4f5f-abb6-64683cbd37bb/035093f6bab7fabf_0"
    ],
    "ultima_modificacion": "2025-08-01 01:01:31.131929"
  },
  "b098ca361680d37b0": {
    "app_sintetizada": "B098CA361680D37B0",
    "cantidad_archivos": 1,
    "archivos_fuente": [
      "Library/Application Support/Google/Chrome/Default/Service Worker/CacheStorage/d1394a4c842f7861ad7ae5e20da4b484a0c4acad/a5a18824-56f6-4f5f-abb6-64683cbd37bb/b098ca361680d37b_0"
    ],
    "ultima_modificacion": "2025-08-01 01:01:31.132151"
  }
}