{
  "cc26b41a7b634ed08d955706805a40d2.thm": {
    "app_sintetizada": "CC26B41A7B634ED08D955706805A40D2.THM",
    "cantidad_archivos": 1,
    "archivos_fuente": [
      "Pictures/Fototeca de Fotos.photoslibrary/resources/derivatives/C/CC26B41A-7B63-4ED0-8D95-5706805A40D2.THM"
    ],
    "ultima_modificacion": "2025-08-01 01:01:20.447846"
  },
  "cf04288027d9477ab3b4a70cf04685461105c.jpeg": {
    "app_sintetizada": "CF04288027D9477AB3B4A70CF04685461105C.JPEG",
    "cantidad_archivos": 1,
    "archivos_fuente": [
      "Pictures/Fototeca de Fotos.photoslibrary/resources/derivatives/C/CF042880-27D9-477A-B3B4-A70CF0468546_1_105_c.jpeg"
    ],
    "ultima_modificacion": "2025-08-01 01:01:20.448157"
  },
  "c8de6f175306473cb25370cfb5e206941105c.jpeg": {
    "app_sintetizada": "C8DE6F175306473CB25370CFB5E206941105C.JPEG",
    "cantidad_archivos": 1,
    "archivos_fuente": [
      "Pictures/Fototeca de Fotos.photoslibrary/resources/derivatives/C/C8DE6F17-5306-473C-B253-70CFB5E20694_1_105_c.jpeg"
    ],
    "ultima_modificacion": "2025-08-01 01:01:20.448444"
  },
  "c22de53123214775a95669c22604ecbc1105c.jpeg": {
    "app_sintetizada": "C22DE53123214775A95669C22604ECBC1105C.JPEG",
    "cantidad_archivos": 1,
    "archivos_fuente": [
      "Pictures/Fototeca de Fotos.photoslibrary/resources/derivatives/C/C22DE531-2321-4775-A956-69C22604ECBC_1_105_c.jpeg"
    ],
    "ultima_modificacion": "2025-08-01 01:01:20.448730"
  },
  "c1db73a18343480e9b7474f7520d52f61105c.jpeg": {
    "app_sintetizada": "C1DB73A18343480E9B7474F7520D52F61105C.JPEG",
    "cantidad_archivos": 1,
    "archivos_fuente": [
      "Pictures/Fototeca de Fotos.photoslibrary/resources/derivatives/C/C1DB73A1-8343-480E-9B74-74F7520D52F6_1_105_c.jpeg"
    ],
    "ultima_modificacion": "2025-08-01 01:01:20.449028"
  },
  "cb98883147204bd7ae2d02c1badb49df.thm": {
    "app_sintetizada": "CB98883147204BD7AE2D02C1BADB49DF.THM",
    "cantidad_archivos": 1,
    "archivos_fuente": [
      "Pictures/Fototeca de Fotos.photoslibrary/resources/derivatives/C/CB988831-4720-4BD7-AE2D-02C1BADB49DF.THM"
    ],
    "ultima_modificacion": "2025-08-01 01:01:20.449333"
  },
  "c2bfd10e1ac544f189e8c468707e73c21105c.jpeg": {
    "app_sintetizada": "C2BFD10E1AC544F189E8C468707E73C21105C.JPEG",
    "cantidad_archivos": 1,
    "archivos_fuente": [
      "Pictures/Fototeca de Fotos.photoslibrary/resources/derivatives/C/C2BFD10E-1AC5-44F1-89E8-C468707E73C2_1_105_c.jpeg"
    ],
    "ultima_modificacion": "2025-08-01 01:01:20.449625"
  },
  "cd23666eab2e49599160de9fe4ea77ab1105c.jpeg": {
    "app_sintetizada": "CD23666EAB2E49599160DE9FE4EA77AB1105C.JPEG",
    "cantidad_archivos": 1,
    "archivos_fuente": [
      "Pictures/Fototeca de Fotos.photoslibrary/resources/derivatives/C/CD23666E-AB2E-4959-9160-DE9FE4EA77AB_1_105_c.jpeg"
    ],
    "ultima_modificacion": "2025-08-01 01:01:20.449930"
  },
  "c94d1c10d7684416ad958b7b50b5dac81105c.jpeg": {
    "app_sintetizada": "C94D1C10D7684416AD958B7B50B5DAC81105C.JPEG",
    "cantidad_archivos": 1,
    "archivos_fuente": [
      "Pictures/Fototeca de Fotos.photoslibrary/resources/derivatives/C/C94D1C10-D768-4416-AD95-8B7B50B5DAC8_1_105_c.jpeg"
    ],
    "ultima_modificacion": "2025-08-01 01:01:20.450221"
  },
  "c9ea2f5df025459d9daab7d925e7b9ee1100o.jpeg": {
    "app_sintetizada": "C9EA2F5DF025459D9DAAB7D925E7B9EE1100O.JPEG",
    "cantidad_archivos": 1,
    "archivos_fuente": [
      "Pictures/Fototeca de Fotos.photoslibrary/resources/derivatives/C/C9EA2F5D-F025-459D-9DAA-B7D925E7B9EE_1_100_o.jpeg"
    ],
    "ultima_modificacion": "2025-08-01 01:01:20.450546"
  },
  "cf3327bea6334bf0a8ea9371626b11951105c.jpeg": {
    "app_sintetizada": "CF3327BEA6334BF0A8EA9371626B11951105C.JPEG",
    "cantidad_archivos": 1,
    "archivos_fuente": [
      "Pictures/Fototeca de Fotos.photoslibrary/resources/derivatives/C/CF3327BE-A633-4BF0-A8EA-9371626B1195_1_105_c.jpeg"
    ],
    "ultima_modificacion": "2025-08-01 01:01:20.450867"
  },
  "cad14222e68a4859a647d2cd3e23d1cc1105c.jpeg": {
    "app_sintetizada": "CAD14222E68A4859A647D2CD3E23D1CC1105C.JPEG",
    "cantidad_archivos": 1,
    "archivos_fuente": [
      "Pictures/Fototeca de Fotos.photoslibrary/resources/derivatives/C/CAD14222-E68A-4859-A647-D2CD3E23D1CC_1_105_c.jpeg"
    ],
    "ultima_modificacion": "2025-08-01 01:01:20.451173"
  },
  "cc71ea105774406ca8235cbd54069b7c1105c.jpeg": {
    "app_sintetizada": "CC71EA105774406CA8235CBD54069B7C1105C.JPEG",
    "cantidad_archivos": 1,
    "archivos_fuente": [
      "Pictures/Fototeca de Fotos.photoslibrary/resources/derivatives/C/CC71EA10-5774-406C-A823-5CBD54069B7C_1_105_c.jpeg"
    ],
    "ultima_modificacion": "2025-08-01 01:01:20.451503"
  },
  "c9f9ec8170454e1e93bbe5b8b31fab791105c.jpeg": {
    "app_sintetizada": "C9F9EC8170454E1E93BBE5B8B31FAB791105C.JPEG",
    "cantidad_archivos": 1,
    "archivos_fuente": [
      "Pictures/Fototeca de Fotos.photoslibrary/resources/derivatives/C/C9F9EC81-7045-4E1E-93BB-E5B8B31FAB79_1_105_c.jpeg"
    ],
    "ultima_modificacion": "2025-08-01 01:01:20.451807"
  },
  "c42f222dc98143a4808bf56e0714730a.thm": {
    "app_sintetizada": "C42F222DC98143A4808BF56E0714730A.THM",
    "cantidad_archivos": 1,
    "archivos_fuente": [
      "Pictures/Fototeca de Fotos.photoslibrary/resources/derivatives/C/C42F222D-C981-43A4-808B-F56E0714730A.THM"
    ],
    "ultima_modificacion": "2025-08-01 01:01:20.452115"
  },
  "c5c82d5d659148f7bf204f735f8d5fcd1105c.jpeg": {
    "app_sintetizada": "C5C82D5D659148F7BF204F735F8D5FCD1105C.JPEG",
    "cantidad_archivos": 1,
    "archivos_fuente": [
      "Pictures/Fototeca de Fotos.photoslibrary/resources/derivatives/C/C5C82D5D-6591-48F7-BF20-4F735F8D5FCD_1_105_c.jpeg"
    ],
    "ultima_modificacion": "2025-08-01 01:01:20.452437"
  },
  "cb41edb630034583ab494fa3a219604b1105c.jpeg": {
    "app_sintetizada": "CB41EDB630034583AB494FA3A219604B1105C.JPEG",
    "cantidad_archivos": 1,
    "archivos_fuente": [
      "Pictures/Fototeca de Fotos.photoslibrary/resources/derivatives/C/CB41EDB6-3003-4583-AB49-4FA3A219604B_1_105_c.jpeg"
    ],
    "ultima_modificacion": "2025-08-01 01:01:20.452755"
  },
  "c30ef2cb47a5434ebf2251caf0340d921105c.jpeg": {
    "app_sintetizada": "C30EF2CB47A5434EBF2251CAF0340D921105C.JPEG",
    "cantidad_archivos": 1,
    "archivos_fuente": [
      "Pictures/Fototeca de Fotos.photoslibrary/resources/derivatives/C/C30EF2CB-47A5-434E-BF22-51CAF0340D92_1_105_c.jpeg"
    ],
    "ultima_modificacion": "2025-08-01 01:01:20.453078"
  },
  "c11b9d0519034955a5584662611339961105c.jpeg": {
    "app_sintetizada": "C11B9D0519034955A5584662611339961105C.JPEG",
    "cantidad_archivos": 1,
    "archivos_fuente": [
      "Pictures/Fototeca de Fotos.photoslibrary/resources/derivatives/C/C11B9D05-1903-4955-A558-466261133996_1_105_c.jpeg"
    ],
    "ultima_modificacion": "2025-08-01 01:01:20.453415"
  },
  "cebe152fd05a4f3cadf8b8141450fa731105c.jpeg": {
    "app_sintetizada": "CEBE152FD05A4F3CADF8B8141450FA731105C.JPEG",
    "cantidad_archivos": 1,
    "archivos_fuente": [
      "Pictures/Fototeca de Fotos.photoslibrary/resources/derivatives/C/CEBE152F-D05A-4F3C-ADF8-B8141450FA73_1_105_c.jpeg"
    ],
    "ultima_modificacion": "2025-08-01 01:01:20.453730"
  },
  "c9169cf3a92c423aa5b27ac100c64c071105c.jpeg": {
    "app_sintetizada": "C9169CF3A92C423AA5B27AC100C64C071105C.JPEG",
    "cantidad_archivos": 1,
    "archivos_fuente": [
      "Pictures/Fototeca de Fotos.photoslibrary/resources/derivatives/C/C9169CF3-A92C-423A-A5B2-7AC100C64C07_1_105_c.jpeg"
    ],
    "ultima_modificacion": "2025-08-01 01:01:20.454057"
  },
  "c0e19a0601d1453c8951b34d8939d7611105c.jpeg": {
    "app_sintetizada": "C0E19A0601D1453C8951B34D8939D7611105C.JPEG",
    "cantidad_archivos": 1,
    "archivos_fuente": [
      "Pictures/Fototeca de Fotos.photoslibrary/resources/derivatives/C/C0E19A06-01D1-453C-8951-B34D8939D761_1_105_c.jpeg"
    ],
    "ultima_modificacion": "2025-08-01 01:01:20.454386"
  },
  "cdd704f99fdd400595a242b9848d23691105c.jpeg": {
    "app_sintetizada": "CDD704F99FDD400595A242B9848D23691105C.JPEG",
    "cantidad_archivos": 1,
    "archivos_fuente": [
      "Pictures/Fototeca de Fotos.photoslibrary/resources/derivatives/C/CDD704F9-9FDD-4005-95A2-42B9848D2369_1_105_c.jpeg"
    ],
    "ultima_modificacion": "2025-08-01 01:01:20.454734"
  },
  "c5159245b602429a887022ed1727bd091105c.jpeg": {
    "app_sintetizada": "C5159245B602429A887022ED1727BD091105C.JPEG",
    "cantidad_archivos": 1,
    "archivos_fuente": [
      "Pictures/Fototeca de Fotos.photoslibrary/resources/derivatives/C/C5159245-B602-429A-8870-22ED1727BD09_1_105_c.jpeg"
    ],
    "ultima_modificacion": "2025-08-01 01:01:20.455078"
  },
  "c4bca0436b084d1f809e2b17bd71c9d01105c.jpeg": {
    "app_sintetizada": "C4BCA0436B084D1F809E2B17BD71C9D01105C.JPEG",
    "cantidad_archivos": 1,
    "archivos_fuente": [
      "Pictures/Fototeca de Fotos.photoslibrary/resources/derivatives/C/C4BCA043-6B08-4D1F-809E-2B17BD71C9D0_1_105_c.jpeg"
    ],
    "ultima_modificacion": "2025-08-01 01:01:20.455426"
  },
  "cbcc87ae29d34dcc898e1d869bc162f31105c.jpeg": {
    "app_sintetizada": "CBCC87AE29D34DCC898E1D869BC162F31105C.JPEG",
    "cantidad_archivos": 1,
    "archivos_fuente": [
      "Pictures/Fototeca de Fotos.photoslibrary/resources/derivatives/C/CBCC87AE-29D3-4DCC-898E-1D869BC162F3_1_105_c.jpeg"
    ],
    "ultima_modificacion": "2025-08-01 01:01:20.455736"
  },
  "c9ec6ed933344560a17f57552e2bc11a1105c.jpeg": {
    "app_sintetizada": "C9EC6ED933344560A17F57552E2BC11A1105C.JPEG",
    "cantidad_archivos": 1,
    "archivos_fuente": [
      "Pictures/Fototeca de Fotos.photoslibrary/resources/derivatives/C/C9EC6ED9-3334-4560-A17F-57552E2BC11A_1_105_c.jpeg"
    ],
    "ultima_modificacion": "2025-08-01 01:01:20.456053"
  },
  "c9e43994fbbc462aa9e5d8944a5b83101105c.jpeg": {
    "app_sintetizada": "C9E43994FBBC462AA9E5D8944A5B83101105C.JPEG",
    "cantidad_archivos": 1,
    "archivos_fuente": [
      "Pictures/Fototeca de Fotos.photoslibrary/resources/derivatives/C/C9E43994-FBBC-462A-A9E5-D8944A5B8310_1_105_c.jpeg"
    ],
    "ultima_modificacion": "2025-08-01 01:01:20.456400"
  },
  "cb2933003c8045d4bf384611945343471102o.jpeg": {
    "app_sintetizada": "CB2933003C8045D4BF384611945343471102O.JPEG",
    "cantidad_archivos": 1,
    "archivos_fuente": [
      "Pictures/Fototeca de Fotos.photoslibrary/resources/derivatives/C/CB293300-3C80-45D4-BF38-461194534347_1_102_o.jpeg"
    ],
    "ultima_modificacion": "2025-08-01 01:01:20.456732"
  },
  "c9c0d35119c54ef9ac90b2283b73fa461105c.jpeg": {
    "app_sintetizada": "C9C0D35119C54EF9AC90B2283B73FA461105C.JPEG",
    "cantidad_archivos": 1,
    "archivos_fuente": [
      "Pictures/Fototeca de Fotos.photoslibrary/resources/derivatives/C/C9C0D351-19C5-4EF9-AC90-B2283B73FA46_1_105_c.jpeg"
    ],
    "ultima_modificacion": "2025-08-01 01:01:20.457051"
  },
  "c4c139a6cb2b42fc93bfd16e2c80ba3b1105c.jpeg": {
    "app_sintetizada": "C4C139A6CB2B42FC93BFD16E2C80BA3B1105C.JPEG",
    "cantidad_archivos": 1,
    "archivos_fuente": [
      "Pictures/Fototeca de Fotos.photoslibrary/resources/derivatives/C/C4C139A6-CB2B-42FC-93BF-D16E2C80BA3B_1_105_c.jpeg"
    ],
    "ultima_modificacion": "2025-08-01 01:01:20.457366"
  },
  "c6071933623744fea7aebb7e36999e111105c.jpeg": {
    "app_sintetizada": "C6071933623744FEA7AEBB7E36999E111105C.JPEG",
    "cantidad_archivos": 1,
    "archivos_fuente": [
      "Pictures/Fototeca de Fotos.photoslibrary/resources/derivatives/C/C6071933-6237-44FE-A7AE-BB7E36999E11_1_105_c.jpeg"
    ],
    "ultima_modificacion": "2025-08-01 01:01:20.457769"
  },
  "c9641562acc742ae898fa9600036ab111105c.jpeg": {
    "app_sintetizada": "C9641562ACC742AE898FA9600036AB111105C.JPEG",
    "cantidad_archivos": 1,
    "archivos_fuente": [
      "Pictures/Fototeca de Fotos.photoslibrary/resources/derivatives/C/C9641562-ACC7-42AE-898F-A9600036AB11_1_105_c.jpeg"
    ],
    "ultima_modificacion": "2025-08-01 01:01:20.458136"
  },
  "c82df6d1c541440fa656a4f697d3192b1105c.jpeg": {
    "app_sintetizada": "C82DF6D1C541440FA656A4F697D3192B1105C.JPEG",
    "cantidad_archivos": 1,
    "archivos_fuente": [
      "Pictures/Fototeca de Fotos.photoslibrary/resources/derivatives/C/C82DF6D1-C541-440F-A656-A4F697D3192B_1_105_c.jpeg"
    ],
    "ultima_modificacion": "2025-08-01 01:01:20.458499"
  },
  "ca04cf13185f4563a8acf4aaff82ea091105c.jpeg": {
    "app_sintetizada": "CA04CF13185F4563A8ACF4AAFF82EA091105C.JPEG",
    "cantidad_archivos": 1,
    "archivos_fuente": [
      "Pictures/Fototeca de Fotos.photoslibrary/resources/derivatives/C/CA04CF13-185F-4563-A8AC-F4AAFF82EA09_1_105_c.jpeg"
    ],
    "ultima_modificacion": "2025-08-01 01:01:20.458828"
  },
  "c4616a7b80f84b36a2c005445b348cd01105c.jpeg": {
    "app_sintetizada": "C4616A7B80F84B36A2C005445B348CD01105C.JPEG",
    "cantidad_archivos": 1,
    "archivos_fuente": [
      "Pictures/Fototeca de Fotos.photoslibrary/resources/derivatives/C/C4616A7B-80F8-4B36-A2C0-05445B348CD0_1_105_c.jpeg"
    ],
    "ultima_modificacion": "2025-08-01 01:01:20.459152"
  },
  "cdbf52552a154651873e0009a779dd8e1105c.jpeg": {
    "app_sintetizada": "CDBF52552A154651873E0009A779DD8E1105C.JPEG",
    "cantidad_archivos": 1,
    "archivos_fuente": [
      "Pictures/Fototeca de Fotos.photoslibrary/resources/derivatives/C/CDBF5255-2A15-4651-873E-0009A779DD8E_1_105_c.jpeg"
    ],
    "ultima_modificacion": "2025-08-01 01:01:20.459448"
  },
  "c6630da6e06048a7bec558456d81abd61105c.jpeg": {
    "app_sintetizada": "C6630DA6E06048A7BEC558456D81ABD61105C.JPEG",
    "cantidad_archivos": 1,
    "archivos_fuente": [
      "Pictures/Fototeca de Fotos.photoslibrary/resources/derivatives/C/C6630DA6-E060-48A7-BEC5-58456D81ABD6_1_105_c.jpeg"
    ],
    "ultima_modificacion": "2025-08-01 01:01:20.459770"
  },
  "c6842a7f7035461c8b526454de2186d81100o.jpeg": {
    "app_sintetizada": "C6842A7F7035461C8B526454DE2186D81100O.JPEG",
    "cantidad_archivos": 1,
    "archivos_fuente": [
      "Pictures/Fototeca de Fotos.photoslibrary/resources/derivatives/C/C6842A7F-7035-461C-8B52-6454DE2186D8_1_100_o.jpeg"
    ],
    "ultima_modificacion": "2025-08-01 01:01:20.460075"
  },
  "c8e9856e8f6d4adfb1530ca34f65829f1105c.jpeg": {
    "app_sintetizada": "C8E9856E8F6D4ADFB1530CA34F65829F1105C.JPEG",
    "cantidad_archivos": 1,
    "archivos_fuente": [
      "Pictures/Fototeca de Fotos.photoslibrary/resources/derivatives/C/C8E9856E-8F6D-4ADF-B153-0CA34F65829F_1_105_c.jpeg"
    ],
    "ultima_modificacion": "2025-08-01 01:01:20.460393"
  },
  "ccfe82a4bfa54bd48e1f7748dc01cda41105c.jpeg": {
    "app_sintetizada": "CCFE82A4BFA54BD48E1F7748DC01CDA41105C.JPEG",
    "cantidad_archivos": 1,
    "archivos_fuente": [
      "Pictures/Fototeca de Fotos.photoslibrary/resources/derivatives/C/CCFE82A4-BFA5-4BD4-8E1F-7748DC01CDA4_1_105_c.jpeg"
    ],
    "ultima_modificacion": "2025-08-01 01:01:20.460734"
  },
  "ca4f8936a1094bc78ce4213f7abc7731.thm": {
    "app_sintetizada": "CA4F8936A1094BC78CE4213F7ABC7731.THM",
    "cantidad_archivos": 1,
    "archivos_fuente": [
      "Pictures/Fototeca de Fotos.photoslibrary/resources/derivatives/C/CA4F8936-A109-4BC7-8CE4-213F7ABC7731.THM"
    ],
    "ultima_modificacion": "2025-08-01 01:01:20.461066"
  },
  "c775fbf3d9114281a9ff3e30d7d086fa1105c.jpeg": {
    "app_sintetizada": "C775FBF3D9114281A9FF3E30D7D086FA1105C.JPEG",
    "cantidad_archivos": 1,
    "archivos_fuente": [
      "Pictures/Fototeca de Fotos.photoslibrary/resources/derivatives/C/C775FBF3-D911-4281-A9FF-3E30D7D086FA_1_105_c.jpeg"
    ],
    "ultima_modificacion": "2025-08-01 01:01:20.461384"
  },
  "c5e2b676111846d38122c14d2f38b5611105c.jpeg": {
    "app_sintetizada": "C5E2B676111846D38122C14D2F38B5611105C.JPEG",
    "cantidad_archivos": 1,
    "archivos_fuente": [
      "Pictures/Fototeca de Fotos.photoslibrary/resources/derivatives/C/C5E2B676-1118-46D3-8122-C14D2F38B561_1_105_c.jpeg"
    ],
    "ultima_modificacion": "2025-08-01 01:01:20.461701"
  },
  "c6192a21c71f4b58a796f5ab8ff2f2f31105c.jpeg": {
    "app_sintetizada": "C6192A21C71F4B58A796F5AB8FF2F2F31105C.JPEG",
    "cantidad_archivos": 1,
    "archivos_fuente": [
      "Pictures/Fototeca de Fotos.photoslibrary/resources/derivatives/C/C6192A21-C71F-4B58-A796-F5AB8FF2F2F3_1_105_c.jpeg"
    ],
    "ultima_modificacion": "2025-08-01 01:01:20.461957"
  },
  "c90628509edc4946973d700877adc8c51105c.jpeg": {
    "app_sintetizada": "C90628509EDC4946973D700877ADC8C51105C.JPEG",
    "cantidad_archivos": 1,
    "archivos_fuente": [
      "Pictures/Fototeca de Fotos.photoslibrary/resources/derivatives/C/C9062850-9EDC-4946-973D-700877ADC8C5_1_105_c.jpeg"
    ],
    "ultima_modificacion": "2025-08-01 01:01:20.462314"
  },
  "ccf3d16fb49449ac901238ec5c9521eb1105c.jpeg": {
    "app_sintetizada": "CCF3D16FB49449AC901238EC5C9521EB1105C.JPEG",
    "cantidad_archivos": 1,
    "archivos_fuente": [
      "Pictures/Fototeca de Fotos.photoslibrary/resources/derivatives/C/CCF3D16F-B494-49AC-9012-38EC5C9521EB_1_105_c.jpeg"
    ],
    "ultima_modificacion": "2025-08-01 01:01:20.462661"
  },
  "c9abfbaba82d4baa8bb443620041f06d1105c.jpeg": {
    "app_sintetizada": "C9ABFBABA82D4BAA8BB443620041F06D1105C.JPEG",
    "cantidad_archivos": 1,
    "archivos_fuente": [
      "Pictures/Fototeca de Fotos.photoslibrary/resources/derivatives/C/C9ABFBAB-A82D-4BAA-8BB4-43620041F06D_1_105_c.jpeg"
    ],
    "ultima_modificacion": "2025-08-01 01:01:20.462943"
  },
  "cdae1474dc844f5386a4662a1c801bfb1105c.jpeg": {
    "app_sintetizada": "CDAE1474DC844F5386A4662A1C801BFB1105C.JPEG",
    "cantidad_archivos": 1,
    "archivos_fuente": [
      "Pictures/Fototeca de Fotos.photoslibrary/resources/derivatives/C/CDAE1474-DC84-4F53-86A4-662A1C801BFB_1_105_c.jpeg"
    ],
    "ultima_modificacion": "2025-08-01 01:01:20.463261"
  },
  "c0fe5a66a26a40f499fda376885ffc961105c.jpeg": {
    "app_sintetizada": "C0FE5A66A26A40F499FDA376885FFC961105C.JPEG",
    "cantidad_archivos": 1,
    "archivos_fuente": [
      "Pictures/Fototeca de Fotos.photoslibrary/resources/derivatives/C/C0FE5A66-A26A-40F4-99FD-A376885FFC96_1_105_c.jpeg"
    ],
    "ultima_modificacion": "2025-08-01 01:01:20.463534"
  },
  "c955e5d103e34c9a9b502bcf953642fb1105c.jpeg": {
    "app_sintetizada": "C955E5D103E34C9A9B502BCF953642FB1105C.JPEG",
    "cantidad_archivos": 1,
    "archivos_fuente": [
      "Pictures/Fototeca de Fotos.photoslibrary/resources/derivatives/C/C955E5D1-03E3-4C9A-9B50-2BCF953642FB_1_105_c.jpeg"
    ],
    "ultima_modificacion": "2025-08-01 01:01:20.463800"
  },
  "c527299a51004bb29dcfbb67e6e307291105c.jpeg": {
    "app_sintetizada": "C527299A51004BB29DCFBB67E6E307291105C.JPEG",
    "cantidad_archivos": 1,
    "archivos_fuente": [
      "Pictures/Fototeca de Fotos.photoslibrary/resources/derivatives/C/C527299A-5100-4BB2-9DCF-BB67E6E30729_1_105_c.jpeg"
    ],
    "ultima_modificacion": "2025-08-01 01:01:20.464054"
  },
  "c9f0b96b48eb40039a56e9387b7202a41105c.jpeg": {
    "app_sintetizada": "C9F0B96B48EB40039A56E9387B7202A41105C.JPEG",
    "cantidad_archivos": 1,
    "archivos_fuente": [
      "Pictures/Fototeca de Fotos.photoslibrary/resources/derivatives/C/C9F0B96B-48EB-4003-9A56-E9387B7202A4_1_105_c.jpeg"
    ],
    "ultima_modificacion": "2025-08-01 01:01:20.464358"
  },
  "c3b85d4b528a4bc58c32603117fa599c1105c.jpeg": {
    "app_sintetizada": "C3B85D4B528A4BC58C32603117FA599C1105C.JPEG",
    "cantidad_archivos": 1,
    "archivos_fuente": [
      "Pictures/Fototeca de Fotos.photoslibrary/resources/derivatives/C/C3B85D4B-528A-4BC5-8C32-603117FA599C_1_105_c.jpeg"
    ],
    "ultima_modificacion": "2025-08-01 01:01:20.464608"
  },
  "cfa01120507249ab99e9a3fd686780281105c.jpeg": {
    "app_sintetizada": "CFA01120507249AB99E9A3FD686780281105C.JPEG",
    "cantidad_archivos": 1,
    "archivos_fuente": [
      "Pictures/Fototeca de Fotos.photoslibrary/resources/derivatives/C/CFA01120-5072-49AB-99E9-A3FD68678028_1_105_c.jpeg"
    ],
    "ultima_modificacion": "2025-08-01 01:01:20.464876"
  },
  "cccdede3868d45fdb3e0a494a54f7f441105c.jpeg": {
    "app_sintetizada": "CCCDEDE3868D45FDB3E0A494A54F7F441105C.JPEG",
    "cantidad_archivos": 1,
    "archivos_fuente": [
      "Pictures/Fototeca de Fotos.photoslibrary/resources/derivatives/C/CCCDEDE3-868D-45FD-B3E0-A494A54F7F44_1_105_c.jpeg"
    ],
    "ultima_modificacion": "2025-08-01 01:01:20.465135"
  },
  "c17b17a4d29347e7b40eea62211ee3921105c.jpeg": {
    "app_sintetizada": "C17B17A4D29347E7B40EEA62211EE3921105C.JPEG",
    "cantidad_archivos": 1,
    "archivos_fuente": [
      "Pictures/Fototeca de Fotos.photoslibrary/resources/derivatives/C/C17B17A4-D293-47E7-B40E-EA62211EE392_1_105_c.jpeg"
    ],
    "ultima_modificacion": "2025-08-01 01:01:20.465482"
  },
  "ca744583f58f451a9cc70af18c7321241105c.jpeg": {
    "app_sintetizada": "CA744583F58F451A9CC70AF18C7321241105C.JPEG",
    "cantidad_archivos": 1,
    "archivos_fuente": [
      "Pictures/Fototeca de Fotos.photoslibrary/resources/derivatives/C/CA744583-F58F-451A-9CC7-0AF18C732124_1_105_c.jpeg"
    ],
    "ultima_modificacion": "2025-08-01 01:01:20.465717"
  },
  "cbb6e235bacc459c8988cc5d7dcb676b1105c.jpeg": {
    "app_sintetizada": "CBB6E235BACC459C8988CC5D7DCB676B1105C.JPEG",
    "cantidad_archivos": 1,
    "archivos_fuente": [
      "Pictures/Fototeca de Fotos.photoslibrary/resources/derivatives/C/CBB6E235-BACC-459C-8988-CC5D7DCB676B_1_105_c.jpeg"
    ],
    "ultima_modificacion": "2025-08-01 01:01:20.465929"
  },
  "cdaaceff542d4893b23b2934b16847221105c.jpeg": {
    "app_sintetizada": "CDAACEFF542D4893B23B2934B16847221105C.JPEG",
    "cantidad_archivos": 1,
    "archivos_fuente": [
      "Pictures/Fototeca de Fotos.photoslibrary/resources/derivatives/C/CDAACEFF-542D-4893-B23B-2934B1684722_1_105_c.jpeg"
    ],
    "ultima_modificacion": "2025-08-01 01:01:20.466138"
  },
  "ca1af5f46d3e4685b8f542395c85d4d11105c.jpeg": {
    "app_sintetizada": "CA1AF5F46D3E4685B8F542395C85D4D11105C.JPEG",
    "cantidad_archivos": 1,
    "archivos_fuente": [
      "Pictures/Fototeca de Fotos.photoslibrary/resources/derivatives/C/CA1AF5F4-6D3E-4685-B8F5-42395C85D4D1_1_105_c.jpeg"
    ],
    "ultima_modificacion": "2025-08-01 01:01:20.466341"
  },
  "cd6e075058484075a17ced417eacef171105c.jpeg": {
    "app_sintetizada": "CD6E075058484075A17CED417EACEF171105C.JPEG",
    "cantidad_archivos": 1,
    "archivos_fuente": [
      "Pictures/Fototeca de Fotos.photoslibrary/resources/derivatives/C/CD6E0750-5848-4075-A17C-ED417EACEF17_1_105_c.jpeg"
    ],
    "ultima_modificacion": "2025-08-01 01:01:20.466631"
  },
  "c5965489c18a4a5f9d4f074e0ef484851105c.jpeg": {
    "app_sintetizada": "C5965489C18A4A5F9D4F074E0EF484851105C.JPEG",
    "cantidad_archivos": 1,
    "archivos_fuente": [
      "Pictures/Fototeca de Fotos.photoslibrary/resources/derivatives/C/C5965489-C18A-4A5F-9D4F-074E0EF48485_1_105_c.jpeg"
    ],
    "ultima_modificacion": "2025-08-01 01:01:20.466962"
  },
  "c67ab602ea0c4c658bf50ad8b156f38b1105c.jpeg": {
    "app_sintetizada": "C67AB602EA0C4C658BF50AD8B156F38B1105C.JPEG",
    "cantidad_archivos": 1,
    "archivos_fuente": [
      "Pictures/Fototeca de Fotos.photoslibrary/resources/derivatives/C/C67AB602-EA0C-4C65-8BF5-0AD8B156F38B_1_105_c.jpeg"
    ],
    "ultima_modificacion": "2025-08-01 01:01:20.467219"
  },
  "c65ad26c748a4a7c9a4bb6e27aa2f6b21105c.jpeg": {
    "app_sintetizada": "C65AD26C748A4A7C9A4BB6E27AA2F6B21105C.JPEG",
    "cantidad_archivos": 1,
    "archivos_fuente": [
      "Pictures/Fototeca de Fotos.photoslibrary/resources/derivatives/C/C65AD26C-748A-4A7C-9A4B-B6E27AA2F6B2_1_105_c.jpeg"
    ],
    "ultima_modificacion": "2025-08-01 01:01:20.467505"
  },
  "c15cdfd608a744a3804ae3a4e4f7c9eb1105c.jpeg": {
    "app_sintetizada": "C15CDFD608A744A3804AE3A4E4F7C9EB1105C.JPEG",
    "cantidad_archivos": 1,
    "archivos_fuente": [
      "Pictures/Fototeca de Fotos.photoslibrary/resources/derivatives/C/C15CDFD6-08A7-44A3-804A-E3A4E4F7C9EB_1_105_c.jpeg"
    ],
    "ultima_modificacion": "2025-08-01 01:01:20.467822"
  },
  "c5f07361f22441bab966281f1d5ef9b31105c.jpeg": {
    "app_sintetizada": "C5F07361F22441BAB966281F1D5EF9B31105C.JPEG",
    "cantidad_archivos": 1,
    "archivos_fuente": [
      "Pictures/Fototeca de Fotos.photoslibrary/resources/derivatives/C/C5F07361-F224-41BA-B966-281F1D5EF9B3_1_105_c.jpeg"
    ],
    "ultima_modificacion": "2025-08-01 01:01:20.468052"
  },
  "c83b2f2597cf46a193c6f11f63203b6e1105c.jpeg": {
    "app_sintetizada": "C83B2F2597CF46A193C6F11F63203B6E1105C.JPEG",
    "cantidad_archivos": 1,
    "archivos_fuente": [
      "Pictures/Fototeca de Fotos.photoslibrary/resources/derivatives/C/C83B2F25-97CF-46A1-93C6-F11F63203B6E_1_105_c.jpeg"
    ],
    "ultima_modificacion": "2025-08-01 01:01:20.468267"
  },
  "cfb572e63877408b9b650d9b7e1299c51105c.jpeg": {
    "app_sintetizada": "CFB572E63877408B9B650D9B7E1299C51105C.JPEG",
    "cantidad_archivos": 1,
    "archivos_fuente": [
      "Pictures/Fototeca de Fotos.photoslibrary/resources/derivatives/C/CFB572E6-3877-408B-9B65-0D9B7E1299C5_1_105_c.jpeg"
    ],
    "ultima_modificacion": "2025-08-01 01:01:20.468489"
  },
  "c6d677c0e59e4b749504cdcbb790873e1105c.jpeg": {
    "app_sintetizada": "C6D677C0E59E4B749504CDCBB790873E1105C.JPEG",
    "cantidad_archivos": 1,
    "archivos_fuente": [
      "Pictures/Fototeca de Fotos.photoslibrary/resources/derivatives/C/C6D677C0-E59E-4B74-9504-CDCBB790873E_1_105_c.jpeg"
    ],
    "ultima_modificacion": "2025-08-01 01:01:20.468697"
  },
  "cfa7713c58154cf2bf4d52ef88ed27991105c.jpeg": {
    "app_sintetizada": "CFA7713C58154CF2BF4D52EF88ED27991105C.JPEG",
    "cantidad_archivos": 1,
    "archivos_fuente": [
      "Pictures/Fototeca de Fotos.photoslibrary/resources/derivatives/C/CFA7713C-5815-4CF2-BF4D-52EF88ED2799_1_105_c.jpeg"
    ],
    "ultima_modificacion": "2025-08-01 01:01:20.468943"
  },
  "c2411ef2b83f49928cd9fb645c8b9f221102o.jpeg": {
    "app_sintetizada": "C2411EF2B83F49928CD9FB645C8B9F221102O.JPEG",
    "cantidad_archivos": 1,
    "archivos_fuente": [
      "Pictures/Fototeca de Fotos.photoslibrary/resources/derivatives/C/C2411EF2-B83F-4992-8CD9-FB645C8B9F22_1_102_o.jpeg"
    ],
    "ultima_modificacion": "2025-08-01 01:01:20.469202"
  },
  "cadaee0464eb4253af2d41a3795116e31105c.jpeg": {
    "app_sintetizada": "CADAEE0464EB4253AF2D41A3795116E31105C.JPEG",
    "cantidad_archivos": 1,
    "archivos_fuente": [
      "Pictures/Fototeca de Fotos.photoslibrary/resources/derivatives/C/CADAEE04-64EB-4253-AF2D-41A3795116E3_1_105_c.jpeg"
    ],
    "ultima_modificacion": "2025-08-01 01:01:20.469436"
  },
  "cc92dd9c554142989a448b5d77c3e8a31105c.jpeg": {
    "app_sintetizada": "CC92DD9C554142989A448B5D77C3E8A31105C.JPEG",
    "cantidad_archivos": 1,
    "archivos_fuente": [
      "Pictures/Fototeca de Fotos.photoslibrary/resources/derivatives/C/CC92DD9C-5541-4298-9A44-8B5D77C3E8A3_1_105_c.jpeg"
    ],
    "ultima_modificacion": "2025-08-01 01:01:20.469689"
  },
  "c0fccaabdfd140ddac7b4eb2c3a763311105c.jpeg": {
    "app_sintetizada": "C0FCCAABDFD140DDAC7B4EB2C3A763311105C.JPEG",
    "cantidad_archivos": 1,
    "archivos_fuente": [
      "Pictures/Fototeca de Fotos.photoslibrary/resources/derivatives/C/C0FCCAAB-DFD1-40DD-AC7B-4EB2C3A76331_1_105_c.jpeg"
    ],
    "ultima_modificacion": "2025-08-01 01:01:20.469991"
  },
  "c35984397e9a43c7964dbc9264d976dd1105c.jpeg": {
    "app_sintetizada": "C35984397E9A43C7964DBC9264D976DD1105C.JPEG",
    "cantidad_archivos": 1,
    "archivos_fuente": [
      "Pictures/Fototeca de Fotos.photoslibrary/resources/derivatives/C/C3598439-7E9A-43C7-964D-BC9264D976DD_1_105_c.jpeg"
    ],
    "ultima_modificacion": "2025-08-01 01:01:20.470246"
  },
  "cd52a852150d4fbfaf033a4be35239cf1105c.jpeg": {
    "app_sintetizada": "CD52A852150D4FBFAF033A4BE35239CF1105C.JPEG",
    "cantidad_archivos": 1,
    "archivos_fuente": [
      "Pictures/Fototeca de Fotos.photoslibrary/resources/derivatives/C/CD52A852-150D-4FBF-AF03-3A4BE35239CF_1_105_c.jpeg"
    ],
    "ultima_modificacion": "2025-08-01 01:01:20.470504"
  },
  "c7534c7fb07d4c198b4dd379a5f32c991105c.jpeg": {
    "app_sintetizada": "C7534C7FB07D4C198B4DD379A5F32C991105C.JPEG",
    "cantidad_archivos": 1,
    "archivos_fuente": [
      "Pictures/Fototeca de Fotos.photoslibrary/resources/derivatives/C/C7534C7F-B07D-4C19-8B4D-D379A5F32C99_1_105_c.jpeg"
    ],
    "ultima_modificacion": "2025-08-01 01:01:20.470760"
  },
  "c000ce1a89d5429689fbe75feac2b9d31105c.jpeg": {
    "app_sintetizada": "C000CE1A89D5429689FBE75FEAC2B9D31105C.JPEG",
    "cantidad_archivos": 1,
    "archivos_fuente": [
      "Pictures/Fototeca de Fotos.photoslibrary/resources/derivatives/C/C000CE1A-89D5-4296-89FB-E75FEAC2B9D3_1_105_c.jpeg"
    ],
    "ultima_modificacion": "2025-08-01 01:01:20.471090"
  },
  "c147ec5b346648509f73403838db501e1105c.jpeg": {
    "app_sintetizada": "C147EC5B346648509F73403838DB501E1105C.JPEG",
    "cantidad_archivos": 1,
    "archivos_fuente": [
      "Pictures/Fototeca de Fotos.photoslibrary/resources/derivatives/C/C147EC5B-3466-4850-9F73-403838DB501E_1_105_c.jpeg"
    ],
    "ultima_modificacion": "2025-08-01 01:01:20.471446"
  },
  "c7b05da7eec74acea8808e183902fe951105c.jpeg": {
    "app_sintetizada": "C7B05DA7EEC74ACEA8808E183902FE951105C.JPEG",
    "cantidad_archivos": 1,
    "archivos_fuente": [
      "Pictures/Fototeca de Fotos.photoslibrary/resources/derivatives/C/C7B05DA7-EEC7-4ACE-A880-8E183902FE95_1_105_c.jpeg"
    ],
    "ultima_modificacion": "2025-08-01 01:01:20.471702"
  },
  "c24a0d2affba428b823d769c93ebe0151105c.jpeg": {
    "app_sintetizada": "C24A0D2AFFBA428B823D769C93EBE0151105C.JPEG",
    "cantidad_archivos": 1,
    "archivos_fuente": [
      "Pictures/Fototeca de Fotos.photoslibrary/resources/derivatives/C/C24A0D2A-FFBA-428B-823D-769C93EBE015_1_105_c.jpeg"
    ],
    "ultima_modificacion": "2025-08-01 01:01:20.471950"
  },
  "c8b0cf6dac7f428d99a40f159884c74e1105c.jpeg": {
    "app_sintetizada": "C8B0CF6DAC7F428D99A40F159884C74E1105C.JPEG",
    "cantidad_archivos": 1,
    "archivos_fuente": [
      "Pictures/Fototeca de Fotos.photoslibrary/resources/derivatives/C/C8B0CF6D-AC7F-428D-99A4-0F159884C74E_1_105_c.jpeg"
    ],
    "ultima_modificacion": "2025-08-01 01:01:20.472237"
  },
  "c1b4e5aecc074c3390ab114753eb608f.thm": {
    "app_sintetizada": "C1B4E5AECC074C3390AB114753EB608F.THM",
    "cantidad_archivos": 1,
    "archivos_fuente": [
      "Pictures/Fototeca de Fotos.photoslibrary/resources/derivatives/C/C1B4E5AE-CC07-4C33-90AB-114753EB608F.THM"
    ],
    "ultima_modificacion": "2025-08-01 01:01:20.472568"
  },
  "cb5642f24bdd4f1e917ff65a87f23e4e1105c.jpeg": {
    "app_sintetizada": "CB5642F24BDD4F1E917FF65A87F23E4E1105C.JPEG",
    "cantidad_archivos": 1,
    "archivos_fuente": [
      "Pictures/Fototeca de Fotos.photoslibrary/resources/derivatives/C/CB5642F2-4BDD-4F1E-917F-F65A87F23E4E_1_105_c.jpeg"
    ],
    "ultima_modificacion": "2025-08-01 01:01:20.472826"
  },
  "ceaabe993b4e435b843b6cd886efad43.thm": {
    "app_sintetizada": "CEAABE993B4E435B843B6CD886EFAD43.THM",
    "cantidad_archivos": 1,
    "archivos_fuente": [
      "Pictures/Fototeca de Fotos.photoslibrary/resources/derivatives/C/CEAABE99-3B4E-435B-843B-6CD886EFAD43.THM"
    ],
    "ultima_modificacion": "2025-08-01 01:01:20.473177"
  },
  "c20ac22b5bb04a19861dbe27f2e4b5e71105c.jpeg": {
    "app_sintetizada": "C20AC22B5BB04A19861DBE27F2E4B5E71105C.JPEG",
    "cantidad_archivos": 1,
    "archivos_fuente": [
      "Pictures/Fototeca de Fotos.photoslibrary/resources/derivatives/C/C20AC22B-5BB0-4A19-861D-BE27F2E4B5E7_1_105_c.jpeg"
    ],
    "ultima_modificacion": "2025-08-01 01:01:20.473437"
  },
  "c5fd352709824ee791f64f62f7ce45571105c.jpeg": {
    "app_sintetizada": "C5FD352709824EE791F64F62F7CE45571105C.JPEG",
    "cantidad_archivos": 1,
    "archivos_fuente": [
      "Pictures/Fototeca de Fotos.photoslibrary/resources/derivatives/C/C5FD3527-0982-4EE7-91F6-4F62F7CE4557_1_105_c.jpeg"
    ],
    "ultima_modificacion": "2025-08-01 01:01:20.473684"
  },
  "cbee3bc4ef1d4d38983ecaaae06c6d261105c.jpeg": {
    "app_sintetizada": "CBEE3BC4EF1D4D38983ECAAAE06C6D261105C.JPEG",
    "cantidad_archivos": 1,
    "archivos_fuente": [
      "Pictures/Fototeca de Fotos.photoslibrary/resources/derivatives/C/CBEE3BC4-EF1D-4D38-983E-CAAAE06C6D26_1_105_c.jpeg"
    ],
    "ultima_modificacion": "2025-08-01 01:01:20.473947"
  },
  "c398d5d85ad84b2f8151484d022c76701105c.jpeg": {
    "app_sintetizada": "C398D5D85AD84B2F8151484D022C76701105C.JPEG",
    "cantidad_archivos": 1,
    "archivos_fuente": [
      "Pictures/Fototeca de Fotos.photoslibrary/resources/derivatives/C/C398D5D8-5AD8-4B2F-8151-484D022C7670_1_105_c.jpeg"
    ],
    "ultima_modificacion": "2025-08-01 01:01:20.474231"
  },
  "c9e5eb34968e4c3998c5947707bbadb01105c.jpeg": {
    "app_sintetizada": "C9E5EB34968E4C3998C5947707BBADB01105C.JPEG",
    "cantidad_archivos": 1,
    "archivos_fuente": [
      "Pictures/Fototeca de Fotos.photoslibrary/resources/derivatives/C/C9E5EB34-968E-4C39-98C5-947707BBADB0_1_105_c.jpeg"
    ],
    "ultima_modificacion": "2025-08-01 01:01:20.474485"
  },
  "c2919e6c28ef4c5bbb1f5b9a14e9ec361105c.jpeg": {
    "app_sintetizada": "C2919E6C28EF4C5BBB1F5B9A14E9EC361105C.JPEG",
    "cantidad_archivos": 1,
    "archivos_fuente": [
      "Pictures/Fototeca de Fotos.photoslibrary/resources/derivatives/C/C2919E6C-28EF-4C5B-BB1F-5B9A14E9EC36_1_105_c.jpeg"
    ],
    "ultima_modificacion": "2025-08-01 01:01:20.474764"
  },
  "c5b9b5db4c91489fae5edc71c018c1bd1105c.jpeg": {
    "app_sintetizada": "C5B9B5DB4C91489FAE5EDC71C018C1BD1105C.JPEG",
    "cantidad_archivos": 1,
    "archivos_fuente": [
      "Pictures/Fototeca de Fotos.photoslibrary/resources/derivatives/C/C5B9B5DB-4C91-489F-AE5E-DC71C018C1BD_1_105_c.jpeg"
    ],
    "ultima_modificacion": "2025-08-01 01:01:20.474979"
  },
  "ce189021b8ba483a864a795ddb1f96201105c.jpeg": {
    "app_sintetizada": "CE189021B8BA483A864A795DDB1F96201105C.JPEG",
    "cantidad_archivos": 1,
    "archivos_fuente": [
      "Pictures/Fototeca de Fotos.photoslibrary/resources/derivatives/C/CE189021-B8BA-483A-864A-795DDB1F9620_1_105_c.jpeg"
    ],
    "ultima_modificacion": "2025-08-01 01:01:20.475176"
  },
  "c212c74547024b4f87899b986b584d1d1105c.jpeg": {
    "app_sintetizada": "C212C74547024B4F87899B986B584D1D1105C.JPEG",
    "cantidad_archivos": 1,
    "archivos_fuente": [
      "Pictures/Fototeca de Fotos.photoslibrary/resources/derivatives/C/C212C745-4702-4B4F-8789-9B986B584D1D_1_105_c.jpeg"
    ],
    "ultima_modificacion": "2025-08-01 01:01:20.475398"
  },
  "c78940ee612448dc8013b47a071a608b.thm": {
    "app_sintetizada": "C78940EE612448DC8013B47A071A608B.THM",
    "cantidad_archivos": 1,
    "archivos_fuente": [
      "Pictures/Fototeca de Fotos.photoslibrary/resources/derivatives/C/C78940EE-6124-48DC-8013-B47A071A608B.THM"
    ],
    "ultima_modificacion": "2025-08-01 01:01:20.475657"
  },
  "cfb6045bacd346afb1d4bbae83b3ab75.thm": {
    "app_sintetizada": "CFB6045BACD346AFB1D4BBAE83B3AB75.THM",
    "cantidad_archivos": 1,
    "archivos_fuente": [
      "Pictures/Fototeca de Fotos.photoslibrary/resources/derivatives/C/CFB6045B-ACD3-46AF-B1D4-BBAE83B3AB75.THM"
    ],
    "ultima_modificacion": "2025-08-01 01:01:20.475888"
  },
  "c71f6343ddf54c9192a7f70f316ea6a31105c.jpeg": {
    "app_sintetizada": "C71F6343DDF54C9192A7F70F316EA6A31105C.JPEG",
    "cantidad_archivos": 1,
    "archivos_fuente": [
      "Pictures/Fototeca de Fotos.photoslibrary/resources/derivatives/C/C71F6343-DDF5-4C91-92A7-F70F316EA6A3_1_105_c.jpeg"
    ],
    "ultima_modificacion": "2025-08-01 01:01:20.476088"
  },
  "c8840b137ba04202a9177156bc2653151105c.jpeg": {
    "app_sintetizada": "C8840B137BA04202A9177156BC2653151105C.JPEG",
    "cantidad_archivos": 1,
    "archivos_fuente": [
      "Pictures/Fototeca de Fotos.photoslibrary/resources/derivatives/C/C8840B13-7BA0-4202-A917-7156BC265315_1_105_c.jpeg"
    ],
    "ultima_modificacion": "2025-08-01 01:01:20.476279"
  },
  "cbf3f9d99eee4f43b6f8b029b7bb84c81105c.jpeg": {
    "app_sintetizada": "CBF3F9D99EEE4F43B6F8B029B7BB84C81105C.JPEG",
    "cantidad_archivos": 1,
    "archivos_fuente": [
      "Pictures/Fototeca de Fotos.photoslibrary/resources/derivatives/C/CBF3F9D9-9EEE-4F43-B6F8-B029B7BB84C8_1_105_c.jpeg"
    ],
    "ultima_modificacion": "2025-08-01 01:01:20.476625"
  }
}