{
  "securitykey.svg": {
    "app_sintetizada": "SECURITYKEY.SVG",
    "cantidad_archivos": 1,
    "archivos_fuente": [
      "Library/Application Support/Google/Chrome/Default/Extensions/nkbihfbeogaeaoehlefnkodbefgpgknn/12.23.1_0/images/icons/security-key.svg"
    ],
    "ultima_modificacion": "2025-08-01 01:01:35.653659"
  },
  "info.svg": {
    "app_sintetizada": "INFO.SVG",
    "cantidad_archivos": 1,
    "archivos_fuente": [
      "Library/Application Support/Google/Chrome/Default/Extensions/nkbihfbeogaeaoehlefnkodbefgpgknn/12.23.1_0/images/icons/info.svg"
    ],
    "ultima_modificacion": "2025-08-01 01:01:35.653969"
  },
  "codecircle.svg": {
    "app_sintetizada": "CODECIRCLE.SVG",
    "cantidad_archivos": 1,
    "archivos_fuente": [
      "Library/Application Support/Google/Chrome/Default/Extensions/nkbihfbeogaeaoehlefnkodbefgpgknn/12.23.1_0/images/icons/code-circle.svg"
    ],
    "ultima_modificacion": "2025-08-01 01:01:35.654291"
  },
  "triangledown.svg": {
    "app_sintetizada": "TRIANGLEDOWN.SVG",
    "cantidad_archivos": 1,
    "archivos_fuente": [
      "Library/Application Support/Google/Chrome/Default/Extensions/nkbihfbeogaeaoehlefnkodbefgpgknn/12.23.1_0/images/icons/triangle-down.svg"
    ],
    "ultima_modificacion": "2025-08-01 01:01:35.654608"
  },
  "palette.svg": {
    "app_sintetizada": "PALETTE.SVG",
    "cantidad_archivos": 1,
    "archivos_fuente": [
      "Library/Application Support/Google/Chrome/Default/Extensions/nkbihfbeogaeaoehlefnkodbefgpgknn/12.23.1_0/images/icons/palette.svg"
    ],
    "ultima_modificacion": "2025-08-01 01:01:35.654928"
  },
  "add.svg": {
    "app_sintetizada": "ADD.SVG",
    "cantidad_archivos": 1,
    "archivos_fuente": [
      "Library/Application Support/Google/Chrome/Default/Extensions/nkbihfbeogaeaoehlefnkodbefgpgknn/12.23.1_0/images/icons/add.svg"
    ],
    "ultima_modificacion": "2025-08-01 01:01:35.655280"
  },
  "documentcode.svg": {
    "app_sintetizada": "DOCUMENTCODE.SVG",
    "cantidad_archivos": 1,
    "archivos_fuente": [
      "Library/Application Support/Google/Chrome/Default/Extensions/nkbihfbeogaeaoehlefnkodbefgpgknn/12.23.1_0/images/icons/document-code.svg"
    ],
    "ultima_modificacion": "2025-08-01 01:01:35.655598"
  },
  "mic.svg": {
    "app_sintetizada": "MIC.SVG",
    "cantidad_archivos": 1,
    "archivos_fuente": [
      "Library/Application Support/Google/Chrome/Default/Extensions/nkbihfbeogaeaoehlefnkodbefgpgknn/12.23.1_0/images/icons/mic.svg"
    ],
    "ultima_modificacion": "2025-08-01 01:01:35.655927"
  },
  "copy.svg": {
    "app_sintetizada": "COPY.SVG",
    "cantidad_archivos": 1,
    "archivos_fuente": [
      "Library/Application Support/Google/Chrome/Default/Extensions/nkbihfbeogaeaoehlefnkodbefgpgknn/12.23.1_0/images/icons/copy.svg"
    ],
    "ultima_modificacion": "2025-08-01 01:01:35.656307"
  },
  "pending.svg": {
    "app_sintetizada": "PENDING.SVG",
    "cantidad_archivos": 1,
    "archivos_fuente": [
      "Library/Application Support/Google/Chrome/Default/Extensions/nkbihfbeogaeaoehlefnkodbefgpgknn/12.23.1_0/images/icons/pending.svg"
    ],
    "ultima_modificacion": "2025-08-01 01:01:35.656685"
  },
  "buysell.svg": {
    "app_sintetizada": "BUYSELL.SVG",
    "cantidad_archivos": 1,
    "archivos_fuente": [
      "Library/Application Support/Google/Chrome/Default/Extensions/nkbihfbeogaeaoehlefnkodbefgpgknn/12.23.1_0/images/icons/buy-sell.svg"
    ],
    "ultima_modificacion": "2025-08-01 01:01:35.657026"
  },
  "draft.svg": {
    "app_sintetizada": "DRAFT.SVG",
    "cantidad_archivos": 1,
    "archivos_fuente": [
      "Library/Application Support/Google/Chrome/Default/Extensions/nkbihfbeogaeaoehlefnkodbefgpgknn/12.23.1_0/images/icons/draft.svg"
    ],
    "ultima_modificacion": "2025-08-01 01:01:35.657366"
  },
  "hashtag.svg": {
    "app_sintetizada": "HASHTAG.SVG",
    "cantidad_archivos": 1,
    "archivos_fuente": [
      "Library/Application Support/Google/Chrome/Default/Extensions/nkbihfbeogaeaoehlefnkodbefgpgknn/12.23.1_0/images/icons/hash-tag.svg"
    ],
    "ultima_modificacion": "2025-08-01 01:01:35.657735"
  },
  "refresh.svg": {
    "app_sintetizada": "REFRESH.SVG",
    "cantidad_archivos": 1,
    "archivos_fuente": [
      "Library/Application Support/Google/Chrome/Default/Extensions/nkbihfbeogaeaoehlefnkodbefgpgknn/12.23.1_0/images/icons/refresh.svg"
    ],
    "ultima_modificacion": "2025-08-01 01:01:35.658133"
  },
  "tint.svg": {
    "app_sintetizada": "TINT.SVG",
    "cantidad_archivos": 1,
    "archivos_fuente": [
      "Library/Application Support/Google/Chrome/Default/Extensions/nkbihfbeogaeaoehlefnkodbefgpgknn/12.23.1_0/images/icons/tint.svg"
    ],
    "ultima_modificacion": "2025-08-01 01:01:35.658465"
  },
  "walletfilled.svg": {
    "app_sintetizada": "WALLETFILLED.SVG",
    "cantidad_archivos": 1,
    "archivos_fuente": [
      "Library/Application Support/Google/Chrome/Default/Extensions/nkbihfbeogaeaoehlefnkodbefgpgknn/12.23.1_0/images/icons/wallet-filled.svg"
    ],
    "ultima_modificacion": "2025-08-01 01:01:35.658786"
  },
  "image.svg": {
    "app_sintetizada": "IMAGE.SVG",
    "cantidad_archivos": 1,
    "archivos_fuente": [
      "Library/Application Support/Google/Chrome/Default/Extensions/nkbihfbeogaeaoehlefnkodbefgpgknn/12.23.1_0/images/icons/image.svg"
    ],
    "ultima_modificacion": "2025-08-01 01:01:35.659115"
  },
  "securitysearch.svg": {
    "app_sintetizada": "SECURITYSEARCH.SVG",
    "cantidad_archivos": 1,
    "archivos_fuente": [
      "Library/Application Support/Google/Chrome/Default/Extensions/nkbihfbeogaeaoehlefnkodbefgpgknn/12.23.1_0/images/icons/security-search.svg"
    ],
    "ultima_modificacion": "2025-08-01 01:01:35.659438"
  },
  "thumbdown.svg": {
    "app_sintetizada": "THUMBDOWN.SVG",
    "cantidad_archivos": 1,
    "archivos_fuente": [
      "Library/Application Support/Google/Chrome/Default/Extensions/nkbihfbeogaeaoehlefnkodbefgpgknn/12.23.1_0/images/icons/thumb-down.svg"
    ],
    "ultima_modificacion": "2025-08-01 01:01:35.659797"
  },
  "thumbdownfilled.svg": {
    "app_sintetizada": "THUMBDOWNFILLED.SVG",
    "cantidad_archivos": 1,
    "archivos_fuente": [
      "Library/Application Support/Google/Chrome/Default/Extensions/nkbihfbeogaeaoehlefnkodbefgpgknn/12.23.1_0/images/icons/thumb-down-filled.svg"
    ],
    "ultima_modificacion": "2025-08-01 01:01:35.660156"
  },
  "save.svg": {
    "app_sintetizada": "SAVE.SVG",
    "cantidad_archivos": 1,
    "archivos_fuente": [
      "Library/Application Support/Google/Chrome/Default/Extensions/nkbihfbeogaeaoehlefnkodbefgpgknn/12.23.1_0/images/icons/save.svg"
    ],
    "ultima_modificacion": "2025-08-01 01:01:35.660511"
  },
  "heartfilled.svg": {
    "app_sintetizada": "HEARTFILLED.SVG",
    "cantidad_archivos": 1,
    "archivos_fuente": [
      "Library/Application Support/Google/Chrome/Default/Extensions/nkbihfbeogaeaoehlefnkodbefgpgknn/12.23.1_0/images/icons/heart-filled.svg"
    ],
    "ultima_modificacion": "2025-08-01 01:01:35.660867"
  },
  "scan.svg": {
    "app_sintetizada": "SCAN.SVG",
    "cantidad_archivos": 1,
    "archivos_fuente": [
      "Library/Application Support/Google/Chrome/Default/Extensions/nkbihfbeogaeaoehlefnkodbefgpgknn/12.23.1_0/images/icons/scan.svg"
    ],
    "ultima_modificacion": "2025-08-01 01:01:35.661215"
  },
  "minusbold.svg": {
    "app_sintetizada": "MINUSBOLD.SVG",
    "cantidad_archivos": 1,
    "archivos_fuente": [
      "Library/Application Support/Google/Chrome/Default/Extensions/nkbihfbeogaeaoehlefnkodbefgpgknn/12.23.1_0/images/icons/minus-bold.svg"
    ],
    "ultima_modificacion": "2025-08-01 01:01:35.661559"
  },
  "start.svg": {
    "app_sintetizada": "START.SVG",
    "cantidad_archivos": 1,
    "archivos_fuente": [
      "Library/Application Support/Google/Chrome/Default/Extensions/nkbihfbeogaeaoehlefnkodbefgpgknn/12.23.1_0/images/icons/start.svg"
    ],
    "ultima_modificacion": "2025-08-01 01:01:35.662013"
  },
  "setting.svg": {
    "app_sintetizada": "SETTING.SVG",
    "cantidad_archivos": 1,
    "archivos_fuente": [
      "Library/Application Support/Google/Chrome/Default/Extensions/nkbihfbeogaeaoehlefnkodbefgpgknn/12.23.1_0/images/icons/setting.svg"
    ],
    "ultima_modificacion": "2025-08-01 01:01:35.662281"
  },
  "ecoleaf.svg": {
    "app_sintetizada": "ECOLEAF.SVG",
    "cantidad_archivos": 1,
    "archivos_fuente": [
      "Library/Application Support/Google/Chrome/Default/Extensions/nkbihfbeogaeaoehlefnkodbefgpgknn/12.23.1_0/images/icons/eco-leaf.svg"
    ],
    "ultima_modificacion": "2025-08-01 01:01:35.662596"
  },
  "currencyyuan.svg": {
    "app_sintetizada": "CURRENCYYUAN.SVG",
    "cantidad_archivos": 1,
    "archivos_fuente": [
      "Library/Application Support/Google/Chrome/Default/Extensions/nkbihfbeogaeaoehlefnkodbefgpgknn/12.23.1_0/images/icons/currency-yuan.svg"
    ],
    "ultima_modificacion": "2025-08-01 01:01:35.662976"
  },
  "messages.svg": {
    "app_sintetizada": "MESSAGES.SVG",
    "cantidad_archivos": 1,
    "archivos_fuente": [
      "Library/Application Support/Google/Chrome/Default/Extensions/nkbihfbeogaeaoehlefnkodbefgpgknn/12.23.1_0/images/icons/messages.svg"
    ],
    "ultima_modificacion": "2025-08-01 01:01:35.663305"
  },
  "square.svg": {
    "app_sintetizada": "SQUARE.SVG",
    "cantidad_archivos": 1,
    "archivos_fuente": [
      "Library/Application Support/Google/Chrome/Default/Extensions/nkbihfbeogaeaoehlefnkodbefgpgknn/12.23.1_0/images/icons/square.svg"
    ],
    "ultima_modificacion": "2025-08-01 01:01:35.663630"
  },
  "verifiedfilled.svg": {
    "app_sintetizada": "VERIFIEDFILLED.SVG",
    "cantidad_archivos": 1,
    "archivos_fuente": [
      "Library/Application Support/Google/Chrome/Default/Extensions/nkbihfbeogaeaoehlefnkodbefgpgknn/12.23.1_0/images/icons/verified-filled.svg"
    ],
    "ultima_modificacion": "2025-08-01 01:01:35.663938"
  },
  "report.svg": {
    "app_sintetizada": "REPORT.SVG",
    "cantidad_archivos": 1,
    "archivos_fuente": [
      "Library/Application Support/Google/Chrome/Default/Extensions/nkbihfbeogaeaoehlefnkodbefgpgknn/12.23.1_0/images/icons/report.svg"
    ],
    "ultima_modificacion": "2025-08-01 01:01:35.664277"
  },
  "eyeslash.svg": {
    "app_sintetizada": "EYESLASH.SVG",
    "cantidad_archivos": 1,
    "archivos_fuente": [
      "Library/Application Support/Google/Chrome/Default/Extensions/nkbihfbeogaeaoehlefnkodbefgpgknn/12.23.1_0/images/icons/eye-slash.svg"
    ],
    "ultima_modificacion": "2025-08-01 01:01:35.664602"
  },
  "notification.svg": {
    "app_sintetizada": "NOTIFICATION.SVG",
    "cantidad_archivos": 1,
    "archivos_fuente": [
      "Library/Application Support/Google/Chrome/Default/Extensions/nkbihfbeogaeaoehlefnkodbefgpgknn/12.23.1_0/images/icons/notification.svg"
    ],
    "ultima_modificacion": "2025-08-01 01:01:35.664920"
  },
  "coin.svg": {
    "app_sintetizada": "COIN.SVG",
    "cantidad_archivos": 1,
    "archivos_fuente": [
      "Library/Application Support/Google/Chrome/Default/Extensions/nkbihfbeogaeaoehlefnkodbefgpgknn/12.23.1_0/images/icons/coin.svg"
    ],
    "ultima_modificacion": "2025-08-01 01:01:35.665170"
  },
  "mountainflag.svg": {
    "app_sintetizada": "MOUNTAINFLAG.SVG",
    "cantidad_archivos": 1,
    "archivos_fuente": [
      "Library/Application Support/Google/Chrome/Default/Extensions/nkbihfbeogaeaoehlefnkodbefgpgknn/12.23.1_0/images/icons/mountain-flag.svg"
    ],
    "ultima_modificacion": "2025-08-01 01:01:35.665498"
  },
  "diagram.svg": {
    "app_sintetizada": "DIAGRAM.SVG",
    "cantidad_archivos": 1,
    "archivos_fuente": [
      "Library/Application Support/Google/Chrome/Default/Extensions/nkbihfbeogaeaoehlefnkodbefgpgknn/12.23.1_0/images/icons/diagram.svg"
    ],
    "ultima_modificacion": "2025-08-01 01:01:35.665739"
  },
  "send.svg": {
    "app_sintetizada": "SEND.SVG",
    "cantidad_archivos": 1,
    "archivos_fuente": [
      "Library/Application Support/Google/Chrome/Default/Extensions/nkbihfbeogaeaoehlefnkodbefgpgknn/12.23.1_0/images/icons/send.svg"
    ],
    "ultima_modificacion": "2025-08-01 01:01:35.665993"
  },
  "securitytick.svg": {
    "app_sintetizada": "SECURITYTICK.SVG",
    "cantidad_archivos": 1,
    "archivos_fuente": [
      "Library/Application Support/Google/Chrome/Default/Extensions/nkbihfbeogaeaoehlefnkodbefgpgknn/12.23.1_0/images/icons/security-tick.svg"
    ],
    "ultima_modificacion": "2025-08-01 01:01:35.666301"
  },
  "darkfilled.svg": {
    "app_sintetizada": "DARKFILLED.SVG",
    "cantidad_archivos": 1,
    "archivos_fuente": [
      "Library/Application Support/Google/Chrome/Default/Extensions/nkbihfbeogaeaoehlefnkodbefgpgknn/12.23.1_0/images/icons/dark-filled.svg"
    ],
    "ultima_modificacion": "2025-08-01 01:01:35.666589"
  },
  "explore.svg": {
    "app_sintetizada": "EXPLORE.SVG",
    "cantidad_archivos": 1,
    "archivos_fuente": [
      "Library/Application Support/Google/Chrome/Default/Extensions/nkbihfbeogaeaoehlefnkodbefgpgknn/12.23.1_0/images/icons/explore.svg"
    ],
    "ultima_modificacion": "2025-08-01 01:01:35.666845"
  },
  "feedback.svg": {
    "app_sintetizada": "FEEDBACK.SVG",
    "cantidad_archivos": 1,
    "archivos_fuente": [
      "Library/Application Support/Google/Chrome/Default/Extensions/nkbihfbeogaeaoehlefnkodbefgpgknn/12.23.1_0/images/icons/feedback.svg"
    ],
    "ultima_modificacion": "2025-08-01 01:01:35.667136"
  },
  "camera.svg": {
    "app_sintetizada": "CAMERA.SVG",
    "cantidad_archivos": 1,
    "archivos_fuente": [
      "Library/Application Support/Google/Chrome/Default/Extensions/nkbihfbeogaeaoehlefnkodbefgpgknn/12.23.1_0/images/icons/camera.svg"
    ],
    "ultima_modificacion": "2025-08-01 01:01:35.667410"
  },
  "ai.svg": {
    "app_sintetizada": "AI.SVG",
    "cantidad_archivos": 1,
    "archivos_fuente": [
      "Library/Application Support/Google/Chrome/Default/Extensions/nkbihfbeogaeaoehlefnkodbefgpgknn/12.23.1_0/images/icons/ai.svg"
    ],
    "ultima_modificacion": "2025-08-01 01:01:35.667664"
  },
  "saving.svg": {
    "app_sintetizada": "SAVING.SVG",
    "cantidad_archivos": 1,
    "archivos_fuente": [
      "Library/Application Support/Google/Chrome/Default/Extensions/nkbihfbeogaeaoehlefnkodbefgpgknn/12.23.1_0/images/icons/saving.svg"
    ],
    "ultima_modificacion": "2025-08-01 01:01:35.667953"
  },
  "security.svg": {
    "app_sintetizada": "SECURITY.SVG",
    "cantidad_archivos": 1,
    "archivos_fuente": [
      "Library/Application Support/Google/Chrome/Default/Extensions/nkbihfbeogaeaoehlefnkodbefgpgknn/12.23.1_0/images/icons/security.svg"
    ],
    "ultima_modificacion": "2025-08-01 01:01:35.668277"
  },
  "google.svg": {
    "app_sintetizada": "GOOGLE.SVG",
    "cantidad_archivos": 1,
    "archivos_fuente": [
      "Library/Application Support/Google/Chrome/Default/Extensions/nkbihfbeogaeaoehlefnkodbefgpgknn/12.23.1_0/images/icons/google.svg"
    ],
    "ultima_modificacion": "2025-08-01 01:01:35.686637"
  },
  "explorefilled.svg": {
    "app_sintetizada": "EXPLOREFILLED.SVG",
    "cantidad_archivos": 1,
    "archivos_fuente": [
      "Library/Application Support/Google/Chrome/Default/Extensions/nkbihfbeogaeaoehlefnkodbefgpgknn/12.23.1_0/images/icons/explore-filled.svg"
    ],
    "ultima_modificacion": "2025-08-01 01:01:35.687180"
  },
  "attachment.svg": {
    "app_sintetizada": "ATTACHMENT.SVG",
    "cantidad_archivos": 1,
    "archivos_fuente": [
      "Library/Application Support/Google/Chrome/Default/Extensions/nkbihfbeogaeaoehlefnkodbefgpgknn/12.23.1_0/images/icons/attachment.svg"
    ],
    "ultima_modificacion": "2025-08-01 01:01:35.687592"
  },
  "wifioff.svg": {
    "app_sintetizada": "WIFIOFF.SVG",
    "cantidad_archivos": 1,
    "archivos_fuente": [
      "Library/Application Support/Google/Chrome/Default/Extensions/nkbihfbeogaeaoehlefnkodbefgpgknn/12.23.1_0/images/icons/wifi-off.svg"
    ],
    "ultima_modificacion": "2025-08-01 01:01:35.687974"
  },
  "addcard.svg": {
    "app_sintetizada": "ADDCARD.SVG",
    "cantidad_archivos": 1,
    "archivos_fuente": [
      "Library/Application Support/Google/Chrome/Default/Extensions/nkbihfbeogaeaoehlefnkodbefgpgknn/12.23.1_0/images/icons/add-card.svg"
    ],
    "ultima_modificacion": "2025-08-01 01:01:35.688368"
  },
  "scanbarcode.svg": {
    "app_sintetizada": "SCANBARCODE.SVG",
    "cantidad_archivos": 1,
    "archivos_fuente": [
      "Library/Application Support/Google/Chrome/Default/Extensions/nkbihfbeogaeaoehlefnkodbefgpgknn/12.23.1_0/images/icons/scan-barcode.svg"
    ],
    "ultima_modificacion": "2025-08-01 01:01:35.688749"
  },
  "volumeup.svg": {
    "app_sintetizada": "VOLUMEUP.SVG",
    "cantidad_archivos": 1,
    "archivos_fuente": [
      "Library/Application Support/Google/Chrome/Default/Extensions/nkbihfbeogaeaoehlefnkodbefgpgknn/12.23.1_0/images/icons/volume-up.svg"
    ],
    "ultima_modificacion": "2025-08-01 01:01:35.689120"
  },
  "securitytime.svg": {
    "app_sintetizada": "SECURITYTIME.SVG",
    "cantidad_archivos": 1,
    "archivos_fuente": [
      "Library/Application Support/Google/Chrome/Default/Extensions/nkbihfbeogaeaoehlefnkodbefgpgknn/12.23.1_0/images/icons/security-time.svg"
    ],
    "ultima_modificacion": "2025-08-01 01:01:35.689503"
  },
  "star.svg": {
    "app_sintetizada": "STAR.SVG",
    "cantidad_archivos": 2,
    "archivos_fuente": [
      "Library/Application Support/Google/Chrome/Default/Extensions/nkbihfbeogaeaoehlefnkodbefgpgknn/12.23.1_0/images/icons/star.svg",
      "Library/Application Support/Google/Chrome/Default/Extensions/fjnbnpbmkenffdnngjfgmeleoegfcffe/3.4.5_0/icons/my-styles/star.svg"
    ],
    "ultima_modificacion": "2025-08-01 01:01:35.689884"
  },
  "faceid.svg": {
    "app_sintetizada": "FACEID.SVG",
    "cantidad_archivos": 1,
    "archivos_fuente": [
      "Library/Application Support/Google/Chrome/Default/Extensions/nkbihfbeogaeaoehlefnkodbefgpgknn/12.23.1_0/images/icons/face-id.svg"
    ],
    "ultima_modificacion": "2025-08-01 01:01:35.690259"
  },
  "extension.svg": {
    "app_sintetizada": "EXTENSION.SVG",
    "cantidad_archivos": 1,
    "archivos_fuente": [
      "Library/Application Support/Google/Chrome/Default/Extensions/nkbihfbeogaeaoehlefnkodbefgpgknn/12.23.1_0/images/icons/extension.svg"
    ],
    "ultima_modificacion": "2025-08-01 01:01:35.690674"
  },
  "danger.svg": {
    "app_sintetizada": "DANGER.SVG",
    "cantidad_archivos": 1,
    "archivos_fuente": [
      "Library/Application Support/Google/Chrome/Default/Extensions/nkbihfbeogaeaoehlefnkodbefgpgknn/12.23.1_0/images/icons/danger.svg"
    ],
    "ultima_modificacion": "2025-08-01 01:01:35.691064"
  },
  "arrowcircledown.svg": {
    "app_sintetizada": "ARROWCIRCLEDOWN.SVG",
    "cantidad_archivos": 1,
    "archivos_fuente": [
      "Library/Application Support/Google/Chrome/Default/Extensions/nkbihfbeogaeaoehlefnkodbefgpgknn/12.23.1_0/images/icons/arrow-circle-down.svg"
    ],
    "ultima_modificacion": "2025-08-01 01:01:35.691460"
  },
  "policyalert.svg": {
    "app_sintetizada": "POLICYALERT.SVG",
    "cantidad_archivos": 1,
    "archivos_fuente": [
      "Library/Application Support/Google/Chrome/Default/Extensions/nkbihfbeogaeaoehlefnkodbefgpgknn/12.23.1_0/images/icons/policy-alert.svg"
    ],
    "ultima_modificacion": "2025-08-01 01:01:35.691815"
  },
  "hardware.svg": {
    "app_sintetizada": "HARDWARE.SVG",
    "cantidad_archivos": 1,
    "archivos_fuente": [
      "Library/Application Support/Google/Chrome/Default/Extensions/nkbihfbeogaeaoehlefnkodbefgpgknn/12.23.1_0/images/icons/hardware.svg"
    ],
    "ultima_modificacion": "2025-08-01 01:01:35.692552"
  },
  "lockedfilled.svg": {
    "app_sintetizada": "LOCKEDFILLED.SVG",
    "cantidad_archivos": 1,
    "archivos_fuente": [
      "Library/Application Support/Google/Chrome/Default/Extensions/nkbihfbeogaeaoehlefnkodbefgpgknn/12.23.1_0/images/icons/locked-filled.svg"
    ],
    "ultima_modificacion": "2025-08-01 01:01:35.693022"
  },
  "scanfocus.svg": {
    "app_sintetizada": "SCANFOCUS.SVG",
    "cantidad_archivos": 1,
    "archivos_fuente": [
      "Library/Application Support/Google/Chrome/Default/Extensions/nkbihfbeogaeaoehlefnkodbefgpgknn/12.23.1_0/images/icons/scan-focus.svg"
    ],
    "ultima_modificacion": "2025-08-01 01:01:35.693664"
  },
  "cash.svg": {
    "app_sintetizada": "CASH.SVG",
    "cantidad_archivos": 1,
    "archivos_fuente": [
      "Library/Application Support/Google/Chrome/Default/Extensions/nkbihfbeogaeaoehlefnkodbefgpgknn/12.23.1_0/images/icons/cash.svg"
    ],
    "ultima_modificacion": "2025-08-01 01:01:35.694065"
  },
  "securityslash.svg": {
    "app_sintetizada": "SECURITYSLASH.SVG",
    "cantidad_archivos": 1,
    "archivos_fuente": [
      "Library/Application Support/Google/Chrome/Default/Extensions/nkbihfbeogaeaoehlefnkodbefgpgknn/12.23.1_0/images/icons/security-slash.svg"
    ],
    "ultima_modificacion": "2025-08-01 01:01:35.694451"
  },
  "flashslash.svg": {
    "app_sintetizada": "FLASHSLASH.SVG",
    "cantidad_archivos": 1,
    "archivos_fuente": [
      "Library/Application Support/Google/Chrome/Default/Extensions/nkbihfbeogaeaoehlefnkodbefgpgknn/12.23.1_0/images/icons/flash-slash.svg"
    ],
    "ultima_modificacion": "2025-08-01 01:01:35.694836"
  },
  "arrow2down.svg": {
    "app_sintetizada": "ARROW2DOWN.SVG",
    "cantidad_archivos": 1,
    "archivos_fuente": [
      "Library/Application Support/Google/Chrome/Default/Extensions/nkbihfbeogaeaoehlefnkodbefgpgknn/12.23.1_0/images/icons/arrow-2-down.svg"
    ],
    "ultima_modificacion": "2025-08-01 01:01:35.695183"
  },
  "bank.svg": {
    "app_sintetizada": "BANK.SVG",
    "cantidad_archivos": 1,
    "archivos_fuente": [
      "Library/Application Support/Google/Chrome/Default/Extensions/nkbihfbeogaeaoehlefnkodbefgpgknn/12.23.1_0/images/icons/bank.svg"
    ],
    "ultima_modificacion": "2025-08-01 01:01:35.695603"
  },
  "usercircle.svg": {
    "app_sintetizada": "USERCIRCLE.SVG",
    "cantidad_archivos": 1,
    "archivos_fuente": [
      "Library/Application Support/Google/Chrome/Default/Extensions/nkbihfbeogaeaoehlefnkodbefgpgknn/12.23.1_0/images/icons/user-circle.svg"
    ],
    "ultima_modificacion": "2025-08-01 01:01:35.695994"
  },
  "editsquare.svg": {
    "app_sintetizada": "EDITSQUARE.SVG",
    "cantidad_archivos": 1,
    "archivos_fuente": [
      "Library/Application Support/Google/Chrome/Default/Extensions/nkbihfbeogaeaoehlefnkodbefgpgknn/12.23.1_0/images/icons/edit-square.svg"
    ],
    "ultima_modificacion": "2025-08-01 01:01:35.696391"
  },
  "lastpage.svg": {
    "app_sintetizada": "LASTPAGE.SVG",
    "cantidad_archivos": 1,
    "archivos_fuente": [
      "Library/Application Support/Google/Chrome/Default/Extensions/nkbihfbeogaeaoehlefnkodbefgpgknn/12.23.1_0/images/icons/last-page.svg"
    ],
    "ultima_modificacion": "2025-08-01 01:01:35.696770"
  },
  "hierarchy.svg": {
    "app_sintetizada": "HIERARCHY.SVG",
    "cantidad_archivos": 1,
    "archivos_fuente": [
      "Library/Application Support/Google/Chrome/Default/Extensions/nkbihfbeogaeaoehlefnkodbefgpgknn/12.23.1_0/images/icons/hierarchy.svg"
    ],
    "ultima_modificacion": "2025-08-01 01:01:35.697439"
  },
  "clock.svg": {
    "app_sintetizada": "CLOCK.SVG",
    "cantidad_archivos": 1,
    "archivos_fuente": [
      "Library/Application Support/Google/Chrome/Default/Extensions/nkbihfbeogaeaoehlefnkodbefgpgknn/12.23.1_0/images/icons/clock.svg"
    ],
    "ultima_modificacion": "2025-08-01 01:01:35.697806"
  },
  "circlex.svg": {
    "app_sintetizada": "CIRCLEX.SVG",
    "cantidad_archivos": 1,
    "archivos_fuente": [
      "Library/Application Support/Google/Chrome/Default/Extensions/nkbihfbeogaeaoehlefnkodbefgpgknn/12.23.1_0/images/icons/circle-x.svg"
    ],
    "ultima_modificacion": "2025-08-01 01:01:35.698137"
  },
  "call.svg": {
    "app_sintetizada": "CALL.SVG",
    "cantidad_archivos": 1,
    "archivos_fuente": [
      "Library/Application Support/Google/Chrome/Default/Extensions/nkbihfbeogaeaoehlefnkodbefgpgknn/12.23.1_0/images/icons/call.svg"
    ],
    "ultima_modificacion": "2025-08-01 01:01:35.698470"
  },
  "arrow2upright.svg": {
    "app_sintetizada": "ARROW2UPRIGHT.SVG",
    "cantidad_archivos": 1,
    "archivos_fuente": [
      "Library/Application Support/Google/Chrome/Default/Extensions/nkbihfbeogaeaoehlefnkodbefgpgknn/12.23.1_0/images/icons/arrow-2-up-right.svg"
    ],
    "ultima_modificacion": "2025-08-01 01:01:35.698802"
  },
  "eye.svg": {
    "app_sintetizada": "EYE.SVG",
    "cantidad_archivos": 3,
    "archivos_fuente": [
      "Library/Application Support/Google/Chrome/Default/Extensions/nkbihfbeogaeaoehlefnkodbefgpgknn/12.23.1_0/images/icons/eye.svg",
      "Library/Application Support/Google/Chrome/Default/Extensions/fjnbnpbmkenffdnngjfgmeleoegfcffe/3.4.5_0/icons/editor/eye.svg",
      "Library/Application Support/Google/Chrome/Default/Extensions/gfclnkijfmhhhjnpmdlicdfoibjnppih/0.0.1_0/assets/icons/eye.svg"
    ],
    "ultima_modificacion": "2025-08-01 01:01:35.699126"
  },
  "mobile.svg": {
    "app_sintetizada": "MOBILE.SVG",
    "cantidad_archivos": 1,
    "archivos_fuente": [
      "Library/Application Support/Google/Chrome/Default/Extensions/nkbihfbeogaeaoehlefnkodbefgpgknn/12.23.1_0/images/icons/mobile.svg"
    ],
    "ultima_modificacion": "2025-08-01 01:01:35.699466"
  },
  "pageinfo.svg": {
    "app_sintetizada": "PAGEINFO.SVG",
    "cantidad_archivos": 1,
    "archivos_fuente": [
      "Library/Application Support/Google/Chrome/Default/Extensions/nkbihfbeogaeaoehlefnkodbefgpgknn/12.23.1_0/images/icons/page-info.svg"
    ],
    "ultima_modificacion": "2025-08-01 01:01:35.699798"
  },
  "location.svg": {
    "app_sintetizada": "LOCATION.SVG",
    "cantidad_archivos": 1,
    "archivos_fuente": [
      "Library/Application Support/Google/Chrome/Default/Extensions/nkbihfbeogaeaoehlefnkodbefgpgknn/12.23.1_0/images/icons/location.svg"
    ],
    "ultima_modificacion": "2025-08-01 01:01:35.700133"
  },
  "flower.svg": {
    "app_sintetizada": "FLOWER.SVG",
    "cantidad_archivos": 1,
    "archivos_fuente": [
      "Library/Application Support/Google/Chrome/Default/Extensions/nkbihfbeogaeaoehlefnkodbefgpgknn/12.23.1_0/images/icons/flower.svg"
    ],
    "ultima_modificacion": "2025-08-01 01:01:35.700443"
  },
  "currencylira.svg": {
    "app_sintetizada": "CURRENCYLIRA.SVG",
    "cantidad_archivos": 1,
    "archivos_fuente": [
      "Library/Application Support/Google/Chrome/Default/Extensions/nkbihfbeogaeaoehlefnkodbefgpgknn/12.23.1_0/images/icons/currency-lira.svg"
    ],
    "ultima_modificacion": "2025-08-01 01:01:35.700794"
  },
  "plusandminus.svg": {
    "app_sintetizada": "PLUSANDMINUS.SVG",
    "cantidad_archivos": 1,
    "archivos_fuente": [
      "Library/Application Support/Google/Chrome/Default/Extensions/nkbihfbeogaeaoehlefnkodbefgpgknn/12.23.1_0/images/icons/plus-and-minus.svg"
    ],
    "ultima_modificacion": "2025-08-01 01:01:35.701144"
  },
  "gift.svg": {
    "app_sintetizada": "GIFT.SVG",
    "cantidad_archivos": 1,
    "archivos_fuente": [
      "Library/Application Support/Google/Chrome/Default/Extensions/nkbihfbeogaeaoehlefnkodbefgpgknn/12.23.1_0/images/icons/gift.svg"
    ],
    "ultima_modificacion": "2025-08-01 01:01:35.701487"
  },
  "morevertical.svg": {
    "app_sintetizada": "MOREVERTICAL.SVG",
    "cantidad_archivos": 1,
    "archivos_fuente": [
      "Library/Application Support/Google/Chrome/Default/Extensions/nkbihfbeogaeaoehlefnkodbefgpgknn/12.23.1_0/images/icons/more-vertical.svg"
    ],
    "ultima_modificacion": "2025-08-01 01:01:35.701813"
  },
  "arrowup.svg": {
    "app_sintetizada": "ARROWUP.SVG",
    "cantidad_archivos": 2,
    "archivos_fuente": [
      "Library/Application Support/Google/Chrome/Default/Extensions/nkbihfbeogaeaoehlefnkodbefgpgknn/12.23.1_0/images/icons/arrow-up.svg",
      "Library/Application Support/Google/Chrome/Default/Extensions/fjnbnpbmkenffdnngjfgmeleoegfcffe/3.4.5_0/icons/editor/arrow-up.svg"
    ],
    "ultima_modificacion": "2025-08-01 01:01:35.702146"
  },
  "money.svg": {
    "app_sintetizada": "MONEY.SVG",
    "cantidad_archivos": 1,
    "archivos_fuente": [
      "Library/Application Support/Google/Chrome/Default/Extensions/nkbihfbeogaeaoehlefnkodbefgpgknn/12.23.1_0/images/icons/money.svg"
    ],
    "ultima_modificacion": "2025-08-01 01:01:35.702484"
  },
  "bankassured.svg": {
    "app_sintetizada": "BANKASSURED.SVG",
    "cantidad_archivos": 1,
    "archivos_fuente": [
      "Library/Application Support/Google/Chrome/Default/Extensions/nkbihfbeogaeaoehlefnkodbefgpgknn/12.23.1_0/images/icons/bank-assured.svg"
    ],
    "ultima_modificacion": "2025-08-01 01:01:35.702834"
  },
  "sort.svg": {
    "app_sintetizada": "SORT.SVG",
    "cantidad_archivos": 1,
    "archivos_fuente": [
      "Library/Application Support/Google/Chrome/Default/Extensions/nkbihfbeogaeaoehlefnkodbefgpgknn/12.23.1_0/images/icons/sort.svg"
    ],
    "ultima_modificacion": "2025-08-01 01:01:35.703238"
  },
  "undo.svg": {
    "app_sintetizada": "UNDO.SVG",
    "cantidad_archivos": 1,
    "archivos_fuente": [
      "Library/Application Support/Google/Chrome/Default/Extensions/nkbihfbeogaeaoehlefnkodbefgpgknn/12.23.1_0/images/icons/undo.svg"
    ],
    "ultima_modificacion": "2025-08-01 01:01:35.703591"
  },
  "checkbold.svg": {
    "app_sintetizada": "CHECKBOLD.SVG",
    "cantidad_archivos": 1,
    "archivos_fuente": [
      "Library/Application Support/Google/Chrome/Default/Extensions/nkbihfbeogaeaoehlefnkodbefgpgknn/12.23.1_0/images/icons/check-bold.svg"
    ],
    "ultima_modificacion": "2025-08-01 01:01:35.703946"
  },
  "activity.svg": {
    "app_sintetizada": "ACTIVITY.SVG",
    "cantidad_archivos": 1,
    "archivos_fuente": [
      "Library/Application Support/Google/Chrome/Default/Extensions/nkbihfbeogaeaoehlefnkodbefgpgknn/12.23.1_0/images/icons/activity.svg"
    ],
    "ultima_modificacion": "2025-08-01 01:01:35.704267"
  },
  "tablerow.svg": {
    "app_sintetizada": "TABLEROW.SVG",
    "cantidad_archivos": 1,
    "archivos_fuente": [
      "Library/Application Support/Google/Chrome/Default/Extensions/nkbihfbeogaeaoehlefnkodbefgpgknn/12.23.1_0/images/icons/table-row.svg"
    ],
    "ultima_modificacion": "2025-08-01 01:01:35.704592"
  },
  "description.svg": {
    "app_sintetizada": "DESCRIPTION.SVG",
    "cantidad_archivos": 1,
    "archivos_fuente": [
      "Library/Application Support/Google/Chrome/Default/Extensions/nkbihfbeogaeaoehlefnkodbefgpgknn/12.23.1_0/images/icons/description.svg"
    ],
    "ultima_modificacion": "2025-08-01 01:01:35.704915"
  },
  "filter.svg": {
    "app_sintetizada": "FILTER.SVG",
    "cantidad_archivos": 1,
    "archivos_fuente": [
      "Library/Application Support/Google/Chrome/Default/Extensions/nkbihfbeogaeaoehlefnkodbefgpgknn/12.23.1_0/images/icons/filter.svg"
    ],
    "ultima_modificacion": "2025-08-01 01:01:35.705239"
  },
  "addcircle.svg": {
    "app_sintetizada": "ADDCIRCLE.SVG",
    "cantidad_archivos": 1,
    "archivos_fuente": [
      "Library/Application Support/Google/Chrome/Default/Extensions/nkbihfbeogaeaoehlefnkodbefgpgknn/12.23.1_0/images/icons/add-circle.svg"
    ],
    "ultima_modificacion": "2025-08-01 01:01:35.705570"
  },
  "arrow2right.svg": {
    "app_sintetizada": "ARROW2RIGHT.SVG",
    "cantidad_archivos": 1,
    "archivos_fuente": [
      "Library/Application Support/Google/Chrome/Default/Extensions/nkbihfbeogaeaoehlefnkodbefgpgknn/12.23.1_0/images/icons/arrow-2-right.svg"
    ],
    "ultima_modificacion": "2025-08-01 01:01:35.705889"
  },
  "customize.svg": {
    "app_sintetizada": "CUSTOMIZE.SVG",
    "cantidad_archivos": 1,
    "archivos_fuente": [
      "Library/Application Support/Google/Chrome/Default/Extensions/nkbihfbeogaeaoehlefnkodbefgpgknn/12.23.1_0/images/icons/customize.svg"
    ],
    "ultima_modificacion": "2025-08-01 01:01:35.706224"
  },
  "calendar.svg": {
    "app_sintetizada": "CALENDAR.SVG",
    "cantidad_archivos": 1,
    "archivos_fuente": [
      "Library/Application Support/Google/Chrome/Default/Extensions/nkbihfbeogaeaoehlefnkodbefgpgknn/12.23.1_0/images/icons/calendar.svg"
    ],
    "ultima_modificacion": "2025-08-01 01:01:35.706562"
  },
  "arrowleft.svg": {
    "app_sintetizada": "ARROWLEFT.SVG",
    "cantidad_archivos": 1,
    "archivos_fuente": [
      "Library/Application Support/Google/Chrome/Default/Extensions/nkbihfbeogaeaoehlefnkodbefgpgknn/12.23.1_0/images/icons/arrow-left.svg"
    ],
    "ultima_modificacion": "2025-08-01 01:01:35.706937"
  }
}