{
  "2a25f73694a6430bbb3ff219b54e56dd.thm": {
    "app_sintetizada": "2A25F73694A6430BBB3FF219B54E56DD.THM",
    "cantidad_archivos": 1,
    "archivos_fuente": [
      "Pictures/Fototeca de Fotos.photoslibrary/resources/derivatives/2/2A25F736-94A6-430B-BB3F-F219B54E56DD.THM"
    ],
    "ultima_modificacion": "2025-08-01 01:01:27.874713"
  },
  "2b7d0d61f24b48ce9cf53374b7d5736a1105c.jpeg": {
    "app_sintetizada": "2B7D0D61F24B48CE9CF53374B7D5736A1105C.JPEG",
    "cantidad_archivos": 1,
    "archivos_fuente": [
      "Pictures/Fototeca de Fotos.photoslibrary/resources/derivatives/2/2B7D0D61-F24B-48CE-9CF5-3374B7D5736A_1_105_c.jpeg"
    ],
    "ultima_modificacion": "2025-08-01 01:01:27.875242"
  },
  "289d14d285784f61a17a2232b26097781105c.jpeg": {
    "app_sintetizada": "289D14D285784F61A17A2232B26097781105C.JPEG",
    "cantidad_archivos": 1,
    "archivos_fuente": [
      "Pictures/Fototeca de Fotos.photoslibrary/resources/derivatives/2/289D14D2-8578-4F61-A17A-2232B2609778_1_105_c.jpeg"
    ],
    "ultima_modificacion": "2025-08-01 01:01:27.875723"
  },
  "2a2d0ed6af08430892239f446660cadc1105c.jpeg": {
    "app_sintetizada": "2A2D0ED6AF08430892239F446660CADC1105C.JPEG",
    "cantidad_archivos": 1,
    "archivos_fuente": [
      "Pictures/Fototeca de Fotos.photoslibrary/resources/derivatives/2/2A2D0ED6-AF08-4308-9223-9F446660CADC_1_105_c.jpeg"
    ],
    "ultima_modificacion": "2025-08-01 01:01:27.876742"
  },
  "2888905e2d4242a58e1381ef0c9913301105c.jpeg": {
    "app_sintetizada": "2888905E2D4242A58E1381EF0C9913301105C.JPEG",
    "cantidad_archivos": 1,
    "archivos_fuente": [
      "Pictures/Fototeca de Fotos.photoslibrary/resources/derivatives/2/2888905E-2D42-42A5-8E13-81EF0C991330_1_105_c.jpeg"
    ],
    "ultima_modificacion": "2025-08-01 01:01:27.877382"
  },
  "23f8c643a4814e828e3949834e973ee11105c.jpeg": {
    "app_sintetizada": "23F8C643A4814E828E3949834E973EE11105C.JPEG",
    "cantidad_archivos": 1,
    "archivos_fuente": [
      "Pictures/Fototeca de Fotos.photoslibrary/resources/derivatives/2/23F8C643-A481-4E82-8E39-49834E973EE1_1_105_c.jpeg"
    ],
    "ultima_modificacion": "2025-08-01 01:01:27.877777"
  },
  "24e2a9861967488d842b77306ce2ad0a1105c.jpeg": {
    "app_sintetizada": "24E2A9861967488D842B77306CE2AD0A1105C.JPEG",
    "cantidad_archivos": 1,
    "archivos_fuente": [
      "Pictures/Fototeca de Fotos.photoslibrary/resources/derivatives/2/24E2A986-1967-488D-842B-77306CE2AD0A_1_105_c.jpeg"
    ],
    "ultima_modificacion": "2025-08-01 01:01:27.878192"
  },
  "29f3e97d9a154ded8522cd3ad7e762fb1105c.jpeg": {
    "app_sintetizada": "29F3E97D9A154DED8522CD3AD7E762FB1105C.JPEG",
    "cantidad_archivos": 1,
    "archivos_fuente": [
      "Pictures/Fototeca de Fotos.photoslibrary/resources/derivatives/2/29F3E97D-9A15-4DED-8522-CD3AD7E762FB_1_105_c.jpeg"
    ],
    "ultima_modificacion": "2025-08-01 01:01:27.878894"
  },
  "2e19f526ed0643dab5ff2b21360cc2861105c.jpeg": {
    "app_sintetizada": "2E19F526ED0643DAB5FF2B21360CC2861105C.JPEG",
    "cantidad_archivos": 1,
    "archivos_fuente": [
      "Pictures/Fototeca de Fotos.photoslibrary/resources/derivatives/2/2E19F526-ED06-43DA-B5FF-2B21360CC286_1_105_c.jpeg"
    ],
    "ultima_modificacion": "2025-08-01 01:01:27.879428"
  },
  "225e42e0dc304d0a94fcc120adf8a10a1105c.jpeg": {
    "app_sintetizada": "225E42E0DC304D0A94FCC120ADF8A10A1105C.JPEG",
    "cantidad_archivos": 1,
    "archivos_fuente": [
      "Pictures/Fototeca de Fotos.photoslibrary/resources/derivatives/2/225E42E0-DC30-4D0A-94FC-C120ADF8A10A_1_105_c.jpeg"
    ],
    "ultima_modificacion": "2025-08-01 01:01:27.879873"
  },
  "2cff99b13f224d7ab8ece4e101001f1c1105c.jpeg": {
    "app_sintetizada": "2CFF99B13F224D7AB8ECE4E101001F1C1105C.JPEG",
    "cantidad_archivos": 1,
    "archivos_fuente": [
      "Pictures/Fototeca de Fotos.photoslibrary/resources/derivatives/2/2CFF99B1-3F22-4D7A-B8EC-E4E101001F1C_1_105_c.jpeg"
    ],
    "ultima_modificacion": "2025-08-01 01:01:27.880426"
  },
  "2250a18c10e245978091c20306662ce21105c.jpeg": {
    "app_sintetizada": "2250A18C10E245978091C20306662CE21105C.JPEG",
    "cantidad_archivos": 1,
    "archivos_fuente": [
      "Pictures/Fototeca de Fotos.photoslibrary/resources/derivatives/2/2250A18C-10E2-4597-8091-C20306662CE2_1_105_c.jpeg"
    ],
    "ultima_modificacion": "2025-08-01 01:01:27.880820"
  },
  "2e0dc5f960c54ffd8f66642f9aceac901105c.jpeg": {
    "app_sintetizada": "2E0DC5F960C54FFD8F66642F9ACEAC901105C.JPEG",
    "cantidad_archivos": 1,
    "archivos_fuente": [
      "Pictures/Fototeca de Fotos.photoslibrary/resources/derivatives/2/2E0DC5F9-60C5-4FFD-8F66-642F9ACEAC90_1_105_c.jpeg"
    ],
    "ultima_modificacion": "2025-08-01 01:01:27.881392"
  },
  "28dc328ad5f44dea9e1e3ea59252deee1105c.jpeg": {
    "app_sintetizada": "28DC328AD5F44DEA9E1E3EA59252DEEE1105C.JPEG",
    "cantidad_archivos": 1,
    "archivos_fuente": [
      "Pictures/Fototeca de Fotos.photoslibrary/resources/derivatives/2/28DC328A-D5F4-4DEA-9E1E-3EA59252DEEE_1_105_c.jpeg"
    ],
    "ultima_modificacion": "2025-08-01 01:01:27.881905"
  },
  "2fce7bda7a6a474db6120a10629391881105c.jpeg": {
    "app_sintetizada": "2FCE7BDA7A6A474DB6120A10629391881105C.JPEG",
    "cantidad_archivos": 1,
    "archivos_fuente": [
      "Pictures/Fototeca de Fotos.photoslibrary/resources/derivatives/2/2FCE7BDA-7A6A-474D-B612-0A1062939188_1_105_c.jpeg"
    ],
    "ultima_modificacion": "2025-08-01 01:01:27.882994"
  },
  "28e3c1dbaf8f4104ac1b21b1b1292dde1105c.jpeg": {
    "app_sintetizada": "28E3C1DBAF8F4104AC1B21B1B1292DDE1105C.JPEG",
    "cantidad_archivos": 1,
    "archivos_fuente": [
      "Pictures/Fototeca de Fotos.photoslibrary/resources/derivatives/2/28E3C1DB-AF8F-4104-AC1B-21B1B1292DDE_1_105_c.jpeg"
    ],
    "ultima_modificacion": "2025-08-01 01:01:27.883484"
  },
  "25e7e4457709400c95d0494405e292da1105c.jpeg": {
    "app_sintetizada": "25E7E4457709400C95D0494405E292DA1105C.JPEG",
    "cantidad_archivos": 1,
    "archivos_fuente": [
      "Pictures/Fototeca de Fotos.photoslibrary/resources/derivatives/2/25E7E445-7709-400C-95D0-494405E292DA_1_105_c.jpeg"
    ],
    "ultima_modificacion": "2025-08-01 01:01:27.884161"
  },
  "22b341cf5240480e981e098f338eba711105c.jpeg": {
    "app_sintetizada": "22B341CF5240480E981E098F338EBA711105C.JPEG",
    "cantidad_archivos": 1,
    "archivos_fuente": [
      "Pictures/Fototeca de Fotos.photoslibrary/resources/derivatives/2/22B341CF-5240-480E-981E-098F338EBA71_1_105_c.jpeg"
    ],
    "ultima_modificacion": "2025-08-01 01:01:27.884622"
  },
  "26d8e912a2b24bb189e08515a6e009df1105c.jpeg": {
    "app_sintetizada": "26D8E912A2B24BB189E08515A6E009DF1105C.JPEG",
    "cantidad_archivos": 1,
    "archivos_fuente": [
      "Pictures/Fototeca de Fotos.photoslibrary/resources/derivatives/2/26D8E912-A2B2-4BB1-89E0-8515A6E009DF_1_105_c.jpeg"
    ],
    "ultima_modificacion": "2025-08-01 01:01:27.884947"
  },
  "2a0981a639cd4c799c7a8b1e4c3603e11105c.jpeg": {
    "app_sintetizada": "2A0981A639CD4C799C7A8B1E4C3603E11105C.JPEG",
    "cantidad_archivos": 1,
    "archivos_fuente": [
      "Pictures/Fototeca de Fotos.photoslibrary/resources/derivatives/2/2A0981A6-39CD-4C79-9C7A-8B1E4C3603E1_1_105_c.jpeg"
    ],
    "ultima_modificacion": "2025-08-01 01:01:27.885297"
  },
  "285cadfc0622424cbde6e3fe69860b401105c.jpeg": {
    "app_sintetizada": "285CADFC0622424CBDE6E3FE69860B401105C.JPEG",
    "cantidad_archivos": 1,
    "archivos_fuente": [
      "Pictures/Fototeca de Fotos.photoslibrary/resources/derivatives/2/285CADFC-0622-424C-BDE6-E3FE69860B40_1_105_c.jpeg"
    ],
    "ultima_modificacion": "2025-08-01 01:01:27.885722"
  },
  "2a626feb36c94679b75fb69d67bc49c11105c.jpeg": {
    "app_sintetizada": "2A626FEB36C94679B75FB69D67BC49C11105C.JPEG",
    "cantidad_archivos": 1,
    "archivos_fuente": [
      "Pictures/Fototeca de Fotos.photoslibrary/resources/derivatives/2/2A626FEB-36C9-4679-B75F-B69D67BC49C1_1_105_c.jpeg"
    ],
    "ultima_modificacion": "2025-08-01 01:01:27.886146"
  },
  "2b621aea768544e49cd7c7046c2a2bcf1105c.jpeg": {
    "app_sintetizada": "2B621AEA768544E49CD7C7046C2A2BCF1105C.JPEG",
    "cantidad_archivos": 1,
    "archivos_fuente": [
      "Pictures/Fototeca de Fotos.photoslibrary/resources/derivatives/2/2B621AEA-7685-44E4-9CD7-C7046C2A2BCF_1_105_c.jpeg"
    ],
    "ultima_modificacion": "2025-08-01 01:01:27.886583"
  },
  "2d96085a28ef459a8cb0dd3b34abd1321105c.jpeg": {
    "app_sintetizada": "2D96085A28EF459A8CB0DD3B34ABD1321105C.JPEG",
    "cantidad_archivos": 1,
    "archivos_fuente": [
      "Pictures/Fototeca de Fotos.photoslibrary/resources/derivatives/2/2D96085A-28EF-459A-8CB0-DD3B34ABD132_1_105_c.jpeg"
    ],
    "ultima_modificacion": "2025-08-01 01:01:27.886988"
  },
  "232d19280bb34edea6c4978d419f7fc91105c.jpeg": {
    "app_sintetizada": "232D19280BB34EDEA6C4978D419F7FC91105C.JPEG",
    "cantidad_archivos": 1,
    "archivos_fuente": [
      "Pictures/Fototeca de Fotos.photoslibrary/resources/derivatives/2/232D1928-0BB3-4EDE-A6C4-978D419F7FC9_1_105_c.jpeg"
    ],
    "ultima_modificacion": "2025-08-01 01:01:27.887331"
  },
  "2643b690d4e14e5fbf89b4999843d8ac1105c.jpeg": {
    "app_sintetizada": "2643B690D4E14E5FBF89B4999843D8AC1105C.JPEG",
    "cantidad_archivos": 1,
    "archivos_fuente": [
      "Pictures/Fototeca de Fotos.photoslibrary/resources/derivatives/2/2643B690-D4E1-4E5F-BF89-B4999843D8AC_1_105_c.jpeg"
    ],
    "ultima_modificacion": "2025-08-01 01:01:27.887665"
  },
  "2dc268403f8d41cda4b8b813a6e1f0f41105c.jpeg": {
    "app_sintetizada": "2DC268403F8D41CDA4B8B813A6E1F0F41105C.JPEG",
    "cantidad_archivos": 1,
    "archivos_fuente": [
      "Pictures/Fototeca de Fotos.photoslibrary/resources/derivatives/2/2DC26840-3F8D-41CD-A4B8-B813A6E1F0F4_1_105_c.jpeg"
    ],
    "ultima_modificacion": "2025-08-01 01:01:27.888036"
  },
  "26d87180dcac4ad9befce75c92590bd21105c.jpeg": {
    "app_sintetizada": "26D87180DCAC4AD9BEFCE75C92590BD21105C.JPEG",
    "cantidad_archivos": 1,
    "archivos_fuente": [
      "Pictures/Fototeca de Fotos.photoslibrary/resources/derivatives/2/26D87180-DCAC-4AD9-BEFC-E75C92590BD2_1_105_c.jpeg"
    ],
    "ultima_modificacion": "2025-08-01 01:01:27.888394"
  },
  "2436e7ec584d4c339904c50e5c82ec0f1102o.jpeg": {
    "app_sintetizada": "2436E7EC584D4C339904C50E5C82EC0F1102O.JPEG",
    "cantidad_archivos": 1,
    "archivos_fuente": [
      "Pictures/Fototeca de Fotos.photoslibrary/resources/derivatives/2/2436E7EC-584D-4C33-9904-C50E5C82EC0F_1_102_o.jpeg"
    ],
    "ultima_modificacion": "2025-08-01 01:01:27.888735"
  },
  "24831330dc5c44089e8cc90d7186be971105c.jpeg": {
    "app_sintetizada": "24831330DC5C44089E8CC90D7186BE971105C.JPEG",
    "cantidad_archivos": 1,
    "archivos_fuente": [
      "Pictures/Fototeca de Fotos.photoslibrary/resources/derivatives/2/24831330-DC5C-4408-9E8C-C90D7186BE97_1_105_c.jpeg"
    ],
    "ultima_modificacion": "2025-08-01 01:01:27.889131"
  },
  "207836b3fd774750bba0bdb21ad3711f1105c.jpeg": {
    "app_sintetizada": "207836B3FD774750BBA0BDB21AD3711F1105C.JPEG",
    "cantidad_archivos": 1,
    "archivos_fuente": [
      "Pictures/Fototeca de Fotos.photoslibrary/resources/derivatives/2/207836B3-FD77-4750-BBA0-BDB21AD3711F_1_105_c.jpeg"
    ],
    "ultima_modificacion": "2025-08-01 01:01:27.889483"
  },
  "21ce027cd8f94698bee608d6c55b7bbd1105c.jpeg": {
    "app_sintetizada": "21CE027CD8F94698BEE608D6C55B7BBD1105C.JPEG",
    "cantidad_archivos": 1,
    "archivos_fuente": [
      "Pictures/Fototeca de Fotos.photoslibrary/resources/derivatives/2/21CE027C-D8F9-4698-BEE6-08D6C55B7BBD_1_105_c.jpeg"
    ],
    "ultima_modificacion": "2025-08-01 01:01:27.889821"
  },
  "2cde83e0a695433ba952f8fefe6b74b81105c.jpeg": {
    "app_sintetizada": "2CDE83E0A695433BA952F8FEFE6B74B81105C.JPEG",
    "cantidad_archivos": 1,
    "archivos_fuente": [
      "Pictures/Fototeca de Fotos.photoslibrary/resources/derivatives/2/2CDE83E0-A695-433B-A952-F8FEFE6B74B8_1_105_c.jpeg"
    ],
    "ultima_modificacion": "2025-08-01 01:01:27.890139"
  },
  "2b78cc0dded94a009553b97a6897c7811105c.jpeg": {
    "app_sintetizada": "2B78CC0DDED94A009553B97A6897C7811105C.JPEG",
    "cantidad_archivos": 1,
    "archivos_fuente": [
      "Pictures/Fototeca de Fotos.photoslibrary/resources/derivatives/2/2B78CC0D-DED9-4A00-9553-B97A6897C781_1_105_c.jpeg"
    ],
    "ultima_modificacion": "2025-08-01 01:01:27.890447"
  },
  "232691622fce49a589828f811b3d03411105c.jpeg": {
    "app_sintetizada": "232691622FCE49A589828F811B3D03411105C.JPEG",
    "cantidad_archivos": 1,
    "archivos_fuente": [
      "Pictures/Fototeca de Fotos.photoslibrary/resources/derivatives/2/23269162-2FCE-49A5-8982-8F811B3D0341_1_105_c.jpeg"
    ],
    "ultima_modificacion": "2025-08-01 01:01:27.890774"
  },
  "224b000f097a4f8facccc8d5bc042d9e1105c.jpeg": {
    "app_sintetizada": "224B000F097A4F8FACCCC8D5BC042D9E1105C.JPEG",
    "cantidad_archivos": 1,
    "archivos_fuente": [
      "Pictures/Fototeca de Fotos.photoslibrary/resources/derivatives/2/224B000F-097A-4F8F-ACCC-C8D5BC042D9E_1_105_c.jpeg"
    ],
    "ultima_modificacion": "2025-08-01 01:01:27.891095"
  },
  "2aecfdba715f408ea4bebdae2b01e5881105c.jpeg": {
    "app_sintetizada": "2AECFDBA715F408EA4BEBDAE2B01E5881105C.JPEG",
    "cantidad_archivos": 1,
    "archivos_fuente": [
      "Pictures/Fototeca de Fotos.photoslibrary/resources/derivatives/2/2AECFDBA-715F-408E-A4BE-BDAE2B01E588_1_105_c.jpeg"
    ],
    "ultima_modificacion": "2025-08-01 01:01:27.891447"
  },
  "28e51d7406be4f2c814f1deff1616ce41105c.jpeg": {
    "app_sintetizada": "28E51D7406BE4F2C814F1DEFF1616CE41105C.JPEG",
    "cantidad_archivos": 1,
    "archivos_fuente": [
      "Pictures/Fototeca de Fotos.photoslibrary/resources/derivatives/2/28E51D74-06BE-4F2C-814F-1DEFF1616CE4_1_105_c.jpeg"
    ],
    "ultima_modificacion": "2025-08-01 01:01:27.891836"
  },
  "2bd07a9737464b45b1f251b724d646de1105c.jpeg": {
    "app_sintetizada": "2BD07A9737464B45B1F251B724D646DE1105C.JPEG",
    "cantidad_archivos": 1,
    "archivos_fuente": [
      "Pictures/Fototeca de Fotos.photoslibrary/resources/derivatives/2/2BD07A97-3746-4B45-B1F2-51B724D646DE_1_105_c.jpeg"
    ],
    "ultima_modificacion": "2025-08-01 01:01:27.892278"
  },
  "2e461033f05d469397e5b61fd31246bf.thm": {
    "app_sintetizada": "2E461033F05D469397E5B61FD31246BF.THM",
    "cantidad_archivos": 1,
    "archivos_fuente": [
      "Pictures/Fototeca de Fotos.photoslibrary/resources/derivatives/2/2E461033-F05D-4693-97E5-B61FD31246BF.THM"
    ],
    "ultima_modificacion": "2025-08-01 01:01:27.892661"
  },
  "24bbcecc15584cea86c0503cbcbaa0c51105c.jpeg": {
    "app_sintetizada": "24BBCECC15584CEA86C0503CBCBAA0C51105C.JPEG",
    "cantidad_archivos": 1,
    "archivos_fuente": [
      "Pictures/Fototeca de Fotos.photoslibrary/resources/derivatives/2/24BBCECC-1558-4CEA-86C0-503CBCBAA0C5_1_105_c.jpeg"
    ],
    "ultima_modificacion": "2025-08-01 01:01:27.893003"
  },
  "2d0dcb9cc9d1440bacecf53a313e3a5d1105c.jpeg": {
    "app_sintetizada": "2D0DCB9CC9D1440BACECF53A313E3A5D1105C.JPEG",
    "cantidad_archivos": 1,
    "archivos_fuente": [
      "Pictures/Fototeca de Fotos.photoslibrary/resources/derivatives/2/2D0DCB9C-C9D1-440B-ACEC-F53A313E3A5D_1_105_c.jpeg"
    ],
    "ultima_modificacion": "2025-08-01 01:01:27.893348"
  },
  "219089295caa4eb8b2aa571a43751d351105c.jpeg": {
    "app_sintetizada": "219089295CAA4EB8B2AA571A43751D351105C.JPEG",
    "cantidad_archivos": 1,
    "archivos_fuente": [
      "Pictures/Fototeca de Fotos.photoslibrary/resources/derivatives/2/21908929-5CAA-4EB8-B2AA-571A43751D35_1_105_c.jpeg"
    ],
    "ultima_modificacion": "2025-08-01 01:01:27.893678"
  },
  "24e25935ca2b4a46a0086e9790fffa2d1105c.jpeg": {
    "app_sintetizada": "24E25935CA2B4A46A0086E9790FFFA2D1105C.JPEG",
    "cantidad_archivos": 1,
    "archivos_fuente": [
      "Pictures/Fototeca de Fotos.photoslibrary/resources/derivatives/2/24E25935-CA2B-4A46-A008-6E9790FFFA2D_1_105_c.jpeg"
    ],
    "ultima_modificacion": "2025-08-01 01:01:27.894015"
  },
  "20fedcbb2011490990459101a89cb1c91105c.jpeg": {
    "app_sintetizada": "20FEDCBB2011490990459101A89CB1C91105C.JPEG",
    "cantidad_archivos": 1,
    "archivos_fuente": [
      "Pictures/Fototeca de Fotos.photoslibrary/resources/derivatives/2/20FEDCBB-2011-4909-9045-9101A89CB1C9_1_105_c.jpeg"
    ],
    "ultima_modificacion": "2025-08-01 01:01:27.894362"
  },
  "23afed384545408c9e5b8a7fd83ffd541105c.jpeg": {
    "app_sintetizada": "23AFED384545408C9E5B8A7FD83FFD541105C.JPEG",
    "cantidad_archivos": 1,
    "archivos_fuente": [
      "Pictures/Fototeca de Fotos.photoslibrary/resources/derivatives/2/23AFED38-4545-408C-9E5B-8A7FD83FFD54_1_105_c.jpeg"
    ],
    "ultima_modificacion": "2025-08-01 01:01:27.894705"
  },
  "2b56e4d27997493a8a437d42078f9adc1105c.jpeg": {
    "app_sintetizada": "2B56E4D27997493A8A437D42078F9ADC1105C.JPEG",
    "cantidad_archivos": 1,
    "archivos_fuente": [
      "Pictures/Fototeca de Fotos.photoslibrary/resources/derivatives/2/2B56E4D2-7997-493A-8A43-7D42078F9ADC_1_105_c.jpeg"
    ],
    "ultima_modificacion": "2025-08-01 01:01:27.895099"
  },
  "22a5b14e7a0942d791ceb28e80dd75811105c.jpeg": {
    "app_sintetizada": "22A5B14E7A0942D791CEB28E80DD75811105C.JPEG",
    "cantidad_archivos": 1,
    "archivos_fuente": [
      "Pictures/Fototeca de Fotos.photoslibrary/resources/derivatives/2/22A5B14E-7A09-42D7-91CE-B28E80DD7581_1_105_c.jpeg"
    ],
    "ultima_modificacion": "2025-08-01 01:01:27.895453"
  },
  "2fa6fedc53ca43a5add4065eb03132f31105c.jpeg": {
    "app_sintetizada": "2FA6FEDC53CA43A5ADD4065EB03132F31105C.JPEG",
    "cantidad_archivos": 1,
    "archivos_fuente": [
      "Pictures/Fototeca de Fotos.photoslibrary/resources/derivatives/2/2FA6FEDC-53CA-43A5-ADD4-065EB03132F3_1_105_c.jpeg"
    ],
    "ultima_modificacion": "2025-08-01 01:01:27.895819"
  },
  "24f1081925844dbf83befcdc5be180c31105c.jpeg": {
    "app_sintetizada": "24F1081925844DBF83BEFCDC5BE180C31105C.JPEG",
    "cantidad_archivos": 1,
    "archivos_fuente": [
      "Pictures/Fototeca de Fotos.photoslibrary/resources/derivatives/2/24F10819-2584-4DBF-83BE-FCDC5BE180C3_1_105_c.jpeg"
    ],
    "ultima_modificacion": "2025-08-01 01:01:27.896172"
  },
  "2656108805654800bb4ef0bbe574238a1105c.jpeg": {
    "app_sintetizada": "2656108805654800BB4EF0BBE574238A1105C.JPEG",
    "cantidad_archivos": 1,
    "archivos_fuente": [
      "Pictures/Fototeca de Fotos.photoslibrary/resources/derivatives/2/26561088-0565-4800-BB4E-F0BBE574238A_1_105_c.jpeg"
    ],
    "ultima_modificacion": "2025-08-01 01:01:27.896523"
  },
  "2834f4836805434f968cca7c8e2c91801105c.jpeg": {
    "app_sintetizada": "2834F4836805434F968CCA7C8E2C91801105C.JPEG",
    "cantidad_archivos": 1,
    "archivos_fuente": [
      "Pictures/Fototeca de Fotos.photoslibrary/resources/derivatives/2/2834F483-6805-434F-968C-CA7C8E2C9180_1_105_c.jpeg"
    ],
    "ultima_modificacion": "2025-08-01 01:01:27.896876"
  },
  "2ccbcac8e52349bab99b74f98291f8211102o.jpeg": {
    "app_sintetizada": "2CCBCAC8E52349BAB99B74F98291F8211102O.JPEG",
    "cantidad_archivos": 1,
    "archivos_fuente": [
      "Pictures/Fototeca de Fotos.photoslibrary/resources/derivatives/2/2CCBCAC8-E523-49BA-B99B-74F98291F821_1_102_o.jpeg"
    ],
    "ultima_modificacion": "2025-08-01 01:01:27.897229"
  },
  "2df8dc8d45304e6189603cf98386a55d1105c.jpeg": {
    "app_sintetizada": "2DF8DC8D45304E6189603CF98386A55D1105C.JPEG",
    "cantidad_archivos": 1,
    "archivos_fuente": [
      "Pictures/Fototeca de Fotos.photoslibrary/resources/derivatives/2/2DF8DC8D-4530-4E61-8960-3CF98386A55D_1_105_c.jpeg"
    ],
    "ultima_modificacion": "2025-08-01 01:01:27.897602"
  },
  "25316d617c174ea097060110a32c339f1105c.jpeg": {
    "app_sintetizada": "25316D617C174EA097060110A32C339F1105C.JPEG",
    "cantidad_archivos": 1,
    "archivos_fuente": [
      "Pictures/Fototeca de Fotos.photoslibrary/resources/derivatives/2/25316D61-7C17-4EA0-9706-0110A32C339F_1_105_c.jpeg"
    ],
    "ultima_modificacion": "2025-08-01 01:01:27.897981"
  },
  "2401c75af3cc489b84aa2bbb00443a94.thm": {
    "app_sintetizada": "2401C75AF3CC489B84AA2BBB00443A94.THM",
    "cantidad_archivos": 1,
    "archivos_fuente": [
      "Pictures/Fototeca de Fotos.photoslibrary/resources/derivatives/2/2401C75A-F3CC-489B-84AA-2BBB00443A94.THM"
    ],
    "ultima_modificacion": "2025-08-01 01:01:27.898375"
  },
  "20f4d7a772bf462aadfea5288a193c0c.thm": {
    "app_sintetizada": "20F4D7A772BF462AADFEA5288A193C0C.THM",
    "cantidad_archivos": 1,
    "archivos_fuente": [
      "Pictures/Fototeca de Fotos.photoslibrary/resources/derivatives/2/20F4D7A7-72BF-462A-ADFE-A5288A193C0C.THM"
    ],
    "ultima_modificacion": "2025-08-01 01:01:27.898736"
  },
  "2704a529882d4df19110f7be55feeb7b1105c.jpeg": {
    "app_sintetizada": "2704A529882D4DF19110F7BE55FEEB7B1105C.JPEG",
    "cantidad_archivos": 1,
    "archivos_fuente": [
      "Pictures/Fototeca de Fotos.photoslibrary/resources/derivatives/2/2704A529-882D-4DF1-9110-F7BE55FEEB7B_1_105_c.jpeg"
    ],
    "ultima_modificacion": "2025-08-01 01:01:27.899101"
  },
  "221f176740e44e6db90b9359a46773331105c.jpeg": {
    "app_sintetizada": "221F176740E44E6DB90B9359A46773331105C.JPEG",
    "cantidad_archivos": 1,
    "archivos_fuente": [
      "Pictures/Fototeca de Fotos.photoslibrary/resources/derivatives/2/221F1767-40E4-4E6D-B90B-9359A4677333_1_105_c.jpeg"
    ],
    "ultima_modificacion": "2025-08-01 01:01:27.899459"
  },
  "2df4b0d1755a4a2e8ae1ee4095088e5f1105c.jpeg": {
    "app_sintetizada": "2DF4B0D1755A4A2E8AE1EE4095088E5F1105C.JPEG",
    "cantidad_archivos": 1,
    "archivos_fuente": [
      "Pictures/Fototeca de Fotos.photoslibrary/resources/derivatives/2/2DF4B0D1-755A-4A2E-8AE1-EE4095088E5F_1_105_c.jpeg"
    ],
    "ultima_modificacion": "2025-08-01 01:01:27.899815"
  },
  "28653221f85d488cb0acb4de78d85cea1105c.jpeg": {
    "app_sintetizada": "28653221F85D488CB0ACB4DE78D85CEA1105C.JPEG",
    "cantidad_archivos": 1,
    "archivos_fuente": [
      "Pictures/Fototeca de Fotos.photoslibrary/resources/derivatives/2/28653221-F85D-488C-B0AC-B4DE78D85CEA_1_105_c.jpeg"
    ],
    "ultima_modificacion": "2025-08-01 01:01:27.900179"
  },
  "2eb4347f52dd40de8a370956c4d311b71105c.jpeg": {
    "app_sintetizada": "2EB4347F52DD40DE8A370956C4D311B71105C.JPEG",
    "cantidad_archivos": 1,
    "archivos_fuente": [
      "Pictures/Fototeca de Fotos.photoslibrary/resources/derivatives/2/2EB4347F-52DD-40DE-8A37-0956C4D311B7_1_105_c.jpeg"
    ],
    "ultima_modificacion": "2025-08-01 01:01:27.900520"
  },
  "219429f4e6344db4b80efede5b3139881105c.jpeg": {
    "app_sintetizada": "219429F4E6344DB4B80EFEDE5B3139881105C.JPEG",
    "cantidad_archivos": 1,
    "archivos_fuente": [
      "Pictures/Fototeca de Fotos.photoslibrary/resources/derivatives/2/219429F4-E634-4DB4-B80E-FEDE5B313988_1_105_c.jpeg"
    ],
    "ultima_modificacion": "2025-08-01 01:01:27.900883"
  },
  "239e68b7587f41c4ab5007c0809f70011105c.jpeg": {
    "app_sintetizada": "239E68B7587F41C4AB5007C0809F70011105C.JPEG",
    "cantidad_archivos": 1,
    "archivos_fuente": [
      "Pictures/Fototeca de Fotos.photoslibrary/resources/derivatives/2/239E68B7-587F-41C4-AB50-07C0809F7001_1_105_c.jpeg"
    ],
    "ultima_modificacion": "2025-08-01 01:01:27.901280"
  },
  "2ef2195305c74f0796bd688c946754371105c.jpeg": {
    "app_sintetizada": "2EF2195305C74F0796BD688C946754371105C.JPEG",
    "cantidad_archivos": 1,
    "archivos_fuente": [
      "Pictures/Fototeca de Fotos.photoslibrary/resources/derivatives/2/2EF21953-05C7-4F07-96BD-688C94675437_1_105_c.jpeg"
    ],
    "ultima_modificacion": "2025-08-01 01:01:27.901664"
  },
  "29229220d9fd40f1b445f57b4cfb6d271105c.jpeg": {
    "app_sintetizada": "29229220D9FD40F1B445F57B4CFB6D271105C.JPEG",
    "cantidad_archivos": 1,
    "archivos_fuente": [
      "Pictures/Fototeca de Fotos.photoslibrary/resources/derivatives/2/29229220-D9FD-40F1-B445-F57B4CFB6D27_1_105_c.jpeg"
    ],
    "ultima_modificacion": "2025-08-01 01:01:27.902023"
  },
  "295dd860660e4d34957427e9914bccdb1105c.jpeg": {
    "app_sintetizada": "295DD860660E4D34957427E9914BCCDB1105C.JPEG",
    "cantidad_archivos": 1,
    "archivos_fuente": [
      "Pictures/Fototeca de Fotos.photoslibrary/resources/derivatives/2/295DD860-660E-4D34-9574-27E9914BCCDB_1_105_c.jpeg"
    ],
    "ultima_modificacion": "2025-08-01 01:01:27.902420"
  },
  "24a950476f4c4b59990602d87a9674611105c.jpeg": {
    "app_sintetizada": "24A950476F4C4B59990602D87A9674611105C.JPEG",
    "cantidad_archivos": 1,
    "archivos_fuente": [
      "Pictures/Fototeca de Fotos.photoslibrary/resources/derivatives/2/24A95047-6F4C-4B59-9906-02D87A967461_1_105_c.jpeg"
    ],
    "ultima_modificacion": "2025-08-01 01:01:27.902798"
  },
  "217854f6add645c49e0d73eb2a3e36411105c.jpeg": {
    "app_sintetizada": "217854F6ADD645C49E0D73EB2A3E36411105C.JPEG",
    "cantidad_archivos": 1,
    "archivos_fuente": [
      "Pictures/Fototeca de Fotos.photoslibrary/resources/derivatives/2/217854F6-ADD6-45C4-9E0D-73EB2A3E3641_1_105_c.jpeg"
    ],
    "ultima_modificacion": "2025-08-01 01:01:27.903171"
  },
  "23fe8cce1f9f4c718d846a2d5bf8ffd01105c.jpeg": {
    "app_sintetizada": "23FE8CCE1F9F4C718D846A2D5BF8FFD01105C.JPEG",
    "cantidad_archivos": 1,
    "archivos_fuente": [
      "Pictures/Fototeca de Fotos.photoslibrary/resources/derivatives/2/23FE8CCE-1F9F-4C71-8D84-6A2D5BF8FFD0_1_105_c.jpeg"
    ],
    "ultima_modificacion": "2025-08-01 01:01:27.903510"
  },
  "202639612fa44f1b98c52adad6c30fa41105c.jpeg": {
    "app_sintetizada": "202639612FA44F1B98C52ADAD6C30FA41105C.JPEG",
    "cantidad_archivos": 1,
    "archivos_fuente": [
      "Pictures/Fototeca de Fotos.photoslibrary/resources/derivatives/2/20263961-2FA4-4F1B-98C5-2ADAD6C30FA4_1_105_c.jpeg"
    ],
    "ultima_modificacion": "2025-08-01 01:01:27.903883"
  },
  "261409858039457289c068d79b4310fd.thm": {
    "app_sintetizada": "261409858039457289C068D79B4310FD.THM",
    "cantidad_archivos": 1,
    "archivos_fuente": [
      "Pictures/Fototeca de Fotos.photoslibrary/resources/derivatives/2/26140985-8039-4572-89C0-68D79B4310FD.THM"
    ],
    "ultima_modificacion": "2025-08-01 01:01:27.904231"
  },
  "214a03b63dcc46728aa470ac417280bc1105c.jpeg": {
    "app_sintetizada": "214A03B63DCC46728AA470AC417280BC1105C.JPEG",
    "cantidad_archivos": 1,
    "archivos_fuente": [
      "Pictures/Fototeca de Fotos.photoslibrary/resources/derivatives/2/214A03B6-3DCC-4672-8AA4-70AC417280BC_1_105_c.jpeg"
    ],
    "ultima_modificacion": "2025-08-01 01:01:27.904589"
  },
  "25da0fe86e7848d68b7a4d015daf17241105c.jpeg": {
    "app_sintetizada": "25DA0FE86E7848D68B7A4D015DAF17241105C.JPEG",
    "cantidad_archivos": 1,
    "archivos_fuente": [
      "Pictures/Fototeca de Fotos.photoslibrary/resources/derivatives/2/25DA0FE8-6E78-48D6-8B7A-4D015DAF1724_1_105_c.jpeg"
    ],
    "ultima_modificacion": "2025-08-01 01:01:27.904960"
  },
  "22de43c5a4e749ff94aeeadefc3047291105c.jpeg": {
    "app_sintetizada": "22DE43C5A4E749FF94AEEADEFC3047291105C.JPEG",
    "cantidad_archivos": 1,
    "archivos_fuente": [
      "Pictures/Fototeca de Fotos.photoslibrary/resources/derivatives/2/22DE43C5-A4E7-49FF-94AE-EADEFC304729_1_105_c.jpeg"
    ],
    "ultima_modificacion": "2025-08-01 01:01:27.905303"
  },
  "2b80f80ffe914159b428946f325197841105c.jpeg": {
    "app_sintetizada": "2B80F80FFE914159B428946F325197841105C.JPEG",
    "cantidad_archivos": 1,
    "archivos_fuente": [
      "Pictures/Fototeca de Fotos.photoslibrary/resources/derivatives/2/2B80F80F-FE91-4159-B428-946F32519784_1_105_c.jpeg"
    ],
    "ultima_modificacion": "2025-08-01 01:01:27.905663"
  },
  "2f083edbd9344af8a6b4a5efdebc648a1105c.jpeg": {
    "app_sintetizada": "2F083EDBD9344AF8A6B4A5EFDEBC648A1105C.JPEG",
    "cantidad_archivos": 1,
    "archivos_fuente": [
      "Pictures/Fototeca de Fotos.photoslibrary/resources/derivatives/2/2F083EDB-D934-4AF8-A6B4-A5EFDEBC648A_1_105_c.jpeg"
    ],
    "ultima_modificacion": "2025-08-01 01:01:27.906001"
  },
  "235129bcf0554e3e97968d279ffe45161105c.jpeg": {
    "app_sintetizada": "235129BCF0554E3E97968D279FFE45161105C.JPEG",
    "cantidad_archivos": 1,
    "archivos_fuente": [
      "Pictures/Fototeca de Fotos.photoslibrary/resources/derivatives/2/235129BC-F055-4E3E-9796-8D279FFE4516_1_105_c.jpeg"
    ],
    "ultima_modificacion": "2025-08-01 01:01:27.906356"
  },
  "2591afbf856f4ec3b924ebf191e635b71105c.jpeg": {
    "app_sintetizada": "2591AFBF856F4EC3B924EBF191E635B71105C.JPEG",
    "cantidad_archivos": 1,
    "archivos_fuente": [
      "Pictures/Fototeca de Fotos.photoslibrary/resources/derivatives/2/2591AFBF-856F-4EC3-B924-EBF191E635B7_1_105_c.jpeg"
    ],
    "ultima_modificacion": "2025-08-01 01:01:27.906699"
  },
  "22cb20eff9f240a286199993d6413b411105c.jpeg": {
    "app_sintetizada": "22CB20EFF9F240A286199993D6413B411105C.JPEG",
    "cantidad_archivos": 1,
    "archivos_fuente": [
      "Pictures/Fototeca de Fotos.photoslibrary/resources/derivatives/2/22CB20EF-F9F2-40A2-8619-9993D6413B41_1_105_c.jpeg"
    ],
    "ultima_modificacion": "2025-08-01 01:01:27.907049"
  },
  "2f8b17a8203a4bb29346f8a17d15fe3e1105c.jpeg": {
    "app_sintetizada": "2F8B17A8203A4BB29346F8A17D15FE3E1105C.JPEG",
    "cantidad_archivos": 1,
    "archivos_fuente": [
      "Pictures/Fototeca de Fotos.photoslibrary/resources/derivatives/2/2F8B17A8-203A-4BB2-9346-F8A17D15FE3E_1_105_c.jpeg"
    ],
    "ultima_modificacion": "2025-08-01 01:01:27.907398"
  },
  "241a72feefa24c37af53f81790974ea21105c.jpeg": {
    "app_sintetizada": "241A72FEEFA24C37AF53F81790974EA21105C.JPEG",
    "cantidad_archivos": 1,
    "archivos_fuente": [
      "Pictures/Fototeca de Fotos.photoslibrary/resources/derivatives/2/241A72FE-EFA2-4C37-AF53-F81790974EA2_1_105_c.jpeg"
    ],
    "ultima_modificacion": "2025-08-01 01:01:27.907754"
  },
  "2ef1a5c6fa85449aa3a013f2ea8ee7ec.thm": {
    "app_sintetizada": "2EF1A5C6FA85449AA3A013F2EA8EE7EC.THM",
    "cantidad_archivos": 1,
    "archivos_fuente": [
      "Pictures/Fototeca de Fotos.photoslibrary/resources/derivatives/2/2EF1A5C6-FA85-449A-A3A0-13F2EA8EE7EC.THM"
    ],
    "ultima_modificacion": "2025-08-01 01:01:27.908101"
  },
  "2ddc4d80c55e473dbe8932a85a34d0961105c.jpeg": {
    "app_sintetizada": "2DDC4D80C55E473DBE8932A85A34D0961105C.JPEG",
    "cantidad_archivos": 1,
    "archivos_fuente": [
      "Pictures/Fototeca de Fotos.photoslibrary/resources/derivatives/2/2DDC4D80-C55E-473D-BE89-32A85A34D096_1_105_c.jpeg"
    ],
    "ultima_modificacion": "2025-08-01 01:01:27.908450"
  },
  "293661d92bf94cf885739fc12bbdd77c1105c.jpeg": {
    "app_sintetizada": "293661D92BF94CF885739FC12BBDD77C1105C.JPEG",
    "cantidad_archivos": 1,
    "archivos_fuente": [
      "Pictures/Fototeca de Fotos.photoslibrary/resources/derivatives/2/293661D9-2BF9-4CF8-8573-9FC12BBDD77C_1_105_c.jpeg"
    ],
    "ultima_modificacion": "2025-08-01 01:01:27.908829"
  },
  "2c96b6a4e4b644da9b899f85dcfc72451105c.jpeg": {
    "app_sintetizada": "2C96B6A4E4B644DA9B899F85DCFC72451105C.JPEG",
    "cantidad_archivos": 1,
    "archivos_fuente": [
      "Pictures/Fototeca de Fotos.photoslibrary/resources/derivatives/2/2C96B6A4-E4B6-44DA-9B89-9F85DCFC7245_1_105_c.jpeg"
    ],
    "ultima_modificacion": "2025-08-01 01:01:27.909183"
  },
  "2380c1bb3bd5404e8d0b702b9878bc89.thm": {
    "app_sintetizada": "2380C1BB3BD5404E8D0B702B9878BC89.THM",
    "cantidad_archivos": 1,
    "archivos_fuente": [
      "Pictures/Fototeca de Fotos.photoslibrary/resources/derivatives/2/2380C1BB-3BD5-404E-8D0B-702B9878BC89.THM"
    ],
    "ultima_modificacion": "2025-08-01 01:01:27.909534"
  },
  "2938e8c81b224585b2580b775080e9821105c.jpeg": {
    "app_sintetizada": "2938E8C81B224585B2580B775080E9821105C.JPEG",
    "cantidad_archivos": 1,
    "archivos_fuente": [
      "Pictures/Fototeca de Fotos.photoslibrary/resources/derivatives/2/2938E8C8-1B22-4585-B258-0B775080E982_1_105_c.jpeg"
    ],
    "ultima_modificacion": "2025-08-01 01:01:27.909872"
  },
  "29f74a9514c6427e8756dea810c997f31105c.jpeg": {
    "app_sintetizada": "29F74A9514C6427E8756DEA810C997F31105C.JPEG",
    "cantidad_archivos": 1,
    "archivos_fuente": [
      "Pictures/Fototeca de Fotos.photoslibrary/resources/derivatives/2/29F74A95-14C6-427E-8756-DEA810C997F3_1_105_c.jpeg"
    ],
    "ultima_modificacion": "2025-08-01 01:01:27.910222"
  },
  "28f6fe5222cc49f6aedc84ffd5f346281105c.jpeg": {
    "app_sintetizada": "28F6FE5222CC49F6AEDC84FFD5F346281105C.JPEG",
    "cantidad_archivos": 1,
    "archivos_fuente": [
      "Pictures/Fototeca de Fotos.photoslibrary/resources/derivatives/2/28F6FE52-22CC-49F6-AEDC-84FFD5F34628_1_105_c.jpeg"
    ],
    "ultima_modificacion": "2025-08-01 01:01:27.910592"
  },
  "20e7e623af004e9c98e80c94fd95de9b1105c.jpeg": {
    "app_sintetizada": "20E7E623AF004E9C98E80C94FD95DE9B1105C.JPEG",
    "cantidad_archivos": 1,
    "archivos_fuente": [
      "Pictures/Fototeca de Fotos.photoslibrary/resources/derivatives/2/20E7E623-AF00-4E9C-98E8-0C94FD95DE9B_1_105_c.jpeg"
    ],
    "ultima_modificacion": "2025-08-01 01:01:27.910947"
  },
  "2db95ac0a08c4701842d2efed2a737921105c.jpeg": {
    "app_sintetizada": "2DB95AC0A08C4701842D2EFED2A737921105C.JPEG",
    "cantidad_archivos": 1,
    "archivos_fuente": [
      "Pictures/Fototeca de Fotos.photoslibrary/resources/derivatives/2/2DB95AC0-A08C-4701-842D-2EFED2A73792_1_105_c.jpeg"
    ],
    "ultima_modificacion": "2025-08-01 01:01:27.911288"
  },
  "256cb783565a4610a994f0c8c648de4c1105c.jpeg": {
    "app_sintetizada": "256CB783565A4610A994F0C8C648DE4C1105C.JPEG",
    "cantidad_archivos": 1,
    "archivos_fuente": [
      "Pictures/Fototeca de Fotos.photoslibrary/resources/derivatives/2/256CB783-565A-4610-A994-F0C8C648DE4C_1_105_c.jpeg"
    ],
    "ultima_modificacion": "2025-08-01 01:01:27.911617"
  },
  "2ddddb5cbc8742219d44e097f9a93dd01105c.jpeg": {
    "app_sintetizada": "2DDDDB5CBC8742219D44E097F9A93DD01105C.JPEG",
    "cantidad_archivos": 1,
    "archivos_fuente": [
      "Pictures/Fototeca de Fotos.photoslibrary/resources/derivatives/2/2DDDDB5C-BC87-4221-9D44-E097F9A93DD0_1_105_c.jpeg"
    ],
    "ultima_modificacion": "2025-08-01 01:01:27.912043"
  },
  "2e50fa5a065b44deb626a34d14311f5b1105c.jpeg": {
    "app_sintetizada": "2E50FA5A065B44DEB626A34D14311F5B1105C.JPEG",
    "cantidad_archivos": 1,
    "archivos_fuente": [
      "Pictures/Fototeca de Fotos.photoslibrary/resources/derivatives/2/2E50FA5A-065B-44DE-B626-A34D14311F5B_1_105_c.jpeg"
    ],
    "ultima_modificacion": "2025-08-01 01:01:27.912431"
  },
  "2829fa32de6a4f16a081f7554c39b7891105c.jpeg": {
    "app_sintetizada": "2829FA32DE6A4F16A081F7554C39B7891105C.JPEG",
    "cantidad_archivos": 1,
    "archivos_fuente": [
      "Pictures/Fototeca de Fotos.photoslibrary/resources/derivatives/2/2829FA32-DE6A-4F16-A081-F7554C39B789_1_105_c.jpeg"
    ],
    "ultima_modificacion": "2025-08-01 01:01:27.912823"
  },
  "247300ae6cae4ef6930662d0bffa1c06.thm": {
    "app_sintetizada": "247300AE6CAE4EF6930662D0BFFA1C06.THM",
    "cantidad_archivos": 1,
    "archivos_fuente": [
      "Pictures/Fototeca de Fotos.photoslibrary/resources/derivatives/2/247300AE-6CAE-4EF6-9306-62D0BFFA1C06.THM"
    ],
    "ultima_modificacion": "2025-08-01 01:01:27.913293"
  },
  "2b86ad93ac8c4da58b22be0573590af41105c.jpeg": {
    "app_sintetizada": "2B86AD93AC8C4DA58B22BE0573590AF41105C.JPEG",
    "cantidad_archivos": 1,
    "archivos_fuente": [
      "Pictures/Fototeca de Fotos.photoslibrary/resources/derivatives/2/2B86AD93-AC8C-4DA5-8B22-BE0573590AF4_1_105_c.jpeg"
    ],
    "ultima_modificacion": "2025-08-01 01:01:27.914202"
  },
  "20b862d1f66046bcb2aba2aa44392f241105c.jpeg": {
    "app_sintetizada": "20B862D1F66046BCB2ABA2AA44392F241105C.JPEG",
    "cantidad_archivos": 1,
    "archivos_fuente": [
      "Pictures/Fototeca de Fotos.photoslibrary/resources/derivatives/2/20B862D1-F660-46BC-B2AB-A2AA44392F24_1_105_c.jpeg"
    ],
    "ultima_modificacion": "2025-08-01 01:01:27.914696"
  },
  "2473d2a6582d4be89a7b349077fcd6071105c.jpeg": {
    "app_sintetizada": "2473D2A6582D4BE89A7B349077FCD6071105C.JPEG",
    "cantidad_archivos": 1,
    "archivos_fuente": [
      "Pictures/Fototeca de Fotos.photoslibrary/resources/derivatives/2/2473D2A6-582D-4BE8-9A7B-349077FCD607_1_105_c.jpeg"
    ],
    "ultima_modificacion": "2025-08-01 01:01:27.915201"
  }
}