{
  "f13ce10a48f74f620": {
    "app_sintetizada": "F13CE10A48F74F620",
    "cantidad_archivos": 1,
    "archivos_fuente": [
      "Library/Application Support/Google/Chrome/Default/Service Worker/CacheStorage/d1394a4c842f7861ad7ae5e20da4b484a0c4acad/a5a18824-56f6-4f5f-abb6-64683cbd37bb/f13ce10a48f74f62_0"
    ],
    "ultima_modificacion": "2025-08-01 01:01:31.185658"
  },
  "cf5c4ccfee4b7e7c0": {
    "app_sintetizada": "CF5C4CCFEE4B7E7C0",
    "cantidad_archivos": 1,
    "archivos_fuente": [
      "Library/Application Support/Google/Chrome/Default/Service Worker/CacheStorage/d1394a4c842f7861ad7ae5e20da4b484a0c4acad/a5a18824-56f6-4f5f-abb6-64683cbd37bb/cf5c4ccfee4b7e7c_0"
    ],
    "ultima_modificacion": "2025-08-01 01:01:31.185942"
  },
  "e2867111a17826310": {
    "app_sintetizada": "E2867111A17826310",
    "cantidad_archivos": 1,
    "archivos_fuente": [
      "Library/Application Support/Google/Chrome/Default/Service Worker/CacheStorage/d1394a4c842f7861ad7ae5e20da4b484a0c4acad/a5a18824-56f6-4f5f-abb6-64683cbd37bb/e2867111a1782631_0"
    ],
    "ultima_modificacion": "2025-08-01 01:01:31.186163"
  },
  "aa7fcb699bea724f0": {
    "app_sintetizada": "AA7FCB699BEA724F0",
    "cantidad_archivos": 1,
    "archivos_fuente": [
      "Library/Application Support/Google/Chrome/Default/Service Worker/CacheStorage/d1394a4c842f7861ad7ae5e20da4b484a0c4acad/a5a18824-56f6-4f5f-abb6-64683cbd37bb/aa7fcb699bea724f_0"
    ],
    "ultima_modificacion": "2025-08-01 01:01:31.186367"
  },
  "70609c3b72f782b60": {
    "app_sintetizada": "70609C3B72F782B60",
    "cantidad_archivos": 1,
    "archivos_fuente": [
      "Library/Application Support/Google/Chrome/Default/Service Worker/CacheStorage/d1394a4c842f7861ad7ae5e20da4b484a0c4acad/a5a18824-56f6-4f5f-abb6-64683cbd37bb/70609c3b72f782b6_0"
    ],
    "ultima_modificacion": "2025-08-01 01:01:31.186590"
  },
  "df7b55f935396ecf0": {
    "app_sintetizada": "DF7B55F935396ECF0",
    "cantidad_archivos": 1,
    "archivos_fuente": [
      "Library/Application Support/Google/Chrome/Default/Service Worker/CacheStorage/d1394a4c842f7861ad7ae5e20da4b484a0c4acad/a5a18824-56f6-4f5f-abb6-64683cbd37bb/df7b55f935396ecf_0"
    ],
    "ultima_modificacion": "2025-08-01 01:01:31.186905"
  },
  "55e759084ed8c7e40": {
    "app_sintetizada": "55E759084ED8C7E40",
    "cantidad_archivos": 1,
    "archivos_fuente": [
      "Library/Application Support/Google/Chrome/Default/Service Worker/CacheStorage/d1394a4c842f7861ad7ae5e20da4b484a0c4acad/a5a18824-56f6-4f5f-abb6-64683cbd37bb/55e759084ed8c7e4_0"
    ],
    "ultima_modificacion": "2025-08-01 01:01:31.187241"
  },
  "e54ed1d0fccc6ef40": {
    "app_sintetizada": "E54ED1D0FCCC6EF40",
    "cantidad_archivos": 1,
    "archivos_fuente": [
      "Library/Application Support/Google/Chrome/Default/Service Worker/CacheStorage/d1394a4c842f7861ad7ae5e20da4b484a0c4acad/a5a18824-56f6-4f5f-abb6-64683cbd37bb/e54ed1d0fccc6ef4_0"
    ],
    "ultima_modificacion": "2025-08-01 01:01:31.187559"
  },
  "0ee38c5fb30a166c0": {
    "app_sintetizada": "0EE38C5FB30A166C0",
    "cantidad_archivos": 1,
    "archivos_fuente": [
      "Library/Application Support/Google/Chrome/Default/Service Worker/CacheStorage/d1394a4c842f7861ad7ae5e20da4b484a0c4acad/a5a18824-56f6-4f5f-abb6-64683cbd37bb/0ee38c5fb30a166c_0"
    ],
    "ultima_modificacion": "2025-08-01 01:01:31.187887"
  },
  "d849802ac000fee70": {
    "app_sintetizada": "D849802AC000FEE70",
    "cantidad_archivos": 1,
    "archivos_fuente": [
      "Library/Application Support/Google/Chrome/Default/Service Worker/CacheStorage/d1394a4c842f7861ad7ae5e20da4b484a0c4acad/a5a18824-56f6-4f5f-abb6-64683cbd37bb/d849802ac000fee7_0"
    ],
    "ultima_modificacion": "2025-08-01 01:01:31.188196"
  },
  "5ab21afac51636420": {
    "app_sintetizada": "5AB21AFAC51636420",
    "cantidad_archivos": 1,
    "archivos_fuente": [
      "Library/Application Support/Google/Chrome/Default/Service Worker/CacheStorage/d1394a4c842f7861ad7ae5e20da4b484a0c4acad/a5a18824-56f6-4f5f-abb6-64683cbd37bb/5ab21afac5163642_0"
    ],
    "ultima_modificacion": "2025-08-01 01:01:31.188503"
  },
  "b80bb4b88f0ba8f20": {
    "app_sintetizada": "B80BB4B88F0BA8F20",
    "cantidad_archivos": 1,
    "archivos_fuente": [
      "Library/Application Support/Google/Chrome/Default/Service Worker/CacheStorage/d1394a4c842f7861ad7ae5e20da4b484a0c4acad/a5a18824-56f6-4f5f-abb6-64683cbd37bb/b80bb4b88f0ba8f2_0"
    ],
    "ultima_modificacion": "2025-08-01 01:01:31.188816"
  },
  "c714cb786cb0d9290": {
    "app_sintetizada": "C714CB786CB0D9290",
    "cantidad_archivos": 1,
    "archivos_fuente": [
      "Library/Application Support/Google/Chrome/Default/Service Worker/CacheStorage/d1394a4c842f7861ad7ae5e20da4b484a0c4acad/a5a18824-56f6-4f5f-abb6-64683cbd37bb/c714cb786cb0d929_0"
    ],
    "ultima_modificacion": "2025-08-01 01:01:31.189134"
  },
  "fc90ba357e7c03640": {
    "app_sintetizada": "FC90BA357E7C03640",
    "cantidad_archivos": 1,
    "archivos_fuente": [
      "Library/Application Support/Google/Chrome/Default/Service Worker/CacheStorage/d1394a4c842f7861ad7ae5e20da4b484a0c4acad/a5a18824-56f6-4f5f-abb6-64683cbd37bb/fc90ba357e7c0364_0"
    ],
    "ultima_modificacion": "2025-08-01 01:01:31.189416"
  },
  "16475d719902fac80": {
    "app_sintetizada": "16475D719902FAC80",
    "cantidad_archivos": 1,
    "archivos_fuente": [
      "Library/Application Support/Google/Chrome/Default/Service Worker/CacheStorage/d1394a4c842f7861ad7ae5e20da4b484a0c4acad/a5a18824-56f6-4f5f-abb6-64683cbd37bb/16475d719902fac8_0"
    ],
    "ultima_modificacion": "2025-08-01 01:01:31.189714"
  },
  "984f0ca26f0bc27d0": {
    "app_sintetizada": "984F0CA26F0BC27D0",
    "cantidad_archivos": 1,
    "archivos_fuente": [
      "Library/Application Support/Google/Chrome/Default/Service Worker/CacheStorage/d1394a4c842f7861ad7ae5e20da4b484a0c4acad/a5a18824-56f6-4f5f-abb6-64683cbd37bb/984f0ca26f0bc27d_0"
    ],
    "ultima_modificacion": "2025-08-01 01:01:31.190008"
  },
  "1e2301aee679a0d80": {
    "app_sintetizada": "1E2301AEE679A0D80",
    "cantidad_archivos": 1,
    "archivos_fuente": [
      "Library/Application Support/Google/Chrome/Default/Service Worker/CacheStorage/d1394a4c842f7861ad7ae5e20da4b484a0c4acad/a5a18824-56f6-4f5f-abb6-64683cbd37bb/1e2301aee679a0d8_0"
    ],
    "ultima_modificacion": "2025-08-01 01:01:31.190291"
  },
  "d0aad00035730e630": {
    "app_sintetizada": "D0AAD00035730E630",
    "cantidad_archivos": 1,
    "archivos_fuente": [
      "Library/Application Support/Google/Chrome/Default/Service Worker/CacheStorage/d1394a4c842f7861ad7ae5e20da4b484a0c4acad/a5a18824-56f6-4f5f-abb6-64683cbd37bb/d0aad00035730e63_0"
    ],
    "ultima_modificacion": "2025-08-01 01:01:31.190584"
  },
  "9656d66081672ad90": {
    "app_sintetizada": "9656D66081672AD90",
    "cantidad_archivos": 1,
    "archivos_fuente": [
      "Library/Application Support/Google/Chrome/Default/Service Worker/CacheStorage/d1394a4c842f7861ad7ae5e20da4b484a0c4acad/a5a18824-56f6-4f5f-abb6-64683cbd37bb/9656d66081672ad9_0"
    ],
    "ultima_modificacion": "2025-08-01 01:01:31.190870"
  },
  "4b9a31a1b8e0f7e10": {
    "app_sintetizada": "4B9A31A1B8E0F7E10",
    "cantidad_archivos": 1,
    "archivos_fuente": [
      "Library/Application Support/Google/Chrome/Default/Service Worker/CacheStorage/d1394a4c842f7861ad7ae5e20da4b484a0c4acad/a5a18824-56f6-4f5f-abb6-64683cbd37bb/4b9a31a1b8e0f7e1_0"
    ],
    "ultima_modificacion": "2025-08-01 01:01:31.191176"
  },
  "a7d04bcb4ac974e20": {
    "app_sintetizada": "A7D04BCB4AC974E20",
    "cantidad_archivos": 1,
    "archivos_fuente": [
      "Library/Application Support/Google/Chrome/Default/Service Worker/CacheStorage/d1394a4c842f7861ad7ae5e20da4b484a0c4acad/a5a18824-56f6-4f5f-abb6-64683cbd37bb/a7d04bcb4ac974e2_0"
    ],
    "ultima_modificacion": "2025-08-01 01:01:31.191471"
  },
  "dea1afb0356e02cf0": {
    "app_sintetizada": "DEA1AFB0356E02CF0",
    "cantidad_archivos": 1,
    "archivos_fuente": [
      "Library/Application Support/Google/Chrome/Default/Service Worker/CacheStorage/d1394a4c842f7861ad7ae5e20da4b484a0c4acad/a5a18824-56f6-4f5f-abb6-64683cbd37bb/dea1afb0356e02cf_0"
    ],
    "ultima_modificacion": "2025-08-01 01:01:31.191764"
  },
  "a6fe5b6a48bfb1bc0": {
    "app_sintetizada": "A6FE5B6A48BFB1BC0",
    "cantidad_archivos": 1,
    "archivos_fuente": [
      "Library/Application Support/Google/Chrome/Default/Service Worker/CacheStorage/d1394a4c842f7861ad7ae5e20da4b484a0c4acad/a5a18824-56f6-4f5f-abb6-64683cbd37bb/a6fe5b6a48bfb1bc_0"
    ],
    "ultima_modificacion": "2025-08-01 01:01:31.192085"
  },
  "c550c2ca8fc5f4c10": {
    "app_sintetizada": "C550C2CA8FC5F4C10",
    "cantidad_archivos": 1,
    "archivos_fuente": [
      "Library/Application Support/Google/Chrome/Default/Service Worker/CacheStorage/d1394a4c842f7861ad7ae5e20da4b484a0c4acad/a5a18824-56f6-4f5f-abb6-64683cbd37bb/c550c2ca8fc5f4c1_0"
    ],
    "ultima_modificacion": "2025-08-01 01:01:31.192365"
  },
  "943eb55355b00c0e0": {
    "app_sintetizada": "943EB55355B00C0E0",
    "cantidad_archivos": 1,
    "archivos_fuente": [
      "Library/Application Support/Google/Chrome/Default/Service Worker/CacheStorage/d1394a4c842f7861ad7ae5e20da4b484a0c4acad/a5a18824-56f6-4f5f-abb6-64683cbd37bb/943eb55355b00c0e_0"
    ],
    "ultima_modificacion": "2025-08-01 01:01:31.192670"
  },
  "25e248607b68a5e30": {
    "app_sintetizada": "25E248607B68A5E30",
    "cantidad_archivos": 1,
    "archivos_fuente": [
      "Library/Application Support/Google/Chrome/Default/Service Worker/CacheStorage/d1394a4c842f7861ad7ae5e20da4b484a0c4acad/a5a18824-56f6-4f5f-abb6-64683cbd37bb/25e248607b68a5e3_0"
    ],
    "ultima_modificacion": "2025-08-01 01:01:31.192973"
  },
  "b71908dbc9998fc70": {
    "app_sintetizada": "B71908DBC9998FC70",
    "cantidad_archivos": 1,
    "archivos_fuente": [
      "Library/Application Support/Google/Chrome/Default/Service Worker/CacheStorage/d1394a4c842f7861ad7ae5e20da4b484a0c4acad/a5a18824-56f6-4f5f-abb6-64683cbd37bb/b71908dbc9998fc7_0"
    ],
    "ultima_modificacion": "2025-08-01 01:01:31.193269"
  },
  "ef6ce7fc4a09f3fa0": {
    "app_sintetizada": "EF6CE7FC4A09F3FA0",
    "cantidad_archivos": 1,
    "archivos_fuente": [
      "Library/Application Support/Google/Chrome/Default/Service Worker/CacheStorage/d1394a4c842f7861ad7ae5e20da4b484a0c4acad/a5a18824-56f6-4f5f-abb6-64683cbd37bb/ef6ce7fc4a09f3fa_0"
    ],
    "ultima_modificacion": "2025-08-01 01:01:31.193561"
  },
  "243603993cee4b980": {
    "app_sintetizada": "243603993CEE4B980",
    "cantidad_archivos": 1,
    "archivos_fuente": [
      "Library/Application Support/Google/Chrome/Default/Service Worker/CacheStorage/d1394a4c842f7861ad7ae5e20da4b484a0c4acad/a5a18824-56f6-4f5f-abb6-64683cbd37bb/243603993cee4b98_0"
    ],
    "ultima_modificacion": "2025-08-01 01:01:31.193867"
  },
  "176d9297822d3cf90": {
    "app_sintetizada": "176D9297822D3CF90",
    "cantidad_archivos": 1,
    "archivos_fuente": [
      "Library/Application Support/Google/Chrome/Default/Service Worker/CacheStorage/d1394a4c842f7861ad7ae5e20da4b484a0c4acad/a5a18824-56f6-4f5f-abb6-64683cbd37bb/176d9297822d3cf9_0"
    ],
    "ultima_modificacion": "2025-08-01 01:01:31.194163"
  },
  "a7ad11da8de275bc0": {
    "app_sintetizada": "A7AD11DA8DE275BC0",
    "cantidad_archivos": 1,
    "archivos_fuente": [
      "Library/Application Support/Google/Chrome/Default/Service Worker/CacheStorage/d1394a4c842f7861ad7ae5e20da4b484a0c4acad/a5a18824-56f6-4f5f-abb6-64683cbd37bb/a7ad11da8de275bc_0"
    ],
    "ultima_modificacion": "2025-08-01 01:01:31.194479"
  },
  "ee9d40cef54c816d0": {
    "app_sintetizada": "EE9D40CEF54C816D0",
    "cantidad_archivos": 1,
    "archivos_fuente": [
      "Library/Application Support/Google/Chrome/Default/Service Worker/CacheStorage/d1394a4c842f7861ad7ae5e20da4b484a0c4acad/a5a18824-56f6-4f5f-abb6-64683cbd37bb/ee9d40cef54c816d_0"
    ],
    "ultima_modificacion": "2025-08-01 01:01:31.194805"
  },
  "4c478e41fc90ab710": {
    "app_sintetizada": "4C478E41FC90AB710",
    "cantidad_archivos": 1,
    "archivos_fuente": [
      "Library/Application Support/Google/Chrome/Default/Service Worker/CacheStorage/d1394a4c842f7861ad7ae5e20da4b484a0c4acad/a5a18824-56f6-4f5f-abb6-64683cbd37bb/4c478e41fc90ab71_0"
    ],
    "ultima_modificacion": "2025-08-01 01:01:31.195090"
  },
  "db193b90119ebaed0": {
    "app_sintetizada": "DB193B90119EBAED0",
    "cantidad_archivos": 1,
    "archivos_fuente": [
      "Library/Application Support/Google/Chrome/Default/Service Worker/CacheStorage/d1394a4c842f7861ad7ae5e20da4b484a0c4acad/a5a18824-56f6-4f5f-abb6-64683cbd37bb/db193b90119ebaed_0"
    ],
    "ultima_modificacion": "2025-08-01 01:01:31.195395"
  },
  "fe2175900ad494760": {
    "app_sintetizada": "FE2175900AD494760",
    "cantidad_archivos": 1,
    "archivos_fuente": [
      "Library/Application Support/Google/Chrome/Default/Service Worker/CacheStorage/d1394a4c842f7861ad7ae5e20da4b484a0c4acad/a5a18824-56f6-4f5f-abb6-64683cbd37bb/fe2175900ad49476_0"
    ],
    "ultima_modificacion": "2025-08-01 01:01:31.195697"
  },
  "9fe87a372fd32de30": {
    "app_sintetizada": "9FE87A372FD32DE30",
    "cantidad_archivos": 1,
    "archivos_fuente": [
      "Library/Application Support/Google/Chrome/Default/Service Worker/CacheStorage/d1394a4c842f7861ad7ae5e20da4b484a0c4acad/a5a18824-56f6-4f5f-abb6-64683cbd37bb/9fe87a372fd32de3_0"
    ],
    "ultima_modificacion": "2025-08-01 01:01:31.196008"
  },
  "7243924395c41d650": {
    "app_sintetizada": "7243924395C41D650",
    "cantidad_archivos": 1,
    "archivos_fuente": [
      "Library/Application Support/Google/Chrome/Default/Service Worker/CacheStorage/d1394a4c842f7861ad7ae5e20da4b484a0c4acad/a5a18824-56f6-4f5f-abb6-64683cbd37bb/7243924395c41d65_0"
    ],
    "ultima_modificacion": "2025-08-01 01:01:31.196303"
  },
  "7d89766991fa8c200": {
    "app_sintetizada": "7D89766991FA8C200",
    "cantidad_archivos": 1,
    "archivos_fuente": [
      "Library/Application Support/Google/Chrome/Default/Service Worker/CacheStorage/d1394a4c842f7861ad7ae5e20da4b484a0c4acad/a5a18824-56f6-4f5f-abb6-64683cbd37bb/7d89766991fa8c20_0"
    ],
    "ultima_modificacion": "2025-08-01 01:01:31.196576"
  },
  "2e39cab08a5d43cc0": {
    "app_sintetizada": "2E39CAB08A5D43CC0",
    "cantidad_archivos": 1,
    "archivos_fuente": [
      "Library/Application Support/Google/Chrome/Default/Service Worker/CacheStorage/d1394a4c842f7861ad7ae5e20da4b484a0c4acad/a5a18824-56f6-4f5f-abb6-64683cbd37bb/2e39cab08a5d43cc_0"
    ],
    "ultima_modificacion": "2025-08-01 01:01:31.196801"
  },
  "3f6d1abdfb03141b0": {
    "app_sintetizada": "3F6D1ABDFB03141B0",
    "cantidad_archivos": 1,
    "archivos_fuente": [
      "Library/Application Support/Google/Chrome/Default/Service Worker/CacheStorage/d1394a4c842f7861ad7ae5e20da4b484a0c4acad/a5a18824-56f6-4f5f-abb6-64683cbd37bb/3f6d1abdfb03141b_0"
    ],
    "ultima_modificacion": "2025-08-01 01:01:31.197007"
  },
  "37164781979543240": {
    "app_sintetizada": "37164781979543240",
    "cantidad_archivos": 1,
    "archivos_fuente": [
      "Library/Application Support/Google/Chrome/Default/Service Worker/CacheStorage/d1394a4c842f7861ad7ae5e20da4b484a0c4acad/a5a18824-56f6-4f5f-abb6-64683cbd37bb/3716478197954324_0"
    ],
    "ultima_modificacion": "2025-08-01 01:01:31.197213"
  },
  "77f867fa1bb74c7a0": {
    "app_sintetizada": "77F867FA1BB74C7A0",
    "cantidad_archivos": 1,
    "archivos_fuente": [
      "Library/Application Support/Google/Chrome/Default/Service Worker/CacheStorage/d1394a4c842f7861ad7ae5e20da4b484a0c4acad/a5a18824-56f6-4f5f-abb6-64683cbd37bb/77f867fa1bb74c7a_0"
    ],
    "ultima_modificacion": "2025-08-01 01:01:31.197408"
  },
  "7b67b68a6691625f0": {
    "app_sintetizada": "7B67B68A6691625F0",
    "cantidad_archivos": 1,
    "archivos_fuente": [
      "Library/Application Support/Google/Chrome/Default/Service Worker/CacheStorage/d1394a4c842f7861ad7ae5e20da4b484a0c4acad/a5a18824-56f6-4f5f-abb6-64683cbd37bb/7b67b68a6691625f_0"
    ],
    "ultima_modificacion": "2025-08-01 01:01:31.197602"
  },
  "a64e78c293fc09270": {
    "app_sintetizada": "A64E78C293FC09270",
    "cantidad_archivos": 1,
    "archivos_fuente": [
      "Library/Application Support/Google/Chrome/Default/Service Worker/CacheStorage/d1394a4c842f7861ad7ae5e20da4b484a0c4acad/a5a18824-56f6-4f5f-abb6-64683cbd37bb/a64e78c293fc0927_0"
    ],
    "ultima_modificacion": "2025-08-01 01:01:31.197797"
  },
  "d77240dd343e967e0": {
    "app_sintetizada": "D77240DD343E967E0",
    "cantidad_archivos": 1,
    "archivos_fuente": [
      "Library/Application Support/Google/Chrome/Default/Service Worker/CacheStorage/d1394a4c842f7861ad7ae5e20da4b484a0c4acad/a5a18824-56f6-4f5f-abb6-64683cbd37bb/d77240dd343e967e_0"
    ],
    "ultima_modificacion": "2025-08-01 01:01:31.198034"
  },
  "13f03a5f9ca979aa0": {
    "app_sintetizada": "13F03A5F9CA979AA0",
    "cantidad_archivos": 1,
    "archivos_fuente": [
      "Library/Application Support/Google/Chrome/Default/Service Worker/CacheStorage/d1394a4c842f7861ad7ae5e20da4b484a0c4acad/a5a18824-56f6-4f5f-abb6-64683cbd37bb/13f03a5f9ca979aa_0"
    ],
    "ultima_modificacion": "2025-08-01 01:01:31.198368"
  },
  "1501786da94ddeac0": {
    "app_sintetizada": "1501786DA94DDEAC0",
    "cantidad_archivos": 1,
    "archivos_fuente": [
      "Library/Application Support/Google/Chrome/Default/Service Worker/CacheStorage/d1394a4c842f7861ad7ae5e20da4b484a0c4acad/a5a18824-56f6-4f5f-abb6-64683cbd37bb/1501786da94ddeac_0"
    ],
    "ultima_modificacion": "2025-08-01 01:01:31.198700"
  },
  "ecf93a4f9366f78e0": {
    "app_sintetizada": "ECF93A4F9366F78E0",
    "cantidad_archivos": 1,
    "archivos_fuente": [
      "Library/Application Support/Google/Chrome/Default/Service Worker/CacheStorage/d1394a4c842f7861ad7ae5e20da4b484a0c4acad/a5a18824-56f6-4f5f-abb6-64683cbd37bb/ecf93a4f9366f78e_0"
    ],
    "ultima_modificacion": "2025-08-01 01:01:31.199036"
  },
  "e35e7b93172212470": {
    "app_sintetizada": "E35E7B93172212470",
    "cantidad_archivos": 1,
    "archivos_fuente": [
      "Library/Application Support/Google/Chrome/Default/Service Worker/CacheStorage/d1394a4c842f7861ad7ae5e20da4b484a0c4acad/a5a18824-56f6-4f5f-abb6-64683cbd37bb/e35e7b9317221247_0"
    ],
    "ultima_modificacion": "2025-08-01 01:01:31.199363"
  },
  "101c6e97cb1beb010": {
    "app_sintetizada": "101C6E97CB1BEB010",
    "cantidad_archivos": 1,
    "archivos_fuente": [
      "Library/Application Support/Google/Chrome/Default/Service Worker/CacheStorage/d1394a4c842f7861ad7ae5e20da4b484a0c4acad/a5a18824-56f6-4f5f-abb6-64683cbd37bb/101c6e97cb1beb01_0"
    ],
    "ultima_modificacion": "2025-08-01 01:01:31.199688"
  },
  "6e925abf7968fd980": {
    "app_sintetizada": "6E925ABF7968FD980",
    "cantidad_archivos": 1,
    "archivos_fuente": [
      "Library/Application Support/Google/Chrome/Default/Service Worker/CacheStorage/d1394a4c842f7861ad7ae5e20da4b484a0c4acad/a5a18824-56f6-4f5f-abb6-64683cbd37bb/6e925abf7968fd98_0"
    ],
    "ultima_modificacion": "2025-08-01 01:01:31.199991"
  },
  "abbe0b828e75aca70": {
    "app_sintetizada": "ABBE0B828E75ACA70",
    "cantidad_archivos": 1,
    "archivos_fuente": [
      "Library/Application Support/Google/Chrome/Default/Service Worker/CacheStorage/d1394a4c842f7861ad7ae5e20da4b484a0c4acad/a5a18824-56f6-4f5f-abb6-64683cbd37bb/abbe0b828e75aca7_0"
    ],
    "ultima_modificacion": "2025-08-01 01:01:31.200328"
  },
  "4a8b3c44fa1b15050": {
    "app_sintetizada": "4A8B3C44FA1B15050",
    "cantidad_archivos": 1,
    "archivos_fuente": [
      "Library/Application Support/Google/Chrome/Default/Service Worker/CacheStorage/d1394a4c842f7861ad7ae5e20da4b484a0c4acad/a5a18824-56f6-4f5f-abb6-64683cbd37bb/4a8b3c44fa1b1505_0"
    ],
    "ultima_modificacion": "2025-08-01 01:01:31.200658"
  },
  "6707647b78d1be510": {
    "app_sintetizada": "6707647B78D1BE510",
    "cantidad_archivos": 1,
    "archivos_fuente": [
      "Library/Application Support/Google/Chrome/Default/Service Worker/CacheStorage/d1394a4c842f7861ad7ae5e20da4b484a0c4acad/a5a18824-56f6-4f5f-abb6-64683cbd37bb/6707647b78d1be51_0"
    ],
    "ultima_modificacion": "2025-08-01 01:01:31.200959"
  },
  "bc6f4a9ec2cba6a10": {
    "app_sintetizada": "BC6F4A9EC2CBA6A10",
    "cantidad_archivos": 1,
    "archivos_fuente": [
      "Library/Application Support/Google/Chrome/Default/Service Worker/CacheStorage/d1394a4c842f7861ad7ae5e20da4b484a0c4acad/a5a18824-56f6-4f5f-abb6-64683cbd37bb/bc6f4a9ec2cba6a1_0"
    ],
    "ultima_modificacion": "2025-08-01 01:01:31.201268"
  },
  "8408c67666666aae0": {
    "app_sintetizada": "8408C67666666AAE0",
    "cantidad_archivos": 1,
    "archivos_fuente": [
      "Library/Application Support/Google/Chrome/Default/Service Worker/CacheStorage/d1394a4c842f7861ad7ae5e20da4b484a0c4acad/a5a18824-56f6-4f5f-abb6-64683cbd37bb/8408c67666666aae_0"
    ],
    "ultima_modificacion": "2025-08-01 01:01:31.201575"
  },
  "8239c1892de172160": {
    "app_sintetizada": "8239C1892DE172160",
    "cantidad_archivos": 1,
    "archivos_fuente": [
      "Library/Application Support/Google/Chrome/Default/Service Worker/CacheStorage/d1394a4c842f7861ad7ae5e20da4b484a0c4acad/a5a18824-56f6-4f5f-abb6-64683cbd37bb/8239c1892de17216_0"
    ],
    "ultima_modificacion": "2025-08-01 01:01:31.201869"
  },
  "92e0710a0b11077e0": {
    "app_sintetizada": "92E0710A0B11077E0",
    "cantidad_archivos": 1,
    "archivos_fuente": [
      "Library/Application Support/Google/Chrome/Default/Service Worker/CacheStorage/d1394a4c842f7861ad7ae5e20da4b484a0c4acad/a5a18824-56f6-4f5f-abb6-64683cbd37bb/92e0710a0b11077e_0"
    ],
    "ultima_modificacion": "2025-08-01 01:01:31.202187"
  },
  "bb066c150c3b8a650": {
    "app_sintetizada": "BB066C150C3B8A650",
    "cantidad_archivos": 1,
    "archivos_fuente": [
      "Library/Application Support/Google/Chrome/Default/Service Worker/CacheStorage/d1394a4c842f7861ad7ae5e20da4b484a0c4acad/a5a18824-56f6-4f5f-abb6-64683cbd37bb/bb066c150c3b8a65_0"
    ],
    "ultima_modificacion": "2025-08-01 01:01:31.202513"
  },
  "0e01f648adb507e80": {
    "app_sintetizada": "0E01F648ADB507E80",
    "cantidad_archivos": 1,
    "archivos_fuente": [
      "Library/Application Support/Google/Chrome/Default/Service Worker/CacheStorage/d1394a4c842f7861ad7ae5e20da4b484a0c4acad/a5a18824-56f6-4f5f-abb6-64683cbd37bb/0e01f648adb507e8_0"
    ],
    "ultima_modificacion": "2025-08-01 01:01:31.202832"
  },
  "36f2bac9056b0bf90": {
    "app_sintetizada": "36F2BAC9056B0BF90",
    "cantidad_archivos": 1,
    "archivos_fuente": [
      "Library/Application Support/Google/Chrome/Default/Service Worker/CacheStorage/d1394a4c842f7861ad7ae5e20da4b484a0c4acad/a5a18824-56f6-4f5f-abb6-64683cbd37bb/36f2bac9056b0bf9_0"
    ],
    "ultima_modificacion": "2025-08-01 01:01:31.203147"
  },
  "0473622e5bcb870d0": {
    "app_sintetizada": "0473622E5BCB870D0",
    "cantidad_archivos": 1,
    "archivos_fuente": [
      "Library/Application Support/Google/Chrome/Default/Service Worker/CacheStorage/d1394a4c842f7861ad7ae5e20da4b484a0c4acad/a5a18824-56f6-4f5f-abb6-64683cbd37bb/0473622e5bcb870d_0"
    ],
    "ultima_modificacion": "2025-08-01 01:01:31.203462"
  },
  "5a9effdf3b1071c60": {
    "app_sintetizada": "5A9EFFDF3B1071C60",
    "cantidad_archivos": 1,
    "archivos_fuente": [
      "Library/Application Support/Google/Chrome/Default/Service Worker/CacheStorage/d1394a4c842f7861ad7ae5e20da4b484a0c4acad/a5a18824-56f6-4f5f-abb6-64683cbd37bb/5a9effdf3b1071c6_0"
    ],
    "ultima_modificacion": "2025-08-01 01:01:31.203773"
  },
  "d5ac795932f23ab40": {
    "app_sintetizada": "D5AC795932F23AB40",
    "cantidad_archivos": 1,
    "archivos_fuente": [
      "Library/Application Support/Google/Chrome/Default/Service Worker/CacheStorage/d1394a4c842f7861ad7ae5e20da4b484a0c4acad/a5a18824-56f6-4f5f-abb6-64683cbd37bb/d5ac795932f23ab4_0"
    ],
    "ultima_modificacion": "2025-08-01 01:01:31.204078"
  },
  "73a7f09b7f2c0f660": {
    "app_sintetizada": "73A7F09B7F2C0F660",
    "cantidad_archivos": 1,
    "archivos_fuente": [
      "Library/Application Support/Google/Chrome/Default/Service Worker/CacheStorage/d1394a4c842f7861ad7ae5e20da4b484a0c4acad/a5a18824-56f6-4f5f-abb6-64683cbd37bb/73a7f09b7f2c0f66_0"
    ],
    "ultima_modificacion": "2025-08-01 01:01:31.204383"
  },
  "13ae3a16eded41be0": {
    "app_sintetizada": "13AE3A16EDED41BE0",
    "cantidad_archivos": 1,
    "archivos_fuente": [
      "Library/Application Support/Google/Chrome/Default/Service Worker/CacheStorage/d1394a4c842f7861ad7ae5e20da4b484a0c4acad/a5a18824-56f6-4f5f-abb6-64683cbd37bb/13ae3a16eded41be_0"
    ],
    "ultima_modificacion": "2025-08-01 01:01:31.204688"
  },
  "ddb1bed9ec0346d50": {
    "app_sintetizada": "DDB1BED9EC0346D50",
    "cantidad_archivos": 1,
    "archivos_fuente": [
      "Library/Application Support/Google/Chrome/Default/Service Worker/CacheStorage/d1394a4c842f7861ad7ae5e20da4b484a0c4acad/a5a18824-56f6-4f5f-abb6-64683cbd37bb/ddb1bed9ec0346d5_0"
    ],
    "ultima_modificacion": "2025-08-01 01:01:31.205021"
  },
  "1eecc4170838a2b90": {
    "app_sintetizada": "1EECC4170838A2B90",
    "cantidad_archivos": 1,
    "archivos_fuente": [
      "Library/Application Support/Google/Chrome/Default/Service Worker/CacheStorage/d1394a4c842f7861ad7ae5e20da4b484a0c4acad/a5a18824-56f6-4f5f-abb6-64683cbd37bb/1eecc4170838a2b9_0"
    ],
    "ultima_modificacion": "2025-08-01 01:01:31.205343"
  },
  "516189022f409c5b0": {
    "app_sintetizada": "516189022F409C5B0",
    "cantidad_archivos": 1,
    "archivos_fuente": [
      "Library/Application Support/Google/Chrome/Default/Service Worker/CacheStorage/d1394a4c842f7861ad7ae5e20da4b484a0c4acad/a5a18824-56f6-4f5f-abb6-64683cbd37bb/516189022f409c5b_0"
    ],
    "ultima_modificacion": "2025-08-01 01:01:31.205665"
  },
  "4d5f4ece688024340": {
    "app_sintetizada": "4D5F4ECE688024340",
    "cantidad_archivos": 1,
    "archivos_fuente": [
      "Library/Application Support/Google/Chrome/Default/Service Worker/CacheStorage/d1394a4c842f7861ad7ae5e20da4b484a0c4acad/a5a18824-56f6-4f5f-abb6-64683cbd37bb/4d5f4ece68802434_0"
    ],
    "ultima_modificacion": "2025-08-01 01:01:31.205984"
  },
  "b551061c3bcf34a90": {
    "app_sintetizada": "B551061C3BCF34A90",
    "cantidad_archivos": 1,
    "archivos_fuente": [
      "Library/Application Support/Google/Chrome/Default/Service Worker/CacheStorage/d1394a4c842f7861ad7ae5e20da4b484a0c4acad/a5a18824-56f6-4f5f-abb6-64683cbd37bb/b551061c3bcf34a9_0"
    ],
    "ultima_modificacion": "2025-08-01 01:01:31.206321"
  },
  "d2ae11b0f37637890": {
    "app_sintetizada": "D2AE11B0F37637890",
    "cantidad_archivos": 1,
    "archivos_fuente": [
      "Library/Application Support/Google/Chrome/Default/Service Worker/CacheStorage/d1394a4c842f7861ad7ae5e20da4b484a0c4acad/a5a18824-56f6-4f5f-abb6-64683cbd37bb/d2ae11b0f3763789_0"
    ],
    "ultima_modificacion": "2025-08-01 01:01:31.206632"
  },
  "20f71a32efa2b26f0": {
    "app_sintetizada": "20F71A32EFA2B26F0",
    "cantidad_archivos": 1,
    "archivos_fuente": [
      "Library/Application Support/Google/Chrome/Default/Service Worker/CacheStorage/d1394a4c842f7861ad7ae5e20da4b484a0c4acad/a5a18824-56f6-4f5f-abb6-64683cbd37bb/20f71a32efa2b26f_0"
    ],
    "ultima_modificacion": "2025-08-01 01:01:31.206963"
  },
  "620f6bdcbdf0ef440": {
    "app_sintetizada": "620F6BDCBDF0EF440",
    "cantidad_archivos": 1,
    "archivos_fuente": [
      "Library/Application Support/Google/Chrome/Default/Service Worker/CacheStorage/d1394a4c842f7861ad7ae5e20da4b484a0c4acad/a5a18824-56f6-4f5f-abb6-64683cbd37bb/620f6bdcbdf0ef44_0"
    ],
    "ultima_modificacion": "2025-08-01 01:01:31.207292"
  },
  "b780da89c2b186b30": {
    "app_sintetizada": "B780DA89C2B186B30",
    "cantidad_archivos": 1,
    "archivos_fuente": [
      "Library/Application Support/Google/Chrome/Default/Service Worker/CacheStorage/d1394a4c842f7861ad7ae5e20da4b484a0c4acad/a5a18824-56f6-4f5f-abb6-64683cbd37bb/b780da89c2b186b3_0"
    ],
    "ultima_modificacion": "2025-08-01 01:01:31.207618"
  },
  "6821c26e957777c00": {
    "app_sintetizada": "6821C26E957777C00",
    "cantidad_archivos": 1,
    "archivos_fuente": [
      "Library/Application Support/Google/Chrome/Default/Service Worker/CacheStorage/d1394a4c842f7861ad7ae5e20da4b484a0c4acad/a5a18824-56f6-4f5f-abb6-64683cbd37bb/6821c26e957777c0_0"
    ],
    "ultima_modificacion": "2025-08-01 01:01:31.207944"
  },
  "50272390337a04af0": {
    "app_sintetizada": "50272390337A04AF0",
    "cantidad_archivos": 1,
    "archivos_fuente": [
      "Library/Application Support/Google/Chrome/Default/Service Worker/CacheStorage/d1394a4c842f7861ad7ae5e20da4b484a0c4acad/a5a18824-56f6-4f5f-abb6-64683cbd37bb/50272390337a04af_0"
    ],
    "ultima_modificacion": "2025-08-01 01:01:31.208309"
  },
  "1518220e355ac9da0": {
    "app_sintetizada": "1518220E355AC9DA0",
    "cantidad_archivos": 1,
    "archivos_fuente": [
      "Library/Application Support/Google/Chrome/Default/Service Worker/CacheStorage/d1394a4c842f7861ad7ae5e20da4b484a0c4acad/a5a18824-56f6-4f5f-abb6-64683cbd37bb/1518220e355ac9da_0"
    ],
    "ultima_modificacion": "2025-08-01 01:01:31.208641"
  },
  "57004c608c686e650": {
    "app_sintetizada": "57004C608C686E650",
    "cantidad_archivos": 1,
    "archivos_fuente": [
      "Library/Application Support/Google/Chrome/Default/Service Worker/CacheStorage/d1394a4c842f7861ad7ae5e20da4b484a0c4acad/a5a18824-56f6-4f5f-abb6-64683cbd37bb/57004c608c686e65_0"
    ],
    "ultima_modificacion": "2025-08-01 01:01:31.209008"
  },
  "bc1b5554079fd5200": {
    "app_sintetizada": "BC1B5554079FD5200",
    "cantidad_archivos": 1,
    "archivos_fuente": [
      "Library/Application Support/Google/Chrome/Default/Service Worker/CacheStorage/d1394a4c842f7861ad7ae5e20da4b484a0c4acad/a5a18824-56f6-4f5f-abb6-64683cbd37bb/bc1b5554079fd520_0"
    ],
    "ultima_modificacion": "2025-08-01 01:01:31.209372"
  },
  "60835587f42080f90": {
    "app_sintetizada": "60835587F42080F90",
    "cantidad_archivos": 1,
    "archivos_fuente": [
      "Library/Application Support/Google/Chrome/Default/Service Worker/CacheStorage/d1394a4c842f7861ad7ae5e20da4b484a0c4acad/a5a18824-56f6-4f5f-abb6-64683cbd37bb/60835587f42080f9_0"
    ],
    "ultima_modificacion": "2025-08-01 01:01:31.209785"
  },
  "1256b59325179eeb0": {
    "app_sintetizada": "1256B59325179EEB0",
    "cantidad_archivos": 1,
    "archivos_fuente": [
      "Library/Application Support/Google/Chrome/Default/Service Worker/CacheStorage/d1394a4c842f7861ad7ae5e20da4b484a0c4acad/a5a18824-56f6-4f5f-abb6-64683cbd37bb/1256b59325179eeb_0"
    ],
    "ultima_modificacion": "2025-08-01 01:01:31.210157"
  },
  "efb0a3013ee33a3f0": {
    "app_sintetizada": "EFB0A3013EE33A3F0",
    "cantidad_archivos": 1,
    "archivos_fuente": [
      "Library/Application Support/Google/Chrome/Default/Service Worker/CacheStorage/d1394a4c842f7861ad7ae5e20da4b484a0c4acad/a5a18824-56f6-4f5f-abb6-64683cbd37bb/efb0a3013ee33a3f_0"
    ],
    "ultima_modificacion": "2025-08-01 01:01:31.210509"
  },
  "95c7a8225f020b720": {
    "app_sintetizada": "95C7A8225F020B720",
    "cantidad_archivos": 1,
    "archivos_fuente": [
      "Library/Application Support/Google/Chrome/Default/Service Worker/CacheStorage/d1394a4c842f7861ad7ae5e20da4b484a0c4acad/a5a18824-56f6-4f5f-abb6-64683cbd37bb/95c7a8225f020b72_0"
    ],
    "ultima_modificacion": "2025-08-01 01:01:31.210860"
  },
  "c7a2f355acec3ebd0": {
    "app_sintetizada": "C7A2F355ACEC3EBD0",
    "cantidad_archivos": 1,
    "archivos_fuente": [
      "Library/Application Support/Google/Chrome/Default/Service Worker/CacheStorage/d1394a4c842f7861ad7ae5e20da4b484a0c4acad/a5a18824-56f6-4f5f-abb6-64683cbd37bb/c7a2f355acec3ebd_0"
    ],
    "ultima_modificacion": "2025-08-01 01:01:31.211186"
  },
  "47556f26df30f8d60": {
    "app_sintetizada": "47556F26DF30F8D60",
    "cantidad_archivos": 1,
    "archivos_fuente": [
      "Library/Application Support/Google/Chrome/Default/Service Worker/CacheStorage/d1394a4c842f7861ad7ae5e20da4b484a0c4acad/a5a18824-56f6-4f5f-abb6-64683cbd37bb/47556f26df30f8d6_0"
    ],
    "ultima_modificacion": "2025-08-01 01:01:31.211547"
  },
  "0a1d82560582639b0": {
    "app_sintetizada": "0A1D82560582639B0",
    "cantidad_archivos": 1,
    "archivos_fuente": [
      "Library/Application Support/Google/Chrome/Default/Service Worker/CacheStorage/d1394a4c842f7861ad7ae5e20da4b484a0c4acad/a5a18824-56f6-4f5f-abb6-64683cbd37bb/0a1d82560582639b_0"
    ],
    "ultima_modificacion": "2025-08-01 01:01:31.211853"
  },
  "575b8917729215070": {
    "app_sintetizada": "575B8917729215070",
    "cantidad_archivos": 1,
    "archivos_fuente": [
      "Library/Application Support/Google/Chrome/Default/Service Worker/CacheStorage/d1394a4c842f7861ad7ae5e20da4b484a0c4acad/a5a18824-56f6-4f5f-abb6-64683cbd37bb/575b891772921507_0"
    ],
    "ultima_modificacion": "2025-08-01 01:01:31.212151"
  },
  "9f3bc9d35b0ded130": {
    "app_sintetizada": "9F3BC9D35B0DED130",
    "cantidad_archivos": 1,
    "archivos_fuente": [
      "Library/Application Support/Google/Chrome/Default/Service Worker/CacheStorage/d1394a4c842f7861ad7ae5e20da4b484a0c4acad/a5a18824-56f6-4f5f-abb6-64683cbd37bb/9f3bc9d35b0ded13_0"
    ],
    "ultima_modificacion": "2025-08-01 01:01:31.212424"
  },
  "8661d750c54772320": {
    "app_sintetizada": "8661D750C54772320",
    "cantidad_archivos": 1,
    "archivos_fuente": [
      "Library/Application Support/Google/Chrome/Default/Service Worker/CacheStorage/d1394a4c842f7861ad7ae5e20da4b484a0c4acad/a5a18824-56f6-4f5f-abb6-64683cbd37bb/8661d750c5477232_0"
    ],
    "ultima_modificacion": "2025-08-01 01:01:31.212748"
  },
  "8c715cb94344bef60": {
    "app_sintetizada": "8C715CB94344BEF60",
    "cantidad_archivos": 1,
    "archivos_fuente": [
      "Library/Application Support/Google/Chrome/Default/Service Worker/CacheStorage/d1394a4c842f7861ad7ae5e20da4b484a0c4acad/a5a18824-56f6-4f5f-abb6-64683cbd37bb/8c715cb94344bef6_0"
    ],
    "ultima_modificacion": "2025-08-01 01:01:31.213089"
  },
  "e68e2ead4efad2340": {
    "app_sintetizada": "E68E2EAD4EFAD2340",
    "cantidad_archivos": 1,
    "archivos_fuente": [
      "Library/Application Support/Google/Chrome/Default/Service Worker/CacheStorage/d1394a4c842f7861ad7ae5e20da4b484a0c4acad/a5a18824-56f6-4f5f-abb6-64683cbd37bb/e68e2ead4efad234_0"
    ],
    "ultima_modificacion": "2025-08-01 01:01:31.213362"
  },
  "1cde03431fdfc9ae0": {
    "app_sintetizada": "1CDE03431FDFC9AE0",
    "cantidad_archivos": 1,
    "archivos_fuente": [
      "Library/Application Support/Google/Chrome/Default/Service Worker/CacheStorage/d1394a4c842f7861ad7ae5e20da4b484a0c4acad/a5a18824-56f6-4f5f-abb6-64683cbd37bb/1cde03431fdfc9ae_0"
    ],
    "ultima_modificacion": "2025-08-01 01:01:31.213623"
  },
  "a18be6e99e6acd840": {
    "app_sintetizada": "A18BE6E99E6ACD840",
    "cantidad_archivos": 1,
    "archivos_fuente": [
      "Library/Application Support/Google/Chrome/Default/Service Worker/CacheStorage/d1394a4c842f7861ad7ae5e20da4b484a0c4acad/a5a18824-56f6-4f5f-abb6-64683cbd37bb/a18be6e99e6acd84_0"
    ],
    "ultima_modificacion": "2025-08-01 01:01:31.213981"
  },
  "07383e8045a326d10": {
    "app_sintetizada": "07383E8045A326D10",
    "cantidad_archivos": 1,
    "archivos_fuente": [
      "Library/Application Support/Google/Chrome/Default/Service Worker/CacheStorage/d1394a4c842f7861ad7ae5e20da4b484a0c4acad/a5a18824-56f6-4f5f-abb6-64683cbd37bb/07383e8045a326d1_0"
    ],
    "ultima_modificacion": "2025-08-01 01:01:31.214235"
  },
  "a1767ec3a33265510": {
    "app_sintetizada": "A1767EC3A33265510",
    "cantidad_archivos": 1,
    "archivos_fuente": [
      "Library/Application Support/Google/Chrome/Default/Service Worker/CacheStorage/d1394a4c842f7861ad7ae5e20da4b484a0c4acad/a5a18824-56f6-4f5f-abb6-64683cbd37bb/a1767ec3a3326551_0"
    ],
    "ultima_modificacion": "2025-08-01 01:01:31.214534"
  },
  "db784938c808fa640": {
    "app_sintetizada": "DB784938C808FA640",
    "cantidad_archivos": 1,
    "archivos_fuente": [
      "Library/Application Support/Google/Chrome/Default/Service Worker/CacheStorage/d1394a4c842f7861ad7ae5e20da4b484a0c4acad/a5a18824-56f6-4f5f-abb6-64683cbd37bb/db784938c808fa64_0"
    ],
    "ultima_modificacion": "2025-08-01 01:01:31.214873"
  },
  "c58f6359c64ec7430": {
    "app_sintetizada": "C58F6359C64EC7430",
    "cantidad_archivos": 1,
    "archivos_fuente": [
      "Library/Application Support/Google/Chrome/Default/Service Worker/CacheStorage/d1394a4c842f7861ad7ae5e20da4b484a0c4acad/a5a18824-56f6-4f5f-abb6-64683cbd37bb/c58f6359c64ec743_0"
    ],
    "ultima_modificacion": "2025-08-01 01:01:31.215219"
  },
  "97865f0caf86f1430": {
    "app_sintetizada": "97865F0CAF86F1430",
    "cantidad_archivos": 1,
    "archivos_fuente": [
      "Library/Application Support/Google/Chrome/Default/Service Worker/CacheStorage/d1394a4c842f7861ad7ae5e20da4b484a0c4acad/a5a18824-56f6-4f5f-abb6-64683cbd37bb/97865f0caf86f143_0"
    ],
    "ultima_modificacion": "2025-08-01 01:01:31.215480"
  },
  "310ceac840fea3be0": {
    "app_sintetizada": "310CEAC840FEA3BE0",
    "cantidad_archivos": 1,
    "archivos_fuente": [
      "Library/Application Support/Google/Chrome/Default/Service Worker/CacheStorage/d1394a4c842f7861ad7ae5e20da4b484a0c4acad/a5a18824-56f6-4f5f-abb6-64683cbd37bb/310ceac840fea3be_0"
    ],
    "ultima_modificacion": "2025-08-01 01:01:31.215783"
  }
}