{
  "856eaad0dfb5b9600": {
    "app_sintetizada": "856EAAD0DFB5B9600",
    "cantidad_archivos": 1,
    "archivos_fuente": [
      "Library/Application Support/Microsoft/Skype for Desktop/Cache/856eaad0dfb5b960_0"
    ],
    "ultima_modificacion": "2025-08-01 01:01:40.457983"
  },
  "81fb107ee4502e470": {
    "app_sintetizada": "81FB107EE4502E470",
    "cantidad_archivos": 1,
    "archivos_fuente": [
      "Library/Application Support/Microsoft/Skype for Desktop/Cache/81fb107ee4502e47_0"
    ],
    "ultima_modificacion": "2025-08-01 01:01:40.458307"
  },
  "ca3e2ef5de113a1f0": {
    "app_sintetizada": "CA3E2EF5DE113A1F0",
    "cantidad_archivos": 1,
    "archivos_fuente": [
      "Library/Application Support/Microsoft/Skype for Desktop/Cache/ca3e2ef5de113a1f_0"
    ],
    "ultima_modificacion": "2025-08-01 01:01:40.458612"
  },
  "0f26fc78401853000": {
    "app_sintetizada": "0F26FC78401853000",
    "cantidad_archivos": 1,
    "archivos_fuente": [
      "Library/Application Support/Microsoft/Skype for Desktop/Cache/0f26fc7840185300_0"
    ],
    "ultima_modificacion": "2025-08-01 01:01:40.458952"
  },
  "7bb8882654e67ad20": {
    "app_sintetizada": "7BB8882654E67AD20",
    "cantidad_archivos": 1,
    "archivos_fuente": [
      "Library/Application Support/Microsoft/Skype for Desktop/Cache/7bb8882654e67ad2_0"
    ],
    "ultima_modificacion": "2025-08-01 01:01:40.459301"
  },
  "ac1377210f2d05220": {
    "app_sintetizada": "AC1377210F2D05220",
    "cantidad_archivos": 1,
    "archivos_fuente": [
      "Library/Application Support/Microsoft/Skype for Desktop/Cache/ac1377210f2d0522_0"
    ],
    "ultima_modificacion": "2025-08-01 01:01:40.459649"
  },
  "39079ca0bbcf7f150": {
    "app_sintetizada": "39079CA0BBCF7F150",
    "cantidad_archivos": 1,
    "archivos_fuente": [
      "Library/Application Support/Microsoft/Skype for Desktop/Cache/39079ca0bbcf7f15_0"
    ],
    "ultima_modificacion": "2025-08-01 01:01:40.460010"
  },
  "008aa46d2980d4ac0": {
    "app_sintetizada": "008AA46D2980D4AC0",
    "cantidad_archivos": 1,
    "archivos_fuente": [
      "Library/Application Support/Microsoft/Skype for Desktop/Cache/008aa46d2980d4ac_0"
    ],
    "ultima_modificacion": "2025-08-01 01:01:40.460340"
  },
  "0494466c7cea5da40": {
    "app_sintetizada": "0494466C7CEA5DA40",
    "cantidad_archivos": 1,
    "archivos_fuente": [
      "Library/Application Support/Microsoft/Skype for Desktop/Cache/0494466c7cea5da4_0"
    ],
    "ultima_modificacion": "2025-08-01 01:01:40.460730"
  },
  "1cd983d887ea8b490": {
    "app_sintetizada": "1CD983D887EA8B490",
    "cantidad_archivos": 1,
    "archivos_fuente": [
      "Library/Application Support/Microsoft/Skype for Desktop/Cache/1cd983d887ea8b49_0"
    ],
    "ultima_modificacion": "2025-08-01 01:01:40.461075"
  },
  "0b3420862062d8130": {
    "app_sintetizada": "0B3420862062D8130",
    "cantidad_archivos": 1,
    "archivos_fuente": [
      "Library/Application Support/Microsoft/Skype for Desktop/Cache/0b3420862062d813_0"
    ],
    "ultima_modificacion": "2025-08-01 01:01:40.461454"
  },
  "4495e313e10f55010": {
    "app_sintetizada": "4495E313E10F55010",
    "cantidad_archivos": 1,
    "archivos_fuente": [
      "Library/Application Support/Microsoft/Skype for Desktop/Cache/4495e313e10f5501_0"
    ],
    "ultima_modificacion": "2025-08-01 01:01:40.461828"
  },
  "5f3139ce5a3396b20": {
    "app_sintetizada": "5F3139CE5A3396B20",
    "cantidad_archivos": 1,
    "archivos_fuente": [
      "Library/Application Support/Microsoft/Skype for Desktop/Cache/5f3139ce5a3396b2_0"
    ],
    "ultima_modificacion": "2025-08-01 01:01:40.462109"
  },
  "29d71e738c54cef20": {
    "app_sintetizada": "29D71E738C54CEF20",
    "cantidad_archivos": 1,
    "archivos_fuente": [
      "Library/Application Support/Microsoft/Skype for Desktop/Cache/29d71e738c54cef2_0"
    ],
    "ultima_modificacion": "2025-08-01 01:01:40.462379"
  },
  "858fb7d58f4704420": {
    "app_sintetizada": "858FB7D58F4704420",
    "cantidad_archivos": 1,
    "archivos_fuente": [
      "Library/Application Support/Microsoft/Skype for Desktop/Cache/858fb7d58f470442_0"
    ],
    "ultima_modificacion": "2025-08-01 01:01:40.463182"
  },
  "5fdad677fb66b1180": {
    "app_sintetizada": "5FDAD677FB66B1180",
    "cantidad_archivos": 1,
    "archivos_fuente": [
      "Library/Application Support/Microsoft/Skype for Desktop/Cache/5fdad677fb66b118_0"
    ],
    "ultima_modificacion": "2025-08-01 01:01:40.463444"
  },
  "d85bda00815c9a040": {
    "app_sintetizada": "D85BDA00815C9A040",
    "cantidad_archivos": 1,
    "archivos_fuente": [
      "Library/Application Support/Microsoft/Skype for Desktop/Cache/d85bda00815c9a04_0"
    ],
    "ultima_modificacion": "2025-08-01 01:01:40.463677"
  },
  "6c894c2da16040e50": {
    "app_sintetizada": "6C894C2DA16040E50",
    "cantidad_archivos": 1,
    "archivos_fuente": [
      "Library/Application Support/Microsoft/Skype for Desktop/Cache/6c894c2da16040e5_0"
    ],
    "ultima_modificacion": "2025-08-01 01:01:40.463925"
  },
  "b691078dc53d02d50": {
    "app_sintetizada": "B691078DC53D02D50",
    "cantidad_archivos": 1,
    "archivos_fuente": [
      "Library/Application Support/Microsoft/Skype for Desktop/Cache/b691078dc53d02d5_0"
    ],
    "ultima_modificacion": "2025-08-01 01:01:40.464155"
  },
  "e1170906b39dff930": {
    "app_sintetizada": "E1170906B39DFF930",
    "cantidad_archivos": 1,
    "archivos_fuente": [
      "Library/Application Support/Microsoft/Skype for Desktop/Cache/e1170906b39dff93_0"
    ],
    "ultima_modificacion": "2025-08-01 01:01:40.464376"
  },
  "7eac15aeaed4ac400": {
    "app_sintetizada": "7EAC15AEAED4AC400",
    "cantidad_archivos": 1,
    "archivos_fuente": [
      "Library/Application Support/Microsoft/Skype for Desktop/Cache/7eac15aeaed4ac40_0"
    ],
    "ultima_modificacion": "2025-08-01 01:01:40.464602"
  },
  "207252e29dfa526b0": {
    "app_sintetizada": "207252E29DFA526B0",
    "cantidad_archivos": 1,
    "archivos_fuente": [
      "Library/Application Support/Microsoft/Skype for Desktop/Cache/207252e29dfa526b_0"
    ],
    "ultima_modificacion": "2025-08-01 01:01:40.464817"
  },
  "9fbcd931a645fd5d0": {
    "app_sintetizada": "9FBCD931A645FD5D0",
    "cantidad_archivos": 1,
    "archivos_fuente": [
      "Library/Application Support/Microsoft/Skype for Desktop/Cache/9fbcd931a645fd5d_0"
    ],
    "ultima_modificacion": "2025-08-01 01:01:40.465029"
  },
  "9c3a1d6d177153b90": {
    "app_sintetizada": "9C3A1D6D177153B90",
    "cantidad_archivos": 1,
    "archivos_fuente": [
      "Library/Application Support/Microsoft/Skype for Desktop/Cache/9c3a1d6d177153b9_0"
    ],
    "ultima_modificacion": "2025-08-01 01:01:40.465373"
  },
  "bed98e5fa757a96c0": {
    "app_sintetizada": "BED98E5FA757A96C0",
    "cantidad_archivos": 1,
    "archivos_fuente": [
      "Library/Application Support/Microsoft/Skype for Desktop/Cache/bed98e5fa757a96c_0"
    ],
    "ultima_modificacion": "2025-08-01 01:01:40.465677"
  },
  "2f08b11fcd5489950": {
    "app_sintetizada": "2F08B11FCD5489950",
    "cantidad_archivos": 1,
    "archivos_fuente": [
      "Library/Application Support/Microsoft/Skype for Desktop/Cache/2f08b11fcd548995_0"
    ],
    "ultima_modificacion": "2025-08-01 01:01:40.467482"
  },
  "1ec188ad6906aed00": {
    "app_sintetizada": "1EC188AD6906AED00",
    "cantidad_archivos": 1,
    "archivos_fuente": [
      "Library/Application Support/Microsoft/Skype for Desktop/Cache/1ec188ad6906aed0_0"
    ],
    "ultima_modificacion": "2025-08-01 01:01:40.467933"
  },
  "f6e3f85789df1f430": {
    "app_sintetizada": "F6E3F85789DF1F430",
    "cantidad_archivos": 1,
    "archivos_fuente": [
      "Library/Application Support/Microsoft/Skype for Desktop/Cache/f6e3f85789df1f43_0"
    ],
    "ultima_modificacion": "2025-08-01 01:01:40.468214"
  },
  "19805064bcfedf4a0": {
    "app_sintetizada": "19805064BCFEDF4A0",
    "cantidad_archivos": 1,
    "archivos_fuente": [
      "Library/Application Support/Microsoft/Skype for Desktop/Cache/19805064bcfedf4a_0"
    ],
    "ultima_modificacion": "2025-08-01 01:01:40.468466"
  },
  "be813a3c4f62d5d90": {
    "app_sintetizada": "BE813A3C4F62D5D90",
    "cantidad_archivos": 1,
    "archivos_fuente": [
      "Library/Application Support/Microsoft/Skype for Desktop/Cache/be813a3c4f62d5d9_0"
    ],
    "ultima_modificacion": "2025-08-01 01:01:40.468824"
  },
  "e60ca8ee5f21e40c0": {
    "app_sintetizada": "E60CA8EE5F21E40C0",
    "cantidad_archivos": 1,
    "archivos_fuente": [
      "Library/Application Support/Microsoft/Skype for Desktop/Cache/e60ca8ee5f21e40c_0"
    ],
    "ultima_modificacion": "2025-08-01 01:01:40.469210"
  },
  "9b196abda1c24f170": {
    "app_sintetizada": "9B196ABDA1C24F170",
    "cantidad_archivos": 1,
    "archivos_fuente": [
      "Library/Application Support/Microsoft/Skype for Desktop/Cache/9b196abda1c24f17_0"
    ],
    "ultima_modificacion": "2025-08-01 01:01:40.469477"
  },
  "545448316f6ec2dc0": {
    "app_sintetizada": "545448316F6EC2DC0",
    "cantidad_archivos": 1,
    "archivos_fuente": [
      "Library/Application Support/Microsoft/Skype for Desktop/Cache/545448316f6ec2dc_0"
    ],
    "ultima_modificacion": "2025-08-01 01:01:40.469714"
  },
  "c4c03fd85ecaa0180": {
    "app_sintetizada": "C4C03FD85ECAA0180",
    "cantidad_archivos": 1,
    "archivos_fuente": [
      "Library/Application Support/Microsoft/Skype for Desktop/Cache/c4c03fd85ecaa018_0"
    ],
    "ultima_modificacion": "2025-08-01 01:01:40.469953"
  },
  "c07ce08325740dcd0": {
    "app_sintetizada": "C07CE08325740DCD0",
    "cantidad_archivos": 1,
    "archivos_fuente": [
      "Library/Application Support/Microsoft/Skype for Desktop/Cache/c07ce08325740dcd_0"
    ],
    "ultima_modificacion": "2025-08-01 01:01:40.470193"
  },
  "0d5fb30f515ba6210": {
    "app_sintetizada": "0D5FB30F515BA6210",
    "cantidad_archivos": 1,
    "archivos_fuente": [
      "Library/Application Support/Microsoft/Skype for Desktop/Cache/0d5fb30f515ba621_0"
    ],
    "ultima_modificacion": "2025-08-01 01:01:40.470421"
  },
  "84e9f34c029b83430": {
    "app_sintetizada": "84E9F34C029B83430",
    "cantidad_archivos": 1,
    "archivos_fuente": [
      "Library/Application Support/Microsoft/Skype for Desktop/Cache/84e9f34c029b8343_0"
    ],
    "ultima_modificacion": "2025-08-01 01:01:40.470724"
  },
  "a8763736dc53b1580": {
    "app_sintetizada": "A8763736DC53B1580",
    "cantidad_archivos": 1,
    "archivos_fuente": [
      "Library/Application Support/Microsoft/Skype for Desktop/Cache/a8763736dc53b158_0"
    ],
    "ultima_modificacion": "2025-08-01 01:01:40.471019"
  },
  "e85e267021e467440": {
    "app_sintetizada": "E85E267021E467440",
    "cantidad_archivos": 1,
    "archivos_fuente": [
      "Library/Application Support/Microsoft/Skype for Desktop/Cache/e85e267021e46744_0"
    ],
    "ultima_modificacion": "2025-08-01 01:01:40.471288"
  },
  "387aa88742b1d62e0": {
    "app_sintetizada": "387AA88742B1D62E0",
    "cantidad_archivos": 1,
    "archivos_fuente": [
      "Library/Application Support/Microsoft/Skype for Desktop/Cache/387aa88742b1d62e_0"
    ],
    "ultima_modificacion": "2025-08-01 01:01:40.471527"
  },
  "311b4de5346712280": {
    "app_sintetizada": "311B4DE5346712280",
    "cantidad_archivos": 1,
    "archivos_fuente": [
      "Library/Application Support/Microsoft/Skype for Desktop/Cache/311b4de534671228_0"
    ],
    "ultima_modificacion": "2025-08-01 01:01:40.471809"
  },
  "af7cb595746aff880": {
    "app_sintetizada": "AF7CB595746AFF880",
    "cantidad_archivos": 1,
    "archivos_fuente": [
      "Library/Application Support/Microsoft/Skype for Desktop/Cache/af7cb595746aff88_0"
    ],
    "ultima_modificacion": "2025-08-01 01:01:40.472220"
  },
  "9e7cdb6f6f0257de0": {
    "app_sintetizada": "9E7CDB6F6F0257DE0",
    "cantidad_archivos": 1,
    "archivos_fuente": [
      "Library/Application Support/Microsoft/Skype for Desktop/Cache/9e7cdb6f6f0257de_0"
    ],
    "ultima_modificacion": "2025-08-01 01:01:40.472520"
  },
  "a79f61f72faa43c20": {
    "app_sintetizada": "A79F61F72FAA43C20",
    "cantidad_archivos": 1,
    "archivos_fuente": [
      "Library/Application Support/Microsoft/Skype for Desktop/Cache/a79f61f72faa43c2_0"
    ],
    "ultima_modificacion": "2025-08-01 01:01:40.472783"
  },
  "c5fc9bc957ea90350": {
    "app_sintetizada": "C5FC9BC957EA90350",
    "cantidad_archivos": 1,
    "archivos_fuente": [
      "Library/Application Support/Microsoft/Skype for Desktop/Cache/c5fc9bc957ea9035_0"
    ],
    "ultima_modificacion": "2025-08-01 01:01:40.473029"
  },
  "6bf70e235ce7ef110": {
    "app_sintetizada": "6BF70E235CE7EF110",
    "cantidad_archivos": 1,
    "archivos_fuente": [
      "Library/Application Support/Microsoft/Skype for Desktop/Cache/6bf70e235ce7ef11_0"
    ],
    "ultima_modificacion": "2025-08-01 01:01:40.473261"
  },
  "b65e01f2eff95bc80": {
    "app_sintetizada": "B65E01F2EFF95BC80",
    "cantidad_archivos": 1,
    "archivos_fuente": [
      "Library/Application Support/Microsoft/Skype for Desktop/Cache/b65e01f2eff95bc8_0"
    ],
    "ultima_modificacion": "2025-08-01 01:01:40.473525"
  },
  "08a1ad5b426b26cc0": {
    "app_sintetizada": "08A1AD5B426B26CC0",
    "cantidad_archivos": 1,
    "archivos_fuente": [
      "Library/Application Support/Microsoft/Skype for Desktop/Cache/08a1ad5b426b26cc_0"
    ],
    "ultima_modificacion": "2025-08-01 01:01:40.473792"
  },
  "009827e1078105060": {
    "app_sintetizada": "009827E1078105060",
    "cantidad_archivos": 1,
    "archivos_fuente": [
      "Library/Application Support/Microsoft/Skype for Desktop/Cache/009827e107810506_0"
    ],
    "ultima_modificacion": "2025-08-01 01:01:40.474032"
  },
  "74335284ec83df6a0": {
    "app_sintetizada": "74335284EC83DF6A0",
    "cantidad_archivos": 1,
    "archivos_fuente": [
      "Library/Application Support/Microsoft/Skype for Desktop/Cache/74335284ec83df6a_0"
    ],
    "ultima_modificacion": "2025-08-01 01:01:40.474264"
  },
  "41dc38f3f23c44a90": {
    "app_sintetizada": "41DC38F3F23C44A90",
    "cantidad_archivos": 1,
    "archivos_fuente": [
      "Library/Application Support/Microsoft/Skype for Desktop/Cache/41dc38f3f23c44a9_0"
    ],
    "ultima_modificacion": "2025-08-01 01:01:40.475155"
  },
  "a38ab2ee71ad78970": {
    "app_sintetizada": "A38AB2EE71AD78970",
    "cantidad_archivos": 1,
    "archivos_fuente": [
      "Library/Application Support/Microsoft/Skype for Desktop/Cache/a38ab2ee71ad7897_0"
    ],
    "ultima_modificacion": "2025-08-01 01:01:40.475543"
  },
  "29016e580b9a521b0": {
    "app_sintetizada": "29016E580B9A521B0",
    "cantidad_archivos": 1,
    "archivos_fuente": [
      "Library/Application Support/Microsoft/Skype for Desktop/Cache/29016e580b9a521b_0"
    ],
    "ultima_modificacion": "2025-08-01 01:01:40.475800"
  },
  "91299d26a153364b0": {
    "app_sintetizada": "91299D26A153364B0",
    "cantidad_archivos": 1,
    "archivos_fuente": [
      "Library/Application Support/Microsoft/Skype for Desktop/Cache/91299d26a153364b_0"
    ],
    "ultima_modificacion": "2025-08-01 01:01:40.476042"
  },
  "56f401c23236ee9b0": {
    "app_sintetizada": "56F401C23236EE9B0",
    "cantidad_archivos": 1,
    "archivos_fuente": [
      "Library/Application Support/Microsoft/Skype for Desktop/Cache/56f401c23236ee9b_0"
    ],
    "ultima_modificacion": "2025-08-01 01:01:40.476291"
  },
  "a1ef3a012d877a3c0": {
    "app_sintetizada": "A1EF3A012D877A3C0",
    "cantidad_archivos": 1,
    "archivos_fuente": [
      "Library/Application Support/Microsoft/Skype for Desktop/Cache/a1ef3a012d877a3c_0"
    ],
    "ultima_modificacion": "2025-08-01 01:01:40.476530"
  },
  "679479248dd0ff9a0": {
    "app_sintetizada": "679479248DD0FF9A0",
    "cantidad_archivos": 1,
    "archivos_fuente": [
      "Library/Application Support/Microsoft/Skype for Desktop/Cache/679479248dd0ff9a_0"
    ],
    "ultima_modificacion": "2025-08-01 01:01:40.476840"
  },
  "9bf75e6a1ee7d84e0": {
    "app_sintetizada": "9BF75E6A1EE7D84E0",
    "cantidad_archivos": 1,
    "archivos_fuente": [
      "Library/Application Support/Microsoft/Skype for Desktop/Cache/9bf75e6a1ee7d84e_0"
    ],
    "ultima_modificacion": "2025-08-01 01:01:40.477205"
  },
  "698cd813102832610": {
    "app_sintetizada": "698CD813102832610",
    "cantidad_archivos": 1,
    "archivos_fuente": [
      "Library/Application Support/Microsoft/Skype for Desktop/Cache/698cd81310283261_0"
    ],
    "ultima_modificacion": "2025-08-01 01:01:40.479058"
  },
  "bb748337ef619a360": {
    "app_sintetizada": "BB748337EF619A360",
    "cantidad_archivos": 1,
    "archivos_fuente": [
      "Library/Application Support/Microsoft/Skype for Desktop/Cache/bb748337ef619a36_0"
    ],
    "ultima_modificacion": "2025-08-01 01:01:40.479391"
  },
  "9d234a31c5d83a750": {
    "app_sintetizada": "9D234A31C5D83A750",
    "cantidad_archivos": 1,
    "archivos_fuente": [
      "Library/Application Support/Microsoft/Skype for Desktop/Cache/9d234a31c5d83a75_0"
    ],
    "ultima_modificacion": "2025-08-01 01:01:40.479657"
  },
  "fb6a73bc4079a3f10": {
    "app_sintetizada": "FB6A73BC4079A3F10",
    "cantidad_archivos": 1,
    "archivos_fuente": [
      "Library/Application Support/Microsoft/Skype for Desktop/Cache/fb6a73bc4079a3f1_0"
    ],
    "ultima_modificacion": "2025-08-01 01:01:40.479905"
  },
  "9b0d8d522e8f1ecb0": {
    "app_sintetizada": "9B0D8D522E8F1ECB0",
    "cantidad_archivos": 1,
    "archivos_fuente": [
      "Library/Application Support/Microsoft/Skype for Desktop/Cache/9b0d8d522e8f1ecb_0"
    ],
    "ultima_modificacion": "2025-08-01 01:01:40.480166"
  },
  "9782a7ef308e11df0": {
    "app_sintetizada": "9782A7EF308E11DF0",
    "cantidad_archivos": 1,
    "archivos_fuente": [
      "Library/Application Support/Microsoft/Skype for Desktop/Cache/9782a7ef308e11df_0"
    ],
    "ultima_modificacion": "2025-08-01 01:01:40.480424"
  },
  "dc2d556e8a3ab1d00": {
    "app_sintetizada": "DC2D556E8A3AB1D00",
    "cantidad_archivos": 1,
    "archivos_fuente": [
      "Library/Application Support/Microsoft/Skype for Desktop/Cache/dc2d556e8a3ab1d0_0"
    ],
    "ultima_modificacion": "2025-08-01 01:01:40.480649"
  },
  "019fa2c45e3a4dce0": {
    "app_sintetizada": "019FA2C45E3A4DCE0",
    "cantidad_archivos": 1,
    "archivos_fuente": [
      "Library/Application Support/Microsoft/Skype for Desktop/Cache/019fa2c45e3a4dce_0"
    ],
    "ultima_modificacion": "2025-08-01 01:01:40.480882"
  },
  "0ce5b4c4c8427ac20": {
    "app_sintetizada": "0CE5B4C4C8427AC20",
    "cantidad_archivos": 1,
    "archivos_fuente": [
      "Library/Application Support/Microsoft/Skype for Desktop/Cache/0ce5b4c4c8427ac2_0"
    ],
    "ultima_modificacion": "2025-08-01 01:01:40.481097"
  },
  "582b15abb22bf9b80": {
    "app_sintetizada": "582B15ABB22BF9B80",
    "cantidad_archivos": 1,
    "archivos_fuente": [
      "Library/Application Support/Microsoft/Skype for Desktop/Cache/582b15abb22bf9b8_0"
    ],
    "ultima_modificacion": "2025-08-01 01:01:40.481311"
  },
  "0ac1edd66244f5c00": {
    "app_sintetizada": "0AC1EDD66244F5C00",
    "cantidad_archivos": 1,
    "archivos_fuente": [
      "Library/Application Support/Microsoft/Skype for Desktop/Cache/0ac1edd66244f5c0_0"
    ],
    "ultima_modificacion": "2025-08-01 01:01:40.481532"
  },
  "8089b30c65a1001b0": {
    "app_sintetizada": "8089B30C65A1001B0",
    "cantidad_archivos": 1,
    "archivos_fuente": [
      "Library/Application Support/Microsoft/Skype for Desktop/Cache/8089b30c65a1001b_0"
    ],
    "ultima_modificacion": "2025-08-01 01:01:40.481775"
  },
  "b1b80434d85d3ec30": {
    "app_sintetizada": "B1B80434D85D3EC30",
    "cantidad_archivos": 1,
    "archivos_fuente": [
      "Library/Application Support/Microsoft/Skype for Desktop/Cache/b1b80434d85d3ec3_0"
    ],
    "ultima_modificacion": "2025-08-01 01:01:40.482070"
  },
  "4b70b615c58d5a030": {
    "app_sintetizada": "4B70B615C58D5A030",
    "cantidad_archivos": 1,
    "archivos_fuente": [
      "Library/Application Support/Microsoft/Skype for Desktop/Cache/4b70b615c58d5a03_0"
    ],
    "ultima_modificacion": "2025-08-01 01:01:40.483846"
  },
  "00a6d7e6dcef56780": {
    "app_sintetizada": "00A6D7E6DCEF56780",
    "cantidad_archivos": 1,
    "archivos_fuente": [
      "Library/Application Support/Microsoft/Skype for Desktop/Cache/00a6d7e6dcef5678_0"
    ],
    "ultima_modificacion": "2025-08-01 01:01:40.485189"
  },
  "a4c41361689cf7da0": {
    "app_sintetizada": "A4C41361689CF7DA0",
    "cantidad_archivos": 1,
    "archivos_fuente": [
      "Library/Application Support/Microsoft/Skype for Desktop/Cache/a4c41361689cf7da_0"
    ],
    "ultima_modificacion": "2025-08-01 01:01:40.485694"
  },
  "894861aa60feaef00": {
    "app_sintetizada": "894861AA60FEAEF00",
    "cantidad_archivos": 1,
    "archivos_fuente": [
      "Library/Application Support/Microsoft/Skype for Desktop/Cache/894861aa60feaef0_0"
    ],
    "ultima_modificacion": "2025-08-01 01:01:40.486836"
  },
  "714d85273addf0840": {
    "app_sintetizada": "714D85273ADDF0840",
    "cantidad_archivos": 1,
    "archivos_fuente": [
      "Library/Application Support/Microsoft/Skype for Desktop/Cache/714d85273addf084_0"
    ],
    "ultima_modificacion": "2025-08-01 01:01:40.487343"
  },
  "6b1fd2bae9ac17170": {
    "app_sintetizada": "6B1FD2BAE9AC17170",
    "cantidad_archivos": 1,
    "archivos_fuente": [
      "Library/Application Support/Microsoft/Skype for Desktop/Cache/6b1fd2bae9ac1717_0"
    ],
    "ultima_modificacion": "2025-08-01 01:01:40.488237"
  },
  "7b6d763cbd75fd950": {
    "app_sintetizada": "7B6D763CBD75FD950",
    "cantidad_archivos": 1,
    "archivos_fuente": [
      "Library/Application Support/Microsoft/Skype for Desktop/Cache/7b6d763cbd75fd95_0"
    ],
    "ultima_modificacion": "2025-08-01 01:01:40.488675"
  },
  "777bf2eb20bb4e330": {
    "app_sintetizada": "777BF2EB20BB4E330",
    "cantidad_archivos": 1,
    "archivos_fuente": [
      "Library/Application Support/Microsoft/Skype for Desktop/Cache/777bf2eb20bb4e33_0"
    ],
    "ultima_modificacion": "2025-08-01 01:01:40.489044"
  },
  "cb84eaa52114e5e70": {
    "app_sintetizada": "CB84EAA52114E5E70",
    "cantidad_archivos": 1,
    "archivos_fuente": [
      "Library/Application Support/Microsoft/Skype for Desktop/Cache/cb84eaa52114e5e7_0"
    ],
    "ultima_modificacion": "2025-08-01 01:01:40.489407"
  },
  "56a73e472b39bdf70": {
    "app_sintetizada": "56A73E472B39BDF70",
    "cantidad_archivos": 1,
    "archivos_fuente": [
      "Library/Application Support/Microsoft/Skype for Desktop/Cache/56a73e472b39bdf7_0"
    ],
    "ultima_modificacion": "2025-08-01 01:01:40.489762"
  },
  "e29ab83e4879a2150": {
    "app_sintetizada": "E29AB83E4879A2150",
    "cantidad_archivos": 1,
    "archivos_fuente": [
      "Library/Application Support/Microsoft/Skype for Desktop/Cache/e29ab83e4879a215_0"
    ],
    "ultima_modificacion": "2025-08-01 01:01:40.490105"
  },
  "2d0e13494d336c360": {
    "app_sintetizada": "2D0E13494D336C360",
    "cantidad_archivos": 1,
    "archivos_fuente": [
      "Library/Application Support/Microsoft/Skype for Desktop/Cache/2d0e13494d336c36_0"
    ],
    "ultima_modificacion": "2025-08-01 01:01:40.490520"
  },
  "11d774abbd1539020": {
    "app_sintetizada": "11D774ABBD1539020",
    "cantidad_archivos": 1,
    "archivos_fuente": [
      "Library/Application Support/Microsoft/Skype for Desktop/Cache/11d774abbd153902_0"
    ],
    "ultima_modificacion": "2025-08-01 01:01:40.490881"
  },
  "c123f3bca148ebb50": {
    "app_sintetizada": "C123F3BCA148EBB50",
    "cantidad_archivos": 1,
    "archivos_fuente": [
      "Library/Application Support/Microsoft/Skype for Desktop/Cache/c123f3bca148ebb5_0"
    ],
    "ultima_modificacion": "2025-08-01 01:01:40.491222"
  },
  "1525a4048279c7590": {
    "app_sintetizada": "1525A4048279C7590",
    "cantidad_archivos": 1,
    "archivos_fuente": [
      "Library/Application Support/Microsoft/Skype for Desktop/Cache/1525a4048279c759_0"
    ],
    "ultima_modificacion": "2025-08-01 01:01:40.491543"
  },
  "8614f0a05977324d0": {
    "app_sintetizada": "8614F0A05977324D0",
    "cantidad_archivos": 1,
    "archivos_fuente": [
      "Library/Application Support/Microsoft/Skype for Desktop/Cache/8614f0a05977324d_0"
    ],
    "ultima_modificacion": "2025-08-01 01:01:40.491887"
  },
  "f0a3536493b493960": {
    "app_sintetizada": "F0A3536493B493960",
    "cantidad_archivos": 1,
    "archivos_fuente": [
      "Library/Application Support/Microsoft/Skype for Desktop/Cache/f0a3536493b49396_0"
    ],
    "ultima_modificacion": "2025-08-01 01:01:40.493052"
  },
  "d453fc734e59b42c0": {
    "app_sintetizada": "D453FC734E59B42C0",
    "cantidad_archivos": 1,
    "archivos_fuente": [
      "Library/Application Support/Microsoft/Skype for Desktop/Cache/d453fc734e59b42c_0"
    ],
    "ultima_modificacion": "2025-08-01 01:01:40.493512"
  },
  "992c27db5933a41a0": {
    "app_sintetizada": "992C27DB5933A41A0",
    "cantidad_archivos": 1,
    "archivos_fuente": [
      "Library/Application Support/Microsoft/Skype for Desktop/Cache/992c27db5933a41a_0"
    ],
    "ultima_modificacion": "2025-08-01 01:01:40.493947"
  },
  "b450dd48c5de53270": {
    "app_sintetizada": "B450DD48C5DE53270",
    "cantidad_archivos": 1,
    "archivos_fuente": [
      "Library/Application Support/Microsoft/Skype for Desktop/Cache/b450dd48c5de5327_0"
    ],
    "ultima_modificacion": "2025-08-01 01:01:40.494325"
  },
  "3b3c8a5a1055a3b70": {
    "app_sintetizada": "3B3C8A5A1055A3B70",
    "cantidad_archivos": 1,
    "archivos_fuente": [
      "Library/Application Support/Microsoft/Skype for Desktop/Cache/3b3c8a5a1055a3b7_0"
    ],
    "ultima_modificacion": "2025-08-01 01:01:40.494947"
  },
  "332d2c6e12fb25330": {
    "app_sintetizada": "332D2C6E12FB25330",
    "cantidad_archivos": 1,
    "archivos_fuente": [
      "Library/Application Support/Microsoft/Skype for Desktop/Cache/332d2c6e12fb2533_0"
    ],
    "ultima_modificacion": "2025-08-01 01:01:40.495232"
  },
  "48a54b3ede1381350": {
    "app_sintetizada": "48A54B3EDE1381350",
    "cantidad_archivos": 1,
    "archivos_fuente": [
      "Library/Application Support/Microsoft/Skype for Desktop/Cache/48a54b3ede138135_0"
    ],
    "ultima_modificacion": "2025-08-01 01:01:40.495572"
  },
  "1db5236e6f73c29f0": {
    "app_sintetizada": "1DB5236E6F73C29F0",
    "cantidad_archivos": 1,
    "archivos_fuente": [
      "Library/Application Support/Microsoft/Skype for Desktop/Cache/1db5236e6f73c29f_0"
    ],
    "ultima_modificacion": "2025-08-01 01:01:40.495896"
  },
  "708c7d0413c76bea0": {
    "app_sintetizada": "708C7D0413C76BEA0",
    "cantidad_archivos": 1,
    "archivos_fuente": [
      "Library/Application Support/Microsoft/Skype for Desktop/Cache/708c7d0413c76bea_0"
    ],
    "ultima_modificacion": "2025-08-01 01:01:40.496224"
  },
  "3b1093bd8ac518f50": {
    "app_sintetizada": "3B1093BD8AC518F50",
    "cantidad_archivos": 1,
    "archivos_fuente": [
      "Library/Application Support/Microsoft/Skype for Desktop/Cache/3b1093bd8ac518f5_0"
    ],
    "ultima_modificacion": "2025-08-01 01:01:40.496532"
  },
  "4a9f340b24c7feca0": {
    "app_sintetizada": "4A9F340B24C7FECA0",
    "cantidad_archivos": 1,
    "archivos_fuente": [
      "Library/Application Support/Microsoft/Skype for Desktop/Cache/4a9f340b24c7feca_0"
    ],
    "ultima_modificacion": "2025-08-01 01:01:40.496853"
  },
  "5248b9507c1176f30": {
    "app_sintetizada": "5248B9507C1176F30",
    "cantidad_archivos": 1,
    "archivos_fuente": [
      "Library/Application Support/Microsoft/Skype for Desktop/Cache/5248b9507c1176f3_0"
    ],
    "ultima_modificacion": "2025-08-01 01:01:40.497171"
  },
  "9b4a63848f7ad41f0": {
    "app_sintetizada": "9B4A63848F7AD41F0",
    "cantidad_archivos": 1,
    "archivos_fuente": [
      "Library/Application Support/Microsoft/Skype for Desktop/Cache/9b4a63848f7ad41f_0"
    ],
    "ultima_modificacion": "2025-08-01 01:01:40.497478"
  }
}