{
  "fc7a92c1de3ce7bb0": {
    "app_sintetizada": "FC7A92C1DE3CE7BB0",
    "cantidad_archivos": 1,
    "archivos_fuente": [
      "Library/Application Support/Google/Chrome/Default/Service Worker/CacheStorage/d1394a4c842f7861ad7ae5e20da4b484a0c4acad/a5a18824-56f6-4f5f-abb6-64683cbd37bb/fc7a92c1de3ce7bb_0"
    ],
    "ultima_modificacion": "2025-08-01 01:01:31.830075"
  },
  "394aad2098d3fcce0": {
    "app_sintetizada": "394AAD2098D3FCCE0",
    "cantidad_archivos": 1,
    "archivos_fuente": [
      "Library/Application Support/Google/Chrome/Default/Service Worker/CacheStorage/d1394a4c842f7861ad7ae5e20da4b484a0c4acad/a5a18824-56f6-4f5f-abb6-64683cbd37bb/394aad2098d3fcce_0"
    ],
    "ultima_modificacion": "2025-08-01 01:01:31.830257"
  },
  "1decee7c7cb97afb0": {
    "app_sintetizada": "1DECEE7C7CB97AFB0",
    "cantidad_archivos": 1,
    "archivos_fuente": [
      "Library/Application Support/Google/Chrome/Default/Service Worker/CacheStorage/d1394a4c842f7861ad7ae5e20da4b484a0c4acad/a5a18824-56f6-4f5f-abb6-64683cbd37bb/1decee7c7cb97afb_0"
    ],
    "ultima_modificacion": "2025-08-01 01:01:31.830438"
  },
  "b54de127e970bc790": {
    "app_sintetizada": "B54DE127E970BC790",
    "cantidad_archivos": 1,
    "archivos_fuente": [
      "Library/Application Support/Google/Chrome/Default/Service Worker/CacheStorage/d1394a4c842f7861ad7ae5e20da4b484a0c4acad/a5a18824-56f6-4f5f-abb6-64683cbd37bb/b54de127e970bc79_0"
    ],
    "ultima_modificacion": "2025-08-01 01:01:31.830614"
  },
  "208e9e6a1f19359d0": {
    "app_sintetizada": "208E9E6A1F19359D0",
    "cantidad_archivos": 1,
    "archivos_fuente": [
      "Library/Application Support/Google/Chrome/Default/Service Worker/CacheStorage/d1394a4c842f7861ad7ae5e20da4b484a0c4acad/a5a18824-56f6-4f5f-abb6-64683cbd37bb/208e9e6a1f19359d_0"
    ],
    "ultima_modificacion": "2025-08-01 01:01:31.830796"
  },
  "4c723894f484e3550": {
    "app_sintetizada": "4C723894F484E3550",
    "cantidad_archivos": 1,
    "archivos_fuente": [
      "Library/Application Support/Google/Chrome/Default/Service Worker/CacheStorage/d1394a4c842f7861ad7ae5e20da4b484a0c4acad/a5a18824-56f6-4f5f-abb6-64683cbd37bb/4c723894f484e355_0"
    ],
    "ultima_modificacion": "2025-08-01 01:01:31.830968"
  },
  "70ff283c0b6df8b20": {
    "app_sintetizada": "70FF283C0B6DF8B20",
    "cantidad_archivos": 1,
    "archivos_fuente": [
      "Library/Application Support/Google/Chrome/Default/Service Worker/CacheStorage/d1394a4c842f7861ad7ae5e20da4b484a0c4acad/a5a18824-56f6-4f5f-abb6-64683cbd37bb/70ff283c0b6df8b2_0"
    ],
    "ultima_modificacion": "2025-08-01 01:01:31.831154"
  },
  "431f8e3232d695490": {
    "app_sintetizada": "431F8E3232D695490",
    "cantidad_archivos": 1,
    "archivos_fuente": [
      "Library/Application Support/Google/Chrome/Default/Service Worker/CacheStorage/d1394a4c842f7861ad7ae5e20da4b484a0c4acad/a5a18824-56f6-4f5f-abb6-64683cbd37bb/431f8e3232d69549_0"
    ],
    "ultima_modificacion": "2025-08-01 01:01:31.831437"
  },
  "88a2ec787b89a5d10": {
    "app_sintetizada": "88A2EC787B89A5D10",
    "cantidad_archivos": 1,
    "archivos_fuente": [
      "Library/Application Support/Google/Chrome/Default/Service Worker/CacheStorage/d1394a4c842f7861ad7ae5e20da4b484a0c4acad/a5a18824-56f6-4f5f-abb6-64683cbd37bb/88a2ec787b89a5d1_0"
    ],
    "ultima_modificacion": "2025-08-01 01:01:31.831742"
  },
  "8f20cf3e4344add20": {
    "app_sintetizada": "8F20CF3E4344ADD20",
    "cantidad_archivos": 1,
    "archivos_fuente": [
      "Library/Application Support/Google/Chrome/Default/Service Worker/CacheStorage/d1394a4c842f7861ad7ae5e20da4b484a0c4acad/a5a18824-56f6-4f5f-abb6-64683cbd37bb/8f20cf3e4344add2_0"
    ],
    "ultima_modificacion": "2025-08-01 01:01:31.831998"
  },
  "2d782fc620fb00990": {
    "app_sintetizada": "2D782FC620FB00990",
    "cantidad_archivos": 1,
    "archivos_fuente": [
      "Library/Application Support/Google/Chrome/Default/Service Worker/CacheStorage/d1394a4c842f7861ad7ae5e20da4b484a0c4acad/a5a18824-56f6-4f5f-abb6-64683cbd37bb/2d782fc620fb0099_0"
    ],
    "ultima_modificacion": "2025-08-01 01:01:31.832305"
  },
  "51a12153378c721a0": {
    "app_sintetizada": "51A12153378C721A0",
    "cantidad_archivos": 1,
    "archivos_fuente": [
      "Library/Application Support/Google/Chrome/Default/Service Worker/CacheStorage/d1394a4c842f7861ad7ae5e20da4b484a0c4acad/a5a18824-56f6-4f5f-abb6-64683cbd37bb/51a12153378c721a_0"
    ],
    "ultima_modificacion": "2025-08-01 01:01:31.832517"
  },
  "98faf3cae8ba55ba0": {
    "app_sintetizada": "98FAF3CAE8BA55BA0",
    "cantidad_archivos": 1,
    "archivos_fuente": [
      "Library/Application Support/Google/Chrome/Default/Service Worker/CacheStorage/d1394a4c842f7861ad7ae5e20da4b484a0c4acad/a5a18824-56f6-4f5f-abb6-64683cbd37bb/98faf3cae8ba55ba_0"
    ],
    "ultima_modificacion": "2025-08-01 01:01:31.832743"
  },
  "a23fad04a3d7b85a0": {
    "app_sintetizada": "A23FAD04A3D7B85A0",
    "cantidad_archivos": 1,
    "archivos_fuente": [
      "Library/Application Support/Google/Chrome/Default/Service Worker/CacheStorage/d1394a4c842f7861ad7ae5e20da4b484a0c4acad/a5a18824-56f6-4f5f-abb6-64683cbd37bb/a23fad04a3d7b85a_0"
    ],
    "ultima_modificacion": "2025-08-01 01:01:31.832942"
  },
  "b315a00a929097590": {
    "app_sintetizada": "B315A00A929097590",
    "cantidad_archivos": 1,
    "archivos_fuente": [
      "Library/Application Support/Google/Chrome/Default/Service Worker/CacheStorage/d1394a4c842f7861ad7ae5e20da4b484a0c4acad/a5a18824-56f6-4f5f-abb6-64683cbd37bb/b315a00a92909759_0"
    ],
    "ultima_modificacion": "2025-08-01 01:01:31.833230"
  },
  "bdcb30805e91246c0": {
    "app_sintetizada": "BDCB30805E91246C0",
    "cantidad_archivos": 1,
    "archivos_fuente": [
      "Library/Application Support/Google/Chrome/Default/Service Worker/CacheStorage/d1394a4c842f7861ad7ae5e20da4b484a0c4acad/a5a18824-56f6-4f5f-abb6-64683cbd37bb/bdcb30805e91246c_0"
    ],
    "ultima_modificacion": "2025-08-01 01:01:31.833457"
  },
  "6a5b67863b0c10610": {
    "app_sintetizada": "6A5B67863B0C10610",
    "cantidad_archivos": 1,
    "archivos_fuente": [
      "Library/Application Support/Google/Chrome/Default/Service Worker/CacheStorage/d1394a4c842f7861ad7ae5e20da4b484a0c4acad/a5a18824-56f6-4f5f-abb6-64683cbd37bb/6a5b67863b0c1061_0"
    ],
    "ultima_modificacion": "2025-08-01 01:01:31.833688"
  },
  "678c11e3502b4b2c0": {
    "app_sintetizada": "678C11E3502B4B2C0",
    "cantidad_archivos": 1,
    "archivos_fuente": [
      "Library/Application Support/Google/Chrome/Default/Service Worker/CacheStorage/d1394a4c842f7861ad7ae5e20da4b484a0c4acad/a5a18824-56f6-4f5f-abb6-64683cbd37bb/678c11e3502b4b2c_0"
    ],
    "ultima_modificacion": "2025-08-01 01:01:31.833971"
  },
  "946bf670a0df96590": {
    "app_sintetizada": "946BF670A0DF96590",
    "cantidad_archivos": 1,
    "archivos_fuente": [
      "Library/Application Support/Google/Chrome/Default/Service Worker/CacheStorage/d1394a4c842f7861ad7ae5e20da4b484a0c4acad/a5a18824-56f6-4f5f-abb6-64683cbd37bb/946bf670a0df9659_0"
    ],
    "ultima_modificacion": "2025-08-01 01:01:31.834225"
  },
  "1be9ee08a5b364300": {
    "app_sintetizada": "1BE9EE08A5B364300",
    "cantidad_archivos": 1,
    "archivos_fuente": [
      "Library/Application Support/Google/Chrome/Default/Service Worker/CacheStorage/d1394a4c842f7861ad7ae5e20da4b484a0c4acad/a5a18824-56f6-4f5f-abb6-64683cbd37bb/1be9ee08a5b36430_0"
    ],
    "ultima_modificacion": "2025-08-01 01:01:31.834438"
  },
  "ada5e0eafa9cf90d0": {
    "app_sintetizada": "ADA5E0EAFA9CF90D0",
    "cantidad_archivos": 1,
    "archivos_fuente": [
      "Library/Application Support/Google/Chrome/Default/Service Worker/CacheStorage/d1394a4c842f7861ad7ae5e20da4b484a0c4acad/a5a18824-56f6-4f5f-abb6-64683cbd37bb/ada5e0eafa9cf90d_0"
    ],
    "ultima_modificacion": "2025-08-01 01:01:31.834626"
  },
  "eade6a0b6db6ed160": {
    "app_sintetizada": "EADE6A0B6DB6ED160",
    "cantidad_archivos": 1,
    "archivos_fuente": [
      "Library/Application Support/Google/Chrome/Default/Service Worker/CacheStorage/d1394a4c842f7861ad7ae5e20da4b484a0c4acad/a5a18824-56f6-4f5f-abb6-64683cbd37bb/eade6a0b6db6ed16_0"
    ],
    "ultima_modificacion": "2025-08-01 01:01:31.834809"
  },
  "7f7ef1d4d354f5db0": {
    "app_sintetizada": "7F7EF1D4D354F5DB0",
    "cantidad_archivos": 1,
    "archivos_fuente": [
      "Library/Application Support/Google/Chrome/Default/Service Worker/CacheStorage/d1394a4c842f7861ad7ae5e20da4b484a0c4acad/a5a18824-56f6-4f5f-abb6-64683cbd37bb/7f7ef1d4d354f5db_0"
    ],
    "ultima_modificacion": "2025-08-01 01:01:31.834988"
  },
  "94df029f9f090a010": {
    "app_sintetizada": "94DF029F9F090A010",
    "cantidad_archivos": 1,
    "archivos_fuente": [
      "Library/Application Support/Google/Chrome/Default/Service Worker/CacheStorage/d1394a4c842f7861ad7ae5e20da4b484a0c4acad/a5a18824-56f6-4f5f-abb6-64683cbd37bb/94df029f9f090a01_0"
    ],
    "ultima_modificacion": "2025-08-01 01:01:31.835170"
  },
  "cf0170eae9e8be180": {
    "app_sintetizada": "CF0170EAE9E8BE180",
    "cantidad_archivos": 1,
    "archivos_fuente": [
      "Library/Application Support/Google/Chrome/Default/Service Worker/CacheStorage/d1394a4c842f7861ad7ae5e20da4b484a0c4acad/a5a18824-56f6-4f5f-abb6-64683cbd37bb/cf0170eae9e8be18_0"
    ],
    "ultima_modificacion": "2025-08-01 01:01:31.835431"
  },
  "405756af5aabaf3c0": {
    "app_sintetizada": "405756AF5AABAF3C0",
    "cantidad_archivos": 1,
    "archivos_fuente": [
      "Library/Application Support/Google/Chrome/Default/Service Worker/CacheStorage/d1394a4c842f7861ad7ae5e20da4b484a0c4acad/a5a18824-56f6-4f5f-abb6-64683cbd37bb/405756af5aabaf3c_0"
    ],
    "ultima_modificacion": "2025-08-01 01:01:31.835796"
  },
  "018f6cafaa07f9af0": {
    "app_sintetizada": "018F6CAFAA07F9AF0",
    "cantidad_archivos": 1,
    "archivos_fuente": [
      "Library/Application Support/Google/Chrome/Default/Service Worker/CacheStorage/d1394a4c842f7861ad7ae5e20da4b484a0c4acad/a5a18824-56f6-4f5f-abb6-64683cbd37bb/018f6cafaa07f9af_0"
    ],
    "ultima_modificacion": "2025-08-01 01:01:31.836020"
  },
  "9290a4c9f9ded03a0": {
    "app_sintetizada": "9290A4C9F9DED03A0",
    "cantidad_archivos": 1,
    "archivos_fuente": [
      "Library/Application Support/Google/Chrome/Default/Service Worker/CacheStorage/d1394a4c842f7861ad7ae5e20da4b484a0c4acad/a5a18824-56f6-4f5f-abb6-64683cbd37bb/9290a4c9f9ded03a_0"
    ],
    "ultima_modificacion": "2025-08-01 01:01:31.836288"
  },
  "1c5f4c8c2766f4860": {
    "app_sintetizada": "1C5F4C8C2766F4860",
    "cantidad_archivos": 1,
    "archivos_fuente": [
      "Library/Application Support/Google/Chrome/Default/Service Worker/CacheStorage/d1394a4c842f7861ad7ae5e20da4b484a0c4acad/a5a18824-56f6-4f5f-abb6-64683cbd37bb/1c5f4c8c2766f486_0"
    ],
    "ultima_modificacion": "2025-08-01 01:01:31.836537"
  },
  "7d8809896c04a2e50": {
    "app_sintetizada": "7D8809896C04A2E50",
    "cantidad_archivos": 1,
    "archivos_fuente": [
      "Library/Application Support/Google/Chrome/Default/Service Worker/CacheStorage/d1394a4c842f7861ad7ae5e20da4b484a0c4acad/a5a18824-56f6-4f5f-abb6-64683cbd37bb/7d8809896c04a2e5_0"
    ],
    "ultima_modificacion": "2025-08-01 01:01:31.836827"
  },
  "0f436c13a6bbcece0": {
    "app_sintetizada": "0F436C13A6BBCECE0",
    "cantidad_archivos": 1,
    "archivos_fuente": [
      "Library/Application Support/Google/Chrome/Default/Service Worker/CacheStorage/d1394a4c842f7861ad7ae5e20da4b484a0c4acad/a5a18824-56f6-4f5f-abb6-64683cbd37bb/0f436c13a6bbcece_0"
    ],
    "ultima_modificacion": "2025-08-01 01:01:31.837094"
  },
  "2f34697a53b9bf380": {
    "app_sintetizada": "2F34697A53B9BF380",
    "cantidad_archivos": 1,
    "archivos_fuente": [
      "Library/Application Support/Google/Chrome/Default/Service Worker/CacheStorage/d1394a4c842f7861ad7ae5e20da4b484a0c4acad/a5a18824-56f6-4f5f-abb6-64683cbd37bb/2f34697a53b9bf38_0"
    ],
    "ultima_modificacion": "2025-08-01 01:01:31.837380"
  },
  "f353725d601da4350": {
    "app_sintetizada": "F353725D601DA4350",
    "cantidad_archivos": 1,
    "archivos_fuente": [
      "Library/Application Support/Google/Chrome/Default/Service Worker/CacheStorage/d1394a4c842f7861ad7ae5e20da4b484a0c4acad/a5a18824-56f6-4f5f-abb6-64683cbd37bb/f353725d601da435_0"
    ],
    "ultima_modificacion": "2025-08-01 01:01:31.837691"
  },
  "0ba4bbe0d85293610": {
    "app_sintetizada": "0BA4BBE0D85293610",
    "cantidad_archivos": 1,
    "archivos_fuente": [
      "Library/Application Support/Google/Chrome/Default/Service Worker/CacheStorage/d1394a4c842f7861ad7ae5e20da4b484a0c4acad/a5a18824-56f6-4f5f-abb6-64683cbd37bb/0ba4bbe0d8529361_0"
    ],
    "ultima_modificacion": "2025-08-01 01:01:31.837962"
  },
  "29e80c2a2fca73340": {
    "app_sintetizada": "29E80C2A2FCA73340",
    "cantidad_archivos": 1,
    "archivos_fuente": [
      "Library/Application Support/Google/Chrome/Default/Service Worker/CacheStorage/d1394a4c842f7861ad7ae5e20da4b484a0c4acad/a5a18824-56f6-4f5f-abb6-64683cbd37bb/29e80c2a2fca7334_0"
    ],
    "ultima_modificacion": "2025-08-01 01:01:31.838258"
  },
  "0d26e922aca38fbf0": {
    "app_sintetizada": "0D26E922ACA38FBF0",
    "cantidad_archivos": 1,
    "archivos_fuente": [
      "Library/Application Support/Google/Chrome/Default/Service Worker/CacheStorage/d1394a4c842f7861ad7ae5e20da4b484a0c4acad/a5a18824-56f6-4f5f-abb6-64683cbd37bb/0d26e922aca38fbf_0"
    ],
    "ultima_modificacion": "2025-08-01 01:01:31.838521"
  },
  "fc9678d39454581b0": {
    "app_sintetizada": "FC9678D39454581B0",
    "cantidad_archivos": 1,
    "archivos_fuente": [
      "Library/Application Support/Google/Chrome/Default/Service Worker/CacheStorage/d1394a4c842f7861ad7ae5e20da4b484a0c4acad/a5a18824-56f6-4f5f-abb6-64683cbd37bb/fc9678d39454581b_0"
    ],
    "ultima_modificacion": "2025-08-01 01:01:31.838797"
  },
  "0c2305fd8e7ccf990": {
    "app_sintetizada": "0C2305FD8E7CCF990",
    "cantidad_archivos": 1,
    "archivos_fuente": [
      "Library/Application Support/Google/Chrome/Default/Service Worker/CacheStorage/d1394a4c842f7861ad7ae5e20da4b484a0c4acad/a5a18824-56f6-4f5f-abb6-64683cbd37bb/0c2305fd8e7ccf99_0"
    ],
    "ultima_modificacion": "2025-08-01 01:01:31.839075"
  },
  "db708b51cac9a7d00": {
    "app_sintetizada": "DB708B51CAC9A7D00",
    "cantidad_archivos": 1,
    "archivos_fuente": [
      "Library/Application Support/Google/Chrome/Default/Service Worker/CacheStorage/d1394a4c842f7861ad7ae5e20da4b484a0c4acad/a5a18824-56f6-4f5f-abb6-64683cbd37bb/db708b51cac9a7d0_0"
    ],
    "ultima_modificacion": "2025-08-01 01:01:31.839349"
  },
  "dc7e71299fb2d56d0": {
    "app_sintetizada": "DC7E71299FB2D56D0",
    "cantidad_archivos": 1,
    "archivos_fuente": [
      "Library/Application Support/Google/Chrome/Default/Service Worker/CacheStorage/d1394a4c842f7861ad7ae5e20da4b484a0c4acad/a5a18824-56f6-4f5f-abb6-64683cbd37bb/dc7e71299fb2d56d_0"
    ],
    "ultima_modificacion": "2025-08-01 01:01:31.839619"
  },
  "caafa6855ca326cb0": {
    "app_sintetizada": "CAAFA6855CA326CB0",
    "cantidad_archivos": 1,
    "archivos_fuente": [
      "Library/Application Support/Google/Chrome/Default/Service Worker/CacheStorage/d1394a4c842f7861ad7ae5e20da4b484a0c4acad/a5a18824-56f6-4f5f-abb6-64683cbd37bb/caafa6855ca326cb_0"
    ],
    "ultima_modificacion": "2025-08-01 01:01:31.839960"
  },
  "ce07132cb25865760": {
    "app_sintetizada": "CE07132CB25865760",
    "cantidad_archivos": 1,
    "archivos_fuente": [
      "Library/Application Support/Google/Chrome/Default/Service Worker/CacheStorage/d1394a4c842f7861ad7ae5e20da4b484a0c4acad/a5a18824-56f6-4f5f-abb6-64683cbd37bb/ce07132cb2586576_0"
    ],
    "ultima_modificacion": "2025-08-01 01:01:31.840286"
  },
  "f80a4ca1f2b9e2750": {
    "app_sintetizada": "F80A4CA1F2B9E2750",
    "cantidad_archivos": 1,
    "archivos_fuente": [
      "Library/Application Support/Google/Chrome/Default/Service Worker/CacheStorage/d1394a4c842f7861ad7ae5e20da4b484a0c4acad/a5a18824-56f6-4f5f-abb6-64683cbd37bb/f80a4ca1f2b9e275_0"
    ],
    "ultima_modificacion": "2025-08-01 01:01:31.840536"
  },
  "08a763f4431178b70": {
    "app_sintetizada": "08A763F4431178B70",
    "cantidad_archivos": 1,
    "archivos_fuente": [
      "Library/Application Support/Google/Chrome/Default/Service Worker/CacheStorage/d1394a4c842f7861ad7ae5e20da4b484a0c4acad/a5a18824-56f6-4f5f-abb6-64683cbd37bb/08a763f4431178b7_0"
    ],
    "ultima_modificacion": "2025-08-01 01:01:31.840822"
  },
  "7c9a059e05e6bdc60": {
    "app_sintetizada": "7C9A059E05E6BDC60",
    "cantidad_archivos": 1,
    "archivos_fuente": [
      "Library/Application Support/Google/Chrome/Default/Service Worker/CacheStorage/d1394a4c842f7861ad7ae5e20da4b484a0c4acad/a5a18824-56f6-4f5f-abb6-64683cbd37bb/7c9a059e05e6bdc6_0"
    ],
    "ultima_modificacion": "2025-08-01 01:01:31.841139"
  },
  "febf33b7bb2ac84f0": {
    "app_sintetizada": "FEBF33B7BB2AC84F0",
    "cantidad_archivos": 1,
    "archivos_fuente": [
      "Library/Application Support/Google/Chrome/Default/Service Worker/CacheStorage/d1394a4c842f7861ad7ae5e20da4b484a0c4acad/a5a18824-56f6-4f5f-abb6-64683cbd37bb/febf33b7bb2ac84f_0"
    ],
    "ultima_modificacion": "2025-08-01 01:01:31.841477"
  },
  "2c12c24a32a108890": {
    "app_sintetizada": "2C12C24A32A108890",
    "cantidad_archivos": 1,
    "archivos_fuente": [
      "Library/Application Support/Google/Chrome/Default/Service Worker/CacheStorage/d1394a4c842f7861ad7ae5e20da4b484a0c4acad/a5a18824-56f6-4f5f-abb6-64683cbd37bb/2c12c24a32a10889_0"
    ],
    "ultima_modificacion": "2025-08-01 01:01:31.841786"
  },
  "63b8e7e7be8fa4cc0": {
    "app_sintetizada": "63B8E7E7BE8FA4CC0",
    "cantidad_archivos": 1,
    "archivos_fuente": [
      "Library/Application Support/Google/Chrome/Default/Service Worker/CacheStorage/d1394a4c842f7861ad7ae5e20da4b484a0c4acad/a5a18824-56f6-4f5f-abb6-64683cbd37bb/63b8e7e7be8fa4cc_0"
    ],
    "ultima_modificacion": "2025-08-01 01:01:31.842081"
  },
  "d1875e3c4965aed90": {
    "app_sintetizada": "D1875E3C4965AED90",
    "cantidad_archivos": 1,
    "archivos_fuente": [
      "Library/Application Support/Google/Chrome/Default/Service Worker/CacheStorage/d1394a4c842f7861ad7ae5e20da4b484a0c4acad/a5a18824-56f6-4f5f-abb6-64683cbd37bb/d1875e3c4965aed9_0"
    ],
    "ultima_modificacion": "2025-08-01 01:01:31.842368"
  },
  "dce725e25c68a31d0": {
    "app_sintetizada": "DCE725E25C68A31D0",
    "cantidad_archivos": 1,
    "archivos_fuente": [
      "Library/Application Support/Google/Chrome/Default/Service Worker/CacheStorage/d1394a4c842f7861ad7ae5e20da4b484a0c4acad/a5a18824-56f6-4f5f-abb6-64683cbd37bb/dce725e25c68a31d_0"
    ],
    "ultima_modificacion": "2025-08-01 01:01:31.842654"
  },
  "e8b09a9d1597ffb30": {
    "app_sintetizada": "E8B09A9D1597FFB30",
    "cantidad_archivos": 1,
    "archivos_fuente": [
      "Library/Application Support/Google/Chrome/Default/Service Worker/CacheStorage/d1394a4c842f7861ad7ae5e20da4b484a0c4acad/a5a18824-56f6-4f5f-abb6-64683cbd37bb/e8b09a9d1597ffb3_0"
    ],
    "ultima_modificacion": "2025-08-01 01:01:31.842992"
  },
  "5ec9956e301868120": {
    "app_sintetizada": "5EC9956E301868120",
    "cantidad_archivos": 1,
    "archivos_fuente": [
      "Library/Application Support/Google/Chrome/Default/Service Worker/CacheStorage/d1394a4c842f7861ad7ae5e20da4b484a0c4acad/a5a18824-56f6-4f5f-abb6-64683cbd37bb/5ec9956e30186812_0"
    ],
    "ultima_modificacion": "2025-08-01 01:01:31.843303"
  },
  "99868a019e8b246b0": {
    "app_sintetizada": "99868A019E8B246B0",
    "cantidad_archivos": 1,
    "archivos_fuente": [
      "Library/Application Support/Google/Chrome/Default/Service Worker/CacheStorage/d1394a4c842f7861ad7ae5e20da4b484a0c4acad/a5a18824-56f6-4f5f-abb6-64683cbd37bb/99868a019e8b246b_0"
    ],
    "ultima_modificacion": "2025-08-01 01:01:31.843593"
  },
  "5d397060a95fd1360": {
    "app_sintetizada": "5D397060A95FD1360",
    "cantidad_archivos": 1,
    "archivos_fuente": [
      "Library/Application Support/Google/Chrome/Default/Service Worker/CacheStorage/d1394a4c842f7861ad7ae5e20da4b484a0c4acad/a5a18824-56f6-4f5f-abb6-64683cbd37bb/5d397060a95fd136_0"
    ],
    "ultima_modificacion": "2025-08-01 01:01:31.843895"
  },
  "ce4c866bbf483fda0": {
    "app_sintetizada": "CE4C866BBF483FDA0",
    "cantidad_archivos": 1,
    "archivos_fuente": [
      "Library/Application Support/Google/Chrome/Default/Service Worker/CacheStorage/d1394a4c842f7861ad7ae5e20da4b484a0c4acad/a5a18824-56f6-4f5f-abb6-64683cbd37bb/ce4c866bbf483fda_0"
    ],
    "ultima_modificacion": "2025-08-01 01:01:31.844214"
  },
  "cc90ab71beee92c10": {
    "app_sintetizada": "CC90AB71BEEE92C10",
    "cantidad_archivos": 1,
    "archivos_fuente": [
      "Library/Application Support/Google/Chrome/Default/Service Worker/CacheStorage/d1394a4c842f7861ad7ae5e20da4b484a0c4acad/a5a18824-56f6-4f5f-abb6-64683cbd37bb/cc90ab71beee92c1_0"
    ],
    "ultima_modificacion": "2025-08-01 01:01:31.844514"
  },
  "4e27ac7a6713f94b0": {
    "app_sintetizada": "4E27AC7A6713F94B0",
    "cantidad_archivos": 1,
    "archivos_fuente": [
      "Library/Application Support/Google/Chrome/Default/Service Worker/CacheStorage/d1394a4c842f7861ad7ae5e20da4b484a0c4acad/a5a18824-56f6-4f5f-abb6-64683cbd37bb/4e27ac7a6713f94b_0"
    ],
    "ultima_modificacion": "2025-08-01 01:01:31.844797"
  },
  "3701af48ce77beff0": {
    "app_sintetizada": "3701AF48CE77BEFF0",
    "cantidad_archivos": 1,
    "archivos_fuente": [
      "Library/Application Support/Google/Chrome/Default/Service Worker/CacheStorage/d1394a4c842f7861ad7ae5e20da4b484a0c4acad/a5a18824-56f6-4f5f-abb6-64683cbd37bb/3701af48ce77beff_0"
    ],
    "ultima_modificacion": "2025-08-01 01:01:31.845077"
  },
  "73be3643d9b068850": {
    "app_sintetizada": "73BE3643D9B068850",
    "cantidad_archivos": 1,
    "archivos_fuente": [
      "Library/Application Support/Google/Chrome/Default/Service Worker/CacheStorage/d1394a4c842f7861ad7ae5e20da4b484a0c4acad/a5a18824-56f6-4f5f-abb6-64683cbd37bb/73be3643d9b06885_0"
    ],
    "ultima_modificacion": "2025-08-01 01:01:31.845370"
  },
  "e4a5329b25ddb2630": {
    "app_sintetizada": "E4A5329B25DDB2630",
    "cantidad_archivos": 1,
    "archivos_fuente": [
      "Library/Application Support/Google/Chrome/Default/Service Worker/CacheStorage/d1394a4c842f7861ad7ae5e20da4b484a0c4acad/a5a18824-56f6-4f5f-abb6-64683cbd37bb/e4a5329b25ddb263_0"
    ],
    "ultima_modificacion": "2025-08-01 01:01:31.845653"
  },
  "44e7eeccbe70decf0": {
    "app_sintetizada": "44E7EECCBE70DECF0",
    "cantidad_archivos": 1,
    "archivos_fuente": [
      "Library/Application Support/Google/Chrome/Default/Service Worker/CacheStorage/d1394a4c842f7861ad7ae5e20da4b484a0c4acad/a5a18824-56f6-4f5f-abb6-64683cbd37bb/44e7eeccbe70decf_0"
    ],
    "ultima_modificacion": "2025-08-01 01:01:31.845939"
  },
  "78dfd73d76e429b10": {
    "app_sintetizada": "78DFD73D76E429B10",
    "cantidad_archivos": 1,
    "archivos_fuente": [
      "Library/Application Support/Google/Chrome/Default/Service Worker/CacheStorage/d1394a4c842f7861ad7ae5e20da4b484a0c4acad/a5a18824-56f6-4f5f-abb6-64683cbd37bb/78dfd73d76e429b1_0"
    ],
    "ultima_modificacion": "2025-08-01 01:01:31.846255"
  },
  "fc2550671352e8a00": {
    "app_sintetizada": "FC2550671352E8A00",
    "cantidad_archivos": 1,
    "archivos_fuente": [
      "Library/Application Support/Google/Chrome/Default/Service Worker/CacheStorage/d1394a4c842f7861ad7ae5e20da4b484a0c4acad/a5a18824-56f6-4f5f-abb6-64683cbd37bb/fc2550671352e8a0_0"
    ],
    "ultima_modificacion": "2025-08-01 01:01:31.846556"
  },
  "5ddeb3c5d6a6a1500": {
    "app_sintetizada": "5DDEB3C5D6A6A1500",
    "cantidad_archivos": 1,
    "archivos_fuente": [
      "Library/Application Support/Google/Chrome/Default/Service Worker/CacheStorage/d1394a4c842f7861ad7ae5e20da4b484a0c4acad/a5a18824-56f6-4f5f-abb6-64683cbd37bb/5ddeb3c5d6a6a150_0"
    ],
    "ultima_modificacion": "2025-08-01 01:01:31.846848"
  },
  "69026b3be8d388930": {
    "app_sintetizada": "69026B3BE8D388930",
    "cantidad_archivos": 1,
    "archivos_fuente": [
      "Library/Application Support/Google/Chrome/Default/Service Worker/CacheStorage/d1394a4c842f7861ad7ae5e20da4b484a0c4acad/a5a18824-56f6-4f5f-abb6-64683cbd37bb/69026b3be8d38893_0"
    ],
    "ultima_modificacion": "2025-08-01 01:01:31.847137"
  },
  "e1853b263a40ad990": {
    "app_sintetizada": "E1853B263A40AD990",
    "cantidad_archivos": 1,
    "archivos_fuente": [
      "Library/Application Support/Google/Chrome/Default/Service Worker/CacheStorage/d1394a4c842f7861ad7ae5e20da4b484a0c4acad/a5a18824-56f6-4f5f-abb6-64683cbd37bb/e1853b263a40ad99_0"
    ],
    "ultima_modificacion": "2025-08-01 01:01:31.847438"
  },
  "1f474d1be2613b1c0": {
    "app_sintetizada": "1F474D1BE2613B1C0",
    "cantidad_archivos": 1,
    "archivos_fuente": [
      "Library/Application Support/Google/Chrome/Default/Service Worker/CacheStorage/d1394a4c842f7861ad7ae5e20da4b484a0c4acad/a5a18824-56f6-4f5f-abb6-64683cbd37bb/1f474d1be2613b1c_0"
    ],
    "ultima_modificacion": "2025-08-01 01:01:31.847737"
  },
  "f82596e0439c678d0": {
    "app_sintetizada": "F82596E0439C678D0",
    "cantidad_archivos": 1,
    "archivos_fuente": [
      "Library/Application Support/Google/Chrome/Default/Service Worker/CacheStorage/d1394a4c842f7861ad7ae5e20da4b484a0c4acad/a5a18824-56f6-4f5f-abb6-64683cbd37bb/f82596e0439c678d_0"
    ],
    "ultima_modificacion": "2025-08-01 01:01:31.848017"
  },
  "9474c3235c054c3d0": {
    "app_sintetizada": "9474C3235C054C3D0",
    "cantidad_archivos": 1,
    "archivos_fuente": [
      "Library/Application Support/Google/Chrome/Default/Service Worker/CacheStorage/d1394a4c842f7861ad7ae5e20da4b484a0c4acad/a5a18824-56f6-4f5f-abb6-64683cbd37bb/9474c3235c054c3d_0"
    ],
    "ultima_modificacion": "2025-08-01 01:01:31.848292"
  },
  "bd49307273fbebbf0": {
    "app_sintetizada": "BD49307273FBEBBF0",
    "cantidad_archivos": 1,
    "archivos_fuente": [
      "Library/Application Support/Google/Chrome/Default/Service Worker/CacheStorage/d1394a4c842f7861ad7ae5e20da4b484a0c4acad/a5a18824-56f6-4f5f-abb6-64683cbd37bb/bd49307273fbebbf_0"
    ],
    "ultima_modificacion": "2025-08-01 01:01:31.848571"
  },
  "55b6d38dc5b781d10": {
    "app_sintetizada": "55B6D38DC5B781D10",
    "cantidad_archivos": 1,
    "archivos_fuente": [
      "Library/Application Support/Google/Chrome/Default/Service Worker/CacheStorage/d1394a4c842f7861ad7ae5e20da4b484a0c4acad/a5a18824-56f6-4f5f-abb6-64683cbd37bb/55b6d38dc5b781d1_0"
    ],
    "ultima_modificacion": "2025-08-01 01:01:31.848855"
  },
  "f3f1c3e0dfeaf7230": {
    "app_sintetizada": "F3F1C3E0DFEAF7230",
    "cantidad_archivos": 1,
    "archivos_fuente": [
      "Library/Application Support/Google/Chrome/Default/Service Worker/CacheStorage/d1394a4c842f7861ad7ae5e20da4b484a0c4acad/a5a18824-56f6-4f5f-abb6-64683cbd37bb/f3f1c3e0dfeaf723_0"
    ],
    "ultima_modificacion": "2025-08-01 01:01:31.849187"
  },
  "1a931148302f51590": {
    "app_sintetizada": "1A931148302F51590",
    "cantidad_archivos": 1,
    "archivos_fuente": [
      "Library/Application Support/Google/Chrome/Default/Service Worker/CacheStorage/d1394a4c842f7861ad7ae5e20da4b484a0c4acad/a5a18824-56f6-4f5f-abb6-64683cbd37bb/1a931148302f5159_0"
    ],
    "ultima_modificacion": "2025-08-01 01:01:31.849488"
  },
  "f435a8749b3ab3550": {
    "app_sintetizada": "F435A8749B3AB3550",
    "cantidad_archivos": 1,
    "archivos_fuente": [
      "Library/Application Support/Google/Chrome/Default/Service Worker/CacheStorage/d1394a4c842f7861ad7ae5e20da4b484a0c4acad/a5a18824-56f6-4f5f-abb6-64683cbd37bb/f435a8749b3ab355_0"
    ],
    "ultima_modificacion": "2025-08-01 01:01:31.849812"
  },
  "3ac2476a6c4f01790": {
    "app_sintetizada": "3AC2476A6C4F01790",
    "cantidad_archivos": 1,
    "archivos_fuente": [
      "Library/Application Support/Google/Chrome/Default/Service Worker/CacheStorage/d1394a4c842f7861ad7ae5e20da4b484a0c4acad/a5a18824-56f6-4f5f-abb6-64683cbd37bb/3ac2476a6c4f0179_0"
    ],
    "ultima_modificacion": "2025-08-01 01:01:31.850134"
  },
  "87e90e26036183a30": {
    "app_sintetizada": "87E90E26036183A30",
    "cantidad_archivos": 1,
    "archivos_fuente": [
      "Library/Application Support/Google/Chrome/Default/Service Worker/CacheStorage/d1394a4c842f7861ad7ae5e20da4b484a0c4acad/a5a18824-56f6-4f5f-abb6-64683cbd37bb/87e90e26036183a3_0"
    ],
    "ultima_modificacion": "2025-08-01 01:01:31.850435"
  },
  "d32eb5c550b9bb3b0": {
    "app_sintetizada": "D32EB5C550B9BB3B0",
    "cantidad_archivos": 1,
    "archivos_fuente": [
      "Library/Application Support/Google/Chrome/Default/Service Worker/CacheStorage/d1394a4c842f7861ad7ae5e20da4b484a0c4acad/a5a18824-56f6-4f5f-abb6-64683cbd37bb/d32eb5c550b9bb3b_0"
    ],
    "ultima_modificacion": "2025-08-01 01:01:31.850744"
  },
  "c8e7c75c9b011cc00": {
    "app_sintetizada": "C8E7C75C9B011CC00",
    "cantidad_archivos": 1,
    "archivos_fuente": [
      "Library/Application Support/Google/Chrome/Default/Service Worker/CacheStorage/d1394a4c842f7861ad7ae5e20da4b484a0c4acad/a5a18824-56f6-4f5f-abb6-64683cbd37bb/c8e7c75c9b011cc0_0"
    ],
    "ultima_modificacion": "2025-08-01 01:01:31.851043"
  },
  "4fb20c9099676f2d0": {
    "app_sintetizada": "4FB20C9099676F2D0",
    "cantidad_archivos": 1,
    "archivos_fuente": [
      "Library/Application Support/Google/Chrome/Default/Service Worker/CacheStorage/d1394a4c842f7861ad7ae5e20da4b484a0c4acad/a5a18824-56f6-4f5f-abb6-64683cbd37bb/4fb20c9099676f2d_0"
    ],
    "ultima_modificacion": "2025-08-01 01:01:31.851349"
  },
  "26cc7a44258452740": {
    "app_sintetizada": "26CC7A44258452740",
    "cantidad_archivos": 1,
    "archivos_fuente": [
      "Library/Application Support/Google/Chrome/Default/Service Worker/CacheStorage/d1394a4c842f7861ad7ae5e20da4b484a0c4acad/a5a18824-56f6-4f5f-abb6-64683cbd37bb/26cc7a4425845274_0"
    ],
    "ultima_modificacion": "2025-08-01 01:01:31.851631"
  },
  "b084eec7f785b2610": {
    "app_sintetizada": "B084EEC7F785B2610",
    "cantidad_archivos": 1,
    "archivos_fuente": [
      "Library/Application Support/Google/Chrome/Default/Service Worker/CacheStorage/d1394a4c842f7861ad7ae5e20da4b484a0c4acad/a5a18824-56f6-4f5f-abb6-64683cbd37bb/b084eec7f785b261_0"
    ],
    "ultima_modificacion": "2025-08-01 01:01:31.851939"
  },
  "55cf38432ce944550": {
    "app_sintetizada": "55CF38432CE944550",
    "cantidad_archivos": 1,
    "archivos_fuente": [
      "Library/Application Support/Google/Chrome/Default/Service Worker/CacheStorage/d1394a4c842f7861ad7ae5e20da4b484a0c4acad/a5a18824-56f6-4f5f-abb6-64683cbd37bb/55cf38432ce94455_0"
    ],
    "ultima_modificacion": "2025-08-01 01:01:31.852234"
  },
  "aec1ae4b04e088010": {
    "app_sintetizada": "AEC1AE4B04E088010",
    "cantidad_archivos": 1,
    "archivos_fuente": [
      "Library/Application Support/Google/Chrome/Default/Service Worker/CacheStorage/d1394a4c842f7861ad7ae5e20da4b484a0c4acad/a5a18824-56f6-4f5f-abb6-64683cbd37bb/aec1ae4b04e08801_0"
    ],
    "ultima_modificacion": "2025-08-01 01:01:31.852537"
  },
  "fbe52b0c3da86bdc0": {
    "app_sintetizada": "FBE52B0C3DA86BDC0",
    "cantidad_archivos": 1,
    "archivos_fuente": [
      "Library/Application Support/Google/Chrome/Default/Service Worker/CacheStorage/d1394a4c842f7861ad7ae5e20da4b484a0c4acad/a5a18824-56f6-4f5f-abb6-64683cbd37bb/fbe52b0c3da86bdc_0"
    ],
    "ultima_modificacion": "2025-08-01 01:01:31.852829"
  },
  "f00de1bdbe8f16760": {
    "app_sintetizada": "F00DE1BDBE8F16760",
    "cantidad_archivos": 1,
    "archivos_fuente": [
      "Library/Application Support/Google/Chrome/Default/Service Worker/CacheStorage/d1394a4c842f7861ad7ae5e20da4b484a0c4acad/a5a18824-56f6-4f5f-abb6-64683cbd37bb/f00de1bdbe8f1676_0"
    ],
    "ultima_modificacion": "2025-08-01 01:01:31.853126"
  },
  "16d89e1323d6d9af0": {
    "app_sintetizada": "16D89E1323D6D9AF0",
    "cantidad_archivos": 1,
    "archivos_fuente": [
      "Library/Application Support/Google/Chrome/Default/Service Worker/CacheStorage/d1394a4c842f7861ad7ae5e20da4b484a0c4acad/a5a18824-56f6-4f5f-abb6-64683cbd37bb/16d89e1323d6d9af_0"
    ],
    "ultima_modificacion": "2025-08-01 01:01:31.853406"
  },
  "fa83809f471095f70": {
    "app_sintetizada": "FA83809F471095F70",
    "cantidad_archivos": 1,
    "archivos_fuente": [
      "Library/Application Support/Google/Chrome/Default/Service Worker/CacheStorage/d1394a4c842f7861ad7ae5e20da4b484a0c4acad/a5a18824-56f6-4f5f-abb6-64683cbd37bb/fa83809f471095f7_0"
    ],
    "ultima_modificacion": "2025-08-01 01:01:31.853711"
  },
  "f1ca413c6597239c0": {
    "app_sintetizada": "F1CA413C6597239C0",
    "cantidad_archivos": 1,
    "archivos_fuente": [
      "Library/Application Support/Google/Chrome/Default/Service Worker/CacheStorage/d1394a4c842f7861ad7ae5e20da4b484a0c4acad/a5a18824-56f6-4f5f-abb6-64683cbd37bb/f1ca413c6597239c_0"
    ],
    "ultima_modificacion": "2025-08-01 01:01:31.854074"
  },
  "699c1a7fb2d5bb7a0": {
    "app_sintetizada": "699C1A7FB2D5BB7A0",
    "cantidad_archivos": 1,
    "archivos_fuente": [
      "Library/Application Support/Google/Chrome/Default/Service Worker/CacheStorage/d1394a4c842f7861ad7ae5e20da4b484a0c4acad/a5a18824-56f6-4f5f-abb6-64683cbd37bb/699c1a7fb2d5bb7a_0"
    ],
    "ultima_modificacion": "2025-08-01 01:01:31.854394"
  },
  "8e9a66de4649dffb0": {
    "app_sintetizada": "8E9A66DE4649DFFB0",
    "cantidad_archivos": 1,
    "archivos_fuente": [
      "Library/Application Support/Google/Chrome/Default/Service Worker/CacheStorage/d1394a4c842f7861ad7ae5e20da4b484a0c4acad/a5a18824-56f6-4f5f-abb6-64683cbd37bb/8e9a66de4649dffb_0"
    ],
    "ultima_modificacion": "2025-08-01 01:01:31.854714"
  },
  "97e6b19dced6637c0": {
    "app_sintetizada": "97E6B19DCED6637C0",
    "cantidad_archivos": 1,
    "archivos_fuente": [
      "Library/Application Support/Google/Chrome/Default/Service Worker/CacheStorage/d1394a4c842f7861ad7ae5e20da4b484a0c4acad/a5a18824-56f6-4f5f-abb6-64683cbd37bb/97e6b19dced6637c_0"
    ],
    "ultima_modificacion": "2025-08-01 01:01:31.855052"
  },
  "bac27fcd6d1cc7610": {
    "app_sintetizada": "BAC27FCD6D1CC7610",
    "cantidad_archivos": 1,
    "archivos_fuente": [
      "Library/Application Support/Google/Chrome/Default/Service Worker/CacheStorage/d1394a4c842f7861ad7ae5e20da4b484a0c4acad/a5a18824-56f6-4f5f-abb6-64683cbd37bb/bac27fcd6d1cc761_0"
    ],
    "ultima_modificacion": "2025-08-01 01:01:31.855370"
  },
  "aa5a1128390254ac0": {
    "app_sintetizada": "AA5A1128390254AC0",
    "cantidad_archivos": 1,
    "archivos_fuente": [
      "Library/Application Support/Google/Chrome/Default/Service Worker/CacheStorage/d1394a4c842f7861ad7ae5e20da4b484a0c4acad/a5a18824-56f6-4f5f-abb6-64683cbd37bb/aa5a1128390254ac_0"
    ],
    "ultima_modificacion": "2025-08-01 01:01:31.855697"
  },
  "202c34d9b85e411a0": {
    "app_sintetizada": "202C34D9B85E411A0",
    "cantidad_archivos": 1,
    "archivos_fuente": [
      "Library/Application Support/Google/Chrome/Default/Service Worker/CacheStorage/d1394a4c842f7861ad7ae5e20da4b484a0c4acad/a5a18824-56f6-4f5f-abb6-64683cbd37bb/202c34d9b85e411a_0"
    ],
    "ultima_modificacion": "2025-08-01 01:01:31.856028"
  },
  "fa54963a2fca069a0": {
    "app_sintetizada": "FA54963A2FCA069A0",
    "cantidad_archivos": 1,
    "archivos_fuente": [
      "Library/Application Support/Google/Chrome/Default/Service Worker/CacheStorage/d1394a4c842f7861ad7ae5e20da4b484a0c4acad/a5a18824-56f6-4f5f-abb6-64683cbd37bb/fa54963a2fca069a_0"
    ],
    "ultima_modificacion": "2025-08-01 01:01:31.856370"
  },
  "69a6bb9f85f068ba0": {
    "app_sintetizada": "69A6BB9F85F068BA0",
    "cantidad_archivos": 1,
    "archivos_fuente": [
      "Library/Application Support/Google/Chrome/Default/Service Worker/CacheStorage/d1394a4c842f7861ad7ae5e20da4b484a0c4acad/a5a18824-56f6-4f5f-abb6-64683cbd37bb/69a6bb9f85f068ba_0"
    ],
    "ultima_modificacion": "2025-08-01 01:01:31.856691"
  },
  "81508ba658b637230": {
    "app_sintetizada": "81508BA658B637230",
    "cantidad_archivos": 1,
    "archivos_fuente": [
      "Library/Application Support/Google/Chrome/Default/Service Worker/CacheStorage/d1394a4c842f7861ad7ae5e20da4b484a0c4acad/a5a18824-56f6-4f5f-abb6-64683cbd37bb/81508ba658b63723_0"
    ],
    "ultima_modificacion": "2025-08-01 01:01:31.857026"
  },
  "52d5f0274969322d0": {
    "app_sintetizada": "52D5F0274969322D0",
    "cantidad_archivos": 1,
    "archivos_fuente": [
      "Library/Application Support/Google/Chrome/Default/Service Worker/CacheStorage/d1394a4c842f7861ad7ae5e20da4b484a0c4acad/a5a18824-56f6-4f5f-abb6-64683cbd37bb/52d5f0274969322d_0"
    ],
    "ultima_modificacion": "2025-08-01 01:01:31.857338"
  },
  "fad4b7a65bcf81520": {
    "app_sintetizada": "FAD4B7A65BCF81520",
    "cantidad_archivos": 1,
    "archivos_fuente": [
      "Library/Application Support/Google/Chrome/Default/Service Worker/CacheStorage/d1394a4c842f7861ad7ae5e20da4b484a0c4acad/a5a18824-56f6-4f5f-abb6-64683cbd37bb/fad4b7a65bcf8152_0"
    ],
    "ultima_modificacion": "2025-08-01 01:01:31.857666"
  },
  "01f64d709b373e060": {
    "app_sintetizada": "01F64D709B373E060",
    "cantidad_archivos": 1,
    "archivos_fuente": [
      "Library/Application Support/Google/Chrome/Default/Service Worker/CacheStorage/d1394a4c842f7861ad7ae5e20da4b484a0c4acad/a5a18824-56f6-4f5f-abb6-64683cbd37bb/01f64d709b373e06_0"
    ],
    "ultima_modificacion": "2025-08-01 01:01:31.857983"
  }
}