{
  "396e2e5d342550870": {
    "app_sintetizada": "396E2E5D342550870",
    "cantidad_archivos": 1,
    "archivos_fuente": [
      "Library/Application Support/Microsoft/Skype for Desktop/Cache/396e2e5d34255087_0"
    ],
    "ultima_modificacion": "2025-08-01 01:01:39.657328"
  },
  "01ae1195c9e373c10": {
    "app_sintetizada": "01AE1195C9E373C10",
    "cantidad_archivos": 1,
    "archivos_fuente": [
      "Library/Application Support/Microsoft/Skype for Desktop/Cache/01ae1195c9e373c1_0"
    ],
    "ultima_modificacion": "2025-08-01 01:01:39.657964"
  },
  "5a674554c93f65290": {
    "app_sintetizada": "5A674554C93F65290",
    "cantidad_archivos": 1,
    "archivos_fuente": [
      "Library/Application Support/Microsoft/Skype for Desktop/Cache/5a674554c93f6529_0"
    ],
    "ultima_modificacion": "2025-08-01 01:01:39.658863"
  },
  "34111b233206edf30": {
    "app_sintetizada": "34111B233206EDF30",
    "cantidad_archivos": 1,
    "archivos_fuente": [
      "Library/Application Support/Microsoft/Skype for Desktop/Cache/34111b233206edf3_0"
    ],
    "ultima_modificacion": "2025-08-01 01:01:39.659279"
  },
  "134eb896848c42e10": {
    "app_sintetizada": "134EB896848C42E10",
    "cantidad_archivos": 1,
    "archivos_fuente": [
      "Library/Application Support/Microsoft/Skype for Desktop/Cache/134eb896848c42e1_0"
    ],
    "ultima_modificacion": "2025-08-01 01:01:39.660837"
  },
  "a6d9ee1151dafe020": {
    "app_sintetizada": "A6D9EE1151DAFE020",
    "cantidad_archivos": 1,
    "archivos_fuente": [
      "Library/Application Support/Microsoft/Skype for Desktop/Cache/a6d9ee1151dafe02_0"
    ],
    "ultima_modificacion": "2025-08-01 01:01:39.661452"
  },
  "c014a97b4d76f4e20": {
    "app_sintetizada": "C014A97B4D76F4E20",
    "cantidad_archivos": 1,
    "archivos_fuente": [
      "Library/Application Support/Microsoft/Skype for Desktop/Cache/c014a97b4d76f4e2_0"
    ],
    "ultima_modificacion": "2025-08-01 01:01:39.662183"
  },
  "ea87fb274641bf8d0": {
    "app_sintetizada": "EA87FB274641BF8D0",
    "cantidad_archivos": 1,
    "archivos_fuente": [
      "Library/Application Support/Microsoft/Skype for Desktop/Cache/ea87fb274641bf8d_0"
    ],
    "ultima_modificacion": "2025-08-01 01:01:39.662695"
  },
  "dc7712f502e500d50": {
    "app_sintetizada": "DC7712F502E500D50",
    "cantidad_archivos": 1,
    "archivos_fuente": [
      "Library/Application Support/Microsoft/Skype for Desktop/Cache/dc7712f502e500d5_0"
    ],
    "ultima_modificacion": "2025-08-01 01:01:39.663161"
  },
  "056995c3a90984ee0": {
    "app_sintetizada": "056995C3A90984EE0",
    "cantidad_archivos": 1,
    "archivos_fuente": [
      "Library/Application Support/Microsoft/Skype for Desktop/Cache/056995c3a90984ee_0"
    ],
    "ultima_modificacion": "2025-08-01 01:01:39.663643"
  },
  "2ef8092df41bc4c50": {
    "app_sintetizada": "2EF8092DF41BC4C50",
    "cantidad_archivos": 1,
    "archivos_fuente": [
      "Library/Application Support/Microsoft/Skype for Desktop/Cache/2ef8092df41bc4c5_0"
    ],
    "ultima_modificacion": "2025-08-01 01:01:39.665442"
  },
  "591a6b682e7a65500": {
    "app_sintetizada": "591A6B682E7A65500",
    "cantidad_archivos": 1,
    "archivos_fuente": [
      "Library/Application Support/Microsoft/Skype for Desktop/Cache/591a6b682e7a6550_0"
    ],
    "ultima_modificacion": "2025-08-01 01:01:39.668034"
  },
  "17db1836fcb7486f0": {
    "app_sintetizada": "17DB1836FCB7486F0",
    "cantidad_archivos": 1,
    "archivos_fuente": [
      "Library/Application Support/Microsoft/Skype for Desktop/Cache/17db1836fcb7486f_0"
    ],
    "ultima_modificacion": "2025-08-01 01:01:39.669378"
  },
  "6f49974734256e510": {
    "app_sintetizada": "6F49974734256E510",
    "cantidad_archivos": 1,
    "archivos_fuente": [
      "Library/Application Support/Microsoft/Skype for Desktop/Cache/6f49974734256e51_0"
    ],
    "ultima_modificacion": "2025-08-01 01:01:39.670704"
  },
  "5be79757ccfb22f20": {
    "app_sintetizada": "5BE79757CCFB22F20",
    "cantidad_archivos": 1,
    "archivos_fuente": [
      "Library/Application Support/Microsoft/Skype for Desktop/Cache/5be79757ccfb22f2_0"
    ],
    "ultima_modificacion": "2025-08-01 01:01:39.671698"
  },
  "e4e8ad8f7e7104ae0": {
    "app_sintetizada": "E4E8AD8F7E7104AE0",
    "cantidad_archivos": 1,
    "archivos_fuente": [
      "Library/Application Support/Microsoft/Skype for Desktop/Cache/e4e8ad8f7e7104ae_0"
    ],
    "ultima_modificacion": "2025-08-01 01:01:39.672069"
  },
  "b4b7116e7788c77f0": {
    "app_sintetizada": "B4B7116E7788C77F0",
    "cantidad_archivos": 1,
    "archivos_fuente": [
      "Library/Application Support/Microsoft/Skype for Desktop/Cache/b4b7116e7788c77f_0"
    ],
    "ultima_modificacion": "2025-08-01 01:01:39.672428"
  },
  "5fa52dcf11b290cb0": {
    "app_sintetizada": "5FA52DCF11B290CB0",
    "cantidad_archivos": 1,
    "archivos_fuente": [
      "Library/Application Support/Microsoft/Skype for Desktop/Cache/5fa52dcf11b290cb_0"
    ],
    "ultima_modificacion": "2025-08-01 01:01:39.673093"
  },
  "6a9c212fe660092d0": {
    "app_sintetizada": "6A9C212FE660092D0",
    "cantidad_archivos": 1,
    "archivos_fuente": [
      "Library/Application Support/Microsoft/Skype for Desktop/Cache/6a9c212fe660092d_0"
    ],
    "ultima_modificacion": "2025-08-01 01:01:39.677527"
  },
  "75477844536f02330": {
    "app_sintetizada": "75477844536F02330",
    "cantidad_archivos": 1,
    "archivos_fuente": [
      "Library/Application Support/Microsoft/Skype for Desktop/Cache/75477844536f0233_0"
    ],
    "ultima_modificacion": "2025-08-01 01:01:39.678520"
  },
  "68326f158d58d6e10": {
    "app_sintetizada": "68326F158D58D6E10",
    "cantidad_archivos": 1,
    "archivos_fuente": [
      "Library/Application Support/Microsoft/Skype for Desktop/Cache/68326f158d58d6e1_0"
    ],
    "ultima_modificacion": "2025-08-01 01:01:39.679774"
  },
  "8f5b256b9f9a62be0": {
    "app_sintetizada": "8F5B256B9F9A62BE0",
    "cantidad_archivos": 1,
    "archivos_fuente": [
      "Library/Application Support/Microsoft/Skype for Desktop/Cache/8f5b256b9f9a62be_0"
    ],
    "ultima_modificacion": "2025-08-01 01:01:39.682420"
  },
  "7c98541f25aec1880": {
    "app_sintetizada": "7C98541F25AEC1880",
    "cantidad_archivos": 1,
    "archivos_fuente": [
      "Library/Application Support/Microsoft/Skype for Desktop/Cache/7c98541f25aec188_0"
    ],
    "ultima_modificacion": "2025-08-01 01:01:39.684078"
  },
  "bfa90b71815ba9ef0": {
    "app_sintetizada": "BFA90B71815BA9EF0",
    "cantidad_archivos": 1,
    "archivos_fuente": [
      "Library/Application Support/Microsoft/Skype for Desktop/Cache/bfa90b71815ba9ef_0"
    ],
    "ultima_modificacion": "2025-08-01 01:01:39.685487"
  },
  "42751496df5c01180": {
    "app_sintetizada": "42751496DF5C01180",
    "cantidad_archivos": 1,
    "archivos_fuente": [
      "Library/Application Support/Microsoft/Skype for Desktop/Cache/42751496df5c0118_0"
    ],
    "ultima_modificacion": "2025-08-01 01:01:39.689096"
  },
  "00123c1a64f2e5950": {
    "app_sintetizada": "00123C1A64F2E5950",
    "cantidad_archivos": 1,
    "archivos_fuente": [
      "Library/Application Support/Microsoft/Skype for Desktop/Cache/00123c1a64f2e595_0"
    ],
    "ultima_modificacion": "2025-08-01 01:01:39.691368"
  },
  "f694e07f390c3ee20": {
    "app_sintetizada": "F694E07F390C3EE20",
    "cantidad_archivos": 1,
    "archivos_fuente": [
      "Library/Application Support/Microsoft/Skype for Desktop/Cache/f694e07f390c3ee2_0"
    ],
    "ultima_modificacion": "2025-08-01 01:01:39.691832"
  },
  "90f99387b781cfc80": {
    "app_sintetizada": "90F99387B781CFC80",
    "cantidad_archivos": 1,
    "archivos_fuente": [
      "Library/Application Support/Microsoft/Skype for Desktop/Cache/90f99387b781cfc8_0"
    ],
    "ultima_modificacion": "2025-08-01 01:01:39.693807"
  },
  "9b0e4ac61d4a26bf0": {
    "app_sintetizada": "9B0E4AC61D4A26BF0",
    "cantidad_archivos": 1,
    "archivos_fuente": [
      "Library/Application Support/Microsoft/Skype for Desktop/Cache/9b0e4ac61d4a26bf_0"
    ],
    "ultima_modificacion": "2025-08-01 01:01:39.694873"
  },
  "a2a1ea9b487ff8830": {
    "app_sintetizada": "A2A1EA9B487FF8830",
    "cantidad_archivos": 1,
    "archivos_fuente": [
      "Library/Application Support/Microsoft/Skype for Desktop/Cache/a2a1ea9b487ff883_0"
    ],
    "ultima_modificacion": "2025-08-01 01:01:39.695286"
  },
  "33d911e22ff1a96c0": {
    "app_sintetizada": "33D911E22FF1A96C0",
    "cantidad_archivos": 1,
    "archivos_fuente": [
      "Library/Application Support/Microsoft/Skype for Desktop/Cache/33d911e22ff1a96c_0"
    ],
    "ultima_modificacion": "2025-08-01 01:01:39.695656"
  },
  "fdefa0ce6ef4be8a0": {
    "app_sintetizada": "FDEFA0CE6EF4BE8A0",
    "cantidad_archivos": 1,
    "archivos_fuente": [
      "Library/Application Support/Microsoft/Skype for Desktop/Cache/fdefa0ce6ef4be8a_0"
    ],
    "ultima_modificacion": "2025-08-01 01:01:39.695979"
  },
  "0eab733c0272e73c0": {
    "app_sintetizada": "0EAB733C0272E73C0",
    "cantidad_archivos": 1,
    "archivos_fuente": [
      "Library/Application Support/Microsoft/Skype for Desktop/Cache/0eab733c0272e73c_0"
    ],
    "ultima_modificacion": "2025-08-01 01:01:39.696329"
  },
  "4e7c0dda858d01530": {
    "app_sintetizada": "4E7C0DDA858D01530",
    "cantidad_archivos": 1,
    "archivos_fuente": [
      "Library/Application Support/Microsoft/Skype for Desktop/Cache/4e7c0dda858d0153_0"
    ],
    "ultima_modificacion": "2025-08-01 01:01:39.696686"
  },
  "ad3f8eeafb34b1cb0": {
    "app_sintetizada": "AD3F8EEAFB34B1CB0",
    "cantidad_archivos": 1,
    "archivos_fuente": [
      "Library/Application Support/Microsoft/Skype for Desktop/Cache/ad3f8eeafb34b1cb_0"
    ],
    "ultima_modificacion": "2025-08-01 01:01:39.697502"
  },
  "9edae8d5219f3e730": {
    "app_sintetizada": "9EDAE8D5219F3E730",
    "cantidad_archivos": 1,
    "archivos_fuente": [
      "Library/Application Support/Microsoft/Skype for Desktop/Cache/9edae8d5219f3e73_0"
    ],
    "ultima_modificacion": "2025-08-01 01:01:39.697877"
  },
  "db050b9279fbcae50": {
    "app_sintetizada": "DB050B9279FBCAE50",
    "cantidad_archivos": 1,
    "archivos_fuente": [
      "Library/Application Support/Microsoft/Skype for Desktop/Cache/db050b9279fbcae5_0"
    ],
    "ultima_modificacion": "2025-08-01 01:01:39.698230"
  },
  "05a1bb4ad82e17ee0": {
    "app_sintetizada": "05A1BB4AD82E17EE0",
    "cantidad_archivos": 1,
    "archivos_fuente": [
      "Library/Application Support/Microsoft/Skype for Desktop/Cache/05a1bb4ad82e17ee_0"
    ],
    "ultima_modificacion": "2025-08-01 01:01:39.698658"
  },
  "50c1cf8f9aba49280": {
    "app_sintetizada": "50C1CF8F9ABA49280",
    "cantidad_archivos": 1,
    "archivos_fuente": [
      "Library/Application Support/Microsoft/Skype for Desktop/Cache/50c1cf8f9aba4928_0"
    ],
    "ultima_modificacion": "2025-08-01 01:01:39.699022"
  },
  "c953f3260361261b0": {
    "app_sintetizada": "C953F3260361261B0",
    "cantidad_archivos": 1,
    "archivos_fuente": [
      "Library/Application Support/Microsoft/Skype for Desktop/Cache/c953f3260361261b_0"
    ],
    "ultima_modificacion": "2025-08-01 01:01:39.699417"
  },
  "1c7a5d5c599648490": {
    "app_sintetizada": "1C7A5D5C599648490",
    "cantidad_archivos": 1,
    "archivos_fuente": [
      "Library/Application Support/Microsoft/Skype for Desktop/Cache/1c7a5d5c59964849_0"
    ],
    "ultima_modificacion": "2025-08-01 01:01:39.700851"
  },
  "e0e3682dfa96440a0": {
    "app_sintetizada": "E0E3682DFA96440A0",
    "cantidad_archivos": 1,
    "archivos_fuente": [
      "Library/Application Support/Microsoft/Skype for Desktop/Cache/e0e3682dfa96440a_0"
    ],
    "ultima_modificacion": "2025-08-01 01:01:39.701390"
  },
  "63c28d47d77835cd0": {
    "app_sintetizada": "63C28D47D77835CD0",
    "cantidad_archivos": 1,
    "archivos_fuente": [
      "Library/Application Support/Microsoft/Skype for Desktop/Cache/63c28d47d77835cd_0"
    ],
    "ultima_modificacion": "2025-08-01 01:01:39.701933"
  },
  "9ff73b7465cae5ba0": {
    "app_sintetizada": "9FF73B7465CAE5BA0",
    "cantidad_archivos": 1,
    "archivos_fuente": [
      "Library/Application Support/Microsoft/Skype for Desktop/Cache/9ff73b7465cae5ba_0"
    ],
    "ultima_modificacion": "2025-08-01 01:01:39.702415"
  },
  "97157dc6af90cc070": {
    "app_sintetizada": "97157DC6AF90CC070",
    "cantidad_archivos": 1,
    "archivos_fuente": [
      "Library/Application Support/Microsoft/Skype for Desktop/Cache/97157dc6af90cc07_0"
    ],
    "ultima_modificacion": "2025-08-01 01:01:39.702915"
  },
  "d2ce94053542a2a80": {
    "app_sintetizada": "D2CE94053542A2A80",
    "cantidad_archivos": 1,
    "archivos_fuente": [
      "Library/Application Support/Microsoft/Skype for Desktop/Cache/d2ce94053542a2a8_0"
    ],
    "ultima_modificacion": "2025-08-01 01:01:39.703303"
  },
  "d3cb5d2abbb359de0": {
    "app_sintetizada": "D3CB5D2ABBB359DE0",
    "cantidad_archivos": 1,
    "archivos_fuente": [
      "Library/Application Support/Microsoft/Skype for Desktop/Cache/d3cb5d2abbb359de_0"
    ],
    "ultima_modificacion": "2025-08-01 01:01:39.703667"
  },
  "50e3a926f72904610": {
    "app_sintetizada": "50E3A926F72904610",
    "cantidad_archivos": 1,
    "archivos_fuente": [
      "Library/Application Support/Microsoft/Skype for Desktop/Cache/50e3a926f7290461_0"
    ],
    "ultima_modificacion": "2025-08-01 01:01:39.704044"
  },
  "4f92cc7852018ec50": {
    "app_sintetizada": "4F92CC7852018EC50",
    "cantidad_archivos": 1,
    "archivos_fuente": [
      "Library/Application Support/Microsoft/Skype for Desktop/Cache/4f92cc7852018ec5_0"
    ],
    "ultima_modificacion": "2025-08-01 01:01:39.704670"
  },
  "20cc97dcd4ee17690": {
    "app_sintetizada": "20CC97DCD4EE17690",
    "cantidad_archivos": 1,
    "archivos_fuente": [
      "Library/Application Support/Microsoft/Skype for Desktop/Cache/20cc97dcd4ee1769_0"
    ],
    "ultima_modificacion": "2025-08-01 01:01:39.705125"
  },
  "3ce3aef3ce4db3390": {
    "app_sintetizada": "3CE3AEF3CE4DB3390",
    "cantidad_archivos": 1,
    "archivos_fuente": [
      "Library/Application Support/Microsoft/Skype for Desktop/Cache/3ce3aef3ce4db339_0"
    ],
    "ultima_modificacion": "2025-08-01 01:01:39.705510"
  },
  "b527096910157db30": {
    "app_sintetizada": "B527096910157DB30",
    "cantidad_archivos": 1,
    "archivos_fuente": [
      "Library/Application Support/Microsoft/Skype for Desktop/Cache/b527096910157db3_0"
    ],
    "ultima_modificacion": "2025-08-01 01:01:39.705895"
  },
  "0d72f0d6ef88cc0d0": {
    "app_sintetizada": "0D72F0D6EF88CC0D0",
    "cantidad_archivos": 1,
    "archivos_fuente": [
      "Library/Application Support/Microsoft/Skype for Desktop/Cache/0d72f0d6ef88cc0d_0"
    ],
    "ultima_modificacion": "2025-08-01 01:01:39.706231"
  },
  "6c7afc13ec83f96d0": {
    "app_sintetizada": "6C7AFC13EC83F96D0",
    "cantidad_archivos": 1,
    "archivos_fuente": [
      "Library/Application Support/Microsoft/Skype for Desktop/Cache/6c7afc13ec83f96d_0"
    ],
    "ultima_modificacion": "2025-08-01 01:01:39.706560"
  },
  "e76fab3b6eb3a08f0": {
    "app_sintetizada": "E76FAB3B6EB3A08F0",
    "cantidad_archivos": 1,
    "archivos_fuente": [
      "Library/Application Support/Microsoft/Skype for Desktop/Cache/e76fab3b6eb3a08f_0"
    ],
    "ultima_modificacion": "2025-08-01 01:01:39.706933"
  },
  "19ff57f4886bff540": {
    "app_sintetizada": "19FF57F4886BFF540",
    "cantidad_archivos": 1,
    "archivos_fuente": [
      "Library/Application Support/Microsoft/Skype for Desktop/Cache/19ff57f4886bff54_0"
    ],
    "ultima_modificacion": "2025-08-01 01:01:39.707297"
  },
  "9fba54e310ceb93d0": {
    "app_sintetizada": "9FBA54E310CEB93D0",
    "cantidad_archivos": 1,
    "archivos_fuente": [
      "Library/Application Support/Microsoft/Skype for Desktop/Cache/9fba54e310ceb93d_0"
    ],
    "ultima_modificacion": "2025-08-01 01:01:39.707640"
  },
  "654aacc5189ed7ed0": {
    "app_sintetizada": "654AACC5189ED7ED0",
    "cantidad_archivos": 1,
    "archivos_fuente": [
      "Library/Application Support/Microsoft/Skype for Desktop/Cache/654aacc5189ed7ed_0"
    ],
    "ultima_modificacion": "2025-08-01 01:01:39.707982"
  },
  "98daa156151b44460": {
    "app_sintetizada": "98DAA156151B44460",
    "cantidad_archivos": 1,
    "archivos_fuente": [
      "Library/Application Support/Microsoft/Skype for Desktop/Cache/98daa156151b4446_0"
    ],
    "ultima_modificacion": "2025-08-01 01:01:39.708351"
  },
  "bee5a34a33421f710": {
    "app_sintetizada": "BEE5A34A33421F710",
    "cantidad_archivos": 1,
    "archivos_fuente": [
      "Library/Application Support/Microsoft/Skype for Desktop/Cache/bee5a34a33421f71_0"
    ],
    "ultima_modificacion": "2025-08-01 01:01:39.708699"
  },
  "d80e5c1d0be0fd820": {
    "app_sintetizada": "D80E5C1D0BE0FD820",
    "cantidad_archivos": 1,
    "archivos_fuente": [
      "Library/Application Support/Microsoft/Skype for Desktop/Cache/d80e5c1d0be0fd82_0"
    ],
    "ultima_modificacion": "2025-08-01 01:01:39.709048"
  },
  "5c2bb97dec869dd30": {
    "app_sintetizada": "5C2BB97DEC869DD30",
    "cantidad_archivos": 1,
    "archivos_fuente": [
      "Library/Application Support/Microsoft/Skype for Desktop/Cache/5c2bb97dec869dd3_0"
    ],
    "ultima_modificacion": "2025-08-01 01:01:39.709422"
  },
  "348d3986fae4a64d0": {
    "app_sintetizada": "348D3986FAE4A64D0",
    "cantidad_archivos": 1,
    "archivos_fuente": [
      "Library/Application Support/Microsoft/Skype for Desktop/Cache/348d3986fae4a64d_0"
    ],
    "ultima_modificacion": "2025-08-01 01:01:39.709760"
  },
  "fd7b72931a1276620": {
    "app_sintetizada": "FD7B72931A1276620",
    "cantidad_archivos": 1,
    "archivos_fuente": [
      "Library/Application Support/Microsoft/Skype for Desktop/Cache/fd7b72931a127662_0"
    ],
    "ultima_modificacion": "2025-08-01 01:01:39.710136"
  },
  "4a3753f1f0cd68b00": {
    "app_sintetizada": "4A3753F1F0CD68B00",
    "cantidad_archivos": 1,
    "archivos_fuente": [
      "Library/Application Support/Microsoft/Skype for Desktop/Cache/4a3753f1f0cd68b0_0"
    ],
    "ultima_modificacion": "2025-08-01 01:01:39.710508"
  },
  "1a61c43c71c54a570": {
    "app_sintetizada": "1A61C43C71C54A570",
    "cantidad_archivos": 1,
    "archivos_fuente": [
      "Library/Application Support/Microsoft/Skype for Desktop/Cache/1a61c43c71c54a57_0"
    ],
    "ultima_modificacion": "2025-08-01 01:01:39.710850"
  },
  "ff2397c580b900e20": {
    "app_sintetizada": "FF2397C580B900E20",
    "cantidad_archivos": 1,
    "archivos_fuente": [
      "Library/Application Support/Microsoft/Skype for Desktop/Cache/ff2397c580b900e2_0"
    ],
    "ultima_modificacion": "2025-08-01 01:01:39.711213"
  },
  "47c83e8f0c7a85290": {
    "app_sintetizada": "47C83E8F0C7A85290",
    "cantidad_archivos": 1,
    "archivos_fuente": [
      "Library/Application Support/Microsoft/Skype for Desktop/Cache/47c83e8f0c7a8529_0"
    ],
    "ultima_modificacion": "2025-08-01 01:01:39.711575"
  },
  "5f9a47ef9b53230b0": {
    "app_sintetizada": "5F9A47EF9B53230B0",
    "cantidad_archivos": 1,
    "archivos_fuente": [
      "Library/Application Support/Microsoft/Skype for Desktop/Cache/5f9a47ef9b53230b_0"
    ],
    "ultima_modificacion": "2025-08-01 01:01:39.711896"
  },
  "1597fad5d51e6cd70": {
    "app_sintetizada": "1597FAD5D51E6CD70",
    "cantidad_archivos": 1,
    "archivos_fuente": [
      "Library/Application Support/Microsoft/Skype for Desktop/Cache/1597fad5d51e6cd7_0"
    ],
    "ultima_modificacion": "2025-08-01 01:01:39.712185"
  },
  "50d13e816ed349bf0": {
    "app_sintetizada": "50D13E816ED349BF0",
    "cantidad_archivos": 1,
    "archivos_fuente": [
      "Library/Application Support/Microsoft/Skype for Desktop/Cache/50d13e816ed349bf_0"
    ],
    "ultima_modificacion": "2025-08-01 01:01:39.712437"
  },
  "d7a0938f7d443f730": {
    "app_sintetizada": "D7A0938F7D443F730",
    "cantidad_archivos": 1,
    "archivos_fuente": [
      "Library/Application Support/Microsoft/Skype for Desktop/Cache/d7a0938f7d443f73_0"
    ],
    "ultima_modificacion": "2025-08-01 01:01:39.712692"
  },
  "bef561d6c5bcd61d0": {
    "app_sintetizada": "BEF561D6C5BCD61D0",
    "cantidad_archivos": 1,
    "archivos_fuente": [
      "Library/Application Support/Microsoft/Skype for Desktop/Cache/bef561d6c5bcd61d_0"
    ],
    "ultima_modificacion": "2025-08-01 01:01:39.712929"
  },
  "2b252371c075df800": {
    "app_sintetizada": "2B252371C075DF800",
    "cantidad_archivos": 1,
    "archivos_fuente": [
      "Library/Application Support/Microsoft/Skype for Desktop/Cache/2b252371c075df80_0"
    ],
    "ultima_modificacion": "2025-08-01 01:01:39.713232"
  },
  "8656d6ed51ab49bc0": {
    "app_sintetizada": "8656D6ED51AB49BC0",
    "cantidad_archivos": 1,
    "archivos_fuente": [
      "Library/Application Support/Microsoft/Skype for Desktop/Cache/8656d6ed51ab49bc_0"
    ],
    "ultima_modificacion": "2025-08-01 01:01:39.713648"
  },
  "0e1bb6649ee4f2e20": {
    "app_sintetizada": "0E1BB6649EE4F2E20",
    "cantidad_archivos": 1,
    "archivos_fuente": [
      "Library/Application Support/Microsoft/Skype for Desktop/Cache/0e1bb6649ee4f2e2_0"
    ],
    "ultima_modificacion": "2025-08-01 01:01:39.713905"
  },
  "4c4dd058113eb53a0": {
    "app_sintetizada": "4C4DD058113EB53A0",
    "cantidad_archivos": 1,
    "archivos_fuente": [
      "Library/Application Support/Microsoft/Skype for Desktop/Cache/4c4dd058113eb53a_0"
    ],
    "ultima_modificacion": "2025-08-01 01:01:39.714147"
  },
  "042783dc3b66c1340": {
    "app_sintetizada": "042783DC3B66C1340",
    "cantidad_archivos": 1,
    "archivos_fuente": [
      "Library/Application Support/Microsoft/Skype for Desktop/Cache/042783dc3b66c134_0"
    ],
    "ultima_modificacion": "2025-08-01 01:01:39.714379"
  },
  "1eedb19463a831b80": {
    "app_sintetizada": "1EEDB19463A831B80",
    "cantidad_archivos": 1,
    "archivos_fuente": [
      "Library/Application Support/Microsoft/Skype for Desktop/Cache/1eedb19463a831b8_0"
    ],
    "ultima_modificacion": "2025-08-01 01:01:39.714614"
  },
  "7b6604aaaa2fde6b0": {
    "app_sintetizada": "7B6604AAAA2FDE6B0",
    "cantidad_archivos": 1,
    "archivos_fuente": [
      "Library/Application Support/Microsoft/Skype for Desktop/Cache/7b6604aaaa2fde6b_0"
    ],
    "ultima_modificacion": "2025-08-01 01:01:39.714840"
  },
  "ed4792d9ce22e6da0": {
    "app_sintetizada": "ED4792D9CE22E6DA0",
    "cantidad_archivos": 1,
    "archivos_fuente": [
      "Library/Application Support/Microsoft/Skype for Desktop/Cache/ed4792d9ce22e6da_0"
    ],
    "ultima_modificacion": "2025-08-01 01:01:39.715089"
  },
  "78262695c6febdab0": {
    "app_sintetizada": "78262695C6FEBDAB0",
    "cantidad_archivos": 1,
    "archivos_fuente": [
      "Library/Application Support/Microsoft/Skype for Desktop/Cache/78262695c6febdab_0"
    ],
    "ultima_modificacion": "2025-08-01 01:01:39.715390"
  },
  "d257978cec10406c0": {
    "app_sintetizada": "D257978CEC10406C0",
    "cantidad_archivos": 1,
    "archivos_fuente": [
      "Library/Application Support/Microsoft/Skype for Desktop/Cache/d257978cec10406c_0"
    ],
    "ultima_modificacion": "2025-08-01 01:01:39.715738"
  },
  "0fcf28ef9fbd690a0": {
    "app_sintetizada": "0FCF28EF9FBD690A0",
    "cantidad_archivos": 1,
    "archivos_fuente": [
      "Library/Application Support/Microsoft/Skype for Desktop/Cache/0fcf28ef9fbd690a_0"
    ],
    "ultima_modificacion": "2025-08-01 01:01:39.716136"
  },
  "7b599aab4fb3dca10": {
    "app_sintetizada": "7B599AAB4FB3DCA10",
    "cantidad_archivos": 1,
    "archivos_fuente": [
      "Library/Application Support/Microsoft/Skype for Desktop/Cache/7b599aab4fb3dca1_0"
    ],
    "ultima_modificacion": "2025-08-01 01:01:39.717103"
  },
  "c5351cc84dca2f1f0": {
    "app_sintetizada": "C5351CC84DCA2F1F0",
    "cantidad_archivos": 1,
    "archivos_fuente": [
      "Library/Application Support/Microsoft/Skype for Desktop/Cache/c5351cc84dca2f1f_0"
    ],
    "ultima_modificacion": "2025-08-01 01:01:39.717629"
  },
  "35dadca52aca2fb30": {
    "app_sintetizada": "35DADCA52ACA2FB30",
    "cantidad_archivos": 1,
    "archivos_fuente": [
      "Library/Application Support/Microsoft/Skype for Desktop/Cache/35dadca52aca2fb3_0"
    ],
    "ultima_modificacion": "2025-08-01 01:01:39.718083"
  },
  "9c2f22cfd1bfd0ce0": {
    "app_sintetizada": "9C2F22CFD1BFD0CE0",
    "cantidad_archivos": 1,
    "archivos_fuente": [
      "Library/Application Support/Microsoft/Skype for Desktop/Cache/9c2f22cfd1bfd0ce_0"
    ],
    "ultima_modificacion": "2025-08-01 01:01:39.718686"
  },
  "b6011ac0a5fae9880": {
    "app_sintetizada": "B6011AC0A5FAE9880",
    "cantidad_archivos": 1,
    "archivos_fuente": [
      "Library/Application Support/Microsoft/Skype for Desktop/Cache/b6011ac0a5fae988_0"
    ],
    "ultima_modificacion": "2025-08-01 01:01:39.719656"
  },
  "ad26fcfc7a4dc4350": {
    "app_sintetizada": "AD26FCFC7A4DC4350",
    "cantidad_archivos": 1,
    "archivos_fuente": [
      "Library/Application Support/Microsoft/Skype for Desktop/Cache/ad26fcfc7a4dc435_0"
    ],
    "ultima_modificacion": "2025-08-01 01:01:39.720085"
  },
  "ce6252bd1aecf2300": {
    "app_sintetizada": "CE6252BD1AECF2300",
    "cantidad_archivos": 1,
    "archivos_fuente": [
      "Library/Application Support/Microsoft/Skype for Desktop/Cache/ce6252bd1aecf230_0"
    ],
    "ultima_modificacion": "2025-08-01 01:01:39.720407"
  },
  "badf29b75a3a5b440": {
    "app_sintetizada": "BADF29B75A3A5B440",
    "cantidad_archivos": 1,
    "archivos_fuente": [
      "Library/Application Support/Microsoft/Skype for Desktop/Cache/badf29b75a3a5b44_0"
    ],
    "ultima_modificacion": "2025-08-01 01:01:39.720785"
  },
  "c34f96f3b37774f00": {
    "app_sintetizada": "C34F96F3B37774F00",
    "cantidad_archivos": 1,
    "archivos_fuente": [
      "Library/Application Support/Microsoft/Skype for Desktop/Cache/c34f96f3b37774f0_0"
    ],
    "ultima_modificacion": "2025-08-01 01:01:39.721274"
  },
  "dda5ecc2c660509e0": {
    "app_sintetizada": "DDA5ECC2C660509E0",
    "cantidad_archivos": 1,
    "archivos_fuente": [
      "Library/Application Support/Microsoft/Skype for Desktop/Cache/dda5ecc2c660509e_0"
    ],
    "ultima_modificacion": "2025-08-01 01:01:39.721624"
  },
  "3aec6b709396d3a00": {
    "app_sintetizada": "3AEC6B709396D3A00",
    "cantidad_archivos": 1,
    "archivos_fuente": [
      "Library/Application Support/Microsoft/Skype for Desktop/Cache/3aec6b709396d3a0_0"
    ],
    "ultima_modificacion": "2025-08-01 01:01:39.721942"
  },
  "617c1fc1795a04690": {
    "app_sintetizada": "617C1FC1795A04690",
    "cantidad_archivos": 1,
    "archivos_fuente": [
      "Library/Application Support/Microsoft/Skype for Desktop/Cache/617c1fc1795a0469_0"
    ],
    "ultima_modificacion": "2025-08-01 01:01:39.722185"
  },
  "1239fb668be40d8a0": {
    "app_sintetizada": "1239FB668BE40D8A0",
    "cantidad_archivos": 1,
    "archivos_fuente": [
      "Library/Application Support/Microsoft/Skype for Desktop/Cache/1239fb668be40d8a_0"
    ],
    "ultima_modificacion": "2025-08-01 01:01:39.722552"
  },
  "b1651e476bb8a0430": {
    "app_sintetizada": "B1651E476BB8A0430",
    "cantidad_archivos": 1,
    "archivos_fuente": [
      "Library/Application Support/Microsoft/Skype for Desktop/Cache/b1651e476bb8a043_0"
    ],
    "ultima_modificacion": "2025-08-01 01:01:39.722842"
  },
  "c93df33ee28dec1a0": {
    "app_sintetizada": "C93DF33EE28DEC1A0",
    "cantidad_archivos": 1,
    "archivos_fuente": [
      "Library/Application Support/Microsoft/Skype for Desktop/Cache/c93df33ee28dec1a_0"
    ],
    "ultima_modificacion": "2025-08-01 01:01:39.723214"
  },
  "9324dbc39f216ef70": {
    "app_sintetizada": "9324DBC39F216EF70",
    "cantidad_archivos": 1,
    "archivos_fuente": [
      "Library/Application Support/Microsoft/Skype for Desktop/Cache/9324dbc39f216ef7_0"
    ],
    "ultima_modificacion": "2025-08-01 01:01:39.723511"
  }
}