{
  "5fe867a0b6cb44ed9464c69afefef73c1105c.jpeg": {
    "app_sintetizada": "5FE867A0B6CB44ED9464C69AFEFEF73C1105C.JPEG",
    "cantidad_archivos": 1,
    "archivos_fuente": [
      "Pictures/Fototeca de Fotos.photoslibrary/resources/derivatives/5/5FE867A0-B6CB-44ED-9464-C69AFEFEF73C_1_105_c.jpeg"
    ],
    "ultima_modificacion": "2025-08-01 01:01:28.704836"
  },
  "5b6f006cf05f4fd1a6f66dda2eaf158e1105c.jpeg": {
    "app_sintetizada": "5B6F006CF05F4FD1A6F66DDA2EAF158E1105C.JPEG",
    "cantidad_archivos": 1,
    "archivos_fuente": [
      "Pictures/Fototeca de Fotos.photoslibrary/resources/derivatives/5/5B6F006C-F05F-4FD1-A6F6-6DDA2EAF158E_1_105_c.jpeg"
    ],
    "ultima_modificacion": "2025-08-01 01:01:28.705474"
  },
  "5475da4d369a4efba65d4b861a3157501105c.jpeg": {
    "app_sintetizada": "5475DA4D369A4EFBA65D4B861A3157501105C.JPEG",
    "cantidad_archivos": 1,
    "archivos_fuente": [
      "Pictures/Fototeca de Fotos.photoslibrary/resources/derivatives/5/5475DA4D-369A-4EFB-A65D-4B861A315750_1_105_c.jpeg"
    ],
    "ultima_modificacion": "2025-08-01 01:01:28.705934"
  },
  "572c37603de944cca7d8a0faaff4002f1102o.jpeg": {
    "app_sintetizada": "572C37603DE944CCA7D8A0FAAFF4002F1102O.JPEG",
    "cantidad_archivos": 1,
    "archivos_fuente": [
      "Pictures/Fototeca de Fotos.photoslibrary/resources/derivatives/5/572C3760-3DE9-44CC-A7D8-A0FAAFF4002F_1_102_o.jpeg"
    ],
    "ultima_modificacion": "2025-08-01 01:01:28.706469"
  },
  "5dc59c47354c438bbb077a29981efbb41105c.jpeg": {
    "app_sintetizada": "5DC59C47354C438BBB077A29981EFBB41105C.JPEG",
    "cantidad_archivos": 1,
    "archivos_fuente": [
      "Pictures/Fototeca de Fotos.photoslibrary/resources/derivatives/5/5DC59C47-354C-438B-BB07-7A29981EFBB4_1_105_c.jpeg"
    ],
    "ultima_modificacion": "2025-08-01 01:01:28.707098"
  },
  "5f2a3ce3277e4dc8bcbc6d3ca951b86d1105c.jpeg": {
    "app_sintetizada": "5F2A3CE3277E4DC8BCBC6D3CA951B86D1105C.JPEG",
    "cantidad_archivos": 1,
    "archivos_fuente": [
      "Pictures/Fototeca de Fotos.photoslibrary/resources/derivatives/5/5F2A3CE3-277E-4DC8-BCBC-6D3CA951B86D_1_105_c.jpeg"
    ],
    "ultima_modificacion": "2025-08-01 01:01:28.708174"
  },
  "5e3da6fa0fdd4444b8e6525fac3817a3.thm": {
    "app_sintetizada": "5E3DA6FA0FDD4444B8E6525FAC3817A3.THM",
    "cantidad_archivos": 1,
    "archivos_fuente": [
      "Pictures/Fototeca de Fotos.photoslibrary/resources/derivatives/5/5E3DA6FA-0FDD-4444-B8E6-525FAC3817A3.THM"
    ],
    "ultima_modificacion": "2025-08-01 01:01:28.708724"
  },
  "58d8a3b808684ea9b33a46e27b6f40901105c.jpeg": {
    "app_sintetizada": "58D8A3B808684EA9B33A46E27B6F40901105C.JPEG",
    "cantidad_archivos": 1,
    "archivos_fuente": [
      "Pictures/Fototeca de Fotos.photoslibrary/resources/derivatives/5/58D8A3B8-0868-4EA9-B33A-46E27B6F4090_1_105_c.jpeg"
    ],
    "ultima_modificacion": "2025-08-01 01:01:28.709166"
  },
  "56d86e89e5564b05a7bd079758e417ae1105c.jpeg": {
    "app_sintetizada": "56D86E89E5564B05A7BD079758E417AE1105C.JPEG",
    "cantidad_archivos": 1,
    "archivos_fuente": [
      "Pictures/Fototeca de Fotos.photoslibrary/resources/derivatives/5/56D86E89-E556-4B05-A7BD-079758E417AE_1_105_c.jpeg"
    ],
    "ultima_modificacion": "2025-08-01 01:01:28.709598"
  },
  "51f9ecf3ba234fe392a5082712e7b2c3.thm": {
    "app_sintetizada": "51F9ECF3BA234FE392A5082712E7B2C3.THM",
    "cantidad_archivos": 1,
    "archivos_fuente": [
      "Pictures/Fototeca de Fotos.photoslibrary/resources/derivatives/5/51F9ECF3-BA23-4FE3-92A5-082712E7B2C3.THM"
    ],
    "ultima_modificacion": "2025-08-01 01:01:28.711133"
  },
  "5171c70c75244761ac32db102bc7d2431105c.jpeg": {
    "app_sintetizada": "5171C70C75244761AC32DB102BC7D2431105C.JPEG",
    "cantidad_archivos": 1,
    "archivos_fuente": [
      "Pictures/Fototeca de Fotos.photoslibrary/resources/derivatives/5/5171C70C-7524-4761-AC32-DB102BC7D243_1_105_c.jpeg"
    ],
    "ultima_modificacion": "2025-08-01 01:01:28.712793"
  },
  "5e6853b6466449b497c6d8fc6a2fe41c1105c.jpeg": {
    "app_sintetizada": "5E6853B6466449B497C6D8FC6A2FE41C1105C.JPEG",
    "cantidad_archivos": 1,
    "archivos_fuente": [
      "Pictures/Fototeca de Fotos.photoslibrary/resources/derivatives/5/5E6853B6-4664-49B4-97C6-D8FC6A2FE41C_1_105_c.jpeg"
    ],
    "ultima_modificacion": "2025-08-01 01:01:28.713730"
  },
  "59387803a6b348bbb3f3a9066e1485721105c.jpeg": {
    "app_sintetizada": "59387803A6B348BBB3F3A9066E1485721105C.JPEG",
    "cantidad_archivos": 1,
    "archivos_fuente": [
      "Pictures/Fototeca de Fotos.photoslibrary/resources/derivatives/5/59387803-A6B3-48BB-B3F3-A9066E148572_1_105_c.jpeg"
    ],
    "ultima_modificacion": "2025-08-01 01:01:28.714359"
  },
  "58a77c4da5dd45c3acc3b52039faa028.thm": {
    "app_sintetizada": "58A77C4DA5DD45C3ACC3B52039FAA028.THM",
    "cantidad_archivos": 1,
    "archivos_fuente": [
      "Pictures/Fototeca de Fotos.photoslibrary/resources/derivatives/5/58A77C4D-A5DD-45C3-ACC3-B52039FAA028.THM"
    ],
    "ultima_modificacion": "2025-08-01 01:01:28.715065"
  },
  "53172b5404a6435bb8c79dad5c4c67911105c.jpeg": {
    "app_sintetizada": "53172B5404A6435BB8C79DAD5C4C67911105C.JPEG",
    "cantidad_archivos": 1,
    "archivos_fuente": [
      "Pictures/Fototeca de Fotos.photoslibrary/resources/derivatives/5/53172B54-04A6-435B-B8C7-9DAD5C4C6791_1_105_c.jpeg"
    ],
    "ultima_modificacion": "2025-08-01 01:01:28.715538"
  },
  "54e43cfbf34f4c199f51a26db77829181105c.jpeg": {
    "app_sintetizada": "54E43CFBF34F4C199F51A26DB77829181105C.JPEG",
    "cantidad_archivos": 1,
    "archivos_fuente": [
      "Pictures/Fototeca de Fotos.photoslibrary/resources/derivatives/5/54E43CFB-F34F-4C19-9F51-A26DB7782918_1_105_c.jpeg"
    ],
    "ultima_modificacion": "2025-08-01 01:01:28.716033"
  },
  "5f3230d7f77e4335911955c109098ff91105c.jpeg": {
    "app_sintetizada": "5F3230D7F77E4335911955C109098FF91105C.JPEG",
    "cantidad_archivos": 1,
    "archivos_fuente": [
      "Pictures/Fototeca de Fotos.photoslibrary/resources/derivatives/5/5F3230D7-F77E-4335-9119-55C109098FF9_1_105_c.jpeg"
    ],
    "ultima_modificacion": "2025-08-01 01:01:28.717259"
  },
  "534a449870344be19238f5e683a644481105c.jpeg": {
    "app_sintetizada": "534A449870344BE19238F5E683A644481105C.JPEG",
    "cantidad_archivos": 1,
    "archivos_fuente": [
      "Pictures/Fototeca de Fotos.photoslibrary/resources/derivatives/5/534A4498-7034-4BE1-9238-F5E683A64448_1_105_c.jpeg"
    ],
    "ultima_modificacion": "2025-08-01 01:01:28.718124"
  },
  "5500ce8f5a5146c69e7706a3a4f4338d1105c.jpeg": {
    "app_sintetizada": "5500CE8F5A5146C69E7706A3A4F4338D1105C.JPEG",
    "cantidad_archivos": 1,
    "archivos_fuente": [
      "Pictures/Fototeca de Fotos.photoslibrary/resources/derivatives/5/5500CE8F-5A51-46C6-9E77-06A3A4F4338D_1_105_c.jpeg"
    ],
    "ultima_modificacion": "2025-08-01 01:01:28.721464"
  },
  "5ffcb99851644500a763e5fead43730f1105c.jpeg": {
    "app_sintetizada": "5FFCB99851644500A763E5FEAD43730F1105C.JPEG",
    "cantidad_archivos": 1,
    "archivos_fuente": [
      "Pictures/Fototeca de Fotos.photoslibrary/resources/derivatives/5/5FFCB998-5164-4500-A763-E5FEAD43730F_1_105_c.jpeg"
    ],
    "ultima_modificacion": "2025-08-01 01:01:28.721997"
  },
  "575768796a6c4bae99b7869f48712b0e.thm": {
    "app_sintetizada": "575768796A6C4BAE99B7869F48712B0E.THM",
    "cantidad_archivos": 1,
    "archivos_fuente": [
      "Pictures/Fototeca de Fotos.photoslibrary/resources/derivatives/5/57576879-6A6C-4BAE-99B7-869F48712B0E.THM"
    ],
    "ultima_modificacion": "2025-08-01 01:01:28.722356"
  },
  "576a5d5efefa409f802bf2f8325288f51105c.jpeg": {
    "app_sintetizada": "576A5D5EFEFA409F802BF2F8325288F51105C.JPEG",
    "cantidad_archivos": 1,
    "archivos_fuente": [
      "Pictures/Fototeca de Fotos.photoslibrary/resources/derivatives/5/576A5D5E-FEFA-409F-802B-F2F8325288F5_1_105_c.jpeg"
    ],
    "ultima_modificacion": "2025-08-01 01:01:28.722743"
  },
  "5c41603c376e4f19878cb3bf4e5e6da2.thm": {
    "app_sintetizada": "5C41603C376E4F19878CB3BF4E5E6DA2.THM",
    "cantidad_archivos": 1,
    "archivos_fuente": [
      "Pictures/Fototeca de Fotos.photoslibrary/resources/derivatives/5/5C41603C-376E-4F19-878C-B3BF4E5E6DA2.THM"
    ],
    "ultima_modificacion": "2025-08-01 01:01:28.724216"
  },
  "5d9367f417ff44d49ab7393debe1f8fd1105c.jpeg": {
    "app_sintetizada": "5D9367F417FF44D49AB7393DEBE1F8FD1105C.JPEG",
    "cantidad_archivos": 1,
    "archivos_fuente": [
      "Pictures/Fototeca de Fotos.photoslibrary/resources/derivatives/5/5D9367F4-17FF-44D4-9AB7-393DEBE1F8FD_1_105_c.jpeg"
    ],
    "ultima_modificacion": "2025-08-01 01:01:28.731450"
  },
  "59230ac147134a58b3d1638a0cd7d1091105c.jpeg": {
    "app_sintetizada": "59230AC147134A58B3D1638A0CD7D1091105C.JPEG",
    "cantidad_archivos": 1,
    "archivos_fuente": [
      "Pictures/Fototeca de Fotos.photoslibrary/resources/derivatives/5/59230AC1-4713-4A58-B3D1-638A0CD7D109_1_105_c.jpeg"
    ],
    "ultima_modificacion": "2025-08-01 01:01:28.735843"
  },
  "5ce4c866b6944abcaf537afef5eaf3fa1105c.jpeg": {
    "app_sintetizada": "5CE4C866B6944ABCAF537AFEF5EAF3FA1105C.JPEG",
    "cantidad_archivos": 1,
    "archivos_fuente": [
      "Pictures/Fototeca de Fotos.photoslibrary/resources/derivatives/5/5CE4C866-B694-4ABC-AF53-7AFEF5EAF3FA_1_105_c.jpeg"
    ],
    "ultima_modificacion": "2025-08-01 01:01:28.736244"
  },
  "557a3cd4bd89433682d402e33a01ccd81105c.jpeg": {
    "app_sintetizada": "557A3CD4BD89433682D402E33A01CCD81105C.JPEG",
    "cantidad_archivos": 1,
    "archivos_fuente": [
      "Pictures/Fototeca de Fotos.photoslibrary/resources/derivatives/5/557A3CD4-BD89-4336-82D4-02E33A01CCD8_1_105_c.jpeg"
    ],
    "ultima_modificacion": "2025-08-01 01:01:28.742823"
  },
  "5476169ceb0845a79353ff644cb1f2511105c.jpeg": {
    "app_sintetizada": "5476169CEB0845A79353FF644CB1F2511105C.JPEG",
    "cantidad_archivos": 1,
    "archivos_fuente": [
      "Pictures/Fototeca de Fotos.photoslibrary/resources/derivatives/5/5476169C-EB08-45A7-9353-FF644CB1F251_1_105_c.jpeg"
    ],
    "ultima_modificacion": "2025-08-01 01:01:28.748435"
  },
  "524a2fc2c2a847a0946948810d84c0571105c.jpeg": {
    "app_sintetizada": "524A2FC2C2A847A0946948810D84C0571105C.JPEG",
    "cantidad_archivos": 1,
    "archivos_fuente": [
      "Pictures/Fototeca de Fotos.photoslibrary/resources/derivatives/5/524A2FC2-C2A8-47A0-9469-48810D84C057_1_105_c.jpeg"
    ],
    "ultima_modificacion": "2025-08-01 01:01:28.749708"
  },
  "59058560652e4f5191db5bc0032b0c3b1105c.jpeg": {
    "app_sintetizada": "59058560652E4F5191DB5BC0032B0C3B1105C.JPEG",
    "cantidad_archivos": 1,
    "archivos_fuente": [
      "Pictures/Fototeca de Fotos.photoslibrary/resources/derivatives/5/59058560-652E-4F51-91DB-5BC0032B0C3B_1_105_c.jpeg"
    ],
    "ultima_modificacion": "2025-08-01 01:01:28.757881"
  },
  "530f6c805fbf4fbf9e6b1c85ecdfa3961105c.jpeg": {
    "app_sintetizada": "530F6C805FBF4FBF9E6B1C85ECDFA3961105C.JPEG",
    "cantidad_archivos": 1,
    "archivos_fuente": [
      "Pictures/Fototeca de Fotos.photoslibrary/resources/derivatives/5/530F6C80-5FBF-4FBF-9E6B-1C85ECDFA396_1_105_c.jpeg"
    ],
    "ultima_modificacion": "2025-08-01 01:01:28.758860"
  },
  "56bfc63801e64d12b71e2c4317e221e01105c.jpeg": {
    "app_sintetizada": "56BFC63801E64D12B71E2C4317E221E01105C.JPEG",
    "cantidad_archivos": 1,
    "archivos_fuente": [
      "Pictures/Fototeca de Fotos.photoslibrary/resources/derivatives/5/56BFC638-01E6-4D12-B71E-2C4317E221E0_1_105_c.jpeg"
    ],
    "ultima_modificacion": "2025-08-01 01:01:28.760449"
  },
  "54cb9241388e4c6fab8f25d0ad941f4d1105c.jpeg": {
    "app_sintetizada": "54CB9241388E4C6FAB8F25D0AD941F4D1105C.JPEG",
    "cantidad_archivos": 1,
    "archivos_fuente": [
      "Pictures/Fototeca de Fotos.photoslibrary/resources/derivatives/5/54CB9241-388E-4C6F-AB8F-25D0AD941F4D_1_105_c.jpeg"
    ],
    "ultima_modificacion": "2025-08-01 01:01:28.761989"
  },
  "54731297a7d648499dcd1c80cea1840e1105c.jpeg": {
    "app_sintetizada": "54731297A7D648499DCD1C80CEA1840E1105C.JPEG",
    "cantidad_archivos": 1,
    "archivos_fuente": [
      "Pictures/Fototeca de Fotos.photoslibrary/resources/derivatives/5/54731297-A7D6-4849-9DCD-1C80CEA1840E_1_105_c.jpeg"
    ],
    "ultima_modificacion": "2025-08-01 01:01:28.762584"
  },
  "5874f66e9ffb4f05bb4fe03bcb3daa491105c.jpeg": {
    "app_sintetizada": "5874F66E9FFB4F05BB4FE03BCB3DAA491105C.JPEG",
    "cantidad_archivos": 1,
    "archivos_fuente": [
      "Pictures/Fototeca de Fotos.photoslibrary/resources/derivatives/5/5874F66E-9FFB-4F05-BB4F-E03BCB3DAA49_1_105_c.jpeg"
    ],
    "ultima_modificacion": "2025-08-01 01:01:28.763550"
  },
  "5a35a3795d614bec988528c68669d31c1105c.jpeg": {
    "app_sintetizada": "5A35A3795D614BEC988528C68669D31C1105C.JPEG",
    "cantidad_archivos": 1,
    "archivos_fuente": [
      "Pictures/Fototeca de Fotos.photoslibrary/resources/derivatives/5/5A35A379-5D61-4BEC-9885-28C68669D31C_1_105_c.jpeg"
    ],
    "ultima_modificacion": "2025-08-01 01:01:28.764268"
  },
  "52023084ea1b497f995cca2b18d1bc601105c.jpeg": {
    "app_sintetizada": "52023084EA1B497F995CCA2B18D1BC601105C.JPEG",
    "cantidad_archivos": 1,
    "archivos_fuente": [
      "Pictures/Fototeca de Fotos.photoslibrary/resources/derivatives/5/52023084-EA1B-497F-995C-CA2B18D1BC60_1_105_c.jpeg"
    ],
    "ultima_modificacion": "2025-08-01 01:01:28.764830"
  },
  "52a6edeccd8040cc890ef8a408d5ed461105c.jpeg": {
    "app_sintetizada": "52A6EDECCD8040CC890EF8A408D5ED461105C.JPEG",
    "cantidad_archivos": 1,
    "archivos_fuente": [
      "Pictures/Fototeca de Fotos.photoslibrary/resources/derivatives/5/52A6EDEC-CD80-40CC-890E-F8A408D5ED46_1_105_c.jpeg"
    ],
    "ultima_modificacion": "2025-08-01 01:01:28.765634"
  },
  "5642ad70a17e45d2a77ef2e91b6047d01105c.jpeg": {
    "app_sintetizada": "5642AD70A17E45D2A77EF2E91B6047D01105C.JPEG",
    "cantidad_archivos": 1,
    "archivos_fuente": [
      "Pictures/Fototeca de Fotos.photoslibrary/resources/derivatives/5/5642AD70-A17E-45D2-A77E-F2E91B6047D0_1_105_c.jpeg"
    ],
    "ultima_modificacion": "2025-08-01 01:01:28.766035"
  },
  "5a5345caa80849ef9fa7db82566186031105c.jpeg": {
    "app_sintetizada": "5A5345CAA80849EF9FA7DB82566186031105C.JPEG",
    "cantidad_archivos": 1,
    "archivos_fuente": [
      "Pictures/Fototeca de Fotos.photoslibrary/resources/derivatives/5/5A5345CA-A808-49EF-9FA7-DB8256618603_1_105_c.jpeg"
    ],
    "ultima_modificacion": "2025-08-01 01:01:28.766327"
  },
  "57d5e96391b54707926814169b7887731105c.jpeg": {
    "app_sintetizada": "57D5E96391B54707926814169B7887731105C.JPEG",
    "cantidad_archivos": 1,
    "archivos_fuente": [
      "Pictures/Fototeca de Fotos.photoslibrary/resources/derivatives/5/57D5E963-91B5-4707-9268-14169B788773_1_105_c.jpeg"
    ],
    "ultima_modificacion": "2025-08-01 01:01:28.766572"
  },
  "553e2d1285464a0ead6d3580143913641105c.jpeg": {
    "app_sintetizada": "553E2D1285464A0EAD6D3580143913641105C.JPEG",
    "cantidad_archivos": 1,
    "archivos_fuente": [
      "Pictures/Fototeca de Fotos.photoslibrary/resources/derivatives/5/553E2D12-8546-4A0E-AD6D-358014391364_1_105_c.jpeg"
    ],
    "ultima_modificacion": "2025-08-01 01:01:28.766832"
  },
  "5eaba1fc22c34798873407500eed9cb41105c.jpeg": {
    "app_sintetizada": "5EABA1FC22C34798873407500EED9CB41105C.JPEG",
    "cantidad_archivos": 1,
    "archivos_fuente": [
      "Pictures/Fototeca de Fotos.photoslibrary/resources/derivatives/5/5EABA1FC-22C3-4798-8734-07500EED9CB4_1_105_c.jpeg"
    ],
    "ultima_modificacion": "2025-08-01 01:01:28.767453"
  },
  "57e7831bcfb542a8a6431696057c44751105c.jpeg": {
    "app_sintetizada": "57E7831BCFB542A8A6431696057C44751105C.JPEG",
    "cantidad_archivos": 1,
    "archivos_fuente": [
      "Pictures/Fototeca de Fotos.photoslibrary/resources/derivatives/5/57E7831B-CFB5-42A8-A643-1696057C4475_1_105_c.jpeg"
    ],
    "ultima_modificacion": "2025-08-01 01:01:28.767832"
  },
  "58db172c94384d158685a8e0276f62a81105c.jpeg": {
    "app_sintetizada": "58DB172C94384D158685A8E0276F62A81105C.JPEG",
    "cantidad_archivos": 1,
    "archivos_fuente": [
      "Pictures/Fototeca de Fotos.photoslibrary/resources/derivatives/5/58DB172C-9438-4D15-8685-A8E0276F62A8_1_105_c.jpeg"
    ],
    "ultima_modificacion": "2025-08-01 01:01:28.768202"
  },
  "593fc0a5defc4500b19ad4ef67e0b9701105c.jpeg": {
    "app_sintetizada": "593FC0A5DEFC4500B19AD4EF67E0B9701105C.JPEG",
    "cantidad_archivos": 1,
    "archivos_fuente": [
      "Pictures/Fototeca de Fotos.photoslibrary/resources/derivatives/5/593FC0A5-DEFC-4500-B19A-D4EF67E0B970_1_105_c.jpeg"
    ],
    "ultima_modificacion": "2025-08-01 01:01:28.768771"
  },
  "59c8a59057b948d09e91e22af84a71ba1105c.jpeg": {
    "app_sintetizada": "59C8A59057B948D09E91E22AF84A71BA1105C.JPEG",
    "cantidad_archivos": 1,
    "archivos_fuente": [
      "Pictures/Fototeca de Fotos.photoslibrary/resources/derivatives/5/59C8A590-57B9-48D0-9E91-E22AF84A71BA_1_105_c.jpeg"
    ],
    "ultima_modificacion": "2025-08-01 01:01:28.769795"
  },
  "5f7e37024f3943ad914c6c781d275e20.thm": {
    "app_sintetizada": "5F7E37024F3943AD914C6C781D275E20.THM",
    "cantidad_archivos": 1,
    "archivos_fuente": [
      "Pictures/Fototeca de Fotos.photoslibrary/resources/derivatives/5/5F7E3702-4F39-43AD-914C-6C781D275E20.THM"
    ],
    "ultima_modificacion": "2025-08-01 01:01:28.770218"
  },
  "585259249d364587bfc88fa4240f2a3b.thm": {
    "app_sintetizada": "585259249D364587BFC88FA4240F2A3B.THM",
    "cantidad_archivos": 1,
    "archivos_fuente": [
      "Pictures/Fototeca de Fotos.photoslibrary/resources/derivatives/5/58525924-9D36-4587-BFC8-8FA4240F2A3B.THM"
    ],
    "ultima_modificacion": "2025-08-01 01:01:28.770659"
  },
  "5f7783498c164711bc10d60882ca4e2c1105c.jpeg": {
    "app_sintetizada": "5F7783498C164711BC10D60882CA4E2C1105C.JPEG",
    "cantidad_archivos": 1,
    "archivos_fuente": [
      "Pictures/Fototeca de Fotos.photoslibrary/resources/derivatives/5/5F778349-8C16-4711-BC10-D60882CA4E2C_1_105_c.jpeg"
    ],
    "ultima_modificacion": "2025-08-01 01:01:28.771053"
  },
  "57a111353a974a1e821b44edbee07c0d1105c.jpeg": {
    "app_sintetizada": "57A111353A974A1E821B44EDBEE07C0D1105C.JPEG",
    "cantidad_archivos": 1,
    "archivos_fuente": [
      "Pictures/Fototeca de Fotos.photoslibrary/resources/derivatives/5/57A11135-3A97-4A1E-821B-44EDBEE07C0D_1_105_c.jpeg"
    ],
    "ultima_modificacion": "2025-08-01 01:01:28.771437"
  },
  "531e99098a584a6ebf54626a6f896f001105c.jpeg": {
    "app_sintetizada": "531E99098A584A6EBF54626A6F896F001105C.JPEG",
    "cantidad_archivos": 1,
    "archivos_fuente": [
      "Pictures/Fototeca de Fotos.photoslibrary/resources/derivatives/5/531E9909-8A58-4A6E-BF54-626A6F896F00_1_105_c.jpeg"
    ],
    "ultima_modificacion": "2025-08-01 01:01:28.771886"
  },
  "5c14415c0d684e77a3424aa10de6a7d61105c.jpeg": {
    "app_sintetizada": "5C14415C0D684E77A3424AA10DE6A7D61105C.JPEG",
    "cantidad_archivos": 1,
    "archivos_fuente": [
      "Pictures/Fototeca de Fotos.photoslibrary/resources/derivatives/5/5C14415C-0D68-4E77-A342-4AA10DE6A7D6_1_105_c.jpeg"
    ],
    "ultima_modificacion": "2025-08-01 01:01:28.772185"
  },
  "5c7dadefc0354a1aa5593077720e97711105c.jpeg": {
    "app_sintetizada": "5C7DADEFC0354A1AA5593077720E97711105C.JPEG",
    "cantidad_archivos": 1,
    "archivos_fuente": [
      "Pictures/Fototeca de Fotos.photoslibrary/resources/derivatives/5/5C7DADEF-C035-4A1A-A559-3077720E9771_1_105_c.jpeg"
    ],
    "ultima_modificacion": "2025-08-01 01:01:28.772447"
  },
  "55224653855a452a93edfad9dba0a2321105c.jpeg": {
    "app_sintetizada": "55224653855A452A93EDFAD9DBA0A2321105C.JPEG",
    "cantidad_archivos": 1,
    "archivos_fuente": [
      "Pictures/Fototeca de Fotos.photoslibrary/resources/derivatives/5/55224653-855A-452A-93ED-FAD9DBA0A232_1_105_c.jpeg"
    ],
    "ultima_modificacion": "2025-08-01 01:01:28.772684"
  },
  "5fd3f99ac1ea4d4391dadde06bb9fb7f1105c.jpeg": {
    "app_sintetizada": "5FD3F99AC1EA4D4391DADDE06BB9FB7F1105C.JPEG",
    "cantidad_archivos": 1,
    "archivos_fuente": [
      "Pictures/Fototeca de Fotos.photoslibrary/resources/derivatives/5/5FD3F99A-C1EA-4D43-91DA-DDE06BB9FB7F_1_105_c.jpeg"
    ],
    "ultima_modificacion": "2025-08-01 01:01:28.772907"
  },
  "52cf4090799143cabb760aa3701f738a1105c.jpeg": {
    "app_sintetizada": "52CF4090799143CABB760AA3701F738A1105C.JPEG",
    "cantidad_archivos": 1,
    "archivos_fuente": [
      "Pictures/Fototeca de Fotos.photoslibrary/resources/derivatives/5/52CF4090-7991-43CA-BB76-0AA3701F738A_1_105_c.jpeg"
    ],
    "ultima_modificacion": "2025-08-01 01:01:28.773160"
  },
  "5be65bf3e1674ba2a4bd75a9132a4f7d1105c.jpeg": {
    "app_sintetizada": "5BE65BF3E1674BA2A4BD75A9132A4F7D1105C.JPEG",
    "cantidad_archivos": 1,
    "archivos_fuente": [
      "Pictures/Fototeca de Fotos.photoslibrary/resources/derivatives/5/5BE65BF3-E167-4BA2-A4BD-75A9132A4F7D_1_105_c.jpeg"
    ],
    "ultima_modificacion": "2025-08-01 01:01:28.773391"
  },
  "5c14514af2014554a8037b3365a771131105c.jpeg": {
    "app_sintetizada": "5C14514AF2014554A8037B3365A771131105C.JPEG",
    "cantidad_archivos": 1,
    "archivos_fuente": [
      "Pictures/Fototeca de Fotos.photoslibrary/resources/derivatives/5/5C14514A-F201-4554-A803-7B3365A77113_1_105_c.jpeg"
    ],
    "ultima_modificacion": "2025-08-01 01:01:28.773620"
  },
  "548e3af3b2344beb93303b325f44b7631105c.jpeg": {
    "app_sintetizada": "548E3AF3B2344BEB93303B325F44B7631105C.JPEG",
    "cantidad_archivos": 1,
    "archivos_fuente": [
      "Pictures/Fototeca de Fotos.photoslibrary/resources/derivatives/5/548E3AF3-B234-4BEB-9330-3B325F44B763_1_105_c.jpeg"
    ],
    "ultima_modificacion": "2025-08-01 01:01:28.773911"
  },
  "55475557ca3148bb9c6434bb07beb3aa1105c.jpeg": {
    "app_sintetizada": "55475557CA3148BB9C6434BB07BEB3AA1105C.JPEG",
    "cantidad_archivos": 1,
    "archivos_fuente": [
      "Pictures/Fototeca de Fotos.photoslibrary/resources/derivatives/5/55475557-CA31-48BB-9C64-34BB07BEB3AA_1_105_c.jpeg"
    ],
    "ultima_modificacion": "2025-08-01 01:01:28.774174"
  },
  "511d614dad974bbda7b882e79a3744e61105c.jpeg": {
    "app_sintetizada": "511D614DAD974BBDA7B882E79A3744E61105C.JPEG",
    "cantidad_archivos": 1,
    "archivos_fuente": [
      "Pictures/Fototeca de Fotos.photoslibrary/resources/derivatives/5/511D614D-AD97-4BBD-A7B8-82E79A3744E6_1_105_c.jpeg"
    ],
    "ultima_modificacion": "2025-08-01 01:01:28.774401"
  },
  "5aff948ceaae4e29a631e847242531f0.thm": {
    "app_sintetizada": "5AFF948CEAAE4E29A631E847242531F0.THM",
    "cantidad_archivos": 1,
    "archivos_fuente": [
      "Pictures/Fototeca de Fotos.photoslibrary/resources/derivatives/5/5AFF948C-EAAE-4E29-A631-E847242531F0.THM"
    ],
    "ultima_modificacion": "2025-08-01 01:01:28.774626"
  },
  "54c9273b7eaf4ae297b4e64e0352765f1105c.jpeg": {
    "app_sintetizada": "54C9273B7EAF4AE297B4E64E0352765F1105C.JPEG",
    "cantidad_archivos": 1,
    "archivos_fuente": [
      "Pictures/Fototeca de Fotos.photoslibrary/resources/derivatives/5/54C9273B-7EAF-4AE2-97B4-E64E0352765F_1_105_c.jpeg"
    ],
    "ultima_modificacion": "2025-08-01 01:01:28.774987"
  },
  "59ddf501cf67437bbcc085d8608445451105c.jpeg": {
    "app_sintetizada": "59DDF501CF67437BBCC085D8608445451105C.JPEG",
    "cantidad_archivos": 1,
    "archivos_fuente": [
      "Pictures/Fototeca de Fotos.photoslibrary/resources/derivatives/5/59DDF501-CF67-437B-BCC0-85D860844545_1_105_c.jpeg"
    ],
    "ultima_modificacion": "2025-08-01 01:01:28.775321"
  },
  "5cbcf9927f944e9b9d57c4b2d5f38dc41105c.jpeg": {
    "app_sintetizada": "5CBCF9927F944E9B9D57C4B2D5F38DC41105C.JPEG",
    "cantidad_archivos": 1,
    "archivos_fuente": [
      "Pictures/Fototeca de Fotos.photoslibrary/resources/derivatives/5/5CBCF992-7F94-4E9B-9D57-C4B2D5F38DC4_1_105_c.jpeg"
    ],
    "ultima_modificacion": "2025-08-01 01:01:28.775602"
  },
  "563bb98235c940fc8912f5d8bff9721b1105c.jpeg": {
    "app_sintetizada": "563BB98235C940FC8912F5D8BFF9721B1105C.JPEG",
    "cantidad_archivos": 1,
    "archivos_fuente": [
      "Pictures/Fototeca de Fotos.photoslibrary/resources/derivatives/5/563BB982-35C9-40FC-8912-F5D8BFF9721B_1_105_c.jpeg"
    ],
    "ultima_modificacion": "2025-08-01 01:01:28.775883"
  },
  "5e544e68e9d54691946502a1c0a7ad331105c.jpeg": {
    "app_sintetizada": "5E544E68E9D54691946502A1C0A7AD331105C.JPEG",
    "cantidad_archivos": 1,
    "archivos_fuente": [
      "Pictures/Fototeca de Fotos.photoslibrary/resources/derivatives/5/5E544E68-E9D5-4691-9465-02A1C0A7AD33_1_105_c.jpeg"
    ],
    "ultima_modificacion": "2025-08-01 01:01:28.776212"
  },
  "57ed74eb36ab4205a43eb627868fe09d1102o.jpeg": {
    "app_sintetizada": "57ED74EB36AB4205A43EB627868FE09D1102O.JPEG",
    "cantidad_archivos": 1,
    "archivos_fuente": [
      "Pictures/Fototeca de Fotos.photoslibrary/resources/derivatives/5/57ED74EB-36AB-4205-A43E-B627868FE09D_1_102_o.jpeg"
    ],
    "ultima_modificacion": "2025-08-01 01:01:28.776647"
  },
  "54d6fb21189b4859a66b5c647957f4e21105c.jpeg": {
    "app_sintetizada": "54D6FB21189B4859A66B5C647957F4E21105C.JPEG",
    "cantidad_archivos": 1,
    "archivos_fuente": [
      "Pictures/Fototeca de Fotos.photoslibrary/resources/derivatives/5/54D6FB21-189B-4859-A66B-5C647957F4E2_1_105_c.jpeg"
    ],
    "ultima_modificacion": "2025-08-01 01:01:28.777109"
  },
  "59a6edc0a15745e59ad2b268d23d5a991105c.jpeg": {
    "app_sintetizada": "59A6EDC0A15745E59AD2B268D23D5A991105C.JPEG",
    "cantidad_archivos": 1,
    "archivos_fuente": [
      "Pictures/Fototeca de Fotos.photoslibrary/resources/derivatives/5/59A6EDC0-A157-45E5-9AD2-B268D23D5A99_1_105_c.jpeg"
    ],
    "ultima_modificacion": "2025-08-01 01:01:28.777416"
  },
  "50a4bb437efd4936bc3250906f50fd071100o.jpeg": {
    "app_sintetizada": "50A4BB437EFD4936BC3250906F50FD071100O.JPEG",
    "cantidad_archivos": 1,
    "archivos_fuente": [
      "Pictures/Fototeca de Fotos.photoslibrary/resources/derivatives/5/50A4BB43-7EFD-4936-BC32-50906F50FD07_1_100_o.jpeg"
    ],
    "ultima_modificacion": "2025-08-01 01:01:28.778851"
  },
  "51ef513070e9407ea7abdaa8e7f23ed81105c.jpeg": {
    "app_sintetizada": "51EF513070E9407EA7ABDAA8E7F23ED81105C.JPEG",
    "cantidad_archivos": 1,
    "archivos_fuente": [
      "Pictures/Fototeca de Fotos.photoslibrary/resources/derivatives/5/51EF5130-70E9-407E-A7AB-DAA8E7F23ED8_1_105_c.jpeg"
    ],
    "ultima_modificacion": "2025-08-01 01:01:28.779564"
  },
  "5232a3f476ba4e1db7bf7d8fa69ea9a01105c.jpeg": {
    "app_sintetizada": "5232A3F476BA4E1DB7BF7D8FA69EA9A01105C.JPEG",
    "cantidad_archivos": 1,
    "archivos_fuente": [
      "Pictures/Fototeca de Fotos.photoslibrary/resources/derivatives/5/5232A3F4-76BA-4E1D-B7BF-7D8FA69EA9A0_1_105_c.jpeg"
    ],
    "ultima_modificacion": "2025-08-01 01:01:28.780277"
  },
  "53f7b7c89c0446d58c14d3c97f4155c01105c.jpeg": {
    "app_sintetizada": "53F7B7C89C0446D58C14D3C97F4155C01105C.JPEG",
    "cantidad_archivos": 1,
    "archivos_fuente": [
      "Pictures/Fototeca de Fotos.photoslibrary/resources/derivatives/5/53F7B7C8-9C04-46D5-8C14-D3C97F4155C0_1_105_c.jpeg"
    ],
    "ultima_modificacion": "2025-08-01 01:01:28.781362"
  },
  "56f9792adfa54ca8b1f58fc695ef44dc1102o.jpeg": {
    "app_sintetizada": "56F9792ADFA54CA8B1F58FC695EF44DC1102O.JPEG",
    "cantidad_archivos": 1,
    "archivos_fuente": [
      "Pictures/Fototeca de Fotos.photoslibrary/resources/derivatives/5/56F9792A-DFA5-4CA8-B1F5-8FC695EF44DC_1_102_o.jpeg"
    ],
    "ultima_modificacion": "2025-08-01 01:01:28.781863"
  },
  "5a6269e1db8d447aaa38b4d948123e081105c.jpeg": {
    "app_sintetizada": "5A6269E1DB8D447AAA38B4D948123E081105C.JPEG",
    "cantidad_archivos": 1,
    "archivos_fuente": [
      "Pictures/Fototeca de Fotos.photoslibrary/resources/derivatives/5/5A6269E1-DB8D-447A-AA38-B4D948123E08_1_105_c.jpeg"
    ],
    "ultima_modificacion": "2025-08-01 01:01:28.782305"
  },
  "52b8628868124ddd908e50435cb171581105c.jpeg": {
    "app_sintetizada": "52B8628868124DDD908E50435CB171581105C.JPEG",
    "cantidad_archivos": 1,
    "archivos_fuente": [
      "Pictures/Fototeca de Fotos.photoslibrary/resources/derivatives/5/52B86288-6812-4DDD-908E-50435CB17158_1_105_c.jpeg"
    ],
    "ultima_modificacion": "2025-08-01 01:01:28.782688"
  },
  "563be41f1faf4c0cbbf78e59e4e6185d1105c.jpeg": {
    "app_sintetizada": "563BE41F1FAF4C0CBBF78E59E4E6185D1105C.JPEG",
    "cantidad_archivos": 1,
    "archivos_fuente": [
      "Pictures/Fototeca de Fotos.photoslibrary/resources/derivatives/5/563BE41F-1FAF-4C0C-BBF7-8E59E4E6185D_1_105_c.jpeg"
    ],
    "ultima_modificacion": "2025-08-01 01:01:28.783213"
  },
  "53e0de6396b74610acad58b4efb6c0d71105c.jpeg": {
    "app_sintetizada": "53E0DE6396B74610ACAD58B4EFB6C0D71105C.JPEG",
    "cantidad_archivos": 1,
    "archivos_fuente": [
      "Pictures/Fototeca de Fotos.photoslibrary/resources/derivatives/5/53E0DE63-96B7-4610-ACAD-58B4EFB6C0D7_1_105_c.jpeg"
    ],
    "ultima_modificacion": "2025-08-01 01:01:28.783600"
  },
  "5115f17bdeee4609b51a9e2456c37a4a1105c.jpeg": {
    "app_sintetizada": "5115F17BDEEE4609B51A9E2456C37A4A1105C.JPEG",
    "cantidad_archivos": 1,
    "archivos_fuente": [
      "Pictures/Fototeca de Fotos.photoslibrary/resources/derivatives/5/5115F17B-DEEE-4609-B51A-9E2456C37A4A_1_105_c.jpeg"
    ],
    "ultima_modificacion": "2025-08-01 01:01:28.783939"
  },
  "55b81ce1dcba49c0803cbd49c2e7732b1105c.jpeg": {
    "app_sintetizada": "55B81CE1DCBA49C0803CBD49C2E7732B1105C.JPEG",
    "cantidad_archivos": 1,
    "archivos_fuente": [
      "Pictures/Fototeca de Fotos.photoslibrary/resources/derivatives/5/55B81CE1-DCBA-49C0-803C-BD49C2E7732B_1_105_c.jpeg"
    ],
    "ultima_modificacion": "2025-08-01 01:01:28.784321"
  },
  "5b409399e6d145fba6da9f5643bde8941105c.jpeg": {
    "app_sintetizada": "5B409399E6D145FBA6DA9F5643BDE8941105C.JPEG",
    "cantidad_archivos": 1,
    "archivos_fuente": [
      "Pictures/Fototeca de Fotos.photoslibrary/resources/derivatives/5/5B409399-E6D1-45FB-A6DA-9F5643BDE894_1_105_c.jpeg"
    ],
    "ultima_modificacion": "2025-08-01 01:01:28.784903"
  },
  "5bec9179a1b446a18e73777735eb18241105c.jpeg": {
    "app_sintetizada": "5BEC9179A1B446A18E73777735EB18241105C.JPEG",
    "cantidad_archivos": 1,
    "archivos_fuente": [
      "Pictures/Fototeca de Fotos.photoslibrary/resources/derivatives/5/5BEC9179-A1B4-46A1-8E73-777735EB1824_1_105_c.jpeg"
    ],
    "ultima_modificacion": "2025-08-01 01:01:28.785584"
  },
  "5bd90c08f3c9470a998da54a188e44821105c.jpeg": {
    "app_sintetizada": "5BD90C08F3C9470A998DA54A188E44821105C.JPEG",
    "cantidad_archivos": 1,
    "archivos_fuente": [
      "Pictures/Fototeca de Fotos.photoslibrary/resources/derivatives/5/5BD90C08-F3C9-470A-998D-A54A188E4482_1_105_c.jpeg"
    ],
    "ultima_modificacion": "2025-08-01 01:01:28.786007"
  },
  "5583fc61b2ca49b8822aa04fc3a4c67d.thm": {
    "app_sintetizada": "5583FC61B2CA49B8822AA04FC3A4C67D.THM",
    "cantidad_archivos": 1,
    "archivos_fuente": [
      "Pictures/Fototeca de Fotos.photoslibrary/resources/derivatives/5/5583FC61-B2CA-49B8-822A-A04FC3A4C67D.THM"
    ],
    "ultima_modificacion": "2025-08-01 01:01:28.786408"
  },
  "5639c6ce33fc4d928249c7bbdaa418c01105c.jpeg": {
    "app_sintetizada": "5639C6CE33FC4D928249C7BBDAA418C01105C.JPEG",
    "cantidad_archivos": 1,
    "archivos_fuente": [
      "Pictures/Fototeca de Fotos.photoslibrary/resources/derivatives/5/5639C6CE-33FC-4D92-8249-C7BBDAA418C0_1_105_c.jpeg"
    ],
    "ultima_modificacion": "2025-08-01 01:01:28.788263"
  },
  "5b58ed587b4b4980bdaa6112c6c1377e1105c.jpeg": {
    "app_sintetizada": "5B58ED587B4B4980BDAA6112C6C1377E1105C.JPEG",
    "cantidad_archivos": 1,
    "archivos_fuente": [
      "Pictures/Fototeca de Fotos.photoslibrary/resources/derivatives/5/5B58ED58-7B4B-4980-BDAA-6112C6C1377E_1_105_c.jpeg"
    ],
    "ultima_modificacion": "2025-08-01 01:01:28.788788"
  },
  "5416477ac78348cebaff6885e40d287a1105c.jpeg": {
    "app_sintetizada": "5416477AC78348CEBAFF6885E40D287A1105C.JPEG",
    "cantidad_archivos": 1,
    "archivos_fuente": [
      "Pictures/Fototeca de Fotos.photoslibrary/resources/derivatives/5/5416477A-C783-48CE-BAFF-6885E40D287A_1_105_c.jpeg"
    ],
    "ultima_modificacion": "2025-08-01 01:01:28.789301"
  },
  "54df297a1eaf42fb820b44e878e4c9b6.thm": {
    "app_sintetizada": "54DF297A1EAF42FB820B44E878E4C9B6.THM",
    "cantidad_archivos": 1,
    "archivos_fuente": [
      "Pictures/Fototeca de Fotos.photoslibrary/resources/derivatives/5/54DF297A-1EAF-42FB-820B-44E878E4C9B6.THM"
    ],
    "ultima_modificacion": "2025-08-01 01:01:28.789717"
  },
  "5aff26f465d642a793afc6d681538af71105c.jpeg": {
    "app_sintetizada": "5AFF26F465D642A793AFC6D681538AF71105C.JPEG",
    "cantidad_archivos": 1,
    "archivos_fuente": [
      "Pictures/Fototeca de Fotos.photoslibrary/resources/derivatives/5/5AFF26F4-65D6-42A7-93AF-C6D681538AF7_1_105_c.jpeg"
    ],
    "ultima_modificacion": "2025-08-01 01:01:28.790359"
  },
  "56d8e01f6fa2433ea4dc4d52632a4e441105c.jpeg": {
    "app_sintetizada": "56D8E01F6FA2433EA4DC4D52632A4E441105C.JPEG",
    "cantidad_archivos": 1,
    "archivos_fuente": [
      "Pictures/Fototeca de Fotos.photoslibrary/resources/derivatives/5/56D8E01F-6FA2-433E-A4DC-4D52632A4E44_1_105_c.jpeg"
    ],
    "ultima_modificacion": "2025-08-01 01:01:28.791008"
  },
  "5c3ae230504a46dfbf8a78abd038abe9.thm": {
    "app_sintetizada": "5C3AE230504A46DFBF8A78ABD038ABE9.THM",
    "cantidad_archivos": 1,
    "archivos_fuente": [
      "Pictures/Fototeca de Fotos.photoslibrary/resources/derivatives/5/5C3AE230-504A-46DF-BF8A-78ABD038ABE9.THM"
    ],
    "ultima_modificacion": "2025-08-01 01:01:28.791520"
  },
  "51fab0c343174a06afbc218775c382b81105c.jpeg": {
    "app_sintetizada": "51FAB0C343174A06AFBC218775C382B81105C.JPEG",
    "cantidad_archivos": 1,
    "archivos_fuente": [
      "Pictures/Fototeca de Fotos.photoslibrary/resources/derivatives/5/51FAB0C3-4317-4A06-AFBC-218775C382B8_1_105_c.jpeg"
    ],
    "ultima_modificacion": "2025-08-01 01:01:28.792041"
  },
  "5927932f79b94d72a285b5e7ab08a38e1105c.jpeg": {
    "app_sintetizada": "5927932F79B94D72A285B5E7AB08A38E1105C.JPEG",
    "cantidad_archivos": 1,
    "archivos_fuente": [
      "Pictures/Fototeca de Fotos.photoslibrary/resources/derivatives/5/5927932F-79B9-4D72-A285-B5E7AB08A38E_1_105_c.jpeg"
    ],
    "ultima_modificacion": "2025-08-01 01:01:28.792507"
  },
  "5d287ce571ee477cad745085e6cf33b71105c.jpeg": {
    "app_sintetizada": "5D287CE571EE477CAD745085E6CF33B71105C.JPEG",
    "cantidad_archivos": 1,
    "archivos_fuente": [
      "Pictures/Fototeca de Fotos.photoslibrary/resources/derivatives/5/5D287CE5-71EE-477C-AD74-5085E6CF33B7_1_105_c.jpeg"
    ],
    "ultima_modificacion": "2025-08-01 01:01:28.793225"
  },
  "59353b4520374f95a15b8e2bbde34ee21105c.jpeg": {
    "app_sintetizada": "59353B4520374F95A15B8E2BBDE34EE21105C.JPEG",
    "cantidad_archivos": 1,
    "archivos_fuente": [
      "Pictures/Fototeca de Fotos.photoslibrary/resources/derivatives/5/59353B45-2037-4F95-A15B-8E2BBDE34EE2_1_105_c.jpeg"
    ],
    "ultima_modificacion": "2025-08-01 01:01:28.793830"
  },
  "599ba2f0bcb74347973ec12946adb3fb1105c.jpeg": {
    "app_sintetizada": "599BA2F0BCB74347973EC12946ADB3FB1105C.JPEG",
    "cantidad_archivos": 1,
    "archivos_fuente": [
      "Pictures/Fototeca de Fotos.photoslibrary/resources/derivatives/5/599BA2F0-BCB7-4347-973E-C12946ADB3FB_1_105_c.jpeg"
    ],
    "ultima_modificacion": "2025-08-01 01:01:28.796280"
  },
  "52f027cf12b544ec856f082e5db34d1f1105c.jpeg": {
    "app_sintetizada": "52F027CF12B544EC856F082E5DB34D1F1105C.JPEG",
    "cantidad_archivos": 1,
    "archivos_fuente": [
      "Pictures/Fototeca de Fotos.photoslibrary/resources/derivatives/5/52F027CF-12B5-44EC-856F-082E5DB34D1F_1_105_c.jpeg"
    ],
    "ultima_modificacion": "2025-08-01 01:01:28.798415"
  },
  "598a9422efc442269bc3db0f5499d65f1105c.jpeg": {
    "app_sintetizada": "598A9422EFC442269BC3DB0F5499D65F1105C.JPEG",
    "cantidad_archivos": 1,
    "archivos_fuente": [
      "Pictures/Fototeca de Fotos.photoslibrary/resources/derivatives/5/598A9422-EFC4-4226-9BC3-DB0F5499D65F_1_105_c.jpeg"
    ],
    "ultima_modificacion": "2025-08-01 01:01:28.799396"
  }
}