{
  "caf6d047a2b2a73f0": {
    "app_sintetizada": "CAF6D047A2B2A73F0",
    "cantidad_archivos": 1,
    "archivos_fuente": [
      "Library/Application Support/Google/Chrome/Default/Service Worker/CacheStorage/d1394a4c842f7861ad7ae5e20da4b484a0c4acad/a5a18824-56f6-4f5f-abb6-64683cbd37bb/caf6d047a2b2a73f_0"
    ],
    "ultima_modificacion": "2025-08-01 01:01:33.653954"
  },
  "13029c62d96f1e520": {
    "app_sintetizada": "13029C62D96F1E520",
    "cantidad_archivos": 1,
    "archivos_fuente": [
      "Library/Application Support/Google/Chrome/Default/Service Worker/CacheStorage/d1394a4c842f7861ad7ae5e20da4b484a0c4acad/a5a18824-56f6-4f5f-abb6-64683cbd37bb/13029c62d96f1e52_0"
    ],
    "ultima_modificacion": "2025-08-01 01:01:33.654373"
  },
  "138f2c5f745dbbd40": {
    "app_sintetizada": "138F2C5F745DBBD40",
    "cantidad_archivos": 1,
    "archivos_fuente": [
      "Library/Application Support/Google/Chrome/Default/Service Worker/CacheStorage/d1394a4c842f7861ad7ae5e20da4b484a0c4acad/a5a18824-56f6-4f5f-abb6-64683cbd37bb/138f2c5f745dbbd4_0"
    ],
    "ultima_modificacion": "2025-08-01 01:01:33.654770"
  },
  "5af4211c842c611f0": {
    "app_sintetizada": "5AF4211C842C611F0",
    "cantidad_archivos": 1,
    "archivos_fuente": [
      "Library/Application Support/Google/Chrome/Default/Service Worker/CacheStorage/d1394a4c842f7861ad7ae5e20da4b484a0c4acad/a5a18824-56f6-4f5f-abb6-64683cbd37bb/5af4211c842c611f_0"
    ],
    "ultima_modificacion": "2025-08-01 01:01:33.655124"
  },
  "d214c2b2ea5d52630": {
    "app_sintetizada": "D214C2B2EA5D52630",
    "cantidad_archivos": 1,
    "archivos_fuente": [
      "Library/Application Support/Google/Chrome/Default/Service Worker/CacheStorage/d1394a4c842f7861ad7ae5e20da4b484a0c4acad/a5a18824-56f6-4f5f-abb6-64683cbd37bb/d214c2b2ea5d5263_0"
    ],
    "ultima_modificacion": "2025-08-01 01:01:33.655468"
  },
  "7a46cd3a1392b5450": {
    "app_sintetizada": "7A46CD3A1392B5450",
    "cantidad_archivos": 1,
    "archivos_fuente": [
      "Library/Application Support/Google/Chrome/Default/Service Worker/CacheStorage/d1394a4c842f7861ad7ae5e20da4b484a0c4acad/a5a18824-56f6-4f5f-abb6-64683cbd37bb/7a46cd3a1392b545_0"
    ],
    "ultima_modificacion": "2025-08-01 01:01:33.655797"
  },
  "2a0bd49e16f5eb5c0": {
    "app_sintetizada": "2A0BD49E16F5EB5C0",
    "cantidad_archivos": 1,
    "archivos_fuente": [
      "Library/Application Support/Google/Chrome/Default/Service Worker/CacheStorage/d1394a4c842f7861ad7ae5e20da4b484a0c4acad/a5a18824-56f6-4f5f-abb6-64683cbd37bb/2a0bd49e16f5eb5c_0"
    ],
    "ultima_modificacion": "2025-08-01 01:01:33.656127"
  },
  "deec55a5ec7a7f1a0": {
    "app_sintetizada": "DEEC55A5EC7A7F1A0",
    "cantidad_archivos": 1,
    "archivos_fuente": [
      "Library/Application Support/Google/Chrome/Default/Service Worker/CacheStorage/d1394a4c842f7861ad7ae5e20da4b484a0c4acad/a5a18824-56f6-4f5f-abb6-64683cbd37bb/deec55a5ec7a7f1a_0"
    ],
    "ultima_modificacion": "2025-08-01 01:01:33.656564"
  },
  "6f1f5e4a5821e01b0": {
    "app_sintetizada": "6F1F5E4A5821E01B0",
    "cantidad_archivos": 1,
    "archivos_fuente": [
      "Library/Application Support/Google/Chrome/Default/Service Worker/CacheStorage/d1394a4c842f7861ad7ae5e20da4b484a0c4acad/a5a18824-56f6-4f5f-abb6-64683cbd37bb/6f1f5e4a5821e01b_0"
    ],
    "ultima_modificacion": "2025-08-01 01:01:33.657298"
  },
  "1c356969a23e4ee40": {
    "app_sintetizada": "1C356969A23E4EE40",
    "cantidad_archivos": 1,
    "archivos_fuente": [
      "Library/Application Support/Google/Chrome/Default/Service Worker/CacheStorage/d1394a4c842f7861ad7ae5e20da4b484a0c4acad/a5a18824-56f6-4f5f-abb6-64683cbd37bb/1c356969a23e4ee4_0"
    ],
    "ultima_modificacion": "2025-08-01 01:01:33.657662"
  },
  "ef047215aab87d200": {
    "app_sintetizada": "EF047215AAB87D200",
    "cantidad_archivos": 1,
    "archivos_fuente": [
      "Library/Application Support/Google/Chrome/Default/Service Worker/CacheStorage/d1394a4c842f7861ad7ae5e20da4b484a0c4acad/a5a18824-56f6-4f5f-abb6-64683cbd37bb/ef047215aab87d20_0"
    ],
    "ultima_modificacion": "2025-08-01 01:01:33.658030"
  },
  "003e779716dc3cfb0": {
    "app_sintetizada": "003E779716DC3CFB0",
    "cantidad_archivos": 1,
    "archivos_fuente": [
      "Library/Application Support/Google/Chrome/Default/Service Worker/CacheStorage/d1394a4c842f7861ad7ae5e20da4b484a0c4acad/a5a18824-56f6-4f5f-abb6-64683cbd37bb/003e779716dc3cfb_0"
    ],
    "ultima_modificacion": "2025-08-01 01:01:33.658361"
  },
  "19b204fda73ca4380": {
    "app_sintetizada": "19B204FDA73CA4380",
    "cantidad_archivos": 1,
    "archivos_fuente": [
      "Library/Application Support/Google/Chrome/Default/Service Worker/CacheStorage/d1394a4c842f7861ad7ae5e20da4b484a0c4acad/a5a18824-56f6-4f5f-abb6-64683cbd37bb/19b204fda73ca438_0"
    ],
    "ultima_modificacion": "2025-08-01 01:01:33.658719"
  },
  "8b30e3b4ffaa93600": {
    "app_sintetizada": "8B30E3B4FFAA93600",
    "cantidad_archivos": 1,
    "archivos_fuente": [
      "Library/Application Support/Google/Chrome/Default/Service Worker/CacheStorage/d1394a4c842f7861ad7ae5e20da4b484a0c4acad/a5a18824-56f6-4f5f-abb6-64683cbd37bb/8b30e3b4ffaa9360_0"
    ],
    "ultima_modificacion": "2025-08-01 01:01:33.659046"
  },
  "b866559a2949e2170": {
    "app_sintetizada": "B866559A2949E2170",
    "cantidad_archivos": 1,
    "archivos_fuente": [
      "Library/Application Support/Google/Chrome/Default/Service Worker/CacheStorage/d1394a4c842f7861ad7ae5e20da4b484a0c4acad/a5a18824-56f6-4f5f-abb6-64683cbd37bb/b866559a2949e217_0"
    ],
    "ultima_modificacion": "2025-08-01 01:01:33.659369"
  },
  "8f211064ff6863440": {
    "app_sintetizada": "8F211064FF6863440",
    "cantidad_archivos": 1,
    "archivos_fuente": [
      "Library/Application Support/Google/Chrome/Default/Service Worker/CacheStorage/d1394a4c842f7861ad7ae5e20da4b484a0c4acad/a5a18824-56f6-4f5f-abb6-64683cbd37bb/8f211064ff686344_0"
    ],
    "ultima_modificacion": "2025-08-01 01:01:33.659686"
  },
  "58c50e443a6e55710": {
    "app_sintetizada": "58C50E443A6E55710",
    "cantidad_archivos": 1,
    "archivos_fuente": [
      "Library/Application Support/Google/Chrome/Default/Service Worker/CacheStorage/d1394a4c842f7861ad7ae5e20da4b484a0c4acad/a5a18824-56f6-4f5f-abb6-64683cbd37bb/58c50e443a6e5571_0"
    ],
    "ultima_modificacion": "2025-08-01 01:01:33.660009"
  },
  "7b522f6e1fb06c0b0": {
    "app_sintetizada": "7B522F6E1FB06C0B0",
    "cantidad_archivos": 1,
    "archivos_fuente": [
      "Library/Application Support/Google/Chrome/Default/Service Worker/CacheStorage/d1394a4c842f7861ad7ae5e20da4b484a0c4acad/a5a18824-56f6-4f5f-abb6-64683cbd37bb/7b522f6e1fb06c0b_0"
    ],
    "ultima_modificacion": "2025-08-01 01:01:33.660343"
  },
  "ae0bb33dc4afbff40": {
    "app_sintetizada": "AE0BB33DC4AFBFF40",
    "cantidad_archivos": 1,
    "archivos_fuente": [
      "Library/Application Support/Google/Chrome/Default/Service Worker/CacheStorage/d1394a4c842f7861ad7ae5e20da4b484a0c4acad/a5a18824-56f6-4f5f-abb6-64683cbd37bb/ae0bb33dc4afbff4_0"
    ],
    "ultima_modificacion": "2025-08-01 01:01:33.660772"
  },
  "6f5bb50a641ddb370": {
    "app_sintetizada": "6F5BB50A641DDB370",
    "cantidad_archivos": 1,
    "archivos_fuente": [
      "Library/Application Support/Google/Chrome/Default/Service Worker/CacheStorage/d1394a4c842f7861ad7ae5e20da4b484a0c4acad/a5a18824-56f6-4f5f-abb6-64683cbd37bb/6f5bb50a641ddb37_0"
    ],
    "ultima_modificacion": "2025-08-01 01:01:33.661098"
  },
  "771ea1c54a7fd3370": {
    "app_sintetizada": "771EA1C54A7FD3370",
    "cantidad_archivos": 1,
    "archivos_fuente": [
      "Library/Application Support/Google/Chrome/Default/Service Worker/CacheStorage/d1394a4c842f7861ad7ae5e20da4b484a0c4acad/a5a18824-56f6-4f5f-abb6-64683cbd37bb/771ea1c54a7fd337_0"
    ],
    "ultima_modificacion": "2025-08-01 01:01:33.661437"
  },
  "1f86053e3ccfe97d0": {
    "app_sintetizada": "1F86053E3CCFE97D0",
    "cantidad_archivos": 1,
    "archivos_fuente": [
      "Library/Application Support/Google/Chrome/Default/Service Worker/CacheStorage/d1394a4c842f7861ad7ae5e20da4b484a0c4acad/a5a18824-56f6-4f5f-abb6-64683cbd37bb/1f86053e3ccfe97d_0"
    ],
    "ultima_modificacion": "2025-08-01 01:01:33.661732"
  },
  "fdece099ddf3a6130": {
    "app_sintetizada": "FDECE099DDF3A6130",
    "cantidad_archivos": 1,
    "archivos_fuente": [
      "Library/Application Support/Google/Chrome/Default/Service Worker/CacheStorage/d1394a4c842f7861ad7ae5e20da4b484a0c4acad/a5a18824-56f6-4f5f-abb6-64683cbd37bb/fdece099ddf3a613_0"
    ],
    "ultima_modificacion": "2025-08-01 01:01:33.662043"
  },
  "ea57439201866b890": {
    "app_sintetizada": "EA57439201866B890",
    "cantidad_archivos": 1,
    "archivos_fuente": [
      "Library/Application Support/Google/Chrome/Default/Service Worker/CacheStorage/d1394a4c842f7861ad7ae5e20da4b484a0c4acad/a5a18824-56f6-4f5f-abb6-64683cbd37bb/ea57439201866b89_0"
    ],
    "ultima_modificacion": "2025-08-01 01:01:33.662275"
  },
  "414b2fc5ee2adc2e0": {
    "app_sintetizada": "414B2FC5EE2ADC2E0",
    "cantidad_archivos": 1,
    "archivos_fuente": [
      "Library/Application Support/Google/Chrome/Default/Service Worker/CacheStorage/d1394a4c842f7861ad7ae5e20da4b484a0c4acad/a5a18824-56f6-4f5f-abb6-64683cbd37bb/414b2fc5ee2adc2e_0"
    ],
    "ultima_modificacion": "2025-08-01 01:01:33.662504"
  },
  "04d53fd24e5be0730": {
    "app_sintetizada": "04D53FD24E5BE0730",
    "cantidad_archivos": 1,
    "archivos_fuente": [
      "Library/Application Support/Google/Chrome/Default/Service Worker/CacheStorage/d1394a4c842f7861ad7ae5e20da4b484a0c4acad/a5a18824-56f6-4f5f-abb6-64683cbd37bb/04d53fd24e5be073_0"
    ],
    "ultima_modificacion": "2025-08-01 01:01:33.662748"
  },
  "1f9d0baf6c0b23a10": {
    "app_sintetizada": "1F9D0BAF6C0B23A10",
    "cantidad_archivos": 1,
    "archivos_fuente": [
      "Library/Application Support/Google/Chrome/Default/Service Worker/CacheStorage/d1394a4c842f7861ad7ae5e20da4b484a0c4acad/a5a18824-56f6-4f5f-abb6-64683cbd37bb/1f9d0baf6c0b23a1_0"
    ],
    "ultima_modificacion": "2025-08-01 01:01:33.662983"
  },
  "5421397efabaaee10": {
    "app_sintetizada": "5421397EFABAAEE10",
    "cantidad_archivos": 1,
    "archivos_fuente": [
      "Library/Application Support/Google/Chrome/Default/Service Worker/CacheStorage/d1394a4c842f7861ad7ae5e20da4b484a0c4acad/a5a18824-56f6-4f5f-abb6-64683cbd37bb/5421397efabaaee1_0"
    ],
    "ultima_modificacion": "2025-08-01 01:01:33.663301"
  },
  "e8e83cb4633482700": {
    "app_sintetizada": "E8E83CB4633482700",
    "cantidad_archivos": 1,
    "archivos_fuente": [
      "Library/Application Support/Google/Chrome/Default/Service Worker/CacheStorage/d1394a4c842f7861ad7ae5e20da4b484a0c4acad/a5a18824-56f6-4f5f-abb6-64683cbd37bb/e8e83cb463348270_0"
    ],
    "ultima_modificacion": "2025-08-01 01:01:33.663602"
  },
  "538fdf2e454087d90": {
    "app_sintetizada": "538FDF2E454087D90",
    "cantidad_archivos": 1,
    "archivos_fuente": [
      "Library/Application Support/Google/Chrome/Default/Service Worker/CacheStorage/d1394a4c842f7861ad7ae5e20da4b484a0c4acad/a5a18824-56f6-4f5f-abb6-64683cbd37bb/538fdf2e454087d9_0"
    ],
    "ultima_modificacion": "2025-08-01 01:01:33.663916"
  },
  "3ed85f26d08e32e00": {
    "app_sintetizada": "3ED85F26D08E32E00",
    "cantidad_archivos": 1,
    "archivos_fuente": [
      "Library/Application Support/Google/Chrome/Default/Service Worker/CacheStorage/d1394a4c842f7861ad7ae5e20da4b484a0c4acad/a5a18824-56f6-4f5f-abb6-64683cbd37bb/3ed85f26d08e32e0_0"
    ],
    "ultima_modificacion": "2025-08-01 01:01:33.664256"
  },
  "856e699243d2f6110": {
    "app_sintetizada": "856E699243D2F6110",
    "cantidad_archivos": 1,
    "archivos_fuente": [
      "Library/Application Support/Google/Chrome/Default/Service Worker/CacheStorage/d1394a4c842f7861ad7ae5e20da4b484a0c4acad/a5a18824-56f6-4f5f-abb6-64683cbd37bb/856e699243d2f611_0"
    ],
    "ultima_modificacion": "2025-08-01 01:01:33.664645"
  },
  "fa66c75bd5b562320": {
    "app_sintetizada": "FA66C75BD5B562320",
    "cantidad_archivos": 1,
    "archivos_fuente": [
      "Library/Application Support/Google/Chrome/Default/Service Worker/CacheStorage/d1394a4c842f7861ad7ae5e20da4b484a0c4acad/a5a18824-56f6-4f5f-abb6-64683cbd37bb/fa66c75bd5b56232_0"
    ],
    "ultima_modificacion": "2025-08-01 01:01:33.664974"
  },
  "7236025aac34cda90": {
    "app_sintetizada": "7236025AAC34CDA90",
    "cantidad_archivos": 1,
    "archivos_fuente": [
      "Library/Application Support/Google/Chrome/Default/Service Worker/CacheStorage/d1394a4c842f7861ad7ae5e20da4b484a0c4acad/a5a18824-56f6-4f5f-abb6-64683cbd37bb/7236025aac34cda9_0"
    ],
    "ultima_modificacion": "2025-08-01 01:01:33.665308"
  },
  "c1bdd33d7bc3168b0": {
    "app_sintetizada": "C1BDD33D7BC3168B0",
    "cantidad_archivos": 1,
    "archivos_fuente": [
      "Library/Application Support/Google/Chrome/Default/Service Worker/CacheStorage/d1394a4c842f7861ad7ae5e20da4b484a0c4acad/a5a18824-56f6-4f5f-abb6-64683cbd37bb/c1bdd33d7bc3168b_0"
    ],
    "ultima_modificacion": "2025-08-01 01:01:33.665668"
  },
  "a5d21e54d1a718fc0": {
    "app_sintetizada": "A5D21E54D1A718FC0",
    "cantidad_archivos": 1,
    "archivos_fuente": [
      "Library/Application Support/Google/Chrome/Default/Service Worker/CacheStorage/d1394a4c842f7861ad7ae5e20da4b484a0c4acad/a5a18824-56f6-4f5f-abb6-64683cbd37bb/a5d21e54d1a718fc_0"
    ],
    "ultima_modificacion": "2025-08-01 01:01:33.665989"
  },
  "ef0f9803d38c63500": {
    "app_sintetizada": "EF0F9803D38C63500",
    "cantidad_archivos": 1,
    "archivos_fuente": [
      "Library/Application Support/Google/Chrome/Default/Service Worker/CacheStorage/d1394a4c842f7861ad7ae5e20da4b484a0c4acad/a5a18824-56f6-4f5f-abb6-64683cbd37bb/ef0f9803d38c6350_0"
    ],
    "ultima_modificacion": "2025-08-01 01:01:33.666299"
  },
  "1c30953195588e150": {
    "app_sintetizada": "1C30953195588E150",
    "cantidad_archivos": 1,
    "archivos_fuente": [
      "Library/Application Support/Google/Chrome/Default/Service Worker/CacheStorage/d1394a4c842f7861ad7ae5e20da4b484a0c4acad/a5a18824-56f6-4f5f-abb6-64683cbd37bb/1c30953195588e15_0"
    ],
    "ultima_modificacion": "2025-08-01 01:01:33.666614"
  },
  "f0ace898f9fed1150": {
    "app_sintetizada": "F0ACE898F9FED1150",
    "cantidad_archivos": 1,
    "archivos_fuente": [
      "Library/Application Support/Google/Chrome/Default/Service Worker/CacheStorage/d1394a4c842f7861ad7ae5e20da4b484a0c4acad/a5a18824-56f6-4f5f-abb6-64683cbd37bb/f0ace898f9fed115_0"
    ],
    "ultima_modificacion": "2025-08-01 01:01:33.666864"
  },
  "1d80545aa756d3530": {
    "app_sintetizada": "1D80545AA756D3530",
    "cantidad_archivos": 1,
    "archivos_fuente": [
      "Library/Application Support/Google/Chrome/Default/Service Worker/CacheStorage/d1394a4c842f7861ad7ae5e20da4b484a0c4acad/a5a18824-56f6-4f5f-abb6-64683cbd37bb/1d80545aa756d353_0"
    ],
    "ultima_modificacion": "2025-08-01 01:01:33.667137"
  },
  "8708e94ca5f5e5c90": {
    "app_sintetizada": "8708E94CA5F5E5C90",
    "cantidad_archivos": 1,
    "archivos_fuente": [
      "Library/Application Support/Google/Chrome/Default/Service Worker/CacheStorage/d1394a4c842f7861ad7ae5e20da4b484a0c4acad/a5a18824-56f6-4f5f-abb6-64683cbd37bb/8708e94ca5f5e5c9_0"
    ],
    "ultima_modificacion": "2025-08-01 01:01:33.667509"
  },
  "1cff723e6a71631b0": {
    "app_sintetizada": "1CFF723E6A71631B0",
    "cantidad_archivos": 1,
    "archivos_fuente": [
      "Library/Application Support/Google/Chrome/Default/Service Worker/CacheStorage/d1394a4c842f7861ad7ae5e20da4b484a0c4acad/a5a18824-56f6-4f5f-abb6-64683cbd37bb/1cff723e6a71631b_0"
    ],
    "ultima_modificacion": "2025-08-01 01:01:33.667769"
  },
  "447bf061e575f94e0": {
    "app_sintetizada": "447BF061E575F94E0",
    "cantidad_archivos": 1,
    "archivos_fuente": [
      "Library/Application Support/Google/Chrome/Default/Service Worker/CacheStorage/d1394a4c842f7861ad7ae5e20da4b484a0c4acad/a5a18824-56f6-4f5f-abb6-64683cbd37bb/447bf061e575f94e_0"
    ],
    "ultima_modificacion": "2025-08-01 01:01:33.668068"
  },
  "849c106549c5955d0": {
    "app_sintetizada": "849C106549C5955D0",
    "cantidad_archivos": 1,
    "archivos_fuente": [
      "Library/Application Support/Google/Chrome/Default/Service Worker/CacheStorage/d1394a4c842f7861ad7ae5e20da4b484a0c4acad/a5a18824-56f6-4f5f-abb6-64683cbd37bb/849c106549c5955d_0"
    ],
    "ultima_modificacion": "2025-08-01 01:01:33.668336"
  },
  "f688106fdf111fab0": {
    "app_sintetizada": "F688106FDF111FAB0",
    "cantidad_archivos": 1,
    "archivos_fuente": [
      "Library/Application Support/Google/Chrome/Default/Service Worker/CacheStorage/d1394a4c842f7861ad7ae5e20da4b484a0c4acad/a5a18824-56f6-4f5f-abb6-64683cbd37bb/f688106fdf111fab_0"
    ],
    "ultima_modificacion": "2025-08-01 01:01:33.668729"
  },
  "62bbabfb41052bb40": {
    "app_sintetizada": "62BBABFB41052BB40",
    "cantidad_archivos": 1,
    "archivos_fuente": [
      "Library/Application Support/Google/Chrome/Default/Service Worker/CacheStorage/d1394a4c842f7861ad7ae5e20da4b484a0c4acad/a5a18824-56f6-4f5f-abb6-64683cbd37bb/62bbabfb41052bb4_0"
    ],
    "ultima_modificacion": "2025-08-01 01:01:33.669123"
  },
  "6682769d1d7ec0c00": {
    "app_sintetizada": "6682769D1D7EC0C00",
    "cantidad_archivos": 1,
    "archivos_fuente": [
      "Library/Application Support/Google/Chrome/Default/Service Worker/CacheStorage/d1394a4c842f7861ad7ae5e20da4b484a0c4acad/a5a18824-56f6-4f5f-abb6-64683cbd37bb/6682769d1d7ec0c0_0"
    ],
    "ultima_modificacion": "2025-08-01 01:01:33.669466"
  },
  "0a5997e0b315cebd0": {
    "app_sintetizada": "0A5997E0B315CEBD0",
    "cantidad_archivos": 1,
    "archivos_fuente": [
      "Library/Application Support/Google/Chrome/Default/Service Worker/CacheStorage/d1394a4c842f7861ad7ae5e20da4b484a0c4acad/a5a18824-56f6-4f5f-abb6-64683cbd37bb/0a5997e0b315cebd_0"
    ],
    "ultima_modificacion": "2025-08-01 01:01:33.669728"
  },
  "107dc9e7c42372400": {
    "app_sintetizada": "107DC9E7C42372400",
    "cantidad_archivos": 1,
    "archivos_fuente": [
      "Library/Application Support/Google/Chrome/Default/Service Worker/CacheStorage/d1394a4c842f7861ad7ae5e20da4b484a0c4acad/a5a18824-56f6-4f5f-abb6-64683cbd37bb/107dc9e7c4237240_0"
    ],
    "ultima_modificacion": "2025-08-01 01:01:33.669975"
  },
  "9a9770c18d87ef690": {
    "app_sintetizada": "9A9770C18D87EF690",
    "cantidad_archivos": 1,
    "archivos_fuente": [
      "Library/Application Support/Google/Chrome/Default/Service Worker/CacheStorage/d1394a4c842f7861ad7ae5e20da4b484a0c4acad/a5a18824-56f6-4f5f-abb6-64683cbd37bb/9a9770c18d87ef69_0"
    ],
    "ultima_modificacion": "2025-08-01 01:01:33.670213"
  },
  "afa0ff323d6584bb0": {
    "app_sintetizada": "AFA0FF323D6584BB0",
    "cantidad_archivos": 1,
    "archivos_fuente": [
      "Library/Application Support/Google/Chrome/Default/Service Worker/CacheStorage/d1394a4c842f7861ad7ae5e20da4b484a0c4acad/a5a18824-56f6-4f5f-abb6-64683cbd37bb/afa0ff323d6584bb_0"
    ],
    "ultima_modificacion": "2025-08-01 01:01:33.670485"
  },
  "e2fc7af1399fa8d60": {
    "app_sintetizada": "E2FC7AF1399FA8D60",
    "cantidad_archivos": 1,
    "archivos_fuente": [
      "Library/Application Support/Google/Chrome/Default/Service Worker/CacheStorage/d1394a4c842f7861ad7ae5e20da4b484a0c4acad/a5a18824-56f6-4f5f-abb6-64683cbd37bb/e2fc7af1399fa8d6_0"
    ],
    "ultima_modificacion": "2025-08-01 01:01:33.670748"
  },
  "07877c9da3c84f0f0": {
    "app_sintetizada": "07877C9DA3C84F0F0",
    "cantidad_archivos": 1,
    "archivos_fuente": [
      "Library/Application Support/Google/Chrome/Default/Service Worker/CacheStorage/d1394a4c842f7861ad7ae5e20da4b484a0c4acad/a5a18824-56f6-4f5f-abb6-64683cbd37bb/07877c9da3c84f0f_0"
    ],
    "ultima_modificacion": "2025-08-01 01:01:33.671020"
  },
  "4d75e47bbb1b143f0": {
    "app_sintetizada": "4D75E47BBB1B143F0",
    "cantidad_archivos": 1,
    "archivos_fuente": [
      "Library/Application Support/Google/Chrome/Default/Service Worker/CacheStorage/d1394a4c842f7861ad7ae5e20da4b484a0c4acad/a5a18824-56f6-4f5f-abb6-64683cbd37bb/4d75e47bbb1b143f_0"
    ],
    "ultima_modificacion": "2025-08-01 01:01:33.671381"
  },
  "839fec85e48d7e180": {
    "app_sintetizada": "839FEC85E48D7E180",
    "cantidad_archivos": 1,
    "archivos_fuente": [
      "Library/Application Support/Google/Chrome/Default/Service Worker/CacheStorage/d1394a4c842f7861ad7ae5e20da4b484a0c4acad/a5a18824-56f6-4f5f-abb6-64683cbd37bb/839fec85e48d7e18_0"
    ],
    "ultima_modificacion": "2025-08-01 01:01:33.671630"
  },
  "17374a36566112400": {
    "app_sintetizada": "17374A36566112400",
    "cantidad_archivos": 1,
    "archivos_fuente": [
      "Library/Application Support/Google/Chrome/Default/Service Worker/CacheStorage/d1394a4c842f7861ad7ae5e20da4b484a0c4acad/a5a18824-56f6-4f5f-abb6-64683cbd37bb/17374a3656611240_0"
    ],
    "ultima_modificacion": "2025-08-01 01:01:33.671863"
  },
  "145285fefe804ac20": {
    "app_sintetizada": "145285FEFE804AC20",
    "cantidad_archivos": 1,
    "archivos_fuente": [
      "Library/Application Support/Google/Chrome/Default/Service Worker/CacheStorage/d1394a4c842f7861ad7ae5e20da4b484a0c4acad/a5a18824-56f6-4f5f-abb6-64683cbd37bb/145285fefe804ac2_0"
    ],
    "ultima_modificacion": "2025-08-01 01:01:33.672073"
  },
  "5bb081ff78f7d1d10": {
    "app_sintetizada": "5BB081FF78F7D1D10",
    "cantidad_archivos": 1,
    "archivos_fuente": [
      "Library/Application Support/Google/Chrome/Default/Service Worker/CacheStorage/d1394a4c842f7861ad7ae5e20da4b484a0c4acad/a5a18824-56f6-4f5f-abb6-64683cbd37bb/5bb081ff78f7d1d1_0"
    ],
    "ultima_modificacion": "2025-08-01 01:01:33.672295"
  },
  "97d9814ddb6268900": {
    "app_sintetizada": "97D9814DDB6268900",
    "cantidad_archivos": 1,
    "archivos_fuente": [
      "Library/Application Support/Google/Chrome/Default/Service Worker/CacheStorage/d1394a4c842f7861ad7ae5e20da4b484a0c4acad/a5a18824-56f6-4f5f-abb6-64683cbd37bb/97d9814ddb626890_0"
    ],
    "ultima_modificacion": "2025-08-01 01:01:33.672496"
  },
  "92e74ce086aa33fb0": {
    "app_sintetizada": "92E74CE086AA33FB0",
    "cantidad_archivos": 1,
    "archivos_fuente": [
      "Library/Application Support/Google/Chrome/Default/Service Worker/CacheStorage/d1394a4c842f7861ad7ae5e20da4b484a0c4acad/a5a18824-56f6-4f5f-abb6-64683cbd37bb/92e74ce086aa33fb_0"
    ],
    "ultima_modificacion": "2025-08-01 01:01:33.672687"
  },
  "d5617ceab9c6d1fa0": {
    "app_sintetizada": "D5617CEAB9C6D1FA0",
    "cantidad_archivos": 1,
    "archivos_fuente": [
      "Library/Application Support/Google/Chrome/Default/Service Worker/CacheStorage/d1394a4c842f7861ad7ae5e20da4b484a0c4acad/a5a18824-56f6-4f5f-abb6-64683cbd37bb/d5617ceab9c6d1fa_0"
    ],
    "ultima_modificacion": "2025-08-01 01:01:33.672937"
  },
  "944fd03de2c41e500": {
    "app_sintetizada": "944FD03DE2C41E500",
    "cantidad_archivos": 1,
    "archivos_fuente": [
      "Library/Application Support/Google/Chrome/Default/Service Worker/CacheStorage/d1394a4c842f7861ad7ae5e20da4b484a0c4acad/a5a18824-56f6-4f5f-abb6-64683cbd37bb/944fd03de2c41e50_0"
    ],
    "ultima_modificacion": "2025-08-01 01:01:33.673243"
  },
  "cef15912152e2b9e0": {
    "app_sintetizada": "CEF15912152E2B9E0",
    "cantidad_archivos": 1,
    "archivos_fuente": [
      "Library/Application Support/Google/Chrome/Default/Service Worker/CacheStorage/d1394a4c842f7861ad7ae5e20da4b484a0c4acad/a5a18824-56f6-4f5f-abb6-64683cbd37bb/cef15912152e2b9e_0"
    ],
    "ultima_modificacion": "2025-08-01 01:01:33.673487"
  },
  "847fd39791a808360": {
    "app_sintetizada": "847FD39791A808360",
    "cantidad_archivos": 1,
    "archivos_fuente": [
      "Library/Application Support/Google/Chrome/Default/Service Worker/CacheStorage/d1394a4c842f7861ad7ae5e20da4b484a0c4acad/a5a18824-56f6-4f5f-abb6-64683cbd37bb/847fd39791a80836_0"
    ],
    "ultima_modificacion": "2025-08-01 01:01:33.673740"
  },
  "4cab192b715559340": {
    "app_sintetizada": "4CAB192B715559340",
    "cantidad_archivos": 1,
    "archivos_fuente": [
      "Library/Application Support/Google/Chrome/Default/Service Worker/CacheStorage/d1394a4c842f7861ad7ae5e20da4b484a0c4acad/a5a18824-56f6-4f5f-abb6-64683cbd37bb/4cab192b71555934_0"
    ],
    "ultima_modificacion": "2025-08-01 01:01:33.673988"
  },
  "33c5077e5adcef420": {
    "app_sintetizada": "33C5077E5ADCEF420",
    "cantidad_archivos": 1,
    "archivos_fuente": [
      "Library/Application Support/Google/Chrome/Default/Service Worker/CacheStorage/d1394a4c842f7861ad7ae5e20da4b484a0c4acad/a5a18824-56f6-4f5f-abb6-64683cbd37bb/33c5077e5adcef42_0"
    ],
    "ultima_modificacion": "2025-08-01 01:01:33.674295"
  },
  "812ba76641aeadd20": {
    "app_sintetizada": "812BA76641AEADD20",
    "cantidad_archivos": 1,
    "archivos_fuente": [
      "Library/Application Support/Google/Chrome/Default/Service Worker/CacheStorage/d1394a4c842f7861ad7ae5e20da4b484a0c4acad/a5a18824-56f6-4f5f-abb6-64683cbd37bb/812ba76641aeadd2_0"
    ],
    "ultima_modificacion": "2025-08-01 01:01:33.674553"
  },
  "57ba6fcafbb78e570": {
    "app_sintetizada": "57BA6FCAFBB78E570",
    "cantidad_archivos": 1,
    "archivos_fuente": [
      "Library/Application Support/Google/Chrome/Default/Service Worker/CacheStorage/d1394a4c842f7861ad7ae5e20da4b484a0c4acad/a5a18824-56f6-4f5f-abb6-64683cbd37bb/57ba6fcafbb78e57_0"
    ],
    "ultima_modificacion": "2025-08-01 01:01:33.674811"
  },
  "11f48fcdf5478e770": {
    "app_sintetizada": "11F48FCDF5478E770",
    "cantidad_archivos": 1,
    "archivos_fuente": [
      "Library/Application Support/Google/Chrome/Default/Service Worker/CacheStorage/d1394a4c842f7861ad7ae5e20da4b484a0c4acad/a5a18824-56f6-4f5f-abb6-64683cbd37bb/11f48fcdf5478e77_0"
    ],
    "ultima_modificacion": "2025-08-01 01:01:33.675052"
  },
  "ab4dd7e594c8815b0": {
    "app_sintetizada": "AB4DD7E594C8815B0",
    "cantidad_archivos": 1,
    "archivos_fuente": [
      "Library/Application Support/Google/Chrome/Default/Service Worker/CacheStorage/d1394a4c842f7861ad7ae5e20da4b484a0c4acad/a5a18824-56f6-4f5f-abb6-64683cbd37bb/ab4dd7e594c8815b_0"
    ],
    "ultima_modificacion": "2025-08-01 01:01:33.675377"
  },
  "f0ea2b99df01d3720": {
    "app_sintetizada": "F0EA2B99DF01D3720",
    "cantidad_archivos": 1,
    "archivos_fuente": [
      "Library/Application Support/Google/Chrome/Default/Service Worker/CacheStorage/d1394a4c842f7861ad7ae5e20da4b484a0c4acad/a5a18824-56f6-4f5f-abb6-64683cbd37bb/f0ea2b99df01d372_0"
    ],
    "ultima_modificacion": "2025-08-01 01:01:33.675599"
  },
  "a9b1a7d01058d4300": {
    "app_sintetizada": "A9B1A7D01058D4300",
    "cantidad_archivos": 1,
    "archivos_fuente": [
      "Library/Application Support/Google/Chrome/Default/Service Worker/CacheStorage/d1394a4c842f7861ad7ae5e20da4b484a0c4acad/a5a18824-56f6-4f5f-abb6-64683cbd37bb/a9b1a7d01058d430_0"
    ],
    "ultima_modificacion": "2025-08-01 01:01:33.675824"
  },
  "b2fecb7fdac9a76d0": {
    "app_sintetizada": "B2FECB7FDAC9A76D0",
    "cantidad_archivos": 1,
    "archivos_fuente": [
      "Library/Application Support/Google/Chrome/Default/Service Worker/CacheStorage/d1394a4c842f7861ad7ae5e20da4b484a0c4acad/a5a18824-56f6-4f5f-abb6-64683cbd37bb/b2fecb7fdac9a76d_0"
    ],
    "ultima_modificacion": "2025-08-01 01:01:33.676043"
  },
  "852b809da496ac310": {
    "app_sintetizada": "852B809DA496AC310",
    "cantidad_archivos": 1,
    "archivos_fuente": [
      "Library/Application Support/Google/Chrome/Default/Service Worker/CacheStorage/d1394a4c842f7861ad7ae5e20da4b484a0c4acad/a5a18824-56f6-4f5f-abb6-64683cbd37bb/852b809da496ac31_0"
    ],
    "ultima_modificacion": "2025-08-01 01:01:33.676323"
  },
  "4a19f62e07f72a310": {
    "app_sintetizada": "4A19F62E07F72A310",
    "cantidad_archivos": 1,
    "archivos_fuente": [
      "Library/Application Support/Google/Chrome/Default/Service Worker/CacheStorage/d1394a4c842f7861ad7ae5e20da4b484a0c4acad/a5a18824-56f6-4f5f-abb6-64683cbd37bb/4a19f62e07f72a31_0"
    ],
    "ultima_modificacion": "2025-08-01 01:01:33.676536"
  },
  "3956fcb810d839a10": {
    "app_sintetizada": "3956FCB810D839A10",
    "cantidad_archivos": 1,
    "archivos_fuente": [
      "Library/Application Support/Google/Chrome/Default/Service Worker/CacheStorage/d1394a4c842f7861ad7ae5e20da4b484a0c4acad/a5a18824-56f6-4f5f-abb6-64683cbd37bb/3956fcb810d839a1_0"
    ],
    "ultima_modificacion": "2025-08-01 01:01:33.676765"
  },
  "4c00884b5fda00580": {
    "app_sintetizada": "4C00884B5FDA00580",
    "cantidad_archivos": 1,
    "archivos_fuente": [
      "Library/Application Support/Google/Chrome/Default/Service Worker/CacheStorage/d1394a4c842f7861ad7ae5e20da4b484a0c4acad/a5a18824-56f6-4f5f-abb6-64683cbd37bb/4c00884b5fda0058_0"
    ],
    "ultima_modificacion": "2025-08-01 01:01:33.677014"
  },
  "4ede975bd9529cea0": {
    "app_sintetizada": "4EDE975BD9529CEA0",
    "cantidad_archivos": 1,
    "archivos_fuente": [
      "Library/Application Support/Google/Chrome/Default/Service Worker/CacheStorage/d1394a4c842f7861ad7ae5e20da4b484a0c4acad/a5a18824-56f6-4f5f-abb6-64683cbd37bb/4ede975bd9529cea_0"
    ],
    "ultima_modificacion": "2025-08-01 01:01:33.677261"
  },
  "f8766ebc7f1d645b0": {
    "app_sintetizada": "F8766EBC7F1D645B0",
    "cantidad_archivos": 1,
    "archivos_fuente": [
      "Library/Application Support/Google/Chrome/Default/Service Worker/CacheStorage/d1394a4c842f7861ad7ae5e20da4b484a0c4acad/a5a18824-56f6-4f5f-abb6-64683cbd37bb/f8766ebc7f1d645b_0"
    ],
    "ultima_modificacion": "2025-08-01 01:01:33.677558"
  },
  "b0d7df89addedea50": {
    "app_sintetizada": "B0D7DF89ADDEDEA50",
    "cantidad_archivos": 1,
    "archivos_fuente": [
      "Library/Application Support/Google/Chrome/Default/Service Worker/CacheStorage/d1394a4c842f7861ad7ae5e20da4b484a0c4acad/a5a18824-56f6-4f5f-abb6-64683cbd37bb/b0d7df89addedea5_0"
    ],
    "ultima_modificacion": "2025-08-01 01:01:33.677758"
  },
  "1959efec53a3492f0": {
    "app_sintetizada": "1959EFEC53A3492F0",
    "cantidad_archivos": 1,
    "archivos_fuente": [
      "Library/Application Support/Google/Chrome/Default/Service Worker/CacheStorage/d1394a4c842f7861ad7ae5e20da4b484a0c4acad/a5a18824-56f6-4f5f-abb6-64683cbd37bb/1959efec53a3492f_0"
    ],
    "ultima_modificacion": "2025-08-01 01:01:33.677945"
  },
  "0634df821c7a93b30": {
    "app_sintetizada": "0634DF821C7A93B30",
    "cantidad_archivos": 1,
    "archivos_fuente": [
      "Library/Application Support/Google/Chrome/Default/Service Worker/CacheStorage/d1394a4c842f7861ad7ae5e20da4b484a0c4acad/a5a18824-56f6-4f5f-abb6-64683cbd37bb/0634df821c7a93b3_0"
    ],
    "ultima_modificacion": "2025-08-01 01:01:33.678128"
  },
  "5a7875ea4c8a6c120": {
    "app_sintetizada": "5A7875EA4C8A6C120",
    "cantidad_archivos": 1,
    "archivos_fuente": [
      "Library/Application Support/Google/Chrome/Default/Service Worker/CacheStorage/d1394a4c842f7861ad7ae5e20da4b484a0c4acad/a5a18824-56f6-4f5f-abb6-64683cbd37bb/5a7875ea4c8a6c12_0"
    ],
    "ultima_modificacion": "2025-08-01 01:01:33.678306"
  },
  "41e196d945546ca30": {
    "app_sintetizada": "41E196D945546CA30",
    "cantidad_archivos": 1,
    "archivos_fuente": [
      "Library/Application Support/Google/Chrome/Default/Service Worker/CacheStorage/d1394a4c842f7861ad7ae5e20da4b484a0c4acad/a5a18824-56f6-4f5f-abb6-64683cbd37bb/41e196d945546ca3_0"
    ],
    "ultima_modificacion": "2025-08-01 01:01:33.678496"
  },
  "8f70ab0f15edd4500": {
    "app_sintetizada": "8F70AB0F15EDD4500",
    "cantidad_archivos": 1,
    "archivos_fuente": [
      "Library/Application Support/Google/Chrome/Default/Service Worker/CacheStorage/d1394a4c842f7861ad7ae5e20da4b484a0c4acad/a5a18824-56f6-4f5f-abb6-64683cbd37bb/8f70ab0f15edd450_0"
    ],
    "ultima_modificacion": "2025-08-01 01:01:33.678683"
  },
  "90a3455c17998a6b0": {
    "app_sintetizada": "90A3455C17998A6B0",
    "cantidad_archivos": 1,
    "archivos_fuente": [
      "Library/Application Support/Google/Chrome/Default/Service Worker/CacheStorage/d1394a4c842f7861ad7ae5e20da4b484a0c4acad/a5a18824-56f6-4f5f-abb6-64683cbd37bb/90a3455c17998a6b_0"
    ],
    "ultima_modificacion": "2025-08-01 01:01:33.678979"
  },
  "8754dbfc41b96d270": {
    "app_sintetizada": "8754DBFC41B96D270",
    "cantidad_archivos": 1,
    "archivos_fuente": [
      "Library/Application Support/Google/Chrome/Default/Service Worker/CacheStorage/d1394a4c842f7861ad7ae5e20da4b484a0c4acad/a5a18824-56f6-4f5f-abb6-64683cbd37bb/8754dbfc41b96d27_0"
    ],
    "ultima_modificacion": "2025-08-01 01:01:33.679284"
  },
  "d9e0e92c5fc35fe50": {
    "app_sintetizada": "D9E0E92C5FC35FE50",
    "cantidad_archivos": 1,
    "archivos_fuente": [
      "Library/Application Support/Google/Chrome/Default/Service Worker/CacheStorage/d1394a4c842f7861ad7ae5e20da4b484a0c4acad/a5a18824-56f6-4f5f-abb6-64683cbd37bb/d9e0e92c5fc35fe5_0"
    ],
    "ultima_modificacion": "2025-08-01 01:01:33.679511"
  },
  "770f8961a5c606220": {
    "app_sintetizada": "770F8961A5C606220",
    "cantidad_archivos": 1,
    "archivos_fuente": [
      "Library/Application Support/Google/Chrome/Default/Service Worker/CacheStorage/d1394a4c842f7861ad7ae5e20da4b484a0c4acad/a5a18824-56f6-4f5f-abb6-64683cbd37bb/770f8961a5c60622_0"
    ],
    "ultima_modificacion": "2025-08-01 01:01:33.679824"
  },
  "d1277690820e91fb0": {
    "app_sintetizada": "D1277690820E91FB0",
    "cantidad_archivos": 1,
    "archivos_fuente": [
      "Library/Application Support/Google/Chrome/Default/Service Worker/CacheStorage/d1394a4c842f7861ad7ae5e20da4b484a0c4acad/a5a18824-56f6-4f5f-abb6-64683cbd37bb/d1277690820e91fb_0"
    ],
    "ultima_modificacion": "2025-08-01 01:01:33.680045"
  },
  "deee42c75778874e0": {
    "app_sintetizada": "DEEE42C75778874E0",
    "cantidad_archivos": 1,
    "archivos_fuente": [
      "Library/Application Support/Google/Chrome/Default/Service Worker/CacheStorage/d1394a4c842f7861ad7ae5e20da4b484a0c4acad/a5a18824-56f6-4f5f-abb6-64683cbd37bb/deee42c75778874e_0"
    ],
    "ultima_modificacion": "2025-08-01 01:01:33.680242"
  },
  "3e5a15fea2e7bf390": {
    "app_sintetizada": "3E5A15FEA2E7BF390",
    "cantidad_archivos": 1,
    "archivos_fuente": [
      "Library/Application Support/Google/Chrome/Default/Service Worker/CacheStorage/d1394a4c842f7861ad7ae5e20da4b484a0c4acad/a5a18824-56f6-4f5f-abb6-64683cbd37bb/3e5a15fea2e7bf39_0"
    ],
    "ultima_modificacion": "2025-08-01 01:01:33.680437"
  },
  "d98f7679e74809c20": {
    "app_sintetizada": "D98F7679E74809C20",
    "cantidad_archivos": 1,
    "archivos_fuente": [
      "Library/Application Support/Google/Chrome/Default/Service Worker/CacheStorage/d1394a4c842f7861ad7ae5e20da4b484a0c4acad/a5a18824-56f6-4f5f-abb6-64683cbd37bb/d98f7679e74809c2_0"
    ],
    "ultima_modificacion": "2025-08-01 01:01:33.680631"
  },
  "067bf28eae39133f0": {
    "app_sintetizada": "067BF28EAE39133F0",
    "cantidad_archivos": 1,
    "archivos_fuente": [
      "Library/Application Support/Google/Chrome/Default/Service Worker/CacheStorage/d1394a4c842f7861ad7ae5e20da4b484a0c4acad/a5a18824-56f6-4f5f-abb6-64683cbd37bb/067bf28eae39133f_0"
    ],
    "ultima_modificacion": "2025-08-01 01:01:33.680810"
  },
  "6af095820c087e650": {
    "app_sintetizada": "6AF095820C087E650",
    "cantidad_archivos": 1,
    "archivos_fuente": [
      "Library/Application Support/Google/Chrome/Default/Service Worker/CacheStorage/d1394a4c842f7861ad7ae5e20da4b484a0c4acad/a5a18824-56f6-4f5f-abb6-64683cbd37bb/6af095820c087e65_0"
    ],
    "ultima_modificacion": "2025-08-01 01:01:33.681025"
  },
  "a0c6aa77f2b1d0f60": {
    "app_sintetizada": "A0C6AA77F2B1D0F60",
    "cantidad_archivos": 1,
    "archivos_fuente": [
      "Library/Application Support/Google/Chrome/Default/Service Worker/CacheStorage/d1394a4c842f7861ad7ae5e20da4b484a0c4acad/a5a18824-56f6-4f5f-abb6-64683cbd37bb/a0c6aa77f2b1d0f6_0"
    ],
    "ultima_modificacion": "2025-08-01 01:01:33.681253"
  },
  "3f15afd67a0c28e30": {
    "app_sintetizada": "3F15AFD67A0C28E30",
    "cantidad_archivos": 1,
    "archivos_fuente": [
      "Library/Application Support/Google/Chrome/Default/Service Worker/CacheStorage/d1394a4c842f7861ad7ae5e20da4b484a0c4acad/a5a18824-56f6-4f5f-abb6-64683cbd37bb/3f15afd67a0c28e3_0"
    ],
    "ultima_modificacion": "2025-08-01 01:01:33.681458"
  },
  "be37fe4c7f7e0d0d0": {
    "app_sintetizada": "BE37FE4C7F7E0D0D0",
    "cantidad_archivos": 1,
    "archivos_fuente": [
      "Library/Application Support/Google/Chrome/Default/Service Worker/CacheStorage/d1394a4c842f7861ad7ae5e20da4b484a0c4acad/a5a18824-56f6-4f5f-abb6-64683cbd37bb/be37fe4c7f7e0d0d_0"
    ],
    "ultima_modificacion": "2025-08-01 01:01:33.681659"
  },
  "997a0c9bd66107200": {
    "app_sintetizada": "997A0C9BD66107200",
    "cantidad_archivos": 1,
    "archivos_fuente": [
      "Library/Application Support/Google/Chrome/Default/Service Worker/CacheStorage/d1394a4c842f7861ad7ae5e20da4b484a0c4acad/a5a18824-56f6-4f5f-abb6-64683cbd37bb/997a0c9bd6610720_0"
    ],
    "ultima_modificacion": "2025-08-01 01:01:33.681895"
  },
  "37cefa859529ff810": {
    "app_sintetizada": "37CEFA859529FF810",
    "cantidad_archivos": 1,
    "archivos_fuente": [
      "Library/Application Support/Google/Chrome/Default/Service Worker/CacheStorage/d1394a4c842f7861ad7ae5e20da4b484a0c4acad/a5a18824-56f6-4f5f-abb6-64683cbd37bb/37cefa859529ff81_0"
    ],
    "ultima_modificacion": "2025-08-01 01:01:33.682182"
  }
}