{
  "52abe5d55cd740358645eb2d8797a3841105c.jpeg": {
    "app_sintetizada": "52ABE5D55CD740358645EB2D8797A3841105C.JPEG",
    "cantidad_archivos": 1,
    "archivos_fuente": [
      "Pictures/Fototeca de Fotos.photoslibrary/resources/derivatives/5/52ABE5D5-5CD7-4035-8645-EB2D8797A384_1_105_c.jpeg"
    ],
    "ultima_modificacion": "2025-08-01 01:01:28.535322"
  },
  "5e28d64e530e4f499e68f5274777e1b01105c.jpeg": {
    "app_sintetizada": "5E28D64E530E4F499E68F5274777E1B01105C.JPEG",
    "cantidad_archivos": 1,
    "archivos_fuente": [
      "Pictures/Fototeca de Fotos.photoslibrary/resources/derivatives/5/5E28D64E-530E-4F49-9E68-F5274777E1B0_1_105_c.jpeg"
    ],
    "ultima_modificacion": "2025-08-01 01:01:28.535556"
  },
  "562877bbbc3a4fc589928ef2f61b54fd1105c.jpeg": {
    "app_sintetizada": "562877BBBC3A4FC589928EF2F61B54FD1105C.JPEG",
    "cantidad_archivos": 1,
    "archivos_fuente": [
      "Pictures/Fototeca de Fotos.photoslibrary/resources/derivatives/5/562877BB-BC3A-4FC5-8992-8EF2F61B54FD_1_105_c.jpeg"
    ],
    "ultima_modificacion": "2025-08-01 01:01:28.535771"
  },
  "558d177e3be843e2b2a7acd7d7c52f6f1105c.jpeg": {
    "app_sintetizada": "558D177E3BE843E2B2A7ACD7D7C52F6F1105C.JPEG",
    "cantidad_archivos": 1,
    "archivos_fuente": [
      "Pictures/Fototeca de Fotos.photoslibrary/resources/derivatives/5/558D177E-3BE8-43E2-B2A7-ACD7D7C52F6F_1_105_c.jpeg"
    ],
    "ultima_modificacion": "2025-08-01 01:01:28.535985"
  },
  "5fcf07f75cd345eb9925af12933519f01105c.jpeg": {
    "app_sintetizada": "5FCF07F75CD345EB9925AF12933519F01105C.JPEG",
    "cantidad_archivos": 1,
    "archivos_fuente": [
      "Pictures/Fototeca de Fotos.photoslibrary/resources/derivatives/5/5FCF07F7-5CD3-45EB-9925-AF12933519F0_1_105_c.jpeg"
    ],
    "ultima_modificacion": "2025-08-01 01:01:28.536220"
  },
  "50e566d43a814fdaa4eb80701ee858ec1105c.jpeg": {
    "app_sintetizada": "50E566D43A814FDAA4EB80701EE858EC1105C.JPEG",
    "cantidad_archivos": 1,
    "archivos_fuente": [
      "Pictures/Fototeca de Fotos.photoslibrary/resources/derivatives/5/50E566D4-3A81-4FDA-A4EB-80701EE858EC_1_105_c.jpeg"
    ],
    "ultima_modificacion": "2025-08-01 01:01:28.536435"
  },
  "5d9abc9019944e53878b915750ce600d1105c.jpeg": {
    "app_sintetizada": "5D9ABC9019944E53878B915750CE600D1105C.JPEG",
    "cantidad_archivos": 1,
    "archivos_fuente": [
      "Pictures/Fototeca de Fotos.photoslibrary/resources/derivatives/5/5D9ABC90-1994-4E53-878B-915750CE600D_1_105_c.jpeg"
    ],
    "ultima_modificacion": "2025-08-01 01:01:28.536744"
  },
  "58d94c09eed542b092059f2a5181baea1105c.jpeg": {
    "app_sintetizada": "58D94C09EED542B092059F2A5181BAEA1105C.JPEG",
    "cantidad_archivos": 1,
    "archivos_fuente": [
      "Pictures/Fototeca de Fotos.photoslibrary/resources/derivatives/5/58D94C09-EED5-42B0-9205-9F2A5181BAEA_1_105_c.jpeg"
    ],
    "ultima_modificacion": "2025-08-01 01:01:28.537104"
  },
  "56c5ce3b21334a35b3c48ec3de6e7c731105c.jpeg": {
    "app_sintetizada": "56C5CE3B21334A35B3C48EC3DE6E7C731105C.JPEG",
    "cantidad_archivos": 1,
    "archivos_fuente": [
      "Pictures/Fototeca de Fotos.photoslibrary/resources/derivatives/5/56C5CE3B-2133-4A35-B3C4-8EC3DE6E7C73_1_105_c.jpeg"
    ],
    "ultima_modificacion": "2025-08-01 01:01:28.537958"
  },
  "58fd7a0878f34deb998bccfc998b64871105c.jpeg": {
    "app_sintetizada": "58FD7A0878F34DEB998BCCFC998B64871105C.JPEG",
    "cantidad_archivos": 1,
    "archivos_fuente": [
      "Pictures/Fototeca de Fotos.photoslibrary/resources/derivatives/5/58FD7A08-78F3-4DEB-998B-CCFC998B6487_1_105_c.jpeg"
    ],
    "ultima_modificacion": "2025-08-01 01:01:28.538562"
  },
  "5d6d5923e17f4541a922beb00222d5cf1105c.jpeg": {
    "app_sintetizada": "5D6D5923E17F4541A922BEB00222D5CF1105C.JPEG",
    "cantidad_archivos": 1,
    "archivos_fuente": [
      "Pictures/Fototeca de Fotos.photoslibrary/resources/derivatives/5/5D6D5923-E17F-4541-A922-BEB00222D5CF_1_105_c.jpeg"
    ],
    "ultima_modificacion": "2025-08-01 01:01:28.538946"
  },
  "5fb2f4f40f454be0a0acf6e589b563e01105c.jpeg": {
    "app_sintetizada": "5FB2F4F40F454BE0A0ACF6E589B563E01105C.JPEG",
    "cantidad_archivos": 1,
    "archivos_fuente": [
      "Pictures/Fototeca de Fotos.photoslibrary/resources/derivatives/5/5FB2F4F4-0F45-4BE0-A0AC-F6E589B563E0_1_105_c.jpeg"
    ],
    "ultima_modificacion": "2025-08-01 01:01:28.539576"
  },
  "5c000e4ea94144b888f5d61e8c5df9fd1105c.jpeg": {
    "app_sintetizada": "5C000E4EA94144B888F5D61E8C5DF9FD1105C.JPEG",
    "cantidad_archivos": 1,
    "archivos_fuente": [
      "Pictures/Fototeca de Fotos.photoslibrary/resources/derivatives/5/5C000E4E-A941-44B8-88F5-D61E8C5DF9FD_1_105_c.jpeg"
    ],
    "ultima_modificacion": "2025-08-01 01:01:28.540266"
  },
  "5c71c305f4044807a49cb7baa9eaf6ec1105c.jpeg": {
    "app_sintetizada": "5C71C305F4044807A49CB7BAA9EAF6EC1105C.JPEG",
    "cantidad_archivos": 1,
    "archivos_fuente": [
      "Pictures/Fototeca de Fotos.photoslibrary/resources/derivatives/5/5C71C305-F404-4807-A49C-B7BAA9EAF6EC_1_105_c.jpeg"
    ],
    "ultima_modificacion": "2025-08-01 01:01:28.540722"
  },
  "5a0e0ce2f841476fa4e58b229e706aa21105c.jpeg": {
    "app_sintetizada": "5A0E0CE2F841476FA4E58B229E706AA21105C.JPEG",
    "cantidad_archivos": 1,
    "archivos_fuente": [
      "Pictures/Fototeca de Fotos.photoslibrary/resources/derivatives/5/5A0E0CE2-F841-476F-A4E5-8B229E706AA2_1_105_c.jpeg"
    ],
    "ultima_modificacion": "2025-08-01 01:01:28.541083"
  },
  "5074cd94b4254c06beed1bc01dc279f61105c.jpeg": {
    "app_sintetizada": "5074CD94B4254C06BEED1BC01DC279F61105C.JPEG",
    "cantidad_archivos": 1,
    "archivos_fuente": [
      "Pictures/Fototeca de Fotos.photoslibrary/resources/derivatives/5/5074CD94-B425-4C06-BEED-1BC01DC279F6_1_105_c.jpeg"
    ],
    "ultima_modificacion": "2025-08-01 01:01:28.541920"
  },
  "5c0ab0ec134c46a0857f53d3987ced3c1105c.jpeg": {
    "app_sintetizada": "5C0AB0EC134C46A0857F53D3987CED3C1105C.JPEG",
    "cantidad_archivos": 1,
    "archivos_fuente": [
      "Pictures/Fototeca de Fotos.photoslibrary/resources/derivatives/5/5C0AB0EC-134C-46A0-857F-53D3987CED3C_1_105_c.jpeg"
    ],
    "ultima_modificacion": "2025-08-01 01:01:28.542472"
  },
  "5e9ecf1232f04c4fb0a3c187ed8db4af1105c.jpeg": {
    "app_sintetizada": "5E9ECF1232F04C4FB0A3C187ED8DB4AF1105C.JPEG",
    "cantidad_archivos": 1,
    "archivos_fuente": [
      "Pictures/Fototeca de Fotos.photoslibrary/resources/derivatives/5/5E9ECF12-32F0-4C4F-B0A3-C187ED8DB4AF_1_105_c.jpeg"
    ],
    "ultima_modificacion": "2025-08-01 01:01:28.542976"
  },
  "52a4f11fd57c444ba6086765820a5ab61105c.jpeg": {
    "app_sintetizada": "52A4F11FD57C444BA6086765820A5AB61105C.JPEG",
    "cantidad_archivos": 1,
    "archivos_fuente": [
      "Pictures/Fototeca de Fotos.photoslibrary/resources/derivatives/5/52A4F11F-D57C-444B-A608-6765820A5AB6_1_105_c.jpeg"
    ],
    "ultima_modificacion": "2025-08-01 01:01:28.543502"
  },
  "548e44732b1d4d5b9fa0e8a957c66adf1105c.jpeg": {
    "app_sintetizada": "548E44732B1D4D5B9FA0E8A957C66ADF1105C.JPEG",
    "cantidad_archivos": 1,
    "archivos_fuente": [
      "Pictures/Fototeca de Fotos.photoslibrary/resources/derivatives/5/548E4473-2B1D-4D5B-9FA0-E8A957C66ADF_1_105_c.jpeg"
    ],
    "ultima_modificacion": "2025-08-01 01:01:28.545079"
  },
  "51f1090eef0c4752b30d0e097ca753db1105c.jpeg": {
    "app_sintetizada": "51F1090EEF0C4752B30D0E097CA753DB1105C.JPEG",
    "cantidad_archivos": 1,
    "archivos_fuente": [
      "Pictures/Fototeca de Fotos.photoslibrary/resources/derivatives/5/51F1090E-EF0C-4752-B30D-0E097CA753DB_1_105_c.jpeg"
    ],
    "ultima_modificacion": "2025-08-01 01:01:28.554624"
  },
  "54db140a17cf45c5b2c75e49c49618271105c.jpeg": {
    "app_sintetizada": "54DB140A17CF45C5B2C75E49C49618271105C.JPEG",
    "cantidad_archivos": 1,
    "archivos_fuente": [
      "Pictures/Fototeca de Fotos.photoslibrary/resources/derivatives/5/54DB140A-17CF-45C5-B2C7-5E49C4961827_1_105_c.jpeg"
    ],
    "ultima_modificacion": "2025-08-01 01:01:28.555378"
  },
  "5f50b1c20bbe4ac5a33f0d8b28a0bbde.thm": {
    "app_sintetizada": "5F50B1C20BBE4AC5A33F0D8B28A0BBDE.THM",
    "cantidad_archivos": 1,
    "archivos_fuente": [
      "Pictures/Fototeca de Fotos.photoslibrary/resources/derivatives/5/5F50B1C2-0BBE-4AC5-A33F-0D8B28A0BBDE.THM"
    ],
    "ultima_modificacion": "2025-08-01 01:01:28.555866"
  },
  "52a342b8f06d4be995ae8f1f6d7e2f731105c.jpeg": {
    "app_sintetizada": "52A342B8F06D4BE995AE8F1F6D7E2F731105C.JPEG",
    "cantidad_archivos": 1,
    "archivos_fuente": [
      "Pictures/Fototeca de Fotos.photoslibrary/resources/derivatives/5/52A342B8-F06D-4BE9-95AE-8F1F6D7E2F73_1_105_c.jpeg"
    ],
    "ultima_modificacion": "2025-08-01 01:01:28.556266"
  },
  "533ea0068584416e97111e94839919751105c.jpeg": {
    "app_sintetizada": "533EA0068584416E97111E94839919751105C.JPEG",
    "cantidad_archivos": 1,
    "archivos_fuente": [
      "Pictures/Fototeca de Fotos.photoslibrary/resources/derivatives/5/533EA006-8584-416E-9711-1E9483991975_1_105_c.jpeg"
    ],
    "ultima_modificacion": "2025-08-01 01:01:28.556628"
  },
  "568ba8f0cbe54a159422f8b99bb09513.thm": {
    "app_sintetizada": "568BA8F0CBE54A159422F8B99BB09513.THM",
    "cantidad_archivos": 1,
    "archivos_fuente": [
      "Pictures/Fototeca de Fotos.photoslibrary/resources/derivatives/5/568BA8F0-CBE5-4A15-9422-F8B99BB09513.THM"
    ],
    "ultima_modificacion": "2025-08-01 01:01:28.556977"
  },
  "57453b1489f7442c9d9726756c4dad4e1105c.jpeg": {
    "app_sintetizada": "57453B1489F7442C9D9726756C4DAD4E1105C.JPEG",
    "cantidad_archivos": 1,
    "archivos_fuente": [
      "Pictures/Fototeca de Fotos.photoslibrary/resources/derivatives/5/57453B14-89F7-442C-9D97-26756C4DAD4E_1_105_c.jpeg"
    ],
    "ultima_modificacion": "2025-08-01 01:01:28.557307"
  },
  "5376d5e9a57b4fe68fa489dc54e1e7b01105c.jpeg": {
    "app_sintetizada": "5376D5E9A57B4FE68FA489DC54E1E7B01105C.JPEG",
    "cantidad_archivos": 1,
    "archivos_fuente": [
      "Pictures/Fototeca de Fotos.photoslibrary/resources/derivatives/5/5376D5E9-A57B-4FE6-8FA4-89DC54E1E7B0_1_105_c.jpeg"
    ],
    "ultima_modificacion": "2025-08-01 01:01:28.557674"
  },
  "5298a5c75e8848bb80cda02b37a1e4ec1105c.jpeg": {
    "app_sintetizada": "5298A5C75E8848BB80CDA02B37A1E4EC1105C.JPEG",
    "cantidad_archivos": 1,
    "archivos_fuente": [
      "Pictures/Fototeca de Fotos.photoslibrary/resources/derivatives/5/5298A5C7-5E88-48BB-80CD-A02B37A1E4EC_1_105_c.jpeg"
    ],
    "ultima_modificacion": "2025-08-01 01:01:28.558036"
  },
  "5574876e35b04fc9b4c572837e5fc61c1105c.jpeg": {
    "app_sintetizada": "5574876E35B04FC9B4C572837E5FC61C1105C.JPEG",
    "cantidad_archivos": 1,
    "archivos_fuente": [
      "Pictures/Fototeca de Fotos.photoslibrary/resources/derivatives/5/5574876E-35B0-4FC9-B4C5-72837E5FC61C_1_105_c.jpeg"
    ],
    "ultima_modificacion": "2025-08-01 01:01:28.558369"
  },
  "5255695871cc4063a7ddd2342a2589731105c.jpeg": {
    "app_sintetizada": "5255695871CC4063A7DDD2342A2589731105C.JPEG",
    "cantidad_archivos": 1,
    "archivos_fuente": [
      "Pictures/Fototeca de Fotos.photoslibrary/resources/derivatives/5/52556958-71CC-4063-A7DD-D2342A258973_1_105_c.jpeg"
    ],
    "ultima_modificacion": "2025-08-01 01:01:28.560576"
  },
  "55341ce562ef4a7786d9a968a877e6af1100o.jpeg": {
    "app_sintetizada": "55341CE562EF4A7786D9A968A877E6AF1100O.JPEG",
    "cantidad_archivos": 1,
    "archivos_fuente": [
      "Pictures/Fototeca de Fotos.photoslibrary/resources/derivatives/5/55341CE5-62EF-4A77-86D9-A968A877E6AF_1_100_o.jpeg"
    ],
    "ultima_modificacion": "2025-08-01 01:01:28.561123"
  },
  "54ee073559364327bded2b13fd94ebb51105c.jpeg": {
    "app_sintetizada": "54EE073559364327BDED2B13FD94EBB51105C.JPEG",
    "cantidad_archivos": 1,
    "archivos_fuente": [
      "Pictures/Fototeca de Fotos.photoslibrary/resources/derivatives/5/54EE0735-5936-4327-BDED-2B13FD94EBB5_1_105_c.jpeg"
    ],
    "ultima_modificacion": "2025-08-01 01:01:28.561545"
  },
  "5f14edefe3e44223830be758d9216d001105c.jpeg": {
    "app_sintetizada": "5F14EDEFE3E44223830BE758D9216D001105C.JPEG",
    "cantidad_archivos": 1,
    "archivos_fuente": [
      "Pictures/Fototeca de Fotos.photoslibrary/resources/derivatives/5/5F14EDEF-E3E4-4223-830B-E758D9216D00_1_105_c.jpeg"
    ],
    "ultima_modificacion": "2025-08-01 01:01:28.561856"
  },
  "569bb1f33e314f238d0535e0542491271105c.jpeg": {
    "app_sintetizada": "569BB1F33E314F238D0535E0542491271105C.JPEG",
    "cantidad_archivos": 1,
    "archivos_fuente": [
      "Pictures/Fototeca de Fotos.photoslibrary/resources/derivatives/5/569BB1F3-3E31-4F23-8D05-35E054249127_1_105_c.jpeg"
    ],
    "ultima_modificacion": "2025-08-01 01:01:28.562121"
  },
  "5cabcdd062f841dc92e4b2a25c2014a0.thm": {
    "app_sintetizada": "5CABCDD062F841DC92E4B2A25C2014A0.THM",
    "cantidad_archivos": 1,
    "archivos_fuente": [
      "Pictures/Fototeca de Fotos.photoslibrary/resources/derivatives/5/5CABCDD0-62F8-41DC-92E4-B2A25C2014A0.THM"
    ],
    "ultima_modificacion": "2025-08-01 01:01:28.562376"
  },
  "5384b9f2e77745d39999d7a1f16dec021105c.jpeg": {
    "app_sintetizada": "5384B9F2E77745D39999D7A1F16DEC021105C.JPEG",
    "cantidad_archivos": 1,
    "archivos_fuente": [
      "Pictures/Fototeca de Fotos.photoslibrary/resources/derivatives/5/5384B9F2-E777-45D3-9999-D7A1F16DEC02_1_105_c.jpeg"
    ],
    "ultima_modificacion": "2025-08-01 01:01:28.562730"
  },
  "53a6167609784465843591f8385abbfc1105c.jpeg": {
    "app_sintetizada": "53A6167609784465843591F8385ABBFC1105C.JPEG",
    "cantidad_archivos": 1,
    "archivos_fuente": [
      "Pictures/Fototeca de Fotos.photoslibrary/resources/derivatives/5/53A61676-0978-4465-8435-91F8385ABBFC_1_105_c.jpeg"
    ],
    "ultima_modificacion": "2025-08-01 01:01:28.565740"
  },
  "5c5e5127d763409c92b56769eab3e9aa1105c.jpeg": {
    "app_sintetizada": "5C5E5127D763409C92B56769EAB3E9AA1105C.JPEG",
    "cantidad_archivos": 1,
    "archivos_fuente": [
      "Pictures/Fototeca de Fotos.photoslibrary/resources/derivatives/5/5C5E5127-D763-409C-92B5-6769EAB3E9AA_1_105_c.jpeg"
    ],
    "ultima_modificacion": "2025-08-01 01:01:28.567173"
  },
  "57f16e60188a467482e742b954350feb1105c.jpeg": {
    "app_sintetizada": "57F16E60188A467482E742B954350FEB1105C.JPEG",
    "cantidad_archivos": 1,
    "archivos_fuente": [
      "Pictures/Fototeca de Fotos.photoslibrary/resources/derivatives/5/57F16E60-188A-4674-82E7-42B954350FEB_1_105_c.jpeg"
    ],
    "ultima_modificacion": "2025-08-01 01:01:28.567702"
  },
  "53b4f9ada8a24169b4aa3f36b00806e81102o.jpeg": {
    "app_sintetizada": "53B4F9ADA8A24169B4AA3F36B00806E81102O.JPEG",
    "cantidad_archivos": 1,
    "archivos_fuente": [
      "Pictures/Fototeca de Fotos.photoslibrary/resources/derivatives/5/53B4F9AD-A8A2-4169-B4AA-3F36B00806E8_1_102_o.jpeg"
    ],
    "ultima_modificacion": "2025-08-01 01:01:28.568078"
  },
  "547cdd59db8347b7ad84740a1e72befe1105c.jpeg": {
    "app_sintetizada": "547CDD59DB8347B7AD84740A1E72BEFE1105C.JPEG",
    "cantidad_archivos": 1,
    "archivos_fuente": [
      "Pictures/Fototeca de Fotos.photoslibrary/resources/derivatives/5/547CDD59-DB83-47B7-AD84-740A1E72BEFE_1_105_c.jpeg"
    ],
    "ultima_modificacion": "2025-08-01 01:01:28.568411"
  },
  "5743f982c16f4b64879c56fbe55d3a331105c.jpeg": {
    "app_sintetizada": "5743F982C16F4B64879C56FBE55D3A331105C.JPEG",
    "cantidad_archivos": 1,
    "archivos_fuente": [
      "Pictures/Fototeca de Fotos.photoslibrary/resources/derivatives/5/5743F982-C16F-4B64-879C-56FBE55D3A33_1_105_c.jpeg"
    ],
    "ultima_modificacion": "2025-08-01 01:01:28.568753"
  },
  "54b5e6eb32d6424f8c8bd62de71bd81f1105c.jpeg": {
    "app_sintetizada": "54B5E6EB32D6424F8C8BD62DE71BD81F1105C.JPEG",
    "cantidad_archivos": 1,
    "archivos_fuente": [
      "Pictures/Fototeca de Fotos.photoslibrary/resources/derivatives/5/54B5E6EB-32D6-424F-8C8B-D62DE71BD81F_1_105_c.jpeg"
    ],
    "ultima_modificacion": "2025-08-01 01:01:28.569093"
  },
  "5e40e82ab8574fc4adf65d87eaf7b3121105c.jpeg": {
    "app_sintetizada": "5E40E82AB8574FC4ADF65D87EAF7B3121105C.JPEG",
    "cantidad_archivos": 1,
    "archivos_fuente": [
      "Pictures/Fototeca de Fotos.photoslibrary/resources/derivatives/5/5E40E82A-B857-4FC4-ADF6-5D87EAF7B312_1_105_c.jpeg"
    ],
    "ultima_modificacion": "2025-08-01 01:01:28.569425"
  },
  "585aa1ab0dbb43589a2d8071392944d51105c.jpeg": {
    "app_sintetizada": "585AA1AB0DBB43589A2D8071392944D51105C.JPEG",
    "cantidad_archivos": 1,
    "archivos_fuente": [
      "Pictures/Fototeca de Fotos.photoslibrary/resources/derivatives/5/585AA1AB-0DBB-4358-9A2D-8071392944D5_1_105_c.jpeg"
    ],
    "ultima_modificacion": "2025-08-01 01:01:28.569796"
  },
  "529dc8e251b044a989a0236be9bbd26f1105c.jpeg": {
    "app_sintetizada": "529DC8E251B044A989A0236BE9BBD26F1105C.JPEG",
    "cantidad_archivos": 1,
    "archivos_fuente": [
      "Pictures/Fototeca de Fotos.photoslibrary/resources/derivatives/5/529DC8E2-51B0-44A9-89A0-236BE9BBD26F_1_105_c.jpeg"
    ],
    "ultima_modificacion": "2025-08-01 01:01:28.574365"
  },
  "55cbbb7259124357a6f7302a55b5195a.thm": {
    "app_sintetizada": "55CBBB7259124357A6F7302A55B5195A.THM",
    "cantidad_archivos": 1,
    "archivos_fuente": [
      "Pictures/Fototeca de Fotos.photoslibrary/resources/derivatives/5/55CBBB72-5912-4357-A6F7-302A55B5195A.THM"
    ],
    "ultima_modificacion": "2025-08-01 01:01:28.580640"
  },
  "5b228bb86fbf4954ba333a9465e7f2ea1105c.jpeg": {
    "app_sintetizada": "5B228BB86FBF4954BA333A9465E7F2EA1105C.JPEG",
    "cantidad_archivos": 1,
    "archivos_fuente": [
      "Pictures/Fototeca de Fotos.photoslibrary/resources/derivatives/5/5B228BB8-6FBF-4954-BA33-3A9465E7F2EA_1_105_c.jpeg"
    ],
    "ultima_modificacion": "2025-08-01 01:01:28.586734"
  },
  "5d015d0c80cb41f2a38b33e278f344951105c.jpeg": {
    "app_sintetizada": "5D015D0C80CB41F2A38B33E278F344951105C.JPEG",
    "cantidad_archivos": 1,
    "archivos_fuente": [
      "Pictures/Fototeca de Fotos.photoslibrary/resources/derivatives/5/5D015D0C-80CB-41F2-A38B-33E278F34495_1_105_c.jpeg"
    ],
    "ultima_modificacion": "2025-08-01 01:01:28.587257"
  },
  "58e49db1332e4b84b8f51c719b8dec271105c.jpeg": {
    "app_sintetizada": "58E49DB1332E4B84B8F51C719B8DEC271105C.JPEG",
    "cantidad_archivos": 1,
    "archivos_fuente": [
      "Pictures/Fototeca de Fotos.photoslibrary/resources/derivatives/5/58E49DB1-332E-4B84-B8F5-1C719B8DEC27_1_105_c.jpeg"
    ],
    "ultima_modificacion": "2025-08-01 01:01:28.613355"
  },
  "554e488c780441019bf7bc1e3435e3221105c.jpeg": {
    "app_sintetizada": "554E488C780441019BF7BC1E3435E3221105C.JPEG",
    "cantidad_archivos": 1,
    "archivos_fuente": [
      "Pictures/Fototeca de Fotos.photoslibrary/resources/derivatives/5/554E488C-7804-4101-9BF7-BC1E3435E322_1_105_c.jpeg"
    ],
    "ultima_modificacion": "2025-08-01 01:01:28.614359"
  },
  "52d8487eacb5408eb5595fc62ae1d0ed1105c.jpeg": {
    "app_sintetizada": "52D8487EACB5408EB5595FC62AE1D0ED1105C.JPEG",
    "cantidad_archivos": 1,
    "archivos_fuente": [
      "Pictures/Fototeca de Fotos.photoslibrary/resources/derivatives/5/52D8487E-ACB5-408E-B559-5FC62AE1D0ED_1_105_c.jpeg"
    ],
    "ultima_modificacion": "2025-08-01 01:01:28.625525"
  },
  "5d18f49a099f4b6fa376aee7dbba1d521105c.jpeg": {
    "app_sintetizada": "5D18F49A099F4B6FA376AEE7DBBA1D521105C.JPEG",
    "cantidad_archivos": 1,
    "archivos_fuente": [
      "Pictures/Fototeca de Fotos.photoslibrary/resources/derivatives/5/5D18F49A-099F-4B6F-A376-AEE7DBBA1D52_1_105_c.jpeg"
    ],
    "ultima_modificacion": "2025-08-01 01:01:28.626803"
  },
  "5d3054a76dbb478daaab986ce16474291105c.jpeg": {
    "app_sintetizada": "5D3054A76DBB478DAAAB986CE16474291105C.JPEG",
    "cantidad_archivos": 1,
    "archivos_fuente": [
      "Pictures/Fototeca de Fotos.photoslibrary/resources/derivatives/5/5D3054A7-6DBB-478D-AAAB-986CE1647429_1_105_c.jpeg"
    ],
    "ultima_modificacion": "2025-08-01 01:01:28.628567"
  },
  "5034e02ee3104b3c901b898944f0ad101105c.jpeg": {
    "app_sintetizada": "5034E02EE3104B3C901B898944F0AD101105C.JPEG",
    "cantidad_archivos": 1,
    "archivos_fuente": [
      "Pictures/Fototeca de Fotos.photoslibrary/resources/derivatives/5/5034E02E-E310-4B3C-901B-898944F0AD10_1_105_c.jpeg"
    ],
    "ultima_modificacion": "2025-08-01 01:01:28.630485"
  },
  "51959769f87949f685d009143de154fb1105c.jpeg": {
    "app_sintetizada": "51959769F87949F685D009143DE154FB1105C.JPEG",
    "cantidad_archivos": 1,
    "archivos_fuente": [
      "Pictures/Fototeca de Fotos.photoslibrary/resources/derivatives/5/51959769-F879-49F6-85D0-09143DE154FB_1_105_c.jpeg"
    ],
    "ultima_modificacion": "2025-08-01 01:01:28.634186"
  },
  "5506537958d2411bab416c79d16655f01105c.jpeg": {
    "app_sintetizada": "5506537958D2411BAB416C79D16655F01105C.JPEG",
    "cantidad_archivos": 1,
    "archivos_fuente": [
      "Pictures/Fototeca de Fotos.photoslibrary/resources/derivatives/5/55065379-58D2-411B-AB41-6C79D16655F0_1_105_c.jpeg"
    ],
    "ultima_modificacion": "2025-08-01 01:01:28.634732"
  },
  "51bfc7b85bed49c6a281fb9a7b1389791105c.jpeg": {
    "app_sintetizada": "51BFC7B85BED49C6A281FB9A7B1389791105C.JPEG",
    "cantidad_archivos": 1,
    "archivos_fuente": [
      "Pictures/Fototeca de Fotos.photoslibrary/resources/derivatives/5/51BFC7B8-5BED-49C6-A281-FB9A7B138979_1_105_c.jpeg"
    ],
    "ultima_modificacion": "2025-08-01 01:01:28.635270"
  },
  "5ebf4096b3824eefbeaae57449ae0cef1105c.jpeg": {
    "app_sintetizada": "5EBF4096B3824EEFBEAAE57449AE0CEF1105C.JPEG",
    "cantidad_archivos": 1,
    "archivos_fuente": [
      "Pictures/Fototeca de Fotos.photoslibrary/resources/derivatives/5/5EBF4096-B382-4EEF-BEAA-E57449AE0CEF_1_105_c.jpeg"
    ],
    "ultima_modificacion": "2025-08-01 01:01:28.635675"
  },
  "5c172b32914a457994ceecf7c6e1c24e1105c.jpeg": {
    "app_sintetizada": "5C172B32914A457994CEECF7C6E1C24E1105C.JPEG",
    "cantidad_archivos": 1,
    "archivos_fuente": [
      "Pictures/Fototeca de Fotos.photoslibrary/resources/derivatives/5/5C172B32-914A-4579-94CE-ECF7C6E1C24E_1_105_c.jpeg"
    ],
    "ultima_modificacion": "2025-08-01 01:01:28.636015"
  },
  "55a1b484afbe4d00995afb8876792b051105c.jpeg": {
    "app_sintetizada": "55A1B484AFBE4D00995AFB8876792B051105C.JPEG",
    "cantidad_archivos": 1,
    "archivos_fuente": [
      "Pictures/Fototeca de Fotos.photoslibrary/resources/derivatives/5/55A1B484-AFBE-4D00-995A-FB8876792B05_1_105_c.jpeg"
    ],
    "ultima_modificacion": "2025-08-01 01:01:28.636407"
  },
  "5764deb08d4b43efa562469dfba656471105c.jpeg": {
    "app_sintetizada": "5764DEB08D4B43EFA562469DFBA656471105C.JPEG",
    "cantidad_archivos": 1,
    "archivos_fuente": [
      "Pictures/Fototeca de Fotos.photoslibrary/resources/derivatives/5/5764DEB0-8D4B-43EF-A562-469DFBA65647_1_105_c.jpeg"
    ],
    "ultima_modificacion": "2025-08-01 01:01:28.636823"
  },
  "526b1a80e93841bcbf1ac75be1739c421105c.jpeg": {
    "app_sintetizada": "526B1A80E93841BCBF1AC75BE1739C421105C.JPEG",
    "cantidad_archivos": 1,
    "archivos_fuente": [
      "Pictures/Fototeca de Fotos.photoslibrary/resources/derivatives/5/526B1A80-E938-41BC-BF1A-C75BE1739C42_1_105_c.jpeg"
    ],
    "ultima_modificacion": "2025-08-01 01:01:28.637490"
  },
  "577284c38b144aff88f6aaa0fdde1f871105c.jpeg": {
    "app_sintetizada": "577284C38B144AFF88F6AAA0FDDE1F871105C.JPEG",
    "cantidad_archivos": 1,
    "archivos_fuente": [
      "Pictures/Fototeca de Fotos.photoslibrary/resources/derivatives/5/577284C3-8B14-4AFF-88F6-AAA0FDDE1F87_1_105_c.jpeg"
    ],
    "ultima_modificacion": "2025-08-01 01:01:28.637969"
  },
  "591a91af134c49ffbace24880e5d4378.thm": {
    "app_sintetizada": "591A91AF134C49FFBACE24880E5D4378.THM",
    "cantidad_archivos": 1,
    "archivos_fuente": [
      "Pictures/Fototeca de Fotos.photoslibrary/resources/derivatives/5/591A91AF-134C-49FF-BACE-24880E5D4378.THM"
    ],
    "ultima_modificacion": "2025-08-01 01:01:28.638383"
  },
  "5ef165f28ff54bcbaf0be0bb40f108e6.thm": {
    "app_sintetizada": "5EF165F28FF54BCBAF0BE0BB40F108E6.THM",
    "cantidad_archivos": 1,
    "archivos_fuente": [
      "Pictures/Fototeca de Fotos.photoslibrary/resources/derivatives/5/5EF165F2-8FF5-4BCB-AF0B-E0BB40F108E6.THM"
    ],
    "ultima_modificacion": "2025-08-01 01:01:28.638802"
  },
  "50d80638eb004d648a6526e06a92231d1105c.jpeg": {
    "app_sintetizada": "50D80638EB004D648A6526E06A92231D1105C.JPEG",
    "cantidad_archivos": 1,
    "archivos_fuente": [
      "Pictures/Fototeca de Fotos.photoslibrary/resources/derivatives/5/50D80638-EB00-4D64-8A65-26E06A92231D_1_105_c.jpeg"
    ],
    "ultima_modificacion": "2025-08-01 01:01:28.639521"
  },
  "5d49119320784820b7091c84ad3a3f55.thm": {
    "app_sintetizada": "5D49119320784820B7091C84AD3A3F55.THM",
    "cantidad_archivos": 1,
    "archivos_fuente": [
      "Pictures/Fototeca de Fotos.photoslibrary/resources/derivatives/5/5D491193-2078-4820-B709-1C84AD3A3F55.THM"
    ],
    "ultima_modificacion": "2025-08-01 01:01:28.639990"
  },
  "55e6ec1da137493b8f1df6f16372240a1105c.jpeg": {
    "app_sintetizada": "55E6EC1DA137493B8F1DF6F16372240A1105C.JPEG",
    "cantidad_archivos": 1,
    "archivos_fuente": [
      "Pictures/Fototeca de Fotos.photoslibrary/resources/derivatives/5/55E6EC1D-A137-493B-8F1D-F6F16372240A_1_105_c.jpeg"
    ],
    "ultima_modificacion": "2025-08-01 01:01:28.640415"
  },
  "5c81fb7f8f9d48fba27186fbfe5351641105c.jpeg": {
    "app_sintetizada": "5C81FB7F8F9D48FBA27186FBFE5351641105C.JPEG",
    "cantidad_archivos": 1,
    "archivos_fuente": [
      "Pictures/Fototeca de Fotos.photoslibrary/resources/derivatives/5/5C81FB7F-8F9D-48FB-A271-86FBFE535164_1_105_c.jpeg"
    ],
    "ultima_modificacion": "2025-08-01 01:01:28.640799"
  },
  "58ab12c4417a4eb9b889545f0da478481105c.jpeg": {
    "app_sintetizada": "58AB12C4417A4EB9B889545F0DA478481105C.JPEG",
    "cantidad_archivos": 1,
    "archivos_fuente": [
      "Pictures/Fototeca de Fotos.photoslibrary/resources/derivatives/5/58AB12C4-417A-4EB9-B889-545F0DA47848_1_105_c.jpeg"
    ],
    "ultima_modificacion": "2025-08-01 01:01:28.641168"
  },
  "5a8c7abb9a1a47e689af6c5a16b030821105c.jpeg": {
    "app_sintetizada": "5A8C7ABB9A1A47E689AF6C5A16B030821105C.JPEG",
    "cantidad_archivos": 1,
    "archivos_fuente": [
      "Pictures/Fototeca de Fotos.photoslibrary/resources/derivatives/5/5A8C7ABB-9A1A-47E6-89AF-6C5A16B03082_1_105_c.jpeg"
    ],
    "ultima_modificacion": "2025-08-01 01:01:28.641539"
  },
  "5cf936a088884764a1f79ab4340449d81105c.jpeg": {
    "app_sintetizada": "5CF936A088884764A1F79AB4340449D81105C.JPEG",
    "cantidad_archivos": 1,
    "archivos_fuente": [
      "Pictures/Fototeca de Fotos.photoslibrary/resources/derivatives/5/5CF936A0-8888-4764-A1F7-9AB4340449D8_1_105_c.jpeg"
    ],
    "ultima_modificacion": "2025-08-01 01:01:28.641965"
  },
  "55ef149022bc47aca4719e327fa682921105c.jpeg": {
    "app_sintetizada": "55EF149022BC47ACA4719E327FA682921105C.JPEG",
    "cantidad_archivos": 1,
    "archivos_fuente": [
      "Pictures/Fototeca de Fotos.photoslibrary/resources/derivatives/5/55EF1490-22BC-47AC-A471-9E327FA68292_1_105_c.jpeg"
    ],
    "ultima_modificacion": "2025-08-01 01:01:28.642480"
  },
  "542dc9a10a114e3ba5240a1027c571bd1105c.jpeg": {
    "app_sintetizada": "542DC9A10A114E3BA5240A1027C571BD1105C.JPEG",
    "cantidad_archivos": 1,
    "archivos_fuente": [
      "Pictures/Fototeca de Fotos.photoslibrary/resources/derivatives/5/542DC9A1-0A11-4E3B-A524-0A1027C571BD_1_105_c.jpeg"
    ],
    "ultima_modificacion": "2025-08-01 01:01:28.642963"
  },
  "56140ebdc8fc483fa3010b589f0f62151105c.jpeg": {
    "app_sintetizada": "56140EBDC8FC483FA3010B589F0F62151105C.JPEG",
    "cantidad_archivos": 1,
    "archivos_fuente": [
      "Pictures/Fototeca de Fotos.photoslibrary/resources/derivatives/5/56140EBD-C8FC-483F-A301-0B589F0F6215_1_105_c.jpeg"
    ],
    "ultima_modificacion": "2025-08-01 01:01:28.643550"
  },
  "59f5eafc375e4afe8c795f175851ae7f1105c.jpeg": {
    "app_sintetizada": "59F5EAFC375E4AFE8C795F175851AE7F1105C.JPEG",
    "cantidad_archivos": 1,
    "archivos_fuente": [
      "Pictures/Fototeca de Fotos.photoslibrary/resources/derivatives/5/59F5EAFC-375E-4AFE-8C79-5F175851AE7F_1_105_c.jpeg"
    ],
    "ultima_modificacion": "2025-08-01 01:01:28.644067"
  },
  "53ec48918e4d4197b09f4985d4c3568f1105c.jpeg": {
    "app_sintetizada": "53EC48918E4D4197B09F4985D4C3568F1105C.JPEG",
    "cantidad_archivos": 1,
    "archivos_fuente": [
      "Pictures/Fototeca de Fotos.photoslibrary/resources/derivatives/5/53EC4891-8E4D-4197-B09F-4985D4C3568F_1_105_c.jpeg"
    ],
    "ultima_modificacion": "2025-08-01 01:01:28.644509"
  },
  "53f925bc4d5343ad882dccde545cb57e1105c.jpeg": {
    "app_sintetizada": "53F925BC4D5343AD882DCCDE545CB57E1105C.JPEG",
    "cantidad_archivos": 1,
    "archivos_fuente": [
      "Pictures/Fototeca de Fotos.photoslibrary/resources/derivatives/5/53F925BC-4D53-43AD-882D-CCDE545CB57E_1_105_c.jpeg"
    ],
    "ultima_modificacion": "2025-08-01 01:01:28.645051"
  },
  "553f148ad33549d497a4b243329b3b521105c.jpeg": {
    "app_sintetizada": "553F148AD33549D497A4B243329B3B521105C.JPEG",
    "cantidad_archivos": 1,
    "archivos_fuente": [
      "Pictures/Fototeca de Fotos.photoslibrary/resources/derivatives/5/553F148A-D335-49D4-97A4-B243329B3B52_1_105_c.jpeg"
    ],
    "ultima_modificacion": "2025-08-01 01:01:28.645562"
  },
  "57517eecc31e4d1e81a2eb91a4bda2b21105c.jpeg": {
    "app_sintetizada": "57517EECC31E4D1E81A2EB91A4BDA2B21105C.JPEG",
    "cantidad_archivos": 1,
    "archivos_fuente": [
      "Pictures/Fototeca de Fotos.photoslibrary/resources/derivatives/5/57517EEC-C31E-4D1E-81A2-EB91A4BDA2B2_1_105_c.jpeg"
    ],
    "ultima_modificacion": "2025-08-01 01:01:28.646794"
  },
  "549503bc3ab84a03906626ca756d3c1a1105c.jpeg": {
    "app_sintetizada": "549503BC3AB84A03906626CA756D3C1A1105C.JPEG",
    "cantidad_archivos": 1,
    "archivos_fuente": [
      "Pictures/Fototeca de Fotos.photoslibrary/resources/derivatives/5/549503BC-3AB8-4A03-9066-26CA756D3C1A_1_105_c.jpeg"
    ],
    "ultima_modificacion": "2025-08-01 01:01:28.647478"
  },
  "5f08ef64240243939c735049eecb70ee1105c.jpeg": {
    "app_sintetizada": "5F08EF64240243939C735049EECB70EE1105C.JPEG",
    "cantidad_archivos": 1,
    "archivos_fuente": [
      "Pictures/Fototeca de Fotos.photoslibrary/resources/derivatives/5/5F08EF64-2402-4393-9C73-5049EECB70EE_1_105_c.jpeg"
    ],
    "ultima_modificacion": "2025-08-01 01:01:28.648080"
  },
  "5d68d8a615204cd4bb58db31764fdcc31105c.jpeg": {
    "app_sintetizada": "5D68D8A615204CD4BB58DB31764FDCC31105C.JPEG",
    "cantidad_archivos": 1,
    "archivos_fuente": [
      "Pictures/Fototeca de Fotos.photoslibrary/resources/derivatives/5/5D68D8A6-1520-4CD4-BB58-DB31764FDCC3_1_105_c.jpeg"
    ],
    "ultima_modificacion": "2025-08-01 01:01:28.648775"
  },
  "5f1f0c860ac84cca8b1078dabfd200531105c.jpeg": {
    "app_sintetizada": "5F1F0C860AC84CCA8B1078DABFD200531105C.JPEG",
    "cantidad_archivos": 1,
    "archivos_fuente": [
      "Pictures/Fototeca de Fotos.photoslibrary/resources/derivatives/5/5F1F0C86-0AC8-4CCA-8B10-78DABFD20053_1_105_c.jpeg"
    ],
    "ultima_modificacion": "2025-08-01 01:01:28.650033"
  },
  "56a5120708fd4875b63672d1ccef36cf1105c.jpeg": {
    "app_sintetizada": "56A5120708FD4875B63672D1CCEF36CF1105C.JPEG",
    "cantidad_archivos": 1,
    "archivos_fuente": [
      "Pictures/Fototeca de Fotos.photoslibrary/resources/derivatives/5/56A51207-08FD-4875-B636-72D1CCEF36CF_1_105_c.jpeg"
    ],
    "ultima_modificacion": "2025-08-01 01:01:28.652061"
  },
  "5bf23614dc36495f959a80950e5e153a1105c.jpeg": {
    "app_sintetizada": "5BF23614DC36495F959A80950E5E153A1105C.JPEG",
    "cantidad_archivos": 1,
    "archivos_fuente": [
      "Pictures/Fototeca de Fotos.photoslibrary/resources/derivatives/5/5BF23614-DC36-495F-959A-80950E5E153A_1_105_c.jpeg"
    ],
    "ultima_modificacion": "2025-08-01 01:01:28.652924"
  },
  "570ca0e9f0cd4fa6a490c1c0682949ff1105c.jpeg": {
    "app_sintetizada": "570CA0E9F0CD4FA6A490C1C0682949FF1105C.JPEG",
    "cantidad_archivos": 1,
    "archivos_fuente": [
      "Pictures/Fototeca de Fotos.photoslibrary/resources/derivatives/5/570CA0E9-F0CD-4FA6-A490-C1C0682949FF_1_105_c.jpeg"
    ],
    "ultima_modificacion": "2025-08-01 01:01:28.653431"
  },
  "560f44f910634ca19d0a0435a9c853341105c.jpeg": {
    "app_sintetizada": "560F44F910634CA19D0A0435A9C853341105C.JPEG",
    "cantidad_archivos": 1,
    "archivos_fuente": [
      "Pictures/Fototeca de Fotos.photoslibrary/resources/derivatives/5/560F44F9-1063-4CA1-9D0A-0435A9C85334_1_105_c.jpeg"
    ],
    "ultima_modificacion": "2025-08-01 01:01:28.653899"
  },
  "54ce7bd4b8164dd7a7cdffde21cafa421105c.jpeg": {
    "app_sintetizada": "54CE7BD4B8164DD7A7CDFFDE21CAFA421105C.JPEG",
    "cantidad_archivos": 1,
    "archivos_fuente": [
      "Pictures/Fototeca de Fotos.photoslibrary/resources/derivatives/5/54CE7BD4-B816-4DD7-A7CD-FFDE21CAFA42_1_105_c.jpeg"
    ],
    "ultima_modificacion": "2025-08-01 01:01:28.654484"
  },
  "59d765da464540abb1d4b05f677410a11105c.jpeg": {
    "app_sintetizada": "59D765DA464540ABB1D4B05F677410A11105C.JPEG",
    "cantidad_archivos": 1,
    "archivos_fuente": [
      "Pictures/Fototeca de Fotos.photoslibrary/resources/derivatives/5/59D765DA-4645-40AB-B1D4-B05F677410A1_1_105_c.jpeg"
    ],
    "ultima_modificacion": "2025-08-01 01:01:28.654911"
  },
  "5a86dbda303645768e68f360d3fa32851105c.jpeg": {
    "app_sintetizada": "5A86DBDA303645768E68F360D3FA32851105C.JPEG",
    "cantidad_archivos": 1,
    "archivos_fuente": [
      "Pictures/Fototeca de Fotos.photoslibrary/resources/derivatives/5/5A86DBDA-3036-4576-8E68-F360D3FA3285_1_105_c.jpeg"
    ],
    "ultima_modificacion": "2025-08-01 01:01:28.655312"
  },
  "577412a9f0974cbea2de57a9737a22361105c.jpeg": {
    "app_sintetizada": "577412A9F0974CBEA2DE57A9737A22361105C.JPEG",
    "cantidad_archivos": 1,
    "archivos_fuente": [
      "Pictures/Fototeca de Fotos.photoslibrary/resources/derivatives/5/577412A9-F097-4CBE-A2DE-57A9737A2236_1_105_c.jpeg"
    ],
    "ultima_modificacion": "2025-08-01 01:01:28.655672"
  },
  "5c4afdb37ea342b699ec114bccce29d21105c.jpeg": {
    "app_sintetizada": "5C4AFDB37EA342B699EC114BCCCE29D21105C.JPEG",
    "cantidad_archivos": 1,
    "archivos_fuente": [
      "Pictures/Fototeca de Fotos.photoslibrary/resources/derivatives/5/5C4AFDB3-7EA3-42B6-99EC-114BCCCE29D2_1_105_c.jpeg"
    ],
    "ultima_modificacion": "2025-08-01 01:01:28.656062"
  },
  "585f604ef8d64da6b65795b4a4db004b1105c.jpeg": {
    "app_sintetizada": "585F604EF8D64DA6B65795B4A4DB004B1105C.JPEG",
    "cantidad_archivos": 1,
    "archivos_fuente": [
      "Pictures/Fototeca de Fotos.photoslibrary/resources/derivatives/5/585F604E-F8D6-4DA6-B657-95B4A4DB004B_1_105_c.jpeg"
    ],
    "ultima_modificacion": "2025-08-01 01:01:28.656470"
  },
  "5d89c5bc5a7a441681099bfd44bc36f91105c.jpeg": {
    "app_sintetizada": "5D89C5BC5A7A441681099BFD44BC36F91105C.JPEG",
    "cantidad_archivos": 1,
    "archivos_fuente": [
      "Pictures/Fototeca de Fotos.photoslibrary/resources/derivatives/5/5D89C5BC-5A7A-4416-8109-9BFD44BC36F9_1_105_c.jpeg"
    ],
    "ultima_modificacion": "2025-08-01 01:01:28.656933"
  },
  "5a6b5d0bca1347f9ac5f3e800d5b2f7a1105c.jpeg": {
    "app_sintetizada": "5A6B5D0BCA1347F9AC5F3E800D5B2F7A1105C.JPEG",
    "cantidad_archivos": 1,
    "archivos_fuente": [
      "Pictures/Fototeca de Fotos.photoslibrary/resources/derivatives/5/5A6B5D0B-CA13-47F9-AC5F-3E800D5B2F7A_1_105_c.jpeg"
    ],
    "ultima_modificacion": "2025-08-01 01:01:28.657812"
  },
  "55389ef50a834336bc432c6ccf98acdc1105c.jpeg": {
    "app_sintetizada": "55389EF50A834336BC432C6CCF98ACDC1105C.JPEG",
    "cantidad_archivos": 1,
    "archivos_fuente": [
      "Pictures/Fototeca de Fotos.photoslibrary/resources/derivatives/5/55389EF5-0A83-4336-BC43-2C6CCF98ACDC_1_105_c.jpeg"
    ],
    "ultima_modificacion": "2025-08-01 01:01:28.658290"
  },
  "5339f0162ca14c05a7170317c328b6491105c.jpeg": {
    "app_sintetizada": "5339F0162CA14C05A7170317C328B6491105C.JPEG",
    "cantidad_archivos": 1,
    "archivos_fuente": [
      "Pictures/Fototeca de Fotos.photoslibrary/resources/derivatives/5/5339F016-2CA1-4C05-A717-0317C328B649_1_105_c.jpeg"
    ],
    "ultima_modificacion": "2025-08-01 01:01:28.658681"
  }
}