{
  "4eca1a045a914af389146ca0e597de6c1105c.jpeg": {
    "app_sintetizada": "4ECA1A045A914AF389146CA0E597DE6C1105C.JPEG",
    "cantidad_archivos": 1,
    "archivos_fuente": [
      "Pictures/Fototeca de Fotos.photoslibrary/resources/derivatives/4/4ECA1A04-5A91-4AF3-8914-6CA0E597DE6C_1_105_c.jpeg"
    ],
    "ultima_modificacion": "2025-08-01 01:01:22.465476"
  },
  "467c551d9894483a9b6e4383c91ba23f1105c.jpeg": {
    "app_sintetizada": "467C551D9894483A9B6E4383C91BA23F1105C.JPEG",
    "cantidad_archivos": 1,
    "archivos_fuente": [
      "Pictures/Fototeca de Fotos.photoslibrary/resources/derivatives/4/467C551D-9894-483A-9B6E-4383C91BA23F_1_105_c.jpeg"
    ],
    "ultima_modificacion": "2025-08-01 01:01:22.465732"
  },
  "4c32854855d047538f9378a545337c231105c.jpeg": {
    "app_sintetizada": "4C32854855D047538F9378A545337C231105C.JPEG",
    "cantidad_archivos": 1,
    "archivos_fuente": [
      "Pictures/Fototeca de Fotos.photoslibrary/resources/derivatives/4/4C328548-55D0-4753-8F93-78A545337C23_1_105_c.jpeg"
    ],
    "ultima_modificacion": "2025-08-01 01:01:22.466073"
  },
  "474dd71654954b51a67c70a30efa1a491105c.jpeg": {
    "app_sintetizada": "474DD71654954B51A67C70A30EFA1A491105C.JPEG",
    "cantidad_archivos": 1,
    "archivos_fuente": [
      "Pictures/Fototeca de Fotos.photoslibrary/resources/derivatives/4/474DD716-5495-4B51-A67C-70A30EFA1A49_1_105_c.jpeg"
    ],
    "ultima_modificacion": "2025-08-01 01:01:22.466328"
  },
  "4888048bfedf40b98e658561db421a151105c.jpeg": {
    "app_sintetizada": "4888048BFEDF40B98E658561DB421A151105C.JPEG",
    "cantidad_archivos": 1,
    "archivos_fuente": [
      "Pictures/Fototeca de Fotos.photoslibrary/resources/derivatives/4/4888048B-FEDF-40B9-8E65-8561DB421A15_1_105_c.jpeg"
    ],
    "ultima_modificacion": "2025-08-01 01:01:22.466664"
  },
  "4564e95efd3948cda8a1470ac6a654ee1105c.jpeg": {
    "app_sintetizada": "4564E95EFD3948CDA8A1470AC6A654EE1105C.JPEG",
    "cantidad_archivos": 1,
    "archivos_fuente": [
      "Pictures/Fototeca de Fotos.photoslibrary/resources/derivatives/4/4564E95E-FD39-48CD-A8A1-470AC6A654EE_1_105_c.jpeg"
    ],
    "ultima_modificacion": "2025-08-01 01:01:22.466986"
  },
  "42f7708525ff41b6934e644328654a421105c.jpeg": {
    "app_sintetizada": "42F7708525FF41B6934E644328654A421105C.JPEG",
    "cantidad_archivos": 1,
    "archivos_fuente": [
      "Pictures/Fototeca de Fotos.photoslibrary/resources/derivatives/4/42F77085-25FF-41B6-934E-644328654A42_1_105_c.jpeg"
    ],
    "ultima_modificacion": "2025-08-01 01:01:22.467356"
  },
  "49d7d510a82f411caf9ec6fe4f4f9d171105c.jpeg": {
    "app_sintetizada": "49D7D510A82F411CAF9EC6FE4F4F9D171105C.JPEG",
    "cantidad_archivos": 1,
    "archivos_fuente": [
      "Pictures/Fototeca de Fotos.photoslibrary/resources/derivatives/4/49D7D510-A82F-411C-AF9E-C6FE4F4F9D17_1_105_c.jpeg"
    ],
    "ultima_modificacion": "2025-08-01 01:01:22.467681"
  },
  "41eb2c107c3d4ed2a3c95026cd79e63f1105c.jpeg": {
    "app_sintetizada": "41EB2C107C3D4ED2A3C95026CD79E63F1105C.JPEG",
    "cantidad_archivos": 1,
    "archivos_fuente": [
      "Pictures/Fototeca de Fotos.photoslibrary/resources/derivatives/4/41EB2C10-7C3D-4ED2-A3C9-5026CD79E63F_1_105_c.jpeg"
    ],
    "ultima_modificacion": "2025-08-01 01:01:22.468015"
  },
  "4a42b60f77e04d19aba3d66e5b74cf9d1105c.jpeg": {
    "app_sintetizada": "4A42B60F77E04D19ABA3D66E5B74CF9D1105C.JPEG",
    "cantidad_archivos": 1,
    "archivos_fuente": [
      "Pictures/Fototeca de Fotos.photoslibrary/resources/derivatives/4/4A42B60F-77E0-4D19-ABA3-D66E5B74CF9D_1_105_c.jpeg"
    ],
    "ultima_modificacion": "2025-08-01 01:01:22.468311"
  },
  "4a653fc83913478d91d933bb09b3c3f41105c.jpeg": {
    "app_sintetizada": "4A653FC83913478D91D933BB09B3C3F41105C.JPEG",
    "cantidad_archivos": 1,
    "archivos_fuente": [
      "Pictures/Fototeca de Fotos.photoslibrary/resources/derivatives/4/4A653FC8-3913-478D-91D9-33BB09B3C3F4_1_105_c.jpeg"
    ],
    "ultima_modificacion": "2025-08-01 01:01:22.468603"
  },
  "4e4779a0ef2f4185b7a443284ab5b3441105c.jpeg": {
    "app_sintetizada": "4E4779A0EF2F4185B7A443284AB5B3441105C.JPEG",
    "cantidad_archivos": 1,
    "archivos_fuente": [
      "Pictures/Fototeca de Fotos.photoslibrary/resources/derivatives/4/4E4779A0-EF2F-4185-B7A4-43284AB5B344_1_105_c.jpeg"
    ],
    "ultima_modificacion": "2025-08-01 01:01:22.469036"
  },
  "406f5e61826d4b6b91e8581eeae78dc71105c.jpeg": {
    "app_sintetizada": "406F5E61826D4B6B91E8581EEAE78DC71105C.JPEG",
    "cantidad_archivos": 1,
    "archivos_fuente": [
      "Pictures/Fototeca de Fotos.photoslibrary/resources/derivatives/4/406F5E61-826D-4B6B-91E8-581EEAE78DC7_1_105_c.jpeg"
    ],
    "ultima_modificacion": "2025-08-01 01:01:22.469689"
  },
  "475d6c93d4bf4028b286ee598ef568381105c.jpeg": {
    "app_sintetizada": "475D6C93D4BF4028B286EE598EF568381105C.JPEG",
    "cantidad_archivos": 1,
    "archivos_fuente": [
      "Pictures/Fototeca de Fotos.photoslibrary/resources/derivatives/4/475D6C93-D4BF-4028-B286-EE598EF56838_1_105_c.jpeg"
    ],
    "ultima_modificacion": "2025-08-01 01:01:22.470510"
  },
  "4782a1d5bee94adc9de46b27463447ba1105c.jpeg": {
    "app_sintetizada": "4782A1D5BEE94ADC9DE46B27463447BA1105C.JPEG",
    "cantidad_archivos": 1,
    "archivos_fuente": [
      "Pictures/Fototeca de Fotos.photoslibrary/resources/derivatives/4/4782A1D5-BEE9-4ADC-9DE4-6B27463447BA_1_105_c.jpeg"
    ],
    "ultima_modificacion": "2025-08-01 01:01:22.470804"
  },
  "48753177ab374ec6a4e1c2c948ce980d1105c.jpeg": {
    "app_sintetizada": "48753177AB374EC6A4E1C2C948CE980D1105C.JPEG",
    "cantidad_archivos": 1,
    "archivos_fuente": [
      "Pictures/Fototeca de Fotos.photoslibrary/resources/derivatives/4/48753177-AB37-4EC6-A4E1-C2C948CE980D_1_105_c.jpeg"
    ],
    "ultima_modificacion": "2025-08-01 01:01:22.471160"
  },
  "44d89e7a57c646e7bc353151417efd851105c.jpeg": {
    "app_sintetizada": "44D89E7A57C646E7BC353151417EFD851105C.JPEG",
    "cantidad_archivos": 1,
    "archivos_fuente": [
      "Pictures/Fototeca de Fotos.photoslibrary/resources/derivatives/4/44D89E7A-57C6-46E7-BC35-3151417EFD85_1_105_c.jpeg"
    ],
    "ultima_modificacion": "2025-08-01 01:01:22.471412"
  },
  "4d0d70e126a84634a3c30b331563a3631105c.jpeg": {
    "app_sintetizada": "4D0D70E126A84634A3C30B331563A3631105C.JPEG",
    "cantidad_archivos": 1,
    "archivos_fuente": [
      "Pictures/Fototeca de Fotos.photoslibrary/resources/derivatives/4/4D0D70E1-26A8-4634-A3C3-0B331563A363_1_105_c.jpeg"
    ],
    "ultima_modificacion": "2025-08-01 01:01:22.471712"
  },
  "4350fa2423324db3b287b5bccc25a4ac1105c.jpeg": {
    "app_sintetizada": "4350FA2423324DB3B287B5BCCC25A4AC1105C.JPEG",
    "cantidad_archivos": 1,
    "archivos_fuente": [
      "Pictures/Fototeca de Fotos.photoslibrary/resources/derivatives/4/4350FA24-2332-4DB3-B287-B5BCCC25A4AC_1_105_c.jpeg"
    ],
    "ultima_modificacion": "2025-08-01 01:01:22.471965"
  },
  "4d696e1df4d54f208976e425db1cdbe31105c.jpeg": {
    "app_sintetizada": "4D696E1DF4D54F208976E425DB1CDBE31105C.JPEG",
    "cantidad_archivos": 1,
    "archivos_fuente": [
      "Pictures/Fototeca de Fotos.photoslibrary/resources/derivatives/4/4D696E1D-F4D5-4F20-8976-E425DB1CDBE3_1_105_c.jpeg"
    ],
    "ultima_modificacion": "2025-08-01 01:01:22.472218"
  },
  "4801b8e4a5d5410cb0a6babc417581ee1105c.jpeg": {
    "app_sintetizada": "4801B8E4A5D5410CB0A6BABC417581EE1105C.JPEG",
    "cantidad_archivos": 1,
    "archivos_fuente": [
      "Pictures/Fototeca de Fotos.photoslibrary/resources/derivatives/4/4801B8E4-A5D5-410C-B0A6-BABC417581EE_1_105_c.jpeg"
    ],
    "ultima_modificacion": "2025-08-01 01:01:22.472551"
  },
  "4b1946e2dcf54a7d917b42d35e4206161105c.jpeg": {
    "app_sintetizada": "4B1946E2DCF54A7D917B42D35E4206161105C.JPEG",
    "cantidad_archivos": 1,
    "archivos_fuente": [
      "Pictures/Fototeca de Fotos.photoslibrary/resources/derivatives/4/4B1946E2-DCF5-4A7D-917B-42D35E420616_1_105_c.jpeg"
    ],
    "ultima_modificacion": "2025-08-01 01:01:22.472824"
  },
  "45cc5f40568646688416fd5ed59f7d931105c.jpeg": {
    "app_sintetizada": "45CC5F40568646688416FD5ED59F7D931105C.JPEG",
    "cantidad_archivos": 1,
    "archivos_fuente": [
      "Pictures/Fototeca de Fotos.photoslibrary/resources/derivatives/4/45CC5F40-5686-4668-8416-FD5ED59F7D93_1_105_c.jpeg"
    ],
    "ultima_modificacion": "2025-08-01 01:01:22.473078"
  },
  "49d8109dd63845b199a0b84de554bfea1105c.jpeg": {
    "app_sintetizada": "49D8109DD63845B199A0B84DE554BFEA1105C.JPEG",
    "cantidad_archivos": 1,
    "archivos_fuente": [
      "Pictures/Fototeca de Fotos.photoslibrary/resources/derivatives/4/49D8109D-D638-45B1-99A0-B84DE554BFEA_1_105_c.jpeg"
    ],
    "ultima_modificacion": "2025-08-01 01:01:22.473379"
  },
  "42706307adcb43eeb57d70cb3e3af8921105c.jpeg": {
    "app_sintetizada": "42706307ADCB43EEB57D70CB3E3AF8921105C.JPEG",
    "cantidad_archivos": 1,
    "archivos_fuente": [
      "Pictures/Fototeca de Fotos.photoslibrary/resources/derivatives/4/42706307-ADCB-43EE-B57D-70CB3E3AF892_1_105_c.jpeg"
    ],
    "ultima_modificacion": "2025-08-01 01:01:22.473619"
  },
  "406893bc4347494ca0ddb259c8daa3f81105c.jpeg": {
    "app_sintetizada": "406893BC4347494CA0DDB259C8DAA3F81105C.JPEG",
    "cantidad_archivos": 1,
    "archivos_fuente": [
      "Pictures/Fototeca de Fotos.photoslibrary/resources/derivatives/4/406893BC-4347-494C-A0DD-B259C8DAA3F8_1_105_c.jpeg"
    ],
    "ultima_modificacion": "2025-08-01 01:01:22.473903"
  },
  "451fa87f358d4fd7b7e418f65d56a2eb1105c.jpeg": {
    "app_sintetizada": "451FA87F358D4FD7B7E418F65D56A2EB1105C.JPEG",
    "cantidad_archivos": 1,
    "archivos_fuente": [
      "Pictures/Fototeca de Fotos.photoslibrary/resources/derivatives/4/451FA87F-358D-4FD7-B7E4-18F65D56A2EB_1_105_c.jpeg"
    ],
    "ultima_modificacion": "2025-08-01 01:01:22.474154"
  },
  "465e344fd69943d891d0846eddffc17d1105c.jpeg": {
    "app_sintetizada": "465E344FD69943D891D0846EDDFFC17D1105C.JPEG",
    "cantidad_archivos": 1,
    "archivos_fuente": [
      "Pictures/Fototeca de Fotos.photoslibrary/resources/derivatives/4/465E344F-D699-43D8-91D0-846EDDFFC17D_1_105_c.jpeg"
    ],
    "ultima_modificacion": "2025-08-01 01:01:22.474396"
  },
  "42e968813ecd49ee89b36104ad1eb8991105c.jpeg": {
    "app_sintetizada": "42E968813ECD49EE89B36104AD1EB8991105C.JPEG",
    "cantidad_archivos": 1,
    "archivos_fuente": [
      "Pictures/Fototeca de Fotos.photoslibrary/resources/derivatives/4/42E96881-3ECD-49EE-89B3-6104AD1EB899_1_105_c.jpeg"
    ],
    "ultima_modificacion": "2025-08-01 01:01:22.474646"
  },
  "4ea3ee8e90b24496a70ebf3c9b7a95041105c.jpeg": {
    "app_sintetizada": "4EA3EE8E90B24496A70EBF3C9B7A95041105C.JPEG",
    "cantidad_archivos": 1,
    "archivos_fuente": [
      "Pictures/Fototeca de Fotos.photoslibrary/resources/derivatives/4/4EA3EE8E-90B2-4496-A70E-BF3C9B7A9504_1_105_c.jpeg"
    ],
    "ultima_modificacion": "2025-08-01 01:01:22.474973"
  },
  "49fbf1a18f714b2d970718b1c05f06211105c.jpeg": {
    "app_sintetizada": "49FBF1A18F714B2D970718B1C05F06211105C.JPEG",
    "cantidad_archivos": 1,
    "archivos_fuente": [
      "Pictures/Fototeca de Fotos.photoslibrary/resources/derivatives/4/49FBF1A1-8F71-4B2D-9707-18B1C05F0621_1_105_c.jpeg"
    ],
    "ultima_modificacion": "2025-08-01 01:01:22.475216"
  },
  "4ba36cb43e5041d7934e919c1289c6051105c.jpeg": {
    "app_sintetizada": "4BA36CB43E5041D7934E919C1289C6051105C.JPEG",
    "cantidad_archivos": 1,
    "archivos_fuente": [
      "Pictures/Fototeca de Fotos.photoslibrary/resources/derivatives/4/4BA36CB4-3E50-41D7-934E-919C1289C605_1_105_c.jpeg"
    ],
    "ultima_modificacion": "2025-08-01 01:01:22.475508"
  },
  "4fdd3858783c41dfab01e2a47fc42e391105c.jpeg": {
    "app_sintetizada": "4FDD3858783C41DFAB01E2A47FC42E391105C.JPEG",
    "cantidad_archivos": 1,
    "archivos_fuente": [
      "Pictures/Fototeca de Fotos.photoslibrary/resources/derivatives/4/4FDD3858-783C-41DF-AB01-E2A47FC42E39_1_105_c.jpeg"
    ],
    "ultima_modificacion": "2025-08-01 01:01:22.475787"
  },
  "4de7034a24094a04816a3d5a89aba09e1100o.jpeg": {
    "app_sintetizada": "4DE7034A24094A04816A3D5A89ABA09E1100O.JPEG",
    "cantidad_archivos": 1,
    "archivos_fuente": [
      "Pictures/Fototeca de Fotos.photoslibrary/resources/derivatives/4/4DE7034A-2409-4A04-816A-3D5A89ABA09E_1_100_o.jpeg"
    ],
    "ultima_modificacion": "2025-08-01 01:01:22.476027"
  },
  "4c5ff2a070d14b1dbd7a29d173bb0cbf1105c.jpeg": {
    "app_sintetizada": "4C5FF2A070D14B1DBD7A29D173BB0CBF1105C.JPEG",
    "cantidad_archivos": 1,
    "archivos_fuente": [
      "Pictures/Fototeca de Fotos.photoslibrary/resources/derivatives/4/4C5FF2A0-70D1-4B1D-BD7A-29D173BB0CBF_1_105_c.jpeg"
    ],
    "ultima_modificacion": "2025-08-01 01:01:22.476307"
  },
  "4585ea701e2d47a28f9fdefad4687fad.thm": {
    "app_sintetizada": "4585EA701E2D47A28F9FDEFAD4687FAD.THM",
    "cantidad_archivos": 1,
    "archivos_fuente": [
      "Pictures/Fototeca de Fotos.photoslibrary/resources/derivatives/4/4585EA70-1E2D-47A2-8F9F-DEFAD4687FAD.THM"
    ],
    "ultima_modificacion": "2025-08-01 01:01:22.476642"
  },
  "4b89050e28ae4adfbe86e79af2f503ab1105c.jpeg": {
    "app_sintetizada": "4B89050E28AE4ADFBE86E79AF2F503AB1105C.JPEG",
    "cantidad_archivos": 1,
    "archivos_fuente": [
      "Pictures/Fototeca de Fotos.photoslibrary/resources/derivatives/4/4B89050E-28AE-4ADF-BE86-E79AF2F503AB_1_105_c.jpeg"
    ],
    "ultima_modificacion": "2025-08-01 01:01:22.476969"
  },
  "4bcfb92f4433473f9c958338d388529a1105c.jpeg": {
    "app_sintetizada": "4BCFB92F4433473F9C958338D388529A1105C.JPEG",
    "cantidad_archivos": 1,
    "archivos_fuente": [
      "Pictures/Fototeca de Fotos.photoslibrary/resources/derivatives/4/4BCFB92F-4433-473F-9C95-8338D388529A_1_105_c.jpeg"
    ],
    "ultima_modificacion": "2025-08-01 01:01:22.477805"
  },
  "48dd585d6aef4dbbb3df95bec7c617941105c.jpeg": {
    "app_sintetizada": "48DD585D6AEF4DBBB3DF95BEC7C617941105C.JPEG",
    "cantidad_archivos": 1,
    "archivos_fuente": [
      "Pictures/Fototeca de Fotos.photoslibrary/resources/derivatives/4/48DD585D-6AEF-4DBB-B3DF-95BEC7C61794_1_105_c.jpeg"
    ],
    "ultima_modificacion": "2025-08-01 01:01:22.478459"
  },
  "4f98bc7a206046e5bdcddba658ec5e431105c.jpeg": {
    "app_sintetizada": "4F98BC7A206046E5BDCDDBA658EC5E431105C.JPEG",
    "cantidad_archivos": 1,
    "archivos_fuente": [
      "Pictures/Fototeca de Fotos.photoslibrary/resources/derivatives/4/4F98BC7A-2060-46E5-BDCD-DBA658EC5E43_1_105_c.jpeg"
    ],
    "ultima_modificacion": "2025-08-01 01:01:22.478707"
  },
  "43714c6c4dc14583b946574af91212c51105c.jpeg": {
    "app_sintetizada": "43714C6C4DC14583B946574AF91212C51105C.JPEG",
    "cantidad_archivos": 1,
    "archivos_fuente": [
      "Pictures/Fototeca de Fotos.photoslibrary/resources/derivatives/4/43714C6C-4DC1-4583-B946-574AF91212C5_1_105_c.jpeg"
    ],
    "ultima_modificacion": "2025-08-01 01:01:22.478910"
  },
  "445723f6f85f497ba9d6da1a1040d0c71105c.jpeg": {
    "app_sintetizada": "445723F6F85F497BA9D6DA1A1040D0C71105C.JPEG",
    "cantidad_archivos": 1,
    "archivos_fuente": [
      "Pictures/Fototeca de Fotos.photoslibrary/resources/derivatives/4/445723F6-F85F-497B-A9D6-DA1A1040D0C7_1_105_c.jpeg"
    ],
    "ultima_modificacion": "2025-08-01 01:01:22.479129"
  },
  "475d10a60d1d4a15b82dab17449a84811105c.jpeg": {
    "app_sintetizada": "475D10A60D1D4A15B82DAB17449A84811105C.JPEG",
    "cantidad_archivos": 1,
    "archivos_fuente": [
      "Pictures/Fototeca de Fotos.photoslibrary/resources/derivatives/4/475D10A6-0D1D-4A15-B82D-AB17449A8481_1_105_c.jpeg"
    ],
    "ultima_modificacion": "2025-08-01 01:01:22.479391"
  },
  "439c513d6f0c4f648cece671af2ef5d71105c.jpeg": {
    "app_sintetizada": "439C513D6F0C4F648CECE671AF2EF5D71105C.JPEG",
    "cantidad_archivos": 1,
    "archivos_fuente": [
      "Pictures/Fototeca de Fotos.photoslibrary/resources/derivatives/4/439C513D-6F0C-4F64-8CEC-E671AF2EF5D7_1_105_c.jpeg"
    ],
    "ultima_modificacion": "2025-08-01 01:01:22.479636"
  },
  "4b32e89a915c4f05a610a4cc2a84f5bc1105c.jpeg": {
    "app_sintetizada": "4B32E89A915C4F05A610A4CC2A84F5BC1105C.JPEG",
    "cantidad_archivos": 1,
    "archivos_fuente": [
      "Pictures/Fototeca de Fotos.photoslibrary/resources/derivatives/4/4B32E89A-915C-4F05-A610-A4CC2A84F5BC_1_105_c.jpeg"
    ],
    "ultima_modificacion": "2025-08-01 01:01:22.479959"
  },
  "4a4dad19fd38402099857eba00e25c1e1105c.jpeg": {
    "app_sintetizada": "4A4DAD19FD38402099857EBA00E25C1E1105C.JPEG",
    "cantidad_archivos": 1,
    "archivos_fuente": [
      "Pictures/Fototeca de Fotos.photoslibrary/resources/derivatives/4/4A4DAD19-FD38-4020-9985-7EBA00E25C1E_1_105_c.jpeg"
    ],
    "ultima_modificacion": "2025-08-01 01:01:22.480182"
  },
  "4a26c9aa4b6d4c32a70e625ba3e07d641105c.jpeg": {
    "app_sintetizada": "4A26C9AA4B6D4C32A70E625BA3E07D641105C.JPEG",
    "cantidad_archivos": 1,
    "archivos_fuente": [
      "Pictures/Fototeca de Fotos.photoslibrary/resources/derivatives/4/4A26C9AA-4B6D-4C32-A70E-625BA3E07D64_1_105_c.jpeg"
    ],
    "ultima_modificacion": "2025-08-01 01:01:22.480430"
  },
  "4df26cc38eb24cfb84900faa0caba60f1105c.jpeg": {
    "app_sintetizada": "4DF26CC38EB24CFB84900FAA0CABA60F1105C.JPEG",
    "cantidad_archivos": 1,
    "archivos_fuente": [
      "Pictures/Fototeca de Fotos.photoslibrary/resources/derivatives/4/4DF26CC3-8EB2-4CFB-8490-0FAA0CABA60F_1_105_c.jpeg"
    ],
    "ultima_modificacion": "2025-08-01 01:01:22.480681"
  },
  "49bc41f2188346d78ea70ebdfb5c0a6b1105c.jpeg": {
    "app_sintetizada": "49BC41F2188346D78EA70EBDFB5C0A6B1105C.JPEG",
    "cantidad_archivos": 1,
    "archivos_fuente": [
      "Pictures/Fototeca de Fotos.photoslibrary/resources/derivatives/4/49BC41F2-1883-46D7-8EA7-0EBDFB5C0A6B_1_105_c.jpeg"
    ],
    "ultima_modificacion": "2025-08-01 01:01:22.480951"
  },
  "45637e8c25124a27aa68c442ce7800c81105c.jpeg": {
    "app_sintetizada": "45637E8C25124A27AA68C442CE7800C81105C.JPEG",
    "cantidad_archivos": 1,
    "archivos_fuente": [
      "Pictures/Fototeca de Fotos.photoslibrary/resources/derivatives/4/45637E8C-2512-4A27-AA68-C442CE7800C8_1_105_c.jpeg"
    ],
    "ultima_modificacion": "2025-08-01 01:01:22.481188"
  },
  "4d19ee0bfb4245a7bef48fafc1dc8a841105c.jpeg": {
    "app_sintetizada": "4D19EE0BFB4245A7BEF48FAFC1DC8A841105C.JPEG",
    "cantidad_archivos": 1,
    "archivos_fuente": [
      "Pictures/Fototeca de Fotos.photoslibrary/resources/derivatives/4/4D19EE0B-FB42-45A7-BEF4-8FAFC1DC8A84_1_105_c.jpeg"
    ],
    "ultima_modificacion": "2025-08-01 01:01:22.481459"
  },
  "4cdd075e21a5459db7cfbf0cb24caef91100o.jpeg": {
    "app_sintetizada": "4CDD075E21A5459DB7CFBF0CB24CAEF91100O.JPEG",
    "cantidad_archivos": 1,
    "archivos_fuente": [
      "Pictures/Fototeca de Fotos.photoslibrary/resources/derivatives/4/4CDD075E-21A5-459D-B7CF-BF0CB24CAEF9_1_100_o.jpeg"
    ],
    "ultima_modificacion": "2025-08-01 01:01:22.481692"
  },
  "43c43e84e2784258ba16d995c6ee628a1105c.jpeg": {
    "app_sintetizada": "43C43E84E2784258BA16D995C6EE628A1105C.JPEG",
    "cantidad_archivos": 1,
    "archivos_fuente": [
      "Pictures/Fototeca de Fotos.photoslibrary/resources/derivatives/4/43C43E84-E278-4258-BA16-D995C6EE628A_1_105_c.jpeg"
    ],
    "ultima_modificacion": "2025-08-01 01:01:22.481967"
  },
  "42cda3bdbcdc4d49a7b23cd52fc12cf51105c.jpeg": {
    "app_sintetizada": "42CDA3BDBCDC4D49A7B23CD52FC12CF51105C.JPEG",
    "cantidad_archivos": 1,
    "archivos_fuente": [
      "Pictures/Fototeca de Fotos.photoslibrary/resources/derivatives/4/42CDA3BD-BCDC-4D49-A7B2-3CD52FC12CF5_1_105_c.jpeg"
    ],
    "ultima_modificacion": "2025-08-01 01:01:22.482245"
  },
  "4daec4781a854408b63dd515d486ba021105c.jpeg": {
    "app_sintetizada": "4DAEC4781A854408B63DD515D486BA021105C.JPEG",
    "cantidad_archivos": 1,
    "archivos_fuente": [
      "Pictures/Fototeca de Fotos.photoslibrary/resources/derivatives/4/4DAEC478-1A85-4408-B63D-D515D486BA02_1_105_c.jpeg"
    ],
    "ultima_modificacion": "2025-08-01 01:01:22.482577"
  },
  "44f48b06d13f4473b46a2297daf616981105c.jpeg": {
    "app_sintetizada": "44F48B06D13F4473B46A2297DAF616981105C.JPEG",
    "cantidad_archivos": 1,
    "archivos_fuente": [
      "Pictures/Fototeca de Fotos.photoslibrary/resources/derivatives/4/44F48B06-D13F-4473-B46A-2297DAF61698_1_105_c.jpeg"
    ],
    "ultima_modificacion": "2025-08-01 01:01:22.482824"
  },
  "4c8cf1b88c5747169a33680875192d0c1105c.jpeg": {
    "app_sintetizada": "4C8CF1B88C5747169A33680875192D0C1105C.JPEG",
    "cantidad_archivos": 1,
    "archivos_fuente": [
      "Pictures/Fototeca de Fotos.photoslibrary/resources/derivatives/4/4C8CF1B8-8C57-4716-9A33-680875192D0C_1_105_c.jpeg"
    ],
    "ultima_modificacion": "2025-08-01 01:01:22.483050"
  },
  "46ae171dfffd4b329c2d716483e918511105c.jpeg": {
    "app_sintetizada": "46AE171DFFFD4B329C2D716483E918511105C.JPEG",
    "cantidad_archivos": 1,
    "archivos_fuente": [
      "Pictures/Fototeca de Fotos.photoslibrary/resources/derivatives/4/46AE171D-FFFD-4B32-9C2D-716483E91851_1_105_c.jpeg"
    ],
    "ultima_modificacion": "2025-08-01 01:01:22.483363"
  },
  "43e1959207b4455c91d02bbbe2fc40411105c.jpeg": {
    "app_sintetizada": "43E1959207B4455C91D02BBBE2FC40411105C.JPEG",
    "cantidad_archivos": 1,
    "archivos_fuente": [
      "Pictures/Fototeca de Fotos.photoslibrary/resources/derivatives/4/43E19592-07B4-455C-91D0-2BBBE2FC4041_1_105_c.jpeg"
    ],
    "ultima_modificacion": "2025-08-01 01:01:22.483582"
  },
  "445d43b79e054f899fe7846c14d0c78b1105c.jpeg": {
    "app_sintetizada": "445D43B79E054F899FE7846C14D0C78B1105C.JPEG",
    "cantidad_archivos": 1,
    "archivos_fuente": [
      "Pictures/Fototeca de Fotos.photoslibrary/resources/derivatives/4/445D43B7-9E05-4F89-9FE7-846C14D0C78B_1_105_c.jpeg"
    ],
    "ultima_modificacion": "2025-08-01 01:01:22.483802"
  },
  "40ee2c4d404249dbb929cab80ef4a6f21105c.jpeg": {
    "app_sintetizada": "40EE2C4D404249DBB929CAB80EF4A6F21105C.JPEG",
    "cantidad_archivos": 1,
    "archivos_fuente": [
      "Pictures/Fototeca de Fotos.photoslibrary/resources/derivatives/4/40EE2C4D-4042-49DB-B929-CAB80EF4A6F2_1_105_c.jpeg"
    ],
    "ultima_modificacion": "2025-08-01 01:01:22.484072"
  },
  "461b1e44995745de883fc87fd2ab90f11105c.jpeg": {
    "app_sintetizada": "461B1E44995745DE883FC87FD2AB90F11105C.JPEG",
    "cantidad_archivos": 1,
    "archivos_fuente": [
      "Pictures/Fototeca de Fotos.photoslibrary/resources/derivatives/4/461B1E44-9957-45DE-883F-C87FD2AB90F1_1_105_c.jpeg"
    ],
    "ultima_modificacion": "2025-08-01 01:01:22.484313"
  },
  "4e8d588dd19540cf8b63dcc15284668b.thm": {
    "app_sintetizada": "4E8D588DD19540CF8B63DCC15284668B.THM",
    "cantidad_archivos": 1,
    "archivos_fuente": [
      "Pictures/Fototeca de Fotos.photoslibrary/resources/derivatives/4/4E8D588D-D195-40CF-8B63-DCC15284668B.THM"
    ],
    "ultima_modificacion": "2025-08-01 01:01:22.484592"
  },
  "4ac05d52f3274fbc97df6e6621fdc57f1105c.jpeg": {
    "app_sintetizada": "4AC05D52F3274FBC97DF6E6621FDC57F1105C.JPEG",
    "cantidad_archivos": 1,
    "archivos_fuente": [
      "Pictures/Fototeca de Fotos.photoslibrary/resources/derivatives/4/4AC05D52-F327-4FBC-97DF-6E6621FDC57F_1_105_c.jpeg"
    ],
    "ultima_modificacion": "2025-08-01 01:01:22.484918"
  },
  "42179bbcfe544d7fa9b75e3bc3ca6c3f1105c.jpeg": {
    "app_sintetizada": "42179BBCFE544D7FA9B75E3BC3CA6C3F1105C.JPEG",
    "cantidad_archivos": 1,
    "archivos_fuente": [
      "Pictures/Fototeca de Fotos.photoslibrary/resources/derivatives/4/42179BBC-FE54-4D7F-A9B7-5E3BC3CA6C3F_1_105_c.jpeg"
    ],
    "ultima_modificacion": "2025-08-01 01:01:22.485535"
  },
  "4786f00414164112ab7b23c805c1b8511105c.jpeg": {
    "app_sintetizada": "4786F00414164112AB7B23C805C1B8511105C.JPEG",
    "cantidad_archivos": 1,
    "archivos_fuente": [
      "Pictures/Fototeca de Fotos.photoslibrary/resources/derivatives/4/4786F004-1416-4112-AB7B-23C805C1B851_1_105_c.jpeg"
    ],
    "ultima_modificacion": "2025-08-01 01:01:22.485801"
  },
  "4be8988bc34443b99465684cc6f42bad1105c.jpeg": {
    "app_sintetizada": "4BE8988BC34443B99465684CC6F42BAD1105C.JPEG",
    "cantidad_archivos": 1,
    "archivos_fuente": [
      "Pictures/Fototeca de Fotos.photoslibrary/resources/derivatives/4/4BE8988B-C344-43B9-9465-684CC6F42BAD_1_105_c.jpeg"
    ],
    "ultima_modificacion": "2025-08-01 01:01:22.486515"
  },
  "43defe9cc86a4a5399aff7df7fda5c051105c.jpeg": {
    "app_sintetizada": "43DEFE9CC86A4A5399AFF7DF7FDA5C051105C.JPEG",
    "cantidad_archivos": 1,
    "archivos_fuente": [
      "Pictures/Fototeca de Fotos.photoslibrary/resources/derivatives/4/43DEFE9C-C86A-4A53-99AF-F7DF7FDA5C05_1_105_c.jpeg"
    ],
    "ultima_modificacion": "2025-08-01 01:01:22.486832"
  },
  "4972e5163f7c4d61baf05881652fce211105c.jpeg": {
    "app_sintetizada": "4972E5163F7C4D61BAF05881652FCE211105C.JPEG",
    "cantidad_archivos": 1,
    "archivos_fuente": [
      "Pictures/Fototeca de Fotos.photoslibrary/resources/derivatives/4/4972E516-3F7C-4D61-BAF0-5881652FCE21_1_105_c.jpeg"
    ],
    "ultima_modificacion": "2025-08-01 01:01:22.487169"
  },
  "45678faba000439cb411ff9766342d621105c.jpeg": {
    "app_sintetizada": "45678FABA000439CB411FF9766342D621105C.JPEG",
    "cantidad_archivos": 1,
    "archivos_fuente": [
      "Pictures/Fototeca de Fotos.photoslibrary/resources/derivatives/4/45678FAB-A000-439C-B411-FF9766342D62_1_105_c.jpeg"
    ],
    "ultima_modificacion": "2025-08-01 01:01:22.487507"
  },
  "40ea2cde2ba54b1c8e81d411a80933351105c.jpeg": {
    "app_sintetizada": "40EA2CDE2BA54B1C8E81D411A80933351105C.JPEG",
    "cantidad_archivos": 1,
    "archivos_fuente": [
      "Pictures/Fototeca de Fotos.photoslibrary/resources/derivatives/4/40EA2CDE-2BA5-4B1C-8E81-D411A8093335_1_105_c.jpeg"
    ],
    "ultima_modificacion": "2025-08-01 01:01:22.487822"
  },
  "46cd82d209e045e4a7fefe3e97e4670b1105c.jpeg": {
    "app_sintetizada": "46CD82D209E045E4A7FEFE3E97E4670B1105C.JPEG",
    "cantidad_archivos": 1,
    "archivos_fuente": [
      "Pictures/Fototeca de Fotos.photoslibrary/resources/derivatives/4/46CD82D2-09E0-45E4-A7FE-FE3E97E4670B_1_105_c.jpeg"
    ],
    "ultima_modificacion": "2025-08-01 01:01:22.488135"
  },
  "48e2a68ecc61448fa0fd7f39c1970ded1105c.jpeg": {
    "app_sintetizada": "48E2A68ECC61448FA0FD7F39C1970DED1105C.JPEG",
    "cantidad_archivos": 1,
    "archivos_fuente": [
      "Pictures/Fototeca de Fotos.photoslibrary/resources/derivatives/4/48E2A68E-CC61-448F-A0FD-7F39C1970DED_1_105_c.jpeg"
    ],
    "ultima_modificacion": "2025-08-01 01:01:22.488635"
  },
  "4d50cfb98d4d41efb1fa163d6f5048da1105c.jpeg": {
    "app_sintetizada": "4D50CFB98D4D41EFB1FA163D6F5048DA1105C.JPEG",
    "cantidad_archivos": 1,
    "archivos_fuente": [
      "Pictures/Fototeca de Fotos.photoslibrary/resources/derivatives/4/4D50CFB9-8D4D-41EF-B1FA-163D6F5048DA_1_105_c.jpeg"
    ],
    "ultima_modificacion": "2025-08-01 01:01:22.488924"
  },
  "4be7c04d45214cb498d2986dde9f3e331105c.jpeg": {
    "app_sintetizada": "4BE7C04D45214CB498D2986DDE9F3E331105C.JPEG",
    "cantidad_archivos": 1,
    "archivos_fuente": [
      "Pictures/Fototeca de Fotos.photoslibrary/resources/derivatives/4/4BE7C04D-4521-4CB4-98D2-986DDE9F3E33_1_105_c.jpeg"
    ],
    "ultima_modificacion": "2025-08-01 01:01:22.489227"
  },
  "432a1b258ca2456da95a9fd97ff5e65a1105c.jpeg": {
    "app_sintetizada": "432A1B258CA2456DA95A9FD97FF5E65A1105C.JPEG",
    "cantidad_archivos": 1,
    "archivos_fuente": [
      "Pictures/Fototeca de Fotos.photoslibrary/resources/derivatives/4/432A1B25-8CA2-456D-A95A-9FD97FF5E65A_1_105_c.jpeg"
    ],
    "ultima_modificacion": "2025-08-01 01:01:22.489539"
  },
  "4358f090753b42c4a31442d0ecb04e631105c.jpeg": {
    "app_sintetizada": "4358F090753B42C4A31442D0ECB04E631105C.JPEG",
    "cantidad_archivos": 1,
    "archivos_fuente": [
      "Pictures/Fototeca de Fotos.photoslibrary/resources/derivatives/4/4358F090-753B-42C4-A314-42D0ECB04E63_1_105_c.jpeg"
    ],
    "ultima_modificacion": "2025-08-01 01:01:22.489829"
  },
  "4b1bb6d4e8a645f9a8ff4850210d9d871105c.jpeg": {
    "app_sintetizada": "4B1BB6D4E8A645F9A8FF4850210D9D871105C.JPEG",
    "cantidad_archivos": 1,
    "archivos_fuente": [
      "Pictures/Fototeca de Fotos.photoslibrary/resources/derivatives/4/4B1BB6D4-E8A6-45F9-A8FF-4850210D9D87_1_105_c.jpeg"
    ],
    "ultima_modificacion": "2025-08-01 01:01:22.490113"
  },
  "4cbee87ca68545a0ae37cdeaa1fc80481105c.jpeg": {
    "app_sintetizada": "4CBEE87CA68545A0AE37CDEAA1FC80481105C.JPEG",
    "cantidad_archivos": 1,
    "archivos_fuente": [
      "Pictures/Fototeca de Fotos.photoslibrary/resources/derivatives/4/4CBEE87C-A685-45A0-AE37-CDEAA1FC8048_1_105_c.jpeg"
    ],
    "ultima_modificacion": "2025-08-01 01:01:22.490405"
  },
  "4106476d87464536aadc45a24218b14b1105c.jpeg": {
    "app_sintetizada": "4106476D87464536AADC45A24218B14B1105C.JPEG",
    "cantidad_archivos": 1,
    "archivos_fuente": [
      "Pictures/Fototeca de Fotos.photoslibrary/resources/derivatives/4/4106476D-8746-4536-AADC-45A24218B14B_1_105_c.jpeg"
    ],
    "ultima_modificacion": "2025-08-01 01:01:22.490698"
  },
  "4553b56386ca4585b19b3412305c80df1105c.jpeg": {
    "app_sintetizada": "4553B56386CA4585B19B3412305C80DF1105C.JPEG",
    "cantidad_archivos": 1,
    "archivos_fuente": [
      "Pictures/Fototeca de Fotos.photoslibrary/resources/derivatives/4/4553B563-86CA-4585-B19B-3412305C80DF_1_105_c.jpeg"
    ],
    "ultima_modificacion": "2025-08-01 01:01:22.490992"
  },
  "464e058a20ef45629b02d475ea886df81105c.jpeg": {
    "app_sintetizada": "464E058A20EF45629B02D475EA886DF81105C.JPEG",
    "cantidad_archivos": 1,
    "archivos_fuente": [
      "Pictures/Fototeca de Fotos.photoslibrary/resources/derivatives/4/464E058A-20EF-4562-9B02-D475EA886DF8_1_105_c.jpeg"
    ],
    "ultima_modificacion": "2025-08-01 01:01:22.491278"
  },
  "4760697a7fce47c29ce908e541e6d6a11105c.jpeg": {
    "app_sintetizada": "4760697A7FCE47C29CE908E541E6D6A11105C.JPEG",
    "cantidad_archivos": 1,
    "archivos_fuente": [
      "Pictures/Fototeca de Fotos.photoslibrary/resources/derivatives/4/4760697A-7FCE-47C2-9CE9-08E541E6D6A1_1_105_c.jpeg"
    ],
    "ultima_modificacion": "2025-08-01 01:01:22.491586"
  },
  "46fe29e2c4324e6cb08c65f112f59cea.thm": {
    "app_sintetizada": "46FE29E2C4324E6CB08C65F112F59CEA.THM",
    "cantidad_archivos": 1,
    "archivos_fuente": [
      "Pictures/Fototeca de Fotos.photoslibrary/resources/derivatives/4/46FE29E2-C432-4E6C-B08C-65F112F59CEA.THM"
    ],
    "ultima_modificacion": "2025-08-01 01:01:22.491902"
  },
  "4350c3b294744810b7e788cfdce9b0e01105c.jpeg": {
    "app_sintetizada": "4350C3B294744810B7E788CFDCE9B0E01105C.JPEG",
    "cantidad_archivos": 1,
    "archivos_fuente": [
      "Pictures/Fototeca de Fotos.photoslibrary/resources/derivatives/4/4350C3B2-9474-4810-B7E7-88CFDCE9B0E0_1_105_c.jpeg"
    ],
    "ultima_modificacion": "2025-08-01 01:01:22.492193"
  },
  "4ac012b2038b42fc8a233f9c4c192d8f1105c.jpeg": {
    "app_sintetizada": "4AC012B2038B42FC8A233F9C4C192D8F1105C.JPEG",
    "cantidad_archivos": 1,
    "archivos_fuente": [
      "Pictures/Fototeca de Fotos.photoslibrary/resources/derivatives/4/4AC012B2-038B-42FC-8A23-3F9C4C192D8F_1_105_c.jpeg"
    ],
    "ultima_modificacion": "2025-08-01 01:01:22.492499"
  },
  "46b2dc8d6fbc475eaa8403435f3944691105c.jpeg": {
    "app_sintetizada": "46B2DC8D6FBC475EAA8403435F3944691105C.JPEG",
    "cantidad_archivos": 1,
    "archivos_fuente": [
      "Pictures/Fototeca de Fotos.photoslibrary/resources/derivatives/4/46B2DC8D-6FBC-475E-AA84-03435F394469_1_105_c.jpeg"
    ],
    "ultima_modificacion": "2025-08-01 01:01:22.492876"
  },
  "48ddb7538ad74e2499af00ef3b1aa8821105c.jpeg": {
    "app_sintetizada": "48DDB7538AD74E2499AF00EF3B1AA8821105C.JPEG",
    "cantidad_archivos": 1,
    "archivos_fuente": [
      "Pictures/Fototeca de Fotos.photoslibrary/resources/derivatives/4/48DDB753-8AD7-4E24-99AF-00EF3B1AA882_1_105_c.jpeg"
    ],
    "ultima_modificacion": "2025-08-01 01:01:22.493300"
  },
  "48d5e165198848e5b9d476b7386c13981105c.jpeg": {
    "app_sintetizada": "48D5E165198848E5B9D476B7386C13981105C.JPEG",
    "cantidad_archivos": 1,
    "archivos_fuente": [
      "Pictures/Fototeca de Fotos.photoslibrary/resources/derivatives/4/48D5E165-1988-48E5-B9D4-76B7386C1398_1_105_c.jpeg"
    ],
    "ultima_modificacion": "2025-08-01 01:01:22.494019"
  },
  "42a4f516ff964b0abcb36ab1456f72e81105c.jpeg": {
    "app_sintetizada": "42A4F516FF964B0ABCB36AB1456F72E81105C.JPEG",
    "cantidad_archivos": 1,
    "archivos_fuente": [
      "Pictures/Fototeca de Fotos.photoslibrary/resources/derivatives/4/42A4F516-FF96-4B0A-BCB3-6AB1456F72E8_1_105_c.jpeg"
    ],
    "ultima_modificacion": "2025-08-01 01:01:22.494817"
  },
  "42964fcefd7543b6a34953de82d81bca1105c.jpeg": {
    "app_sintetizada": "42964FCEFD7543B6A34953DE82D81BCA1105C.JPEG",
    "cantidad_archivos": 1,
    "archivos_fuente": [
      "Pictures/Fototeca de Fotos.photoslibrary/resources/derivatives/4/42964FCE-FD75-43B6-A349-53DE82D81BCA_1_105_c.jpeg"
    ],
    "ultima_modificacion": "2025-08-01 01:01:22.495241"
  },
  "4b3b16e1872043138a7765e202bbe0411105c.jpeg": {
    "app_sintetizada": "4B3B16E1872043138A7765E202BBE0411105C.JPEG",
    "cantidad_archivos": 1,
    "archivos_fuente": [
      "Pictures/Fototeca de Fotos.photoslibrary/resources/derivatives/4/4B3B16E1-8720-4313-8A77-65E202BBE041_1_105_c.jpeg"
    ],
    "ultima_modificacion": "2025-08-01 01:01:22.495567"
  },
  "467e4cfedd814a6ea83430e5c2149e981102o.jpeg": {
    "app_sintetizada": "467E4CFEDD814A6EA83430E5C2149E981102O.JPEG",
    "cantidad_archivos": 1,
    "archivos_fuente": [
      "Pictures/Fototeca de Fotos.photoslibrary/resources/derivatives/4/467E4CFE-DD81-4A6E-A834-30E5C2149E98_1_102_o.jpeg"
    ],
    "ultima_modificacion": "2025-08-01 01:01:22.495865"
  },
  "4cd7c7da8821457b85c59ab0f7108d821105c.jpeg": {
    "app_sintetizada": "4CD7C7DA8821457B85C59AB0F7108D821105C.JPEG",
    "cantidad_archivos": 1,
    "archivos_fuente": [
      "Pictures/Fototeca de Fotos.photoslibrary/resources/derivatives/4/4CD7C7DA-8821-457B-85C5-9AB0F7108D82_1_105_c.jpeg"
    ],
    "ultima_modificacion": "2025-08-01 01:01:22.496170"
  },
  "458759fbfcee4b17a7a4e6bbec93871f1105c.jpeg": {
    "app_sintetizada": "458759FBFCEE4B17A7A4E6BBEC93871F1105C.JPEG",
    "cantidad_archivos": 1,
    "archivos_fuente": [
      "Pictures/Fototeca de Fotos.photoslibrary/resources/derivatives/4/458759FB-FCEE-4B17-A7A4-E6BBEC93871F_1_105_c.jpeg"
    ],
    "ultima_modificacion": "2025-08-01 01:01:22.496504"
  },
  "4e9b3f86dc1143d0ae9cce5dc99299171105c.jpeg": {
    "app_sintetizada": "4E9B3F86DC1143D0AE9CCE5DC99299171105C.JPEG",
    "cantidad_archivos": 1,
    "archivos_fuente": [
      "Pictures/Fototeca de Fotos.photoslibrary/resources/derivatives/4/4E9B3F86-DC11-43D0-AE9C-CE5DC9929917_1_105_c.jpeg"
    ],
    "ultima_modificacion": "2025-08-01 01:01:22.496823"
  },
  "4e163ad40ac14b3d833e32731c950e7f1105c.jpeg": {
    "app_sintetizada": "4E163AD40AC14B3D833E32731C950E7F1105C.JPEG",
    "cantidad_archivos": 1,
    "archivos_fuente": [
      "Pictures/Fototeca de Fotos.photoslibrary/resources/derivatives/4/4E163AD4-0AC1-4B3D-833E-32731C950E7F_1_105_c.jpeg"
    ],
    "ultima_modificacion": "2025-08-01 01:01:22.497124"
  },
  "412a690d896a444aba6a8953d7d2a1241105c.jpeg": {
    "app_sintetizada": "412A690D896A444ABA6A8953D7D2A1241105C.JPEG",
    "cantidad_archivos": 1,
    "archivos_fuente": [
      "Pictures/Fototeca de Fotos.photoslibrary/resources/derivatives/4/412A690D-896A-444A-BA6A-8953D7D2A124_1_105_c.jpeg"
    ],
    "ultima_modificacion": "2025-08-01 01:01:22.497419"
  },
  "4c659156d986421db6b9727d5783a9071105c.jpeg": {
    "app_sintetizada": "4C659156D986421DB6B9727D5783A9071105C.JPEG",
    "cantidad_archivos": 1,
    "archivos_fuente": [
      "Pictures/Fototeca de Fotos.photoslibrary/resources/derivatives/4/4C659156-D986-421D-B6B9-727D5783A907_1_105_c.jpeg"
    ],
    "ultima_modificacion": "2025-08-01 01:01:22.497847"
  },
  "4a022d2bbf054d73bb5d5dcc167c78691105c.jpeg": {
    "app_sintetizada": "4A022D2BBF054D73BB5D5DCC167C78691105C.JPEG",
    "cantidad_archivos": 1,
    "archivos_fuente": [
      "Pictures/Fototeca de Fotos.photoslibrary/resources/derivatives/4/4A022D2B-BF05-4D73-BB5D-5DCC167C7869_1_105_c.jpeg"
    ],
    "ultima_modificacion": "2025-08-01 01:01:22.498146"
  }
}