{
  "2bd9a40d3bf7409da0a66a602ea8bc581105c.jpeg": {
    "app_sintetizada": "2BD9A40D3BF7409DA0A66A602EA8BC581105C.JPEG",
    "cantidad_archivos": 1,
    "archivos_fuente": [
      "Pictures/Fototeca de Fotos.photoslibrary/resources/derivatives/2/2BD9A40D-3BF7-409D-A0A6-6A602EA8BC58_1_105_c.jpeg"
    ],
    "ultima_modificacion": "2025-08-01 01:01:28.065494"
  },
  "2c161187651547ee911736f1514f5cd61105c.jpeg": {
    "app_sintetizada": "2C161187651547EE911736F1514F5CD61105C.JPEG",
    "cantidad_archivos": 1,
    "archivos_fuente": [
      "Pictures/Fototeca de Fotos.photoslibrary/resources/derivatives/2/2C161187-6515-47EE-9117-36F1514F5CD6_1_105_c.jpeg"
    ],
    "ultima_modificacion": "2025-08-01 01:01:28.065798"
  },
  "2299c0be6ac54e78ad4d84d474705e131105c.jpeg": {
    "app_sintetizada": "2299C0BE6AC54E78AD4D84D474705E131105C.JPEG",
    "cantidad_archivos": 1,
    "archivos_fuente": [
      "Pictures/Fototeca de Fotos.photoslibrary/resources/derivatives/2/2299C0BE-6AC5-4E78-AD4D-84D474705E13_1_105_c.jpeg"
    ],
    "ultima_modificacion": "2025-08-01 01:01:28.066045"
  },
  "277a5653dfcc4b33a270a8b4d8f88ab71105c.jpeg": {
    "app_sintetizada": "277A5653DFCC4B33A270A8B4D8F88AB71105C.JPEG",
    "cantidad_archivos": 1,
    "archivos_fuente": [
      "Pictures/Fototeca de Fotos.photoslibrary/resources/derivatives/2/277A5653-DFCC-4B33-A270-A8B4D8F88AB7_1_105_c.jpeg"
    ],
    "ultima_modificacion": "2025-08-01 01:01:28.066573"
  },
  "2eab4a785a3b45139a78ade97ffcf3141105c.jpeg": {
    "app_sintetizada": "2EAB4A785A3B45139A78ADE97FFCF3141105C.JPEG",
    "cantidad_archivos": 1,
    "archivos_fuente": [
      "Pictures/Fototeca de Fotos.photoslibrary/resources/derivatives/2/2EAB4A78-5A3B-4513-9A78-ADE97FFCF314_1_105_c.jpeg"
    ],
    "ultima_modificacion": "2025-08-01 01:01:28.066861"
  },
  "2a885deb2c8e4fd2ab41d5cf8f066bea1105c.jpeg": {
    "app_sintetizada": "2A885DEB2C8E4FD2AB41D5CF8F066BEA1105C.JPEG",
    "cantidad_archivos": 1,
    "archivos_fuente": [
      "Pictures/Fototeca de Fotos.photoslibrary/resources/derivatives/2/2A885DEB-2C8E-4FD2-AB41-D5CF8F066BEA_1_105_c.jpeg"
    ],
    "ultima_modificacion": "2025-08-01 01:01:28.067124"
  },
  "2d8999a9f8f24f5781260c10852f66ad1105c.jpeg": {
    "app_sintetizada": "2D8999A9F8F24F5781260C10852F66AD1105C.JPEG",
    "cantidad_archivos": 1,
    "archivos_fuente": [
      "Pictures/Fototeca de Fotos.photoslibrary/resources/derivatives/2/2D8999A9-F8F2-4F57-8126-0C10852F66AD_1_105_c.jpeg"
    ],
    "ultima_modificacion": "2025-08-01 01:01:28.067361"
  },
  "2267856e7c33441788c28123bc3031551105c.jpeg": {
    "app_sintetizada": "2267856E7C33441788C28123BC3031551105C.JPEG",
    "cantidad_archivos": 1,
    "archivos_fuente": [
      "Pictures/Fototeca de Fotos.photoslibrary/resources/derivatives/2/2267856E-7C33-4417-88C2-8123BC303155_1_105_c.jpeg"
    ],
    "ultima_modificacion": "2025-08-01 01:01:28.068723"
  },
  "2427603214c94537b6fdcafceaab43261105c.jpeg": {
    "app_sintetizada": "2427603214C94537B6FDCAFCEAAB43261105C.JPEG",
    "cantidad_archivos": 1,
    "archivos_fuente": [
      "Pictures/Fototeca de Fotos.photoslibrary/resources/derivatives/2/24276032-14C9-4537-B6FD-CAFCEAAB4326_1_105_c.jpeg"
    ],
    "ultima_modificacion": "2025-08-01 01:01:28.069188"
  },
  "26d3909eb6a04ffd8ce87a190d1e671c1105c.jpeg": {
    "app_sintetizada": "26D3909EB6A04FFD8CE87A190D1E671C1105C.JPEG",
    "cantidad_archivos": 1,
    "archivos_fuente": [
      "Pictures/Fototeca de Fotos.photoslibrary/resources/derivatives/2/26D3909E-B6A0-4FFD-8CE8-7A190D1E671C_1_105_c.jpeg"
    ],
    "ultima_modificacion": "2025-08-01 01:01:28.069548"
  },
  "22dc0992e3b8488ebdcbc12524f4b7c0.thm": {
    "app_sintetizada": "22DC0992E3B8488EBDCBC12524F4B7C0.THM",
    "cantidad_archivos": 1,
    "archivos_fuente": [
      "Pictures/Fototeca de Fotos.photoslibrary/resources/derivatives/2/22DC0992-E3B8-488E-BDCB-C12524F4B7C0.THM"
    ],
    "ultima_modificacion": "2025-08-01 01:01:28.069952"
  },
  "28beabbe26394e2f980f9ce7bbbac7ea1105c.jpeg": {
    "app_sintetizada": "28BEABBE26394E2F980F9CE7BBBAC7EA1105C.JPEG",
    "cantidad_archivos": 1,
    "archivos_fuente": [
      "Pictures/Fototeca de Fotos.photoslibrary/resources/derivatives/2/28BEABBE-2639-4E2F-980F-9CE7BBBAC7EA_1_105_c.jpeg"
    ],
    "ultima_modificacion": "2025-08-01 01:01:28.070412"
  },
  "22f744cc2b074efa8e9d2a98a61d2f481105c.jpeg": {
    "app_sintetizada": "22F744CC2B074EFA8E9D2A98A61D2F481105C.JPEG",
    "cantidad_archivos": 1,
    "archivos_fuente": [
      "Pictures/Fototeca de Fotos.photoslibrary/resources/derivatives/2/22F744CC-2B07-4EFA-8E9D-2A98A61D2F48_1_105_c.jpeg"
    ],
    "ultima_modificacion": "2025-08-01 01:01:28.071041"
  },
  "2957ebcb90684e7fa24afa29787f7ab71105c.jpeg": {
    "app_sintetizada": "2957EBCB90684E7FA24AFA29787F7AB71105C.JPEG",
    "cantidad_archivos": 1,
    "archivos_fuente": [
      "Pictures/Fototeca de Fotos.photoslibrary/resources/derivatives/2/2957EBCB-9068-4E7F-A24A-FA29787F7AB7_1_105_c.jpeg"
    ],
    "ultima_modificacion": "2025-08-01 01:01:28.071614"
  },
  "2f6219efc6054c49944e9b642a76ce611105c.jpeg": {
    "app_sintetizada": "2F6219EFC6054C49944E9B642A76CE611105C.JPEG",
    "cantidad_archivos": 1,
    "archivos_fuente": [
      "Pictures/Fototeca de Fotos.photoslibrary/resources/derivatives/2/2F6219EF-C605-4C49-944E-9B642A76CE61_1_105_c.jpeg"
    ],
    "ultima_modificacion": "2025-08-01 01:01:28.072230"
  },
  "2034c5d8c51847ba87b4667b8b1dbfca1105c.jpeg": {
    "app_sintetizada": "2034C5D8C51847BA87B4667B8B1DBFCA1105C.JPEG",
    "cantidad_archivos": 1,
    "archivos_fuente": [
      "Pictures/Fototeca de Fotos.photoslibrary/resources/derivatives/2/2034C5D8-C518-47BA-87B4-667B8B1DBFCA_1_105_c.jpeg"
    ],
    "ultima_modificacion": "2025-08-01 01:01:28.072721"
  },
  "21bd24fffa6a4094883e64416ca422f11105c.jpeg": {
    "app_sintetizada": "21BD24FFFA6A4094883E64416CA422F11105C.JPEG",
    "cantidad_archivos": 1,
    "archivos_fuente": [
      "Pictures/Fototeca de Fotos.photoslibrary/resources/derivatives/2/21BD24FF-FA6A-4094-883E-64416CA422F1_1_105_c.jpeg"
    ],
    "ultima_modificacion": "2025-08-01 01:01:28.073075"
  },
  "21dda318960946eca6f56b9753ece6301105c.jpeg": {
    "app_sintetizada": "21DDA318960946ECA6F56B9753ECE6301105C.JPEG",
    "cantidad_archivos": 1,
    "archivos_fuente": [
      "Pictures/Fototeca de Fotos.photoslibrary/resources/derivatives/2/21DDA318-9609-46EC-A6F5-6B9753ECE630_1_105_c.jpeg"
    ],
    "ultima_modificacion": "2025-08-01 01:01:28.073520"
  },
  "2148d87ac71b421ab9a923fadc9615b31105c.jpeg": {
    "app_sintetizada": "2148D87AC71B421AB9A923FADC9615B31105C.JPEG",
    "cantidad_archivos": 1,
    "archivos_fuente": [
      "Pictures/Fototeca de Fotos.photoslibrary/resources/derivatives/2/2148D87A-C71B-421A-B9A9-23FADC9615B3_1_105_c.jpeg"
    ],
    "ultima_modificacion": "2025-08-01 01:01:28.073836"
  },
  "2269358548794b0ab088c926b06b011f.thm": {
    "app_sintetizada": "2269358548794B0AB088C926B06B011F.THM",
    "cantidad_archivos": 1,
    "archivos_fuente": [
      "Pictures/Fototeca de Fotos.photoslibrary/resources/derivatives/2/22693585-4879-4B0A-B088-C926B06B011F.THM"
    ],
    "ultima_modificacion": "2025-08-01 01:01:28.076154"
  },
  "2af0f197ef554721ad15c87b0ed11b141105c.jpeg": {
    "app_sintetizada": "2AF0F197EF554721AD15C87B0ED11B141105C.JPEG",
    "cantidad_archivos": 1,
    "archivos_fuente": [
      "Pictures/Fototeca de Fotos.photoslibrary/resources/derivatives/2/2AF0F197-EF55-4721-AD15-C87B0ED11B14_1_105_c.jpeg"
    ],
    "ultima_modificacion": "2025-08-01 01:01:28.076656"
  },
  "2c8981ae57284e099d4b01f0572f09911105c.jpeg": {
    "app_sintetizada": "2C8981AE57284E099D4B01F0572F09911105C.JPEG",
    "cantidad_archivos": 1,
    "archivos_fuente": [
      "Pictures/Fototeca de Fotos.photoslibrary/resources/derivatives/2/2C8981AE-5728-4E09-9D4B-01F0572F0991_1_105_c.jpeg"
    ],
    "ultima_modificacion": "2025-08-01 01:01:28.077001"
  },
  "296b6a0622ff47a2875d975d1d58ad5d1105c.jpeg": {
    "app_sintetizada": "296B6A0622FF47A2875D975D1D58AD5D1105C.JPEG",
    "cantidad_archivos": 1,
    "archivos_fuente": [
      "Pictures/Fototeca de Fotos.photoslibrary/resources/derivatives/2/296B6A06-22FF-47A2-875D-975D1D58AD5D_1_105_c.jpeg"
    ],
    "ultima_modificacion": "2025-08-01 01:01:28.077274"
  },
  "262a32b5d2a34def801e8d0dbd72dcd71105c.jpeg": {
    "app_sintetizada": "262A32B5D2A34DEF801E8D0DBD72DCD71105C.JPEG",
    "cantidad_archivos": 1,
    "archivos_fuente": [
      "Pictures/Fototeca de Fotos.photoslibrary/resources/derivatives/2/262A32B5-D2A3-4DEF-801E-8D0DBD72DCD7_1_105_c.jpeg"
    ],
    "ultima_modificacion": "2025-08-01 01:01:28.077523"
  },
  "220d0c1ed0b149b992644c3cb33018cb1105c.jpeg": {
    "app_sintetizada": "220D0C1ED0B149B992644C3CB33018CB1105C.JPEG",
    "cantidad_archivos": 1,
    "archivos_fuente": [
      "Pictures/Fototeca de Fotos.photoslibrary/resources/derivatives/2/220D0C1E-D0B1-49B9-9264-4C3CB33018CB_1_105_c.jpeg"
    ],
    "ultima_modificacion": "2025-08-01 01:01:28.077843"
  },
  "28e67b6b3aba47a88fa2c3b2b951bcb51105c.jpeg": {
    "app_sintetizada": "28E67B6B3ABA47A88FA2C3B2B951BCB51105C.JPEG",
    "cantidad_archivos": 1,
    "archivos_fuente": [
      "Pictures/Fototeca de Fotos.photoslibrary/resources/derivatives/2/28E67B6B-3ABA-47A8-8FA2-C3B2B951BCB5_1_105_c.jpeg"
    ],
    "ultima_modificacion": "2025-08-01 01:01:28.078871"
  },
  "2c1dfa7d8caf4ed6953a21c40d809a611105c.jpeg": {
    "app_sintetizada": "2C1DFA7D8CAF4ED6953A21C40D809A611105C.JPEG",
    "cantidad_archivos": 1,
    "archivos_fuente": [
      "Pictures/Fototeca de Fotos.photoslibrary/resources/derivatives/2/2C1DFA7D-8CAF-4ED6-953A-21C40D809A61_1_105_c.jpeg"
    ],
    "ultima_modificacion": "2025-08-01 01:01:28.079244"
  },
  "2a8eaefec56a45f586341d7b9702601f1105c.jpeg": {
    "app_sintetizada": "2A8EAEFEC56A45F586341D7B9702601F1105C.JPEG",
    "cantidad_archivos": 1,
    "archivos_fuente": [
      "Pictures/Fototeca de Fotos.photoslibrary/resources/derivatives/2/2A8EAEFE-C56A-45F5-8634-1D7B9702601F_1_105_c.jpeg"
    ],
    "ultima_modificacion": "2025-08-01 01:01:28.079521"
  },
  "2163965ccd4949b493f508e41b7fbb48.thm": {
    "app_sintetizada": "2163965CCD4949B493F508E41B7FBB48.THM",
    "cantidad_archivos": 1,
    "archivos_fuente": [
      "Pictures/Fototeca de Fotos.photoslibrary/resources/derivatives/2/2163965C-CD49-49B4-93F5-08E41B7FBB48.THM"
    ],
    "ultima_modificacion": "2025-08-01 01:01:28.079990"
  },
  "29b37642eaf0432a952519034434975d.thm": {
    "app_sintetizada": "29B37642EAF0432A952519034434975D.THM",
    "cantidad_archivos": 1,
    "archivos_fuente": [
      "Pictures/Fototeca de Fotos.photoslibrary/resources/derivatives/2/29B37642-EAF0-432A-9525-19034434975D.THM"
    ],
    "ultima_modificacion": "2025-08-01 01:01:28.080298"
  },
  "2855fa7455a540ccbd114d94efb623df1105c.jpeg": {
    "app_sintetizada": "2855FA7455A540CCBD114D94EFB623DF1105C.JPEG",
    "cantidad_archivos": 1,
    "archivos_fuente": [
      "Pictures/Fototeca de Fotos.photoslibrary/resources/derivatives/2/2855FA74-55A5-40CC-BD11-4D94EFB623DF_1_105_c.jpeg"
    ],
    "ultima_modificacion": "2025-08-01 01:01:28.081082"
  },
  "27b0999dc74b47fb9611da98453369811105c.jpeg": {
    "app_sintetizada": "27B0999DC74B47FB9611DA98453369811105C.JPEG",
    "cantidad_archivos": 1,
    "archivos_fuente": [
      "Pictures/Fototeca de Fotos.photoslibrary/resources/derivatives/2/27B0999D-C74B-47FB-9611-DA9845336981_1_105_c.jpeg"
    ],
    "ultima_modificacion": "2025-08-01 01:01:28.081444"
  },
  "209b25ba94bc4bf0a6b88be0027d5cdd1105c.jpeg": {
    "app_sintetizada": "209B25BA94BC4BF0A6B88BE0027D5CDD1105C.JPEG",
    "cantidad_archivos": 1,
    "archivos_fuente": [
      "Pictures/Fototeca de Fotos.photoslibrary/resources/derivatives/2/209B25BA-94BC-4BF0-A6B8-8BE0027D5CDD_1_105_c.jpeg"
    ],
    "ultima_modificacion": "2025-08-01 01:01:28.081715"
  },
  "2592f660d4804feab059c65b78c23b2b1105c.jpeg": {
    "app_sintetizada": "2592F660D4804FEAB059C65B78C23B2B1105C.JPEG",
    "cantidad_archivos": 1,
    "archivos_fuente": [
      "Pictures/Fototeca de Fotos.photoslibrary/resources/derivatives/2/2592F660-D480-4FEA-B059-C65B78C23B2B_1_105_c.jpeg"
    ],
    "ultima_modificacion": "2025-08-01 01:01:28.081962"
  },
  "25d05b8790bd4d4d9a7e2bead941b7fb1105c.jpeg": {
    "app_sintetizada": "25D05B8790BD4D4D9A7E2BEAD941B7FB1105C.JPEG",
    "cantidad_archivos": 1,
    "archivos_fuente": [
      "Pictures/Fototeca de Fotos.photoslibrary/resources/derivatives/2/25D05B87-90BD-4D4D-9A7E-2BEAD941B7FB_1_105_c.jpeg"
    ],
    "ultima_modificacion": "2025-08-01 01:01:28.082598"
  },
  "2215982db9bd4d1e85605b01f7022e291105c.jpeg": {
    "app_sintetizada": "2215982DB9BD4D1E85605B01F7022E291105C.JPEG",
    "cantidad_archivos": 1,
    "archivos_fuente": [
      "Pictures/Fototeca de Fotos.photoslibrary/resources/derivatives/2/2215982D-B9BD-4D1E-8560-5B01F7022E29_1_105_c.jpeg"
    ],
    "ultima_modificacion": "2025-08-01 01:01:28.083040"
  },
  "2586e4fd454d4d958ce7fb0a5197b2db1105c.jpeg": {
    "app_sintetizada": "2586E4FD454D4D958CE7FB0A5197B2DB1105C.JPEG",
    "cantidad_archivos": 1,
    "archivos_fuente": [
      "Pictures/Fototeca de Fotos.photoslibrary/resources/derivatives/2/2586E4FD-454D-4D95-8CE7-FB0A5197B2DB_1_105_c.jpeg"
    ],
    "ultima_modificacion": "2025-08-01 01:01:28.083387"
  },
  "2cd5e33420464207a40608b032d95d8a.thm": {
    "app_sintetizada": "2CD5E33420464207A40608B032D95D8A.THM",
    "cantidad_archivos": 1,
    "archivos_fuente": [
      "Pictures/Fototeca de Fotos.photoslibrary/resources/derivatives/2/2CD5E334-2046-4207-A406-08B032D95D8A.THM"
    ],
    "ultima_modificacion": "2025-08-01 01:01:28.083765"
  },
  "21a1d5b6ad404ab19f865f05a6acc5501105c.jpeg": {
    "app_sintetizada": "21A1D5B6AD404AB19F865F05A6ACC5501105C.JPEG",
    "cantidad_archivos": 1,
    "archivos_fuente": [
      "Pictures/Fototeca de Fotos.photoslibrary/resources/derivatives/2/21A1D5B6-AD40-4AB1-9F86-5F05A6ACC550_1_105_c.jpeg"
    ],
    "ultima_modificacion": "2025-08-01 01:01:28.084033"
  },
  "27df0b4c23d6449d914e5a1862f5b1dc1105c.jpeg": {
    "app_sintetizada": "27DF0B4C23D6449D914E5A1862F5B1DC1105C.JPEG",
    "cantidad_archivos": 1,
    "archivos_fuente": [
      "Pictures/Fototeca de Fotos.photoslibrary/resources/derivatives/2/27DF0B4C-23D6-449D-914E-5A1862F5B1DC_1_105_c.jpeg"
    ],
    "ultima_modificacion": "2025-08-01 01:01:28.084281"
  },
  "21574ec786a04664ad1c888732461b3d1105c.jpeg": {
    "app_sintetizada": "21574EC786A04664AD1C888732461B3D1105C.JPEG",
    "cantidad_archivos": 1,
    "archivos_fuente": [
      "Pictures/Fototeca de Fotos.photoslibrary/resources/derivatives/2/21574EC7-86A0-4664-AD1C-888732461B3D_1_105_c.jpeg"
    ],
    "ultima_modificacion": "2025-08-01 01:01:28.084520"
  },
  "20d71215f91b46d194c028e4ad9b64911105c.jpeg": {
    "app_sintetizada": "20D71215F91B46D194C028E4AD9B64911105C.JPEG",
    "cantidad_archivos": 1,
    "archivos_fuente": [
      "Pictures/Fototeca de Fotos.photoslibrary/resources/derivatives/2/20D71215-F91B-46D1-94C0-28E4AD9B6491_1_105_c.jpeg"
    ],
    "ultima_modificacion": "2025-08-01 01:01:28.084818"
  },
  "211c31cdecdd4001afa7ff6fa3aa289c1105c.jpeg": {
    "app_sintetizada": "211C31CDECDD4001AFA7FF6FA3AA289C1105C.JPEG",
    "cantidad_archivos": 1,
    "archivos_fuente": [
      "Pictures/Fototeca de Fotos.photoslibrary/resources/derivatives/2/211C31CD-ECDD-4001-AFA7-FF6FA3AA289C_1_105_c.jpeg"
    ],
    "ultima_modificacion": "2025-08-01 01:01:28.085063"
  },
  "2ff640cffcb74e4f9d73aabec79605221105c.jpeg": {
    "app_sintetizada": "2FF640CFFCB74E4F9D73AABEC79605221105C.JPEG",
    "cantidad_archivos": 1,
    "archivos_fuente": [
      "Pictures/Fototeca de Fotos.photoslibrary/resources/derivatives/2/2FF640CF-FCB7-4E4F-9D73-AABEC7960522_1_105_c.jpeg"
    ],
    "ultima_modificacion": "2025-08-01 01:01:28.085298"
  },
  "2b77f932e69349ddb507b0c3d9ec67971105c.jpeg": {
    "app_sintetizada": "2B77F932E69349DDB507B0C3D9EC67971105C.JPEG",
    "cantidad_archivos": 1,
    "archivos_fuente": [
      "Pictures/Fototeca de Fotos.photoslibrary/resources/derivatives/2/2B77F932-E693-49DD-B507-B0C3D9EC6797_1_105_c.jpeg"
    ],
    "ultima_modificacion": "2025-08-01 01:01:28.085531"
  },
  "24bf1a2ef00f4295acf2d74063f740ea1105c.jpeg": {
    "app_sintetizada": "24BF1A2EF00F4295ACF2D74063F740EA1105C.JPEG",
    "cantidad_archivos": 1,
    "archivos_fuente": [
      "Pictures/Fototeca de Fotos.photoslibrary/resources/derivatives/2/24BF1A2E-F00F-4295-ACF2-D74063F740EA_1_105_c.jpeg"
    ],
    "ultima_modificacion": "2025-08-01 01:01:28.085770"
  },
  "22a6459bb52f4859a67a8948a0025ce81105c.jpeg": {
    "app_sintetizada": "22A6459BB52F4859A67A8948A0025CE81105C.JPEG",
    "cantidad_archivos": 1,
    "archivos_fuente": [
      "Pictures/Fototeca de Fotos.photoslibrary/resources/derivatives/2/22A6459B-B52F-4859-A67A-8948A0025CE8_1_105_c.jpeg"
    ],
    "ultima_modificacion": "2025-08-01 01:01:28.086621"
  },
  "2d2e77c27cfc44f3b1654218226f321a1105c.jpeg": {
    "app_sintetizada": "2D2E77C27CFC44F3B1654218226F321A1105C.JPEG",
    "cantidad_archivos": 1,
    "archivos_fuente": [
      "Pictures/Fototeca de Fotos.photoslibrary/resources/derivatives/2/2D2E77C2-7CFC-44F3-B165-4218226F321A_1_105_c.jpeg"
    ],
    "ultima_modificacion": "2025-08-01 01:01:28.087064"
  },
  "29534d8c686a4c4583b9139f9f4c13a81105c.jpeg": {
    "app_sintetizada": "29534D8C686A4C4583B9139F9F4C13A81105C.JPEG",
    "cantidad_archivos": 1,
    "archivos_fuente": [
      "Pictures/Fototeca de Fotos.photoslibrary/resources/derivatives/2/29534D8C-686A-4C45-83B9-139F9F4C13A8_1_105_c.jpeg"
    ],
    "ultima_modificacion": "2025-08-01 01:01:28.087445"
  },
  "2934f571e1c840548bd04eb080fea1b21105c.jpeg": {
    "app_sintetizada": "2934F571E1C840548BD04EB080FEA1B21105C.JPEG",
    "cantidad_archivos": 1,
    "archivos_fuente": [
      "Pictures/Fototeca de Fotos.photoslibrary/resources/derivatives/2/2934F571-E1C8-4054-8BD0-4EB080FEA1B2_1_105_c.jpeg"
    ],
    "ultima_modificacion": "2025-08-01 01:01:28.087779"
  },
  "213025da965c40de84e36fec7efaff7c1100o.jpeg": {
    "app_sintetizada": "213025DA965C40DE84E36FEC7EFAFF7C1100O.JPEG",
    "cantidad_archivos": 1,
    "archivos_fuente": [
      "Pictures/Fototeca de Fotos.photoslibrary/resources/derivatives/2/213025DA-965C-40DE-84E3-6FEC7EFAFF7C_1_100_o.jpeg"
    ],
    "ultima_modificacion": "2025-08-01 01:01:28.088096"
  },
  "269a22b5bb79433ea1ab77d0b0f0caee1105c.jpeg": {
    "app_sintetizada": "269A22B5BB79433EA1AB77D0B0F0CAEE1105C.JPEG",
    "cantidad_archivos": 1,
    "archivos_fuente": [
      "Pictures/Fototeca de Fotos.photoslibrary/resources/derivatives/2/269A22B5-BB79-433E-A1AB-77D0B0F0CAEE_1_105_c.jpeg"
    ],
    "ultima_modificacion": "2025-08-01 01:01:28.088505"
  },
  "28aebe30ab11468c98d6661ea345b0d21105c.jpeg": {
    "app_sintetizada": "28AEBE30AB11468C98D6661EA345B0D21105C.JPEG",
    "cantidad_archivos": 1,
    "archivos_fuente": [
      "Pictures/Fototeca de Fotos.photoslibrary/resources/derivatives/2/28AEBE30-AB11-468C-98D6-661EA345B0D2_1_105_c.jpeg"
    ],
    "ultima_modificacion": "2025-08-01 01:01:28.088874"
  },
  "26ae5f4af3d6412fa6b034fabad4778d1105c.jpeg": {
    "app_sintetizada": "26AE5F4AF3D6412FA6B034FABAD4778D1105C.JPEG",
    "cantidad_archivos": 1,
    "archivos_fuente": [
      "Pictures/Fototeca de Fotos.photoslibrary/resources/derivatives/2/26AE5F4A-F3D6-412F-A6B0-34FABAD4778D_1_105_c.jpeg"
    ],
    "ultima_modificacion": "2025-08-01 01:01:28.089209"
  },
  "2e65e0b8ff034604b424bffd17253ad81105c.jpeg": {
    "app_sintetizada": "2E65E0B8FF034604B424BFFD17253AD81105C.JPEG",
    "cantidad_archivos": 1,
    "archivos_fuente": [
      "Pictures/Fototeca de Fotos.photoslibrary/resources/derivatives/2/2E65E0B8-FF03-4604-B424-BFFD17253AD8_1_105_c.jpeg"
    ],
    "ultima_modificacion": "2025-08-01 01:01:28.089562"
  },
  "2659e707b0124e3cbb611d2ba9f766051105c.jpeg": {
    "app_sintetizada": "2659E707B0124E3CBB611D2BA9F766051105C.JPEG",
    "cantidad_archivos": 1,
    "archivos_fuente": [
      "Pictures/Fototeca de Fotos.photoslibrary/resources/derivatives/2/2659E707-B012-4E3C-BB61-1D2BA9F76605_1_105_c.jpeg"
    ],
    "ultima_modificacion": "2025-08-01 01:01:28.089888"
  },
  "207d4a3911fe4571b15c28e4a365126e1105c.jpeg": {
    "app_sintetizada": "207D4A3911FE4571B15C28E4A365126E1105C.JPEG",
    "cantidad_archivos": 1,
    "archivos_fuente": [
      "Pictures/Fototeca de Fotos.photoslibrary/resources/derivatives/2/207D4A39-11FE-4571-B15C-28E4A365126E_1_105_c.jpeg"
    ],
    "ultima_modificacion": "2025-08-01 01:01:28.090227"
  },
  "29eb7b9e957e42168f0b1a48db14e8a01105c.jpeg": {
    "app_sintetizada": "29EB7B9E957E42168F0B1A48DB14E8A01105C.JPEG",
    "cantidad_archivos": 1,
    "archivos_fuente": [
      "Pictures/Fototeca de Fotos.photoslibrary/resources/derivatives/2/29EB7B9E-957E-4216-8F0B-1A48DB14E8A0_1_105_c.jpeg"
    ],
    "ultima_modificacion": "2025-08-01 01:01:28.090557"
  },
  "2ef419ea1465411ab8416cdfd10c1c4b1105c.jpeg": {
    "app_sintetizada": "2EF419EA1465411AB8416CDFD10C1C4B1105C.JPEG",
    "cantidad_archivos": 1,
    "archivos_fuente": [
      "Pictures/Fototeca de Fotos.photoslibrary/resources/derivatives/2/2EF419EA-1465-411A-B841-6CDFD10C1C4B_1_105_c.jpeg"
    ],
    "ultima_modificacion": "2025-08-01 01:01:28.090889"
  },
  "2365b7b46a204c9f9432fd9814a6651f1105c.jpeg": {
    "app_sintetizada": "2365B7B46A204C9F9432FD9814A6651F1105C.JPEG",
    "cantidad_archivos": 1,
    "archivos_fuente": [
      "Pictures/Fototeca de Fotos.photoslibrary/resources/derivatives/2/2365B7B4-6A20-4C9F-9432-FD9814A6651F_1_105_c.jpeg"
    ],
    "ultima_modificacion": "2025-08-01 01:01:28.091228"
  },
  "23431959228a4a0a844950372ab39c201105c.jpeg": {
    "app_sintetizada": "23431959228A4A0A844950372AB39C201105C.JPEG",
    "cantidad_archivos": 1,
    "archivos_fuente": [
      "Pictures/Fototeca de Fotos.photoslibrary/resources/derivatives/2/23431959-228A-4A0A-8449-50372AB39C20_1_105_c.jpeg"
    ],
    "ultima_modificacion": "2025-08-01 01:01:28.091519"
  },
  "2cabdc5b6cb24eb792564be5c0d3a7e31105c.jpeg": {
    "app_sintetizada": "2CABDC5B6CB24EB792564BE5C0D3A7E31105C.JPEG",
    "cantidad_archivos": 1,
    "archivos_fuente": [
      "Pictures/Fototeca de Fotos.photoslibrary/resources/derivatives/2/2CABDC5B-6CB2-4EB7-9256-4BE5C0D3A7E3_1_105_c.jpeg"
    ],
    "ultima_modificacion": "2025-08-01 01:01:28.091845"
  },
  "21c10f2b28d54a8282f9b91e951b643d1105c.jpeg": {
    "app_sintetizada": "21C10F2B28D54A8282F9B91E951B643D1105C.JPEG",
    "cantidad_archivos": 1,
    "archivos_fuente": [
      "Pictures/Fototeca de Fotos.photoslibrary/resources/derivatives/2/21C10F2B-28D5-4A82-82F9-B91E951B643D_1_105_c.jpeg"
    ],
    "ultima_modificacion": "2025-08-01 01:01:28.092222"
  },
  "2c7d3342dfeb4d1a8ec14ccf458569331105c.jpeg": {
    "app_sintetizada": "2C7D3342DFEB4D1A8EC14CCF458569331105C.JPEG",
    "cantidad_archivos": 1,
    "archivos_fuente": [
      "Pictures/Fototeca de Fotos.photoslibrary/resources/derivatives/2/2C7D3342-DFEB-4D1A-8EC1-4CCF45856933_1_105_c.jpeg"
    ],
    "ultima_modificacion": "2025-08-01 01:01:28.092577"
  },
  "2449425f46e64b37924988940be3c1451105c.jpeg": {
    "app_sintetizada": "2449425F46E64B37924988940BE3C1451105C.JPEG",
    "cantidad_archivos": 1,
    "archivos_fuente": [
      "Pictures/Fototeca de Fotos.photoslibrary/resources/derivatives/2/2449425F-46E6-4B37-9249-88940BE3C145_1_105_c.jpeg"
    ],
    "ultima_modificacion": "2025-08-01 01:01:28.092926"
  },
  "2f29c1ab91084c79aa299f8184c7c6171105c.jpeg": {
    "app_sintetizada": "2F29C1AB91084C79AA299F8184C7C6171105C.JPEG",
    "cantidad_archivos": 1,
    "archivos_fuente": [
      "Pictures/Fototeca de Fotos.photoslibrary/resources/derivatives/2/2F29C1AB-9108-4C79-AA29-9F8184C7C617_1_105_c.jpeg"
    ],
    "ultima_modificacion": "2025-08-01 01:01:28.093271"
  },
  "2929cd3f837e4578854667f0b99b77441105c.jpeg": {
    "app_sintetizada": "2929CD3F837E4578854667F0B99B77441105C.JPEG",
    "cantidad_archivos": 1,
    "archivos_fuente": [
      "Pictures/Fototeca de Fotos.photoslibrary/resources/derivatives/2/2929CD3F-837E-4578-8546-67F0B99B7744_1_105_c.jpeg"
    ],
    "ultima_modificacion": "2025-08-01 01:01:28.093636"
  },
  "2a1f92e4cfe440ed8e8be8dc05b2dff11105c.jpeg": {
    "app_sintetizada": "2A1F92E4CFE440ED8E8BE8DC05B2DFF11105C.JPEG",
    "cantidad_archivos": 1,
    "archivos_fuente": [
      "Pictures/Fototeca de Fotos.photoslibrary/resources/derivatives/2/2A1F92E4-CFE4-40ED-8E8B-E8DC05B2DFF1_1_105_c.jpeg"
    ],
    "ultima_modificacion": "2025-08-01 01:01:28.093970"
  },
  "28205df947bd415ca9110faa941436901105c.jpeg": {
    "app_sintetizada": "28205DF947BD415CA9110FAA941436901105C.JPEG",
    "cantidad_archivos": 1,
    "archivos_fuente": [
      "Pictures/Fototeca de Fotos.photoslibrary/resources/derivatives/2/28205DF9-47BD-415C-A911-0FAA94143690_1_105_c.jpeg"
    ],
    "ultima_modificacion": "2025-08-01 01:01:28.094266"
  },
  "2020d6c7184c42439c3085b4f7a2a32f1105c.jpeg": {
    "app_sintetizada": "2020D6C7184C42439C3085B4F7A2A32F1105C.JPEG",
    "cantidad_archivos": 1,
    "archivos_fuente": [
      "Pictures/Fototeca de Fotos.photoslibrary/resources/derivatives/2/2020D6C7-184C-4243-9C30-85B4F7A2A32F_1_105_c.jpeg"
    ],
    "ultima_modificacion": "2025-08-01 01:01:28.094595"
  },
  "215bff786f4a47c6bf6d28564e91d00a1105c.jpeg": {
    "app_sintetizada": "215BFF786F4A47C6BF6D28564E91D00A1105C.JPEG",
    "cantidad_archivos": 1,
    "archivos_fuente": [
      "Pictures/Fototeca de Fotos.photoslibrary/resources/derivatives/2/215BFF78-6F4A-47C6-BF6D-28564E91D00A_1_105_c.jpeg"
    ],
    "ultima_modificacion": "2025-08-01 01:01:28.094915"
  },
  "27d9c737056b469c87beef9656ac9c291105c.jpeg": {
    "app_sintetizada": "27D9C737056B469C87BEEF9656AC9C291105C.JPEG",
    "cantidad_archivos": 1,
    "archivos_fuente": [
      "Pictures/Fototeca de Fotos.photoslibrary/resources/derivatives/2/27D9C737-056B-469C-87BE-EF9656AC9C29_1_105_c.jpeg"
    ],
    "ultima_modificacion": "2025-08-01 01:01:28.095243"
  },
  "23bdd5e0167241c19c19e08a77ff64e01105c.jpeg": {
    "app_sintetizada": "23BDD5E0167241C19C19E08A77FF64E01105C.JPEG",
    "cantidad_archivos": 1,
    "archivos_fuente": [
      "Pictures/Fototeca de Fotos.photoslibrary/resources/derivatives/2/23BDD5E0-1672-41C1-9C19-E08A77FF64E0_1_105_c.jpeg"
    ],
    "ultima_modificacion": "2025-08-01 01:01:28.095596"
  },
  "26241ce26dbe47b88447c91643dfe3571105c.jpeg": {
    "app_sintetizada": "26241CE26DBE47B88447C91643DFE3571105C.JPEG",
    "cantidad_archivos": 1,
    "archivos_fuente": [
      "Pictures/Fototeca de Fotos.photoslibrary/resources/derivatives/2/26241CE2-6DBE-47B8-8447-C91643DFE357_1_105_c.jpeg"
    ],
    "ultima_modificacion": "2025-08-01 01:01:28.095912"
  },
  "276563e43fb64083b1be472d2f7d53f11105c.jpeg": {
    "app_sintetizada": "276563E43FB64083B1BE472D2F7D53F11105C.JPEG",
    "cantidad_archivos": 1,
    "archivos_fuente": [
      "Pictures/Fototeca de Fotos.photoslibrary/resources/derivatives/2/276563E4-3FB6-4083-B1BE-472D2F7D53F1_1_105_c.jpeg"
    ],
    "ultima_modificacion": "2025-08-01 01:01:28.096217"
  },
  "24f1f57faf0443cea51bcd11df01df8f1105c.jpeg": {
    "app_sintetizada": "24F1F57FAF0443CEA51BCD11DF01DF8F1105C.JPEG",
    "cantidad_archivos": 1,
    "archivos_fuente": [
      "Pictures/Fototeca de Fotos.photoslibrary/resources/derivatives/2/24F1F57F-AF04-43CE-A51B-CD11DF01DF8F_1_105_c.jpeg"
    ],
    "ultima_modificacion": "2025-08-01 01:01:28.096546"
  },
  "2bf84c6bd7f1456c9d6f00e59828316a1105c.jpeg": {
    "app_sintetizada": "2BF84C6BD7F1456C9D6F00E59828316A1105C.JPEG",
    "cantidad_archivos": 1,
    "archivos_fuente": [
      "Pictures/Fototeca de Fotos.photoslibrary/resources/derivatives/2/2BF84C6B-D7F1-456C-9D6F-00E59828316A_1_105_c.jpeg"
    ],
    "ultima_modificacion": "2025-08-01 01:01:28.096884"
  },
  "25f2e3fce2924c4bb39691325ce7e2a71105c.jpeg": {
    "app_sintetizada": "25F2E3FCE2924C4BB39691325CE7E2A71105C.JPEG",
    "cantidad_archivos": 1,
    "archivos_fuente": [
      "Pictures/Fototeca de Fotos.photoslibrary/resources/derivatives/2/25F2E3FC-E292-4C4B-B396-91325CE7E2A7_1_105_c.jpeg"
    ],
    "ultima_modificacion": "2025-08-01 01:01:28.097225"
  },
  "2395fc55386942fea40056584c1ef56f.thm": {
    "app_sintetizada": "2395FC55386942FEA40056584C1EF56F.THM",
    "cantidad_archivos": 1,
    "archivos_fuente": [
      "Pictures/Fototeca de Fotos.photoslibrary/resources/derivatives/2/2395FC55-3869-42FE-A400-56584C1EF56F.THM"
    ],
    "ultima_modificacion": "2025-08-01 01:01:28.097546"
  },
  "2cd296aef94b446db091cf12a63640e51105c.jpeg": {
    "app_sintetizada": "2CD296AEF94B446DB091CF12A63640E51105C.JPEG",
    "cantidad_archivos": 1,
    "archivos_fuente": [
      "Pictures/Fototeca de Fotos.photoslibrary/resources/derivatives/2/2CD296AE-F94B-446D-B091-CF12A63640E5_1_105_c.jpeg"
    ],
    "ultima_modificacion": "2025-08-01 01:01:28.097875"
  },
  "2c6647b6a5f5472d9b6e2d1fac6cd3811105c.jpeg": {
    "app_sintetizada": "2C6647B6A5F5472D9B6E2D1FAC6CD3811105C.JPEG",
    "cantidad_archivos": 1,
    "archivos_fuente": [
      "Pictures/Fototeca de Fotos.photoslibrary/resources/derivatives/2/2C6647B6-A5F5-472D-9B6E-2D1FAC6CD381_1_105_c.jpeg"
    ],
    "ultima_modificacion": "2025-08-01 01:01:28.098235"
  },
  "28737ffb9d01458db68728ad6c20d5491105c.jpeg": {
    "app_sintetizada": "28737FFB9D01458DB68728AD6C20D5491105C.JPEG",
    "cantidad_archivos": 1,
    "archivos_fuente": [
      "Pictures/Fototeca de Fotos.photoslibrary/resources/derivatives/2/28737FFB-9D01-458D-B687-28AD6C20D549_1_105_c.jpeg"
    ],
    "ultima_modificacion": "2025-08-01 01:01:28.098563"
  },
  "2092de85c5d147b68b00b8de41f73ae41105c.jpeg": {
    "app_sintetizada": "2092DE85C5D147B68B00B8DE41F73AE41105C.JPEG",
    "cantidad_archivos": 1,
    "archivos_fuente": [
      "Pictures/Fototeca de Fotos.photoslibrary/resources/derivatives/2/2092DE85-C5D1-47B6-8B00-B8DE41F73AE4_1_105_c.jpeg"
    ],
    "ultima_modificacion": "2025-08-01 01:01:28.098876"
  },
  "235c8eace793472c84f380c2bdaa62431105c.jpeg": {
    "app_sintetizada": "235C8EACE793472C84F380C2BDAA62431105C.JPEG",
    "cantidad_archivos": 1,
    "archivos_fuente": [
      "Pictures/Fototeca de Fotos.photoslibrary/resources/derivatives/2/235C8EAC-E793-472C-84F3-80C2BDAA6243_1_105_c.jpeg"
    ],
    "ultima_modificacion": "2025-08-01 01:01:28.099219"
  },
  "24c8141a23f842b5aa845912c86f95271105c.jpeg": {
    "app_sintetizada": "24C8141A23F842B5AA845912C86F95271105C.JPEG",
    "cantidad_archivos": 1,
    "archivos_fuente": [
      "Pictures/Fototeca de Fotos.photoslibrary/resources/derivatives/2/24C8141A-23F8-42B5-AA84-5912C86F9527_1_105_c.jpeg"
    ],
    "ultima_modificacion": "2025-08-01 01:01:28.099545"
  },
  "2dd105f9567a44069cb90939edfb8e471105c.jpeg": {
    "app_sintetizada": "2DD105F9567A44069CB90939EDFB8E471105C.JPEG",
    "cantidad_archivos": 1,
    "archivos_fuente": [
      "Pictures/Fototeca de Fotos.photoslibrary/resources/derivatives/2/2DD105F9-567A-4406-9CB9-0939EDFB8E47_1_105_c.jpeg"
    ],
    "ultima_modificacion": "2025-08-01 01:01:28.099867"
  },
  "20dd24ac465447d6a6df814e32c94e991105c.jpeg": {
    "app_sintetizada": "20DD24AC465447D6A6DF814E32C94E991105C.JPEG",
    "cantidad_archivos": 1,
    "archivos_fuente": [
      "Pictures/Fototeca de Fotos.photoslibrary/resources/derivatives/2/20DD24AC-4654-47D6-A6DF-814E32C94E99_1_105_c.jpeg"
    ],
    "ultima_modificacion": "2025-08-01 01:01:28.100235"
  },
  "22e4bb1df13d41459c9fe3329dde788c1105c.jpeg": {
    "app_sintetizada": "22E4BB1DF13D41459C9FE3329DDE788C1105C.JPEG",
    "cantidad_archivos": 1,
    "archivos_fuente": [
      "Pictures/Fototeca de Fotos.photoslibrary/resources/derivatives/2/22E4BB1D-F13D-4145-9C9F-E3329DDE788C_1_105_c.jpeg"
    ],
    "ultima_modificacion": "2025-08-01 01:01:28.100637"
  },
  "287452dc3c1448028beb685da8a5ce561105c.jpeg": {
    "app_sintetizada": "287452DC3C1448028BEB685DA8A5CE561105C.JPEG",
    "cantidad_archivos": 1,
    "archivos_fuente": [
      "Pictures/Fototeca de Fotos.photoslibrary/resources/derivatives/2/287452DC-3C14-4802-8BEB-685DA8A5CE56_1_105_c.jpeg"
    ],
    "ultima_modificacion": "2025-08-01 01:01:28.100989"
  },
  "27c764804bf94ae99ddedcdf142aad081105c.jpeg": {
    "app_sintetizada": "27C764804BF94AE99DDEDCDF142AAD081105C.JPEG",
    "cantidad_archivos": 1,
    "archivos_fuente": [
      "Pictures/Fototeca de Fotos.photoslibrary/resources/derivatives/2/27C76480-4BF9-4AE9-9DDE-DCDF142AAD08_1_105_c.jpeg"
    ],
    "ultima_modificacion": "2025-08-01 01:01:28.101325"
  },
  "25f755387908401faa554a34648664281105c.jpeg": {
    "app_sintetizada": "25F755387908401FAA554A34648664281105C.JPEG",
    "cantidad_archivos": 1,
    "archivos_fuente": [
      "Pictures/Fototeca de Fotos.photoslibrary/resources/derivatives/2/25F75538-7908-401F-AA55-4A3464866428_1_105_c.jpeg"
    ],
    "ultima_modificacion": "2025-08-01 01:01:28.101651"
  },
  "29d71efdad824e3eb531ba52315a37a41105c.jpeg": {
    "app_sintetizada": "29D71EFDAD824E3EB531BA52315A37A41105C.JPEG",
    "cantidad_archivos": 1,
    "archivos_fuente": [
      "Pictures/Fototeca de Fotos.photoslibrary/resources/derivatives/2/29D71EFD-AD82-4E3E-B531-BA52315A37A4_1_105_c.jpeg"
    ],
    "ultima_modificacion": "2025-08-01 01:01:28.101987"
  },
  "2bfe728fb6224aaeb1795a60583a01a31105c.jpeg": {
    "app_sintetizada": "2BFE728FB6224AAEB1795A60583A01A31105C.JPEG",
    "cantidad_archivos": 1,
    "archivos_fuente": [
      "Pictures/Fototeca de Fotos.photoslibrary/resources/derivatives/2/2BFE728F-B622-4AAE-B179-5A60583A01A3_1_105_c.jpeg"
    ],
    "ultima_modificacion": "2025-08-01 01:01:28.102331"
  },
  "28b20b71aeea4dc09b3426fdfdd442821105c.jpeg": {
    "app_sintetizada": "28B20B71AEEA4DC09B3426FDFDD442821105C.JPEG",
    "cantidad_archivos": 1,
    "archivos_fuente": [
      "Pictures/Fototeca de Fotos.photoslibrary/resources/derivatives/2/28B20B71-AEEA-4DC0-9B34-26FDFDD44282_1_105_c.jpeg"
    ],
    "ultima_modificacion": "2025-08-01 01:01:28.102784"
  },
  "2ced1f7cf4d44db8bcc0d2e0e0b608351105c.jpeg": {
    "app_sintetizada": "2CED1F7CF4D44DB8BCC0D2E0E0B608351105C.JPEG",
    "cantidad_archivos": 1,
    "archivos_fuente": [
      "Pictures/Fototeca de Fotos.photoslibrary/resources/derivatives/2/2CED1F7C-F4D4-4DB8-BCC0-D2E0E0B60835_1_105_c.jpeg"
    ],
    "ultima_modificacion": "2025-08-01 01:01:28.103140"
  },
  "2467e845970c4173a58e6fd505466eb71105c.jpeg": {
    "app_sintetizada": "2467E845970C4173A58E6FD505466EB71105C.JPEG",
    "cantidad_archivos": 1,
    "archivos_fuente": [
      "Pictures/Fototeca de Fotos.photoslibrary/resources/derivatives/2/2467E845-970C-4173-A58E-6FD505466EB7_1_105_c.jpeg"
    ],
    "ultima_modificacion": "2025-08-01 01:01:28.103511"
  },
  "2a7018561e2244958ab2ed4fab07ecb31105c.jpeg": {
    "app_sintetizada": "2A7018561E2244958AB2ED4FAB07ECB31105C.JPEG",
    "cantidad_archivos": 1,
    "archivos_fuente": [
      "Pictures/Fototeca de Fotos.photoslibrary/resources/derivatives/2/2A701856-1E22-4495-8AB2-ED4FAB07ECB3_1_105_c.jpeg"
    ],
    "ultima_modificacion": "2025-08-01 01:01:28.103843"
  },
  "2135bcdfe05445719a401e0b05f64cf61105c.jpeg": {
    "app_sintetizada": "2135BCDFE05445719A401E0B05F64CF61105C.JPEG",
    "cantidad_archivos": 1,
    "archivos_fuente": [
      "Pictures/Fototeca de Fotos.photoslibrary/resources/derivatives/2/2135BCDF-E054-4571-9A40-1E0B05F64CF6_1_105_c.jpeg"
    ],
    "ultima_modificacion": "2025-08-01 01:01:28.104153"
  },
  "23705626bfbe47b68ba8f6c63b423e521105c.jpeg": {
    "app_sintetizada": "23705626BFBE47B68BA8F6C63B423E521105C.JPEG",
    "cantidad_archivos": 1,
    "archivos_fuente": [
      "Pictures/Fototeca de Fotos.photoslibrary/resources/derivatives/2/23705626-BFBE-47B6-8BA8-F6C63B423E52_1_105_c.jpeg"
    ],
    "ultima_modificacion": "2025-08-01 01:01:28.104469"
  },
  "25bec1d352a34874b44384132c4fc95b1102o.jpeg": {
    "app_sintetizada": "25BEC1D352A34874B44384132C4FC95B1102O.JPEG",
    "cantidad_archivos": 1,
    "archivos_fuente": [
      "Pictures/Fototeca de Fotos.photoslibrary/resources/derivatives/2/25BEC1D3-52A3-4874-B443-84132C4FC95B_1_102_o.jpeg"
    ],
    "ultima_modificacion": "2025-08-01 01:01:28.104783"
  }
}