{
  "e5e5ace882b1e9980": {
    "app_sintetizada": "E5E5ACE882B1E9980",
    "cantidad_archivos": 1,
    "archivos_fuente": [
      "Library/Application Support/Microsoft/Skype for Desktop/Cache/e5e5ace882b1e998_0"
    ],
    "ultima_modificacion": "2025-08-01 01:01:40.286654"
  },
  "ddc26ec130090c5d0": {
    "app_sintetizada": "DDC26EC130090C5D0",
    "cantidad_archivos": 1,
    "archivos_fuente": [
      "Library/Application Support/Microsoft/Skype for Desktop/Cache/ddc26ec130090c5d_0"
    ],
    "ultima_modificacion": "2025-08-01 01:01:40.286927"
  },
  "3b89fd89b1ce7e7a0": {
    "app_sintetizada": "3B89FD89B1CE7E7A0",
    "cantidad_archivos": 1,
    "archivos_fuente": [
      "Library/Application Support/Microsoft/Skype for Desktop/Cache/3b89fd89b1ce7e7a_0"
    ],
    "ultima_modificacion": "2025-08-01 01:01:40.287237"
  },
  "544b72b1e98367160": {
    "app_sintetizada": "544B72B1E98367160",
    "cantidad_archivos": 1,
    "archivos_fuente": [
      "Library/Application Support/Microsoft/Skype for Desktop/Cache/544b72b1e9836716_0"
    ],
    "ultima_modificacion": "2025-08-01 01:01:40.287493"
  },
  "58dcd6d22eabe1790": {
    "app_sintetizada": "58DCD6D22EABE1790",
    "cantidad_archivos": 1,
    "archivos_fuente": [
      "Library/Application Support/Microsoft/Skype for Desktop/Cache/58dcd6d22eabe179_0"
    ],
    "ultima_modificacion": "2025-08-01 01:01:40.287731"
  },
  "8e1c6dbe367089c10": {
    "app_sintetizada": "8E1C6DBE367089C10",
    "cantidad_archivos": 1,
    "archivos_fuente": [
      "Library/Application Support/Microsoft/Skype for Desktop/Cache/8e1c6dbe367089c1_0"
    ],
    "ultima_modificacion": "2025-08-01 01:01:40.287953"
  },
  "fbe0fee2476fb3380": {
    "app_sintetizada": "FBE0FEE2476FB3380",
    "cantidad_archivos": 1,
    "archivos_fuente": [
      "Library/Application Support/Microsoft/Skype for Desktop/Cache/fbe0fee2476fb338_0"
    ],
    "ultima_modificacion": "2025-08-01 01:01:40.288182"
  },
  "f04f60ce06707bbf0": {
    "app_sintetizada": "F04F60CE06707BBF0",
    "cantidad_archivos": 1,
    "archivos_fuente": [
      "Library/Application Support/Microsoft/Skype for Desktop/Cache/f04f60ce06707bbf_0"
    ],
    "ultima_modificacion": "2025-08-01 01:01:40.288404"
  },
  "91061162691399500": {
    "app_sintetizada": "91061162691399500",
    "cantidad_archivos": 1,
    "archivos_fuente": [
      "Library/Application Support/Microsoft/Skype for Desktop/Cache/9106116269139950_0"
    ],
    "ultima_modificacion": "2025-08-01 01:01:40.288709"
  },
  "3d52c4fffa11b6080": {
    "app_sintetizada": "3D52C4FFFA11B6080",
    "cantidad_archivos": 1,
    "archivos_fuente": [
      "Library/Application Support/Microsoft/Skype for Desktop/Cache/3d52c4fffa11b608_0"
    ],
    "ultima_modificacion": "2025-08-01 01:01:40.289084"
  },
  "a1aec7d74a2ed08c0": {
    "app_sintetizada": "A1AEC7D74A2ED08C0",
    "cantidad_archivos": 1,
    "archivos_fuente": [
      "Library/Application Support/Microsoft/Skype for Desktop/Cache/a1aec7d74a2ed08c_0"
    ],
    "ultima_modificacion": "2025-08-01 01:01:40.289532"
  },
  "ccc43042488cd6e70": {
    "app_sintetizada": "CCC43042488CD6E70",
    "cantidad_archivos": 1,
    "archivos_fuente": [
      "Library/Application Support/Microsoft/Skype for Desktop/Cache/ccc43042488cd6e7_0"
    ],
    "ultima_modificacion": "2025-08-01 01:01:40.290174"
  },
  "95e682270f38f96a0": {
    "app_sintetizada": "95E682270F38F96A0",
    "cantidad_archivos": 1,
    "archivos_fuente": [
      "Library/Application Support/Microsoft/Skype for Desktop/Cache/95e682270f38f96a_0"
    ],
    "ultima_modificacion": "2025-08-01 01:01:40.290538"
  },
  "ddf4c74a03d89c9c0": {
    "app_sintetizada": "DDF4C74A03D89C9C0",
    "cantidad_archivos": 1,
    "archivos_fuente": [
      "Library/Application Support/Microsoft/Skype for Desktop/Cache/ddf4c74a03d89c9c_0"
    ],
    "ultima_modificacion": "2025-08-01 01:01:40.290954"
  },
  "0cb546367bc7bd680": {
    "app_sintetizada": "0CB546367BC7BD680",
    "cantidad_archivos": 1,
    "archivos_fuente": [
      "Library/Application Support/Microsoft/Skype for Desktop/Cache/0cb546367bc7bd68_0"
    ],
    "ultima_modificacion": "2025-08-01 01:01:40.291267"
  },
  "e70a20644d4f6cb80": {
    "app_sintetizada": "E70A20644D4F6CB80",
    "cantidad_archivos": 1,
    "archivos_fuente": [
      "Library/Application Support/Microsoft/Skype for Desktop/Cache/e70a20644d4f6cb8_0"
    ],
    "ultima_modificacion": "2025-08-01 01:01:40.291580"
  },
  "aaff7fe8cbcf4a5a0": {
    "app_sintetizada": "AAFF7FE8CBCF4A5A0",
    "cantidad_archivos": 1,
    "archivos_fuente": [
      "Library/Application Support/Microsoft/Skype for Desktop/Cache/aaff7fe8cbcf4a5a_0"
    ],
    "ultima_modificacion": "2025-08-01 01:01:40.291953"
  },
  "da4746536ef98ffe0": {
    "app_sintetizada": "DA4746536EF98FFE0",
    "cantidad_archivos": 1,
    "archivos_fuente": [
      "Library/Application Support/Microsoft/Skype for Desktop/Cache/da4746536ef98ffe_0"
    ],
    "ultima_modificacion": "2025-08-01 01:01:40.292295"
  },
  "f75ad3bff0d76f200": {
    "app_sintetizada": "F75AD3BFF0D76F200",
    "cantidad_archivos": 1,
    "archivos_fuente": [
      "Library/Application Support/Microsoft/Skype for Desktop/Cache/f75ad3bff0d76f20_0"
    ],
    "ultima_modificacion": "2025-08-01 01:01:40.292673"
  },
  "2fd5f206f048fb2c0": {
    "app_sintetizada": "2FD5F206F048FB2C0",
    "cantidad_archivos": 1,
    "archivos_fuente": [
      "Library/Application Support/Microsoft/Skype for Desktop/Cache/2fd5f206f048fb2c_0"
    ],
    "ultima_modificacion": "2025-08-01 01:01:40.293050"
  },
  "0164f1719b270ee50": {
    "app_sintetizada": "0164F1719B270EE50",
    "cantidad_archivos": 1,
    "archivos_fuente": [
      "Library/Application Support/Microsoft/Skype for Desktop/Cache/0164f1719b270ee5_0"
    ],
    "ultima_modificacion": "2025-08-01 01:01:40.293401"
  },
  "6d67a80c9cf521330": {
    "app_sintetizada": "6D67A80C9CF521330",
    "cantidad_archivos": 1,
    "archivos_fuente": [
      "Library/Application Support/Microsoft/Skype for Desktop/Cache/6d67a80c9cf52133_0"
    ],
    "ultima_modificacion": "2025-08-01 01:01:40.293756"
  },
  "4741e54884d88b980": {
    "app_sintetizada": "4741E54884D88B980",
    "cantidad_archivos": 1,
    "archivos_fuente": [
      "Library/Application Support/Microsoft/Skype for Desktop/Cache/4741e54884d88b98_0"
    ],
    "ultima_modificacion": "2025-08-01 01:01:40.294066"
  },
  "7c9a4f5a69d7c28f0": {
    "app_sintetizada": "7C9A4F5A69D7C28F0",
    "cantidad_archivos": 1,
    "archivos_fuente": [
      "Library/Application Support/Microsoft/Skype for Desktop/Cache/7c9a4f5a69d7c28f_0"
    ],
    "ultima_modificacion": "2025-08-01 01:01:40.294516"
  },
  "3888f269b14bc5c60": {
    "app_sintetizada": "3888F269B14BC5C60",
    "cantidad_archivos": 1,
    "archivos_fuente": [
      "Library/Application Support/Microsoft/Skype for Desktop/Cache/3888f269b14bc5c6_0"
    ],
    "ultima_modificacion": "2025-08-01 01:01:40.294897"
  },
  "9414b4b6a60ee0640": {
    "app_sintetizada": "9414B4B6A60EE0640",
    "cantidad_archivos": 1,
    "archivos_fuente": [
      "Library/Application Support/Microsoft/Skype for Desktop/Cache/9414b4b6a60ee064_0"
    ],
    "ultima_modificacion": "2025-08-01 01:01:40.295257"
  },
  "8c0c40283491eaab0": {
    "app_sintetizada": "8C0C40283491EAAB0",
    "cantidad_archivos": 1,
    "archivos_fuente": [
      "Library/Application Support/Microsoft/Skype for Desktop/Cache/8c0c40283491eaab_0"
    ],
    "ultima_modificacion": "2025-08-01 01:01:40.295638"
  },
  "52da5bc71fa227440": {
    "app_sintetizada": "52DA5BC71FA227440",
    "cantidad_archivos": 1,
    "archivos_fuente": [
      "Library/Application Support/Microsoft/Skype for Desktop/Cache/52da5bc71fa22744_0"
    ],
    "ultima_modificacion": "2025-08-01 01:01:40.296019"
  },
  "45b977e42e2034720": {
    "app_sintetizada": "45B977E42E2034720",
    "cantidad_archivos": 1,
    "archivos_fuente": [
      "Library/Application Support/Microsoft/Skype for Desktop/Cache/45b977e42e203472_0"
    ],
    "ultima_modificacion": "2025-08-01 01:01:40.296379"
  },
  "046bb261270f5baa0": {
    "app_sintetizada": "046BB261270F5BAA0",
    "cantidad_archivos": 1,
    "archivos_fuente": [
      "Library/Application Support/Microsoft/Skype for Desktop/Cache/046bb261270f5baa_0"
    ],
    "ultima_modificacion": "2025-08-01 01:01:40.296759"
  },
  "5bfde9438e25ee070": {
    "app_sintetizada": "5BFDE9438E25EE070",
    "cantidad_archivos": 1,
    "archivos_fuente": [
      "Library/Application Support/Microsoft/Skype for Desktop/Cache/5bfde9438e25ee07_0"
    ],
    "ultima_modificacion": "2025-08-01 01:01:40.297116"
  },
  "f2776548addff9f80": {
    "app_sintetizada": "F2776548ADDFF9F80",
    "cantidad_archivos": 1,
    "archivos_fuente": [
      "Library/Application Support/Microsoft/Skype for Desktop/Cache/f2776548addff9f8_0"
    ],
    "ultima_modificacion": "2025-08-01 01:01:40.297452"
  },
  "2dba305511bd822b0": {
    "app_sintetizada": "2DBA305511BD822B0",
    "cantidad_archivos": 1,
    "archivos_fuente": [
      "Library/Application Support/Microsoft/Skype for Desktop/Cache/2dba305511bd822b_0"
    ],
    "ultima_modificacion": "2025-08-01 01:01:40.297731"
  },
  "35a51dedea5f79bb0": {
    "app_sintetizada": "35A51DEDEA5F79BB0",
    "cantidad_archivos": 1,
    "archivos_fuente": [
      "Library/Application Support/Microsoft/Skype for Desktop/Cache/35a51dedea5f79bb_0"
    ],
    "ultima_modificacion": "2025-08-01 01:01:40.297968"
  },
  "a3c198f0238bd3b20": {
    "app_sintetizada": "A3C198F0238BD3B20",
    "cantidad_archivos": 1,
    "archivos_fuente": [
      "Library/Application Support/Microsoft/Skype for Desktop/Cache/a3c198f0238bd3b2_0"
    ],
    "ultima_modificacion": "2025-08-01 01:01:40.298222"
  },
  "0e1fc4e83a6d2fd40": {
    "app_sintetizada": "0E1FC4E83A6D2FD40",
    "cantidad_archivos": 1,
    "archivos_fuente": [
      "Library/Application Support/Microsoft/Skype for Desktop/Cache/0e1fc4e83a6d2fd4_0"
    ],
    "ultima_modificacion": "2025-08-01 01:01:40.298742"
  },
  "d639175d62b742aa0": {
    "app_sintetizada": "D639175D62B742AA0",
    "cantidad_archivos": 1,
    "archivos_fuente": [
      "Library/Application Support/Microsoft/Skype for Desktop/Cache/d639175d62b742aa_0"
    ],
    "ultima_modificacion": "2025-08-01 01:01:40.299078"
  },
  "430a95d6670054590": {
    "app_sintetizada": "430A95D6670054590",
    "cantidad_archivos": 1,
    "archivos_fuente": [
      "Library/Application Support/Microsoft/Skype for Desktop/Cache/430a95d667005459_0"
    ],
    "ultima_modificacion": "2025-08-01 01:01:40.299502"
  },
  "329b565a1ae0c7bf0": {
    "app_sintetizada": "329B565A1AE0C7BF0",
    "cantidad_archivos": 1,
    "archivos_fuente": [
      "Library/Application Support/Microsoft/Skype for Desktop/Cache/329b565a1ae0c7bf_0"
    ],
    "ultima_modificacion": "2025-08-01 01:01:40.300499"
  },
  "a3cfb150914507760": {
    "app_sintetizada": "A3CFB150914507760",
    "cantidad_archivos": 1,
    "archivos_fuente": [
      "Library/Application Support/Microsoft/Skype for Desktop/Cache/a3cfb15091450776_0"
    ],
    "ultima_modificacion": "2025-08-01 01:01:40.301150"
  },
  "1a89725543542df40": {
    "app_sintetizada": "1A89725543542DF40",
    "cantidad_archivos": 1,
    "archivos_fuente": [
      "Library/Application Support/Microsoft/Skype for Desktop/Cache/1a89725543542df4_0"
    ],
    "ultima_modificacion": "2025-08-01 01:01:40.301978"
  },
  "8a7415c2a262bff80": {
    "app_sintetizada": "8A7415C2A262BFF80",
    "cantidad_archivos": 1,
    "archivos_fuente": [
      "Library/Application Support/Microsoft/Skype for Desktop/Cache/8a7415c2a262bff8_0"
    ],
    "ultima_modificacion": "2025-08-01 01:01:40.302444"
  },
  "e2e439335becf3a90": {
    "app_sintetizada": "E2E439335BECF3A90",
    "cantidad_archivos": 1,
    "archivos_fuente": [
      "Library/Application Support/Microsoft/Skype for Desktop/Cache/e2e439335becf3a9_0"
    ],
    "ultima_modificacion": "2025-08-01 01:01:40.302984"
  },
  "927c47ca61de9ee70": {
    "app_sintetizada": "927C47CA61DE9EE70",
    "cantidad_archivos": 1,
    "archivos_fuente": [
      "Library/Application Support/Microsoft/Skype for Desktop/Cache/927c47ca61de9ee7_0"
    ],
    "ultima_modificacion": "2025-08-01 01:01:40.303375"
  },
  "46b457c3a6b4e3ca0": {
    "app_sintetizada": "46B457C3A6B4E3CA0",
    "cantidad_archivos": 1,
    "archivos_fuente": [
      "Library/Application Support/Microsoft/Skype for Desktop/Cache/46b457c3a6b4e3ca_0"
    ],
    "ultima_modificacion": "2025-08-01 01:01:40.303744"
  },
  "4c1555068a6f119b0": {
    "app_sintetizada": "4C1555068A6F119B0",
    "cantidad_archivos": 1,
    "archivos_fuente": [
      "Library/Application Support/Microsoft/Skype for Desktop/Cache/4c1555068a6f119b_0"
    ],
    "ultima_modificacion": "2025-08-01 01:01:40.304914"
  },
  "8956149ed17e7ef10": {
    "app_sintetizada": "8956149ED17E7EF10",
    "cantidad_archivos": 1,
    "archivos_fuente": [
      "Library/Application Support/Microsoft/Skype for Desktop/Cache/8956149ed17e7ef1_0"
    ],
    "ultima_modificacion": "2025-08-01 01:01:40.305345"
  },
  "0aeac6460750ed830": {
    "app_sintetizada": "0AEAC6460750ED830",
    "cantidad_archivos": 1,
    "archivos_fuente": [
      "Library/Application Support/Microsoft/Skype for Desktop/Cache/0aeac6460750ed83_0"
    ],
    "ultima_modificacion": "2025-08-01 01:01:40.306472"
  },
  "2ff2262c09dcf6bf0": {
    "app_sintetizada": "2FF2262C09DCF6BF0",
    "cantidad_archivos": 1,
    "archivos_fuente": [
      "Library/Application Support/Microsoft/Skype for Desktop/Cache/2ff2262c09dcf6bf_0"
    ],
    "ultima_modificacion": "2025-08-01 01:01:40.307011"
  },
  "743dba44b0a039ba0": {
    "app_sintetizada": "743DBA44B0A039BA0",
    "cantidad_archivos": 1,
    "archivos_fuente": [
      "Library/Application Support/Microsoft/Skype for Desktop/Cache/743dba44b0a039ba_0"
    ],
    "ultima_modificacion": "2025-08-01 01:01:40.307412"
  },
  "66f398c4b859d9990": {
    "app_sintetizada": "66F398C4B859D9990",
    "cantidad_archivos": 1,
    "archivos_fuente": [
      "Library/Application Support/Microsoft/Skype for Desktop/Cache/66f398c4b859d999_0"
    ],
    "ultima_modificacion": "2025-08-01 01:01:40.307804"
  },
  "889124ee0f11beca0": {
    "app_sintetizada": "889124EE0F11BECA0",
    "cantidad_archivos": 1,
    "archivos_fuente": [
      "Library/Application Support/Microsoft/Skype for Desktop/Cache/889124ee0f11beca_0"
    ],
    "ultima_modificacion": "2025-08-01 01:01:40.310775"
  },
  "b41d8a21284e40650": {
    "app_sintetizada": "B41D8A21284E40650",
    "cantidad_archivos": 1,
    "archivos_fuente": [
      "Library/Application Support/Microsoft/Skype for Desktop/Cache/b41d8a21284e4065_0"
    ],
    "ultima_modificacion": "2025-08-01 01:01:40.311229"
  },
  "cbb6bcf68a9ba5270": {
    "app_sintetizada": "CBB6BCF68A9BA5270",
    "cantidad_archivos": 1,
    "archivos_fuente": [
      "Library/Application Support/Microsoft/Skype for Desktop/Cache/cbb6bcf68a9ba527_0"
    ],
    "ultima_modificacion": "2025-08-01 01:01:40.311924"
  },
  "4129e7e3b5d600700": {
    "app_sintetizada": "4129E7E3B5D600700",
    "cantidad_archivos": 1,
    "archivos_fuente": [
      "Library/Application Support/Microsoft/Skype for Desktop/Cache/4129e7e3b5d60070_0"
    ],
    "ultima_modificacion": "2025-08-01 01:01:40.312304"
  },
  "8ff534d1298d66eb0": {
    "app_sintetizada": "8FF534D1298D66EB0",
    "cantidad_archivos": 1,
    "archivos_fuente": [
      "Library/Application Support/Microsoft/Skype for Desktop/Cache/8ff534d1298d66eb_0"
    ],
    "ultima_modificacion": "2025-08-01 01:01:40.312637"
  },
  "a47af25969c33b070": {
    "app_sintetizada": "A47AF25969C33B070",
    "cantidad_archivos": 1,
    "archivos_fuente": [
      "Library/Application Support/Microsoft/Skype for Desktop/Cache/a47af25969c33b07_0"
    ],
    "ultima_modificacion": "2025-08-01 01:01:40.312983"
  },
  "df9cce05f95e3dda0": {
    "app_sintetizada": "DF9CCE05F95E3DDA0",
    "cantidad_archivos": 1,
    "archivos_fuente": [
      "Library/Application Support/Microsoft/Skype for Desktop/Cache/df9cce05f95e3dda_0"
    ],
    "ultima_modificacion": "2025-08-01 01:01:40.313394"
  },
  "15116eea15fa30e30": {
    "app_sintetizada": "15116EEA15FA30E30",
    "cantidad_archivos": 1,
    "archivos_fuente": [
      "Library/Application Support/Microsoft/Skype for Desktop/Cache/15116eea15fa30e3_0"
    ],
    "ultima_modificacion": "2025-08-01 01:01:40.314256"
  },
  "67673afaeeafa02d0": {
    "app_sintetizada": "67673AFAEEAFA02D0",
    "cantidad_archivos": 1,
    "archivos_fuente": [
      "Library/Application Support/Microsoft/Skype for Desktop/Cache/67673afaeeafa02d_0"
    ],
    "ultima_modificacion": "2025-08-01 01:01:40.314684"
  },
  "3db8125b0a323b730": {
    "app_sintetizada": "3DB8125B0A323B730",
    "cantidad_archivos": 1,
    "archivos_fuente": [
      "Library/Application Support/Microsoft/Skype for Desktop/Cache/3db8125b0a323b73_0"
    ],
    "ultima_modificacion": "2025-08-01 01:01:40.315034"
  },
  "4000be52464cf0470": {
    "app_sintetizada": "4000BE52464CF0470",
    "cantidad_archivos": 1,
    "archivos_fuente": [
      "Library/Application Support/Microsoft/Skype for Desktop/Cache/4000be52464cf047_0"
    ],
    "ultima_modificacion": "2025-08-01 01:01:40.315546"
  },
  "2c74ba530adab1370": {
    "app_sintetizada": "2C74BA530ADAB1370",
    "cantidad_archivos": 1,
    "archivos_fuente": [
      "Library/Application Support/Microsoft/Skype for Desktop/Cache/2c74ba530adab137_0"
    ],
    "ultima_modificacion": "2025-08-01 01:01:40.316172"
  },
  "6054fa8c498f95460": {
    "app_sintetizada": "6054FA8C498F95460",
    "cantidad_archivos": 1,
    "archivos_fuente": [
      "Library/Application Support/Microsoft/Skype for Desktop/Cache/6054fa8c498f9546_0"
    ],
    "ultima_modificacion": "2025-08-01 01:01:40.316609"
  },
  "835664df6a12c6820": {
    "app_sintetizada": "835664DF6A12C6820",
    "cantidad_archivos": 1,
    "archivos_fuente": [
      "Library/Application Support/Microsoft/Skype for Desktop/Cache/835664df6a12c682_0"
    ],
    "ultima_modificacion": "2025-08-01 01:01:40.317023"
  },
  "f22a061b9b5e79670": {
    "app_sintetizada": "F22A061B9B5E79670",
    "cantidad_archivos": 1,
    "archivos_fuente": [
      "Library/Application Support/Microsoft/Skype for Desktop/Cache/f22a061b9b5e7967_0"
    ],
    "ultima_modificacion": "2025-08-01 01:01:40.317422"
  },
  "55445f2d403385ad0": {
    "app_sintetizada": "55445F2D403385AD0",
    "cantidad_archivos": 1,
    "archivos_fuente": [
      "Library/Application Support/Microsoft/Skype for Desktop/Cache/55445f2d403385ad_0"
    ],
    "ultima_modificacion": "2025-08-01 01:01:40.317791"
  },
  "32df2f548755ad0e0": {
    "app_sintetizada": "32DF2F548755AD0E0",
    "cantidad_archivos": 1,
    "archivos_fuente": [
      "Library/Application Support/Microsoft/Skype for Desktop/Cache/32df2f548755ad0e_0"
    ],
    "ultima_modificacion": "2025-08-01 01:01:40.318628"
  },
  "e7d94da0a44b5c0f0": {
    "app_sintetizada": "E7D94DA0A44B5C0F0",
    "cantidad_archivos": 1,
    "archivos_fuente": [
      "Library/Application Support/Microsoft/Skype for Desktop/Cache/e7d94da0a44b5c0f_0"
    ],
    "ultima_modificacion": "2025-08-01 01:01:40.319243"
  },
  "89398a53503809630": {
    "app_sintetizada": "89398A53503809630",
    "cantidad_archivos": 1,
    "archivos_fuente": [
      "Library/Application Support/Microsoft/Skype for Desktop/Cache/89398a5350380963_0"
    ],
    "ultima_modificacion": "2025-08-01 01:01:40.319673"
  },
  "3ad34d6e2af528580": {
    "app_sintetizada": "3AD34D6E2AF528580",
    "cantidad_archivos": 1,
    "archivos_fuente": [
      "Library/Application Support/Microsoft/Skype for Desktop/Cache/3ad34d6e2af52858_0"
    ],
    "ultima_modificacion": "2025-08-01 01:01:40.320080"
  },
  "80de94deacf241ce0": {
    "app_sintetizada": "80DE94DEACF241CE0",
    "cantidad_archivos": 1,
    "archivos_fuente": [
      "Library/Application Support/Microsoft/Skype for Desktop/Cache/80de94deacf241ce_0"
    ],
    "ultima_modificacion": "2025-08-01 01:01:40.320425"
  },
  "10cc6cdcda8d193e0": {
    "app_sintetizada": "10CC6CDCDA8D193E0",
    "cantidad_archivos": 1,
    "archivos_fuente": [
      "Library/Application Support/Microsoft/Skype for Desktop/Cache/10cc6cdcda8d193e_0"
    ],
    "ultima_modificacion": "2025-08-01 01:01:40.321007"
  },
  "e21cc448c0f82c890": {
    "app_sintetizada": "E21CC448C0F82C890",
    "cantidad_archivos": 1,
    "archivos_fuente": [
      "Library/Application Support/Microsoft/Skype for Desktop/Cache/e21cc448c0f82c89_0"
    ],
    "ultima_modificacion": "2025-08-01 01:01:40.321333"
  },
  "89266bccba536bb90": {
    "app_sintetizada": "89266BCCBA536BB90",
    "cantidad_archivos": 1,
    "archivos_fuente": [
      "Library/Application Support/Microsoft/Skype for Desktop/Cache/89266bccba536bb9_0"
    ],
    "ultima_modificacion": "2025-08-01 01:01:40.321625"
  },
  "cd070c8673515d8c0": {
    "app_sintetizada": "CD070C8673515D8C0",
    "cantidad_archivos": 1,
    "archivos_fuente": [
      "Library/Application Support/Microsoft/Skype for Desktop/Cache/cd070c8673515d8c_0"
    ],
    "ultima_modificacion": "2025-08-01 01:01:40.346881"
  },
  "6a0854f3e1e1d0570": {
    "app_sintetizada": "6A0854F3E1E1D0570",
    "cantidad_archivos": 1,
    "archivos_fuente": [
      "Library/Application Support/Microsoft/Skype for Desktop/Cache/6a0854f3e1e1d057_0"
    ],
    "ultima_modificacion": "2025-08-01 01:01:40.347525"
  },
  "314a22987105ba470": {
    "app_sintetizada": "314A22987105BA470",
    "cantidad_archivos": 1,
    "archivos_fuente": [
      "Library/Application Support/Microsoft/Skype for Desktop/Cache/314a22987105ba47_0"
    ],
    "ultima_modificacion": "2025-08-01 01:01:40.347960"
  },
  "ec8bcc35b58bb8290": {
    "app_sintetizada": "EC8BCC35B58BB8290",
    "cantidad_archivos": 1,
    "archivos_fuente": [
      "Library/Application Support/Microsoft/Skype for Desktop/Cache/ec8bcc35b58bb829_0"
    ],
    "ultima_modificacion": "2025-08-01 01:01:40.348705"
  },
  "0cbaecf2f90551380": {
    "app_sintetizada": "0CBAECF2F90551380",
    "cantidad_archivos": 1,
    "archivos_fuente": [
      "Library/Application Support/Microsoft/Skype for Desktop/Cache/0cbaecf2f9055138_0"
    ],
    "ultima_modificacion": "2025-08-01 01:01:40.349119"
  },
  "88823bc118d844870": {
    "app_sintetizada": "88823BC118D844870",
    "cantidad_archivos": 1,
    "archivos_fuente": [
      "Library/Application Support/Microsoft/Skype for Desktop/Cache/88823bc118d84487_0"
    ],
    "ultima_modificacion": "2025-08-01 01:01:40.351420"
  },
  "aa0f8acea2ee66600": {
    "app_sintetizada": "AA0F8ACEA2EE66600",
    "cantidad_archivos": 1,
    "archivos_fuente": [
      "Library/Application Support/Microsoft/Skype for Desktop/Cache/aa0f8acea2ee6660_0"
    ],
    "ultima_modificacion": "2025-08-01 01:01:40.352360"
  },
  "f1a9d3c80bbbdd6c0": {
    "app_sintetizada": "F1A9D3C80BBBDD6C0",
    "cantidad_archivos": 1,
    "archivos_fuente": [
      "Library/Application Support/Microsoft/Skype for Desktop/Cache/f1a9d3c80bbbdd6c_0"
    ],
    "ultima_modificacion": "2025-08-01 01:01:40.353019"
  },
  "df147de781c5b9560": {
    "app_sintetizada": "DF147DE781C5B9560",
    "cantidad_archivos": 1,
    "archivos_fuente": [
      "Library/Application Support/Microsoft/Skype for Desktop/Cache/df147de781c5b956_0"
    ],
    "ultima_modificacion": "2025-08-01 01:01:40.353517"
  },
  "8e08d123e59f0fc70": {
    "app_sintetizada": "8E08D123E59F0FC70",
    "cantidad_archivos": 1,
    "archivos_fuente": [
      "Library/Application Support/Microsoft/Skype for Desktop/Cache/8e08d123e59f0fc7_0"
    ],
    "ultima_modificacion": "2025-08-01 01:01:40.353888"
  },
  "62ed72529729bd220": {
    "app_sintetizada": "62ED72529729BD220",
    "cantidad_archivos": 1,
    "archivos_fuente": [
      "Library/Application Support/Microsoft/Skype for Desktop/Cache/62ed72529729bd22_0"
    ],
    "ultima_modificacion": "2025-08-01 01:01:40.354566"
  },
  "9d789730c10607ff0": {
    "app_sintetizada": "9D789730C10607FF0",
    "cantidad_archivos": 1,
    "archivos_fuente": [
      "Library/Application Support/Microsoft/Skype for Desktop/Cache/9d789730c10607ff_0"
    ],
    "ultima_modificacion": "2025-08-01 01:01:40.355040"
  },
  "11ae769071ae7b9e0": {
    "app_sintetizada": "11AE769071AE7B9E0",
    "cantidad_archivos": 1,
    "archivos_fuente": [
      "Library/Application Support/Microsoft/Skype for Desktop/Cache/11ae769071ae7b9e_0"
    ],
    "ultima_modificacion": "2025-08-01 01:01:40.355463"
  },
  "96eaabd1ec9740fd0": {
    "app_sintetizada": "96EAABD1EC9740FD0",
    "cantidad_archivos": 1,
    "archivos_fuente": [
      "Library/Application Support/Microsoft/Skype for Desktop/Cache/96eaabd1ec9740fd_0"
    ],
    "ultima_modificacion": "2025-08-01 01:01:40.355849"
  },
  "58c518269d00f51a0": {
    "app_sintetizada": "58C518269D00F51A0",
    "cantidad_archivos": 1,
    "archivos_fuente": [
      "Library/Application Support/Microsoft/Skype for Desktop/Cache/58c518269d00f51a_0"
    ],
    "ultima_modificacion": "2025-08-01 01:01:40.356342"
  },
  "5964323b6b5fe7f20": {
    "app_sintetizada": "5964323B6B5FE7F20",
    "cantidad_archivos": 1,
    "archivos_fuente": [
      "Library/Application Support/Microsoft/Skype for Desktop/Cache/5964323b6b5fe7f2_0"
    ],
    "ultima_modificacion": "2025-08-01 01:01:40.356967"
  },
  "35b9b43e5b6f2c780": {
    "app_sintetizada": "35B9B43E5B6F2C780",
    "cantidad_archivos": 1,
    "archivos_fuente": [
      "Library/Application Support/Microsoft/Skype for Desktop/Cache/35b9b43e5b6f2c78_0"
    ],
    "ultima_modificacion": "2025-08-01 01:01:40.357678"
  },
  "59cb71ac455f13d30": {
    "app_sintetizada": "59CB71AC455F13D30",
    "cantidad_archivos": 1,
    "archivos_fuente": [
      "Library/Application Support/Microsoft/Skype for Desktop/Cache/59cb71ac455f13d3_0"
    ],
    "ultima_modificacion": "2025-08-01 01:01:40.359138"
  },
  "51844b946eb3f9790": {
    "app_sintetizada": "51844B946EB3F9790",
    "cantidad_archivos": 1,
    "archivos_fuente": [
      "Library/Application Support/Microsoft/Skype for Desktop/Cache/51844b946eb3f979_0"
    ],
    "ultima_modificacion": "2025-08-01 01:01:40.359521"
  },
  "1e9a9ac983769b690": {
    "app_sintetizada": "1E9A9AC983769B690",
    "cantidad_archivos": 1,
    "archivos_fuente": [
      "Library/Application Support/Microsoft/Skype for Desktop/Cache/1e9a9ac983769b69_0"
    ],
    "ultima_modificacion": "2025-08-01 01:01:40.360797"
  },
  "34dcb519bfdaccc90": {
    "app_sintetizada": "34DCB519BFDACCC90",
    "cantidad_archivos": 1,
    "archivos_fuente": [
      "Library/Application Support/Microsoft/Skype for Desktop/Cache/34dcb519bfdaccc9_0"
    ],
    "ultima_modificacion": "2025-08-01 01:01:40.361158"
  },
  "855e491db66947540": {
    "app_sintetizada": "855E491DB66947540",
    "cantidad_archivos": 1,
    "archivos_fuente": [
      "Library/Application Support/Microsoft/Skype for Desktop/Cache/855e491db6694754_0"
    ],
    "ultima_modificacion": "2025-08-01 01:01:40.362280"
  },
  "d629a7f02522c1c80": {
    "app_sintetizada": "D629A7F02522C1C80",
    "cantidad_archivos": 1,
    "archivos_fuente": [
      "Library/Application Support/Microsoft/Skype for Desktop/Cache/d629a7f02522c1c8_0"
    ],
    "ultima_modificacion": "2025-08-01 01:01:40.362641"
  },
  "36a31403b2b0d4840": {
    "app_sintetizada": "36A31403B2B0D4840",
    "cantidad_archivos": 1,
    "archivos_fuente": [
      "Library/Application Support/Microsoft/Skype for Desktop/Cache/36a31403b2b0d484_0"
    ],
    "ultima_modificacion": "2025-08-01 01:01:40.363743"
  },
  "8f8964413974c9b70": {
    "app_sintetizada": "8F8964413974C9B70",
    "cantidad_archivos": 1,
    "archivos_fuente": [
      "Library/Application Support/Microsoft/Skype for Desktop/Cache/8f8964413974c9b7_0"
    ],
    "ultima_modificacion": "2025-08-01 01:01:40.364627"
  }
}