{
  "0c9b1be188e55a8a0": {
    "app_sintetizada": "0C9B1BE188E55A8A0",
    "cantidad_archivos": 1,
    "archivos_fuente": [
      "Library/Application Support/Google/Chrome/Default/Service Worker/CacheStorage/d1394a4c842f7861ad7ae5e20da4b484a0c4acad/a5a18824-56f6-4f5f-abb6-64683cbd37bb/0c9b1be188e55a8a_0"
    ],
    "ultima_modificacion": "2025-08-01 01:01:33.418512"
  },
  "617efb651b82c4bd0": {
    "app_sintetizada": "617EFB651B82C4BD0",
    "cantidad_archivos": 1,
    "archivos_fuente": [
      "Library/Application Support/Google/Chrome/Default/Service Worker/CacheStorage/d1394a4c842f7861ad7ae5e20da4b484a0c4acad/a5a18824-56f6-4f5f-abb6-64683cbd37bb/617efb651b82c4bd_0"
    ],
    "ultima_modificacion": "2025-08-01 01:01:33.418814"
  },
  "0caacf756d51163b0": {
    "app_sintetizada": "0CAACF756D51163B0",
    "cantidad_archivos": 1,
    "archivos_fuente": [
      "Library/Application Support/Google/Chrome/Default/Service Worker/CacheStorage/d1394a4c842f7861ad7ae5e20da4b484a0c4acad/a5a18824-56f6-4f5f-abb6-64683cbd37bb/0caacf756d51163b_0"
    ],
    "ultima_modificacion": "2025-08-01 01:01:33.419115"
  },
  "d3385ea65b21f2400": {
    "app_sintetizada": "D3385EA65B21F2400",
    "cantidad_archivos": 1,
    "archivos_fuente": [
      "Library/Application Support/Google/Chrome/Default/Service Worker/CacheStorage/d1394a4c842f7861ad7ae5e20da4b484a0c4acad/a5a18824-56f6-4f5f-abb6-64683cbd37bb/d3385ea65b21f240_0"
    ],
    "ultima_modificacion": "2025-08-01 01:01:33.419413"
  },
  "45c4a71135c810720": {
    "app_sintetizada": "45C4A71135C810720",
    "cantidad_archivos": 1,
    "archivos_fuente": [
      "Library/Application Support/Google/Chrome/Default/Service Worker/CacheStorage/d1394a4c842f7861ad7ae5e20da4b484a0c4acad/a5a18824-56f6-4f5f-abb6-64683cbd37bb/45c4a71135c81072_0"
    ],
    "ultima_modificacion": "2025-08-01 01:01:33.419651"
  },
  "b7ffe17b0e1317720": {
    "app_sintetizada": "B7FFE17B0E1317720",
    "cantidad_archivos": 1,
    "archivos_fuente": [
      "Library/Application Support/Google/Chrome/Default/Service Worker/CacheStorage/d1394a4c842f7861ad7ae5e20da4b484a0c4acad/a5a18824-56f6-4f5f-abb6-64683cbd37bb/b7ffe17b0e131772_0"
    ],
    "ultima_modificacion": "2025-08-01 01:01:33.419898"
  },
  "593dd83a7d7813fb0": {
    "app_sintetizada": "593DD83A7D7813FB0",
    "cantidad_archivos": 1,
    "archivos_fuente": [
      "Library/Application Support/Google/Chrome/Default/Service Worker/CacheStorage/d1394a4c842f7861ad7ae5e20da4b484a0c4acad/a5a18824-56f6-4f5f-abb6-64683cbd37bb/593dd83a7d7813fb_0"
    ],
    "ultima_modificacion": "2025-08-01 01:01:33.420178"
  },
  "2ef8d51f691668330": {
    "app_sintetizada": "2EF8D51F691668330",
    "cantidad_archivos": 1,
    "archivos_fuente": [
      "Library/Application Support/Google/Chrome/Default/Service Worker/CacheStorage/d1394a4c842f7861ad7ae5e20da4b484a0c4acad/a5a18824-56f6-4f5f-abb6-64683cbd37bb/2ef8d51f69166833_0"
    ],
    "ultima_modificacion": "2025-08-01 01:01:33.420428"
  },
  "0648ad498d4958d10": {
    "app_sintetizada": "0648AD498D4958D10",
    "cantidad_archivos": 1,
    "archivos_fuente": [
      "Library/Application Support/Google/Chrome/Default/Service Worker/CacheStorage/d1394a4c842f7861ad7ae5e20da4b484a0c4acad/a5a18824-56f6-4f5f-abb6-64683cbd37bb/0648ad498d4958d1_0"
    ],
    "ultima_modificacion": "2025-08-01 01:01:33.420716"
  },
  "a6a83a7a935456b80": {
    "app_sintetizada": "A6A83A7A935456B80",
    "cantidad_archivos": 1,
    "archivos_fuente": [
      "Library/Application Support/Google/Chrome/Default/Service Worker/CacheStorage/d1394a4c842f7861ad7ae5e20da4b484a0c4acad/a5a18824-56f6-4f5f-abb6-64683cbd37bb/a6a83a7a935456b8_0"
    ],
    "ultima_modificacion": "2025-08-01 01:01:33.420958"
  },
  "25964c0c0f5011030": {
    "app_sintetizada": "25964C0C0F5011030",
    "cantidad_archivos": 1,
    "archivos_fuente": [
      "Library/Application Support/Google/Chrome/Default/Service Worker/CacheStorage/d1394a4c842f7861ad7ae5e20da4b484a0c4acad/a5a18824-56f6-4f5f-abb6-64683cbd37bb/25964c0c0f501103_0"
    ],
    "ultima_modificacion": "2025-08-01 01:01:33.421215"
  },
  "c87315039bf9c7de0": {
    "app_sintetizada": "C87315039BF9C7DE0",
    "cantidad_archivos": 1,
    "archivos_fuente": [
      "Library/Application Support/Google/Chrome/Default/Service Worker/CacheStorage/d1394a4c842f7861ad7ae5e20da4b484a0c4acad/a5a18824-56f6-4f5f-abb6-64683cbd37bb/c87315039bf9c7de_0"
    ],
    "ultima_modificacion": "2025-08-01 01:01:33.421461"
  },
  "0fdbcc685288ab250": {
    "app_sintetizada": "0FDBCC685288AB250",
    "cantidad_archivos": 1,
    "archivos_fuente": [
      "Library/Application Support/Google/Chrome/Default/Service Worker/CacheStorage/d1394a4c842f7861ad7ae5e20da4b484a0c4acad/a5a18824-56f6-4f5f-abb6-64683cbd37bb/0fdbcc685288ab25_0"
    ],
    "ultima_modificacion": "2025-08-01 01:01:33.421705"
  },
  "1594b4021bd8fd0e0": {
    "app_sintetizada": "1594B4021BD8FD0E0",
    "cantidad_archivos": 1,
    "archivos_fuente": [
      "Library/Application Support/Google/Chrome/Default/Service Worker/CacheStorage/d1394a4c842f7861ad7ae5e20da4b484a0c4acad/a5a18824-56f6-4f5f-abb6-64683cbd37bb/1594b4021bd8fd0e_0"
    ],
    "ultima_modificacion": "2025-08-01 01:01:33.422044"
  },
  "cc0075d0ab58ec860": {
    "app_sintetizada": "CC0075D0AB58EC860",
    "cantidad_archivos": 1,
    "archivos_fuente": [
      "Library/Application Support/Google/Chrome/Default/Service Worker/CacheStorage/d1394a4c842f7861ad7ae5e20da4b484a0c4acad/a5a18824-56f6-4f5f-abb6-64683cbd37bb/cc0075d0ab58ec86_0"
    ],
    "ultima_modificacion": "2025-08-01 01:01:33.422277"
  },
  "74c2523eabb0fd1b0": {
    "app_sintetizada": "74C2523EABB0FD1B0",
    "cantidad_archivos": 1,
    "archivos_fuente": [
      "Library/Application Support/Google/Chrome/Default/Service Worker/CacheStorage/d1394a4c842f7861ad7ae5e20da4b484a0c4acad/a5a18824-56f6-4f5f-abb6-64683cbd37bb/74c2523eabb0fd1b_0"
    ],
    "ultima_modificacion": "2025-08-01 01:01:33.422476"
  },
  "85de2b216fa537ce0": {
    "app_sintetizada": "85DE2B216FA537CE0",
    "cantidad_archivos": 1,
    "archivos_fuente": [
      "Library/Application Support/Google/Chrome/Default/Service Worker/CacheStorage/d1394a4c842f7861ad7ae5e20da4b484a0c4acad/a5a18824-56f6-4f5f-abb6-64683cbd37bb/85de2b216fa537ce_0"
    ],
    "ultima_modificacion": "2025-08-01 01:01:33.422679"
  },
  "68f6e92c40e0bf9b0": {
    "app_sintetizada": "68F6E92C40E0BF9B0",
    "cantidad_archivos": 1,
    "archivos_fuente": [
      "Library/Application Support/Google/Chrome/Default/Service Worker/CacheStorage/d1394a4c842f7861ad7ae5e20da4b484a0c4acad/a5a18824-56f6-4f5f-abb6-64683cbd37bb/68f6e92c40e0bf9b_0"
    ],
    "ultima_modificacion": "2025-08-01 01:01:33.422871"
  },
  "09330131bad143c50": {
    "app_sintetizada": "09330131BAD143C50",
    "cantidad_archivos": 1,
    "archivos_fuente": [
      "Library/Application Support/Google/Chrome/Default/Service Worker/CacheStorage/d1394a4c842f7861ad7ae5e20da4b484a0c4acad/a5a18824-56f6-4f5f-abb6-64683cbd37bb/09330131bad143c5_0"
    ],
    "ultima_modificacion": "2025-08-01 01:01:33.423066"
  },
  "073eedde78d2ea7c0": {
    "app_sintetizada": "073EEDDE78D2EA7C0",
    "cantidad_archivos": 1,
    "archivos_fuente": [
      "Library/Application Support/Google/Chrome/Default/Service Worker/CacheStorage/d1394a4c842f7861ad7ae5e20da4b484a0c4acad/a5a18824-56f6-4f5f-abb6-64683cbd37bb/073eedde78d2ea7c_0"
    ],
    "ultima_modificacion": "2025-08-01 01:01:33.423262"
  },
  "c9fc7ce8b5670bf30": {
    "app_sintetizada": "C9FC7CE8B5670BF30",
    "cantidad_archivos": 1,
    "archivos_fuente": [
      "Library/Application Support/Google/Chrome/Default/Service Worker/CacheStorage/d1394a4c842f7861ad7ae5e20da4b484a0c4acad/a5a18824-56f6-4f5f-abb6-64683cbd37bb/c9fc7ce8b5670bf3_0"
    ],
    "ultima_modificacion": "2025-08-01 01:01:33.423448"
  },
  "e78aabe4956f17c70": {
    "app_sintetizada": "E78AABE4956F17C70",
    "cantidad_archivos": 1,
    "archivos_fuente": [
      "Library/Application Support/Google/Chrome/Default/Service Worker/CacheStorage/d1394a4c842f7861ad7ae5e20da4b484a0c4acad/a5a18824-56f6-4f5f-abb6-64683cbd37bb/e78aabe4956f17c7_0"
    ],
    "ultima_modificacion": "2025-08-01 01:01:33.423635"
  },
  "00e395ca810c38bd0": {
    "app_sintetizada": "00E395CA810C38BD0",
    "cantidad_archivos": 1,
    "archivos_fuente": [
      "Library/Application Support/Google/Chrome/Default/Service Worker/CacheStorage/d1394a4c842f7861ad7ae5e20da4b484a0c4acad/a5a18824-56f6-4f5f-abb6-64683cbd37bb/00e395ca810c38bd_0"
    ],
    "ultima_modificacion": "2025-08-01 01:01:33.423873"
  },
  "0e59880d9e8c438d0": {
    "app_sintetizada": "0E59880D9E8C438D0",
    "cantidad_archivos": 1,
    "archivos_fuente": [
      "Library/Application Support/Google/Chrome/Default/Service Worker/CacheStorage/d1394a4c842f7861ad7ae5e20da4b484a0c4acad/a5a18824-56f6-4f5f-abb6-64683cbd37bb/0e59880d9e8c438d_0"
    ],
    "ultima_modificacion": "2025-08-01 01:01:33.424221"
  },
  "c50901f9dba20c540": {
    "app_sintetizada": "C50901F9DBA20C540",
    "cantidad_archivos": 1,
    "archivos_fuente": [
      "Library/Application Support/Google/Chrome/Default/Service Worker/CacheStorage/d1394a4c842f7861ad7ae5e20da4b484a0c4acad/a5a18824-56f6-4f5f-abb6-64683cbd37bb/c50901f9dba20c54_0"
    ],
    "ultima_modificacion": "2025-08-01 01:01:33.424472"
  },
  "88ccbbfa8095cb4a0": {
    "app_sintetizada": "88CCBBFA8095CB4A0",
    "cantidad_archivos": 1,
    "archivos_fuente": [
      "Library/Application Support/Google/Chrome/Default/Service Worker/CacheStorage/d1394a4c842f7861ad7ae5e20da4b484a0c4acad/a5a18824-56f6-4f5f-abb6-64683cbd37bb/88ccbbfa8095cb4a_0"
    ],
    "ultima_modificacion": "2025-08-01 01:01:33.424795"
  },
  "25f78d675d5c8def0": {
    "app_sintetizada": "25F78D675D5C8DEF0",
    "cantidad_archivos": 1,
    "archivos_fuente": [
      "Library/Application Support/Google/Chrome/Default/Service Worker/CacheStorage/d1394a4c842f7861ad7ae5e20da4b484a0c4acad/a5a18824-56f6-4f5f-abb6-64683cbd37bb/25f78d675d5c8def_0"
    ],
    "ultima_modificacion": "2025-08-01 01:01:33.425107"
  },
  "b7d6fb47d9cb92490": {
    "app_sintetizada": "B7D6FB47D9CB92490",
    "cantidad_archivos": 1,
    "archivos_fuente": [
      "Library/Application Support/Google/Chrome/Default/Service Worker/CacheStorage/d1394a4c842f7861ad7ae5e20da4b484a0c4acad/a5a18824-56f6-4f5f-abb6-64683cbd37bb/b7d6fb47d9cb9249_0"
    ],
    "ultima_modificacion": "2025-08-01 01:01:33.425410"
  },
  "b91e05d216e695f00": {
    "app_sintetizada": "B91E05D216E695F00",
    "cantidad_archivos": 1,
    "archivos_fuente": [
      "Library/Application Support/Google/Chrome/Default/Service Worker/CacheStorage/d1394a4c842f7861ad7ae5e20da4b484a0c4acad/a5a18824-56f6-4f5f-abb6-64683cbd37bb/b91e05d216e695f0_0"
    ],
    "ultima_modificacion": "2025-08-01 01:01:33.425713"
  },
  "bde8026a080aef350": {
    "app_sintetizada": "BDE8026A080AEF350",
    "cantidad_archivos": 1,
    "archivos_fuente": [
      "Library/Application Support/Google/Chrome/Default/Service Worker/CacheStorage/d1394a4c842f7861ad7ae5e20da4b484a0c4acad/a5a18824-56f6-4f5f-abb6-64683cbd37bb/bde8026a080aef35_0"
    ],
    "ultima_modificacion": "2025-08-01 01:01:33.426022"
  },
  "37af52a4ac538d850": {
    "app_sintetizada": "37AF52A4AC538D850",
    "cantidad_archivos": 1,
    "archivos_fuente": [
      "Library/Application Support/Google/Chrome/Default/Service Worker/CacheStorage/d1394a4c842f7861ad7ae5e20da4b484a0c4acad/a5a18824-56f6-4f5f-abb6-64683cbd37bb/37af52a4ac538d85_0"
    ],
    "ultima_modificacion": "2025-08-01 01:01:33.426325"
  },
  "fb3f0206506a8b960": {
    "app_sintetizada": "FB3F0206506A8B960",
    "cantidad_archivos": 1,
    "archivos_fuente": [
      "Library/Application Support/Google/Chrome/Default/Service Worker/CacheStorage/d1394a4c842f7861ad7ae5e20da4b484a0c4acad/a5a18824-56f6-4f5f-abb6-64683cbd37bb/fb3f0206506a8b96_0"
    ],
    "ultima_modificacion": "2025-08-01 01:01:33.426588"
  },
  "7b77ecbe58334b820": {
    "app_sintetizada": "7B77ECBE58334B820",
    "cantidad_archivos": 1,
    "archivos_fuente": [
      "Library/Application Support/Google/Chrome/Default/Service Worker/CacheStorage/d1394a4c842f7861ad7ae5e20da4b484a0c4acad/a5a18824-56f6-4f5f-abb6-64683cbd37bb/7b77ecbe58334b82_0"
    ],
    "ultima_modificacion": "2025-08-01 01:01:33.426864"
  },
  "0f82a2678375b6690": {
    "app_sintetizada": "0F82A2678375B6690",
    "cantidad_archivos": 1,
    "archivos_fuente": [
      "Library/Application Support/Google/Chrome/Default/Service Worker/CacheStorage/d1394a4c842f7861ad7ae5e20da4b484a0c4acad/a5a18824-56f6-4f5f-abb6-64683cbd37bb/0f82a2678375b669_0"
    ],
    "ultima_modificacion": "2025-08-01 01:01:33.427157"
  },
  "9ff557ca8abe5c270": {
    "app_sintetizada": "9FF557CA8ABE5C270",
    "cantidad_archivos": 1,
    "archivos_fuente": [
      "Library/Application Support/Google/Chrome/Default/Service Worker/CacheStorage/d1394a4c842f7861ad7ae5e20da4b484a0c4acad/a5a18824-56f6-4f5f-abb6-64683cbd37bb/9ff557ca8abe5c27_0"
    ],
    "ultima_modificacion": "2025-08-01 01:01:33.427393"
  },
  "999fc10f6cde83b50": {
    "app_sintetizada": "999FC10F6CDE83B50",
    "cantidad_archivos": 1,
    "archivos_fuente": [
      "Library/Application Support/Google/Chrome/Default/Service Worker/CacheStorage/d1394a4c842f7861ad7ae5e20da4b484a0c4acad/a5a18824-56f6-4f5f-abb6-64683cbd37bb/999fc10f6cde83b5_0"
    ],
    "ultima_modificacion": "2025-08-01 01:01:33.427586"
  },
  "4d6fcc5b6d96327e0": {
    "app_sintetizada": "4D6FCC5B6D96327E0",
    "cantidad_archivos": 1,
    "archivos_fuente": [
      "Library/Application Support/Google/Chrome/Default/Service Worker/CacheStorage/d1394a4c842f7861ad7ae5e20da4b484a0c4acad/a5a18824-56f6-4f5f-abb6-64683cbd37bb/4d6fcc5b6d96327e_0"
    ],
    "ultima_modificacion": "2025-08-01 01:01:33.427780"
  },
  "e011ee80ee694d180": {
    "app_sintetizada": "E011EE80EE694D180",
    "cantidad_archivos": 1,
    "archivos_fuente": [
      "Library/Application Support/Google/Chrome/Default/Service Worker/CacheStorage/d1394a4c842f7861ad7ae5e20da4b484a0c4acad/a5a18824-56f6-4f5f-abb6-64683cbd37bb/e011ee80ee694d18_0"
    ],
    "ultima_modificacion": "2025-08-01 01:01:33.427970"
  },
  "ecd279daf9719e030": {
    "app_sintetizada": "ECD279DAF9719E030",
    "cantidad_archivos": 1,
    "archivos_fuente": [
      "Library/Application Support/Google/Chrome/Default/Service Worker/CacheStorage/d1394a4c842f7861ad7ae5e20da4b484a0c4acad/a5a18824-56f6-4f5f-abb6-64683cbd37bb/ecd279daf9719e03_0"
    ],
    "ultima_modificacion": "2025-08-01 01:01:33.428158"
  },
  "44660e2f0b3425e00": {
    "app_sintetizada": "44660E2F0B3425E00",
    "cantidad_archivos": 1,
    "archivos_fuente": [
      "Library/Application Support/Google/Chrome/Default/Service Worker/CacheStorage/d1394a4c842f7861ad7ae5e20da4b484a0c4acad/a5a18824-56f6-4f5f-abb6-64683cbd37bb/44660e2f0b3425e0_0"
    ],
    "ultima_modificacion": "2025-08-01 01:01:33.428412"
  },
  "3e18e9c5e76a65910": {
    "app_sintetizada": "3E18E9C5E76A65910",
    "cantidad_archivos": 1,
    "archivos_fuente": [
      "Library/Application Support/Google/Chrome/Default/Service Worker/CacheStorage/d1394a4c842f7861ad7ae5e20da4b484a0c4acad/a5a18824-56f6-4f5f-abb6-64683cbd37bb/3e18e9c5e76a6591_0"
    ],
    "ultima_modificacion": "2025-08-01 01:01:33.428703"
  },
  "ecae3d2779b780860": {
    "app_sintetizada": "ECAE3D2779B780860",
    "cantidad_archivos": 1,
    "archivos_fuente": [
      "Library/Application Support/Google/Chrome/Default/Service Worker/CacheStorage/d1394a4c842f7861ad7ae5e20da4b484a0c4acad/a5a18824-56f6-4f5f-abb6-64683cbd37bb/ecae3d2779b78086_0"
    ],
    "ultima_modificacion": "2025-08-01 01:01:33.428957"
  },
  "24bd2e121bb2c7890": {
    "app_sintetizada": "24BD2E121BB2C7890",
    "cantidad_archivos": 1,
    "archivos_fuente": [
      "Library/Application Support/Google/Chrome/Default/Service Worker/CacheStorage/d1394a4c842f7861ad7ae5e20da4b484a0c4acad/a5a18824-56f6-4f5f-abb6-64683cbd37bb/24bd2e121bb2c789_0"
    ],
    "ultima_modificacion": "2025-08-01 01:01:33.429195"
  },
  "c39381a4bc01a4f00": {
    "app_sintetizada": "C39381A4BC01A4F00",
    "cantidad_archivos": 1,
    "archivos_fuente": [
      "Library/Application Support/Google/Chrome/Default/Service Worker/CacheStorage/d1394a4c842f7861ad7ae5e20da4b484a0c4acad/a5a18824-56f6-4f5f-abb6-64683cbd37bb/c39381a4bc01a4f0_0"
    ],
    "ultima_modificacion": "2025-08-01 01:01:33.429474"
  },
  "38e12c2339b7464d0": {
    "app_sintetizada": "38E12C2339B7464D0",
    "cantidad_archivos": 1,
    "archivos_fuente": [
      "Library/Application Support/Google/Chrome/Default/Service Worker/CacheStorage/d1394a4c842f7861ad7ae5e20da4b484a0c4acad/a5a18824-56f6-4f5f-abb6-64683cbd37bb/38e12c2339b7464d_0"
    ],
    "ultima_modificacion": "2025-08-01 01:01:33.429685"
  },
  "f2a8726d3f736c240": {
    "app_sintetizada": "F2A8726D3F736C240",
    "cantidad_archivos": 1,
    "archivos_fuente": [
      "Library/Application Support/Google/Chrome/Default/Service Worker/CacheStorage/d1394a4c842f7861ad7ae5e20da4b484a0c4acad/a5a18824-56f6-4f5f-abb6-64683cbd37bb/f2a8726d3f736c24_0"
    ],
    "ultima_modificacion": "2025-08-01 01:01:33.429884"
  },
  "d1a1aac9c3d491ac0": {
    "app_sintetizada": "D1A1AAC9C3D491AC0",
    "cantidad_archivos": 1,
    "archivos_fuente": [
      "Library/Application Support/Google/Chrome/Default/Service Worker/CacheStorage/d1394a4c842f7861ad7ae5e20da4b484a0c4acad/a5a18824-56f6-4f5f-abb6-64683cbd37bb/d1a1aac9c3d491ac_0"
    ],
    "ultima_modificacion": "2025-08-01 01:01:33.430076"
  },
  "7c701f169a3226aa0": {
    "app_sintetizada": "7C701F169A3226AA0",
    "cantidad_archivos": 1,
    "archivos_fuente": [
      "Library/Application Support/Google/Chrome/Default/Service Worker/CacheStorage/d1394a4c842f7861ad7ae5e20da4b484a0c4acad/a5a18824-56f6-4f5f-abb6-64683cbd37bb/7c701f169a3226aa_0"
    ],
    "ultima_modificacion": "2025-08-01 01:01:33.430323"
  },
  "24639bdbcea2b25e0": {
    "app_sintetizada": "24639BDBCEA2B25E0",
    "cantidad_archivos": 1,
    "archivos_fuente": [
      "Library/Application Support/Google/Chrome/Default/Service Worker/CacheStorage/d1394a4c842f7861ad7ae5e20da4b484a0c4acad/a5a18824-56f6-4f5f-abb6-64683cbd37bb/24639bdbcea2b25e_0"
    ],
    "ultima_modificacion": "2025-08-01 01:01:33.430624"
  },
  "ef50bc879b41c0360": {
    "app_sintetizada": "EF50BC879B41C0360",
    "cantidad_archivos": 1,
    "archivos_fuente": [
      "Library/Application Support/Google/Chrome/Default/Service Worker/CacheStorage/d1394a4c842f7861ad7ae5e20da4b484a0c4acad/a5a18824-56f6-4f5f-abb6-64683cbd37bb/ef50bc879b41c036_0"
    ],
    "ultima_modificacion": "2025-08-01 01:01:33.430879"
  },
  "5f243f40146000a70": {
    "app_sintetizada": "5F243F40146000A70",
    "cantidad_archivos": 1,
    "archivos_fuente": [
      "Library/Application Support/Google/Chrome/Default/Service Worker/CacheStorage/d1394a4c842f7861ad7ae5e20da4b484a0c4acad/a5a18824-56f6-4f5f-abb6-64683cbd37bb/5f243f40146000a7_0"
    ],
    "ultima_modificacion": "2025-08-01 01:01:33.431122"
  },
  "431a6b2e86b45c640": {
    "app_sintetizada": "431A6B2E86B45C640",
    "cantidad_archivos": 1,
    "archivos_fuente": [
      "Library/Application Support/Google/Chrome/Default/Service Worker/CacheStorage/d1394a4c842f7861ad7ae5e20da4b484a0c4acad/a5a18824-56f6-4f5f-abb6-64683cbd37bb/431a6b2e86b45c64_0"
    ],
    "ultima_modificacion": "2025-08-01 01:01:33.431356"
  },
  "10cdc70abb2dbbbc0": {
    "app_sintetizada": "10CDC70ABB2DBBBC0",
    "cantidad_archivos": 1,
    "archivos_fuente": [
      "Library/Application Support/Google/Chrome/Default/Service Worker/CacheStorage/d1394a4c842f7861ad7ae5e20da4b484a0c4acad/a5a18824-56f6-4f5f-abb6-64683cbd37bb/10cdc70abb2dbbbc_0"
    ],
    "ultima_modificacion": "2025-08-01 01:01:33.431680"
  },
  "6e9c18c29f30ca400": {
    "app_sintetizada": "6E9C18C29F30CA400",
    "cantidad_archivos": 1,
    "archivos_fuente": [
      "Library/Application Support/Google/Chrome/Default/Service Worker/CacheStorage/d1394a4c842f7861ad7ae5e20da4b484a0c4acad/a5a18824-56f6-4f5f-abb6-64683cbd37bb/6e9c18c29f30ca40_0"
    ],
    "ultima_modificacion": "2025-08-01 01:01:33.431907"
  },
  "90025c975be425000": {
    "app_sintetizada": "90025C975BE425000",
    "cantidad_archivos": 1,
    "archivos_fuente": [
      "Library/Application Support/Google/Chrome/Default/Service Worker/CacheStorage/d1394a4c842f7861ad7ae5e20da4b484a0c4acad/a5a18824-56f6-4f5f-abb6-64683cbd37bb/90025c975be42500_0"
    ],
    "ultima_modificacion": "2025-08-01 01:01:33.432111"
  },
  "6712020673bbe86e0": {
    "app_sintetizada": "6712020673BBE86E0",
    "cantidad_archivos": 1,
    "archivos_fuente": [
      "Library/Application Support/Google/Chrome/Default/Service Worker/CacheStorage/d1394a4c842f7861ad7ae5e20da4b484a0c4acad/a5a18824-56f6-4f5f-abb6-64683cbd37bb/6712020673bbe86e_0"
    ],
    "ultima_modificacion": "2025-08-01 01:01:33.432304"
  },
  "d1bcb7b34f3abb310": {
    "app_sintetizada": "D1BCB7B34F3ABB310",
    "cantidad_archivos": 1,
    "archivos_fuente": [
      "Library/Application Support/Google/Chrome/Default/Service Worker/CacheStorage/d1394a4c842f7861ad7ae5e20da4b484a0c4acad/a5a18824-56f6-4f5f-abb6-64683cbd37bb/d1bcb7b34f3abb31_0"
    ],
    "ultima_modificacion": "2025-08-01 01:01:33.432486"
  },
  "f4d726a3807711590": {
    "app_sintetizada": "F4D726A3807711590",
    "cantidad_archivos": 1,
    "archivos_fuente": [
      "Library/Application Support/Google/Chrome/Default/Service Worker/CacheStorage/d1394a4c842f7861ad7ae5e20da4b484a0c4acad/a5a18824-56f6-4f5f-abb6-64683cbd37bb/f4d726a380771159_0"
    ],
    "ultima_modificacion": "2025-08-01 01:01:33.432664"
  },
  "d20ced17fb05e4640": {
    "app_sintetizada": "D20CED17FB05E4640",
    "cantidad_archivos": 1,
    "archivos_fuente": [
      "Library/Application Support/Google/Chrome/Default/Service Worker/CacheStorage/d1394a4c842f7861ad7ae5e20da4b484a0c4acad/a5a18824-56f6-4f5f-abb6-64683cbd37bb/d20ced17fb05e464_0"
    ],
    "ultima_modificacion": "2025-08-01 01:01:33.432881"
  },
  "7388b08a84d662920": {
    "app_sintetizada": "7388B08A84D662920",
    "cantidad_archivos": 1,
    "archivos_fuente": [
      "Library/Application Support/Google/Chrome/Default/Service Worker/CacheStorage/d1394a4c842f7861ad7ae5e20da4b484a0c4acad/a5a18824-56f6-4f5f-abb6-64683cbd37bb/7388b08a84d66292_0"
    ],
    "ultima_modificacion": "2025-08-01 01:01:33.433066"
  },
  "48272fcffde8999f0": {
    "app_sintetizada": "48272FCFFDE8999F0",
    "cantidad_archivos": 1,
    "archivos_fuente": [
      "Library/Application Support/Google/Chrome/Default/Service Worker/CacheStorage/d1394a4c842f7861ad7ae5e20da4b484a0c4acad/a5a18824-56f6-4f5f-abb6-64683cbd37bb/48272fcffde8999f_0"
    ],
    "ultima_modificacion": "2025-08-01 01:01:33.433249"
  },
  "48741169cc8b6ba20": {
    "app_sintetizada": "48741169CC8B6BA20",
    "cantidad_archivos": 1,
    "archivos_fuente": [
      "Library/Application Support/Google/Chrome/Default/Service Worker/CacheStorage/d1394a4c842f7861ad7ae5e20da4b484a0c4acad/a5a18824-56f6-4f5f-abb6-64683cbd37bb/48741169cc8b6ba2_0"
    ],
    "ultima_modificacion": "2025-08-01 01:01:33.433432"
  },
  "c4d314c6c6af370f0": {
    "app_sintetizada": "C4D314C6C6AF370F0",
    "cantidad_archivos": 1,
    "archivos_fuente": [
      "Library/Application Support/Google/Chrome/Default/Service Worker/CacheStorage/d1394a4c842f7861ad7ae5e20da4b484a0c4acad/a5a18824-56f6-4f5f-abb6-64683cbd37bb/c4d314c6c6af370f_0"
    ],
    "ultima_modificacion": "2025-08-01 01:01:33.433622"
  },
  "2e45f12ca4f59ff20": {
    "app_sintetizada": "2E45F12CA4F59FF20",
    "cantidad_archivos": 1,
    "archivos_fuente": [
      "Library/Application Support/Google/Chrome/Default/Service Worker/CacheStorage/d1394a4c842f7861ad7ae5e20da4b484a0c4acad/a5a18824-56f6-4f5f-abb6-64683cbd37bb/2e45f12ca4f59ff2_0"
    ],
    "ultima_modificacion": "2025-08-01 01:01:33.433899"
  },
  "489d4c817c71067b0": {
    "app_sintetizada": "489D4C817C71067B0",
    "cantidad_archivos": 1,
    "archivos_fuente": [
      "Library/Application Support/Google/Chrome/Default/Service Worker/CacheStorage/d1394a4c842f7861ad7ae5e20da4b484a0c4acad/a5a18824-56f6-4f5f-abb6-64683cbd37bb/489d4c817c71067b_0"
    ],
    "ultima_modificacion": "2025-08-01 01:01:33.434212"
  },
  "afc19bec1ffa6e160": {
    "app_sintetizada": "AFC19BEC1FFA6E160",
    "cantidad_archivos": 1,
    "archivos_fuente": [
      "Library/Application Support/Google/Chrome/Default/Service Worker/CacheStorage/d1394a4c842f7861ad7ae5e20da4b484a0c4acad/a5a18824-56f6-4f5f-abb6-64683cbd37bb/afc19bec1ffa6e16_0"
    ],
    "ultima_modificacion": "2025-08-01 01:01:33.434486"
  },
  "0e2578f90c92e2e40": {
    "app_sintetizada": "0E2578F90C92E2E40",
    "cantidad_archivos": 1,
    "archivos_fuente": [
      "Library/Application Support/Google/Chrome/Default/Service Worker/CacheStorage/d1394a4c842f7861ad7ae5e20da4b484a0c4acad/a5a18824-56f6-4f5f-abb6-64683cbd37bb/0e2578f90c92e2e4_0"
    ],
    "ultima_modificacion": "2025-08-01 01:01:33.434748"
  },
  "3c60b34dbfc1638a0": {
    "app_sintetizada": "3C60B34DBFC1638A0",
    "cantidad_archivos": 1,
    "archivos_fuente": [
      "Library/Application Support/Google/Chrome/Default/Service Worker/CacheStorage/d1394a4c842f7861ad7ae5e20da4b484a0c4acad/a5a18824-56f6-4f5f-abb6-64683cbd37bb/3c60b34dbfc1638a_0"
    ],
    "ultima_modificacion": "2025-08-01 01:01:33.435075"
  },
  "15e20b93e54b86710": {
    "app_sintetizada": "15E20B93E54B86710",
    "cantidad_archivos": 1,
    "archivos_fuente": [
      "Library/Application Support/Google/Chrome/Default/Service Worker/CacheStorage/d1394a4c842f7861ad7ae5e20da4b484a0c4acad/a5a18824-56f6-4f5f-abb6-64683cbd37bb/15e20b93e54b8671_0"
    ],
    "ultima_modificacion": "2025-08-01 01:01:33.435295"
  },
  "3bef2ebdf55a91080": {
    "app_sintetizada": "3BEF2EBDF55A91080",
    "cantidad_archivos": 1,
    "archivos_fuente": [
      "Library/Application Support/Google/Chrome/Default/Service Worker/CacheStorage/d1394a4c842f7861ad7ae5e20da4b484a0c4acad/a5a18824-56f6-4f5f-abb6-64683cbd37bb/3bef2ebdf55a9108_0"
    ],
    "ultima_modificacion": "2025-08-01 01:01:33.435497"
  },
  "88628279e0d72bcc0": {
    "app_sintetizada": "88628279E0D72BCC0",
    "cantidad_archivos": 1,
    "archivos_fuente": [
      "Library/Application Support/Google/Chrome/Default/Service Worker/CacheStorage/d1394a4c842f7861ad7ae5e20da4b484a0c4acad/a5a18824-56f6-4f5f-abb6-64683cbd37bb/88628279e0d72bcc_0"
    ],
    "ultima_modificacion": "2025-08-01 01:01:33.435695"
  },
  "beb11e69699cf4d30": {
    "app_sintetizada": "BEB11E69699CF4D30",
    "cantidad_archivos": 1,
    "archivos_fuente": [
      "Library/Application Support/Google/Chrome/Default/Service Worker/CacheStorage/d1394a4c842f7861ad7ae5e20da4b484a0c4acad/a5a18824-56f6-4f5f-abb6-64683cbd37bb/beb11e69699cf4d3_0"
    ],
    "ultima_modificacion": "2025-08-01 01:01:33.435888"
  },
  "b3267fc54bae046d0": {
    "app_sintetizada": "B3267FC54BAE046D0",
    "cantidad_archivos": 1,
    "archivos_fuente": [
      "Library/Application Support/Google/Chrome/Default/Service Worker/CacheStorage/d1394a4c842f7861ad7ae5e20da4b484a0c4acad/a5a18824-56f6-4f5f-abb6-64683cbd37bb/b3267fc54bae046d_0"
    ],
    "ultima_modificacion": "2025-08-01 01:01:33.436105"
  },
  "6d00fe4a444318280": {
    "app_sintetizada": "6D00FE4A444318280",
    "cantidad_archivos": 1,
    "archivos_fuente": [
      "Library/Application Support/Google/Chrome/Default/Service Worker/CacheStorage/d1394a4c842f7861ad7ae5e20da4b484a0c4acad/a5a18824-56f6-4f5f-abb6-64683cbd37bb/6d00fe4a44431828_0"
    ],
    "ultima_modificacion": "2025-08-01 01:01:33.436306"
  },
  "f9b7145b52a28efc0": {
    "app_sintetizada": "F9B7145B52A28EFC0",
    "cantidad_archivos": 1,
    "archivos_fuente": [
      "Library/Application Support/Google/Chrome/Default/Service Worker/CacheStorage/d1394a4c842f7861ad7ae5e20da4b484a0c4acad/a5a18824-56f6-4f5f-abb6-64683cbd37bb/f9b7145b52a28efc_0"
    ],
    "ultima_modificacion": "2025-08-01 01:01:33.436559"
  },
  "380216204900f8860": {
    "app_sintetizada": "380216204900F8860",
    "cantidad_archivos": 1,
    "archivos_fuente": [
      "Library/Application Support/Google/Chrome/Default/Service Worker/CacheStorage/d1394a4c842f7861ad7ae5e20da4b484a0c4acad/a5a18824-56f6-4f5f-abb6-64683cbd37bb/380216204900f886_0"
    ],
    "ultima_modificacion": "2025-08-01 01:01:33.436817"
  },
  "6efd1fb58ae8d0570": {
    "app_sintetizada": "6EFD1FB58AE8D0570",
    "cantidad_archivos": 1,
    "archivos_fuente": [
      "Library/Application Support/Google/Chrome/Default/Service Worker/CacheStorage/d1394a4c842f7861ad7ae5e20da4b484a0c4acad/a5a18824-56f6-4f5f-abb6-64683cbd37bb/6efd1fb58ae8d057_0"
    ],
    "ultima_modificacion": "2025-08-01 01:01:33.437110"
  },
  "bf53385e457eb3770": {
    "app_sintetizada": "BF53385E457EB3770",
    "cantidad_archivos": 1,
    "archivos_fuente": [
      "Library/Application Support/Google/Chrome/Default/Service Worker/CacheStorage/d1394a4c842f7861ad7ae5e20da4b484a0c4acad/a5a18824-56f6-4f5f-abb6-64683cbd37bb/bf53385e457eb377_0"
    ],
    "ultima_modificacion": "2025-08-01 01:01:33.437387"
  },
  "c1c38eea555890290": {
    "app_sintetizada": "C1C38EEA555890290",
    "cantidad_archivos": 1,
    "archivos_fuente": [
      "Library/Application Support/Google/Chrome/Default/Service Worker/CacheStorage/d1394a4c842f7861ad7ae5e20da4b484a0c4acad/a5a18824-56f6-4f5f-abb6-64683cbd37bb/c1c38eea55589029_0"
    ],
    "ultima_modificacion": "2025-08-01 01:01:33.437704"
  },
  "e13cb1957457043e0": {
    "app_sintetizada": "E13CB1957457043E0",
    "cantidad_archivos": 1,
    "archivos_fuente": [
      "Library/Application Support/Google/Chrome/Default/Service Worker/CacheStorage/d1394a4c842f7861ad7ae5e20da4b484a0c4acad/a5a18824-56f6-4f5f-abb6-64683cbd37bb/e13cb1957457043e_0"
    ],
    "ultima_modificacion": "2025-08-01 01:01:33.438007"
  },
  "8182ae2702efaf050": {
    "app_sintetizada": "8182AE2702EFAF050",
    "cantidad_archivos": 1,
    "archivos_fuente": [
      "Library/Application Support/Google/Chrome/Default/Service Worker/CacheStorage/d1394a4c842f7861ad7ae5e20da4b484a0c4acad/a5a18824-56f6-4f5f-abb6-64683cbd37bb/8182ae2702efaf05_0"
    ],
    "ultima_modificacion": "2025-08-01 01:01:33.438359"
  },
  "b8a156d8114192c10": {
    "app_sintetizada": "B8A156D8114192C10",
    "cantidad_archivos": 1,
    "archivos_fuente": [
      "Library/Application Support/Google/Chrome/Default/Service Worker/CacheStorage/d1394a4c842f7861ad7ae5e20da4b484a0c4acad/a5a18824-56f6-4f5f-abb6-64683cbd37bb/b8a156d8114192c1_0"
    ],
    "ultima_modificacion": "2025-08-01 01:01:33.438687"
  },
  "a265b51bed67be3b0": {
    "app_sintetizada": "A265B51BED67BE3B0",
    "cantidad_archivos": 1,
    "archivos_fuente": [
      "Library/Application Support/Google/Chrome/Default/Service Worker/CacheStorage/d1394a4c842f7861ad7ae5e20da4b484a0c4acad/a5a18824-56f6-4f5f-abb6-64683cbd37bb/a265b51bed67be3b_0"
    ],
    "ultima_modificacion": "2025-08-01 01:01:33.439012"
  },
  "f6f6a84e896494f60": {
    "app_sintetizada": "F6F6A84E896494F60",
    "cantidad_archivos": 1,
    "archivos_fuente": [
      "Library/Application Support/Google/Chrome/Default/Service Worker/CacheStorage/d1394a4c842f7861ad7ae5e20da4b484a0c4acad/a5a18824-56f6-4f5f-abb6-64683cbd37bb/f6f6a84e896494f6_0"
    ],
    "ultima_modificacion": "2025-08-01 01:01:33.439343"
  },
  "64ef2b7f8095d3ce0": {
    "app_sintetizada": "64EF2B7F8095D3CE0",
    "cantidad_archivos": 1,
    "archivos_fuente": [
      "Library/Application Support/Google/Chrome/Default/Service Worker/CacheStorage/d1394a4c842f7861ad7ae5e20da4b484a0c4acad/a5a18824-56f6-4f5f-abb6-64683cbd37bb/64ef2b7f8095d3ce_0"
    ],
    "ultima_modificacion": "2025-08-01 01:01:33.439675"
  },
  "d2e49b2a0131cb260": {
    "app_sintetizada": "D2E49B2A0131CB260",
    "cantidad_archivos": 1,
    "archivos_fuente": [
      "Library/Application Support/Google/Chrome/Default/Service Worker/CacheStorage/d1394a4c842f7861ad7ae5e20da4b484a0c4acad/a5a18824-56f6-4f5f-abb6-64683cbd37bb/d2e49b2a0131cb26_0"
    ],
    "ultima_modificacion": "2025-08-01 01:01:33.439987"
  },
  "61a669ff46e3d2a40": {
    "app_sintetizada": "61A669FF46E3D2A40",
    "cantidad_archivos": 1,
    "archivos_fuente": [
      "Library/Application Support/Google/Chrome/Default/Service Worker/CacheStorage/d1394a4c842f7861ad7ae5e20da4b484a0c4acad/a5a18824-56f6-4f5f-abb6-64683cbd37bb/61a669ff46e3d2a4_0"
    ],
    "ultima_modificacion": "2025-08-01 01:01:33.440290"
  },
  "23de690c87c818c80": {
    "app_sintetizada": "23DE690C87C818C80",
    "cantidad_archivos": 1,
    "archivos_fuente": [
      "Library/Application Support/Google/Chrome/Default/Service Worker/CacheStorage/d1394a4c842f7861ad7ae5e20da4b484a0c4acad/a5a18824-56f6-4f5f-abb6-64683cbd37bb/23de690c87c818c8_0"
    ],
    "ultima_modificacion": "2025-08-01 01:01:33.440597"
  },
  "a9e10f1cabee7a080": {
    "app_sintetizada": "A9E10F1CABEE7A080",
    "cantidad_archivos": 1,
    "archivos_fuente": [
      "Library/Application Support/Google/Chrome/Default/Service Worker/CacheStorage/d1394a4c842f7861ad7ae5e20da4b484a0c4acad/a5a18824-56f6-4f5f-abb6-64683cbd37bb/a9e10f1cabee7a08_0"
    ],
    "ultima_modificacion": "2025-08-01 01:01:33.440956"
  },
  "56e802271bf479e50": {
    "app_sintetizada": "56E802271BF479E50",
    "cantidad_archivos": 1,
    "archivos_fuente": [
      "Library/Application Support/Google/Chrome/Default/Service Worker/CacheStorage/d1394a4c842f7861ad7ae5e20da4b484a0c4acad/a5a18824-56f6-4f5f-abb6-64683cbd37bb/56e802271bf479e5_0"
    ],
    "ultima_modificacion": "2025-08-01 01:01:33.441304"
  },
  "c14cfe6c56ce96890": {
    "app_sintetizada": "C14CFE6C56CE96890",
    "cantidad_archivos": 1,
    "archivos_fuente": [
      "Library/Application Support/Google/Chrome/Default/Service Worker/CacheStorage/d1394a4c842f7861ad7ae5e20da4b484a0c4acad/a5a18824-56f6-4f5f-abb6-64683cbd37bb/c14cfe6c56ce9689_0"
    ],
    "ultima_modificacion": "2025-08-01 01:01:33.441651"
  },
  "8a19e3ecb1530f760": {
    "app_sintetizada": "8A19E3ECB1530F760",
    "cantidad_archivos": 1,
    "archivos_fuente": [
      "Library/Application Support/Google/Chrome/Default/Service Worker/CacheStorage/d1394a4c842f7861ad7ae5e20da4b484a0c4acad/a5a18824-56f6-4f5f-abb6-64683cbd37bb/8a19e3ecb1530f76_0"
    ],
    "ultima_modificacion": "2025-08-01 01:01:33.441981"
  },
  "1589b90de44479c80": {
    "app_sintetizada": "1589B90DE44479C80",
    "cantidad_archivos": 1,
    "archivos_fuente": [
      "Library/Application Support/Google/Chrome/Default/Service Worker/CacheStorage/d1394a4c842f7861ad7ae5e20da4b484a0c4acad/a5a18824-56f6-4f5f-abb6-64683cbd37bb/1589b90de44479c8_0"
    ],
    "ultima_modificacion": "2025-08-01 01:01:33.442309"
  },
  "2b4ea7b563983ae90": {
    "app_sintetizada": "2B4EA7B563983AE90",
    "cantidad_archivos": 1,
    "archivos_fuente": [
      "Library/Application Support/Google/Chrome/Default/Service Worker/CacheStorage/d1394a4c842f7861ad7ae5e20da4b484a0c4acad/a5a18824-56f6-4f5f-abb6-64683cbd37bb/2b4ea7b563983ae9_0"
    ],
    "ultima_modificacion": "2025-08-01 01:01:33.442618"
  },
  "09cd4bfe294c0ca10": {
    "app_sintetizada": "09CD4BFE294C0CA10",
    "cantidad_archivos": 1,
    "archivos_fuente": [
      "Library/Application Support/Google/Chrome/Default/Service Worker/CacheStorage/d1394a4c842f7861ad7ae5e20da4b484a0c4acad/a5a18824-56f6-4f5f-abb6-64683cbd37bb/09cd4bfe294c0ca1_0"
    ],
    "ultima_modificacion": "2025-08-01 01:01:33.442932"
  },
  "0ba0316ee2e8d57a0": {
    "app_sintetizada": "0BA0316EE2E8D57A0",
    "cantidad_archivos": 1,
    "archivos_fuente": [
      "Library/Application Support/Google/Chrome/Default/Service Worker/CacheStorage/d1394a4c842f7861ad7ae5e20da4b484a0c4acad/a5a18824-56f6-4f5f-abb6-64683cbd37bb/0ba0316ee2e8d57a_0"
    ],
    "ultima_modificacion": "2025-08-01 01:01:33.443260"
  },
  "fd8b6062caae4c0a0": {
    "app_sintetizada": "FD8B6062CAAE4C0A0",
    "cantidad_archivos": 1,
    "archivos_fuente": [
      "Library/Application Support/Google/Chrome/Default/Service Worker/CacheStorage/d1394a4c842f7861ad7ae5e20da4b484a0c4acad/a5a18824-56f6-4f5f-abb6-64683cbd37bb/fd8b6062caae4c0a_0"
    ],
    "ultima_modificacion": "2025-08-01 01:01:33.443587"
  },
  "5e762f752a19e2190": {
    "app_sintetizada": "5E762F752A19E2190",
    "cantidad_archivos": 1,
    "archivos_fuente": [
      "Library/Application Support/Google/Chrome/Default/Service Worker/CacheStorage/d1394a4c842f7861ad7ae5e20da4b484a0c4acad/a5a18824-56f6-4f5f-abb6-64683cbd37bb/5e762f752a19e219_0"
    ],
    "ultima_modificacion": "2025-08-01 01:01:33.443994"
  },
  "fa54d55327fca73b0": {
    "app_sintetizada": "FA54D55327FCA73B0",
    "cantidad_archivos": 1,
    "archivos_fuente": [
      "Library/Application Support/Google/Chrome/Default/Service Worker/CacheStorage/d1394a4c842f7861ad7ae5e20da4b484a0c4acad/a5a18824-56f6-4f5f-abb6-64683cbd37bb/fa54d55327fca73b_0"
    ],
    "ultima_modificacion": "2025-08-01 01:01:33.444365"
  },
  "e32a5fbb861918300": {
    "app_sintetizada": "E32A5FBB861918300",
    "cantidad_archivos": 1,
    "archivos_fuente": [
      "Library/Application Support/Google/Chrome/Default/Service Worker/CacheStorage/d1394a4c842f7861ad7ae5e20da4b484a0c4acad/a5a18824-56f6-4f5f-abb6-64683cbd37bb/e32a5fbb86191830_0"
    ],
    "ultima_modificacion": "2025-08-01 01:01:33.444711"
  }
}