{
  "f7d1a83a5a5577bb0": {
    "app_sintetizada": "F7D1A83A5A5577BB0",
    "cantidad_archivos": 1,
    "archivos_fuente": [
      "Library/Application Support/Google/Chrome/Default/Service Worker/CacheStorage/d1394a4c842f7861ad7ae5e20da4b484a0c4acad/a5a18824-56f6-4f5f-abb6-64683cbd37bb/f7d1a83a5a5577bb_0"
    ],
    "ultima_modificacion": "2025-08-01 01:01:30.966702"
  },
  "08efb4a4ac1a042a0": {
    "app_sintetizada": "08EFB4A4AC1A042A0",
    "cantidad_archivos": 1,
    "archivos_fuente": [
      "Library/Application Support/Google/Chrome/Default/Service Worker/CacheStorage/d1394a4c842f7861ad7ae5e20da4b484a0c4acad/a5a18824-56f6-4f5f-abb6-64683cbd37bb/08efb4a4ac1a042a_0"
    ],
    "ultima_modificacion": "2025-08-01 01:01:30.966981"
  },
  "6110ba425d08ce160": {
    "app_sintetizada": "6110BA425D08CE160",
    "cantidad_archivos": 1,
    "archivos_fuente": [
      "Library/Application Support/Google/Chrome/Default/Service Worker/CacheStorage/d1394a4c842f7861ad7ae5e20da4b484a0c4acad/a5a18824-56f6-4f5f-abb6-64683cbd37bb/6110ba425d08ce16_0"
    ],
    "ultima_modificacion": "2025-08-01 01:01:30.967264"
  },
  "63e6c5773f5474840": {
    "app_sintetizada": "63E6C5773F5474840",
    "cantidad_archivos": 1,
    "archivos_fuente": [
      "Library/Application Support/Google/Chrome/Default/Service Worker/CacheStorage/d1394a4c842f7861ad7ae5e20da4b484a0c4acad/a5a18824-56f6-4f5f-abb6-64683cbd37bb/63e6c5773f547484_0"
    ],
    "ultima_modificacion": "2025-08-01 01:01:30.967490"
  },
  "76db5789d0f446c10": {
    "app_sintetizada": "76DB5789D0F446C10",
    "cantidad_archivos": 1,
    "archivos_fuente": [
      "Library/Application Support/Google/Chrome/Default/Service Worker/CacheStorage/d1394a4c842f7861ad7ae5e20da4b484a0c4acad/a5a18824-56f6-4f5f-abb6-64683cbd37bb/76db5789d0f446c1_0"
    ],
    "ultima_modificacion": "2025-08-01 01:01:30.967697"
  },
  "30af578ae18e6e3f0": {
    "app_sintetizada": "30AF578AE18E6E3F0",
    "cantidad_archivos": 1,
    "archivos_fuente": [
      "Library/Application Support/Google/Chrome/Default/Service Worker/CacheStorage/d1394a4c842f7861ad7ae5e20da4b484a0c4acad/a5a18824-56f6-4f5f-abb6-64683cbd37bb/30af578ae18e6e3f_0"
    ],
    "ultima_modificacion": "2025-08-01 01:01:30.967895"
  },
  "ad9f974183070d380": {
    "app_sintetizada": "AD9F974183070D380",
    "cantidad_archivos": 1,
    "archivos_fuente": [
      "Library/Application Support/Google/Chrome/Default/Service Worker/CacheStorage/d1394a4c842f7861ad7ae5e20da4b484a0c4acad/a5a18824-56f6-4f5f-abb6-64683cbd37bb/ad9f974183070d38_0"
    ],
    "ultima_modificacion": "2025-08-01 01:01:30.968167"
  },
  "b390cacb6ac6f9e80": {
    "app_sintetizada": "B390CACB6AC6F9E80",
    "cantidad_archivos": 1,
    "archivos_fuente": [
      "Library/Application Support/Google/Chrome/Default/Service Worker/CacheStorage/d1394a4c842f7861ad7ae5e20da4b484a0c4acad/a5a18824-56f6-4f5f-abb6-64683cbd37bb/b390cacb6ac6f9e8_0"
    ],
    "ultima_modificacion": "2025-08-01 01:01:30.968429"
  },
  "ede9df08b24b3b6e0": {
    "app_sintetizada": "EDE9DF08B24B3B6E0",
    "cantidad_archivos": 1,
    "archivos_fuente": [
      "Library/Application Support/Google/Chrome/Default/Service Worker/CacheStorage/d1394a4c842f7861ad7ae5e20da4b484a0c4acad/a5a18824-56f6-4f5f-abb6-64683cbd37bb/ede9df08b24b3b6e_0"
    ],
    "ultima_modificacion": "2025-08-01 01:01:30.968678"
  },
  "b992f06e5751171e0": {
    "app_sintetizada": "B992F06E5751171E0",
    "cantidad_archivos": 1,
    "archivos_fuente": [
      "Library/Application Support/Google/Chrome/Default/Service Worker/CacheStorage/d1394a4c842f7861ad7ae5e20da4b484a0c4acad/a5a18824-56f6-4f5f-abb6-64683cbd37bb/b992f06e5751171e_0"
    ],
    "ultima_modificacion": "2025-08-01 01:01:30.968939"
  },
  "66a73d62304ca1de0": {
    "app_sintetizada": "66A73D62304CA1DE0",
    "cantidad_archivos": 1,
    "archivos_fuente": [
      "Library/Application Support/Google/Chrome/Default/Service Worker/CacheStorage/d1394a4c842f7861ad7ae5e20da4b484a0c4acad/a5a18824-56f6-4f5f-abb6-64683cbd37bb/66a73d62304ca1de_0"
    ],
    "ultima_modificacion": "2025-08-01 01:01:30.969201"
  },
  "5483e01b55f1d2090": {
    "app_sintetizada": "5483E01B55F1D2090",
    "cantidad_archivos": 1,
    "archivos_fuente": [
      "Library/Application Support/Google/Chrome/Default/Service Worker/CacheStorage/d1394a4c842f7861ad7ae5e20da4b484a0c4acad/a5a18824-56f6-4f5f-abb6-64683cbd37bb/5483e01b55f1d209_0"
    ],
    "ultima_modificacion": "2025-08-01 01:01:30.969552"
  },
  "5b4370046fd385a20": {
    "app_sintetizada": "5B4370046FD385A20",
    "cantidad_archivos": 1,
    "archivos_fuente": [
      "Library/Application Support/Google/Chrome/Default/Service Worker/CacheStorage/d1394a4c842f7861ad7ae5e20da4b484a0c4acad/a5a18824-56f6-4f5f-abb6-64683cbd37bb/5b4370046fd385a2_0"
    ],
    "ultima_modificacion": "2025-08-01 01:01:30.969802"
  },
  "45b83b787580e59f0": {
    "app_sintetizada": "45B83B787580E59F0",
    "cantidad_archivos": 1,
    "archivos_fuente": [
      "Library/Application Support/Google/Chrome/Default/Service Worker/CacheStorage/d1394a4c842f7861ad7ae5e20da4b484a0c4acad/a5a18824-56f6-4f5f-abb6-64683cbd37bb/45b83b787580e59f_0"
    ],
    "ultima_modificacion": "2025-08-01 01:01:30.970069"
  },
  "c9d0e88881d3fb750": {
    "app_sintetizada": "C9D0E88881D3FB750",
    "cantidad_archivos": 1,
    "archivos_fuente": [
      "Library/Application Support/Google/Chrome/Default/Service Worker/CacheStorage/d1394a4c842f7861ad7ae5e20da4b484a0c4acad/a5a18824-56f6-4f5f-abb6-64683cbd37bb/c9d0e88881d3fb75_0"
    ],
    "ultima_modificacion": "2025-08-01 01:01:30.970492"
  },
  "235b83cdf649d9ab0": {
    "app_sintetizada": "235B83CDF649D9AB0",
    "cantidad_archivos": 1,
    "archivos_fuente": [
      "Library/Application Support/Google/Chrome/Default/Service Worker/CacheStorage/d1394a4c842f7861ad7ae5e20da4b484a0c4acad/a5a18824-56f6-4f5f-abb6-64683cbd37bb/235b83cdf649d9ab_0"
    ],
    "ultima_modificacion": "2025-08-01 01:01:30.970774"
  },
  "8a3ab2893ef55da40": {
    "app_sintetizada": "8A3AB2893EF55DA40",
    "cantidad_archivos": 1,
    "archivos_fuente": [
      "Library/Application Support/Google/Chrome/Default/Service Worker/CacheStorage/d1394a4c842f7861ad7ae5e20da4b484a0c4acad/a5a18824-56f6-4f5f-abb6-64683cbd37bb/8a3ab2893ef55da4_0"
    ],
    "ultima_modificacion": "2025-08-01 01:01:30.971085"
  },
  "9fb9affb74d5ed3e0": {
    "app_sintetizada": "9FB9AFFB74D5ED3E0",
    "cantidad_archivos": 1,
    "archivos_fuente": [
      "Library/Application Support/Google/Chrome/Default/Service Worker/CacheStorage/d1394a4c842f7861ad7ae5e20da4b484a0c4acad/a5a18824-56f6-4f5f-abb6-64683cbd37bb/9fb9affb74d5ed3e_0"
    ],
    "ultima_modificacion": "2025-08-01 01:01:30.971328"
  },
  "ac2592baa6a5a9b30": {
    "app_sintetizada": "AC2592BAA6A5A9B30",
    "cantidad_archivos": 1,
    "archivos_fuente": [
      "Library/Application Support/Google/Chrome/Default/Service Worker/CacheStorage/d1394a4c842f7861ad7ae5e20da4b484a0c4acad/a5a18824-56f6-4f5f-abb6-64683cbd37bb/ac2592baa6a5a9b3_0"
    ],
    "ultima_modificacion": "2025-08-01 01:01:30.971607"
  },
  "bb91bb3b8da6a3bd0": {
    "app_sintetizada": "BB91BB3B8DA6A3BD0",
    "cantidad_archivos": 1,
    "archivos_fuente": [
      "Library/Application Support/Google/Chrome/Default/Service Worker/CacheStorage/d1394a4c842f7861ad7ae5e20da4b484a0c4acad/a5a18824-56f6-4f5f-abb6-64683cbd37bb/bb91bb3b8da6a3bd_0"
    ],
    "ultima_modificacion": "2025-08-01 01:01:30.971827"
  },
  "50cc3b914c2400570": {
    "app_sintetizada": "50CC3B914C2400570",
    "cantidad_archivos": 1,
    "archivos_fuente": [
      "Library/Application Support/Google/Chrome/Default/Service Worker/CacheStorage/d1394a4c842f7861ad7ae5e20da4b484a0c4acad/a5a18824-56f6-4f5f-abb6-64683cbd37bb/50cc3b914c240057_0"
    ],
    "ultima_modificacion": "2025-08-01 01:01:30.972037"
  },
  "90aaf47cccceb65d0": {
    "app_sintetizada": "90AAF47CCCCEB65D0",
    "cantidad_archivos": 1,
    "archivos_fuente": [
      "Library/Application Support/Google/Chrome/Default/Service Worker/CacheStorage/d1394a4c842f7861ad7ae5e20da4b484a0c4acad/a5a18824-56f6-4f5f-abb6-64683cbd37bb/90aaf47cccceb65d_0"
    ],
    "ultima_modificacion": "2025-08-01 01:01:30.972229"
  },
  "db47fb97e63cf5df0": {
    "app_sintetizada": "DB47FB97E63CF5DF0",
    "cantidad_archivos": 1,
    "archivos_fuente": [
      "Library/Application Support/Google/Chrome/Default/Service Worker/CacheStorage/d1394a4c842f7861ad7ae5e20da4b484a0c4acad/a5a18824-56f6-4f5f-abb6-64683cbd37bb/db47fb97e63cf5df_0"
    ],
    "ultima_modificacion": "2025-08-01 01:01:30.972425"
  },
  "16b5d54920e2f7720": {
    "app_sintetizada": "16B5D54920E2F7720",
    "cantidad_archivos": 1,
    "archivos_fuente": [
      "Library/Application Support/Google/Chrome/Default/Service Worker/CacheStorage/d1394a4c842f7861ad7ae5e20da4b484a0c4acad/a5a18824-56f6-4f5f-abb6-64683cbd37bb/16b5d54920e2f772_0"
    ],
    "ultima_modificacion": "2025-08-01 01:01:30.972614"
  },
  "fd22595dc9ada4ab0": {
    "app_sintetizada": "FD22595DC9ADA4AB0",
    "cantidad_archivos": 1,
    "archivos_fuente": [
      "Library/Application Support/Google/Chrome/Default/Service Worker/CacheStorage/d1394a4c842f7861ad7ae5e20da4b484a0c4acad/a5a18824-56f6-4f5f-abb6-64683cbd37bb/fd22595dc9ada4ab_0"
    ],
    "ultima_modificacion": "2025-08-01 01:01:30.972808"
  },
  "876c164c318b3aae0": {
    "app_sintetizada": "876C164C318B3AAE0",
    "cantidad_archivos": 1,
    "archivos_fuente": [
      "Library/Application Support/Google/Chrome/Default/Service Worker/CacheStorage/d1394a4c842f7861ad7ae5e20da4b484a0c4acad/a5a18824-56f6-4f5f-abb6-64683cbd37bb/876c164c318b3aae_0"
    ],
    "ultima_modificacion": "2025-08-01 01:01:30.972993"
  },
  "2e15a2f30f4cc5000": {
    "app_sintetizada": "2E15A2F30F4CC5000",
    "cantidad_archivos": 1,
    "archivos_fuente": [
      "Library/Application Support/Google/Chrome/Default/Service Worker/CacheStorage/d1394a4c842f7861ad7ae5e20da4b484a0c4acad/a5a18824-56f6-4f5f-abb6-64683cbd37bb/2e15a2f30f4cc500_0"
    ],
    "ultima_modificacion": "2025-08-01 01:01:30.973176"
  },
  "df77a4eec3289b9e0": {
    "app_sintetizada": "DF77A4EEC3289B9E0",
    "cantidad_archivos": 1,
    "archivos_fuente": [
      "Library/Application Support/Google/Chrome/Default/Service Worker/CacheStorage/d1394a4c842f7861ad7ae5e20da4b484a0c4acad/a5a18824-56f6-4f5f-abb6-64683cbd37bb/df77a4eec3289b9e_0"
    ],
    "ultima_modificacion": "2025-08-01 01:01:30.973363"
  },
  "28e76c1398a786d70": {
    "app_sintetizada": "28E76C1398A786D70",
    "cantidad_archivos": 1,
    "archivos_fuente": [
      "Library/Application Support/Google/Chrome/Default/Service Worker/CacheStorage/d1394a4c842f7861ad7ae5e20da4b484a0c4acad/a5a18824-56f6-4f5f-abb6-64683cbd37bb/28e76c1398a786d7_0"
    ],
    "ultima_modificacion": "2025-08-01 01:01:30.973557"
  },
  "fbc9f042ce802f430": {
    "app_sintetizada": "FBC9F042CE802F430",
    "cantidad_archivos": 1,
    "archivos_fuente": [
      "Library/Application Support/Google/Chrome/Default/Service Worker/CacheStorage/d1394a4c842f7861ad7ae5e20da4b484a0c4acad/a5a18824-56f6-4f5f-abb6-64683cbd37bb/fbc9f042ce802f43_0"
    ],
    "ultima_modificacion": "2025-08-01 01:01:30.973819"
  },
  "d42564af50116dbe0": {
    "app_sintetizada": "D42564AF50116DBE0",
    "cantidad_archivos": 1,
    "archivos_fuente": [
      "Library/Application Support/Google/Chrome/Default/Service Worker/CacheStorage/d1394a4c842f7861ad7ae5e20da4b484a0c4acad/a5a18824-56f6-4f5f-abb6-64683cbd37bb/d42564af50116dbe_0"
    ],
    "ultima_modificacion": "2025-08-01 01:01:30.974393"
  },
  "ed3c7eca0e3a40130": {
    "app_sintetizada": "ED3C7ECA0E3A40130",
    "cantidad_archivos": 1,
    "archivos_fuente": [
      "Library/Application Support/Google/Chrome/Default/Service Worker/CacheStorage/d1394a4c842f7861ad7ae5e20da4b484a0c4acad/a5a18824-56f6-4f5f-abb6-64683cbd37bb/ed3c7eca0e3a4013_0"
    ],
    "ultima_modificacion": "2025-08-01 01:01:30.974776"
  },
  "17508c5bed475bf90": {
    "app_sintetizada": "17508C5BED475BF90",
    "cantidad_archivos": 1,
    "archivos_fuente": [
      "Library/Application Support/Google/Chrome/Default/Service Worker/CacheStorage/d1394a4c842f7861ad7ae5e20da4b484a0c4acad/a5a18824-56f6-4f5f-abb6-64683cbd37bb/17508c5bed475bf9_0"
    ],
    "ultima_modificacion": "2025-08-01 01:01:30.975450"
  },
  "4e614f5acb782a160": {
    "app_sintetizada": "4E614F5ACB782A160",
    "cantidad_archivos": 1,
    "archivos_fuente": [
      "Library/Application Support/Google/Chrome/Default/Service Worker/CacheStorage/d1394a4c842f7861ad7ae5e20da4b484a0c4acad/a5a18824-56f6-4f5f-abb6-64683cbd37bb/4e614f5acb782a16_0"
    ],
    "ultima_modificacion": "2025-08-01 01:01:30.975891"
  },
  "7d91b13b4228fa120": {
    "app_sintetizada": "7D91B13B4228FA120",
    "cantidad_archivos": 1,
    "archivos_fuente": [
      "Library/Application Support/Google/Chrome/Default/Service Worker/CacheStorage/d1394a4c842f7861ad7ae5e20da4b484a0c4acad/a5a18824-56f6-4f5f-abb6-64683cbd37bb/7d91b13b4228fa12_0"
    ],
    "ultima_modificacion": "2025-08-01 01:01:30.976324"
  },
  "96c3402b3070197f0": {
    "app_sintetizada": "96C3402B3070197F0",
    "cantidad_archivos": 1,
    "archivos_fuente": [
      "Library/Application Support/Google/Chrome/Default/Service Worker/CacheStorage/d1394a4c842f7861ad7ae5e20da4b484a0c4acad/a5a18824-56f6-4f5f-abb6-64683cbd37bb/96c3402b3070197f_0"
    ],
    "ultima_modificacion": "2025-08-01 01:01:30.976567"
  },
  "81fe9803213a480b0": {
    "app_sintetizada": "81FE9803213A480B0",
    "cantidad_archivos": 1,
    "archivos_fuente": [
      "Library/Application Support/Google/Chrome/Default/Service Worker/CacheStorage/d1394a4c842f7861ad7ae5e20da4b484a0c4acad/a5a18824-56f6-4f5f-abb6-64683cbd37bb/81fe9803213a480b_0"
    ],
    "ultima_modificacion": "2025-08-01 01:01:30.976895"
  },
  "66fd9c24480274570": {
    "app_sintetizada": "66FD9C24480274570",
    "cantidad_archivos": 1,
    "archivos_fuente": [
      "Library/Application Support/Google/Chrome/Default/Service Worker/CacheStorage/d1394a4c842f7861ad7ae5e20da4b484a0c4acad/a5a18824-56f6-4f5f-abb6-64683cbd37bb/66fd9c2448027457_0"
    ],
    "ultima_modificacion": "2025-08-01 01:01:30.977230"
  },
  "37f48ef3a71bc8d50": {
    "app_sintetizada": "37F48EF3A71BC8D50",
    "cantidad_archivos": 1,
    "archivos_fuente": [
      "Library/Application Support/Google/Chrome/Default/Service Worker/CacheStorage/d1394a4c842f7861ad7ae5e20da4b484a0c4acad/a5a18824-56f6-4f5f-abb6-64683cbd37bb/37f48ef3a71bc8d5_0"
    ],
    "ultima_modificacion": "2025-08-01 01:01:30.977575"
  },
  "bab057ec4f17eb0a0": {
    "app_sintetizada": "BAB057EC4F17EB0A0",
    "cantidad_archivos": 1,
    "archivos_fuente": [
      "Library/Application Support/Google/Chrome/Default/Service Worker/CacheStorage/d1394a4c842f7861ad7ae5e20da4b484a0c4acad/a5a18824-56f6-4f5f-abb6-64683cbd37bb/bab057ec4f17eb0a_0"
    ],
    "ultima_modificacion": "2025-08-01 01:01:30.977925"
  },
  "4cc3bdbc72330dd80": {
    "app_sintetizada": "4CC3BDBC72330DD80",
    "cantidad_archivos": 1,
    "archivos_fuente": [
      "Library/Application Support/Google/Chrome/Default/Service Worker/CacheStorage/d1394a4c842f7861ad7ae5e20da4b484a0c4acad/a5a18824-56f6-4f5f-abb6-64683cbd37bb/4cc3bdbc72330dd8_0"
    ],
    "ultima_modificacion": "2025-08-01 01:01:30.978250"
  },
  "3148baba0eb9f41b0": {
    "app_sintetizada": "3148BABA0EB9F41B0",
    "cantidad_archivos": 1,
    "archivos_fuente": [
      "Library/Application Support/Google/Chrome/Default/Service Worker/CacheStorage/d1394a4c842f7861ad7ae5e20da4b484a0c4acad/a5a18824-56f6-4f5f-abb6-64683cbd37bb/3148baba0eb9f41b_0"
    ],
    "ultima_modificacion": "2025-08-01 01:01:30.978492"
  },
  "4e8b557f1d014e8b0": {
    "app_sintetizada": "4E8B557F1D014E8B0",
    "cantidad_archivos": 1,
    "archivos_fuente": [
      "Library/Application Support/Google/Chrome/Default/Service Worker/CacheStorage/d1394a4c842f7861ad7ae5e20da4b484a0c4acad/a5a18824-56f6-4f5f-abb6-64683cbd37bb/4e8b557f1d014e8b_0"
    ],
    "ultima_modificacion": "2025-08-01 01:01:30.978748"
  },
  "806ec241d7f353bf0": {
    "app_sintetizada": "806EC241D7F353BF0",
    "cantidad_archivos": 1,
    "archivos_fuente": [
      "Library/Application Support/Google/Chrome/Default/Service Worker/CacheStorage/d1394a4c842f7861ad7ae5e20da4b484a0c4acad/a5a18824-56f6-4f5f-abb6-64683cbd37bb/806ec241d7f353bf_0"
    ],
    "ultima_modificacion": "2025-08-01 01:01:30.979076"
  },
  "93bb6caf9788066b0": {
    "app_sintetizada": "93BB6CAF9788066B0",
    "cantidad_archivos": 1,
    "archivos_fuente": [
      "Library/Application Support/Google/Chrome/Default/Service Worker/CacheStorage/d1394a4c842f7861ad7ae5e20da4b484a0c4acad/a5a18824-56f6-4f5f-abb6-64683cbd37bb/93bb6caf9788066b_0"
    ],
    "ultima_modificacion": "2025-08-01 01:01:30.979313"
  },
  "698ba66faab4a6da0": {
    "app_sintetizada": "698BA66FAAB4A6DA0",
    "cantidad_archivos": 1,
    "archivos_fuente": [
      "Library/Application Support/Google/Chrome/Default/Service Worker/CacheStorage/d1394a4c842f7861ad7ae5e20da4b484a0c4acad/a5a18824-56f6-4f5f-abb6-64683cbd37bb/698ba66faab4a6da_0"
    ],
    "ultima_modificacion": "2025-08-01 01:01:30.979523"
  },
  "1a2c39b2772da4c70": {
    "app_sintetizada": "1A2C39B2772DA4C70",
    "cantidad_archivos": 1,
    "archivos_fuente": [
      "Library/Application Support/Google/Chrome/Default/Service Worker/CacheStorage/d1394a4c842f7861ad7ae5e20da4b484a0c4acad/a5a18824-56f6-4f5f-abb6-64683cbd37bb/1a2c39b2772da4c7_0"
    ],
    "ultima_modificacion": "2025-08-01 01:01:30.979720"
  },
  "b29ae146e20dec080": {
    "app_sintetizada": "B29AE146E20DEC080",
    "cantidad_archivos": 1,
    "archivos_fuente": [
      "Library/Application Support/Google/Chrome/Default/Service Worker/CacheStorage/d1394a4c842f7861ad7ae5e20da4b484a0c4acad/a5a18824-56f6-4f5f-abb6-64683cbd37bb/b29ae146e20dec08_0"
    ],
    "ultima_modificacion": "2025-08-01 01:01:30.979915"
  },
  "619344216d22d4660": {
    "app_sintetizada": "619344216D22D4660",
    "cantidad_archivos": 1,
    "archivos_fuente": [
      "Library/Application Support/Google/Chrome/Default/Service Worker/CacheStorage/d1394a4c842f7861ad7ae5e20da4b484a0c4acad/a5a18824-56f6-4f5f-abb6-64683cbd37bb/619344216d22d466_0"
    ],
    "ultima_modificacion": "2025-08-01 01:01:30.980125"
  },
  "fcc310b2961715dd0": {
    "app_sintetizada": "FCC310B2961715DD0",
    "cantidad_archivos": 1,
    "archivos_fuente": [
      "Library/Application Support/Google/Chrome/Default/Service Worker/CacheStorage/d1394a4c842f7861ad7ae5e20da4b484a0c4acad/a5a18824-56f6-4f5f-abb6-64683cbd37bb/fcc310b2961715dd_0"
    ],
    "ultima_modificacion": "2025-08-01 01:01:30.980316"
  },
  "51beb80659ab1ef10": {
    "app_sintetizada": "51BEB80659AB1EF10",
    "cantidad_archivos": 1,
    "archivos_fuente": [
      "Library/Application Support/Google/Chrome/Default/Service Worker/CacheStorage/d1394a4c842f7861ad7ae5e20da4b484a0c4acad/a5a18824-56f6-4f5f-abb6-64683cbd37bb/51beb80659ab1ef1_0"
    ],
    "ultima_modificacion": "2025-08-01 01:01:30.980572"
  },
  "460812005e70f8770": {
    "app_sintetizada": "460812005E70F8770",
    "cantidad_archivos": 1,
    "archivos_fuente": [
      "Library/Application Support/Google/Chrome/Default/Service Worker/CacheStorage/d1394a4c842f7861ad7ae5e20da4b484a0c4acad/a5a18824-56f6-4f5f-abb6-64683cbd37bb/460812005e70f877_0"
    ],
    "ultima_modificacion": "2025-08-01 01:01:30.981055"
  },
  "5b0f69d20c3cf79e0": {
    "app_sintetizada": "5B0F69D20C3CF79E0",
    "cantidad_archivos": 1,
    "archivos_fuente": [
      "Library/Application Support/Google/Chrome/Default/Service Worker/CacheStorage/d1394a4c842f7861ad7ae5e20da4b484a0c4acad/a5a18824-56f6-4f5f-abb6-64683cbd37bb/5b0f69d20c3cf79e_0"
    ],
    "ultima_modificacion": "2025-08-01 01:01:30.981250"
  },
  "f75e972f722e20a40": {
    "app_sintetizada": "F75E972F722E20A40",
    "cantidad_archivos": 1,
    "archivos_fuente": [
      "Library/Application Support/Google/Chrome/Default/Service Worker/CacheStorage/d1394a4c842f7861ad7ae5e20da4b484a0c4acad/a5a18824-56f6-4f5f-abb6-64683cbd37bb/f75e972f722e20a4_0"
    ],
    "ultima_modificacion": "2025-08-01 01:01:30.981438"
  },
  "41ac2abee6d90b130": {
    "app_sintetizada": "41AC2ABEE6D90B130",
    "cantidad_archivos": 1,
    "archivos_fuente": [
      "Library/Application Support/Google/Chrome/Default/Service Worker/CacheStorage/d1394a4c842f7861ad7ae5e20da4b484a0c4acad/a5a18824-56f6-4f5f-abb6-64683cbd37bb/41ac2abee6d90b13_0"
    ],
    "ultima_modificacion": "2025-08-01 01:01:30.981622"
  },
  "97e2f6983d4e943e0": {
    "app_sintetizada": "97E2F6983D4E943E0",
    "cantidad_archivos": 1,
    "archivos_fuente": [
      "Library/Application Support/Google/Chrome/Default/Service Worker/CacheStorage/d1394a4c842f7861ad7ae5e20da4b484a0c4acad/a5a18824-56f6-4f5f-abb6-64683cbd37bb/97e2f6983d4e943e_0"
    ],
    "ultima_modificacion": "2025-08-01 01:01:30.981809"
  },
  "5e824ca1ba2d86a60": {
    "app_sintetizada": "5E824CA1BA2D86A60",
    "cantidad_archivos": 1,
    "archivos_fuente": [
      "Library/Application Support/Google/Chrome/Default/Service Worker/CacheStorage/d1394a4c842f7861ad7ae5e20da4b484a0c4acad/a5a18824-56f6-4f5f-abb6-64683cbd37bb/5e824ca1ba2d86a6_0"
    ],
    "ultima_modificacion": "2025-08-01 01:01:30.982018"
  },
  "af1acf747963414a0": {
    "app_sintetizada": "AF1ACF747963414A0",
    "cantidad_archivos": 1,
    "archivos_fuente": [
      "Library/Application Support/Google/Chrome/Default/Service Worker/CacheStorage/d1394a4c842f7861ad7ae5e20da4b484a0c4acad/a5a18824-56f6-4f5f-abb6-64683cbd37bb/af1acf747963414a_0"
    ],
    "ultima_modificacion": "2025-08-01 01:01:30.982190"
  },
  "d9bcbc8ecc2046f70": {
    "app_sintetizada": "D9BCBC8ECC2046F70",
    "cantidad_archivos": 1,
    "archivos_fuente": [
      "Library/Application Support/Google/Chrome/Default/Service Worker/CacheStorage/d1394a4c842f7861ad7ae5e20da4b484a0c4acad/a5a18824-56f6-4f5f-abb6-64683cbd37bb/d9bcbc8ecc2046f7_0"
    ],
    "ultima_modificacion": "2025-08-01 01:01:30.982365"
  },
  "2e8bcef51b64f4120": {
    "app_sintetizada": "2E8BCEF51B64F4120",
    "cantidad_archivos": 1,
    "archivos_fuente": [
      "Library/Application Support/Google/Chrome/Default/Service Worker/CacheStorage/d1394a4c842f7861ad7ae5e20da4b484a0c4acad/a5a18824-56f6-4f5f-abb6-64683cbd37bb/2e8bcef51b64f412_0"
    ],
    "ultima_modificacion": "2025-08-01 01:01:30.982550"
  },
  "284be746f44192cd0": {
    "app_sintetizada": "284BE746F44192CD0",
    "cantidad_archivos": 1,
    "archivos_fuente": [
      "Library/Application Support/Google/Chrome/Default/Service Worker/CacheStorage/d1394a4c842f7861ad7ae5e20da4b484a0c4acad/a5a18824-56f6-4f5f-abb6-64683cbd37bb/284be746f44192cd_0"
    ],
    "ultima_modificacion": "2025-08-01 01:01:30.982749"
  },
  "9559fe5a7cedd4460": {
    "app_sintetizada": "9559FE5A7CEDD4460",
    "cantidad_archivos": 1,
    "archivos_fuente": [
      "Library/Application Support/Google/Chrome/Default/Service Worker/CacheStorage/d1394a4c842f7861ad7ae5e20da4b484a0c4acad/a5a18824-56f6-4f5f-abb6-64683cbd37bb/9559fe5a7cedd446_0"
    ],
    "ultima_modificacion": "2025-08-01 01:01:30.982942"
  },
  "65f69c74efec33490": {
    "app_sintetizada": "65F69C74EFEC33490",
    "cantidad_archivos": 1,
    "archivos_fuente": [
      "Library/Application Support/Google/Chrome/Default/Service Worker/CacheStorage/d1394a4c842f7861ad7ae5e20da4b484a0c4acad/a5a18824-56f6-4f5f-abb6-64683cbd37bb/65f69c74efec3349_0"
    ],
    "ultima_modificacion": "2025-08-01 01:01:30.983128"
  },
  "d41531d6779089ae0": {
    "app_sintetizada": "D41531D6779089AE0",
    "cantidad_archivos": 1,
    "archivos_fuente": [
      "Library/Application Support/Google/Chrome/Default/Service Worker/CacheStorage/d1394a4c842f7861ad7ae5e20da4b484a0c4acad/a5a18824-56f6-4f5f-abb6-64683cbd37bb/d41531d6779089ae_0"
    ],
    "ultima_modificacion": "2025-08-01 01:01:30.983329"
  },
  "20ddc55c139edded0": {
    "app_sintetizada": "20DDC55C139EDDED0",
    "cantidad_archivos": 1,
    "archivos_fuente": [
      "Library/Application Support/Google/Chrome/Default/Service Worker/CacheStorage/d1394a4c842f7861ad7ae5e20da4b484a0c4acad/a5a18824-56f6-4f5f-abb6-64683cbd37bb/20ddc55c139edded_0"
    ],
    "ultima_modificacion": "2025-08-01 01:01:30.983524"
  },
  "afb98059a84f2eec0": {
    "app_sintetizada": "AFB98059A84F2EEC0",
    "cantidad_archivos": 1,
    "archivos_fuente": [
      "Library/Application Support/Google/Chrome/Default/Service Worker/CacheStorage/d1394a4c842f7861ad7ae5e20da4b484a0c4acad/a5a18824-56f6-4f5f-abb6-64683cbd37bb/afb98059a84f2eec_0"
    ],
    "ultima_modificacion": "2025-08-01 01:01:30.983728"
  },
  "f54bc61341c9488e0": {
    "app_sintetizada": "F54BC61341C9488E0",
    "cantidad_archivos": 1,
    "archivos_fuente": [
      "Library/Application Support/Google/Chrome/Default/Service Worker/CacheStorage/d1394a4c842f7861ad7ae5e20da4b484a0c4acad/a5a18824-56f6-4f5f-abb6-64683cbd37bb/f54bc61341c9488e_0"
    ],
    "ultima_modificacion": "2025-08-01 01:01:30.983966"
  },
  "bd7a6d674b53c3460": {
    "app_sintetizada": "BD7A6D674B53C3460",
    "cantidad_archivos": 1,
    "archivos_fuente": [
      "Library/Application Support/Google/Chrome/Default/Service Worker/CacheStorage/d1394a4c842f7861ad7ae5e20da4b484a0c4acad/a5a18824-56f6-4f5f-abb6-64683cbd37bb/bd7a6d674b53c346_0"
    ],
    "ultima_modificacion": "2025-08-01 01:01:30.984261"
  },
  "a7141c1110235cc20": {
    "app_sintetizada": "A7141C1110235CC20",
    "cantidad_archivos": 1,
    "archivos_fuente": [
      "Library/Application Support/Google/Chrome/Default/Service Worker/CacheStorage/d1394a4c842f7861ad7ae5e20da4b484a0c4acad/a5a18824-56f6-4f5f-abb6-64683cbd37bb/a7141c1110235cc2_0"
    ],
    "ultima_modificacion": "2025-08-01 01:01:30.984573"
  },
  "7f178f64e6b42df60": {
    "app_sintetizada": "7F178F64E6B42DF60",
    "cantidad_archivos": 1,
    "archivos_fuente": [
      "Library/Application Support/Google/Chrome/Default/Service Worker/CacheStorage/d1394a4c842f7861ad7ae5e20da4b484a0c4acad/a5a18824-56f6-4f5f-abb6-64683cbd37bb/7f178f64e6b42df6_0"
    ],
    "ultima_modificacion": "2025-08-01 01:01:30.984852"
  },
  "5b81b9faba4e0a910": {
    "app_sintetizada": "5B81B9FABA4E0A910",
    "cantidad_archivos": 1,
    "archivos_fuente": [
      "Library/Application Support/Google/Chrome/Default/Service Worker/CacheStorage/d1394a4c842f7861ad7ae5e20da4b484a0c4acad/a5a18824-56f6-4f5f-abb6-64683cbd37bb/5b81b9faba4e0a91_0"
    ],
    "ultima_modificacion": "2025-08-01 01:01:30.985130"
  },
  "3e2611b5ab351a2b0": {
    "app_sintetizada": "3E2611B5AB351A2B0",
    "cantidad_archivos": 1,
    "archivos_fuente": [
      "Library/Application Support/Google/Chrome/Default/Service Worker/CacheStorage/d1394a4c842f7861ad7ae5e20da4b484a0c4acad/a5a18824-56f6-4f5f-abb6-64683cbd37bb/3e2611b5ab351a2b_0"
    ],
    "ultima_modificacion": "2025-08-01 01:01:30.985359"
  },
  "6fbbd17ceb9009ac0": {
    "app_sintetizada": "6FBBD17CEB9009AC0",
    "cantidad_archivos": 1,
    "archivos_fuente": [
      "Library/Application Support/Google/Chrome/Default/Service Worker/CacheStorage/d1394a4c842f7861ad7ae5e20da4b484a0c4acad/a5a18824-56f6-4f5f-abb6-64683cbd37bb/6fbbd17ceb9009ac_0"
    ],
    "ultima_modificacion": "2025-08-01 01:01:30.985653"
  },
  "65740cb59e69fdca0": {
    "app_sintetizada": "65740CB59E69FDCA0",
    "cantidad_archivos": 1,
    "archivos_fuente": [
      "Library/Application Support/Google/Chrome/Default/Service Worker/CacheStorage/d1394a4c842f7861ad7ae5e20da4b484a0c4acad/a5a18824-56f6-4f5f-abb6-64683cbd37bb/65740cb59e69fdca_0"
    ],
    "ultima_modificacion": "2025-08-01 01:01:30.985952"
  },
  "aefaa371586594890": {
    "app_sintetizada": "AEFAA371586594890",
    "cantidad_archivos": 1,
    "archivos_fuente": [
      "Library/Application Support/Google/Chrome/Default/Service Worker/CacheStorage/d1394a4c842f7861ad7ae5e20da4b484a0c4acad/a5a18824-56f6-4f5f-abb6-64683cbd37bb/aefaa37158659489_0"
    ],
    "ultima_modificacion": "2025-08-01 01:01:30.986247"
  },
  "634c9adee1baba8e0": {
    "app_sintetizada": "634C9ADEE1BABA8E0",
    "cantidad_archivos": 1,
    "archivos_fuente": [
      "Library/Application Support/Google/Chrome/Default/Service Worker/CacheStorage/d1394a4c842f7861ad7ae5e20da4b484a0c4acad/a5a18824-56f6-4f5f-abb6-64683cbd37bb/634c9adee1baba8e_0"
    ],
    "ultima_modificacion": "2025-08-01 01:01:30.986548"
  },
  "a9e7aa8c0aa103150": {
    "app_sintetizada": "A9E7AA8C0AA103150",
    "cantidad_archivos": 1,
    "archivos_fuente": [
      "Library/Application Support/Google/Chrome/Default/Service Worker/CacheStorage/d1394a4c842f7861ad7ae5e20da4b484a0c4acad/a5a18824-56f6-4f5f-abb6-64683cbd37bb/a9e7aa8c0aa10315_0"
    ],
    "ultima_modificacion": "2025-08-01 01:01:30.986869"
  },
  "93c09f09ca1871870": {
    "app_sintetizada": "93C09F09CA1871870",
    "cantidad_archivos": 1,
    "archivos_fuente": [
      "Library/Application Support/Google/Chrome/Default/Service Worker/CacheStorage/d1394a4c842f7861ad7ae5e20da4b484a0c4acad/a5a18824-56f6-4f5f-abb6-64683cbd37bb/93c09f09ca187187_0"
    ],
    "ultima_modificacion": "2025-08-01 01:01:30.987161"
  },
  "f896cd8cfba71b8e0": {
    "app_sintetizada": "F896CD8CFBA71B8E0",
    "cantidad_archivos": 1,
    "archivos_fuente": [
      "Library/Application Support/Google/Chrome/Default/Service Worker/CacheStorage/d1394a4c842f7861ad7ae5e20da4b484a0c4acad/a5a18824-56f6-4f5f-abb6-64683cbd37bb/f896cd8cfba71b8e_0"
    ],
    "ultima_modificacion": "2025-08-01 01:01:30.987653"
  },
  "8a941dbbcd4956f70": {
    "app_sintetizada": "8A941DBBCD4956F70",
    "cantidad_archivos": 1,
    "archivos_fuente": [
      "Library/Application Support/Google/Chrome/Default/Service Worker/CacheStorage/d1394a4c842f7861ad7ae5e20da4b484a0c4acad/a5a18824-56f6-4f5f-abb6-64683cbd37bb/8a941dbbcd4956f7_0"
    ],
    "ultima_modificacion": "2025-08-01 01:01:30.987969"
  },
  "7eefc8145d6f11860": {
    "app_sintetizada": "7EEFC8145D6F11860",
    "cantidad_archivos": 1,
    "archivos_fuente": [
      "Library/Application Support/Google/Chrome/Default/Service Worker/CacheStorage/d1394a4c842f7861ad7ae5e20da4b484a0c4acad/a5a18824-56f6-4f5f-abb6-64683cbd37bb/7eefc8145d6f1186_0"
    ],
    "ultima_modificacion": "2025-08-01 01:01:30.988276"
  },
  "7dd329cb9be6a8780": {
    "app_sintetizada": "7DD329CB9BE6A8780",
    "cantidad_archivos": 1,
    "archivos_fuente": [
      "Library/Application Support/Google/Chrome/Default/Service Worker/CacheStorage/d1394a4c842f7861ad7ae5e20da4b484a0c4acad/a5a18824-56f6-4f5f-abb6-64683cbd37bb/7dd329cb9be6a878_0"
    ],
    "ultima_modificacion": "2025-08-01 01:01:30.988559"
  },
  "a4ccdb81ff7c76620": {
    "app_sintetizada": "A4CCDB81FF7C76620",
    "cantidad_archivos": 1,
    "archivos_fuente": [
      "Library/Application Support/Google/Chrome/Default/Service Worker/CacheStorage/d1394a4c842f7861ad7ae5e20da4b484a0c4acad/a5a18824-56f6-4f5f-abb6-64683cbd37bb/a4ccdb81ff7c7662_0"
    ],
    "ultima_modificacion": "2025-08-01 01:01:30.988854"
  },
  "743586d6627218f50": {
    "app_sintetizada": "743586D6627218F50",
    "cantidad_archivos": 1,
    "archivos_fuente": [
      "Library/Application Support/Google/Chrome/Default/Service Worker/CacheStorage/d1394a4c842f7861ad7ae5e20da4b484a0c4acad/a5a18824-56f6-4f5f-abb6-64683cbd37bb/743586d6627218f5_0"
    ],
    "ultima_modificacion": "2025-08-01 01:01:30.989161"
  },
  "37925761e125d6d90": {
    "app_sintetizada": "37925761E125D6D90",
    "cantidad_archivos": 1,
    "archivos_fuente": [
      "Library/Application Support/Google/Chrome/Default/Service Worker/CacheStorage/d1394a4c842f7861ad7ae5e20da4b484a0c4acad/a5a18824-56f6-4f5f-abb6-64683cbd37bb/37925761e125d6d9_0"
    ],
    "ultima_modificacion": "2025-08-01 01:01:30.989452"
  },
  "466240c24c738dfe0": {
    "app_sintetizada": "466240C24C738DFE0",
    "cantidad_archivos": 1,
    "archivos_fuente": [
      "Library/Application Support/Google/Chrome/Default/Service Worker/CacheStorage/d1394a4c842f7861ad7ae5e20da4b484a0c4acad/a5a18824-56f6-4f5f-abb6-64683cbd37bb/466240c24c738dfe_0"
    ],
    "ultima_modificacion": "2025-08-01 01:01:30.989743"
  },
  "a29097362f4f477b0": {
    "app_sintetizada": "A29097362F4F477B0",
    "cantidad_archivos": 1,
    "archivos_fuente": [
      "Library/Application Support/Google/Chrome/Default/Service Worker/CacheStorage/d1394a4c842f7861ad7ae5e20da4b484a0c4acad/a5a18824-56f6-4f5f-abb6-64683cbd37bb/a29097362f4f477b_0"
    ],
    "ultima_modificacion": "2025-08-01 01:01:30.990049"
  },
  "77e71efb693ab6260": {
    "app_sintetizada": "77E71EFB693AB6260",
    "cantidad_archivos": 1,
    "archivos_fuente": [
      "Library/Application Support/Google/Chrome/Default/Service Worker/CacheStorage/d1394a4c842f7861ad7ae5e20da4b484a0c4acad/a5a18824-56f6-4f5f-abb6-64683cbd37bb/77e71efb693ab626_0"
    ],
    "ultima_modificacion": "2025-08-01 01:01:30.990359"
  },
  "98ebf690609fb2560": {
    "app_sintetizada": "98EBF690609FB2560",
    "cantidad_archivos": 1,
    "archivos_fuente": [
      "Library/Application Support/Google/Chrome/Default/Service Worker/CacheStorage/d1394a4c842f7861ad7ae5e20da4b484a0c4acad/a5a18824-56f6-4f5f-abb6-64683cbd37bb/98ebf690609fb256_0"
    ],
    "ultima_modificacion": "2025-08-01 01:01:30.990645"
  },
  "fe956a3633d8259f0": {
    "app_sintetizada": "FE956A3633D8259F0",
    "cantidad_archivos": 1,
    "archivos_fuente": [
      "Library/Application Support/Google/Chrome/Default/Service Worker/CacheStorage/d1394a4c842f7861ad7ae5e20da4b484a0c4acad/a5a18824-56f6-4f5f-abb6-64683cbd37bb/fe956a3633d8259f_0"
    ],
    "ultima_modificacion": "2025-08-01 01:01:30.990907"
  },
  "f972e0d8e7a04e390": {
    "app_sintetizada": "F972E0D8E7A04E390",
    "cantidad_archivos": 1,
    "archivos_fuente": [
      "Library/Application Support/Google/Chrome/Default/Service Worker/CacheStorage/d1394a4c842f7861ad7ae5e20da4b484a0c4acad/a5a18824-56f6-4f5f-abb6-64683cbd37bb/f972e0d8e7a04e39_0"
    ],
    "ultima_modificacion": "2025-08-01 01:01:30.991192"
  },
  "89383bc7a910e4a90": {
    "app_sintetizada": "89383BC7A910E4A90",
    "cantidad_archivos": 1,
    "archivos_fuente": [
      "Library/Application Support/Google/Chrome/Default/Service Worker/CacheStorage/d1394a4c842f7861ad7ae5e20da4b484a0c4acad/a5a18824-56f6-4f5f-abb6-64683cbd37bb/89383bc7a910e4a9_0"
    ],
    "ultima_modificacion": "2025-08-01 01:01:30.991471"
  },
  "570d0c9f04cf1d160": {
    "app_sintetizada": "570D0C9F04CF1D160",
    "cantidad_archivos": 1,
    "archivos_fuente": [
      "Library/Application Support/Google/Chrome/Default/Service Worker/CacheStorage/d1394a4c842f7861ad7ae5e20da4b484a0c4acad/a5a18824-56f6-4f5f-abb6-64683cbd37bb/570d0c9f04cf1d16_0"
    ],
    "ultima_modificacion": "2025-08-01 01:01:30.991784"
  },
  "a6a36bb01687e54d0": {
    "app_sintetizada": "A6A36BB01687E54D0",
    "cantidad_archivos": 1,
    "archivos_fuente": [
      "Library/Application Support/Google/Chrome/Default/Service Worker/CacheStorage/d1394a4c842f7861ad7ae5e20da4b484a0c4acad/a5a18824-56f6-4f5f-abb6-64683cbd37bb/a6a36bb01687e54d_0"
    ],
    "ultima_modificacion": "2025-08-01 01:01:30.992096"
  },
  "432f5c55e0871d050": {
    "app_sintetizada": "432F5C55E0871D050",
    "cantidad_archivos": 1,
    "archivos_fuente": [
      "Library/Application Support/Google/Chrome/Default/Service Worker/CacheStorage/d1394a4c842f7861ad7ae5e20da4b484a0c4acad/a5a18824-56f6-4f5f-abb6-64683cbd37bb/432f5c55e0871d05_0"
    ],
    "ultima_modificacion": "2025-08-01 01:01:30.992409"
  },
  "56279efa9aa33d130": {
    "app_sintetizada": "56279EFA9AA33D130",
    "cantidad_archivos": 1,
    "archivos_fuente": [
      "Library/Application Support/Google/Chrome/Default/Service Worker/CacheStorage/d1394a4c842f7861ad7ae5e20da4b484a0c4acad/a5a18824-56f6-4f5f-abb6-64683cbd37bb/56279efa9aa33d13_0"
    ],
    "ultima_modificacion": "2025-08-01 01:01:30.992722"
  },
  "388105a0938b977f0": {
    "app_sintetizada": "388105A0938B977F0",
    "cantidad_archivos": 1,
    "archivos_fuente": [
      "Library/Application Support/Google/Chrome/Default/Service Worker/CacheStorage/d1394a4c842f7861ad7ae5e20da4b484a0c4acad/a5a18824-56f6-4f5f-abb6-64683cbd37bb/388105a0938b977f_0"
    ],
    "ultima_modificacion": "2025-08-01 01:01:30.993070"
  },
  "9d3f4aa5b7aa61b10": {
    "app_sintetizada": "9D3F4AA5B7AA61B10",
    "cantidad_archivos": 1,
    "archivos_fuente": [
      "Library/Application Support/Google/Chrome/Default/Service Worker/CacheStorage/d1394a4c842f7861ad7ae5e20da4b484a0c4acad/a5a18824-56f6-4f5f-abb6-64683cbd37bb/9d3f4aa5b7aa61b1_0"
    ],
    "ultima_modificacion": "2025-08-01 01:01:30.993390"
  },
  "419428cae8a1f3430": {
    "app_sintetizada": "419428CAE8A1F3430",
    "cantidad_archivos": 1,
    "archivos_fuente": [
      "Library/Application Support/Google/Chrome/Default/Service Worker/CacheStorage/d1394a4c842f7861ad7ae5e20da4b484a0c4acad/a5a18824-56f6-4f5f-abb6-64683cbd37bb/419428cae8a1f343_0"
    ],
    "ultima_modificacion": "2025-08-01 01:01:30.993731"
  },
  "e337127a5d3df42a0": {
    "app_sintetizada": "E337127A5D3DF42A0",
    "cantidad_archivos": 1,
    "archivos_fuente": [
      "Library/Application Support/Google/Chrome/Default/Service Worker/CacheStorage/d1394a4c842f7861ad7ae5e20da4b484a0c4acad/a5a18824-56f6-4f5f-abb6-64683cbd37bb/e337127a5d3df42a_0"
    ],
    "ultima_modificacion": "2025-08-01 01:01:30.994054"
  }
}