{
  "d39b6b41dc734c40a44047337b3227681105c.jpeg": {
    "app_sintetizada": "D39B6B41DC734C40A44047337B3227681105C.JPEG",
    "cantidad_archivos": 1,
    "archivos_fuente": [
      "Pictures/Fototeca de Fotos.photoslibrary/resources/derivatives/D/D39B6B41-DC73-4C40-A440-47337B322768_1_105_c.jpeg"
    ],
    "ultima_modificacion": "2025-08-01 01:01:21.969912"
  },
  "d7582bba97ec47a492d5b9cb31da355c1105c.jpeg": {
    "app_sintetizada": "D7582BBA97EC47A492D5B9CB31DA355C1105C.JPEG",
    "cantidad_archivos": 1,
    "archivos_fuente": [
      "Pictures/Fototeca de Fotos.photoslibrary/resources/derivatives/D/D7582BBA-97EC-47A4-92D5-B9CB31DA355C_1_105_c.jpeg"
    ],
    "ultima_modificacion": "2025-08-01 01:01:21.970680"
  },
  "d21438182e1e4e59a59e75bcc46a65c31105c.jpeg": {
    "app_sintetizada": "D21438182E1E4E59A59E75BCC46A65C31105C.JPEG",
    "cantidad_archivos": 1,
    "archivos_fuente": [
      "Pictures/Fototeca de Fotos.photoslibrary/resources/derivatives/D/D2143818-2E1E-4E59-A59E-75BCC46A65C3_1_105_c.jpeg"
    ],
    "ultima_modificacion": "2025-08-01 01:01:21.971026"
  },
  "dc1f3e88b15d498885e71a26c24f8f6e.thm": {
    "app_sintetizada": "DC1F3E88B15D498885E71A26C24F8F6E.THM",
    "cantidad_archivos": 1,
    "archivos_fuente": [
      "Pictures/Fototeca de Fotos.photoslibrary/resources/derivatives/D/DC1F3E88-B15D-4988-85E7-1A26C24F8F6E.THM"
    ],
    "ultima_modificacion": "2025-08-01 01:01:21.971421"
  },
  "d875ffe11a01426583542b2e5c92b1931105c.jpeg": {
    "app_sintetizada": "D875FFE11A01426583542B2E5C92B1931105C.JPEG",
    "cantidad_archivos": 1,
    "archivos_fuente": [
      "Pictures/Fototeca de Fotos.photoslibrary/resources/derivatives/D/D875FFE1-1A01-4265-8354-2B2E5C92B193_1_105_c.jpeg"
    ],
    "ultima_modificacion": "2025-08-01 01:01:21.972160"
  },
  "dd4170d77c374179b9c3ebf30cf8b0bf1105c.jpeg": {
    "app_sintetizada": "DD4170D77C374179B9C3EBF30CF8B0BF1105C.JPEG",
    "cantidad_archivos": 1,
    "archivos_fuente": [
      "Pictures/Fototeca de Fotos.photoslibrary/resources/derivatives/D/DD4170D7-7C37-4179-B9C3-EBF30CF8B0BF_1_105_c.jpeg"
    ],
    "ultima_modificacion": "2025-08-01 01:01:21.972434"
  },
  "da51ff8a8eba44dca3cee50dd8a38da51105c.jpeg": {
    "app_sintetizada": "DA51FF8A8EBA44DCA3CEE50DD8A38DA51105C.JPEG",
    "cantidad_archivos": 1,
    "archivos_fuente": [
      "Pictures/Fototeca de Fotos.photoslibrary/resources/derivatives/D/DA51FF8A-8EBA-44DC-A3CE-E50DD8A38DA5_1_105_c.jpeg"
    ],
    "ultima_modificacion": "2025-08-01 01:01:21.972676"
  },
  "d3818923cdb2473b87e0b8412b1baaa91105c.jpeg": {
    "app_sintetizada": "D3818923CDB2473B87E0B8412B1BAAA91105C.JPEG",
    "cantidad_archivos": 1,
    "archivos_fuente": [
      "Pictures/Fototeca de Fotos.photoslibrary/resources/derivatives/D/D3818923-CDB2-473B-87E0-B8412B1BAAA9_1_105_c.jpeg"
    ],
    "ultima_modificacion": "2025-08-01 01:01:21.973009"
  },
  "de99cb6422cb4b5e89b7d667815d9235.thm": {
    "app_sintetizada": "DE99CB6422CB4B5E89B7D667815D9235.THM",
    "cantidad_archivos": 1,
    "archivos_fuente": [
      "Pictures/Fototeca de Fotos.photoslibrary/resources/derivatives/D/DE99CB64-22CB-4B5E-89B7-D667815D9235.THM"
    ],
    "ultima_modificacion": "2025-08-01 01:01:21.973361"
  },
  "dc4fd870394f4d64941742f8d9530e121105c.jpeg": {
    "app_sintetizada": "DC4FD870394F4D64941742F8D9530E121105C.JPEG",
    "cantidad_archivos": 1,
    "archivos_fuente": [
      "Pictures/Fototeca de Fotos.photoslibrary/resources/derivatives/D/DC4FD870-394F-4D64-9417-42F8D9530E12_1_105_c.jpeg"
    ],
    "ultima_modificacion": "2025-08-01 01:01:21.973639"
  },
  "d208d2e341db435aaa54e2be6455d30e1105c.jpeg": {
    "app_sintetizada": "D208D2E341DB435AAA54E2BE6455D30E1105C.JPEG",
    "cantidad_archivos": 1,
    "archivos_fuente": [
      "Pictures/Fototeca de Fotos.photoslibrary/resources/derivatives/D/D208D2E3-41DB-435A-AA54-E2BE6455D30E_1_105_c.jpeg"
    ],
    "ultima_modificacion": "2025-08-01 01:01:21.973892"
  },
  "deb7e68de40e4dd383802c8408b1caf61105c.jpeg": {
    "app_sintetizada": "DEB7E68DE40E4DD383802C8408B1CAF61105C.JPEG",
    "cantidad_archivos": 1,
    "archivos_fuente": [
      "Pictures/Fototeca de Fotos.photoslibrary/resources/derivatives/D/DEB7E68D-E40E-4DD3-8380-2C8408B1CAF6_1_105_c.jpeg"
    ],
    "ultima_modificacion": "2025-08-01 01:01:21.974246"
  },
  "dd80fb81f8d0402e8dea56f142f241c71105c.jpeg": {
    "app_sintetizada": "DD80FB81F8D0402E8DEA56F142F241C71105C.JPEG",
    "cantidad_archivos": 1,
    "archivos_fuente": [
      "Pictures/Fototeca de Fotos.photoslibrary/resources/derivatives/D/DD80FB81-F8D0-402E-8DEA-56F142F241C7_1_105_c.jpeg"
    ],
    "ultima_modificacion": "2025-08-01 01:01:21.974492"
  },
  "dc860344e90443e9bff4ed0828d7dbed1105c.jpeg": {
    "app_sintetizada": "DC860344E90443E9BFF4ED0828D7DBED1105C.JPEG",
    "cantidad_archivos": 1,
    "archivos_fuente": [
      "Pictures/Fototeca de Fotos.photoslibrary/resources/derivatives/D/DC860344-E904-43E9-BFF4-ED0828D7DBED_1_105_c.jpeg"
    ],
    "ultima_modificacion": "2025-08-01 01:01:21.974745"
  },
  "d97d727952c2408ea9dcffdc0bd9c2da1105c.jpeg": {
    "app_sintetizada": "D97D727952C2408EA9DCFFDC0BD9C2DA1105C.JPEG",
    "cantidad_archivos": 1,
    "archivos_fuente": [
      "Pictures/Fototeca de Fotos.photoslibrary/resources/derivatives/D/D97D7279-52C2-408E-A9DC-FFDC0BD9C2DA_1_105_c.jpeg"
    ],
    "ultima_modificacion": "2025-08-01 01:01:21.974996"
  },
  "de69bb1fb3274b76b8a884f58e7b84741105c.jpeg": {
    "app_sintetizada": "DE69BB1FB3274B76B8A884F58E7B84741105C.JPEG",
    "cantidad_archivos": 1,
    "archivos_fuente": [
      "Pictures/Fototeca de Fotos.photoslibrary/resources/derivatives/D/DE69BB1F-B327-4B76-B8A8-84F58E7B8474_1_105_c.jpeg"
    ],
    "ultima_modificacion": "2025-08-01 01:01:21.975251"
  },
  "d0684e6a6efe4bcc8fd63e063c9cea6f1105c.jpeg": {
    "app_sintetizada": "D0684E6A6EFE4BCC8FD63E063C9CEA6F1105C.JPEG",
    "cantidad_archivos": 1,
    "archivos_fuente": [
      "Pictures/Fototeca de Fotos.photoslibrary/resources/derivatives/D/D0684E6A-6EFE-4BCC-8FD6-3E063C9CEA6F_1_105_c.jpeg"
    ],
    "ultima_modificacion": "2025-08-01 01:01:21.975551"
  },
  "d3c5208095394b36aa24ea56ec78842e1105c.jpeg": {
    "app_sintetizada": "D3C5208095394B36AA24EA56EC78842E1105C.JPEG",
    "cantidad_archivos": 1,
    "archivos_fuente": [
      "Pictures/Fototeca de Fotos.photoslibrary/resources/derivatives/D/D3C52080-9539-4B36-AA24-EA56EC78842E_1_105_c.jpeg"
    ],
    "ultima_modificacion": "2025-08-01 01:01:21.975828"
  },
  "d8e033d7bd5e42c892f264fe66d0666c1105c.jpeg": {
    "app_sintetizada": "D8E033D7BD5E42C892F264FE66D0666C1105C.JPEG",
    "cantidad_archivos": 1,
    "archivos_fuente": [
      "Pictures/Fototeca de Fotos.photoslibrary/resources/derivatives/D/D8E033D7-BD5E-42C8-92F2-64FE66D0666C_1_105_c.jpeg"
    ],
    "ultima_modificacion": "2025-08-01 01:01:21.976113"
  },
  "d2c7bbf677de4addabff1e9b89ef8f4d1105c.jpeg": {
    "app_sintetizada": "D2C7BBF677DE4ADDABFF1E9B89EF8F4D1105C.JPEG",
    "cantidad_archivos": 1,
    "archivos_fuente": [
      "Pictures/Fototeca de Fotos.photoslibrary/resources/derivatives/D/D2C7BBF6-77DE-4ADD-ABFF-1E9B89EF8F4D_1_105_c.jpeg"
    ],
    "ultima_modificacion": "2025-08-01 01:01:21.976367"
  },
  "df831671c49f4c53b1836bc6fe328dfa1105c.jpeg": {
    "app_sintetizada": "DF831671C49F4C53B1836BC6FE328DFA1105C.JPEG",
    "cantidad_archivos": 1,
    "archivos_fuente": [
      "Pictures/Fototeca de Fotos.photoslibrary/resources/derivatives/D/DF831671-C49F-4C53-B183-6BC6FE328DFA_1_105_c.jpeg"
    ],
    "ultima_modificacion": "2025-08-01 01:01:21.976607"
  },
  "dd76381b56594b51b6ff0d4d1b0b1a5e1105c.jpeg": {
    "app_sintetizada": "DD76381B56594B51B6FF0D4D1B0B1A5E1105C.JPEG",
    "cantidad_archivos": 1,
    "archivos_fuente": [
      "Pictures/Fototeca de Fotos.photoslibrary/resources/derivatives/D/DD76381B-5659-4B51-B6FF-0D4D1B0B1A5E_1_105_c.jpeg"
    ],
    "ultima_modificacion": "2025-08-01 01:01:21.976896"
  },
  "d98ee06832b04c92a775a75faccb1fd71105c.jpeg": {
    "app_sintetizada": "D98EE06832B04C92A775A75FACCB1FD71105C.JPEG",
    "cantidad_archivos": 1,
    "archivos_fuente": [
      "Pictures/Fototeca de Fotos.photoslibrary/resources/derivatives/D/D98EE068-32B0-4C92-A775-A75FACCB1FD7_1_105_c.jpeg"
    ],
    "ultima_modificacion": "2025-08-01 01:01:21.977132"
  },
  "d650daeb7e894b138e90a61b08adb72f1105c.jpeg": {
    "app_sintetizada": "D650DAEB7E894B138E90A61B08ADB72F1105C.JPEG",
    "cantidad_archivos": 1,
    "archivos_fuente": [
      "Pictures/Fototeca de Fotos.photoslibrary/resources/derivatives/D/D650DAEB-7E89-4B13-8E90-A61B08ADB72F_1_105_c.jpeg"
    ],
    "ultima_modificacion": "2025-08-01 01:01:21.977534"
  },
  "df563a8c81994e40a3e45148e3c239761105c.jpeg": {
    "app_sintetizada": "DF563A8C81994E40A3E45148E3C239761105C.JPEG",
    "cantidad_archivos": 1,
    "archivos_fuente": [
      "Pictures/Fototeca de Fotos.photoslibrary/resources/derivatives/D/DF563A8C-8199-4E40-A3E4-5148E3C23976_1_105_c.jpeg"
    ],
    "ultima_modificacion": "2025-08-01 01:01:21.977975"
  },
  "db6aeb50dfdd4e208fceea0188938b361105c.jpeg": {
    "app_sintetizada": "DB6AEB50DFDD4E208FCEEA0188938B361105C.JPEG",
    "cantidad_archivos": 1,
    "archivos_fuente": [
      "Pictures/Fototeca de Fotos.photoslibrary/resources/derivatives/D/DB6AEB50-DFDD-4E20-8FCE-EA0188938B36_1_105_c.jpeg"
    ],
    "ultima_modificacion": "2025-08-01 01:01:21.978561"
  },
  "deeec9f9d5e54dcebfbc8197ff94aa4d1105c.jpeg": {
    "app_sintetizada": "DEEEC9F9D5E54DCEBFBC8197FF94AA4D1105C.JPEG",
    "cantidad_archivos": 1,
    "archivos_fuente": [
      "Pictures/Fototeca de Fotos.photoslibrary/resources/derivatives/D/DEEEC9F9-D5E5-4DCE-BFBC-8197FF94AA4D_1_105_c.jpeg"
    ],
    "ultima_modificacion": "2025-08-01 01:01:21.978842"
  },
  "dde091b19fc540828d2d2ceaf29049411105c.jpeg": {
    "app_sintetizada": "DDE091B19FC540828D2D2CEAF29049411105C.JPEG",
    "cantidad_archivos": 1,
    "archivos_fuente": [
      "Pictures/Fototeca de Fotos.photoslibrary/resources/derivatives/D/DDE091B1-9FC5-4082-8D2D-2CEAF2904941_1_105_c.jpeg"
    ],
    "ultima_modificacion": "2025-08-01 01:01:21.979478"
  },
  "dca2950b9f86400b9d660d11c0ca95ce1105c.jpeg": {
    "app_sintetizada": "DCA2950B9F86400B9D660D11C0CA95CE1105C.JPEG",
    "cantidad_archivos": 1,
    "archivos_fuente": [
      "Pictures/Fototeca de Fotos.photoslibrary/resources/derivatives/D/DCA2950B-9F86-400B-9D66-0D11C0CA95CE_1_105_c.jpeg"
    ],
    "ultima_modificacion": "2025-08-01 01:01:21.979877"
  },
  "d3a43b51ae794ab0a0401ebeb6ce2c65.thm": {
    "app_sintetizada": "D3A43B51AE794AB0A0401EBEB6CE2C65.THM",
    "cantidad_archivos": 1,
    "archivos_fuente": [
      "Pictures/Fototeca de Fotos.photoslibrary/resources/derivatives/D/D3A43B51-AE79-4AB0-A040-1EBEB6CE2C65.THM"
    ],
    "ultima_modificacion": "2025-08-01 01:01:21.980141"
  },
  "dbed47787a4c400894df049b9c74fd1f1105c.jpeg": {
    "app_sintetizada": "DBED47787A4C400894DF049B9C74FD1F1105C.JPEG",
    "cantidad_archivos": 1,
    "archivos_fuente": [
      "Pictures/Fototeca de Fotos.photoslibrary/resources/derivatives/D/DBED4778-7A4C-4008-94DF-049B9C74FD1F_1_105_c.jpeg"
    ],
    "ultima_modificacion": "2025-08-01 01:01:21.980401"
  },
  "d85cc81f823e4d6daefa86b20505a80d.thm": {
    "app_sintetizada": "D85CC81F823E4D6DAEFA86B20505A80D.THM",
    "cantidad_archivos": 1,
    "archivos_fuente": [
      "Pictures/Fototeca de Fotos.photoslibrary/resources/derivatives/D/D85CC81F-823E-4D6D-AEFA-86B20505A80D.THM"
    ],
    "ultima_modificacion": "2025-08-01 01:01:21.980738"
  },
  "d79e1530f9814f029dc64a3571c025001105c.jpeg": {
    "app_sintetizada": "D79E1530F9814F029DC64A3571C025001105C.JPEG",
    "cantidad_archivos": 1,
    "archivos_fuente": [
      "Pictures/Fototeca de Fotos.photoslibrary/resources/derivatives/D/D79E1530-F981-4F02-9DC6-4A3571C02500_1_105_c.jpeg"
    ],
    "ultima_modificacion": "2025-08-01 01:01:21.981000"
  },
  "dcadf7ecd79a4f0c95929cac85ba7bca.thm": {
    "app_sintetizada": "DCADF7ECD79A4F0C95929CAC85BA7BCA.THM",
    "cantidad_archivos": 1,
    "archivos_fuente": [
      "Pictures/Fototeca de Fotos.photoslibrary/resources/derivatives/D/DCADF7EC-D79A-4F0C-9592-9CAC85BA7BCA.THM"
    ],
    "ultima_modificacion": "2025-08-01 01:01:21.981383"
  },
  "dfc58396949947f484b3f1afdc84d2c71105c.jpeg": {
    "app_sintetizada": "DFC58396949947F484B3F1AFDC84D2C71105C.JPEG",
    "cantidad_archivos": 1,
    "archivos_fuente": [
      "Pictures/Fototeca de Fotos.photoslibrary/resources/derivatives/D/DFC58396-9499-47F4-84B3-F1AFDC84D2C7_1_105_c.jpeg"
    ],
    "ultima_modificacion": "2025-08-01 01:01:21.981699"
  },
  "d46338eba46945428321c1c736809ac2.thm": {
    "app_sintetizada": "D46338EBA46945428321C1C736809AC2.THM",
    "cantidad_archivos": 1,
    "archivos_fuente": [
      "Pictures/Fototeca de Fotos.photoslibrary/resources/derivatives/D/D46338EB-A469-4542-8321-C1C736809AC2.THM"
    ],
    "ultima_modificacion": "2025-08-01 01:01:21.982049"
  },
  "dfca93d0c56c433088c7643fdc03ecbc.thm": {
    "app_sintetizada": "DFCA93D0C56C433088C7643FDC03ECBC.THM",
    "cantidad_archivos": 1,
    "archivos_fuente": [
      "Pictures/Fototeca de Fotos.photoslibrary/resources/derivatives/D/DFCA93D0-C56C-4330-88C7-643FDC03ECBC.THM"
    ],
    "ultima_modificacion": "2025-08-01 01:01:21.982366"
  },
  "d3e42fb59390491abae71edeb87fae0f1105c.jpeg": {
    "app_sintetizada": "D3E42FB59390491ABAE71EDEB87FAE0F1105C.JPEG",
    "cantidad_archivos": 1,
    "archivos_fuente": [
      "Pictures/Fototeca de Fotos.photoslibrary/resources/derivatives/D/D3E42FB5-9390-491A-BAE7-1EDEB87FAE0F_1_105_c.jpeg"
    ],
    "ultima_modificacion": "2025-08-01 01:01:21.982686"
  },
  "d183d0e736b640e38e81138c5ea0bdc41105c.jpeg": {
    "app_sintetizada": "D183D0E736B640E38E81138C5EA0BDC41105C.JPEG",
    "cantidad_archivos": 1,
    "archivos_fuente": [
      "Pictures/Fototeca de Fotos.photoslibrary/resources/derivatives/D/D183D0E7-36B6-40E3-8E81-138C5EA0BDC4_1_105_c.jpeg"
    ],
    "ultima_modificacion": "2025-08-01 01:01:21.982950"
  },
  "df35c17d3df14e45a1b973768f3b3e8c1105c.jpeg": {
    "app_sintetizada": "DF35C17D3DF14E45A1B973768F3B3E8C1105C.JPEG",
    "cantidad_archivos": 1,
    "archivos_fuente": [
      "Pictures/Fototeca de Fotos.photoslibrary/resources/derivatives/D/DF35C17D-3DF1-4E45-A1B9-73768F3B3E8C_1_105_c.jpeg"
    ],
    "ultima_modificacion": "2025-08-01 01:01:21.983175"
  },
  "d00e26dbebae4453bd9329af4aa315291105c.jpeg": {
    "app_sintetizada": "D00E26DBEBAE4453BD9329AF4AA315291105C.JPEG",
    "cantidad_archivos": 1,
    "archivos_fuente": [
      "Pictures/Fototeca de Fotos.photoslibrary/resources/derivatives/D/D00E26DB-EBAE-4453-BD93-29AF4AA31529_1_105_c.jpeg"
    ],
    "ultima_modificacion": "2025-08-01 01:01:21.983461"
  },
  "d5803f549daf47ddaee37ef181b56b6c1105c.jpeg": {
    "app_sintetizada": "D5803F549DAF47DDAEE37EF181B56B6C1105C.JPEG",
    "cantidad_archivos": 1,
    "archivos_fuente": [
      "Pictures/Fototeca de Fotos.photoslibrary/resources/derivatives/D/D5803F54-9DAF-47DD-AEE3-7EF181B56B6C_1_105_c.jpeg"
    ],
    "ultima_modificacion": "2025-08-01 01:01:21.983787"
  },
  "d46bb1c219a94855a94cecbc824427f71105c.jpeg": {
    "app_sintetizada": "D46BB1C219A94855A94CECBC824427F71105C.JPEG",
    "cantidad_archivos": 1,
    "archivos_fuente": [
      "Pictures/Fototeca de Fotos.photoslibrary/resources/derivatives/D/D46BB1C2-19A9-4855-A94C-ECBC824427F7_1_105_c.jpeg"
    ],
    "ultima_modificacion": "2025-08-01 01:01:21.984103"
  },
  "db96e0116f7941d89ae996abe37e6bca1105c.jpeg": {
    "app_sintetizada": "DB96E0116F7941D89AE996ABE37E6BCA1105C.JPEG",
    "cantidad_archivos": 1,
    "archivos_fuente": [
      "Pictures/Fototeca de Fotos.photoslibrary/resources/derivatives/D/DB96E011-6F79-41D8-9AE9-96ABE37E6BCA_1_105_c.jpeg"
    ],
    "ultima_modificacion": "2025-08-01 01:01:21.984354"
  },
  "dfe724bbaa9b4d989cfb62bf4a6c1b731105c.jpeg": {
    "app_sintetizada": "DFE724BBAA9B4D989CFB62BF4A6C1B731105C.JPEG",
    "cantidad_archivos": 1,
    "archivos_fuente": [
      "Pictures/Fototeca de Fotos.photoslibrary/resources/derivatives/D/DFE724BB-AA9B-4D98-9CFB-62BF4A6C1B73_1_105_c.jpeg"
    ],
    "ultima_modificacion": "2025-08-01 01:01:21.984686"
  },
  "d195ef3ca1a3418d89c4a3d1ee764d701105c.jpeg": {
    "app_sintetizada": "D195EF3CA1A3418D89C4A3D1EE764D701105C.JPEG",
    "cantidad_archivos": 1,
    "archivos_fuente": [
      "Pictures/Fototeca de Fotos.photoslibrary/resources/derivatives/D/D195EF3C-A1A3-418D-89C4-A3D1EE764D70_1_105_c.jpeg"
    ],
    "ultima_modificacion": "2025-08-01 01:01:21.984929"
  },
  "d96d8f3b9ef04a61ad1be38528c219591105c.jpeg": {
    "app_sintetizada": "D96D8F3B9EF04A61AD1BE38528C219591105C.JPEG",
    "cantidad_archivos": 1,
    "archivos_fuente": [
      "Pictures/Fototeca de Fotos.photoslibrary/resources/derivatives/D/D96D8F3B-9EF0-4A61-AD1B-E38528C21959_1_105_c.jpeg"
    ],
    "ultima_modificacion": "2025-08-01 01:01:21.985209"
  },
  "d2dd62827d7f4faf952b3d86bec67efe1105c.jpeg": {
    "app_sintetizada": "D2DD62827D7F4FAF952B3D86BEC67EFE1105C.JPEG",
    "cantidad_archivos": 1,
    "archivos_fuente": [
      "Pictures/Fototeca de Fotos.photoslibrary/resources/derivatives/D/D2DD6282-7D7F-4FAF-952B-3D86BEC67EFE_1_105_c.jpeg"
    ],
    "ultima_modificacion": "2025-08-01 01:01:21.985447"
  },
  "d947fa74da32485da0c8501bfb9120531105c.jpeg": {
    "app_sintetizada": "D947FA74DA32485DA0C8501BFB9120531105C.JPEG",
    "cantidad_archivos": 1,
    "archivos_fuente": [
      "Pictures/Fototeca de Fotos.photoslibrary/resources/derivatives/D/D947FA74-DA32-485D-A0C8-501BFB912053_1_105_c.jpeg"
    ],
    "ultima_modificacion": "2025-08-01 01:01:21.985682"
  },
  "d824451977e84158bb22f8182fe962721105c.jpeg": {
    "app_sintetizada": "D824451977E84158BB22F8182FE962721105C.JPEG",
    "cantidad_archivos": 1,
    "archivos_fuente": [
      "Pictures/Fototeca de Fotos.photoslibrary/resources/derivatives/D/D8244519-77E8-4158-BB22-F8182FE96272_1_105_c.jpeg"
    ],
    "ultima_modificacion": "2025-08-01 01:01:21.985925"
  },
  "d5a609727fc547188b07953b49221e661105c.jpeg": {
    "app_sintetizada": "D5A609727FC547188B07953B49221E661105C.JPEG",
    "cantidad_archivos": 1,
    "archivos_fuente": [
      "Pictures/Fototeca de Fotos.photoslibrary/resources/derivatives/D/D5A60972-7FC5-4718-8B07-953B49221E66_1_105_c.jpeg"
    ],
    "ultima_modificacion": "2025-08-01 01:01:21.986434"
  },
  "de43fb1f282c4c1cb83a66c9bdee5de81105c.jpeg": {
    "app_sintetizada": "DE43FB1F282C4C1CB83A66C9BDEE5DE81105C.JPEG",
    "cantidad_archivos": 1,
    "archivos_fuente": [
      "Pictures/Fototeca de Fotos.photoslibrary/resources/derivatives/D/DE43FB1F-282C-4C1C-B83A-66C9BDEE5DE8_1_105_c.jpeg"
    ],
    "ultima_modificacion": "2025-08-01 01:01:21.987050"
  },
  "d403dd82b3764a32b9b32f8e156a2ed01105c.jpeg": {
    "app_sintetizada": "D403DD82B3764A32B9B32F8E156A2ED01105C.JPEG",
    "cantidad_archivos": 1,
    "archivos_fuente": [
      "Pictures/Fototeca de Fotos.photoslibrary/resources/derivatives/D/D403DD82-B376-4A32-B9B3-2F8E156A2ED0_1_105_c.jpeg"
    ],
    "ultima_modificacion": "2025-08-01 01:01:21.987849"
  },
  "d7f6031f93254deba5f4e4d312eae76d1105c.jpeg": {
    "app_sintetizada": "D7F6031F93254DEBA5F4E4D312EAE76D1105C.JPEG",
    "cantidad_archivos": 1,
    "archivos_fuente": [
      "Pictures/Fototeca de Fotos.photoslibrary/resources/derivatives/D/D7F6031F-9325-4DEB-A5F4-E4D312EAE76D_1_105_c.jpeg"
    ],
    "ultima_modificacion": "2025-08-01 01:01:21.988226"
  },
  "da107452031644ebb724e3d7448c5e831105c.jpeg": {
    "app_sintetizada": "DA107452031644EBB724E3D7448C5E831105C.JPEG",
    "cantidad_archivos": 1,
    "archivos_fuente": [
      "Pictures/Fototeca de Fotos.photoslibrary/resources/derivatives/D/DA107452-0316-44EB-B724-E3D7448C5E83_1_105_c.jpeg"
    ],
    "ultima_modificacion": "2025-08-01 01:01:21.988463"
  },
  "4f4c18e2193946a0a4e22598b5ebd3e11105c.jpeg": {
    "app_sintetizada": "4F4C18E2193946A0A4E22598B5EBD3E11105C.JPEG",
    "cantidad_archivos": 1,
    "archivos_fuente": [
      "Pictures/Fototeca de Fotos.photoslibrary/resources/derivatives/4/4F4C18E2-1939-46A0-A4E2-2598B5EBD3E1_1_105_c.jpeg"
    ],
    "ultima_modificacion": "2025-08-01 01:01:21.988679"
  },
  "456b574a538c45debc5be902087bb34a1105c.jpeg": {
    "app_sintetizada": "456B574A538C45DEBC5BE902087BB34A1105C.JPEG",
    "cantidad_archivos": 1,
    "archivos_fuente": [
      "Pictures/Fototeca de Fotos.photoslibrary/resources/derivatives/4/456B574A-538C-45DE-BC5B-E902087BB34A_1_105_c.jpeg"
    ],
    "ultima_modificacion": "2025-08-01 01:01:21.988873"
  },
  "4de21b353891411ab802d66d6d9e9bcb1105c.jpeg": {
    "app_sintetizada": "4DE21B353891411AB802D66D6D9E9BCB1105C.JPEG",
    "cantidad_archivos": 1,
    "archivos_fuente": [
      "Pictures/Fototeca de Fotos.photoslibrary/resources/derivatives/4/4DE21B35-3891-411A-B802-D66D6D9E9BCB_1_105_c.jpeg"
    ],
    "ultima_modificacion": "2025-08-01 01:01:21.989075"
  },
  "4c1c3025c7fa434c80ce5c840e11585a1105c.jpeg": {
    "app_sintetizada": "4C1C3025C7FA434C80CE5C840E11585A1105C.JPEG",
    "cantidad_archivos": 1,
    "archivos_fuente": [
      "Pictures/Fototeca de Fotos.photoslibrary/resources/derivatives/4/4C1C3025-C7FA-434C-80CE-5C840E11585A_1_105_c.jpeg"
    ],
    "ultima_modificacion": "2025-08-01 01:01:21.989374"
  },
  "4381f0120b034ccdbb9b149983330c341105c.jpeg": {
    "app_sintetizada": "4381F0120B034CCDBB9B149983330C341105C.JPEG",
    "cantidad_archivos": 1,
    "archivos_fuente": [
      "Pictures/Fototeca de Fotos.photoslibrary/resources/derivatives/4/4381F012-0B03-4CCD-BB9B-149983330C34_1_105_c.jpeg"
    ],
    "ultima_modificacion": "2025-08-01 01:01:21.989680"
  },
  "4642e274429a4c31af5d7a713eb5c1851105c.jpeg": {
    "app_sintetizada": "4642E274429A4C31AF5D7A713EB5C1851105C.JPEG",
    "cantidad_archivos": 1,
    "archivos_fuente": [
      "Pictures/Fototeca de Fotos.photoslibrary/resources/derivatives/4/4642E274-429A-4C31-AF5D-7A713EB5C185_1_105_c.jpeg"
    ],
    "ultima_modificacion": "2025-08-01 01:01:21.990028"
  },
  "4acf485c47f04b9c81203e494eb284ce1105c.jpeg": {
    "app_sintetizada": "4ACF485C47F04B9C81203E494EB284CE1105C.JPEG",
    "cantidad_archivos": 1,
    "archivos_fuente": [
      "Pictures/Fototeca de Fotos.photoslibrary/resources/derivatives/4/4ACF485C-47F0-4B9C-8120-3E494EB284CE_1_105_c.jpeg"
    ],
    "ultima_modificacion": "2025-08-01 01:01:21.990320"
  },
  "40426f4b2d114ad1b3df69b8e3c0adfd.thm": {
    "app_sintetizada": "40426F4B2D114AD1B3DF69B8E3C0ADFD.THM",
    "cantidad_archivos": 1,
    "archivos_fuente": [
      "Pictures/Fototeca de Fotos.photoslibrary/resources/derivatives/4/40426F4B-2D11-4AD1-B3DF-69B8E3C0ADFD.THM"
    ],
    "ultima_modificacion": "2025-08-01 01:01:21.990633"
  },
  "4efea02df1234fbc929b1d6bf4e1a9f11105c.jpeg": {
    "app_sintetizada": "4EFEA02DF1234FBC929B1D6BF4E1A9F11105C.JPEG",
    "cantidad_archivos": 1,
    "archivos_fuente": [
      "Pictures/Fototeca de Fotos.photoslibrary/resources/derivatives/4/4EFEA02D-F123-4FBC-929B-1D6BF4E1A9F1_1_105_c.jpeg"
    ],
    "ultima_modificacion": "2025-08-01 01:01:21.990950"
  },
  "48b284d7bfce42bea0e2efbf019cbd491105c.jpeg": {
    "app_sintetizada": "48B284D7BFCE42BEA0E2EFBF019CBD491105C.JPEG",
    "cantidad_archivos": 1,
    "archivos_fuente": [
      "Pictures/Fototeca de Fotos.photoslibrary/resources/derivatives/4/48B284D7-BFCE-42BE-A0E2-EFBF019CBD49_1_105_c.jpeg"
    ],
    "ultima_modificacion": "2025-08-01 01:01:21.991256"
  },
  "4afc225a9fbf438d93d43371febc53be1105c.jpeg": {
    "app_sintetizada": "4AFC225A9FBF438D93D43371FEBC53BE1105C.JPEG",
    "cantidad_archivos": 1,
    "archivos_fuente": [
      "Pictures/Fototeca de Fotos.photoslibrary/resources/derivatives/4/4AFC225A-9FBF-438D-93D4-3371FEBC53BE_1_105_c.jpeg"
    ],
    "ultima_modificacion": "2025-08-01 01:01:21.991578"
  },
  "46362b6e4582405dbcef13016b0f90be1105c.jpeg": {
    "app_sintetizada": "46362B6E4582405DBCEF13016B0F90BE1105C.JPEG",
    "cantidad_archivos": 1,
    "archivos_fuente": [
      "Pictures/Fototeca de Fotos.photoslibrary/resources/derivatives/4/46362B6E-4582-405D-BCEF-13016B0F90BE_1_105_c.jpeg"
    ],
    "ultima_modificacion": "2025-08-01 01:01:21.991915"
  },
  "4318f437fe7c4ff7ac3ddb6f1752ff731105c.jpeg": {
    "app_sintetizada": "4318F437FE7C4FF7AC3DDB6F1752FF731105C.JPEG",
    "cantidad_archivos": 1,
    "archivos_fuente": [
      "Pictures/Fototeca de Fotos.photoslibrary/resources/derivatives/4/4318F437-FE7C-4FF7-AC3D-DB6F1752FF73_1_105_c.jpeg"
    ],
    "ultima_modificacion": "2025-08-01 01:01:21.992253"
  },
  "4fbf2712144545c3b06bf61079b259fb1105c.jpeg": {
    "app_sintetizada": "4FBF2712144545C3B06BF61079B259FB1105C.JPEG",
    "cantidad_archivos": 1,
    "archivos_fuente": [
      "Pictures/Fototeca de Fotos.photoslibrary/resources/derivatives/4/4FBF2712-1445-45C3-B06B-F61079B259FB_1_105_c.jpeg"
    ],
    "ultima_modificacion": "2025-08-01 01:01:21.992579"
  },
  "4ac4a0d9a06647e49c85bc862fb86f641105c.jpeg": {
    "app_sintetizada": "4AC4A0D9A06647E49C85BC862FB86F641105C.JPEG",
    "cantidad_archivos": 1,
    "archivos_fuente": [
      "Pictures/Fototeca de Fotos.photoslibrary/resources/derivatives/4/4AC4A0D9-A066-47E4-9C85-BC862FB86F64_1_105_c.jpeg"
    ],
    "ultima_modificacion": "2025-08-01 01:01:21.992883"
  },
  "4132767a6492492b858fccfe248df37f1105c.jpeg": {
    "app_sintetizada": "4132767A6492492B858FCCFE248DF37F1105C.JPEG",
    "cantidad_archivos": 1,
    "archivos_fuente": [
      "Pictures/Fototeca de Fotos.photoslibrary/resources/derivatives/4/4132767A-6492-492B-858F-CCFE248DF37F_1_105_c.jpeg"
    ],
    "ultima_modificacion": "2025-08-01 01:01:21.993195"
  },
  "4281cb2285cc4b65b3b961233982df721105c.jpeg": {
    "app_sintetizada": "4281CB2285CC4B65B3B961233982DF721105C.JPEG",
    "cantidad_archivos": 1,
    "archivos_fuente": [
      "Pictures/Fototeca de Fotos.photoslibrary/resources/derivatives/4/4281CB22-85CC-4B65-B3B9-61233982DF72_1_105_c.jpeg"
    ],
    "ultima_modificacion": "2025-08-01 01:01:21.993508"
  },
  "44746b7cf4934d13b57b2c00cc29ebdc1105c.jpeg": {
    "app_sintetizada": "44746B7CF4934D13B57B2C00CC29EBDC1105C.JPEG",
    "cantidad_archivos": 1,
    "archivos_fuente": [
      "Pictures/Fototeca de Fotos.photoslibrary/resources/derivatives/4/44746B7C-F493-4D13-B57B-2C00CC29EBDC_1_105_c.jpeg"
    ],
    "ultima_modificacion": "2025-08-01 01:01:21.993813"
  },
  "4d58ecf8a05642b0a708a559ff8054f51105c.jpeg": {
    "app_sintetizada": "4D58ECF8A05642B0A708A559FF8054F51105C.JPEG",
    "cantidad_archivos": 1,
    "archivos_fuente": [
      "Pictures/Fototeca de Fotos.photoslibrary/resources/derivatives/4/4D58ECF8-A056-42B0-A708-A559FF8054F5_1_105_c.jpeg"
    ],
    "ultima_modificacion": "2025-08-01 01:01:21.994125"
  },
  "4ebb2ff66be1487e819c2cae651f8f931105c.jpeg": {
    "app_sintetizada": "4EBB2FF66BE1487E819C2CAE651F8F931105C.JPEG",
    "cantidad_archivos": 1,
    "archivos_fuente": [
      "Pictures/Fototeca de Fotos.photoslibrary/resources/derivatives/4/4EBB2FF6-6BE1-487E-819C-2CAE651F8F93_1_105_c.jpeg"
    ],
    "ultima_modificacion": "2025-08-01 01:01:21.994511"
  },
  "4143e62dda82460096716942669abfae1105c.jpeg": {
    "app_sintetizada": "4143E62DDA82460096716942669ABFAE1105C.JPEG",
    "cantidad_archivos": 1,
    "archivos_fuente": [
      "Pictures/Fototeca de Fotos.photoslibrary/resources/derivatives/4/4143E62D-DA82-4600-9671-6942669ABFAE_1_105_c.jpeg"
    ],
    "ultima_modificacion": "2025-08-01 01:01:21.994905"
  },
  "4aadd43c97074c2a8d27f49eb62c88101105c.jpeg": {
    "app_sintetizada": "4AADD43C97074C2A8D27F49EB62C88101105C.JPEG",
    "cantidad_archivos": 1,
    "archivos_fuente": [
      "Pictures/Fototeca de Fotos.photoslibrary/resources/derivatives/4/4AADD43C-9707-4C2A-8D27-F49EB62C8810_1_105_c.jpeg"
    ],
    "ultima_modificacion": "2025-08-01 01:01:21.995543"
  },
  "4481caaead0b40f5945c59b55ef9316a1105c.jpeg": {
    "app_sintetizada": "4481CAAEAD0B40F5945C59B55EF9316A1105C.JPEG",
    "cantidad_archivos": 1,
    "archivos_fuente": [
      "Pictures/Fototeca de Fotos.photoslibrary/resources/derivatives/4/4481CAAE-AD0B-40F5-945C-59B55EF9316A_1_105_c.jpeg"
    ],
    "ultima_modificacion": "2025-08-01 01:01:21.996479"
  },
  "43102d92780a4a2485e67fc8fc2e394a1105c.jpeg": {
    "app_sintetizada": "43102D92780A4A2485E67FC8FC2E394A1105C.JPEG",
    "cantidad_archivos": 1,
    "archivos_fuente": [
      "Pictures/Fototeca de Fotos.photoslibrary/resources/derivatives/4/43102D92-780A-4A24-85E6-7FC8FC2E394A_1_105_c.jpeg"
    ],
    "ultima_modificacion": "2025-08-01 01:01:21.997875"
  },
  "4307761e253b4df6bc80091a7bff603c.thm": {
    "app_sintetizada": "4307761E253B4DF6BC80091A7BFF603C.THM",
    "cantidad_archivos": 1,
    "archivos_fuente": [
      "Pictures/Fototeca de Fotos.photoslibrary/resources/derivatives/4/4307761E-253B-4DF6-BC80-091A7BFF603C.THM"
    ],
    "ultima_modificacion": "2025-08-01 01:01:21.998305"
  },
  "4201471848c34db48f64b28a871516eb1105c.jpeg": {
    "app_sintetizada": "4201471848C34DB48F64B28A871516EB1105C.JPEG",
    "cantidad_archivos": 1,
    "archivos_fuente": [
      "Pictures/Fototeca de Fotos.photoslibrary/resources/derivatives/4/42014718-48C3-4DB4-8F64-B28A871516EB_1_105_c.jpeg"
    ],
    "ultima_modificacion": "2025-08-01 01:01:21.998635"
  },
  "40b6223948c94ef7a21702105a6c716e1105c.jpeg": {
    "app_sintetizada": "40B6223948C94EF7A21702105A6C716E1105C.JPEG",
    "cantidad_archivos": 1,
    "archivos_fuente": [
      "Pictures/Fototeca de Fotos.photoslibrary/resources/derivatives/4/40B62239-48C9-4EF7-A217-02105A6C716E_1_105_c.jpeg"
    ],
    "ultima_modificacion": "2025-08-01 01:01:21.998994"
  },
  "416b2adba8e5457c89b452286bfb4ca11105c.jpeg": {
    "app_sintetizada": "416B2ADBA8E5457C89B452286BFB4CA11105C.JPEG",
    "cantidad_archivos": 1,
    "archivos_fuente": [
      "Pictures/Fototeca de Fotos.photoslibrary/resources/derivatives/4/416B2ADB-A8E5-457C-89B4-52286BFB4CA1_1_105_c.jpeg"
    ],
    "ultima_modificacion": "2025-08-01 01:01:21.999381"
  },
  "47d167d8da164f15a06be55a6dbf3f6b1105c.jpeg": {
    "app_sintetizada": "47D167D8DA164F15A06BE55A6DBF3F6B1105C.JPEG",
    "cantidad_archivos": 1,
    "archivos_fuente": [
      "Pictures/Fototeca de Fotos.photoslibrary/resources/derivatives/4/47D167D8-DA16-4F15-A06B-E55A6DBF3F6B_1_105_c.jpeg"
    ],
    "ultima_modificacion": "2025-08-01 01:01:21.999707"
  },
  "4046146614c242e5b4a9a74c9187d8791105c.jpeg": {
    "app_sintetizada": "4046146614C242E5B4A9A74C9187D8791105C.JPEG",
    "cantidad_archivos": 1,
    "archivos_fuente": [
      "Pictures/Fototeca de Fotos.photoslibrary/resources/derivatives/4/40461466-14C2-42E5-B4A9-A74C9187D879_1_105_c.jpeg"
    ],
    "ultima_modificacion": "2025-08-01 01:01:22.000022"
  },
  "40cc102830cb4680af241d16b062f8e31105c.jpeg": {
    "app_sintetizada": "40CC102830CB4680AF241D16B062F8E31105C.JPEG",
    "cantidad_archivos": 1,
    "archivos_fuente": [
      "Pictures/Fototeca de Fotos.photoslibrary/resources/derivatives/4/40CC1028-30CB-4680-AF24-1D16B062F8E3_1_105_c.jpeg"
    ],
    "ultima_modificacion": "2025-08-01 01:01:22.000357"
  },
  "45ea5c6516bf4177914db1dcf8013abd1105c.jpeg": {
    "app_sintetizada": "45EA5C6516BF4177914DB1DCF8013ABD1105C.JPEG",
    "cantidad_archivos": 1,
    "archivos_fuente": [
      "Pictures/Fototeca de Fotos.photoslibrary/resources/derivatives/4/45EA5C65-16BF-4177-914D-B1DCF8013ABD_1_105_c.jpeg"
    ],
    "ultima_modificacion": "2025-08-01 01:01:22.000664"
  },
  "4fc993caee36472a8e217a2293e2707d1105c.jpeg": {
    "app_sintetizada": "4FC993CAEE36472A8E217A2293E2707D1105C.JPEG",
    "cantidad_archivos": 1,
    "archivos_fuente": [
      "Pictures/Fototeca de Fotos.photoslibrary/resources/derivatives/4/4FC993CA-EE36-472A-8E21-7A2293E2707D_1_105_c.jpeg"
    ],
    "ultima_modificacion": "2025-08-01 01:01:22.000988"
  },
  "49f44152cb2d4743b0f8528f5c3058a31105c.jpeg": {
    "app_sintetizada": "49F44152CB2D4743B0F8528F5C3058A31105C.JPEG",
    "cantidad_archivos": 1,
    "archivos_fuente": [
      "Pictures/Fototeca de Fotos.photoslibrary/resources/derivatives/4/49F44152-CB2D-4743-B0F8-528F5C3058A3_1_105_c.jpeg"
    ],
    "ultima_modificacion": "2025-08-01 01:01:22.001316"
  },
  "4838324860fe49628f1785ede92346f11105c.jpeg": {
    "app_sintetizada": "4838324860FE49628F1785EDE92346F11105C.JPEG",
    "cantidad_archivos": 1,
    "archivos_fuente": [
      "Pictures/Fototeca de Fotos.photoslibrary/resources/derivatives/4/48383248-60FE-4962-8F17-85EDE92346F1_1_105_c.jpeg"
    ],
    "ultima_modificacion": "2025-08-01 01:01:22.001637"
  },
  "4ba6ae749ecb461d88e3102fadf60f011105c.jpeg": {
    "app_sintetizada": "4BA6AE749ECB461D88E3102FADF60F011105C.JPEG",
    "cantidad_archivos": 1,
    "archivos_fuente": [
      "Pictures/Fototeca de Fotos.photoslibrary/resources/derivatives/4/4BA6AE74-9ECB-461D-88E3-102FADF60F01_1_105_c.jpeg"
    ],
    "ultima_modificacion": "2025-08-01 01:01:22.001952"
  },
  "4c06854307f34b92a69ee9d9d766e6451105c.jpeg": {
    "app_sintetizada": "4C06854307F34B92A69EE9D9D766E6451105C.JPEG",
    "cantidad_archivos": 1,
    "archivos_fuente": [
      "Pictures/Fototeca de Fotos.photoslibrary/resources/derivatives/4/4C068543-07F3-4B92-A69E-E9D9D766E645_1_105_c.jpeg"
    ],
    "ultima_modificacion": "2025-08-01 01:01:22.002348"
  },
  "4aeca9d4d4114d59b3671385339ef2eb1105c.jpeg": {
    "app_sintetizada": "4AECA9D4D4114D59B3671385339EF2EB1105C.JPEG",
    "cantidad_archivos": 1,
    "archivos_fuente": [
      "Pictures/Fototeca de Fotos.photoslibrary/resources/derivatives/4/4AECA9D4-D411-4D59-B367-1385339EF2EB_1_105_c.jpeg"
    ],
    "ultima_modificacion": "2025-08-01 01:01:22.002733"
  },
  "45759ae0a9174145a34eb189c9ba4c021105c.jpeg": {
    "app_sintetizada": "45759AE0A9174145A34EB189C9BA4C021105C.JPEG",
    "cantidad_archivos": 1,
    "archivos_fuente": [
      "Pictures/Fototeca de Fotos.photoslibrary/resources/derivatives/4/45759AE0-A917-4145-A34E-B189C9BA4C02_1_105_c.jpeg"
    ],
    "ultima_modificacion": "2025-08-01 01:01:22.003479"
  },
  "4b9e655aa2e94f1bbf0992c602ac91e61105c.jpeg": {
    "app_sintetizada": "4B9E655AA2E94F1BBF0992C602AC91E61105C.JPEG",
    "cantidad_archivos": 1,
    "archivos_fuente": [
      "Pictures/Fototeca de Fotos.photoslibrary/resources/derivatives/4/4B9E655A-A2E9-4F1B-BF09-92C602AC91E6_1_105_c.jpeg"
    ],
    "ultima_modificacion": "2025-08-01 01:01:22.004482"
  },
  "4a0884a1e63f4479834813edae99ef3c1105c.jpeg": {
    "app_sintetizada": "4A0884A1E63F4479834813EDAE99EF3C1105C.JPEG",
    "cantidad_archivos": 1,
    "archivos_fuente": [
      "Pictures/Fototeca de Fotos.photoslibrary/resources/derivatives/4/4A0884A1-E63F-4479-8348-13EDAE99EF3C_1_105_c.jpeg"
    ],
    "ultima_modificacion": "2025-08-01 01:01:22.004905"
  },
  "40dc16a2861f4112a3a07e8e16b1dc061105c.jpeg": {
    "app_sintetizada": "40DC16A2861F4112A3A07E8E16B1DC061105C.JPEG",
    "cantidad_archivos": 1,
    "archivos_fuente": [
      "Pictures/Fototeca de Fotos.photoslibrary/resources/derivatives/4/40DC16A2-861F-4112-A3A0-7E8E16B1DC06_1_105_c.jpeg"
    ],
    "ultima_modificacion": "2025-08-01 01:01:22.005267"
  },
  "4c6e55e8f4b946c7af3cb4e6f357ad8b1105c.jpeg": {
    "app_sintetizada": "4C6E55E8F4B946C7AF3CB4E6F357AD8B1105C.JPEG",
    "cantidad_archivos": 1,
    "archivos_fuente": [
      "Pictures/Fototeca de Fotos.photoslibrary/resources/derivatives/4/4C6E55E8-F4B9-46C7-AF3C-B4E6F357AD8B_1_105_c.jpeg"
    ],
    "ultima_modificacion": "2025-08-01 01:01:22.005601"
  },
  "44a94e3ad1e04509a38131e0ffe2dac31105c.jpeg": {
    "app_sintetizada": "44A94E3AD1E04509A38131E0FFE2DAC31105C.JPEG",
    "cantidad_archivos": 1,
    "archivos_fuente": [
      "Pictures/Fototeca de Fotos.photoslibrary/resources/derivatives/4/44A94E3A-D1E0-4509-A381-31E0FFE2DAC3_1_105_c.jpeg"
    ],
    "ultima_modificacion": "2025-08-01 01:01:22.005898"
  },
  "4efaf3fa12d94e3797d86a9fd4f6b6ce1105c.jpeg": {
    "app_sintetizada": "4EFAF3FA12D94E3797D86A9FD4F6B6CE1105C.JPEG",
    "cantidad_archivos": 1,
    "archivos_fuente": [
      "Pictures/Fototeca de Fotos.photoslibrary/resources/derivatives/4/4EFAF3FA-12D9-4E37-97D8-6A9FD4F6B6CE_1_105_c.jpeg"
    ],
    "ultima_modificacion": "2025-08-01 01:01:22.006215"
  }
}