{
  "c5530694f7854271b13b1920b347b24b1105c.jpeg": {
    "app_sintetizada": "C5530694F7854271B13B1920B347B24B1105C.JPEG",
    "cantidad_archivos": 1,
    "archivos_fuente": [
      "Pictures/Fototeca de Fotos.photoslibrary/resources/derivatives/C/C5530694-F785-4271-B13B-1920B347B24B_1_105_c.jpeg"
    ],
    "ultima_modificacion": "2025-08-01 01:01:20.754639"
  },
  "cfe9cf92b2c3490495fc6deef34da1661105c.jpeg": {
    "app_sintetizada": "CFE9CF92B2C3490495FC6DEEF34DA1661105C.JPEG",
    "cantidad_archivos": 1,
    "archivos_fuente": [
      "Pictures/Fototeca de Fotos.photoslibrary/resources/derivatives/C/CFE9CF92-B2C3-4904-95FC-6DEEF34DA166_1_105_c.jpeg"
    ],
    "ultima_modificacion": "2025-08-01 01:01:20.754930"
  },
  "c696a925cd2847bba879c50acad150e61105c.jpeg": {
    "app_sintetizada": "C696A925CD2847BBA879C50ACAD150E61105C.JPEG",
    "cantidad_archivos": 1,
    "archivos_fuente": [
      "Pictures/Fototeca de Fotos.photoslibrary/resources/derivatives/C/C696A925-CD28-47BB-A879-C50ACAD150E6_1_105_c.jpeg"
    ],
    "ultima_modificacion": "2025-08-01 01:01:20.755231"
  },
  "c0953113180c43ea9bb0f9550217c2bd1100o.jpeg": {
    "app_sintetizada": "C0953113180C43EA9BB0F9550217C2BD1100O.JPEG",
    "cantidad_archivos": 1,
    "archivos_fuente": [
      "Pictures/Fototeca de Fotos.photoslibrary/resources/derivatives/C/C0953113-180C-43EA-9BB0-F9550217C2BD_1_100_o.jpeg"
    ],
    "ultima_modificacion": "2025-08-01 01:01:20.755530"
  },
  "cc7a733f9ab74e1b9b0b9e7afee32733.thm": {
    "app_sintetizada": "CC7A733F9AB74E1B9B0B9E7AFEE32733.THM",
    "cantidad_archivos": 1,
    "archivos_fuente": [
      "Pictures/Fototeca de Fotos.photoslibrary/resources/derivatives/C/CC7A733F-9AB7-4E1B-9B0B-9E7AFEE32733.THM"
    ],
    "ultima_modificacion": "2025-08-01 01:01:20.755827"
  },
  "ccce90571af94d6ca084debc43e8afb41105c.jpeg": {
    "app_sintetizada": "CCCE90571AF94D6CA084DEBC43E8AFB41105C.JPEG",
    "cantidad_archivos": 1,
    "archivos_fuente": [
      "Pictures/Fototeca de Fotos.photoslibrary/resources/derivatives/C/CCCE9057-1AF9-4D6C-A084-DEBC43E8AFB4_1_105_c.jpeg"
    ],
    "ultima_modificacion": "2025-08-01 01:01:20.756168"
  },
  "c322ad8895474987908a272cfd60ac5f1105c.jpeg": {
    "app_sintetizada": "C322AD8895474987908A272CFD60AC5F1105C.JPEG",
    "cantidad_archivos": 1,
    "archivos_fuente": [
      "Pictures/Fototeca de Fotos.photoslibrary/resources/derivatives/C/C322AD88-9547-4987-908A-272CFD60AC5F_1_105_c.jpeg"
    ],
    "ultima_modificacion": "2025-08-01 01:01:20.756444"
  },
  "c53beba554f844c681dea04143aaf5181105c.jpeg": {
    "app_sintetizada": "C53BEBA554F844C681DEA04143AAF5181105C.JPEG",
    "cantidad_archivos": 1,
    "archivos_fuente": [
      "Pictures/Fototeca de Fotos.photoslibrary/resources/derivatives/C/C53BEBA5-54F8-44C6-81DE-A04143AAF518_1_105_c.jpeg"
    ],
    "ultima_modificacion": "2025-08-01 01:01:20.756720"
  },
  "ce54500fcadf4aa4a016265e20efbfe01105c.jpeg": {
    "app_sintetizada": "CE54500FCADF4AA4A016265E20EFBFE01105C.JPEG",
    "cantidad_archivos": 1,
    "archivos_fuente": [
      "Pictures/Fototeca de Fotos.photoslibrary/resources/derivatives/C/CE54500F-CADF-4AA4-A016-265E20EFBFE0_1_105_c.jpeg"
    ],
    "ultima_modificacion": "2025-08-01 01:01:20.757014"
  },
  "c8f13d22df3841dfb5f98fcbeb0d7b12.thm": {
    "app_sintetizada": "C8F13D22DF3841DFB5F98FCBEB0D7B12.THM",
    "cantidad_archivos": 1,
    "archivos_fuente": [
      "Pictures/Fototeca de Fotos.photoslibrary/resources/derivatives/C/C8F13D22-DF38-41DF-B5F9-8FCBEB0D7B12.THM"
    ],
    "ultima_modificacion": "2025-08-01 01:01:20.757329"
  },
  "c95dad8136134973a39079aa4768651e1105c.jpeg": {
    "app_sintetizada": "C95DAD8136134973A39079AA4768651E1105C.JPEG",
    "cantidad_archivos": 1,
    "archivos_fuente": [
      "Pictures/Fototeca de Fotos.photoslibrary/resources/derivatives/C/C95DAD81-3613-4973-A390-79AA4768651E_1_105_c.jpeg"
    ],
    "ultima_modificacion": "2025-08-01 01:01:20.757678"
  },
  "cbcc3a3cb3e54874b771376df05d8e671105c.jpeg": {
    "app_sintetizada": "CBCC3A3CB3E54874B771376DF05D8E671105C.JPEG",
    "cantidad_archivos": 1,
    "archivos_fuente": [
      "Pictures/Fototeca de Fotos.photoslibrary/resources/derivatives/C/CBCC3A3C-B3E5-4874-B771-376DF05D8E67_1_105_c.jpeg"
    ],
    "ultima_modificacion": "2025-08-01 01:01:20.757997"
  },
  "c9206a389d7f46ad93c2a9415c1356f41105c.jpeg": {
    "app_sintetizada": "C9206A389D7F46AD93C2A9415C1356F41105C.JPEG",
    "cantidad_archivos": 1,
    "archivos_fuente": [
      "Pictures/Fototeca de Fotos.photoslibrary/resources/derivatives/C/C9206A38-9D7F-46AD-93C2-A9415C1356F4_1_105_c.jpeg"
    ],
    "ultima_modificacion": "2025-08-01 01:01:20.758288"
  },
  "cf4ca7b4e4d1444eb73dbbdfeea25d4e1105c.jpeg": {
    "app_sintetizada": "CF4CA7B4E4D1444EB73DBBDFEEA25D4E1105C.JPEG",
    "cantidad_archivos": 1,
    "archivos_fuente": [
      "Pictures/Fototeca de Fotos.photoslibrary/resources/derivatives/C/CF4CA7B4-E4D1-444E-B73D-BBDFEEA25D4E_1_105_c.jpeg"
    ],
    "ultima_modificacion": "2025-08-01 01:01:20.758579"
  },
  "c48b3800833b4cfbae638dd40deb36f51105c.jpeg": {
    "app_sintetizada": "C48B3800833B4CFBAE638DD40DEB36F51105C.JPEG",
    "cantidad_archivos": 1,
    "archivos_fuente": [
      "Pictures/Fototeca de Fotos.photoslibrary/resources/derivatives/C/C48B3800-833B-4CFB-AE63-8DD40DEB36F5_1_105_c.jpeg"
    ],
    "ultima_modificacion": "2025-08-01 01:01:20.758875"
  },
  "cd9e043e0bea4007a68fddbb4dc669011105c.jpeg": {
    "app_sintetizada": "CD9E043E0BEA4007A68FDDBB4DC669011105C.JPEG",
    "cantidad_archivos": 1,
    "archivos_fuente": [
      "Pictures/Fototeca de Fotos.photoslibrary/resources/derivatives/C/CD9E043E-0BEA-4007-A68F-DDBB4DC66901_1_105_c.jpeg"
    ],
    "ultima_modificacion": "2025-08-01 01:01:20.759183"
  },
  "c7001c90aa1344fdabaa351774f869ea1105c.jpeg": {
    "app_sintetizada": "C7001C90AA1344FDABAA351774F869EA1105C.JPEG",
    "cantidad_archivos": 1,
    "archivos_fuente": [
      "Pictures/Fototeca de Fotos.photoslibrary/resources/derivatives/C/C7001C90-AA13-44FD-ABAA-351774F869EA_1_105_c.jpeg"
    ],
    "ultima_modificacion": "2025-08-01 01:01:20.759474"
  },
  "c0c4b19fb8bc44468000e1230627db0c1105c.jpeg": {
    "app_sintetizada": "C0C4B19FB8BC44468000E1230627DB0C1105C.JPEG",
    "cantidad_archivos": 1,
    "archivos_fuente": [
      "Pictures/Fototeca de Fotos.photoslibrary/resources/derivatives/C/C0C4B19F-B8BC-4446-8000-E1230627DB0C_1_105_c.jpeg"
    ],
    "ultima_modificacion": "2025-08-01 01:01:20.759795"
  },
  "cd52af871f8a47a99db14e591328a491.thm": {
    "app_sintetizada": "CD52AF871F8A47A99DB14E591328A491.THM",
    "cantidad_archivos": 1,
    "archivos_fuente": [
      "Pictures/Fototeca de Fotos.photoslibrary/resources/derivatives/C/CD52AF87-1F8A-47A9-9DB1-4E591328A491.THM"
    ],
    "ultima_modificacion": "2025-08-01 01:01:20.760115"
  },
  "cff9724a95954a028ce43d2d73e155e51105c.jpeg": {
    "app_sintetizada": "CFF9724A95954A028CE43D2D73E155E51105C.JPEG",
    "cantidad_archivos": 1,
    "archivos_fuente": [
      "Pictures/Fototeca de Fotos.photoslibrary/resources/derivatives/C/CFF9724A-9595-4A02-8CE4-3D2D73E155E5_1_105_c.jpeg"
    ],
    "ultima_modificacion": "2025-08-01 01:01:20.760429"
  },
  "cff8212cd28349f29fa0eee65df49e411105c.jpeg": {
    "app_sintetizada": "CFF8212CD28349F29FA0EEE65DF49E411105C.JPEG",
    "cantidad_archivos": 1,
    "archivos_fuente": [
      "Pictures/Fototeca de Fotos.photoslibrary/resources/derivatives/C/CFF8212C-D283-49F2-9FA0-EEE65DF49E41_1_105_c.jpeg"
    ],
    "ultima_modificacion": "2025-08-01 01:01:20.760752"
  },
  "c1a3336dacd043b08bea28b494ec9a8c1105c.jpeg": {
    "app_sintetizada": "C1A3336DACD043B08BEA28B494EC9A8C1105C.JPEG",
    "cantidad_archivos": 1,
    "archivos_fuente": [
      "Pictures/Fototeca de Fotos.photoslibrary/resources/derivatives/C/C1A3336D-ACD0-43B0-8BEA-28B494EC9A8C_1_105_c.jpeg"
    ],
    "ultima_modificacion": "2025-08-01 01:01:20.761091"
  },
  "c73c7f2bfb4547728ec894faf43357d71105c.jpeg": {
    "app_sintetizada": "C73C7F2BFB4547728EC894FAF43357D71105C.JPEG",
    "cantidad_archivos": 1,
    "archivos_fuente": [
      "Pictures/Fototeca de Fotos.photoslibrary/resources/derivatives/C/C73C7F2B-FB45-4772-8EC8-94FAF43357D7_1_105_c.jpeg"
    ],
    "ultima_modificacion": "2025-08-01 01:01:20.761397"
  },
  "c949f8867e21419cb737b2537c9f85581105c.jpeg": {
    "app_sintetizada": "C949F8867E21419CB737B2537C9F85581105C.JPEG",
    "cantidad_archivos": 1,
    "archivos_fuente": [
      "Pictures/Fototeca de Fotos.photoslibrary/resources/derivatives/C/C949F886-7E21-419C-B737-B2537C9F8558_1_105_c.jpeg"
    ],
    "ultima_modificacion": "2025-08-01 01:01:20.761665"
  },
  "ce4dd232074a492bb4dc752c42e194351105c.jpeg": {
    "app_sintetizada": "CE4DD232074A492BB4DC752C42E194351105C.JPEG",
    "cantidad_archivos": 1,
    "archivos_fuente": [
      "Pictures/Fototeca de Fotos.photoslibrary/resources/derivatives/C/CE4DD232-074A-492B-B4DC-752C42E19435_1_105_c.jpeg"
    ],
    "ultima_modificacion": "2025-08-01 01:01:20.761915"
  },
  "c30d75fef50045a3b0c788756152f6cd1105c.jpeg": {
    "app_sintetizada": "C30D75FEF50045A3B0C788756152F6CD1105C.JPEG",
    "cantidad_archivos": 1,
    "archivos_fuente": [
      "Pictures/Fototeca de Fotos.photoslibrary/resources/derivatives/C/C30D75FE-F500-45A3-B0C7-88756152F6CD_1_105_c.jpeg"
    ],
    "ultima_modificacion": "2025-08-01 01:01:20.762178"
  },
  "c083e0024d3944ae8d8556867e6de2ce1105c.jpeg": {
    "app_sintetizada": "C083E0024D3944AE8D8556867E6DE2CE1105C.JPEG",
    "cantidad_archivos": 1,
    "archivos_fuente": [
      "Pictures/Fototeca de Fotos.photoslibrary/resources/derivatives/C/C083E002-4D39-44AE-8D85-56867E6DE2CE_1_105_c.jpeg"
    ],
    "ultima_modificacion": "2025-08-01 01:01:20.762519"
  },
  "c6a6aaf6ead144f78fa576b8ed14c51a1105c.jpeg": {
    "app_sintetizada": "C6A6AAF6EAD144F78FA576B8ED14C51A1105C.JPEG",
    "cantidad_archivos": 1,
    "archivos_fuente": [
      "Pictures/Fototeca de Fotos.photoslibrary/resources/derivatives/C/C6A6AAF6-EAD1-44F7-8FA5-76B8ED14C51A_1_105_c.jpeg"
    ],
    "ultima_modificacion": "2025-08-01 01:01:20.762882"
  },
  "ca1a9eede557458f9256dc6fe436a91c1105c.jpeg": {
    "app_sintetizada": "CA1A9EEDE557458F9256DC6FE436A91C1105C.JPEG",
    "cantidad_archivos": 1,
    "archivos_fuente": [
      "Pictures/Fototeca de Fotos.photoslibrary/resources/derivatives/C/CA1A9EED-E557-458F-9256-DC6FE436A91C_1_105_c.jpeg"
    ],
    "ultima_modificacion": "2025-08-01 01:01:20.763195"
  },
  "cf4b5116ba92435fa7ba5ed7ae3a0f121105c.jpeg": {
    "app_sintetizada": "CF4B5116BA92435FA7BA5ED7AE3A0F121105C.JPEG",
    "cantidad_archivos": 1,
    "archivos_fuente": [
      "Pictures/Fototeca de Fotos.photoslibrary/resources/derivatives/C/CF4B5116-BA92-435F-A7BA-5ED7AE3A0F12_1_105_c.jpeg"
    ],
    "ultima_modificacion": "2025-08-01 01:01:20.763479"
  },
  "c0a96de1d7514dfeb3486fa45c8c0bbc1105c.jpeg": {
    "app_sintetizada": "C0A96DE1D7514DFEB3486FA45C8C0BBC1105C.JPEG",
    "cantidad_archivos": 1,
    "archivos_fuente": [
      "Pictures/Fototeca de Fotos.photoslibrary/resources/derivatives/C/C0A96DE1-D751-4DFE-B348-6FA45C8C0BBC_1_105_c.jpeg"
    ],
    "ultima_modificacion": "2025-08-01 01:01:20.763731"
  },
  "cba83f1d754c4e139688f84e8f63f50e1105c.jpeg": {
    "app_sintetizada": "CBA83F1D754C4E139688F84E8F63F50E1105C.JPEG",
    "cantidad_archivos": 1,
    "archivos_fuente": [
      "Pictures/Fototeca de Fotos.photoslibrary/resources/derivatives/C/CBA83F1D-754C-4E13-9688-F84E8F63F50E_1_105_c.jpeg"
    ],
    "ultima_modificacion": "2025-08-01 01:01:20.764007"
  },
  "ca56b3bb19f84b4c9234ee15ac781e4f1105c.jpeg": {
    "app_sintetizada": "CA56B3BB19F84B4C9234EE15AC781E4F1105C.JPEG",
    "cantidad_archivos": 1,
    "archivos_fuente": [
      "Pictures/Fototeca de Fotos.photoslibrary/resources/derivatives/C/CA56B3BB-19F8-4B4C-9234-EE15AC781E4F_1_105_c.jpeg"
    ],
    "ultima_modificacion": "2025-08-01 01:01:20.764251"
  },
  "c0560e29e67d493588f0119531706b131105c.jpeg": {
    "app_sintetizada": "C0560E29E67D493588F0119531706B131105C.JPEG",
    "cantidad_archivos": 1,
    "archivos_fuente": [
      "Pictures/Fototeca de Fotos.photoslibrary/resources/derivatives/C/C0560E29-E67D-4935-88F0-119531706B13_1_105_c.jpeg"
    ],
    "ultima_modificacion": "2025-08-01 01:01:20.764550"
  },
  "c25bdce6bfa543a4adc0640bf3b2c9771105c.jpeg": {
    "app_sintetizada": "C25BDCE6BFA543A4ADC0640BF3B2C9771105C.JPEG",
    "cantidad_archivos": 1,
    "archivos_fuente": [
      "Pictures/Fototeca de Fotos.photoslibrary/resources/derivatives/C/C25BDCE6-BFA5-43A4-ADC0-640BF3B2C977_1_105_c.jpeg"
    ],
    "ultima_modificacion": "2025-08-01 01:01:20.764801"
  },
  "c00ab88de19f44f688cc5ee4d4749d071105c.jpeg": {
    "app_sintetizada": "C00AB88DE19F44F688CC5EE4D4749D071105C.JPEG",
    "cantidad_archivos": 1,
    "archivos_fuente": [
      "Pictures/Fototeca de Fotos.photoslibrary/resources/derivatives/C/C00AB88D-E19F-44F6-88CC-5EE4D4749D07_1_105_c.jpeg"
    ],
    "ultima_modificacion": "2025-08-01 01:01:20.765102"
  },
  "c5c8feb6870c473d9c56040266bfa78f.thm": {
    "app_sintetizada": "C5C8FEB6870C473D9C56040266BFA78F.THM",
    "cantidad_archivos": 1,
    "archivos_fuente": [
      "Pictures/Fototeca de Fotos.photoslibrary/resources/derivatives/C/C5C8FEB6-870C-473D-9C56-040266BFA78F.THM"
    ],
    "ultima_modificacion": "2025-08-01 01:01:20.765364"
  },
  "c54a543bc795456c8d486c69fe2920b11105c.jpeg": {
    "app_sintetizada": "C54A543BC795456C8D486C69FE2920B11105C.JPEG",
    "cantidad_archivos": 1,
    "archivos_fuente": [
      "Pictures/Fototeca de Fotos.photoslibrary/resources/derivatives/C/C54A543B-C795-456C-8D48-6C69FE2920B1_1_105_c.jpeg"
    ],
    "ultima_modificacion": "2025-08-01 01:01:20.765710"
  },
  "c840b105a9a744a6a28d164700e9e5961105c.jpeg": {
    "app_sintetizada": "C840B105A9A744A6A28D164700E9E5961105C.JPEG",
    "cantidad_archivos": 1,
    "archivos_fuente": [
      "Pictures/Fototeca de Fotos.photoslibrary/resources/derivatives/C/C840B105-A9A7-44A6-A28D-164700E9E596_1_105_c.jpeg"
    ],
    "ultima_modificacion": "2025-08-01 01:01:20.765980"
  },
  "ca9d6f784d2f4442b69828018d6e28321105c.jpeg": {
    "app_sintetizada": "CA9D6F784D2F4442B69828018D6E28321105C.JPEG",
    "cantidad_archivos": 1,
    "archivos_fuente": [
      "Pictures/Fototeca de Fotos.photoslibrary/resources/derivatives/C/CA9D6F78-4D2F-4442-B698-28018D6E2832_1_105_c.jpeg"
    ],
    "ultima_modificacion": "2025-08-01 01:01:20.766299"
  },
  "c5138736c17e49a2a9bb2f8bd7ac90df1105c.jpeg": {
    "app_sintetizada": "C5138736C17E49A2A9BB2F8BD7AC90DF1105C.JPEG",
    "cantidad_archivos": 1,
    "archivos_fuente": [
      "Pictures/Fototeca de Fotos.photoslibrary/resources/derivatives/C/C5138736-C17E-49A2-A9BB-2F8BD7AC90DF_1_105_c.jpeg"
    ],
    "ultima_modificacion": "2025-08-01 01:01:20.766554"
  },
  "cf1041bec2d4448592c7495ab31ac4121105c.jpeg": {
    "app_sintetizada": "CF1041BEC2D4448592C7495AB31AC4121105C.JPEG",
    "cantidad_archivos": 1,
    "archivos_fuente": [
      "Pictures/Fototeca de Fotos.photoslibrary/resources/derivatives/C/CF1041BE-C2D4-4485-92C7-495AB31AC412_1_105_c.jpeg"
    ],
    "ultima_modificacion": "2025-08-01 01:01:20.766848"
  },
  "c6d0bf2a5f8f4e958b912bfc62879e381105c.jpeg": {
    "app_sintetizada": "C6D0BF2A5F8F4E958B912BFC62879E381105C.JPEG",
    "cantidad_archivos": 1,
    "archivos_fuente": [
      "Pictures/Fototeca de Fotos.photoslibrary/resources/derivatives/C/C6D0BF2A-5F8F-4E95-8B91-2BFC62879E38_1_105_c.jpeg"
    ],
    "ultima_modificacion": "2025-08-01 01:01:20.767082"
  },
  "c86d40ac6caa4d0db682e0f395e868ce1105c.jpeg": {
    "app_sintetizada": "C86D40AC6CAA4D0DB682E0F395E868CE1105C.JPEG",
    "cantidad_archivos": 1,
    "archivos_fuente": [
      "Pictures/Fototeca de Fotos.photoslibrary/resources/derivatives/C/C86D40AC-6CAA-4D0D-B682-E0F395E868CE_1_105_c.jpeg"
    ],
    "ultima_modificacion": "2025-08-01 01:01:20.767309"
  },
  "c001806eacad429b95accc888da3fc191105c.jpeg": {
    "app_sintetizada": "C001806EACAD429B95ACCC888DA3FC191105C.JPEG",
    "cantidad_archivos": 1,
    "archivos_fuente": [
      "Pictures/Fototeca de Fotos.photoslibrary/resources/derivatives/C/C001806E-ACAD-429B-95AC-CC888DA3FC19_1_105_c.jpeg"
    ],
    "ultima_modificacion": "2025-08-01 01:01:20.767600"
  },
  "c2774e9a063a4711a4f1eaa13f887cbe1105c.jpeg": {
    "app_sintetizada": "C2774E9A063A4711A4F1EAA13F887CBE1105C.JPEG",
    "cantidad_archivos": 1,
    "archivos_fuente": [
      "Pictures/Fototeca de Fotos.photoslibrary/resources/derivatives/C/C2774E9A-063A-4711-A4F1-EAA13F887CBE_1_105_c.jpeg"
    ],
    "ultima_modificacion": "2025-08-01 01:01:20.767903"
  },
  "c2bda2c83020477aac3cd76853c497761105c.jpeg": {
    "app_sintetizada": "C2BDA2C83020477AAC3CD76853C497761105C.JPEG",
    "cantidad_archivos": 1,
    "archivos_fuente": [
      "Pictures/Fototeca de Fotos.photoslibrary/resources/derivatives/C/C2BDA2C8-3020-477A-AC3C-D76853C49776_1_105_c.jpeg"
    ],
    "ultima_modificacion": "2025-08-01 01:01:20.768169"
  },
  "c835f66423a44999b00369a21bd173321105c.jpeg": {
    "app_sintetizada": "C835F66423A44999B00369A21BD173321105C.JPEG",
    "cantidad_archivos": 1,
    "archivos_fuente": [
      "Pictures/Fototeca de Fotos.photoslibrary/resources/derivatives/C/C835F664-23A4-4999-B003-69A21BD17332_1_105_c.jpeg"
    ],
    "ultima_modificacion": "2025-08-01 01:01:20.768426"
  },
  "c083c5dfbbdb45a5a8b9e8a28d8940bd1105c.jpeg": {
    "app_sintetizada": "C083C5DFBBDB45A5A8B9E8A28D8940BD1105C.JPEG",
    "cantidad_archivos": 1,
    "archivos_fuente": [
      "Pictures/Fototeca de Fotos.photoslibrary/resources/derivatives/C/C083C5DF-BBDB-45A5-A8B9-E8A28D8940BD_1_105_c.jpeg"
    ],
    "ultima_modificacion": "2025-08-01 01:01:20.768678"
  },
  "c4a00854f9454e3faeb759a48e494c3e1105c.jpeg": {
    "app_sintetizada": "C4A00854F9454E3FAEB759A48E494C3E1105C.JPEG",
    "cantidad_archivos": 1,
    "archivos_fuente": [
      "Pictures/Fototeca de Fotos.photoslibrary/resources/derivatives/C/C4A00854-F945-4E3F-AEB7-59A48E494C3E_1_105_c.jpeg"
    ],
    "ultima_modificacion": "2025-08-01 01:01:20.768932"
  },
  "c69006a0ef784c4fa01aa43318f577f01105c.jpeg": {
    "app_sintetizada": "C69006A0EF784C4FA01AA43318F577F01105C.JPEG",
    "cantidad_archivos": 1,
    "archivos_fuente": [
      "Pictures/Fototeca de Fotos.photoslibrary/resources/derivatives/C/C69006A0-EF78-4C4F-A01A-A43318F577F0_1_105_c.jpeg"
    ],
    "ultima_modificacion": "2025-08-01 01:01:20.769278"
  },
  "cb4d8a1e267444cebbdb3dc1434fdc2c1105c.jpeg": {
    "app_sintetizada": "CB4D8A1E267444CEBBDB3DC1434FDC2C1105C.JPEG",
    "cantidad_archivos": 1,
    "archivos_fuente": [
      "Pictures/Fototeca de Fotos.photoslibrary/resources/derivatives/C/CB4D8A1E-2674-44CE-BBDB-3DC1434FDC2C_1_105_c.jpeg"
    ],
    "ultima_modificacion": "2025-08-01 01:01:20.769518"
  },
  "cac3df9280a74ecea8c97099ccc784ac1105c.jpeg": {
    "app_sintetizada": "CAC3DF9280A74ECEA8C97099CCC784AC1105C.JPEG",
    "cantidad_archivos": 1,
    "archivos_fuente": [
      "Pictures/Fototeca de Fotos.photoslibrary/resources/derivatives/C/CAC3DF92-80A7-4ECE-A8C9-7099CCC784AC_1_105_c.jpeg"
    ],
    "ultima_modificacion": "2025-08-01 01:01:20.769763"
  },
  "cd98eae2f65b48bca5ec62283f757566.thm": {
    "app_sintetizada": "CD98EAE2F65B48BCA5EC62283F757566.THM",
    "cantidad_archivos": 1,
    "archivos_fuente": [
      "Pictures/Fototeca de Fotos.photoslibrary/resources/derivatives/C/CD98EAE2-F65B-48BC-A5EC-62283F757566.THM"
    ],
    "ultima_modificacion": "2025-08-01 01:01:20.770022"
  },
  "ca1888758d42484f9cb421555a3a549c1105c.jpeg": {
    "app_sintetizada": "CA1888758D42484F9CB421555A3A549C1105C.JPEG",
    "cantidad_archivos": 1,
    "archivos_fuente": [
      "Pictures/Fototeca de Fotos.photoslibrary/resources/derivatives/C/CA188875-8D42-484F-9CB4-21555A3A549C_1_105_c.jpeg"
    ],
    "ultima_modificacion": "2025-08-01 01:01:20.770325"
  },
  "c89ce425c5e14d8cbe85193c406d455e.thm": {
    "app_sintetizada": "C89CE425C5E14D8CBE85193C406D455E.THM",
    "cantidad_archivos": 1,
    "archivos_fuente": [
      "Pictures/Fototeca de Fotos.photoslibrary/resources/derivatives/C/C89CE425-C5E1-4D8C-BE85-193C406D455E.THM"
    ],
    "ultima_modificacion": "2025-08-01 01:01:20.770549"
  },
  "cdfbead723a34da08da59bff81adab121105c.jpeg": {
    "app_sintetizada": "CDFBEAD723A34DA08DA59BFF81ADAB121105C.JPEG",
    "cantidad_archivos": 1,
    "archivos_fuente": [
      "Pictures/Fototeca de Fotos.photoslibrary/resources/derivatives/C/CDFBEAD7-23A3-4DA0-8DA5-9BFF81ADAB12_1_105_c.jpeg"
    ],
    "ultima_modificacion": "2025-08-01 01:01:20.770769"
  },
  "c31def57e88448d2acc65be8614b06131105c.jpeg": {
    "app_sintetizada": "C31DEF57E88448D2ACC65BE8614B06131105C.JPEG",
    "cantidad_archivos": 1,
    "archivos_fuente": [
      "Pictures/Fototeca de Fotos.photoslibrary/resources/derivatives/C/C31DEF57-E884-48D2-ACC6-5BE8614B0613_1_105_c.jpeg"
    ],
    "ultima_modificacion": "2025-08-01 01:01:20.770970"
  },
  "cf00a567347b499d82dcd671098dd0e81105c.jpeg": {
    "app_sintetizada": "CF00A567347B499D82DCD671098DD0E81105C.JPEG",
    "cantidad_archivos": 1,
    "archivos_fuente": [
      "Pictures/Fototeca de Fotos.photoslibrary/resources/derivatives/C/CF00A567-347B-499D-82DC-D671098DD0E8_1_105_c.jpeg"
    ],
    "ultima_modificacion": "2025-08-01 01:01:20.771173"
  },
  "c43b0535637d4c31a7623225e30728dd1105c.jpeg": {
    "app_sintetizada": "C43B0535637D4C31A7623225E30728DD1105C.JPEG",
    "cantidad_archivos": 1,
    "archivos_fuente": [
      "Pictures/Fototeca de Fotos.photoslibrary/resources/derivatives/C/C43B0535-637D-4C31-A762-3225E30728DD_1_105_c.jpeg"
    ],
    "ultima_modificacion": "2025-08-01 01:01:20.771371"
  },
  "c62681bd2e9a4e23a4f3ebd85be7e4c71105c.jpeg": {
    "app_sintetizada": "C62681BD2E9A4E23A4F3EBD85BE7E4C71105C.JPEG",
    "cantidad_archivos": 1,
    "archivos_fuente": [
      "Pictures/Fototeca de Fotos.photoslibrary/resources/derivatives/C/C62681BD-2E9A-4E23-A4F3-EBD85BE7E4C7_1_105_c.jpeg"
    ],
    "ultima_modificacion": "2025-08-01 01:01:20.771560"
  },
  "ce24e0c219f14f4e87180dc28d0c13f71105c.jpeg": {
    "app_sintetizada": "CE24E0C219F14F4E87180DC28D0C13F71105C.JPEG",
    "cantidad_archivos": 1,
    "archivos_fuente": [
      "Pictures/Fototeca de Fotos.photoslibrary/resources/derivatives/C/CE24E0C2-19F1-4F4E-8718-0DC28D0C13F7_1_105_c.jpeg"
    ],
    "ultima_modificacion": "2025-08-01 01:01:20.771814"
  },
  "c76bd4ea943049048276492203438ab71105c.jpeg": {
    "app_sintetizada": "C76BD4EA943049048276492203438AB71105C.JPEG",
    "cantidad_archivos": 1,
    "archivos_fuente": [
      "Pictures/Fototeca de Fotos.photoslibrary/resources/derivatives/C/C76BD4EA-9430-4904-8276-492203438AB7_1_105_c.jpeg"
    ],
    "ultima_modificacion": "2025-08-01 01:01:20.772111"
  },
  "c135014cb087421e905c27ef4c6c9b471105c.jpeg": {
    "app_sintetizada": "C135014CB087421E905C27EF4C6C9B471105C.JPEG",
    "cantidad_archivos": 1,
    "archivos_fuente": [
      "Pictures/Fototeca de Fotos.photoslibrary/resources/derivatives/C/C135014C-B087-421E-905C-27EF4C6C9B47_1_105_c.jpeg"
    ],
    "ultima_modificacion": "2025-08-01 01:01:20.772387"
  },
  "c7724c96837d46da9bc898d8fa2a60161105c.jpeg": {
    "app_sintetizada": "C7724C96837D46DA9BC898D8FA2A60161105C.JPEG",
    "cantidad_archivos": 1,
    "archivos_fuente": [
      "Pictures/Fototeca de Fotos.photoslibrary/resources/derivatives/C/C7724C96-837D-46DA-9BC8-98D8FA2A6016_1_105_c.jpeg"
    ],
    "ultima_modificacion": "2025-08-01 01:01:20.772609"
  },
  "cc48c5c53438422198c1e90aeaf8cddf1105c.jpeg": {
    "app_sintetizada": "CC48C5C53438422198C1E90AEAF8CDDF1105C.JPEG",
    "cantidad_archivos": 1,
    "archivos_fuente": [
      "Pictures/Fototeca de Fotos.photoslibrary/resources/derivatives/C/CC48C5C5-3438-4221-98C1-E90AEAF8CDDF_1_105_c.jpeg"
    ],
    "ultima_modificacion": "2025-08-01 01:01:20.772825"
  },
  "c38e288c9c494ab389c1e9772233e0111105c.jpeg": {
    "app_sintetizada": "C38E288C9C494AB389C1E9772233E0111105C.JPEG",
    "cantidad_archivos": 1,
    "archivos_fuente": [
      "Pictures/Fototeca de Fotos.photoslibrary/resources/derivatives/C/C38E288C-9C49-4AB3-89C1-E9772233E011_1_105_c.jpeg"
    ],
    "ultima_modificacion": "2025-08-01 01:01:20.773028"
  },
  "cb750eebbf9c47b882d27a0e17a5a5771105c.jpeg": {
    "app_sintetizada": "CB750EEBBF9C47B882D27A0E17A5A5771105C.JPEG",
    "cantidad_archivos": 1,
    "archivos_fuente": [
      "Pictures/Fototeca de Fotos.photoslibrary/resources/derivatives/C/CB750EEB-BF9C-47B8-82D2-7A0E17A5A577_1_105_c.jpeg"
    ],
    "ultima_modificacion": "2025-08-01 01:01:20.773229"
  },
  "c74722eea6d0449387fdb1f4e6cf0b3d1105c.jpeg": {
    "app_sintetizada": "C74722EEA6D0449387FDB1F4E6CF0B3D1105C.JPEG",
    "cantidad_archivos": 1,
    "archivos_fuente": [
      "Pictures/Fototeca de Fotos.photoslibrary/resources/derivatives/C/C74722EE-A6D0-4493-87FD-B1F4E6CF0B3D_1_105_c.jpeg"
    ],
    "ultima_modificacion": "2025-08-01 01:01:20.773434"
  },
  "c7e60475b42646b3bd2fb3e53c569a2f1105c.jpeg": {
    "app_sintetizada": "C7E60475B42646B3BD2FB3E53C569A2F1105C.JPEG",
    "cantidad_archivos": 1,
    "archivos_fuente": [
      "Pictures/Fototeca de Fotos.photoslibrary/resources/derivatives/C/C7E60475-B426-46B3-BD2F-B3E53C569A2F_1_105_c.jpeg"
    ],
    "ultima_modificacion": "2025-08-01 01:01:20.773713"
  },
  "cc0cec7b52354df2b25f32264bca55e91105c.jpeg": {
    "app_sintetizada": "CC0CEC7B52354DF2B25F32264BCA55E91105C.JPEG",
    "cantidad_archivos": 1,
    "archivos_fuente": [
      "Pictures/Fototeca de Fotos.photoslibrary/resources/derivatives/C/CC0CEC7B-5235-4DF2-B25F-32264BCA55E9_1_105_c.jpeg"
    ],
    "ultima_modificacion": "2025-08-01 01:01:20.774130"
  },
  "c39d186190a141bdbac83692a03edd7e1105c.jpeg": {
    "app_sintetizada": "C39D186190A141BDBAC83692A03EDD7E1105C.JPEG",
    "cantidad_archivos": 1,
    "archivos_fuente": [
      "Pictures/Fototeca de Fotos.photoslibrary/resources/derivatives/C/C39D1861-90A1-41BD-BAC8-3692A03EDD7E_1_105_c.jpeg"
    ],
    "ultima_modificacion": "2025-08-01 01:01:20.774407"
  },
  "cb0c7877f7784fca863aefe38942db311105c.jpeg": {
    "app_sintetizada": "CB0C7877F7784FCA863AEFE38942DB311105C.JPEG",
    "cantidad_archivos": 1,
    "archivos_fuente": [
      "Pictures/Fototeca de Fotos.photoslibrary/resources/derivatives/C/CB0C7877-F778-4FCA-863A-EFE38942DB31_1_105_c.jpeg"
    ],
    "ultima_modificacion": "2025-08-01 01:01:20.774670"
  },
  "c50b9404151f4c1ba44651d37ec6c9731105c.jpeg": {
    "app_sintetizada": "C50B9404151F4C1BA44651D37EC6C9731105C.JPEG",
    "cantidad_archivos": 1,
    "archivos_fuente": [
      "Pictures/Fototeca de Fotos.photoslibrary/resources/derivatives/C/C50B9404-151F-4C1B-A446-51D37EC6C973_1_105_c.jpeg"
    ],
    "ultima_modificacion": "2025-08-01 01:01:20.775013"
  },
  "c0ddfbb12308446b8112c9feb142399e1105c.jpeg": {
    "app_sintetizada": "C0DDFBB12308446B8112C9FEB142399E1105C.JPEG",
    "cantidad_archivos": 1,
    "archivos_fuente": [
      "Pictures/Fototeca de Fotos.photoslibrary/resources/derivatives/C/C0DDFBB1-2308-446B-8112-C9FEB142399E_1_105_c.jpeg"
    ],
    "ultima_modificacion": "2025-08-01 01:01:20.775254"
  },
  "ccc1eb8bf0e346e29ffd6a6b2f7e3b16.thm": {
    "app_sintetizada": "CCC1EB8BF0E346E29FFD6A6B2F7E3B16.THM",
    "cantidad_archivos": 1,
    "archivos_fuente": [
      "Pictures/Fototeca de Fotos.photoslibrary/resources/derivatives/C/CCC1EB8B-F0E3-46E2-9FFD-6A6B2F7E3B16.THM"
    ],
    "ultima_modificacion": "2025-08-01 01:01:20.775537"
  },
  "cece7e2d5dcc4d2fbeb814ba3ceb33af1105c.jpeg": {
    "app_sintetizada": "CECE7E2D5DCC4D2FBEB814BA3CEB33AF1105C.JPEG",
    "cantidad_archivos": 1,
    "archivos_fuente": [
      "Pictures/Fototeca de Fotos.photoslibrary/resources/derivatives/C/CECE7E2D-5DCC-4D2F-BEB8-14BA3CEB33AF_1_105_c.jpeg"
    ],
    "ultima_modificacion": "2025-08-01 01:01:20.775770"
  },
  "c3f1b41061e3458f96e929e8bd3bcb7b1105c.jpeg": {
    "app_sintetizada": "C3F1B41061E3458F96E929E8BD3BCB7B1105C.JPEG",
    "cantidad_archivos": 1,
    "archivos_fuente": [
      "Pictures/Fototeca de Fotos.photoslibrary/resources/derivatives/C/C3F1B410-61E3-458F-96E9-29E8BD3BCB7B_1_105_c.jpeg"
    ],
    "ultima_modificacion": "2025-08-01 01:01:20.776006"
  },
  "c4fd4cf248f24b7b876d83b75c366e781105c.jpeg": {
    "app_sintetizada": "C4FD4CF248F24B7B876D83B75C366E781105C.JPEG",
    "cantidad_archivos": 1,
    "archivos_fuente": [
      "Pictures/Fototeca de Fotos.photoslibrary/resources/derivatives/C/C4FD4CF2-48F2-4B7B-876D-83B75C366E78_1_105_c.jpeg"
    ],
    "ultima_modificacion": "2025-08-01 01:01:20.776235"
  },
  "c87dfc1bdc23448c96349d6aaee8a18e1105c.jpeg": {
    "app_sintetizada": "C87DFC1BDC23448C96349D6AAEE8A18E1105C.JPEG",
    "cantidad_archivos": 1,
    "archivos_fuente": [
      "Pictures/Fototeca de Fotos.photoslibrary/resources/derivatives/C/C87DFC1B-DC23-448C-9634-9D6AAEE8A18E_1_105_c.jpeg"
    ],
    "ultima_modificacion": "2025-08-01 01:01:20.776482"
  },
  "c64fb7a11c5845b1b7029703e6692c3a1105c.jpeg": {
    "app_sintetizada": "C64FB7A11C5845B1B7029703E6692C3A1105C.JPEG",
    "cantidad_archivos": 1,
    "archivos_fuente": [
      "Pictures/Fototeca de Fotos.photoslibrary/resources/derivatives/C/C64FB7A1-1C58-45B1-B702-9703E6692C3A_1_105_c.jpeg"
    ],
    "ultima_modificacion": "2025-08-01 01:01:20.776729"
  },
  "c4aa95feca8843e9867447549c3108bc1105c.jpeg": {
    "app_sintetizada": "C4AA95FECA8843E9867447549C3108BC1105C.JPEG",
    "cantidad_archivos": 1,
    "archivos_fuente": [
      "Pictures/Fototeca de Fotos.photoslibrary/resources/derivatives/C/C4AA95FE-CA88-43E9-8674-47549C3108BC_1_105_c.jpeg"
    ],
    "ultima_modificacion": "2025-08-01 01:01:20.777007"
  },
  "c8ef302b8f8549f98975138c4d7f0ebb1105c.jpeg": {
    "app_sintetizada": "C8EF302B8F8549F98975138C4D7F0EBB1105C.JPEG",
    "cantidad_archivos": 1,
    "archivos_fuente": [
      "Pictures/Fototeca de Fotos.photoslibrary/resources/derivatives/C/C8EF302B-8F85-49F9-8975-138C4D7F0EBB_1_105_c.jpeg"
    ],
    "ultima_modificacion": "2025-08-01 01:01:20.777232"
  },
  "c70e5cf21d624f7ab8fc851b6e283ad01105c.jpeg": {
    "app_sintetizada": "C70E5CF21D624F7AB8FC851B6E283AD01105C.JPEG",
    "cantidad_archivos": 1,
    "archivos_fuente": [
      "Pictures/Fototeca de Fotos.photoslibrary/resources/derivatives/C/C70E5CF2-1D62-4F7A-B8FC-851B6E283AD0_1_105_c.jpeg"
    ],
    "ultima_modificacion": "2025-08-01 01:01:20.777432"
  },
  "ce47fe1415944d85bec8e84fb19104dd1105c.jpeg": {
    "app_sintetizada": "CE47FE1415944D85BEC8E84FB19104DD1105C.JPEG",
    "cantidad_archivos": 1,
    "archivos_fuente": [
      "Pictures/Fototeca de Fotos.photoslibrary/resources/derivatives/C/CE47FE14-1594-4D85-BEC8-E84FB19104DD_1_105_c.jpeg"
    ],
    "ultima_modificacion": "2025-08-01 01:01:20.777631"
  },
  "c85ed40470374b7a87684a37fb553f9d1105c.jpeg": {
    "app_sintetizada": "C85ED40470374B7A87684A37FB553F9D1105C.JPEG",
    "cantidad_archivos": 1,
    "archivos_fuente": [
      "Pictures/Fototeca de Fotos.photoslibrary/resources/derivatives/C/C85ED404-7037-4B7A-8768-4A37FB553F9D_1_105_c.jpeg"
    ],
    "ultima_modificacion": "2025-08-01 01:01:20.777885"
  },
  "c1b4e5aecc074c3390ab114753eb608f1102o.jpeg": {
    "app_sintetizada": "C1B4E5AECC074C3390AB114753EB608F1102O.JPEG",
    "cantidad_archivos": 1,
    "archivos_fuente": [
      "Pictures/Fototeca de Fotos.photoslibrary/resources/derivatives/C/C1B4E5AE-CC07-4C33-90AB-114753EB608F_1_102_o.jpeg"
    ],
    "ultima_modificacion": "2025-08-01 01:01:20.778193"
  },
  "c94c639b53e54bffb9189cfec0174c4d1105c.jpeg": {
    "app_sintetizada": "C94C639B53E54BFFB9189CFEC0174C4D1105C.JPEG",
    "cantidad_archivos": 1,
    "archivos_fuente": [
      "Pictures/Fototeca de Fotos.photoslibrary/resources/derivatives/C/C94C639B-53E5-4BFF-B918-9CFEC0174C4D_1_105_c.jpeg"
    ],
    "ultima_modificacion": "2025-08-01 01:01:20.778445"
  },
  "ccf9719f0344450aacfba8d41e6676cf1105c.jpeg": {
    "app_sintetizada": "CCF9719F0344450AACFBA8D41E6676CF1105C.JPEG",
    "cantidad_archivos": 1,
    "archivos_fuente": [
      "Pictures/Fototeca de Fotos.photoslibrary/resources/derivatives/C/CCF9719F-0344-450A-ACFB-A8D41E6676CF_1_105_c.jpeg"
    ],
    "ultima_modificacion": "2025-08-01 01:01:20.778763"
  },
  "c7680ed14fb04538a678ef05ce1020831105c.jpeg": {
    "app_sintetizada": "C7680ED14FB04538A678EF05CE1020831105C.JPEG",
    "cantidad_archivos": 1,
    "archivos_fuente": [
      "Pictures/Fototeca de Fotos.photoslibrary/resources/derivatives/C/C7680ED1-4FB0-4538-A678-EF05CE102083_1_105_c.jpeg"
    ],
    "ultima_modificacion": "2025-08-01 01:01:20.779062"
  },
  "c91d4df714bf43c59904118a8a2bdf131105c.jpeg": {
    "app_sintetizada": "C91D4DF714BF43C59904118A8A2BDF131105C.JPEG",
    "cantidad_archivos": 1,
    "archivos_fuente": [
      "Pictures/Fototeca de Fotos.photoslibrary/resources/derivatives/C/C91D4DF7-14BF-43C5-9904-118A8A2BDF13_1_105_c.jpeg"
    ],
    "ultima_modificacion": "2025-08-01 01:01:20.779373"
  },
  "c098027c2a69448887583c75fba23fa01105c.jpeg": {
    "app_sintetizada": "C098027C2A69448887583C75FBA23FA01105C.JPEG",
    "cantidad_archivos": 1,
    "archivos_fuente": [
      "Pictures/Fototeca de Fotos.photoslibrary/resources/derivatives/C/C098027C-2A69-4488-8758-3C75FBA23FA0_1_105_c.jpeg"
    ],
    "ultima_modificacion": "2025-08-01 01:01:20.779672"
  },
  "cd8c27887d4d42c8bfc8094a681f8eb11105c.jpeg": {
    "app_sintetizada": "CD8C27887D4D42C8BFC8094A681F8EB11105C.JPEG",
    "cantidad_archivos": 1,
    "archivos_fuente": [
      "Pictures/Fototeca de Fotos.photoslibrary/resources/derivatives/C/CD8C2788-7D4D-42C8-BFC8-094A681F8EB1_1_105_c.jpeg"
    ],
    "ultima_modificacion": "2025-08-01 01:01:20.779971"
  },
  "c8866c958ce5464ea6f195d5a1cbe8941105c.jpeg": {
    "app_sintetizada": "C8866C958CE5464EA6F195D5A1CBE8941105C.JPEG",
    "cantidad_archivos": 1,
    "archivos_fuente": [
      "Pictures/Fototeca de Fotos.photoslibrary/resources/derivatives/C/C8866C95-8CE5-464E-A6F1-95D5A1CBE894_1_105_c.jpeg"
    ],
    "ultima_modificacion": "2025-08-01 01:01:20.780253"
  },
  "cfb0069ec64f469b82d50ced40a7acde1105c.jpeg": {
    "app_sintetizada": "CFB0069EC64F469B82D50CED40A7ACDE1105C.JPEG",
    "cantidad_archivos": 1,
    "archivos_fuente": [
      "Pictures/Fototeca de Fotos.photoslibrary/resources/derivatives/C/CFB0069E-C64F-469B-82D5-0CED40A7ACDE_1_105_c.jpeg"
    ],
    "ultima_modificacion": "2025-08-01 01:01:20.780502"
  },
  "c13b6aa54f674d8b9a2a31da355251011105c.jpeg": {
    "app_sintetizada": "C13B6AA54F674D8B9A2A31DA355251011105C.JPEG",
    "cantidad_archivos": 1,
    "archivos_fuente": [
      "Pictures/Fototeca de Fotos.photoslibrary/resources/derivatives/C/C13B6AA5-4F67-4D8B-9A2A-31DA35525101_1_105_c.jpeg"
    ],
    "ultima_modificacion": "2025-08-01 01:01:20.780742"
  },
  "c967853106e34ea4af9d96c0000601311105c.jpeg": {
    "app_sintetizada": "C967853106E34EA4AF9D96C0000601311105C.JPEG",
    "cantidad_archivos": 1,
    "archivos_fuente": [
      "Pictures/Fototeca de Fotos.photoslibrary/resources/derivatives/C/C9678531-06E3-4EA4-AF9D-96C000060131_1_105_c.jpeg"
    ],
    "ultima_modificacion": "2025-08-01 01:01:20.781056"
  },
  "cbe77179575b4cab9204043322f9d7f5.thm": {
    "app_sintetizada": "CBE77179575B4CAB9204043322F9D7F5.THM",
    "cantidad_archivos": 1,
    "archivos_fuente": [
      "Pictures/Fototeca de Fotos.photoslibrary/resources/derivatives/C/CBE77179-575B-4CAB-9204-043322F9D7F5.THM"
    ],
    "ultima_modificacion": "2025-08-01 01:01:20.781269"
  },
  "c3e5ddcdfda54cfb906ab53f51a1f4c41105c.jpeg": {
    "app_sintetizada": "C3E5DDCDFDA54CFB906AB53F51A1F4C41105C.JPEG",
    "cantidad_archivos": 1,
    "archivos_fuente": [
      "Pictures/Fototeca de Fotos.photoslibrary/resources/derivatives/C/C3E5DDCD-FDA5-4CFB-906A-B53F51A1F4C4_1_105_c.jpeg"
    ],
    "ultima_modificacion": "2025-08-01 01:01:20.781469"
  },
  "c9fbba31971b4ded848b9e8ec7f82fb11105c.jpeg": {
    "app_sintetizada": "C9FBBA31971B4DED848B9E8EC7F82FB11105C.JPEG",
    "cantidad_archivos": 1,
    "archivos_fuente": [
      "Pictures/Fototeca de Fotos.photoslibrary/resources/derivatives/C/C9FBBA31-971B-4DED-848B-9E8EC7F82FB1_1_105_c.jpeg"
    ],
    "ultima_modificacion": "2025-08-01 01:01:20.781669"
  }
}