{
  "10026882e70486690": {
    "app_sintetizada": "10026882E70486690",
    "cantidad_archivos": 1,
    "archivos_fuente": [
      "Library/Application Support/Microsoft/Skype for Desktop/Cache/10026882e7048669_0"
    ],
    "ultima_modificacion": "2025-08-01 01:01:40.497794"
  },
  "239b8d7f6eebf3d50": {
    "app_sintetizada": "239B8D7F6EEBF3D50",
    "cantidad_archivos": 1,
    "archivos_fuente": [
      "Library/Application Support/Microsoft/Skype for Desktop/Cache/239b8d7f6eebf3d5_0"
    ],
    "ultima_modificacion": "2025-08-01 01:01:40.498137"
  },
  "53990c8751c224020": {
    "app_sintetizada": "53990C8751C224020",
    "cantidad_archivos": 1,
    "archivos_fuente": [
      "Library/Application Support/Microsoft/Skype for Desktop/Cache/53990c8751c22402_0"
    ],
    "ultima_modificacion": "2025-08-01 01:01:40.498627"
  },
  "7578e2540386221f0": {
    "app_sintetizada": "7578E2540386221F0",
    "cantidad_archivos": 1,
    "archivos_fuente": [
      "Library/Application Support/Microsoft/Skype for Desktop/Cache/7578e2540386221f_0"
    ],
    "ultima_modificacion": "2025-08-01 01:01:40.500642"
  },
  "ca0c2a88f233d9810": {
    "app_sintetizada": "CA0C2A88F233D9810",
    "cantidad_archivos": 1,
    "archivos_fuente": [
      "Library/Application Support/Microsoft/Skype for Desktop/Cache/ca0c2a88f233d981_0"
    ],
    "ultima_modificacion": "2025-08-01 01:01:40.501861"
  },
  "a8735d1c47a8d1b50": {
    "app_sintetizada": "A8735D1C47A8D1B50",
    "cantidad_archivos": 1,
    "archivos_fuente": [
      "Library/Application Support/Microsoft/Skype for Desktop/Cache/a8735d1c47a8d1b5_0"
    ],
    "ultima_modificacion": "2025-08-01 01:01:40.502490"
  },
  "a86afeccdb1dfb160": {
    "app_sintetizada": "A86AFECCDB1DFB160",
    "cantidad_archivos": 1,
    "archivos_fuente": [
      "Library/Application Support/Microsoft/Skype for Desktop/Cache/a86afeccdb1dfb16_0"
    ],
    "ultima_modificacion": "2025-08-01 01:01:40.502845"
  },
  "0de555a3383f5c100": {
    "app_sintetizada": "0DE555A3383F5C100",
    "cantidad_archivos": 1,
    "archivos_fuente": [
      "Library/Application Support/Microsoft/Skype for Desktop/Cache/0de555a3383f5c10_0"
    ],
    "ultima_modificacion": "2025-08-01 01:01:40.503940"
  },
  "b4e623e57f246cff0": {
    "app_sintetizada": "B4E623E57F246CFF0",
    "cantidad_archivos": 1,
    "archivos_fuente": [
      "Library/Application Support/Microsoft/Skype for Desktop/Cache/b4e623e57f246cff_0"
    ],
    "ultima_modificacion": "2025-08-01 01:01:40.504400"
  },
  "11587f777ff82f480": {
    "app_sintetizada": "11587F777FF82F480",
    "cantidad_archivos": 1,
    "archivos_fuente": [
      "Library/Application Support/Microsoft/Skype for Desktop/Cache/11587f777ff82f48_0"
    ],
    "ultima_modificacion": "2025-08-01 01:01:40.504766"
  },
  "b534262daf1d16410": {
    "app_sintetizada": "B534262DAF1D16410",
    "cantidad_archivos": 1,
    "archivos_fuente": [
      "Library/Application Support/Microsoft/Skype for Desktop/Cache/b534262daf1d1641_0"
    ],
    "ultima_modificacion": "2025-08-01 01:01:40.505110"
  },
  "325c2bb6e86ccdfa0": {
    "app_sintetizada": "325C2BB6E86CCDFA0",
    "cantidad_archivos": 1,
    "archivos_fuente": [
      "Library/Application Support/Microsoft/Skype for Desktop/Cache/325c2bb6e86ccdfa_0"
    ],
    "ultima_modificacion": "2025-08-01 01:01:40.505552"
  },
  "64dfc9a6272700140": {
    "app_sintetizada": "64DFC9A6272700140",
    "cantidad_archivos": 1,
    "archivos_fuente": [
      "Library/Application Support/Microsoft/Skype for Desktop/Cache/64dfc9a627270014_0"
    ],
    "ultima_modificacion": "2025-08-01 01:01:40.505957"
  },
  "8694893ce536fef40": {
    "app_sintetizada": "8694893CE536FEF40",
    "cantidad_archivos": 1,
    "archivos_fuente": [
      "Library/Application Support/Microsoft/Skype for Desktop/Cache/8694893ce536fef4_0"
    ],
    "ultima_modificacion": "2025-08-01 01:01:40.506316"
  },
  "8796a98078098aee0": {
    "app_sintetizada": "8796A98078098AEE0",
    "cantidad_archivos": 1,
    "archivos_fuente": [
      "Library/Application Support/Microsoft/Skype for Desktop/Cache/8796a98078098aee_0"
    ],
    "ultima_modificacion": "2025-08-01 01:01:40.506647"
  },
  "cbc5bbed8f8417870": {
    "app_sintetizada": "CBC5BBED8F8417870",
    "cantidad_archivos": 1,
    "archivos_fuente": [
      "Library/Application Support/Microsoft/Skype for Desktop/Cache/cbc5bbed8f841787_0"
    ],
    "ultima_modificacion": "2025-08-01 01:01:40.507753"
  },
  "1e6b20a0371d75200": {
    "app_sintetizada": "1E6B20A0371D75200",
    "cantidad_archivos": 1,
    "archivos_fuente": [
      "Library/Application Support/Microsoft/Skype for Desktop/Cache/1e6b20a0371d7520_0"
    ],
    "ultima_modificacion": "2025-08-01 01:01:40.508136"
  },
  "a157c940b9ae2baa0": {
    "app_sintetizada": "A157C940B9AE2BAA0",
    "cantidad_archivos": 1,
    "archivos_fuente": [
      "Library/Application Support/Microsoft/Skype for Desktop/Cache/a157c940b9ae2baa_0"
    ],
    "ultima_modificacion": "2025-08-01 01:01:40.508487"
  },
  "60899030127e04a00": {
    "app_sintetizada": "60899030127E04A00",
    "cantidad_archivos": 1,
    "archivos_fuente": [
      "Library/Application Support/Microsoft/Skype for Desktop/Cache/60899030127e04a0_0"
    ],
    "ultima_modificacion": "2025-08-01 01:01:40.508833"
  },
  "7186faa269b26a2d0": {
    "app_sintetizada": "7186FAA269B26A2D0",
    "cantidad_archivos": 1,
    "archivos_fuente": [
      "Library/Application Support/Microsoft/Skype for Desktop/Cache/7186faa269b26a2d_0"
    ],
    "ultima_modificacion": "2025-08-01 01:01:40.509195"
  },
  "c92ff73f04e47c070": {
    "app_sintetizada": "C92FF73F04E47C070",
    "cantidad_archivos": 1,
    "archivos_fuente": [
      "Library/Application Support/Microsoft/Skype for Desktop/Cache/c92ff73f04e47c07_0"
    ],
    "ultima_modificacion": "2025-08-01 01:01:40.509519"
  },
  "f01291b433fae55c0": {
    "app_sintetizada": "F01291B433FAE55C0",
    "cantidad_archivos": 1,
    "archivos_fuente": [
      "Library/Application Support/Microsoft/Skype for Desktop/Cache/f01291b433fae55c_0"
    ],
    "ultima_modificacion": "2025-08-01 01:01:40.509818"
  },
  "3d028c104b7bf8cf0": {
    "app_sintetizada": "3D028C104B7BF8CF0",
    "cantidad_archivos": 1,
    "archivos_fuente": [
      "Library/Application Support/Microsoft/Skype for Desktop/Cache/3d028c104b7bf8cf_0"
    ],
    "ultima_modificacion": "2025-08-01 01:01:40.510113"
  },
  "dd661593bf5b03e00": {
    "app_sintetizada": "DD661593BF5B03E00",
    "cantidad_archivos": 1,
    "archivos_fuente": [
      "Library/Application Support/Microsoft/Skype for Desktop/Cache/dd661593bf5b03e0_0"
    ],
    "ultima_modificacion": "2025-08-01 01:01:40.510430"
  },
  "0f9b6aa7e7a756f40": {
    "app_sintetizada": "0F9B6AA7E7A756F40",
    "cantidad_archivos": 1,
    "archivos_fuente": [
      "Library/Application Support/Microsoft/Skype for Desktop/Cache/0f9b6aa7e7a756f4_0"
    ],
    "ultima_modificacion": "2025-08-01 01:01:40.510768"
  },
  "5b82d15f5b8567c00": {
    "app_sintetizada": "5B82D15F5B8567C00",
    "cantidad_archivos": 1,
    "archivos_fuente": [
      "Library/Application Support/Microsoft/Skype for Desktop/Cache/5b82d15f5b8567c0_0"
    ],
    "ultima_modificacion": "2025-08-01 01:01:40.511200"
  },
  "630eecc07dfb9ed00": {
    "app_sintetizada": "630EECC07DFB9ED00",
    "cantidad_archivos": 1,
    "archivos_fuente": [
      "Library/Application Support/Microsoft/Skype for Desktop/Cache/630eecc07dfb9ed0_0"
    ],
    "ultima_modificacion": "2025-08-01 01:01:40.511839"
  },
  "45d92706e586d3ee0": {
    "app_sintetizada": "45D92706E586D3EE0",
    "cantidad_archivos": 1,
    "archivos_fuente": [
      "Library/Application Support/Microsoft/Skype for Desktop/Cache/45d92706e586d3ee_0"
    ],
    "ultima_modificacion": "2025-08-01 01:01:40.513200"
  },
  "cfe7cd4106c142bb0": {
    "app_sintetizada": "CFE7CD4106C142BB0",
    "cantidad_archivos": 1,
    "archivos_fuente": [
      "Library/Application Support/Microsoft/Skype for Desktop/Cache/cfe7cd4106c142bb_0"
    ],
    "ultima_modificacion": "2025-08-01 01:01:40.513671"
  },
  "bfe960d11cc4463f0": {
    "app_sintetizada": "BFE960D11CC4463F0",
    "cantidad_archivos": 1,
    "archivos_fuente": [
      "Library/Application Support/Microsoft/Skype for Desktop/Cache/bfe960d11cc4463f_0"
    ],
    "ultima_modificacion": "2025-08-01 01:01:40.514044"
  },
  "9e344e933232eeb70": {
    "app_sintetizada": "9E344E933232EEB70",
    "cantidad_archivos": 1,
    "archivos_fuente": [
      "Library/Application Support/Microsoft/Skype for Desktop/Cache/9e344e933232eeb7_0"
    ],
    "ultima_modificacion": "2025-08-01 01:01:40.514407"
  },
  "17f214ef019753de0": {
    "app_sintetizada": "17F214EF019753DE0",
    "cantidad_archivos": 1,
    "archivos_fuente": [
      "Library/Application Support/Microsoft/Skype for Desktop/Cache/17f214ef019753de_0"
    ],
    "ultima_modificacion": "2025-08-01 01:01:40.516278"
  },
  "16b2c374d8f1e6450": {
    "app_sintetizada": "16B2C374D8F1E6450",
    "cantidad_archivos": 1,
    "archivos_fuente": [
      "Library/Application Support/Microsoft/Skype for Desktop/Cache/16b2c374d8f1e645_0"
    ],
    "ultima_modificacion": "2025-08-01 01:01:40.518465"
  },
  "80ce4b677a5ac2460": {
    "app_sintetizada": "80CE4B677A5AC2460",
    "cantidad_archivos": 1,
    "archivos_fuente": [
      "Library/Application Support/Microsoft/Skype for Desktop/Cache/80ce4b677a5ac246_0"
    ],
    "ultima_modificacion": "2025-08-01 01:01:40.520075"
  },
  "e83962c491810ba10": {
    "app_sintetizada": "E83962C491810BA10",
    "cantidad_archivos": 1,
    "archivos_fuente": [
      "Library/Application Support/Microsoft/Skype for Desktop/Cache/e83962c491810ba1_0"
    ],
    "ultima_modificacion": "2025-08-01 01:01:40.521050"
  },
  "8d8693859acd024e0": {
    "app_sintetizada": "8D8693859ACD024E0",
    "cantidad_archivos": 1,
    "archivos_fuente": [
      "Library/Application Support/Microsoft/Skype for Desktop/Cache/8d8693859acd024e_0"
    ],
    "ultima_modificacion": "2025-08-01 01:01:40.522682"
  },
  "4daee508171731470": {
    "app_sintetizada": "4DAEE508171731470",
    "cantidad_archivos": 1,
    "archivos_fuente": [
      "Library/Application Support/Microsoft/Skype for Desktop/Cache/4daee50817173147_0"
    ],
    "ultima_modificacion": "2025-08-01 01:01:40.524074"
  },
  "2bec5f9b5e179f870": {
    "app_sintetizada": "2BEC5F9B5E179F870",
    "cantidad_archivos": 1,
    "archivos_fuente": [
      "Library/Application Support/Microsoft/Skype for Desktop/Cache/2bec5f9b5e179f87_0"
    ],
    "ultima_modificacion": "2025-08-01 01:01:40.526137"
  },
  "bf25b7e65f4f070d0": {
    "app_sintetizada": "BF25B7E65F4F070D0",
    "cantidad_archivos": 1,
    "archivos_fuente": [
      "Library/Application Support/Microsoft/Skype for Desktop/Cache/bf25b7e65f4f070d_0"
    ],
    "ultima_modificacion": "2025-08-01 01:01:40.529511"
  },
  "29fb5cd64745d0410": {
    "app_sintetizada": "29FB5CD64745D0410",
    "cantidad_archivos": 1,
    "archivos_fuente": [
      "Library/Application Support/Microsoft/Skype for Desktop/Cache/29fb5cd64745d041_0"
    ],
    "ultima_modificacion": "2025-08-01 01:01:40.529970"
  },
  "a82433d24b64883f0": {
    "app_sintetizada": "A82433D24B64883F0",
    "cantidad_archivos": 1,
    "archivos_fuente": [
      "Library/Application Support/Microsoft/Skype for Desktop/Cache/a82433d24b64883f_0"
    ],
    "ultima_modificacion": "2025-08-01 01:01:40.530399"
  },
  "3011b2d5038881230": {
    "app_sintetizada": "3011B2D5038881230",
    "cantidad_archivos": 1,
    "archivos_fuente": [
      "Library/Application Support/Microsoft/Skype for Desktop/Cache/3011b2d503888123_0"
    ],
    "ultima_modificacion": "2025-08-01 01:01:40.530777"
  },
  "803594945a9d90910": {
    "app_sintetizada": "803594945A9D90910",
    "cantidad_archivos": 1,
    "archivos_fuente": [
      "Library/Application Support/Microsoft/Skype for Desktop/Cache/803594945a9d9091_0"
    ],
    "ultima_modificacion": "2025-08-01 01:01:40.531152"
  },
  "8f65b21672501e900": {
    "app_sintetizada": "8F65B21672501E900",
    "cantidad_archivos": 1,
    "archivos_fuente": [
      "Library/Application Support/Microsoft/Skype for Desktop/Cache/8f65b21672501e90_0"
    ],
    "ultima_modificacion": "2025-08-01 01:01:40.531662"
  },
  "3dacd28a1373808d0": {
    "app_sintetizada": "3DACD28A1373808D0",
    "cantidad_archivos": 1,
    "archivos_fuente": [
      "Library/Application Support/Microsoft/Skype for Desktop/Cache/3dacd28a1373808d_0"
    ],
    "ultima_modificacion": "2025-08-01 01:01:40.532202"
  },
  "c40d80488aee42460": {
    "app_sintetizada": "C40D80488AEE42460",
    "cantidad_archivos": 1,
    "archivos_fuente": [
      "Library/Application Support/Microsoft/Skype for Desktop/Cache/c40d80488aee4246_0"
    ],
    "ultima_modificacion": "2025-08-01 01:01:40.534586"
  },
  "d8247f04bea326aa0": {
    "app_sintetizada": "D8247F04BEA326AA0",
    "cantidad_archivos": 1,
    "archivos_fuente": [
      "Library/Application Support/Microsoft/Skype for Desktop/Cache/d8247f04bea326aa_0"
    ],
    "ultima_modificacion": "2025-08-01 01:01:40.536214"
  },
  "949a4e9a9956d21d0": {
    "app_sintetizada": "949A4E9A9956D21D0",
    "cantidad_archivos": 1,
    "archivos_fuente": [
      "Library/Application Support/Microsoft/Skype for Desktop/Cache/949a4e9a9956d21d_0"
    ],
    "ultima_modificacion": "2025-08-01 01:01:40.539287"
  },
  "887263cc03fbbdd00": {
    "app_sintetizada": "887263CC03FBBDD00",
    "cantidad_archivos": 1,
    "archivos_fuente": [
      "Library/Application Support/Microsoft/Skype for Desktop/Cache/887263cc03fbbdd0_0"
    ],
    "ultima_modificacion": "2025-08-01 01:01:40.550488"
  },
  "c1c89c3a386194510": {
    "app_sintetizada": "C1C89C3A386194510",
    "cantidad_archivos": 1,
    "archivos_fuente": [
      "Library/Application Support/Microsoft/Skype for Desktop/Cache/c1c89c3a38619451_0"
    ],
    "ultima_modificacion": "2025-08-01 01:01:40.551873"
  },
  "2fe53c4cfc3e1cc20": {
    "app_sintetizada": "2FE53C4CFC3E1CC20",
    "cantidad_archivos": 1,
    "archivos_fuente": [
      "Library/Application Support/Microsoft/Skype for Desktop/Cache/2fe53c4cfc3e1cc2_0"
    ],
    "ultima_modificacion": "2025-08-01 01:01:40.552471"
  },
  "355a26de3f00f8f60": {
    "app_sintetizada": "355A26DE3F00F8F60",
    "cantidad_archivos": 1,
    "archivos_fuente": [
      "Library/Application Support/Microsoft/Skype for Desktop/Cache/355a26de3f00f8f6_0"
    ],
    "ultima_modificacion": "2025-08-01 01:01:40.553263"
  },
  "101e2bcb1773bb600": {
    "app_sintetizada": "101E2BCB1773BB600",
    "cantidad_archivos": 1,
    "archivos_fuente": [
      "Library/Application Support/Microsoft/Skype for Desktop/Cache/101e2bcb1773bb60_0"
    ],
    "ultima_modificacion": "2025-08-01 01:01:40.554028"
  },
  "74b9498d8aec079e0": {
    "app_sintetizada": "74B9498D8AEC079E0",
    "cantidad_archivos": 1,
    "archivos_fuente": [
      "Library/Application Support/Microsoft/Skype for Desktop/Cache/74b9498d8aec079e_0"
    ],
    "ultima_modificacion": "2025-08-01 01:01:40.554439"
  },
  "fa055eebac988c880": {
    "app_sintetizada": "FA055EEBAC988C880",
    "cantidad_archivos": 1,
    "archivos_fuente": [
      "Library/Application Support/Microsoft/Skype for Desktop/Cache/fa055eebac988c88_0"
    ],
    "ultima_modificacion": "2025-08-01 01:01:40.554799"
  },
  "614027d3ea84a0350": {
    "app_sintetizada": "614027D3EA84A0350",
    "cantidad_archivos": 1,
    "archivos_fuente": [
      "Library/Application Support/Microsoft/Skype for Desktop/Cache/614027d3ea84a035_0"
    ],
    "ultima_modificacion": "2025-08-01 01:01:40.555196"
  },
  "abfe9e01f1e060320": {
    "app_sintetizada": "ABFE9E01F1E060320",
    "cantidad_archivos": 1,
    "archivos_fuente": [
      "Library/Application Support/Microsoft/Skype for Desktop/Cache/abfe9e01f1e06032_0"
    ],
    "ultima_modificacion": "2025-08-01 01:01:40.555705"
  },
  "ec9a263085243dc00": {
    "app_sintetizada": "EC9A263085243DC00",
    "cantidad_archivos": 1,
    "archivos_fuente": [
      "Library/Application Support/Microsoft/Skype for Desktop/Cache/ec9a263085243dc0_0"
    ],
    "ultima_modificacion": "2025-08-01 01:01:40.556209"
  },
  "c531500058bf29270": {
    "app_sintetizada": "C531500058BF29270",
    "cantidad_archivos": 1,
    "archivos_fuente": [
      "Library/Application Support/Microsoft/Skype for Desktop/Cache/c531500058bf2927_0"
    ],
    "ultima_modificacion": "2025-08-01 01:01:40.556682"
  },
  "5d92985fc6ad59d50": {
    "app_sintetizada": "5D92985FC6AD59D50",
    "cantidad_archivos": 1,
    "archivos_fuente": [
      "Library/Application Support/Microsoft/Skype for Desktop/Cache/5d92985fc6ad59d5_0"
    ],
    "ultima_modificacion": "2025-08-01 01:01:40.557218"
  },
  "a8c7be2b722cc9540": {
    "app_sintetizada": "A8C7BE2B722CC9540",
    "cantidad_archivos": 1,
    "archivos_fuente": [
      "Library/Application Support/Microsoft/Skype for Desktop/Cache/a8c7be2b722cc954_0"
    ],
    "ultima_modificacion": "2025-08-01 01:01:40.557640"
  },
  "6d51cff9b28c86b60": {
    "app_sintetizada": "6D51CFF9B28C86B60",
    "cantidad_archivos": 1,
    "archivos_fuente": [
      "Library/Application Support/Microsoft/Skype for Desktop/Cache/6d51cff9b28c86b6_0"
    ],
    "ultima_modificacion": "2025-08-01 01:01:40.558011"
  },
  "aa58d8cd9b1be0d80": {
    "app_sintetizada": "AA58D8CD9B1BE0D80",
    "cantidad_archivos": 1,
    "archivos_fuente": [
      "Library/Application Support/Microsoft/Skype for Desktop/Cache/aa58d8cd9b1be0d8_0"
    ],
    "ultima_modificacion": "2025-08-01 01:01:40.559372"
  },
  "8b07e90d3f6d0eeb0": {
    "app_sintetizada": "8B07E90D3F6D0EEB0",
    "cantidad_archivos": 1,
    "archivos_fuente": [
      "Library/Application Support/Microsoft/Skype for Desktop/Cache/8b07e90d3f6d0eeb_0"
    ],
    "ultima_modificacion": "2025-08-01 01:01:40.560426"
  },
  "be2260e89d0115f20": {
    "app_sintetizada": "BE2260E89D0115F20",
    "cantidad_archivos": 1,
    "archivos_fuente": [
      "Library/Application Support/Microsoft/Skype for Desktop/Cache/be2260e89d0115f2_0"
    ],
    "ultima_modificacion": "2025-08-01 01:01:40.562560"
  },
  "8fdf2c9b3270a9de0": {
    "app_sintetizada": "8FDF2C9B3270A9DE0",
    "cantidad_archivos": 1,
    "archivos_fuente": [
      "Library/Application Support/Microsoft/Skype for Desktop/Cache/8fdf2c9b3270a9de_0"
    ],
    "ultima_modificacion": "2025-08-01 01:01:40.563610"
  },
  "542a094d92b8823e0": {
    "app_sintetizada": "542A094D92B8823E0",
    "cantidad_archivos": 1,
    "archivos_fuente": [
      "Library/Application Support/Microsoft/Skype for Desktop/Cache/542a094d92b8823e_0"
    ],
    "ultima_modificacion": "2025-08-01 01:01:40.564055"
  },
  "1b3729db9e3806490": {
    "app_sintetizada": "1B3729DB9E3806490",
    "cantidad_archivos": 1,
    "archivos_fuente": [
      "Library/Application Support/Microsoft/Skype for Desktop/Cache/1b3729db9e380649_0"
    ],
    "ultima_modificacion": "2025-08-01 01:01:40.564448"
  },
  "ea2e3a32d801edeb0": {
    "app_sintetizada": "EA2E3A32D801EDEB0",
    "cantidad_archivos": 1,
    "archivos_fuente": [
      "Library/Application Support/Microsoft/Skype for Desktop/Cache/ea2e3a32d801edeb_0"
    ],
    "ultima_modificacion": "2025-08-01 01:01:40.564802"
  },
  "1f5c9ef6af13af010": {
    "app_sintetizada": "1F5C9EF6AF13AF010",
    "cantidad_archivos": 1,
    "archivos_fuente": [
      "Library/Application Support/Microsoft/Skype for Desktop/Cache/1f5c9ef6af13af01_0"
    ],
    "ultima_modificacion": "2025-08-01 01:01:40.565321"
  },
  "2bd1caa92322b21f0": {
    "app_sintetizada": "2BD1CAA92322B21F0",
    "cantidad_archivos": 1,
    "archivos_fuente": [
      "Library/Application Support/Microsoft/Skype for Desktop/Cache/2bd1caa92322b21f_0"
    ],
    "ultima_modificacion": "2025-08-01 01:01:40.568851"
  },
  "d28ead7cd0ecaa6d0": {
    "app_sintetizada": "D28EAD7CD0ECAA6D0",
    "cantidad_archivos": 1,
    "archivos_fuente": [
      "Library/Application Support/Microsoft/Skype for Desktop/Cache/d28ead7cd0ecaa6d_0"
    ],
    "ultima_modificacion": "2025-08-01 01:01:40.569540"
  },
  "d7ff7bffa89955620": {
    "app_sintetizada": "D7FF7BFFA89955620",
    "cantidad_archivos": 1,
    "archivos_fuente": [
      "Library/Application Support/Microsoft/Skype for Desktop/Cache/d7ff7bffa8995562_0"
    ],
    "ultima_modificacion": "2025-08-01 01:01:40.570184"
  },
  "bd1ce3a1ca9cf4e80": {
    "app_sintetizada": "BD1CE3A1CA9CF4E80",
    "cantidad_archivos": 1,
    "archivos_fuente": [
      "Library/Application Support/Microsoft/Skype for Desktop/Cache/bd1ce3a1ca9cf4e8_0"
    ],
    "ultima_modificacion": "2025-08-01 01:01:40.570730"
  },
  "7110617ad16171310": {
    "app_sintetizada": "7110617AD16171310",
    "cantidad_archivos": 1,
    "archivos_fuente": [
      "Library/Application Support/Microsoft/Skype for Desktop/Cache/7110617ad1617131_0"
    ],
    "ultima_modificacion": "2025-08-01 01:01:40.571102"
  },
  "65065369990d176f0": {
    "app_sintetizada": "65065369990D176F0",
    "cantidad_archivos": 1,
    "archivos_fuente": [
      "Library/Application Support/Microsoft/Skype for Desktop/Cache/65065369990d176f_0"
    ],
    "ultima_modificacion": "2025-08-01 01:01:40.571473"
  },
  "1c22e21d5ede8ddc0": {
    "app_sintetizada": "1C22E21D5EDE8DDC0",
    "cantidad_archivos": 1,
    "archivos_fuente": [
      "Library/Application Support/Microsoft/Skype for Desktop/Cache/1c22e21d5ede8ddc_0"
    ],
    "ultima_modificacion": "2025-08-01 01:01:40.571837"
  },
  "fb2b517a5ad7e1400": {
    "app_sintetizada": "FB2B517A5AD7E1400",
    "cantidad_archivos": 1,
    "archivos_fuente": [
      "Library/Application Support/Microsoft/Skype for Desktop/Cache/fb2b517a5ad7e140_0"
    ],
    "ultima_modificacion": "2025-08-01 01:01:40.572191"
  },
  "83cdc4c205af1f9e0": {
    "app_sintetizada": "83CDC4C205AF1F9E0",
    "cantidad_archivos": 1,
    "archivos_fuente": [
      "Library/Application Support/Microsoft/Skype for Desktop/Cache/83cdc4c205af1f9e_0"
    ],
    "ultima_modificacion": "2025-08-01 01:01:40.572555"
  },
  "3ce272ed1977b1f30": {
    "app_sintetizada": "3CE272ED1977B1F30",
    "cantidad_archivos": 1,
    "archivos_fuente": [
      "Library/Application Support/Microsoft/Skype for Desktop/Cache/3ce272ed1977b1f3_0"
    ],
    "ultima_modificacion": "2025-08-01 01:01:40.572898"
  },
  "c9a505e321c8ac0a0": {
    "app_sintetizada": "C9A505E321C8AC0A0",
    "cantidad_archivos": 1,
    "archivos_fuente": [
      "Library/Application Support/Microsoft/Skype for Desktop/Cache/c9a505e321c8ac0a_0"
    ],
    "ultima_modificacion": "2025-08-01 01:01:40.576990"
  },
  "63f96300b2ee05e90": {
    "app_sintetizada": "63F96300B2EE05E90",
    "cantidad_archivos": 1,
    "archivos_fuente": [
      "Library/Application Support/Microsoft/Skype for Desktop/Cache/63f96300b2ee05e9_0"
    ],
    "ultima_modificacion": "2025-08-01 01:01:40.577756"
  },
  "6bd3ab40350d59db0": {
    "app_sintetizada": "6BD3AB40350D59DB0",
    "cantidad_archivos": 1,
    "archivos_fuente": [
      "Library/Application Support/Microsoft/Skype for Desktop/Cache/6bd3ab40350d59db_0"
    ],
    "ultima_modificacion": "2025-08-01 01:01:40.578176"
  },
  "3cce285c134b62610": {
    "app_sintetizada": "3CCE285C134B62610",
    "cantidad_archivos": 1,
    "archivos_fuente": [
      "Library/Application Support/Microsoft/Skype for Desktop/Cache/3cce285c134b6261_0"
    ],
    "ultima_modificacion": "2025-08-01 01:01:40.578896"
  },
  "4ed251df275188230": {
    "app_sintetizada": "4ED251DF275188230",
    "cantidad_archivos": 1,
    "archivos_fuente": [
      "Library/Application Support/Microsoft/Skype for Desktop/Cache/4ed251df27518823_0"
    ],
    "ultima_modificacion": "2025-08-01 01:01:40.579599"
  },
  "58ca7c67093ac1530": {
    "app_sintetizada": "58CA7C67093AC1530",
    "cantidad_archivos": 1,
    "archivos_fuente": [
      "Library/Application Support/Microsoft/Skype for Desktop/Cache/58ca7c67093ac153_0"
    ],
    "ultima_modificacion": "2025-08-01 01:01:40.579986"
  },
  "69b4911a67cb12620": {
    "app_sintetizada": "69B4911A67CB12620",
    "cantidad_archivos": 1,
    "archivos_fuente": [
      "Library/Application Support/Microsoft/Skype for Desktop/Cache/69b4911a67cb1262_0"
    ],
    "ultima_modificacion": "2025-08-01 01:01:40.580326"
  },
  "f0003afbc3a040000": {
    "app_sintetizada": "F0003AFBC3A040000",
    "cantidad_archivos": 1,
    "archivos_fuente": [
      "Library/Application Support/Microsoft/Skype for Desktop/Cache/f0003afbc3a04000_0"
    ],
    "ultima_modificacion": "2025-08-01 01:01:40.580670"
  },
  "194f245b91b06ec70": {
    "app_sintetizada": "194F245B91B06EC70",
    "cantidad_archivos": 1,
    "archivos_fuente": [
      "Library/Application Support/Microsoft/Skype for Desktop/Cache/194f245b91b06ec7_0"
    ],
    "ultima_modificacion": "2025-08-01 01:01:40.580927"
  },
  "47a33b795a4758b90": {
    "app_sintetizada": "47A33B795A4758B90",
    "cantidad_archivos": 1,
    "archivos_fuente": [
      "Library/Application Support/Microsoft/Skype for Desktop/Cache/47a33b795a4758b9_0"
    ],
    "ultima_modificacion": "2025-08-01 01:01:40.581209"
  },
  "faca252a3c7044980": {
    "app_sintetizada": "FACA252A3C7044980",
    "cantidad_archivos": 1,
    "archivos_fuente": [
      "Library/Application Support/Microsoft/Skype for Desktop/Cache/faca252a3c704498_0"
    ],
    "ultima_modificacion": "2025-08-01 01:01:40.581464"
  },
  "5e4b284d1044b09d0": {
    "app_sintetizada": "5E4B284D1044B09D0",
    "cantidad_archivos": 1,
    "archivos_fuente": [
      "Library/Application Support/Microsoft/Skype for Desktop/Cache/5e4b284d1044b09d_0"
    ],
    "ultima_modificacion": "2025-08-01 01:01:40.581727"
  },
  "c438d48b8b4cf9470": {
    "app_sintetizada": "C438D48B8B4CF9470",
    "cantidad_archivos": 1,
    "archivos_fuente": [
      "Library/Application Support/Microsoft/Skype for Desktop/Cache/c438d48b8b4cf947_0"
    ],
    "ultima_modificacion": "2025-08-01 01:01:40.582149"
  },
  "d20ca895b0d1b8570": {
    "app_sintetizada": "D20CA895B0D1B8570",
    "cantidad_archivos": 1,
    "archivos_fuente": [
      "Library/Application Support/Microsoft/Skype for Desktop/Cache/d20ca895b0d1b857_0"
    ],
    "ultima_modificacion": "2025-08-01 01:01:40.582846"
  },
  "680763880a8619bf0": {
    "app_sintetizada": "680763880A8619BF0",
    "cantidad_archivos": 1,
    "archivos_fuente": [
      "Library/Application Support/Microsoft/Skype for Desktop/Cache/680763880a8619bf_0"
    ],
    "ultima_modificacion": "2025-08-01 01:01:40.583958"
  },
  "e06ef0fcba316f080": {
    "app_sintetizada": "E06EF0FCBA316F080",
    "cantidad_archivos": 1,
    "archivos_fuente": [
      "Library/Application Support/Microsoft/Skype for Desktop/Cache/e06ef0fcba316f08_0"
    ],
    "ultima_modificacion": "2025-08-01 01:01:40.584674"
  },
  "dc9006dd6d24f4420": {
    "app_sintetizada": "DC9006DD6D24F4420",
    "cantidad_archivos": 1,
    "archivos_fuente": [
      "Library/Application Support/Microsoft/Skype for Desktop/Cache/dc9006dd6d24f442_0"
    ],
    "ultima_modificacion": "2025-08-01 01:01:40.585054"
  },
  "e85f83158c0fb0370": {
    "app_sintetizada": "E85F83158C0FB0370",
    "cantidad_archivos": 1,
    "archivos_fuente": [
      "Library/Application Support/Microsoft/Skype for Desktop/Cache/e85f83158c0fb037_0"
    ],
    "ultima_modificacion": "2025-08-01 01:01:40.585865"
  },
  "ea2503cd3ebc6db20": {
    "app_sintetizada": "EA2503CD3EBC6DB20",
    "cantidad_archivos": 1,
    "archivos_fuente": [
      "Library/Application Support/Microsoft/Skype for Desktop/Cache/ea2503cd3ebc6db2_0"
    ],
    "ultima_modificacion": "2025-08-01 01:01:40.586340"
  },
  "2185f4705f8ab5ce0": {
    "app_sintetizada": "2185F4705F8AB5CE0",
    "cantidad_archivos": 1,
    "archivos_fuente": [
      "Library/Application Support/Microsoft/Skype for Desktop/Cache/2185f4705f8ab5ce_0"
    ],
    "ultima_modificacion": "2025-08-01 01:01:40.586807"
  }
}