{
  "ebb15a81f9d1467ba855562c04e491791105c.jpeg": {
    "app_sintetizada": "EBB15A81F9D1467BA855562C04E491791105C.JPEG",
    "cantidad_archivos": 1,
    "archivos_fuente": [
      "Pictures/Fototeca de Fotos.photoslibrary/resources/derivatives/E/EBB15A81-F9D1-467B-A855-562C04E49179_1_105_c.jpeg"
    ],
    "ultima_modificacion": "2025-08-01 01:01:25.251622"
  },
  "ec81654c25a542dba4064080de8a5ee41105c.jpeg": {
    "app_sintetizada": "EC81654C25A542DBA4064080DE8A5EE41105C.JPEG",
    "cantidad_archivos": 1,
    "archivos_fuente": [
      "Pictures/Fototeca de Fotos.photoslibrary/resources/derivatives/E/EC81654C-25A5-42DB-A406-4080DE8A5EE4_1_105_c.jpeg"
    ],
    "ultima_modificacion": "2025-08-01 01:01:25.251977"
  },
  "e28b6871213e467181f77b889880a6b21105c.jpeg": {
    "app_sintetizada": "E28B6871213E467181F77B889880A6B21105C.JPEG",
    "cantidad_archivos": 1,
    "archivos_fuente": [
      "Pictures/Fototeca de Fotos.photoslibrary/resources/derivatives/E/E28B6871-213E-4671-81F7-7B889880A6B2_1_105_c.jpeg"
    ],
    "ultima_modificacion": "2025-08-01 01:01:25.252339"
  },
  "eb2554fb59684fb9a7881b118090b9581105c.jpeg": {
    "app_sintetizada": "EB2554FB59684FB9A7881B118090B9581105C.JPEG",
    "cantidad_archivos": 1,
    "archivos_fuente": [
      "Pictures/Fototeca de Fotos.photoslibrary/resources/derivatives/E/EB2554FB-5968-4FB9-A788-1B118090B958_1_105_c.jpeg"
    ],
    "ultima_modificacion": "2025-08-01 01:01:25.252679"
  },
  "ee8eaa58f8bb4d16992169e2cf3958c91105c.jpeg": {
    "app_sintetizada": "EE8EAA58F8BB4D16992169E2CF3958C91105C.JPEG",
    "cantidad_archivos": 1,
    "archivos_fuente": [
      "Pictures/Fototeca de Fotos.photoslibrary/resources/derivatives/E/EE8EAA58-F8BB-4D16-9921-69E2CF3958C9_1_105_c.jpeg"
    ],
    "ultima_modificacion": "2025-08-01 01:01:25.253008"
  },
  "ee9caa16bf364bdebc6298c908c16b571105c.jpeg": {
    "app_sintetizada": "EE9CAA16BF364BDEBC6298C908C16B571105C.JPEG",
    "cantidad_archivos": 1,
    "archivos_fuente": [
      "Pictures/Fototeca de Fotos.photoslibrary/resources/derivatives/E/EE9CAA16-BF36-4BDE-BC62-98C908C16B57_1_105_c.jpeg"
    ],
    "ultima_modificacion": "2025-08-01 01:01:25.253359"
  },
  "e76ec915e4524335a85b01b37b4bf7421105c.jpeg": {
    "app_sintetizada": "E76EC915E4524335A85B01B37B4BF7421105C.JPEG",
    "cantidad_archivos": 1,
    "archivos_fuente": [
      "Pictures/Fototeca de Fotos.photoslibrary/resources/derivatives/E/E76EC915-E452-4335-A85B-01B37B4BF742_1_105_c.jpeg"
    ],
    "ultima_modificacion": "2025-08-01 01:01:25.253746"
  },
  "ecf9da5e5d864bc281d5ace8f39292fa1105c.jpeg": {
    "app_sintetizada": "ECF9DA5E5D864BC281D5ACE8F39292FA1105C.JPEG",
    "cantidad_archivos": 1,
    "archivos_fuente": [
      "Pictures/Fototeca de Fotos.photoslibrary/resources/derivatives/E/ECF9DA5E-5D86-4BC2-81D5-ACE8F39292FA_1_105_c.jpeg"
    ],
    "ultima_modificacion": "2025-08-01 01:01:25.254086"
  },
  "ecff93e7af8b4e5faa8172c9c6bcdc891105c.jpeg": {
    "app_sintetizada": "ECFF93E7AF8B4E5FAA8172C9C6BCDC891105C.JPEG",
    "cantidad_archivos": 1,
    "archivos_fuente": [
      "Pictures/Fototeca de Fotos.photoslibrary/resources/derivatives/E/ECFF93E7-AF8B-4E5F-AA81-72C9C6BCDC89_1_105_c.jpeg"
    ],
    "ultima_modificacion": "2025-08-01 01:01:25.254425"
  },
  "ee9a3a13fc964d41b7919fb76f9303b71105c.jpeg": {
    "app_sintetizada": "EE9A3A13FC964D41B7919FB76F9303B71105C.JPEG",
    "cantidad_archivos": 1,
    "archivos_fuente": [
      "Pictures/Fototeca de Fotos.photoslibrary/resources/derivatives/E/EE9A3A13-FC96-4D41-B791-9FB76F9303B7_1_105_c.jpeg"
    ],
    "ultima_modificacion": "2025-08-01 01:01:25.254741"
  },
  "e78e8b1fc37b4c0abea44a50f2d0091c1105c.jpeg": {
    "app_sintetizada": "E78E8B1FC37B4C0ABEA44A50F2D0091C1105C.JPEG",
    "cantidad_archivos": 1,
    "archivos_fuente": [
      "Pictures/Fototeca de Fotos.photoslibrary/resources/derivatives/E/E78E8B1F-C37B-4C0A-BEA4-4A50F2D0091C_1_105_c.jpeg"
    ],
    "ultima_modificacion": "2025-08-01 01:01:25.255197"
  },
  "e5fb0b218eda4e56b4747d630c95a5b11105c.jpeg": {
    "app_sintetizada": "E5FB0B218EDA4E56B4747D630C95A5B11105C.JPEG",
    "cantidad_archivos": 1,
    "archivos_fuente": [
      "Pictures/Fototeca de Fotos.photoslibrary/resources/derivatives/E/E5FB0B21-8EDA-4E56-B474-7D630C95A5B1_1_105_c.jpeg"
    ],
    "ultima_modificacion": "2025-08-01 01:01:25.255566"
  },
  "e7104428b892469791cade2267d000cc1105c.jpeg": {
    "app_sintetizada": "E7104428B892469791CADE2267D000CC1105C.JPEG",
    "cantidad_archivos": 1,
    "archivos_fuente": [
      "Pictures/Fototeca de Fotos.photoslibrary/resources/derivatives/E/E7104428-B892-4697-91CA-DE2267D000CC_1_105_c.jpeg"
    ],
    "ultima_modificacion": "2025-08-01 01:01:25.255932"
  },
  "e23d4f4959e440eea77fc2d19fcc08f81105c.jpeg": {
    "app_sintetizada": "E23D4F4959E440EEA77FC2D19FCC08F81105C.JPEG",
    "cantidad_archivos": 1,
    "archivos_fuente": [
      "Pictures/Fototeca de Fotos.photoslibrary/resources/derivatives/E/E23D4F49-59E4-40EE-A77F-C2D19FCC08F8_1_105_c.jpeg"
    ],
    "ultima_modificacion": "2025-08-01 01:01:25.256254"
  },
  "e39f66e8561745039d4b7404178fce241102o.jpeg": {
    "app_sintetizada": "E39F66E8561745039D4B7404178FCE241102O.JPEG",
    "cantidad_archivos": 1,
    "archivos_fuente": [
      "Pictures/Fototeca de Fotos.photoslibrary/resources/derivatives/E/E39F66E8-5617-4503-9D4B-7404178FCE24_1_102_o.jpeg"
    ],
    "ultima_modificacion": "2025-08-01 01:01:25.256634"
  },
  "ef551412f16d457994e94bc572358be81105c.jpeg": {
    "app_sintetizada": "EF551412F16D457994E94BC572358BE81105C.JPEG",
    "cantidad_archivos": 1,
    "archivos_fuente": [
      "Pictures/Fototeca de Fotos.photoslibrary/resources/derivatives/E/EF551412-F16D-4579-94E9-4BC572358BE8_1_105_c.jpeg"
    ],
    "ultima_modificacion": "2025-08-01 01:01:25.257242"
  },
  "ee4b9e48486a4e5388236dd8849ca87b1105c.jpeg": {
    "app_sintetizada": "EE4B9E48486A4E5388236DD8849CA87B1105C.JPEG",
    "cantidad_archivos": 1,
    "archivos_fuente": [
      "Pictures/Fototeca de Fotos.photoslibrary/resources/derivatives/E/EE4B9E48-486A-4E53-8823-6DD8849CA87B_1_105_c.jpeg"
    ],
    "ultima_modificacion": "2025-08-01 01:01:25.257780"
  },
  "ec984ff072784acf845b6461bbb8d7f21105c.jpeg": {
    "app_sintetizada": "EC984FF072784ACF845B6461BBB8D7F21105C.JPEG",
    "cantidad_archivos": 1,
    "archivos_fuente": [
      "Pictures/Fototeca de Fotos.photoslibrary/resources/derivatives/E/EC984FF0-7278-4ACF-845B-6461BBB8D7F2_1_105_c.jpeg"
    ],
    "ultima_modificacion": "2025-08-01 01:01:25.258140"
  },
  "e418c0dc7af34b2b9172a6e142e181691105c.jpeg": {
    "app_sintetizada": "E418C0DC7AF34B2B9172A6E142E181691105C.JPEG",
    "cantidad_archivos": 1,
    "archivos_fuente": [
      "Pictures/Fototeca de Fotos.photoslibrary/resources/derivatives/E/E418C0DC-7AF3-4B2B-9172-A6E142E18169_1_105_c.jpeg"
    ],
    "ultima_modificacion": "2025-08-01 01:01:25.258485"
  },
  "e3faec209a5a4a8c9e3632fe9b63d3c61105c.jpeg": {
    "app_sintetizada": "E3FAEC209A5A4A8C9E3632FE9B63D3C61105C.JPEG",
    "cantidad_archivos": 1,
    "archivos_fuente": [
      "Pictures/Fototeca de Fotos.photoslibrary/resources/derivatives/E/E3FAEC20-9A5A-4A8C-9E36-32FE9B63D3C6_1_105_c.jpeg"
    ],
    "ultima_modificacion": "2025-08-01 01:01:25.258816"
  },
  "eb20eb1545c2446bbca063cf0f658c931105c.jpeg": {
    "app_sintetizada": "EB20EB1545C2446BBCA063CF0F658C931105C.JPEG",
    "cantidad_archivos": 1,
    "archivos_fuente": [
      "Pictures/Fototeca de Fotos.photoslibrary/resources/derivatives/E/EB20EB15-45C2-446B-BCA0-63CF0F658C93_1_105_c.jpeg"
    ],
    "ultima_modificacion": "2025-08-01 01:01:25.259137"
  },
  "eb8e890fb03b4d12a742ce10eb7522061105c.jpeg": {
    "app_sintetizada": "EB8E890FB03B4D12A742CE10EB7522061105C.JPEG",
    "cantidad_archivos": 1,
    "archivos_fuente": [
      "Pictures/Fototeca de Fotos.photoslibrary/resources/derivatives/E/EB8E890F-B03B-4D12-A742-CE10EB752206_1_105_c.jpeg"
    ],
    "ultima_modificacion": "2025-08-01 01:01:25.259452"
  },
  "e765a8a2daaf41e8b423f9950eaba1321105c.jpeg": {
    "app_sintetizada": "E765A8A2DAAF41E8B423F9950EABA1321105C.JPEG",
    "cantidad_archivos": 1,
    "archivos_fuente": [
      "Pictures/Fototeca de Fotos.photoslibrary/resources/derivatives/E/E765A8A2-DAAF-41E8-B423-F9950EABA132_1_105_c.jpeg"
    ],
    "ultima_modificacion": "2025-08-01 01:01:25.259767"
  },
  "ea4a14bd565c459099799ddc17dcc7e41105c.jpeg": {
    "app_sintetizada": "EA4A14BD565C459099799DDC17DCC7E41105C.JPEG",
    "cantidad_archivos": 1,
    "archivos_fuente": [
      "Pictures/Fototeca de Fotos.photoslibrary/resources/derivatives/E/EA4A14BD-565C-4590-9979-9DDC17DCC7E4_1_105_c.jpeg"
    ],
    "ultima_modificacion": "2025-08-01 01:01:25.260072"
  },
  "e8310fce84634cc898ac6fb7a2840d2a1105c.jpeg": {
    "app_sintetizada": "E8310FCE84634CC898AC6FB7A2840D2A1105C.JPEG",
    "cantidad_archivos": 1,
    "archivos_fuente": [
      "Pictures/Fototeca de Fotos.photoslibrary/resources/derivatives/E/E8310FCE-8463-4CC8-98AC-6FB7A2840D2A_1_105_c.jpeg"
    ],
    "ultima_modificacion": "2025-08-01 01:01:25.260375"
  },
  "ecc72e29b72d4019be27ac32397ed3111105c.jpeg": {
    "app_sintetizada": "ECC72E29B72D4019BE27AC32397ED3111105C.JPEG",
    "cantidad_archivos": 1,
    "archivos_fuente": [
      "Pictures/Fototeca de Fotos.photoslibrary/resources/derivatives/E/ECC72E29-B72D-4019-BE27-AC32397ED311_1_105_c.jpeg"
    ],
    "ultima_modificacion": "2025-08-01 01:01:25.260728"
  },
  "e3b9723fafb04535af4a589f6f6ae7a91105c.jpeg": {
    "app_sintetizada": "E3B9723FAFB04535AF4A589F6F6AE7A91105C.JPEG",
    "cantidad_archivos": 1,
    "archivos_fuente": [
      "Pictures/Fototeca de Fotos.photoslibrary/resources/derivatives/E/E3B9723F-AFB0-4535-AF4A-589F6F6AE7A9_1_105_c.jpeg"
    ],
    "ultima_modificacion": "2025-08-01 01:01:25.261097"
  },
  "e51ea61cd8524b7c9143ab0631552a471105c.jpeg": {
    "app_sintetizada": "E51EA61CD8524B7C9143AB0631552A471105C.JPEG",
    "cantidad_archivos": 1,
    "archivos_fuente": [
      "Pictures/Fototeca de Fotos.photoslibrary/resources/derivatives/E/E51EA61C-D852-4B7C-9143-AB0631552A47_1_105_c.jpeg"
    ],
    "ultima_modificacion": "2025-08-01 01:01:25.261453"
  },
  "e1f4b314265c4419bd7184479b49b5f31105c.jpeg": {
    "app_sintetizada": "E1F4B314265C4419BD7184479B49B5F31105C.JPEG",
    "cantidad_archivos": 1,
    "archivos_fuente": [
      "Pictures/Fototeca de Fotos.photoslibrary/resources/derivatives/E/E1F4B314-265C-4419-BD71-84479B49B5F3_1_105_c.jpeg"
    ],
    "ultima_modificacion": "2025-08-01 01:01:25.262525"
  },
  "ee20611fdb5146feaaac91270a8930da1105c.jpeg": {
    "app_sintetizada": "EE20611FDB5146FEAAAC91270A8930DA1105C.JPEG",
    "cantidad_archivos": 1,
    "archivos_fuente": [
      "Pictures/Fototeca de Fotos.photoslibrary/resources/derivatives/E/EE20611F-DB51-46FE-AAAC-91270A8930DA_1_105_c.jpeg"
    ],
    "ultima_modificacion": "2025-08-01 01:01:25.263794"
  },
  "e65ed34cca6941d49c06390fb3a4fec01105c.jpeg": {
    "app_sintetizada": "E65ED34CCA6941D49C06390FB3A4FEC01105C.JPEG",
    "cantidad_archivos": 1,
    "archivos_fuente": [
      "Pictures/Fototeca de Fotos.photoslibrary/resources/derivatives/E/E65ED34C-CA69-41D4-9C06-390FB3A4FEC0_1_105_c.jpeg"
    ],
    "ultima_modificacion": "2025-08-01 01:01:25.264371"
  },
  "e48e974d254c4fc8b011a0a9b4272f051105c.jpeg": {
    "app_sintetizada": "E48E974D254C4FC8B011A0A9B4272F051105C.JPEG",
    "cantidad_archivos": 1,
    "archivos_fuente": [
      "Pictures/Fototeca de Fotos.photoslibrary/resources/derivatives/E/E48E974D-254C-4FC8-B011-A0A9B4272F05_1_105_c.jpeg"
    ],
    "ultima_modificacion": "2025-08-01 01:01:25.264853"
  },
  "e368183e4afb493592440b51267354821105c.jpeg": {
    "app_sintetizada": "E368183E4AFB493592440B51267354821105C.JPEG",
    "cantidad_archivos": 1,
    "archivos_fuente": [
      "Pictures/Fototeca de Fotos.photoslibrary/resources/derivatives/E/E368183E-4AFB-4935-9244-0B5126735482_1_105_c.jpeg"
    ],
    "ultima_modificacion": "2025-08-01 01:01:25.265459"
  },
  "ee8d65af33374052a50982200e79187a1105c.jpeg": {
    "app_sintetizada": "EE8D65AF33374052A50982200E79187A1105C.JPEG",
    "cantidad_archivos": 1,
    "archivos_fuente": [
      "Pictures/Fototeca de Fotos.photoslibrary/resources/derivatives/E/EE8D65AF-3337-4052-A509-82200E79187A_1_105_c.jpeg"
    ],
    "ultima_modificacion": "2025-08-01 01:01:25.265901"
  },
  "ec1bf93c5470427e9e9c82a3a1532fda1105c.jpeg": {
    "app_sintetizada": "EC1BF93C5470427E9E9C82A3A1532FDA1105C.JPEG",
    "cantidad_archivos": 1,
    "archivos_fuente": [
      "Pictures/Fototeca de Fotos.photoslibrary/resources/derivatives/E/EC1BF93C-5470-427E-9E9C-82A3A1532FDA_1_105_c.jpeg"
    ],
    "ultima_modificacion": "2025-08-01 01:01:25.266295"
  },
  "ee37b013b2ad4da3b445a2dfaab2de521105c.jpeg": {
    "app_sintetizada": "EE37B013B2AD4DA3B445A2DFAAB2DE521105C.JPEG",
    "cantidad_archivos": 1,
    "archivos_fuente": [
      "Pictures/Fototeca de Fotos.photoslibrary/resources/derivatives/E/EE37B013-B2AD-4DA3-B445-A2DFAAB2DE52_1_105_c.jpeg"
    ],
    "ultima_modificacion": "2025-08-01 01:01:25.266677"
  },
  "ece5e464b9e74412aa9d16aea3abeab61105c.jpeg": {
    "app_sintetizada": "ECE5E464B9E74412AA9D16AEA3ABEAB61105C.JPEG",
    "cantidad_archivos": 1,
    "archivos_fuente": [
      "Pictures/Fototeca de Fotos.photoslibrary/resources/derivatives/E/ECE5E464-B9E7-4412-AA9D-16AEA3ABEAB6_1_105_c.jpeg"
    ],
    "ultima_modificacion": "2025-08-01 01:01:25.267059"
  },
  "e89ab798037e42a68c704f72e824b03c1105c.jpeg": {
    "app_sintetizada": "E89AB798037E42A68C704F72E824B03C1105C.JPEG",
    "cantidad_archivos": 1,
    "archivos_fuente": [
      "Pictures/Fototeca de Fotos.photoslibrary/resources/derivatives/E/E89AB798-037E-42A6-8C70-4F72E824B03C_1_105_c.jpeg"
    ],
    "ultima_modificacion": "2025-08-01 01:01:25.267470"
  },
  "e7c0123dc9eb42bda05fc3f2fbf9b7f71105c.jpeg": {
    "app_sintetizada": "E7C0123DC9EB42BDA05FC3F2FBF9B7F71105C.JPEG",
    "cantidad_archivos": 1,
    "archivos_fuente": [
      "Pictures/Fototeca de Fotos.photoslibrary/resources/derivatives/E/E7C0123D-C9EB-42BD-A05F-C3F2FBF9B7F7_1_105_c.jpeg"
    ],
    "ultima_modificacion": "2025-08-01 01:01:25.267918"
  },
  "eeacc14a8cc0465ca01e7e07037f8098.thm": {
    "app_sintetizada": "EEACC14A8CC0465CA01E7E07037F8098.THM",
    "cantidad_archivos": 1,
    "archivos_fuente": [
      "Pictures/Fototeca de Fotos.photoslibrary/resources/derivatives/E/EEACC14A-8CC0-465C-A01E-7E07037F8098.THM"
    ],
    "ultima_modificacion": "2025-08-01 01:01:25.268378"
  },
  "e431d1aea5c64f2d94db42c5bf9dcbbc.thm": {
    "app_sintetizada": "E431D1AEA5C64F2D94DB42C5BF9DCBBC.THM",
    "cantidad_archivos": 1,
    "archivos_fuente": [
      "Pictures/Fototeca de Fotos.photoslibrary/resources/derivatives/E/E431D1AE-A5C6-4F2D-94DB-42C5BF9DCBBC.THM"
    ],
    "ultima_modificacion": "2025-08-01 01:01:25.269616"
  },
  "e27c97c88c464111a9ffd1a43dd5e3a61105c.jpeg": {
    "app_sintetizada": "E27C97C88C464111A9FFD1A43DD5E3A61105C.JPEG",
    "cantidad_archivos": 1,
    "archivos_fuente": [
      "Pictures/Fototeca de Fotos.photoslibrary/resources/derivatives/E/E27C97C8-8C46-4111-A9FF-D1A43DD5E3A6_1_105_c.jpeg"
    ],
    "ultima_modificacion": "2025-08-01 01:01:25.270028"
  },
  "ee1180831cf14fa392063290651edcb41105c.jpeg": {
    "app_sintetizada": "EE1180831CF14FA392063290651EDCB41105C.JPEG",
    "cantidad_archivos": 1,
    "archivos_fuente": [
      "Pictures/Fototeca de Fotos.photoslibrary/resources/derivatives/E/EE118083-1CF1-4FA3-9206-3290651EDCB4_1_105_c.jpeg"
    ],
    "ultima_modificacion": "2025-08-01 01:01:25.270789"
  },
  "e3534626116b4355ba5baacf3139d6611105c.jpeg": {
    "app_sintetizada": "E3534626116B4355BA5BAACF3139D6611105C.JPEG",
    "cantidad_archivos": 1,
    "archivos_fuente": [
      "Pictures/Fototeca de Fotos.photoslibrary/resources/derivatives/E/E3534626-116B-4355-BA5B-AACF3139D661_1_105_c.jpeg"
    ],
    "ultima_modificacion": "2025-08-01 01:01:25.271160"
  },
  "ebf0082bf7474489a19050151de0aa151105c.jpeg": {
    "app_sintetizada": "EBF0082BF7474489A19050151DE0AA151105C.JPEG",
    "cantidad_archivos": 1,
    "archivos_fuente": [
      "Pictures/Fototeca de Fotos.photoslibrary/resources/derivatives/E/EBF0082B-F747-4489-A190-50151DE0AA15_1_105_c.jpeg"
    ],
    "ultima_modificacion": "2025-08-01 01:01:25.271531"
  },
  "e2ea344f86f44154a103f6da28b4c0d91105c.jpeg": {
    "app_sintetizada": "E2EA344F86F44154A103F6DA28B4C0D91105C.JPEG",
    "cantidad_archivos": 1,
    "archivos_fuente": [
      "Pictures/Fototeca de Fotos.photoslibrary/resources/derivatives/E/E2EA344F-86F4-4154-A103-F6DA28B4C0D9_1_105_c.jpeg"
    ],
    "ultima_modificacion": "2025-08-01 01:01:25.272075"
  },
  "ea152193a1224545819ebda383a420e41105c.jpeg": {
    "app_sintetizada": "EA152193A1224545819EBDA383A420E41105C.JPEG",
    "cantidad_archivos": 1,
    "archivos_fuente": [
      "Pictures/Fototeca de Fotos.photoslibrary/resources/derivatives/E/EA152193-A122-4545-819E-BDA383A420E4_1_105_c.jpeg"
    ],
    "ultima_modificacion": "2025-08-01 01:01:25.272437"
  },
  "e76ea8a2a6de4e4cbea2b90f3608afc61105c.jpeg": {
    "app_sintetizada": "E76EA8A2A6DE4E4CBEA2B90F3608AFC61105C.JPEG",
    "cantidad_archivos": 1,
    "archivos_fuente": [
      "Pictures/Fototeca de Fotos.photoslibrary/resources/derivatives/E/E76EA8A2-A6DE-4E4C-BEA2-B90F3608AFC6_1_105_c.jpeg"
    ],
    "ultima_modificacion": "2025-08-01 01:01:25.272888"
  },
  "ea05d83c05c14a49a0898d95034362ab1105c.jpeg": {
    "app_sintetizada": "EA05D83C05C14A49A0898D95034362AB1105C.JPEG",
    "cantidad_archivos": 1,
    "archivos_fuente": [
      "Pictures/Fototeca de Fotos.photoslibrary/resources/derivatives/E/EA05D83C-05C1-4A49-A089-8D95034362AB_1_105_c.jpeg"
    ],
    "ultima_modificacion": "2025-08-01 01:01:25.273141"
  },
  "e532059801eb48ae8cc4fc1c7e47d0a51105c.jpeg": {
    "app_sintetizada": "E532059801EB48AE8CC4FC1C7E47D0A51105C.JPEG",
    "cantidad_archivos": 1,
    "archivos_fuente": [
      "Pictures/Fototeca de Fotos.photoslibrary/resources/derivatives/E/E5320598-01EB-48AE-8CC4-FC1C7E47D0A5_1_105_c.jpeg"
    ],
    "ultima_modificacion": "2025-08-01 01:01:25.273379"
  },
  "e52603b266e54672a26724258660c2cc1105c.jpeg": {
    "app_sintetizada": "E52603B266E54672A26724258660C2CC1105C.JPEG",
    "cantidad_archivos": 1,
    "archivos_fuente": [
      "Pictures/Fototeca de Fotos.photoslibrary/resources/derivatives/E/E52603B2-66E5-4672-A267-24258660C2CC_1_105_c.jpeg"
    ],
    "ultima_modificacion": "2025-08-01 01:01:25.273633"
  },
  "ef69ea3a476f4a86b4821d07167590e71105c.jpeg": {
    "app_sintetizada": "EF69EA3A476F4A86B4821D07167590E71105C.JPEG",
    "cantidad_archivos": 1,
    "archivos_fuente": [
      "Pictures/Fototeca de Fotos.photoslibrary/resources/derivatives/E/EF69EA3A-476F-4A86-B482-1D07167590E7_1_105_c.jpeg"
    ],
    "ultima_modificacion": "2025-08-01 01:01:25.273896"
  },
  "eb2eb8bdbbce46f0a0c2a969460425bb1105c.jpeg": {
    "app_sintetizada": "EB2EB8BDBBCE46F0A0C2A969460425BB1105C.JPEG",
    "cantidad_archivos": 1,
    "archivos_fuente": [
      "Pictures/Fototeca de Fotos.photoslibrary/resources/derivatives/E/EB2EB8BD-BBCE-46F0-A0C2-A969460425BB_1_105_c.jpeg"
    ],
    "ultima_modificacion": "2025-08-01 01:01:25.274248"
  },
  "e34d69aae84c4678967ee0d7c79d17191105c.jpeg": {
    "app_sintetizada": "E34D69AAE84C4678967EE0D7C79D17191105C.JPEG",
    "cantidad_archivos": 1,
    "archivos_fuente": [
      "Pictures/Fototeca de Fotos.photoslibrary/resources/derivatives/E/E34D69AA-E84C-4678-967E-E0D7C79D1719_1_105_c.jpeg"
    ],
    "ultima_modificacion": "2025-08-01 01:01:25.274603"
  },
  "efe88014239640ec853026c42063b0f41105c.jpeg": {
    "app_sintetizada": "EFE88014239640EC853026C42063B0F41105C.JPEG",
    "cantidad_archivos": 1,
    "archivos_fuente": [
      "Pictures/Fototeca de Fotos.photoslibrary/resources/derivatives/E/EFE88014-2396-40EC-8530-26C42063B0F4_1_105_c.jpeg"
    ],
    "ultima_modificacion": "2025-08-01 01:01:25.275132"
  },
  "e45d6e4b1e5e4505b8a93600c1d218701105c.jpeg": {
    "app_sintetizada": "E45D6E4B1E5E4505B8A93600C1D218701105C.JPEG",
    "cantidad_archivos": 1,
    "archivos_fuente": [
      "Pictures/Fototeca de Fotos.photoslibrary/resources/derivatives/E/E45D6E4B-1E5E-4505-B8A9-3600C1D21870_1_105_c.jpeg"
    ],
    "ultima_modificacion": "2025-08-01 01:01:25.275516"
  },
  "e0951e251883496f9273fb5711ab18b21105c.jpeg": {
    "app_sintetizada": "E0951E251883496F9273FB5711AB18B21105C.JPEG",
    "cantidad_archivos": 1,
    "archivos_fuente": [
      "Pictures/Fototeca de Fotos.photoslibrary/resources/derivatives/E/E0951E25-1883-496F-9273-FB5711AB18B2_1_105_c.jpeg"
    ],
    "ultima_modificacion": "2025-08-01 01:01:25.275869"
  },
  "e22c46f7e72a4c8f857ba26c375c1bd11105c.jpeg": {
    "app_sintetizada": "E22C46F7E72A4C8F857BA26C375C1BD11105C.JPEG",
    "cantidad_archivos": 1,
    "archivos_fuente": [
      "Pictures/Fototeca de Fotos.photoslibrary/resources/derivatives/E/E22C46F7-E72A-4C8F-857B-A26C375C1BD1_1_105_c.jpeg"
    ],
    "ultima_modificacion": "2025-08-01 01:01:25.276257"
  },
  "e40ed200231445668702ae9f5c26f02e1105c.jpeg": {
    "app_sintetizada": "E40ED200231445668702AE9F5C26F02E1105C.JPEG",
    "cantidad_archivos": 1,
    "archivos_fuente": [
      "Pictures/Fototeca de Fotos.photoslibrary/resources/derivatives/E/E40ED200-2314-4566-8702-AE9F5C26F02E_1_105_c.jpeg"
    ],
    "ultima_modificacion": "2025-08-01 01:01:25.276620"
  },
  "e5c336ad19f246bfae7644f20454d3881105c.jpeg": {
    "app_sintetizada": "E5C336AD19F246BFAE7644F20454D3881105C.JPEG",
    "cantidad_archivos": 1,
    "archivos_fuente": [
      "Pictures/Fototeca de Fotos.photoslibrary/resources/derivatives/E/E5C336AD-19F2-46BF-AE76-44F20454D388_1_105_c.jpeg"
    ],
    "ultima_modificacion": "2025-08-01 01:01:25.277054"
  },
  "e9c0bbe3b42448dba0cc6592bbb9bb2f1105c.jpeg": {
    "app_sintetizada": "E9C0BBE3B42448DBA0CC6592BBB9BB2F1105C.JPEG",
    "cantidad_archivos": 1,
    "archivos_fuente": [
      "Pictures/Fototeca de Fotos.photoslibrary/resources/derivatives/E/E9C0BBE3-B424-48DB-A0CC-6592BBB9BB2F_1_105_c.jpeg"
    ],
    "ultima_modificacion": "2025-08-01 01:01:25.277421"
  },
  "e62fac1737714213880f944afc6a32fe1105c.jpeg": {
    "app_sintetizada": "E62FAC1737714213880F944AFC6A32FE1105C.JPEG",
    "cantidad_archivos": 1,
    "archivos_fuente": [
      "Pictures/Fototeca de Fotos.photoslibrary/resources/derivatives/E/E62FAC17-3771-4213-880F-944AFC6A32FE_1_105_c.jpeg"
    ],
    "ultima_modificacion": "2025-08-01 01:01:25.277787"
  },
  "e2706af6f12e492b8fa716da9afbbf0b1105c.jpeg": {
    "app_sintetizada": "E2706AF6F12E492B8FA716DA9AFBBF0B1105C.JPEG",
    "cantidad_archivos": 1,
    "archivos_fuente": [
      "Pictures/Fototeca de Fotos.photoslibrary/resources/derivatives/E/E2706AF6-F12E-492B-8FA7-16DA9AFBBF0B_1_105_c.jpeg"
    ],
    "ultima_modificacion": "2025-08-01 01:01:25.278869"
  },
  "e176f5facb594eb4838b5fa9ac01d4531105c.jpeg": {
    "app_sintetizada": "E176F5FACB594EB4838B5FA9AC01D4531105C.JPEG",
    "cantidad_archivos": 1,
    "archivos_fuente": [
      "Pictures/Fototeca de Fotos.photoslibrary/resources/derivatives/E/E176F5FA-CB59-4EB4-838B-5FA9AC01D453_1_105_c.jpeg"
    ],
    "ultima_modificacion": "2025-08-01 01:01:25.279296"
  },
  "e02127cb36594cff87fb29bbe4862fd01105c.jpeg": {
    "app_sintetizada": "E02127CB36594CFF87FB29BBE4862FD01105C.JPEG",
    "cantidad_archivos": 1,
    "archivos_fuente": [
      "Pictures/Fototeca de Fotos.photoslibrary/resources/derivatives/E/E02127CB-3659-4CFF-87FB-29BBE4862FD0_1_105_c.jpeg"
    ],
    "ultima_modificacion": "2025-08-01 01:01:25.279662"
  },
  "e27c362cf70a40b8b40393fb7a692b84.thm": {
    "app_sintetizada": "E27C362CF70A40B8B40393FB7A692B84.THM",
    "cantidad_archivos": 1,
    "archivos_fuente": [
      "Pictures/Fototeca de Fotos.photoslibrary/resources/derivatives/E/E27C362C-F70A-40B8-B403-93FB7A692B84.THM"
    ],
    "ultima_modificacion": "2025-08-01 01:01:25.279993"
  },
  "e7d60184736a42dcb06d972fe3eb931f1105c.jpeg": {
    "app_sintetizada": "E7D60184736A42DCB06D972FE3EB931F1105C.JPEG",
    "cantidad_archivos": 1,
    "archivos_fuente": [
      "Pictures/Fototeca de Fotos.photoslibrary/resources/derivatives/E/E7D60184-736A-42DC-B06D-972FE3EB931F_1_105_c.jpeg"
    ],
    "ultima_modificacion": "2025-08-01 01:01:25.280324"
  },
  "e85fdb08a02b481a99a5814bb2ee8fc21105c.jpeg": {
    "app_sintetizada": "E85FDB08A02B481A99A5814BB2EE8FC21105C.JPEG",
    "cantidad_archivos": 1,
    "archivos_fuente": [
      "Pictures/Fototeca de Fotos.photoslibrary/resources/derivatives/E/E85FDB08-A02B-481A-99A5-814BB2EE8FC2_1_105_c.jpeg"
    ],
    "ultima_modificacion": "2025-08-01 01:01:25.280657"
  },
  "e0c817ac7e2c42e8b7678989ae8250251105c.jpeg": {
    "app_sintetizada": "E0C817AC7E2C42E8B7678989AE8250251105C.JPEG",
    "cantidad_archivos": 1,
    "archivos_fuente": [
      "Pictures/Fototeca de Fotos.photoslibrary/resources/derivatives/E/E0C817AC-7E2C-42E8-B767-8989AE825025_1_105_c.jpeg"
    ],
    "ultima_modificacion": "2025-08-01 01:01:25.280997"
  },
  "e22f0bf08f954afe813771f271c2ca771105c.jpeg": {
    "app_sintetizada": "E22F0BF08F954AFE813771F271C2CA771105C.JPEG",
    "cantidad_archivos": 1,
    "archivos_fuente": [
      "Pictures/Fototeca de Fotos.photoslibrary/resources/derivatives/E/E22F0BF0-8F95-4AFE-8137-71F271C2CA77_1_105_c.jpeg"
    ],
    "ultima_modificacion": "2025-08-01 01:01:25.281349"
  },
  "eb1f136667924b108b4ea01077be29401105c.jpeg": {
    "app_sintetizada": "EB1F136667924B108B4EA01077BE29401105C.JPEG",
    "cantidad_archivos": 1,
    "archivos_fuente": [
      "Pictures/Fototeca de Fotos.photoslibrary/resources/derivatives/E/EB1F1366-6792-4B10-8B4E-A01077BE2940_1_105_c.jpeg"
    ],
    "ultima_modificacion": "2025-08-01 01:01:25.281699"
  },
  "eac7d68415714bd1be5a4bc78f86fdfb1105c.jpeg": {
    "app_sintetizada": "EAC7D68415714BD1BE5A4BC78F86FDFB1105C.JPEG",
    "cantidad_archivos": 1,
    "archivos_fuente": [
      "Pictures/Fototeca de Fotos.photoslibrary/resources/derivatives/E/EAC7D684-1571-4BD1-BE5A-4BC78F86FDFB_1_105_c.jpeg"
    ],
    "ultima_modificacion": "2025-08-01 01:01:25.282082"
  },
  "ee044fe6de604d72ae67948be87d2dc31105c.jpeg": {
    "app_sintetizada": "EE044FE6DE604D72AE67948BE87D2DC31105C.JPEG",
    "cantidad_archivos": 1,
    "archivos_fuente": [
      "Pictures/Fototeca de Fotos.photoslibrary/resources/derivatives/E/EE044FE6-DE60-4D72-AE67-948BE87D2DC3_1_105_c.jpeg"
    ],
    "ultima_modificacion": "2025-08-01 01:01:25.282773"
  },
  "eb32610ab7d04710afbfce5fe7ab5c9a1105c.jpeg": {
    "app_sintetizada": "EB32610AB7D04710AFBFCE5FE7AB5C9A1105C.JPEG",
    "cantidad_archivos": 1,
    "archivos_fuente": [
      "Pictures/Fototeca de Fotos.photoslibrary/resources/derivatives/E/EB32610A-B7D0-4710-AFBF-CE5FE7AB5C9A_1_105_c.jpeg"
    ],
    "ultima_modificacion": "2025-08-01 01:01:25.283176"
  },
  "e5aafbf7bc2047e88e69dc0eb29a675f1105c.jpeg": {
    "app_sintetizada": "E5AAFBF7BC2047E88E69DC0EB29A675F1105C.JPEG",
    "cantidad_archivos": 1,
    "archivos_fuente": [
      "Pictures/Fototeca de Fotos.photoslibrary/resources/derivatives/E/E5AAFBF7-BC20-47E8-8E69-DC0EB29A675F_1_105_c.jpeg"
    ],
    "ultima_modificacion": "2025-08-01 01:01:25.283822"
  },
  "e73e1cd0112c4033aca0a94dad08e85a1105c.jpeg": {
    "app_sintetizada": "E73E1CD0112C4033ACA0A94DAD08E85A1105C.JPEG",
    "cantidad_archivos": 1,
    "archivos_fuente": [
      "Pictures/Fototeca de Fotos.photoslibrary/resources/derivatives/E/E73E1CD0-112C-4033-ACA0-A94DAD08E85A_1_105_c.jpeg"
    ],
    "ultima_modificacion": "2025-08-01 01:01:25.285147"
  },
  "ebe0162beddf4481975864801a5e0d221105c.jpeg": {
    "app_sintetizada": "EBE0162BEDDF4481975864801A5E0D221105C.JPEG",
    "cantidad_archivos": 1,
    "archivos_fuente": [
      "Pictures/Fototeca de Fotos.photoslibrary/resources/derivatives/E/EBE0162B-EDDF-4481-9758-64801A5E0D22_1_105_c.jpeg"
    ],
    "ultima_modificacion": "2025-08-01 01:01:25.285681"
  },
  "e990b898425f40aebdc392a35b4f8f871105c.jpeg": {
    "app_sintetizada": "E990B898425F40AEBDC392A35B4F8F871105C.JPEG",
    "cantidad_archivos": 1,
    "archivos_fuente": [
      "Pictures/Fototeca de Fotos.photoslibrary/resources/derivatives/E/E990B898-425F-40AE-BDC3-92A35B4F8F87_1_105_c.jpeg"
    ],
    "ultima_modificacion": "2025-08-01 01:01:25.285967"
  },
  "e873c7ceb350428d844c1c400f36669b1105c.jpeg": {
    "app_sintetizada": "E873C7CEB350428D844C1C400F36669B1105C.JPEG",
    "cantidad_archivos": 1,
    "archivos_fuente": [
      "Pictures/Fototeca de Fotos.photoslibrary/resources/derivatives/E/E873C7CE-B350-428D-844C-1C400F36669B_1_105_c.jpeg"
    ],
    "ultima_modificacion": "2025-08-01 01:01:25.286204"
  },
  "e5add9d34e6841d2819b10c1a6fa27161105c.jpeg": {
    "app_sintetizada": "E5ADD9D34E6841D2819B10C1A6FA27161105C.JPEG",
    "cantidad_archivos": 1,
    "archivos_fuente": [
      "Pictures/Fototeca de Fotos.photoslibrary/resources/derivatives/E/E5ADD9D3-4E68-41D2-819B-10C1A6FA2716_1_105_c.jpeg"
    ],
    "ultima_modificacion": "2025-08-01 01:01:25.286502"
  },
  "edb8cfa7766c4a358e119d04a12333f91105c.jpeg": {
    "app_sintetizada": "EDB8CFA7766C4A358E119D04A12333F91105C.JPEG",
    "cantidad_archivos": 1,
    "archivos_fuente": [
      "Pictures/Fototeca de Fotos.photoslibrary/resources/derivatives/E/EDB8CFA7-766C-4A35-8E11-9D04A12333F9_1_105_c.jpeg"
    ],
    "ultima_modificacion": "2025-08-01 01:01:25.286855"
  },
  "e0f2668eadb84340b48aa30dafdd9ec4.thm": {
    "app_sintetizada": "E0F2668EADB84340B48AA30DAFDD9EC4.THM",
    "cantidad_archivos": 1,
    "archivos_fuente": [
      "Pictures/Fototeca de Fotos.photoslibrary/resources/derivatives/E/E0F2668E-ADB8-4340-B48A-A30DAFDD9EC4.THM"
    ],
    "ultima_modificacion": "2025-08-01 01:01:25.287208"
  },
  "e630b3029b5f43fb8637acc356d383bd1105c.jpeg": {
    "app_sintetizada": "E630B3029B5F43FB8637ACC356D383BD1105C.JPEG",
    "cantidad_archivos": 1,
    "archivos_fuente": [
      "Pictures/Fototeca de Fotos.photoslibrary/resources/derivatives/E/E630B302-9B5F-43FB-8637-ACC356D383BD_1_105_c.jpeg"
    ],
    "ultima_modificacion": "2025-08-01 01:01:25.287551"
  },
  "e3a2f382103f49ef8665c1ed18aa85321105c.jpeg": {
    "app_sintetizada": "E3A2F382103F49EF8665C1ED18AA85321105C.JPEG",
    "cantidad_archivos": 1,
    "archivos_fuente": [
      "Pictures/Fototeca de Fotos.photoslibrary/resources/derivatives/E/E3A2F382-103F-49EF-8665-C1ED18AA8532_1_105_c.jpeg"
    ],
    "ultima_modificacion": "2025-08-01 01:01:25.287909"
  },
  "e271f03a923545669d98a668cb527c661105c.jpeg": {
    "app_sintetizada": "E271F03A923545669D98A668CB527C661105C.JPEG",
    "cantidad_archivos": 1,
    "archivos_fuente": [
      "Pictures/Fototeca de Fotos.photoslibrary/resources/derivatives/E/E271F03A-9235-4566-9D98-A668CB527C66_1_105_c.jpeg"
    ],
    "ultima_modificacion": "2025-08-01 01:01:25.288236"
  },
  "eaa505013e174c89a630225334a139f71105c.jpeg": {
    "app_sintetizada": "EAA505013E174C89A630225334A139F71105C.JPEG",
    "cantidad_archivos": 1,
    "archivos_fuente": [
      "Pictures/Fototeca de Fotos.photoslibrary/resources/derivatives/E/EAA50501-3E17-4C89-A630-225334A139F7_1_105_c.jpeg"
    ],
    "ultima_modificacion": "2025-08-01 01:01:25.288739"
  },
  "eddb11cd55e146f1a5921eeb37bc0d7c1105c.jpeg": {
    "app_sintetizada": "EDDB11CD55E146F1A5921EEB37BC0D7C1105C.JPEG",
    "cantidad_archivos": 1,
    "archivos_fuente": [
      "Pictures/Fototeca de Fotos.photoslibrary/resources/derivatives/E/EDDB11CD-55E1-46F1-A592-1EEB37BC0D7C_1_105_c.jpeg"
    ],
    "ultima_modificacion": "2025-08-01 01:01:25.289093"
  },
  "ed410733f6a749b4991d74d6ebbecce91105c.jpeg": {
    "app_sintetizada": "ED410733F6A749B4991D74D6EBBECCE91105C.JPEG",
    "cantidad_archivos": 1,
    "archivos_fuente": [
      "Pictures/Fototeca de Fotos.photoslibrary/resources/derivatives/E/ED410733-F6A7-49B4-991D-74D6EBBECCE9_1_105_c.jpeg"
    ],
    "ultima_modificacion": "2025-08-01 01:01:25.289430"
  },
  "e22e8d0eef8649efbe67375502d3eaa81105c.jpeg": {
    "app_sintetizada": "E22E8D0EEF8649EFBE67375502D3EAA81105C.JPEG",
    "cantidad_archivos": 1,
    "archivos_fuente": [
      "Pictures/Fototeca de Fotos.photoslibrary/resources/derivatives/E/E22E8D0E-EF86-49EF-BE67-375502D3EAA8_1_105_c.jpeg"
    ],
    "ultima_modificacion": "2025-08-01 01:01:25.289775"
  },
  "e214543f5e8d443db82ea749257c42801102o.jpeg": {
    "app_sintetizada": "E214543F5E8D443DB82EA749257C42801102O.JPEG",
    "cantidad_archivos": 1,
    "archivos_fuente": [
      "Pictures/Fototeca de Fotos.photoslibrary/resources/derivatives/E/E214543F-5E8D-443D-B82E-A749257C4280_1_102_o.jpeg"
    ],
    "ultima_modificacion": "2025-08-01 01:01:25.290142"
  },
  "e2cfdff552f5438891a643529e0d7dd3.thm": {
    "app_sintetizada": "E2CFDFF552F5438891A643529E0D7DD3.THM",
    "cantidad_archivos": 1,
    "archivos_fuente": [
      "Pictures/Fototeca de Fotos.photoslibrary/resources/derivatives/E/E2CFDFF5-52F5-4388-91A6-43529E0D7DD3.THM"
    ],
    "ultima_modificacion": "2025-08-01 01:01:25.290478"
  },
  "ef1e8a3acee84a1382dad7db9fa778cb1105c.jpeg": {
    "app_sintetizada": "EF1E8A3ACEE84A1382DAD7DB9FA778CB1105C.JPEG",
    "cantidad_archivos": 1,
    "archivos_fuente": [
      "Pictures/Fototeca de Fotos.photoslibrary/resources/derivatives/E/EF1E8A3A-CEE8-4A13-82DA-D7DB9FA778CB_1_105_c.jpeg"
    ],
    "ultima_modificacion": "2025-08-01 01:01:25.290834"
  },
  "e1cd8946964a4255aaaed0165be9d43c1105c.jpeg": {
    "app_sintetizada": "E1CD8946964A4255AAAED0165BE9D43C1105C.JPEG",
    "cantidad_archivos": 1,
    "archivos_fuente": [
      "Pictures/Fototeca de Fotos.photoslibrary/resources/derivatives/E/E1CD8946-964A-4255-AAAE-D0165BE9D43C_1_105_c.jpeg"
    ],
    "ultima_modificacion": "2025-08-01 01:01:25.291210"
  },
  "e0d133f03c3a4d7fa098b76d6604bfba1105c.jpeg": {
    "app_sintetizada": "E0D133F03C3A4D7FA098B76D6604BFBA1105C.JPEG",
    "cantidad_archivos": 1,
    "archivos_fuente": [
      "Pictures/Fototeca de Fotos.photoslibrary/resources/derivatives/E/E0D133F0-3C3A-4D7F-A098-B76D6604BFBA_1_105_c.jpeg"
    ],
    "ultima_modificacion": "2025-08-01 01:01:25.291550"
  },
  "e7a59c8760ce4d92b3c35e78a1bda3f7.thm": {
    "app_sintetizada": "E7A59C8760CE4D92B3C35E78A1BDA3F7.THM",
    "cantidad_archivos": 1,
    "archivos_fuente": [
      "Pictures/Fototeca de Fotos.photoslibrary/resources/derivatives/E/E7A59C87-60CE-4D92-B3C3-5E78A1BDA3F7.THM"
    ],
    "ultima_modificacion": "2025-08-01 01:01:25.291894"
  },
  "e0c1bccaad484fa3a26cf119ef88be0e1105c.jpeg": {
    "app_sintetizada": "E0C1BCCAAD484FA3A26CF119EF88BE0E1105C.JPEG",
    "cantidad_archivos": 1,
    "archivos_fuente": [
      "Pictures/Fototeca de Fotos.photoslibrary/resources/derivatives/E/E0C1BCCA-AD48-4FA3-A26C-F119EF88BE0E_1_105_c.jpeg"
    ],
    "ultima_modificacion": "2025-08-01 01:01:25.292231"
  },
  "e9464e67b1d1409ba9ca1085ef3ec2fe1105c.jpeg": {
    "app_sintetizada": "E9464E67B1D1409BA9CA1085EF3EC2FE1105C.JPEG",
    "cantidad_archivos": 1,
    "archivos_fuente": [
      "Pictures/Fototeca de Fotos.photoslibrary/resources/derivatives/E/E9464E67-B1D1-409B-A9CA-1085EF3EC2FE_1_105_c.jpeg"
    ],
    "ultima_modificacion": "2025-08-01 01:01:25.292577"
  },
  "e737abfb59524f1b8643620121f4def21105c.jpeg": {
    "app_sintetizada": "E737ABFB59524F1B8643620121F4DEF21105C.JPEG",
    "cantidad_archivos": 1,
    "archivos_fuente": [
      "Pictures/Fototeca de Fotos.photoslibrary/resources/derivatives/E/E737ABFB-5952-4F1B-8643-620121F4DEF2_1_105_c.jpeg"
    ],
    "ultima_modificacion": "2025-08-01 01:01:25.292922"
  },
  "eb95e0020d87492582acc22282311ab01105c.jpeg": {
    "app_sintetizada": "EB95E0020D87492582ACC22282311AB01105C.JPEG",
    "cantidad_archivos": 1,
    "archivos_fuente": [
      "Pictures/Fototeca de Fotos.photoslibrary/resources/derivatives/E/EB95E002-0D87-4925-82AC-C22282311AB0_1_105_c.jpeg"
    ],
    "ultima_modificacion": "2025-08-01 01:01:25.293321"
  },
  "e0b626987d794b139ba39c2f21bc682e1105c.jpeg": {
    "app_sintetizada": "E0B626987D794B139BA39C2F21BC682E1105C.JPEG",
    "cantidad_archivos": 1,
    "archivos_fuente": [
      "Pictures/Fototeca de Fotos.photoslibrary/resources/derivatives/E/E0B62698-7D79-4B13-9BA3-9C2F21BC682E_1_105_c.jpeg"
    ],
    "ultima_modificacion": "2025-08-01 01:01:25.293669"
  }
}