{
  "31d1f677b2a28f330": {
    "app_sintetizada": "31D1F677B2A28F330",
    "cantidad_archivos": 1,
    "archivos_fuente": [
      "Library/Application Support/Google/Chrome/Default/Service Worker/CacheStorage/d1394a4c842f7861ad7ae5e20da4b484a0c4acad/a5a18824-56f6-4f5f-abb6-64683cbd37bb/31d1f677b2a28f33_0"
    ],
    "ultima_modificacion": "2025-08-01 01:01:33.590027"
  },
  "cb7c3c13877650010": {
    "app_sintetizada": "CB7C3C13877650010",
    "cantidad_archivos": 1,
    "archivos_fuente": [
      "Library/Application Support/Google/Chrome/Default/Service Worker/CacheStorage/d1394a4c842f7861ad7ae5e20da4b484a0c4acad/a5a18824-56f6-4f5f-abb6-64683cbd37bb/cb7c3c1387765001_0"
    ],
    "ultima_modificacion": "2025-08-01 01:01:33.590292"
  },
  "41876c8fca23864c0": {
    "app_sintetizada": "41876C8FCA23864C0",
    "cantidad_archivos": 1,
    "archivos_fuente": [
      "Library/Application Support/Google/Chrome/Default/Service Worker/CacheStorage/d1394a4c842f7861ad7ae5e20da4b484a0c4acad/a5a18824-56f6-4f5f-abb6-64683cbd37bb/41876c8fca23864c_0"
    ],
    "ultima_modificacion": "2025-08-01 01:01:33.590586"
  },
  "405cda4eb506a9620": {
    "app_sintetizada": "405CDA4EB506A9620",
    "cantidad_archivos": 1,
    "archivos_fuente": [
      "Library/Application Support/Google/Chrome/Default/Service Worker/CacheStorage/d1394a4c842f7861ad7ae5e20da4b484a0c4acad/a5a18824-56f6-4f5f-abb6-64683cbd37bb/405cda4eb506a962_0"
    ],
    "ultima_modificacion": "2025-08-01 01:01:33.590846"
  },
  "f07a717db7db66cd0": {
    "app_sintetizada": "F07A717DB7DB66CD0",
    "cantidad_archivos": 1,
    "archivos_fuente": [
      "Library/Application Support/Google/Chrome/Default/Service Worker/CacheStorage/d1394a4c842f7861ad7ae5e20da4b484a0c4acad/a5a18824-56f6-4f5f-abb6-64683cbd37bb/f07a717db7db66cd_0"
    ],
    "ultima_modificacion": "2025-08-01 01:01:33.591119"
  },
  "d414007bedcf70440": {
    "app_sintetizada": "D414007BEDCF70440",
    "cantidad_archivos": 1,
    "archivos_fuente": [
      "Library/Application Support/Google/Chrome/Default/Service Worker/CacheStorage/d1394a4c842f7861ad7ae5e20da4b484a0c4acad/a5a18824-56f6-4f5f-abb6-64683cbd37bb/d414007bedcf7044_0"
    ],
    "ultima_modificacion": "2025-08-01 01:01:33.591384"
  },
  "c7343ef3ac0197830": {
    "app_sintetizada": "C7343EF3AC0197830",
    "cantidad_archivos": 1,
    "archivos_fuente": [
      "Library/Application Support/Google/Chrome/Default/Service Worker/CacheStorage/d1394a4c842f7861ad7ae5e20da4b484a0c4acad/a5a18824-56f6-4f5f-abb6-64683cbd37bb/c7343ef3ac019783_0"
    ],
    "ultima_modificacion": "2025-08-01 01:01:33.591638"
  },
  "1fa7195fdb6659e80": {
    "app_sintetizada": "1FA7195FDB6659E80",
    "cantidad_archivos": 1,
    "archivos_fuente": [
      "Library/Application Support/Google/Chrome/Default/Service Worker/CacheStorage/d1394a4c842f7861ad7ae5e20da4b484a0c4acad/a5a18824-56f6-4f5f-abb6-64683cbd37bb/1fa7195fdb6659e8_0"
    ],
    "ultima_modificacion": "2025-08-01 01:01:33.591906"
  },
  "70b1de16ae168ab30": {
    "app_sintetizada": "70B1DE16AE168AB30",
    "cantidad_archivos": 1,
    "archivos_fuente": [
      "Library/Application Support/Google/Chrome/Default/Service Worker/CacheStorage/d1394a4c842f7861ad7ae5e20da4b484a0c4acad/a5a18824-56f6-4f5f-abb6-64683cbd37bb/70b1de16ae168ab3_0"
    ],
    "ultima_modificacion": "2025-08-01 01:01:33.592196"
  },
  "33712170c3a0a4720": {
    "app_sintetizada": "33712170C3A0A4720",
    "cantidad_archivos": 1,
    "archivos_fuente": [
      "Library/Application Support/Google/Chrome/Default/Service Worker/CacheStorage/d1394a4c842f7861ad7ae5e20da4b484a0c4acad/a5a18824-56f6-4f5f-abb6-64683cbd37bb/33712170c3a0a472_0"
    ],
    "ultima_modificacion": "2025-08-01 01:01:33.592517"
  },
  "8728b88147ae0e170": {
    "app_sintetizada": "8728B88147AE0E170",
    "cantidad_archivos": 1,
    "archivos_fuente": [
      "Library/Application Support/Google/Chrome/Default/Service Worker/CacheStorage/d1394a4c842f7861ad7ae5e20da4b484a0c4acad/a5a18824-56f6-4f5f-abb6-64683cbd37bb/8728b88147ae0e17_0"
    ],
    "ultima_modificacion": "2025-08-01 01:01:33.592831"
  },
  "bf3263a14908980d0": {
    "app_sintetizada": "BF3263A14908980D0",
    "cantidad_archivos": 1,
    "archivos_fuente": [
      "Library/Application Support/Google/Chrome/Default/Service Worker/CacheStorage/d1394a4c842f7861ad7ae5e20da4b484a0c4acad/a5a18824-56f6-4f5f-abb6-64683cbd37bb/bf3263a14908980d_0"
    ],
    "ultima_modificacion": "2025-08-01 01:01:33.593143"
  },
  "f8cee9ef119492830": {
    "app_sintetizada": "F8CEE9EF119492830",
    "cantidad_archivos": 1,
    "archivos_fuente": [
      "Library/Application Support/Google/Chrome/Default/Service Worker/CacheStorage/d1394a4c842f7861ad7ae5e20da4b484a0c4acad/a5a18824-56f6-4f5f-abb6-64683cbd37bb/f8cee9ef11949283_0"
    ],
    "ultima_modificacion": "2025-08-01 01:01:33.593457"
  },
  "45e2a78d194577a40": {
    "app_sintetizada": "45E2A78D194577A40",
    "cantidad_archivos": 1,
    "archivos_fuente": [
      "Library/Application Support/Google/Chrome/Default/Service Worker/CacheStorage/d1394a4c842f7861ad7ae5e20da4b484a0c4acad/a5a18824-56f6-4f5f-abb6-64683cbd37bb/45e2a78d194577a4_0"
    ],
    "ultima_modificacion": "2025-08-01 01:01:33.593864"
  },
  "9e34471da402a9b40": {
    "app_sintetizada": "9E34471DA402A9B40",
    "cantidad_archivos": 1,
    "archivos_fuente": [
      "Library/Application Support/Google/Chrome/Default/Service Worker/CacheStorage/d1394a4c842f7861ad7ae5e20da4b484a0c4acad/a5a18824-56f6-4f5f-abb6-64683cbd37bb/9e34471da402a9b4_0"
    ],
    "ultima_modificacion": "2025-08-01 01:01:33.594212"
  },
  "bb2e6063f793e5f30": {
    "app_sintetizada": "BB2E6063F793E5F30",
    "cantidad_archivos": 1,
    "archivos_fuente": [
      "Library/Application Support/Google/Chrome/Default/Service Worker/CacheStorage/d1394a4c842f7861ad7ae5e20da4b484a0c4acad/a5a18824-56f6-4f5f-abb6-64683cbd37bb/bb2e6063f793e5f3_0"
    ],
    "ultima_modificacion": "2025-08-01 01:01:33.594544"
  },
  "b00120be40123b080": {
    "app_sintetizada": "B00120BE40123B080",
    "cantidad_archivos": 1,
    "archivos_fuente": [
      "Library/Application Support/Google/Chrome/Default/Service Worker/CacheStorage/d1394a4c842f7861ad7ae5e20da4b484a0c4acad/a5a18824-56f6-4f5f-abb6-64683cbd37bb/b00120be40123b08_0"
    ],
    "ultima_modificacion": "2025-08-01 01:01:33.594874"
  },
  "5126dc752cb853740": {
    "app_sintetizada": "5126DC752CB853740",
    "cantidad_archivos": 1,
    "archivos_fuente": [
      "Library/Application Support/Google/Chrome/Default/Service Worker/CacheStorage/d1394a4c842f7861ad7ae5e20da4b484a0c4acad/a5a18824-56f6-4f5f-abb6-64683cbd37bb/5126dc752cb85374_0"
    ],
    "ultima_modificacion": "2025-08-01 01:01:33.595191"
  },
  "9b902c4a6447dd530": {
    "app_sintetizada": "9B902C4A6447DD530",
    "cantidad_archivos": 1,
    "archivos_fuente": [
      "Library/Application Support/Google/Chrome/Default/Service Worker/CacheStorage/d1394a4c842f7861ad7ae5e20da4b484a0c4acad/a5a18824-56f6-4f5f-abb6-64683cbd37bb/9b902c4a6447dd53_0"
    ],
    "ultima_modificacion": "2025-08-01 01:01:33.595518"
  },
  "1d3ff2b1888cd6390": {
    "app_sintetizada": "1D3FF2B1888CD6390",
    "cantidad_archivos": 1,
    "archivos_fuente": [
      "Library/Application Support/Google/Chrome/Default/Service Worker/CacheStorage/d1394a4c842f7861ad7ae5e20da4b484a0c4acad/a5a18824-56f6-4f5f-abb6-64683cbd37bb/1d3ff2b1888cd639_0"
    ],
    "ultima_modificacion": "2025-08-01 01:01:33.595847"
  },
  "e6bce27a017e6a670": {
    "app_sintetizada": "E6BCE27A017E6A670",
    "cantidad_archivos": 1,
    "archivos_fuente": [
      "Library/Application Support/Google/Chrome/Default/Service Worker/CacheStorage/d1394a4c842f7861ad7ae5e20da4b484a0c4acad/a5a18824-56f6-4f5f-abb6-64683cbd37bb/e6bce27a017e6a67_0"
    ],
    "ultima_modificacion": "2025-08-01 01:01:33.596153"
  },
  "7d7e553e5d9cbd0e0": {
    "app_sintetizada": "7D7E553E5D9CBD0E0",
    "cantidad_archivos": 1,
    "archivos_fuente": [
      "Library/Application Support/Google/Chrome/Default/Service Worker/CacheStorage/d1394a4c842f7861ad7ae5e20da4b484a0c4acad/a5a18824-56f6-4f5f-abb6-64683cbd37bb/7d7e553e5d9cbd0e_0"
    ],
    "ultima_modificacion": "2025-08-01 01:01:33.596470"
  },
  "5bbe45dabc4019ed0": {
    "app_sintetizada": "5BBE45DABC4019ED0",
    "cantidad_archivos": 1,
    "archivos_fuente": [
      "Library/Application Support/Google/Chrome/Default/Service Worker/CacheStorage/d1394a4c842f7861ad7ae5e20da4b484a0c4acad/a5a18824-56f6-4f5f-abb6-64683cbd37bb/5bbe45dabc4019ed_0"
    ],
    "ultima_modificacion": "2025-08-01 01:01:33.596792"
  },
  "4c74b5747c687d1a0": {
    "app_sintetizada": "4C74B5747C687D1A0",
    "cantidad_archivos": 1,
    "archivos_fuente": [
      "Library/Application Support/Google/Chrome/Default/Service Worker/CacheStorage/d1394a4c842f7861ad7ae5e20da4b484a0c4acad/a5a18824-56f6-4f5f-abb6-64683cbd37bb/4c74b5747c687d1a_0"
    ],
    "ultima_modificacion": "2025-08-01 01:01:33.597100"
  },
  "c80286bc7469a3760": {
    "app_sintetizada": "C80286BC7469A3760",
    "cantidad_archivos": 1,
    "archivos_fuente": [
      "Library/Application Support/Google/Chrome/Default/Service Worker/CacheStorage/d1394a4c842f7861ad7ae5e20da4b484a0c4acad/a5a18824-56f6-4f5f-abb6-64683cbd37bb/c80286bc7469a376_0"
    ],
    "ultima_modificacion": "2025-08-01 01:01:33.597408"
  },
  "82633893ce45f7020": {
    "app_sintetizada": "82633893CE45F7020",
    "cantidad_archivos": 1,
    "archivos_fuente": [
      "Library/Application Support/Google/Chrome/Default/Service Worker/CacheStorage/d1394a4c842f7861ad7ae5e20da4b484a0c4acad/a5a18824-56f6-4f5f-abb6-64683cbd37bb/82633893ce45f702_0"
    ],
    "ultima_modificacion": "2025-08-01 01:01:33.597695"
  },
  "1ea20a7a40e8168d0": {
    "app_sintetizada": "1EA20A7A40E8168D0",
    "cantidad_archivos": 1,
    "archivos_fuente": [
      "Library/Application Support/Google/Chrome/Default/Service Worker/CacheStorage/d1394a4c842f7861ad7ae5e20da4b484a0c4acad/a5a18824-56f6-4f5f-abb6-64683cbd37bb/1ea20a7a40e8168d_0"
    ],
    "ultima_modificacion": "2025-08-01 01:01:33.597999"
  },
  "7ee7a48bad1c3bdc0": {
    "app_sintetizada": "7EE7A48BAD1C3BDC0",
    "cantidad_archivos": 1,
    "archivos_fuente": [
      "Library/Application Support/Google/Chrome/Default/Service Worker/CacheStorage/d1394a4c842f7861ad7ae5e20da4b484a0c4acad/a5a18824-56f6-4f5f-abb6-64683cbd37bb/7ee7a48bad1c3bdc_0"
    ],
    "ultima_modificacion": "2025-08-01 01:01:33.598321"
  },
  "b15733a0a09e2ed00": {
    "app_sintetizada": "B15733A0A09E2ED00",
    "cantidad_archivos": 1,
    "archivos_fuente": [
      "Library/Application Support/Google/Chrome/Default/Service Worker/CacheStorage/d1394a4c842f7861ad7ae5e20da4b484a0c4acad/a5a18824-56f6-4f5f-abb6-64683cbd37bb/b15733a0a09e2ed0_0"
    ],
    "ultima_modificacion": "2025-08-01 01:01:33.598608"
  },
  "e62d30504ee8836a0": {
    "app_sintetizada": "E62D30504EE8836A0",
    "cantidad_archivos": 1,
    "archivos_fuente": [
      "Library/Application Support/Google/Chrome/Default/Service Worker/CacheStorage/d1394a4c842f7861ad7ae5e20da4b484a0c4acad/a5a18824-56f6-4f5f-abb6-64683cbd37bb/e62d30504ee8836a_0"
    ],
    "ultima_modificacion": "2025-08-01 01:01:33.598901"
  },
  "86d914f470d38ab10": {
    "app_sintetizada": "86D914F470D38AB10",
    "cantidad_archivos": 1,
    "archivos_fuente": [
      "Library/Application Support/Google/Chrome/Default/Service Worker/CacheStorage/d1394a4c842f7861ad7ae5e20da4b484a0c4acad/a5a18824-56f6-4f5f-abb6-64683cbd37bb/86d914f470d38ab1_0"
    ],
    "ultima_modificacion": "2025-08-01 01:01:33.599198"
  },
  "3dbd58dd37b509270": {
    "app_sintetizada": "3DBD58DD37B509270",
    "cantidad_archivos": 1,
    "archivos_fuente": [
      "Library/Application Support/Google/Chrome/Default/Service Worker/CacheStorage/d1394a4c842f7861ad7ae5e20da4b484a0c4acad/a5a18824-56f6-4f5f-abb6-64683cbd37bb/3dbd58dd37b50927_0"
    ],
    "ultima_modificacion": "2025-08-01 01:01:33.599489"
  },
  "bc51341261c7de870": {
    "app_sintetizada": "BC51341261C7DE870",
    "cantidad_archivos": 1,
    "archivos_fuente": [
      "Library/Application Support/Google/Chrome/Default/Service Worker/CacheStorage/d1394a4c842f7861ad7ae5e20da4b484a0c4acad/a5a18824-56f6-4f5f-abb6-64683cbd37bb/bc51341261c7de87_0"
    ],
    "ultima_modificacion": "2025-08-01 01:01:33.600299"
  },
  "e3c54390c02891fc0": {
    "app_sintetizada": "E3C54390C02891FC0",
    "cantidad_archivos": 1,
    "archivos_fuente": [
      "Library/Application Support/Google/Chrome/Default/Service Worker/CacheStorage/d1394a4c842f7861ad7ae5e20da4b484a0c4acad/a5a18824-56f6-4f5f-abb6-64683cbd37bb/e3c54390c02891fc_0"
    ],
    "ultima_modificacion": "2025-08-01 01:01:33.600624"
  },
  "e2ae5bc83130389d0": {
    "app_sintetizada": "E2AE5BC83130389D0",
    "cantidad_archivos": 1,
    "archivos_fuente": [
      "Library/Application Support/Google/Chrome/Default/Service Worker/CacheStorage/d1394a4c842f7861ad7ae5e20da4b484a0c4acad/a5a18824-56f6-4f5f-abb6-64683cbd37bb/e2ae5bc83130389d_0"
    ],
    "ultima_modificacion": "2025-08-01 01:01:33.600942"
  },
  "ca337a3004230c340": {
    "app_sintetizada": "CA337A3004230C340",
    "cantidad_archivos": 1,
    "archivos_fuente": [
      "Library/Application Support/Google/Chrome/Default/Service Worker/CacheStorage/d1394a4c842f7861ad7ae5e20da4b484a0c4acad/a5a18824-56f6-4f5f-abb6-64683cbd37bb/ca337a3004230c34_0"
    ],
    "ultima_modificacion": "2025-08-01 01:01:33.601249"
  },
  "3bfbf0aed9e844e50": {
    "app_sintetizada": "3BFBF0AED9E844E50",
    "cantidad_archivos": 1,
    "archivos_fuente": [
      "Library/Application Support/Google/Chrome/Default/Service Worker/CacheStorage/d1394a4c842f7861ad7ae5e20da4b484a0c4acad/a5a18824-56f6-4f5f-abb6-64683cbd37bb/3bfbf0aed9e844e5_0"
    ],
    "ultima_modificacion": "2025-08-01 01:01:33.601599"
  },
  "52e28ded34e3f4b50": {
    "app_sintetizada": "52E28DED34E3F4B50",
    "cantidad_archivos": 1,
    "archivos_fuente": [
      "Library/Application Support/Google/Chrome/Default/Service Worker/CacheStorage/d1394a4c842f7861ad7ae5e20da4b484a0c4acad/a5a18824-56f6-4f5f-abb6-64683cbd37bb/52e28ded34e3f4b5_0"
    ],
    "ultima_modificacion": "2025-08-01 01:01:33.601924"
  },
  "bfa4d2f25a7d2c3c0": {
    "app_sintetizada": "BFA4D2F25A7D2C3C0",
    "cantidad_archivos": 1,
    "archivos_fuente": [
      "Library/Application Support/Google/Chrome/Default/Service Worker/CacheStorage/d1394a4c842f7861ad7ae5e20da4b484a0c4acad/a5a18824-56f6-4f5f-abb6-64683cbd37bb/bfa4d2f25a7d2c3c_0"
    ],
    "ultima_modificacion": "2025-08-01 01:01:33.602246"
  },
  "5174a846f291c8bc0": {
    "app_sintetizada": "5174A846F291C8BC0",
    "cantidad_archivos": 1,
    "archivos_fuente": [
      "Library/Application Support/Google/Chrome/Default/Service Worker/CacheStorage/d1394a4c842f7861ad7ae5e20da4b484a0c4acad/a5a18824-56f6-4f5f-abb6-64683cbd37bb/5174a846f291c8bc_0"
    ],
    "ultima_modificacion": "2025-08-01 01:01:33.602558"
  },
  "17961e94825e56fc0": {
    "app_sintetizada": "17961E94825E56FC0",
    "cantidad_archivos": 1,
    "archivos_fuente": [
      "Library/Application Support/Google/Chrome/Default/Service Worker/CacheStorage/d1394a4c842f7861ad7ae5e20da4b484a0c4acad/a5a18824-56f6-4f5f-abb6-64683cbd37bb/17961e94825e56fc_0"
    ],
    "ultima_modificacion": "2025-08-01 01:01:33.602887"
  },
  "b5ea5ab84ae7310c0": {
    "app_sintetizada": "B5EA5AB84AE7310C0",
    "cantidad_archivos": 1,
    "archivos_fuente": [
      "Library/Application Support/Google/Chrome/Default/Service Worker/CacheStorage/d1394a4c842f7861ad7ae5e20da4b484a0c4acad/a5a18824-56f6-4f5f-abb6-64683cbd37bb/b5ea5ab84ae7310c_0"
    ],
    "ultima_modificacion": "2025-08-01 01:01:33.603178"
  },
  "6ddc3ea4134c3fd50": {
    "app_sintetizada": "6DDC3EA4134C3FD50",
    "cantidad_archivos": 1,
    "archivos_fuente": [
      "Library/Application Support/Google/Chrome/Default/Service Worker/CacheStorage/d1394a4c842f7861ad7ae5e20da4b484a0c4acad/a5a18824-56f6-4f5f-abb6-64683cbd37bb/6ddc3ea4134c3fd5_0"
    ],
    "ultima_modificacion": "2025-08-01 01:01:33.603465"
  },
  "8474d5590098c7110": {
    "app_sintetizada": "8474D5590098C7110",
    "cantidad_archivos": 1,
    "archivos_fuente": [
      "Library/Application Support/Google/Chrome/Default/Service Worker/CacheStorage/d1394a4c842f7861ad7ae5e20da4b484a0c4acad/a5a18824-56f6-4f5f-abb6-64683cbd37bb/8474d5590098c711_0"
    ],
    "ultima_modificacion": "2025-08-01 01:01:33.603764"
  },
  "af8777b8d8a908a50": {
    "app_sintetizada": "AF8777B8D8A908A50",
    "cantidad_archivos": 1,
    "archivos_fuente": [
      "Library/Application Support/Google/Chrome/Default/Service Worker/CacheStorage/d1394a4c842f7861ad7ae5e20da4b484a0c4acad/a5a18824-56f6-4f5f-abb6-64683cbd37bb/af8777b8d8a908a5_0"
    ],
    "ultima_modificacion": "2025-08-01 01:01:33.604076"
  },
  "98293a999bca950c0": {
    "app_sintetizada": "98293A999BCA950C0",
    "cantidad_archivos": 1,
    "archivos_fuente": [
      "Library/Application Support/Google/Chrome/Default/Service Worker/CacheStorage/d1394a4c842f7861ad7ae5e20da4b484a0c4acad/a5a18824-56f6-4f5f-abb6-64683cbd37bb/98293a999bca950c_0"
    ],
    "ultima_modificacion": "2025-08-01 01:01:33.604376"
  },
  "f75842babe2806f00": {
    "app_sintetizada": "F75842BABE2806F00",
    "cantidad_archivos": 1,
    "archivos_fuente": [
      "Library/Application Support/Google/Chrome/Default/Service Worker/CacheStorage/d1394a4c842f7861ad7ae5e20da4b484a0c4acad/a5a18824-56f6-4f5f-abb6-64683cbd37bb/f75842babe2806f0_0"
    ],
    "ultima_modificacion": "2025-08-01 01:01:33.604684"
  },
  "67450cf80b9a8ce40": {
    "app_sintetizada": "67450CF80B9A8CE40",
    "cantidad_archivos": 1,
    "archivos_fuente": [
      "Library/Application Support/Google/Chrome/Default/Service Worker/CacheStorage/d1394a4c842f7861ad7ae5e20da4b484a0c4acad/a5a18824-56f6-4f5f-abb6-64683cbd37bb/67450cf80b9a8ce4_0"
    ],
    "ultima_modificacion": "2025-08-01 01:01:33.604999"
  },
  "86f90eb70c5b66090": {
    "app_sintetizada": "86F90EB70C5B66090",
    "cantidad_archivos": 1,
    "archivos_fuente": [
      "Library/Application Support/Google/Chrome/Default/Service Worker/CacheStorage/d1394a4c842f7861ad7ae5e20da4b484a0c4acad/a5a18824-56f6-4f5f-abb6-64683cbd37bb/86f90eb70c5b6609_0"
    ],
    "ultima_modificacion": "2025-08-01 01:01:33.605326"
  },
  "352891abe670c6ff0": {
    "app_sintetizada": "352891ABE670C6FF0",
    "cantidad_archivos": 1,
    "archivos_fuente": [
      "Library/Application Support/Google/Chrome/Default/Service Worker/CacheStorage/d1394a4c842f7861ad7ae5e20da4b484a0c4acad/a5a18824-56f6-4f5f-abb6-64683cbd37bb/352891abe670c6ff_0"
    ],
    "ultima_modificacion": "2025-08-01 01:01:33.605731"
  },
  "cd220e82d6e259e30": {
    "app_sintetizada": "CD220E82D6E259E30",
    "cantidad_archivos": 1,
    "archivos_fuente": [
      "Library/Application Support/Google/Chrome/Default/Service Worker/CacheStorage/d1394a4c842f7861ad7ae5e20da4b484a0c4acad/a5a18824-56f6-4f5f-abb6-64683cbd37bb/cd220e82d6e259e3_0"
    ],
    "ultima_modificacion": "2025-08-01 01:01:33.606053"
  },
  "c63a9dc1123c634b0": {
    "app_sintetizada": "C63A9DC1123C634B0",
    "cantidad_archivos": 1,
    "archivos_fuente": [
      "Library/Application Support/Google/Chrome/Default/Service Worker/CacheStorage/d1394a4c842f7861ad7ae5e20da4b484a0c4acad/a5a18824-56f6-4f5f-abb6-64683cbd37bb/c63a9dc1123c634b_0"
    ],
    "ultima_modificacion": "2025-08-01 01:01:33.606386"
  },
  "08ead198534882490": {
    "app_sintetizada": "08EAD198534882490",
    "cantidad_archivos": 1,
    "archivos_fuente": [
      "Library/Application Support/Google/Chrome/Default/Service Worker/CacheStorage/d1394a4c842f7861ad7ae5e20da4b484a0c4acad/a5a18824-56f6-4f5f-abb6-64683cbd37bb/08ead19853488249_0"
    ],
    "ultima_modificacion": "2025-08-01 01:01:33.606699"
  },
  "dd8ca027481d00340": {
    "app_sintetizada": "DD8CA027481D00340",
    "cantidad_archivos": 1,
    "archivos_fuente": [
      "Library/Application Support/Google/Chrome/Default/Service Worker/CacheStorage/d1394a4c842f7861ad7ae5e20da4b484a0c4acad/a5a18824-56f6-4f5f-abb6-64683cbd37bb/dd8ca027481d0034_0"
    ],
    "ultima_modificacion": "2025-08-01 01:01:33.607041"
  },
  "50360dc619bc9b0f0": {
    "app_sintetizada": "50360DC619BC9B0F0",
    "cantidad_archivos": 1,
    "archivos_fuente": [
      "Library/Application Support/Google/Chrome/Default/Service Worker/CacheStorage/d1394a4c842f7861ad7ae5e20da4b484a0c4acad/a5a18824-56f6-4f5f-abb6-64683cbd37bb/50360dc619bc9b0f_0"
    ],
    "ultima_modificacion": "2025-08-01 01:01:33.607381"
  },
  "cadd2a5fa307f9210": {
    "app_sintetizada": "CADD2A5FA307F9210",
    "cantidad_archivos": 1,
    "archivos_fuente": [
      "Library/Application Support/Google/Chrome/Default/Service Worker/CacheStorage/d1394a4c842f7861ad7ae5e20da4b484a0c4acad/a5a18824-56f6-4f5f-abb6-64683cbd37bb/cadd2a5fa307f921_0"
    ],
    "ultima_modificacion": "2025-08-01 01:01:33.607706"
  },
  "c8922db7685bd7810": {
    "app_sintetizada": "C8922DB7685BD7810",
    "cantidad_archivos": 1,
    "archivos_fuente": [
      "Library/Application Support/Google/Chrome/Default/Service Worker/CacheStorage/d1394a4c842f7861ad7ae5e20da4b484a0c4acad/a5a18824-56f6-4f5f-abb6-64683cbd37bb/c8922db7685bd781_0"
    ],
    "ultima_modificacion": "2025-08-01 01:01:33.608023"
  },
  "1e3475f6c0e8c7b50": {
    "app_sintetizada": "1E3475F6C0E8C7B50",
    "cantidad_archivos": 1,
    "archivos_fuente": [
      "Library/Application Support/Google/Chrome/Default/Service Worker/CacheStorage/d1394a4c842f7861ad7ae5e20da4b484a0c4acad/a5a18824-56f6-4f5f-abb6-64683cbd37bb/1e3475f6c0e8c7b5_0"
    ],
    "ultima_modificacion": "2025-08-01 01:01:33.608347"
  },
  "b5b1ba1abd5dc5c60": {
    "app_sintetizada": "B5B1BA1ABD5DC5C60",
    "cantidad_archivos": 1,
    "archivos_fuente": [
      "Library/Application Support/Google/Chrome/Default/Service Worker/CacheStorage/d1394a4c842f7861ad7ae5e20da4b484a0c4acad/a5a18824-56f6-4f5f-abb6-64683cbd37bb/b5b1ba1abd5dc5c6_0"
    ],
    "ultima_modificacion": "2025-08-01 01:01:33.608675"
  },
  "46891afb2e4d335f0": {
    "app_sintetizada": "46891AFB2E4D335F0",
    "cantidad_archivos": 1,
    "archivos_fuente": [
      "Library/Application Support/Google/Chrome/Default/Service Worker/CacheStorage/d1394a4c842f7861ad7ae5e20da4b484a0c4acad/a5a18824-56f6-4f5f-abb6-64683cbd37bb/46891afb2e4d335f_0"
    ],
    "ultima_modificacion": "2025-08-01 01:01:33.608983"
  },
  "349ad121f977f6e10": {
    "app_sintetizada": "349AD121F977F6E10",
    "cantidad_archivos": 1,
    "archivos_fuente": [
      "Library/Application Support/Google/Chrome/Default/Service Worker/CacheStorage/d1394a4c842f7861ad7ae5e20da4b484a0c4acad/a5a18824-56f6-4f5f-abb6-64683cbd37bb/349ad121f977f6e1_0"
    ],
    "ultima_modificacion": "2025-08-01 01:01:33.609318"
  },
  "c758ea1a0ceaaae90": {
    "app_sintetizada": "C758EA1A0CEAAAE90",
    "cantidad_archivos": 1,
    "archivos_fuente": [
      "Library/Application Support/Google/Chrome/Default/Service Worker/CacheStorage/d1394a4c842f7861ad7ae5e20da4b484a0c4acad/a5a18824-56f6-4f5f-abb6-64683cbd37bb/c758ea1a0ceaaae9_0"
    ],
    "ultima_modificacion": "2025-08-01 01:01:33.609629"
  },
  "80d52983ef2e11230": {
    "app_sintetizada": "80D52983EF2E11230",
    "cantidad_archivos": 1,
    "archivos_fuente": [
      "Library/Application Support/Google/Chrome/Default/Service Worker/CacheStorage/d1394a4c842f7861ad7ae5e20da4b484a0c4acad/a5a18824-56f6-4f5f-abb6-64683cbd37bb/80d52983ef2e1123_0"
    ],
    "ultima_modificacion": "2025-08-01 01:01:33.609937"
  },
  "675f9e434ac7e37e0": {
    "app_sintetizada": "675F9E434AC7E37E0",
    "cantidad_archivos": 1,
    "archivos_fuente": [
      "Library/Application Support/Google/Chrome/Default/Service Worker/CacheStorage/d1394a4c842f7861ad7ae5e20da4b484a0c4acad/a5a18824-56f6-4f5f-abb6-64683cbd37bb/675f9e434ac7e37e_0"
    ],
    "ultima_modificacion": "2025-08-01 01:01:33.610251"
  },
  "63843c37caf6b72a0": {
    "app_sintetizada": "63843C37CAF6B72A0",
    "cantidad_archivos": 1,
    "archivos_fuente": [
      "Library/Application Support/Google/Chrome/Default/Service Worker/CacheStorage/d1394a4c842f7861ad7ae5e20da4b484a0c4acad/a5a18824-56f6-4f5f-abb6-64683cbd37bb/63843c37caf6b72a_0"
    ],
    "ultima_modificacion": "2025-08-01 01:01:33.610555"
  },
  "c9fea807efaed0190": {
    "app_sintetizada": "C9FEA807EFAED0190",
    "cantidad_archivos": 1,
    "archivos_fuente": [
      "Library/Application Support/Google/Chrome/Default/Service Worker/CacheStorage/d1394a4c842f7861ad7ae5e20da4b484a0c4acad/a5a18824-56f6-4f5f-abb6-64683cbd37bb/c9fea807efaed019_0"
    ],
    "ultima_modificacion": "2025-08-01 01:01:33.610883"
  },
  "12690609f6e844290": {
    "app_sintetizada": "12690609F6E844290",
    "cantidad_archivos": 1,
    "archivos_fuente": [
      "Library/Application Support/Google/Chrome/Default/Service Worker/CacheStorage/d1394a4c842f7861ad7ae5e20da4b484a0c4acad/a5a18824-56f6-4f5f-abb6-64683cbd37bb/12690609f6e84429_0"
    ],
    "ultima_modificacion": "2025-08-01 01:01:33.611214"
  },
  "3fb2d33285b222260": {
    "app_sintetizada": "3FB2D33285B222260",
    "cantidad_archivos": 1,
    "archivos_fuente": [
      "Library/Application Support/Google/Chrome/Default/Service Worker/CacheStorage/d1394a4c842f7861ad7ae5e20da4b484a0c4acad/a5a18824-56f6-4f5f-abb6-64683cbd37bb/3fb2d33285b22226_0"
    ],
    "ultima_modificacion": "2025-08-01 01:01:33.611521"
  },
  "ccdb2ba2671cef560": {
    "app_sintetizada": "CCDB2BA2671CEF560",
    "cantidad_archivos": 1,
    "archivos_fuente": [
      "Library/Application Support/Google/Chrome/Default/Service Worker/CacheStorage/d1394a4c842f7861ad7ae5e20da4b484a0c4acad/a5a18824-56f6-4f5f-abb6-64683cbd37bb/ccdb2ba2671cef56_0"
    ],
    "ultima_modificacion": "2025-08-01 01:01:33.611772"
  },
  "e415e16dee94f9cc0": {
    "app_sintetizada": "E415E16DEE94F9CC0",
    "cantidad_archivos": 1,
    "archivos_fuente": [
      "Library/Application Support/Google/Chrome/Default/Service Worker/CacheStorage/d1394a4c842f7861ad7ae5e20da4b484a0c4acad/a5a18824-56f6-4f5f-abb6-64683cbd37bb/e415e16dee94f9cc_0"
    ],
    "ultima_modificacion": "2025-08-01 01:01:33.612052"
  },
  "d3073260f6c206bc0": {
    "app_sintetizada": "D3073260F6C206BC0",
    "cantidad_archivos": 1,
    "archivos_fuente": [
      "Library/Application Support/Google/Chrome/Default/Service Worker/CacheStorage/d1394a4c842f7861ad7ae5e20da4b484a0c4acad/a5a18824-56f6-4f5f-abb6-64683cbd37bb/d3073260f6c206bc_0"
    ],
    "ultima_modificacion": "2025-08-01 01:01:33.612384"
  },
  "3f0555fdbc4835e00": {
    "app_sintetizada": "3F0555FDBC4835E00",
    "cantidad_archivos": 1,
    "archivos_fuente": [
      "Library/Application Support/Google/Chrome/Default/Service Worker/CacheStorage/d1394a4c842f7861ad7ae5e20da4b484a0c4acad/a5a18824-56f6-4f5f-abb6-64683cbd37bb/3f0555fdbc4835e0_0"
    ],
    "ultima_modificacion": "2025-08-01 01:01:33.612730"
  },
  "c2b1df0112af0dd00": {
    "app_sintetizada": "C2B1DF0112AF0DD00",
    "cantidad_archivos": 1,
    "archivos_fuente": [
      "Library/Application Support/Google/Chrome/Default/Service Worker/CacheStorage/d1394a4c842f7861ad7ae5e20da4b484a0c4acad/a5a18824-56f6-4f5f-abb6-64683cbd37bb/c2b1df0112af0dd0_0"
    ],
    "ultima_modificacion": "2025-08-01 01:01:33.613071"
  },
  "de4dfa09e0efab2c0": {
    "app_sintetizada": "DE4DFA09E0EFAB2C0",
    "cantidad_archivos": 1,
    "archivos_fuente": [
      "Library/Application Support/Google/Chrome/Default/Service Worker/CacheStorage/d1394a4c842f7861ad7ae5e20da4b484a0c4acad/a5a18824-56f6-4f5f-abb6-64683cbd37bb/de4dfa09e0efab2c_0"
    ],
    "ultima_modificacion": "2025-08-01 01:01:33.613435"
  },
  "fbc2c0b88815cf400": {
    "app_sintetizada": "FBC2C0B88815CF400",
    "cantidad_archivos": 1,
    "archivos_fuente": [
      "Library/Application Support/Google/Chrome/Default/Service Worker/CacheStorage/d1394a4c842f7861ad7ae5e20da4b484a0c4acad/a5a18824-56f6-4f5f-abb6-64683cbd37bb/fbc2c0b88815cf40_0"
    ],
    "ultima_modificacion": "2025-08-01 01:01:33.613748"
  },
  "b87dd6e6357217de0": {
    "app_sintetizada": "B87DD6E6357217DE0",
    "cantidad_archivos": 1,
    "archivos_fuente": [
      "Library/Application Support/Google/Chrome/Default/Service Worker/CacheStorage/d1394a4c842f7861ad7ae5e20da4b484a0c4acad/a5a18824-56f6-4f5f-abb6-64683cbd37bb/b87dd6e6357217de_0"
    ],
    "ultima_modificacion": "2025-08-01 01:01:33.614058"
  },
  "09ce250b033258c30": {
    "app_sintetizada": "09CE250B033258C30",
    "cantidad_archivos": 1,
    "archivos_fuente": [
      "Library/Application Support/Google/Chrome/Default/Service Worker/CacheStorage/d1394a4c842f7861ad7ae5e20da4b484a0c4acad/a5a18824-56f6-4f5f-abb6-64683cbd37bb/09ce250b033258c3_0"
    ],
    "ultima_modificacion": "2025-08-01 01:01:33.614355"
  },
  "b80832b2af5b33170": {
    "app_sintetizada": "B80832B2AF5B33170",
    "cantidad_archivos": 1,
    "archivos_fuente": [
      "Library/Application Support/Google/Chrome/Default/Service Worker/CacheStorage/d1394a4c842f7861ad7ae5e20da4b484a0c4acad/a5a18824-56f6-4f5f-abb6-64683cbd37bb/b80832b2af5b3317_0"
    ],
    "ultima_modificacion": "2025-08-01 01:01:33.614630"
  },
  "b2580eb4f1f7d9b40": {
    "app_sintetizada": "B2580EB4F1F7D9B40",
    "cantidad_archivos": 1,
    "archivos_fuente": [
      "Library/Application Support/Google/Chrome/Default/Service Worker/CacheStorage/d1394a4c842f7861ad7ae5e20da4b484a0c4acad/a5a18824-56f6-4f5f-abb6-64683cbd37bb/b2580eb4f1f7d9b4_0"
    ],
    "ultima_modificacion": "2025-08-01 01:01:33.614906"
  },
  "0a9356db001336c80": {
    "app_sintetizada": "0A9356DB001336C80",
    "cantidad_archivos": 1,
    "archivos_fuente": [
      "Library/Application Support/Google/Chrome/Default/Service Worker/CacheStorage/d1394a4c842f7861ad7ae5e20da4b484a0c4acad/a5a18824-56f6-4f5f-abb6-64683cbd37bb/0a9356db001336c8_0"
    ],
    "ultima_modificacion": "2025-08-01 01:01:33.615265"
  },
  "b7768f0e4b9825e80": {
    "app_sintetizada": "B7768F0E4B9825E80",
    "cantidad_archivos": 1,
    "archivos_fuente": [
      "Library/Application Support/Google/Chrome/Default/Service Worker/CacheStorage/d1394a4c842f7861ad7ae5e20da4b484a0c4acad/a5a18824-56f6-4f5f-abb6-64683cbd37bb/b7768f0e4b9825e8_0"
    ],
    "ultima_modificacion": "2025-08-01 01:01:33.615513"
  },
  "edef96a0e8b907310": {
    "app_sintetizada": "EDEF96A0E8B907310",
    "cantidad_archivos": 1,
    "archivos_fuente": [
      "Library/Application Support/Google/Chrome/Default/Service Worker/CacheStorage/d1394a4c842f7861ad7ae5e20da4b484a0c4acad/a5a18824-56f6-4f5f-abb6-64683cbd37bb/edef96a0e8b90731_0"
    ],
    "ultima_modificacion": "2025-08-01 01:01:33.615734"
  },
  "97bb0500485627640": {
    "app_sintetizada": "97BB0500485627640",
    "cantidad_archivos": 1,
    "archivos_fuente": [
      "Library/Application Support/Google/Chrome/Default/Service Worker/CacheStorage/d1394a4c842f7861ad7ae5e20da4b484a0c4acad/a5a18824-56f6-4f5f-abb6-64683cbd37bb/97bb050048562764_0"
    ],
    "ultima_modificacion": "2025-08-01 01:01:33.615997"
  },
  "f01d351fd4bf5dd60": {
    "app_sintetizada": "F01D351FD4BF5DD60",
    "cantidad_archivos": 1,
    "archivos_fuente": [
      "Library/Application Support/Google/Chrome/Default/Service Worker/CacheStorage/d1394a4c842f7861ad7ae5e20da4b484a0c4acad/a5a18824-56f6-4f5f-abb6-64683cbd37bb/f01d351fd4bf5dd6_0"
    ],
    "ultima_modificacion": "2025-08-01 01:01:33.616308"
  },
  "cfc824e07463bac40": {
    "app_sintetizada": "CFC824E07463BAC40",
    "cantidad_archivos": 1,
    "archivos_fuente": [
      "Library/Application Support/Google/Chrome/Default/Service Worker/CacheStorage/d1394a4c842f7861ad7ae5e20da4b484a0c4acad/a5a18824-56f6-4f5f-abb6-64683cbd37bb/cfc824e07463bac4_0"
    ],
    "ultima_modificacion": "2025-08-01 01:01:33.616580"
  },
  "decd02f421e6bfa60": {
    "app_sintetizada": "DECD02F421E6BFA60",
    "cantidad_archivos": 1,
    "archivos_fuente": [
      "Library/Application Support/Google/Chrome/Default/Service Worker/CacheStorage/d1394a4c842f7861ad7ae5e20da4b484a0c4acad/a5a18824-56f6-4f5f-abb6-64683cbd37bb/decd02f421e6bfa6_0"
    ],
    "ultima_modificacion": "2025-08-01 01:01:33.616841"
  },
  "34175535a996d2070": {
    "app_sintetizada": "34175535A996D2070",
    "cantidad_archivos": 1,
    "archivos_fuente": [
      "Library/Application Support/Google/Chrome/Default/Service Worker/CacheStorage/d1394a4c842f7861ad7ae5e20da4b484a0c4acad/a5a18824-56f6-4f5f-abb6-64683cbd37bb/34175535a996d207_0"
    ],
    "ultima_modificacion": "2025-08-01 01:01:33.617109"
  },
  "32ad948206e3edf90": {
    "app_sintetizada": "32AD948206E3EDF90",
    "cantidad_archivos": 1,
    "archivos_fuente": [
      "Library/Application Support/Google/Chrome/Default/Service Worker/CacheStorage/d1394a4c842f7861ad7ae5e20da4b484a0c4acad/a5a18824-56f6-4f5f-abb6-64683cbd37bb/32ad948206e3edf9_0"
    ],
    "ultima_modificacion": "2025-08-01 01:01:33.617366"
  },
  "8dc7a34c03939f7e0": {
    "app_sintetizada": "8DC7A34C03939F7E0",
    "cantidad_archivos": 1,
    "archivos_fuente": [
      "Library/Application Support/Google/Chrome/Default/Service Worker/CacheStorage/d1394a4c842f7861ad7ae5e20da4b484a0c4acad/a5a18824-56f6-4f5f-abb6-64683cbd37bb/8dc7a34c03939f7e_0"
    ],
    "ultima_modificacion": "2025-08-01 01:01:33.617664"
  },
  "f0c42dcbaa31b6090": {
    "app_sintetizada": "F0C42DCBAA31B6090",
    "cantidad_archivos": 1,
    "archivos_fuente": [
      "Library/Application Support/Google/Chrome/Default/Service Worker/CacheStorage/d1394a4c842f7861ad7ae5e20da4b484a0c4acad/a5a18824-56f6-4f5f-abb6-64683cbd37bb/f0c42dcbaa31b609_0"
    ],
    "ultima_modificacion": "2025-08-01 01:01:33.618008"
  },
  "6a9dc242a486965d0": {
    "app_sintetizada": "6A9DC242A486965D0",
    "cantidad_archivos": 1,
    "archivos_fuente": [
      "Library/Application Support/Google/Chrome/Default/Service Worker/CacheStorage/d1394a4c842f7861ad7ae5e20da4b484a0c4acad/a5a18824-56f6-4f5f-abb6-64683cbd37bb/6a9dc242a486965d_0"
    ],
    "ultima_modificacion": "2025-08-01 01:01:33.618365"
  },
  "9f29eac3c9d3968d0": {
    "app_sintetizada": "9F29EAC3C9D3968D0",
    "cantidad_archivos": 1,
    "archivos_fuente": [
      "Library/Application Support/Google/Chrome/Default/Service Worker/CacheStorage/d1394a4c842f7861ad7ae5e20da4b484a0c4acad/a5a18824-56f6-4f5f-abb6-64683cbd37bb/9f29eac3c9d3968d_0"
    ],
    "ultima_modificacion": "2025-08-01 01:01:33.618627"
  },
  "1fb415e2b134933a0": {
    "app_sintetizada": "1FB415E2B134933A0",
    "cantidad_archivos": 1,
    "archivos_fuente": [
      "Library/Application Support/Google/Chrome/Default/Service Worker/CacheStorage/d1394a4c842f7861ad7ae5e20da4b484a0c4acad/a5a18824-56f6-4f5f-abb6-64683cbd37bb/1fb415e2b134933a_0"
    ],
    "ultima_modificacion": "2025-08-01 01:01:33.618889"
  },
  "fdc3984de66311bc0": {
    "app_sintetizada": "FDC3984DE66311BC0",
    "cantidad_archivos": 1,
    "archivos_fuente": [
      "Library/Application Support/Google/Chrome/Default/Service Worker/CacheStorage/d1394a4c842f7861ad7ae5e20da4b484a0c4acad/a5a18824-56f6-4f5f-abb6-64683cbd37bb/fdc3984de66311bc_0"
    ],
    "ultima_modificacion": "2025-08-01 01:01:33.619201"
  },
  "e8ae961a10adc30a0": {
    "app_sintetizada": "E8AE961A10ADC30A0",
    "cantidad_archivos": 1,
    "archivos_fuente": [
      "Library/Application Support/Google/Chrome/Default/Service Worker/CacheStorage/d1394a4c842f7861ad7ae5e20da4b484a0c4acad/a5a18824-56f6-4f5f-abb6-64683cbd37bb/e8ae961a10adc30a_0"
    ],
    "ultima_modificacion": "2025-08-01 01:01:33.619462"
  },
  "1b21512aa5f11a6d0": {
    "app_sintetizada": "1B21512AA5F11A6D0",
    "cantidad_archivos": 1,
    "archivos_fuente": [
      "Library/Application Support/Google/Chrome/Default/Service Worker/CacheStorage/d1394a4c842f7861ad7ae5e20da4b484a0c4acad/a5a18824-56f6-4f5f-abb6-64683cbd37bb/1b21512aa5f11a6d_0"
    ],
    "ultima_modificacion": "2025-08-01 01:01:33.619753"
  },
  "c8efcaecc534ba940": {
    "app_sintetizada": "C8EFCAECC534BA940",
    "cantidad_archivos": 1,
    "archivos_fuente": [
      "Library/Application Support/Google/Chrome/Default/Service Worker/CacheStorage/d1394a4c842f7861ad7ae5e20da4b484a0c4acad/a5a18824-56f6-4f5f-abb6-64683cbd37bb/c8efcaecc534ba94_0"
    ],
    "ultima_modificacion": "2025-08-01 01:01:33.619996"
  },
  "32136078702c935b0": {
    "app_sintetizada": "32136078702C935B0",
    "cantidad_archivos": 1,
    "archivos_fuente": [
      "Library/Application Support/Google/Chrome/Default/Service Worker/CacheStorage/d1394a4c842f7861ad7ae5e20da4b484a0c4acad/a5a18824-56f6-4f5f-abb6-64683cbd37bb/32136078702c935b_0"
    ],
    "ultima_modificacion": "2025-08-01 01:01:33.620243"
  },
  "287e28763037c1d10": {
    "app_sintetizada": "287E28763037C1D10",
    "cantidad_archivos": 1,
    "archivos_fuente": [
      "Library/Application Support/Google/Chrome/Default/Service Worker/CacheStorage/d1394a4c842f7861ad7ae5e20da4b484a0c4acad/a5a18824-56f6-4f5f-abb6-64683cbd37bb/287e28763037c1d1_0"
    ],
    "ultima_modificacion": "2025-08-01 01:01:33.620554"
  },
  "b6597f416a9de9910": {
    "app_sintetizada": "B6597F416A9DE9910",
    "cantidad_archivos": 1,
    "archivos_fuente": [
      "Library/Application Support/Google/Chrome/Default/Service Worker/CacheStorage/d1394a4c842f7861ad7ae5e20da4b484a0c4acad/a5a18824-56f6-4f5f-abb6-64683cbd37bb/b6597f416a9de991_0"
    ],
    "ultima_modificacion": "2025-08-01 01:01:33.620899"
  }
}