{
  "251315ff517e46629f12ae195e18e6a41100o.jpeg": {
    "app_sintetizada": "251315FF517E46629F12AE195E18E6A41100O.JPEG",
    "cantidad_archivos": 1,
    "archivos_fuente": [
      "Pictures/Fototeca de Fotos.photoslibrary/resources/derivatives/2/251315FF-517E-4662-9F12-AE195E18E6A4_1_100_o.jpeg"
    ],
    "ultima_modificacion": "2025-08-01 01:01:27.032987"
  },
  "22d9fcb174f14e519b52103674e4a6bb1105c.jpeg": {
    "app_sintetizada": "22D9FCB174F14E519B52103674E4A6BB1105C.JPEG",
    "cantidad_archivos": 1,
    "archivos_fuente": [
      "Pictures/Fototeca de Fotos.photoslibrary/resources/derivatives/2/22D9FCB1-74F1-4E51-9B52-103674E4A6BB_1_105_c.jpeg"
    ],
    "ultima_modificacion": "2025-08-01 01:01:27.033498"
  },
  "244b9e6fc31648b6aa53e4023e6d59931105c.jpeg": {
    "app_sintetizada": "244B9E6FC31648B6AA53E4023E6D59931105C.JPEG",
    "cantidad_archivos": 1,
    "archivos_fuente": [
      "Pictures/Fototeca de Fotos.photoslibrary/resources/derivatives/2/244B9E6F-C316-48B6-AA53-E4023E6D5993_1_105_c.jpeg"
    ],
    "ultima_modificacion": "2025-08-01 01:01:27.033860"
  },
  "24ca17326cd44bc49a5f34fbec755146.thm": {
    "app_sintetizada": "24CA17326CD44BC49A5F34FBEC755146.THM",
    "cantidad_archivos": 1,
    "archivos_fuente": [
      "Pictures/Fototeca de Fotos.photoslibrary/resources/derivatives/2/24CA1732-6CD4-4BC4-9A5F-34FBEC755146.THM"
    ],
    "ultima_modificacion": "2025-08-01 01:01:27.034317"
  },
  "2757e47615b24fc388953ef512c494df.thm": {
    "app_sintetizada": "2757E47615B24FC388953EF512C494DF.THM",
    "cantidad_archivos": 1,
    "archivos_fuente": [
      "Pictures/Fototeca de Fotos.photoslibrary/resources/derivatives/2/2757E476-15B2-4FC3-8895-3EF512C494DF.THM"
    ],
    "ultima_modificacion": "2025-08-01 01:01:27.034685"
  },
  "2844aa61dcca4eddba0b8369aeafaf751105c.jpeg": {
    "app_sintetizada": "2844AA61DCCA4EDDBA0B8369AEAFAF751105C.JPEG",
    "cantidad_archivos": 1,
    "archivos_fuente": [
      "Pictures/Fototeca de Fotos.photoslibrary/resources/derivatives/2/2844AA61-DCCA-4EDD-BA0B-8369AEAFAF75_1_105_c.jpeg"
    ],
    "ultima_modificacion": "2025-08-01 01:01:27.035024"
  },
  "2780d3770535459184e9d664a54027651105c.jpeg": {
    "app_sintetizada": "2780D3770535459184E9D664A54027651105C.JPEG",
    "cantidad_archivos": 1,
    "archivos_fuente": [
      "Pictures/Fototeca de Fotos.photoslibrary/resources/derivatives/2/2780D377-0535-4591-84E9-D664A5402765_1_105_c.jpeg"
    ],
    "ultima_modificacion": "2025-08-01 01:01:27.035865"
  },
  "2f6032921aaf4db9a028393a9f7724931105c.jpeg": {
    "app_sintetizada": "2F6032921AAF4DB9A028393A9F7724931105C.JPEG",
    "cantidad_archivos": 1,
    "archivos_fuente": [
      "Pictures/Fototeca de Fotos.photoslibrary/resources/derivatives/2/2F603292-1AAF-4DB9-A028-393A9F772493_1_105_c.jpeg"
    ],
    "ultima_modificacion": "2025-08-01 01:01:27.036416"
  },
  "2b3d7605f9b84989afef726285e620331105c.jpeg": {
    "app_sintetizada": "2B3D7605F9B84989AFEF726285E620331105C.JPEG",
    "cantidad_archivos": 1,
    "archivos_fuente": [
      "Pictures/Fototeca de Fotos.photoslibrary/resources/derivatives/2/2B3D7605-F9B8-4989-AFEF-726285E62033_1_105_c.jpeg"
    ],
    "ultima_modificacion": "2025-08-01 01:01:27.036876"
  },
  "2701c87c3fff408692537a9a68d3ede81105c.jpeg": {
    "app_sintetizada": "2701C87C3FFF408692537A9A68D3EDE81105C.JPEG",
    "cantidad_archivos": 1,
    "archivos_fuente": [
      "Pictures/Fototeca de Fotos.photoslibrary/resources/derivatives/2/2701C87C-3FFF-4086-9253-7A9A68D3EDE8_1_105_c.jpeg"
    ],
    "ultima_modificacion": "2025-08-01 01:01:27.037417"
  },
  "29a098c21bb6453a98ee4e65fb0132061105c.jpeg": {
    "app_sintetizada": "29A098C21BB6453A98EE4E65FB0132061105C.JPEG",
    "cantidad_archivos": 1,
    "archivos_fuente": [
      "Pictures/Fototeca de Fotos.photoslibrary/resources/derivatives/2/29A098C2-1BB6-453A-98EE-4E65FB013206_1_105_c.jpeg"
    ],
    "ultima_modificacion": "2025-08-01 01:01:27.038572"
  },
  "2097f34d757d464491d9924caa05d6651105c.jpeg": {
    "app_sintetizada": "2097F34D757D464491D9924CAA05D6651105C.JPEG",
    "cantidad_archivos": 1,
    "archivos_fuente": [
      "Pictures/Fototeca de Fotos.photoslibrary/resources/derivatives/2/2097F34D-757D-4644-91D9-924CAA05D665_1_105_c.jpeg"
    ],
    "ultima_modificacion": "2025-08-01 01:01:27.039117"
  },
  "2406dbac0f224d2396f6bf8f657ff7c21105c.jpeg": {
    "app_sintetizada": "2406DBAC0F224D2396F6BF8F657FF7C21105C.JPEG",
    "cantidad_archivos": 1,
    "archivos_fuente": [
      "Pictures/Fototeca de Fotos.photoslibrary/resources/derivatives/2/2406DBAC-0F22-4D23-96F6-BF8F657FF7C2_1_105_c.jpeg"
    ],
    "ultima_modificacion": "2025-08-01 01:01:27.039699"
  },
  "2f969093a46c40dab0184c99add79d501105c.jpeg": {
    "app_sintetizada": "2F969093A46C40DAB0184C99ADD79D501105C.JPEG",
    "cantidad_archivos": 1,
    "archivos_fuente": [
      "Pictures/Fototeca de Fotos.photoslibrary/resources/derivatives/2/2F969093-A46C-40DA-B018-4C99ADD79D50_1_105_c.jpeg"
    ],
    "ultima_modificacion": "2025-08-01 01:01:27.040304"
  },
  "2a38192524854c5b9e025f98fb80bdcd1105c.jpeg": {
    "app_sintetizada": "2A38192524854C5B9E025F98FB80BDCD1105C.JPEG",
    "cantidad_archivos": 1,
    "archivos_fuente": [
      "Pictures/Fototeca de Fotos.photoslibrary/resources/derivatives/2/2A381925-2485-4C5B-9E02-5F98FB80BDCD_1_105_c.jpeg"
    ],
    "ultima_modificacion": "2025-08-01 01:01:27.040762"
  },
  "2fa699d732e346fb985bcaaa58ac4be51105c.jpeg": {
    "app_sintetizada": "2FA699D732E346FB985BCAAA58AC4BE51105C.JPEG",
    "cantidad_archivos": 1,
    "archivos_fuente": [
      "Pictures/Fototeca de Fotos.photoslibrary/resources/derivatives/2/2FA699D7-32E3-46FB-985B-CAAA58AC4BE5_1_105_c.jpeg"
    ],
    "ultima_modificacion": "2025-08-01 01:01:27.041265"
  },
  "260a8ced2791444b98a630a66ba090371105c.jpeg": {
    "app_sintetizada": "260A8CED2791444B98A630A66BA090371105C.JPEG",
    "cantidad_archivos": 1,
    "archivos_fuente": [
      "Pictures/Fototeca de Fotos.photoslibrary/resources/derivatives/2/260A8CED-2791-444B-98A6-30A66BA09037_1_105_c.jpeg"
    ],
    "ultima_modificacion": "2025-08-01 01:01:27.041705"
  },
  "2688a106af2e49b48d638ff06a5b27cd1105c.jpeg": {
    "app_sintetizada": "2688A106AF2E49B48D638FF06A5B27CD1105C.JPEG",
    "cantidad_archivos": 1,
    "archivos_fuente": [
      "Pictures/Fototeca de Fotos.photoslibrary/resources/derivatives/2/2688A106-AF2E-49B4-8D63-8FF06A5B27CD_1_105_c.jpeg"
    ],
    "ultima_modificacion": "2025-08-01 01:01:27.042221"
  },
  "2a6994a0450a43e08d380734383bfc801105c.jpeg": {
    "app_sintetizada": "2A6994A0450A43E08D380734383BFC801105C.JPEG",
    "cantidad_archivos": 1,
    "archivos_fuente": [
      "Pictures/Fototeca de Fotos.photoslibrary/resources/derivatives/2/2A6994A0-450A-43E0-8D38-0734383BFC80_1_105_c.jpeg"
    ],
    "ultima_modificacion": "2025-08-01 01:01:27.042592"
  },
  "28115f32260c4ad99f23c6ff3280215f1105c.jpeg": {
    "app_sintetizada": "28115F32260C4AD99F23C6FF3280215F1105C.JPEG",
    "cantidad_archivos": 1,
    "archivos_fuente": [
      "Pictures/Fototeca de Fotos.photoslibrary/resources/derivatives/2/28115F32-260C-4AD9-9F23-C6FF3280215F_1_105_c.jpeg"
    ],
    "ultima_modificacion": "2025-08-01 01:01:27.042957"
  },
  "2cedb35f82c94c63b4d5ca51289e34f81105c.jpeg": {
    "app_sintetizada": "2CEDB35F82C94C63B4D5CA51289E34F81105C.JPEG",
    "cantidad_archivos": 1,
    "archivos_fuente": [
      "Pictures/Fototeca de Fotos.photoslibrary/resources/derivatives/2/2CEDB35F-82C9-4C63-B4D5-CA51289E34F8_1_105_c.jpeg"
    ],
    "ultima_modificacion": "2025-08-01 01:01:27.043350"
  },
  "285c297f09124e05849776105ef7eb121105c.jpeg": {
    "app_sintetizada": "285C297F09124E05849776105EF7EB121105C.JPEG",
    "cantidad_archivos": 1,
    "archivos_fuente": [
      "Pictures/Fototeca de Fotos.photoslibrary/resources/derivatives/2/285C297F-0912-4E05-8497-76105EF7EB12_1_105_c.jpeg"
    ],
    "ultima_modificacion": "2025-08-01 01:01:27.043780"
  },
  "28cff48cf8ba4081acedbbf9812929e61105c.jpeg": {
    "app_sintetizada": "28CFF48CF8BA4081ACEDBBF9812929E61105C.JPEG",
    "cantidad_archivos": 1,
    "archivos_fuente": [
      "Pictures/Fototeca de Fotos.photoslibrary/resources/derivatives/2/28CFF48C-F8BA-4081-ACED-BBF9812929E6_1_105_c.jpeg"
    ],
    "ultima_modificacion": "2025-08-01 01:01:27.044152"
  },
  "245ef05e62d945d08cc9c7bba4c8b8b61105c.jpeg": {
    "app_sintetizada": "245EF05E62D945D08CC9C7BBA4C8B8B61105C.JPEG",
    "cantidad_archivos": 1,
    "archivos_fuente": [
      "Pictures/Fototeca de Fotos.photoslibrary/resources/derivatives/2/245EF05E-62D9-45D0-8CC9-C7BBA4C8B8B6_1_105_c.jpeg"
    ],
    "ultima_modificacion": "2025-08-01 01:01:27.044582"
  },
  "269434f35abb4eac994cc61f6776d42a1105c.jpeg": {
    "app_sintetizada": "269434F35ABB4EAC994CC61F6776D42A1105C.JPEG",
    "cantidad_archivos": 1,
    "archivos_fuente": [
      "Pictures/Fototeca de Fotos.photoslibrary/resources/derivatives/2/269434F3-5ABB-4EAC-994C-C61F6776D42A_1_105_c.jpeg"
    ],
    "ultima_modificacion": "2025-08-01 01:01:27.045595"
  },
  "28eb290717cc435bb784db2e0fa59794.thm": {
    "app_sintetizada": "28EB290717CC435BB784DB2E0FA59794.THM",
    "cantidad_archivos": 1,
    "archivos_fuente": [
      "Pictures/Fototeca de Fotos.photoslibrary/resources/derivatives/2/28EB2907-17CC-435B-B784-DB2E0FA59794.THM"
    ],
    "ultima_modificacion": "2025-08-01 01:01:27.046605"
  },
  "2991a9b9a067476a836b9d3faa48155b1105c.jpeg": {
    "app_sintetizada": "2991A9B9A067476A836B9D3FAA48155B1105C.JPEG",
    "cantidad_archivos": 1,
    "archivos_fuente": [
      "Pictures/Fototeca de Fotos.photoslibrary/resources/derivatives/2/2991A9B9-A067-476A-836B-9D3FAA48155B_1_105_c.jpeg"
    ],
    "ultima_modificacion": "2025-08-01 01:01:27.047828"
  },
  "2d6941b11f9b42f6b6e28f16b2eff32b1105c.jpeg": {
    "app_sintetizada": "2D6941B11F9B42F6B6E28F16B2EFF32B1105C.JPEG",
    "cantidad_archivos": 1,
    "archivos_fuente": [
      "Pictures/Fototeca de Fotos.photoslibrary/resources/derivatives/2/2D6941B1-1F9B-42F6-B6E2-8F16B2EFF32B_1_105_c.jpeg"
    ],
    "ultima_modificacion": "2025-08-01 01:01:27.048285"
  },
  "2acb258ad858424689ea92f86eb12b751105c.jpeg": {
    "app_sintetizada": "2ACB258AD858424689EA92F86EB12B751105C.JPEG",
    "cantidad_archivos": 1,
    "archivos_fuente": [
      "Pictures/Fototeca de Fotos.photoslibrary/resources/derivatives/2/2ACB258A-D858-4246-89EA-92F86EB12B75_1_105_c.jpeg"
    ],
    "ultima_modificacion": "2025-08-01 01:01:27.048673"
  },
  "2538b5576d4b4be39d7e9fd06c6bb01b1105c.jpeg": {
    "app_sintetizada": "2538B5576D4B4BE39D7E9FD06C6BB01B1105C.JPEG",
    "cantidad_archivos": 1,
    "archivos_fuente": [
      "Pictures/Fototeca de Fotos.photoslibrary/resources/derivatives/2/2538B557-6D4B-4BE3-9D7E-9FD06C6BB01B_1_105_c.jpeg"
    ],
    "ultima_modificacion": "2025-08-01 01:01:27.049307"
  },
  "2ef30eed224f4c6db9b61a2d5fafc4fc.thm": {
    "app_sintetizada": "2EF30EED224F4C6DB9B61A2D5FAFC4FC.THM",
    "cantidad_archivos": 1,
    "archivos_fuente": [
      "Pictures/Fototeca de Fotos.photoslibrary/resources/derivatives/2/2EF30EED-224F-4C6D-B9B6-1A2D5FAFC4FC.THM"
    ],
    "ultima_modificacion": "2025-08-01 01:01:27.049790"
  },
  "2082e6b69cf84eee97aa4ec53d29979b1105c.jpeg": {
    "app_sintetizada": "2082E6B69CF84EEE97AA4EC53D29979B1105C.JPEG",
    "cantidad_archivos": 1,
    "archivos_fuente": [
      "Pictures/Fototeca de Fotos.photoslibrary/resources/derivatives/2/2082E6B6-9CF8-4EEE-97AA-4EC53D29979B_1_105_c.jpeg"
    ],
    "ultima_modificacion": "2025-08-01 01:01:27.050235"
  },
  "268bff23bb1241e59479c6780b2d76cf1105c.jpeg": {
    "app_sintetizada": "268BFF23BB1241E59479C6780B2D76CF1105C.JPEG",
    "cantidad_archivos": 1,
    "archivos_fuente": [
      "Pictures/Fototeca de Fotos.photoslibrary/resources/derivatives/2/268BFF23-BB12-41E5-9479-C6780B2D76CF_1_105_c.jpeg"
    ],
    "ultima_modificacion": "2025-08-01 01:01:27.050816"
  },
  "222557b1b85e44b6bfb53573a18042a91105c.jpeg": {
    "app_sintetizada": "222557B1B85E44B6BFB53573A18042A91105C.JPEG",
    "cantidad_archivos": 1,
    "archivos_fuente": [
      "Pictures/Fototeca de Fotos.photoslibrary/resources/derivatives/2/222557B1-B85E-44B6-BFB5-3573A18042A9_1_105_c.jpeg"
    ],
    "ultima_modificacion": "2025-08-01 01:01:27.051325"
  },
  "206fbd7ed322484892772aaf4dc27d021105c.jpeg": {
    "app_sintetizada": "206FBD7ED322484892772AAF4DC27D021105C.JPEG",
    "cantidad_archivos": 1,
    "archivos_fuente": [
      "Pictures/Fototeca de Fotos.photoslibrary/resources/derivatives/2/206FBD7E-D322-4848-9277-2AAF4DC27D02_1_105_c.jpeg"
    ],
    "ultima_modificacion": "2025-08-01 01:01:27.051870"
  },
  "2553f9a0ff184b16babaf09e53f7078c1102o.jpeg": {
    "app_sintetizada": "2553F9A0FF184B16BABAF09E53F7078C1102O.JPEG",
    "cantidad_archivos": 1,
    "archivos_fuente": [
      "Pictures/Fototeca de Fotos.photoslibrary/resources/derivatives/2/2553F9A0-FF18-4B16-BABA-F09E53F7078C_1_102_o.jpeg"
    ],
    "ultima_modificacion": "2025-08-01 01:01:27.052491"
  },
  "2fa77027e79d409d820712b1e5127ad51105c.jpeg": {
    "app_sintetizada": "2FA77027E79D409D820712B1E5127AD51105C.JPEG",
    "cantidad_archivos": 1,
    "archivos_fuente": [
      "Pictures/Fototeca de Fotos.photoslibrary/resources/derivatives/2/2FA77027-E79D-409D-8207-12B1E5127AD5_1_105_c.jpeg"
    ],
    "ultima_modificacion": "2025-08-01 01:01:27.053145"
  },
  "2e8d9ba9e29843d28c446689fed4d9061105c.jpeg": {
    "app_sintetizada": "2E8D9BA9E29843D28C446689FED4D9061105C.JPEG",
    "cantidad_archivos": 1,
    "archivos_fuente": [
      "Pictures/Fototeca de Fotos.photoslibrary/resources/derivatives/2/2E8D9BA9-E298-43D2-8C44-6689FED4D906_1_105_c.jpeg"
    ],
    "ultima_modificacion": "2025-08-01 01:01:27.053544"
  },
  "24e57283b6db4492b0decb21200966b01105c.jpeg": {
    "app_sintetizada": "24E57283B6DB4492B0DECB21200966B01105C.JPEG",
    "cantidad_archivos": 1,
    "archivos_fuente": [
      "Pictures/Fototeca de Fotos.photoslibrary/resources/derivatives/2/24E57283-B6DB-4492-B0DE-CB21200966B0_1_105_c.jpeg"
    ],
    "ultima_modificacion": "2025-08-01 01:01:27.054138"
  },
  "27e3b447d90b4adf9d113bf4f63d72f41105c.jpeg": {
    "app_sintetizada": "27E3B447D90B4ADF9D113BF4F63D72F41105C.JPEG",
    "cantidad_archivos": 1,
    "archivos_fuente": [
      "Pictures/Fototeca de Fotos.photoslibrary/resources/derivatives/2/27E3B447-D90B-4ADF-9D11-3BF4F63D72F4_1_105_c.jpeg"
    ],
    "ultima_modificacion": "2025-08-01 01:01:27.055901"
  },
  "2bf8f9cc8c3d419eba8c808ceba3ff131105c.jpeg": {
    "app_sintetizada": "2BF8F9CC8C3D419EBA8C808CEBA3FF131105C.JPEG",
    "cantidad_archivos": 1,
    "archivos_fuente": [
      "Pictures/Fototeca de Fotos.photoslibrary/resources/derivatives/2/2BF8F9CC-8C3D-419E-BA8C-808CEBA3FF13_1_105_c.jpeg"
    ],
    "ultima_modificacion": "2025-08-01 01:01:27.057570"
  },
  "2f5a528f6207401c95f9d9a9a703e31a1105c.jpeg": {
    "app_sintetizada": "2F5A528F6207401C95F9D9A9A703E31A1105C.JPEG",
    "cantidad_archivos": 1,
    "archivos_fuente": [
      "Pictures/Fototeca de Fotos.photoslibrary/resources/derivatives/2/2F5A528F-6207-401C-95F9-D9A9A703E31A_1_105_c.jpeg"
    ],
    "ultima_modificacion": "2025-08-01 01:01:27.058429"
  },
  "2eea5ef58fdf4f33956066b2afdc332f1105c.jpeg": {
    "app_sintetizada": "2EEA5EF58FDF4F33956066B2AFDC332F1105C.JPEG",
    "cantidad_archivos": 1,
    "archivos_fuente": [
      "Pictures/Fototeca de Fotos.photoslibrary/resources/derivatives/2/2EEA5EF5-8FDF-4F33-9560-66B2AFDC332F_1_105_c.jpeg"
    ],
    "ultima_modificacion": "2025-08-01 01:01:27.058964"
  },
  "26dfa267d50c468a9a1d36c726b597781105c.jpeg": {
    "app_sintetizada": "26DFA267D50C468A9A1D36C726B597781105C.JPEG",
    "cantidad_archivos": 1,
    "archivos_fuente": [
      "Pictures/Fototeca de Fotos.photoslibrary/resources/derivatives/2/26DFA267-D50C-468A-9A1D-36C726B59778_1_105_c.jpeg"
    ],
    "ultima_modificacion": "2025-08-01 01:01:27.061192"
  },
  "206797c3ca3949b282df80a27a462f6d1105c.jpeg": {
    "app_sintetizada": "206797C3CA3949B282DF80A27A462F6D1105C.JPEG",
    "cantidad_archivos": 1,
    "archivos_fuente": [
      "Pictures/Fototeca de Fotos.photoslibrary/resources/derivatives/2/206797C3-CA39-49B2-82DF-80A27A462F6D_1_105_c.jpeg"
    ],
    "ultima_modificacion": "2025-08-01 01:01:27.064621"
  },
  "28651d8120304f958fab7b6c11bc2cfb1105c.jpeg": {
    "app_sintetizada": "28651D8120304F958FAB7B6C11BC2CFB1105C.JPEG",
    "cantidad_archivos": 1,
    "archivos_fuente": [
      "Pictures/Fototeca de Fotos.photoslibrary/resources/derivatives/2/28651D81-2030-4F95-8FAB-7B6C11BC2CFB_1_105_c.jpeg"
    ],
    "ultima_modificacion": "2025-08-01 01:01:27.065256"
  },
  "2fb3d92ed67544b192e2bb2e91a388e91105c.jpeg": {
    "app_sintetizada": "2FB3D92ED67544B192E2BB2E91A388E91105C.JPEG",
    "cantidad_archivos": 1,
    "archivos_fuente": [
      "Pictures/Fototeca de Fotos.photoslibrary/resources/derivatives/2/2FB3D92E-D675-44B1-92E2-BB2E91A388E9_1_105_c.jpeg"
    ],
    "ultima_modificacion": "2025-08-01 01:01:27.065613"
  },
  "29e190310d48484aa11625adb90133a41105c.jpeg": {
    "app_sintetizada": "29E190310D48484AA11625ADB90133A41105C.JPEG",
    "cantidad_archivos": 1,
    "archivos_fuente": [
      "Pictures/Fototeca de Fotos.photoslibrary/resources/derivatives/2/29E19031-0D48-484A-A116-25ADB90133A4_1_105_c.jpeg"
    ],
    "ultima_modificacion": "2025-08-01 01:01:27.065911"
  },
  "23dc22e7eddf4024b7605bd5f69f04791105c.jpeg": {
    "app_sintetizada": "23DC22E7EDDF4024B7605BD5F69F04791105C.JPEG",
    "cantidad_archivos": 1,
    "archivos_fuente": [
      "Pictures/Fototeca de Fotos.photoslibrary/resources/derivatives/2/23DC22E7-EDDF-4024-B760-5BD5F69F0479_1_105_c.jpeg"
    ],
    "ultima_modificacion": "2025-08-01 01:01:27.066567"
  },
  "2325989cb56a4ddab473f6925d5aab431105c.jpeg": {
    "app_sintetizada": "2325989CB56A4DDAB473F6925D5AAB431105C.JPEG",
    "cantidad_archivos": 1,
    "archivos_fuente": [
      "Pictures/Fototeca de Fotos.photoslibrary/resources/derivatives/2/2325989C-B56A-4DDA-B473-F6925D5AAB43_1_105_c.jpeg"
    ],
    "ultima_modificacion": "2025-08-01 01:01:27.066901"
  },
  "23aa84f9d60d4aec8497baacd91398641105c.jpeg": {
    "app_sintetizada": "23AA84F9D60D4AEC8497BAACD91398641105C.JPEG",
    "cantidad_archivos": 1,
    "archivos_fuente": [
      "Pictures/Fototeca de Fotos.photoslibrary/resources/derivatives/2/23AA84F9-D60D-4AEC-8497-BAACD9139864_1_105_c.jpeg"
    ],
    "ultima_modificacion": "2025-08-01 01:01:27.067211"
  },
  "22a65ef49400456b8923a37ca4e2c9ca1105c.jpeg": {
    "app_sintetizada": "22A65EF49400456B8923A37CA4E2C9CA1105C.JPEG",
    "cantidad_archivos": 1,
    "archivos_fuente": [
      "Pictures/Fototeca de Fotos.photoslibrary/resources/derivatives/2/22A65EF4-9400-456B-8923-A37CA4E2C9CA_1_105_c.jpeg"
    ],
    "ultima_modificacion": "2025-08-01 01:01:27.067904"
  },
  "2c944aff7d834b82a9d3a442bbf1b2ef1105c.jpeg": {
    "app_sintetizada": "2C944AFF7D834B82A9D3A442BBF1B2EF1105C.JPEG",
    "cantidad_archivos": 1,
    "archivos_fuente": [
      "Pictures/Fototeca de Fotos.photoslibrary/resources/derivatives/2/2C944AFF-7D83-4B82-A9D3-A442BBF1B2EF_1_105_c.jpeg"
    ],
    "ultima_modificacion": "2025-08-01 01:01:27.068581"
  },
  "2656475491274497af5e2bf4c7a1d3501105c.jpeg": {
    "app_sintetizada": "2656475491274497AF5E2BF4C7A1D3501105C.JPEG",
    "cantidad_archivos": 1,
    "archivos_fuente": [
      "Pictures/Fototeca de Fotos.photoslibrary/resources/derivatives/2/26564754-9127-4497-AF5E-2BF4C7A1D350_1_105_c.jpeg"
    ],
    "ultima_modificacion": "2025-08-01 01:01:27.069326"
  },
  "252ae5f4b42347918829b00b7c7374bb1105c.jpeg": {
    "app_sintetizada": "252AE5F4B42347918829B00B7C7374BB1105C.JPEG",
    "cantidad_archivos": 1,
    "archivos_fuente": [
      "Pictures/Fototeca de Fotos.photoslibrary/resources/derivatives/2/252AE5F4-B423-4791-8829-B00B7C7374BB_1_105_c.jpeg"
    ],
    "ultima_modificacion": "2025-08-01 01:01:27.069799"
  },
  "29254a96dcd943dcb06084f2e75890331105c.jpeg": {
    "app_sintetizada": "29254A96DCD943DCB06084F2E75890331105C.JPEG",
    "cantidad_archivos": 1,
    "archivos_fuente": [
      "Pictures/Fototeca de Fotos.photoslibrary/resources/derivatives/2/29254A96-DCD9-43DC-B060-84F2E7589033_1_105_c.jpeg"
    ],
    "ultima_modificacion": "2025-08-01 01:01:27.070398"
  },
  "288d2c26084d48feab137370c1b4cc251105c.jpeg": {
    "app_sintetizada": "288D2C26084D48FEAB137370C1B4CC251105C.JPEG",
    "cantidad_archivos": 1,
    "archivos_fuente": [
      "Pictures/Fototeca de Fotos.photoslibrary/resources/derivatives/2/288D2C26-084D-48FE-AB13-7370C1B4CC25_1_105_c.jpeg"
    ],
    "ultima_modificacion": "2025-08-01 01:01:27.070928"
  },
  "27233901defd4ff4a95066c9b76262d31105c.jpeg": {
    "app_sintetizada": "27233901DEFD4FF4A95066C9B76262D31105C.JPEG",
    "cantidad_archivos": 1,
    "archivos_fuente": [
      "Pictures/Fototeca de Fotos.photoslibrary/resources/derivatives/2/27233901-DEFD-4FF4-A950-66C9B76262D3_1_105_c.jpeg"
    ],
    "ultima_modificacion": "2025-08-01 01:01:27.071406"
  },
  "2b4550c05f67448f97e653d72c22abad1105c.jpeg": {
    "app_sintetizada": "2B4550C05F67448F97E653D72C22ABAD1105C.JPEG",
    "cantidad_archivos": 1,
    "archivos_fuente": [
      "Pictures/Fototeca de Fotos.photoslibrary/resources/derivatives/2/2B4550C0-5F67-448F-97E6-53D72C22ABAD_1_105_c.jpeg"
    ],
    "ultima_modificacion": "2025-08-01 01:01:27.071891"
  },
  "23b02f7a87c94747a1c286b0756f70871105c.jpeg": {
    "app_sintetizada": "23B02F7A87C94747A1C286B0756F70871105C.JPEG",
    "cantidad_archivos": 1,
    "archivos_fuente": [
      "Pictures/Fototeca de Fotos.photoslibrary/resources/derivatives/2/23B02F7A-87C9-4747-A1C2-86B0756F7087_1_105_c.jpeg"
    ],
    "ultima_modificacion": "2025-08-01 01:01:27.072324"
  },
  "294a595a058446eba61550b9f87ef4561105c.jpeg": {
    "app_sintetizada": "294A595A058446EBA61550B9F87EF4561105C.JPEG",
    "cantidad_archivos": 1,
    "archivos_fuente": [
      "Pictures/Fototeca de Fotos.photoslibrary/resources/derivatives/2/294A595A-0584-46EB-A615-50B9F87EF456_1_105_c.jpeg"
    ],
    "ultima_modificacion": "2025-08-01 01:01:27.072789"
  },
  "2f4cd6289ddf4fd9ac63608526909d551105c.jpeg": {
    "app_sintetizada": "2F4CD6289DDF4FD9AC63608526909D551105C.JPEG",
    "cantidad_archivos": 1,
    "archivos_fuente": [
      "Pictures/Fototeca de Fotos.photoslibrary/resources/derivatives/2/2F4CD628-9DDF-4FD9-AC63-608526909D55_1_105_c.jpeg"
    ],
    "ultima_modificacion": "2025-08-01 01:01:27.073198"
  },
  "298edbd45d35404fa706827a57d296171105c.jpeg": {
    "app_sintetizada": "298EDBD45D35404FA706827A57D296171105C.JPEG",
    "cantidad_archivos": 1,
    "archivos_fuente": [
      "Pictures/Fototeca de Fotos.photoslibrary/resources/derivatives/2/298EDBD4-5D35-404F-A706-827A57D29617_1_105_c.jpeg"
    ],
    "ultima_modificacion": "2025-08-01 01:01:27.073579"
  },
  "217369b33be94dbd9eb1c663187e03281105c.jpeg": {
    "app_sintetizada": "217369B33BE94DBD9EB1C663187E03281105C.JPEG",
    "cantidad_archivos": 1,
    "archivos_fuente": [
      "Pictures/Fototeca de Fotos.photoslibrary/resources/derivatives/2/217369B3-3BE9-4DBD-9EB1-C663187E0328_1_105_c.jpeg"
    ],
    "ultima_modificacion": "2025-08-01 01:01:27.073925"
  },
  "284eb3ce5631444fa818cd2c457f61041105c.jpeg": {
    "app_sintetizada": "284EB3CE5631444FA818CD2C457F61041105C.JPEG",
    "cantidad_archivos": 1,
    "archivos_fuente": [
      "Pictures/Fototeca de Fotos.photoslibrary/resources/derivatives/2/284EB3CE-5631-444F-A818-CD2C457F6104_1_105_c.jpeg"
    ],
    "ultima_modificacion": "2025-08-01 01:01:27.074619"
  },
  "257cda95d70f4c47967794220e0909f51105c.jpeg": {
    "app_sintetizada": "257CDA95D70F4C47967794220E0909F51105C.JPEG",
    "cantidad_archivos": 1,
    "archivos_fuente": [
      "Pictures/Fototeca de Fotos.photoslibrary/resources/derivatives/2/257CDA95-D70F-4C47-9677-94220E0909F5_1_105_c.jpeg"
    ],
    "ultima_modificacion": "2025-08-01 01:01:27.075079"
  },
  "260eb15130cf41c4be1c03563e027fdf.thm": {
    "app_sintetizada": "260EB15130CF41C4BE1C03563E027FDF.THM",
    "cantidad_archivos": 1,
    "archivos_fuente": [
      "Pictures/Fototeca de Fotos.photoslibrary/resources/derivatives/2/260EB151-30CF-41C4-BE1C-03563E027FDF.THM"
    ],
    "ultima_modificacion": "2025-08-01 01:01:27.075654"
  },
  "2bc0d01388ab49f3a68fab4e43c1d3a11105c.jpeg": {
    "app_sintetizada": "2BC0D01388AB49F3A68FAB4E43C1D3A11105C.JPEG",
    "cantidad_archivos": 1,
    "archivos_fuente": [
      "Pictures/Fototeca de Fotos.photoslibrary/resources/derivatives/2/2BC0D013-88AB-49F3-A68F-AB4E43C1D3A1_1_105_c.jpeg"
    ],
    "ultima_modificacion": "2025-08-01 01:01:27.077497"
  },
  "26f07c8c4a8749158e9a714345190f701105c.jpeg": {
    "app_sintetizada": "26F07C8C4A8749158E9A714345190F701105C.JPEG",
    "cantidad_archivos": 1,
    "archivos_fuente": [
      "Pictures/Fototeca de Fotos.photoslibrary/resources/derivatives/2/26F07C8C-4A87-4915-8E9A-714345190F70_1_105_c.jpeg"
    ],
    "ultima_modificacion": "2025-08-01 01:01:27.078647"
  },
  "21e7381904d14cbda821b6d81c3551a91105c.jpeg": {
    "app_sintetizada": "21E7381904D14CBDA821B6D81C3551A91105C.JPEG",
    "cantidad_archivos": 1,
    "archivos_fuente": [
      "Pictures/Fototeca de Fotos.photoslibrary/resources/derivatives/2/21E73819-04D1-4CBD-A821-B6D81C3551A9_1_105_c.jpeg"
    ],
    "ultima_modificacion": "2025-08-01 01:01:27.079211"
  },
  "28b9f82984d842c9a95c06159e671f3e1105c.jpeg": {
    "app_sintetizada": "28B9F82984D842C9A95C06159E671F3E1105C.JPEG",
    "cantidad_archivos": 1,
    "archivos_fuente": [
      "Pictures/Fototeca de Fotos.photoslibrary/resources/derivatives/2/28B9F829-84D8-42C9-A95C-06159E671F3E_1_105_c.jpeg"
    ],
    "ultima_modificacion": "2025-08-01 01:01:27.079650"
  },
  "20d05cd252c1454798e38b3d6ffa0f251105c.jpeg": {
    "app_sintetizada": "20D05CD252C1454798E38B3D6FFA0F251105C.JPEG",
    "cantidad_archivos": 1,
    "archivos_fuente": [
      "Pictures/Fototeca de Fotos.photoslibrary/resources/derivatives/2/20D05CD2-52C1-4547-98E3-8B3D6FFA0F25_1_105_c.jpeg"
    ],
    "ultima_modificacion": "2025-08-01 01:01:27.080168"
  },
  "2008e8029e2941708e6a02b27c79205e1105c.jpeg": {
    "app_sintetizada": "2008E8029E2941708E6A02B27C79205E1105C.JPEG",
    "cantidad_archivos": 1,
    "archivos_fuente": [
      "Pictures/Fototeca de Fotos.photoslibrary/resources/derivatives/2/2008E802-9E29-4170-8E6A-02B27C79205E_1_105_c.jpeg"
    ],
    "ultima_modificacion": "2025-08-01 01:01:27.080552"
  },
  "2a2cae3cb45f4bae95b314b3eaf1d5761105c.jpeg": {
    "app_sintetizada": "2A2CAE3CB45F4BAE95B314B3EAF1D5761105C.JPEG",
    "cantidad_archivos": 1,
    "archivos_fuente": [
      "Pictures/Fototeca de Fotos.photoslibrary/resources/derivatives/2/2A2CAE3C-B45F-4BAE-95B3-14B3EAF1D576_1_105_c.jpeg"
    ],
    "ultima_modificacion": "2025-08-01 01:01:27.080891"
  },
  "26d6895379ec431485fcbf9f552229c51105c.jpeg": {
    "app_sintetizada": "26D6895379EC431485FCBF9F552229C51105C.JPEG",
    "cantidad_archivos": 1,
    "archivos_fuente": [
      "Pictures/Fototeca de Fotos.photoslibrary/resources/derivatives/2/26D68953-79EC-4314-85FC-BF9F552229C5_1_105_c.jpeg"
    ],
    "ultima_modificacion": "2025-08-01 01:01:27.081148"
  },
  "2fdb1f1d4259477baebe6a784d16d0b91105c.jpeg": {
    "app_sintetizada": "2FDB1F1D4259477BAEBE6A784D16D0B91105C.JPEG",
    "cantidad_archivos": 1,
    "archivos_fuente": [
      "Pictures/Fototeca de Fotos.photoslibrary/resources/derivatives/2/2FDB1F1D-4259-477B-AEBE-6A784D16D0B9_1_105_c.jpeg"
    ],
    "ultima_modificacion": "2025-08-01 01:01:27.081405"
  },
  "2058dc4c38fe4218826c009ead66190b1105c.jpeg": {
    "app_sintetizada": "2058DC4C38FE4218826C009EAD66190B1105C.JPEG",
    "cantidad_archivos": 1,
    "archivos_fuente": [
      "Pictures/Fototeca de Fotos.photoslibrary/resources/derivatives/2/2058DC4C-38FE-4218-826C-009EAD66190B_1_105_c.jpeg"
    ],
    "ultima_modificacion": "2025-08-01 01:01:27.081659"
  },
  "236d8960efaf40f3b7da28008f1a49d41105c.jpeg": {
    "app_sintetizada": "236D8960EFAF40F3B7DA28008F1A49D41105C.JPEG",
    "cantidad_archivos": 1,
    "archivos_fuente": [
      "Pictures/Fototeca de Fotos.photoslibrary/resources/derivatives/2/236D8960-EFAF-40F3-B7DA-28008F1A49D4_1_105_c.jpeg"
    ],
    "ultima_modificacion": "2025-08-01 01:01:27.082032"
  },
  "2340ee9aff29445b84ccf2f57554632e1105c.jpeg": {
    "app_sintetizada": "2340EE9AFF29445B84CCF2F57554632E1105C.JPEG",
    "cantidad_archivos": 1,
    "archivos_fuente": [
      "Pictures/Fototeca de Fotos.photoslibrary/resources/derivatives/2/2340EE9A-FF29-445B-84CC-F2F57554632E_1_105_c.jpeg"
    ],
    "ultima_modificacion": "2025-08-01 01:01:27.082432"
  },
  "2891a0667a9740698e58adace4f27b0b1105c.jpeg": {
    "app_sintetizada": "2891A0667A9740698E58ADACE4F27B0B1105C.JPEG",
    "cantidad_archivos": 1,
    "archivos_fuente": [
      "Pictures/Fototeca de Fotos.photoslibrary/resources/derivatives/2/2891A066-7A97-4069-8E58-ADACE4F27B0B_1_105_c.jpeg"
    ],
    "ultima_modificacion": "2025-08-01 01:01:27.082870"
  },
  "25893f3cec88419fa060b339924a071d1105c.jpeg": {
    "app_sintetizada": "25893F3CEC88419FA060B339924A071D1105C.JPEG",
    "cantidad_archivos": 1,
    "archivos_fuente": [
      "Pictures/Fototeca de Fotos.photoslibrary/resources/derivatives/2/25893F3C-EC88-419F-A060-B339924A071D_1_105_c.jpeg"
    ],
    "ultima_modificacion": "2025-08-01 01:01:27.083360"
  },
  "2c45e020855c456bbd929853e0b8757e1105c.jpeg": {
    "app_sintetizada": "2C45E020855C456BBD929853E0B8757E1105C.JPEG",
    "cantidad_archivos": 1,
    "archivos_fuente": [
      "Pictures/Fototeca de Fotos.photoslibrary/resources/derivatives/2/2C45E020-855C-456B-BD92-9853E0B8757E_1_105_c.jpeg"
    ],
    "ultima_modificacion": "2025-08-01 01:01:27.085934"
  },
  "29dfbe7ecb5f47e4b2ea884483115bf21105c.jpeg": {
    "app_sintetizada": "29DFBE7ECB5F47E4B2EA884483115BF21105C.JPEG",
    "cantidad_archivos": 1,
    "archivos_fuente": [
      "Pictures/Fototeca de Fotos.photoslibrary/resources/derivatives/2/29DFBE7E-CB5F-47E4-B2EA-884483115BF2_1_105_c.jpeg"
    ],
    "ultima_modificacion": "2025-08-01 01:01:27.086397"
  },
  "22100d410e664a2a964f465f01e868c2.thm": {
    "app_sintetizada": "22100D410E664A2A964F465F01E868C2.THM",
    "cantidad_archivos": 1,
    "archivos_fuente": [
      "Pictures/Fototeca de Fotos.photoslibrary/resources/derivatives/2/22100D41-0E66-4A2A-964F-465F01E868C2.THM"
    ],
    "ultima_modificacion": "2025-08-01 01:01:27.086801"
  },
  "20cf8465a0d8428fb49e355cddfd86c51105c.jpeg": {
    "app_sintetizada": "20CF8465A0D8428FB49E355CDDFD86C51105C.JPEG",
    "cantidad_archivos": 1,
    "archivos_fuente": [
      "Pictures/Fototeca de Fotos.photoslibrary/resources/derivatives/2/20CF8465-A0D8-428F-B49E-355CDDFD86C5_1_105_c.jpeg"
    ],
    "ultima_modificacion": "2025-08-01 01:01:27.088110"
  },
  "23aa84f9d60d4aec8497baacd9139864.thm": {
    "app_sintetizada": "23AA84F9D60D4AEC8497BAACD9139864.THM",
    "cantidad_archivos": 1,
    "archivos_fuente": [
      "Pictures/Fototeca de Fotos.photoslibrary/resources/derivatives/2/23AA84F9-D60D-4AEC-8497-BAACD9139864.THM"
    ],
    "ultima_modificacion": "2025-08-01 01:01:27.090938"
  },
  "2a57dda30417449d88d0435f0b2531671105c.jpeg": {
    "app_sintetizada": "2A57DDA30417449D88D0435F0B2531671105C.JPEG",
    "cantidad_archivos": 1,
    "archivos_fuente": [
      "Pictures/Fototeca de Fotos.photoslibrary/resources/derivatives/2/2A57DDA3-0417-449D-88D0-435F0B253167_1_105_c.jpeg"
    ],
    "ultima_modificacion": "2025-08-01 01:01:27.091461"
  },
  "29bf0d1c5c9a4800a55935410e07d5731105c.jpeg": {
    "app_sintetizada": "29BF0D1C5C9A4800A55935410E07D5731105C.JPEG",
    "cantidad_archivos": 1,
    "archivos_fuente": [
      "Pictures/Fototeca de Fotos.photoslibrary/resources/derivatives/2/29BF0D1C-5C9A-4800-A559-35410E07D573_1_105_c.jpeg"
    ],
    "ultima_modificacion": "2025-08-01 01:01:27.092067"
  },
  "227d21fdbc084be6932ccf580f43cb2c1105c.jpeg": {
    "app_sintetizada": "227D21FDBC084BE6932CCF580F43CB2C1105C.JPEG",
    "cantidad_archivos": 1,
    "archivos_fuente": [
      "Pictures/Fototeca de Fotos.photoslibrary/resources/derivatives/2/227D21FD-BC08-4BE6-932C-CF580F43CB2C_1_105_c.jpeg"
    ],
    "ultima_modificacion": "2025-08-01 01:01:27.092581"
  },
  "2009d882924b438aa7ed4142ca7c4a591105c.jpeg": {
    "app_sintetizada": "2009D882924B438AA7ED4142CA7C4A591105C.JPEG",
    "cantidad_archivos": 1,
    "archivos_fuente": [
      "Pictures/Fototeca de Fotos.photoslibrary/resources/derivatives/2/2009D882-924B-438A-A7ED-4142CA7C4A59_1_105_c.jpeg"
    ],
    "ultima_modificacion": "2025-08-01 01:01:27.093033"
  },
  "2eee1f1221f1480faba2296db99fb5e91105c.jpeg": {
    "app_sintetizada": "2EEE1F1221F1480FABA2296DB99FB5E91105C.JPEG",
    "cantidad_archivos": 1,
    "archivos_fuente": [
      "Pictures/Fototeca de Fotos.photoslibrary/resources/derivatives/2/2EEE1F12-21F1-480F-ABA2-296DB99FB5E9_1_105_c.jpeg"
    ],
    "ultima_modificacion": "2025-08-01 01:01:27.094018"
  },
  "2a7b8a1cb12f4c8ea94ff970041b4bf01105c.jpeg": {
    "app_sintetizada": "2A7B8A1CB12F4C8EA94FF970041B4BF01105C.JPEG",
    "cantidad_archivos": 1,
    "archivos_fuente": [
      "Pictures/Fototeca de Fotos.photoslibrary/resources/derivatives/2/2A7B8A1C-B12F-4C8E-A94F-F970041B4BF0_1_105_c.jpeg"
    ],
    "ultima_modificacion": "2025-08-01 01:01:27.094460"
  },
  "2d3e1aedad2a46db9457e413479dbf651105c.jpeg": {
    "app_sintetizada": "2D3E1AEDAD2A46DB9457E413479DBF651105C.JPEG",
    "cantidad_archivos": 1,
    "archivos_fuente": [
      "Pictures/Fototeca de Fotos.photoslibrary/resources/derivatives/2/2D3E1AED-AD2A-46DB-9457-E413479DBF65_1_105_c.jpeg"
    ],
    "ultima_modificacion": "2025-08-01 01:01:27.099491"
  },
  "261251e9966140cc89b20beccb9b4704.thm": {
    "app_sintetizada": "261251E9966140CC89B20BECCB9B4704.THM",
    "cantidad_archivos": 1,
    "archivos_fuente": [
      "Pictures/Fototeca de Fotos.photoslibrary/resources/derivatives/2/261251E9-9661-40CC-89B2-0BECCB9B4704.THM"
    ],
    "ultima_modificacion": "2025-08-01 01:01:27.100752"
  },
  "227a88d1b7d549cd91ab9900c6aa488a1105c.jpeg": {
    "app_sintetizada": "227A88D1B7D549CD91AB9900C6AA488A1105C.JPEG",
    "cantidad_archivos": 1,
    "archivos_fuente": [
      "Pictures/Fototeca de Fotos.photoslibrary/resources/derivatives/2/227A88D1-B7D5-49CD-91AB-9900C6AA488A_1_105_c.jpeg"
    ],
    "ultima_modificacion": "2025-08-01 01:01:27.102650"
  },
  "2cebbdcef86d4df1badb3ecc6f7b6a641105c.jpeg": {
    "app_sintetizada": "2CEBBDCEF86D4DF1BADB3ECC6F7B6A641105C.JPEG",
    "cantidad_archivos": 1,
    "archivos_fuente": [
      "Pictures/Fototeca de Fotos.photoslibrary/resources/derivatives/2/2CEBBDCE-F86D-4DF1-BADB-3ECC6F7B6A64_1_105_c.jpeg"
    ],
    "ultima_modificacion": "2025-08-01 01:01:27.103103"
  },
  "2ddfbe2688ff487c9fb2f6265313ccc21105c.jpeg": {
    "app_sintetizada": "2DDFBE2688FF487C9FB2F6265313CCC21105C.JPEG",
    "cantidad_archivos": 1,
    "archivos_fuente": [
      "Pictures/Fototeca de Fotos.photoslibrary/resources/derivatives/2/2DDFBE26-88FF-487C-9FB2-F6265313CCC2_1_105_c.jpeg"
    ],
    "ultima_modificacion": "2025-08-01 01:01:27.103479"
  },
  "270493df34594e9ba57c8e7f1d708cbc1105c.jpeg": {
    "app_sintetizada": "270493DF34594E9BA57C8E7F1D708CBC1105C.JPEG",
    "cantidad_archivos": 1,
    "archivos_fuente": [
      "Pictures/Fototeca de Fotos.photoslibrary/resources/derivatives/2/270493DF-3459-4E9B-A57C-8E7F1D708CBC_1_105_c.jpeg"
    ],
    "ultima_modificacion": "2025-08-01 01:01:27.103861"
  },
  "240e68220a8041069340f813e616202c1105c.jpeg": {
    "app_sintetizada": "240E68220A8041069340F813E616202C1105C.JPEG",
    "cantidad_archivos": 1,
    "archivos_fuente": [
      "Pictures/Fototeca de Fotos.photoslibrary/resources/derivatives/2/240E6822-0A80-4106-9340-F813E616202C_1_105_c.jpeg"
    ],
    "ultima_modificacion": "2025-08-01 01:01:27.104312"
  },
  "277684a134984b5391259febc04cf6c21105c.jpeg": {
    "app_sintetizada": "277684A134984B5391259FEBC04CF6C21105C.JPEG",
    "cantidad_archivos": 1,
    "archivos_fuente": [
      "Pictures/Fototeca de Fotos.photoslibrary/resources/derivatives/2/277684A1-3498-4B53-9125-9FEBC04CF6C2_1_105_c.jpeg"
    ],
    "ultima_modificacion": "2025-08-01 01:01:27.104692"
  }
}