{
  "e3b0b790a8014033b3c4e2797c491a181105c.jpeg": {
    "app_sintetizada": "E3B0B790A8014033B3C4E2797C491A181105C.JPEG",
    "cantidad_archivos": 1,
    "archivos_fuente": [
      "Pictures/Fototeca de Fotos.photoslibrary/resources/derivatives/E/E3B0B790-A801-4033-B3C4-E2797C491A18_1_105_c.jpeg"
    ],
    "ultima_modificacion": "2025-08-01 01:01:25.466417"
  },
  "e5a80241be9c49a092f731c3df79f15d1105c.jpeg": {
    "app_sintetizada": "E5A80241BE9C49A092F731C3DF79F15D1105C.JPEG",
    "cantidad_archivos": 1,
    "archivos_fuente": [
      "Pictures/Fototeca de Fotos.photoslibrary/resources/derivatives/E/E5A80241-BE9C-49A0-92F7-31C3DF79F15D_1_105_c.jpeg"
    ],
    "ultima_modificacion": "2025-08-01 01:01:25.466844"
  },
  "e73f262b645443eb93148695a6ada7d51105c.jpeg": {
    "app_sintetizada": "E73F262B645443EB93148695A6ADA7D51105C.JPEG",
    "cantidad_archivos": 1,
    "archivos_fuente": [
      "Pictures/Fototeca de Fotos.photoslibrary/resources/derivatives/E/E73F262B-6454-43EB-9314-8695A6ADA7D5_1_105_c.jpeg"
    ],
    "ultima_modificacion": "2025-08-01 01:01:25.467266"
  },
  "e7f9cc93247643aa8b6ecbfa188444831105c.jpeg": {
    "app_sintetizada": "E7F9CC93247643AA8B6ECBFA188444831105C.JPEG",
    "cantidad_archivos": 1,
    "archivos_fuente": [
      "Pictures/Fototeca de Fotos.photoslibrary/resources/derivatives/E/E7F9CC93-2476-43AA-8B6E-CBFA18844483_1_105_c.jpeg"
    ],
    "ultima_modificacion": "2025-08-01 01:01:25.467600"
  },
  "e229725854784805a36664b991b634101105c.jpeg": {
    "app_sintetizada": "E229725854784805A36664B991B634101105C.JPEG",
    "cantidad_archivos": 1,
    "archivos_fuente": [
      "Pictures/Fototeca de Fotos.photoslibrary/resources/derivatives/E/E2297258-5478-4805-A366-64B991B63410_1_105_c.jpeg"
    ],
    "ultima_modificacion": "2025-08-01 01:01:25.470198"
  },
  "e28f60d4441e415db59001250d8792a2.thm": {
    "app_sintetizada": "E28F60D4441E415DB59001250D8792A2.THM",
    "cantidad_archivos": 1,
    "archivos_fuente": [
      "Pictures/Fototeca de Fotos.photoslibrary/resources/derivatives/E/E28F60D4-441E-415D-B590-01250D8792A2.THM"
    ],
    "ultima_modificacion": "2025-08-01 01:01:25.470592"
  },
  "e301476e4a644f289a2169cbab4bc4431105c.jpeg": {
    "app_sintetizada": "E301476E4A644F289A2169CBAB4BC4431105C.JPEG",
    "cantidad_archivos": 1,
    "archivos_fuente": [
      "Pictures/Fototeca de Fotos.photoslibrary/resources/derivatives/E/E301476E-4A64-4F28-9A21-69CBAB4BC443_1_105_c.jpeg"
    ],
    "ultima_modificacion": "2025-08-01 01:01:25.471275"
  },
  "e39d658a4c574cc2992aab6fe1926e4f1105c.jpeg": {
    "app_sintetizada": "E39D658A4C574CC2992AAB6FE1926E4F1105C.JPEG",
    "cantidad_archivos": 1,
    "archivos_fuente": [
      "Pictures/Fototeca de Fotos.photoslibrary/resources/derivatives/E/E39D658A-4C57-4CC2-992A-AB6FE1926E4F_1_105_c.jpeg"
    ],
    "ultima_modificacion": "2025-08-01 01:01:25.471603"
  },
  "eb6dfe6c11da40b8973b455bb4f3fb511105c.jpeg": {
    "app_sintetizada": "EB6DFE6C11DA40B8973B455BB4F3FB511105C.JPEG",
    "cantidad_archivos": 1,
    "archivos_fuente": [
      "Pictures/Fototeca de Fotos.photoslibrary/resources/derivatives/E/EB6DFE6C-11DA-40B8-973B-455BB4F3FB51_1_105_c.jpeg"
    ],
    "ultima_modificacion": "2025-08-01 01:01:25.472025"
  },
  "e8f4b987c3024eb7a41fa9f7e827ad34.thm": {
    "app_sintetizada": "E8F4B987C3024EB7A41FA9F7E827AD34.THM",
    "cantidad_archivos": 1,
    "archivos_fuente": [
      "Pictures/Fototeca de Fotos.photoslibrary/resources/derivatives/E/E8F4B987-C302-4EB7-A41F-A9F7E827AD34.THM"
    ],
    "ultima_modificacion": "2025-08-01 01:01:25.473944"
  },
  "e9ad0170455d47f2a61987b01cd5c7101105c.jpeg": {
    "app_sintetizada": "E9AD0170455D47F2A61987B01CD5C7101105C.JPEG",
    "cantidad_archivos": 1,
    "archivos_fuente": [
      "Pictures/Fototeca de Fotos.photoslibrary/resources/derivatives/E/E9AD0170-455D-47F2-A619-87B01CD5C710_1_105_c.jpeg"
    ],
    "ultima_modificacion": "2025-08-01 01:01:25.475331"
  },
  "ed37cbeb0d2f45ba85a5ca595a7aca5d1105c.jpeg": {
    "app_sintetizada": "ED37CBEB0D2F45BA85A5CA595A7ACA5D1105C.JPEG",
    "cantidad_archivos": 1,
    "archivos_fuente": [
      "Pictures/Fototeca de Fotos.photoslibrary/resources/derivatives/E/ED37CBEB-0D2F-45BA-85A5-CA595A7ACA5D_1_105_c.jpeg"
    ],
    "ultima_modificacion": "2025-08-01 01:01:25.476122"
  },
  "e57112e6a77e4350a4e529f4d58c9c831105c.jpeg": {
    "app_sintetizada": "E57112E6A77E4350A4E529F4D58C9C831105C.JPEG",
    "cantidad_archivos": 1,
    "archivos_fuente": [
      "Pictures/Fototeca de Fotos.photoslibrary/resources/derivatives/E/E57112E6-A77E-4350-A4E5-29F4D58C9C83_1_105_c.jpeg"
    ],
    "ultima_modificacion": "2025-08-01 01:01:25.476730"
  },
  "ef37f414a38f4c27912942df36dfd5e01105c.jpeg": {
    "app_sintetizada": "EF37F414A38F4C27912942DF36DFD5E01105C.JPEG",
    "cantidad_archivos": 1,
    "archivos_fuente": [
      "Pictures/Fototeca de Fotos.photoslibrary/resources/derivatives/E/EF37F414-A38F-4C27-9129-42DF36DFD5E0_1_105_c.jpeg"
    ],
    "ultima_modificacion": "2025-08-01 01:01:25.477157"
  },
  "e3124f5cd13f4687b2c2b555e7bc88791105c.jpeg": {
    "app_sintetizada": "E3124F5CD13F4687B2C2B555E7BC88791105C.JPEG",
    "cantidad_archivos": 1,
    "archivos_fuente": [
      "Pictures/Fototeca de Fotos.photoslibrary/resources/derivatives/E/E3124F5C-D13F-4687-B2C2-B555E7BC8879_1_105_c.jpeg"
    ],
    "ultima_modificacion": "2025-08-01 01:01:25.477506"
  },
  "ebc0acfb55444df0925d45750053baaf.thm": {
    "app_sintetizada": "EBC0ACFB55444DF0925D45750053BAAF.THM",
    "cantidad_archivos": 1,
    "archivos_fuente": [
      "Pictures/Fototeca de Fotos.photoslibrary/resources/derivatives/E/EBC0ACFB-5544-4DF0-925D-45750053BAAF.THM"
    ],
    "ultima_modificacion": "2025-08-01 01:01:25.477861"
  },
  "ea20fb330fa04d9681524672cc4d5ebf.thm": {
    "app_sintetizada": "EA20FB330FA04D9681524672CC4D5EBF.THM",
    "cantidad_archivos": 1,
    "archivos_fuente": [
      "Pictures/Fototeca de Fotos.photoslibrary/resources/derivatives/E/EA20FB33-0FA0-4D96-8152-4672CC4D5EBF.THM"
    ],
    "ultima_modificacion": "2025-08-01 01:01:25.478237"
  },
  "e576775ae50e4082ac04bc736a7a024f1105c.jpeg": {
    "app_sintetizada": "E576775AE50E4082AC04BC736A7A024F1105C.JPEG",
    "cantidad_archivos": 1,
    "archivos_fuente": [
      "Pictures/Fototeca de Fotos.photoslibrary/resources/derivatives/E/E576775A-E50E-4082-AC04-BC736A7A024F_1_105_c.jpeg"
    ],
    "ultima_modificacion": "2025-08-01 01:01:25.478633"
  },
  "edba233e0ebe42b6a2b9b94b906d43ca1105c.jpeg": {
    "app_sintetizada": "EDBA233E0EBE42B6A2B9B94B906D43CA1105C.JPEG",
    "cantidad_archivos": 1,
    "archivos_fuente": [
      "Pictures/Fototeca de Fotos.photoslibrary/resources/derivatives/E/EDBA233E-0EBE-42B6-A2B9-B94B906D43CA_1_105_c.jpeg"
    ],
    "ultima_modificacion": "2025-08-01 01:01:25.479017"
  },
  "e468290f89fc495d88aa63edacdbc1e11105c.jpeg": {
    "app_sintetizada": "E468290F89FC495D88AA63EDACDBC1E11105C.JPEG",
    "cantidad_archivos": 1,
    "archivos_fuente": [
      "Pictures/Fototeca de Fotos.photoslibrary/resources/derivatives/E/E468290F-89FC-495D-88AA-63EDACDBC1E1_1_105_c.jpeg"
    ],
    "ultima_modificacion": "2025-08-01 01:01:25.479360"
  },
  "e55e0f290847465e827c289d1682314a1102o.jpeg": {
    "app_sintetizada": "E55E0F290847465E827C289D1682314A1102O.JPEG",
    "cantidad_archivos": 1,
    "archivos_fuente": [
      "Pictures/Fototeca de Fotos.photoslibrary/resources/derivatives/E/E55E0F29-0847-465E-827C-289D1682314A_1_102_o.jpeg"
    ],
    "ultima_modificacion": "2025-08-01 01:01:25.479735"
  },
  "edf297dd0ac1401a84c77284c4271fcf1105c.jpeg": {
    "app_sintetizada": "EDF297DD0AC1401A84C77284C4271FCF1105C.JPEG",
    "cantidad_archivos": 1,
    "archivos_fuente": [
      "Pictures/Fototeca de Fotos.photoslibrary/resources/derivatives/E/EDF297DD-0AC1-401A-84C7-7284C4271FCF_1_105_c.jpeg"
    ],
    "ultima_modificacion": "2025-08-01 01:01:25.480218"
  },
  "e2d8e164a7074f4c8775ed5f2264de951105c.jpeg": {
    "app_sintetizada": "E2D8E164A7074F4C8775ED5F2264DE951105C.JPEG",
    "cantidad_archivos": 1,
    "archivos_fuente": [
      "Pictures/Fototeca de Fotos.photoslibrary/resources/derivatives/E/E2D8E164-A707-4F4C-8775-ED5F2264DE95_1_105_c.jpeg"
    ],
    "ultima_modificacion": "2025-08-01 01:01:25.480751"
  },
  "e9992e1928fd438cbfba5630f27887fd1105c.jpeg": {
    "app_sintetizada": "E9992E1928FD438CBFBA5630F27887FD1105C.JPEG",
    "cantidad_archivos": 1,
    "archivos_fuente": [
      "Pictures/Fototeca de Fotos.photoslibrary/resources/derivatives/E/E9992E19-28FD-438C-BFBA-5630F27887FD_1_105_c.jpeg"
    ],
    "ultima_modificacion": "2025-08-01 01:01:25.481133"
  },
  "e4c107a0c8da4efaac5c2a5eb26d64f41105c.jpeg": {
    "app_sintetizada": "E4C107A0C8DA4EFAAC5C2A5EB26D64F41105C.JPEG",
    "cantidad_archivos": 1,
    "archivos_fuente": [
      "Pictures/Fototeca de Fotos.photoslibrary/resources/derivatives/E/E4C107A0-C8DA-4EFA-AC5C-2A5EB26D64F4_1_105_c.jpeg"
    ],
    "ultima_modificacion": "2025-08-01 01:01:25.481685"
  },
  "e0cd5c736b3f494f8185c50327dfe78e1105c.jpeg": {
    "app_sintetizada": "E0CD5C736B3F494F8185C50327DFE78E1105C.JPEG",
    "cantidad_archivos": 1,
    "archivos_fuente": [
      "Pictures/Fototeca de Fotos.photoslibrary/resources/derivatives/E/E0CD5C73-6B3F-494F-8185-C50327DFE78E_1_105_c.jpeg"
    ],
    "ultima_modificacion": "2025-08-01 01:01:25.482144"
  },
  "ef56c7ba3d874405b708a806bf406bb91105c.jpeg": {
    "app_sintetizada": "EF56C7BA3D874405B708A806BF406BB91105C.JPEG",
    "cantidad_archivos": 1,
    "archivos_fuente": [
      "Pictures/Fototeca de Fotos.photoslibrary/resources/derivatives/E/EF56C7BA-3D87-4405-B708-A806BF406BB9_1_105_c.jpeg"
    ],
    "ultima_modificacion": "2025-08-01 01:01:25.482507"
  },
  "e4ccdfc8cee743b6b584cfc05dee07c41105c.jpeg": {
    "app_sintetizada": "E4CCDFC8CEE743B6B584CFC05DEE07C41105C.JPEG",
    "cantidad_archivos": 1,
    "archivos_fuente": [
      "Pictures/Fototeca de Fotos.photoslibrary/resources/derivatives/E/E4CCDFC8-CEE7-43B6-B584-CFC05DEE07C4_1_105_c.jpeg"
    ],
    "ultima_modificacion": "2025-08-01 01:01:25.484297"
  },
  "e4fc741b612d4302a2f77a7ddbe9d0a81105c.jpeg": {
    "app_sintetizada": "E4FC741B612D4302A2F77A7DDBE9D0A81105C.JPEG",
    "cantidad_archivos": 1,
    "archivos_fuente": [
      "Pictures/Fototeca de Fotos.photoslibrary/resources/derivatives/E/E4FC741B-612D-4302-A2F7-7A7DDBE9D0A8_1_105_c.jpeg"
    ],
    "ultima_modificacion": "2025-08-01 01:01:25.485888"
  },
  "e6e7b3f1fd8a42c9a1e28729991cae101105c.jpeg": {
    "app_sintetizada": "E6E7B3F1FD8A42C9A1E28729991CAE101105C.JPEG",
    "cantidad_archivos": 1,
    "archivos_fuente": [
      "Pictures/Fototeca de Fotos.photoslibrary/resources/derivatives/E/E6E7B3F1-FD8A-42C9-A1E2-8729991CAE10_1_105_c.jpeg"
    ],
    "ultima_modificacion": "2025-08-01 01:01:25.486591"
  },
  "e1a3f1b50cad432d93773cc1269083f61105c.jpeg": {
    "app_sintetizada": "E1A3F1B50CAD432D93773CC1269083F61105C.JPEG",
    "cantidad_archivos": 1,
    "archivos_fuente": [
      "Pictures/Fototeca de Fotos.photoslibrary/resources/derivatives/E/E1A3F1B5-0CAD-432D-9377-3CC1269083F6_1_105_c.jpeg"
    ],
    "ultima_modificacion": "2025-08-01 01:01:25.487274"
  },
  "ec6cda9a07f94995bde8f19468fd34f71105c.jpeg": {
    "app_sintetizada": "EC6CDA9A07F94995BDE8F19468FD34F71105C.JPEG",
    "cantidad_archivos": 1,
    "archivos_fuente": [
      "Pictures/Fototeca de Fotos.photoslibrary/resources/derivatives/E/EC6CDA9A-07F9-4995-BDE8-F19468FD34F7_1_105_c.jpeg"
    ],
    "ultima_modificacion": "2025-08-01 01:01:25.487931"
  },
  "eaaa02b6ff444c8f8494d5ce8af184d21105c.jpeg": {
    "app_sintetizada": "EAAA02B6FF444C8F8494D5CE8AF184D21105C.JPEG",
    "cantidad_archivos": 1,
    "archivos_fuente": [
      "Pictures/Fototeca de Fotos.photoslibrary/resources/derivatives/E/EAAA02B6-FF44-4C8F-8494-D5CE8AF184D2_1_105_c.jpeg"
    ],
    "ultima_modificacion": "2025-08-01 01:01:25.488306"
  },
  "e9c4ab9f64784b7b9c7d944a03e43d5d1105c.jpeg": {
    "app_sintetizada": "E9C4AB9F64784B7B9C7D944A03E43D5D1105C.JPEG",
    "cantidad_archivos": 1,
    "archivos_fuente": [
      "Pictures/Fototeca de Fotos.photoslibrary/resources/derivatives/E/E9C4AB9F-6478-4B7B-9C7D-944A03E43D5D_1_105_c.jpeg"
    ],
    "ultima_modificacion": "2025-08-01 01:01:25.488681"
  },
  "ebe00071bf9240bd875a18cd03f344c51105c.jpeg": {
    "app_sintetizada": "EBE00071BF9240BD875A18CD03F344C51105C.JPEG",
    "cantidad_archivos": 1,
    "archivos_fuente": [
      "Pictures/Fototeca de Fotos.photoslibrary/resources/derivatives/E/EBE00071-BF92-40BD-875A-18CD03F344C5_1_105_c.jpeg"
    ],
    "ultima_modificacion": "2025-08-01 01:01:25.489086"
  },
  "ec9cf638fe694559a50df4e22cc9d4121105c.jpeg": {
    "app_sintetizada": "EC9CF638FE694559A50DF4E22CC9D4121105C.JPEG",
    "cantidad_archivos": 1,
    "archivos_fuente": [
      "Pictures/Fototeca de Fotos.photoslibrary/resources/derivatives/E/EC9CF638-FE69-4559-A50D-F4E22CC9D412_1_105_c.jpeg"
    ],
    "ultima_modificacion": "2025-08-01 01:01:25.489522"
  },
  "e7c597965aa54940a641235b59acba5a1105c.jpeg": {
    "app_sintetizada": "E7C597965AA54940A641235B59ACBA5A1105C.JPEG",
    "cantidad_archivos": 1,
    "archivos_fuente": [
      "Pictures/Fototeca de Fotos.photoslibrary/resources/derivatives/E/E7C59796-5AA5-4940-A641-235B59ACBA5A_1_105_c.jpeg"
    ],
    "ultima_modificacion": "2025-08-01 01:01:25.489925"
  },
  "e8ca640886224eb3958df07f36d58fcc1105c.jpeg": {
    "app_sintetizada": "E8CA640886224EB3958DF07F36D58FCC1105C.JPEG",
    "cantidad_archivos": 1,
    "archivos_fuente": [
      "Pictures/Fototeca de Fotos.photoslibrary/resources/derivatives/E/E8CA6408-8622-4EB3-958D-F07F36D58FCC_1_105_c.jpeg"
    ],
    "ultima_modificacion": "2025-08-01 01:01:25.490395"
  },
  "e4d42ab6b82e4da69cd79461d5caf2ee1105c.jpeg": {
    "app_sintetizada": "E4D42AB6B82E4DA69CD79461D5CAF2EE1105C.JPEG",
    "cantidad_archivos": 1,
    "archivos_fuente": [
      "Pictures/Fototeca de Fotos.photoslibrary/resources/derivatives/E/E4D42AB6-B82E-4DA6-9CD7-9461D5CAF2EE_1_105_c.jpeg"
    ],
    "ultima_modificacion": "2025-08-01 01:01:25.491125"
  },
  "ee2c493a4b2a4d5ea187bdfdfc5342201105c.jpeg": {
    "app_sintetizada": "EE2C493A4B2A4D5EA187BDFDFC5342201105C.JPEG",
    "cantidad_archivos": 1,
    "archivos_fuente": [
      "Pictures/Fototeca de Fotos.photoslibrary/resources/derivatives/E/EE2C493A-4B2A-4D5E-A187-BDFDFC534220_1_105_c.jpeg"
    ],
    "ultima_modificacion": "2025-08-01 01:01:25.491566"
  },
  "ea499b8f1e3943d89c19ffd91387e5601105c.jpeg": {
    "app_sintetizada": "EA499B8F1E3943D89C19FFD91387E5601105C.JPEG",
    "cantidad_archivos": 1,
    "archivos_fuente": [
      "Pictures/Fototeca de Fotos.photoslibrary/resources/derivatives/E/EA499B8F-1E39-43D8-9C19-FFD91387E560_1_105_c.jpeg"
    ],
    "ultima_modificacion": "2025-08-01 01:01:25.492032"
  },
  "ece55d20385f4dae82ec95041c0535151105c.jpeg": {
    "app_sintetizada": "ECE55D20385F4DAE82EC95041C0535151105C.JPEG",
    "cantidad_archivos": 1,
    "archivos_fuente": [
      "Pictures/Fototeca de Fotos.photoslibrary/resources/derivatives/E/ECE55D20-385F-4DAE-82EC-95041C053515_1_105_c.jpeg"
    ],
    "ultima_modificacion": "2025-08-01 01:01:25.492448"
  },
  "eed4ca9375734e1e8bf06808caef4e211105c.jpeg": {
    "app_sintetizada": "EED4CA9375734E1E8BF06808CAEF4E211105C.JPEG",
    "cantidad_archivos": 1,
    "archivos_fuente": [
      "Pictures/Fototeca de Fotos.photoslibrary/resources/derivatives/E/EED4CA93-7573-4E1E-8BF0-6808CAEF4E21_1_105_c.jpeg"
    ],
    "ultima_modificacion": "2025-08-01 01:01:25.493026"
  },
  "e51ca038290c4ba9be7bcea1aef0cccd1105c.jpeg": {
    "app_sintetizada": "E51CA038290C4BA9BE7BCEA1AEF0CCCD1105C.JPEG",
    "cantidad_archivos": 1,
    "archivos_fuente": [
      "Pictures/Fototeca de Fotos.photoslibrary/resources/derivatives/E/E51CA038-290C-4BA9-BE7B-CEA1AEF0CCCD_1_105_c.jpeg"
    ],
    "ultima_modificacion": "2025-08-01 01:01:25.493525"
  },
  "eaa8a6940d664f15b99ba50a4e251f081105c.jpeg": {
    "app_sintetizada": "EAA8A6940D664F15B99BA50A4E251F081105C.JPEG",
    "cantidad_archivos": 1,
    "archivos_fuente": [
      "Pictures/Fototeca de Fotos.photoslibrary/resources/derivatives/E/EAA8A694-0D66-4F15-B99B-A50A4E251F08_1_105_c.jpeg"
    ],
    "ultima_modificacion": "2025-08-01 01:01:25.494128"
  },
  "edc78ec46dd942bb89775a542f95983c1105c.jpeg": {
    "app_sintetizada": "EDC78EC46DD942BB89775A542F95983C1105C.JPEG",
    "cantidad_archivos": 1,
    "archivos_fuente": [
      "Pictures/Fototeca de Fotos.photoslibrary/resources/derivatives/E/EDC78EC4-6DD9-42BB-8977-5A542F95983C_1_105_c.jpeg"
    ],
    "ultima_modificacion": "2025-08-01 01:01:25.494874"
  },
  "eadfa97deadb4528a08d748375007b2c1102o.jpeg": {
    "app_sintetizada": "EADFA97DEADB4528A08D748375007B2C1102O.JPEG",
    "cantidad_archivos": 1,
    "archivos_fuente": [
      "Pictures/Fototeca de Fotos.photoslibrary/resources/derivatives/E/EADFA97D-EADB-4528-A08D-748375007B2C_1_102_o.jpeg"
    ],
    "ultima_modificacion": "2025-08-01 01:01:25.495281"
  },
  "e18547f893f54eadb74f6a2fe68ea402.thm": {
    "app_sintetizada": "E18547F893F54EADB74F6A2FE68EA402.THM",
    "cantidad_archivos": 1,
    "archivos_fuente": [
      "Pictures/Fototeca de Fotos.photoslibrary/resources/derivatives/E/E18547F8-93F5-4EAD-B74F-6A2FE68EA402.THM"
    ],
    "ultima_modificacion": "2025-08-01 01:01:25.495636"
  },
  "efe3e52044594247b64ae6a38bc03a2d1105c.jpeg": {
    "app_sintetizada": "EFE3E52044594247B64AE6A38BC03A2D1105C.JPEG",
    "cantidad_archivos": 1,
    "archivos_fuente": [
      "Pictures/Fototeca de Fotos.photoslibrary/resources/derivatives/E/EFE3E520-4459-4247-B64A-E6A38BC03A2D_1_105_c.jpeg"
    ],
    "ultima_modificacion": "2025-08-01 01:01:25.495964"
  },
  "e69934f835a141268c1f5391cc9fb1b71105c.jpeg": {
    "app_sintetizada": "E69934F835A141268C1F5391CC9FB1B71105C.JPEG",
    "cantidad_archivos": 1,
    "archivos_fuente": [
      "Pictures/Fototeca de Fotos.photoslibrary/resources/derivatives/E/E69934F8-35A1-4126-8C1F-5391CC9FB1B7_1_105_c.jpeg"
    ],
    "ultima_modificacion": "2025-08-01 01:01:25.496295"
  },
  "e01772b60b0e4dec9df656f9dcc41a521105c.jpeg": {
    "app_sintetizada": "E01772B60B0E4DEC9DF656F9DCC41A521105C.JPEG",
    "cantidad_archivos": 1,
    "archivos_fuente": [
      "Pictures/Fototeca de Fotos.photoslibrary/resources/derivatives/E/E01772B6-0B0E-4DEC-9DF6-56F9DCC41A52_1_105_c.jpeg"
    ],
    "ultima_modificacion": "2025-08-01 01:01:25.496649"
  },
  "e9e40d8175b4466093413d27e43df20b1105c.jpeg": {
    "app_sintetizada": "E9E40D8175B4466093413D27E43DF20B1105C.JPEG",
    "cantidad_archivos": 1,
    "archivos_fuente": [
      "Pictures/Fototeca de Fotos.photoslibrary/resources/derivatives/E/E9E40D81-75B4-4660-9341-3D27E43DF20B_1_105_c.jpeg"
    ],
    "ultima_modificacion": "2025-08-01 01:01:25.496996"
  },
  "e180b7489f51478487832d31efc00b7d1105c.jpeg": {
    "app_sintetizada": "E180B7489F51478487832D31EFC00B7D1105C.JPEG",
    "cantidad_archivos": 1,
    "archivos_fuente": [
      "Pictures/Fototeca de Fotos.photoslibrary/resources/derivatives/E/E180B748-9F51-4784-8783-2D31EFC00B7D_1_105_c.jpeg"
    ],
    "ultima_modificacion": "2025-08-01 01:01:25.497320"
  },
  "e374cd8d66f74c5abd0eebbbeae7c0f71105c.jpeg": {
    "app_sintetizada": "E374CD8D66F74C5ABD0EEBBBEAE7C0F71105C.JPEG",
    "cantidad_archivos": 1,
    "archivos_fuente": [
      "Pictures/Fototeca de Fotos.photoslibrary/resources/derivatives/E/E374CD8D-66F7-4C5A-BD0E-EBBBEAE7C0F7_1_105_c.jpeg"
    ],
    "ultima_modificacion": "2025-08-01 01:01:25.497651"
  },
  "e799cae34d1b42b18d23a494019430a41105c.jpeg": {
    "app_sintetizada": "E799CAE34D1B42B18D23A494019430A41105C.JPEG",
    "cantidad_archivos": 1,
    "archivos_fuente": [
      "Pictures/Fototeca de Fotos.photoslibrary/resources/derivatives/E/E799CAE3-4D1B-42B1-8D23-A494019430A4_1_105_c.jpeg"
    ],
    "ultima_modificacion": "2025-08-01 01:01:25.498007"
  },
  "ecf3688bb0b34e2380c6b469e81d852d1105c.jpeg": {
    "app_sintetizada": "ECF3688BB0B34E2380C6B469E81D852D1105C.JPEG",
    "cantidad_archivos": 1,
    "archivos_fuente": [
      "Pictures/Fototeca de Fotos.photoslibrary/resources/derivatives/E/ECF3688B-B0B3-4E23-80C6-B469E81D852D_1_105_c.jpeg"
    ],
    "ultima_modificacion": "2025-08-01 01:01:25.498386"
  },
  "e6fd246bf48e4c45a670e5c525fc9b751105c.jpeg": {
    "app_sintetizada": "E6FD246BF48E4C45A670E5C525FC9B751105C.JPEG",
    "cantidad_archivos": 1,
    "archivos_fuente": [
      "Pictures/Fototeca de Fotos.photoslibrary/resources/derivatives/E/E6FD246B-F48E-4C45-A670-E5C525FC9B75_1_105_c.jpeg"
    ],
    "ultima_modificacion": "2025-08-01 01:01:25.498743"
  },
  "e6297aa53eae46ae8bf4f22a97a028d61105c.jpeg": {
    "app_sintetizada": "E6297AA53EAE46AE8BF4F22A97A028D61105C.JPEG",
    "cantidad_archivos": 1,
    "archivos_fuente": [
      "Pictures/Fototeca de Fotos.photoslibrary/resources/derivatives/E/E6297AA5-3EAE-46AE-8BF4-F22A97A028D6_1_105_c.jpeg"
    ],
    "ultima_modificacion": "2025-08-01 01:01:25.499078"
  },
  "eac115d91ece4a1396a40970341b17c31105c.jpeg": {
    "app_sintetizada": "EAC115D91ECE4A1396A40970341B17C31105C.JPEG",
    "cantidad_archivos": 1,
    "archivos_fuente": [
      "Pictures/Fototeca de Fotos.photoslibrary/resources/derivatives/E/EAC115D9-1ECE-4A13-96A4-0970341B17C3_1_105_c.jpeg"
    ],
    "ultima_modificacion": "2025-08-01 01:01:25.499455"
  },
  "e8c04eb9d2bb4e69998ce1fafebd55ed1105c.jpeg": {
    "app_sintetizada": "E8C04EB9D2BB4E69998CE1FAFEBD55ED1105C.JPEG",
    "cantidad_archivos": 1,
    "archivos_fuente": [
      "Pictures/Fototeca de Fotos.photoslibrary/resources/derivatives/E/E8C04EB9-D2BB-4E69-998C-E1FAFEBD55ED_1_105_c.jpeg"
    ],
    "ultima_modificacion": "2025-08-01 01:01:25.499818"
  },
  "e3fdfecf6244491c85f39a0ef85c7be71105c.jpeg": {
    "app_sintetizada": "E3FDFECF6244491C85F39A0EF85C7BE71105C.JPEG",
    "cantidad_archivos": 1,
    "archivos_fuente": [
      "Pictures/Fototeca de Fotos.photoslibrary/resources/derivatives/E/E3FDFECF-6244-491C-85F3-9A0EF85C7BE7_1_105_c.jpeg"
    ],
    "ultima_modificacion": "2025-08-01 01:01:25.500159"
  },
  "e2b2186bfd0f4fdab9704fae53dfbfcb1105c.jpeg": {
    "app_sintetizada": "E2B2186BFD0F4FDAB9704FAE53DFBFCB1105C.JPEG",
    "cantidad_archivos": 1,
    "archivos_fuente": [
      "Pictures/Fototeca de Fotos.photoslibrary/resources/derivatives/E/E2B2186B-FD0F-4FDA-B970-4FAE53DFBFCB_1_105_c.jpeg"
    ],
    "ultima_modificacion": "2025-08-01 01:01:25.500497"
  },
  "ef45efe36ce04b4c955fed87c586e1ea.thm": {
    "app_sintetizada": "EF45EFE36CE04B4C955FED87C586E1EA.THM",
    "cantidad_archivos": 1,
    "archivos_fuente": [
      "Pictures/Fototeca de Fotos.photoslibrary/resources/derivatives/E/EF45EFE3-6CE0-4B4C-955F-ED87C586E1EA.THM"
    ],
    "ultima_modificacion": "2025-08-01 01:01:25.500838"
  },
  "e857f5b80aca47dd96da1b3d1bca92b51105c.jpeg": {
    "app_sintetizada": "E857F5B80ACA47DD96DA1B3D1BCA92B51105C.JPEG",
    "cantidad_archivos": 1,
    "archivos_fuente": [
      "Pictures/Fototeca de Fotos.photoslibrary/resources/derivatives/E/E857F5B8-0ACA-47DD-96DA-1B3D1BCA92B5_1_105_c.jpeg"
    ],
    "ultima_modificacion": "2025-08-01 01:01:25.501180"
  },
  "e35f87c33904434a983ab9f28632e9551105c.jpeg": {
    "app_sintetizada": "E35F87C33904434A983AB9F28632E9551105C.JPEG",
    "cantidad_archivos": 1,
    "archivos_fuente": [
      "Pictures/Fototeca de Fotos.photoslibrary/resources/derivatives/E/E35F87C3-3904-434A-983A-B9F28632E955_1_105_c.jpeg"
    ],
    "ultima_modificacion": "2025-08-01 01:01:25.501528"
  },
  "e488d4806de04452b5ec6f04c403cbc81105c.jpeg": {
    "app_sintetizada": "E488D4806DE04452B5EC6F04C403CBC81105C.JPEG",
    "cantidad_archivos": 1,
    "archivos_fuente": [
      "Pictures/Fototeca de Fotos.photoslibrary/resources/derivatives/E/E488D480-6DE0-4452-B5EC-6F04C403CBC8_1_105_c.jpeg"
    ],
    "ultima_modificacion": "2025-08-01 01:01:25.501992"
  },
  "ed0eb475e85b436ca8bf1b52fae9df501105c.jpeg": {
    "app_sintetizada": "ED0EB475E85B436CA8BF1B52FAE9DF501105C.JPEG",
    "cantidad_archivos": 1,
    "archivos_fuente": [
      "Pictures/Fototeca de Fotos.photoslibrary/resources/derivatives/E/ED0EB475-E85B-436C-A8BF-1B52FAE9DF50_1_105_c.jpeg"
    ],
    "ultima_modificacion": "2025-08-01 01:01:25.502403"
  },
  "e459c67fd7fc418898f6a9f815e7bfa21105c.jpeg": {
    "app_sintetizada": "E459C67FD7FC418898F6A9F815E7BFA21105C.JPEG",
    "cantidad_archivos": 1,
    "archivos_fuente": [
      "Pictures/Fototeca de Fotos.photoslibrary/resources/derivatives/E/E459C67F-D7FC-4188-98F6-A9F815E7BFA2_1_105_c.jpeg"
    ],
    "ultima_modificacion": "2025-08-01 01:01:25.502783"
  },
  "ecc4e88b50cf46b4a3ca4c667e24dc071105c.jpeg": {
    "app_sintetizada": "ECC4E88B50CF46B4A3CA4C667E24DC071105C.JPEG",
    "cantidad_archivos": 1,
    "archivos_fuente": [
      "Pictures/Fototeca de Fotos.photoslibrary/resources/derivatives/E/ECC4E88B-50CF-46B4-A3CA-4C667E24DC07_1_105_c.jpeg"
    ],
    "ultima_modificacion": "2025-08-01 01:01:25.503178"
  },
  "e1f7d5d6982b4f669c2cbc5041d819cc.thm": {
    "app_sintetizada": "E1F7D5D6982B4F669C2CBC5041D819CC.THM",
    "cantidad_archivos": 1,
    "archivos_fuente": [
      "Pictures/Fototeca de Fotos.photoslibrary/resources/derivatives/E/E1F7D5D6-982B-4F66-9C2C-BC5041D819CC.THM"
    ],
    "ultima_modificacion": "2025-08-01 01:01:25.503571"
  },
  "ee884022b1f546ceb6e46e0887549ba61105c.jpeg": {
    "app_sintetizada": "EE884022B1F546CEB6E46E0887549BA61105C.JPEG",
    "cantidad_archivos": 1,
    "archivos_fuente": [
      "Pictures/Fototeca de Fotos.photoslibrary/resources/derivatives/E/EE884022-B1F5-46CE-B6E4-6E0887549BA6_1_105_c.jpeg"
    ],
    "ultima_modificacion": "2025-08-01 01:01:25.503925"
  },
  "e351177e78a648b3b1632d29273782851105c.jpeg": {
    "app_sintetizada": "E351177E78A648B3B1632D29273782851105C.JPEG",
    "cantidad_archivos": 1,
    "archivos_fuente": [
      "Pictures/Fototeca de Fotos.photoslibrary/resources/derivatives/E/E351177E-78A6-48B3-B163-2D2927378285_1_105_c.jpeg"
    ],
    "ultima_modificacion": "2025-08-01 01:01:25.504261"
  },
  "ea8e857578a84c1c9bb5de107f88e175.thm": {
    "app_sintetizada": "EA8E857578A84C1C9BB5DE107F88E175.THM",
    "cantidad_archivos": 1,
    "archivos_fuente": [
      "Pictures/Fototeca de Fotos.photoslibrary/resources/derivatives/E/EA8E8575-78A8-4C1C-9BB5-DE107F88E175.THM"
    ],
    "ultima_modificacion": "2025-08-01 01:01:25.504616"
  },
  "ead2e140c7344b72b33793c23b56add71105c.jpeg": {
    "app_sintetizada": "EAD2E140C7344B72B33793C23B56ADD71105C.JPEG",
    "cantidad_archivos": 1,
    "archivos_fuente": [
      "Pictures/Fototeca de Fotos.photoslibrary/resources/derivatives/E/EAD2E140-C734-4B72-B337-93C23B56ADD7_1_105_c.jpeg"
    ],
    "ultima_modificacion": "2025-08-01 01:01:25.505037"
  },
  "ebff23772b744988a10b30eaae9acbcf1105c.jpeg": {
    "app_sintetizada": "EBFF23772B744988A10B30EAAE9ACBCF1105C.JPEG",
    "cantidad_archivos": 1,
    "archivos_fuente": [
      "Pictures/Fototeca de Fotos.photoslibrary/resources/derivatives/E/EBFF2377-2B74-4988-A10B-30EAAE9ACBCF_1_105_c.jpeg"
    ],
    "ultima_modificacion": "2025-08-01 01:01:25.505409"
  },
  "e2be421d5b854df59ea6d210b967f9e01105c.jpeg": {
    "app_sintetizada": "E2BE421D5B854DF59EA6D210B967F9E01105C.JPEG",
    "cantidad_archivos": 1,
    "archivos_fuente": [
      "Pictures/Fototeca de Fotos.photoslibrary/resources/derivatives/E/E2BE421D-5B85-4DF5-9EA6-D210B967F9E0_1_105_c.jpeg"
    ],
    "ultima_modificacion": "2025-08-01 01:01:25.505776"
  },
  "ec6faa4328204f7391f5b810cefb687d1105c.jpeg": {
    "app_sintetizada": "EC6FAA4328204F7391F5B810CEFB687D1105C.JPEG",
    "cantidad_archivos": 1,
    "archivos_fuente": [
      "Pictures/Fototeca de Fotos.photoslibrary/resources/derivatives/E/EC6FAA43-2820-4F73-91F5-B810CEFB687D_1_105_c.jpeg"
    ],
    "ultima_modificacion": "2025-08-01 01:01:25.506171"
  },
  "e05a17315a5d4679b91f09c1ec7b83c91105c.jpeg": {
    "app_sintetizada": "E05A17315A5D4679B91F09C1EC7B83C91105C.JPEG",
    "cantidad_archivos": 1,
    "archivos_fuente": [
      "Pictures/Fototeca de Fotos.photoslibrary/resources/derivatives/E/E05A1731-5A5D-4679-B91F-09C1EC7B83C9_1_105_c.jpeg"
    ],
    "ultima_modificacion": "2025-08-01 01:01:25.506560"
  },
  "ee3a175b83cf431aa5848547c77145fd1105c.jpeg": {
    "app_sintetizada": "EE3A175B83CF431AA5848547C77145FD1105C.JPEG",
    "cantidad_archivos": 1,
    "archivos_fuente": [
      "Pictures/Fototeca de Fotos.photoslibrary/resources/derivatives/E/EE3A175B-83CF-431A-A584-8547C77145FD_1_105_c.jpeg"
    ],
    "ultima_modificacion": "2025-08-01 01:01:25.506941"
  },
  "e385387947eb4c2b9111b8813ff34d9a1105c.jpeg": {
    "app_sintetizada": "E385387947EB4C2B9111B8813FF34D9A1105C.JPEG",
    "cantidad_archivos": 1,
    "archivos_fuente": [
      "Pictures/Fototeca de Fotos.photoslibrary/resources/derivatives/E/E3853879-47EB-4C2B-9111-B8813FF34D9A_1_105_c.jpeg"
    ],
    "ultima_modificacion": "2025-08-01 01:01:25.507289"
  },
  "ecdf3f5488b64acca995661295c089011105c.jpeg": {
    "app_sintetizada": "ECDF3F5488B64ACCA995661295C089011105C.JPEG",
    "cantidad_archivos": 1,
    "archivos_fuente": [
      "Pictures/Fototeca de Fotos.photoslibrary/resources/derivatives/E/ECDF3F54-88B6-4ACC-A995-661295C08901_1_105_c.jpeg"
    ],
    "ultima_modificacion": "2025-08-01 01:01:25.507629"
  },
  "e685a56703eb4f68bd9299fd8cbb01111105c.jpeg": {
    "app_sintetizada": "E685A56703EB4F68BD9299FD8CBB01111105C.JPEG",
    "cantidad_archivos": 1,
    "archivos_fuente": [
      "Pictures/Fototeca de Fotos.photoslibrary/resources/derivatives/E/E685A567-03EB-4F68-BD92-99FD8CBB0111_1_105_c.jpeg"
    ],
    "ultima_modificacion": "2025-08-01 01:01:25.507968"
  },
  "e14d175d2973439b86170a8e3fd148e31105c.jpeg": {
    "app_sintetizada": "E14D175D2973439B86170A8E3FD148E31105C.JPEG",
    "cantidad_archivos": 1,
    "archivos_fuente": [
      "Pictures/Fototeca de Fotos.photoslibrary/resources/derivatives/E/E14D175D-2973-439B-8617-0A8E3FD148E3_1_105_c.jpeg"
    ],
    "ultima_modificacion": "2025-08-01 01:01:25.508307"
  },
  "ec822d01681e441a9246ef503db74dbf1105c.jpeg": {
    "app_sintetizada": "EC822D01681E441A9246EF503DB74DBF1105C.JPEG",
    "cantidad_archivos": 1,
    "archivos_fuente": [
      "Pictures/Fototeca de Fotos.photoslibrary/resources/derivatives/E/EC822D01-681E-441A-9246-EF503DB74DBF_1_105_c.jpeg"
    ],
    "ultima_modificacion": "2025-08-01 01:01:25.508654"
  },
  "efe9509cb9b346a2b1d40ebf42dce7cf1105c.jpeg": {
    "app_sintetizada": "EFE9509CB9B346A2B1D40EBF42DCE7CF1105C.JPEG",
    "cantidad_archivos": 1,
    "archivos_fuente": [
      "Pictures/Fototeca de Fotos.photoslibrary/resources/derivatives/E/EFE9509C-B9B3-46A2-B1D4-0EBF42DCE7CF_1_105_c.jpeg"
    ],
    "ultima_modificacion": "2025-08-01 01:01:25.508989"
  },
  "e14df9b6d7804587a27b9537032572081105c.jpeg": {
    "app_sintetizada": "E14DF9B6D7804587A27B9537032572081105C.JPEG",
    "cantidad_archivos": 1,
    "archivos_fuente": [
      "Pictures/Fototeca de Fotos.photoslibrary/resources/derivatives/E/E14DF9B6-D780-4587-A27B-953703257208_1_105_c.jpeg"
    ],
    "ultima_modificacion": "2025-08-01 01:01:25.509332"
  },
  "e5098dc0a481499ea74b4d7f8ec6ce441105c.jpeg": {
    "app_sintetizada": "E5098DC0A481499EA74B4D7F8EC6CE441105C.JPEG",
    "cantidad_archivos": 1,
    "archivos_fuente": [
      "Pictures/Fototeca de Fotos.photoslibrary/resources/derivatives/E/E5098DC0-A481-499E-A74B-4D7F8EC6CE44_1_105_c.jpeg"
    ],
    "ultima_modificacion": "2025-08-01 01:01:25.509658"
  },
  "ee126b565a454cf4bc4870cdec37e03d1105c.jpeg": {
    "app_sintetizada": "EE126B565A454CF4BC4870CDEC37E03D1105C.JPEG",
    "cantidad_archivos": 1,
    "archivos_fuente": [
      "Pictures/Fototeca de Fotos.photoslibrary/resources/derivatives/E/EE126B56-5A45-4CF4-BC48-70CDEC37E03D_1_105_c.jpeg"
    ],
    "ultima_modificacion": "2025-08-01 01:01:25.509998"
  },
  "e366ecba87514d01a89e32ff576e65b01105c.jpeg": {
    "app_sintetizada": "E366ECBA87514D01A89E32FF576E65B01105C.JPEG",
    "cantidad_archivos": 1,
    "archivos_fuente": [
      "Pictures/Fototeca de Fotos.photoslibrary/resources/derivatives/E/E366ECBA-8751-4D01-A89E-32FF576E65B0_1_105_c.jpeg"
    ],
    "ultima_modificacion": "2025-08-01 01:01:25.510369"
  },
  "ef2f52ed69e345349691c3dd9d2252481105c.jpeg": {
    "app_sintetizada": "EF2F52ED69E345349691C3DD9D2252481105C.JPEG",
    "cantidad_archivos": 1,
    "archivos_fuente": [
      "Pictures/Fototeca de Fotos.photoslibrary/resources/derivatives/E/EF2F52ED-69E3-4534-9691-C3DD9D225248_1_105_c.jpeg"
    ],
    "ultima_modificacion": "2025-08-01 01:01:25.510707"
  },
  "eed18565ff374f81890f91abe00c21c21105c.jpeg": {
    "app_sintetizada": "EED18565FF374F81890F91ABE00C21C21105C.JPEG",
    "cantidad_archivos": 1,
    "archivos_fuente": [
      "Pictures/Fototeca de Fotos.photoslibrary/resources/derivatives/E/EED18565-FF37-4F81-890F-91ABE00C21C2_1_105_c.jpeg"
    ],
    "ultima_modificacion": "2025-08-01 01:01:25.511046"
  },
  "eb877501613b45f9b214f8c95d402fc01105c.jpeg": {
    "app_sintetizada": "EB877501613B45F9B214F8C95D402FC01105C.JPEG",
    "cantidad_archivos": 1,
    "archivos_fuente": [
      "Pictures/Fototeca de Fotos.photoslibrary/resources/derivatives/E/EB877501-613B-45F9-B214-F8C95D402FC0_1_105_c.jpeg"
    ],
    "ultima_modificacion": "2025-08-01 01:01:25.511401"
  },
  "e94049a16668424b87d5ecf2828d3e091105c.jpeg": {
    "app_sintetizada": "E94049A16668424B87D5ECF2828D3E091105C.JPEG",
    "cantidad_archivos": 1,
    "archivos_fuente": [
      "Pictures/Fototeca de Fotos.photoslibrary/resources/derivatives/E/E94049A1-6668-424B-87D5-ECF2828D3E09_1_105_c.jpeg"
    ],
    "ultima_modificacion": "2025-08-01 01:01:25.511727"
  },
  "e263cc03116a4de48b907ee83aae8b7c1105c.jpeg": {
    "app_sintetizada": "E263CC03116A4DE48B907EE83AAE8B7C1105C.JPEG",
    "cantidad_archivos": 1,
    "archivos_fuente": [
      "Pictures/Fototeca de Fotos.photoslibrary/resources/derivatives/E/E263CC03-116A-4DE4-8B90-7EE83AAE8B7C_1_105_c.jpeg"
    ],
    "ultima_modificacion": "2025-08-01 01:01:25.512076"
  },
  "ece332de13de4d9e8c6157c4c5392cae1105c.jpeg": {
    "app_sintetizada": "ECE332DE13DE4D9E8C6157C4C5392CAE1105C.JPEG",
    "cantidad_archivos": 1,
    "archivos_fuente": [
      "Pictures/Fototeca de Fotos.photoslibrary/resources/derivatives/E/ECE332DE-13DE-4D9E-8C61-57C4C5392CAE_1_105_c.jpeg"
    ],
    "ultima_modificacion": "2025-08-01 01:01:25.512419"
  },
  "efde982154944d05bb4a8abcbe98bb6b1105c.jpeg": {
    "app_sintetizada": "EFDE982154944D05BB4A8ABCBE98BB6B1105C.JPEG",
    "cantidad_archivos": 1,
    "archivos_fuente": [
      "Pictures/Fototeca de Fotos.photoslibrary/resources/derivatives/E/EFDE9821-5494-4D05-BB4A-8ABCBE98BB6B_1_105_c.jpeg"
    ],
    "ultima_modificacion": "2025-08-01 01:01:25.512835"
  },
  "e25dff98102541cdb41b91383c59ffa31105c.jpeg": {
    "app_sintetizada": "E25DFF98102541CDB41B91383C59FFA31105C.JPEG",
    "cantidad_archivos": 1,
    "archivos_fuente": [
      "Pictures/Fototeca de Fotos.photoslibrary/resources/derivatives/E/E25DFF98-1025-41CD-B41B-91383C59FFA3_1_105_c.jpeg"
    ],
    "ultima_modificacion": "2025-08-01 01:01:25.513241"
  },
  "ee5583fa7fb64ac5985efa67a4b42d1a1105c.jpeg": {
    "app_sintetizada": "EE5583FA7FB64AC5985EFA67A4B42D1A1105C.JPEG",
    "cantidad_archivos": 1,
    "archivos_fuente": [
      "Pictures/Fototeca de Fotos.photoslibrary/resources/derivatives/E/EE5583FA-7FB6-4AC5-985E-FA67A4B42D1A_1_105_c.jpeg"
    ],
    "ultima_modificacion": "2025-08-01 01:01:25.513615"
  },
  "e5ecd39b4d764a58852974169558be1d1105c.jpeg": {
    "app_sintetizada": "E5ECD39B4D764A58852974169558BE1D1105C.JPEG",
    "cantidad_archivos": 1,
    "archivos_fuente": [
      "Pictures/Fototeca de Fotos.photoslibrary/resources/derivatives/E/E5ECD39B-4D76-4A58-8529-74169558BE1D_1_105_c.jpeg"
    ],
    "ultima_modificacion": "2025-08-01 01:01:25.513949"
  },
  "ef29497500ab4864b7b3851429ab5f9c1105c.jpeg": {
    "app_sintetizada": "EF29497500AB4864B7B3851429AB5F9C1105C.JPEG",
    "cantidad_archivos": 1,
    "archivos_fuente": [
      "Pictures/Fototeca de Fotos.photoslibrary/resources/derivatives/E/EF294975-00AB-4864-B7B3-851429AB5F9C_1_105_c.jpeg"
    ],
    "ultima_modificacion": "2025-08-01 01:01:25.514290"
  }
}