{
  "95650549838646eb83e5da62de9f0a5b1105c.jpeg": {
    "app_sintetizada": "95650549838646EB83E5DA62DE9F0A5B1105C.JPEG",
    "cantidad_archivos": 1,
    "archivos_fuente": [
      "Pictures/Fototeca de Fotos.photoslibrary/resources/derivatives/9/95650549-8386-46EB-83E5-DA62DE9F0A5B_1_105_c.jpeg"
    ],
    "ultima_modificacion": "2025-08-01 01:00:59.862216"
  },
  "96dcbe5fa63e440c8ddecda4ab1604441105c.jpeg": {
    "app_sintetizada": "96DCBE5FA63E440C8DDECDA4AB1604441105C.JPEG",
    "cantidad_archivos": 1,
    "archivos_fuente": [
      "Pictures/Fototeca de Fotos.photoslibrary/resources/derivatives/9/96DCBE5F-A63E-440C-8DDE-CDA4AB160444_1_105_c.jpeg"
    ],
    "ultima_modificacion": "2025-08-01 01:00:59.862498"
  },
  "9d01ee8d580249ada3b3f8ca40d749a11105c.jpeg": {
    "app_sintetizada": "9D01EE8D580249ADA3B3F8CA40D749A11105C.JPEG",
    "cantidad_archivos": 1,
    "archivos_fuente": [
      "Pictures/Fototeca de Fotos.photoslibrary/resources/derivatives/9/9D01EE8D-5802-49AD-A3B3-F8CA40D749A1_1_105_c.jpeg"
    ],
    "ultima_modificacion": "2025-08-01 01:00:59.862719"
  },
  "99501bbd460b48c781f1f2c0ccd140931105c.jpeg": {
    "app_sintetizada": "99501BBD460B48C781F1F2C0CCD140931105C.JPEG",
    "cantidad_archivos": 1,
    "archivos_fuente": [
      "Pictures/Fototeca de Fotos.photoslibrary/resources/derivatives/9/99501BBD-460B-48C7-81F1-F2C0CCD14093_1_105_c.jpeg"
    ],
    "ultima_modificacion": "2025-08-01 01:00:59.862946"
  },
  "92d7d25c7689474ba122f72df50c02181105c.jpeg": {
    "app_sintetizada": "92D7D25C7689474BA122F72DF50C02181105C.JPEG",
    "cantidad_archivos": 1,
    "archivos_fuente": [
      "Pictures/Fototeca de Fotos.photoslibrary/resources/derivatives/9/92D7D25C-7689-474B-A122-F72DF50C0218_1_105_c.jpeg"
    ],
    "ultima_modificacion": "2025-08-01 01:00:59.863148"
  },
  "978d02efdc164dd0b76519f0aa296d141105c.jpeg": {
    "app_sintetizada": "978D02EFDC164DD0B76519F0AA296D141105C.JPEG",
    "cantidad_archivos": 1,
    "archivos_fuente": [
      "Pictures/Fototeca de Fotos.photoslibrary/resources/derivatives/9/978D02EF-DC16-4DD0-B765-19F0AA296D14_1_105_c.jpeg"
    ],
    "ultima_modificacion": "2025-08-01 01:00:59.863344"
  },
  "92dfeeb4c4ea480494ea48b53e4ae2741105c.jpeg": {
    "app_sintetizada": "92DFEEB4C4EA480494EA48B53E4AE2741105C.JPEG",
    "cantidad_archivos": 1,
    "archivos_fuente": [
      "Pictures/Fototeca de Fotos.photoslibrary/resources/derivatives/9/92DFEEB4-C4EA-4804-94EA-48B53E4AE274_1_105_c.jpeg"
    ],
    "ultima_modificacion": "2025-08-01 01:00:59.863540"
  },
  "92f6d7682cc24ecda5f1c1e5c75db7ed1105c.jpeg": {
    "app_sintetizada": "92F6D7682CC24ECDA5F1C1E5C75DB7ED1105C.JPEG",
    "cantidad_archivos": 1,
    "archivos_fuente": [
      "Pictures/Fototeca de Fotos.photoslibrary/resources/derivatives/9/92F6D768-2CC2-4ECD-A5F1-C1E5C75DB7ED_1_105_c.jpeg"
    ],
    "ultima_modificacion": "2025-08-01 01:00:59.863749"
  },
  "994fbd79ddf741ea966769ff0ff92e591105c.jpeg": {
    "app_sintetizada": "994FBD79DDF741EA966769FF0FF92E591105C.JPEG",
    "cantidad_archivos": 1,
    "archivos_fuente": [
      "Pictures/Fototeca de Fotos.photoslibrary/resources/derivatives/9/994FBD79-DDF7-41EA-9667-69FF0FF92E59_1_105_c.jpeg"
    ],
    "ultima_modificacion": "2025-08-01 01:00:59.863936"
  },
  "9801b5c48a4b466eba6facba6d18e0e01105c.jpeg": {
    "app_sintetizada": "9801B5C48A4B466EBA6FACBA6D18E0E01105C.JPEG",
    "cantidad_archivos": 1,
    "archivos_fuente": [
      "Pictures/Fototeca de Fotos.photoslibrary/resources/derivatives/9/9801B5C4-8A4B-466E-BA6F-ACBA6D18E0E0_1_105_c.jpeg"
    ],
    "ultima_modificacion": "2025-08-01 01:00:59.864131"
  },
  "90644ddfd92746f4abd613d2e7c145ee.thm": {
    "app_sintetizada": "90644DDFD92746F4ABD613D2E7C145EE.THM",
    "cantidad_archivos": 1,
    "archivos_fuente": [
      "Pictures/Fototeca de Fotos.photoslibrary/resources/derivatives/9/90644DDF-D927-46F4-ABD6-13D2E7C145EE.THM"
    ],
    "ultima_modificacion": "2025-08-01 01:00:59.864328"
  },
  "9fede83c67aa4258b2be5fa766947c621105c.jpeg": {
    "app_sintetizada": "9FEDE83C67AA4258B2BE5FA766947C621105C.JPEG",
    "cantidad_archivos": 1,
    "archivos_fuente": [
      "Pictures/Fototeca de Fotos.photoslibrary/resources/derivatives/9/9FEDE83C-67AA-4258-B2BE-5FA766947C62_1_105_c.jpeg"
    ],
    "ultima_modificacion": "2025-08-01 01:00:59.864520"
  },
  "9d4f49293f9a4ed39737b9627a6ab3111105c.jpeg": {
    "app_sintetizada": "9D4F49293F9A4ED39737B9627A6AB3111105C.JPEG",
    "cantidad_archivos": 1,
    "archivos_fuente": [
      "Pictures/Fototeca de Fotos.photoslibrary/resources/derivatives/9/9D4F4929-3F9A-4ED3-9737-B9627A6AB311_1_105_c.jpeg"
    ],
    "ultima_modificacion": "2025-08-01 01:00:59.864802"
  },
  "90a8d638c0164986be0bbd079b594b3c1105c.jpeg": {
    "app_sintetizada": "90A8D638C0164986BE0BBD079B594B3C1105C.JPEG",
    "cantidad_archivos": 1,
    "archivos_fuente": [
      "Pictures/Fototeca de Fotos.photoslibrary/resources/derivatives/9/90A8D638-C016-4986-BE0B-BD079B594B3C_1_105_c.jpeg"
    ],
    "ultima_modificacion": "2025-08-01 01:00:59.865125"
  },
  "9e884c9d7ac443a681b01f55b352f78e1105c.jpeg": {
    "app_sintetizada": "9E884C9D7AC443A681B01F55B352F78E1105C.JPEG",
    "cantidad_archivos": 1,
    "archivos_fuente": [
      "Pictures/Fototeca de Fotos.photoslibrary/resources/derivatives/9/9E884C9D-7AC4-43A6-81B0-1F55B352F78E_1_105_c.jpeg"
    ],
    "ultima_modificacion": "2025-08-01 01:00:59.865380"
  },
  "93d9be1b5bf44a25a02530e1e23d8add1105c.jpeg": {
    "app_sintetizada": "93D9BE1B5BF44A25A02530E1E23D8ADD1105C.JPEG",
    "cantidad_archivos": 1,
    "archivos_fuente": [
      "Pictures/Fototeca de Fotos.photoslibrary/resources/derivatives/9/93D9BE1B-5BF4-4A25-A025-30E1E23D8ADD_1_105_c.jpeg"
    ],
    "ultima_modificacion": "2025-08-01 01:00:59.865636"
  },
  "95515c6a4003414e8c948a4f94d8117d1105c.jpeg": {
    "app_sintetizada": "95515C6A4003414E8C948A4F94D8117D1105C.JPEG",
    "cantidad_archivos": 1,
    "archivos_fuente": [
      "Pictures/Fototeca de Fotos.photoslibrary/resources/derivatives/9/95515C6A-4003-414E-8C94-8A4F94D8117D_1_105_c.jpeg"
    ],
    "ultima_modificacion": "2025-08-01 01:00:59.866075"
  },
  "991c434a23dc45bf97c127694b1cf3f41105c.jpeg": {
    "app_sintetizada": "991C434A23DC45BF97C127694B1CF3F41105C.JPEG",
    "cantidad_archivos": 1,
    "archivos_fuente": [
      "Pictures/Fototeca de Fotos.photoslibrary/resources/derivatives/9/991C434A-23DC-45BF-97C1-27694B1CF3F4_1_105_c.jpeg"
    ],
    "ultima_modificacion": "2025-08-01 01:00:59.866340"
  },
  "9a73254117454b0ab01e355d33de31db1105c.jpeg": {
    "app_sintetizada": "9A73254117454B0AB01E355D33DE31DB1105C.JPEG",
    "cantidad_archivos": 1,
    "archivos_fuente": [
      "Pictures/Fototeca de Fotos.photoslibrary/resources/derivatives/9/9A732541-1745-4B0A-B01E-355D33DE31DB_1_105_c.jpeg"
    ],
    "ultima_modificacion": "2025-08-01 01:00:59.866626"
  },
  "9f8100b97f85437dbeb1a7e0d79f15171105c.jpeg": {
    "app_sintetizada": "9F8100B97F85437DBEB1A7E0D79F15171105C.JPEG",
    "cantidad_archivos": 1,
    "archivos_fuente": [
      "Pictures/Fototeca de Fotos.photoslibrary/resources/derivatives/9/9F8100B9-7F85-437D-BEB1-A7E0D79F1517_1_105_c.jpeg"
    ],
    "ultima_modificacion": "2025-08-01 01:00:59.866860"
  },
  "937a7a613689499e83fdee3bd4e9771f1105c.jpeg": {
    "app_sintetizada": "937A7A613689499E83FDEE3BD4E9771F1105C.JPEG",
    "cantidad_archivos": 1,
    "archivos_fuente": [
      "Pictures/Fototeca de Fotos.photoslibrary/resources/derivatives/9/937A7A61-3689-499E-83FD-EE3BD4E9771F_1_105_c.jpeg"
    ],
    "ultima_modificacion": "2025-08-01 01:00:59.867094"
  },
  "9eb02ca548b3490e89e5ffdb1e79cb5b1105c.jpeg": {
    "app_sintetizada": "9EB02CA548B3490E89E5FFDB1E79CB5B1105C.JPEG",
    "cantidad_archivos": 1,
    "archivos_fuente": [
      "Pictures/Fototeca de Fotos.photoslibrary/resources/derivatives/9/9EB02CA5-48B3-490E-89E5-FFDB1E79CB5B_1_105_c.jpeg"
    ],
    "ultima_modificacion": "2025-08-01 01:00:59.867372"
  },
  "9d0f26e21c794aa2831f988a0d0e0f671105c.jpeg": {
    "app_sintetizada": "9D0F26E21C794AA2831F988A0D0E0F671105C.JPEG",
    "cantidad_archivos": 1,
    "archivos_fuente": [
      "Pictures/Fototeca de Fotos.photoslibrary/resources/derivatives/9/9D0F26E2-1C79-4AA2-831F-988A0D0E0F67_1_105_c.jpeg"
    ],
    "ultima_modificacion": "2025-08-01 01:00:59.867600"
  },
  "91645029067b4ac0be598ae6a29160601105c.jpeg": {
    "app_sintetizada": "91645029067B4AC0BE598AE6A29160601105C.JPEG",
    "cantidad_archivos": 1,
    "archivos_fuente": [
      "Pictures/Fototeca de Fotos.photoslibrary/resources/derivatives/9/91645029-067B-4AC0-BE59-8AE6A2916060_1_105_c.jpeg"
    ],
    "ultima_modificacion": "2025-08-01 01:00:59.867827"
  },
  "9a0db58b53314589b5d4ed6e7b81fd781105c.jpeg": {
    "app_sintetizada": "9A0DB58B53314589B5D4ED6E7B81FD781105C.JPEG",
    "cantidad_archivos": 1,
    "archivos_fuente": [
      "Pictures/Fototeca de Fotos.photoslibrary/resources/derivatives/9/9A0DB58B-5331-4589-B5D4-ED6E7B81FD78_1_105_c.jpeg"
    ],
    "ultima_modificacion": "2025-08-01 01:00:59.868062"
  },
  "9ef619405ab0494c921f49789e6610af1105c.jpeg": {
    "app_sintetizada": "9EF619405AB0494C921F49789E6610AF1105C.JPEG",
    "cantidad_archivos": 1,
    "archivos_fuente": [
      "Pictures/Fototeca de Fotos.photoslibrary/resources/derivatives/9/9EF61940-5AB0-494C-921F-49789E6610AF_1_105_c.jpeg"
    ],
    "ultima_modificacion": "2025-08-01 01:00:59.868337"
  },
  "94b751a14540425188a092debd0945821105c.jpeg": {
    "app_sintetizada": "94B751A14540425188A092DEBD0945821105C.JPEG",
    "cantidad_archivos": 1,
    "archivos_fuente": [
      "Pictures/Fototeca de Fotos.photoslibrary/resources/derivatives/9/94B751A1-4540-4251-88A0-92DEBD094582_1_105_c.jpeg"
    ],
    "ultima_modificacion": "2025-08-01 01:00:59.868565"
  },
  "930d97c719744f96bd6d78122cccc51f.thm": {
    "app_sintetizada": "930D97C719744F96BD6D78122CCCC51F.THM",
    "cantidad_archivos": 1,
    "archivos_fuente": [
      "Pictures/Fototeca de Fotos.photoslibrary/resources/derivatives/9/930D97C7-1974-4F96-BD6D-78122CCCC51F.THM"
    ],
    "ultima_modificacion": "2025-08-01 01:00:59.868771"
  },
  "9e67e92e48de497483d8e82e0757566a1105c.jpeg": {
    "app_sintetizada": "9E67E92E48DE497483D8E82E0757566A1105C.JPEG",
    "cantidad_archivos": 1,
    "archivos_fuente": [
      "Pictures/Fototeca de Fotos.photoslibrary/resources/derivatives/9/9E67E92E-48DE-4974-83D8-E82E0757566A_1_105_c.jpeg"
    ],
    "ultima_modificacion": "2025-08-01 01:00:59.868995"
  },
  "92b7b7d602904cf3a234aca7c359edd01105c.jpeg": {
    "app_sintetizada": "92B7B7D602904CF3A234ACA7C359EDD01105C.JPEG",
    "cantidad_archivos": 1,
    "archivos_fuente": [
      "Pictures/Fototeca de Fotos.photoslibrary/resources/derivatives/9/92B7B7D6-0290-4CF3-A234-ACA7C359EDD0_1_105_c.jpeg"
    ],
    "ultima_modificacion": "2025-08-01 01:00:59.869273"
  },
  "9887bbdecee24677bdec922d36b93730.thm": {
    "app_sintetizada": "9887BBDECEE24677BDEC922D36B93730.THM",
    "cantidad_archivos": 1,
    "archivos_fuente": [
      "Pictures/Fototeca de Fotos.photoslibrary/resources/derivatives/9/9887BBDE-CEE2-4677-BDEC-922D36B93730.THM"
    ],
    "ultima_modificacion": "2025-08-01 01:00:59.869472"
  },
  "97900fa9807347eb9a21972ec34daa831105c.jpeg": {
    "app_sintetizada": "97900FA9807347EB9A21972EC34DAA831105C.JPEG",
    "cantidad_archivos": 1,
    "archivos_fuente": [
      "Pictures/Fototeca de Fotos.photoslibrary/resources/derivatives/9/97900FA9-8073-47EB-9A21-972EC34DAA83_1_105_c.jpeg"
    ],
    "ultima_modificacion": "2025-08-01 01:00:59.869730"
  },
  "9bcfdfd17da84c42a2ce98c5803e0e121105c.jpeg": {
    "app_sintetizada": "9BCFDFD17DA84C42A2CE98C5803E0E121105C.JPEG",
    "cantidad_archivos": 1,
    "archivos_fuente": [
      "Pictures/Fototeca de Fotos.photoslibrary/resources/derivatives/9/9BCFDFD1-7DA8-4C42-A2CE-98C5803E0E12_1_105_c.jpeg"
    ],
    "ultima_modificacion": "2025-08-01 01:00:59.870030"
  },
  "955b20e138ad499a89d6dbdc5f04b6f21105c.jpeg": {
    "app_sintetizada": "955B20E138AD499A89D6DBDC5F04B6F21105C.JPEG",
    "cantidad_archivos": 1,
    "archivos_fuente": [
      "Pictures/Fototeca de Fotos.photoslibrary/resources/derivatives/9/955B20E1-38AD-499A-89D6-DBDC5F04B6F2_1_105_c.jpeg"
    ],
    "ultima_modificacion": "2025-08-01 01:00:59.870365"
  },
  "99b33d99e75b461d8d3ad9a3a680bbbc1105c.jpeg": {
    "app_sintetizada": "99B33D99E75B461D8D3AD9A3A680BBBC1105C.JPEG",
    "cantidad_archivos": 1,
    "archivos_fuente": [
      "Pictures/Fototeca de Fotos.photoslibrary/resources/derivatives/9/99B33D99-E75B-461D-8D3A-D9A3A680BBBC_1_105_c.jpeg"
    ],
    "ultima_modificacion": "2025-08-01 01:00:59.870613"
  },
  "990e69bbafdb41cab97510f55741127d1105c.jpeg": {
    "app_sintetizada": "990E69BBAFDB41CAB97510F55741127D1105C.JPEG",
    "cantidad_archivos": 1,
    "archivos_fuente": [
      "Pictures/Fototeca de Fotos.photoslibrary/resources/derivatives/9/990E69BB-AFDB-41CA-B975-10F55741127D_1_105_c.jpeg"
    ],
    "ultima_modificacion": "2025-08-01 01:00:59.870825"
  },
  "9fec1be2f2bb442697dfdd994581200b1105c.jpeg": {
    "app_sintetizada": "9FEC1BE2F2BB442697DFDD994581200B1105C.JPEG",
    "cantidad_archivos": 1,
    "archivos_fuente": [
      "Pictures/Fototeca de Fotos.photoslibrary/resources/derivatives/9/9FEC1BE2-F2BB-4426-97DF-DD994581200B_1_105_c.jpeg"
    ],
    "ultima_modificacion": "2025-08-01 01:00:59.871021"
  },
  "9fd745f997694db0b7225eb95101b5951105c.jpeg": {
    "app_sintetizada": "9FD745F997694DB0B7225EB95101B5951105C.JPEG",
    "cantidad_archivos": 1,
    "archivos_fuente": [
      "Pictures/Fototeca de Fotos.photoslibrary/resources/derivatives/9/9FD745F9-9769-4DB0-B722-5EB95101B595_1_105_c.jpeg"
    ],
    "ultima_modificacion": "2025-08-01 01:00:59.871217"
  },
  "95be097e07734fea9a79de8d61999c071105c.jpeg": {
    "app_sintetizada": "95BE097E07734FEA9A79DE8D61999C071105C.JPEG",
    "cantidad_archivos": 1,
    "archivos_fuente": [
      "Pictures/Fototeca de Fotos.photoslibrary/resources/derivatives/9/95BE097E-0773-4FEA-9A79-DE8D61999C07_1_105_c.jpeg"
    ],
    "ultima_modificacion": "2025-08-01 01:00:59.871409"
  },
  "9e9d5dfdfe164ed3ab29c6f47cbac571.thm": {
    "app_sintetizada": "9E9D5DFDFE164ED3AB29C6F47CBAC571.THM",
    "cantidad_archivos": 1,
    "archivos_fuente": [
      "Pictures/Fototeca de Fotos.photoslibrary/resources/derivatives/9/9E9D5DFD-FE16-4ED3-AB29-C6F47CBAC571.THM"
    ],
    "ultima_modificacion": "2025-08-01 01:00:59.871604"
  },
  "97d52c031e224d5aa41f54582bdeeb951105c.jpeg": {
    "app_sintetizada": "97D52C031E224D5AA41F54582BDEEB951105C.JPEG",
    "cantidad_archivos": 1,
    "archivos_fuente": [
      "Pictures/Fototeca de Fotos.photoslibrary/resources/derivatives/9/97D52C03-1E22-4D5A-A41F-54582BDEEB95_1_105_c.jpeg"
    ],
    "ultima_modificacion": "2025-08-01 01:00:59.871896"
  },
  "972499b4f0964a4ca2d21103569624761105c.jpeg": {
    "app_sintetizada": "972499B4F0964A4CA2D21103569624761105C.JPEG",
    "cantidad_archivos": 1,
    "archivos_fuente": [
      "Pictures/Fototeca de Fotos.photoslibrary/resources/derivatives/9/972499B4-F096-4A4C-A2D2-110356962476_1_105_c.jpeg"
    ],
    "ultima_modificacion": "2025-08-01 01:00:59.872233"
  },
  "9a2c0c18f64d494f8f82ae54909eabfa1105c.jpeg": {
    "app_sintetizada": "9A2C0C18F64D494F8F82AE54909EABFA1105C.JPEG",
    "cantidad_archivos": 1,
    "archivos_fuente": [
      "Pictures/Fototeca de Fotos.photoslibrary/resources/derivatives/9/9A2C0C18-F64D-494F-8F82-AE54909EABFA_1_105_c.jpeg"
    ],
    "ultima_modificacion": "2025-08-01 01:00:59.872457"
  },
  "9455f22fd2364501a9841c59cdce9e84.thm": {
    "app_sintetizada": "9455F22FD2364501A9841C59CDCE9E84.THM",
    "cantidad_archivos": 1,
    "archivos_fuente": [
      "Pictures/Fototeca de Fotos.photoslibrary/resources/derivatives/9/9455F22F-D236-4501-A984-1C59CDCE9E84.THM"
    ],
    "ultima_modificacion": "2025-08-01 01:00:59.872759"
  },
  "9e4f8a1a90264704b83ee18a8ec18a5d1105c.jpeg": {
    "app_sintetizada": "9E4F8A1A90264704B83EE18A8EC18A5D1105C.JPEG",
    "cantidad_archivos": 1,
    "archivos_fuente": [
      "Pictures/Fototeca de Fotos.photoslibrary/resources/derivatives/9/9E4F8A1A-9026-4704-B83E-E18A8EC18A5D_1_105_c.jpeg"
    ],
    "ultima_modificacion": "2025-08-01 01:00:59.872978"
  },
  "97090b8cd050441fa1f0c3f599521a931105c.jpeg": {
    "app_sintetizada": "97090B8CD050441FA1F0C3F599521A931105C.JPEG",
    "cantidad_archivos": 1,
    "archivos_fuente": [
      "Pictures/Fototeca de Fotos.photoslibrary/resources/derivatives/9/97090B8C-D050-441F-A1F0-C3F599521A93_1_105_c.jpeg"
    ],
    "ultima_modificacion": "2025-08-01 01:00:59.873176"
  },
  "91b1b4fefab6468bb52bd44b1a526a581105c.jpeg": {
    "app_sintetizada": "91B1B4FEFAB6468BB52BD44B1A526A581105C.JPEG",
    "cantidad_archivos": 1,
    "archivos_fuente": [
      "Pictures/Fototeca de Fotos.photoslibrary/resources/derivatives/9/91B1B4FE-FAB6-468B-B52B-D44B1A526A58_1_105_c.jpeg"
    ],
    "ultima_modificacion": "2025-08-01 01:00:59.873376"
  },
  "946dc8dbcf2d46c28a84edae8c46802b1105c.jpeg": {
    "app_sintetizada": "946DC8DBCF2D46C28A84EDAE8C46802B1105C.JPEG",
    "cantidad_archivos": 1,
    "archivos_fuente": [
      "Pictures/Fototeca de Fotos.photoslibrary/resources/derivatives/9/946DC8DB-CF2D-46C2-8A84-EDAE8C46802B_1_105_c.jpeg"
    ],
    "ultima_modificacion": "2025-08-01 01:00:59.873572"
  },
  "9901698db96841058f3e41c56a2dddf71105c.jpeg": {
    "app_sintetizada": "9901698DB96841058F3E41C56A2DDDF71105C.JPEG",
    "cantidad_archivos": 1,
    "archivos_fuente": [
      "Pictures/Fototeca de Fotos.photoslibrary/resources/derivatives/9/9901698D-B968-4105-8F3E-41C56A2DDDF7_1_105_c.jpeg"
    ],
    "ultima_modificacion": "2025-08-01 01:00:59.873754"
  },
  "956dba1cccb044cc83312785182dd92d1105c.jpeg": {
    "app_sintetizada": "956DBA1CCCB044CC83312785182DD92D1105C.JPEG",
    "cantidad_archivos": 1,
    "archivos_fuente": [
      "Pictures/Fototeca de Fotos.photoslibrary/resources/derivatives/9/956DBA1C-CCB0-44CC-8331-2785182DD92D_1_105_c.jpeg"
    ],
    "ultima_modificacion": "2025-08-01 01:00:59.873998"
  },
  "9fd6bbda54424af18848505550f770cb1105c.jpeg": {
    "app_sintetizada": "9FD6BBDA54424AF18848505550F770CB1105C.JPEG",
    "cantidad_archivos": 1,
    "archivos_fuente": [
      "Pictures/Fototeca de Fotos.photoslibrary/resources/derivatives/9/9FD6BBDA-5442-4AF1-8848-505550F770CB_1_105_c.jpeg"
    ],
    "ultima_modificacion": "2025-08-01 01:00:59.874304"
  },
  "999b98dad2e64f56b3d176f134e2aab11105c.jpeg": {
    "app_sintetizada": "999B98DAD2E64F56B3D176F134E2AAB11105C.JPEG",
    "cantidad_archivos": 1,
    "archivos_fuente": [
      "Pictures/Fototeca de Fotos.photoslibrary/resources/derivatives/9/999B98DA-D2E6-4F56-B3D1-76F134E2AAB1_1_105_c.jpeg"
    ],
    "ultima_modificacion": "2025-08-01 01:00:59.874540"
  },
  "92e38c8e0a5648c3ab54c99957374c3d1105c.jpeg": {
    "app_sintetizada": "92E38C8E0A5648C3AB54C99957374C3D1105C.JPEG",
    "cantidad_archivos": 1,
    "archivos_fuente": [
      "Pictures/Fototeca de Fotos.photoslibrary/resources/derivatives/9/92E38C8E-0A56-48C3-AB54-C99957374C3D_1_105_c.jpeg"
    ],
    "ultima_modificacion": "2025-08-01 01:00:59.874783"
  },
  "99e261a1a0034dffba8c41d6424735161105c.jpeg": {
    "app_sintetizada": "99E261A1A0034DFFBA8C41D6424735161105C.JPEG",
    "cantidad_archivos": 1,
    "archivos_fuente": [
      "Pictures/Fototeca de Fotos.photoslibrary/resources/derivatives/9/99E261A1-A003-4DFF-BA8C-41D642473516_1_105_c.jpeg"
    ],
    "ultima_modificacion": "2025-08-01 01:00:59.875023"
  },
  "90e2b85c79914ea5a80d06c19556fc8e1105c.jpeg": {
    "app_sintetizada": "90E2B85C79914EA5A80D06C19556FC8E1105C.JPEG",
    "cantidad_archivos": 1,
    "archivos_fuente": [
      "Pictures/Fototeca de Fotos.photoslibrary/resources/derivatives/9/90E2B85C-7991-4EA5-A80D-06C19556FC8E_1_105_c.jpeg"
    ],
    "ultima_modificacion": "2025-08-01 01:00:59.875248"
  },
  "98da0f8ee0564d11bee883ce18e90d221105c.jpeg": {
    "app_sintetizada": "98DA0F8EE0564D11BEE883CE18E90D221105C.JPEG",
    "cantidad_archivos": 1,
    "archivos_fuente": [
      "Pictures/Fototeca de Fotos.photoslibrary/resources/derivatives/9/98DA0F8E-E056-4D11-BEE8-83CE18E90D22_1_105_c.jpeg"
    ],
    "ultima_modificacion": "2025-08-01 01:00:59.875487"
  },
  "9013225d99844a9786e88f5765dc83211105c.jpeg": {
    "app_sintetizada": "9013225D99844A9786E88F5765DC83211105C.JPEG",
    "cantidad_archivos": 1,
    "archivos_fuente": [
      "Pictures/Fototeca de Fotos.photoslibrary/resources/derivatives/9/9013225D-9984-4A97-86E8-8F5765DC8321_1_105_c.jpeg"
    ],
    "ultima_modificacion": "2025-08-01 01:00:59.875726"
  },
  "919945e0b09c4895ba225165aecae50f1102o.jpeg": {
    "app_sintetizada": "919945E0B09C4895BA225165AECAE50F1102O.JPEG",
    "cantidad_archivos": 1,
    "archivos_fuente": [
      "Pictures/Fototeca de Fotos.photoslibrary/resources/derivatives/9/919945E0-B09C-4895-BA22-5165AECAE50F_1_102_o.jpeg"
    ],
    "ultima_modificacion": "2025-08-01 01:00:59.875971"
  },
  "90b096e03d7d4be19b94e1c133a4b3c31105c.jpeg": {
    "app_sintetizada": "90B096E03D7D4BE19B94E1C133A4B3C31105C.JPEG",
    "cantidad_archivos": 1,
    "archivos_fuente": [
      "Pictures/Fototeca de Fotos.photoslibrary/resources/derivatives/9/90B096E0-3D7D-4BE1-9B94-E1C133A4B3C3_1_105_c.jpeg"
    ],
    "ultima_modificacion": "2025-08-01 01:00:59.876276"
  },
  "9eb78c18338142f2856f9a8edfab038b1105c.jpeg": {
    "app_sintetizada": "9EB78C18338142F2856F9A8EDFAB038B1105C.JPEG",
    "cantidad_archivos": 1,
    "archivos_fuente": [
      "Pictures/Fototeca de Fotos.photoslibrary/resources/derivatives/9/9EB78C18-3381-42F2-856F-9A8EDFAB038B_1_105_c.jpeg"
    ],
    "ultima_modificacion": "2025-08-01 01:00:59.876484"
  },
  "9031258d1b5c49e9a54185389707b5961105c.jpeg": {
    "app_sintetizada": "9031258D1B5C49E9A54185389707B5961105C.JPEG",
    "cantidad_archivos": 1,
    "archivos_fuente": [
      "Pictures/Fototeca de Fotos.photoslibrary/resources/derivatives/9/9031258D-1B5C-49E9-A541-85389707B596_1_105_c.jpeg"
    ],
    "ultima_modificacion": "2025-08-01 01:00:59.876664"
  },
  "91846a05380f43cf874ccdc94a0103671105c.jpeg": {
    "app_sintetizada": "91846A05380F43CF874CCDC94A0103671105C.JPEG",
    "cantidad_archivos": 1,
    "archivos_fuente": [
      "Pictures/Fototeca de Fotos.photoslibrary/resources/derivatives/9/91846A05-380F-43CF-874C-CDC94A010367_1_105_c.jpeg"
    ],
    "ultima_modificacion": "2025-08-01 01:00:59.876849"
  },
  "96df436f10714516b79223ebe562ebc61102o.jpeg": {
    "app_sintetizada": "96DF436F10714516B79223EBE562EBC61102O.JPEG",
    "cantidad_archivos": 1,
    "archivos_fuente": [
      "Pictures/Fototeca de Fotos.photoslibrary/resources/derivatives/9/96DF436F-1071-4516-B792-23EBE562EBC6_1_102_o.jpeg"
    ],
    "ultima_modificacion": "2025-08-01 01:00:59.877269"
  },
  "9bb3719fcab84d4da703d898941649411105c.jpeg": {
    "app_sintetizada": "9BB3719FCAB84D4DA703D898941649411105C.JPEG",
    "cantidad_archivos": 1,
    "archivos_fuente": [
      "Pictures/Fototeca de Fotos.photoslibrary/resources/derivatives/9/9BB3719F-CAB8-4D4D-A703-D89894164941_1_105_c.jpeg"
    ],
    "ultima_modificacion": "2025-08-01 01:00:59.877521"
  },
  "9fb25bf980c34844a16de7c8deae2d081105c.jpeg": {
    "app_sintetizada": "9FB25BF980C34844A16DE7C8DEAE2D081105C.JPEG",
    "cantidad_archivos": 1,
    "archivos_fuente": [
      "Pictures/Fototeca de Fotos.photoslibrary/resources/derivatives/9/9FB25BF9-80C3-4844-A16D-E7C8DEAE2D08_1_105_c.jpeg"
    ],
    "ultima_modificacion": "2025-08-01 01:00:59.877723"
  },
  "9ec2b9fa01e4406593c80841f3c348981100o.jpeg": {
    "app_sintetizada": "9EC2B9FA01E4406593C80841F3C348981100O.JPEG",
    "cantidad_archivos": 1,
    "archivos_fuente": [
      "Pictures/Fototeca de Fotos.photoslibrary/resources/derivatives/9/9EC2B9FA-01E4-4065-93C8-0841F3C34898_1_100_o.jpeg"
    ],
    "ultima_modificacion": "2025-08-01 01:00:59.877896"
  },
  "93110afe04a34c6fb2f7f29321cc936e1105c.jpeg": {
    "app_sintetizada": "93110AFE04A34C6FB2F7F29321CC936E1105C.JPEG",
    "cantidad_archivos": 1,
    "archivos_fuente": [
      "Pictures/Fototeca de Fotos.photoslibrary/resources/derivatives/9/93110AFE-04A3-4C6F-B2F7-F29321CC936E_1_105_c.jpeg"
    ],
    "ultima_modificacion": "2025-08-01 01:00:59.878085"
  },
  "9947c21ff9984fa0bc5c160b6083ef961105c.jpeg": {
    "app_sintetizada": "9947C21FF9984FA0BC5C160B6083EF961105C.JPEG",
    "cantidad_archivos": 1,
    "archivos_fuente": [
      "Pictures/Fototeca de Fotos.photoslibrary/resources/derivatives/9/9947C21F-F998-4FA0-BC5C-160B6083EF96_1_105_c.jpeg"
    ],
    "ultima_modificacion": "2025-08-01 01:00:59.878259"
  },
  "94f849d44eb64f98882cecff124a150b.thm": {
    "app_sintetizada": "94F849D44EB64F98882CECFF124A150B.THM",
    "cantidad_archivos": 1,
    "archivos_fuente": [
      "Pictures/Fototeca de Fotos.photoslibrary/resources/derivatives/9/94F849D4-4EB6-4F98-882C-ECFF124A150B.THM"
    ],
    "ultima_modificacion": "2025-08-01 01:00:59.878436"
  },
  "91c2e08b414d48b98796f7bbd74c12961105c.jpeg": {
    "app_sintetizada": "91C2E08B414D48B98796F7BBD74C12961105C.JPEG",
    "cantidad_archivos": 1,
    "archivos_fuente": [
      "Pictures/Fototeca de Fotos.photoslibrary/resources/derivatives/9/91C2E08B-414D-48B9-8796-F7BBD74C1296_1_105_c.jpeg"
    ],
    "ultima_modificacion": "2025-08-01 01:00:59.878603"
  },
  "95cf9f18ccf24cb3abf6b35ee4c8417a1105c.jpeg": {
    "app_sintetizada": "95CF9F18CCF24CB3ABF6B35EE4C8417A1105C.JPEG",
    "cantidad_archivos": 1,
    "archivos_fuente": [
      "Pictures/Fototeca de Fotos.photoslibrary/resources/derivatives/9/95CF9F18-CCF2-4CB3-ABF6-B35EE4C8417A_1_105_c.jpeg"
    ],
    "ultima_modificacion": "2025-08-01 01:00:59.878783"
  },
  "99705128c1704ed68ef1123e174edc5e1100o.jpeg": {
    "app_sintetizada": "99705128C1704ED68EF1123E174EDC5E1100O.JPEG",
    "cantidad_archivos": 1,
    "archivos_fuente": [
      "Pictures/Fototeca de Fotos.photoslibrary/resources/derivatives/9/99705128-C170-4ED6-8EF1-123E174EDC5E_1_100_o.jpeg"
    ],
    "ultima_modificacion": "2025-08-01 01:00:59.879016"
  },
  "9df7eebc77f5437d95c932a24884b527.thm": {
    "app_sintetizada": "9DF7EEBC77F5437D95C932A24884B527.THM",
    "cantidad_archivos": 1,
    "archivos_fuente": [
      "Pictures/Fototeca de Fotos.photoslibrary/resources/derivatives/9/9DF7EEBC-77F5-437D-95C9-32A24884B527.THM"
    ],
    "ultima_modificacion": "2025-08-01 01:00:59.879343"
  },
  "9d55c0e47ba0446d99ee06e0f3f69f241100o.jpeg": {
    "app_sintetizada": "9D55C0E47BA0446D99EE06E0F3F69F241100O.JPEG",
    "cantidad_archivos": 1,
    "archivos_fuente": [
      "Pictures/Fototeca de Fotos.photoslibrary/resources/derivatives/9/9D55C0E4-7BA0-446D-99EE-06E0F3F69F24_1_100_o.jpeg"
    ],
    "ultima_modificacion": "2025-08-01 01:00:59.879539"
  },
  "9e24c304dc01433488724f8bdc0d7b691105c.jpeg": {
    "app_sintetizada": "9E24C304DC01433488724F8BDC0D7B691105C.JPEG",
    "cantidad_archivos": 1,
    "archivos_fuente": [
      "Pictures/Fototeca de Fotos.photoslibrary/resources/derivatives/9/9E24C304-DC01-4334-8872-4F8BDC0D7B69_1_105_c.jpeg"
    ],
    "ultima_modificacion": "2025-08-01 01:00:59.879741"
  },
  "97b6a50f6d944c20ad6b49c576a3c76d1105c.jpeg": {
    "app_sintetizada": "97B6A50F6D944C20AD6B49C576A3C76D1105C.JPEG",
    "cantidad_archivos": 1,
    "archivos_fuente": [
      "Pictures/Fototeca de Fotos.photoslibrary/resources/derivatives/9/97B6A50F-6D94-4C20-AD6B-49C576A3C76D_1_105_c.jpeg"
    ],
    "ultima_modificacion": "2025-08-01 01:00:59.879986"
  },
  "9b1cd2815522437a9a9c1d8324e99b1c1105c.jpeg": {
    "app_sintetizada": "9B1CD2815522437A9A9C1D8324E99B1C1105C.JPEG",
    "cantidad_archivos": 1,
    "archivos_fuente": [
      "Pictures/Fototeca de Fotos.photoslibrary/resources/derivatives/9/9B1CD281-5522-437A-9A9C-1D8324E99B1C_1_105_c.jpeg"
    ],
    "ultima_modificacion": "2025-08-01 01:00:59.880195"
  },
  "98cdd52aa05c456984c0f6bc07522e20.thm": {
    "app_sintetizada": "98CDD52AA05C456984C0F6BC07522E20.THM",
    "cantidad_archivos": 1,
    "archivos_fuente": [
      "Pictures/Fototeca de Fotos.photoslibrary/resources/derivatives/9/98CDD52A-A05C-4569-84C0-F6BC07522E20.THM"
    ],
    "ultima_modificacion": "2025-08-01 01:00:59.880384"
  },
  "93bc61f866e6481cadef8fdd8c726e5f1105c.jpeg": {
    "app_sintetizada": "93BC61F866E6481CADEF8FDD8C726E5F1105C.JPEG",
    "cantidad_archivos": 1,
    "archivos_fuente": [
      "Pictures/Fototeca de Fotos.photoslibrary/resources/derivatives/9/93BC61F8-66E6-481C-ADEF-8FDD8C726E5F_1_105_c.jpeg"
    ],
    "ultima_modificacion": "2025-08-01 01:00:59.880627"
  },
  "9073dbd1dbcf4e18b04b92f25e2e404b1105c.jpeg": {
    "app_sintetizada": "9073DBD1DBCF4E18B04B92F25E2E404B1105C.JPEG",
    "cantidad_archivos": 1,
    "archivos_fuente": [
      "Pictures/Fototeca de Fotos.photoslibrary/resources/derivatives/9/9073DBD1-DBCF-4E18-B04B-92F25E2E404B_1_105_c.jpeg"
    ],
    "ultima_modificacion": "2025-08-01 01:00:59.880900"
  },
  "9b136bae2d4340b2a3bd2bc96c3c7dac1105c.jpeg": {
    "app_sintetizada": "9B136BAE2D4340B2A3BD2BC96C3C7DAC1105C.JPEG",
    "cantidad_archivos": 1,
    "archivos_fuente": [
      "Pictures/Fototeca de Fotos.photoslibrary/resources/derivatives/9/9B136BAE-2D43-40B2-A3BD-2BC96C3C7DAC_1_105_c.jpeg"
    ],
    "ultima_modificacion": "2025-08-01 01:00:59.881176"
  },
  "9a2f64ce427347fe946ebc5fb85d9bef1105c.jpeg": {
    "app_sintetizada": "9A2F64CE427347FE946EBC5FB85D9BEF1105C.JPEG",
    "cantidad_archivos": 1,
    "archivos_fuente": [
      "Pictures/Fototeca de Fotos.photoslibrary/resources/derivatives/9/9A2F64CE-4273-47FE-946E-BC5FB85D9BEF_1_105_c.jpeg"
    ],
    "ultima_modificacion": "2025-08-01 01:00:59.881449"
  },
  "9f46c35b6a4a4693ae3fb69d1c5cac3d1105c.jpeg": {
    "app_sintetizada": "9F46C35B6A4A4693AE3FB69D1C5CAC3D1105C.JPEG",
    "cantidad_archivos": 1,
    "archivos_fuente": [
      "Pictures/Fototeca de Fotos.photoslibrary/resources/derivatives/9/9F46C35B-6A4A-4693-AE3F-B69D1C5CAC3D_1_105_c.jpeg"
    ],
    "ultima_modificacion": "2025-08-01 01:00:59.881691"
  },
  "927c886676384adaaa983a18780c7f9f1105c.jpeg": {
    "app_sintetizada": "927C886676384ADAAA983A18780C7F9F1105C.JPEG",
    "cantidad_archivos": 1,
    "archivos_fuente": [
      "Pictures/Fototeca de Fotos.photoslibrary/resources/derivatives/9/927C8866-7638-4ADA-AA98-3A18780C7F9F_1_105_c.jpeg"
    ],
    "ultima_modificacion": "2025-08-01 01:00:59.881905"
  },
  "9227442fc36d4cd1b1bc41a52262c8861105c.jpeg": {
    "app_sintetizada": "9227442FC36D4CD1B1BC41A52262C8861105C.JPEG",
    "cantidad_archivos": 1,
    "archivos_fuente": [
      "Pictures/Fototeca de Fotos.photoslibrary/resources/derivatives/9/9227442F-C36D-4CD1-B1BC-41A52262C886_1_105_c.jpeg"
    ],
    "ultima_modificacion": "2025-08-01 01:00:59.882094"
  },
  "9d561710be594e72ad0de7a064c759a61105c.jpeg": {
    "app_sintetizada": "9D561710BE594E72AD0DE7A064C759A61105C.JPEG",
    "cantidad_archivos": 1,
    "archivos_fuente": [
      "Pictures/Fototeca de Fotos.photoslibrary/resources/derivatives/9/9D561710-BE59-4E72-AD0D-E7A064C759A6_1_105_c.jpeg"
    ],
    "ultima_modificacion": "2025-08-01 01:00:59.882279"
  },
  "95d3d3d09ba7451784797453a40e0ab71105c.jpeg": {
    "app_sintetizada": "95D3D3D09BA7451784797453A40E0AB71105C.JPEG",
    "cantidad_archivos": 1,
    "archivos_fuente": [
      "Pictures/Fototeca de Fotos.photoslibrary/resources/derivatives/9/95D3D3D0-9BA7-4517-8479-7453A40E0AB7_1_105_c.jpeg"
    ],
    "ultima_modificacion": "2025-08-01 01:00:59.882455"
  },
  "9d93db518ddb4663ac5ad4353886db8f1105c.jpeg": {
    "app_sintetizada": "9D93DB518DDB4663AC5AD4353886DB8F1105C.JPEG",
    "cantidad_archivos": 1,
    "archivos_fuente": [
      "Pictures/Fototeca de Fotos.photoslibrary/resources/derivatives/9/9D93DB51-8DDB-4663-AC5A-D4353886DB8F_1_105_c.jpeg"
    ],
    "ultima_modificacion": "2025-08-01 01:00:59.882631"
  },
  "97e7071c413a4e0d980117728aa017b8.thm": {
    "app_sintetizada": "97E7071C413A4E0D980117728AA017B8.THM",
    "cantidad_archivos": 1,
    "archivos_fuente": [
      "Pictures/Fototeca de Fotos.photoslibrary/resources/derivatives/9/97E7071C-413A-4E0D-9801-17728AA017B8.THM"
    ],
    "ultima_modificacion": "2025-08-01 01:00:59.882813"
  },
  "9181c30fa02f4fc584ded6143e959ca91105c.jpeg": {
    "app_sintetizada": "9181C30FA02F4FC584DED6143E959CA91105C.JPEG",
    "cantidad_archivos": 1,
    "archivos_fuente": [
      "Pictures/Fototeca de Fotos.photoslibrary/resources/derivatives/9/9181C30F-A02F-4FC5-84DE-D6143E959CA9_1_105_c.jpeg"
    ],
    "ultima_modificacion": "2025-08-01 01:00:59.883003"
  },
  "96f316e0c31a4801b300ba7322dd8e911105c.jpeg": {
    "app_sintetizada": "96F316E0C31A4801B300BA7322DD8E911105C.JPEG",
    "cantidad_archivos": 1,
    "archivos_fuente": [
      "Pictures/Fototeca de Fotos.photoslibrary/resources/derivatives/9/96F316E0-C31A-4801-B300-BA7322DD8E91_1_105_c.jpeg"
    ],
    "ultima_modificacion": "2025-08-01 01:00:59.883196"
  },
  "9b740739eab745e79cd2b10a59b75b301105c.jpeg": {
    "app_sintetizada": "9B740739EAB745E79CD2B10A59B75B301105C.JPEG",
    "cantidad_archivos": 1,
    "archivos_fuente": [
      "Pictures/Fototeca de Fotos.photoslibrary/resources/derivatives/9/9B740739-EAB7-45E7-9CD2-B10A59B75B30_1_105_c.jpeg"
    ],
    "ultima_modificacion": "2025-08-01 01:00:59.883418"
  },
  "9c5423e1d9174b55b4bf0e0202df5585.thm": {
    "app_sintetizada": "9C5423E1D9174B55B4BF0E0202DF5585.THM",
    "cantidad_archivos": 1,
    "archivos_fuente": [
      "Pictures/Fototeca de Fotos.photoslibrary/resources/derivatives/9/9C5423E1-D917-4B55-B4BF-0E0202DF5585.THM"
    ],
    "ultima_modificacion": "2025-08-01 01:00:59.883682"
  },
  "9ac4223e41864e8db040d75df68809111105c.jpeg": {
    "app_sintetizada": "9AC4223E41864E8DB040D75DF68809111105C.JPEG",
    "cantidad_archivos": 1,
    "archivos_fuente": [
      "Pictures/Fototeca de Fotos.photoslibrary/resources/derivatives/9/9AC4223E-4186-4E8D-B040-D75DF6880911_1_105_c.jpeg"
    ],
    "ultima_modificacion": "2025-08-01 01:00:59.883889"
  },
  "9c0c082924e74e1da85d1f78629f96d91105c.jpeg": {
    "app_sintetizada": "9C0C082924E74E1DA85D1F78629F96D91105C.JPEG",
    "cantidad_archivos": 1,
    "archivos_fuente": [
      "Pictures/Fototeca de Fotos.photoslibrary/resources/derivatives/9/9C0C0829-24E7-4E1D-A85D-1F78629F96D9_1_105_c.jpeg"
    ],
    "ultima_modificacion": "2025-08-01 01:00:59.884102"
  },
  "932910eb0f1d41fbb4966c0a9fc43b1e1105c.jpeg": {
    "app_sintetizada": "932910EB0F1D41FBB4966C0A9FC43B1E1105C.JPEG",
    "cantidad_archivos": 1,
    "archivos_fuente": [
      "Pictures/Fototeca de Fotos.photoslibrary/resources/derivatives/9/932910EB-0F1D-41FB-B496-6C0A9FC43B1E_1_105_c.jpeg"
    ],
    "ultima_modificacion": "2025-08-01 01:00:59.884345"
  },
  "9cdb3399e4c84812990da9fe0a2e08461102o.jpeg": {
    "app_sintetizada": "9CDB3399E4C84812990DA9FE0A2E08461102O.JPEG",
    "cantidad_archivos": 1,
    "archivos_fuente": [
      "Pictures/Fototeca de Fotos.photoslibrary/resources/derivatives/9/9CDB3399-E4C8-4812-990D-A9FE0A2E0846_1_102_o.jpeg"
    ],
    "ultima_modificacion": "2025-08-01 01:00:59.884611"
  },
  "9e5879792bd14a90aea8f77b50f624721105c.jpeg": {
    "app_sintetizada": "9E5879792BD14A90AEA8F77B50F624721105C.JPEG",
    "cantidad_archivos": 1,
    "archivos_fuente": [
      "Pictures/Fototeca de Fotos.photoslibrary/resources/derivatives/9/9E587979-2BD1-4A90-AEA8-F77B50F62472_1_105_c.jpeg"
    ],
    "ultima_modificacion": "2025-08-01 01:00:59.884852"
  },
  "940d885292d74d1d9f436a300d5999941105c.jpeg": {
    "app_sintetizada": "940D885292D74D1D9F436A300D5999941105C.JPEG",
    "cantidad_archivos": 1,
    "archivos_fuente": [
      "Pictures/Fototeca de Fotos.photoslibrary/resources/derivatives/9/940D8852-92D7-4D1D-9F43-6A300D599994_1_105_c.jpeg"
    ],
    "ultima_modificacion": "2025-08-01 01:00:59.885108"
  },
  "902d4989977349c9a0a4cd6d3bc246d01105c.jpeg": {
    "app_sintetizada": "902D4989977349C9A0A4CD6D3BC246D01105C.JPEG",
    "cantidad_archivos": 1,
    "archivos_fuente": [
      "Pictures/Fototeca de Fotos.photoslibrary/resources/derivatives/9/902D4989-9773-49C9-A0A4-CD6D3BC246D0_1_105_c.jpeg"
    ],
    "ultima_modificacion": "2025-08-01 01:00:59.885322"
  }
}