{
  "9e38c51cca72483186fc89a236842c791105c.jpeg": {
    "app_sintetizada": "9E38C51CCA72483186FC89A236842C791105C.JPEG",
    "cantidad_archivos": 1,
    "archivos_fuente": [
      "Pictures/Fototeca de Fotos.photoslibrary/resources/derivatives/9/9E38C51C-CA72-4831-86FC-89A236842C79_1_105_c.jpeg"
    ],
    "ultima_modificacion": "2025-08-01 01:00:59.993043"
  },
  "94336bb9500e4566ae2b5b2a5b80cf6b1105c.jpeg": {
    "app_sintetizada": "94336BB9500E4566AE2B5B2A5B80CF6B1105C.JPEG",
    "cantidad_archivos": 1,
    "archivos_fuente": [
      "Pictures/Fototeca de Fotos.photoslibrary/resources/derivatives/9/94336BB9-500E-4566-AE2B-5B2A5B80CF6B_1_105_c.jpeg"
    ],
    "ultima_modificacion": "2025-08-01 01:00:59.993319"
  },
  "982b49c8540d48829cf3eece3265e5d5.thm": {
    "app_sintetizada": "982B49C8540D48829CF3EECE3265E5D5.THM",
    "cantidad_archivos": 1,
    "archivos_fuente": [
      "Pictures/Fototeca de Fotos.photoslibrary/resources/derivatives/9/982B49C8-540D-4882-9CF3-EECE3265E5D5.THM"
    ],
    "ultima_modificacion": "2025-08-01 01:00:59.993607"
  },
  "99fb0277fe6d459fbec636852411569a1105c.jpeg": {
    "app_sintetizada": "99FB0277FE6D459FBEC636852411569A1105C.JPEG",
    "cantidad_archivos": 1,
    "archivos_fuente": [
      "Pictures/Fototeca de Fotos.photoslibrary/resources/derivatives/9/99FB0277-FE6D-459F-BEC6-36852411569A_1_105_c.jpeg"
    ],
    "ultima_modificacion": "2025-08-01 01:00:59.993904"
  },
  "9b13f49a6a9343b9938f77b5a77f6acc1105c.jpeg": {
    "app_sintetizada": "9B13F49A6A9343B9938F77B5A77F6ACC1105C.JPEG",
    "cantidad_archivos": 1,
    "archivos_fuente": [
      "Pictures/Fototeca de Fotos.photoslibrary/resources/derivatives/9/9B13F49A-6A93-43B9-938F-77B5A77F6ACC_1_105_c.jpeg"
    ],
    "ultima_modificacion": "2025-08-01 01:00:59.994183"
  },
  "9c40d6b1de5846c7bef7c32745106a371105c.jpeg": {
    "app_sintetizada": "9C40D6B1DE5846C7BEF7C32745106A371105C.JPEG",
    "cantidad_archivos": 1,
    "archivos_fuente": [
      "Pictures/Fototeca de Fotos.photoslibrary/resources/derivatives/9/9C40D6B1-DE58-46C7-BEF7-C32745106A37_1_105_c.jpeg"
    ],
    "ultima_modificacion": "2025-08-01 01:00:59.994446"
  },
  "96f3192711a34d248386e24e9a2075151100o.jpeg": {
    "app_sintetizada": "96F3192711A34D248386E24E9A2075151100O.JPEG",
    "cantidad_archivos": 1,
    "archivos_fuente": [
      "Pictures/Fototeca de Fotos.photoslibrary/resources/derivatives/9/96F31927-11A3-4D24-8386-E24E9A207515_1_100_o.jpeg"
    ],
    "ultima_modificacion": "2025-08-01 01:00:59.994713"
  },
  "927b7b1dcd95482ca494dcb9920507ff1105c.jpeg": {
    "app_sintetizada": "927B7B1DCD95482CA494DCB9920507FF1105C.JPEG",
    "cantidad_archivos": 1,
    "archivos_fuente": [
      "Pictures/Fototeca de Fotos.photoslibrary/resources/derivatives/9/927B7B1D-CD95-482C-A494-DCB9920507FF_1_105_c.jpeg"
    ],
    "ultima_modificacion": "2025-08-01 01:00:59.994985"
  },
  "966754d010b54b6782863207ba65ffb01105c.jpeg": {
    "app_sintetizada": "966754D010B54B6782863207BA65FFB01105C.JPEG",
    "cantidad_archivos": 1,
    "archivos_fuente": [
      "Pictures/Fototeca de Fotos.photoslibrary/resources/derivatives/9/966754D0-10B5-4B67-8286-3207BA65FFB0_1_105_c.jpeg"
    ],
    "ultima_modificacion": "2025-08-01 01:00:59.995255"
  },
  "900b53622c934c4bb7786fb97adad2191105c.jpeg": {
    "app_sintetizada": "900B53622C934C4BB7786FB97ADAD2191105C.JPEG",
    "cantidad_archivos": 1,
    "archivos_fuente": [
      "Pictures/Fototeca de Fotos.photoslibrary/resources/derivatives/9/900B5362-2C93-4C4B-B778-6FB97ADAD219_1_105_c.jpeg"
    ],
    "ultima_modificacion": "2025-08-01 01:00:59.995522"
  },
  "9fb91016ba674a3c9c0f0dbd164c3fd51105c.jpeg": {
    "app_sintetizada": "9FB91016BA674A3C9C0F0DBD164C3FD51105C.JPEG",
    "cantidad_archivos": 1,
    "archivos_fuente": [
      "Pictures/Fototeca de Fotos.photoslibrary/resources/derivatives/9/9FB91016-BA67-4A3C-9C0F-0DBD164C3FD5_1_105_c.jpeg"
    ],
    "ultima_modificacion": "2025-08-01 01:00:59.995797"
  },
  "9ace1b46a5b441d383bb19293c556e121105c.jpeg": {
    "app_sintetizada": "9ACE1B46A5B441D383BB19293C556E121105C.JPEG",
    "cantidad_archivos": 1,
    "archivos_fuente": [
      "Pictures/Fototeca de Fotos.photoslibrary/resources/derivatives/9/9ACE1B46-A5B4-41D3-83BB-19293C556E12_1_105_c.jpeg"
    ],
    "ultima_modificacion": "2025-08-01 01:00:59.996064"
  },
  "9b4f2760970d4ca981543b5a701f31c5.thm": {
    "app_sintetizada": "9B4F2760970D4CA981543B5A701F31C5.THM",
    "cantidad_archivos": 1,
    "archivos_fuente": [
      "Pictures/Fototeca de Fotos.photoslibrary/resources/derivatives/9/9B4F2760-970D-4CA9-8154-3B5A701F31C5.THM"
    ],
    "ultima_modificacion": "2025-08-01 01:00:59.996335"
  },
  "954e1559b9014a95bfc68638381c0ca8.thm": {
    "app_sintetizada": "954E1559B9014A95BFC68638381C0CA8.THM",
    "cantidad_archivos": 1,
    "archivos_fuente": [
      "Pictures/Fototeca de Fotos.photoslibrary/resources/derivatives/9/954E1559-B901-4A95-BFC6-8638381C0CA8.THM"
    ],
    "ultima_modificacion": "2025-08-01 01:00:59.996583"
  },
  "9adcdb35830c4cb2b88a66b4560ea4cd.thm": {
    "app_sintetizada": "9ADCDB35830C4CB2B88A66B4560EA4CD.THM",
    "cantidad_archivos": 1,
    "archivos_fuente": [
      "Pictures/Fototeca de Fotos.photoslibrary/resources/derivatives/9/9ADCDB35-830C-4CB2-B88A-66B4560EA4CD.THM"
    ],
    "ultima_modificacion": "2025-08-01 01:00:59.996873"
  },
  "90bae1d8b7f64dc28bc6b46fd5060db41105c.jpeg": {
    "app_sintetizada": "90BAE1D8B7F64DC28BC6B46FD5060DB41105C.JPEG",
    "cantidad_archivos": 1,
    "archivos_fuente": [
      "Pictures/Fototeca de Fotos.photoslibrary/resources/derivatives/9/90BAE1D8-B7F6-4DC2-8BC6-B46FD5060DB4_1_105_c.jpeg"
    ],
    "ultima_modificacion": "2025-08-01 01:00:59.997156"
  },
  "9c5bdf2f271f4397870112decfadf2641105c.jpeg": {
    "app_sintetizada": "9C5BDF2F271F4397870112DECFADF2641105C.JPEG",
    "cantidad_archivos": 1,
    "archivos_fuente": [
      "Pictures/Fototeca de Fotos.photoslibrary/resources/derivatives/9/9C5BDF2F-271F-4397-8701-12DECFADF264_1_105_c.jpeg"
    ],
    "ultima_modificacion": "2025-08-01 01:00:59.997463"
  },
  "9a3afd566e384a52bcd9d9dee6ade8ca1105c.jpeg": {
    "app_sintetizada": "9A3AFD566E384A52BCD9D9DEE6ADE8CA1105C.JPEG",
    "cantidad_archivos": 1,
    "archivos_fuente": [
      "Pictures/Fototeca de Fotos.photoslibrary/resources/derivatives/9/9A3AFD56-6E38-4A52-BCD9-D9DEE6ADE8CA_1_105_c.jpeg"
    ],
    "ultima_modificacion": "2025-08-01 01:00:59.997745"
  },
  "93719a0f1b55413ba52d6ae9032b8cca1105c.jpeg": {
    "app_sintetizada": "93719A0F1B55413BA52D6AE9032B8CCA1105C.JPEG",
    "cantidad_archivos": 1,
    "archivos_fuente": [
      "Pictures/Fototeca de Fotos.photoslibrary/resources/derivatives/9/93719A0F-1B55-413B-A52D-6AE9032B8CCA_1_105_c.jpeg"
    ],
    "ultima_modificacion": "2025-08-01 01:00:59.998045"
  },
  "95e1eee768164cd692c749b1047bcfd11105c.jpeg": {
    "app_sintetizada": "95E1EEE768164CD692C749B1047BCFD11105C.JPEG",
    "cantidad_archivos": 1,
    "archivos_fuente": [
      "Pictures/Fototeca de Fotos.photoslibrary/resources/derivatives/9/95E1EEE7-6816-4CD6-92C7-49B1047BCFD1_1_105_c.jpeg"
    ],
    "ultima_modificacion": "2025-08-01 01:00:59.998332"
  },
  "9aac8faabf0741d199ff70ee5acde3501105c.jpeg": {
    "app_sintetizada": "9AAC8FAABF0741D199FF70EE5ACDE3501105C.JPEG",
    "cantidad_archivos": 1,
    "archivos_fuente": [
      "Pictures/Fototeca de Fotos.photoslibrary/resources/derivatives/9/9AAC8FAA-BF07-41D1-99FF-70EE5ACDE350_1_105_c.jpeg"
    ],
    "ultima_modificacion": "2025-08-01 01:00:59.998598"
  },
  "9385eabd928d4147852e297ed0a194221105c.jpeg": {
    "app_sintetizada": "9385EABD928D4147852E297ED0A194221105C.JPEG",
    "cantidad_archivos": 1,
    "archivos_fuente": [
      "Pictures/Fototeca de Fotos.photoslibrary/resources/derivatives/9/9385EABD-928D-4147-852E-297ED0A19422_1_105_c.jpeg"
    ],
    "ultima_modificacion": "2025-08-01 01:00:59.998906"
  },
  "96efa7850d774bdebcb8404314fba1341105c.jpeg": {
    "app_sintetizada": "96EFA7850D774BDEBCB8404314FBA1341105C.JPEG",
    "cantidad_archivos": 1,
    "archivos_fuente": [
      "Pictures/Fototeca de Fotos.photoslibrary/resources/derivatives/9/96EFA785-0D77-4BDE-BCB8-404314FBA134_1_105_c.jpeg"
    ],
    "ultima_modificacion": "2025-08-01 01:00:59.999217"
  },
  "9bf23183e1924eb883ed51d2a53764611105c.jpeg": {
    "app_sintetizada": "9BF23183E1924EB883ED51D2A53764611105C.JPEG",
    "cantidad_archivos": 1,
    "archivos_fuente": [
      "Pictures/Fototeca de Fotos.photoslibrary/resources/derivatives/9/9BF23183-E192-4EB8-83ED-51D2A5376461_1_105_c.jpeg"
    ],
    "ultima_modificacion": "2025-08-01 01:00:59.999536"
  },
  "96ddfdcc82284cd8b0e0a978db147e5a1105c.jpeg": {
    "app_sintetizada": "96DDFDCC82284CD8B0E0A978DB147E5A1105C.JPEG",
    "cantidad_archivos": 1,
    "archivos_fuente": [
      "Pictures/Fototeca de Fotos.photoslibrary/resources/derivatives/9/96DDFDCC-8228-4CD8-B0E0-A978DB147E5A_1_105_c.jpeg"
    ],
    "ultima_modificacion": "2025-08-01 01:00:59.999824"
  },
  "92297c12cd7c4a66938bb69c3c184ac71105c.jpeg": {
    "app_sintetizada": "92297C12CD7C4A66938BB69C3C184AC71105C.JPEG",
    "cantidad_archivos": 1,
    "archivos_fuente": [
      "Pictures/Fototeca de Fotos.photoslibrary/resources/derivatives/9/92297C12-CD7C-4A66-938B-B69C3C184AC7_1_105_c.jpeg"
    ],
    "ultima_modificacion": "2025-08-01 01:01:00.000193"
  },
  "93c0cc93eff4403bab6a8f72ccf69fef1105c.jpeg": {
    "app_sintetizada": "93C0CC93EFF4403BAB6A8F72CCF69FEF1105C.JPEG",
    "cantidad_archivos": 1,
    "archivos_fuente": [
      "Pictures/Fototeca de Fotos.photoslibrary/resources/derivatives/9/93C0CC93-EFF4-403B-AB6A-8F72CCF69FEF_1_105_c.jpeg"
    ],
    "ultima_modificacion": "2025-08-01 01:01:00.000499"
  },
  "94c5c5fa8e0e4949803d9c27698199ea1105c.jpeg": {
    "app_sintetizada": "94C5C5FA8E0E4949803D9C27698199EA1105C.JPEG",
    "cantidad_archivos": 1,
    "archivos_fuente": [
      "Pictures/Fototeca de Fotos.photoslibrary/resources/derivatives/9/94C5C5FA-8E0E-4949-803D-9C27698199EA_1_105_c.jpeg"
    ],
    "ultima_modificacion": "2025-08-01 01:01:00.000774"
  },
  "989a3d556cd2413aafca9aabc63ca173.thm": {
    "app_sintetizada": "989A3D556CD2413AAFCA9AABC63CA173.THM",
    "cantidad_archivos": 1,
    "archivos_fuente": [
      "Pictures/Fototeca de Fotos.photoslibrary/resources/derivatives/9/989A3D55-6CD2-413A-AFCA-9AABC63CA173.THM"
    ],
    "ultima_modificacion": "2025-08-01 01:01:00.001069"
  },
  "97f3b0992e0942f9bf0475606cb8c4eb1105c.jpeg": {
    "app_sintetizada": "97F3B0992E0942F9BF0475606CB8C4EB1105C.JPEG",
    "cantidad_archivos": 1,
    "archivos_fuente": [
      "Pictures/Fototeca de Fotos.photoslibrary/resources/derivatives/9/97F3B099-2E09-42F9-BF04-75606CB8C4EB_1_105_c.jpeg"
    ],
    "ultima_modificacion": "2025-08-01 01:01:00.001327"
  },
  "9281a2cfd3dd4c22830db0ff417b0cd11105c.jpeg": {
    "app_sintetizada": "9281A2CFD3DD4C22830DB0FF417B0CD11105C.JPEG",
    "cantidad_archivos": 1,
    "archivos_fuente": [
      "Pictures/Fototeca de Fotos.photoslibrary/resources/derivatives/9/9281A2CF-D3DD-4C22-830D-B0FF417B0CD1_1_105_c.jpeg"
    ],
    "ultima_modificacion": "2025-08-01 01:01:00.001601"
  },
  "9f24d3c658ed4b60a07f5ef7cef2f37c1105c.jpeg": {
    "app_sintetizada": "9F24D3C658ED4B60A07F5EF7CEF2F37C1105C.JPEG",
    "cantidad_archivos": 1,
    "archivos_fuente": [
      "Pictures/Fototeca de Fotos.photoslibrary/resources/derivatives/9/9F24D3C6-58ED-4B60-A07F-5EF7CEF2F37C_1_105_c.jpeg"
    ],
    "ultima_modificacion": "2025-08-01 01:01:00.001889"
  },
  "982d032a3d3b4eedad25679cf154b40f1105c.jpeg": {
    "app_sintetizada": "982D032A3D3B4EEDAD25679CF154B40F1105C.JPEG",
    "cantidad_archivos": 1,
    "archivos_fuente": [
      "Pictures/Fototeca de Fotos.photoslibrary/resources/derivatives/9/982D032A-3D3B-4EED-AD25-679CF154B40F_1_105_c.jpeg"
    ],
    "ultima_modificacion": "2025-08-01 01:01:00.002212"
  },
  "96de146eef754e51a212acae292229c11105c.jpeg": {
    "app_sintetizada": "96DE146EEF754E51A212ACAE292229C11105C.JPEG",
    "cantidad_archivos": 1,
    "archivos_fuente": [
      "Pictures/Fototeca de Fotos.photoslibrary/resources/derivatives/9/96DE146E-EF75-4E51-A212-ACAE292229C1_1_105_c.jpeg"
    ],
    "ultima_modificacion": "2025-08-01 01:01:00.002545"
  },
  "95f68e86302646b3827eac317fca5c081105c.jpeg": {
    "app_sintetizada": "95F68E86302646B3827EAC317FCA5C081105C.JPEG",
    "cantidad_archivos": 1,
    "archivos_fuente": [
      "Pictures/Fototeca de Fotos.photoslibrary/resources/derivatives/9/95F68E86-3026-46B3-827E-AC317FCA5C08_1_105_c.jpeg"
    ],
    "ultima_modificacion": "2025-08-01 01:01:00.002964"
  },
  "981b9483691c4777af4ce68cb64b96bf1105c.jpeg": {
    "app_sintetizada": "981B9483691C4777AF4CE68CB64B96BF1105C.JPEG",
    "cantidad_archivos": 1,
    "archivos_fuente": [
      "Pictures/Fototeca de Fotos.photoslibrary/resources/derivatives/9/981B9483-691C-4777-AF4C-E68CB64B96BF_1_105_c.jpeg"
    ],
    "ultima_modificacion": "2025-08-01 01:01:00.004660"
  },
  "9445c2299a554c5ebd3249aed51eb0e51105c.jpeg": {
    "app_sintetizada": "9445C2299A554C5EBD3249AED51EB0E51105C.JPEG",
    "cantidad_archivos": 1,
    "archivos_fuente": [
      "Pictures/Fototeca de Fotos.photoslibrary/resources/derivatives/9/9445C229-9A55-4C5E-BD32-49AED51EB0E5_1_105_c.jpeg"
    ],
    "ultima_modificacion": "2025-08-01 01:01:00.005047"
  },
  "95da8281fa73493d8bd039afb20341191105c.jpeg": {
    "app_sintetizada": "95DA8281FA73493D8BD039AFB20341191105C.JPEG",
    "cantidad_archivos": 1,
    "archivos_fuente": [
      "Pictures/Fototeca de Fotos.photoslibrary/resources/derivatives/9/95DA8281-FA73-493D-8BD0-39AFB2034119_1_105_c.jpeg"
    ],
    "ultima_modificacion": "2025-08-01 01:01:00.005867"
  },
  "94be586d964c4e67a0758ec85b61068c.thm": {
    "app_sintetizada": "94BE586D964C4E67A0758EC85B61068C.THM",
    "cantidad_archivos": 1,
    "archivos_fuente": [
      "Pictures/Fototeca de Fotos.photoslibrary/resources/derivatives/9/94BE586D-964C-4E67-A075-8EC85B61068C.THM"
    ],
    "ultima_modificacion": "2025-08-01 01:01:00.006334"
  },
  "9b355f64324f499f91b1023e385176801105c.jpeg": {
    "app_sintetizada": "9B355F64324F499F91B1023E385176801105C.JPEG",
    "cantidad_archivos": 1,
    "archivos_fuente": [
      "Pictures/Fototeca de Fotos.photoslibrary/resources/derivatives/9/9B355F64-324F-499F-91B1-023E38517680_1_105_c.jpeg"
    ],
    "ultima_modificacion": "2025-08-01 01:01:00.006690"
  },
  "9778222f33974bbbb83e3b7684570cd41105c.jpeg": {
    "app_sintetizada": "9778222F33974BBBB83E3B7684570CD41105C.JPEG",
    "cantidad_archivos": 1,
    "archivos_fuente": [
      "Pictures/Fototeca de Fotos.photoslibrary/resources/derivatives/9/9778222F-3397-4BBB-B83E-3B7684570CD4_1_105_c.jpeg"
    ],
    "ultima_modificacion": "2025-08-01 01:01:00.007025"
  },
  "9a5765cf6911421aaa15b52decf881d41105c.jpeg": {
    "app_sintetizada": "9A5765CF6911421AAA15B52DECF881D41105C.JPEG",
    "cantidad_archivos": 1,
    "archivos_fuente": [
      "Pictures/Fototeca de Fotos.photoslibrary/resources/derivatives/9/9A5765CF-6911-421A-AA15-B52DECF881D4_1_105_c.jpeg"
    ],
    "ultima_modificacion": "2025-08-01 01:01:00.007338"
  },
  "905ec16bf9b94201827d3ea051963435.thm": {
    "app_sintetizada": "905EC16BF9B94201827D3EA051963435.THM",
    "cantidad_archivos": 1,
    "archivos_fuente": [
      "Pictures/Fototeca de Fotos.photoslibrary/resources/derivatives/9/905EC16B-F9B9-4201-827D-3EA051963435.THM"
    ],
    "ultima_modificacion": "2025-08-01 01:01:00.007664"
  },
  "969a1ab9defb494d9a9f399d28d84f5b1105c.jpeg": {
    "app_sintetizada": "969A1AB9DEFB494D9A9F399D28D84F5B1105C.JPEG",
    "cantidad_archivos": 1,
    "archivos_fuente": [
      "Pictures/Fototeca de Fotos.photoslibrary/resources/derivatives/9/969A1AB9-DEFB-494D-9A9F-399D28D84F5B_1_105_c.jpeg"
    ],
    "ultima_modificacion": "2025-08-01 01:01:00.008028"
  },
  "9a6b6b75fbe04851b27b7348a669bffb1105c.jpeg": {
    "app_sintetizada": "9A6B6B75FBE04851B27B7348A669BFFB1105C.JPEG",
    "cantidad_archivos": 1,
    "archivos_fuente": [
      "Pictures/Fototeca de Fotos.photoslibrary/resources/derivatives/9/9A6B6B75-FBE0-4851-B27B-7348A669BFFB_1_105_c.jpeg"
    ],
    "ultima_modificacion": "2025-08-01 01:01:00.008386"
  },
  "91fd8ff8aaad4139a694c903d0efb93a1105c.jpeg": {
    "app_sintetizada": "91FD8FF8AAAD4139A694C903D0EFB93A1105C.JPEG",
    "cantidad_archivos": 1,
    "archivos_fuente": [
      "Pictures/Fototeca de Fotos.photoslibrary/resources/derivatives/9/91FD8FF8-AAAD-4139-A694-C903D0EFB93A_1_105_c.jpeg"
    ],
    "ultima_modificacion": "2025-08-01 01:01:00.008753"
  },
  "9899bb15c636488da27d6bc0f46c2ba91105c.jpeg": {
    "app_sintetizada": "9899BB15C636488DA27D6BC0F46C2BA91105C.JPEG",
    "cantidad_archivos": 1,
    "archivos_fuente": [
      "Pictures/Fototeca de Fotos.photoslibrary/resources/derivatives/9/9899BB15-C636-488D-A27D-6BC0F46C2BA9_1_105_c.jpeg"
    ],
    "ultima_modificacion": "2025-08-01 01:01:00.009082"
  },
  "9e615bb4eed44c8d906f6c7cf8e4d285.thm": {
    "app_sintetizada": "9E615BB4EED44C8D906F6C7CF8E4D285.THM",
    "cantidad_archivos": 1,
    "archivos_fuente": [
      "Pictures/Fototeca de Fotos.photoslibrary/resources/derivatives/9/9E615BB4-EED4-4C8D-906F-6C7CF8E4D285.THM"
    ],
    "ultima_modificacion": "2025-08-01 01:01:00.009408"
  },
  "924c69721a3d4b1cacc1ee0ce89f69c21105c.jpeg": {
    "app_sintetizada": "924C69721A3D4B1CACC1EE0CE89F69C21105C.JPEG",
    "cantidad_archivos": 1,
    "archivos_fuente": [
      "Pictures/Fototeca de Fotos.photoslibrary/resources/derivatives/9/924C6972-1A3D-4B1C-ACC1-EE0CE89F69C2_1_105_c.jpeg"
    ],
    "ultima_modificacion": "2025-08-01 01:01:00.009729"
  },
  "9716eb5e19464cc2bc47d67f05ca3e501105c.jpeg": {
    "app_sintetizada": "9716EB5E19464CC2BC47D67F05CA3E501105C.JPEG",
    "cantidad_archivos": 1,
    "archivos_fuente": [
      "Pictures/Fototeca de Fotos.photoslibrary/resources/derivatives/9/9716EB5E-1946-4CC2-BC47-D67F05CA3E50_1_105_c.jpeg"
    ],
    "ultima_modificacion": "2025-08-01 01:01:00.010036"
  },
  "96f541d00fd4480a9a98918aa9206065.thm": {
    "app_sintetizada": "96F541D00FD4480A9A98918AA9206065.THM",
    "cantidad_archivos": 1,
    "archivos_fuente": [
      "Pictures/Fototeca de Fotos.photoslibrary/resources/derivatives/9/96F541D0-0FD4-480A-9A98-918AA9206065.THM"
    ],
    "ultima_modificacion": "2025-08-01 01:01:00.010322"
  },
  "96eac3d114fa400b979da787d61bd5391105c.jpeg": {
    "app_sintetizada": "96EAC3D114FA400B979DA787D61BD5391105C.JPEG",
    "cantidad_archivos": 1,
    "archivos_fuente": [
      "Pictures/Fototeca de Fotos.photoslibrary/resources/derivatives/9/96EAC3D1-14FA-400B-979D-A787D61BD539_1_105_c.jpeg"
    ],
    "ultima_modificacion": "2025-08-01 01:01:00.010643"
  },
  "941bc3f6fde549c18957368f65cb87b21105c.jpeg": {
    "app_sintetizada": "941BC3F6FDE549C18957368F65CB87B21105C.JPEG",
    "cantidad_archivos": 1,
    "archivos_fuente": [
      "Pictures/Fototeca de Fotos.photoslibrary/resources/derivatives/9/941BC3F6-FDE5-49C1-8957-368F65CB87B2_1_105_c.jpeg"
    ],
    "ultima_modificacion": "2025-08-01 01:01:00.010929"
  },
  "9802e92436b34da596ff9124183a83a31100o.jpeg": {
    "app_sintetizada": "9802E92436B34DA596FF9124183A83A31100O.JPEG",
    "cantidad_archivos": 1,
    "archivos_fuente": [
      "Pictures/Fototeca de Fotos.photoslibrary/resources/derivatives/9/9802E924-36B3-4DA5-96FF-9124183A83A3_1_100_o.jpeg"
    ],
    "ultima_modificacion": "2025-08-01 01:01:00.011158"
  },
  "9f5912cc6182499b9f396b81024713ea1105c.jpeg": {
    "app_sintetizada": "9F5912CC6182499B9F396B81024713EA1105C.JPEG",
    "cantidad_archivos": 1,
    "archivos_fuente": [
      "Pictures/Fototeca de Fotos.photoslibrary/resources/derivatives/9/9F5912CC-6182-499B-9F39-6B81024713EA_1_105_c.jpeg"
    ],
    "ultima_modificacion": "2025-08-01 01:01:00.011411"
  },
  "98ecb791e9c543f8a34054fccdb91f071105c.jpeg": {
    "app_sintetizada": "98ECB791E9C543F8A34054FCCDB91F071105C.JPEG",
    "cantidad_archivos": 1,
    "archivos_fuente": [
      "Pictures/Fototeca de Fotos.photoslibrary/resources/derivatives/9/98ECB791-E9C5-43F8-A340-54FCCDB91F07_1_105_c.jpeg"
    ],
    "ultima_modificacion": "2025-08-01 01:01:00.011711"
  },
  "94b9a9e7c4ca47b2bacbd5eedb7e8b24.thm": {
    "app_sintetizada": "94B9A9E7C4CA47B2BACBD5EEDB7E8B24.THM",
    "cantidad_archivos": 1,
    "archivos_fuente": [
      "Pictures/Fototeca de Fotos.photoslibrary/resources/derivatives/9/94B9A9E7-C4CA-47B2-BACB-D5EEDB7E8B24.THM"
    ],
    "ultima_modificacion": "2025-08-01 01:01:00.012040"
  },
  "9a2412e5afbe44fb924e93304cdd929c1105c.jpeg": {
    "app_sintetizada": "9A2412E5AFBE44FB924E93304CDD929C1105C.JPEG",
    "cantidad_archivos": 1,
    "archivos_fuente": [
      "Pictures/Fototeca de Fotos.photoslibrary/resources/derivatives/9/9A2412E5-AFBE-44FB-924E-93304CDD929C_1_105_c.jpeg"
    ],
    "ultima_modificacion": "2025-08-01 01:01:00.012324"
  },
  "9cc1a252ccc84f9798f0daa3e47389af1105c.jpeg": {
    "app_sintetizada": "9CC1A252CCC84F9798F0DAA3E47389AF1105C.JPEG",
    "cantidad_archivos": 1,
    "archivos_fuente": [
      "Pictures/Fototeca de Fotos.photoslibrary/resources/derivatives/9/9CC1A252-CCC8-4F97-98F0-DAA3E47389AF_1_105_c.jpeg"
    ],
    "ultima_modificacion": "2025-08-01 01:01:00.012672"
  },
  "9a31e530a188467a8b8d5ecc2954cc251105c.jpeg": {
    "app_sintetizada": "9A31E530A188467A8B8D5ECC2954CC251105C.JPEG",
    "cantidad_archivos": 1,
    "archivos_fuente": [
      "Pictures/Fototeca de Fotos.photoslibrary/resources/derivatives/9/9A31E530-A188-467A-8B8D-5ECC2954CC25_1_105_c.jpeg"
    ],
    "ultima_modificacion": "2025-08-01 01:01:00.012909"
  },
  "9a477bfda14f49f29ef06f75a794f3e51105c.jpeg": {
    "app_sintetizada": "9A477BFDA14F49F29EF06F75A794F3E51105C.JPEG",
    "cantidad_archivos": 1,
    "archivos_fuente": [
      "Pictures/Fototeca de Fotos.photoslibrary/resources/derivatives/9/9A477BFD-A14F-49F2-9EF0-6F75A794F3E5_1_105_c.jpeg"
    ],
    "ultima_modificacion": "2025-08-01 01:01:00.013219"
  },
  "9c961382b5a24ca6981f0c39aefffa561105c.jpeg": {
    "app_sintetizada": "9C961382B5A24CA6981F0C39AEFFFA561105C.JPEG",
    "cantidad_archivos": 1,
    "archivos_fuente": [
      "Pictures/Fototeca de Fotos.photoslibrary/resources/derivatives/9/9C961382-B5A2-4CA6-981F-0C39AEFFFA56_1_105_c.jpeg"
    ],
    "ultima_modificacion": "2025-08-01 01:01:00.013555"
  },
  "94d177c82017457592a97bd98dc55c551105c.jpeg": {
    "app_sintetizada": "94D177C82017457592A97BD98DC55C551105C.JPEG",
    "cantidad_archivos": 1,
    "archivos_fuente": [
      "Pictures/Fototeca de Fotos.photoslibrary/resources/derivatives/9/94D177C8-2017-4575-92A9-7BD98DC55C55_1_105_c.jpeg"
    ],
    "ultima_modificacion": "2025-08-01 01:01:00.013842"
  },
  "98499a0cf6f744be94a190031b2e05a41105c.jpeg": {
    "app_sintetizada": "98499A0CF6F744BE94A190031B2E05A41105C.JPEG",
    "cantidad_archivos": 1,
    "archivos_fuente": [
      "Pictures/Fototeca de Fotos.photoslibrary/resources/derivatives/9/98499A0C-F6F7-44BE-94A1-90031B2E05A4_1_105_c.jpeg"
    ],
    "ultima_modificacion": "2025-08-01 01:01:00.014116"
  },
  "987e7f5d6f8149d3b060103ab96c63731105c.jpeg": {
    "app_sintetizada": "987E7F5D6F8149D3B060103AB96C63731105C.JPEG",
    "cantidad_archivos": 1,
    "archivos_fuente": [
      "Pictures/Fototeca de Fotos.photoslibrary/resources/derivatives/9/987E7F5D-6F81-49D3-B060-103AB96C6373_1_105_c.jpeg"
    ],
    "ultima_modificacion": "2025-08-01 01:01:00.014385"
  },
  "9df097ceac954c4fb70122ff9fda7b3c1105c.jpeg": {
    "app_sintetizada": "9DF097CEAC954C4FB70122FF9FDA7B3C1105C.JPEG",
    "cantidad_archivos": 1,
    "archivos_fuente": [
      "Pictures/Fototeca de Fotos.photoslibrary/resources/derivatives/9/9DF097CE-AC95-4C4F-B701-22FF9FDA7B3C_1_105_c.jpeg"
    ],
    "ultima_modificacion": "2025-08-01 01:01:00.014640"
  },
  "94d81a2e1e784798969c6c509ede3db11105c.jpeg": {
    "app_sintetizada": "94D81A2E1E784798969C6C509EDE3DB11105C.JPEG",
    "cantidad_archivos": 1,
    "archivos_fuente": [
      "Pictures/Fototeca de Fotos.photoslibrary/resources/derivatives/9/94D81A2E-1E78-4798-969C-6C509EDE3DB1_1_105_c.jpeg"
    ],
    "ultima_modificacion": "2025-08-01 01:01:00.015004"
  },
  "95d2d8d16dd545c3ba95aa21438faef31105c.jpeg": {
    "app_sintetizada": "95D2D8D16DD545C3BA95AA21438FAEF31105C.JPEG",
    "cantidad_archivos": 1,
    "archivos_fuente": [
      "Pictures/Fototeca de Fotos.photoslibrary/resources/derivatives/9/95D2D8D1-6DD5-45C3-BA95-AA21438FAEF3_1_105_c.jpeg"
    ],
    "ultima_modificacion": "2025-08-01 01:01:00.015341"
  },
  "9894885af97a49c5b96824aa76296b0e1105c.jpeg": {
    "app_sintetizada": "9894885AF97A49C5B96824AA76296B0E1105C.JPEG",
    "cantidad_archivos": 1,
    "archivos_fuente": [
      "Pictures/Fototeca de Fotos.photoslibrary/resources/derivatives/9/9894885A-F97A-49C5-B968-24AA76296B0E_1_105_c.jpeg"
    ],
    "ultima_modificacion": "2025-08-01 01:01:00.015590"
  },
  "9e81e8ea991a4bbcbd76d83306b899031105c.jpeg": {
    "app_sintetizada": "9E81E8EA991A4BBCBD76D83306B899031105C.JPEG",
    "cantidad_archivos": 1,
    "archivos_fuente": [
      "Pictures/Fototeca de Fotos.photoslibrary/resources/derivatives/9/9E81E8EA-991A-4BBC-BD76-D83306B89903_1_105_c.jpeg"
    ],
    "ultima_modificacion": "2025-08-01 01:01:00.015925"
  },
  "959d450d7c7341ce96bde40068ebdf931105c.jpeg": {
    "app_sintetizada": "959D450D7C7341CE96BDE40068EBDF931105C.JPEG",
    "cantidad_archivos": 1,
    "archivos_fuente": [
      "Pictures/Fototeca de Fotos.photoslibrary/resources/derivatives/9/959D450D-7C73-41CE-96BD-E40068EBDF93_1_105_c.jpeg"
    ],
    "ultima_modificacion": "2025-08-01 01:01:00.016172"
  },
  "9daa1522fb244361a513fb55438807ed1105c.jpeg": {
    "app_sintetizada": "9DAA1522FB244361A513FB55438807ED1105C.JPEG",
    "cantidad_archivos": 1,
    "archivos_fuente": [
      "Pictures/Fototeca de Fotos.photoslibrary/resources/derivatives/9/9DAA1522-FB24-4361-A513-FB55438807ED_1_105_c.jpeg"
    ],
    "ultima_modificacion": "2025-08-01 01:01:00.016476"
  },
  "90c9806016154c43908950d38587f6ad1105c.jpeg": {
    "app_sintetizada": "90C9806016154C43908950D38587F6AD1105C.JPEG",
    "cantidad_archivos": 1,
    "archivos_fuente": [
      "Pictures/Fototeca de Fotos.photoslibrary/resources/derivatives/9/90C98060-1615-4C43-9089-50D38587F6AD_1_105_c.jpeg"
    ],
    "ultima_modificacion": "2025-08-01 01:01:00.016717"
  },
  "903fdc33cd2b44c3a3a8067a324dea351105c.jpeg": {
    "app_sintetizada": "903FDC33CD2B44C3A3A8067A324DEA351105C.JPEG",
    "cantidad_archivos": 1,
    "archivos_fuente": [
      "Pictures/Fototeca de Fotos.photoslibrary/resources/derivatives/9/903FDC33-CD2B-44C3-A3A8-067A324DEA35_1_105_c.jpeg"
    ],
    "ultima_modificacion": "2025-08-01 01:01:00.016986"
  },
  "9e7a2783d1f741b78fafbd1b1774ba3d1105c.jpeg": {
    "app_sintetizada": "9E7A2783D1F741B78FAFBD1B1774BA3D1105C.JPEG",
    "cantidad_archivos": 1,
    "archivos_fuente": [
      "Pictures/Fototeca de Fotos.photoslibrary/resources/derivatives/9/9E7A2783-D1F7-41B7-8FAF-BD1B1774BA3D_1_105_c.jpeg"
    ],
    "ultima_modificacion": "2025-08-01 01:01:00.017226"
  },
  "9d7b71f3f04a43c698bfd6ebcd028f1a1105c.jpeg": {
    "app_sintetizada": "9D7B71F3F04A43C698BFD6EBCD028F1A1105C.JPEG",
    "cantidad_archivos": 1,
    "archivos_fuente": [
      "Pictures/Fototeca de Fotos.photoslibrary/resources/derivatives/9/9D7B71F3-F04A-43C6-98BF-D6EBCD028F1A_1_105_c.jpeg"
    ],
    "ultima_modificacion": "2025-08-01 01:01:00.017458"
  },
  "9dea087906154d7e8a5bc9f06c3018dd1105c.jpeg": {
    "app_sintetizada": "9DEA087906154D7E8A5BC9F06C3018DD1105C.JPEG",
    "cantidad_archivos": 1,
    "archivos_fuente": [
      "Pictures/Fototeca de Fotos.photoslibrary/resources/derivatives/9/9DEA0879-0615-4D7E-8A5B-C9F06C3018DD_1_105_c.jpeg"
    ],
    "ultima_modificacion": "2025-08-01 01:01:00.017737"
  },
  "9322654ded7f420f9f01c5fc9dbb8c401105c.jpeg": {
    "app_sintetizada": "9322654DED7F420F9F01C5FC9DBB8C401105C.JPEG",
    "cantidad_archivos": 1,
    "archivos_fuente": [
      "Pictures/Fototeca de Fotos.photoslibrary/resources/derivatives/9/9322654D-ED7F-420F-9F01-C5FC9DBB8C40_1_105_c.jpeg"
    ],
    "ultima_modificacion": "2025-08-01 01:01:00.017964"
  },
  "9a1cede28c3e47299397c3a51dd506fd1105c.jpeg": {
    "app_sintetizada": "9A1CEDE28C3E47299397C3A51DD506FD1105C.JPEG",
    "cantidad_archivos": 1,
    "archivos_fuente": [
      "Pictures/Fototeca de Fotos.photoslibrary/resources/derivatives/9/9A1CEDE2-8C3E-4729-9397-C3A51DD506FD_1_105_c.jpeg"
    ],
    "ultima_modificacion": "2025-08-01 01:01:00.018242"
  },
  "9ddd262c777e4ffc975e87b864911d411105c.jpeg": {
    "app_sintetizada": "9DDD262C777E4FFC975E87B864911D411105C.JPEG",
    "cantidad_archivos": 1,
    "archivos_fuente": [
      "Pictures/Fototeca de Fotos.photoslibrary/resources/derivatives/9/9DDD262C-777E-4FFC-975E-87B864911D41_1_105_c.jpeg"
    ],
    "ultima_modificacion": "2025-08-01 01:01:00.018455"
  },
  "96e2f7131685490c92a29fabdcec4eb31105c.jpeg": {
    "app_sintetizada": "96E2F7131685490C92A29FABDCEC4EB31105C.JPEG",
    "cantidad_archivos": 1,
    "archivos_fuente": [
      "Pictures/Fototeca de Fotos.photoslibrary/resources/derivatives/9/96E2F713-1685-490C-92A2-9FABDCEC4EB3_1_105_c.jpeg"
    ],
    "ultima_modificacion": "2025-08-01 01:01:00.018727"
  },
  "9c0d2f8d585b44ac869b6f0f3c4d95061105c.jpeg": {
    "app_sintetizada": "9C0D2F8D585B44AC869B6F0F3C4D95061105C.JPEG",
    "cantidad_archivos": 1,
    "archivos_fuente": [
      "Pictures/Fototeca de Fotos.photoslibrary/resources/derivatives/9/9C0D2F8D-585B-44AC-869B-6F0F3C4D9506_1_105_c.jpeg"
    ],
    "ultima_modificacion": "2025-08-01 01:01:00.019049"
  },
  "93eb70a35da14a16b37f73c39d311e481105c.jpeg": {
    "app_sintetizada": "93EB70A35DA14A16B37F73C39D311E481105C.JPEG",
    "cantidad_archivos": 1,
    "archivos_fuente": [
      "Pictures/Fototeca de Fotos.photoslibrary/resources/derivatives/9/93EB70A3-5DA1-4A16-B37F-73C39D311E48_1_105_c.jpeg"
    ],
    "ultima_modificacion": "2025-08-01 01:01:00.019336"
  },
  "93b342c42271470891cb183a4a31501c1105c.jpeg": {
    "app_sintetizada": "93B342C42271470891CB183A4A31501C1105C.JPEG",
    "cantidad_archivos": 1,
    "archivos_fuente": [
      "Pictures/Fototeca de Fotos.photoslibrary/resources/derivatives/9/93B342C4-2271-4708-91CB-183A4A31501C_1_105_c.jpeg"
    ],
    "ultima_modificacion": "2025-08-01 01:01:00.020240"
  },
  "9d9519ce25f3419b8a0df895f92dfa7c1105c.jpeg": {
    "app_sintetizada": "9D9519CE25F3419B8A0DF895F92DFA7C1105C.JPEG",
    "cantidad_archivos": 1,
    "archivos_fuente": [
      "Pictures/Fototeca de Fotos.photoslibrary/resources/derivatives/9/9D9519CE-25F3-419B-8A0D-F895F92DFA7C_1_105_c.jpeg"
    ],
    "ultima_modificacion": "2025-08-01 01:01:00.020511"
  },
  "9afd0d2ec4f74b66a8d325807c7414af1105c.jpeg": {
    "app_sintetizada": "9AFD0D2EC4F74B66A8D325807C7414AF1105C.JPEG",
    "cantidad_archivos": 1,
    "archivos_fuente": [
      "Pictures/Fototeca de Fotos.photoslibrary/resources/derivatives/9/9AFD0D2E-C4F7-4B66-A8D3-25807C7414AF_1_105_c.jpeg"
    ],
    "ultima_modificacion": "2025-08-01 01:01:00.020756"
  },
  "924943fc72ce48dd87bd50527ac590371105c.jpeg": {
    "app_sintetizada": "924943FC72CE48DD87BD50527AC590371105C.JPEG",
    "cantidad_archivos": 1,
    "archivos_fuente": [
      "Pictures/Fototeca de Fotos.photoslibrary/resources/derivatives/9/924943FC-72CE-48DD-87BD-50527AC59037_1_105_c.jpeg"
    ],
    "ultima_modificacion": "2025-08-01 01:01:00.021074"
  },
  "92623b52a43d493ebbcc761cd02ed2591105c.jpeg": {
    "app_sintetizada": "92623B52A43D493EBBCC761CD02ED2591105C.JPEG",
    "cantidad_archivos": 1,
    "archivos_fuente": [
      "Pictures/Fototeca de Fotos.photoslibrary/resources/derivatives/9/92623B52-A43D-493E-BBCC-761CD02ED259_1_105_c.jpeg"
    ],
    "ultima_modificacion": "2025-08-01 01:01:00.021302"
  },
  "9a85ddafb3124c8fabbea2879a3a88071105c.jpeg": {
    "app_sintetizada": "9A85DDAFB3124C8FABBEA2879A3A88071105C.JPEG",
    "cantidad_archivos": 1,
    "archivos_fuente": [
      "Pictures/Fototeca de Fotos.photoslibrary/resources/derivatives/9/9A85DDAF-B312-4C8F-ABBE-A2879A3A8807_1_105_c.jpeg"
    ],
    "ultima_modificacion": "2025-08-01 01:01:00.021556"
  },
  "90622afe67f746aebdc014f90fbe6d511105c.jpeg": {
    "app_sintetizada": "90622AFE67F746AEBDC014F90FBE6D511105C.JPEG",
    "cantidad_archivos": 1,
    "archivos_fuente": [
      "Pictures/Fototeca de Fotos.photoslibrary/resources/derivatives/9/90622AFE-67F7-46AE-BDC0-14F90FBE6D51_1_105_c.jpeg"
    ],
    "ultima_modificacion": "2025-08-01 01:01:00.021833"
  },
  "9127fe6e639f4f2ba5af2e9f9e63413c1105c.jpeg": {
    "app_sintetizada": "9127FE6E639F4F2BA5AF2E9F9E63413C1105C.JPEG",
    "cantidad_archivos": 1,
    "archivos_fuente": [
      "Pictures/Fototeca de Fotos.photoslibrary/resources/derivatives/9/9127FE6E-639F-4F2B-A5AF-2E9F9E63413C_1_105_c.jpeg"
    ],
    "ultima_modificacion": "2025-08-01 01:01:00.022069"
  },
  "922e1a3eee6544c98ec84d4ec867039d1105c.jpeg": {
    "app_sintetizada": "922E1A3EEE6544C98EC84D4EC867039D1105C.JPEG",
    "cantidad_archivos": 1,
    "archivos_fuente": [
      "Pictures/Fototeca de Fotos.photoslibrary/resources/derivatives/9/922E1A3E-EE65-44C9-8EC8-4D4EC867039D_1_105_c.jpeg"
    ],
    "ultima_modificacion": "2025-08-01 01:01:00.022297"
  },
  "985801383a524a34bc41688cbc71f882.thm": {
    "app_sintetizada": "985801383A524A34BC41688CBC71F882.THM",
    "cantidad_archivos": 1,
    "archivos_fuente": [
      "Pictures/Fototeca de Fotos.photoslibrary/resources/derivatives/9/98580138-3A52-4A34-BC41-688CBC71F882.THM"
    ],
    "ultima_modificacion": "2025-08-01 01:01:00.022513"
  },
  "9b635986346b4601bcd4ddfef11cb0b71105c.jpeg": {
    "app_sintetizada": "9B635986346B4601BCD4DDFEF11CB0B71105C.JPEG",
    "cantidad_archivos": 1,
    "archivos_fuente": [
      "Pictures/Fototeca de Fotos.photoslibrary/resources/derivatives/9/9B635986-346B-4601-BCD4-DDFEF11CB0B7_1_105_c.jpeg"
    ],
    "ultima_modificacion": "2025-08-01 01:01:00.022723"
  },
  "97152f50990543199e9ab77bea3abb401105c.jpeg": {
    "app_sintetizada": "97152F50990543199E9AB77BEA3ABB401105C.JPEG",
    "cantidad_archivos": 1,
    "archivos_fuente": [
      "Pictures/Fototeca de Fotos.photoslibrary/resources/derivatives/9/97152F50-9905-4319-9E9A-B77BEA3ABB40_1_105_c.jpeg"
    ],
    "ultima_modificacion": "2025-08-01 01:01:00.022949"
  },
  "919136211a414a6ca89f7270fcbfd1b01105c.jpeg": {
    "app_sintetizada": "919136211A414A6CA89F7270FCBFD1B01105C.JPEG",
    "cantidad_archivos": 1,
    "archivos_fuente": [
      "Pictures/Fototeca de Fotos.photoslibrary/resources/derivatives/9/91913621-1A41-4A6C-A89F-7270FCBFD1B0_1_105_c.jpeg"
    ],
    "ultima_modificacion": "2025-08-01 01:01:00.023183"
  },
  "94ca27f3351940ef83902b21fcb6b80a1105c.jpeg": {
    "app_sintetizada": "94CA27F3351940EF83902B21FCB6B80A1105C.JPEG",
    "cantidad_archivos": 1,
    "archivos_fuente": [
      "Pictures/Fototeca de Fotos.photoslibrary/resources/derivatives/9/94CA27F3-3519-40EF-8390-2B21FCB6B80A_1_105_c.jpeg"
    ],
    "ultima_modificacion": "2025-08-01 01:01:00.023452"
  },
  "951b9353899a416a84487f0bb2e0c6451105c.jpeg": {
    "app_sintetizada": "951B9353899A416A84487F0BB2E0C6451105C.JPEG",
    "cantidad_archivos": 1,
    "archivos_fuente": [
      "Pictures/Fototeca de Fotos.photoslibrary/resources/derivatives/9/951B9353-899A-416A-8448-7F0BB2E0C645_1_105_c.jpeg"
    ],
    "ultima_modificacion": "2025-08-01 01:01:00.023660"
  },
  "9f4142aa05704f2cabe48c879e2fb83b1105c.jpeg": {
    "app_sintetizada": "9F4142AA05704F2CABE48C879E2FB83B1105C.JPEG",
    "cantidad_archivos": 1,
    "archivos_fuente": [
      "Pictures/Fototeca de Fotos.photoslibrary/resources/derivatives/9/9F4142AA-0570-4F2C-ABE4-8C879E2FB83B_1_105_c.jpeg"
    ],
    "ultima_modificacion": "2025-08-01 01:01:00.023852"
  },
  "9cd6b65167514703be59ecc940360b251105c.jpeg": {
    "app_sintetizada": "9CD6B65167514703BE59ECC940360B251105C.JPEG",
    "cantidad_archivos": 1,
    "archivos_fuente": [
      "Pictures/Fototeca de Fotos.photoslibrary/resources/derivatives/9/9CD6B651-6751-4703-BE59-ECC940360B25_1_105_c.jpeg"
    ],
    "ultima_modificacion": "2025-08-01 01:01:00.024082"
  }
}