{
  "9a23f5034e394fefa0e0cf7e528beed51105c.jpeg": {
    "app_sintetizada": "9A23F5034E394FEFA0E0CF7E528BEED51105C.JPEG",
    "cantidad_archivos": 1,
    "archivos_fuente": [
      "Pictures/Fototeca de Fotos.photoslibrary/resources/derivatives/9/9A23F503-4E39-4FEF-A0E0-CF7E528BEED5_1_105_c.jpeg"
    ],
    "ultima_modificacion": "2025-08-01 01:00:59.779297"
  },
  "991dab5388244e3e80744fe7a5d894c01105c.jpeg": {
    "app_sintetizada": "991DAB5388244E3E80744FE7A5D894C01105C.JPEG",
    "cantidad_archivos": 1,
    "archivos_fuente": [
      "Pictures/Fototeca de Fotos.photoslibrary/resources/derivatives/9/991DAB53-8824-4E3E-8074-4FE7A5D894C0_1_105_c.jpeg"
    ],
    "ultima_modificacion": "2025-08-01 01:00:59.779529"
  },
  "97a8b3b5412b48938e084574dfff95c51105c.jpeg": {
    "app_sintetizada": "97A8B3B5412B48938E084574DFFF95C51105C.JPEG",
    "cantidad_archivos": 1,
    "archivos_fuente": [
      "Pictures/Fototeca de Fotos.photoslibrary/resources/derivatives/9/97A8B3B5-412B-4893-8E08-4574DFFF95C5_1_105_c.jpeg"
    ],
    "ultima_modificacion": "2025-08-01 01:00:59.779812"
  },
  "9647d6eea02f48d7a67edf76710aa69a1105c.jpeg": {
    "app_sintetizada": "9647D6EEA02F48D7A67EDF76710AA69A1105C.JPEG",
    "cantidad_archivos": 1,
    "archivos_fuente": [
      "Pictures/Fototeca de Fotos.photoslibrary/resources/derivatives/9/9647D6EE-A02F-48D7-A67E-DF76710AA69A_1_105_c.jpeg"
    ],
    "ultima_modificacion": "2025-08-01 01:00:59.780066"
  },
  "97c6935b3a6d43e5844ee780c571c4641105c.jpeg": {
    "app_sintetizada": "97C6935B3A6D43E5844EE780C571C4641105C.JPEG",
    "cantidad_archivos": 1,
    "archivos_fuente": [
      "Pictures/Fototeca de Fotos.photoslibrary/resources/derivatives/9/97C6935B-3A6D-43E5-844E-E780C571C464_1_105_c.jpeg"
    ],
    "ultima_modificacion": "2025-08-01 01:00:59.780297"
  },
  "9f4612de7cc64e40a1a77e1684766a891105c.jpeg": {
    "app_sintetizada": "9F4612DE7CC64E40A1A77E1684766A891105C.JPEG",
    "cantidad_archivos": 1,
    "archivos_fuente": [
      "Pictures/Fototeca de Fotos.photoslibrary/resources/derivatives/9/9F4612DE-7CC6-4E40-A1A7-7E1684766A89_1_105_c.jpeg"
    ],
    "ultima_modificacion": "2025-08-01 01:00:59.780518"
  },
  "9ea225db2620454d918b9604af8c32521105c.jpeg": {
    "app_sintetizada": "9EA225DB2620454D918B9604AF8C32521105C.JPEG",
    "cantidad_archivos": 1,
    "archivos_fuente": [
      "Pictures/Fototeca de Fotos.photoslibrary/resources/derivatives/9/9EA225DB-2620-454D-918B-9604AF8C3252_1_105_c.jpeg"
    ],
    "ultima_modificacion": "2025-08-01 01:00:59.780792"
  },
  "982d40442cb945e3bcacc8bc2986c9531105c.jpeg": {
    "app_sintetizada": "982D40442CB945E3BCACC8BC2986C9531105C.JPEG",
    "cantidad_archivos": 1,
    "archivos_fuente": [
      "Pictures/Fototeca de Fotos.photoslibrary/resources/derivatives/9/982D4044-2CB9-45E3-BCAC-C8BC2986C953_1_105_c.jpeg"
    ],
    "ultima_modificacion": "2025-08-01 01:00:59.780984"
  },
  "97ea5185f90449488e8b469e7a44e9cf1105c.jpeg": {
    "app_sintetizada": "97EA5185F90449488E8B469E7A44E9CF1105C.JPEG",
    "cantidad_archivos": 1,
    "archivos_fuente": [
      "Pictures/Fototeca de Fotos.photoslibrary/resources/derivatives/9/97EA5185-F904-4948-8E8B-469E7A44E9CF_1_105_c.jpeg"
    ],
    "ultima_modificacion": "2025-08-01 01:00:59.781174"
  },
  "9562199a19684b97a74fb6f0bff81ea51105c.jpeg": {
    "app_sintetizada": "9562199A19684B97A74FB6F0BFF81EA51105C.JPEG",
    "cantidad_archivos": 1,
    "archivos_fuente": [
      "Pictures/Fototeca de Fotos.photoslibrary/resources/derivatives/9/9562199A-1968-4B97-A74F-B6F0BFF81EA5_1_105_c.jpeg"
    ],
    "ultima_modificacion": "2025-08-01 01:00:59.781348"
  },
  "9f03d632168d40fca2040eaabd0ae3b11105c.jpeg": {
    "app_sintetizada": "9F03D632168D40FCA2040EAABD0AE3B11105C.JPEG",
    "cantidad_archivos": 1,
    "archivos_fuente": [
      "Pictures/Fototeca de Fotos.photoslibrary/resources/derivatives/9/9F03D632-168D-40FC-A204-0EAABD0AE3B1_1_105_c.jpeg"
    ],
    "ultima_modificacion": "2025-08-01 01:00:59.781515"
  },
  "9a6d2d54f39c416da1351993ef603ea81105c.jpeg": {
    "app_sintetizada": "9A6D2D54F39C416DA1351993EF603EA81105C.JPEG",
    "cantidad_archivos": 1,
    "archivos_fuente": [
      "Pictures/Fototeca de Fotos.photoslibrary/resources/derivatives/9/9A6D2D54-F39C-416D-A135-1993EF603EA8_1_105_c.jpeg"
    ],
    "ultima_modificacion": "2025-08-01 01:00:59.781681"
  },
  "9ae6453b6108411e864cfd80622aab98.thm": {
    "app_sintetizada": "9AE6453B6108411E864CFD80622AAB98.THM",
    "cantidad_archivos": 1,
    "archivos_fuente": [
      "Pictures/Fototeca de Fotos.photoslibrary/resources/derivatives/9/9AE6453B-6108-411E-864C-FD80622AAB98.THM"
    ],
    "ultima_modificacion": "2025-08-01 01:00:59.781855"
  },
  "942fbe4353e5461f85503577c5be7b231105c.jpeg": {
    "app_sintetizada": "942FBE4353E5461F85503577C5BE7B231105C.JPEG",
    "cantidad_archivos": 1,
    "archivos_fuente": [
      "Pictures/Fototeca de Fotos.photoslibrary/resources/derivatives/9/942FBE43-53E5-461F-8550-3577C5BE7B23_1_105_c.jpeg"
    ],
    "ultima_modificacion": "2025-08-01 01:00:59.782021"
  },
  "9c2e4dc18acf46b08dbf4af78f0e87671105c.jpeg": {
    "app_sintetizada": "9C2E4DC18ACF46B08DBF4AF78F0E87671105C.JPEG",
    "cantidad_archivos": 1,
    "archivos_fuente": [
      "Pictures/Fototeca de Fotos.photoslibrary/resources/derivatives/9/9C2E4DC1-8ACF-46B0-8DBF-4AF78F0E8767_1_105_c.jpeg"
    ],
    "ultima_modificacion": "2025-08-01 01:00:59.782202"
  },
  "900a9c0a968a46fc919d6e33a77c55761105c.jpeg": {
    "app_sintetizada": "900A9C0A968A46FC919D6E33A77C55761105C.JPEG",
    "cantidad_archivos": 1,
    "archivos_fuente": [
      "Pictures/Fototeca de Fotos.photoslibrary/resources/derivatives/9/900A9C0A-968A-46FC-919D-6E33A77C5576_1_105_c.jpeg"
    ],
    "ultima_modificacion": "2025-08-01 01:00:59.782377"
  },
  "95177ab4bcfa4ba6bb2856d3977e587d1105c.jpeg": {
    "app_sintetizada": "95177AB4BCFA4BA6BB2856D3977E587D1105C.JPEG",
    "cantidad_archivos": 1,
    "archivos_fuente": [
      "Pictures/Fototeca de Fotos.photoslibrary/resources/derivatives/9/95177AB4-BCFA-4BA6-BB28-56D3977E587D_1_105_c.jpeg"
    ],
    "ultima_modificacion": "2025-08-01 01:00:59.782582"
  },
  "95f8e2504ff947a9ab9d4a147088bacb1105c.jpeg": {
    "app_sintetizada": "95F8E2504FF947A9AB9D4A147088BACB1105C.JPEG",
    "cantidad_archivos": 1,
    "archivos_fuente": [
      "Pictures/Fototeca de Fotos.photoslibrary/resources/derivatives/9/95F8E250-4FF9-47A9-AB9D-4A147088BACB_1_105_c.jpeg"
    ],
    "ultima_modificacion": "2025-08-01 01:00:59.782884"
  },
  "9242823a17f74a8fbde72fde456690091105c.jpeg": {
    "app_sintetizada": "9242823A17F74A8FBDE72FDE456690091105C.JPEG",
    "cantidad_archivos": 1,
    "archivos_fuente": [
      "Pictures/Fototeca de Fotos.photoslibrary/resources/derivatives/9/9242823A-17F7-4A8F-BDE7-2FDE45669009_1_105_c.jpeg"
    ],
    "ultima_modificacion": "2025-08-01 01:00:59.783136"
  },
  "9c37b0b06df94a06bcaa4b5c40eb3f0d1105c.jpeg": {
    "app_sintetizada": "9C37B0B06DF94A06BCAA4B5C40EB3F0D1105C.JPEG",
    "cantidad_archivos": 1,
    "archivos_fuente": [
      "Pictures/Fototeca de Fotos.photoslibrary/resources/derivatives/9/9C37B0B0-6DF9-4A06-BCAA-4B5C40EB3F0D_1_105_c.jpeg"
    ],
    "ultima_modificacion": "2025-08-01 01:00:59.783332"
  },
  "92ef68197d4d4e559fec14bbc3394baf1105c.jpeg": {
    "app_sintetizada": "92EF68197D4D4E559FEC14BBC3394BAF1105C.JPEG",
    "cantidad_archivos": 1,
    "archivos_fuente": [
      "Pictures/Fototeca de Fotos.photoslibrary/resources/derivatives/9/92EF6819-7D4D-4E55-9FEC-14BBC3394BAF_1_105_c.jpeg"
    ],
    "ultima_modificacion": "2025-08-01 01:00:59.783550"
  },
  "99598cd77b9a4e5f8d18250e6f16ded8.thm": {
    "app_sintetizada": "99598CD77B9A4E5F8D18250E6F16DED8.THM",
    "cantidad_archivos": 1,
    "archivos_fuente": [
      "Pictures/Fototeca de Fotos.photoslibrary/resources/derivatives/9/99598CD7-7B9A-4E5F-8D18-250E6F16DED8.THM"
    ],
    "ultima_modificacion": "2025-08-01 01:00:59.783771"
  },
  "95bfc4f109fe4e66b4c5e2fd0e506e001105c.jpeg": {
    "app_sintetizada": "95BFC4F109FE4E66B4C5E2FD0E506E001105C.JPEG",
    "cantidad_archivos": 1,
    "archivos_fuente": [
      "Pictures/Fototeca de Fotos.photoslibrary/resources/derivatives/9/95BFC4F1-09FE-4E66-B4C5-E2FD0E506E00_1_105_c.jpeg"
    ],
    "ultima_modificacion": "2025-08-01 01:00:59.784026"
  },
  "93b42c14c8b74b5cae6495c2c8e4d6df1105c.jpeg": {
    "app_sintetizada": "93B42C14C8B74B5CAE6495C2C8E4D6DF1105C.JPEG",
    "cantidad_archivos": 1,
    "archivos_fuente": [
      "Pictures/Fototeca de Fotos.photoslibrary/resources/derivatives/9/93B42C14-C8B7-4B5C-AE64-95C2C8E4D6DF_1_105_c.jpeg"
    ],
    "ultima_modificacion": "2025-08-01 01:00:59.784241"
  },
  "9bd008346e894e9398a2b03795a1672c1105c.jpeg": {
    "app_sintetizada": "9BD008346E894E9398A2B03795A1672C1105C.JPEG",
    "cantidad_archivos": 1,
    "archivos_fuente": [
      "Pictures/Fototeca de Fotos.photoslibrary/resources/derivatives/9/9BD00834-6E89-4E93-98A2-B03795A1672C_1_105_c.jpeg"
    ],
    "ultima_modificacion": "2025-08-01 01:00:59.784496"
  },
  "98c2a88cb9aa4b6f927f77ee399616891105c.jpeg": {
    "app_sintetizada": "98C2A88CB9AA4B6F927F77EE399616891105C.JPEG",
    "cantidad_archivos": 1,
    "archivos_fuente": [
      "Pictures/Fototeca de Fotos.photoslibrary/resources/derivatives/9/98C2A88C-B9AA-4B6F-927F-77EE39961689_1_105_c.jpeg"
    ],
    "ultima_modificacion": "2025-08-01 01:00:59.784708"
  },
  "9657f2abc5ce4c6a8eca19c2b202a0001105c.jpeg": {
    "app_sintetizada": "9657F2ABC5CE4C6A8ECA19C2B202A0001105C.JPEG",
    "cantidad_archivos": 1,
    "archivos_fuente": [
      "Pictures/Fototeca de Fotos.photoslibrary/resources/derivatives/9/9657F2AB-C5CE-4C6A-8ECA-19C2B202A000_1_105_c.jpeg"
    ],
    "ultima_modificacion": "2025-08-01 01:00:59.784898"
  },
  "934c5ac2fd1148668e1a0f120b025bd81105c.jpeg": {
    "app_sintetizada": "934C5AC2FD1148668E1A0F120B025BD81105C.JPEG",
    "cantidad_archivos": 1,
    "archivos_fuente": [
      "Pictures/Fototeca de Fotos.photoslibrary/resources/derivatives/9/934C5AC2-FD11-4866-8E1A-0F120B025BD8_1_105_c.jpeg"
    ],
    "ultima_modificacion": "2025-08-01 01:00:59.785081"
  },
  "94e2e6ffd8f84905b9e3ebc3549aeb761105c.jpeg": {
    "app_sintetizada": "94E2E6FFD8F84905B9E3EBC3549AEB761105C.JPEG",
    "cantidad_archivos": 1,
    "archivos_fuente": [
      "Pictures/Fototeca de Fotos.photoslibrary/resources/derivatives/9/94E2E6FF-D8F8-4905-B9E3-EBC3549AEB76_1_105_c.jpeg"
    ],
    "ultima_modificacion": "2025-08-01 01:00:59.785268"
  },
  "9c02c3df043843e78ced991dbd4ebff31105c.jpeg": {
    "app_sintetizada": "9C02C3DF043843E78CED991DBD4EBFF31105C.JPEG",
    "cantidad_archivos": 1,
    "archivos_fuente": [
      "Pictures/Fototeca de Fotos.photoslibrary/resources/derivatives/9/9C02C3DF-0438-43E7-8CED-991DBD4EBFF3_1_105_c.jpeg"
    ],
    "ultima_modificacion": "2025-08-01 01:00:59.785455"
  },
  "993ed1d5a67d4c54ae1124cf9dbe50fc1105c.jpeg": {
    "app_sintetizada": "993ED1D5A67D4C54AE1124CF9DBE50FC1105C.JPEG",
    "cantidad_archivos": 1,
    "archivos_fuente": [
      "Pictures/Fototeca de Fotos.photoslibrary/resources/derivatives/9/993ED1D5-A67D-4C54-AE11-24CF9DBE50FC_1_105_c.jpeg"
    ],
    "ultima_modificacion": "2025-08-01 01:00:59.785710"
  },
  "9900ce49b0da4a4a97fc7a64f2d795411105c.jpeg": {
    "app_sintetizada": "9900CE49B0DA4A4A97FC7A64F2D795411105C.JPEG",
    "cantidad_archivos": 1,
    "archivos_fuente": [
      "Pictures/Fototeca de Fotos.photoslibrary/resources/derivatives/9/9900CE49-B0DA-4A4A-97FC-7A64F2D79541_1_105_c.jpeg"
    ],
    "ultima_modificacion": "2025-08-01 01:00:59.786011"
  },
  "978c02d2fbf148b3966f1b605aeb3f7a1105c.jpeg": {
    "app_sintetizada": "978C02D2FBF148B3966F1B605AEB3F7A1105C.JPEG",
    "cantidad_archivos": 1,
    "archivos_fuente": [
      "Pictures/Fototeca de Fotos.photoslibrary/resources/derivatives/9/978C02D2-FBF1-48B3-966F-1B605AEB3F7A_1_105_c.jpeg"
    ],
    "ultima_modificacion": "2025-08-01 01:00:59.786297"
  },
  "94443aad4a444a76825bf1bd280e4cb51105c.jpeg": {
    "app_sintetizada": "94443AAD4A444A76825BF1BD280E4CB51105C.JPEG",
    "cantidad_archivos": 1,
    "archivos_fuente": [
      "Pictures/Fototeca de Fotos.photoslibrary/resources/derivatives/9/94443AAD-4A44-4A76-825B-F1BD280E4CB5_1_105_c.jpeg"
    ],
    "ultima_modificacion": "2025-08-01 01:00:59.786606"
  },
  "9fe6217efe0a419ca6d732181013186f1105c.jpeg": {
    "app_sintetizada": "9FE6217EFE0A419CA6D732181013186F1105C.JPEG",
    "cantidad_archivos": 1,
    "archivos_fuente": [
      "Pictures/Fototeca de Fotos.photoslibrary/resources/derivatives/9/9FE6217E-FE0A-419C-A6D7-32181013186F_1_105_c.jpeg"
    ],
    "ultima_modificacion": "2025-08-01 01:00:59.786896"
  },
  "9dd9faceb2814d2d8b458bea4e60f1221105c.jpeg": {
    "app_sintetizada": "9DD9FACEB2814D2D8B458BEA4E60F1221105C.JPEG",
    "cantidad_archivos": 1,
    "archivos_fuente": [
      "Pictures/Fototeca de Fotos.photoslibrary/resources/derivatives/9/9DD9FACE-B281-4D2D-8B45-8BEA4E60F122_1_105_c.jpeg"
    ],
    "ultima_modificacion": "2025-08-01 01:00:59.787190"
  },
  "95993b613925453e8051921a2b71e9641105c.jpeg": {
    "app_sintetizada": "95993B613925453E8051921A2B71E9641105C.JPEG",
    "cantidad_archivos": 1,
    "archivos_fuente": [
      "Pictures/Fototeca de Fotos.photoslibrary/resources/derivatives/9/95993B61-3925-453E-8051-921A2B71E964_1_105_c.jpeg"
    ],
    "ultima_modificacion": "2025-08-01 01:00:59.787480"
  },
  "976438638b574c53b6db2a8d82f83ddf1105c.jpeg": {
    "app_sintetizada": "976438638B574C53B6DB2A8D82F83DDF1105C.JPEG",
    "cantidad_archivos": 1,
    "archivos_fuente": [
      "Pictures/Fototeca de Fotos.photoslibrary/resources/derivatives/9/97643863-8B57-4C53-B6DB-2A8D82F83DDF_1_105_c.jpeg"
    ],
    "ultima_modificacion": "2025-08-01 01:00:59.787771"
  },
  "94ee3c6f73b843e29b4ff4d2fbd8d2e51105c.jpeg": {
    "app_sintetizada": "94EE3C6F73B843E29B4FF4D2FBD8D2E51105C.JPEG",
    "cantidad_archivos": 1,
    "archivos_fuente": [
      "Pictures/Fototeca de Fotos.photoslibrary/resources/derivatives/9/94EE3C6F-73B8-43E2-9B4F-F4D2FBD8D2E5_1_105_c.jpeg"
    ],
    "ultima_modificacion": "2025-08-01 01:00:59.788083"
  },
  "9df72b36e06f4887bcb5168566a0cd601105c.jpeg": {
    "app_sintetizada": "9DF72B36E06F4887BCB5168566A0CD601105C.JPEG",
    "cantidad_archivos": 1,
    "archivos_fuente": [
      "Pictures/Fototeca de Fotos.photoslibrary/resources/derivatives/9/9DF72B36-E06F-4887-BCB5-168566A0CD60_1_105_c.jpeg"
    ],
    "ultima_modificacion": "2025-08-01 01:00:59.788392"
  },
  "952cc9cd3a0b48ea95c296b0006d5e561105c.jpeg": {
    "app_sintetizada": "952CC9CD3A0B48EA95C296B0006D5E561105C.JPEG",
    "cantidad_archivos": 1,
    "archivos_fuente": [
      "Pictures/Fototeca de Fotos.photoslibrary/resources/derivatives/9/952CC9CD-3A0B-48EA-95C2-96B0006D5E56_1_105_c.jpeg"
    ],
    "ultima_modificacion": "2025-08-01 01:00:59.788738"
  },
  "940e7242202d4042b040b24bc8f7b1e01105c.jpeg": {
    "app_sintetizada": "940E7242202D4042B040B24BC8F7B1E01105C.JPEG",
    "cantidad_archivos": 1,
    "archivos_fuente": [
      "Pictures/Fototeca de Fotos.photoslibrary/resources/derivatives/9/940E7242-202D-4042-B040-B24BC8F7B1E0_1_105_c.jpeg"
    ],
    "ultima_modificacion": "2025-08-01 01:00:59.789049"
  },
  "98b702b7cd41480f914f369f7ee48c3c1105c.jpeg": {
    "app_sintetizada": "98B702B7CD41480F914F369F7EE48C3C1105C.JPEG",
    "cantidad_archivos": 1,
    "archivos_fuente": [
      "Pictures/Fototeca de Fotos.photoslibrary/resources/derivatives/9/98B702B7-CD41-480F-914F-369F7EE48C3C_1_105_c.jpeg"
    ],
    "ultima_modificacion": "2025-08-01 01:00:59.789331"
  },
  "9b3cf5fff3fc4e348c76b789673b594e1105c.jpeg": {
    "app_sintetizada": "9B3CF5FFF3FC4E348C76B789673B594E1105C.JPEG",
    "cantidad_archivos": 1,
    "archivos_fuente": [
      "Pictures/Fototeca de Fotos.photoslibrary/resources/derivatives/9/9B3CF5FF-F3FC-4E34-8C76-B789673B594E_1_105_c.jpeg"
    ],
    "ultima_modificacion": "2025-08-01 01:00:59.789637"
  },
  "91aad5476c65406d9282482d024913f91105c.jpeg": {
    "app_sintetizada": "91AAD5476C65406D9282482D024913F91105C.JPEG",
    "cantidad_archivos": 1,
    "archivos_fuente": [
      "Pictures/Fototeca de Fotos.photoslibrary/resources/derivatives/9/91AAD547-6C65-406D-9282-482D024913F9_1_105_c.jpeg"
    ],
    "ultima_modificacion": "2025-08-01 01:00:59.789956"
  },
  "9e2a76235a774d3692944b362deb58261105c.jpeg": {
    "app_sintetizada": "9E2A76235A774D3692944B362DEB58261105C.JPEG",
    "cantidad_archivos": 1,
    "archivos_fuente": [
      "Pictures/Fototeca de Fotos.photoslibrary/resources/derivatives/9/9E2A7623-5A77-4D36-9294-4B362DEB5826_1_105_c.jpeg"
    ],
    "ultima_modificacion": "2025-08-01 01:00:59.790267"
  },
  "9ee610bd22a947adbfcb894659d452801105c.jpeg": {
    "app_sintetizada": "9EE610BD22A947ADBFCB894659D452801105C.JPEG",
    "cantidad_archivos": 1,
    "archivos_fuente": [
      "Pictures/Fototeca de Fotos.photoslibrary/resources/derivatives/9/9EE610BD-22A9-47AD-BFCB-894659D45280_1_105_c.jpeg"
    ],
    "ultima_modificacion": "2025-08-01 01:00:59.790589"
  },
  "94fafd4165e9481e80d5fbb92e7dad121105c.jpeg": {
    "app_sintetizada": "94FAFD4165E9481E80D5FBB92E7DAD121105C.JPEG",
    "cantidad_archivos": 1,
    "archivos_fuente": [
      "Pictures/Fototeca de Fotos.photoslibrary/resources/derivatives/9/94FAFD41-65E9-481E-80D5-FBB92E7DAD12_1_105_c.jpeg"
    ],
    "ultima_modificacion": "2025-08-01 01:00:59.790884"
  },
  "9ebfc77324844a6a80cc7671376b12e31105c.jpeg": {
    "app_sintetizada": "9EBFC77324844A6A80CC7671376B12E31105C.JPEG",
    "cantidad_archivos": 1,
    "archivos_fuente": [
      "Pictures/Fototeca de Fotos.photoslibrary/resources/derivatives/9/9EBFC773-2484-4A6A-80CC-7671376B12E3_1_105_c.jpeg"
    ],
    "ultima_modificacion": "2025-08-01 01:00:59.791188"
  },
  "91d78a05de794d2892845cba1eefab861105c.jpeg": {
    "app_sintetizada": "91D78A05DE794D2892845CBA1EEFAB861105C.JPEG",
    "cantidad_archivos": 1,
    "archivos_fuente": [
      "Pictures/Fototeca de Fotos.photoslibrary/resources/derivatives/9/91D78A05-DE79-4D28-9284-5CBA1EEFAB86_1_105_c.jpeg"
    ],
    "ultima_modificacion": "2025-08-01 01:00:59.791499"
  },
  "90d3a14260084d1584fb400a49ba33f31105c.jpeg": {
    "app_sintetizada": "90D3A14260084D1584FB400A49BA33F31105C.JPEG",
    "cantidad_archivos": 1,
    "archivos_fuente": [
      "Pictures/Fototeca de Fotos.photoslibrary/resources/derivatives/9/90D3A142-6008-4D15-84FB-400A49BA33F3_1_105_c.jpeg"
    ],
    "ultima_modificacion": "2025-08-01 01:00:59.791802"
  },
  "929b99b7c55a4188a87d19bb30337f631105c.jpeg": {
    "app_sintetizada": "929B99B7C55A4188A87D19BB30337F631105C.JPEG",
    "cantidad_archivos": 1,
    "archivos_fuente": [
      "Pictures/Fototeca de Fotos.photoslibrary/resources/derivatives/9/929B99B7-C55A-4188-A87D-19BB30337F63_1_105_c.jpeg"
    ],
    "ultima_modificacion": "2025-08-01 01:00:59.792157"
  },
  "99717e642b404d4f985102f93d272ca21105c.jpeg": {
    "app_sintetizada": "99717E642B404D4F985102F93D272CA21105C.JPEG",
    "cantidad_archivos": 1,
    "archivos_fuente": [
      "Pictures/Fototeca de Fotos.photoslibrary/resources/derivatives/9/99717E64-2B40-4D4F-9851-02F93D272CA2_1_105_c.jpeg"
    ],
    "ultima_modificacion": "2025-08-01 01:00:59.792474"
  },
  "9b7c0194af4542cb8bed7f55e548ee261105c.jpeg": {
    "app_sintetizada": "9B7C0194AF4542CB8BED7F55E548EE261105C.JPEG",
    "cantidad_archivos": 1,
    "archivos_fuente": [
      "Pictures/Fototeca de Fotos.photoslibrary/resources/derivatives/9/9B7C0194-AF45-42CB-8BED-7F55E548EE26_1_105_c.jpeg"
    ],
    "ultima_modificacion": "2025-08-01 01:00:59.792762"
  },
  "95aff3d34b60432e8001171a53b07a8b1105c.jpeg": {
    "app_sintetizada": "95AFF3D34B60432E8001171A53B07A8B1105C.JPEG",
    "cantidad_archivos": 1,
    "archivos_fuente": [
      "Pictures/Fototeca de Fotos.photoslibrary/resources/derivatives/9/95AFF3D3-4B60-432E-8001-171A53B07A8B_1_105_c.jpeg"
    ],
    "ultima_modificacion": "2025-08-01 01:00:59.793074"
  },
  "9e458b25c159477aa6a49d3e4f186c1a1105c.jpeg": {
    "app_sintetizada": "9E458B25C159477AA6A49D3E4F186C1A1105C.JPEG",
    "cantidad_archivos": 1,
    "archivos_fuente": [
      "Pictures/Fototeca de Fotos.photoslibrary/resources/derivatives/9/9E458B25-C159-477A-A6A4-9D3E4F186C1A_1_105_c.jpeg"
    ],
    "ultima_modificacion": "2025-08-01 01:00:59.793353"
  },
  "9b74d518c5324b3e84c514c066a385061105c.jpeg": {
    "app_sintetizada": "9B74D518C5324B3E84C514C066A385061105C.JPEG",
    "cantidad_archivos": 1,
    "archivos_fuente": [
      "Pictures/Fototeca de Fotos.photoslibrary/resources/derivatives/9/9B74D518-C532-4B3E-84C5-14C066A38506_1_105_c.jpeg"
    ],
    "ultima_modificacion": "2025-08-01 01:00:59.793625"
  },
  "919e88ae5e114039a78a989ef0ba68631105c.jpeg": {
    "app_sintetizada": "919E88AE5E114039A78A989EF0BA68631105C.JPEG",
    "cantidad_archivos": 1,
    "archivos_fuente": [
      "Pictures/Fototeca de Fotos.photoslibrary/resources/derivatives/9/919E88AE-5E11-4039-A78A-989EF0BA6863_1_105_c.jpeg"
    ],
    "ultima_modificacion": "2025-08-01 01:00:59.793891"
  },
  "9783866bec85465083ced5761391e01d.thm": {
    "app_sintetizada": "9783866BEC85465083CED5761391E01D.THM",
    "cantidad_archivos": 1,
    "archivos_fuente": [
      "Pictures/Fototeca de Fotos.photoslibrary/resources/derivatives/9/9783866B-EC85-4650-83CE-D5761391E01D.THM"
    ],
    "ultima_modificacion": "2025-08-01 01:00:59.794197"
  },
  "9a7e4883d7594f70bbb604e816deaea81105c.jpeg": {
    "app_sintetizada": "9A7E4883D7594F70BBB604E816DEAEA81105C.JPEG",
    "cantidad_archivos": 1,
    "archivos_fuente": [
      "Pictures/Fototeca de Fotos.photoslibrary/resources/derivatives/9/9A7E4883-D759-4F70-BBB6-04E816DEAEA8_1_105_c.jpeg"
    ],
    "ultima_modificacion": "2025-08-01 01:00:59.794456"
  },
  "9d0e06a0f2464ab6af80a4cbfb21efca1105c.jpeg": {
    "app_sintetizada": "9D0E06A0F2464AB6AF80A4CBFB21EFCA1105C.JPEG",
    "cantidad_archivos": 1,
    "archivos_fuente": [
      "Pictures/Fototeca de Fotos.photoslibrary/resources/derivatives/9/9D0E06A0-F246-4AB6-AF80-A4CBFB21EFCA_1_105_c.jpeg"
    ],
    "ultima_modificacion": "2025-08-01 01:00:59.794757"
  },
  "96becf937f294875ba64ccf27efcc1a91105c.jpeg": {
    "app_sintetizada": "96BECF937F294875BA64CCF27EFCC1A91105C.JPEG",
    "cantidad_archivos": 1,
    "archivos_fuente": [
      "Pictures/Fototeca de Fotos.photoslibrary/resources/derivatives/9/96BECF93-7F29-4875-BA64-CCF27EFCC1A9_1_105_c.jpeg"
    ],
    "ultima_modificacion": "2025-08-01 01:00:59.795070"
  },
  "9b18c0b15303425fb41a881ed0b6abfb1105c.jpeg": {
    "app_sintetizada": "9B18C0B15303425FB41A881ED0B6ABFB1105C.JPEG",
    "cantidad_archivos": 1,
    "archivos_fuente": [
      "Pictures/Fototeca de Fotos.photoslibrary/resources/derivatives/9/9B18C0B1-5303-425F-B41A-881ED0B6ABFB_1_105_c.jpeg"
    ],
    "ultima_modificacion": "2025-08-01 01:00:59.795351"
  },
  "9f6a8860e82a432ea3c4475086f013101105c.jpeg": {
    "app_sintetizada": "9F6A8860E82A432EA3C4475086F013101105C.JPEG",
    "cantidad_archivos": 1,
    "archivos_fuente": [
      "Pictures/Fototeca de Fotos.photoslibrary/resources/derivatives/9/9F6A8860-E82A-432E-A3C4-475086F01310_1_105_c.jpeg"
    ],
    "ultima_modificacion": "2025-08-01 01:00:59.795649"
  },
  "918caa5c9cfc4eb0bb10a6b0310528d71105c.jpeg": {
    "app_sintetizada": "918CAA5C9CFC4EB0BB10A6B0310528D71105C.JPEG",
    "cantidad_archivos": 1,
    "archivos_fuente": [
      "Pictures/Fototeca de Fotos.photoslibrary/resources/derivatives/9/918CAA5C-9CFC-4EB0-BB10-A6B0310528D7_1_105_c.jpeg"
    ],
    "ultima_modificacion": "2025-08-01 01:00:59.795942"
  },
  "933910ba2964436ca5a789fd1e69ed3c1105c.jpeg": {
    "app_sintetizada": "933910BA2964436CA5A789FD1E69ED3C1105C.JPEG",
    "cantidad_archivos": 1,
    "archivos_fuente": [
      "Pictures/Fototeca de Fotos.photoslibrary/resources/derivatives/9/933910BA-2964-436C-A5A7-89FD1E69ED3C_1_105_c.jpeg"
    ],
    "ultima_modificacion": "2025-08-01 01:00:59.796201"
  },
  "96ecc4b799e2480eb9dddcde17828bce1105c.jpeg": {
    "app_sintetizada": "96ECC4B799E2480EB9DDDCDE17828BCE1105C.JPEG",
    "cantidad_archivos": 1,
    "archivos_fuente": [
      "Pictures/Fototeca de Fotos.photoslibrary/resources/derivatives/9/96ECC4B7-99E2-480E-B9DD-DCDE17828BCE_1_105_c.jpeg"
    ],
    "ultima_modificacion": "2025-08-01 01:00:59.796493"
  },
  "924db3865db54c78aa177493880ae67f1105c.jpeg": {
    "app_sintetizada": "924DB3865DB54C78AA177493880AE67F1105C.JPEG",
    "cantidad_archivos": 1,
    "archivos_fuente": [
      "Pictures/Fototeca de Fotos.photoslibrary/resources/derivatives/9/924DB386-5DB5-4C78-AA17-7493880AE67F_1_105_c.jpeg"
    ],
    "ultima_modificacion": "2025-08-01 01:00:59.796769"
  },
  "95c363ba7ead401086aca8cae3d330021105c.jpeg": {
    "app_sintetizada": "95C363BA7EAD401086ACA8CAE3D330021105C.JPEG",
    "cantidad_archivos": 1,
    "archivos_fuente": [
      "Pictures/Fototeca de Fotos.photoslibrary/resources/derivatives/9/95C363BA-7EAD-4010-86AC-A8CAE3D33002_1_105_c.jpeg"
    ],
    "ultima_modificacion": "2025-08-01 01:00:59.797050"
  },
  "91efbcfe052a4a61a5558165aa238d8d1105c.jpeg": {
    "app_sintetizada": "91EFBCFE052A4A61A5558165AA238D8D1105C.JPEG",
    "cantidad_archivos": 1,
    "archivos_fuente": [
      "Pictures/Fototeca de Fotos.photoslibrary/resources/derivatives/9/91EFBCFE-052A-4A61-A555-8165AA238D8D_1_105_c.jpeg"
    ],
    "ultima_modificacion": "2025-08-01 01:00:59.797342"
  },
  "94e47bf0a40b4c59a84351e679c5104a1105c.jpeg": {
    "app_sintetizada": "94E47BF0A40B4C59A84351E679C5104A1105C.JPEG",
    "cantidad_archivos": 1,
    "archivos_fuente": [
      "Pictures/Fototeca de Fotos.photoslibrary/resources/derivatives/9/94E47BF0-A40B-4C59-A843-51E679C5104A_1_105_c.jpeg"
    ],
    "ultima_modificacion": "2025-08-01 01:00:59.797657"
  },
  "95392f7db1e64614993bc7cd26998c8e1105c.jpeg": {
    "app_sintetizada": "95392F7DB1E64614993BC7CD26998C8E1105C.JPEG",
    "cantidad_archivos": 1,
    "archivos_fuente": [
      "Pictures/Fototeca de Fotos.photoslibrary/resources/derivatives/9/95392F7D-B1E6-4614-993B-C7CD26998C8E_1_105_c.jpeg"
    ],
    "ultima_modificacion": "2025-08-01 01:00:59.797924"
  },
  "935f74105713407b8cc684a3d40e3b2f1105c.jpeg": {
    "app_sintetizada": "935F74105713407B8CC684A3D40E3B2F1105C.JPEG",
    "cantidad_archivos": 1,
    "archivos_fuente": [
      "Pictures/Fototeca de Fotos.photoslibrary/resources/derivatives/9/935F7410-5713-407B-8CC6-84A3D40E3B2F_1_105_c.jpeg"
    ],
    "ultima_modificacion": "2025-08-01 01:00:59.798235"
  },
  "983e497526ba4d43846bed999a1fe7b61105c.jpeg": {
    "app_sintetizada": "983E497526BA4D43846BED999A1FE7B61105C.JPEG",
    "cantidad_archivos": 1,
    "archivos_fuente": [
      "Pictures/Fototeca de Fotos.photoslibrary/resources/derivatives/9/983E4975-26BA-4D43-846B-ED999A1FE7B6_1_105_c.jpeg"
    ],
    "ultima_modificacion": "2025-08-01 01:00:59.798524"
  },
  "9ba428d0c8f04268981c414244e766c11105c.jpeg": {
    "app_sintetizada": "9BA428D0C8F04268981C414244E766C11105C.JPEG",
    "cantidad_archivos": 1,
    "archivos_fuente": [
      "Pictures/Fototeca de Fotos.photoslibrary/resources/derivatives/9/9BA428D0-C8F0-4268-981C-414244E766C1_1_105_c.jpeg"
    ],
    "ultima_modificacion": "2025-08-01 01:00:59.798794"
  },
  "96db09337b0348b9afe0897f148e1a001105c.jpeg": {
    "app_sintetizada": "96DB09337B0348B9AFE0897F148E1A001105C.JPEG",
    "cantidad_archivos": 1,
    "archivos_fuente": [
      "Pictures/Fototeca de Fotos.photoslibrary/resources/derivatives/9/96DB0933-7B03-48B9-AFE0-897F148E1A00_1_105_c.jpeg"
    ],
    "ultima_modificacion": "2025-08-01 01:00:59.799079"
  },
  "9c22d0bcbdba45d2b68b91a25e83542b1105c.jpeg": {
    "app_sintetizada": "9C22D0BCBDBA45D2B68B91A25E83542B1105C.JPEG",
    "cantidad_archivos": 1,
    "archivos_fuente": [
      "Pictures/Fototeca de Fotos.photoslibrary/resources/derivatives/9/9C22D0BC-BDBA-45D2-B68B-91A25E83542B_1_105_c.jpeg"
    ],
    "ultima_modificacion": "2025-08-01 01:00:59.799362"
  },
  "97207de2d63342d29412153a3aebacf01105c.jpeg": {
    "app_sintetizada": "97207DE2D63342D29412153A3AEBACF01105C.JPEG",
    "cantidad_archivos": 1,
    "archivos_fuente": [
      "Pictures/Fototeca de Fotos.photoslibrary/resources/derivatives/9/97207DE2-D633-42D2-9412-153A3AEBACF0_1_105_c.jpeg"
    ],
    "ultima_modificacion": "2025-08-01 01:00:59.799649"
  },
  "949c1176fac947bea1b48182c98c379c.thm": {
    "app_sintetizada": "949C1176FAC947BEA1B48182C98C379C.THM",
    "cantidad_archivos": 1,
    "archivos_fuente": [
      "Pictures/Fototeca de Fotos.photoslibrary/resources/derivatives/9/949C1176-FAC9-47BE-A1B4-8182C98C379C.THM"
    ],
    "ultima_modificacion": "2025-08-01 01:00:59.799934"
  },
  "9518ef26b2744180ba64476f277fbb5b1105c.jpeg": {
    "app_sintetizada": "9518EF26B2744180BA64476F277FBB5B1105C.JPEG",
    "cantidad_archivos": 1,
    "archivos_fuente": [
      "Pictures/Fototeca de Fotos.photoslibrary/resources/derivatives/9/9518EF26-B274-4180-BA64-476F277FBB5B_1_105_c.jpeg"
    ],
    "ultima_modificacion": "2025-08-01 01:00:59.800205"
  },
  "96b38694c25947b4a02b18e84f8ed2591102o.jpeg": {
    "app_sintetizada": "96B38694C25947B4A02B18E84F8ED2591102O.JPEG",
    "cantidad_archivos": 1,
    "archivos_fuente": [
      "Pictures/Fototeca de Fotos.photoslibrary/resources/derivatives/9/96B38694-C259-47B4-A02B-18E84F8ED259_1_102_o.jpeg"
    ],
    "ultima_modificacion": "2025-08-01 01:00:59.800506"
  },
  "93296a132b324d5ba81dbf3780db2f121105c.jpeg": {
    "app_sintetizada": "93296A132B324D5BA81DBF3780DB2F121105C.JPEG",
    "cantidad_archivos": 1,
    "archivos_fuente": [
      "Pictures/Fototeca de Fotos.photoslibrary/resources/derivatives/9/93296A13-2B32-4D5B-A81D-BF3780DB2F12_1_105_c.jpeg"
    ],
    "ultima_modificacion": "2025-08-01 01:00:59.800771"
  },
  "905522adc4d14665b37964f827ea1c8f1105c.jpeg": {
    "app_sintetizada": "905522ADC4D14665B37964F827EA1C8F1105C.JPEG",
    "cantidad_archivos": 1,
    "archivos_fuente": [
      "Pictures/Fototeca de Fotos.photoslibrary/resources/derivatives/9/905522AD-C4D1-4665-B379-64F827EA1C8F_1_105_c.jpeg"
    ],
    "ultima_modificacion": "2025-08-01 01:00:59.801066"
  },
  "9a1f777290604662a544559aa2006f3a1105c.jpeg": {
    "app_sintetizada": "9A1F777290604662A544559AA2006F3A1105C.JPEG",
    "cantidad_archivos": 1,
    "archivos_fuente": [
      "Pictures/Fototeca de Fotos.photoslibrary/resources/derivatives/9/9A1F7772-9060-4662-A544-559AA2006F3A_1_105_c.jpeg"
    ],
    "ultima_modificacion": "2025-08-01 01:00:59.801376"
  },
  "96be1e017f244b7aabcafa397801ccfb1105c.jpeg": {
    "app_sintetizada": "96BE1E017F244B7AABCAFA397801CCFB1105C.JPEG",
    "cantidad_archivos": 1,
    "archivos_fuente": [
      "Pictures/Fototeca de Fotos.photoslibrary/resources/derivatives/9/96BE1E01-7F24-4B7A-ABCA-FA397801CCFB_1_105_c.jpeg"
    ],
    "ultima_modificacion": "2025-08-01 01:00:59.801671"
  },
  "9b67abe7a44c4c5f8c2fa8b279b804411105c.jpeg": {
    "app_sintetizada": "9B67ABE7A44C4C5F8C2FA8B279B804411105C.JPEG",
    "cantidad_archivos": 1,
    "archivos_fuente": [
      "Pictures/Fototeca de Fotos.photoslibrary/resources/derivatives/9/9B67ABE7-A44C-4C5F-8C2F-A8B279B80441_1_105_c.jpeg"
    ],
    "ultima_modificacion": "2025-08-01 01:00:59.801937"
  },
  "91d86a3b830e4751b90c6a24e514da3f1105c.jpeg": {
    "app_sintetizada": "91D86A3B830E4751B90C6A24E514DA3F1105C.JPEG",
    "cantidad_archivos": 1,
    "archivos_fuente": [
      "Pictures/Fototeca de Fotos.photoslibrary/resources/derivatives/9/91D86A3B-830E-4751-B90C-6A24E514DA3F_1_105_c.jpeg"
    ],
    "ultima_modificacion": "2025-08-01 01:00:59.802241"
  },
  "9769293a7a6142aa83533f24a8960fe31105c.jpeg": {
    "app_sintetizada": "9769293A7A6142AA83533F24A8960FE31105C.JPEG",
    "cantidad_archivos": 1,
    "archivos_fuente": [
      "Pictures/Fototeca de Fotos.photoslibrary/resources/derivatives/9/9769293A-7A61-42AA-8353-3F24A8960FE3_1_105_c.jpeg"
    ],
    "ultima_modificacion": "2025-08-01 01:00:59.802533"
  },
  "93d52bc3302c448c91c1cb07fcf2a0161105c.jpeg": {
    "app_sintetizada": "93D52BC3302C448C91C1CB07FCF2A0161105C.JPEG",
    "cantidad_archivos": 1,
    "archivos_fuente": [
      "Pictures/Fototeca de Fotos.photoslibrary/resources/derivatives/9/93D52BC3-302C-448C-91C1-CB07FCF2A016_1_105_c.jpeg"
    ],
    "ultima_modificacion": "2025-08-01 01:00:59.802837"
  },
  "9907fa4a010f4af6bc9a46c7262484f71105c.jpeg": {
    "app_sintetizada": "9907FA4A010F4AF6BC9A46C7262484F71105C.JPEG",
    "cantidad_archivos": 1,
    "archivos_fuente": [
      "Pictures/Fototeca de Fotos.photoslibrary/resources/derivatives/9/9907FA4A-010F-4AF6-BC9A-46C7262484F7_1_105_c.jpeg"
    ],
    "ultima_modificacion": "2025-08-01 01:00:59.803139"
  },
  "9f4da15956694f27a0b952557c4fdcc91105c.jpeg": {
    "app_sintetizada": "9F4DA15956694F27A0B952557C4FDCC91105C.JPEG",
    "cantidad_archivos": 1,
    "archivos_fuente": [
      "Pictures/Fototeca de Fotos.photoslibrary/resources/derivatives/9/9F4DA159-5669-4F27-A0B9-52557C4FDCC9_1_105_c.jpeg"
    ],
    "ultima_modificacion": "2025-08-01 01:00:59.803451"
  },
  "93f8064c7d87481e838f8e5af2bf23611105c.jpeg": {
    "app_sintetizada": "93F8064C7D87481E838F8E5AF2BF23611105C.JPEG",
    "cantidad_archivos": 1,
    "archivos_fuente": [
      "Pictures/Fototeca de Fotos.photoslibrary/resources/derivatives/9/93F8064C-7D87-481E-838F-8E5AF2BF2361_1_105_c.jpeg"
    ],
    "ultima_modificacion": "2025-08-01 01:00:59.803758"
  },
  "956294dabb2f46279c4e93579fb6b8d71105c.jpeg": {
    "app_sintetizada": "956294DABB2F46279C4E93579FB6B8D71105C.JPEG",
    "cantidad_archivos": 1,
    "archivos_fuente": [
      "Pictures/Fototeca de Fotos.photoslibrary/resources/derivatives/9/956294DA-BB2F-4627-9C4E-93579FB6B8D7_1_105_c.jpeg"
    ],
    "ultima_modificacion": "2025-08-01 01:00:59.804068"
  },
  "9cb4319abe8d4e399758cc5942c09fc81105c.jpeg": {
    "app_sintetizada": "9CB4319ABE8D4E399758CC5942C09FC81105C.JPEG",
    "cantidad_archivos": 1,
    "archivos_fuente": [
      "Pictures/Fototeca de Fotos.photoslibrary/resources/derivatives/9/9CB4319A-BE8D-4E39-9758-CC5942C09FC8_1_105_c.jpeg"
    ],
    "ultima_modificacion": "2025-08-01 01:00:59.804370"
  },
  "908cf310cc874c158ca63f4079f077351105c.jpeg": {
    "app_sintetizada": "908CF310CC874C158CA63F4079F077351105C.JPEG",
    "cantidad_archivos": 1,
    "archivos_fuente": [
      "Pictures/Fototeca de Fotos.photoslibrary/resources/derivatives/9/908CF310-CC87-4C15-8CA6-3F4079F07735_1_105_c.jpeg"
    ],
    "ultima_modificacion": "2025-08-01 01:00:59.804668"
  },
  "9b75fecb2cdb461abb791f365815ccff1105c.jpeg": {
    "app_sintetizada": "9B75FECB2CDB461ABB791F365815CCFF1105C.JPEG",
    "cantidad_archivos": 1,
    "archivos_fuente": [
      "Pictures/Fototeca de Fotos.photoslibrary/resources/derivatives/9/9B75FECB-2CDB-461A-BB79-1F365815CCFF_1_105_c.jpeg"
    ],
    "ultima_modificacion": "2025-08-01 01:00:59.804964"
  },
  "9e6821fe38df4a71ab2f2efdb672d4f81105c.jpeg": {
    "app_sintetizada": "9E6821FE38DF4A71AB2F2EFDB672D4F81105C.JPEG",
    "cantidad_archivos": 1,
    "archivos_fuente": [
      "Pictures/Fototeca de Fotos.photoslibrary/resources/derivatives/9/9E6821FE-38DF-4A71-AB2F-2EFDB672D4F8_1_105_c.jpeg"
    ],
    "ultima_modificacion": "2025-08-01 01:00:59.805255"
  },
  "92b90f5678ed41cab2a5c45684e755e11105c.jpeg": {
    "app_sintetizada": "92B90F5678ED41CAB2A5C45684E755E11105C.JPEG",
    "cantidad_archivos": 1,
    "archivos_fuente": [
      "Pictures/Fototeca de Fotos.photoslibrary/resources/derivatives/9/92B90F56-78ED-41CA-B2A5-C45684E755E1_1_105_c.jpeg"
    ],
    "ultima_modificacion": "2025-08-01 01:00:59.805531"
  },
  "9037d985b45640e59fa0b732914845a71105c.jpeg": {
    "app_sintetizada": "9037D985B45640E59FA0B732914845A71105C.JPEG",
    "cantidad_archivos": 1,
    "archivos_fuente": [
      "Pictures/Fototeca de Fotos.photoslibrary/resources/derivatives/9/9037D985-B456-40E5-9FA0-B732914845A7_1_105_c.jpeg"
    ],
    "ultima_modificacion": "2025-08-01 01:00:59.805819"
  },
  "9562dc45d84a4fea992bd76b9b82b9b81105c.jpeg": {
    "app_sintetizada": "9562DC45D84A4FEA992BD76B9B82B9B81105C.JPEG",
    "cantidad_archivos": 1,
    "archivos_fuente": [
      "Pictures/Fototeca de Fotos.photoslibrary/resources/derivatives/9/9562DC45-D84A-4FEA-992B-D76B9B82B9B8_1_105_c.jpeg"
    ],
    "ultima_modificacion": "2025-08-01 01:00:59.806117"
  }
}