{
  "983f63bbd85f49c1a0e0a648f69013e81105c.jpeg": {
    "app_sintetizada": "983F63BBD85F49C1A0E0A648F69013E81105C.JPEG",
    "cantidad_archivos": 1,
    "archivos_fuente": [
      "Pictures/Fototeca de Fotos.photoslibrary/resources/derivatives/9/983F63BB-D85F-49C1-A0E0-A648F69013E8_1_105_c.jpeg"
    ],
    "ultima_modificacion": "2025-08-01 01:00:59.806449"
  },
  "97cf48292597421d9f52e31fe6e397541105c.jpeg": {
    "app_sintetizada": "97CF48292597421D9F52E31FE6E397541105C.JPEG",
    "cantidad_archivos": 1,
    "archivos_fuente": [
      "Pictures/Fototeca de Fotos.photoslibrary/resources/derivatives/9/97CF4829-2597-421D-9F52-E31FE6E39754_1_105_c.jpeg"
    ],
    "ultima_modificacion": "2025-08-01 01:00:59.806773"
  },
  "985212fc753449c7bf533e7286cdd80c.thm": {
    "app_sintetizada": "985212FC753449C7BF533E7286CDD80C.THM",
    "cantidad_archivos": 1,
    "archivos_fuente": [
      "Pictures/Fototeca de Fotos.photoslibrary/resources/derivatives/9/985212FC-7534-49C7-BF53-3E7286CDD80C.THM"
    ],
    "ultima_modificacion": "2025-08-01 01:00:59.807089"
  },
  "966a5032cb2c4d1599cd2f42b0b6f65e1105c.jpeg": {
    "app_sintetizada": "966A5032CB2C4D1599CD2F42B0B6F65E1105C.JPEG",
    "cantidad_archivos": 1,
    "archivos_fuente": [
      "Pictures/Fototeca de Fotos.photoslibrary/resources/derivatives/9/966A5032-CB2C-4D15-99CD-2F42B0B6F65E_1_105_c.jpeg"
    ],
    "ultima_modificacion": "2025-08-01 01:00:59.807376"
  },
  "99e84e038a614465b3a9ad0c1c24d48e1105c.jpeg": {
    "app_sintetizada": "99E84E038A614465B3A9AD0C1C24D48E1105C.JPEG",
    "cantidad_archivos": 1,
    "archivos_fuente": [
      "Pictures/Fototeca de Fotos.photoslibrary/resources/derivatives/9/99E84E03-8A61-4465-B3A9-AD0C1C24D48E_1_105_c.jpeg"
    ],
    "ultima_modificacion": "2025-08-01 01:00:59.807766"
  },
  "90205c9b40584528905c2c20cfb352a31105c.jpeg": {
    "app_sintetizada": "90205C9B40584528905C2C20CFB352A31105C.JPEG",
    "cantidad_archivos": 1,
    "archivos_fuente": [
      "Pictures/Fototeca de Fotos.photoslibrary/resources/derivatives/9/90205C9B-4058-4528-905C-2C20CFB352A3_1_105_c.jpeg"
    ],
    "ultima_modificacion": "2025-08-01 01:00:59.808097"
  },
  "9a24e6c55c2e4b9598ca75e8c32f408a1105c.jpeg": {
    "app_sintetizada": "9A24E6C55C2E4B9598CA75E8C32F408A1105C.JPEG",
    "cantidad_archivos": 1,
    "archivos_fuente": [
      "Pictures/Fototeca de Fotos.photoslibrary/resources/derivatives/9/9A24E6C5-5C2E-4B95-98CA-75E8C32F408A_1_105_c.jpeg"
    ],
    "ultima_modificacion": "2025-08-01 01:00:59.808410"
  },
  "93b6a7dfbf79478cb7f652fc180048821105c.jpeg": {
    "app_sintetizada": "93B6A7DFBF79478CB7F652FC180048821105C.JPEG",
    "cantidad_archivos": 1,
    "archivos_fuente": [
      "Pictures/Fototeca de Fotos.photoslibrary/resources/derivatives/9/93B6A7DF-BF79-478C-B7F6-52FC18004882_1_105_c.jpeg"
    ],
    "ultima_modificacion": "2025-08-01 01:00:59.808760"
  },
  "95f149e7d39d49108191c8ea97b5cdf31100o.jpeg": {
    "app_sintetizada": "95F149E7D39D49108191C8EA97B5CDF31100O.JPEG",
    "cantidad_archivos": 1,
    "archivos_fuente": [
      "Pictures/Fototeca de Fotos.photoslibrary/resources/derivatives/9/95F149E7-D39D-4910-8191-C8EA97B5CDF3_1_100_o.jpeg"
    ],
    "ultima_modificacion": "2025-08-01 01:00:59.809059"
  },
  "977db49c013e48359f8716e19135b5661105c.jpeg": {
    "app_sintetizada": "977DB49C013E48359F8716E19135B5661105C.JPEG",
    "cantidad_archivos": 1,
    "archivos_fuente": [
      "Pictures/Fototeca de Fotos.photoslibrary/resources/derivatives/9/977DB49C-013E-4835-9F87-16E19135B566_1_105_c.jpeg"
    ],
    "ultima_modificacion": "2025-08-01 01:00:59.809524"
  },
  "93d71031381c41758265cf7488c5b2331105c.jpeg": {
    "app_sintetizada": "93D71031381C41758265CF7488C5B2331105C.JPEG",
    "cantidad_archivos": 1,
    "archivos_fuente": [
      "Pictures/Fototeca de Fotos.photoslibrary/resources/derivatives/9/93D71031-381C-4175-8265-CF7488C5B233_1_105_c.jpeg"
    ],
    "ultima_modificacion": "2025-08-01 01:00:59.809885"
  },
  "941e8338882349b6aeeb4e3840034ecb1105c.jpeg": {
    "app_sintetizada": "941E8338882349B6AEEB4E3840034ECB1105C.JPEG",
    "cantidad_archivos": 1,
    "archivos_fuente": [
      "Pictures/Fototeca de Fotos.photoslibrary/resources/derivatives/9/941E8338-8823-49B6-AEEB-4E3840034ECB_1_105_c.jpeg"
    ],
    "ultima_modificacion": "2025-08-01 01:00:59.810251"
  },
  "9727971c1a044312860eb440a866b8231105c.jpeg": {
    "app_sintetizada": "9727971C1A044312860EB440A866B8231105C.JPEG",
    "cantidad_archivos": 1,
    "archivos_fuente": [
      "Pictures/Fototeca de Fotos.photoslibrary/resources/derivatives/9/9727971C-1A04-4312-860E-B440A866B823_1_105_c.jpeg"
    ],
    "ultima_modificacion": "2025-08-01 01:00:59.810576"
  },
  "9926137d9a654ff4851b8d7524e9557c1105c.jpeg": {
    "app_sintetizada": "9926137D9A654FF4851B8D7524E9557C1105C.JPEG",
    "cantidad_archivos": 1,
    "archivos_fuente": [
      "Pictures/Fototeca de Fotos.photoslibrary/resources/derivatives/9/9926137D-9A65-4FF4-851B-8D7524E9557C_1_105_c.jpeg"
    ],
    "ultima_modificacion": "2025-08-01 01:00:59.810811"
  },
  "9ec1ea1c75f34a258644a76fd0031c3e1105c.jpeg": {
    "app_sintetizada": "9EC1EA1C75F34A258644A76FD0031C3E1105C.JPEG",
    "cantidad_archivos": 1,
    "archivos_fuente": [
      "Pictures/Fototeca de Fotos.photoslibrary/resources/derivatives/9/9EC1EA1C-75F3-4A25-8644-A76FD0031C3E_1_105_c.jpeg"
    ],
    "ultima_modificacion": "2025-08-01 01:00:59.811020"
  },
  "9639f8ca1e5b45f8aacc88370f6855841105c.jpeg": {
    "app_sintetizada": "9639F8CA1E5B45F8AACC88370F6855841105C.JPEG",
    "cantidad_archivos": 1,
    "archivos_fuente": [
      "Pictures/Fototeca de Fotos.photoslibrary/resources/derivatives/9/9639F8CA-1E5B-45F8-AACC-88370F685584_1_105_c.jpeg"
    ],
    "ultima_modificacion": "2025-08-01 01:00:59.811220"
  },
  "9906951d980e4e658f6f412f6cbdceed1105c.jpeg": {
    "app_sintetizada": "9906951D980E4E658F6F412F6CBDCEED1105C.JPEG",
    "cantidad_archivos": 1,
    "archivos_fuente": [
      "Pictures/Fototeca de Fotos.photoslibrary/resources/derivatives/9/9906951D-980E-4E65-8F6F-412F6CBDCEED_1_105_c.jpeg"
    ],
    "ultima_modificacion": "2025-08-01 01:00:59.811413"
  },
  "978b84c9541945efb53c1189e9347271.thm": {
    "app_sintetizada": "978B84C9541945EFB53C1189E9347271.THM",
    "cantidad_archivos": 1,
    "archivos_fuente": [
      "Pictures/Fototeca de Fotos.photoslibrary/resources/derivatives/9/978B84C9-5419-45EF-B53C-1189E9347271.THM"
    ],
    "ultima_modificacion": "2025-08-01 01:00:59.811600"
  },
  "91c5d6a36b6745a49e11ed7aed24dbeb1105c.jpeg": {
    "app_sintetizada": "91C5D6A36B6745A49E11ED7AED24DBEB1105C.JPEG",
    "cantidad_archivos": 1,
    "archivos_fuente": [
      "Pictures/Fototeca de Fotos.photoslibrary/resources/derivatives/9/91C5D6A3-6B67-45A4-9E11-ED7AED24DBEB_1_105_c.jpeg"
    ],
    "ultima_modificacion": "2025-08-01 01:00:59.811785"
  },
  "93e925cadc8d447083e72f1ac19a94731105c.jpeg": {
    "app_sintetizada": "93E925CADC8D447083E72F1AC19A94731105C.JPEG",
    "cantidad_archivos": 1,
    "archivos_fuente": [
      "Pictures/Fototeca de Fotos.photoslibrary/resources/derivatives/9/93E925CA-DC8D-4470-83E7-2F1AC19A9473_1_105_c.jpeg"
    ],
    "ultima_modificacion": "2025-08-01 01:00:59.811975"
  },
  "9ee1d65f527d40c5bb7df6cf96bb26241105c.jpeg": {
    "app_sintetizada": "9EE1D65F527D40C5BB7DF6CF96BB26241105C.JPEG",
    "cantidad_archivos": 1,
    "archivos_fuente": [
      "Pictures/Fototeca de Fotos.photoslibrary/resources/derivatives/9/9EE1D65F-527D-40C5-BB7D-F6CF96BB2624_1_105_c.jpeg"
    ],
    "ultima_modificacion": "2025-08-01 01:00:59.812187"
  },
  "921e627e236a40259659539e3df413a31105c.jpeg": {
    "app_sintetizada": "921E627E236A40259659539E3DF413A31105C.JPEG",
    "cantidad_archivos": 1,
    "archivos_fuente": [
      "Pictures/Fototeca de Fotos.photoslibrary/resources/derivatives/9/921E627E-236A-4025-9659-539E3DF413A3_1_105_c.jpeg"
    ],
    "ultima_modificacion": "2025-08-01 01:00:59.812395"
  },
  "999925cd689940c39d06da514a6e1c691105c.jpeg": {
    "app_sintetizada": "999925CD689940C39D06DA514A6E1C691105C.JPEG",
    "cantidad_archivos": 1,
    "archivos_fuente": [
      "Pictures/Fototeca de Fotos.photoslibrary/resources/derivatives/9/999925CD-6899-40C3-9D06-DA514A6E1C69_1_105_c.jpeg"
    ],
    "ultima_modificacion": "2025-08-01 01:00:59.812602"
  },
  "94141f8d762e4e3eaf65364539d9b8591105c.jpeg": {
    "app_sintetizada": "94141F8D762E4E3EAF65364539D9B8591105C.JPEG",
    "cantidad_archivos": 1,
    "archivos_fuente": [
      "Pictures/Fototeca de Fotos.photoslibrary/resources/derivatives/9/94141F8D-762E-4E3E-AF65-364539D9B859_1_105_c.jpeg"
    ],
    "ultima_modificacion": "2025-08-01 01:00:59.812813"
  },
  "994855d9b08a4615ba7a58627b9428771105c.jpeg": {
    "app_sintetizada": "994855D9B08A4615BA7A58627B9428771105C.JPEG",
    "cantidad_archivos": 1,
    "archivos_fuente": [
      "Pictures/Fototeca de Fotos.photoslibrary/resources/derivatives/9/994855D9-B08A-4615-BA7A-58627B942877_1_105_c.jpeg"
    ],
    "ultima_modificacion": "2025-08-01 01:00:59.813043"
  },
  "92cf4dba3a164483b80409774045f8df1105c.jpeg": {
    "app_sintetizada": "92CF4DBA3A164483B80409774045F8DF1105C.JPEG",
    "cantidad_archivos": 1,
    "archivos_fuente": [
      "Pictures/Fototeca de Fotos.photoslibrary/resources/derivatives/9/92CF4DBA-3A16-4483-B804-09774045F8DF_1_105_c.jpeg"
    ],
    "ultima_modificacion": "2025-08-01 01:00:59.813341"
  },
  "9a49a2e1018b4a4aa39ae6b22322fbb61105c.jpeg": {
    "app_sintetizada": "9A49A2E1018B4A4AA39AE6B22322FBB61105C.JPEG",
    "cantidad_archivos": 1,
    "archivos_fuente": [
      "Pictures/Fototeca de Fotos.photoslibrary/resources/derivatives/9/9A49A2E1-018B-4A4A-A39A-E6B22322FBB6_1_105_c.jpeg"
    ],
    "ultima_modificacion": "2025-08-01 01:00:59.813624"
  },
  "9db47d6f072b4305a97f574ecf5355331105c.jpeg": {
    "app_sintetizada": "9DB47D6F072B4305A97F574ECF5355331105C.JPEG",
    "cantidad_archivos": 1,
    "archivos_fuente": [
      "Pictures/Fototeca de Fotos.photoslibrary/resources/derivatives/9/9DB47D6F-072B-4305-A97F-574ECF535533_1_105_c.jpeg"
    ],
    "ultima_modificacion": "2025-08-01 01:00:59.813915"
  },
  "92b955511f484e5388783ba6a4f96b9e1105c.jpeg": {
    "app_sintetizada": "92B955511F484E5388783BA6A4F96B9E1105C.JPEG",
    "cantidad_archivos": 1,
    "archivos_fuente": [
      "Pictures/Fototeca de Fotos.photoslibrary/resources/derivatives/9/92B95551-1F48-4E53-8878-3BA6A4F96B9E_1_105_c.jpeg"
    ],
    "ultima_modificacion": "2025-08-01 01:00:59.814139"
  },
  "99c057d15cf74247a3c5490faaecbc7d1105c.jpeg": {
    "app_sintetizada": "99C057D15CF74247A3C5490FAAECBC7D1105C.JPEG",
    "cantidad_archivos": 1,
    "archivos_fuente": [
      "Pictures/Fototeca de Fotos.photoslibrary/resources/derivatives/9/99C057D1-5CF7-4247-A3C5-490FAAECBC7D_1_105_c.jpeg"
    ],
    "ultima_modificacion": "2025-08-01 01:00:59.814363"
  },
  "9702313589cb48f199a19df509148cfb1105c.jpeg": {
    "app_sintetizada": "9702313589CB48F199A19DF509148CFB1105C.JPEG",
    "cantidad_archivos": 1,
    "archivos_fuente": [
      "Pictures/Fototeca de Fotos.photoslibrary/resources/derivatives/9/97023135-89CB-48F1-99A1-9DF509148CFB_1_105_c.jpeg"
    ],
    "ultima_modificacion": "2025-08-01 01:00:59.814553"
  },
  "978437b35a65475cae0403ba72412d4c1105c.jpeg": {
    "app_sintetizada": "978437B35A65475CAE0403BA72412D4C1105C.JPEG",
    "cantidad_archivos": 1,
    "archivos_fuente": [
      "Pictures/Fototeca de Fotos.photoslibrary/resources/derivatives/9/978437B3-5A65-475C-AE04-03BA72412D4C_1_105_c.jpeg"
    ],
    "ultima_modificacion": "2025-08-01 01:00:59.814747"
  },
  "9124148ae7724bfcbb430af9b5def2011105c.jpeg": {
    "app_sintetizada": "9124148AE7724BFCBB430AF9B5DEF2011105C.JPEG",
    "cantidad_archivos": 1,
    "archivos_fuente": [
      "Pictures/Fototeca de Fotos.photoslibrary/resources/derivatives/9/9124148A-E772-4BFC-BB43-0AF9B5DEF201_1_105_c.jpeg"
    ],
    "ultima_modificacion": "2025-08-01 01:00:59.814944"
  },
  "94503459452a4a898d8f1e3797d92d18.thm": {
    "app_sintetizada": "94503459452A4A898D8F1E3797D92D18.THM",
    "cantidad_archivos": 1,
    "archivos_fuente": [
      "Pictures/Fototeca de Fotos.photoslibrary/resources/derivatives/9/94503459-452A-4A89-8D8F-1E3797D92D18.THM"
    ],
    "ultima_modificacion": "2025-08-01 01:00:59.815137"
  },
  "9a3494e6757449528283c620fcb269081105c.jpeg": {
    "app_sintetizada": "9A3494E6757449528283C620FCB269081105C.JPEG",
    "cantidad_archivos": 1,
    "archivos_fuente": [
      "Pictures/Fototeca de Fotos.photoslibrary/resources/derivatives/9/9A3494E6-7574-4952-8283-C620FCB26908_1_105_c.jpeg"
    ],
    "ultima_modificacion": "2025-08-01 01:00:59.815318"
  },
  "99f330a5d34247f981dc22b08c2925e51105c.jpeg": {
    "app_sintetizada": "99F330A5D34247F981DC22B08C2925E51105C.JPEG",
    "cantidad_archivos": 1,
    "archivos_fuente": [
      "Pictures/Fototeca de Fotos.photoslibrary/resources/derivatives/9/99F330A5-D342-47F9-81DC-22B08C2925E5_1_105_c.jpeg"
    ],
    "ultima_modificacion": "2025-08-01 01:00:59.815507"
  },
  "935c113d174647b1861599d1d275e66c1105c.jpeg": {
    "app_sintetizada": "935C113D174647B1861599D1D275E66C1105C.JPEG",
    "cantidad_archivos": 1,
    "archivos_fuente": [
      "Pictures/Fototeca de Fotos.photoslibrary/resources/derivatives/9/935C113D-1746-47B1-8615-99D1D275E66C_1_105_c.jpeg"
    ],
    "ultima_modificacion": "2025-08-01 01:00:59.815695"
  },
  "9c548729a680464b8ad2a626bb713be71105c.jpeg": {
    "app_sintetizada": "9C548729A680464B8AD2A626BB713BE71105C.JPEG",
    "cantidad_archivos": 1,
    "archivos_fuente": [
      "Pictures/Fototeca de Fotos.photoslibrary/resources/derivatives/9/9C548729-A680-464B-8AD2-A626BB713BE7_1_105_c.jpeg"
    ],
    "ultima_modificacion": "2025-08-01 01:00:59.815873"
  },
  "9f00398b633e4d0aba72963760ae9128.thm": {
    "app_sintetizada": "9F00398B633E4D0ABA72963760AE9128.THM",
    "cantidad_archivos": 1,
    "archivos_fuente": [
      "Pictures/Fototeca de Fotos.photoslibrary/resources/derivatives/9/9F00398B-633E-4D0A-BA72-963760AE9128.THM"
    ],
    "ultima_modificacion": "2025-08-01 01:00:59.816049"
  },
  "9fd0778f54394e7a9a6264a7e44596dc1105c.jpeg": {
    "app_sintetizada": "9FD0778F54394E7A9A6264A7E44596DC1105C.JPEG",
    "cantidad_archivos": 1,
    "archivos_fuente": [
      "Pictures/Fototeca de Fotos.photoslibrary/resources/derivatives/9/9FD0778F-5439-4E7A-9A62-64A7E44596DC_1_105_c.jpeg"
    ],
    "ultima_modificacion": "2025-08-01 01:00:59.816232"
  },
  "94b497ad11e948ffaad2eda87f2663bb1105c.jpeg": {
    "app_sintetizada": "94B497AD11E948FFAAD2EDA87F2663BB1105C.JPEG",
    "cantidad_archivos": 1,
    "archivos_fuente": [
      "Pictures/Fototeca de Fotos.photoslibrary/resources/derivatives/9/94B497AD-11E9-48FF-AAD2-EDA87F2663BB_1_105_c.jpeg"
    ],
    "ultima_modificacion": "2025-08-01 01:00:59.816517"
  },
  "9b299847ebbc41b9ac9c7b313d1a120c1100o.jpeg": {
    "app_sintetizada": "9B299847EBBC41B9AC9C7B313D1A120C1100O.JPEG",
    "cantidad_archivos": 1,
    "archivos_fuente": [
      "Pictures/Fototeca de Fotos.photoslibrary/resources/derivatives/9/9B299847-EBBC-41B9-AC9C-7B313D1A120C_1_100_o.jpeg"
    ],
    "ultima_modificacion": "2025-08-01 01:00:59.816757"
  },
  "9cc51b7c1f3a410f82b4153b884a27ba1100o.jpeg": {
    "app_sintetizada": "9CC51B7C1F3A410F82B4153B884A27BA1100O.JPEG",
    "cantidad_archivos": 1,
    "archivos_fuente": [
      "Pictures/Fototeca de Fotos.photoslibrary/resources/derivatives/9/9CC51B7C-1F3A-410F-82B4-153B884A27BA_1_100_o.jpeg"
    ],
    "ultima_modificacion": "2025-08-01 01:00:59.817079"
  },
  "9a7338e80c68459b8d6d248d74f0f9e11105c.jpeg": {
    "app_sintetizada": "9A7338E80C68459B8D6D248D74F0F9E11105C.JPEG",
    "cantidad_archivos": 1,
    "archivos_fuente": [
      "Pictures/Fototeca de Fotos.photoslibrary/resources/derivatives/9/9A7338E8-0C68-459B-8D6D-248D74F0F9E1_1_105_c.jpeg"
    ],
    "ultima_modificacion": "2025-08-01 01:00:59.817362"
  },
  "9837dc3527e141b497a1b588b3730d68.thm": {
    "app_sintetizada": "9837DC3527E141B497A1B588B3730D68.THM",
    "cantidad_archivos": 1,
    "archivos_fuente": [
      "Pictures/Fototeca de Fotos.photoslibrary/resources/derivatives/9/9837DC35-27E1-41B4-97A1-B588B3730D68.THM"
    ],
    "ultima_modificacion": "2025-08-01 01:00:59.817662"
  },
  "9aa6aa636a0e4f019caa47e2414715201105c.jpeg": {
    "app_sintetizada": "9AA6AA636A0E4F019CAA47E2414715201105C.JPEG",
    "cantidad_archivos": 1,
    "archivos_fuente": [
      "Pictures/Fototeca de Fotos.photoslibrary/resources/derivatives/9/9AA6AA63-6A0E-4F01-9CAA-47E241471520_1_105_c.jpeg"
    ],
    "ultima_modificacion": "2025-08-01 01:00:59.817911"
  },
  "9afd322f83334260a4aa41b9b66807fe1105c.jpeg": {
    "app_sintetizada": "9AFD322F83334260A4AA41B9B66807FE1105C.JPEG",
    "cantidad_archivos": 1,
    "archivos_fuente": [
      "Pictures/Fototeca de Fotos.photoslibrary/resources/derivatives/9/9AFD322F-8333-4260-A4AA-41B9B66807FE_1_105_c.jpeg"
    ],
    "ultima_modificacion": "2025-08-01 01:00:59.818138"
  },
  "97e6e14565094d648c29856913aad3b91105c.jpeg": {
    "app_sintetizada": "97E6E14565094D648C29856913AAD3B91105C.JPEG",
    "cantidad_archivos": 1,
    "archivos_fuente": [
      "Pictures/Fototeca de Fotos.photoslibrary/resources/derivatives/9/97E6E145-6509-4D64-8C29-856913AAD3B9_1_105_c.jpeg"
    ],
    "ultima_modificacion": "2025-08-01 01:00:59.818471"
  },
  "9846f8ad8ba84f1088cb84cc0f568a6a1105c.jpeg": {
    "app_sintetizada": "9846F8AD8BA84F1088CB84CC0F568A6A1105C.JPEG",
    "cantidad_archivos": 1,
    "archivos_fuente": [
      "Pictures/Fototeca de Fotos.photoslibrary/resources/derivatives/9/9846F8AD-8BA8-4F10-88CB-84CC0F568A6A_1_105_c.jpeg"
    ],
    "ultima_modificacion": "2025-08-01 01:00:59.818750"
  },
  "90c6c46a393f4c7fbd945a9bb28f7c551105c.jpeg": {
    "app_sintetizada": "90C6C46A393F4C7FBD945A9BB28F7C551105C.JPEG",
    "cantidad_archivos": 1,
    "archivos_fuente": [
      "Pictures/Fototeca de Fotos.photoslibrary/resources/derivatives/9/90C6C46A-393F-4C7F-BD94-5A9BB28F7C55_1_105_c.jpeg"
    ],
    "ultima_modificacion": "2025-08-01 01:00:59.819030"
  },
  "99c7bb648dc64fd38a715cb0299d176e1105c.jpeg": {
    "app_sintetizada": "99C7BB648DC64FD38A715CB0299D176E1105C.JPEG",
    "cantidad_archivos": 1,
    "archivos_fuente": [
      "Pictures/Fototeca de Fotos.photoslibrary/resources/derivatives/9/99C7BB64-8DC6-4FD3-8A71-5CB0299D176E_1_105_c.jpeg"
    ],
    "ultima_modificacion": "2025-08-01 01:00:59.819233"
  },
  "9eff355ae16f428cb7d0fc149456b5461105c.jpeg": {
    "app_sintetizada": "9EFF355AE16F428CB7D0FC149456B5461105C.JPEG",
    "cantidad_archivos": 1,
    "archivos_fuente": [
      "Pictures/Fototeca de Fotos.photoslibrary/resources/derivatives/9/9EFF355A-E16F-428C-B7D0-FC149456B546_1_105_c.jpeg"
    ],
    "ultima_modificacion": "2025-08-01 01:00:59.819429"
  },
  "97848ed6330d4de5adc249bf8746ef441105c.jpeg": {
    "app_sintetizada": "97848ED6330D4DE5ADC249BF8746EF441105C.JPEG",
    "cantidad_archivos": 1,
    "archivos_fuente": [
      "Pictures/Fototeca de Fotos.photoslibrary/resources/derivatives/9/97848ED6-330D-4DE5-ADC2-49BF8746EF44_1_105_c.jpeg"
    ],
    "ultima_modificacion": "2025-08-01 01:00:59.819633"
  },
  "9b1aaf27f51b492eb0f4bdcc182f1ac31102o.jpeg": {
    "app_sintetizada": "9B1AAF27F51B492EB0F4BDCC182F1AC31102O.JPEG",
    "cantidad_archivos": 1,
    "archivos_fuente": [
      "Pictures/Fototeca de Fotos.photoslibrary/resources/derivatives/9/9B1AAF27-F51B-492E-B0F4-BDCC182F1AC3_1_102_o.jpeg"
    ],
    "ultima_modificacion": "2025-08-01 01:00:59.819834"
  },
  "9e0396e9eadf4d3c95706966ddfbb5321105c.jpeg": {
    "app_sintetizada": "9E0396E9EADF4D3C95706966DDFBB5321105C.JPEG",
    "cantidad_archivos": 1,
    "archivos_fuente": [
      "Pictures/Fototeca de Fotos.photoslibrary/resources/derivatives/9/9E0396E9-EADF-4D3C-9570-6966DDFBB532_1_105_c.jpeg"
    ],
    "ultima_modificacion": "2025-08-01 01:00:59.820025"
  },
  "9e5498049f1745398b8af2e0edb639ed.thm": {
    "app_sintetizada": "9E5498049F1745398B8AF2E0EDB639ED.THM",
    "cantidad_archivos": 1,
    "archivos_fuente": [
      "Pictures/Fototeca de Fotos.photoslibrary/resources/derivatives/9/9E549804-9F17-4539-8B8A-F2E0EDB639ED.THM"
    ],
    "ultima_modificacion": "2025-08-01 01:00:59.820236"
  },
  "973903861e4c4155b31a76c20323d82b1105c.jpeg": {
    "app_sintetizada": "973903861E4C4155B31A76C20323D82B1105C.JPEG",
    "cantidad_archivos": 1,
    "archivos_fuente": [
      "Pictures/Fototeca de Fotos.photoslibrary/resources/derivatives/9/97390386-1E4C-4155-B31A-76C20323D82B_1_105_c.jpeg"
    ],
    "ultima_modificacion": "2025-08-01 01:00:59.820440"
  },
  "92609da80c7c427fba77ed69e17121981105c.jpeg": {
    "app_sintetizada": "92609DA80C7C427FBA77ED69E17121981105C.JPEG",
    "cantidad_archivos": 1,
    "archivos_fuente": [
      "Pictures/Fototeca de Fotos.photoslibrary/resources/derivatives/9/92609DA8-0C7C-427F-BA77-ED69E1712198_1_105_c.jpeg"
    ],
    "ultima_modificacion": "2025-08-01 01:00:59.820643"
  },
  "94a7e48f5a5848fea66b54b55cb164d11105c.jpeg": {
    "app_sintetizada": "94A7E48F5A5848FEA66B54B55CB164D11105C.JPEG",
    "cantidad_archivos": 1,
    "archivos_fuente": [
      "Pictures/Fototeca de Fotos.photoslibrary/resources/derivatives/9/94A7E48F-5A58-48FE-A66B-54B55CB164D1_1_105_c.jpeg"
    ],
    "ultima_modificacion": "2025-08-01 01:00:59.820849"
  },
  "9e34028297164599b1ccf351420f2e01.thm": {
    "app_sintetizada": "9E34028297164599B1CCF351420F2E01.THM",
    "cantidad_archivos": 1,
    "archivos_fuente": [
      "Pictures/Fototeca de Fotos.photoslibrary/resources/derivatives/9/9E340282-9716-4599-B1CC-F351420F2E01.THM"
    ],
    "ultima_modificacion": "2025-08-01 01:00:59.821157"
  },
  "9ba81339139c43b6a7b9c235820afd851105c.jpeg": {
    "app_sintetizada": "9BA81339139C43B6A7B9C235820AFD851105C.JPEG",
    "cantidad_archivos": 1,
    "archivos_fuente": [
      "Pictures/Fototeca de Fotos.photoslibrary/resources/derivatives/9/9BA81339-139C-43B6-A7B9-C235820AFD85_1_105_c.jpeg"
    ],
    "ultima_modificacion": "2025-08-01 01:00:59.821455"
  },
  "90d2d44d694e4521a4bfb1ba25f708671105c.jpeg": {
    "app_sintetizada": "90D2D44D694E4521A4BFB1BA25F708671105C.JPEG",
    "cantidad_archivos": 1,
    "archivos_fuente": [
      "Pictures/Fototeca de Fotos.photoslibrary/resources/derivatives/9/90D2D44D-694E-4521-A4BF-B1BA25F70867_1_105_c.jpeg"
    ],
    "ultima_modificacion": "2025-08-01 01:00:59.821782"
  },
  "9e32f6f300724b258e144b35fecfd3041105c.jpeg": {
    "app_sintetizada": "9E32F6F300724B258E144B35FECFD3041105C.JPEG",
    "cantidad_archivos": 1,
    "archivos_fuente": [
      "Pictures/Fototeca de Fotos.photoslibrary/resources/derivatives/9/9E32F6F3-0072-4B25-8E14-4B35FECFD304_1_105_c.jpeg"
    ],
    "ultima_modificacion": "2025-08-01 01:00:59.822012"
  },
  "9f8ef8059c4a40f2964089c436609ec01105c.jpeg": {
    "app_sintetizada": "9F8EF8059C4A40F2964089C436609EC01105C.JPEG",
    "cantidad_archivos": 1,
    "archivos_fuente": [
      "Pictures/Fototeca de Fotos.photoslibrary/resources/derivatives/9/9F8EF805-9C4A-40F2-9640-89C436609EC0_1_105_c.jpeg"
    ],
    "ultima_modificacion": "2025-08-01 01:00:59.822230"
  },
  "992269f7d5544fcd892be6f43108c5ba1100o.jpeg": {
    "app_sintetizada": "992269F7D5544FCD892BE6F43108C5BA1100O.JPEG",
    "cantidad_archivos": 1,
    "archivos_fuente": [
      "Pictures/Fototeca de Fotos.photoslibrary/resources/derivatives/9/992269F7-D554-4FCD-892B-E6F43108C5BA_1_100_o.jpeg"
    ],
    "ultima_modificacion": "2025-08-01 01:00:59.822434"
  },
  "96a8559284bb44e5ba25d66cc805c317.thm": {
    "app_sintetizada": "96A8559284BB44E5BA25D66CC805C317.THM",
    "cantidad_archivos": 1,
    "archivos_fuente": [
      "Pictures/Fototeca de Fotos.photoslibrary/resources/derivatives/9/96A85592-84BB-44E5-BA25-D66CC805C317.THM"
    ],
    "ultima_modificacion": "2025-08-01 01:00:59.822651"
  },
  "9cb492de145b42028dfdf91434331e9f1105c.jpeg": {
    "app_sintetizada": "9CB492DE145B42028DFDF91434331E9F1105C.JPEG",
    "cantidad_archivos": 1,
    "archivos_fuente": [
      "Pictures/Fototeca de Fotos.photoslibrary/resources/derivatives/9/9CB492DE-145B-4202-8DFD-F91434331E9F_1_105_c.jpeg"
    ],
    "ultima_modificacion": "2025-08-01 01:00:59.822857"
  },
  "9e0224e0911942ca8a9fc0823008ee731105c.jpeg": {
    "app_sintetizada": "9E0224E0911942CA8A9FC0823008EE731105C.JPEG",
    "cantidad_archivos": 1,
    "archivos_fuente": [
      "Pictures/Fototeca de Fotos.photoslibrary/resources/derivatives/9/9E0224E0-9119-42CA-8A9F-C0823008EE73_1_105_c.jpeg"
    ],
    "ultima_modificacion": "2025-08-01 01:00:59.823084"
  },
  "911c23259160478aa1d36015f8bdb8171105c.jpeg": {
    "app_sintetizada": "911C23259160478AA1D36015F8BDB8171105C.JPEG",
    "cantidad_archivos": 1,
    "archivos_fuente": [
      "Pictures/Fototeca de Fotos.photoslibrary/resources/derivatives/9/911C2325-9160-478A-A1D3-6015F8BDB817_1_105_c.jpeg"
    ],
    "ultima_modificacion": "2025-08-01 01:00:59.823309"
  },
  "9fa8b8dc514f481a8430baf01ccee3801105c.jpeg": {
    "app_sintetizada": "9FA8B8DC514F481A8430BAF01CCEE3801105C.JPEG",
    "cantidad_archivos": 1,
    "archivos_fuente": [
      "Pictures/Fototeca de Fotos.photoslibrary/resources/derivatives/9/9FA8B8DC-514F-481A-8430-BAF01CCEE380_1_105_c.jpeg"
    ],
    "ultima_modificacion": "2025-08-01 01:00:59.823553"
  },
  "98957605cad047409c8e3a77bbb6a73b1105c.jpeg": {
    "app_sintetizada": "98957605CAD047409C8E3A77BBB6A73B1105C.JPEG",
    "cantidad_archivos": 1,
    "archivos_fuente": [
      "Pictures/Fototeca de Fotos.photoslibrary/resources/derivatives/9/98957605-CAD0-4740-9C8E-3A77BBB6A73B_1_105_c.jpeg"
    ],
    "ultima_modificacion": "2025-08-01 01:00:59.823842"
  },
  "90ddb9702e7048edb91a7789920cc56b1105c.jpeg": {
    "app_sintetizada": "90DDB9702E7048EDB91A7789920CC56B1105C.JPEG",
    "cantidad_archivos": 1,
    "archivos_fuente": [
      "Pictures/Fototeca de Fotos.photoslibrary/resources/derivatives/9/90DDB970-2E70-48ED-B91A-7789920CC56B_1_105_c.jpeg"
    ],
    "ultima_modificacion": "2025-08-01 01:00:59.824104"
  },
  "928a4e4ba70c4cda9fd2e15290986a031105c.jpeg": {
    "app_sintetizada": "928A4E4BA70C4CDA9FD2E15290986A031105C.JPEG",
    "cantidad_archivos": 1,
    "archivos_fuente": [
      "Pictures/Fototeca de Fotos.photoslibrary/resources/derivatives/9/928A4E4B-A70C-4CDA-9FD2-E15290986A03_1_105_c.jpeg"
    ],
    "ultima_modificacion": "2025-08-01 01:00:59.824367"
  },
  "9961065113764386814f4b2154339ec81105c.jpeg": {
    "app_sintetizada": "9961065113764386814F4B2154339EC81105C.JPEG",
    "cantidad_archivos": 1,
    "archivos_fuente": [
      "Pictures/Fototeca de Fotos.photoslibrary/resources/derivatives/9/99610651-1376-4386-814F-4B2154339EC8_1_105_c.jpeg"
    ],
    "ultima_modificacion": "2025-08-01 01:00:59.824682"
  },
  "9e18d473d8694607b107f9e0e81a929e1105c.jpeg": {
    "app_sintetizada": "9E18D473D8694607B107F9E0E81A929E1105C.JPEG",
    "cantidad_archivos": 1,
    "archivos_fuente": [
      "Pictures/Fototeca de Fotos.photoslibrary/resources/derivatives/9/9E18D473-D869-4607-B107-F9E0E81A929E_1_105_c.jpeg"
    ],
    "ultima_modificacion": "2025-08-01 01:00:59.824953"
  },
  "920b7b132e76485284513f6becd5eb441105c.jpeg": {
    "app_sintetizada": "920B7B132E76485284513F6BECD5EB441105C.JPEG",
    "cantidad_archivos": 1,
    "archivos_fuente": [
      "Pictures/Fototeca de Fotos.photoslibrary/resources/derivatives/9/920B7B13-2E76-4852-8451-3F6BECD5EB44_1_105_c.jpeg"
    ],
    "ultima_modificacion": "2025-08-01 01:00:59.825201"
  },
  "927ac16e7e6446e1ac1c7b8a50c668f71105c.jpeg": {
    "app_sintetizada": "927AC16E7E6446E1AC1C7B8A50C668F71105C.JPEG",
    "cantidad_archivos": 1,
    "archivos_fuente": [
      "Pictures/Fototeca de Fotos.photoslibrary/resources/derivatives/9/927AC16E-7E64-46E1-AC1C-7B8A50C668F7_1_105_c.jpeg"
    ],
    "ultima_modificacion": "2025-08-01 01:00:59.825481"
  },
  "9716ca943e1e4a03aed85033902402941105c.jpeg": {
    "app_sintetizada": "9716CA943E1E4A03AED85033902402941105C.JPEG",
    "cantidad_archivos": 1,
    "archivos_fuente": [
      "Pictures/Fototeca de Fotos.photoslibrary/resources/derivatives/9/9716CA94-3E1E-4A03-AED8-503390240294_1_105_c.jpeg"
    ],
    "ultima_modificacion": "2025-08-01 01:00:59.825743"
  },
  "960a3dea67c34b8198816e76790551d11105c.jpeg": {
    "app_sintetizada": "960A3DEA67C34B8198816E76790551D11105C.JPEG",
    "cantidad_archivos": 1,
    "archivos_fuente": [
      "Pictures/Fototeca de Fotos.photoslibrary/resources/derivatives/9/960A3DEA-67C3-4B81-9881-6E76790551D1_1_105_c.jpeg"
    ],
    "ultima_modificacion": "2025-08-01 01:00:59.825964"
  },
  "90adef8c10884523905a14233f5649af1105c.jpeg": {
    "app_sintetizada": "90ADEF8C10884523905A14233F5649AF1105C.JPEG",
    "cantidad_archivos": 1,
    "archivos_fuente": [
      "Pictures/Fototeca de Fotos.photoslibrary/resources/derivatives/9/90ADEF8C-1088-4523-905A-14233F5649AF_1_105_c.jpeg"
    ],
    "ultima_modificacion": "2025-08-01 01:00:59.826213"
  },
  "9ffb31e7b0474859b2a80ba7d693ded81105c.jpeg": {
    "app_sintetizada": "9FFB31E7B0474859B2A80BA7D693DED81105C.JPEG",
    "cantidad_archivos": 1,
    "archivos_fuente": [
      "Pictures/Fototeca de Fotos.photoslibrary/resources/derivatives/9/9FFB31E7-B047-4859-B2A8-0BA7D693DED8_1_105_c.jpeg"
    ],
    "ultima_modificacion": "2025-08-01 01:00:59.827412"
  },
  "986e7e3ea9234a2aa155964bb88bb9d81105c.jpeg": {
    "app_sintetizada": "986E7E3EA9234A2AA155964BB88BB9D81105C.JPEG",
    "cantidad_archivos": 1,
    "archivos_fuente": [
      "Pictures/Fototeca de Fotos.photoslibrary/resources/derivatives/9/986E7E3E-A923-4A2A-A155-964BB88BB9D8_1_105_c.jpeg"
    ],
    "ultima_modificacion": "2025-08-01 01:00:59.828231"
  },
  "97776fe9d1fe408cb930145a89ba95bc1105c.jpeg": {
    "app_sintetizada": "97776FE9D1FE408CB930145A89BA95BC1105C.JPEG",
    "cantidad_archivos": 1,
    "archivos_fuente": [
      "Pictures/Fototeca de Fotos.photoslibrary/resources/derivatives/9/97776FE9-D1FE-408C-B930-145A89BA95BC_1_105_c.jpeg"
    ],
    "ultima_modificacion": "2025-08-01 01:00:59.828699"
  },
  "9764b86a3e9a4cac8092f261be0fb4e41105c.jpeg": {
    "app_sintetizada": "9764B86A3E9A4CAC8092F261BE0FB4E41105C.JPEG",
    "cantidad_archivos": 1,
    "archivos_fuente": [
      "Pictures/Fototeca de Fotos.photoslibrary/resources/derivatives/9/9764B86A-3E9A-4CAC-8092-F261BE0FB4E4_1_105_c.jpeg"
    ],
    "ultima_modificacion": "2025-08-01 01:00:59.829006"
  },
  "9701485a6d7b4ee6a16020e4c573cb7a1105c.jpeg": {
    "app_sintetizada": "9701485A6D7B4EE6A16020E4C573CB7A1105C.JPEG",
    "cantidad_archivos": 1,
    "archivos_fuente": [
      "Pictures/Fototeca de Fotos.photoslibrary/resources/derivatives/9/9701485A-6D7B-4EE6-A160-20E4C573CB7A_1_105_c.jpeg"
    ],
    "ultima_modificacion": "2025-08-01 01:00:59.829311"
  },
  "92e05b7e213a4a78a43997fae237893d1105c.jpeg": {
    "app_sintetizada": "92E05B7E213A4A78A43997FAE237893D1105C.JPEG",
    "cantidad_archivos": 1,
    "archivos_fuente": [
      "Pictures/Fototeca de Fotos.photoslibrary/resources/derivatives/9/92E05B7E-213A-4A78-A439-97FAE237893D_1_105_c.jpeg"
    ],
    "ultima_modificacion": "2025-08-01 01:00:59.829535"
  },
  "9621680f81e54a06b7868ffbb745c1561105c.jpeg": {
    "app_sintetizada": "9621680F81E54A06B7868FFBB745C1561105C.JPEG",
    "cantidad_archivos": 1,
    "archivos_fuente": [
      "Pictures/Fototeca de Fotos.photoslibrary/resources/derivatives/9/9621680F-81E5-4A06-B786-8FFBB745C156_1_105_c.jpeg"
    ],
    "ultima_modificacion": "2025-08-01 01:00:59.829794"
  },
  "957a166bfc7e4df0b47edf45e8ed29991105c.jpeg": {
    "app_sintetizada": "957A166BFC7E4DF0B47EDF45E8ED29991105C.JPEG",
    "cantidad_archivos": 1,
    "archivos_fuente": [
      "Pictures/Fototeca de Fotos.photoslibrary/resources/derivatives/9/957A166B-FC7E-4DF0-B47E-DF45E8ED2999_1_105_c.jpeg"
    ],
    "ultima_modificacion": "2025-08-01 01:00:59.830024"
  },
  "9a820f2b98cb44239d7f27f74d9dd5c31105c.jpeg": {
    "app_sintetizada": "9A820F2B98CB44239D7F27F74D9DD5C31105C.JPEG",
    "cantidad_archivos": 1,
    "archivos_fuente": [
      "Pictures/Fototeca de Fotos.photoslibrary/resources/derivatives/9/9A820F2B-98CB-4423-9D7F-27F74D9DD5C3_1_105_c.jpeg"
    ],
    "ultima_modificacion": "2025-08-01 01:00:59.830312"
  },
  "9f5a42cdcbb64abbbde06ffa4bc67c521102o.jpeg": {
    "app_sintetizada": "9F5A42CDCBB64ABBBDE06FFA4BC67C521102O.JPEG",
    "cantidad_archivos": 1,
    "archivos_fuente": [
      "Pictures/Fototeca de Fotos.photoslibrary/resources/derivatives/9/9F5A42CD-CBB6-4ABB-BDE0-6FFA4BC67C52_1_102_o.jpeg"
    ],
    "ultima_modificacion": "2025-08-01 01:00:59.830611"
  },
  "9398f339448f4410af3dc317284b9f5e1105c.jpeg": {
    "app_sintetizada": "9398F339448F4410AF3DC317284B9F5E1105C.JPEG",
    "cantidad_archivos": 1,
    "archivos_fuente": [
      "Pictures/Fototeca de Fotos.photoslibrary/resources/derivatives/9/9398F339-448F-4410-AF3D-C317284B9F5E_1_105_c.jpeg"
    ],
    "ultima_modificacion": "2025-08-01 01:00:59.830852"
  },
  "92cd005573474ec9938dff629fcf56e71105c.jpeg": {
    "app_sintetizada": "92CD005573474EC9938DFF629FCF56E71105C.JPEG",
    "cantidad_archivos": 1,
    "archivos_fuente": [
      "Pictures/Fototeca de Fotos.photoslibrary/resources/derivatives/9/92CD0055-7347-4EC9-938D-FF629FCF56E7_1_105_c.jpeg"
    ],
    "ultima_modificacion": "2025-08-01 01:00:59.831074"
  },
  "96ed78b3dd1f478bb3a5d2a4f2166aa71105c.jpeg": {
    "app_sintetizada": "96ED78B3DD1F478BB3A5D2A4F2166AA71105C.JPEG",
    "cantidad_archivos": 1,
    "archivos_fuente": [
      "Pictures/Fototeca de Fotos.photoslibrary/resources/derivatives/9/96ED78B3-DD1F-478B-B3A5-D2A4F2166AA7_1_105_c.jpeg"
    ],
    "ultima_modificacion": "2025-08-01 01:00:59.831295"
  },
  "95aa0378fb8f423b905b2c95cdd13e7b.thm": {
    "app_sintetizada": "95AA0378FB8F423B905B2C95CDD13E7B.THM",
    "cantidad_archivos": 1,
    "archivos_fuente": [
      "Pictures/Fototeca de Fotos.photoslibrary/resources/derivatives/9/95AA0378-FB8F-423B-905B-2C95CDD13E7B.THM"
    ],
    "ultima_modificacion": "2025-08-01 01:00:59.831583"
  },
  "90a4dc67b5744d96b25c9fc506c906911100o.jpeg": {
    "app_sintetizada": "90A4DC67B5744D96B25C9FC506C906911100O.JPEG",
    "cantidad_archivos": 1,
    "archivos_fuente": [
      "Pictures/Fototeca de Fotos.photoslibrary/resources/derivatives/9/90A4DC67-B574-4D96-B25C-9FC506C90691_1_100_o.jpeg"
    ],
    "ultima_modificacion": "2025-08-01 01:00:59.831782"
  },
  "979174cd7bd0484e8d1a3b21002bce481105c.jpeg": {
    "app_sintetizada": "979174CD7BD0484E8D1A3B21002BCE481105C.JPEG",
    "cantidad_archivos": 1,
    "archivos_fuente": [
      "Pictures/Fototeca de Fotos.photoslibrary/resources/derivatives/9/979174CD-7BD0-484E-8D1A-3B21002BCE48_1_105_c.jpeg"
    ],
    "ultima_modificacion": "2025-08-01 01:00:59.831977"
  },
  "9c531fd4cfd946458a3c91721c379bd41105c.jpeg": {
    "app_sintetizada": "9C531FD4CFD946458A3C91721C379BD41105C.JPEG",
    "cantidad_archivos": 1,
    "archivos_fuente": [
      "Pictures/Fototeca de Fotos.photoslibrary/resources/derivatives/9/9C531FD4-CFD9-4645-8A3C-91721C379BD4_1_105_c.jpeg"
    ],
    "ultima_modificacion": "2025-08-01 01:00:59.832164"
  },
  "9e1e004f7ba8471e89c6eeafa24cee0c1105c.jpeg": {
    "app_sintetizada": "9E1E004F7BA8471E89C6EEAFA24CEE0C1105C.JPEG",
    "cantidad_archivos": 1,
    "archivos_fuente": [
      "Pictures/Fototeca de Fotos.photoslibrary/resources/derivatives/9/9E1E004F-7BA8-471E-89C6-EEAFA24CEE0C_1_105_c.jpeg"
    ],
    "ultima_modificacion": "2025-08-01 01:00:59.832337"
  },
  "97bb6c2710534666819e60d488306e32.thm": {
    "app_sintetizada": "97BB6C2710534666819E60D488306E32.THM",
    "cantidad_archivos": 1,
    "archivos_fuente": [
      "Pictures/Fototeca de Fotos.photoslibrary/resources/derivatives/9/97BB6C27-1053-4666-819E-60D488306E32.THM"
    ],
    "ultima_modificacion": "2025-08-01 01:00:59.832525"
  },
  "95c23850ec9b4cecab17df4c690ab19f1105c.jpeg": {
    "app_sintetizada": "95C23850EC9B4CECAB17DF4C690AB19F1105C.JPEG",
    "cantidad_archivos": 1,
    "archivos_fuente": [
      "Pictures/Fototeca de Fotos.photoslibrary/resources/derivatives/9/95C23850-EC9B-4CEC-AB17-DF4C690AB19F_1_105_c.jpeg"
    ],
    "ultima_modificacion": "2025-08-01 01:00:59.832699"
  }
}