{
  "27ec470ec5d046cfb0947e4a3083a38c.plist": {
    "app_sintetizada": "27EC470EC5D046CFB0947E4A3083A38C.PLIST",
    "cantidad_archivos": 1,
    "archivos_fuente": [
      "Pictures/Fototeca de Fotos.photoslibrary/resources/renders/2/27EC470E-C5D0-46CF-B094-7E4A3083A38C.plist"
    ],
    "ultima_modificacion": "2025-08-01 01:00:59.583587"
  },
  "2b88474d1df54c099189f33434b7a4bd.plist": {
    "app_sintetizada": "2B88474D1DF54C099189F33434B7A4BD.PLIST",
    "cantidad_archivos": 1,
    "archivos_fuente": [
      "Pictures/Fototeca de Fotos.photoslibrary/resources/renders/2/2B88474D-1DF5-4C09-9189-F33434B7A4BD.plist"
    ],
    "ultima_modificacion": "2025-08-01 01:00:59.583809"
  },
  "227f4ae4ad5b4403a9cfd98fcb3a8529.plist": {
    "app_sintetizada": "227F4AE4AD5B4403A9CFD98FCB3A8529.PLIST",
    "cantidad_archivos": 1,
    "archivos_fuente": [
      "Pictures/Fototeca de Fotos.photoslibrary/resources/renders/2/227F4AE4-AD5B-4403-A9CF-D98FCB3A8529.plist"
    ],
    "ultima_modificacion": "2025-08-01 01:00:59.584014"
  },
  "25398640db884f67a278e6d81a3ef114.plist": {
    "app_sintetizada": "25398640DB884F67A278E6D81A3EF114.PLIST",
    "cantidad_archivos": 1,
    "archivos_fuente": [
      "Pictures/Fototeca de Fotos.photoslibrary/resources/renders/2/25398640-DB88-4F67-A278-E6D81A3EF114.plist"
    ],
    "ultima_modificacion": "2025-08-01 01:00:59.584197"
  },
  "2b6c8d66ce3a4b8ba4b864b83b7599ef.plist": {
    "app_sintetizada": "2B6C8D66CE3A4B8BA4B864B83B7599EF.PLIST",
    "cantidad_archivos": 1,
    "archivos_fuente": [
      "Pictures/Fototeca de Fotos.photoslibrary/resources/renders/2/2B6C8D66-CE3A-4B8B-A4B8-64B83B7599EF.plist"
    ],
    "ultima_modificacion": "2025-08-01 01:00:59.584376"
  },
  "2f471fc3eea642c7a9142fe480a39d4b.plist": {
    "app_sintetizada": "2F471FC3EEA642C7A9142FE480A39D4B.PLIST",
    "cantidad_archivos": 1,
    "archivos_fuente": [
      "Pictures/Fototeca de Fotos.photoslibrary/resources/renders/2/2F471FC3-EEA6-42C7-A914-2FE480A39D4B.plist"
    ],
    "ultima_modificacion": "2025-08-01 01:00:59.584575"
  },
  "246c09d2c64f40c99f0a9d2e66dc5291.plist": {
    "app_sintetizada": "246C09D2C64F40C99F0A9D2E66DC5291.PLIST",
    "cantidad_archivos": 1,
    "archivos_fuente": [
      "Pictures/Fototeca de Fotos.photoslibrary/resources/renders/2/246C09D2-C64F-40C9-9F0A-9D2E66DC5291.plist"
    ],
    "ultima_modificacion": "2025-08-01 01:00:59.584794"
  },
  "2ec9e719fbc64e43b01f7f6573f94ccf.plist": {
    "app_sintetizada": "2EC9E719FBC64E43B01F7F6573F94CCF.PLIST",
    "cantidad_archivos": 1,
    "archivos_fuente": [
      "Pictures/Fototeca de Fotos.photoslibrary/resources/renders/2/2EC9E719-FBC6-4E43-B01F-7F6573F94CCF.plist"
    ],
    "ultima_modificacion": "2025-08-01 01:00:59.585014"
  },
  "243eb44dbe8e499fbe5726033f5d8d3b.plist": {
    "app_sintetizada": "243EB44DBE8E499FBE5726033F5D8D3B.PLIST",
    "cantidad_archivos": 1,
    "archivos_fuente": [
      "Pictures/Fototeca de Fotos.photoslibrary/resources/renders/2/243EB44D-BE8E-499F-BE57-26033F5D8D3B.plist"
    ],
    "ultima_modificacion": "2025-08-01 01:00:59.585266"
  },
  "27329939463340de92fd4872ee0c855e.plist": {
    "app_sintetizada": "27329939463340DE92FD4872EE0C855E.PLIST",
    "cantidad_archivos": 1,
    "archivos_fuente": [
      "Pictures/Fototeca de Fotos.photoslibrary/resources/renders/2/27329939-4633-40DE-92FD-4872EE0C855E.plist"
    ],
    "ultima_modificacion": "2025-08-01 01:00:59.585473"
  },
  "2277e918a4204eb4925212eed8cf47a3.plist": {
    "app_sintetizada": "2277E918A4204EB4925212EED8CF47A3.PLIST",
    "cantidad_archivos": 1,
    "archivos_fuente": [
      "Pictures/Fototeca de Fotos.photoslibrary/resources/renders/2/2277E918-A420-4EB4-9252-12EED8CF47A3.plist"
    ],
    "ultima_modificacion": "2025-08-01 01:00:59.585680"
  },
  "287452dc3c1448028beb685da8a5ce56.plist": {
    "app_sintetizada": "287452DC3C1448028BEB685DA8A5CE56.PLIST",
    "cantidad_archivos": 1,
    "archivos_fuente": [
      "Pictures/Fototeca de Fotos.photoslibrary/resources/renders/2/287452DC-3C14-4802-8BEB-685DA8A5CE56.plist"
    ],
    "ultima_modificacion": "2025-08-01 01:00:59.585931"
  },
  "222ca5e19c614b6f9c265491aedb0968.plist": {
    "app_sintetizada": "222CA5E19C614B6F9C265491AEDB0968.PLIST",
    "cantidad_archivos": 1,
    "archivos_fuente": [
      "Pictures/Fototeca de Fotos.photoslibrary/resources/renders/2/222CA5E1-9C61-4B6F-9C26-5491AEDB0968.plist"
    ],
    "ultima_modificacion": "2025-08-01 01:00:59.586184"
  },
  "25d36e0bb6c04ba18bcdf02bcbe3f276.plist": {
    "app_sintetizada": "25D36E0BB6C04BA18BCDF02BCBE3F276.PLIST",
    "cantidad_archivos": 1,
    "archivos_fuente": [
      "Pictures/Fototeca de Fotos.photoslibrary/resources/renders/2/25D36E0B-B6C0-4BA1-8BCD-F02BCBE3F276.plist"
    ],
    "ultima_modificacion": "2025-08-01 01:00:59.586490"
  },
  "29e5d458ad8748e99abfc07b98d986a5.plist": {
    "app_sintetizada": "29E5D458AD8748E99ABFC07B98D986A5.PLIST",
    "cantidad_archivos": 1,
    "archivos_fuente": [
      "Pictures/Fototeca de Fotos.photoslibrary/resources/renders/2/29E5D458-AD87-48E9-9ABF-C07B98D986A5.plist"
    ],
    "ultima_modificacion": "2025-08-01 01:00:59.586752"
  },
  "2acd167013b44e19b2a6e8cfd17b4588.plist": {
    "app_sintetizada": "2ACD167013B44E19B2A6E8CFD17B4588.PLIST",
    "cantidad_archivos": 1,
    "archivos_fuente": [
      "Pictures/Fototeca de Fotos.photoslibrary/resources/renders/2/2ACD1670-13B4-4E19-B2A6-E8CFD17B4588.plist"
    ],
    "ultima_modificacion": "2025-08-01 01:00:59.587020"
  },
  "2dc7e3ac494c474db05f598fa6aacbe3.plist": {
    "app_sintetizada": "2DC7E3AC494C474DB05F598FA6AACBE3.PLIST",
    "cantidad_archivos": 1,
    "archivos_fuente": [
      "Pictures/Fototeca de Fotos.photoslibrary/resources/renders/2/2DC7E3AC-494C-474D-B05F-598FA6AACBE3.plist"
    ],
    "ultima_modificacion": "2025-08-01 01:00:59.587286"
  },
  "29d345cb4ef34ab7b79f510cc39169ce.plist": {
    "app_sintetizada": "29D345CB4EF34AB7B79F510CC39169CE.PLIST",
    "cantidad_archivos": 1,
    "archivos_fuente": [
      "Pictures/Fototeca de Fotos.photoslibrary/resources/renders/2/29D345CB-4EF3-4AB7-B79F-510CC39169CE.plist"
    ],
    "ultima_modificacion": "2025-08-01 01:00:59.587550"
  },
  "27af4710658f4ce3802f09464e59bdcd.plist": {
    "app_sintetizada": "27AF4710658F4CE3802F09464E59BDCD.PLIST",
    "cantidad_archivos": 1,
    "archivos_fuente": [
      "Pictures/Fototeca de Fotos.photoslibrary/resources/renders/2/27AF4710-658F-4CE3-802F-09464E59BDCD.plist"
    ],
    "ultima_modificacion": "2025-08-01 01:00:59.587799"
  },
  "220a4f0270284a8398664232f3f1abe8.plist": {
    "app_sintetizada": "220A4F0270284A8398664232F3F1ABE8.PLIST",
    "cantidad_archivos": 1,
    "archivos_fuente": [
      "Pictures/Fototeca de Fotos.photoslibrary/resources/renders/2/220A4F02-7028-4A83-9866-4232F3F1ABE8.plist"
    ],
    "ultima_modificacion": "2025-08-01 01:00:59.588052"
  },
  "297cccee4d2247508497246d821c5743.plist": {
    "app_sintetizada": "297CCCEE4D2247508497246D821C5743.PLIST",
    "cantidad_archivos": 1,
    "archivos_fuente": [
      "Pictures/Fototeca de Fotos.photoslibrary/resources/renders/2/297CCCEE-4D22-4750-8497-246D821C5743.plist"
    ],
    "ultima_modificacion": "2025-08-01 01:00:59.588348"
  },
  "2490396506334c37bb4f4837b3f278ac.plist": {
    "app_sintetizada": "2490396506334C37BB4F4837B3F278AC.PLIST",
    "cantidad_archivos": 1,
    "archivos_fuente": [
      "Pictures/Fototeca de Fotos.photoslibrary/resources/renders/2/24903965-0633-4C37-BB4F-4837B3F278AC.plist"
    ],
    "ultima_modificacion": "2025-08-01 01:00:59.588632"
  },
  "2058dc4c38fe4218826c009ead66190b.plist": {
    "app_sintetizada": "2058DC4C38FE4218826C009EAD66190B.PLIST",
    "cantidad_archivos": 1,
    "archivos_fuente": [
      "Pictures/Fototeca de Fotos.photoslibrary/resources/renders/2/2058DC4C-38FE-4218-826C-009EAD66190B.plist"
    ],
    "ultima_modificacion": "2025-08-01 01:00:59.588896"
  },
  "2163965ccd4949b493f508e41b7fbb48.plist": {
    "app_sintetizada": "2163965CCD4949B493F508E41B7FBB48.PLIST",
    "cantidad_archivos": 1,
    "archivos_fuente": [
      "Pictures/Fototeca de Fotos.photoslibrary/resources/renders/2/2163965C-CD49-49B4-93F5-08E41B7FBB48.plist"
    ],
    "ultima_modificacion": "2025-08-01 01:00:59.589168"
  },
  "29e6c65c75c446b49bcade3344ff6a18.plist": {
    "app_sintetizada": "29E6C65C75C446B49BCADE3344FF6A18.PLIST",
    "cantidad_archivos": 1,
    "archivos_fuente": [
      "Pictures/Fototeca de Fotos.photoslibrary/resources/renders/2/29E6C65C-75C4-46B4-9BCA-DE3344FF6A18.plist"
    ],
    "ultima_modificacion": "2025-08-01 01:00:59.589439"
  },
  "2a0981a639cd4c799c7a8b1e4c3603e1.plist": {
    "app_sintetizada": "2A0981A639CD4C799C7A8B1E4C3603E1.PLIST",
    "cantidad_archivos": 1,
    "archivos_fuente": [
      "Pictures/Fototeca de Fotos.photoslibrary/resources/renders/2/2A0981A6-39CD-4C79-9C7A-8B1E4C3603E1.plist"
    ],
    "ultima_modificacion": "2025-08-01 01:00:59.589689"
  },
  "212112776f8d43f8b22914c51f935375.plist": {
    "app_sintetizada": "212112776F8D43F8B22914C51F935375.PLIST",
    "cantidad_archivos": 1,
    "archivos_fuente": [
      "Pictures/Fototeca de Fotos.photoslibrary/resources/renders/2/21211277-6F8D-43F8-B229-14C51F935375.plist"
    ],
    "ultima_modificacion": "2025-08-01 01:00:59.589938"
  },
  "22159f9e15ec43dfa31b0357edd496fc.plist": {
    "app_sintetizada": "22159F9E15EC43DFA31B0357EDD496FC.PLIST",
    "cantidad_archivos": 1,
    "archivos_fuente": [
      "Pictures/Fototeca de Fotos.photoslibrary/resources/renders/2/22159F9E-15EC-43DF-A31B-0357EDD496FC.plist"
    ],
    "ultima_modificacion": "2025-08-01 01:00:59.590190"
  },
  "27c5fb16ea0f44028a0b3c51070d9d66.plist": {
    "app_sintetizada": "27C5FB16EA0F44028A0B3C51070D9D66.PLIST",
    "cantidad_archivos": 1,
    "archivos_fuente": [
      "Pictures/Fototeca de Fotos.photoslibrary/resources/renders/2/27C5FB16-EA0F-4402-8A0B-3C51070D9D66.plist"
    ],
    "ultima_modificacion": "2025-08-01 01:00:59.590440"
  },
  "28b8ff1ed9874e518f7e8ce2bca8b78c.plist": {
    "app_sintetizada": "28B8FF1ED9874E518F7E8CE2BCA8B78C.PLIST",
    "cantidad_archivos": 1,
    "archivos_fuente": [
      "Pictures/Fototeca de Fotos.photoslibrary/resources/renders/2/28B8FF1E-D987-4E51-8F7E-8CE2BCA8B78C.plist"
    ],
    "ultima_modificacion": "2025-08-01 01:00:59.590751"
  },
  "28e079c9831a4857b4c0d82fa4fbd57f.plist": {
    "app_sintetizada": "28E079C9831A4857B4C0D82FA4FBD57F.PLIST",
    "cantidad_archivos": 1,
    "archivos_fuente": [
      "Pictures/Fototeca de Fotos.photoslibrary/resources/renders/2/28E079C9-831A-4857-B4C0-D82FA4FBD57F.plist"
    ],
    "ultima_modificacion": "2025-08-01 01:00:59.591015"
  },
  "2e5d11e8161744ae96e68e600f5fadcd.plist": {
    "app_sintetizada": "2E5D11E8161744AE96E68E600F5FADCD.PLIST",
    "cantidad_archivos": 1,
    "archivos_fuente": [
      "Pictures/Fototeca de Fotos.photoslibrary/resources/renders/2/2E5D11E8-1617-44AE-96E6-8E600F5FADCD.plist"
    ],
    "ultima_modificacion": "2025-08-01 01:00:59.591277"
  },
  "2d6b5e1de4ce4e5d97a442c0feb267bc.plist": {
    "app_sintetizada": "2D6B5E1DE4CE4E5D97A442C0FEB267BC.PLIST",
    "cantidad_archivos": 1,
    "archivos_fuente": [
      "Pictures/Fototeca de Fotos.photoslibrary/resources/renders/2/2D6B5E1D-E4CE-4E5D-97A4-42C0FEB267BC.plist"
    ],
    "ultima_modificacion": "2025-08-01 01:00:59.591542"
  },
  "2a6e694287014d29aaed9ef211d0ce7e.plist": {
    "app_sintetizada": "2A6E694287014D29AAED9EF211D0CE7E.PLIST",
    "cantidad_archivos": 1,
    "archivos_fuente": [
      "Pictures/Fototeca de Fotos.photoslibrary/resources/renders/2/2A6E6942-8701-4D29-AAED-9EF211D0CE7E.plist"
    ],
    "ultima_modificacion": "2025-08-01 01:00:59.591807"
  },
  "2b2720097577458aa7165d560d218105.plist": {
    "app_sintetizada": "2B2720097577458AA7165D560D218105.PLIST",
    "cantidad_archivos": 1,
    "archivos_fuente": [
      "Pictures/Fototeca de Fotos.photoslibrary/resources/renders/2/2B272009-7577-458A-A716-5D560D218105.plist"
    ],
    "ultima_modificacion": "2025-08-01 01:00:59.592098"
  },
  "2f969093a46c40dab0184c99add79d50.plist": {
    "app_sintetizada": "2F969093A46C40DAB0184C99ADD79D50.PLIST",
    "cantidad_archivos": 1,
    "archivos_fuente": [
      "Pictures/Fototeca de Fotos.photoslibrary/resources/renders/2/2F969093-A46C-40DA-B018-4C99ADD79D50.plist"
    ],
    "ultima_modificacion": "2025-08-01 01:00:59.592370"
  },
  "2a89d9d83f774f4dac763b22bf858647.plist": {
    "app_sintetizada": "2A89D9D83F774F4DAC763B22BF858647.PLIST",
    "cantidad_archivos": 1,
    "archivos_fuente": [
      "Pictures/Fototeca de Fotos.photoslibrary/resources/renders/2/2A89D9D8-3F77-4F4D-AC76-3B22BF858647.plist"
    ],
    "ultima_modificacion": "2025-08-01 01:00:59.592650"
  },
  "2ac57884519a4c88b18b4109b635fc1b.plist": {
    "app_sintetizada": "2AC57884519A4C88B18B4109B635FC1B.PLIST",
    "cantidad_archivos": 1,
    "archivos_fuente": [
      "Pictures/Fototeca de Fotos.photoslibrary/resources/renders/2/2AC57884-519A-4C88-B18B-4109B635FC1B.plist"
    ],
    "ultima_modificacion": "2025-08-01 01:00:59.592947"
  },
  "2627bc960920460f83e5d8759dabd548.plist": {
    "app_sintetizada": "2627BC960920460F83E5D8759DABD548.PLIST",
    "cantidad_archivos": 1,
    "archivos_fuente": [
      "Pictures/Fototeca de Fotos.photoslibrary/resources/renders/2/2627BC96-0920-460F-83E5-D8759DABD548.plist"
    ],
    "ultima_modificacion": "2025-08-01 01:00:59.593226"
  },
  "2eff9078d4554188a2087e96f82d2c3b.plist": {
    "app_sintetizada": "2EFF9078D4554188A2087E96F82D2C3B.PLIST",
    "cantidad_archivos": 1,
    "archivos_fuente": [
      "Pictures/Fototeca de Fotos.photoslibrary/resources/renders/2/2EFF9078-D455-4188-A208-7E96F82D2C3B.plist"
    ],
    "ultima_modificacion": "2025-08-01 01:00:59.593500"
  },
  "203761bf6c2549ea895500eb482c937d.plist": {
    "app_sintetizada": "203761BF6C2549EA895500EB482C937D.PLIST",
    "cantidad_archivos": 1,
    "archivos_fuente": [
      "Pictures/Fototeca de Fotos.photoslibrary/resources/renders/2/203761BF-6C25-49EA-8955-00EB482C937D.plist"
    ],
    "ultima_modificacion": "2025-08-01 01:00:59.593770"
  },
  "20e784e729fb4667bc118d084b97db5d.plist": {
    "app_sintetizada": "20E784E729FB4667BC118D084B97DB5D.PLIST",
    "cantidad_archivos": 1,
    "archivos_fuente": [
      "Pictures/Fototeca de Fotos.photoslibrary/resources/renders/2/20E784E7-29FB-4667-BC11-8D084B97DB5D.plist"
    ],
    "ultima_modificacion": "2025-08-01 01:00:59.594045"
  },
  "2799454313704d229a5b2e793375a149.plist": {
    "app_sintetizada": "2799454313704D229A5B2E793375A149.PLIST",
    "cantidad_archivos": 1,
    "archivos_fuente": [
      "Pictures/Fototeca de Fotos.photoslibrary/resources/renders/2/27994543-1370-4D22-9A5B-2E793375A149.plist"
    ],
    "ultima_modificacion": "2025-08-01 01:00:59.594326"
  },
  "2e883022bc734e088e632f2301990f45.plist": {
    "app_sintetizada": "2E883022BC734E088E632F2301990F45.PLIST",
    "cantidad_archivos": 1,
    "archivos_fuente": [
      "Pictures/Fototeca de Fotos.photoslibrary/resources/renders/2/2E883022-BC73-4E08-8E63-2F2301990F45.plist"
    ],
    "ultima_modificacion": "2025-08-01 01:00:59.594602"
  },
  "2384e16749a34d88b61b68d321f1f5bb.plist": {
    "app_sintetizada": "2384E16749A34D88B61B68D321F1F5BB.PLIST",
    "cantidad_archivos": 1,
    "archivos_fuente": [
      "Pictures/Fototeca de Fotos.photoslibrary/resources/renders/2/2384E167-49A3-4D88-B61B-68D321F1F5BB.plist"
    ],
    "ultima_modificacion": "2025-08-01 01:00:59.594883"
  },
  "2696024fdf8543ceb2ec52caf9da91b4.plist": {
    "app_sintetizada": "2696024FDF8543CEB2EC52CAF9DA91B4.PLIST",
    "cantidad_archivos": 1,
    "archivos_fuente": [
      "Pictures/Fototeca de Fotos.photoslibrary/resources/renders/2/2696024F-DF85-43CE-B2EC-52CAF9DA91B4.plist"
    ],
    "ultima_modificacion": "2025-08-01 01:00:59.595161"
  },
  "29534d8c686a4c4583b9139f9f4c13a8.plist": {
    "app_sintetizada": "29534D8C686A4C4583B9139F9F4C13A8.PLIST",
    "cantidad_archivos": 1,
    "archivos_fuente": [
      "Pictures/Fototeca de Fotos.photoslibrary/resources/renders/2/29534D8C-686A-4C45-83B9-139F9F4C13A8.plist"
    ],
    "ultima_modificacion": "2025-08-01 01:00:59.595484"
  },
  "2fec5d07cccb499d84df926ebc3bfd60.plist": {
    "app_sintetizada": "2FEC5D07CCCB499D84DF926EBC3BFD60.PLIST",
    "cantidad_archivos": 1,
    "archivos_fuente": [
      "Pictures/Fototeca de Fotos.photoslibrary/resources/renders/2/2FEC5D07-CCCB-499D-84DF-926EBC3BFD60.plist"
    ],
    "ultima_modificacion": "2025-08-01 01:00:59.595773"
  },
  "293db189e8364213ad1a27cc43237095.plist": {
    "app_sintetizada": "293DB189E8364213AD1A27CC43237095.PLIST",
    "cantidad_archivos": 1,
    "archivos_fuente": [
      "Pictures/Fototeca de Fotos.photoslibrary/resources/renders/2/293DB189-E836-4213-AD1A-27CC43237095.plist"
    ],
    "ultima_modificacion": "2025-08-01 01:00:59.596086"
  },
  "258ea117d4ef499a880e5bdb3f42bb0b.plist": {
    "app_sintetizada": "258EA117D4EF499A880E5BDB3F42BB0B.PLIST",
    "cantidad_archivos": 1,
    "archivos_fuente": [
      "Pictures/Fototeca de Fotos.photoslibrary/resources/renders/2/258EA117-D4EF-499A-880E-5BDB3F42BB0B.plist"
    ],
    "ultima_modificacion": "2025-08-01 01:00:59.596395"
  },
  "2a6994a0450a43e08d380734383bfc80.plist": {
    "app_sintetizada": "2A6994A0450A43E08D380734383BFC80.PLIST",
    "cantidad_archivos": 1,
    "archivos_fuente": [
      "Pictures/Fototeca de Fotos.photoslibrary/resources/renders/2/2A6994A0-450A-43E0-8D38-0734383BFC80.plist"
    ],
    "ultima_modificacion": "2025-08-01 01:00:59.596717"
  },
  "2f3f8c5a75564dd7b3565e9671ccb350.plist": {
    "app_sintetizada": "2F3F8C5A75564DD7B3565E9671CCB350.PLIST",
    "cantidad_archivos": 1,
    "archivos_fuente": [
      "Pictures/Fototeca de Fotos.photoslibrary/resources/renders/2/2F3F8C5A-7556-4DD7-B356-5E9671CCB350.plist"
    ],
    "ultima_modificacion": "2025-08-01 01:00:59.597012"
  },
  "247273d650064b0593abd947d4e3d8ea.plist": {
    "app_sintetizada": "247273D650064B0593ABD947D4E3D8EA.PLIST",
    "cantidad_archivos": 1,
    "archivos_fuente": [
      "Pictures/Fototeca de Fotos.photoslibrary/resources/renders/2/247273D6-5006-4B05-93AB-D947D4E3D8EA.plist"
    ],
    "ultima_modificacion": "2025-08-01 01:00:59.597323"
  },
  "2b274259eea84696b5dd37c5d6c6aa03.plist": {
    "app_sintetizada": "2B274259EEA84696B5DD37C5D6C6AA03.PLIST",
    "cantidad_archivos": 1,
    "archivos_fuente": [
      "Pictures/Fototeca de Fotos.photoslibrary/resources/renders/2/2B274259-EEA8-4696-B5DD-37C5D6C6AA03.plist"
    ],
    "ultima_modificacion": "2025-08-01 01:00:59.597599"
  },
  "29bb899d776d4837bd8294eb68b5907a.plist": {
    "app_sintetizada": "29BB899D776D4837BD8294EB68B5907A.PLIST",
    "cantidad_archivos": 1,
    "archivos_fuente": [
      "Pictures/Fototeca de Fotos.photoslibrary/resources/renders/2/29BB899D-776D-4837-BD82-94EB68B5907A.plist"
    ],
    "ultima_modificacion": "2025-08-01 01:00:59.597879"
  },
  "2215982db9bd4d1e85605b01f7022e29.plist": {
    "app_sintetizada": "2215982DB9BD4D1E85605B01F7022E29.PLIST",
    "cantidad_archivos": 1,
    "archivos_fuente": [
      "Pictures/Fototeca de Fotos.photoslibrary/resources/renders/2/2215982D-B9BD-4D1E-8560-5B01F7022E29.plist"
    ],
    "ultima_modificacion": "2025-08-01 01:00:59.598160"
  },
  "2bc429092bae4e29a9a209495207d133.plist": {
    "app_sintetizada": "2BC429092BAE4E29A9A209495207D133.PLIST",
    "cantidad_archivos": 1,
    "archivos_fuente": [
      "Pictures/Fototeca de Fotos.photoslibrary/resources/renders/2/2BC42909-2BAE-4E29-A9A2-09495207D133.plist"
    ],
    "ultima_modificacion": "2025-08-01 01:00:59.598443"
  },
  "2d7643ba4d6e4adebb1d298efc170f61.plist": {
    "app_sintetizada": "2D7643BA4D6E4ADEBB1D298EFC170F61.PLIST",
    "cantidad_archivos": 1,
    "archivos_fuente": [
      "Pictures/Fototeca de Fotos.photoslibrary/resources/renders/2/2D7643BA-4D6E-4ADE-BB1D-298EFC170F61.plist"
    ],
    "ultima_modificacion": "2025-08-01 01:00:59.598737"
  },
  "2f083edbd9344af8a6b4a5efdebc648a.plist": {
    "app_sintetizada": "2F083EDBD9344AF8A6B4A5EFDEBC648A.PLIST",
    "cantidad_archivos": 1,
    "archivos_fuente": [
      "Pictures/Fototeca de Fotos.photoslibrary/resources/renders/2/2F083EDB-D934-4AF8-A6B4-A5EFDEBC648A.plist"
    ],
    "ultima_modificacion": "2025-08-01 01:00:59.599006"
  },
  "20060a198a91437dbd30956d39415f70.plist": {
    "app_sintetizada": "20060A198A91437DBD30956D39415F70.PLIST",
    "cantidad_archivos": 1,
    "archivos_fuente": [
      "Pictures/Fototeca de Fotos.photoslibrary/resources/renders/2/20060A19-8A91-437D-BD30-956D39415F70.plist"
    ],
    "ultima_modificacion": "2025-08-01 01:00:59.599268"
  },
  "26d87180dcac4ad9befce75c92590bd2.plist": {
    "app_sintetizada": "26D87180DCAC4AD9BEFCE75C92590BD2.PLIST",
    "cantidad_archivos": 1,
    "archivos_fuente": [
      "Pictures/Fototeca de Fotos.photoslibrary/resources/renders/2/26D87180-DCAC-4AD9-BEFC-E75C92590BD2.plist"
    ],
    "ultima_modificacion": "2025-08-01 01:00:59.599556"
  },
  "270c6de4cfd14a63b4dc358992808235.plist": {
    "app_sintetizada": "270C6DE4CFD14A63B4DC358992808235.PLIST",
    "cantidad_archivos": 1,
    "archivos_fuente": [
      "Pictures/Fototeca de Fotos.photoslibrary/resources/renders/2/270C6DE4-CFD1-4A63-B4DC-358992808235.plist"
    ],
    "ultima_modificacion": "2025-08-01 01:00:59.599820"
  },
  "249699fbc04c459c9423985d26f68c28.plist": {
    "app_sintetizada": "249699FBC04C459C9423985D26F68C28.PLIST",
    "cantidad_archivos": 1,
    "archivos_fuente": [
      "Pictures/Fototeca de Fotos.photoslibrary/resources/renders/2/249699FB-C04C-459C-9423-985D26F68C28.plist"
    ],
    "ultima_modificacion": "2025-08-01 01:00:59.600069"
  },
  "2ff328b95f9a49c3af231f1d816c3cad.plist": {
    "app_sintetizada": "2FF328B95F9A49C3AF231F1D816C3CAD.PLIST",
    "cantidad_archivos": 1,
    "archivos_fuente": [
      "Pictures/Fototeca de Fotos.photoslibrary/resources/renders/2/2FF328B9-5F9A-49C3-AF23-1F1D816C3CAD.plist"
    ],
    "ultima_modificacion": "2025-08-01 01:00:59.600338"
  },
  "262fe14742194e9bb4b163662e017c54.plist": {
    "app_sintetizada": "262FE14742194E9BB4B163662E017C54.PLIST",
    "cantidad_archivos": 1,
    "archivos_fuente": [
      "Pictures/Fototeca de Fotos.photoslibrary/resources/renders/2/262FE147-4219-4E9B-B4B1-63662E017C54.plist"
    ],
    "ultima_modificacion": "2025-08-01 01:00:59.600611"
  },
  "2cebbdcef86d4df1badb3ecc6f7b6a64.plist": {
    "app_sintetizada": "2CEBBDCEF86D4DF1BADB3ECC6F7B6A64.PLIST",
    "cantidad_archivos": 1,
    "archivos_fuente": [
      "Pictures/Fototeca de Fotos.photoslibrary/resources/renders/2/2CEBBDCE-F86D-4DF1-BADB-3ECC6F7B6A64.plist"
    ],
    "ultima_modificacion": "2025-08-01 01:00:59.600879"
  },
  "2320d56bddd64354a1f24fe695c0d6ba.plist": {
    "app_sintetizada": "2320D56BDDD64354A1F24FE695C0D6BA.PLIST",
    "cantidad_archivos": 1,
    "archivos_fuente": [
      "Pictures/Fototeca de Fotos.photoslibrary/resources/renders/2/2320D56B-DDD6-4354-A1F2-4FE695C0D6BA.plist"
    ],
    "ultima_modificacion": "2025-08-01 01:00:59.601178"
  },
  "243d593a1ef34c6ba301f186fb28e851.plist": {
    "app_sintetizada": "243D593A1EF34C6BA301F186FB28E851.PLIST",
    "cantidad_archivos": 1,
    "archivos_fuente": [
      "Pictures/Fototeca de Fotos.photoslibrary/resources/renders/2/243D593A-1EF3-4C6B-A301-F186FB28E851.plist"
    ],
    "ultima_modificacion": "2025-08-01 01:00:59.601477"
  },
  "29b62d0626b2497d8b0c6fb923b239f8.plist": {
    "app_sintetizada": "29B62D0626B2497D8B0C6FB923B239F8.PLIST",
    "cantidad_archivos": 1,
    "archivos_fuente": [
      "Pictures/Fototeca de Fotos.photoslibrary/resources/renders/2/29B62D06-26B2-497D-8B0C-6FB923B239F8.plist"
    ],
    "ultima_modificacion": "2025-08-01 01:00:59.601756"
  },
  "262ded9d5bb04cf1bf169ba1609222bd.plist": {
    "app_sintetizada": "262DED9D5BB04CF1BF169BA1609222BD.PLIST",
    "cantidad_archivos": 1,
    "archivos_fuente": [
      "Pictures/Fototeca de Fotos.photoslibrary/resources/renders/2/262DED9D-5BB0-4CF1-BF16-9BA1609222BD.plist"
    ],
    "ultima_modificacion": "2025-08-01 01:00:59.602062"
  },
  "2aca8149f8f24f60be7804a8b7f909ef.plist": {
    "app_sintetizada": "2ACA8149F8F24F60BE7804A8B7F909EF.PLIST",
    "cantidad_archivos": 1,
    "archivos_fuente": [
      "Pictures/Fototeca de Fotos.photoslibrary/resources/renders/2/2ACA8149-F8F2-4F60-BE78-04A8B7F909EF.plist"
    ],
    "ultima_modificacion": "2025-08-01 01:00:59.602333"
  },
  "2e1e09f92d4b46e99af9fdddb58527c5.plist": {
    "app_sintetizada": "2E1E09F92D4B46E99AF9FDDDB58527C5.PLIST",
    "cantidad_archivos": 1,
    "archivos_fuente": [
      "Pictures/Fototeca de Fotos.photoslibrary/resources/renders/2/2E1E09F9-2D4B-46E9-9AF9-FDDDB58527C5.plist"
    ],
    "ultima_modificacion": "2025-08-01 01:00:59.602620"
  },
  "22c22239dfd7493b99354bfd8c192123.plist": {
    "app_sintetizada": "22C22239DFD7493B99354BFD8C192123.PLIST",
    "cantidad_archivos": 1,
    "archivos_fuente": [
      "Pictures/Fototeca de Fotos.photoslibrary/resources/renders/2/22C22239-DFD7-493B-9935-4BFD8C192123.plist"
    ],
    "ultima_modificacion": "2025-08-01 01:00:59.602888"
  },
  "2542b5657594442bbedeafb1bcf8d8ac.plist": {
    "app_sintetizada": "2542B5657594442BBEDEAFB1BCF8D8AC.PLIST",
    "cantidad_archivos": 1,
    "archivos_fuente": [
      "Pictures/Fototeca de Fotos.photoslibrary/resources/renders/2/2542B565-7594-442B-BEDE-AFB1BCF8D8AC.plist"
    ],
    "ultima_modificacion": "2025-08-01 01:00:59.603152"
  },
  "2489e8f544c84a67830f88e5965fad3e.plist": {
    "app_sintetizada": "2489E8F544C84A67830F88E5965FAD3E.PLIST",
    "cantidad_archivos": 1,
    "archivos_fuente": [
      "Pictures/Fototeca de Fotos.photoslibrary/resources/renders/2/2489E8F5-44C8-4A67-830F-88E5965FAD3E.plist"
    ],
    "ultima_modificacion": "2025-08-01 01:00:59.603414"
  },
  "2275f0e09b8747219a15cdbc8ba37482.plist": {
    "app_sintetizada": "2275F0E09B8747219A15CDBC8BA37482.PLIST",
    "cantidad_archivos": 1,
    "archivos_fuente": [
      "Pictures/Fototeca de Fotos.photoslibrary/resources/renders/2/2275F0E0-9B87-4721-9A15-CDBC8BA37482.plist"
    ],
    "ultima_modificacion": "2025-08-01 01:00:59.603686"
  },
  "2915abb916b744cbaaa6e262574938a7.plist": {
    "app_sintetizada": "2915ABB916B744CBAAA6E262574938A7.PLIST",
    "cantidad_archivos": 1,
    "archivos_fuente": [
      "Pictures/Fototeca de Fotos.photoslibrary/resources/renders/2/2915ABB9-16B7-44CB-AAA6-E262574938A7.plist"
    ],
    "ultima_modificacion": "2025-08-01 01:00:59.603947"
  },
  "29ee3842f2b3441eb3487ca74b5a3555.plist": {
    "app_sintetizada": "29EE3842F2B3441EB3487CA74B5A3555.PLIST",
    "cantidad_archivos": 1,
    "archivos_fuente": [
      "Pictures/Fototeca de Fotos.photoslibrary/resources/renders/2/29EE3842-F2B3-441E-B348-7CA74B5A3555.plist"
    ],
    "ultima_modificacion": "2025-08-01 01:00:59.604225"
  },
  "21bf3aa94caf4a0ba60fc6f4d958ec11.plist": {
    "app_sintetizada": "21BF3AA94CAF4A0BA60FC6F4D958EC11.PLIST",
    "cantidad_archivos": 1,
    "archivos_fuente": [
      "Pictures/Fototeca de Fotos.photoslibrary/resources/renders/2/21BF3AA9-4CAF-4A0B-A60F-C6F4D958EC11.plist"
    ],
    "ultima_modificacion": "2025-08-01 01:00:59.604494"
  },
  "24f1081925844dbf83befcdc5be180c3.plist": {
    "app_sintetizada": "24F1081925844DBF83BEFCDC5BE180C3.PLIST",
    "cantidad_archivos": 1,
    "archivos_fuente": [
      "Pictures/Fototeca de Fotos.photoslibrary/resources/renders/2/24F10819-2584-4DBF-83BE-FCDC5BE180C3.plist"
    ],
    "ultima_modificacion": "2025-08-01 01:00:59.604771"
  },
  "2d05d507e2f840a986773fc13d52be64.plist": {
    "app_sintetizada": "2D05D507E2F840A986773FC13D52BE64.PLIST",
    "cantidad_archivos": 1,
    "archivos_fuente": [
      "Pictures/Fototeca de Fotos.photoslibrary/resources/renders/2/2D05D507-E2F8-40A9-8677-3FC13D52BE64.plist"
    ],
    "ultima_modificacion": "2025-08-01 01:00:59.605066"
  },
  "25379a1091af408da7e4fb7df4925b50.plist": {
    "app_sintetizada": "25379A1091AF408DA7E4FB7DF4925B50.PLIST",
    "cantidad_archivos": 1,
    "archivos_fuente": [
      "Pictures/Fototeca de Fotos.photoslibrary/resources/renders/2/25379A10-91AF-408D-A7E4-FB7DF4925B50.plist"
    ],
    "ultima_modificacion": "2025-08-01 01:00:59.605351"
  },
  "27555c376f4d49cebf26eece24c9c22c.plist": {
    "app_sintetizada": "27555C376F4D49CEBF26EECE24C9C22C.PLIST",
    "cantidad_archivos": 1,
    "archivos_fuente": [
      "Pictures/Fototeca de Fotos.photoslibrary/resources/renders/2/27555C37-6F4D-49CE-BF26-EECE24C9C22C.plist"
    ],
    "ultima_modificacion": "2025-08-01 01:00:59.605653"
  },
  "2d9801c775764d14833028ea2c23f605.plist": {
    "app_sintetizada": "2D9801C775764D14833028EA2C23F605.PLIST",
    "cantidad_archivos": 1,
    "archivos_fuente": [
      "Pictures/Fototeca de Fotos.photoslibrary/resources/renders/2/2D9801C7-7576-4D14-8330-28EA2C23F605.plist"
    ],
    "ultima_modificacion": "2025-08-01 01:00:59.605963"
  },
  "2d50b3c841b54099936843ba0b97a529.plist": {
    "app_sintetizada": "2D50B3C841B54099936843BA0B97A529.PLIST",
    "cantidad_archivos": 1,
    "archivos_fuente": [
      "Pictures/Fototeca de Fotos.photoslibrary/resources/renders/2/2D50B3C8-41B5-4099-9368-43BA0B97A529.plist"
    ],
    "ultima_modificacion": "2025-08-01 01:00:59.606478"
  },
  "2414a6d8527c453da0fa30713b432d43.plist": {
    "app_sintetizada": "2414A6D8527C453DA0FA30713B432D43.PLIST",
    "cantidad_archivos": 1,
    "archivos_fuente": [
      "Pictures/Fototeca de Fotos.photoslibrary/resources/renders/2/2414A6D8-527C-453D-A0FA-30713B432D43.plist"
    ],
    "ultima_modificacion": "2025-08-01 01:00:59.606778"
  },
  "20a0cfa9f21f4c7a9422a3a086d92c22.plist": {
    "app_sintetizada": "20A0CFA9F21F4C7A9422A3A086D92C22.PLIST",
    "cantidad_archivos": 1,
    "archivos_fuente": [
      "Pictures/Fototeca de Fotos.photoslibrary/resources/renders/2/20A0CFA9-F21F-4C7A-9422-A3A086D92C22.plist"
    ],
    "ultima_modificacion": "2025-08-01 01:00:59.607071"
  },
  "2688a106af2e49b48d638ff06a5b27cd.plist": {
    "app_sintetizada": "2688A106AF2E49B48D638FF06A5B27CD.PLIST",
    "cantidad_archivos": 1,
    "archivos_fuente": [
      "Pictures/Fototeca de Fotos.photoslibrary/resources/renders/2/2688A106-AF2E-49B4-8D63-8FF06A5B27CD.plist"
    ],
    "ultima_modificacion": "2025-08-01 01:00:59.607359"
  },
  "2f9ab08da4624b2298947ec40b4c00e3.plist": {
    "app_sintetizada": "2F9AB08DA4624B2298947EC40B4C00E3.PLIST",
    "cantidad_archivos": 1,
    "archivos_fuente": [
      "Pictures/Fototeca de Fotos.photoslibrary/resources/renders/2/2F9AB08D-A462-4B22-9894-7EC40B4C00E3.plist"
    ],
    "ultima_modificacion": "2025-08-01 01:00:59.607652"
  },
  "20063009c8e4465983269d40004eb976.plist": {
    "app_sintetizada": "20063009C8E4465983269D40004EB976.PLIST",
    "cantidad_archivos": 1,
    "archivos_fuente": [
      "Pictures/Fototeca de Fotos.photoslibrary/resources/renders/2/20063009-C8E4-4659-8326-9D40004EB976.plist"
    ],
    "ultima_modificacion": "2025-08-01 01:00:59.607922"
  },
  "22d40cff17dd4a62b088ee9238107bd4.plist": {
    "app_sintetizada": "22D40CFF17DD4A62B088EE9238107BD4.PLIST",
    "cantidad_archivos": 1,
    "archivos_fuente": [
      "Pictures/Fototeca de Fotos.photoslibrary/resources/renders/2/22D40CFF-17DD-4A62-B088-EE9238107BD4.plist"
    ],
    "ultima_modificacion": "2025-08-01 01:00:59.608440"
  },
  "28930cba4998485a8f51344e6e7373d2.plist": {
    "app_sintetizada": "28930CBA4998485A8F51344E6E7373D2.PLIST",
    "cantidad_archivos": 1,
    "archivos_fuente": [
      "Pictures/Fototeca de Fotos.photoslibrary/resources/renders/2/28930CBA-4998-485A-8F51-344E6E7373D2.plist"
    ],
    "ultima_modificacion": "2025-08-01 01:00:59.608745"
  },
  "2793d5b8eff04606b1865ba44e7e5fd0.plist": {
    "app_sintetizada": "2793D5B8EFF04606B1865BA44E7E5FD0.PLIST",
    "cantidad_archivos": 1,
    "archivos_fuente": [
      "Pictures/Fototeca de Fotos.photoslibrary/resources/renders/2/2793D5B8-EFF0-4606-B186-5BA44E7E5FD0.plist"
    ],
    "ultima_modificacion": "2025-08-01 01:00:59.609031"
  },
  "2c60d1c405e84f82aecb936369d93b5e.plist": {
    "app_sintetizada": "2C60D1C405E84F82AECB936369D93B5E.PLIST",
    "cantidad_archivos": 1,
    "archivos_fuente": [
      "Pictures/Fototeca de Fotos.photoslibrary/resources/renders/2/2C60D1C4-05E8-4F82-AECB-936369D93B5E.plist"
    ],
    "ultima_modificacion": "2025-08-01 01:00:59.609320"
  },
  "2169948168f34f8d9f27d578911bb4a7.plist": {
    "app_sintetizada": "2169948168F34F8D9F27D578911BB4A7.PLIST",
    "cantidad_archivos": 1,
    "archivos_fuente": [
      "Pictures/Fototeca de Fotos.photoslibrary/resources/renders/2/21699481-68F3-4F8D-9F27-D578911BB4A7.plist"
    ],
    "ultima_modificacion": "2025-08-01 01:00:59.609595"
  },
  "2da2f69137664ecda218dfe1dced0f55.plist": {
    "app_sintetizada": "2DA2F69137664ECDA218DFE1DCED0F55.PLIST",
    "cantidad_archivos": 1,
    "archivos_fuente": [
      "Pictures/Fototeca de Fotos.photoslibrary/resources/renders/2/2DA2F691-3766-4ECD-A218-DFE1DCED0F55.plist"
    ],
    "ultima_modificacion": "2025-08-01 01:00:59.609867"
  },
  "27b0999dc74b47fb9611da9845336981.plist": {
    "app_sintetizada": "27B0999DC74B47FB9611DA9845336981.PLIST",
    "cantidad_archivos": 1,
    "archivos_fuente": [
      "Pictures/Fototeca de Fotos.photoslibrary/resources/renders/2/27B0999D-C74B-47FB-9611-DA9845336981.plist"
    ],
    "ultima_modificacion": "2025-08-01 01:00:59.610151"
  },
  "2f51a19770ed42d59fddcf6e3cc3d6de.plist": {
    "app_sintetizada": "2F51A19770ED42D59FDDCF6E3CC3D6DE.PLIST",
    "cantidad_archivos": 1,
    "archivos_fuente": [
      "Pictures/Fototeca de Fotos.photoslibrary/resources/renders/2/2F51A197-70ED-42D5-9FDD-CF6E3CC3D6DE.plist"
    ],
    "ultima_modificacion": "2025-08-01 01:00:59.610420"
  },
  "2e8191f4c8d0443c9ec909a8fd493352.plist": {
    "app_sintetizada": "2E8191F4C8D0443C9EC909A8FD493352.PLIST",
    "cantidad_archivos": 1,
    "archivos_fuente": [
      "Pictures/Fototeca de Fotos.photoslibrary/resources/renders/2/2E8191F4-C8D0-443C-9EC9-09A8FD493352.plist"
    ],
    "ultima_modificacion": "2025-08-01 01:00:59.610693"
  },
  "25c75438e2514afdac0cb88521dbb75c.plist": {
    "app_sintetizada": "25C75438E2514AFDAC0CB88521DBB75C.PLIST",
    "cantidad_archivos": 1,
    "archivos_fuente": [
      "Pictures/Fototeca de Fotos.photoslibrary/resources/renders/2/25C75438-E251-4AFD-AC0C-B88521DBB75C.plist"
    ],
    "ultima_modificacion": "2025-08-01 01:00:59.611024"
  }
}