{
  "9a0c7f4444be4ac5a8eb853f8d19585e1105c.jpeg": {
    "app_sintetizada": "9A0C7F4444BE4AC5A8EB853F8D19585E1105C.JPEG",
    "cantidad_archivos": 1,
    "archivos_fuente": [
      "Pictures/Fototeca de Fotos.photoslibrary/resources/derivatives/9/9A0C7F44-44BE-4AC5-A8EB-853F8D19585E_1_105_c.jpeg"
    ],
    "ultima_modificacion": "2025-08-01 01:00:59.885524"
  },
  "9a92b62a1a374a0fba9318036dcc1a101105c.jpeg": {
    "app_sintetizada": "9A92B62A1A374A0FBA9318036DCC1A101105C.JPEG",
    "cantidad_archivos": 1,
    "archivos_fuente": [
      "Pictures/Fototeca de Fotos.photoslibrary/resources/derivatives/9/9A92B62A-1A37-4A0F-BA93-18036DCC1A10_1_105_c.jpeg"
    ],
    "ultima_modificacion": "2025-08-01 01:00:59.885801"
  },
  "91e26993d59b4a1aaec4b916af9fafc11105c.jpeg": {
    "app_sintetizada": "91E26993D59B4A1AAEC4B916AF9FAFC11105C.JPEG",
    "cantidad_archivos": 1,
    "archivos_fuente": [
      "Pictures/Fototeca de Fotos.photoslibrary/resources/derivatives/9/91E26993-D59B-4A1A-AEC4-B916AF9FAFC1_1_105_c.jpeg"
    ],
    "ultima_modificacion": "2025-08-01 01:00:59.886079"
  },
  "9f98f5ebf7f34bc1b8d04ce20590663b1105c.jpeg": {
    "app_sintetizada": "9F98F5EBF7F34BC1B8D04CE20590663B1105C.JPEG",
    "cantidad_archivos": 1,
    "archivos_fuente": [
      "Pictures/Fototeca de Fotos.photoslibrary/resources/derivatives/9/9F98F5EB-F7F3-4BC1-B8D0-4CE20590663B_1_105_c.jpeg"
    ],
    "ultima_modificacion": "2025-08-01 01:00:59.886352"
  },
  "97f61c2303fe42f7b58ccac6e4e33ac81105c.jpeg": {
    "app_sintetizada": "97F61C2303FE42F7B58CCAC6E4E33AC81105C.JPEG",
    "cantidad_archivos": 1,
    "archivos_fuente": [
      "Pictures/Fototeca de Fotos.photoslibrary/resources/derivatives/9/97F61C23-03FE-42F7-B58C-CAC6E4E33AC8_1_105_c.jpeg"
    ],
    "ultima_modificacion": "2025-08-01 01:00:59.886646"
  },
  "9a814aa45ab046d1b573195e7cd244a31105c.jpeg": {
    "app_sintetizada": "9A814AA45AB046D1B573195E7CD244A31105C.JPEG",
    "cantidad_archivos": 1,
    "archivos_fuente": [
      "Pictures/Fototeca de Fotos.photoslibrary/resources/derivatives/9/9A814AA4-5AB0-46D1-B573-195E7CD244A3_1_105_c.jpeg"
    ],
    "ultima_modificacion": "2025-08-01 01:00:59.886930"
  },
  "94c72b9e4d4e4638b99abd03e554fb331105c.jpeg": {
    "app_sintetizada": "94C72B9E4D4E4638B99ABD03E554FB331105C.JPEG",
    "cantidad_archivos": 1,
    "archivos_fuente": [
      "Pictures/Fototeca de Fotos.photoslibrary/resources/derivatives/9/94C72B9E-4D4E-4638-B99A-BD03E554FB33_1_105_c.jpeg"
    ],
    "ultima_modificacion": "2025-08-01 01:00:59.887215"
  },
  "9067df0ad8c04eac873cb14f94d45a331105c.jpeg": {
    "app_sintetizada": "9067DF0AD8C04EAC873CB14F94D45A331105C.JPEG",
    "cantidad_archivos": 1,
    "archivos_fuente": [
      "Pictures/Fototeca de Fotos.photoslibrary/resources/derivatives/9/9067DF0A-D8C0-4EAC-873C-B14F94D45A33_1_105_c.jpeg"
    ],
    "ultima_modificacion": "2025-08-01 01:00:59.887541"
  },
  "90ee5f9ce71045069891e5a331be6bf31105c.jpeg": {
    "app_sintetizada": "90EE5F9CE71045069891E5A331BE6BF31105C.JPEG",
    "cantidad_archivos": 1,
    "archivos_fuente": [
      "Pictures/Fototeca de Fotos.photoslibrary/resources/derivatives/9/90EE5F9C-E710-4506-9891-E5A331BE6BF3_1_105_c.jpeg"
    ],
    "ultima_modificacion": "2025-08-01 01:00:59.888003"
  },
  "90d2a84416324614b8808f2cc5e85ea61105c.jpeg": {
    "app_sintetizada": "90D2A84416324614B8808F2CC5E85EA61105C.JPEG",
    "cantidad_archivos": 1,
    "archivos_fuente": [
      "Pictures/Fototeca de Fotos.photoslibrary/resources/derivatives/9/90D2A844-1632-4614-B880-8F2CC5E85EA6_1_105_c.jpeg"
    ],
    "ultima_modificacion": "2025-08-01 01:00:59.888292"
  },
  "9c2a16976fb941eb8faaaf18cfd029431105c.jpeg": {
    "app_sintetizada": "9C2A16976FB941EB8FAAAF18CFD029431105C.JPEG",
    "cantidad_archivos": 1,
    "archivos_fuente": [
      "Pictures/Fototeca de Fotos.photoslibrary/resources/derivatives/9/9C2A1697-6FB9-41EB-8FAA-AF18CFD02943_1_105_c.jpeg"
    ],
    "ultima_modificacion": "2025-08-01 01:00:59.888565"
  },
  "94376434649f4aefa10829f7577db9981105c.jpeg": {
    "app_sintetizada": "94376434649F4AEFA10829F7577DB9981105C.JPEG",
    "cantidad_archivos": 1,
    "archivos_fuente": [
      "Pictures/Fototeca de Fotos.photoslibrary/resources/derivatives/9/94376434-649F-4AEF-A108-29F7577DB998_1_105_c.jpeg"
    ],
    "ultima_modificacion": "2025-08-01 01:00:59.888847"
  },
  "9aa7f79f8ec14822ab69c55ccf8b636c1105c.jpeg": {
    "app_sintetizada": "9AA7F79F8EC14822AB69C55CCF8B636C1105C.JPEG",
    "cantidad_archivos": 1,
    "archivos_fuente": [
      "Pictures/Fototeca de Fotos.photoslibrary/resources/derivatives/9/9AA7F79F-8EC1-4822-AB69-C55CCF8B636C_1_105_c.jpeg"
    ],
    "ultima_modificacion": "2025-08-01 01:00:59.889135"
  },
  "9df7b19771354b3c8f5b213cd766badc1100o.jpeg": {
    "app_sintetizada": "9DF7B19771354B3C8F5B213CD766BADC1100O.JPEG",
    "cantidad_archivos": 1,
    "archivos_fuente": [
      "Pictures/Fototeca de Fotos.photoslibrary/resources/derivatives/9/9DF7B197-7135-4B3C-8F5B-213CD766BADC_1_100_o.jpeg"
    ],
    "ultima_modificacion": "2025-08-01 01:00:59.889423"
  },
  "91b1fd3c47dd401c9b8d53b80faf17cb1105c.jpeg": {
    "app_sintetizada": "91B1FD3C47DD401C9B8D53B80FAF17CB1105C.JPEG",
    "cantidad_archivos": 1,
    "archivos_fuente": [
      "Pictures/Fototeca de Fotos.photoslibrary/resources/derivatives/9/91B1FD3C-47DD-401C-9B8D-53B80FAF17CB_1_105_c.jpeg"
    ],
    "ultima_modificacion": "2025-08-01 01:00:59.889712"
  },
  "97413f5f633c43c5acb63031b3ac622b1105c.jpeg": {
    "app_sintetizada": "97413F5F633C43C5ACB63031B3AC622B1105C.JPEG",
    "cantidad_archivos": 1,
    "archivos_fuente": [
      "Pictures/Fototeca de Fotos.photoslibrary/resources/derivatives/9/97413F5F-633C-43C5-ACB6-3031B3AC622B_1_105_c.jpeg"
    ],
    "ultima_modificacion": "2025-08-01 01:00:59.890021"
  },
  "97c77fc1bbdd4ec284884ce894872b641105c.jpeg": {
    "app_sintetizada": "97C77FC1BBDD4EC284884CE894872B641105C.JPEG",
    "cantidad_archivos": 1,
    "archivos_fuente": [
      "Pictures/Fototeca de Fotos.photoslibrary/resources/derivatives/9/97C77FC1-BBDD-4EC2-8488-4CE894872B64_1_105_c.jpeg"
    ],
    "ultima_modificacion": "2025-08-01 01:00:59.890304"
  },
  "9d0ec56d2c8c4a8aa243ef4c76b3721f1105c.jpeg": {
    "app_sintetizada": "9D0EC56D2C8C4A8AA243EF4C76B3721F1105C.JPEG",
    "cantidad_archivos": 1,
    "archivos_fuente": [
      "Pictures/Fototeca de Fotos.photoslibrary/resources/derivatives/9/9D0EC56D-2C8C-4A8A-A243-EF4C76B3721F_1_105_c.jpeg"
    ],
    "ultima_modificacion": "2025-08-01 01:00:59.890593"
  },
  "915c4b1bbdc64b44baba56e758b490a81105c.jpeg": {
    "app_sintetizada": "915C4B1BBDC64B44BABA56E758B490A81105C.JPEG",
    "cantidad_archivos": 1,
    "archivos_fuente": [
      "Pictures/Fototeca de Fotos.photoslibrary/resources/derivatives/9/915C4B1B-BDC6-4B44-BABA-56E758B490A8_1_105_c.jpeg"
    ],
    "ultima_modificacion": "2025-08-01 01:00:59.890886"
  },
  "9a19d59bc65a459ebb02f60232c175b41105c.jpeg": {
    "app_sintetizada": "9A19D59BC65A459EBB02F60232C175B41105C.JPEG",
    "cantidad_archivos": 1,
    "archivos_fuente": [
      "Pictures/Fototeca de Fotos.photoslibrary/resources/derivatives/9/9A19D59B-C65A-459E-BB02-F60232C175B4_1_105_c.jpeg"
    ],
    "ultima_modificacion": "2025-08-01 01:00:59.891147"
  },
  "98568c79fe6041e6bbe4a0fe4e5bebc31105c.jpeg": {
    "app_sintetizada": "98568C79FE6041E6BBE4A0FE4E5BEBC31105C.JPEG",
    "cantidad_archivos": 1,
    "archivos_fuente": [
      "Pictures/Fototeca de Fotos.photoslibrary/resources/derivatives/9/98568C79-FE60-41E6-BBE4-A0FE4E5BEBC3_1_105_c.jpeg"
    ],
    "ultima_modificacion": "2025-08-01 01:00:59.891431"
  },
  "93291323ef804c12ba8bdb6f75d5e57a1105c.jpeg": {
    "app_sintetizada": "93291323EF804C12BA8BDB6F75D5E57A1105C.JPEG",
    "cantidad_archivos": 1,
    "archivos_fuente": [
      "Pictures/Fototeca de Fotos.photoslibrary/resources/derivatives/9/93291323-EF80-4C12-BA8B-DB6F75D5E57A_1_105_c.jpeg"
    ],
    "ultima_modificacion": "2025-08-01 01:00:59.891713"
  },
  "9b4df3d7881e4e4ea8353cdf36785c261105c.jpeg": {
    "app_sintetizada": "9B4DF3D7881E4E4EA8353CDF36785C261105C.JPEG",
    "cantidad_archivos": 1,
    "archivos_fuente": [
      "Pictures/Fototeca de Fotos.photoslibrary/resources/derivatives/9/9B4DF3D7-881E-4E4E-A835-3CDF36785C26_1_105_c.jpeg"
    ],
    "ultima_modificacion": "2025-08-01 01:00:59.891971"
  },
  "902f564877ac4b9991c165e85cadaa591102o.jpeg": {
    "app_sintetizada": "902F564877AC4B9991C165E85CADAA591102O.JPEG",
    "cantidad_archivos": 1,
    "archivos_fuente": [
      "Pictures/Fototeca de Fotos.photoslibrary/resources/derivatives/9/902F5648-77AC-4B99-91C1-65E85CADAA59_1_102_o.jpeg"
    ],
    "ultima_modificacion": "2025-08-01 01:00:59.892962"
  },
  "910953f04d654234b5d2ce1cefdc03af1105c.jpeg": {
    "app_sintetizada": "910953F04D654234B5D2CE1CEFDC03AF1105C.JPEG",
    "cantidad_archivos": 1,
    "archivos_fuente": [
      "Pictures/Fototeca de Fotos.photoslibrary/resources/derivatives/9/910953F0-4D65-4234-B5D2-CE1CEFDC03AF_1_105_c.jpeg"
    ],
    "ultima_modificacion": "2025-08-01 01:00:59.893247"
  },
  "9cea159480b74f2ea888a17b63b5b0cf1105c.jpeg": {
    "app_sintetizada": "9CEA159480B74F2EA888A17B63B5B0CF1105C.JPEG",
    "cantidad_archivos": 1,
    "archivos_fuente": [
      "Pictures/Fototeca de Fotos.photoslibrary/resources/derivatives/9/9CEA1594-80B7-4F2E-A888-A17B63B5B0CF_1_105_c.jpeg"
    ],
    "ultima_modificacion": "2025-08-01 01:00:59.893533"
  },
  "9612829cd2db4dfea022a6c8f35b2ebc1105c.jpeg": {
    "app_sintetizada": "9612829CD2DB4DFEA022A6C8F35B2EBC1105C.JPEG",
    "cantidad_archivos": 1,
    "archivos_fuente": [
      "Pictures/Fototeca de Fotos.photoslibrary/resources/derivatives/9/9612829C-D2DB-4DFE-A022-A6C8F35B2EBC_1_105_c.jpeg"
    ],
    "ultima_modificacion": "2025-08-01 01:00:59.893824"
  },
  "9a10d5053a384271984b918003684e861105c.jpeg": {
    "app_sintetizada": "9A10D5053A384271984B918003684E861105C.JPEG",
    "cantidad_archivos": 1,
    "archivos_fuente": [
      "Pictures/Fototeca de Fotos.photoslibrary/resources/derivatives/9/9A10D505-3A38-4271-984B-918003684E86_1_105_c.jpeg"
    ],
    "ultima_modificacion": "2025-08-01 01:00:59.894090"
  },
  "9b9d279e28a245459c7e5790b1ae3e921105c.jpeg": {
    "app_sintetizada": "9B9D279E28A245459C7E5790B1AE3E921105C.JPEG",
    "cantidad_archivos": 1,
    "archivos_fuente": [
      "Pictures/Fototeca de Fotos.photoslibrary/resources/derivatives/9/9B9D279E-28A2-4545-9C7E-5790B1AE3E92_1_105_c.jpeg"
    ],
    "ultima_modificacion": "2025-08-01 01:00:59.894378"
  },
  "938f37e564ee4eb7a5bc23b637821c091105c.jpeg": {
    "app_sintetizada": "938F37E564EE4EB7A5BC23B637821C091105C.JPEG",
    "cantidad_archivos": 1,
    "archivos_fuente": [
      "Pictures/Fototeca de Fotos.photoslibrary/resources/derivatives/9/938F37E5-64EE-4EB7-A5BC-23B637821C09_1_105_c.jpeg"
    ],
    "ultima_modificacion": "2025-08-01 01:00:59.894658"
  },
  "95d039d999f14c1c99ab997e3074e6cd1105c.jpeg": {
    "app_sintetizada": "95D039D999F14C1C99AB997E3074E6CD1105C.JPEG",
    "cantidad_archivos": 1,
    "archivos_fuente": [
      "Pictures/Fototeca de Fotos.photoslibrary/resources/derivatives/9/95D039D9-99F1-4C1C-99AB-997E3074E6CD_1_105_c.jpeg"
    ],
    "ultima_modificacion": "2025-08-01 01:00:59.894917"
  },
  "9df09b50070d4e40a9397873317a78f71105c.jpeg": {
    "app_sintetizada": "9DF09B50070D4E40A9397873317A78F71105C.JPEG",
    "cantidad_archivos": 1,
    "archivos_fuente": [
      "Pictures/Fototeca de Fotos.photoslibrary/resources/derivatives/9/9DF09B50-070D-4E40-A939-7873317A78F7_1_105_c.jpeg"
    ],
    "ultima_modificacion": "2025-08-01 01:00:59.895206"
  },
  "92735b35e7ea400d9374209e3045044f.thm": {
    "app_sintetizada": "92735B35E7EA400D9374209E3045044F.THM",
    "cantidad_archivos": 1,
    "archivos_fuente": [
      "Pictures/Fototeca de Fotos.photoslibrary/resources/derivatives/9/92735B35-E7EA-400D-9374-209E3045044F.THM"
    ],
    "ultima_modificacion": "2025-08-01 01:00:59.895481"
  },
  "923e2a3cbce244b0b0bddebbd92bb86f1105c.jpeg": {
    "app_sintetizada": "923E2A3CBCE244B0B0BDDEBBD92BB86F1105C.JPEG",
    "cantidad_archivos": 1,
    "archivos_fuente": [
      "Pictures/Fototeca de Fotos.photoslibrary/resources/derivatives/9/923E2A3C-BCE2-44B0-B0BD-DEBBD92BB86F_1_105_c.jpeg"
    ],
    "ultima_modificacion": "2025-08-01 01:00:59.895752"
  },
  "9a09fbcd036c487793485dfc75720bc01105c.jpeg": {
    "app_sintetizada": "9A09FBCD036C487793485DFC75720BC01105C.JPEG",
    "cantidad_archivos": 1,
    "archivos_fuente": [
      "Pictures/Fototeca de Fotos.photoslibrary/resources/derivatives/9/9A09FBCD-036C-4877-9348-5DFC75720BC0_1_105_c.jpeg"
    ],
    "ultima_modificacion": "2025-08-01 01:00:59.896230"
  },
  "9394963f6d58464cad07c40dadc589201105c.jpeg": {
    "app_sintetizada": "9394963F6D58464CAD07C40DADC589201105C.JPEG",
    "cantidad_archivos": 1,
    "archivos_fuente": [
      "Pictures/Fototeca de Fotos.photoslibrary/resources/derivatives/9/9394963F-6D58-464C-AD07-C40DADC58920_1_105_c.jpeg"
    ],
    "ultima_modificacion": "2025-08-01 01:00:59.896588"
  },
  "9be2859f104e48008dbc65bf7ed2b4b21105c.jpeg": {
    "app_sintetizada": "9BE2859F104E48008DBC65BF7ED2B4B21105C.JPEG",
    "cantidad_archivos": 1,
    "archivos_fuente": [
      "Pictures/Fototeca de Fotos.photoslibrary/resources/derivatives/9/9BE2859F-104E-4800-8DBC-65BF7ED2B4B2_1_105_c.jpeg"
    ],
    "ultima_modificacion": "2025-08-01 01:00:59.896903"
  },
  "9e16a9dc9fc949e6a3539817615c4cff1105c.jpeg": {
    "app_sintetizada": "9E16A9DC9FC949E6A3539817615C4CFF1105C.JPEG",
    "cantidad_archivos": 1,
    "archivos_fuente": [
      "Pictures/Fototeca de Fotos.photoslibrary/resources/derivatives/9/9E16A9DC-9FC9-49E6-A353-9817615C4CFF_1_105_c.jpeg"
    ],
    "ultima_modificacion": "2025-08-01 01:00:59.897212"
  },
  "907743abdb854debbbf5e8395b330ed41105c.jpeg": {
    "app_sintetizada": "907743ABDB854DEBBBF5E8395B330ED41105C.JPEG",
    "cantidad_archivos": 1,
    "archivos_fuente": [
      "Pictures/Fototeca de Fotos.photoslibrary/resources/derivatives/9/907743AB-DB85-4DEB-BBF5-E8395B330ED4_1_105_c.jpeg"
    ],
    "ultima_modificacion": "2025-08-01 01:00:59.897495"
  },
  "99ed5764c7e44707841df25ee55eb2451105c.jpeg": {
    "app_sintetizada": "99ED5764C7E44707841DF25EE55EB2451105C.JPEG",
    "cantidad_archivos": 1,
    "archivos_fuente": [
      "Pictures/Fototeca de Fotos.photoslibrary/resources/derivatives/9/99ED5764-C7E4-4707-841D-F25EE55EB245_1_105_c.jpeg"
    ],
    "ultima_modificacion": "2025-08-01 01:00:59.897791"
  },
  "921963e2d3934057bb19f11e4d20e8be1105c.jpeg": {
    "app_sintetizada": "921963E2D3934057BB19F11E4D20E8BE1105C.JPEG",
    "cantidad_archivos": 1,
    "archivos_fuente": [
      "Pictures/Fototeca de Fotos.photoslibrary/resources/derivatives/9/921963E2-D393-4057-BB19-F11E4D20E8BE_1_105_c.jpeg"
    ],
    "ultima_modificacion": "2025-08-01 01:00:59.898152"
  },
  "984c9916e9ad4caebe7a3393e76e9c891105c.jpeg": {
    "app_sintetizada": "984C9916E9AD4CAEBE7A3393E76E9C891105C.JPEG",
    "cantidad_archivos": 1,
    "archivos_fuente": [
      "Pictures/Fototeca de Fotos.photoslibrary/resources/derivatives/9/984C9916-E9AD-4CAE-BE7A-3393E76E9C89_1_105_c.jpeg"
    ],
    "ultima_modificacion": "2025-08-01 01:00:59.898454"
  },
  "9366eb57eec141a3b33e857f630515141105c.jpeg": {
    "app_sintetizada": "9366EB57EEC141A3B33E857F630515141105C.JPEG",
    "cantidad_archivos": 1,
    "archivos_fuente": [
      "Pictures/Fototeca de Fotos.photoslibrary/resources/derivatives/9/9366EB57-EEC1-41A3-B33E-857F63051514_1_105_c.jpeg"
    ],
    "ultima_modificacion": "2025-08-01 01:00:59.898750"
  },
  "97f4b93d6262494387b7bba35b4590531105c.jpeg": {
    "app_sintetizada": "97F4B93D6262494387B7BBA35B4590531105C.JPEG",
    "cantidad_archivos": 1,
    "archivos_fuente": [
      "Pictures/Fototeca de Fotos.photoslibrary/resources/derivatives/9/97F4B93D-6262-4943-87B7-BBA35B459053_1_105_c.jpeg"
    ],
    "ultima_modificacion": "2025-08-01 01:00:59.899041"
  },
  "961fd544e89c40c7a4033eb60873b0cd1105c.jpeg": {
    "app_sintetizada": "961FD544E89C40C7A4033EB60873B0CD1105C.JPEG",
    "cantidad_archivos": 1,
    "archivos_fuente": [
      "Pictures/Fototeca de Fotos.photoslibrary/resources/derivatives/9/961FD544-E89C-40C7-A403-3EB60873B0CD_1_105_c.jpeg"
    ],
    "ultima_modificacion": "2025-08-01 01:00:59.899332"
  },
  "92301737c1c34143abd280c037db0dab1105c.jpeg": {
    "app_sintetizada": "92301737C1C34143ABD280C037DB0DAB1105C.JPEG",
    "cantidad_archivos": 1,
    "archivos_fuente": [
      "Pictures/Fototeca de Fotos.photoslibrary/resources/derivatives/9/92301737-C1C3-4143-ABD2-80C037DB0DAB_1_105_c.jpeg"
    ],
    "ultima_modificacion": "2025-08-01 01:00:59.899610"
  },
  "9085820e63b44964b90a574fdf7345511105c.jpeg": {
    "app_sintetizada": "9085820E63B44964B90A574FDF7345511105C.JPEG",
    "cantidad_archivos": 1,
    "archivos_fuente": [
      "Pictures/Fototeca de Fotos.photoslibrary/resources/derivatives/9/9085820E-63B4-4964-B90A-574FDF734551_1_105_c.jpeg"
    ],
    "ultima_modificacion": "2025-08-01 01:00:59.899906"
  },
  "90e7f13567c64f73ad4bfdd7a3abfeed1105c.jpeg": {
    "app_sintetizada": "90E7F13567C64F73AD4BFDD7A3ABFEED1105C.JPEG",
    "cantidad_archivos": 1,
    "archivos_fuente": [
      "Pictures/Fototeca de Fotos.photoslibrary/resources/derivatives/9/90E7F135-67C6-4F73-AD4B-FDD7A3ABFEED_1_105_c.jpeg"
    ],
    "ultima_modificacion": "2025-08-01 01:00:59.900176"
  },
  "9a9f6963ae714b2fa3afc7737773f1541105c.jpeg": {
    "app_sintetizada": "9A9F6963AE714B2FA3AFC7737773F1541105C.JPEG",
    "cantidad_archivos": 1,
    "archivos_fuente": [
      "Pictures/Fototeca de Fotos.photoslibrary/resources/derivatives/9/9A9F6963-AE71-4B2F-A3AF-C7737773F154_1_105_c.jpeg"
    ],
    "ultima_modificacion": "2025-08-01 01:00:59.900454"
  },
  "973fbd8df6984992a95f28d6704046311105c.jpeg": {
    "app_sintetizada": "973FBD8DF6984992A95F28D6704046311105C.JPEG",
    "cantidad_archivos": 1,
    "archivos_fuente": [
      "Pictures/Fototeca de Fotos.photoslibrary/resources/derivatives/9/973FBD8D-F698-4992-A95F-28D670404631_1_105_c.jpeg"
    ],
    "ultima_modificacion": "2025-08-01 01:00:59.900732"
  },
  "932e8a5885bb4eaba5100d9c8474c3e51105c.jpeg": {
    "app_sintetizada": "932E8A5885BB4EABA5100D9C8474C3E51105C.JPEG",
    "cantidad_archivos": 1,
    "archivos_fuente": [
      "Pictures/Fototeca de Fotos.photoslibrary/resources/derivatives/9/932E8A58-85BB-4EAB-A510-0D9C8474C3E5_1_105_c.jpeg"
    ],
    "ultima_modificacion": "2025-08-01 01:00:59.901035"
  },
  "98b10dbff3bc4fccbab54a87322320681105c.jpeg": {
    "app_sintetizada": "98B10DBFF3BC4FCCBAB54A87322320681105C.JPEG",
    "cantidad_archivos": 1,
    "archivos_fuente": [
      "Pictures/Fototeca de Fotos.photoslibrary/resources/derivatives/9/98B10DBF-F3BC-4FCC-BAB5-4A8732232068_1_105_c.jpeg"
    ],
    "ultima_modificacion": "2025-08-01 01:00:59.901318"
  },
  "9fb7007783944dd2a1f5b5e49bdb38491105c.jpeg": {
    "app_sintetizada": "9FB7007783944DD2A1F5B5E49BDB38491105C.JPEG",
    "cantidad_archivos": 1,
    "archivos_fuente": [
      "Pictures/Fototeca de Fotos.photoslibrary/resources/derivatives/9/9FB70077-8394-4DD2-A1F5-B5E49BDB3849_1_105_c.jpeg"
    ],
    "ultima_modificacion": "2025-08-01 01:00:59.901634"
  },
  "94d45e1d60994fc8b870f52bc67c4b021105c.jpeg": {
    "app_sintetizada": "94D45E1D60994FC8B870F52BC67C4B021105C.JPEG",
    "cantidad_archivos": 1,
    "archivos_fuente": [
      "Pictures/Fototeca de Fotos.photoslibrary/resources/derivatives/9/94D45E1D-6099-4FC8-B870-F52BC67C4B02_1_105_c.jpeg"
    ],
    "ultima_modificacion": "2025-08-01 01:00:59.901920"
  },
  "964cfe3b22124e62b8f16bf28fe48b741105c.jpeg": {
    "app_sintetizada": "964CFE3B22124E62B8F16BF28FE48B741105C.JPEG",
    "cantidad_archivos": 1,
    "archivos_fuente": [
      "Pictures/Fototeca de Fotos.photoslibrary/resources/derivatives/9/964CFE3B-2212-4E62-B8F1-6BF28FE48B74_1_105_c.jpeg"
    ],
    "ultima_modificacion": "2025-08-01 01:00:59.902200"
  },
  "9d2a0c9a613c463fb69e98f9813972801105c.jpeg": {
    "app_sintetizada": "9D2A0C9A613C463FB69E98F9813972801105C.JPEG",
    "cantidad_archivos": 1,
    "archivos_fuente": [
      "Pictures/Fototeca de Fotos.photoslibrary/resources/derivatives/9/9D2A0C9A-613C-463F-B69E-98F981397280_1_105_c.jpeg"
    ],
    "ultima_modificacion": "2025-08-01 01:00:59.902493"
  },
  "92df4ce745cd4e2eacd5e31ac33fdc811105c.jpeg": {
    "app_sintetizada": "92DF4CE745CD4E2EACD5E31AC33FDC811105C.JPEG",
    "cantidad_archivos": 1,
    "archivos_fuente": [
      "Pictures/Fototeca de Fotos.photoslibrary/resources/derivatives/9/92DF4CE7-45CD-4E2E-ACD5-E31AC33FDC81_1_105_c.jpeg"
    ],
    "ultima_modificacion": "2025-08-01 01:00:59.902774"
  },
  "9a723abc24464d8c91dc173d139a924a1105c.jpeg": {
    "app_sintetizada": "9A723ABC24464D8C91DC173D139A924A1105C.JPEG",
    "cantidad_archivos": 1,
    "archivos_fuente": [
      "Pictures/Fototeca de Fotos.photoslibrary/resources/derivatives/9/9A723ABC-2446-4D8C-91DC-173D139A924A_1_105_c.jpeg"
    ],
    "ultima_modificacion": "2025-08-01 01:00:59.903085"
  },
  "9f44992f50ab43e3a35a07ff8007c33e1105c.jpeg": {
    "app_sintetizada": "9F44992F50AB43E3A35A07FF8007C33E1105C.JPEG",
    "cantidad_archivos": 1,
    "archivos_fuente": [
      "Pictures/Fototeca de Fotos.photoslibrary/resources/derivatives/9/9F44992F-50AB-43E3-A35A-07FF8007C33E_1_105_c.jpeg"
    ],
    "ultima_modificacion": "2025-08-01 01:00:59.903378"
  },
  "9a55e3fa5c364611bb6a7803f2b9a8ed1105c.jpeg": {
    "app_sintetizada": "9A55E3FA5C364611BB6A7803F2B9A8ED1105C.JPEG",
    "cantidad_archivos": 1,
    "archivos_fuente": [
      "Pictures/Fototeca de Fotos.photoslibrary/resources/derivatives/9/9A55E3FA-5C36-4611-BB6A-7803F2B9A8ED_1_105_c.jpeg"
    ],
    "ultima_modificacion": "2025-08-01 01:00:59.903656"
  },
  "9e1fca7b148d4b839bf735ab083e59471105c.jpeg": {
    "app_sintetizada": "9E1FCA7B148D4B839BF735AB083E59471105C.JPEG",
    "cantidad_archivos": 1,
    "archivos_fuente": [
      "Pictures/Fototeca de Fotos.photoslibrary/resources/derivatives/9/9E1FCA7B-148D-4B83-9BF7-35AB083E5947_1_105_c.jpeg"
    ],
    "ultima_modificacion": "2025-08-01 01:00:59.903943"
  },
  "99df46231a534579a9cf532f180a042e1105c.jpeg": {
    "app_sintetizada": "99DF46231A534579A9CF532F180A042E1105C.JPEG",
    "cantidad_archivos": 1,
    "archivos_fuente": [
      "Pictures/Fototeca de Fotos.photoslibrary/resources/derivatives/9/99DF4623-1A53-4579-A9CF-532F180A042E_1_105_c.jpeg"
    ],
    "ultima_modificacion": "2025-08-01 01:00:59.904234"
  },
  "9846173660704664bf75d10eae04d9cb1105c.jpeg": {
    "app_sintetizada": "9846173660704664BF75D10EAE04D9CB1105C.JPEG",
    "cantidad_archivos": 1,
    "archivos_fuente": [
      "Pictures/Fototeca de Fotos.photoslibrary/resources/derivatives/9/98461736-6070-4664-BF75-D10EAE04D9CB_1_105_c.jpeg"
    ],
    "ultima_modificacion": "2025-08-01 01:00:59.904516"
  },
  "927765a64f814e9b9ad086b6afdbf5c01105c.jpeg": {
    "app_sintetizada": "927765A64F814E9B9AD086B6AFDBF5C01105C.JPEG",
    "cantidad_archivos": 1,
    "archivos_fuente": [
      "Pictures/Fototeca de Fotos.photoslibrary/resources/derivatives/9/927765A6-4F81-4E9B-9AD0-86B6AFDBF5C0_1_105_c.jpeg"
    ],
    "ultima_modificacion": "2025-08-01 01:00:59.904976"
  },
  "96ad78414dfd4ff4bf1d0d6553183e7a1105c.jpeg": {
    "app_sintetizada": "96AD78414DFD4FF4BF1D0D6553183E7A1105C.JPEG",
    "cantidad_archivos": 1,
    "archivos_fuente": [
      "Pictures/Fototeca de Fotos.photoslibrary/resources/derivatives/9/96AD7841-4DFD-4FF4-BF1D-0D6553183E7A_1_105_c.jpeg"
    ],
    "ultima_modificacion": "2025-08-01 01:00:59.905350"
  },
  "994a44b8fea5420eae833f1fb954012d1105c.jpeg": {
    "app_sintetizada": "994A44B8FEA5420EAE833F1FB954012D1105C.JPEG",
    "cantidad_archivos": 1,
    "archivos_fuente": [
      "Pictures/Fototeca de Fotos.photoslibrary/resources/derivatives/9/994A44B8-FEA5-420E-AE83-3F1FB954012D_1_105_c.jpeg"
    ],
    "ultima_modificacion": "2025-08-01 01:00:59.905683"
  },
  "93fb5dda23e544efbb2d3dc278087d401105c.jpeg": {
    "app_sintetizada": "93FB5DDA23E544EFBB2D3DC278087D401105C.JPEG",
    "cantidad_archivos": 1,
    "archivos_fuente": [
      "Pictures/Fototeca de Fotos.photoslibrary/resources/derivatives/9/93FB5DDA-23E5-44EF-BB2D-3DC278087D40_1_105_c.jpeg"
    ],
    "ultima_modificacion": "2025-08-01 01:00:59.906013"
  },
  "9e16abc623f940939282172bfe9798ca1105c.jpeg": {
    "app_sintetizada": "9E16ABC623F940939282172BFE9798CA1105C.JPEG",
    "cantidad_archivos": 1,
    "archivos_fuente": [
      "Pictures/Fototeca de Fotos.photoslibrary/resources/derivatives/9/9E16ABC6-23F9-4093-9282-172BFE9798CA_1_105_c.jpeg"
    ],
    "ultima_modificacion": "2025-08-01 01:00:59.906316"
  },
  "9fc8033ae787473ca100c3cf39c02fc31105c.jpeg": {
    "app_sintetizada": "9FC8033AE787473CA100C3CF39C02FC31105C.JPEG",
    "cantidad_archivos": 1,
    "archivos_fuente": [
      "Pictures/Fototeca de Fotos.photoslibrary/resources/derivatives/9/9FC8033A-E787-473C-A100-C3CF39C02FC3_1_105_c.jpeg"
    ],
    "ultima_modificacion": "2025-08-01 01:00:59.906601"
  },
  "91e5ed955b5f44d3a9a5c77fc13619611105c.jpeg": {
    "app_sintetizada": "91E5ED955B5F44D3A9A5C77FC13619611105C.JPEG",
    "cantidad_archivos": 1,
    "archivos_fuente": [
      "Pictures/Fototeca de Fotos.photoslibrary/resources/derivatives/9/91E5ED95-5B5F-44D3-A9A5-C77FC1361961_1_105_c.jpeg"
    ],
    "ultima_modificacion": "2025-08-01 01:00:59.906887"
  },
  "918f221e64f7449787db5159a40cb6011105c.jpeg": {
    "app_sintetizada": "918F221E64F7449787DB5159A40CB6011105C.JPEG",
    "cantidad_archivos": 1,
    "archivos_fuente": [
      "Pictures/Fototeca de Fotos.photoslibrary/resources/derivatives/9/918F221E-64F7-4497-87DB-5159A40CB601_1_105_c.jpeg"
    ],
    "ultima_modificacion": "2025-08-01 01:00:59.907184"
  },
  "91a6bc048a374718920950efbf0cd9331105c.jpeg": {
    "app_sintetizada": "91A6BC048A374718920950EFBF0CD9331105C.JPEG",
    "cantidad_archivos": 1,
    "archivos_fuente": [
      "Pictures/Fototeca de Fotos.photoslibrary/resources/derivatives/9/91A6BC04-8A37-4718-9209-50EFBF0CD933_1_105_c.jpeg"
    ],
    "ultima_modificacion": "2025-08-01 01:00:59.907457"
  },
  "9cf3c07ef4aa4ed1b37722c65b10fc011105c.jpeg": {
    "app_sintetizada": "9CF3C07EF4AA4ED1B37722C65B10FC011105C.JPEG",
    "cantidad_archivos": 1,
    "archivos_fuente": [
      "Pictures/Fototeca de Fotos.photoslibrary/resources/derivatives/9/9CF3C07E-F4AA-4ED1-B377-22C65B10FC01_1_105_c.jpeg"
    ],
    "ultima_modificacion": "2025-08-01 01:00:59.907770"
  },
  "9ff2b98672ef423e8ba63c6f4392011b1105c.jpeg": {
    "app_sintetizada": "9FF2B98672EF423E8BA63C6F4392011B1105C.JPEG",
    "cantidad_archivos": 1,
    "archivos_fuente": [
      "Pictures/Fototeca de Fotos.photoslibrary/resources/derivatives/9/9FF2B986-72EF-423E-8BA6-3C6F4392011B_1_105_c.jpeg"
    ],
    "ultima_modificacion": "2025-08-01 01:00:59.908053"
  },
  "98f09dbd76be4efca0834c586e75e3d01105c.jpeg": {
    "app_sintetizada": "98F09DBD76BE4EFCA0834C586E75E3D01105C.JPEG",
    "cantidad_archivos": 1,
    "archivos_fuente": [
      "Pictures/Fototeca de Fotos.photoslibrary/resources/derivatives/9/98F09DBD-76BE-4EFC-A083-4C586E75E3D0_1_105_c.jpeg"
    ],
    "ultima_modificacion": "2025-08-01 01:00:59.908373"
  },
  "92ca5275f0d5461daa255939a5701d0c1105c.jpeg": {
    "app_sintetizada": "92CA5275F0D5461DAA255939A5701D0C1105C.JPEG",
    "cantidad_archivos": 1,
    "archivos_fuente": [
      "Pictures/Fototeca de Fotos.photoslibrary/resources/derivatives/9/92CA5275-F0D5-461D-AA25-5939A5701D0C_1_105_c.jpeg"
    ],
    "ultima_modificacion": "2025-08-01 01:00:59.908718"
  },
  "97577e67b7174e6998bec7924660cc5d1105c.jpeg": {
    "app_sintetizada": "97577E67B7174E6998BEC7924660CC5D1105C.JPEG",
    "cantidad_archivos": 1,
    "archivos_fuente": [
      "Pictures/Fototeca de Fotos.photoslibrary/resources/derivatives/9/97577E67-B717-4E69-98BE-C7924660CC5D_1_105_c.jpeg"
    ],
    "ultima_modificacion": "2025-08-01 01:00:59.909018"
  },
  "9af8fa1a6c7b4984875e65986b533af51105c.jpeg": {
    "app_sintetizada": "9AF8FA1A6C7B4984875E65986B533AF51105C.JPEG",
    "cantidad_archivos": 1,
    "archivos_fuente": [
      "Pictures/Fototeca de Fotos.photoslibrary/resources/derivatives/9/9AF8FA1A-6C7B-4984-875E-65986B533AF5_1_105_c.jpeg"
    ],
    "ultima_modificacion": "2025-08-01 01:00:59.909307"
  },
  "96b40d9fe9774561be208eeae56e976c1105c.jpeg": {
    "app_sintetizada": "96B40D9FE9774561BE208EEAE56E976C1105C.JPEG",
    "cantidad_archivos": 1,
    "archivos_fuente": [
      "Pictures/Fototeca de Fotos.photoslibrary/resources/derivatives/9/96B40D9F-E977-4561-BE20-8EEAE56E976C_1_105_c.jpeg"
    ],
    "ultima_modificacion": "2025-08-01 01:00:59.909611"
  },
  "9bfcc46bd9e84d9497fb96b92ffe5f661105c.jpeg": {
    "app_sintetizada": "9BFCC46BD9E84D9497FB96B92FFE5F661105C.JPEG",
    "cantidad_archivos": 1,
    "archivos_fuente": [
      "Pictures/Fototeca de Fotos.photoslibrary/resources/derivatives/9/9BFCC46B-D9E8-4D94-97FB-96B92FFE5F66_1_105_c.jpeg"
    ],
    "ultima_modificacion": "2025-08-01 01:00:59.909902"
  },
  "9d999f7e2acc4401b92599e99e51bcc11105c.jpeg": {
    "app_sintetizada": "9D999F7E2ACC4401B92599E99E51BCC11105C.JPEG",
    "cantidad_archivos": 1,
    "archivos_fuente": [
      "Pictures/Fototeca de Fotos.photoslibrary/resources/derivatives/9/9D999F7E-2ACC-4401-B925-99E99E51BCC1_1_105_c.jpeg"
    ],
    "ultima_modificacion": "2025-08-01 01:00:59.910203"
  },
  "9cbbf8b2089648839f71febc29e102481105c.jpeg": {
    "app_sintetizada": "9CBBF8B2089648839F71FEBC29E102481105C.JPEG",
    "cantidad_archivos": 1,
    "archivos_fuente": [
      "Pictures/Fototeca de Fotos.photoslibrary/resources/derivatives/9/9CBBF8B2-0896-4883-9F71-FEBC29E10248_1_105_c.jpeg"
    ],
    "ultima_modificacion": "2025-08-01 01:00:59.910510"
  },
  "9b1f469886c540dc828d682bbcea0d8e1105c.jpeg": {
    "app_sintetizada": "9B1F469886C540DC828D682BBCEA0D8E1105C.JPEG",
    "cantidad_archivos": 1,
    "archivos_fuente": [
      "Pictures/Fototeca de Fotos.photoslibrary/resources/derivatives/9/9B1F4698-86C5-40DC-828D-682BBCEA0D8E_1_105_c.jpeg"
    ],
    "ultima_modificacion": "2025-08-01 01:00:59.910831"
  },
  "910d5bfb3258499ca4e7cf252501eda11105c.jpeg": {
    "app_sintetizada": "910D5BFB3258499CA4E7CF252501EDA11105C.JPEG",
    "cantidad_archivos": 1,
    "archivos_fuente": [
      "Pictures/Fototeca de Fotos.photoslibrary/resources/derivatives/9/910D5BFB-3258-499C-A4E7-CF252501EDA1_1_105_c.jpeg"
    ],
    "ultima_modificacion": "2025-08-01 01:00:59.911171"
  },
  "99c02376a51142f5812a471da75337801105c.jpeg": {
    "app_sintetizada": "99C02376A51142F5812A471DA75337801105C.JPEG",
    "cantidad_archivos": 1,
    "archivos_fuente": [
      "Pictures/Fototeca de Fotos.photoslibrary/resources/derivatives/9/99C02376-A511-42F5-812A-471DA7533780_1_105_c.jpeg"
    ],
    "ultima_modificacion": "2025-08-01 01:00:59.912168"
  },
  "9030b929692f484e808e55c3088f7c501105c.jpeg": {
    "app_sintetizada": "9030B929692F484E808E55C3088F7C501105C.JPEG",
    "cantidad_archivos": 1,
    "archivos_fuente": [
      "Pictures/Fototeca de Fotos.photoslibrary/resources/derivatives/9/9030B929-692F-484E-808E-55C3088F7C50_1_105_c.jpeg"
    ],
    "ultima_modificacion": "2025-08-01 01:00:59.912584"
  },
  "9f6a78e1bb9a45fe9986cf36bacd38c8.thm": {
    "app_sintetizada": "9F6A78E1BB9A45FE9986CF36BACD38C8.THM",
    "cantidad_archivos": 1,
    "archivos_fuente": [
      "Pictures/Fototeca de Fotos.photoslibrary/resources/derivatives/9/9F6A78E1-BB9A-45FE-9986-CF36BACD38C8.THM"
    ],
    "ultima_modificacion": "2025-08-01 01:00:59.912880"
  },
  "9e114738f2c84f568722a010a1b5737b1105c.jpeg": {
    "app_sintetizada": "9E114738F2C84F568722A010A1B5737B1105C.JPEG",
    "cantidad_archivos": 1,
    "archivos_fuente": [
      "Pictures/Fototeca de Fotos.photoslibrary/resources/derivatives/9/9E114738-F2C8-4F56-8722-A010A1B5737B_1_105_c.jpeg"
    ],
    "ultima_modificacion": "2025-08-01 01:00:59.913754"
  },
  "9337240716df46fab8706e0969cc40a8.thm": {
    "app_sintetizada": "9337240716DF46FAB8706E0969CC40A8.THM",
    "cantidad_archivos": 1,
    "archivos_fuente": [
      "Pictures/Fototeca de Fotos.photoslibrary/resources/derivatives/9/93372407-16DF-46FA-B870-6E0969CC40A8.THM"
    ],
    "ultima_modificacion": "2025-08-01 01:00:59.914116"
  },
  "9f83a0353a254165b7caa32b1ad702191105c.jpeg": {
    "app_sintetizada": "9F83A0353A254165B7CAA32B1AD702191105C.JPEG",
    "cantidad_archivos": 1,
    "archivos_fuente": [
      "Pictures/Fototeca de Fotos.photoslibrary/resources/derivatives/9/9F83A035-3A25-4165-B7CA-A32B1AD70219_1_105_c.jpeg"
    ],
    "ultima_modificacion": "2025-08-01 01:00:59.914383"
  },
  "9e2e0d9ae33040568f37ff18ee55a4a41105c.jpeg": {
    "app_sintetizada": "9E2E0D9AE33040568F37FF18EE55A4A41105C.JPEG",
    "cantidad_archivos": 1,
    "archivos_fuente": [
      "Pictures/Fototeca de Fotos.photoslibrary/resources/derivatives/9/9E2E0D9A-E330-4056-8F37-FF18EE55A4A4_1_105_c.jpeg"
    ],
    "ultima_modificacion": "2025-08-01 01:00:59.914740"
  },
  "93f798cb338e4cc981637287f503ee601105c.jpeg": {
    "app_sintetizada": "93F798CB338E4CC981637287F503EE601105C.JPEG",
    "cantidad_archivos": 1,
    "archivos_fuente": [
      "Pictures/Fototeca de Fotos.photoslibrary/resources/derivatives/9/93F798CB-338E-4CC9-8163-7287F503EE60_1_105_c.jpeg"
    ],
    "ultima_modificacion": "2025-08-01 01:00:59.914968"
  },
  "9023c06323a847f69834324a59f3f01f1105c.jpeg": {
    "app_sintetizada": "9023C06323A847F69834324A59F3F01F1105C.JPEG",
    "cantidad_archivos": 1,
    "archivos_fuente": [
      "Pictures/Fototeca de Fotos.photoslibrary/resources/derivatives/9/9023C063-23A8-47F6-9834-324A59F3F01F_1_105_c.jpeg"
    ],
    "ultima_modificacion": "2025-08-01 01:00:59.915171"
  },
  "90f46cee6ba94445aa14d4a813267b561105c.jpeg": {
    "app_sintetizada": "90F46CEE6BA94445AA14D4A813267B561105C.JPEG",
    "cantidad_archivos": 1,
    "archivos_fuente": [
      "Pictures/Fototeca de Fotos.photoslibrary/resources/derivatives/9/90F46CEE-6BA9-4445-AA14-D4A813267B56_1_105_c.jpeg"
    ],
    "ultima_modificacion": "2025-08-01 01:00:59.915430"
  },
  "9f2c6d902c0540ca936e95ad9e86fbf21105c.jpeg": {
    "app_sintetizada": "9F2C6D902C0540CA936E95AD9E86FBF21105C.JPEG",
    "cantidad_archivos": 1,
    "archivos_fuente": [
      "Pictures/Fototeca de Fotos.photoslibrary/resources/derivatives/9/9F2C6D90-2C05-40CA-936E-95AD9E86FBF2_1_105_c.jpeg"
    ],
    "ultima_modificacion": "2025-08-01 01:00:59.915777"
  },
  "99c99dbc0c0e4981bb3f8df74a24a35c1105c.jpeg": {
    "app_sintetizada": "99C99DBC0C0E4981BB3F8DF74A24A35C1105C.JPEG",
    "cantidad_archivos": 1,
    "archivos_fuente": [
      "Pictures/Fototeca de Fotos.photoslibrary/resources/derivatives/9/99C99DBC-0C0E-4981-BB3F-8DF74A24A35C_1_105_c.jpeg"
    ],
    "ultima_modificacion": "2025-08-01 01:00:59.916042"
  },
  "9ba5c2e8e5ad4fbaa6d85888da7801771105c.jpeg": {
    "app_sintetizada": "9BA5C2E8E5AD4FBAA6D85888DA7801771105C.JPEG",
    "cantidad_archivos": 1,
    "archivos_fuente": [
      "Pictures/Fototeca de Fotos.photoslibrary/resources/derivatives/9/9BA5C2E8-E5AD-4FBA-A6D8-5888DA780177_1_105_c.jpeg"
    ],
    "ultima_modificacion": "2025-08-01 01:00:59.916338"
  },
  "9920d58477614b66a911a1e9357888b11105c.jpeg": {
    "app_sintetizada": "9920D58477614B66A911A1E9357888B11105C.JPEG",
    "cantidad_archivos": 1,
    "archivos_fuente": [
      "Pictures/Fototeca de Fotos.photoslibrary/resources/derivatives/9/9920D584-7761-4B66-A911-A1E9357888B1_1_105_c.jpeg"
    ],
    "ultima_modificacion": "2025-08-01 01:00:59.916575"
  },
  "9022dc8fe505432d8dd505c11f559dae1102o.jpeg": {
    "app_sintetizada": "9022DC8FE505432D8DD505C11F559DAE1102O.JPEG",
    "cantidad_archivos": 1,
    "archivos_fuente": [
      "Pictures/Fototeca de Fotos.photoslibrary/resources/derivatives/9/9022DC8F-E505-432D-8DD5-05C11F559DAE_1_102_o.jpeg"
    ],
    "ultima_modificacion": "2025-08-01 01:00:59.916809"
  },
  "9390b6e3555a4414a828df46248a8e751105c.jpeg": {
    "app_sintetizada": "9390B6E3555A4414A828DF46248A8E751105C.JPEG",
    "cantidad_archivos": 1,
    "archivos_fuente": [
      "Pictures/Fototeca de Fotos.photoslibrary/resources/derivatives/9/9390B6E3-555A-4414-A828-DF46248A8E75_1_105_c.jpeg"
    ],
    "ultima_modificacion": "2025-08-01 01:00:59.917096"
  }
}