{
  "9d7a6ded76954e8792954cc8d5b89de31105c.jpeg": {
    "app_sintetizada": "9D7A6DED76954E8792954CC8D5B89DE31105C.JPEG",
    "cantidad_archivos": 1,
    "archivos_fuente": [
      "Pictures/Fototeca de Fotos.photoslibrary/resources/derivatives/9/9D7A6DED-7695-4E87-9295-4CC8D5B89DE3_1_105_c.jpeg"
    ],
    "ultima_modificacion": "2025-08-01 01:00:59.941825"
  },
  "935e6e007b7443cfa27fe574fdc6beee1105c.jpeg": {
    "app_sintetizada": "935E6E007B7443CFA27FE574FDC6BEEE1105C.JPEG",
    "cantidad_archivos": 1,
    "archivos_fuente": [
      "Pictures/Fototeca de Fotos.photoslibrary/resources/derivatives/9/935E6E00-7B74-43CF-A27F-E574FDC6BEEE_1_105_c.jpeg"
    ],
    "ultima_modificacion": "2025-08-01 01:00:59.942088"
  },
  "9dc06fc565e54a09b4ca427d478ca2be.thm": {
    "app_sintetizada": "9DC06FC565E54A09B4CA427D478CA2BE.THM",
    "cantidad_archivos": 1,
    "archivos_fuente": [
      "Pictures/Fototeca de Fotos.photoslibrary/resources/derivatives/9/9DC06FC5-65E5-4A09-B4CA-427D478CA2BE.THM"
    ],
    "ultima_modificacion": "2025-08-01 01:00:59.942382"
  },
  "94f8713d7e104b1aa9f6505fe940b4651105c.jpeg": {
    "app_sintetizada": "94F8713D7E104B1AA9F6505FE940B4651105C.JPEG",
    "cantidad_archivos": 1,
    "archivos_fuente": [
      "Pictures/Fototeca de Fotos.photoslibrary/resources/derivatives/9/94F8713D-7E10-4B1A-A9F6-505FE940B465_1_105_c.jpeg"
    ],
    "ultima_modificacion": "2025-08-01 01:00:59.942639"
  },
  "9b576d5405224bc091f07f430e781f201105c.jpeg": {
    "app_sintetizada": "9B576D5405224BC091F07F430E781F201105C.JPEG",
    "cantidad_archivos": 1,
    "archivos_fuente": [
      "Pictures/Fototeca de Fotos.photoslibrary/resources/derivatives/9/9B576D54-0522-4BC0-91F0-7F430E781F20_1_105_c.jpeg"
    ],
    "ultima_modificacion": "2025-08-01 01:00:59.942912"
  },
  "9a4cfed19089482eb79aae2f3e4025201105c.jpeg": {
    "app_sintetizada": "9A4CFED19089482EB79AAE2F3E4025201105C.JPEG",
    "cantidad_archivos": 1,
    "archivos_fuente": [
      "Pictures/Fototeca de Fotos.photoslibrary/resources/derivatives/9/9A4CFED1-9089-482E-B79A-AE2F3E402520_1_105_c.jpeg"
    ],
    "ultima_modificacion": "2025-08-01 01:00:59.943175"
  },
  "9e6dcd30e98c4941a7c5806b4be5fc091105c.jpeg": {
    "app_sintetizada": "9E6DCD30E98C4941A7C5806B4BE5FC091105C.JPEG",
    "cantidad_archivos": 1,
    "archivos_fuente": [
      "Pictures/Fototeca de Fotos.photoslibrary/resources/derivatives/9/9E6DCD30-E98C-4941-A7C5-806B4BE5FC09_1_105_c.jpeg"
    ],
    "ultima_modificacion": "2025-08-01 01:00:59.943444"
  },
  "9a9b68d8020e4228a37647a9d10a907b1105c.jpeg": {
    "app_sintetizada": "9A9B68D8020E4228A37647A9D10A907B1105C.JPEG",
    "cantidad_archivos": 1,
    "archivos_fuente": [
      "Pictures/Fototeca de Fotos.photoslibrary/resources/derivatives/9/9A9B68D8-020E-4228-A376-47A9D10A907B_1_105_c.jpeg"
    ],
    "ultima_modificacion": "2025-08-01 01:00:59.943700"
  },
  "94341310fa6d451ca5578320cb2c0c1e1105c.jpeg": {
    "app_sintetizada": "94341310FA6D451CA5578320CB2C0C1E1105C.JPEG",
    "cantidad_archivos": 1,
    "archivos_fuente": [
      "Pictures/Fototeca de Fotos.photoslibrary/resources/derivatives/9/94341310-FA6D-451C-A557-8320CB2C0C1E_1_105_c.jpeg"
    ],
    "ultima_modificacion": "2025-08-01 01:00:59.943970"
  },
  "97635850bffb4598a4a9d878d174bf731105c.jpeg": {
    "app_sintetizada": "97635850BFFB4598A4A9D878D174BF731105C.JPEG",
    "cantidad_archivos": 1,
    "archivos_fuente": [
      "Pictures/Fototeca de Fotos.photoslibrary/resources/derivatives/9/97635850-BFFB-4598-A4A9-D878D174BF73_1_105_c.jpeg"
    ],
    "ultima_modificacion": "2025-08-01 01:00:59.944215"
  },
  "950cec57549047e0829f7c70de9ae1061105c.jpeg": {
    "app_sintetizada": "950CEC57549047E0829F7C70DE9AE1061105C.JPEG",
    "cantidad_archivos": 1,
    "archivos_fuente": [
      "Pictures/Fototeca de Fotos.photoslibrary/resources/derivatives/9/950CEC57-5490-47E0-829F-7C70DE9AE106_1_105_c.jpeg"
    ],
    "ultima_modificacion": "2025-08-01 01:00:59.944470"
  },
  "98d1683effa94812a729017051e575b51105c.jpeg": {
    "app_sintetizada": "98D1683EFFA94812A729017051E575B51105C.JPEG",
    "cantidad_archivos": 1,
    "archivos_fuente": [
      "Pictures/Fototeca de Fotos.photoslibrary/resources/derivatives/9/98D1683E-FFA9-4812-A729-017051E575B5_1_105_c.jpeg"
    ],
    "ultima_modificacion": "2025-08-01 01:00:59.944748"
  },
  "9cf3370fbf8a48b78b3f6655a630e8ac1105c.jpeg": {
    "app_sintetizada": "9CF3370FBF8A48B78B3F6655A630E8AC1105C.JPEG",
    "cantidad_archivos": 1,
    "archivos_fuente": [
      "Pictures/Fototeca de Fotos.photoslibrary/resources/derivatives/9/9CF3370F-BF8A-48B7-8B3F-6655A630E8AC_1_105_c.jpeg"
    ],
    "ultima_modificacion": "2025-08-01 01:00:59.945028"
  },
  "98bf6e563d444f649d56fedb94ba69931105c.jpeg": {
    "app_sintetizada": "98BF6E563D444F649D56FEDB94BA69931105C.JPEG",
    "cantidad_archivos": 1,
    "archivos_fuente": [
      "Pictures/Fototeca de Fotos.photoslibrary/resources/derivatives/9/98BF6E56-3D44-4F64-9D56-FEDB94BA6993_1_105_c.jpeg"
    ],
    "ultima_modificacion": "2025-08-01 01:00:59.945302"
  },
  "979a2619b2f84d01aef801ac297bbc841105c.jpeg": {
    "app_sintetizada": "979A2619B2F84D01AEF801AC297BBC841105C.JPEG",
    "cantidad_archivos": 1,
    "archivos_fuente": [
      "Pictures/Fototeca de Fotos.photoslibrary/resources/derivatives/9/979A2619-B2F8-4D01-AEF8-01AC297BBC84_1_105_c.jpeg"
    ],
    "ultima_modificacion": "2025-08-01 01:00:59.945567"
  },
  "9ca02a81d0ac441383ff5e90f49783841105c.jpeg": {
    "app_sintetizada": "9CA02A81D0AC441383FF5E90F49783841105C.JPEG",
    "cantidad_archivos": 1,
    "archivos_fuente": [
      "Pictures/Fototeca de Fotos.photoslibrary/resources/derivatives/9/9CA02A81-D0AC-4413-83FF-5E90F4978384_1_105_c.jpeg"
    ],
    "ultima_modificacion": "2025-08-01 01:00:59.945859"
  },
  "9df7a079c8db4b20bab991f63b7b8f841100o.jpeg": {
    "app_sintetizada": "9DF7A079C8DB4B20BAB991F63B7B8F841100O.JPEG",
    "cantidad_archivos": 1,
    "archivos_fuente": [
      "Pictures/Fototeca de Fotos.photoslibrary/resources/derivatives/9/9DF7A079-C8DB-4B20-BAB9-91F63B7B8F84_1_100_o.jpeg"
    ],
    "ultima_modificacion": "2025-08-01 01:00:59.946149"
  },
  "99cc199312f943fa88cae038880c22c21105c.jpeg": {
    "app_sintetizada": "99CC199312F943FA88CAE038880C22C21105C.JPEG",
    "cantidad_archivos": 1,
    "archivos_fuente": [
      "Pictures/Fototeca de Fotos.photoslibrary/resources/derivatives/9/99CC1993-12F9-43FA-88CA-E038880C22C2_1_105_c.jpeg"
    ],
    "ultima_modificacion": "2025-08-01 01:00:59.946439"
  },
  "9c57e57773824a4bb50cb5de2ec8c9f21105c.jpeg": {
    "app_sintetizada": "9C57E57773824A4BB50CB5DE2EC8C9F21105C.JPEG",
    "cantidad_archivos": 1,
    "archivos_fuente": [
      "Pictures/Fototeca de Fotos.photoslibrary/resources/derivatives/9/9C57E577-7382-4A4B-B50C-B5DE2EC8C9F2_1_105_c.jpeg"
    ],
    "ultima_modificacion": "2025-08-01 01:00:59.946731"
  },
  "99e0538cbacb47c5987499fde08b03481105c.jpeg": {
    "app_sintetizada": "99E0538CBACB47C5987499FDE08B03481105C.JPEG",
    "cantidad_archivos": 1,
    "archivos_fuente": [
      "Pictures/Fototeca de Fotos.photoslibrary/resources/derivatives/9/99E0538C-BACB-47C5-9874-99FDE08B0348_1_105_c.jpeg"
    ],
    "ultima_modificacion": "2025-08-01 01:00:59.947063"
  },
  "93ac479d6cba4c11a70ecdeb61e57d701100o.jpeg": {
    "app_sintetizada": "93AC479D6CBA4C11A70ECDEB61E57D701100O.JPEG",
    "cantidad_archivos": 1,
    "archivos_fuente": [
      "Pictures/Fototeca de Fotos.photoslibrary/resources/derivatives/9/93AC479D-6CBA-4C11-A70E-CDEB61E57D70_1_100_o.jpeg"
    ],
    "ultima_modificacion": "2025-08-01 01:00:59.947377"
  },
  "9d76b343c50a477a9f93e385d52c77351105c.jpeg": {
    "app_sintetizada": "9D76B343C50A477A9F93E385D52C77351105C.JPEG",
    "cantidad_archivos": 1,
    "archivos_fuente": [
      "Pictures/Fototeca de Fotos.photoslibrary/resources/derivatives/9/9D76B343-C50A-477A-9F93-E385D52C7735_1_105_c.jpeg"
    ],
    "ultima_modificacion": "2025-08-01 01:00:59.947687"
  },
  "919024ed559a494abf6a59341c33b7031105c.jpeg": {
    "app_sintetizada": "919024ED559A494ABF6A59341C33B7031105C.JPEG",
    "cantidad_archivos": 1,
    "archivos_fuente": [
      "Pictures/Fototeca de Fotos.photoslibrary/resources/derivatives/9/919024ED-559A-494A-BF6A-59341C33B703_1_105_c.jpeg"
    ],
    "ultima_modificacion": "2025-08-01 01:00:59.948118"
  },
  "9daea135575a4ef899d58dd9cdae903f1105c.jpeg": {
    "app_sintetizada": "9DAEA135575A4EF899D58DD9CDAE903F1105C.JPEG",
    "cantidad_archivos": 1,
    "archivos_fuente": [
      "Pictures/Fototeca de Fotos.photoslibrary/resources/derivatives/9/9DAEA135-575A-4EF8-99D5-8DD9CDAE903F_1_105_c.jpeg"
    ],
    "ultima_modificacion": "2025-08-01 01:00:59.948474"
  },
  "99f92c7f2aee4445bb443e22fe80bd2a1105c.jpeg": {
    "app_sintetizada": "99F92C7F2AEE4445BB443E22FE80BD2A1105C.JPEG",
    "cantidad_archivos": 1,
    "archivos_fuente": [
      "Pictures/Fototeca de Fotos.photoslibrary/resources/derivatives/9/99F92C7F-2AEE-4445-BB44-3E22FE80BD2A_1_105_c.jpeg"
    ],
    "ultima_modificacion": "2025-08-01 01:00:59.948754"
  },
  "9302bc15a82e4dfa8be1ee21a89d0bad1105c.jpeg": {
    "app_sintetizada": "9302BC15A82E4DFA8BE1EE21A89D0BAD1105C.JPEG",
    "cantidad_archivos": 1,
    "archivos_fuente": [
      "Pictures/Fototeca de Fotos.photoslibrary/resources/derivatives/9/9302BC15-A82E-4DFA-8BE1-EE21A89D0BAD_1_105_c.jpeg"
    ],
    "ultima_modificacion": "2025-08-01 01:00:59.949035"
  },
  "9c2cf275f8344c199ada310e7d064ca71105c.jpeg": {
    "app_sintetizada": "9C2CF275F8344C199ADA310E7D064CA71105C.JPEG",
    "cantidad_archivos": 1,
    "archivos_fuente": [
      "Pictures/Fototeca de Fotos.photoslibrary/resources/derivatives/9/9C2CF275-F834-4C19-9ADA-310E7D064CA7_1_105_c.jpeg"
    ],
    "ultima_modificacion": "2025-08-01 01:00:59.949321"
  },
  "9a10647bb43241f48e03d5898b0af3bd1105c.jpeg": {
    "app_sintetizada": "9A10647BB43241F48E03D5898B0AF3BD1105C.JPEG",
    "cantidad_archivos": 1,
    "archivos_fuente": [
      "Pictures/Fototeca de Fotos.photoslibrary/resources/derivatives/9/9A10647B-B432-41F4-8E03-D5898B0AF3BD_1_105_c.jpeg"
    ],
    "ultima_modificacion": "2025-08-01 01:00:59.949603"
  },
  "9a5fa069ea3e42fa8db2c8f0dd0a5213.thm": {
    "app_sintetizada": "9A5FA069EA3E42FA8DB2C8F0DD0A5213.THM",
    "cantidad_archivos": 1,
    "archivos_fuente": [
      "Pictures/Fototeca de Fotos.photoslibrary/resources/derivatives/9/9A5FA069-EA3E-42FA-8DB2-C8F0DD0A5213.THM"
    ],
    "ultima_modificacion": "2025-08-01 01:00:59.950622"
  },
  "96271774f6fb4ab2b384238523c6e4da1105c.jpeg": {
    "app_sintetizada": "96271774F6FB4AB2B384238523C6E4DA1105C.JPEG",
    "cantidad_archivos": 1,
    "archivos_fuente": [
      "Pictures/Fototeca de Fotos.photoslibrary/resources/derivatives/9/96271774-F6FB-4AB2-B384-238523C6E4DA_1_105_c.jpeg"
    ],
    "ultima_modificacion": "2025-08-01 01:00:59.950919"
  },
  "972eb251600c47de81b1b0f8f3e520bb1105c.jpeg": {
    "app_sintetizada": "972EB251600C47DE81B1B0F8F3E520BB1105C.JPEG",
    "cantidad_archivos": 1,
    "archivos_fuente": [
      "Pictures/Fototeca de Fotos.photoslibrary/resources/derivatives/9/972EB251-600C-47DE-81B1-B0F8F3E520BB_1_105_c.jpeg"
    ],
    "ultima_modificacion": "2025-08-01 01:00:59.951222"
  },
  "954db87a8c6e4430904e30e70e40190b1105c.jpeg": {
    "app_sintetizada": "954DB87A8C6E4430904E30E70E40190B1105C.JPEG",
    "cantidad_archivos": 1,
    "archivos_fuente": [
      "Pictures/Fototeca de Fotos.photoslibrary/resources/derivatives/9/954DB87A-8C6E-4430-904E-30E70E40190B_1_105_c.jpeg"
    ],
    "ultima_modificacion": "2025-08-01 01:00:59.951525"
  },
  "914e86b08676492cb14ffa7d8dcb67041105c.jpeg": {
    "app_sintetizada": "914E86B08676492CB14FFA7D8DCB67041105C.JPEG",
    "cantidad_archivos": 1,
    "archivos_fuente": [
      "Pictures/Fototeca de Fotos.photoslibrary/resources/derivatives/9/914E86B0-8676-492C-B14F-FA7D8DCB6704_1_105_c.jpeg"
    ],
    "ultima_modificacion": "2025-08-01 01:00:59.951826"
  },
  "9734250bd844410fa09e633c80e715061105c.jpeg": {
    "app_sintetizada": "9734250BD844410FA09E633C80E715061105C.JPEG",
    "cantidad_archivos": 1,
    "archivos_fuente": [
      "Pictures/Fototeca de Fotos.photoslibrary/resources/derivatives/9/9734250B-D844-410F-A09E-633C80E71506_1_105_c.jpeg"
    ],
    "ultima_modificacion": "2025-08-01 01:00:59.952104"
  },
  "9d5bf2c764804e548a8745f4f1053edb.thm": {
    "app_sintetizada": "9D5BF2C764804E548A8745F4F1053EDB.THM",
    "cantidad_archivos": 1,
    "archivos_fuente": [
      "Pictures/Fototeca de Fotos.photoslibrary/resources/derivatives/9/9D5BF2C7-6480-4E54-8A87-45F4F1053EDB.THM"
    ],
    "ultima_modificacion": "2025-08-01 01:00:59.952413"
  },
  "98f5d4fa85c24baaa0b72486574465461105c.jpeg": {
    "app_sintetizada": "98F5D4FA85C24BAAA0B72486574465461105C.JPEG",
    "cantidad_archivos": 1,
    "archivos_fuente": [
      "Pictures/Fototeca de Fotos.photoslibrary/resources/derivatives/9/98F5D4FA-85C2-4BAA-A0B7-248657446546_1_105_c.jpeg"
    ],
    "ultima_modificacion": "2025-08-01 01:00:59.952690"
  },
  "9a5fa069ea3e42fa8db2c8f0dd0a52131105c.jpeg": {
    "app_sintetizada": "9A5FA069EA3E42FA8DB2C8F0DD0A52131105C.JPEG",
    "cantidad_archivos": 1,
    "archivos_fuente": [
      "Pictures/Fototeca de Fotos.photoslibrary/resources/derivatives/9/9A5FA069-EA3E-42FA-8DB2-C8F0DD0A5213_1_105_c.jpeg"
    ],
    "ultima_modificacion": "2025-08-01 01:00:59.952985"
  },
  "9225aaf7441347c489bfb2f94e62c5ad1105c.jpeg": {
    "app_sintetizada": "9225AAF7441347C489BFB2F94E62C5AD1105C.JPEG",
    "cantidad_archivos": 1,
    "archivos_fuente": [
      "Pictures/Fototeca de Fotos.photoslibrary/resources/derivatives/9/9225AAF7-4413-47C4-89BF-B2F94E62C5AD_1_105_c.jpeg"
    ],
    "ultima_modificacion": "2025-08-01 01:00:59.953283"
  },
  "931d9b1f1fc84ea8ba173ca8f4665c4d1105c.jpeg": {
    "app_sintetizada": "931D9B1F1FC84EA8BA173CA8F4665C4D1105C.JPEG",
    "cantidad_archivos": 1,
    "archivos_fuente": [
      "Pictures/Fototeca de Fotos.photoslibrary/resources/derivatives/9/931D9B1F-1FC8-4EA8-BA17-3CA8F4665C4D_1_105_c.jpeg"
    ],
    "ultima_modificacion": "2025-08-01 01:00:59.953561"
  },
  "91d5427c7cba4c3f8f5c39d98ac60fc01105c.jpeg": {
    "app_sintetizada": "91D5427C7CBA4C3F8F5C39D98AC60FC01105C.JPEG",
    "cantidad_archivos": 1,
    "archivos_fuente": [
      "Pictures/Fototeca de Fotos.photoslibrary/resources/derivatives/9/91D5427C-7CBA-4C3F-8F5C-39D98AC60FC0_1_105_c.jpeg"
    ],
    "ultima_modificacion": "2025-08-01 01:00:59.953829"
  },
  "9ce2a852b6264da0bf1f6418dea12b42.thm": {
    "app_sintetizada": "9CE2A852B6264DA0BF1F6418DEA12B42.THM",
    "cantidad_archivos": 1,
    "archivos_fuente": [
      "Pictures/Fototeca de Fotos.photoslibrary/resources/derivatives/9/9CE2A852-B626-4DA0-BF1F-6418DEA12B42.THM"
    ],
    "ultima_modificacion": "2025-08-01 01:00:59.954109"
  },
  "9b885ef58b6747a0b0649fb6006f286c1105c.jpeg": {
    "app_sintetizada": "9B885EF58B6747A0B0649FB6006F286C1105C.JPEG",
    "cantidad_archivos": 1,
    "archivos_fuente": [
      "Pictures/Fototeca de Fotos.photoslibrary/resources/derivatives/9/9B885EF5-8B67-47A0-B064-9FB6006F286C_1_105_c.jpeg"
    ],
    "ultima_modificacion": "2025-08-01 01:00:59.954379"
  },
  "93afe27356364ddd911481ecdeaf47001105c.jpeg": {
    "app_sintetizada": "93AFE27356364DDD911481ECDEAF47001105C.JPEG",
    "cantidad_archivos": 1,
    "archivos_fuente": [
      "Pictures/Fototeca de Fotos.photoslibrary/resources/derivatives/9/93AFE273-5636-4DDD-9114-81ECDEAF4700_1_105_c.jpeg"
    ],
    "ultima_modificacion": "2025-08-01 01:00:59.954685"
  },
  "94b7a422d5e44c7b826e76a2325698781105c.jpeg": {
    "app_sintetizada": "94B7A422D5E44C7B826E76A2325698781105C.JPEG",
    "cantidad_archivos": 1,
    "archivos_fuente": [
      "Pictures/Fototeca de Fotos.photoslibrary/resources/derivatives/9/94B7A422-D5E4-4C7B-826E-76A232569878_1_105_c.jpeg"
    ],
    "ultima_modificacion": "2025-08-01 01:00:59.954977"
  },
  "9243d7cc75274865a0bf69977ef509ad1105c.jpeg": {
    "app_sintetizada": "9243D7CC75274865A0BF69977EF509AD1105C.JPEG",
    "cantidad_archivos": 1,
    "archivos_fuente": [
      "Pictures/Fototeca de Fotos.photoslibrary/resources/derivatives/9/9243D7CC-7527-4865-A0BF-69977EF509AD_1_105_c.jpeg"
    ],
    "ultima_modificacion": "2025-08-01 01:00:59.955278"
  },
  "93c1a5eb78d04e3c920bfa93dae2885b1105c.jpeg": {
    "app_sintetizada": "93C1A5EB78D04E3C920BFA93DAE2885B1105C.JPEG",
    "cantidad_archivos": 1,
    "archivos_fuente": [
      "Pictures/Fototeca de Fotos.photoslibrary/resources/derivatives/9/93C1A5EB-78D0-4E3C-920B-FA93DAE2885B_1_105_c.jpeg"
    ],
    "ultima_modificacion": "2025-08-01 01:00:59.955609"
  },
  "95f576ece26b4583a6cef224087ac50e1105c.jpeg": {
    "app_sintetizada": "95F576ECE26B4583A6CEF224087AC50E1105C.JPEG",
    "cantidad_archivos": 1,
    "archivos_fuente": [
      "Pictures/Fototeca de Fotos.photoslibrary/resources/derivatives/9/95F576EC-E26B-4583-A6CE-F224087AC50E_1_105_c.jpeg"
    ],
    "ultima_modificacion": "2025-08-01 01:00:59.955960"
  },
  "97c59833d201454ebcf79a8844a261131105c.jpeg": {
    "app_sintetizada": "97C59833D201454EBCF79A8844A261131105C.JPEG",
    "cantidad_archivos": 1,
    "archivos_fuente": [
      "Pictures/Fototeca de Fotos.photoslibrary/resources/derivatives/9/97C59833-D201-454E-BCF7-9A8844A26113_1_105_c.jpeg"
    ],
    "ultima_modificacion": "2025-08-01 01:00:59.956273"
  },
  "9b5213815482412aaad91de6d0534405.thm": {
    "app_sintetizada": "9B5213815482412AAAD91DE6D0534405.THM",
    "cantidad_archivos": 1,
    "archivos_fuente": [
      "Pictures/Fototeca de Fotos.photoslibrary/resources/derivatives/9/9B521381-5482-412A-AAD9-1DE6D0534405.THM"
    ],
    "ultima_modificacion": "2025-08-01 01:00:59.956602"
  },
  "9bbfc721d14240d1a1a20901d2a2284c1105c.jpeg": {
    "app_sintetizada": "9BBFC721D14240D1A1A20901D2A2284C1105C.JPEG",
    "cantidad_archivos": 1,
    "archivos_fuente": [
      "Pictures/Fototeca de Fotos.photoslibrary/resources/derivatives/9/9BBFC721-D142-40D1-A1A2-0901D2A2284C_1_105_c.jpeg"
    ],
    "ultima_modificacion": "2025-08-01 01:00:59.956972"
  },
  "93b55023f943415bb3a676851fdfa4e3.thm": {
    "app_sintetizada": "93B55023F943415BB3A676851FDFA4E3.THM",
    "cantidad_archivos": 1,
    "archivos_fuente": [
      "Pictures/Fototeca de Fotos.photoslibrary/resources/derivatives/9/93B55023-F943-415B-B3A6-76851FDFA4E3.THM"
    ],
    "ultima_modificacion": "2025-08-01 01:00:59.957309"
  },
  "9ac2f05822e249dbb6871b685bfc361b1105c.jpeg": {
    "app_sintetizada": "9AC2F05822E249DBB6871B685BFC361B1105C.JPEG",
    "cantidad_archivos": 1,
    "archivos_fuente": [
      "Pictures/Fototeca de Fotos.photoslibrary/resources/derivatives/9/9AC2F058-22E2-49DB-B687-1B685BFC361B_1_105_c.jpeg"
    ],
    "ultima_modificacion": "2025-08-01 01:00:59.957605"
  },
  "9e8e665ec5e144eaae89a96994cb2a291105c.jpeg": {
    "app_sintetizada": "9E8E665EC5E144EAAE89A96994CB2A291105C.JPEG",
    "cantidad_archivos": 1,
    "archivos_fuente": [
      "Pictures/Fototeca de Fotos.photoslibrary/resources/derivatives/9/9E8E665E-C5E1-44EA-AE89-A96994CB2A29_1_105_c.jpeg"
    ],
    "ultima_modificacion": "2025-08-01 01:00:59.957909"
  },
  "9344c04729db4d1388bb6a190c80b3ea1105c.jpeg": {
    "app_sintetizada": "9344C04729DB4D1388BB6A190C80B3EA1105C.JPEG",
    "cantidad_archivos": 1,
    "archivos_fuente": [
      "Pictures/Fototeca de Fotos.photoslibrary/resources/derivatives/9/9344C047-29DB-4D13-88BB-6A190C80B3EA_1_105_c.jpeg"
    ],
    "ultima_modificacion": "2025-08-01 01:00:59.958205"
  },
  "93f6ea9bd51e4c50833208a6100f6a861105c.jpeg": {
    "app_sintetizada": "93F6EA9BD51E4C50833208A6100F6A861105C.JPEG",
    "cantidad_archivos": 1,
    "archivos_fuente": [
      "Pictures/Fototeca de Fotos.photoslibrary/resources/derivatives/9/93F6EA9B-D51E-4C50-8332-08A6100F6A86_1_105_c.jpeg"
    ],
    "ultima_modificacion": "2025-08-01 01:00:59.958514"
  },
  "9f4c99c23534407eb1eade5b881314681105c.jpeg": {
    "app_sintetizada": "9F4C99C23534407EB1EADE5B881314681105C.JPEG",
    "cantidad_archivos": 1,
    "archivos_fuente": [
      "Pictures/Fototeca de Fotos.photoslibrary/resources/derivatives/9/9F4C99C2-3534-407E-B1EA-DE5B88131468_1_105_c.jpeg"
    ],
    "ultima_modificacion": "2025-08-01 01:00:59.958795"
  },
  "9330d6a692fc4f949070f0bc8447151f.thm": {
    "app_sintetizada": "9330D6A692FC4F949070F0BC8447151F.THM",
    "cantidad_archivos": 1,
    "archivos_fuente": [
      "Pictures/Fototeca de Fotos.photoslibrary/resources/derivatives/9/9330D6A6-92FC-4F94-9070-F0BC8447151F.THM"
    ],
    "ultima_modificacion": "2025-08-01 01:00:59.959098"
  },
  "9bedc76ef7dc49cc92be8d7a0f8c58db1105c.jpeg": {
    "app_sintetizada": "9BEDC76EF7DC49CC92BE8D7A0F8C58DB1105C.JPEG",
    "cantidad_archivos": 1,
    "archivos_fuente": [
      "Pictures/Fototeca de Fotos.photoslibrary/resources/derivatives/9/9BEDC76E-F7DC-49CC-92BE-8D7A0F8C58DB_1_105_c.jpeg"
    ],
    "ultima_modificacion": "2025-08-01 01:00:59.959397"
  },
  "9095efff5ec84bf7ab8bb4274d2679541105c.jpeg": {
    "app_sintetizada": "9095EFFF5EC84BF7AB8BB4274D2679541105C.JPEG",
    "cantidad_archivos": 1,
    "archivos_fuente": [
      "Pictures/Fototeca de Fotos.photoslibrary/resources/derivatives/9/9095EFFF-5EC8-4BF7-AB8B-B4274D267954_1_105_c.jpeg"
    ],
    "ultima_modificacion": "2025-08-01 01:00:59.959700"
  },
  "9ea24c09d71244ffbad25d7e3edcd7e01105c.jpeg": {
    "app_sintetizada": "9EA24C09D71244FFBAD25D7E3EDCD7E01105C.JPEG",
    "cantidad_archivos": 1,
    "archivos_fuente": [
      "Pictures/Fototeca de Fotos.photoslibrary/resources/derivatives/9/9EA24C09-D712-44FF-BAD2-5D7E3EDCD7E0_1_105_c.jpeg"
    ],
    "ultima_modificacion": "2025-08-01 01:00:59.960019"
  },
  "9c7667fa27bf437f8fab7a948f161ea81105c.jpeg": {
    "app_sintetizada": "9C7667FA27BF437F8FAB7A948F161EA81105C.JPEG",
    "cantidad_archivos": 1,
    "archivos_fuente": [
      "Pictures/Fototeca de Fotos.photoslibrary/resources/derivatives/9/9C7667FA-27BF-437F-8FAB-7A948F161EA8_1_105_c.jpeg"
    ],
    "ultima_modificacion": "2025-08-01 01:00:59.960339"
  },
  "928abde9b6f04ffe95a9ec0639fa20701105c.jpeg": {
    "app_sintetizada": "928ABDE9B6F04FFE95A9EC0639FA20701105C.JPEG",
    "cantidad_archivos": 1,
    "archivos_fuente": [
      "Pictures/Fototeca de Fotos.photoslibrary/resources/derivatives/9/928ABDE9-B6F0-4FFE-95A9-EC0639FA2070_1_105_c.jpeg"
    ],
    "ultima_modificacion": "2025-08-01 01:00:59.960673"
  },
  "9160e337e9154f21b9deba3d980ce8d31105c.jpeg": {
    "app_sintetizada": "9160E337E9154F21B9DEBA3D980CE8D31105C.JPEG",
    "cantidad_archivos": 1,
    "archivos_fuente": [
      "Pictures/Fototeca de Fotos.photoslibrary/resources/derivatives/9/9160E337-E915-4F21-B9DE-BA3D980CE8D3_1_105_c.jpeg"
    ],
    "ultima_modificacion": "2025-08-01 01:00:59.960919"
  },
  "98511afebbbc46de90ae3180ff42c41c1105c.jpeg": {
    "app_sintetizada": "98511AFEBBBC46DE90AE3180FF42C41C1105C.JPEG",
    "cantidad_archivos": 1,
    "archivos_fuente": [
      "Pictures/Fototeca de Fotos.photoslibrary/resources/derivatives/9/98511AFE-BBBC-46DE-90AE-3180FF42C41C_1_105_c.jpeg"
    ],
    "ultima_modificacion": "2025-08-01 01:00:59.961186"
  },
  "97351941519f4d6b86e9450a05ee8c5a1105c.jpeg": {
    "app_sintetizada": "97351941519F4D6B86E9450A05EE8C5A1105C.JPEG",
    "cantidad_archivos": 1,
    "archivos_fuente": [
      "Pictures/Fototeca de Fotos.photoslibrary/resources/derivatives/9/97351941-519F-4D6B-86E9-450A05EE8C5A_1_105_c.jpeg"
    ],
    "ultima_modificacion": "2025-08-01 01:00:59.961536"
  },
  "9f96c9b606c045148122052e5cb499da1105c.jpeg": {
    "app_sintetizada": "9F96C9B606C045148122052E5CB499DA1105C.JPEG",
    "cantidad_archivos": 1,
    "archivos_fuente": [
      "Pictures/Fototeca de Fotos.photoslibrary/resources/derivatives/9/9F96C9B6-06C0-4514-8122-052E5CB499DA_1_105_c.jpeg"
    ],
    "ultima_modificacion": "2025-08-01 01:00:59.961897"
  },
  "9b318cc1172641a49472cc00ee60f6601105c.jpeg": {
    "app_sintetizada": "9B318CC1172641A49472CC00EE60F6601105C.JPEG",
    "cantidad_archivos": 1,
    "archivos_fuente": [
      "Pictures/Fototeca de Fotos.photoslibrary/resources/derivatives/9/9B318CC1-1726-41A4-9472-CC00EE60F660_1_105_c.jpeg"
    ],
    "ultima_modificacion": "2025-08-01 01:00:59.962205"
  },
  "9b59691b8f1746ec83c117f075144ed81105c.jpeg": {
    "app_sintetizada": "9B59691B8F1746EC83C117F075144ED81105C.JPEG",
    "cantidad_archivos": 1,
    "archivos_fuente": [
      "Pictures/Fototeca de Fotos.photoslibrary/resources/derivatives/9/9B59691B-8F17-46EC-83C1-17F075144ED8_1_105_c.jpeg"
    ],
    "ultima_modificacion": "2025-08-01 01:00:59.962429"
  },
  "9f06e14e989e46e2a64078cdd12f47e1.thm": {
    "app_sintetizada": "9F06E14E989E46E2A64078CDD12F47E1.THM",
    "cantidad_archivos": 1,
    "archivos_fuente": [
      "Pictures/Fototeca de Fotos.photoslibrary/resources/derivatives/9/9F06E14E-989E-46E2-A640-78CDD12F47E1.THM"
    ],
    "ultima_modificacion": "2025-08-01 01:00:59.962634"
  },
  "926c241341c242ac87dce2e862e4e85a1105c.jpeg": {
    "app_sintetizada": "926C241341C242AC87DCE2E862E4E85A1105C.JPEG",
    "cantidad_archivos": 1,
    "archivos_fuente": [
      "Pictures/Fototeca de Fotos.photoslibrary/resources/derivatives/9/926C2413-41C2-42AC-87DC-E2E862E4E85A_1_105_c.jpeg"
    ],
    "ultima_modificacion": "2025-08-01 01:00:59.962832"
  },
  "9344e2717989470fad56ec9856d2dfe11105c.jpeg": {
    "app_sintetizada": "9344E2717989470FAD56EC9856D2DFE11105C.JPEG",
    "cantidad_archivos": 1,
    "archivos_fuente": [
      "Pictures/Fototeca de Fotos.photoslibrary/resources/derivatives/9/9344E271-7989-470F-AD56-EC9856D2DFE1_1_105_c.jpeg"
    ],
    "ultima_modificacion": "2025-08-01 01:00:59.963027"
  },
  "9cdc03162a7a4f44b679d04cc8fd21261105c.jpeg": {
    "app_sintetizada": "9CDC03162A7A4F44B679D04CC8FD21261105C.JPEG",
    "cantidad_archivos": 1,
    "archivos_fuente": [
      "Pictures/Fototeca de Fotos.photoslibrary/resources/derivatives/9/9CDC0316-2A7A-4F44-B679-D04CC8FD2126_1_105_c.jpeg"
    ],
    "ultima_modificacion": "2025-08-01 01:00:59.963215"
  },
  "94c7543e0492475389edceb841b4b0f21105c.jpeg": {
    "app_sintetizada": "94C7543E0492475389EDCEB841B4B0F21105C.JPEG",
    "cantidad_archivos": 1,
    "archivos_fuente": [
      "Pictures/Fototeca de Fotos.photoslibrary/resources/derivatives/9/94C7543E-0492-4753-89ED-CEB841B4B0F2_1_105_c.jpeg"
    ],
    "ultima_modificacion": "2025-08-01 01:00:59.963426"
  },
  "90aebfeae9294eb8a9e80fcbaa56c1c31105c.jpeg": {
    "app_sintetizada": "90AEBFEAE9294EB8A9E80FCBAA56C1C31105C.JPEG",
    "cantidad_archivos": 1,
    "archivos_fuente": [
      "Pictures/Fototeca de Fotos.photoslibrary/resources/derivatives/9/90AEBFEA-E929-4EB8-A9E8-0FCBAA56C1C3_1_105_c.jpeg"
    ],
    "ultima_modificacion": "2025-08-01 01:00:59.963627"
  },
  "9145e693c8f14161a56cb9d2f636d2af1105c.jpeg": {
    "app_sintetizada": "9145E693C8F14161A56CB9D2F636D2AF1105C.JPEG",
    "cantidad_archivos": 1,
    "archivos_fuente": [
      "Pictures/Fototeca de Fotos.photoslibrary/resources/derivatives/9/9145E693-C8F1-4161-A56C-B9D2F636D2AF_1_105_c.jpeg"
    ],
    "ultima_modificacion": "2025-08-01 01:00:59.963813"
  },
  "9b20ef44989a4d1fa7a4f15bb774b5681105c.jpeg": {
    "app_sintetizada": "9B20EF44989A4D1FA7A4F15BB774B5681105C.JPEG",
    "cantidad_archivos": 1,
    "archivos_fuente": [
      "Pictures/Fototeca de Fotos.photoslibrary/resources/derivatives/9/9B20EF44-989A-4D1F-A7A4-F15BB774B568_1_105_c.jpeg"
    ],
    "ultima_modificacion": "2025-08-01 01:00:59.964001"
  },
  "9ebc76df047b47c9a836ea4c5f00cf5e1105c.jpeg": {
    "app_sintetizada": "9EBC76DF047B47C9A836EA4C5F00CF5E1105C.JPEG",
    "cantidad_archivos": 1,
    "archivos_fuente": [
      "Pictures/Fototeca de Fotos.photoslibrary/resources/derivatives/9/9EBC76DF-047B-47C9-A836-EA4C5F00CF5E_1_105_c.jpeg"
    ],
    "ultima_modificacion": "2025-08-01 01:00:59.964192"
  },
  "905d3fd4ee7848a59061b0e6550de47c1105c.jpeg": {
    "app_sintetizada": "905D3FD4EE7848A59061B0E6550DE47C1105C.JPEG",
    "cantidad_archivos": 1,
    "archivos_fuente": [
      "Pictures/Fototeca de Fotos.photoslibrary/resources/derivatives/9/905D3FD4-EE78-48A5-9061-B0E6550DE47C_1_105_c.jpeg"
    ],
    "ultima_modificacion": "2025-08-01 01:00:59.964389"
  },
  "9851c761495d4a62aae80f5337dea8a31105c.jpeg": {
    "app_sintetizada": "9851C761495D4A62AAE80F5337DEA8A31105C.JPEG",
    "cantidad_archivos": 1,
    "archivos_fuente": [
      "Pictures/Fototeca de Fotos.photoslibrary/resources/derivatives/9/9851C761-495D-4A62-AAE8-0F5337DEA8A3_1_105_c.jpeg"
    ],
    "ultima_modificacion": "2025-08-01 01:00:59.964585"
  },
  "93d06e2987764155a2a14fddfb78bb881105c.jpeg": {
    "app_sintetizada": "93D06E2987764155A2A14FDDFB78BB881105C.JPEG",
    "cantidad_archivos": 1,
    "archivos_fuente": [
      "Pictures/Fototeca de Fotos.photoslibrary/resources/derivatives/9/93D06E29-8776-4155-A2A1-4FDDFB78BB88_1_105_c.jpeg"
    ],
    "ultima_modificacion": "2025-08-01 01:00:59.964775"
  },
  "98bb1fbdc42e42e8b1943226695e424c1105c.jpeg": {
    "app_sintetizada": "98BB1FBDC42E42E8B1943226695E424C1105C.JPEG",
    "cantidad_archivos": 1,
    "archivos_fuente": [
      "Pictures/Fototeca de Fotos.photoslibrary/resources/derivatives/9/98BB1FBD-C42E-42E8-B194-3226695E424C_1_105_c.jpeg"
    ],
    "ultima_modificacion": "2025-08-01 01:00:59.964967"
  },
  "9b844ef0388e477f95fdc28d7369005b1105c.jpeg": {
    "app_sintetizada": "9B844EF0388E477F95FDC28D7369005B1105C.JPEG",
    "cantidad_archivos": 1,
    "archivos_fuente": [
      "Pictures/Fototeca de Fotos.photoslibrary/resources/derivatives/9/9B844EF0-388E-477F-95FD-C28D7369005B_1_105_c.jpeg"
    ],
    "ultima_modificacion": "2025-08-01 01:00:59.965168"
  },
  "93a373d2bced46b69d0d981da6f64f761105c.jpeg": {
    "app_sintetizada": "93A373D2BCED46B69D0D981DA6F64F761105C.JPEG",
    "cantidad_archivos": 1,
    "archivos_fuente": [
      "Pictures/Fototeca de Fotos.photoslibrary/resources/derivatives/9/93A373D2-BCED-46B6-9D0D-981DA6F64F76_1_105_c.jpeg"
    ],
    "ultima_modificacion": "2025-08-01 01:00:59.965404"
  },
  "9a2e96f47ce44f3fb98467d4446d5f301105c.jpeg": {
    "app_sintetizada": "9A2E96F47CE44F3FB98467D4446D5F301105C.JPEG",
    "cantidad_archivos": 1,
    "archivos_fuente": [
      "Pictures/Fototeca de Fotos.photoslibrary/resources/derivatives/9/9A2E96F4-7CE4-4F3F-B984-67D4446D5F30_1_105_c.jpeg"
    ],
    "ultima_modificacion": "2025-08-01 01:00:59.965788"
  },
  "9cd6760a25e242a28292764104c83e861105c.jpeg": {
    "app_sintetizada": "9CD6760A25E242A28292764104C83E861105C.JPEG",
    "cantidad_archivos": 1,
    "archivos_fuente": [
      "Pictures/Fototeca de Fotos.photoslibrary/resources/derivatives/9/9CD6760A-25E2-42A2-8292-764104C83E86_1_105_c.jpeg"
    ],
    "ultima_modificacion": "2025-08-01 01:00:59.966129"
  },
  "975fac155e754bf68b85ee853f23bedf1105c.jpeg": {
    "app_sintetizada": "975FAC155E754BF68B85EE853F23BEDF1105C.JPEG",
    "cantidad_archivos": 1,
    "archivos_fuente": [
      "Pictures/Fototeca de Fotos.photoslibrary/resources/derivatives/9/975FAC15-5E75-4BF6-8B85-EE853F23BEDF_1_105_c.jpeg"
    ],
    "ultima_modificacion": "2025-08-01 01:00:59.966369"
  },
  "91946e196bda4b2cb537a5f9da0f0f8c1105c.jpeg": {
    "app_sintetizada": "91946E196BDA4B2CB537A5F9DA0F0F8C1105C.JPEG",
    "cantidad_archivos": 1,
    "archivos_fuente": [
      "Pictures/Fototeca de Fotos.photoslibrary/resources/derivatives/9/91946E19-6BDA-4B2C-B537-A5F9DA0F0F8C_1_105_c.jpeg"
    ],
    "ultima_modificacion": "2025-08-01 01:00:59.966585"
  },
  "9c17e86f8f3b4d5aaf2877df0fbcfeed1105c.jpeg": {
    "app_sintetizada": "9C17E86F8F3B4D5AAF2877DF0FBCFEED1105C.JPEG",
    "cantidad_archivos": 1,
    "archivos_fuente": [
      "Pictures/Fototeca de Fotos.photoslibrary/resources/derivatives/9/9C17E86F-8F3B-4D5A-AF28-77DF0FBCFEED_1_105_c.jpeg"
    ],
    "ultima_modificacion": "2025-08-01 01:00:59.966790"
  },
  "945b8223704a46dd8e96f7d885b42b311105c.jpeg": {
    "app_sintetizada": "945B8223704A46DD8E96F7D885B42B311105C.JPEG",
    "cantidad_archivos": 1,
    "archivos_fuente": [
      "Pictures/Fototeca de Fotos.photoslibrary/resources/derivatives/9/945B8223-704A-46DD-8E96-F7D885B42B31_1_105_c.jpeg"
    ],
    "ultima_modificacion": "2025-08-01 01:00:59.966992"
  },
  "90f995cdee974cb8aebd2420a753e7c21105c.jpeg": {
    "app_sintetizada": "90F995CDEE974CB8AEBD2420A753E7C21105C.JPEG",
    "cantidad_archivos": 1,
    "archivos_fuente": [
      "Pictures/Fototeca de Fotos.photoslibrary/resources/derivatives/9/90F995CD-EE97-4CB8-AEBD-2420A753E7C2_1_105_c.jpeg"
    ],
    "ultima_modificacion": "2025-08-01 01:00:59.967182"
  },
  "90bfecfabc3142df9a7f4c9496ecfcc41105c.jpeg": {
    "app_sintetizada": "90BFECFABC3142DF9A7F4C9496ECFCC41105C.JPEG",
    "cantidad_archivos": 1,
    "archivos_fuente": [
      "Pictures/Fototeca de Fotos.photoslibrary/resources/derivatives/9/90BFECFA-BC31-42DF-9A7F-4C9496ECFCC4_1_105_c.jpeg"
    ],
    "ultima_modificacion": "2025-08-01 01:00:59.967389"
  },
  "92e0169f842840b2b6c1a2d001994ae31105c.jpeg": {
    "app_sintetizada": "92E0169F842840B2B6C1A2D001994AE31105C.JPEG",
    "cantidad_archivos": 1,
    "archivos_fuente": [
      "Pictures/Fototeca de Fotos.photoslibrary/resources/derivatives/9/92E0169F-8428-40B2-B6C1-A2D001994AE3_1_105_c.jpeg"
    ],
    "ultima_modificacion": "2025-08-01 01:00:59.967578"
  },
  "9fc6a12f50d14fcbab025d3e253ecee31105c.jpeg": {
    "app_sintetizada": "9FC6A12F50D14FCBAB025D3E253ECEE31105C.JPEG",
    "cantidad_archivos": 1,
    "archivos_fuente": [
      "Pictures/Fototeca de Fotos.photoslibrary/resources/derivatives/9/9FC6A12F-50D1-4FCB-AB02-5D3E253ECEE3_1_105_c.jpeg"
    ],
    "ultima_modificacion": "2025-08-01 01:00:59.967774"
  },
  "910e123ac41e4917be618d37dfe4bca91105c.jpeg": {
    "app_sintetizada": "910E123AC41E4917BE618D37DFE4BCA91105C.JPEG",
    "cantidad_archivos": 1,
    "archivos_fuente": [
      "Pictures/Fototeca de Fotos.photoslibrary/resources/derivatives/9/910E123A-C41E-4917-BE61-8D37DFE4BCA9_1_105_c.jpeg"
    ],
    "ultima_modificacion": "2025-08-01 01:00:59.967978"
  },
  "9fff451cbbc04c94a752ee730240144e1105c.jpeg": {
    "app_sintetizada": "9FFF451CBBC04C94A752EE730240144E1105C.JPEG",
    "cantidad_archivos": 1,
    "archivos_fuente": [
      "Pictures/Fototeca de Fotos.photoslibrary/resources/derivatives/9/9FFF451C-BBC0-4C94-A752-EE730240144E_1_105_c.jpeg"
    ],
    "ultima_modificacion": "2025-08-01 01:00:59.968167"
  },
  "97a10733e16844f889103531a84e99b91105c.jpeg": {
    "app_sintetizada": "97A10733E16844F889103531A84E99B91105C.JPEG",
    "cantidad_archivos": 1,
    "archivos_fuente": [
      "Pictures/Fototeca de Fotos.photoslibrary/resources/derivatives/9/97A10733-E168-44F8-8910-3531A84E99B9_1_105_c.jpeg"
    ],
    "ultima_modificacion": "2025-08-01 01:00:59.968357"
  },
  "9b256cc9841c4e65882728750285dd611105c.jpeg": {
    "app_sintetizada": "9B256CC9841C4E65882728750285DD611105C.JPEG",
    "cantidad_archivos": 1,
    "archivos_fuente": [
      "Pictures/Fototeca de Fotos.photoslibrary/resources/derivatives/9/9B256CC9-841C-4E65-8827-28750285DD61_1_105_c.jpeg"
    ],
    "ultima_modificacion": "2025-08-01 01:00:59.968546"
  },
  "9c0eceb9de634094af9ae3f7a8cb27451105c.jpeg": {
    "app_sintetizada": "9C0ECEB9DE634094AF9AE3F7A8CB27451105C.JPEG",
    "cantidad_archivos": 1,
    "archivos_fuente": [
      "Pictures/Fototeca de Fotos.photoslibrary/resources/derivatives/9/9C0ECEB9-DE63-4094-AF9A-E3F7A8CB2745_1_105_c.jpeg"
    ],
    "ultima_modificacion": "2025-08-01 01:00:59.968721"
  },
  "9af8bd467db6476c9d976836f5f581671105c.jpeg": {
    "app_sintetizada": "9AF8BD467DB6476C9D976836F5F581671105C.JPEG",
    "cantidad_archivos": 1,
    "archivos_fuente": [
      "Pictures/Fototeca de Fotos.photoslibrary/resources/derivatives/9/9AF8BD46-7DB6-476C-9D97-6836F5F58167_1_105_c.jpeg"
    ],
    "ultima_modificacion": "2025-08-01 01:00:59.968924"
  },
  "95975727082d47939fefcbba6babdfb01105c.jpeg": {
    "app_sintetizada": "95975727082D47939FEFCBBA6BABDFB01105C.JPEG",
    "cantidad_archivos": 1,
    "archivos_fuente": [
      "Pictures/Fototeca de Fotos.photoslibrary/resources/derivatives/9/95975727-082D-4793-9FEF-CBBA6BABDFB0_1_105_c.jpeg"
    ],
    "ultima_modificacion": "2025-08-01 01:00:59.969140"
  }
}