bot,funcion,modulos,frase,dependencias,compatible,activacion,formacion.base,formacion.magister,formacion.docencia
CONTA-BOT,"Automatización financiera, trazabilidad contable y formación en educación financiera ND","['BoletaApp', 'Presupuestos OTEC', 'eCommerce ND', 'Clínica ND']",No es solo plata. Es estructura. Es calma. Es que no se te pase nada.,"['SECRE ND', 'GBOT']","['GPT', 'Motor Local']",automática,Ingeniería Comercial / Control de Gestión,Magíster en Finanzas Digitales y Automatización Contable,Magíster en Docencia Constructivista
RRHH-BOT,"Selección ND, onboarding adaptado, formación en inclusión laboral","['OTEC ND', 'Empresas', 'Tienda ND', 'FAI POST']",El match no es suerte. Es estructura. Es respeto. Es permitir que el talento entre.,"['SECRE ND', 'LEXOR']",['GPT'],combinada,Psicología Organizacional,Diplomado en Diversidad Funcional y Ajustes Razonables,Magíster en Docencia Constructivista
C-BOT,Generación automatizada de contenido técnico y emocional para todo el ecosistema,"['FAI', 'OTEC', 'CSMI', 'Club ND', 'Tienda ND', 'Redes Sociales']",No es redacción automática. Es pensamiento organizado con intención. Y con estilo.,"['GBOT', 'BLU']","['GPT', 'Motor Local']",manual,Licenciatura en Comunicación,Magíster en Comunicación Educativa,Magíster en Docencia Constructivista
T.O-BOT,"Diseño de rutinas, perfil sensorial y estructuración funcional del entorno ND","['CSMI', 'Club ND', 'Agenda ND', 'FAI alumnos ND']",No te ordeno. Te acompaño. Para que el mundo no te agote.,"['BLU', 'SECRE ND']",['GPT'],automática,Terapia Ocupacional Clínica y Comunitaria,Magíster en Intervención Sensorial,Magíster en Docencia Constructivista
FONO-BOT,"Acompañamiento comunicacional ND, lenguaje accesible y aumentativo","['CSMI', 'Comunicación ND', 'Club ND', 'Agenda ND']",El lenguaje no es una forma de corregirte. Es una forma de encontrarte.,['BLU'],['GPT'],combinada,Fonoaudiología Clínica y Educacional,Magíster en Neurociencia del Lenguaje,Magíster en Docencia Constructivista
