{
  "6e825b0c181b483f8ff640c64c3edb5245005c.jpeg": {
    "app_sintetizada": "6E825B0C181B483F8FF640C64C3EDB5245005C.JPEG",
    "cantidad_archivos": 1,
    "archivos_fuente": [
      "Pictures/Fototeca de Fotos.photoslibrary/resources/derivatives/masters/6/6E825B0C-181B-483F-8FF6-40C64C3EDB52_4_5005_c.jpeg"
    ],
    "ultima_modificacion": "2025-08-01 01:01:08.512367"
  },
  "6612585b825f4321838074c788c419e745005c.jpeg": {
    "app_sintetizada": "6612585B825F4321838074C788C419E745005C.JPEG",
    "cantidad_archivos": 1,
    "archivos_fuente": [
      "Pictures/Fototeca de Fotos.photoslibrary/resources/derivatives/masters/6/6612585B-825F-4321-8380-74C788C419E7_4_5005_c.jpeg"
    ],
    "ultima_modificacion": "2025-08-01 01:01:08.512635"
  },
  "65f31b9223cc493f83cf066c4f8a571445005c.jpeg": {
    "app_sintetizada": "65F31B9223CC493F83CF066C4F8A571445005C.JPEG",
    "cantidad_archivos": 1,
    "archivos_fuente": [
      "Pictures/Fototeca de Fotos.photoslibrary/resources/derivatives/masters/6/65F31B92-23CC-493F-83CF-066C4F8A5714_4_5005_c.jpeg"
    ],
    "ultima_modificacion": "2025-08-01 01:01:08.512932"
  },
  "6af5980e6be245cfa3eb11a18580873045005c.jpeg": {
    "app_sintetizada": "6AF5980E6BE245CFA3EB11A18580873045005C.JPEG",
    "cantidad_archivos": 1,
    "archivos_fuente": [
      "Pictures/Fototeca de Fotos.photoslibrary/resources/derivatives/masters/6/6AF5980E-6BE2-45CF-A3EB-11A185808730_4_5005_c.jpeg"
    ],
    "ultima_modificacion": "2025-08-01 01:01:08.513174"
  },
  "6a598d0a262c43b09fdd7dace63df61045005c.jpeg": {
    "app_sintetizada": "6A598D0A262C43B09FDD7DACE63DF61045005C.JPEG",
    "cantidad_archivos": 1,
    "archivos_fuente": [
      "Pictures/Fototeca de Fotos.photoslibrary/resources/derivatives/masters/6/6A598D0A-262C-43B0-9FDD-7DACE63DF610_4_5005_c.jpeg"
    ],
    "ultima_modificacion": "2025-08-01 01:01:08.513496"
  },
  "6ac4cbb71c61477c9d5b514a4943692145005c.jpeg": {
    "app_sintetizada": "6AC4CBB71C61477C9D5B514A4943692145005C.JPEG",
    "cantidad_archivos": 1,
    "archivos_fuente": [
      "Pictures/Fototeca de Fotos.photoslibrary/resources/derivatives/masters/6/6AC4CBB7-1C61-477C-9D5B-514A49436921_4_5005_c.jpeg"
    ],
    "ultima_modificacion": "2025-08-01 01:01:08.513720"
  },
  "6df4d95bcb4842fa88900d5a7a67258945005c.jpeg": {
    "app_sintetizada": "6DF4D95BCB4842FA88900D5A7A67258945005C.JPEG",
    "cantidad_archivos": 1,
    "archivos_fuente": [
      "Pictures/Fototeca de Fotos.photoslibrary/resources/derivatives/masters/6/6DF4D95B-CB48-42FA-8890-0D5A7A672589_4_5005_c.jpeg"
    ],
    "ultima_modificacion": "2025-08-01 01:01:08.514016"
  },
  "66dbc4e0c0424777904e9b87bd8875e745005c.jpeg": {
    "app_sintetizada": "66DBC4E0C0424777904E9B87BD8875E745005C.JPEG",
    "cantidad_archivos": 1,
    "archivos_fuente": [
      "Pictures/Fototeca de Fotos.photoslibrary/resources/derivatives/masters/6/66DBC4E0-C042-4777-904E-9B87BD8875E7_4_5005_c.jpeg"
    ],
    "ultima_modificacion": "2025-08-01 01:01:08.514318"
  },
  "6c3722a3d1934e85aadf358bea9dbf9145005c.jpeg": {
    "app_sintetizada": "6C3722A3D1934E85AADF358BEA9DBF9145005C.JPEG",
    "cantidad_archivos": 1,
    "archivos_fuente": [
      "Pictures/Fototeca de Fotos.photoslibrary/resources/derivatives/masters/6/6C3722A3-D193-4E85-AADF-358BEA9DBF91_4_5005_c.jpeg"
    ],
    "ultima_modificacion": "2025-08-01 01:01:08.516153"
  },
  "67444265e1384ff680cfdb924e0e419c45005c.jpeg": {
    "app_sintetizada": "67444265E1384FF680CFDB924E0E419C45005C.JPEG",
    "cantidad_archivos": 1,
    "archivos_fuente": [
      "Pictures/Fototeca de Fotos.photoslibrary/resources/derivatives/masters/6/67444265-E138-4FF6-80CF-DB924E0E419C_4_5005_c.jpeg"
    ],
    "ultima_modificacion": "2025-08-01 01:01:08.517700"
  },
  "68b837167a87475e89f5b3626266b1a745005c.jpeg": {
    "app_sintetizada": "68B837167A87475E89F5B3626266B1A745005C.JPEG",
    "cantidad_archivos": 1,
    "archivos_fuente": [
      "Pictures/Fototeca de Fotos.photoslibrary/resources/derivatives/masters/6/68B83716-7A87-475E-89F5-B3626266B1A7_4_5005_c.jpeg"
    ],
    "ultima_modificacion": "2025-08-01 01:01:08.518068"
  },
  "6e93599c8b4c498cab252e0c6805a08e45005c.jpeg": {
    "app_sintetizada": "6E93599C8B4C498CAB252E0C6805A08E45005C.JPEG",
    "cantidad_archivos": 1,
    "archivos_fuente": [
      "Pictures/Fototeca de Fotos.photoslibrary/resources/derivatives/masters/6/6E93599C-8B4C-498C-AB25-2E0C6805A08E_4_5005_c.jpeg"
    ],
    "ultima_modificacion": "2025-08-01 01:01:08.518349"
  },
  "64729e7988ae45c28ed1197a1ef7063e45005c.jpeg": {
    "app_sintetizada": "64729E7988AE45C28ED1197A1EF7063E45005C.JPEG",
    "cantidad_archivos": 1,
    "archivos_fuente": [
      "Pictures/Fototeca de Fotos.photoslibrary/resources/derivatives/masters/6/64729E79-88AE-45C2-8ED1-197A1EF7063E_4_5005_c.jpeg"
    ],
    "ultima_modificacion": "2025-08-01 01:01:08.518693"
  },
  "6bd6b7e6df2f4bc6a8e8fd7a73d77b0f45005c.jpeg": {
    "app_sintetizada": "6BD6B7E6DF2F4BC6A8E8FD7A73D77B0F45005C.JPEG",
    "cantidad_archivos": 1,
    "archivos_fuente": [
      "Pictures/Fototeca de Fotos.photoslibrary/resources/derivatives/masters/6/6BD6B7E6-DF2F-4BC6-A8E8-FD7A73D77B0F_4_5005_c.jpeg"
    ],
    "ultima_modificacion": "2025-08-01 01:01:08.518941"
  },
  "686d5535ba464d169811071050c86e7745005c.jpeg": {
    "app_sintetizada": "686D5535BA464D169811071050C86E7745005C.JPEG",
    "cantidad_archivos": 1,
    "archivos_fuente": [
      "Pictures/Fototeca de Fotos.photoslibrary/resources/derivatives/masters/6/686D5535-BA46-4D16-9811-071050C86E77_4_5005_c.jpeg"
    ],
    "ultima_modificacion": "2025-08-01 01:01:08.519238"
  },
  "664d0a7a7d704a24a59ba6208a75d7c645005c.jpeg": {
    "app_sintetizada": "664D0A7A7D704A24A59BA6208A75D7C645005C.JPEG",
    "cantidad_archivos": 1,
    "archivos_fuente": [
      "Pictures/Fototeca de Fotos.photoslibrary/resources/derivatives/masters/6/664D0A7A-7D70-4A24-A59B-A6208A75D7C6_4_5005_c.jpeg"
    ],
    "ultima_modificacion": "2025-08-01 01:01:08.519501"
  },
  "6d2ef75b359c47b3ab0345cac64f080245005c.jpeg": {
    "app_sintetizada": "6D2EF75B359C47B3AB0345CAC64F080245005C.JPEG",
    "cantidad_archivos": 1,
    "archivos_fuente": [
      "Pictures/Fototeca de Fotos.photoslibrary/resources/derivatives/masters/6/6D2EF75B-359C-47B3-AB03-45CAC64F0802_4_5005_c.jpeg"
    ],
    "ultima_modificacion": "2025-08-01 01:01:08.519785"
  },
  "6a2cd85d0de4440f9e738f3ed81326a445005c.jpeg": {
    "app_sintetizada": "6A2CD85D0DE4440F9E738F3ED81326A445005C.JPEG",
    "cantidad_archivos": 1,
    "archivos_fuente": [
      "Pictures/Fototeca de Fotos.photoslibrary/resources/derivatives/masters/6/6A2CD85D-0DE4-440F-9E73-8F3ED81326A4_4_5005_c.jpeg"
    ],
    "ultima_modificacion": "2025-08-01 01:01:08.520039"
  },
  "6cc88adf49e742c38619ad676d49a27545005c.jpeg": {
    "app_sintetizada": "6CC88ADF49E742C38619AD676D49A27545005C.JPEG",
    "cantidad_archivos": 1,
    "archivos_fuente": [
      "Pictures/Fototeca de Fotos.photoslibrary/resources/derivatives/masters/6/6CC88ADF-49E7-42C3-8619-AD676D49A275_4_5005_c.jpeg"
    ],
    "ultima_modificacion": "2025-08-01 01:01:08.520290"
  },
  "61fce92bd1e247c2b83b2278d2cf995c45005c.jpeg": {
    "app_sintetizada": "61FCE92BD1E247C2B83B2278D2CF995C45005C.JPEG",
    "cantidad_archivos": 1,
    "archivos_fuente": [
      "Pictures/Fototeca de Fotos.photoslibrary/resources/derivatives/masters/6/61FCE92B-D1E2-47C2-B83B-2278D2CF995C_4_5005_c.jpeg"
    ],
    "ultima_modificacion": "2025-08-01 01:01:08.520585"
  },
  "6cf8a169c2c94c2991719a1d1afbfb6c45005c.jpeg": {
    "app_sintetizada": "6CF8A169C2C94C2991719A1D1AFBFB6C45005C.JPEG",
    "cantidad_archivos": 1,
    "archivos_fuente": [
      "Pictures/Fototeca de Fotos.photoslibrary/resources/derivatives/masters/6/6CF8A169-C2C9-4C29-9171-9A1D1AFBFB6C_4_5005_c.jpeg"
    ],
    "ultima_modificacion": "2025-08-01 01:01:08.520830"
  },
  "6a95dec1fde44e8ba6446146b3d045c945005c.jpeg": {
    "app_sintetizada": "6A95DEC1FDE44E8BA6446146B3D045C945005C.JPEG",
    "cantidad_archivos": 1,
    "archivos_fuente": [
      "Pictures/Fototeca de Fotos.photoslibrary/resources/derivatives/masters/6/6A95DEC1-FDE4-4E8B-A644-6146B3D045C9_4_5005_c.jpeg"
    ],
    "ultima_modificacion": "2025-08-01 01:01:08.521107"
  },
  "6dba56db86bf4f089dc0ed0297088a7145005c.jpeg": {
    "app_sintetizada": "6DBA56DB86BF4F089DC0ED0297088A7145005C.JPEG",
    "cantidad_archivos": 1,
    "archivos_fuente": [
      "Pictures/Fototeca de Fotos.photoslibrary/resources/derivatives/masters/6/6DBA56DB-86BF-4F08-9DC0-ED0297088A71_4_5005_c.jpeg"
    ],
    "ultima_modificacion": "2025-08-01 01:01:08.521355"
  },
  "606f03f06c7e48b5bef1afe1368cbdbb45005c.jpeg": {
    "app_sintetizada": "606F03F06C7E48B5BEF1AFE1368CBDBB45005C.JPEG",
    "cantidad_archivos": 1,
    "archivos_fuente": [
      "Pictures/Fototeca de Fotos.photoslibrary/resources/derivatives/masters/6/606F03F0-6C7E-48B5-BEF1-AFE1368CBDBB_4_5005_c.jpeg"
    ],
    "ultima_modificacion": "2025-08-01 01:01:08.521629"
  },
  "60f07be55b24418397352480ed648d1045005c.jpeg": {
    "app_sintetizada": "60F07BE55B24418397352480ED648D1045005C.JPEG",
    "cantidad_archivos": 1,
    "archivos_fuente": [
      "Pictures/Fototeca de Fotos.photoslibrary/resources/derivatives/masters/6/60F07BE5-5B24-4183-9735-2480ED648D10_4_5005_c.jpeg"
    ],
    "ultima_modificacion": "2025-08-01 01:01:08.521878"
  },
  "63287b29d5e64e6ebc3514daa7e57c2f45005c.jpeg": {
    "app_sintetizada": "63287B29D5E64E6EBC3514DAA7E57C2F45005C.JPEG",
    "cantidad_archivos": 1,
    "archivos_fuente": [
      "Pictures/Fototeca de Fotos.photoslibrary/resources/derivatives/masters/6/63287B29-D5E6-4E6E-BC35-14DAA7E57C2F_4_5005_c.jpeg"
    ],
    "ultima_modificacion": "2025-08-01 01:01:08.522253"
  },
  "66fc709e70c94f74b2cd01a5f628647445005c.jpeg": {
    "app_sintetizada": "66FC709E70C94F74B2CD01A5F628647445005C.JPEG",
    "cantidad_archivos": 1,
    "archivos_fuente": [
      "Pictures/Fototeca de Fotos.photoslibrary/resources/derivatives/masters/6/66FC709E-70C9-4F74-B2CD-01A5F6286474_4_5005_c.jpeg"
    ],
    "ultima_modificacion": "2025-08-01 01:01:08.522608"
  },
  "68de3762dd064c6cb38a8c35446b711e45005c.jpeg": {
    "app_sintetizada": "68DE3762DD064C6CB38A8C35446B711E45005C.JPEG",
    "cantidad_archivos": 1,
    "archivos_fuente": [
      "Pictures/Fototeca de Fotos.photoslibrary/resources/derivatives/masters/6/68DE3762-DD06-4C6C-B38A-8C35446B711E_4_5005_c.jpeg"
    ],
    "ultima_modificacion": "2025-08-01 01:01:08.522960"
  },
  "60d0acd2d7454d66b9ff6816eaa18d3345005c.jpeg": {
    "app_sintetizada": "60D0ACD2D7454D66B9FF6816EAA18D3345005C.JPEG",
    "cantidad_archivos": 1,
    "archivos_fuente": [
      "Pictures/Fototeca de Fotos.photoslibrary/resources/derivatives/masters/6/60D0ACD2-D745-4D66-B9FF-6816EAA18D33_4_5005_c.jpeg"
    ],
    "ultima_modificacion": "2025-08-01 01:01:08.523293"
  },
  "6b3f5687bca547d2a55a1d747422dff845005c.jpeg": {
    "app_sintetizada": "6B3F5687BCA547D2A55A1D747422DFF845005C.JPEG",
    "cantidad_archivos": 1,
    "archivos_fuente": [
      "Pictures/Fototeca de Fotos.photoslibrary/resources/derivatives/masters/6/6B3F5687-BCA5-47D2-A55A-1D747422DFF8_4_5005_c.jpeg"
    ],
    "ultima_modificacion": "2025-08-01 01:01:08.523976"
  },
  "6fe1e85f15ab409f9a2a8279a738a6cc45005c.jpeg": {
    "app_sintetizada": "6FE1E85F15AB409F9A2A8279A738A6CC45005C.JPEG",
    "cantidad_archivos": 1,
    "archivos_fuente": [
      "Pictures/Fototeca de Fotos.photoslibrary/resources/derivatives/masters/6/6FE1E85F-15AB-409F-9A2A-8279A738A6CC_4_5005_c.jpeg"
    ],
    "ultima_modificacion": "2025-08-01 01:01:08.524864"
  },
  "6ab8c1eba15a469abe81e877e7f7636245005c.jpeg": {
    "app_sintetizada": "6AB8C1EBA15A469ABE81E877E7F7636245005C.JPEG",
    "cantidad_archivos": 1,
    "archivos_fuente": [
      "Pictures/Fototeca de Fotos.photoslibrary/resources/derivatives/masters/6/6AB8C1EB-A15A-469A-BE81-E877E7F76362_4_5005_c.jpeg"
    ],
    "ultima_modificacion": "2025-08-01 01:01:08.525406"
  },
  "674c3d42270d44998bb47ecddf58ce4245005c.jpeg": {
    "app_sintetizada": "674C3D42270D44998BB47ECDDF58CE4245005C.JPEG",
    "cantidad_archivos": 1,
    "archivos_fuente": [
      "Pictures/Fototeca de Fotos.photoslibrary/resources/derivatives/masters/6/674C3D42-270D-4499-8BB4-7ECDDF58CE42_4_5005_c.jpeg"
    ],
    "ultima_modificacion": "2025-08-01 01:01:08.525747"
  },
  "68fff40b2266445981c20f90875d10e945005c.jpeg": {
    "app_sintetizada": "68FFF40B2266445981C20F90875D10E945005C.JPEG",
    "cantidad_archivos": 1,
    "archivos_fuente": [
      "Pictures/Fototeca de Fotos.photoslibrary/resources/derivatives/masters/6/68FFF40B-2266-4459-81C2-0F90875D10E9_4_5005_c.jpeg"
    ],
    "ultima_modificacion": "2025-08-01 01:01:08.526087"
  },
  "6402b44e263a4d369b09ecdd6ca5355a45005c.jpeg": {
    "app_sintetizada": "6402B44E263A4D369B09ECDD6CA5355A45005C.JPEG",
    "cantidad_archivos": 1,
    "archivos_fuente": [
      "Pictures/Fototeca de Fotos.photoslibrary/resources/derivatives/masters/6/6402B44E-263A-4D36-9B09-ECDD6CA5355A_4_5005_c.jpeg"
    ],
    "ultima_modificacion": "2025-08-01 01:01:08.526429"
  },
  "65efe0dbff10403ca74de5a50f2af4da45005c.jpeg": {
    "app_sintetizada": "65EFE0DBFF10403CA74DE5A50F2AF4DA45005C.JPEG",
    "cantidad_archivos": 1,
    "archivos_fuente": [
      "Pictures/Fototeca de Fotos.photoslibrary/resources/derivatives/masters/6/65EFE0DB-FF10-403C-A74D-E5A50F2AF4DA_4_5005_c.jpeg"
    ],
    "ultima_modificacion": "2025-08-01 01:01:08.526757"
  },
  "671b91a7f3c945eeb0f850a2ee329db345005c.jpeg": {
    "app_sintetizada": "671B91A7F3C945EEB0F850A2EE329DB345005C.JPEG",
    "cantidad_archivos": 1,
    "archivos_fuente": [
      "Pictures/Fototeca de Fotos.photoslibrary/resources/derivatives/masters/6/671B91A7-F3C9-45EE-B0F8-50A2EE329DB3_4_5005_c.jpeg"
    ],
    "ultima_modificacion": "2025-08-01 01:01:08.527111"
  },
  "6614263b1fb24190b6fbf25d20e8400945005c.jpeg": {
    "app_sintetizada": "6614263B1FB24190B6FBF25D20E8400945005C.JPEG",
    "cantidad_archivos": 1,
    "archivos_fuente": [
      "Pictures/Fototeca de Fotos.photoslibrary/resources/derivatives/masters/6/6614263B-1FB2-4190-B6FB-F25D20E84009_4_5005_c.jpeg"
    ],
    "ultima_modificacion": "2025-08-01 01:01:08.527430"
  },
  "6526db0f35c341509fd2479c0074b9f345005c.jpeg": {
    "app_sintetizada": "6526DB0F35C341509FD2479C0074B9F345005C.JPEG",
    "cantidad_archivos": 1,
    "archivos_fuente": [
      "Pictures/Fototeca de Fotos.photoslibrary/resources/derivatives/masters/6/6526DB0F-35C3-4150-9FD2-479C0074B9F3_4_5005_c.jpeg"
    ],
    "ultima_modificacion": "2025-08-01 01:01:08.527693"
  },
  "60ba76d888f342dab530411066ae1a7045005c.jpeg": {
    "app_sintetizada": "60BA76D888F342DAB530411066AE1A7045005C.JPEG",
    "cantidad_archivos": 1,
    "archivos_fuente": [
      "Pictures/Fototeca de Fotos.photoslibrary/resources/derivatives/masters/6/60BA76D8-88F3-42DA-B530-411066AE1A70_4_5005_c.jpeg"
    ],
    "ultima_modificacion": "2025-08-01 01:01:08.527974"
  },
  "69bee8067fa446b7a3c6eb029985503545005c.jpeg": {
    "app_sintetizada": "69BEE8067FA446B7A3C6EB029985503545005C.JPEG",
    "cantidad_archivos": 1,
    "archivos_fuente": [
      "Pictures/Fototeca de Fotos.photoslibrary/resources/derivatives/masters/6/69BEE806-7FA4-46B7-A3C6-EB0299855035_4_5005_c.jpeg"
    ],
    "ultima_modificacion": "2025-08-01 01:01:08.528255"
  },
  "693cfada5cce4b46a06752c31296a3b445005c.jpeg": {
    "app_sintetizada": "693CFADA5CCE4B46A06752C31296A3B445005C.JPEG",
    "cantidad_archivos": 1,
    "archivos_fuente": [
      "Pictures/Fototeca de Fotos.photoslibrary/resources/derivatives/masters/6/693CFADA-5CCE-4B46-A067-52C31296A3B4_4_5005_c.jpeg"
    ],
    "ultima_modificacion": "2025-08-01 01:01:08.528579"
  },
  "66141d539db4414fac91978207c4f4e845005c.jpeg": {
    "app_sintetizada": "66141D539DB4414FAC91978207C4F4E845005C.JPEG",
    "cantidad_archivos": 1,
    "archivos_fuente": [
      "Pictures/Fototeca de Fotos.photoslibrary/resources/derivatives/masters/6/66141D53-9DB4-414F-AC91-978207C4F4E8_4_5005_c.jpeg"
    ],
    "ultima_modificacion": "2025-08-01 01:01:08.528843"
  },
  "6d524f773e314fbba3ad12c9610aa40c45005c.jpeg": {
    "app_sintetizada": "6D524F773E314FBBA3AD12C9610AA40C45005C.JPEG",
    "cantidad_archivos": 1,
    "archivos_fuente": [
      "Pictures/Fototeca de Fotos.photoslibrary/resources/derivatives/masters/6/6D524F77-3E31-4FBB-A3AD-12C9610AA40C_4_5005_c.jpeg"
    ],
    "ultima_modificacion": "2025-08-01 01:01:08.529086"
  },
  "6470675f0084490282133762592e470c45005c.jpeg": {
    "app_sintetizada": "6470675F0084490282133762592E470C45005C.JPEG",
    "cantidad_archivos": 1,
    "archivos_fuente": [
      "Pictures/Fototeca de Fotos.photoslibrary/resources/derivatives/masters/6/6470675F-0084-4902-8213-3762592E470C_4_5005_c.jpeg"
    ],
    "ultima_modificacion": "2025-08-01 01:01:08.529324"
  },
  "64c8d525c8e0459c8b9919c39b795f0945005c.jpeg": {
    "app_sintetizada": "64C8D525C8E0459C8B9919C39B795F0945005C.JPEG",
    "cantidad_archivos": 1,
    "archivos_fuente": [
      "Pictures/Fototeca de Fotos.photoslibrary/resources/derivatives/masters/6/64C8D525-C8E0-459C-8B99-19C39B795F09_4_5005_c.jpeg"
    ],
    "ultima_modificacion": "2025-08-01 01:01:08.529599"
  },
  "6ca104edaf5a42299f03f484a9bc10f345005c.jpeg": {
    "app_sintetizada": "6CA104EDAF5A42299F03F484A9BC10F345005C.JPEG",
    "cantidad_archivos": 1,
    "archivos_fuente": [
      "Pictures/Fototeca de Fotos.photoslibrary/resources/derivatives/masters/6/6CA104ED-AF5A-4229-9F03-F484A9BC10F3_4_5005_c.jpeg"
    ],
    "ultima_modificacion": "2025-08-01 01:01:08.529838"
  },
  "60b12ab1a4de41e68872377a694fa78945005c.jpeg": {
    "app_sintetizada": "60B12AB1A4DE41E68872377A694FA78945005C.JPEG",
    "cantidad_archivos": 1,
    "archivos_fuente": [
      "Pictures/Fototeca de Fotos.photoslibrary/resources/derivatives/masters/6/60B12AB1-A4DE-41E6-8872-377A694FA789_4_5005_c.jpeg"
    ],
    "ultima_modificacion": "2025-08-01 01:01:08.530095"
  },
  "6489dc0e4ef7469aa3df10e30d27269845005c.jpeg": {
    "app_sintetizada": "6489DC0E4EF7469AA3DF10E30D27269845005C.JPEG",
    "cantidad_archivos": 1,
    "archivos_fuente": [
      "Pictures/Fototeca de Fotos.photoslibrary/resources/derivatives/masters/6/6489DC0E-4EF7-469A-A3DF-10E30D272698_4_5005_c.jpeg"
    ],
    "ultima_modificacion": "2025-08-01 01:01:08.530367"
  },
  "63f1477b9a3f4e9da8b5408cfb9be11945005c.jpeg": {
    "app_sintetizada": "63F1477B9A3F4E9DA8B5408CFB9BE11945005C.JPEG",
    "cantidad_archivos": 1,
    "archivos_fuente": [
      "Pictures/Fototeca de Fotos.photoslibrary/resources/derivatives/masters/6/63F1477B-9A3F-4E9D-A8B5-408CFB9BE119_4_5005_c.jpeg"
    ],
    "ultima_modificacion": "2025-08-01 01:01:08.530622"
  },
  "65138a240842464b8faf482ad246cfe745005c.jpeg": {
    "app_sintetizada": "65138A240842464B8FAF482AD246CFE745005C.JPEG",
    "cantidad_archivos": 1,
    "archivos_fuente": [
      "Pictures/Fototeca de Fotos.photoslibrary/resources/derivatives/masters/6/65138A24-0842-464B-8FAF-482AD246CFE7_4_5005_c.jpeg"
    ],
    "ultima_modificacion": "2025-08-01 01:01:08.530926"
  },
  "69878555be04410aa84a0497e3e457e445005c.jpeg": {
    "app_sintetizada": "69878555BE04410AA84A0497E3E457E445005C.JPEG",
    "cantidad_archivos": 1,
    "archivos_fuente": [
      "Pictures/Fototeca de Fotos.photoslibrary/resources/derivatives/masters/6/69878555-BE04-410A-A84A-0497E3E457E4_4_5005_c.jpeg"
    ],
    "ultima_modificacion": "2025-08-01 01:01:08.531180"
  },
  "629aa08244784400bb7fc60b90c6fdf345005c.jpeg": {
    "app_sintetizada": "629AA08244784400BB7FC60B90C6FDF345005C.JPEG",
    "cantidad_archivos": 1,
    "archivos_fuente": [
      "Pictures/Fototeca de Fotos.photoslibrary/resources/derivatives/masters/6/629AA082-4478-4400-BB7F-C60B90C6FDF3_4_5005_c.jpeg"
    ],
    "ultima_modificacion": "2025-08-01 01:01:08.531426"
  },
  "60b97be4677c4167b9935e8994a72eba45005c.jpeg": {
    "app_sintetizada": "60B97BE4677C4167B9935E8994A72EBA45005C.JPEG",
    "cantidad_archivos": 1,
    "archivos_fuente": [
      "Pictures/Fototeca de Fotos.photoslibrary/resources/derivatives/masters/6/60B97BE4-677C-4167-B993-5E8994A72EBA_4_5005_c.jpeg"
    ],
    "ultima_modificacion": "2025-08-01 01:01:08.531987"
  },
  "64962f82f477449595303324f5917bc045005c.jpeg": {
    "app_sintetizada": "64962F82F477449595303324F5917BC045005C.JPEG",
    "cantidad_archivos": 1,
    "archivos_fuente": [
      "Pictures/Fototeca de Fotos.photoslibrary/resources/derivatives/masters/6/64962F82-F477-4495-9530-3324F5917BC0_4_5005_c.jpeg"
    ],
    "ultima_modificacion": "2025-08-01 01:01:08.532284"
  },
  "668b03a22b4e45ae9d7e9075adc2428945005c.jpeg": {
    "app_sintetizada": "668B03A22B4E45AE9D7E9075ADC2428945005C.JPEG",
    "cantidad_archivos": 1,
    "archivos_fuente": [
      "Pictures/Fototeca de Fotos.photoslibrary/resources/derivatives/masters/6/668B03A2-2B4E-45AE-9D7E-9075ADC24289_4_5005_c.jpeg"
    ],
    "ultima_modificacion": "2025-08-01 01:01:08.533432"
  },
  "665d82b7dccf40f0b00b9fcb116dc3c745005c.jpeg": {
    "app_sintetizada": "665D82B7DCCF40F0B00B9FCB116DC3C745005C.JPEG",
    "cantidad_archivos": 1,
    "archivos_fuente": [
      "Pictures/Fototeca de Fotos.photoslibrary/resources/derivatives/masters/6/665D82B7-DCCF-40F0-B00B-9FCB116DC3C7_4_5005_c.jpeg"
    ],
    "ultima_modificacion": "2025-08-01 01:01:08.533890"
  },
  "6757339959dc42f8871a57913ceb9c3945005c.jpeg": {
    "app_sintetizada": "6757339959DC42F8871A57913CEB9C3945005C.JPEG",
    "cantidad_archivos": 1,
    "archivos_fuente": [
      "Pictures/Fototeca de Fotos.photoslibrary/resources/derivatives/masters/6/67573399-59DC-42F8-871A-57913CEB9C39_4_5005_c.jpeg"
    ],
    "ultima_modificacion": "2025-08-01 01:01:08.534237"
  },
  "6f51993c3b644dab96b7c5c8eca81a9c45005c.jpeg": {
    "app_sintetizada": "6F51993C3B644DAB96B7C5C8ECA81A9C45005C.JPEG",
    "cantidad_archivos": 1,
    "archivos_fuente": [
      "Pictures/Fototeca de Fotos.photoslibrary/resources/derivatives/masters/6/6F51993C-3B64-4DAB-96B7-C5C8ECA81A9C_4_5005_c.jpeg"
    ],
    "ultima_modificacion": "2025-08-01 01:01:08.534484"
  },
  "62a679fafe244806bd76decd2de6ab6c45005c.jpeg": {
    "app_sintetizada": "62A679FAFE244806BD76DECD2DE6AB6C45005C.JPEG",
    "cantidad_archivos": 1,
    "archivos_fuente": [
      "Pictures/Fototeca de Fotos.photoslibrary/resources/derivatives/masters/6/62A679FA-FE24-4806-BD76-DECD2DE6AB6C_4_5005_c.jpeg"
    ],
    "ultima_modificacion": "2025-08-01 01:01:08.534730"
  },
  "6a8a4eb209d94d1f91ecf004cd6b6c6745005c.jpeg": {
    "app_sintetizada": "6A8A4EB209D94D1F91ECF004CD6B6C6745005C.JPEG",
    "cantidad_archivos": 1,
    "archivos_fuente": [
      "Pictures/Fototeca de Fotos.photoslibrary/resources/derivatives/masters/6/6A8A4EB2-09D9-4D1F-91EC-F004CD6B6C67_4_5005_c.jpeg"
    ],
    "ultima_modificacion": "2025-08-01 01:01:08.535062"
  },
  "65352f2c045340c3a50c190325567ec045005c.jpeg": {
    "app_sintetizada": "65352F2C045340C3A50C190325567EC045005C.JPEG",
    "cantidad_archivos": 1,
    "archivos_fuente": [
      "Pictures/Fototeca de Fotos.photoslibrary/resources/derivatives/masters/6/65352F2C-0453-40C3-A50C-190325567EC0_4_5005_c.jpeg"
    ],
    "ultima_modificacion": "2025-08-01 01:01:08.535398"
  },
  "671a8e3b38a94d669b9191e0165f8f3745005c.jpeg": {
    "app_sintetizada": "671A8E3B38A94D669B9191E0165F8F3745005C.JPEG",
    "cantidad_archivos": 1,
    "archivos_fuente": [
      "Pictures/Fototeca de Fotos.photoslibrary/resources/derivatives/masters/6/671A8E3B-38A9-4D66-9B91-91E0165F8F37_4_5005_c.jpeg"
    ],
    "ultima_modificacion": "2025-08-01 01:01:08.535724"
  },
  "65b4b5b953f44506899fa3bd00bc2ead45005c.jpeg": {
    "app_sintetizada": "65B4B5B953F44506899FA3BD00BC2EAD45005C.JPEG",
    "cantidad_archivos": 1,
    "archivos_fuente": [
      "Pictures/Fototeca de Fotos.photoslibrary/resources/derivatives/masters/6/65B4B5B9-53F4-4506-899F-A3BD00BC2EAD_4_5005_c.jpeg"
    ],
    "ultima_modificacion": "2025-08-01 01:01:08.536104"
  },
  "61abf2342ac2492d81118ae3b4a97e4645005c.jpeg": {
    "app_sintetizada": "61ABF2342AC2492D81118AE3B4A97E4645005C.JPEG",
    "cantidad_archivos": 1,
    "archivos_fuente": [
      "Pictures/Fototeca de Fotos.photoslibrary/resources/derivatives/masters/6/61ABF234-2AC2-492D-8111-8AE3B4A97E46_4_5005_c.jpeg"
    ],
    "ultima_modificacion": "2025-08-01 01:01:08.536409"
  },
  "6a7ce10eeae64e3a9d34ea79d6544f0245005c.jpeg": {
    "app_sintetizada": "6A7CE10EEAE64E3A9D34EA79D6544F0245005C.JPEG",
    "cantidad_archivos": 1,
    "archivos_fuente": [
      "Pictures/Fototeca de Fotos.photoslibrary/resources/derivatives/masters/6/6A7CE10E-EAE6-4E3A-9D34-EA79D6544F02_4_5005_c.jpeg"
    ],
    "ultima_modificacion": "2025-08-01 01:01:08.536696"
  },
  "67cbb9b8955b44f7a54523356c013d8745005c.jpeg": {
    "app_sintetizada": "67CBB9B8955B44F7A54523356C013D8745005C.JPEG",
    "cantidad_archivos": 1,
    "archivos_fuente": [
      "Pictures/Fototeca de Fotos.photoslibrary/resources/derivatives/masters/6/67CBB9B8-955B-44F7-A545-23356C013D87_4_5005_c.jpeg"
    ],
    "ultima_modificacion": "2025-08-01 01:01:08.536979"
  },
  "6d4e6351ed544d00b0a49713272eade645005c.jpeg": {
    "app_sintetizada": "6D4E6351ED544D00B0A49713272EADE645005C.JPEG",
    "cantidad_archivos": 1,
    "archivos_fuente": [
      "Pictures/Fototeca de Fotos.photoslibrary/resources/derivatives/masters/6/6D4E6351-ED54-4D00-B0A4-9713272EADE6_4_5005_c.jpeg"
    ],
    "ultima_modificacion": "2025-08-01 01:01:08.537258"
  },
  "6b2352dcdd484ae29a9355df1d19b49d45005c.jpeg": {
    "app_sintetizada": "6B2352DCDD484AE29A9355DF1D19B49D45005C.JPEG",
    "cantidad_archivos": 1,
    "archivos_fuente": [
      "Pictures/Fototeca de Fotos.photoslibrary/resources/derivatives/masters/6/6B2352DC-DD48-4AE2-9A93-55DF1D19B49D_4_5005_c.jpeg"
    ],
    "ultima_modificacion": "2025-08-01 01:01:08.537556"
  },
  "6ca74ceed0624bd387c533173457d7b645005c.jpeg": {
    "app_sintetizada": "6CA74CEED0624BD387C533173457D7B645005C.JPEG",
    "cantidad_archivos": 1,
    "archivos_fuente": [
      "Pictures/Fototeca de Fotos.photoslibrary/resources/derivatives/masters/6/6CA74CEE-D062-4BD3-87C5-33173457D7B6_4_5005_c.jpeg"
    ],
    "ultima_modificacion": "2025-08-01 01:01:08.537849"
  },
  "642b955fcd4f45eeaa462853a581189345005c.jpeg": {
    "app_sintetizada": "642B955FCD4F45EEAA462853A581189345005C.JPEG",
    "cantidad_archivos": 1,
    "archivos_fuente": [
      "Pictures/Fototeca de Fotos.photoslibrary/resources/derivatives/masters/6/642B955F-CD4F-45EE-AA46-2853A5811893_4_5005_c.jpeg"
    ],
    "ultima_modificacion": "2025-08-01 01:01:08.538159"
  },
  "6272f103bd754d97b986840c7c21b54045005c.jpeg": {
    "app_sintetizada": "6272F103BD754D97B986840C7C21B54045005C.JPEG",
    "cantidad_archivos": 1,
    "archivos_fuente": [
      "Pictures/Fototeca de Fotos.photoslibrary/resources/derivatives/masters/6/6272F103-BD75-4D97-B986-840C7C21B540_4_5005_c.jpeg"
    ],
    "ultima_modificacion": "2025-08-01 01:01:08.538434"
  },
  "64d12a3622b340409b16ce49d602c6fa45005c.jpeg": {
    "app_sintetizada": "64D12A3622B340409B16CE49D602C6FA45005C.JPEG",
    "cantidad_archivos": 1,
    "archivos_fuente": [
      "Pictures/Fototeca de Fotos.photoslibrary/resources/derivatives/masters/6/64D12A36-22B3-4040-9B16-CE49D602C6FA_4_5005_c.jpeg"
    ],
    "ultima_modificacion": "2025-08-01 01:01:08.538730"
  },
  "609d7f225dea41cfb2b73b6c4ef4bc4245005c.jpeg": {
    "app_sintetizada": "609D7F225DEA41CFB2B73B6C4EF4BC4245005C.JPEG",
    "cantidad_archivos": 1,
    "archivos_fuente": [
      "Pictures/Fototeca de Fotos.photoslibrary/resources/derivatives/masters/6/609D7F22-5DEA-41CF-B2B7-3B6C4EF4BC42_4_5005_c.jpeg"
    ],
    "ultima_modificacion": "2025-08-01 01:01:08.539193"
  },
  "62a66a3046d04a4a838731e59f26bbd245005c.jpeg": {
    "app_sintetizada": "62A66A3046D04A4A838731E59F26BBD245005C.JPEG",
    "cantidad_archivos": 1,
    "archivos_fuente": [
      "Pictures/Fototeca de Fotos.photoslibrary/resources/derivatives/masters/6/62A66A30-46D0-4A4A-8387-31E59F26BBD2_4_5005_c.jpeg"
    ],
    "ultima_modificacion": "2025-08-01 01:01:08.539716"
  },
  "6f5cc5d5126a4a72a9abf5d217e8587f45005c.jpeg": {
    "app_sintetizada": "6F5CC5D5126A4A72A9ABF5D217E8587F45005C.JPEG",
    "cantidad_archivos": 1,
    "archivos_fuente": [
      "Pictures/Fototeca de Fotos.photoslibrary/resources/derivatives/masters/6/6F5CC5D5-126A-4A72-A9AB-F5D217E8587F_4_5005_c.jpeg"
    ],
    "ultima_modificacion": "2025-08-01 01:01:08.540071"
  },
  "6b9ebb85419b4ab99d756e06af7a284f45005c.jpeg": {
    "app_sintetizada": "6B9EBB85419B4AB99D756E06AF7A284F45005C.JPEG",
    "cantidad_archivos": 1,
    "archivos_fuente": [
      "Pictures/Fototeca de Fotos.photoslibrary/resources/derivatives/masters/6/6B9EBB85-419B-4AB9-9D75-6E06AF7A284F_4_5005_c.jpeg"
    ],
    "ultima_modificacion": "2025-08-01 01:01:08.540385"
  },
  "6ce51e43cf444a229c30f257af01312245005c.jpeg": {
    "app_sintetizada": "6CE51E43CF444A229C30F257AF01312245005C.JPEG",
    "cantidad_archivos": 1,
    "archivos_fuente": [
      "Pictures/Fototeca de Fotos.photoslibrary/resources/derivatives/masters/6/6CE51E43-CF44-4A22-9C30-F257AF013122_4_5005_c.jpeg"
    ],
    "ultima_modificacion": "2025-08-01 01:01:08.540690"
  },
  "61ad34c4f6534c9da70450d41046c22445005c.jpeg": {
    "app_sintetizada": "61AD34C4F6534C9DA70450D41046C22445005C.JPEG",
    "cantidad_archivos": 1,
    "archivos_fuente": [
      "Pictures/Fototeca de Fotos.photoslibrary/resources/derivatives/masters/6/61AD34C4-F653-4C9D-A704-50D41046C224_4_5005_c.jpeg"
    ],
    "ultima_modificacion": "2025-08-01 01:01:08.540973"
  },
  "681f3ceb90184ea8a58c2c4656086b7445005c.jpeg": {
    "app_sintetizada": "681F3CEB90184EA8A58C2C4656086B7445005C.JPEG",
    "cantidad_archivos": 1,
    "archivos_fuente": [
      "Pictures/Fototeca de Fotos.photoslibrary/resources/derivatives/masters/6/681F3CEB-9018-4EA8-A58C-2C4656086B74_4_5005_c.jpeg"
    ],
    "ultima_modificacion": "2025-08-01 01:01:08.541264"
  },
  "69951656cab342f2bf876c5f45851fdd45005c.jpeg": {
    "app_sintetizada": "69951656CAB342F2BF876C5F45851FDD45005C.JPEG",
    "cantidad_archivos": 1,
    "archivos_fuente": [
      "Pictures/Fototeca de Fotos.photoslibrary/resources/derivatives/masters/6/69951656-CAB3-42F2-BF87-6C5F45851FDD_4_5005_c.jpeg"
    ],
    "ultima_modificacion": "2025-08-01 01:01:08.541551"
  },
  "65cff806bafb421a9217219a4bde6cd345005c.jpeg": {
    "app_sintetizada": "65CFF806BAFB421A9217219A4BDE6CD345005C.JPEG",
    "cantidad_archivos": 1,
    "archivos_fuente": [
      "Pictures/Fototeca de Fotos.photoslibrary/resources/derivatives/masters/6/65CFF806-BAFB-421A-9217-219A4BDE6CD3_4_5005_c.jpeg"
    ],
    "ultima_modificacion": "2025-08-01 01:01:08.541821"
  },
  "6d427534e4db491ebdad1d95150ede9345005c.jpeg": {
    "app_sintetizada": "6D427534E4DB491EBDAD1D95150EDE9345005C.JPEG",
    "cantidad_archivos": 1,
    "archivos_fuente": [
      "Pictures/Fototeca de Fotos.photoslibrary/resources/derivatives/masters/6/6D427534-E4DB-491E-BDAD-1D95150EDE93_4_5005_c.jpeg"
    ],
    "ultima_modificacion": "2025-08-01 01:01:08.542148"
  },
  "66dfc5d662b34cba8da3b70a2bb96b4445005c.jpeg": {
    "app_sintetizada": "66DFC5D662B34CBA8DA3B70A2BB96B4445005C.JPEG",
    "cantidad_archivos": 1,
    "archivos_fuente": [
      "Pictures/Fototeca de Fotos.photoslibrary/resources/derivatives/masters/6/66DFC5D6-62B3-4CBA-8DA3-B70A2BB96B44_4_5005_c.jpeg"
    ],
    "ultima_modificacion": "2025-08-01 01:01:08.542446"
  },
  "661da26fc8234a498374c25e6fbbf48545005c.jpeg": {
    "app_sintetizada": "661DA26FC8234A498374C25E6FBBF48545005C.JPEG",
    "cantidad_archivos": 1,
    "archivos_fuente": [
      "Pictures/Fototeca de Fotos.photoslibrary/resources/derivatives/masters/6/661DA26F-C823-4A49-8374-C25E6FBBF485_4_5005_c.jpeg"
    ],
    "ultima_modificacion": "2025-08-01 01:01:08.542743"
  },
  "6a8678dec6164913b001702acdf266ab45005c.jpeg": {
    "app_sintetizada": "6A8678DEC6164913B001702ACDF266AB45005C.JPEG",
    "cantidad_archivos": 1,
    "archivos_fuente": [
      "Pictures/Fototeca de Fotos.photoslibrary/resources/derivatives/masters/6/6A8678DE-C616-4913-B001-702ACDF266AB_4_5005_c.jpeg"
    ],
    "ultima_modificacion": "2025-08-01 01:01:08.543067"
  },
  "6ab3b067fd054e1c9123d21819d2184b45005c.jpeg": {
    "app_sintetizada": "6AB3B067FD054E1C9123D21819D2184B45005C.JPEG",
    "cantidad_archivos": 1,
    "archivos_fuente": [
      "Pictures/Fototeca de Fotos.photoslibrary/resources/derivatives/masters/6/6AB3B067-FD05-4E1C-9123-D21819D2184B_4_5005_c.jpeg"
    ],
    "ultima_modificacion": "2025-08-01 01:01:08.543364"
  },
  "6b3dec433c75428ba150b49ab149f08745005c.jpeg": {
    "app_sintetizada": "6B3DEC433C75428BA150B49AB149F08745005C.JPEG",
    "cantidad_archivos": 1,
    "archivos_fuente": [
      "Pictures/Fototeca de Fotos.photoslibrary/resources/derivatives/masters/6/6B3DEC43-3C75-428B-A150-B49AB149F087_4_5005_c.jpeg"
    ],
    "ultima_modificacion": "2025-08-01 01:01:08.543669"
  },
  "61a447b3c3384a2db68cf58fcbf9df2445005c.jpeg": {
    "app_sintetizada": "61A447B3C3384A2DB68CF58FCBF9DF2445005C.JPEG",
    "cantidad_archivos": 1,
    "archivos_fuente": [
      "Pictures/Fototeca de Fotos.photoslibrary/resources/derivatives/masters/6/61A447B3-C338-4A2D-B68C-F58FCBF9DF24_4_5005_c.jpeg"
    ],
    "ultima_modificacion": "2025-08-01 01:01:08.544528"
  },
  "668eb60b6f7a41bc9cdc0db3b112b90345005c.jpeg": {
    "app_sintetizada": "668EB60B6F7A41BC9CDC0DB3B112B90345005C.JPEG",
    "cantidad_archivos": 1,
    "archivos_fuente": [
      "Pictures/Fototeca de Fotos.photoslibrary/resources/derivatives/masters/6/668EB60B-6F7A-41BC-9CDC-0DB3B112B903_4_5005_c.jpeg"
    ],
    "ultima_modificacion": "2025-08-01 01:01:08.544954"
  },
  "6fa73735590949e1b9d6b2daa6070f9b45005c.jpeg": {
    "app_sintetizada": "6FA73735590949E1B9D6B2DAA6070F9B45005C.JPEG",
    "cantidad_archivos": 1,
    "archivos_fuente": [
      "Pictures/Fototeca de Fotos.photoslibrary/resources/derivatives/masters/6/6FA73735-5909-49E1-B9D6-B2DAA6070F9B_4_5005_c.jpeg"
    ],
    "ultima_modificacion": "2025-08-01 01:01:08.545511"
  },
  "6aaab129efc44233817162d0a94c9f1a45005c.jpeg": {
    "app_sintetizada": "6AAAB129EFC44233817162D0A94C9F1A45005C.JPEG",
    "cantidad_archivos": 1,
    "archivos_fuente": [
      "Pictures/Fototeca de Fotos.photoslibrary/resources/derivatives/masters/6/6AAAB129-EFC4-4233-8171-62D0A94C9F1A_4_5005_c.jpeg"
    ],
    "ultima_modificacion": "2025-08-01 01:01:08.545978"
  },
  "6d0084d383484c769ccdf03aa964946c45005c.jpeg": {
    "app_sintetizada": "6D0084D383484C769CCDF03AA964946C45005C.JPEG",
    "cantidad_archivos": 1,
    "archivos_fuente": [
      "Pictures/Fototeca de Fotos.photoslibrary/resources/derivatives/masters/6/6D0084D3-8348-4C76-9CCD-F03AA964946C_4_5005_c.jpeg"
    ],
    "ultima_modificacion": "2025-08-01 01:01:08.546325"
  },
  "63e1cb7216034da1bdabf4aba40fec1d45005c.jpeg": {
    "app_sintetizada": "63E1CB7216034DA1BDABF4ABA40FEC1D45005C.JPEG",
    "cantidad_archivos": 1,
    "archivos_fuente": [
      "Pictures/Fototeca de Fotos.photoslibrary/resources/derivatives/masters/6/63E1CB72-1603-4DA1-BDAB-F4ABA40FEC1D_4_5005_c.jpeg"
    ],
    "ultima_modificacion": "2025-08-01 01:01:08.546668"
  },
  "6d8c51adadd440e2bee6b6d296c052ff45005c.jpeg": {
    "app_sintetizada": "6D8C51ADADD440E2BEE6B6D296C052FF45005C.JPEG",
    "cantidad_archivos": 1,
    "archivos_fuente": [
      "Pictures/Fototeca de Fotos.photoslibrary/resources/derivatives/masters/6/6D8C51AD-ADD4-40E2-BEE6-B6D296C052FF_4_5005_c.jpeg"
    ],
    "ultima_modificacion": "2025-08-01 01:01:08.547018"
  },
  "6ba7c706b47c4ba18735ba96297dbe6b45005c.jpeg": {
    "app_sintetizada": "6BA7C706B47C4BA18735BA96297DBE6B45005C.JPEG",
    "cantidad_archivos": 1,
    "archivos_fuente": [
      "Pictures/Fototeca de Fotos.photoslibrary/resources/derivatives/masters/6/6BA7C706-B47C-4BA1-8735-BA96297DBE6B_4_5005_c.jpeg"
    ],
    "ultima_modificacion": "2025-08-01 01:01:08.547416"
  },
  "696e65c949244423b5fd4ceb51d95e6745005c.jpeg": {
    "app_sintetizada": "696E65C949244423B5FD4CEB51D95E6745005C.JPEG",
    "cantidad_archivos": 1,
    "archivos_fuente": [
      "Pictures/Fototeca de Fotos.photoslibrary/resources/derivatives/masters/6/696E65C9-4924-4423-B5FD-4CEB51D95E67_4_5005_c.jpeg"
    ],
    "ultima_modificacion": "2025-08-01 01:01:08.547811"
  },
  "6b871664d96b4680b0231d2a07ef88a945005c.jpeg": {
    "app_sintetizada": "6B871664D96B4680B0231D2A07EF88A945005C.JPEG",
    "cantidad_archivos": 1,
    "archivos_fuente": [
      "Pictures/Fototeca de Fotos.photoslibrary/resources/derivatives/masters/6/6B871664-D96B-4680-B023-1D2A07EF88A9_4_5005_c.jpeg"
    ],
    "ultima_modificacion": "2025-08-01 01:01:08.548216"
  },
  "67e7435704c348eeaf97d66af29531c745005c.jpeg": {
    "app_sintetizada": "67E7435704C348EEAF97D66AF29531C745005C.JPEG",
    "cantidad_archivos": 1,
    "archivos_fuente": [
      "Pictures/Fototeca de Fotos.photoslibrary/resources/derivatives/masters/6/67E74357-04C3-48EE-AF97-D66AF29531C7_4_5005_c.jpeg"
    ],
    "ultima_modificacion": "2025-08-01 01:01:08.548588"
  },
  "6af41eba1a4b435084abcc2b8aa2a64b45005c.jpeg": {
    "app_sintetizada": "6AF41EBA1A4B435084ABCC2B8AA2A64B45005C.JPEG",
    "cantidad_archivos": 1,
    "archivos_fuente": [
      "Pictures/Fototeca de Fotos.photoslibrary/resources/derivatives/masters/6/6AF41EBA-1A4B-4350-84AB-CC2B8AA2A64B_4_5005_c.jpeg"
    ],
    "ultima_modificacion": "2025-08-01 01:01:08.549220"
  }
}