{
  "c2411ef2b83f49928cd9fb645c8b9f2245005c.jpeg": {
    "app_sintetizada": "C2411EF2B83F49928CD9FB645C8B9F2245005C.JPEG",
    "cantidad_archivos": 1,
    "archivos_fuente": [
      "Pictures/Fototeca de Fotos.photoslibrary/resources/derivatives/masters/C/C2411EF2-B83F-4992-8CD9-FB645C8B9F22_4_5005_c.jpeg"
    ],
    "ultima_modificacion": "2025-08-01 01:01:13.698616"
  },
  "cf52cf1b13794d9b82380bac2134595d45005c.jpeg": {
    "app_sintetizada": "CF52CF1B13794D9B82380BAC2134595D45005C.JPEG",
    "cantidad_archivos": 1,
    "archivos_fuente": [
      "Pictures/Fototeca de Fotos.photoslibrary/resources/derivatives/masters/C/CF52CF1B-1379-4D9B-8238-0BAC2134595D_4_5005_c.jpeg"
    ],
    "ultima_modificacion": "2025-08-01 01:01:13.698954"
  },
  "c38ea0eea1f94badad8958a9c17fef1245005c.jpeg": {
    "app_sintetizada": "C38EA0EEA1F94BADAD8958A9C17FEF1245005C.JPEG",
    "cantidad_archivos": 1,
    "archivos_fuente": [
      "Pictures/Fototeca de Fotos.photoslibrary/resources/derivatives/masters/C/C38EA0EE-A1F9-4BAD-AD89-58A9C17FEF12_4_5005_c.jpeg"
    ],
    "ultima_modificacion": "2025-08-01 01:01:13.699282"
  },
  "ce65113f140c4c5bb9b144750ab895a745005c.jpeg": {
    "app_sintetizada": "CE65113F140C4C5BB9B144750AB895A745005C.JPEG",
    "cantidad_archivos": 1,
    "archivos_fuente": [
      "Pictures/Fototeca de Fotos.photoslibrary/resources/derivatives/masters/C/CE65113F-140C-4C5B-B9B1-44750AB895A7_4_5005_c.jpeg"
    ],
    "ultima_modificacion": "2025-08-01 01:01:13.699577"
  },
  "c9c08d97c0004265b6107a32144866d745005c.jpeg": {
    "app_sintetizada": "C9C08D97C0004265B6107A32144866D745005C.JPEG",
    "cantidad_archivos": 1,
    "archivos_fuente": [
      "Pictures/Fototeca de Fotos.photoslibrary/resources/derivatives/masters/C/C9C08D97-C000-4265-B610-7A32144866D7_4_5005_c.jpeg"
    ],
    "ultima_modificacion": "2025-08-01 01:01:13.699894"
  },
  "c3b9fe6a306644a6bfcb9b168dab63da45005c.jpeg": {
    "app_sintetizada": "C3B9FE6A306644A6BFCB9B168DAB63DA45005C.JPEG",
    "cantidad_archivos": 1,
    "archivos_fuente": [
      "Pictures/Fototeca de Fotos.photoslibrary/resources/derivatives/masters/C/C3B9FE6A-3066-44A6-BFCB-9B168DAB63DA_4_5005_c.jpeg"
    ],
    "ultima_modificacion": "2025-08-01 01:01:13.700206"
  },
  "c287f2e145c34e1283945c24635421c645005c.jpeg": {
    "app_sintetizada": "C287F2E145C34E1283945C24635421C645005C.JPEG",
    "cantidad_archivos": 1,
    "archivos_fuente": [
      "Pictures/Fototeca de Fotos.photoslibrary/resources/derivatives/masters/C/C287F2E1-45C3-4E12-8394-5C24635421C6_4_5005_c.jpeg"
    ],
    "ultima_modificacion": "2025-08-01 01:01:13.700511"
  },
  "c30b520998f84e2fb752025a650f872745005c.jpeg": {
    "app_sintetizada": "C30B520998F84E2FB752025A650F872745005C.JPEG",
    "cantidad_archivos": 1,
    "archivos_fuente": [
      "Pictures/Fototeca de Fotos.photoslibrary/resources/derivatives/masters/C/C30B5209-98F8-4E2F-B752-025A650F8727_4_5005_c.jpeg"
    ],
    "ultima_modificacion": "2025-08-01 01:01:13.700817"
  },
  "c2fd65481dff491490511cc0f214503a45005c.jpeg": {
    "app_sintetizada": "C2FD65481DFF491490511CC0F214503A45005C.JPEG",
    "cantidad_archivos": 1,
    "archivos_fuente": [
      "Pictures/Fototeca de Fotos.photoslibrary/resources/derivatives/masters/C/C2FD6548-1DFF-4914-9051-1CC0F214503A_4_5005_c.jpeg"
    ],
    "ultima_modificacion": "2025-08-01 01:01:13.701100"
  },
  "c6495c8bed1640799d9dec901d7c897245005c.jpeg": {
    "app_sintetizada": "C6495C8BED1640799D9DEC901D7C897245005C.JPEG",
    "cantidad_archivos": 1,
    "archivos_fuente": [
      "Pictures/Fototeca de Fotos.photoslibrary/resources/derivatives/masters/C/C6495C8B-ED16-4079-9D9D-EC901D7C8972_4_5005_c.jpeg"
    ],
    "ultima_modificacion": "2025-08-01 01:01:13.701427"
  },
  "cc49bfc818c14e4395df4cbaa82af7e445005c.jpeg": {
    "app_sintetizada": "CC49BFC818C14E4395DF4CBAA82AF7E445005C.JPEG",
    "cantidad_archivos": 1,
    "archivos_fuente": [
      "Pictures/Fototeca de Fotos.photoslibrary/resources/derivatives/masters/C/CC49BFC8-18C1-4E43-95DF-4CBAA82AF7E4_4_5005_c.jpeg"
    ],
    "ultima_modificacion": "2025-08-01 01:01:13.701747"
  },
  "cfc1a277cfdc45d7894330615e5118ac45005c.jpeg": {
    "app_sintetizada": "CFC1A277CFDC45D7894330615E5118AC45005C.JPEG",
    "cantidad_archivos": 1,
    "archivos_fuente": [
      "Pictures/Fototeca de Fotos.photoslibrary/resources/derivatives/masters/C/CFC1A277-CFDC-45D7-8943-30615E5118AC_4_5005_c.jpeg"
    ],
    "ultima_modificacion": "2025-08-01 01:01:13.702052"
  },
  "c25885de2c0543388c8acda6208cc6b145005c.jpeg": {
    "app_sintetizada": "C25885DE2C0543388C8ACDA6208CC6B145005C.JPEG",
    "cantidad_archivos": 1,
    "archivos_fuente": [
      "Pictures/Fototeca de Fotos.photoslibrary/resources/derivatives/masters/C/C25885DE-2C05-4338-8C8A-CDA6208CC6B1_4_5005_c.jpeg"
    ],
    "ultima_modificacion": "2025-08-01 01:01:13.702488"
  },
  "c947eac23f754d43b6220341bde350ea45005c.jpeg": {
    "app_sintetizada": "C947EAC23F754D43B6220341BDE350EA45005C.JPEG",
    "cantidad_archivos": 1,
    "archivos_fuente": [
      "Pictures/Fototeca de Fotos.photoslibrary/resources/derivatives/masters/C/C947EAC2-3F75-4D43-B622-0341BDE350EA_4_5005_c.jpeg"
    ],
    "ultima_modificacion": "2025-08-01 01:01:13.702791"
  },
  "c1fbd8af872a4065ae3bb293c5e10df645005c.jpeg": {
    "app_sintetizada": "C1FBD8AF872A4065AE3BB293C5E10DF645005C.JPEG",
    "cantidad_archivos": 1,
    "archivos_fuente": [
      "Pictures/Fototeca de Fotos.photoslibrary/resources/derivatives/masters/C/C1FBD8AF-872A-4065-AE3B-B293C5E10DF6_4_5005_c.jpeg"
    ],
    "ultima_modificacion": "2025-08-01 01:01:13.703155"
  },
  "cc21554dc04741a5bf0589afada967e445005c.jpeg": {
    "app_sintetizada": "CC21554DC04741A5BF0589AFADA967E445005C.JPEG",
    "cantidad_archivos": 1,
    "archivos_fuente": [
      "Pictures/Fototeca de Fotos.photoslibrary/resources/derivatives/masters/C/CC21554D-C047-41A5-BF05-89AFADA967E4_4_5005_c.jpeg"
    ],
    "ultima_modificacion": "2025-08-01 01:01:13.704161"
  },
  "c65f303597294678bd436206efbb00f145005c.jpeg": {
    "app_sintetizada": "C65F303597294678BD436206EFBB00F145005C.JPEG",
    "cantidad_archivos": 1,
    "archivos_fuente": [
      "Pictures/Fototeca de Fotos.photoslibrary/resources/derivatives/masters/C/C65F3035-9729-4678-BD43-6206EFBB00F1_4_5005_c.jpeg"
    ],
    "ultima_modificacion": "2025-08-01 01:01:13.704571"
  },
  "c8ab8860342c4aa299af3cd32f30381f45005c.jpeg": {
    "app_sintetizada": "C8AB8860342C4AA299AF3CD32F30381F45005C.JPEG",
    "cantidad_archivos": 1,
    "archivos_fuente": [
      "Pictures/Fototeca de Fotos.photoslibrary/resources/derivatives/masters/C/C8AB8860-342C-4AA2-99AF-3CD32F30381F_4_5005_c.jpeg"
    ],
    "ultima_modificacion": "2025-08-01 01:01:13.704922"
  },
  "ce96fd86ac7247b49869d080c62ed71745005c.jpeg": {
    "app_sintetizada": "CE96FD86AC7247B49869D080C62ED71745005C.JPEG",
    "cantidad_archivos": 1,
    "archivos_fuente": [
      "Pictures/Fototeca de Fotos.photoslibrary/resources/derivatives/masters/C/CE96FD86-AC72-47B4-9869-D080C62ED717_4_5005_c.jpeg"
    ],
    "ultima_modificacion": "2025-08-01 01:01:13.705271"
  },
  "cb0b6c3614cb47578da12ef7f050987d45005c.jpeg": {
    "app_sintetizada": "CB0B6C3614CB47578DA12EF7F050987D45005C.JPEG",
    "cantidad_archivos": 1,
    "archivos_fuente": [
      "Pictures/Fototeca de Fotos.photoslibrary/resources/derivatives/masters/C/CB0B6C36-14CB-4757-8DA1-2EF7F050987D_4_5005_c.jpeg"
    ],
    "ultima_modificacion": "2025-08-01 01:01:13.705745"
  },
  "c94bb99a0ed54ba68cad92920b59a79b45005c.jpeg": {
    "app_sintetizada": "C94BB99A0ED54BA68CAD92920B59A79B45005C.JPEG",
    "cantidad_archivos": 1,
    "archivos_fuente": [
      "Pictures/Fototeca de Fotos.photoslibrary/resources/derivatives/masters/C/C94BB99A-0ED5-4BA6-8CAD-92920B59A79B_4_5005_c.jpeg"
    ],
    "ultima_modificacion": "2025-08-01 01:01:13.706212"
  },
  "c2765da2168c42fcbd1b589bd83b5b5745005c.jpeg": {
    "app_sintetizada": "C2765DA2168C42FCBD1B589BD83B5B5745005C.JPEG",
    "cantidad_archivos": 1,
    "archivos_fuente": [
      "Pictures/Fototeca de Fotos.photoslibrary/resources/derivatives/masters/C/C2765DA2-168C-42FC-BD1B-589BD83B5B57_4_5005_c.jpeg"
    ],
    "ultima_modificacion": "2025-08-01 01:01:13.706675"
  },
  "cf112493d81d41408f053ca2ee95f35b45005c.jpeg": {
    "app_sintetizada": "CF112493D81D41408F053CA2EE95F35B45005C.JPEG",
    "cantidad_archivos": 1,
    "archivos_fuente": [
      "Pictures/Fototeca de Fotos.photoslibrary/resources/derivatives/masters/C/CF112493-D81D-4140-8F05-3CA2EE95F35B_4_5005_c.jpeg"
    ],
    "ultima_modificacion": "2025-08-01 01:01:13.707011"
  },
  "c9ded576c848482eaec26beeb9c57cc545005c.jpeg": {
    "app_sintetizada": "C9DED576C848482EAEC26BEEB9C57CC545005C.JPEG",
    "cantidad_archivos": 1,
    "archivos_fuente": [
      "Pictures/Fototeca de Fotos.photoslibrary/resources/derivatives/masters/C/C9DED576-C848-482E-AEC2-6BEEB9C57CC5_4_5005_c.jpeg"
    ],
    "ultima_modificacion": "2025-08-01 01:01:13.707754"
  },
  "c3daf7af455d4f8598a4bbce56cdc61a45005c.jpeg": {
    "app_sintetizada": "C3DAF7AF455D4F8598A4BBCE56CDC61A45005C.JPEG",
    "cantidad_archivos": 1,
    "archivos_fuente": [
      "Pictures/Fototeca de Fotos.photoslibrary/resources/derivatives/masters/C/C3DAF7AF-455D-4F85-98A4-BBCE56CDC61A_4_5005_c.jpeg"
    ],
    "ultima_modificacion": "2025-08-01 01:01:13.708122"
  },
  "c78dac64a6b249fababced7237280e8545005c.jpeg": {
    "app_sintetizada": "C78DAC64A6B249FABABCED7237280E8545005C.JPEG",
    "cantidad_archivos": 1,
    "archivos_fuente": [
      "Pictures/Fototeca de Fotos.photoslibrary/resources/derivatives/masters/C/C78DAC64-A6B2-49FA-BABC-ED7237280E85_4_5005_c.jpeg"
    ],
    "ultima_modificacion": "2025-08-01 01:01:13.708479"
  },
  "cb98883147204bd7ae2d02c1badb49df45005c.jpeg": {
    "app_sintetizada": "CB98883147204BD7AE2D02C1BADB49DF45005C.JPEG",
    "cantidad_archivos": 1,
    "archivos_fuente": [
      "Pictures/Fototeca de Fotos.photoslibrary/resources/derivatives/masters/C/CB988831-4720-4BD7-AE2D-02C1BADB49DF_4_5005_c.jpeg"
    ],
    "ultima_modificacion": "2025-08-01 01:01:13.708799"
  },
  "c8b76536988643348615d73432964b8645005c.jpeg": {
    "app_sintetizada": "C8B76536988643348615D73432964B8645005C.JPEG",
    "cantidad_archivos": 1,
    "archivos_fuente": [
      "Pictures/Fototeca de Fotos.photoslibrary/resources/derivatives/masters/C/C8B76536-9886-4334-8615-D73432964B86_4_5005_c.jpeg"
    ],
    "ultima_modificacion": "2025-08-01 01:01:13.709100"
  },
  "c64deab59c2e4c9cb1e3a41c64d56c2645005c.jpeg": {
    "app_sintetizada": "C64DEAB59C2E4C9CB1E3A41C64D56C2645005C.JPEG",
    "cantidad_archivos": 1,
    "archivos_fuente": [
      "Pictures/Fototeca de Fotos.photoslibrary/resources/derivatives/masters/C/C64DEAB5-9C2E-4C9C-B1E3-A41C64D56C26_4_5005_c.jpeg"
    ],
    "ultima_modificacion": "2025-08-01 01:01:13.709402"
  },
  "ce6c2355b1a74c70959c7aaa6010258045005c.jpeg": {
    "app_sintetizada": "CE6C2355B1A74C70959C7AAA6010258045005C.JPEG",
    "cantidad_archivos": 1,
    "archivos_fuente": [
      "Pictures/Fototeca de Fotos.photoslibrary/resources/derivatives/masters/C/CE6C2355-B1A7-4C70-959C-7AAA60102580_4_5005_c.jpeg"
    ],
    "ultima_modificacion": "2025-08-01 01:01:13.709701"
  },
  "c07015a3817f4987a36bde5f934d634845005c.jpeg": {
    "app_sintetizada": "C07015A3817F4987A36BDE5F934D634845005C.JPEG",
    "cantidad_archivos": 1,
    "archivos_fuente": [
      "Pictures/Fototeca de Fotos.photoslibrary/resources/derivatives/masters/C/C07015A3-817F-4987-A36B-DE5F934D6348_4_5005_c.jpeg"
    ],
    "ultima_modificacion": "2025-08-01 01:01:13.710692"
  },
  "c40b177865a645618e6a3d3caaeef73645005c.jpeg": {
    "app_sintetizada": "C40B177865A645618E6A3D3CAAEEF73645005C.JPEG",
    "cantidad_archivos": 1,
    "archivos_fuente": [
      "Pictures/Fototeca de Fotos.photoslibrary/resources/derivatives/masters/C/C40B1778-65A6-4561-8E6A-3D3CAAEEF736_4_5005_c.jpeg"
    ],
    "ultima_modificacion": "2025-08-01 01:01:13.711103"
  },
  "ce883d224baf47ce8f15395c14677f6145005c.jpeg": {
    "app_sintetizada": "CE883D224BAF47CE8F15395C14677F6145005C.JPEG",
    "cantidad_archivos": 1,
    "archivos_fuente": [
      "Pictures/Fototeca de Fotos.photoslibrary/resources/derivatives/masters/C/CE883D22-4BAF-47CE-8F15-395C14677F61_4_5005_c.jpeg"
    ],
    "ultima_modificacion": "2025-08-01 01:01:13.711404"
  },
  "cea07144279d42db9ae74f05b17731fd45005c.jpeg": {
    "app_sintetizada": "CEA07144279D42DB9AE74F05B17731FD45005C.JPEG",
    "cantidad_archivos": 1,
    "archivos_fuente": [
      "Pictures/Fototeca de Fotos.photoslibrary/resources/derivatives/masters/C/CEA07144-279D-42DB-9AE7-4F05B17731FD_4_5005_c.jpeg"
    ],
    "ultima_modificacion": "2025-08-01 01:01:13.711666"
  },
  "cd13391326404e8ba266f67a7803831745005c.jpeg": {
    "app_sintetizada": "CD13391326404E8BA266F67A7803831745005C.JPEG",
    "cantidad_archivos": 1,
    "archivos_fuente": [
      "Pictures/Fototeca de Fotos.photoslibrary/resources/derivatives/masters/C/CD133913-2640-4E8B-A266-F67A78038317_4_5005_c.jpeg"
    ],
    "ultima_modificacion": "2025-08-01 01:01:13.711890"
  },
  "cefbf8e83bfa466faac77702c074ee2b45005c.jpeg": {
    "app_sintetizada": "CEFBF8E83BFA466FAAC77702C074EE2B45005C.JPEG",
    "cantidad_archivos": 1,
    "archivos_fuente": [
      "Pictures/Fototeca de Fotos.photoslibrary/resources/derivatives/masters/C/CEFBF8E8-3BFA-466F-AAC7-7702C074EE2B_4_5005_c.jpeg"
    ],
    "ultima_modificacion": "2025-08-01 01:01:13.712111"
  },
  "c0e19a0601d1453c8951b34d8939d76145005c.jpeg": {
    "app_sintetizada": "C0E19A0601D1453C8951B34D8939D76145005C.JPEG",
    "cantidad_archivos": 1,
    "archivos_fuente": [
      "Pictures/Fototeca de Fotos.photoslibrary/resources/derivatives/masters/C/C0E19A06-01D1-453C-8951-B34D8939D761_4_5005_c.jpeg"
    ],
    "ultima_modificacion": "2025-08-01 01:01:13.712330"
  },
  "c0d12d8e472a4f0f813cb26521614e1a45005c.jpeg": {
    "app_sintetizada": "C0D12D8E472A4F0F813CB26521614E1A45005C.JPEG",
    "cantidad_archivos": 1,
    "archivos_fuente": [
      "Pictures/Fototeca de Fotos.photoslibrary/resources/derivatives/masters/C/C0D12D8E-472A-4F0F-813C-B26521614E1A_4_5005_c.jpeg"
    ],
    "ultima_modificacion": "2025-08-01 01:01:13.712555"
  },
  "c5a088ecf05242cd81f36bbf1162134245005c.jpeg": {
    "app_sintetizada": "C5A088ECF05242CD81F36BBF1162134245005C.JPEG",
    "cantidad_archivos": 1,
    "archivos_fuente": [
      "Pictures/Fototeca de Fotos.photoslibrary/resources/derivatives/masters/C/C5A088EC-F052-42CD-81F3-6BBF11621342_4_5005_c.jpeg"
    ],
    "ultima_modificacion": "2025-08-01 01:01:13.712750"
  },
  "c1421d191b164a0eae31317d8367fcdb45005c.jpeg": {
    "app_sintetizada": "C1421D191B164A0EAE31317D8367FCDB45005C.JPEG",
    "cantidad_archivos": 1,
    "archivos_fuente": [
      "Pictures/Fototeca de Fotos.photoslibrary/resources/derivatives/masters/C/C1421D19-1B16-4A0E-AE31-317D8367FCDB_4_5005_c.jpeg"
    ],
    "ultima_modificacion": "2025-08-01 01:01:13.712955"
  },
  "c9971a91a5914c1b9f13a1f06599489545005c.jpeg": {
    "app_sintetizada": "C9971A91A5914C1B9F13A1F06599489545005C.JPEG",
    "cantidad_archivos": 1,
    "archivos_fuente": [
      "Pictures/Fototeca de Fotos.photoslibrary/resources/derivatives/masters/C/C9971A91-A591-4C1B-9F13-A1F065994895_4_5005_c.jpeg"
    ],
    "ultima_modificacion": "2025-08-01 01:01:13.716120"
  },
  "c2ce4e40d3684ab5bf5dfff164a8653c45005c.jpeg": {
    "app_sintetizada": "C2CE4E40D3684AB5BF5DFFF164A8653C45005C.JPEG",
    "cantidad_archivos": 1,
    "archivos_fuente": [
      "Pictures/Fototeca de Fotos.photoslibrary/resources/derivatives/masters/C/C2CE4E40-D368-4AB5-BF5D-FFF164A8653C_4_5005_c.jpeg"
    ],
    "ultima_modificacion": "2025-08-01 01:01:13.716676"
  },
  "c1cd340e4c1344f5bc05f3246ab0403345005c.jpeg": {
    "app_sintetizada": "C1CD340E4C1344F5BC05F3246AB0403345005C.JPEG",
    "cantidad_archivos": 1,
    "archivos_fuente": [
      "Pictures/Fototeca de Fotos.photoslibrary/resources/derivatives/masters/C/C1CD340E-4C13-44F5-BC05-F3246AB04033_4_5005_c.jpeg"
    ],
    "ultima_modificacion": "2025-08-01 01:01:13.716941"
  },
  "c01dbde94ce34ecba42ae3bc75962a6945005c.jpeg": {
    "app_sintetizada": "C01DBDE94CE34ECBA42AE3BC75962A6945005C.JPEG",
    "cantidad_archivos": 1,
    "archivos_fuente": [
      "Pictures/Fototeca de Fotos.photoslibrary/resources/derivatives/masters/C/C01DBDE9-4CE3-4ECB-A42A-E3BC75962A69_4_5005_c.jpeg"
    ],
    "ultima_modificacion": "2025-08-01 01:01:13.717163"
  },
  "c4e77a5e414741d8a45abb80caf8fec545005c.jpeg": {
    "app_sintetizada": "C4E77A5E414741D8A45ABB80CAF8FEC545005C.JPEG",
    "cantidad_archivos": 1,
    "archivos_fuente": [
      "Pictures/Fototeca de Fotos.photoslibrary/resources/derivatives/masters/C/C4E77A5E-4147-41D8-A45A-BB80CAF8FEC5_4_5005_c.jpeg"
    ],
    "ultima_modificacion": "2025-08-01 01:01:13.717374"
  },
  "c14fb4da7d414a2b9f3e65a009ab4e1b45005c.jpeg": {
    "app_sintetizada": "C14FB4DA7D414A2B9F3E65A009AB4E1B45005C.JPEG",
    "cantidad_archivos": 1,
    "archivos_fuente": [
      "Pictures/Fototeca de Fotos.photoslibrary/resources/derivatives/masters/C/C14FB4DA-7D41-4A2B-9F3E-65A009AB4E1B_4_5005_c.jpeg"
    ],
    "ultima_modificacion": "2025-08-01 01:01:13.717721"
  },
  "cd59b7c2b8f347d998e7ffcc094df1c745005c.jpeg": {
    "app_sintetizada": "CD59B7C2B8F347D998E7FFCC094DF1C745005C.JPEG",
    "cantidad_archivos": 1,
    "archivos_fuente": [
      "Pictures/Fototeca de Fotos.photoslibrary/resources/derivatives/masters/C/CD59B7C2-B8F3-47D9-98E7-FFCC094DF1C7_4_5005_c.jpeg"
    ],
    "ultima_modificacion": "2025-08-01 01:01:13.717981"
  },
  "c20c9ea94c184f2d89bc116ad949292245005c.jpeg": {
    "app_sintetizada": "C20C9EA94C184F2D89BC116AD949292245005C.JPEG",
    "cantidad_archivos": 1,
    "archivos_fuente": [
      "Pictures/Fototeca de Fotos.photoslibrary/resources/derivatives/masters/C/C20C9EA9-4C18-4F2D-89BC-116AD9492922_4_5005_c.jpeg"
    ],
    "ultima_modificacion": "2025-08-01 01:01:13.718232"
  },
  "c36e904fc6b142e598ec7c468b978d5b45005c.jpeg": {
    "app_sintetizada": "C36E904FC6B142E598EC7C468B978D5B45005C.JPEG",
    "cantidad_archivos": 1,
    "archivos_fuente": [
      "Pictures/Fototeca de Fotos.photoslibrary/resources/derivatives/masters/C/C36E904F-C6B1-42E5-98EC-7C468B978D5B_4_5005_c.jpeg"
    ],
    "ultima_modificacion": "2025-08-01 01:01:13.718474"
  },
  "ca1bcfb03c4145cca138bb8d9c0dd17945005c.jpeg": {
    "app_sintetizada": "CA1BCFB03C4145CCA138BB8D9C0DD17945005C.JPEG",
    "cantidad_archivos": 1,
    "archivos_fuente": [
      "Pictures/Fototeca de Fotos.photoslibrary/resources/derivatives/masters/C/CA1BCFB0-3C41-45CC-A138-BB8D9C0DD179_4_5005_c.jpeg"
    ],
    "ultima_modificacion": "2025-08-01 01:01:13.718706"
  },
  "cc71eab859254651961059e681715b0545005c.jpeg": {
    "app_sintetizada": "CC71EAB859254651961059E681715B0545005C.JPEG",
    "cantidad_archivos": 1,
    "archivos_fuente": [
      "Pictures/Fototeca de Fotos.photoslibrary/resources/derivatives/masters/C/CC71EAB8-5925-4651-9610-59E681715B05_4_5005_c.jpeg"
    ],
    "ultima_modificacion": "2025-08-01 01:01:13.718936"
  },
  "c21d194c6e704bf28f5b92c763449aa145005c.jpeg": {
    "app_sintetizada": "C21D194C6E704BF28F5B92C763449AA145005C.JPEG",
    "cantidad_archivos": 1,
    "archivos_fuente": [
      "Pictures/Fototeca de Fotos.photoslibrary/resources/derivatives/masters/C/C21D194C-6E70-4BF2-8F5B-92C763449AA1_4_5005_c.jpeg"
    ],
    "ultima_modificacion": "2025-08-01 01:01:13.719186"
  },
  "cdd981bd1cdd4b27a1ea71e80a76be3045005c.jpeg": {
    "app_sintetizada": "CDD981BD1CDD4B27A1EA71E80A76BE3045005C.JPEG",
    "cantidad_archivos": 1,
    "archivos_fuente": [
      "Pictures/Fototeca de Fotos.photoslibrary/resources/derivatives/masters/C/CDD981BD-1CDD-4B27-A1EA-71E80A76BE30_4_5005_c.jpeg"
    ],
    "ultima_modificacion": "2025-08-01 01:01:13.719489"
  },
  "c745c2f6f6a14c2a83e6931b1305d98b45005c.jpeg": {
    "app_sintetizada": "C745C2F6F6A14C2A83E6931B1305D98B45005C.JPEG",
    "cantidad_archivos": 1,
    "archivos_fuente": [
      "Pictures/Fototeca de Fotos.photoslibrary/resources/derivatives/masters/C/C745C2F6-F6A1-4C2A-83E6-931B1305D98B_4_5005_c.jpeg"
    ],
    "ultima_modificacion": "2025-08-01 01:01:13.719730"
  },
  "c697d24ff4404b9a93d859bbaac145aa45005c.jpeg": {
    "app_sintetizada": "C697D24FF4404B9A93D859BBAAC145AA45005C.JPEG",
    "cantidad_archivos": 1,
    "archivos_fuente": [
      "Pictures/Fototeca de Fotos.photoslibrary/resources/derivatives/masters/C/C697D24F-F440-4B9A-93D8-59BBAAC145AA_4_5005_c.jpeg"
    ],
    "ultima_modificacion": "2025-08-01 01:01:13.720004"
  },
  "cae02bd2794347f0953f0b12446edc1245005c.jpeg": {
    "app_sintetizada": "CAE02BD2794347F0953F0B12446EDC1245005C.JPEG",
    "cantidad_archivos": 1,
    "archivos_fuente": [
      "Pictures/Fototeca de Fotos.photoslibrary/resources/derivatives/masters/C/CAE02BD2-7943-47F0-953F-0B12446EDC12_4_5005_c.jpeg"
    ],
    "ultima_modificacion": "2025-08-01 01:01:13.720243"
  },
  "ca518609e2414def9b60e6f3e705723545005c.jpeg": {
    "app_sintetizada": "CA518609E2414DEF9B60E6F3E705723545005C.JPEG",
    "cantidad_archivos": 1,
    "archivos_fuente": [
      "Pictures/Fototeca de Fotos.photoslibrary/resources/derivatives/masters/C/CA518609-E241-4DEF-9B60-E6F3E7057235_4_5005_c.jpeg"
    ],
    "ultima_modificacion": "2025-08-01 01:01:13.720475"
  },
  "c70e5cf21d624f7ab8fc851b6e283ad045005c.jpeg": {
    "app_sintetizada": "C70E5CF21D624F7AB8FC851B6E283AD045005C.JPEG",
    "cantidad_archivos": 1,
    "archivos_fuente": [
      "Pictures/Fototeca de Fotos.photoslibrary/resources/derivatives/masters/C/C70E5CF2-1D62-4F7A-B8FC-851B6E283AD0_4_5005_c.jpeg"
    ],
    "ultima_modificacion": "2025-08-01 01:01:13.720776"
  },
  "c633d99da37f41e9b51473e51fb1556545005c.jpeg": {
    "app_sintetizada": "C633D99DA37F41E9B51473E51FB1556545005C.JPEG",
    "cantidad_archivos": 1,
    "archivos_fuente": [
      "Pictures/Fototeca de Fotos.photoslibrary/resources/derivatives/masters/C/C633D99D-A37F-41E9-B514-73E51FB15565_4_5005_c.jpeg"
    ],
    "ultima_modificacion": "2025-08-01 01:01:13.721017"
  },
  "cb033fb5cee640a38633775ca90e378745005c.jpeg": {
    "app_sintetizada": "CB033FB5CEE640A38633775CA90E378745005C.JPEG",
    "cantidad_archivos": 1,
    "archivos_fuente": [
      "Pictures/Fototeca de Fotos.photoslibrary/resources/derivatives/masters/C/CB033FB5-CEE6-40A3-8633-775CA90E3787_4_5005_c.jpeg"
    ],
    "ultima_modificacion": "2025-08-01 01:01:13.721315"
  },
  "c9570d4bfd2743f89877cdd3c46b695345005c.jpeg": {
    "app_sintetizada": "C9570D4BFD2743F89877CDD3C46B695345005C.JPEG",
    "cantidad_archivos": 1,
    "archivos_fuente": [
      "Pictures/Fototeca de Fotos.photoslibrary/resources/derivatives/masters/C/C9570D4B-FD27-43F8-9877-CDD3C46B6953_4_5005_c.jpeg"
    ],
    "ultima_modificacion": "2025-08-01 01:01:13.721561"
  },
  "cc1ad5e59da24024a2857dadc610fc6045005c.jpeg": {
    "app_sintetizada": "CC1AD5E59DA24024A2857DADC610FC6045005C.JPEG",
    "cantidad_archivos": 1,
    "archivos_fuente": [
      "Pictures/Fototeca de Fotos.photoslibrary/resources/derivatives/masters/C/CC1AD5E5-9DA2-4024-A285-7DADC610FC60_4_5005_c.jpeg"
    ],
    "ultima_modificacion": "2025-08-01 01:01:13.721798"
  },
  "cb9b4e6d63fc486abfe7be631ea0894445005c.jpeg": {
    "app_sintetizada": "CB9B4E6D63FC486ABFE7BE631EA0894445005C.JPEG",
    "cantidad_archivos": 1,
    "archivos_fuente": [
      "Pictures/Fototeca de Fotos.photoslibrary/resources/derivatives/masters/C/CB9B4E6D-63FC-486A-BFE7-BE631EA08944_4_5005_c.jpeg"
    ],
    "ultima_modificacion": "2025-08-01 01:01:13.722088"
  },
  "cc85809c812a425faf6206137bfcc3c445005c.jpeg": {
    "app_sintetizada": "CC85809C812A425FAF6206137BFCC3C445005C.JPEG",
    "cantidad_archivos": 1,
    "archivos_fuente": [
      "Pictures/Fototeca de Fotos.photoslibrary/resources/derivatives/masters/C/CC85809C-812A-425F-AF62-06137BFCC3C4_4_5005_c.jpeg"
    ],
    "ultima_modificacion": "2025-08-01 01:01:13.722458"
  },
  "c1dfb1077d8c4916b74f925d221dd6ee45005c.jpeg": {
    "app_sintetizada": "C1DFB1077D8C4916B74F925D221DD6EE45005C.JPEG",
    "cantidad_archivos": 1,
    "archivos_fuente": [
      "Pictures/Fototeca de Fotos.photoslibrary/resources/derivatives/masters/C/C1DFB107-7D8C-4916-B74F-925D221DD6EE_4_5005_c.jpeg"
    ],
    "ultima_modificacion": "2025-08-01 01:01:13.722867"
  },
  "c001806eacad429b95accc888da3fc1945005c.jpeg": {
    "app_sintetizada": "C001806EACAD429B95ACCC888DA3FC1945005C.JPEG",
    "cantidad_archivos": 1,
    "archivos_fuente": [
      "Pictures/Fototeca de Fotos.photoslibrary/resources/derivatives/masters/C/C001806E-ACAD-429B-95AC-CC888DA3FC19_4_5005_c.jpeg"
    ],
    "ultima_modificacion": "2025-08-01 01:01:13.723141"
  },
  "cbf9db3e2f704b48bcbd65961fd30f5a45005c.jpeg": {
    "app_sintetizada": "CBF9DB3E2F704B48BCBD65961FD30F5A45005C.JPEG",
    "cantidad_archivos": 1,
    "archivos_fuente": [
      "Pictures/Fototeca de Fotos.photoslibrary/resources/derivatives/masters/C/CBF9DB3E-2F70-4B48-BCBD-65961FD30F5A_4_5005_c.jpeg"
    ],
    "ultima_modificacion": "2025-08-01 01:01:13.723389"
  },
  "ce29a89740e641658592f6119d60c42d45005c.jpeg": {
    "app_sintetizada": "CE29A89740E641658592F6119D60C42D45005C.JPEG",
    "cantidad_archivos": 1,
    "archivos_fuente": [
      "Pictures/Fototeca de Fotos.photoslibrary/resources/derivatives/masters/C/CE29A897-40E6-4165-8592-F6119D60C42D_4_5005_c.jpeg"
    ],
    "ultima_modificacion": "2025-08-01 01:01:13.723706"
  },
  "c5ec8e2f8de4459eb5e8ab271852c90745005c.jpeg": {
    "app_sintetizada": "C5EC8E2F8DE4459EB5E8AB271852C90745005C.JPEG",
    "cantidad_archivos": 1,
    "archivos_fuente": [
      "Pictures/Fototeca de Fotos.photoslibrary/resources/derivatives/masters/C/C5EC8E2F-8DE4-459E-B5E8-AB271852C907_4_5005_c.jpeg"
    ],
    "ultima_modificacion": "2025-08-01 01:01:13.724007"
  },
  "ca7f62d86b7e4e2287efb49fa26711b045005c.jpeg": {
    "app_sintetizada": "CA7F62D86B7E4E2287EFB49FA26711B045005C.JPEG",
    "cantidad_archivos": 1,
    "archivos_fuente": [
      "Pictures/Fototeca de Fotos.photoslibrary/resources/derivatives/masters/C/CA7F62D8-6B7E-4E22-87EF-B49FA26711B0_4_5005_c.jpeg"
    ],
    "ultima_modificacion": "2025-08-01 01:01:13.724283"
  },
  "c55e91e2e40d40e2b2710f6e04fc1fef45005c.jpeg": {
    "app_sintetizada": "C55E91E2E40D40E2B2710F6E04FC1FEF45005C.JPEG",
    "cantidad_archivos": 1,
    "archivos_fuente": [
      "Pictures/Fototeca de Fotos.photoslibrary/resources/derivatives/masters/C/C55E91E2-E40D-40E2-B271-0F6E04FC1FEF_4_5005_c.jpeg"
    ],
    "ultima_modificacion": "2025-08-01 01:01:13.724526"
  },
  "c1be1d0dc99b42b2b8ed5661d644d41445005c.jpeg": {
    "app_sintetizada": "C1BE1D0DC99B42B2B8ED5661D644D41445005C.JPEG",
    "cantidad_archivos": 1,
    "archivos_fuente": [
      "Pictures/Fototeca de Fotos.photoslibrary/resources/derivatives/masters/C/C1BE1D0D-C99B-42B2-B8ED-5661D644D414_4_5005_c.jpeg"
    ],
    "ultima_modificacion": "2025-08-01 01:01:13.724821"
  },
  "cfd38f2fda074636b50588b365932f2245005c.jpeg": {
    "app_sintetizada": "CFD38F2FDA074636B50588B365932F2245005C.JPEG",
    "cantidad_archivos": 1,
    "archivos_fuente": [
      "Pictures/Fototeca de Fotos.photoslibrary/resources/derivatives/masters/C/CFD38F2F-DA07-4636-B505-88B365932F22_4_5005_c.jpeg"
    ],
    "ultima_modificacion": "2025-08-01 01:01:13.725057"
  },
  "c25e9216a8324709a73eef181c92510a45005c.jpeg": {
    "app_sintetizada": "C25E9216A8324709A73EEF181C92510A45005C.JPEG",
    "cantidad_archivos": 1,
    "archivos_fuente": [
      "Pictures/Fototeca de Fotos.photoslibrary/resources/derivatives/masters/C/C25E9216-A832-4709-A73E-EF181C92510A_4_5005_c.jpeg"
    ],
    "ultima_modificacion": "2025-08-01 01:01:13.725304"
  },
  "c3b85d4b528a4bc58c32603117fa599c45005c.jpeg": {
    "app_sintetizada": "C3B85D4B528A4BC58C32603117FA599C45005C.JPEG",
    "cantidad_archivos": 1,
    "archivos_fuente": [
      "Pictures/Fototeca de Fotos.photoslibrary/resources/derivatives/masters/C/C3B85D4B-528A-4BC5-8C32-603117FA599C_4_5005_c.jpeg"
    ],
    "ultima_modificacion": "2025-08-01 01:01:13.725568"
  },
  "c89eeb18dd8749b2933663419ec7dd0f45005c.jpeg": {
    "app_sintetizada": "C89EEB18DD8749B2933663419EC7DD0F45005C.JPEG",
    "cantidad_archivos": 1,
    "archivos_fuente": [
      "Pictures/Fototeca de Fotos.photoslibrary/resources/derivatives/masters/C/C89EEB18-DD87-49B2-9336-63419EC7DD0F_4_5005_c.jpeg"
    ],
    "ultima_modificacion": "2025-08-01 01:01:13.725809"
  },
  "c3c2327404bd452ca0eb48ffe1dac7a345005c.jpeg": {
    "app_sintetizada": "C3C2327404BD452CA0EB48FFE1DAC7A345005C.JPEG",
    "cantidad_archivos": 1,
    "archivos_fuente": [
      "Pictures/Fototeca de Fotos.photoslibrary/resources/derivatives/masters/C/C3C23274-04BD-452C-A0EB-48FFE1DAC7A3_4_5005_c.jpeg"
    ],
    "ultima_modificacion": "2025-08-01 01:01:13.726038"
  },
  "c66fe6c46ad94e3db042c8c27624fd2245005c.jpeg": {
    "app_sintetizada": "C66FE6C46AD94E3DB042C8C27624FD2245005C.JPEG",
    "cantidad_archivos": 1,
    "archivos_fuente": [
      "Pictures/Fototeca de Fotos.photoslibrary/resources/derivatives/masters/C/C66FE6C4-6AD9-4E3D-B042-C8C27624FD22_4_5005_c.jpeg"
    ],
    "ultima_modificacion": "2025-08-01 01:01:13.726278"
  },
  "cbeb18e66be046fc8f6d7d9bf22a8d3a45005c.jpeg": {
    "app_sintetizada": "CBEB18E66BE046FC8F6D7D9BF22A8D3A45005C.JPEG",
    "cantidad_archivos": 1,
    "archivos_fuente": [
      "Pictures/Fototeca de Fotos.photoslibrary/resources/derivatives/masters/C/CBEB18E6-6BE0-46FC-8F6D-7D9BF22A8D3A_4_5005_c.jpeg"
    ],
    "ultima_modificacion": "2025-08-01 01:01:13.726530"
  },
  "ced22d3678ac4bb59727dba96a8d8ee745005c.jpeg": {
    "app_sintetizada": "CED22D3678AC4BB59727DBA96A8D8EE745005C.JPEG",
    "cantidad_archivos": 1,
    "archivos_fuente": [
      "Pictures/Fototeca de Fotos.photoslibrary/resources/derivatives/masters/C/CED22D36-78AC-4BB5-9727-DBA96A8D8EE7_4_5005_c.jpeg"
    ],
    "ultima_modificacion": "2025-08-01 01:01:13.726892"
  },
  "c56e2fd11ef44210b035d3735bc1091545005c.jpeg": {
    "app_sintetizada": "C56E2FD11EF44210B035D3735BC1091545005C.JPEG",
    "cantidad_archivos": 1,
    "archivos_fuente": [
      "Pictures/Fototeca de Fotos.photoslibrary/resources/derivatives/masters/C/C56E2FD1-1EF4-4210-B035-D3735BC10915_4_5005_c.jpeg"
    ],
    "ultima_modificacion": "2025-08-01 01:01:13.727140"
  },
  "c0033d0b1fe44959a6b88d92cdf0bfb045005c.jpeg": {
    "app_sintetizada": "C0033D0B1FE44959A6B88D92CDF0BFB045005C.JPEG",
    "cantidad_archivos": 1,
    "archivos_fuente": [
      "Pictures/Fototeca de Fotos.photoslibrary/resources/derivatives/masters/C/C0033D0B-1FE4-4959-A6B8-8D92CDF0BFB0_4_5005_c.jpeg"
    ],
    "ultima_modificacion": "2025-08-01 01:01:13.727341"
  },
  "cc23a08d8e2642d884435af4e24d865245005c.jpeg": {
    "app_sintetizada": "CC23A08D8E2642D884435AF4E24D865245005C.JPEG",
    "cantidad_archivos": 1,
    "archivos_fuente": [
      "Pictures/Fototeca de Fotos.photoslibrary/resources/derivatives/masters/C/CC23A08D-8E26-42D8-8443-5AF4E24D8652_4_5005_c.jpeg"
    ],
    "ultima_modificacion": "2025-08-01 01:01:13.727573"
  },
  "cb9a8216afdb4801b36ab4e59a45717745005c.jpeg": {
    "app_sintetizada": "CB9A8216AFDB4801B36AB4E59A45717745005C.JPEG",
    "cantidad_archivos": 1,
    "archivos_fuente": [
      "Pictures/Fototeca de Fotos.photoslibrary/resources/derivatives/masters/C/CB9A8216-AFDB-4801-B36A-B4E59A457177_4_5005_c.jpeg"
    ],
    "ultima_modificacion": "2025-08-01 01:01:13.727814"
  },
  "cb5414839cad4fc3b1b8b2a2dc9278e945005c.jpeg": {
    "app_sintetizada": "CB5414839CAD4FC3B1B8B2A2DC9278E945005C.JPEG",
    "cantidad_archivos": 1,
    "archivos_fuente": [
      "Pictures/Fototeca de Fotos.photoslibrary/resources/derivatives/masters/C/CB541483-9CAD-4FC3-B1B8-B2A2DC9278E9_4_5005_c.jpeg"
    ],
    "ultima_modificacion": "2025-08-01 01:01:13.728069"
  },
  "cb49e1d610f8432aa83829cd42afd8c845005c.jpeg": {
    "app_sintetizada": "CB49E1D610F8432AA83829CD42AFD8C845005C.JPEG",
    "cantidad_archivos": 1,
    "archivos_fuente": [
      "Pictures/Fototeca de Fotos.photoslibrary/resources/derivatives/masters/C/CB49E1D6-10F8-432A-A838-29CD42AFD8C8_4_5005_c.jpeg"
    ],
    "ultima_modificacion": "2025-08-01 01:01:13.728267"
  },
  "c00c02294e554396b1c1eeed0aae207945005c.jpeg": {
    "app_sintetizada": "C00C02294E554396B1C1EEED0AAE207945005C.JPEG",
    "cantidad_archivos": 1,
    "archivos_fuente": [
      "Pictures/Fototeca de Fotos.photoslibrary/resources/derivatives/masters/C/C00C0229-4E55-4396-B1C1-EEED0AAE2079_4_5005_c.jpeg"
    ],
    "ultima_modificacion": "2025-08-01 01:01:13.728469"
  },
  "cfa8088c25204571b8fd00dd4ed6236b45005c.jpeg": {
    "app_sintetizada": "CFA8088C25204571B8FD00DD4ED6236B45005C.JPEG",
    "cantidad_archivos": 1,
    "archivos_fuente": [
      "Pictures/Fototeca de Fotos.photoslibrary/resources/derivatives/masters/C/CFA8088C-2520-4571-B8FD-00DD4ED6236B_4_5005_c.jpeg"
    ],
    "ultima_modificacion": "2025-08-01 01:01:13.728658"
  },
  "ceade9fa9ed948e6a057382a22f66bc545005c.jpeg": {
    "app_sintetizada": "CEADE9FA9ED948E6A057382A22F66BC545005C.JPEG",
    "cantidad_archivos": 1,
    "archivos_fuente": [
      "Pictures/Fototeca de Fotos.photoslibrary/resources/derivatives/masters/C/CEADE9FA-9ED9-48E6-A057-382A22F66BC5_4_5005_c.jpeg"
    ],
    "ultima_modificacion": "2025-08-01 01:01:13.728830"
  },
  "c9d057efa4b34a4a8069ead25228940a45005c.jpeg": {
    "app_sintetizada": "C9D057EFA4B34A4A8069EAD25228940A45005C.JPEG",
    "cantidad_archivos": 1,
    "archivos_fuente": [
      "Pictures/Fototeca de Fotos.photoslibrary/resources/derivatives/masters/C/C9D057EF-A4B3-4A4A-8069-EAD25228940A_4_5005_c.jpeg"
    ],
    "ultima_modificacion": "2025-08-01 01:01:13.729099"
  },
  "ca5c04566dd743779bc4ba61c652a7e245005c.jpeg": {
    "app_sintetizada": "CA5C04566DD743779BC4BA61C652A7E245005C.JPEG",
    "cantidad_archivos": 1,
    "archivos_fuente": [
      "Pictures/Fototeca de Fotos.photoslibrary/resources/derivatives/masters/C/CA5C0456-6DD7-4377-9BC4-BA61C652A7E2_4_5005_c.jpeg"
    ],
    "ultima_modificacion": "2025-08-01 01:01:13.729333"
  },
  "cfea97e4bc0c4c4696cf4ec65b0818f345005c.jpeg": {
    "app_sintetizada": "CFEA97E4BC0C4C4696CF4EC65B0818F345005C.JPEG",
    "cantidad_archivos": 1,
    "archivos_fuente": [
      "Pictures/Fototeca de Fotos.photoslibrary/resources/derivatives/masters/C/CFEA97E4-BC0C-4C46-96CF-4EC65B0818F3_4_5005_c.jpeg"
    ],
    "ultima_modificacion": "2025-08-01 01:01:13.729552"
  },
  "c3c2568bb652496bb222ceb3ee3bf4b145005c.jpeg": {
    "app_sintetizada": "C3C2568BB652496BB222CEB3EE3BF4B145005C.JPEG",
    "cantidad_archivos": 1,
    "archivos_fuente": [
      "Pictures/Fototeca de Fotos.photoslibrary/resources/derivatives/masters/C/C3C2568B-B652-496B-B222-CEB3EE3BF4B1_4_5005_c.jpeg"
    ],
    "ultima_modificacion": "2025-08-01 01:01:13.729790"
  },
  "c824f0d7a9fe4cc096bf5dab5c79f95a45005c.jpeg": {
    "app_sintetizada": "C824F0D7A9FE4CC096BF5DAB5C79F95A45005C.JPEG",
    "cantidad_archivos": 1,
    "archivos_fuente": [
      "Pictures/Fototeca de Fotos.photoslibrary/resources/derivatives/masters/C/C824F0D7-A9FE-4CC0-96BF-5DAB5C79F95A_4_5005_c.jpeg"
    ],
    "ultima_modificacion": "2025-08-01 01:01:13.730018"
  },
  "c4c6ebfb53144db0b4c8c9e45c4b883a45005c.jpeg": {
    "app_sintetizada": "C4C6EBFB53144DB0B4C8C9E45C4B883A45005C.JPEG",
    "cantidad_archivos": 1,
    "archivos_fuente": [
      "Pictures/Fototeca de Fotos.photoslibrary/resources/derivatives/masters/C/C4C6EBFB-5314-4DB0-B4C8-C9E45C4B883A_4_5005_c.jpeg"
    ],
    "ultima_modificacion": "2025-08-01 01:01:13.730268"
  },
  "c0092fce83dd4113bfd3329eca4c225645005c.jpeg": {
    "app_sintetizada": "C0092FCE83DD4113BFD3329ECA4C225645005C.JPEG",
    "cantidad_archivos": 1,
    "archivos_fuente": [
      "Pictures/Fototeca de Fotos.photoslibrary/resources/derivatives/masters/C/C0092FCE-83DD-4113-BFD3-329ECA4C2256_4_5005_c.jpeg"
    ],
    "ultima_modificacion": "2025-08-01 01:01:13.730489"
  },
  "cbc8436434464ef095fde79f2a7a70f545005c.jpeg": {
    "app_sintetizada": "CBC8436434464EF095FDE79F2A7A70F545005C.JPEG",
    "cantidad_archivos": 1,
    "archivos_fuente": [
      "Pictures/Fototeca de Fotos.photoslibrary/resources/derivatives/masters/C/CBC84364-3446-4EF0-95FD-E79F2A7A70F5_4_5005_c.jpeg"
    ],
    "ultima_modificacion": "2025-08-01 01:01:13.730716"
  },
  "cbc94c6425834ce4a4d61579711b380845005c.jpeg": {
    "app_sintetizada": "CBC94C6425834CE4A4D61579711B380845005C.JPEG",
    "cantidad_archivos": 1,
    "archivos_fuente": [
      "Pictures/Fototeca de Fotos.photoslibrary/resources/derivatives/masters/C/CBC94C64-2583-4CE4-A4D6-1579711B3808_4_5005_c.jpeg"
    ],
    "ultima_modificacion": "2025-08-01 01:01:13.730947"
  },
  "c2ed57a2dd834c1ca1057d6ad7442ab945005c.jpeg": {
    "app_sintetizada": "C2ED57A2DD834C1CA1057D6AD7442AB945005C.JPEG",
    "cantidad_archivos": 1,
    "archivos_fuente": [
      "Pictures/Fototeca de Fotos.photoslibrary/resources/derivatives/masters/C/C2ED57A2-DD83-4C1C-A105-7D6AD7442AB9_4_5005_c.jpeg"
    ],
    "ultima_modificacion": "2025-08-01 01:01:13.731201"
  },
  "c5c051ed4eb34810a3700bc2898a1d8e45005c.jpeg": {
    "app_sintetizada": "C5C051ED4EB34810A3700BC2898A1D8E45005C.JPEG",
    "cantidad_archivos": 1,
    "archivos_fuente": [
      "Pictures/Fototeca de Fotos.photoslibrary/resources/derivatives/masters/C/C5C051ED-4EB3-4810-A370-0BC2898A1D8E_4_5005_c.jpeg"
    ],
    "ultima_modificacion": "2025-08-01 01:01:13.731427"
  }
}