{
  "66561035b0d84f7e8f8721c381a0a55445005c.jpeg": {
    "app_sintetizada": "66561035B0D84F7E8F8721C381A0A55445005C.JPEG",
    "cantidad_archivos": 1,
    "archivos_fuente": [
      "Pictures/Fototeca de Fotos.photoslibrary/resources/derivatives/masters/6/66561035-B0D8-4F7E-8F87-21C381A0A554_4_5005_c.jpeg"
    ],
    "ultima_modificacion": "2025-08-01 01:01:09.073512"
  },
  "646b774333f347db849a42c35761fa7445005c.jpeg": {
    "app_sintetizada": "646B774333F347DB849A42C35761FA7445005C.JPEG",
    "cantidad_archivos": 1,
    "archivos_fuente": [
      "Pictures/Fototeca de Fotos.photoslibrary/resources/derivatives/masters/6/646B7743-33F3-47DB-849A-42C35761FA74_4_5005_c.jpeg"
    ],
    "ultima_modificacion": "2025-08-01 01:01:09.073696"
  },
  "6536e8c09e27433aba997693d70bcec845005c.jpeg": {
    "app_sintetizada": "6536E8C09E27433ABA997693D70BCEC845005C.JPEG",
    "cantidad_archivos": 1,
    "archivos_fuente": [
      "Pictures/Fototeca de Fotos.photoslibrary/resources/derivatives/masters/6/6536E8C0-9E27-433A-BA99-7693D70BCEC8_4_5005_c.jpeg"
    ],
    "ultima_modificacion": "2025-08-01 01:01:09.073874"
  },
  "67a89c27c21e441da3ce1054f516bcd645005c.jpeg": {
    "app_sintetizada": "67A89C27C21E441DA3CE1054F516BCD645005C.JPEG",
    "cantidad_archivos": 1,
    "archivos_fuente": [
      "Pictures/Fototeca de Fotos.photoslibrary/resources/derivatives/masters/6/67A89C27-C21E-441D-A3CE-1054F516BCD6_4_5005_c.jpeg"
    ],
    "ultima_modificacion": "2025-08-01 01:01:09.074051"
  },
  "672a3c53834043aa97768e99ac22fd7945005c.jpeg": {
    "app_sintetizada": "672A3C53834043AA97768E99AC22FD7945005C.JPEG",
    "cantidad_archivos": 1,
    "archivos_fuente": [
      "Pictures/Fototeca de Fotos.photoslibrary/resources/derivatives/masters/6/672A3C53-8340-43AA-9776-8E99AC22FD79_4_5005_c.jpeg"
    ],
    "ultima_modificacion": "2025-08-01 01:01:09.074263"
  },
  "6c0341bfad1d45b296cc007c045fcd0b45005c.jpeg": {
    "app_sintetizada": "6C0341BFAD1D45B296CC007C045FCD0B45005C.JPEG",
    "cantidad_archivos": 1,
    "archivos_fuente": [
      "Pictures/Fototeca de Fotos.photoslibrary/resources/derivatives/masters/6/6C0341BF-AD1D-45B2-96CC-007C045FCD0B_4_5005_c.jpeg"
    ],
    "ultima_modificacion": "2025-08-01 01:01:09.074436"
  },
  "604f0d0d92404c63b39257c5d650d07745005c.jpeg": {
    "app_sintetizada": "604F0D0D92404C63B39257C5D650D07745005C.JPEG",
    "cantidad_archivos": 1,
    "archivos_fuente": [
      "Pictures/Fototeca de Fotos.photoslibrary/resources/derivatives/masters/6/604F0D0D-9240-4C63-B392-57C5D650D077_4_5005_c.jpeg"
    ],
    "ultima_modificacion": "2025-08-01 01:01:09.074607"
  },
  "6b7f6aa7124049e28f945132ac7847e245005c.jpeg": {
    "app_sintetizada": "6B7F6AA7124049E28F945132AC7847E245005C.JPEG",
    "cantidad_archivos": 1,
    "archivos_fuente": [
      "Pictures/Fototeca de Fotos.photoslibrary/resources/derivatives/masters/6/6B7F6AA7-1240-49E2-8F94-5132AC7847E2_4_5005_c.jpeg"
    ],
    "ultima_modificacion": "2025-08-01 01:01:09.074795"
  },
  "6f08a158c87c4e5bae8c5934ed43c86f45005c.jpeg": {
    "app_sintetizada": "6F08A158C87C4E5BAE8C5934ED43C86F45005C.JPEG",
    "cantidad_archivos": 1,
    "archivos_fuente": [
      "Pictures/Fototeca de Fotos.photoslibrary/resources/derivatives/masters/6/6F08A158-C87C-4E5B-AE8C-5934ED43C86F_4_5005_c.jpeg"
    ],
    "ultima_modificacion": "2025-08-01 01:01:09.074983"
  },
  "611b10d914c94c729b91b641ba2cebd945005c.jpeg": {
    "app_sintetizada": "611B10D914C94C729B91B641BA2CEBD945005C.JPEG",
    "cantidad_archivos": 1,
    "archivos_fuente": [
      "Pictures/Fototeca de Fotos.photoslibrary/resources/derivatives/masters/6/611B10D9-14C9-4C72-9B91-B641BA2CEBD9_4_5005_c.jpeg"
    ],
    "ultima_modificacion": "2025-08-01 01:01:09.075204"
  },
  "6ff44d40699944dbba24d9726bcb169145005c.jpeg": {
    "app_sintetizada": "6FF44D40699944DBBA24D9726BCB169145005C.JPEG",
    "cantidad_archivos": 1,
    "archivos_fuente": [
      "Pictures/Fototeca de Fotos.photoslibrary/resources/derivatives/masters/6/6FF44D40-6999-44DB-BA24-D9726BCB1691_4_5005_c.jpeg"
    ],
    "ultima_modificacion": "2025-08-01 01:01:09.075524"
  },
  "6d380bd28e90472dba0fbb4ced8bae0745005c.jpeg": {
    "app_sintetizada": "6D380BD28E90472DBA0FBB4CED8BAE0745005C.JPEG",
    "cantidad_archivos": 1,
    "archivos_fuente": [
      "Pictures/Fototeca de Fotos.photoslibrary/resources/derivatives/masters/6/6D380BD2-8E90-472D-BA0F-BB4CED8BAE07_4_5005_c.jpeg"
    ],
    "ultima_modificacion": "2025-08-01 01:01:09.075759"
  },
  "694addee63954342892e79bd361e72fc45005c.jpeg": {
    "app_sintetizada": "694ADDEE63954342892E79BD361E72FC45005C.JPEG",
    "cantidad_archivos": 1,
    "archivos_fuente": [
      "Pictures/Fototeca de Fotos.photoslibrary/resources/derivatives/masters/6/694ADDEE-6395-4342-892E-79BD361E72FC_4_5005_c.jpeg"
    ],
    "ultima_modificacion": "2025-08-01 01:01:09.076030"
  },
  "6976534b06a4408d910f8abd4b7cadcb45005c.jpeg": {
    "app_sintetizada": "6976534B06A4408D910F8ABD4B7CADCB45005C.JPEG",
    "cantidad_archivos": 1,
    "archivos_fuente": [
      "Pictures/Fototeca de Fotos.photoslibrary/resources/derivatives/masters/6/6976534B-06A4-408D-910F-8ABD4B7CADCB_4_5005_c.jpeg"
    ],
    "ultima_modificacion": "2025-08-01 01:01:09.076311"
  },
  "6a2e1efa96984d4ca489ec3e9c7a062f45005c.jpeg": {
    "app_sintetizada": "6A2E1EFA96984D4CA489EC3E9C7A062F45005C.JPEG",
    "cantidad_archivos": 1,
    "archivos_fuente": [
      "Pictures/Fototeca de Fotos.photoslibrary/resources/derivatives/masters/6/6A2E1EFA-9698-4D4C-A489-EC3E9C7A062F_4_5005_c.jpeg"
    ],
    "ultima_modificacion": "2025-08-01 01:01:09.076614"
  },
  "60b397e327534f3db3d29400f514a6a045005c.jpeg": {
    "app_sintetizada": "60B397E327534F3DB3D29400F514A6A045005C.JPEG",
    "cantidad_archivos": 1,
    "archivos_fuente": [
      "Pictures/Fototeca de Fotos.photoslibrary/resources/derivatives/masters/6/60B397E3-2753-4F3D-B3D2-9400F514A6A0_4_5005_c.jpeg"
    ],
    "ultima_modificacion": "2025-08-01 01:01:09.076950"
  },
  "64fe98a155bc490da1d7409eb6dab23945005c.jpeg": {
    "app_sintetizada": "64FE98A155BC490DA1D7409EB6DAB23945005C.JPEG",
    "cantidad_archivos": 1,
    "archivos_fuente": [
      "Pictures/Fototeca de Fotos.photoslibrary/resources/derivatives/masters/6/64FE98A1-55BC-490D-A1D7-409EB6DAB239_4_5005_c.jpeg"
    ],
    "ultima_modificacion": "2025-08-01 01:01:09.077246"
  },
  "666eb8b007ff4f2fa33b0c49d4b0661d45005c.jpeg": {
    "app_sintetizada": "666EB8B007FF4F2FA33B0C49D4B0661D45005C.JPEG",
    "cantidad_archivos": 1,
    "archivos_fuente": [
      "Pictures/Fototeca de Fotos.photoslibrary/resources/derivatives/masters/6/666EB8B0-07FF-4F2F-A33B-0C49D4B0661D_4_5005_c.jpeg"
    ],
    "ultima_modificacion": "2025-08-01 01:01:09.077531"
  },
  "65caf95128794ec1940305bda13ee92845005c.jpeg": {
    "app_sintetizada": "65CAF95128794EC1940305BDA13EE92845005C.JPEG",
    "cantidad_archivos": 1,
    "archivos_fuente": [
      "Pictures/Fototeca de Fotos.photoslibrary/resources/derivatives/masters/6/65CAF951-2879-4EC1-9403-05BDA13EE928_4_5005_c.jpeg"
    ],
    "ultima_modificacion": "2025-08-01 01:01:09.077813"
  },
  "6d86e5d4fb2d4af78ebbcf9185447bdf45005c.jpeg": {
    "app_sintetizada": "6D86E5D4FB2D4AF78EBBCF9185447BDF45005C.JPEG",
    "cantidad_archivos": 1,
    "archivos_fuente": [
      "Pictures/Fototeca de Fotos.photoslibrary/resources/derivatives/masters/6/6D86E5D4-FB2D-4AF7-8EBB-CF9185447BDF_4_5005_c.jpeg"
    ],
    "ultima_modificacion": "2025-08-01 01:01:09.078067"
  },
  "659a72e7c133480fbe4f1e8844321aff45005c.jpeg": {
    "app_sintetizada": "659A72E7C133480FBE4F1E8844321AFF45005C.JPEG",
    "cantidad_archivos": 1,
    "archivos_fuente": [
      "Pictures/Fototeca de Fotos.photoslibrary/resources/derivatives/masters/6/659A72E7-C133-480F-BE4F-1E8844321AFF_4_5005_c.jpeg"
    ],
    "ultima_modificacion": "2025-08-01 01:01:09.078375"
  },
  "6fd88883f46b4a168e4b5a3ffd913cee45005c.jpeg": {
    "app_sintetizada": "6FD88883F46B4A168E4B5A3FFD913CEE45005C.JPEG",
    "cantidad_archivos": 1,
    "archivos_fuente": [
      "Pictures/Fototeca de Fotos.photoslibrary/resources/derivatives/masters/6/6FD88883-F46B-4A16-8E4B-5A3FFD913CEE_4_5005_c.jpeg"
    ],
    "ultima_modificacion": "2025-08-01 01:01:09.078703"
  },
  "60dca3c7d47348ba9ea88b64dc745f7245005c.jpeg": {
    "app_sintetizada": "60DCA3C7D47348BA9EA88B64DC745F7245005C.JPEG",
    "cantidad_archivos": 1,
    "archivos_fuente": [
      "Pictures/Fototeca de Fotos.photoslibrary/resources/derivatives/masters/6/60DCA3C7-D473-48BA-9EA8-8B64DC745F72_4_5005_c.jpeg"
    ],
    "ultima_modificacion": "2025-08-01 01:01:09.079010"
  },
  "6dd1c31aaaa8458ab67d675fe6d6268145005c.jpeg": {
    "app_sintetizada": "6DD1C31AAAA8458AB67D675FE6D6268145005C.JPEG",
    "cantidad_archivos": 1,
    "archivos_fuente": [
      "Pictures/Fototeca de Fotos.photoslibrary/resources/derivatives/masters/6/6DD1C31A-AAA8-458A-B67D-675FE6D62681_4_5005_c.jpeg"
    ],
    "ultima_modificacion": "2025-08-01 01:01:09.079239"
  },
  "6334c7af8dee462e8864e5bc07ccc79845005c.jpeg": {
    "app_sintetizada": "6334C7AF8DEE462E8864E5BC07CCC79845005C.JPEG",
    "cantidad_archivos": 1,
    "archivos_fuente": [
      "Pictures/Fototeca de Fotos.photoslibrary/resources/derivatives/masters/6/6334C7AF-8DEE-462E-8864-E5BC07CCC798_4_5005_c.jpeg"
    ],
    "ultima_modificacion": "2025-08-01 01:01:09.079481"
  },
  "6260fd817064408cbffcd36a6840c09e45005c.jpeg": {
    "app_sintetizada": "6260FD817064408CBFFCD36A6840C09E45005C.JPEG",
    "cantidad_archivos": 1,
    "archivos_fuente": [
      "Pictures/Fototeca de Fotos.photoslibrary/resources/derivatives/masters/6/6260FD81-7064-408C-BFFC-D36A6840C09E_4_5005_c.jpeg"
    ],
    "ultima_modificacion": "2025-08-01 01:01:09.079745"
  },
  "6e968ab1d27941dfb3066819e264853a45005c.jpeg": {
    "app_sintetizada": "6E968AB1D27941DFB3066819E264853A45005C.JPEG",
    "cantidad_archivos": 1,
    "archivos_fuente": [
      "Pictures/Fototeca de Fotos.photoslibrary/resources/derivatives/masters/6/6E968AB1-D279-41DF-B306-6819E264853A_4_5005_c.jpeg"
    ],
    "ultima_modificacion": "2025-08-01 01:01:09.080012"
  },
  "63e1c6f19cd24e6fb2306fea3dff685845005c.jpeg": {
    "app_sintetizada": "63E1C6F19CD24E6FB2306FEA3DFF685845005C.JPEG",
    "cantidad_archivos": 1,
    "archivos_fuente": [
      "Pictures/Fototeca de Fotos.photoslibrary/resources/derivatives/masters/6/63E1C6F1-9CD2-4E6F-B230-6FEA3DFF6858_4_5005_c.jpeg"
    ],
    "ultima_modificacion": "2025-08-01 01:01:09.080299"
  },
  "6dc40c92ace54b0082bf78483259b7b545005c.jpeg": {
    "app_sintetizada": "6DC40C92ACE54B0082BF78483259B7B545005C.JPEG",
    "cantidad_archivos": 1,
    "archivos_fuente": [
      "Pictures/Fototeca de Fotos.photoslibrary/resources/derivatives/masters/6/6DC40C92-ACE5-4B00-82BF-78483259B7B5_4_5005_c.jpeg"
    ],
    "ultima_modificacion": "2025-08-01 01:01:09.080523"
  },
  "665f72b9f7ac43ae897d45cd1bf2c36045005c.jpeg": {
    "app_sintetizada": "665F72B9F7AC43AE897D45CD1BF2C36045005C.JPEG",
    "cantidad_archivos": 1,
    "archivos_fuente": [
      "Pictures/Fototeca de Fotos.photoslibrary/resources/derivatives/masters/6/665F72B9-F7AC-43AE-897D-45CD1BF2C360_4_5005_c.jpeg"
    ],
    "ultima_modificacion": "2025-08-01 01:01:09.080726"
  },
  "6a3a10c2603a4c1293a404121967300345005c.jpeg": {
    "app_sintetizada": "6A3A10C2603A4C1293A404121967300345005C.JPEG",
    "cantidad_archivos": 1,
    "archivos_fuente": [
      "Pictures/Fototeca de Fotos.photoslibrary/resources/derivatives/masters/6/6A3A10C2-603A-4C12-93A4-041219673003_4_5005_c.jpeg"
    ],
    "ultima_modificacion": "2025-08-01 01:01:09.080957"
  },
  "656485e20dea4e6d86dbe6d073eecd9d45005c.jpeg": {
    "app_sintetizada": "656485E20DEA4E6D86DBE6D073EECD9D45005C.JPEG",
    "cantidad_archivos": 1,
    "archivos_fuente": [
      "Pictures/Fototeca de Fotos.photoslibrary/resources/derivatives/masters/6/656485E2-0DEA-4E6D-86DB-E6D073EECD9D_4_5005_c.jpeg"
    ],
    "ultima_modificacion": "2025-08-01 01:01:09.081252"
  },
  "6b80090098674345ba3230e17faa9ff745005c.jpeg": {
    "app_sintetizada": "6B80090098674345BA3230E17FAA9FF745005C.JPEG",
    "cantidad_archivos": 1,
    "archivos_fuente": [
      "Pictures/Fototeca de Fotos.photoslibrary/resources/derivatives/masters/6/6B800900-9867-4345-BA32-30E17FAA9FF7_4_5005_c.jpeg"
    ],
    "ultima_modificacion": "2025-08-01 01:01:09.081563"
  },
  "698adaa83b9b4738b3e6334df1f4a1bd45005c.jpeg": {
    "app_sintetizada": "698ADAA83B9B4738B3E6334DF1F4A1BD45005C.JPEG",
    "cantidad_archivos": 1,
    "archivos_fuente": [
      "Pictures/Fototeca de Fotos.photoslibrary/resources/derivatives/masters/6/698ADAA8-3B9B-4738-B3E6-334DF1F4A1BD_4_5005_c.jpeg"
    ],
    "ultima_modificacion": "2025-08-01 01:01:09.081780"
  },
  "64de698fe1884ff4ba86f20d89e24d6745005c.jpeg": {
    "app_sintetizada": "64DE698FE1884FF4BA86F20D89E24D6745005C.JPEG",
    "cantidad_archivos": 1,
    "archivos_fuente": [
      "Pictures/Fototeca de Fotos.photoslibrary/resources/derivatives/masters/6/64DE698F-E188-4FF4-BA86-F20D89E24D67_4_5005_c.jpeg"
    ],
    "ultima_modificacion": "2025-08-01 01:01:09.081991"
  },
  "6c44f201ef514915b5a456eb4a378c3745005c.jpeg": {
    "app_sintetizada": "6C44F201EF514915B5A456EB4A378C3745005C.JPEG",
    "cantidad_archivos": 1,
    "archivos_fuente": [
      "Pictures/Fototeca de Fotos.photoslibrary/resources/derivatives/masters/6/6C44F201-EF51-4915-B5A4-56EB4A378C37_4_5005_c.jpeg"
    ],
    "ultima_modificacion": "2025-08-01 01:01:09.082185"
  },
  "6e6e04c563a5430f9ee13aea7e815b1245005c.jpeg": {
    "app_sintetizada": "6E6E04C563A5430F9EE13AEA7E815B1245005C.JPEG",
    "cantidad_archivos": 1,
    "archivos_fuente": [
      "Pictures/Fototeca de Fotos.photoslibrary/resources/derivatives/masters/6/6E6E04C5-63A5-430F-9EE1-3AEA7E815B12_4_5005_c.jpeg"
    ],
    "ultima_modificacion": "2025-08-01 01:01:09.082393"
  },
  "61d06a57cf904f02b0101abc3c26b85e45005c.jpeg": {
    "app_sintetizada": "61D06A57CF904F02B0101ABC3C26B85E45005C.JPEG",
    "cantidad_archivos": 1,
    "archivos_fuente": [
      "Pictures/Fototeca de Fotos.photoslibrary/resources/derivatives/masters/6/61D06A57-CF90-4F02-B010-1ABC3C26B85E_4_5005_c.jpeg"
    ],
    "ultima_modificacion": "2025-08-01 01:01:09.082588"
  },
  "63e0998850c0478ba3436d984cdcb1e545005c.jpeg": {
    "app_sintetizada": "63E0998850C0478BA3436D984CDCB1E545005C.JPEG",
    "cantidad_archivos": 1,
    "archivos_fuente": [
      "Pictures/Fototeca de Fotos.photoslibrary/resources/derivatives/masters/6/63E09988-50C0-478B-A343-6D984CDCB1E5_4_5005_c.jpeg"
    ],
    "ultima_modificacion": "2025-08-01 01:01:09.082769"
  },
  "68be5bc659b14962a17d5024d2a9703d45005c.jpeg": {
    "app_sintetizada": "68BE5BC659B14962A17D5024D2A9703D45005C.JPEG",
    "cantidad_archivos": 1,
    "archivos_fuente": [
      "Pictures/Fototeca de Fotos.photoslibrary/resources/derivatives/masters/6/68BE5BC6-59B1-4962-A17D-5024D2A9703D_4_5005_c.jpeg"
    ],
    "ultima_modificacion": "2025-08-01 01:01:09.083081"
  },
  "653d6618ff04451983896497333a3fb145005c.jpeg": {
    "app_sintetizada": "653D6618FF04451983896497333A3FB145005C.JPEG",
    "cantidad_archivos": 1,
    "archivos_fuente": [
      "Pictures/Fototeca de Fotos.photoslibrary/resources/derivatives/masters/6/653D6618-FF04-4519-8389-6497333A3FB1_4_5005_c.jpeg"
    ],
    "ultima_modificacion": "2025-08-01 01:01:09.083336"
  },
  "614e67689f604951ab68cd75555c518a45005c.jpeg": {
    "app_sintetizada": "614E67689F604951AB68CD75555C518A45005C.JPEG",
    "cantidad_archivos": 1,
    "archivos_fuente": [
      "Pictures/Fototeca de Fotos.photoslibrary/resources/derivatives/masters/6/614E6768-9F60-4951-AB68-CD75555C518A_4_5005_c.jpeg"
    ],
    "ultima_modificacion": "2025-08-01 01:01:09.083663"
  },
  "62e6d43edf664cd69da5c4765adf37b545005c.jpeg": {
    "app_sintetizada": "62E6D43EDF664CD69DA5C4765ADF37B545005C.JPEG",
    "cantidad_archivos": 1,
    "archivos_fuente": [
      "Pictures/Fototeca de Fotos.photoslibrary/resources/derivatives/masters/6/62E6D43E-DF66-4CD6-9DA5-C4765ADF37B5_4_5005_c.jpeg"
    ],
    "ultima_modificacion": "2025-08-01 01:01:09.083903"
  },
  "6b87f30e0e424a84a338c778bfeeccc845005c.jpeg": {
    "app_sintetizada": "6B87F30E0E424A84A338C778BFEECCC845005C.JPEG",
    "cantidad_archivos": 1,
    "archivos_fuente": [
      "Pictures/Fototeca de Fotos.photoslibrary/resources/derivatives/masters/6/6B87F30E-0E42-4A84-A338-C778BFEECCC8_4_5005_c.jpeg"
    ],
    "ultima_modificacion": "2025-08-01 01:01:09.084112"
  },
  "6aaa5ef15f6f4b37a12e61ffc7ae39fc45005c.jpeg": {
    "app_sintetizada": "6AAA5EF15F6F4B37A12E61FFC7AE39FC45005C.JPEG",
    "cantidad_archivos": 1,
    "archivos_fuente": [
      "Pictures/Fototeca de Fotos.photoslibrary/resources/derivatives/masters/6/6AAA5EF1-5F6F-4B37-A12E-61FFC7AE39FC_4_5005_c.jpeg"
    ],
    "ultima_modificacion": "2025-08-01 01:01:09.084312"
  },
  "644b5d050ddf4280964ea96d2826f87b45005c.jpeg": {
    "app_sintetizada": "644B5D050DDF4280964EA96D2826F87B45005C.JPEG",
    "cantidad_archivos": 1,
    "archivos_fuente": [
      "Pictures/Fototeca de Fotos.photoslibrary/resources/derivatives/masters/6/644B5D05-0DDF-4280-964E-A96D2826F87B_4_5005_c.jpeg"
    ],
    "ultima_modificacion": "2025-08-01 01:01:09.084497"
  },
  "6afc52f4ae99471f8c59ce9a98fcb46b45005c.jpeg": {
    "app_sintetizada": "6AFC52F4AE99471F8C59CE9A98FCB46B45005C.JPEG",
    "cantidad_archivos": 1,
    "archivos_fuente": [
      "Pictures/Fototeca de Fotos.photoslibrary/resources/derivatives/masters/6/6AFC52F4-AE99-471F-8C59-CE9A98FCB46B_4_5005_c.jpeg"
    ],
    "ultima_modificacion": "2025-08-01 01:01:09.084695"
  },
  "65516bec342b49a78b16b12f57727f2c45005c.jpeg": {
    "app_sintetizada": "65516BEC342B49A78B16B12F57727F2C45005C.JPEG",
    "cantidad_archivos": 1,
    "archivos_fuente": [
      "Pictures/Fototeca de Fotos.photoslibrary/resources/derivatives/masters/6/65516BEC-342B-49A7-8B16-B12F57727F2C_4_5005_c.jpeg"
    ],
    "ultima_modificacion": "2025-08-01 01:01:09.084886"
  },
  "6443534ff27e4accbed2d9a37132a68f45005c.jpeg": {
    "app_sintetizada": "6443534FF27E4ACCBED2D9A37132A68F45005C.JPEG",
    "cantidad_archivos": 1,
    "archivos_fuente": [
      "Pictures/Fototeca de Fotos.photoslibrary/resources/derivatives/masters/6/6443534F-F27E-4ACC-BED2-D9A37132A68F_4_5005_c.jpeg"
    ],
    "ultima_modificacion": "2025-08-01 01:01:09.085093"
  },
  "6cb26236a80e4a08979069d024fab0b045005c.jpeg": {
    "app_sintetizada": "6CB26236A80E4A08979069D024FAB0B045005C.JPEG",
    "cantidad_archivos": 1,
    "archivos_fuente": [
      "Pictures/Fototeca de Fotos.photoslibrary/resources/derivatives/masters/6/6CB26236-A80E-4A08-9790-69D024FAB0B0_4_5005_c.jpeg"
    ],
    "ultima_modificacion": "2025-08-01 01:01:09.085341"
  },
  "6c3b6362e4b844239bb57fdde3894fe845005c.jpeg": {
    "app_sintetizada": "6C3B6362E4B844239BB57FDDE3894FE845005C.JPEG",
    "cantidad_archivos": 1,
    "archivos_fuente": [
      "Pictures/Fototeca de Fotos.photoslibrary/resources/derivatives/masters/6/6C3B6362-E4B8-4423-9BB5-7FDDE3894FE8_4_5005_c.jpeg"
    ],
    "ultima_modificacion": "2025-08-01 01:01:09.085569"
  },
  "6acf6787fa2b49c9adec9466657a6d8145005c.jpeg": {
    "app_sintetizada": "6ACF6787FA2B49C9ADEC9466657A6D8145005C.JPEG",
    "cantidad_archivos": 1,
    "archivos_fuente": [
      "Pictures/Fototeca de Fotos.photoslibrary/resources/derivatives/masters/6/6ACF6787-FA2B-49C9-ADEC-9466657A6D81_4_5005_c.jpeg"
    ],
    "ultima_modificacion": "2025-08-01 01:01:09.085755"
  },
  "63e0c1507a2a4317971154e2c4ee1a8045005c.jpeg": {
    "app_sintetizada": "63E0C1507A2A4317971154E2C4EE1A8045005C.JPEG",
    "cantidad_archivos": 1,
    "archivos_fuente": [
      "Pictures/Fototeca de Fotos.photoslibrary/resources/derivatives/masters/6/63E0C150-7A2A-4317-9711-54E2C4EE1A80_4_5005_c.jpeg"
    ],
    "ultima_modificacion": "2025-08-01 01:01:09.085981"
  },
  "61b9b65205a74d1ea4c15001e5e0f51345005c.jpeg": {
    "app_sintetizada": "61B9B65205A74D1EA4C15001E5E0F51345005C.JPEG",
    "cantidad_archivos": 1,
    "archivos_fuente": [
      "Pictures/Fototeca de Fotos.photoslibrary/resources/derivatives/masters/6/61B9B652-05A7-4D1E-A4C1-5001E5E0F513_4_5005_c.jpeg"
    ],
    "ultima_modificacion": "2025-08-01 01:01:09.086264"
  },
  "6ec407ca9dd946309dd1e4a3b3871c0e45005c.jpeg": {
    "app_sintetizada": "6EC407CA9DD946309DD1E4A3B3871C0E45005C.JPEG",
    "cantidad_archivos": 1,
    "archivos_fuente": [
      "Pictures/Fototeca de Fotos.photoslibrary/resources/derivatives/masters/6/6EC407CA-9DD9-4630-9DD1-E4A3B3871C0E_4_5005_c.jpeg"
    ],
    "ultima_modificacion": "2025-08-01 01:01:09.086600"
  },
  "6640d4dcf3564f99a0f223bfcf5cc47045005c.jpeg": {
    "app_sintetizada": "6640D4DCF3564F99A0F223BFCF5CC47045005C.JPEG",
    "cantidad_archivos": 1,
    "archivos_fuente": [
      "Pictures/Fototeca de Fotos.photoslibrary/resources/derivatives/masters/6/6640D4DC-F356-4F99-A0F2-23BFCF5CC470_4_5005_c.jpeg"
    ],
    "ultima_modificacion": "2025-08-01 01:01:09.086997"
  },
  "610dd9459ad24e089b803e8b07aa3f9645005c.jpeg": {
    "app_sintetizada": "610DD9459AD24E089B803E8B07AA3F9645005C.JPEG",
    "cantidad_archivos": 1,
    "archivos_fuente": [
      "Pictures/Fototeca de Fotos.photoslibrary/resources/derivatives/masters/6/610DD945-9AD2-4E08-9B80-3E8B07AA3F96_4_5005_c.jpeg"
    ],
    "ultima_modificacion": "2025-08-01 01:01:09.087593"
  },
  "6d1f2144fc8e4b7bb05a7eeff7082ac845005c.jpeg": {
    "app_sintetizada": "6D1F2144FC8E4B7BB05A7EEFF7082AC845005C.JPEG",
    "cantidad_archivos": 1,
    "archivos_fuente": [
      "Pictures/Fototeca de Fotos.photoslibrary/resources/derivatives/masters/6/6D1F2144-FC8E-4B7B-B05A-7EEFF7082AC8_4_5005_c.jpeg"
    ],
    "ultima_modificacion": "2025-08-01 01:01:09.087902"
  },
  "6cd2c83a195240a085b63c7e1c07ad4b45005c.jpeg": {
    "app_sintetizada": "6CD2C83A195240A085B63C7E1C07AD4B45005C.JPEG",
    "cantidad_archivos": 1,
    "archivos_fuente": [
      "Pictures/Fototeca de Fotos.photoslibrary/resources/derivatives/masters/6/6CD2C83A-1952-40A0-85B6-3C7E1C07AD4B_4_5005_c.jpeg"
    ],
    "ultima_modificacion": "2025-08-01 01:01:09.088196"
  },
  "674338a0652d4e06853416b465e62aa145005c.jpeg": {
    "app_sintetizada": "674338A0652D4E06853416B465E62AA145005C.JPEG",
    "cantidad_archivos": 1,
    "archivos_fuente": [
      "Pictures/Fototeca de Fotos.photoslibrary/resources/derivatives/masters/6/674338A0-652D-4E06-8534-16B465E62AA1_4_5005_c.jpeg"
    ],
    "ultima_modificacion": "2025-08-01 01:01:09.088489"
  },
  "669a37a0cf57475ba7ea9aaf9d7092a145005c.jpeg": {
    "app_sintetizada": "669A37A0CF57475BA7EA9AAF9D7092A145005C.JPEG",
    "cantidad_archivos": 1,
    "archivos_fuente": [
      "Pictures/Fototeca de Fotos.photoslibrary/resources/derivatives/masters/6/669A37A0-CF57-475B-A7EA-9AAF9D7092A1_4_5005_c.jpeg"
    ],
    "ultima_modificacion": "2025-08-01 01:01:09.088768"
  },
  "626466fac71146a38cf38190e1f928b845005c.jpeg": {
    "app_sintetizada": "626466FAC71146A38CF38190E1F928B845005C.JPEG",
    "cantidad_archivos": 1,
    "archivos_fuente": [
      "Pictures/Fototeca de Fotos.photoslibrary/resources/derivatives/masters/6/626466FA-C711-46A3-8CF3-8190E1F928B8_4_5005_c.jpeg"
    ],
    "ultima_modificacion": "2025-08-01 01:01:09.089063"
  },
  "690ffbe5fff3454ebe489a03aa78880f45005c.jpeg": {
    "app_sintetizada": "690FFBE5FFF3454EBE489A03AA78880F45005C.JPEG",
    "cantidad_archivos": 1,
    "archivos_fuente": [
      "Pictures/Fototeca de Fotos.photoslibrary/resources/derivatives/masters/6/690FFBE5-FFF3-454E-BE48-9A03AA78880F_4_5005_c.jpeg"
    ],
    "ultima_modificacion": "2025-08-01 01:01:09.089343"
  },
  "648b187c894f4791b8d7161d5bc1710245005c.jpeg": {
    "app_sintetizada": "648B187C894F4791B8D7161D5BC1710245005C.JPEG",
    "cantidad_archivos": 1,
    "archivos_fuente": [
      "Pictures/Fototeca de Fotos.photoslibrary/resources/derivatives/masters/6/648B187C-894F-4791-B8D7-161D5BC17102_4_5005_c.jpeg"
    ],
    "ultima_modificacion": "2025-08-01 01:01:09.089658"
  },
  "6dc1d7943843465c8aeffb95f415932045005c.jpeg": {
    "app_sintetizada": "6DC1D7943843465C8AEFFB95F415932045005C.JPEG",
    "cantidad_archivos": 1,
    "archivos_fuente": [
      "Pictures/Fototeca de Fotos.photoslibrary/resources/derivatives/masters/6/6DC1D794-3843-465C-8AEF-FB95F4159320_4_5005_c.jpeg"
    ],
    "ultima_modificacion": "2025-08-01 01:01:09.089996"
  },
  "69b787d11f774f5c9604f584fe0d868145005c.jpeg": {
    "app_sintetizada": "69B787D11F774F5C9604F584FE0D868145005C.JPEG",
    "cantidad_archivos": 1,
    "archivos_fuente": [
      "Pictures/Fototeca de Fotos.photoslibrary/resources/derivatives/masters/6/69B787D1-1F77-4F5C-9604-F584FE0D8681_4_5005_c.jpeg"
    ],
    "ultima_modificacion": "2025-08-01 01:01:09.090662"
  },
  "6fe90f86c9784d47b156fed313e4c5d745005c.jpeg": {
    "app_sintetizada": "6FE90F86C9784D47B156FED313E4C5D745005C.JPEG",
    "cantidad_archivos": 1,
    "archivos_fuente": [
      "Pictures/Fototeca de Fotos.photoslibrary/resources/derivatives/masters/6/6FE90F86-C978-4D47-B156-FED313E4C5D7_4_5005_c.jpeg"
    ],
    "ultima_modificacion": "2025-08-01 01:01:09.091013"
  },
  "6a94f4ba73d949d3a259ae79f51c3eec45005c.jpeg": {
    "app_sintetizada": "6A94F4BA73D949D3A259AE79F51C3EEC45005C.JPEG",
    "cantidad_archivos": 1,
    "archivos_fuente": [
      "Pictures/Fototeca de Fotos.photoslibrary/resources/derivatives/masters/6/6A94F4BA-73D9-49D3-A259-AE79F51C3EEC_4_5005_c.jpeg"
    ],
    "ultima_modificacion": "2025-08-01 01:01:09.091365"
  },
  "6a740abbd31244569f39cd173a68114d45005c.jpeg": {
    "app_sintetizada": "6A740ABBD31244569F39CD173A68114D45005C.JPEG",
    "cantidad_archivos": 1,
    "archivos_fuente": [
      "Pictures/Fototeca de Fotos.photoslibrary/resources/derivatives/masters/6/6A740ABB-D312-4456-9F39-CD173A68114D_4_5005_c.jpeg"
    ],
    "ultima_modificacion": "2025-08-01 01:01:09.091676"
  },
  "6c8a13cf3a7e4b19a04e0731bec74abe45005c.jpeg": {
    "app_sintetizada": "6C8A13CF3A7E4B19A04E0731BEC74ABE45005C.JPEG",
    "cantidad_archivos": 1,
    "archivos_fuente": [
      "Pictures/Fototeca de Fotos.photoslibrary/resources/derivatives/masters/6/6C8A13CF-3A7E-4B19-A04E-0731BEC74ABE_4_5005_c.jpeg"
    ],
    "ultima_modificacion": "2025-08-01 01:01:09.091992"
  },
  "6cf4c785dede432da56493cad398b86445005c.jpeg": {
    "app_sintetizada": "6CF4C785DEDE432DA56493CAD398B86445005C.JPEG",
    "cantidad_archivos": 1,
    "archivos_fuente": [
      "Pictures/Fototeca de Fotos.photoslibrary/resources/derivatives/masters/6/6CF4C785-DEDE-432D-A564-93CAD398B864_4_5005_c.jpeg"
    ],
    "ultima_modificacion": "2025-08-01 01:01:09.092281"
  },
  "6ac0b105034146089efc106bd4f5ddd845005c.jpeg": {
    "app_sintetizada": "6AC0B105034146089EFC106BD4F5DDD845005C.JPEG",
    "cantidad_archivos": 1,
    "archivos_fuente": [
      "Pictures/Fototeca de Fotos.photoslibrary/resources/derivatives/masters/6/6AC0B105-0341-4608-9EFC-106BD4F5DDD8_4_5005_c.jpeg"
    ],
    "ultima_modificacion": "2025-08-01 01:01:09.092551"
  },
  "67fc84eb31d449ecaf4d903364aa039245005c.jpeg": {
    "app_sintetizada": "67FC84EB31D449ECAF4D903364AA039245005C.JPEG",
    "cantidad_archivos": 1,
    "archivos_fuente": [
      "Pictures/Fototeca de Fotos.photoslibrary/resources/derivatives/masters/6/67FC84EB-31D4-49EC-AF4D-903364AA0392_4_5005_c.jpeg"
    ],
    "ultima_modificacion": "2025-08-01 01:01:09.092846"
  },
  "66d65ac1aa36409b803a11a1e92a927245005c.jpeg": {
    "app_sintetizada": "66D65AC1AA36409B803A11A1E92A927245005C.JPEG",
    "cantidad_archivos": 1,
    "archivos_fuente": [
      "Pictures/Fototeca de Fotos.photoslibrary/resources/derivatives/masters/6/66D65AC1-AA36-409B-803A-11A1E92A9272_4_5005_c.jpeg"
    ],
    "ultima_modificacion": "2025-08-01 01:01:09.093298"
  },
  "68f4acbb55484821a9878b6128bf73f945005c.jpeg": {
    "app_sintetizada": "68F4ACBB55484821A9878B6128BF73F945005C.JPEG",
    "cantidad_archivos": 1,
    "archivos_fuente": [
      "Pictures/Fototeca de Fotos.photoslibrary/resources/derivatives/masters/6/68F4ACBB-5548-4821-A987-8B6128BF73F9_4_5005_c.jpeg"
    ],
    "ultima_modificacion": "2025-08-01 01:01:09.093590"
  },
  "69deefcb9b0049cbaa6694da8bacba3c45005c.jpeg": {
    "app_sintetizada": "69DEEFCB9B0049CBAA6694DA8BACBA3C45005C.JPEG",
    "cantidad_archivos": 1,
    "archivos_fuente": [
      "Pictures/Fototeca de Fotos.photoslibrary/resources/derivatives/masters/6/69DEEFCB-9B00-49CB-AA66-94DA8BACBA3C_4_5005_c.jpeg"
    ],
    "ultima_modificacion": "2025-08-01 01:01:09.093914"
  },
  "6cf20fd5be4f4a7d8b742ac210da220b45005c.jpeg": {
    "app_sintetizada": "6CF20FD5BE4F4A7D8B742AC210DA220B45005C.JPEG",
    "cantidad_archivos": 1,
    "archivos_fuente": [
      "Pictures/Fototeca de Fotos.photoslibrary/resources/derivatives/masters/6/6CF20FD5-BE4F-4A7D-8B74-2AC210DA220B_4_5005_c.jpeg"
    ],
    "ultima_modificacion": "2025-08-01 01:01:09.094221"
  },
  "67f1fe27f870429dba251f92a2890c7145005c.jpeg": {
    "app_sintetizada": "67F1FE27F870429DBA251F92A2890C7145005C.JPEG",
    "cantidad_archivos": 1,
    "archivos_fuente": [
      "Pictures/Fototeca de Fotos.photoslibrary/resources/derivatives/masters/6/67F1FE27-F870-429D-BA25-1F92A2890C71_4_5005_c.jpeg"
    ],
    "ultima_modificacion": "2025-08-01 01:01:09.094526"
  },
  "64aafc6dfbbf472a93fc26ddecc51c6145005c.jpeg": {
    "app_sintetizada": "64AAFC6DFBBF472A93FC26DDECC51C6145005C.JPEG",
    "cantidad_archivos": 1,
    "archivos_fuente": [
      "Pictures/Fototeca de Fotos.photoslibrary/resources/derivatives/masters/6/64AAFC6D-FBBF-472A-93FC-26DDECC51C61_4_5005_c.jpeg"
    ],
    "ultima_modificacion": "2025-08-01 01:01:09.094820"
  },
  "6c802efab57b4418b4a9f25d03974b2445005c.jpeg": {
    "app_sintetizada": "6C802EFAB57B4418B4A9F25D03974B2445005C.JPEG",
    "cantidad_archivos": 1,
    "archivos_fuente": [
      "Pictures/Fototeca de Fotos.photoslibrary/resources/derivatives/masters/6/6C802EFA-B57B-4418-B4A9-F25D03974B24_4_5005_c.jpeg"
    ],
    "ultima_modificacion": "2025-08-01 01:01:09.095321"
  },
  "60609d1d00ba460da9119b0adaaab51745005c.jpeg": {
    "app_sintetizada": "60609D1D00BA460DA9119B0ADAAAB51745005C.JPEG",
    "cantidad_archivos": 1,
    "archivos_fuente": [
      "Pictures/Fototeca de Fotos.photoslibrary/resources/derivatives/masters/6/60609D1D-00BA-460D-A911-9B0ADAAAB517_4_5005_c.jpeg"
    ],
    "ultima_modificacion": "2025-08-01 01:01:09.095996"
  },
  "6a0d042b947a4414ac109818b01a25cc45005c.jpeg": {
    "app_sintetizada": "6A0D042B947A4414AC109818B01A25CC45005C.JPEG",
    "cantidad_archivos": 1,
    "archivos_fuente": [
      "Pictures/Fototeca de Fotos.photoslibrary/resources/derivatives/masters/6/6A0D042B-947A-4414-AC10-9818B01A25CC_4_5005_c.jpeg"
    ],
    "ultima_modificacion": "2025-08-01 01:01:09.096422"
  },
  "6524c512dbd2480c995dc7e09e69b3da45005c.jpeg": {
    "app_sintetizada": "6524C512DBD2480C995DC7E09E69B3DA45005C.JPEG",
    "cantidad_archivos": 1,
    "archivos_fuente": [
      "Pictures/Fototeca de Fotos.photoslibrary/resources/derivatives/masters/6/6524C512-DBD2-480C-995D-C7E09E69B3DA_4_5005_c.jpeg"
    ],
    "ultima_modificacion": "2025-08-01 01:01:09.097150"
  },
  "6b3ad2c992214deda0495b1d61b49aaf45005c.jpeg": {
    "app_sintetizada": "6B3AD2C992214DEDA0495B1D61B49AAF45005C.JPEG",
    "cantidad_archivos": 1,
    "archivos_fuente": [
      "Pictures/Fototeca de Fotos.photoslibrary/resources/derivatives/masters/6/6B3AD2C9-9221-4DED-A049-5B1D61B49AAF_4_5005_c.jpeg"
    ],
    "ultima_modificacion": "2025-08-01 01:01:09.097542"
  },
  "6c135d62779847138b09ec918c4a7e1445005c.jpeg": {
    "app_sintetizada": "6C135D62779847138B09EC918C4A7E1445005C.JPEG",
    "cantidad_archivos": 1,
    "archivos_fuente": [
      "Pictures/Fototeca de Fotos.photoslibrary/resources/derivatives/masters/6/6C135D62-7798-4713-8B09-EC918C4A7E14_4_5005_c.jpeg"
    ],
    "ultima_modificacion": "2025-08-01 01:01:09.097861"
  },
  "6c43357067804f769fd7d1702920982f45005c.jpeg": {
    "app_sintetizada": "6C43357067804F769FD7D1702920982F45005C.JPEG",
    "cantidad_archivos": 1,
    "archivos_fuente": [
      "Pictures/Fototeca de Fotos.photoslibrary/resources/derivatives/masters/6/6C433570-6780-4F76-9FD7-D1702920982F_4_5005_c.jpeg"
    ],
    "ultima_modificacion": "2025-08-01 01:01:09.098170"
  },
  "699820a084e34f4882670235a2679b3645005c.jpeg": {
    "app_sintetizada": "699820A084E34F4882670235A2679B3645005C.JPEG",
    "cantidad_archivos": 1,
    "archivos_fuente": [
      "Pictures/Fototeca de Fotos.photoslibrary/resources/derivatives/masters/6/699820A0-84E3-4F48-8267-0235A2679B36_4_5005_c.jpeg"
    ],
    "ultima_modificacion": "2025-08-01 01:01:09.098499"
  },
  "637b33955f064802bedfafa4c16bd56a45005c.jpeg": {
    "app_sintetizada": "637B33955F064802BEDFAFA4C16BD56A45005C.JPEG",
    "cantidad_archivos": 1,
    "archivos_fuente": [
      "Pictures/Fototeca de Fotos.photoslibrary/resources/derivatives/masters/6/637B3395-5F06-4802-BEDF-AFA4C16BD56A_4_5005_c.jpeg"
    ],
    "ultima_modificacion": "2025-08-01 01:01:09.098831"
  },
  "647fc4c910d34ccbac186e10112f968b45005c.jpeg": {
    "app_sintetizada": "647FC4C910D34CCBAC186E10112F968B45005C.JPEG",
    "cantidad_archivos": 1,
    "archivos_fuente": [
      "Pictures/Fototeca de Fotos.photoslibrary/resources/derivatives/masters/6/647FC4C9-10D3-4CCB-AC18-6E10112F968B_4_5005_c.jpeg"
    ],
    "ultima_modificacion": "2025-08-01 01:01:09.099156"
  },
  "6d9713a1dd9446aeb4968df3dbe3464145005c.jpeg": {
    "app_sintetizada": "6D9713A1DD9446AEB4968DF3DBE3464145005C.JPEG",
    "cantidad_archivos": 1,
    "archivos_fuente": [
      "Pictures/Fototeca de Fotos.photoslibrary/resources/derivatives/masters/6/6D9713A1-DD94-46AE-B496-8DF3DBE34641_4_5005_c.jpeg"
    ],
    "ultima_modificacion": "2025-08-01 01:01:09.099476"
  },
  "6ae8762fb84d41569f2a38113d8468ce45005c.jpeg": {
    "app_sintetizada": "6AE8762FB84D41569F2A38113D8468CE45005C.JPEG",
    "cantidad_archivos": 1,
    "archivos_fuente": [
      "Pictures/Fototeca de Fotos.photoslibrary/resources/derivatives/masters/6/6AE8762F-B84D-4156-9F2A-38113D8468CE_4_5005_c.jpeg"
    ],
    "ultima_modificacion": "2025-08-01 01:01:09.099796"
  },
  "6b2c06891c0c48458bcaab20fc53aa0745005c.jpeg": {
    "app_sintetizada": "6B2C06891C0C48458BCAAB20FC53AA0745005C.JPEG",
    "cantidad_archivos": 1,
    "archivos_fuente": [
      "Pictures/Fototeca de Fotos.photoslibrary/resources/derivatives/masters/6/6B2C0689-1C0C-4845-8BCA-AB20FC53AA07_4_5005_c.jpeg"
    ],
    "ultima_modificacion": "2025-08-01 01:01:09.100145"
  },
  "691937dd76fe426a992a675a7e1c32c045005c.jpeg": {
    "app_sintetizada": "691937DD76FE426A992A675A7E1C32C045005C.JPEG",
    "cantidad_archivos": 1,
    "archivos_fuente": [
      "Pictures/Fototeca de Fotos.photoslibrary/resources/derivatives/masters/6/691937DD-76FE-426A-992A-675A7E1C32C0_4_5005_c.jpeg"
    ],
    "ultima_modificacion": "2025-08-01 01:01:09.100449"
  },
  "6133b7fccf2443b09c19471ad0e1178545005c.jpeg": {
    "app_sintetizada": "6133B7FCCF2443B09C19471AD0E1178545005C.JPEG",
    "cantidad_archivos": 1,
    "archivos_fuente": [
      "Pictures/Fototeca de Fotos.photoslibrary/resources/derivatives/masters/6/6133B7FC-CF24-43B0-9C19-471AD0E11785_4_5005_c.jpeg"
    ],
    "ultima_modificacion": "2025-08-01 01:01:09.100768"
  },
  "6f778eb5e43d462aa18ee6e932bbe8aa45005c.jpeg": {
    "app_sintetizada": "6F778EB5E43D462AA18EE6E932BBE8AA45005C.JPEG",
    "cantidad_archivos": 1,
    "archivos_fuente": [
      "Pictures/Fototeca de Fotos.photoslibrary/resources/derivatives/masters/6/6F778EB5-E43D-462A-A18E-E6E932BBE8AA_4_5005_c.jpeg"
    ],
    "ultima_modificacion": "2025-08-01 01:01:09.101080"
  },
  "6bb946c674224f5fab87821b1173acb145005c.jpeg": {
    "app_sintetizada": "6BB946C674224F5FAB87821B1173ACB145005C.JPEG",
    "cantidad_archivos": 1,
    "archivos_fuente": [
      "Pictures/Fototeca de Fotos.photoslibrary/resources/derivatives/masters/6/6BB946C6-7422-4F5F-AB87-821B1173ACB1_4_5005_c.jpeg"
    ],
    "ultima_modificacion": "2025-08-01 01:01:09.101391"
  },
  "6a7097212290439daff540572af6a97f45005c.jpeg": {
    "app_sintetizada": "6A7097212290439DAFF540572AF6A97F45005C.JPEG",
    "cantidad_archivos": 1,
    "archivos_fuente": [
      "Pictures/Fototeca de Fotos.photoslibrary/resources/derivatives/masters/6/6A709721-2290-439D-AFF5-40572AF6A97F_4_5005_c.jpeg"
    ],
    "ultima_modificacion": "2025-08-01 01:01:09.101714"
  },
  "66f7d901059c4556ace2e5f9035f168e45005c.jpeg": {
    "app_sintetizada": "66F7D901059C4556ACE2E5F9035F168E45005C.JPEG",
    "cantidad_archivos": 1,
    "archivos_fuente": [
      "Pictures/Fototeca de Fotos.photoslibrary/resources/derivatives/masters/6/66F7D901-059C-4556-ACE2-E5F9035F168E_4_5005_c.jpeg"
    ],
    "ultima_modificacion": "2025-08-01 01:01:09.102007"
  },
  "67e0f98237314730a7ef404bf2e863b045005c.jpeg": {
    "app_sintetizada": "67E0F98237314730A7EF404BF2E863B045005C.JPEG",
    "cantidad_archivos": 1,
    "archivos_fuente": [
      "Pictures/Fototeca de Fotos.photoslibrary/resources/derivatives/masters/6/67E0F982-3731-4730-A7EF-404BF2E863B0_4_5005_c.jpeg"
    ],
    "ultima_modificacion": "2025-08-01 01:01:09.102314"
  },
  "6b21f9000b784e558d19523640cdd57045005c.jpeg": {
    "app_sintetizada": "6B21F9000B784E558D19523640CDD57045005C.JPEG",
    "cantidad_archivos": 1,
    "archivos_fuente": [
      "Pictures/Fototeca de Fotos.photoslibrary/resources/derivatives/masters/6/6B21F900-0B78-4E55-8D19-523640CDD570_4_5005_c.jpeg"
    ],
    "ultima_modificacion": "2025-08-01 01:01:09.102682"
  }
}