{
  "d9a7c77cad314b10961d548a2ab2d7de45005c.jpeg": {
    "app_sintetizada": "D9A7C77CAD314B10961D548A2AB2D7DE45005C.JPEG",
    "cantidad_archivos": 1,
    "archivos_fuente": [
      "Pictures/Fototeca de Fotos.photoslibrary/resources/derivatives/masters/D/D9A7C77C-AD31-4B10-961D-548A2AB2D7DE_4_5005_c.jpeg"
    ],
    "ultima_modificacion": "2025-08-01 01:01:14.566408"
  },
  "db254221ac404b43a6a1dc7b55a4f8bb45005c.jpeg": {
    "app_sintetizada": "DB254221AC404B43A6A1DC7B55A4F8BB45005C.JPEG",
    "cantidad_archivos": 1,
    "archivos_fuente": [
      "Pictures/Fototeca de Fotos.photoslibrary/resources/derivatives/masters/D/DB254221-AC40-4B43-A6A1-DC7B55A4F8BB_4_5005_c.jpeg"
    ],
    "ultima_modificacion": "2025-08-01 01:01:14.566735"
  },
  "de772081c9a841eab2de3e0dc4d169ab45005c.jpeg": {
    "app_sintetizada": "DE772081C9A841EAB2DE3E0DC4D169AB45005C.JPEG",
    "cantidad_archivos": 1,
    "archivos_fuente": [
      "Pictures/Fototeca de Fotos.photoslibrary/resources/derivatives/masters/D/DE772081-C9A8-41EA-B2DE-3E0DC4D169AB_4_5005_c.jpeg"
    ],
    "ultima_modificacion": "2025-08-01 01:01:14.567093"
  },
  "d4cc1c432e504e59b666c2402e1f105b45005c.jpeg": {
    "app_sintetizada": "D4CC1C432E504E59B666C2402E1F105B45005C.JPEG",
    "cantidad_archivos": 1,
    "archivos_fuente": [
      "Pictures/Fototeca de Fotos.photoslibrary/resources/derivatives/masters/D/D4CC1C43-2E50-4E59-B666-C2402E1F105B_4_5005_c.jpeg"
    ],
    "ultima_modificacion": "2025-08-01 01:01:14.567639"
  },
  "dda119cabfdb41919fb0b0b03ed9438445005c.jpeg": {
    "app_sintetizada": "DDA119CABFDB41919FB0B0B03ED9438445005C.JPEG",
    "cantidad_archivos": 1,
    "archivos_fuente": [
      "Pictures/Fototeca de Fotos.photoslibrary/resources/derivatives/masters/D/DDA119CA-BFDB-4191-9FB0-B0B03ED94384_4_5005_c.jpeg"
    ],
    "ultima_modificacion": "2025-08-01 01:01:14.568101"
  },
  "d6e0489e4d3d4582afd74a6ce3bafd9445005c.jpeg": {
    "app_sintetizada": "D6E0489E4D3D4582AFD74A6CE3BAFD9445005C.JPEG",
    "cantidad_archivos": 1,
    "archivos_fuente": [
      "Pictures/Fototeca de Fotos.photoslibrary/resources/derivatives/masters/D/D6E0489E-4D3D-4582-AFD7-4A6CE3BAFD94_4_5005_c.jpeg"
    ],
    "ultima_modificacion": "2025-08-01 01:01:14.568359"
  },
  "d383477b6fc94bb698dec34353c108f945005c.jpeg": {
    "app_sintetizada": "D383477B6FC94BB698DEC34353C108F945005C.JPEG",
    "cantidad_archivos": 1,
    "archivos_fuente": [
      "Pictures/Fototeca de Fotos.photoslibrary/resources/derivatives/masters/D/D383477B-6FC9-4BB6-98DE-C34353C108F9_4_5005_c.jpeg"
    ],
    "ultima_modificacion": "2025-08-01 01:01:14.568693"
  },
  "d1cd926659a64034ad2f0d45acda7bfb45005c.jpeg": {
    "app_sintetizada": "D1CD926659A64034AD2F0D45ACDA7BFB45005C.JPEG",
    "cantidad_archivos": 1,
    "archivos_fuente": [
      "Pictures/Fototeca de Fotos.photoslibrary/resources/derivatives/masters/D/D1CD9266-59A6-4034-AD2F-0D45ACDA7BFB_4_5005_c.jpeg"
    ],
    "ultima_modificacion": "2025-08-01 01:01:14.569402"
  },
  "d80d2aeae60248fea605ce3fb893549545005c.jpeg": {
    "app_sintetizada": "D80D2AEAE60248FEA605CE3FB893549545005C.JPEG",
    "cantidad_archivos": 1,
    "archivos_fuente": [
      "Pictures/Fototeca de Fotos.photoslibrary/resources/derivatives/masters/D/D80D2AEA-E602-48FE-A605-CE3FB8935495_4_5005_c.jpeg"
    ],
    "ultima_modificacion": "2025-08-01 01:01:14.569790"
  },
  "d36e8aeeafcc4ea5a0332502db04a33a45005c.jpeg": {
    "app_sintetizada": "D36E8AEEAFCC4EA5A0332502DB04A33A45005C.JPEG",
    "cantidad_archivos": 1,
    "archivos_fuente": [
      "Pictures/Fototeca de Fotos.photoslibrary/resources/derivatives/masters/D/D36E8AEE-AFCC-4EA5-A033-2502DB04A33A_4_5005_c.jpeg"
    ],
    "ultima_modificacion": "2025-08-01 01:01:14.570086"
  },
  "d7e947dc33c94b6d9294b48040f05b7645005c.jpeg": {
    "app_sintetizada": "D7E947DC33C94B6D9294B48040F05B7645005C.JPEG",
    "cantidad_archivos": 1,
    "archivos_fuente": [
      "Pictures/Fototeca de Fotos.photoslibrary/resources/derivatives/masters/D/D7E947DC-33C9-4B6D-9294-B48040F05B76_4_5005_c.jpeg"
    ],
    "ultima_modificacion": "2025-08-01 01:01:14.570369"
  },
  "d679b631d1a14732bd8b1b7f6b122bf345005c.jpeg": {
    "app_sintetizada": "D679B631D1A14732BD8B1B7F6B122BF345005C.JPEG",
    "cantidad_archivos": 1,
    "archivos_fuente": [
      "Pictures/Fototeca de Fotos.photoslibrary/resources/derivatives/masters/D/D679B631-D1A1-4732-BD8B-1B7F6B122BF3_4_5005_c.jpeg"
    ],
    "ultima_modificacion": "2025-08-01 01:01:14.571041"
  },
  "d7493fa8e98848d3ad5bffe30a9515e645005c.jpeg": {
    "app_sintetizada": "D7493FA8E98848D3AD5BFFE30A9515E645005C.JPEG",
    "cantidad_archivos": 1,
    "archivos_fuente": [
      "Pictures/Fototeca de Fotos.photoslibrary/resources/derivatives/masters/D/D7493FA8-E988-48D3-AD5B-FFE30A9515E6_4_5005_c.jpeg"
    ],
    "ultima_modificacion": "2025-08-01 01:01:14.571999"
  },
  "d0234945b9db471daf7a860056c71e1445005c.jpeg": {
    "app_sintetizada": "D0234945B9DB471DAF7A860056C71E1445005C.JPEG",
    "cantidad_archivos": 1,
    "archivos_fuente": [
      "Pictures/Fototeca de Fotos.photoslibrary/resources/derivatives/masters/D/D0234945-B9DB-471D-AF7A-860056C71E14_4_5005_c.jpeg"
    ],
    "ultima_modificacion": "2025-08-01 01:01:14.572412"
  },
  "d381f8d2026848e6a0ca6aff0a00601a45005c.jpeg": {
    "app_sintetizada": "D381F8D2026848E6A0CA6AFF0A00601A45005C.JPEG",
    "cantidad_archivos": 1,
    "archivos_fuente": [
      "Pictures/Fototeca de Fotos.photoslibrary/resources/derivatives/masters/D/D381F8D2-0268-48E6-A0CA-6AFF0A00601A_4_5005_c.jpeg"
    ],
    "ultima_modificacion": "2025-08-01 01:01:14.572867"
  },
  "da099661465a4c528cb81ab14c7e537a45005c.jpeg": {
    "app_sintetizada": "DA099661465A4C528CB81AB14C7E537A45005C.JPEG",
    "cantidad_archivos": 1,
    "archivos_fuente": [
      "Pictures/Fototeca de Fotos.photoslibrary/resources/derivatives/masters/D/DA099661-465A-4C52-8CB8-1AB14C7E537A_4_5005_c.jpeg"
    ],
    "ultima_modificacion": "2025-08-01 01:01:14.573293"
  },
  "d24d6e9d5ff8405e9ef08e9654e2b27145005c.jpeg": {
    "app_sintetizada": "D24D6E9D5FF8405E9EF08E9654E2B27145005C.JPEG",
    "cantidad_archivos": 1,
    "archivos_fuente": [
      "Pictures/Fototeca de Fotos.photoslibrary/resources/derivatives/masters/D/D24D6E9D-5FF8-405E-9EF0-8E9654E2B271_4_5005_c.jpeg"
    ],
    "ultima_modificacion": "2025-08-01 01:01:14.573729"
  },
  "d679918a388d41ceafd7f8deba1ad8d145005c.jpeg": {
    "app_sintetizada": "D679918A388D41CEAFD7F8DEBA1AD8D145005C.JPEG",
    "cantidad_archivos": 1,
    "archivos_fuente": [
      "Pictures/Fototeca de Fotos.photoslibrary/resources/derivatives/masters/D/D679918A-388D-41CE-AFD7-F8DEBA1AD8D1_4_5005_c.jpeg"
    ],
    "ultima_modificacion": "2025-08-01 01:01:14.574734"
  },
  "d27c8f93cb4243e88afabdf4afff62d345005c.jpeg": {
    "app_sintetizada": "D27C8F93CB4243E88AFABDF4AFFF62D345005C.JPEG",
    "cantidad_archivos": 1,
    "archivos_fuente": [
      "Pictures/Fototeca de Fotos.photoslibrary/resources/derivatives/masters/D/D27C8F93-CB42-43E8-8AFA-BDF4AFFF62D3_4_5005_c.jpeg"
    ],
    "ultima_modificacion": "2025-08-01 01:01:14.575000"
  },
  "d0ed06f50fba4257b456db57ca190aa045005c.jpeg": {
    "app_sintetizada": "D0ED06F50FBA4257B456DB57CA190AA045005C.JPEG",
    "cantidad_archivos": 1,
    "archivos_fuente": [
      "Pictures/Fototeca de Fotos.photoslibrary/resources/derivatives/masters/D/D0ED06F5-0FBA-4257-B456-DB57CA190AA0_4_5005_c.jpeg"
    ],
    "ultima_modificacion": "2025-08-01 01:01:14.576632"
  },
  "d5624f6302b74a25af61132a21a7019545005c.jpeg": {
    "app_sintetizada": "D5624F6302B74A25AF61132A21A7019545005C.JPEG",
    "cantidad_archivos": 1,
    "archivos_fuente": [
      "Pictures/Fototeca de Fotos.photoslibrary/resources/derivatives/masters/D/D5624F63-02B7-4A25-AF61-132A21A70195_4_5005_c.jpeg"
    ],
    "ultima_modificacion": "2025-08-01 01:01:14.576915"
  },
  "d77d1ccbc25a454f95590d9366d6cf2845005c.jpeg": {
    "app_sintetizada": "D77D1CCBC25A454F95590D9366D6CF2845005C.JPEG",
    "cantidad_archivos": 1,
    "archivos_fuente": [
      "Pictures/Fototeca de Fotos.photoslibrary/resources/derivatives/masters/D/D77D1CCB-C25A-454F-9559-0D9366D6CF28_4_5005_c.jpeg"
    ],
    "ultima_modificacion": "2025-08-01 01:01:14.579134"
  },
  "d0ad9a5995014454b2feb14aaee20e0445005c.jpeg": {
    "app_sintetizada": "D0AD9A5995014454B2FEB14AAEE20E0445005C.JPEG",
    "cantidad_archivos": 1,
    "archivos_fuente": [
      "Pictures/Fototeca de Fotos.photoslibrary/resources/derivatives/masters/D/D0AD9A59-9501-4454-B2FE-B14AAEE20E04_4_5005_c.jpeg"
    ],
    "ultima_modificacion": "2025-08-01 01:01:14.579412"
  },
  "dde5890c4d384d71852ba402a6a246d845005c.jpeg": {
    "app_sintetizada": "DDE5890C4D384D71852BA402A6A246D845005C.JPEG",
    "cantidad_archivos": 1,
    "archivos_fuente": [
      "Pictures/Fototeca de Fotos.photoslibrary/resources/derivatives/masters/D/DDE5890C-4D38-4D71-852B-A402A6A246D8_4_5005_c.jpeg"
    ],
    "ultima_modificacion": "2025-08-01 01:01:14.580862"
  },
  "d86d67f9ff51442582d2b57ff4220a0d45005c.jpeg": {
    "app_sintetizada": "D86D67F9FF51442582D2B57FF4220A0D45005C.JPEG",
    "cantidad_archivos": 1,
    "archivos_fuente": [
      "Pictures/Fototeca de Fotos.photoslibrary/resources/derivatives/masters/D/D86D67F9-FF51-4425-82D2-B57FF4220A0D_4_5005_c.jpeg"
    ],
    "ultima_modificacion": "2025-08-01 01:01:14.581349"
  },
  "dea37cc209534bf1818c94c817b4218245005c.jpeg": {
    "app_sintetizada": "DEA37CC209534BF1818C94C817B4218245005C.JPEG",
    "cantidad_archivos": 1,
    "archivos_fuente": [
      "Pictures/Fototeca de Fotos.photoslibrary/resources/derivatives/masters/D/DEA37CC2-0953-4BF1-818C-94C817B42182_4_5005_c.jpeg"
    ],
    "ultima_modificacion": "2025-08-01 01:01:14.581737"
  },
  "d26717ce51d04e169f0f929de030aa8745005c.jpeg": {
    "app_sintetizada": "D26717CE51D04E169F0F929DE030AA8745005C.JPEG",
    "cantidad_archivos": 1,
    "archivos_fuente": [
      "Pictures/Fototeca de Fotos.photoslibrary/resources/derivatives/masters/D/D26717CE-51D0-4E16-9F0F-929DE030AA87_4_5005_c.jpeg"
    ],
    "ultima_modificacion": "2025-08-01 01:01:14.582023"
  },
  "d4f97d84b9b542b1809b63631be323cf45005c.jpeg": {
    "app_sintetizada": "D4F97D84B9B542B1809B63631BE323CF45005C.JPEG",
    "cantidad_archivos": 1,
    "archivos_fuente": [
      "Pictures/Fototeca de Fotos.photoslibrary/resources/derivatives/masters/D/D4F97D84-B9B5-42B1-809B-63631BE323CF_4_5005_c.jpeg"
    ],
    "ultima_modificacion": "2025-08-01 01:01:14.582299"
  },
  "dba9299699c142329a2c2055c99eb9c245005c.jpeg": {
    "app_sintetizada": "DBA9299699C142329A2C2055C99EB9C245005C.JPEG",
    "cantidad_archivos": 1,
    "archivos_fuente": [
      "Pictures/Fototeca de Fotos.photoslibrary/resources/derivatives/masters/D/DBA92996-99C1-4232-9A2C-2055C99EB9C2_4_5005_c.jpeg"
    ],
    "ultima_modificacion": "2025-08-01 01:01:14.582545"
  },
  "df9186f45a1c45d0aeaa1b5523f105bb45005c.jpeg": {
    "app_sintetizada": "DF9186F45A1C45D0AEAA1B5523F105BB45005C.JPEG",
    "cantidad_archivos": 1,
    "archivos_fuente": [
      "Pictures/Fototeca de Fotos.photoslibrary/resources/derivatives/masters/D/DF9186F4-5A1C-45D0-AEAA-1B5523F105BB_4_5005_c.jpeg"
    ],
    "ultima_modificacion": "2025-08-01 01:01:14.582807"
  },
  "d7eb1c21dc63461ebf99ac42ef61fb9145005c.jpeg": {
    "app_sintetizada": "D7EB1C21DC63461EBF99AC42EF61FB9145005C.JPEG",
    "cantidad_archivos": 1,
    "archivos_fuente": [
      "Pictures/Fototeca de Fotos.photoslibrary/resources/derivatives/masters/D/D7EB1C21-DC63-461E-BF99-AC42EF61FB91_4_5005_c.jpeg"
    ],
    "ultima_modificacion": "2025-08-01 01:01:14.583061"
  },
  "da604bd28d9c4cdc970aff5843d1e09745005c.jpeg": {
    "app_sintetizada": "DA604BD28D9C4CDC970AFF5843D1E09745005C.JPEG",
    "cantidad_archivos": 1,
    "archivos_fuente": [
      "Pictures/Fototeca de Fotos.photoslibrary/resources/derivatives/masters/D/DA604BD2-8D9C-4CDC-970A-FF5843D1E097_4_5005_c.jpeg"
    ],
    "ultima_modificacion": "2025-08-01 01:01:14.583379"
  },
  "d7ee9cc008124959a4cefd8e5421ccbc45005c.jpeg": {
    "app_sintetizada": "D7EE9CC008124959A4CEFD8E5421CCBC45005C.JPEG",
    "cantidad_archivos": 1,
    "archivos_fuente": [
      "Pictures/Fototeca de Fotos.photoslibrary/resources/derivatives/masters/D/D7EE9CC0-0812-4959-A4CE-FD8E5421CCBC_4_5005_c.jpeg"
    ],
    "ultima_modificacion": "2025-08-01 01:01:14.583630"
  },
  "dddef2957d094593820bc0acfbb6585845005c.jpeg": {
    "app_sintetizada": "DDDEF2957D094593820BC0ACFBB6585845005C.JPEG",
    "cantidad_archivos": 1,
    "archivos_fuente": [
      "Pictures/Fototeca de Fotos.photoslibrary/resources/derivatives/masters/D/DDDEF295-7D09-4593-820B-C0ACFBB65858_4_5005_c.jpeg"
    ],
    "ultima_modificacion": "2025-08-01 01:01:14.583967"
  },
  "d44e52943951401aa3d4989bf630c71c45005c.jpeg": {
    "app_sintetizada": "D44E52943951401AA3D4989BF630C71C45005C.JPEG",
    "cantidad_archivos": 1,
    "archivos_fuente": [
      "Pictures/Fototeca de Fotos.photoslibrary/resources/derivatives/masters/D/D44E5294-3951-401A-A3D4-989BF630C71C_4_5005_c.jpeg"
    ],
    "ultima_modificacion": "2025-08-01 01:01:14.584228"
  },
  "d3efcdd3725a4c8bb7afb4a5b86bdbba45005c.jpeg": {
    "app_sintetizada": "D3EFCDD3725A4C8BB7AFB4A5B86BDBBA45005C.JPEG",
    "cantidad_archivos": 1,
    "archivos_fuente": [
      "Pictures/Fototeca de Fotos.photoslibrary/resources/derivatives/masters/D/D3EFCDD3-725A-4C8B-B7AF-B4A5B86BDBBA_4_5005_c.jpeg"
    ],
    "ultima_modificacion": "2025-08-01 01:01:14.584571"
  },
  "d40eaa6dfcab4526bfa5c2a5f82abdd945005c.jpeg": {
    "app_sintetizada": "D40EAA6DFCAB4526BFA5C2A5F82ABDD945005C.JPEG",
    "cantidad_archivos": 1,
    "archivos_fuente": [
      "Pictures/Fototeca de Fotos.photoslibrary/resources/derivatives/masters/D/D40EAA6D-FCAB-4526-BFA5-C2A5F82ABDD9_4_5005_c.jpeg"
    ],
    "ultima_modificacion": "2025-08-01 01:01:14.584916"
  },
  "dfcf2d3abe7848eeb8b222d758730dc445005c.jpeg": {
    "app_sintetizada": "DFCF2D3ABE7848EEB8B222D758730DC445005C.JPEG",
    "cantidad_archivos": 1,
    "archivos_fuente": [
      "Pictures/Fototeca de Fotos.photoslibrary/resources/derivatives/masters/D/DFCF2D3A-BE78-48EE-B8B2-22D758730DC4_4_5005_c.jpeg"
    ],
    "ultima_modificacion": "2025-08-01 01:01:14.585240"
  },
  "dbc62ad6ced9468eaa939d456f49a7a545005c.jpeg": {
    "app_sintetizada": "DBC62AD6CED9468EAA939D456F49A7A545005C.JPEG",
    "cantidad_archivos": 1,
    "archivos_fuente": [
      "Pictures/Fototeca de Fotos.photoslibrary/resources/derivatives/masters/D/DBC62AD6-CED9-468E-AA93-9D456F49A7A5_4_5005_c.jpeg"
    ],
    "ultima_modificacion": "2025-08-01 01:01:14.585489"
  },
  "dbd3ca08839a48debeb2f84eb18a27ba45005c.jpeg": {
    "app_sintetizada": "DBD3CA08839A48DEBEB2F84EB18A27BA45005C.JPEG",
    "cantidad_archivos": 1,
    "archivos_fuente": [
      "Pictures/Fototeca de Fotos.photoslibrary/resources/derivatives/masters/D/DBD3CA08-839A-48DE-BEB2-F84EB18A27BA_4_5005_c.jpeg"
    ],
    "ultima_modificacion": "2025-08-01 01:01:14.585736"
  },
  "db1e1d30306c4430ae59ac76b4c4494345005c.jpeg": {
    "app_sintetizada": "DB1E1D30306C4430AE59AC76B4C4494345005C.JPEG",
    "cantidad_archivos": 1,
    "archivos_fuente": [
      "Pictures/Fototeca de Fotos.photoslibrary/resources/derivatives/masters/D/DB1E1D30-306C-4430-AE59-AC76B4C44943_4_5005_c.jpeg"
    ],
    "ultima_modificacion": "2025-08-01 01:01:14.586018"
  },
  "d1856843d9aa47c3a9b2f218897f1fc045005c.jpeg": {
    "app_sintetizada": "D1856843D9AA47C3A9B2F218897F1FC045005C.JPEG",
    "cantidad_archivos": 1,
    "archivos_fuente": [
      "Pictures/Fototeca de Fotos.photoslibrary/resources/derivatives/masters/D/D1856843-D9AA-47C3-A9B2-F218897F1FC0_4_5005_c.jpeg"
    ],
    "ultima_modificacion": "2025-08-01 01:01:14.586338"
  },
  "dd1ec684fa3546f19fb9294c2000f09245005c.jpeg": {
    "app_sintetizada": "DD1EC684FA3546F19FB9294C2000F09245005C.JPEG",
    "cantidad_archivos": 1,
    "archivos_fuente": [
      "Pictures/Fototeca de Fotos.photoslibrary/resources/derivatives/masters/D/DD1EC684-FA35-46F1-9FB9-294C2000F092_4_5005_c.jpeg"
    ],
    "ultima_modificacion": "2025-08-01 01:01:14.586632"
  },
  "d9d7b27d665c4bb39fbb74c09608c5e845005c.jpeg": {
    "app_sintetizada": "D9D7B27D665C4BB39FBB74C09608C5E845005C.JPEG",
    "cantidad_archivos": 1,
    "archivos_fuente": [
      "Pictures/Fototeca de Fotos.photoslibrary/resources/derivatives/masters/D/D9D7B27D-665C-4BB3-9FBB-74C09608C5E8_4_5005_c.jpeg"
    ],
    "ultima_modificacion": "2025-08-01 01:01:14.586930"
  },
  "dc18811aeaf443a196d8244aee3542a045005c.jpeg": {
    "app_sintetizada": "DC18811AEAF443A196D8244AEE3542A045005C.JPEG",
    "cantidad_archivos": 1,
    "archivos_fuente": [
      "Pictures/Fototeca de Fotos.photoslibrary/resources/derivatives/masters/D/DC18811A-EAF4-43A1-96D8-244AEE3542A0_4_5005_c.jpeg"
    ],
    "ultima_modificacion": "2025-08-01 01:01:14.587249"
  },
  "d5ac9ff77a5f453ebe7b75eb4ff0cfb445005c.jpeg": {
    "app_sintetizada": "D5AC9FF77A5F453EBE7B75EB4FF0CFB445005C.JPEG",
    "cantidad_archivos": 1,
    "archivos_fuente": [
      "Pictures/Fototeca de Fotos.photoslibrary/resources/derivatives/masters/D/D5AC9FF7-7A5F-453E-BE7B-75EB4FF0CFB4_4_5005_c.jpeg"
    ],
    "ultima_modificacion": "2025-08-01 01:01:14.587614"
  },
  "df135d2999644e3e905d02e0dea4254145005c.jpeg": {
    "app_sintetizada": "DF135D2999644E3E905D02E0DEA4254145005C.JPEG",
    "cantidad_archivos": 1,
    "archivos_fuente": [
      "Pictures/Fototeca de Fotos.photoslibrary/resources/derivatives/masters/D/DF135D29-9964-4E3E-905D-02E0DEA42541_4_5005_c.jpeg"
    ],
    "ultima_modificacion": "2025-08-01 01:01:14.588252"
  },
  "d8d4d0aa1d764da989fdbec8de8be7e045005c.jpeg": {
    "app_sintetizada": "D8D4D0AA1D764DA989FDBEC8DE8BE7E045005C.JPEG",
    "cantidad_archivos": 1,
    "archivos_fuente": [
      "Pictures/Fototeca de Fotos.photoslibrary/resources/derivatives/masters/D/D8D4D0AA-1D76-4DA9-89FD-BEC8DE8BE7E0_4_5005_c.jpeg"
    ],
    "ultima_modificacion": "2025-08-01 01:01:14.588687"
  },
  "dafa6d638510477d9abae32c78fcaba345005c.jpeg": {
    "app_sintetizada": "DAFA6D638510477D9ABAE32C78FCABA345005C.JPEG",
    "cantidad_archivos": 1,
    "archivos_fuente": [
      "Pictures/Fototeca de Fotos.photoslibrary/resources/derivatives/masters/D/DAFA6D63-8510-477D-9ABA-E32C78FCABA3_4_5005_c.jpeg"
    ],
    "ultima_modificacion": "2025-08-01 01:01:14.589081"
  },
  "d045907d19c64bcf80f8177d215740ba45005c.jpeg": {
    "app_sintetizada": "D045907D19C64BCF80F8177D215740BA45005C.JPEG",
    "cantidad_archivos": 1,
    "archivos_fuente": [
      "Pictures/Fototeca de Fotos.photoslibrary/resources/derivatives/masters/D/D045907D-19C6-4BCF-80F8-177D215740BA_4_5005_c.jpeg"
    ],
    "ultima_modificacion": "2025-08-01 01:01:14.589434"
  },
  "d52c5416a7a64072bb87e5aade4a41ce45005c.jpeg": {
    "app_sintetizada": "D52C5416A7A64072BB87E5AADE4A41CE45005C.JPEG",
    "cantidad_archivos": 1,
    "archivos_fuente": [
      "Pictures/Fototeca de Fotos.photoslibrary/resources/derivatives/masters/D/D52C5416-A7A6-4072-BB87-E5AADE4A41CE_4_5005_c.jpeg"
    ],
    "ultima_modificacion": "2025-08-01 01:01:14.589829"
  },
  "d025e0d1c59049c9b59f7e2989096bc445005c.jpeg": {
    "app_sintetizada": "D025E0D1C59049C9B59F7E2989096BC445005C.JPEG",
    "cantidad_archivos": 1,
    "archivos_fuente": [
      "Pictures/Fototeca de Fotos.photoslibrary/resources/derivatives/masters/D/D025E0D1-C590-49C9-B59F-7E2989096BC4_4_5005_c.jpeg"
    ],
    "ultima_modificacion": "2025-08-01 01:01:14.590232"
  },
  "d95ae85eb61a4610ad0c05ee656aee3745005c.jpeg": {
    "app_sintetizada": "D95AE85EB61A4610AD0C05EE656AEE3745005C.JPEG",
    "cantidad_archivos": 1,
    "archivos_fuente": [
      "Pictures/Fototeca de Fotos.photoslibrary/resources/derivatives/masters/D/D95AE85E-B61A-4610-AD0C-05EE656AEE37_4_5005_c.jpeg"
    ],
    "ultima_modificacion": "2025-08-01 01:01:14.590562"
  },
  "d5699bd2c8844bf2a207606fbc81312e45005c.jpeg": {
    "app_sintetizada": "D5699BD2C8844BF2A207606FBC81312E45005C.JPEG",
    "cantidad_archivos": 1,
    "archivos_fuente": [
      "Pictures/Fototeca de Fotos.photoslibrary/resources/derivatives/masters/D/D5699BD2-C884-4BF2-A207-606FBC81312E_4_5005_c.jpeg"
    ],
    "ultima_modificacion": "2025-08-01 01:01:14.590925"
  },
  "dc78d8023b454944995fbfbea6c502be45005c.jpeg": {
    "app_sintetizada": "DC78D8023B454944995FBFBEA6C502BE45005C.JPEG",
    "cantidad_archivos": 1,
    "archivos_fuente": [
      "Pictures/Fototeca de Fotos.photoslibrary/resources/derivatives/masters/D/DC78D802-3B45-4944-995F-BFBEA6C502BE_4_5005_c.jpeg"
    ],
    "ultima_modificacion": "2025-08-01 01:01:14.591290"
  },
  "dd1e181fe1284ac98d974994eed9d74045005c.jpeg": {
    "app_sintetizada": "DD1E181FE1284AC98D974994EED9D74045005C.JPEG",
    "cantidad_archivos": 1,
    "archivos_fuente": [
      "Pictures/Fototeca de Fotos.photoslibrary/resources/derivatives/masters/D/DD1E181F-E128-4AC9-8D97-4994EED9D740_4_5005_c.jpeg"
    ],
    "ultima_modificacion": "2025-08-01 01:01:14.591607"
  },
  "de16d1ede3534c548bae2d2c3ef5d1f445005c.jpeg": {
    "app_sintetizada": "DE16D1EDE3534C548BAE2D2C3EF5D1F445005C.JPEG",
    "cantidad_archivos": 1,
    "archivos_fuente": [
      "Pictures/Fototeca de Fotos.photoslibrary/resources/derivatives/masters/D/DE16D1ED-E353-4C54-8BAE-2D2C3EF5D1F4_4_5005_c.jpeg"
    ],
    "ultima_modificacion": "2025-08-01 01:01:14.591910"
  },
  "dadd53e86aeb4dafb7ca9889e68c5da845005c.jpeg": {
    "app_sintetizada": "DADD53E86AEB4DAFB7CA9889E68C5DA845005C.JPEG",
    "cantidad_archivos": 1,
    "archivos_fuente": [
      "Pictures/Fototeca de Fotos.photoslibrary/resources/derivatives/masters/D/DADD53E8-6AEB-4DAF-B7CA-9889E68C5DA8_4_5005_c.jpeg"
    ],
    "ultima_modificacion": "2025-08-01 01:01:14.592219"
  },
  "db1d38ad95c749969da6a6873e58b2c145005c.jpeg": {
    "app_sintetizada": "DB1D38AD95C749969DA6A6873E58B2C145005C.JPEG",
    "cantidad_archivos": 1,
    "archivos_fuente": [
      "Pictures/Fototeca de Fotos.photoslibrary/resources/derivatives/masters/D/DB1D38AD-95C7-4996-9DA6-A6873E58B2C1_4_5005_c.jpeg"
    ],
    "ultima_modificacion": "2025-08-01 01:01:14.592531"
  },
  "d5d771febda8494995a8aaa0148b38cb45005c.jpeg": {
    "app_sintetizada": "D5D771FEBDA8494995A8AAA0148B38CB45005C.JPEG",
    "cantidad_archivos": 1,
    "archivos_fuente": [
      "Pictures/Fototeca de Fotos.photoslibrary/resources/derivatives/masters/D/D5D771FE-BDA8-4949-95A8-AAA0148B38CB_4_5005_c.jpeg"
    ],
    "ultima_modificacion": "2025-08-01 01:01:14.592843"
  },
  "d95eac16943940398b6c1f708124099645005c.jpeg": {
    "app_sintetizada": "D95EAC16943940398B6C1F708124099645005C.JPEG",
    "cantidad_archivos": 1,
    "archivos_fuente": [
      "Pictures/Fototeca de Fotos.photoslibrary/resources/derivatives/masters/D/D95EAC16-9439-4039-8B6C-1F7081240996_4_5005_c.jpeg"
    ],
    "ultima_modificacion": "2025-08-01 01:01:14.593793"
  },
  "d1720724543a40db9f0cddcf0bc50b7a45005c.jpeg": {
    "app_sintetizada": "D1720724543A40DB9F0CDDCF0BC50B7A45005C.JPEG",
    "cantidad_archivos": 1,
    "archivos_fuente": [
      "Pictures/Fototeca de Fotos.photoslibrary/resources/derivatives/masters/D/D1720724-543A-40DB-9F0C-DDCF0BC50B7A_4_5005_c.jpeg"
    ],
    "ultima_modificacion": "2025-08-01 01:01:14.594100"
  },
  "d9121b9c60f44835892da69e846ed05745005c.jpeg": {
    "app_sintetizada": "D9121B9C60F44835892DA69E846ED05745005C.JPEG",
    "cantidad_archivos": 1,
    "archivos_fuente": [
      "Pictures/Fototeca de Fotos.photoslibrary/resources/derivatives/masters/D/D9121B9C-60F4-4835-892D-A69E846ED057_4_5005_c.jpeg"
    ],
    "ultima_modificacion": "2025-08-01 01:01:14.594417"
  },
  "d18a7e15a6c1492f91ff233498bb36b045005c.jpeg": {
    "app_sintetizada": "D18A7E15A6C1492F91FF233498BB36B045005C.JPEG",
    "cantidad_archivos": 1,
    "archivos_fuente": [
      "Pictures/Fototeca de Fotos.photoslibrary/resources/derivatives/masters/D/D18A7E15-A6C1-492F-91FF-233498BB36B0_4_5005_c.jpeg"
    ],
    "ultima_modificacion": "2025-08-01 01:01:14.594738"
  },
  "da88bc997d8d4ce09bfb4cf297b4e3ca45005c.jpeg": {
    "app_sintetizada": "DA88BC997D8D4CE09BFB4CF297B4E3CA45005C.JPEG",
    "cantidad_archivos": 1,
    "archivos_fuente": [
      "Pictures/Fototeca de Fotos.photoslibrary/resources/derivatives/masters/D/DA88BC99-7D8D-4CE0-9BFB-4CF297B4E3CA_4_5005_c.jpeg"
    ],
    "ultima_modificacion": "2025-08-01 01:01:14.595068"
  },
  "d6277fa26ce04c9d80e6abf84f1ad96845005c.jpeg": {
    "app_sintetizada": "D6277FA26CE04C9D80E6ABF84F1AD96845005C.JPEG",
    "cantidad_archivos": 1,
    "archivos_fuente": [
      "Pictures/Fototeca de Fotos.photoslibrary/resources/derivatives/masters/D/D6277FA2-6CE0-4C9D-80E6-ABF84F1AD968_4_5005_c.jpeg"
    ],
    "ultima_modificacion": "2025-08-01 01:01:14.595354"
  },
  "d14cf027837b48d3bf3cef29db24693f45005c.jpeg": {
    "app_sintetizada": "D14CF027837B48D3BF3CEF29DB24693F45005C.JPEG",
    "cantidad_archivos": 1,
    "archivos_fuente": [
      "Pictures/Fototeca de Fotos.photoslibrary/resources/derivatives/masters/D/D14CF027-837B-48D3-BF3C-EF29DB24693F_4_5005_c.jpeg"
    ],
    "ultima_modificacion": "2025-08-01 01:01:14.595680"
  },
  "d5d7a4841d1e4e878ea19a177c1e176945005c.jpeg": {
    "app_sintetizada": "D5D7A4841D1E4E878EA19A177C1E176945005C.JPEG",
    "cantidad_archivos": 1,
    "archivos_fuente": [
      "Pictures/Fototeca de Fotos.photoslibrary/resources/derivatives/masters/D/D5D7A484-1D1E-4E87-8EA1-9A177C1E1769_4_5005_c.jpeg"
    ],
    "ultima_modificacion": "2025-08-01 01:01:14.595996"
  },
  "da41b14b490847c78bb02549609c0e7545005c.jpeg": {
    "app_sintetizada": "DA41B14B490847C78BB02549609C0E7545005C.JPEG",
    "cantidad_archivos": 1,
    "archivos_fuente": [
      "Pictures/Fototeca de Fotos.photoslibrary/resources/derivatives/masters/D/DA41B14B-4908-47C7-8BB0-2549609C0E75_4_5005_c.jpeg"
    ],
    "ultima_modificacion": "2025-08-01 01:01:14.596300"
  },
  "d71add4765ba45c398c21fa911a0bb0545005c.jpeg": {
    "app_sintetizada": "D71ADD4765BA45C398C21FA911A0BB0545005C.JPEG",
    "cantidad_archivos": 1,
    "archivos_fuente": [
      "Pictures/Fototeca de Fotos.photoslibrary/resources/derivatives/masters/D/D71ADD47-65BA-45C3-98C2-1FA911A0BB05_4_5005_c.jpeg"
    ],
    "ultima_modificacion": "2025-08-01 01:01:14.596605"
  },
  "d40b7a1b3f19408d9b6b7e57adfe829045005c.jpeg": {
    "app_sintetizada": "D40B7A1B3F19408D9B6B7E57ADFE829045005C.JPEG",
    "cantidad_archivos": 1,
    "archivos_fuente": [
      "Pictures/Fototeca de Fotos.photoslibrary/resources/derivatives/masters/D/D40B7A1B-3F19-408D-9B6B-7E57ADFE8290_4_5005_c.jpeg"
    ],
    "ultima_modificacion": "2025-08-01 01:01:14.596915"
  },
  "d2cf52d3b9fa4c0281ec5473ce7556fa45005c.jpeg": {
    "app_sintetizada": "D2CF52D3B9FA4C0281EC5473CE7556FA45005C.JPEG",
    "cantidad_archivos": 1,
    "archivos_fuente": [
      "Pictures/Fototeca de Fotos.photoslibrary/resources/derivatives/masters/D/D2CF52D3-B9FA-4C02-81EC-5473CE7556FA_4_5005_c.jpeg"
    ],
    "ultima_modificacion": "2025-08-01 01:01:14.597254"
  },
  "d4b1010b56ca4007a06b338c18da467c45005c.jpeg": {
    "app_sintetizada": "D4B1010B56CA4007A06B338C18DA467C45005C.JPEG",
    "cantidad_archivos": 1,
    "archivos_fuente": [
      "Pictures/Fototeca de Fotos.photoslibrary/resources/derivatives/masters/D/D4B1010B-56CA-4007-A06B-338C18DA467C_4_5005_c.jpeg"
    ],
    "ultima_modificacion": "2025-08-01 01:01:14.597606"
  },
  "d595bf3ced7e425a9de38da43e12e60a45005c.jpeg": {
    "app_sintetizada": "D595BF3CED7E425A9DE38DA43E12E60A45005C.JPEG",
    "cantidad_archivos": 1,
    "archivos_fuente": [
      "Pictures/Fototeca de Fotos.photoslibrary/resources/derivatives/masters/D/D595BF3C-ED7E-425A-9DE3-8DA43E12E60A_4_5005_c.jpeg"
    ],
    "ultima_modificacion": "2025-08-01 01:01:14.597930"
  },
  "d048c49efab34f6ca9f4441fcff6d5a345005c.jpeg": {
    "app_sintetizada": "D048C49EFAB34F6CA9F4441FCFF6D5A345005C.JPEG",
    "cantidad_archivos": 1,
    "archivos_fuente": [
      "Pictures/Fototeca de Fotos.photoslibrary/resources/derivatives/masters/D/D048C49E-FAB3-4F6C-A9F4-441FCFF6D5A3_4_5005_c.jpeg"
    ],
    "ultima_modificacion": "2025-08-01 01:01:14.598322"
  },
  "d7a0cf9c371d47d4a136816340ea9fa445005c.jpeg": {
    "app_sintetizada": "D7A0CF9C371D47D4A136816340EA9FA445005C.JPEG",
    "cantidad_archivos": 1,
    "archivos_fuente": [
      "Pictures/Fototeca de Fotos.photoslibrary/resources/derivatives/masters/D/D7A0CF9C-371D-47D4-A136-816340EA9FA4_4_5005_c.jpeg"
    ],
    "ultima_modificacion": "2025-08-01 01:01:14.598783"
  },
  "deb265992ae44cc3a8350da896d57b9d45005c.jpeg": {
    "app_sintetizada": "DEB265992AE44CC3A8350DA896D57B9D45005C.JPEG",
    "cantidad_archivos": 1,
    "archivos_fuente": [
      "Pictures/Fototeca de Fotos.photoslibrary/resources/derivatives/masters/D/DEB26599-2AE4-4CC3-A835-0DA896D57B9D_4_5005_c.jpeg"
    ],
    "ultima_modificacion": "2025-08-01 01:01:14.599222"
  },
  "df2c67844d72457b8621dfd72708455f45005c.jpeg": {
    "app_sintetizada": "DF2C67844D72457B8621DFD72708455F45005C.JPEG",
    "cantidad_archivos": 1,
    "archivos_fuente": [
      "Pictures/Fototeca de Fotos.photoslibrary/resources/derivatives/masters/D/DF2C6784-4D72-457B-8621-DFD72708455F_4_5005_c.jpeg"
    ],
    "ultima_modificacion": "2025-08-01 01:01:14.599577"
  },
  "d979101dd15946a5b1ef4a6a7c5ce0dc45005c.jpeg": {
    "app_sintetizada": "D979101DD15946A5B1EF4A6A7C5CE0DC45005C.JPEG",
    "cantidad_archivos": 1,
    "archivos_fuente": [
      "Pictures/Fototeca de Fotos.photoslibrary/resources/derivatives/masters/D/D979101D-D159-46A5-B1EF-4A6A7C5CE0DC_4_5005_c.jpeg"
    ],
    "ultima_modificacion": "2025-08-01 01:01:14.599932"
  },
  "deb7e68de40e4dd383802c8408b1caf645005c.jpeg": {
    "app_sintetizada": "DEB7E68DE40E4DD383802C8408B1CAF645005C.JPEG",
    "cantidad_archivos": 1,
    "archivos_fuente": [
      "Pictures/Fototeca de Fotos.photoslibrary/resources/derivatives/masters/D/DEB7E68D-E40E-4DD3-8380-2C8408B1CAF6_4_5005_c.jpeg"
    ],
    "ultima_modificacion": "2025-08-01 01:01:14.600805"
  },
  "dfc58396949947f484b3f1afdc84d2c745005c.jpeg": {
    "app_sintetizada": "DFC58396949947F484B3F1AFDC84D2C745005C.JPEG",
    "cantidad_archivos": 1,
    "archivos_fuente": [
      "Pictures/Fototeca de Fotos.photoslibrary/resources/derivatives/masters/D/DFC58396-9499-47F4-84B3-F1AFDC84D2C7_4_5005_c.jpeg"
    ],
    "ultima_modificacion": "2025-08-01 01:01:14.602275"
  },
  "d86123ba79234f33aec920f5483076de45005c.jpeg": {
    "app_sintetizada": "D86123BA79234F33AEC920F5483076DE45005C.JPEG",
    "cantidad_archivos": 1,
    "archivos_fuente": [
      "Pictures/Fototeca de Fotos.photoslibrary/resources/derivatives/masters/D/D86123BA-7923-4F33-AEC9-20F5483076DE_4_5005_c.jpeg"
    ],
    "ultima_modificacion": "2025-08-01 01:01:14.602740"
  },
  "d8ee46ac6d19425b98eb9c582ac7fbec45005c.jpeg": {
    "app_sintetizada": "D8EE46AC6D19425B98EB9C582AC7FBEC45005C.JPEG",
    "cantidad_archivos": 1,
    "archivos_fuente": [
      "Pictures/Fototeca de Fotos.photoslibrary/resources/derivatives/masters/D/D8EE46AC-6D19-425B-98EB-9C582AC7FBEC_4_5005_c.jpeg"
    ],
    "ultima_modificacion": "2025-08-01 01:01:14.603196"
  },
  "d289d398b8cf421985c031ead773069745005c.jpeg": {
    "app_sintetizada": "D289D398B8CF421985C031EAD773069745005C.JPEG",
    "cantidad_archivos": 1,
    "archivos_fuente": [
      "Pictures/Fototeca de Fotos.photoslibrary/resources/derivatives/masters/D/D289D398-B8CF-4219-85C0-31EAD7730697_4_5005_c.jpeg"
    ],
    "ultima_modificacion": "2025-08-01 01:01:14.603704"
  },
  "dde0539fc5f4474b9fd67bfe6cc9a4d245005c.jpeg": {
    "app_sintetizada": "DDE0539FC5F4474B9FD67BFE6CC9A4D245005C.JPEG",
    "cantidad_archivos": 1,
    "archivos_fuente": [
      "Pictures/Fototeca de Fotos.photoslibrary/resources/derivatives/masters/D/DDE0539F-C5F4-474B-9FD6-7BFE6CC9A4D2_4_5005_c.jpeg"
    ],
    "ultima_modificacion": "2025-08-01 01:01:14.604153"
  },
  "d19cc417a02940eb946fc56d62f7524e45005c.jpeg": {
    "app_sintetizada": "D19CC417A02940EB946FC56D62F7524E45005C.JPEG",
    "cantidad_archivos": 1,
    "archivos_fuente": [
      "Pictures/Fototeca de Fotos.photoslibrary/resources/derivatives/masters/D/D19CC417-A029-40EB-946F-C56D62F7524E_4_5005_c.jpeg"
    ],
    "ultima_modificacion": "2025-08-01 01:01:14.604536"
  },
  "dc61a154fae94684a44765a6ea8a009b45005c.jpeg": {
    "app_sintetizada": "DC61A154FAE94684A44765A6EA8A009B45005C.JPEG",
    "cantidad_archivos": 1,
    "archivos_fuente": [
      "Pictures/Fototeca de Fotos.photoslibrary/resources/derivatives/masters/D/DC61A154-FAE9-4684-A447-65A6EA8A009B_4_5005_c.jpeg"
    ],
    "ultima_modificacion": "2025-08-01 01:01:14.604919"
  },
  "dba051c966da41648c3afedc9738b4ab45005c.jpeg": {
    "app_sintetizada": "DBA051C966DA41648C3AFEDC9738B4AB45005C.JPEG",
    "cantidad_archivos": 1,
    "archivos_fuente": [
      "Pictures/Fototeca de Fotos.photoslibrary/resources/derivatives/masters/D/DBA051C9-66DA-4164-8C3A-FEDC9738B4AB_4_5005_c.jpeg"
    ],
    "ultima_modificacion": "2025-08-01 01:01:14.605357"
  },
  "dcff792ce0774f4ba8347fe88b76756545005c.jpeg": {
    "app_sintetizada": "DCFF792CE0774F4BA8347FE88B76756545005C.JPEG",
    "cantidad_archivos": 1,
    "archivos_fuente": [
      "Pictures/Fototeca de Fotos.photoslibrary/resources/derivatives/masters/D/DCFF792C-E077-4F4B-A834-7FE88B767565_4_5005_c.jpeg"
    ],
    "ultima_modificacion": "2025-08-01 01:01:14.605792"
  },
  "d947fa74da32485da0c8501bfb91205345005c.jpeg": {
    "app_sintetizada": "D947FA74DA32485DA0C8501BFB91205345005C.JPEG",
    "cantidad_archivos": 1,
    "archivos_fuente": [
      "Pictures/Fototeca de Fotos.photoslibrary/resources/derivatives/masters/D/D947FA74-DA32-485D-A0C8-501BFB912053_4_5005_c.jpeg"
    ],
    "ultima_modificacion": "2025-08-01 01:01:14.606263"
  },
  "d3c93cd12f2e4cf89683c7ac4c7c6ecc45005c.jpeg": {
    "app_sintetizada": "D3C93CD12F2E4CF89683C7AC4C7C6ECC45005C.JPEG",
    "cantidad_archivos": 1,
    "archivos_fuente": [
      "Pictures/Fototeca de Fotos.photoslibrary/resources/derivatives/masters/D/D3C93CD1-2F2E-4CF8-9683-C7AC4C7C6ECC_4_5005_c.jpeg"
    ],
    "ultima_modificacion": "2025-08-01 01:01:14.607112"
  },
  "dab3066e907147ffbcbf4ca4388747f345005c.jpeg": {
    "app_sintetizada": "DAB3066E907147FFBCBF4CA4388747F345005C.JPEG",
    "cantidad_archivos": 1,
    "archivos_fuente": [
      "Pictures/Fototeca de Fotos.photoslibrary/resources/derivatives/masters/D/DAB3066E-9071-47FF-BCBF-4CA4388747F3_4_5005_c.jpeg"
    ],
    "ultima_modificacion": "2025-08-01 01:01:14.607656"
  },
  "d4f874cf45f14313aa21c74fd5c4428545005c.jpeg": {
    "app_sintetizada": "D4F874CF45F14313AA21C74FD5C4428545005C.JPEG",
    "cantidad_archivos": 1,
    "archivos_fuente": [
      "Pictures/Fototeca de Fotos.photoslibrary/resources/derivatives/masters/D/D4F874CF-45F1-4313-AA21-C74FD5C44285_4_5005_c.jpeg"
    ],
    "ultima_modificacion": "2025-08-01 01:01:14.608048"
  },
  "d310c5f5b257491eaa749e9ab040d1da45005c.jpeg": {
    "app_sintetizada": "D310C5F5B257491EAA749E9AB040D1DA45005C.JPEG",
    "cantidad_archivos": 1,
    "archivos_fuente": [
      "Pictures/Fototeca de Fotos.photoslibrary/resources/derivatives/masters/D/D310C5F5-B257-491E-AA74-9E9AB040D1DA_4_5005_c.jpeg"
    ],
    "ultima_modificacion": "2025-08-01 01:01:14.608439"
  },
  "d4e7c41e439d42db9c444179881e2ad845005c.jpeg": {
    "app_sintetizada": "D4E7C41E439D42DB9C444179881E2AD845005C.JPEG",
    "cantidad_archivos": 1,
    "archivos_fuente": [
      "Pictures/Fototeca de Fotos.photoslibrary/resources/derivatives/masters/D/D4E7C41E-439D-42DB-9C44-4179881E2AD8_4_5005_c.jpeg"
    ],
    "ultima_modificacion": "2025-08-01 01:01:14.608818"
  },
  "db3011ac80474c02a43989193a84695245005c.jpeg": {
    "app_sintetizada": "DB3011AC80474C02A43989193A84695245005C.JPEG",
    "cantidad_archivos": 1,
    "archivos_fuente": [
      "Pictures/Fototeca de Fotos.photoslibrary/resources/derivatives/masters/D/DB3011AC-8047-4C02-A439-89193A846952_4_5005_c.jpeg"
    ],
    "ultima_modificacion": "2025-08-01 01:01:14.609164"
  },
  "d587762e86ae4cf6b9e526c3e618073d45005c.jpeg": {
    "app_sintetizada": "D587762E86AE4CF6B9E526C3E618073D45005C.JPEG",
    "cantidad_archivos": 1,
    "archivos_fuente": [
      "Pictures/Fototeca de Fotos.photoslibrary/resources/derivatives/masters/D/D587762E-86AE-4CF6-B9E5-26C3E618073D_4_5005_c.jpeg"
    ],
    "ultima_modificacion": "2025-08-01 01:01:14.609489"
  },
  "d957ddd97a0d45329a1a66705524811145005c.jpeg": {
    "app_sintetizada": "D957DDD97A0D45329A1A66705524811145005C.JPEG",
    "cantidad_archivos": 1,
    "archivos_fuente": [
      "Pictures/Fototeca de Fotos.photoslibrary/resources/derivatives/masters/D/D957DDD9-7A0D-4532-9A1A-667055248111_4_5005_c.jpeg"
    ],
    "ultima_modificacion": "2025-08-01 01:01:14.609850"
  },
  "d566b0f8d630402f901a100227d241cb45005c.jpeg": {
    "app_sintetizada": "D566B0F8D630402F901A100227D241CB45005C.JPEG",
    "cantidad_archivos": 1,
    "archivos_fuente": [
      "Pictures/Fototeca de Fotos.photoslibrary/resources/derivatives/masters/D/D566B0F8-D630-402F-901A-100227D241CB_4_5005_c.jpeg"
    ],
    "ultima_modificacion": "2025-08-01 01:01:14.610191"
  },
  "d2b92d20c54b4c318e133114ee40a50545005c.jpeg": {
    "app_sintetizada": "D2B92D20C54B4C318E133114EE40A50545005C.JPEG",
    "cantidad_archivos": 1,
    "archivos_fuente": [
      "Pictures/Fototeca de Fotos.photoslibrary/resources/derivatives/masters/D/D2B92D20-C54B-4C31-8E13-3114EE40A505_4_5005_c.jpeg"
    ],
    "ultima_modificacion": "2025-08-01 01:01:14.610513"
  }
}