{
  "ea46346b4ec9417a9e85509b3f07034745005c.jpeg": {
    "app_sintetizada": "EA46346B4EC9417A9E85509B3F07034745005C.JPEG",
    "cantidad_archivos": 1,
    "archivos_fuente": [
      "Pictures/Fototeca de Fotos.photoslibrary/resources/derivatives/masters/E/EA46346B-4EC9-417A-9E85-509B3F070347_4_5005_c.jpeg"
    ],
    "ultima_modificacion": "2025-08-01 01:01:16.839278"
  },
  "e183589c00da4c0fb5d98940dd72a42345005c.jpeg": {
    "app_sintetizada": "E183589C00DA4C0FB5D98940DD72A42345005C.JPEG",
    "cantidad_archivos": 1,
    "archivos_fuente": [
      "Pictures/Fototeca de Fotos.photoslibrary/resources/derivatives/masters/E/E183589C-00DA-4C0F-B5D9-8940DD72A423_4_5005_c.jpeg"
    ],
    "ultima_modificacion": "2025-08-01 01:01:16.839625"
  },
  "ed0722cae30d47b5969f9b5165cfd68845005c.jpeg": {
    "app_sintetizada": "ED0722CAE30D47B5969F9B5165CFD68845005C.JPEG",
    "cantidad_archivos": 1,
    "archivos_fuente": [
      "Pictures/Fototeca de Fotos.photoslibrary/resources/derivatives/masters/E/ED0722CA-E30D-47B5-969F-9B5165CFD688_4_5005_c.jpeg"
    ],
    "ultima_modificacion": "2025-08-01 01:01:16.839945"
  },
  "eca2e9bd94bb4f5b966b03da0d8a121f45005c.jpeg": {
    "app_sintetizada": "ECA2E9BD94BB4F5B966B03DA0D8A121F45005C.JPEG",
    "cantidad_archivos": 1,
    "archivos_fuente": [
      "Pictures/Fototeca de Fotos.photoslibrary/resources/derivatives/masters/E/ECA2E9BD-94BB-4F5B-966B-03DA0D8A121F_4_5005_c.jpeg"
    ],
    "ultima_modificacion": "2025-08-01 01:01:16.840327"
  },
  "ecc78a4644b24989ac60be9789199fde45005c.jpeg": {
    "app_sintetizada": "ECC78A4644B24989AC60BE9789199FDE45005C.JPEG",
    "cantidad_archivos": 1,
    "archivos_fuente": [
      "Pictures/Fototeca de Fotos.photoslibrary/resources/derivatives/masters/E/ECC78A46-44B2-4989-AC60-BE9789199FDE_4_5005_c.jpeg"
    ],
    "ultima_modificacion": "2025-08-01 01:01:16.840659"
  },
  "e85df4947a494bae9b81fc6f9c9c576545005c.jpeg": {
    "app_sintetizada": "E85DF4947A494BAE9B81FC6F9C9C576545005C.JPEG",
    "cantidad_archivos": 1,
    "archivos_fuente": [
      "Pictures/Fototeca de Fotos.photoslibrary/resources/derivatives/masters/E/E85DF494-7A49-4BAE-9B81-FC6F9C9C5765_4_5005_c.jpeg"
    ],
    "ultima_modificacion": "2025-08-01 01:01:16.841024"
  },
  "e8379f31639e4e4b8311d1a19a39195245005c.jpeg": {
    "app_sintetizada": "E8379F31639E4E4B8311D1A19A39195245005C.JPEG",
    "cantidad_archivos": 1,
    "archivos_fuente": [
      "Pictures/Fototeca de Fotos.photoslibrary/resources/derivatives/masters/E/E8379F31-639E-4E4B-8311-D1A19A391952_4_5005_c.jpeg"
    ],
    "ultima_modificacion": "2025-08-01 01:01:16.841348"
  },
  "e60732e5f65c4b209c364cf89c8f301045005c.jpeg": {
    "app_sintetizada": "E60732E5F65C4B209C364CF89C8F301045005C.JPEG",
    "cantidad_archivos": 1,
    "archivos_fuente": [
      "Pictures/Fototeca de Fotos.photoslibrary/resources/derivatives/masters/E/E60732E5-F65C-4B20-9C36-4CF89C8F3010_4_5005_c.jpeg"
    ],
    "ultima_modificacion": "2025-08-01 01:01:16.841803"
  },
  "ef3ac8ee0ddc468b9095009308e2c7a845005c.jpeg": {
    "app_sintetizada": "EF3AC8EE0DDC468B9095009308E2C7A845005C.JPEG",
    "cantidad_archivos": 1,
    "archivos_fuente": [
      "Pictures/Fototeca de Fotos.photoslibrary/resources/derivatives/masters/E/EF3AC8EE-0DDC-468B-9095-009308E2C7A8_4_5005_c.jpeg"
    ],
    "ultima_modificacion": "2025-08-01 01:01:16.842156"
  },
  "e35446d3b3614d689e1a364d8efdb00345005c.jpeg": {
    "app_sintetizada": "E35446D3B3614D689E1A364D8EFDB00345005C.JPEG",
    "cantidad_archivos": 1,
    "archivos_fuente": [
      "Pictures/Fototeca de Fotos.photoslibrary/resources/derivatives/masters/E/E35446D3-B361-4D68-9E1A-364D8EFDB003_4_5005_c.jpeg"
    ],
    "ultima_modificacion": "2025-08-01 01:01:16.842540"
  },
  "e17982066ec5426baec8a8164a0dc25445005c.jpeg": {
    "app_sintetizada": "E17982066EC5426BAEC8A8164A0DC25445005C.JPEG",
    "cantidad_archivos": 1,
    "archivos_fuente": [
      "Pictures/Fototeca de Fotos.photoslibrary/resources/derivatives/masters/E/E1798206-6EC5-426B-AEC8-A8164A0DC254_4_5005_c.jpeg"
    ],
    "ultima_modificacion": "2025-08-01 01:01:16.842871"
  },
  "ece5e464b9e74412aa9d16aea3abeab645005c.jpeg": {
    "app_sintetizada": "ECE5E464B9E74412AA9D16AEA3ABEAB645005C.JPEG",
    "cantidad_archivos": 1,
    "archivos_fuente": [
      "Pictures/Fototeca de Fotos.photoslibrary/resources/derivatives/masters/E/ECE5E464-B9E7-4412-AA9D-16AEA3ABEAB6_4_5005_c.jpeg"
    ],
    "ultima_modificacion": "2025-08-01 01:01:16.843202"
  },
  "e413f703bf1b4605ae2b4ed774189e4a45005c.jpeg": {
    "app_sintetizada": "E413F703BF1B4605AE2B4ED774189E4A45005C.JPEG",
    "cantidad_archivos": 1,
    "archivos_fuente": [
      "Pictures/Fototeca de Fotos.photoslibrary/resources/derivatives/masters/E/E413F703-BF1B-4605-AE2B-4ED774189E4A_4_5005_c.jpeg"
    ],
    "ultima_modificacion": "2025-08-01 01:01:16.843525"
  },
  "e1463e9f90e04291ae3e9d8e237a009745005c.jpeg": {
    "app_sintetizada": "E1463E9F90E04291AE3E9D8E237A009745005C.JPEG",
    "cantidad_archivos": 1,
    "archivos_fuente": [
      "Pictures/Fototeca de Fotos.photoslibrary/resources/derivatives/masters/E/E1463E9F-90E0-4291-AE3E-9D8E237A0097_4_5005_c.jpeg"
    ],
    "ultima_modificacion": "2025-08-01 01:01:16.843826"
  },
  "efb4ddf9db7849f3853af37194c99e7c45005c.jpeg": {
    "app_sintetizada": "EFB4DDF9DB7849F3853AF37194C99E7C45005C.JPEG",
    "cantidad_archivos": 1,
    "archivos_fuente": [
      "Pictures/Fototeca de Fotos.photoslibrary/resources/derivatives/masters/E/EFB4DDF9-DB78-49F3-853A-F37194C99E7C_4_5005_c.jpeg"
    ],
    "ultima_modificacion": "2025-08-01 01:01:16.844142"
  },
  "e70666e31fcb41f39486b0c00c394bc145005c.jpeg": {
    "app_sintetizada": "E70666E31FCB41F39486B0C00C394BC145005C.JPEG",
    "cantidad_archivos": 1,
    "archivos_fuente": [
      "Pictures/Fototeca de Fotos.photoslibrary/resources/derivatives/masters/E/E70666E3-1FCB-41F3-9486-B0C00C394BC1_4_5005_c.jpeg"
    ],
    "ultima_modificacion": "2025-08-01 01:01:16.844482"
  },
  "e4db745f12e84e03853d64750fbc35fe45005c.jpeg": {
    "app_sintetizada": "E4DB745F12E84E03853D64750FBC35FE45005C.JPEG",
    "cantidad_archivos": 1,
    "archivos_fuente": [
      "Pictures/Fototeca de Fotos.photoslibrary/resources/derivatives/masters/E/E4DB745F-12E8-4E03-853D-64750FBC35FE_4_5005_c.jpeg"
    ],
    "ultima_modificacion": "2025-08-01 01:01:16.844863"
  },
  "e27815a22e66499d9e52f2209c8b964745005c.jpeg": {
    "app_sintetizada": "E27815A22E66499D9E52F2209C8B964745005C.JPEG",
    "cantidad_archivos": 1,
    "archivos_fuente": [
      "Pictures/Fototeca de Fotos.photoslibrary/resources/derivatives/masters/E/E27815A2-2E66-499D-9E52-F2209C8B9647_4_5005_c.jpeg"
    ],
    "ultima_modificacion": "2025-08-01 01:01:16.845210"
  },
  "efa9a67cb1d746598e604346c3291fb345005c.jpeg": {
    "app_sintetizada": "EFA9A67CB1D746598E604346C3291FB345005C.JPEG",
    "cantidad_archivos": 1,
    "archivos_fuente": [
      "Pictures/Fototeca de Fotos.photoslibrary/resources/derivatives/masters/E/EFA9A67C-B1D7-4659-8E60-4346C3291FB3_4_5005_c.jpeg"
    ],
    "ultima_modificacion": "2025-08-01 01:01:16.845573"
  },
  "e9181271f4594ddeba688afee24ab3b345005c.jpeg": {
    "app_sintetizada": "E9181271F4594DDEBA688AFEE24AB3B345005C.JPEG",
    "cantidad_archivos": 1,
    "archivos_fuente": [
      "Pictures/Fototeca de Fotos.photoslibrary/resources/derivatives/masters/E/E9181271-F459-4DDE-BA68-8AFEE24AB3B3_4_5005_c.jpeg"
    ],
    "ultima_modificacion": "2025-08-01 01:01:16.845922"
  },
  "eb32610ab7d04710afbfce5fe7ab5c9a45005c.jpeg": {
    "app_sintetizada": "EB32610AB7D04710AFBFCE5FE7AB5C9A45005C.JPEG",
    "cantidad_archivos": 1,
    "archivos_fuente": [
      "Pictures/Fototeca de Fotos.photoslibrary/resources/derivatives/masters/E/EB32610A-B7D0-4710-AFBF-CE5FE7AB5C9A_4_5005_c.jpeg"
    ],
    "ultima_modificacion": "2025-08-01 01:01:16.846255"
  },
  "eb55b88279ff48b6a59ff294be39882f45005c.jpeg": {
    "app_sintetizada": "EB55B88279FF48B6A59FF294BE39882F45005C.JPEG",
    "cantidad_archivos": 1,
    "archivos_fuente": [
      "Pictures/Fototeca de Fotos.photoslibrary/resources/derivatives/masters/E/EB55B882-79FF-48B6-A59F-F294BE39882F_4_5005_c.jpeg"
    ],
    "ultima_modificacion": "2025-08-01 01:01:16.846597"
  },
  "e462a9a23b82452e9f25cf62f38bdd0745005c.jpeg": {
    "app_sintetizada": "E462A9A23B82452E9F25CF62F38BDD0745005C.JPEG",
    "cantidad_archivos": 1,
    "archivos_fuente": [
      "Pictures/Fototeca de Fotos.photoslibrary/resources/derivatives/masters/E/E462A9A2-3B82-452E-9F25-CF62F38BDD07_4_5005_c.jpeg"
    ],
    "ultima_modificacion": "2025-08-01 01:01:16.847001"
  },
  "e70d06efb50d4131b9c835bff44be0aa45005c.jpeg": {
    "app_sintetizada": "E70D06EFB50D4131B9C835BFF44BE0AA45005C.JPEG",
    "cantidad_archivos": 1,
    "archivos_fuente": [
      "Pictures/Fototeca de Fotos.photoslibrary/resources/derivatives/masters/E/E70D06EF-B50D-4131-B9C8-35BFF44BE0AA_4_5005_c.jpeg"
    ],
    "ultima_modificacion": "2025-08-01 01:01:16.847458"
  },
  "e2589bb9fa9249c7a8796d5e14bfc57645005c.jpeg": {
    "app_sintetizada": "E2589BB9FA9249C7A8796D5E14BFC57645005C.JPEG",
    "cantidad_archivos": 1,
    "archivos_fuente": [
      "Pictures/Fototeca de Fotos.photoslibrary/resources/derivatives/masters/E/E2589BB9-FA92-49C7-A879-6D5E14BFC576_4_5005_c.jpeg"
    ],
    "ultima_modificacion": "2025-08-01 01:01:16.847893"
  },
  "e89c1d3402d44399ab3cc6252a29c9a545005c.jpeg": {
    "app_sintetizada": "E89C1D3402D44399AB3CC6252A29C9A545005C.JPEG",
    "cantidad_archivos": 1,
    "archivos_fuente": [
      "Pictures/Fototeca de Fotos.photoslibrary/resources/derivatives/masters/E/E89C1D34-02D4-4399-AB3C-C6252A29C9A5_4_5005_c.jpeg"
    ],
    "ultima_modificacion": "2025-08-01 01:01:16.848329"
  },
  "ec54ef28ac1a48138fc965712dae87ee45005c.jpeg": {
    "app_sintetizada": "EC54EF28AC1A48138FC965712DAE87EE45005C.JPEG",
    "cantidad_archivos": 1,
    "archivos_fuente": [
      "Pictures/Fototeca de Fotos.photoslibrary/resources/derivatives/masters/E/EC54EF28-AC1A-4813-8FC9-65712DAE87EE_4_5005_c.jpeg"
    ],
    "ultima_modificacion": "2025-08-01 01:01:16.848734"
  },
  "e5e8d5a4063745cf96a6b5231915d2dd45005c.jpeg": {
    "app_sintetizada": "E5E8D5A4063745CF96A6B5231915D2DD45005C.JPEG",
    "cantidad_archivos": 1,
    "archivos_fuente": [
      "Pictures/Fototeca de Fotos.photoslibrary/resources/derivatives/masters/E/E5E8D5A4-0637-45CF-96A6-B5231915D2DD_4_5005_c.jpeg"
    ],
    "ultima_modificacion": "2025-08-01 01:01:16.849179"
  },
  "e493818db6384643b2a6aaf997eb2d6445005c.jpeg": {
    "app_sintetizada": "E493818DB6384643B2A6AAF997EB2D6445005C.JPEG",
    "cantidad_archivos": 1,
    "archivos_fuente": [
      "Pictures/Fototeca de Fotos.photoslibrary/resources/derivatives/masters/E/E493818D-B638-4643-B2A6-AAF997EB2D64_4_5005_c.jpeg"
    ],
    "ultima_modificacion": "2025-08-01 01:01:16.849552"
  },
  "e5df7c7566ba4fa7bc31dade7aee2ca245005c.jpeg": {
    "app_sintetizada": "E5DF7C7566BA4FA7BC31DADE7AEE2CA245005C.JPEG",
    "cantidad_archivos": 1,
    "archivos_fuente": [
      "Pictures/Fototeca de Fotos.photoslibrary/resources/derivatives/masters/E/E5DF7C75-66BA-4FA7-BC31-DADE7AEE2CA2_4_5005_c.jpeg"
    ],
    "ultima_modificacion": "2025-08-01 01:01:16.849911"
  },
  "ee9a3a13fc964d41b7919fb76f9303b745005c.jpeg": {
    "app_sintetizada": "EE9A3A13FC964D41B7919FB76F9303B745005C.JPEG",
    "cantidad_archivos": 1,
    "archivos_fuente": [
      "Pictures/Fototeca de Fotos.photoslibrary/resources/derivatives/masters/E/EE9A3A13-FC96-4D41-B791-9FB76F9303B7_4_5005_c.jpeg"
    ],
    "ultima_modificacion": "2025-08-01 01:01:16.850243"
  },
  "e3f6ee2ac4b54564a2a56493c833eced45005c.jpeg": {
    "app_sintetizada": "E3F6EE2AC4B54564A2A56493C833ECED45005C.JPEG",
    "cantidad_archivos": 1,
    "archivos_fuente": [
      "Pictures/Fototeca de Fotos.photoslibrary/resources/derivatives/masters/E/E3F6EE2A-C4B5-4564-A2A5-6493C833ECED_4_5005_c.jpeg"
    ],
    "ultima_modificacion": "2025-08-01 01:01:16.850585"
  },
  "e4ae55d64793494f83ac80bea7cfca8445005c.jpeg": {
    "app_sintetizada": "E4AE55D64793494F83AC80BEA7CFCA8445005C.JPEG",
    "cantidad_archivos": 1,
    "archivos_fuente": [
      "Pictures/Fototeca de Fotos.photoslibrary/resources/derivatives/masters/E/E4AE55D6-4793-494F-83AC-80BEA7CFCA84_4_5005_c.jpeg"
    ],
    "ultima_modificacion": "2025-08-01 01:01:16.850931"
  },
  "e5f3b1c33cb94349b8d011c55161c57445005c.jpeg": {
    "app_sintetizada": "E5F3B1C33CB94349B8D011C55161C57445005C.JPEG",
    "cantidad_archivos": 1,
    "archivos_fuente": [
      "Pictures/Fototeca de Fotos.photoslibrary/resources/derivatives/masters/E/E5F3B1C3-3CB9-4349-B8D0-11C55161C574_4_5005_c.jpeg"
    ],
    "ultima_modificacion": "2025-08-01 01:01:16.851274"
  },
  "e7c659c6188c4998b2bde131df7755d945005c.jpeg": {
    "app_sintetizada": "E7C659C6188C4998B2BDE131DF7755D945005C.JPEG",
    "cantidad_archivos": 1,
    "archivos_fuente": [
      "Pictures/Fototeca de Fotos.photoslibrary/resources/derivatives/masters/E/E7C659C6-188C-4998-B2BD-E131DF7755D9_4_5005_c.jpeg"
    ],
    "ultima_modificacion": "2025-08-01 01:01:16.851629"
  },
  "ecdbb7c4155c4213905c0d368073954f45005c.jpeg": {
    "app_sintetizada": "ECDBB7C4155C4213905C0D368073954F45005C.JPEG",
    "cantidad_archivos": 1,
    "archivos_fuente": [
      "Pictures/Fototeca de Fotos.photoslibrary/resources/derivatives/masters/E/ECDBB7C4-155C-4213-905C-0D368073954F_4_5005_c.jpeg"
    ],
    "ultima_modificacion": "2025-08-01 01:01:16.851957"
  },
  "e92ffd63f25c478dbaa1ce16c4757c6e45005c.jpeg": {
    "app_sintetizada": "E92FFD63F25C478DBAA1CE16C4757C6E45005C.JPEG",
    "cantidad_archivos": 1,
    "archivos_fuente": [
      "Pictures/Fototeca de Fotos.photoslibrary/resources/derivatives/masters/E/E92FFD63-F25C-478D-BAA1-CE16C4757C6E_4_5005_c.jpeg"
    ],
    "ultima_modificacion": "2025-08-01 01:01:16.852266"
  },
  "e8187780da8042efb991fdc9330b88d845005c.jpeg": {
    "app_sintetizada": "E8187780DA8042EFB991FDC9330B88D845005C.JPEG",
    "cantidad_archivos": 1,
    "archivos_fuente": [
      "Pictures/Fototeca de Fotos.photoslibrary/resources/derivatives/masters/E/E8187780-DA80-42EF-B991-FDC9330B88D8_4_5005_c.jpeg"
    ],
    "ultima_modificacion": "2025-08-01 01:01:16.852645"
  },
  "e52603b266e54672a26724258660c2cc45005c.jpeg": {
    "app_sintetizada": "E52603B266E54672A26724258660C2CC45005C.JPEG",
    "cantidad_archivos": 1,
    "archivos_fuente": [
      "Pictures/Fototeca de Fotos.photoslibrary/resources/derivatives/masters/E/E52603B2-66E5-4672-A267-24258660C2CC_4_5005_c.jpeg"
    ],
    "ultima_modificacion": "2025-08-01 01:01:16.853001"
  },
  "e7ff575d05d64b77b7d71a59f320e18e45005c.jpeg": {
    "app_sintetizada": "E7FF575D05D64B77B7D71A59F320E18E45005C.JPEG",
    "cantidad_archivos": 1,
    "archivos_fuente": [
      "Pictures/Fototeca de Fotos.photoslibrary/resources/derivatives/masters/E/E7FF575D-05D6-4B77-B7D7-1A59F320E18E_4_5005_c.jpeg"
    ],
    "ultima_modificacion": "2025-08-01 01:01:16.853445"
  },
  "e8d88af3506b4324862c090383fd683845005c.jpeg": {
    "app_sintetizada": "E8D88AF3506B4324862C090383FD683845005C.JPEG",
    "cantidad_archivos": 1,
    "archivos_fuente": [
      "Pictures/Fototeca de Fotos.photoslibrary/resources/derivatives/masters/E/E8D88AF3-506B-4324-862C-090383FD6838_4_5005_c.jpeg"
    ],
    "ultima_modificacion": "2025-08-01 01:01:16.853855"
  },
  "efeed0989e154a21b1fc8f5c46b1d0a045005c.jpeg": {
    "app_sintetizada": "EFEED0989E154A21B1FC8F5C46B1D0A045005C.JPEG",
    "cantidad_archivos": 1,
    "archivos_fuente": [
      "Pictures/Fototeca de Fotos.photoslibrary/resources/derivatives/masters/E/EFEED098-9E15-4A21-B1FC-8F5C46B1D0A0_4_5005_c.jpeg"
    ],
    "ultima_modificacion": "2025-08-01 01:01:16.854320"
  },
  "e50a6e558c814bbb9ed96fb07535079b45005c.jpeg": {
    "app_sintetizada": "E50A6E558C814BBB9ED96FB07535079B45005C.JPEG",
    "cantidad_archivos": 1,
    "archivos_fuente": [
      "Pictures/Fototeca de Fotos.photoslibrary/resources/derivatives/masters/E/E50A6E55-8C81-4BBB-9ED9-6FB07535079B_4_5005_c.jpeg"
    ],
    "ultima_modificacion": "2025-08-01 01:01:16.854672"
  },
  "e2f33242cf574071a53766ea30b1054745005c.jpeg": {
    "app_sintetizada": "E2F33242CF574071A53766EA30B1054745005C.JPEG",
    "cantidad_archivos": 1,
    "archivos_fuente": [
      "Pictures/Fototeca de Fotos.photoslibrary/resources/derivatives/masters/E/E2F33242-CF57-4071-A537-66EA30B10547_4_5005_c.jpeg"
    ],
    "ultima_modificacion": "2025-08-01 01:01:16.855052"
  },
  "e449b17a7d554d75ab6104ebad8d276145005c.jpeg": {
    "app_sintetizada": "E449B17A7D554D75AB6104EBAD8D276145005C.JPEG",
    "cantidad_archivos": 1,
    "archivos_fuente": [
      "Pictures/Fototeca de Fotos.photoslibrary/resources/derivatives/masters/E/E449B17A-7D55-4D75-AB61-04EBAD8D2761_4_5005_c.jpeg"
    ],
    "ultima_modificacion": "2025-08-01 01:01:16.855521"
  },
  "e8ca640886224eb3958df07f36d58fcc45005c.jpeg": {
    "app_sintetizada": "E8CA640886224EB3958DF07F36D58FCC45005C.JPEG",
    "cantidad_archivos": 1,
    "archivos_fuente": [
      "Pictures/Fototeca de Fotos.photoslibrary/resources/derivatives/masters/E/E8CA6408-8622-4EB3-958D-F07F36D58FCC_4_5005_c.jpeg"
    ],
    "ultima_modificacion": "2025-08-01 01:01:16.856173"
  },
  "ede31680bf9e4dea8d5f92df5b760cf645005c.jpeg": {
    "app_sintetizada": "EDE31680BF9E4DEA8D5F92DF5B760CF645005C.JPEG",
    "cantidad_archivos": 1,
    "archivos_fuente": [
      "Pictures/Fototeca de Fotos.photoslibrary/resources/derivatives/masters/E/EDE31680-BF9E-4DEA-8D5F-92DF5B760CF6_4_5005_c.jpeg"
    ],
    "ultima_modificacion": "2025-08-01 01:01:16.856587"
  },
  "eafe2bd28aba45598e847efca634f04845005c.jpeg": {
    "app_sintetizada": "EAFE2BD28ABA45598E847EFCA634F04845005C.JPEG",
    "cantidad_archivos": 1,
    "archivos_fuente": [
      "Pictures/Fototeca de Fotos.photoslibrary/resources/derivatives/masters/E/EAFE2BD2-8ABA-4559-8E84-7EFCA634F048_4_5005_c.jpeg"
    ],
    "ultima_modificacion": "2025-08-01 01:01:16.856981"
  },
  "e9267c2a356e4f41b015789ab14a58c245005c.jpeg": {
    "app_sintetizada": "E9267C2A356E4F41B015789AB14A58C245005C.JPEG",
    "cantidad_archivos": 1,
    "archivos_fuente": [
      "Pictures/Fototeca de Fotos.photoslibrary/resources/derivatives/masters/E/E9267C2A-356E-4F41-B015-789AB14A58C2_4_5005_c.jpeg"
    ],
    "ultima_modificacion": "2025-08-01 01:01:16.857393"
  },
  "ea316b7ba263479ca8b087955926aedc45005c.jpeg": {
    "app_sintetizada": "EA316B7BA263479CA8B087955926AEDC45005C.JPEG",
    "cantidad_archivos": 1,
    "archivos_fuente": [
      "Pictures/Fototeca de Fotos.photoslibrary/resources/derivatives/masters/E/EA316B7B-A263-479C-A8B0-87955926AEDC_4_5005_c.jpeg"
    ],
    "ultima_modificacion": "2025-08-01 01:01:16.857762"
  },
  "eae3504dd59b46eebb6d21fd1eaa0c7d45005c.jpeg": {
    "app_sintetizada": "EAE3504DD59B46EEBB6D21FD1EAA0C7D45005C.JPEG",
    "cantidad_archivos": 1,
    "archivos_fuente": [
      "Pictures/Fototeca de Fotos.photoslibrary/resources/derivatives/masters/E/EAE3504D-D59B-46EE-BB6D-21FD1EAA0C7D_4_5005_c.jpeg"
    ],
    "ultima_modificacion": "2025-08-01 01:01:16.858147"
  },
  "ee4b9e48486a4e5388236dd8849ca87b45005c.jpeg": {
    "app_sintetizada": "EE4B9E48486A4E5388236DD8849CA87B45005C.JPEG",
    "cantidad_archivos": 1,
    "archivos_fuente": [
      "Pictures/Fototeca de Fotos.photoslibrary/resources/derivatives/masters/E/EE4B9E48-486A-4E53-8823-6DD8849CA87B_4_5005_c.jpeg"
    ],
    "ultima_modificacion": "2025-08-01 01:01:16.858506"
  },
  "e2fb0efcf34d496faf9318a0cbf8d27a45005c.jpeg": {
    "app_sintetizada": "E2FB0EFCF34D496FAF9318A0CBF8D27A45005C.JPEG",
    "cantidad_archivos": 1,
    "archivos_fuente": [
      "Pictures/Fototeca de Fotos.photoslibrary/resources/derivatives/masters/E/E2FB0EFC-F34D-496F-AF93-18A0CBF8D27A_4_5005_c.jpeg"
    ],
    "ultima_modificacion": "2025-08-01 01:01:16.858853"
  },
  "e4ead19689374f67bc50e45d7200c7d145005c.jpeg": {
    "app_sintetizada": "E4EAD19689374F67BC50E45D7200C7D145005C.JPEG",
    "cantidad_archivos": 1,
    "archivos_fuente": [
      "Pictures/Fototeca de Fotos.photoslibrary/resources/derivatives/masters/E/E4EAD196-8937-4F67-BC50-E45D7200C7D1_4_5005_c.jpeg"
    ],
    "ultima_modificacion": "2025-08-01 01:01:16.859240"
  },
  "ed64398d211042f99f2f963014b32f3845005c.jpeg": {
    "app_sintetizada": "ED64398D211042F99F2F963014B32F3845005C.JPEG",
    "cantidad_archivos": 1,
    "archivos_fuente": [
      "Pictures/Fototeca de Fotos.photoslibrary/resources/derivatives/masters/E/ED64398D-2110-42F9-9F2F-963014B32F38_4_5005_c.jpeg"
    ],
    "ultima_modificacion": "2025-08-01 01:01:16.859601"
  },
  "e74fdd21ff8c46bea35a3e8aa058e99545005c.jpeg": {
    "app_sintetizada": "E74FDD21FF8C46BEA35A3E8AA058E99545005C.JPEG",
    "cantidad_archivos": 1,
    "archivos_fuente": [
      "Pictures/Fototeca de Fotos.photoslibrary/resources/derivatives/masters/E/E74FDD21-FF8C-46BE-A35A-3E8AA058E995_4_5005_c.jpeg"
    ],
    "ultima_modificacion": "2025-08-01 01:01:16.859973"
  },
  "e4fc741b612d4302a2f77a7ddbe9d0a845005c.jpeg": {
    "app_sintetizada": "E4FC741B612D4302A2F77A7DDBE9D0A845005C.JPEG",
    "cantidad_archivos": 1,
    "archivos_fuente": [
      "Pictures/Fototeca de Fotos.photoslibrary/resources/derivatives/masters/E/E4FC741B-612D-4302-A2F7-7A7DDBE9D0A8_4_5005_c.jpeg"
    ],
    "ultima_modificacion": "2025-08-01 01:01:16.860658"
  },
  "e32ead9bfc914f23bfb1562143e3936645005c.jpeg": {
    "app_sintetizada": "E32EAD9BFC914F23BFB1562143E3936645005C.JPEG",
    "cantidad_archivos": 1,
    "archivos_fuente": [
      "Pictures/Fototeca de Fotos.photoslibrary/resources/derivatives/masters/E/E32EAD9B-FC91-4F23-BFB1-562143E39366_4_5005_c.jpeg"
    ],
    "ultima_modificacion": "2025-08-01 01:01:16.861034"
  },
  "e56ec834abaa4bfa9c37265f64d9e01645005c.jpeg": {
    "app_sintetizada": "E56EC834ABAA4BFA9C37265F64D9E01645005C.JPEG",
    "cantidad_archivos": 1,
    "archivos_fuente": [
      "Pictures/Fototeca de Fotos.photoslibrary/resources/derivatives/masters/E/E56EC834-ABAA-4BFA-9C37-265F64D9E016_4_5005_c.jpeg"
    ],
    "ultima_modificacion": "2025-08-01 01:01:16.861351"
  },
  "e4e3230cfc934965aea70be829f1409045005c.jpeg": {
    "app_sintetizada": "E4E3230CFC934965AEA70BE829F1409045005C.JPEG",
    "cantidad_archivos": 1,
    "archivos_fuente": [
      "Pictures/Fototeca de Fotos.photoslibrary/resources/derivatives/masters/E/E4E3230C-FC93-4965-AEA7-0BE829F14090_4_5005_c.jpeg"
    ],
    "ultima_modificacion": "2025-08-01 01:01:16.861599"
  },
  "ee9c8e8438024bfa975b626096f5a03c45005c.jpeg": {
    "app_sintetizada": "EE9C8E8438024BFA975B626096F5A03C45005C.JPEG",
    "cantidad_archivos": 1,
    "archivos_fuente": [
      "Pictures/Fototeca de Fotos.photoslibrary/resources/derivatives/masters/E/EE9C8E84-3802-4BFA-975B-626096F5A03C_4_5005_c.jpeg"
    ],
    "ultima_modificacion": "2025-08-01 01:01:16.861886"
  },
  "eb2cadf30883457bb8f1165aed3da26c45005c.jpeg": {
    "app_sintetizada": "EB2CADF30883457BB8F1165AED3DA26C45005C.JPEG",
    "cantidad_archivos": 1,
    "archivos_fuente": [
      "Pictures/Fototeca de Fotos.photoslibrary/resources/derivatives/masters/E/EB2CADF3-0883-457B-B8F1-165AED3DA26C_4_5005_c.jpeg"
    ],
    "ultima_modificacion": "2025-08-01 01:01:16.862178"
  },
  "e6970bd11d0548cb829aca77bcc2a83445005c.jpeg": {
    "app_sintetizada": "E6970BD11D0548CB829ACA77BCC2A83445005C.JPEG",
    "cantidad_archivos": 1,
    "archivos_fuente": [
      "Pictures/Fototeca de Fotos.photoslibrary/resources/derivatives/masters/E/E6970BD1-1D05-48CB-829A-CA77BCC2A834_4_5005_c.jpeg"
    ],
    "ultima_modificacion": "2025-08-01 01:01:16.862440"
  },
  "e53c7d08e9704f73904ccf9e152c89d945005c.jpeg": {
    "app_sintetizada": "E53C7D08E9704F73904CCF9E152C89D945005C.JPEG",
    "cantidad_archivos": 1,
    "archivos_fuente": [
      "Pictures/Fototeca de Fotos.photoslibrary/resources/derivatives/masters/E/E53C7D08-E970-4F73-904C-CF9E152C89D9_4_5005_c.jpeg"
    ],
    "ultima_modificacion": "2025-08-01 01:01:16.862688"
  },
  "e5533503fbca44d58de6230224a76dc745005c.jpeg": {
    "app_sintetizada": "E5533503FBCA44D58DE6230224A76DC745005C.JPEG",
    "cantidad_archivos": 1,
    "archivos_fuente": [
      "Pictures/Fototeca de Fotos.photoslibrary/resources/derivatives/masters/E/E5533503-FBCA-44D5-8DE6-230224A76DC7_4_5005_c.jpeg"
    ],
    "ultima_modificacion": "2025-08-01 01:01:16.862949"
  },
  "e468290f89fc495d88aa63edacdbc1e145005c.jpeg": {
    "app_sintetizada": "E468290F89FC495D88AA63EDACDBC1E145005C.JPEG",
    "cantidad_archivos": 1,
    "archivos_fuente": [
      "Pictures/Fototeca de Fotos.photoslibrary/resources/derivatives/masters/E/E468290F-89FC-495D-88AA-63EDACDBC1E1_4_5005_c.jpeg"
    ],
    "ultima_modificacion": "2025-08-01 01:01:16.863205"
  },
  "e6bc8b6b63b04bf28c2871b08a72bb7645005c.jpeg": {
    "app_sintetizada": "E6BC8B6B63B04BF28C2871B08A72BB7645005C.JPEG",
    "cantidad_archivos": 1,
    "archivos_fuente": [
      "Pictures/Fototeca de Fotos.photoslibrary/resources/derivatives/masters/E/E6BC8B6B-63B0-4BF2-8C28-71B08A72BB76_4_5005_c.jpeg"
    ],
    "ultima_modificacion": "2025-08-01 01:01:16.863471"
  },
  "e96ef8af69894ea180806f2e9bfcb89745005c.jpeg": {
    "app_sintetizada": "E96EF8AF69894EA180806F2E9BFCB89745005C.JPEG",
    "cantidad_archivos": 1,
    "archivos_fuente": [
      "Pictures/Fototeca de Fotos.photoslibrary/resources/derivatives/masters/E/E96EF8AF-6989-4EA1-8080-6F2E9BFCB897_4_5005_c.jpeg"
    ],
    "ultima_modificacion": "2025-08-01 01:01:16.863819"
  },
  "e045bcf02add438d91c934ec5f5721e245005c.jpeg": {
    "app_sintetizada": "E045BCF02ADD438D91C934EC5F5721E245005C.JPEG",
    "cantidad_archivos": 1,
    "archivos_fuente": [
      "Pictures/Fototeca de Fotos.photoslibrary/resources/derivatives/masters/E/E045BCF0-2ADD-438D-91C9-34EC5F5721E2_4_5005_c.jpeg"
    ],
    "ultima_modificacion": "2025-08-01 01:01:16.864118"
  },
  "e60826e11fb145a19ca54e62b28dad1a45005c.jpeg": {
    "app_sintetizada": "E60826E11FB145A19CA54E62B28DAD1A45005C.JPEG",
    "cantidad_archivos": 1,
    "archivos_fuente": [
      "Pictures/Fototeca de Fotos.photoslibrary/resources/derivatives/masters/E/E60826E1-1FB1-45A1-9CA5-4E62B28DAD1A_4_5005_c.jpeg"
    ],
    "ultima_modificacion": "2025-08-01 01:01:16.864460"
  },
  "e4e67e67832b48418d24f2155f3ee47b45005c.jpeg": {
    "app_sintetizada": "E4E67E67832B48418D24F2155F3EE47B45005C.JPEG",
    "cantidad_archivos": 1,
    "archivos_fuente": [
      "Pictures/Fototeca de Fotos.photoslibrary/resources/derivatives/masters/E/E4E67E67-832B-4841-8D24-F2155F3EE47B_4_5005_c.jpeg"
    ],
    "ultima_modificacion": "2025-08-01 01:01:16.864730"
  },
  "e52a766893cd4147b2fd3c78c0b8254a45005c.jpeg": {
    "app_sintetizada": "E52A766893CD4147B2FD3C78C0B8254A45005C.JPEG",
    "cantidad_archivos": 1,
    "archivos_fuente": [
      "Pictures/Fototeca de Fotos.photoslibrary/resources/derivatives/masters/E/E52A7668-93CD-4147-B2FD-3C78C0B8254A_4_5005_c.jpeg"
    ],
    "ultima_modificacion": "2025-08-01 01:01:16.864989"
  },
  "e582b988eb2c4428b1b53567bab77d5445005c.jpeg": {
    "app_sintetizada": "E582B988EB2C4428B1B53567BAB77D5445005C.JPEG",
    "cantidad_archivos": 1,
    "archivos_fuente": [
      "Pictures/Fototeca de Fotos.photoslibrary/resources/derivatives/masters/E/E582B988-EB2C-4428-B1B5-3567BAB77D54_4_5005_c.jpeg"
    ],
    "ultima_modificacion": "2025-08-01 01:01:16.865249"
  },
  "e45e3d6faee34bffba8aeda60c16f78345005c.jpeg": {
    "app_sintetizada": "E45E3D6FAEE34BFFBA8AEDA60C16F78345005C.JPEG",
    "cantidad_archivos": 1,
    "archivos_fuente": [
      "Pictures/Fototeca de Fotos.photoslibrary/resources/derivatives/masters/E/E45E3D6F-AEE3-4BFF-BA8A-EDA60C16F783_4_5005_c.jpeg"
    ],
    "ultima_modificacion": "2025-08-01 01:01:16.865511"
  },
  "ef73a0274d2848b2bcec51df8644817245005c.jpeg": {
    "app_sintetizada": "EF73A0274D2848B2BCEC51DF8644817245005C.JPEG",
    "cantidad_archivos": 1,
    "archivos_fuente": [
      "Pictures/Fototeca de Fotos.photoslibrary/resources/derivatives/masters/E/EF73A027-4D28-48B2-BCEC-51DF86448172_4_5005_c.jpeg"
    ],
    "ultima_modificacion": "2025-08-01 01:01:16.865784"
  },
  "e238832370804c8c87fa072360dec00645005c.jpeg": {
    "app_sintetizada": "E238832370804C8C87FA072360DEC00645005C.JPEG",
    "cantidad_archivos": 1,
    "archivos_fuente": [
      "Pictures/Fototeca de Fotos.photoslibrary/resources/derivatives/masters/E/E2388323-7080-4C8C-87FA-072360DEC006_4_5005_c.jpeg"
    ],
    "ultima_modificacion": "2025-08-01 01:01:16.866096"
  },
  "e42fc9436ea347048f9f6425088d661345005c.jpeg": {
    "app_sintetizada": "E42FC9436EA347048F9F6425088D661345005C.JPEG",
    "cantidad_archivos": 1,
    "archivos_fuente": [
      "Pictures/Fototeca de Fotos.photoslibrary/resources/derivatives/masters/E/E42FC943-6EA3-4704-8F9F-6425088D6613_4_5005_c.jpeg"
    ],
    "ultima_modificacion": "2025-08-01 01:01:16.866377"
  },
  "e1adb910658e4ca788903f835cbe39b545005c.jpeg": {
    "app_sintetizada": "E1ADB910658E4CA788903F835CBE39B545005C.JPEG",
    "cantidad_archivos": 1,
    "archivos_fuente": [
      "Pictures/Fototeca de Fotos.photoslibrary/resources/derivatives/masters/E/E1ADB910-658E-4CA7-8890-3F835CBE39B5_4_5005_c.jpeg"
    ],
    "ultima_modificacion": "2025-08-01 01:01:16.866671"
  },
  "e193c48a4b684eb7bf0c95dbe7772aaf45005c.jpeg": {
    "app_sintetizada": "E193C48A4B684EB7BF0C95DBE7772AAF45005C.JPEG",
    "cantidad_archivos": 1,
    "archivos_fuente": [
      "Pictures/Fototeca de Fotos.photoslibrary/resources/derivatives/masters/E/E193C48A-4B68-4EB7-BF0C-95DBE7772AAF_4_5005_c.jpeg"
    ],
    "ultima_modificacion": "2025-08-01 01:01:16.866918"
  },
  "e07bb0bd86f748a2b8777f7978c1b8b645005c.jpeg": {
    "app_sintetizada": "E07BB0BD86F748A2B8777F7978C1B8B645005C.JPEG",
    "cantidad_archivos": 1,
    "archivos_fuente": [
      "Pictures/Fototeca de Fotos.photoslibrary/resources/derivatives/masters/E/E07BB0BD-86F7-48A2-B877-7F7978C1B8B6_4_5005_c.jpeg"
    ],
    "ultima_modificacion": "2025-08-01 01:01:16.867167"
  },
  "e69bcc30da9d430da24db4284dd3701145005c.jpeg": {
    "app_sintetizada": "E69BCC30DA9D430DA24DB4284DD3701145005C.JPEG",
    "cantidad_archivos": 1,
    "archivos_fuente": [
      "Pictures/Fototeca de Fotos.photoslibrary/resources/derivatives/masters/E/E69BCC30-DA9D-430D-A24D-B4284DD37011_4_5005_c.jpeg"
    ],
    "ultima_modificacion": "2025-08-01 01:01:16.867495"
  },
  "e30056d7bdc04e288a8ab0d4003f833345005c.jpeg": {
    "app_sintetizada": "E30056D7BDC04E288A8AB0D4003F833345005C.JPEG",
    "cantidad_archivos": 1,
    "archivos_fuente": [
      "Pictures/Fototeca de Fotos.photoslibrary/resources/derivatives/masters/E/E30056D7-BDC0-4E28-8A8A-B0D4003F8333_4_5005_c.jpeg"
    ],
    "ultima_modificacion": "2025-08-01 01:01:16.867746"
  },
  "e45de4abf93a434c99c85f3fafae631845005c.jpeg": {
    "app_sintetizada": "E45DE4ABF93A434C99C85F3FAFAE631845005C.JPEG",
    "cantidad_archivos": 1,
    "archivos_fuente": [
      "Pictures/Fototeca de Fotos.photoslibrary/resources/derivatives/masters/E/E45DE4AB-F93A-434C-99C8-5F3FAFAE6318_4_5005_c.jpeg"
    ],
    "ultima_modificacion": "2025-08-01 01:01:16.868030"
  },
  "e7ac110b542346f0a14bbd4f32fae62745005c.jpeg": {
    "app_sintetizada": "E7AC110B542346F0A14BBD4F32FAE62745005C.JPEG",
    "cantidad_archivos": 1,
    "archivos_fuente": [
      "Pictures/Fototeca de Fotos.photoslibrary/resources/derivatives/masters/E/E7AC110B-5423-46F0-A14B-BD4F32FAE627_4_5005_c.jpeg"
    ],
    "ultima_modificacion": "2025-08-01 01:01:16.868280"
  },
  "ecbf3999d0c64ed88e5121c6d5b5dfb545005c.jpeg": {
    "app_sintetizada": "ECBF3999D0C64ED88E5121C6D5B5DFB545005C.JPEG",
    "cantidad_archivos": 1,
    "archivos_fuente": [
      "Pictures/Fototeca de Fotos.photoslibrary/resources/derivatives/masters/E/ECBF3999-D0C6-4ED8-8E51-21C6D5B5DFB5_4_5005_c.jpeg"
    ],
    "ultima_modificacion": "2025-08-01 01:01:16.868613"
  },
  "e65507469ce247bbbcb52046dd86df8d45005c.jpeg": {
    "app_sintetizada": "E65507469CE247BBBCB52046DD86DF8D45005C.JPEG",
    "cantidad_archivos": 1,
    "archivos_fuente": [
      "Pictures/Fototeca de Fotos.photoslibrary/resources/derivatives/masters/E/E6550746-9CE2-47BB-BCB5-2046DD86DF8D_4_5005_c.jpeg"
    ],
    "ultima_modificacion": "2025-08-01 01:01:16.868924"
  },
  "e5959f4b191d4d25944722a0184f5ee645005c.jpeg": {
    "app_sintetizada": "E5959F4B191D4D25944722A0184F5EE645005C.JPEG",
    "cantidad_archivos": 1,
    "archivos_fuente": [
      "Pictures/Fototeca de Fotos.photoslibrary/resources/derivatives/masters/E/E5959F4B-191D-4D25-9447-22A0184F5EE6_4_5005_c.jpeg"
    ],
    "ultima_modificacion": "2025-08-01 01:01:16.869190"
  },
  "e29136d5c3344dfc8fe2341ed2d2a58345005c.jpeg": {
    "app_sintetizada": "E29136D5C3344DFC8FE2341ED2D2A58345005C.JPEG",
    "cantidad_archivos": 1,
    "archivos_fuente": [
      "Pictures/Fototeca de Fotos.photoslibrary/resources/derivatives/masters/E/E29136D5-C334-4DFC-8FE2-341ED2D2A583_4_5005_c.jpeg"
    ],
    "ultima_modificacion": "2025-08-01 01:01:16.869436"
  },
  "e73d0a7faf4a4f7383ea9a4a5e372a8845005c.jpeg": {
    "app_sintetizada": "E73D0A7FAF4A4F7383EA9A4A5E372A8845005C.JPEG",
    "cantidad_archivos": 1,
    "archivos_fuente": [
      "Pictures/Fototeca de Fotos.photoslibrary/resources/derivatives/masters/E/E73D0A7F-AF4A-4F73-83EA-9A4A5E372A88_4_5005_c.jpeg"
    ],
    "ultima_modificacion": "2025-08-01 01:01:16.869713"
  },
  "eee99412088043d0ab82d814da7547b245005c.jpeg": {
    "app_sintetizada": "EEE99412088043D0AB82D814DA7547B245005C.JPEG",
    "cantidad_archivos": 1,
    "archivos_fuente": [
      "Pictures/Fototeca de Fotos.photoslibrary/resources/derivatives/masters/E/EEE99412-0880-43D0-AB82-D814DA7547B2_4_5005_c.jpeg"
    ],
    "ultima_modificacion": "2025-08-01 01:01:16.869964"
  },
  "e2a477a0a1b144cea9ebf21105ee8e0245005c.jpeg": {
    "app_sintetizada": "E2A477A0A1B144CEA9EBF21105EE8E0245005C.JPEG",
    "cantidad_archivos": 1,
    "archivos_fuente": [
      "Pictures/Fototeca de Fotos.photoslibrary/resources/derivatives/masters/E/E2A477A0-A1B1-44CE-A9EB-F21105EE8E02_4_5005_c.jpeg"
    ],
    "ultima_modificacion": "2025-08-01 01:01:16.870245"
  },
  "ea0ef19c1111403ab9c532de1aa08de345005c.jpeg": {
    "app_sintetizada": "EA0EF19C1111403AB9C532DE1AA08DE345005C.JPEG",
    "cantidad_archivos": 1,
    "archivos_fuente": [
      "Pictures/Fototeca de Fotos.photoslibrary/resources/derivatives/masters/E/EA0EF19C-1111-403A-B9C5-32DE1AA08DE3_4_5005_c.jpeg"
    ],
    "ultima_modificacion": "2025-08-01 01:01:16.870485"
  },
  "e73e1cd0112c4033aca0a94dad08e85a45005c.jpeg": {
    "app_sintetizada": "E73E1CD0112C4033ACA0A94DAD08E85A45005C.JPEG",
    "cantidad_archivos": 1,
    "archivos_fuente": [
      "Pictures/Fototeca de Fotos.photoslibrary/resources/derivatives/masters/E/E73E1CD0-112C-4033-ACA0-A94DAD08E85A_4_5005_c.jpeg"
    ],
    "ultima_modificacion": "2025-08-01 01:01:16.870805"
  },
  "eac3c0051e2e4d00afa1adaebac8dd1a45005c.jpeg": {
    "app_sintetizada": "EAC3C0051E2E4D00AFA1ADAEBAC8DD1A45005C.JPEG",
    "cantidad_archivos": 1,
    "archivos_fuente": [
      "Pictures/Fototeca de Fotos.photoslibrary/resources/derivatives/masters/E/EAC3C005-1E2E-4D00-AFA1-ADAEBAC8DD1A_4_5005_c.jpeg"
    ],
    "ultima_modificacion": "2025-08-01 01:01:16.871061"
  },
  "e17a1e65857848338e1b2731aa57a70145005c.jpeg": {
    "app_sintetizada": "E17A1E65857848338E1B2731AA57A70145005C.JPEG",
    "cantidad_archivos": 1,
    "archivos_fuente": [
      "Pictures/Fototeca de Fotos.photoslibrary/resources/derivatives/masters/E/E17A1E65-8578-4833-8E1B-2731AA57A701_4_5005_c.jpeg"
    ],
    "ultima_modificacion": "2025-08-01 01:01:16.871372"
  },
  "ed7f0c4868a6435cb07a9ab16c980ee045005c.jpeg": {
    "app_sintetizada": "ED7F0C4868A6435CB07A9AB16C980EE045005C.JPEG",
    "cantidad_archivos": 1,
    "archivos_fuente": [
      "Pictures/Fototeca de Fotos.photoslibrary/resources/derivatives/masters/E/ED7F0C48-68A6-435C-B07A-9AB16C980EE0_4_5005_c.jpeg"
    ],
    "ultima_modificacion": "2025-08-01 01:01:16.871627"
  },
  "e64b34b0d1b846cd86e56b93d8fd65c945005c.jpeg": {
    "app_sintetizada": "E64B34B0D1B846CD86E56B93D8FD65C945005C.JPEG",
    "cantidad_archivos": 1,
    "archivos_fuente": [
      "Pictures/Fototeca de Fotos.photoslibrary/resources/derivatives/masters/E/E64B34B0-D1B8-46CD-86E5-6B93D8FD65C9_4_5005_c.jpeg"
    ],
    "ultima_modificacion": "2025-08-01 01:01:16.871853"
  },
  "e3fdbcf60dc942e2a18f692443a660af45005c.jpeg": {
    "app_sintetizada": "E3FDBCF60DC942E2A18F692443A660AF45005C.JPEG",
    "cantidad_archivos": 1,
    "archivos_fuente": [
      "Pictures/Fototeca de Fotos.photoslibrary/resources/derivatives/masters/E/E3FDBCF6-0DC9-42E2-A18F-692443A660AF_4_5005_c.jpeg"
    ],
    "ultima_modificacion": "2025-08-01 01:01:16.872106"
  },
  "e8399115c2304d0ab5f43d896fba41d745005c.jpeg": {
    "app_sintetizada": "E8399115C2304D0AB5F43D896FBA41D745005C.JPEG",
    "cantidad_archivos": 1,
    "archivos_fuente": [
      "Pictures/Fototeca de Fotos.photoslibrary/resources/derivatives/masters/E/E8399115-C230-4D0A-B5F4-3D896FBA41D7_4_5005_c.jpeg"
    ],
    "ultima_modificacion": "2025-08-01 01:01:16.872346"
  },
  "e6f8c9af20fb4f34812653a3c3d1323545005c.jpeg": {
    "app_sintetizada": "E6F8C9AF20FB4F34812653A3C3D1323545005C.JPEG",
    "cantidad_archivos": 1,
    "archivos_fuente": [
      "Pictures/Fototeca de Fotos.photoslibrary/resources/derivatives/masters/E/E6F8C9AF-20FB-4F34-8126-53A3C3D13235_4_5005_c.jpeg"
    ],
    "ultima_modificacion": "2025-08-01 01:01:16.872562"
  }
}