{
  "1004da20762144cc8dba1d788a82c8ad45005c.jpeg": {
    "app_sintetizada": "1004DA20762144CC8DBA1D788A82C8AD45005C.JPEG",
    "cantidad_archivos": 1,
    "archivos_fuente": [
      "Pictures/Fototeca de Fotos.photoslibrary/resources/derivatives/masters/1/1004DA20-7621-44CC-8DBA-1D788A82C8AD_4_5005_c.jpeg"
    ],
    "ultima_modificacion": "2025-08-01 01:01:09.400692"
  },
  "1a987aa1ff8c4fb9a40c1c6a00111c6445005c.jpeg": {
    "app_sintetizada": "1A987AA1FF8C4FB9A40C1C6A00111C6445005C.JPEG",
    "cantidad_archivos": 1,
    "archivos_fuente": [
      "Pictures/Fototeca de Fotos.photoslibrary/resources/derivatives/masters/1/1A987AA1-FF8C-4FB9-A40C-1C6A00111C64_4_5005_c.jpeg"
    ],
    "ultima_modificacion": "2025-08-01 01:01:09.401017"
  },
  "1ce44bae6940487e80aeea8c8c809e4945005c.jpeg": {
    "app_sintetizada": "1CE44BAE6940487E80AEEA8C8C809E4945005C.JPEG",
    "cantidad_archivos": 1,
    "archivos_fuente": [
      "Pictures/Fototeca de Fotos.photoslibrary/resources/derivatives/masters/1/1CE44BAE-6940-487E-80AE-EA8C8C809E49_4_5005_c.jpeg"
    ],
    "ultima_modificacion": "2025-08-01 01:01:09.401367"
  },
  "1a67dfa0ed824b878209fbb74709fb0945005c.jpeg": {
    "app_sintetizada": "1A67DFA0ED824B878209FBB74709FB0945005C.JPEG",
    "cantidad_archivos": 1,
    "archivos_fuente": [
      "Pictures/Fototeca de Fotos.photoslibrary/resources/derivatives/masters/1/1A67DFA0-ED82-4B87-8209-FBB74709FB09_4_5005_c.jpeg"
    ],
    "ultima_modificacion": "2025-08-01 01:01:09.401668"
  },
  "1b1d80f4afae43eeaecc206fd9533d8d45005c.jpeg": {
    "app_sintetizada": "1B1D80F4AFAE43EEAECC206FD9533D8D45005C.JPEG",
    "cantidad_archivos": 1,
    "archivos_fuente": [
      "Pictures/Fototeca de Fotos.photoslibrary/resources/derivatives/masters/1/1B1D80F4-AFAE-43EE-AECC-206FD9533D8D_4_5005_c.jpeg"
    ],
    "ultima_modificacion": "2025-08-01 01:01:09.401993"
  },
  "1bf970cde213432b927743ed4df0330245005c.jpeg": {
    "app_sintetizada": "1BF970CDE213432B927743ED4DF0330245005C.JPEG",
    "cantidad_archivos": 1,
    "archivos_fuente": [
      "Pictures/Fototeca de Fotos.photoslibrary/resources/derivatives/masters/1/1BF970CD-E213-432B-9277-43ED4DF03302_4_5005_c.jpeg"
    ],
    "ultima_modificacion": "2025-08-01 01:01:09.402297"
  },
  "1d35ecccd1a74f0ba306d51832b257d945005c.jpeg": {
    "app_sintetizada": "1D35ECCCD1A74F0BA306D51832B257D945005C.JPEG",
    "cantidad_archivos": 1,
    "archivos_fuente": [
      "Pictures/Fototeca de Fotos.photoslibrary/resources/derivatives/masters/1/1D35ECCC-D1A7-4F0B-A306-D51832B257D9_4_5005_c.jpeg"
    ],
    "ultima_modificacion": "2025-08-01 01:01:09.402605"
  },
  "10d54407f6a04b2282e037af69a5c54645005c.jpeg": {
    "app_sintetizada": "10D54407F6A04B2282E037AF69A5C54645005C.JPEG",
    "cantidad_archivos": 1,
    "archivos_fuente": [
      "Pictures/Fototeca de Fotos.photoslibrary/resources/derivatives/masters/1/10D54407-F6A0-4B22-82E0-37AF69A5C546_4_5005_c.jpeg"
    ],
    "ultima_modificacion": "2025-08-01 01:01:09.402925"
  },
  "14e81de474404be6b5e961c232e3f59945005c.jpeg": {
    "app_sintetizada": "14E81DE474404BE6B5E961C232E3F59945005C.JPEG",
    "cantidad_archivos": 1,
    "archivos_fuente": [
      "Pictures/Fototeca de Fotos.photoslibrary/resources/derivatives/masters/1/14E81DE4-7440-4BE6-B5E9-61C232E3F599_4_5005_c.jpeg"
    ],
    "ultima_modificacion": "2025-08-01 01:01:09.403258"
  },
  "1dc2e423439d4b8dbb926793d8b79ec945005c.jpeg": {
    "app_sintetizada": "1DC2E423439D4B8DBB926793D8B79EC945005C.JPEG",
    "cantidad_archivos": 1,
    "archivos_fuente": [
      "Pictures/Fototeca de Fotos.photoslibrary/resources/derivatives/masters/1/1DC2E423-439D-4B8D-BB92-6793D8B79EC9_4_5005_c.jpeg"
    ],
    "ultima_modificacion": "2025-08-01 01:01:09.403602"
  },
  "10d28b98c79e40e39ff42ce16b83e45c45005c.jpeg": {
    "app_sintetizada": "10D28B98C79E40E39FF42CE16B83E45C45005C.JPEG",
    "cantidad_archivos": 1,
    "archivos_fuente": [
      "Pictures/Fototeca de Fotos.photoslibrary/resources/derivatives/masters/1/10D28B98-C79E-40E3-9FF4-2CE16B83E45C_4_5005_c.jpeg"
    ],
    "ultima_modificacion": "2025-08-01 01:01:09.404091"
  },
  "1b17682b57934ee8add76c89d344ef8d45005c.jpeg": {
    "app_sintetizada": "1B17682B57934EE8ADD76C89D344EF8D45005C.JPEG",
    "cantidad_archivos": 1,
    "archivos_fuente": [
      "Pictures/Fototeca de Fotos.photoslibrary/resources/derivatives/masters/1/1B17682B-5793-4EE8-ADD7-6C89D344EF8D_4_5005_c.jpeg"
    ],
    "ultima_modificacion": "2025-08-01 01:01:09.404424"
  },
  "1ba4db20331a46d59c6d70fb08a61c1e45005c.jpeg": {
    "app_sintetizada": "1BA4DB20331A46D59C6D70FB08A61C1E45005C.JPEG",
    "cantidad_archivos": 1,
    "archivos_fuente": [
      "Pictures/Fototeca de Fotos.photoslibrary/resources/derivatives/masters/1/1BA4DB20-331A-46D5-9C6D-70FB08A61C1E_4_5005_c.jpeg"
    ],
    "ultima_modificacion": "2025-08-01 01:01:09.404743"
  },
  "1758fcff78a14b5ca6b95f153637d75c45005c.jpeg": {
    "app_sintetizada": "1758FCFF78A14B5CA6B95F153637D75C45005C.JPEG",
    "cantidad_archivos": 1,
    "archivos_fuente": [
      "Pictures/Fototeca de Fotos.photoslibrary/resources/derivatives/masters/1/1758FCFF-78A1-4B5C-A6B9-5F153637D75C_4_5005_c.jpeg"
    ],
    "ultima_modificacion": "2025-08-01 01:01:09.405052"
  },
  "1aad2611a41d4ad1a9a5994a8dba090045005c.jpeg": {
    "app_sintetizada": "1AAD2611A41D4AD1A9A5994A8DBA090045005C.JPEG",
    "cantidad_archivos": 1,
    "archivos_fuente": [
      "Pictures/Fototeca de Fotos.photoslibrary/resources/derivatives/masters/1/1AAD2611-A41D-4AD1-A9A5-994A8DBA0900_4_5005_c.jpeg"
    ],
    "ultima_modificacion": "2025-08-01 01:01:09.405373"
  },
  "1c2362f166334e818cefb77b5500e51d45005c.jpeg": {
    "app_sintetizada": "1C2362F166334E818CEFB77B5500E51D45005C.JPEG",
    "cantidad_archivos": 1,
    "archivos_fuente": [
      "Pictures/Fototeca de Fotos.photoslibrary/resources/derivatives/masters/1/1C2362F1-6633-4E81-8CEF-B77B5500E51D_4_5005_c.jpeg"
    ],
    "ultima_modificacion": "2025-08-01 01:01:09.405701"
  },
  "1a5afc9e654848ddb65eb0c3f7898a2345005c.jpeg": {
    "app_sintetizada": "1A5AFC9E654848DDB65EB0C3F7898A2345005C.JPEG",
    "cantidad_archivos": 1,
    "archivos_fuente": [
      "Pictures/Fototeca de Fotos.photoslibrary/resources/derivatives/masters/1/1A5AFC9E-6548-48DD-B65E-B0C3F7898A23_4_5005_c.jpeg"
    ],
    "ultima_modificacion": "2025-08-01 01:01:09.406041"
  },
  "1e11e42b1a9247cfafca5b4a3535b55d45005c.jpeg": {
    "app_sintetizada": "1E11E42B1A9247CFAFCA5B4A3535B55D45005C.JPEG",
    "cantidad_archivos": 1,
    "archivos_fuente": [
      "Pictures/Fototeca de Fotos.photoslibrary/resources/derivatives/masters/1/1E11E42B-1A92-47CF-AFCA-5B4A3535B55D_4_5005_c.jpeg"
    ],
    "ultima_modificacion": "2025-08-01 01:01:09.406393"
  },
  "10bedb065ff74fda93da6bf585ff1e7545005c.jpeg": {
    "app_sintetizada": "10BEDB065FF74FDA93DA6BF585FF1E7545005C.JPEG",
    "cantidad_archivos": 1,
    "archivos_fuente": [
      "Pictures/Fototeca de Fotos.photoslibrary/resources/derivatives/masters/1/10BEDB06-5FF7-4FDA-93DA-6BF585FF1E75_4_5005_c.jpeg"
    ],
    "ultima_modificacion": "2025-08-01 01:01:09.406753"
  },
  "1cd7212b640e403eab6f612a2af9a64445005c.jpeg": {
    "app_sintetizada": "1CD7212B640E403EAB6F612A2AF9A64445005C.JPEG",
    "cantidad_archivos": 1,
    "archivos_fuente": [
      "Pictures/Fototeca de Fotos.photoslibrary/resources/derivatives/masters/1/1CD7212B-640E-403E-AB6F-612A2AF9A644_4_5005_c.jpeg"
    ],
    "ultima_modificacion": "2025-08-01 01:01:09.407085"
  },
  "173f653b4c294b528a2dbe4dd3f7b8ab45005c.jpeg": {
    "app_sintetizada": "173F653B4C294B528A2DBE4DD3F7B8AB45005C.JPEG",
    "cantidad_archivos": 1,
    "archivos_fuente": [
      "Pictures/Fototeca de Fotos.photoslibrary/resources/derivatives/masters/1/173F653B-4C29-4B52-8A2D-BE4DD3F7B8AB_4_5005_c.jpeg"
    ],
    "ultima_modificacion": "2025-08-01 01:01:09.407416"
  },
  "1db06381ada04333976a43fdbc7d880045005c.jpeg": {
    "app_sintetizada": "1DB06381ADA04333976A43FDBC7D880045005C.JPEG",
    "cantidad_archivos": 1,
    "archivos_fuente": [
      "Pictures/Fototeca de Fotos.photoslibrary/resources/derivatives/masters/1/1DB06381-ADA0-4333-976A-43FDBC7D8800_4_5005_c.jpeg"
    ],
    "ultima_modificacion": "2025-08-01 01:01:09.407741"
  },
  "194cddb4a3984ebda346656261ef3bd845005c.jpeg": {
    "app_sintetizada": "194CDDB4A3984EBDA346656261EF3BD845005C.JPEG",
    "cantidad_archivos": 1,
    "archivos_fuente": [
      "Pictures/Fototeca de Fotos.photoslibrary/resources/derivatives/masters/1/194CDDB4-A398-4EBD-A346-656261EF3BD8_4_5005_c.jpeg"
    ],
    "ultima_modificacion": "2025-08-01 01:01:09.408073"
  },
  "1cf8fcced9964779905ecd9a1639d0ec45005c.jpeg": {
    "app_sintetizada": "1CF8FCCED9964779905ECD9A1639D0EC45005C.JPEG",
    "cantidad_archivos": 1,
    "archivos_fuente": [
      "Pictures/Fototeca de Fotos.photoslibrary/resources/derivatives/masters/1/1CF8FCCE-D996-4779-905E-CD9A1639D0EC_4_5005_c.jpeg"
    ],
    "ultima_modificacion": "2025-08-01 01:01:09.408403"
  },
  "1813fd8f808c4847846e266b70bc3a3645005c.jpeg": {
    "app_sintetizada": "1813FD8F808C4847846E266B70BC3A3645005C.JPEG",
    "cantidad_archivos": 1,
    "archivos_fuente": [
      "Pictures/Fototeca de Fotos.photoslibrary/resources/derivatives/masters/1/1813FD8F-808C-4847-846E-266B70BC3A36_4_5005_c.jpeg"
    ],
    "ultima_modificacion": "2025-08-01 01:01:09.408721"
  },
  "14c2b3bbeff0458ab841a8abf445bd4845005c.jpeg": {
    "app_sintetizada": "14C2B3BBEFF0458AB841A8ABF445BD4845005C.JPEG",
    "cantidad_archivos": 1,
    "archivos_fuente": [
      "Pictures/Fototeca de Fotos.photoslibrary/resources/derivatives/masters/1/14C2B3BB-EFF0-458A-B841-A8ABF445BD48_4_5005_c.jpeg"
    ],
    "ultima_modificacion": "2025-08-01 01:01:09.409044"
  },
  "12dc100f62904d2aab6f338ac1bb370745005c.jpeg": {
    "app_sintetizada": "12DC100F62904D2AAB6F338AC1BB370745005C.JPEG",
    "cantidad_archivos": 1,
    "archivos_fuente": [
      "Pictures/Fototeca de Fotos.photoslibrary/resources/derivatives/masters/1/12DC100F-6290-4D2A-AB6F-338AC1BB3707_4_5005_c.jpeg"
    ],
    "ultima_modificacion": "2025-08-01 01:01:09.409353"
  },
  "1b825b51308141a7ace40b8111f9bc6c45005c.jpeg": {
    "app_sintetizada": "1B825B51308141A7ACE40B8111F9BC6C45005C.JPEG",
    "cantidad_archivos": 1,
    "archivos_fuente": [
      "Pictures/Fototeca de Fotos.photoslibrary/resources/derivatives/masters/1/1B825B51-3081-41A7-ACE4-0B8111F9BC6C_4_5005_c.jpeg"
    ],
    "ultima_modificacion": "2025-08-01 01:01:09.409692"
  },
  "106a73cdbed14ac5b076579806b4520245005c.jpeg": {
    "app_sintetizada": "106A73CDBED14AC5B076579806B4520245005C.JPEG",
    "cantidad_archivos": 1,
    "archivos_fuente": [
      "Pictures/Fototeca de Fotos.photoslibrary/resources/derivatives/masters/1/106A73CD-BED1-4AC5-B076-579806B45202_4_5005_c.jpeg"
    ],
    "ultima_modificacion": "2025-08-01 01:01:09.409990"
  },
  "1dda2b0623c246ed9366ebcbf24223c745005c.jpeg": {
    "app_sintetizada": "1DDA2B0623C246ED9366EBCBF24223C745005C.JPEG",
    "cantidad_archivos": 1,
    "archivos_fuente": [
      "Pictures/Fototeca de Fotos.photoslibrary/resources/derivatives/masters/1/1DDA2B06-23C2-46ED-9366-EBCBF24223C7_4_5005_c.jpeg"
    ],
    "ultima_modificacion": "2025-08-01 01:01:09.410290"
  },
  "1197f23e8ef743f9b7d8a4442649d02c45005c.jpeg": {
    "app_sintetizada": "1197F23E8EF743F9B7D8A4442649D02C45005C.JPEG",
    "cantidad_archivos": 1,
    "archivos_fuente": [
      "Pictures/Fototeca de Fotos.photoslibrary/resources/derivatives/masters/1/1197F23E-8EF7-43F9-B7D8-A4442649D02C_4_5005_c.jpeg"
    ],
    "ultima_modificacion": "2025-08-01 01:01:09.410638"
  },
  "10d1017cd1ef4534989805b6dba394c245005c.jpeg": {
    "app_sintetizada": "10D1017CD1EF4534989805B6DBA394C245005C.JPEG",
    "cantidad_archivos": 1,
    "archivos_fuente": [
      "Pictures/Fototeca de Fotos.photoslibrary/resources/derivatives/masters/1/10D1017C-D1EF-4534-9898-05B6DBA394C2_4_5005_c.jpeg"
    ],
    "ultima_modificacion": "2025-08-01 01:01:09.410956"
  },
  "1ade247d7bed4aae98a8cc556a4bd06345005c.jpeg": {
    "app_sintetizada": "1ADE247D7BED4AAE98A8CC556A4BD06345005C.JPEG",
    "cantidad_archivos": 1,
    "archivos_fuente": [
      "Pictures/Fototeca de Fotos.photoslibrary/resources/derivatives/masters/1/1ADE247D-7BED-4AAE-98A8-CC556A4BD063_4_5005_c.jpeg"
    ],
    "ultima_modificacion": "2025-08-01 01:01:09.411260"
  },
  "19cf8d116fbc462ebb2d3b14b879e6fb45005c.jpeg": {
    "app_sintetizada": "19CF8D116FBC462EBB2D3B14B879E6FB45005C.JPEG",
    "cantidad_archivos": 1,
    "archivos_fuente": [
      "Pictures/Fototeca de Fotos.photoslibrary/resources/derivatives/masters/1/19CF8D11-6FBC-462E-BB2D-3B14B879E6FB_4_5005_c.jpeg"
    ],
    "ultima_modificacion": "2025-08-01 01:01:09.411534"
  },
  "1f9555069b1c4568abd069bb2bdfc6fd45005c.jpeg": {
    "app_sintetizada": "1F9555069B1C4568ABD069BB2BDFC6FD45005C.JPEG",
    "cantidad_archivos": 1,
    "archivos_fuente": [
      "Pictures/Fototeca de Fotos.photoslibrary/resources/derivatives/masters/1/1F955506-9B1C-4568-ABD0-69BB2BDFC6FD_4_5005_c.jpeg"
    ],
    "ultima_modificacion": "2025-08-01 01:01:09.411886"
  },
  "18e9d9670e38488689ce1df2cc17b15145005c.jpeg": {
    "app_sintetizada": "18E9D9670E38488689CE1DF2CC17B15145005C.JPEG",
    "cantidad_archivos": 1,
    "archivos_fuente": [
      "Pictures/Fototeca de Fotos.photoslibrary/resources/derivatives/masters/1/18E9D967-0E38-4886-89CE-1DF2CC17B151_4_5005_c.jpeg"
    ],
    "ultima_modificacion": "2025-08-01 01:01:09.412160"
  },
  "1714835876274c8c944a13439b96837945005c.jpeg": {
    "app_sintetizada": "1714835876274C8C944A13439B96837945005C.JPEG",
    "cantidad_archivos": 1,
    "archivos_fuente": [
      "Pictures/Fototeca de Fotos.photoslibrary/resources/derivatives/masters/1/17148358-7627-4C8C-944A-13439B968379_4_5005_c.jpeg"
    ],
    "ultima_modificacion": "2025-08-01 01:01:09.412420"
  },
  "1a4095222ac145259aa3e6e61106ae1545005c.jpeg": {
    "app_sintetizada": "1A4095222AC145259AA3E6E61106AE1545005C.JPEG",
    "cantidad_archivos": 1,
    "archivos_fuente": [
      "Pictures/Fototeca de Fotos.photoslibrary/resources/derivatives/masters/1/1A409522-2AC1-4525-9AA3-E6E61106AE15_4_5005_c.jpeg"
    ],
    "ultima_modificacion": "2025-08-01 01:01:09.412684"
  },
  "136e094937a14245b5844ece7d793fcb45005c.jpeg": {
    "app_sintetizada": "136E094937A14245B5844ECE7D793FCB45005C.JPEG",
    "cantidad_archivos": 1,
    "archivos_fuente": [
      "Pictures/Fototeca de Fotos.photoslibrary/resources/derivatives/masters/1/136E0949-37A1-4245-B584-4ECE7D793FCB_4_5005_c.jpeg"
    ],
    "ultima_modificacion": "2025-08-01 01:01:09.412985"
  },
  "1c84fe63cb1f4717a2c78b0688f8106445005c.jpeg": {
    "app_sintetizada": "1C84FE63CB1F4717A2C78B0688F8106445005C.JPEG",
    "cantidad_archivos": 1,
    "archivos_fuente": [
      "Pictures/Fototeca de Fotos.photoslibrary/resources/derivatives/masters/1/1C84FE63-CB1F-4717-A2C7-8B0688F81064_4_5005_c.jpeg"
    ],
    "ultima_modificacion": "2025-08-01 01:01:09.413246"
  },
  "178ecc64c80343f9af6ddd5b37ba983f45005c.jpeg": {
    "app_sintetizada": "178ECC64C80343F9AF6DDD5B37BA983F45005C.JPEG",
    "cantidad_archivos": 1,
    "archivos_fuente": [
      "Pictures/Fototeca de Fotos.photoslibrary/resources/derivatives/masters/1/178ECC64-C803-43F9-AF6D-DD5B37BA983F_4_5005_c.jpeg"
    ],
    "ultima_modificacion": "2025-08-01 01:01:09.413524"
  },
  "1c088924830e44d590ef342aa16697f645005c.jpeg": {
    "app_sintetizada": "1C088924830E44D590EF342AA16697F645005C.JPEG",
    "cantidad_archivos": 1,
    "archivos_fuente": [
      "Pictures/Fototeca de Fotos.photoslibrary/resources/derivatives/masters/1/1C088924-830E-44D5-90EF-342AA16697F6_4_5005_c.jpeg"
    ],
    "ultima_modificacion": "2025-08-01 01:01:09.413830"
  },
  "1f3966973d1d459c89b9b2f80d14c64f45005c.jpeg": {
    "app_sintetizada": "1F3966973D1D459C89B9B2F80D14C64F45005C.JPEG",
    "cantidad_archivos": 1,
    "archivos_fuente": [
      "Pictures/Fototeca de Fotos.photoslibrary/resources/derivatives/masters/1/1F396697-3D1D-459C-89B9-B2F80D14C64F_4_5005_c.jpeg"
    ],
    "ultima_modificacion": "2025-08-01 01:01:09.414126"
  },
  "1e93fef77304480fac7e7ac015c2262445005c.jpeg": {
    "app_sintetizada": "1E93FEF77304480FAC7E7AC015C2262445005C.JPEG",
    "cantidad_archivos": 1,
    "archivos_fuente": [
      "Pictures/Fototeca de Fotos.photoslibrary/resources/derivatives/masters/1/1E93FEF7-7304-480F-AC7E-7AC015C22624_4_5005_c.jpeg"
    ],
    "ultima_modificacion": "2025-08-01 01:01:09.414513"
  },
  "1d55594557454051b1e1aab13069a47545005c.jpeg": {
    "app_sintetizada": "1D55594557454051B1E1AAB13069A47545005C.JPEG",
    "cantidad_archivos": 1,
    "archivos_fuente": [
      "Pictures/Fototeca de Fotos.photoslibrary/resources/derivatives/masters/1/1D555945-5745-4051-B1E1-AAB13069A475_4_5005_c.jpeg"
    ],
    "ultima_modificacion": "2025-08-01 01:01:09.414787"
  },
  "10b27e61754240e09d097b4235221f5845005c.jpeg": {
    "app_sintetizada": "10B27E61754240E09D097B4235221F5845005C.JPEG",
    "cantidad_archivos": 1,
    "archivos_fuente": [
      "Pictures/Fototeca de Fotos.photoslibrary/resources/derivatives/masters/1/10B27E61-7542-40E0-9D09-7B4235221F58_4_5005_c.jpeg"
    ],
    "ultima_modificacion": "2025-08-01 01:01:09.415037"
  },
  "12f48c1355a942b2adbc6576bf5c6a3c45005c.jpeg": {
    "app_sintetizada": "12F48C1355A942B2ADBC6576BF5C6A3C45005C.JPEG",
    "cantidad_archivos": 1,
    "archivos_fuente": [
      "Pictures/Fototeca de Fotos.photoslibrary/resources/derivatives/masters/1/12F48C13-55A9-42B2-ADBC-6576BF5C6A3C_4_5005_c.jpeg"
    ],
    "ultima_modificacion": "2025-08-01 01:01:09.415275"
  },
  "1041c84804a14647bb298c1f832ee7a645005c.jpeg": {
    "app_sintetizada": "1041C84804A14647BB298C1F832EE7A645005C.JPEG",
    "cantidad_archivos": 1,
    "archivos_fuente": [
      "Pictures/Fototeca de Fotos.photoslibrary/resources/derivatives/masters/1/1041C848-04A1-4647-BB29-8C1F832EE7A6_4_5005_c.jpeg"
    ],
    "ultima_modificacion": "2025-08-01 01:01:09.415535"
  },
  "1720dcb83103414a9a21bc0eaec87dac45005c.jpeg": {
    "app_sintetizada": "1720DCB83103414A9A21BC0EAEC87DAC45005C.JPEG",
    "cantidad_archivos": 1,
    "archivos_fuente": [
      "Pictures/Fototeca de Fotos.photoslibrary/resources/derivatives/masters/1/1720DCB8-3103-414A-9A21-BC0EAEC87DAC_4_5005_c.jpeg"
    ],
    "ultima_modificacion": "2025-08-01 01:01:09.415883"
  },
  "15915fd4e9c5490eb730fce6f2d1859a45005c.jpeg": {
    "app_sintetizada": "15915FD4E9C5490EB730FCE6F2D1859A45005C.JPEG",
    "cantidad_archivos": 1,
    "archivos_fuente": [
      "Pictures/Fototeca de Fotos.photoslibrary/resources/derivatives/masters/1/15915FD4-E9C5-490E-B730-FCE6F2D1859A_4_5005_c.jpeg"
    ],
    "ultima_modificacion": "2025-08-01 01:01:09.416135"
  },
  "14c6e55105e34f49af5b701c597654f945005c.jpeg": {
    "app_sintetizada": "14C6E55105E34F49AF5B701C597654F945005C.JPEG",
    "cantidad_archivos": 1,
    "archivos_fuente": [
      "Pictures/Fototeca de Fotos.photoslibrary/resources/derivatives/masters/1/14C6E551-05E3-4F49-AF5B-701C597654F9_4_5005_c.jpeg"
    ],
    "ultima_modificacion": "2025-08-01 01:01:09.416429"
  },
  "1c1861498d844ef8b7149fc6d041975c45005c.jpeg": {
    "app_sintetizada": "1C1861498D844EF8B7149FC6D041975C45005C.JPEG",
    "cantidad_archivos": 1,
    "archivos_fuente": [
      "Pictures/Fototeca de Fotos.photoslibrary/resources/derivatives/masters/1/1C186149-8D84-4EF8-B714-9FC6D041975C_4_5005_c.jpeg"
    ],
    "ultima_modificacion": "2025-08-01 01:01:09.416681"
  },
  "19c2ed7de5d14c88821a3f43337d92c145005c.jpeg": {
    "app_sintetizada": "19C2ED7DE5D14C88821A3F43337D92C145005C.JPEG",
    "cantidad_archivos": 1,
    "archivos_fuente": [
      "Pictures/Fototeca de Fotos.photoslibrary/resources/derivatives/masters/1/19C2ED7D-E5D1-4C88-821A-3F43337D92C1_4_5005_c.jpeg"
    ],
    "ultima_modificacion": "2025-08-01 01:01:09.417000"
  },
  "1103a804d26e4af394fe3d164b216c0c45005c.jpeg": {
    "app_sintetizada": "1103A804D26E4AF394FE3D164B216C0C45005C.JPEG",
    "cantidad_archivos": 1,
    "archivos_fuente": [
      "Pictures/Fototeca de Fotos.photoslibrary/resources/derivatives/masters/1/1103A804-D26E-4AF3-94FE-3D164B216C0C_4_5005_c.jpeg"
    ],
    "ultima_modificacion": "2025-08-01 01:01:09.417241"
  },
  "1f702a4a9dba4819afaaaebb5fa6771b45005c.jpeg": {
    "app_sintetizada": "1F702A4A9DBA4819AFAAAEBB5FA6771B45005C.JPEG",
    "cantidad_archivos": 1,
    "archivos_fuente": [
      "Pictures/Fototeca de Fotos.photoslibrary/resources/derivatives/masters/1/1F702A4A-9DBA-4819-AFAA-AEBB5FA6771B_4_5005_c.jpeg"
    ],
    "ultima_modificacion": "2025-08-01 01:01:09.417451"
  },
  "199352360e63438199fc8aa97616296a45005c.jpeg": {
    "app_sintetizada": "199352360E63438199FC8AA97616296A45005C.JPEG",
    "cantidad_archivos": 1,
    "archivos_fuente": [
      "Pictures/Fototeca de Fotos.photoslibrary/resources/derivatives/masters/1/19935236-0E63-4381-99FC-8AA97616296A_4_5005_c.jpeg"
    ],
    "ultima_modificacion": "2025-08-01 01:01:09.417660"
  },
  "1a383d3b6c9b44479b288506e577067445005c.jpeg": {
    "app_sintetizada": "1A383D3B6C9B44479B288506E577067445005C.JPEG",
    "cantidad_archivos": 1,
    "archivos_fuente": [
      "Pictures/Fototeca de Fotos.photoslibrary/resources/derivatives/masters/1/1A383D3B-6C9B-4447-9B28-8506E5770674_4_5005_c.jpeg"
    ],
    "ultima_modificacion": "2025-08-01 01:01:09.417855"
  },
  "1efff8fffdae4329a6281c1dc8bf0e5f45005c.jpeg": {
    "app_sintetizada": "1EFFF8FFFDAE4329A6281C1DC8BF0E5F45005C.JPEG",
    "cantidad_archivos": 1,
    "archivos_fuente": [
      "Pictures/Fototeca de Fotos.photoslibrary/resources/derivatives/masters/1/1EFFF8FF-FDAE-4329-A628-1C1DC8BF0E5F_4_5005_c.jpeg"
    ],
    "ultima_modificacion": "2025-08-01 01:01:09.418052"
  },
  "1449f3650973447aacd9cfc5db0c903145005c.jpeg": {
    "app_sintetizada": "1449F3650973447AACD9CFC5DB0C903145005C.JPEG",
    "cantidad_archivos": 1,
    "archivos_fuente": [
      "Pictures/Fototeca de Fotos.photoslibrary/resources/derivatives/masters/1/1449F365-0973-447A-ACD9-CFC5DB0C9031_4_5005_c.jpeg"
    ],
    "ultima_modificacion": "2025-08-01 01:01:09.418243"
  },
  "1bfef1da3f4940d7aeafccc8080689ba45005c.jpeg": {
    "app_sintetizada": "1BFEF1DA3F4940D7AEAFCCC8080689BA45005C.JPEG",
    "cantidad_archivos": 1,
    "archivos_fuente": [
      "Pictures/Fototeca de Fotos.photoslibrary/resources/derivatives/masters/1/1BFEF1DA-3F49-40D7-AEAF-CCC8080689BA_4_5005_c.jpeg"
    ],
    "ultima_modificacion": "2025-08-01 01:01:09.418445"
  },
  "16af58025c2e4cada540faf1a043dc4b45005c.jpeg": {
    "app_sintetizada": "16AF58025C2E4CADA540FAF1A043DC4B45005C.JPEG",
    "cantidad_archivos": 1,
    "archivos_fuente": [
      "Pictures/Fototeca de Fotos.photoslibrary/resources/derivatives/masters/1/16AF5802-5C2E-4CAD-A540-FAF1A043DC4B_4_5005_c.jpeg"
    ],
    "ultima_modificacion": "2025-08-01 01:01:09.418755"
  },
  "144b4ef10db848c883ef0ab2f590a8e745005c.jpeg": {
    "app_sintetizada": "144B4EF10DB848C883EF0AB2F590A8E745005C.JPEG",
    "cantidad_archivos": 1,
    "archivos_fuente": [
      "Pictures/Fototeca de Fotos.photoslibrary/resources/derivatives/masters/1/144B4EF1-0DB8-48C8-83EF-0AB2F590A8E7_4_5005_c.jpeg"
    ],
    "ultima_modificacion": "2025-08-01 01:01:09.419079"
  },
  "1d9196258ef84ecca1984486231ccf4345005c.jpeg": {
    "app_sintetizada": "1D9196258EF84ECCA1984486231CCF4345005C.JPEG",
    "cantidad_archivos": 1,
    "archivos_fuente": [
      "Pictures/Fototeca de Fotos.photoslibrary/resources/derivatives/masters/1/1D919625-8EF8-4ECC-A198-4486231CCF43_4_5005_c.jpeg"
    ],
    "ultima_modificacion": "2025-08-01 01:01:09.419424"
  },
  "168ad95abcd640509a6ca37c1ac5a78645005c.jpeg": {
    "app_sintetizada": "168AD95ABCD640509A6CA37C1AC5A78645005C.JPEG",
    "cantidad_archivos": 1,
    "archivos_fuente": [
      "Pictures/Fototeca de Fotos.photoslibrary/resources/derivatives/masters/1/168AD95A-BCD6-4050-9A6C-A37C1AC5A786_4_5005_c.jpeg"
    ],
    "ultima_modificacion": "2025-08-01 01:01:09.419743"
  },
  "1408404849484c529f0fe0cf75afd2c545005c.jpeg": {
    "app_sintetizada": "1408404849484C529F0FE0CF75AFD2C545005C.JPEG",
    "cantidad_archivos": 1,
    "archivos_fuente": [
      "Pictures/Fototeca de Fotos.photoslibrary/resources/derivatives/masters/1/14084048-4948-4C52-9F0F-E0CF75AFD2C5_4_5005_c.jpeg"
    ],
    "ultima_modificacion": "2025-08-01 01:01:09.420075"
  },
  "1e95ca341a5946c39a5dea9026eb40c145005c.jpeg": {
    "app_sintetizada": "1E95CA341A5946C39A5DEA9026EB40C145005C.JPEG",
    "cantidad_archivos": 1,
    "archivos_fuente": [
      "Pictures/Fototeca de Fotos.photoslibrary/resources/derivatives/masters/1/1E95CA34-1A59-46C3-9A5D-EA9026EB40C1_4_5005_c.jpeg"
    ],
    "ultima_modificacion": "2025-08-01 01:01:09.420339"
  },
  "141682d2fbae4cad91a13072e01d0b6f45005c.jpeg": {
    "app_sintetizada": "141682D2FBAE4CAD91A13072E01D0B6F45005C.JPEG",
    "cantidad_archivos": 1,
    "archivos_fuente": [
      "Pictures/Fototeca de Fotos.photoslibrary/resources/derivatives/masters/1/141682D2-FBAE-4CAD-91A1-3072E01D0B6F_4_5005_c.jpeg"
    ],
    "ultima_modificacion": "2025-08-01 01:01:09.420691"
  },
  "13f23c8f17b0434aa0bbac41ea05ef1d45005c.jpeg": {
    "app_sintetizada": "13F23C8F17B0434AA0BBAC41EA05EF1D45005C.JPEG",
    "cantidad_archivos": 1,
    "archivos_fuente": [
      "Pictures/Fototeca de Fotos.photoslibrary/resources/derivatives/masters/1/13F23C8F-17B0-434A-A0BB-AC41EA05EF1D_4_5005_c.jpeg"
    ],
    "ultima_modificacion": "2025-08-01 01:01:09.421011"
  },
  "16374bc60ad0411cb261e1daceba493845005c.jpeg": {
    "app_sintetizada": "16374BC60AD0411CB261E1DACEBA493845005C.JPEG",
    "cantidad_archivos": 1,
    "archivos_fuente": [
      "Pictures/Fototeca de Fotos.photoslibrary/resources/derivatives/masters/1/16374BC6-0AD0-411C-B261-E1DACEBA4938_4_5005_c.jpeg"
    ],
    "ultima_modificacion": "2025-08-01 01:01:09.421361"
  },
  "1238a9e59baf40528331ac03e7b16e5945005c.jpeg": {
    "app_sintetizada": "1238A9E59BAF40528331AC03E7B16E5945005C.JPEG",
    "cantidad_archivos": 1,
    "archivos_fuente": [
      "Pictures/Fototeca de Fotos.photoslibrary/resources/derivatives/masters/1/1238A9E5-9BAF-4052-8331-AC03E7B16E59_4_5005_c.jpeg"
    ],
    "ultima_modificacion": "2025-08-01 01:01:09.421688"
  },
  "13be9288851d46bdbd993d4877600e4745005c.jpeg": {
    "app_sintetizada": "13BE9288851D46BDBD993D4877600E4745005C.JPEG",
    "cantidad_archivos": 1,
    "archivos_fuente": [
      "Pictures/Fototeca de Fotos.photoslibrary/resources/derivatives/masters/1/13BE9288-851D-46BD-BD99-3D4877600E47_4_5005_c.jpeg"
    ],
    "ultima_modificacion": "2025-08-01 01:01:09.421956"
  },
  "13dc724ba6914eccaa8b53784fa1b44045005c.jpeg": {
    "app_sintetizada": "13DC724BA6914ECCAA8B53784FA1B44045005C.JPEG",
    "cantidad_archivos": 1,
    "archivos_fuente": [
      "Pictures/Fototeca de Fotos.photoslibrary/resources/derivatives/masters/1/13DC724B-A691-4ECC-AA8B-53784FA1B440_4_5005_c.jpeg"
    ],
    "ultima_modificacion": "2025-08-01 01:01:09.422213"
  },
  "17adc2d187e84e8cadd1150397bf8ed445005c.jpeg": {
    "app_sintetizada": "17ADC2D187E84E8CADD1150397BF8ED445005C.JPEG",
    "cantidad_archivos": 1,
    "archivos_fuente": [
      "Pictures/Fototeca de Fotos.photoslibrary/resources/derivatives/masters/1/17ADC2D1-87E8-4E8C-ADD1-150397BF8ED4_4_5005_c.jpeg"
    ],
    "ultima_modificacion": "2025-08-01 01:01:09.422498"
  },
  "1e7e1226442745758717b0d3cb0687ba45005c.jpeg": {
    "app_sintetizada": "1E7E1226442745758717B0D3CB0687BA45005C.JPEG",
    "cantidad_archivos": 1,
    "archivos_fuente": [
      "Pictures/Fototeca de Fotos.photoslibrary/resources/derivatives/masters/1/1E7E1226-4427-4575-8717-B0D3CB0687BA_4_5005_c.jpeg"
    ],
    "ultima_modificacion": "2025-08-01 01:01:09.422919"
  },
  "1f4d97413e58460e9ff97eba961254d945005c.jpeg": {
    "app_sintetizada": "1F4D97413E58460E9FF97EBA961254D945005C.JPEG",
    "cantidad_archivos": 1,
    "archivos_fuente": [
      "Pictures/Fototeca de Fotos.photoslibrary/resources/derivatives/masters/1/1F4D9741-3E58-460E-9FF9-7EBA961254D9_4_5005_c.jpeg"
    ],
    "ultima_modificacion": "2025-08-01 01:01:09.423215"
  },
  "1d7bd8a14ff64642a0ae3ba7eb31a16245005c.jpeg": {
    "app_sintetizada": "1D7BD8A14FF64642A0AE3BA7EB31A16245005C.JPEG",
    "cantidad_archivos": 1,
    "archivos_fuente": [
      "Pictures/Fototeca de Fotos.photoslibrary/resources/derivatives/masters/1/1D7BD8A1-4FF6-4642-A0AE-3BA7EB31A162_4_5005_c.jpeg"
    ],
    "ultima_modificacion": "2025-08-01 01:01:09.423482"
  },
  "12bd5d6b183c4f439f3caf96f9d3562c45005c.jpeg": {
    "app_sintetizada": "12BD5D6B183C4F439F3CAF96F9D3562C45005C.JPEG",
    "cantidad_archivos": 1,
    "archivos_fuente": [
      "Pictures/Fototeca de Fotos.photoslibrary/resources/derivatives/masters/1/12BD5D6B-183C-4F43-9F3C-AF96F9D3562C_4_5005_c.jpeg"
    ],
    "ultima_modificacion": "2025-08-01 01:01:09.423781"
  },
  "127eb2e627e2463cb2cabf31d7f95b6e45005c.jpeg": {
    "app_sintetizada": "127EB2E627E2463CB2CABF31D7F95B6E45005C.JPEG",
    "cantidad_archivos": 1,
    "archivos_fuente": [
      "Pictures/Fototeca de Fotos.photoslibrary/resources/derivatives/masters/1/127EB2E6-27E2-463C-B2CA-BF31D7F95B6E_4_5005_c.jpeg"
    ],
    "ultima_modificacion": "2025-08-01 01:01:09.424206"
  },
  "175b4edeccf34af3a246f29edddd0fcb45005c.jpeg": {
    "app_sintetizada": "175B4EDECCF34AF3A246F29EDDDD0FCB45005C.JPEG",
    "cantidad_archivos": 1,
    "archivos_fuente": [
      "Pictures/Fototeca de Fotos.photoslibrary/resources/derivatives/masters/1/175B4EDE-CCF3-4AF3-A246-F29EDDDD0FCB_4_5005_c.jpeg"
    ],
    "ultima_modificacion": "2025-08-01 01:01:09.424470"
  },
  "175449323f2b4b719c46f24b18f5f91045005c.jpeg": {
    "app_sintetizada": "175449323F2B4B719C46F24B18F5F91045005C.JPEG",
    "cantidad_archivos": 1,
    "archivos_fuente": [
      "Pictures/Fototeca de Fotos.photoslibrary/resources/derivatives/masters/1/17544932-3F2B-4B71-9C46-F24B18F5F910_4_5005_c.jpeg"
    ],
    "ultima_modificacion": "2025-08-01 01:01:09.424734"
  },
  "104de303da224dac8eba36d10f59f44145005c.jpeg": {
    "app_sintetizada": "104DE303DA224DAC8EBA36D10F59F44145005C.JPEG",
    "cantidad_archivos": 1,
    "archivos_fuente": [
      "Pictures/Fototeca de Fotos.photoslibrary/resources/derivatives/masters/1/104DE303-DA22-4DAC-8EBA-36D10F59F441_4_5005_c.jpeg"
    ],
    "ultima_modificacion": "2025-08-01 01:01:09.424967"
  },
  "199e52d0347041fb9abe19d6eb5687d445005c.jpeg": {
    "app_sintetizada": "199E52D0347041FB9ABE19D6EB5687D445005C.JPEG",
    "cantidad_archivos": 1,
    "archivos_fuente": [
      "Pictures/Fototeca de Fotos.photoslibrary/resources/derivatives/masters/1/199E52D0-3470-41FB-9ABE-19D6EB5687D4_4_5005_c.jpeg"
    ],
    "ultima_modificacion": "2025-08-01 01:01:09.425186"
  },
  "19e90e6c4a384d8584284510efa23e9a45005c.jpeg": {
    "app_sintetizada": "19E90E6C4A384D8584284510EFA23E9A45005C.JPEG",
    "cantidad_archivos": 1,
    "archivos_fuente": [
      "Pictures/Fototeca de Fotos.photoslibrary/resources/derivatives/masters/1/19E90E6C-4A38-4D85-8428-4510EFA23E9A_4_5005_c.jpeg"
    ],
    "ultima_modificacion": "2025-08-01 01:01:09.425392"
  },
  "1cfec8a36c084e7a8ba6d86495f9600a45005c.jpeg": {
    "app_sintetizada": "1CFEC8A36C084E7A8BA6D86495F9600A45005C.JPEG",
    "cantidad_archivos": 1,
    "archivos_fuente": [
      "Pictures/Fototeca de Fotos.photoslibrary/resources/derivatives/masters/1/1CFEC8A3-6C08-4E7A-8BA6-D86495F9600A_4_5005_c.jpeg"
    ],
    "ultima_modificacion": "2025-08-01 01:01:09.425599"
  },
  "111350f019f843b29f88430279620eb745005c.jpeg": {
    "app_sintetizada": "111350F019F843B29F88430279620EB745005C.JPEG",
    "cantidad_archivos": 1,
    "archivos_fuente": [
      "Pictures/Fototeca de Fotos.photoslibrary/resources/derivatives/masters/1/111350F0-19F8-43B2-9F88-430279620EB7_4_5005_c.jpeg"
    ],
    "ultima_modificacion": "2025-08-01 01:01:09.425797"
  },
  "107994d32d054d0995cabc949ff76d7e45005c.jpeg": {
    "app_sintetizada": "107994D32D054D0995CABC949FF76D7E45005C.JPEG",
    "cantidad_archivos": 1,
    "archivos_fuente": [
      "Pictures/Fototeca de Fotos.photoslibrary/resources/derivatives/masters/1/107994D3-2D05-4D09-95CA-BC949FF76D7E_4_5005_c.jpeg"
    ],
    "ultima_modificacion": "2025-08-01 01:01:09.426113"
  },
  "18b6d9fe8e424460bc9ea1483469323e45005c.jpeg": {
    "app_sintetizada": "18B6D9FE8E424460BC9EA1483469323E45005C.JPEG",
    "cantidad_archivos": 1,
    "archivos_fuente": [
      "Pictures/Fototeca de Fotos.photoslibrary/resources/derivatives/masters/1/18B6D9FE-8E42-4460-BC9E-A1483469323E_4_5005_c.jpeg"
    ],
    "ultima_modificacion": "2025-08-01 01:01:09.426369"
  },
  "15dc155959694be68bb7915e70862c0845005c.jpeg": {
    "app_sintetizada": "15DC155959694BE68BB7915E70862C0845005C.JPEG",
    "cantidad_archivos": 1,
    "archivos_fuente": [
      "Pictures/Fototeca de Fotos.photoslibrary/resources/derivatives/masters/1/15DC1559-5969-4BE6-8BB7-915E70862C08_4_5005_c.jpeg"
    ],
    "ultima_modificacion": "2025-08-01 01:01:09.426718"
  },
  "12e241b40ec84dfeb1898e7bbdecbd4c45005c.jpeg": {
    "app_sintetizada": "12E241B40EC84DFEB1898E7BBDECBD4C45005C.JPEG",
    "cantidad_archivos": 1,
    "archivos_fuente": [
      "Pictures/Fototeca de Fotos.photoslibrary/resources/derivatives/masters/1/12E241B4-0EC8-4DFE-B189-8E7BBDECBD4C_4_5005_c.jpeg"
    ],
    "ultima_modificacion": "2025-08-01 01:01:09.426985"
  },
  "13689e2fe2a840308cd02bc669882dc845005c.jpeg": {
    "app_sintetizada": "13689E2FE2A840308CD02BC669882DC845005C.JPEG",
    "cantidad_archivos": 1,
    "archivos_fuente": [
      "Pictures/Fototeca de Fotos.photoslibrary/resources/derivatives/masters/1/13689E2F-E2A8-4030-8CD0-2BC669882DC8_4_5005_c.jpeg"
    ],
    "ultima_modificacion": "2025-08-01 01:01:09.427280"
  },
  "1db651dee24c47d0ba5a6987bc86624a45005c.jpeg": {
    "app_sintetizada": "1DB651DEE24C47D0BA5A6987BC86624A45005C.JPEG",
    "cantidad_archivos": 1,
    "archivos_fuente": [
      "Pictures/Fototeca de Fotos.photoslibrary/resources/derivatives/masters/1/1DB651DE-E24C-47D0-BA5A-6987BC86624A_4_5005_c.jpeg"
    ],
    "ultima_modificacion": "2025-08-01 01:01:09.427498"
  },
  "17318be6bcdf48808511b716024153ce45005c.jpeg": {
    "app_sintetizada": "17318BE6BCDF48808511B716024153CE45005C.JPEG",
    "cantidad_archivos": 1,
    "archivos_fuente": [
      "Pictures/Fototeca de Fotos.photoslibrary/resources/derivatives/masters/1/17318BE6-BCDF-4880-8511-B716024153CE_4_5005_c.jpeg"
    ],
    "ultima_modificacion": "2025-08-01 01:01:09.427693"
  },
  "10823b88b83f43df89017f12a938c0f545005c.jpeg": {
    "app_sintetizada": "10823B88B83F43DF89017F12A938C0F545005C.JPEG",
    "cantidad_archivos": 1,
    "archivos_fuente": [
      "Pictures/Fototeca de Fotos.photoslibrary/resources/derivatives/masters/1/10823B88-B83F-43DF-8901-7F12A938C0F5_4_5005_c.jpeg"
    ],
    "ultima_modificacion": "2025-08-01 01:01:09.427888"
  },
  "1bd1164ef0e84942adccf021ddc1462a45005c.jpeg": {
    "app_sintetizada": "1BD1164EF0E84942ADCCF021DDC1462A45005C.JPEG",
    "cantidad_archivos": 1,
    "archivos_fuente": [
      "Pictures/Fototeca de Fotos.photoslibrary/resources/derivatives/masters/1/1BD1164E-F0E8-4942-ADCC-F021DDC1462A_4_5005_c.jpeg"
    ],
    "ultima_modificacion": "2025-08-01 01:01:09.428095"
  },
  "18152a5964db4ac2a5d41eed605e6a3545005c.jpeg": {
    "app_sintetizada": "18152A5964DB4AC2A5D41EED605E6A3545005C.JPEG",
    "cantidad_archivos": 1,
    "archivos_fuente": [
      "Pictures/Fototeca de Fotos.photoslibrary/resources/derivatives/masters/1/18152A59-64DB-4AC2-A5D4-1EED605E6A35_4_5005_c.jpeg"
    ],
    "ultima_modificacion": "2025-08-01 01:01:09.428280"
  },
  "13bb4d81041c4ffd93c34498455b4e8a45005c.jpeg": {
    "app_sintetizada": "13BB4D81041C4FFD93C34498455B4E8A45005C.JPEG",
    "cantidad_archivos": 1,
    "archivos_fuente": [
      "Pictures/Fototeca de Fotos.photoslibrary/resources/derivatives/masters/1/13BB4D81-041C-4FFD-93C3-4498455B4E8A_4_5005_c.jpeg"
    ],
    "ultima_modificacion": "2025-08-01 01:01:09.428539"
  },
  "1ba48c4971e94e559c64a4fd512e1b4545005c.jpeg": {
    "app_sintetizada": "1BA48C4971E94E559C64A4FD512E1B4545005C.JPEG",
    "cantidad_archivos": 1,
    "archivos_fuente": [
      "Pictures/Fototeca de Fotos.photoslibrary/resources/derivatives/masters/1/1BA48C49-71E9-4E55-9C64-A4FD512E1B45_4_5005_c.jpeg"
    ],
    "ultima_modificacion": "2025-08-01 01:01:09.428824"
  },
  "15faf73a341541398f29f2af736b24ed45005c.jpeg": {
    "app_sintetizada": "15FAF73A341541398F29F2AF736B24ED45005C.JPEG",
    "cantidad_archivos": 1,
    "archivos_fuente": [
      "Pictures/Fototeca de Fotos.photoslibrary/resources/derivatives/masters/1/15FAF73A-3415-4139-8F29-F2AF736B24ED_4_5005_c.jpeg"
    ],
    "ultima_modificacion": "2025-08-01 01:01:09.429119"
  },
  "1e3073a982234b5ca4ea7ad1b465600a45005c.jpeg": {
    "app_sintetizada": "1E3073A982234B5CA4EA7AD1B465600A45005C.JPEG",
    "cantidad_archivos": 1,
    "archivos_fuente": [
      "Pictures/Fototeca de Fotos.photoslibrary/resources/derivatives/masters/1/1E3073A9-8223-4B5C-A4EA-7AD1B465600A_4_5005_c.jpeg"
    ],
    "ultima_modificacion": "2025-08-01 01:01:09.429369"
  },
  "14457c6a35cb4839be4be8b9255a0cac45005c.jpeg": {
    "app_sintetizada": "14457C6A35CB4839BE4BE8B9255A0CAC45005C.JPEG",
    "cantidad_archivos": 1,
    "archivos_fuente": [
      "Pictures/Fototeca de Fotos.photoslibrary/resources/derivatives/masters/1/14457C6A-35CB-4839-BE4B-E8B9255A0CAC_4_5005_c.jpeg"
    ],
    "ultima_modificacion": "2025-08-01 01:01:09.429639"
  }
}