{
  "21e1200a3a9b40618168eb765f4fd48d45005c.jpeg": {
    "app_sintetizada": "21E1200A3A9B40618168EB765F4FD48D45005C.JPEG",
    "cantidad_archivos": 1,
    "archivos_fuente": [
      "Pictures/Fototeca de Fotos.photoslibrary/resources/derivatives/masters/2/21E1200A-3A9B-4061-8168-EB765F4FD48D_4_5005_c.jpeg"
    ],
    "ultima_modificacion": "2025-08-01 01:01:19.177965"
  },
  "2ccbcac8e52349bab99b74f98291f82145005c.jpeg": {
    "app_sintetizada": "2CCBCAC8E52349BAB99B74F98291F82145005C.JPEG",
    "cantidad_archivos": 1,
    "archivos_fuente": [
      "Pictures/Fototeca de Fotos.photoslibrary/resources/derivatives/masters/2/2CCBCAC8-E523-49BA-B99B-74F98291F821_4_5005_c.jpeg"
    ],
    "ultima_modificacion": "2025-08-01 01:01:19.178262"
  },
  "20842ecdbb2847618f3c4674da83cc7a45005c.jpeg": {
    "app_sintetizada": "20842ECDBB2847618F3C4674DA83CC7A45005C.JPEG",
    "cantidad_archivos": 1,
    "archivos_fuente": [
      "Pictures/Fototeca de Fotos.photoslibrary/resources/derivatives/masters/2/20842ECD-BB28-4761-8F3C-4674DA83CC7A_4_5005_c.jpeg"
    ],
    "ultima_modificacion": "2025-08-01 01:01:19.178592"
  },
  "277c8ca1e7c646489a907a5ca336c81f45005c.jpeg": {
    "app_sintetizada": "277C8CA1E7C646489A907A5CA336C81F45005C.JPEG",
    "cantidad_archivos": 1,
    "archivos_fuente": [
      "Pictures/Fototeca de Fotos.photoslibrary/resources/derivatives/masters/2/277C8CA1-E7C6-4648-9A90-7A5CA336C81F_4_5005_c.jpeg"
    ],
    "ultima_modificacion": "2025-08-01 01:01:19.178891"
  },
  "29ae5fa292e3493a9b6a9947e5f627d045005c.jpeg": {
    "app_sintetizada": "29AE5FA292E3493A9B6A9947E5F627D045005C.JPEG",
    "cantidad_archivos": 1,
    "archivos_fuente": [
      "Pictures/Fototeca de Fotos.photoslibrary/resources/derivatives/masters/2/29AE5FA2-92E3-493A-9B6A-9947E5F627D0_4_5005_c.jpeg"
    ],
    "ultima_modificacion": "2025-08-01 01:01:19.179202"
  },
  "209530d928334d5d9fcf60a09bc2c1f445005c.jpeg": {
    "app_sintetizada": "209530D928334D5D9FCF60A09BC2C1F445005C.JPEG",
    "cantidad_archivos": 1,
    "archivos_fuente": [
      "Pictures/Fototeca de Fotos.photoslibrary/resources/derivatives/masters/2/209530D9-2833-4D5D-9FCF-60A09BC2C1F4_4_5005_c.jpeg"
    ],
    "ultima_modificacion": "2025-08-01 01:01:19.179509"
  },
  "2e1ae72185114ae4956ac4648b6917a745005c.jpeg": {
    "app_sintetizada": "2E1AE72185114AE4956AC4648B6917A745005C.JPEG",
    "cantidad_archivos": 1,
    "archivos_fuente": [
      "Pictures/Fototeca de Fotos.photoslibrary/resources/derivatives/masters/2/2E1AE721-8511-4AE4-956A-C4648B6917A7_4_5005_c.jpeg"
    ],
    "ultima_modificacion": "2025-08-01 01:01:19.179970"
  },
  "25a77b881900446fb9e8b9d52f1a6a4545005c.jpeg": {
    "app_sintetizada": "25A77B881900446FB9E8B9D52F1A6A4545005C.JPEG",
    "cantidad_archivos": 1,
    "archivos_fuente": [
      "Pictures/Fototeca de Fotos.photoslibrary/resources/derivatives/masters/2/25A77B88-1900-446F-B9E8-B9D52F1A6A45_4_5005_c.jpeg"
    ],
    "ultima_modificacion": "2025-08-01 01:01:19.180273"
  },
  "216d9b4979e5451b940260c5d23c9f0445005c.jpeg": {
    "app_sintetizada": "216D9B4979E5451B940260C5D23C9F0445005C.JPEG",
    "cantidad_archivos": 1,
    "archivos_fuente": [
      "Pictures/Fototeca de Fotos.photoslibrary/resources/derivatives/masters/2/216D9B49-79E5-451B-9402-60C5D23C9F04_4_5005_c.jpeg"
    ],
    "ultima_modificacion": "2025-08-01 01:01:19.180547"
  },
  "20d71215f91b46d194c028e4ad9b649145005c.jpeg": {
    "app_sintetizada": "20D71215F91B46D194C028E4AD9B649145005C.JPEG",
    "cantidad_archivos": 1,
    "archivos_fuente": [
      "Pictures/Fototeca de Fotos.photoslibrary/resources/derivatives/masters/2/20D71215-F91B-46D1-94C0-28E4AD9B6491_4_5005_c.jpeg"
    ],
    "ultima_modificacion": "2025-08-01 01:01:19.180860"
  },
  "2dff531d1799476894e0d076bb4605c545005c.jpeg": {
    "app_sintetizada": "2DFF531D1799476894E0D076BB4605C545005C.JPEG",
    "cantidad_archivos": 1,
    "archivos_fuente": [
      "Pictures/Fototeca de Fotos.photoslibrary/resources/derivatives/masters/2/2DFF531D-1799-4768-94E0-D076BB4605C5_4_5005_c.jpeg"
    ],
    "ultima_modificacion": "2025-08-01 01:01:19.181206"
  },
  "225aa2f9226941cdb301970e3b7f5ff445005c.jpeg": {
    "app_sintetizada": "225AA2F9226941CDB301970E3B7F5FF445005C.JPEG",
    "cantidad_archivos": 1,
    "archivos_fuente": [
      "Pictures/Fototeca de Fotos.photoslibrary/resources/derivatives/masters/2/225AA2F9-2269-41CD-B301-970E3B7F5FF4_4_5005_c.jpeg"
    ],
    "ultima_modificacion": "2025-08-01 01:01:19.181566"
  },
  "2a4d1cd07f384d2db9b79cf9e5f8251145005c.jpeg": {
    "app_sintetizada": "2A4D1CD07F384D2DB9B79CF9E5F8251145005C.JPEG",
    "cantidad_archivos": 1,
    "archivos_fuente": [
      "Pictures/Fototeca de Fotos.photoslibrary/resources/derivatives/masters/2/2A4D1CD0-7F38-4D2D-B9B7-9CF9E5F82511_4_5005_c.jpeg"
    ],
    "ultima_modificacion": "2025-08-01 01:01:19.181926"
  },
  "2bb0ff6e6363417cae23d986bdaf9d3d45005c.jpeg": {
    "app_sintetizada": "2BB0FF6E6363417CAE23D986BDAF9D3D45005C.JPEG",
    "cantidad_archivos": 1,
    "archivos_fuente": [
      "Pictures/Fototeca de Fotos.photoslibrary/resources/derivatives/masters/2/2BB0FF6E-6363-417C-AE23-D986BDAF9D3D_4_5005_c.jpeg"
    ],
    "ultima_modificacion": "2025-08-01 01:01:19.182275"
  },
  "2fdb1f1d4259477baebe6a784d16d0b945005c.jpeg": {
    "app_sintetizada": "2FDB1F1D4259477BAEBE6A784D16D0B945005C.JPEG",
    "cantidad_archivos": 1,
    "archivos_fuente": [
      "Pictures/Fototeca de Fotos.photoslibrary/resources/derivatives/masters/2/2FDB1F1D-4259-477B-AEBE-6A784D16D0B9_4_5005_c.jpeg"
    ],
    "ultima_modificacion": "2025-08-01 01:01:19.182609"
  },
  "24b0e2a8210044bcbd674b69f2827dc445005c.jpeg": {
    "app_sintetizada": "24B0E2A8210044BCBD674B69F2827DC445005C.JPEG",
    "cantidad_archivos": 1,
    "archivos_fuente": [
      "Pictures/Fototeca de Fotos.photoslibrary/resources/derivatives/masters/2/24B0E2A8-2100-44BC-BD67-4B69F2827DC4_4_5005_c.jpeg"
    ],
    "ultima_modificacion": "2025-08-01 01:01:19.182941"
  },
  "21458f2e283f45ea9a40dc6f0d3da80e45005c.jpeg": {
    "app_sintetizada": "21458F2E283F45EA9A40DC6F0D3DA80E45005C.JPEG",
    "cantidad_archivos": 1,
    "archivos_fuente": [
      "Pictures/Fototeca de Fotos.photoslibrary/resources/derivatives/masters/2/21458F2E-283F-45EA-9A40-DC6F0D3DA80E_4_5005_c.jpeg"
    ],
    "ultima_modificacion": "2025-08-01 01:01:19.183274"
  },
  "29f74a9514c6427e8756dea810c997f345005c.jpeg": {
    "app_sintetizada": "29F74A9514C6427E8756DEA810C997F345005C.JPEG",
    "cantidad_archivos": 1,
    "archivos_fuente": [
      "Pictures/Fototeca de Fotos.photoslibrary/resources/derivatives/masters/2/29F74A95-14C6-427E-8756-DEA810C997F3_4_5005_c.jpeg"
    ],
    "ultima_modificacion": "2025-08-01 01:01:19.183608"
  },
  "25a1b12573f84a5f8dffe084e2e1366e45005c.jpeg": {
    "app_sintetizada": "25A1B12573F84A5F8DFFE084E2E1366E45005C.JPEG",
    "cantidad_archivos": 1,
    "archivos_fuente": [
      "Pictures/Fototeca de Fotos.photoslibrary/resources/derivatives/masters/2/25A1B125-73F8-4A5F-8DFF-E084E2E1366E_4_5005_c.jpeg"
    ],
    "ultima_modificacion": "2025-08-01 01:01:19.183965"
  },
  "2216ba972e6545bca27b0c5e7d0a745445005c.jpeg": {
    "app_sintetizada": "2216BA972E6545BCA27B0C5E7D0A745445005C.JPEG",
    "cantidad_archivos": 1,
    "archivos_fuente": [
      "Pictures/Fototeca de Fotos.photoslibrary/resources/derivatives/masters/2/2216BA97-2E65-45BC-A27B-0C5E7D0A7454_4_5005_c.jpeg"
    ],
    "ultima_modificacion": "2025-08-01 01:01:19.184300"
  },
  "2e1e09f92d4b46e99af9fdddb58527c545005c.jpeg": {
    "app_sintetizada": "2E1E09F92D4B46E99AF9FDDDB58527C545005C.JPEG",
    "cantidad_archivos": 1,
    "archivos_fuente": [
      "Pictures/Fototeca de Fotos.photoslibrary/resources/derivatives/masters/2/2E1E09F9-2D4B-46E9-9AF9-FDDDB58527C5_4_5005_c.jpeg"
    ],
    "ultima_modificacion": "2025-08-01 01:01:19.184633"
  },
  "29a098c21bb6453a98ee4e65fb01320645005c.jpeg": {
    "app_sintetizada": "29A098C21BB6453A98EE4E65FB01320645005C.JPEG",
    "cantidad_archivos": 1,
    "archivos_fuente": [
      "Pictures/Fototeca de Fotos.photoslibrary/resources/derivatives/masters/2/29A098C2-1BB6-453A-98EE-4E65FB013206_4_5005_c.jpeg"
    ],
    "ultima_modificacion": "2025-08-01 01:01:19.184990"
  },
  "23e28d01639c469db9be2daf356d414145005c.jpeg": {
    "app_sintetizada": "23E28D01639C469DB9BE2DAF356D414145005C.JPEG",
    "cantidad_archivos": 1,
    "archivos_fuente": [
      "Pictures/Fototeca de Fotos.photoslibrary/resources/derivatives/masters/2/23E28D01-639C-469D-B9BE-2DAF356D4141_4_5005_c.jpeg"
    ],
    "ultima_modificacion": "2025-08-01 01:01:19.185356"
  },
  "24de33d52a9a43bfb4c4cebd56511d3445005c.jpeg": {
    "app_sintetizada": "24DE33D52A9A43BFB4C4CEBD56511D3445005C.JPEG",
    "cantidad_archivos": 1,
    "archivos_fuente": [
      "Pictures/Fototeca de Fotos.photoslibrary/resources/derivatives/masters/2/24DE33D5-2A9A-43BF-B4C4-CEBD56511D34_4_5005_c.jpeg"
    ],
    "ultima_modificacion": "2025-08-01 01:01:19.185687"
  },
  "2ddae7e3523b4b3bb4b916df664096e645005c.jpeg": {
    "app_sintetizada": "2DDAE7E3523B4B3BB4B916DF664096E645005C.JPEG",
    "cantidad_archivos": 1,
    "archivos_fuente": [
      "Pictures/Fototeca de Fotos.photoslibrary/resources/derivatives/masters/2/2DDAE7E3-523B-4B3B-B4B9-16DF664096E6_4_5005_c.jpeg"
    ],
    "ultima_modificacion": "2025-08-01 01:01:19.186005"
  },
  "216e8ae342e045ec89bf367cd0bc40dd45005c.jpeg": {
    "app_sintetizada": "216E8AE342E045EC89BF367CD0BC40DD45005C.JPEG",
    "cantidad_archivos": 1,
    "archivos_fuente": [
      "Pictures/Fototeca de Fotos.photoslibrary/resources/derivatives/masters/2/216E8AE3-42E0-45EC-89BF-367CD0BC40DD_4_5005_c.jpeg"
    ],
    "ultima_modificacion": "2025-08-01 01:01:19.186344"
  },
  "28885077c3c741d5bc956b8397cfbe2b45005c.jpeg": {
    "app_sintetizada": "28885077C3C741D5BC956B8397CFBE2B45005C.JPEG",
    "cantidad_archivos": 1,
    "archivos_fuente": [
      "Pictures/Fototeca de Fotos.photoslibrary/resources/derivatives/masters/2/28885077-C3C7-41D5-BC95-6B8397CFBE2B_4_5005_c.jpeg"
    ],
    "ultima_modificacion": "2025-08-01 01:01:19.186743"
  },
  "26a897f42e35485e8d6f1f3ea38c185945005c.jpeg": {
    "app_sintetizada": "26A897F42E35485E8D6F1F3EA38C185945005C.JPEG",
    "cantidad_archivos": 1,
    "archivos_fuente": [
      "Pictures/Fototeca de Fotos.photoslibrary/resources/derivatives/masters/2/26A897F4-2E35-485E-8D6F-1F3EA38C1859_4_5005_c.jpeg"
    ],
    "ultima_modificacion": "2025-08-01 01:01:19.212532"
  },
  "277c8c4e8e804fdca69416485246fd5345005c.jpeg": {
    "app_sintetizada": "277C8C4E8E804FDCA69416485246FD5345005C.JPEG",
    "cantidad_archivos": 1,
    "archivos_fuente": [
      "Pictures/Fototeca de Fotos.photoslibrary/resources/derivatives/masters/2/277C8C4E-8E80-4FDC-A694-16485246FD53_4_5005_c.jpeg"
    ],
    "ultima_modificacion": "2025-08-01 01:01:19.214438"
  },
  "2fc607c9a53a42af8a072bedb715031845005c.jpeg": {
    "app_sintetizada": "2FC607C9A53A42AF8A072BEDB715031845005C.JPEG",
    "cantidad_archivos": 1,
    "archivos_fuente": [
      "Pictures/Fototeca de Fotos.photoslibrary/resources/derivatives/masters/2/2FC607C9-A53A-42AF-8A07-2BEDB7150318_4_5005_c.jpeg"
    ],
    "ultima_modificacion": "2025-08-01 01:01:19.215228"
  },
  "255b839d468f4ff4ab6db99062b1721b45005c.jpeg": {
    "app_sintetizada": "255B839D468F4FF4AB6DB99062B1721B45005C.JPEG",
    "cantidad_archivos": 1,
    "archivos_fuente": [
      "Pictures/Fototeca de Fotos.photoslibrary/resources/derivatives/masters/2/255B839D-468F-4FF4-AB6D-B99062B1721B_4_5005_c.jpeg"
    ],
    "ultima_modificacion": "2025-08-01 01:01:19.215743"
  },
  "2913377a4a4c494fa138c9fd60cb000845005c.jpeg": {
    "app_sintetizada": "2913377A4A4C494FA138C9FD60CB000845005C.JPEG",
    "cantidad_archivos": 1,
    "archivos_fuente": [
      "Pictures/Fototeca de Fotos.photoslibrary/resources/derivatives/masters/2/2913377A-4A4C-494F-A138-C9FD60CB0008_4_5005_c.jpeg"
    ],
    "ultima_modificacion": "2025-08-01 01:01:19.216089"
  },
  "24541d5d98ac4762b0417948b97864c245005c.jpeg": {
    "app_sintetizada": "24541D5D98AC4762B0417948B97864C245005C.JPEG",
    "cantidad_archivos": 1,
    "archivos_fuente": [
      "Pictures/Fototeca de Fotos.photoslibrary/resources/derivatives/masters/2/24541D5D-98AC-4762-B041-7948B97864C2_4_5005_c.jpeg"
    ],
    "ultima_modificacion": "2025-08-01 01:01:19.217426"
  },
  "24bfd5e1c584430a989de99de432412045005c.jpeg": {
    "app_sintetizada": "24BFD5E1C584430A989DE99DE432412045005C.JPEG",
    "cantidad_archivos": 1,
    "archivos_fuente": [
      "Pictures/Fototeca de Fotos.photoslibrary/resources/derivatives/masters/2/24BFD5E1-C584-430A-989D-E99DE4324120_4_5005_c.jpeg"
    ],
    "ultima_modificacion": "2025-08-01 01:01:19.217909"
  },
  "2fe172ae2abf4a0ca30367b23b7ab40145005c.jpeg": {
    "app_sintetizada": "2FE172AE2ABF4A0CA30367B23B7AB40145005C.JPEG",
    "cantidad_archivos": 1,
    "archivos_fuente": [
      "Pictures/Fototeca de Fotos.photoslibrary/resources/derivatives/masters/2/2FE172AE-2ABF-4A0C-A303-67B23B7AB401_4_5005_c.jpeg"
    ],
    "ultima_modificacion": "2025-08-01 01:01:19.218244"
  },
  "243d593a1ef34c6ba301f186fb28e85145005c.jpeg": {
    "app_sintetizada": "243D593A1EF34C6BA301F186FB28E85145005C.JPEG",
    "cantidad_archivos": 1,
    "archivos_fuente": [
      "Pictures/Fototeca de Fotos.photoslibrary/resources/derivatives/masters/2/243D593A-1EF3-4C6B-A301-F186FB28E851_4_5005_c.jpeg"
    ],
    "ultima_modificacion": "2025-08-01 01:01:19.218621"
  },
  "2b7331d3901f424390b4634f72fecbe745005c.jpeg": {
    "app_sintetizada": "2B7331D3901F424390B4634F72FECBE745005C.JPEG",
    "cantidad_archivos": 1,
    "archivos_fuente": [
      "Pictures/Fototeca de Fotos.photoslibrary/resources/derivatives/masters/2/2B7331D3-901F-4243-90B4-634F72FECBE7_4_5005_c.jpeg"
    ],
    "ultima_modificacion": "2025-08-01 01:01:19.219037"
  },
  "250f66705dcb46baa392c6a0cfd7138d45005c.jpeg": {
    "app_sintetizada": "250F66705DCB46BAA392C6A0CFD7138D45005C.JPEG",
    "cantidad_archivos": 1,
    "archivos_fuente": [
      "Pictures/Fototeca de Fotos.photoslibrary/resources/derivatives/masters/2/250F6670-5DCB-46BA-A392-C6A0CFD7138D_4_5005_c.jpeg"
    ],
    "ultima_modificacion": "2025-08-01 01:01:19.219867"
  },
  "2c26f8a155f74ce998c5732ea380285445005c.jpeg": {
    "app_sintetizada": "2C26F8A155F74CE998C5732EA380285445005C.JPEG",
    "cantidad_archivos": 1,
    "archivos_fuente": [
      "Pictures/Fototeca de Fotos.photoslibrary/resources/derivatives/masters/2/2C26F8A1-55F7-4CE9-98C5-732EA3802854_4_5005_c.jpeg"
    ],
    "ultima_modificacion": "2025-08-01 01:01:19.220213"
  },
  "277ac46e595849f1ac2833a8730a5a7445005c.jpeg": {
    "app_sintetizada": "277AC46E595849F1AC2833A8730A5A7445005C.JPEG",
    "cantidad_archivos": 1,
    "archivos_fuente": [
      "Pictures/Fototeca de Fotos.photoslibrary/resources/derivatives/masters/2/277AC46E-5958-49F1-AC28-33A8730A5A74_4_5005_c.jpeg"
    ],
    "ultima_modificacion": "2025-08-01 01:01:19.220516"
  },
  "2e858a4b26364a8a9ad68dae41a9f4e345005c.jpeg": {
    "app_sintetizada": "2E858A4B26364A8A9AD68DAE41A9F4E345005C.JPEG",
    "cantidad_archivos": 1,
    "archivos_fuente": [
      "Pictures/Fototeca de Fotos.photoslibrary/resources/derivatives/masters/2/2E858A4B-2636-4A8A-9AD6-8DAE41A9F4E3_4_5005_c.jpeg"
    ],
    "ultima_modificacion": "2025-08-01 01:01:19.220859"
  },
  "2400ec86a14140ceb7526a3648c9fb6145005c.jpeg": {
    "app_sintetizada": "2400EC86A14140CEB7526A3648C9FB6145005C.JPEG",
    "cantidad_archivos": 1,
    "archivos_fuente": [
      "Pictures/Fototeca de Fotos.photoslibrary/resources/derivatives/masters/2/2400EC86-A141-40CE-B752-6A3648C9FB61_4_5005_c.jpeg"
    ],
    "ultima_modificacion": "2025-08-01 01:01:19.221270"
  },
  "29f59b10eca1475db95cb60b4e02baf545005c.jpeg": {
    "app_sintetizada": "29F59B10ECA1475DB95CB60B4E02BAF545005C.JPEG",
    "cantidad_archivos": 1,
    "archivos_fuente": [
      "Pictures/Fototeca de Fotos.photoslibrary/resources/derivatives/masters/2/29F59B10-ECA1-475D-B95C-B60B4E02BAF5_4_5005_c.jpeg"
    ],
    "ultima_modificacion": "2025-08-01 01:01:19.221591"
  },
  "2f01a73a29bd4e2a891512f79b673b9c45005c.jpeg": {
    "app_sintetizada": "2F01A73A29BD4E2A891512F79B673B9C45005C.JPEG",
    "cantidad_archivos": 1,
    "archivos_fuente": [
      "Pictures/Fototeca de Fotos.photoslibrary/resources/derivatives/masters/2/2F01A73A-29BD-4E2A-8915-12F79B673B9C_4_5005_c.jpeg"
    ],
    "ultima_modificacion": "2025-08-01 01:01:19.221995"
  },
  "20d4d7145fe34272bbfabeb33dd4e35b45005c.jpeg": {
    "app_sintetizada": "20D4D7145FE34272BBFABEB33DD4E35B45005C.JPEG",
    "cantidad_archivos": 1,
    "archivos_fuente": [
      "Pictures/Fototeca de Fotos.photoslibrary/resources/derivatives/masters/2/20D4D714-5FE3-4272-BBFA-BEB33DD4E35B_4_5005_c.jpeg"
    ],
    "ultima_modificacion": "2025-08-01 01:01:19.225419"
  },
  "28beabbe26394e2f980f9ce7bbbac7ea45005c.jpeg": {
    "app_sintetizada": "28BEABBE26394E2F980F9CE7BBBAC7EA45005C.JPEG",
    "cantidad_archivos": 1,
    "archivos_fuente": [
      "Pictures/Fototeca de Fotos.photoslibrary/resources/derivatives/masters/2/28BEABBE-2639-4E2F-980F-9CE7BBBAC7EA_4_5005_c.jpeg"
    ],
    "ultima_modificacion": "2025-08-01 01:01:19.227653"
  },
  "29f39a6df6e448c4954854d00f6cfea645005c.jpeg": {
    "app_sintetizada": "29F39A6DF6E448C4954854D00F6CFEA645005C.JPEG",
    "cantidad_archivos": 1,
    "archivos_fuente": [
      "Pictures/Fototeca de Fotos.photoslibrary/resources/derivatives/masters/2/29F39A6D-F6E4-48C4-9548-54D00F6CFEA6_4_5005_c.jpeg"
    ],
    "ultima_modificacion": "2025-08-01 01:01:19.228808"
  },
  "233640ec2cbe40178f15a354ddb7222645005c.jpeg": {
    "app_sintetizada": "233640EC2CBE40178F15A354DDB7222645005C.JPEG",
    "cantidad_archivos": 1,
    "archivos_fuente": [
      "Pictures/Fototeca de Fotos.photoslibrary/resources/derivatives/masters/2/233640EC-2CBE-4017-8F15-A354DDB72226_4_5005_c.jpeg"
    ],
    "ultima_modificacion": "2025-08-01 01:01:19.229211"
  },
  "2e8c8f803ece4d0a9b66ab09dd457aa745005c.jpeg": {
    "app_sintetizada": "2E8C8F803ECE4D0A9B66AB09DD457AA745005C.JPEG",
    "cantidad_archivos": 1,
    "archivos_fuente": [
      "Pictures/Fototeca de Fotos.photoslibrary/resources/derivatives/masters/2/2E8C8F80-3ECE-4D0A-9B66-AB09DD457AA7_4_5005_c.jpeg"
    ],
    "ultima_modificacion": "2025-08-01 01:01:19.229512"
  },
  "2a8fa1d4495246f086cbade49bc2a96245005c.jpeg": {
    "app_sintetizada": "2A8FA1D4495246F086CBADE49BC2A96245005C.JPEG",
    "cantidad_archivos": 1,
    "archivos_fuente": [
      "Pictures/Fototeca de Fotos.photoslibrary/resources/derivatives/masters/2/2A8FA1D4-4952-46F0-86CB-ADE49BC2A962_4_5005_c.jpeg"
    ],
    "ultima_modificacion": "2025-08-01 01:01:19.229858"
  },
  "2f9c4ab34bd84ed4a30529392963581645005c.jpeg": {
    "app_sintetizada": "2F9C4AB34BD84ED4A30529392963581645005C.JPEG",
    "cantidad_archivos": 1,
    "archivos_fuente": [
      "Pictures/Fototeca de Fotos.photoslibrary/resources/derivatives/masters/2/2F9C4AB3-4BD8-4ED4-A305-293929635816_4_5005_c.jpeg"
    ],
    "ultima_modificacion": "2025-08-01 01:01:19.230237"
  },
  "2efc4d73ed964c979674b6443035cb7a45005c.jpeg": {
    "app_sintetizada": "2EFC4D73ED964C979674B6443035CB7A45005C.JPEG",
    "cantidad_archivos": 1,
    "archivos_fuente": [
      "Pictures/Fototeca de Fotos.photoslibrary/resources/derivatives/masters/2/2EFC4D73-ED96-4C97-9674-B6443035CB7A_4_5005_c.jpeg"
    ],
    "ultima_modificacion": "2025-08-01 01:01:19.230603"
  },
  "2f0f48001470462b81b940b9ae1ba6ee45005c.jpeg": {
    "app_sintetizada": "2F0F48001470462B81B940B9AE1BA6EE45005C.JPEG",
    "cantidad_archivos": 1,
    "archivos_fuente": [
      "Pictures/Fototeca de Fotos.photoslibrary/resources/derivatives/masters/2/2F0F4800-1470-462B-81B9-40B9AE1BA6EE_4_5005_c.jpeg"
    ],
    "ultima_modificacion": "2025-08-01 01:01:19.230952"
  },
  "22ec9b6429754a8ab7e841e598decfe045005c.jpeg": {
    "app_sintetizada": "22EC9B6429754A8AB7E841E598DECFE045005C.JPEG",
    "cantidad_archivos": 1,
    "archivos_fuente": [
      "Pictures/Fototeca de Fotos.photoslibrary/resources/derivatives/masters/2/22EC9B64-2975-4A8A-B7E8-41E598DECFE0_4_5005_c.jpeg"
    ],
    "ultima_modificacion": "2025-08-01 01:01:19.231293"
  },
  "27558c6d2e6c4368a89ee2f5e7fa5c2845005c.jpeg": {
    "app_sintetizada": "27558C6D2E6C4368A89EE2F5E7FA5C2845005C.JPEG",
    "cantidad_archivos": 1,
    "archivos_fuente": [
      "Pictures/Fototeca de Fotos.photoslibrary/resources/derivatives/masters/2/27558C6D-2E6C-4368-A89E-E2F5E7FA5C28_4_5005_c.jpeg"
    ],
    "ultima_modificacion": "2025-08-01 01:01:19.231646"
  },
  "27f57201e8a04faf9fc9c23d1245365645005c.jpeg": {
    "app_sintetizada": "27F57201E8A04FAF9FC9C23D1245365645005C.JPEG",
    "cantidad_archivos": 1,
    "archivos_fuente": [
      "Pictures/Fototeca de Fotos.photoslibrary/resources/derivatives/masters/2/27F57201-E8A0-4FAF-9FC9-C23D12453656_4_5005_c.jpeg"
    ],
    "ultima_modificacion": "2025-08-01 01:01:19.231991"
  },
  "24bc0a0d6fad4e709728c53fae96e4dd45005c.jpeg": {
    "app_sintetizada": "24BC0A0D6FAD4E709728C53FAE96E4DD45005C.JPEG",
    "cantidad_archivos": 1,
    "archivos_fuente": [
      "Pictures/Fototeca de Fotos.photoslibrary/resources/derivatives/masters/2/24BC0A0D-6FAD-4E70-9728-C53FAE96E4DD_4_5005_c.jpeg"
    ],
    "ultima_modificacion": "2025-08-01 01:01:19.232344"
  },
  "253b3ddd360b4648974537855cd3422045005c.jpeg": {
    "app_sintetizada": "253B3DDD360B4648974537855CD3422045005C.JPEG",
    "cantidad_archivos": 1,
    "archivos_fuente": [
      "Pictures/Fototeca de Fotos.photoslibrary/resources/derivatives/masters/2/253B3DDD-360B-4648-9745-37855CD34220_4_5005_c.jpeg"
    ],
    "ultima_modificacion": "2025-08-01 01:01:19.232714"
  },
  "2d3c3cbd140441b6acb75f46d66065c145005c.jpeg": {
    "app_sintetizada": "2D3C3CBD140441B6ACB75F46D66065C145005C.JPEG",
    "cantidad_archivos": 1,
    "archivos_fuente": [
      "Pictures/Fototeca de Fotos.photoslibrary/resources/derivatives/masters/2/2D3C3CBD-1404-41B6-ACB7-5F46D66065C1_4_5005_c.jpeg"
    ],
    "ultima_modificacion": "2025-08-01 01:01:19.233054"
  },
  "2844aa61dcca4eddba0b8369aeafaf7545005c.jpeg": {
    "app_sintetizada": "2844AA61DCCA4EDDBA0B8369AEAFAF7545005C.JPEG",
    "cantidad_archivos": 1,
    "archivos_fuente": [
      "Pictures/Fototeca de Fotos.photoslibrary/resources/derivatives/masters/2/2844AA61-DCCA-4EDD-BA0B-8369AEAFAF75_4_5005_c.jpeg"
    ],
    "ultima_modificacion": "2025-08-01 01:01:19.233389"
  },
  "279a703571df49a6adbec5654897703545005c.jpeg": {
    "app_sintetizada": "279A703571DF49A6ADBEC5654897703545005C.JPEG",
    "cantidad_archivos": 1,
    "archivos_fuente": [
      "Pictures/Fototeca de Fotos.photoslibrary/resources/derivatives/masters/2/279A7035-71DF-49A6-ADBE-C56548977035_4_5005_c.jpeg"
    ],
    "ultima_modificacion": "2025-08-01 01:01:19.233755"
  },
  "20c3abd937cf4384908f400e1942619345005c.jpeg": {
    "app_sintetizada": "20C3ABD937CF4384908F400E1942619345005C.JPEG",
    "cantidad_archivos": 1,
    "archivos_fuente": [
      "Pictures/Fototeca de Fotos.photoslibrary/resources/derivatives/masters/2/20C3ABD9-37CF-4384-908F-400E19426193_4_5005_c.jpeg"
    ],
    "ultima_modificacion": "2025-08-01 01:01:19.234104"
  },
  "28930cba4998485a8f51344e6e7373d245005c.jpeg": {
    "app_sintetizada": "28930CBA4998485A8F51344E6E7373D245005C.JPEG",
    "cantidad_archivos": 1,
    "archivos_fuente": [
      "Pictures/Fototeca de Fotos.photoslibrary/resources/derivatives/masters/2/28930CBA-4998-485A-8F51-344E6E7373D2_4_5005_c.jpeg"
    ],
    "ultima_modificacion": "2025-08-01 01:01:19.234453"
  },
  "26947eeceb9048ab83ab2152e53b833d45005c.jpeg": {
    "app_sintetizada": "26947EECEB9048AB83AB2152E53B833D45005C.JPEG",
    "cantidad_archivos": 1,
    "archivos_fuente": [
      "Pictures/Fototeca de Fotos.photoslibrary/resources/derivatives/masters/2/26947EEC-EB90-48AB-83AB-2152E53B833D_4_5005_c.jpeg"
    ],
    "ultima_modificacion": "2025-08-01 01:01:19.234748"
  },
  "2d0dcb9cc9d1440bacecf53a313e3a5d45005c.jpeg": {
    "app_sintetizada": "2D0DCB9CC9D1440BACECF53A313E3A5D45005C.JPEG",
    "cantidad_archivos": 1,
    "archivos_fuente": [
      "Pictures/Fototeca de Fotos.photoslibrary/resources/derivatives/masters/2/2D0DCB9C-C9D1-440B-ACEC-F53A313E3A5D_4_5005_c.jpeg"
    ],
    "ultima_modificacion": "2025-08-01 01:01:19.235146"
  },
  "25767d4b6d754034983f8e55330e6dc745005c.jpeg": {
    "app_sintetizada": "25767D4B6D754034983F8E55330E6DC745005C.JPEG",
    "cantidad_archivos": 1,
    "archivos_fuente": [
      "Pictures/Fototeca de Fotos.photoslibrary/resources/derivatives/masters/2/25767D4B-6D75-4034-983F-8E55330E6DC7_4_5005_c.jpeg"
    ],
    "ultima_modificacion": "2025-08-01 01:01:19.235500"
  },
  "2d229bf45dd04eb388fa7cce33c14fe745005c.jpeg": {
    "app_sintetizada": "2D229BF45DD04EB388FA7CCE33C14FE745005C.JPEG",
    "cantidad_archivos": 1,
    "archivos_fuente": [
      "Pictures/Fototeca de Fotos.photoslibrary/resources/derivatives/masters/2/2D229BF4-5DD0-4EB3-88FA-7CCE33C14FE7_4_5005_c.jpeg"
    ],
    "ultima_modificacion": "2025-08-01 01:01:19.235854"
  },
  "230b0b533b3e443f8ed51ec8f25285b445005c.jpeg": {
    "app_sintetizada": "230B0B533B3E443F8ED51EC8F25285B445005C.JPEG",
    "cantidad_archivos": 1,
    "archivos_fuente": [
      "Pictures/Fototeca de Fotos.photoslibrary/resources/derivatives/masters/2/230B0B53-3B3E-443F-8ED5-1EC8F25285B4_4_5005_c.jpeg"
    ],
    "ultima_modificacion": "2025-08-01 01:01:19.236181"
  },
  "2526e0ba4a6746f1aec9a311d3826fea45005c.jpeg": {
    "app_sintetizada": "2526E0BA4A6746F1AEC9A311D3826FEA45005C.JPEG",
    "cantidad_archivos": 1,
    "archivos_fuente": [
      "Pictures/Fototeca de Fotos.photoslibrary/resources/derivatives/masters/2/2526E0BA-4A67-46F1-AEC9-A311D3826FEA_4_5005_c.jpeg"
    ],
    "ultima_modificacion": "2025-08-01 01:01:19.236536"
  },
  "2a49bf7f80b1403f838569ad7404a08045005c.jpeg": {
    "app_sintetizada": "2A49BF7F80B1403F838569AD7404A08045005C.JPEG",
    "cantidad_archivos": 1,
    "archivos_fuente": [
      "Pictures/Fototeca de Fotos.photoslibrary/resources/derivatives/masters/2/2A49BF7F-80B1-403F-8385-69AD7404A080_4_5005_c.jpeg"
    ],
    "ultima_modificacion": "2025-08-01 01:01:19.236840"
  },
  "244fb415744747308c86cd0b4a8a513e45005c.jpeg": {
    "app_sintetizada": "244FB415744747308C86CD0B4A8A513E45005C.JPEG",
    "cantidad_archivos": 1,
    "archivos_fuente": [
      "Pictures/Fototeca de Fotos.photoslibrary/resources/derivatives/masters/2/244FB415-7447-4730-8C86-CD0B4A8A513E_4_5005_c.jpeg"
    ],
    "ultima_modificacion": "2025-08-01 01:01:19.237284"
  },
  "22b5fa393dc24e7daf009185d934ed4f45005c.jpeg": {
    "app_sintetizada": "22B5FA393DC24E7DAF009185D934ED4F45005C.JPEG",
    "cantidad_archivos": 1,
    "archivos_fuente": [
      "Pictures/Fototeca de Fotos.photoslibrary/resources/derivatives/masters/2/22B5FA39-3DC2-4E7D-AF00-9185D934ED4F_4_5005_c.jpeg"
    ],
    "ultima_modificacion": "2025-08-01 01:01:19.237613"
  },
  "2384e16749a34d88b61b68d321f1f5bb45005c.jpeg": {
    "app_sintetizada": "2384E16749A34D88B61B68D321F1F5BB45005C.JPEG",
    "cantidad_archivos": 1,
    "archivos_fuente": [
      "Pictures/Fototeca de Fotos.photoslibrary/resources/derivatives/masters/2/2384E167-49A3-4D88-B61B-68D321F1F5BB_4_5005_c.jpeg"
    ],
    "ultima_modificacion": "2025-08-01 01:01:19.237919"
  },
  "289f51fa7e9841bfb455d11fa23e84c545005c.jpeg": {
    "app_sintetizada": "289F51FA7E9841BFB455D11FA23E84C545005C.JPEG",
    "cantidad_archivos": 1,
    "archivos_fuente": [
      "Pictures/Fototeca de Fotos.photoslibrary/resources/derivatives/masters/2/289F51FA-7E98-41BF-B455-D11FA23E84C5_4_5005_c.jpeg"
    ],
    "ultima_modificacion": "2025-08-01 01:01:19.238229"
  },
  "23a3f423b55c4c33bf7a4a45467d966b45005c.jpeg": {
    "app_sintetizada": "23A3F423B55C4C33BF7A4A45467D966B45005C.JPEG",
    "cantidad_archivos": 1,
    "archivos_fuente": [
      "Pictures/Fototeca de Fotos.photoslibrary/resources/derivatives/masters/2/23A3F423-B55C-4C33-BF7A-4A45467D966B_4_5005_c.jpeg"
    ],
    "ultima_modificacion": "2025-08-01 01:01:19.238537"
  },
  "2034c5d8c51847ba87b4667b8b1dbfca45005c.jpeg": {
    "app_sintetizada": "2034C5D8C51847BA87B4667B8B1DBFCA45005C.JPEG",
    "cantidad_archivos": 1,
    "archivos_fuente": [
      "Pictures/Fototeca de Fotos.photoslibrary/resources/derivatives/masters/2/2034C5D8-C518-47BA-87B4-667B8B1DBFCA_4_5005_c.jpeg"
    ],
    "ultima_modificacion": "2025-08-01 01:01:19.238873"
  },
  "2ff87f0c87a5439686c37320b6661cc545005c.jpeg": {
    "app_sintetizada": "2FF87F0C87A5439686C37320B6661CC545005C.JPEG",
    "cantidad_archivos": 1,
    "archivos_fuente": [
      "Pictures/Fototeca de Fotos.photoslibrary/resources/derivatives/masters/2/2FF87F0C-87A5-4396-86C3-7320B6661CC5_4_5005_c.jpeg"
    ],
    "ultima_modificacion": "2025-08-01 01:01:19.239210"
  },
  "2dd70cbff8994105a4a56877d6e828f045005c.jpeg": {
    "app_sintetizada": "2DD70CBFF8994105A4A56877D6E828F045005C.JPEG",
    "cantidad_archivos": 1,
    "archivos_fuente": [
      "Pictures/Fototeca de Fotos.photoslibrary/resources/derivatives/masters/2/2DD70CBF-F899-4105-A4A5-6877D6E828F0_4_5005_c.jpeg"
    ],
    "ultima_modificacion": "2025-08-01 01:01:19.239551"
  },
  "223575341d054a7695687c7b0169abd845005c.jpeg": {
    "app_sintetizada": "223575341D054A7695687C7B0169ABD845005C.JPEG",
    "cantidad_archivos": 1,
    "archivos_fuente": [
      "Pictures/Fototeca de Fotos.photoslibrary/resources/derivatives/masters/2/22357534-1D05-4A76-9568-7C7B0169ABD8_4_5005_c.jpeg"
    ],
    "ultima_modificacion": "2025-08-01 01:01:19.239883"
  },
  "2770c05dcbfb49789d3241dc3fbb26cd45005c.jpeg": {
    "app_sintetizada": "2770C05DCBFB49789D3241DC3FBB26CD45005C.JPEG",
    "cantidad_archivos": 1,
    "archivos_fuente": [
      "Pictures/Fototeca de Fotos.photoslibrary/resources/derivatives/masters/2/2770C05D-CBFB-4978-9D32-41DC3FBB26CD_4_5005_c.jpeg"
    ],
    "ultima_modificacion": "2025-08-01 01:01:19.240226"
  },
  "2406dbac0f224d2396f6bf8f657ff7c245005c.jpeg": {
    "app_sintetizada": "2406DBAC0F224D2396F6BF8F657FF7C245005C.JPEG",
    "cantidad_archivos": 1,
    "archivos_fuente": [
      "Pictures/Fototeca de Fotos.photoslibrary/resources/derivatives/masters/2/2406DBAC-0F22-4D23-96F6-BF8F657FF7C2_4_5005_c.jpeg"
    ],
    "ultima_modificacion": "2025-08-01 01:01:19.240532"
  },
  "210cc93b47f140928b017f56b661c26c45005c.jpeg": {
    "app_sintetizada": "210CC93B47F140928B017F56B661C26C45005C.JPEG",
    "cantidad_archivos": 1,
    "archivos_fuente": [
      "Pictures/Fototeca de Fotos.photoslibrary/resources/derivatives/masters/2/210CC93B-47F1-4092-8B01-7F56B661C26C_4_5005_c.jpeg"
    ],
    "ultima_modificacion": "2025-08-01 01:01:19.240830"
  },
  "2a885deb2c8e4fd2ab41d5cf8f066bea45005c.jpeg": {
    "app_sintetizada": "2A885DEB2C8E4FD2AB41D5CF8F066BEA45005C.JPEG",
    "cantidad_archivos": 1,
    "archivos_fuente": [
      "Pictures/Fototeca de Fotos.photoslibrary/resources/derivatives/masters/2/2A885DEB-2C8E-4FD2-AB41-D5CF8F066BEA_4_5005_c.jpeg"
    ],
    "ultima_modificacion": "2025-08-01 01:01:19.241124"
  },
  "284eb3ce5631444fa818cd2c457f610445005c.jpeg": {
    "app_sintetizada": "284EB3CE5631444FA818CD2C457F610445005C.JPEG",
    "cantidad_archivos": 1,
    "archivos_fuente": [
      "Pictures/Fototeca de Fotos.photoslibrary/resources/derivatives/masters/2/284EB3CE-5631-444F-A818-CD2C457F6104_4_5005_c.jpeg"
    ],
    "ultima_modificacion": "2025-08-01 01:01:19.241446"
  },
  "22e31557b67b4c048cde033b5881ee8945005c.jpeg": {
    "app_sintetizada": "22E31557B67B4C048CDE033B5881EE8945005C.JPEG",
    "cantidad_archivos": 1,
    "archivos_fuente": [
      "Pictures/Fototeca de Fotos.photoslibrary/resources/derivatives/masters/2/22E31557-B67B-4C04-8CDE-033B5881EE89_4_5005_c.jpeg"
    ],
    "ultima_modificacion": "2025-08-01 01:01:19.241812"
  },
  "2250a18c10e245978091c20306662ce245005c.jpeg": {
    "app_sintetizada": "2250A18C10E245978091C20306662CE245005C.JPEG",
    "cantidad_archivos": 1,
    "archivos_fuente": [
      "Pictures/Fototeca de Fotos.photoslibrary/resources/derivatives/masters/2/2250A18C-10E2-4597-8091-C20306662CE2_4_5005_c.jpeg"
    ],
    "ultima_modificacion": "2025-08-01 01:01:19.242567"
  },
  "2e9e2296bcea4e3da608d87a5f99b22845005c.jpeg": {
    "app_sintetizada": "2E9E2296BCEA4E3DA608D87A5F99B22845005C.JPEG",
    "cantidad_archivos": 1,
    "archivos_fuente": [
      "Pictures/Fototeca de Fotos.photoslibrary/resources/derivatives/masters/2/2E9E2296-BCEA-4E3D-A608-D87A5F99B228_4_5005_c.jpeg"
    ],
    "ultima_modificacion": "2025-08-01 01:01:19.242912"
  },
  "267c4147457b449c832f9b38d781645d45005c.jpeg": {
    "app_sintetizada": "267C4147457B449C832F9B38D781645D45005C.JPEG",
    "cantidad_archivos": 1,
    "archivos_fuente": [
      "Pictures/Fototeca de Fotos.photoslibrary/resources/derivatives/masters/2/267C4147-457B-449C-832F-9B38D781645D_4_5005_c.jpeg"
    ],
    "ultima_modificacion": "2025-08-01 01:01:19.243261"
  },
  "22d66480cf494d879950beee43890cef45005c.jpeg": {
    "app_sintetizada": "22D66480CF494D879950BEEE43890CEF45005C.JPEG",
    "cantidad_archivos": 1,
    "archivos_fuente": [
      "Pictures/Fototeca de Fotos.photoslibrary/resources/derivatives/masters/2/22D66480-CF49-4D87-9950-BEEE43890CEF_4_5005_c.jpeg"
    ],
    "ultima_modificacion": "2025-08-01 01:01:19.243604"
  },
  "285cadfc0622424cbde6e3fe69860b4045005c.jpeg": {
    "app_sintetizada": "285CADFC0622424CBDE6E3FE69860B4045005C.JPEG",
    "cantidad_archivos": 1,
    "archivos_fuente": [
      "Pictures/Fototeca de Fotos.photoslibrary/resources/derivatives/masters/2/285CADFC-0622-424C-BDE6-E3FE69860B40_4_5005_c.jpeg"
    ],
    "ultima_modificacion": "2025-08-01 01:01:19.243939"
  },
  "228a59da3f98431ea9c334313abe5f7845005c.jpeg": {
    "app_sintetizada": "228A59DA3F98431EA9C334313ABE5F7845005C.JPEG",
    "cantidad_archivos": 1,
    "archivos_fuente": [
      "Pictures/Fototeca de Fotos.photoslibrary/resources/derivatives/masters/2/228A59DA-3F98-431E-A9C3-34313ABE5F78_4_5005_c.jpeg"
    ],
    "ultima_modificacion": "2025-08-01 01:01:19.244285"
  },
  "2593cdd2ec6b439c870e7edab1ddb5bd45005c.jpeg": {
    "app_sintetizada": "2593CDD2EC6B439C870E7EDAB1DDB5BD45005C.JPEG",
    "cantidad_archivos": 1,
    "archivos_fuente": [
      "Pictures/Fototeca de Fotos.photoslibrary/resources/derivatives/masters/2/2593CDD2-EC6B-439C-870E-7EDAB1DDB5BD_4_5005_c.jpeg"
    ],
    "ultima_modificacion": "2025-08-01 01:01:19.244609"
  },
  "26260914c3084daaa59dfe056435999845005c.jpeg": {
    "app_sintetizada": "26260914C3084DAAA59DFE056435999845005C.JPEG",
    "cantidad_archivos": 1,
    "archivos_fuente": [
      "Pictures/Fototeca de Fotos.photoslibrary/resources/derivatives/masters/2/26260914-C308-4DAA-A59D-FE0564359998_4_5005_c.jpeg"
    ],
    "ultima_modificacion": "2025-08-01 01:01:19.244927"
  },
  "29caadb0d635462cb4e8c3e4e969b92b45005c.jpeg": {
    "app_sintetizada": "29CAADB0D635462CB4E8C3E4E969B92B45005C.JPEG",
    "cantidad_archivos": 1,
    "archivos_fuente": [
      "Pictures/Fototeca de Fotos.photoslibrary/resources/derivatives/masters/2/29CAADB0-D635-462C-B4E8-C3E4E969B92B_4_5005_c.jpeg"
    ],
    "ultima_modificacion": "2025-08-01 01:01:19.245250"
  },
  "281b5de58b3043249e57cc18d1d07b6945005c.jpeg": {
    "app_sintetizada": "281B5DE58B3043249E57CC18D1D07B6945005C.JPEG",
    "cantidad_archivos": 1,
    "archivos_fuente": [
      "Pictures/Fototeca de Fotos.photoslibrary/resources/derivatives/masters/2/281B5DE5-8B30-4324-9E57-CC18D1D07B69_4_5005_c.jpeg"
    ],
    "ultima_modificacion": "2025-08-01 01:01:19.245593"
  },
  "2f1b65b8fa3c42cc8a0fded877526e0845005c.jpeg": {
    "app_sintetizada": "2F1B65B8FA3C42CC8A0FDED877526E0845005C.JPEG",
    "cantidad_archivos": 1,
    "archivos_fuente": [
      "Pictures/Fototeca de Fotos.photoslibrary/resources/derivatives/masters/2/2F1B65B8-FA3C-42CC-8A0F-DED877526E08_4_5005_c.jpeg"
    ],
    "ultima_modificacion": "2025-08-01 01:01:19.245915"
  },
  "2cf3545334764e33941b2eddbc4da5f745005c.jpeg": {
    "app_sintetizada": "2CF3545334764E33941B2EDDBC4DA5F745005C.JPEG",
    "cantidad_archivos": 1,
    "archivos_fuente": [
      "Pictures/Fototeca de Fotos.photoslibrary/resources/derivatives/masters/2/2CF35453-3476-4E33-941B-2EDDBC4DA5F7_4_5005_c.jpeg"
    ],
    "ultima_modificacion": "2025-08-01 01:01:19.246236"
  },
  "24849c87b9644e2b80d5ff866994e86145005c.jpeg": {
    "app_sintetizada": "24849C87B9644E2B80D5FF866994E86145005C.JPEG",
    "cantidad_archivos": 1,
    "archivos_fuente": [
      "Pictures/Fototeca de Fotos.photoslibrary/resources/derivatives/masters/2/24849C87-B964-4E2B-80D5-FF866994E861_4_5005_c.jpeg"
    ],
    "ultima_modificacion": "2025-08-01 01:01:19.246595"
  },
  "276563e43fb64083b1be472d2f7d53f145005c.jpeg": {
    "app_sintetizada": "276563E43FB64083B1BE472D2F7D53F145005C.JPEG",
    "cantidad_archivos": 1,
    "archivos_fuente": [
      "Pictures/Fototeca de Fotos.photoslibrary/resources/derivatives/masters/2/276563E4-3FB6-4083-B1BE-472D2F7D53F1_4_5005_c.jpeg"
    ],
    "ultima_modificacion": "2025-08-01 01:01:19.246942"
  },
  "2ecddd4f33564aafa0f5433b65ba8cfe45005c.jpeg": {
    "app_sintetizada": "2ECDDD4F33564AAFA0F5433B65BA8CFE45005C.JPEG",
    "cantidad_archivos": 1,
    "archivos_fuente": [
      "Pictures/Fototeca de Fotos.photoslibrary/resources/derivatives/masters/2/2ECDDD4F-3356-4AAF-A0F5-433B65BA8CFE_4_5005_c.jpeg"
    ],
    "ultima_modificacion": "2025-08-01 01:01:19.247741"
  }
}