{
  "bfd66d07bb034bb0a37593c125dfb0c245005c.jpeg": {
    "app_sintetizada": "BFD66D07BB034BB0A37593C125DFB0C245005C.JPEG",
    "cantidad_archivos": 1,
    "archivos_fuente": [
      "Pictures/Fototeca de Fotos.photoslibrary/resources/derivatives/masters/B/BFD66D07-BB03-4BB0-A375-93C125DFB0C2_4_5005_c.jpeg"
    ],
    "ultima_modificacion": "2025-08-01 01:01:17.952266"
  },
  "b6c41f6202a34a978073cc3120f1cc7c45005c.jpeg": {
    "app_sintetizada": "B6C41F6202A34A978073CC3120F1CC7C45005C.JPEG",
    "cantidad_archivos": 1,
    "archivos_fuente": [
      "Pictures/Fototeca de Fotos.photoslibrary/resources/derivatives/masters/B/B6C41F62-02A3-4A97-8073-CC3120F1CC7C_4_5005_c.jpeg"
    ],
    "ultima_modificacion": "2025-08-01 01:01:17.952590"
  },
  "b32463c4603a4795a9243dfb241f007845005c.jpeg": {
    "app_sintetizada": "B32463C4603A4795A9243DFB241F007845005C.JPEG",
    "cantidad_archivos": 1,
    "archivos_fuente": [
      "Pictures/Fototeca de Fotos.photoslibrary/resources/derivatives/masters/B/B32463C4-603A-4795-A924-3DFB241F0078_4_5005_c.jpeg"
    ],
    "ultima_modificacion": "2025-08-01 01:01:17.952934"
  },
  "be4c3e5e637a416389130c719e328c6c45005c.jpeg": {
    "app_sintetizada": "BE4C3E5E637A416389130C719E328C6C45005C.JPEG",
    "cantidad_archivos": 1,
    "archivos_fuente": [
      "Pictures/Fototeca de Fotos.photoslibrary/resources/derivatives/masters/B/BE4C3E5E-637A-4163-8913-0C719E328C6C_4_5005_c.jpeg"
    ],
    "ultima_modificacion": "2025-08-01 01:01:17.953265"
  },
  "b867e63c379d47f283feb725ea9b77fa45005c.jpeg": {
    "app_sintetizada": "B867E63C379D47F283FEB725EA9B77FA45005C.JPEG",
    "cantidad_archivos": 1,
    "archivos_fuente": [
      "Pictures/Fototeca de Fotos.photoslibrary/resources/derivatives/masters/B/B867E63C-379D-47F2-83FE-B725EA9B77FA_4_5005_c.jpeg"
    ],
    "ultima_modificacion": "2025-08-01 01:01:17.953595"
  },
  "b51aeae5d8244b9cb021907b80ecdcb345005c.jpeg": {
    "app_sintetizada": "B51AEAE5D8244B9CB021907B80ECDCB345005C.JPEG",
    "cantidad_archivos": 1,
    "archivos_fuente": [
      "Pictures/Fototeca de Fotos.photoslibrary/resources/derivatives/masters/B/B51AEAE5-D824-4B9C-B021-907B80ECDCB3_4_5005_c.jpeg"
    ],
    "ultima_modificacion": "2025-08-01 01:01:17.953916"
  },
  "b1b02e8dbe8d49fdaa55e353cce2b5c745005c.jpeg": {
    "app_sintetizada": "B1B02E8DBE8D49FDAA55E353CCE2B5C745005C.JPEG",
    "cantidad_archivos": 1,
    "archivos_fuente": [
      "Pictures/Fototeca de Fotos.photoslibrary/resources/derivatives/masters/B/B1B02E8D-BE8D-49FD-AA55-E353CCE2B5C7_4_5005_c.jpeg"
    ],
    "ultima_modificacion": "2025-08-01 01:01:17.954256"
  },
  "be0ff56892e5401aa517c45c47955e3445005c.jpeg": {
    "app_sintetizada": "BE0FF56892E5401AA517C45C47955E3445005C.JPEG",
    "cantidad_archivos": 1,
    "archivos_fuente": [
      "Pictures/Fototeca de Fotos.photoslibrary/resources/derivatives/masters/B/BE0FF568-92E5-401A-A517-C45C47955E34_4_5005_c.jpeg"
    ],
    "ultima_modificacion": "2025-08-01 01:01:17.954611"
  },
  "b368eec65a9642049126a5e2d84383b845005c.jpeg": {
    "app_sintetizada": "B368EEC65A9642049126A5E2D84383B845005C.JPEG",
    "cantidad_archivos": 1,
    "archivos_fuente": [
      "Pictures/Fototeca de Fotos.photoslibrary/resources/derivatives/masters/B/B368EEC6-5A96-4204-9126-A5E2D84383B8_4_5005_c.jpeg"
    ],
    "ultima_modificacion": "2025-08-01 01:01:17.954934"
  },
  "b7f00724ff2849429c49ae3a88f1473945005c.jpeg": {
    "app_sintetizada": "B7F00724FF2849429C49AE3A88F1473945005C.JPEG",
    "cantidad_archivos": 1,
    "archivos_fuente": [
      "Pictures/Fototeca de Fotos.photoslibrary/resources/derivatives/masters/B/B7F00724-FF28-4942-9C49-AE3A88F14739_4_5005_c.jpeg"
    ],
    "ultima_modificacion": "2025-08-01 01:01:17.955303"
  },
  "be80b31cfa11462fbc34024d3bd4140f45005c.jpeg": {
    "app_sintetizada": "BE80B31CFA11462FBC34024D3BD4140F45005C.JPEG",
    "cantidad_archivos": 1,
    "archivos_fuente": [
      "Pictures/Fototeca de Fotos.photoslibrary/resources/derivatives/masters/B/BE80B31C-FA11-462F-BC34-024D3BD4140F_4_5005_c.jpeg"
    ],
    "ultima_modificacion": "2025-08-01 01:01:17.955624"
  },
  "b892889d5b9346818a0d2781f7ea478945005c.jpeg": {
    "app_sintetizada": "B892889D5B9346818A0D2781F7EA478945005C.JPEG",
    "cantidad_archivos": 1,
    "archivos_fuente": [
      "Pictures/Fototeca de Fotos.photoslibrary/resources/derivatives/masters/B/B892889D-5B93-4681-8A0D-2781F7EA4789_4_5005_c.jpeg"
    ],
    "ultima_modificacion": "2025-08-01 01:01:17.955953"
  },
  "b250b8aa5b734edbb6b076622e9abc4145005c.jpeg": {
    "app_sintetizada": "B250B8AA5B734EDBB6B076622E9ABC4145005C.JPEG",
    "cantidad_archivos": 1,
    "archivos_fuente": [
      "Pictures/Fototeca de Fotos.photoslibrary/resources/derivatives/masters/B/B250B8AA-5B73-4EDB-B6B0-76622E9ABC41_4_5005_c.jpeg"
    ],
    "ultima_modificacion": "2025-08-01 01:01:17.956273"
  },
  "b8165a4520d64344954309c3a16cb69845005c.jpeg": {
    "app_sintetizada": "B8165A4520D64344954309C3A16CB69845005C.JPEG",
    "cantidad_archivos": 1,
    "archivos_fuente": [
      "Pictures/Fototeca de Fotos.photoslibrary/resources/derivatives/masters/B/B8165A45-20D6-4344-9543-09C3A16CB698_4_5005_c.jpeg"
    ],
    "ultima_modificacion": "2025-08-01 01:01:17.956620"
  },
  "b94a88f6078e4d07b68e8b00b948422145005c.jpeg": {
    "app_sintetizada": "B94A88F6078E4D07B68E8B00B948422145005C.JPEG",
    "cantidad_archivos": 1,
    "archivos_fuente": [
      "Pictures/Fototeca de Fotos.photoslibrary/resources/derivatives/masters/B/B94A88F6-078E-4D07-B68E-8B00B9484221_4_5005_c.jpeg"
    ],
    "ultima_modificacion": "2025-08-01 01:01:17.956962"
  },
  "b1e233edcaa3483e966c0bc0d826eca045005c.jpeg": {
    "app_sintetizada": "B1E233EDCAA3483E966C0BC0D826ECA045005C.JPEG",
    "cantidad_archivos": 1,
    "archivos_fuente": [
      "Pictures/Fototeca de Fotos.photoslibrary/resources/derivatives/masters/B/B1E233ED-CAA3-483E-966C-0BC0D826ECA0_4_5005_c.jpeg"
    ],
    "ultima_modificacion": "2025-08-01 01:01:17.957345"
  },
  "bb8c6fcc7a7f4b6886500211d302a58c45005c.jpeg": {
    "app_sintetizada": "BB8C6FCC7A7F4B6886500211D302A58C45005C.JPEG",
    "cantidad_archivos": 1,
    "archivos_fuente": [
      "Pictures/Fototeca de Fotos.photoslibrary/resources/derivatives/masters/B/BB8C6FCC-7A7F-4B68-8650-0211D302A58C_4_5005_c.jpeg"
    ],
    "ultima_modificacion": "2025-08-01 01:01:17.957710"
  },
  "bbe0ac70e3f24f77937e19ea386099db45005c.jpeg": {
    "app_sintetizada": "BBE0AC70E3F24F77937E19EA386099DB45005C.JPEG",
    "cantidad_archivos": 1,
    "archivos_fuente": [
      "Pictures/Fototeca de Fotos.photoslibrary/resources/derivatives/masters/B/BBE0AC70-E3F2-4F77-937E-19EA386099DB_4_5005_c.jpeg"
    ],
    "ultima_modificacion": "2025-08-01 01:01:17.958046"
  },
  "ba4a9daa3d68402ba817d050c57561f545005c.jpeg": {
    "app_sintetizada": "BA4A9DAA3D68402BA817D050C57561F545005C.JPEG",
    "cantidad_archivos": 1,
    "archivos_fuente": [
      "Pictures/Fototeca de Fotos.photoslibrary/resources/derivatives/masters/B/BA4A9DAA-3D68-402B-A817-D050C57561F5_4_5005_c.jpeg"
    ],
    "ultima_modificacion": "2025-08-01 01:01:17.958367"
  },
  "bc03ea09984f4bae9870dfcf40f7e12d45005c.jpeg": {
    "app_sintetizada": "BC03EA09984F4BAE9870DFCF40F7E12D45005C.JPEG",
    "cantidad_archivos": 1,
    "archivos_fuente": [
      "Pictures/Fototeca de Fotos.photoslibrary/resources/derivatives/masters/B/BC03EA09-984F-4BAE-9870-DFCF40F7E12D_4_5005_c.jpeg"
    ],
    "ultima_modificacion": "2025-08-01 01:01:17.958695"
  },
  "b37c9a7d20a94df18b92b526761cab4545005c.jpeg": {
    "app_sintetizada": "B37C9A7D20A94DF18B92B526761CAB4545005C.JPEG",
    "cantidad_archivos": 1,
    "archivos_fuente": [
      "Pictures/Fototeca de Fotos.photoslibrary/resources/derivatives/masters/B/B37C9A7D-20A9-4DF1-8B92-B526761CAB45_4_5005_c.jpeg"
    ],
    "ultima_modificacion": "2025-08-01 01:01:17.959041"
  },
  "b3306c4a6aeb42909faf96e0e8cf2a2a45005c.jpeg": {
    "app_sintetizada": "B3306C4A6AEB42909FAF96E0E8CF2A2A45005C.JPEG",
    "cantidad_archivos": 1,
    "archivos_fuente": [
      "Pictures/Fototeca de Fotos.photoslibrary/resources/derivatives/masters/B/B3306C4A-6AEB-4290-9FAF-96E0E8CF2A2A_4_5005_c.jpeg"
    ],
    "ultima_modificacion": "2025-08-01 01:01:17.959367"
  },
  "b43c596267b841349df9075bbe752b4945005c.jpeg": {
    "app_sintetizada": "B43C596267B841349DF9075BBE752B4945005C.JPEG",
    "cantidad_archivos": 1,
    "archivos_fuente": [
      "Pictures/Fototeca de Fotos.photoslibrary/resources/derivatives/masters/B/B43C5962-67B8-4134-9DF9-075BBE752B49_4_5005_c.jpeg"
    ],
    "ultima_modificacion": "2025-08-01 01:01:17.959708"
  },
  "be2a4295cafa49ce91d478b1481edc0245005c.jpeg": {
    "app_sintetizada": "BE2A4295CAFA49CE91D478B1481EDC0245005C.JPEG",
    "cantidad_archivos": 1,
    "archivos_fuente": [
      "Pictures/Fototeca de Fotos.photoslibrary/resources/derivatives/masters/B/BE2A4295-CAFA-49CE-91D4-78B1481EDC02_4_5005_c.jpeg"
    ],
    "ultima_modificacion": "2025-08-01 01:01:17.960066"
  },
  "b7bbcb1a52384415a929201516fee50745005c.jpeg": {
    "app_sintetizada": "B7BBCB1A52384415A929201516FEE50745005C.JPEG",
    "cantidad_archivos": 1,
    "archivos_fuente": [
      "Pictures/Fototeca de Fotos.photoslibrary/resources/derivatives/masters/B/B7BBCB1A-5238-4415-A929-201516FEE507_4_5005_c.jpeg"
    ],
    "ultima_modificacion": "2025-08-01 01:01:17.960391"
  },
  "b1ca0e0cd461488db156c5a7a685ff7e45005c.jpeg": {
    "app_sintetizada": "B1CA0E0CD461488DB156C5A7A685FF7E45005C.JPEG",
    "cantidad_archivos": 1,
    "archivos_fuente": [
      "Pictures/Fototeca de Fotos.photoslibrary/resources/derivatives/masters/B/B1CA0E0C-D461-488D-B156-C5A7A685FF7E_4_5005_c.jpeg"
    ],
    "ultima_modificacion": "2025-08-01 01:01:17.960740"
  },
  "b462a150557e44e4a1486562b9a836f245005c.jpeg": {
    "app_sintetizada": "B462A150557E44E4A1486562B9A836F245005C.JPEG",
    "cantidad_archivos": 1,
    "archivos_fuente": [
      "Pictures/Fototeca de Fotos.photoslibrary/resources/derivatives/masters/B/B462A150-557E-44E4-A148-6562B9A836F2_4_5005_c.jpeg"
    ],
    "ultima_modificacion": "2025-08-01 01:01:17.961087"
  },
  "b8da96a0492343f5a7ed267177ce432f45005c.jpeg": {
    "app_sintetizada": "B8DA96A0492343F5A7ED267177CE432F45005C.JPEG",
    "cantidad_archivos": 1,
    "archivos_fuente": [
      "Pictures/Fototeca de Fotos.photoslibrary/resources/derivatives/masters/B/B8DA96A0-4923-43F5-A7ED-267177CE432F_4_5005_c.jpeg"
    ],
    "ultima_modificacion": "2025-08-01 01:01:17.961470"
  },
  "b41e495a86a44dfb945e0b67b881c6c945005c.jpeg": {
    "app_sintetizada": "B41E495A86A44DFB945E0B67B881C6C945005C.JPEG",
    "cantidad_archivos": 1,
    "archivos_fuente": [
      "Pictures/Fototeca de Fotos.photoslibrary/resources/derivatives/masters/B/B41E495A-86A4-4DFB-945E-0B67B881C6C9_4_5005_c.jpeg"
    ],
    "ultima_modificacion": "2025-08-01 01:01:17.961817"
  },
  "b6f14a982757487893df23f881e19a3345005c.jpeg": {
    "app_sintetizada": "B6F14A982757487893DF23F881E19A3345005C.JPEG",
    "cantidad_archivos": 1,
    "archivos_fuente": [
      "Pictures/Fototeca de Fotos.photoslibrary/resources/derivatives/masters/B/B6F14A98-2757-4878-93DF-23F881E19A33_4_5005_c.jpeg"
    ],
    "ultima_modificacion": "2025-08-01 01:01:17.962111"
  },
  "b0746ccb8ea944859341d17cb220503245005c.jpeg": {
    "app_sintetizada": "B0746CCB8EA944859341D17CB220503245005C.JPEG",
    "cantidad_archivos": 1,
    "archivos_fuente": [
      "Pictures/Fototeca de Fotos.photoslibrary/resources/derivatives/masters/B/B0746CCB-8EA9-4485-9341-D17CB2205032_4_5005_c.jpeg"
    ],
    "ultima_modificacion": "2025-08-01 01:01:17.962481"
  },
  "b935f64a6778494b9ce4b2876517effe45005c.jpeg": {
    "app_sintetizada": "B935F64A6778494B9CE4B2876517EFFE45005C.JPEG",
    "cantidad_archivos": 1,
    "archivos_fuente": [
      "Pictures/Fototeca de Fotos.photoslibrary/resources/derivatives/masters/B/B935F64A-6778-494B-9CE4-B2876517EFFE_4_5005_c.jpeg"
    ],
    "ultima_modificacion": "2025-08-01 01:01:17.962748"
  },
  "b587259bdcdc4ce4832b749eb2402a2e45005c.jpeg": {
    "app_sintetizada": "B587259BDCDC4CE4832B749EB2402A2E45005C.JPEG",
    "cantidad_archivos": 1,
    "archivos_fuente": [
      "Pictures/Fototeca de Fotos.photoslibrary/resources/derivatives/masters/B/B587259B-DCDC-4CE4-832B-749EB2402A2E_4_5005_c.jpeg"
    ],
    "ultima_modificacion": "2025-08-01 01:01:17.963083"
  },
  "be2d8c3a362648099c9a6ba29bc1814545005c.jpeg": {
    "app_sintetizada": "BE2D8C3A362648099C9A6BA29BC1814545005C.JPEG",
    "cantidad_archivos": 1,
    "archivos_fuente": [
      "Pictures/Fototeca de Fotos.photoslibrary/resources/derivatives/masters/B/BE2D8C3A-3626-4809-9C9A-6BA29BC18145_4_5005_c.jpeg"
    ],
    "ultima_modificacion": "2025-08-01 01:01:17.963362"
  },
  "bc48af075b6e4eb19c4359007687df3745005c.jpeg": {
    "app_sintetizada": "BC48AF075B6E4EB19C4359007687DF3745005C.JPEG",
    "cantidad_archivos": 1,
    "archivos_fuente": [
      "Pictures/Fototeca de Fotos.photoslibrary/resources/derivatives/masters/B/BC48AF07-5B6E-4EB1-9C43-59007687DF37_4_5005_c.jpeg"
    ],
    "ultima_modificacion": "2025-08-01 01:01:17.963668"
  },
  "b7b78033f82d4eab91e9f2645fcd15cf45005c.jpeg": {
    "app_sintetizada": "B7B78033F82D4EAB91E9F2645FCD15CF45005C.JPEG",
    "cantidad_archivos": 1,
    "archivos_fuente": [
      "Pictures/Fototeca de Fotos.photoslibrary/resources/derivatives/masters/B/B7B78033-F82D-4EAB-91E9-F2645FCD15CF_4_5005_c.jpeg"
    ],
    "ultima_modificacion": "2025-08-01 01:01:17.963933"
  },
  "bbd3273fd2c74ccd808744d3e60c5a0a45005c.jpeg": {
    "app_sintetizada": "BBD3273FD2C74CCD808744D3E60C5A0A45005C.JPEG",
    "cantidad_archivos": 1,
    "archivos_fuente": [
      "Pictures/Fototeca de Fotos.photoslibrary/resources/derivatives/masters/B/BBD3273F-D2C7-4CCD-8087-44D3E60C5A0A_4_5005_c.jpeg"
    ],
    "ultima_modificacion": "2025-08-01 01:01:17.964214"
  },
  "b7dd4602399b48aea8ffaf3d9e28cc1945005c.jpeg": {
    "app_sintetizada": "B7DD4602399B48AEA8FFAF3D9E28CC1945005C.JPEG",
    "cantidad_archivos": 1,
    "archivos_fuente": [
      "Pictures/Fototeca de Fotos.photoslibrary/resources/derivatives/masters/B/B7DD4602-399B-48AE-A8FF-AF3D9E28CC19_4_5005_c.jpeg"
    ],
    "ultima_modificacion": "2025-08-01 01:01:17.964479"
  },
  "b9623c97ff20449c9244893eec6acc7d45005c.jpeg": {
    "app_sintetizada": "B9623C97FF20449C9244893EEC6ACC7D45005C.JPEG",
    "cantidad_archivos": 1,
    "archivos_fuente": [
      "Pictures/Fototeca de Fotos.photoslibrary/resources/derivatives/masters/B/B9623C97-FF20-449C-9244-893EEC6ACC7D_4_5005_c.jpeg"
    ],
    "ultima_modificacion": "2025-08-01 01:01:17.964797"
  },
  "bdc1a9f841ae498db01c267d6734583f45005c.jpeg": {
    "app_sintetizada": "BDC1A9F841AE498DB01C267D6734583F45005C.JPEG",
    "cantidad_archivos": 1,
    "archivos_fuente": [
      "Pictures/Fototeca de Fotos.photoslibrary/resources/derivatives/masters/B/BDC1A9F8-41AE-498D-B01C-267D6734583F_4_5005_c.jpeg"
    ],
    "ultima_modificacion": "2025-08-01 01:01:17.965077"
  },
  "b01b7f8830a747e5bc42246581eb3d7845005c.jpeg": {
    "app_sintetizada": "B01B7F8830A747E5BC42246581EB3D7845005C.JPEG",
    "cantidad_archivos": 1,
    "archivos_fuente": [
      "Pictures/Fototeca de Fotos.photoslibrary/resources/derivatives/masters/B/B01B7F88-30A7-47E5-BC42-246581EB3D78_4_5005_c.jpeg"
    ],
    "ultima_modificacion": "2025-08-01 01:01:17.965458"
  },
  "bd8fde149dca4d6591f434d52ed61ae245005c.jpeg": {
    "app_sintetizada": "BD8FDE149DCA4D6591F434D52ED61AE245005C.JPEG",
    "cantidad_archivos": 1,
    "archivos_fuente": [
      "Pictures/Fototeca de Fotos.photoslibrary/resources/derivatives/masters/B/BD8FDE14-9DCA-4D65-91F4-34D52ED61AE2_4_5005_c.jpeg"
    ],
    "ultima_modificacion": "2025-08-01 01:01:17.965747"
  },
  "ba5c2c451f064fbaa34e9412b3f4b5ca45005c.jpeg": {
    "app_sintetizada": "BA5C2C451F064FBAA34E9412B3F4B5CA45005C.JPEG",
    "cantidad_archivos": 1,
    "archivos_fuente": [
      "Pictures/Fototeca de Fotos.photoslibrary/resources/derivatives/masters/B/BA5C2C45-1F06-4FBA-A34E-9412B3F4B5CA_4_5005_c.jpeg"
    ],
    "ultima_modificacion": "2025-08-01 01:01:17.966018"
  },
  "bccfa3422bcf45bdb4a497f476f5724e45005c.jpeg": {
    "app_sintetizada": "BCCFA3422BCF45BDB4A497F476F5724E45005C.JPEG",
    "cantidad_archivos": 1,
    "archivos_fuente": [
      "Pictures/Fototeca de Fotos.photoslibrary/resources/derivatives/masters/B/BCCFA342-2BCF-45BD-B4A4-97F476F5724E_4_5005_c.jpeg"
    ],
    "ultima_modificacion": "2025-08-01 01:01:17.966282"
  },
  "b0cd60dbc34141aebcca1e97cc8ccf3b45005c.jpeg": {
    "app_sintetizada": "B0CD60DBC34141AEBCCA1E97CC8CCF3B45005C.JPEG",
    "cantidad_archivos": 1,
    "archivos_fuente": [
      "Pictures/Fototeca de Fotos.photoslibrary/resources/derivatives/masters/B/B0CD60DB-C341-41AE-BCCA-1E97CC8CCF3B_4_5005_c.jpeg"
    ],
    "ultima_modificacion": "2025-08-01 01:01:17.966650"
  },
  "bbc92733c056449ca9611fe68a48f49645005c.jpeg": {
    "app_sintetizada": "BBC92733C056449CA9611FE68A48F49645005C.JPEG",
    "cantidad_archivos": 1,
    "archivos_fuente": [
      "Pictures/Fototeca de Fotos.photoslibrary/resources/derivatives/masters/B/BBC92733-C056-449C-A961-1FE68A48F496_4_5005_c.jpeg"
    ],
    "ultima_modificacion": "2025-08-01 01:01:17.966926"
  },
  "b638c6e1b6734656b91892c0564c749945005c.jpeg": {
    "app_sintetizada": "B638C6E1B6734656B91892C0564C749945005C.JPEG",
    "cantidad_archivos": 1,
    "archivos_fuente": [
      "Pictures/Fototeca de Fotos.photoslibrary/resources/derivatives/masters/B/B638C6E1-B673-4656-B918-92C0564C7499_4_5005_c.jpeg"
    ],
    "ultima_modificacion": "2025-08-01 01:01:17.967183"
  },
  "baa71d32a38b4931906940425913595945005c.jpeg": {
    "app_sintetizada": "BAA71D32A38B4931906940425913595945005C.JPEG",
    "cantidad_archivos": 1,
    "archivos_fuente": [
      "Pictures/Fototeca de Fotos.photoslibrary/resources/derivatives/masters/B/BAA71D32-A38B-4931-9069-404259135959_4_5005_c.jpeg"
    ],
    "ultima_modificacion": "2025-08-01 01:01:17.967513"
  },
  "be1b6f870459477b99ed8533f982d2a845005c.jpeg": {
    "app_sintetizada": "BE1B6F870459477B99ED8533F982D2A845005C.JPEG",
    "cantidad_archivos": 1,
    "archivos_fuente": [
      "Pictures/Fototeca de Fotos.photoslibrary/resources/derivatives/masters/B/BE1B6F87-0459-477B-99ED-8533F982D2A8_4_5005_c.jpeg"
    ],
    "ultima_modificacion": "2025-08-01 01:01:17.967772"
  },
  "b84ef757110e437c8a49f41adad3b83f45005c.jpeg": {
    "app_sintetizada": "B84EF757110E437C8A49F41ADAD3B83F45005C.JPEG",
    "cantidad_archivos": 1,
    "archivos_fuente": [
      "Pictures/Fototeca de Fotos.photoslibrary/resources/derivatives/masters/B/B84EF757-110E-437C-8A49-F41ADAD3B83F_4_5005_c.jpeg"
    ],
    "ultima_modificacion": "2025-08-01 01:01:17.968062"
  },
  "ba8d40fb643c4a529d84f5114fdad1cb45005c.jpeg": {
    "app_sintetizada": "BA8D40FB643C4A529D84F5114FDAD1CB45005C.JPEG",
    "cantidad_archivos": 1,
    "archivos_fuente": [
      "Pictures/Fototeca de Fotos.photoslibrary/resources/derivatives/masters/B/BA8D40FB-643C-4A52-9D84-F5114FDAD1CB_4_5005_c.jpeg"
    ],
    "ultima_modificacion": "2025-08-01 01:01:17.968338"
  },
  "b81c4110531e45c7abafd9cfca497f0f45005c.jpeg": {
    "app_sintetizada": "B81C4110531E45C7ABAFD9CFCA497F0F45005C.JPEG",
    "cantidad_archivos": 1,
    "archivos_fuente": [
      "Pictures/Fototeca de Fotos.photoslibrary/resources/derivatives/masters/B/B81C4110-531E-45C7-ABAF-D9CFCA497F0F_4_5005_c.jpeg"
    ],
    "ultima_modificacion": "2025-08-01 01:01:17.968636"
  },
  "bf59fdff01594ebdab2e8ba02f4e40ca45005c.jpeg": {
    "app_sintetizada": "BF59FDFF01594EBDAB2E8BA02F4E40CA45005C.JPEG",
    "cantidad_archivos": 1,
    "archivos_fuente": [
      "Pictures/Fototeca de Fotos.photoslibrary/resources/derivatives/masters/B/BF59FDFF-0159-4EBD-AB2E-8BA02F4E40CA_4_5005_c.jpeg"
    ],
    "ultima_modificacion": "2025-08-01 01:01:17.968889"
  },
  "bc07bb792f8a4b9bb815c16cc87de7fe45005c.jpeg": {
    "app_sintetizada": "BC07BB792F8A4B9BB815C16CC87DE7FE45005C.JPEG",
    "cantidad_archivos": 1,
    "archivos_fuente": [
      "Pictures/Fototeca de Fotos.photoslibrary/resources/derivatives/masters/B/BC07BB79-2F8A-4B9B-B815-C16CC87DE7FE_4_5005_c.jpeg"
    ],
    "ultima_modificacion": "2025-08-01 01:01:17.969153"
  },
  "b6597772fd4a491482e931046f192fd045005c.jpeg": {
    "app_sintetizada": "B6597772FD4A491482E931046F192FD045005C.JPEG",
    "cantidad_archivos": 1,
    "archivos_fuente": [
      "Pictures/Fototeca de Fotos.photoslibrary/resources/derivatives/masters/B/B6597772-FD4A-4914-82E9-31046F192FD0_4_5005_c.jpeg"
    ],
    "ultima_modificacion": "2025-08-01 01:01:17.969419"
  },
  "bce9a2e3a02342eab733e85048c6b9d745005c.jpeg": {
    "app_sintetizada": "BCE9A2E3A02342EAB733E85048C6B9D745005C.JPEG",
    "cantidad_archivos": 1,
    "archivos_fuente": [
      "Pictures/Fototeca de Fotos.photoslibrary/resources/derivatives/masters/B/BCE9A2E3-A023-42EA-B733-E85048C6B9D7_4_5005_c.jpeg"
    ],
    "ultima_modificacion": "2025-08-01 01:01:17.969678"
  },
  "b1bf38ea618c48089845f41baf5d828a45005c.jpeg": {
    "app_sintetizada": "B1BF38EA618C48089845F41BAF5D828A45005C.JPEG",
    "cantidad_archivos": 1,
    "archivos_fuente": [
      "Pictures/Fototeca de Fotos.photoslibrary/resources/derivatives/masters/B/B1BF38EA-618C-4808-9845-F41BAF5D828A_4_5005_c.jpeg"
    ],
    "ultima_modificacion": "2025-08-01 01:01:17.970004"
  },
  "b48119eb2c1643a68838cf22f75334b345005c.jpeg": {
    "app_sintetizada": "B48119EB2C1643A68838CF22F75334B345005C.JPEG",
    "cantidad_archivos": 1,
    "archivos_fuente": [
      "Pictures/Fototeca de Fotos.photoslibrary/resources/derivatives/masters/B/B48119EB-2C16-43A6-8838-CF22F75334B3_4_5005_c.jpeg"
    ],
    "ultima_modificacion": "2025-08-01 01:01:17.970357"
  },
  "b66dbd32cfd0445883b9941e36071f3b45005c.jpeg": {
    "app_sintetizada": "B66DBD32CFD0445883B9941E36071F3B45005C.JPEG",
    "cantidad_archivos": 1,
    "archivos_fuente": [
      "Pictures/Fototeca de Fotos.photoslibrary/resources/derivatives/masters/B/B66DBD32-CFD0-4458-83B9-941E36071F3B_4_5005_c.jpeg"
    ],
    "ultima_modificacion": "2025-08-01 01:01:17.970629"
  },
  "b779c3cd55ad4cba868c740fdf40ed0445005c.jpeg": {
    "app_sintetizada": "B779C3CD55AD4CBA868C740FDF40ED0445005C.JPEG",
    "cantidad_archivos": 1,
    "archivos_fuente": [
      "Pictures/Fototeca de Fotos.photoslibrary/resources/derivatives/masters/B/B779C3CD-55AD-4CBA-868C-740FDF40ED04_4_5005_c.jpeg"
    ],
    "ultima_modificacion": "2025-08-01 01:01:17.970873"
  },
  "ba1dc83f74b24709a177c9afab499aad45005c.jpeg": {
    "app_sintetizada": "BA1DC83F74B24709A177C9AFAB499AAD45005C.JPEG",
    "cantidad_archivos": 1,
    "archivos_fuente": [
      "Pictures/Fototeca de Fotos.photoslibrary/resources/derivatives/masters/B/BA1DC83F-74B2-4709-A177-C9AFAB499AAD_4_5005_c.jpeg"
    ],
    "ultima_modificacion": "2025-08-01 01:01:17.971115"
  },
  "bd0fffe517cf439b9a12cf2695bfd1ea45005c.jpeg": {
    "app_sintetizada": "BD0FFFE517CF439B9A12CF2695BFD1EA45005C.JPEG",
    "cantidad_archivos": 1,
    "archivos_fuente": [
      "Pictures/Fototeca de Fotos.photoslibrary/resources/derivatives/masters/B/BD0FFFE5-17CF-439B-9A12-CF2695BFD1EA_4_5005_c.jpeg"
    ],
    "ultima_modificacion": "2025-08-01 01:01:17.971356"
  },
  "b64ba0581951464abb25c4257b1c24e945005c.jpeg": {
    "app_sintetizada": "B64BA0581951464ABB25C4257B1C24E945005C.JPEG",
    "cantidad_archivos": 1,
    "archivos_fuente": [
      "Pictures/Fototeca de Fotos.photoslibrary/resources/derivatives/masters/B/B64BA058-1951-464A-BB25-C4257B1C24E9_4_5005_c.jpeg"
    ],
    "ultima_modificacion": "2025-08-01 01:01:17.971604"
  },
  "b319658cea694d009eb3ff61fd4fa03a45005c.jpeg": {
    "app_sintetizada": "B319658CEA694D009EB3FF61FD4FA03A45005C.JPEG",
    "cantidad_archivos": 1,
    "archivos_fuente": [
      "Pictures/Fototeca de Fotos.photoslibrary/resources/derivatives/masters/B/B319658C-EA69-4D00-9EB3-FF61FD4FA03A_4_5005_c.jpeg"
    ],
    "ultima_modificacion": "2025-08-01 01:01:17.971850"
  },
  "b148fc035dc94e7eaf9b6b5eb366cf1a45005c.jpeg": {
    "app_sintetizada": "B148FC035DC94E7EAF9B6B5EB366CF1A45005C.JPEG",
    "cantidad_archivos": 1,
    "archivos_fuente": [
      "Pictures/Fototeca de Fotos.photoslibrary/resources/derivatives/masters/B/B148FC03-5DC9-4E7E-AF9B-6B5EB366CF1A_4_5005_c.jpeg"
    ],
    "ultima_modificacion": "2025-08-01 01:01:17.972111"
  },
  "bec33c08048747c794609d0aebf963d345005c.jpeg": {
    "app_sintetizada": "BEC33C08048747C794609D0AEBF963D345005C.JPEG",
    "cantidad_archivos": 1,
    "archivos_fuente": [
      "Pictures/Fototeca de Fotos.photoslibrary/resources/derivatives/masters/B/BEC33C08-0487-47C7-9460-9D0AEBF963D3_4_5005_c.jpeg"
    ],
    "ultima_modificacion": "2025-08-01 01:01:17.972373"
  },
  "b315ccb49ff8499c899bb8709cc3f3b245005c.jpeg": {
    "app_sintetizada": "B315CCB49FF8499C899BB8709CC3F3B245005C.JPEG",
    "cantidad_archivos": 1,
    "archivos_fuente": [
      "Pictures/Fototeca de Fotos.photoslibrary/resources/derivatives/masters/B/B315CCB4-9FF8-499C-899B-B8709CC3F3B2_4_5005_c.jpeg"
    ],
    "ultima_modificacion": "2025-08-01 01:01:17.972685"
  },
  "bf91cbb12f4141bd96a2c323fc541d4145005c.jpeg": {
    "app_sintetizada": "BF91CBB12F4141BD96A2C323FC541D4145005C.JPEG",
    "cantidad_archivos": 1,
    "archivos_fuente": [
      "Pictures/Fototeca de Fotos.photoslibrary/resources/derivatives/masters/B/BF91CBB1-2F41-41BD-96A2-C323FC541D41_4_5005_c.jpeg"
    ],
    "ultima_modificacion": "2025-08-01 01:01:17.972926"
  },
  "b3c27e83d62d4da9b39aa7bc7c43936445005c.jpeg": {
    "app_sintetizada": "B3C27E83D62D4DA9B39AA7BC7C43936445005C.JPEG",
    "cantidad_archivos": 1,
    "archivos_fuente": [
      "Pictures/Fototeca de Fotos.photoslibrary/resources/derivatives/masters/B/B3C27E83-D62D-4DA9-B39A-A7BC7C439364_4_5005_c.jpeg"
    ],
    "ultima_modificacion": "2025-08-01 01:01:17.973131"
  },
  "ba610be8d2f54c9ab7053ea3776b37be45005c.jpeg": {
    "app_sintetizada": "BA610BE8D2F54C9AB7053EA3776B37BE45005C.JPEG",
    "cantidad_archivos": 1,
    "archivos_fuente": [
      "Pictures/Fototeca de Fotos.photoslibrary/resources/derivatives/masters/B/BA610BE8-D2F5-4C9A-B705-3EA3776B37BE_4_5005_c.jpeg"
    ],
    "ultima_modificacion": "2025-08-01 01:01:17.973332"
  },
  "b28b006ecf9c485cb1be02b424d7461f45005c.jpeg": {
    "app_sintetizada": "B28B006ECF9C485CB1BE02B424D7461F45005C.JPEG",
    "cantidad_archivos": 1,
    "archivos_fuente": [
      "Pictures/Fototeca de Fotos.photoslibrary/resources/derivatives/masters/B/B28B006E-CF9C-485C-B1BE-02B424D7461F_4_5005_c.jpeg"
    ],
    "ultima_modificacion": "2025-08-01 01:01:17.973542"
  },
  "b769568b84ce4a129f8cee0701e85ed545005c.jpeg": {
    "app_sintetizada": "B769568B84CE4A129F8CEE0701E85ED545005C.JPEG",
    "cantidad_archivos": 1,
    "archivos_fuente": [
      "Pictures/Fototeca de Fotos.photoslibrary/resources/derivatives/masters/B/B769568B-84CE-4A12-9F8C-EE0701E85ED5_4_5005_c.jpeg"
    ],
    "ultima_modificacion": "2025-08-01 01:01:17.973736"
  },
  "bac6a9786a234cac982ec6208531492c45005c.jpeg": {
    "app_sintetizada": "BAC6A9786A234CAC982EC6208531492C45005C.JPEG",
    "cantidad_archivos": 1,
    "archivos_fuente": [
      "Pictures/Fototeca de Fotos.photoslibrary/resources/derivatives/masters/B/BAC6A978-6A23-4CAC-982E-C6208531492C_4_5005_c.jpeg"
    ],
    "ultima_modificacion": "2025-08-01 01:01:17.973937"
  },
  "bef5b5699dfc4232b4a0319d0d625ddb45005c.jpeg": {
    "app_sintetizada": "BEF5B5699DFC4232B4A0319D0D625DDB45005C.JPEG",
    "cantidad_archivos": 1,
    "archivos_fuente": [
      "Pictures/Fototeca de Fotos.photoslibrary/resources/derivatives/masters/B/BEF5B569-9DFC-4232-B4A0-319D0D625DDB_4_5005_c.jpeg"
    ],
    "ultima_modificacion": "2025-08-01 01:01:17.974189"
  },
  "be7a8ac32cd345fe88ac120fbe275af345005c.jpeg": {
    "app_sintetizada": "BE7A8AC32CD345FE88AC120FBE275AF345005C.JPEG",
    "cantidad_archivos": 1,
    "archivos_fuente": [
      "Pictures/Fototeca de Fotos.photoslibrary/resources/derivatives/masters/B/BE7A8AC3-2CD3-45FE-88AC-120FBE275AF3_4_5005_c.jpeg"
    ],
    "ultima_modificacion": "2025-08-01 01:01:17.974507"
  },
  "bb4b2b8836d64319908301511dbe949745005c.jpeg": {
    "app_sintetizada": "BB4B2B8836D64319908301511DBE949745005C.JPEG",
    "cantidad_archivos": 1,
    "archivos_fuente": [
      "Pictures/Fototeca de Fotos.photoslibrary/resources/derivatives/masters/B/BB4B2B88-36D6-4319-9083-01511DBE9497_4_5005_c.jpeg"
    ],
    "ultima_modificacion": "2025-08-01 01:01:17.974770"
  },
  "b184dfaad4f241818ae04dfa5ab4c9db45005c.jpeg": {
    "app_sintetizada": "B184DFAAD4F241818AE04DFA5AB4C9DB45005C.JPEG",
    "cantidad_archivos": 1,
    "archivos_fuente": [
      "Pictures/Fototeca de Fotos.photoslibrary/resources/derivatives/masters/B/B184DFAA-D4F2-4181-8AE0-4DFA5AB4C9DB_4_5005_c.jpeg"
    ],
    "ultima_modificacion": "2025-08-01 01:01:17.974983"
  },
  "b1dd2c3d43ab405ebcf7bcde6685b14f45005c.jpeg": {
    "app_sintetizada": "B1DD2C3D43AB405EBCF7BCDE6685B14F45005C.JPEG",
    "cantidad_archivos": 1,
    "archivos_fuente": [
      "Pictures/Fototeca de Fotos.photoslibrary/resources/derivatives/masters/B/B1DD2C3D-43AB-405E-BCF7-BCDE6685B14F_4_5005_c.jpeg"
    ],
    "ultima_modificacion": "2025-08-01 01:01:17.975198"
  },
  "b6a6048c0dda4e60b7ef51bf77ed604345005c.jpeg": {
    "app_sintetizada": "B6A6048C0DDA4E60B7EF51BF77ED604345005C.JPEG",
    "cantidad_archivos": 1,
    "archivos_fuente": [
      "Pictures/Fototeca de Fotos.photoslibrary/resources/derivatives/masters/B/B6A6048C-0DDA-4E60-B7EF-51BF77ED6043_4_5005_c.jpeg"
    ],
    "ultima_modificacion": "2025-08-01 01:01:17.975403"
  },
  "ba7b9f8a51d342f098f99b1be60601c845005c.jpeg": {
    "app_sintetizada": "BA7B9F8A51D342F098F99B1BE60601C845005C.JPEG",
    "cantidad_archivos": 1,
    "archivos_fuente": [
      "Pictures/Fototeca de Fotos.photoslibrary/resources/derivatives/masters/B/BA7B9F8A-51D3-42F0-98F9-9B1BE60601C8_4_5005_c.jpeg"
    ],
    "ultima_modificacion": "2025-08-01 01:01:17.975606"
  },
  "bc91ead2feb14a81bc028b949b200a5145005c.jpeg": {
    "app_sintetizada": "BC91EAD2FEB14A81BC028B949B200A5145005C.JPEG",
    "cantidad_archivos": 1,
    "archivos_fuente": [
      "Pictures/Fototeca de Fotos.photoslibrary/resources/derivatives/masters/B/BC91EAD2-FEB1-4A81-BC02-8B949B200A51_4_5005_c.jpeg"
    ],
    "ultima_modificacion": "2025-08-01 01:01:17.975889"
  },
  "bcdfadeb9e7243f5948b0cb41fb947bd45005c.jpeg": {
    "app_sintetizada": "BCDFADEB9E7243F5948B0CB41FB947BD45005C.JPEG",
    "cantidad_archivos": 1,
    "archivos_fuente": [
      "Pictures/Fototeca de Fotos.photoslibrary/resources/derivatives/masters/B/BCDFADEB-9E72-43F5-948B-0CB41FB947BD_4_5005_c.jpeg"
    ],
    "ultima_modificacion": "2025-08-01 01:01:17.976198"
  },
  "ba1855fa8a364c5d940270b4bc09900e45005c.jpeg": {
    "app_sintetizada": "BA1855FA8A364C5D940270B4BC09900E45005C.JPEG",
    "cantidad_archivos": 1,
    "archivos_fuente": [
      "Pictures/Fototeca de Fotos.photoslibrary/resources/derivatives/masters/B/BA1855FA-8A36-4C5D-9402-70B4BC09900E_4_5005_c.jpeg"
    ],
    "ultima_modificacion": "2025-08-01 01:01:17.976742"
  },
  "be5be468ae2c4ff5a22df17092f1abf745005c.jpeg": {
    "app_sintetizada": "BE5BE468AE2C4FF5A22DF17092F1ABF745005C.JPEG",
    "cantidad_archivos": 1,
    "archivos_fuente": [
      "Pictures/Fototeca de Fotos.photoslibrary/resources/derivatives/masters/B/BE5BE468-AE2C-4FF5-A22D-F17092F1ABF7_4_5005_c.jpeg"
    ],
    "ultima_modificacion": "2025-08-01 01:01:17.976952"
  },
  "bdec6724cf8941e4a898919d983d8f9945005c.jpeg": {
    "app_sintetizada": "BDEC6724CF8941E4A898919D983D8F9945005C.JPEG",
    "cantidad_archivos": 1,
    "archivos_fuente": [
      "Pictures/Fototeca de Fotos.photoslibrary/resources/derivatives/masters/B/BDEC6724-CF89-41E4-A898-919D983D8F99_4_5005_c.jpeg"
    ],
    "ultima_modificacion": "2025-08-01 01:01:17.977152"
  },
  "b1ece83432694ff1869e3feb11de0f3545005c.jpeg": {
    "app_sintetizada": "B1ECE83432694FF1869E3FEB11DE0F3545005C.JPEG",
    "cantidad_archivos": 1,
    "archivos_fuente": [
      "Pictures/Fototeca de Fotos.photoslibrary/resources/derivatives/masters/B/B1ECE834-3269-4FF1-869E-3FEB11DE0F35_4_5005_c.jpeg"
    ],
    "ultima_modificacion": "2025-08-01 01:01:17.977356"
  },
  "b441c1b9b1354365998bdc2a26aa322245005c.jpeg": {
    "app_sintetizada": "B441C1B9B1354365998BDC2A26AA322245005C.JPEG",
    "cantidad_archivos": 1,
    "archivos_fuente": [
      "Pictures/Fototeca de Fotos.photoslibrary/resources/derivatives/masters/B/B441C1B9-B135-4365-998B-DC2A26AA3222_4_5005_c.jpeg"
    ],
    "ultima_modificacion": "2025-08-01 01:01:17.977558"
  },
  "b2e7ac8f5114415a96269c540d03ee0a45005c.jpeg": {
    "app_sintetizada": "B2E7AC8F5114415A96269C540D03EE0A45005C.JPEG",
    "cantidad_archivos": 1,
    "archivos_fuente": [
      "Pictures/Fototeca de Fotos.photoslibrary/resources/derivatives/masters/B/B2E7AC8F-5114-415A-9626-9C540D03EE0A_4_5005_c.jpeg"
    ],
    "ultima_modificacion": "2025-08-01 01:01:17.977786"
  },
  "b9713871ab334b7a87068d1f5cb9c02f45005c.jpeg": {
    "app_sintetizada": "B9713871AB334B7A87068D1F5CB9C02F45005C.JPEG",
    "cantidad_archivos": 1,
    "archivos_fuente": [
      "Pictures/Fototeca de Fotos.photoslibrary/resources/derivatives/masters/B/B9713871-AB33-4B7A-8706-8D1F5CB9C02F_4_5005_c.jpeg"
    ],
    "ultima_modificacion": "2025-08-01 01:01:17.977986"
  },
  "b951f6d7e45e48379b72fee162d5328d45005c.jpeg": {
    "app_sintetizada": "B951F6D7E45E48379B72FEE162D5328D45005C.JPEG",
    "cantidad_archivos": 1,
    "archivos_fuente": [
      "Pictures/Fototeca de Fotos.photoslibrary/resources/derivatives/masters/B/B951F6D7-E45E-4837-9B72-FEE162D5328D_4_5005_c.jpeg"
    ],
    "ultima_modificacion": "2025-08-01 01:01:17.978190"
  },
  "b913409958a64c50b3aa3f625120563845005c.jpeg": {
    "app_sintetizada": "B913409958A64C50B3AA3F625120563845005C.JPEG",
    "cantidad_archivos": 1,
    "archivos_fuente": [
      "Pictures/Fototeca de Fotos.photoslibrary/resources/derivatives/masters/B/B9134099-58A6-4C50-B3AA-3F6251205638_4_5005_c.jpeg"
    ],
    "ultima_modificacion": "2025-08-01 01:01:17.978411"
  },
  "b57f2a4127d5462d9047f2def6f1a31f45005c.jpeg": {
    "app_sintetizada": "B57F2A4127D5462D9047F2DEF6F1A31F45005C.JPEG",
    "cantidad_archivos": 1,
    "archivos_fuente": [
      "Pictures/Fototeca de Fotos.photoslibrary/resources/derivatives/masters/B/B57F2A41-27D5-462D-9047-F2DEF6F1A31F_4_5005_c.jpeg"
    ],
    "ultima_modificacion": "2025-08-01 01:01:17.978618"
  },
  "beab461ae53d40d08c146a7f3289ae1445005c.jpeg": {
    "app_sintetizada": "BEAB461AE53D40D08C146A7F3289AE1445005C.JPEG",
    "cantidad_archivos": 1,
    "archivos_fuente": [
      "Pictures/Fototeca de Fotos.photoslibrary/resources/derivatives/masters/B/BEAB461A-E53D-40D0-8C14-6A7F3289AE14_4_5005_c.jpeg"
    ],
    "ultima_modificacion": "2025-08-01 01:01:17.978810"
  },
  "bdd63671d05d4290a2a0d528afae811345005c.jpeg": {
    "app_sintetizada": "BDD63671D05D4290A2A0D528AFAE811345005C.JPEG",
    "cantidad_archivos": 1,
    "archivos_fuente": [
      "Pictures/Fototeca de Fotos.photoslibrary/resources/derivatives/masters/B/BDD63671-D05D-4290-A2A0-D528AFAE8113_4_5005_c.jpeg"
    ],
    "ultima_modificacion": "2025-08-01 01:01:17.979009"
  },
  "b9ed68552f214356a092551a0410f9af45005c.jpeg": {
    "app_sintetizada": "B9ED68552F214356A092551A0410F9AF45005C.JPEG",
    "cantidad_archivos": 1,
    "archivos_fuente": [
      "Pictures/Fototeca de Fotos.photoslibrary/resources/derivatives/masters/B/B9ED6855-2F21-4356-A092-551A0410F9AF_4_5005_c.jpeg"
    ],
    "ultima_modificacion": "2025-08-01 01:01:17.979208"
  },
  "b785aaadfacf411eb6c2ad41ecc0776645005c.jpeg": {
    "app_sintetizada": "B785AAADFACF411EB6C2AD41ECC0776645005C.JPEG",
    "cantidad_archivos": 1,
    "archivos_fuente": [
      "Pictures/Fototeca de Fotos.photoslibrary/resources/derivatives/masters/B/B785AAAD-FACF-411E-B6C2-AD41ECC07766_4_5005_c.jpeg"
    ],
    "ultima_modificacion": "2025-08-01 01:01:17.979399"
  },
  "bc87197e7c9e4b73a523f7cfb6c2a4d245005c.jpeg": {
    "app_sintetizada": "BC87197E7C9E4B73A523F7CFB6C2A4D245005C.JPEG",
    "cantidad_archivos": 1,
    "archivos_fuente": [
      "Pictures/Fototeca de Fotos.photoslibrary/resources/derivatives/masters/B/BC87197E-7C9E-4B73-A523-F7CFB6C2A4D2_4_5005_c.jpeg"
    ],
    "ultima_modificacion": "2025-08-01 01:01:17.979603"
  },
  "b9a8fbd9774948c280042d1ca59c36f845005c.jpeg": {
    "app_sintetizada": "B9A8FBD9774948C280042D1CA59C36F845005C.JPEG",
    "cantidad_archivos": 1,
    "archivos_fuente": [
      "Pictures/Fototeca de Fotos.photoslibrary/resources/derivatives/masters/B/B9A8FBD9-7749-48C2-8004-2D1CA59C36F8_4_5005_c.jpeg"
    ],
    "ultima_modificacion": "2025-08-01 01:01:17.979793"
  },
  "bfe606a95d17495a97e41f9bc9df291f45005c.jpeg": {
    "app_sintetizada": "BFE606A95D17495A97E41F9BC9DF291F45005C.JPEG",
    "cantidad_archivos": 1,
    "archivos_fuente": [
      "Pictures/Fototeca de Fotos.photoslibrary/resources/derivatives/masters/B/BFE606A9-5D17-495A-97E4-1F9BC9DF291F_4_5005_c.jpeg"
    ],
    "ultima_modificacion": "2025-08-01 01:01:17.980020"
  },
  "b159b0a2e69543ca8ea21500f1c0b83645005c.jpeg": {
    "app_sintetizada": "B159B0A2E69543CA8EA21500F1C0B83645005C.JPEG",
    "cantidad_archivos": 1,
    "archivos_fuente": [
      "Pictures/Fototeca de Fotos.photoslibrary/resources/derivatives/masters/B/B159B0A2-E695-43CA-8EA2-1500F1C0B836_4_5005_c.jpeg"
    ],
    "ultima_modificacion": "2025-08-01 01:01:17.980328"
  }
}