{
  "f9025ecaf769413280682785ded0c2c045005c.jpeg": {
    "app_sintetizada": "F9025ECAF769413280682785DED0C2C045005C.JPEG",
    "cantidad_archivos": 1,
    "archivos_fuente": [
      "Pictures/Fototeca de Fotos.photoslibrary/resources/derivatives/masters/F/F9025ECA-F769-4132-8068-2785DED0C2C0_4_5005_c.jpeg"
    ],
    "ultima_modificacion": "2025-08-01 01:01:12.103278"
  },
  "f0dc33cc40264fca9042200f24f74b1145005c.jpeg": {
    "app_sintetizada": "F0DC33CC40264FCA9042200F24F74B1145005C.JPEG",
    "cantidad_archivos": 1,
    "archivos_fuente": [
      "Pictures/Fototeca de Fotos.photoslibrary/resources/derivatives/masters/F/F0DC33CC-4026-4FCA-9042-200F24F74B11_4_5005_c.jpeg"
    ],
    "ultima_modificacion": "2025-08-01 01:01:12.103582"
  },
  "f88acff0ba794d77833f77a763180bd045005c.jpeg": {
    "app_sintetizada": "F88ACFF0BA794D77833F77A763180BD045005C.JPEG",
    "cantidad_archivos": 1,
    "archivos_fuente": [
      "Pictures/Fototeca de Fotos.photoslibrary/resources/derivatives/masters/F/F88ACFF0-BA79-4D77-833F-77A763180BD0_4_5005_c.jpeg"
    ],
    "ultima_modificacion": "2025-08-01 01:01:12.103881"
  },
  "f0a3082edc10482ea73c36bda7f8647545005c.jpeg": {
    "app_sintetizada": "F0A3082EDC10482EA73C36BDA7F8647545005C.JPEG",
    "cantidad_archivos": 1,
    "archivos_fuente": [
      "Pictures/Fototeca de Fotos.photoslibrary/resources/derivatives/masters/F/F0A3082E-DC10-482E-A73C-36BDA7F86475_4_5005_c.jpeg"
    ],
    "ultima_modificacion": "2025-08-01 01:01:12.104272"
  },
  "f71e9fcba3804a5ca8b0ea365341d40d45005c.jpeg": {
    "app_sintetizada": "F71E9FCBA3804A5CA8B0EA365341D40D45005C.JPEG",
    "cantidad_archivos": 1,
    "archivos_fuente": [
      "Pictures/Fototeca de Fotos.photoslibrary/resources/derivatives/masters/F/F71E9FCB-A380-4A5C-A8B0-EA365341D40D_4_5005_c.jpeg"
    ],
    "ultima_modificacion": "2025-08-01 01:01:12.104587"
  },
  "f32dc549409b4ae3920f3047f26d5fe745005c.jpeg": {
    "app_sintetizada": "F32DC549409B4AE3920F3047F26D5FE745005C.JPEG",
    "cantidad_archivos": 1,
    "archivos_fuente": [
      "Pictures/Fototeca de Fotos.photoslibrary/resources/derivatives/masters/F/F32DC549-409B-4AE3-920F-3047F26D5FE7_4_5005_c.jpeg"
    ],
    "ultima_modificacion": "2025-08-01 01:01:12.104902"
  },
  "f7eccb552cdd4e2ca7d2c101fd9ed71245005c.jpeg": {
    "app_sintetizada": "F7ECCB552CDD4E2CA7D2C101FD9ED71245005C.JPEG",
    "cantidad_archivos": 1,
    "archivos_fuente": [
      "Pictures/Fototeca de Fotos.photoslibrary/resources/derivatives/masters/F/F7ECCB55-2CDD-4E2C-A7D2-C101FD9ED712_4_5005_c.jpeg"
    ],
    "ultima_modificacion": "2025-08-01 01:01:12.105225"
  },
  "f5dab7f0ed4f45618076ae8391e5239845005c.jpeg": {
    "app_sintetizada": "F5DAB7F0ED4F45618076AE8391E5239845005C.JPEG",
    "cantidad_archivos": 1,
    "archivos_fuente": [
      "Pictures/Fototeca de Fotos.photoslibrary/resources/derivatives/masters/F/F5DAB7F0-ED4F-4561-8076-AE8391E52398_4_5005_c.jpeg"
    ],
    "ultima_modificacion": "2025-08-01 01:01:12.105583"
  },
  "f2bb32501f334c6c87f16d747d5eb2a145005c.jpeg": {
    "app_sintetizada": "F2BB32501F334C6C87F16D747D5EB2A145005C.JPEG",
    "cantidad_archivos": 1,
    "archivos_fuente": [
      "Pictures/Fototeca de Fotos.photoslibrary/resources/derivatives/masters/F/F2BB3250-1F33-4C6C-87F1-6D747D5EB2A1_4_5005_c.jpeg"
    ],
    "ultima_modificacion": "2025-08-01 01:01:12.105960"
  },
  "f19c2df57b904d50ba1337a567f6a94445005c.jpeg": {
    "app_sintetizada": "F19C2DF57B904D50BA1337A567F6A94445005C.JPEG",
    "cantidad_archivos": 1,
    "archivos_fuente": [
      "Pictures/Fototeca de Fotos.photoslibrary/resources/derivatives/masters/F/F19C2DF5-7B90-4D50-BA13-37A567F6A944_4_5005_c.jpeg"
    ],
    "ultima_modificacion": "2025-08-01 01:01:12.106317"
  },
  "fc0cde07fa4e457fba51cc5931a127b045005c.jpeg": {
    "app_sintetizada": "FC0CDE07FA4E457FBA51CC5931A127B045005C.JPEG",
    "cantidad_archivos": 1,
    "archivos_fuente": [
      "Pictures/Fototeca de Fotos.photoslibrary/resources/derivatives/masters/F/FC0CDE07-FA4E-457F-BA51-CC5931A127B0_4_5005_c.jpeg"
    ],
    "ultima_modificacion": "2025-08-01 01:01:12.106671"
  },
  "f4ad6d1eb0b6421bb20a33630504268445005c.jpeg": {
    "app_sintetizada": "F4AD6D1EB0B6421BB20A33630504268445005C.JPEG",
    "cantidad_archivos": 1,
    "archivos_fuente": [
      "Pictures/Fototeca de Fotos.photoslibrary/resources/derivatives/masters/F/F4AD6D1E-B0B6-421B-B20A-336305042684_4_5005_c.jpeg"
    ],
    "ultima_modificacion": "2025-08-01 01:01:12.107007"
  },
  "faad0fa0439f436aab9c5b470bed3bfd45005c.jpeg": {
    "app_sintetizada": "FAAD0FA0439F436AAB9C5B470BED3BFD45005C.JPEG",
    "cantidad_archivos": 1,
    "archivos_fuente": [
      "Pictures/Fototeca de Fotos.photoslibrary/resources/derivatives/masters/F/FAAD0FA0-439F-436A-AB9C-5B470BED3BFD_4_5005_c.jpeg"
    ],
    "ultima_modificacion": "2025-08-01 01:01:12.107360"
  },
  "f0727853ae9d4789afaaeffb19c5b0a645005c.jpeg": {
    "app_sintetizada": "F0727853AE9D4789AFAAEFFB19C5B0A645005C.JPEG",
    "cantidad_archivos": 1,
    "archivos_fuente": [
      "Pictures/Fototeca de Fotos.photoslibrary/resources/derivatives/masters/F/F0727853-AE9D-4789-AFAA-EFFB19C5B0A6_4_5005_c.jpeg"
    ],
    "ultima_modificacion": "2025-08-01 01:01:12.107659"
  },
  "fe009992c3e54e828b3e3aee0a5e775345005c.jpeg": {
    "app_sintetizada": "FE009992C3E54E828B3E3AEE0A5E775345005C.JPEG",
    "cantidad_archivos": 1,
    "archivos_fuente": [
      "Pictures/Fototeca de Fotos.photoslibrary/resources/derivatives/masters/F/FE009992-C3E5-4E82-8B3E-3AEE0A5E7753_4_5005_c.jpeg"
    ],
    "ultima_modificacion": "2025-08-01 01:01:12.107952"
  },
  "f9f9354e49fd432596ec64a1e112f0ed45005c.jpeg": {
    "app_sintetizada": "F9F9354E49FD432596EC64A1E112F0ED45005C.JPEG",
    "cantidad_archivos": 1,
    "archivos_fuente": [
      "Pictures/Fototeca de Fotos.photoslibrary/resources/derivatives/masters/F/F9F9354E-49FD-4325-96EC-64A1E112F0ED_4_5005_c.jpeg"
    ],
    "ultima_modificacion": "2025-08-01 01:01:12.108296"
  },
  "feaf95ee90504cb5b131c2ebe7fbb00545005c.jpeg": {
    "app_sintetizada": "FEAF95EE90504CB5B131C2EBE7FBB00545005C.JPEG",
    "cantidad_archivos": 1,
    "archivos_fuente": [
      "Pictures/Fototeca de Fotos.photoslibrary/resources/derivatives/masters/F/FEAF95EE-9050-4CB5-B131-C2EBE7FBB005_4_5005_c.jpeg"
    ],
    "ultima_modificacion": "2025-08-01 01:01:12.108596"
  },
  "fb5a5ef00ea4445f80030d2918dfc73645005c.jpeg": {
    "app_sintetizada": "FB5A5EF00EA4445F80030D2918DFC73645005C.JPEG",
    "cantidad_archivos": 1,
    "archivos_fuente": [
      "Pictures/Fototeca de Fotos.photoslibrary/resources/derivatives/masters/F/FB5A5EF0-0EA4-445F-8003-0D2918DFC736_4_5005_c.jpeg"
    ],
    "ultima_modificacion": "2025-08-01 01:01:12.108909"
  },
  "f662ded1842a499580bbc658773db39145005c.jpeg": {
    "app_sintetizada": "F662DED1842A499580BBC658773DB39145005C.JPEG",
    "cantidad_archivos": 1,
    "archivos_fuente": [
      "Pictures/Fototeca de Fotos.photoslibrary/resources/derivatives/masters/F/F662DED1-842A-4995-80BB-C658773DB391_4_5005_c.jpeg"
    ],
    "ultima_modificacion": "2025-08-01 01:01:12.109217"
  },
  "fa584911afc843f6bc06abae2efa62bc45005c.jpeg": {
    "app_sintetizada": "FA584911AFC843F6BC06ABAE2EFA62BC45005C.JPEG",
    "cantidad_archivos": 1,
    "archivos_fuente": [
      "Pictures/Fototeca de Fotos.photoslibrary/resources/derivatives/masters/F/FA584911-AFC8-43F6-BC06-ABAE2EFA62BC_4_5005_c.jpeg"
    ],
    "ultima_modificacion": "2025-08-01 01:01:12.109503"
  },
  "fab8e70a48874a869409f94d1d9739e345005c.jpeg": {
    "app_sintetizada": "FAB8E70A48874A869409F94D1D9739E345005C.JPEG",
    "cantidad_archivos": 1,
    "archivos_fuente": [
      "Pictures/Fototeca de Fotos.photoslibrary/resources/derivatives/masters/F/FAB8E70A-4887-4A86-9409-F94D1D9739E3_4_5005_c.jpeg"
    ],
    "ultima_modificacion": "2025-08-01 01:01:12.109813"
  },
  "f8b09bb5e3a24c09ba68826e5ce1a0ea45005c.jpeg": {
    "app_sintetizada": "F8B09BB5E3A24C09BA68826E5CE1A0EA45005C.JPEG",
    "cantidad_archivos": 1,
    "archivos_fuente": [
      "Pictures/Fototeca de Fotos.photoslibrary/resources/derivatives/masters/F/F8B09BB5-E3A2-4C09-BA68-826E5CE1A0EA_4_5005_c.jpeg"
    ],
    "ultima_modificacion": "2025-08-01 01:01:12.110126"
  },
  "f7e919a87afd4905983f791c2845099445005c.jpeg": {
    "app_sintetizada": "F7E919A87AFD4905983F791C2845099445005C.JPEG",
    "cantidad_archivos": 1,
    "archivos_fuente": [
      "Pictures/Fototeca de Fotos.photoslibrary/resources/derivatives/masters/F/F7E919A8-7AFD-4905-983F-791C28450994_4_5005_c.jpeg"
    ],
    "ultima_modificacion": "2025-08-01 01:01:12.110462"
  },
  "f564ce98fa0945a39471f1a248b68e9145005c.jpeg": {
    "app_sintetizada": "F564CE98FA0945A39471F1A248B68E9145005C.JPEG",
    "cantidad_archivos": 1,
    "archivos_fuente": [
      "Pictures/Fototeca de Fotos.photoslibrary/resources/derivatives/masters/F/F564CE98-FA09-45A3-9471-F1A248B68E91_4_5005_c.jpeg"
    ],
    "ultima_modificacion": "2025-08-01 01:01:12.110795"
  },
  "f87222eb4e824d78aaea82afac40417645005c.jpeg": {
    "app_sintetizada": "F87222EB4E824D78AAEA82AFAC40417645005C.JPEG",
    "cantidad_archivos": 1,
    "archivos_fuente": [
      "Pictures/Fototeca de Fotos.photoslibrary/resources/derivatives/masters/F/F87222EB-4E82-4D78-AAEA-82AFAC404176_4_5005_c.jpeg"
    ],
    "ultima_modificacion": "2025-08-01 01:01:12.111232"
  },
  "f3909ea81ae543dda38efe0f033377db45005c.jpeg": {
    "app_sintetizada": "F3909EA81AE543DDA38EFE0F033377DB45005C.JPEG",
    "cantidad_archivos": 1,
    "archivos_fuente": [
      "Pictures/Fototeca de Fotos.photoslibrary/resources/derivatives/masters/F/F3909EA8-1AE5-43DD-A38E-FE0F033377DB_4_5005_c.jpeg"
    ],
    "ultima_modificacion": "2025-08-01 01:01:12.111712"
  },
  "f57120a3aa0846f1abe227e87508e5ce45005c.jpeg": {
    "app_sintetizada": "F57120A3AA0846F1ABE227E87508E5CE45005C.JPEG",
    "cantidad_archivos": 1,
    "archivos_fuente": [
      "Pictures/Fototeca de Fotos.photoslibrary/resources/derivatives/masters/F/F57120A3-AA08-46F1-ABE2-27E87508E5CE_4_5005_c.jpeg"
    ],
    "ultima_modificacion": "2025-08-01 01:01:12.111974"
  },
  "f26a8101a56641258e21115ed417ac8145005c.jpeg": {
    "app_sintetizada": "F26A8101A56641258E21115ED417AC8145005C.JPEG",
    "cantidad_archivos": 1,
    "archivos_fuente": [
      "Pictures/Fototeca de Fotos.photoslibrary/resources/derivatives/masters/F/F26A8101-A566-4125-8E21-115ED417AC81_4_5005_c.jpeg"
    ],
    "ultima_modificacion": "2025-08-01 01:01:12.112271"
  },
  "fe77d902fb6c4dd48718ead404a4004e45005c.jpeg": {
    "app_sintetizada": "FE77D902FB6C4DD48718EAD404A4004E45005C.JPEG",
    "cantidad_archivos": 1,
    "archivos_fuente": [
      "Pictures/Fototeca de Fotos.photoslibrary/resources/derivatives/masters/F/FE77D902-FB6C-4DD4-8718-EAD404A4004E_4_5005_c.jpeg"
    ],
    "ultima_modificacion": "2025-08-01 01:01:12.112606"
  },
  "fdbc7c2db6ed437d9cbebcb05fe2545145005c.jpeg": {
    "app_sintetizada": "FDBC7C2DB6ED437D9CBEBCB05FE2545145005C.JPEG",
    "cantidad_archivos": 1,
    "archivos_fuente": [
      "Pictures/Fototeca de Fotos.photoslibrary/resources/derivatives/masters/F/FDBC7C2D-B6ED-437D-9CBE-BCB05FE25451_4_5005_c.jpeg"
    ],
    "ultima_modificacion": "2025-08-01 01:01:12.112845"
  },
  "f9e8b3dd61294de5b4f1f3d13dcf4e4245005c.jpeg": {
    "app_sintetizada": "F9E8B3DD61294DE5B4F1F3D13DCF4E4245005C.JPEG",
    "cantidad_archivos": 1,
    "archivos_fuente": [
      "Pictures/Fototeca de Fotos.photoslibrary/resources/derivatives/masters/F/F9E8B3DD-6129-4DE5-B4F1-F3D13DCF4E42_4_5005_c.jpeg"
    ],
    "ultima_modificacion": "2025-08-01 01:01:12.113147"
  },
  "f9eb5350e4474b2c9ae3104227ee348545005c.jpeg": {
    "app_sintetizada": "F9EB5350E4474B2C9AE3104227EE348545005C.JPEG",
    "cantidad_archivos": 1,
    "archivos_fuente": [
      "Pictures/Fototeca de Fotos.photoslibrary/resources/derivatives/masters/F/F9EB5350-E447-4B2C-9AE3-104227EE3485_4_5005_c.jpeg"
    ],
    "ultima_modificacion": "2025-08-01 01:01:12.113474"
  },
  "fc4b0562efc64e43ba23c55d37526bef45005c.jpeg": {
    "app_sintetizada": "FC4B0562EFC64E43BA23C55D37526BEF45005C.JPEG",
    "cantidad_archivos": 1,
    "archivos_fuente": [
      "Pictures/Fototeca de Fotos.photoslibrary/resources/derivatives/masters/F/FC4B0562-EFC6-4E43-BA23-C55D37526BEF_4_5005_c.jpeg"
    ],
    "ultima_modificacion": "2025-08-01 01:01:12.113810"
  },
  "f6633e0d2b94467ea981459496c95f7e45005c.jpeg": {
    "app_sintetizada": "F6633E0D2B94467EA981459496C95F7E45005C.JPEG",
    "cantidad_archivos": 1,
    "archivos_fuente": [
      "Pictures/Fototeca de Fotos.photoslibrary/resources/derivatives/masters/F/F6633E0D-2B94-467E-A981-459496C95F7E_4_5005_c.jpeg"
    ],
    "ultima_modificacion": "2025-08-01 01:01:12.114086"
  },
  "f0c7651c80a144edbd96846e8edf704a45005c.jpeg": {
    "app_sintetizada": "F0C7651C80A144EDBD96846E8EDF704A45005C.JPEG",
    "cantidad_archivos": 1,
    "archivos_fuente": [
      "Pictures/Fototeca de Fotos.photoslibrary/resources/derivatives/masters/F/F0C7651C-80A1-44ED-BD96-846E8EDF704A_4_5005_c.jpeg"
    ],
    "ultima_modificacion": "2025-08-01 01:01:12.114353"
  },
  "fc7cb34cb52f438ba4a4ec8f84f024a745005c.jpeg": {
    "app_sintetizada": "FC7CB34CB52F438BA4A4EC8F84F024A745005C.JPEG",
    "cantidad_archivos": 1,
    "archivos_fuente": [
      "Pictures/Fototeca de Fotos.photoslibrary/resources/derivatives/masters/F/FC7CB34C-B52F-438B-A4A4-EC8F84F024A7_4_5005_c.jpeg"
    ],
    "ultima_modificacion": "2025-08-01 01:01:12.114617"
  },
  "f73cb17e41784efaae51c7f002e7868c45005c.jpeg": {
    "app_sintetizada": "F73CB17E41784EFAAE51C7F002E7868C45005C.JPEG",
    "cantidad_archivos": 1,
    "archivos_fuente": [
      "Pictures/Fototeca de Fotos.photoslibrary/resources/derivatives/masters/F/F73CB17E-4178-4EFA-AE51-C7F002E7868C_4_5005_c.jpeg"
    ],
    "ultima_modificacion": "2025-08-01 01:01:12.114973"
  },
  "ff1051c894b44360a189bed01dbb58b945005c.jpeg": {
    "app_sintetizada": "FF1051C894B44360A189BED01DBB58B945005C.JPEG",
    "cantidad_archivos": 1,
    "archivos_fuente": [
      "Pictures/Fototeca de Fotos.photoslibrary/resources/derivatives/masters/F/FF1051C8-94B4-4360-A189-BED01DBB58B9_4_5005_c.jpeg"
    ],
    "ultima_modificacion": "2025-08-01 01:01:12.115245"
  },
  "f74e690888284384871a32bba9f1d35645005c.jpeg": {
    "app_sintetizada": "F74E690888284384871A32BBA9F1D35645005C.JPEG",
    "cantidad_archivos": 1,
    "archivos_fuente": [
      "Pictures/Fototeca de Fotos.photoslibrary/resources/derivatives/masters/F/F74E6908-8828-4384-871A-32BBA9F1D356_4_5005_c.jpeg"
    ],
    "ultima_modificacion": "2025-08-01 01:01:12.115499"
  },
  "f1930ea8ddd64c849489ea3017ecfe9d45005c.jpeg": {
    "app_sintetizada": "F1930EA8DDD64C849489EA3017ECFE9D45005C.JPEG",
    "cantidad_archivos": 1,
    "archivos_fuente": [
      "Pictures/Fototeca de Fotos.photoslibrary/resources/derivatives/masters/F/F1930EA8-DDD6-4C84-9489-EA3017ECFE9D_4_5005_c.jpeg"
    ],
    "ultima_modificacion": "2025-08-01 01:01:12.115795"
  },
  "fc228e3ab8c44f1687a0ea4d31a92f1745005c.jpeg": {
    "app_sintetizada": "FC228E3AB8C44F1687A0EA4D31A92F1745005C.JPEG",
    "cantidad_archivos": 1,
    "archivos_fuente": [
      "Pictures/Fototeca de Fotos.photoslibrary/resources/derivatives/masters/F/FC228E3A-B8C4-4F16-87A0-EA4D31A92F17_4_5005_c.jpeg"
    ],
    "ultima_modificacion": "2025-08-01 01:01:12.116054"
  },
  "fedab6d17acf4b22bc070a2f26ff292645005c.jpeg": {
    "app_sintetizada": "FEDAB6D17ACF4B22BC070A2F26FF292645005C.JPEG",
    "cantidad_archivos": 1,
    "archivos_fuente": [
      "Pictures/Fototeca de Fotos.photoslibrary/resources/derivatives/masters/F/FEDAB6D1-7ACF-4B22-BC07-0A2F26FF2926_4_5005_c.jpeg"
    ],
    "ultima_modificacion": "2025-08-01 01:01:12.116276"
  },
  "f8584b3f40fa4c9ba06ef52587783bf745005c.jpeg": {
    "app_sintetizada": "F8584B3F40FA4C9BA06EF52587783BF745005C.JPEG",
    "cantidad_archivos": 1,
    "archivos_fuente": [
      "Pictures/Fototeca de Fotos.photoslibrary/resources/derivatives/masters/F/F8584B3F-40FA-4C9B-A06E-F52587783BF7_4_5005_c.jpeg"
    ],
    "ultima_modificacion": "2025-08-01 01:01:12.116491"
  },
  "f5a5ceb17f6848dfa6ef428daf56a44545005c.jpeg": {
    "app_sintetizada": "F5A5CEB17F6848DFA6EF428DAF56A44545005C.JPEG",
    "cantidad_archivos": 1,
    "archivos_fuente": [
      "Pictures/Fototeca de Fotos.photoslibrary/resources/derivatives/masters/F/F5A5CEB1-7F68-48DF-A6EF-428DAF56A445_4_5005_c.jpeg"
    ],
    "ultima_modificacion": "2025-08-01 01:01:12.116688"
  },
  "f80c5026cf4640628a3e0734b11adc2745005c.jpeg": {
    "app_sintetizada": "F80C5026CF4640628A3E0734B11ADC2745005C.JPEG",
    "cantidad_archivos": 1,
    "archivos_fuente": [
      "Pictures/Fototeca de Fotos.photoslibrary/resources/derivatives/masters/F/F80C5026-CF46-4062-8A3E-0734B11ADC27_4_5005_c.jpeg"
    ],
    "ultima_modificacion": "2025-08-01 01:01:12.116894"
  },
  "fb23553c36c64de48d48bc8bad5ff3ce45005c.jpeg": {
    "app_sintetizada": "FB23553C36C64DE48D48BC8BAD5FF3CE45005C.JPEG",
    "cantidad_archivos": 1,
    "archivos_fuente": [
      "Pictures/Fototeca de Fotos.photoslibrary/resources/derivatives/masters/F/FB23553C-36C6-4DE4-8D48-BC8BAD5FF3CE_4_5005_c.jpeg"
    ],
    "ultima_modificacion": "2025-08-01 01:01:12.117109"
  },
  "fc34c7e4ef5647ee9905769a9ee7776145005c.jpeg": {
    "app_sintetizada": "FC34C7E4EF5647EE9905769A9EE7776145005C.JPEG",
    "cantidad_archivos": 1,
    "archivos_fuente": [
      "Pictures/Fototeca de Fotos.photoslibrary/resources/derivatives/masters/F/FC34C7E4-EF56-47EE-9905-769A9EE77761_4_5005_c.jpeg"
    ],
    "ultima_modificacion": "2025-08-01 01:01:12.117330"
  },
  "f5f77d17a00845028a3a52da578f489445005c.jpeg": {
    "app_sintetizada": "F5F77D17A00845028A3A52DA578F489445005C.JPEG",
    "cantidad_archivos": 1,
    "archivos_fuente": [
      "Pictures/Fototeca de Fotos.photoslibrary/resources/derivatives/masters/F/F5F77D17-A008-4502-8A3A-52DA578F4894_4_5005_c.jpeg"
    ],
    "ultima_modificacion": "2025-08-01 01:01:12.117546"
  },
  "fab75dbbd9a34b2b9645b90fff1404aa45005c.jpeg": {
    "app_sintetizada": "FAB75DBBD9A34B2B9645B90FFF1404AA45005C.JPEG",
    "cantidad_archivos": 1,
    "archivos_fuente": [
      "Pictures/Fototeca de Fotos.photoslibrary/resources/derivatives/masters/F/FAB75DBB-D9A3-4B2B-9645-B90FFF1404AA_4_5005_c.jpeg"
    ],
    "ultima_modificacion": "2025-08-01 01:01:12.117858"
  },
  "fd4732261c164db6a23327f611f08c2c45005c.jpeg": {
    "app_sintetizada": "FD4732261C164DB6A23327F611F08C2C45005C.JPEG",
    "cantidad_archivos": 1,
    "archivos_fuente": [
      "Pictures/Fototeca de Fotos.photoslibrary/resources/derivatives/masters/F/FD473226-1C16-4DB6-A233-27F611F08C2C_4_5005_c.jpeg"
    ],
    "ultima_modificacion": "2025-08-01 01:01:12.118130"
  },
  "fda6159636fc48b1b291053622e8c52d45005c.jpeg": {
    "app_sintetizada": "FDA6159636FC48B1B291053622E8C52D45005C.JPEG",
    "cantidad_archivos": 1,
    "archivos_fuente": [
      "Pictures/Fototeca de Fotos.photoslibrary/resources/derivatives/masters/F/FDA61596-36FC-48B1-B291-053622E8C52D_4_5005_c.jpeg"
    ],
    "ultima_modificacion": "2025-08-01 01:01:12.118396"
  },
  "f718094e4aa64c1f90b80d5ea332c00d45005c.jpeg": {
    "app_sintetizada": "F718094E4AA64C1F90B80D5EA332C00D45005C.JPEG",
    "cantidad_archivos": 1,
    "archivos_fuente": [
      "Pictures/Fototeca de Fotos.photoslibrary/resources/derivatives/masters/F/F718094E-4AA6-4C1F-90B8-0D5EA332C00D_4_5005_c.jpeg"
    ],
    "ultima_modificacion": "2025-08-01 01:01:12.118656"
  },
  "fc0481cb76b94d33a75c46c040fb97e045005c.jpeg": {
    "app_sintetizada": "FC0481CB76B94D33A75C46C040FB97E045005C.JPEG",
    "cantidad_archivos": 1,
    "archivos_fuente": [
      "Pictures/Fototeca de Fotos.photoslibrary/resources/derivatives/masters/F/FC0481CB-76B9-4D33-A75C-46C040FB97E0_4_5005_c.jpeg"
    ],
    "ultima_modificacion": "2025-08-01 01:01:12.118910"
  },
  "f6f8ecf325a24498afc30744e62ff44145005c.jpeg": {
    "app_sintetizada": "F6F8ECF325A24498AFC30744E62FF44145005C.JPEG",
    "cantidad_archivos": 1,
    "archivos_fuente": [
      "Pictures/Fototeca de Fotos.photoslibrary/resources/derivatives/masters/F/F6F8ECF3-25A2-4498-AFC3-0744E62FF441_4_5005_c.jpeg"
    ],
    "ultima_modificacion": "2025-08-01 01:01:12.119180"
  },
  "fdd223acc6744bf79407e8ebff70a6dc45005c.jpeg": {
    "app_sintetizada": "FDD223ACC6744BF79407E8EBFF70A6DC45005C.JPEG",
    "cantidad_archivos": 1,
    "archivos_fuente": [
      "Pictures/Fototeca de Fotos.photoslibrary/resources/derivatives/masters/F/FDD223AC-C674-4BF7-9407-E8EBFF70A6DC_4_5005_c.jpeg"
    ],
    "ultima_modificacion": "2025-08-01 01:01:12.119430"
  },
  "f2389b91ba014ce4b99cf8a78c66ac4445005c.jpeg": {
    "app_sintetizada": "F2389B91BA014CE4B99CF8A78C66AC4445005C.JPEG",
    "cantidad_archivos": 1,
    "archivos_fuente": [
      "Pictures/Fototeca de Fotos.photoslibrary/resources/derivatives/masters/F/F2389B91-BA01-4CE4-B99C-F8A78C66AC44_4_5005_c.jpeg"
    ],
    "ultima_modificacion": "2025-08-01 01:01:12.119682"
  },
  "f6e4796704514e6ebabeb19c6deddccf45005c.jpeg": {
    "app_sintetizada": "F6E4796704514E6EBABEB19C6DEDDCCF45005C.JPEG",
    "cantidad_archivos": 1,
    "archivos_fuente": [
      "Pictures/Fototeca de Fotos.photoslibrary/resources/derivatives/masters/F/F6E47967-0451-4E6E-BABE-B19C6DEDDCCF_4_5005_c.jpeg"
    ],
    "ultima_modificacion": "2025-08-01 01:01:12.120039"
  },
  "fa8ec266e167434c9db3c22321d28c7745005c.jpeg": {
    "app_sintetizada": "FA8EC266E167434C9DB3C22321D28C7745005C.JPEG",
    "cantidad_archivos": 1,
    "archivos_fuente": [
      "Pictures/Fototeca de Fotos.photoslibrary/resources/derivatives/masters/F/FA8EC266-E167-434C-9DB3-C22321D28C77_4_5005_c.jpeg"
    ],
    "ultima_modificacion": "2025-08-01 01:01:12.120318"
  },
  "f482d7e55c4c47e9a4ac8598df2dace345005c.jpeg": {
    "app_sintetizada": "F482D7E55C4C47E9A4AC8598DF2DACE345005C.JPEG",
    "cantidad_archivos": 1,
    "archivos_fuente": [
      "Pictures/Fototeca de Fotos.photoslibrary/resources/derivatives/masters/F/F482D7E5-5C4C-47E9-A4AC-8598DF2DACE3_4_5005_c.jpeg"
    ],
    "ultima_modificacion": "2025-08-01 01:01:12.120561"
  },
  "f8c95167fd0a4a219d64cd07c2d3243745005c.jpeg": {
    "app_sintetizada": "F8C95167FD0A4A219D64CD07C2D3243745005C.JPEG",
    "cantidad_archivos": 1,
    "archivos_fuente": [
      "Pictures/Fototeca de Fotos.photoslibrary/resources/derivatives/masters/F/F8C95167-FD0A-4A21-9D64-CD07C2D32437_4_5005_c.jpeg"
    ],
    "ultima_modificacion": "2025-08-01 01:01:12.120850"
  },
  "f438e6a787894d6bbcce74737834430a45005c.jpeg": {
    "app_sintetizada": "F438E6A787894D6BBCCE74737834430A45005C.JPEG",
    "cantidad_archivos": 1,
    "archivos_fuente": [
      "Pictures/Fototeca de Fotos.photoslibrary/resources/derivatives/masters/F/F438E6A7-8789-4D6B-BCCE-74737834430A_4_5005_c.jpeg"
    ],
    "ultima_modificacion": "2025-08-01 01:01:12.121143"
  },
  "f9dba27bf65e40adafa5a6f852c02d5045005c.jpeg": {
    "app_sintetizada": "F9DBA27BF65E40ADAFA5A6F852C02D5045005C.JPEG",
    "cantidad_archivos": 1,
    "archivos_fuente": [
      "Pictures/Fototeca de Fotos.photoslibrary/resources/derivatives/masters/F/F9DBA27B-F65E-40AD-AFA5-A6F852C02D50_4_5005_c.jpeg"
    ],
    "ultima_modificacion": "2025-08-01 01:01:12.121403"
  },
  "fabd8e391d454e0f86f59b2cab9f396345005c.jpeg": {
    "app_sintetizada": "FABD8E391D454E0F86F59B2CAB9F396345005C.JPEG",
    "cantidad_archivos": 1,
    "archivos_fuente": [
      "Pictures/Fototeca de Fotos.photoslibrary/resources/derivatives/masters/F/FABD8E39-1D45-4E0F-86F5-9B2CAB9F3963_4_5005_c.jpeg"
    ],
    "ultima_modificacion": "2025-08-01 01:01:12.121649"
  },
  "f0fc7297f8464bc09c75d66f2c6e69bc45005c.jpeg": {
    "app_sintetizada": "F0FC7297F8464BC09C75D66F2C6E69BC45005C.JPEG",
    "cantidad_archivos": 1,
    "archivos_fuente": [
      "Pictures/Fototeca de Fotos.photoslibrary/resources/derivatives/masters/F/F0FC7297-F846-4BC0-9C75-D66F2C6E69BC_4_5005_c.jpeg"
    ],
    "ultima_modificacion": "2025-08-01 01:01:12.121885"
  },
  "f019f6abcda745a6b32b0a9fd14a3ce345005c.jpeg": {
    "app_sintetizada": "F019F6ABCDA745A6B32B0A9FD14A3CE345005C.JPEG",
    "cantidad_archivos": 1,
    "archivos_fuente": [
      "Pictures/Fototeca de Fotos.photoslibrary/resources/derivatives/masters/F/F019F6AB-CDA7-45A6-B32B-0A9FD14A3CE3_4_5005_c.jpeg"
    ],
    "ultima_modificacion": "2025-08-01 01:01:12.122129"
  },
  "f888a3feecca4e52a04a41022e2b6ec445005c.jpeg": {
    "app_sintetizada": "F888A3FEECCA4E52A04A41022E2B6EC445005C.JPEG",
    "cantidad_archivos": 1,
    "archivos_fuente": [
      "Pictures/Fototeca de Fotos.photoslibrary/resources/derivatives/masters/F/F888A3FE-ECCA-4E52-A04A-41022E2B6EC4_4_5005_c.jpeg"
    ],
    "ultima_modificacion": "2025-08-01 01:01:12.122413"
  },
  "f56c1240aaba4e5f9c5b202ec4220dfd45005c.jpeg": {
    "app_sintetizada": "F56C1240AABA4E5F9C5B202EC4220DFD45005C.JPEG",
    "cantidad_archivos": 1,
    "archivos_fuente": [
      "Pictures/Fototeca de Fotos.photoslibrary/resources/derivatives/masters/F/F56C1240-AABA-4E5F-9C5B-202EC4220DFD_4_5005_c.jpeg"
    ],
    "ultima_modificacion": "2025-08-01 01:01:12.122690"
  },
  "ffdc774e65e84e5c94bc1fd81cb54b8145005c.jpeg": {
    "app_sintetizada": "FFDC774E65E84E5C94BC1FD81CB54B8145005C.JPEG",
    "cantidad_archivos": 1,
    "archivos_fuente": [
      "Pictures/Fototeca de Fotos.photoslibrary/resources/derivatives/masters/F/FFDC774E-65E8-4E5C-94BC-1FD81CB54B81_4_5005_c.jpeg"
    ],
    "ultima_modificacion": "2025-08-01 01:01:12.122956"
  },
  "f29cf5b648f74847a4e3071ec311c42345005c.jpeg": {
    "app_sintetizada": "F29CF5B648F74847A4E3071EC311C42345005C.JPEG",
    "cantidad_archivos": 1,
    "archivos_fuente": [
      "Pictures/Fototeca de Fotos.photoslibrary/resources/derivatives/masters/F/F29CF5B6-48F7-4847-A4E3-071EC311C423_4_5005_c.jpeg"
    ],
    "ultima_modificacion": "2025-08-01 01:01:12.123166"
  },
  "ff72233f77ef4259a38b26bb732489a745005c.jpeg": {
    "app_sintetizada": "FF72233F77EF4259A38B26BB732489A745005C.JPEG",
    "cantidad_archivos": 1,
    "archivos_fuente": [
      "Pictures/Fototeca de Fotos.photoslibrary/resources/derivatives/masters/F/FF72233F-77EF-4259-A38B-26BB732489A7_4_5005_c.jpeg"
    ],
    "ultima_modificacion": "2025-08-01 01:01:12.123444"
  },
  "fbcf7f79892442d4b766070691bde05445005c.jpeg": {
    "app_sintetizada": "FBCF7F79892442D4B766070691BDE05445005C.JPEG",
    "cantidad_archivos": 1,
    "archivos_fuente": [
      "Pictures/Fototeca de Fotos.photoslibrary/resources/derivatives/masters/F/FBCF7F79-8924-42D4-B766-070691BDE054_4_5005_c.jpeg"
    ],
    "ultima_modificacion": "2025-08-01 01:01:12.140618"
  },
  "f2f79bbae0544cd3909855d39b9c57d445005c.jpeg": {
    "app_sintetizada": "F2F79BBAE0544CD3909855D39B9C57D445005C.JPEG",
    "cantidad_archivos": 1,
    "archivos_fuente": [
      "Pictures/Fototeca de Fotos.photoslibrary/resources/derivatives/masters/F/F2F79BBA-E054-4CD3-9098-55D39B9C57D4_4_5005_c.jpeg"
    ],
    "ultima_modificacion": "2025-08-01 01:01:12.141237"
  },
  "fe9252a0a63640db95786f5c0526dad245005c.jpeg": {
    "app_sintetizada": "FE9252A0A63640DB95786F5C0526DAD245005C.JPEG",
    "cantidad_archivos": 1,
    "archivos_fuente": [
      "Pictures/Fototeca de Fotos.photoslibrary/resources/derivatives/masters/F/FE9252A0-A636-40DB-9578-6F5C0526DAD2_4_5005_c.jpeg"
    ],
    "ultima_modificacion": "2025-08-01 01:01:12.145831"
  },
  "f7373990a53c487d8e5f8c3d09c2cee045005c.jpeg": {
    "app_sintetizada": "F7373990A53C487D8E5F8C3D09C2CEE045005C.JPEG",
    "cantidad_archivos": 1,
    "archivos_fuente": [
      "Pictures/Fototeca de Fotos.photoslibrary/resources/derivatives/masters/F/F7373990-A53C-487D-8E5F-8C3D09C2CEE0_4_5005_c.jpeg"
    ],
    "ultima_modificacion": "2025-08-01 01:01:12.146288"
  },
  "f5cb2cd2fbdd433ba6e44621b2b9a49045005c.jpeg": {
    "app_sintetizada": "F5CB2CD2FBDD433BA6E44621B2B9A49045005C.JPEG",
    "cantidad_archivos": 1,
    "archivos_fuente": [
      "Pictures/Fototeca de Fotos.photoslibrary/resources/derivatives/masters/F/F5CB2CD2-FBDD-433B-A6E4-4621B2B9A490_4_5005_c.jpeg"
    ],
    "ultima_modificacion": "2025-08-01 01:01:12.146932"
  },
  "f2234deac73a4592b3db1debcba431d245005c.jpeg": {
    "app_sintetizada": "F2234DEAC73A4592B3DB1DEBCBA431D245005C.JPEG",
    "cantidad_archivos": 1,
    "archivos_fuente": [
      "Pictures/Fototeca de Fotos.photoslibrary/resources/derivatives/masters/F/F2234DEA-C73A-4592-B3DB-1DEBCBA431D2_4_5005_c.jpeg"
    ],
    "ultima_modificacion": "2025-08-01 01:01:12.147287"
  },
  "fe9d86090008415b9229520101259c2245005c.jpeg": {
    "app_sintetizada": "FE9D86090008415B9229520101259C2245005C.JPEG",
    "cantidad_archivos": 1,
    "archivos_fuente": [
      "Pictures/Fototeca de Fotos.photoslibrary/resources/derivatives/masters/F/FE9D8609-0008-415B-9229-520101259C22_4_5005_c.jpeg"
    ],
    "ultima_modificacion": "2025-08-01 01:01:12.147659"
  },
  "ff83c2db39644d6897e94c669cbc052d45005c.jpeg": {
    "app_sintetizada": "FF83C2DB39644D6897E94C669CBC052D45005C.JPEG",
    "cantidad_archivos": 1,
    "archivos_fuente": [
      "Pictures/Fototeca de Fotos.photoslibrary/resources/derivatives/masters/F/FF83C2DB-3964-4D68-97E9-4C669CBC052D_4_5005_c.jpeg"
    ],
    "ultima_modificacion": "2025-08-01 01:01:12.148135"
  },
  "f2f1335aca7f42b49d40b519d5dcb9f245005c.jpeg": {
    "app_sintetizada": "F2F1335ACA7F42B49D40B519D5DCB9F245005C.JPEG",
    "cantidad_archivos": 1,
    "archivos_fuente": [
      "Pictures/Fototeca de Fotos.photoslibrary/resources/derivatives/masters/F/F2F1335A-CA7F-42B4-9D40-B519D5DCB9F2_4_5005_c.jpeg"
    ],
    "ultima_modificacion": "2025-08-01 01:01:12.148853"
  },
  "fd27d428b6944350a643dc639ab248e245005c.jpeg": {
    "app_sintetizada": "FD27D428B6944350A643DC639AB248E245005C.JPEG",
    "cantidad_archivos": 1,
    "archivos_fuente": [
      "Pictures/Fototeca de Fotos.photoslibrary/resources/derivatives/masters/F/FD27D428-B694-4350-A643-DC639AB248E2_4_5005_c.jpeg"
    ],
    "ultima_modificacion": "2025-08-01 01:01:12.149258"
  },
  "fc80521f95c345d48875c07fbcf6a04345005c.jpeg": {
    "app_sintetizada": "FC80521F95C345D48875C07FBCF6A04345005C.JPEG",
    "cantidad_archivos": 1,
    "archivos_fuente": [
      "Pictures/Fototeca de Fotos.photoslibrary/resources/derivatives/masters/F/FC80521F-95C3-45D4-8875-C07FBCF6A043_4_5005_c.jpeg"
    ],
    "ultima_modificacion": "2025-08-01 01:01:12.149585"
  },
  "ff82d40e8f884af09465767630ab4c3745005c.jpeg": {
    "app_sintetizada": "FF82D40E8F884AF09465767630AB4C3745005C.JPEG",
    "cantidad_archivos": 1,
    "archivos_fuente": [
      "Pictures/Fototeca de Fotos.photoslibrary/resources/derivatives/masters/F/FF82D40E-8F88-4AF0-9465-767630AB4C37_4_5005_c.jpeg"
    ],
    "ultima_modificacion": "2025-08-01 01:01:12.149906"
  },
  "f90c47d156014f11be7a806d38c86e2745005c.jpeg": {
    "app_sintetizada": "F90C47D156014F11BE7A806D38C86E2745005C.JPEG",
    "cantidad_archivos": 1,
    "archivos_fuente": [
      "Pictures/Fototeca de Fotos.photoslibrary/resources/derivatives/masters/F/F90C47D1-5601-4F11-BE7A-806D38C86E27_4_5005_c.jpeg"
    ],
    "ultima_modificacion": "2025-08-01 01:01:12.150219"
  },
  "f91d2c32a1994a7991d2b35f16a9dc6545005c.jpeg": {
    "app_sintetizada": "F91D2C32A1994A7991D2B35F16A9DC6545005C.JPEG",
    "cantidad_archivos": 1,
    "archivos_fuente": [
      "Pictures/Fototeca de Fotos.photoslibrary/resources/derivatives/masters/F/F91D2C32-A199-4A79-91D2-B35F16A9DC65_4_5005_c.jpeg"
    ],
    "ultima_modificacion": "2025-08-01 01:01:12.151604"
  },
  "f3ab6c6abb7248c7ace38f3d0ea2c62745005c.jpeg": {
    "app_sintetizada": "F3AB6C6ABB7248C7ACE38F3D0EA2C62745005C.JPEG",
    "cantidad_archivos": 1,
    "archivos_fuente": [
      "Pictures/Fototeca de Fotos.photoslibrary/resources/derivatives/masters/F/F3AB6C6A-BB72-48C7-ACE3-8F3D0EA2C627_4_5005_c.jpeg"
    ],
    "ultima_modificacion": "2025-08-01 01:01:12.152019"
  },
  "f236e23486e6487cbc265bb0bf7352be45005c.jpeg": {
    "app_sintetizada": "F236E23486E6487CBC265BB0BF7352BE45005C.JPEG",
    "cantidad_archivos": 1,
    "archivos_fuente": [
      "Pictures/Fototeca de Fotos.photoslibrary/resources/derivatives/masters/F/F236E234-86E6-487C-BC26-5BB0BF7352BE_4_5005_c.jpeg"
    ],
    "ultima_modificacion": "2025-08-01 01:01:12.153501"
  },
  "f073eabc32e34b67a68079f201bec04445005c.jpeg": {
    "app_sintetizada": "F073EABC32E34B67A68079F201BEC04445005C.JPEG",
    "cantidad_archivos": 1,
    "archivos_fuente": [
      "Pictures/Fototeca de Fotos.photoslibrary/resources/derivatives/masters/F/F073EABC-32E3-4B67-A680-79F201BEC044_4_5005_c.jpeg"
    ],
    "ultima_modificacion": "2025-08-01 01:01:12.153868"
  },
  "f4305da89b254a9a890e4d7e1e4a8fcc45005c.jpeg": {
    "app_sintetizada": "F4305DA89B254A9A890E4D7E1E4A8FCC45005C.JPEG",
    "cantidad_archivos": 1,
    "archivos_fuente": [
      "Pictures/Fototeca de Fotos.photoslibrary/resources/derivatives/masters/F/F4305DA8-9B25-4A9A-890E-4D7E1E4A8FCC_4_5005_c.jpeg"
    ],
    "ultima_modificacion": "2025-08-01 01:01:12.156432"
  },
  "f4b7406929ae4663b526000d90bc808b45005c.jpeg": {
    "app_sintetizada": "F4B7406929AE4663B526000D90BC808B45005C.JPEG",
    "cantidad_archivos": 1,
    "archivos_fuente": [
      "Pictures/Fototeca de Fotos.photoslibrary/resources/derivatives/masters/F/F4B74069-29AE-4663-B526-000D90BC808B_4_5005_c.jpeg"
    ],
    "ultima_modificacion": "2025-08-01 01:01:12.156889"
  },
  "f54ae99b85324dfeb1c412544cd0915b45005c.jpeg": {
    "app_sintetizada": "F54AE99B85324DFEB1C412544CD0915B45005C.JPEG",
    "cantidad_archivos": 1,
    "archivos_fuente": [
      "Pictures/Fototeca de Fotos.photoslibrary/resources/derivatives/masters/F/F54AE99B-8532-4DFE-B1C4-12544CD0915B_4_5005_c.jpeg"
    ],
    "ultima_modificacion": "2025-08-01 01:01:12.159447"
  },
  "f088f3a9f7a5439da29170350195f0e945005c.jpeg": {
    "app_sintetizada": "F088F3A9F7A5439DA29170350195F0E945005C.JPEG",
    "cantidad_archivos": 1,
    "archivos_fuente": [
      "Pictures/Fototeca de Fotos.photoslibrary/resources/derivatives/masters/F/F088F3A9-F7A5-439D-A291-70350195F0E9_4_5005_c.jpeg"
    ],
    "ultima_modificacion": "2025-08-01 01:01:12.159849"
  },
  "f49aaf359c72482abc6cbd5a2647624145005c.jpeg": {
    "app_sintetizada": "F49AAF359C72482ABC6CBD5A2647624145005C.JPEG",
    "cantidad_archivos": 1,
    "archivos_fuente": [
      "Pictures/Fototeca de Fotos.photoslibrary/resources/derivatives/masters/F/F49AAF35-9C72-482A-BC6C-BD5A26476241_4_5005_c.jpeg"
    ],
    "ultima_modificacion": "2025-08-01 01:01:12.160203"
  },
  "f7d1f72e8290444b83a2c7d53fc574c145005c.jpeg": {
    "app_sintetizada": "F7D1F72E8290444B83A2C7D53FC574C145005C.JPEG",
    "cantidad_archivos": 1,
    "archivos_fuente": [
      "Pictures/Fototeca de Fotos.photoslibrary/resources/derivatives/masters/F/F7D1F72E-8290-444B-83A2-C7D53FC574C1_4_5005_c.jpeg"
    ],
    "ultima_modificacion": "2025-08-01 01:01:12.160547"
  },
  "f455dd025c0b41f68985a6ceeda6d77745005c.jpeg": {
    "app_sintetizada": "F455DD025C0B41F68985A6CEEDA6D77745005C.JPEG",
    "cantidad_archivos": 1,
    "archivos_fuente": [
      "Pictures/Fototeca de Fotos.photoslibrary/resources/derivatives/masters/F/F455DD02-5C0B-41F6-8985-A6CEEDA6D777_4_5005_c.jpeg"
    ],
    "ultima_modificacion": "2025-08-01 01:01:12.160872"
  },
  "f022450099b94e84a528cff6844aaa7d45005c.jpeg": {
    "app_sintetizada": "F022450099B94E84A528CFF6844AAA7D45005C.JPEG",
    "cantidad_archivos": 1,
    "archivos_fuente": [
      "Pictures/Fototeca de Fotos.photoslibrary/resources/derivatives/masters/F/F0224500-99B9-4E84-A528-CFF6844AAA7D_4_5005_c.jpeg"
    ],
    "ultima_modificacion": "2025-08-01 01:01:12.161171"
  },
  "fc8e6332732444f3a63f25031a325e0645005c.jpeg": {
    "app_sintetizada": "FC8E6332732444F3A63F25031A325E0645005C.JPEG",
    "cantidad_archivos": 1,
    "archivos_fuente": [
      "Pictures/Fototeca de Fotos.photoslibrary/resources/derivatives/masters/F/FC8E6332-7324-44F3-A63F-25031A325E06_4_5005_c.jpeg"
    ],
    "ultima_modificacion": "2025-08-01 01:01:12.161426"
  },
  "fc6ec0a47eeb4f6c8feac394f7dcda7945005c.jpeg": {
    "app_sintetizada": "FC6EC0A47EEB4F6C8FEAC394F7DCDA7945005C.JPEG",
    "cantidad_archivos": 1,
    "archivos_fuente": [
      "Pictures/Fototeca de Fotos.photoslibrary/resources/derivatives/masters/F/FC6EC0A4-7EEB-4F6C-8FEA-C394F7DCDA79_4_5005_c.jpeg"
    ],
    "ultima_modificacion": "2025-08-01 01:01:12.161706"
  },
  "f6b7a91fd951467aa70694a2b11e33c545005c.jpeg": {
    "app_sintetizada": "F6B7A91FD951467AA70694A2B11E33C545005C.JPEG",
    "cantidad_archivos": 1,
    "archivos_fuente": [
      "Pictures/Fototeca de Fotos.photoslibrary/resources/derivatives/masters/F/F6B7A91F-D951-467A-A706-94A2B11E33C5_4_5005_c.jpeg"
    ],
    "ultima_modificacion": "2025-08-01 01:01:12.161991"
  },
  "f599a33f3a6a42de8d383ea3d09127ae45005c.jpeg": {
    "app_sintetizada": "F599A33F3A6A42DE8D383EA3D09127AE45005C.JPEG",
    "cantidad_archivos": 1,
    "archivos_fuente": [
      "Pictures/Fototeca de Fotos.photoslibrary/resources/derivatives/masters/F/F599A33F-3A6A-42DE-8D38-3EA3D09127AE_4_5005_c.jpeg"
    ],
    "ultima_modificacion": "2025-08-01 01:01:12.162291"
  },
  "f6551eceb6c742e68328b69a5820195845005c.jpeg": {
    "app_sintetizada": "F6551ECEB6C742E68328B69A5820195845005C.JPEG",
    "cantidad_archivos": 1,
    "archivos_fuente": [
      "Pictures/Fototeca de Fotos.photoslibrary/resources/derivatives/masters/F/F6551ECE-B6C7-42E6-8328-B69A58201958_4_5005_c.jpeg"
    ],
    "ultima_modificacion": "2025-08-01 01:01:12.162614"
  }
}