{
  "f081d23b0a2b44f9831e8c6fb0d5ad6545005c.jpeg": {
    "app_sintetizada": "F081D23B0A2B44F9831E8C6FB0D5AD6545005C.JPEG",
    "cantidad_archivos": 1,
    "archivos_fuente": [
      "Pictures/Fototeca de Fotos.photoslibrary/resources/derivatives/masters/F/F081D23B-0A2B-44F9-831E-8C6FB0D5AD65_4_5005_c.jpeg"
    ],
    "ultima_modificacion": "2025-08-01 01:01:12.191791"
  },
  "f8566184829f42e6a4fa50f360e6c46545005c.jpeg": {
    "app_sintetizada": "F8566184829F42E6A4FA50F360E6C46545005C.JPEG",
    "cantidad_archivos": 1,
    "archivos_fuente": [
      "Pictures/Fototeca de Fotos.photoslibrary/resources/derivatives/masters/F/F8566184-829F-42E6-A4FA-50F360E6C465_4_5005_c.jpeg"
    ],
    "ultima_modificacion": "2025-08-01 01:01:12.192088"
  },
  "ffd02264ae8643e6aa55fee5a6db77b745005c.jpeg": {
    "app_sintetizada": "FFD02264AE8643E6AA55FEE5A6DB77B745005C.JPEG",
    "cantidad_archivos": 1,
    "archivos_fuente": [
      "Pictures/Fototeca de Fotos.photoslibrary/resources/derivatives/masters/F/FFD02264-AE86-43E6-AA55-FEE5A6DB77B7_4_5005_c.jpeg"
    ],
    "ultima_modificacion": "2025-08-01 01:01:12.192383"
  },
  "f4eac5c8b675428cb68386d364d783e945005c.jpeg": {
    "app_sintetizada": "F4EAC5C8B675428CB68386D364D783E945005C.JPEG",
    "cantidad_archivos": 1,
    "archivos_fuente": [
      "Pictures/Fototeca de Fotos.photoslibrary/resources/derivatives/masters/F/F4EAC5C8-B675-428C-B683-86D364D783E9_4_5005_c.jpeg"
    ],
    "ultima_modificacion": "2025-08-01 01:01:12.192681"
  },
  "f8dbd5bde5a642d9a294b2897d8ee2c945005c.jpeg": {
    "app_sintetizada": "F8DBD5BDE5A642D9A294B2897D8EE2C945005C.JPEG",
    "cantidad_archivos": 1,
    "archivos_fuente": [
      "Pictures/Fototeca de Fotos.photoslibrary/resources/derivatives/masters/F/F8DBD5BD-E5A6-42D9-A294-B2897D8EE2C9_4_5005_c.jpeg"
    ],
    "ultima_modificacion": "2025-08-01 01:01:12.192968"
  },
  "f3df2825c94142e6b37b4de6b96b977845005c.jpeg": {
    "app_sintetizada": "F3DF2825C94142E6B37B4DE6B96B977845005C.JPEG",
    "cantidad_archivos": 1,
    "archivos_fuente": [
      "Pictures/Fototeca de Fotos.photoslibrary/resources/derivatives/masters/F/F3DF2825-C941-42E6-B37B-4DE6B96B9778_4_5005_c.jpeg"
    ],
    "ultima_modificacion": "2025-08-01 01:01:12.193256"
  },
  "f5f92fbe407042c3b775ea48dbdc349245005c.jpeg": {
    "app_sintetizada": "F5F92FBE407042C3B775EA48DBDC349245005C.JPEG",
    "cantidad_archivos": 1,
    "archivos_fuente": [
      "Pictures/Fototeca de Fotos.photoslibrary/resources/derivatives/masters/F/F5F92FBE-4070-42C3-B775-EA48DBDC3492_4_5005_c.jpeg"
    ],
    "ultima_modificacion": "2025-08-01 01:01:12.193562"
  },
  "f5b449c2b86140a48034e1dffd92dbb545005c.jpeg": {
    "app_sintetizada": "F5B449C2B86140A48034E1DFFD92DBB545005C.JPEG",
    "cantidad_archivos": 1,
    "archivos_fuente": [
      "Pictures/Fototeca de Fotos.photoslibrary/resources/derivatives/masters/F/F5B449C2-B861-40A4-8034-E1DFFD92DBB5_4_5005_c.jpeg"
    ],
    "ultima_modificacion": "2025-08-01 01:01:12.193863"
  },
  "f0bb3b5e35694a1fbe4744566c180dea45005c.jpeg": {
    "app_sintetizada": "F0BB3B5E35694A1FBE4744566C180DEA45005C.JPEG",
    "cantidad_archivos": 1,
    "archivos_fuente": [
      "Pictures/Fototeca de Fotos.photoslibrary/resources/derivatives/masters/F/F0BB3B5E-3569-4A1F-BE47-44566C180DEA_4_5005_c.jpeg"
    ],
    "ultima_modificacion": "2025-08-01 01:01:12.194168"
  },
  "f83dae6a83454e32826f4532bd0e62a645005c.jpeg": {
    "app_sintetizada": "F83DAE6A83454E32826F4532BD0E62A645005C.JPEG",
    "cantidad_archivos": 1,
    "archivos_fuente": [
      "Pictures/Fototeca de Fotos.photoslibrary/resources/derivatives/masters/F/F83DAE6A-8345-4E32-826F-4532BD0E62A6_4_5005_c.jpeg"
    ],
    "ultima_modificacion": "2025-08-01 01:01:12.194483"
  },
  "f416ce89ca5c4799b6355aa985de633845005c.jpeg": {
    "app_sintetizada": "F416CE89CA5C4799B6355AA985DE633845005C.JPEG",
    "cantidad_archivos": 1,
    "archivos_fuente": [
      "Pictures/Fototeca de Fotos.photoslibrary/resources/derivatives/masters/F/F416CE89-CA5C-4799-B635-5AA985DE6338_4_5005_c.jpeg"
    ],
    "ultima_modificacion": "2025-08-01 01:01:12.194803"
  },
  "f20f0e47ba01450780bd1903c1d4b7ef45005c.jpeg": {
    "app_sintetizada": "F20F0E47BA01450780BD1903C1D4B7EF45005C.JPEG",
    "cantidad_archivos": 1,
    "archivos_fuente": [
      "Pictures/Fototeca de Fotos.photoslibrary/resources/derivatives/masters/F/F20F0E47-BA01-4507-80BD-1903C1D4B7EF_4_5005_c.jpeg"
    ],
    "ultima_modificacion": "2025-08-01 01:01:12.195107"
  },
  "f80137948b874570aea36f097f840ae245005c.jpeg": {
    "app_sintetizada": "F80137948B874570AEA36F097F840AE245005C.JPEG",
    "cantidad_archivos": 1,
    "archivos_fuente": [
      "Pictures/Fototeca de Fotos.photoslibrary/resources/derivatives/masters/F/F8013794-8B87-4570-AEA3-6F097F840AE2_4_5005_c.jpeg"
    ],
    "ultima_modificacion": "2025-08-01 01:01:12.195403"
  },
  "fa497065c08f45c885c0ab47adf26d9945005c.jpeg": {
    "app_sintetizada": "FA497065C08F45C885C0AB47ADF26D9945005C.JPEG",
    "cantidad_archivos": 1,
    "archivos_fuente": [
      "Pictures/Fototeca de Fotos.photoslibrary/resources/derivatives/masters/F/FA497065-C08F-45C8-85C0-AB47ADF26D99_4_5005_c.jpeg"
    ],
    "ultima_modificacion": "2025-08-01 01:01:12.195719"
  },
  "f0c6098b4d814278904f515dd8bd649445005c.jpeg": {
    "app_sintetizada": "F0C6098B4D814278904F515DD8BD649445005C.JPEG",
    "cantidad_archivos": 1,
    "archivos_fuente": [
      "Pictures/Fototeca de Fotos.photoslibrary/resources/derivatives/masters/F/F0C6098B-4D81-4278-904F-515DD8BD6494_4_5005_c.jpeg"
    ],
    "ultima_modificacion": "2025-08-01 01:01:12.196012"
  },
  "f996d0e2e34242f688f2a6c82751113545005c.jpeg": {
    "app_sintetizada": "F996D0E2E34242F688F2A6C82751113545005C.JPEG",
    "cantidad_archivos": 1,
    "archivos_fuente": [
      "Pictures/Fototeca de Fotos.photoslibrary/resources/derivatives/masters/F/F996D0E2-E342-42F6-88F2-A6C827511135_4_5005_c.jpeg"
    ],
    "ultima_modificacion": "2025-08-01 01:01:12.196339"
  },
  "f5794f22a69e42358e2e6391f7e29ecd45005c.jpeg": {
    "app_sintetizada": "F5794F22A69E42358E2E6391F7E29ECD45005C.JPEG",
    "cantidad_archivos": 1,
    "archivos_fuente": [
      "Pictures/Fototeca de Fotos.photoslibrary/resources/derivatives/masters/F/F5794F22-A69E-4235-8E2E-6391F7E29ECD_4_5005_c.jpeg"
    ],
    "ultima_modificacion": "2025-08-01 01:01:12.196666"
  },
  "f6dd9e21262c4a6d98f3dbb1daf2524f45005c.jpeg": {
    "app_sintetizada": "F6DD9E21262C4A6D98F3DBB1DAF2524F45005C.JPEG",
    "cantidad_archivos": 1,
    "archivos_fuente": [
      "Pictures/Fototeca de Fotos.photoslibrary/resources/derivatives/masters/F/F6DD9E21-262C-4A6D-98F3-DBB1DAF2524F_4_5005_c.jpeg"
    ],
    "ultima_modificacion": "2025-08-01 01:01:12.196980"
  },
  "f0559bd02392429ba5602e0ffb79892745005c.jpeg": {
    "app_sintetizada": "F0559BD02392429BA5602E0FFB79892745005C.JPEG",
    "cantidad_archivos": 1,
    "archivos_fuente": [
      "Pictures/Fototeca de Fotos.photoslibrary/resources/derivatives/masters/F/F0559BD0-2392-429B-A560-2E0FFB798927_4_5005_c.jpeg"
    ],
    "ultima_modificacion": "2025-08-01 01:01:12.197315"
  },
  "fa7f11d710e446be81ef06545239727a45005c.jpeg": {
    "app_sintetizada": "FA7F11D710E446BE81EF06545239727A45005C.JPEG",
    "cantidad_archivos": 1,
    "archivos_fuente": [
      "Pictures/Fototeca de Fotos.photoslibrary/resources/derivatives/masters/F/FA7F11D7-10E4-46BE-81EF-06545239727A_4_5005_c.jpeg"
    ],
    "ultima_modificacion": "2025-08-01 01:01:12.197630"
  },
  "f2dc2c650798406fa9e58ac733316ca145005c.jpeg": {
    "app_sintetizada": "F2DC2C650798406FA9E58AC733316CA145005C.JPEG",
    "cantidad_archivos": 1,
    "archivos_fuente": [
      "Pictures/Fototeca de Fotos.photoslibrary/resources/derivatives/masters/F/F2DC2C65-0798-406F-A9E5-8AC733316CA1_4_5005_c.jpeg"
    ],
    "ultima_modificacion": "2025-08-01 01:01:12.197962"
  },
  "fcc7dc8ed8e94c4ca1c552214aac377f45005c.jpeg": {
    "app_sintetizada": "FCC7DC8ED8E94C4CA1C552214AAC377F45005C.JPEG",
    "cantidad_archivos": 1,
    "archivos_fuente": [
      "Pictures/Fototeca de Fotos.photoslibrary/resources/derivatives/masters/F/FCC7DC8E-D8E9-4C4C-A1C5-52214AAC377F_4_5005_c.jpeg"
    ],
    "ultima_modificacion": "2025-08-01 01:01:12.198253"
  },
  "f53141a98c394fab9ac2f6ff23e1f46045005c.jpeg": {
    "app_sintetizada": "F53141A98C394FAB9AC2F6FF23E1F46045005C.JPEG",
    "cantidad_archivos": 1,
    "archivos_fuente": [
      "Pictures/Fototeca de Fotos.photoslibrary/resources/derivatives/masters/F/F53141A9-8C39-4FAB-9AC2-F6FF23E1F460_4_5005_c.jpeg"
    ],
    "ultima_modificacion": "2025-08-01 01:01:12.198550"
  },
  "f20c254695ab4db9ada3fa37324d6c8c45005c.jpeg": {
    "app_sintetizada": "F20C254695AB4DB9ADA3FA37324D6C8C45005C.JPEG",
    "cantidad_archivos": 1,
    "archivos_fuente": [
      "Pictures/Fototeca de Fotos.photoslibrary/resources/derivatives/masters/F/F20C2546-95AB-4DB9-ADA3-FA37324D6C8C_4_5005_c.jpeg"
    ],
    "ultima_modificacion": "2025-08-01 01:01:12.198840"
  },
  "f64d162031544fd0b003340dfbc7e59645005c.jpeg": {
    "app_sintetizada": "F64D162031544FD0B003340DFBC7E59645005C.JPEG",
    "cantidad_archivos": 1,
    "archivos_fuente": [
      "Pictures/Fototeca de Fotos.photoslibrary/resources/derivatives/masters/F/F64D1620-3154-4FD0-B003-340DFBC7E596_4_5005_c.jpeg"
    ],
    "ultima_modificacion": "2025-08-01 01:01:12.199142"
  },
  "f5b0f8838477475cbfdc0fae6dbfd80f45005c.jpeg": {
    "app_sintetizada": "F5B0F8838477475CBFDC0FAE6DBFD80F45005C.JPEG",
    "cantidad_archivos": 1,
    "archivos_fuente": [
      "Pictures/Fototeca de Fotos.photoslibrary/resources/derivatives/masters/F/F5B0F883-8477-475C-BFDC-0FAE6DBFD80F_4_5005_c.jpeg"
    ],
    "ultima_modificacion": "2025-08-01 01:01:12.199429"
  },
  "fd698d60834f40e49273538d144fa1e345005c.jpeg": {
    "app_sintetizada": "FD698D60834F40E49273538D144FA1E345005C.JPEG",
    "cantidad_archivos": 1,
    "archivos_fuente": [
      "Pictures/Fototeca de Fotos.photoslibrary/resources/derivatives/masters/F/FD698D60-834F-40E4-9273-538D144FA1E3_4_5005_c.jpeg"
    ],
    "ultima_modificacion": "2025-08-01 01:01:12.199706"
  },
  "f8f5d6c47d5647a98f6fd6e456a2b33d45005c.jpeg": {
    "app_sintetizada": "F8F5D6C47D5647A98F6FD6E456A2B33D45005C.JPEG",
    "cantidad_archivos": 1,
    "archivos_fuente": [
      "Pictures/Fototeca de Fotos.photoslibrary/resources/derivatives/masters/F/F8F5D6C4-7D56-47A9-8F6F-D6E456A2B33D_4_5005_c.jpeg"
    ],
    "ultima_modificacion": "2025-08-01 01:01:12.200036"
  },
  "fde60ceb2c37474486dd246ca9c94c6845005c.jpeg": {
    "app_sintetizada": "FDE60CEB2C37474486DD246CA9C94C6845005C.JPEG",
    "cantidad_archivos": 1,
    "archivos_fuente": [
      "Pictures/Fototeca de Fotos.photoslibrary/resources/derivatives/masters/F/FDE60CEB-2C37-4744-86DD-246CA9C94C68_4_5005_c.jpeg"
    ],
    "ultima_modificacion": "2025-08-01 01:01:12.200382"
  },
  "f7535564aaf14fbd88630d8d4acac66945005c.jpeg": {
    "app_sintetizada": "F7535564AAF14FBD88630D8D4ACAC66945005C.JPEG",
    "cantidad_archivos": 1,
    "archivos_fuente": [
      "Pictures/Fototeca de Fotos.photoslibrary/resources/derivatives/masters/F/F7535564-AAF1-4FBD-8863-0D8D4ACAC669_4_5005_c.jpeg"
    ],
    "ultima_modificacion": "2025-08-01 01:01:12.200705"
  },
  "f06a7b846ba348949d18d254f0aa66d645005c.jpeg": {
    "app_sintetizada": "F06A7B846BA348949D18D254F0AA66D645005C.JPEG",
    "cantidad_archivos": 1,
    "archivos_fuente": [
      "Pictures/Fototeca de Fotos.photoslibrary/resources/derivatives/masters/F/F06A7B84-6BA3-4894-9D18-D254F0AA66D6_4_5005_c.jpeg"
    ],
    "ultima_modificacion": "2025-08-01 01:01:12.201010"
  },
  "f25dd1a5ed3d48ab9c25a76ca5cb32b145005c.jpeg": {
    "app_sintetizada": "F25DD1A5ED3D48AB9C25A76CA5CB32B145005C.JPEG",
    "cantidad_archivos": 1,
    "archivos_fuente": [
      "Pictures/Fototeca de Fotos.photoslibrary/resources/derivatives/masters/F/F25DD1A5-ED3D-48AB-9C25-A76CA5CB32B1_4_5005_c.jpeg"
    ],
    "ultima_modificacion": "2025-08-01 01:01:12.201313"
  },
  "f1e5c4e7380743339e93565a136f693e45005c.jpeg": {
    "app_sintetizada": "F1E5C4E7380743339E93565A136F693E45005C.JPEG",
    "cantidad_archivos": 1,
    "archivos_fuente": [
      "Pictures/Fototeca de Fotos.photoslibrary/resources/derivatives/masters/F/F1E5C4E7-3807-4333-9E93-565A136F693E_4_5005_c.jpeg"
    ],
    "ultima_modificacion": "2025-08-01 01:01:12.201630"
  },
  "f8f8713488dd40c0a4799af86f2e1cfd45005c.jpeg": {
    "app_sintetizada": "F8F8713488DD40C0A4799AF86F2E1CFD45005C.JPEG",
    "cantidad_archivos": 1,
    "archivos_fuente": [
      "Pictures/Fototeca de Fotos.photoslibrary/resources/derivatives/masters/F/F8F87134-88DD-40C0-A479-9AF86F2E1CFD_4_5005_c.jpeg"
    ],
    "ultima_modificacion": "2025-08-01 01:01:12.201933"
  },
  "f4bbfa8dd9e240aabb6e3f525a67a4d245005c.jpeg": {
    "app_sintetizada": "F4BBFA8DD9E240AABB6E3F525A67A4D245005C.JPEG",
    "cantidad_archivos": 1,
    "archivos_fuente": [
      "Pictures/Fototeca de Fotos.photoslibrary/resources/derivatives/masters/F/F4BBFA8D-D9E2-40AA-BB6E-3F525A67A4D2_4_5005_c.jpeg"
    ],
    "ultima_modificacion": "2025-08-01 01:01:12.202214"
  },
  "fadf4eb89c3047e785bf0210c05d441d45005c.jpeg": {
    "app_sintetizada": "FADF4EB89C3047E785BF0210C05D441D45005C.JPEG",
    "cantidad_archivos": 1,
    "archivos_fuente": [
      "Pictures/Fototeca de Fotos.photoslibrary/resources/derivatives/masters/F/FADF4EB8-9C30-47E7-85BF-0210C05D441D_4_5005_c.jpeg"
    ],
    "ultima_modificacion": "2025-08-01 01:01:12.202510"
  },
  "ffe7fae9a9e94953852fab1e09696b0345005c.jpeg": {
    "app_sintetizada": "FFE7FAE9A9E94953852FAB1E09696B0345005C.JPEG",
    "cantidad_archivos": 1,
    "archivos_fuente": [
      "Pictures/Fototeca de Fotos.photoslibrary/resources/derivatives/masters/F/FFE7FAE9-A9E9-4953-852F-AB1E09696B03_4_5005_c.jpeg"
    ],
    "ultima_modificacion": "2025-08-01 01:01:12.202813"
  },
  "fdc177291ffb47b2bab7cc027415601145005c.jpeg": {
    "app_sintetizada": "FDC177291FFB47B2BAB7CC027415601145005C.JPEG",
    "cantidad_archivos": 1,
    "archivos_fuente": [
      "Pictures/Fototeca de Fotos.photoslibrary/resources/derivatives/masters/F/FDC17729-1FFB-47B2-BAB7-CC0274156011_4_5005_c.jpeg"
    ],
    "ultima_modificacion": "2025-08-01 01:01:12.203142"
  },
  "fd48104cc8254d71bb4cf76f970b738245005c.jpeg": {
    "app_sintetizada": "FD48104CC8254D71BB4CF76F970B738245005C.JPEG",
    "cantidad_archivos": 1,
    "archivos_fuente": [
      "Pictures/Fototeca de Fotos.photoslibrary/resources/derivatives/masters/F/FD48104C-C825-4D71-BB4C-F76F970B7382_4_5005_c.jpeg"
    ],
    "ultima_modificacion": "2025-08-01 01:01:12.203444"
  },
  "ff92177f8c6546d6bbe4045f67ab070945005c.jpeg": {
    "app_sintetizada": "FF92177F8C6546D6BBE4045F67AB070945005C.JPEG",
    "cantidad_archivos": 1,
    "archivos_fuente": [
      "Pictures/Fototeca de Fotos.photoslibrary/resources/derivatives/masters/F/FF92177F-8C65-46D6-BBE4-045F67AB0709_4_5005_c.jpeg"
    ],
    "ultima_modificacion": "2025-08-01 01:01:12.203742"
  },
  "f4b2061dd4ad404fafc77268efc30e2845005c.jpeg": {
    "app_sintetizada": "F4B2061DD4AD404FAFC77268EFC30E2845005C.JPEG",
    "cantidad_archivos": 1,
    "archivos_fuente": [
      "Pictures/Fototeca de Fotos.photoslibrary/resources/derivatives/masters/F/F4B2061D-D4AD-404F-AFC7-7268EFC30E28_4_5005_c.jpeg"
    ],
    "ultima_modificacion": "2025-08-01 01:01:12.204111"
  },
  "fadd8d401acd4fe98ed37244c378ffbe45005c.jpeg": {
    "app_sintetizada": "FADD8D401ACD4FE98ED37244C378FFBE45005C.JPEG",
    "cantidad_archivos": 1,
    "archivos_fuente": [
      "Pictures/Fototeca de Fotos.photoslibrary/resources/derivatives/masters/F/FADD8D40-1ACD-4FE9-8ED3-7244C378FFBE_4_5005_c.jpeg"
    ],
    "ultima_modificacion": "2025-08-01 01:01:12.204432"
  },
  "ff93e5066327481eafad7f2a542ab9e645005c.jpeg": {
    "app_sintetizada": "FF93E5066327481EAFAD7F2A542AB9E645005C.JPEG",
    "cantidad_archivos": 1,
    "archivos_fuente": [
      "Pictures/Fototeca de Fotos.photoslibrary/resources/derivatives/masters/F/FF93E506-6327-481E-AFAD-7F2A542AB9E6_4_5005_c.jpeg"
    ],
    "ultima_modificacion": "2025-08-01 01:01:12.204769"
  },
  "f69d4d5b2d884085a8c4be88863b98a345005c.jpeg": {
    "app_sintetizada": "F69D4D5B2D884085A8C4BE88863B98A345005C.JPEG",
    "cantidad_archivos": 1,
    "archivos_fuente": [
      "Pictures/Fototeca de Fotos.photoslibrary/resources/derivatives/masters/F/F69D4D5B-2D88-4085-A8C4-BE88863B98A3_4_5005_c.jpeg"
    ],
    "ultima_modificacion": "2025-08-01 01:01:12.205152"
  },
  "f44847310e894dd681d606c578e63d7a45005c.jpeg": {
    "app_sintetizada": "F44847310E894DD681D606C578E63D7A45005C.JPEG",
    "cantidad_archivos": 1,
    "archivos_fuente": [
      "Pictures/Fototeca de Fotos.photoslibrary/resources/derivatives/masters/F/F4484731-0E89-4DD6-81D6-06C578E63D7A_4_5005_c.jpeg"
    ],
    "ultima_modificacion": "2025-08-01 01:01:12.205497"
  },
  "fc9314cfab684ac282e57592edaa5fa545005c.jpeg": {
    "app_sintetizada": "FC9314CFAB684AC282E57592EDAA5FA545005C.JPEG",
    "cantidad_archivos": 1,
    "archivos_fuente": [
      "Pictures/Fototeca de Fotos.photoslibrary/resources/derivatives/masters/F/FC9314CF-AB68-4AC2-82E5-7592EDAA5FA5_4_5005_c.jpeg"
    ],
    "ultima_modificacion": "2025-08-01 01:01:12.205900"
  },
  "f1b932ef3170491fad4c5a0f07be809145005c.jpeg": {
    "app_sintetizada": "F1B932EF3170491FAD4C5A0F07BE809145005C.JPEG",
    "cantidad_archivos": 1,
    "archivos_fuente": [
      "Pictures/Fototeca de Fotos.photoslibrary/resources/derivatives/masters/F/F1B932EF-3170-491F-AD4C-5A0F07BE8091_4_5005_c.jpeg"
    ],
    "ultima_modificacion": "2025-08-01 01:01:12.206275"
  },
  "f4fa3ea4fdbd47d09397dc73714af47a45005c.jpeg": {
    "app_sintetizada": "F4FA3EA4FDBD47D09397DC73714AF47A45005C.JPEG",
    "cantidad_archivos": 1,
    "archivos_fuente": [
      "Pictures/Fototeca de Fotos.photoslibrary/resources/derivatives/masters/F/F4FA3EA4-FDBD-47D0-9397-DC73714AF47A_4_5005_c.jpeg"
    ],
    "ultima_modificacion": "2025-08-01 01:01:12.206637"
  },
  "f75d8c60380e48429e7ffec843fb348245005c.jpeg": {
    "app_sintetizada": "F75D8C60380E48429E7FFEC843FB348245005C.JPEG",
    "cantidad_archivos": 1,
    "archivos_fuente": [
      "Pictures/Fototeca de Fotos.photoslibrary/resources/derivatives/masters/F/F75D8C60-380E-4842-9E7F-FEC843FB3482_4_5005_c.jpeg"
    ],
    "ultima_modificacion": "2025-08-01 01:01:12.206961"
  },
  "fc3b87963abb4acea5307b52957b57fb45005c.jpeg": {
    "app_sintetizada": "FC3B87963ABB4ACEA5307B52957B57FB45005C.JPEG",
    "cantidad_archivos": 1,
    "archivos_fuente": [
      "Pictures/Fototeca de Fotos.photoslibrary/resources/derivatives/masters/F/FC3B8796-3ABB-4ACE-A530-7B52957B57FB_4_5005_c.jpeg"
    ],
    "ultima_modificacion": "2025-08-01 01:01:12.207340"
  },
  "f822a9cbc88d403696286f543297732145005c.jpeg": {
    "app_sintetizada": "F822A9CBC88D403696286F543297732145005C.JPEG",
    "cantidad_archivos": 1,
    "archivos_fuente": [
      "Pictures/Fototeca de Fotos.photoslibrary/resources/derivatives/masters/F/F822A9CB-C88D-4036-9628-6F5432977321_4_5005_c.jpeg"
    ],
    "ultima_modificacion": "2025-08-01 01:01:12.207653"
  },
  "f9cf91cb7963481ba0ba3b4b3f63f2a345005c.jpeg": {
    "app_sintetizada": "F9CF91CB7963481BA0BA3B4B3F63F2A345005C.JPEG",
    "cantidad_archivos": 1,
    "archivos_fuente": [
      "Pictures/Fototeca de Fotos.photoslibrary/resources/derivatives/masters/F/F9CF91CB-7963-481B-A0BA-3B4B3F63F2A3_4_5005_c.jpeg"
    ],
    "ultima_modificacion": "2025-08-01 01:01:12.207977"
  },
  "f0cc379a25c0427d9a2270080511fa6345005c.jpeg": {
    "app_sintetizada": "F0CC379A25C0427D9A2270080511FA6345005C.JPEG",
    "cantidad_archivos": 1,
    "archivos_fuente": [
      "Pictures/Fototeca de Fotos.photoslibrary/resources/derivatives/masters/F/F0CC379A-25C0-427D-9A22-70080511FA63_4_5005_c.jpeg"
    ],
    "ultima_modificacion": "2025-08-01 01:01:12.208300"
  },
  "f3b5c15bdaf0421dbb3bb18f8ed83d7245005c.jpeg": {
    "app_sintetizada": "F3B5C15BDAF0421DBB3BB18F8ED83D7245005C.JPEG",
    "cantidad_archivos": 1,
    "archivos_fuente": [
      "Pictures/Fototeca de Fotos.photoslibrary/resources/derivatives/masters/F/F3B5C15B-DAF0-421D-BB3B-B18F8ED83D72_4_5005_c.jpeg"
    ],
    "ultima_modificacion": "2025-08-01 01:01:12.208605"
  },
  "fe9201b23ea1441491e7269f41db145645005c.jpeg": {
    "app_sintetizada": "FE9201B23EA1441491E7269F41DB145645005C.JPEG",
    "cantidad_archivos": 1,
    "archivos_fuente": [
      "Pictures/Fototeca de Fotos.photoslibrary/resources/derivatives/masters/F/FE9201B2-3EA1-4414-91E7-269F41DB1456_4_5005_c.jpeg"
    ],
    "ultima_modificacion": "2025-08-01 01:01:12.208921"
  },
  "f9d9834c1094462688aaf5e9bc9e60a745005c.jpeg": {
    "app_sintetizada": "F9D9834C1094462688AAF5E9BC9E60A745005C.JPEG",
    "cantidad_archivos": 1,
    "archivos_fuente": [
      "Pictures/Fototeca de Fotos.photoslibrary/resources/derivatives/masters/F/F9D9834C-1094-4626-88AA-F5E9BC9E60A7_4_5005_c.jpeg"
    ],
    "ultima_modificacion": "2025-08-01 01:01:12.209217"
  },
  "f5a38716f1f243fb9772283fabfc76cc45005c.jpeg": {
    "app_sintetizada": "F5A38716F1F243FB9772283FABFC76CC45005C.JPEG",
    "cantidad_archivos": 1,
    "archivos_fuente": [
      "Pictures/Fototeca de Fotos.photoslibrary/resources/derivatives/masters/F/F5A38716-F1F2-43FB-9772-283FABFC76CC_4_5005_c.jpeg"
    ],
    "ultima_modificacion": "2025-08-01 01:01:12.209527"
  },
  "fc2e55b796dd492c8df2531f1bb08b4745005c.jpeg": {
    "app_sintetizada": "FC2E55B796DD492C8DF2531F1BB08B4745005C.JPEG",
    "cantidad_archivos": 1,
    "archivos_fuente": [
      "Pictures/Fototeca de Fotos.photoslibrary/resources/derivatives/masters/F/FC2E55B7-96DD-492C-8DF2-531F1BB08B47_4_5005_c.jpeg"
    ],
    "ultima_modificacion": "2025-08-01 01:01:12.209901"
  },
  "fd47a5f8875f447cb6810108922cfbe145005c.jpeg": {
    "app_sintetizada": "FD47A5F8875F447CB6810108922CFBE145005C.JPEG",
    "cantidad_archivos": 1,
    "archivos_fuente": [
      "Pictures/Fototeca de Fotos.photoslibrary/resources/derivatives/masters/F/FD47A5F8-875F-447C-B681-0108922CFBE1_4_5005_c.jpeg"
    ],
    "ultima_modificacion": "2025-08-01 01:01:12.210245"
  },
  "ff3a4a41fb314a18a2ad0be9b381fa5445005c.jpeg": {
    "app_sintetizada": "FF3A4A41FB314A18A2AD0BE9B381FA5445005C.JPEG",
    "cantidad_archivos": 1,
    "archivos_fuente": [
      "Pictures/Fototeca de Fotos.photoslibrary/resources/derivatives/masters/F/FF3A4A41-FB31-4A18-A2AD-0BE9B381FA54_4_5005_c.jpeg"
    ],
    "ultima_modificacion": "2025-08-01 01:01:12.210560"
  },
  "f66cc05dcfa344738510cc22c84f493545005c.jpeg": {
    "app_sintetizada": "F66CC05DCFA344738510CC22C84F493545005C.JPEG",
    "cantidad_archivos": 1,
    "archivos_fuente": [
      "Pictures/Fototeca de Fotos.photoslibrary/resources/derivatives/masters/F/F66CC05D-CFA3-4473-8510-CC22C84F4935_4_5005_c.jpeg"
    ],
    "ultima_modificacion": "2025-08-01 01:01:12.210891"
  },
  "f75da02d294846bcb5ad856fc3b07e7c45005c.jpeg": {
    "app_sintetizada": "F75DA02D294846BCB5AD856FC3B07E7C45005C.JPEG",
    "cantidad_archivos": 1,
    "archivos_fuente": [
      "Pictures/Fototeca de Fotos.photoslibrary/resources/derivatives/masters/F/F75DA02D-2948-46BC-B5AD-856FC3B07E7C_4_5005_c.jpeg"
    ],
    "ultima_modificacion": "2025-08-01 01:01:12.211171"
  },
  "f7e534b9c64145959e538e9c6a30673c45005c.jpeg": {
    "app_sintetizada": "F7E534B9C64145959E538E9C6A30673C45005C.JPEG",
    "cantidad_archivos": 1,
    "archivos_fuente": [
      "Pictures/Fototeca de Fotos.photoslibrary/resources/derivatives/masters/F/F7E534B9-C641-4595-9E53-8E9C6A30673C_4_5005_c.jpeg"
    ],
    "ultima_modificacion": "2025-08-01 01:01:12.211421"
  },
  "f0de3c6e399a4c5999a9c84fe5d4a0c745005c.jpeg": {
    "app_sintetizada": "F0DE3C6E399A4C5999A9C84FE5D4A0C745005C.JPEG",
    "cantidad_archivos": 1,
    "archivos_fuente": [
      "Pictures/Fototeca de Fotos.photoslibrary/resources/derivatives/masters/F/F0DE3C6E-399A-4C59-99A9-C84FE5D4A0C7_4_5005_c.jpeg"
    ],
    "ultima_modificacion": "2025-08-01 01:01:12.211802"
  },
  "f278793782ec434eabf074754d49f6f145005c.jpeg": {
    "app_sintetizada": "F278793782EC434EABF074754D49F6F145005C.JPEG",
    "cantidad_archivos": 1,
    "archivos_fuente": [
      "Pictures/Fototeca de Fotos.photoslibrary/resources/derivatives/masters/F/F2787937-82EC-434E-ABF0-74754D49F6F1_4_5005_c.jpeg"
    ],
    "ultima_modificacion": "2025-08-01 01:01:12.212059"
  },
  "f4103110b707471d9b31b00c8aff08f845005c.jpeg": {
    "app_sintetizada": "F4103110B707471D9B31B00C8AFF08F845005C.JPEG",
    "cantidad_archivos": 1,
    "archivos_fuente": [
      "Pictures/Fototeca de Fotos.photoslibrary/resources/derivatives/masters/F/F4103110-B707-471D-9B31-B00C8AFF08F8_4_5005_c.jpeg"
    ],
    "ultima_modificacion": "2025-08-01 01:01:12.212325"
  },
  "fc3df50bca1b46d498aa376a9390f48245005c.jpeg": {
    "app_sintetizada": "FC3DF50BCA1B46D498AA376A9390F48245005C.JPEG",
    "cantidad_archivos": 1,
    "archivos_fuente": [
      "Pictures/Fototeca de Fotos.photoslibrary/resources/derivatives/masters/F/FC3DF50B-CA1B-46D4-98AA-376A9390F482_4_5005_c.jpeg"
    ],
    "ultima_modificacion": "2025-08-01 01:01:12.212554"
  },
  "f4b17904b7c84f39abd8b4bf1361004145005c.jpeg": {
    "app_sintetizada": "F4B17904B7C84F39ABD8B4BF1361004145005C.JPEG",
    "cantidad_archivos": 1,
    "archivos_fuente": [
      "Pictures/Fototeca de Fotos.photoslibrary/resources/derivatives/masters/F/F4B17904-B7C8-4F39-ABD8-B4BF13610041_4_5005_c.jpeg"
    ],
    "ultima_modificacion": "2025-08-01 01:01:12.212777"
  },
  "fa96cd30482248829866f111d9f1e20045005c.jpeg": {
    "app_sintetizada": "FA96CD30482248829866F111D9F1E20045005C.JPEG",
    "cantidad_archivos": 1,
    "archivos_fuente": [
      "Pictures/Fototeca de Fotos.photoslibrary/resources/derivatives/masters/F/FA96CD30-4822-4882-9866-F111D9F1E200_4_5005_c.jpeg"
    ],
    "ultima_modificacion": "2025-08-01 01:01:12.212994"
  },
  "f84b38a2ca5a4f64aa645dcc95f3175145005c.jpeg": {
    "app_sintetizada": "F84B38A2CA5A4F64AA645DCC95F3175145005C.JPEG",
    "cantidad_archivos": 1,
    "archivos_fuente": [
      "Pictures/Fototeca de Fotos.photoslibrary/resources/derivatives/masters/F/F84B38A2-CA5A-4F64-AA64-5DCC95F31751_4_5005_c.jpeg"
    ],
    "ultima_modificacion": "2025-08-01 01:01:12.213225"
  },
  "f756008ddaa143a595a184d505ae836345005c.jpeg": {
    "app_sintetizada": "F756008DDAA143A595A184D505AE836345005C.JPEG",
    "cantidad_archivos": 1,
    "archivos_fuente": [
      "Pictures/Fototeca de Fotos.photoslibrary/resources/derivatives/masters/F/F756008D-DAA1-43A5-95A1-84D505AE8363_4_5005_c.jpeg"
    ],
    "ultima_modificacion": "2025-08-01 01:01:12.213454"
  },
  "f9bd5af077c84fd8bedfaed95585d1cf45005c.jpeg": {
    "app_sintetizada": "F9BD5AF077C84FD8BEDFAED95585D1CF45005C.JPEG",
    "cantidad_archivos": 1,
    "archivos_fuente": [
      "Pictures/Fototeca de Fotos.photoslibrary/resources/derivatives/masters/F/F9BD5AF0-77C8-4FD8-BEDF-AED95585D1CF_4_5005_c.jpeg"
    ],
    "ultima_modificacion": "2025-08-01 01:01:12.213756"
  },
  "fdab586585644e25b62605fb3e683d3d45005c.jpeg": {
    "app_sintetizada": "FDAB586585644E25B62605FB3E683D3D45005C.JPEG",
    "cantidad_archivos": 1,
    "archivos_fuente": [
      "Pictures/Fototeca de Fotos.photoslibrary/resources/derivatives/masters/F/FDAB5865-8564-4E25-B626-05FB3E683D3D_4_5005_c.jpeg"
    ],
    "ultima_modificacion": "2025-08-01 01:01:12.214030"
  },
  "f8941aa14d9a4d7b991bd38115c4941945005c.jpeg": {
    "app_sintetizada": "F8941AA14D9A4D7B991BD38115C4941945005C.JPEG",
    "cantidad_archivos": 1,
    "archivos_fuente": [
      "Pictures/Fototeca de Fotos.photoslibrary/resources/derivatives/masters/F/F8941AA1-4D9A-4D7B-991B-D38115C49419_4_5005_c.jpeg"
    ],
    "ultima_modificacion": "2025-08-01 01:01:12.214305"
  },
  "f63f036cc579458a971a29d9007883da45005c.jpeg": {
    "app_sintetizada": "F63F036CC579458A971A29D9007883DA45005C.JPEG",
    "cantidad_archivos": 1,
    "archivos_fuente": [
      "Pictures/Fototeca de Fotos.photoslibrary/resources/derivatives/masters/F/F63F036C-C579-458A-971A-29D9007883DA_4_5005_c.jpeg"
    ],
    "ultima_modificacion": "2025-08-01 01:01:12.214657"
  },
  "f85a23455f5e4ae8b0839025e8212f5d45005c.jpeg": {
    "app_sintetizada": "F85A23455F5E4AE8B0839025E8212F5D45005C.JPEG",
    "cantidad_archivos": 1,
    "archivos_fuente": [
      "Pictures/Fototeca de Fotos.photoslibrary/resources/derivatives/masters/F/F85A2345-5F5E-4AE8-B083-9025E8212F5D_4_5005_c.jpeg"
    ],
    "ultima_modificacion": "2025-08-01 01:01:12.214917"
  },
  "fbb4da11060244f5b103a42c83e4073845005c.jpeg": {
    "app_sintetizada": "FBB4DA11060244F5B103A42C83E4073845005C.JPEG",
    "cantidad_archivos": 1,
    "archivos_fuente": [
      "Pictures/Fototeca de Fotos.photoslibrary/resources/derivatives/masters/F/FBB4DA11-0602-44F5-B103-A42C83E40738_4_5005_c.jpeg"
    ],
    "ultima_modificacion": "2025-08-01 01:01:12.215172"
  },
  "f0391cd7ecf04030b50c1f54645480e645005c.jpeg": {
    "app_sintetizada": "F0391CD7ECF04030B50C1F54645480E645005C.JPEG",
    "cantidad_archivos": 1,
    "archivos_fuente": [
      "Pictures/Fototeca de Fotos.photoslibrary/resources/derivatives/masters/F/F0391CD7-ECF0-4030-B50C-1F54645480E6_4_5005_c.jpeg"
    ],
    "ultima_modificacion": "2025-08-01 01:01:12.215439"
  },
  "f60d7373251d40e4832239b2b2b88f5e45005c.jpeg": {
    "app_sintetizada": "F60D7373251D40E4832239B2B2B88F5E45005C.JPEG",
    "cantidad_archivos": 1,
    "archivos_fuente": [
      "Pictures/Fototeca de Fotos.photoslibrary/resources/derivatives/masters/F/F60D7373-251D-40E4-8322-39B2B2B88F5E_4_5005_c.jpeg"
    ],
    "ultima_modificacion": "2025-08-01 01:01:12.215797"
  },
  "fb6d6c818fc348c488ee85818ae14c3345005c.jpeg": {
    "app_sintetizada": "FB6D6C818FC348C488EE85818AE14C3345005C.JPEG",
    "cantidad_archivos": 1,
    "archivos_fuente": [
      "Pictures/Fototeca de Fotos.photoslibrary/resources/derivatives/masters/F/FB6D6C81-8FC3-48C4-88EE-85818AE14C33_4_5005_c.jpeg"
    ],
    "ultima_modificacion": "2025-08-01 01:01:12.216041"
  },
  "fd5ea7b952784f70a428d6987831556445005c.jpeg": {
    "app_sintetizada": "FD5EA7B952784F70A428D6987831556445005C.JPEG",
    "cantidad_archivos": 1,
    "archivos_fuente": [
      "Pictures/Fototeca de Fotos.photoslibrary/resources/derivatives/masters/F/FD5EA7B9-5278-4F70-A428-D69878315564_4_5005_c.jpeg"
    ],
    "ultima_modificacion": "2025-08-01 01:01:12.216282"
  },
  "f69b3adc53f7499fb7f5a1a624e49ef745005c.jpeg": {
    "app_sintetizada": "F69B3ADC53F7499FB7F5A1A624E49EF745005C.JPEG",
    "cantidad_archivos": 1,
    "archivos_fuente": [
      "Pictures/Fototeca de Fotos.photoslibrary/resources/derivatives/masters/F/F69B3ADC-53F7-499F-B7F5-A1A624E49EF7_4_5005_c.jpeg"
    ],
    "ultima_modificacion": "2025-08-01 01:01:12.216541"
  },
  "fbd4423345884602ad1e26cf2bc5489a45005c.jpeg": {
    "app_sintetizada": "FBD4423345884602AD1E26CF2BC5489A45005C.JPEG",
    "cantidad_archivos": 1,
    "archivos_fuente": [
      "Pictures/Fototeca de Fotos.photoslibrary/resources/derivatives/masters/F/FBD44233-4588-4602-AD1E-26CF2BC5489A_4_5005_c.jpeg"
    ],
    "ultima_modificacion": "2025-08-01 01:01:12.216808"
  },
  "f0cecbcab3564c308e06639d51814df745005c.jpeg": {
    "app_sintetizada": "F0CECBCAB3564C308E06639D51814DF745005C.JPEG",
    "cantidad_archivos": 1,
    "archivos_fuente": [
      "Pictures/Fototeca de Fotos.photoslibrary/resources/derivatives/masters/F/F0CECBCA-B356-4C30-8E06-639D51814DF7_4_5005_c.jpeg"
    ],
    "ultima_modificacion": "2025-08-01 01:01:12.217112"
  },
  "f67478a3225a469596ec4b33fe81fa8545005c.jpeg": {
    "app_sintetizada": "F67478A3225A469596EC4B33FE81FA8545005C.JPEG",
    "cantidad_archivos": 1,
    "archivos_fuente": [
      "Pictures/Fototeca de Fotos.photoslibrary/resources/derivatives/masters/F/F67478A3-225A-4695-96EC-4B33FE81FA85_4_5005_c.jpeg"
    ],
    "ultima_modificacion": "2025-08-01 01:01:12.217362"
  },
  "f58d4aab465b4e949ed76ca02bdf037445005c.jpeg": {
    "app_sintetizada": "F58D4AAB465B4E949ED76CA02BDF037445005C.JPEG",
    "cantidad_archivos": 1,
    "archivos_fuente": [
      "Pictures/Fototeca de Fotos.photoslibrary/resources/derivatives/masters/F/F58D4AAB-465B-4E94-9ED7-6CA02BDF0374_4_5005_c.jpeg"
    ],
    "ultima_modificacion": "2025-08-01 01:01:12.217645"
  },
  "feb035fc316744febacd902ee0aa2b4445005c.jpeg": {
    "app_sintetizada": "FEB035FC316744FEBACD902EE0AA2B4445005C.JPEG",
    "cantidad_archivos": 1,
    "archivos_fuente": [
      "Pictures/Fototeca de Fotos.photoslibrary/resources/derivatives/masters/F/FEB035FC-3167-44FE-BACD-902EE0AA2B44_4_5005_c.jpeg"
    ],
    "ultima_modificacion": "2025-08-01 01:01:12.217872"
  },
  "fb730c438cb346d9a289ace43fd3b78045005c.jpeg": {
    "app_sintetizada": "FB730C438CB346D9A289ACE43FD3B78045005C.JPEG",
    "cantidad_archivos": 1,
    "archivos_fuente": [
      "Pictures/Fototeca de Fotos.photoslibrary/resources/derivatives/masters/F/FB730C43-8CB3-46D9-A289-ACE43FD3B780_4_5005_c.jpeg"
    ],
    "ultima_modificacion": "2025-08-01 01:01:12.218092"
  },
  "f9121f03d91b428d99e18273cfbc093a45005c.jpeg": {
    "app_sintetizada": "F9121F03D91B428D99E18273CFBC093A45005C.JPEG",
    "cantidad_archivos": 1,
    "archivos_fuente": [
      "Pictures/Fototeca de Fotos.photoslibrary/resources/derivatives/masters/F/F9121F03-D91B-428D-99E1-8273CFBC093A_4_5005_c.jpeg"
    ],
    "ultima_modificacion": "2025-08-01 01:01:12.218289"
  },
  "fe734ec3346b4eb6a2e1e9b62644571e45005c.jpeg": {
    "app_sintetizada": "FE734EC3346B4EB6A2E1E9B62644571E45005C.JPEG",
    "cantidad_archivos": 1,
    "archivos_fuente": [
      "Pictures/Fototeca de Fotos.photoslibrary/resources/derivatives/masters/F/FE734EC3-346B-4EB6-A2E1-E9B62644571E_4_5005_c.jpeg"
    ],
    "ultima_modificacion": "2025-08-01 01:01:12.218485"
  },
  "fb94bdb6e9a24b2385e3082b5c7648f445005c.jpeg": {
    "app_sintetizada": "FB94BDB6E9A24B2385E3082B5C7648F445005C.JPEG",
    "cantidad_archivos": 1,
    "archivos_fuente": [
      "Pictures/Fototeca de Fotos.photoslibrary/resources/derivatives/masters/F/FB94BDB6-E9A2-4B23-85E3-082B5C7648F4_4_5005_c.jpeg"
    ],
    "ultima_modificacion": "2025-08-01 01:01:12.219160"
  },
  "f644c7c164584ca2baac83a3f1dae2cc45005c.jpeg": {
    "app_sintetizada": "F644C7C164584CA2BAAC83A3F1DAE2CC45005C.JPEG",
    "cantidad_archivos": 1,
    "archivos_fuente": [
      "Pictures/Fototeca de Fotos.photoslibrary/resources/derivatives/masters/F/F644C7C1-6458-4CA2-BAAC-83A3F1DAE2CC_4_5005_c.jpeg"
    ],
    "ultima_modificacion": "2025-08-01 01:01:12.219494"
  },
  "f39c950118a543fab6d00cb0a170840545005c.jpeg": {
    "app_sintetizada": "F39C950118A543FAB6D00CB0A170840545005C.JPEG",
    "cantidad_archivos": 1,
    "archivos_fuente": [
      "Pictures/Fototeca de Fotos.photoslibrary/resources/derivatives/masters/F/F39C9501-18A5-43FA-B6D0-0CB0A1708405_4_5005_c.jpeg"
    ],
    "ultima_modificacion": "2025-08-01 01:01:12.220345"
  },
  "f76fcffa7219436db2420b2cd0ec6d4345005c.jpeg": {
    "app_sintetizada": "F76FCFFA7219436DB2420B2CD0EC6D4345005C.JPEG",
    "cantidad_archivos": 1,
    "archivos_fuente": [
      "Pictures/Fototeca de Fotos.photoslibrary/resources/derivatives/masters/F/F76FCFFA-7219-436D-B242-0B2CD0EC6D43_4_5005_c.jpeg"
    ],
    "ultima_modificacion": "2025-08-01 01:01:12.220865"
  },
  "f9d92be4ec244e30a71bf37fe2d8335245005c.jpeg": {
    "app_sintetizada": "F9D92BE4EC244E30A71BF37FE2D8335245005C.JPEG",
    "cantidad_archivos": 1,
    "archivos_fuente": [
      "Pictures/Fototeca de Fotos.photoslibrary/resources/derivatives/masters/F/F9D92BE4-EC24-4E30-A71B-F37FE2D83352_4_5005_c.jpeg"
    ],
    "ultima_modificacion": "2025-08-01 01:01:12.221155"
  },
  "f464ddab0ede4f0289d7e1c3d5cd6d3145005c.jpeg": {
    "app_sintetizada": "F464DDAB0EDE4F0289D7E1C3D5CD6D3145005C.JPEG",
    "cantidad_archivos": 1,
    "archivos_fuente": [
      "Pictures/Fototeca de Fotos.photoslibrary/resources/derivatives/masters/F/F464DDAB-0EDE-4F02-89D7-E1C3D5CD6D31_4_5005_c.jpeg"
    ],
    "ultima_modificacion": "2025-08-01 01:01:12.221430"
  },
  "f79d45bb0a3e49859a969d073d5acdd545005c.jpeg": {
    "app_sintetizada": "F79D45BB0A3E49859A969D073D5ACDD545005C.JPEG",
    "cantidad_archivos": 1,
    "archivos_fuente": [
      "Pictures/Fototeca de Fotos.photoslibrary/resources/derivatives/masters/F/F79D45BB-0A3E-4985-9A96-9D073D5ACDD5_4_5005_c.jpeg"
    ],
    "ultima_modificacion": "2025-08-01 01:01:12.221709"
  },
  "f1257dc507004544aea4493669b476dc45005c.jpeg": {
    "app_sintetizada": "F1257DC507004544AEA4493669B476DC45005C.JPEG",
    "cantidad_archivos": 1,
    "archivos_fuente": [
      "Pictures/Fototeca de Fotos.photoslibrary/resources/derivatives/masters/F/F1257DC5-0700-4544-AEA4-493669B476DC_4_5005_c.jpeg"
    ],
    "ultima_modificacion": "2025-08-01 01:01:12.221955"
  },
  "fedfe803cfc648259bb973d48183748645005c.jpeg": {
    "app_sintetizada": "FEDFE803CFC648259BB973D48183748645005C.JPEG",
    "cantidad_archivos": 1,
    "archivos_fuente": [
      "Pictures/Fototeca de Fotos.photoslibrary/resources/derivatives/masters/F/FEDFE803-CFC6-4825-9BB9-73D481837486_4_5005_c.jpeg"
    ],
    "ultima_modificacion": "2025-08-01 01:01:12.222310"
  },
  "f5296240cf954092bb08b0ad3aff1d9745005c.jpeg": {
    "app_sintetizada": "F5296240CF954092BB08B0AD3AFF1D9745005C.JPEG",
    "cantidad_archivos": 1,
    "archivos_fuente": [
      "Pictures/Fototeca de Fotos.photoslibrary/resources/derivatives/masters/F/F5296240-CF95-4092-BB08-B0AD3AFF1D97_4_5005_c.jpeg"
    ],
    "ultima_modificacion": "2025-08-01 01:01:12.222676"
  }
}