{
  "6a5447b7f73f4c3da201e66832e8633345005c.jpeg": {
    "app_sintetizada": "6A5447B7F73F4C3DA201E66832E8633345005C.JPEG",
    "cantidad_archivos": 1,
    "archivos_fuente": [
      "Pictures/Fototeca de Fotos.photoslibrary/resources/derivatives/masters/6/6A5447B7-F73F-4C3D-A201-E66832E86333_4_5005_c.jpeg"
    ],
    "ultima_modificacion": "2025-08-01 01:01:08.877754"
  },
  "636b702d29a0445bb5a75134ea5c5fe545005c.jpeg": {
    "app_sintetizada": "636B702D29A0445BB5A75134EA5C5FE545005C.JPEG",
    "cantidad_archivos": 1,
    "archivos_fuente": [
      "Pictures/Fototeca de Fotos.photoslibrary/resources/derivatives/masters/6/636B702D-29A0-445B-B5A7-5134EA5C5FE5_4_5005_c.jpeg"
    ],
    "ultima_modificacion": "2025-08-01 01:01:08.878060"
  },
  "6599bdc354cd4069895060ee2bca73a445005c.jpeg": {
    "app_sintetizada": "6599BDC354CD4069895060EE2BCA73A445005C.JPEG",
    "cantidad_archivos": 1,
    "archivos_fuente": [
      "Pictures/Fototeca de Fotos.photoslibrary/resources/derivatives/masters/6/6599BDC3-54CD-4069-8950-60EE2BCA73A4_4_5005_c.jpeg"
    ],
    "ultima_modificacion": "2025-08-01 01:01:08.878306"
  },
  "6dbbaf4f8bf64134ab977760179f63ef45005c.jpeg": {
    "app_sintetizada": "6DBBAF4F8BF64134AB977760179F63EF45005C.JPEG",
    "cantidad_archivos": 1,
    "archivos_fuente": [
      "Pictures/Fototeca de Fotos.photoslibrary/resources/derivatives/masters/6/6DBBAF4F-8BF6-4134-AB97-7760179F63EF_4_5005_c.jpeg"
    ],
    "ultima_modificacion": "2025-08-01 01:01:08.878530"
  },
  "6ac4327a3dc24b74bb2db2953b141f2c45005c.jpeg": {
    "app_sintetizada": "6AC4327A3DC24B74BB2DB2953B141F2C45005C.JPEG",
    "cantidad_archivos": 1,
    "archivos_fuente": [
      "Pictures/Fototeca de Fotos.photoslibrary/resources/derivatives/masters/6/6AC4327A-3DC2-4B74-BB2D-B2953B141F2C_4_5005_c.jpeg"
    ],
    "ultima_modificacion": "2025-08-01 01:01:08.878811"
  },
  "638c75a449aa4e9fa6ee2bc95913d78345005c.jpeg": {
    "app_sintetizada": "638C75A449AA4E9FA6EE2BC95913D78345005C.JPEG",
    "cantidad_archivos": 1,
    "archivos_fuente": [
      "Pictures/Fototeca de Fotos.photoslibrary/resources/derivatives/masters/6/638C75A4-49AA-4E9F-A6EE-2BC95913D783_4_5005_c.jpeg"
    ],
    "ultima_modificacion": "2025-08-01 01:01:08.879074"
  },
  "6b3bc5586475414eab4fbb2d5b12aa4445005c.jpeg": {
    "app_sintetizada": "6B3BC5586475414EAB4FBB2D5B12AA4445005C.JPEG",
    "cantidad_archivos": 1,
    "archivos_fuente": [
      "Pictures/Fototeca de Fotos.photoslibrary/resources/derivatives/masters/6/6B3BC558-6475-414E-AB4F-BB2D5B12AA44_4_5005_c.jpeg"
    ],
    "ultima_modificacion": "2025-08-01 01:01:08.879334"
  },
  "6fde19c3aed140f5893660d0068928d645005c.jpeg": {
    "app_sintetizada": "6FDE19C3AED140F5893660D0068928D645005C.JPEG",
    "cantidad_archivos": 1,
    "archivos_fuente": [
      "Pictures/Fototeca de Fotos.photoslibrary/resources/derivatives/masters/6/6FDE19C3-AED1-40F5-8936-60D0068928D6_4_5005_c.jpeg"
    ],
    "ultima_modificacion": "2025-08-01 01:01:08.879685"
  },
  "6d8f60f4ac9d4c89a70b8034d3a475db45005c.jpeg": {
    "app_sintetizada": "6D8F60F4AC9D4C89A70B8034D3A475DB45005C.JPEG",
    "cantidad_archivos": 1,
    "archivos_fuente": [
      "Pictures/Fototeca de Fotos.photoslibrary/resources/derivatives/masters/6/6D8F60F4-AC9D-4C89-A70B-8034D3A475DB_4_5005_c.jpeg"
    ],
    "ultima_modificacion": "2025-08-01 01:01:08.879939"
  },
  "665d601e383e4a4680e0c89a1bb9e45845005c.jpeg": {
    "app_sintetizada": "665D601E383E4A4680E0C89A1BB9E45845005C.JPEG",
    "cantidad_archivos": 1,
    "archivos_fuente": [
      "Pictures/Fototeca de Fotos.photoslibrary/resources/derivatives/masters/6/665D601E-383E-4A46-80E0-C89A1BB9E458_4_5005_c.jpeg"
    ],
    "ultima_modificacion": "2025-08-01 01:01:08.880229"
  },
  "635b742fcbf8414b863c34e4845ce2ef45005c.jpeg": {
    "app_sintetizada": "635B742FCBF8414B863C34E4845CE2EF45005C.JPEG",
    "cantidad_archivos": 1,
    "archivos_fuente": [
      "Pictures/Fototeca de Fotos.photoslibrary/resources/derivatives/masters/6/635B742F-CBF8-414B-863C-34E4845CE2EF_4_5005_c.jpeg"
    ],
    "ultima_modificacion": "2025-08-01 01:01:08.880514"
  },
  "6198643c8c3d4e7585af444388fa7b3045005c.jpeg": {
    "app_sintetizada": "6198643C8C3D4E7585AF444388FA7B3045005C.JPEG",
    "cantidad_archivos": 1,
    "archivos_fuente": [
      "Pictures/Fototeca de Fotos.photoslibrary/resources/derivatives/masters/6/6198643C-8C3D-4E75-85AF-444388FA7B30_4_5005_c.jpeg"
    ],
    "ultima_modificacion": "2025-08-01 01:01:08.880772"
  },
  "64f8809068f14bd4882a40d9511674ad45005c.jpeg": {
    "app_sintetizada": "64F8809068F14BD4882A40D9511674AD45005C.JPEG",
    "cantidad_archivos": 1,
    "archivos_fuente": [
      "Pictures/Fototeca de Fotos.photoslibrary/resources/derivatives/masters/6/64F88090-68F1-4BD4-882A-40D9511674AD_4_5005_c.jpeg"
    ],
    "ultima_modificacion": "2025-08-01 01:01:08.881011"
  },
  "625a7c054f8c449091f6ce31180f1af545005c.jpeg": {
    "app_sintetizada": "625A7C054F8C449091F6CE31180F1AF545005C.JPEG",
    "cantidad_archivos": 1,
    "archivos_fuente": [
      "Pictures/Fototeca de Fotos.photoslibrary/resources/derivatives/masters/6/625A7C05-4F8C-4490-91F6-CE31180F1AF5_4_5005_c.jpeg"
    ],
    "ultima_modificacion": "2025-08-01 01:01:08.881244"
  },
  "66b8e17dfe73495abc438f023cdeade745005c.jpeg": {
    "app_sintetizada": "66B8E17DFE73495ABC438F023CDEADE745005C.JPEG",
    "cantidad_archivos": 1,
    "archivos_fuente": [
      "Pictures/Fototeca de Fotos.photoslibrary/resources/derivatives/masters/6/66B8E17D-FE73-495A-BC43-8F023CDEADE7_4_5005_c.jpeg"
    ],
    "ultima_modificacion": "2025-08-01 01:01:08.881471"
  },
  "6d7cc7eecbf948f08aad13884ac96d0445005c.jpeg": {
    "app_sintetizada": "6D7CC7EECBF948F08AAD13884AC96D0445005C.JPEG",
    "cantidad_archivos": 1,
    "archivos_fuente": [
      "Pictures/Fototeca de Fotos.photoslibrary/resources/derivatives/masters/6/6D7CC7EE-CBF9-48F0-8AAD-13884AC96D04_4_5005_c.jpeg"
    ],
    "ultima_modificacion": "2025-08-01 01:01:08.881686"
  },
  "64e707268c3a495ab5293b60e5f91c8645005c.jpeg": {
    "app_sintetizada": "64E707268C3A495AB5293B60E5F91C8645005C.JPEG",
    "cantidad_archivos": 1,
    "archivos_fuente": [
      "Pictures/Fototeca de Fotos.photoslibrary/resources/derivatives/masters/6/64E70726-8C3A-495A-B529-3B60E5F91C86_4_5005_c.jpeg"
    ],
    "ultima_modificacion": "2025-08-01 01:01:08.881897"
  },
  "632baedc3b9f4af18c6761f2842b40a745005c.jpeg": {
    "app_sintetizada": "632BAEDC3B9F4AF18C6761F2842B40A745005C.JPEG",
    "cantidad_archivos": 1,
    "archivos_fuente": [
      "Pictures/Fototeca de Fotos.photoslibrary/resources/derivatives/masters/6/632BAEDC-3B9F-4AF1-8C67-61F2842B40A7_4_5005_c.jpeg"
    ],
    "ultima_modificacion": "2025-08-01 01:01:08.882171"
  },
  "647534a8c96e4df9aa84c4754901179645005c.jpeg": {
    "app_sintetizada": "647534A8C96E4DF9AA84C4754901179645005C.JPEG",
    "cantidad_archivos": 1,
    "archivos_fuente": [
      "Pictures/Fototeca de Fotos.photoslibrary/resources/derivatives/masters/6/647534A8-C96E-4DF9-AA84-C47549011796_4_5005_c.jpeg"
    ],
    "ultima_modificacion": "2025-08-01 01:01:08.882763"
  },
  "662b327436b448b4943f07d6c2ac47f645005c.jpeg": {
    "app_sintetizada": "662B327436B448B4943F07D6C2AC47F645005C.JPEG",
    "cantidad_archivos": 1,
    "archivos_fuente": [
      "Pictures/Fototeca de Fotos.photoslibrary/resources/derivatives/masters/6/662B3274-36B4-48B4-943F-07D6C2AC47F6_4_5005_c.jpeg"
    ],
    "ultima_modificacion": "2025-08-01 01:01:08.883112"
  },
  "655060011186451a9bb6e159c2ae429045005c.jpeg": {
    "app_sintetizada": "655060011186451A9BB6E159C2AE429045005C.JPEG",
    "cantidad_archivos": 1,
    "archivos_fuente": [
      "Pictures/Fototeca de Fotos.photoslibrary/resources/derivatives/masters/6/65506001-1186-451A-9BB6-E159C2AE4290_4_5005_c.jpeg"
    ],
    "ultima_modificacion": "2025-08-01 01:01:08.883491"
  },
  "663ddadb92774e4ba8b1c8e809a27d7345005c.jpeg": {
    "app_sintetizada": "663DDADB92774E4BA8B1C8E809A27D7345005C.JPEG",
    "cantidad_archivos": 1,
    "archivos_fuente": [
      "Pictures/Fototeca de Fotos.photoslibrary/resources/derivatives/masters/6/663DDADB-9277-4E4B-A8B1-C8E809A27D73_4_5005_c.jpeg"
    ],
    "ultima_modificacion": "2025-08-01 01:01:08.885879"
  },
  "637202394b574ccfb25fef2beda728e345005c.jpeg": {
    "app_sintetizada": "637202394B574CCFB25FEF2BEDA728E345005C.JPEG",
    "cantidad_archivos": 1,
    "archivos_fuente": [
      "Pictures/Fototeca de Fotos.photoslibrary/resources/derivatives/masters/6/63720239-4B57-4CCF-B25F-EF2BEDA728E3_4_5005_c.jpeg"
    ],
    "ultima_modificacion": "2025-08-01 01:01:08.886612"
  },
  "609db7e4617e41ba9ce77f03fdd59c9745005c.jpeg": {
    "app_sintetizada": "609DB7E4617E41BA9CE77F03FDD59C9745005C.JPEG",
    "cantidad_archivos": 1,
    "archivos_fuente": [
      "Pictures/Fototeca de Fotos.photoslibrary/resources/derivatives/masters/6/609DB7E4-617E-41BA-9CE7-7F03FDD59C97_4_5005_c.jpeg"
    ],
    "ultima_modificacion": "2025-08-01 01:01:08.887294"
  },
  "6aa03fe2b4784e15ba3a5296c1b387ad45005c.jpeg": {
    "app_sintetizada": "6AA03FE2B4784E15BA3A5296C1B387AD45005C.JPEG",
    "cantidad_archivos": 1,
    "archivos_fuente": [
      "Pictures/Fototeca de Fotos.photoslibrary/resources/derivatives/masters/6/6AA03FE2-B478-4E15-BA3A-5296C1B387AD_4_5005_c.jpeg"
    ],
    "ultima_modificacion": "2025-08-01 01:01:08.887950"
  },
  "6febcc7c88b4464589aa8dbfd3ebfaac45005c.jpeg": {
    "app_sintetizada": "6FEBCC7C88B4464589AA8DBFD3EBFAAC45005C.JPEG",
    "cantidad_archivos": 1,
    "archivos_fuente": [
      "Pictures/Fototeca de Fotos.photoslibrary/resources/derivatives/masters/6/6FEBCC7C-88B4-4645-89AA-8DBFD3EBFAAC_4_5005_c.jpeg"
    ],
    "ultima_modificacion": "2025-08-01 01:01:08.888554"
  },
  "6e3aa72865eb4d028d86845dfcdac7eb45005c.jpeg": {
    "app_sintetizada": "6E3AA72865EB4D028D86845DFCDAC7EB45005C.JPEG",
    "cantidad_archivos": 1,
    "archivos_fuente": [
      "Pictures/Fototeca de Fotos.photoslibrary/resources/derivatives/masters/6/6E3AA728-65EB-4D02-8D86-845DFCDAC7EB_4_5005_c.jpeg"
    ],
    "ultima_modificacion": "2025-08-01 01:01:08.889132"
  },
  "650a770d0b5849208820831767f05b9645005c.jpeg": {
    "app_sintetizada": "650A770D0B5849208820831767F05B9645005C.JPEG",
    "cantidad_archivos": 1,
    "archivos_fuente": [
      "Pictures/Fototeca de Fotos.photoslibrary/resources/derivatives/masters/6/650A770D-0B58-4920-8820-831767F05B96_4_5005_c.jpeg"
    ],
    "ultima_modificacion": "2025-08-01 01:01:08.889580"
  },
  "6746091e7f3b49379bc89997a196d50845005c.jpeg": {
    "app_sintetizada": "6746091E7F3B49379BC89997A196D50845005C.JPEG",
    "cantidad_archivos": 1,
    "archivos_fuente": [
      "Pictures/Fototeca de Fotos.photoslibrary/resources/derivatives/masters/6/6746091E-7F3B-4937-9BC8-9997A196D508_4_5005_c.jpeg"
    ],
    "ultima_modificacion": "2025-08-01 01:01:08.889935"
  },
  "60249a01b1874731b66f6a20cd7b1d7a45005c.jpeg": {
    "app_sintetizada": "60249A01B1874731B66F6A20CD7B1D7A45005C.JPEG",
    "cantidad_archivos": 1,
    "archivos_fuente": [
      "Pictures/Fototeca de Fotos.photoslibrary/resources/derivatives/masters/6/60249A01-B187-4731-B66F-6A20CD7B1D7A_4_5005_c.jpeg"
    ],
    "ultima_modificacion": "2025-08-01 01:01:08.890286"
  },
  "6120a3580dfd49599a3d03f92d9947d645005c.jpeg": {
    "app_sintetizada": "6120A3580DFD49599A3D03F92D9947D645005C.JPEG",
    "cantidad_archivos": 1,
    "archivos_fuente": [
      "Pictures/Fototeca de Fotos.photoslibrary/resources/derivatives/masters/6/6120A358-0DFD-4959-9A3D-03F92D9947D6_4_5005_c.jpeg"
    ],
    "ultima_modificacion": "2025-08-01 01:01:08.890702"
  },
  "6644fe578dbc45939b51ceb1343d3acc45005c.jpeg": {
    "app_sintetizada": "6644FE578DBC45939B51CEB1343D3ACC45005C.JPEG",
    "cantidad_archivos": 1,
    "archivos_fuente": [
      "Pictures/Fototeca de Fotos.photoslibrary/resources/derivatives/masters/6/6644FE57-8DBC-4593-9B51-CEB1343D3ACC_4_5005_c.jpeg"
    ],
    "ultima_modificacion": "2025-08-01 01:01:08.891164"
  },
  "6a689d71db894cf1a98825c14426a5cc45005c.jpeg": {
    "app_sintetizada": "6A689D71DB894CF1A98825C14426A5CC45005C.JPEG",
    "cantidad_archivos": 1,
    "archivos_fuente": [
      "Pictures/Fototeca de Fotos.photoslibrary/resources/derivatives/masters/6/6A689D71-DB89-4CF1-A988-25C14426A5CC_4_5005_c.jpeg"
    ],
    "ultima_modificacion": "2025-08-01 01:01:08.891818"
  },
  "6cff6ec63e3c4ba69cfc1a493721676245005c.jpeg": {
    "app_sintetizada": "6CFF6EC63E3C4BA69CFC1A493721676245005C.JPEG",
    "cantidad_archivos": 1,
    "archivos_fuente": [
      "Pictures/Fototeca de Fotos.photoslibrary/resources/derivatives/masters/6/6CFF6EC6-3E3C-4BA6-9CFC-1A4937216762_4_5005_c.jpeg"
    ],
    "ultima_modificacion": "2025-08-01 01:01:08.892755"
  },
  "60900b2e478447ad8058478bac202e2c45005c.jpeg": {
    "app_sintetizada": "60900B2E478447AD8058478BAC202E2C45005C.JPEG",
    "cantidad_archivos": 1,
    "archivos_fuente": [
      "Pictures/Fototeca de Fotos.photoslibrary/resources/derivatives/masters/6/60900B2E-4784-47AD-8058-478BAC202E2C_4_5005_c.jpeg"
    ],
    "ultima_modificacion": "2025-08-01 01:01:08.893193"
  },
  "6e2f60bd40d240ec8d90671f034da62d45005c.jpeg": {
    "app_sintetizada": "6E2F60BD40D240EC8D90671F034DA62D45005C.JPEG",
    "cantidad_archivos": 1,
    "archivos_fuente": [
      "Pictures/Fototeca de Fotos.photoslibrary/resources/derivatives/masters/6/6E2F60BD-40D2-40EC-8D90-671F034DA62D_4_5005_c.jpeg"
    ],
    "ultima_modificacion": "2025-08-01 01:01:08.893538"
  },
  "67461ccfa58946f49aa5607ce20bd81245005c.jpeg": {
    "app_sintetizada": "67461CCFA58946F49AA5607CE20BD81245005C.JPEG",
    "cantidad_archivos": 1,
    "archivos_fuente": [
      "Pictures/Fototeca de Fotos.photoslibrary/resources/derivatives/masters/6/67461CCF-A589-46F4-9AA5-607CE20BD812_4_5005_c.jpeg"
    ],
    "ultima_modificacion": "2025-08-01 01:01:08.893865"
  },
  "6a26a3c637024a87b0591a868eb14d0345005c.jpeg": {
    "app_sintetizada": "6A26A3C637024A87B0591A868EB14D0345005C.JPEG",
    "cantidad_archivos": 1,
    "archivos_fuente": [
      "Pictures/Fototeca de Fotos.photoslibrary/resources/derivatives/masters/6/6A26A3C6-3702-4A87-B059-1A868EB14D03_4_5005_c.jpeg"
    ],
    "ultima_modificacion": "2025-08-01 01:01:08.894191"
  },
  "64e3ba9102c34b89b023d5502ee4f75e45005c.jpeg": {
    "app_sintetizada": "64E3BA9102C34B89B023D5502EE4F75E45005C.JPEG",
    "cantidad_archivos": 1,
    "archivos_fuente": [
      "Pictures/Fototeca de Fotos.photoslibrary/resources/derivatives/masters/6/64E3BA91-02C3-4B89-B023-D5502EE4F75E_4_5005_c.jpeg"
    ],
    "ultima_modificacion": "2025-08-01 01:01:08.894498"
  },
  "62f129e2952a4e4bb8d689f836ae9eca45005c.jpeg": {
    "app_sintetizada": "62F129E2952A4E4BB8D689F836AE9ECA45005C.JPEG",
    "cantidad_archivos": 1,
    "archivos_fuente": [
      "Pictures/Fototeca de Fotos.photoslibrary/resources/derivatives/masters/6/62F129E2-952A-4E4B-B8D6-89F836AE9ECA_4_5005_c.jpeg"
    ],
    "ultima_modificacion": "2025-08-01 01:01:08.894828"
  },
  "663d8103a33b423faa0b7d1ed0975f4845005c.jpeg": {
    "app_sintetizada": "663D8103A33B423FAA0B7D1ED0975F4845005C.JPEG",
    "cantidad_archivos": 1,
    "archivos_fuente": [
      "Pictures/Fototeca de Fotos.photoslibrary/resources/derivatives/masters/6/663D8103-A33B-423F-AA0B-7D1ED0975F48_4_5005_c.jpeg"
    ],
    "ultima_modificacion": "2025-08-01 01:01:08.895128"
  },
  "62ad6881b2ed4023b99176dfbabd113c45005c.jpeg": {
    "app_sintetizada": "62AD6881B2ED4023B99176DFBABD113C45005C.JPEG",
    "cantidad_archivos": 1,
    "archivos_fuente": [
      "Pictures/Fototeca de Fotos.photoslibrary/resources/derivatives/masters/6/62AD6881-B2ED-4023-B991-76DFBABD113C_4_5005_c.jpeg"
    ],
    "ultima_modificacion": "2025-08-01 01:01:08.895424"
  },
  "672b9791e39843049f81e31df6a9b18045005c.jpeg": {
    "app_sintetizada": "672B9791E39843049F81E31DF6A9B18045005C.JPEG",
    "cantidad_archivos": 1,
    "archivos_fuente": [
      "Pictures/Fototeca de Fotos.photoslibrary/resources/derivatives/masters/6/672B9791-E398-4304-9F81-E31DF6A9B180_4_5005_c.jpeg"
    ],
    "ultima_modificacion": "2025-08-01 01:01:08.895729"
  },
  "6988af551f014dcf8c1168cb4189049745005c.jpeg": {
    "app_sintetizada": "6988AF551F014DCF8C1168CB4189049745005C.JPEG",
    "cantidad_archivos": 1,
    "archivos_fuente": [
      "Pictures/Fototeca de Fotos.photoslibrary/resources/derivatives/masters/6/6988AF55-1F01-4DCF-8C11-68CB41890497_4_5005_c.jpeg"
    ],
    "ultima_modificacion": "2025-08-01 01:01:08.896039"
  },
  "6107d5cf15bc4de5bc1470cfcd295c7d45005c.jpeg": {
    "app_sintetizada": "6107D5CF15BC4DE5BC1470CFCD295C7D45005C.JPEG",
    "cantidad_archivos": 1,
    "archivos_fuente": [
      "Pictures/Fototeca de Fotos.photoslibrary/resources/derivatives/masters/6/6107D5CF-15BC-4DE5-BC14-70CFCD295C7D_4_5005_c.jpeg"
    ],
    "ultima_modificacion": "2025-08-01 01:01:08.896341"
  },
  "65f9107bf77d423d81102931e216760c45005c.jpeg": {
    "app_sintetizada": "65F9107BF77D423D81102931E216760C45005C.JPEG",
    "cantidad_archivos": 1,
    "archivos_fuente": [
      "Pictures/Fototeca de Fotos.photoslibrary/resources/derivatives/masters/6/65F9107B-F77D-423D-8110-2931E216760C_4_5005_c.jpeg"
    ],
    "ultima_modificacion": "2025-08-01 01:01:08.896622"
  },
  "60ddd302f6b5488e93cea648d409e27345005c.jpeg": {
    "app_sintetizada": "60DDD302F6B5488E93CEA648D409E27345005C.JPEG",
    "cantidad_archivos": 1,
    "archivos_fuente": [
      "Pictures/Fototeca de Fotos.photoslibrary/resources/derivatives/masters/6/60DDD302-F6B5-488E-93CE-A648D409E273_4_5005_c.jpeg"
    ],
    "ultima_modificacion": "2025-08-01 01:01:08.896924"
  },
  "64857bb14b5944d89e031532f278212e45005c.jpeg": {
    "app_sintetizada": "64857BB14B5944D89E031532F278212E45005C.JPEG",
    "cantidad_archivos": 1,
    "archivos_fuente": [
      "Pictures/Fototeca de Fotos.photoslibrary/resources/derivatives/masters/6/64857BB1-4B59-44D8-9E03-1532F278212E_4_5005_c.jpeg"
    ],
    "ultima_modificacion": "2025-08-01 01:01:08.897383"
  },
  "6e9677c9017f4591a0cb7d8d36b93bad45005c.jpeg": {
    "app_sintetizada": "6E9677C9017F4591A0CB7D8D36B93BAD45005C.JPEG",
    "cantidad_archivos": 1,
    "archivos_fuente": [
      "Pictures/Fototeca de Fotos.photoslibrary/resources/derivatives/masters/6/6E9677C9-017F-4591-A0CB-7D8D36B93BAD_4_5005_c.jpeg"
    ],
    "ultima_modificacion": "2025-08-01 01:01:08.897700"
  },
  "635e411bfdf44ab2974128e91df06d7c45005c.jpeg": {
    "app_sintetizada": "635E411BFDF44AB2974128E91DF06D7C45005C.JPEG",
    "cantidad_archivos": 1,
    "archivos_fuente": [
      "Pictures/Fototeca de Fotos.photoslibrary/resources/derivatives/masters/6/635E411B-FDF4-4AB2-9741-28E91DF06D7C_4_5005_c.jpeg"
    ],
    "ultima_modificacion": "2025-08-01 01:01:08.898010"
  },
  "6700702e328c47df899726566f83a53f45005c.jpeg": {
    "app_sintetizada": "6700702E328C47DF899726566F83A53F45005C.JPEG",
    "cantidad_archivos": 1,
    "archivos_fuente": [
      "Pictures/Fototeca de Fotos.photoslibrary/resources/derivatives/masters/6/6700702E-328C-47DF-8997-26566F83A53F_4_5005_c.jpeg"
    ],
    "ultima_modificacion": "2025-08-01 01:01:08.898325"
  },
  "6d4dab596e0e450d8040b657e7a1e91645005c.jpeg": {
    "app_sintetizada": "6D4DAB596E0E450D8040B657E7A1E91645005C.JPEG",
    "cantidad_archivos": 1,
    "archivos_fuente": [
      "Pictures/Fototeca de Fotos.photoslibrary/resources/derivatives/masters/6/6D4DAB59-6E0E-450D-8040-B657E7A1E916_4_5005_c.jpeg"
    ],
    "ultima_modificacion": "2025-08-01 01:01:08.898650"
  },
  "6be2d06ee1d54eb79d12d4ef0bc4206f45005c.jpeg": {
    "app_sintetizada": "6BE2D06EE1D54EB79D12D4EF0BC4206F45005C.JPEG",
    "cantidad_archivos": 1,
    "archivos_fuente": [
      "Pictures/Fototeca de Fotos.photoslibrary/resources/derivatives/masters/6/6BE2D06E-E1D5-4EB7-9D12-D4EF0BC4206F_4_5005_c.jpeg"
    ],
    "ultima_modificacion": "2025-08-01 01:01:08.898972"
  },
  "6ebe8d89064d447ca29e991cd1e5321f45005c.jpeg": {
    "app_sintetizada": "6EBE8D89064D447CA29E991CD1E5321F45005C.JPEG",
    "cantidad_archivos": 1,
    "archivos_fuente": [
      "Pictures/Fototeca de Fotos.photoslibrary/resources/derivatives/masters/6/6EBE8D89-064D-447C-A29E-991CD1E5321F_4_5005_c.jpeg"
    ],
    "ultima_modificacion": "2025-08-01 01:01:08.899291"
  },
  "64496d1ba58c4ecbbd7baa878c317dc745005c.jpeg": {
    "app_sintetizada": "64496D1BA58C4ECBBD7BAA878C317DC745005C.JPEG",
    "cantidad_archivos": 1,
    "archivos_fuente": [
      "Pictures/Fototeca de Fotos.photoslibrary/resources/derivatives/masters/6/64496D1B-A58C-4ECB-BD7B-AA878C317DC7_4_5005_c.jpeg"
    ],
    "ultima_modificacion": "2025-08-01 01:01:08.899588"
  },
  "63092725cc654435ac18423fcab6305945005c.jpeg": {
    "app_sintetizada": "63092725CC654435AC18423FCAB6305945005C.JPEG",
    "cantidad_archivos": 1,
    "archivos_fuente": [
      "Pictures/Fototeca de Fotos.photoslibrary/resources/derivatives/masters/6/63092725-CC65-4435-AC18-423FCAB63059_4_5005_c.jpeg"
    ],
    "ultima_modificacion": "2025-08-01 01:01:08.899852"
  },
  "6bd4e7d2008b44999f2c58b0017213a045005c.jpeg": {
    "app_sintetizada": "6BD4E7D2008B44999F2C58B0017213A045005C.JPEG",
    "cantidad_archivos": 1,
    "archivos_fuente": [
      "Pictures/Fototeca de Fotos.photoslibrary/resources/derivatives/masters/6/6BD4E7D2-008B-4499-9F2C-58B0017213A0_4_5005_c.jpeg"
    ],
    "ultima_modificacion": "2025-08-01 01:01:08.900188"
  },
  "682779cbb3dc4b0e8e5accf56fac850d45005c.jpeg": {
    "app_sintetizada": "682779CBB3DC4B0E8E5ACCF56FAC850D45005C.JPEG",
    "cantidad_archivos": 1,
    "archivos_fuente": [
      "Pictures/Fototeca de Fotos.photoslibrary/resources/derivatives/masters/6/682779CB-B3DC-4B0E-8E5A-CCF56FAC850D_4_5005_c.jpeg"
    ],
    "ultima_modificacion": "2025-08-01 01:01:08.900494"
  },
  "6b0e8a5b1a1648a68f70f09c7c86d70c45005c.jpeg": {
    "app_sintetizada": "6B0E8A5B1A1648A68F70F09C7C86D70C45005C.JPEG",
    "cantidad_archivos": 1,
    "archivos_fuente": [
      "Pictures/Fototeca de Fotos.photoslibrary/resources/derivatives/masters/6/6B0E8A5B-1A16-48A6-8F70-F09C7C86D70C_4_5005_c.jpeg"
    ],
    "ultima_modificacion": "2025-08-01 01:01:08.900785"
  },
  "6dfd68b72ab44775b5a9fb544eb5ad9f45005c.jpeg": {
    "app_sintetizada": "6DFD68B72AB44775B5A9FB544EB5AD9F45005C.JPEG",
    "cantidad_archivos": 1,
    "archivos_fuente": [
      "Pictures/Fototeca de Fotos.photoslibrary/resources/derivatives/masters/6/6DFD68B7-2AB4-4775-B5A9-FB544EB5AD9F_4_5005_c.jpeg"
    ],
    "ultima_modificacion": "2025-08-01 01:01:08.901064"
  },
  "6d8295eb68f84b13a939e1d673d7617845005c.jpeg": {
    "app_sintetizada": "6D8295EB68F84B13A939E1D673D7617845005C.JPEG",
    "cantidad_archivos": 1,
    "archivos_fuente": [
      "Pictures/Fototeca de Fotos.photoslibrary/resources/derivatives/masters/6/6D8295EB-68F8-4B13-A939-E1D673D76178_4_5005_c.jpeg"
    ],
    "ultima_modificacion": "2025-08-01 01:01:08.901360"
  },
  "6cf470f1d34549969367cfb8451c579c45005c.jpeg": {
    "app_sintetizada": "6CF470F1D34549969367CFB8451C579C45005C.JPEG",
    "cantidad_archivos": 1,
    "archivos_fuente": [
      "Pictures/Fototeca de Fotos.photoslibrary/resources/derivatives/masters/6/6CF470F1-D345-4996-9367-CFB8451C579C_4_5005_c.jpeg"
    ],
    "ultima_modificacion": "2025-08-01 01:01:08.901663"
  },
  "6150088b8b5f4d5a827d51b7d0a387b745005c.jpeg": {
    "app_sintetizada": "6150088B8B5F4D5A827D51B7D0A387B745005C.JPEG",
    "cantidad_archivos": 1,
    "archivos_fuente": [
      "Pictures/Fototeca de Fotos.photoslibrary/resources/derivatives/masters/6/6150088B-8B5F-4D5A-827D-51B7D0A387B7_4_5005_c.jpeg"
    ],
    "ultima_modificacion": "2025-08-01 01:01:08.901937"
  },
  "646f8388a8d645d7a7591a790b723d3645005c.jpeg": {
    "app_sintetizada": "646F8388A8D645D7A7591A790B723D3645005C.JPEG",
    "cantidad_archivos": 1,
    "archivos_fuente": [
      "Pictures/Fototeca de Fotos.photoslibrary/resources/derivatives/masters/6/646F8388-A8D6-45D7-A759-1A790B723D36_4_5005_c.jpeg"
    ],
    "ultima_modificacion": "2025-08-01 01:01:08.902254"
  },
  "63066eaa6ebc43b2988fcf2507bb475d45005c.jpeg": {
    "app_sintetizada": "63066EAA6EBC43B2988FCF2507BB475D45005C.JPEG",
    "cantidad_archivos": 1,
    "archivos_fuente": [
      "Pictures/Fototeca de Fotos.photoslibrary/resources/derivatives/masters/6/63066EAA-6EBC-43B2-988F-CF2507BB475D_4_5005_c.jpeg"
    ],
    "ultima_modificacion": "2025-08-01 01:01:08.902613"
  },
  "6ece80be61af454ab2320e64e4d1d27445005c.jpeg": {
    "app_sintetizada": "6ECE80BE61AF454AB2320E64E4D1D27445005C.JPEG",
    "cantidad_archivos": 1,
    "archivos_fuente": [
      "Pictures/Fototeca de Fotos.photoslibrary/resources/derivatives/masters/6/6ECE80BE-61AF-454A-B232-0E64E4D1D274_4_5005_c.jpeg"
    ],
    "ultima_modificacion": "2025-08-01 01:01:08.902919"
  },
  "63ee4ae9dc5d4ecebc40c767a9498ed345005c.jpeg": {
    "app_sintetizada": "63EE4AE9DC5D4ECEBC40C767A9498ED345005C.JPEG",
    "cantidad_archivos": 1,
    "archivos_fuente": [
      "Pictures/Fototeca de Fotos.photoslibrary/resources/derivatives/masters/6/63EE4AE9-DC5D-4ECE-BC40-C767A9498ED3_4_5005_c.jpeg"
    ],
    "ultima_modificacion": "2025-08-01 01:01:08.903235"
  },
  "60363f13095e4c6fb53776b07ab97a3a45005c.jpeg": {
    "app_sintetizada": "60363F13095E4C6FB53776B07AB97A3A45005C.JPEG",
    "cantidad_archivos": 1,
    "archivos_fuente": [
      "Pictures/Fototeca de Fotos.photoslibrary/resources/derivatives/masters/6/60363F13-095E-4C6F-B537-76B07AB97A3A_4_5005_c.jpeg"
    ],
    "ultima_modificacion": "2025-08-01 01:01:08.903521"
  },
  "6a642c38537545a2a8e0e0ce3c113bb045005c.jpeg": {
    "app_sintetizada": "6A642C38537545A2A8E0E0CE3C113BB045005C.JPEG",
    "cantidad_archivos": 1,
    "archivos_fuente": [
      "Pictures/Fototeca de Fotos.photoslibrary/resources/derivatives/masters/6/6A642C38-5375-45A2-A8E0-E0CE3C113BB0_4_5005_c.jpeg"
    ],
    "ultima_modificacion": "2025-08-01 01:01:08.903840"
  },
  "6d7beefc64274e8dba67bfbb4b2329bf45005c.jpeg": {
    "app_sintetizada": "6D7BEEFC64274E8DBA67BFBB4B2329BF45005C.JPEG",
    "cantidad_archivos": 1,
    "archivos_fuente": [
      "Pictures/Fototeca de Fotos.photoslibrary/resources/derivatives/masters/6/6D7BEEFC-6427-4E8D-BA67-BFBB4B2329BF_4_5005_c.jpeg"
    ],
    "ultima_modificacion": "2025-08-01 01:01:08.904218"
  },
  "689317868bd84585b1d0c5cf96b7bb8c45005c.jpeg": {
    "app_sintetizada": "689317868BD84585B1D0C5CF96B7BB8C45005C.JPEG",
    "cantidad_archivos": 1,
    "archivos_fuente": [
      "Pictures/Fototeca de Fotos.photoslibrary/resources/derivatives/masters/6/68931786-8BD8-4585-B1D0-C5CF96B7BB8C_4_5005_c.jpeg"
    ],
    "ultima_modificacion": "2025-08-01 01:01:08.904541"
  },
  "6f21e8a67f2040578e941e5fe55ddab145005c.jpeg": {
    "app_sintetizada": "6F21E8A67F2040578E941E5FE55DDAB145005C.JPEG",
    "cantidad_archivos": 1,
    "archivos_fuente": [
      "Pictures/Fototeca de Fotos.photoslibrary/resources/derivatives/masters/6/6F21E8A6-7F20-4057-8E94-1E5FE55DDAB1_4_5005_c.jpeg"
    ],
    "ultima_modificacion": "2025-08-01 01:01:08.904842"
  },
  "66dcd45c7a8443789c4c49645f3566e345005c.jpeg": {
    "app_sintetizada": "66DCD45C7A8443789C4C49645F3566E345005C.JPEG",
    "cantidad_archivos": 1,
    "archivos_fuente": [
      "Pictures/Fototeca de Fotos.photoslibrary/resources/derivatives/masters/6/66DCD45C-7A84-4378-9C4C-49645F3566E3_4_5005_c.jpeg"
    ],
    "ultima_modificacion": "2025-08-01 01:01:08.905135"
  },
  "66d698470d0e4df6b44a11e9edc5e03645005c.jpeg": {
    "app_sintetizada": "66D698470D0E4DF6B44A11E9EDC5E03645005C.JPEG",
    "cantidad_archivos": 1,
    "archivos_fuente": [
      "Pictures/Fototeca de Fotos.photoslibrary/resources/derivatives/masters/6/66D69847-0D0E-4DF6-B44A-11E9EDC5E036_4_5005_c.jpeg"
    ],
    "ultima_modificacion": "2025-08-01 01:01:08.905441"
  },
  "69b59502e2f84a79b67cb2ecbbda6b9b45005c.jpeg": {
    "app_sintetizada": "69B59502E2F84A79B67CB2ECBBDA6B9B45005C.JPEG",
    "cantidad_archivos": 1,
    "archivos_fuente": [
      "Pictures/Fototeca de Fotos.photoslibrary/resources/derivatives/masters/6/69B59502-E2F8-4A79-B67C-B2ECBBDA6B9B_4_5005_c.jpeg"
    ],
    "ultima_modificacion": "2025-08-01 01:01:08.905765"
  },
  "629b24b8bde444aa90d3fe15c0b8984345005c.jpeg": {
    "app_sintetizada": "629B24B8BDE444AA90D3FE15C0B8984345005C.JPEG",
    "cantidad_archivos": 1,
    "archivos_fuente": [
      "Pictures/Fototeca de Fotos.photoslibrary/resources/derivatives/masters/6/629B24B8-BDE4-44AA-90D3-FE15C0B89843_4_5005_c.jpeg"
    ],
    "ultima_modificacion": "2025-08-01 01:01:08.906098"
  },
  "6b9d864e5f844b58a9038fb9f46153b245005c.jpeg": {
    "app_sintetizada": "6B9D864E5F844B58A9038FB9F46153B245005C.JPEG",
    "cantidad_archivos": 1,
    "archivos_fuente": [
      "Pictures/Fototeca de Fotos.photoslibrary/resources/derivatives/masters/6/6B9D864E-5F84-4B58-A903-8FB9F46153B2_4_5005_c.jpeg"
    ],
    "ultima_modificacion": "2025-08-01 01:01:08.906405"
  },
  "679690ea3a024d1c97e13a9057a9bbf945005c.jpeg": {
    "app_sintetizada": "679690EA3A024D1C97E13A9057A9BBF945005C.JPEG",
    "cantidad_archivos": 1,
    "archivos_fuente": [
      "Pictures/Fototeca de Fotos.photoslibrary/resources/derivatives/masters/6/679690EA-3A02-4D1C-97E1-3A9057A9BBF9_4_5005_c.jpeg"
    ],
    "ultima_modificacion": "2025-08-01 01:01:08.906760"
  },
  "66ff2df07d82456fb9dac9b76d1d022e45005c.jpeg": {
    "app_sintetizada": "66FF2DF07D82456FB9DAC9B76D1D022E45005C.JPEG",
    "cantidad_archivos": 1,
    "archivos_fuente": [
      "Pictures/Fototeca de Fotos.photoslibrary/resources/derivatives/masters/6/66FF2DF0-7D82-456F-B9DA-C9B76D1D022E_4_5005_c.jpeg"
    ],
    "ultima_modificacion": "2025-08-01 01:01:08.907173"
  },
  "6908d0ed9f43435eab6ca2da7035d4fb45005c.jpeg": {
    "app_sintetizada": "6908D0ED9F43435EAB6CA2DA7035D4FB45005C.JPEG",
    "cantidad_archivos": 1,
    "archivos_fuente": [
      "Pictures/Fototeca de Fotos.photoslibrary/resources/derivatives/masters/6/6908D0ED-9F43-435E-AB6C-A2DA7035D4FB_4_5005_c.jpeg"
    ],
    "ultima_modificacion": "2025-08-01 01:01:08.907510"
  },
  "68e75bc2af1c4639a1855caef1f16ab145005c.jpeg": {
    "app_sintetizada": "68E75BC2AF1C4639A1855CAEF1F16AB145005C.JPEG",
    "cantidad_archivos": 1,
    "archivos_fuente": [
      "Pictures/Fototeca de Fotos.photoslibrary/resources/derivatives/masters/6/68E75BC2-AF1C-4639-A185-5CAEF1F16AB1_4_5005_c.jpeg"
    ],
    "ultima_modificacion": "2025-08-01 01:01:08.907830"
  },
  "695e2107e3dc4908971c43ce00a2644745005c.jpeg": {
    "app_sintetizada": "695E2107E3DC4908971C43CE00A2644745005C.JPEG",
    "cantidad_archivos": 1,
    "archivos_fuente": [
      "Pictures/Fototeca de Fotos.photoslibrary/resources/derivatives/masters/6/695E2107-E3DC-4908-971C-43CE00A26447_4_5005_c.jpeg"
    ],
    "ultima_modificacion": "2025-08-01 01:01:08.908145"
  },
  "6cadfb6a07a14ed1babc20637a697db445005c.jpeg": {
    "app_sintetizada": "6CADFB6A07A14ED1BABC20637A697DB445005C.JPEG",
    "cantidad_archivos": 1,
    "archivos_fuente": [
      "Pictures/Fototeca de Fotos.photoslibrary/resources/derivatives/masters/6/6CADFB6A-07A1-4ED1-BABC-20637A697DB4_4_5005_c.jpeg"
    ],
    "ultima_modificacion": "2025-08-01 01:01:08.908437"
  },
  "690f61443dc24c378462d0a3353dca5b45005c.jpeg": {
    "app_sintetizada": "690F61443DC24C378462D0A3353DCA5B45005C.JPEG",
    "cantidad_archivos": 1,
    "archivos_fuente": [
      "Pictures/Fototeca de Fotos.photoslibrary/resources/derivatives/masters/6/690F6144-3DC2-4C37-8462-D0A3353DCA5B_4_5005_c.jpeg"
    ],
    "ultima_modificacion": "2025-08-01 01:01:08.908730"
  },
  "6e2b1fad3cc049d7ba79fa41cba3e00345005c.jpeg": {
    "app_sintetizada": "6E2B1FAD3CC049D7BA79FA41CBA3E00345005C.JPEG",
    "cantidad_archivos": 1,
    "archivos_fuente": [
      "Pictures/Fototeca de Fotos.photoslibrary/resources/derivatives/masters/6/6E2B1FAD-3CC0-49D7-BA79-FA41CBA3E003_4_5005_c.jpeg"
    ],
    "ultima_modificacion": "2025-08-01 01:01:08.909018"
  },
  "6e63d3faa714462e943eb0e326a593d745005c.jpeg": {
    "app_sintetizada": "6E63D3FAA714462E943EB0E326A593D745005C.JPEG",
    "cantidad_archivos": 1,
    "archivos_fuente": [
      "Pictures/Fototeca de Fotos.photoslibrary/resources/derivatives/masters/6/6E63D3FA-A714-462E-943E-B0E326A593D7_4_5005_c.jpeg"
    ],
    "ultima_modificacion": "2025-08-01 01:01:08.909346"
  },
  "63ac192f2cc449b08a5475b82991e19645005c.jpeg": {
    "app_sintetizada": "63AC192F2CC449B08A5475B82991E19645005C.JPEG",
    "cantidad_archivos": 1,
    "archivos_fuente": [
      "Pictures/Fototeca de Fotos.photoslibrary/resources/derivatives/masters/6/63AC192F-2CC4-49B0-8A54-75B82991E196_4_5005_c.jpeg"
    ],
    "ultima_modificacion": "2025-08-01 01:01:08.909642"
  },
  "6fbce4911e9446158af041bd39707fb445005c.jpeg": {
    "app_sintetizada": "6FBCE4911E9446158AF041BD39707FB445005C.JPEG",
    "cantidad_archivos": 1,
    "archivos_fuente": [
      "Pictures/Fototeca de Fotos.photoslibrary/resources/derivatives/masters/6/6FBCE491-1E94-4615-8AF0-41BD39707FB4_4_5005_c.jpeg"
    ],
    "ultima_modificacion": "2025-08-01 01:01:08.909918"
  },
  "652ffc8199404e4c98bc4666f71a8d6945005c.jpeg": {
    "app_sintetizada": "652FFC8199404E4C98BC4666F71A8D6945005C.JPEG",
    "cantidad_archivos": 1,
    "archivos_fuente": [
      "Pictures/Fototeca de Fotos.photoslibrary/resources/derivatives/masters/6/652FFC81-9940-4E4C-98BC-4666F71A8D69_4_5005_c.jpeg"
    ],
    "ultima_modificacion": "2025-08-01 01:01:08.910220"
  },
  "6716bfd245f247e9abb914899fb499b045005c.jpeg": {
    "app_sintetizada": "6716BFD245F247E9ABB914899FB499B045005C.JPEG",
    "cantidad_archivos": 1,
    "archivos_fuente": [
      "Pictures/Fototeca de Fotos.photoslibrary/resources/derivatives/masters/6/6716BFD2-45F2-47E9-ABB9-14899FB499B0_4_5005_c.jpeg"
    ],
    "ultima_modificacion": "2025-08-01 01:01:08.910544"
  },
  "6595bb416c034794ae9a0b33d0d2cbaf45005c.jpeg": {
    "app_sintetizada": "6595BB416C034794AE9A0B33D0D2CBAF45005C.JPEG",
    "cantidad_archivos": 1,
    "archivos_fuente": [
      "Pictures/Fototeca de Fotos.photoslibrary/resources/derivatives/masters/6/6595BB41-6C03-4794-AE9A-0B33D0D2CBAF_4_5005_c.jpeg"
    ],
    "ultima_modificacion": "2025-08-01 01:01:08.910843"
  },
  "619d6d125adb47a4bb118bc3c69dced645005c.jpeg": {
    "app_sintetizada": "619D6D125ADB47A4BB118BC3C69DCED645005C.JPEG",
    "cantidad_archivos": 1,
    "archivos_fuente": [
      "Pictures/Fototeca de Fotos.photoslibrary/resources/derivatives/masters/6/619D6D12-5ADB-47A4-BB11-8BC3C69DCED6_4_5005_c.jpeg"
    ],
    "ultima_modificacion": "2025-08-01 01:01:08.911154"
  },
  "6b82c9310b114a9fa487bad98f0fd0c445005c.jpeg": {
    "app_sintetizada": "6B82C9310B114A9FA487BAD98F0FD0C445005C.JPEG",
    "cantidad_archivos": 1,
    "archivos_fuente": [
      "Pictures/Fototeca de Fotos.photoslibrary/resources/derivatives/masters/6/6B82C931-0B11-4A9F-A487-BAD98F0FD0C4_4_5005_c.jpeg"
    ],
    "ultima_modificacion": "2025-08-01 01:01:08.911432"
  },
  "697719ce501c4eb9be9d67178f79a29845005c.jpeg": {
    "app_sintetizada": "697719CE501C4EB9BE9D67178F79A29845005C.JPEG",
    "cantidad_archivos": 1,
    "archivos_fuente": [
      "Pictures/Fototeca de Fotos.photoslibrary/resources/derivatives/masters/6/697719CE-501C-4EB9-BE9D-67178F79A298_4_5005_c.jpeg"
    ],
    "ultima_modificacion": "2025-08-01 01:01:08.911695"
  },
  "639cbe72c622418eaf18c9ac92ddf3f045005c.jpeg": {
    "app_sintetizada": "639CBE72C622418EAF18C9AC92DDF3F045005C.JPEG",
    "cantidad_archivos": 1,
    "archivos_fuente": [
      "Pictures/Fototeca de Fotos.photoslibrary/resources/derivatives/masters/6/639CBE72-C622-418E-AF18-C9AC92DDF3F0_4_5005_c.jpeg"
    ],
    "ultima_modificacion": "2025-08-01 01:01:08.911980"
  },
  "63b2906f7b4e4d62bcf542e56803da8545005c.jpeg": {
    "app_sintetizada": "63B2906F7B4E4D62BCF542E56803DA8545005C.JPEG",
    "cantidad_archivos": 1,
    "archivos_fuente": [
      "Pictures/Fototeca de Fotos.photoslibrary/resources/derivatives/masters/6/63B2906F-7B4E-4D62-BCF5-42E56803DA85_4_5005_c.jpeg"
    ],
    "ultima_modificacion": "2025-08-01 01:01:08.912258"
  },
  "6640c5cab699443ab0e392c82272672645005c.jpeg": {
    "app_sintetizada": "6640C5CAB699443AB0E392C82272672645005C.JPEG",
    "cantidad_archivos": 1,
    "archivos_fuente": [
      "Pictures/Fototeca de Fotos.photoslibrary/resources/derivatives/masters/6/6640C5CA-B699-443A-B0E3-92C822726726_4_5005_c.jpeg"
    ],
    "ultima_modificacion": "2025-08-01 01:01:08.912520"
  },
  "6cdeffaf516c4d3298fbb16176c4b8f245005c.jpeg": {
    "app_sintetizada": "6CDEFFAF516C4D3298FBB16176C4B8F245005C.JPEG",
    "cantidad_archivos": 1,
    "archivos_fuente": [
      "Pictures/Fototeca de Fotos.photoslibrary/resources/derivatives/masters/6/6CDEFFAF-516C-4D32-98FB-B16176C4B8F2_4_5005_c.jpeg"
    ],
    "ultima_modificacion": "2025-08-01 01:01:08.912799"
  },
  "67fde8d5487b4af7a25910bb8a35ab1545005c.jpeg": {
    "app_sintetizada": "67FDE8D5487B4AF7A25910BB8A35AB1545005C.JPEG",
    "cantidad_archivos": 1,
    "archivos_fuente": [
      "Pictures/Fototeca de Fotos.photoslibrary/resources/derivatives/masters/6/67FDE8D5-487B-4AF7-A259-10BB8A35AB15_4_5005_c.jpeg"
    ],
    "ultima_modificacion": "2025-08-01 01:01:08.913073"
  },
  "64889a1318534cca8a9cd0e9b5c8c88845005c.jpeg": {
    "app_sintetizada": "64889A1318534CCA8A9CD0E9B5C8C88845005C.JPEG",
    "cantidad_archivos": 1,
    "archivos_fuente": [
      "Pictures/Fototeca de Fotos.photoslibrary/resources/derivatives/masters/6/64889A13-1853-4CCA-8A9C-D0E9B5C8C888_4_5005_c.jpeg"
    ],
    "ultima_modificacion": "2025-08-01 01:01:08.913337"
  }
}