{
  "077114b1065646e2900e38a4affb33f045005c.jpeg": {
    "app_sintetizada": "077114B1065646E2900E38A4AFFB33F045005C.JPEG",
    "cantidad_archivos": 1,
    "archivos_fuente": [
      "Pictures/Fototeca de Fotos.photoslibrary/resources/derivatives/masters/0/077114B1-0656-46E2-900E-38A4AFFB33F0_4_5005_c.jpeg"
    ],
    "ultima_modificacion": "2025-08-01 01:01:06.681062"
  },
  "0e5a21bb3d18439aba28a2fbaa119e9345005c.jpeg": {
    "app_sintetizada": "0E5A21BB3D18439ABA28A2FBAA119E9345005C.JPEG",
    "cantidad_archivos": 1,
    "archivos_fuente": [
      "Pictures/Fototeca de Fotos.photoslibrary/resources/derivatives/masters/0/0E5A21BB-3D18-439A-BA28-A2FBAA119E93_4_5005_c.jpeg"
    ],
    "ultima_modificacion": "2025-08-01 01:01:06.681420"
  },
  "0f97db9a385e481796b1114075fc8e4745005c.jpeg": {
    "app_sintetizada": "0F97DB9A385E481796B1114075FC8E4745005C.JPEG",
    "cantidad_archivos": 1,
    "archivos_fuente": [
      "Pictures/Fototeca de Fotos.photoslibrary/resources/derivatives/masters/0/0F97DB9A-385E-4817-96B1-114075FC8E47_4_5005_c.jpeg"
    ],
    "ultima_modificacion": "2025-08-01 01:01:06.681662"
  },
  "060be75cfaa842acb98c663d3aa2966145005c.jpeg": {
    "app_sintetizada": "060BE75CFAA842ACB98C663D3AA2966145005C.JPEG",
    "cantidad_archivos": 1,
    "archivos_fuente": [
      "Pictures/Fototeca de Fotos.photoslibrary/resources/derivatives/masters/0/060BE75C-FAA8-42AC-B98C-663D3AA29661_4_5005_c.jpeg"
    ],
    "ultima_modificacion": "2025-08-01 01:01:06.681894"
  },
  "00c2f05b318749b1b10c8f45f1a08d2845005c.jpeg": {
    "app_sintetizada": "00C2F05B318749B1B10C8F45F1A08D2845005C.JPEG",
    "cantidad_archivos": 1,
    "archivos_fuente": [
      "Pictures/Fototeca de Fotos.photoslibrary/resources/derivatives/masters/0/00C2F05B-3187-49B1-B10C-8F45F1A08D28_4_5005_c.jpeg"
    ],
    "ultima_modificacion": "2025-08-01 01:01:06.682125"
  },
  "03d2c81a08854d939d61b856804f20cd45005c.jpeg": {
    "app_sintetizada": "03D2C81A08854D939D61B856804F20CD45005C.JPEG",
    "cantidad_archivos": 1,
    "archivos_fuente": [
      "Pictures/Fototeca de Fotos.photoslibrary/resources/derivatives/masters/0/03D2C81A-0885-4D93-9D61-B856804F20CD_4_5005_c.jpeg"
    ],
    "ultima_modificacion": "2025-08-01 01:01:06.682350"
  },
  "0b19a2d248cd4df693d3ff3ddba0972745005c.jpeg": {
    "app_sintetizada": "0B19A2D248CD4DF693D3FF3DDBA0972745005C.JPEG",
    "cantidad_archivos": 1,
    "archivos_fuente": [
      "Pictures/Fototeca de Fotos.photoslibrary/resources/derivatives/masters/0/0B19A2D2-48CD-4DF6-93D3-FF3DDBA09727_4_5005_c.jpeg"
    ],
    "ultima_modificacion": "2025-08-01 01:01:06.682577"
  },
  "06521aebf1574913930c8298ce052eaa45005c.jpeg": {
    "app_sintetizada": "06521AEBF1574913930C8298CE052EAA45005C.JPEG",
    "cantidad_archivos": 1,
    "archivos_fuente": [
      "Pictures/Fototeca de Fotos.photoslibrary/resources/derivatives/masters/0/06521AEB-F157-4913-930C-8298CE052EAA_4_5005_c.jpeg"
    ],
    "ultima_modificacion": "2025-08-01 01:01:06.682962"
  },
  "058751ce853c4836a385c55e62d3dc0f45005c.jpeg": {
    "app_sintetizada": "058751CE853C4836A385C55E62D3DC0F45005C.JPEG",
    "cantidad_archivos": 1,
    "archivos_fuente": [
      "Pictures/Fototeca de Fotos.photoslibrary/resources/derivatives/masters/0/058751CE-853C-4836-A385-C55E62D3DC0F_4_5005_c.jpeg"
    ],
    "ultima_modificacion": "2025-08-01 01:01:06.683300"
  },
  "07551434ba9349e391644438af624eaf45005c.jpeg": {
    "app_sintetizada": "07551434BA9349E391644438AF624EAF45005C.JPEG",
    "cantidad_archivos": 1,
    "archivos_fuente": [
      "Pictures/Fototeca de Fotos.photoslibrary/resources/derivatives/masters/0/07551434-BA93-49E3-9164-4438AF624EAF_4_5005_c.jpeg"
    ],
    "ultima_modificacion": "2025-08-01 01:01:06.683545"
  },
  "0e2a6eff821a4554a8857bc0a3858d6445005c.jpeg": {
    "app_sintetizada": "0E2A6EFF821A4554A8857BC0A3858D6445005C.JPEG",
    "cantidad_archivos": 1,
    "archivos_fuente": [
      "Pictures/Fototeca de Fotos.photoslibrary/resources/derivatives/masters/0/0E2A6EFF-821A-4554-A885-7BC0A3858D64_4_5005_c.jpeg"
    ],
    "ultima_modificacion": "2025-08-01 01:01:06.683764"
  },
  "03c0f1584dc445ae9c66329dbd43beb345005c.jpeg": {
    "app_sintetizada": "03C0F1584DC445AE9C66329DBD43BEB345005C.JPEG",
    "cantidad_archivos": 1,
    "archivos_fuente": [
      "Pictures/Fototeca de Fotos.photoslibrary/resources/derivatives/masters/0/03C0F158-4DC4-45AE-9C66-329DBD43BEB3_4_5005_c.jpeg"
    ],
    "ultima_modificacion": "2025-08-01 01:01:06.683972"
  },
  "0b32ab92a73046ac96d4cc1bf304209345005c.jpeg": {
    "app_sintetizada": "0B32AB92A73046AC96D4CC1BF304209345005C.JPEG",
    "cantidad_archivos": 1,
    "archivos_fuente": [
      "Pictures/Fototeca de Fotos.photoslibrary/resources/derivatives/masters/0/0B32AB92-A730-46AC-96D4-CC1BF3042093_4_5005_c.jpeg"
    ],
    "ultima_modificacion": "2025-08-01 01:01:06.684174"
  },
  "0a715308d6224456be10c0c69674c82945005c.jpeg": {
    "app_sintetizada": "0A715308D6224456BE10C0C69674C82945005C.JPEG",
    "cantidad_archivos": 1,
    "archivos_fuente": [
      "Pictures/Fototeca de Fotos.photoslibrary/resources/derivatives/masters/0/0A715308-D622-4456-BE10-C0C69674C829_4_5005_c.jpeg"
    ],
    "ultima_modificacion": "2025-08-01 01:01:06.684399"
  },
  "0256c21abfdc45618832f37a25a36a0045005c.jpeg": {
    "app_sintetizada": "0256C21ABFDC45618832F37A25A36A0045005C.JPEG",
    "cantidad_archivos": 1,
    "archivos_fuente": [
      "Pictures/Fototeca de Fotos.photoslibrary/resources/derivatives/masters/0/0256C21A-BFDC-4561-8832-F37A25A36A00_4_5005_c.jpeg"
    ],
    "ultima_modificacion": "2025-08-01 01:01:06.684717"
  },
  "07ac77655931402cb79136d2d324f8a645005c.jpeg": {
    "app_sintetizada": "07AC77655931402CB79136D2D324F8A645005C.JPEG",
    "cantidad_archivos": 1,
    "archivos_fuente": [
      "Pictures/Fototeca de Fotos.photoslibrary/resources/derivatives/masters/0/07AC7765-5931-402C-B791-36D2D324F8A6_4_5005_c.jpeg"
    ],
    "ultima_modificacion": "2025-08-01 01:01:06.685099"
  },
  "01496120c4294aa98071203620605e6745005c.jpeg": {
    "app_sintetizada": "01496120C4294AA98071203620605E6745005C.JPEG",
    "cantidad_archivos": 1,
    "archivos_fuente": [
      "Pictures/Fototeca de Fotos.photoslibrary/resources/derivatives/masters/0/01496120-C429-4AA9-8071-203620605E67_4_5005_c.jpeg"
    ],
    "ultima_modificacion": "2025-08-01 01:01:06.685477"
  },
  "00f946149bac4a42b790756d11796b9445005c.jpeg": {
    "app_sintetizada": "00F946149BAC4A42B790756D11796B9445005C.JPEG",
    "cantidad_archivos": 1,
    "archivos_fuente": [
      "Pictures/Fototeca de Fotos.photoslibrary/resources/derivatives/masters/0/00F94614-9BAC-4A42-B790-756D11796B94_4_5005_c.jpeg"
    ],
    "ultima_modificacion": "2025-08-01 01:01:06.685935"
  },
  "04ee52aff5c344ffa627814ec075832b45005c.jpeg": {
    "app_sintetizada": "04EE52AFF5C344FFA627814EC075832B45005C.JPEG",
    "cantidad_archivos": 1,
    "archivos_fuente": [
      "Pictures/Fototeca de Fotos.photoslibrary/resources/derivatives/masters/0/04EE52AF-F5C3-44FF-A627-814EC075832B_4_5005_c.jpeg"
    ],
    "ultima_modificacion": "2025-08-01 01:01:06.687066"
  },
  "093eb51cd28c4043a2b00ae8c558300c45005c.jpeg": {
    "app_sintetizada": "093EB51CD28C4043A2B00AE8C558300C45005C.JPEG",
    "cantidad_archivos": 1,
    "archivos_fuente": [
      "Pictures/Fototeca de Fotos.photoslibrary/resources/derivatives/masters/0/093EB51C-D28C-4043-A2B0-0AE8C558300C_4_5005_c.jpeg"
    ],
    "ultima_modificacion": "2025-08-01 01:01:06.687507"
  },
  "0a524f74eeac44959e3ca5484c20d99545005c.jpeg": {
    "app_sintetizada": "0A524F74EEAC44959E3CA5484C20D99545005C.JPEG",
    "cantidad_archivos": 1,
    "archivos_fuente": [
      "Pictures/Fototeca de Fotos.photoslibrary/resources/derivatives/masters/0/0A524F74-EEAC-4495-9E3C-A5484C20D995_4_5005_c.jpeg"
    ],
    "ultima_modificacion": "2025-08-01 01:01:06.687884"
  },
  "024aed9825644b3886829985344dbf3d45005c.jpeg": {
    "app_sintetizada": "024AED9825644B3886829985344DBF3D45005C.JPEG",
    "cantidad_archivos": 1,
    "archivos_fuente": [
      "Pictures/Fototeca de Fotos.photoslibrary/resources/derivatives/masters/0/024AED98-2564-4B38-8682-9985344DBF3D_4_5005_c.jpeg"
    ],
    "ultima_modificacion": "2025-08-01 01:01:06.688391"
  },
  "0189a85c3552419fb3027f73d9c40dbf45005c.jpeg": {
    "app_sintetizada": "0189A85C3552419FB3027F73D9C40DBF45005C.JPEG",
    "cantidad_archivos": 1,
    "archivos_fuente": [
      "Pictures/Fototeca de Fotos.photoslibrary/resources/derivatives/masters/0/0189A85C-3552-419F-B302-7F73D9C40DBF_4_5005_c.jpeg"
    ],
    "ultima_modificacion": "2025-08-01 01:01:06.689582"
  },
  "0ad7ede6a2b64a798f2894dc3aa4dacb45005c.jpeg": {
    "app_sintetizada": "0AD7EDE6A2B64A798F2894DC3AA4DACB45005C.JPEG",
    "cantidad_archivos": 1,
    "archivos_fuente": [
      "Pictures/Fototeca de Fotos.photoslibrary/resources/derivatives/masters/0/0AD7EDE6-A2B6-4A79-8F28-94DC3AA4DACB_4_5005_c.jpeg"
    ],
    "ultima_modificacion": "2025-08-01 01:01:06.690039"
  },
  "04e5c09db94644498c39abacb074834345005c.jpeg": {
    "app_sintetizada": "04E5C09DB94644498C39ABACB074834345005C.JPEG",
    "cantidad_archivos": 1,
    "archivos_fuente": [
      "Pictures/Fototeca de Fotos.photoslibrary/resources/derivatives/masters/0/04E5C09D-B946-4449-8C39-ABACB0748343_4_5005_c.jpeg"
    ],
    "ultima_modificacion": "2025-08-01 01:01:06.690455"
  },
  "084e072a265d487aaf04b439b92007aa45005c.jpeg": {
    "app_sintetizada": "084E072A265D487AAF04B439B92007AA45005C.JPEG",
    "cantidad_archivos": 1,
    "archivos_fuente": [
      "Pictures/Fototeca de Fotos.photoslibrary/resources/derivatives/masters/0/084E072A-265D-487A-AF04-B439B92007AA_4_5005_c.jpeg"
    ],
    "ultima_modificacion": "2025-08-01 01:01:06.690919"
  },
  "0c61c014422644cb8459ee6fe80f6bf245005c.jpeg": {
    "app_sintetizada": "0C61C014422644CB8459EE6FE80F6BF245005C.JPEG",
    "cantidad_archivos": 1,
    "archivos_fuente": [
      "Pictures/Fototeca de Fotos.photoslibrary/resources/derivatives/masters/0/0C61C014-4226-44CB-8459-EE6FE80F6BF2_4_5005_c.jpeg"
    ],
    "ultima_modificacion": "2025-08-01 01:01:06.691337"
  },
  "0fb08f8ab7424854a890ab3a0f1e6b0445005c.jpeg": {
    "app_sintetizada": "0FB08F8AB7424854A890AB3A0F1E6B0445005C.JPEG",
    "cantidad_archivos": 1,
    "archivos_fuente": [
      "Pictures/Fototeca de Fotos.photoslibrary/resources/derivatives/masters/0/0FB08F8A-B742-4854-A890-AB3A0F1E6B04_4_5005_c.jpeg"
    ],
    "ultima_modificacion": "2025-08-01 01:01:06.691706"
  },
  "0c793343b5384fcc8b5f6c8feb28052245005c.jpeg": {
    "app_sintetizada": "0C793343B5384FCC8B5F6C8FEB28052245005C.JPEG",
    "cantidad_archivos": 1,
    "archivos_fuente": [
      "Pictures/Fototeca de Fotos.photoslibrary/resources/derivatives/masters/0/0C793343-B538-4FCC-8B5F-6C8FEB280522_4_5005_c.jpeg"
    ],
    "ultima_modificacion": "2025-08-01 01:01:06.695264"
  },
  "022a4833655149ab88ac611cac293a7445005c.jpeg": {
    "app_sintetizada": "022A4833655149AB88AC611CAC293A7445005C.JPEG",
    "cantidad_archivos": 1,
    "archivos_fuente": [
      "Pictures/Fototeca de Fotos.photoslibrary/resources/derivatives/masters/0/022A4833-6551-49AB-88AC-611CAC293A74_4_5005_c.jpeg"
    ],
    "ultima_modificacion": "2025-08-01 01:01:06.695817"
  },
  "0c3218d23fbd40e589f597dae2d6c33b45005c.jpeg": {
    "app_sintetizada": "0C3218D23FBD40E589F597DAE2D6C33B45005C.JPEG",
    "cantidad_archivos": 1,
    "archivos_fuente": [
      "Pictures/Fototeca de Fotos.photoslibrary/resources/derivatives/masters/0/0C3218D2-3FBD-40E5-89F5-97DAE2D6C33B_4_5005_c.jpeg"
    ],
    "ultima_modificacion": "2025-08-01 01:01:06.696246"
  },
  "067d00c9fc044388ab7c2efc1a0d38c945005c.jpeg": {
    "app_sintetizada": "067D00C9FC044388AB7C2EFC1A0D38C945005C.JPEG",
    "cantidad_archivos": 1,
    "archivos_fuente": [
      "Pictures/Fototeca de Fotos.photoslibrary/resources/derivatives/masters/0/067D00C9-FC04-4388-AB7C-2EFC1A0D38C9_4_5005_c.jpeg"
    ],
    "ultima_modificacion": "2025-08-01 01:01:06.696601"
  },
  "007fc947b7814c88b501ee4629c5ba8245005c.jpeg": {
    "app_sintetizada": "007FC947B7814C88B501EE4629C5BA8245005C.JPEG",
    "cantidad_archivos": 1,
    "archivos_fuente": [
      "Pictures/Fototeca de Fotos.photoslibrary/resources/derivatives/masters/0/007FC947-B781-4C88-B501-EE4629C5BA82_4_5005_c.jpeg"
    ],
    "ultima_modificacion": "2025-08-01 01:01:06.696989"
  },
  "0e1191e36e5445ddb0429b4e3f1f0aae45005c.jpeg": {
    "app_sintetizada": "0E1191E36E5445DDB0429B4E3F1F0AAE45005C.JPEG",
    "cantidad_archivos": 1,
    "archivos_fuente": [
      "Pictures/Fototeca de Fotos.photoslibrary/resources/derivatives/masters/0/0E1191E3-6E54-45DD-B042-9B4E3F1F0AAE_4_5005_c.jpeg"
    ],
    "ultima_modificacion": "2025-08-01 01:01:06.697360"
  },
  "0ec28b3e76984d97a3b41c806c5ccaee45005c.jpeg": {
    "app_sintetizada": "0EC28B3E76984D97A3B41C806C5CCAEE45005C.JPEG",
    "cantidad_archivos": 1,
    "archivos_fuente": [
      "Pictures/Fototeca de Fotos.photoslibrary/resources/derivatives/masters/0/0EC28B3E-7698-4D97-A3B4-1C806C5CCAEE_4_5005_c.jpeg"
    ],
    "ultima_modificacion": "2025-08-01 01:01:06.697714"
  },
  "0d1a9dbea638438ba020556ec933f71445005c.jpeg": {
    "app_sintetizada": "0D1A9DBEA638438BA020556EC933F71445005C.JPEG",
    "cantidad_archivos": 1,
    "archivos_fuente": [
      "Pictures/Fototeca de Fotos.photoslibrary/resources/derivatives/masters/0/0D1A9DBE-A638-438B-A020-556EC933F714_4_5005_c.jpeg"
    ],
    "ultima_modificacion": "2025-08-01 01:01:06.698073"
  },
  "04a315457fc34ab59fbedb3e4bf48c1d45005c.jpeg": {
    "app_sintetizada": "04A315457FC34AB59FBEDB3E4BF48C1D45005C.JPEG",
    "cantidad_archivos": 1,
    "archivos_fuente": [
      "Pictures/Fototeca de Fotos.photoslibrary/resources/derivatives/masters/0/04A31545-7FC3-4AB5-9FBE-DB3E4BF48C1D_4_5005_c.jpeg"
    ],
    "ultima_modificacion": "2025-08-01 01:01:06.698606"
  },
  "04d6b76712334b4a95c6230bb20a994b45005c.jpeg": {
    "app_sintetizada": "04D6B76712334B4A95C6230BB20A994B45005C.JPEG",
    "cantidad_archivos": 1,
    "archivos_fuente": [
      "Pictures/Fototeca de Fotos.photoslibrary/resources/derivatives/masters/0/04D6B767-1233-4B4A-95C6-230BB20A994B_4_5005_c.jpeg"
    ],
    "ultima_modificacion": "2025-08-01 01:01:06.699077"
  },
  "038d9f7fdadc4b8689843355ed7d0bee45005c.jpeg": {
    "app_sintetizada": "038D9F7FDADC4B8689843355ED7D0BEE45005C.JPEG",
    "cantidad_archivos": 1,
    "archivos_fuente": [
      "Pictures/Fototeca de Fotos.photoslibrary/resources/derivatives/masters/0/038D9F7F-DADC-4B86-8984-3355ED7D0BEE_4_5005_c.jpeg"
    ],
    "ultima_modificacion": "2025-08-01 01:01:06.699446"
  },
  "0b1c7ea2a89c4caf813104dc6e047a0745005c.jpeg": {
    "app_sintetizada": "0B1C7EA2A89C4CAF813104DC6E047A0745005C.JPEG",
    "cantidad_archivos": 1,
    "archivos_fuente": [
      "Pictures/Fototeca de Fotos.photoslibrary/resources/derivatives/masters/0/0B1C7EA2-A89C-4CAF-8131-04DC6E047A07_4_5005_c.jpeg"
    ],
    "ultima_modificacion": "2025-08-01 01:01:06.699846"
  },
  "0370b366a2ac4b64802ef2a34f88cf5e45005c.jpeg": {
    "app_sintetizada": "0370B366A2AC4B64802EF2A34F88CF5E45005C.JPEG",
    "cantidad_archivos": 1,
    "archivos_fuente": [
      "Pictures/Fototeca de Fotos.photoslibrary/resources/derivatives/masters/0/0370B366-A2AC-4B64-802E-F2A34F88CF5E_4_5005_c.jpeg"
    ],
    "ultima_modificacion": "2025-08-01 01:01:06.700209"
  },
  "02e3bba0c68d407a8854166b659a1d7545005c.jpeg": {
    "app_sintetizada": "02E3BBA0C68D407A8854166B659A1D7545005C.JPEG",
    "cantidad_archivos": 1,
    "archivos_fuente": [
      "Pictures/Fototeca de Fotos.photoslibrary/resources/derivatives/masters/0/02E3BBA0-C68D-407A-8854-166B659A1D75_4_5005_c.jpeg"
    ],
    "ultima_modificacion": "2025-08-01 01:01:06.700537"
  },
  "0c9e3c5d1dd34c01a7fe9ee5011c32c045005c.jpeg": {
    "app_sintetizada": "0C9E3C5D1DD34C01A7FE9EE5011C32C045005C.JPEG",
    "cantidad_archivos": 1,
    "archivos_fuente": [
      "Pictures/Fototeca de Fotos.photoslibrary/resources/derivatives/masters/0/0C9E3C5D-1DD3-4C01-A7FE-9EE5011C32C0_4_5005_c.jpeg"
    ],
    "ultima_modificacion": "2025-08-01 01:01:06.700936"
  },
  "06c9e7b621c24a4283286021154f04f245005c.jpeg": {
    "app_sintetizada": "06C9E7B621C24A4283286021154F04F245005C.JPEG",
    "cantidad_archivos": 1,
    "archivos_fuente": [
      "Pictures/Fototeca de Fotos.photoslibrary/resources/derivatives/masters/0/06C9E7B6-21C2-4A42-8328-6021154F04F2_4_5005_c.jpeg"
    ],
    "ultima_modificacion": "2025-08-01 01:01:06.701519"
  },
  "088ff3657c11470fbdac532f4af9640c45005c.jpeg": {
    "app_sintetizada": "088FF3657C11470FBDAC532F4AF9640C45005C.JPEG",
    "cantidad_archivos": 1,
    "archivos_fuente": [
      "Pictures/Fototeca de Fotos.photoslibrary/resources/derivatives/masters/0/088FF365-7C11-470F-BDAC-532F4AF9640C_4_5005_c.jpeg"
    ],
    "ultima_modificacion": "2025-08-01 01:01:06.702229"
  },
  "02a928b79e464770808b17574848964d45005c.jpeg": {
    "app_sintetizada": "02A928B79E464770808B17574848964D45005C.JPEG",
    "cantidad_archivos": 1,
    "archivos_fuente": [
      "Pictures/Fototeca de Fotos.photoslibrary/resources/derivatives/masters/0/02A928B7-9E46-4770-808B-17574848964D_4_5005_c.jpeg"
    ],
    "ultima_modificacion": "2025-08-01 01:01:06.702679"
  },
  "023455e7102145acb13618d2faee89d145005c.jpeg": {
    "app_sintetizada": "023455E7102145ACB13618D2FAEE89D145005C.JPEG",
    "cantidad_archivos": 1,
    "archivos_fuente": [
      "Pictures/Fototeca de Fotos.photoslibrary/resources/derivatives/masters/0/023455E7-1021-45AC-B136-18D2FAEE89D1_4_5005_c.jpeg"
    ],
    "ultima_modificacion": "2025-08-01 01:01:06.703109"
  },
  "06fb33ed8e0a4b72a5f613da0327506545005c.jpeg": {
    "app_sintetizada": "06FB33ED8E0A4B72A5F613DA0327506545005C.JPEG",
    "cantidad_archivos": 1,
    "archivos_fuente": [
      "Pictures/Fototeca de Fotos.photoslibrary/resources/derivatives/masters/0/06FB33ED-8E0A-4B72-A5F6-13DA03275065_4_5005_c.jpeg"
    ],
    "ultima_modificacion": "2025-08-01 01:01:06.703545"
  },
  "01b9f4e2cbbc49b69b6b1fe06f56b19945005c.jpeg": {
    "app_sintetizada": "01B9F4E2CBBC49B69B6B1FE06F56B19945005C.JPEG",
    "cantidad_archivos": 1,
    "archivos_fuente": [
      "Pictures/Fototeca de Fotos.photoslibrary/resources/derivatives/masters/0/01B9F4E2-CBBC-49B6-9B6B-1FE06F56B199_4_5005_c.jpeg"
    ],
    "ultima_modificacion": "2025-08-01 01:01:06.703978"
  },
  "0c1ea3c386804aafbba313adf058987245005c.jpeg": {
    "app_sintetizada": "0C1EA3C386804AAFBBA313ADF058987245005C.JPEG",
    "cantidad_archivos": 1,
    "archivos_fuente": [
      "Pictures/Fototeca de Fotos.photoslibrary/resources/derivatives/masters/0/0C1EA3C3-8680-4AAF-BBA3-13ADF0589872_4_5005_c.jpeg"
    ],
    "ultima_modificacion": "2025-08-01 01:01:06.704367"
  },
  "0b6a1a5eed3f4247bbf26516fd350cb045005c.jpeg": {
    "app_sintetizada": "0B6A1A5EED3F4247BBF26516FD350CB045005C.JPEG",
    "cantidad_archivos": 1,
    "archivos_fuente": [
      "Pictures/Fototeca de Fotos.photoslibrary/resources/derivatives/masters/0/0B6A1A5E-ED3F-4247-BBF2-6516FD350CB0_4_5005_c.jpeg"
    ],
    "ultima_modificacion": "2025-08-01 01:01:06.704756"
  },
  "07be28b93d5a4b62b6f6a24c349234d245005c.jpeg": {
    "app_sintetizada": "07BE28B93D5A4B62B6F6A24C349234D245005C.JPEG",
    "cantidad_archivos": 1,
    "archivos_fuente": [
      "Pictures/Fototeca de Fotos.photoslibrary/resources/derivatives/masters/0/07BE28B9-3D5A-4B62-B6F6-A24C349234D2_4_5005_c.jpeg"
    ],
    "ultima_modificacion": "2025-08-01 01:01:06.705177"
  },
  "0173dd0f359a45c3bc6cb5348feba9d945005c.jpeg": {
    "app_sintetizada": "0173DD0F359A45C3BC6CB5348FEBA9D945005C.JPEG",
    "cantidad_archivos": 1,
    "archivos_fuente": [
      "Pictures/Fototeca de Fotos.photoslibrary/resources/derivatives/masters/0/0173DD0F-359A-45C3-BC6C-B5348FEBA9D9_4_5005_c.jpeg"
    ],
    "ultima_modificacion": "2025-08-01 01:01:06.705620"
  },
  "0bf8421b117f40e1bc888b978d28dfb145005c.jpeg": {
    "app_sintetizada": "0BF8421B117F40E1BC888B978D28DFB145005C.JPEG",
    "cantidad_archivos": 1,
    "archivos_fuente": [
      "Pictures/Fototeca de Fotos.photoslibrary/resources/derivatives/masters/0/0BF8421B-117F-40E1-BC88-8B978D28DFB1_4_5005_c.jpeg"
    ],
    "ultima_modificacion": "2025-08-01 01:01:06.706080"
  },
  "08169a12e2574a2f96daa2664a5ae34745005c.jpeg": {
    "app_sintetizada": "08169A12E2574A2F96DAA2664A5AE34745005C.JPEG",
    "cantidad_archivos": 1,
    "archivos_fuente": [
      "Pictures/Fototeca de Fotos.photoslibrary/resources/derivatives/masters/0/08169A12-E257-4A2F-96DA-A2664A5AE347_4_5005_c.jpeg"
    ],
    "ultima_modificacion": "2025-08-01 01:01:06.706469"
  },
  "08e587a47e66493ba1556c501d85908a45005c.jpeg": {
    "app_sintetizada": "08E587A47E66493BA1556C501D85908A45005C.JPEG",
    "cantidad_archivos": 1,
    "archivos_fuente": [
      "Pictures/Fototeca de Fotos.photoslibrary/resources/derivatives/masters/0/08E587A4-7E66-493B-A155-6C501D85908A_4_5005_c.jpeg"
    ],
    "ultima_modificacion": "2025-08-01 01:01:06.706857"
  },
  "082b7b3a37a74215aa1489164b287b8245005c.jpeg": {
    "app_sintetizada": "082B7B3A37A74215AA1489164B287B8245005C.JPEG",
    "cantidad_archivos": 1,
    "archivos_fuente": [
      "Pictures/Fototeca de Fotos.photoslibrary/resources/derivatives/masters/0/082B7B3A-37A7-4215-AA14-89164B287B82_4_5005_c.jpeg"
    ],
    "ultima_modificacion": "2025-08-01 01:01:06.707215"
  },
  "0776c942fd724370ac79ab523e7c815545005c.jpeg": {
    "app_sintetizada": "0776C942FD724370AC79AB523E7C815545005C.JPEG",
    "cantidad_archivos": 1,
    "archivos_fuente": [
      "Pictures/Fototeca de Fotos.photoslibrary/resources/derivatives/masters/0/0776C942-FD72-4370-AC79-AB523E7C8155_4_5005_c.jpeg"
    ],
    "ultima_modificacion": "2025-08-01 01:01:06.707590"
  },
  "05733c5bb56e4721aca84625a3fe6ab945005c.jpeg": {
    "app_sintetizada": "05733C5BB56E4721ACA84625A3FE6AB945005C.JPEG",
    "cantidad_archivos": 1,
    "archivos_fuente": [
      "Pictures/Fototeca de Fotos.photoslibrary/resources/derivatives/masters/0/05733C5B-B56E-4721-ACA8-4625A3FE6AB9_4_5005_c.jpeg"
    ],
    "ultima_modificacion": "2025-08-01 01:01:06.707970"
  },
  "05e32af215c64ee3be89980d5a3fd7fc45005c.jpeg": {
    "app_sintetizada": "05E32AF215C64EE3BE89980D5A3FD7FC45005C.JPEG",
    "cantidad_archivos": 1,
    "archivos_fuente": [
      "Pictures/Fototeca de Fotos.photoslibrary/resources/derivatives/masters/0/05E32AF2-15C6-4EE3-BE89-980D5A3FD7FC_4_5005_c.jpeg"
    ],
    "ultima_modificacion": "2025-08-01 01:01:06.708386"
  },
  "0c78a3fb113b467c8e1d47b27797a11d45005c.jpeg": {
    "app_sintetizada": "0C78A3FB113B467C8E1D47B27797A11D45005C.JPEG",
    "cantidad_archivos": 1,
    "archivos_fuente": [
      "Pictures/Fototeca de Fotos.photoslibrary/resources/derivatives/masters/0/0C78A3FB-113B-467C-8E1D-47B27797A11D_4_5005_c.jpeg"
    ],
    "ultima_modificacion": "2025-08-01 01:01:06.708768"
  },
  "04906ef2e0b74f34af972047a75377f845005c.jpeg": {
    "app_sintetizada": "04906EF2E0B74F34AF972047A75377F845005C.JPEG",
    "cantidad_archivos": 1,
    "archivos_fuente": [
      "Pictures/Fototeca de Fotos.photoslibrary/resources/derivatives/masters/0/04906EF2-E0B7-4F34-AF97-2047A75377F8_4_5005_c.jpeg"
    ],
    "ultima_modificacion": "2025-08-01 01:01:06.709120"
  },
  "030c908321724b24b8bfd7fff1610e4e45005c.jpeg": {
    "app_sintetizada": "030C908321724B24B8BFD7FFF1610E4E45005C.JPEG",
    "cantidad_archivos": 1,
    "archivos_fuente": [
      "Pictures/Fototeca de Fotos.photoslibrary/resources/derivatives/masters/0/030C9083-2172-4B24-B8BF-D7FFF1610E4E_4_5005_c.jpeg"
    ],
    "ultima_modificacion": "2025-08-01 01:01:06.709481"
  },
  "0f0c2ecf4da24b99aa120d1dc886aad145005c.jpeg": {
    "app_sintetizada": "0F0C2ECF4DA24B99AA120D1DC886AAD145005C.JPEG",
    "cantidad_archivos": 1,
    "archivos_fuente": [
      "Pictures/Fototeca de Fotos.photoslibrary/resources/derivatives/masters/0/0F0C2ECF-4DA2-4B99-AA12-0D1DC886AAD1_4_5005_c.jpeg"
    ],
    "ultima_modificacion": "2025-08-01 01:01:06.710567"
  },
  "07a68a7fa97448a39fddf38865798a7645005c.jpeg": {
    "app_sintetizada": "07A68A7FA97448A39FDDF38865798A7645005C.JPEG",
    "cantidad_archivos": 1,
    "archivos_fuente": [
      "Pictures/Fototeca de Fotos.photoslibrary/resources/derivatives/masters/0/07A68A7F-A974-48A3-9FDD-F38865798A76_4_5005_c.jpeg"
    ],
    "ultima_modificacion": "2025-08-01 01:01:06.711246"
  },
  "0d52d4842f1b4ffab7d9fcff143e19b345005c.jpeg": {
    "app_sintetizada": "0D52D4842F1B4FFAB7D9FCFF143E19B345005C.JPEG",
    "cantidad_archivos": 1,
    "archivos_fuente": [
      "Pictures/Fototeca de Fotos.photoslibrary/resources/derivatives/masters/0/0D52D484-2F1B-4FFA-B7D9-FCFF143E19B3_4_5005_c.jpeg"
    ],
    "ultima_modificacion": "2025-08-01 01:01:06.711641"
  },
  "0fc7744e55ff445488ad21742ed18e5445005c.jpeg": {
    "app_sintetizada": "0FC7744E55FF445488AD21742ED18E5445005C.JPEG",
    "cantidad_archivos": 1,
    "archivos_fuente": [
      "Pictures/Fototeca de Fotos.photoslibrary/resources/derivatives/masters/0/0FC7744E-55FF-4454-88AD-21742ED18E54_4_5005_c.jpeg"
    ],
    "ultima_modificacion": "2025-08-01 01:01:06.711915"
  },
  "00722868112642b99e6176486412556145005c.jpeg": {
    "app_sintetizada": "00722868112642B99E6176486412556145005C.JPEG",
    "cantidad_archivos": 1,
    "archivos_fuente": [
      "Pictures/Fototeca de Fotos.photoslibrary/resources/derivatives/masters/0/00722868-1126-42B9-9E61-764864125561_4_5005_c.jpeg"
    ],
    "ultima_modificacion": "2025-08-01 01:01:06.712284"
  },
  "09ec4d7ddf254c8dac434413a98a54bd45005c.jpeg": {
    "app_sintetizada": "09EC4D7DDF254C8DAC434413A98A54BD45005C.JPEG",
    "cantidad_archivos": 1,
    "archivos_fuente": [
      "Pictures/Fototeca de Fotos.photoslibrary/resources/derivatives/masters/0/09EC4D7D-DF25-4C8D-AC43-4413A98A54BD_4_5005_c.jpeg"
    ],
    "ultima_modificacion": "2025-08-01 01:01:06.713394"
  },
  "016ac8cceada43318b5e6aec023987d045005c.jpeg": {
    "app_sintetizada": "016AC8CCEADA43318B5E6AEC023987D045005C.JPEG",
    "cantidad_archivos": 1,
    "archivos_fuente": [
      "Pictures/Fototeca de Fotos.photoslibrary/resources/derivatives/masters/0/016AC8CC-EADA-4331-8B5E-6AEC023987D0_4_5005_c.jpeg"
    ],
    "ultima_modificacion": "2025-08-01 01:01:06.716123"
  },
  "048af4f8332f4817bdfe0d14e829190e45005c.jpeg": {
    "app_sintetizada": "048AF4F8332F4817BDFE0D14E829190E45005C.JPEG",
    "cantidad_archivos": 1,
    "archivos_fuente": [
      "Pictures/Fototeca de Fotos.photoslibrary/resources/derivatives/masters/0/048AF4F8-332F-4817-BDFE-0D14E829190E_4_5005_c.jpeg"
    ],
    "ultima_modificacion": "2025-08-01 01:01:06.720379"
  },
  "063ab4ee473f4cb1ada5dd3facd7977945005c.jpeg": {
    "app_sintetizada": "063AB4EE473F4CB1ADA5DD3FACD7977945005C.JPEG",
    "cantidad_archivos": 1,
    "archivos_fuente": [
      "Pictures/Fototeca de Fotos.photoslibrary/resources/derivatives/masters/0/063AB4EE-473F-4CB1-ADA5-DD3FACD79779_4_5005_c.jpeg"
    ],
    "ultima_modificacion": "2025-08-01 01:01:06.720977"
  },
  "088c3c8e75bb430e9bb019bb2b4b1f5845005c.jpeg": {
    "app_sintetizada": "088C3C8E75BB430E9BB019BB2B4B1F5845005C.JPEG",
    "cantidad_archivos": 1,
    "archivos_fuente": [
      "Pictures/Fototeca de Fotos.photoslibrary/resources/derivatives/masters/0/088C3C8E-75BB-430E-9BB0-19BB2B4B1F58_4_5005_c.jpeg"
    ],
    "ultima_modificacion": "2025-08-01 01:01:06.721696"
  },
  "072cfda1dd194405ac9ff600e88dba8145005c.jpeg": {
    "app_sintetizada": "072CFDA1DD194405AC9FF600E88DBA8145005C.JPEG",
    "cantidad_archivos": 1,
    "archivos_fuente": [
      "Pictures/Fototeca de Fotos.photoslibrary/resources/derivatives/masters/0/072CFDA1-DD19-4405-AC9F-F600E88DBA81_4_5005_c.jpeg"
    ],
    "ultima_modificacion": "2025-08-01 01:01:06.722124"
  },
  "07135b8411654a40b108c169dde1924745005c.jpeg": {
    "app_sintetizada": "07135B8411654A40B108C169DDE1924745005C.JPEG",
    "cantidad_archivos": 1,
    "archivos_fuente": [
      "Pictures/Fototeca de Fotos.photoslibrary/resources/derivatives/masters/0/07135B84-1165-4A40-B108-C169DDE19247_4_5005_c.jpeg"
    ],
    "ultima_modificacion": "2025-08-01 01:01:06.722507"
  },
  "0d46ff24cc244ff2bc763cc61fe1372d45005c.jpeg": {
    "app_sintetizada": "0D46FF24CC244FF2BC763CC61FE1372D45005C.JPEG",
    "cantidad_archivos": 1,
    "archivos_fuente": [
      "Pictures/Fototeca de Fotos.photoslibrary/resources/derivatives/masters/0/0D46FF24-CC24-4FF2-BC76-3CC61FE1372D_4_5005_c.jpeg"
    ],
    "ultima_modificacion": "2025-08-01 01:01:06.722914"
  },
  "0c6e3a70a762494a83bcd8089c963ac045005c.jpeg": {
    "app_sintetizada": "0C6E3A70A762494A83BCD8089C963AC045005C.JPEG",
    "cantidad_archivos": 1,
    "archivos_fuente": [
      "Pictures/Fototeca de Fotos.photoslibrary/resources/derivatives/masters/0/0C6E3A70-A762-494A-83BC-D8089C963AC0_4_5005_c.jpeg"
    ],
    "ultima_modificacion": "2025-08-01 01:01:06.723305"
  },
  "0280f7ea3b864ba7b1058cb244b589e545005c.jpeg": {
    "app_sintetizada": "0280F7EA3B864BA7B1058CB244B589E545005C.JPEG",
    "cantidad_archivos": 1,
    "archivos_fuente": [
      "Pictures/Fototeca de Fotos.photoslibrary/resources/derivatives/masters/0/0280F7EA-3B86-4BA7-B105-8CB244B589E5_4_5005_c.jpeg"
    ],
    "ultima_modificacion": "2025-08-01 01:01:06.723696"
  },
  "03715ec9b4e34286b157153fe35196ea45005c.jpeg": {
    "app_sintetizada": "03715EC9B4E34286B157153FE35196EA45005C.JPEG",
    "cantidad_archivos": 1,
    "archivos_fuente": [
      "Pictures/Fototeca de Fotos.photoslibrary/resources/derivatives/masters/0/03715EC9-B4E3-4286-B157-153FE35196EA_4_5005_c.jpeg"
    ],
    "ultima_modificacion": "2025-08-01 01:01:06.724065"
  },
  "001b32af473b4fd29adc126ec519ce9b45005c.jpeg": {
    "app_sintetizada": "001B32AF473B4FD29ADC126EC519CE9B45005C.JPEG",
    "cantidad_archivos": 1,
    "archivos_fuente": [
      "Pictures/Fototeca de Fotos.photoslibrary/resources/derivatives/masters/0/001B32AF-473B-4FD2-9ADC-126EC519CE9B_4_5005_c.jpeg"
    ],
    "ultima_modificacion": "2025-08-01 01:01:06.724447"
  },
  "00b92190272346bbada39f1d328e1c9145005c.jpeg": {
    "app_sintetizada": "00B92190272346BBADA39F1D328E1C9145005C.JPEG",
    "cantidad_archivos": 1,
    "archivos_fuente": [
      "Pictures/Fototeca de Fotos.photoslibrary/resources/derivatives/masters/0/00B92190-2723-46BB-ADA3-9F1D328E1C91_4_5005_c.jpeg"
    ],
    "ultima_modificacion": "2025-08-01 01:01:06.724832"
  },
  "0a60fbbf46e643d6a6ba554f7ee7d87845005c.jpeg": {
    "app_sintetizada": "0A60FBBF46E643D6A6BA554F7EE7D87845005C.JPEG",
    "cantidad_archivos": 1,
    "archivos_fuente": [
      "Pictures/Fototeca de Fotos.photoslibrary/resources/derivatives/masters/0/0A60FBBF-46E6-43D6-A6BA-554F7EE7D878_4_5005_c.jpeg"
    ],
    "ultima_modificacion": "2025-08-01 01:01:06.725231"
  },
  "059c6b653759452086bdccd9c2b2d38b45005c.jpeg": {
    "app_sintetizada": "059C6B653759452086BDCCD9C2B2D38B45005C.JPEG",
    "cantidad_archivos": 1,
    "archivos_fuente": [
      "Pictures/Fototeca de Fotos.photoslibrary/resources/derivatives/masters/0/059C6B65-3759-4520-86BD-CCD9C2B2D38B_4_5005_c.jpeg"
    ],
    "ultima_modificacion": "2025-08-01 01:01:06.725646"
  },
  "05700134e8a448d1a86793d7f6fafb2e45005c.jpeg": {
    "app_sintetizada": "05700134E8A448D1A86793D7F6FAFB2E45005C.JPEG",
    "cantidad_archivos": 1,
    "archivos_fuente": [
      "Pictures/Fototeca de Fotos.photoslibrary/resources/derivatives/masters/0/05700134-E8A4-48D1-A867-93D7F6FAFB2E_4_5005_c.jpeg"
    ],
    "ultima_modificacion": "2025-08-01 01:01:06.726027"
  },
  "00bc44b53b2e49a08e53aa1145a4ad6145005c.jpeg": {
    "app_sintetizada": "00BC44B53B2E49A08E53AA1145A4AD6145005C.JPEG",
    "cantidad_archivos": 1,
    "archivos_fuente": [
      "Pictures/Fototeca de Fotos.photoslibrary/resources/derivatives/masters/0/00BC44B5-3B2E-49A0-8E53-AA1145A4AD61_4_5005_c.jpeg"
    ],
    "ultima_modificacion": "2025-08-01 01:01:06.726429"
  },
  "0c396c902d5a4445aaeb2ff3006764b945005c.jpeg": {
    "app_sintetizada": "0C396C902D5A4445AAEB2FF3006764B945005C.JPEG",
    "cantidad_archivos": 1,
    "archivos_fuente": [
      "Pictures/Fototeca de Fotos.photoslibrary/resources/derivatives/masters/0/0C396C90-2D5A-4445-AAEB-2FF3006764B9_4_5005_c.jpeg"
    ],
    "ultima_modificacion": "2025-08-01 01:01:06.726844"
  },
  "07330b8509cd469c86ee715f847fd79045005c.jpeg": {
    "app_sintetizada": "07330B8509CD469C86EE715F847FD79045005C.JPEG",
    "cantidad_archivos": 1,
    "archivos_fuente": [
      "Pictures/Fototeca de Fotos.photoslibrary/resources/derivatives/masters/0/07330B85-09CD-469C-86EE-715F847FD790_4_5005_c.jpeg"
    ],
    "ultima_modificacion": "2025-08-01 01:01:06.727221"
  },
  "01c082c9ad6a41858b089b21c729aa1645005c.jpeg": {
    "app_sintetizada": "01C082C9AD6A41858B089B21C729AA1645005C.JPEG",
    "cantidad_archivos": 1,
    "archivos_fuente": [
      "Pictures/Fototeca de Fotos.photoslibrary/resources/derivatives/masters/0/01C082C9-AD6A-4185-8B08-9B21C729AA16_4_5005_c.jpeg"
    ],
    "ultima_modificacion": "2025-08-01 01:01:06.727685"
  },
  "0090eec81fd446bd98ebef00150f931b45005c.jpeg": {
    "app_sintetizada": "0090EEC81FD446BD98EBEF00150F931B45005C.JPEG",
    "cantidad_archivos": 1,
    "archivos_fuente": [
      "Pictures/Fototeca de Fotos.photoslibrary/resources/derivatives/masters/0/0090EEC8-1FD4-46BD-98EB-EF00150F931B_4_5005_c.jpeg"
    ],
    "ultima_modificacion": "2025-08-01 01:01:06.728169"
  },
  "0a8f86a286fa4df68749df20b97556b045005c.jpeg": {
    "app_sintetizada": "0A8F86A286FA4DF68749DF20B97556B045005C.JPEG",
    "cantidad_archivos": 1,
    "archivos_fuente": [
      "Pictures/Fototeca de Fotos.photoslibrary/resources/derivatives/masters/0/0A8F86A2-86FA-4DF6-8749-DF20B97556B0_4_5005_c.jpeg"
    ],
    "ultima_modificacion": "2025-08-01 01:01:06.728533"
  },
  "0b604cc7e1ef4d2ba80f0b36e1ce71f745005c.jpeg": {
    "app_sintetizada": "0B604CC7E1EF4D2BA80F0B36E1CE71F745005C.JPEG",
    "cantidad_archivos": 1,
    "archivos_fuente": [
      "Pictures/Fototeca de Fotos.photoslibrary/resources/derivatives/masters/0/0B604CC7-E1EF-4D2B-A80F-0B36E1CE71F7_4_5005_c.jpeg"
    ],
    "ultima_modificacion": "2025-08-01 01:01:06.728880"
  },
  "0cef953cca2040448a336150d72bbea945005c.jpeg": {
    "app_sintetizada": "0CEF953CCA2040448A336150D72BBEA945005C.JPEG",
    "cantidad_archivos": 1,
    "archivos_fuente": [
      "Pictures/Fototeca de Fotos.photoslibrary/resources/derivatives/masters/0/0CEF953C-CA20-4044-8A33-6150D72BBEA9_4_5005_c.jpeg"
    ],
    "ultima_modificacion": "2025-08-01 01:01:06.729217"
  },
  "018b0c1845bd4c8fa81c64467c4df86c45005c.jpeg": {
    "app_sintetizada": "018B0C1845BD4C8FA81C64467C4DF86C45005C.JPEG",
    "cantidad_archivos": 1,
    "archivos_fuente": [
      "Pictures/Fototeca de Fotos.photoslibrary/resources/derivatives/masters/0/018B0C18-45BD-4C8F-A81C-64467C4DF86C_4_5005_c.jpeg"
    ],
    "ultima_modificacion": "2025-08-01 01:01:06.729651"
  },
  "0d9c26a2e3cb4abc97d1da8ee460ad8045005c.jpeg": {
    "app_sintetizada": "0D9C26A2E3CB4ABC97D1DA8EE460AD8045005C.JPEG",
    "cantidad_archivos": 1,
    "archivos_fuente": [
      "Pictures/Fototeca de Fotos.photoslibrary/resources/derivatives/masters/0/0D9C26A2-E3CB-4ABC-97D1-DA8EE460AD80_4_5005_c.jpeg"
    ],
    "ultima_modificacion": "2025-08-01 01:01:06.729984"
  },
  "0d0f411eb6eb491eb5a06eb15e3adfa745005c.jpeg": {
    "app_sintetizada": "0D0F411EB6EB491EB5A06EB15E3ADFA745005C.JPEG",
    "cantidad_archivos": 1,
    "archivos_fuente": [
      "Pictures/Fototeca de Fotos.photoslibrary/resources/derivatives/masters/0/0D0F411E-B6EB-491E-B5A0-6EB15E3ADFA7_4_5005_c.jpeg"
    ],
    "ultima_modificacion": "2025-08-01 01:01:06.730231"
  },
  "0c6f888d710448f99f9a8d40795d11ff45005c.jpeg": {
    "app_sintetizada": "0C6F888D710448F99F9A8D40795D11FF45005C.JPEG",
    "cantidad_archivos": 1,
    "archivos_fuente": [
      "Pictures/Fototeca de Fotos.photoslibrary/resources/derivatives/masters/0/0C6F888D-7104-48F9-9F9A-8D40795D11FF_4_5005_c.jpeg"
    ],
    "ultima_modificacion": "2025-08-01 01:01:06.730518"
  },
  "09917dfd529846bbaf81fc3ed688c76845005c.jpeg": {
    "app_sintetizada": "09917DFD529846BBAF81FC3ED688C76845005C.JPEG",
    "cantidad_archivos": 1,
    "archivos_fuente": [
      "Pictures/Fototeca de Fotos.photoslibrary/resources/derivatives/masters/0/09917DFD-5298-46BB-AF81-FC3ED688C768_4_5005_c.jpeg"
    ],
    "ultima_modificacion": "2025-08-01 01:01:06.730859"
  },
  "013f870b63bd4aa08b48a04df4b0a95445005c.jpeg": {
    "app_sintetizada": "013F870B63BD4AA08B48A04DF4B0A95445005C.JPEG",
    "cantidad_archivos": 1,
    "archivos_fuente": [
      "Pictures/Fototeca de Fotos.photoslibrary/resources/derivatives/masters/0/013F870B-63BD-4AA0-8B48-A04DF4B0A954_4_5005_c.jpeg"
    ],
    "ultima_modificacion": "2025-08-01 01:01:06.731243"
  },
  "006fbeeaefe34eb593771c2bcadd8bfe45005c.jpeg": {
    "app_sintetizada": "006FBEEAEFE34EB593771C2BCADD8BFE45005C.JPEG",
    "cantidad_archivos": 1,
    "archivos_fuente": [
      "Pictures/Fototeca de Fotos.photoslibrary/resources/derivatives/masters/0/006FBEEA-EFE3-4EB5-9377-1C2BCADD8BFE_4_5005_c.jpeg"
    ],
    "ultima_modificacion": "2025-08-01 01:01:06.731572"
  },
  "0d6ad21fccc547c9aab9e7a17d6a04de45005c.jpeg": {
    "app_sintetizada": "0D6AD21FCCC547C9AAB9E7A17D6A04DE45005C.JPEG",
    "cantidad_archivos": 1,
    "archivos_fuente": [
      "Pictures/Fototeca de Fotos.photoslibrary/resources/derivatives/masters/0/0D6AD21F-CCC5-47C9-AAB9-E7A17D6A04DE_4_5005_c.jpeg"
    ],
    "ultima_modificacion": "2025-08-01 01:01:06.731954"
  }
}