{
  "cf4924ff709843cd928f36c62dfa5e8f1105c.jpeg": {
    "app_sintetizada": "CF4924FF709843CD928F36C62DFA5E8F1105C.JPEG",
    "cantidad_archivos": 1,
    "archivos_fuente": [
      "Pictures/Fototeca de Fotos.photoslibrary/resources/derivatives/C/CF4924FF-7098-43CD-928F-36C62DFA5E8F_1_105_c.jpeg"
    ],
    "ultima_modificacion": "2025-08-01 01:01:20.420102"
  },
  "c6f27e4ff12045f680a676626e78e3af1105c.jpeg": {
    "app_sintetizada": "C6F27E4FF12045F680A676626E78E3AF1105C.JPEG",
    "cantidad_archivos": 1,
    "archivos_fuente": [
      "Pictures/Fototeca de Fotos.photoslibrary/resources/derivatives/C/C6F27E4F-F120-45F6-80A6-76626E78E3AF_1_105_c.jpeg"
    ],
    "ultima_modificacion": "2025-08-01 01:01:20.420335"
  },
  "c4701dda9d1645289d286bcf2505b6821105c.jpeg": {
    "app_sintetizada": "C4701DDA9D1645289D286BCF2505B6821105C.JPEG",
    "cantidad_archivos": 1,
    "archivos_fuente": [
      "Pictures/Fototeca de Fotos.photoslibrary/resources/derivatives/C/C4701DDA-9D16-4528-9D28-6BCF2505B682_1_105_c.jpeg"
    ],
    "ultima_modificacion": "2025-08-01 01:01:20.420549"
  },
  "c13d7ff778e7406393f1cadcd182110a1105c.jpeg": {
    "app_sintetizada": "C13D7FF778E7406393F1CADCD182110A1105C.JPEG",
    "cantidad_archivos": 1,
    "archivos_fuente": [
      "Pictures/Fototeca de Fotos.photoslibrary/resources/derivatives/C/C13D7FF7-78E7-4063-93F1-CADCD182110A_1_105_c.jpeg"
    ],
    "ultima_modificacion": "2025-08-01 01:01:20.420750"
  },
  "c70180c7d85e45a3b04fadbd84cdc81c.thm": {
    "app_sintetizada": "C70180C7D85E45A3B04FADBD84CDC81C.THM",
    "cantidad_archivos": 1,
    "archivos_fuente": [
      "Pictures/Fototeca de Fotos.photoslibrary/resources/derivatives/C/C70180C7-D85E-45A3-B04F-ADBD84CDC81C.THM"
    ],
    "ultima_modificacion": "2025-08-01 01:01:20.420955"
  },
  "c700db460ee9416bb16012a833e84aea1105c.jpeg": {
    "app_sintetizada": "C700DB460EE9416BB16012A833E84AEA1105C.JPEG",
    "cantidad_archivos": 1,
    "archivos_fuente": [
      "Pictures/Fototeca de Fotos.photoslibrary/resources/derivatives/C/C700DB46-0EE9-416B-B160-12A833E84AEA_1_105_c.jpeg"
    ],
    "ultima_modificacion": "2025-08-01 01:01:20.421327"
  },
  "c9bea7b920db4847883ab1590b55d5791105c.jpeg": {
    "app_sintetizada": "C9BEA7B920DB4847883AB1590B55D5791105C.JPEG",
    "cantidad_archivos": 1,
    "archivos_fuente": [
      "Pictures/Fototeca de Fotos.photoslibrary/resources/derivatives/C/C9BEA7B9-20DB-4847-883A-B1590B55D579_1_105_c.jpeg"
    ],
    "ultima_modificacion": "2025-08-01 01:01:20.421653"
  },
  "cebb333ab41d404f86b38a72d8dd863b1105c.jpeg": {
    "app_sintetizada": "CEBB333AB41D404F86B38A72D8DD863B1105C.JPEG",
    "cantidad_archivos": 1,
    "archivos_fuente": [
      "Pictures/Fototeca de Fotos.photoslibrary/resources/derivatives/C/CEBB333A-B41D-404F-86B3-8A72D8DD863B_1_105_c.jpeg"
    ],
    "ultima_modificacion": "2025-08-01 01:01:20.421984"
  },
  "cbef48d038354cc980afad747f2002a41105c.jpeg": {
    "app_sintetizada": "CBEF48D038354CC980AFAD747F2002A41105C.JPEG",
    "cantidad_archivos": 1,
    "archivos_fuente": [
      "Pictures/Fototeca de Fotos.photoslibrary/resources/derivatives/C/CBEF48D0-3835-4CC9-80AF-AD747F2002A4_1_105_c.jpeg"
    ],
    "ultima_modificacion": "2025-08-01 01:01:20.422314"
  },
  "cab2a991af9c40d4b076a0e959ccf0e91105c.jpeg": {
    "app_sintetizada": "CAB2A991AF9C40D4B076A0E959CCF0E91105C.JPEG",
    "cantidad_archivos": 1,
    "archivos_fuente": [
      "Pictures/Fototeca de Fotos.photoslibrary/resources/derivatives/C/CAB2A991-AF9C-40D4-B076-A0E959CCF0E9_1_105_c.jpeg"
    ],
    "ultima_modificacion": "2025-08-01 01:01:20.422654"
  },
  "cb95f5f80bd5418ba3164d6a3108f08c1105c.jpeg": {
    "app_sintetizada": "CB95F5F80BD5418BA3164D6A3108F08C1105C.JPEG",
    "cantidad_archivos": 1,
    "archivos_fuente": [
      "Pictures/Fototeca de Fotos.photoslibrary/resources/derivatives/C/CB95F5F8-0BD5-418B-A316-4D6A3108F08C_1_105_c.jpeg"
    ],
    "ultima_modificacion": "2025-08-01 01:01:20.422958"
  },
  "cd58cc2dd6af45c6876dfa4f379f1f4a1105c.jpeg": {
    "app_sintetizada": "CD58CC2DD6AF45C6876DFA4F379F1F4A1105C.JPEG",
    "cantidad_archivos": 1,
    "archivos_fuente": [
      "Pictures/Fototeca de Fotos.photoslibrary/resources/derivatives/C/CD58CC2D-D6AF-45C6-876D-FA4F379F1F4A_1_105_c.jpeg"
    ],
    "ultima_modificacion": "2025-08-01 01:01:20.423259"
  },
  "c058bfa3f32746b58b86824fb8692c6b1105c.jpeg": {
    "app_sintetizada": "C058BFA3F32746B58B86824FB8692C6B1105C.JPEG",
    "cantidad_archivos": 1,
    "archivos_fuente": [
      "Pictures/Fototeca de Fotos.photoslibrary/resources/derivatives/C/C058BFA3-F327-46B5-8B86-824FB8692C6B_1_105_c.jpeg"
    ],
    "ultima_modificacion": "2025-08-01 01:01:20.423538"
  },
  "c6769a97cd504c4e852e448f3353028a1105c.jpeg": {
    "app_sintetizada": "C6769A97CD504C4E852E448F3353028A1105C.JPEG",
    "cantidad_archivos": 1,
    "archivos_fuente": [
      "Pictures/Fototeca de Fotos.photoslibrary/resources/derivatives/C/C6769A97-CD50-4C4E-852E-448F3353028A_1_105_c.jpeg"
    ],
    "ultima_modificacion": "2025-08-01 01:01:20.423896"
  },
  "cc32f1aa2bfa4bd3861985fa6ecde5151105c.jpeg": {
    "app_sintetizada": "CC32F1AA2BFA4BD3861985FA6ECDE5151105C.JPEG",
    "cantidad_archivos": 1,
    "archivos_fuente": [
      "Pictures/Fototeca de Fotos.photoslibrary/resources/derivatives/C/CC32F1AA-2BFA-4BD3-8619-85FA6ECDE515_1_105_c.jpeg"
    ],
    "ultima_modificacion": "2025-08-01 01:01:20.424188"
  },
  "c169cb8690814adda2c96b4787beaace1105c.jpeg": {
    "app_sintetizada": "C169CB8690814ADDA2C96B4787BEAACE1105C.JPEG",
    "cantidad_archivos": 1,
    "archivos_fuente": [
      "Pictures/Fototeca de Fotos.photoslibrary/resources/derivatives/C/C169CB86-9081-4ADD-A2C9-6B4787BEAACE_1_105_c.jpeg"
    ],
    "ultima_modificacion": "2025-08-01 01:01:20.424454"
  },
  "cb2a7c5a093e48ffb1fafc1e6bdc1e641105c.jpeg": {
    "app_sintetizada": "CB2A7C5A093E48FFB1FAFC1E6BDC1E641105C.JPEG",
    "cantidad_archivos": 1,
    "archivos_fuente": [
      "Pictures/Fototeca de Fotos.photoslibrary/resources/derivatives/C/CB2A7C5A-093E-48FF-B1FA-FC1E6BDC1E64_1_105_c.jpeg"
    ],
    "ultima_modificacion": "2025-08-01 01:01:20.424739"
  },
  "c09c0f579a484c74876664acf94249851105c.jpeg": {
    "app_sintetizada": "C09C0F579A484C74876664ACF94249851105C.JPEG",
    "cantidad_archivos": 1,
    "archivos_fuente": [
      "Pictures/Fototeca de Fotos.photoslibrary/resources/derivatives/C/C09C0F57-9A48-4C74-8766-64ACF9424985_1_105_c.jpeg"
    ],
    "ultima_modificacion": "2025-08-01 01:01:20.424970"
  },
  "c8c4ef74437a4070ace0d60162ad2be01105c.jpeg": {
    "app_sintetizada": "C8C4EF74437A4070ACE0D60162AD2BE01105C.JPEG",
    "cantidad_archivos": 1,
    "archivos_fuente": [
      "Pictures/Fototeca de Fotos.photoslibrary/resources/derivatives/C/C8C4EF74-437A-4070-ACE0-D60162AD2BE0_1_105_c.jpeg"
    ],
    "ultima_modificacion": "2025-08-01 01:01:20.425181"
  },
  "ce0930f7249843568f74f5ed3d6272641105c.jpeg": {
    "app_sintetizada": "CE0930F7249843568F74F5ED3D6272641105C.JPEG",
    "cantidad_archivos": 1,
    "archivos_fuente": [
      "Pictures/Fototeca de Fotos.photoslibrary/resources/derivatives/C/CE0930F7-2498-4356-8F74-F5ED3D627264_1_105_c.jpeg"
    ],
    "ultima_modificacion": "2025-08-01 01:01:20.425392"
  },
  "c8b76536988643348615d73432964b861105c.jpeg": {
    "app_sintetizada": "C8B76536988643348615D73432964B861105C.JPEG",
    "cantidad_archivos": 1,
    "archivos_fuente": [
      "Pictures/Fototeca de Fotos.photoslibrary/resources/derivatives/C/C8B76536-9886-4334-8615-D73432964B86_1_105_c.jpeg"
    ],
    "ultima_modificacion": "2025-08-01 01:01:20.425584"
  },
  "c1e5724adcd34ba5bdb75fd17e1daf5d1105c.jpeg": {
    "app_sintetizada": "C1E5724ADCD34BA5BDB75FD17E1DAF5D1105C.JPEG",
    "cantidad_archivos": 1,
    "archivos_fuente": [
      "Pictures/Fototeca de Fotos.photoslibrary/resources/derivatives/C/C1E5724A-DCD3-4BA5-BDB7-5FD17E1DAF5D_1_105_c.jpeg"
    ],
    "ultima_modificacion": "2025-08-01 01:01:20.425884"
  },
  "c00c637815bd4859a1f994230ba73099.thm": {
    "app_sintetizada": "C00C637815BD4859A1F994230BA73099.THM",
    "cantidad_archivos": 1,
    "archivos_fuente": [
      "Pictures/Fototeca de Fotos.photoslibrary/resources/derivatives/C/C00C6378-15BD-4859-A1F9-94230BA73099.THM"
    ],
    "ultima_modificacion": "2025-08-01 01:01:20.426182"
  },
  "c0131fb4b44640b2a819a413ba7794811105c.jpeg": {
    "app_sintetizada": "C0131FB4B44640B2A819A413BA7794811105C.JPEG",
    "cantidad_archivos": 1,
    "archivos_fuente": [
      "Pictures/Fototeca de Fotos.photoslibrary/resources/derivatives/C/C0131FB4-B446-40B2-A819-A413BA779481_1_105_c.jpeg"
    ],
    "ultima_modificacion": "2025-08-01 01:01:20.426438"
  },
  "ce0f64ceed814a009177f96c6e2acb7c1105c.jpeg": {
    "app_sintetizada": "CE0F64CEED814A009177F96C6E2ACB7C1105C.JPEG",
    "cantidad_archivos": 1,
    "archivos_fuente": [
      "Pictures/Fototeca de Fotos.photoslibrary/resources/derivatives/C/CE0F64CE-ED81-4A00-9177-F96C6E2ACB7C_1_105_c.jpeg"
    ],
    "ultima_modificacion": "2025-08-01 01:01:20.426695"
  },
  "cf8ecd3e16194dff9ba1ed245e86fb031105c.jpeg": {
    "app_sintetizada": "CF8ECD3E16194DFF9BA1ED245E86FB031105C.JPEG",
    "cantidad_archivos": 1,
    "archivos_fuente": [
      "Pictures/Fototeca de Fotos.photoslibrary/resources/derivatives/C/CF8ECD3E-1619-4DFF-9BA1-ED245E86FB03_1_105_c.jpeg"
    ],
    "ultima_modificacion": "2025-08-01 01:01:20.426982"
  },
  "c04e99071ab946df80fe588812dcdb8d1105c.jpeg": {
    "app_sintetizada": "C04E99071AB946DF80FE588812DCDB8D1105C.JPEG",
    "cantidad_archivos": 1,
    "archivos_fuente": [
      "Pictures/Fototeca de Fotos.photoslibrary/resources/derivatives/C/C04E9907-1AB9-46DF-80FE-588812DCDB8D_1_105_c.jpeg"
    ],
    "ultima_modificacion": "2025-08-01 01:01:20.427226"
  },
  "c6725e186ebc4be59682d43c1dcbc0f11105c.jpeg": {
    "app_sintetizada": "C6725E186EBC4BE59682D43C1DCBC0F11105C.JPEG",
    "cantidad_archivos": 1,
    "archivos_fuente": [
      "Pictures/Fototeca de Fotos.photoslibrary/resources/derivatives/C/C6725E18-6EBC-4BE5-9682-D43C1DCBC0F1_1_105_c.jpeg"
    ],
    "ultima_modificacion": "2025-08-01 01:01:20.427564"
  },
  "c76d9cdb87d044f5b6d1ba1b300dcaa01105c.jpeg": {
    "app_sintetizada": "C76D9CDB87D044F5B6D1BA1B300DCAA01105C.JPEG",
    "cantidad_archivos": 1,
    "archivos_fuente": [
      "Pictures/Fototeca de Fotos.photoslibrary/resources/derivatives/C/C76D9CDB-87D0-44F5-B6D1-BA1B300DCAA0_1_105_c.jpeg"
    ],
    "ultima_modificacion": "2025-08-01 01:01:20.427799"
  },
  "c0db1da3be544f27a218f4807aeac34c1105c.jpeg": {
    "app_sintetizada": "C0DB1DA3BE544F27A218F4807AEAC34C1105C.JPEG",
    "cantidad_archivos": 1,
    "archivos_fuente": [
      "Pictures/Fototeca de Fotos.photoslibrary/resources/derivatives/C/C0DB1DA3-BE54-4F27-A218-F4807AEAC34C_1_105_c.jpeg"
    ],
    "ultima_modificacion": "2025-08-01 01:01:20.428072"
  },
  "ca93addaedb84ac582939def3830927c1105c.jpeg": {
    "app_sintetizada": "CA93ADDAEDB84AC582939DEF3830927C1105C.JPEG",
    "cantidad_archivos": 1,
    "archivos_fuente": [
      "Pictures/Fototeca de Fotos.photoslibrary/resources/derivatives/C/CA93ADDA-EDB8-4AC5-8293-9DEF3830927C_1_105_c.jpeg"
    ],
    "ultima_modificacion": "2025-08-01 01:01:20.428291"
  },
  "c5dd564e981e4cf8b2dc5ca901561dc81105c.jpeg": {
    "app_sintetizada": "C5DD564E981E4CF8B2DC5CA901561DC81105C.JPEG",
    "cantidad_archivos": 1,
    "archivos_fuente": [
      "Pictures/Fototeca de Fotos.photoslibrary/resources/derivatives/C/C5DD564E-981E-4CF8-B2DC-5CA901561DC8_1_105_c.jpeg"
    ],
    "ultima_modificacion": "2025-08-01 01:01:20.428503"
  },
  "ccf0b5070a75499bacda33b104ad14181105c.jpeg": {
    "app_sintetizada": "CCF0B5070A75499BACDA33B104AD14181105C.JPEG",
    "cantidad_archivos": 1,
    "archivos_fuente": [
      "Pictures/Fototeca de Fotos.photoslibrary/resources/derivatives/C/CCF0B507-0A75-499B-ACDA-33B104AD1418_1_105_c.jpeg"
    ],
    "ultima_modificacion": "2025-08-01 01:01:20.428691"
  },
  "c03216220e2a489b8eee4c86b027e3bd1105c.jpeg": {
    "app_sintetizada": "C03216220E2A489B8EEE4C86B027E3BD1105C.JPEG",
    "cantidad_archivos": 1,
    "archivos_fuente": [
      "Pictures/Fototeca de Fotos.photoslibrary/resources/derivatives/C/C0321622-0E2A-489B-8EEE-4C86B027E3BD_1_105_c.jpeg"
    ],
    "ultima_modificacion": "2025-08-01 01:01:20.428869"
  },
  "c2cabb6fbbad4a6e81b454af5c1efe9f1105c.jpeg": {
    "app_sintetizada": "C2CABB6FBBAD4A6E81B454AF5C1EFE9F1105C.JPEG",
    "cantidad_archivos": 1,
    "archivos_fuente": [
      "Pictures/Fototeca de Fotos.photoslibrary/resources/derivatives/C/C2CABB6F-BBAD-4A6E-81B4-54AF5C1EFE9F_1_105_c.jpeg"
    ],
    "ultima_modificacion": "2025-08-01 01:01:20.429055"
  },
  "c1050c9349f64f998579943c1d930312.thm": {
    "app_sintetizada": "C1050C9349F64F998579943C1D930312.THM",
    "cantidad_archivos": 1,
    "archivos_fuente": [
      "Pictures/Fototeca de Fotos.photoslibrary/resources/derivatives/C/C1050C93-49F6-4F99-8579-943C1D930312.THM"
    ],
    "ultima_modificacion": "2025-08-01 01:01:20.429237"
  },
  "c226aaf2cd544d3da7db0699de597c231105c.jpeg": {
    "app_sintetizada": "C226AAF2CD544D3DA7DB0699DE597C231105C.JPEG",
    "cantidad_archivos": 1,
    "archivos_fuente": [
      "Pictures/Fototeca de Fotos.photoslibrary/resources/derivatives/C/C226AAF2-CD54-4D3D-A7DB-0699DE597C23_1_105_c.jpeg"
    ],
    "ultima_modificacion": "2025-08-01 01:01:20.429419"
  },
  "c17cbf23676344cb95092cfcc8c5d9361105c.jpeg": {
    "app_sintetizada": "C17CBF23676344CB95092CFCC8C5D9361105C.JPEG",
    "cantidad_archivos": 1,
    "archivos_fuente": [
      "Pictures/Fototeca de Fotos.photoslibrary/resources/derivatives/C/C17CBF23-6763-44CB-9509-2CFCC8C5D936_1_105_c.jpeg"
    ],
    "ultima_modificacion": "2025-08-01 01:01:20.429598"
  },
  "c1a014072f5d4e3d8d032636ea0d43e61105c.jpeg": {
    "app_sintetizada": "C1A014072F5D4E3D8D032636EA0D43E61105C.JPEG",
    "cantidad_archivos": 1,
    "archivos_fuente": [
      "Pictures/Fototeca de Fotos.photoslibrary/resources/derivatives/C/C1A01407-2F5D-4E3D-8D03-2636EA0D43E6_1_105_c.jpeg"
    ],
    "ultima_modificacion": "2025-08-01 01:01:20.429809"
  },
  "c69dd7307bb343968e07096eb7b3da011105c.jpeg": {
    "app_sintetizada": "C69DD7307BB343968E07096EB7B3DA011105C.JPEG",
    "cantidad_archivos": 1,
    "archivos_fuente": [
      "Pictures/Fototeca de Fotos.photoslibrary/resources/derivatives/C/C69DD730-7BB3-4396-8E07-096EB7B3DA01_1_105_c.jpeg"
    ],
    "ultima_modificacion": "2025-08-01 01:01:20.430185"
  },
  "c9d1f6dbd15c4c67930c5535395e42491105c.jpeg": {
    "app_sintetizada": "C9D1F6DBD15C4C67930C5535395E42491105C.JPEG",
    "cantidad_archivos": 1,
    "archivos_fuente": [
      "Pictures/Fototeca de Fotos.photoslibrary/resources/derivatives/C/C9D1F6DB-D15C-4C67-930C-5535395E4249_1_105_c.jpeg"
    ],
    "ultima_modificacion": "2025-08-01 01:01:20.430441"
  },
  "cc9d3222685f469e8cf9377a2c5e347a1105c.jpeg": {
    "app_sintetizada": "CC9D3222685F469E8CF9377A2C5E347A1105C.JPEG",
    "cantidad_archivos": 1,
    "archivos_fuente": [
      "Pictures/Fototeca de Fotos.photoslibrary/resources/derivatives/C/CC9D3222-685F-469E-8CF9-377A2C5E347A_1_105_c.jpeg"
    ],
    "ultima_modificacion": "2025-08-01 01:01:20.430689"
  },
  "ca372bea14f04abf8b2c8694bc77e6591105c.jpeg": {
    "app_sintetizada": "CA372BEA14F04ABF8B2C8694BC77E6591105C.JPEG",
    "cantidad_archivos": 1,
    "archivos_fuente": [
      "Pictures/Fototeca de Fotos.photoslibrary/resources/derivatives/C/CA372BEA-14F0-4ABF-8B2C-8694BC77E659_1_105_c.jpeg"
    ],
    "ultima_modificacion": "2025-08-01 01:01:20.430915"
  },
  "c3e04a2d67c74076bb645f6f9a7726141105c.jpeg": {
    "app_sintetizada": "C3E04A2D67C74076BB645F6F9A7726141105C.JPEG",
    "cantidad_archivos": 1,
    "archivos_fuente": [
      "Pictures/Fototeca de Fotos.photoslibrary/resources/derivatives/C/C3E04A2D-67C7-4076-BB64-5F6F9A772614_1_105_c.jpeg"
    ],
    "ultima_modificacion": "2025-08-01 01:01:20.431198"
  },
  "c7121d92e06546aebac21e0f0839eeae1105c.jpeg": {
    "app_sintetizada": "C7121D92E06546AEBAC21E0F0839EEAE1105C.JPEG",
    "cantidad_archivos": 1,
    "archivos_fuente": [
      "Pictures/Fototeca de Fotos.photoslibrary/resources/derivatives/C/C7121D92-E065-46AE-BAC2-1E0F0839EEAE_1_105_c.jpeg"
    ],
    "ultima_modificacion": "2025-08-01 01:01:20.431507"
  },
  "c04401186daa49c1bac12ac0248f147b1105c.jpeg": {
    "app_sintetizada": "C04401186DAA49C1BAC12AC0248F147B1105C.JPEG",
    "cantidad_archivos": 1,
    "archivos_fuente": [
      "Pictures/Fototeca de Fotos.photoslibrary/resources/derivatives/C/C0440118-6DAA-49C1-BAC1-2AC0248F147B_1_105_c.jpeg"
    ],
    "ultima_modificacion": "2025-08-01 01:01:20.431762"
  },
  "c6617aa0775b4aa9998de31246837e601105c.jpeg": {
    "app_sintetizada": "C6617AA0775B4AA9998DE31246837E601105C.JPEG",
    "cantidad_archivos": 1,
    "archivos_fuente": [
      "Pictures/Fototeca de Fotos.photoslibrary/resources/derivatives/C/C6617AA0-775B-4AA9-998D-E31246837E60_1_105_c.jpeg"
    ],
    "ultima_modificacion": "2025-08-01 01:01:20.432037"
  },
  "c8e087bb78b44d5d993b8d5314f754d41105c.jpeg": {
    "app_sintetizada": "C8E087BB78B44D5D993B8D5314F754D41105C.JPEG",
    "cantidad_archivos": 1,
    "archivos_fuente": [
      "Pictures/Fototeca de Fotos.photoslibrary/resources/derivatives/C/C8E087BB-78B4-4D5D-993B-8D5314F754D4_1_105_c.jpeg"
    ],
    "ultima_modificacion": "2025-08-01 01:01:20.432248"
  },
  "cbb3a88e729042a9b90bbbb4c979ca441105c.jpeg": {
    "app_sintetizada": "CBB3A88E729042A9B90BBBB4C979CA441105C.JPEG",
    "cantidad_archivos": 1,
    "archivos_fuente": [
      "Pictures/Fototeca de Fotos.photoslibrary/resources/derivatives/C/CBB3A88E-7290-42A9-B90B-BBB4C979CA44_1_105_c.jpeg"
    ],
    "ultima_modificacion": "2025-08-01 01:01:20.432449"
  },
  "c5fdc9aa03cf4d18906229e84acb34471105c.jpeg": {
    "app_sintetizada": "C5FDC9AA03CF4D18906229E84ACB34471105C.JPEG",
    "cantidad_archivos": 1,
    "archivos_fuente": [
      "Pictures/Fototeca de Fotos.photoslibrary/resources/derivatives/C/C5FDC9AA-03CF-4D18-9062-29E84ACB3447_1_105_c.jpeg"
    ],
    "ultima_modificacion": "2025-08-01 01:01:20.432631"
  },
  "ccd7d07d7ca74c4094398fb08ff468ff1105c.jpeg": {
    "app_sintetizada": "CCD7D07D7CA74C4094398FB08FF468FF1105C.JPEG",
    "cantidad_archivos": 1,
    "archivos_fuente": [
      "Pictures/Fototeca de Fotos.photoslibrary/resources/derivatives/C/CCD7D07D-7CA7-4C40-9439-8FB08FF468FF_1_105_c.jpeg"
    ],
    "ultima_modificacion": "2025-08-01 01:01:20.432827"
  },
  "c5137dd59477433db36b68c0ad6126131105c.jpeg": {
    "app_sintetizada": "C5137DD59477433DB36B68C0AD6126131105C.JPEG",
    "cantidad_archivos": 1,
    "archivos_fuente": [
      "Pictures/Fototeca de Fotos.photoslibrary/resources/derivatives/C/C5137DD5-9477-433D-B36B-68C0AD612613_1_105_c.jpeg"
    ],
    "ultima_modificacion": "2025-08-01 01:01:20.433088"
  },
  "ccaa9e07c3b242739a4e8927e4389bb11105c.jpeg": {
    "app_sintetizada": "CCAA9E07C3B242739A4E8927E4389BB11105C.JPEG",
    "cantidad_archivos": 1,
    "archivos_fuente": [
      "Pictures/Fototeca de Fotos.photoslibrary/resources/derivatives/C/CCAA9E07-C3B2-4273-9A4E-8927E4389BB1_1_105_c.jpeg"
    ],
    "ultima_modificacion": "2025-08-01 01:01:20.433295"
  },
  "c953008fae124577a8d81f725cf14d061105c.jpeg": {
    "app_sintetizada": "C953008FAE124577A8D81F725CF14D061105C.JPEG",
    "cantidad_archivos": 1,
    "archivos_fuente": [
      "Pictures/Fototeca de Fotos.photoslibrary/resources/derivatives/C/C953008F-AE12-4577-A8D8-1F725CF14D06_1_105_c.jpeg"
    ],
    "ultima_modificacion": "2025-08-01 01:01:20.433500"
  },
  "c6277ad0a4d643a9966f09a97cc5dd8e1105c.jpeg": {
    "app_sintetizada": "C6277AD0A4D643A9966F09A97CC5DD8E1105C.JPEG",
    "cantidad_archivos": 1,
    "archivos_fuente": [
      "Pictures/Fototeca de Fotos.photoslibrary/resources/derivatives/C/C6277AD0-A4D6-43A9-966F-09A97CC5DD8E_1_105_c.jpeg"
    ],
    "ultima_modificacion": "2025-08-01 01:01:20.433811"
  },
  "c4f8d26a1c0844ee9c139527fd7a40aa1105c.jpeg": {
    "app_sintetizada": "C4F8D26A1C0844EE9C139527FD7A40AA1105C.JPEG",
    "cantidad_archivos": 1,
    "archivos_fuente": [
      "Pictures/Fototeca de Fotos.photoslibrary/resources/derivatives/C/C4F8D26A-1C08-44EE-9C13-9527FD7A40AA_1_105_c.jpeg"
    ],
    "ultima_modificacion": "2025-08-01 01:01:20.434015"
  },
  "cb470f457b2b4b1489178d18188f3eed1105c.jpeg": {
    "app_sintetizada": "CB470F457B2B4B1489178D18188F3EED1105C.JPEG",
    "cantidad_archivos": 1,
    "archivos_fuente": [
      "Pictures/Fototeca de Fotos.photoslibrary/resources/derivatives/C/CB470F45-7B2B-4B14-8917-8D18188F3EED_1_105_c.jpeg"
    ],
    "ultima_modificacion": "2025-08-01 01:01:20.434198"
  },
  "cc337de8cbf14bdfa4d2e56b10420e951105c.jpeg": {
    "app_sintetizada": "CC337DE8CBF14BDFA4D2E56B10420E951105C.JPEG",
    "cantidad_archivos": 1,
    "archivos_fuente": [
      "Pictures/Fototeca de Fotos.photoslibrary/resources/derivatives/C/CC337DE8-CBF1-4BDF-A4D2-E56B10420E95_1_105_c.jpeg"
    ],
    "ultima_modificacion": "2025-08-01 01:01:20.434377"
  },
  "cbf2f5cc0a2f40a4a50de190df75ec611105c.jpeg": {
    "app_sintetizada": "CBF2F5CC0A2F40A4A50DE190DF75EC611105C.JPEG",
    "cantidad_archivos": 1,
    "archivos_fuente": [
      "Pictures/Fototeca de Fotos.photoslibrary/resources/derivatives/C/CBF2F5CC-0A2F-40A4-A50D-E190DF75EC61_1_105_c.jpeg"
    ],
    "ultima_modificacion": "2025-08-01 01:01:20.434557"
  },
  "c25c1a10f2be4f66a05e12eecb2371e21105c.jpeg": {
    "app_sintetizada": "C25C1A10F2BE4F66A05E12EECB2371E21105C.JPEG",
    "cantidad_archivos": 1,
    "archivos_fuente": [
      "Pictures/Fototeca de Fotos.photoslibrary/resources/derivatives/C/C25C1A10-F2BE-4F66-A05E-12EECB2371E2_1_105_c.jpeg"
    ],
    "ultima_modificacion": "2025-08-01 01:01:20.434742"
  },
  "c3cf9a19764d448db8ddb5415c5c5aa11105c.jpeg": {
    "app_sintetizada": "C3CF9A19764D448DB8DDB5415C5C5AA11105C.JPEG",
    "cantidad_archivos": 1,
    "archivos_fuente": [
      "Pictures/Fototeca de Fotos.photoslibrary/resources/derivatives/C/C3CF9A19-764D-448D-B8DD-B5415C5C5AA1_1_105_c.jpeg"
    ],
    "ultima_modificacion": "2025-08-01 01:01:20.434964"
  },
  "ca133effe17e4d0182225aec8ca952b41105c.jpeg": {
    "app_sintetizada": "CA133EFFE17E4D0182225AEC8CA952B41105C.JPEG",
    "cantidad_archivos": 1,
    "archivos_fuente": [
      "Pictures/Fototeca de Fotos.photoslibrary/resources/derivatives/C/CA133EFF-E17E-4D01-8222-5AEC8CA952B4_1_105_c.jpeg"
    ],
    "ultima_modificacion": "2025-08-01 01:01:20.435268"
  },
  "c1883589a2384fe98ccd0ee53116f3f71105c.jpeg": {
    "app_sintetizada": "C1883589A2384FE98CCD0EE53116F3F71105C.JPEG",
    "cantidad_archivos": 1,
    "archivos_fuente": [
      "Pictures/Fototeca de Fotos.photoslibrary/resources/derivatives/C/C1883589-A238-4FE9-8CCD-0EE53116F3F7_1_105_c.jpeg"
    ],
    "ultima_modificacion": "2025-08-01 01:01:20.435525"
  },
  "ce26e505c68741818fb7be49cfdb2e501105c.jpeg": {
    "app_sintetizada": "CE26E505C68741818FB7BE49CFDB2E501105C.JPEG",
    "cantidad_archivos": 1,
    "archivos_fuente": [
      "Pictures/Fototeca de Fotos.photoslibrary/resources/derivatives/C/CE26E505-C687-4181-8FB7-BE49CFDB2E50_1_105_c.jpeg"
    ],
    "ultima_modificacion": "2025-08-01 01:01:20.435831"
  },
  "cd2c2059544146a993d32c87b9d4ba791105c.jpeg": {
    "app_sintetizada": "CD2C2059544146A993D32C87B9D4BA791105C.JPEG",
    "cantidad_archivos": 1,
    "archivos_fuente": [
      "Pictures/Fototeca de Fotos.photoslibrary/resources/derivatives/C/CD2C2059-5441-46A9-93D3-2C87B9D4BA79_1_105_c.jpeg"
    ],
    "ultima_modificacion": "2025-08-01 01:01:20.436061"
  },
  "c7e1632e6b284f5fbcdb9b993d3bde4c1105c.jpeg": {
    "app_sintetizada": "C7E1632E6B284F5FBCDB9B993D3BDE4C1105C.JPEG",
    "cantidad_archivos": 1,
    "archivos_fuente": [
      "Pictures/Fototeca de Fotos.photoslibrary/resources/derivatives/C/C7E1632E-6B28-4F5F-BCDB-9B993D3BDE4C_1_105_c.jpeg"
    ],
    "ultima_modificacion": "2025-08-01 01:01:20.436393"
  },
  "c2bfd10e1ac544f189e8c468707e73c2.thm": {
    "app_sintetizada": "C2BFD10E1AC544F189E8C468707E73C2.THM",
    "cantidad_archivos": 1,
    "archivos_fuente": [
      "Pictures/Fototeca de Fotos.photoslibrary/resources/derivatives/C/C2BFD10E-1AC5-44F1-89E8-C468707E73C2.THM"
    ],
    "ultima_modificacion": "2025-08-01 01:01:20.436731"
  },
  "c095e255fc594f08ba0b702c77bc2c211105c.jpeg": {
    "app_sintetizada": "C095E255FC594F08BA0B702C77BC2C211105C.JPEG",
    "cantidad_archivos": 1,
    "archivos_fuente": [
      "Pictures/Fototeca de Fotos.photoslibrary/resources/derivatives/C/C095E255-FC59-4F08-BA0B-702C77BC2C21_1_105_c.jpeg"
    ],
    "ultima_modificacion": "2025-08-01 01:01:20.437049"
  },
  "c76406870eec40aeb2a2f1b03fea10871105c.jpeg": {
    "app_sintetizada": "C76406870EEC40AEB2A2F1B03FEA10871105C.JPEG",
    "cantidad_archivos": 1,
    "archivos_fuente": [
      "Pictures/Fototeca de Fotos.photoslibrary/resources/derivatives/C/C7640687-0EEC-40AE-B2A2-F1B03FEA1087_1_105_c.jpeg"
    ],
    "ultima_modificacion": "2025-08-01 01:01:20.437459"
  },
  "c21d194c6e704bf28f5b92c763449aa11105c.jpeg": {
    "app_sintetizada": "C21D194C6E704BF28F5B92C763449AA11105C.JPEG",
    "cantidad_archivos": 1,
    "archivos_fuente": [
      "Pictures/Fototeca de Fotos.photoslibrary/resources/derivatives/C/C21D194C-6E70-4BF2-8F5B-92C763449AA1_1_105_c.jpeg"
    ],
    "ultima_modificacion": "2025-08-01 01:01:20.437773"
  },
  "c5a7f8770cec4f82be1372126e639db21105c.jpeg": {
    "app_sintetizada": "C5A7F8770CEC4F82BE1372126E639DB21105C.JPEG",
    "cantidad_archivos": 1,
    "archivos_fuente": [
      "Pictures/Fototeca de Fotos.photoslibrary/resources/derivatives/C/C5A7F877-0CEC-4F82-BE13-72126E639DB2_1_105_c.jpeg"
    ],
    "ultima_modificacion": "2025-08-01 01:01:20.438090"
  },
  "ce731d79d469436685d1c93be2800c201105c.jpeg": {
    "app_sintetizada": "CE731D79D469436685D1C93BE2800C201105C.JPEG",
    "cantidad_archivos": 1,
    "archivos_fuente": [
      "Pictures/Fototeca de Fotos.photoslibrary/resources/derivatives/C/CE731D79-D469-4366-85D1-C93BE2800C20_1_105_c.jpeg"
    ],
    "ultima_modificacion": "2025-08-01 01:01:20.438408"
  },
  "ca3a124fd81c4385b65972fef73bc9ac1105c.jpeg": {
    "app_sintetizada": "CA3A124FD81C4385B65972FEF73BC9AC1105C.JPEG",
    "cantidad_archivos": 1,
    "archivos_fuente": [
      "Pictures/Fototeca de Fotos.photoslibrary/resources/derivatives/C/CA3A124F-D81C-4385-B659-72FEF73BC9AC_1_105_c.jpeg"
    ],
    "ultima_modificacion": "2025-08-01 01:01:20.438726"
  },
  "cc5f701a07ac4c32a918d9d8d746f8f61105c.jpeg": {
    "app_sintetizada": "CC5F701A07AC4C32A918D9D8D746F8F61105C.JPEG",
    "cantidad_archivos": 1,
    "archivos_fuente": [
      "Pictures/Fototeca de Fotos.photoslibrary/resources/derivatives/C/CC5F701A-07AC-4C32-A918-D9D8D746F8F6_1_105_c.jpeg"
    ],
    "ultima_modificacion": "2025-08-01 01:01:20.439050"
  },
  "cec9d457910148bab76cd2f9481ef2921105c.jpeg": {
    "app_sintetizada": "CEC9D457910148BAB76CD2F9481EF2921105C.JPEG",
    "cantidad_archivos": 1,
    "archivos_fuente": [
      "Pictures/Fototeca de Fotos.photoslibrary/resources/derivatives/C/CEC9D457-9101-48BA-B76C-D2F9481EF292_1_105_c.jpeg"
    ],
    "ultima_modificacion": "2025-08-01 01:01:20.439384"
  },
  "c133213b634847338927b497be9048501105c.jpeg": {
    "app_sintetizada": "C133213B634847338927B497BE9048501105C.JPEG",
    "cantidad_archivos": 1,
    "archivos_fuente": [
      "Pictures/Fototeca de Fotos.photoslibrary/resources/derivatives/C/C133213B-6348-4733-8927-B497BE904850_1_105_c.jpeg"
    ],
    "ultima_modificacion": "2025-08-01 01:01:20.439712"
  },
  "c78ed11c9c7e4c64bd09734a4ecd70721105c.jpeg": {
    "app_sintetizada": "C78ED11C9C7E4C64BD09734A4ECD70721105C.JPEG",
    "cantidad_archivos": 1,
    "archivos_fuente": [
      "Pictures/Fototeca de Fotos.photoslibrary/resources/derivatives/C/C78ED11C-9C7E-4C64-BD09-734A4ECD7072_1_105_c.jpeg"
    ],
    "ultima_modificacion": "2025-08-01 01:01:20.440047"
  },
  "c5c4cb4e77034a38849876ada7aa25ba1105c.jpeg": {
    "app_sintetizada": "C5C4CB4E77034A38849876ADA7AA25BA1105C.JPEG",
    "cantidad_archivos": 1,
    "archivos_fuente": [
      "Pictures/Fototeca de Fotos.photoslibrary/resources/derivatives/C/C5C4CB4E-7703-4A38-8498-76ADA7AA25BA_1_105_c.jpeg"
    ],
    "ultima_modificacion": "2025-08-01 01:01:20.440374"
  },
  "c7f21a82a5a640b58cdb77d86405948d1105c.jpeg": {
    "app_sintetizada": "C7F21A82A5A640B58CDB77D86405948D1105C.JPEG",
    "cantidad_archivos": 1,
    "archivos_fuente": [
      "Pictures/Fototeca de Fotos.photoslibrary/resources/derivatives/C/C7F21A82-A5A6-40B5-8CDB-77D86405948D_1_105_c.jpeg"
    ],
    "ultima_modificacion": "2025-08-01 01:01:20.440682"
  },
  "c8bf2b54c2f34ef885cd4098d77ab48a.thm": {
    "app_sintetizada": "C8BF2B54C2F34EF885CD4098D77AB48A.THM",
    "cantidad_archivos": 1,
    "archivos_fuente": [
      "Pictures/Fototeca de Fotos.photoslibrary/resources/derivatives/C/C8BF2B54-C2F3-4EF8-85CD-4098D77AB48A.THM"
    ],
    "ultima_modificacion": "2025-08-01 01:01:20.441000"
  },
  "c3b1fe6b20274029a85a02cc38a686901105c.jpeg": {
    "app_sintetizada": "C3B1FE6B20274029A85A02CC38A686901105C.JPEG",
    "cantidad_archivos": 1,
    "archivos_fuente": [
      "Pictures/Fototeca de Fotos.photoslibrary/resources/derivatives/C/C3B1FE6B-2027-4029-A85A-02CC38A68690_1_105_c.jpeg"
    ],
    "ultima_modificacion": "2025-08-01 01:01:20.441340"
  },
  "cf0d0b31029742228ced5d8283e1ccf11105c.jpeg": {
    "app_sintetizada": "CF0D0B31029742228CED5D8283E1CCF11105C.JPEG",
    "cantidad_archivos": 1,
    "archivos_fuente": [
      "Pictures/Fototeca de Fotos.photoslibrary/resources/derivatives/C/CF0D0B31-0297-4222-8CED-5D8283E1CCF1_1_105_c.jpeg"
    ],
    "ultima_modificacion": "2025-08-01 01:01:20.441683"
  },
  "cce11f9e3dc94d7e8b5d6129684618d11105c.jpeg": {
    "app_sintetizada": "CCE11F9E3DC94D7E8B5D6129684618D11105C.JPEG",
    "cantidad_archivos": 1,
    "archivos_fuente": [
      "Pictures/Fototeca de Fotos.photoslibrary/resources/derivatives/C/CCE11F9E-3DC9-4D7E-8B5D-6129684618D1_1_105_c.jpeg"
    ],
    "ultima_modificacion": "2025-08-01 01:01:20.442039"
  },
  "c6e3359626ac4b5bb385b2375ae1c3f21105c.jpeg": {
    "app_sintetizada": "C6E3359626AC4B5BB385B2375AE1C3F21105C.JPEG",
    "cantidad_archivos": 1,
    "archivos_fuente": [
      "Pictures/Fototeca de Fotos.photoslibrary/resources/derivatives/C/C6E33596-26AC-4B5B-B385-B2375AE1C3F2_1_105_c.jpeg"
    ],
    "ultima_modificacion": "2025-08-01 01:01:20.442372"
  },
  "cb6536e88cee44be841bff9b51733b08.thm": {
    "app_sintetizada": "CB6536E88CEE44BE841BFF9B51733B08.THM",
    "cantidad_archivos": 1,
    "archivos_fuente": [
      "Pictures/Fototeca de Fotos.photoslibrary/resources/derivatives/C/CB6536E8-8CEE-44BE-841B-FF9B51733B08.THM"
    ],
    "ultima_modificacion": "2025-08-01 01:01:20.442689"
  },
  "c0b5e83f7ceb44c7b9e80739d7a316831105c.jpeg": {
    "app_sintetizada": "C0B5E83F7CEB44C7B9E80739D7A316831105C.JPEG",
    "cantidad_archivos": 1,
    "archivos_fuente": [
      "Pictures/Fototeca de Fotos.photoslibrary/resources/derivatives/C/C0B5E83F-7CEB-44C7-B9E8-0739D7A31683_1_105_c.jpeg"
    ],
    "ultima_modificacion": "2025-08-01 01:01:20.442995"
  },
  "c08f4153dc404777a293aa921ef9789c1105c.jpeg": {
    "app_sintetizada": "C08F4153DC404777A293AA921EF9789C1105C.JPEG",
    "cantidad_archivos": 1,
    "archivos_fuente": [
      "Pictures/Fototeca de Fotos.photoslibrary/resources/derivatives/C/C08F4153-DC40-4777-A293-AA921EF9789C_1_105_c.jpeg"
    ],
    "ultima_modificacion": "2025-08-01 01:01:20.443294"
  },
  "c985abd61a8c4da78e3e989a49de23321105c.jpeg": {
    "app_sintetizada": "C985ABD61A8C4DA78E3E989A49DE23321105C.JPEG",
    "cantidad_archivos": 1,
    "archivos_fuente": [
      "Pictures/Fototeca de Fotos.photoslibrary/resources/derivatives/C/C985ABD6-1A8C-4DA7-8E3E-989A49DE2332_1_105_c.jpeg"
    ],
    "ultima_modificacion": "2025-08-01 01:01:20.443626"
  },
  "c239ed6c37f345b5bda9f775dcea85c81105c.jpeg": {
    "app_sintetizada": "C239ED6C37F345B5BDA9F775DCEA85C81105C.JPEG",
    "cantidad_archivos": 1,
    "archivos_fuente": [
      "Pictures/Fototeca de Fotos.photoslibrary/resources/derivatives/C/C239ED6C-37F3-45B5-BDA9-F775DCEA85C8_1_105_c.jpeg"
    ],
    "ultima_modificacion": "2025-08-01 01:01:20.443947"
  },
  "ce53c6179815494385bfa741d62dd65a1105c.jpeg": {
    "app_sintetizada": "CE53C6179815494385BFA741D62DD65A1105C.JPEG",
    "cantidad_archivos": 1,
    "archivos_fuente": [
      "Pictures/Fototeca de Fotos.photoslibrary/resources/derivatives/C/CE53C617-9815-4943-85BF-A741D62DD65A_1_105_c.jpeg"
    ],
    "ultima_modificacion": "2025-08-01 01:01:20.444270"
  },
  "c9d1f4d4fa07466584d51495bc6d693d.thm": {
    "app_sintetizada": "C9D1F4D4FA07466584D51495BC6D693D.THM",
    "cantidad_archivos": 1,
    "archivos_fuente": [
      "Pictures/Fototeca de Fotos.photoslibrary/resources/derivatives/C/C9D1F4D4-FA07-4665-84D5-1495BC6D693D.THM"
    ],
    "ultima_modificacion": "2025-08-01 01:01:20.444598"
  },
  "ce7e1f0e81af4f69b90f5ff6deaa82071105c.jpeg": {
    "app_sintetizada": "CE7E1F0E81AF4F69B90F5FF6DEAA82071105C.JPEG",
    "cantidad_archivos": 1,
    "archivos_fuente": [
      "Pictures/Fototeca de Fotos.photoslibrary/resources/derivatives/C/CE7E1F0E-81AF-4F69-B90F-5FF6DEAA8207_1_105_c.jpeg"
    ],
    "ultima_modificacion": "2025-08-01 01:01:20.444903"
  },
  "cb8e1679f4034b5b9918584bb5ba5f0f1105c.jpeg": {
    "app_sintetizada": "CB8E1679F4034B5B9918584BB5BA5F0F1105C.JPEG",
    "cantidad_archivos": 1,
    "archivos_fuente": [
      "Pictures/Fototeca de Fotos.photoslibrary/resources/derivatives/C/CB8E1679-F403-4B5B-9918-584BB5BA5F0F_1_105_c.jpeg"
    ],
    "ultima_modificacion": "2025-08-01 01:01:20.445229"
  },
  "ce595a60758f4c7891902f78cdc8f4e61105c.jpeg": {
    "app_sintetizada": "CE595A60758F4C7891902F78CDC8F4E61105C.JPEG",
    "cantidad_archivos": 1,
    "archivos_fuente": [
      "Pictures/Fototeca de Fotos.photoslibrary/resources/derivatives/C/CE595A60-758F-4C78-9190-2F78CDC8F4E6_1_105_c.jpeg"
    ],
    "ultima_modificacion": "2025-08-01 01:01:20.445600"
  },
  "c71659b9d76c4d089dad095a9b811d271105c.jpeg": {
    "app_sintetizada": "C71659B9D76C4D089DAD095A9B811D271105C.JPEG",
    "cantidad_archivos": 1,
    "archivos_fuente": [
      "Pictures/Fototeca de Fotos.photoslibrary/resources/derivatives/C/C71659B9-D76C-4D08-9DAD-095A9B811D27_1_105_c.jpeg"
    ],
    "ultima_modificacion": "2025-08-01 01:01:20.445938"
  },
  "cdc6dc38dabc47468385ad0875f1a4921105c.jpeg": {
    "app_sintetizada": "CDC6DC38DABC47468385AD0875F1A4921105C.JPEG",
    "cantidad_archivos": 1,
    "archivos_fuente": [
      "Pictures/Fototeca de Fotos.photoslibrary/resources/derivatives/C/CDC6DC38-DABC-4746-8385-AD0875F1A492_1_105_c.jpeg"
    ],
    "ultima_modificacion": "2025-08-01 01:01:20.446269"
  },
  "c9d293c79b8445538f6f2e4afb030e921105c.jpeg": {
    "app_sintetizada": "C9D293C79B8445538F6F2E4AFB030E921105C.JPEG",
    "cantidad_archivos": 1,
    "archivos_fuente": [
      "Pictures/Fototeca de Fotos.photoslibrary/resources/derivatives/C/C9D293C7-9B84-4553-8F6F-2E4AFB030E92_1_105_c.jpeg"
    ],
    "ultima_modificacion": "2025-08-01 01:01:20.446572"
  },
  "c2e720e5bd5342359f686150ddce2b561105c.jpeg": {
    "app_sintetizada": "C2E720E5BD5342359F686150DDCE2B561105C.JPEG",
    "cantidad_archivos": 1,
    "archivos_fuente": [
      "Pictures/Fototeca de Fotos.photoslibrary/resources/derivatives/C/C2E720E5-BD53-4235-9F68-6150DDCE2B56_1_105_c.jpeg"
    ],
    "ultima_modificacion": "2025-08-01 01:01:20.446923"
  },
  "cc077bb146014ec3bcc3ec17d22706321105c.jpeg": {
    "app_sintetizada": "CC077BB146014EC3BCC3EC17D22706321105C.JPEG",
    "cantidad_archivos": 1,
    "archivos_fuente": [
      "Pictures/Fototeca de Fotos.photoslibrary/resources/derivatives/C/CC077BB1-4601-4EC3-BCC3-EC17D2270632_1_105_c.jpeg"
    ],
    "ultima_modificacion": "2025-08-01 01:01:20.447232"
  },
  "ce58019d71244e1f8d82c80ff5704426.thm": {
    "app_sintetizada": "CE58019D71244E1F8D82C80FF5704426.THM",
    "cantidad_archivos": 1,
    "archivos_fuente": [
      "Pictures/Fototeca de Fotos.photoslibrary/resources/derivatives/C/CE58019D-7124-4E1F-8D82-C80FF5704426.THM"
    ],
    "ultima_modificacion": "2025-08-01 01:01:20.447543"
  }
}