{
  "8c8a129b15594a37b447fb7d90d60a5c45005c.jpeg": {
    "app_sintetizada": "8C8A129B15594A37B447FB7D90D60A5C45005C.JPEG",
    "cantidad_archivos": 1,
    "archivos_fuente": [
      "Pictures/Fototeca de Fotos.photoslibrary/resources/derivatives/masters/8/8C8A129B-1559-4A37-B447-FB7D90D60A5C_4_5005_c.jpeg"
    ],
    "ultima_modificacion": "2025-08-01 01:01:10.822444"
  },
  "89d4d10d40de4451b8390a16c2c3906f45005c.jpeg": {
    "app_sintetizada": "89D4D10D40DE4451B8390A16C2C3906F45005C.JPEG",
    "cantidad_archivos": 1,
    "archivos_fuente": [
      "Pictures/Fototeca de Fotos.photoslibrary/resources/derivatives/masters/8/89D4D10D-40DE-4451-B839-0A16C2C3906F_4_5005_c.jpeg"
    ],
    "ultima_modificacion": "2025-08-01 01:01:10.822813"
  },
  "8fbcf43610eb4cbfa76f8b7d5955ecce45005c.jpeg": {
    "app_sintetizada": "8FBCF43610EB4CBFA76F8B7D5955ECCE45005C.JPEG",
    "cantidad_archivos": 1,
    "archivos_fuente": [
      "Pictures/Fototeca de Fotos.photoslibrary/resources/derivatives/masters/8/8FBCF436-10EB-4CBF-A76F-8B7D5955ECCE_4_5005_c.jpeg"
    ],
    "ultima_modificacion": "2025-08-01 01:01:10.823133"
  },
  "817f8e308d464afdb85212d1649b6af245005c.jpeg": {
    "app_sintetizada": "817F8E308D464AFDB85212D1649B6AF245005C.JPEG",
    "cantidad_archivos": 1,
    "archivos_fuente": [
      "Pictures/Fototeca de Fotos.photoslibrary/resources/derivatives/masters/8/817F8E30-8D46-4AFD-B852-12D1649B6AF2_4_5005_c.jpeg"
    ],
    "ultima_modificacion": "2025-08-01 01:01:10.823399"
  },
  "80a457accaad42bc8c69f4f9c809974645005c.jpeg": {
    "app_sintetizada": "80A457ACCAAD42BC8C69F4F9C809974645005C.JPEG",
    "cantidad_archivos": 1,
    "archivos_fuente": [
      "Pictures/Fototeca de Fotos.photoslibrary/resources/derivatives/masters/8/80A457AC-CAAD-42BC-8C69-F4F9C8099746_4_5005_c.jpeg"
    ],
    "ultima_modificacion": "2025-08-01 01:01:10.823712"
  },
  "89fab6f3be6b42a59d93a3c98f4b612f45005c.jpeg": {
    "app_sintetizada": "89FAB6F3BE6B42A59D93A3C98F4B612F45005C.JPEG",
    "cantidad_archivos": 1,
    "archivos_fuente": [
      "Pictures/Fototeca de Fotos.photoslibrary/resources/derivatives/masters/8/89FAB6F3-BE6B-42A5-9D93-A3C98F4B612F_4_5005_c.jpeg"
    ],
    "ultima_modificacion": "2025-08-01 01:01:10.823982"
  },
  "8e028ac087484dc09b7935c0792bdc7345005c.jpeg": {
    "app_sintetizada": "8E028AC087484DC09B7935C0792BDC7345005C.JPEG",
    "cantidad_archivos": 1,
    "archivos_fuente": [
      "Pictures/Fototeca de Fotos.photoslibrary/resources/derivatives/masters/8/8E028AC0-8748-4DC0-9B79-35C0792BDC73_4_5005_c.jpeg"
    ],
    "ultima_modificacion": "2025-08-01 01:01:10.824246"
  },
  "8f51b1670c7a4a32b46ee608e417279045005c.jpeg": {
    "app_sintetizada": "8F51B1670C7A4A32B46EE608E417279045005C.JPEG",
    "cantidad_archivos": 1,
    "archivos_fuente": [
      "Pictures/Fototeca de Fotos.photoslibrary/resources/derivatives/masters/8/8F51B167-0C7A-4A32-B46E-E608E4172790_4_5005_c.jpeg"
    ],
    "ultima_modificacion": "2025-08-01 01:01:10.824618"
  },
  "85151a31a6674ead9a4cb6f6c66c550245005c.jpeg": {
    "app_sintetizada": "85151A31A6674EAD9A4CB6F6C66C550245005C.JPEG",
    "cantidad_archivos": 1,
    "archivos_fuente": [
      "Pictures/Fototeca de Fotos.photoslibrary/resources/derivatives/masters/8/85151A31-A667-4EAD-9A4C-B6F6C66C5502_4_5005_c.jpeg"
    ],
    "ultima_modificacion": "2025-08-01 01:01:10.824937"
  },
  "84aab31f4dd0405eb656bc428ba2228d45005c.jpeg": {
    "app_sintetizada": "84AAB31F4DD0405EB656BC428BA2228D45005C.JPEG",
    "cantidad_archivos": 1,
    "archivos_fuente": [
      "Pictures/Fototeca de Fotos.photoslibrary/resources/derivatives/masters/8/84AAB31F-4DD0-405E-B656-BC428BA2228D_4_5005_c.jpeg"
    ],
    "ultima_modificacion": "2025-08-01 01:01:10.825232"
  },
  "83f379185e7d41e4b09cc56aa4a9b56d45005c.jpeg": {
    "app_sintetizada": "83F379185E7D41E4B09CC56AA4A9B56D45005C.JPEG",
    "cantidad_archivos": 1,
    "archivos_fuente": [
      "Pictures/Fototeca de Fotos.photoslibrary/resources/derivatives/masters/8/83F37918-5E7D-41E4-B09C-C56AA4A9B56D_4_5005_c.jpeg"
    ],
    "ultima_modificacion": "2025-08-01 01:01:10.825478"
  },
  "844158cdfbd5443698ac2abe429d3ce745005c.jpeg": {
    "app_sintetizada": "844158CDFBD5443698AC2ABE429D3CE745005C.JPEG",
    "cantidad_archivos": 1,
    "archivos_fuente": [
      "Pictures/Fototeca de Fotos.photoslibrary/resources/derivatives/masters/8/844158CD-FBD5-4436-98AC-2ABE429D3CE7_4_5005_c.jpeg"
    ],
    "ultima_modificacion": "2025-08-01 01:01:10.825760"
  },
  "8d23a6dcd99d43a48af92c03613fd5be45005c.jpeg": {
    "app_sintetizada": "8D23A6DCD99D43A48AF92C03613FD5BE45005C.JPEG",
    "cantidad_archivos": 1,
    "archivos_fuente": [
      "Pictures/Fototeca de Fotos.photoslibrary/resources/derivatives/masters/8/8D23A6DC-D99D-43A4-8AF9-2C03613FD5BE_4_5005_c.jpeg"
    ],
    "ultima_modificacion": "2025-08-01 01:01:10.825987"
  },
  "8992da39f3104de9a6a9ebc87b71560345005c.jpeg": {
    "app_sintetizada": "8992DA39F3104DE9A6A9EBC87B71560345005C.JPEG",
    "cantidad_archivos": 1,
    "archivos_fuente": [
      "Pictures/Fototeca de Fotos.photoslibrary/resources/derivatives/masters/8/8992DA39-F310-4DE9-A6A9-EBC87B715603_4_5005_c.jpeg"
    ],
    "ultima_modificacion": "2025-08-01 01:01:10.826212"
  },
  "8f45179a01e74a528365c858de92b67f45005c.jpeg": {
    "app_sintetizada": "8F45179A01E74A528365C858DE92B67F45005C.JPEG",
    "cantidad_archivos": 1,
    "archivos_fuente": [
      "Pictures/Fototeca de Fotos.photoslibrary/resources/derivatives/masters/8/8F45179A-01E7-4A52-8365-C858DE92B67F_4_5005_c.jpeg"
    ],
    "ultima_modificacion": "2025-08-01 01:01:10.826423"
  },
  "858624bb12b1425a88abd2932181488f45005c.jpeg": {
    "app_sintetizada": "858624BB12B1425A88ABD2932181488F45005C.JPEG",
    "cantidad_archivos": 1,
    "archivos_fuente": [
      "Pictures/Fototeca de Fotos.photoslibrary/resources/derivatives/masters/8/858624BB-12B1-425A-88AB-D2932181488F_4_5005_c.jpeg"
    ],
    "ultima_modificacion": "2025-08-01 01:01:10.826630"
  },
  "8d9db711bbaa44a19ef23233a5c0747e45005c.jpeg": {
    "app_sintetizada": "8D9DB711BBAA44A19EF23233A5C0747E45005C.JPEG",
    "cantidad_archivos": 1,
    "archivos_fuente": [
      "Pictures/Fototeca de Fotos.photoslibrary/resources/derivatives/masters/8/8D9DB711-BBAA-44A1-9EF2-3233A5C0747E_4_5005_c.jpeg"
    ],
    "ultima_modificacion": "2025-08-01 01:01:10.826832"
  },
  "8d628b4a6ebd4801b45bfcef170be9e745005c.jpeg": {
    "app_sintetizada": "8D628B4A6EBD4801B45BFCEF170BE9E745005C.JPEG",
    "cantidad_archivos": 1,
    "archivos_fuente": [
      "Pictures/Fototeca de Fotos.photoslibrary/resources/derivatives/masters/8/8D628B4A-6EBD-4801-B45B-FCEF170BE9E7_4_5005_c.jpeg"
    ],
    "ultima_modificacion": "2025-08-01 01:01:10.827039"
  },
  "80298b2879834edbaed7b475700c98f745005c.jpeg": {
    "app_sintetizada": "80298B2879834EDBAED7B475700C98F745005C.JPEG",
    "cantidad_archivos": 1,
    "archivos_fuente": [
      "Pictures/Fototeca de Fotos.photoslibrary/resources/derivatives/masters/8/80298B28-7983-4EDB-AED7-B475700C98F7_4_5005_c.jpeg"
    ],
    "ultima_modificacion": "2025-08-01 01:01:10.827228"
  },
  "8d1b887b4b254ee39db5249005b6241445005c.jpeg": {
    "app_sintetizada": "8D1B887B4B254EE39DB5249005B6241445005C.JPEG",
    "cantidad_archivos": 1,
    "archivos_fuente": [
      "Pictures/Fototeca de Fotos.photoslibrary/resources/derivatives/masters/8/8D1B887B-4B25-4EE3-9DB5-249005B62414_4_5005_c.jpeg"
    ],
    "ultima_modificacion": "2025-08-01 01:01:10.827425"
  },
  "8b451c0056a4491cb9775609dfd6ad1e45005c.jpeg": {
    "app_sintetizada": "8B451C0056A4491CB9775609DFD6AD1E45005C.JPEG",
    "cantidad_archivos": 1,
    "archivos_fuente": [
      "Pictures/Fototeca de Fotos.photoslibrary/resources/derivatives/masters/8/8B451C00-56A4-491C-B977-5609DFD6AD1E_4_5005_c.jpeg"
    ],
    "ultima_modificacion": "2025-08-01 01:01:10.827691"
  },
  "8f980df7d1874b6086036e3df1f5573945005c.jpeg": {
    "app_sintetizada": "8F980DF7D1874B6086036E3DF1F5573945005C.JPEG",
    "cantidad_archivos": 1,
    "archivos_fuente": [
      "Pictures/Fototeca de Fotos.photoslibrary/resources/derivatives/masters/8/8F980DF7-D187-4B60-8603-6E3DF1F55739_4_5005_c.jpeg"
    ],
    "ultima_modificacion": "2025-08-01 01:01:10.827941"
  },
  "86361040940f49f18015b030359c18d345005c.jpeg": {
    "app_sintetizada": "86361040940F49F18015B030359C18D345005C.JPEG",
    "cantidad_archivos": 1,
    "archivos_fuente": [
      "Pictures/Fototeca de Fotos.photoslibrary/resources/derivatives/masters/8/86361040-940F-49F1-8015-B030359C18D3_4_5005_c.jpeg"
    ],
    "ultima_modificacion": "2025-08-01 01:01:10.828138"
  },
  "8b8ba2aaa0824ee8a21322281aae76e245005c.jpeg": {
    "app_sintetizada": "8B8BA2AAA0824EE8A21322281AAE76E245005C.JPEG",
    "cantidad_archivos": 1,
    "archivos_fuente": [
      "Pictures/Fototeca de Fotos.photoslibrary/resources/derivatives/masters/8/8B8BA2AA-A082-4EE8-A213-22281AAE76E2_4_5005_c.jpeg"
    ],
    "ultima_modificacion": "2025-08-01 01:01:10.828409"
  },
  "81a09b0400ca46b4b1fe581bf627f76745005c.jpeg": {
    "app_sintetizada": "81A09B0400CA46B4B1FE581BF627F76745005C.JPEG",
    "cantidad_archivos": 1,
    "archivos_fuente": [
      "Pictures/Fototeca de Fotos.photoslibrary/resources/derivatives/masters/8/81A09B04-00CA-46B4-B1FE-581BF627F767_4_5005_c.jpeg"
    ],
    "ultima_modificacion": "2025-08-01 01:01:10.828707"
  },
  "83b99d6910fe4783a1773db2fd02da2045005c.jpeg": {
    "app_sintetizada": "83B99D6910FE4783A1773DB2FD02DA2045005C.JPEG",
    "cantidad_archivos": 1,
    "archivos_fuente": [
      "Pictures/Fototeca de Fotos.photoslibrary/resources/derivatives/masters/8/83B99D69-10FE-4783-A177-3DB2FD02DA20_4_5005_c.jpeg"
    ],
    "ultima_modificacion": "2025-08-01 01:01:10.828988"
  },
  "879a022b5c2d4909beb3d33506fee6a945005c.jpeg": {
    "app_sintetizada": "879A022B5C2D4909BEB3D33506FEE6A945005C.JPEG",
    "cantidad_archivos": 1,
    "archivos_fuente": [
      "Pictures/Fototeca de Fotos.photoslibrary/resources/derivatives/masters/8/879A022B-5C2D-4909-BEB3-D33506FEE6A9_4_5005_c.jpeg"
    ],
    "ultima_modificacion": "2025-08-01 01:01:10.829264"
  },
  "8372681ba72e42ccbef075abb9c62edd45005c.jpeg": {
    "app_sintetizada": "8372681BA72E42CCBEF075ABB9C62EDD45005C.JPEG",
    "cantidad_archivos": 1,
    "archivos_fuente": [
      "Pictures/Fototeca de Fotos.photoslibrary/resources/derivatives/masters/8/8372681B-A72E-42CC-BEF0-75ABB9C62EDD_4_5005_c.jpeg"
    ],
    "ultima_modificacion": "2025-08-01 01:01:10.829530"
  },
  "822a9c9353774fb080739a51e157e44c45005c.jpeg": {
    "app_sintetizada": "822A9C9353774FB080739A51E157E44C45005C.JPEG",
    "cantidad_archivos": 1,
    "archivos_fuente": [
      "Pictures/Fototeca de Fotos.photoslibrary/resources/derivatives/masters/8/822A9C93-5377-4FB0-8073-9A51E157E44C_4_5005_c.jpeg"
    ],
    "ultima_modificacion": "2025-08-01 01:01:10.829794"
  },
  "841d37a8000b40179669f634cac4c62f45005c.jpeg": {
    "app_sintetizada": "841D37A8000B40179669F634CAC4C62F45005C.JPEG",
    "cantidad_archivos": 1,
    "archivos_fuente": [
      "Pictures/Fototeca de Fotos.photoslibrary/resources/derivatives/masters/8/841D37A8-000B-4017-9669-F634CAC4C62F_4_5005_c.jpeg"
    ],
    "ultima_modificacion": "2025-08-01 01:01:10.830055"
  },
  "86e23a9855d54f0882fbc05484f3007845005c.jpeg": {
    "app_sintetizada": "86E23A9855D54F0882FBC05484F3007845005C.JPEG",
    "cantidad_archivos": 1,
    "archivos_fuente": [
      "Pictures/Fototeca de Fotos.photoslibrary/resources/derivatives/masters/8/86E23A98-55D5-4F08-82FB-C05484F30078_4_5005_c.jpeg"
    ],
    "ultima_modificacion": "2025-08-01 01:01:10.830300"
  },
  "86e77ec9fef14f4093d9f015145054dc45005c.jpeg": {
    "app_sintetizada": "86E77EC9FEF14F4093D9F015145054DC45005C.JPEG",
    "cantidad_archivos": 1,
    "archivos_fuente": [
      "Pictures/Fototeca de Fotos.photoslibrary/resources/derivatives/masters/8/86E77EC9-FEF1-4F40-93D9-F015145054DC_4_5005_c.jpeg"
    ],
    "ultima_modificacion": "2025-08-01 01:01:10.830604"
  },
  "88e70fe162234311b4f1149e49bce79f45005c.jpeg": {
    "app_sintetizada": "88E70FE162234311B4F1149E49BCE79F45005C.JPEG",
    "cantidad_archivos": 1,
    "archivos_fuente": [
      "Pictures/Fototeca de Fotos.photoslibrary/resources/derivatives/masters/8/88E70FE1-6223-4311-B4F1-149E49BCE79F_4_5005_c.jpeg"
    ],
    "ultima_modificacion": "2025-08-01 01:01:10.830855"
  },
  "8166514061f04fb7a1f17cdadafbc50045005c.jpeg": {
    "app_sintetizada": "8166514061F04FB7A1F17CDADAFBC50045005C.JPEG",
    "cantidad_archivos": 1,
    "archivos_fuente": [
      "Pictures/Fototeca de Fotos.photoslibrary/resources/derivatives/masters/8/81665140-61F0-4FB7-A1F1-7CDADAFBC500_4_5005_c.jpeg"
    ],
    "ultima_modificacion": "2025-08-01 01:01:10.831131"
  },
  "80bcb6e74cb04707864f209109de4a1145005c.jpeg": {
    "app_sintetizada": "80BCB6E74CB04707864F209109DE4A1145005C.JPEG",
    "cantidad_archivos": 1,
    "archivos_fuente": [
      "Pictures/Fototeca de Fotos.photoslibrary/resources/derivatives/masters/8/80BCB6E7-4CB0-4707-864F-209109DE4A11_4_5005_c.jpeg"
    ],
    "ultima_modificacion": "2025-08-01 01:01:10.831386"
  },
  "8e225930ffc141b59e273d88e8d5d61645005c.jpeg": {
    "app_sintetizada": "8E225930FFC141B59E273D88E8D5D61645005C.JPEG",
    "cantidad_archivos": 1,
    "archivos_fuente": [
      "Pictures/Fototeca de Fotos.photoslibrary/resources/derivatives/masters/8/8E225930-FFC1-41B5-9E27-3D88E8D5D616_4_5005_c.jpeg"
    ],
    "ultima_modificacion": "2025-08-01 01:01:10.831628"
  },
  "8441110d64f54147b7bb8ab2a10b7d5145005c.jpeg": {
    "app_sintetizada": "8441110D64F54147B7BB8AB2A10B7D5145005C.JPEG",
    "cantidad_archivos": 1,
    "archivos_fuente": [
      "Pictures/Fototeca de Fotos.photoslibrary/resources/derivatives/masters/8/8441110D-64F5-4147-B7BB-8AB2A10B7D51_4_5005_c.jpeg"
    ],
    "ultima_modificacion": "2025-08-01 01:01:10.831889"
  },
  "8215db5e39b14555ae2f27ba5f37490c45005c.jpeg": {
    "app_sintetizada": "8215DB5E39B14555AE2F27BA5F37490C45005C.JPEG",
    "cantidad_archivos": 1,
    "archivos_fuente": [
      "Pictures/Fototeca de Fotos.photoslibrary/resources/derivatives/masters/8/8215DB5E-39B1-4555-AE2F-27BA5F37490C_4_5005_c.jpeg"
    ],
    "ultima_modificacion": "2025-08-01 01:01:10.832157"
  },
  "8b96f3121666419ca91a4f161f0640a245005c.jpeg": {
    "app_sintetizada": "8B96F3121666419CA91A4F161F0640A245005C.JPEG",
    "cantidad_archivos": 1,
    "archivos_fuente": [
      "Pictures/Fototeca de Fotos.photoslibrary/resources/derivatives/masters/8/8B96F312-1666-419C-A91A-4F161F0640A2_4_5005_c.jpeg"
    ],
    "ultima_modificacion": "2025-08-01 01:01:10.832395"
  },
  "892acfacfbfd46fbad2124748611fd4c45005c.jpeg": {
    "app_sintetizada": "892ACFACFBFD46FBAD2124748611FD4C45005C.JPEG",
    "cantidad_archivos": 1,
    "archivos_fuente": [
      "Pictures/Fototeca de Fotos.photoslibrary/resources/derivatives/masters/8/892ACFAC-FBFD-46FB-AD21-24748611FD4C_4_5005_c.jpeg"
    ],
    "ultima_modificacion": "2025-08-01 01:01:10.832718"
  },
  "870d97c7563f47b880766f7750d2096445005c.jpeg": {
    "app_sintetizada": "870D97C7563F47B880766F7750D2096445005C.JPEG",
    "cantidad_archivos": 1,
    "archivos_fuente": [
      "Pictures/Fototeca de Fotos.photoslibrary/resources/derivatives/masters/8/870D97C7-563F-47B8-8076-6F7750D20964_4_5005_c.jpeg"
    ],
    "ultima_modificacion": "2025-08-01 01:01:10.832993"
  },
  "80eb51d8365146b7a4552c1de971309745005c.jpeg": {
    "app_sintetizada": "80EB51D8365146B7A4552C1DE971309745005C.JPEG",
    "cantidad_archivos": 1,
    "archivos_fuente": [
      "Pictures/Fototeca de Fotos.photoslibrary/resources/derivatives/masters/8/80EB51D8-3651-46B7-A455-2C1DE9713097_4_5005_c.jpeg"
    ],
    "ultima_modificacion": "2025-08-01 01:01:10.833306"
  },
  "8b9709c8d4d54cf9996f08ac3060c4a045005c.jpeg": {
    "app_sintetizada": "8B9709C8D4D54CF9996F08AC3060C4A045005C.JPEG",
    "cantidad_archivos": 1,
    "archivos_fuente": [
      "Pictures/Fototeca de Fotos.photoslibrary/resources/derivatives/masters/8/8B9709C8-D4D5-4CF9-996F-08AC3060C4A0_4_5005_c.jpeg"
    ],
    "ultima_modificacion": "2025-08-01 01:01:10.833522"
  },
  "891127b390844928808980166e900b8045005c.jpeg": {
    "app_sintetizada": "891127B390844928808980166E900B8045005C.JPEG",
    "cantidad_archivos": 1,
    "archivos_fuente": [
      "Pictures/Fototeca de Fotos.photoslibrary/resources/derivatives/masters/8/891127B3-9084-4928-8089-80166E900B80_4_5005_c.jpeg"
    ],
    "ultima_modificacion": "2025-08-01 01:01:10.833765"
  },
  "8d4f8e75028745bc8935e12d222ee9f545005c.jpeg": {
    "app_sintetizada": "8D4F8E75028745BC8935E12D222EE9F545005C.JPEG",
    "cantidad_archivos": 1,
    "archivos_fuente": [
      "Pictures/Fototeca de Fotos.photoslibrary/resources/derivatives/masters/8/8D4F8E75-0287-45BC-8935-E12D222EE9F5_4_5005_c.jpeg"
    ],
    "ultima_modificacion": "2025-08-01 01:01:10.833980"
  },
  "8336e500244541cd8581889177bf462345005c.jpeg": {
    "app_sintetizada": "8336E500244541CD8581889177BF462345005C.JPEG",
    "cantidad_archivos": 1,
    "archivos_fuente": [
      "Pictures/Fototeca de Fotos.photoslibrary/resources/derivatives/masters/8/8336E500-2445-41CD-8581-889177BF4623_4_5005_c.jpeg"
    ],
    "ultima_modificacion": "2025-08-01 01:01:10.834196"
  },
  "8425d079d7ea4f1ea7798f5749fd8d0645005c.jpeg": {
    "app_sintetizada": "8425D079D7EA4F1EA7798F5749FD8D0645005C.JPEG",
    "cantidad_archivos": 1,
    "archivos_fuente": [
      "Pictures/Fototeca de Fotos.photoslibrary/resources/derivatives/masters/8/8425D079-D7EA-4F1E-A779-8F5749FD8D06_4_5005_c.jpeg"
    ],
    "ultima_modificacion": "2025-08-01 01:01:10.834403"
  },
  "8d772db85d9d467cb2b7c441d720cb6c45005c.jpeg": {
    "app_sintetizada": "8D772DB85D9D467CB2B7C441D720CB6C45005C.JPEG",
    "cantidad_archivos": 1,
    "archivos_fuente": [
      "Pictures/Fototeca de Fotos.photoslibrary/resources/derivatives/masters/8/8D772DB8-5D9D-467C-B2B7-C441D720CB6C_4_5005_c.jpeg"
    ],
    "ultima_modificacion": "2025-08-01 01:01:10.834610"
  },
  "867888d9c70e47dcb435fea4c394eab145005c.jpeg": {
    "app_sintetizada": "867888D9C70E47DCB435FEA4C394EAB145005C.JPEG",
    "cantidad_archivos": 1,
    "archivos_fuente": [
      "Pictures/Fototeca de Fotos.photoslibrary/resources/derivatives/masters/8/867888D9-C70E-47DC-B435-FEA4C394EAB1_4_5005_c.jpeg"
    ],
    "ultima_modificacion": "2025-08-01 01:01:10.834807"
  },
  "8b86aad70e3642279a3322fd3610125745005c.jpeg": {
    "app_sintetizada": "8B86AAD70E3642279A3322FD3610125745005C.JPEG",
    "cantidad_archivos": 1,
    "archivos_fuente": [
      "Pictures/Fototeca de Fotos.photoslibrary/resources/derivatives/masters/8/8B86AAD7-0E36-4227-9A33-22FD36101257_4_5005_c.jpeg"
    ],
    "ultima_modificacion": "2025-08-01 01:01:10.835004"
  },
  "8936240314924c3c9bcdd36f9755440445005c.jpeg": {
    "app_sintetizada": "8936240314924C3C9BCDD36F9755440445005C.JPEG",
    "cantidad_archivos": 1,
    "archivos_fuente": [
      "Pictures/Fototeca de Fotos.photoslibrary/resources/derivatives/masters/8/89362403-1492-4C3C-9BCD-D36F97554404_4_5005_c.jpeg"
    ],
    "ultima_modificacion": "2025-08-01 01:01:10.835187"
  },
  "8aadbbbaf6c74cf7ab188031ca888a0f45005c.jpeg": {
    "app_sintetizada": "8AADBBBAF6C74CF7AB188031CA888A0F45005C.JPEG",
    "cantidad_archivos": 1,
    "archivos_fuente": [
      "Pictures/Fototeca de Fotos.photoslibrary/resources/derivatives/masters/8/8AADBBBA-F6C7-4CF7-AB18-8031CA888A0F_4_5005_c.jpeg"
    ],
    "ultima_modificacion": "2025-08-01 01:01:10.835371"
  },
  "89bf06d23a5b438bbbcffb109455d25d45005c.jpeg": {
    "app_sintetizada": "89BF06D23A5B438BBBCFFB109455D25D45005C.JPEG",
    "cantidad_archivos": 1,
    "archivos_fuente": [
      "Pictures/Fototeca de Fotos.photoslibrary/resources/derivatives/masters/8/89BF06D2-3A5B-438B-BBCF-FB109455D25D_4_5005_c.jpeg"
    ],
    "ultima_modificacion": "2025-08-01 01:01:10.835558"
  },
  "88179c02541d4d18bb375e3afd2a110045005c.jpeg": {
    "app_sintetizada": "88179C02541D4D18BB375E3AFD2A110045005C.JPEG",
    "cantidad_archivos": 1,
    "archivos_fuente": [
      "Pictures/Fototeca de Fotos.photoslibrary/resources/derivatives/masters/8/88179C02-541D-4D18-BB37-5E3AFD2A1100_4_5005_c.jpeg"
    ],
    "ultima_modificacion": "2025-08-01 01:01:10.835834"
  },
  "88b0b9f1259a46e197424d8a69b696c845005c.jpeg": {
    "app_sintetizada": "88B0B9F1259A46E197424D8A69B696C845005C.JPEG",
    "cantidad_archivos": 1,
    "archivos_fuente": [
      "Pictures/Fototeca de Fotos.photoslibrary/resources/derivatives/masters/8/88B0B9F1-259A-46E1-9742-4D8A69B696C8_4_5005_c.jpeg"
    ],
    "ultima_modificacion": "2025-08-01 01:01:10.836130"
  },
  "8a2bb79d5ff540398913a47161b2791645005c.jpeg": {
    "app_sintetizada": "8A2BB79D5FF540398913A47161B2791645005C.JPEG",
    "cantidad_archivos": 1,
    "archivos_fuente": [
      "Pictures/Fototeca de Fotos.photoslibrary/resources/derivatives/masters/8/8A2BB79D-5FF5-4039-8913-A47161B27916_4_5005_c.jpeg"
    ],
    "ultima_modificacion": "2025-08-01 01:01:10.836437"
  },
  "8831ec11e8e8409498c13c9d020a027045005c.jpeg": {
    "app_sintetizada": "8831EC11E8E8409498C13C9D020A027045005C.JPEG",
    "cantidad_archivos": 1,
    "archivos_fuente": [
      "Pictures/Fototeca de Fotos.photoslibrary/resources/derivatives/masters/8/8831EC11-E8E8-4094-98C1-3C9D020A0270_4_5005_c.jpeg"
    ],
    "ultima_modificacion": "2025-08-01 01:01:10.836748"
  },
  "85f920908b174f69abc5e005a861eace45005c.jpeg": {
    "app_sintetizada": "85F920908B174F69ABC5E005A861EACE45005C.JPEG",
    "cantidad_archivos": 1,
    "archivos_fuente": [
      "Pictures/Fototeca de Fotos.photoslibrary/resources/derivatives/masters/8/85F92090-8B17-4F69-ABC5-E005A861EACE_4_5005_c.jpeg"
    ],
    "ultima_modificacion": "2025-08-01 01:01:10.837042"
  },
  "87714357cc754bb0adf301cbc6bba29b45005c.jpeg": {
    "app_sintetizada": "87714357CC754BB0ADF301CBC6BBA29B45005C.JPEG",
    "cantidad_archivos": 1,
    "archivos_fuente": [
      "Pictures/Fototeca de Fotos.photoslibrary/resources/derivatives/masters/8/87714357-CC75-4BB0-ADF3-01CBC6BBA29B_4_5005_c.jpeg"
    ],
    "ultima_modificacion": "2025-08-01 01:01:10.837416"
  },
  "82cd47487d844ac181e4f8121187cffc45005c.jpeg": {
    "app_sintetizada": "82CD47487D844AC181E4F8121187CFFC45005C.JPEG",
    "cantidad_archivos": 1,
    "archivos_fuente": [
      "Pictures/Fototeca de Fotos.photoslibrary/resources/derivatives/masters/8/82CD4748-7D84-4AC1-81E4-F8121187CFFC_4_5005_c.jpeg"
    ],
    "ultima_modificacion": "2025-08-01 01:01:10.837767"
  },
  "8c49bd60ba12444da12bf5b8da82b53545005c.jpeg": {
    "app_sintetizada": "8C49BD60BA12444DA12BF5B8DA82B53545005C.JPEG",
    "cantidad_archivos": 1,
    "archivos_fuente": [
      "Pictures/Fototeca de Fotos.photoslibrary/resources/derivatives/masters/8/8C49BD60-BA12-444D-A12B-F5B8DA82B535_4_5005_c.jpeg"
    ],
    "ultima_modificacion": "2025-08-01 01:01:10.838140"
  },
  "8f2a11d1888f416db923b41e5c80884445005c.jpeg": {
    "app_sintetizada": "8F2A11D1888F416DB923B41E5C80884445005C.JPEG",
    "cantidad_archivos": 1,
    "archivos_fuente": [
      "Pictures/Fototeca de Fotos.photoslibrary/resources/derivatives/masters/8/8F2A11D1-888F-416D-B923-B41E5C808844_4_5005_c.jpeg"
    ],
    "ultima_modificacion": "2025-08-01 01:01:10.838491"
  },
  "8d3b62bd956e403980ca92ec1228d4a945005c.jpeg": {
    "app_sintetizada": "8D3B62BD956E403980CA92EC1228D4A945005C.JPEG",
    "cantidad_archivos": 1,
    "archivos_fuente": [
      "Pictures/Fototeca de Fotos.photoslibrary/resources/derivatives/masters/8/8D3B62BD-956E-4039-80CA-92EC1228D4A9_4_5005_c.jpeg"
    ],
    "ultima_modificacion": "2025-08-01 01:01:10.838796"
  },
  "87173fb8888e4654a4e6099b15028b1545005c.jpeg": {
    "app_sintetizada": "87173FB8888E4654A4E6099B15028B1545005C.JPEG",
    "cantidad_archivos": 1,
    "archivos_fuente": [
      "Pictures/Fototeca de Fotos.photoslibrary/resources/derivatives/masters/8/87173FB8-888E-4654-A4E6-099B15028B15_4_5005_c.jpeg"
    ],
    "ultima_modificacion": "2025-08-01 01:01:10.839208"
  },
  "870f5779ed4d43d7bdf68558eb0ef34c45005c.jpeg": {
    "app_sintetizada": "870F5779ED4D43D7BDF68558EB0EF34C45005C.JPEG",
    "cantidad_archivos": 1,
    "archivos_fuente": [
      "Pictures/Fototeca de Fotos.photoslibrary/resources/derivatives/masters/8/870F5779-ED4D-43D7-BDF6-8558EB0EF34C_4_5005_c.jpeg"
    ],
    "ultima_modificacion": "2025-08-01 01:01:10.839559"
  },
  "803ae243ffd245db8988fed2999f050045005c.jpeg": {
    "app_sintetizada": "803AE243FFD245DB8988FED2999F050045005C.JPEG",
    "cantidad_archivos": 1,
    "archivos_fuente": [
      "Pictures/Fototeca de Fotos.photoslibrary/resources/derivatives/masters/8/803AE243-FFD2-45DB-8988-FED2999F0500_4_5005_c.jpeg"
    ],
    "ultima_modificacion": "2025-08-01 01:01:10.839938"
  },
  "841942ccc17845adaf446212160d02ee45005c.jpeg": {
    "app_sintetizada": "841942CCC17845ADAF446212160D02EE45005C.JPEG",
    "cantidad_archivos": 1,
    "archivos_fuente": [
      "Pictures/Fototeca de Fotos.photoslibrary/resources/derivatives/masters/8/841942CC-C178-45AD-AF44-6212160D02EE_4_5005_c.jpeg"
    ],
    "ultima_modificacion": "2025-08-01 01:01:10.840243"
  },
  "8331ffa5589147c0a086b20ef5b6374245005c.jpeg": {
    "app_sintetizada": "8331FFA5589147C0A086B20EF5B6374245005C.JPEG",
    "cantidad_archivos": 1,
    "archivos_fuente": [
      "Pictures/Fototeca de Fotos.photoslibrary/resources/derivatives/masters/8/8331FFA5-5891-47C0-A086-B20EF5B63742_4_5005_c.jpeg"
    ],
    "ultima_modificacion": "2025-08-01 01:01:10.840545"
  },
  "832642ba5d094568bcd29a1874273ad745005c.jpeg": {
    "app_sintetizada": "832642BA5D094568BCD29A1874273AD745005C.JPEG",
    "cantidad_archivos": 1,
    "archivos_fuente": [
      "Pictures/Fototeca de Fotos.photoslibrary/resources/derivatives/masters/8/832642BA-5D09-4568-BCD2-9A1874273AD7_4_5005_c.jpeg"
    ],
    "ultima_modificacion": "2025-08-01 01:01:10.840831"
  },
  "8a7b7da6ac574392bba4713d6e6ecba545005c.jpeg": {
    "app_sintetizada": "8A7B7DA6AC574392BBA4713D6E6ECBA545005C.JPEG",
    "cantidad_archivos": 1,
    "archivos_fuente": [
      "Pictures/Fototeca de Fotos.photoslibrary/resources/derivatives/masters/8/8A7B7DA6-AC57-4392-BBA4-713D6E6ECBA5_4_5005_c.jpeg"
    ],
    "ultima_modificacion": "2025-08-01 01:01:10.841152"
  },
  "856c5ab8dc65431fb112eaebb4a8d7f445005c.jpeg": {
    "app_sintetizada": "856C5AB8DC65431FB112EAEBB4A8D7F445005C.JPEG",
    "cantidad_archivos": 1,
    "archivos_fuente": [
      "Pictures/Fototeca de Fotos.photoslibrary/resources/derivatives/masters/8/856C5AB8-DC65-431F-B112-EAEBB4A8D7F4_4_5005_c.jpeg"
    ],
    "ultima_modificacion": "2025-08-01 01:01:10.841444"
  },
  "8a8f348e8bda460b9046c575b7dd0ee945005c.jpeg": {
    "app_sintetizada": "8A8F348E8BDA460B9046C575B7DD0EE945005C.JPEG",
    "cantidad_archivos": 1,
    "archivos_fuente": [
      "Pictures/Fototeca de Fotos.photoslibrary/resources/derivatives/masters/8/8A8F348E-8BDA-460B-9046-C575B7DD0EE9_4_5005_c.jpeg"
    ],
    "ultima_modificacion": "2025-08-01 01:01:10.841742"
  },
  "8bafc5b417ad4dd99477c8ed02544e1f45005c.jpeg": {
    "app_sintetizada": "8BAFC5B417AD4DD99477C8ED02544E1F45005C.JPEG",
    "cantidad_archivos": 1,
    "archivos_fuente": [
      "Pictures/Fototeca de Fotos.photoslibrary/resources/derivatives/masters/8/8BAFC5B4-17AD-4DD9-9477-C8ED02544E1F_4_5005_c.jpeg"
    ],
    "ultima_modificacion": "2025-08-01 01:01:10.842070"
  },
  "8fbc43040c3448139af213d0b4fe4ffe45005c.jpeg": {
    "app_sintetizada": "8FBC43040C3448139AF213D0B4FE4FFE45005C.JPEG",
    "cantidad_archivos": 1,
    "archivos_fuente": [
      "Pictures/Fototeca de Fotos.photoslibrary/resources/derivatives/masters/8/8FBC4304-0C34-4813-9AF2-13D0B4FE4FFE_4_5005_c.jpeg"
    ],
    "ultima_modificacion": "2025-08-01 01:01:10.842394"
  },
  "86a22b26748248c68d83524f6655f4aa45005c.jpeg": {
    "app_sintetizada": "86A22B26748248C68D83524F6655F4AA45005C.JPEG",
    "cantidad_archivos": 1,
    "archivos_fuente": [
      "Pictures/Fototeca de Fotos.photoslibrary/resources/derivatives/masters/8/86A22B26-7482-48C6-8D83-524F6655F4AA_4_5005_c.jpeg"
    ],
    "ultima_modificacion": "2025-08-01 01:01:10.842721"
  },
  "80b9faf05a82438a908860e8d1b012b745005c.jpeg": {
    "app_sintetizada": "80B9FAF05A82438A908860E8D1B012B745005C.JPEG",
    "cantidad_archivos": 1,
    "archivos_fuente": [
      "Pictures/Fototeca de Fotos.photoslibrary/resources/derivatives/masters/8/80B9FAF0-5A82-438A-9088-60E8D1B012B7_4_5005_c.jpeg"
    ],
    "ultima_modificacion": "2025-08-01 01:01:10.843020"
  },
  "8b2a22247dc143a9bd47abe2fa00f11c45005c.jpeg": {
    "app_sintetizada": "8B2A22247DC143A9BD47ABE2FA00F11C45005C.JPEG",
    "cantidad_archivos": 1,
    "archivos_fuente": [
      "Pictures/Fototeca de Fotos.photoslibrary/resources/derivatives/masters/8/8B2A2224-7DC1-43A9-BD47-ABE2FA00F11C_4_5005_c.jpeg"
    ],
    "ultima_modificacion": "2025-08-01 01:01:10.843315"
  },
  "82d7ce8c695c4e88a37b194b3b71743d45005c.jpeg": {
    "app_sintetizada": "82D7CE8C695C4E88A37B194B3B71743D45005C.JPEG",
    "cantidad_archivos": 1,
    "archivos_fuente": [
      "Pictures/Fototeca de Fotos.photoslibrary/resources/derivatives/masters/8/82D7CE8C-695C-4E88-A37B-194B3B71743D_4_5005_c.jpeg"
    ],
    "ultima_modificacion": "2025-08-01 01:01:10.843628"
  },
  "845bf1819b524b61af36b546b4d5fe1845005c.jpeg": {
    "app_sintetizada": "845BF1819B524B61AF36B546B4D5FE1845005C.JPEG",
    "cantidad_archivos": 1,
    "archivos_fuente": [
      "Pictures/Fototeca de Fotos.photoslibrary/resources/derivatives/masters/8/845BF181-9B52-4B61-AF36-B546B4D5FE18_4_5005_c.jpeg"
    ],
    "ultima_modificacion": "2025-08-01 01:01:10.843955"
  },
  "8684388bc686482f8d6b358c81b08f4c45005c.jpeg": {
    "app_sintetizada": "8684388BC686482F8D6B358C81B08F4C45005C.JPEG",
    "cantidad_archivos": 1,
    "archivos_fuente": [
      "Pictures/Fototeca de Fotos.photoslibrary/resources/derivatives/masters/8/8684388B-C686-482F-8D6B-358C81B08F4C_4_5005_c.jpeg"
    ],
    "ultima_modificacion": "2025-08-01 01:01:10.844261"
  },
  "84c35ea2042745c08b9410db2cb305ee45005c.jpeg": {
    "app_sintetizada": "84C35EA2042745C08B9410DB2CB305EE45005C.JPEG",
    "cantidad_archivos": 1,
    "archivos_fuente": [
      "Pictures/Fototeca de Fotos.photoslibrary/resources/derivatives/masters/8/84C35EA2-0427-45C0-8B94-10DB2CB305EE_4_5005_c.jpeg"
    ],
    "ultima_modificacion": "2025-08-01 01:01:10.844576"
  },
  "8ec063e1631c4eb489c5f61e0aa85c3945005c.jpeg": {
    "app_sintetizada": "8EC063E1631C4EB489C5F61E0AA85C3945005C.JPEG",
    "cantidad_archivos": 1,
    "archivos_fuente": [
      "Pictures/Fototeca de Fotos.photoslibrary/resources/derivatives/masters/8/8EC063E1-631C-4EB4-89C5-F61E0AA85C39_4_5005_c.jpeg"
    ],
    "ultima_modificacion": "2025-08-01 01:01:10.844881"
  },
  "81f601e64b3d4a40af502004a547566345005c.jpeg": {
    "app_sintetizada": "81F601E64B3D4A40AF502004A547566345005C.JPEG",
    "cantidad_archivos": 1,
    "archivos_fuente": [
      "Pictures/Fototeca de Fotos.photoslibrary/resources/derivatives/masters/8/81F601E6-4B3D-4A40-AF50-2004A5475663_4_5005_c.jpeg"
    ],
    "ultima_modificacion": "2025-08-01 01:01:10.845202"
  },
  "88569cd724df4e6eb27f13a89944777445005c.jpeg": {
    "app_sintetizada": "88569CD724DF4E6EB27F13A89944777445005C.JPEG",
    "cantidad_archivos": 1,
    "archivos_fuente": [
      "Pictures/Fototeca de Fotos.photoslibrary/resources/derivatives/masters/8/88569CD7-24DF-4E6E-B27F-13A899447774_4_5005_c.jpeg"
    ],
    "ultima_modificacion": "2025-08-01 01:01:10.845516"
  },
  "885b52f777d34a3b9cb430a8dea5477445005c.jpeg": {
    "app_sintetizada": "885B52F777D34A3B9CB430A8DEA5477445005C.JPEG",
    "cantidad_archivos": 1,
    "archivos_fuente": [
      "Pictures/Fototeca de Fotos.photoslibrary/resources/derivatives/masters/8/885B52F7-77D3-4A3B-9CB4-30A8DEA54774_4_5005_c.jpeg"
    ],
    "ultima_modificacion": "2025-08-01 01:01:10.845845"
  },
  "8b0c2eaaa91d4cac83028428da5c4f0045005c.jpeg": {
    "app_sintetizada": "8B0C2EAAA91D4CAC83028428DA5C4F0045005C.JPEG",
    "cantidad_archivos": 1,
    "archivos_fuente": [
      "Pictures/Fototeca de Fotos.photoslibrary/resources/derivatives/masters/8/8B0C2EAA-A91D-4CAC-8302-8428DA5C4F00_4_5005_c.jpeg"
    ],
    "ultima_modificacion": "2025-08-01 01:01:10.846221"
  },
  "86c35017d94043deaf4e34dcc6a0dfc345005c.jpeg": {
    "app_sintetizada": "86C35017D94043DEAF4E34DCC6A0DFC345005C.JPEG",
    "cantidad_archivos": 1,
    "archivos_fuente": [
      "Pictures/Fototeca de Fotos.photoslibrary/resources/derivatives/masters/8/86C35017-D940-43DE-AF4E-34DCC6A0DFC3_4_5005_c.jpeg"
    ],
    "ultima_modificacion": "2025-08-01 01:01:10.846551"
  },
  "873c63a24ac043068e5d19626266ff6b45005c.jpeg": {
    "app_sintetizada": "873C63A24AC043068E5D19626266FF6B45005C.JPEG",
    "cantidad_archivos": 1,
    "archivos_fuente": [
      "Pictures/Fototeca de Fotos.photoslibrary/resources/derivatives/masters/8/873C63A2-4AC0-4306-8E5D-19626266FF6B_4_5005_c.jpeg"
    ],
    "ultima_modificacion": "2025-08-01 01:01:10.846883"
  },
  "88c4264a0a42400685e239350122285545005c.jpeg": {
    "app_sintetizada": "88C4264A0A42400685E239350122285545005C.JPEG",
    "cantidad_archivos": 1,
    "archivos_fuente": [
      "Pictures/Fototeca de Fotos.photoslibrary/resources/derivatives/masters/8/88C4264A-0A42-4006-85E2-393501222855_4_5005_c.jpeg"
    ],
    "ultima_modificacion": "2025-08-01 01:01:10.847181"
  },
  "842564e8442346a49a5ff46f2e6740a445005c.jpeg": {
    "app_sintetizada": "842564E8442346A49A5FF46F2E6740A445005C.JPEG",
    "cantidad_archivos": 1,
    "archivos_fuente": [
      "Pictures/Fototeca de Fotos.photoslibrary/resources/derivatives/masters/8/842564E8-4423-46A4-9A5F-F46F2E6740A4_4_5005_c.jpeg"
    ],
    "ultima_modificacion": "2025-08-01 01:01:10.847479"
  },
  "80f6f48fa2e3484cbf48de79fb61ea8a45005c.jpeg": {
    "app_sintetizada": "80F6F48FA2E3484CBF48DE79FB61EA8A45005C.JPEG",
    "cantidad_archivos": 1,
    "archivos_fuente": [
      "Pictures/Fototeca de Fotos.photoslibrary/resources/derivatives/masters/8/80F6F48F-A2E3-484C-BF48-DE79FB61EA8A_4_5005_c.jpeg"
    ],
    "ultima_modificacion": "2025-08-01 01:01:10.847761"
  },
  "8f1f2844c24240908aa68378fe8526f945005c.jpeg": {
    "app_sintetizada": "8F1F2844C24240908AA68378FE8526F945005C.JPEG",
    "cantidad_archivos": 1,
    "archivos_fuente": [
      "Pictures/Fototeca de Fotos.photoslibrary/resources/derivatives/masters/8/8F1F2844-C242-4090-8AA6-8378FE8526F9_4_5005_c.jpeg"
    ],
    "ultima_modificacion": "2025-08-01 01:01:10.848075"
  },
  "80e44ebd642247ec8a24c50f77f9e85a45005c.jpeg": {
    "app_sintetizada": "80E44EBD642247EC8A24C50F77F9E85A45005C.JPEG",
    "cantidad_archivos": 1,
    "archivos_fuente": [
      "Pictures/Fototeca de Fotos.photoslibrary/resources/derivatives/masters/8/80E44EBD-6422-47EC-8A24-C50F77F9E85A_4_5005_c.jpeg"
    ],
    "ultima_modificacion": "2025-08-01 01:01:10.848365"
  },
  "8519fee5bbcf43a4a0692e5d0acfe02545005c.jpeg": {
    "app_sintetizada": "8519FEE5BBCF43A4A0692E5D0ACFE02545005C.JPEG",
    "cantidad_archivos": 1,
    "archivos_fuente": [
      "Pictures/Fototeca de Fotos.photoslibrary/resources/derivatives/masters/8/8519FEE5-BBCF-43A4-A069-2E5D0ACFE025_4_5005_c.jpeg"
    ],
    "ultima_modificacion": "2025-08-01 01:01:10.848683"
  },
  "89f37d1da4c64a8388ea6286afba294445005c.jpeg": {
    "app_sintetizada": "89F37D1DA4C64A8388EA6286AFBA294445005C.JPEG",
    "cantidad_archivos": 1,
    "archivos_fuente": [
      "Pictures/Fototeca de Fotos.photoslibrary/resources/derivatives/masters/8/89F37D1D-A4C6-4A83-88EA-6286AFBA2944_4_5005_c.jpeg"
    ],
    "ultima_modificacion": "2025-08-01 01:01:10.848992"
  },
  "87efa3cf80a24e85ab3d06d3a99edcee45005c.jpeg": {
    "app_sintetizada": "87EFA3CF80A24E85AB3D06D3A99EDCEE45005C.JPEG",
    "cantidad_archivos": 1,
    "archivos_fuente": [
      "Pictures/Fototeca de Fotos.photoslibrary/resources/derivatives/masters/8/87EFA3CF-80A2-4E85-AB3D-06D3A99EDCEE_4_5005_c.jpeg"
    ],
    "ultima_modificacion": "2025-08-01 01:01:10.849314"
  },
  "863c9c098926402bb9c5b8cac28c5f1945005c.jpeg": {
    "app_sintetizada": "863C9C098926402BB9C5B8CAC28C5F1945005C.JPEG",
    "cantidad_archivos": 1,
    "archivos_fuente": [
      "Pictures/Fototeca de Fotos.photoslibrary/resources/derivatives/masters/8/863C9C09-8926-402B-B9C5-B8CAC28C5F19_4_5005_c.jpeg"
    ],
    "ultima_modificacion": "2025-08-01 01:01:10.849624"
  },
  "8244c517df0b471ca03b3060b431b94545005c.jpeg": {
    "app_sintetizada": "8244C517DF0B471CA03B3060B431B94545005C.JPEG",
    "cantidad_archivos": 1,
    "archivos_fuente": [
      "Pictures/Fototeca de Fotos.photoslibrary/resources/derivatives/masters/8/8244C517-DF0B-471C-A03B-3060B431B945_4_5005_c.jpeg"
    ],
    "ultima_modificacion": "2025-08-01 01:01:10.849968"
  },
  "8a4c57e989fe44b7b5e4cdffddce08ab45005c.jpeg": {
    "app_sintetizada": "8A4C57E989FE44B7B5E4CDFFDDCE08AB45005C.JPEG",
    "cantidad_archivos": 1,
    "archivos_fuente": [
      "Pictures/Fototeca de Fotos.photoslibrary/resources/derivatives/masters/8/8A4C57E9-89FE-44B7-B5E4-CDFFDDCE08AB_4_5005_c.jpeg"
    ],
    "ultima_modificacion": "2025-08-01 01:01:10.850323"
  },
  "8dd4fd22fbdc4db09083fbbaf692480945005c.jpeg": {
    "app_sintetizada": "8DD4FD22FBDC4DB09083FBBAF692480945005C.JPEG",
    "cantidad_archivos": 1,
    "archivos_fuente": [
      "Pictures/Fototeca de Fotos.photoslibrary/resources/derivatives/masters/8/8DD4FD22-FBDC-4DB0-9083-FBBAF6924809_4_5005_c.jpeg"
    ],
    "ultima_modificacion": "2025-08-01 01:01:10.850644"
  }
}