{
  "ffdee84ebb42444c883e6fa7bbf4463c45005c.jpeg": {
    "app_sintetizada": "FFDEE84EBB42444C883E6FA7BBF4463C45005C.JPEG",
    "cantidad_archivos": 1,
    "archivos_fuente": [
      "Pictures/Fototeca de Fotos.photoslibrary/resources/derivatives/masters/F/FFDEE84E-BB42-444C-883E-6FA7BBF4463C_4_5005_c.jpeg"
    ],
    "ultima_modificacion": "2025-08-01 01:01:12.222968"
  },
  "f22b6de62252443fa90135b92104e7af45005c.jpeg": {
    "app_sintetizada": "F22B6DE62252443FA90135B92104E7AF45005C.JPEG",
    "cantidad_archivos": 1,
    "archivos_fuente": [
      "Pictures/Fototeca de Fotos.photoslibrary/resources/derivatives/masters/F/F22B6DE6-2252-443F-A901-35B92104E7AF_4_5005_c.jpeg"
    ],
    "ultima_modificacion": "2025-08-01 01:01:12.223285"
  },
  "fcf2d251ad7f4bca9971fda59c89d60045005c.jpeg": {
    "app_sintetizada": "FCF2D251AD7F4BCA9971FDA59C89D60045005C.JPEG",
    "cantidad_archivos": 1,
    "archivos_fuente": [
      "Pictures/Fototeca de Fotos.photoslibrary/resources/derivatives/masters/F/FCF2D251-AD7F-4BCA-9971-FDA59C89D600_4_5005_c.jpeg"
    ],
    "ultima_modificacion": "2025-08-01 01:01:12.223534"
  },
  "f5b5c3fd33294113af04e0d3cd95b76445005c.jpeg": {
    "app_sintetizada": "F5B5C3FD33294113AF04E0D3CD95B76445005C.JPEG",
    "cantidad_archivos": 1,
    "archivos_fuente": [
      "Pictures/Fototeca de Fotos.photoslibrary/resources/derivatives/masters/F/F5B5C3FD-3329-4113-AF04-E0D3CD95B764_4_5005_c.jpeg"
    ],
    "ultima_modificacion": "2025-08-01 01:01:12.223906"
  },
  "f2dab5a8f7de4156976d551fa69d4f3945005c.jpeg": {
    "app_sintetizada": "F2DAB5A8F7DE4156976D551FA69D4F3945005C.JPEG",
    "cantidad_archivos": 1,
    "archivos_fuente": [
      "Pictures/Fototeca de Fotos.photoslibrary/resources/derivatives/masters/F/F2DAB5A8-F7DE-4156-976D-551FA69D4F39_4_5005_c.jpeg"
    ],
    "ultima_modificacion": "2025-08-01 01:01:12.224174"
  },
  "fc67362103af466991a77df9a192c25e45005c.jpeg": {
    "app_sintetizada": "FC67362103AF466991A77DF9A192C25E45005C.JPEG",
    "cantidad_archivos": 1,
    "archivos_fuente": [
      "Pictures/Fototeca de Fotos.photoslibrary/resources/derivatives/masters/F/FC673621-03AF-4669-91A7-7DF9A192C25E_4_5005_c.jpeg"
    ],
    "ultima_modificacion": "2025-08-01 01:01:12.224531"
  },
  "f134dacf9a344209bae5715ed3f3009f45005c.jpeg": {
    "app_sintetizada": "F134DACF9A344209BAE5715ED3F3009F45005C.JPEG",
    "cantidad_archivos": 1,
    "archivos_fuente": [
      "Pictures/Fototeca de Fotos.photoslibrary/resources/derivatives/masters/F/F134DACF-9A34-4209-BAE5-715ED3F3009F_4_5005_c.jpeg"
    ],
    "ultima_modificacion": "2025-08-01 01:01:12.224812"
  },
  "f3f26a1d94ba4d8985e2d227fab004d745005c.jpeg": {
    "app_sintetizada": "F3F26A1D94BA4D8985E2D227FAB004D745005C.JPEG",
    "cantidad_archivos": 1,
    "archivos_fuente": [
      "Pictures/Fototeca de Fotos.photoslibrary/resources/derivatives/masters/F/F3F26A1D-94BA-4D89-85E2-D227FAB004D7_4_5005_c.jpeg"
    ],
    "ultima_modificacion": "2025-08-01 01:01:12.225105"
  },
  "ff5602411ca748f2bf95d0f7d9d3f2ba45005c.jpeg": {
    "app_sintetizada": "FF5602411CA748F2BF95D0F7D9D3F2BA45005C.JPEG",
    "cantidad_archivos": 1,
    "archivos_fuente": [
      "Pictures/Fototeca de Fotos.photoslibrary/resources/derivatives/masters/F/FF560241-1CA7-48F2-BF95-D0F7D9D3F2BA_4_5005_c.jpeg"
    ],
    "ultima_modificacion": "2025-08-01 01:01:12.225399"
  },
  "fbcd6ca48e89470baee7a6a09b8d502e45005c.jpeg": {
    "app_sintetizada": "FBCD6CA48E89470BAEE7A6A09B8D502E45005C.JPEG",
    "cantidad_archivos": 1,
    "archivos_fuente": [
      "Pictures/Fototeca de Fotos.photoslibrary/resources/derivatives/masters/F/FBCD6CA4-8E89-470B-AEE7-A6A09B8D502E_4_5005_c.jpeg"
    ],
    "ultima_modificacion": "2025-08-01 01:01:12.225637"
  },
  "f10561048a48402880988e78ae0d353045005c.jpeg": {
    "app_sintetizada": "F10561048A48402880988E78AE0D353045005C.JPEG",
    "cantidad_archivos": 1,
    "archivos_fuente": [
      "Pictures/Fototeca de Fotos.photoslibrary/resources/derivatives/masters/F/F1056104-8A48-4028-8098-8E78AE0D3530_4_5005_c.jpeg"
    ],
    "ultima_modificacion": "2025-08-01 01:01:12.225857"
  },
  "f7821c6f76f7459b8a99e8c1ae870e1b45005c.jpeg": {
    "app_sintetizada": "F7821C6F76F7459B8A99E8C1AE870E1B45005C.JPEG",
    "cantidad_archivos": 1,
    "archivos_fuente": [
      "Pictures/Fototeca de Fotos.photoslibrary/resources/derivatives/masters/F/F7821C6F-76F7-459B-8A99-E8C1AE870E1B_4_5005_c.jpeg"
    ],
    "ultima_modificacion": "2025-08-01 01:01:12.226179"
  },
  "f1eb6dcaedf247ebb91f876d960566e445005c.jpeg": {
    "app_sintetizada": "F1EB6DCAEDF247EBB91F876D960566E445005C.JPEG",
    "cantidad_archivos": 1,
    "archivos_fuente": [
      "Pictures/Fototeca de Fotos.photoslibrary/resources/derivatives/masters/F/F1EB6DCA-EDF2-47EB-B91F-876D960566E4_4_5005_c.jpeg"
    ],
    "ultima_modificacion": "2025-08-01 01:01:12.226420"
  },
  "f9849508a6d54d71802f478425b20f8745005c.jpeg": {
    "app_sintetizada": "F9849508A6D54D71802F478425B20F8745005C.JPEG",
    "cantidad_archivos": 1,
    "archivos_fuente": [
      "Pictures/Fototeca de Fotos.photoslibrary/resources/derivatives/masters/F/F9849508-A6D5-4D71-802F-478425B20F87_4_5005_c.jpeg"
    ],
    "ultima_modificacion": "2025-08-01 01:01:12.226701"
  },
  "f33c0547f4954bddb3d0d734f316b7c345005c.jpeg": {
    "app_sintetizada": "F33C0547F4954BDDB3D0D734F316B7C345005C.JPEG",
    "cantidad_archivos": 1,
    "archivos_fuente": [
      "Pictures/Fototeca de Fotos.photoslibrary/resources/derivatives/masters/F/F33C0547-F495-4BDD-B3D0-D734F316B7C3_4_5005_c.jpeg"
    ],
    "ultima_modificacion": "2025-08-01 01:01:12.226958"
  },
  "f6e0c2fa276d4cf89d76d675653ea7f945005c.jpeg": {
    "app_sintetizada": "F6E0C2FA276D4CF89D76D675653EA7F945005C.JPEG",
    "cantidad_archivos": 1,
    "archivos_fuente": [
      "Pictures/Fototeca de Fotos.photoslibrary/resources/derivatives/masters/F/F6E0C2FA-276D-4CF8-9D76-D675653EA7F9_4_5005_c.jpeg"
    ],
    "ultima_modificacion": "2025-08-01 01:01:12.227216"
  },
  "fcf42a980945436089707991f69fe1e145005c.jpeg": {
    "app_sintetizada": "FCF42A980945436089707991F69FE1E145005C.JPEG",
    "cantidad_archivos": 1,
    "archivos_fuente": [
      "Pictures/Fototeca de Fotos.photoslibrary/resources/derivatives/masters/F/FCF42A98-0945-4360-8970-7991F69FE1E1_4_5005_c.jpeg"
    ],
    "ultima_modificacion": "2025-08-01 01:01:12.227456"
  },
  "fb97877f891f4783871bfab7319c789245005c.jpeg": {
    "app_sintetizada": "FB97877F891F4783871BFAB7319C789245005C.JPEG",
    "cantidad_archivos": 1,
    "archivos_fuente": [
      "Pictures/Fototeca de Fotos.photoslibrary/resources/derivatives/masters/F/FB97877F-891F-4783-871B-FAB7319C7892_4_5005_c.jpeg"
    ],
    "ultima_modificacion": "2025-08-01 01:01:12.227741"
  },
  "f9cf0db31ebd4d55a0adb023f229fbc445005c.jpeg": {
    "app_sintetizada": "F9CF0DB31EBD4D55A0ADB023F229FBC445005C.JPEG",
    "cantidad_archivos": 1,
    "archivos_fuente": [
      "Pictures/Fototeca de Fotos.photoslibrary/resources/derivatives/masters/F/F9CF0DB3-1EBD-4D55-A0AD-B023F229FBC4_4_5005_c.jpeg"
    ],
    "ultima_modificacion": "2025-08-01 01:01:12.227985"
  },
  "f3fe1a56f0834407a2991f9e090bd79945005c.jpeg": {
    "app_sintetizada": "F3FE1A56F0834407A2991F9E090BD79945005C.JPEG",
    "cantidad_archivos": 1,
    "archivos_fuente": [
      "Pictures/Fototeca de Fotos.photoslibrary/resources/derivatives/masters/F/F3FE1A56-F083-4407-A299-1F9E090BD799_4_5005_c.jpeg"
    ],
    "ultima_modificacion": "2025-08-01 01:01:12.228252"
  },
  "fc15611cee8f44b8a836cf61db14260745005c.jpeg": {
    "app_sintetizada": "FC15611CEE8F44B8A836CF61DB14260745005C.JPEG",
    "cantidad_archivos": 1,
    "archivos_fuente": [
      "Pictures/Fototeca de Fotos.photoslibrary/resources/derivatives/masters/F/FC15611C-EE8F-44B8-A836-CF61DB142607_4_5005_c.jpeg"
    ],
    "ultima_modificacion": "2025-08-01 01:01:12.228491"
  },
  "feb2f56b70c6449d8d93ff9f6ddb1d7345005c.jpeg": {
    "app_sintetizada": "FEB2F56B70C6449D8D93FF9F6DDB1D7345005C.JPEG",
    "cantidad_archivos": 1,
    "archivos_fuente": [
      "Pictures/Fototeca de Fotos.photoslibrary/resources/derivatives/masters/F/FEB2F56B-70C6-449D-8D93-FF9F6DDB1D73_4_5005_c.jpeg"
    ],
    "ultima_modificacion": "2025-08-01 01:01:12.228739"
  },
  "f2fb843a483e48f8be184c754399d5a145005c.jpeg": {
    "app_sintetizada": "F2FB843A483E48F8BE184C754399D5A145005C.JPEG",
    "cantidad_archivos": 1,
    "archivos_fuente": [
      "Pictures/Fototeca de Fotos.photoslibrary/resources/derivatives/masters/F/F2FB843A-483E-48F8-BE18-4C754399D5A1_4_5005_c.jpeg"
    ],
    "ultima_modificacion": "2025-08-01 01:01:12.229004"
  },
  "ff3b80c70232498e9a3bd9286a57de9045005c.jpeg": {
    "app_sintetizada": "FF3B80C70232498E9A3BD9286A57DE9045005C.JPEG",
    "cantidad_archivos": 1,
    "archivos_fuente": [
      "Pictures/Fototeca de Fotos.photoslibrary/resources/derivatives/masters/F/FF3B80C7-0232-498E-9A3B-D9286A57DE90_4_5005_c.jpeg"
    ],
    "ultima_modificacion": "2025-08-01 01:01:12.229287"
  },
  "f5257da65242441bab2cd23fcd2c05b545005c.jpeg": {
    "app_sintetizada": "F5257DA65242441BAB2CD23FCD2C05B545005C.JPEG",
    "cantidad_archivos": 1,
    "archivos_fuente": [
      "Pictures/Fototeca de Fotos.photoslibrary/resources/derivatives/masters/F/F5257DA6-5242-441B-AB2C-D23FCD2C05B5_4_5005_c.jpeg"
    ],
    "ultima_modificacion": "2025-08-01 01:01:12.229557"
  },
  "f47f2b644e654465b231211acfde828445005c.jpeg": {
    "app_sintetizada": "F47F2B644E654465B231211ACFDE828445005C.JPEG",
    "cantidad_archivos": 1,
    "archivos_fuente": [
      "Pictures/Fototeca de Fotos.photoslibrary/resources/derivatives/masters/F/F47F2B64-4E65-4465-B231-211ACFDE8284_4_5005_c.jpeg"
    ],
    "ultima_modificacion": "2025-08-01 01:01:12.229793"
  },
  "f2e9203876e14968bc06caaa836fd91045005c.jpeg": {
    "app_sintetizada": "F2E9203876E14968BC06CAAA836FD91045005C.JPEG",
    "cantidad_archivos": 1,
    "archivos_fuente": [
      "Pictures/Fototeca de Fotos.photoslibrary/resources/derivatives/masters/F/F2E92038-76E1-4968-BC06-CAAA836FD910_4_5005_c.jpeg"
    ],
    "ultima_modificacion": "2025-08-01 01:01:12.230041"
  },
  "f1582ae4941f4c219fb4f35411fdd92845005c.jpeg": {
    "app_sintetizada": "F1582AE4941F4C219FB4F35411FDD92845005C.JPEG",
    "cantidad_archivos": 1,
    "archivos_fuente": [
      "Pictures/Fototeca de Fotos.photoslibrary/resources/derivatives/masters/F/F1582AE4-941F-4C21-9FB4-F35411FDD928_4_5005_c.jpeg"
    ],
    "ultima_modificacion": "2025-08-01 01:01:12.230355"
  },
  "f696e43859784667a5cd1b6a870b536745005c.jpeg": {
    "app_sintetizada": "F696E43859784667A5CD1B6A870B536745005C.JPEG",
    "cantidad_archivos": 1,
    "archivos_fuente": [
      "Pictures/Fototeca de Fotos.photoslibrary/resources/derivatives/masters/F/F696E438-5978-4667-A5CD-1B6A870B5367_4_5005_c.jpeg"
    ],
    "ultima_modificacion": "2025-08-01 01:01:12.230586"
  },
  "fd2e3038ef344b50814cb590aebf289c45005c.jpeg": {
    "app_sintetizada": "FD2E3038EF344B50814CB590AEBF289C45005C.JPEG",
    "cantidad_archivos": 1,
    "archivos_fuente": [
      "Pictures/Fototeca de Fotos.photoslibrary/resources/derivatives/masters/F/FD2E3038-EF34-4B50-814C-B590AEBF289C_4_5005_c.jpeg"
    ],
    "ultima_modificacion": "2025-08-01 01:01:12.230858"
  },
  "f6d56ee4c62a4c8d9cf0fa52b597ae8745005c.jpeg": {
    "app_sintetizada": "F6D56EE4C62A4C8D9CF0FA52B597AE8745005C.JPEG",
    "cantidad_archivos": 1,
    "archivos_fuente": [
      "Pictures/Fototeca de Fotos.photoslibrary/resources/derivatives/masters/F/F6D56EE4-C62A-4C8D-9CF0-FA52B597AE87_4_5005_c.jpeg"
    ],
    "ultima_modificacion": "2025-08-01 01:01:12.231102"
  },
  "ffdbf49983344031a73c93edac3e428745005c.jpeg": {
    "app_sintetizada": "FFDBF49983344031A73C93EDAC3E428745005C.JPEG",
    "cantidad_archivos": 1,
    "archivos_fuente": [
      "Pictures/Fototeca de Fotos.photoslibrary/resources/derivatives/masters/F/FFDBF499-8334-4031-A73C-93EDAC3E4287_4_5005_c.jpeg"
    ],
    "ultima_modificacion": "2025-08-01 01:01:12.231383"
  },
  "f156fb47c23e4d0f83602f74c1d9119545005c.jpeg": {
    "app_sintetizada": "F156FB47C23E4D0F83602F74C1D9119545005C.JPEG",
    "cantidad_archivos": 1,
    "archivos_fuente": [
      "Pictures/Fototeca de Fotos.photoslibrary/resources/derivatives/masters/F/F156FB47-C23E-4D0F-8360-2F74C1D91195_4_5005_c.jpeg"
    ],
    "ultima_modificacion": "2025-08-01 01:01:12.231607"
  },
  "ffa60f93f1f945949c95f7dd8a62e61045005c.jpeg": {
    "app_sintetizada": "FFA60F93F1F945949C95F7DD8A62E61045005C.JPEG",
    "cantidad_archivos": 1,
    "archivos_fuente": [
      "Pictures/Fototeca de Fotos.photoslibrary/resources/derivatives/masters/F/FFA60F93-F1F9-4594-9C95-F7DD8A62E610_4_5005_c.jpeg"
    ],
    "ultima_modificacion": "2025-08-01 01:01:12.231805"
  },
  "fbc69ef123e2496cb54b62ae4d834e5b45005c.jpeg": {
    "app_sintetizada": "FBC69EF123E2496CB54B62AE4D834E5B45005C.JPEG",
    "cantidad_archivos": 1,
    "archivos_fuente": [
      "Pictures/Fototeca de Fotos.photoslibrary/resources/derivatives/masters/F/FBC69EF1-23E2-496C-B54B-62AE4D834E5B_4_5005_c.jpeg"
    ],
    "ultima_modificacion": "2025-08-01 01:01:12.232006"
  },
  "fdc2ef5d2ed645369e86d175a931ff0245005c.jpeg": {
    "app_sintetizada": "FDC2EF5D2ED645369E86D175A931FF0245005C.JPEG",
    "cantidad_archivos": 1,
    "archivos_fuente": [
      "Pictures/Fototeca de Fotos.photoslibrary/resources/derivatives/masters/F/FDC2EF5D-2ED6-4536-9E86-D175A931FF02_4_5005_c.jpeg"
    ],
    "ultima_modificacion": "2025-08-01 01:01:12.232215"
  },
  "ff583492f244430bb196d10b6cbc36b245005c.jpeg": {
    "app_sintetizada": "FF583492F244430BB196D10B6CBC36B245005C.JPEG",
    "cantidad_archivos": 1,
    "archivos_fuente": [
      "Pictures/Fototeca de Fotos.photoslibrary/resources/derivatives/masters/F/FF583492-F244-430B-B196-D10B6CBC36B2_4_5005_c.jpeg"
    ],
    "ultima_modificacion": "2025-08-01 01:01:12.232484"
  },
  "fa37af57218b4ff4b1158040ac7ef44745005c.jpeg": {
    "app_sintetizada": "FA37AF57218B4FF4B1158040AC7EF44745005C.JPEG",
    "cantidad_archivos": 1,
    "archivos_fuente": [
      "Pictures/Fototeca de Fotos.photoslibrary/resources/derivatives/masters/F/FA37AF57-218B-4FF4-B115-8040AC7EF447_4_5005_c.jpeg"
    ],
    "ultima_modificacion": "2025-08-01 01:01:12.232714"
  },
  "f9db1485388f44da9ec82222dd2cfa5045005c.jpeg": {
    "app_sintetizada": "F9DB1485388F44DA9EC82222DD2CFA5045005C.JPEG",
    "cantidad_archivos": 1,
    "archivos_fuente": [
      "Pictures/Fototeca de Fotos.photoslibrary/resources/derivatives/masters/F/F9DB1485-388F-44DA-9EC8-2222DD2CFA50_4_5005_c.jpeg"
    ],
    "ultima_modificacion": "2025-08-01 01:01:12.232941"
  },
  "fcde3667e0894bbc921525b3cc07832345005c.jpeg": {
    "app_sintetizada": "FCDE3667E0894BBC921525B3CC07832345005C.JPEG",
    "cantidad_archivos": 1,
    "archivos_fuente": [
      "Pictures/Fototeca de Fotos.photoslibrary/resources/derivatives/masters/F/FCDE3667-E089-4BBC-9215-25B3CC078323_4_5005_c.jpeg"
    ],
    "ultima_modificacion": "2025-08-01 01:01:12.233165"
  },
  "fdf89463659e4792ba7a6230f5c3c18145005c.jpeg": {
    "app_sintetizada": "FDF89463659E4792BA7A6230F5C3C18145005C.JPEG",
    "cantidad_archivos": 1,
    "archivos_fuente": [
      "Pictures/Fototeca de Fotos.photoslibrary/resources/derivatives/masters/F/FDF89463-659E-4792-BA7A-6230F5C3C181_4_5005_c.jpeg"
    ],
    "ultima_modificacion": "2025-08-01 01:01:12.233419"
  },
  "f388a4651352461691176b4d159c221645005c.jpeg": {
    "app_sintetizada": "F388A4651352461691176B4D159C221645005C.JPEG",
    "cantidad_archivos": 1,
    "archivos_fuente": [
      "Pictures/Fototeca de Fotos.photoslibrary/resources/derivatives/masters/F/F388A465-1352-4616-9117-6B4D159C2216_4_5005_c.jpeg"
    ],
    "ultima_modificacion": "2025-08-01 01:01:12.233685"
  },
  "f287debeb20e44b3808bce7ad812f7bc45005c.jpeg": {
    "app_sintetizada": "F287DEBEB20E44B3808BCE7AD812F7BC45005C.JPEG",
    "cantidad_archivos": 1,
    "archivos_fuente": [
      "Pictures/Fototeca de Fotos.photoslibrary/resources/derivatives/masters/F/F287DEBE-B20E-44B3-808B-CE7AD812F7BC_4_5005_c.jpeg"
    ],
    "ultima_modificacion": "2025-08-01 01:01:12.233895"
  },
  "f7ca8aabeb884f9494cbfbd0422c002345005c.jpeg": {
    "app_sintetizada": "F7CA8AABEB884F9494CBFBD0422C002345005C.JPEG",
    "cantidad_archivos": 1,
    "archivos_fuente": [
      "Pictures/Fototeca de Fotos.photoslibrary/resources/derivatives/masters/F/F7CA8AAB-EB88-4F94-94CB-FBD0422C0023_4_5005_c.jpeg"
    ],
    "ultima_modificacion": "2025-08-01 01:01:12.234085"
  },
  "f5d2f2212590481e937f7c981eb7886545005c.jpeg": {
    "app_sintetizada": "F5D2F2212590481E937F7C981EB7886545005C.JPEG",
    "cantidad_archivos": 1,
    "archivos_fuente": [
      "Pictures/Fototeca de Fotos.photoslibrary/resources/derivatives/masters/F/F5D2F221-2590-481E-937F-7C981EB78865_4_5005_c.jpeg"
    ],
    "ultima_modificacion": "2025-08-01 01:01:12.234264"
  },
  "fb84d9542bc64e67af101ca1d7ff2e3845005c.jpeg": {
    "app_sintetizada": "FB84D9542BC64E67AF101CA1D7FF2E3845005C.JPEG",
    "cantidad_archivos": 1,
    "archivos_fuente": [
      "Pictures/Fototeca de Fotos.photoslibrary/resources/derivatives/masters/F/FB84D954-2BC6-4E67-AF10-1CA1D7FF2E38_4_5005_c.jpeg"
    ],
    "ultima_modificacion": "2025-08-01 01:01:12.234437"
  },
  "f0132f445be74c2dbf1c98ac2eec139145005c.jpeg": {
    "app_sintetizada": "F0132F445BE74C2DBF1C98AC2EEC139145005C.JPEG",
    "cantidad_archivos": 1,
    "archivos_fuente": [
      "Pictures/Fototeca de Fotos.photoslibrary/resources/derivatives/masters/F/F0132F44-5BE7-4C2D-BF1C-98AC2EEC1391_4_5005_c.jpeg"
    ],
    "ultima_modificacion": "2025-08-01 01:01:12.234614"
  },
  "fdd1a7f28ec34faca3d7d3153384168745005c.jpeg": {
    "app_sintetizada": "FDD1A7F28EC34FACA3D7D3153384168745005C.JPEG",
    "cantidad_archivos": 1,
    "archivos_fuente": [
      "Pictures/Fototeca de Fotos.photoslibrary/resources/derivatives/masters/F/FDD1A7F2-8EC3-4FAC-A3D7-D31533841687_4_5005_c.jpeg"
    ],
    "ultima_modificacion": "2025-08-01 01:01:12.234823"
  },
  "f5dd934539df490489ece17f04d11a7e45005c.jpeg": {
    "app_sintetizada": "F5DD934539DF490489ECE17F04D11A7E45005C.JPEG",
    "cantidad_archivos": 1,
    "archivos_fuente": [
      "Pictures/Fototeca de Fotos.photoslibrary/resources/derivatives/masters/F/F5DD9345-39DF-4904-89EC-E17F04D11A7E_4_5005_c.jpeg"
    ],
    "ultima_modificacion": "2025-08-01 01:01:12.235125"
  },
  "fc062418232c4830b7d4c6ca72ef448945005c.jpeg": {
    "app_sintetizada": "FC062418232C4830B7D4C6CA72EF448945005C.JPEG",
    "cantidad_archivos": 1,
    "archivos_fuente": [
      "Pictures/Fototeca de Fotos.photoslibrary/resources/derivatives/masters/F/FC062418-232C-4830-B7D4-C6CA72EF4489_4_5005_c.jpeg"
    ],
    "ultima_modificacion": "2025-08-01 01:01:12.235455"
  },
  "fdd97db4936d47d597893a2a3cf5529b45005c.jpeg": {
    "app_sintetizada": "FDD97DB4936D47D597893A2A3CF5529B45005C.JPEG",
    "cantidad_archivos": 1,
    "archivos_fuente": [
      "Pictures/Fototeca de Fotos.photoslibrary/resources/derivatives/masters/F/FDD97DB4-936D-47D5-9789-3A2A3CF5529B_4_5005_c.jpeg"
    ],
    "ultima_modificacion": "2025-08-01 01:01:12.235739"
  },
  "f10a66553abf42828bcc81fec4199d5a45005c.jpeg": {
    "app_sintetizada": "F10A66553ABF42828BCC81FEC4199D5A45005C.JPEG",
    "cantidad_archivos": 1,
    "archivos_fuente": [
      "Pictures/Fototeca de Fotos.photoslibrary/resources/derivatives/masters/F/F10A6655-3ABF-4282-8BCC-81FEC4199D5A_4_5005_c.jpeg"
    ],
    "ultima_modificacion": "2025-08-01 01:01:12.235994"
  },
  "fc4d351c6e0b41c4a07bba22f217517e45005c.jpeg": {
    "app_sintetizada": "FC4D351C6E0B41C4A07BBA22F217517E45005C.JPEG",
    "cantidad_archivos": 1,
    "archivos_fuente": [
      "Pictures/Fototeca de Fotos.photoslibrary/resources/derivatives/masters/F/FC4D351C-6E0B-41C4-A07B-BA22F217517E_4_5005_c.jpeg"
    ],
    "ultima_modificacion": "2025-08-01 01:01:12.236330"
  },
  "f150c2761d9a424cb8ff844243baeb9745005c.jpeg": {
    "app_sintetizada": "F150C2761D9A424CB8FF844243BAEB9745005C.JPEG",
    "cantidad_archivos": 1,
    "archivos_fuente": [
      "Pictures/Fototeca de Fotos.photoslibrary/resources/derivatives/masters/F/F150C276-1D9A-424C-B8FF-844243BAEB97_4_5005_c.jpeg"
    ],
    "ultima_modificacion": "2025-08-01 01:01:12.236605"
  },
  "fb973de22979415f833c44df1aa53ef445005c.jpeg": {
    "app_sintetizada": "FB973DE22979415F833C44DF1AA53EF445005C.JPEG",
    "cantidad_archivos": 1,
    "archivos_fuente": [
      "Pictures/Fototeca de Fotos.photoslibrary/resources/derivatives/masters/F/FB973DE2-2979-415F-833C-44DF1AA53EF4_4_5005_c.jpeg"
    ],
    "ultima_modificacion": "2025-08-01 01:01:12.236913"
  },
  "f8e24a4a84e14132ab1814ffb6a8d42445005c.jpeg": {
    "app_sintetizada": "F8E24A4A84E14132AB1814FFB6A8D42445005C.JPEG",
    "cantidad_archivos": 1,
    "archivos_fuente": [
      "Pictures/Fototeca de Fotos.photoslibrary/resources/derivatives/masters/F/F8E24A4A-84E1-4132-AB18-14FFB6A8D424_4_5005_c.jpeg"
    ],
    "ultima_modificacion": "2025-08-01 01:01:12.237197"
  },
  "f19493c87dc346dc8a72e057acec3ccd45005c.jpeg": {
    "app_sintetizada": "F19493C87DC346DC8A72E057ACEC3CCD45005C.JPEG",
    "cantidad_archivos": 1,
    "archivos_fuente": [
      "Pictures/Fototeca de Fotos.photoslibrary/resources/derivatives/masters/F/F19493C8-7DC3-46DC-8A72-E057ACEC3CCD_4_5005_c.jpeg"
    ],
    "ultima_modificacion": "2025-08-01 01:01:12.237638"
  },
  "f7054aa43434439885ba6d3259bb626145005c.jpeg": {
    "app_sintetizada": "F7054AA43434439885BA6D3259BB626145005C.JPEG",
    "cantidad_archivos": 1,
    "archivos_fuente": [
      "Pictures/Fototeca de Fotos.photoslibrary/resources/derivatives/masters/F/F7054AA4-3434-4398-85BA-6D3259BB6261_4_5005_c.jpeg"
    ],
    "ultima_modificacion": "2025-08-01 01:01:12.237940"
  },
  "fed509967a5f4c558f82e375ba6b429045005c.jpeg": {
    "app_sintetizada": "FED509967A5F4C558F82E375BA6B429045005C.JPEG",
    "cantidad_archivos": 1,
    "archivos_fuente": [
      "Pictures/Fototeca de Fotos.photoslibrary/resources/derivatives/masters/F/FED50996-7A5F-4C55-8F82-E375BA6B4290_4_5005_c.jpeg"
    ],
    "ultima_modificacion": "2025-08-01 01:01:12.238220"
  },
  "f9a7b34658434be0b1ff3441cac21c0145005c.jpeg": {
    "app_sintetizada": "F9A7B34658434BE0B1FF3441CAC21C0145005C.JPEG",
    "cantidad_archivos": 1,
    "archivos_fuente": [
      "Pictures/Fototeca de Fotos.photoslibrary/resources/derivatives/masters/F/F9A7B346-5843-4BE0-B1FF-3441CAC21C01_4_5005_c.jpeg"
    ],
    "ultima_modificacion": "2025-08-01 01:01:12.238533"
  },
  "f1b092a684444e119625e8ccad2c2c1345005c.jpeg": {
    "app_sintetizada": "F1B092A684444E119625E8CCAD2C2C1345005C.JPEG",
    "cantidad_archivos": 1,
    "archivos_fuente": [
      "Pictures/Fototeca de Fotos.photoslibrary/resources/derivatives/masters/F/F1B092A6-8444-4E11-9625-E8CCAD2C2C13_4_5005_c.jpeg"
    ],
    "ultima_modificacion": "2025-08-01 01:01:12.238817"
  },
  "f7c2190f88bf43db8eb79cb804ee745645005c.jpeg": {
    "app_sintetizada": "F7C2190F88BF43DB8EB79CB804EE745645005C.JPEG",
    "cantidad_archivos": 1,
    "archivos_fuente": [
      "Pictures/Fototeca de Fotos.photoslibrary/resources/derivatives/masters/F/F7C2190F-88BF-43DB-8EB7-9CB804EE7456_4_5005_c.jpeg"
    ],
    "ultima_modificacion": "2025-08-01 01:01:12.239122"
  },
  "fcf0da3f8dbb4c4a9f12ce5d54d22f7345005c.jpeg": {
    "app_sintetizada": "FCF0DA3F8DBB4C4A9F12CE5D54D22F7345005C.JPEG",
    "cantidad_archivos": 1,
    "archivos_fuente": [
      "Pictures/Fototeca de Fotos.photoslibrary/resources/derivatives/masters/F/FCF0DA3F-8DBB-4C4A-9F12-CE5D54D22F73_4_5005_c.jpeg"
    ],
    "ultima_modificacion": "2025-08-01 01:01:12.239459"
  },
  "f88fee3842cc4d45bfac9c3a1e7125ef45005c.jpeg": {
    "app_sintetizada": "F88FEE3842CC4D45BFAC9C3A1E7125EF45005C.JPEG",
    "cantidad_archivos": 1,
    "archivos_fuente": [
      "Pictures/Fototeca de Fotos.photoslibrary/resources/derivatives/masters/F/F88FEE38-42CC-4D45-BFAC-9C3A1E7125EF_4_5005_c.jpeg"
    ],
    "ultima_modificacion": "2025-08-01 01:01:12.239779"
  },
  "fbb5c7eeefa54d8d9bc6c1ff45b3e08445005c.jpeg": {
    "app_sintetizada": "FBB5C7EEEFA54D8D9BC6C1FF45B3E08445005C.JPEG",
    "cantidad_archivos": 1,
    "archivos_fuente": [
      "Pictures/Fototeca de Fotos.photoslibrary/resources/derivatives/masters/F/FBB5C7EE-EFA5-4D8D-9BC6-C1FF45B3E084_4_5005_c.jpeg"
    ],
    "ultima_modificacion": "2025-08-01 01:01:12.240123"
  },
  "f8b420b879254f18bc2f976f760abde545005c.jpeg": {
    "app_sintetizada": "F8B420B879254F18BC2F976F760ABDE545005C.JPEG",
    "cantidad_archivos": 1,
    "archivos_fuente": [
      "Pictures/Fototeca de Fotos.photoslibrary/resources/derivatives/masters/F/F8B420B8-7925-4F18-BC2F-976F760ABDE5_4_5005_c.jpeg"
    ],
    "ultima_modificacion": "2025-08-01 01:01:12.240494"
  },
  "fc9b731b480c481ca9479a1be9f5dedb45005c.jpeg": {
    "app_sintetizada": "FC9B731B480C481CA9479A1BE9F5DEDB45005C.JPEG",
    "cantidad_archivos": 1,
    "archivos_fuente": [
      "Pictures/Fototeca de Fotos.photoslibrary/resources/derivatives/masters/F/FC9B731B-480C-481C-A947-9A1BE9F5DEDB_4_5005_c.jpeg"
    ],
    "ultima_modificacion": "2025-08-01 01:01:12.240855"
  },
  "fbf4063c7b834280881059e10a25de3445005c.jpeg": {
    "app_sintetizada": "FBF4063C7B834280881059E10A25DE3445005C.JPEG",
    "cantidad_archivos": 1,
    "archivos_fuente": [
      "Pictures/Fototeca de Fotos.photoslibrary/resources/derivatives/masters/F/FBF4063C-7B83-4280-8810-59E10A25DE34_4_5005_c.jpeg"
    ],
    "ultima_modificacion": "2025-08-01 01:01:12.241273"
  },
  "f01e2077ad1a4d23b306062a7deba2d845005c.jpeg": {
    "app_sintetizada": "F01E2077AD1A4D23B306062A7DEBA2D845005C.JPEG",
    "cantidad_archivos": 1,
    "archivos_fuente": [
      "Pictures/Fototeca de Fotos.photoslibrary/resources/derivatives/masters/F/F01E2077-AD1A-4D23-B306-062A7DEBA2D8_4_5005_c.jpeg"
    ],
    "ultima_modificacion": "2025-08-01 01:01:12.241593"
  },
  "ffd04421156449278f7b8a1754d86f5c45005c.jpeg": {
    "app_sintetizada": "FFD04421156449278F7B8A1754D86F5C45005C.JPEG",
    "cantidad_archivos": 1,
    "archivos_fuente": [
      "Pictures/Fototeca de Fotos.photoslibrary/resources/derivatives/masters/F/FFD04421-1564-4927-8F7B-8A1754D86F5C_4_5005_c.jpeg"
    ],
    "ultima_modificacion": "2025-08-01 01:01:12.241895"
  },
  "f6013bdf07784ec58840468ea908e44345005c.jpeg": {
    "app_sintetizada": "F6013BDF07784EC58840468EA908E44345005C.JPEG",
    "cantidad_archivos": 1,
    "archivos_fuente": [
      "Pictures/Fototeca de Fotos.photoslibrary/resources/derivatives/masters/F/F6013BDF-0778-4EC5-8840-468EA908E443_4_5005_c.jpeg"
    ],
    "ultima_modificacion": "2025-08-01 01:01:12.242189"
  },
  "f301d75c2e594d5e8e55e498100dced545005c.jpeg": {
    "app_sintetizada": "F301D75C2E594D5E8E55E498100DCED545005C.JPEG",
    "cantidad_archivos": 1,
    "archivos_fuente": [
      "Pictures/Fototeca de Fotos.photoslibrary/resources/derivatives/masters/F/F301D75C-2E59-4D5E-8E55-E498100DCED5_4_5005_c.jpeg"
    ],
    "ultima_modificacion": "2025-08-01 01:01:12.242465"
  },
  "f30b1b240bdc4cdbacd0a471d567aea545005c.jpeg": {
    "app_sintetizada": "F30B1B240BDC4CDBACD0A471D567AEA545005C.JPEG",
    "cantidad_archivos": 1,
    "archivos_fuente": [
      "Pictures/Fototeca de Fotos.photoslibrary/resources/derivatives/masters/F/F30B1B24-0BDC-4CDB-ACD0-A471D567AEA5_4_5005_c.jpeg"
    ],
    "ultima_modificacion": "2025-08-01 01:01:12.242744"
  },
  "fb8e60e045e44c6fb8b6a120c4c4078645005c.jpeg": {
    "app_sintetizada": "FB8E60E045E44C6FB8B6A120C4C4078645005C.JPEG",
    "cantidad_archivos": 1,
    "archivos_fuente": [
      "Pictures/Fototeca de Fotos.photoslibrary/resources/derivatives/masters/F/FB8E60E0-45E4-4C6F-B8B6-A120C4C40786_4_5005_c.jpeg"
    ],
    "ultima_modificacion": "2025-08-01 01:01:12.243039"
  },
  "feabf3d98bbe413e926bd72dd8eaf63d45005c.jpeg": {
    "app_sintetizada": "FEABF3D98BBE413E926BD72DD8EAF63D45005C.JPEG",
    "cantidad_archivos": 1,
    "archivos_fuente": [
      "Pictures/Fototeca de Fotos.photoslibrary/resources/derivatives/masters/F/FEABF3D9-8BBE-413E-926B-D72DD8EAF63D_4_5005_c.jpeg"
    ],
    "ultima_modificacion": "2025-08-01 01:01:12.243314"
  },
  "fa29e152790243f0a9de5e18a07fa99245005c.jpeg": {
    "app_sintetizada": "FA29E152790243F0A9DE5E18A07FA99245005C.JPEG",
    "cantidad_archivos": 1,
    "archivos_fuente": [
      "Pictures/Fototeca de Fotos.photoslibrary/resources/derivatives/masters/F/FA29E152-7902-43F0-A9DE-5E18A07FA992_4_5005_c.jpeg"
    ],
    "ultima_modificacion": "2025-08-01 01:01:12.243611"
  },
  "fb4c722dd8aa4406bce017792a42e17f45005c.jpeg": {
    "app_sintetizada": "FB4C722DD8AA4406BCE017792A42E17F45005C.JPEG",
    "cantidad_archivos": 1,
    "archivos_fuente": [
      "Pictures/Fototeca de Fotos.photoslibrary/resources/derivatives/masters/F/FB4C722D-D8AA-4406-BCE0-17792A42E17F_4_5005_c.jpeg"
    ],
    "ultima_modificacion": "2025-08-01 01:01:12.243925"
  },
  "f681df51e6d6490cb2723f33b80f1de945005c.jpeg": {
    "app_sintetizada": "F681DF51E6D6490CB2723F33B80F1DE945005C.JPEG",
    "cantidad_archivos": 1,
    "archivos_fuente": [
      "Pictures/Fototeca de Fotos.photoslibrary/resources/derivatives/masters/F/F681DF51-E6D6-490C-B272-3F33B80F1DE9_4_5005_c.jpeg"
    ],
    "ultima_modificacion": "2025-08-01 01:01:12.244214"
  },
  "f7bb315244894ffe8430f4db5e3e788b45005c.jpeg": {
    "app_sintetizada": "F7BB315244894FFE8430F4DB5E3E788B45005C.JPEG",
    "cantidad_archivos": 1,
    "archivos_fuente": [
      "Pictures/Fototeca de Fotos.photoslibrary/resources/derivatives/masters/F/F7BB3152-4489-4FFE-8430-F4DB5E3E788B_4_5005_c.jpeg"
    ],
    "ultima_modificacion": "2025-08-01 01:01:12.244500"
  },
  "f02343d52935452fa772b31f6e1e95f745005c.jpeg": {
    "app_sintetizada": "F02343D52935452FA772B31F6E1E95F745005C.JPEG",
    "cantidad_archivos": 1,
    "archivos_fuente": [
      "Pictures/Fototeca de Fotos.photoslibrary/resources/derivatives/masters/F/F02343D5-2935-452F-A772-B31F6E1E95F7_4_5005_c.jpeg"
    ],
    "ultima_modificacion": "2025-08-01 01:01:12.244790"
  },
  "f6f12392152c4f47a2f76d03ec41439a45005c.jpeg": {
    "app_sintetizada": "F6F12392152C4F47A2F76D03EC41439A45005C.JPEG",
    "cantidad_archivos": 1,
    "archivos_fuente": [
      "Pictures/Fototeca de Fotos.photoslibrary/resources/derivatives/masters/F/F6F12392-152C-4F47-A2F7-6D03EC41439A_4_5005_c.jpeg"
    ],
    "ultima_modificacion": "2025-08-01 01:01:12.245096"
  },
  "f3e4a684efa74923b019825068727c5e45005c.jpeg": {
    "app_sintetizada": "F3E4A684EFA74923B019825068727C5E45005C.JPEG",
    "cantidad_archivos": 1,
    "archivos_fuente": [
      "Pictures/Fototeca de Fotos.photoslibrary/resources/derivatives/masters/F/F3E4A684-EFA7-4923-B019-825068727C5E_4_5005_c.jpeg"
    ],
    "ultima_modificacion": "2025-08-01 01:01:12.245396"
  },
  "f2a7f46b462d4f8989afc7bbe20712ed45005c.jpeg": {
    "app_sintetizada": "F2A7F46B462D4F8989AFC7BBE20712ED45005C.JPEG",
    "cantidad_archivos": 1,
    "archivos_fuente": [
      "Pictures/Fototeca de Fotos.photoslibrary/resources/derivatives/masters/F/F2A7F46B-462D-4F89-89AF-C7BBE20712ED_4_5005_c.jpeg"
    ],
    "ultima_modificacion": "2025-08-01 01:01:12.245712"
  },
  "f8075c1aa63d4c9da720838f38ce247b45005c.jpeg": {
    "app_sintetizada": "F8075C1AA63D4C9DA720838F38CE247B45005C.JPEG",
    "cantidad_archivos": 1,
    "archivos_fuente": [
      "Pictures/Fototeca de Fotos.photoslibrary/resources/derivatives/masters/F/F8075C1A-A63D-4C9D-A720-838F38CE247B_4_5005_c.jpeg"
    ],
    "ultima_modificacion": "2025-08-01 01:01:12.245979"
  },
  "f84c9dddee844bd88de10d0f583f106545005c.jpeg": {
    "app_sintetizada": "F84C9DDDEE844BD88DE10D0F583F106545005C.JPEG",
    "cantidad_archivos": 1,
    "archivos_fuente": [
      "Pictures/Fototeca de Fotos.photoslibrary/resources/derivatives/masters/F/F84C9DDD-EE84-4BD8-8DE1-0D0F583F1065_4_5005_c.jpeg"
    ],
    "ultima_modificacion": "2025-08-01 01:01:12.246312"
  },
  "f36ca6d5745d4e58ba8624491c5c08d345005c.jpeg": {
    "app_sintetizada": "F36CA6D5745D4E58BA8624491C5C08D345005C.JPEG",
    "cantidad_archivos": 1,
    "archivos_fuente": [
      "Pictures/Fototeca de Fotos.photoslibrary/resources/derivatives/masters/F/F36CA6D5-745D-4E58-BA86-24491C5C08D3_4_5005_c.jpeg"
    ],
    "ultima_modificacion": "2025-08-01 01:01:12.246642"
  },
  "f4fb716906634302b06650c61e91b20745005c.jpeg": {
    "app_sintetizada": "F4FB716906634302B06650C61E91B20745005C.JPEG",
    "cantidad_archivos": 1,
    "archivos_fuente": [
      "Pictures/Fototeca de Fotos.photoslibrary/resources/derivatives/masters/F/F4FB7169-0663-4302-B066-50C61E91B207_4_5005_c.jpeg"
    ],
    "ultima_modificacion": "2025-08-01 01:01:12.246975"
  },
  "f77e83b4cf734a4ea209ebacc60ff1e945005c.jpeg": {
    "app_sintetizada": "F77E83B4CF734A4EA209EBACC60FF1E945005C.JPEG",
    "cantidad_archivos": 1,
    "archivos_fuente": [
      "Pictures/Fototeca de Fotos.photoslibrary/resources/derivatives/masters/F/F77E83B4-CF73-4A4E-A209-EBACC60FF1E9_4_5005_c.jpeg"
    ],
    "ultima_modificacion": "2025-08-01 01:01:12.247306"
  },
  "fe591ad718174e0990fd5432df4ade8145005c.jpeg": {
    "app_sintetizada": "FE591AD718174E0990FD5432DF4ADE8145005C.JPEG",
    "cantidad_archivos": 1,
    "archivos_fuente": [
      "Pictures/Fototeca de Fotos.photoslibrary/resources/derivatives/masters/F/FE591AD7-1817-4E09-90FD-5432DF4ADE81_4_5005_c.jpeg"
    ],
    "ultima_modificacion": "2025-08-01 01:01:12.247624"
  },
  "fa2bb4e97ed94b93b68330c533b083ec45005c.jpeg": {
    "app_sintetizada": "FA2BB4E97ED94B93B68330C533B083EC45005C.JPEG",
    "cantidad_archivos": 1,
    "archivos_fuente": [
      "Pictures/Fototeca de Fotos.photoslibrary/resources/derivatives/masters/F/FA2BB4E9-7ED9-4B93-B683-30C533B083EC_4_5005_c.jpeg"
    ],
    "ultima_modificacion": "2025-08-01 01:01:12.247958"
  },
  "f8fec8ca16164283921ad905733fb71d45005c.jpeg": {
    "app_sintetizada": "F8FEC8CA16164283921AD905733FB71D45005C.JPEG",
    "cantidad_archivos": 1,
    "archivos_fuente": [
      "Pictures/Fototeca de Fotos.photoslibrary/resources/derivatives/masters/F/F8FEC8CA-1616-4283-921A-D905733FB71D_4_5005_c.jpeg"
    ],
    "ultima_modificacion": "2025-08-01 01:01:12.248281"
  },
  "f0c1b5206c5748a8a73279ab1a89fe5f45005c.jpeg": {
    "app_sintetizada": "F0C1B5206C5748A8A73279AB1A89FE5F45005C.JPEG",
    "cantidad_archivos": 1,
    "archivos_fuente": [
      "Pictures/Fototeca de Fotos.photoslibrary/resources/derivatives/masters/F/F0C1B520-6C57-48A8-A732-79AB1A89FE5F_4_5005_c.jpeg"
    ],
    "ultima_modificacion": "2025-08-01 01:01:12.248622"
  },
  "fe88f350665748f896d8a29f4b7b74a045005c.jpeg": {
    "app_sintetizada": "FE88F350665748F896D8A29F4B7B74A045005C.JPEG",
    "cantidad_archivos": 1,
    "archivos_fuente": [
      "Pictures/Fototeca de Fotos.photoslibrary/resources/derivatives/masters/F/FE88F350-6657-48F8-96D8-A29F4B7B74A0_4_5005_c.jpeg"
    ],
    "ultima_modificacion": "2025-08-01 01:01:12.248957"
  },
  "fb987832a57246e8a95a2ab9925c51a645005c.jpeg": {
    "app_sintetizada": "FB987832A57246E8A95A2AB9925C51A645005C.JPEG",
    "cantidad_archivos": 1,
    "archivos_fuente": [
      "Pictures/Fototeca de Fotos.photoslibrary/resources/derivatives/masters/F/FB987832-A572-46E8-A95A-2AB9925C51A6_4_5005_c.jpeg"
    ],
    "ultima_modificacion": "2025-08-01 01:01:12.249283"
  },
  "f1d6b0f0b04e434a9c03c69b21be21b045005c.jpeg": {
    "app_sintetizada": "F1D6B0F0B04E434A9C03C69B21BE21B045005C.JPEG",
    "cantidad_archivos": 1,
    "archivos_fuente": [
      "Pictures/Fototeca de Fotos.photoslibrary/resources/derivatives/masters/F/F1D6B0F0-B04E-434A-9C03-C69B21BE21B0_4_5005_c.jpeg"
    ],
    "ultima_modificacion": "2025-08-01 01:01:12.249598"
  },
  "f87b70d8cfbf47738685c942898e6c6945005c.jpeg": {
    "app_sintetizada": "F87B70D8CFBF47738685C942898E6C6945005C.JPEG",
    "cantidad_archivos": 1,
    "archivos_fuente": [
      "Pictures/Fototeca de Fotos.photoslibrary/resources/derivatives/masters/F/F87B70D8-CFBF-4773-8685-C942898E6C69_4_5005_c.jpeg"
    ],
    "ultima_modificacion": "2025-08-01 01:01:12.249904"
  },
  "fac73f601b164e0eb60e0ccf8bcf68da45005c.jpeg": {
    "app_sintetizada": "FAC73F601B164E0EB60E0CCF8BCF68DA45005C.JPEG",
    "cantidad_archivos": 1,
    "archivos_fuente": [
      "Pictures/Fototeca de Fotos.photoslibrary/resources/derivatives/masters/F/FAC73F60-1B16-4E0E-B60E-0CCF8BCF68DA_4_5005_c.jpeg"
    ],
    "ultima_modificacion": "2025-08-01 01:01:12.250205"
  },
  "fcf8432ac31648608edc0c2ed8d8295145005c.jpeg": {
    "app_sintetizada": "FCF8432AC31648608EDC0C2ED8D8295145005C.JPEG",
    "cantidad_archivos": 1,
    "archivos_fuente": [
      "Pictures/Fototeca de Fotos.photoslibrary/resources/derivatives/masters/F/FCF8432A-C316-4860-8EDC-0C2ED8D82951_4_5005_c.jpeg"
    ],
    "ultima_modificacion": "2025-08-01 01:01:12.250512"
  },
  "f2c9ba7824044b69b58755c5663f4cbe45005c.jpeg": {
    "app_sintetizada": "F2C9BA7824044B69B58755C5663F4CBE45005C.JPEG",
    "cantidad_archivos": 1,
    "archivos_fuente": [
      "Pictures/Fototeca de Fotos.photoslibrary/resources/derivatives/masters/F/F2C9BA78-2404-4B69-B587-55C5663F4CBE_4_5005_c.jpeg"
    ],
    "ultima_modificacion": "2025-08-01 01:01:12.250816"
  },
  "f4050e80c9924077a7b8d208862fbc3045005c.jpeg": {
    "app_sintetizada": "F4050E80C9924077A7B8D208862FBC3045005C.JPEG",
    "cantidad_archivos": 1,
    "archivos_fuente": [
      "Pictures/Fototeca de Fotos.photoslibrary/resources/derivatives/masters/F/F4050E80-C992-4077-A7B8-D208862FBC30_4_5005_c.jpeg"
    ],
    "ultima_modificacion": "2025-08-01 01:01:12.251145"
  }
}