{
  "8b3e125fba5e44faa3fdd58c6d73f01245005c.jpeg": {
    "app_sintetizada": "8B3E125FBA5E44FAA3FDD58C6D73F01245005C.JPEG",
    "cantidad_archivos": 1,
    "archivos_fuente": [
      "Pictures/Fototeca de Fotos.photoslibrary/resources/derivatives/masters/8/8B3E125F-BA5E-44FA-A3FD-D58C6D73F012_4_5005_c.jpeg"
    ],
    "ultima_modificacion": "2025-08-01 01:01:10.732599"
  },
  "838b3499ef124deaabc946b9c425d7e945005c.jpeg": {
    "app_sintetizada": "838B3499EF124DEAABC946B9C425D7E945005C.JPEG",
    "cantidad_archivos": 1,
    "archivos_fuente": [
      "Pictures/Fototeca de Fotos.photoslibrary/resources/derivatives/masters/8/838B3499-EF12-4DEA-ABC9-46B9C425D7E9_4_5005_c.jpeg"
    ],
    "ultima_modificacion": "2025-08-01 01:01:10.732848"
  },
  "8a5b70e474424650a710313f0177891245005c.jpeg": {
    "app_sintetizada": "8A5B70E474424650A710313F0177891245005C.JPEG",
    "cantidad_archivos": 1,
    "archivos_fuente": [
      "Pictures/Fototeca de Fotos.photoslibrary/resources/derivatives/masters/8/8A5B70E4-7442-4650-A710-313F01778912_4_5005_c.jpeg"
    ],
    "ultima_modificacion": "2025-08-01 01:01:10.733111"
  },
  "848fa1a856ca400db9e0d1c87ccaf5d145005c.jpeg": {
    "app_sintetizada": "848FA1A856CA400DB9E0D1C87CCAF5D145005C.JPEG",
    "cantidad_archivos": 1,
    "archivos_fuente": [
      "Pictures/Fototeca de Fotos.photoslibrary/resources/derivatives/masters/8/848FA1A8-56CA-400D-B9E0-D1C87CCAF5D1_4_5005_c.jpeg"
    ],
    "ultima_modificacion": "2025-08-01 01:01:10.733471"
  },
  "836319c6c1b3429b9ce466b7ef1832f945005c.jpeg": {
    "app_sintetizada": "836319C6C1B3429B9CE466B7EF1832F945005C.JPEG",
    "cantidad_archivos": 1,
    "archivos_fuente": [
      "Pictures/Fototeca de Fotos.photoslibrary/resources/derivatives/masters/8/836319C6-C1B3-429B-9CE4-66B7EF1832F9_4_5005_c.jpeg"
    ],
    "ultima_modificacion": "2025-08-01 01:01:10.733769"
  },
  "828558e6663444069345b87bfee57ee745005c.jpeg": {
    "app_sintetizada": "828558E6663444069345B87BFEE57EE745005C.JPEG",
    "cantidad_archivos": 1,
    "archivos_fuente": [
      "Pictures/Fototeca de Fotos.photoslibrary/resources/derivatives/masters/8/828558E6-6634-4406-9345-B87BFEE57EE7_4_5005_c.jpeg"
    ],
    "ultima_modificacion": "2025-08-01 01:01:10.734062"
  },
  "8135e38320524331bef7110e3b1f9b2645005c.jpeg": {
    "app_sintetizada": "8135E38320524331BEF7110E3B1F9B2645005C.JPEG",
    "cantidad_archivos": 1,
    "archivos_fuente": [
      "Pictures/Fototeca de Fotos.photoslibrary/resources/derivatives/masters/8/8135E383-2052-4331-BEF7-110E3B1F9B26_4_5005_c.jpeg"
    ],
    "ultima_modificacion": "2025-08-01 01:01:10.734299"
  },
  "8e572f2ebeba45ce87b4c39b226c288045005c.jpeg": {
    "app_sintetizada": "8E572F2EBEBA45CE87B4C39B226C288045005C.JPEG",
    "cantidad_archivos": 1,
    "archivos_fuente": [
      "Pictures/Fototeca de Fotos.photoslibrary/resources/derivatives/masters/8/8E572F2E-BEBA-45CE-87B4-C39B226C2880_4_5005_c.jpeg"
    ],
    "ultima_modificacion": "2025-08-01 01:01:10.734508"
  },
  "8c91922af66648c7bf29ed3f296c6b9045005c.jpeg": {
    "app_sintetizada": "8C91922AF66648C7BF29ED3F296C6B9045005C.JPEG",
    "cantidad_archivos": 1,
    "archivos_fuente": [
      "Pictures/Fototeca de Fotos.photoslibrary/resources/derivatives/masters/8/8C91922A-F666-48C7-BF29-ED3F296C6B90_4_5005_c.jpeg"
    ],
    "ultima_modificacion": "2025-08-01 01:01:10.734709"
  },
  "8e9a46b9c324400f97ddd13d1834fc4945005c.jpeg": {
    "app_sintetizada": "8E9A46B9C324400F97DDD13D1834FC4945005C.JPEG",
    "cantidad_archivos": 1,
    "archivos_fuente": [
      "Pictures/Fototeca de Fotos.photoslibrary/resources/derivatives/masters/8/8E9A46B9-C324-400F-97DD-D13D1834FC49_4_5005_c.jpeg"
    ],
    "ultima_modificacion": "2025-08-01 01:01:10.734911"
  },
  "8f4e2ba8a8e64ee4b6560175c2c7bd5645005c.jpeg": {
    "app_sintetizada": "8F4E2BA8A8E64EE4B6560175C2C7BD5645005C.JPEG",
    "cantidad_archivos": 1,
    "archivos_fuente": [
      "Pictures/Fototeca de Fotos.photoslibrary/resources/derivatives/masters/8/8F4E2BA8-A8E6-4EE4-B656-0175C2C7BD56_4_5005_c.jpeg"
    ],
    "ultima_modificacion": "2025-08-01 01:01:10.735095"
  },
  "8311cd05c9dd4f18867529a83538fdef45005c.jpeg": {
    "app_sintetizada": "8311CD05C9DD4F18867529A83538FDEF45005C.JPEG",
    "cantidad_archivos": 1,
    "archivos_fuente": [
      "Pictures/Fototeca de Fotos.photoslibrary/resources/derivatives/masters/8/8311CD05-C9DD-4F18-8675-29A83538FDEF_4_5005_c.jpeg"
    ],
    "ultima_modificacion": "2025-08-01 01:01:10.735346"
  },
  "801c692de0094d11896bd9979869d09545005c.jpeg": {
    "app_sintetizada": "801C692DE0094D11896BD9979869D09545005C.JPEG",
    "cantidad_archivos": 1,
    "archivos_fuente": [
      "Pictures/Fototeca de Fotos.photoslibrary/resources/derivatives/masters/8/801C692D-E009-4D11-896B-D9979869D095_4_5005_c.jpeg"
    ],
    "ultima_modificacion": "2025-08-01 01:01:10.735626"
  },
  "87ba2cfb68a540918e8ddda5366d12e945005c.jpeg": {
    "app_sintetizada": "87BA2CFB68A540918E8DDDA5366D12E945005C.JPEG",
    "cantidad_archivos": 1,
    "archivos_fuente": [
      "Pictures/Fototeca de Fotos.photoslibrary/resources/derivatives/masters/8/87BA2CFB-68A5-4091-8E8D-DDA5366D12E9_4_5005_c.jpeg"
    ],
    "ultima_modificacion": "2025-08-01 01:01:10.735846"
  },
  "84dd1cf7d22e45b5a2bc9392ea2c720e45005c.jpeg": {
    "app_sintetizada": "84DD1CF7D22E45B5A2BC9392EA2C720E45005C.JPEG",
    "cantidad_archivos": 1,
    "archivos_fuente": [
      "Pictures/Fototeca de Fotos.photoslibrary/resources/derivatives/masters/8/84DD1CF7-D22E-45B5-A2BC-9392EA2C720E_4_5005_c.jpeg"
    ],
    "ultima_modificacion": "2025-08-01 01:01:10.736135"
  },
  "88f0f4fe86164048adda20ee4aaf2f3645005c.jpeg": {
    "app_sintetizada": "88F0F4FE86164048ADDA20EE4AAF2F3645005C.JPEG",
    "cantidad_archivos": 1,
    "archivos_fuente": [
      "Pictures/Fototeca de Fotos.photoslibrary/resources/derivatives/masters/8/88F0F4FE-8616-4048-ADDA-20EE4AAF2F36_4_5005_c.jpeg"
    ],
    "ultima_modificacion": "2025-08-01 01:01:10.736411"
  },
  "86782e6424eb4d2f8d401c6eaed45d5145005c.jpeg": {
    "app_sintetizada": "86782E6424EB4D2F8D401C6EAED45D5145005C.JPEG",
    "cantidad_archivos": 1,
    "archivos_fuente": [
      "Pictures/Fototeca de Fotos.photoslibrary/resources/derivatives/masters/8/86782E64-24EB-4D2F-8D40-1C6EAED45D51_4_5005_c.jpeg"
    ],
    "ultima_modificacion": "2025-08-01 01:01:10.736726"
  },
  "8ed1af72f9ba4632b64aa66b3c41d01245005c.jpeg": {
    "app_sintetizada": "8ED1AF72F9BA4632B64AA66B3C41D01245005C.JPEG",
    "cantidad_archivos": 1,
    "archivos_fuente": [
      "Pictures/Fototeca de Fotos.photoslibrary/resources/derivatives/masters/8/8ED1AF72-F9BA-4632-B64A-A66B3C41D012_4_5005_c.jpeg"
    ],
    "ultima_modificacion": "2025-08-01 01:01:10.737025"
  },
  "8304cd900d514adf9e9643ef97daacf345005c.jpeg": {
    "app_sintetizada": "8304CD900D514ADF9E9643EF97DAACF345005C.JPEG",
    "cantidad_archivos": 1,
    "archivos_fuente": [
      "Pictures/Fototeca de Fotos.photoslibrary/resources/derivatives/masters/8/8304CD90-0D51-4ADF-9E96-43EF97DAACF3_4_5005_c.jpeg"
    ],
    "ultima_modificacion": "2025-08-01 01:01:10.737434"
  },
  "8a5a6db0b92747d0b7905ac8ec1151d645005c.jpeg": {
    "app_sintetizada": "8A5A6DB0B92747D0B7905AC8EC1151D645005C.JPEG",
    "cantidad_archivos": 1,
    "archivos_fuente": [
      "Pictures/Fototeca de Fotos.photoslibrary/resources/derivatives/masters/8/8A5A6DB0-B927-47D0-B790-5AC8EC1151D6_4_5005_c.jpeg"
    ],
    "ultima_modificacion": "2025-08-01 01:01:10.737758"
  },
  "84a8a1084d0e4a90ae5d2ef2725396ef45005c.jpeg": {
    "app_sintetizada": "84A8A1084D0E4A90AE5D2EF2725396EF45005C.JPEG",
    "cantidad_archivos": 1,
    "archivos_fuente": [
      "Pictures/Fototeca de Fotos.photoslibrary/resources/derivatives/masters/8/84A8A108-4D0E-4A90-AE5D-2EF2725396EF_4_5005_c.jpeg"
    ],
    "ultima_modificacion": "2025-08-01 01:01:10.738039"
  },
  "8fbe8c98baaf427989f7b5cf3dd1f00e45005c.jpeg": {
    "app_sintetizada": "8FBE8C98BAAF427989F7B5CF3DD1F00E45005C.JPEG",
    "cantidad_archivos": 1,
    "archivos_fuente": [
      "Pictures/Fototeca de Fotos.photoslibrary/resources/derivatives/masters/8/8FBE8C98-BAAF-4279-89F7-B5CF3DD1F00E_4_5005_c.jpeg"
    ],
    "ultima_modificacion": "2025-08-01 01:01:10.738415"
  },
  "8de903f0dee241e5bdeb2d06697a9e7d45005c.jpeg": {
    "app_sintetizada": "8DE903F0DEE241E5BDEB2D06697A9E7D45005C.JPEG",
    "cantidad_archivos": 1,
    "archivos_fuente": [
      "Pictures/Fototeca de Fotos.photoslibrary/resources/derivatives/masters/8/8DE903F0-DEE2-41E5-BDEB-2D06697A9E7D_4_5005_c.jpeg"
    ],
    "ultima_modificacion": "2025-08-01 01:01:10.738774"
  },
  "8ea545f49e2c48268a7315581a4e898645005c.jpeg": {
    "app_sintetizada": "8EA545F49E2C48268A7315581A4E898645005C.JPEG",
    "cantidad_archivos": 1,
    "archivos_fuente": [
      "Pictures/Fototeca de Fotos.photoslibrary/resources/derivatives/masters/8/8EA545F4-9E2C-4826-8A73-15581A4E8986_4_5005_c.jpeg"
    ],
    "ultima_modificacion": "2025-08-01 01:01:10.739228"
  },
  "8ba144a72baf44e3a64f811b964c9b1845005c.jpeg": {
    "app_sintetizada": "8BA144A72BAF44E3A64F811B964C9B1845005C.JPEG",
    "cantidad_archivos": 1,
    "archivos_fuente": [
      "Pictures/Fototeca de Fotos.photoslibrary/resources/derivatives/masters/8/8BA144A7-2BAF-44E3-A64F-811B964C9B18_4_5005_c.jpeg"
    ],
    "ultima_modificacion": "2025-08-01 01:01:10.739550"
  },
  "85e3370f618347b383011f5875202c1645005c.jpeg": {
    "app_sintetizada": "85E3370F618347B383011F5875202C1645005C.JPEG",
    "cantidad_archivos": 1,
    "archivos_fuente": [
      "Pictures/Fototeca de Fotos.photoslibrary/resources/derivatives/masters/8/85E3370F-6183-47B3-8301-1F5875202C16_4_5005_c.jpeg"
    ],
    "ultima_modificacion": "2025-08-01 01:01:10.739877"
  },
  "888d0381f47148408d224fec22985a7c45005c.jpeg": {
    "app_sintetizada": "888D0381F47148408D224FEC22985A7C45005C.JPEG",
    "cantidad_archivos": 1,
    "archivos_fuente": [
      "Pictures/Fototeca de Fotos.photoslibrary/resources/derivatives/masters/8/888D0381-F471-4840-8D22-4FEC22985A7C_4_5005_c.jpeg"
    ],
    "ultima_modificacion": "2025-08-01 01:01:10.740212"
  },
  "85e69aeae3764594b10e7d93113fa73245005c.jpeg": {
    "app_sintetizada": "85E69AEAE3764594B10E7D93113FA73245005C.JPEG",
    "cantidad_archivos": 1,
    "archivos_fuente": [
      "Pictures/Fototeca de Fotos.photoslibrary/resources/derivatives/masters/8/85E69AEA-E376-4594-B10E-7D93113FA732_4_5005_c.jpeg"
    ],
    "ultima_modificacion": "2025-08-01 01:01:10.740566"
  },
  "8e7cd2a29dce4974b5aa1447c63c24d445005c.jpeg": {
    "app_sintetizada": "8E7CD2A29DCE4974B5AA1447C63C24D445005C.JPEG",
    "cantidad_archivos": 1,
    "archivos_fuente": [
      "Pictures/Fototeca de Fotos.photoslibrary/resources/derivatives/masters/8/8E7CD2A2-9DCE-4974-B5AA-1447C63C24D4_4_5005_c.jpeg"
    ],
    "ultima_modificacion": "2025-08-01 01:01:10.740960"
  },
  "8944d83c468c40d9af92706a3fd8c8db45005c.jpeg": {
    "app_sintetizada": "8944D83C468C40D9AF92706A3FD8C8DB45005C.JPEG",
    "cantidad_archivos": 1,
    "archivos_fuente": [
      "Pictures/Fototeca de Fotos.photoslibrary/resources/derivatives/masters/8/8944D83C-468C-40D9-AF92-706A3FD8C8DB_4_5005_c.jpeg"
    ],
    "ultima_modificacion": "2025-08-01 01:01:10.741289"
  },
  "88a2f29a201b4539887292c64f66471045005c.jpeg": {
    "app_sintetizada": "88A2F29A201B4539887292C64F66471045005C.JPEG",
    "cantidad_archivos": 1,
    "archivos_fuente": [
      "Pictures/Fototeca de Fotos.photoslibrary/resources/derivatives/masters/8/88A2F29A-201B-4539-8872-92C64F664710_4_5005_c.jpeg"
    ],
    "ultima_modificacion": "2025-08-01 01:01:10.741659"
  },
  "864dccf6c13342e2985dabbcefe6b60d45005c.jpeg": {
    "app_sintetizada": "864DCCF6C13342E2985DABBCEFE6B60D45005C.JPEG",
    "cantidad_archivos": 1,
    "archivos_fuente": [
      "Pictures/Fototeca de Fotos.photoslibrary/resources/derivatives/masters/8/864DCCF6-C133-42E2-985D-ABBCEFE6B60D_4_5005_c.jpeg"
    ],
    "ultima_modificacion": "2025-08-01 01:01:10.741972"
  },
  "8fdc9ee5fe384d74a15ee06b26d07c0f45005c.jpeg": {
    "app_sintetizada": "8FDC9EE5FE384D74A15EE06B26D07C0F45005C.JPEG",
    "cantidad_archivos": 1,
    "archivos_fuente": [
      "Pictures/Fototeca de Fotos.photoslibrary/resources/derivatives/masters/8/8FDC9EE5-FE38-4D74-A15E-E06B26D07C0F_4_5005_c.jpeg"
    ],
    "ultima_modificacion": "2025-08-01 01:01:10.742286"
  },
  "870665e7fbec4325a110ff28d599a08145005c.jpeg": {
    "app_sintetizada": "870665E7FBEC4325A110FF28D599A08145005C.JPEG",
    "cantidad_archivos": 1,
    "archivos_fuente": [
      "Pictures/Fototeca de Fotos.photoslibrary/resources/derivatives/masters/8/870665E7-FBEC-4325-A110-FF28D599A081_4_5005_c.jpeg"
    ],
    "ultima_modificacion": "2025-08-01 01:01:10.742589"
  },
  "86575bd181754dffa375177cb4572d5345005c.jpeg": {
    "app_sintetizada": "86575BD181754DFFA375177CB4572D5345005C.JPEG",
    "cantidad_archivos": 1,
    "archivos_fuente": [
      "Pictures/Fototeca de Fotos.photoslibrary/resources/derivatives/masters/8/86575BD1-8175-4DFF-A375-177CB4572D53_4_5005_c.jpeg"
    ],
    "ultima_modificacion": "2025-08-01 01:01:10.742932"
  },
  "88ccd59ac0eb4476a8e91cbf3ac771b345005c.jpeg": {
    "app_sintetizada": "88CCD59AC0EB4476A8E91CBF3AC771B345005C.JPEG",
    "cantidad_archivos": 1,
    "archivos_fuente": [
      "Pictures/Fototeca de Fotos.photoslibrary/resources/derivatives/masters/8/88CCD59A-C0EB-4476-A8E9-1CBF3AC771B3_4_5005_c.jpeg"
    ],
    "ultima_modificacion": "2025-08-01 01:01:10.743239"
  },
  "8f8db870718047a9a3410b3254838c2745005c.jpeg": {
    "app_sintetizada": "8F8DB870718047A9A3410B3254838C2745005C.JPEG",
    "cantidad_archivos": 1,
    "archivos_fuente": [
      "Pictures/Fototeca de Fotos.photoslibrary/resources/derivatives/masters/8/8F8DB870-7180-47A9-A341-0B3254838C27_4_5005_c.jpeg"
    ],
    "ultima_modificacion": "2025-08-01 01:01:10.743549"
  },
  "8bee0a947b4b41358ffd72cb45bd179245005c.jpeg": {
    "app_sintetizada": "8BEE0A947B4B41358FFD72CB45BD179245005C.JPEG",
    "cantidad_archivos": 1,
    "archivos_fuente": [
      "Pictures/Fototeca de Fotos.photoslibrary/resources/derivatives/masters/8/8BEE0A94-7B4B-4135-8FFD-72CB45BD1792_4_5005_c.jpeg"
    ],
    "ultima_modificacion": "2025-08-01 01:01:10.743848"
  },
  "88ce194ffb4847858ee17f08c4d1854e45005c.jpeg": {
    "app_sintetizada": "88CE194FFB4847858EE17F08C4D1854E45005C.JPEG",
    "cantidad_archivos": 1,
    "archivos_fuente": [
      "Pictures/Fototeca de Fotos.photoslibrary/resources/derivatives/masters/8/88CE194F-FB48-4785-8EE1-7F08C4D1854E_4_5005_c.jpeg"
    ],
    "ultima_modificacion": "2025-08-01 01:01:10.744149"
  },
  "83f9ac0986df444ab37852c5c0e630ff45005c.jpeg": {
    "app_sintetizada": "83F9AC0986DF444AB37852C5C0E630FF45005C.JPEG",
    "cantidad_archivos": 1,
    "archivos_fuente": [
      "Pictures/Fototeca de Fotos.photoslibrary/resources/derivatives/masters/8/83F9AC09-86DF-444A-B378-52C5C0E630FF_4_5005_c.jpeg"
    ],
    "ultima_modificacion": "2025-08-01 01:01:10.744480"
  },
  "8ba70d0c7bde4f549e8733d9b86e0bf445005c.jpeg": {
    "app_sintetizada": "8BA70D0C7BDE4F549E8733D9B86E0BF445005C.JPEG",
    "cantidad_archivos": 1,
    "archivos_fuente": [
      "Pictures/Fototeca de Fotos.photoslibrary/resources/derivatives/masters/8/8BA70D0C-7BDE-4F54-9E87-33D9B86E0BF4_4_5005_c.jpeg"
    ],
    "ultima_modificacion": "2025-08-01 01:01:10.744813"
  },
  "866fb4f318cc45faa11c55a38469acc545005c.jpeg": {
    "app_sintetizada": "866FB4F318CC45FAA11C55A38469ACC545005C.JPEG",
    "cantidad_archivos": 1,
    "archivos_fuente": [
      "Pictures/Fototeca de Fotos.photoslibrary/resources/derivatives/masters/8/866FB4F3-18CC-45FA-A11C-55A38469ACC5_4_5005_c.jpeg"
    ],
    "ultima_modificacion": "2025-08-01 01:01:10.745130"
  },
  "8c9aafd1363042d6b5b122b1a827edba45005c.jpeg": {
    "app_sintetizada": "8C9AAFD1363042D6B5B122B1A827EDBA45005C.JPEG",
    "cantidad_archivos": 1,
    "archivos_fuente": [
      "Pictures/Fototeca de Fotos.photoslibrary/resources/derivatives/masters/8/8C9AAFD1-3630-42D6-B5B1-22B1A827EDBA_4_5005_c.jpeg"
    ],
    "ultima_modificacion": "2025-08-01 01:01:10.745432"
  },
  "84e836074fc0457db99aae07ce73970c45005c.jpeg": {
    "app_sintetizada": "84E836074FC0457DB99AAE07CE73970C45005C.JPEG",
    "cantidad_archivos": 1,
    "archivos_fuente": [
      "Pictures/Fototeca de Fotos.photoslibrary/resources/derivatives/masters/8/84E83607-4FC0-457D-B99A-AE07CE73970C_4_5005_c.jpeg"
    ],
    "ultima_modificacion": "2025-08-01 01:01:10.745894"
  },
  "8517c236dc2848c987027df0367cf8be45005c.jpeg": {
    "app_sintetizada": "8517C236DC2848C987027DF0367CF8BE45005C.JPEG",
    "cantidad_archivos": 1,
    "archivos_fuente": [
      "Pictures/Fototeca de Fotos.photoslibrary/resources/derivatives/masters/8/8517C236-DC28-48C9-8702-7DF0367CF8BE_4_5005_c.jpeg"
    ],
    "ultima_modificacion": "2025-08-01 01:01:10.746293"
  },
  "8663effad5c24751967ff4bf1ac134c145005c.jpeg": {
    "app_sintetizada": "8663EFFAD5C24751967FF4BF1AC134C145005C.JPEG",
    "cantidad_archivos": 1,
    "archivos_fuente": [
      "Pictures/Fototeca de Fotos.photoslibrary/resources/derivatives/masters/8/8663EFFA-D5C2-4751-967F-F4BF1AC134C1_4_5005_c.jpeg"
    ],
    "ultima_modificacion": "2025-08-01 01:01:10.746601"
  },
  "85f0d647a8324a2284355187edf5f19b45005c.jpeg": {
    "app_sintetizada": "85F0D647A8324A2284355187EDF5F19B45005C.JPEG",
    "cantidad_archivos": 1,
    "archivos_fuente": [
      "Pictures/Fototeca de Fotos.photoslibrary/resources/derivatives/masters/8/85F0D647-A832-4A22-8435-5187EDF5F19B_4_5005_c.jpeg"
    ],
    "ultima_modificacion": "2025-08-01 01:01:10.746892"
  },
  "889efe69f8e647c6b5f5d286ee3f14b045005c.jpeg": {
    "app_sintetizada": "889EFE69F8E647C6B5F5D286EE3F14B045005C.JPEG",
    "cantidad_archivos": 1,
    "archivos_fuente": [
      "Pictures/Fototeca de Fotos.photoslibrary/resources/derivatives/masters/8/889EFE69-F8E6-47C6-B5F5-D286EE3F14B0_4_5005_c.jpeg"
    ],
    "ultima_modificacion": "2025-08-01 01:01:10.747229"
  },
  "8796d6af7d3d4e7b8732f323a3dcad9245005c.jpeg": {
    "app_sintetizada": "8796D6AF7D3D4E7B8732F323A3DCAD9245005C.JPEG",
    "cantidad_archivos": 1,
    "archivos_fuente": [
      "Pictures/Fototeca de Fotos.photoslibrary/resources/derivatives/masters/8/8796D6AF-7D3D-4E7B-8732-F323A3DCAD92_4_5005_c.jpeg"
    ],
    "ultima_modificacion": "2025-08-01 01:01:10.747570"
  },
  "870bdc8afbaa4674a31b5bd92827f2e345005c.jpeg": {
    "app_sintetizada": "870BDC8AFBAA4674A31B5BD92827F2E345005C.JPEG",
    "cantidad_archivos": 1,
    "archivos_fuente": [
      "Pictures/Fototeca de Fotos.photoslibrary/resources/derivatives/masters/8/870BDC8A-FBAA-4674-A31B-5BD92827F2E3_4_5005_c.jpeg"
    ],
    "ultima_modificacion": "2025-08-01 01:01:10.747896"
  },
  "8942380cfcea4186bd28713679edae4b45005c.jpeg": {
    "app_sintetizada": "8942380CFCEA4186BD28713679EDAE4B45005C.JPEG",
    "cantidad_archivos": 1,
    "archivos_fuente": [
      "Pictures/Fototeca de Fotos.photoslibrary/resources/derivatives/masters/8/8942380C-FCEA-4186-BD28-713679EDAE4B_4_5005_c.jpeg"
    ],
    "ultima_modificacion": "2025-08-01 01:01:10.748244"
  },
  "85bcfa5121e84adcbaca45a94fc5e25f45005c.jpeg": {
    "app_sintetizada": "85BCFA5121E84ADCBACA45A94FC5E25F45005C.JPEG",
    "cantidad_archivos": 1,
    "archivos_fuente": [
      "Pictures/Fototeca de Fotos.photoslibrary/resources/derivatives/masters/8/85BCFA51-21E8-4ADC-BACA-45A94FC5E25F_4_5005_c.jpeg"
    ],
    "ultima_modificacion": "2025-08-01 01:01:10.748560"
  },
  "8b4f6959b35840628231440f50561c2445005c.jpeg": {
    "app_sintetizada": "8B4F6959B35840628231440F50561C2445005C.JPEG",
    "cantidad_archivos": 1,
    "archivos_fuente": [
      "Pictures/Fototeca de Fotos.photoslibrary/resources/derivatives/masters/8/8B4F6959-B358-4062-8231-440F50561C24_4_5005_c.jpeg"
    ],
    "ultima_modificacion": "2025-08-01 01:01:10.748871"
  },
  "85b98b7ee7d548f58464c4d4a9d99b8545005c.jpeg": {
    "app_sintetizada": "85B98B7EE7D548F58464C4D4A9D99B8545005C.JPEG",
    "cantidad_archivos": 1,
    "archivos_fuente": [
      "Pictures/Fototeca de Fotos.photoslibrary/resources/derivatives/masters/8/85B98B7E-E7D5-48F5-8464-C4D4A9D99B85_4_5005_c.jpeg"
    ],
    "ultima_modificacion": "2025-08-01 01:01:10.749172"
  },
  "8c47bde9d01340958cf28c1eb62524d545005c.jpeg": {
    "app_sintetizada": "8C47BDE9D01340958CF28C1EB62524D545005C.JPEG",
    "cantidad_archivos": 1,
    "archivos_fuente": [
      "Pictures/Fototeca de Fotos.photoslibrary/resources/derivatives/masters/8/8C47BDE9-D013-4095-8CF2-8C1EB62524D5_4_5005_c.jpeg"
    ],
    "ultima_modificacion": "2025-08-01 01:01:10.749524"
  },
  "8153829fe60b41f7ab9e90b94598187445005c.jpeg": {
    "app_sintetizada": "8153829FE60B41F7AB9E90B94598187445005C.JPEG",
    "cantidad_archivos": 1,
    "archivos_fuente": [
      "Pictures/Fototeca de Fotos.photoslibrary/resources/derivatives/masters/8/8153829F-E60B-41F7-AB9E-90B945981874_4_5005_c.jpeg"
    ],
    "ultima_modificacion": "2025-08-01 01:01:10.749828"
  },
  "8df49c6c8fef4cc9b9cdfbb5fda1360945005c.jpeg": {
    "app_sintetizada": "8DF49C6C8FEF4CC9B9CDFBB5FDA1360945005C.JPEG",
    "cantidad_archivos": 1,
    "archivos_fuente": [
      "Pictures/Fototeca de Fotos.photoslibrary/resources/derivatives/masters/8/8DF49C6C-8FEF-4CC9-B9CD-FBB5FDA13609_4_5005_c.jpeg"
    ],
    "ultima_modificacion": "2025-08-01 01:01:10.750126"
  },
  "852b6c3ff67c4d479ae3458d9f0c9af945005c.jpeg": {
    "app_sintetizada": "852B6C3FF67C4D479AE3458D9F0C9AF945005C.JPEG",
    "cantidad_archivos": 1,
    "archivos_fuente": [
      "Pictures/Fototeca de Fotos.photoslibrary/resources/derivatives/masters/8/852B6C3F-F67C-4D47-9AE3-458D9F0C9AF9_4_5005_c.jpeg"
    ],
    "ultima_modificacion": "2025-08-01 01:01:10.750499"
  },
  "82e92952b7cb453fb00ace8718116fdf45005c.jpeg": {
    "app_sintetizada": "82E92952B7CB453FB00ACE8718116FDF45005C.JPEG",
    "cantidad_archivos": 1,
    "archivos_fuente": [
      "Pictures/Fototeca de Fotos.photoslibrary/resources/derivatives/masters/8/82E92952-B7CB-453F-B00A-CE8718116FDF_4_5005_c.jpeg"
    ],
    "ultima_modificacion": "2025-08-01 01:01:10.750848"
  },
  "8379a2eeac94447880463397db91205445005c.jpeg": {
    "app_sintetizada": "8379A2EEAC94447880463397DB91205445005C.JPEG",
    "cantidad_archivos": 1,
    "archivos_fuente": [
      "Pictures/Fototeca de Fotos.photoslibrary/resources/derivatives/masters/8/8379A2EE-AC94-4478-8046-3397DB912054_4_5005_c.jpeg"
    ],
    "ultima_modificacion": "2025-08-01 01:01:10.751167"
  },
  "81115ef0ba554cd99dc1a22495438fdb45005c.jpeg": {
    "app_sintetizada": "81115EF0BA554CD99DC1A22495438FDB45005C.JPEG",
    "cantidad_archivos": 1,
    "archivos_fuente": [
      "Pictures/Fototeca de Fotos.photoslibrary/resources/derivatives/masters/8/81115EF0-BA55-4CD9-9DC1-A22495438FDB_4_5005_c.jpeg"
    ],
    "ultima_modificacion": "2025-08-01 01:01:10.751471"
  },
  "810c4e93bfad4f979eccb99c5b11ba2245005c.jpeg": {
    "app_sintetizada": "810C4E93BFAD4F979ECCB99C5B11BA2245005C.JPEG",
    "cantidad_archivos": 1,
    "archivos_fuente": [
      "Pictures/Fototeca de Fotos.photoslibrary/resources/derivatives/masters/8/810C4E93-BFAD-4F97-9ECC-B99C5B11BA22_4_5005_c.jpeg"
    ],
    "ultima_modificacion": "2025-08-01 01:01:10.751839"
  },
  "8a7ba8165e0147e19ae55f80754da13945005c.jpeg": {
    "app_sintetizada": "8A7BA8165E0147E19AE55F80754DA13945005C.JPEG",
    "cantidad_archivos": 1,
    "archivos_fuente": [
      "Pictures/Fototeca de Fotos.photoslibrary/resources/derivatives/masters/8/8A7BA816-5E01-47E1-9AE5-5F80754DA139_4_5005_c.jpeg"
    ],
    "ultima_modificacion": "2025-08-01 01:01:10.752196"
  },
  "8a2bd03b2c334f37a9f621ba9571fc7b45005c.jpeg": {
    "app_sintetizada": "8A2BD03B2C334F37A9F621BA9571FC7B45005C.JPEG",
    "cantidad_archivos": 1,
    "archivos_fuente": [
      "Pictures/Fototeca de Fotos.photoslibrary/resources/derivatives/masters/8/8A2BD03B-2C33-4F37-A9F6-21BA9571FC7B_4_5005_c.jpeg"
    ],
    "ultima_modificacion": "2025-08-01 01:01:10.752520"
  },
  "899ad2cc88c745d3917b344a492b746145005c.jpeg": {
    "app_sintetizada": "899AD2CC88C745D3917B344A492B746145005C.JPEG",
    "cantidad_archivos": 1,
    "archivos_fuente": [
      "Pictures/Fototeca de Fotos.photoslibrary/resources/derivatives/masters/8/899AD2CC-88C7-45D3-917B-344A492B7461_4_5005_c.jpeg"
    ],
    "ultima_modificacion": "2025-08-01 01:01:10.752813"
  },
  "8dc7056bdb554076b297c463d7b545bc45005c.jpeg": {
    "app_sintetizada": "8DC7056BDB554076B297C463D7B545BC45005C.JPEG",
    "cantidad_archivos": 1,
    "archivos_fuente": [
      "Pictures/Fototeca de Fotos.photoslibrary/resources/derivatives/masters/8/8DC7056B-DB55-4076-B297-C463D7B545BC_4_5005_c.jpeg"
    ],
    "ultima_modificacion": "2025-08-01 01:01:10.753162"
  },
  "84c84b21b9cc404eafb8d130515ee7c145005c.jpeg": {
    "app_sintetizada": "84C84B21B9CC404EAFB8D130515EE7C145005C.JPEG",
    "cantidad_archivos": 1,
    "archivos_fuente": [
      "Pictures/Fototeca de Fotos.photoslibrary/resources/derivatives/masters/8/84C84B21-B9CC-404E-AFB8-D130515EE7C1_4_5005_c.jpeg"
    ],
    "ultima_modificacion": "2025-08-01 01:01:10.753526"
  },
  "8de1e3ac22e24c3ca27631507c6355cf45005c.jpeg": {
    "app_sintetizada": "8DE1E3AC22E24C3CA27631507C6355CF45005C.JPEG",
    "cantidad_archivos": 1,
    "archivos_fuente": [
      "Pictures/Fototeca de Fotos.photoslibrary/resources/derivatives/masters/8/8DE1E3AC-22E2-4C3C-A276-31507C6355CF_4_5005_c.jpeg"
    ],
    "ultima_modificacion": "2025-08-01 01:01:10.753886"
  },
  "8643511a14e04b1b8a9259b99b12288945005c.jpeg": {
    "app_sintetizada": "8643511A14E04B1B8A9259B99B12288945005C.JPEG",
    "cantidad_archivos": 1,
    "archivos_fuente": [
      "Pictures/Fototeca de Fotos.photoslibrary/resources/derivatives/masters/8/8643511A-14E0-4B1B-8A92-59B99B122889_4_5005_c.jpeg"
    ],
    "ultima_modificacion": "2025-08-01 01:01:10.754273"
  },
  "8064f022f52c48248ca4d6f3faaab2d545005c.jpeg": {
    "app_sintetizada": "8064F022F52C48248CA4D6F3FAAAB2D545005C.JPEG",
    "cantidad_archivos": 1,
    "archivos_fuente": [
      "Pictures/Fototeca de Fotos.photoslibrary/resources/derivatives/masters/8/8064F022-F52C-4824-8CA4-D6F3FAAAB2D5_4_5005_c.jpeg"
    ],
    "ultima_modificacion": "2025-08-01 01:01:10.754634"
  },
  "816fc1e1b33d4d6ab4afa37587bad5d545005c.jpeg": {
    "app_sintetizada": "816FC1E1B33D4D6AB4AFA37587BAD5D545005C.JPEG",
    "cantidad_archivos": 1,
    "archivos_fuente": [
      "Pictures/Fototeca de Fotos.photoslibrary/resources/derivatives/masters/8/816FC1E1-B33D-4D6A-B4AF-A37587BAD5D5_4_5005_c.jpeg"
    ],
    "ultima_modificacion": "2025-08-01 01:01:10.755015"
  },
  "83d54ae0700a44018f8c5c028462743e45005c.jpeg": {
    "app_sintetizada": "83D54AE0700A44018F8C5C028462743E45005C.JPEG",
    "cantidad_archivos": 1,
    "archivos_fuente": [
      "Pictures/Fototeca de Fotos.photoslibrary/resources/derivatives/masters/8/83D54AE0-700A-4401-8F8C-5C028462743E_4_5005_c.jpeg"
    ],
    "ultima_modificacion": "2025-08-01 01:01:10.755327"
  },
  "893e5643f9fc486886366245df75360445005c.jpeg": {
    "app_sintetizada": "893E5643F9FC486886366245DF75360445005C.JPEG",
    "cantidad_archivos": 1,
    "archivos_fuente": [
      "Pictures/Fototeca de Fotos.photoslibrary/resources/derivatives/masters/8/893E5643-F9FC-4868-8636-6245DF753604_4_5005_c.jpeg"
    ],
    "ultima_modificacion": "2025-08-01 01:01:10.755656"
  },
  "875ffa6c53814589a817e7d70813106a45005c.jpeg": {
    "app_sintetizada": "875FFA6C53814589A817E7D70813106A45005C.JPEG",
    "cantidad_archivos": 1,
    "archivos_fuente": [
      "Pictures/Fototeca de Fotos.photoslibrary/resources/derivatives/masters/8/875FFA6C-5381-4589-A817-E7D70813106A_4_5005_c.jpeg"
    ],
    "ultima_modificacion": "2025-08-01 01:01:10.756053"
  },
  "80dcda46d06b4f45b28b867a44299e6945005c.jpeg": {
    "app_sintetizada": "80DCDA46D06B4F45B28B867A44299E6945005C.JPEG",
    "cantidad_archivos": 1,
    "archivos_fuente": [
      "Pictures/Fototeca de Fotos.photoslibrary/resources/derivatives/masters/8/80DCDA46-D06B-4F45-B28B-867A44299E69_4_5005_c.jpeg"
    ],
    "ultima_modificacion": "2025-08-01 01:01:10.756452"
  },
  "8c18ceeb0bb443e7931863dd2f1b971145005c.jpeg": {
    "app_sintetizada": "8C18CEEB0BB443E7931863DD2F1B971145005C.JPEG",
    "cantidad_archivos": 1,
    "archivos_fuente": [
      "Pictures/Fototeca de Fotos.photoslibrary/resources/derivatives/masters/8/8C18CEEB-0BB4-43E7-9318-63DD2F1B9711_4_5005_c.jpeg"
    ],
    "ultima_modificacion": "2025-08-01 01:01:10.756795"
  },
  "8affe39d33744ce2965f21398754704045005c.jpeg": {
    "app_sintetizada": "8AFFE39D33744CE2965F21398754704045005C.JPEG",
    "cantidad_archivos": 1,
    "archivos_fuente": [
      "Pictures/Fototeca de Fotos.photoslibrary/resources/derivatives/masters/8/8AFFE39D-3374-4CE2-965F-213987547040_4_5005_c.jpeg"
    ],
    "ultima_modificacion": "2025-08-01 01:01:10.757142"
  },
  "862ade52f52d4b2c98f4aaaf2c60a70c45005c.jpeg": {
    "app_sintetizada": "862ADE52F52D4B2C98F4AAAF2C60A70C45005C.JPEG",
    "cantidad_archivos": 1,
    "archivos_fuente": [
      "Pictures/Fototeca de Fotos.photoslibrary/resources/derivatives/masters/8/862ADE52-F52D-4B2C-98F4-AAAF2C60A70C_4_5005_c.jpeg"
    ],
    "ultima_modificacion": "2025-08-01 01:01:10.757480"
  },
  "8a13341c92a64b3880ea295f0fe4ff6245005c.jpeg": {
    "app_sintetizada": "8A13341C92A64B3880EA295F0FE4FF6245005C.JPEG",
    "cantidad_archivos": 1,
    "archivos_fuente": [
      "Pictures/Fototeca de Fotos.photoslibrary/resources/derivatives/masters/8/8A13341C-92A6-4B38-80EA-295F0FE4FF62_4_5005_c.jpeg"
    ],
    "ultima_modificacion": "2025-08-01 01:01:10.757806"
  },
  "80e942834f5845f69cee53d604bb6b3545005c.jpeg": {
    "app_sintetizada": "80E942834F5845F69CEE53D604BB6B3545005C.JPEG",
    "cantidad_archivos": 1,
    "archivos_fuente": [
      "Pictures/Fototeca de Fotos.photoslibrary/resources/derivatives/masters/8/80E94283-4F58-45F6-9CEE-53D604BB6B35_4_5005_c.jpeg"
    ],
    "ultima_modificacion": "2025-08-01 01:01:10.758118"
  },
  "80261d60347e412c91826d96a8dc655a45005c.jpeg": {
    "app_sintetizada": "80261D60347E412C91826D96A8DC655A45005C.JPEG",
    "cantidad_archivos": 1,
    "archivos_fuente": [
      "Pictures/Fototeca de Fotos.photoslibrary/resources/derivatives/masters/8/80261D60-347E-412C-9182-6D96A8DC655A_4_5005_c.jpeg"
    ],
    "ultima_modificacion": "2025-08-01 01:01:10.758458"
  },
  "81a8b4d70e834d549046a61afbe7c1f045005c.jpeg": {
    "app_sintetizada": "81A8B4D70E834D549046A61AFBE7C1F045005C.JPEG",
    "cantidad_archivos": 1,
    "archivos_fuente": [
      "Pictures/Fototeca de Fotos.photoslibrary/resources/derivatives/masters/8/81A8B4D7-0E83-4D54-9046-A61AFBE7C1F0_4_5005_c.jpeg"
    ],
    "ultima_modificacion": "2025-08-01 01:01:10.758778"
  },
  "8bd90790abbd4ecc9441228cba2339d345005c.jpeg": {
    "app_sintetizada": "8BD90790ABBD4ECC9441228CBA2339D345005C.JPEG",
    "cantidad_archivos": 1,
    "archivos_fuente": [
      "Pictures/Fototeca de Fotos.photoslibrary/resources/derivatives/masters/8/8BD90790-ABBD-4ECC-9441-228CBA2339D3_4_5005_c.jpeg"
    ],
    "ultima_modificacion": "2025-08-01 01:01:10.759069"
  },
  "883b3ecc835c4ca1b99ff2d3331e946945005c.jpeg": {
    "app_sintetizada": "883B3ECC835C4CA1B99FF2D3331E946945005C.JPEG",
    "cantidad_archivos": 1,
    "archivos_fuente": [
      "Pictures/Fototeca de Fotos.photoslibrary/resources/derivatives/masters/8/883B3ECC-835C-4CA1-B99F-F2D3331E9469_4_5005_c.jpeg"
    ],
    "ultima_modificacion": "2025-08-01 01:01:10.759399"
  },
  "89ba4c73af6d4c46ae2abc779886643345005c.jpeg": {
    "app_sintetizada": "89BA4C73AF6D4C46AE2ABC779886643345005C.JPEG",
    "cantidad_archivos": 1,
    "archivos_fuente": [
      "Pictures/Fototeca de Fotos.photoslibrary/resources/derivatives/masters/8/89BA4C73-AF6D-4C46-AE2A-BC7798866433_4_5005_c.jpeg"
    ],
    "ultima_modificacion": "2025-08-01 01:01:10.759726"
  },
  "86d8d608571f4039a22151f29d2017ac45005c.jpeg": {
    "app_sintetizada": "86D8D608571F4039A22151F29D2017AC45005C.JPEG",
    "cantidad_archivos": 1,
    "archivos_fuente": [
      "Pictures/Fototeca de Fotos.photoslibrary/resources/derivatives/masters/8/86D8D608-571F-4039-A221-51F29D2017AC_4_5005_c.jpeg"
    ],
    "ultima_modificacion": "2025-08-01 01:01:10.760050"
  },
  "8eeeb693534841eaa3cc081f71d1303545005c.jpeg": {
    "app_sintetizada": "8EEEB693534841EAA3CC081F71D1303545005C.JPEG",
    "cantidad_archivos": 1,
    "archivos_fuente": [
      "Pictures/Fototeca de Fotos.photoslibrary/resources/derivatives/masters/8/8EEEB693-5348-41EA-A3CC-081F71D13035_4_5005_c.jpeg"
    ],
    "ultima_modificacion": "2025-08-01 01:01:10.760348"
  },
  "8fb0ce15872a4db198cff0e99667e52645005c.jpeg": {
    "app_sintetizada": "8FB0CE15872A4DB198CFF0E99667E52645005C.JPEG",
    "cantidad_archivos": 1,
    "archivos_fuente": [
      "Pictures/Fototeca de Fotos.photoslibrary/resources/derivatives/masters/8/8FB0CE15-872A-4DB1-98CF-F0E99667E526_4_5005_c.jpeg"
    ],
    "ultima_modificacion": "2025-08-01 01:01:10.760662"
  },
  "8d6d71b545a34677af3f4e662c7980cc45005c.jpeg": {
    "app_sintetizada": "8D6D71B545A34677AF3F4E662C7980CC45005C.JPEG",
    "cantidad_archivos": 1,
    "archivos_fuente": [
      "Pictures/Fototeca de Fotos.photoslibrary/resources/derivatives/masters/8/8D6D71B5-45A3-4677-AF3F-4E662C7980CC_4_5005_c.jpeg"
    ],
    "ultima_modificacion": "2025-08-01 01:01:10.760948"
  },
  "8f83a993fb31429f8b9ab34af6e149df45005c.jpeg": {
    "app_sintetizada": "8F83A993FB31429F8B9AB34AF6E149DF45005C.JPEG",
    "cantidad_archivos": 1,
    "archivos_fuente": [
      "Pictures/Fototeca de Fotos.photoslibrary/resources/derivatives/masters/8/8F83A993-FB31-429F-8B9A-B34AF6E149DF_4_5005_c.jpeg"
    ],
    "ultima_modificacion": "2025-08-01 01:01:10.761321"
  },
  "8fe3e483b1da41adbeaf08772b12490d45005c.jpeg": {
    "app_sintetizada": "8FE3E483B1DA41ADBEAF08772B12490D45005C.JPEG",
    "cantidad_archivos": 1,
    "archivos_fuente": [
      "Pictures/Fototeca de Fotos.photoslibrary/resources/derivatives/masters/8/8FE3E483-B1DA-41AD-BEAF-08772B12490D_4_5005_c.jpeg"
    ],
    "ultima_modificacion": "2025-08-01 01:01:10.761584"
  },
  "832010a95e8a46a6b253a9312dc33cdc45005c.jpeg": {
    "app_sintetizada": "832010A95E8A46A6B253A9312DC33CDC45005C.JPEG",
    "cantidad_archivos": 1,
    "archivos_fuente": [
      "Pictures/Fototeca de Fotos.photoslibrary/resources/derivatives/masters/8/832010A9-5E8A-46A6-B253-A9312DC33CDC_4_5005_c.jpeg"
    ],
    "ultima_modificacion": "2025-08-01 01:01:10.761861"
  },
  "80c1cc15987a4b81a6474b725bffd26b45005c.jpeg": {
    "app_sintetizada": "80C1CC15987A4B81A6474B725BFFD26B45005C.JPEG",
    "cantidad_archivos": 1,
    "archivos_fuente": [
      "Pictures/Fototeca de Fotos.photoslibrary/resources/derivatives/masters/8/80C1CC15-987A-4B81-A647-4B725BFFD26B_4_5005_c.jpeg"
    ],
    "ultima_modificacion": "2025-08-01 01:01:10.762190"
  },
  "89ecd93ae9fe4ebf98b59384c3e7b87d45005c.jpeg": {
    "app_sintetizada": "89ECD93AE9FE4EBF98B59384C3E7B87D45005C.JPEG",
    "cantidad_archivos": 1,
    "archivos_fuente": [
      "Pictures/Fototeca de Fotos.photoslibrary/resources/derivatives/masters/8/89ECD93A-E9FE-4EBF-98B5-9384C3E7B87D_4_5005_c.jpeg"
    ],
    "ultima_modificacion": "2025-08-01 01:01:10.762591"
  },
  "844f38afa2ac421a95558371d0b09c8d45005c.jpeg": {
    "app_sintetizada": "844F38AFA2AC421A95558371D0B09C8D45005C.JPEG",
    "cantidad_archivos": 1,
    "archivos_fuente": [
      "Pictures/Fototeca de Fotos.photoslibrary/resources/derivatives/masters/8/844F38AF-A2AC-421A-9555-8371D0B09C8D_4_5005_c.jpeg"
    ],
    "ultima_modificacion": "2025-08-01 01:01:10.762912"
  },
  "8f67f035481e41c8aeb982839e7ac78445005c.jpeg": {
    "app_sintetizada": "8F67F035481E41C8AEB982839E7AC78445005C.JPEG",
    "cantidad_archivos": 1,
    "archivos_fuente": [
      "Pictures/Fototeca de Fotos.photoslibrary/resources/derivatives/masters/8/8F67F035-481E-41C8-AEB9-82839E7AC784_4_5005_c.jpeg"
    ],
    "ultima_modificacion": "2025-08-01 01:01:10.763181"
  },
  "824a1da30aaa49b49ff16b5fb944dd8e45005c.jpeg": {
    "app_sintetizada": "824A1DA30AAA49B49FF16B5FB944DD8E45005C.JPEG",
    "cantidad_archivos": 1,
    "archivos_fuente": [
      "Pictures/Fototeca de Fotos.photoslibrary/resources/derivatives/masters/8/824A1DA3-0AAA-49B4-9FF1-6B5FB944DD8E_4_5005_c.jpeg"
    ],
    "ultima_modificacion": "2025-08-01 01:01:10.763435"
  },
  "88a67a1a1a7244b584396d3f8bb91d8145005c.jpeg": {
    "app_sintetizada": "88A67A1A1A7244B584396D3F8BB91D8145005C.JPEG",
    "cantidad_archivos": 1,
    "archivos_fuente": [
      "Pictures/Fototeca de Fotos.photoslibrary/resources/derivatives/masters/8/88A67A1A-1A72-44B5-8439-6D3F8BB91D81_4_5005_c.jpeg"
    ],
    "ultima_modificacion": "2025-08-01 01:01:10.763698"
  },
  "8a89e1d190b84012987e0708e1463eee45005c.jpeg": {
    "app_sintetizada": "8A89E1D190B84012987E0708E1463EEE45005C.JPEG",
    "cantidad_archivos": 1,
    "archivos_fuente": [
      "Pictures/Fototeca de Fotos.photoslibrary/resources/derivatives/masters/8/8A89E1D1-90B8-4012-987E-0708E1463EEE_4_5005_c.jpeg"
    ],
    "ultima_modificacion": "2025-08-01 01:01:10.763993"
  },
  "8ec4ea6d3a2f49759f0e6d6355ff5a6645005c.jpeg": {
    "app_sintetizada": "8EC4EA6D3A2F49759F0E6D6355FF5A6645005C.JPEG",
    "cantidad_archivos": 1,
    "archivos_fuente": [
      "Pictures/Fototeca de Fotos.photoslibrary/resources/derivatives/masters/8/8EC4EA6D-3A2F-4975-9F0E-6D6355FF5A66_4_5005_c.jpeg"
    ],
    "ultima_modificacion": "2025-08-01 01:01:10.764257"
  }
}