{
  "7fd0487290994452a17bffc54cf4655845005c.jpeg": {
    "app_sintetizada": "7FD0487290994452A17BFFC54CF4655845005C.JPEG",
    "cantidad_archivos": 1,
    "archivos_fuente": [
      "Pictures/Fototeca de Fotos.photoslibrary/resources/derivatives/masters/7/7FD04872-9099-4452-A17B-FFC54CF46558_4_5005_c.jpeg"
    ],
    "ultima_modificacion": "2025-08-01 01:01:08.294094"
  },
  "74d22a9e2eae49a792a787ef76c88e4545005c.jpeg": {
    "app_sintetizada": "74D22A9E2EAE49A792A787EF76C88E4545005C.JPEG",
    "cantidad_archivos": 1,
    "archivos_fuente": [
      "Pictures/Fototeca de Fotos.photoslibrary/resources/derivatives/masters/7/74D22A9E-2EAE-49A7-92A7-87EF76C88E45_4_5005_c.jpeg"
    ],
    "ultima_modificacion": "2025-08-01 01:01:08.294408"
  },
  "7525c8143fbb405e838f35fd1aba8fd645005c.jpeg": {
    "app_sintetizada": "7525C8143FBB405E838F35FD1ABA8FD645005C.JPEG",
    "cantidad_archivos": 1,
    "archivos_fuente": [
      "Pictures/Fototeca de Fotos.photoslibrary/resources/derivatives/masters/7/7525C814-3FBB-405E-838F-35FD1ABA8FD6_4_5005_c.jpeg"
    ],
    "ultima_modificacion": "2025-08-01 01:01:08.294752"
  },
  "7d947569cdf44aac853e1f5e6fe8c1b245005c.jpeg": {
    "app_sintetizada": "7D947569CDF44AAC853E1F5E6FE8C1B245005C.JPEG",
    "cantidad_archivos": 1,
    "archivos_fuente": [
      "Pictures/Fototeca de Fotos.photoslibrary/resources/derivatives/masters/7/7D947569-CDF4-4AAC-853E-1F5E6FE8C1B2_4_5005_c.jpeg"
    ],
    "ultima_modificacion": "2025-08-01 01:01:08.295085"
  },
  "7805ceebc212409385fb6304297d707845005c.jpeg": {
    "app_sintetizada": "7805CEEBC212409385FB6304297D707845005C.JPEG",
    "cantidad_archivos": 1,
    "archivos_fuente": [
      "Pictures/Fototeca de Fotos.photoslibrary/resources/derivatives/masters/7/7805CEEB-C212-4093-85FB-6304297D7078_4_5005_c.jpeg"
    ],
    "ultima_modificacion": "2025-08-01 01:01:08.295411"
  },
  "74cd3dcb7ca34b778d9f71e80632f9be45005c.jpeg": {
    "app_sintetizada": "74CD3DCB7CA34B778D9F71E80632F9BE45005C.JPEG",
    "cantidad_archivos": 1,
    "archivos_fuente": [
      "Pictures/Fototeca de Fotos.photoslibrary/resources/derivatives/masters/7/74CD3DCB-7CA3-4B77-8D9F-71E80632F9BE_4_5005_c.jpeg"
    ],
    "ultima_modificacion": "2025-08-01 01:01:08.295741"
  },
  "7a5b1e7ace6f4ab9a27870042d0779ba45005c.jpeg": {
    "app_sintetizada": "7A5B1E7ACE6F4AB9A27870042D0779BA45005C.JPEG",
    "cantidad_archivos": 1,
    "archivos_fuente": [
      "Pictures/Fototeca de Fotos.photoslibrary/resources/derivatives/masters/7/7A5B1E7A-CE6F-4AB9-A278-70042D0779BA_4_5005_c.jpeg"
    ],
    "ultima_modificacion": "2025-08-01 01:01:08.296065"
  },
  "7696c1fae1ee4920b4e7318a3232a91745005c.jpeg": {
    "app_sintetizada": "7696C1FAE1EE4920B4E7318A3232A91745005C.JPEG",
    "cantidad_archivos": 1,
    "archivos_fuente": [
      "Pictures/Fototeca de Fotos.photoslibrary/resources/derivatives/masters/7/7696C1FA-E1EE-4920-B4E7-318A3232A917_4_5005_c.jpeg"
    ],
    "ultima_modificacion": "2025-08-01 01:01:08.296391"
  },
  "72b008d48cc049bc9e57fcc35a65d65d45005c.jpeg": {
    "app_sintetizada": "72B008D48CC049BC9E57FCC35A65D65D45005C.JPEG",
    "cantidad_archivos": 1,
    "archivos_fuente": [
      "Pictures/Fototeca de Fotos.photoslibrary/resources/derivatives/masters/7/72B008D4-8CC0-49BC-9E57-FCC35A65D65D_4_5005_c.jpeg"
    ],
    "ultima_modificacion": "2025-08-01 01:01:08.296716"
  },
  "72d8397c7c88458585caa098867470f245005c.jpeg": {
    "app_sintetizada": "72D8397C7C88458585CAA098867470F245005C.JPEG",
    "cantidad_archivos": 1,
    "archivos_fuente": [
      "Pictures/Fototeca de Fotos.photoslibrary/resources/derivatives/masters/7/72D8397C-7C88-4585-85CA-A098867470F2_4_5005_c.jpeg"
    ],
    "ultima_modificacion": "2025-08-01 01:01:08.297042"
  },
  "7395651610ee49d3a416f13d338e0cd445005c.jpeg": {
    "app_sintetizada": "7395651610EE49D3A416F13D338E0CD445005C.JPEG",
    "cantidad_archivos": 1,
    "archivos_fuente": [
      "Pictures/Fototeca de Fotos.photoslibrary/resources/derivatives/masters/7/73956516-10EE-49D3-A416-F13D338E0CD4_4_5005_c.jpeg"
    ],
    "ultima_modificacion": "2025-08-01 01:01:08.297363"
  },
  "7c958a30adb74881a1205475ee88fab545005c.jpeg": {
    "app_sintetizada": "7C958A30ADB74881A1205475EE88FAB545005C.JPEG",
    "cantidad_archivos": 1,
    "archivos_fuente": [
      "Pictures/Fototeca de Fotos.photoslibrary/resources/derivatives/masters/7/7C958A30-ADB7-4881-A120-5475EE88FAB5_4_5005_c.jpeg"
    ],
    "ultima_modificacion": "2025-08-01 01:01:08.297633"
  },
  "7b858608f95042bd8a40a3e28fc4778645005c.jpeg": {
    "app_sintetizada": "7B858608F95042BD8A40A3E28FC4778645005C.JPEG",
    "cantidad_archivos": 1,
    "archivos_fuente": [
      "Pictures/Fototeca de Fotos.photoslibrary/resources/derivatives/masters/7/7B858608-F950-42BD-8A40-A3E28FC47786_4_5005_c.jpeg"
    ],
    "ultima_modificacion": "2025-08-01 01:01:08.297922"
  },
  "7a65b78f97974722998a6eeac6da3b7045005c.jpeg": {
    "app_sintetizada": "7A65B78F97974722998A6EEAC6DA3B7045005C.JPEG",
    "cantidad_archivos": 1,
    "archivos_fuente": [
      "Pictures/Fototeca de Fotos.photoslibrary/resources/derivatives/masters/7/7A65B78F-9797-4722-998A-6EEAC6DA3B70_4_5005_c.jpeg"
    ],
    "ultima_modificacion": "2025-08-01 01:01:08.298191"
  },
  "76b4eb9109ec45bcae5158cc2ccb3c1245005c.jpeg": {
    "app_sintetizada": "76B4EB9109EC45BCAE5158CC2CCB3C1245005C.JPEG",
    "cantidad_archivos": 1,
    "archivos_fuente": [
      "Pictures/Fototeca de Fotos.photoslibrary/resources/derivatives/masters/7/76B4EB91-09EC-45BC-AE51-58CC2CCB3C12_4_5005_c.jpeg"
    ],
    "ultima_modificacion": "2025-08-01 01:01:08.298494"
  },
  "71b9f41003cb4c119028ff052d00a02645005c.jpeg": {
    "app_sintetizada": "71B9F41003CB4C119028FF052D00A02645005C.JPEG",
    "cantidad_archivos": 1,
    "archivos_fuente": [
      "Pictures/Fototeca de Fotos.photoslibrary/resources/derivatives/masters/7/71B9F410-03CB-4C11-9028-FF052D00A026_4_5005_c.jpeg"
    ],
    "ultima_modificacion": "2025-08-01 01:01:08.298789"
  },
  "74de0fbddec045e6a48111bc649028fd45005c.jpeg": {
    "app_sintetizada": "74DE0FBDDEC045E6A48111BC649028FD45005C.JPEG",
    "cantidad_archivos": 1,
    "archivos_fuente": [
      "Pictures/Fototeca de Fotos.photoslibrary/resources/derivatives/masters/7/74DE0FBD-DEC0-45E6-A481-11BC649028FD_4_5005_c.jpeg"
    ],
    "ultima_modificacion": "2025-08-01 01:01:08.299074"
  },
  "75678c841d8f4252a163588072e82f3645005c.jpeg": {
    "app_sintetizada": "75678C841D8F4252A163588072E82F3645005C.JPEG",
    "cantidad_archivos": 1,
    "archivos_fuente": [
      "Pictures/Fototeca de Fotos.photoslibrary/resources/derivatives/masters/7/75678C84-1D8F-4252-A163-588072E82F36_4_5005_c.jpeg"
    ],
    "ultima_modificacion": "2025-08-01 01:01:08.299389"
  },
  "7fe5454d809b4f75af2e37ec26c6b32345005c.jpeg": {
    "app_sintetizada": "7FE5454D809B4F75AF2E37EC26C6B32345005C.JPEG",
    "cantidad_archivos": 1,
    "archivos_fuente": [
      "Pictures/Fototeca de Fotos.photoslibrary/resources/derivatives/masters/7/7FE5454D-809B-4F75-AF2E-37EC26C6B323_4_5005_c.jpeg"
    ],
    "ultima_modificacion": "2025-08-01 01:01:08.299676"
  },
  "74ddfd614d88444789a7d97c44a0fd7e45005c.jpeg": {
    "app_sintetizada": "74DDFD614D88444789A7D97C44A0FD7E45005C.JPEG",
    "cantidad_archivos": 1,
    "archivos_fuente": [
      "Pictures/Fototeca de Fotos.photoslibrary/resources/derivatives/masters/7/74DDFD61-4D88-4447-89A7-D97C44A0FD7E_4_5005_c.jpeg"
    ],
    "ultima_modificacion": "2025-08-01 01:01:08.299965"
  },
  "74fc4fc56d524b68bb2faee51c7209fb45005c.jpeg": {
    "app_sintetizada": "74FC4FC56D524B68BB2FAEE51C7209FB45005C.JPEG",
    "cantidad_archivos": 1,
    "archivos_fuente": [
      "Pictures/Fototeca de Fotos.photoslibrary/resources/derivatives/masters/7/74FC4FC5-6D52-4B68-BB2F-AEE51C7209FB_4_5005_c.jpeg"
    ],
    "ultima_modificacion": "2025-08-01 01:01:08.300272"
  },
  "7306e526871a48a7a102c1efe909fa8745005c.jpeg": {
    "app_sintetizada": "7306E526871A48A7A102C1EFE909FA8745005C.JPEG",
    "cantidad_archivos": 1,
    "archivos_fuente": [
      "Pictures/Fototeca de Fotos.photoslibrary/resources/derivatives/masters/7/7306E526-871A-48A7-A102-C1EFE909FA87_4_5005_c.jpeg"
    ],
    "ultima_modificacion": "2025-08-01 01:01:08.300578"
  },
  "70825abc48f04d5bbd7f818d565c20a845005c.jpeg": {
    "app_sintetizada": "70825ABC48F04D5BBD7F818D565C20A845005C.JPEG",
    "cantidad_archivos": 1,
    "archivos_fuente": [
      "Pictures/Fototeca de Fotos.photoslibrary/resources/derivatives/masters/7/70825ABC-48F0-4D5B-BD7F-818D565C20A8_4_5005_c.jpeg"
    ],
    "ultima_modificacion": "2025-08-01 01:01:08.300863"
  },
  "7cd8d79b58a04a348a2e5064c20bda8645005c.jpeg": {
    "app_sintetizada": "7CD8D79B58A04A348A2E5064C20BDA8645005C.JPEG",
    "cantidad_archivos": 1,
    "archivos_fuente": [
      "Pictures/Fototeca de Fotos.photoslibrary/resources/derivatives/masters/7/7CD8D79B-58A0-4A34-8A2E-5064C20BDA86_4_5005_c.jpeg"
    ],
    "ultima_modificacion": "2025-08-01 01:01:08.301182"
  },
  "772e483761a24c5bb2b39de2e8b7d76f45005c.jpeg": {
    "app_sintetizada": "772E483761A24C5BB2B39DE2E8B7D76F45005C.JPEG",
    "cantidad_archivos": 1,
    "archivos_fuente": [
      "Pictures/Fototeca de Fotos.photoslibrary/resources/derivatives/masters/7/772E4837-61A2-4C5B-B2B3-9DE2E8B7D76F_4_5005_c.jpeg"
    ],
    "ultima_modificacion": "2025-08-01 01:01:08.301513"
  },
  "7c8d480f73da41ba8f5c451f8a4ef16045005c.jpeg": {
    "app_sintetizada": "7C8D480F73DA41BA8F5C451F8A4EF16045005C.JPEG",
    "cantidad_archivos": 1,
    "archivos_fuente": [
      "Pictures/Fototeca de Fotos.photoslibrary/resources/derivatives/masters/7/7C8D480F-73DA-41BA-8F5C-451F8A4EF160_4_5005_c.jpeg"
    ],
    "ultima_modificacion": "2025-08-01 01:01:08.301816"
  },
  "7642895d9dd449a881f9a65e94caf2a445005c.jpeg": {
    "app_sintetizada": "7642895D9DD449A881F9A65E94CAF2A445005C.JPEG",
    "cantidad_archivos": 1,
    "archivos_fuente": [
      "Pictures/Fototeca de Fotos.photoslibrary/resources/derivatives/masters/7/7642895D-9DD4-49A8-81F9-A65E94CAF2A4_4_5005_c.jpeg"
    ],
    "ultima_modificacion": "2025-08-01 01:01:08.302101"
  },
  "774a8adf39c84c4480e0f950756662d445005c.jpeg": {
    "app_sintetizada": "774A8ADF39C84C4480E0F950756662D445005C.JPEG",
    "cantidad_archivos": 1,
    "archivos_fuente": [
      "Pictures/Fototeca de Fotos.photoslibrary/resources/derivatives/masters/7/774A8ADF-39C8-4C44-80E0-F950756662D4_4_5005_c.jpeg"
    ],
    "ultima_modificacion": "2025-08-01 01:01:08.302491"
  },
  "75c7f25f78be40eeb2080dabb169e27145005c.jpeg": {
    "app_sintetizada": "75C7F25F78BE40EEB2080DABB169E27145005C.JPEG",
    "cantidad_archivos": 1,
    "archivos_fuente": [
      "Pictures/Fototeca de Fotos.photoslibrary/resources/derivatives/masters/7/75C7F25F-78BE-40EE-B208-0DABB169E271_4_5005_c.jpeg"
    ],
    "ultima_modificacion": "2025-08-01 01:01:08.302802"
  },
  "79949a0a43dd42c2875f8b85cbb5341845005c.jpeg": {
    "app_sintetizada": "79949A0A43DD42C2875F8B85CBB5341845005C.JPEG",
    "cantidad_archivos": 1,
    "archivos_fuente": [
      "Pictures/Fototeca de Fotos.photoslibrary/resources/derivatives/masters/7/79949A0A-43DD-42C2-875F-8B85CBB53418_4_5005_c.jpeg"
    ],
    "ultima_modificacion": "2025-08-01 01:01:08.303122"
  },
  "7bfae5fd19fa4b498693c2faeac36f3645005c.jpeg": {
    "app_sintetizada": "7BFAE5FD19FA4B498693C2FAEAC36F3645005C.JPEG",
    "cantidad_archivos": 1,
    "archivos_fuente": [
      "Pictures/Fototeca de Fotos.photoslibrary/resources/derivatives/masters/7/7BFAE5FD-19FA-4B49-8693-C2FAEAC36F36_4_5005_c.jpeg"
    ],
    "ultima_modificacion": "2025-08-01 01:01:08.303411"
  },
  "72b362140bf04557b0225f5e4d05686845005c.jpeg": {
    "app_sintetizada": "72B362140BF04557B0225F5E4D05686845005C.JPEG",
    "cantidad_archivos": 1,
    "archivos_fuente": [
      "Pictures/Fototeca de Fotos.photoslibrary/resources/derivatives/masters/7/72B36214-0BF0-4557-B022-5F5E4D056868_4_5005_c.jpeg"
    ],
    "ultima_modificacion": "2025-08-01 01:01:08.303748"
  },
  "76480018cf304797b98d89540997967045005c.jpeg": {
    "app_sintetizada": "76480018CF304797B98D89540997967045005C.JPEG",
    "cantidad_archivos": 1,
    "archivos_fuente": [
      "Pictures/Fototeca de Fotos.photoslibrary/resources/derivatives/masters/7/76480018-CF30-4797-B98D-895409979670_4_5005_c.jpeg"
    ],
    "ultima_modificacion": "2025-08-01 01:01:08.304059"
  },
  "7000ca2ba4a84669bbfee7cc24ffee4745005c.jpeg": {
    "app_sintetizada": "7000CA2BA4A84669BBFEE7CC24FFEE4745005C.JPEG",
    "cantidad_archivos": 1,
    "archivos_fuente": [
      "Pictures/Fototeca de Fotos.photoslibrary/resources/derivatives/masters/7/7000CA2B-A4A8-4669-BBFE-E7CC24FFEE47_4_5005_c.jpeg"
    ],
    "ultima_modificacion": "2025-08-01 01:01:08.304364"
  },
  "7d19a4f1aac549459f9431b75445f7a245005c.jpeg": {
    "app_sintetizada": "7D19A4F1AAC549459F9431B75445F7A245005C.JPEG",
    "cantidad_archivos": 1,
    "archivos_fuente": [
      "Pictures/Fototeca de Fotos.photoslibrary/resources/derivatives/masters/7/7D19A4F1-AAC5-4945-9F94-31B75445F7A2_4_5005_c.jpeg"
    ],
    "ultima_modificacion": "2025-08-01 01:01:08.304675"
  },
  "7320ac8103bf41e4b3f43132c53a9efd45005c.jpeg": {
    "app_sintetizada": "7320AC8103BF41E4B3F43132C53A9EFD45005C.JPEG",
    "cantidad_archivos": 1,
    "archivos_fuente": [
      "Pictures/Fototeca de Fotos.photoslibrary/resources/derivatives/masters/7/7320AC81-03BF-41E4-B3F4-3132C53A9EFD_4_5005_c.jpeg"
    ],
    "ultima_modificacion": "2025-08-01 01:01:08.304963"
  },
  "7775c07d5200433c861b903f9c69cc0845005c.jpeg": {
    "app_sintetizada": "7775C07D5200433C861B903F9C69CC0845005C.JPEG",
    "cantidad_archivos": 1,
    "archivos_fuente": [
      "Pictures/Fototeca de Fotos.photoslibrary/resources/derivatives/masters/7/7775C07D-5200-433C-861B-903F9C69CC08_4_5005_c.jpeg"
    ],
    "ultima_modificacion": "2025-08-01 01:01:08.305309"
  },
  "7d29833df4d24cd899bf17c64dda71ef45005c.jpeg": {
    "app_sintetizada": "7D29833DF4D24CD899BF17C64DDA71EF45005C.JPEG",
    "cantidad_archivos": 1,
    "archivos_fuente": [
      "Pictures/Fototeca de Fotos.photoslibrary/resources/derivatives/masters/7/7D29833D-F4D2-4CD8-99BF-17C64DDA71EF_4_5005_c.jpeg"
    ],
    "ultima_modificacion": "2025-08-01 01:01:08.305656"
  },
  "72ce162d7d684b9f92846621441e3ec145005c.jpeg": {
    "app_sintetizada": "72CE162D7D684B9F92846621441E3EC145005C.JPEG",
    "cantidad_archivos": 1,
    "archivos_fuente": [
      "Pictures/Fototeca de Fotos.photoslibrary/resources/derivatives/masters/7/72CE162D-7D68-4B9F-9284-6621441E3EC1_4_5005_c.jpeg"
    ],
    "ultima_modificacion": "2025-08-01 01:01:08.306008"
  },
  "71fde1e57a57475d8598e904b7dab13b45005c.jpeg": {
    "app_sintetizada": "71FDE1E57A57475D8598E904B7DAB13B45005C.JPEG",
    "cantidad_archivos": 1,
    "archivos_fuente": [
      "Pictures/Fototeca de Fotos.photoslibrary/resources/derivatives/masters/7/71FDE1E5-7A57-475D-8598-E904B7DAB13B_4_5005_c.jpeg"
    ],
    "ultima_modificacion": "2025-08-01 01:01:08.306297"
  },
  "77439efc23e24660848dccaf8f952e8445005c.jpeg": {
    "app_sintetizada": "77439EFC23E24660848DCCAF8F952E8445005C.JPEG",
    "cantidad_archivos": 1,
    "archivos_fuente": [
      "Pictures/Fototeca de Fotos.photoslibrary/resources/derivatives/masters/7/77439EFC-23E2-4660-848D-CCAF8F952E84_4_5005_c.jpeg"
    ],
    "ultima_modificacion": "2025-08-01 01:01:08.306645"
  },
  "74a2728a52394e748e0766caf32d1d7445005c.jpeg": {
    "app_sintetizada": "74A2728A52394E748E0766CAF32D1D7445005C.JPEG",
    "cantidad_archivos": 1,
    "archivos_fuente": [
      "Pictures/Fototeca de Fotos.photoslibrary/resources/derivatives/masters/7/74A2728A-5239-4E74-8E07-66CAF32D1D74_4_5005_c.jpeg"
    ],
    "ultima_modificacion": "2025-08-01 01:01:08.306988"
  },
  "7316694b4af4423485a2fd4e8e44a5b145005c.jpeg": {
    "app_sintetizada": "7316694B4AF4423485A2FD4E8E44A5B145005C.JPEG",
    "cantidad_archivos": 1,
    "archivos_fuente": [
      "Pictures/Fototeca de Fotos.photoslibrary/resources/derivatives/masters/7/7316694B-4AF4-4234-85A2-FD4E8E44A5B1_4_5005_c.jpeg"
    ],
    "ultima_modificacion": "2025-08-01 01:01:08.307306"
  },
  "7dc51df348b148fe88f116957d41eb4245005c.jpeg": {
    "app_sintetizada": "7DC51DF348B148FE88F116957D41EB4245005C.JPEG",
    "cantidad_archivos": 1,
    "archivos_fuente": [
      "Pictures/Fototeca de Fotos.photoslibrary/resources/derivatives/masters/7/7DC51DF3-48B1-48FE-88F1-16957D41EB42_4_5005_c.jpeg"
    ],
    "ultima_modificacion": "2025-08-01 01:01:08.307621"
  },
  "7d816a60c1424747881687cdc9737ab945005c.jpeg": {
    "app_sintetizada": "7D816A60C1424747881687CDC9737AB945005C.JPEG",
    "cantidad_archivos": 1,
    "archivos_fuente": [
      "Pictures/Fototeca de Fotos.photoslibrary/resources/derivatives/masters/7/7D816A60-C142-4747-8816-87CDC9737AB9_4_5005_c.jpeg"
    ],
    "ultima_modificacion": "2025-08-01 01:01:08.307943"
  },
  "7cdbccb743374a509a2f77f6826868ea45005c.jpeg": {
    "app_sintetizada": "7CDBCCB743374A509A2F77F6826868EA45005C.JPEG",
    "cantidad_archivos": 1,
    "archivos_fuente": [
      "Pictures/Fototeca de Fotos.photoslibrary/resources/derivatives/masters/7/7CDBCCB7-4337-4A50-9A2F-77F6826868EA_4_5005_c.jpeg"
    ],
    "ultima_modificacion": "2025-08-01 01:01:08.308264"
  },
  "7eb92b749fb0465f96a23ef34ef3947545005c.jpeg": {
    "app_sintetizada": "7EB92B749FB0465F96A23EF34EF3947545005C.JPEG",
    "cantidad_archivos": 1,
    "archivos_fuente": [
      "Pictures/Fototeca de Fotos.photoslibrary/resources/derivatives/masters/7/7EB92B74-9FB0-465F-96A2-3EF34EF39475_4_5005_c.jpeg"
    ],
    "ultima_modificacion": "2025-08-01 01:01:08.308561"
  },
  "7d75a8257ed84874906fb01380685c8a45005c.jpeg": {
    "app_sintetizada": "7D75A8257ED84874906FB01380685C8A45005C.JPEG",
    "cantidad_archivos": 1,
    "archivos_fuente": [
      "Pictures/Fototeca de Fotos.photoslibrary/resources/derivatives/masters/7/7D75A825-7ED8-4874-906F-B01380685C8A_4_5005_c.jpeg"
    ],
    "ultima_modificacion": "2025-08-01 01:01:08.308862"
  },
  "75869eedb86f4517bd1578425b11df4a45005c.jpeg": {
    "app_sintetizada": "75869EEDB86F4517BD1578425B11DF4A45005C.JPEG",
    "cantidad_archivos": 1,
    "archivos_fuente": [
      "Pictures/Fototeca de Fotos.photoslibrary/resources/derivatives/masters/7/75869EED-B86F-4517-BD15-78425B11DF4A_4_5005_c.jpeg"
    ],
    "ultima_modificacion": "2025-08-01 01:01:08.309181"
  },
  "7afcc4c305d54a72ada9d0e5ada9a4db45005c.jpeg": {
    "app_sintetizada": "7AFCC4C305D54A72ADA9D0E5ADA9A4DB45005C.JPEG",
    "cantidad_archivos": 1,
    "archivos_fuente": [
      "Pictures/Fototeca de Fotos.photoslibrary/resources/derivatives/masters/7/7AFCC4C3-05D5-4A72-ADA9-D0E5ADA9A4DB_4_5005_c.jpeg"
    ],
    "ultima_modificacion": "2025-08-01 01:01:08.309489"
  },
  "7ada9856e72a4b1c82ff090799fa116b45005c.jpeg": {
    "app_sintetizada": "7ADA9856E72A4B1C82FF090799FA116B45005C.JPEG",
    "cantidad_archivos": 1,
    "archivos_fuente": [
      "Pictures/Fototeca de Fotos.photoslibrary/resources/derivatives/masters/7/7ADA9856-E72A-4B1C-82FF-090799FA116B_4_5005_c.jpeg"
    ],
    "ultima_modificacion": "2025-08-01 01:01:08.309807"
  },
  "7c521a20856f4c22a8baf0f8b09228ce45005c.jpeg": {
    "app_sintetizada": "7C521A20856F4C22A8BAF0F8B09228CE45005C.JPEG",
    "cantidad_archivos": 1,
    "archivos_fuente": [
      "Pictures/Fototeca de Fotos.photoslibrary/resources/derivatives/masters/7/7C521A20-856F-4C22-A8BA-F0F8B09228CE_4_5005_c.jpeg"
    ],
    "ultima_modificacion": "2025-08-01 01:01:08.310122"
  },
  "74a8496faae046e7b87c54880bffc99d45005c.jpeg": {
    "app_sintetizada": "74A8496FAAE046E7B87C54880BFFC99D45005C.JPEG",
    "cantidad_archivos": 1,
    "archivos_fuente": [
      "Pictures/Fototeca de Fotos.photoslibrary/resources/derivatives/masters/7/74A8496F-AAE0-46E7-B87C-54880BFFC99D_4_5005_c.jpeg"
    ],
    "ultima_modificacion": "2025-08-01 01:01:08.310508"
  },
  "7e4dfcf662394808ba26fb9022a2f76f45005c.jpeg": {
    "app_sintetizada": "7E4DFCF662394808BA26FB9022A2F76F45005C.JPEG",
    "cantidad_archivos": 1,
    "archivos_fuente": [
      "Pictures/Fototeca de Fotos.photoslibrary/resources/derivatives/masters/7/7E4DFCF6-6239-4808-BA26-FB9022A2F76F_4_5005_c.jpeg"
    ],
    "ultima_modificacion": "2025-08-01 01:01:08.310845"
  },
  "77113330e7084b568975adc1fde6cc5a45005c.jpeg": {
    "app_sintetizada": "77113330E7084B568975ADC1FDE6CC5A45005C.JPEG",
    "cantidad_archivos": 1,
    "archivos_fuente": [
      "Pictures/Fototeca de Fotos.photoslibrary/resources/derivatives/masters/7/77113330-E708-4B56-8975-ADC1FDE6CC5A_4_5005_c.jpeg"
    ],
    "ultima_modificacion": "2025-08-01 01:01:08.311124"
  },
  "7f6d73e234bd4d21ad86e001f0a89a8545005c.jpeg": {
    "app_sintetizada": "7F6D73E234BD4D21AD86E001F0A89A8545005C.JPEG",
    "cantidad_archivos": 1,
    "archivos_fuente": [
      "Pictures/Fototeca de Fotos.photoslibrary/resources/derivatives/masters/7/7F6D73E2-34BD-4D21-AD86-E001F0A89A85_4_5005_c.jpeg"
    ],
    "ultima_modificacion": "2025-08-01 01:01:08.311383"
  },
  "7820fd305877408cbda12835ecb6b4b745005c.jpeg": {
    "app_sintetizada": "7820FD305877408CBDA12835ECB6B4B745005C.JPEG",
    "cantidad_archivos": 1,
    "archivos_fuente": [
      "Pictures/Fototeca de Fotos.photoslibrary/resources/derivatives/masters/7/7820FD30-5877-408C-BDA1-2835ECB6B4B7_4_5005_c.jpeg"
    ],
    "ultima_modificacion": "2025-08-01 01:01:08.311747"
  },
  "7ecb1f069db74ec6a5f8f07a94b6a14645005c.jpeg": {
    "app_sintetizada": "7ECB1F069DB74EC6A5F8F07A94B6A14645005C.JPEG",
    "cantidad_archivos": 1,
    "archivos_fuente": [
      "Pictures/Fototeca de Fotos.photoslibrary/resources/derivatives/masters/7/7ECB1F06-9DB7-4EC6-A5F8-F07A94B6A146_4_5005_c.jpeg"
    ],
    "ultima_modificacion": "2025-08-01 01:01:08.312101"
  },
  "75578297e5a54a3fa15d960b3ef8380745005c.jpeg": {
    "app_sintetizada": "75578297E5A54A3FA15D960B3EF8380745005C.JPEG",
    "cantidad_archivos": 1,
    "archivos_fuente": [
      "Pictures/Fototeca de Fotos.photoslibrary/resources/derivatives/masters/7/75578297-E5A5-4A3F-A15D-960B3EF83807_4_5005_c.jpeg"
    ],
    "ultima_modificacion": "2025-08-01 01:01:08.312466"
  },
  "7eaf32e0525344518ee84ad7ae2346a345005c.jpeg": {
    "app_sintetizada": "7EAF32E0525344518EE84AD7AE2346A345005C.JPEG",
    "cantidad_archivos": 1,
    "archivos_fuente": [
      "Pictures/Fototeca de Fotos.photoslibrary/resources/derivatives/masters/7/7EAF32E0-5253-4451-8EE8-4AD7AE2346A3_4_5005_c.jpeg"
    ],
    "ultima_modificacion": "2025-08-01 01:01:08.312720"
  },
  "719d4a6c77e74c8e87218bd447c299ce45005c.jpeg": {
    "app_sintetizada": "719D4A6C77E74C8E87218BD447C299CE45005C.JPEG",
    "cantidad_archivos": 1,
    "archivos_fuente": [
      "Pictures/Fototeca de Fotos.photoslibrary/resources/derivatives/masters/7/719D4A6C-77E7-4C8E-8721-8BD447C299CE_4_5005_c.jpeg"
    ],
    "ultima_modificacion": "2025-08-01 01:01:08.312983"
  },
  "76c4cc844bf64b69a250db65c52ce8dd45005c.jpeg": {
    "app_sintetizada": "76C4CC844BF64B69A250DB65C52CE8DD45005C.JPEG",
    "cantidad_archivos": 1,
    "archivos_fuente": [
      "Pictures/Fototeca de Fotos.photoslibrary/resources/derivatives/masters/7/76C4CC84-4BF6-4B69-A250-DB65C52CE8DD_4_5005_c.jpeg"
    ],
    "ultima_modificacion": "2025-08-01 01:01:08.313257"
  },
  "7ff3a37f13454ce3b10ae4434775bd8245005c.jpeg": {
    "app_sintetizada": "7FF3A37F13454CE3B10AE4434775BD8245005C.JPEG",
    "cantidad_archivos": 1,
    "archivos_fuente": [
      "Pictures/Fototeca de Fotos.photoslibrary/resources/derivatives/masters/7/7FF3A37F-1345-4CE3-B10A-E4434775BD82_4_5005_c.jpeg"
    ],
    "ultima_modificacion": "2025-08-01 01:01:08.313521"
  },
  "7b7d62e2dcf9463fa6236570eedeb79c45005c.jpeg": {
    "app_sintetizada": "7B7D62E2DCF9463FA6236570EEDEB79C45005C.JPEG",
    "cantidad_archivos": 1,
    "archivos_fuente": [
      "Pictures/Fototeca de Fotos.photoslibrary/resources/derivatives/masters/7/7B7D62E2-DCF9-463F-A623-6570EEDEB79C_4_5005_c.jpeg"
    ],
    "ultima_modificacion": "2025-08-01 01:01:08.313825"
  },
  "7254235864de471f9adaf0406b2141db45005c.jpeg": {
    "app_sintetizada": "7254235864DE471F9ADAF0406B2141DB45005C.JPEG",
    "cantidad_archivos": 1,
    "archivos_fuente": [
      "Pictures/Fototeca de Fotos.photoslibrary/resources/derivatives/masters/7/72542358-64DE-471F-9ADA-F0406B2141DB_4_5005_c.jpeg"
    ],
    "ultima_modificacion": "2025-08-01 01:01:08.314053"
  },
  "7763c94dabbc410c96d96e1adce8bf4045005c.jpeg": {
    "app_sintetizada": "7763C94DABBC410C96D96E1ADCE8BF4045005C.JPEG",
    "cantidad_archivos": 1,
    "archivos_fuente": [
      "Pictures/Fototeca de Fotos.photoslibrary/resources/derivatives/masters/7/7763C94D-ABBC-410C-96D9-6E1ADCE8BF40_4_5005_c.jpeg"
    ],
    "ultima_modificacion": "2025-08-01 01:01:08.314262"
  },
  "755e168e97e94dbdbb6b24829999c7d945005c.jpeg": {
    "app_sintetizada": "755E168E97E94DBDBB6B24829999C7D945005C.JPEG",
    "cantidad_archivos": 1,
    "archivos_fuente": [
      "Pictures/Fototeca de Fotos.photoslibrary/resources/derivatives/masters/7/755E168E-97E9-4DBD-BB6B-24829999C7D9_4_5005_c.jpeg"
    ],
    "ultima_modificacion": "2025-08-01 01:01:08.314478"
  },
  "797b748413e04274ac838b4d802e18e945005c.jpeg": {
    "app_sintetizada": "797B748413E04274AC838B4D802E18E945005C.JPEG",
    "cantidad_archivos": 1,
    "archivos_fuente": [
      "Pictures/Fototeca de Fotos.photoslibrary/resources/derivatives/masters/7/797B7484-13E0-4274-AC83-8B4D802E18E9_4_5005_c.jpeg"
    ],
    "ultima_modificacion": "2025-08-01 01:01:08.314787"
  },
  "73ab2826cde04ef98e723a47dac7ac6845005c.jpeg": {
    "app_sintetizada": "73AB2826CDE04EF98E723A47DAC7AC6845005C.JPEG",
    "cantidad_archivos": 1,
    "archivos_fuente": [
      "Pictures/Fototeca de Fotos.photoslibrary/resources/derivatives/masters/7/73AB2826-CDE0-4EF9-8E72-3A47DAC7AC68_4_5005_c.jpeg"
    ],
    "ultima_modificacion": "2025-08-01 01:01:08.315056"
  },
  "748e86d906e74128b536461c589459da45005c.jpeg": {
    "app_sintetizada": "748E86D906E74128B536461C589459DA45005C.JPEG",
    "cantidad_archivos": 1,
    "archivos_fuente": [
      "Pictures/Fototeca de Fotos.photoslibrary/resources/derivatives/masters/7/748E86D9-06E7-4128-B536-461C589459DA_4_5005_c.jpeg"
    ],
    "ultima_modificacion": "2025-08-01 01:01:08.315307"
  },
  "7138e9f284e34ba0b85edf99c110ea6345005c.jpeg": {
    "app_sintetizada": "7138E9F284E34BA0B85EDF99C110EA6345005C.JPEG",
    "cantidad_archivos": 1,
    "archivos_fuente": [
      "Pictures/Fototeca de Fotos.photoslibrary/resources/derivatives/masters/7/7138E9F2-84E3-4BA0-B85E-DF99C110EA63_4_5005_c.jpeg"
    ],
    "ultima_modificacion": "2025-08-01 01:01:08.315683"
  },
  "734e71231fd74d2b982eece70f86b31545005c.jpeg": {
    "app_sintetizada": "734E71231FD74D2B982EECE70F86B31545005C.JPEG",
    "cantidad_archivos": 1,
    "archivos_fuente": [
      "Pictures/Fototeca de Fotos.photoslibrary/resources/derivatives/masters/7/734E7123-1FD7-4D2B-982E-ECE70F86B315_4_5005_c.jpeg"
    ],
    "ultima_modificacion": "2025-08-01 01:01:08.315950"
  },
  "7cb85b13f85e4cbaaf7f8a00f15bf7db45005c.jpeg": {
    "app_sintetizada": "7CB85B13F85E4CBAAF7F8A00F15BF7DB45005C.JPEG",
    "cantidad_archivos": 1,
    "archivos_fuente": [
      "Pictures/Fototeca de Fotos.photoslibrary/resources/derivatives/masters/7/7CB85B13-F85E-4CBA-AF7F-8A00F15BF7DB_4_5005_c.jpeg"
    ],
    "ultima_modificacion": "2025-08-01 01:01:08.316300"
  },
  "7461d5bb59274165927530f00812051245005c.jpeg": {
    "app_sintetizada": "7461D5BB59274165927530F00812051245005C.JPEG",
    "cantidad_archivos": 1,
    "archivos_fuente": [
      "Pictures/Fototeca de Fotos.photoslibrary/resources/derivatives/masters/7/7461D5BB-5927-4165-9275-30F008120512_4_5005_c.jpeg"
    ],
    "ultima_modificacion": "2025-08-01 01:01:08.316573"
  },
  "70c6a1e7c3fd493ab62b8de439ee862245005c.jpeg": {
    "app_sintetizada": "70C6A1E7C3FD493AB62B8DE439EE862245005C.JPEG",
    "cantidad_archivos": 1,
    "archivos_fuente": [
      "Pictures/Fototeca de Fotos.photoslibrary/resources/derivatives/masters/7/70C6A1E7-C3FD-493A-B62B-8DE439EE8622_4_5005_c.jpeg"
    ],
    "ultima_modificacion": "2025-08-01 01:01:08.316889"
  },
  "7919936bab154ead9ad25a025eb4714045005c.jpeg": {
    "app_sintetizada": "7919936BAB154EAD9AD25A025EB4714045005C.JPEG",
    "cantidad_archivos": 1,
    "archivos_fuente": [
      "Pictures/Fototeca de Fotos.photoslibrary/resources/derivatives/masters/7/7919936B-AB15-4EAD-9AD2-5A025EB47140_4_5005_c.jpeg"
    ],
    "ultima_modificacion": "2025-08-01 01:01:08.317181"
  },
  "73f41b52bd914c6bb673ad227fd4588c45005c.jpeg": {
    "app_sintetizada": "73F41B52BD914C6BB673AD227FD4588C45005C.JPEG",
    "cantidad_archivos": 1,
    "archivos_fuente": [
      "Pictures/Fototeca de Fotos.photoslibrary/resources/derivatives/masters/7/73F41B52-BD91-4C6B-B673-AD227FD4588C_4_5005_c.jpeg"
    ],
    "ultima_modificacion": "2025-08-01 01:01:08.317505"
  },
  "7677a2f5ae8249cd98c9eeba76a22d2945005c.jpeg": {
    "app_sintetizada": "7677A2F5AE8249CD98C9EEBA76A22D2945005C.JPEG",
    "cantidad_archivos": 1,
    "archivos_fuente": [
      "Pictures/Fototeca de Fotos.photoslibrary/resources/derivatives/masters/7/7677A2F5-AE82-49CD-98C9-EEBA76A22D29_4_5005_c.jpeg"
    ],
    "ultima_modificacion": "2025-08-01 01:01:08.317779"
  },
  "761f6a243d3a4e439f5d273fdab47ba245005c.jpeg": {
    "app_sintetizada": "761F6A243D3A4E439F5D273FDAB47BA245005C.JPEG",
    "cantidad_archivos": 1,
    "archivos_fuente": [
      "Pictures/Fototeca de Fotos.photoslibrary/resources/derivatives/masters/7/761F6A24-3D3A-4E43-9F5D-273FDAB47BA2_4_5005_c.jpeg"
    ],
    "ultima_modificacion": "2025-08-01 01:01:08.318037"
  },
  "7e0cfdcaa63f43009a72c45d59b3466845005c.jpeg": {
    "app_sintetizada": "7E0CFDCAA63F43009A72C45D59B3466845005C.JPEG",
    "cantidad_archivos": 1,
    "archivos_fuente": [
      "Pictures/Fototeca de Fotos.photoslibrary/resources/derivatives/masters/7/7E0CFDCA-A63F-4300-9A72-C45D59B34668_4_5005_c.jpeg"
    ],
    "ultima_modificacion": "2025-08-01 01:01:08.318356"
  },
  "779e377b7a814cfe953c8dbb2086cdb745005c.jpeg": {
    "app_sintetizada": "779E377B7A814CFE953C8DBB2086CDB745005C.JPEG",
    "cantidad_archivos": 1,
    "archivos_fuente": [
      "Pictures/Fototeca de Fotos.photoslibrary/resources/derivatives/masters/7/779E377B-7A81-4CFE-953C-8DBB2086CDB7_4_5005_c.jpeg"
    ],
    "ultima_modificacion": "2025-08-01 01:01:08.318748"
  },
  "7daf2c52d728465abf7ca5464a87e66845005c.jpeg": {
    "app_sintetizada": "7DAF2C52D728465ABF7CA5464A87E66845005C.JPEG",
    "cantidad_archivos": 1,
    "archivos_fuente": [
      "Pictures/Fototeca de Fotos.photoslibrary/resources/derivatives/masters/7/7DAF2C52-D728-465A-BF7C-A5464A87E668_4_5005_c.jpeg"
    ],
    "ultima_modificacion": "2025-08-01 01:01:08.319009"
  },
  "73373894def44f8baa8bb83e2525286a45005c.jpeg": {
    "app_sintetizada": "73373894DEF44F8BAA8BB83E2525286A45005C.JPEG",
    "cantidad_archivos": 1,
    "archivos_fuente": [
      "Pictures/Fototeca de Fotos.photoslibrary/resources/derivatives/masters/7/73373894-DEF4-4F8B-AA8B-B83E2525286A_4_5005_c.jpeg"
    ],
    "ultima_modificacion": "2025-08-01 01:01:08.319267"
  },
  "7734d2b65e53486ca4988e44e084e1f745005c.jpeg": {
    "app_sintetizada": "7734D2B65E53486CA4988E44E084E1F745005C.JPEG",
    "cantidad_archivos": 1,
    "archivos_fuente": [
      "Pictures/Fototeca de Fotos.photoslibrary/resources/derivatives/masters/7/7734D2B6-5E53-486C-A498-8E44E084E1F7_4_5005_c.jpeg"
    ],
    "ultima_modificacion": "2025-08-01 01:01:08.319519"
  },
  "704494999da149789d7265edaf94df3345005c.jpeg": {
    "app_sintetizada": "704494999DA149789D7265EDAF94DF3345005C.JPEG",
    "cantidad_archivos": 1,
    "archivos_fuente": [
      "Pictures/Fototeca de Fotos.photoslibrary/resources/derivatives/masters/7/70449499-9DA1-4978-9D72-65EDAF94DF33_4_5005_c.jpeg"
    ],
    "ultima_modificacion": "2025-08-01 01:01:08.319788"
  },
  "702e228680274e19984eb5323fed099845005c.jpeg": {
    "app_sintetizada": "702E228680274E19984EB5323FED099845005C.JPEG",
    "cantidad_archivos": 1,
    "archivos_fuente": [
      "Pictures/Fototeca de Fotos.photoslibrary/resources/derivatives/masters/7/702E2286-8027-4E19-984E-B5323FED0998_4_5005_c.jpeg"
    ],
    "ultima_modificacion": "2025-08-01 01:01:08.320045"
  },
  "79dacb714e5247f390a710f6381623d745005c.jpeg": {
    "app_sintetizada": "79DACB714E5247F390A710F6381623D745005C.JPEG",
    "cantidad_archivos": 1,
    "archivos_fuente": [
      "Pictures/Fototeca de Fotos.photoslibrary/resources/derivatives/masters/7/79DACB71-4E52-47F3-90A7-10F6381623D7_4_5005_c.jpeg"
    ],
    "ultima_modificacion": "2025-08-01 01:01:08.320255"
  },
  "7b1cbdbd48bb4c548d17d09529b9a34a45005c.jpeg": {
    "app_sintetizada": "7B1CBDBD48BB4C548D17D09529B9A34A45005C.JPEG",
    "cantidad_archivos": 1,
    "archivos_fuente": [
      "Pictures/Fototeca de Fotos.photoslibrary/resources/derivatives/masters/7/7B1CBDBD-48BB-4C54-8D17-D09529B9A34A_4_5005_c.jpeg"
    ],
    "ultima_modificacion": "2025-08-01 01:01:08.320471"
  },
  "736d2efe0d2a4429b53533b20ae182c745005c.jpeg": {
    "app_sintetizada": "736D2EFE0D2A4429B53533B20AE182C745005C.JPEG",
    "cantidad_archivos": 1,
    "archivos_fuente": [
      "Pictures/Fototeca de Fotos.photoslibrary/resources/derivatives/masters/7/736D2EFE-0D2A-4429-B535-33B20AE182C7_4_5005_c.jpeg"
    ],
    "ultima_modificacion": "2025-08-01 01:01:08.320670"
  },
  "70a71c02fe1049f9b856ac055acc1f1545005c.jpeg": {
    "app_sintetizada": "70A71C02FE1049F9B856AC055ACC1F1545005C.JPEG",
    "cantidad_archivos": 1,
    "archivos_fuente": [
      "Pictures/Fototeca de Fotos.photoslibrary/resources/derivatives/masters/7/70A71C02-FE10-49F9-B856-AC055ACC1F15_4_5005_c.jpeg"
    ],
    "ultima_modificacion": "2025-08-01 01:01:08.320859"
  },
  "7d4a281dd669405da9e16ce2d8abaf9d45005c.jpeg": {
    "app_sintetizada": "7D4A281DD669405DA9E16CE2D8ABAF9D45005C.JPEG",
    "cantidad_archivos": 1,
    "archivos_fuente": [
      "Pictures/Fototeca de Fotos.photoslibrary/resources/derivatives/masters/7/7D4A281D-D669-405D-A9E1-6CE2D8ABAF9D_4_5005_c.jpeg"
    ],
    "ultima_modificacion": "2025-08-01 01:01:08.321075"
  },
  "7dc3328d2a0943a8a8c94045041a9c4045005c.jpeg": {
    "app_sintetizada": "7DC3328D2A0943A8A8C94045041A9C4045005C.JPEG",
    "cantidad_archivos": 1,
    "archivos_fuente": [
      "Pictures/Fototeca de Fotos.photoslibrary/resources/derivatives/masters/7/7DC3328D-2A09-43A8-A8C9-4045041A9C40_4_5005_c.jpeg"
    ],
    "ultima_modificacion": "2025-08-01 01:01:08.321312"
  },
  "75fc8ca4d3674644974d936439faae1a45005c.jpeg": {
    "app_sintetizada": "75FC8CA4D3674644974D936439FAAE1A45005C.JPEG",
    "cantidad_archivos": 1,
    "archivos_fuente": [
      "Pictures/Fototeca de Fotos.photoslibrary/resources/derivatives/masters/7/75FC8CA4-D367-4644-974D-936439FAAE1A_4_5005_c.jpeg"
    ],
    "ultima_modificacion": "2025-08-01 01:01:08.321643"
  },
  "7eed2e905f5b49918cc824b82188e71445005c.jpeg": {
    "app_sintetizada": "7EED2E905F5B49918CC824B82188E71445005C.JPEG",
    "cantidad_archivos": 1,
    "archivos_fuente": [
      "Pictures/Fototeca de Fotos.photoslibrary/resources/derivatives/masters/7/7EED2E90-5F5B-4991-8CC8-24B82188E714_4_5005_c.jpeg"
    ],
    "ultima_modificacion": "2025-08-01 01:01:08.321909"
  },
  "7d2fcd6ce9004d79bc6fbbe701126e5c45005c.jpeg": {
    "app_sintetizada": "7D2FCD6CE9004D79BC6FBBE701126E5C45005C.JPEG",
    "cantidad_archivos": 1,
    "archivos_fuente": [
      "Pictures/Fototeca de Fotos.photoslibrary/resources/derivatives/masters/7/7D2FCD6C-E900-4D79-BC6F-BBE701126E5C_4_5005_c.jpeg"
    ],
    "ultima_modificacion": "2025-08-01 01:01:08.322140"
  },
  "79a4f84febc54c949bf4241199a535e145005c.jpeg": {
    "app_sintetizada": "79A4F84FEBC54C949BF4241199A535E145005C.JPEG",
    "cantidad_archivos": 1,
    "archivos_fuente": [
      "Pictures/Fototeca de Fotos.photoslibrary/resources/derivatives/masters/7/79A4F84F-EBC5-4C94-9BF4-241199A535E1_4_5005_c.jpeg"
    ],
    "ultima_modificacion": "2025-08-01 01:01:08.322482"
  },
  "779c675ebd4b4955bf794995ece83c0945005c.jpeg": {
    "app_sintetizada": "779C675EBD4B4955BF794995ECE83C0945005C.JPEG",
    "cantidad_archivos": 1,
    "archivos_fuente": [
      "Pictures/Fototeca de Fotos.photoslibrary/resources/derivatives/masters/7/779C675E-BD4B-4955-BF79-4995ECE83C09_4_5005_c.jpeg"
    ],
    "ultima_modificacion": "2025-08-01 01:01:08.322722"
  },
  "7b1fbb0f92b447e89bb134994c2b85df45005c.jpeg": {
    "app_sintetizada": "7B1FBB0F92B447E89BB134994C2B85DF45005C.JPEG",
    "cantidad_archivos": 1,
    "archivos_fuente": [
      "Pictures/Fototeca de Fotos.photoslibrary/resources/derivatives/masters/7/7B1FBB0F-92B4-47E8-9BB1-34994C2B85DF_4_5005_c.jpeg"
    ],
    "ultima_modificacion": "2025-08-01 01:01:08.322940"
  },
  "734dca8845e048e4859e302521fe6e8d45005c.jpeg": {
    "app_sintetizada": "734DCA8845E048E4859E302521FE6E8D45005C.JPEG",
    "cantidad_archivos": 1,
    "archivos_fuente": [
      "Pictures/Fototeca de Fotos.photoslibrary/resources/derivatives/masters/7/734DCA88-45E0-48E4-859E-302521FE6E8D_4_5005_c.jpeg"
    ],
    "ultima_modificacion": "2025-08-01 01:01:08.323147"
  },
  "72e662334b3f41ed8c49654cb777a52945005c.jpeg": {
    "app_sintetizada": "72E662334B3F41ED8C49654CB777A52945005C.JPEG",
    "cantidad_archivos": 1,
    "archivos_fuente": [
      "Pictures/Fototeca de Fotos.photoslibrary/resources/derivatives/masters/7/72E66233-4B3F-41ED-8C49-654CB777A529_4_5005_c.jpeg"
    ],
    "ultima_modificacion": "2025-08-01 01:01:08.323351"
  }
}