{
  "60c3a93c9cc84982b708dc631d6139e145005c.jpeg": {
    "app_sintetizada": "60C3A93C9CC84982B708DC631D6139E145005C.JPEG",
    "cantidad_archivos": 1,
    "archivos_fuente": [
      "Pictures/Fototeca de Fotos.photoslibrary/resources/derivatives/masters/6/60C3A93C-9CC8-4982-B708-DC631D6139E1_4_5005_c.jpeg"
    ],
    "ultima_modificacion": "2025-08-01 01:01:08.405288"
  },
  "60d53b9b0c3141aa8c00c136ab3e313345005c.jpeg": {
    "app_sintetizada": "60D53B9B0C3141AA8C00C136AB3E313345005C.JPEG",
    "cantidad_archivos": 1,
    "archivos_fuente": [
      "Pictures/Fototeca de Fotos.photoslibrary/resources/derivatives/masters/6/60D53B9B-0C31-41AA-8C00-C136AB3E3133_4_5005_c.jpeg"
    ],
    "ultima_modificacion": "2025-08-01 01:01:08.405589"
  },
  "60d1152f60cb42ef92e287a40862b31545005c.jpeg": {
    "app_sintetizada": "60D1152F60CB42EF92E287A40862B31545005C.JPEG",
    "cantidad_archivos": 1,
    "archivos_fuente": [
      "Pictures/Fototeca de Fotos.photoslibrary/resources/derivatives/masters/6/60D1152F-60CB-42EF-92E2-87A40862B315_4_5005_c.jpeg"
    ],
    "ultima_modificacion": "2025-08-01 01:01:08.405901"
  },
  "6138f1ed9c3d47f9b54ff08cf9ab233a45005c.jpeg": {
    "app_sintetizada": "6138F1ED9C3D47F9B54FF08CF9AB233A45005C.JPEG",
    "cantidad_archivos": 1,
    "archivos_fuente": [
      "Pictures/Fototeca de Fotos.photoslibrary/resources/derivatives/masters/6/6138F1ED-9C3D-47F9-B54F-F08CF9AB233A_4_5005_c.jpeg"
    ],
    "ultima_modificacion": "2025-08-01 01:01:08.406212"
  },
  "6313db60169a489ca7ef630adae3a15a45005c.jpeg": {
    "app_sintetizada": "6313DB60169A489CA7EF630ADAE3A15A45005C.JPEG",
    "cantidad_archivos": 1,
    "archivos_fuente": [
      "Pictures/Fototeca de Fotos.photoslibrary/resources/derivatives/masters/6/6313DB60-169A-489C-A7EF-630ADAE3A15A_4_5005_c.jpeg"
    ],
    "ultima_modificacion": "2025-08-01 01:01:08.406531"
  },
  "6169b97c924649fbb67b1c81c66d34e845005c.jpeg": {
    "app_sintetizada": "6169B97C924649FBB67B1C81C66D34E845005C.JPEG",
    "cantidad_archivos": 1,
    "archivos_fuente": [
      "Pictures/Fototeca de Fotos.photoslibrary/resources/derivatives/masters/6/6169B97C-9246-49FB-B67B-1C81C66D34E8_4_5005_c.jpeg"
    ],
    "ultima_modificacion": "2025-08-01 01:01:08.406838"
  },
  "62830f8a00fc4716a8f146a53f8f17ba45005c.jpeg": {
    "app_sintetizada": "62830F8A00FC4716A8F146A53F8F17BA45005C.JPEG",
    "cantidad_archivos": 1,
    "archivos_fuente": [
      "Pictures/Fototeca de Fotos.photoslibrary/resources/derivatives/masters/6/62830F8A-00FC-4716-A8F1-46A53F8F17BA_4_5005_c.jpeg"
    ],
    "ultima_modificacion": "2025-08-01 01:01:08.407176"
  },
  "6058278476a7443a961f78c8c1ec904d45005c.jpeg": {
    "app_sintetizada": "6058278476A7443A961F78C8C1EC904D45005C.JPEG",
    "cantidad_archivos": 1,
    "archivos_fuente": [
      "Pictures/Fototeca de Fotos.photoslibrary/resources/derivatives/masters/6/60582784-76A7-443A-961F-78C8C1EC904D_4_5005_c.jpeg"
    ],
    "ultima_modificacion": "2025-08-01 01:01:08.407508"
  },
  "6d1a7125674e4326994b92279e3750dc45005c.jpeg": {
    "app_sintetizada": "6D1A7125674E4326994B92279E3750DC45005C.JPEG",
    "cantidad_archivos": 1,
    "archivos_fuente": [
      "Pictures/Fototeca de Fotos.photoslibrary/resources/derivatives/masters/6/6D1A7125-674E-4326-994B-92279E3750DC_4_5005_c.jpeg"
    ],
    "ultima_modificacion": "2025-08-01 01:01:08.407826"
  },
  "6c8ca27aca9a4cf5a67d146dfb6dc21b45005c.jpeg": {
    "app_sintetizada": "6C8CA27ACA9A4CF5A67D146DFB6DC21B45005C.JPEG",
    "cantidad_archivos": 1,
    "archivos_fuente": [
      "Pictures/Fototeca de Fotos.photoslibrary/resources/derivatives/masters/6/6C8CA27A-CA9A-4CF5-A67D-146DFB6DC21B_4_5005_c.jpeg"
    ],
    "ultima_modificacion": "2025-08-01 01:01:08.408156"
  },
  "6f2968a3973846ab877558c011e3639245005c.jpeg": {
    "app_sintetizada": "6F2968A3973846AB877558C011E3639245005C.JPEG",
    "cantidad_archivos": 1,
    "archivos_fuente": [
      "Pictures/Fototeca de Fotos.photoslibrary/resources/derivatives/masters/6/6F2968A3-9738-46AB-8775-58C011E36392_4_5005_c.jpeg"
    ],
    "ultima_modificacion": "2025-08-01 01:01:08.408476"
  },
  "63df02be67bd4464958f2f40831727b845005c.jpeg": {
    "app_sintetizada": "63DF02BE67BD4464958F2F40831727B845005C.JPEG",
    "cantidad_archivos": 1,
    "archivos_fuente": [
      "Pictures/Fototeca de Fotos.photoslibrary/resources/derivatives/masters/6/63DF02BE-67BD-4464-958F-2F40831727B8_4_5005_c.jpeg"
    ],
    "ultima_modificacion": "2025-08-01 01:01:08.408824"
  },
  "69eec546f7b24ca4bc1a0ee916a1f04f45005c.jpeg": {
    "app_sintetizada": "69EEC546F7B24CA4BC1A0EE916A1F04F45005C.JPEG",
    "cantidad_archivos": 1,
    "archivos_fuente": [
      "Pictures/Fototeca de Fotos.photoslibrary/resources/derivatives/masters/6/69EEC546-F7B2-4CA4-BC1A-0EE916A1F04F_4_5005_c.jpeg"
    ],
    "ultima_modificacion": "2025-08-01 01:01:08.409516"
  },
  "61e378c93ae94b04984acc99e400cc0545005c.jpeg": {
    "app_sintetizada": "61E378C93AE94B04984ACC99E400CC0545005C.JPEG",
    "cantidad_archivos": 1,
    "archivos_fuente": [
      "Pictures/Fototeca de Fotos.photoslibrary/resources/derivatives/masters/6/61E378C9-3AE9-4B04-984A-CC99E400CC05_4_5005_c.jpeg"
    ],
    "ultima_modificacion": "2025-08-01 01:01:08.409963"
  },
  "69b24e02fbcf4f928102aee6898ba7a245005c.jpeg": {
    "app_sintetizada": "69B24E02FBCF4F928102AEE6898BA7A245005C.JPEG",
    "cantidad_archivos": 1,
    "archivos_fuente": [
      "Pictures/Fototeca de Fotos.photoslibrary/resources/derivatives/masters/6/69B24E02-FBCF-4F92-8102-AEE6898BA7A2_4_5005_c.jpeg"
    ],
    "ultima_modificacion": "2025-08-01 01:01:08.410798"
  },
  "6b30d7c6fc5e4569b5b62d9ef6cb1fdb45005c.jpeg": {
    "app_sintetizada": "6B30D7C6FC5E4569B5B62D9EF6CB1FDB45005C.JPEG",
    "cantidad_archivos": 1,
    "archivos_fuente": [
      "Pictures/Fototeca de Fotos.photoslibrary/resources/derivatives/masters/6/6B30D7C6-FC5E-4569-B5B6-2D9EF6CB1FDB_4_5005_c.jpeg"
    ],
    "ultima_modificacion": "2025-08-01 01:01:08.411142"
  },
  "622e1ce3077a49dea9aa2751c2b84cea45005c.jpeg": {
    "app_sintetizada": "622E1CE3077A49DEA9AA2751C2B84CEA45005C.JPEG",
    "cantidad_archivos": 1,
    "archivos_fuente": [
      "Pictures/Fototeca de Fotos.photoslibrary/resources/derivatives/masters/6/622E1CE3-077A-49DE-A9AA-2751C2B84CEA_4_5005_c.jpeg"
    ],
    "ultima_modificacion": "2025-08-01 01:01:08.411415"
  },
  "6279f0c24b7142aca6843ce4f30cbb0345005c.jpeg": {
    "app_sintetizada": "6279F0C24B7142ACA6843CE4F30CBB0345005C.JPEG",
    "cantidad_archivos": 1,
    "archivos_fuente": [
      "Pictures/Fototeca de Fotos.photoslibrary/resources/derivatives/masters/6/6279F0C2-4B71-42AC-A684-3CE4F30CBB03_4_5005_c.jpeg"
    ],
    "ultima_modificacion": "2025-08-01 01:01:08.411691"
  },
  "67d2491936824cdca250706263cc17b545005c.jpeg": {
    "app_sintetizada": "67D2491936824CDCA250706263CC17B545005C.JPEG",
    "cantidad_archivos": 1,
    "archivos_fuente": [
      "Pictures/Fototeca de Fotos.photoslibrary/resources/derivatives/masters/6/67D24919-3682-4CDC-A250-706263CC17B5_4_5005_c.jpeg"
    ],
    "ultima_modificacion": "2025-08-01 01:01:08.411951"
  },
  "697f0d39874d4d4aa95926279f959a5e45005c.jpeg": {
    "app_sintetizada": "697F0D39874D4D4AA95926279F959A5E45005C.JPEG",
    "cantidad_archivos": 1,
    "archivos_fuente": [
      "Pictures/Fototeca de Fotos.photoslibrary/resources/derivatives/masters/6/697F0D39-874D-4D4A-A959-26279F959A5E_4_5005_c.jpeg"
    ],
    "ultima_modificacion": "2025-08-01 01:01:08.412239"
  },
  "623241f4c048483e973218219975f87e45005c.jpeg": {
    "app_sintetizada": "623241F4C048483E973218219975F87E45005C.JPEG",
    "cantidad_archivos": 1,
    "archivos_fuente": [
      "Pictures/Fototeca de Fotos.photoslibrary/resources/derivatives/masters/6/623241F4-C048-483E-9732-18219975F87E_4_5005_c.jpeg"
    ],
    "ultima_modificacion": "2025-08-01 01:01:08.412525"
  },
  "685d0f0ead6b45b7ac8712bd6cd1283845005c.jpeg": {
    "app_sintetizada": "685D0F0EAD6B45B7AC8712BD6CD1283845005C.JPEG",
    "cantidad_archivos": 1,
    "archivos_fuente": [
      "Pictures/Fototeca de Fotos.photoslibrary/resources/derivatives/masters/6/685D0F0E-AD6B-45B7-AC87-12BD6CD12838_4_5005_c.jpeg"
    ],
    "ultima_modificacion": "2025-08-01 01:01:08.412828"
  },
  "63dfac313d3a4f94818dc495196702fe45005c.jpeg": {
    "app_sintetizada": "63DFAC313D3A4F94818DC495196702FE45005C.JPEG",
    "cantidad_archivos": 1,
    "archivos_fuente": [
      "Pictures/Fototeca de Fotos.photoslibrary/resources/derivatives/masters/6/63DFAC31-3D3A-4F94-818D-C495196702FE_4_5005_c.jpeg"
    ],
    "ultima_modificacion": "2025-08-01 01:01:08.413101"
  },
  "6d2fe34d9e5c4eab91237fddac52a7c745005c.jpeg": {
    "app_sintetizada": "6D2FE34D9E5C4EAB91237FDDAC52A7C745005C.JPEG",
    "cantidad_archivos": 1,
    "archivos_fuente": [
      "Pictures/Fototeca de Fotos.photoslibrary/resources/derivatives/masters/6/6D2FE34D-9E5C-4EAB-9123-7FDDAC52A7C7_4_5005_c.jpeg"
    ],
    "ultima_modificacion": "2025-08-01 01:01:08.413359"
  },
  "615c02834f8d4984ab98fbed58db492e45005c.jpeg": {
    "app_sintetizada": "615C02834F8D4984AB98FBED58DB492E45005C.JPEG",
    "cantidad_archivos": 1,
    "archivos_fuente": [
      "Pictures/Fototeca de Fotos.photoslibrary/resources/derivatives/masters/6/615C0283-4F8D-4984-AB98-FBED58DB492E_4_5005_c.jpeg"
    ],
    "ultima_modificacion": "2025-08-01 01:01:08.413662"
  },
  "604a6ba71b5944e68cddfde07003946b45005c.jpeg": {
    "app_sintetizada": "604A6BA71B5944E68CDDFDE07003946B45005C.JPEG",
    "cantidad_archivos": 1,
    "archivos_fuente": [
      "Pictures/Fototeca de Fotos.photoslibrary/resources/derivatives/masters/6/604A6BA7-1B59-44E6-8CDD-FDE07003946B_4_5005_c.jpeg"
    ],
    "ultima_modificacion": "2025-08-01 01:01:08.413924"
  },
  "6f7f446eab1f40389883c4a3aa293c3845005c.jpeg": {
    "app_sintetizada": "6F7F446EAB1F40389883C4A3AA293C3845005C.JPEG",
    "cantidad_archivos": 1,
    "archivos_fuente": [
      "Pictures/Fototeca de Fotos.photoslibrary/resources/derivatives/masters/6/6F7F446E-AB1F-4038-9883-C4A3AA293C38_4_5005_c.jpeg"
    ],
    "ultima_modificacion": "2025-08-01 01:01:08.414169"
  },
  "647aa40c520a4268b8bc2df1213cfa9145005c.jpeg": {
    "app_sintetizada": "647AA40C520A4268B8BC2DF1213CFA9145005C.JPEG",
    "cantidad_archivos": 1,
    "archivos_fuente": [
      "Pictures/Fototeca de Fotos.photoslibrary/resources/derivatives/masters/6/647AA40C-520A-4268-B8BC-2DF1213CFA91_4_5005_c.jpeg"
    ],
    "ultima_modificacion": "2025-08-01 01:01:08.414472"
  },
  "6c236ff7b8144b1a9ddbebb779263d8c45005c.jpeg": {
    "app_sintetizada": "6C236FF7B8144B1A9DDBEBB779263D8C45005C.JPEG",
    "cantidad_archivos": 1,
    "archivos_fuente": [
      "Pictures/Fototeca de Fotos.photoslibrary/resources/derivatives/masters/6/6C236FF7-B814-4B1A-9DDB-EBB779263D8C_4_5005_c.jpeg"
    ],
    "ultima_modificacion": "2025-08-01 01:01:08.414729"
  },
  "60481478960d4fcfb72b58aaeeac28c145005c.jpeg": {
    "app_sintetizada": "60481478960D4FCFB72B58AAEEAC28C145005C.JPEG",
    "cantidad_archivos": 1,
    "archivos_fuente": [
      "Pictures/Fototeca de Fotos.photoslibrary/resources/derivatives/masters/6/60481478-960D-4FCF-B72B-58AAEEAC28C1_4_5005_c.jpeg"
    ],
    "ultima_modificacion": "2025-08-01 01:01:08.414991"
  },
  "63d13e744a7f4ff88ef9a1f92275deb845005c.jpeg": {
    "app_sintetizada": "63D13E744A7F4FF88EF9A1F92275DEB845005C.JPEG",
    "cantidad_archivos": 1,
    "archivos_fuente": [
      "Pictures/Fototeca de Fotos.photoslibrary/resources/derivatives/masters/6/63D13E74-4A7F-4FF8-8EF9-A1F92275DEB8_4_5005_c.jpeg"
    ],
    "ultima_modificacion": "2025-08-01 01:01:08.415245"
  },
  "66d20e54ea5b4df7bf829b13e02aa28845005c.jpeg": {
    "app_sintetizada": "66D20E54EA5B4DF7BF829B13E02AA28845005C.JPEG",
    "cantidad_archivos": 1,
    "archivos_fuente": [
      "Pictures/Fototeca de Fotos.photoslibrary/resources/derivatives/masters/6/66D20E54-EA5B-4DF7-BF82-9B13E02AA288_4_5005_c.jpeg"
    ],
    "ultima_modificacion": "2025-08-01 01:01:08.415509"
  },
  "660227bd8b0d4ac094cd6de711fde52a45005c.jpeg": {
    "app_sintetizada": "660227BD8B0D4AC094CD6DE711FDE52A45005C.JPEG",
    "cantidad_archivos": 1,
    "archivos_fuente": [
      "Pictures/Fototeca de Fotos.photoslibrary/resources/derivatives/masters/6/660227BD-8B0D-4AC0-94CD-6DE711FDE52A_4_5005_c.jpeg"
    ],
    "ultima_modificacion": "2025-08-01 01:01:08.415849"
  },
  "6d1f80a6da054121ae41a726a33a53be45005c.jpeg": {
    "app_sintetizada": "6D1F80A6DA054121AE41A726A33A53BE45005C.JPEG",
    "cantidad_archivos": 1,
    "archivos_fuente": [
      "Pictures/Fototeca de Fotos.photoslibrary/resources/derivatives/masters/6/6D1F80A6-DA05-4121-AE41-A726A33A53BE_4_5005_c.jpeg"
    ],
    "ultima_modificacion": "2025-08-01 01:01:08.416135"
  },
  "6b2cc59b2d81428fa7c8c7acd7827bb745005c.jpeg": {
    "app_sintetizada": "6B2CC59B2D81428FA7C8C7ACD7827BB745005C.JPEG",
    "cantidad_archivos": 1,
    "archivos_fuente": [
      "Pictures/Fototeca de Fotos.photoslibrary/resources/derivatives/masters/6/6B2CC59B-2D81-428F-A7C8-C7ACD7827BB7_4_5005_c.jpeg"
    ],
    "ultima_modificacion": "2025-08-01 01:01:08.416441"
  },
  "646bb037e4bd4ffabee4ccdb050e236d45005c.jpeg": {
    "app_sintetizada": "646BB037E4BD4FFABEE4CCDB050E236D45005C.JPEG",
    "cantidad_archivos": 1,
    "archivos_fuente": [
      "Pictures/Fototeca de Fotos.photoslibrary/resources/derivatives/masters/6/646BB037-E4BD-4FFA-BEE4-CCDB050E236D_4_5005_c.jpeg"
    ],
    "ultima_modificacion": "2025-08-01 01:01:08.416834"
  },
  "6b1c2d4c42684ee9a9f8680c3e9fd74545005c.jpeg": {
    "app_sintetizada": "6B1C2D4C42684EE9A9F8680C3E9FD74545005C.JPEG",
    "cantidad_archivos": 1,
    "archivos_fuente": [
      "Pictures/Fototeca de Fotos.photoslibrary/resources/derivatives/masters/6/6B1C2D4C-4268-4EE9-A9F8-680C3E9FD745_4_5005_c.jpeg"
    ],
    "ultima_modificacion": "2025-08-01 01:01:08.417663"
  },
  "61ad958ab6ea4e38940c1ceee4394f8a45005c.jpeg": {
    "app_sintetizada": "61AD958AB6EA4E38940C1CEEE4394F8A45005C.JPEG",
    "cantidad_archivos": 1,
    "archivos_fuente": [
      "Pictures/Fototeca de Fotos.photoslibrary/resources/derivatives/masters/6/61AD958A-B6EA-4E38-940C-1CEEE4394F8A_4_5005_c.jpeg"
    ],
    "ultima_modificacion": "2025-08-01 01:01:08.418389"
  },
  "6ab903c6b86e43639a396e1f80e0c2c145005c.jpeg": {
    "app_sintetizada": "6AB903C6B86E43639A396E1F80E0C2C145005C.JPEG",
    "cantidad_archivos": 1,
    "archivos_fuente": [
      "Pictures/Fototeca de Fotos.photoslibrary/resources/derivatives/masters/6/6AB903C6-B86E-4363-9A39-6E1F80E0C2C1_4_5005_c.jpeg"
    ],
    "ultima_modificacion": "2025-08-01 01:01:08.418788"
  },
  "619b441162184452b1f708e4d66494cc45005c.jpeg": {
    "app_sintetizada": "619B441162184452B1F708E4D66494CC45005C.JPEG",
    "cantidad_archivos": 1,
    "archivos_fuente": [
      "Pictures/Fototeca de Fotos.photoslibrary/resources/derivatives/masters/6/619B4411-6218-4452-B1F7-08E4D66494CC_4_5005_c.jpeg"
    ],
    "ultima_modificacion": "2025-08-01 01:01:08.419062"
  },
  "6be38b6f987345aa98a1412c26db512645005c.jpeg": {
    "app_sintetizada": "6BE38B6F987345AA98A1412C26DB512645005C.JPEG",
    "cantidad_archivos": 1,
    "archivos_fuente": [
      "Pictures/Fototeca de Fotos.photoslibrary/resources/derivatives/masters/6/6BE38B6F-9873-45AA-98A1-412C26DB5126_4_5005_c.jpeg"
    ],
    "ultima_modificacion": "2025-08-01 01:01:08.419319"
  },
  "692b2dae864540c2a333a316c00333c445005c.jpeg": {
    "app_sintetizada": "692B2DAE864540C2A333A316C00333C445005C.JPEG",
    "cantidad_archivos": 1,
    "archivos_fuente": [
      "Pictures/Fototeca de Fotos.photoslibrary/resources/derivatives/masters/6/692B2DAE-8645-40C2-A333-A316C00333C4_4_5005_c.jpeg"
    ],
    "ultima_modificacion": "2025-08-01 01:01:08.419607"
  },
  "61f5a9268bd242b3928cb9de5ec4c4d845005c.jpeg": {
    "app_sintetizada": "61F5A9268BD242B3928CB9DE5EC4C4D845005C.JPEG",
    "cantidad_archivos": 1,
    "archivos_fuente": [
      "Pictures/Fototeca de Fotos.photoslibrary/resources/derivatives/masters/6/61F5A926-8BD2-42B3-928C-B9DE5EC4C4D8_4_5005_c.jpeg"
    ],
    "ultima_modificacion": "2025-08-01 01:01:08.419860"
  },
  "692376f8096f4765b58886c47838b96245005c.jpeg": {
    "app_sintetizada": "692376F8096F4765B58886C47838B96245005C.JPEG",
    "cantidad_archivos": 1,
    "archivos_fuente": [
      "Pictures/Fototeca de Fotos.photoslibrary/resources/derivatives/masters/6/692376F8-096F-4765-B588-86C47838B962_4_5005_c.jpeg"
    ],
    "ultima_modificacion": "2025-08-01 01:01:08.420140"
  },
  "6f66db1e25f14e3699130786840f9a7345005c.jpeg": {
    "app_sintetizada": "6F66DB1E25F14E3699130786840F9A7345005C.JPEG",
    "cantidad_archivos": 1,
    "archivos_fuente": [
      "Pictures/Fototeca de Fotos.photoslibrary/resources/derivatives/masters/6/6F66DB1E-25F1-4E36-9913-0786840F9A73_4_5005_c.jpeg"
    ],
    "ultima_modificacion": "2025-08-01 01:01:08.420398"
  },
  "654c1c13dd1241f78d2175d242e574cf45005c.jpeg": {
    "app_sintetizada": "654C1C13DD1241F78D2175D242E574CF45005C.JPEG",
    "cantidad_archivos": 1,
    "archivos_fuente": [
      "Pictures/Fototeca de Fotos.photoslibrary/resources/derivatives/masters/6/654C1C13-DD12-41F7-8D21-75D242E574CF_4_5005_c.jpeg"
    ],
    "ultima_modificacion": "2025-08-01 01:01:08.420701"
  },
  "6dbb259e1afd45e48743f308469a7a1745005c.jpeg": {
    "app_sintetizada": "6DBB259E1AFD45E48743F308469A7A1745005C.JPEG",
    "cantidad_archivos": 1,
    "archivos_fuente": [
      "Pictures/Fototeca de Fotos.photoslibrary/resources/derivatives/masters/6/6DBB259E-1AFD-45E4-8743-F308469A7A17_4_5005_c.jpeg"
    ],
    "ultima_modificacion": "2025-08-01 01:01:08.420966"
  },
  "699723b34cfb4ada930b0700b3b247e445005c.jpeg": {
    "app_sintetizada": "699723B34CFB4ADA930B0700B3B247E445005C.JPEG",
    "cantidad_archivos": 1,
    "archivos_fuente": [
      "Pictures/Fototeca de Fotos.photoslibrary/resources/derivatives/masters/6/699723B3-4CFB-4ADA-930B-0700B3B247E4_4_5005_c.jpeg"
    ],
    "ultima_modificacion": "2025-08-01 01:01:08.421287"
  },
  "6b272203046b469684260b69b99fde7145005c.jpeg": {
    "app_sintetizada": "6B272203046B469684260B69B99FDE7145005C.JPEG",
    "cantidad_archivos": 1,
    "archivos_fuente": [
      "Pictures/Fototeca de Fotos.photoslibrary/resources/derivatives/masters/6/6B272203-046B-4696-8426-0B69B99FDE71_4_5005_c.jpeg"
    ],
    "ultima_modificacion": "2025-08-01 01:01:08.421536"
  },
  "6001fb9158ad4b66a9a57a42be3b17c545005c.jpeg": {
    "app_sintetizada": "6001FB9158AD4B66A9A57A42BE3B17C545005C.JPEG",
    "cantidad_archivos": 1,
    "archivos_fuente": [
      "Pictures/Fototeca de Fotos.photoslibrary/resources/derivatives/masters/6/6001FB91-58AD-4B66-A9A5-7A42BE3B17C5_4_5005_c.jpeg"
    ],
    "ultima_modificacion": "2025-08-01 01:01:08.421838"
  },
  "60e7663b27c541239e43c580861640d845005c.jpeg": {
    "app_sintetizada": "60E7663B27C541239E43C580861640D845005C.JPEG",
    "cantidad_archivos": 1,
    "archivos_fuente": [
      "Pictures/Fototeca de Fotos.photoslibrary/resources/derivatives/masters/6/60E7663B-27C5-4123-9E43-C580861640D8_4_5005_c.jpeg"
    ],
    "ultima_modificacion": "2025-08-01 01:01:08.422091"
  },
  "608ab7862b9c4bba8fa9ee447680180c45005c.jpeg": {
    "app_sintetizada": "608AB7862B9C4BBA8FA9EE447680180C45005C.JPEG",
    "cantidad_archivos": 1,
    "archivos_fuente": [
      "Pictures/Fototeca de Fotos.photoslibrary/resources/derivatives/masters/6/608AB786-2B9C-4BBA-8FA9-EE447680180C_4_5005_c.jpeg"
    ],
    "ultima_modificacion": "2025-08-01 01:01:08.422402"
  },
  "6d467b24e94d4483b8a797f63ba93b2545005c.jpeg": {
    "app_sintetizada": "6D467B24E94D4483B8A797F63BA93B2545005C.JPEG",
    "cantidad_archivos": 1,
    "archivos_fuente": [
      "Pictures/Fototeca de Fotos.photoslibrary/resources/derivatives/masters/6/6D467B24-E94D-4483-B8A7-97F63BA93B25_4_5005_c.jpeg"
    ],
    "ultima_modificacion": "2025-08-01 01:01:08.422670"
  },
  "6a1b296a3da64c4db637e7a75ccf760745005c.jpeg": {
    "app_sintetizada": "6A1B296A3DA64C4DB637E7A75CCF760745005C.JPEG",
    "cantidad_archivos": 1,
    "archivos_fuente": [
      "Pictures/Fototeca de Fotos.photoslibrary/resources/derivatives/masters/6/6A1B296A-3DA6-4C4D-B637-E7A75CCF7607_4_5005_c.jpeg"
    ],
    "ultima_modificacion": "2025-08-01 01:01:08.422964"
  },
  "6ec5e8fc6bca42a3b4c1df98b2de810d45005c.jpeg": {
    "app_sintetizada": "6EC5E8FC6BCA42A3B4C1DF98B2DE810D45005C.JPEG",
    "cantidad_archivos": 1,
    "archivos_fuente": [
      "Pictures/Fototeca de Fotos.photoslibrary/resources/derivatives/masters/6/6EC5E8FC-6BCA-42A3-B4C1-DF98B2DE810D_4_5005_c.jpeg"
    ],
    "ultima_modificacion": "2025-08-01 01:01:08.423202"
  },
  "6f7f06479006446bac27595461d1b21d45005c.jpeg": {
    "app_sintetizada": "6F7F06479006446BAC27595461D1B21D45005C.JPEG",
    "cantidad_archivos": 1,
    "archivos_fuente": [
      "Pictures/Fototeca de Fotos.photoslibrary/resources/derivatives/masters/6/6F7F0647-9006-446B-AC27-595461D1B21D_4_5005_c.jpeg"
    ],
    "ultima_modificacion": "2025-08-01 01:01:08.423466"
  },
  "65167130af4d43f9b51b4c22b30097f745005c.jpeg": {
    "app_sintetizada": "65167130AF4D43F9B51B4C22B30097F745005C.JPEG",
    "cantidad_archivos": 1,
    "archivos_fuente": [
      "Pictures/Fototeca de Fotos.photoslibrary/resources/derivatives/masters/6/65167130-AF4D-43F9-B51B-4C22B30097F7_4_5005_c.jpeg"
    ],
    "ultima_modificacion": "2025-08-01 01:01:08.423717"
  },
  "6503327f317f49cdb018001bb027928a45005c.jpeg": {
    "app_sintetizada": "6503327F317F49CDB018001BB027928A45005C.JPEG",
    "cantidad_archivos": 1,
    "archivos_fuente": [
      "Pictures/Fototeca de Fotos.photoslibrary/resources/derivatives/masters/6/6503327F-317F-49CD-B018-001BB027928A_4_5005_c.jpeg"
    ],
    "ultima_modificacion": "2025-08-01 01:01:08.424026"
  },
  "60e8f805c4af4e9d88b41575100b4ac545005c.jpeg": {
    "app_sintetizada": "60E8F805C4AF4E9D88B41575100B4AC545005C.JPEG",
    "cantidad_archivos": 1,
    "archivos_fuente": [
      "Pictures/Fototeca de Fotos.photoslibrary/resources/derivatives/masters/6/60E8F805-C4AF-4E9D-88B4-1575100B4AC5_4_5005_c.jpeg"
    ],
    "ultima_modificacion": "2025-08-01 01:01:08.424262"
  },
  "6c756d60cab5418fbddb59f2870372b245005c.jpeg": {
    "app_sintetizada": "6C756D60CAB5418FBDDB59F2870372B245005C.JPEG",
    "cantidad_archivos": 1,
    "archivos_fuente": [
      "Pictures/Fototeca de Fotos.photoslibrary/resources/derivatives/masters/6/6C756D60-CAB5-418F-BDDB-59F2870372B2_4_5005_c.jpeg"
    ],
    "ultima_modificacion": "2025-08-01 01:01:08.424496"
  },
  "66646b49467d46bc9299b0a0d58bc41d45005c.jpeg": {
    "app_sintetizada": "66646B49467D46BC9299B0A0D58BC41D45005C.JPEG",
    "cantidad_archivos": 1,
    "archivos_fuente": [
      "Pictures/Fototeca de Fotos.photoslibrary/resources/derivatives/masters/6/66646B49-467D-46BC-9299-B0A0D58BC41D_4_5005_c.jpeg"
    ],
    "ultima_modificacion": "2025-08-01 01:01:08.424895"
  },
  "60574e1065e947d1b3db9adb2c71723e45005c.jpeg": {
    "app_sintetizada": "60574E1065E947D1B3DB9ADB2C71723E45005C.JPEG",
    "cantidad_archivos": 1,
    "archivos_fuente": [
      "Pictures/Fototeca de Fotos.photoslibrary/resources/derivatives/masters/6/60574E10-65E9-47D1-B3DB-9ADB2C71723E_4_5005_c.jpeg"
    ],
    "ultima_modificacion": "2025-08-01 01:01:08.425263"
  },
  "66708b8da4a64dc0b79f39dab3631c1745005c.jpeg": {
    "app_sintetizada": "66708B8DA4A64DC0B79F39DAB3631C1745005C.JPEG",
    "cantidad_archivos": 1,
    "archivos_fuente": [
      "Pictures/Fototeca de Fotos.photoslibrary/resources/derivatives/masters/6/66708B8D-A4A6-4DC0-B79F-39DAB3631C17_4_5005_c.jpeg"
    ],
    "ultima_modificacion": "2025-08-01 01:01:08.425732"
  },
  "6fccc405d4b3470babf5a53796efa69145005c.jpeg": {
    "app_sintetizada": "6FCCC405D4B3470BABF5A53796EFA69145005C.JPEG",
    "cantidad_archivos": 1,
    "archivos_fuente": [
      "Pictures/Fototeca de Fotos.photoslibrary/resources/derivatives/masters/6/6FCCC405-D4B3-470B-ABF5-A53796EFA691_4_5005_c.jpeg"
    ],
    "ultima_modificacion": "2025-08-01 01:01:08.425987"
  },
  "6b7f58032120480588f30df7ca50860145005c.jpeg": {
    "app_sintetizada": "6B7F58032120480588F30DF7CA50860145005C.JPEG",
    "cantidad_archivos": 1,
    "archivos_fuente": [
      "Pictures/Fototeca de Fotos.photoslibrary/resources/derivatives/masters/6/6B7F5803-2120-4805-88F3-0DF7CA508601_4_5005_c.jpeg"
    ],
    "ultima_modificacion": "2025-08-01 01:01:08.426778"
  },
  "62466e992e1e443999f38c38427500eb45005c.jpeg": {
    "app_sintetizada": "62466E992E1E443999F38C38427500EB45005C.JPEG",
    "cantidad_archivos": 1,
    "archivos_fuente": [
      "Pictures/Fototeca de Fotos.photoslibrary/resources/derivatives/masters/6/62466E99-2E1E-4439-99F3-8C38427500EB_4_5005_c.jpeg"
    ],
    "ultima_modificacion": "2025-08-01 01:01:08.427030"
  },
  "67a88aee7ed6451d95cefc90e564dd3d45005c.jpeg": {
    "app_sintetizada": "67A88AEE7ED6451D95CEFC90E564DD3D45005C.JPEG",
    "cantidad_archivos": 1,
    "archivos_fuente": [
      "Pictures/Fototeca de Fotos.photoslibrary/resources/derivatives/masters/6/67A88AEE-7ED6-451D-95CE-FC90E564DD3D_4_5005_c.jpeg"
    ],
    "ultima_modificacion": "2025-08-01 01:01:08.427262"
  },
  "63956d98a6d0407297adc7be6811240f45005c.jpeg": {
    "app_sintetizada": "63956D98A6D0407297ADC7BE6811240F45005C.JPEG",
    "cantidad_archivos": 1,
    "archivos_fuente": [
      "Pictures/Fototeca de Fotos.photoslibrary/resources/derivatives/masters/6/63956D98-A6D0-4072-97AD-C7BE6811240F_4_5005_c.jpeg"
    ],
    "ultima_modificacion": "2025-08-01 01:01:08.427459"
  },
  "604d36b758a944a78dc01dc5ff39362d45005c.jpeg": {
    "app_sintetizada": "604D36B758A944A78DC01DC5FF39362D45005C.JPEG",
    "cantidad_archivos": 1,
    "archivos_fuente": [
      "Pictures/Fototeca de Fotos.photoslibrary/resources/derivatives/masters/6/604D36B7-58A9-44A7-8DC0-1DC5FF39362D_4_5005_c.jpeg"
    ],
    "ultima_modificacion": "2025-08-01 01:01:08.427695"
  },
  "6115603bdc5547c394cc13195498070f45005c.jpeg": {
    "app_sintetizada": "6115603BDC5547C394CC13195498070F45005C.JPEG",
    "cantidad_archivos": 1,
    "archivos_fuente": [
      "Pictures/Fototeca de Fotos.photoslibrary/resources/derivatives/masters/6/6115603B-DC55-47C3-94CC-13195498070F_4_5005_c.jpeg"
    ],
    "ultima_modificacion": "2025-08-01 01:01:08.428016"
  },
  "6c72e21d759b44fb85b68f0a84529c4a45005c.jpeg": {
    "app_sintetizada": "6C72E21D759B44FB85B68F0A84529C4A45005C.JPEG",
    "cantidad_archivos": 1,
    "archivos_fuente": [
      "Pictures/Fototeca de Fotos.photoslibrary/resources/derivatives/masters/6/6C72E21D-759B-44FB-85B6-8F0A84529C4A_4_5005_c.jpeg"
    ],
    "ultima_modificacion": "2025-08-01 01:01:08.428339"
  },
  "6d4c714ea67b4031866c5b15b432e0ee45005c.jpeg": {
    "app_sintetizada": "6D4C714EA67B4031866C5B15B432E0EE45005C.JPEG",
    "cantidad_archivos": 1,
    "archivos_fuente": [
      "Pictures/Fototeca de Fotos.photoslibrary/resources/derivatives/masters/6/6D4C714E-A67B-4031-866C-5B15B432E0EE_4_5005_c.jpeg"
    ],
    "ultima_modificacion": "2025-08-01 01:01:08.428627"
  },
  "6a8c1adcf0084bbfbd98bd50fbb5d35c45005c.jpeg": {
    "app_sintetizada": "6A8C1ADCF0084BBFBD98BD50FBB5D35C45005C.JPEG",
    "cantidad_archivos": 1,
    "archivos_fuente": [
      "Pictures/Fototeca de Fotos.photoslibrary/resources/derivatives/masters/6/6A8C1ADC-F008-4BBF-BD98-BD50FBB5D35C_4_5005_c.jpeg"
    ],
    "ultima_modificacion": "2025-08-01 01:01:08.428964"
  },
  "6f28c1aecd3641179a82f16e0bfd445345005c.jpeg": {
    "app_sintetizada": "6F28C1AECD3641179A82F16E0BFD445345005C.JPEG",
    "cantidad_archivos": 1,
    "archivos_fuente": [
      "Pictures/Fototeca de Fotos.photoslibrary/resources/derivatives/masters/6/6F28C1AE-CD36-4117-9A82-F16E0BFD4453_4_5005_c.jpeg"
    ],
    "ultima_modificacion": "2025-08-01 01:01:08.429245"
  },
  "638e6fe9201b4731b91f69a9fba7008745005c.jpeg": {
    "app_sintetizada": "638E6FE9201B4731B91F69A9FBA7008745005C.JPEG",
    "cantidad_archivos": 1,
    "archivos_fuente": [
      "Pictures/Fototeca de Fotos.photoslibrary/resources/derivatives/masters/6/638E6FE9-201B-4731-B91F-69A9FBA70087_4_5005_c.jpeg"
    ],
    "ultima_modificacion": "2025-08-01 01:01:08.429494"
  },
  "636656432ae34118944c391c5bac437145005c.jpeg": {
    "app_sintetizada": "636656432AE34118944C391C5BAC437145005C.JPEG",
    "cantidad_archivos": 1,
    "archivos_fuente": [
      "Pictures/Fototeca de Fotos.photoslibrary/resources/derivatives/masters/6/63665643-2AE3-4118-944C-391C5BAC4371_4_5005_c.jpeg"
    ],
    "ultima_modificacion": "2025-08-01 01:01:08.429717"
  },
  "604c32af2d9a4c0d8e046f7ff57596ca45005c.jpeg": {
    "app_sintetizada": "604C32AF2D9A4C0D8E046F7FF57596CA45005C.JPEG",
    "cantidad_archivos": 1,
    "archivos_fuente": [
      "Pictures/Fototeca de Fotos.photoslibrary/resources/derivatives/masters/6/604C32AF-2D9A-4C0D-8E04-6F7FF57596CA_4_5005_c.jpeg"
    ],
    "ultima_modificacion": "2025-08-01 01:01:08.430040"
  },
  "69e9603661eb4d5aadc15ff1cfbbd97c45005c.jpeg": {
    "app_sintetizada": "69E9603661EB4D5AADC15FF1CFBBD97C45005C.JPEG",
    "cantidad_archivos": 1,
    "archivos_fuente": [
      "Pictures/Fototeca de Fotos.photoslibrary/resources/derivatives/masters/6/69E96036-61EB-4D5A-ADC1-5FF1CFBBD97C_4_5005_c.jpeg"
    ],
    "ultima_modificacion": "2025-08-01 01:01:08.430370"
  },
  "654ca731792d401a8f99841d4090ff4445005c.jpeg": {
    "app_sintetizada": "654CA731792D401A8F99841D4090FF4445005C.JPEG",
    "cantidad_archivos": 1,
    "archivos_fuente": [
      "Pictures/Fototeca de Fotos.photoslibrary/resources/derivatives/masters/6/654CA731-792D-401A-8F99-841D4090FF44_4_5005_c.jpeg"
    ],
    "ultima_modificacion": "2025-08-01 01:01:08.430608"
  },
  "68297504bfad4aa5be5be2be4faa107845005c.jpeg": {
    "app_sintetizada": "68297504BFAD4AA5BE5BE2BE4FAA107845005C.JPEG",
    "cantidad_archivos": 1,
    "archivos_fuente": [
      "Pictures/Fototeca de Fotos.photoslibrary/resources/derivatives/masters/6/68297504-BFAD-4AA5-BE5B-E2BE4FAA1078_4_5005_c.jpeg"
    ],
    "ultima_modificacion": "2025-08-01 01:01:08.430847"
  },
  "68302f028e2d49fea43613b11d36f20545005c.jpeg": {
    "app_sintetizada": "68302F028E2D49FEA43613B11D36F20545005C.JPEG",
    "cantidad_archivos": 1,
    "archivos_fuente": [
      "Pictures/Fototeca de Fotos.photoslibrary/resources/derivatives/masters/6/68302F02-8E2D-49FE-A436-13B11D36F205_4_5005_c.jpeg"
    ],
    "ultima_modificacion": "2025-08-01 01:01:08.431134"
  },
  "6664f83959ca4afe8e399fddedcfc94245005c.jpeg": {
    "app_sintetizada": "6664F83959CA4AFE8E399FDDEDCFC94245005C.JPEG",
    "cantidad_archivos": 1,
    "archivos_fuente": [
      "Pictures/Fototeca de Fotos.photoslibrary/resources/derivatives/masters/6/6664F839-59CA-4AFE-8E39-9FDDEDCFC942_4_5005_c.jpeg"
    ],
    "ultima_modificacion": "2025-08-01 01:01:08.431371"
  },
  "6d6d85a2f427427ab06afea533ed49bf45005c.jpeg": {
    "app_sintetizada": "6D6D85A2F427427AB06AFEA533ED49BF45005C.JPEG",
    "cantidad_archivos": 1,
    "archivos_fuente": [
      "Pictures/Fototeca de Fotos.photoslibrary/resources/derivatives/masters/6/6D6D85A2-F427-427A-B06A-FEA533ED49BF_4_5005_c.jpeg"
    ],
    "ultima_modificacion": "2025-08-01 01:01:08.431666"
  },
  "6df438d6e29740f0a4f2dbf60ca49e5545005c.jpeg": {
    "app_sintetizada": "6DF438D6E29740F0A4F2DBF60CA49E5545005C.JPEG",
    "cantidad_archivos": 1,
    "archivos_fuente": [
      "Pictures/Fototeca de Fotos.photoslibrary/resources/derivatives/masters/6/6DF438D6-E297-40F0-A4F2-DBF60CA49E55_4_5005_c.jpeg"
    ],
    "ultima_modificacion": "2025-08-01 01:01:08.431917"
  },
  "60b41ea4f4604e90b03b3ff79ad78e1445005c.jpeg": {
    "app_sintetizada": "60B41EA4F4604E90B03B3FF79AD78E1445005C.JPEG",
    "cantidad_archivos": 1,
    "archivos_fuente": [
      "Pictures/Fototeca de Fotos.photoslibrary/resources/derivatives/masters/6/60B41EA4-F460-4E90-B03B-3FF79AD78E14_4_5005_c.jpeg"
    ],
    "ultima_modificacion": "2025-08-01 01:01:08.432206"
  },
  "68d4e8342bb24c97934c928554fdbe2d45005c.jpeg": {
    "app_sintetizada": "68D4E8342BB24C97934C928554FDBE2D45005C.JPEG",
    "cantidad_archivos": 1,
    "archivos_fuente": [
      "Pictures/Fototeca de Fotos.photoslibrary/resources/derivatives/masters/6/68D4E834-2BB2-4C97-934C-928554FDBE2D_4_5005_c.jpeg"
    ],
    "ultima_modificacion": "2025-08-01 01:01:08.432492"
  },
  "67ffc67aa74c4f0db5254adfd982802745005c.jpeg": {
    "app_sintetizada": "67FFC67AA74C4F0DB5254ADFD982802745005C.JPEG",
    "cantidad_archivos": 1,
    "archivos_fuente": [
      "Pictures/Fototeca de Fotos.photoslibrary/resources/derivatives/masters/6/67FFC67A-A74C-4F0D-B525-4ADFD9828027_4_5005_c.jpeg"
    ],
    "ultima_modificacion": "2025-08-01 01:01:08.432859"
  },
  "6f80d50c7fb7411a8b236314c444911145005c.jpeg": {
    "app_sintetizada": "6F80D50C7FB7411A8B236314C444911145005C.JPEG",
    "cantidad_archivos": 1,
    "archivos_fuente": [
      "Pictures/Fototeca de Fotos.photoslibrary/resources/derivatives/masters/6/6F80D50C-7FB7-411A-8B23-6314C4449111_4_5005_c.jpeg"
    ],
    "ultima_modificacion": "2025-08-01 01:01:08.433166"
  },
  "6b43bda3a9164706996c157aabcf92f945005c.jpeg": {
    "app_sintetizada": "6B43BDA3A9164706996C157AABCF92F945005C.JPEG",
    "cantidad_archivos": 1,
    "archivos_fuente": [
      "Pictures/Fototeca de Fotos.photoslibrary/resources/derivatives/masters/6/6B43BDA3-A916-4706-996C-157AABCF92F9_4_5005_c.jpeg"
    ],
    "ultima_modificacion": "2025-08-01 01:01:08.433535"
  },
  "6910fe25931c4e16b012e500a243918545005c.jpeg": {
    "app_sintetizada": "6910FE25931C4E16B012E500A243918545005C.JPEG",
    "cantidad_archivos": 1,
    "archivos_fuente": [
      "Pictures/Fototeca de Fotos.photoslibrary/resources/derivatives/masters/6/6910FE25-931C-4E16-B012-E500A2439185_4_5005_c.jpeg"
    ],
    "ultima_modificacion": "2025-08-01 01:01:08.434044"
  },
  "6b322522fc8e4da5a989c461ff930a4745005c.jpeg": {
    "app_sintetizada": "6B322522FC8E4DA5A989C461FF930A4745005C.JPEG",
    "cantidad_archivos": 1,
    "archivos_fuente": [
      "Pictures/Fototeca de Fotos.photoslibrary/resources/derivatives/masters/6/6B322522-FC8E-4DA5-A989-C461FF930A47_4_5005_c.jpeg"
    ],
    "ultima_modificacion": "2025-08-01 01:01:08.434329"
  },
  "674219285e274692b39eda8d7173e17945005c.jpeg": {
    "app_sintetizada": "674219285E274692B39EDA8D7173E17945005C.JPEG",
    "cantidad_archivos": 1,
    "archivos_fuente": [
      "Pictures/Fototeca de Fotos.photoslibrary/resources/derivatives/masters/6/67421928-5E27-4692-B39E-DA8D7173E179_4_5005_c.jpeg"
    ],
    "ultima_modificacion": "2025-08-01 01:01:08.435183"
  },
  "61f42e7d56394f41be363a436c24822745005c.jpeg": {
    "app_sintetizada": "61F42E7D56394F41BE363A436C24822745005C.JPEG",
    "cantidad_archivos": 1,
    "archivos_fuente": [
      "Pictures/Fototeca de Fotos.photoslibrary/resources/derivatives/masters/6/61F42E7D-5639-4F41-BE36-3A436C248227_4_5005_c.jpeg"
    ],
    "ultima_modificacion": "2025-08-01 01:01:08.435460"
  },
  "6140599dfd7e46afab5fc7085a5999fa45005c.jpeg": {
    "app_sintetizada": "6140599DFD7E46AFAB5FC7085A5999FA45005C.JPEG",
    "cantidad_archivos": 1,
    "archivos_fuente": [
      "Pictures/Fototeca de Fotos.photoslibrary/resources/derivatives/masters/6/6140599D-FD7E-46AF-AB5F-C7085A5999FA_4_5005_c.jpeg"
    ],
    "ultima_modificacion": "2025-08-01 01:01:08.435787"
  },
  "65238fbeae054ba4b2da9b99d6bcb85245005c.jpeg": {
    "app_sintetizada": "65238FBEAE054BA4B2DA9B99D6BCB85245005C.JPEG",
    "cantidad_archivos": 1,
    "archivos_fuente": [
      "Pictures/Fototeca de Fotos.photoslibrary/resources/derivatives/masters/6/65238FBE-AE05-4BA4-B2DA-9B99D6BCB852_4_5005_c.jpeg"
    ],
    "ultima_modificacion": "2025-08-01 01:01:08.436140"
  },
  "66a70382f588430f8ae9592ea824cb2d45005c.jpeg": {
    "app_sintetizada": "66A70382F588430F8AE9592EA824CB2D45005C.JPEG",
    "cantidad_archivos": 1,
    "archivos_fuente": [
      "Pictures/Fototeca de Fotos.photoslibrary/resources/derivatives/masters/6/66A70382-F588-430F-8AE9-592EA824CB2D_4_5005_c.jpeg"
    ],
    "ultima_modificacion": "2025-08-01 01:01:08.436470"
  },
  "668190b4f31242ea949b096c6094e17d45005c.jpeg": {
    "app_sintetizada": "668190B4F31242EA949B096C6094E17D45005C.JPEG",
    "cantidad_archivos": 1,
    "archivos_fuente": [
      "Pictures/Fototeca de Fotos.photoslibrary/resources/derivatives/masters/6/668190B4-F312-42EA-949B-096C6094E17D_4_5005_c.jpeg"
    ],
    "ultima_modificacion": "2025-08-01 01:01:08.436793"
  },
  "6b063ebb8d2044d681f605684a6d771745005c.jpeg": {
    "app_sintetizada": "6B063EBB8D2044D681F605684A6D771745005C.JPEG",
    "cantidad_archivos": 1,
    "archivos_fuente": [
      "Pictures/Fototeca de Fotos.photoslibrary/resources/derivatives/masters/6/6B063EBB-8D20-44D6-81F6-05684A6D7717_4_5005_c.jpeg"
    ],
    "ultima_modificacion": "2025-08-01 01:01:08.437096"
  },
  "6d09314d1b184ad7981e97a0376d2c0145005c.jpeg": {
    "app_sintetizada": "6D09314D1B184AD7981E97A0376D2C0145005C.JPEG",
    "cantidad_archivos": 1,
    "archivos_fuente": [
      "Pictures/Fototeca de Fotos.photoslibrary/resources/derivatives/masters/6/6D09314D-1B18-4AD7-981E-97A0376D2C01_4_5005_c.jpeg"
    ],
    "ultima_modificacion": "2025-08-01 01:01:08.437382"
  },
  "6bdf7d8fb2a44d219152f74cc41e077445005c.jpeg": {
    "app_sintetizada": "6BDF7D8FB2A44D219152F74CC41E077445005C.JPEG",
    "cantidad_archivos": 1,
    "archivos_fuente": [
      "Pictures/Fototeca de Fotos.photoslibrary/resources/derivatives/masters/6/6BDF7D8F-B2A4-4D21-9152-F74CC41E0774_4_5005_c.jpeg"
    ],
    "ultima_modificacion": "2025-08-01 01:01:08.437673"
  }
}