{
  "f7ddc027ca0a47f89485553e5e941ada45005c.jpeg": {
    "app_sintetizada": "F7DDC027CA0A47F89485553E5E941ADA45005C.JPEG",
    "cantidad_archivos": 1,
    "archivos_fuente": [
      "Pictures/Fototeca de Fotos.photoslibrary/resources/derivatives/masters/F/F7DDC027-CA0A-47F8-9485-553E5E941ADA_4_5005_c.jpeg"
    ],
    "ultima_modificacion": "2025-08-01 01:01:12.028318"
  },
  "f3597c7e2abc47229a1280c622bb2e0b45005c.jpeg": {
    "app_sintetizada": "F3597C7E2ABC47229A1280C622BB2E0B45005C.JPEG",
    "cantidad_archivos": 1,
    "archivos_fuente": [
      "Pictures/Fototeca de Fotos.photoslibrary/resources/derivatives/masters/F/F3597C7E-2ABC-4722-9A12-80C622BB2E0B_4_5005_c.jpeg"
    ],
    "ultima_modificacion": "2025-08-01 01:01:12.028569"
  },
  "f313d959cbf2468b8a4b2027e085a89b45005c.jpeg": {
    "app_sintetizada": "F313D959CBF2468B8A4B2027E085A89B45005C.JPEG",
    "cantidad_archivos": 1,
    "archivos_fuente": [
      "Pictures/Fototeca de Fotos.photoslibrary/resources/derivatives/masters/F/F313D959-CBF2-468B-8A4B-2027E085A89B_4_5005_c.jpeg"
    ],
    "ultima_modificacion": "2025-08-01 01:01:12.028779"
  },
  "f55aeb57a6c644b5ab1e263e9320ec8645005c.jpeg": {
    "app_sintetizada": "F55AEB57A6C644B5AB1E263E9320EC8645005C.JPEG",
    "cantidad_archivos": 1,
    "archivos_fuente": [
      "Pictures/Fototeca de Fotos.photoslibrary/resources/derivatives/masters/F/F55AEB57-A6C6-44B5-AB1E-263E9320EC86_4_5005_c.jpeg"
    ],
    "ultima_modificacion": "2025-08-01 01:01:12.028986"
  },
  "f0f9a55a997f4f55b3403befeaf61bb845005c.jpeg": {
    "app_sintetizada": "F0F9A55A997F4F55B3403BEFEAF61BB845005C.JPEG",
    "cantidad_archivos": 1,
    "archivos_fuente": [
      "Pictures/Fototeca de Fotos.photoslibrary/resources/derivatives/masters/F/F0F9A55A-997F-4F55-B340-3BEFEAF61BB8_4_5005_c.jpeg"
    ],
    "ultima_modificacion": "2025-08-01 01:01:12.029188"
  },
  "f7c95d255cf54ab0b8167a6c11e97ea245005c.jpeg": {
    "app_sintetizada": "F7C95D255CF54AB0B8167A6C11E97EA245005C.JPEG",
    "cantidad_archivos": 1,
    "archivos_fuente": [
      "Pictures/Fototeca de Fotos.photoslibrary/resources/derivatives/masters/F/F7C95D25-5CF5-4AB0-B816-7A6C11E97EA2_4_5005_c.jpeg"
    ],
    "ultima_modificacion": "2025-08-01 01:01:12.029382"
  },
  "f8f4a02229b74236868fc7aee464dc7545005c.jpeg": {
    "app_sintetizada": "F8F4A02229B74236868FC7AEE464DC7545005C.JPEG",
    "cantidad_archivos": 1,
    "archivos_fuente": [
      "Pictures/Fototeca de Fotos.photoslibrary/resources/derivatives/masters/F/F8F4A022-29B7-4236-868F-C7AEE464DC75_4_5005_c.jpeg"
    ],
    "ultima_modificacion": "2025-08-01 01:01:12.029613"
  },
  "f4b699e582684cab8bfe1af8e437dadc45005c.jpeg": {
    "app_sintetizada": "F4B699E582684CAB8BFE1AF8E437DADC45005C.JPEG",
    "cantidad_archivos": 1,
    "archivos_fuente": [
      "Pictures/Fototeca de Fotos.photoslibrary/resources/derivatives/masters/F/F4B699E5-8268-4CAB-8BFE-1AF8E437DADC_4_5005_c.jpeg"
    ],
    "ultima_modificacion": "2025-08-01 01:01:12.029836"
  },
  "f6ca5c0c25be41a389f003e241af634b45005c.jpeg": {
    "app_sintetizada": "F6CA5C0C25BE41A389F003E241AF634B45005C.JPEG",
    "cantidad_archivos": 1,
    "archivos_fuente": [
      "Pictures/Fototeca de Fotos.photoslibrary/resources/derivatives/masters/F/F6CA5C0C-25BE-41A3-89F0-03E241AF634B_4_5005_c.jpeg"
    ],
    "ultima_modificacion": "2025-08-01 01:01:12.030038"
  },
  "fbf340b73d394e85bd20bfa5693be1f245005c.jpeg": {
    "app_sintetizada": "FBF340B73D394E85BD20BFA5693BE1F245005C.JPEG",
    "cantidad_archivos": 1,
    "archivos_fuente": [
      "Pictures/Fototeca de Fotos.photoslibrary/resources/derivatives/masters/F/FBF340B7-3D39-4E85-BD20-BFA5693BE1F2_4_5005_c.jpeg"
    ],
    "ultima_modificacion": "2025-08-01 01:01:12.030252"
  },
  "f2bfc2f80ee64980a9d8814046df610545005c.jpeg": {
    "app_sintetizada": "F2BFC2F80EE64980A9D8814046DF610545005C.JPEG",
    "cantidad_archivos": 1,
    "archivos_fuente": [
      "Pictures/Fototeca de Fotos.photoslibrary/resources/derivatives/masters/F/F2BFC2F8-0EE6-4980-A9D8-814046DF6105_4_5005_c.jpeg"
    ],
    "ultima_modificacion": "2025-08-01 01:01:12.030555"
  },
  "f37e7bd1fe8d4ece8af9b799e8580c1b45005c.jpeg": {
    "app_sintetizada": "F37E7BD1FE8D4ECE8AF9B799E8580C1B45005C.JPEG",
    "cantidad_archivos": 1,
    "archivos_fuente": [
      "Pictures/Fototeca de Fotos.photoslibrary/resources/derivatives/masters/F/F37E7BD1-FE8D-4ECE-8AF9-B799E8580C1B_4_5005_c.jpeg"
    ],
    "ultima_modificacion": "2025-08-01 01:01:12.030754"
  },
  "f6a3cdfdbd2e49d8afc4d8baafb1224645005c.jpeg": {
    "app_sintetizada": "F6A3CDFDBD2E49D8AFC4D8BAAFB1224645005C.JPEG",
    "cantidad_archivos": 1,
    "archivos_fuente": [
      "Pictures/Fototeca de Fotos.photoslibrary/resources/derivatives/masters/F/F6A3CDFD-BD2E-49D8-AFC4-D8BAAFB12246_4_5005_c.jpeg"
    ],
    "ultima_modificacion": "2025-08-01 01:01:12.030963"
  },
  "f8467c3eff8842dcb2af5bdf5f480fa845005c.jpeg": {
    "app_sintetizada": "F8467C3EFF8842DCB2AF5BDF5F480FA845005C.JPEG",
    "cantidad_archivos": 1,
    "archivos_fuente": [
      "Pictures/Fototeca de Fotos.photoslibrary/resources/derivatives/masters/F/F8467C3E-FF88-42DC-B2AF-5BDF5F480FA8_4_5005_c.jpeg"
    ],
    "ultima_modificacion": "2025-08-01 01:01:12.031194"
  },
  "f57d44d1e29d4e099b7d65193e3e8f3545005c.jpeg": {
    "app_sintetizada": "F57D44D1E29D4E099B7D65193E3E8F3545005C.JPEG",
    "cantidad_archivos": 1,
    "archivos_fuente": [
      "Pictures/Fototeca de Fotos.photoslibrary/resources/derivatives/masters/F/F57D44D1-E29D-4E09-9B7D-65193E3E8F35_4_5005_c.jpeg"
    ],
    "ultima_modificacion": "2025-08-01 01:01:12.031392"
  },
  "f1034a3e51a4423c988822a5bbaac0c645005c.jpeg": {
    "app_sintetizada": "F1034A3E51A4423C988822A5BBAAC0C645005C.JPEG",
    "cantidad_archivos": 1,
    "archivos_fuente": [
      "Pictures/Fototeca de Fotos.photoslibrary/resources/derivatives/masters/F/F1034A3E-51A4-423C-9888-22A5BBAAC0C6_4_5005_c.jpeg"
    ],
    "ultima_modificacion": "2025-08-01 01:01:12.031697"
  },
  "f75ea97945cb4a9b981a8825c8a4667745005c.jpeg": {
    "app_sintetizada": "F75EA97945CB4A9B981A8825C8A4667745005C.JPEG",
    "cantidad_archivos": 1,
    "archivos_fuente": [
      "Pictures/Fototeca de Fotos.photoslibrary/resources/derivatives/masters/F/F75EA979-45CB-4A9B-981A-8825C8A46677_4_5005_c.jpeg"
    ],
    "ultima_modificacion": "2025-08-01 01:01:12.031940"
  },
  "f6cf6deb0a5c40f486f71083d1e863d645005c.jpeg": {
    "app_sintetizada": "F6CF6DEB0A5C40F486F71083D1E863D645005C.JPEG",
    "cantidad_archivos": 1,
    "archivos_fuente": [
      "Pictures/Fototeca de Fotos.photoslibrary/resources/derivatives/masters/F/F6CF6DEB-0A5C-40F4-86F7-1083D1E863D6_4_5005_c.jpeg"
    ],
    "ultima_modificacion": "2025-08-01 01:01:12.032208"
  },
  "f462dc91ff6d4dd597b6643233af923645005c.jpeg": {
    "app_sintetizada": "F462DC91FF6D4DD597B6643233AF923645005C.JPEG",
    "cantidad_archivos": 1,
    "archivos_fuente": [
      "Pictures/Fototeca de Fotos.photoslibrary/resources/derivatives/masters/F/F462DC91-FF6D-4DD5-97B6-643233AF9236_4_5005_c.jpeg"
    ],
    "ultima_modificacion": "2025-08-01 01:01:12.032440"
  },
  "fd630ef29c68426c98d6026e7ad38c7d45005c.jpeg": {
    "app_sintetizada": "FD630EF29C68426C98D6026E7AD38C7D45005C.JPEG",
    "cantidad_archivos": 1,
    "archivos_fuente": [
      "Pictures/Fototeca de Fotos.photoslibrary/resources/derivatives/masters/F/FD630EF2-9C68-426C-98D6-026E7AD38C7D_4_5005_c.jpeg"
    ],
    "ultima_modificacion": "2025-08-01 01:01:12.032659"
  },
  "fe7ac737b055480aabcd49bb4b5e040145005c.jpeg": {
    "app_sintetizada": "FE7AC737B055480AABCD49BB4B5E040145005C.JPEG",
    "cantidad_archivos": 1,
    "archivos_fuente": [
      "Pictures/Fototeca de Fotos.photoslibrary/resources/derivatives/masters/F/FE7AC737-B055-480A-ABCD-49BB4B5E0401_4_5005_c.jpeg"
    ],
    "ultima_modificacion": "2025-08-01 01:01:12.032864"
  },
  "fdb29e126d534cb298f13cefb9bf561245005c.jpeg": {
    "app_sintetizada": "FDB29E126D534CB298F13CEFB9BF561245005C.JPEG",
    "cantidad_archivos": 1,
    "archivos_fuente": [
      "Pictures/Fototeca de Fotos.photoslibrary/resources/derivatives/masters/F/FDB29E12-6D53-4CB2-98F1-3CEFB9BF5612_4_5005_c.jpeg"
    ],
    "ultima_modificacion": "2025-08-01 01:01:12.033120"
  },
  "fb14b01c621d497bb64bb66a969447f645005c.jpeg": {
    "app_sintetizada": "FB14B01C621D497BB64BB66A969447F645005C.JPEG",
    "cantidad_archivos": 1,
    "archivos_fuente": [
      "Pictures/Fototeca de Fotos.photoslibrary/resources/derivatives/masters/F/FB14B01C-621D-497B-B64B-B66A969447F6_4_5005_c.jpeg"
    ],
    "ultima_modificacion": "2025-08-01 01:01:12.033326"
  },
  "fd901fce1ca2480fa6d69d2b87e8462645005c.jpeg": {
    "app_sintetizada": "FD901FCE1CA2480FA6D69D2B87E8462645005C.JPEG",
    "cantidad_archivos": 1,
    "archivos_fuente": [
      "Pictures/Fototeca de Fotos.photoslibrary/resources/derivatives/masters/F/FD901FCE-1CA2-480F-A6D6-9D2B87E84626_4_5005_c.jpeg"
    ],
    "ultima_modificacion": "2025-08-01 01:01:12.033504"
  },
  "f8faa549c532444a9008eef9e674e4ad45005c.jpeg": {
    "app_sintetizada": "F8FAA549C532444A9008EEF9E674E4AD45005C.JPEG",
    "cantidad_archivos": 1,
    "archivos_fuente": [
      "Pictures/Fototeca de Fotos.photoslibrary/resources/derivatives/masters/F/F8FAA549-C532-444A-9008-EEF9E674E4AD_4_5005_c.jpeg"
    ],
    "ultima_modificacion": "2025-08-01 01:01:12.033693"
  },
  "f8fc85ca6b6c47bf998bd08d61c592bb45005c.jpeg": {
    "app_sintetizada": "F8FC85CA6B6C47BF998BD08D61C592BB45005C.JPEG",
    "cantidad_archivos": 1,
    "archivos_fuente": [
      "Pictures/Fototeca de Fotos.photoslibrary/resources/derivatives/masters/F/F8FC85CA-6B6C-47BF-998B-D08D61C592BB_4_5005_c.jpeg"
    ],
    "ultima_modificacion": "2025-08-01 01:01:12.033867"
  },
  "f76e9ee6602e4825a498c228976aa5ca45005c.jpeg": {
    "app_sintetizada": "F76E9EE6602E4825A498C228976AA5CA45005C.JPEG",
    "cantidad_archivos": 1,
    "archivos_fuente": [
      "Pictures/Fototeca de Fotos.photoslibrary/resources/derivatives/masters/F/F76E9EE6-602E-4825-A498-C228976AA5CA_4_5005_c.jpeg"
    ],
    "ultima_modificacion": "2025-08-01 01:01:12.034038"
  },
  "f62c41b1944c4a02b7c9183aa380026345005c.jpeg": {
    "app_sintetizada": "F62C41B1944C4A02B7C9183AA380026345005C.JPEG",
    "cantidad_archivos": 1,
    "archivos_fuente": [
      "Pictures/Fototeca de Fotos.photoslibrary/resources/derivatives/masters/F/F62C41B1-944C-4A02-B7C9-183AA3800263_4_5005_c.jpeg"
    ],
    "ultima_modificacion": "2025-08-01 01:01:12.034213"
  },
  "fa1ea378c00f4aa9b4425798432c9c6e45005c.jpeg": {
    "app_sintetizada": "FA1EA378C00F4AA9B4425798432C9C6E45005C.JPEG",
    "cantidad_archivos": 1,
    "archivos_fuente": [
      "Pictures/Fototeca de Fotos.photoslibrary/resources/derivatives/masters/F/FA1EA378-C00F-4AA9-B442-5798432C9C6E_4_5005_c.jpeg"
    ],
    "ultima_modificacion": "2025-08-01 01:01:12.034394"
  },
  "f056f1df57dd4a479b967d5cd12b5adb45005c.jpeg": {
    "app_sintetizada": "F056F1DF57DD4A479B967D5CD12B5ADB45005C.JPEG",
    "cantidad_archivos": 1,
    "archivos_fuente": [
      "Pictures/Fototeca de Fotos.photoslibrary/resources/derivatives/masters/F/F056F1DF-57DD-4A47-9B96-7D5CD12B5ADB_4_5005_c.jpeg"
    ],
    "ultima_modificacion": "2025-08-01 01:01:12.034577"
  },
  "ffb12012bc9f48a09bb12388a4de9cb845005c.jpeg": {
    "app_sintetizada": "FFB12012BC9F48A09BB12388A4DE9CB845005C.JPEG",
    "cantidad_archivos": 1,
    "archivos_fuente": [
      "Pictures/Fototeca de Fotos.photoslibrary/resources/derivatives/masters/F/FFB12012-BC9F-48A0-9BB1-2388A4DE9CB8_4_5005_c.jpeg"
    ],
    "ultima_modificacion": "2025-08-01 01:01:12.034840"
  },
  "ff0e776b140b4b3583e302816e1cd99645005c.jpeg": {
    "app_sintetizada": "FF0E776B140B4B3583E302816E1CD99645005C.JPEG",
    "cantidad_archivos": 1,
    "archivos_fuente": [
      "Pictures/Fototeca de Fotos.photoslibrary/resources/derivatives/masters/F/FF0E776B-140B-4B35-83E3-02816E1CD996_4_5005_c.jpeg"
    ],
    "ultima_modificacion": "2025-08-01 01:01:12.035090"
  },
  "f40b2f93c0e9496ab7ac65ce0c6e0f9e45005c.jpeg": {
    "app_sintetizada": "F40B2F93C0E9496AB7AC65CE0C6E0F9E45005C.JPEG",
    "cantidad_archivos": 1,
    "archivos_fuente": [
      "Pictures/Fototeca de Fotos.photoslibrary/resources/derivatives/masters/F/F40B2F93-C0E9-496A-B7AC-65CE0C6E0F9E_4_5005_c.jpeg"
    ],
    "ultima_modificacion": "2025-08-01 01:01:12.035356"
  },
  "f1b2ea964b914d2c84a7b89f7e5fe50e45005c.jpeg": {
    "app_sintetizada": "F1B2EA964B914D2C84A7B89F7E5FE50E45005C.JPEG",
    "cantidad_archivos": 1,
    "archivos_fuente": [
      "Pictures/Fototeca de Fotos.photoslibrary/resources/derivatives/masters/F/F1B2EA96-4B91-4D2C-84A7-B89F7E5FE50E_4_5005_c.jpeg"
    ],
    "ultima_modificacion": "2025-08-01 01:01:12.035610"
  },
  "f5f85dc35ecb403c9ea84f7e2d9cc89345005c.jpeg": {
    "app_sintetizada": "F5F85DC35ECB403C9EA84F7E2D9CC89345005C.JPEG",
    "cantidad_archivos": 1,
    "archivos_fuente": [
      "Pictures/Fototeca de Fotos.photoslibrary/resources/derivatives/masters/F/F5F85DC3-5ECB-403C-9EA8-4F7E2D9CC893_4_5005_c.jpeg"
    ],
    "ultima_modificacion": "2025-08-01 01:01:12.035803"
  },
  "f03b162d5094400e83336136cd3f081f45005c.jpeg": {
    "app_sintetizada": "F03B162D5094400E83336136CD3F081F45005C.JPEG",
    "cantidad_archivos": 1,
    "archivos_fuente": [
      "Pictures/Fototeca de Fotos.photoslibrary/resources/derivatives/masters/F/F03B162D-5094-400E-8333-6136CD3F081F_4_5005_c.jpeg"
    ],
    "ultima_modificacion": "2025-08-01 01:01:12.036656"
  },
  "f2c6c9d99e554043ab9fdac54499359d45005c.jpeg": {
    "app_sintetizada": "F2C6C9D99E554043AB9FDAC54499359D45005C.JPEG",
    "cantidad_archivos": 1,
    "archivos_fuente": [
      "Pictures/Fototeca de Fotos.photoslibrary/resources/derivatives/masters/F/F2C6C9D9-9E55-4043-AB9F-DAC54499359D_4_5005_c.jpeg"
    ],
    "ultima_modificacion": "2025-08-01 01:01:12.037075"
  },
  "f77b8406a74c466f84618e95617054c345005c.jpeg": {
    "app_sintetizada": "F77B8406A74C466F84618E95617054C345005C.JPEG",
    "cantidad_archivos": 1,
    "archivos_fuente": [
      "Pictures/Fototeca de Fotos.photoslibrary/resources/derivatives/masters/F/F77B8406-A74C-466F-8461-8E95617054C3_4_5005_c.jpeg"
    ],
    "ultima_modificacion": "2025-08-01 01:01:12.037499"
  },
  "f3ee999a5023408b85cbbefb306c9b2f45005c.jpeg": {
    "app_sintetizada": "F3EE999A5023408B85CBBEFB306C9B2F45005C.JPEG",
    "cantidad_archivos": 1,
    "archivos_fuente": [
      "Pictures/Fototeca de Fotos.photoslibrary/resources/derivatives/masters/F/F3EE999A-5023-408B-85CB-BEFB306C9B2F_4_5005_c.jpeg"
    ],
    "ultima_modificacion": "2025-08-01 01:01:12.039123"
  },
  "f6161798fdbe43f4a436e855bda2392145005c.jpeg": {
    "app_sintetizada": "F6161798FDBE43F4A436E855BDA2392145005C.JPEG",
    "cantidad_archivos": 1,
    "archivos_fuente": [
      "Pictures/Fototeca de Fotos.photoslibrary/resources/derivatives/masters/F/F6161798-FDBE-43F4-A436-E855BDA23921_4_5005_c.jpeg"
    ],
    "ultima_modificacion": "2025-08-01 01:01:12.039697"
  },
  "fddd126f59934714b39757c911cf5f1e45005c.jpeg": {
    "app_sintetizada": "FDDD126F59934714B39757C911CF5F1E45005C.JPEG",
    "cantidad_archivos": 1,
    "archivos_fuente": [
      "Pictures/Fototeca de Fotos.photoslibrary/resources/derivatives/masters/F/FDDD126F-5993-4714-B397-57C911CF5F1E_4_5005_c.jpeg"
    ],
    "ultima_modificacion": "2025-08-01 01:01:12.040032"
  },
  "ff2c10bc13f1430aaf5de9a76218832245005c.jpeg": {
    "app_sintetizada": "FF2C10BC13F1430AAF5DE9A76218832245005C.JPEG",
    "cantidad_archivos": 1,
    "archivos_fuente": [
      "Pictures/Fototeca de Fotos.photoslibrary/resources/derivatives/masters/F/FF2C10BC-13F1-430A-AF5D-E9A762188322_4_5005_c.jpeg"
    ],
    "ultima_modificacion": "2025-08-01 01:01:12.040472"
  },
  "f6eaa23621fd40759e3ab491554b2c1745005c.jpeg": {
    "app_sintetizada": "F6EAA23621FD40759E3AB491554B2C1745005C.JPEG",
    "cantidad_archivos": 1,
    "archivos_fuente": [
      "Pictures/Fototeca de Fotos.photoslibrary/resources/derivatives/masters/F/F6EAA236-21FD-4075-9E3A-B491554B2C17_4_5005_c.jpeg"
    ],
    "ultima_modificacion": "2025-08-01 01:01:12.040792"
  },
  "f521ae4118a749ee8d9c21bdb36c633445005c.jpeg": {
    "app_sintetizada": "F521AE4118A749EE8D9C21BDB36C633445005C.JPEG",
    "cantidad_archivos": 1,
    "archivos_fuente": [
      "Pictures/Fototeca de Fotos.photoslibrary/resources/derivatives/masters/F/F521AE41-18A7-49EE-8D9C-21BDB36C6334_4_5005_c.jpeg"
    ],
    "ultima_modificacion": "2025-08-01 01:01:12.041086"
  },
  "f43fe28a8d38496b96df5d6fde82046a45005c.jpeg": {
    "app_sintetizada": "F43FE28A8D38496B96DF5D6FDE82046A45005C.JPEG",
    "cantidad_archivos": 1,
    "archivos_fuente": [
      "Pictures/Fototeca de Fotos.photoslibrary/resources/derivatives/masters/F/F43FE28A-8D38-496B-96DF-5D6FDE82046A_4_5005_c.jpeg"
    ],
    "ultima_modificacion": "2025-08-01 01:01:12.041408"
  },
  "fae454135c2d41eeb367985aff1aaae345005c.jpeg": {
    "app_sintetizada": "FAE454135C2D41EEB367985AFF1AAAE345005C.JPEG",
    "cantidad_archivos": 1,
    "archivos_fuente": [
      "Pictures/Fototeca de Fotos.photoslibrary/resources/derivatives/masters/F/FAE45413-5C2D-41EE-B367-985AFF1AAAE3_4_5005_c.jpeg"
    ],
    "ultima_modificacion": "2025-08-01 01:01:12.041698"
  },
  "fd28c4ee2beb4ca18737ab61d890132745005c.jpeg": {
    "app_sintetizada": "FD28C4EE2BEB4CA18737AB61D890132745005C.JPEG",
    "cantidad_archivos": 1,
    "archivos_fuente": [
      "Pictures/Fototeca de Fotos.photoslibrary/resources/derivatives/masters/F/FD28C4EE-2BEB-4CA1-8737-AB61D8901327_4_5005_c.jpeg"
    ],
    "ultima_modificacion": "2025-08-01 01:01:12.042035"
  },
  "f1081cc968f2464594bddf838d94b99645005c.jpeg": {
    "app_sintetizada": "F1081CC968F2464594BDDF838D94B99645005C.JPEG",
    "cantidad_archivos": 1,
    "archivos_fuente": [
      "Pictures/Fototeca de Fotos.photoslibrary/resources/derivatives/masters/F/F1081CC9-68F2-4645-94BD-DF838D94B996_4_5005_c.jpeg"
    ],
    "ultima_modificacion": "2025-08-01 01:01:12.042367"
  },
  "f32967b93c324749afeb9904e0a68aa945005c.jpeg": {
    "app_sintetizada": "F32967B93C324749AFEB9904E0A68AA945005C.JPEG",
    "cantidad_archivos": 1,
    "archivos_fuente": [
      "Pictures/Fototeca de Fotos.photoslibrary/resources/derivatives/masters/F/F32967B9-3C32-4749-AFEB-9904E0A68AA9_4_5005_c.jpeg"
    ],
    "ultima_modificacion": "2025-08-01 01:01:12.044062"
  },
  "fc0c480024da46ee825749ce996b86f145005c.jpeg": {
    "app_sintetizada": "FC0C480024DA46EE825749CE996B86F145005C.JPEG",
    "cantidad_archivos": 1,
    "archivos_fuente": [
      "Pictures/Fototeca de Fotos.photoslibrary/resources/derivatives/masters/F/FC0C4800-24DA-46EE-8257-49CE996B86F1_4_5005_c.jpeg"
    ],
    "ultima_modificacion": "2025-08-01 01:01:12.044477"
  },
  "fd7f89bba9f1433dabe4ae6d37c99ecd45005c.jpeg": {
    "app_sintetizada": "FD7F89BBA9F1433DABE4AE6D37C99ECD45005C.JPEG",
    "cantidad_archivos": 1,
    "archivos_fuente": [
      "Pictures/Fototeca de Fotos.photoslibrary/resources/derivatives/masters/F/FD7F89BB-A9F1-433D-ABE4-AE6D37C99ECD_4_5005_c.jpeg"
    ],
    "ultima_modificacion": "2025-08-01 01:01:12.044783"
  },
  "faaea68b1de94d9eb24ed45134e80ea245005c.jpeg": {
    "app_sintetizada": "FAAEA68B1DE94D9EB24ED45134E80EA245005C.JPEG",
    "cantidad_archivos": 1,
    "archivos_fuente": [
      "Pictures/Fototeca de Fotos.photoslibrary/resources/derivatives/masters/F/FAAEA68B-1DE9-4D9E-B24E-D45134E80EA2_4_5005_c.jpeg"
    ],
    "ultima_modificacion": "2025-08-01 01:01:12.045164"
  },
  "fc438b3f72d749028983bbfa57bf1b5745005c.jpeg": {
    "app_sintetizada": "FC438B3F72D749028983BBFA57BF1B5745005C.JPEG",
    "cantidad_archivos": 1,
    "archivos_fuente": [
      "Pictures/Fototeca de Fotos.photoslibrary/resources/derivatives/masters/F/FC438B3F-72D7-4902-8983-BBFA57BF1B57_4_5005_c.jpeg"
    ],
    "ultima_modificacion": "2025-08-01 01:01:12.045483"
  },
  "fe17f044c5e34246aa8a0cabd6a0125245005c.jpeg": {
    "app_sintetizada": "FE17F044C5E34246AA8A0CABD6A0125245005C.JPEG",
    "cantidad_archivos": 1,
    "archivos_fuente": [
      "Pictures/Fototeca de Fotos.photoslibrary/resources/derivatives/masters/F/FE17F044-C5E3-4246-AA8A-0CABD6A01252_4_5005_c.jpeg"
    ],
    "ultima_modificacion": "2025-08-01 01:01:12.045911"
  },
  "fe62c8af2b5841bcb80b7d6a5be0b6cd45005c.jpeg": {
    "app_sintetizada": "FE62C8AF2B5841BCB80B7D6A5BE0B6CD45005C.JPEG",
    "cantidad_archivos": 1,
    "archivos_fuente": [
      "Pictures/Fototeca de Fotos.photoslibrary/resources/derivatives/masters/F/FE62C8AF-2B58-41BC-B80B-7D6A5BE0B6CD_4_5005_c.jpeg"
    ],
    "ultima_modificacion": "2025-08-01 01:01:12.046251"
  },
  "f257713cb75b476aaf86494e7b7d095945005c.jpeg": {
    "app_sintetizada": "F257713CB75B476AAF86494E7B7D095945005C.JPEG",
    "cantidad_archivos": 1,
    "archivos_fuente": [
      "Pictures/Fototeca de Fotos.photoslibrary/resources/derivatives/masters/F/F257713C-B75B-476A-AF86-494E7B7D0959_4_5005_c.jpeg"
    ],
    "ultima_modificacion": "2025-08-01 01:01:12.047127"
  },
  "fb39c0cc583546a99299a3e2d0121c3245005c.jpeg": {
    "app_sintetizada": "FB39C0CC583546A99299A3E2D0121C3245005C.JPEG",
    "cantidad_archivos": 1,
    "archivos_fuente": [
      "Pictures/Fototeca de Fotos.photoslibrary/resources/derivatives/masters/F/FB39C0CC-5835-46A9-9299-A3E2D0121C32_4_5005_c.jpeg"
    ],
    "ultima_modificacion": "2025-08-01 01:01:12.047492"
  },
  "f37de818d9a74d9fbea0d8fb2667e7dd45005c.jpeg": {
    "app_sintetizada": "F37DE818D9A74D9FBEA0D8FB2667E7DD45005C.JPEG",
    "cantidad_archivos": 1,
    "archivos_fuente": [
      "Pictures/Fototeca de Fotos.photoslibrary/resources/derivatives/masters/F/F37DE818-D9A7-4D9F-BEA0-D8FB2667E7DD_4_5005_c.jpeg"
    ],
    "ultima_modificacion": "2025-08-01 01:01:12.047843"
  },
  "f9d98d0862f549089be8b1f87b5f10bb45005c.jpeg": {
    "app_sintetizada": "F9D98D0862F549089BE8B1F87B5F10BB45005C.JPEG",
    "cantidad_archivos": 1,
    "archivos_fuente": [
      "Pictures/Fototeca de Fotos.photoslibrary/resources/derivatives/masters/F/F9D98D08-62F5-4908-9BE8-B1F87B5F10BB_4_5005_c.jpeg"
    ],
    "ultima_modificacion": "2025-08-01 01:01:12.048165"
  },
  "f640d6250d2d4d7ba80cbce1c4bf689a45005c.jpeg": {
    "app_sintetizada": "F640D6250D2D4D7BA80CBCE1C4BF689A45005C.JPEG",
    "cantidad_archivos": 1,
    "archivos_fuente": [
      "Pictures/Fototeca de Fotos.photoslibrary/resources/derivatives/masters/F/F640D625-0D2D-4D7B-A80C-BCE1C4BF689A_4_5005_c.jpeg"
    ],
    "ultima_modificacion": "2025-08-01 01:01:12.048590"
  },
  "f11c0133f76e4822b678c64e81121f2e45005c.jpeg": {
    "app_sintetizada": "F11C0133F76E4822B678C64E81121F2E45005C.JPEG",
    "cantidad_archivos": 1,
    "archivos_fuente": [
      "Pictures/Fototeca de Fotos.photoslibrary/resources/derivatives/masters/F/F11C0133-F76E-4822-B678-C64E81121F2E_4_5005_c.jpeg"
    ],
    "ultima_modificacion": "2025-08-01 01:01:12.048885"
  },
  "f72c22a15a60404fb29d47f361c2c72d45005c.jpeg": {
    "app_sintetizada": "F72C22A15A60404FB29D47F361C2C72D45005C.JPEG",
    "cantidad_archivos": 1,
    "archivos_fuente": [
      "Pictures/Fototeca de Fotos.photoslibrary/resources/derivatives/masters/F/F72C22A1-5A60-404F-B29D-47F361C2C72D_4_5005_c.jpeg"
    ],
    "ultima_modificacion": "2025-08-01 01:01:12.049436"
  },
  "f0e2d8d5bb384ae4bf594f70d9fb46c545005c.jpeg": {
    "app_sintetizada": "F0E2D8D5BB384AE4BF594F70D9FB46C545005C.JPEG",
    "cantidad_archivos": 1,
    "archivos_fuente": [
      "Pictures/Fototeca de Fotos.photoslibrary/resources/derivatives/masters/F/F0E2D8D5-BB38-4AE4-BF59-4F70D9FB46C5_4_5005_c.jpeg"
    ],
    "ultima_modificacion": "2025-08-01 01:01:12.050033"
  },
  "f897b4b21f5447038dd9ae60f300c03245005c.jpeg": {
    "app_sintetizada": "F897B4B21F5447038DD9AE60F300C03245005C.JPEG",
    "cantidad_archivos": 1,
    "archivos_fuente": [
      "Pictures/Fototeca de Fotos.photoslibrary/resources/derivatives/masters/F/F897B4B2-1F54-4703-8DD9-AE60F300C032_4_5005_c.jpeg"
    ],
    "ultima_modificacion": "2025-08-01 01:01:12.050352"
  },
  "f7f07c64d5284fdca541dc836acf0d0145005c.jpeg": {
    "app_sintetizada": "F7F07C64D5284FDCA541DC836ACF0D0145005C.JPEG",
    "cantidad_archivos": 1,
    "archivos_fuente": [
      "Pictures/Fototeca de Fotos.photoslibrary/resources/derivatives/masters/F/F7F07C64-D528-4FDC-A541-DC836ACF0D01_4_5005_c.jpeg"
    ],
    "ultima_modificacion": "2025-08-01 01:01:12.050711"
  },
  "fdc984a3dd2b40cc8fd7caa980fa04a045005c.jpeg": {
    "app_sintetizada": "FDC984A3DD2B40CC8FD7CAA980FA04A045005C.JPEG",
    "cantidad_archivos": 1,
    "archivos_fuente": [
      "Pictures/Fototeca de Fotos.photoslibrary/resources/derivatives/masters/F/FDC984A3-DD2B-40CC-8FD7-CAA980FA04A0_4_5005_c.jpeg"
    ],
    "ultima_modificacion": "2025-08-01 01:01:12.051031"
  },
  "fc41b1ac134e42b290e74759bd63ffb045005c.jpeg": {
    "app_sintetizada": "FC41B1AC134E42B290E74759BD63FFB045005C.JPEG",
    "cantidad_archivos": 1,
    "archivos_fuente": [
      "Pictures/Fototeca de Fotos.photoslibrary/resources/derivatives/masters/F/FC41B1AC-134E-42B2-90E7-4759BD63FFB0_4_5005_c.jpeg"
    ],
    "ultima_modificacion": "2025-08-01 01:01:12.051365"
  },
  "f8a0b3d4a747454bb9038a0fcc66507f45005c.jpeg": {
    "app_sintetizada": "F8A0B3D4A747454BB9038A0FCC66507F45005C.JPEG",
    "cantidad_archivos": 1,
    "archivos_fuente": [
      "Pictures/Fototeca de Fotos.photoslibrary/resources/derivatives/masters/F/F8A0B3D4-A747-454B-B903-8A0FCC66507F_4_5005_c.jpeg"
    ],
    "ultima_modificacion": "2025-08-01 01:01:12.051977"
  },
  "f6246ea9ff7c4465b64daac172a422db45005c.jpeg": {
    "app_sintetizada": "F6246EA9FF7C4465B64DAAC172A422DB45005C.JPEG",
    "cantidad_archivos": 1,
    "archivos_fuente": [
      "Pictures/Fototeca de Fotos.photoslibrary/resources/derivatives/masters/F/F6246EA9-FF7C-4465-B64D-AAC172A422DB_4_5005_c.jpeg"
    ],
    "ultima_modificacion": "2025-08-01 01:01:12.052349"
  },
  "f893262f55ba42109e3187507430974445005c.jpeg": {
    "app_sintetizada": "F893262F55BA42109E3187507430974445005C.JPEG",
    "cantidad_archivos": 1,
    "archivos_fuente": [
      "Pictures/Fototeca de Fotos.photoslibrary/resources/derivatives/masters/F/F893262F-55BA-4210-9E31-875074309744_4_5005_c.jpeg"
    ],
    "ultima_modificacion": "2025-08-01 01:01:12.053384"
  },
  "fbd6271a245f46bd906383473d18922545005c.jpeg": {
    "app_sintetizada": "FBD6271A245F46BD906383473D18922545005C.JPEG",
    "cantidad_archivos": 1,
    "archivos_fuente": [
      "Pictures/Fototeca de Fotos.photoslibrary/resources/derivatives/masters/F/FBD6271A-245F-46BD-9063-83473D189225_4_5005_c.jpeg"
    ],
    "ultima_modificacion": "2025-08-01 01:01:12.053763"
  },
  "fb9460b49b2348a1bc970ff1ebd99fc545005c.jpeg": {
    "app_sintetizada": "FB9460B49B2348A1BC970FF1EBD99FC545005C.JPEG",
    "cantidad_archivos": 1,
    "archivos_fuente": [
      "Pictures/Fototeca de Fotos.photoslibrary/resources/derivatives/masters/F/FB9460B4-9B23-48A1-BC97-0FF1EBD99FC5_4_5005_c.jpeg"
    ],
    "ultima_modificacion": "2025-08-01 01:01:12.054158"
  },
  "f10ee1900c0b41dd84bc5b800d5b479045005c.jpeg": {
    "app_sintetizada": "F10EE1900C0B41DD84BC5B800D5B479045005C.JPEG",
    "cantidad_archivos": 1,
    "archivos_fuente": [
      "Pictures/Fototeca de Fotos.photoslibrary/resources/derivatives/masters/F/F10EE190-0C0B-41DD-84BC-5B800D5B4790_4_5005_c.jpeg"
    ],
    "ultima_modificacion": "2025-08-01 01:01:12.054714"
  },
  "f9b292b7fb314d819b43c0ffc4fdc35e45005c.jpeg": {
    "app_sintetizada": "F9B292B7FB314D819B43C0FFC4FDC35E45005C.JPEG",
    "cantidad_archivos": 1,
    "archivos_fuente": [
      "Pictures/Fototeca de Fotos.photoslibrary/resources/derivatives/masters/F/F9B292B7-FB31-4D81-9B43-C0FFC4FDC35E_4_5005_c.jpeg"
    ],
    "ultima_modificacion": "2025-08-01 01:01:12.057293"
  },
  "fa888b738ea54cd4801e7567827d50b045005c.jpeg": {
    "app_sintetizada": "FA888B738EA54CD4801E7567827D50B045005C.JPEG",
    "cantidad_archivos": 1,
    "archivos_fuente": [
      "Pictures/Fototeca de Fotos.photoslibrary/resources/derivatives/masters/F/FA888B73-8EA5-4CD4-801E-7567827D50B0_4_5005_c.jpeg"
    ],
    "ultima_modificacion": "2025-08-01 01:01:12.058662"
  },
  "f93f7f2cf2de4e00b5fdf8e8e10687f545005c.jpeg": {
    "app_sintetizada": "F93F7F2CF2DE4E00B5FDF8E8E10687F545005C.JPEG",
    "cantidad_archivos": 1,
    "archivos_fuente": [
      "Pictures/Fototeca de Fotos.photoslibrary/resources/derivatives/masters/F/F93F7F2C-F2DE-4E00-B5FD-F8E8E10687F5_4_5005_c.jpeg"
    ],
    "ultima_modificacion": "2025-08-01 01:01:12.059662"
  },
  "f2bbcc3a6aed47199424ed383b988a9c45005c.jpeg": {
    "app_sintetizada": "F2BBCC3A6AED47199424ED383B988A9C45005C.JPEG",
    "cantidad_archivos": 1,
    "archivos_fuente": [
      "Pictures/Fototeca de Fotos.photoslibrary/resources/derivatives/masters/F/F2BBCC3A-6AED-4719-9424-ED383B988A9C_4_5005_c.jpeg"
    ],
    "ultima_modificacion": "2025-08-01 01:01:12.060825"
  },
  "ffe88e4c50484c9f972e43483f9523d845005c.jpeg": {
    "app_sintetizada": "FFE88E4C50484C9F972E43483F9523D845005C.JPEG",
    "cantidad_archivos": 1,
    "archivos_fuente": [
      "Pictures/Fototeca de Fotos.photoslibrary/resources/derivatives/masters/F/FFE88E4C-5048-4C9F-972E-43483F9523D8_4_5005_c.jpeg"
    ],
    "ultima_modificacion": "2025-08-01 01:01:12.061362"
  },
  "f1261253e7cd4e89abb20522526a6ea945005c.jpeg": {
    "app_sintetizada": "F1261253E7CD4E89ABB20522526A6EA945005C.JPEG",
    "cantidad_archivos": 1,
    "archivos_fuente": [
      "Pictures/Fototeca de Fotos.photoslibrary/resources/derivatives/masters/F/F1261253-E7CD-4E89-ABB2-0522526A6EA9_4_5005_c.jpeg"
    ],
    "ultima_modificacion": "2025-08-01 01:01:12.061762"
  },
  "fa6a985709b741da88f49a256b969fc445005c.jpeg": {
    "app_sintetizada": "FA6A985709B741DA88F49A256B969FC445005C.JPEG",
    "cantidad_archivos": 1,
    "archivos_fuente": [
      "Pictures/Fototeca de Fotos.photoslibrary/resources/derivatives/masters/F/FA6A9857-09B7-41DA-88F4-9A256B969FC4_4_5005_c.jpeg"
    ],
    "ultima_modificacion": "2025-08-01 01:01:12.062191"
  },
  "f09fa39ca587482493d8d919a69133aa45005c.jpeg": {
    "app_sintetizada": "F09FA39CA587482493D8D919A69133AA45005C.JPEG",
    "cantidad_archivos": 1,
    "archivos_fuente": [
      "Pictures/Fototeca de Fotos.photoslibrary/resources/derivatives/masters/F/F09FA39C-A587-4824-93D8-D919A69133AA_4_5005_c.jpeg"
    ],
    "ultima_modificacion": "2025-08-01 01:01:12.062509"
  },
  "f1b1f8e0406a4f52adeb59e413ab8a4345005c.jpeg": {
    "app_sintetizada": "F1B1F8E0406A4F52ADEB59E413AB8A4345005C.JPEG",
    "cantidad_archivos": 1,
    "archivos_fuente": [
      "Pictures/Fototeca de Fotos.photoslibrary/resources/derivatives/masters/F/F1B1F8E0-406A-4F52-ADEB-59E413AB8A43_4_5005_c.jpeg"
    ],
    "ultima_modificacion": "2025-08-01 01:01:12.062822"
  },
  "f07bce89af2d412eb3eafbf36d3bd07545005c.jpeg": {
    "app_sintetizada": "F07BCE89AF2D412EB3EAFBF36D3BD07545005C.JPEG",
    "cantidad_archivos": 1,
    "archivos_fuente": [
      "Pictures/Fototeca de Fotos.photoslibrary/resources/derivatives/masters/F/F07BCE89-AF2D-412E-B3EA-FBF36D3BD075_4_5005_c.jpeg"
    ],
    "ultima_modificacion": "2025-08-01 01:01:12.063186"
  },
  "f27e1166333842a492071a6ce1871d7145005c.jpeg": {
    "app_sintetizada": "F27E1166333842A492071A6CE1871D7145005C.JPEG",
    "cantidad_archivos": 1,
    "archivos_fuente": [
      "Pictures/Fototeca de Fotos.photoslibrary/resources/derivatives/masters/F/F27E1166-3338-42A4-9207-1A6CE1871D71_4_5005_c.jpeg"
    ],
    "ultima_modificacion": "2025-08-01 01:01:12.063480"
  },
  "f54d0b1a761b4bf0aab26a228598ed8145005c.jpeg": {
    "app_sintetizada": "F54D0B1A761B4BF0AAB26A228598ED8145005C.JPEG",
    "cantidad_archivos": 1,
    "archivos_fuente": [
      "Pictures/Fototeca de Fotos.photoslibrary/resources/derivatives/masters/F/F54D0B1A-761B-4BF0-AAB2-6A228598ED81_4_5005_c.jpeg"
    ],
    "ultima_modificacion": "2025-08-01 01:01:12.063719"
  },
  "f027ac38b4b14022a1477cd89d3adbb545005c.jpeg": {
    "app_sintetizada": "F027AC38B4B14022A1477CD89D3ADBB545005C.JPEG",
    "cantidad_archivos": 1,
    "archivos_fuente": [
      "Pictures/Fototeca de Fotos.photoslibrary/resources/derivatives/masters/F/F027AC38-B4B1-4022-A147-7CD89D3ADBB5_4_5005_c.jpeg"
    ],
    "ultima_modificacion": "2025-08-01 01:01:12.064012"
  },
  "f2322e80529a4191a80f5e2fd546e71f45005c.jpeg": {
    "app_sintetizada": "F2322E80529A4191A80F5E2FD546E71F45005C.JPEG",
    "cantidad_archivos": 1,
    "archivos_fuente": [
      "Pictures/Fototeca de Fotos.photoslibrary/resources/derivatives/masters/F/F2322E80-529A-4191-A80F-5E2FD546E71F_4_5005_c.jpeg"
    ],
    "ultima_modificacion": "2025-08-01 01:01:12.064262"
  },
  "f3ea7aa1e5f14fae983d78ec781b628a45005c.jpeg": {
    "app_sintetizada": "F3EA7AA1E5F14FAE983D78EC781B628A45005C.JPEG",
    "cantidad_archivos": 1,
    "archivos_fuente": [
      "Pictures/Fototeca de Fotos.photoslibrary/resources/derivatives/masters/F/F3EA7AA1-E5F1-4FAE-983D-78EC781B628A_4_5005_c.jpeg"
    ],
    "ultima_modificacion": "2025-08-01 01:01:12.064533"
  },
  "f69e8a3c28804e6cbe7c34001c34293545005c.jpeg": {
    "app_sintetizada": "F69E8A3C28804E6CBE7C34001C34293545005C.JPEG",
    "cantidad_archivos": 1,
    "archivos_fuente": [
      "Pictures/Fototeca de Fotos.photoslibrary/resources/derivatives/masters/F/F69E8A3C-2880-4E6C-BE7C-34001C342935_4_5005_c.jpeg"
    ],
    "ultima_modificacion": "2025-08-01 01:01:12.064822"
  },
  "fc61951e7c624a578ba0d52cf8b8160845005c.jpeg": {
    "app_sintetizada": "FC61951E7C624A578BA0D52CF8B8160845005C.JPEG",
    "cantidad_archivos": 1,
    "archivos_fuente": [
      "Pictures/Fototeca de Fotos.photoslibrary/resources/derivatives/masters/F/FC61951E-7C62-4A57-8BA0-D52CF8B81608_4_5005_c.jpeg"
    ],
    "ultima_modificacion": "2025-08-01 01:01:12.065070"
  },
  "f31baf64d22d4d0aba7767b8e185364f45005c.jpeg": {
    "app_sintetizada": "F31BAF64D22D4D0ABA7767B8E185364F45005C.JPEG",
    "cantidad_archivos": 1,
    "archivos_fuente": [
      "Pictures/Fototeca de Fotos.photoslibrary/resources/derivatives/masters/F/F31BAF64-D22D-4D0A-BA77-67B8E185364F_4_5005_c.jpeg"
    ],
    "ultima_modificacion": "2025-08-01 01:01:12.065332"
  },
  "f013ddaeed7542c084553ae9b4ded05645005c.jpeg": {
    "app_sintetizada": "F013DDAEED7542C084553AE9B4DED05645005C.JPEG",
    "cantidad_archivos": 1,
    "archivos_fuente": [
      "Pictures/Fototeca de Fotos.photoslibrary/resources/derivatives/masters/F/F013DDAE-ED75-42C0-8455-3AE9B4DED056_4_5005_c.jpeg"
    ],
    "ultima_modificacion": "2025-08-01 01:01:12.065579"
  },
  "f7d3088750b741588dc1b4e85ba4691145005c.jpeg": {
    "app_sintetizada": "F7D3088750B741588DC1B4E85BA4691145005C.JPEG",
    "cantidad_archivos": 1,
    "archivos_fuente": [
      "Pictures/Fototeca de Fotos.photoslibrary/resources/derivatives/masters/F/F7D30887-50B7-4158-8DC1-B4E85BA46911_4_5005_c.jpeg"
    ],
    "ultima_modificacion": "2025-08-01 01:01:12.065878"
  },
  "f19c2b8dae7a412c90e9ff9a9d74162d45005c.jpeg": {
    "app_sintetizada": "F19C2B8DAE7A412C90E9FF9A9D74162D45005C.JPEG",
    "cantidad_archivos": 1,
    "archivos_fuente": [
      "Pictures/Fototeca de Fotos.photoslibrary/resources/derivatives/masters/F/F19C2B8D-AE7A-412C-90E9-FF9A9D74162D_4_5005_c.jpeg"
    ],
    "ultima_modificacion": "2025-08-01 01:01:12.066221"
  },
  "f8147a2c98f44ffebd8cff4f1f392e7e45005c.jpeg": {
    "app_sintetizada": "F8147A2C98F44FFEBD8CFF4F1F392E7E45005C.JPEG",
    "cantidad_archivos": 1,
    "archivos_fuente": [
      "Pictures/Fototeca de Fotos.photoslibrary/resources/derivatives/masters/F/F8147A2C-98F4-4FFE-BD8C-FF4F1F392E7E_4_5005_c.jpeg"
    ],
    "ultima_modificacion": "2025-08-01 01:01:12.066539"
  },
  "f9cd2123c2da4b98848c772337df420945005c.jpeg": {
    "app_sintetizada": "F9CD2123C2DA4B98848C772337DF420945005C.JPEG",
    "cantidad_archivos": 1,
    "archivos_fuente": [
      "Pictures/Fototeca de Fotos.photoslibrary/resources/derivatives/masters/F/F9CD2123-C2DA-4B98-848C-772337DF4209_4_5005_c.jpeg"
    ],
    "ultima_modificacion": "2025-08-01 01:01:12.066814"
  },
  "ffb65988b6794da598915dda7bca583a45005c.jpeg": {
    "app_sintetizada": "FFB65988B6794DA598915DDA7BCA583A45005C.JPEG",
    "cantidad_archivos": 1,
    "archivos_fuente": [
      "Pictures/Fototeca de Fotos.photoslibrary/resources/derivatives/masters/F/FFB65988-B679-4DA5-9891-5DDA7BCA583A_4_5005_c.jpeg"
    ],
    "ultima_modificacion": "2025-08-01 01:01:12.067153"
  },
  "f13057221d7d48c78a0dcb750b33e99245005c.jpeg": {
    "app_sintetizada": "F13057221D7D48C78A0DCB750B33E99245005C.JPEG",
    "cantidad_archivos": 1,
    "archivos_fuente": [
      "Pictures/Fototeca de Fotos.photoslibrary/resources/derivatives/masters/F/F1305722-1D7D-48C7-8A0D-CB750B33E992_4_5005_c.jpeg"
    ],
    "ultima_modificacion": "2025-08-01 01:01:12.067475"
  },
  "fcb4f3f14f4b46de942997af4088c47245005c.jpeg": {
    "app_sintetizada": "FCB4F3F14F4B46DE942997AF4088C47245005C.JPEG",
    "cantidad_archivos": 1,
    "archivos_fuente": [
      "Pictures/Fototeca de Fotos.photoslibrary/resources/derivatives/masters/F/FCB4F3F1-4F4B-46DE-9429-97AF4088C472_4_5005_c.jpeg"
    ],
    "ultima_modificacion": "2025-08-01 01:01:12.067781"
  },
  "fd8aa596b1d941c4a71109c7d9c5b5b745005c.jpeg": {
    "app_sintetizada": "FD8AA596B1D941C4A71109C7D9C5B5B745005C.JPEG",
    "cantidad_archivos": 1,
    "archivos_fuente": [
      "Pictures/Fototeca de Fotos.photoslibrary/resources/derivatives/masters/F/FD8AA596-B1D9-41C4-A711-09C7D9C5B5B7_4_5005_c.jpeg"
    ],
    "ultima_modificacion": "2025-08-01 01:01:12.068103"
  }
}