{
  "a7710fd2a773472c8864537309d10f7745005c.jpeg": {
    "app_sintetizada": "A7710FD2A773472C8864537309D10F7745005C.JPEG",
    "cantidad_archivos": 1,
    "archivos_fuente": [
      "Pictures/Fototeca de Fotos.photoslibrary/resources/derivatives/masters/A/A7710FD2-A773-472C-8864-537309D10F77_4_5005_c.jpeg"
    ],
    "ultima_modificacion": "2025-08-01 01:01:11.568845"
  },
  "acb1bd47c23a4db183dacf7c2c5910b245005c.jpeg": {
    "app_sintetizada": "ACB1BD47C23A4DB183DACF7C2C5910B245005C.JPEG",
    "cantidad_archivos": 1,
    "archivos_fuente": [
      "Pictures/Fototeca de Fotos.photoslibrary/resources/derivatives/masters/A/ACB1BD47-C23A-4DB1-83DA-CF7C2C5910B2_4_5005_c.jpeg"
    ],
    "ultima_modificacion": "2025-08-01 01:01:11.569102"
  },
  "a3679a7605b24109b7acf4a90860a59b45005c.jpeg": {
    "app_sintetizada": "A3679A7605B24109B7ACF4A90860A59B45005C.JPEG",
    "cantidad_archivos": 1,
    "archivos_fuente": [
      "Pictures/Fototeca de Fotos.photoslibrary/resources/derivatives/masters/A/A3679A76-05B2-4109-B7AC-F4A90860A59B_4_5005_c.jpeg"
    ],
    "ultima_modificacion": "2025-08-01 01:01:11.569354"
  },
  "ae06fea3bb4d4807b8b2b39c5ac6c29345005c.jpeg": {
    "app_sintetizada": "AE06FEA3BB4D4807B8B2B39C5AC6C29345005C.JPEG",
    "cantidad_archivos": 1,
    "archivos_fuente": [
      "Pictures/Fototeca de Fotos.photoslibrary/resources/derivatives/masters/A/AE06FEA3-BB4D-4807-B8B2-B39C5AC6C293_4_5005_c.jpeg"
    ],
    "ultima_modificacion": "2025-08-01 01:01:11.569592"
  },
  "a91a62ba51e9432297306122c7b0c95a45005c.jpeg": {
    "app_sintetizada": "A91A62BA51E9432297306122C7B0C95A45005C.JPEG",
    "cantidad_archivos": 1,
    "archivos_fuente": [
      "Pictures/Fototeca de Fotos.photoslibrary/resources/derivatives/masters/A/A91A62BA-51E9-4322-9730-6122C7B0C95A_4_5005_c.jpeg"
    ],
    "ultima_modificacion": "2025-08-01 01:01:11.569851"
  },
  "a5db724da21440a8a48cbde1a4e2562d45005c.jpeg": {
    "app_sintetizada": "A5DB724DA21440A8A48CBDE1A4E2562D45005C.JPEG",
    "cantidad_archivos": 1,
    "archivos_fuente": [
      "Pictures/Fototeca de Fotos.photoslibrary/resources/derivatives/masters/A/A5DB724D-A214-40A8-A48C-BDE1A4E2562D_4_5005_c.jpeg"
    ],
    "ultima_modificacion": "2025-08-01 01:01:11.570129"
  },
  "ac287b014e7945dc9ee1e13197d04d2e45005c.jpeg": {
    "app_sintetizada": "AC287B014E7945DC9EE1E13197D04D2E45005C.JPEG",
    "cantidad_archivos": 1,
    "archivos_fuente": [
      "Pictures/Fototeca de Fotos.photoslibrary/resources/derivatives/masters/A/AC287B01-4E79-45DC-9EE1-E13197D04D2E_4_5005_c.jpeg"
    ],
    "ultima_modificacion": "2025-08-01 01:01:11.570358"
  },
  "a332cec56b5b41ff839bdb558c63435645005c.jpeg": {
    "app_sintetizada": "A332CEC56B5B41FF839BDB558C63435645005C.JPEG",
    "cantidad_archivos": 1,
    "archivos_fuente": [
      "Pictures/Fototeca de Fotos.photoslibrary/resources/derivatives/masters/A/A332CEC5-6B5B-41FF-839B-DB558C634356_4_5005_c.jpeg"
    ],
    "ultima_modificacion": "2025-08-01 01:01:11.570616"
  },
  "a6f0a92e682d4adf915fa22c8765649245005c.jpeg": {
    "app_sintetizada": "A6F0A92E682D4ADF915FA22C8765649245005C.JPEG",
    "cantidad_archivos": 1,
    "archivos_fuente": [
      "Pictures/Fototeca de Fotos.photoslibrary/resources/derivatives/masters/A/A6F0A92E-682D-4ADF-915F-A22C87656492_4_5005_c.jpeg"
    ],
    "ultima_modificacion": "2025-08-01 01:01:11.570908"
  },
  "ae8f46a98ffc48edbb9fbde8a3e47b4045005c.jpeg": {
    "app_sintetizada": "AE8F46A98FFC48EDBB9FBDE8A3E47B4045005C.JPEG",
    "cantidad_archivos": 1,
    "archivos_fuente": [
      "Pictures/Fototeca de Fotos.photoslibrary/resources/derivatives/masters/A/AE8F46A9-8FFC-48ED-BB9F-BDE8A3E47B40_4_5005_c.jpeg"
    ],
    "ultima_modificacion": "2025-08-01 01:01:11.571154"
  },
  "a472ec3d8a864ccf8fcdbd5848ffd34245005c.jpeg": {
    "app_sintetizada": "A472EC3D8A864CCF8FCDBD5848FFD34245005C.JPEG",
    "cantidad_archivos": 1,
    "archivos_fuente": [
      "Pictures/Fototeca de Fotos.photoslibrary/resources/derivatives/masters/A/A472EC3D-8A86-4CCF-8FCD-BD5848FFD342_4_5005_c.jpeg"
    ],
    "ultima_modificacion": "2025-08-01 01:01:11.571363"
  },
  "a72cd4b84d884462a60a4d9cbd4762e645005c.jpeg": {
    "app_sintetizada": "A72CD4B84D884462A60A4D9CBD4762E645005C.JPEG",
    "cantidad_archivos": 1,
    "archivos_fuente": [
      "Pictures/Fototeca de Fotos.photoslibrary/resources/derivatives/masters/A/A72CD4B8-4D88-4462-A60A-4D9CBD4762E6_4_5005_c.jpeg"
    ],
    "ultima_modificacion": "2025-08-01 01:01:11.571596"
  },
  "a58a3db532574a10afba68f729f0df2645005c.jpeg": {
    "app_sintetizada": "A58A3DB532574A10AFBA68F729F0DF2645005C.JPEG",
    "cantidad_archivos": 1,
    "archivos_fuente": [
      "Pictures/Fototeca de Fotos.photoslibrary/resources/derivatives/masters/A/A58A3DB5-3257-4A10-AFBA-68F729F0DF26_4_5005_c.jpeg"
    ],
    "ultima_modificacion": "2025-08-01 01:01:11.571807"
  },
  "ae92cb4dcb8148b18a1957cd4f2c130645005c.jpeg": {
    "app_sintetizada": "AE92CB4DCB8148B18A1957CD4F2C130645005C.JPEG",
    "cantidad_archivos": 1,
    "archivos_fuente": [
      "Pictures/Fototeca de Fotos.photoslibrary/resources/derivatives/masters/A/AE92CB4D-CB81-48B1-8A19-57CD4F2C1306_4_5005_c.jpeg"
    ],
    "ultima_modificacion": "2025-08-01 01:01:11.572030"
  },
  "adcc45240da241ed8b32f92dad87b32a45005c.jpeg": {
    "app_sintetizada": "ADCC45240DA241ED8B32F92DAD87B32A45005C.JPEG",
    "cantidad_archivos": 1,
    "archivos_fuente": [
      "Pictures/Fototeca de Fotos.photoslibrary/resources/derivatives/masters/A/ADCC4524-0DA2-41ED-8B32-F92DAD87B32A_4_5005_c.jpeg"
    ],
    "ultima_modificacion": "2025-08-01 01:01:11.572265"
  },
  "ae06c60cfcad405787d65fb558df507345005c.jpeg": {
    "app_sintetizada": "AE06C60CFCAD405787D65FB558DF507345005C.JPEG",
    "cantidad_archivos": 1,
    "archivos_fuente": [
      "Pictures/Fototeca de Fotos.photoslibrary/resources/derivatives/masters/A/AE06C60C-FCAD-4057-87D6-5FB558DF5073_4_5005_c.jpeg"
    ],
    "ultima_modificacion": "2025-08-01 01:01:11.572486"
  },
  "ae5c48d61f9b48fc96e7c7e57ef83ce545005c.jpeg": {
    "app_sintetizada": "AE5C48D61F9B48FC96E7C7E57EF83CE545005C.JPEG",
    "cantidad_archivos": 1,
    "archivos_fuente": [
      "Pictures/Fototeca de Fotos.photoslibrary/resources/derivatives/masters/A/AE5C48D6-1F9B-48FC-96E7-C7E57EF83CE5_4_5005_c.jpeg"
    ],
    "ultima_modificacion": "2025-08-01 01:01:11.572797"
  },
  "a92ca70ae3d5462d89191a9fd70beed645005c.jpeg": {
    "app_sintetizada": "A92CA70AE3D5462D89191A9FD70BEED645005C.JPEG",
    "cantidad_archivos": 1,
    "archivos_fuente": [
      "Pictures/Fototeca de Fotos.photoslibrary/resources/derivatives/masters/A/A92CA70A-E3D5-462D-8919-1A9FD70BEED6_4_5005_c.jpeg"
    ],
    "ultima_modificacion": "2025-08-01 01:01:11.573107"
  },
  "a1143c000d5d4ec58fce6e2390ef2d3545005c.jpeg": {
    "app_sintetizada": "A1143C000D5D4EC58FCE6E2390EF2D3545005C.JPEG",
    "cantidad_archivos": 1,
    "archivos_fuente": [
      "Pictures/Fototeca de Fotos.photoslibrary/resources/derivatives/masters/A/A1143C00-0D5D-4EC5-8FCE-6E2390EF2D35_4_5005_c.jpeg"
    ],
    "ultima_modificacion": "2025-08-01 01:01:11.573349"
  },
  "a0a561bfa97843f98b8c38ca2b2804b045005c.jpeg": {
    "app_sintetizada": "A0A561BFA97843F98B8C38CA2B2804B045005C.JPEG",
    "cantidad_archivos": 1,
    "archivos_fuente": [
      "Pictures/Fototeca de Fotos.photoslibrary/resources/derivatives/masters/A/A0A561BF-A978-43F9-8B8C-38CA2B2804B0_4_5005_c.jpeg"
    ],
    "ultima_modificacion": "2025-08-01 01:01:11.573589"
  },
  "aed0bb70c9234f76aaa55b3ccdeeb9d045005c.jpeg": {
    "app_sintetizada": "AED0BB70C9234F76AAA55B3CCDEEB9D045005C.JPEG",
    "cantidad_archivos": 1,
    "archivos_fuente": [
      "Pictures/Fototeca de Fotos.photoslibrary/resources/derivatives/masters/A/AED0BB70-C923-4F76-AAA5-5B3CCDEEB9D0_4_5005_c.jpeg"
    ],
    "ultima_modificacion": "2025-08-01 01:01:11.573845"
  },
  "a10cfda785084fdbbd3a6460c8ce360d45005c.jpeg": {
    "app_sintetizada": "A10CFDA785084FDBBD3A6460C8CE360D45005C.JPEG",
    "cantidad_archivos": 1,
    "archivos_fuente": [
      "Pictures/Fototeca de Fotos.photoslibrary/resources/derivatives/masters/A/A10CFDA7-8508-4FDB-BD3A-6460C8CE360D_4_5005_c.jpeg"
    ],
    "ultima_modificacion": "2025-08-01 01:01:11.574110"
  },
  "a160ce6c98844ee89a0cdf1e558b0eee45005c.jpeg": {
    "app_sintetizada": "A160CE6C98844EE89A0CDF1E558B0EEE45005C.JPEG",
    "cantidad_archivos": 1,
    "archivos_fuente": [
      "Pictures/Fototeca de Fotos.photoslibrary/resources/derivatives/masters/A/A160CE6C-9884-4EE8-9A0C-DF1E558B0EEE_4_5005_c.jpeg"
    ],
    "ultima_modificacion": "2025-08-01 01:01:11.574321"
  },
  "a27a6c66526940bf8c639e74352eb98045005c.jpeg": {
    "app_sintetizada": "A27A6C66526940BF8C639E74352EB98045005C.JPEG",
    "cantidad_archivos": 1,
    "archivos_fuente": [
      "Pictures/Fototeca de Fotos.photoslibrary/resources/derivatives/masters/A/A27A6C66-5269-40BF-8C63-9E74352EB980_4_5005_c.jpeg"
    ],
    "ultima_modificacion": "2025-08-01 01:01:11.574519"
  },
  "abb9f28c497240d8bfc6327cc005bb1545005c.jpeg": {
    "app_sintetizada": "ABB9F28C497240D8BFC6327CC005BB1545005C.JPEG",
    "cantidad_archivos": 1,
    "archivos_fuente": [
      "Pictures/Fototeca de Fotos.photoslibrary/resources/derivatives/masters/A/ABB9F28C-4972-40D8-BFC6-327CC005BB15_4_5005_c.jpeg"
    ],
    "ultima_modificacion": "2025-08-01 01:01:11.574706"
  },
  "aefc2bddd97b4c52a07e9c6dfbe1f54b45005c.jpeg": {
    "app_sintetizada": "AEFC2BDDD97B4C52A07E9C6DFBE1F54B45005C.JPEG",
    "cantidad_archivos": 1,
    "archivos_fuente": [
      "Pictures/Fototeca de Fotos.photoslibrary/resources/derivatives/masters/A/AEFC2BDD-D97B-4C52-A07E-9C6DFBE1F54B_4_5005_c.jpeg"
    ],
    "ultima_modificacion": "2025-08-01 01:01:11.574896"
  },
  "a3935f6bdf9d44ab812f71d27a211e8e45005c.jpeg": {
    "app_sintetizada": "A3935F6BDF9D44AB812F71D27A211E8E45005C.JPEG",
    "cantidad_archivos": 1,
    "archivos_fuente": [
      "Pictures/Fototeca de Fotos.photoslibrary/resources/derivatives/masters/A/A3935F6B-DF9D-44AB-812F-71D27A211E8E_4_5005_c.jpeg"
    ],
    "ultima_modificacion": "2025-08-01 01:01:11.575146"
  },
  "aa23f27236234be5b47a7b1e4611f28345005c.jpeg": {
    "app_sintetizada": "AA23F27236234BE5B47A7B1E4611F28345005C.JPEG",
    "cantidad_archivos": 1,
    "archivos_fuente": [
      "Pictures/Fototeca de Fotos.photoslibrary/resources/derivatives/masters/A/AA23F272-3623-4BE5-B47A-7B1E4611F283_4_5005_c.jpeg"
    ],
    "ultima_modificacion": "2025-08-01 01:01:11.575516"
  },
  "af81daa5576e48c7a7c5a9be29c9ef1145005c.jpeg": {
    "app_sintetizada": "AF81DAA5576E48C7A7C5A9BE29C9EF1145005C.JPEG",
    "cantidad_archivos": 1,
    "archivos_fuente": [
      "Pictures/Fototeca de Fotos.photoslibrary/resources/derivatives/masters/A/AF81DAA5-576E-48C7-A7C5-A9BE29C9EF11_4_5005_c.jpeg"
    ],
    "ultima_modificacion": "2025-08-01 01:01:11.575817"
  },
  "a2666e67455c4bcaa407fe08cfdc91e345005c.jpeg": {
    "app_sintetizada": "A2666E67455C4BCAA407FE08CFDC91E345005C.JPEG",
    "cantidad_archivos": 1,
    "archivos_fuente": [
      "Pictures/Fototeca de Fotos.photoslibrary/resources/derivatives/masters/A/A2666E67-455C-4BCA-A407-FE08CFDC91E3_4_5005_c.jpeg"
    ],
    "ultima_modificacion": "2025-08-01 01:01:11.576116"
  },
  "a12d7d3cbb674d49a8df4534a39f30e345005c.jpeg": {
    "app_sintetizada": "A12D7D3CBB674D49A8DF4534A39F30E345005C.JPEG",
    "cantidad_archivos": 1,
    "archivos_fuente": [
      "Pictures/Fototeca de Fotos.photoslibrary/resources/derivatives/masters/A/A12D7D3C-BB67-4D49-A8DF-4534A39F30E3_4_5005_c.jpeg"
    ],
    "ultima_modificacion": "2025-08-01 01:01:11.576379"
  },
  "a6cd60ecc15043f59f5196db04b0c12a45005c.jpeg": {
    "app_sintetizada": "A6CD60ECC15043F59F5196DB04B0C12A45005C.JPEG",
    "cantidad_archivos": 1,
    "archivos_fuente": [
      "Pictures/Fototeca de Fotos.photoslibrary/resources/derivatives/masters/A/A6CD60EC-C150-43F5-9F51-96DB04B0C12A_4_5005_c.jpeg"
    ],
    "ultima_modificacion": "2025-08-01 01:01:11.576613"
  },
  "a93ef16f783549d8801db00a4911130b45005c.jpeg": {
    "app_sintetizada": "A93EF16F783549D8801DB00A4911130B45005C.JPEG",
    "cantidad_archivos": 1,
    "archivos_fuente": [
      "Pictures/Fototeca de Fotos.photoslibrary/resources/derivatives/masters/A/A93EF16F-7835-49D8-801D-B00A4911130B_4_5005_c.jpeg"
    ],
    "ultima_modificacion": "2025-08-01 01:01:11.576833"
  },
  "a1127e79031a432eaafc8f80dbd1588245005c.jpeg": {
    "app_sintetizada": "A1127E79031A432EAAFC8F80DBD1588245005C.JPEG",
    "cantidad_archivos": 1,
    "archivos_fuente": [
      "Pictures/Fototeca de Fotos.photoslibrary/resources/derivatives/masters/A/A1127E79-031A-432E-AAFC-8F80DBD15882_4_5005_c.jpeg"
    ],
    "ultima_modificacion": "2025-08-01 01:01:11.577052"
  },
  "a00fc87fa3504fae8f7f19a8d318db3f45005c.jpeg": {
    "app_sintetizada": "A00FC87FA3504FAE8F7F19A8D318DB3F45005C.JPEG",
    "cantidad_archivos": 1,
    "archivos_fuente": [
      "Pictures/Fototeca de Fotos.photoslibrary/resources/derivatives/masters/A/A00FC87F-A350-4FAE-8F7F-19A8D318DB3F_4_5005_c.jpeg"
    ],
    "ultima_modificacion": "2025-08-01 01:01:11.577356"
  },
  "a3650fd61dd7427faaa4bae80822a00845005c.jpeg": {
    "app_sintetizada": "A3650FD61DD7427FAAA4BAE80822A00845005C.JPEG",
    "cantidad_archivos": 1,
    "archivos_fuente": [
      "Pictures/Fototeca de Fotos.photoslibrary/resources/derivatives/masters/A/A3650FD6-1DD7-427F-AAA4-BAE80822A008_4_5005_c.jpeg"
    ],
    "ultima_modificacion": "2025-08-01 01:01:11.577601"
  },
  "a314f11c75cf43148a751a2fdab6107d45005c.jpeg": {
    "app_sintetizada": "A314F11C75CF43148A751A2FDAB6107D45005C.JPEG",
    "cantidad_archivos": 1,
    "archivos_fuente": [
      "Pictures/Fototeca de Fotos.photoslibrary/resources/derivatives/masters/A/A314F11C-75CF-4314-8A75-1A2FDAB6107D_4_5005_c.jpeg"
    ],
    "ultima_modificacion": "2025-08-01 01:01:11.577938"
  },
  "a7b212187b1f42e4869cc3eb30eb2c0745005c.jpeg": {
    "app_sintetizada": "A7B212187B1F42E4869CC3EB30EB2C0745005C.JPEG",
    "cantidad_archivos": 1,
    "archivos_fuente": [
      "Pictures/Fototeca de Fotos.photoslibrary/resources/derivatives/masters/A/A7B21218-7B1F-42E4-869C-C3EB30EB2C07_4_5005_c.jpeg"
    ],
    "ultima_modificacion": "2025-08-01 01:01:11.578203"
  },
  "aa000b0ae47e43d7b5ffbc9a17caf88745005c.jpeg": {
    "app_sintetizada": "AA000B0AE47E43D7B5FFBC9A17CAF88745005C.JPEG",
    "cantidad_archivos": 1,
    "archivos_fuente": [
      "Pictures/Fototeca de Fotos.photoslibrary/resources/derivatives/masters/A/AA000B0A-E47E-43D7-B5FF-BC9A17CAF887_4_5005_c.jpeg"
    ],
    "ultima_modificacion": "2025-08-01 01:01:11.578447"
  },
  "aed15e77df8a48e19d818db2dcc8623645005c.jpeg": {
    "app_sintetizada": "AED15E77DF8A48E19D818DB2DCC8623645005C.JPEG",
    "cantidad_archivos": 1,
    "archivos_fuente": [
      "Pictures/Fototeca de Fotos.photoslibrary/resources/derivatives/masters/A/AED15E77-DF8A-48E1-9D81-8DB2DCC86236_4_5005_c.jpeg"
    ],
    "ultima_modificacion": "2025-08-01 01:01:11.578697"
  },
  "a8e546c57e18499eaa8e08d5a59d470f45005c.jpeg": {
    "app_sintetizada": "A8E546C57E18499EAA8E08D5A59D470F45005C.JPEG",
    "cantidad_archivos": 1,
    "archivos_fuente": [
      "Pictures/Fototeca de Fotos.photoslibrary/resources/derivatives/masters/A/A8E546C5-7E18-499E-AA8E-08D5A59D470F_4_5005_c.jpeg"
    ],
    "ultima_modificacion": "2025-08-01 01:01:11.578960"
  },
  "ae947adf4e8e4490b3454e99af74f33d45005c.jpeg": {
    "app_sintetizada": "AE947ADF4E8E4490B3454E99AF74F33D45005C.JPEG",
    "cantidad_archivos": 1,
    "archivos_fuente": [
      "Pictures/Fototeca de Fotos.photoslibrary/resources/derivatives/masters/A/AE947ADF-4E8E-4490-B345-4E99AF74F33D_4_5005_c.jpeg"
    ],
    "ultima_modificacion": "2025-08-01 01:01:11.579250"
  },
  "a6093a91de7541fabe4fc9a25e1cda5545005c.jpeg": {
    "app_sintetizada": "A6093A91DE7541FABE4FC9A25E1CDA5545005C.JPEG",
    "cantidad_archivos": 1,
    "archivos_fuente": [
      "Pictures/Fototeca de Fotos.photoslibrary/resources/derivatives/masters/A/A6093A91-DE75-41FA-BE4F-C9A25E1CDA55_4_5005_c.jpeg"
    ],
    "ultima_modificacion": "2025-08-01 01:01:11.579536"
  },
  "a7550ddbe3bb4847af40bcd5bd63f67b45005c.jpeg": {
    "app_sintetizada": "A7550DDBE3BB4847AF40BCD5BD63F67B45005C.JPEG",
    "cantidad_archivos": 1,
    "archivos_fuente": [
      "Pictures/Fototeca de Fotos.photoslibrary/resources/derivatives/masters/A/A7550DDB-E3BB-4847-AF40-BCD5BD63F67B_4_5005_c.jpeg"
    ],
    "ultima_modificacion": "2025-08-01 01:01:11.579900"
  },
  "ac227b8114e2416eb48111f447428b7e45005c.jpeg": {
    "app_sintetizada": "AC227B8114E2416EB48111F447428B7E45005C.JPEG",
    "cantidad_archivos": 1,
    "archivos_fuente": [
      "Pictures/Fototeca de Fotos.photoslibrary/resources/derivatives/masters/A/AC227B81-14E2-416E-B481-11F447428B7E_4_5005_c.jpeg"
    ],
    "ultima_modificacion": "2025-08-01 01:01:11.580142"
  },
  "a42fd77b05d8413791c5c256c9f7273645005c.jpeg": {
    "app_sintetizada": "A42FD77B05D8413791C5C256C9F7273645005C.JPEG",
    "cantidad_archivos": 1,
    "archivos_fuente": [
      "Pictures/Fototeca de Fotos.photoslibrary/resources/derivatives/masters/A/A42FD77B-05D8-4137-91C5-C256C9F72736_4_5005_c.jpeg"
    ],
    "ultima_modificacion": "2025-08-01 01:01:11.580378"
  },
  "ae48c649fd214be7925cf44d016dbed945005c.jpeg": {
    "app_sintetizada": "AE48C649FD214BE7925CF44D016DBED945005C.JPEG",
    "cantidad_archivos": 1,
    "archivos_fuente": [
      "Pictures/Fototeca de Fotos.photoslibrary/resources/derivatives/masters/A/AE48C649-FD21-4BE7-925C-F44D016DBED9_4_5005_c.jpeg"
    ],
    "ultima_modificacion": "2025-08-01 01:01:11.580680"
  },
  "a1d395f6a2564d84b98439751a0dcb4045005c.jpeg": {
    "app_sintetizada": "A1D395F6A2564D84B98439751A0DCB4045005C.JPEG",
    "cantidad_archivos": 1,
    "archivos_fuente": [
      "Pictures/Fototeca de Fotos.photoslibrary/resources/derivatives/masters/A/A1D395F6-A256-4D84-B984-39751A0DCB40_4_5005_c.jpeg"
    ],
    "ultima_modificacion": "2025-08-01 01:01:11.580957"
  },
  "a3ed8557ae0a43c7a46d755e1f71561c45005c.jpeg": {
    "app_sintetizada": "A3ED8557AE0A43C7A46D755E1F71561C45005C.JPEG",
    "cantidad_archivos": 1,
    "archivos_fuente": [
      "Pictures/Fototeca de Fotos.photoslibrary/resources/derivatives/masters/A/A3ED8557-AE0A-43C7-A46D-755E1F71561C_4_5005_c.jpeg"
    ],
    "ultima_modificacion": "2025-08-01 01:01:11.581200"
  },
  "a2a567d881f74103b3f3d7c859a4033c45005c.jpeg": {
    "app_sintetizada": "A2A567D881F74103B3F3D7C859A4033C45005C.JPEG",
    "cantidad_archivos": 1,
    "archivos_fuente": [
      "Pictures/Fototeca de Fotos.photoslibrary/resources/derivatives/masters/A/A2A567D8-81F7-4103-B3F3-D7C859A4033C_4_5005_c.jpeg"
    ],
    "ultima_modificacion": "2025-08-01 01:01:11.581419"
  },
  "a70a15fc17b54190bc2ceda7c68f16a245005c.jpeg": {
    "app_sintetizada": "A70A15FC17B54190BC2CEDA7C68F16A245005C.JPEG",
    "cantidad_archivos": 1,
    "archivos_fuente": [
      "Pictures/Fototeca de Fotos.photoslibrary/resources/derivatives/masters/A/A70A15FC-17B5-4190-BC2C-EDA7C68F16A2_4_5005_c.jpeg"
    ],
    "ultima_modificacion": "2025-08-01 01:01:11.581639"
  },
  "afe2133c521d458ea42662b1bd85dbc045005c.jpeg": {
    "app_sintetizada": "AFE2133C521D458EA42662B1BD85DBC045005C.JPEG",
    "cantidad_archivos": 1,
    "archivos_fuente": [
      "Pictures/Fototeca de Fotos.photoslibrary/resources/derivatives/masters/A/AFE2133C-521D-458E-A426-62B1BD85DBC0_4_5005_c.jpeg"
    ],
    "ultima_modificacion": "2025-08-01 01:01:11.581901"
  },
  "ac0dde69141a4efa9485d9b65e106e5745005c.jpeg": {
    "app_sintetizada": "AC0DDE69141A4EFA9485D9B65E106E5745005C.JPEG",
    "cantidad_archivos": 1,
    "archivos_fuente": [
      "Pictures/Fototeca de Fotos.photoslibrary/resources/derivatives/masters/A/AC0DDE69-141A-4EFA-9485-D9B65E106E57_4_5005_c.jpeg"
    ],
    "ultima_modificacion": "2025-08-01 01:01:11.582121"
  },
  "a026f0df1e55421ea1a299bfb3811ac245005c.jpeg": {
    "app_sintetizada": "A026F0DF1E55421EA1A299BFB3811AC245005C.JPEG",
    "cantidad_archivos": 1,
    "archivos_fuente": [
      "Pictures/Fototeca de Fotos.photoslibrary/resources/derivatives/masters/A/A026F0DF-1E55-421E-A1A2-99BFB3811AC2_4_5005_c.jpeg"
    ],
    "ultima_modificacion": "2025-08-01 01:01:11.582318"
  },
  "ad1836ab48f1464db824b1e0424be0f745005c.jpeg": {
    "app_sintetizada": "AD1836AB48F1464DB824B1E0424BE0F745005C.JPEG",
    "cantidad_archivos": 1,
    "archivos_fuente": [
      "Pictures/Fototeca de Fotos.photoslibrary/resources/derivatives/masters/A/AD1836AB-48F1-464D-B824-B1E0424BE0F7_4_5005_c.jpeg"
    ],
    "ultima_modificacion": "2025-08-01 01:01:11.582505"
  },
  "aa3cf2959ca54f4a93d14aa47064072045005c.jpeg": {
    "app_sintetizada": "AA3CF2959CA54F4A93D14AA47064072045005C.JPEG",
    "cantidad_archivos": 1,
    "archivos_fuente": [
      "Pictures/Fototeca de Fotos.photoslibrary/resources/derivatives/masters/A/AA3CF295-9CA5-4F4A-93D1-4AA470640720_4_5005_c.jpeg"
    ],
    "ultima_modificacion": "2025-08-01 01:01:11.582683"
  },
  "a900e896dc3d4045bb30083ba29cad7e45005c.jpeg": {
    "app_sintetizada": "A900E896DC3D4045BB30083BA29CAD7E45005C.JPEG",
    "cantidad_archivos": 1,
    "archivos_fuente": [
      "Pictures/Fototeca de Fotos.photoslibrary/resources/derivatives/masters/A/A900E896-DC3D-4045-BB30-083BA29CAD7E_4_5005_c.jpeg"
    ],
    "ultima_modificacion": "2025-08-01 01:01:11.582860"
  },
  "ad228b208a324b48856614cc1942227845005c.jpeg": {
    "app_sintetizada": "AD228B208A324B48856614CC1942227845005C.JPEG",
    "cantidad_archivos": 1,
    "archivos_fuente": [
      "Pictures/Fototeca de Fotos.photoslibrary/resources/derivatives/masters/A/AD228B20-8A32-4B48-8566-14CC19422278_4_5005_c.jpeg"
    ],
    "ultima_modificacion": "2025-08-01 01:01:11.583061"
  },
  "af8732082892444f9ad1ae8e6bac9d3745005c.jpeg": {
    "app_sintetizada": "AF8732082892444F9AD1AE8E6BAC9D3745005C.JPEG",
    "cantidad_archivos": 1,
    "archivos_fuente": [
      "Pictures/Fototeca de Fotos.photoslibrary/resources/derivatives/masters/A/AF873208-2892-444F-9AD1-AE8E6BAC9D37_4_5005_c.jpeg"
    ],
    "ultima_modificacion": "2025-08-01 01:01:11.583254"
  },
  "a603214574a2447cb3df15df7a3e2c4945005c.jpeg": {
    "app_sintetizada": "A603214574A2447CB3DF15DF7A3E2C4945005C.JPEG",
    "cantidad_archivos": 1,
    "archivos_fuente": [
      "Pictures/Fototeca de Fotos.photoslibrary/resources/derivatives/masters/A/A6032145-74A2-447C-B3DF-15DF7A3E2C49_4_5005_c.jpeg"
    ],
    "ultima_modificacion": "2025-08-01 01:01:11.583500"
  },
  "aff25d883b1345d48c599beddfba346345005c.jpeg": {
    "app_sintetizada": "AFF25D883B1345D48C599BEDDFBA346345005C.JPEG",
    "cantidad_archivos": 1,
    "archivos_fuente": [
      "Pictures/Fototeca de Fotos.photoslibrary/resources/derivatives/masters/A/AFF25D88-3B13-45D4-8C59-9BEDDFBA3463_4_5005_c.jpeg"
    ],
    "ultima_modificacion": "2025-08-01 01:01:11.583780"
  },
  "ac6316b694f44430854e7b4f16c8df6145005c.jpeg": {
    "app_sintetizada": "AC6316B694F44430854E7B4F16C8DF6145005C.JPEG",
    "cantidad_archivos": 1,
    "archivos_fuente": [
      "Pictures/Fototeca de Fotos.photoslibrary/resources/derivatives/masters/A/AC6316B6-94F4-4430-854E-7B4F16C8DF61_4_5005_c.jpeg"
    ],
    "ultima_modificacion": "2025-08-01 01:01:11.584007"
  },
  "ac8715196c8646ceb55e66f5a680422145005c.jpeg": {
    "app_sintetizada": "AC8715196C8646CEB55E66F5A680422145005C.JPEG",
    "cantidad_archivos": 1,
    "archivos_fuente": [
      "Pictures/Fototeca de Fotos.photoslibrary/resources/derivatives/masters/A/AC871519-6C86-46CE-B55E-66F5A6804221_4_5005_c.jpeg"
    ],
    "ultima_modificacion": "2025-08-01 01:01:11.584231"
  },
  "a0c1ac1e64194d979db0b59e4a5a6ca245005c.jpeg": {
    "app_sintetizada": "A0C1AC1E64194D979DB0B59E4A5A6CA245005C.JPEG",
    "cantidad_archivos": 1,
    "archivos_fuente": [
      "Pictures/Fototeca de Fotos.photoslibrary/resources/derivatives/masters/A/A0C1AC1E-6419-4D97-9DB0-B59E4A5A6CA2_4_5005_c.jpeg"
    ],
    "ultima_modificacion": "2025-08-01 01:01:11.584438"
  },
  "af580633f9444a34a3173ead7354cdf645005c.jpeg": {
    "app_sintetizada": "AF580633F9444A34A3173EAD7354CDF645005C.JPEG",
    "cantidad_archivos": 1,
    "archivos_fuente": [
      "Pictures/Fototeca de Fotos.photoslibrary/resources/derivatives/masters/A/AF580633-F944-4A34-A317-3EAD7354CDF6_4_5005_c.jpeg"
    ],
    "ultima_modificacion": "2025-08-01 01:01:11.584665"
  },
  "af1354a53d10456f8c7a55502aed98c745005c.jpeg": {
    "app_sintetizada": "AF1354A53D10456F8C7A55502AED98C745005C.JPEG",
    "cantidad_archivos": 1,
    "archivos_fuente": [
      "Pictures/Fototeca de Fotos.photoslibrary/resources/derivatives/masters/A/AF1354A5-3D10-456F-8C7A-55502AED98C7_4_5005_c.jpeg"
    ],
    "ultima_modificacion": "2025-08-01 01:01:11.584937"
  },
  "a75a354c1df74a6b82f74f395034127545005c.jpeg": {
    "app_sintetizada": "A75A354C1DF74A6B82F74F395034127545005C.JPEG",
    "cantidad_archivos": 1,
    "archivos_fuente": [
      "Pictures/Fototeca de Fotos.photoslibrary/resources/derivatives/masters/A/A75A354C-1DF7-4A6B-82F7-4F3950341275_4_5005_c.jpeg"
    ],
    "ultima_modificacion": "2025-08-01 01:01:11.585125"
  },
  "a9313edee388479eb0b3452b1fb7399245005c.jpeg": {
    "app_sintetizada": "A9313EDEE388479EB0B3452B1FB7399245005C.JPEG",
    "cantidad_archivos": 1,
    "archivos_fuente": [
      "Pictures/Fototeca de Fotos.photoslibrary/resources/derivatives/masters/A/A9313EDE-E388-479E-B0B3-452B1FB73992_4_5005_c.jpeg"
    ],
    "ultima_modificacion": "2025-08-01 01:01:11.585319"
  },
  "a4158e04e19c4bd784f8dbb6a5e3768045005c.jpeg": {
    "app_sintetizada": "A4158E04E19C4BD784F8DBB6A5E3768045005C.JPEG",
    "cantidad_archivos": 1,
    "archivos_fuente": [
      "Pictures/Fototeca de Fotos.photoslibrary/resources/derivatives/masters/A/A4158E04-E19C-4BD7-84F8-DBB6A5E37680_4_5005_c.jpeg"
    ],
    "ultima_modificacion": "2025-08-01 01:01:11.585500"
  },
  "a1a163ec03544e76be6e4758a68a6c7a45005c.jpeg": {
    "app_sintetizada": "A1A163EC03544E76BE6E4758A68A6C7A45005C.JPEG",
    "cantidad_archivos": 1,
    "archivos_fuente": [
      "Pictures/Fototeca de Fotos.photoslibrary/resources/derivatives/masters/A/A1A163EC-0354-4E76-BE6E-4758A68A6C7A_4_5005_c.jpeg"
    ],
    "ultima_modificacion": "2025-08-01 01:01:11.585688"
  },
  "aba34db9513947c284be36abfcb627d145005c.jpeg": {
    "app_sintetizada": "ABA34DB9513947C284BE36ABFCB627D145005C.JPEG",
    "cantidad_archivos": 1,
    "archivos_fuente": [
      "Pictures/Fototeca de Fotos.photoslibrary/resources/derivatives/masters/A/ABA34DB9-5139-47C2-84BE-36ABFCB627D1_4_5005_c.jpeg"
    ],
    "ultima_modificacion": "2025-08-01 01:01:11.585873"
  },
  "a7bcb512cbf6416e829736f5719f177245005c.jpeg": {
    "app_sintetizada": "A7BCB512CBF6416E829736F5719F177245005C.JPEG",
    "cantidad_archivos": 1,
    "archivos_fuente": [
      "Pictures/Fototeca de Fotos.photoslibrary/resources/derivatives/masters/A/A7BCB512-CBF6-416E-8297-36F5719F1772_4_5005_c.jpeg"
    ],
    "ultima_modificacion": "2025-08-01 01:01:11.586292"
  },
  "a364acfcbbc64a67a25461364f7c17cb45005c.jpeg": {
    "app_sintetizada": "A364ACFCBBC64A67A25461364F7C17CB45005C.JPEG",
    "cantidad_archivos": 1,
    "archivos_fuente": [
      "Pictures/Fototeca de Fotos.photoslibrary/resources/derivatives/masters/A/A364ACFC-BBC6-4A67-A254-61364F7C17CB_4_5005_c.jpeg"
    ],
    "ultima_modificacion": "2025-08-01 01:01:11.586904"
  },
  "ac09a13ef84f44e5baff720eca397cea45005c.jpeg": {
    "app_sintetizada": "AC09A13EF84F44E5BAFF720ECA397CEA45005C.JPEG",
    "cantidad_archivos": 1,
    "archivos_fuente": [
      "Pictures/Fototeca de Fotos.photoslibrary/resources/derivatives/masters/A/AC09A13E-F84F-44E5-BAFF-720ECA397CEA_4_5005_c.jpeg"
    ],
    "ultima_modificacion": "2025-08-01 01:01:11.587218"
  },
  "a1fc2ec75f3f46eead7d4d89a511494145005c.jpeg": {
    "app_sintetizada": "A1FC2EC75F3F46EEAD7D4D89A511494145005C.JPEG",
    "cantidad_archivos": 1,
    "archivos_fuente": [
      "Pictures/Fototeca de Fotos.photoslibrary/resources/derivatives/masters/A/A1FC2EC7-5F3F-46EE-AD7D-4D89A5114941_4_5005_c.jpeg"
    ],
    "ultima_modificacion": "2025-08-01 01:01:11.587562"
  },
  "a6f4ce7aab704a55a429c56023cf1eb145005c.jpeg": {
    "app_sintetizada": "A6F4CE7AAB704A55A429C56023CF1EB145005C.JPEG",
    "cantidad_archivos": 1,
    "archivos_fuente": [
      "Pictures/Fototeca de Fotos.photoslibrary/resources/derivatives/masters/A/A6F4CE7A-AB70-4A55-A429-C56023CF1EB1_4_5005_c.jpeg"
    ],
    "ultima_modificacion": "2025-08-01 01:01:11.587894"
  },
  "ac9f1babe6714e3391fd6cd95627550a45005c.jpeg": {
    "app_sintetizada": "AC9F1BABE6714E3391FD6CD95627550A45005C.JPEG",
    "cantidad_archivos": 1,
    "archivos_fuente": [
      "Pictures/Fototeca de Fotos.photoslibrary/resources/derivatives/masters/A/AC9F1BAB-E671-4E33-91FD-6CD95627550A_4_5005_c.jpeg"
    ],
    "ultima_modificacion": "2025-08-01 01:01:11.588320"
  },
  "aa01b1302d054e7a84b70b0d54d169a145005c.jpeg": {
    "app_sintetizada": "AA01B1302D054E7A84B70B0D54D169A145005C.JPEG",
    "cantidad_archivos": 1,
    "archivos_fuente": [
      "Pictures/Fototeca de Fotos.photoslibrary/resources/derivatives/masters/A/AA01B130-2D05-4E7A-84B7-0B0D54D169A1_4_5005_c.jpeg"
    ],
    "ultima_modificacion": "2025-08-01 01:01:11.588664"
  },
  "a5369b82039141b9ac6f7fafecfe7d5045005c.jpeg": {
    "app_sintetizada": "A5369B82039141B9AC6F7FAFECFE7D5045005C.JPEG",
    "cantidad_archivos": 1,
    "archivos_fuente": [
      "Pictures/Fototeca de Fotos.photoslibrary/resources/derivatives/masters/A/A5369B82-0391-41B9-AC6F-7FAFECFE7D50_4_5005_c.jpeg"
    ],
    "ultima_modificacion": "2025-08-01 01:01:11.589019"
  },
  "aba5b21345224d5193c36953cf2c442345005c.jpeg": {
    "app_sintetizada": "ABA5B21345224D5193C36953CF2C442345005C.JPEG",
    "cantidad_archivos": 1,
    "archivos_fuente": [
      "Pictures/Fototeca de Fotos.photoslibrary/resources/derivatives/masters/A/ABA5B213-4522-4D51-93C3-6953CF2C4423_4_5005_c.jpeg"
    ],
    "ultima_modificacion": "2025-08-01 01:01:11.589485"
  },
  "a6de647b56b64a8a9ce8f8c71a12267b45005c.jpeg": {
    "app_sintetizada": "A6DE647B56B64A8A9CE8F8C71A12267B45005C.JPEG",
    "cantidad_archivos": 1,
    "archivos_fuente": [
      "Pictures/Fototeca de Fotos.photoslibrary/resources/derivatives/masters/A/A6DE647B-56B6-4A8A-9CE8-F8C71A12267B_4_5005_c.jpeg"
    ],
    "ultima_modificacion": "2025-08-01 01:01:11.589866"
  },
  "a2e4780327ae43649bb245b0001d623345005c.jpeg": {
    "app_sintetizada": "A2E4780327AE43649BB245B0001D623345005C.JPEG",
    "cantidad_archivos": 1,
    "archivos_fuente": [
      "Pictures/Fototeca de Fotos.photoslibrary/resources/derivatives/masters/A/A2E47803-27AE-4364-9BB2-45B0001D6233_4_5005_c.jpeg"
    ],
    "ultima_modificacion": "2025-08-01 01:01:11.590185"
  },
  "ab467149010542ec99d0ab8dd3c58d2e45005c.jpeg": {
    "app_sintetizada": "AB467149010542EC99D0AB8DD3C58D2E45005C.JPEG",
    "cantidad_archivos": 1,
    "archivos_fuente": [
      "Pictures/Fototeca de Fotos.photoslibrary/resources/derivatives/masters/A/AB467149-0105-42EC-99D0-AB8DD3C58D2E_4_5005_c.jpeg"
    ],
    "ultima_modificacion": "2025-08-01 01:01:11.590543"
  },
  "a2bb1643a04740ea8d12d05c950272c645005c.jpeg": {
    "app_sintetizada": "A2BB1643A04740EA8D12D05C950272C645005C.JPEG",
    "cantidad_archivos": 1,
    "archivos_fuente": [
      "Pictures/Fototeca de Fotos.photoslibrary/resources/derivatives/masters/A/A2BB1643-A047-40EA-8D12-D05C950272C6_4_5005_c.jpeg"
    ],
    "ultima_modificacion": "2025-08-01 01:01:11.590838"
  },
  "a1932c15493b4f5d8b59bcf80288857845005c.jpeg": {
    "app_sintetizada": "A1932C15493B4F5D8B59BCF80288857845005C.JPEG",
    "cantidad_archivos": 1,
    "archivos_fuente": [
      "Pictures/Fototeca de Fotos.photoslibrary/resources/derivatives/masters/A/A1932C15-493B-4F5D-8B59-BCF802888578_4_5005_c.jpeg"
    ],
    "ultima_modificacion": "2025-08-01 01:01:11.591141"
  },
  "a99e2acb198e4b8a91d3deb2effaef6545005c.jpeg": {
    "app_sintetizada": "A99E2ACB198E4B8A91D3DEB2EFFAEF6545005C.JPEG",
    "cantidad_archivos": 1,
    "archivos_fuente": [
      "Pictures/Fototeca de Fotos.photoslibrary/resources/derivatives/masters/A/A99E2ACB-198E-4B8A-91D3-DEB2EFFAEF65_4_5005_c.jpeg"
    ],
    "ultima_modificacion": "2025-08-01 01:01:11.591435"
  },
  "ae39d6395c83466e91b213f3c6a4166445005c.jpeg": {
    "app_sintetizada": "AE39D6395C83466E91B213F3C6A4166445005C.JPEG",
    "cantidad_archivos": 1,
    "archivos_fuente": [
      "Pictures/Fototeca de Fotos.photoslibrary/resources/derivatives/masters/A/AE39D639-5C83-466E-91B2-13F3C6A41664_4_5005_c.jpeg"
    ],
    "ultima_modificacion": "2025-08-01 01:01:11.591796"
  },
  "a9fcbfa226e142ecb22a2c47183e525d45005c.jpeg": {
    "app_sintetizada": "A9FCBFA226E142ECB22A2C47183E525D45005C.JPEG",
    "cantidad_archivos": 1,
    "archivos_fuente": [
      "Pictures/Fototeca de Fotos.photoslibrary/resources/derivatives/masters/A/A9FCBFA2-26E1-42EC-B22A-2C47183E525D_4_5005_c.jpeg"
    ],
    "ultima_modificacion": "2025-08-01 01:01:11.592131"
  },
  "af4c5df80f9a4d009215df8d3e94ead345005c.jpeg": {
    "app_sintetizada": "AF4C5DF80F9A4D009215DF8D3E94EAD345005C.JPEG",
    "cantidad_archivos": 1,
    "archivos_fuente": [
      "Pictures/Fototeca de Fotos.photoslibrary/resources/derivatives/masters/A/AF4C5DF8-0F9A-4D00-9215-DF8D3E94EAD3_4_5005_c.jpeg"
    ],
    "ultima_modificacion": "2025-08-01 01:01:11.592455"
  },
  "a9cd1f177a614fefb0b288d3d09a246745005c.jpeg": {
    "app_sintetizada": "A9CD1F177A614FEFB0B288D3D09A246745005C.JPEG",
    "cantidad_archivos": 1,
    "archivos_fuente": [
      "Pictures/Fototeca de Fotos.photoslibrary/resources/derivatives/masters/A/A9CD1F17-7A61-4FEF-B0B2-88D3D09A2467_4_5005_c.jpeg"
    ],
    "ultima_modificacion": "2025-08-01 01:01:11.592777"
  },
  "a19ffb1c48e1429b950af72443acd4ab45005c.jpeg": {
    "app_sintetizada": "A19FFB1C48E1429B950AF72443ACD4AB45005C.JPEG",
    "cantidad_archivos": 1,
    "archivos_fuente": [
      "Pictures/Fototeca de Fotos.photoslibrary/resources/derivatives/masters/A/A19FFB1C-48E1-429B-950A-F72443ACD4AB_4_5005_c.jpeg"
    ],
    "ultima_modificacion": "2025-08-01 01:01:11.593068"
  },
  "ab5229eed3474fbdbb9146ee37f8d5b245005c.jpeg": {
    "app_sintetizada": "AB5229EED3474FBDBB9146EE37F8D5B245005C.JPEG",
    "cantidad_archivos": 1,
    "archivos_fuente": [
      "Pictures/Fototeca de Fotos.photoslibrary/resources/derivatives/masters/A/AB5229EE-D347-4FBD-BB91-46EE37F8D5B2_4_5005_c.jpeg"
    ],
    "ultima_modificacion": "2025-08-01 01:01:11.593338"
  },
  "a7eeeb9186eb4756a1468e0f1d51e1ca45005c.jpeg": {
    "app_sintetizada": "A7EEEB9186EB4756A1468E0F1D51E1CA45005C.JPEG",
    "cantidad_archivos": 1,
    "archivos_fuente": [
      "Pictures/Fototeca de Fotos.photoslibrary/resources/derivatives/masters/A/A7EEEB91-86EB-4756-A146-8E0F1D51E1CA_4_5005_c.jpeg"
    ],
    "ultima_modificacion": "2025-08-01 01:01:11.593640"
  },
  "a7eb2d5fb1fe4e22962cd5246573dcd145005c.jpeg": {
    "app_sintetizada": "A7EB2D5FB1FE4E22962CD5246573DCD145005C.JPEG",
    "cantidad_archivos": 1,
    "archivos_fuente": [
      "Pictures/Fototeca de Fotos.photoslibrary/resources/derivatives/masters/A/A7EB2D5F-B1FE-4E22-962C-D5246573DCD1_4_5005_c.jpeg"
    ],
    "ultima_modificacion": "2025-08-01 01:01:11.593921"
  },
  "a10cc03d652c477393122cf40ebe76f545005c.jpeg": {
    "app_sintetizada": "A10CC03D652C477393122CF40EBE76F545005C.JPEG",
    "cantidad_archivos": 1,
    "archivos_fuente": [
      "Pictures/Fototeca de Fotos.photoslibrary/resources/derivatives/masters/A/A10CC03D-652C-4773-9312-2CF40EBE76F5_4_5005_c.jpeg"
    ],
    "ultima_modificacion": "2025-08-01 01:01:11.594218"
  },
  "a0a681eb03fc46368bfd0ca3c280f03345005c.jpeg": {
    "app_sintetizada": "A0A681EB03FC46368BFD0CA3C280F03345005C.JPEG",
    "cantidad_archivos": 1,
    "archivos_fuente": [
      "Pictures/Fototeca de Fotos.photoslibrary/resources/derivatives/masters/A/A0A681EB-03FC-4636-8BFD-0CA3C280F033_4_5005_c.jpeg"
    ],
    "ultima_modificacion": "2025-08-01 01:01:11.594522"
  },
  "af9a952e910c4f0da9447a258da34ed745005c.jpeg": {
    "app_sintetizada": "AF9A952E910C4F0DA9447A258DA34ED745005C.JPEG",
    "cantidad_archivos": 1,
    "archivos_fuente": [
      "Pictures/Fototeca de Fotos.photoslibrary/resources/derivatives/masters/A/AF9A952E-910C-4F0D-A944-7A258DA34ED7_4_5005_c.jpeg"
    ],
    "ultima_modificacion": "2025-08-01 01:01:11.594819"
  },
  "a2a0547b06af4b8ab3174b977fb0884745005c.jpeg": {
    "app_sintetizada": "A2A0547B06AF4B8AB3174B977FB0884745005C.JPEG",
    "cantidad_archivos": 1,
    "archivos_fuente": [
      "Pictures/Fototeca de Fotos.photoslibrary/resources/derivatives/masters/A/A2A0547B-06AF-4B8A-B317-4B977FB08847_4_5005_c.jpeg"
    ],
    "ultima_modificacion": "2025-08-01 01:01:11.595119"
  },
  "a432ebd31b174b5fa6b605148558b68645005c.jpeg": {
    "app_sintetizada": "A432EBD31B174B5FA6B605148558B68645005C.JPEG",
    "cantidad_archivos": 1,
    "archivos_fuente": [
      "Pictures/Fototeca de Fotos.photoslibrary/resources/derivatives/masters/A/A432EBD3-1B17-4B5F-A6B6-05148558B686_4_5005_c.jpeg"
    ],
    "ultima_modificacion": "2025-08-01 01:01:11.595426"
  },
  "a66d0c455ccb4b908954ade6f57236e445005c.jpeg": {
    "app_sintetizada": "A66D0C455CCB4B908954ADE6F57236E445005C.JPEG",
    "cantidad_archivos": 1,
    "archivos_fuente": [
      "Pictures/Fototeca de Fotos.photoslibrary/resources/derivatives/masters/A/A66D0C45-5CCB-4B90-8954-ADE6F57236E4_4_5005_c.jpeg"
    ],
    "ultima_modificacion": "2025-08-01 01:01:11.595756"
  }
}