{
  "3efd09cd1b3c495f8f3129c8ddb51a5245005c.jpeg": {
    "app_sintetizada": "3EFD09CD1B3C495F8F3129C8DDB51A5245005C.JPEG",
    "cantidad_archivos": 1,
    "archivos_fuente": [
      "Pictures/Fototeca de Fotos.photoslibrary/resources/derivatives/masters/3/3EFD09CD-1B3C-495F-8F31-29C8DDB51A52_4_5005_c.jpeg"
    ],
    "ultima_modificacion": "2025-08-01 01:01:16.630885"
  },
  "358e594a2195472186e15285f370ad5745005c.jpeg": {
    "app_sintetizada": "358E594A2195472186E15285F370AD5745005C.JPEG",
    "cantidad_archivos": 1,
    "archivos_fuente": [
      "Pictures/Fototeca de Fotos.photoslibrary/resources/derivatives/masters/3/358E594A-2195-4721-86E1-5285F370AD57_4_5005_c.jpeg"
    ],
    "ultima_modificacion": "2025-08-01 01:01:16.631308"
  },
  "347aba98fb0f4a4988d6d55c8d1c44a145005c.jpeg": {
    "app_sintetizada": "347ABA98FB0F4A4988D6D55C8D1C44A145005C.JPEG",
    "cantidad_archivos": 1,
    "archivos_fuente": [
      "Pictures/Fototeca de Fotos.photoslibrary/resources/derivatives/masters/3/347ABA98-FB0F-4A49-88D6-D55C8D1C44A1_4_5005_c.jpeg"
    ],
    "ultima_modificacion": "2025-08-01 01:01:16.631937"
  },
  "385bbf57621a42869fbcc87deda15d5a45005c.jpeg": {
    "app_sintetizada": "385BBF57621A42869FBCC87DEDA15D5A45005C.JPEG",
    "cantidad_archivos": 1,
    "archivos_fuente": [
      "Pictures/Fototeca de Fotos.photoslibrary/resources/derivatives/masters/3/385BBF57-621A-4286-9FBC-C87DEDA15D5A_4_5005_c.jpeg"
    ],
    "ultima_modificacion": "2025-08-01 01:01:16.632359"
  },
  "3b0ee9db204d4e7e91e9fe6073a408a445005c.jpeg": {
    "app_sintetizada": "3B0EE9DB204D4E7E91E9FE6073A408A445005C.JPEG",
    "cantidad_archivos": 1,
    "archivos_fuente": [
      "Pictures/Fototeca de Fotos.photoslibrary/resources/derivatives/masters/3/3B0EE9DB-204D-4E7E-91E9-FE6073A408A4_4_5005_c.jpeg"
    ],
    "ultima_modificacion": "2025-08-01 01:01:16.632647"
  },
  "36317ff5ba0d46ed9889e0b7a156cba545005c.jpeg": {
    "app_sintetizada": "36317FF5BA0D46ED9889E0B7A156CBA545005C.JPEG",
    "cantidad_archivos": 1,
    "archivos_fuente": [
      "Pictures/Fototeca de Fotos.photoslibrary/resources/derivatives/masters/3/36317FF5-BA0D-46ED-9889-E0B7A156CBA5_4_5005_c.jpeg"
    ],
    "ultima_modificacion": "2025-08-01 01:01:16.632890"
  },
  "3d401fa0043749fd97ba3957a02baead45005c.jpeg": {
    "app_sintetizada": "3D401FA0043749FD97BA3957A02BAEAD45005C.JPEG",
    "cantidad_archivos": 1,
    "archivos_fuente": [
      "Pictures/Fototeca de Fotos.photoslibrary/resources/derivatives/masters/3/3D401FA0-0437-49FD-97BA-3957A02BAEAD_4_5005_c.jpeg"
    ],
    "ultima_modificacion": "2025-08-01 01:01:16.633131"
  },
  "3c4e74c222474db28b50c994f27eb25145005c.jpeg": {
    "app_sintetizada": "3C4E74C222474DB28B50C994F27EB25145005C.JPEG",
    "cantidad_archivos": 1,
    "archivos_fuente": [
      "Pictures/Fototeca de Fotos.photoslibrary/resources/derivatives/masters/3/3C4E74C2-2247-4DB2-8B50-C994F27EB251_4_5005_c.jpeg"
    ],
    "ultima_modificacion": "2025-08-01 01:01:16.633374"
  },
  "3c5eac6ee450415eacd3e8ac61f9954a45005c.jpeg": {
    "app_sintetizada": "3C5EAC6EE450415EACD3E8AC61F9954A45005C.JPEG",
    "cantidad_archivos": 1,
    "archivos_fuente": [
      "Pictures/Fototeca de Fotos.photoslibrary/resources/derivatives/masters/3/3C5EAC6E-E450-415E-ACD3-E8AC61F9954A_4_5005_c.jpeg"
    ],
    "ultima_modificacion": "2025-08-01 01:01:16.633625"
  },
  "305aa2a9a30c4f358983f7657fe4b22a45005c.jpeg": {
    "app_sintetizada": "305AA2A9A30C4F358983F7657FE4B22A45005C.JPEG",
    "cantidad_archivos": 1,
    "archivos_fuente": [
      "Pictures/Fototeca de Fotos.photoslibrary/resources/derivatives/masters/3/305AA2A9-A30C-4F35-8983-F7657FE4B22A_4_5005_c.jpeg"
    ],
    "ultima_modificacion": "2025-08-01 01:01:16.633879"
  },
  "350c6fddf8f844a3bca3e612641a10bd45005c.jpeg": {
    "app_sintetizada": "350C6FDDF8F844A3BCA3E612641A10BD45005C.JPEG",
    "cantidad_archivos": 1,
    "archivos_fuente": [
      "Pictures/Fototeca de Fotos.photoslibrary/resources/derivatives/masters/3/350C6FDD-F8F8-44A3-BCA3-E612641A10BD_4_5005_c.jpeg"
    ],
    "ultima_modificacion": "2025-08-01 01:01:16.634138"
  },
  "3b869860da4a4256affdf08f03c110f745005c.jpeg": {
    "app_sintetizada": "3B869860DA4A4256AFFDF08F03C110F745005C.JPEG",
    "cantidad_archivos": 1,
    "archivos_fuente": [
      "Pictures/Fototeca de Fotos.photoslibrary/resources/derivatives/masters/3/3B869860-DA4A-4256-AFFD-F08F03C110F7_4_5005_c.jpeg"
    ],
    "ultima_modificacion": "2025-08-01 01:01:16.634691"
  },
  "35eb3cccf59c41bc8be0f86f9ddb12e845005c.jpeg": {
    "app_sintetizada": "35EB3CCCF59C41BC8BE0F86F9DDB12E845005C.JPEG",
    "cantidad_archivos": 1,
    "archivos_fuente": [
      "Pictures/Fototeca de Fotos.photoslibrary/resources/derivatives/masters/3/35EB3CCC-F59C-41BC-8BE0-F86F9DDB12E8_4_5005_c.jpeg"
    ],
    "ultima_modificacion": "2025-08-01 01:01:16.634968"
  },
  "3faa94da90f84f93b29ddc1703d0f31245005c.jpeg": {
    "app_sintetizada": "3FAA94DA90F84F93B29DDC1703D0F31245005C.JPEG",
    "cantidad_archivos": 1,
    "archivos_fuente": [
      "Pictures/Fototeca de Fotos.photoslibrary/resources/derivatives/masters/3/3FAA94DA-90F8-4F93-B29D-DC1703D0F312_4_5005_c.jpeg"
    ],
    "ultima_modificacion": "2025-08-01 01:01:16.635289"
  },
  "39da4e5fa396460bba91c6ea03e1c4c645005c.jpeg": {
    "app_sintetizada": "39DA4E5FA396460BBA91C6EA03E1C4C645005C.JPEG",
    "cantidad_archivos": 1,
    "archivos_fuente": [
      "Pictures/Fototeca de Fotos.photoslibrary/resources/derivatives/masters/3/39DA4E5F-A396-460B-BA91-C6EA03E1C4C6_4_5005_c.jpeg"
    ],
    "ultima_modificacion": "2025-08-01 01:01:16.635556"
  },
  "3aa103a0f5e1408f83a75c559872290445005c.jpeg": {
    "app_sintetizada": "3AA103A0F5E1408F83A75C559872290445005C.JPEG",
    "cantidad_archivos": 1,
    "archivos_fuente": [
      "Pictures/Fototeca de Fotos.photoslibrary/resources/derivatives/masters/3/3AA103A0-F5E1-408F-83A7-5C5598722904_4_5005_c.jpeg"
    ],
    "ultima_modificacion": "2025-08-01 01:01:16.635832"
  },
  "ef89ecdd397b4d94a9bc7b0978cb71af45005c.jpeg": {
    "app_sintetizada": "EF89ECDD397B4D94A9BC7B0978CB71AF45005C.JPEG",
    "cantidad_archivos": 1,
    "archivos_fuente": [
      "Pictures/Fototeca de Fotos.photoslibrary/resources/derivatives/masters/E/EF89ECDD-397B-4D94-A9BC-7B0978CB71AF_4_5005_c.jpeg"
    ],
    "ultima_modificacion": "2025-08-01 01:01:16.636109"
  },
  "ea12078e716c4439a1a6fb4c3b9d19e945005c.jpeg": {
    "app_sintetizada": "EA12078E716C4439A1A6FB4C3B9D19E945005C.JPEG",
    "cantidad_archivos": 1,
    "archivos_fuente": [
      "Pictures/Fototeca de Fotos.photoslibrary/resources/derivatives/masters/E/EA12078E-716C-4439-A1A6-FB4C3B9D19E9_4_5005_c.jpeg"
    ],
    "ultima_modificacion": "2025-08-01 01:01:16.636667"
  },
  "e3c9cc4c9f9f47b5980ad9c3d1af2c6f45005c.jpeg": {
    "app_sintetizada": "E3C9CC4C9F9F47B5980AD9C3D1AF2C6F45005C.JPEG",
    "cantidad_archivos": 1,
    "archivos_fuente": [
      "Pictures/Fototeca de Fotos.photoslibrary/resources/derivatives/masters/E/E3C9CC4C-9F9F-47B5-980A-D9C3D1AF2C6F_4_5005_c.jpeg"
    ],
    "ultima_modificacion": "2025-08-01 01:01:16.637052"
  },
  "e7c0936c7d3046c785213aacecafaddc45005c.jpeg": {
    "app_sintetizada": "E7C0936C7D3046C785213AACECAFADDC45005C.JPEG",
    "cantidad_archivos": 1,
    "archivos_fuente": [
      "Pictures/Fototeca de Fotos.photoslibrary/resources/derivatives/masters/E/E7C0936C-7D30-46C7-8521-3AACECAFADDC_4_5005_c.jpeg"
    ],
    "ultima_modificacion": "2025-08-01 01:01:16.637710"
  },
  "e164fcea730b4dfb8a0c0062a92f090b45005c.jpeg": {
    "app_sintetizada": "E164FCEA730B4DFB8A0C0062A92F090B45005C.JPEG",
    "cantidad_archivos": 1,
    "archivos_fuente": [
      "Pictures/Fototeca de Fotos.photoslibrary/resources/derivatives/masters/E/E164FCEA-730B-4DFB-8A0C-0062A92F090B_4_5005_c.jpeg"
    ],
    "ultima_modificacion": "2025-08-01 01:01:16.638557"
  },
  "eb7f5fac902846269d083785fcf2438945005c.jpeg": {
    "app_sintetizada": "EB7F5FAC902846269D083785FCF2438945005C.JPEG",
    "cantidad_archivos": 1,
    "archivos_fuente": [
      "Pictures/Fototeca de Fotos.photoslibrary/resources/derivatives/masters/E/EB7F5FAC-9028-4626-9D08-3785FCF24389_4_5005_c.jpeg"
    ],
    "ultima_modificacion": "2025-08-01 01:01:16.642753"
  },
  "e290a6a43ae0481492ae425bf0887df245005c.jpeg": {
    "app_sintetizada": "E290A6A43AE0481492AE425BF0887DF245005C.JPEG",
    "cantidad_archivos": 1,
    "archivos_fuente": [
      "Pictures/Fototeca de Fotos.photoslibrary/resources/derivatives/masters/E/E290A6A4-3AE0-4814-92AE-425BF0887DF2_4_5005_c.jpeg"
    ],
    "ultima_modificacion": "2025-08-01 01:01:16.643566"
  },
  "e3b95ff8d5314d479721bc2306ec3c5c45005c.jpeg": {
    "app_sintetizada": "E3B95FF8D5314D479721BC2306EC3C5C45005C.JPEG",
    "cantidad_archivos": 1,
    "archivos_fuente": [
      "Pictures/Fototeca de Fotos.photoslibrary/resources/derivatives/masters/E/E3B95FF8-D531-4D47-9721-BC2306EC3C5C_4_5005_c.jpeg"
    ],
    "ultima_modificacion": "2025-08-01 01:01:16.644000"
  },
  "e1d829520e2c478caac103901dbd2f9f45005c.jpeg": {
    "app_sintetizada": "E1D829520E2C478CAAC103901DBD2F9F45005C.JPEG",
    "cantidad_archivos": 1,
    "archivos_fuente": [
      "Pictures/Fototeca de Fotos.photoslibrary/resources/derivatives/masters/E/E1D82952-0E2C-478C-AAC1-03901DBD2F9F_4_5005_c.jpeg"
    ],
    "ultima_modificacion": "2025-08-01 01:01:16.644709"
  },
  "ee634c3b6b3a42b2b24d3452669433a445005c.jpeg": {
    "app_sintetizada": "EE634C3B6B3A42B2B24D3452669433A445005C.JPEG",
    "cantidad_archivos": 1,
    "archivos_fuente": [
      "Pictures/Fototeca de Fotos.photoslibrary/resources/derivatives/masters/E/EE634C3B-6B3A-42B2-B24D-3452669433A4_4_5005_c.jpeg"
    ],
    "ultima_modificacion": "2025-08-01 01:01:16.645155"
  },
  "e0e83ca39a264fe3a00a6cbf9bd38e8845005c.jpeg": {
    "app_sintetizada": "E0E83CA39A264FE3A00A6CBF9BD38E8845005C.JPEG",
    "cantidad_archivos": 1,
    "archivos_fuente": [
      "Pictures/Fototeca de Fotos.photoslibrary/resources/derivatives/masters/E/E0E83CA3-9A26-4FE3-A00A-6CBF9BD38E88_4_5005_c.jpeg"
    ],
    "ultima_modificacion": "2025-08-01 01:01:16.645593"
  },
  "eb5440b09ce649a78960133759dfa78345005c.jpeg": {
    "app_sintetizada": "EB5440B09CE649A78960133759DFA78345005C.JPEG",
    "cantidad_archivos": 1,
    "archivos_fuente": [
      "Pictures/Fototeca de Fotos.photoslibrary/resources/derivatives/masters/E/EB5440B0-9CE6-49A7-8960-133759DFA783_4_5005_c.jpeg"
    ],
    "ultima_modificacion": "2025-08-01 01:01:16.646328"
  },
  "e663f570c9594d5b9b34e66fd853780745005c.jpeg": {
    "app_sintetizada": "E663F570C9594D5B9B34E66FD853780745005C.JPEG",
    "cantidad_archivos": 1,
    "archivos_fuente": [
      "Pictures/Fototeca de Fotos.photoslibrary/resources/derivatives/masters/E/E663F570-C959-4D5B-9B34-E66FD8537807_4_5005_c.jpeg"
    ],
    "ultima_modificacion": "2025-08-01 01:01:16.647325"
  },
  "ee8eaa58f8bb4d16992169e2cf3958c945005c.jpeg": {
    "app_sintetizada": "EE8EAA58F8BB4D16992169E2CF3958C945005C.JPEG",
    "cantidad_archivos": 1,
    "archivos_fuente": [
      "Pictures/Fototeca de Fotos.photoslibrary/resources/derivatives/masters/E/EE8EAA58-F8BB-4D16-9921-69E2CF3958C9_4_5005_c.jpeg"
    ],
    "ultima_modificacion": "2025-08-01 01:01:16.648009"
  },
  "e4c116d2ad224052bc74e22746717c0f45005c.jpeg": {
    "app_sintetizada": "E4C116D2AD224052BC74E22746717C0F45005C.JPEG",
    "cantidad_archivos": 1,
    "archivos_fuente": [
      "Pictures/Fototeca de Fotos.photoslibrary/resources/derivatives/masters/E/E4C116D2-AD22-4052-BC74-E22746717C0F_4_5005_c.jpeg"
    ],
    "ultima_modificacion": "2025-08-01 01:01:16.648493"
  },
  "ecc29dd83cfc4fccb09754b4312ccd7f45005c.jpeg": {
    "app_sintetizada": "ECC29DD83CFC4FCCB09754B4312CCD7F45005C.JPEG",
    "cantidad_archivos": 1,
    "archivos_fuente": [
      "Pictures/Fototeca de Fotos.photoslibrary/resources/derivatives/masters/E/ECC29DD8-3CFC-4FCC-B097-54B4312CCD7F_4_5005_c.jpeg"
    ],
    "ultima_modificacion": "2025-08-01 01:01:16.649105"
  },
  "efb7a8ac09f2428092893496d234df5d45005c.jpeg": {
    "app_sintetizada": "EFB7A8AC09F2428092893496D234DF5D45005C.JPEG",
    "cantidad_archivos": 1,
    "archivos_fuente": [
      "Pictures/Fototeca de Fotos.photoslibrary/resources/derivatives/masters/E/EFB7A8AC-09F2-4280-9289-3496D234DF5D_4_5005_c.jpeg"
    ],
    "ultima_modificacion": "2025-08-01 01:01:16.649536"
  },
  "e98d24ca02c644b1b96f3c7b775c53aa45005c.jpeg": {
    "app_sintetizada": "E98D24CA02C644B1B96F3C7B775C53AA45005C.JPEG",
    "cantidad_archivos": 1,
    "archivos_fuente": [
      "Pictures/Fototeca de Fotos.photoslibrary/resources/derivatives/masters/E/E98D24CA-02C6-44B1-B96F-3C7B775C53AA_4_5005_c.jpeg"
    ],
    "ultima_modificacion": "2025-08-01 01:01:16.649939"
  },
  "edec6a25d6b34e81830173c7d9f8cbf845005c.jpeg": {
    "app_sintetizada": "EDEC6A25D6B34E81830173C7D9F8CBF845005C.JPEG",
    "cantidad_archivos": 1,
    "archivos_fuente": [
      "Pictures/Fototeca de Fotos.photoslibrary/resources/derivatives/masters/E/EDEC6A25-D6B3-4E81-8301-73C7D9F8CBF8_4_5005_c.jpeg"
    ],
    "ultima_modificacion": "2025-08-01 01:01:16.650349"
  },
  "ed92b49cf6e14a08863b32740b29a1e745005c.jpeg": {
    "app_sintetizada": "ED92B49CF6E14A08863B32740B29A1E745005C.JPEG",
    "cantidad_archivos": 1,
    "archivos_fuente": [
      "Pictures/Fototeca de Fotos.photoslibrary/resources/derivatives/masters/E/ED92B49C-F6E1-4A08-863B-32740B29A1E7_4_5005_c.jpeg"
    ],
    "ultima_modificacion": "2025-08-01 01:01:16.650706"
  },
  "ed634fd246d244128d1415d03cff5f4a45005c.jpeg": {
    "app_sintetizada": "ED634FD246D244128D1415D03CFF5F4A45005C.JPEG",
    "cantidad_archivos": 1,
    "archivos_fuente": [
      "Pictures/Fototeca de Fotos.photoslibrary/resources/derivatives/masters/E/ED634FD2-46D2-4412-8D14-15D03CFF5F4A_4_5005_c.jpeg"
    ],
    "ultima_modificacion": "2025-08-01 01:01:16.651806"
  },
  "e542ec1b8eaf4a149625487f867d95bd45005c.jpeg": {
    "app_sintetizada": "E542EC1B8EAF4A149625487F867D95BD45005C.JPEG",
    "cantidad_archivos": 1,
    "archivos_fuente": [
      "Pictures/Fototeca de Fotos.photoslibrary/resources/derivatives/masters/E/E542EC1B-8EAF-4A14-9625-487F867D95BD_4_5005_c.jpeg"
    ],
    "ultima_modificacion": "2025-08-01 01:01:16.652318"
  },
  "e65374343ecb4e16ab5d7c4439e9bda145005c.jpeg": {
    "app_sintetizada": "E65374343ECB4E16AB5D7C4439E9BDA145005C.JPEG",
    "cantidad_archivos": 1,
    "archivos_fuente": [
      "Pictures/Fototeca de Fotos.photoslibrary/resources/derivatives/masters/E/E6537434-3ECB-4E16-AB5D-7C4439E9BDA1_4_5005_c.jpeg"
    ],
    "ultima_modificacion": "2025-08-01 01:01:16.652835"
  },
  "ea20fb330fa04d9681524672cc4d5ebf45005c.jpeg": {
    "app_sintetizada": "EA20FB330FA04D9681524672CC4D5EBF45005C.JPEG",
    "cantidad_archivos": 1,
    "archivos_fuente": [
      "Pictures/Fototeca de Fotos.photoslibrary/resources/derivatives/masters/E/EA20FB33-0FA0-4D96-8152-4672CC4D5EBF_4_5005_c.jpeg"
    ],
    "ultima_modificacion": "2025-08-01 01:01:16.653274"
  },
  "e0a70348e7a044ebbeca8a8bd71825f345005c.jpeg": {
    "app_sintetizada": "E0A70348E7A044EBBECA8A8BD71825F345005C.JPEG",
    "cantidad_archivos": 1,
    "archivos_fuente": [
      "Pictures/Fototeca de Fotos.photoslibrary/resources/derivatives/masters/E/E0A70348-E7A0-44EB-BECA-8A8BD71825F3_4_5005_c.jpeg"
    ],
    "ultima_modificacion": "2025-08-01 01:01:16.653637"
  },
  "ecb2b21d92684238af496434295e485b45005c.jpeg": {
    "app_sintetizada": "ECB2B21D92684238AF496434295E485B45005C.JPEG",
    "cantidad_archivos": 1,
    "archivos_fuente": [
      "Pictures/Fototeca de Fotos.photoslibrary/resources/derivatives/masters/E/ECB2B21D-9268-4238-AF49-6434295E485B_4_5005_c.jpeg"
    ],
    "ultima_modificacion": "2025-08-01 01:01:16.654213"
  },
  "e1d0c1c84eae471786f1cf0678df534b45005c.jpeg": {
    "app_sintetizada": "E1D0C1C84EAE471786F1CF0678DF534B45005C.JPEG",
    "cantidad_archivos": 1,
    "archivos_fuente": [
      "Pictures/Fototeca de Fotos.photoslibrary/resources/derivatives/masters/E/E1D0C1C8-4EAE-4717-86F1-CF0678DF534B_4_5005_c.jpeg"
    ],
    "ultima_modificacion": "2025-08-01 01:01:16.654663"
  },
  "edfa6363991441f28096676646e875f045005c.jpeg": {
    "app_sintetizada": "EDFA6363991441F28096676646E875F045005C.JPEG",
    "cantidad_archivos": 1,
    "archivos_fuente": [
      "Pictures/Fototeca de Fotos.photoslibrary/resources/derivatives/masters/E/EDFA6363-9914-41F2-8096-676646E875F0_4_5005_c.jpeg"
    ],
    "ultima_modificacion": "2025-08-01 01:01:16.655686"
  },
  "ea819a5fb59d45ce9006209650d4758f45005c.jpeg": {
    "app_sintetizada": "EA819A5FB59D45CE9006209650D4758F45005C.JPEG",
    "cantidad_archivos": 1,
    "archivos_fuente": [
      "Pictures/Fototeca de Fotos.photoslibrary/resources/derivatives/masters/E/EA819A5F-B59D-45CE-9006-209650D4758F_4_5005_c.jpeg"
    ],
    "ultima_modificacion": "2025-08-01 01:01:16.658360"
  },
  "eb5a2a7f0b97444cb6d82ace29e6675b45005c.jpeg": {
    "app_sintetizada": "EB5A2A7F0B97444CB6D82ACE29E6675B45005C.JPEG",
    "cantidad_archivos": 1,
    "archivos_fuente": [
      "Pictures/Fototeca de Fotos.photoslibrary/resources/derivatives/masters/E/EB5A2A7F-0B97-444C-B6D8-2ACE29E6675B_4_5005_c.jpeg"
    ],
    "ultima_modificacion": "2025-08-01 01:01:16.659492"
  },
  "e4c9401729d84459b824783ab13e921945005c.jpeg": {
    "app_sintetizada": "E4C9401729D84459B824783AB13E921945005C.JPEG",
    "cantidad_archivos": 1,
    "archivos_fuente": [
      "Pictures/Fototeca de Fotos.photoslibrary/resources/derivatives/masters/E/E4C94017-29D8-4459-B824-783AB13E9219_4_5005_c.jpeg"
    ],
    "ultima_modificacion": "2025-08-01 01:01:16.660881"
  },
  "e1f4b314265c4419bd7184479b49b5f345005c.jpeg": {
    "app_sintetizada": "E1F4B314265C4419BD7184479B49B5F345005C.JPEG",
    "cantidad_archivos": 1,
    "archivos_fuente": [
      "Pictures/Fototeca de Fotos.photoslibrary/resources/derivatives/masters/E/E1F4B314-265C-4419-BD71-84479B49B5F3_4_5005_c.jpeg"
    ],
    "ultima_modificacion": "2025-08-01 01:01:16.661324"
  },
  "e8fdb65feb224a1bb4bb5901279f191445005c.jpeg": {
    "app_sintetizada": "E8FDB65FEB224A1BB4BB5901279F191445005C.JPEG",
    "cantidad_archivos": 1,
    "archivos_fuente": [
      "Pictures/Fototeca de Fotos.photoslibrary/resources/derivatives/masters/E/E8FDB65F-EB22-4A1B-B4BB-5901279F1914_4_5005_c.jpeg"
    ],
    "ultima_modificacion": "2025-08-01 01:01:16.661656"
  },
  "e18a3cb82f0c4b2f8f98fd76e405eb7845005c.jpeg": {
    "app_sintetizada": "E18A3CB82F0C4B2F8F98FD76E405EB7845005C.JPEG",
    "cantidad_archivos": 1,
    "archivos_fuente": [
      "Pictures/Fototeca de Fotos.photoslibrary/resources/derivatives/masters/E/E18A3CB8-2F0C-4B2F-8F98-FD76E405EB78_4_5005_c.jpeg"
    ],
    "ultima_modificacion": "2025-08-01 01:01:16.661961"
  },
  "eafd411fc8914b78a60e3f828c29160f45005c.jpeg": {
    "app_sintetizada": "EAFD411FC8914B78A60E3F828C29160F45005C.JPEG",
    "cantidad_archivos": 1,
    "archivos_fuente": [
      "Pictures/Fototeca de Fotos.photoslibrary/resources/derivatives/masters/E/EAFD411F-C891-4B78-A60E-3F828C29160F_4_5005_c.jpeg"
    ],
    "ultima_modificacion": "2025-08-01 01:01:16.662213"
  },
  "e802b120741a479b8fb14ee2bc48fe3545005c.jpeg": {
    "app_sintetizada": "E802B120741A479B8FB14EE2BC48FE3545005C.JPEG",
    "cantidad_archivos": 1,
    "archivos_fuente": [
      "Pictures/Fototeca de Fotos.photoslibrary/resources/derivatives/masters/E/E802B120-741A-479B-8FB1-4EE2BC48FE35_4_5005_c.jpeg"
    ],
    "ultima_modificacion": "2025-08-01 01:01:16.662599"
  },
  "effbbd11f13b4e64ac0389c3c05bc0bc45005c.jpeg": {
    "app_sintetizada": "EFFBBD11F13B4E64AC0389C3C05BC0BC45005C.JPEG",
    "cantidad_archivos": 1,
    "archivos_fuente": [
      "Pictures/Fototeca de Fotos.photoslibrary/resources/derivatives/masters/E/EFFBBD11-F13B-4E64-AC03-89C3C05BC0BC_4_5005_c.jpeg"
    ],
    "ultima_modificacion": "2025-08-01 01:01:16.662992"
  },
  "eb8d5f457895432ebc5ca1d2ab0d646645005c.jpeg": {
    "app_sintetizada": "EB8D5F457895432EBC5CA1D2AB0D646645005C.JPEG",
    "cantidad_archivos": 1,
    "archivos_fuente": [
      "Pictures/Fototeca de Fotos.photoslibrary/resources/derivatives/masters/E/EB8D5F45-7895-432E-BC5C-A1D2AB0D6466_4_5005_c.jpeg"
    ],
    "ultima_modificacion": "2025-08-01 01:01:16.663376"
  },
  "e02127cb36594cff87fb29bbe4862fd045005c.jpeg": {
    "app_sintetizada": "E02127CB36594CFF87FB29BBE4862FD045005C.JPEG",
    "cantidad_archivos": 1,
    "archivos_fuente": [
      "Pictures/Fototeca de Fotos.photoslibrary/resources/derivatives/masters/E/E02127CB-3659-4CFF-87FB-29BBE4862FD0_4_5005_c.jpeg"
    ],
    "ultima_modificacion": "2025-08-01 01:01:16.663723"
  },
  "ee7edc9d43734da1ac851cfcf1604b9a45005c.jpeg": {
    "app_sintetizada": "EE7EDC9D43734DA1AC851CFCF1604B9A45005C.JPEG",
    "cantidad_archivos": 1,
    "archivos_fuente": [
      "Pictures/Fototeca de Fotos.photoslibrary/resources/derivatives/masters/E/EE7EDC9D-4373-4DA1-AC85-1CFCF1604B9A_4_5005_c.jpeg"
    ],
    "ultima_modificacion": "2025-08-01 01:01:16.664051"
  },
  "ed9a1430759b41c1881e295e1ff9960345005c.jpeg": {
    "app_sintetizada": "ED9A1430759B41C1881E295E1FF9960345005C.JPEG",
    "cantidad_archivos": 1,
    "archivos_fuente": [
      "Pictures/Fototeca de Fotos.photoslibrary/resources/derivatives/masters/E/ED9A1430-759B-41C1-881E-295E1FF99603_4_5005_c.jpeg"
    ],
    "ultima_modificacion": "2025-08-01 01:01:16.664315"
  },
  "e1f7d5d6982b4f669c2cbc5041d819cc45005c.jpeg": {
    "app_sintetizada": "E1F7D5D6982B4F669C2CBC5041D819CC45005C.JPEG",
    "cantidad_archivos": 1,
    "archivos_fuente": [
      "Pictures/Fototeca de Fotos.photoslibrary/resources/derivatives/masters/E/E1F7D5D6-982B-4F66-9C2C-BC5041D819CC_4_5005_c.jpeg"
    ],
    "ultima_modificacion": "2025-08-01 01:01:16.664561"
  },
  "ebe384fa395c4a7096487fa7f29225e345005c.jpeg": {
    "app_sintetizada": "EBE384FA395C4A7096487FA7F29225E345005C.JPEG",
    "cantidad_archivos": 1,
    "archivos_fuente": [
      "Pictures/Fototeca de Fotos.photoslibrary/resources/derivatives/masters/E/EBE384FA-395C-4A70-9648-7FA7F29225E3_4_5005_c.jpeg"
    ],
    "ultima_modificacion": "2025-08-01 01:01:16.664804"
  },
  "e69cb452ef9e4b89b11a16541496029845005c.jpeg": {
    "app_sintetizada": "E69CB452EF9E4B89B11A16541496029845005C.JPEG",
    "cantidad_archivos": 1,
    "archivos_fuente": [
      "Pictures/Fototeca de Fotos.photoslibrary/resources/derivatives/masters/E/E69CB452-EF9E-4B89-B11A-165414960298_4_5005_c.jpeg"
    ],
    "ultima_modificacion": "2025-08-01 01:01:16.665045"
  },
  "e8ab0eda8da04e6b8704aea8eb33e86e45005c.jpeg": {
    "app_sintetizada": "E8AB0EDA8DA04E6B8704AEA8EB33E86E45005C.JPEG",
    "cantidad_archivos": 1,
    "archivos_fuente": [
      "Pictures/Fototeca de Fotos.photoslibrary/resources/derivatives/masters/E/E8AB0EDA-8DA0-4E6B-8704-AEA8EB33E86E_4_5005_c.jpeg"
    ],
    "ultima_modificacion": "2025-08-01 01:01:16.665290"
  },
  "eeb073cd93fe43ff9b17dca931b72d4645005c.jpeg": {
    "app_sintetizada": "EEB073CD93FE43FF9B17DCA931B72D4645005C.JPEG",
    "cantidad_archivos": 1,
    "archivos_fuente": [
      "Pictures/Fototeca de Fotos.photoslibrary/resources/derivatives/masters/E/EEB073CD-93FE-43FF-9B17-DCA931B72D46_4_5005_c.jpeg"
    ],
    "ultima_modificacion": "2025-08-01 01:01:16.665692"
  },
  "ed6ce475c5d847d586c31179078c32ef45005c.jpeg": {
    "app_sintetizada": "ED6CE475C5D847D586C31179078C32EF45005C.JPEG",
    "cantidad_archivos": 1,
    "archivos_fuente": [
      "Pictures/Fototeca de Fotos.photoslibrary/resources/derivatives/masters/E/ED6CE475-C5D8-47D5-86C3-1179078C32EF_4_5005_c.jpeg"
    ],
    "ultima_modificacion": "2025-08-01 01:01:16.666047"
  },
  "eca3de1103114aa58d4141b6bb9ccea545005c.jpeg": {
    "app_sintetizada": "ECA3DE1103114AA58D4141B6BB9CCEA545005C.JPEG",
    "cantidad_archivos": 1,
    "archivos_fuente": [
      "Pictures/Fototeca de Fotos.photoslibrary/resources/derivatives/masters/E/ECA3DE11-0311-4AA5-8D41-41B6BB9CCEA5_4_5005_c.jpeg"
    ],
    "ultima_modificacion": "2025-08-01 01:01:16.666315"
  },
  "e5be7b1e31b0496b850a0c0a97288d0845005c.jpeg": {
    "app_sintetizada": "E5BE7B1E31B0496B850A0C0A97288D0845005C.JPEG",
    "cantidad_archivos": 1,
    "archivos_fuente": [
      "Pictures/Fototeca de Fotos.photoslibrary/resources/derivatives/masters/E/E5BE7B1E-31B0-496B-850A-0C0A97288D08_4_5005_c.jpeg"
    ],
    "ultima_modificacion": "2025-08-01 01:01:16.666568"
  },
  "ef30d5dbe41b475bb81340a897c1993445005c.jpeg": {
    "app_sintetizada": "EF30D5DBE41B475BB81340A897C1993445005C.JPEG",
    "cantidad_archivos": 1,
    "archivos_fuente": [
      "Pictures/Fototeca de Fotos.photoslibrary/resources/derivatives/masters/E/EF30D5DB-E41B-475B-B813-40A897C19934_4_5005_c.jpeg"
    ],
    "ultima_modificacion": "2025-08-01 01:01:16.666919"
  },
  "efb796a95c26421c8f1783c917cd784245005c.jpeg": {
    "app_sintetizada": "EFB796A95C26421C8F1783C917CD784245005C.JPEG",
    "cantidad_archivos": 1,
    "archivos_fuente": [
      "Pictures/Fototeca de Fotos.photoslibrary/resources/derivatives/masters/E/EFB796A9-5C26-421C-8F17-83C917CD7842_4_5005_c.jpeg"
    ],
    "ultima_modificacion": "2025-08-01 01:01:16.668597"
  },
  "e85f0f34422e4d5081e35ff571df0b5f45005c.jpeg": {
    "app_sintetizada": "E85F0F34422E4D5081E35FF571DF0B5F45005C.JPEG",
    "cantidad_archivos": 1,
    "archivos_fuente": [
      "Pictures/Fototeca de Fotos.photoslibrary/resources/derivatives/masters/E/E85F0F34-422E-4D50-81E3-5FF571DF0B5F_4_5005_c.jpeg"
    ],
    "ultima_modificacion": "2025-08-01 01:01:16.669097"
  },
  "e7a838696af34d9590dc290e6b45f28745005c.jpeg": {
    "app_sintetizada": "E7A838696AF34D9590DC290E6B45F28745005C.JPEG",
    "cantidad_archivos": 1,
    "archivos_fuente": [
      "Pictures/Fototeca de Fotos.photoslibrary/resources/derivatives/masters/E/E7A83869-6AF3-4D95-90DC-290E6B45F287_4_5005_c.jpeg"
    ],
    "ultima_modificacion": "2025-08-01 01:01:16.669574"
  },
  "e0f815daed684aceb467b7078c83ff7645005c.jpeg": {
    "app_sintetizada": "E0F815DAED684ACEB467B7078C83FF7645005C.JPEG",
    "cantidad_archivos": 1,
    "archivos_fuente": [
      "Pictures/Fototeca de Fotos.photoslibrary/resources/derivatives/masters/E/E0F815DA-ED68-4ACE-B467-B7078C83FF76_4_5005_c.jpeg"
    ],
    "ultima_modificacion": "2025-08-01 01:01:16.669905"
  },
  "e7da77ac03d3482eb18edccf10fe19b045005c.jpeg": {
    "app_sintetizada": "E7DA77AC03D3482EB18EDCCF10FE19B045005C.JPEG",
    "cantidad_archivos": 1,
    "archivos_fuente": [
      "Pictures/Fototeca de Fotos.photoslibrary/resources/derivatives/masters/E/E7DA77AC-03D3-482E-B18E-DCCF10FE19B0_4_5005_c.jpeg"
    ],
    "ultima_modificacion": "2025-08-01 01:01:16.670170"
  },
  "eb87574daacc4f659273a72916cd287245005c.jpeg": {
    "app_sintetizada": "EB87574DAACC4F659273A72916CD287245005C.JPEG",
    "cantidad_archivos": 1,
    "archivos_fuente": [
      "Pictures/Fototeca de Fotos.photoslibrary/resources/derivatives/masters/E/EB87574D-AACC-4F65-9273-A72916CD2872_4_5005_c.jpeg"
    ],
    "ultima_modificacion": "2025-08-01 01:01:16.670401"
  },
  "ec19db0a77064043823a1250f1a71db845005c.jpeg": {
    "app_sintetizada": "EC19DB0A77064043823A1250F1A71DB845005C.JPEG",
    "cantidad_archivos": 1,
    "archivos_fuente": [
      "Pictures/Fototeca de Fotos.photoslibrary/resources/derivatives/masters/E/EC19DB0A-7706-4043-823A-1250F1A71DB8_4_5005_c.jpeg"
    ],
    "ultima_modificacion": "2025-08-01 01:01:16.670626"
  },
  "e61a650a70ac4f75acd6d3d0e7a33f2245005c.jpeg": {
    "app_sintetizada": "E61A650A70AC4F75ACD6D3D0E7A33F2245005C.JPEG",
    "cantidad_archivos": 1,
    "archivos_fuente": [
      "Pictures/Fototeca de Fotos.photoslibrary/resources/derivatives/masters/E/E61A650A-70AC-4F75-ACD6-D3D0E7A33F22_4_5005_c.jpeg"
    ],
    "ultima_modificacion": "2025-08-01 01:01:16.671071"
  },
  "e42b5bcb1c4440e9a685819ae6da27a645005c.jpeg": {
    "app_sintetizada": "E42B5BCB1C4440E9A685819AE6DA27A645005C.JPEG",
    "cantidad_archivos": 1,
    "archivos_fuente": [
      "Pictures/Fototeca de Fotos.photoslibrary/resources/derivatives/masters/E/E42B5BCB-1C44-40E9-A685-819AE6DA27A6_4_5005_c.jpeg"
    ],
    "ultima_modificacion": "2025-08-01 01:01:16.671690"
  },
  "e11c0401739441a7a9e087af3e7256d045005c.jpeg": {
    "app_sintetizada": "E11C0401739441A7A9E087AF3E7256D045005C.JPEG",
    "cantidad_archivos": 1,
    "archivos_fuente": [
      "Pictures/Fototeca de Fotos.photoslibrary/resources/derivatives/masters/E/E11C0401-7394-41A7-A9E0-87AF3E7256D0_4_5005_c.jpeg"
    ],
    "ultima_modificacion": "2025-08-01 01:01:16.676228"
  },
  "e1e8a7887e8c4f608e20061ed72a342245005c.jpeg": {
    "app_sintetizada": "E1E8A7887E8C4F608E20061ED72A342245005C.JPEG",
    "cantidad_archivos": 1,
    "archivos_fuente": [
      "Pictures/Fototeca de Fotos.photoslibrary/resources/derivatives/masters/E/E1E8A788-7E8C-4F60-8E20-061ED72A3422_4_5005_c.jpeg"
    ],
    "ultima_modificacion": "2025-08-01 01:01:16.676609"
  },
  "e1f83ec9722641f198aead258038d09545005c.jpeg": {
    "app_sintetizada": "E1F83EC9722641F198AEAD258038D09545005C.JPEG",
    "cantidad_archivos": 1,
    "archivos_fuente": [
      "Pictures/Fototeca de Fotos.photoslibrary/resources/derivatives/masters/E/E1F83EC9-7226-41F1-98AE-AD258038D095_4_5005_c.jpeg"
    ],
    "ultima_modificacion": "2025-08-01 01:01:16.677092"
  },
  "e79d707b7cbc4ac9a4603c437e36470e45005c.jpeg": {
    "app_sintetizada": "E79D707B7CBC4AC9A4603C437E36470E45005C.JPEG",
    "cantidad_archivos": 1,
    "archivos_fuente": [
      "Pictures/Fototeca de Fotos.photoslibrary/resources/derivatives/masters/E/E79D707B-7CBC-4AC9-A460-3C437E36470E_4_5005_c.jpeg"
    ],
    "ultima_modificacion": "2025-08-01 01:01:16.677395"
  },
  "efc3f00a05e846e4902587aa7e4c0cc045005c.jpeg": {
    "app_sintetizada": "EFC3F00A05E846E4902587AA7E4C0CC045005C.JPEG",
    "cantidad_archivos": 1,
    "archivos_fuente": [
      "Pictures/Fototeca de Fotos.photoslibrary/resources/derivatives/masters/E/EFC3F00A-05E8-46E4-9025-87AA7E4C0CC0_4_5005_c.jpeg"
    ],
    "ultima_modificacion": "2025-08-01 01:01:16.677635"
  },
  "eb6dfe6c11da40b8973b455bb4f3fb5145005c.jpeg": {
    "app_sintetizada": "EB6DFE6C11DA40B8973B455BB4F3FB5145005C.JPEG",
    "cantidad_archivos": 1,
    "archivos_fuente": [
      "Pictures/Fototeca de Fotos.photoslibrary/resources/derivatives/masters/E/EB6DFE6C-11DA-40B8-973B-455BB4F3FB51_4_5005_c.jpeg"
    ],
    "ultima_modificacion": "2025-08-01 01:01:16.677875"
  },
  "ef08ffd77fc74ac5910e064242b54bbf45005c.jpeg": {
    "app_sintetizada": "EF08FFD77FC74AC5910E064242B54BBF45005C.JPEG",
    "cantidad_archivos": 1,
    "archivos_fuente": [
      "Pictures/Fototeca de Fotos.photoslibrary/resources/derivatives/masters/E/EF08FFD7-7FC7-4AC5-910E-064242B54BBF_4_5005_c.jpeg"
    ],
    "ultima_modificacion": "2025-08-01 01:01:16.678106"
  },
  "e0dc5407ba0d4204af268acd9ae4451a45005c.jpeg": {
    "app_sintetizada": "E0DC5407BA0D4204AF268ACD9AE4451A45005C.JPEG",
    "cantidad_archivos": 1,
    "archivos_fuente": [
      "Pictures/Fototeca de Fotos.photoslibrary/resources/derivatives/masters/E/E0DC5407-BA0D-4204-AF26-8ACD9AE4451A_4_5005_c.jpeg"
    ],
    "ultima_modificacion": "2025-08-01 01:01:16.678388"
  },
  "ee8ac19836c2449d819a20d77fcf28ed45005c.jpeg": {
    "app_sintetizada": "EE8AC19836C2449D819A20D77FCF28ED45005C.JPEG",
    "cantidad_archivos": 1,
    "archivos_fuente": [
      "Pictures/Fototeca de Fotos.photoslibrary/resources/derivatives/masters/E/EE8AC198-36C2-449D-819A-20D77FCF28ED_4_5005_c.jpeg"
    ],
    "ultima_modificacion": "2025-08-01 01:01:16.679300"
  },
  "e00f140d979d4604b0e8701ffb80073b45005c.jpeg": {
    "app_sintetizada": "E00F140D979D4604B0E8701FFB80073B45005C.JPEG",
    "cantidad_archivos": 1,
    "archivos_fuente": [
      "Pictures/Fototeca de Fotos.photoslibrary/resources/derivatives/masters/E/E00F140D-979D-4604-B0E8-701FFB80073B_4_5005_c.jpeg"
    ],
    "ultima_modificacion": "2025-08-01 01:01:16.679807"
  },
  "e6080bd2ebe846caa99320e01da2d0b445005c.jpeg": {
    "app_sintetizada": "E6080BD2EBE846CAA99320E01DA2D0B445005C.JPEG",
    "cantidad_archivos": 1,
    "archivos_fuente": [
      "Pictures/Fototeca de Fotos.photoslibrary/resources/derivatives/masters/E/E6080BD2-EBE8-46CA-A993-20E01DA2D0B4_4_5005_c.jpeg"
    ],
    "ultima_modificacion": "2025-08-01 01:01:16.680420"
  },
  "e7d6cccfb07d4990a92c5d66d8ee307c45005c.jpeg": {
    "app_sintetizada": "E7D6CCCFB07D4990A92C5D66D8EE307C45005C.JPEG",
    "cantidad_archivos": 1,
    "archivos_fuente": [
      "Pictures/Fototeca de Fotos.photoslibrary/resources/derivatives/masters/E/E7D6CCCF-B07D-4990-A92C-5D66D8EE307C_4_5005_c.jpeg"
    ],
    "ultima_modificacion": "2025-08-01 01:01:16.680705"
  },
  "e77539f453604755ab8f064525595b6a45005c.jpeg": {
    "app_sintetizada": "E77539F453604755AB8F064525595B6A45005C.JPEG",
    "cantidad_archivos": 1,
    "archivos_fuente": [
      "Pictures/Fototeca de Fotos.photoslibrary/resources/derivatives/masters/E/E77539F4-5360-4755-AB8F-064525595B6A_4_5005_c.jpeg"
    ],
    "ultima_modificacion": "2025-08-01 01:01:16.680988"
  },
  "e4e71f68cd7449f681a4b84983b764da45005c.jpeg": {
    "app_sintetizada": "E4E71F68CD7449F681A4B84983B764DA45005C.JPEG",
    "cantidad_archivos": 1,
    "archivos_fuente": [
      "Pictures/Fototeca de Fotos.photoslibrary/resources/derivatives/masters/E/E4E71F68-CD74-49F6-81A4-B84983B764DA_4_5005_c.jpeg"
    ],
    "ultima_modificacion": "2025-08-01 01:01:16.681236"
  },
  "ea6f7b6349a848b7b6e868d9b4d2b44e45005c.jpeg": {
    "app_sintetizada": "EA6F7B6349A848B7B6E868D9B4D2B44E45005C.JPEG",
    "cantidad_archivos": 1,
    "archivos_fuente": [
      "Pictures/Fototeca de Fotos.photoslibrary/resources/derivatives/masters/E/EA6F7B63-49A8-48B7-B6E8-68D9B4D2B44E_4_5005_c.jpeg"
    ],
    "ultima_modificacion": "2025-08-01 01:01:16.681699"
  },
  "e473a0ad200c4edc956ce6f0f426048045005c.jpeg": {
    "app_sintetizada": "E473A0AD200C4EDC956CE6F0F426048045005C.JPEG",
    "cantidad_archivos": 1,
    "archivos_fuente": [
      "Pictures/Fototeca de Fotos.photoslibrary/resources/derivatives/masters/E/E473A0AD-200C-4EDC-956C-E6F0F4260480_4_5005_c.jpeg"
    ],
    "ultima_modificacion": "2025-08-01 01:01:16.681981"
  },
  "eaa6bc867ab24eeaa26f6dd81176681045005c.jpeg": {
    "app_sintetizada": "EAA6BC867AB24EEAA26F6DD81176681045005C.JPEG",
    "cantidad_archivos": 1,
    "archivos_fuente": [
      "Pictures/Fototeca de Fotos.photoslibrary/resources/derivatives/masters/E/EAA6BC86-7AB2-4EEA-A26F-6DD811766810_4_5005_c.jpeg"
    ],
    "ultima_modificacion": "2025-08-01 01:01:16.682283"
  },
  "e4662faeec4e4c298043df190fea279f45005c.jpeg": {
    "app_sintetizada": "E4662FAEEC4E4C298043DF190FEA279F45005C.JPEG",
    "cantidad_archivos": 1,
    "archivos_fuente": [
      "Pictures/Fototeca de Fotos.photoslibrary/resources/derivatives/masters/E/E4662FAE-EC4E-4C29-8043-DF190FEA279F_4_5005_c.jpeg"
    ],
    "ultima_modificacion": "2025-08-01 01:01:16.682717"
  },
  "ee5eff515a544c12b89037a74a7e3bce45005c.jpeg": {
    "app_sintetizada": "EE5EFF515A544C12B89037A74A7E3BCE45005C.JPEG",
    "cantidad_archivos": 1,
    "archivos_fuente": [
      "Pictures/Fototeca de Fotos.photoslibrary/resources/derivatives/masters/E/EE5EFF51-5A54-4C12-B890-37A74A7E3BCE_4_5005_c.jpeg"
    ],
    "ultima_modificacion": "2025-08-01 01:01:16.683082"
  },
  "eadcf47fb24c47dfacf4eddf40af7bea45005c.jpeg": {
    "app_sintetizada": "EADCF47FB24C47DFACF4EDDF40AF7BEA45005C.JPEG",
    "cantidad_archivos": 1,
    "archivos_fuente": [
      "Pictures/Fototeca de Fotos.photoslibrary/resources/derivatives/masters/E/EADCF47F-B24C-47DF-ACF4-EDDF40AF7BEA_4_5005_c.jpeg"
    ],
    "ultima_modificacion": "2025-08-01 01:01:16.683342"
  },
  "e363d4d352c84d35bd40cc14cce96fc845005c.jpeg": {
    "app_sintetizada": "E363D4D352C84D35BD40CC14CCE96FC845005C.JPEG",
    "cantidad_archivos": 1,
    "archivos_fuente": [
      "Pictures/Fototeca de Fotos.photoslibrary/resources/derivatives/masters/E/E363D4D3-52C8-4D35-BD40-CC14CCE96FC8_4_5005_c.jpeg"
    ],
    "ultima_modificacion": "2025-08-01 01:01:16.683571"
  },
  "ea6c4d96d0a842f5b663e59b63e2bde945005c.jpeg": {
    "app_sintetizada": "EA6C4D96D0A842F5B663E59B63E2BDE945005C.JPEG",
    "cantidad_archivos": 1,
    "archivos_fuente": [
      "Pictures/Fototeca de Fotos.photoslibrary/resources/derivatives/masters/E/EA6C4D96-D0A8-42F5-B663-E59B63E2BDE9_4_5005_c.jpeg"
    ],
    "ultima_modificacion": "2025-08-01 01:01:16.683800"
  },
  "e9fcc5bfa27c4e169e961fb5438bf69445005c.jpeg": {
    "app_sintetizada": "E9FCC5BFA27C4E169E961FB5438BF69445005C.JPEG",
    "cantidad_archivos": 1,
    "archivos_fuente": [
      "Pictures/Fototeca de Fotos.photoslibrary/resources/derivatives/masters/E/E9FCC5BF-A27C-4E16-9E96-1FB5438BF694_4_5005_c.jpeg"
    ],
    "ultima_modificacion": "2025-08-01 01:01:16.684043"
  },
  "e2804d1ca3d14a0d9358ea3ea78cc6a845005c.jpeg": {
    "app_sintetizada": "E2804D1CA3D14A0D9358EA3EA78CC6A845005C.JPEG",
    "cantidad_archivos": 1,
    "archivos_fuente": [
      "Pictures/Fototeca de Fotos.photoslibrary/resources/derivatives/masters/E/E2804D1C-A3D1-4A0D-9358-EA3EA78CC6A8_4_5005_c.jpeg"
    ],
    "ultima_modificacion": "2025-08-01 01:01:16.684278"
  },
  "e056b115f6fa4d3ab9b08bdc84a6f8b645005c.jpeg": {
    "app_sintetizada": "E056B115F6FA4D3AB9B08BDC84A6F8B645005C.JPEG",
    "cantidad_archivos": 1,
    "archivos_fuente": [
      "Pictures/Fototeca de Fotos.photoslibrary/resources/derivatives/masters/E/E056B115-F6FA-4D3A-B9B0-8BDC84A6F8B6_4_5005_c.jpeg"
    ],
    "ultima_modificacion": "2025-08-01 01:01:16.684559"
  }
}