{
  "207f0c01b8674673b5f14700a619160345005c.jpeg": {
    "app_sintetizada": "207F0C01B8674673B5F14700A619160345005C.JPEG",
    "cantidad_archivos": 1,
    "archivos_fuente": [
      "Pictures/Fototeca de Fotos.photoslibrary/resources/derivatives/masters/2/207F0C01-B867-4673-B5F1-4700A6191603_4_5005_c.jpeg"
    ],
    "ultima_modificacion": "2025-08-01 01:01:19.446341"
  },
  "29a77b9cbd284bed8d2934870d822a6845005c.jpeg": {
    "app_sintetizada": "29A77B9CBD284BED8D2934870D822A6845005C.JPEG",
    "cantidad_archivos": 1,
    "archivos_fuente": [
      "Pictures/Fototeca de Fotos.photoslibrary/resources/derivatives/masters/2/29A77B9C-BD28-4BED-8D29-34870D822A68_4_5005_c.jpeg"
    ],
    "ultima_modificacion": "2025-08-01 01:01:19.446656"
  },
  "2c8e8287ed1745769bec773abfafe15145005c.jpeg": {
    "app_sintetizada": "2C8E8287ED1745769BEC773ABFAFE15145005C.JPEG",
    "cantidad_archivos": 1,
    "archivos_fuente": [
      "Pictures/Fototeca de Fotos.photoslibrary/resources/derivatives/masters/2/2C8E8287-ED17-4576-9BEC-773ABFAFE151_4_5005_c.jpeg"
    ],
    "ultima_modificacion": "2025-08-01 01:01:19.447004"
  },
  "23ab307f3f4c4bd29805939f1fe58f8345005c.jpeg": {
    "app_sintetizada": "23AB307F3F4C4BD29805939F1FE58F8345005C.JPEG",
    "cantidad_archivos": 1,
    "archivos_fuente": [
      "Pictures/Fototeca de Fotos.photoslibrary/resources/derivatives/masters/2/23AB307F-3F4C-4BD2-9805-939F1FE58F83_4_5005_c.jpeg"
    ],
    "ultima_modificacion": "2025-08-01 01:01:19.447342"
  },
  "2fa6fedc53ca43a5add4065eb03132f345005c.jpeg": {
    "app_sintetizada": "2FA6FEDC53CA43A5ADD4065EB03132F345005C.JPEG",
    "cantidad_archivos": 1,
    "archivos_fuente": [
      "Pictures/Fototeca de Fotos.photoslibrary/resources/derivatives/masters/2/2FA6FEDC-53CA-43A5-ADD4-065EB03132F3_4_5005_c.jpeg"
    ],
    "ultima_modificacion": "2025-08-01 01:01:19.447697"
  },
  "2f2d5e0c0f9b4e5589511ebd05bf212f45005c.jpeg": {
    "app_sintetizada": "2F2D5E0C0F9B4E5589511EBD05BF212F45005C.JPEG",
    "cantidad_archivos": 1,
    "archivos_fuente": [
      "Pictures/Fototeca de Fotos.photoslibrary/resources/derivatives/masters/2/2F2D5E0C-0F9B-4E55-8951-1EBD05BF212F_4_5005_c.jpeg"
    ],
    "ultima_modificacion": "2025-08-01 01:01:19.448047"
  },
  "224fc9c12ccd4a648c5d84c89e928dfc45005c.jpeg": {
    "app_sintetizada": "224FC9C12CCD4A648C5D84C89E928DFC45005C.JPEG",
    "cantidad_archivos": 1,
    "archivos_fuente": [
      "Pictures/Fototeca de Fotos.photoslibrary/resources/derivatives/masters/2/224FC9C1-2CCD-4A64-8C5D-84C89E928DFC_4_5005_c.jpeg"
    ],
    "ultima_modificacion": "2025-08-01 01:01:19.448425"
  },
  "2fb8e64c57144974b002bbc0480e60d645005c.jpeg": {
    "app_sintetizada": "2FB8E64C57144974B002BBC0480E60D645005C.JPEG",
    "cantidad_archivos": 1,
    "archivos_fuente": [
      "Pictures/Fototeca de Fotos.photoslibrary/resources/derivatives/masters/2/2FB8E64C-5714-4974-B002-BBC0480E60D6_4_5005_c.jpeg"
    ],
    "ultima_modificacion": "2025-08-01 01:01:19.448786"
  },
  "2df0b9998a704ff79988bbd9d58bc51f45005c.jpeg": {
    "app_sintetizada": "2DF0B9998A704FF79988BBD9D58BC51F45005C.JPEG",
    "cantidad_archivos": 1,
    "archivos_fuente": [
      "Pictures/Fototeca de Fotos.photoslibrary/resources/derivatives/masters/2/2DF0B999-8A70-4FF7-9988-BBD9D58BC51F_4_5005_c.jpeg"
    ],
    "ultima_modificacion": "2025-08-01 01:01:19.449314"
  },
  "21ef9c7c956e40aea49fa8e3a02520f445005c.jpeg": {
    "app_sintetizada": "21EF9C7C956E40AEA49FA8E3A02520F445005C.JPEG",
    "cantidad_archivos": 1,
    "archivos_fuente": [
      "Pictures/Fototeca de Fotos.photoslibrary/resources/derivatives/masters/2/21EF9C7C-956E-40AE-A49F-A8E3A02520F4_4_5005_c.jpeg"
    ],
    "ultima_modificacion": "2025-08-01 01:01:19.449678"
  },
  "2285137a39db43a28db313086890f89545005c.jpeg": {
    "app_sintetizada": "2285137A39DB43A28DB313086890F89545005C.JPEG",
    "cantidad_archivos": 1,
    "archivos_fuente": [
      "Pictures/Fototeca de Fotos.photoslibrary/resources/derivatives/masters/2/2285137A-39DB-43A2-8DB3-13086890F895_4_5005_c.jpeg"
    ],
    "ultima_modificacion": "2025-08-01 01:01:19.450024"
  },
  "287d611745884aa4ae3365846a1aa35a45005c.jpeg": {
    "app_sintetizada": "287D611745884AA4AE3365846A1AA35A45005C.JPEG",
    "cantidad_archivos": 1,
    "archivos_fuente": [
      "Pictures/Fototeca de Fotos.photoslibrary/resources/derivatives/masters/2/287D6117-4588-4AA4-AE33-65846A1AA35A_4_5005_c.jpeg"
    ],
    "ultima_modificacion": "2025-08-01 01:01:19.450348"
  },
  "207836b3fd774750bba0bdb21ad3711f45005c.jpeg": {
    "app_sintetizada": "207836B3FD774750BBA0BDB21AD3711F45005C.JPEG",
    "cantidad_archivos": 1,
    "archivos_fuente": [
      "Pictures/Fototeca de Fotos.photoslibrary/resources/derivatives/masters/2/207836B3-FD77-4750-BBA0-BDB21AD3711F_4_5005_c.jpeg"
    ],
    "ultima_modificacion": "2025-08-01 01:01:19.450677"
  },
  "2926372c8cd9494882aaa7d64d97eb3745005c.jpeg": {
    "app_sintetizada": "2926372C8CD9494882AAA7D64D97EB3745005C.JPEG",
    "cantidad_archivos": 1,
    "archivos_fuente": [
      "Pictures/Fototeca de Fotos.photoslibrary/resources/derivatives/masters/2/2926372C-8CD9-4948-82AA-A7D64D97EB37_4_5005_c.jpeg"
    ],
    "ultima_modificacion": "2025-08-01 01:01:19.451069"
  },
  "201e2b406fde4d9bab487e8496e6090d45005c.jpeg": {
    "app_sintetizada": "201E2B406FDE4D9BAB487E8496E6090D45005C.JPEG",
    "cantidad_archivos": 1,
    "archivos_fuente": [
      "Pictures/Fototeca de Fotos.photoslibrary/resources/derivatives/masters/2/201E2B40-6FDE-4D9B-AB48-7E8496E6090D_4_5005_c.jpeg"
    ],
    "ultima_modificacion": "2025-08-01 01:01:19.451456"
  },
  "28df976076bc4cc88d26d2f2cd293f6a45005c.jpeg": {
    "app_sintetizada": "28DF976076BC4CC88D26D2F2CD293F6A45005C.JPEG",
    "cantidad_archivos": 1,
    "archivos_fuente": [
      "Pictures/Fototeca de Fotos.photoslibrary/resources/derivatives/masters/2/28DF9760-76BC-4CC8-8D26-D2F2CD293F6A_4_5005_c.jpeg"
    ],
    "ultima_modificacion": "2025-08-01 01:01:19.451797"
  },
  "2691f8bef8404c598eed9528fec604cd45005c.jpeg": {
    "app_sintetizada": "2691F8BEF8404C598EED9528FEC604CD45005C.JPEG",
    "cantidad_archivos": 1,
    "archivos_fuente": [
      "Pictures/Fototeca de Fotos.photoslibrary/resources/derivatives/masters/2/2691F8BE-F840-4C59-8EED-9528FEC604CD_4_5005_c.jpeg"
    ],
    "ultima_modificacion": "2025-08-01 01:01:19.452134"
  },
  "2ef2195305c74f0796bd688c9467543745005c.jpeg": {
    "app_sintetizada": "2EF2195305C74F0796BD688C9467543745005C.JPEG",
    "cantidad_archivos": 1,
    "archivos_fuente": [
      "Pictures/Fototeca de Fotos.photoslibrary/resources/derivatives/masters/2/2EF21953-05C7-4F07-96BD-688C94675437_4_5005_c.jpeg"
    ],
    "ultima_modificacion": "2025-08-01 01:01:19.452475"
  },
  "2750339e2848440887e18a220c48890f45005c.jpeg": {
    "app_sintetizada": "2750339E2848440887E18A220C48890F45005C.JPEG",
    "cantidad_archivos": 1,
    "archivos_fuente": [
      "Pictures/Fototeca de Fotos.photoslibrary/resources/derivatives/masters/2/2750339E-2848-4408-87E1-8A220C48890F_4_5005_c.jpeg"
    ],
    "ultima_modificacion": "2025-08-01 01:01:19.452793"
  },
  "241a72feefa24c37af53f81790974ea245005c.jpeg": {
    "app_sintetizada": "241A72FEEFA24C37AF53F81790974EA245005C.JPEG",
    "cantidad_archivos": 1,
    "archivos_fuente": [
      "Pictures/Fototeca de Fotos.photoslibrary/resources/derivatives/masters/2/241A72FE-EFA2-4C37-AF53-F81790974EA2_4_5005_c.jpeg"
    ],
    "ultima_modificacion": "2025-08-01 01:01:19.453112"
  },
  "2df4b0d1755a4a2e8ae1ee4095088e5f45005c.jpeg": {
    "app_sintetizada": "2DF4B0D1755A4A2E8AE1EE4095088E5F45005C.JPEG",
    "cantidad_archivos": 1,
    "archivos_fuente": [
      "Pictures/Fototeca de Fotos.photoslibrary/resources/derivatives/masters/2/2DF4B0D1-755A-4A2E-8AE1-EE4095088E5F_4_5005_c.jpeg"
    ],
    "ultima_modificacion": "2025-08-01 01:01:19.453418"
  },
  "2b9ea683588f4766bd9d46299257b50545005c.jpeg": {
    "app_sintetizada": "2B9EA683588F4766BD9D46299257B50545005C.JPEG",
    "cantidad_archivos": 1,
    "archivos_fuente": [
      "Pictures/Fototeca de Fotos.photoslibrary/resources/derivatives/masters/2/2B9EA683-588F-4766-BD9D-46299257B505_4_5005_c.jpeg"
    ],
    "ultima_modificacion": "2025-08-01 01:01:19.453694"
  },
  "212cc7f6cbb1464488699bc638fc692b45005c.jpeg": {
    "app_sintetizada": "212CC7F6CBB1464488699BC638FC692B45005C.JPEG",
    "cantidad_archivos": 1,
    "archivos_fuente": [
      "Pictures/Fototeca de Fotos.photoslibrary/resources/derivatives/masters/2/212CC7F6-CBB1-4644-8869-9BC638FC692B_4_5005_c.jpeg"
    ],
    "ultima_modificacion": "2025-08-01 01:01:19.453993"
  },
  "27d30ec947d049568bb2359041b9899345005c.jpeg": {
    "app_sintetizada": "27D30EC947D049568BB2359041B9899345005C.JPEG",
    "cantidad_archivos": 1,
    "archivos_fuente": [
      "Pictures/Fototeca de Fotos.photoslibrary/resources/derivatives/masters/2/27D30EC9-47D0-4956-8BB2-359041B98993_4_5005_c.jpeg"
    ],
    "ultima_modificacion": "2025-08-01 01:01:19.454322"
  },
  "210e67c1536649a790416c0fe284cfee45005c.jpeg": {
    "app_sintetizada": "210E67C1536649A790416C0FE284CFEE45005C.JPEG",
    "cantidad_archivos": 1,
    "archivos_fuente": [
      "Pictures/Fototeca de Fotos.photoslibrary/resources/derivatives/masters/2/210E67C1-5366-49A7-9041-6C0FE284CFEE_4_5005_c.jpeg"
    ],
    "ultima_modificacion": "2025-08-01 01:01:19.454719"
  },
  "24e25935ca2b4a46a0086e9790fffa2d45005c.jpeg": {
    "app_sintetizada": "24E25935CA2B4A46A0086E9790FFFA2D45005C.JPEG",
    "cantidad_archivos": 1,
    "archivos_fuente": [
      "Pictures/Fototeca de Fotos.photoslibrary/resources/derivatives/masters/2/24E25935-CA2B-4A46-A008-6E9790FFFA2D_4_5005_c.jpeg"
    ],
    "ultima_modificacion": "2025-08-01 01:01:19.455044"
  },
  "2020d6c7184c42439c3085b4f7a2a32f45005c.jpeg": {
    "app_sintetizada": "2020D6C7184C42439C3085B4F7A2A32F45005C.JPEG",
    "cantidad_archivos": 1,
    "archivos_fuente": [
      "Pictures/Fototeca de Fotos.photoslibrary/resources/derivatives/masters/2/2020D6C7-184C-4243-9C30-85B4F7A2A32F_4_5005_c.jpeg"
    ],
    "ultima_modificacion": "2025-08-01 01:01:19.455379"
  },
  "2bedeab59d1f4a0ebefafa992f25b14745005c.jpeg": {
    "app_sintetizada": "2BEDEAB59D1F4A0EBEFAFA992F25B14745005C.JPEG",
    "cantidad_archivos": 1,
    "archivos_fuente": [
      "Pictures/Fototeca de Fotos.photoslibrary/resources/derivatives/masters/2/2BEDEAB5-9D1F-4A0E-BEFA-FA992F25B147_4_5005_c.jpeg"
    ],
    "ultima_modificacion": "2025-08-01 01:01:19.455723"
  },
  "254b8fe1955e4109bd66dfb1237e2d7345005c.jpeg": {
    "app_sintetizada": "254B8FE1955E4109BD66DFB1237E2D7345005C.JPEG",
    "cantidad_archivos": 1,
    "archivos_fuente": [
      "Pictures/Fototeca de Fotos.photoslibrary/resources/derivatives/masters/2/254B8FE1-955E-4109-BD66-DFB1237E2D73_4_5005_c.jpeg"
    ],
    "ultima_modificacion": "2025-08-01 01:01:19.456070"
  },
  "28cd01332a994a5294a04ff14fb0026745005c.jpeg": {
    "app_sintetizada": "28CD01332A994A5294A04FF14FB0026745005C.JPEG",
    "cantidad_archivos": 1,
    "archivos_fuente": [
      "Pictures/Fototeca de Fotos.photoslibrary/resources/derivatives/masters/2/28CD0133-2A99-4A52-94A0-4FF14FB00267_4_5005_c.jpeg"
    ],
    "ultima_modificacion": "2025-08-01 01:01:19.456439"
  },
  "2858c83737804580852546a2b79d3e2b45005c.jpeg": {
    "app_sintetizada": "2858C83737804580852546A2B79D3E2B45005C.JPEG",
    "cantidad_archivos": 1,
    "archivos_fuente": [
      "Pictures/Fototeca de Fotos.photoslibrary/resources/derivatives/masters/2/2858C837-3780-4580-8525-46A2B79D3E2B_4_5005_c.jpeg"
    ],
    "ultima_modificacion": "2025-08-01 01:01:19.456827"
  },
  "28840b5d32434f6c935866eb84489b3945005c.jpeg": {
    "app_sintetizada": "28840B5D32434F6C935866EB84489B3945005C.JPEG",
    "cantidad_archivos": 1,
    "archivos_fuente": [
      "Pictures/Fototeca de Fotos.photoslibrary/resources/derivatives/masters/2/28840B5D-3243-4F6C-9358-66EB84489B39_4_5005_c.jpeg"
    ],
    "ultima_modificacion": "2025-08-01 01:01:19.457177"
  },
  "22404da807cf4897a7f93376b5c0aefe45005c.jpeg": {
    "app_sintetizada": "22404DA807CF4897A7F93376B5C0AEFE45005C.JPEG",
    "cantidad_archivos": 1,
    "archivos_fuente": [
      "Pictures/Fototeca de Fotos.photoslibrary/resources/derivatives/masters/2/22404DA8-07CF-4897-A7F9-3376B5C0AEFE_4_5005_c.jpeg"
    ],
    "ultima_modificacion": "2025-08-01 01:01:19.457518"
  },
  "29e8cfc80c9b44e195fc37712c7c9a6b45005c.jpeg": {
    "app_sintetizada": "29E8CFC80C9B44E195FC37712C7C9A6B45005C.JPEG",
    "cantidad_archivos": 1,
    "archivos_fuente": [
      "Pictures/Fototeca de Fotos.photoslibrary/resources/derivatives/masters/2/29E8CFC8-0C9B-44E1-95FC-37712C7C9A6B_4_5005_c.jpeg"
    ],
    "ultima_modificacion": "2025-08-01 01:01:19.457853"
  },
  "29534d8c686a4c4583b9139f9f4c13a845005c.jpeg": {
    "app_sintetizada": "29534D8C686A4C4583B9139F9F4C13A845005C.JPEG",
    "cantidad_archivos": 1,
    "archivos_fuente": [
      "Pictures/Fototeca de Fotos.photoslibrary/resources/derivatives/masters/2/29534D8C-686A-4C45-83B9-139F9F4C13A8_4_5005_c.jpeg"
    ],
    "ultima_modificacion": "2025-08-01 01:01:19.458168"
  },
  "2b6212290ae84d6385c658d47e54d3ae45005c.jpeg": {
    "app_sintetizada": "2B6212290AE84D6385C658D47E54D3AE45005C.JPEG",
    "cantidad_archivos": 1,
    "archivos_fuente": [
      "Pictures/Fototeca de Fotos.photoslibrary/resources/derivatives/masters/2/2B621229-0AE8-4D63-85C6-58D47E54D3AE_4_5005_c.jpeg"
    ],
    "ultima_modificacion": "2025-08-01 01:01:19.458506"
  },
  "253da71108fb4b93ac060d2147399f3e45005c.jpeg": {
    "app_sintetizada": "253DA71108FB4B93AC060D2147399F3E45005C.JPEG",
    "cantidad_archivos": 1,
    "archivos_fuente": [
      "Pictures/Fototeca de Fotos.photoslibrary/resources/derivatives/masters/2/253DA711-08FB-4B93-AC06-0D2147399F3E_4_5005_c.jpeg"
    ],
    "ultima_modificacion": "2025-08-01 01:01:19.458834"
  },
  "239f060896cc4254b208aefa727bdb3a45005c.jpeg": {
    "app_sintetizada": "239F060896CC4254B208AEFA727BDB3A45005C.JPEG",
    "cantidad_archivos": 1,
    "archivos_fuente": [
      "Pictures/Fototeca de Fotos.photoslibrary/resources/derivatives/masters/2/239F0608-96CC-4254-B208-AEFA727BDB3A_4_5005_c.jpeg"
    ],
    "ultima_modificacion": "2025-08-01 01:01:19.459182"
  },
  "2421fb95ea954f75a899d73c65be86bc45005c.jpeg": {
    "app_sintetizada": "2421FB95EA954F75A899D73C65BE86BC45005C.JPEG",
    "cantidad_archivos": 1,
    "archivos_fuente": [
      "Pictures/Fototeca de Fotos.photoslibrary/resources/derivatives/masters/2/2421FB95-EA95-4F75-A899-D73C65BE86BC_4_5005_c.jpeg"
    ],
    "ultima_modificacion": "2025-08-01 01:01:19.459611"
  },
  "2d6e09f179f94752aea259d57312316445005c.jpeg": {
    "app_sintetizada": "2D6E09F179F94752AEA259D57312316445005C.JPEG",
    "cantidad_archivos": 1,
    "archivos_fuente": [
      "Pictures/Fototeca de Fotos.photoslibrary/resources/derivatives/masters/2/2D6E09F1-79F9-4752-AEA2-59D573123164_4_5005_c.jpeg"
    ],
    "ultima_modificacion": "2025-08-01 01:01:19.459960"
  },
  "2d62ec349a234c07b48d16f44dff251a45005c.jpeg": {
    "app_sintetizada": "2D62EC349A234C07B48D16F44DFF251A45005C.JPEG",
    "cantidad_archivos": 1,
    "archivos_fuente": [
      "Pictures/Fototeca de Fotos.photoslibrary/resources/derivatives/masters/2/2D62EC34-9A23-4C07-B48D-16F44DFF251A_4_5005_c.jpeg"
    ],
    "ultima_modificacion": "2025-08-01 01:01:19.460308"
  },
  "2d06b9c51d7143ed8b4f924c32d0e15945005c.jpeg": {
    "app_sintetizada": "2D06B9C51D7143ED8B4F924C32D0E15945005C.JPEG",
    "cantidad_archivos": 1,
    "archivos_fuente": [
      "Pictures/Fototeca de Fotos.photoslibrary/resources/derivatives/masters/2/2D06B9C5-1D71-43ED-8B4F-924C32D0E159_4_5005_c.jpeg"
    ],
    "ultima_modificacion": "2025-08-01 01:01:19.460682"
  },
  "28b0372923ab430695852426e50a14a445005c.jpeg": {
    "app_sintetizada": "28B0372923AB430695852426E50A14A445005C.JPEG",
    "cantidad_archivos": 1,
    "archivos_fuente": [
      "Pictures/Fototeca de Fotos.photoslibrary/resources/derivatives/masters/2/28B03729-23AB-4306-9585-2426E50A14A4_4_5005_c.jpeg"
    ],
    "ultima_modificacion": "2025-08-01 01:01:19.461003"
  },
  "251315ff517e46629f12ae195e18e6a445005c.jpeg": {
    "app_sintetizada": "251315FF517E46629F12AE195E18E6A445005C.JPEG",
    "cantidad_archivos": 1,
    "archivos_fuente": [
      "Pictures/Fototeca de Fotos.photoslibrary/resources/derivatives/masters/2/251315FF-517E-4662-9F12-AE195E18E6A4_4_5005_c.jpeg"
    ],
    "ultima_modificacion": "2025-08-01 01:01:19.461316"
  },
  "245ef05e62d945d08cc9c7bba4c8b8b645005c.jpeg": {
    "app_sintetizada": "245EF05E62D945D08CC9C7BBA4C8B8B645005C.JPEG",
    "cantidad_archivos": 1,
    "archivos_fuente": [
      "Pictures/Fototeca de Fotos.photoslibrary/resources/derivatives/masters/2/245EF05E-62D9-45D0-8CC9-C7BBA4C8B8B6_4_5005_c.jpeg"
    ],
    "ultima_modificacion": "2025-08-01 01:01:19.461620"
  },
  "268f943701b2497890856c74ffa5a7ca45005c.jpeg": {
    "app_sintetizada": "268F943701B2497890856C74FFA5A7CA45005C.JPEG",
    "cantidad_archivos": 1,
    "archivos_fuente": [
      "Pictures/Fototeca de Fotos.photoslibrary/resources/derivatives/masters/2/268F9437-01B2-4978-9085-6C74FFA5A7CA_4_5005_c.jpeg"
    ],
    "ultima_modificacion": "2025-08-01 01:01:19.461955"
  },
  "2bf9b14bdaca405d888c1954ecddca4d45005c.jpeg": {
    "app_sintetizada": "2BF9B14BDACA405D888C1954ECDDCA4D45005C.JPEG",
    "cantidad_archivos": 1,
    "archivos_fuente": [
      "Pictures/Fototeca de Fotos.photoslibrary/resources/derivatives/masters/2/2BF9B14B-DACA-405D-888C-1954ECDDCA4D_4_5005_c.jpeg"
    ],
    "ultima_modificacion": "2025-08-01 01:01:19.482659"
  },
  "2fe21d55e4ee47e0936d2d3549b8e7ed45005c.jpeg": {
    "app_sintetizada": "2FE21D55E4EE47E0936D2D3549B8E7ED45005C.JPEG",
    "cantidad_archivos": 1,
    "archivos_fuente": [
      "Pictures/Fototeca de Fotos.photoslibrary/resources/derivatives/masters/2/2FE21D55-E4EE-47E0-936D-2D3549B8E7ED_4_5005_c.jpeg"
    ],
    "ultima_modificacion": "2025-08-01 01:01:19.483179"
  },
  "215ebba7118a4cbdaeb7a899bfd1ba4d45005c.jpeg": {
    "app_sintetizada": "215EBBA7118A4CBDAEB7A899BFD1BA4D45005C.JPEG",
    "cantidad_archivos": 1,
    "archivos_fuente": [
      "Pictures/Fototeca de Fotos.photoslibrary/resources/derivatives/masters/2/215EBBA7-118A-4CBD-AEB7-A899BFD1BA4D_4_5005_c.jpeg"
    ],
    "ultima_modificacion": "2025-08-01 01:01:19.483600"
  },
  "220d594d465a4291a14b118e8ebba7a545005c.jpeg": {
    "app_sintetizada": "220D594D465A4291A14B118E8EBBA7A545005C.JPEG",
    "cantidad_archivos": 1,
    "archivos_fuente": [
      "Pictures/Fototeca de Fotos.photoslibrary/resources/derivatives/masters/2/220D594D-465A-4291-A14B-118E8EBBA7A5_4_5005_c.jpeg"
    ],
    "ultima_modificacion": "2025-08-01 01:01:19.483976"
  },
  "2a1f92e4cfe440ed8e8be8dc05b2dff145005c.jpeg": {
    "app_sintetizada": "2A1F92E4CFE440ED8E8BE8DC05B2DFF145005C.JPEG",
    "cantidad_archivos": 1,
    "archivos_fuente": [
      "Pictures/Fototeca de Fotos.photoslibrary/resources/derivatives/masters/2/2A1F92E4-CFE4-40ED-8E8B-E8DC05B2DFF1_4_5005_c.jpeg"
    ],
    "ultima_modificacion": "2025-08-01 01:01:19.484363"
  },
  "206e0d37f20240b8b1daf60081e6e01445005c.jpeg": {
    "app_sintetizada": "206E0D37F20240B8B1DAF60081E6E01445005C.JPEG",
    "cantidad_archivos": 1,
    "archivos_fuente": [
      "Pictures/Fototeca de Fotos.photoslibrary/resources/derivatives/masters/2/206E0D37-F202-40B8-B1DA-F60081E6E014_4_5005_c.jpeg"
    ],
    "ultima_modificacion": "2025-08-01 01:01:19.484781"
  },
  "205ac16cb26d4d14ac0be1b25787ce8745005c.jpeg": {
    "app_sintetizada": "205AC16CB26D4D14AC0BE1B25787CE8745005C.JPEG",
    "cantidad_archivos": 1,
    "archivos_fuente": [
      "Pictures/Fototeca de Fotos.photoslibrary/resources/derivatives/masters/2/205AC16C-B26D-4D14-AC0B-E1B25787CE87_4_5005_c.jpeg"
    ],
    "ultima_modificacion": "2025-08-01 01:01:19.485159"
  },
  "2e0969972a5148ac84ef92fbb84f32b345005c.jpeg": {
    "app_sintetizada": "2E0969972A5148AC84EF92FBB84F32B345005C.JPEG",
    "cantidad_archivos": 1,
    "archivos_fuente": [
      "Pictures/Fototeca de Fotos.photoslibrary/resources/derivatives/masters/2/2E096997-2A51-48AC-84EF-92FBB84F32B3_4_5005_c.jpeg"
    ],
    "ultima_modificacion": "2025-08-01 01:01:19.485651"
  },
  "2b72c31bcbb94612b83a209afef2838245005c.jpeg": {
    "app_sintetizada": "2B72C31BCBB94612B83A209AFEF2838245005C.JPEG",
    "cantidad_archivos": 1,
    "archivos_fuente": [
      "Pictures/Fototeca de Fotos.photoslibrary/resources/derivatives/masters/2/2B72C31B-CBB9-4612-B83A-209AFEF28382_4_5005_c.jpeg"
    ],
    "ultima_modificacion": "2025-08-01 01:01:19.486052"
  },
  "28d1e95674b9419a9899bbf46c6802c845005c.jpeg": {
    "app_sintetizada": "28D1E95674B9419A9899BBF46C6802C845005C.JPEG",
    "cantidad_archivos": 1,
    "archivos_fuente": [
      "Pictures/Fototeca de Fotos.photoslibrary/resources/derivatives/masters/2/28D1E956-74B9-419A-9899-BBF46C6802C8_4_5005_c.jpeg"
    ],
    "ultima_modificacion": "2025-08-01 01:01:19.486426"
  },
  "2fa1ee76d6164e1eb7a5b24f2b926ec245005c.jpeg": {
    "app_sintetizada": "2FA1EE76D6164E1EB7A5B24F2B926EC245005C.JPEG",
    "cantidad_archivos": 1,
    "archivos_fuente": [
      "Pictures/Fototeca de Fotos.photoslibrary/resources/derivatives/masters/2/2FA1EE76-D616-4E1E-B7A5-B24F2B926EC2_4_5005_c.jpeg"
    ],
    "ultima_modificacion": "2025-08-01 01:01:19.486756"
  },
  "2333e0a96724400e839c070742c67c4b45005c.jpeg": {
    "app_sintetizada": "2333E0A96724400E839C070742C67C4B45005C.JPEG",
    "cantidad_archivos": 1,
    "archivos_fuente": [
      "Pictures/Fototeca de Fotos.photoslibrary/resources/derivatives/masters/2/2333E0A9-6724-400E-839C-070742C67C4B_4_5005_c.jpeg"
    ],
    "ultima_modificacion": "2025-08-01 01:01:19.487117"
  },
  "21aa7c48d6074b3d82d37a8a272df55d45005c.jpeg": {
    "app_sintetizada": "21AA7C48D6074B3D82D37A8A272DF55D45005C.JPEG",
    "cantidad_archivos": 1,
    "archivos_fuente": [
      "Pictures/Fototeca de Fotos.photoslibrary/resources/derivatives/masters/2/21AA7C48-D607-4B3D-82D3-7A8A272DF55D_4_5005_c.jpeg"
    ],
    "ultima_modificacion": "2025-08-01 01:01:19.487447"
  },
  "2d9128c1a6e64b1cb172200ef18ee79445005c.jpeg": {
    "app_sintetizada": "2D9128C1A6E64B1CB172200EF18EE79445005C.JPEG",
    "cantidad_archivos": 1,
    "archivos_fuente": [
      "Pictures/Fototeca de Fotos.photoslibrary/resources/derivatives/masters/2/2D9128C1-A6E6-4B1C-B172-200EF18EE794_4_5005_c.jpeg"
    ],
    "ultima_modificacion": "2025-08-01 01:01:19.490612"
  },
  "21f3650d9b40422db698dc31df6f174045005c.jpeg": {
    "app_sintetizada": "21F3650D9B40422DB698DC31DF6F174045005C.JPEG",
    "cantidad_archivos": 1,
    "archivos_fuente": [
      "Pictures/Fototeca de Fotos.photoslibrary/resources/derivatives/masters/2/21F3650D-9B40-422D-B698-DC31DF6F1740_4_5005_c.jpeg"
    ],
    "ultima_modificacion": "2025-08-01 01:01:19.491261"
  },
  "2f18fbf191aa4b72b42ddff5bb1c50f045005c.jpeg": {
    "app_sintetizada": "2F18FBF191AA4B72B42DDFF5BB1C50F045005C.JPEG",
    "cantidad_archivos": 1,
    "archivos_fuente": [
      "Pictures/Fototeca de Fotos.photoslibrary/resources/derivatives/masters/2/2F18FBF1-91AA-4B72-B42D-DFF5BB1C50F0_4_5005_c.jpeg"
    ],
    "ultima_modificacion": "2025-08-01 01:01:19.491623"
  },
  "25a723551f1a4eb78f182a198494d13945005c.jpeg": {
    "app_sintetizada": "25A723551F1A4EB78F182A198494D13945005C.JPEG",
    "cantidad_archivos": 1,
    "archivos_fuente": [
      "Pictures/Fototeca de Fotos.photoslibrary/resources/derivatives/masters/2/25A72355-1F1A-4EB7-8F18-2A198494D139_4_5005_c.jpeg"
    ],
    "ultima_modificacion": "2025-08-01 01:01:19.492193"
  },
  "2a1611493f5447f3a994aeadb61fab0345005c.jpeg": {
    "app_sintetizada": "2A1611493F5447F3A994AEADB61FAB0345005C.JPEG",
    "cantidad_archivos": 1,
    "archivos_fuente": [
      "Pictures/Fototeca de Fotos.photoslibrary/resources/derivatives/masters/2/2A161149-3F54-47F3-A994-AEADB61FAB03_4_5005_c.jpeg"
    ],
    "ultima_modificacion": "2025-08-01 01:01:19.493536"
  },
  "22cb20eff9f240a286199993d6413b4145005c.jpeg": {
    "app_sintetizada": "22CB20EFF9F240A286199993D6413B4145005C.JPEG",
    "cantidad_archivos": 1,
    "archivos_fuente": [
      "Pictures/Fototeca de Fotos.photoslibrary/resources/derivatives/masters/2/22CB20EF-F9F2-40A2-8619-9993D6413B41_4_5005_c.jpeg"
    ],
    "ultima_modificacion": "2025-08-01 01:01:19.493912"
  },
  "2140d637ab89435f9aa8b3d93a6b238d45005c.jpeg": {
    "app_sintetizada": "2140D637AB89435F9AA8B3D93A6B238D45005C.JPEG",
    "cantidad_archivos": 1,
    "archivos_fuente": [
      "Pictures/Fototeca de Fotos.photoslibrary/resources/derivatives/masters/2/2140D637-AB89-435F-9AA8-B3D93A6B238D_4_5005_c.jpeg"
    ],
    "ultima_modificacion": "2025-08-01 01:01:19.496346"
  },
  "28aa1e13bece4c61a7c0225652516e4a45005c.jpeg": {
    "app_sintetizada": "28AA1E13BECE4C61A7C0225652516E4A45005C.JPEG",
    "cantidad_archivos": 1,
    "archivos_fuente": [
      "Pictures/Fototeca de Fotos.photoslibrary/resources/derivatives/masters/2/28AA1E13-BECE-4C61-A7C0-225652516E4A_4_5005_c.jpeg"
    ],
    "ultima_modificacion": "2025-08-01 01:01:19.496689"
  },
  "2158077a402f47b9b913bf9ccc1486bc45005c.jpeg": {
    "app_sintetizada": "2158077A402F47B9B913BF9CCC1486BC45005C.JPEG",
    "cantidad_archivos": 1,
    "archivos_fuente": [
      "Pictures/Fototeca de Fotos.photoslibrary/resources/derivatives/masters/2/2158077A-402F-47B9-B913-BF9CCC1486BC_4_5005_c.jpeg"
    ],
    "ultima_modificacion": "2025-08-01 01:01:19.497055"
  },
  "298a9dfe21fc4d9a90f55a494d069e4245005c.jpeg": {
    "app_sintetizada": "298A9DFE21FC4D9A90F55A494D069E4245005C.JPEG",
    "cantidad_archivos": 1,
    "archivos_fuente": [
      "Pictures/Fototeca de Fotos.photoslibrary/resources/derivatives/masters/2/298A9DFE-21FC-4D9A-90F5-5A494D069E42_4_5005_c.jpeg"
    ],
    "ultima_modificacion": "2025-08-01 01:01:19.498884"
  },
  "225af1fdab4348fdbace898a81257dc145005c.jpeg": {
    "app_sintetizada": "225AF1FDAB4348FDBACE898A81257DC145005C.JPEG",
    "cantidad_archivos": 1,
    "archivos_fuente": [
      "Pictures/Fototeca de Fotos.photoslibrary/resources/derivatives/masters/2/225AF1FD-AB43-48FD-BACE-898A81257DC1_4_5005_c.jpeg"
    ],
    "ultima_modificacion": "2025-08-01 01:01:19.500176"
  },
  "211c31cdecdd4001afa7ff6fa3aa289c45005c.jpeg": {
    "app_sintetizada": "211C31CDECDD4001AFA7FF6FA3AA289C45005C.JPEG",
    "cantidad_archivos": 1,
    "archivos_fuente": [
      "Pictures/Fototeca de Fotos.photoslibrary/resources/derivatives/masters/2/211C31CD-ECDD-4001-AFA7-FF6FA3AA289C_4_5005_c.jpeg"
    ],
    "ultima_modificacion": "2025-08-01 01:01:19.500583"
  },
  "2793d5b8eff04606b1865ba44e7e5fd045005c.jpeg": {
    "app_sintetizada": "2793D5B8EFF04606B1865BA44E7E5FD045005C.JPEG",
    "cantidad_archivos": 1,
    "archivos_fuente": [
      "Pictures/Fototeca de Fotos.photoslibrary/resources/derivatives/masters/2/2793D5B8-EFF0-4606-B186-5BA44E7E5FD0_4_5005_c.jpeg"
    ],
    "ultima_modificacion": "2025-08-01 01:01:19.500980"
  },
  "2dabceed15db4aa7a57c3b73617d9a8145005c.jpeg": {
    "app_sintetizada": "2DABCEED15DB4AA7A57C3B73617D9A8145005C.JPEG",
    "cantidad_archivos": 1,
    "archivos_fuente": [
      "Pictures/Fototeca de Fotos.photoslibrary/resources/derivatives/masters/2/2DABCEED-15DB-4AA7-A57C-3B73617D9A81_4_5005_c.jpeg"
    ],
    "ultima_modificacion": "2025-08-01 01:01:19.501314"
  },
  "252440b075f74987ac7cf7c60b84187c45005c.jpeg": {
    "app_sintetizada": "252440B075F74987AC7CF7C60B84187C45005C.JPEG",
    "cantidad_archivos": 1,
    "archivos_fuente": [
      "Pictures/Fototeca de Fotos.photoslibrary/resources/derivatives/masters/2/252440B0-75F7-4987-AC7C-F7C60B84187C_4_5005_c.jpeg"
    ],
    "ultima_modificacion": "2025-08-01 01:01:19.501632"
  },
  "2c35ccc095ee46ff8d52781862fb56d445005c.jpeg": {
    "app_sintetizada": "2C35CCC095EE46FF8D52781862FB56D445005C.JPEG",
    "cantidad_archivos": 1,
    "archivos_fuente": [
      "Pictures/Fototeca de Fotos.photoslibrary/resources/derivatives/masters/2/2C35CCC0-95EE-46FF-8D52-781862FB56D4_4_5005_c.jpeg"
    ],
    "ultima_modificacion": "2025-08-01 01:01:19.501969"
  },
  "23ea38d8ad6445a9ab521d5c36c1fa2645005c.jpeg": {
    "app_sintetizada": "23EA38D8AD6445A9AB521D5C36C1FA2645005C.JPEG",
    "cantidad_archivos": 1,
    "archivos_fuente": [
      "Pictures/Fototeca de Fotos.photoslibrary/resources/derivatives/masters/2/23EA38D8-AD64-45A9-AB52-1D5C36C1FA26_4_5005_c.jpeg"
    ],
    "ultima_modificacion": "2025-08-01 01:01:19.502289"
  },
  "298edbd45d35404fa706827a57d2961745005c.jpeg": {
    "app_sintetizada": "298EDBD45D35404FA706827A57D2961745005C.JPEG",
    "cantidad_archivos": 1,
    "archivos_fuente": [
      "Pictures/Fototeca de Fotos.photoslibrary/resources/derivatives/masters/2/298EDBD4-5D35-404F-A706-827A57D29617_4_5005_c.jpeg"
    ],
    "ultima_modificacion": "2025-08-01 01:01:19.502619"
  },
  "2470dc06f7fb43328d42471a3bae60e045005c.jpeg": {
    "app_sintetizada": "2470DC06F7FB43328D42471A3BAE60E045005C.JPEG",
    "cantidad_archivos": 1,
    "archivos_fuente": [
      "Pictures/Fototeca de Fotos.photoslibrary/resources/derivatives/masters/2/2470DC06-F7FB-4332-8D42-471A3BAE60E0_4_5005_c.jpeg"
    ],
    "ultima_modificacion": "2025-08-01 01:01:19.502915"
  },
  "290486ac44c146249d3839f72a0423bf45005c.jpeg": {
    "app_sintetizada": "290486AC44C146249D3839F72A0423BF45005C.JPEG",
    "cantidad_archivos": 1,
    "archivos_fuente": [
      "Pictures/Fototeca de Fotos.photoslibrary/resources/derivatives/masters/2/290486AC-44C1-4624-9D38-39F72A0423BF_4_5005_c.jpeg"
    ],
    "ultima_modificacion": "2025-08-01 01:01:19.503213"
  },
  "27b50682f0484a16aebadfc90c5ec29c45005c.jpeg": {
    "app_sintetizada": "27B50682F0484A16AEBADFC90C5EC29C45005C.JPEG",
    "cantidad_archivos": 1,
    "archivos_fuente": [
      "Pictures/Fototeca de Fotos.photoslibrary/resources/derivatives/masters/2/27B50682-F048-4A16-AEBA-DFC90C5EC29C_4_5005_c.jpeg"
    ],
    "ultima_modificacion": "2025-08-01 01:01:19.503519"
  },
  "2f47c4ae29ac465a8944d0fb5cc0aad545005c.jpeg": {
    "app_sintetizada": "2F47C4AE29AC465A8944D0FB5CC0AAD545005C.JPEG",
    "cantidad_archivos": 1,
    "archivos_fuente": [
      "Pictures/Fototeca de Fotos.photoslibrary/resources/derivatives/masters/2/2F47C4AE-29AC-465A-8944-D0FB5CC0AAD5_4_5005_c.jpeg"
    ],
    "ultima_modificacion": "2025-08-01 01:01:19.503891"
  },
  "232a41077e444a079c6bfa2ca6e9a75e45005c.jpeg": {
    "app_sintetizada": "232A41077E444A079C6BFA2CA6E9A75E45005C.JPEG",
    "cantidad_archivos": 1,
    "archivos_fuente": [
      "Pictures/Fototeca de Fotos.photoslibrary/resources/derivatives/masters/2/232A4107-7E44-4A07-9C6B-FA2CA6E9A75E_4_5005_c.jpeg"
    ],
    "ultima_modificacion": "2025-08-01 01:01:19.504225"
  },
  "2915abb916b744cbaaa6e262574938a745005c.jpeg": {
    "app_sintetizada": "2915ABB916B744CBAAA6E262574938A745005C.JPEG",
    "cantidad_archivos": 1,
    "archivos_fuente": [
      "Pictures/Fototeca de Fotos.photoslibrary/resources/derivatives/masters/2/2915ABB9-16B7-44CB-AAA6-E262574938A7_4_5005_c.jpeg"
    ],
    "ultima_modificacion": "2025-08-01 01:01:19.504565"
  },
  "25a82c4eeaae46049beeab595e29139445005c.jpeg": {
    "app_sintetizada": "25A82C4EEAAE46049BEEAB595E29139445005C.JPEG",
    "cantidad_archivos": 1,
    "archivos_fuente": [
      "Pictures/Fototeca de Fotos.photoslibrary/resources/derivatives/masters/2/25A82C4E-EAAE-4604-9BEE-AB595E291394_4_5005_c.jpeg"
    ],
    "ultima_modificacion": "2025-08-01 01:01:19.504892"
  },
  "29425d8540e244309881b95e77ba17bf45005c.jpeg": {
    "app_sintetizada": "29425D8540E244309881B95E77BA17BF45005C.JPEG",
    "cantidad_archivos": 1,
    "archivos_fuente": [
      "Pictures/Fototeca de Fotos.photoslibrary/resources/derivatives/masters/2/29425D85-40E2-4430-9881-B95E77BA17BF_4_5005_c.jpeg"
    ],
    "ultima_modificacion": "2025-08-01 01:01:19.505260"
  },
  "2d17d31d1fa946ecbe205f9afd4f4c2f45005c.jpeg": {
    "app_sintetizada": "2D17D31D1FA946ECBE205F9AFD4F4C2F45005C.JPEG",
    "cantidad_archivos": 1,
    "archivos_fuente": [
      "Pictures/Fototeca de Fotos.photoslibrary/resources/derivatives/masters/2/2D17D31D-1FA9-46EC-BE20-5F9AFD4F4C2F_4_5005_c.jpeg"
    ],
    "ultima_modificacion": "2025-08-01 01:01:19.505612"
  },
  "2e2489d4b2474744952f22d234b0178c45005c.jpeg": {
    "app_sintetizada": "2E2489D4B2474744952F22D234B0178C45005C.JPEG",
    "cantidad_archivos": 1,
    "archivos_fuente": [
      "Pictures/Fototeca de Fotos.photoslibrary/resources/derivatives/masters/2/2E2489D4-B247-4744-952F-22D234B0178C_4_5005_c.jpeg"
    ],
    "ultima_modificacion": "2025-08-01 01:01:19.505943"
  },
  "2dfaab38a70a4d1dbb17e1a460f5dbd345005c.jpeg": {
    "app_sintetizada": "2DFAAB38A70A4D1DBB17E1A460F5DBD345005C.JPEG",
    "cantidad_archivos": 1,
    "archivos_fuente": [
      "Pictures/Fototeca de Fotos.photoslibrary/resources/derivatives/masters/2/2DFAAB38-A70A-4D1D-BB17-E1A460F5DBD3_4_5005_c.jpeg"
    ],
    "ultima_modificacion": "2025-08-01 01:01:19.506333"
  },
  "2f5003223d644f4c91a215e9ee2fc87645005c.jpeg": {
    "app_sintetizada": "2F5003223D644F4C91A215E9EE2FC87645005C.JPEG",
    "cantidad_archivos": 1,
    "archivos_fuente": [
      "Pictures/Fototeca de Fotos.photoslibrary/resources/derivatives/masters/2/2F500322-3D64-4F4C-91A2-15E9EE2FC876_4_5005_c.jpeg"
    ],
    "ultima_modificacion": "2025-08-01 01:01:19.506676"
  },
  "281d6c1b0d224d1cbfd1faed3bb3c35b45005c.jpeg": {
    "app_sintetizada": "281D6C1B0D224D1CBFD1FAED3BB3C35B45005C.JPEG",
    "cantidad_archivos": 1,
    "archivos_fuente": [
      "Pictures/Fototeca de Fotos.photoslibrary/resources/derivatives/masters/2/281D6C1B-0D22-4D1C-BFD1-FAED3BB3C35B_4_5005_c.jpeg"
    ],
    "ultima_modificacion": "2025-08-01 01:01:19.507010"
  },
  "2dd1666fffbc4556b0cc05cf568e6db545005c.jpeg": {
    "app_sintetizada": "2DD1666FFFBC4556B0CC05CF568E6DB545005C.JPEG",
    "cantidad_archivos": 1,
    "archivos_fuente": [
      "Pictures/Fototeca de Fotos.photoslibrary/resources/derivatives/masters/2/2DD1666F-FFBC-4556-B0CC-05CF568E6DB5_4_5005_c.jpeg"
    ],
    "ultima_modificacion": "2025-08-01 01:01:19.507425"
  },
  "2414a6d8527c453da0fa30713b432d4345005c.jpeg": {
    "app_sintetizada": "2414A6D8527C453DA0FA30713B432D4345005C.JPEG",
    "cantidad_archivos": 1,
    "archivos_fuente": [
      "Pictures/Fototeca de Fotos.photoslibrary/resources/derivatives/masters/2/2414A6D8-527C-453D-A0FA-30713B432D43_4_5005_c.jpeg"
    ],
    "ultima_modificacion": "2025-08-01 01:01:19.507762"
  },
  "219429f4e6344db4b80efede5b31398845005c.jpeg": {
    "app_sintetizada": "219429F4E6344DB4B80EFEDE5B31398845005C.JPEG",
    "cantidad_archivos": 1,
    "archivos_fuente": [
      "Pictures/Fototeca de Fotos.photoslibrary/resources/derivatives/masters/2/219429F4-E634-4DB4-B80E-FEDE5B313988_4_5005_c.jpeg"
    ],
    "ultima_modificacion": "2025-08-01 01:01:19.508080"
  },
  "2d2926d63fee4c63a981d7c43fd3a52745005c.jpeg": {
    "app_sintetizada": "2D2926D63FEE4C63A981D7C43FD3A52745005C.JPEG",
    "cantidad_archivos": 1,
    "archivos_fuente": [
      "Pictures/Fototeca de Fotos.photoslibrary/resources/derivatives/masters/2/2D2926D6-3FEE-4C63-A981-D7C43FD3A527_4_5005_c.jpeg"
    ],
    "ultima_modificacion": "2025-08-01 01:01:19.508387"
  },
  "246ddf08f82241408193bbad9289210e45005c.jpeg": {
    "app_sintetizada": "246DDF08F82241408193BBAD9289210E45005C.JPEG",
    "cantidad_archivos": 1,
    "archivos_fuente": [
      "Pictures/Fototeca de Fotos.photoslibrary/resources/derivatives/masters/2/246DDF08-F822-4140-8193-BBAD9289210E_4_5005_c.jpeg"
    ],
    "ultima_modificacion": "2025-08-01 01:01:19.508718"
  },
  "28405b8420454c1888dddeeac4cf593845005c.jpeg": {
    "app_sintetizada": "28405B8420454C1888DDDEEAC4CF593845005C.JPEG",
    "cantidad_archivos": 1,
    "archivos_fuente": [
      "Pictures/Fototeca de Fotos.photoslibrary/resources/derivatives/masters/2/28405B84-2045-4C18-88DD-DEEAC4CF5938_4_5005_c.jpeg"
    ],
    "ultima_modificacion": "2025-08-01 01:01:19.509044"
  },
  "2593f5b5c0694118ae00424d6716aa5f45005c.jpeg": {
    "app_sintetizada": "2593F5B5C0694118AE00424D6716AA5F45005C.JPEG",
    "cantidad_archivos": 1,
    "archivos_fuente": [
      "Pictures/Fototeca de Fotos.photoslibrary/resources/derivatives/masters/2/2593F5B5-C069-4118-AE00-424D6716AA5F_4_5005_c.jpeg"
    ],
    "ultima_modificacion": "2025-08-01 01:01:19.509360"
  },
  "2b59982b81504cc899d6eeaba62375dd45005c.jpeg": {
    "app_sintetizada": "2B59982B81504CC899D6EEABA62375DD45005C.JPEG",
    "cantidad_archivos": 1,
    "archivos_fuente": [
      "Pictures/Fototeca de Fotos.photoslibrary/resources/derivatives/masters/2/2B59982B-8150-4CC8-99D6-EEABA62375DD_4_5005_c.jpeg"
    ],
    "ultima_modificacion": "2025-08-01 01:01:19.509679"
  },
  "235c8eace793472c84f380c2bdaa624345005c.jpeg": {
    "app_sintetizada": "235C8EACE793472C84F380C2BDAA624345005C.JPEG",
    "cantidad_archivos": 1,
    "archivos_fuente": [
      "Pictures/Fototeca de Fotos.photoslibrary/resources/derivatives/masters/2/235C8EAC-E793-472C-84F3-80C2BDAA6243_4_5005_c.jpeg"
    ],
    "ultima_modificacion": "2025-08-01 01:01:19.509985"
  },
  "2091dd6c735d4961a3afdd3280fc1e4745005c.jpeg": {
    "app_sintetizada": "2091DD6C735D4961A3AFDD3280FC1E4745005C.JPEG",
    "cantidad_archivos": 1,
    "archivos_fuente": [
      "Pictures/Fototeca de Fotos.photoslibrary/resources/derivatives/masters/2/2091DD6C-735D-4961-A3AF-DD3280FC1E47_4_5005_c.jpeg"
    ],
    "ultima_modificacion": "2025-08-01 01:01:19.510324"
  }
}