{
  "02ee161b40c74f9aab44e561f403d60245005c.jpeg": {
    "app_sintetizada": "02EE161B40C74F9AAB44E561F403D60245005C.JPEG",
    "cantidad_archivos": 1,
    "archivos_fuente": [
      "Pictures/Fototeca de Fotos.photoslibrary/resources/derivatives/masters/0/02EE161B-40C7-4F9A-AB44-E561F403D602_4_5005_c.jpeg"
    ],
    "ultima_modificacion": "2025-08-01 01:01:07.104985"
  },
  "0c4a185d6cca4c1aac15fe46e9d00c7145005c.jpeg": {
    "app_sintetizada": "0C4A185D6CCA4C1AAC15FE46E9D00C7145005C.JPEG",
    "cantidad_archivos": 1,
    "archivos_fuente": [
      "Pictures/Fototeca de Fotos.photoslibrary/resources/derivatives/masters/0/0C4A185D-6CCA-4C1A-AC15-FE46E9D00C71_4_5005_c.jpeg"
    ],
    "ultima_modificacion": "2025-08-01 01:01:07.105318"
  },
  "03432ae4b15a4bd5af07977694be8dae45005c.jpeg": {
    "app_sintetizada": "03432AE4B15A4BD5AF07977694BE8DAE45005C.JPEG",
    "cantidad_archivos": 1,
    "archivos_fuente": [
      "Pictures/Fototeca de Fotos.photoslibrary/resources/derivatives/masters/0/03432AE4-B15A-4BD5-AF07-977694BE8DAE_4_5005_c.jpeg"
    ],
    "ultima_modificacion": "2025-08-01 01:01:07.105660"
  },
  "0219ddaf25e74bddb3a4c3906487d49d45005c.jpeg": {
    "app_sintetizada": "0219DDAF25E74BDDB3A4C3906487D49D45005C.JPEG",
    "cantidad_archivos": 1,
    "archivos_fuente": [
      "Pictures/Fototeca de Fotos.photoslibrary/resources/derivatives/masters/0/0219DDAF-25E7-4BDD-B3A4-C3906487D49D_4_5005_c.jpeg"
    ],
    "ultima_modificacion": "2025-08-01 01:01:07.105987"
  },
  "027610da63db4646a0840e949ecf67b845005c.jpeg": {
    "app_sintetizada": "027610DA63DB4646A0840E949ECF67B845005C.JPEG",
    "cantidad_archivos": 1,
    "archivos_fuente": [
      "Pictures/Fototeca de Fotos.photoslibrary/resources/derivatives/masters/0/027610DA-63DB-4646-A084-0E949ECF67B8_4_5005_c.jpeg"
    ],
    "ultima_modificacion": "2025-08-01 01:01:07.106323"
  },
  "0ad93fb1f5e5470ab281f9b48937f5f945005c.jpeg": {
    "app_sintetizada": "0AD93FB1F5E5470AB281F9B48937F5F945005C.JPEG",
    "cantidad_archivos": 1,
    "archivos_fuente": [
      "Pictures/Fototeca de Fotos.photoslibrary/resources/derivatives/masters/0/0AD93FB1-F5E5-470A-B281-F9B48937F5F9_4_5005_c.jpeg"
    ],
    "ultima_modificacion": "2025-08-01 01:01:07.106649"
  },
  "061db27756e1472c96691c00f465398c45005c.jpeg": {
    "app_sintetizada": "061DB27756E1472C96691C00F465398C45005C.JPEG",
    "cantidad_archivos": 1,
    "archivos_fuente": [
      "Pictures/Fototeca de Fotos.photoslibrary/resources/derivatives/masters/0/061DB277-56E1-472C-9669-1C00F465398C_4_5005_c.jpeg"
    ],
    "ultima_modificacion": "2025-08-01 01:01:07.106966"
  },
  "02ac682485594a2d86e083871b0ed74245005c.jpeg": {
    "app_sintetizada": "02AC682485594A2D86E083871B0ED74245005C.JPEG",
    "cantidad_archivos": 1,
    "archivos_fuente": [
      "Pictures/Fototeca de Fotos.photoslibrary/resources/derivatives/masters/0/02AC6824-8559-4A2D-86E0-83871B0ED742_4_5005_c.jpeg"
    ],
    "ultima_modificacion": "2025-08-01 01:01:07.107299"
  },
  "0caa5106e40d40dda194599e3526f9ca45005c.jpeg": {
    "app_sintetizada": "0CAA5106E40D40DDA194599E3526F9CA45005C.JPEG",
    "cantidad_archivos": 1,
    "archivos_fuente": [
      "Pictures/Fototeca de Fotos.photoslibrary/resources/derivatives/masters/0/0CAA5106-E40D-40DD-A194-599E3526F9CA_4_5005_c.jpeg"
    ],
    "ultima_modificacion": "2025-08-01 01:01:07.107617"
  },
  "0b3cfec416b64f15a97e021ea4a7bc1245005c.jpeg": {
    "app_sintetizada": "0B3CFEC416B64F15A97E021EA4A7BC1245005C.JPEG",
    "cantidad_archivos": 1,
    "archivos_fuente": [
      "Pictures/Fototeca de Fotos.photoslibrary/resources/derivatives/masters/0/0B3CFEC4-16B6-4F15-A97E-021EA4A7BC12_4_5005_c.jpeg"
    ],
    "ultima_modificacion": "2025-08-01 01:01:07.107999"
  },
  "0f6da87a84a640a19dee43b71c770efb45005c.jpeg": {
    "app_sintetizada": "0F6DA87A84A640A19DEE43B71C770EFB45005C.JPEG",
    "cantidad_archivos": 1,
    "archivos_fuente": [
      "Pictures/Fototeca de Fotos.photoslibrary/resources/derivatives/masters/0/0F6DA87A-84A6-40A1-9DEE-43B71C770EFB_4_5005_c.jpeg"
    ],
    "ultima_modificacion": "2025-08-01 01:01:07.108316"
  },
  "06056eaefbd048fbab8dfa67c3eef64445005c.jpeg": {
    "app_sintetizada": "06056EAEFBD048FBAB8DFA67C3EEF64445005C.JPEG",
    "cantidad_archivos": 1,
    "archivos_fuente": [
      "Pictures/Fototeca de Fotos.photoslibrary/resources/derivatives/masters/0/06056EAE-FBD0-48FB-AB8D-FA67C3EEF644_4_5005_c.jpeg"
    ],
    "ultima_modificacion": "2025-08-01 01:01:07.108640"
  },
  "0e3ec281a02a47618b06c4b9ec2b489c45005c.jpeg": {
    "app_sintetizada": "0E3EC281A02A47618B06C4B9EC2B489C45005C.JPEG",
    "cantidad_archivos": 1,
    "archivos_fuente": [
      "Pictures/Fototeca de Fotos.photoslibrary/resources/derivatives/masters/0/0E3EC281-A02A-4761-8B06-C4B9EC2B489C_4_5005_c.jpeg"
    ],
    "ultima_modificacion": "2025-08-01 01:01:07.109001"
  },
  "085af2b10af944119482fcb5027694fa45005c.jpeg": {
    "app_sintetizada": "085AF2B10AF944119482FCB5027694FA45005C.JPEG",
    "cantidad_archivos": 1,
    "archivos_fuente": [
      "Pictures/Fototeca de Fotos.photoslibrary/resources/derivatives/masters/0/085AF2B1-0AF9-4411-9482-FCB5027694FA_4_5005_c.jpeg"
    ],
    "ultima_modificacion": "2025-08-01 01:01:07.109332"
  },
  "029fd11309274e96888bd2c3ed5d5fd445005c.jpeg": {
    "app_sintetizada": "029FD11309274E96888BD2C3ED5D5FD445005C.JPEG",
    "cantidad_archivos": 1,
    "archivos_fuente": [
      "Pictures/Fototeca de Fotos.photoslibrary/resources/derivatives/masters/0/029FD113-0927-4E96-888B-D2C3ED5D5FD4_4_5005_c.jpeg"
    ],
    "ultima_modificacion": "2025-08-01 01:01:07.109676"
  },
  "0b9aff9d563f43cfb059c2974ef4f0f945005c.jpeg": {
    "app_sintetizada": "0B9AFF9D563F43CFB059C2974EF4F0F945005C.JPEG",
    "cantidad_archivos": 1,
    "archivos_fuente": [
      "Pictures/Fototeca de Fotos.photoslibrary/resources/derivatives/masters/0/0B9AFF9D-563F-43CF-B059-C2974EF4F0F9_4_5005_c.jpeg"
    ],
    "ultima_modificacion": "2025-08-01 01:01:07.110015"
  },
  "0bac4ba99c3342a19a9eaf275141ed5245005c.jpeg": {
    "app_sintetizada": "0BAC4BA99C3342A19A9EAF275141ED5245005C.JPEG",
    "cantidad_archivos": 1,
    "archivos_fuente": [
      "Pictures/Fototeca de Fotos.photoslibrary/resources/derivatives/masters/0/0BAC4BA9-9C33-42A1-9A9E-AF275141ED52_4_5005_c.jpeg"
    ],
    "ultima_modificacion": "2025-08-01 01:01:07.110370"
  },
  "03566652ddc3456d87527c125cdbb9ec45005c.jpeg": {
    "app_sintetizada": "03566652DDC3456D87527C125CDBB9EC45005C.JPEG",
    "cantidad_archivos": 1,
    "archivos_fuente": [
      "Pictures/Fototeca de Fotos.photoslibrary/resources/derivatives/masters/0/03566652-DDC3-456D-8752-7C125CDBB9EC_4_5005_c.jpeg"
    ],
    "ultima_modificacion": "2025-08-01 01:01:07.110709"
  },
  "0bbccb0f68344387b355aa143505145845005c.jpeg": {
    "app_sintetizada": "0BBCCB0F68344387B355AA143505145845005C.JPEG",
    "cantidad_archivos": 1,
    "archivos_fuente": [
      "Pictures/Fototeca de Fotos.photoslibrary/resources/derivatives/masters/0/0BBCCB0F-6834-4387-B355-AA1435051458_4_5005_c.jpeg"
    ],
    "ultima_modificacion": "2025-08-01 01:01:07.111022"
  },
  "0182dad96e364fdfb350c4cf5a02eb9d45005c.jpeg": {
    "app_sintetizada": "0182DAD96E364FDFB350C4CF5A02EB9D45005C.JPEG",
    "cantidad_archivos": 1,
    "archivos_fuente": [
      "Pictures/Fototeca de Fotos.photoslibrary/resources/derivatives/masters/0/0182DAD9-6E36-4FDF-B350-C4CF5A02EB9D_4_5005_c.jpeg"
    ],
    "ultima_modificacion": "2025-08-01 01:01:07.111332"
  },
  "0a58b97ae1934446ac4c6daa4c8c9e4145005c.jpeg": {
    "app_sintetizada": "0A58B97AE1934446AC4C6DAA4C8C9E4145005C.JPEG",
    "cantidad_archivos": 1,
    "archivos_fuente": [
      "Pictures/Fototeca de Fotos.photoslibrary/resources/derivatives/masters/0/0A58B97A-E193-4446-AC4C-6DAA4C8C9E41_4_5005_c.jpeg"
    ],
    "ultima_modificacion": "2025-08-01 01:01:07.111629"
  },
  "06e0a8322c5a4e83a31e4d84717814d645005c.jpeg": {
    "app_sintetizada": "06E0A8322C5A4E83A31E4D84717814D645005C.JPEG",
    "cantidad_archivos": 1,
    "archivos_fuente": [
      "Pictures/Fototeca de Fotos.photoslibrary/resources/derivatives/masters/0/06E0A832-2C5A-4E83-A31E-4D84717814D6_4_5005_c.jpeg"
    ],
    "ultima_modificacion": "2025-08-01 01:01:07.111949"
  },
  "010efd1eb5d84ec8b15c7612085e8b8445005c.jpeg": {
    "app_sintetizada": "010EFD1EB5D84EC8B15C7612085E8B8445005C.JPEG",
    "cantidad_archivos": 1,
    "archivos_fuente": [
      "Pictures/Fototeca de Fotos.photoslibrary/resources/derivatives/masters/0/010EFD1E-B5D8-4EC8-B15C-7612085E8B84_4_5005_c.jpeg"
    ],
    "ultima_modificacion": "2025-08-01 01:01:07.112232"
  },
  "0d3b5e4dc60c4c5da14be936500046d045005c.jpeg": {
    "app_sintetizada": "0D3B5E4DC60C4C5DA14BE936500046D045005C.JPEG",
    "cantidad_archivos": 1,
    "archivos_fuente": [
      "Pictures/Fototeca de Fotos.photoslibrary/resources/derivatives/masters/0/0D3B5E4D-C60C-4C5D-A14B-E936500046D0_4_5005_c.jpeg"
    ],
    "ultima_modificacion": "2025-08-01 01:01:07.112585"
  },
  "09ddb52509cb47c7b8e0a86b93a7d8ab45005c.jpeg": {
    "app_sintetizada": "09DDB52509CB47C7B8E0A86B93A7D8AB45005C.JPEG",
    "cantidad_archivos": 1,
    "archivos_fuente": [
      "Pictures/Fototeca de Fotos.photoslibrary/resources/derivatives/masters/0/09DDB525-09CB-47C7-B8E0-A86B93A7D8AB_4_5005_c.jpeg"
    ],
    "ultima_modificacion": "2025-08-01 01:01:07.112859"
  },
  "0055ca36fbf94ea5b15b2660a5cdb3ec45005c.jpeg": {
    "app_sintetizada": "0055CA36FBF94EA5B15B2660A5CDB3EC45005C.JPEG",
    "cantidad_archivos": 1,
    "archivos_fuente": [
      "Pictures/Fototeca de Fotos.photoslibrary/resources/derivatives/masters/0/0055CA36-FBF9-4EA5-B15B-2660A5CDB3EC_4_5005_c.jpeg"
    ],
    "ultima_modificacion": "2025-08-01 01:01:07.113168"
  },
  "036214f7bae143ab9be3cef03bb6b17545005c.jpeg": {
    "app_sintetizada": "036214F7BAE143AB9BE3CEF03BB6B17545005C.JPEG",
    "cantidad_archivos": 1,
    "archivos_fuente": [
      "Pictures/Fototeca de Fotos.photoslibrary/resources/derivatives/masters/0/036214F7-BAE1-43AB-9BE3-CEF03BB6B175_4_5005_c.jpeg"
    ],
    "ultima_modificacion": "2025-08-01 01:01:07.113534"
  },
  "033f1b6e7a934f5f953d17016e3a5d8e45005c.jpeg": {
    "app_sintetizada": "033F1B6E7A934F5F953D17016E3A5D8E45005C.JPEG",
    "cantidad_archivos": 1,
    "archivos_fuente": [
      "Pictures/Fototeca de Fotos.photoslibrary/resources/derivatives/masters/0/033F1B6E-7A93-4F5F-953D-17016E3A5D8E_4_5005_c.jpeg"
    ],
    "ultima_modificacion": "2025-08-01 01:01:07.114002"
  },
  "0901256c54174fcf8cdfe3fee6f98cdb45005c.jpeg": {
    "app_sintetizada": "0901256C54174FCF8CDFE3FEE6F98CDB45005C.JPEG",
    "cantidad_archivos": 1,
    "archivos_fuente": [
      "Pictures/Fototeca de Fotos.photoslibrary/resources/derivatives/masters/0/0901256C-5417-4FCF-8CDF-E3FEE6F98CDB_4_5005_c.jpeg"
    ],
    "ultima_modificacion": "2025-08-01 01:01:07.114339"
  },
  "0898edec76a843669510700dbae9c3e845005c.jpeg": {
    "app_sintetizada": "0898EDEC76A843669510700DBAE9C3E845005C.JPEG",
    "cantidad_archivos": 1,
    "archivos_fuente": [
      "Pictures/Fototeca de Fotos.photoslibrary/resources/derivatives/masters/0/0898EDEC-76A8-4366-9510-700DBAE9C3E8_4_5005_c.jpeg"
    ],
    "ultima_modificacion": "2025-08-01 01:01:07.114610"
  },
  "0be3ddb277574f95bf9da2c0c63d80a545005c.jpeg": {
    "app_sintetizada": "0BE3DDB277574F95BF9DA2C0C63D80A545005C.JPEG",
    "cantidad_archivos": 1,
    "archivos_fuente": [
      "Pictures/Fototeca de Fotos.photoslibrary/resources/derivatives/masters/0/0BE3DDB2-7757-4F95-BF9D-A2C0C63D80A5_4_5005_c.jpeg"
    ],
    "ultima_modificacion": "2025-08-01 01:01:07.114863"
  },
  "0b271fb7ee8f47f8b760c9a282d198e445005c.jpeg": {
    "app_sintetizada": "0B271FB7EE8F47F8B760C9A282D198E445005C.JPEG",
    "cantidad_archivos": 1,
    "archivos_fuente": [
      "Pictures/Fototeca de Fotos.photoslibrary/resources/derivatives/masters/0/0B271FB7-EE8F-47F8-B760-C9A282D198E4_4_5005_c.jpeg"
    ],
    "ultima_modificacion": "2025-08-01 01:01:07.115114"
  },
  "0791da65a0164ef88bfc40febb2b51fb45005c.jpeg": {
    "app_sintetizada": "0791DA65A0164EF88BFC40FEBB2B51FB45005C.JPEG",
    "cantidad_archivos": 1,
    "archivos_fuente": [
      "Pictures/Fototeca de Fotos.photoslibrary/resources/derivatives/masters/0/0791DA65-A016-4EF8-8BFC-40FEBB2B51FB_4_5005_c.jpeg"
    ],
    "ultima_modificacion": "2025-08-01 01:01:07.115481"
  },
  "0cbb5adbb38d42c0a155f45a778f03a245005c.jpeg": {
    "app_sintetizada": "0CBB5ADBB38D42C0A155F45A778F03A245005C.JPEG",
    "cantidad_archivos": 1,
    "archivos_fuente": [
      "Pictures/Fototeca de Fotos.photoslibrary/resources/derivatives/masters/0/0CBB5ADB-B38D-42C0-A155-F45A778F03A2_4_5005_c.jpeg"
    ],
    "ultima_modificacion": "2025-08-01 01:01:07.115836"
  },
  "004312a705394c0ab24dbf8ec292c46745005c.jpeg": {
    "app_sintetizada": "004312A705394C0AB24DBF8EC292C46745005C.JPEG",
    "cantidad_archivos": 1,
    "archivos_fuente": [
      "Pictures/Fototeca de Fotos.photoslibrary/resources/derivatives/masters/0/004312A7-0539-4C0A-B24D-BF8EC292C467_4_5005_c.jpeg"
    ],
    "ultima_modificacion": "2025-08-01 01:01:07.116116"
  },
  "0bf8f3fedf2d4e359fd0a580673cb66145005c.jpeg": {
    "app_sintetizada": "0BF8F3FEDF2D4E359FD0A580673CB66145005C.JPEG",
    "cantidad_archivos": 1,
    "archivos_fuente": [
      "Pictures/Fototeca de Fotos.photoslibrary/resources/derivatives/masters/0/0BF8F3FE-DF2D-4E35-9FD0-A580673CB661_4_5005_c.jpeg"
    ],
    "ultima_modificacion": "2025-08-01 01:01:07.116486"
  },
  "0d3d62972eff4944919a16445e65bbcf45005c.jpeg": {
    "app_sintetizada": "0D3D62972EFF4944919A16445E65BBCF45005C.JPEG",
    "cantidad_archivos": 1,
    "archivos_fuente": [
      "Pictures/Fototeca de Fotos.photoslibrary/resources/derivatives/masters/0/0D3D6297-2EFF-4944-919A-16445E65BBCF_4_5005_c.jpeg"
    ],
    "ultima_modificacion": "2025-08-01 01:01:07.116763"
  },
  "00cb1f71d6c8495b95968bcc1958d6c045005c.jpeg": {
    "app_sintetizada": "00CB1F71D6C8495B95968BCC1958D6C045005C.JPEG",
    "cantidad_archivos": 1,
    "archivos_fuente": [
      "Pictures/Fototeca de Fotos.photoslibrary/resources/derivatives/masters/0/00CB1F71-D6C8-495B-9596-8BCC1958D6C0_4_5005_c.jpeg"
    ],
    "ultima_modificacion": "2025-08-01 01:01:07.117087"
  },
  "012612dda46445d69771f69da478e0ae45005c.jpeg": {
    "app_sintetizada": "012612DDA46445D69771F69DA478E0AE45005C.JPEG",
    "cantidad_archivos": 1,
    "archivos_fuente": [
      "Pictures/Fototeca de Fotos.photoslibrary/resources/derivatives/masters/0/012612DD-A464-45D6-9771-F69DA478E0AE_4_5005_c.jpeg"
    ],
    "ultima_modificacion": "2025-08-01 01:01:07.117358"
  },
  "0976cbb9a0e14644b82fc9093ae9a2a145005c.jpeg": {
    "app_sintetizada": "0976CBB9A0E14644B82FC9093AE9A2A145005C.JPEG",
    "cantidad_archivos": 1,
    "archivos_fuente": [
      "Pictures/Fototeca de Fotos.photoslibrary/resources/derivatives/masters/0/0976CBB9-A0E1-4644-B82F-C9093AE9A2A1_4_5005_c.jpeg"
    ],
    "ultima_modificacion": "2025-08-01 01:01:07.117636"
  },
  "0d0e5e5226ba47cf91264552aace616745005c.jpeg": {
    "app_sintetizada": "0D0E5E5226BA47CF91264552AACE616745005C.JPEG",
    "cantidad_archivos": 1,
    "archivos_fuente": [
      "Pictures/Fototeca de Fotos.photoslibrary/resources/derivatives/masters/0/0D0E5E52-26BA-47CF-9126-4552AACE6167_4_5005_c.jpeg"
    ],
    "ultima_modificacion": "2025-08-01 01:01:07.117942"
  },
  "00695b44728e4049a4711f9ed89b86dc45005c.jpeg": {
    "app_sintetizada": "00695B44728E4049A4711F9ED89B86DC45005C.JPEG",
    "cantidad_archivos": 1,
    "archivos_fuente": [
      "Pictures/Fototeca de Fotos.photoslibrary/resources/derivatives/masters/0/00695B44-728E-4049-A471-1F9ED89B86DC_4_5005_c.jpeg"
    ],
    "ultima_modificacion": "2025-08-01 01:01:07.118296"
  },
  "0e32aa11ffb0499cacde81a460b7913e45005c.jpeg": {
    "app_sintetizada": "0E32AA11FFB0499CACDE81A460B7913E45005C.JPEG",
    "cantidad_archivos": 1,
    "archivos_fuente": [
      "Pictures/Fototeca de Fotos.photoslibrary/resources/derivatives/masters/0/0E32AA11-FFB0-499C-ACDE-81A460B7913E_4_5005_c.jpeg"
    ],
    "ultima_modificacion": "2025-08-01 01:01:07.118610"
  },
  "03a8b5cf17334b06978b62c7b391d5ec45005c.jpeg": {
    "app_sintetizada": "03A8B5CF17334B06978B62C7B391D5EC45005C.JPEG",
    "cantidad_archivos": 1,
    "archivos_fuente": [
      "Pictures/Fototeca de Fotos.photoslibrary/resources/derivatives/masters/0/03A8B5CF-1733-4B06-978B-62C7B391D5EC_4_5005_c.jpeg"
    ],
    "ultima_modificacion": "2025-08-01 01:01:07.118882"
  },
  "0f4ffe06de6d43fa82a2e3c499df5c1a45005c.jpeg": {
    "app_sintetizada": "0F4FFE06DE6D43FA82A2E3C499DF5C1A45005C.JPEG",
    "cantidad_archivos": 1,
    "archivos_fuente": [
      "Pictures/Fototeca de Fotos.photoslibrary/resources/derivatives/masters/0/0F4FFE06-DE6D-43FA-82A2-E3C499DF5C1A_4_5005_c.jpeg"
    ],
    "ultima_modificacion": "2025-08-01 01:01:07.119148"
  },
  "07164ba72c9b4471a3595c52a0f1b81945005c.jpeg": {
    "app_sintetizada": "07164BA72C9B4471A3595C52A0F1B81945005C.JPEG",
    "cantidad_archivos": 1,
    "archivos_fuente": [
      "Pictures/Fototeca de Fotos.photoslibrary/resources/derivatives/masters/0/07164BA7-2C9B-4471-A359-5C52A0F1B819_4_5005_c.jpeg"
    ],
    "ultima_modificacion": "2025-08-01 01:01:07.119413"
  },
  "079f20168b334bc8a6c8a981923a1aa845005c.jpeg": {
    "app_sintetizada": "079F20168B334BC8A6C8A981923A1AA845005C.JPEG",
    "cantidad_archivos": 1,
    "archivos_fuente": [
      "Pictures/Fototeca de Fotos.photoslibrary/resources/derivatives/masters/0/079F2016-8B33-4BC8-A6C8-A981923A1AA8_4_5005_c.jpeg"
    ],
    "ultima_modificacion": "2025-08-01 01:01:07.119673"
  },
  "0c1744c1743049779e5d5bc6de76237945005c.jpeg": {
    "app_sintetizada": "0C1744C1743049779E5D5BC6DE76237945005C.JPEG",
    "cantidad_archivos": 1,
    "archivos_fuente": [
      "Pictures/Fototeca de Fotos.photoslibrary/resources/derivatives/masters/0/0C1744C1-7430-4977-9E5D-5BC6DE762379_4_5005_c.jpeg"
    ],
    "ultima_modificacion": "2025-08-01 01:01:07.120040"
  },
  "0293ba45e655464c9ec8d2f63f42d7ff45005c.jpeg": {
    "app_sintetizada": "0293BA45E655464C9EC8D2F63F42D7FF45005C.JPEG",
    "cantidad_archivos": 1,
    "archivos_fuente": [
      "Pictures/Fototeca de Fotos.photoslibrary/resources/derivatives/masters/0/0293BA45-E655-464C-9EC8-D2F63F42D7FF_4_5005_c.jpeg"
    ],
    "ultima_modificacion": "2025-08-01 01:01:07.120302"
  },
  "0a9261cdd3754a28bfd75a8bca24784845005c.jpeg": {
    "app_sintetizada": "0A9261CDD3754A28BFD75A8BCA24784845005C.JPEG",
    "cantidad_archivos": 1,
    "archivos_fuente": [
      "Pictures/Fototeca de Fotos.photoslibrary/resources/derivatives/masters/0/0A9261CD-D375-4A28-BFD7-5A8BCA247848_4_5005_c.jpeg"
    ],
    "ultima_modificacion": "2025-08-01 01:01:07.120612"
  },
  "01cfd7cedf284ba1b3853cf1004d973d45005c.jpeg": {
    "app_sintetizada": "01CFD7CEDF284BA1B3853CF1004D973D45005C.JPEG",
    "cantidad_archivos": 1,
    "archivos_fuente": [
      "Pictures/Fototeca de Fotos.photoslibrary/resources/derivatives/masters/0/01CFD7CE-DF28-4BA1-B385-3CF1004D973D_4_5005_c.jpeg"
    ],
    "ultima_modificacion": "2025-08-01 01:01:07.120877"
  },
  "0d41a8798dda4c95a5a3a5e8309851fa45005c.jpeg": {
    "app_sintetizada": "0D41A8798DDA4C95A5A3A5E8309851FA45005C.JPEG",
    "cantidad_archivos": 1,
    "archivos_fuente": [
      "Pictures/Fototeca de Fotos.photoslibrary/resources/derivatives/masters/0/0D41A879-8DDA-4C95-A5A3-A5E8309851FA_4_5005_c.jpeg"
    ],
    "ultima_modificacion": "2025-08-01 01:01:07.121143"
  },
  "0fa07cb825eb44af96bdef31368fef4745005c.jpeg": {
    "app_sintetizada": "0FA07CB825EB44AF96BDEF31368FEF4745005C.JPEG",
    "cantidad_archivos": 1,
    "archivos_fuente": [
      "Pictures/Fototeca de Fotos.photoslibrary/resources/derivatives/masters/0/0FA07CB8-25EB-44AF-96BD-EF31368FEF47_4_5005_c.jpeg"
    ],
    "ultima_modificacion": "2025-08-01 01:01:07.121433"
  },
  "037163189df2464ca442f03fefa37a8745005c.jpeg": {
    "app_sintetizada": "037163189DF2464CA442F03FEFA37A8745005C.JPEG",
    "cantidad_archivos": 1,
    "archivos_fuente": [
      "Pictures/Fototeca de Fotos.photoslibrary/resources/derivatives/masters/0/03716318-9DF2-464C-A442-F03FEFA37A87_4_5005_c.jpeg"
    ],
    "ultima_modificacion": "2025-08-01 01:01:07.121691"
  },
  "07da719fc8654d65a83f37ec3ec9010445005c.jpeg": {
    "app_sintetizada": "07DA719FC8654D65A83F37EC3EC9010445005C.JPEG",
    "cantidad_archivos": 1,
    "archivos_fuente": [
      "Pictures/Fototeca de Fotos.photoslibrary/resources/derivatives/masters/0/07DA719F-C865-4D65-A83F-37EC3EC90104_4_5005_c.jpeg"
    ],
    "ultima_modificacion": "2025-08-01 01:01:07.122043"
  },
  "0255bd591ca64601801c8df4f3fbb61945005c.jpeg": {
    "app_sintetizada": "0255BD591CA64601801C8DF4F3FBB61945005C.JPEG",
    "cantidad_archivos": 1,
    "archivos_fuente": [
      "Pictures/Fototeca de Fotos.photoslibrary/resources/derivatives/masters/0/0255BD59-1CA6-4601-801C-8DF4F3FBB619_4_5005_c.jpeg"
    ],
    "ultima_modificacion": "2025-08-01 01:01:07.122333"
  },
  "0342260f199b40a19a98cd209d668d4045005c.jpeg": {
    "app_sintetizada": "0342260F199B40A19A98CD209D668D4045005C.JPEG",
    "cantidad_archivos": 1,
    "archivos_fuente": [
      "Pictures/Fototeca de Fotos.photoslibrary/resources/derivatives/masters/0/0342260F-199B-40A1-9A98-CD209D668D40_4_5005_c.jpeg"
    ],
    "ultima_modificacion": "2025-08-01 01:01:07.122683"
  },
  "0602ef4ad26b447ba48bb7b9690b9cfe45005c.jpeg": {
    "app_sintetizada": "0602EF4AD26B447BA48BB7B9690B9CFE45005C.JPEG",
    "cantidad_archivos": 1,
    "archivos_fuente": [
      "Pictures/Fototeca de Fotos.photoslibrary/resources/derivatives/masters/0/0602EF4A-D26B-447B-A48B-B7B9690B9CFE_4_5005_c.jpeg"
    ],
    "ultima_modificacion": "2025-08-01 01:01:07.123048"
  },
  "0283a1e3d74e4a0395d725d4f6117b5745005c.jpeg": {
    "app_sintetizada": "0283A1E3D74E4A0395D725D4F6117B5745005C.JPEG",
    "cantidad_archivos": 1,
    "archivos_fuente": [
      "Pictures/Fototeca de Fotos.photoslibrary/resources/derivatives/masters/0/0283A1E3-D74E-4A03-95D7-25D4F6117B57_4_5005_c.jpeg"
    ],
    "ultima_modificacion": "2025-08-01 01:01:07.123393"
  },
  "0a1ad76028424082a8d833745df1e7e645005c.jpeg": {
    "app_sintetizada": "0A1AD76028424082A8D833745DF1E7E645005C.JPEG",
    "cantidad_archivos": 1,
    "archivos_fuente": [
      "Pictures/Fototeca de Fotos.photoslibrary/resources/derivatives/masters/0/0A1AD760-2842-4082-A8D8-33745DF1E7E6_4_5005_c.jpeg"
    ],
    "ultima_modificacion": "2025-08-01 01:01:07.123678"
  },
  "0309ed6eb28f41469975c61467209e9f45005c.jpeg": {
    "app_sintetizada": "0309ED6EB28F41469975C61467209E9F45005C.JPEG",
    "cantidad_archivos": 1,
    "archivos_fuente": [
      "Pictures/Fototeca de Fotos.photoslibrary/resources/derivatives/masters/0/0309ED6E-B28F-4146-9975-C61467209E9F_4_5005_c.jpeg"
    ],
    "ultima_modificacion": "2025-08-01 01:01:07.123958"
  },
  "01171425e11a454da213af5ea29cb77945005c.jpeg": {
    "app_sintetizada": "01171425E11A454DA213AF5EA29CB77945005C.JPEG",
    "cantidad_archivos": 1,
    "archivos_fuente": [
      "Pictures/Fototeca de Fotos.photoslibrary/resources/derivatives/masters/0/01171425-E11A-454D-A213-AF5EA29CB779_4_5005_c.jpeg"
    ],
    "ultima_modificacion": "2025-08-01 01:01:07.124258"
  },
  "06f85fe69acd4939a27f35a45e738f9445005c.jpeg": {
    "app_sintetizada": "06F85FE69ACD4939A27F35A45E738F9445005C.JPEG",
    "cantidad_archivos": 1,
    "archivos_fuente": [
      "Pictures/Fototeca de Fotos.photoslibrary/resources/derivatives/masters/0/06F85FE6-9ACD-4939-A27F-35A45E738F94_4_5005_c.jpeg"
    ],
    "ultima_modificacion": "2025-08-01 01:01:07.124648"
  },
  "0b1055ca368b47a4964221acf032f9de45005c.jpeg": {
    "app_sintetizada": "0B1055CA368B47A4964221ACF032F9DE45005C.JPEG",
    "cantidad_archivos": 1,
    "archivos_fuente": [
      "Pictures/Fototeca de Fotos.photoslibrary/resources/derivatives/masters/0/0B1055CA-368B-47A4-9642-21ACF032F9DE_4_5005_c.jpeg"
    ],
    "ultima_modificacion": "2025-08-01 01:01:07.125059"
  },
  "03ec353fbb3644c698695e07308ebec245005c.jpeg": {
    "app_sintetizada": "03EC353FBB3644C698695E07308EBEC245005C.JPEG",
    "cantidad_archivos": 1,
    "archivos_fuente": [
      "Pictures/Fototeca de Fotos.photoslibrary/resources/derivatives/masters/0/03EC353F-BB36-44C6-9869-5E07308EBEC2_4_5005_c.jpeg"
    ],
    "ultima_modificacion": "2025-08-01 01:01:07.125364"
  },
  "024bd02f6f5046fb9e5c0da0d4a2933745005c.jpeg": {
    "app_sintetizada": "024BD02F6F5046FB9E5C0DA0D4A2933745005C.JPEG",
    "cantidad_archivos": 1,
    "archivos_fuente": [
      "Pictures/Fototeca de Fotos.photoslibrary/resources/derivatives/masters/0/024BD02F-6F50-46FB-9E5C-0DA0D4A29337_4_5005_c.jpeg"
    ],
    "ultima_modificacion": "2025-08-01 01:01:07.125772"
  },
  "0f9d8c8c522a467daeab87b02ddedebe45005c.jpeg": {
    "app_sintetizada": "0F9D8C8C522A467DAEAB87B02DDEDEBE45005C.JPEG",
    "cantidad_archivos": 1,
    "archivos_fuente": [
      "Pictures/Fototeca de Fotos.photoslibrary/resources/derivatives/masters/0/0F9D8C8C-522A-467D-AEAB-87B02DDEDEBE_4_5005_c.jpeg"
    ],
    "ultima_modificacion": "2025-08-01 01:01:07.126120"
  },
  "05b272ef171846f78ffb260ea453673f45005c.jpeg": {
    "app_sintetizada": "05B272EF171846F78FFB260EA453673F45005C.JPEG",
    "cantidad_archivos": 1,
    "archivos_fuente": [
      "Pictures/Fototeca de Fotos.photoslibrary/resources/derivatives/masters/0/05B272EF-1718-46F7-8FFB-260EA453673F_4_5005_c.jpeg"
    ],
    "ultima_modificacion": "2025-08-01 01:01:07.126491"
  },
  "06832ce37bf04f8d9a7aa144bda9cc1c45005c.jpeg": {
    "app_sintetizada": "06832CE37BF04F8D9A7AA144BDA9CC1C45005C.JPEG",
    "cantidad_archivos": 1,
    "archivos_fuente": [
      "Pictures/Fototeca de Fotos.photoslibrary/resources/derivatives/masters/0/06832CE3-7BF0-4F8D-9A7A-A144BDA9CC1C_4_5005_c.jpeg"
    ],
    "ultima_modificacion": "2025-08-01 01:01:07.126847"
  },
  "00204509d6df47cfa0926645cbcf4bfa45005c.jpeg": {
    "app_sintetizada": "00204509D6DF47CFA0926645CBCF4BFA45005C.JPEG",
    "cantidad_archivos": 1,
    "archivos_fuente": [
      "Pictures/Fototeca de Fotos.photoslibrary/resources/derivatives/masters/0/00204509-D6DF-47CF-A092-6645CBCF4BFA_4_5005_c.jpeg"
    ],
    "ultima_modificacion": "2025-08-01 01:01:07.127186"
  },
  "0937bc14392948fe8042e1c2f1ff77e245005c.jpeg": {
    "app_sintetizada": "0937BC14392948FE8042E1C2F1FF77E245005C.JPEG",
    "cantidad_archivos": 1,
    "archivos_fuente": [
      "Pictures/Fototeca de Fotos.photoslibrary/resources/derivatives/masters/0/0937BC14-3929-48FE-8042-E1C2F1FF77E2_4_5005_c.jpeg"
    ],
    "ultima_modificacion": "2025-08-01 01:01:07.127549"
  },
  "0b3910f6212a44dda22523a9d7568ca445005c.jpeg": {
    "app_sintetizada": "0B3910F6212A44DDA22523A9D7568CA445005C.JPEG",
    "cantidad_archivos": 1,
    "archivos_fuente": [
      "Pictures/Fototeca de Fotos.photoslibrary/resources/derivatives/masters/0/0B3910F6-212A-44DD-A225-23A9D7568CA4_4_5005_c.jpeg"
    ],
    "ultima_modificacion": "2025-08-01 01:01:07.127855"
  },
  "08baa6c5d61d4747a617730b0f10bb3645005c.jpeg": {
    "app_sintetizada": "08BAA6C5D61D4747A617730B0F10BB3645005C.JPEG",
    "cantidad_archivos": 1,
    "archivos_fuente": [
      "Pictures/Fototeca de Fotos.photoslibrary/resources/derivatives/masters/0/08BAA6C5-D61D-4747-A617-730B0F10BB36_4_5005_c.jpeg"
    ],
    "ultima_modificacion": "2025-08-01 01:01:07.128167"
  },
  "0262f0ef0e51405699095023ea5aa88a45005c.jpeg": {
    "app_sintetizada": "0262F0EF0E51405699095023EA5AA88A45005C.JPEG",
    "cantidad_archivos": 1,
    "archivos_fuente": [
      "Pictures/Fototeca de Fotos.photoslibrary/resources/derivatives/masters/0/0262F0EF-0E51-4056-9909-5023EA5AA88A_4_5005_c.jpeg"
    ],
    "ultima_modificacion": "2025-08-01 01:01:07.128557"
  },
  "05a81937c79d4cbc939c7815910c524845005c.jpeg": {
    "app_sintetizada": "05A81937C79D4CBC939C7815910C524845005C.JPEG",
    "cantidad_archivos": 1,
    "archivos_fuente": [
      "Pictures/Fototeca de Fotos.photoslibrary/resources/derivatives/masters/0/05A81937-C79D-4CBC-939C-7815910C5248_4_5005_c.jpeg"
    ],
    "ultima_modificacion": "2025-08-01 01:01:07.128877"
  },
  "0bb93fe4c9244cbca23290522d27967a45005c.jpeg": {
    "app_sintetizada": "0BB93FE4C9244CBCA23290522D27967A45005C.JPEG",
    "cantidad_archivos": 1,
    "archivos_fuente": [
      "Pictures/Fototeca de Fotos.photoslibrary/resources/derivatives/masters/0/0BB93FE4-C924-4CBC-A232-90522D27967A_4_5005_c.jpeg"
    ],
    "ultima_modificacion": "2025-08-01 01:01:07.129140"
  },
  "0271b163e1814dfcbcb45c27377afcee45005c.jpeg": {
    "app_sintetizada": "0271B163E1814DFCBCB45C27377AFCEE45005C.JPEG",
    "cantidad_archivos": 1,
    "archivos_fuente": [
      "Pictures/Fototeca de Fotos.photoslibrary/resources/derivatives/masters/0/0271B163-E181-4DFC-BCB4-5C27377AFCEE_4_5005_c.jpeg"
    ],
    "ultima_modificacion": "2025-08-01 01:01:07.129384"
  },
  "0039f1ff6b8b44b5b3210f1960b7e22945005c.jpeg": {
    "app_sintetizada": "0039F1FF6B8B44B5B3210F1960B7E22945005C.JPEG",
    "cantidad_archivos": 1,
    "archivos_fuente": [
      "Pictures/Fototeca de Fotos.photoslibrary/resources/derivatives/masters/0/0039F1FF-6B8B-44B5-B321-0F1960B7E229_4_5005_c.jpeg"
    ],
    "ultima_modificacion": "2025-08-01 01:01:07.129678"
  },
  "0f60f825d3fe479aa1c92dd3edd0ec7e45005c.jpeg": {
    "app_sintetizada": "0F60F825D3FE479AA1C92DD3EDD0EC7E45005C.JPEG",
    "cantidad_archivos": 1,
    "archivos_fuente": [
      "Pictures/Fototeca de Fotos.photoslibrary/resources/derivatives/masters/0/0F60F825-D3FE-479A-A1C9-2DD3EDD0EC7E_4_5005_c.jpeg"
    ],
    "ultima_modificacion": "2025-08-01 01:01:07.129938"
  },
  "00525ca9e765449fa42c9f03d539e99d45005c.jpeg": {
    "app_sintetizada": "00525CA9E765449FA42C9F03D539E99D45005C.JPEG",
    "cantidad_archivos": 1,
    "archivos_fuente": [
      "Pictures/Fototeca de Fotos.photoslibrary/resources/derivatives/masters/0/00525CA9-E765-449F-A42C-9F03D539E99D_4_5005_c.jpeg"
    ],
    "ultima_modificacion": "2025-08-01 01:01:07.130225"
  },
  "0c37aeb38c7844a7ada2bd13c1362f9445005c.jpeg": {
    "app_sintetizada": "0C37AEB38C7844A7ADA2BD13C1362F9445005C.JPEG",
    "cantidad_archivos": 1,
    "archivos_fuente": [
      "Pictures/Fototeca de Fotos.photoslibrary/resources/derivatives/masters/0/0C37AEB3-8C78-44A7-ADA2-BD13C1362F94_4_5005_c.jpeg"
    ],
    "ultima_modificacion": "2025-08-01 01:01:07.130595"
  },
  "0fedeb8f9b3e468eacfb7b076cf2b7f645005c.jpeg": {
    "app_sintetizada": "0FEDEB8F9B3E468EACFB7B076CF2B7F645005C.JPEG",
    "cantidad_archivos": 1,
    "archivos_fuente": [
      "Pictures/Fototeca de Fotos.photoslibrary/resources/derivatives/masters/0/0FEDEB8F-9B3E-468E-ACFB-7B076CF2B7F6_4_5005_c.jpeg"
    ],
    "ultima_modificacion": "2025-08-01 01:01:07.130921"
  },
  "04e0e6ec9ab94e8d8a560fdae5b9a80145005c.jpeg": {
    "app_sintetizada": "04E0E6EC9AB94E8D8A560FDAE5B9A80145005C.JPEG",
    "cantidad_archivos": 1,
    "archivos_fuente": [
      "Pictures/Fototeca de Fotos.photoslibrary/resources/derivatives/masters/0/04E0E6EC-9AB9-4E8D-8A56-0FDAE5B9A801_4_5005_c.jpeg"
    ],
    "ultima_modificacion": "2025-08-01 01:01:07.131163"
  },
  "06cd5cac342d400a936f10bb55f0ce0d45005c.jpeg": {
    "app_sintetizada": "06CD5CAC342D400A936F10BB55F0CE0D45005C.JPEG",
    "cantidad_archivos": 1,
    "archivos_fuente": [
      "Pictures/Fototeca de Fotos.photoslibrary/resources/derivatives/masters/0/06CD5CAC-342D-400A-936F-10BB55F0CE0D_4_5005_c.jpeg"
    ],
    "ultima_modificacion": "2025-08-01 01:01:07.131465"
  },
  "04e57f0531a640dcbaf802943207df3545005c.jpeg": {
    "app_sintetizada": "04E57F0531A640DCBAF802943207DF3545005C.JPEG",
    "cantidad_archivos": 1,
    "archivos_fuente": [
      "Pictures/Fototeca de Fotos.photoslibrary/resources/derivatives/masters/0/04E57F05-31A6-40DC-BAF8-02943207DF35_4_5005_c.jpeg"
    ],
    "ultima_modificacion": "2025-08-01 01:01:07.131791"
  },
  "062f43cee4e54891b7d0455156a8d8c645005c.jpeg": {
    "app_sintetizada": "062F43CEE4E54891B7D0455156A8D8C645005C.JPEG",
    "cantidad_archivos": 1,
    "archivos_fuente": [
      "Pictures/Fototeca de Fotos.photoslibrary/resources/derivatives/masters/0/062F43CE-E4E5-4891-B7D0-455156A8D8C6_4_5005_c.jpeg"
    ],
    "ultima_modificacion": "2025-08-01 01:01:07.132321"
  },
  "08b51b8b7d294c1b83b9411677c11e8045005c.jpeg": {
    "app_sintetizada": "08B51B8B7D294C1B83B9411677C11E8045005C.JPEG",
    "cantidad_archivos": 1,
    "archivos_fuente": [
      "Pictures/Fototeca de Fotos.photoslibrary/resources/derivatives/masters/0/08B51B8B-7D29-4C1B-83B9-411677C11E80_4_5005_c.jpeg"
    ],
    "ultima_modificacion": "2025-08-01 01:01:07.132692"
  },
  "05f4ee84c5044cfa9ca7d9267b769b3745005c.jpeg": {
    "app_sintetizada": "05F4EE84C5044CFA9CA7D9267B769B3745005C.JPEG",
    "cantidad_archivos": 1,
    "archivos_fuente": [
      "Pictures/Fototeca de Fotos.photoslibrary/resources/derivatives/masters/0/05F4EE84-C504-4CFA-9CA7-D9267B769B37_4_5005_c.jpeg"
    ],
    "ultima_modificacion": "2025-08-01 01:01:07.132915"
  },
  "0dcf2632630d43b09b69c727d36904b545005c.jpeg": {
    "app_sintetizada": "0DCF2632630D43B09B69C727D36904B545005C.JPEG",
    "cantidad_archivos": 1,
    "archivos_fuente": [
      "Pictures/Fototeca de Fotos.photoslibrary/resources/derivatives/masters/0/0DCF2632-630D-43B0-9B69-C727D36904B5_4_5005_c.jpeg"
    ],
    "ultima_modificacion": "2025-08-01 01:01:07.133110"
  },
  "0a18787381224b68a9d9dec5eb823c9645005c.jpeg": {
    "app_sintetizada": "0A18787381224B68A9D9DEC5EB823C9645005C.JPEG",
    "cantidad_archivos": 1,
    "archivos_fuente": [
      "Pictures/Fototeca de Fotos.photoslibrary/resources/derivatives/masters/0/0A187873-8122-4B68-A9D9-DEC5EB823C96_4_5005_c.jpeg"
    ],
    "ultima_modificacion": "2025-08-01 01:01:07.133363"
  },
  "054d95af5e67407a8dd6554324dd533545005c.jpeg": {
    "app_sintetizada": "054D95AF5E67407A8DD6554324DD533545005C.JPEG",
    "cantidad_archivos": 1,
    "archivos_fuente": [
      "Pictures/Fototeca de Fotos.photoslibrary/resources/derivatives/masters/0/054D95AF-5E67-407A-8DD6-554324DD5335_4_5005_c.jpeg"
    ],
    "ultima_modificacion": "2025-08-01 01:01:07.133599"
  },
  "0e6dace350c3405bbd42d6cbd183992f45005c.jpeg": {
    "app_sintetizada": "0E6DACE350C3405BBD42D6CBD183992F45005C.JPEG",
    "cantidad_archivos": 1,
    "archivos_fuente": [
      "Pictures/Fototeca de Fotos.photoslibrary/resources/derivatives/masters/0/0E6DACE3-50C3-405B-BD42-D6CBD183992F_4_5005_c.jpeg"
    ],
    "ultima_modificacion": "2025-08-01 01:01:07.133910"
  },
  "0b4a93997ae74fb9b69bb69162c9d49245005c.jpeg": {
    "app_sintetizada": "0B4A93997AE74FB9B69BB69162C9D49245005C.JPEG",
    "cantidad_archivos": 1,
    "archivos_fuente": [
      "Pictures/Fototeca de Fotos.photoslibrary/resources/derivatives/masters/0/0B4A9399-7AE7-4FB9-B69B-B69162C9D492_4_5005_c.jpeg"
    ],
    "ultima_modificacion": "2025-08-01 01:01:07.134161"
  },
  "004aafa8c1004910bfb7a0a446886c7645005c.jpeg": {
    "app_sintetizada": "004AAFA8C1004910BFB7A0A446886C7645005C.JPEG",
    "cantidad_archivos": 1,
    "archivos_fuente": [
      "Pictures/Fototeca de Fotos.photoslibrary/resources/derivatives/masters/0/004AAFA8-C100-4910-BFB7-A0A446886C76_4_5005_c.jpeg"
    ],
    "ultima_modificacion": "2025-08-01 01:01:07.134491"
  },
  "0637d76b425d4dd597bf5e152088080145005c.jpeg": {
    "app_sintetizada": "0637D76B425D4DD597BF5E152088080145005C.JPEG",
    "cantidad_archivos": 1,
    "archivos_fuente": [
      "Pictures/Fototeca de Fotos.photoslibrary/resources/derivatives/masters/0/0637D76B-425D-4DD5-97BF-5E1520880801_4_5005_c.jpeg"
    ],
    "ultima_modificacion": "2025-08-01 01:01:07.134735"
  },
  "0179e4d949474c85a1c4cbc2bf431b6c45005c.jpeg": {
    "app_sintetizada": "0179E4D949474C85A1C4CBC2BF431B6C45005C.JPEG",
    "cantidad_archivos": 1,
    "archivos_fuente": [
      "Pictures/Fototeca de Fotos.photoslibrary/resources/derivatives/masters/0/0179E4D9-4947-4C85-A1C4-CBC2BF431B6C_4_5005_c.jpeg"
    ],
    "ultima_modificacion": "2025-08-01 01:01:07.135014"
  },
  "0c9e27ff13f64638b04e94d42fe9c91d45005c.jpeg": {
    "app_sintetizada": "0C9E27FF13F64638B04E94D42FE9C91D45005C.JPEG",
    "cantidad_archivos": 1,
    "archivos_fuente": [
      "Pictures/Fototeca de Fotos.photoslibrary/resources/derivatives/masters/0/0C9E27FF-13F6-4638-B04E-94D42FE9C91D_4_5005_c.jpeg"
    ],
    "ultima_modificacion": "2025-08-01 01:01:07.135243"
  },
  "07cbc0ef7b5948dba53802eedfed1c2f45005c.jpeg": {
    "app_sintetizada": "07CBC0EF7B5948DBA53802EEDFED1C2F45005C.JPEG",
    "cantidad_archivos": 1,
    "archivos_fuente": [
      "Pictures/Fototeca de Fotos.photoslibrary/resources/derivatives/masters/0/07CBC0EF-7B59-48DB-A538-02EEDFED1C2F_4_5005_c.jpeg"
    ],
    "ultima_modificacion": "2025-08-01 01:01:07.135478"
  },
  "0f5d7e5c7ebb4b48ad48e7ee6d3113c045005c.jpeg": {
    "app_sintetizada": "0F5D7E5C7EBB4B48AD48E7EE6D3113C045005C.JPEG",
    "cantidad_archivos": 1,
    "archivos_fuente": [
      "Pictures/Fototeca de Fotos.photoslibrary/resources/derivatives/masters/0/0F5D7E5C-7EBB-4B48-AD48-E7EE6D3113C0_4_5005_c.jpeg"
    ],
    "ultima_modificacion": "2025-08-01 01:01:07.135722"
  },
  "0204fd602958402dad61aa9bf1409fc445005c.jpeg": {
    "app_sintetizada": "0204FD602958402DAD61AA9BF1409FC445005C.JPEG",
    "cantidad_archivos": 1,
    "archivos_fuente": [
      "Pictures/Fototeca de Fotos.photoslibrary/resources/derivatives/masters/0/0204FD60-2958-402D-AD61-AA9BF1409FC4_4_5005_c.jpeg"
    ],
    "ultima_modificacion": "2025-08-01 01:01:07.135985"
  }
}