{
  "7a9ea1b3f32246f598eb8c54f438cc7c45005c.jpeg": {
    "app_sintetizada": "7A9EA1B3F32246F598EB8C54F438CC7C45005C.JPEG",
    "cantidad_archivos": 1,
    "archivos_fuente": [
      "Pictures/Fototeca de Fotos.photoslibrary/resources/derivatives/masters/7/7A9EA1B3-F322-46F5-98EB-8C54F438CC7C_4_5005_c.jpeg"
    ],
    "ultima_modificacion": "2025-08-01 01:01:07.642488"
  },
  "7b3315867fd44b289dbba52b811c694d45005c.jpeg": {
    "app_sintetizada": "7B3315867FD44B289DBBA52B811C694D45005C.JPEG",
    "cantidad_archivos": 1,
    "archivos_fuente": [
      "Pictures/Fototeca de Fotos.photoslibrary/resources/derivatives/masters/7/7B331586-7FD4-4B28-9DBB-A52B811C694D_4_5005_c.jpeg"
    ],
    "ultima_modificacion": "2025-08-01 01:01:07.642814"
  },
  "71483f8c486343d3886a6a969c0ba66c45005c.jpeg": {
    "app_sintetizada": "71483F8C486343D3886A6A969C0BA66C45005C.JPEG",
    "cantidad_archivos": 1,
    "archivos_fuente": [
      "Pictures/Fototeca de Fotos.photoslibrary/resources/derivatives/masters/7/71483F8C-4863-43D3-886A-6A969C0BA66C_4_5005_c.jpeg"
    ],
    "ultima_modificacion": "2025-08-01 01:01:07.643147"
  },
  "7f1ee399bc5c4f24a355f98dd5a6d59f45005c.jpeg": {
    "app_sintetizada": "7F1EE399BC5C4F24A355F98DD5A6D59F45005C.JPEG",
    "cantidad_archivos": 1,
    "archivos_fuente": [
      "Pictures/Fototeca de Fotos.photoslibrary/resources/derivatives/masters/7/7F1EE399-BC5C-4F24-A355-F98DD5A6D59F_4_5005_c.jpeg"
    ],
    "ultima_modificacion": "2025-08-01 01:01:07.643465"
  },
  "7c75e92e38d44362b55d98c8b29329e345005c.jpeg": {
    "app_sintetizada": "7C75E92E38D44362B55D98C8B29329E345005C.JPEG",
    "cantidad_archivos": 1,
    "archivos_fuente": [
      "Pictures/Fototeca de Fotos.photoslibrary/resources/derivatives/masters/7/7C75E92E-38D4-4362-B55D-98C8B29329E3_4_5005_c.jpeg"
    ],
    "ultima_modificacion": "2025-08-01 01:01:07.643775"
  },
  "7305e03382c342ac80b44111264c336c45005c.jpeg": {
    "app_sintetizada": "7305E03382C342AC80B44111264C336C45005C.JPEG",
    "cantidad_archivos": 1,
    "archivos_fuente": [
      "Pictures/Fototeca de Fotos.photoslibrary/resources/derivatives/masters/7/7305E033-82C3-42AC-80B4-4111264C336C_4_5005_c.jpeg"
    ],
    "ultima_modificacion": "2025-08-01 01:01:07.644054"
  },
  "7da653fe0bd944a4823672940e69c31145005c.jpeg": {
    "app_sintetizada": "7DA653FE0BD944A4823672940E69C31145005C.JPEG",
    "cantidad_archivos": 1,
    "archivos_fuente": [
      "Pictures/Fototeca de Fotos.photoslibrary/resources/derivatives/masters/7/7DA653FE-0BD9-44A4-8236-72940E69C311_4_5005_c.jpeg"
    ],
    "ultima_modificacion": "2025-08-01 01:01:07.644354"
  },
  "77b9672829a946b5bcab8cacbb576bf645005c.jpeg": {
    "app_sintetizada": "77B9672829A946B5BCAB8CACBB576BF645005C.JPEG",
    "cantidad_archivos": 1,
    "archivos_fuente": [
      "Pictures/Fototeca de Fotos.photoslibrary/resources/derivatives/masters/7/77B96728-29A9-46B5-BCAB-8CACBB576BF6_4_5005_c.jpeg"
    ],
    "ultima_modificacion": "2025-08-01 01:01:07.644688"
  },
  "7ee59b3a7cc34883bfe22028e453beda45005c.jpeg": {
    "app_sintetizada": "7EE59B3A7CC34883BFE22028E453BEDA45005C.JPEG",
    "cantidad_archivos": 1,
    "archivos_fuente": [
      "Pictures/Fototeca de Fotos.photoslibrary/resources/derivatives/masters/7/7EE59B3A-7CC3-4883-BFE2-2028E453BEDA_4_5005_c.jpeg"
    ],
    "ultima_modificacion": "2025-08-01 01:01:07.644989"
  },
  "75922a0dad304ab4be3eb0c2b8f0c87f45005c.jpeg": {
    "app_sintetizada": "75922A0DAD304AB4BE3EB0C2B8F0C87F45005C.JPEG",
    "cantidad_archivos": 1,
    "archivos_fuente": [
      "Pictures/Fototeca de Fotos.photoslibrary/resources/derivatives/masters/7/75922A0D-AD30-4AB4-BE3E-B0C2B8F0C87F_4_5005_c.jpeg"
    ],
    "ultima_modificacion": "2025-08-01 01:01:07.645278"
  },
  "7c206423dbb94035a1ed2fb64e9e603345005c.jpeg": {
    "app_sintetizada": "7C206423DBB94035A1ED2FB64E9E603345005C.JPEG",
    "cantidad_archivos": 1,
    "archivos_fuente": [
      "Pictures/Fototeca de Fotos.photoslibrary/resources/derivatives/masters/7/7C206423-DBB9-4035-A1ED-2FB64E9E6033_4_5005_c.jpeg"
    ],
    "ultima_modificacion": "2025-08-01 01:01:07.645573"
  },
  "7960ccc1dbf14ac0a693ffe9184b4e5345005c.jpeg": {
    "app_sintetizada": "7960CCC1DBF14AC0A693FFE9184B4E5345005C.JPEG",
    "cantidad_archivos": 1,
    "archivos_fuente": [
      "Pictures/Fototeca de Fotos.photoslibrary/resources/derivatives/masters/7/7960CCC1-DBF1-4AC0-A693-FFE9184B4E53_4_5005_c.jpeg"
    ],
    "ultima_modificacion": "2025-08-01 01:01:07.645890"
  },
  "79057e2e25ba49eba026f2f23d30697745005c.jpeg": {
    "app_sintetizada": "79057E2E25BA49EBA026F2F23D30697745005C.JPEG",
    "cantidad_archivos": 1,
    "archivos_fuente": [
      "Pictures/Fototeca de Fotos.photoslibrary/resources/derivatives/masters/7/79057E2E-25BA-49EB-A026-F2F23D306977_4_5005_c.jpeg"
    ],
    "ultima_modificacion": "2025-08-01 01:01:07.646186"
  },
  "70c9a4eee5ee434aa3cc0e0fea4785b245005c.jpeg": {
    "app_sintetizada": "70C9A4EEE5EE434AA3CC0E0FEA4785B245005C.JPEG",
    "cantidad_archivos": 1,
    "archivos_fuente": [
      "Pictures/Fototeca de Fotos.photoslibrary/resources/derivatives/masters/7/70C9A4EE-E5EE-434A-A3CC-0E0FEA4785B2_4_5005_c.jpeg"
    ],
    "ultima_modificacion": "2025-08-01 01:01:07.646468"
  },
  "7666f6e898d64be4a815526ac4177d8645005c.jpeg": {
    "app_sintetizada": "7666F6E898D64BE4A815526AC4177D8645005C.JPEG",
    "cantidad_archivos": 1,
    "archivos_fuente": [
      "Pictures/Fototeca de Fotos.photoslibrary/resources/derivatives/masters/7/7666F6E8-98D6-4BE4-A815-526AC4177D86_4_5005_c.jpeg"
    ],
    "ultima_modificacion": "2025-08-01 01:01:07.646832"
  },
  "7173f93b9d974d43abb6158273ee7ba645005c.jpeg": {
    "app_sintetizada": "7173F93B9D974D43ABB6158273EE7BA645005C.JPEG",
    "cantidad_archivos": 1,
    "archivos_fuente": [
      "Pictures/Fototeca de Fotos.photoslibrary/resources/derivatives/masters/7/7173F93B-9D97-4D43-ABB6-158273EE7BA6_4_5005_c.jpeg"
    ],
    "ultima_modificacion": "2025-08-01 01:01:07.647142"
  },
  "760bea3d249e4522bf73b751a90f6f9d45005c.jpeg": {
    "app_sintetizada": "760BEA3D249E4522BF73B751A90F6F9D45005C.JPEG",
    "cantidad_archivos": 1,
    "archivos_fuente": [
      "Pictures/Fototeca de Fotos.photoslibrary/resources/derivatives/masters/7/760BEA3D-249E-4522-BF73-B751A90F6F9D_4_5005_c.jpeg"
    ],
    "ultima_modificacion": "2025-08-01 01:01:07.647470"
  },
  "7c7513bfd2a64a81801cbfabb4032a9745005c.jpeg": {
    "app_sintetizada": "7C7513BFD2A64A81801CBFABB4032A9745005C.JPEG",
    "cantidad_archivos": 1,
    "archivos_fuente": [
      "Pictures/Fototeca de Fotos.photoslibrary/resources/derivatives/masters/7/7C7513BF-D2A6-4A81-801C-BFABB4032A97_4_5005_c.jpeg"
    ],
    "ultima_modificacion": "2025-08-01 01:01:07.647801"
  },
  "773c8fd47e8142fb80cc82a0f8ecb15445005c.jpeg": {
    "app_sintetizada": "773C8FD47E8142FB80CC82A0F8ECB15445005C.JPEG",
    "cantidad_archivos": 1,
    "archivos_fuente": [
      "Pictures/Fototeca de Fotos.photoslibrary/resources/derivatives/masters/7/773C8FD4-7E81-42FB-80CC-82A0F8ECB154_4_5005_c.jpeg"
    ],
    "ultima_modificacion": "2025-08-01 01:01:07.648105"
  },
  "7fee81d0f104410a9c21c2b5db597fe645005c.jpeg": {
    "app_sintetizada": "7FEE81D0F104410A9C21C2B5DB597FE645005C.JPEG",
    "cantidad_archivos": 1,
    "archivos_fuente": [
      "Pictures/Fototeca de Fotos.photoslibrary/resources/derivatives/masters/7/7FEE81D0-F104-410A-9C21-C2B5DB597FE6_4_5005_c.jpeg"
    ],
    "ultima_modificacion": "2025-08-01 01:01:07.648380"
  },
  "7ea0cc49811f46aeaf9123197f37114e45005c.jpeg": {
    "app_sintetizada": "7EA0CC49811F46AEAF9123197F37114E45005C.JPEG",
    "cantidad_archivos": 1,
    "archivos_fuente": [
      "Pictures/Fototeca de Fotos.photoslibrary/resources/derivatives/masters/7/7EA0CC49-811F-46AE-AF91-23197F37114E_4_5005_c.jpeg"
    ],
    "ultima_modificacion": "2025-08-01 01:01:07.648698"
  },
  "77e13d115d3840ffbd9b5ecd0d92f30945005c.jpeg": {
    "app_sintetizada": "77E13D115D3840FFBD9B5ECD0D92F30945005C.JPEG",
    "cantidad_archivos": 1,
    "archivos_fuente": [
      "Pictures/Fototeca de Fotos.photoslibrary/resources/derivatives/masters/7/77E13D11-5D38-40FF-BD9B-5ECD0D92F309_4_5005_c.jpeg"
    ],
    "ultima_modificacion": "2025-08-01 01:01:07.649011"
  },
  "77fdb1e9bbf940c89fab85ff016d6d5845005c.jpeg": {
    "app_sintetizada": "77FDB1E9BBF940C89FAB85FF016D6D5845005C.JPEG",
    "cantidad_archivos": 1,
    "archivos_fuente": [
      "Pictures/Fototeca de Fotos.photoslibrary/resources/derivatives/masters/7/77FDB1E9-BBF9-40C8-9FAB-85FF016D6D58_4_5005_c.jpeg"
    ],
    "ultima_modificacion": "2025-08-01 01:01:07.649315"
  },
  "7c809af1db244652a1e66c82d32226c145005c.jpeg": {
    "app_sintetizada": "7C809AF1DB244652A1E66C82D32226C145005C.JPEG",
    "cantidad_archivos": 1,
    "archivos_fuente": [
      "Pictures/Fototeca de Fotos.photoslibrary/resources/derivatives/masters/7/7C809AF1-DB24-4652-A1E6-6C82D32226C1_4_5005_c.jpeg"
    ],
    "ultima_modificacion": "2025-08-01 01:01:07.649596"
  },
  "79587e81d88d44d3a4c23dd25ebfac5045005c.jpeg": {
    "app_sintetizada": "79587E81D88D44D3A4C23DD25EBFAC5045005C.JPEG",
    "cantidad_archivos": 1,
    "archivos_fuente": [
      "Pictures/Fototeca de Fotos.photoslibrary/resources/derivatives/masters/7/79587E81-D88D-44D3-A4C2-3DD25EBFAC50_4_5005_c.jpeg"
    ],
    "ultima_modificacion": "2025-08-01 01:01:07.649885"
  },
  "77d0b505e8234cc184a5b28dd1b907ad45005c.jpeg": {
    "app_sintetizada": "77D0B505E8234CC184A5B28DD1B907AD45005C.JPEG",
    "cantidad_archivos": 1,
    "archivos_fuente": [
      "Pictures/Fototeca de Fotos.photoslibrary/resources/derivatives/masters/7/77D0B505-E823-4CC1-84A5-B28DD1B907AD_4_5005_c.jpeg"
    ],
    "ultima_modificacion": "2025-08-01 01:01:07.650255"
  },
  "764f50f55ad149d3b8db8cad6e4bf0f645005c.jpeg": {
    "app_sintetizada": "764F50F55AD149D3B8DB8CAD6E4BF0F645005C.JPEG",
    "cantidad_archivos": 1,
    "archivos_fuente": [
      "Pictures/Fototeca de Fotos.photoslibrary/resources/derivatives/masters/7/764F50F5-5AD1-49D3-B8DB-8CAD6E4BF0F6_4_5005_c.jpeg"
    ],
    "ultima_modificacion": "2025-08-01 01:01:07.650612"
  },
  "79106dae8b8b4ad09f88739d2dc650cf45005c.jpeg": {
    "app_sintetizada": "79106DAE8B8B4AD09F88739D2DC650CF45005C.JPEG",
    "cantidad_archivos": 1,
    "archivos_fuente": [
      "Pictures/Fototeca de Fotos.photoslibrary/resources/derivatives/masters/7/79106DAE-8B8B-4AD0-9F88-739D2DC650CF_4_5005_c.jpeg"
    ],
    "ultima_modificacion": "2025-08-01 01:01:07.650972"
  },
  "746d4dd34a5d4ff0add9b166d5d8d08745005c.jpeg": {
    "app_sintetizada": "746D4DD34A5D4FF0ADD9B166D5D8D08745005C.JPEG",
    "cantidad_archivos": 1,
    "archivos_fuente": [
      "Pictures/Fototeca de Fotos.photoslibrary/resources/derivatives/masters/7/746D4DD3-4A5D-4FF0-ADD9-B166D5D8D087_4_5005_c.jpeg"
    ],
    "ultima_modificacion": "2025-08-01 01:01:07.651281"
  },
  "787fb58c08ca4791881f4f5a8ae563d445005c.jpeg": {
    "app_sintetizada": "787FB58C08CA4791881F4F5A8AE563D445005C.JPEG",
    "cantidad_archivos": 1,
    "archivos_fuente": [
      "Pictures/Fototeca de Fotos.photoslibrary/resources/derivatives/masters/7/787FB58C-08CA-4791-881F-4F5A8AE563D4_4_5005_c.jpeg"
    ],
    "ultima_modificacion": "2025-08-01 01:01:07.651645"
  },
  "734f1bb8b023486c832f34586319c53245005c.jpeg": {
    "app_sintetizada": "734F1BB8B023486C832F34586319C53245005C.JPEG",
    "cantidad_archivos": 1,
    "archivos_fuente": [
      "Pictures/Fototeca de Fotos.photoslibrary/resources/derivatives/masters/7/734F1BB8-B023-486C-832F-34586319C532_4_5005_c.jpeg"
    ],
    "ultima_modificacion": "2025-08-01 01:01:07.651960"
  },
  "7e1ee103cba04d1bbf463e2cdcab4cd845005c.jpeg": {
    "app_sintetizada": "7E1EE103CBA04D1BBF463E2CDCAB4CD845005C.JPEG",
    "cantidad_archivos": 1,
    "archivos_fuente": [
      "Pictures/Fototeca de Fotos.photoslibrary/resources/derivatives/masters/7/7E1EE103-CBA0-4D1B-BF46-3E2CDCAB4CD8_4_5005_c.jpeg"
    ],
    "ultima_modificacion": "2025-08-01 01:01:07.652305"
  },
  "7a74b32575d44fe9b1119272f55382f845005c.jpeg": {
    "app_sintetizada": "7A74B32575D44FE9B1119272F55382F845005C.JPEG",
    "cantidad_archivos": 1,
    "archivos_fuente": [
      "Pictures/Fototeca de Fotos.photoslibrary/resources/derivatives/masters/7/7A74B325-75D4-4FE9-B111-9272F55382F8_4_5005_c.jpeg"
    ],
    "ultima_modificacion": "2025-08-01 01:01:07.652607"
  },
  "7e4d5f0f490f436a8b34a4f01b26eb1845005c.jpeg": {
    "app_sintetizada": "7E4D5F0F490F436A8B34A4F01B26EB1845005C.JPEG",
    "cantidad_archivos": 1,
    "archivos_fuente": [
      "Pictures/Fototeca de Fotos.photoslibrary/resources/derivatives/masters/7/7E4D5F0F-490F-436A-8B34-A4F01B26EB18_4_5005_c.jpeg"
    ],
    "ultima_modificacion": "2025-08-01 01:01:07.652923"
  },
  "783e75dda97b44c69b4c78012ae4e2c645005c.jpeg": {
    "app_sintetizada": "783E75DDA97B44C69B4C78012AE4E2C645005C.JPEG",
    "cantidad_archivos": 1,
    "archivos_fuente": [
      "Pictures/Fototeca de Fotos.photoslibrary/resources/derivatives/masters/7/783E75DD-A97B-44C6-9B4C-78012AE4E2C6_4_5005_c.jpeg"
    ],
    "ultima_modificacion": "2025-08-01 01:01:07.653261"
  },
  "7e6f8d21f5a048f3a4a060e0ae8598f245005c.jpeg": {
    "app_sintetizada": "7E6F8D21F5A048F3A4A060E0AE8598F245005C.JPEG",
    "cantidad_archivos": 1,
    "archivos_fuente": [
      "Pictures/Fototeca de Fotos.photoslibrary/resources/derivatives/masters/7/7E6F8D21-F5A0-48F3-A4A0-60E0AE8598F2_4_5005_c.jpeg"
    ],
    "ultima_modificacion": "2025-08-01 01:01:07.653545"
  },
  "773c0ef227ea4367929c4707c0b38c4345005c.jpeg": {
    "app_sintetizada": "773C0EF227EA4367929C4707C0B38C4345005C.JPEG",
    "cantidad_archivos": 1,
    "archivos_fuente": [
      "Pictures/Fototeca de Fotos.photoslibrary/resources/derivatives/masters/7/773C0EF2-27EA-4367-929C-4707C0B38C43_4_5005_c.jpeg"
    ],
    "ultima_modificacion": "2025-08-01 01:01:07.653851"
  },
  "71efee39609f4987bb92c8f6dfcbe33145005c.jpeg": {
    "app_sintetizada": "71EFEE39609F4987BB92C8F6DFCBE33145005C.JPEG",
    "cantidad_archivos": 1,
    "archivos_fuente": [
      "Pictures/Fototeca de Fotos.photoslibrary/resources/derivatives/masters/7/71EFEE39-609F-4987-BB92-C8F6DFCBE331_4_5005_c.jpeg"
    ],
    "ultima_modificacion": "2025-08-01 01:01:07.654170"
  },
  "7439084749984258aecd3011ae92b6a345005c.jpeg": {
    "app_sintetizada": "7439084749984258AECD3011AE92B6A345005C.JPEG",
    "cantidad_archivos": 1,
    "archivos_fuente": [
      "Pictures/Fototeca de Fotos.photoslibrary/resources/derivatives/masters/7/74390847-4998-4258-AECD-3011AE92B6A3_4_5005_c.jpeg"
    ],
    "ultima_modificacion": "2025-08-01 01:01:07.654493"
  },
  "7eff0625f016461e8cb6875a0593fe7a45005c.jpeg": {
    "app_sintetizada": "7EFF0625F016461E8CB6875A0593FE7A45005C.JPEG",
    "cantidad_archivos": 1,
    "archivos_fuente": [
      "Pictures/Fototeca de Fotos.photoslibrary/resources/derivatives/masters/7/7EFF0625-F016-461E-8CB6-875A0593FE7A_4_5005_c.jpeg"
    ],
    "ultima_modificacion": "2025-08-01 01:01:07.654792"
  },
  "7cf0c32f2ee74a0b9cb2d5ea7adc9eb845005c.jpeg": {
    "app_sintetizada": "7CF0C32F2EE74A0B9CB2D5EA7ADC9EB845005C.JPEG",
    "cantidad_archivos": 1,
    "archivos_fuente": [
      "Pictures/Fototeca de Fotos.photoslibrary/resources/derivatives/masters/7/7CF0C32F-2EE7-4A0B-9CB2-D5EA7ADC9EB8_4_5005_c.jpeg"
    ],
    "ultima_modificacion": "2025-08-01 01:01:07.655082"
  },
  "7eab6c95ba9c43ae8bbfd593f125038b45005c.jpeg": {
    "app_sintetizada": "7EAB6C95BA9C43AE8BBFD593F125038B45005C.JPEG",
    "cantidad_archivos": 1,
    "archivos_fuente": [
      "Pictures/Fototeca de Fotos.photoslibrary/resources/derivatives/masters/7/7EAB6C95-BA9C-43AE-8BBF-D593F125038B_4_5005_c.jpeg"
    ],
    "ultima_modificacion": "2025-08-01 01:01:07.655367"
  },
  "73d50540cd3842b8ae9a92b366fc813245005c.jpeg": {
    "app_sintetizada": "73D50540CD3842B8AE9A92B366FC813245005C.JPEG",
    "cantidad_archivos": 1,
    "archivos_fuente": [
      "Pictures/Fototeca de Fotos.photoslibrary/resources/derivatives/masters/7/73D50540-CD38-42B8-AE9A-92B366FC8132_4_5005_c.jpeg"
    ],
    "ultima_modificacion": "2025-08-01 01:01:07.655672"
  },
  "7ec4b9f88cca44feba3242938cd57be645005c.jpeg": {
    "app_sintetizada": "7EC4B9F88CCA44FEBA3242938CD57BE645005C.JPEG",
    "cantidad_archivos": 1,
    "archivos_fuente": [
      "Pictures/Fototeca de Fotos.photoslibrary/resources/derivatives/masters/7/7EC4B9F8-8CCA-44FE-BA32-42938CD57BE6_4_5005_c.jpeg"
    ],
    "ultima_modificacion": "2025-08-01 01:01:07.655968"
  },
  "759bbf169ec043a1ad1ceed6097be80645005c.jpeg": {
    "app_sintetizada": "759BBF169EC043A1AD1CEED6097BE80645005C.JPEG",
    "cantidad_archivos": 1,
    "archivos_fuente": [
      "Pictures/Fototeca de Fotos.photoslibrary/resources/derivatives/masters/7/759BBF16-9EC0-43A1-AD1C-EED6097BE806_4_5005_c.jpeg"
    ],
    "ultima_modificacion": "2025-08-01 01:01:07.656272"
  },
  "7802c7fbbe704892ad10a24231b9aa3f45005c.jpeg": {
    "app_sintetizada": "7802C7FBBE704892AD10A24231B9AA3F45005C.JPEG",
    "cantidad_archivos": 1,
    "archivos_fuente": [
      "Pictures/Fototeca de Fotos.photoslibrary/resources/derivatives/masters/7/7802C7FB-BE70-4892-AD10-A24231B9AA3F_4_5005_c.jpeg"
    ],
    "ultima_modificacion": "2025-08-01 01:01:07.656598"
  },
  "775ae3c9181b42a181021bdf50c4849545005c.jpeg": {
    "app_sintetizada": "775AE3C9181B42A181021BDF50C4849545005C.JPEG",
    "cantidad_archivos": 1,
    "archivos_fuente": [
      "Pictures/Fototeca de Fotos.photoslibrary/resources/derivatives/masters/7/775AE3C9-181B-42A1-8102-1BDF50C48495_4_5005_c.jpeg"
    ],
    "ultima_modificacion": "2025-08-01 01:01:07.656946"
  },
  "75d176bcf9214b2a8523d37c63dd27a345005c.jpeg": {
    "app_sintetizada": "75D176BCF9214B2A8523D37C63DD27A345005C.JPEG",
    "cantidad_archivos": 1,
    "archivos_fuente": [
      "Pictures/Fototeca de Fotos.photoslibrary/resources/derivatives/masters/7/75D176BC-F921-4B2A-8523-D37C63DD27A3_4_5005_c.jpeg"
    ],
    "ultima_modificacion": "2025-08-01 01:01:07.657262"
  },
  "728e3fa73cb84d839a87c117d485bc2845005c.jpeg": {
    "app_sintetizada": "728E3FA73CB84D839A87C117D485BC2845005C.JPEG",
    "cantidad_archivos": 1,
    "archivos_fuente": [
      "Pictures/Fototeca de Fotos.photoslibrary/resources/derivatives/masters/7/728E3FA7-3CB8-4D83-9A87-C117D485BC28_4_5005_c.jpeg"
    ],
    "ultima_modificacion": "2025-08-01 01:01:07.657543"
  },
  "709bc4d6651949ec8ae6299c696f2d1145005c.jpeg": {
    "app_sintetizada": "709BC4D6651949EC8AE6299C696F2D1145005C.JPEG",
    "cantidad_archivos": 1,
    "archivos_fuente": [
      "Pictures/Fototeca de Fotos.photoslibrary/resources/derivatives/masters/7/709BC4D6-6519-49EC-8AE6-299C696F2D11_4_5005_c.jpeg"
    ],
    "ultima_modificacion": "2025-08-01 01:01:07.657830"
  },
  "72ff6a1e63744cd9b6aa05faf356171745005c.jpeg": {
    "app_sintetizada": "72FF6A1E63744CD9B6AA05FAF356171745005C.JPEG",
    "cantidad_archivos": 1,
    "archivos_fuente": [
      "Pictures/Fototeca de Fotos.photoslibrary/resources/derivatives/masters/7/72FF6A1E-6374-4CD9-B6AA-05FAF3561717_4_5005_c.jpeg"
    ],
    "ultima_modificacion": "2025-08-01 01:01:07.658139"
  },
  "783dffe44f304cb8855942b37c7635e245005c.jpeg": {
    "app_sintetizada": "783DFFE44F304CB8855942B37C7635E245005C.JPEG",
    "cantidad_archivos": 1,
    "archivos_fuente": [
      "Pictures/Fototeca de Fotos.photoslibrary/resources/derivatives/masters/7/783DFFE4-4F30-4CB8-8559-42B37C7635E2_4_5005_c.jpeg"
    ],
    "ultima_modificacion": "2025-08-01 01:01:07.658457"
  },
  "716004a9b8874deb85781755be13feec45005c.jpeg": {
    "app_sintetizada": "716004A9B8874DEB85781755BE13FEEC45005C.JPEG",
    "cantidad_archivos": 1,
    "archivos_fuente": [
      "Pictures/Fototeca de Fotos.photoslibrary/resources/derivatives/masters/7/716004A9-B887-4DEB-8578-1755BE13FEEC_4_5005_c.jpeg"
    ],
    "ultima_modificacion": "2025-08-01 01:01:07.658754"
  },
  "7fef02787da6456a9a4bc768e625d22b45005c.jpeg": {
    "app_sintetizada": "7FEF02787DA6456A9A4BC768E625D22B45005C.JPEG",
    "cantidad_archivos": 1,
    "archivos_fuente": [
      "Pictures/Fototeca de Fotos.photoslibrary/resources/derivatives/masters/7/7FEF0278-7DA6-456A-9A4B-C768E625D22B_4_5005_c.jpeg"
    ],
    "ultima_modificacion": "2025-08-01 01:01:07.659038"
  },
  "7e935445a6c64eb9806ebc983d47c17145005c.jpeg": {
    "app_sintetizada": "7E935445A6C64EB9806EBC983D47C17145005C.JPEG",
    "cantidad_archivos": 1,
    "archivos_fuente": [
      "Pictures/Fototeca de Fotos.photoslibrary/resources/derivatives/masters/7/7E935445-A6C6-4EB9-806E-BC983D47C171_4_5005_c.jpeg"
    ],
    "ultima_modificacion": "2025-08-01 01:01:07.659312"
  },
  "7b94a225cfbe405d91ea9037bd6b1cde45005c.jpeg": {
    "app_sintetizada": "7B94A225CFBE405D91EA9037BD6B1CDE45005C.JPEG",
    "cantidad_archivos": 1,
    "archivos_fuente": [
      "Pictures/Fototeca de Fotos.photoslibrary/resources/derivatives/masters/7/7B94A225-CFBE-405D-91EA-9037BD6B1CDE_4_5005_c.jpeg"
    ],
    "ultima_modificacion": "2025-08-01 01:01:07.659615"
  },
  "708b6c79f9304753817890e36637143745005c.jpeg": {
    "app_sintetizada": "708B6C79F9304753817890E36637143745005C.JPEG",
    "cantidad_archivos": 1,
    "archivos_fuente": [
      "Pictures/Fototeca de Fotos.photoslibrary/resources/derivatives/masters/7/708B6C79-F930-4753-8178-90E366371437_4_5005_c.jpeg"
    ],
    "ultima_modificacion": "2025-08-01 01:01:07.659919"
  },
  "7cadc89c508d4520b610415ac8fe469b45005c.jpeg": {
    "app_sintetizada": "7CADC89C508D4520B610415AC8FE469B45005C.JPEG",
    "cantidad_archivos": 1,
    "archivos_fuente": [
      "Pictures/Fototeca de Fotos.photoslibrary/resources/derivatives/masters/7/7CADC89C-508D-4520-B610-415AC8FE469B_4_5005_c.jpeg"
    ],
    "ultima_modificacion": "2025-08-01 01:01:07.660238"
  },
  "778095b5af6f47d79f4b1b4d05e65cc645005c.jpeg": {
    "app_sintetizada": "778095B5AF6F47D79F4B1B4D05E65CC645005C.JPEG",
    "cantidad_archivos": 1,
    "archivos_fuente": [
      "Pictures/Fototeca de Fotos.photoslibrary/resources/derivatives/masters/7/778095B5-AF6F-47D7-9F4B-1B4D05E65CC6_4_5005_c.jpeg"
    ],
    "ultima_modificacion": "2025-08-01 01:01:07.660554"
  },
  "7c6958f8387248839cb93314a6b22b4645005c.jpeg": {
    "app_sintetizada": "7C6958F8387248839CB93314A6B22B4645005C.JPEG",
    "cantidad_archivos": 1,
    "archivos_fuente": [
      "Pictures/Fototeca de Fotos.photoslibrary/resources/derivatives/masters/7/7C6958F8-3872-4883-9CB9-3314A6B22B46_4_5005_c.jpeg"
    ],
    "ultima_modificacion": "2025-08-01 01:01:07.660877"
  },
  "7fc77d91113c49d294211a1f8672ab7945005c.jpeg": {
    "app_sintetizada": "7FC77D91113C49D294211A1F8672AB7945005C.JPEG",
    "cantidad_archivos": 1,
    "archivos_fuente": [
      "Pictures/Fototeca de Fotos.photoslibrary/resources/derivatives/masters/7/7FC77D91-113C-49D2-9421-1A1F8672AB79_4_5005_c.jpeg"
    ],
    "ultima_modificacion": "2025-08-01 01:01:07.661174"
  },
  "75b8f4874a4a4d48b6f57d20a9edab3345005c.jpeg": {
    "app_sintetizada": "75B8F4874A4A4D48B6F57D20A9EDAB3345005C.JPEG",
    "cantidad_archivos": 1,
    "archivos_fuente": [
      "Pictures/Fototeca de Fotos.photoslibrary/resources/derivatives/masters/7/75B8F487-4A4A-4D48-B6F5-7D20A9EDAB33_4_5005_c.jpeg"
    ],
    "ultima_modificacion": "2025-08-01 01:01:07.661450"
  },
  "7ef345d052a848f189a3d54fecb44cc545005c.jpeg": {
    "app_sintetizada": "7EF345D052A848F189A3D54FECB44CC545005C.JPEG",
    "cantidad_archivos": 1,
    "archivos_fuente": [
      "Pictures/Fototeca de Fotos.photoslibrary/resources/derivatives/masters/7/7EF345D0-52A8-48F1-89A3-D54FECB44CC5_4_5005_c.jpeg"
    ],
    "ultima_modificacion": "2025-08-01 01:01:07.661810"
  },
  "75245eb3c23f4f97b0037ebdb1e3fb8a45005c.jpeg": {
    "app_sintetizada": "75245EB3C23F4F97B0037EBDB1E3FB8A45005C.JPEG",
    "cantidad_archivos": 1,
    "archivos_fuente": [
      "Pictures/Fototeca de Fotos.photoslibrary/resources/derivatives/masters/7/75245EB3-C23F-4F97-B003-7EBDB1E3FB8A_4_5005_c.jpeg"
    ],
    "ultima_modificacion": "2025-08-01 01:01:07.662178"
  },
  "717da62a8b80450fb8dd879501e9a36c45005c.jpeg": {
    "app_sintetizada": "717DA62A8B80450FB8DD879501E9A36C45005C.JPEG",
    "cantidad_archivos": 1,
    "archivos_fuente": [
      "Pictures/Fototeca de Fotos.photoslibrary/resources/derivatives/masters/7/717DA62A-8B80-450F-B8DD-879501E9A36C_4_5005_c.jpeg"
    ],
    "ultima_modificacion": "2025-08-01 01:01:07.662465"
  },
  "74830889fd054331919c8dd9c3f828ee45005c.jpeg": {
    "app_sintetizada": "74830889FD054331919C8DD9C3F828EE45005C.JPEG",
    "cantidad_archivos": 1,
    "archivos_fuente": [
      "Pictures/Fototeca de Fotos.photoslibrary/resources/derivatives/masters/7/74830889-FD05-4331-919C-8DD9C3F828EE_4_5005_c.jpeg"
    ],
    "ultima_modificacion": "2025-08-01 01:01:07.662730"
  },
  "7707d5505f05421f98ab5914106314d645005c.jpeg": {
    "app_sintetizada": "7707D5505F05421F98AB5914106314D645005C.JPEG",
    "cantidad_archivos": 1,
    "archivos_fuente": [
      "Pictures/Fototeca de Fotos.photoslibrary/resources/derivatives/masters/7/7707D550-5F05-421F-98AB-5914106314D6_4_5005_c.jpeg"
    ],
    "ultima_modificacion": "2025-08-01 01:01:07.663077"
  },
  "7991d00e544d42c1a106985df8184dfb45005c.jpeg": {
    "app_sintetizada": "7991D00E544D42C1A106985DF8184DFB45005C.JPEG",
    "cantidad_archivos": 1,
    "archivos_fuente": [
      "Pictures/Fototeca de Fotos.photoslibrary/resources/derivatives/masters/7/7991D00E-544D-42C1-A106-985DF8184DFB_4_5005_c.jpeg"
    ],
    "ultima_modificacion": "2025-08-01 01:01:07.663411"
  },
  "7831bb9146b1473e9daaac85ad7cb86945005c.jpeg": {
    "app_sintetizada": "7831BB9146B1473E9DAAAC85AD7CB86945005C.JPEG",
    "cantidad_archivos": 1,
    "archivos_fuente": [
      "Pictures/Fototeca de Fotos.photoslibrary/resources/derivatives/masters/7/7831BB91-46B1-473E-9DAA-AC85AD7CB869_4_5005_c.jpeg"
    ],
    "ultima_modificacion": "2025-08-01 01:01:07.663752"
  },
  "75ad839e58ec45648e70cac8633de48745005c.jpeg": {
    "app_sintetizada": "75AD839E58EC45648E70CAC8633DE48745005C.JPEG",
    "cantidad_archivos": 1,
    "archivos_fuente": [
      "Pictures/Fototeca de Fotos.photoslibrary/resources/derivatives/masters/7/75AD839E-58EC-4564-8E70-CAC8633DE487_4_5005_c.jpeg"
    ],
    "ultima_modificacion": "2025-08-01 01:01:07.664109"
  },
  "7b822c5c668341818bc95d3df894d27845005c.jpeg": {
    "app_sintetizada": "7B822C5C668341818BC95D3DF894D27845005C.JPEG",
    "cantidad_archivos": 1,
    "archivos_fuente": [
      "Pictures/Fototeca de Fotos.photoslibrary/resources/derivatives/masters/7/7B822C5C-6683-4181-8BC9-5D3DF894D278_4_5005_c.jpeg"
    ],
    "ultima_modificacion": "2025-08-01 01:01:07.664430"
  },
  "7ae515b1ae4e430f9475a422c48d936945005c.jpeg": {
    "app_sintetizada": "7AE515B1AE4E430F9475A422C48D936945005C.JPEG",
    "cantidad_archivos": 1,
    "archivos_fuente": [
      "Pictures/Fototeca de Fotos.photoslibrary/resources/derivatives/masters/7/7AE515B1-AE4E-430F-9475-A422C48D9369_4_5005_c.jpeg"
    ],
    "ultima_modificacion": "2025-08-01 01:01:07.664723"
  },
  "74a55165822c45f6921460863dd52a8d45005c.jpeg": {
    "app_sintetizada": "74A55165822C45F6921460863DD52A8D45005C.JPEG",
    "cantidad_archivos": 1,
    "archivos_fuente": [
      "Pictures/Fototeca de Fotos.photoslibrary/resources/derivatives/masters/7/74A55165-822C-45F6-9214-60863DD52A8D_4_5005_c.jpeg"
    ],
    "ultima_modificacion": "2025-08-01 01:01:07.664971"
  },
  "75b385582d0c4503b90e044fe6f9bb9b45005c.jpeg": {
    "app_sintetizada": "75B385582D0C4503B90E044FE6F9BB9B45005C.JPEG",
    "cantidad_archivos": 1,
    "archivos_fuente": [
      "Pictures/Fototeca de Fotos.photoslibrary/resources/derivatives/masters/7/75B38558-2D0C-4503-B90E-044FE6F9BB9B_4_5005_c.jpeg"
    ],
    "ultima_modificacion": "2025-08-01 01:01:07.665235"
  },
  "7e67c87185df490ab3732d8ff216018045005c.jpeg": {
    "app_sintetizada": "7E67C87185DF490AB3732D8FF216018045005C.JPEG",
    "cantidad_archivos": 1,
    "archivos_fuente": [
      "Pictures/Fototeca de Fotos.photoslibrary/resources/derivatives/masters/7/7E67C871-85DF-490A-B373-2D8FF2160180_4_5005_c.jpeg"
    ],
    "ultima_modificacion": "2025-08-01 01:01:07.665538"
  },
  "71d1f0abb03a42fdb280b2d5801fec0945005c.jpeg": {
    "app_sintetizada": "71D1F0ABB03A42FDB280B2D5801FEC0945005C.JPEG",
    "cantidad_archivos": 1,
    "archivos_fuente": [
      "Pictures/Fototeca de Fotos.photoslibrary/resources/derivatives/masters/7/71D1F0AB-B03A-42FD-B280-B2D5801FEC09_4_5005_c.jpeg"
    ],
    "ultima_modificacion": "2025-08-01 01:01:07.665793"
  },
  "7c0fc92e2a4048148d4efcf90975e43945005c.jpeg": {
    "app_sintetizada": "7C0FC92E2A4048148D4EFCF90975E43945005C.JPEG",
    "cantidad_archivos": 1,
    "archivos_fuente": [
      "Pictures/Fototeca de Fotos.photoslibrary/resources/derivatives/masters/7/7C0FC92E-2A40-4814-8D4E-FCF90975E439_4_5005_c.jpeg"
    ],
    "ultima_modificacion": "2025-08-01 01:01:07.666158"
  },
  "79607daabdaf4d759cf2de04bb6b2d2545005c.jpeg": {
    "app_sintetizada": "79607DAABDAF4D759CF2DE04BB6B2D2545005C.JPEG",
    "cantidad_archivos": 1,
    "archivos_fuente": [
      "Pictures/Fototeca de Fotos.photoslibrary/resources/derivatives/masters/7/79607DAA-BDAF-4D75-9CF2-DE04BB6B2D25_4_5005_c.jpeg"
    ],
    "ultima_modificacion": "2025-08-01 01:01:07.666445"
  },
  "7916064e6e6c4879a8c2036b30b23b5d45005c.jpeg": {
    "app_sintetizada": "7916064E6E6C4879A8C2036B30B23B5D45005C.JPEG",
    "cantidad_archivos": 1,
    "archivos_fuente": [
      "Pictures/Fototeca de Fotos.photoslibrary/resources/derivatives/masters/7/7916064E-6E6C-4879-A8C2-036B30B23B5D_4_5005_c.jpeg"
    ],
    "ultima_modificacion": "2025-08-01 01:01:07.666740"
  },
  "760127f6a5b54529bbca399fa944062a45005c.jpeg": {
    "app_sintetizada": "760127F6A5B54529BBCA399FA944062A45005C.JPEG",
    "cantidad_archivos": 1,
    "archivos_fuente": [
      "Pictures/Fototeca de Fotos.photoslibrary/resources/derivatives/masters/7/760127F6-A5B5-4529-BBCA-399FA944062A_4_5005_c.jpeg"
    ],
    "ultima_modificacion": "2025-08-01 01:01:07.666966"
  },
  "7c6ad63f0e08400d82f5b1d5fa9ffd9245005c.jpeg": {
    "app_sintetizada": "7C6AD63F0E08400D82F5B1D5FA9FFD9245005C.JPEG",
    "cantidad_archivos": 1,
    "archivos_fuente": [
      "Pictures/Fototeca de Fotos.photoslibrary/resources/derivatives/masters/7/7C6AD63F-0E08-400D-82F5-B1D5FA9FFD92_4_5005_c.jpeg"
    ],
    "ultima_modificacion": "2025-08-01 01:01:07.667202"
  },
  "7b947b3ce4404b709062570efa017afb45005c.jpeg": {
    "app_sintetizada": "7B947B3CE4404B709062570EFA017AFB45005C.JPEG",
    "cantidad_archivos": 1,
    "archivos_fuente": [
      "Pictures/Fototeca de Fotos.photoslibrary/resources/derivatives/masters/7/7B947B3C-E440-4B70-9062-570EFA017AFB_4_5005_c.jpeg"
    ],
    "ultima_modificacion": "2025-08-01 01:01:07.667475"
  },
  "7675b97adf364f6687f6acc21b3e4ab645005c.jpeg": {
    "app_sintetizada": "7675B97ADF364F6687F6ACC21B3E4AB645005C.JPEG",
    "cantidad_archivos": 1,
    "archivos_fuente": [
      "Pictures/Fototeca de Fotos.photoslibrary/resources/derivatives/masters/7/7675B97A-DF36-4F66-87F6-ACC21B3E4AB6_4_5005_c.jpeg"
    ],
    "ultima_modificacion": "2025-08-01 01:01:07.667814"
  },
  "7173ab55e02f4e9e87af3a1a7b36e03745005c.jpeg": {
    "app_sintetizada": "7173AB55E02F4E9E87AF3A1A7B36E03745005C.JPEG",
    "cantidad_archivos": 1,
    "archivos_fuente": [
      "Pictures/Fototeca de Fotos.photoslibrary/resources/derivatives/masters/7/7173AB55-E02F-4E9E-87AF-3A1A7B36E037_4_5005_c.jpeg"
    ],
    "ultima_modificacion": "2025-08-01 01:01:07.668082"
  },
  "78d982ec16ca497eaedf0e9a411a2d9a45005c.jpeg": {
    "app_sintetizada": "78D982EC16CA497EAEDF0E9A411A2D9A45005C.JPEG",
    "cantidad_archivos": 1,
    "archivos_fuente": [
      "Pictures/Fototeca de Fotos.photoslibrary/resources/derivatives/masters/7/78D982EC-16CA-497E-AEDF-0E9A411A2D9A_4_5005_c.jpeg"
    ],
    "ultima_modificacion": "2025-08-01 01:01:07.668443"
  },
  "73121289682148b2a50f5f1e5599642f45005c.jpeg": {
    "app_sintetizada": "73121289682148B2A50F5F1E5599642F45005C.JPEG",
    "cantidad_archivos": 1,
    "archivos_fuente": [
      "Pictures/Fototeca de Fotos.photoslibrary/resources/derivatives/masters/7/73121289-6821-48B2-A50F-5F1E5599642F_4_5005_c.jpeg"
    ],
    "ultima_modificacion": "2025-08-01 01:01:07.668690"
  },
  "73bbed1022d644faa9de056c7cd527e645005c.jpeg": {
    "app_sintetizada": "73BBED1022D644FAA9DE056C7CD527E645005C.JPEG",
    "cantidad_archivos": 1,
    "archivos_fuente": [
      "Pictures/Fototeca de Fotos.photoslibrary/resources/derivatives/masters/7/73BBED10-22D6-44FA-A9DE-056C7CD527E6_4_5005_c.jpeg"
    ],
    "ultima_modificacion": "2025-08-01 01:01:07.668979"
  },
  "7dc9b23bdb7644a5bd44676257b56c8a45005c.jpeg": {
    "app_sintetizada": "7DC9B23BDB7644A5BD44676257B56C8A45005C.JPEG",
    "cantidad_archivos": 1,
    "archivos_fuente": [
      "Pictures/Fototeca de Fotos.photoslibrary/resources/derivatives/masters/7/7DC9B23B-DB76-44A5-BD44-676257B56C8A_4_5005_c.jpeg"
    ],
    "ultima_modificacion": "2025-08-01 01:01:07.669285"
  },
  "7a8f7a9e59ff427d9564dbf6d8aa97ad45005c.jpeg": {
    "app_sintetizada": "7A8F7A9E59FF427D9564DBF6D8AA97AD45005C.JPEG",
    "cantidad_archivos": 1,
    "archivos_fuente": [
      "Pictures/Fototeca de Fotos.photoslibrary/resources/derivatives/masters/7/7A8F7A9E-59FF-427D-9564-DBF6D8AA97AD_4_5005_c.jpeg"
    ],
    "ultima_modificacion": "2025-08-01 01:01:07.669507"
  },
  "77038ee1f34940c0bbd82d4d34e7657745005c.jpeg": {
    "app_sintetizada": "77038EE1F34940C0BBD82D4D34E7657745005C.JPEG",
    "cantidad_archivos": 1,
    "archivos_fuente": [
      "Pictures/Fototeca de Fotos.photoslibrary/resources/derivatives/masters/7/77038EE1-F349-40C0-BBD8-2D4D34E76577_4_5005_c.jpeg"
    ],
    "ultima_modificacion": "2025-08-01 01:01:07.669708"
  },
  "77ee21469cf549f8a76fc057b127ccc245005c.jpeg": {
    "app_sintetizada": "77EE21469CF549F8A76FC057B127CCC245005C.JPEG",
    "cantidad_archivos": 1,
    "archivos_fuente": [
      "Pictures/Fototeca de Fotos.photoslibrary/resources/derivatives/masters/7/77EE2146-9CF5-49F8-A76F-C057B127CCC2_4_5005_c.jpeg"
    ],
    "ultima_modificacion": "2025-08-01 01:01:07.669919"
  },
  "7f37871f1683432ba52d48e827bb87a045005c.jpeg": {
    "app_sintetizada": "7F37871F1683432BA52D48E827BB87A045005C.JPEG",
    "cantidad_archivos": 1,
    "archivos_fuente": [
      "Pictures/Fototeca de Fotos.photoslibrary/resources/derivatives/masters/7/7F37871F-1683-432B-A52D-48E827BB87A0_4_5005_c.jpeg"
    ],
    "ultima_modificacion": "2025-08-01 01:01:07.670118"
  },
  "7a30525da05845448feabe87143a1d7245005c.jpeg": {
    "app_sintetizada": "7A30525DA05845448FEABE87143A1D7245005C.JPEG",
    "cantidad_archivos": 1,
    "archivos_fuente": [
      "Pictures/Fototeca de Fotos.photoslibrary/resources/derivatives/masters/7/7A30525D-A058-4544-8FEA-BE87143A1D72_4_5005_c.jpeg"
    ],
    "ultima_modificacion": "2025-08-01 01:01:07.670324"
  },
  "767e0fd9573f4d91acdb7ef4d4aab9f745005c.jpeg": {
    "app_sintetizada": "767E0FD9573F4D91ACDB7EF4D4AAB9F745005C.JPEG",
    "cantidad_archivos": 1,
    "archivos_fuente": [
      "Pictures/Fototeca de Fotos.photoslibrary/resources/derivatives/masters/7/767E0FD9-573F-4D91-ACDB-7EF4D4AAB9F7_4_5005_c.jpeg"
    ],
    "ultima_modificacion": "2025-08-01 01:01:07.670530"
  },
  "7052079d0ccb4ad992fab6d91f58b3a145005c.jpeg": {
    "app_sintetizada": "7052079D0CCB4AD992FAB6D91F58B3A145005C.JPEG",
    "cantidad_archivos": 1,
    "archivos_fuente": [
      "Pictures/Fototeca de Fotos.photoslibrary/resources/derivatives/masters/7/7052079D-0CCB-4AD9-92FA-B6D91F58B3A1_4_5005_c.jpeg"
    ],
    "ultima_modificacion": "2025-08-01 01:01:07.670731"
  },
  "7503ac5f59ce44b388f063bfb723380545005c.jpeg": {
    "app_sintetizada": "7503AC5F59CE44B388F063BFB723380545005C.JPEG",
    "cantidad_archivos": 1,
    "archivos_fuente": [
      "Pictures/Fototeca de Fotos.photoslibrary/resources/derivatives/masters/7/7503AC5F-59CE-44B3-88F0-63BFB7233805_4_5005_c.jpeg"
    ],
    "ultima_modificacion": "2025-08-01 01:01:07.670929"
  },
  "789b232b888344edab0c426b914e3deb45005c.jpeg": {
    "app_sintetizada": "789B232B888344EDAB0C426B914E3DEB45005C.JPEG",
    "cantidad_archivos": 1,
    "archivos_fuente": [
      "Pictures/Fototeca de Fotos.photoslibrary/resources/derivatives/masters/7/789B232B-8883-44ED-AB0C-426B914E3DEB_4_5005_c.jpeg"
    ],
    "ultima_modificacion": "2025-08-01 01:01:07.671116"
  },
  "7bd2fce448d649d6b495cbf69484541745005c.jpeg": {
    "app_sintetizada": "7BD2FCE448D649D6B495CBF69484541745005C.JPEG",
    "cantidad_archivos": 1,
    "archivos_fuente": [
      "Pictures/Fototeca de Fotos.photoslibrary/resources/derivatives/masters/7/7BD2FCE4-48D6-49D6-B495-CBF694845417_4_5005_c.jpeg"
    ],
    "ultima_modificacion": "2025-08-01 01:01:07.671322"
  },
  "7cf2bcdfed5d4124a0046be082d53e7745005c.jpeg": {
    "app_sintetizada": "7CF2BCDFED5D4124A0046BE082D53E7745005C.JPEG",
    "cantidad_archivos": 1,
    "archivos_fuente": [
      "Pictures/Fototeca de Fotos.photoslibrary/resources/derivatives/masters/7/7CF2BCDF-ED5D-4124-A004-6BE082D53E77_4_5005_c.jpeg"
    ],
    "ultima_modificacion": "2025-08-01 01:01:07.671560"
  },
  "76176f2e9da04ef0b90da524ea29664445005c.jpeg": {
    "app_sintetizada": "76176F2E9DA04EF0B90DA524EA29664445005C.JPEG",
    "cantidad_archivos": 1,
    "archivos_fuente": [
      "Pictures/Fototeca de Fotos.photoslibrary/resources/derivatives/masters/7/76176F2E-9DA0-4EF0-B90D-A524EA296644_4_5005_c.jpeg"
    ],
    "ultima_modificacion": "2025-08-01 01:01:07.671978"
  }
}