{
  "085cd23285f64b53927a3ec9d243361f45005c.jpeg": {
    "app_sintetizada": "085CD23285F64B53927A3EC9D243361F45005C.JPEG",
    "cantidad_archivos": 1,
    "archivos_fuente": [
      "Pictures/Fototeca de Fotos.photoslibrary/resources/derivatives/masters/0/085CD232-85F6-4B53-927A-3EC9D243361F_4_5005_c.jpeg"
    ],
    "ultima_modificacion": "2025-08-01 01:01:07.355063"
  },
  "0875a9428c1a4ac6a126262022fa26ab45005c.jpeg": {
    "app_sintetizada": "0875A9428C1A4AC6A126262022FA26AB45005C.JPEG",
    "cantidad_archivos": 1,
    "archivos_fuente": [
      "Pictures/Fototeca de Fotos.photoslibrary/resources/derivatives/masters/0/0875A942-8C1A-4AC6-A126-262022FA26AB_4_5005_c.jpeg"
    ],
    "ultima_modificacion": "2025-08-01 01:01:07.355394"
  },
  "0599ae2de5a74eb3b9006bbf6bf3212145005c.jpeg": {
    "app_sintetizada": "0599AE2DE5A74EB3B9006BBF6BF3212145005C.JPEG",
    "cantidad_archivos": 1,
    "archivos_fuente": [
      "Pictures/Fototeca de Fotos.photoslibrary/resources/derivatives/masters/0/0599AE2D-E5A7-4EB3-B900-6BBF6BF32121_4_5005_c.jpeg"
    ],
    "ultima_modificacion": "2025-08-01 01:01:07.355712"
  },
  "091e38a94e144408a9a6ff49480e529f45005c.jpeg": {
    "app_sintetizada": "091E38A94E144408A9A6FF49480E529F45005C.JPEG",
    "cantidad_archivos": 1,
    "archivos_fuente": [
      "Pictures/Fototeca de Fotos.photoslibrary/resources/derivatives/masters/0/091E38A9-4E14-4408-A9A6-FF49480E529F_4_5005_c.jpeg"
    ],
    "ultima_modificacion": "2025-08-01 01:01:07.356036"
  },
  "0d8483dcffde48a28961dc55fe75958245005c.jpeg": {
    "app_sintetizada": "0D8483DCFFDE48A28961DC55FE75958245005C.JPEG",
    "cantidad_archivos": 1,
    "archivos_fuente": [
      "Pictures/Fototeca de Fotos.photoslibrary/resources/derivatives/masters/0/0D8483DC-FFDE-48A2-8961-DC55FE759582_4_5005_c.jpeg"
    ],
    "ultima_modificacion": "2025-08-01 01:01:07.356344"
  },
  "045534aa1ffe477e9c4182aa95ee4c3c45005c.jpeg": {
    "app_sintetizada": "045534AA1FFE477E9C4182AA95EE4C3C45005C.JPEG",
    "cantidad_archivos": 1,
    "archivos_fuente": [
      "Pictures/Fototeca de Fotos.photoslibrary/resources/derivatives/masters/0/045534AA-1FFE-477E-9C41-82AA95EE4C3C_4_5005_c.jpeg"
    ],
    "ultima_modificacion": "2025-08-01 01:01:07.356660"
  },
  "0048f3a878274a199f3f83c02b01a25f45005c.jpeg": {
    "app_sintetizada": "0048F3A878274A199F3F83C02B01A25F45005C.JPEG",
    "cantidad_archivos": 1,
    "archivos_fuente": [
      "Pictures/Fototeca de Fotos.photoslibrary/resources/derivatives/masters/0/0048F3A8-7827-4A19-9F3F-83C02B01A25F_4_5005_c.jpeg"
    ],
    "ultima_modificacion": "2025-08-01 01:01:07.356982"
  },
  "084fee75c862484f8b7a14fe47307e4c45005c.jpeg": {
    "app_sintetizada": "084FEE75C862484F8B7A14FE47307E4C45005C.JPEG",
    "cantidad_archivos": 1,
    "archivos_fuente": [
      "Pictures/Fototeca de Fotos.photoslibrary/resources/derivatives/masters/0/084FEE75-C862-484F-8B7A-14FE47307E4C_4_5005_c.jpeg"
    ],
    "ultima_modificacion": "2025-08-01 01:01:07.357331"
  },
  "017d45995be545369a307e967743c30a45005c.jpeg": {
    "app_sintetizada": "017D45995BE545369A307E967743C30A45005C.JPEG",
    "cantidad_archivos": 1,
    "archivos_fuente": [
      "Pictures/Fototeca de Fotos.photoslibrary/resources/derivatives/masters/0/017D4599-5BE5-4536-9A30-7E967743C30A_4_5005_c.jpeg"
    ],
    "ultima_modificacion": "2025-08-01 01:01:07.357652"
  },
  "0f3ec78f77434104bd727a458f40cba345005c.jpeg": {
    "app_sintetizada": "0F3EC78F77434104BD727A458F40CBA345005C.JPEG",
    "cantidad_archivos": 1,
    "archivos_fuente": [
      "Pictures/Fototeca de Fotos.photoslibrary/resources/derivatives/masters/0/0F3EC78F-7743-4104-BD72-7A458F40CBA3_4_5005_c.jpeg"
    ],
    "ultima_modificacion": "2025-08-01 01:01:07.358087"
  },
  "0c698811b15241bb82db01a8cb0a82ba45005c.jpeg": {
    "app_sintetizada": "0C698811B15241BB82DB01A8CB0A82BA45005C.JPEG",
    "cantidad_archivos": 1,
    "archivos_fuente": [
      "Pictures/Fototeca de Fotos.photoslibrary/resources/derivatives/masters/0/0C698811-B152-41BB-82DB-01A8CB0A82BA_4_5005_c.jpeg"
    ],
    "ultima_modificacion": "2025-08-01 01:01:07.358407"
  },
  "0ecb066253f643439d3b8345e7aba5a045005c.jpeg": {
    "app_sintetizada": "0ECB066253F643439D3B8345E7ABA5A045005C.JPEG",
    "cantidad_archivos": 1,
    "archivos_fuente": [
      "Pictures/Fototeca de Fotos.photoslibrary/resources/derivatives/masters/0/0ECB0662-53F6-4343-9D3B-8345E7ABA5A0_4_5005_c.jpeg"
    ],
    "ultima_modificacion": "2025-08-01 01:01:07.358746"
  },
  "0043e846768e442284df9f56791c103245005c.jpeg": {
    "app_sintetizada": "0043E846768E442284DF9F56791C103245005C.JPEG",
    "cantidad_archivos": 1,
    "archivos_fuente": [
      "Pictures/Fototeca de Fotos.photoslibrary/resources/derivatives/masters/0/0043E846-768E-4422-84DF-9F56791C1032_4_5005_c.jpeg"
    ],
    "ultima_modificacion": "2025-08-01 01:01:07.359102"
  },
  "054ca92c70c74650bd349474a6dd563c45005c.jpeg": {
    "app_sintetizada": "054CA92C70C74650BD349474A6DD563C45005C.JPEG",
    "cantidad_archivos": 1,
    "archivos_fuente": [
      "Pictures/Fototeca de Fotos.photoslibrary/resources/derivatives/masters/0/054CA92C-70C7-4650-BD34-9474A6DD563C_4_5005_c.jpeg"
    ],
    "ultima_modificacion": "2025-08-01 01:01:07.359433"
  },
  "0ae827a5d8644049ab4d645d1a27cb3145005c.jpeg": {
    "app_sintetizada": "0AE827A5D8644049AB4D645D1A27CB3145005C.JPEG",
    "cantidad_archivos": 1,
    "archivos_fuente": [
      "Pictures/Fototeca de Fotos.photoslibrary/resources/derivatives/masters/0/0AE827A5-D864-4049-AB4D-645D1A27CB31_4_5005_c.jpeg"
    ],
    "ultima_modificacion": "2025-08-01 01:01:07.359822"
  },
  "088eda91428f4e06983f7d701125f8ac45005c.jpeg": {
    "app_sintetizada": "088EDA91428F4E06983F7D701125F8AC45005C.JPEG",
    "cantidad_archivos": 1,
    "archivos_fuente": [
      "Pictures/Fototeca de Fotos.photoslibrary/resources/derivatives/masters/0/088EDA91-428F-4E06-983F-7D701125F8AC_4_5005_c.jpeg"
    ],
    "ultima_modificacion": "2025-08-01 01:01:07.360215"
  },
  "040bb170a1a042468918d7a79233806e45005c.jpeg": {
    "app_sintetizada": "040BB170A1A042468918D7A79233806E45005C.JPEG",
    "cantidad_archivos": 1,
    "archivos_fuente": [
      "Pictures/Fototeca de Fotos.photoslibrary/resources/derivatives/masters/0/040BB170-A1A0-4246-8918-D7A79233806E_4_5005_c.jpeg"
    ],
    "ultima_modificacion": "2025-08-01 01:01:07.360583"
  },
  "0a0bed51317b4f759f8cf6e0bc0b865e45005c.jpeg": {
    "app_sintetizada": "0A0BED51317B4F759F8CF6E0BC0B865E45005C.JPEG",
    "cantidad_archivos": 1,
    "archivos_fuente": [
      "Pictures/Fototeca de Fotos.photoslibrary/resources/derivatives/masters/0/0A0BED51-317B-4F75-9F8C-F6E0BC0B865E_4_5005_c.jpeg"
    ],
    "ultima_modificacion": "2025-08-01 01:01:07.360938"
  },
  "0e65135ae8a54dcdbc30f53e1297585245005c.jpeg": {
    "app_sintetizada": "0E65135AE8A54DCDBC30F53E1297585245005C.JPEG",
    "cantidad_archivos": 1,
    "archivos_fuente": [
      "Pictures/Fototeca de Fotos.photoslibrary/resources/derivatives/masters/0/0E65135A-E8A5-4DCD-BC30-F53E12975852_4_5005_c.jpeg"
    ],
    "ultima_modificacion": "2025-08-01 01:01:07.361249"
  },
  "02d1ab9648be432aa40ce708921a3ba345005c.jpeg": {
    "app_sintetizada": "02D1AB9648BE432AA40CE708921A3BA345005C.JPEG",
    "cantidad_archivos": 1,
    "archivos_fuente": [
      "Pictures/Fototeca de Fotos.photoslibrary/resources/derivatives/masters/0/02D1AB96-48BE-432A-A40C-E708921A3BA3_4_5005_c.jpeg"
    ],
    "ultima_modificacion": "2025-08-01 01:01:07.361555"
  },
  "0574bc7ee48d40569e3d85cb6078dbf445005c.jpeg": {
    "app_sintetizada": "0574BC7EE48D40569E3D85CB6078DBF445005C.JPEG",
    "cantidad_archivos": 1,
    "archivos_fuente": [
      "Pictures/Fototeca de Fotos.photoslibrary/resources/derivatives/masters/0/0574BC7E-E48D-4056-9E3D-85CB6078DBF4_4_5005_c.jpeg"
    ],
    "ultima_modificacion": "2025-08-01 01:01:07.361805"
  },
  "05f2f43b94c54160ab39c42b092e1f6545005c.jpeg": {
    "app_sintetizada": "05F2F43B94C54160AB39C42B092E1F6545005C.JPEG",
    "cantidad_archivos": 1,
    "archivos_fuente": [
      "Pictures/Fototeca de Fotos.photoslibrary/resources/derivatives/masters/0/05F2F43B-94C5-4160-AB39-C42B092E1F65_4_5005_c.jpeg"
    ],
    "ultima_modificacion": "2025-08-01 01:01:07.362022"
  },
  "0c33137399cd42568efc924611e0bdf445005c.jpeg": {
    "app_sintetizada": "0C33137399CD42568EFC924611E0BDF445005C.JPEG",
    "cantidad_archivos": 1,
    "archivos_fuente": [
      "Pictures/Fototeca de Fotos.photoslibrary/resources/derivatives/masters/0/0C331373-99CD-4256-8EFC-924611E0BDF4_4_5005_c.jpeg"
    ],
    "ultima_modificacion": "2025-08-01 01:01:07.362257"
  },
  "088c565e66e34f5fad760a08ce18e49645005c.jpeg": {
    "app_sintetizada": "088C565E66E34F5FAD760A08CE18E49645005C.JPEG",
    "cantidad_archivos": 1,
    "archivos_fuente": [
      "Pictures/Fototeca de Fotos.photoslibrary/resources/derivatives/masters/0/088C565E-66E3-4F5F-AD76-0A08CE18E496_4_5005_c.jpeg"
    ],
    "ultima_modificacion": "2025-08-01 01:01:07.362465"
  },
  "0ec3a554d76849d6bd9b0a000c1b830845005c.jpeg": {
    "app_sintetizada": "0EC3A554D76849D6BD9B0A000C1B830845005C.JPEG",
    "cantidad_archivos": 1,
    "archivos_fuente": [
      "Pictures/Fototeca de Fotos.photoslibrary/resources/derivatives/masters/0/0EC3A554-D768-49D6-BD9B-0A000C1B8308_4_5005_c.jpeg"
    ],
    "ultima_modificacion": "2025-08-01 01:01:07.362687"
  },
  "05058fccbb8e4044ab82fc64f8eef77845005c.jpeg": {
    "app_sintetizada": "05058FCCBB8E4044AB82FC64F8EEF77845005C.JPEG",
    "cantidad_archivos": 1,
    "archivos_fuente": [
      "Pictures/Fototeca de Fotos.photoslibrary/resources/derivatives/masters/0/05058FCC-BB8E-4044-AB82-FC64F8EEF778_4_5005_c.jpeg"
    ],
    "ultima_modificacion": "2025-08-01 01:01:07.362905"
  },
  "015ece0e6c4e48f2ab98cd5b6328671845005c.jpeg": {
    "app_sintetizada": "015ECE0E6C4E48F2AB98CD5B6328671845005C.JPEG",
    "cantidad_archivos": 1,
    "archivos_fuente": [
      "Pictures/Fototeca de Fotos.photoslibrary/resources/derivatives/masters/0/015ECE0E-6C4E-48F2-AB98-CD5B63286718_4_5005_c.jpeg"
    ],
    "ultima_modificacion": "2025-08-01 01:01:07.363139"
  },
  "007379d61ba946eab3cb3b5c5b21923945005c.jpeg": {
    "app_sintetizada": "007379D61BA946EAB3CB3B5C5B21923945005C.JPEG",
    "cantidad_archivos": 1,
    "archivos_fuente": [
      "Pictures/Fototeca de Fotos.photoslibrary/resources/derivatives/masters/0/007379D6-1BA9-46EA-B3CB-3B5C5B219239_4_5005_c.jpeg"
    ],
    "ultima_modificacion": "2025-08-01 01:01:07.363357"
  },
  "0875b8686927452a8350db7d74ee92ee45005c.jpeg": {
    "app_sintetizada": "0875B8686927452A8350DB7D74EE92EE45005C.JPEG",
    "cantidad_archivos": 1,
    "archivos_fuente": [
      "Pictures/Fototeca de Fotos.photoslibrary/resources/derivatives/masters/0/0875B868-6927-452A-8350-DB7D74EE92EE_4_5005_c.jpeg"
    ],
    "ultima_modificacion": "2025-08-01 01:01:07.363674"
  },
  "0a5a852ee1074a55ab4646d2219e030e45005c.jpeg": {
    "app_sintetizada": "0A5A852EE1074A55AB4646D2219E030E45005C.JPEG",
    "cantidad_archivos": 1,
    "archivos_fuente": [
      "Pictures/Fototeca de Fotos.photoslibrary/resources/derivatives/masters/0/0A5A852E-E107-4A55-AB46-46D2219E030E_4_5005_c.jpeg"
    ],
    "ultima_modificacion": "2025-08-01 01:01:07.364002"
  },
  "0f2a5603a8f846b985839aecb0c472e945005c.jpeg": {
    "app_sintetizada": "0F2A5603A8F846B985839AECB0C472E945005C.JPEG",
    "cantidad_archivos": 1,
    "archivos_fuente": [
      "Pictures/Fototeca de Fotos.photoslibrary/resources/derivatives/masters/0/0F2A5603-A8F8-46B9-8583-9AECB0C472E9_4_5005_c.jpeg"
    ],
    "ultima_modificacion": "2025-08-01 01:01:07.364388"
  },
  "024b47684c6e41e69f9291b15af5661745005c.jpeg": {
    "app_sintetizada": "024B47684C6E41E69F9291B15AF5661745005C.JPEG",
    "cantidad_archivos": 1,
    "archivos_fuente": [
      "Pictures/Fototeca de Fotos.photoslibrary/resources/derivatives/masters/0/024B4768-4C6E-41E6-9F92-91B15AF56617_4_5005_c.jpeg"
    ],
    "ultima_modificacion": "2025-08-01 01:01:07.364758"
  },
  "09f66a70b0ef4159ad70ccaa6e67d9e945005c.jpeg": {
    "app_sintetizada": "09F66A70B0EF4159AD70CCAA6E67D9E945005C.JPEG",
    "cantidad_archivos": 1,
    "archivos_fuente": [
      "Pictures/Fototeca de Fotos.photoslibrary/resources/derivatives/masters/0/09F66A70-B0EF-4159-AD70-CCAA6E67D9E9_4_5005_c.jpeg"
    ],
    "ultima_modificacion": "2025-08-01 01:01:07.365099"
  },
  "03fe348da3f44328ab4203bbf5ac042245005c.jpeg": {
    "app_sintetizada": "03FE348DA3F44328AB4203BBF5AC042245005C.JPEG",
    "cantidad_archivos": 1,
    "archivos_fuente": [
      "Pictures/Fototeca de Fotos.photoslibrary/resources/derivatives/masters/0/03FE348D-A3F4-4328-AB42-03BBF5AC0422_4_5005_c.jpeg"
    ],
    "ultima_modificacion": "2025-08-01 01:01:07.365447"
  },
  "0a1138803b214c908c81fb6803f201a045005c.jpeg": {
    "app_sintetizada": "0A1138803B214C908C81FB6803F201A045005C.JPEG",
    "cantidad_archivos": 1,
    "archivos_fuente": [
      "Pictures/Fototeca de Fotos.photoslibrary/resources/derivatives/masters/0/0A113880-3B21-4C90-8C81-FB6803F201A0_4_5005_c.jpeg"
    ],
    "ultima_modificacion": "2025-08-01 01:01:07.365787"
  },
  "0cac035a3b2a401da8b31e9bee94c81945005c.jpeg": {
    "app_sintetizada": "0CAC035A3B2A401DA8B31E9BEE94C81945005C.JPEG",
    "cantidad_archivos": 1,
    "archivos_fuente": [
      "Pictures/Fototeca de Fotos.photoslibrary/resources/derivatives/masters/0/0CAC035A-3B2A-401D-A8B3-1E9BEE94C819_4_5005_c.jpeg"
    ],
    "ultima_modificacion": "2025-08-01 01:01:07.366096"
  },
  "043dafb326904e6785ea50183aa2861f45005c.jpeg": {
    "app_sintetizada": "043DAFB326904E6785EA50183AA2861F45005C.JPEG",
    "cantidad_archivos": 1,
    "archivos_fuente": [
      "Pictures/Fototeca de Fotos.photoslibrary/resources/derivatives/masters/0/043DAFB3-2690-4E67-85EA-50183AA2861F_4_5005_c.jpeg"
    ],
    "ultima_modificacion": "2025-08-01 01:01:07.366449"
  },
  "099d991f4ebc4905bcc65c53eceb8ff745005c.jpeg": {
    "app_sintetizada": "099D991F4EBC4905BCC65C53ECEB8FF745005C.JPEG",
    "cantidad_archivos": 1,
    "archivos_fuente": [
      "Pictures/Fototeca de Fotos.photoslibrary/resources/derivatives/masters/0/099D991F-4EBC-4905-BCC6-5C53ECEB8FF7_4_5005_c.jpeg"
    ],
    "ultima_modificacion": "2025-08-01 01:01:07.366790"
  },
  "07ca0c017fb84fbe8a135daf17a99dcb45005c.jpeg": {
    "app_sintetizada": "07CA0C017FB84FBE8A135DAF17A99DCB45005C.JPEG",
    "cantidad_archivos": 1,
    "archivos_fuente": [
      "Pictures/Fototeca de Fotos.photoslibrary/resources/derivatives/masters/0/07CA0C01-7FB8-4FBE-8A13-5DAF17A99DCB_4_5005_c.jpeg"
    ],
    "ultima_modificacion": "2025-08-01 01:01:07.367118"
  },
  "0d5043971bb74cffb848a8ed300930ee45005c.jpeg": {
    "app_sintetizada": "0D5043971BB74CFFB848A8ED300930EE45005C.JPEG",
    "cantidad_archivos": 1,
    "archivos_fuente": [
      "Pictures/Fototeca de Fotos.photoslibrary/resources/derivatives/masters/0/0D504397-1BB7-4CFF-B848-A8ED300930EE_4_5005_c.jpeg"
    ],
    "ultima_modificacion": "2025-08-01 01:01:07.367466"
  },
  "002c9aab2920466f8f1604b295e050ee45005c.jpeg": {
    "app_sintetizada": "002C9AAB2920466F8F1604B295E050EE45005C.JPEG",
    "cantidad_archivos": 1,
    "archivos_fuente": [
      "Pictures/Fototeca de Fotos.photoslibrary/resources/derivatives/masters/0/002C9AAB-2920-466F-8F16-04B295E050EE_4_5005_c.jpeg"
    ],
    "ultima_modificacion": "2025-08-01 01:01:07.367796"
  },
  "06c0fcbb065542389e5f0c074b5c339945005c.jpeg": {
    "app_sintetizada": "06C0FCBB065542389E5F0C074B5C339945005C.JPEG",
    "cantidad_archivos": 1,
    "archivos_fuente": [
      "Pictures/Fototeca de Fotos.photoslibrary/resources/derivatives/masters/0/06C0FCBB-0655-4238-9E5F-0C074B5C3399_4_5005_c.jpeg"
    ],
    "ultima_modificacion": "2025-08-01 01:01:07.368111"
  },
  "07d18184641b44a6b2c7fd3816bf68c945005c.jpeg": {
    "app_sintetizada": "07D18184641B44A6B2C7FD3816BF68C945005C.JPEG",
    "cantidad_archivos": 1,
    "archivos_fuente": [
      "Pictures/Fototeca de Fotos.photoslibrary/resources/derivatives/masters/0/07D18184-641B-44A6-B2C7-FD3816BF68C9_4_5005_c.jpeg"
    ],
    "ultima_modificacion": "2025-08-01 01:01:07.368432"
  },
  "0cb7c63c8bca4878a56e53cfb922752145005c.jpeg": {
    "app_sintetizada": "0CB7C63C8BCA4878A56E53CFB922752145005C.JPEG",
    "cantidad_archivos": 1,
    "archivos_fuente": [
      "Pictures/Fototeca de Fotos.photoslibrary/resources/derivatives/masters/0/0CB7C63C-8BCA-4878-A56E-53CFB9227521_4_5005_c.jpeg"
    ],
    "ultima_modificacion": "2025-08-01 01:01:07.368753"
  },
  "0cfde59ccc5f42809fb55cea2ae651ea45005c.jpeg": {
    "app_sintetizada": "0CFDE59CCC5F42809FB55CEA2AE651EA45005C.JPEG",
    "cantidad_archivos": 1,
    "archivos_fuente": [
      "Pictures/Fototeca de Fotos.photoslibrary/resources/derivatives/masters/0/0CFDE59C-CC5F-4280-9FB5-5CEA2AE651EA_4_5005_c.jpeg"
    ],
    "ultima_modificacion": "2025-08-01 01:01:07.369075"
  },
  "056f555922744de6a9d937b844e368d445005c.jpeg": {
    "app_sintetizada": "056F555922744DE6A9D937B844E368D445005C.JPEG",
    "cantidad_archivos": 1,
    "archivos_fuente": [
      "Pictures/Fototeca de Fotos.photoslibrary/resources/derivatives/masters/0/056F5559-2274-4DE6-A9D9-37B844E368D4_4_5005_c.jpeg"
    ],
    "ultima_modificacion": "2025-08-01 01:01:07.369421"
  },
  "05eb6896ab294e84acd4883d8b5efb5d45005c.jpeg": {
    "app_sintetizada": "05EB6896AB294E84ACD4883D8B5EFB5D45005C.JPEG",
    "cantidad_archivos": 1,
    "archivos_fuente": [
      "Pictures/Fototeca de Fotos.photoslibrary/resources/derivatives/masters/0/05EB6896-AB29-4E84-ACD4-883D8B5EFB5D_4_5005_c.jpeg"
    ],
    "ultima_modificacion": "2025-08-01 01:01:07.369737"
  },
  "0b43f051580946cbad55c0c82555a25445005c.jpeg": {
    "app_sintetizada": "0B43F051580946CBAD55C0C82555A25445005C.JPEG",
    "cantidad_archivos": 1,
    "archivos_fuente": [
      "Pictures/Fototeca de Fotos.photoslibrary/resources/derivatives/masters/0/0B43F051-5809-46CB-AD55-C0C82555A254_4_5005_c.jpeg"
    ],
    "ultima_modificacion": "2025-08-01 01:01:07.370104"
  },
  "0103f4b7fc8a4ca2853b93baf60a891945005c.jpeg": {
    "app_sintetizada": "0103F4B7FC8A4CA2853B93BAF60A891945005C.JPEG",
    "cantidad_archivos": 1,
    "archivos_fuente": [
      "Pictures/Fototeca de Fotos.photoslibrary/resources/derivatives/masters/0/0103F4B7-FC8A-4CA2-853B-93BAF60A8919_4_5005_c.jpeg"
    ],
    "ultima_modificacion": "2025-08-01 01:01:07.370447"
  },
  "03318ef2259047a3b2cd7005eb3acac145005c.jpeg": {
    "app_sintetizada": "03318EF2259047A3B2CD7005EB3ACAC145005C.JPEG",
    "cantidad_archivos": 1,
    "archivos_fuente": [
      "Pictures/Fototeca de Fotos.photoslibrary/resources/derivatives/masters/0/03318EF2-2590-47A3-B2CD-7005EB3ACAC1_4_5005_c.jpeg"
    ],
    "ultima_modificacion": "2025-08-01 01:01:07.370787"
  },
  "0c3e55cb577441e79bad2b940e1c280445005c.jpeg": {
    "app_sintetizada": "0C3E55CB577441E79BAD2B940E1C280445005C.JPEG",
    "cantidad_archivos": 1,
    "archivos_fuente": [
      "Pictures/Fototeca de Fotos.photoslibrary/resources/derivatives/masters/0/0C3E55CB-5774-41E7-9BAD-2B940E1C2804_4_5005_c.jpeg"
    ],
    "ultima_modificacion": "2025-08-01 01:01:07.371249"
  },
  "0461f09f1cf44db2b3cea95811ca5b0a45005c.jpeg": {
    "app_sintetizada": "0461F09F1CF44DB2B3CEA95811CA5B0A45005C.JPEG",
    "cantidad_archivos": 1,
    "archivos_fuente": [
      "Pictures/Fototeca de Fotos.photoslibrary/resources/derivatives/masters/0/0461F09F-1CF4-4DB2-B3CE-A95811CA5B0A_4_5005_c.jpeg"
    ],
    "ultima_modificacion": "2025-08-01 01:01:07.371505"
  },
  "0d0cb8e7e0c84578890ea47a5e90aeb045005c.jpeg": {
    "app_sintetizada": "0D0CB8E7E0C84578890EA47A5E90AEB045005C.JPEG",
    "cantidad_archivos": 1,
    "archivos_fuente": [
      "Pictures/Fototeca de Fotos.photoslibrary/resources/derivatives/masters/0/0D0CB8E7-E0C8-4578-890E-A47A5E90AEB0_4_5005_c.jpeg"
    ],
    "ultima_modificacion": "2025-08-01 01:01:07.371786"
  },
  "0d6b77e1cbf74caead17dc0328fd0d5045005c.jpeg": {
    "app_sintetizada": "0D6B77E1CBF74CAEAD17DC0328FD0D5045005C.JPEG",
    "cantidad_archivos": 1,
    "archivos_fuente": [
      "Pictures/Fototeca de Fotos.photoslibrary/resources/derivatives/masters/0/0D6B77E1-CBF7-4CAE-AD17-DC0328FD0D50_4_5005_c.jpeg"
    ],
    "ultima_modificacion": "2025-08-01 01:01:07.372048"
  },
  "07826d13d1d548feb8535db60eb3dd7745005c.jpeg": {
    "app_sintetizada": "07826D13D1D548FEB8535DB60EB3DD7745005C.JPEG",
    "cantidad_archivos": 1,
    "archivos_fuente": [
      "Pictures/Fototeca de Fotos.photoslibrary/resources/derivatives/masters/0/07826D13-D1D5-48FE-B853-5DB60EB3DD77_4_5005_c.jpeg"
    ],
    "ultima_modificacion": "2025-08-01 01:01:07.372421"
  },
  "077c709ca4394722bd56e8feb64b911445005c.jpeg": {
    "app_sintetizada": "077C709CA4394722BD56E8FEB64B911445005C.JPEG",
    "cantidad_archivos": 1,
    "archivos_fuente": [
      "Pictures/Fototeca de Fotos.photoslibrary/resources/derivatives/masters/0/077C709C-A439-4722-BD56-E8FEB64B9114_4_5005_c.jpeg"
    ],
    "ultima_modificacion": "2025-08-01 01:01:07.372691"
  },
  "0fd9ad28d5e442a5959f791cafe5897a45005c.jpeg": {
    "app_sintetizada": "0FD9AD28D5E442A5959F791CAFE5897A45005C.JPEG",
    "cantidad_archivos": 1,
    "archivos_fuente": [
      "Pictures/Fototeca de Fotos.photoslibrary/resources/derivatives/masters/0/0FD9AD28-D5E4-42A5-959F-791CAFE5897A_4_5005_c.jpeg"
    ],
    "ultima_modificacion": "2025-08-01 01:01:07.372998"
  },
  "0b9006d54fb2404580a0a9f6f036a6cc45005c.jpeg": {
    "app_sintetizada": "0B9006D54FB2404580A0A9F6F036A6CC45005C.JPEG",
    "cantidad_archivos": 1,
    "archivos_fuente": [
      "Pictures/Fototeca de Fotos.photoslibrary/resources/derivatives/masters/0/0B9006D5-4FB2-4045-80A0-A9F6F036A6CC_4_5005_c.jpeg"
    ],
    "ultima_modificacion": "2025-08-01 01:01:07.373279"
  },
  "0bee0a19f1f94ce6a3e7638a09f2b06f45005c.jpeg": {
    "app_sintetizada": "0BEE0A19F1F94CE6A3E7638A09F2B06F45005C.JPEG",
    "cantidad_archivos": 1,
    "archivos_fuente": [
      "Pictures/Fototeca de Fotos.photoslibrary/resources/derivatives/masters/0/0BEE0A19-F1F9-4CE6-A3E7-638A09F2B06F_4_5005_c.jpeg"
    ],
    "ultima_modificacion": "2025-08-01 01:01:07.373596"
  },
  "04ac7e93b2fd453fa9d6f34a67215e1145005c.jpeg": {
    "app_sintetizada": "04AC7E93B2FD453FA9D6F34A67215E1145005C.JPEG",
    "cantidad_archivos": 1,
    "archivos_fuente": [
      "Pictures/Fototeca de Fotos.photoslibrary/resources/derivatives/masters/0/04AC7E93-B2FD-453F-A9D6-F34A67215E11_4_5005_c.jpeg"
    ],
    "ultima_modificacion": "2025-08-01 01:01:07.373855"
  },
  "0fc99aed26594b10b7250b8dee12f09645005c.jpeg": {
    "app_sintetizada": "0FC99AED26594B10B7250B8DEE12F09645005C.JPEG",
    "cantidad_archivos": 1,
    "archivos_fuente": [
      "Pictures/Fototeca de Fotos.photoslibrary/resources/derivatives/masters/0/0FC99AED-2659-4B10-B725-0B8DEE12F096_4_5005_c.jpeg"
    ],
    "ultima_modificacion": "2025-08-01 01:01:07.374179"
  },
  "06bf8c6f5e6b461cb306bf67582cfc3a45005c.jpeg": {
    "app_sintetizada": "06BF8C6F5E6B461CB306BF67582CFC3A45005C.JPEG",
    "cantidad_archivos": 1,
    "archivos_fuente": [
      "Pictures/Fototeca de Fotos.photoslibrary/resources/derivatives/masters/0/06BF8C6F-5E6B-461C-B306-BF67582CFC3A_4_5005_c.jpeg"
    ],
    "ultima_modificacion": "2025-08-01 01:01:07.374442"
  },
  "0b336342755d42549a107a51e9f1e7f545005c.jpeg": {
    "app_sintetizada": "0B336342755D42549A107A51E9F1E7F545005C.JPEG",
    "cantidad_archivos": 1,
    "archivos_fuente": [
      "Pictures/Fototeca de Fotos.photoslibrary/resources/derivatives/masters/0/0B336342-755D-4254-9A10-7A51E9F1E7F5_4_5005_c.jpeg"
    ],
    "ultima_modificacion": "2025-08-01 01:01:07.374804"
  },
  "0a2d92dfa7b3409db450cf23173e9f6945005c.jpeg": {
    "app_sintetizada": "0A2D92DFA7B3409DB450CF23173E9F6945005C.JPEG",
    "cantidad_archivos": 1,
    "archivos_fuente": [
      "Pictures/Fototeca de Fotos.photoslibrary/resources/derivatives/masters/0/0A2D92DF-A7B3-409D-B450-CF23173E9F69_4_5005_c.jpeg"
    ],
    "ultima_modificacion": "2025-08-01 01:01:07.375125"
  },
  "0c7b1df5bc084b119a1c085603645a1545005c.jpeg": {
    "app_sintetizada": "0C7B1DF5BC084B119A1C085603645A1545005C.JPEG",
    "cantidad_archivos": 1,
    "archivos_fuente": [
      "Pictures/Fototeca de Fotos.photoslibrary/resources/derivatives/masters/0/0C7B1DF5-BC08-4B11-9A1C-085603645A15_4_5005_c.jpeg"
    ],
    "ultima_modificacion": "2025-08-01 01:01:07.375444"
  },
  "0a6e61460df04b6a90f5184510582a8d45005c.jpeg": {
    "app_sintetizada": "0A6E61460DF04B6A90F5184510582A8D45005C.JPEG",
    "cantidad_archivos": 1,
    "archivos_fuente": [
      "Pictures/Fototeca de Fotos.photoslibrary/resources/derivatives/masters/0/0A6E6146-0DF0-4B6A-90F5-184510582A8D_4_5005_c.jpeg"
    ],
    "ultima_modificacion": "2025-08-01 01:01:07.375738"
  },
  "0d04d41576e2403a973e873490c314d045005c.jpeg": {
    "app_sintetizada": "0D04D41576E2403A973E873490C314D045005C.JPEG",
    "cantidad_archivos": 1,
    "archivos_fuente": [
      "Pictures/Fototeca de Fotos.photoslibrary/resources/derivatives/masters/0/0D04D415-76E2-403A-973E-873490C314D0_4_5005_c.jpeg"
    ],
    "ultima_modificacion": "2025-08-01 01:01:07.376029"
  },
  "0e6100b948a843bd85fb67460ce2541445005c.jpeg": {
    "app_sintetizada": "0E6100B948A843BD85FB67460CE2541445005C.JPEG",
    "cantidad_archivos": 1,
    "archivos_fuente": [
      "Pictures/Fototeca de Fotos.photoslibrary/resources/derivatives/masters/0/0E6100B9-48A8-43BD-85FB-67460CE25414_4_5005_c.jpeg"
    ],
    "ultima_modificacion": "2025-08-01 01:01:07.376306"
  },
  "0bda40baae4a407f83092a1d00dbbc9a45005c.jpeg": {
    "app_sintetizada": "0BDA40BAAE4A407F83092A1D00DBBC9A45005C.JPEG",
    "cantidad_archivos": 1,
    "archivos_fuente": [
      "Pictures/Fototeca de Fotos.photoslibrary/resources/derivatives/masters/0/0BDA40BA-AE4A-407F-8309-2A1D00DBBC9A_4_5005_c.jpeg"
    ],
    "ultima_modificacion": "2025-08-01 01:01:07.376573"
  },
  "00d5e20c5c674c88a6a30d21dacc584245005c.jpeg": {
    "app_sintetizada": "00D5E20C5C674C88A6A30D21DACC584245005C.JPEG",
    "cantidad_archivos": 1,
    "archivos_fuente": [
      "Pictures/Fototeca de Fotos.photoslibrary/resources/derivatives/masters/0/00D5E20C-5C67-4C88-A6A3-0D21DACC5842_4_5005_c.jpeg"
    ],
    "ultima_modificacion": "2025-08-01 01:01:07.376864"
  },
  "0e45e5d78dd648a69ace3dd3973cb70b45005c.jpeg": {
    "app_sintetizada": "0E45E5D78DD648A69ACE3DD3973CB70B45005C.JPEG",
    "cantidad_archivos": 1,
    "archivos_fuente": [
      "Pictures/Fototeca de Fotos.photoslibrary/resources/derivatives/masters/0/0E45E5D7-8DD6-48A6-9ACE-3DD3973CB70B_4_5005_c.jpeg"
    ],
    "ultima_modificacion": "2025-08-01 01:01:07.377128"
  },
  "09bc95928aeb418a9f714c535fc8c58245005c.jpeg": {
    "app_sintetizada": "09BC95928AEB418A9F714C535FC8C58245005C.JPEG",
    "cantidad_archivos": 1,
    "archivos_fuente": [
      "Pictures/Fototeca de Fotos.photoslibrary/resources/derivatives/masters/0/09BC9592-8AEB-418A-9F71-4C535FC8C582_4_5005_c.jpeg"
    ],
    "ultima_modificacion": "2025-08-01 01:01:07.377378"
  },
  "0625e3b5a28e426db32aae7e4f146ef645005c.jpeg": {
    "app_sintetizada": "0625E3B5A28E426DB32AAE7E4F146EF645005C.JPEG",
    "cantidad_archivos": 1,
    "archivos_fuente": [
      "Pictures/Fototeca de Fotos.photoslibrary/resources/derivatives/masters/0/0625E3B5-A28E-426D-B32A-AE7E4F146EF6_4_5005_c.jpeg"
    ],
    "ultima_modificacion": "2025-08-01 01:01:07.377627"
  },
  "02feaa594bf142f79bfb7b49486eb3fb45005c.jpeg": {
    "app_sintetizada": "02FEAA594BF142F79BFB7B49486EB3FB45005C.JPEG",
    "cantidad_archivos": 1,
    "archivos_fuente": [
      "Pictures/Fototeca de Fotos.photoslibrary/resources/derivatives/masters/0/02FEAA59-4BF1-42F7-9BFB-7B49486EB3FB_4_5005_c.jpeg"
    ],
    "ultima_modificacion": "2025-08-01 01:01:07.377892"
  },
  "0fb5767b5925484fad56fba1b5b67a5945005c.jpeg": {
    "app_sintetizada": "0FB5767B5925484FAD56FBA1B5B67A5945005C.JPEG",
    "cantidad_archivos": 1,
    "archivos_fuente": [
      "Pictures/Fototeca de Fotos.photoslibrary/resources/derivatives/masters/0/0FB5767B-5925-484F-AD56-FBA1B5B67A59_4_5005_c.jpeg"
    ],
    "ultima_modificacion": "2025-08-01 01:01:07.378145"
  },
  "0175e98223ce4c7dad09fd83bc08dbda45005c.jpeg": {
    "app_sintetizada": "0175E98223CE4C7DAD09FD83BC08DBDA45005C.JPEG",
    "cantidad_archivos": 1,
    "archivos_fuente": [
      "Pictures/Fototeca de Fotos.photoslibrary/resources/derivatives/masters/0/0175E982-23CE-4C7D-AD09-FD83BC08DBDA_4_5005_c.jpeg"
    ],
    "ultima_modificacion": "2025-08-01 01:01:07.378411"
  },
  "0b35c773c5f043609ec7679f335f9ca145005c.jpeg": {
    "app_sintetizada": "0B35C773C5F043609EC7679F335F9CA145005C.JPEG",
    "cantidad_archivos": 1,
    "archivos_fuente": [
      "Pictures/Fototeca de Fotos.photoslibrary/resources/derivatives/masters/0/0B35C773-C5F0-4360-9EC7-679F335F9CA1_4_5005_c.jpeg"
    ],
    "ultima_modificacion": "2025-08-01 01:01:07.378654"
  },
  "00b223c35c7947a2b65a3ebf1f99478645005c.jpeg": {
    "app_sintetizada": "00B223C35C7947A2B65A3EBF1F99478645005C.JPEG",
    "cantidad_archivos": 1,
    "archivos_fuente": [
      "Pictures/Fototeca de Fotos.photoslibrary/resources/derivatives/masters/0/00B223C3-5C79-47A2-B65A-3EBF1F994786_4_5005_c.jpeg"
    ],
    "ultima_modificacion": "2025-08-01 01:01:07.379015"
  },
  "0225fd834999463fa7581b09d56ee54845005c.jpeg": {
    "app_sintetizada": "0225FD834999463FA7581B09D56EE54845005C.JPEG",
    "cantidad_archivos": 1,
    "archivos_fuente": [
      "Pictures/Fototeca de Fotos.photoslibrary/resources/derivatives/masters/0/0225FD83-4999-463F-A758-1B09D56EE548_4_5005_c.jpeg"
    ],
    "ultima_modificacion": "2025-08-01 01:01:07.379321"
  },
  "0e6e579744d84ccfa8cc6ae903677a8f45005c.jpeg": {
    "app_sintetizada": "0E6E579744D84CCFA8CC6AE903677A8F45005C.JPEG",
    "cantidad_archivos": 1,
    "archivos_fuente": [
      "Pictures/Fototeca de Fotos.photoslibrary/resources/derivatives/masters/0/0E6E5797-44D8-4CCF-A8CC-6AE903677A8F_4_5005_c.jpeg"
    ],
    "ultima_modificacion": "2025-08-01 01:01:07.379635"
  },
  "09ec4586a85d4046bf57bfbccc36f0a445005c.jpeg": {
    "app_sintetizada": "09EC4586A85D4046BF57BFBCCC36F0A445005C.JPEG",
    "cantidad_archivos": 1,
    "archivos_fuente": [
      "Pictures/Fototeca de Fotos.photoslibrary/resources/derivatives/masters/0/09EC4586-A85D-4046-BF57-BFBCCC36F0A4_4_5005_c.jpeg"
    ],
    "ultima_modificacion": "2025-08-01 01:01:07.379946"
  },
  "0bb13d98e82044259179b831c193e9a945005c.jpeg": {
    "app_sintetizada": "0BB13D98E82044259179B831C193E9A945005C.JPEG",
    "cantidad_archivos": 1,
    "archivos_fuente": [
      "Pictures/Fototeca de Fotos.photoslibrary/resources/derivatives/masters/0/0BB13D98-E820-4425-9179-B831C193E9A9_4_5005_c.jpeg"
    ],
    "ultima_modificacion": "2025-08-01 01:01:07.380250"
  },
  "02d9955c43ee4b60934e4c5a5968dab645005c.jpeg": {
    "app_sintetizada": "02D9955C43EE4B60934E4C5A5968DAB645005C.JPEG",
    "cantidad_archivos": 1,
    "archivos_fuente": [
      "Pictures/Fototeca de Fotos.photoslibrary/resources/derivatives/masters/0/02D9955C-43EE-4B60-934E-4C5A5968DAB6_4_5005_c.jpeg"
    ],
    "ultima_modificacion": "2025-08-01 01:01:07.380493"
  },
  "03d6cfdaa63c4a1886b03983e104011045005c.jpeg": {
    "app_sintetizada": "03D6CFDAA63C4A1886B03983E104011045005C.JPEG",
    "cantidad_archivos": 1,
    "archivos_fuente": [
      "Pictures/Fototeca de Fotos.photoslibrary/resources/derivatives/masters/0/03D6CFDA-A63C-4A18-86B0-3983E1040110_4_5005_c.jpeg"
    ],
    "ultima_modificacion": "2025-08-01 01:01:07.380776"
  },
  "02fbc7fea3024b0382bb4f05baf443cf45005c.jpeg": {
    "app_sintetizada": "02FBC7FEA3024B0382BB4F05BAF443CF45005C.JPEG",
    "cantidad_archivos": 1,
    "archivos_fuente": [
      "Pictures/Fototeca de Fotos.photoslibrary/resources/derivatives/masters/0/02FBC7FE-A302-4B03-82BB-4F05BAF443CF_4_5005_c.jpeg"
    ],
    "ultima_modificacion": "2025-08-01 01:01:07.381002"
  },
  "0f6243041e1e4ac481c5e3598ed324b945005c.jpeg": {
    "app_sintetizada": "0F6243041E1E4AC481C5E3598ED324B945005C.JPEG",
    "cantidad_archivos": 1,
    "archivos_fuente": [
      "Pictures/Fototeca de Fotos.photoslibrary/resources/derivatives/masters/0/0F624304-1E1E-4AC4-81C5-E3598ED324B9_4_5005_c.jpeg"
    ],
    "ultima_modificacion": "2025-08-01 01:01:07.381209"
  },
  "0a0e0c286ef8433885320ad739e69f6145005c.jpeg": {
    "app_sintetizada": "0A0E0C286EF8433885320AD739E69F6145005C.JPEG",
    "cantidad_archivos": 1,
    "archivos_fuente": [
      "Pictures/Fototeca de Fotos.photoslibrary/resources/derivatives/masters/0/0A0E0C28-6EF8-4338-8532-0AD739E69F61_4_5005_c.jpeg"
    ],
    "ultima_modificacion": "2025-08-01 01:01:07.381409"
  },
  "0e6187b5d0ca457fbafd4d29123bfb3d45005c.jpeg": {
    "app_sintetizada": "0E6187B5D0CA457FBAFD4D29123BFB3D45005C.JPEG",
    "cantidad_archivos": 1,
    "archivos_fuente": [
      "Pictures/Fototeca de Fotos.photoslibrary/resources/derivatives/masters/0/0E6187B5-D0CA-457F-BAFD-4D29123BFB3D_4_5005_c.jpeg"
    ],
    "ultima_modificacion": "2025-08-01 01:01:07.381606"
  },
  "0188e511b5a6483e9220e5a007ae55fe45005c.jpeg": {
    "app_sintetizada": "0188E511B5A6483E9220E5A007AE55FE45005C.JPEG",
    "cantidad_archivos": 1,
    "archivos_fuente": [
      "Pictures/Fototeca de Fotos.photoslibrary/resources/derivatives/masters/0/0188E511-B5A6-483E-9220-E5A007AE55FE_4_5005_c.jpeg"
    ],
    "ultima_modificacion": "2025-08-01 01:01:07.381804"
  },
  "0a188cdb65aa48f9be56b496dfaaf7d945005c.jpeg": {
    "app_sintetizada": "0A188CDB65AA48F9BE56B496DFAAF7D945005C.JPEG",
    "cantidad_archivos": 1,
    "archivos_fuente": [
      "Pictures/Fototeca de Fotos.photoslibrary/resources/derivatives/masters/0/0A188CDB-65AA-48F9-BE56-B496DFAAF7D9_4_5005_c.jpeg"
    ],
    "ultima_modificacion": "2025-08-01 01:01:07.381998"
  },
  "0286ac7e5fa14d2b9064629bc18b5ed645005c.jpeg": {
    "app_sintetizada": "0286AC7E5FA14D2B9064629BC18B5ED645005C.JPEG",
    "cantidad_archivos": 1,
    "archivos_fuente": [
      "Pictures/Fototeca de Fotos.photoslibrary/resources/derivatives/masters/0/0286AC7E-5FA1-4D2B-9064-629BC18B5ED6_4_5005_c.jpeg"
    ],
    "ultima_modificacion": "2025-08-01 01:01:07.382246"
  },
  "02e9544b3aaa4e35a1457f3ae58174b045005c.jpeg": {
    "app_sintetizada": "02E9544B3AAA4E35A1457F3AE58174B045005C.JPEG",
    "cantidad_archivos": 1,
    "archivos_fuente": [
      "Pictures/Fototeca de Fotos.photoslibrary/resources/derivatives/masters/0/02E9544B-3AAA-4E35-A145-7F3AE58174B0_4_5005_c.jpeg"
    ],
    "ultima_modificacion": "2025-08-01 01:01:07.382497"
  },
  "0d56cb92d7994309bf79440845419b9245005c.jpeg": {
    "app_sintetizada": "0D56CB92D7994309BF79440845419B9245005C.JPEG",
    "cantidad_archivos": 1,
    "archivos_fuente": [
      "Pictures/Fototeca de Fotos.photoslibrary/resources/derivatives/masters/0/0D56CB92-D799-4309-BF79-440845419B92_4_5005_c.jpeg"
    ],
    "ultima_modificacion": "2025-08-01 01:01:07.382712"
  },
  "0ebcef6a8e674436a4cc7731437cbfba45005c.jpeg": {
    "app_sintetizada": "0EBCEF6A8E674436A4CC7731437CBFBA45005C.JPEG",
    "cantidad_archivos": 1,
    "archivos_fuente": [
      "Pictures/Fototeca de Fotos.photoslibrary/resources/derivatives/masters/0/0EBCEF6A-8E67-4436-A4CC-7731437CBFBA_4_5005_c.jpeg"
    ],
    "ultima_modificacion": "2025-08-01 01:01:07.383047"
  },
  "02a64457b0844787988b31e0317baa3a45005c.jpeg": {
    "app_sintetizada": "02A64457B0844787988B31E0317BAA3A45005C.JPEG",
    "cantidad_archivos": 1,
    "archivos_fuente": [
      "Pictures/Fototeca de Fotos.photoslibrary/resources/derivatives/masters/0/02A64457-B084-4787-988B-31E0317BAA3A_4_5005_c.jpeg"
    ],
    "ultima_modificacion": "2025-08-01 01:01:07.383418"
  },
  "076d8709021f4181b29cdc7feaf3256a45005c.jpeg": {
    "app_sintetizada": "076D8709021F4181B29CDC7FEAF3256A45005C.JPEG",
    "cantidad_archivos": 1,
    "archivos_fuente": [
      "Pictures/Fototeca de Fotos.photoslibrary/resources/derivatives/masters/0/076D8709-021F-4181-B29C-DC7FEAF3256A_4_5005_c.jpeg"
    ],
    "ultima_modificacion": "2025-08-01 01:01:07.383760"
  },
  "0448ffe56e984160acdb280051d0119145005c.jpeg": {
    "app_sintetizada": "0448FFE56E984160ACDB280051D0119145005C.JPEG",
    "cantidad_archivos": 1,
    "archivos_fuente": [
      "Pictures/Fototeca de Fotos.photoslibrary/resources/derivatives/masters/0/0448FFE5-6E98-4160-ACDB-280051D01191_4_5005_c.jpeg"
    ],
    "ultima_modificacion": "2025-08-01 01:01:07.384079"
  },
  "0d9c1e7950464febb70aa2439596eeb145005c.jpeg": {
    "app_sintetizada": "0D9C1E7950464FEBB70AA2439596EEB145005C.JPEG",
    "cantidad_archivos": 1,
    "archivos_fuente": [
      "Pictures/Fototeca de Fotos.photoslibrary/resources/derivatives/masters/0/0D9C1E79-5046-4FEB-B70A-A2439596EEB1_4_5005_c.jpeg"
    ],
    "ultima_modificacion": "2025-08-01 01:01:07.384407"
  },
  "005b542a10f54e43b955d123281a86e445005c.jpeg": {
    "app_sintetizada": "005B542A10F54E43B955D123281A86E445005C.JPEG",
    "cantidad_archivos": 1,
    "archivos_fuente": [
      "Pictures/Fototeca de Fotos.photoslibrary/resources/derivatives/masters/0/005B542A-10F5-4E43-B955-D123281A86E4_4_5005_c.jpeg"
    ],
    "ultima_modificacion": "2025-08-01 01:01:07.384697"
  },
  "0a0ab9f70b314de5bd51d6678cf3677345005c.jpeg": {
    "app_sintetizada": "0A0AB9F70B314DE5BD51D6678CF3677345005C.JPEG",
    "cantidad_archivos": 1,
    "archivos_fuente": [
      "Pictures/Fototeca de Fotos.photoslibrary/resources/derivatives/masters/0/0A0AB9F7-0B31-4DE5-BD51-D6678CF36773_4_5005_c.jpeg"
    ],
    "ultima_modificacion": "2025-08-01 01:01:07.384995"
  }
}