{
  "c2f49363aa4645208fc4283d18646d9445005c.jpeg": {
    "app_sintetizada": "C2F49363AA4645208FC4283D18646D9445005C.JPEG",
    "cantidad_archivos": 1,
    "archivos_fuente": [
      "Pictures/Fototeca de Fotos.photoslibrary/resources/derivatives/masters/C/C2F49363-AA46-4520-8FC4-283D18646D94_4_5005_c.jpeg"
    ],
    "ultima_modificacion": "2025-08-01 01:01:13.491254"
  },
  "cdfd87ef770542d990590a05e90c832345005c.jpeg": {
    "app_sintetizada": "CDFD87EF770542D990590A05E90C832345005C.JPEG",
    "cantidad_archivos": 1,
    "archivos_fuente": [
      "Pictures/Fototeca de Fotos.photoslibrary/resources/derivatives/masters/C/CDFD87EF-7705-42D9-9059-0A05E90C8323_4_5005_c.jpeg"
    ],
    "ultima_modificacion": "2025-08-01 01:01:13.492090"
  },
  "c8f0dee82d464719beb6a84e2d77276945005c.jpeg": {
    "app_sintetizada": "C8F0DEE82D464719BEB6A84E2D77276945005C.JPEG",
    "cantidad_archivos": 1,
    "archivos_fuente": [
      "Pictures/Fototeca de Fotos.photoslibrary/resources/derivatives/masters/C/C8F0DEE8-2D46-4719-BEB6-A84E2D772769_4_5005_c.jpeg"
    ],
    "ultima_modificacion": "2025-08-01 01:01:13.493385"
  },
  "c5d6927f83be482ea0e4fa22ecbc4d4245005c.jpeg": {
    "app_sintetizada": "C5D6927F83BE482EA0E4FA22ECBC4D4245005C.JPEG",
    "cantidad_archivos": 1,
    "archivos_fuente": [
      "Pictures/Fototeca de Fotos.photoslibrary/resources/derivatives/masters/C/C5D6927F-83BE-482E-A0E4-FA22ECBC4D42_4_5005_c.jpeg"
    ],
    "ultima_modificacion": "2025-08-01 01:01:13.495473"
  },
  "c2e720e5bd5342359f686150ddce2b5645005c.jpeg": {
    "app_sintetizada": "C2E720E5BD5342359F686150DDCE2B5645005C.JPEG",
    "cantidad_archivos": 1,
    "archivos_fuente": [
      "Pictures/Fototeca de Fotos.photoslibrary/resources/derivatives/masters/C/C2E720E5-BD53-4235-9F68-6150DDCE2B56_4_5005_c.jpeg"
    ],
    "ultima_modificacion": "2025-08-01 01:01:13.495892"
  },
  "c8eb202c95b648e5a87199daadcd95c945005c.jpeg": {
    "app_sintetizada": "C8EB202C95B648E5A87199DAADCD95C945005C.JPEG",
    "cantidad_archivos": 1,
    "archivos_fuente": [
      "Pictures/Fototeca de Fotos.photoslibrary/resources/derivatives/masters/C/C8EB202C-95B6-48E5-A871-99DAADCD95C9_4_5005_c.jpeg"
    ],
    "ultima_modificacion": "2025-08-01 01:01:13.496258"
  },
  "c49f77fb84524f23ac8ef2946999441d45005c.jpeg": {
    "app_sintetizada": "C49F77FB84524F23AC8EF2946999441D45005C.JPEG",
    "cantidad_archivos": 1,
    "archivos_fuente": [
      "Pictures/Fototeca de Fotos.photoslibrary/resources/derivatives/masters/C/C49F77FB-8452-4F23-AC8E-F2946999441D_4_5005_c.jpeg"
    ],
    "ultima_modificacion": "2025-08-01 01:01:13.497362"
  },
  "cf4f7917bad94c649d1e45de1c91511445005c.jpeg": {
    "app_sintetizada": "CF4F7917BAD94C649D1E45DE1C91511445005C.JPEG",
    "cantidad_archivos": 1,
    "archivos_fuente": [
      "Pictures/Fototeca de Fotos.photoslibrary/resources/derivatives/masters/C/CF4F7917-BAD9-4C64-9D1E-45DE1C915114_4_5005_c.jpeg"
    ],
    "ultima_modificacion": "2025-08-01 01:01:13.497961"
  },
  "cae262cd5fd4404d82c9b02286a1d3c245005c.jpeg": {
    "app_sintetizada": "CAE262CD5FD4404D82C9B02286A1D3C245005C.JPEG",
    "cantidad_archivos": 1,
    "archivos_fuente": [
      "Pictures/Fototeca de Fotos.photoslibrary/resources/derivatives/masters/C/CAE262CD-5FD4-404D-82C9-B02286A1D3C2_4_5005_c.jpeg"
    ],
    "ultima_modificacion": "2025-08-01 01:01:13.498318"
  },
  "cb64b22635d642ed8b0f58cce96113aa45005c.jpeg": {
    "app_sintetizada": "CB64B22635D642ED8B0F58CCE96113AA45005C.JPEG",
    "cantidad_archivos": 1,
    "archivos_fuente": [
      "Pictures/Fototeca de Fotos.photoslibrary/resources/derivatives/masters/C/CB64B226-35D6-42ED-8B0F-58CCE96113AA_4_5005_c.jpeg"
    ],
    "ultima_modificacion": "2025-08-01 01:01:13.498694"
  },
  "c73c7f2bfb4547728ec894faf43357d745005c.jpeg": {
    "app_sintetizada": "C73C7F2BFB4547728EC894FAF43357D745005C.JPEG",
    "cantidad_archivos": 1,
    "archivos_fuente": [
      "Pictures/Fototeca de Fotos.photoslibrary/resources/derivatives/masters/C/C73C7F2B-FB45-4772-8EC8-94FAF43357D7_4_5005_c.jpeg"
    ],
    "ultima_modificacion": "2025-08-01 01:01:13.499054"
  },
  "ca32482a960549769233d19e2b54555245005c.jpeg": {
    "app_sintetizada": "CA32482A960549769233D19E2B54555245005C.JPEG",
    "cantidad_archivos": 1,
    "archivos_fuente": [
      "Pictures/Fototeca de Fotos.photoslibrary/resources/derivatives/masters/C/CA32482A-9605-4976-9233-D19E2B545552_4_5005_c.jpeg"
    ],
    "ultima_modificacion": "2025-08-01 01:01:13.499391"
  },
  "cb5723d619dd4fe197518909e554cd2145005c.jpeg": {
    "app_sintetizada": "CB5723D619DD4FE197518909E554CD2145005C.JPEG",
    "cantidad_archivos": 1,
    "archivos_fuente": [
      "Pictures/Fototeca de Fotos.photoslibrary/resources/derivatives/masters/C/CB5723D6-19DD-4FE1-9751-8909E554CD21_4_5005_c.jpeg"
    ],
    "ultima_modificacion": "2025-08-01 01:01:13.499719"
  },
  "cc000e52d72645cc846995b0cf30306245005c.jpeg": {
    "app_sintetizada": "CC000E52D72645CC846995B0CF30306245005C.JPEG",
    "cantidad_archivos": 1,
    "archivos_fuente": [
      "Pictures/Fototeca de Fotos.photoslibrary/resources/derivatives/masters/C/CC000E52-D726-45CC-8469-95B0CF303062_4_5005_c.jpeg"
    ],
    "ultima_modificacion": "2025-08-01 01:01:13.500064"
  },
  "ce3902f582af4bf5891586e6d4e4c7b445005c.jpeg": {
    "app_sintetizada": "CE3902F582AF4BF5891586E6D4E4C7B445005C.JPEG",
    "cantidad_archivos": 1,
    "archivos_fuente": [
      "Pictures/Fototeca de Fotos.photoslibrary/resources/derivatives/masters/C/CE3902F5-82AF-4BF5-8915-86E6D4E4C7B4_4_5005_c.jpeg"
    ],
    "ultima_modificacion": "2025-08-01 01:01:13.500386"
  },
  "cf105b104cef4973b6a37c4179287b2345005c.jpeg": {
    "app_sintetizada": "CF105B104CEF4973B6A37C4179287B2345005C.JPEG",
    "cantidad_archivos": 1,
    "archivos_fuente": [
      "Pictures/Fototeca de Fotos.photoslibrary/resources/derivatives/masters/C/CF105B10-4CEF-4973-B6A3-7C4179287B23_4_5005_c.jpeg"
    ],
    "ultima_modificacion": "2025-08-01 01:01:13.501763"
  },
  "c38e288c9c494ab389c1e9772233e01145005c.jpeg": {
    "app_sintetizada": "C38E288C9C494AB389C1E9772233E01145005C.JPEG",
    "cantidad_archivos": 1,
    "archivos_fuente": [
      "Pictures/Fototeca de Fotos.photoslibrary/resources/derivatives/masters/C/C38E288C-9C49-4AB3-89C1-E9772233E011_4_5005_c.jpeg"
    ],
    "ultima_modificacion": "2025-08-01 01:01:13.502112"
  },
  "c80adb3b3b3841e6b3a22a7d9cbf9c1445005c.jpeg": {
    "app_sintetizada": "C80ADB3B3B3841E6B3A22A7D9CBF9C1445005C.JPEG",
    "cantidad_archivos": 1,
    "archivos_fuente": [
      "Pictures/Fototeca de Fotos.photoslibrary/resources/derivatives/masters/C/C80ADB3B-3B38-41E6-B3A2-2A7D9CBF9C14_4_5005_c.jpeg"
    ],
    "ultima_modificacion": "2025-08-01 01:01:13.503770"
  },
  "c256b5f61a864ac39b4d2caf4a979b4f45005c.jpeg": {
    "app_sintetizada": "C256B5F61A864AC39B4D2CAF4A979B4F45005C.JPEG",
    "cantidad_archivos": 1,
    "archivos_fuente": [
      "Pictures/Fototeca de Fotos.photoslibrary/resources/derivatives/masters/C/C256B5F6-1A86-4AC3-9B4D-2CAF4A979B4F_4_5005_c.jpeg"
    ],
    "ultima_modificacion": "2025-08-01 01:01:13.504239"
  },
  "cbc15588bdaf4e29b91b3195f80c038a45005c.jpeg": {
    "app_sintetizada": "CBC15588BDAF4E29B91B3195F80C038A45005C.JPEG",
    "cantidad_archivos": 1,
    "archivos_fuente": [
      "Pictures/Fototeca de Fotos.photoslibrary/resources/derivatives/masters/C/CBC15588-BDAF-4E29-B91B-3195F80C038A_4_5005_c.jpeg"
    ],
    "ultima_modificacion": "2025-08-01 01:01:13.506670"
  },
  "c8ef87fbb0a6469c92144b23ea29e36845005c.jpeg": {
    "app_sintetizada": "C8EF87FBB0A6469C92144B23EA29E36845005C.JPEG",
    "cantidad_archivos": 1,
    "archivos_fuente": [
      "Pictures/Fototeca de Fotos.photoslibrary/resources/derivatives/masters/C/C8EF87FB-B0A6-469C-9214-4B23EA29E368_4_5005_c.jpeg"
    ],
    "ultima_modificacion": "2025-08-01 01:01:13.508297"
  },
  "cc129c52f1024f989f012f54d2d2575b45005c.jpeg": {
    "app_sintetizada": "CC129C52F1024F989F012F54D2D2575B45005C.JPEG",
    "cantidad_archivos": 1,
    "archivos_fuente": [
      "Pictures/Fototeca de Fotos.photoslibrary/resources/derivatives/masters/C/CC129C52-F102-4F98-9F01-2F54D2D2575B_4_5005_c.jpeg"
    ],
    "ultima_modificacion": "2025-08-01 01:01:13.508772"
  },
  "c7cba7293a704d98bd5d83f0d734e66645005c.jpeg": {
    "app_sintetizada": "C7CBA7293A704D98BD5D83F0D734E66645005C.JPEG",
    "cantidad_archivos": 1,
    "archivos_fuente": [
      "Pictures/Fototeca de Fotos.photoslibrary/resources/derivatives/masters/C/C7CBA729-3A70-4D98-BD5D-83F0D734E666_4_5005_c.jpeg"
    ],
    "ultima_modificacion": "2025-08-01 01:01:13.509190"
  },
  "cfe8f2f7b098452885b01a4469547eee45005c.jpeg": {
    "app_sintetizada": "CFE8F2F7B098452885B01A4469547EEE45005C.JPEG",
    "cantidad_archivos": 1,
    "archivos_fuente": [
      "Pictures/Fototeca de Fotos.photoslibrary/resources/derivatives/masters/C/CFE8F2F7-B098-4528-85B0-1A4469547EEE_4_5005_c.jpeg"
    ],
    "ultima_modificacion": "2025-08-01 01:01:13.509551"
  },
  "c102233b721f414699308e775c9a077845005c.jpeg": {
    "app_sintetizada": "C102233B721F414699308E775C9A077845005C.JPEG",
    "cantidad_archivos": 1,
    "archivos_fuente": [
      "Pictures/Fototeca de Fotos.photoslibrary/resources/derivatives/masters/C/C102233B-721F-4146-9930-8E775C9A0778_4_5005_c.jpeg"
    ],
    "ultima_modificacion": "2025-08-01 01:01:13.509904"
  },
  "ce283c9d35554fbd946c90b7d4e4d27045005c.jpeg": {
    "app_sintetizada": "CE283C9D35554FBD946C90B7D4E4D27045005C.JPEG",
    "cantidad_archivos": 1,
    "archivos_fuente": [
      "Pictures/Fototeca de Fotos.photoslibrary/resources/derivatives/masters/C/CE283C9D-3555-4FBD-946C-90B7D4E4D270_4_5005_c.jpeg"
    ],
    "ultima_modificacion": "2025-08-01 01:01:13.510269"
  },
  "c88a7448aee34a3492bba5ca1738b06145005c.jpeg": {
    "app_sintetizada": "C88A7448AEE34A3492BBA5CA1738B06145005C.JPEG",
    "cantidad_archivos": 1,
    "archivos_fuente": [
      "Pictures/Fototeca de Fotos.photoslibrary/resources/derivatives/masters/C/C88A7448-AEE3-4A34-92BB-A5CA1738B061_4_5005_c.jpeg"
    ],
    "ultima_modificacion": "2025-08-01 01:01:13.510622"
  },
  "c91d2951013f4d648a5ed675e33b9d3f45005c.jpeg": {
    "app_sintetizada": "C91D2951013F4D648A5ED675E33B9D3F45005C.JPEG",
    "cantidad_archivos": 1,
    "archivos_fuente": [
      "Pictures/Fototeca de Fotos.photoslibrary/resources/derivatives/masters/C/C91D2951-013F-4D64-8A5E-D675E33B9D3F_4_5005_c.jpeg"
    ],
    "ultima_modificacion": "2025-08-01 01:01:13.510973"
  },
  "cb4c06079fab42c7a79025882687ba7c45005c.jpeg": {
    "app_sintetizada": "CB4C06079FAB42C7A79025882687BA7C45005C.JPEG",
    "cantidad_archivos": 1,
    "archivos_fuente": [
      "Pictures/Fototeca de Fotos.photoslibrary/resources/derivatives/masters/C/CB4C0607-9FAB-42C7-A790-25882687BA7C_4_5005_c.jpeg"
    ],
    "ultima_modificacion": "2025-08-01 01:01:13.511334"
  },
  "c0fe5a66a26a40f499fda376885ffc9645005c.jpeg": {
    "app_sintetizada": "C0FE5A66A26A40F499FDA376885FFC9645005C.JPEG",
    "cantidad_archivos": 1,
    "archivos_fuente": [
      "Pictures/Fototeca de Fotos.photoslibrary/resources/derivatives/masters/C/C0FE5A66-A26A-40F4-99FD-A376885FFC96_4_5005_c.jpeg"
    ],
    "ultima_modificacion": "2025-08-01 01:01:13.511649"
  },
  "c9270f27415748fb84a39fa5418fa5f145005c.jpeg": {
    "app_sintetizada": "C9270F27415748FB84A39FA5418FA5F145005C.JPEG",
    "cantidad_archivos": 1,
    "archivos_fuente": [
      "Pictures/Fototeca de Fotos.photoslibrary/resources/derivatives/masters/C/C9270F27-4157-48FB-84A3-9FA5418FA5F1_4_5005_c.jpeg"
    ],
    "ultima_modificacion": "2025-08-01 01:01:13.511922"
  },
  "c11d0dfb6c74438ab89b881cb8ff98d545005c.jpeg": {
    "app_sintetizada": "C11D0DFB6C74438AB89B881CB8FF98D545005C.JPEG",
    "cantidad_archivos": 1,
    "archivos_fuente": [
      "Pictures/Fototeca de Fotos.photoslibrary/resources/derivatives/masters/C/C11D0DFB-6C74-438A-B89B-881CB8FF98D5_4_5005_c.jpeg"
    ],
    "ultima_modificacion": "2025-08-01 01:01:13.512336"
  },
  "c03e899af09345558e53f5284fc4a11e45005c.jpeg": {
    "app_sintetizada": "C03E899AF09345558E53F5284FC4A11E45005C.JPEG",
    "cantidad_archivos": 1,
    "archivos_fuente": [
      "Pictures/Fototeca de Fotos.photoslibrary/resources/derivatives/masters/C/C03E899A-F093-4555-8E53-F5284FC4A11E_4_5005_c.jpeg"
    ],
    "ultima_modificacion": "2025-08-01 01:01:13.512756"
  },
  "c00ab88de19f44f688cc5ee4d4749d0745005c.jpeg": {
    "app_sintetizada": "C00AB88DE19F44F688CC5EE4D4749D0745005C.JPEG",
    "cantidad_archivos": 1,
    "archivos_fuente": [
      "Pictures/Fototeca de Fotos.photoslibrary/resources/derivatives/masters/C/C00AB88D-E19F-44F6-88CC-5EE4D4749D07_4_5005_c.jpeg"
    ],
    "ultima_modificacion": "2025-08-01 01:01:13.513037"
  },
  "ce3a53818bd24e379ef8e2869fc0b96545005c.jpeg": {
    "app_sintetizada": "CE3A53818BD24E379EF8E2869FC0B96545005C.JPEG",
    "cantidad_archivos": 1,
    "archivos_fuente": [
      "Pictures/Fototeca de Fotos.photoslibrary/resources/derivatives/masters/C/CE3A5381-8BD2-4E37-9EF8-E2869FC0B965_4_5005_c.jpeg"
    ],
    "ultima_modificacion": "2025-08-01 01:01:13.513321"
  },
  "c5c4cb4e77034a38849876ada7aa25ba45005c.jpeg": {
    "app_sintetizada": "C5C4CB4E77034A38849876ADA7AA25BA45005C.JPEG",
    "cantidad_archivos": 1,
    "archivos_fuente": [
      "Pictures/Fototeca de Fotos.photoslibrary/resources/derivatives/masters/C/C5C4CB4E-7703-4A38-8498-76ADA7AA25BA_4_5005_c.jpeg"
    ],
    "ultima_modificacion": "2025-08-01 01:01:13.513670"
  },
  "cc8d68c7e0ef42a781071362cd8ef22e45005c.jpeg": {
    "app_sintetizada": "CC8D68C7E0EF42A781071362CD8EF22E45005C.JPEG",
    "cantidad_archivos": 1,
    "archivos_fuente": [
      "Pictures/Fototeca de Fotos.photoslibrary/resources/derivatives/masters/C/CC8D68C7-E0EF-42A7-8107-1362CD8EF22E_4_5005_c.jpeg"
    ],
    "ultima_modificacion": "2025-08-01 01:01:13.514067"
  },
  "c083e0024d3944ae8d8556867e6de2ce45005c.jpeg": {
    "app_sintetizada": "C083E0024D3944AE8D8556867E6DE2CE45005C.JPEG",
    "cantidad_archivos": 1,
    "archivos_fuente": [
      "Pictures/Fototeca de Fotos.photoslibrary/resources/derivatives/masters/C/C083E002-4D39-44AE-8D85-56867E6DE2CE_4_5005_c.jpeg"
    ],
    "ultima_modificacion": "2025-08-01 01:01:13.514421"
  },
  "c36a5dea02cf4ef9965b05238346e21c45005c.jpeg": {
    "app_sintetizada": "C36A5DEA02CF4EF9965B05238346E21C45005C.JPEG",
    "cantidad_archivos": 1,
    "archivos_fuente": [
      "Pictures/Fototeca de Fotos.photoslibrary/resources/derivatives/masters/C/C36A5DEA-02CF-4EF9-965B-05238346E21C_4_5005_c.jpeg"
    ],
    "ultima_modificacion": "2025-08-01 01:01:13.514761"
  },
  "c8ed30d318fe462c9e6e99cdedae757445005c.jpeg": {
    "app_sintetizada": "C8ED30D318FE462C9E6E99CDEDAE757445005C.JPEG",
    "cantidad_archivos": 1,
    "archivos_fuente": [
      "Pictures/Fototeca de Fotos.photoslibrary/resources/derivatives/masters/C/C8ED30D3-18FE-462C-9E6E-99CDEDAE7574_4_5005_c.jpeg"
    ],
    "ultima_modificacion": "2025-08-01 01:01:13.515099"
  },
  "c0a3b89dfa0f48d383b6540ccbd792d845005c.jpeg": {
    "app_sintetizada": "C0A3B89DFA0F48D383B6540CCBD792D845005C.JPEG",
    "cantidad_archivos": 1,
    "archivos_fuente": [
      "Pictures/Fototeca de Fotos.photoslibrary/resources/derivatives/masters/C/C0A3B89D-FA0F-48D3-83B6-540CCBD792D8_4_5005_c.jpeg"
    ],
    "ultima_modificacion": "2025-08-01 01:01:13.515451"
  },
  "cfe68ca0921742618be267d1e0b2f1d545005c.jpeg": {
    "app_sintetizada": "CFE68CA0921742618BE267D1E0B2F1D545005C.JPEG",
    "cantidad_archivos": 1,
    "archivos_fuente": [
      "Pictures/Fototeca de Fotos.photoslibrary/resources/derivatives/masters/C/CFE68CA0-9217-4261-8BE2-67D1E0B2F1D5_4_5005_c.jpeg"
    ],
    "ultima_modificacion": "2025-08-01 01:01:13.515783"
  },
  "c87604f268ed4bfcaa96b68e16f576c245005c.jpeg": {
    "app_sintetizada": "C87604F268ED4BFCAA96B68E16F576C245005C.JPEG",
    "cantidad_archivos": 1,
    "archivos_fuente": [
      "Pictures/Fototeca de Fotos.photoslibrary/resources/derivatives/masters/C/C87604F2-68ED-4BFC-AA96-B68E16F576C2_4_5005_c.jpeg"
    ],
    "ultima_modificacion": "2025-08-01 01:01:13.516105"
  },
  "c87dd8c4dd4f424fb5a9d826fb3c41a645005c.jpeg": {
    "app_sintetizada": "C87DD8C4DD4F424FB5A9D826FB3C41A645005C.JPEG",
    "cantidad_archivos": 1,
    "archivos_fuente": [
      "Pictures/Fototeca de Fotos.photoslibrary/resources/derivatives/masters/C/C87DD8C4-DD4F-424F-B5A9-D826FB3C41A6_4_5005_c.jpeg"
    ],
    "ultima_modificacion": "2025-08-01 01:01:13.516474"
  },
  "c688ab224ba74964800fb886bf20646a45005c.jpeg": {
    "app_sintetizada": "C688AB224BA74964800FB886BF20646A45005C.JPEG",
    "cantidad_archivos": 1,
    "archivos_fuente": [
      "Pictures/Fototeca de Fotos.photoslibrary/resources/derivatives/masters/C/C688AB22-4BA7-4964-800F-B886BF20646A_4_5005_c.jpeg"
    ],
    "ultima_modificacion": "2025-08-01 01:01:13.516829"
  },
  "cf2f9c8c2bd4463ba59280b7c388f62745005c.jpeg": {
    "app_sintetizada": "CF2F9C8C2BD4463BA59280B7C388F62745005C.JPEG",
    "cantidad_archivos": 1,
    "archivos_fuente": [
      "Pictures/Fototeca de Fotos.photoslibrary/resources/derivatives/masters/C/CF2F9C8C-2BD4-463B-A592-80B7C388F627_4_5005_c.jpeg"
    ],
    "ultima_modificacion": "2025-08-01 01:01:13.517153"
  },
  "c5eb0ecfc9694918ab6e2e9e3262ae8845005c.jpeg": {
    "app_sintetizada": "C5EB0ECFC9694918AB6E2E9E3262AE8845005C.JPEG",
    "cantidad_archivos": 1,
    "archivos_fuente": [
      "Pictures/Fototeca de Fotos.photoslibrary/resources/derivatives/masters/C/C5EB0ECF-C969-4918-AB6E-2E9E3262AE88_4_5005_c.jpeg"
    ],
    "ultima_modificacion": "2025-08-01 01:01:13.517484"
  },
  "ccee963c48c64cfdb25bdd6648471f2745005c.jpeg": {
    "app_sintetizada": "CCEE963C48C64CFDB25BDD6648471F2745005C.JPEG",
    "cantidad_archivos": 1,
    "archivos_fuente": [
      "Pictures/Fototeca de Fotos.photoslibrary/resources/derivatives/masters/C/CCEE963C-48C6-4CFD-B25B-DD6648471F27_4_5005_c.jpeg"
    ],
    "ultima_modificacion": "2025-08-01 01:01:13.517821"
  },
  "c71d456a12324a09a056ac9356e4e84145005c.jpeg": {
    "app_sintetizada": "C71D456A12324A09A056AC9356E4E84145005C.JPEG",
    "cantidad_archivos": 1,
    "archivos_fuente": [
      "Pictures/Fototeca de Fotos.photoslibrary/resources/derivatives/masters/C/C71D456A-1232-4A09-A056-AC9356E4E841_4_5005_c.jpeg"
    ],
    "ultima_modificacion": "2025-08-01 01:01:13.518160"
  },
  "c523016245ae41ab8cd5f18d270c9aff45005c.jpeg": {
    "app_sintetizada": "C523016245AE41AB8CD5F18D270C9AFF45005C.JPEG",
    "cantidad_archivos": 1,
    "archivos_fuente": [
      "Pictures/Fototeca de Fotos.photoslibrary/resources/derivatives/masters/C/C5230162-45AE-41AB-8CD5-F18D270C9AFF_4_5005_c.jpeg"
    ],
    "ultima_modificacion": "2025-08-01 01:01:13.520519"
  },
  "cdd4745bbc984b72a5ee7502b1e9b01645005c.jpeg": {
    "app_sintetizada": "CDD4745BBC984B72A5EE7502B1E9B01645005C.JPEG",
    "cantidad_archivos": 1,
    "archivos_fuente": [
      "Pictures/Fototeca de Fotos.photoslibrary/resources/derivatives/masters/C/CDD4745B-BC98-4B72-A5EE-7502B1E9B016_4_5005_c.jpeg"
    ],
    "ultima_modificacion": "2025-08-01 01:01:13.523352"
  },
  "c1ff9609fc584986a20c725d2c57eb8145005c.jpeg": {
    "app_sintetizada": "C1FF9609FC584986A20C725D2C57EB8145005C.JPEG",
    "cantidad_archivos": 1,
    "archivos_fuente": [
      "Pictures/Fototeca de Fotos.photoslibrary/resources/derivatives/masters/C/C1FF9609-FC58-4986-A20C-725D2C57EB81_4_5005_c.jpeg"
    ],
    "ultima_modificacion": "2025-08-01 01:01:13.523721"
  },
  "c1cb311972084297b473a02732b8171545005c.jpeg": {
    "app_sintetizada": "C1CB311972084297B473A02732B8171545005C.JPEG",
    "cantidad_archivos": 1,
    "archivos_fuente": [
      "Pictures/Fototeca de Fotos.photoslibrary/resources/derivatives/masters/C/C1CB3119-7208-4297-B473-A02732B81715_4_5005_c.jpeg"
    ],
    "ultima_modificacion": "2025-08-01 01:01:13.524006"
  },
  "c12b725c87844136bc590c929d83d4e945005c.jpeg": {
    "app_sintetizada": "C12B725C87844136BC590C929D83D4E945005C.JPEG",
    "cantidad_archivos": 1,
    "archivos_fuente": [
      "Pictures/Fototeca de Fotos.photoslibrary/resources/derivatives/masters/C/C12B725C-8784-4136-BC59-0C929D83D4E9_4_5005_c.jpeg"
    ],
    "ultima_modificacion": "2025-08-01 01:01:13.524422"
  },
  "cf96793e8a7b4c89a6c41b248209aeda45005c.jpeg": {
    "app_sintetizada": "CF96793E8A7B4C89A6C41B248209AEDA45005C.JPEG",
    "cantidad_archivos": 1,
    "archivos_fuente": [
      "Pictures/Fototeca de Fotos.photoslibrary/resources/derivatives/masters/C/CF96793E-8A7B-4C89-A6C4-1B248209AEDA_4_5005_c.jpeg"
    ],
    "ultima_modificacion": "2025-08-01 01:01:13.524684"
  },
  "c94bc497914a4374937abf5a63dd415d45005c.jpeg": {
    "app_sintetizada": "C94BC497914A4374937ABF5A63DD415D45005C.JPEG",
    "cantidad_archivos": 1,
    "archivos_fuente": [
      "Pictures/Fototeca de Fotos.photoslibrary/resources/derivatives/masters/C/C94BC497-914A-4374-937A-BF5A63DD415D_4_5005_c.jpeg"
    ],
    "ultima_modificacion": "2025-08-01 01:01:13.524920"
  },
  "cd6f1e92515b47db8950b9b7c70f7c5d45005c.jpeg": {
    "app_sintetizada": "CD6F1E92515B47DB8950B9B7C70F7C5D45005C.JPEG",
    "cantidad_archivos": 1,
    "archivos_fuente": [
      "Pictures/Fototeca de Fotos.photoslibrary/resources/derivatives/masters/C/CD6F1E92-515B-47DB-8950-B9B7C70F7C5D_4_5005_c.jpeg"
    ],
    "ultima_modificacion": "2025-08-01 01:01:13.525257"
  },
  "c354c59a69e64b3cb74873dea60936d345005c.jpeg": {
    "app_sintetizada": "C354C59A69E64B3CB74873DEA60936D345005C.JPEG",
    "cantidad_archivos": 1,
    "archivos_fuente": [
      "Pictures/Fototeca de Fotos.photoslibrary/resources/derivatives/masters/C/C354C59A-69E6-4B3C-B748-73DEA60936D3_4_5005_c.jpeg"
    ],
    "ultima_modificacion": "2025-08-01 01:01:13.525704"
  },
  "c6bd56326ea646b1a5f2a7b97d7e2d7645005c.jpeg": {
    "app_sintetizada": "C6BD56326EA646B1A5F2A7B97D7E2D7645005C.JPEG",
    "cantidad_archivos": 1,
    "archivos_fuente": [
      "Pictures/Fototeca de Fotos.photoslibrary/resources/derivatives/masters/C/C6BD5632-6EA6-46B1-A5F2-A7B97D7E2D76_4_5005_c.jpeg"
    ],
    "ultima_modificacion": "2025-08-01 01:01:13.527469"
  },
  "c620d9f2b3e948159f873bdcb2a01d5c45005c.jpeg": {
    "app_sintetizada": "C620D9F2B3E948159F873BDCB2A01D5C45005C.JPEG",
    "cantidad_archivos": 1,
    "archivos_fuente": [
      "Pictures/Fototeca de Fotos.photoslibrary/resources/derivatives/masters/C/C620D9F2-B3E9-4815-9F87-3BDCB2A01D5C_4_5005_c.jpeg"
    ],
    "ultima_modificacion": "2025-08-01 01:01:13.528517"
  },
  "cebc352aa84d4de39832c5b28d2b2b3445005c.jpeg": {
    "app_sintetizada": "CEBC352AA84D4DE39832C5B28D2B2B3445005C.JPEG",
    "cantidad_archivos": 1,
    "archivos_fuente": [
      "Pictures/Fototeca de Fotos.photoslibrary/resources/derivatives/masters/C/CEBC352A-A84D-4DE3-9832-C5B28D2B2B34_4_5005_c.jpeg"
    ],
    "ultima_modificacion": "2025-08-01 01:01:13.532889"
  },
  "c74fdec1cc6f49b3a8ba654c26a80e4b45005c.jpeg": {
    "app_sintetizada": "C74FDEC1CC6F49B3A8BA654C26A80E4B45005C.JPEG",
    "cantidad_archivos": 1,
    "archivos_fuente": [
      "Pictures/Fototeca de Fotos.photoslibrary/resources/derivatives/masters/C/C74FDEC1-CC6F-49B3-A8BA-654C26A80E4B_4_5005_c.jpeg"
    ],
    "ultima_modificacion": "2025-08-01 01:01:13.533748"
  },
  "c14cf252337b4538af6a04233b761df645005c.jpeg": {
    "app_sintetizada": "C14CF252337B4538AF6A04233B761DF645005C.JPEG",
    "cantidad_archivos": 1,
    "archivos_fuente": [
      "Pictures/Fototeca de Fotos.photoslibrary/resources/derivatives/masters/C/C14CF252-337B-4538-AF6A-04233B761DF6_4_5005_c.jpeg"
    ],
    "ultima_modificacion": "2025-08-01 01:01:13.534282"
  },
  "cf6eddadc0f24a3f8affc84ad253af0545005c.jpeg": {
    "app_sintetizada": "CF6EDDADC0F24A3F8AFFC84AD253AF0545005C.JPEG",
    "cantidad_archivos": 1,
    "archivos_fuente": [
      "Pictures/Fototeca de Fotos.photoslibrary/resources/derivatives/masters/C/CF6EDDAD-C0F2-4A3F-8AFF-C84AD253AF05_4_5005_c.jpeg"
    ],
    "ultima_modificacion": "2025-08-01 01:01:13.550326"
  },
  "c5a878d0aac94893aa49616a602b070d45005c.jpeg": {
    "app_sintetizada": "C5A878D0AAC94893AA49616A602B070D45005C.JPEG",
    "cantidad_archivos": 1,
    "archivos_fuente": [
      "Pictures/Fototeca de Fotos.photoslibrary/resources/derivatives/masters/C/C5A878D0-AAC9-4893-AA49-616A602B070D_4_5005_c.jpeg"
    ],
    "ultima_modificacion": "2025-08-01 01:01:13.552780"
  },
  "c7973f503dbf4b37a0d9e4706e0a6ffc45005c.jpeg": {
    "app_sintetizada": "C7973F503DBF4B37A0D9E4706E0A6FFC45005C.JPEG",
    "cantidad_archivos": 1,
    "archivos_fuente": [
      "Pictures/Fototeca de Fotos.photoslibrary/resources/derivatives/masters/C/C7973F50-3DBF-4B37-A0D9-E4706E0A6FFC_4_5005_c.jpeg"
    ],
    "ultima_modificacion": "2025-08-01 01:01:13.556591"
  },
  "c334d9976d824d459c030efa965ed5e145005c.jpeg": {
    "app_sintetizada": "C334D9976D824D459C030EFA965ED5E145005C.JPEG",
    "cantidad_archivos": 1,
    "archivos_fuente": [
      "Pictures/Fototeca de Fotos.photoslibrary/resources/derivatives/masters/C/C334D997-6D82-4D45-9C03-0EFA965ED5E1_4_5005_c.jpeg"
    ],
    "ultima_modificacion": "2025-08-01 01:01:13.558846"
  },
  "ca07e767553c4bf3803738c016295a0e45005c.jpeg": {
    "app_sintetizada": "CA07E767553C4BF3803738C016295A0E45005C.JPEG",
    "cantidad_archivos": 1,
    "archivos_fuente": [
      "Pictures/Fototeca de Fotos.photoslibrary/resources/derivatives/masters/C/CA07E767-553C-4BF3-8037-38C016295A0E_4_5005_c.jpeg"
    ],
    "ultima_modificacion": "2025-08-01 01:01:13.559511"
  },
  "c419d1b0478b488681a6c20683372b2b45005c.jpeg": {
    "app_sintetizada": "C419D1B0478B488681A6C20683372B2B45005C.JPEG",
    "cantidad_archivos": 1,
    "archivos_fuente": [
      "Pictures/Fototeca de Fotos.photoslibrary/resources/derivatives/masters/C/C419D1B0-478B-4886-81A6-C20683372B2B_4_5005_c.jpeg"
    ],
    "ultima_modificacion": "2025-08-01 01:01:13.560589"
  },
  "c8fe03d557c34bc1b4b1a940e63902bb45005c.jpeg": {
    "app_sintetizada": "C8FE03D557C34BC1B4B1A940E63902BB45005C.JPEG",
    "cantidad_archivos": 1,
    "archivos_fuente": [
      "Pictures/Fototeca de Fotos.photoslibrary/resources/derivatives/masters/C/C8FE03D5-57C3-4BC1-B4B1-A940E63902BB_4_5005_c.jpeg"
    ],
    "ultima_modificacion": "2025-08-01 01:01:13.561309"
  },
  "cf2dc589770e4c6e8a54d0e8216df7a145005c.jpeg": {
    "app_sintetizada": "CF2DC589770E4C6E8A54D0E8216DF7A145005C.JPEG",
    "cantidad_archivos": 1,
    "archivos_fuente": [
      "Pictures/Fototeca de Fotos.photoslibrary/resources/derivatives/masters/C/CF2DC589-770E-4C6E-8A54-D0E8216DF7A1_4_5005_c.jpeg"
    ],
    "ultima_modificacion": "2025-08-01 01:01:13.563782"
  },
  "ca922d2b7f4c4bc89343dab199a6d71445005c.jpeg": {
    "app_sintetizada": "CA922D2B7F4C4BC89343DAB199A6D71445005C.JPEG",
    "cantidad_archivos": 1,
    "archivos_fuente": [
      "Pictures/Fototeca de Fotos.photoslibrary/resources/derivatives/masters/C/CA922D2B-7F4C-4BC8-9343-DAB199A6D714_4_5005_c.jpeg"
    ],
    "ultima_modificacion": "2025-08-01 01:01:13.564618"
  },
  "c6277ad0a4d643a9966f09a97cc5dd8e45005c.jpeg": {
    "app_sintetizada": "C6277AD0A4D643A9966F09A97CC5DD8E45005C.JPEG",
    "cantidad_archivos": 1,
    "archivos_fuente": [
      "Pictures/Fototeca de Fotos.photoslibrary/resources/derivatives/masters/C/C6277AD0-A4D6-43A9-966F-09A97CC5DD8E_4_5005_c.jpeg"
    ],
    "ultima_modificacion": "2025-08-01 01:01:13.569486"
  },
  "cd5e10753c38434e957b72f842c79cb245005c.jpeg": {
    "app_sintetizada": "CD5E10753C38434E957B72F842C79CB245005C.JPEG",
    "cantidad_archivos": 1,
    "archivos_fuente": [
      "Pictures/Fototeca de Fotos.photoslibrary/resources/derivatives/masters/C/CD5E1075-3C38-434E-957B-72F842C79CB2_4_5005_c.jpeg"
    ],
    "ultima_modificacion": "2025-08-01 01:01:13.573070"
  },
  "c4a2243c486f41beadb41146b3dd9a6345005c.jpeg": {
    "app_sintetizada": "C4A2243C486F41BEADB41146B3DD9A6345005C.JPEG",
    "cantidad_archivos": 1,
    "archivos_fuente": [
      "Pictures/Fototeca de Fotos.photoslibrary/resources/derivatives/masters/C/C4A2243C-486F-41BE-ADB4-1146B3DD9A63_4_5005_c.jpeg"
    ],
    "ultima_modificacion": "2025-08-01 01:01:13.576026"
  },
  "caf87120adbe4f81a9418d059a105f0445005c.jpeg": {
    "app_sintetizada": "CAF87120ADBE4F81A9418D059A105F0445005C.JPEG",
    "cantidad_archivos": 1,
    "archivos_fuente": [
      "Pictures/Fototeca de Fotos.photoslibrary/resources/derivatives/masters/C/CAF87120-ADBE-4F81-A941-8D059A105F04_4_5005_c.jpeg"
    ],
    "ultima_modificacion": "2025-08-01 01:01:13.576547"
  },
  "c4eb113e07ba43c385328be5f16029a845005c.jpeg": {
    "app_sintetizada": "C4EB113E07BA43C385328BE5F16029A845005C.JPEG",
    "cantidad_archivos": 1,
    "archivos_fuente": [
      "Pictures/Fototeca de Fotos.photoslibrary/resources/derivatives/masters/C/C4EB113E-07BA-43C3-8532-8BE5F16029A8_4_5005_c.jpeg"
    ],
    "ultima_modificacion": "2025-08-01 01:01:13.582255"
  },
  "c6b332771e9340c6a9fe06632212f5ff45005c.jpeg": {
    "app_sintetizada": "C6B332771E9340C6A9FE06632212F5FF45005C.JPEG",
    "cantidad_archivos": 1,
    "archivos_fuente": [
      "Pictures/Fototeca de Fotos.photoslibrary/resources/derivatives/masters/C/C6B33277-1E93-40C6-A9FE-06632212F5FF_4_5005_c.jpeg"
    ],
    "ultima_modificacion": "2025-08-01 01:01:13.582935"
  },
  "c8a2a34d7cf5469494c988b68974e49a45005c.jpeg": {
    "app_sintetizada": "C8A2A34D7CF5469494C988B68974E49A45005C.JPEG",
    "cantidad_archivos": 1,
    "archivos_fuente": [
      "Pictures/Fototeca de Fotos.photoslibrary/resources/derivatives/masters/C/C8A2A34D-7CF5-4694-94C9-88B68974E49A_4_5005_c.jpeg"
    ],
    "ultima_modificacion": "2025-08-01 01:01:13.585347"
  },
  "cdc6d51d7a3a456f8f050305078c580d45005c.jpeg": {
    "app_sintetizada": "CDC6D51D7A3A456F8F050305078C580D45005C.JPEG",
    "cantidad_archivos": 1,
    "archivos_fuente": [
      "Pictures/Fototeca de Fotos.photoslibrary/resources/derivatives/masters/C/CDC6D51D-7A3A-456F-8F05-0305078C580D_4_5005_c.jpeg"
    ],
    "ultima_modificacion": "2025-08-01 01:01:13.586003"
  },
  "cecb54670c0b4a0f978376c6ff3069bc45005c.jpeg": {
    "app_sintetizada": "CECB54670C0B4A0F978376C6FF3069BC45005C.JPEG",
    "cantidad_archivos": 1,
    "archivos_fuente": [
      "Pictures/Fototeca de Fotos.photoslibrary/resources/derivatives/masters/C/CECB5467-0C0B-4A0F-9783-76C6FF3069BC_4_5005_c.jpeg"
    ],
    "ultima_modificacion": "2025-08-01 01:01:13.590870"
  },
  "cd2f830506914576b34693ca4a5acb5245005c.jpeg": {
    "app_sintetizada": "CD2F830506914576B34693CA4A5ACB5245005C.JPEG",
    "cantidad_archivos": 1,
    "archivos_fuente": [
      "Pictures/Fototeca de Fotos.photoslibrary/resources/derivatives/masters/C/CD2F8305-0691-4576-B346-93CA4A5ACB52_4_5005_c.jpeg"
    ],
    "ultima_modificacion": "2025-08-01 01:01:13.591703"
  },
  "c5be261d09434f5cb4f686d8e27de6e445005c.jpeg": {
    "app_sintetizada": "C5BE261D09434F5CB4F686D8E27DE6E445005C.JPEG",
    "cantidad_archivos": 1,
    "archivos_fuente": [
      "Pictures/Fototeca de Fotos.photoslibrary/resources/derivatives/masters/C/C5BE261D-0943-4F5C-B4F6-86D8E27DE6E4_4_5005_c.jpeg"
    ],
    "ultima_modificacion": "2025-08-01 01:01:13.598499"
  },
  "c6db26c745de4aeb8f71e387e79f045745005c.jpeg": {
    "app_sintetizada": "C6DB26C745DE4AEB8F71E387E79F045745005C.JPEG",
    "cantidad_archivos": 1,
    "archivos_fuente": [
      "Pictures/Fototeca de Fotos.photoslibrary/resources/derivatives/masters/C/C6DB26C7-45DE-4AEB-8F71-E387E79F0457_4_5005_c.jpeg"
    ],
    "ultima_modificacion": "2025-08-01 01:01:13.600788"
  },
  "c8fdfd58c1654de080b669bbd1922e9045005c.jpeg": {
    "app_sintetizada": "C8FDFD58C1654DE080B669BBD1922E9045005C.JPEG",
    "cantidad_archivos": 1,
    "archivos_fuente": [
      "Pictures/Fototeca de Fotos.photoslibrary/resources/derivatives/masters/C/C8FDFD58-C165-4DE0-80B6-69BBD1922E90_4_5005_c.jpeg"
    ],
    "ultima_modificacion": "2025-08-01 01:01:13.601290"
  },
  "ce5df78b59af41618f13f50af3c9455845005c.jpeg": {
    "app_sintetizada": "CE5DF78B59AF41618F13F50AF3C9455845005C.JPEG",
    "cantidad_archivos": 1,
    "archivos_fuente": [
      "Pictures/Fototeca de Fotos.photoslibrary/resources/derivatives/masters/C/CE5DF78B-59AF-4161-8F13-F50AF3C94558_4_5005_c.jpeg"
    ],
    "ultima_modificacion": "2025-08-01 01:01:13.601711"
  },
  "cbdd6c6740d44abcbd1039af34a2f4f045005c.jpeg": {
    "app_sintetizada": "CBDD6C6740D44ABCBD1039AF34A2F4F045005C.JPEG",
    "cantidad_archivos": 1,
    "archivos_fuente": [
      "Pictures/Fototeca de Fotos.photoslibrary/resources/derivatives/masters/C/CBDD6C67-40D4-4ABC-BD10-39AF34A2F4F0_4_5005_c.jpeg"
    ],
    "ultima_modificacion": "2025-08-01 01:01:13.609652"
  },
  "c133213b634847338927b497be90485045005c.jpeg": {
    "app_sintetizada": "C133213B634847338927B497BE90485045005C.JPEG",
    "cantidad_archivos": 1,
    "archivos_fuente": [
      "Pictures/Fototeca de Fotos.photoslibrary/resources/derivatives/masters/C/C133213B-6348-4733-8927-B497BE904850_4_5005_c.jpeg"
    ],
    "ultima_modificacion": "2025-08-01 01:01:13.610270"
  },
  "cba82db94dc14275b948588bd19be74c45005c.jpeg": {
    "app_sintetizada": "CBA82DB94DC14275B948588BD19BE74C45005C.JPEG",
    "cantidad_archivos": 1,
    "archivos_fuente": [
      "Pictures/Fototeca de Fotos.photoslibrary/resources/derivatives/masters/C/CBA82DB9-4DC1-4275-B948-588BD19BE74C_4_5005_c.jpeg"
    ],
    "ultima_modificacion": "2025-08-01 01:01:13.612020"
  },
  "cfd8aad5e0914ba1a21f933c5f8b767245005c.jpeg": {
    "app_sintetizada": "CFD8AAD5E0914BA1A21F933C5F8B767245005C.JPEG",
    "cantidad_archivos": 1,
    "archivos_fuente": [
      "Pictures/Fototeca de Fotos.photoslibrary/resources/derivatives/masters/C/CFD8AAD5-E091-4BA1-A21F-933C5F8B7672_4_5005_c.jpeg"
    ],
    "ultima_modificacion": "2025-08-01 01:01:13.612498"
  },
  "c8224d5de61e40f88909087986220b4745005c.jpeg": {
    "app_sintetizada": "C8224D5DE61E40F88909087986220B4745005C.JPEG",
    "cantidad_archivos": 1,
    "archivos_fuente": [
      "Pictures/Fototeca de Fotos.photoslibrary/resources/derivatives/masters/C/C8224D5D-E61E-40F8-8909-087986220B47_4_5005_c.jpeg"
    ],
    "ultima_modificacion": "2025-08-01 01:01:13.612888"
  },
  "c2b3495a94b949768e90a6993204064645005c.jpeg": {
    "app_sintetizada": "C2B3495A94B949768E90A6993204064645005C.JPEG",
    "cantidad_archivos": 1,
    "archivos_fuente": [
      "Pictures/Fototeca de Fotos.photoslibrary/resources/derivatives/masters/C/C2B3495A-94B9-4976-8E90-A69932040646_4_5005_c.jpeg"
    ],
    "ultima_modificacion": "2025-08-01 01:01:13.613255"
  },
  "c78b30d14a754ea6aa0013cc757a0f8e45005c.jpeg": {
    "app_sintetizada": "C78B30D14A754EA6AA0013CC757A0F8E45005C.JPEG",
    "cantidad_archivos": 1,
    "archivos_fuente": [
      "Pictures/Fototeca de Fotos.photoslibrary/resources/derivatives/masters/C/C78B30D1-4A75-4EA6-AA00-13CC757A0F8E_4_5005_c.jpeg"
    ],
    "ultima_modificacion": "2025-08-01 01:01:13.613619"
  },
  "cbcd43b3a5f44946b46d0c603b5cad4b45005c.jpeg": {
    "app_sintetizada": "CBCD43B3A5F44946B46D0C603B5CAD4B45005C.JPEG",
    "cantidad_archivos": 1,
    "archivos_fuente": [
      "Pictures/Fototeca de Fotos.photoslibrary/resources/derivatives/masters/C/CBCD43B3-A5F4-4946-B46D-0C603B5CAD4B_4_5005_c.jpeg"
    ],
    "ultima_modificacion": "2025-08-01 01:01:13.613997"
  },
  "ccc565d58a324954abba9d0bcd80c70c45005c.jpeg": {
    "app_sintetizada": "CCC565D58A324954ABBA9D0BCD80C70C45005C.JPEG",
    "cantidad_archivos": 1,
    "archivos_fuente": [
      "Pictures/Fototeca de Fotos.photoslibrary/resources/derivatives/masters/C/CCC565D5-8A32-4954-ABBA-9D0BCD80C70C_4_5005_c.jpeg"
    ],
    "ultima_modificacion": "2025-08-01 01:01:13.614353"
  },
  "ca43657b51314446af8432a00870cb0945005c.jpeg": {
    "app_sintetizada": "CA43657B51314446AF8432A00870CB0945005C.JPEG",
    "cantidad_archivos": 1,
    "archivos_fuente": [
      "Pictures/Fototeca de Fotos.photoslibrary/resources/derivatives/masters/C/CA43657B-5131-4446-AF84-32A00870CB09_4_5005_c.jpeg"
    ],
    "ultima_modificacion": "2025-08-01 01:01:13.614759"
  },
  "c00c637815bd4859a1f994230ba7309945005c.jpeg": {
    "app_sintetizada": "C00C637815BD4859A1F994230BA7309945005C.JPEG",
    "cantidad_archivos": 1,
    "archivos_fuente": [
      "Pictures/Fototeca de Fotos.photoslibrary/resources/derivatives/masters/C/C00C6378-15BD-4859-A1F9-94230BA73099_4_5005_c.jpeg"
    ],
    "ultima_modificacion": "2025-08-01 01:01:13.615114"
  },
  "cae608a957f44ed08556b1970c1f457a45005c.jpeg": {
    "app_sintetizada": "CAE608A957F44ED08556B1970C1F457A45005C.JPEG",
    "cantidad_archivos": 1,
    "archivos_fuente": [
      "Pictures/Fototeca de Fotos.photoslibrary/resources/derivatives/masters/C/CAE608A9-57F4-4ED0-8556-B1970C1F457A_4_5005_c.jpeg"
    ],
    "ultima_modificacion": "2025-08-01 01:01:13.615473"
  },
  "c85127cc2c4149fa8826643baa91cd6945005c.jpeg": {
    "app_sintetizada": "C85127CC2C4149FA8826643BAA91CD6945005C.JPEG",
    "cantidad_archivos": 1,
    "archivos_fuente": [
      "Pictures/Fototeca de Fotos.photoslibrary/resources/derivatives/masters/C/C85127CC-2C41-49FA-8826-643BAA91CD69_4_5005_c.jpeg"
    ],
    "ultima_modificacion": "2025-08-01 01:01:13.615820"
  },
  "cb8198350c094294bec5f93bb095bc4245005c.jpeg": {
    "app_sintetizada": "CB8198350C094294BEC5F93BB095BC4245005C.JPEG",
    "cantidad_archivos": 1,
    "archivos_fuente": [
      "Pictures/Fototeca de Fotos.photoslibrary/resources/derivatives/masters/C/CB819835-0C09-4294-BEC5-F93BB095BC42_4_5005_c.jpeg"
    ],
    "ultima_modificacion": "2025-08-01 01:01:13.616122"
  }
}