{
  "1bf1c09c1c5f416a928fb2802edc052c45005c.jpeg": {
    "app_sintetizada": "1BF1C09C1C5F416A928FB2802EDC052C45005C.JPEG",
    "cantidad_archivos": 1,
    "archivos_fuente": [
      "Pictures/Fototeca de Fotos.photoslibrary/resources/derivatives/masters/1/1BF1C09C-1C5F-416A-928F-B2802EDC052C_4_5005_c.jpeg"
    ],
    "ultima_modificacion": "2025-08-01 01:01:09.429859"
  },
  "1a42fe6980a74429a799ba006567c9d945005c.jpeg": {
    "app_sintetizada": "1A42FE6980A74429A799BA006567C9D945005C.JPEG",
    "cantidad_archivos": 1,
    "archivos_fuente": [
      "Pictures/Fototeca de Fotos.photoslibrary/resources/derivatives/masters/1/1A42FE69-80A7-4429-A799-BA006567C9D9_4_5005_c.jpeg"
    ],
    "ultima_modificacion": "2025-08-01 01:01:09.430062"
  },
  "1c3e59ec1d8b455dbe1ac910dd38ebc945005c.jpeg": {
    "app_sintetizada": "1C3E59EC1D8B455DBE1AC910DD38EBC945005C.JPEG",
    "cantidad_archivos": 1,
    "archivos_fuente": [
      "Pictures/Fototeca de Fotos.photoslibrary/resources/derivatives/masters/1/1C3E59EC-1D8B-455D-BE1A-C910DD38EBC9_4_5005_c.jpeg"
    ],
    "ultima_modificacion": "2025-08-01 01:01:09.430252"
  },
  "175ba1280daf4ef8aa3c6d10262c49f645005c.jpeg": {
    "app_sintetizada": "175BA1280DAF4EF8AA3C6D10262C49F645005C.JPEG",
    "cantidad_archivos": 1,
    "archivos_fuente": [
      "Pictures/Fototeca de Fotos.photoslibrary/resources/derivatives/masters/1/175BA128-0DAF-4EF8-AA3C-6D10262C49F6_4_5005_c.jpeg"
    ],
    "ultima_modificacion": "2025-08-01 01:01:09.430448"
  },
  "19d0364af5b540e3af578691d104ca7c45005c.jpeg": {
    "app_sintetizada": "19D0364AF5B540E3AF578691D104CA7C45005C.JPEG",
    "cantidad_archivos": 1,
    "archivos_fuente": [
      "Pictures/Fototeca de Fotos.photoslibrary/resources/derivatives/masters/1/19D0364A-F5B5-40E3-AF57-8691D104CA7C_4_5005_c.jpeg"
    ],
    "ultima_modificacion": "2025-08-01 01:01:09.430632"
  },
  "180814ffe20145288fbb3203b899397045005c.jpeg": {
    "app_sintetizada": "180814FFE20145288FBB3203B899397045005C.JPEG",
    "cantidad_archivos": 1,
    "archivos_fuente": [
      "Pictures/Fototeca de Fotos.photoslibrary/resources/derivatives/masters/1/180814FF-E201-4528-8FBB-3203B8993970_4_5005_c.jpeg"
    ],
    "ultima_modificacion": "2025-08-01 01:01:09.430824"
  },
  "19bc21445f8f4e43860e6034ac3c792045005c.jpeg": {
    "app_sintetizada": "19BC21445F8F4E43860E6034AC3C792045005C.JPEG",
    "cantidad_archivos": 1,
    "archivos_fuente": [
      "Pictures/Fototeca de Fotos.photoslibrary/resources/derivatives/masters/1/19BC2144-5F8F-4E43-860E-6034AC3C7920_4_5005_c.jpeg"
    ],
    "ultima_modificacion": "2025-08-01 01:01:09.431007"
  },
  "1a317d882e56486e9e354811a945c46945005c.jpeg": {
    "app_sintetizada": "1A317D882E56486E9E354811A945C46945005C.JPEG",
    "cantidad_archivos": 1,
    "archivos_fuente": [
      "Pictures/Fototeca de Fotos.photoslibrary/resources/derivatives/masters/1/1A317D88-2E56-486E-9E35-4811A945C469_4_5005_c.jpeg"
    ],
    "ultima_modificacion": "2025-08-01 01:01:09.431236"
  },
  "14e571db7218458c8b815784aa88386145005c.jpeg": {
    "app_sintetizada": "14E571DB7218458C8B815784AA88386145005C.JPEG",
    "cantidad_archivos": 1,
    "archivos_fuente": [
      "Pictures/Fototeca de Fotos.photoslibrary/resources/derivatives/masters/1/14E571DB-7218-458C-8B81-5784AA883861_4_5005_c.jpeg"
    ],
    "ultima_modificacion": "2025-08-01 01:01:09.431423"
  },
  "19930dd5b6db424aba2ef849a1b8ccea45005c.jpeg": {
    "app_sintetizada": "19930DD5B6DB424ABA2EF849A1B8CCEA45005C.JPEG",
    "cantidad_archivos": 1,
    "archivos_fuente": [
      "Pictures/Fototeca de Fotos.photoslibrary/resources/derivatives/masters/1/19930DD5-B6DB-424A-BA2E-F849A1B8CCEA_4_5005_c.jpeg"
    ],
    "ultima_modificacion": "2025-08-01 01:01:09.431610"
  },
  "10926fc7cc544334ab30e721f4f321e145005c.jpeg": {
    "app_sintetizada": "10926FC7CC544334AB30E721F4F321E145005C.JPEG",
    "cantidad_archivos": 1,
    "archivos_fuente": [
      "Pictures/Fototeca de Fotos.photoslibrary/resources/derivatives/masters/1/10926FC7-CC54-4334-AB30-E721F4F321E1_4_5005_c.jpeg"
    ],
    "ultima_modificacion": "2025-08-01 01:01:09.431822"
  },
  "1f67d596007545c4aac39c0295532eb145005c.jpeg": {
    "app_sintetizada": "1F67D596007545C4AAC39C0295532EB145005C.JPEG",
    "cantidad_archivos": 1,
    "archivos_fuente": [
      "Pictures/Fototeca de Fotos.photoslibrary/resources/derivatives/masters/1/1F67D596-0075-45C4-AAC3-9C0295532EB1_4_5005_c.jpeg"
    ],
    "ultima_modificacion": "2025-08-01 01:01:09.432122"
  },
  "1877bd05fac647179ec8b7bfc8f63ce645005c.jpeg": {
    "app_sintetizada": "1877BD05FAC647179EC8B7BFC8F63CE645005C.JPEG",
    "cantidad_archivos": 1,
    "archivos_fuente": [
      "Pictures/Fototeca de Fotos.photoslibrary/resources/derivatives/masters/1/1877BD05-FAC6-4717-9EC8-B7BFC8F63CE6_4_5005_c.jpeg"
    ],
    "ultima_modificacion": "2025-08-01 01:01:09.432388"
  },
  "1a52477004824e5db2dd9b91ac30922245005c.jpeg": {
    "app_sintetizada": "1A52477004824E5DB2DD9B91AC30922245005C.JPEG",
    "cantidad_archivos": 1,
    "archivos_fuente": [
      "Pictures/Fototeca de Fotos.photoslibrary/resources/derivatives/masters/1/1A524770-0482-4E5D-B2DD-9B91AC309222_4_5005_c.jpeg"
    ],
    "ultima_modificacion": "2025-08-01 01:01:09.432675"
  },
  "18673ec4b1d145ada4f0eb6694c3f7ad45005c.jpeg": {
    "app_sintetizada": "18673EC4B1D145ADA4F0EB6694C3F7AD45005C.JPEG",
    "cantidad_archivos": 1,
    "archivos_fuente": [
      "Pictures/Fototeca de Fotos.photoslibrary/resources/derivatives/masters/1/18673EC4-B1D1-45AD-A4F0-EB6694C3F7AD_4_5005_c.jpeg"
    ],
    "ultima_modificacion": "2025-08-01 01:01:09.432883"
  },
  "111a1a43e62c4682a1a4491b507ffdaa45005c.jpeg": {
    "app_sintetizada": "111A1A43E62C4682A1A4491B507FFDAA45005C.JPEG",
    "cantidad_archivos": 1,
    "archivos_fuente": [
      "Pictures/Fototeca de Fotos.photoslibrary/resources/derivatives/masters/1/111A1A43-E62C-4682-A1A4-491B507FFDAA_4_5005_c.jpeg"
    ],
    "ultima_modificacion": "2025-08-01 01:01:09.433083"
  },
  "17db015081f447db8270fb67518e42e945005c.jpeg": {
    "app_sintetizada": "17DB015081F447DB8270FB67518E42E945005C.JPEG",
    "cantidad_archivos": 1,
    "archivos_fuente": [
      "Pictures/Fototeca de Fotos.photoslibrary/resources/derivatives/masters/1/17DB0150-81F4-47DB-8270-FB67518E42E9_4_5005_c.jpeg"
    ],
    "ultima_modificacion": "2025-08-01 01:01:09.433277"
  },
  "170c9cc2bce34a9db8cd93263eb8944845005c.jpeg": {
    "app_sintetizada": "170C9CC2BCE34A9DB8CD93263EB8944845005C.JPEG",
    "cantidad_archivos": 1,
    "archivos_fuente": [
      "Pictures/Fototeca de Fotos.photoslibrary/resources/derivatives/masters/1/170C9CC2-BCE3-4A9D-B8CD-93263EB89448_4_5005_c.jpeg"
    ],
    "ultima_modificacion": "2025-08-01 01:01:09.433476"
  },
  "19376d7308c04c12913dc74d22f043fe45005c.jpeg": {
    "app_sintetizada": "19376D7308C04C12913DC74D22F043FE45005C.JPEG",
    "cantidad_archivos": 1,
    "archivos_fuente": [
      "Pictures/Fototeca de Fotos.photoslibrary/resources/derivatives/masters/1/19376D73-08C0-4C12-913D-C74D22F043FE_4_5005_c.jpeg"
    ],
    "ultima_modificacion": "2025-08-01 01:01:09.433659"
  },
  "15c5b07d9fb540f0bed7d4d551505c3845005c.jpeg": {
    "app_sintetizada": "15C5B07D9FB540F0BED7D4D551505C3845005C.JPEG",
    "cantidad_archivos": 1,
    "archivos_fuente": [
      "Pictures/Fototeca de Fotos.photoslibrary/resources/derivatives/masters/1/15C5B07D-9FB5-40F0-BED7-D4D551505C38_4_5005_c.jpeg"
    ],
    "ultima_modificacion": "2025-08-01 01:01:09.433852"
  },
  "1ade16e1728c4b53a65c163f507bee0545005c.jpeg": {
    "app_sintetizada": "1ADE16E1728C4B53A65C163F507BEE0545005C.JPEG",
    "cantidad_archivos": 1,
    "archivos_fuente": [
      "Pictures/Fototeca de Fotos.photoslibrary/resources/derivatives/masters/1/1ADE16E1-728C-4B53-A65C-163F507BEE05_4_5005_c.jpeg"
    ],
    "ultima_modificacion": "2025-08-01 01:01:09.434041"
  },
  "1e9a436d1a4d4fdda033e8d084dfe2ff45005c.jpeg": {
    "app_sintetizada": "1E9A436D1A4D4FDDA033E8D084DFE2FF45005C.JPEG",
    "cantidad_archivos": 1,
    "archivos_fuente": [
      "Pictures/Fototeca de Fotos.photoslibrary/resources/derivatives/masters/1/1E9A436D-1A4D-4FDD-A033-E8D084DFE2FF_4_5005_c.jpeg"
    ],
    "ultima_modificacion": "2025-08-01 01:01:09.434231"
  },
  "177d45eea3f24d0bbce5676ca35012ea45005c.jpeg": {
    "app_sintetizada": "177D45EEA3F24D0BBCE5676CA35012EA45005C.JPEG",
    "cantidad_archivos": 1,
    "archivos_fuente": [
      "Pictures/Fototeca de Fotos.photoslibrary/resources/derivatives/masters/1/177D45EE-A3F2-4D0B-BCE5-676CA35012EA_4_5005_c.jpeg"
    ],
    "ultima_modificacion": "2025-08-01 01:01:09.434415"
  },
  "19b9f3e6279d460ea37687914c09e18a45005c.jpeg": {
    "app_sintetizada": "19B9F3E6279D460EA37687914C09E18A45005C.JPEG",
    "cantidad_archivos": 1,
    "archivos_fuente": [
      "Pictures/Fototeca de Fotos.photoslibrary/resources/derivatives/masters/1/19B9F3E6-279D-460E-A376-87914C09E18A_4_5005_c.jpeg"
    ],
    "ultima_modificacion": "2025-08-01 01:01:09.434598"
  },
  "1e416125f7c8437b964f5bc7b8f04db945005c.jpeg": {
    "app_sintetizada": "1E416125F7C8437B964F5BC7B8F04DB945005C.JPEG",
    "cantidad_archivos": 1,
    "archivos_fuente": [
      "Pictures/Fototeca de Fotos.photoslibrary/resources/derivatives/masters/1/1E416125-F7C8-437B-964F-5BC7B8F04DB9_4_5005_c.jpeg"
    ],
    "ultima_modificacion": "2025-08-01 01:01:09.434785"
  },
  "104a2e1613f44567b7bccbe38ae9606a45005c.jpeg": {
    "app_sintetizada": "104A2E1613F44567B7BCCBE38AE9606A45005C.JPEG",
    "cantidad_archivos": 1,
    "archivos_fuente": [
      "Pictures/Fototeca de Fotos.photoslibrary/resources/derivatives/masters/1/104A2E16-13F4-4567-B7BC-CBE38AE9606A_4_5005_c.jpeg"
    ],
    "ultima_modificacion": "2025-08-01 01:01:09.435072"
  },
  "14613c06ac0c4279a5f9dd7cc13ca1c645005c.jpeg": {
    "app_sintetizada": "14613C06AC0C4279A5F9DD7CC13CA1C645005C.JPEG",
    "cantidad_archivos": 1,
    "archivos_fuente": [
      "Pictures/Fototeca de Fotos.photoslibrary/resources/derivatives/masters/1/14613C06-AC0C-4279-A5F9-DD7CC13CA1C6_4_5005_c.jpeg"
    ],
    "ultima_modificacion": "2025-08-01 01:01:09.435337"
  },
  "110c09ad1e57408d90c68e4ba588334f45005c.jpeg": {
    "app_sintetizada": "110C09AD1E57408D90C68E4BA588334F45005C.JPEG",
    "cantidad_archivos": 1,
    "archivos_fuente": [
      "Pictures/Fototeca de Fotos.photoslibrary/resources/derivatives/masters/1/110C09AD-1E57-408D-90C6-8E4BA588334F_4_5005_c.jpeg"
    ],
    "ultima_modificacion": "2025-08-01 01:01:09.435639"
  },
  "1deda0586e4e45918b67f88bd0563ee445005c.jpeg": {
    "app_sintetizada": "1DEDA0586E4E45918B67F88BD0563EE445005C.JPEG",
    "cantidad_archivos": 1,
    "archivos_fuente": [
      "Pictures/Fototeca de Fotos.photoslibrary/resources/derivatives/masters/1/1DEDA058-6E4E-4591-8B67-F88BD0563EE4_4_5005_c.jpeg"
    ],
    "ultima_modificacion": "2025-08-01 01:01:09.435985"
  },
  "16965e038782490fb6d7cbff225c802f45005c.jpeg": {
    "app_sintetizada": "16965E038782490FB6D7CBFF225C802F45005C.JPEG",
    "cantidad_archivos": 1,
    "archivos_fuente": [
      "Pictures/Fototeca de Fotos.photoslibrary/resources/derivatives/masters/1/16965E03-8782-490F-B6D7-CBFF225C802F_4_5005_c.jpeg"
    ],
    "ultima_modificacion": "2025-08-01 01:01:09.436256"
  },
  "1ac0f7d872b04420bc514dcc52aedd9d45005c.jpeg": {
    "app_sintetizada": "1AC0F7D872B04420BC514DCC52AEDD9D45005C.JPEG",
    "cantidad_archivos": 1,
    "archivos_fuente": [
      "Pictures/Fototeca de Fotos.photoslibrary/resources/derivatives/masters/1/1AC0F7D8-72B0-4420-BC51-4DCC52AEDD9D_4_5005_c.jpeg"
    ],
    "ultima_modificacion": "2025-08-01 01:01:09.436572"
  },
  "17b001f57e0a4566850b22f574b362c245005c.jpeg": {
    "app_sintetizada": "17B001F57E0A4566850B22F574B362C245005C.JPEG",
    "cantidad_archivos": 1,
    "archivos_fuente": [
      "Pictures/Fototeca de Fotos.photoslibrary/resources/derivatives/masters/1/17B001F5-7E0A-4566-850B-22F574B362C2_4_5005_c.jpeg"
    ],
    "ultima_modificacion": "2025-08-01 01:01:09.436856"
  },
  "123ef2aa5913402689a31707f75511c245005c.jpeg": {
    "app_sintetizada": "123EF2AA5913402689A31707F75511C245005C.JPEG",
    "cantidad_archivos": 1,
    "archivos_fuente": [
      "Pictures/Fototeca de Fotos.photoslibrary/resources/derivatives/masters/1/123EF2AA-5913-4026-89A3-1707F75511C2_4_5005_c.jpeg"
    ],
    "ultima_modificacion": "2025-08-01 01:01:09.437148"
  },
  "140574fad7024365b6a3e6ab96b05ccb45005c.jpeg": {
    "app_sintetizada": "140574FAD7024365B6A3E6AB96B05CCB45005C.JPEG",
    "cantidad_archivos": 1,
    "archivos_fuente": [
      "Pictures/Fototeca de Fotos.photoslibrary/resources/derivatives/masters/1/140574FA-D702-4365-B6A3-E6AB96B05CCB_4_5005_c.jpeg"
    ],
    "ultima_modificacion": "2025-08-01 01:01:09.437591"
  },
  "10c0c47801db4fb4a22373ffb20b8df645005c.jpeg": {
    "app_sintetizada": "10C0C47801DB4FB4A22373FFB20B8DF645005C.JPEG",
    "cantidad_archivos": 1,
    "archivos_fuente": [
      "Pictures/Fototeca de Fotos.photoslibrary/resources/derivatives/masters/1/10C0C478-01DB-4FB4-A223-73FFB20B8DF6_4_5005_c.jpeg"
    ],
    "ultima_modificacion": "2025-08-01 01:01:09.437872"
  },
  "1d9d3acde82c4fd18e00fccbf7396e3045005c.jpeg": {
    "app_sintetizada": "1D9D3ACDE82C4FD18E00FCCBF7396E3045005C.JPEG",
    "cantidad_archivos": 1,
    "archivos_fuente": [
      "Pictures/Fototeca de Fotos.photoslibrary/resources/derivatives/masters/1/1D9D3ACD-E82C-4FD1-8E00-FCCBF7396E30_4_5005_c.jpeg"
    ],
    "ultima_modificacion": "2025-08-01 01:01:09.438143"
  },
  "13ba2e8cef784bc9b2b50b2be84af7b545005c.jpeg": {
    "app_sintetizada": "13BA2E8CEF784BC9B2B50B2BE84AF7B545005C.JPEG",
    "cantidad_archivos": 1,
    "archivos_fuente": [
      "Pictures/Fototeca de Fotos.photoslibrary/resources/derivatives/masters/1/13BA2E8C-EF78-4BC9-B2B5-0B2BE84AF7B5_4_5005_c.jpeg"
    ],
    "ultima_modificacion": "2025-08-01 01:01:09.438436"
  },
  "1e30d9ddfc724c3cafaaa8a0464c11f745005c.jpeg": {
    "app_sintetizada": "1E30D9DDFC724C3CAFAAA8A0464C11F745005C.JPEG",
    "cantidad_archivos": 1,
    "archivos_fuente": [
      "Pictures/Fototeca de Fotos.photoslibrary/resources/derivatives/masters/1/1E30D9DD-FC72-4C3C-AFAA-A8A0464C11F7_4_5005_c.jpeg"
    ],
    "ultima_modificacion": "2025-08-01 01:01:09.438745"
  },
  "10b4c0c7b2f846d992424ab68628cfca45005c.jpeg": {
    "app_sintetizada": "10B4C0C7B2F846D992424AB68628CFCA45005C.JPEG",
    "cantidad_archivos": 1,
    "archivos_fuente": [
      "Pictures/Fototeca de Fotos.photoslibrary/resources/derivatives/masters/1/10B4C0C7-B2F8-46D9-9242-4AB68628CFCA_4_5005_c.jpeg"
    ],
    "ultima_modificacion": "2025-08-01 01:01:09.439093"
  },
  "13df49c3d4704d1bac77e73cdd0a6dd745005c.jpeg": {
    "app_sintetizada": "13DF49C3D4704D1BAC77E73CDD0A6DD745005C.JPEG",
    "cantidad_archivos": 1,
    "archivos_fuente": [
      "Pictures/Fototeca de Fotos.photoslibrary/resources/derivatives/masters/1/13DF49C3-D470-4D1B-AC77-E73CDD0A6DD7_4_5005_c.jpeg"
    ],
    "ultima_modificacion": "2025-08-01 01:01:09.439402"
  },
  "1897b0a5266a4b68af92bacaf16c39b145005c.jpeg": {
    "app_sintetizada": "1897B0A5266A4B68AF92BACAF16C39B145005C.JPEG",
    "cantidad_archivos": 1,
    "archivos_fuente": [
      "Pictures/Fototeca de Fotos.photoslibrary/resources/derivatives/masters/1/1897B0A5-266A-4B68-AF92-BACAF16C39B1_4_5005_c.jpeg"
    ],
    "ultima_modificacion": "2025-08-01 01:01:09.439720"
  },
  "1c27a722ce9d4fbc85a1993b853263b445005c.jpeg": {
    "app_sintetizada": "1C27A722CE9D4FBC85A1993B853263B445005C.JPEG",
    "cantidad_archivos": 1,
    "archivos_fuente": [
      "Pictures/Fototeca de Fotos.photoslibrary/resources/derivatives/masters/1/1C27A722-CE9D-4FBC-85A1-993B853263B4_4_5005_c.jpeg"
    ],
    "ultima_modificacion": "2025-08-01 01:01:09.440019"
  },
  "175c690c9e1e495daccf2ab73511f23045005c.jpeg": {
    "app_sintetizada": "175C690C9E1E495DACCF2AB73511F23045005C.JPEG",
    "cantidad_archivos": 1,
    "archivos_fuente": [
      "Pictures/Fototeca de Fotos.photoslibrary/resources/derivatives/masters/1/175C690C-9E1E-495D-ACCF-2AB73511F230_4_5005_c.jpeg"
    ],
    "ultima_modificacion": "2025-08-01 01:01:09.440320"
  },
  "1a593c5495614964b295e79dddf57e0045005c.jpeg": {
    "app_sintetizada": "1A593C5495614964B295E79DDDF57E0045005C.JPEG",
    "cantidad_archivos": 1,
    "archivos_fuente": [
      "Pictures/Fototeca de Fotos.photoslibrary/resources/derivatives/masters/1/1A593C54-9561-4964-B295-E79DDDF57E00_4_5005_c.jpeg"
    ],
    "ultima_modificacion": "2025-08-01 01:01:09.440739"
  },
  "11c8c78453354fff80a8c28d3532e7da45005c.jpeg": {
    "app_sintetizada": "11C8C78453354FFF80A8C28D3532E7DA45005C.JPEG",
    "cantidad_archivos": 1,
    "archivos_fuente": [
      "Pictures/Fototeca de Fotos.photoslibrary/resources/derivatives/masters/1/11C8C784-5335-4FFF-80A8-C28D3532E7DA_4_5005_c.jpeg"
    ],
    "ultima_modificacion": "2025-08-01 01:01:09.441026"
  },
  "190c64db189b46d4bc1b91e92bec1cdf45005c.jpeg": {
    "app_sintetizada": "190C64DB189B46D4BC1B91E92BEC1CDF45005C.JPEG",
    "cantidad_archivos": 1,
    "archivos_fuente": [
      "Pictures/Fototeca de Fotos.photoslibrary/resources/derivatives/masters/1/190C64DB-189B-46D4-BC1B-91E92BEC1CDF_4_5005_c.jpeg"
    ],
    "ultima_modificacion": "2025-08-01 01:01:09.441345"
  },
  "1c81fbe7115644c0a20048a07625a1d445005c.jpeg": {
    "app_sintetizada": "1C81FBE7115644C0A20048A07625A1D445005C.JPEG",
    "cantidad_archivos": 1,
    "archivos_fuente": [
      "Pictures/Fototeca de Fotos.photoslibrary/resources/derivatives/masters/1/1C81FBE7-1156-44C0-A200-48A07625A1D4_4_5005_c.jpeg"
    ],
    "ultima_modificacion": "2025-08-01 01:01:09.441690"
  },
  "1fc1658653b54ba29384944ab8051d0e45005c.jpeg": {
    "app_sintetizada": "1FC1658653B54BA29384944AB8051D0E45005C.JPEG",
    "cantidad_archivos": 1,
    "archivos_fuente": [
      "Pictures/Fototeca de Fotos.photoslibrary/resources/derivatives/masters/1/1FC16586-53B5-4BA2-9384-944AB8051D0E_4_5005_c.jpeg"
    ],
    "ultima_modificacion": "2025-08-01 01:01:09.441995"
  },
  "19b5caf9b8994674b3bfde17f957b30845005c.jpeg": {
    "app_sintetizada": "19B5CAF9B8994674B3BFDE17F957B30845005C.JPEG",
    "cantidad_archivos": 1,
    "archivos_fuente": [
      "Pictures/Fototeca de Fotos.photoslibrary/resources/derivatives/masters/1/19B5CAF9-B899-4674-B3BF-DE17F957B308_4_5005_c.jpeg"
    ],
    "ultima_modificacion": "2025-08-01 01:01:09.442331"
  },
  "1f6fab9d51c946f3bc1cca0432d6265545005c.jpeg": {
    "app_sintetizada": "1F6FAB9D51C946F3BC1CCA0432D6265545005C.JPEG",
    "cantidad_archivos": 1,
    "archivos_fuente": [
      "Pictures/Fototeca de Fotos.photoslibrary/resources/derivatives/masters/1/1F6FAB9D-51C9-46F3-BC1C-CA0432D62655_4_5005_c.jpeg"
    ],
    "ultima_modificacion": "2025-08-01 01:01:09.442639"
  },
  "14d21a584c7046149da9ae0631210ee245005c.jpeg": {
    "app_sintetizada": "14D21A584C7046149DA9AE0631210EE245005C.JPEG",
    "cantidad_archivos": 1,
    "archivos_fuente": [
      "Pictures/Fototeca de Fotos.photoslibrary/resources/derivatives/masters/1/14D21A58-4C70-4614-9DA9-AE0631210EE2_4_5005_c.jpeg"
    ],
    "ultima_modificacion": "2025-08-01 01:01:09.442970"
  },
  "160fe5bbe1b44c5eaf4decf8113dcdf445005c.jpeg": {
    "app_sintetizada": "160FE5BBE1B44C5EAF4DECF8113DCDF445005C.JPEG",
    "cantidad_archivos": 1,
    "archivos_fuente": [
      "Pictures/Fototeca de Fotos.photoslibrary/resources/derivatives/masters/1/160FE5BB-E1B4-4C5E-AF4D-ECF8113DCDF4_4_5005_c.jpeg"
    ],
    "ultima_modificacion": "2025-08-01 01:01:09.443293"
  },
  "1f236d1d5d774ef79961f7c9217eebf245005c.jpeg": {
    "app_sintetizada": "1F236D1D5D774EF79961F7C9217EEBF245005C.JPEG",
    "cantidad_archivos": 1,
    "archivos_fuente": [
      "Pictures/Fototeca de Fotos.photoslibrary/resources/derivatives/masters/1/1F236D1D-5D77-4EF7-9961-F7C9217EEBF2_4_5005_c.jpeg"
    ],
    "ultima_modificacion": "2025-08-01 01:01:09.443606"
  },
  "14de98ca92934bcfb9422b1c81a980cc45005c.jpeg": {
    "app_sintetizada": "14DE98CA92934BCFB9422B1C81A980CC45005C.JPEG",
    "cantidad_archivos": 1,
    "archivos_fuente": [
      "Pictures/Fototeca de Fotos.photoslibrary/resources/derivatives/masters/1/14DE98CA-9293-4BCF-B942-2B1C81A980CC_4_5005_c.jpeg"
    ],
    "ultima_modificacion": "2025-08-01 01:01:09.443909"
  },
  "16676d8b313844aabdce7a41643668eb45005c.jpeg": {
    "app_sintetizada": "16676D8B313844AABDCE7A41643668EB45005C.JPEG",
    "cantidad_archivos": 1,
    "archivos_fuente": [
      "Pictures/Fototeca de Fotos.photoslibrary/resources/derivatives/masters/1/16676D8B-3138-44AA-BDCE-7A41643668EB_4_5005_c.jpeg"
    ],
    "ultima_modificacion": "2025-08-01 01:01:09.444228"
  },
  "124f3033221e48fcaf5132786b96847b45005c.jpeg": {
    "app_sintetizada": "124F3033221E48FCAF5132786B96847B45005C.JPEG",
    "cantidad_archivos": 1,
    "archivos_fuente": [
      "Pictures/Fototeca de Fotos.photoslibrary/resources/derivatives/masters/1/124F3033-221E-48FC-AF51-32786B96847B_4_5005_c.jpeg"
    ],
    "ultima_modificacion": "2025-08-01 01:01:09.444524"
  },
  "106bc28dfb1141d9ba56ae3607373a4d45005c.jpeg": {
    "app_sintetizada": "106BC28DFB1141D9BA56AE3607373A4D45005C.JPEG",
    "cantidad_archivos": 1,
    "archivos_fuente": [
      "Pictures/Fototeca de Fotos.photoslibrary/resources/derivatives/masters/1/106BC28D-FB11-41D9-BA56-AE3607373A4D_4_5005_c.jpeg"
    ],
    "ultima_modificacion": "2025-08-01 01:01:09.444818"
  },
  "1264d3190dd44129b8a8497e7b48c03745005c.jpeg": {
    "app_sintetizada": "1264D3190DD44129B8A8497E7B48C03745005C.JPEG",
    "cantidad_archivos": 1,
    "archivos_fuente": [
      "Pictures/Fototeca de Fotos.photoslibrary/resources/derivatives/masters/1/1264D319-0DD4-4129-B8A8-497E7B48C037_4_5005_c.jpeg"
    ],
    "ultima_modificacion": "2025-08-01 01:01:09.445175"
  },
  "1ef6e46ad17242ac87fd12e6265f7c8045005c.jpeg": {
    "app_sintetizada": "1EF6E46AD17242AC87FD12E6265F7C8045005C.JPEG",
    "cantidad_archivos": 1,
    "archivos_fuente": [
      "Pictures/Fototeca de Fotos.photoslibrary/resources/derivatives/masters/1/1EF6E46A-D172-42AC-87FD-12E6265F7C80_4_5005_c.jpeg"
    ],
    "ultima_modificacion": "2025-08-01 01:01:09.445491"
  },
  "191f15f5b0ab42ccbac1be2411a664e945005c.jpeg": {
    "app_sintetizada": "191F15F5B0AB42CCBAC1BE2411A664E945005C.JPEG",
    "cantidad_archivos": 1,
    "archivos_fuente": [
      "Pictures/Fototeca de Fotos.photoslibrary/resources/derivatives/masters/1/191F15F5-B0AB-42CC-BAC1-BE2411A664E9_4_5005_c.jpeg"
    ],
    "ultima_modificacion": "2025-08-01 01:01:09.445859"
  },
  "1e9be44830594007acb1b3fe9bc0220c45005c.jpeg": {
    "app_sintetizada": "1E9BE44830594007ACB1B3FE9BC0220C45005C.JPEG",
    "cantidad_archivos": 1,
    "archivos_fuente": [
      "Pictures/Fototeca de Fotos.photoslibrary/resources/derivatives/masters/1/1E9BE448-3059-4007-ACB1-B3FE9BC0220C_4_5005_c.jpeg"
    ],
    "ultima_modificacion": "2025-08-01 01:01:09.446206"
  },
  "18e25fd6d90948fe80eeb8a97e01aa6c45005c.jpeg": {
    "app_sintetizada": "18E25FD6D90948FE80EEB8A97E01AA6C45005C.JPEG",
    "cantidad_archivos": 1,
    "archivos_fuente": [
      "Pictures/Fototeca de Fotos.photoslibrary/resources/derivatives/masters/1/18E25FD6-D909-48FE-80EE-B8A97E01AA6C_4_5005_c.jpeg"
    ],
    "ultima_modificacion": "2025-08-01 01:01:09.446530"
  },
  "16c01f2a815a4c6ba137a9a9d57d87aa45005c.jpeg": {
    "app_sintetizada": "16C01F2A815A4C6BA137A9A9D57D87AA45005C.JPEG",
    "cantidad_archivos": 1,
    "archivos_fuente": [
      "Pictures/Fototeca de Fotos.photoslibrary/resources/derivatives/masters/1/16C01F2A-815A-4C6B-A137-A9A9D57D87AA_4_5005_c.jpeg"
    ],
    "ultima_modificacion": "2025-08-01 01:01:09.446840"
  },
  "16e089760a6e4c1fb3a4d8946948d55a45005c.jpeg": {
    "app_sintetizada": "16E089760A6E4C1FB3A4D8946948D55A45005C.JPEG",
    "cantidad_archivos": 1,
    "archivos_fuente": [
      "Pictures/Fototeca de Fotos.photoslibrary/resources/derivatives/masters/1/16E08976-0A6E-4C1F-B3A4-D8946948D55A_4_5005_c.jpeg"
    ],
    "ultima_modificacion": "2025-08-01 01:01:09.447145"
  },
  "1ff52ce0f7484d48a95d106299c399d645005c.jpeg": {
    "app_sintetizada": "1FF52CE0F7484D48A95D106299C399D645005C.JPEG",
    "cantidad_archivos": 1,
    "archivos_fuente": [
      "Pictures/Fototeca de Fotos.photoslibrary/resources/derivatives/masters/1/1FF52CE0-F748-4D48-A95D-106299C399D6_4_5005_c.jpeg"
    ],
    "ultima_modificacion": "2025-08-01 01:01:09.447452"
  },
  "17817fd6595546a0adba4c60630ba48645005c.jpeg": {
    "app_sintetizada": "17817FD6595546A0ADBA4C60630BA48645005C.JPEG",
    "cantidad_archivos": 1,
    "archivos_fuente": [
      "Pictures/Fototeca de Fotos.photoslibrary/resources/derivatives/masters/1/17817FD6-5955-46A0-ADBA-4C60630BA486_4_5005_c.jpeg"
    ],
    "ultima_modificacion": "2025-08-01 01:01:09.447805"
  },
  "1d6a9c591a9e40d78fe397f21469df8745005c.jpeg": {
    "app_sintetizada": "1D6A9C591A9E40D78FE397F21469DF8745005C.JPEG",
    "cantidad_archivos": 1,
    "archivos_fuente": [
      "Pictures/Fototeca de Fotos.photoslibrary/resources/derivatives/masters/1/1D6A9C59-1A9E-40D7-8FE3-97F21469DF87_4_5005_c.jpeg"
    ],
    "ultima_modificacion": "2025-08-01 01:01:09.448131"
  },
  "1a826697be2d458d9a89e6ddf460f14745005c.jpeg": {
    "app_sintetizada": "1A826697BE2D458D9A89E6DDF460F14745005C.JPEG",
    "cantidad_archivos": 1,
    "archivos_fuente": [
      "Pictures/Fototeca de Fotos.photoslibrary/resources/derivatives/masters/1/1A826697-BE2D-458D-9A89-E6DDF460F147_4_5005_c.jpeg"
    ],
    "ultima_modificacion": "2025-08-01 01:01:09.448451"
  },
  "186511f5dbaf4917b43ed2d2dfe2beab45005c.jpeg": {
    "app_sintetizada": "186511F5DBAF4917B43ED2D2DFE2BEAB45005C.JPEG",
    "cantidad_archivos": 1,
    "archivos_fuente": [
      "Pictures/Fototeca de Fotos.photoslibrary/resources/derivatives/masters/1/186511F5-DBAF-4917-B43E-D2D2DFE2BEAB_4_5005_c.jpeg"
    ],
    "ultima_modificacion": "2025-08-01 01:01:09.448782"
  },
  "11333f24d63544dba290ff2ebc1164e245005c.jpeg": {
    "app_sintetizada": "11333F24D63544DBA290FF2EBC1164E245005C.JPEG",
    "cantidad_archivos": 1,
    "archivos_fuente": [
      "Pictures/Fototeca de Fotos.photoslibrary/resources/derivatives/masters/1/11333F24-D635-44DB-A290-FF2EBC1164E2_4_5005_c.jpeg"
    ],
    "ultima_modificacion": "2025-08-01 01:01:09.449085"
  },
  "1f14733c4c9e4fb2a5bb4dbea83f79b345005c.jpeg": {
    "app_sintetizada": "1F14733C4C9E4FB2A5BB4DBEA83F79B345005C.JPEG",
    "cantidad_archivos": 1,
    "archivos_fuente": [
      "Pictures/Fototeca de Fotos.photoslibrary/resources/derivatives/masters/1/1F14733C-4C9E-4FB2-A5BB-4DBEA83F79B3_4_5005_c.jpeg"
    ],
    "ultima_modificacion": "2025-08-01 01:01:09.449416"
  },
  "1347fa34f1824262ac3642bee4fa542045005c.jpeg": {
    "app_sintetizada": "1347FA34F1824262AC3642BEE4FA542045005C.JPEG",
    "cantidad_archivos": 1,
    "archivos_fuente": [
      "Pictures/Fototeca de Fotos.photoslibrary/resources/derivatives/masters/1/1347FA34-F182-4262-AC36-42BEE4FA5420_4_5005_c.jpeg"
    ],
    "ultima_modificacion": "2025-08-01 01:01:09.449714"
  },
  "1e7d61eaa62b4a4e8532b64c6c7d62ef45005c.jpeg": {
    "app_sintetizada": "1E7D61EAA62B4A4E8532B64C6C7D62EF45005C.JPEG",
    "cantidad_archivos": 1,
    "archivos_fuente": [
      "Pictures/Fototeca de Fotos.photoslibrary/resources/derivatives/masters/1/1E7D61EA-A62B-4A4E-8532-B64C6C7D62EF_4_5005_c.jpeg"
    ],
    "ultima_modificacion": "2025-08-01 01:01:09.450069"
  },
  "1af27ec887294fbb972da471df2b9e8a45005c.jpeg": {
    "app_sintetizada": "1AF27EC887294FBB972DA471DF2B9E8A45005C.JPEG",
    "cantidad_archivos": 1,
    "archivos_fuente": [
      "Pictures/Fototeca de Fotos.photoslibrary/resources/derivatives/masters/1/1AF27EC8-8729-4FBB-972D-A471DF2B9E8A_4_5005_c.jpeg"
    ],
    "ultima_modificacion": "2025-08-01 01:01:09.450410"
  },
  "194110da27d141b8ac80afd323b1657645005c.jpeg": {
    "app_sintetizada": "194110DA27D141B8AC80AFD323B1657645005C.JPEG",
    "cantidad_archivos": 1,
    "archivos_fuente": [
      "Pictures/Fototeca de Fotos.photoslibrary/resources/derivatives/masters/1/194110DA-27D1-41B8-AC80-AFD323B16576_4_5005_c.jpeg"
    ],
    "ultima_modificacion": "2025-08-01 01:01:09.450715"
  },
  "1f49d60163be461f8d8b592ef6a4a51345005c.jpeg": {
    "app_sintetizada": "1F49D60163BE461F8D8B592EF6A4A51345005C.JPEG",
    "cantidad_archivos": 1,
    "archivos_fuente": [
      "Pictures/Fototeca de Fotos.photoslibrary/resources/derivatives/masters/1/1F49D601-63BE-461F-8D8B-592EF6A4A513_4_5005_c.jpeg"
    ],
    "ultima_modificacion": "2025-08-01 01:01:09.451057"
  },
  "1cbb17df835e4032988d166817be066a45005c.jpeg": {
    "app_sintetizada": "1CBB17DF835E4032988D166817BE066A45005C.JPEG",
    "cantidad_archivos": 1,
    "archivos_fuente": [
      "Pictures/Fototeca de Fotos.photoslibrary/resources/derivatives/masters/1/1CBB17DF-835E-4032-988D-166817BE066A_4_5005_c.jpeg"
    ],
    "ultima_modificacion": "2025-08-01 01:01:09.451415"
  },
  "182a089c62b64f188cf0c0f872a0beea45005c.jpeg": {
    "app_sintetizada": "182A089C62B64F188CF0C0F872A0BEEA45005C.JPEG",
    "cantidad_archivos": 1,
    "archivos_fuente": [
      "Pictures/Fototeca de Fotos.photoslibrary/resources/derivatives/masters/1/182A089C-62B6-4F18-8CF0-C0F872A0BEEA_4_5005_c.jpeg"
    ],
    "ultima_modificacion": "2025-08-01 01:01:09.451737"
  },
  "11f7b7497ccf4eab927a8cf4efdf1f9e45005c.jpeg": {
    "app_sintetizada": "11F7B7497CCF4EAB927A8CF4EFDF1F9E45005C.JPEG",
    "cantidad_archivos": 1,
    "archivos_fuente": [
      "Pictures/Fototeca de Fotos.photoslibrary/resources/derivatives/masters/1/11F7B749-7CCF-4EAB-927A-8CF4EFDF1F9E_4_5005_c.jpeg"
    ],
    "ultima_modificacion": "2025-08-01 01:01:09.452066"
  },
  "17f19759fe6e4ca3a2758f0e453d57b245005c.jpeg": {
    "app_sintetizada": "17F19759FE6E4CA3A2758F0E453D57B245005C.JPEG",
    "cantidad_archivos": 1,
    "archivos_fuente": [
      "Pictures/Fototeca de Fotos.photoslibrary/resources/derivatives/masters/1/17F19759-FE6E-4CA3-A275-8F0E453D57B2_4_5005_c.jpeg"
    ],
    "ultima_modificacion": "2025-08-01 01:01:09.452376"
  },
  "1e53eaef6271464a917f62408835285445005c.jpeg": {
    "app_sintetizada": "1E53EAEF6271464A917F62408835285445005C.JPEG",
    "cantidad_archivos": 1,
    "archivos_fuente": [
      "Pictures/Fototeca de Fotos.photoslibrary/resources/derivatives/masters/1/1E53EAEF-6271-464A-917F-624088352854_4_5005_c.jpeg"
    ],
    "ultima_modificacion": "2025-08-01 01:01:09.452709"
  },
  "113849de5b7a4c90894c1a7dbac3acaf45005c.jpeg": {
    "app_sintetizada": "113849DE5B7A4C90894C1A7DBAC3ACAF45005C.JPEG",
    "cantidad_archivos": 1,
    "archivos_fuente": [
      "Pictures/Fototeca de Fotos.photoslibrary/resources/derivatives/masters/1/113849DE-5B7A-4C90-894C-1A7DBAC3ACAF_4_5005_c.jpeg"
    ],
    "ultima_modificacion": "2025-08-01 01:01:09.453017"
  },
  "18027a2510c24fe380798c54eb13a05f45005c.jpeg": {
    "app_sintetizada": "18027A2510C24FE380798C54EB13A05F45005C.JPEG",
    "cantidad_archivos": 1,
    "archivos_fuente": [
      "Pictures/Fototeca de Fotos.photoslibrary/resources/derivatives/masters/1/18027A25-10C2-4FE3-8079-8C54EB13A05F_4_5005_c.jpeg"
    ],
    "ultima_modificacion": "2025-08-01 01:01:09.453348"
  },
  "1658afb6e431495c8c00f883cd3bd1db45005c.jpeg": {
    "app_sintetizada": "1658AFB6E431495C8C00F883CD3BD1DB45005C.JPEG",
    "cantidad_archivos": 1,
    "archivos_fuente": [
      "Pictures/Fototeca de Fotos.photoslibrary/resources/derivatives/masters/1/1658AFB6-E431-495C-8C00-F883CD3BD1DB_4_5005_c.jpeg"
    ],
    "ultima_modificacion": "2025-08-01 01:01:09.453708"
  },
  "18623ff6618a4ad788211dd6115c326e45005c.jpeg": {
    "app_sintetizada": "18623FF6618A4AD788211DD6115C326E45005C.JPEG",
    "cantidad_archivos": 1,
    "archivos_fuente": [
      "Pictures/Fototeca de Fotos.photoslibrary/resources/derivatives/masters/1/18623FF6-618A-4AD7-8821-1DD6115C326E_4_5005_c.jpeg"
    ],
    "ultima_modificacion": "2025-08-01 01:01:09.454079"
  },
  "1df91200bbf547bc9aba5380d68be49e45005c.jpeg": {
    "app_sintetizada": "1DF91200BBF547BC9ABA5380D68BE49E45005C.JPEG",
    "cantidad_archivos": 1,
    "archivos_fuente": [
      "Pictures/Fototeca de Fotos.photoslibrary/resources/derivatives/masters/1/1DF91200-BBF5-47BC-9ABA-5380D68BE49E_4_5005_c.jpeg"
    ],
    "ultima_modificacion": "2025-08-01 01:01:09.454422"
  },
  "18dd1d63492149a88debd10a6dd7a2c845005c.jpeg": {
    "app_sintetizada": "18DD1D63492149A88DEBD10A6DD7A2C845005C.JPEG",
    "cantidad_archivos": 1,
    "archivos_fuente": [
      "Pictures/Fototeca de Fotos.photoslibrary/resources/derivatives/masters/1/18DD1D63-4921-49A8-8DEB-D10A6DD7A2C8_4_5005_c.jpeg"
    ],
    "ultima_modificacion": "2025-08-01 01:01:09.454735"
  },
  "150d3c4b8cb84e13b6e2632bd6695f6f45005c.jpeg": {
    "app_sintetizada": "150D3C4B8CB84E13B6E2632BD6695F6F45005C.JPEG",
    "cantidad_archivos": 1,
    "archivos_fuente": [
      "Pictures/Fototeca de Fotos.photoslibrary/resources/derivatives/masters/1/150D3C4B-8CB8-4E13-B6E2-632BD6695F6F_4_5005_c.jpeg"
    ],
    "ultima_modificacion": "2025-08-01 01:01:09.455059"
  },
  "13dbf89f98e84200b2339990844004bc45005c.jpeg": {
    "app_sintetizada": "13DBF89F98E84200B2339990844004BC45005C.JPEG",
    "cantidad_archivos": 1,
    "archivos_fuente": [
      "Pictures/Fototeca de Fotos.photoslibrary/resources/derivatives/masters/1/13DBF89F-98E8-4200-B233-9990844004BC_4_5005_c.jpeg"
    ],
    "ultima_modificacion": "2025-08-01 01:01:09.455385"
  },
  "18e52fa3e4bb4dfbba53033197991d5345005c.jpeg": {
    "app_sintetizada": "18E52FA3E4BB4DFBBA53033197991D5345005C.JPEG",
    "cantidad_archivos": 1,
    "archivos_fuente": [
      "Pictures/Fototeca de Fotos.photoslibrary/resources/derivatives/masters/1/18E52FA3-E4BB-4DFB-BA53-033197991D53_4_5005_c.jpeg"
    ],
    "ultima_modificacion": "2025-08-01 01:01:09.455750"
  },
  "1b405e86dc6044bfac3cd7d521528f3145005c.jpeg": {
    "app_sintetizada": "1B405E86DC6044BFAC3CD7D521528F3145005C.JPEG",
    "cantidad_archivos": 1,
    "archivos_fuente": [
      "Pictures/Fototeca de Fotos.photoslibrary/resources/derivatives/masters/1/1B405E86-DC60-44BF-AC3C-D7D521528F31_4_5005_c.jpeg"
    ],
    "ultima_modificacion": "2025-08-01 01:01:09.456204"
  },
  "17f416bc704c443e95172f42684f161e45005c.jpeg": {
    "app_sintetizada": "17F416BC704C443E95172F42684F161E45005C.JPEG",
    "cantidad_archivos": 1,
    "archivos_fuente": [
      "Pictures/Fototeca de Fotos.photoslibrary/resources/derivatives/masters/1/17F416BC-704C-443E-9517-2F42684F161E_4_5005_c.jpeg"
    ],
    "ultima_modificacion": "2025-08-01 01:01:09.456594"
  },
  "136eee43fea0467d83e2351dc4ffe0ff45005c.jpeg": {
    "app_sintetizada": "136EEE43FEA0467D83E2351DC4FFE0FF45005C.JPEG",
    "cantidad_archivos": 1,
    "archivos_fuente": [
      "Pictures/Fototeca de Fotos.photoslibrary/resources/derivatives/masters/1/136EEE43-FEA0-467D-83E2-351DC4FFE0FF_4_5005_c.jpeg"
    ],
    "ultima_modificacion": "2025-08-01 01:01:09.456927"
  },
  "1c9677c1048941d4b67ba58f06b4605045005c.jpeg": {
    "app_sintetizada": "1C9677C1048941D4B67BA58F06B4605045005C.JPEG",
    "cantidad_archivos": 1,
    "archivos_fuente": [
      "Pictures/Fototeca de Fotos.photoslibrary/resources/derivatives/masters/1/1C9677C1-0489-41D4-B67B-A58F06B46050_4_5005_c.jpeg"
    ],
    "ultima_modificacion": "2025-08-01 01:01:09.457250"
  },
  "1fb7a0ed2214429abdda2c045d5fa22d45005c.jpeg": {
    "app_sintetizada": "1FB7A0ED2214429ABDDA2C045D5FA22D45005C.JPEG",
    "cantidad_archivos": 1,
    "archivos_fuente": [
      "Pictures/Fototeca de Fotos.photoslibrary/resources/derivatives/masters/1/1FB7A0ED-2214-429A-BDDA-2C045D5FA22D_4_5005_c.jpeg"
    ],
    "ultima_modificacion": "2025-08-01 01:01:09.457586"
  },
  "1ee3358d393248d59a6b425e1ba4585a45005c.jpeg": {
    "app_sintetizada": "1EE3358D393248D59A6B425E1BA4585A45005C.JPEG",
    "cantidad_archivos": 1,
    "archivos_fuente": [
      "Pictures/Fototeca de Fotos.photoslibrary/resources/derivatives/masters/1/1EE3358D-3932-48D5-9A6B-425E1BA4585A_4_5005_c.jpeg"
    ],
    "ultima_modificacion": "2025-08-01 01:01:09.457878"
  },
  "1016551e495046d7a7e21d97d2d29b1245005c.jpeg": {
    "app_sintetizada": "1016551E495046D7A7E21D97D2D29B1245005C.JPEG",
    "cantidad_archivos": 1,
    "archivos_fuente": [
      "Pictures/Fototeca de Fotos.photoslibrary/resources/derivatives/masters/1/1016551E-4950-46D7-A7E2-1D97D2D29B12_4_5005_c.jpeg"
    ],
    "ultima_modificacion": "2025-08-01 01:01:09.458178"
  },
  "1be4378016a24b5da6692d7632f90e0345005c.jpeg": {
    "app_sintetizada": "1BE4378016A24B5DA6692D7632F90E0345005C.JPEG",
    "cantidad_archivos": 1,
    "archivos_fuente": [
      "Pictures/Fototeca de Fotos.photoslibrary/resources/derivatives/masters/1/1BE43780-16A2-4B5D-A669-2D7632F90E03_4_5005_c.jpeg"
    ],
    "ultima_modificacion": "2025-08-01 01:01:09.458486"
  },
  "1267fd3d17784738a8b244f1af41dab845005c.jpeg": {
    "app_sintetizada": "1267FD3D17784738A8B244F1AF41DAB845005C.JPEG",
    "cantidad_archivos": 1,
    "archivos_fuente": [
      "Pictures/Fototeca de Fotos.photoslibrary/resources/derivatives/masters/1/1267FD3D-1778-4738-A8B2-44F1AF41DAB8_4_5005_c.jpeg"
    ],
    "ultima_modificacion": "2025-08-01 01:01:09.458780"
  },
  "19d2688789e9425490ae6e77b501c31245005c.jpeg": {
    "app_sintetizada": "19D2688789E9425490AE6E77B501C31245005C.JPEG",
    "cantidad_archivos": 1,
    "archivos_fuente": [
      "Pictures/Fototeca de Fotos.photoslibrary/resources/derivatives/masters/1/19D26887-89E9-4254-90AE-6E77B501C312_4_5005_c.jpeg"
    ],
    "ultima_modificacion": "2025-08-01 01:01:09.459099"
  }
}