{
  "de196a5ed2a54f6db2809723ca2a484745005c.jpeg": {
    "app_sintetizada": "DE196A5ED2A54F6DB2809723CA2A484745005C.JPEG",
    "cantidad_archivos": 1,
    "archivos_fuente": [
      "Pictures/Fototeca de Fotos.photoslibrary/resources/derivatives/masters/D/DE196A5E-D2A5-4F6D-B280-9723CA2A4847_4_5005_c.jpeg"
    ],
    "ultima_modificacion": "2025-08-01 01:01:14.180405"
  },
  "de6e8652daf2457caef6d3108d7f223345005c.jpeg": {
    "app_sintetizada": "DE6E8652DAF2457CAEF6D3108D7F223345005C.JPEG",
    "cantidad_archivos": 1,
    "archivos_fuente": [
      "Pictures/Fototeca de Fotos.photoslibrary/resources/derivatives/masters/D/DE6E8652-DAF2-457C-AEF6-D3108D7F2233_4_5005_c.jpeg"
    ],
    "ultima_modificacion": "2025-08-01 01:01:14.180641"
  },
  "d85cc81f823e4d6daefa86b20505a80d45005c.jpeg": {
    "app_sintetizada": "D85CC81F823E4D6DAEFA86B20505A80D45005C.JPEG",
    "cantidad_archivos": 1,
    "archivos_fuente": [
      "Pictures/Fototeca de Fotos.photoslibrary/resources/derivatives/masters/D/D85CC81F-823E-4D6D-AEFA-86B20505A80D_4_5005_c.jpeg"
    ],
    "ultima_modificacion": "2025-08-01 01:01:14.180957"
  },
  "df41dd6ad9e44c4c982247958425194645005c.jpeg": {
    "app_sintetizada": "DF41DD6AD9E44C4C982247958425194645005C.JPEG",
    "cantidad_archivos": 1,
    "archivos_fuente": [
      "Pictures/Fototeca de Fotos.photoslibrary/resources/derivatives/masters/D/DF41DD6A-D9E4-4C4C-9822-479584251946_4_5005_c.jpeg"
    ],
    "ultima_modificacion": "2025-08-01 01:01:14.181184"
  },
  "da7dbd3c2b8e47229e2715efaf586d8f45005c.jpeg": {
    "app_sintetizada": "DA7DBD3C2B8E47229E2715EFAF586D8F45005C.JPEG",
    "cantidad_archivos": 1,
    "archivos_fuente": [
      "Pictures/Fototeca de Fotos.photoslibrary/resources/derivatives/masters/D/DA7DBD3C-2B8E-4722-9E27-15EFAF586D8F_4_5005_c.jpeg"
    ],
    "ultima_modificacion": "2025-08-01 01:01:14.181379"
  },
  "debcc3ed77524f3abc9f54d1729d1a2745005c.jpeg": {
    "app_sintetizada": "DEBCC3ED77524F3ABC9F54D1729D1A2745005C.JPEG",
    "cantidad_archivos": 1,
    "archivos_fuente": [
      "Pictures/Fototeca de Fotos.photoslibrary/resources/derivatives/masters/D/DEBCC3ED-7752-4F3A-BC9F-54D1729D1A27_4_5005_c.jpeg"
    ],
    "ultima_modificacion": "2025-08-01 01:01:14.181566"
  },
  "d7c2fc4d490a41c1a6df5f988da3e76745005c.jpeg": {
    "app_sintetizada": "D7C2FC4D490A41C1A6DF5F988DA3E76745005C.JPEG",
    "cantidad_archivos": 1,
    "archivos_fuente": [
      "Pictures/Fototeca de Fotos.photoslibrary/resources/derivatives/masters/D/D7C2FC4D-490A-41C1-A6DF-5F988DA3E767_4_5005_c.jpeg"
    ],
    "ultima_modificacion": "2025-08-01 01:01:14.181879"
  },
  "dc0f438ea7314b7fa359264ac293e0dd45005c.jpeg": {
    "app_sintetizada": "DC0F438EA7314B7FA359264AC293E0DD45005C.JPEG",
    "cantidad_archivos": 1,
    "archivos_fuente": [
      "Pictures/Fototeca de Fotos.photoslibrary/resources/derivatives/masters/D/DC0F438E-A731-4B7F-A359-264AC293E0DD_4_5005_c.jpeg"
    ],
    "ultima_modificacion": "2025-08-01 01:01:14.182145"
  },
  "df6caa36803a4dcd9a6e520d92d697ab45005c.jpeg": {
    "app_sintetizada": "DF6CAA36803A4DCD9A6E520D92D697AB45005C.JPEG",
    "cantidad_archivos": 1,
    "archivos_fuente": [
      "Pictures/Fototeca de Fotos.photoslibrary/resources/derivatives/masters/D/DF6CAA36-803A-4DCD-9A6E-520D92D697AB_4_5005_c.jpeg"
    ],
    "ultima_modificacion": "2025-08-01 01:01:14.182409"
  },
  "daae5d23622943d38254aaee5170565245005c.jpeg": {
    "app_sintetizada": "DAAE5D23622943D38254AAEE5170565245005C.JPEG",
    "cantidad_archivos": 1,
    "archivos_fuente": [
      "Pictures/Fototeca de Fotos.photoslibrary/resources/derivatives/masters/D/DAAE5D23-6229-43D3-8254-AAEE51705652_4_5005_c.jpeg"
    ],
    "ultima_modificacion": "2025-08-01 01:01:14.182643"
  },
  "d8019bb6f9a64fb69a43d6cd0863442945005c.jpeg": {
    "app_sintetizada": "D8019BB6F9A64FB69A43D6CD0863442945005C.JPEG",
    "cantidad_archivos": 1,
    "archivos_fuente": [
      "Pictures/Fototeca de Fotos.photoslibrary/resources/derivatives/masters/D/D8019BB6-F9A6-4FB6-9A43-D6CD08634429_4_5005_c.jpeg"
    ],
    "ultima_modificacion": "2025-08-01 01:01:14.182875"
  },
  "d29552c5691c461daaf3eb6f061f7faf45005c.jpeg": {
    "app_sintetizada": "D29552C5691C461DAAF3EB6F061F7FAF45005C.JPEG",
    "cantidad_archivos": 1,
    "archivos_fuente": [
      "Pictures/Fototeca de Fotos.photoslibrary/resources/derivatives/masters/D/D29552C5-691C-461D-AAF3-EB6F061F7FAF_4_5005_c.jpeg"
    ],
    "ultima_modificacion": "2025-08-01 01:01:14.183161"
  },
  "d305546e7aad42ebac19b7f346a1cd9a45005c.jpeg": {
    "app_sintetizada": "D305546E7AAD42EBAC19B7F346A1CD9A45005C.JPEG",
    "cantidad_archivos": 1,
    "archivos_fuente": [
      "Pictures/Fototeca de Fotos.photoslibrary/resources/derivatives/masters/D/D305546E-7AAD-42EB-AC19-B7F346A1CD9A_4_5005_c.jpeg"
    ],
    "ultima_modificacion": "2025-08-01 01:01:14.183389"
  },
  "d8515214536e426bba99066009e75c3545005c.jpeg": {
    "app_sintetizada": "D8515214536E426BBA99066009E75C3545005C.JPEG",
    "cantidad_archivos": 1,
    "archivos_fuente": [
      "Pictures/Fototeca de Fotos.photoslibrary/resources/derivatives/masters/D/D8515214-536E-426B-BA99-066009E75C35_4_5005_c.jpeg"
    ],
    "ultima_modificacion": "2025-08-01 01:01:14.183614"
  },
  "d09d39d2f557485185ec3699fb2e85e145005c.jpeg": {
    "app_sintetizada": "D09D39D2F557485185EC3699FB2E85E145005C.JPEG",
    "cantidad_archivos": 1,
    "archivos_fuente": [
      "Pictures/Fototeca de Fotos.photoslibrary/resources/derivatives/masters/D/D09D39D2-F557-4851-85EC-3699FB2E85E1_4_5005_c.jpeg"
    ],
    "ultima_modificacion": "2025-08-01 01:01:14.183893"
  },
  "d891f29793c54e02b9aed9d41971b99345005c.jpeg": {
    "app_sintetizada": "D891F29793C54E02B9AED9D41971B99345005C.JPEG",
    "cantidad_archivos": 1,
    "archivos_fuente": [
      "Pictures/Fototeca de Fotos.photoslibrary/resources/derivatives/masters/D/D891F297-93C5-4E02-B9AE-D9D41971B993_4_5005_c.jpeg"
    ],
    "ultima_modificacion": "2025-08-01 01:01:14.184134"
  },
  "d83f750bf68e43f4be87fe256804fdbe45005c.jpeg": {
    "app_sintetizada": "D83F750BF68E43F4BE87FE256804FDBE45005C.JPEG",
    "cantidad_archivos": 1,
    "archivos_fuente": [
      "Pictures/Fototeca de Fotos.photoslibrary/resources/derivatives/masters/D/D83F750B-F68E-43F4-BE87-FE256804FDBE_4_5005_c.jpeg"
    ],
    "ultima_modificacion": "2025-08-01 01:01:14.184464"
  },
  "dcf899e02bb5422596116ead3b09079245005c.jpeg": {
    "app_sintetizada": "DCF899E02BB5422596116EAD3B09079245005C.JPEG",
    "cantidad_archivos": 1,
    "archivos_fuente": [
      "Pictures/Fototeca de Fotos.photoslibrary/resources/derivatives/masters/D/DCF899E0-2BB5-4225-9611-6EAD3B090792_4_5005_c.jpeg"
    ],
    "ultima_modificacion": "2025-08-01 01:01:14.184758"
  },
  "d9d3e10e27e0467f8d736bdc4604bc9b45005c.jpeg": {
    "app_sintetizada": "D9D3E10E27E0467F8D736BDC4604BC9B45005C.JPEG",
    "cantidad_archivos": 1,
    "archivos_fuente": [
      "Pictures/Fototeca de Fotos.photoslibrary/resources/derivatives/masters/D/D9D3E10E-27E0-467F-8D73-6BDC4604BC9B_4_5005_c.jpeg"
    ],
    "ultima_modificacion": "2025-08-01 01:01:14.185002"
  },
  "d7be7762b07843c59f2d478e894d1a2c45005c.jpeg": {
    "app_sintetizada": "D7BE7762B07843C59F2D478E894D1A2C45005C.JPEG",
    "cantidad_archivos": 1,
    "archivos_fuente": [
      "Pictures/Fototeca de Fotos.photoslibrary/resources/derivatives/masters/D/D7BE7762-B078-43C5-9F2D-478E894D1A2C_4_5005_c.jpeg"
    ],
    "ultima_modificacion": "2025-08-01 01:01:14.185234"
  },
  "d0786b2415c4477ebdeb341d522575aa45005c.jpeg": {
    "app_sintetizada": "D0786B2415C4477EBDEB341D522575AA45005C.JPEG",
    "cantidad_archivos": 1,
    "archivos_fuente": [
      "Pictures/Fototeca de Fotos.photoslibrary/resources/derivatives/masters/D/D0786B24-15C4-477E-BDEB-341D522575AA_4_5005_c.jpeg"
    ],
    "ultima_modificacion": "2025-08-01 01:01:14.185497"
  },
  "d394d672e85e48309fe36622577c8e6e45005c.jpeg": {
    "app_sintetizada": "D394D672E85E48309FE36622577C8E6E45005C.JPEG",
    "cantidad_archivos": 1,
    "archivos_fuente": [
      "Pictures/Fototeca de Fotos.photoslibrary/resources/derivatives/masters/D/D394D672-E85E-4830-9FE3-6622577C8E6E_4_5005_c.jpeg"
    ],
    "ultima_modificacion": "2025-08-01 01:01:14.185823"
  },
  "dc1a75924b07438ab35c1385b67d902e45005c.jpeg": {
    "app_sintetizada": "DC1A75924B07438AB35C1385B67D902E45005C.JPEG",
    "cantidad_archivos": 1,
    "archivos_fuente": [
      "Pictures/Fototeca de Fotos.photoslibrary/resources/derivatives/masters/D/DC1A7592-4B07-438A-B35C-1385B67D902E_4_5005_c.jpeg"
    ],
    "ultima_modificacion": "2025-08-01 01:01:14.187473"
  },
  "d6d6f4c0e0f148d395d2c1fe8ef65b8f45005c.jpeg": {
    "app_sintetizada": "D6D6F4C0E0F148D395D2C1FE8EF65B8F45005C.JPEG",
    "cantidad_archivos": 1,
    "archivos_fuente": [
      "Pictures/Fototeca de Fotos.photoslibrary/resources/derivatives/masters/D/D6D6F4C0-E0F1-48D3-95D2-C1FE8EF65B8F_4_5005_c.jpeg"
    ],
    "ultima_modificacion": "2025-08-01 01:01:14.188003"
  },
  "d0e602a962824797a3659fae62e7d5f745005c.jpeg": {
    "app_sintetizada": "D0E602A962824797A3659FAE62E7D5F745005C.JPEG",
    "cantidad_archivos": 1,
    "archivos_fuente": [
      "Pictures/Fototeca de Fotos.photoslibrary/resources/derivatives/masters/D/D0E602A9-6282-4797-A365-9FAE62E7D5F7_4_5005_c.jpeg"
    ],
    "ultima_modificacion": "2025-08-01 01:01:14.188854"
  },
  "d164efa44b9c4962a4f1e6b233e9900945005c.jpeg": {
    "app_sintetizada": "D164EFA44B9C4962A4F1E6B233E9900945005C.JPEG",
    "cantidad_archivos": 1,
    "archivos_fuente": [
      "Pictures/Fototeca de Fotos.photoslibrary/resources/derivatives/masters/D/D164EFA4-4B9C-4962-A4F1-E6B233E99009_4_5005_c.jpeg"
    ],
    "ultima_modificacion": "2025-08-01 01:01:14.189776"
  },
  "d2a96b46d8a34c7fa0ddeda134a2a43f45005c.jpeg": {
    "app_sintetizada": "D2A96B46D8A34C7FA0DDEDA134A2A43F45005C.JPEG",
    "cantidad_archivos": 1,
    "archivos_fuente": [
      "Pictures/Fototeca de Fotos.photoslibrary/resources/derivatives/masters/D/D2A96B46-D8A3-4C7F-A0DD-EDA134A2A43F_4_5005_c.jpeg"
    ],
    "ultima_modificacion": "2025-08-01 01:01:14.190345"
  },
  "dc9211439baf4ca6a33eed630253083945005c.jpeg": {
    "app_sintetizada": "DC9211439BAF4CA6A33EED630253083945005C.JPEG",
    "cantidad_archivos": 1,
    "archivos_fuente": [
      "Pictures/Fototeca de Fotos.photoslibrary/resources/derivatives/masters/D/DC921143-9BAF-4CA6-A33E-ED6302530839_4_5005_c.jpeg"
    ],
    "ultima_modificacion": "2025-08-01 01:01:14.190838"
  },
  "dc5a2b62075e4297adbad0e24a23c1ab45005c.jpeg": {
    "app_sintetizada": "DC5A2B62075E4297ADBAD0E24A23C1AB45005C.JPEG",
    "cantidad_archivos": 1,
    "archivos_fuente": [
      "Pictures/Fototeca de Fotos.photoslibrary/resources/derivatives/masters/D/DC5A2B62-075E-4297-ADBA-D0E24A23C1AB_4_5005_c.jpeg"
    ],
    "ultima_modificacion": "2025-08-01 01:01:14.191339"
  },
  "d5b475b0872242b5a5f24bef5cfa4c2245005c.jpeg": {
    "app_sintetizada": "D5B475B0872242B5A5F24BEF5CFA4C2245005C.JPEG",
    "cantidad_archivos": 1,
    "archivos_fuente": [
      "Pictures/Fototeca de Fotos.photoslibrary/resources/derivatives/masters/D/D5B475B0-8722-42B5-A5F2-4BEF5CFA4C22_4_5005_c.jpeg"
    ],
    "ultima_modificacion": "2025-08-01 01:01:14.191740"
  },
  "dc5a8a991b1e4f278899950f211d89d945005c.jpeg": {
    "app_sintetizada": "DC5A8A991B1E4F278899950F211D89D945005C.JPEG",
    "cantidad_archivos": 1,
    "archivos_fuente": [
      "Pictures/Fototeca de Fotos.photoslibrary/resources/derivatives/masters/D/DC5A8A99-1B1E-4F27-8899-950F211D89D9_4_5005_c.jpeg"
    ],
    "ultima_modificacion": "2025-08-01 01:01:14.192257"
  },
  "d706eca6d64d4a1bbf41d9ac477bc1a845005c.jpeg": {
    "app_sintetizada": "D706ECA6D64D4A1BBF41D9AC477BC1A845005C.JPEG",
    "cantidad_archivos": 1,
    "archivos_fuente": [
      "Pictures/Fototeca de Fotos.photoslibrary/resources/derivatives/masters/D/D706ECA6-D64D-4A1B-BF41-D9AC477BC1A8_4_5005_c.jpeg"
    ],
    "ultima_modificacion": "2025-08-01 01:01:14.192658"
  },
  "da0884764e79424c825d77fba14702b845005c.jpeg": {
    "app_sintetizada": "DA0884764E79424C825D77FBA14702B845005C.JPEG",
    "cantidad_archivos": 1,
    "archivos_fuente": [
      "Pictures/Fototeca de Fotos.photoslibrary/resources/derivatives/masters/D/DA088476-4E79-424C-825D-77FBA14702B8_4_5005_c.jpeg"
    ],
    "ultima_modificacion": "2025-08-01 01:01:14.193034"
  },
  "ddc57d8bf0bc4e1bb7c77f8601d7525345005c.jpeg": {
    "app_sintetizada": "DDC57D8BF0BC4E1BB7C77F8601D7525345005C.JPEG",
    "cantidad_archivos": 1,
    "archivos_fuente": [
      "Pictures/Fototeca de Fotos.photoslibrary/resources/derivatives/masters/D/DDC57D8B-F0BC-4E1B-B7C7-7F8601D75253_4_5005_c.jpeg"
    ],
    "ultima_modificacion": "2025-08-01 01:01:14.193392"
  },
  "dbe2c9d964c34ed0af6316a1893f0c9d45005c.jpeg": {
    "app_sintetizada": "DBE2C9D964C34ED0AF6316A1893F0C9D45005C.JPEG",
    "cantidad_archivos": 1,
    "archivos_fuente": [
      "Pictures/Fototeca de Fotos.photoslibrary/resources/derivatives/masters/D/DBE2C9D9-64C3-4ED0-AF63-16A1893F0C9D_4_5005_c.jpeg"
    ],
    "ultima_modificacion": "2025-08-01 01:01:14.193809"
  },
  "dd219c5691dd44818cd8c376d465e0ab45005c.jpeg": {
    "app_sintetizada": "DD219C5691DD44818CD8C376D465E0AB45005C.JPEG",
    "cantidad_archivos": 1,
    "archivos_fuente": [
      "Pictures/Fototeca de Fotos.photoslibrary/resources/derivatives/masters/D/DD219C56-91DD-4481-8CD8-C376D465E0AB_4_5005_c.jpeg"
    ],
    "ultima_modificacion": "2025-08-01 01:01:14.194229"
  },
  "d498133dcf2d4bbcbc66203aeb3a774f45005c.jpeg": {
    "app_sintetizada": "D498133DCF2D4BBCBC66203AEB3A774F45005C.JPEG",
    "cantidad_archivos": 1,
    "archivos_fuente": [
      "Pictures/Fototeca de Fotos.photoslibrary/resources/derivatives/masters/D/D498133D-CF2D-4BBC-BC66-203AEB3A774F_4_5005_c.jpeg"
    ],
    "ultima_modificacion": "2025-08-01 01:01:14.194620"
  },
  "d3e04379d51e43e182a01b6c1f1bc2a645005c.jpeg": {
    "app_sintetizada": "D3E04379D51E43E182A01B6C1F1BC2A645005C.JPEG",
    "cantidad_archivos": 1,
    "archivos_fuente": [
      "Pictures/Fototeca de Fotos.photoslibrary/resources/derivatives/masters/D/D3E04379-D51E-43E1-82A0-1B6C1F1BC2A6_4_5005_c.jpeg"
    ],
    "ultima_modificacion": "2025-08-01 01:01:14.195015"
  },
  "d59921fda7994c58868bd690475f105245005c.jpeg": {
    "app_sintetizada": "D59921FDA7994C58868BD690475F105245005C.JPEG",
    "cantidad_archivos": 1,
    "archivos_fuente": [
      "Pictures/Fototeca de Fotos.photoslibrary/resources/derivatives/masters/D/D59921FD-A799-4C58-868B-D690475F1052_4_5005_c.jpeg"
    ],
    "ultima_modificacion": "2025-08-01 01:01:14.195801"
  },
  "d6bb88e309df43d3824321e3b347824e45005c.jpeg": {
    "app_sintetizada": "D6BB88E309DF43D3824321E3B347824E45005C.JPEG",
    "cantidad_archivos": 1,
    "archivos_fuente": [
      "Pictures/Fototeca de Fotos.photoslibrary/resources/derivatives/masters/D/D6BB88E3-09DF-43D3-8243-21E3B347824E_4_5005_c.jpeg"
    ],
    "ultima_modificacion": "2025-08-01 01:01:14.196382"
  },
  "d502d80212ea4e8dbe76cda4778ffd8b45005c.jpeg": {
    "app_sintetizada": "D502D80212EA4E8DBE76CDA4778FFD8B45005C.JPEG",
    "cantidad_archivos": 1,
    "archivos_fuente": [
      "Pictures/Fototeca de Fotos.photoslibrary/resources/derivatives/masters/D/D502D802-12EA-4E8D-BE76-CDA4778FFD8B_4_5005_c.jpeg"
    ],
    "ultima_modificacion": "2025-08-01 01:01:14.196725"
  },
  "d8ccdf5d8574410b86a937e9f003015b45005c.jpeg": {
    "app_sintetizada": "D8CCDF5D8574410B86A937E9F003015B45005C.JPEG",
    "cantidad_archivos": 1,
    "archivos_fuente": [
      "Pictures/Fototeca de Fotos.photoslibrary/resources/derivatives/masters/D/D8CCDF5D-8574-410B-86A9-37E9F003015B_4_5005_c.jpeg"
    ],
    "ultima_modificacion": "2025-08-01 01:01:14.198330"
  },
  "dbd4b98e9a0d4ff69c970e6462a1fcbb45005c.jpeg": {
    "app_sintetizada": "DBD4B98E9A0D4FF69C970E6462A1FCBB45005C.JPEG",
    "cantidad_archivos": 1,
    "archivos_fuente": [
      "Pictures/Fototeca de Fotos.photoslibrary/resources/derivatives/masters/D/DBD4B98E-9A0D-4FF6-9C97-0E6462A1FCBB_4_5005_c.jpeg"
    ],
    "ultima_modificacion": "2025-08-01 01:01:14.202547"
  },
  "dd9e78f6d1314ea9be939d47f608017a45005c.jpeg": {
    "app_sintetizada": "DD9E78F6D1314EA9BE939D47F608017A45005C.JPEG",
    "cantidad_archivos": 1,
    "archivos_fuente": [
      "Pictures/Fototeca de Fotos.photoslibrary/resources/derivatives/masters/D/DD9E78F6-D131-4EA9-BE93-9D47F608017A_4_5005_c.jpeg"
    ],
    "ultima_modificacion": "2025-08-01 01:01:14.203059"
  },
  "d56bed3d98524dac809d911e6819f33045005c.jpeg": {
    "app_sintetizada": "D56BED3D98524DAC809D911E6819F33045005C.JPEG",
    "cantidad_archivos": 1,
    "archivos_fuente": [
      "Pictures/Fototeca de Fotos.photoslibrary/resources/derivatives/masters/D/D56BED3D-9852-4DAC-809D-911E6819F330_4_5005_c.jpeg"
    ],
    "ultima_modificacion": "2025-08-01 01:01:14.204481"
  },
  "df1bc2eb25fd4e4bae1da51e6a2ff56145005c.jpeg": {
    "app_sintetizada": "DF1BC2EB25FD4E4BAE1DA51E6A2FF56145005C.JPEG",
    "cantidad_archivos": 1,
    "archivos_fuente": [
      "Pictures/Fototeca de Fotos.photoslibrary/resources/derivatives/masters/D/DF1BC2EB-25FD-4E4B-AE1D-A51E6A2FF561_4_5005_c.jpeg"
    ],
    "ultima_modificacion": "2025-08-01 01:01:14.207042"
  },
  "dc2776bac978482fb48d87ceba53b30145005c.jpeg": {
    "app_sintetizada": "DC2776BAC978482FB48D87CEBA53B30145005C.JPEG",
    "cantidad_archivos": 1,
    "archivos_fuente": [
      "Pictures/Fototeca de Fotos.photoslibrary/resources/derivatives/masters/D/DC2776BA-C978-482F-B48D-87CEBA53B301_4_5005_c.jpeg"
    ],
    "ultima_modificacion": "2025-08-01 01:01:14.208381"
  },
  "dd0aa4fc82db4a6eb5e0e9e5953dc9fc45005c.jpeg": {
    "app_sintetizada": "DD0AA4FC82DB4A6EB5E0E9E5953DC9FC45005C.JPEG",
    "cantidad_archivos": 1,
    "archivos_fuente": [
      "Pictures/Fototeca de Fotos.photoslibrary/resources/derivatives/masters/D/DD0AA4FC-82DB-4A6E-B5E0-E9E5953DC9FC_4_5005_c.jpeg"
    ],
    "ultima_modificacion": "2025-08-01 01:01:14.209202"
  },
  "dcc3e2db9cec426bb6d0b6b5c93d43f845005c.jpeg": {
    "app_sintetizada": "DCC3E2DB9CEC426BB6D0B6B5C93D43F845005C.JPEG",
    "cantidad_archivos": 1,
    "archivos_fuente": [
      "Pictures/Fototeca de Fotos.photoslibrary/resources/derivatives/masters/D/DCC3E2DB-9CEC-426B-B6D0-B6B5C93D43F8_4_5005_c.jpeg"
    ],
    "ultima_modificacion": "2025-08-01 01:01:14.209957"
  },
  "db4372ccbf4341c1bc9226166be9f67445005c.jpeg": {
    "app_sintetizada": "DB4372CCBF4341C1BC9226166BE9F67445005C.JPEG",
    "cantidad_archivos": 1,
    "archivos_fuente": [
      "Pictures/Fototeca de Fotos.photoslibrary/resources/derivatives/masters/D/DB4372CC-BF43-41C1-BC92-26166BE9F674_4_5005_c.jpeg"
    ],
    "ultima_modificacion": "2025-08-01 01:01:14.211014"
  },
  "d27fef9ce8ba446ea50ce7a659627eb445005c.jpeg": {
    "app_sintetizada": "D27FEF9CE8BA446EA50CE7A659627EB445005C.JPEG",
    "cantidad_archivos": 1,
    "archivos_fuente": [
      "Pictures/Fototeca de Fotos.photoslibrary/resources/derivatives/masters/D/D27FEF9C-E8BA-446E-A50C-E7A659627EB4_4_5005_c.jpeg"
    ],
    "ultima_modificacion": "2025-08-01 01:01:14.211359"
  },
  "d6bf7c2a81c14440bc793aaf0b16730b45005c.jpeg": {
    "app_sintetizada": "D6BF7C2A81C14440BC793AAF0B16730B45005C.JPEG",
    "cantidad_archivos": 1,
    "archivos_fuente": [
      "Pictures/Fototeca de Fotos.photoslibrary/resources/derivatives/masters/D/D6BF7C2A-81C1-4440-BC79-3AAF0B16730B_4_5005_c.jpeg"
    ],
    "ultima_modificacion": "2025-08-01 01:01:14.211608"
  },
  "df0cabd3636b403e96eb0359250198f545005c.jpeg": {
    "app_sintetizada": "DF0CABD3636B403E96EB0359250198F545005C.JPEG",
    "cantidad_archivos": 1,
    "archivos_fuente": [
      "Pictures/Fototeca de Fotos.photoslibrary/resources/derivatives/masters/D/DF0CABD3-636B-403E-96EB-0359250198F5_4_5005_c.jpeg"
    ],
    "ultima_modificacion": "2025-08-01 01:01:14.211901"
  },
  "db9252da308d4c78bcd6ae335a334dca45005c.jpeg": {
    "app_sintetizada": "DB9252DA308D4C78BCD6AE335A334DCA45005C.JPEG",
    "cantidad_archivos": 1,
    "archivos_fuente": [
      "Pictures/Fototeca de Fotos.photoslibrary/resources/derivatives/masters/D/DB9252DA-308D-4C78-BCD6-AE335A334DCA_4_5005_c.jpeg"
    ],
    "ultima_modificacion": "2025-08-01 01:01:14.212157"
  },
  "d195ad8bb59c4c258494461801c1088045005c.jpeg": {
    "app_sintetizada": "D195AD8BB59C4C258494461801C1088045005C.JPEG",
    "cantidad_archivos": 1,
    "archivos_fuente": [
      "Pictures/Fototeca de Fotos.photoslibrary/resources/derivatives/masters/D/D195AD8B-B59C-4C25-8494-461801C10880_4_5005_c.jpeg"
    ],
    "ultima_modificacion": "2025-08-01 01:01:14.212458"
  },
  "d9b4bb67cffc414dadc79726f545e0c345005c.jpeg": {
    "app_sintetizada": "D9B4BB67CFFC414DADC79726F545E0C345005C.JPEG",
    "cantidad_archivos": 1,
    "archivos_fuente": [
      "Pictures/Fototeca de Fotos.photoslibrary/resources/derivatives/masters/D/D9B4BB67-CFFC-414D-ADC7-9726F545E0C3_4_5005_c.jpeg"
    ],
    "ultima_modificacion": "2025-08-01 01:01:14.212751"
  },
  "de19a5d198974abea7994da0953bb22f45005c.jpeg": {
    "app_sintetizada": "DE19A5D198974ABEA7994DA0953BB22F45005C.JPEG",
    "cantidad_archivos": 1,
    "archivos_fuente": [
      "Pictures/Fototeca de Fotos.photoslibrary/resources/derivatives/masters/D/DE19A5D1-9897-4ABE-A799-4DA0953BB22F_4_5005_c.jpeg"
    ],
    "ultima_modificacion": "2025-08-01 01:01:14.213034"
  },
  "d533f6ead9f447b3a0f477b98ebdf27845005c.jpeg": {
    "app_sintetizada": "D533F6EAD9F447B3A0F477B98EBDF27845005C.JPEG",
    "cantidad_archivos": 1,
    "archivos_fuente": [
      "Pictures/Fototeca de Fotos.photoslibrary/resources/derivatives/masters/D/D533F6EA-D9F4-47B3-A0F4-77B98EBDF278_4_5005_c.jpeg"
    ],
    "ultima_modificacion": "2025-08-01 01:01:14.213303"
  },
  "d13eba8cbc8a4edfbb21e5d06e5aedee45005c.jpeg": {
    "app_sintetizada": "D13EBA8CBC8A4EDFBB21E5D06E5AEDEE45005C.JPEG",
    "cantidad_archivos": 1,
    "archivos_fuente": [
      "Pictures/Fototeca de Fotos.photoslibrary/resources/derivatives/masters/D/D13EBA8C-BC8A-4EDF-BB21-E5D06E5AEDEE_4_5005_c.jpeg"
    ],
    "ultima_modificacion": "2025-08-01 01:01:14.213566"
  },
  "dc0357ee257e4466b3a195df4d768da145005c.jpeg": {
    "app_sintetizada": "DC0357EE257E4466B3A195DF4D768DA145005C.JPEG",
    "cantidad_archivos": 1,
    "archivos_fuente": [
      "Pictures/Fototeca de Fotos.photoslibrary/resources/derivatives/masters/D/DC0357EE-257E-4466-B3A1-95DF4D768DA1_4_5005_c.jpeg"
    ],
    "ultima_modificacion": "2025-08-01 01:01:14.213889"
  },
  "d124f59a18784afabb99688a0541944745005c.jpeg": {
    "app_sintetizada": "D124F59A18784AFABB99688A0541944745005C.JPEG",
    "cantidad_archivos": 1,
    "archivos_fuente": [
      "Pictures/Fototeca de Fotos.photoslibrary/resources/derivatives/masters/D/D124F59A-1878-4AFA-BB99-688A05419447_4_5005_c.jpeg"
    ],
    "ultima_modificacion": "2025-08-01 01:01:14.214153"
  },
  "da1ba0dc46e5415f80095b8756fb4ecd45005c.jpeg": {
    "app_sintetizada": "DA1BA0DC46E5415F80095B8756FB4ECD45005C.JPEG",
    "cantidad_archivos": 1,
    "archivos_fuente": [
      "Pictures/Fototeca de Fotos.photoslibrary/resources/derivatives/masters/D/DA1BA0DC-46E5-415F-8009-5B8756FB4ECD_4_5005_c.jpeg"
    ],
    "ultima_modificacion": "2025-08-01 01:01:14.214490"
  },
  "dc7cfe0ac0da4e27a24517bd392f70c545005c.jpeg": {
    "app_sintetizada": "DC7CFE0AC0DA4E27A24517BD392F70C545005C.JPEG",
    "cantidad_archivos": 1,
    "archivos_fuente": [
      "Pictures/Fototeca de Fotos.photoslibrary/resources/derivatives/masters/D/DC7CFE0A-C0DA-4E27-A245-17BD392F70C5_4_5005_c.jpeg"
    ],
    "ultima_modificacion": "2025-08-01 01:01:14.214735"
  },
  "d4209b15c3364137a8eceb9ff41de9fd45005c.jpeg": {
    "app_sintetizada": "D4209B15C3364137A8ECEB9FF41DE9FD45005C.JPEG",
    "cantidad_archivos": 1,
    "archivos_fuente": [
      "Pictures/Fototeca de Fotos.photoslibrary/resources/derivatives/masters/D/D4209B15-C336-4137-A8EC-EB9FF41DE9FD_4_5005_c.jpeg"
    ],
    "ultima_modificacion": "2025-08-01 01:01:14.215023"
  },
  "dba40a44bc564c8eb35a571ea94e18cf45005c.jpeg": {
    "app_sintetizada": "DBA40A44BC564C8EB35A571EA94E18CF45005C.JPEG",
    "cantidad_archivos": 1,
    "archivos_fuente": [
      "Pictures/Fototeca de Fotos.photoslibrary/resources/derivatives/masters/D/DBA40A44-BC56-4C8E-B35A-571EA94E18CF_4_5005_c.jpeg"
    ],
    "ultima_modificacion": "2025-08-01 01:01:14.215290"
  },
  "ddff0f3f3151427f82933aec7d8c0ec845005c.jpeg": {
    "app_sintetizada": "DDFF0F3F3151427F82933AEC7D8C0EC845005C.JPEG",
    "cantidad_archivos": 1,
    "archivos_fuente": [
      "Pictures/Fototeca de Fotos.photoslibrary/resources/derivatives/masters/D/DDFF0F3F-3151-427F-8293-3AEC7D8C0EC8_4_5005_c.jpeg"
    ],
    "ultima_modificacion": "2025-08-01 01:01:14.215575"
  },
  "dd5c0586a99e442aaea96c870bc4197245005c.jpeg": {
    "app_sintetizada": "DD5C0586A99E442AAEA96C870BC4197245005C.JPEG",
    "cantidad_archivos": 1,
    "archivos_fuente": [
      "Pictures/Fototeca de Fotos.photoslibrary/resources/derivatives/masters/D/DD5C0586-A99E-442A-AEA9-6C870BC41972_4_5005_c.jpeg"
    ],
    "ultima_modificacion": "2025-08-01 01:01:14.215837"
  },
  "d3de65605b5c4f48856eb696c08fc15045005c.jpeg": {
    "app_sintetizada": "D3DE65605B5C4F48856EB696C08FC15045005C.JPEG",
    "cantidad_archivos": 1,
    "archivos_fuente": [
      "Pictures/Fototeca de Fotos.photoslibrary/resources/derivatives/masters/D/D3DE6560-5B5C-4F48-856E-B696C08FC150_4_5005_c.jpeg"
    ],
    "ultima_modificacion": "2025-08-01 01:01:14.216082"
  },
  "d49d9d571b4242ee85f5e54845e2f0e945005c.jpeg": {
    "app_sintetizada": "D49D9D571B4242EE85F5E54845E2F0E945005C.JPEG",
    "cantidad_archivos": 1,
    "archivos_fuente": [
      "Pictures/Fototeca de Fotos.photoslibrary/resources/derivatives/masters/D/D49D9D57-1B42-42EE-85F5-E54845E2F0E9_4_5005_c.jpeg"
    ],
    "ultima_modificacion": "2025-08-01 01:01:14.216317"
  },
  "dc8fb685517c41f98ce801e46863834845005c.jpeg": {
    "app_sintetizada": "DC8FB685517C41F98CE801E46863834845005C.JPEG",
    "cantidad_archivos": 1,
    "archivos_fuente": [
      "Pictures/Fototeca de Fotos.photoslibrary/resources/derivatives/masters/D/DC8FB685-517C-41F9-8CE8-01E468638348_4_5005_c.jpeg"
    ],
    "ultima_modificacion": "2025-08-01 01:01:14.216569"
  },
  "dd67ff9d72bc43b483343e4d89afc37945005c.jpeg": {
    "app_sintetizada": "DD67FF9D72BC43B483343E4D89AFC37945005C.JPEG",
    "cantidad_archivos": 1,
    "archivos_fuente": [
      "Pictures/Fototeca de Fotos.photoslibrary/resources/derivatives/masters/D/DD67FF9D-72BC-43B4-8334-3E4D89AFC379_4_5005_c.jpeg"
    ],
    "ultima_modificacion": "2025-08-01 01:01:14.216869"
  },
  "ddbf4ceba05a4a2e962b334509d0b50545005c.jpeg": {
    "app_sintetizada": "DDBF4CEBA05A4A2E962B334509D0B50545005C.JPEG",
    "cantidad_archivos": 1,
    "archivos_fuente": [
      "Pictures/Fototeca de Fotos.photoslibrary/resources/derivatives/masters/D/DDBF4CEB-A05A-4A2E-962B-334509D0B505_4_5005_c.jpeg"
    ],
    "ultima_modificacion": "2025-08-01 01:01:14.217214"
  },
  "d5d7d067f880452fb3acf13caefebacc45005c.jpeg": {
    "app_sintetizada": "D5D7D067F880452FB3ACF13CAEFEBACC45005C.JPEG",
    "cantidad_archivos": 1,
    "archivos_fuente": [
      "Pictures/Fototeca de Fotos.photoslibrary/resources/derivatives/masters/D/D5D7D067-F880-452F-B3AC-F13CAEFEBACC_4_5005_c.jpeg"
    ],
    "ultima_modificacion": "2025-08-01 01:01:14.217462"
  },
  "d0f6043a868e4849bf29c5d8f0ec27b845005c.jpeg": {
    "app_sintetizada": "D0F6043A868E4849BF29C5D8F0EC27B845005C.JPEG",
    "cantidad_archivos": 1,
    "archivos_fuente": [
      "Pictures/Fototeca de Fotos.photoslibrary/resources/derivatives/masters/D/D0F6043A-868E-4849-BF29-C5D8F0EC27B8_4_5005_c.jpeg"
    ],
    "ultima_modificacion": "2025-08-01 01:01:14.217686"
  },
  "d0527ceb591541e39064c611db9b3fe345005c.jpeg": {
    "app_sintetizada": "D0527CEB591541E39064C611DB9B3FE345005C.JPEG",
    "cantidad_archivos": 1,
    "archivos_fuente": [
      "Pictures/Fototeca de Fotos.photoslibrary/resources/derivatives/masters/D/D0527CEB-5915-41E3-9064-C611DB9B3FE3_4_5005_c.jpeg"
    ],
    "ultima_modificacion": "2025-08-01 01:01:14.218007"
  },
  "dbc7fa039a994caf80544947dab4321145005c.jpeg": {
    "app_sintetizada": "DBC7FA039A994CAF80544947DAB4321145005C.JPEG",
    "cantidad_archivos": 1,
    "archivos_fuente": [
      "Pictures/Fototeca de Fotos.photoslibrary/resources/derivatives/masters/D/DBC7FA03-9A99-4CAF-8054-4947DAB43211_4_5005_c.jpeg"
    ],
    "ultima_modificacion": "2025-08-01 01:01:14.218259"
  },
  "d1355a0bdcba4b7090566b4596ae4cb745005c.jpeg": {
    "app_sintetizada": "D1355A0BDCBA4B7090566B4596AE4CB745005C.JPEG",
    "cantidad_archivos": 1,
    "archivos_fuente": [
      "Pictures/Fototeca de Fotos.photoslibrary/resources/derivatives/masters/D/D1355A0B-DCBA-4B70-9056-6B4596AE4CB7_4_5005_c.jpeg"
    ],
    "ultima_modificacion": "2025-08-01 01:01:14.218534"
  },
  "d13db7b9205f47a3a29ea4e2f1c6d4b045005c.jpeg": {
    "app_sintetizada": "D13DB7B9205F47A3A29EA4E2F1C6D4B045005C.JPEG",
    "cantidad_archivos": 1,
    "archivos_fuente": [
      "Pictures/Fototeca de Fotos.photoslibrary/resources/derivatives/masters/D/D13DB7B9-205F-47A3-A29E-A4E2F1C6D4B0_4_5005_c.jpeg"
    ],
    "ultima_modificacion": "2025-08-01 01:01:14.218770"
  },
  "d3257ae85760497ba7b9670501f2054d45005c.jpeg": {
    "app_sintetizada": "D3257AE85760497BA7B9670501F2054D45005C.JPEG",
    "cantidad_archivos": 1,
    "archivos_fuente": [
      "Pictures/Fototeca de Fotos.photoslibrary/resources/derivatives/masters/D/D3257AE8-5760-497B-A7B9-670501F2054D_4_5005_c.jpeg"
    ],
    "ultima_modificacion": "2025-08-01 01:01:14.219042"
  },
  "d0e85bc57f1440d7a2054a57ab7b954345005c.jpeg": {
    "app_sintetizada": "D0E85BC57F1440D7A2054A57AB7B954345005C.JPEG",
    "cantidad_archivos": 1,
    "archivos_fuente": [
      "Pictures/Fototeca de Fotos.photoslibrary/resources/derivatives/masters/D/D0E85BC5-7F14-40D7-A205-4A57AB7B9543_4_5005_c.jpeg"
    ],
    "ultima_modificacion": "2025-08-01 01:01:14.219297"
  },
  "d370dbce76b14fe9bfa6bdff431ddcd845005c.jpeg": {
    "app_sintetizada": "D370DBCE76B14FE9BFA6BDFF431DDCD845005C.JPEG",
    "cantidad_archivos": 1,
    "archivos_fuente": [
      "Pictures/Fototeca de Fotos.photoslibrary/resources/derivatives/masters/D/D370DBCE-76B1-4FE9-BFA6-BDFF431DDCD8_4_5005_c.jpeg"
    ],
    "ultima_modificacion": "2025-08-01 01:01:14.219543"
  },
  "dcf1508ecad641f6acd02fdf2b1767d245005c.jpeg": {
    "app_sintetizada": "DCF1508ECAD641F6ACD02FDF2B1767D245005C.JPEG",
    "cantidad_archivos": 1,
    "archivos_fuente": [
      "Pictures/Fototeca de Fotos.photoslibrary/resources/derivatives/masters/D/DCF1508E-CAD6-41F6-ACD0-2FDF2B1767D2_4_5005_c.jpeg"
    ],
    "ultima_modificacion": "2025-08-01 01:01:14.219784"
  },
  "da2af8e55fa246a29391d822b1cf63a845005c.jpeg": {
    "app_sintetizada": "DA2AF8E55FA246A29391D822B1CF63A845005C.JPEG",
    "cantidad_archivos": 1,
    "archivos_fuente": [
      "Pictures/Fototeca de Fotos.photoslibrary/resources/derivatives/masters/D/DA2AF8E5-5FA2-46A2-9391-D822B1CF63A8_4_5005_c.jpeg"
    ],
    "ultima_modificacion": "2025-08-01 01:01:14.220014"
  },
  "d9ff650af37b419e99eb6962cae175a245005c.jpeg": {
    "app_sintetizada": "D9FF650AF37B419E99EB6962CAE175A245005C.JPEG",
    "cantidad_archivos": 1,
    "archivos_fuente": [
      "Pictures/Fototeca de Fotos.photoslibrary/resources/derivatives/masters/D/D9FF650A-F37B-419E-99EB-6962CAE175A2_4_5005_c.jpeg"
    ],
    "ultima_modificacion": "2025-08-01 01:01:14.220276"
  },
  "db88900ed18f4509bd93545ce93da0fb45005c.jpeg": {
    "app_sintetizada": "DB88900ED18F4509BD93545CE93DA0FB45005C.JPEG",
    "cantidad_archivos": 1,
    "archivos_fuente": [
      "Pictures/Fototeca de Fotos.photoslibrary/resources/derivatives/masters/D/DB88900E-D18F-4509-BD93-545CE93DA0FB_4_5005_c.jpeg"
    ],
    "ultima_modificacion": "2025-08-01 01:01:14.220513"
  },
  "ddf516cc8a844f789b7bd16a28c6229245005c.jpeg": {
    "app_sintetizada": "DDF516CC8A844F789B7BD16A28C6229245005C.JPEG",
    "cantidad_archivos": 1,
    "archivos_fuente": [
      "Pictures/Fototeca de Fotos.photoslibrary/resources/derivatives/masters/D/DDF516CC-8A84-4F78-9B7B-D16A28C62292_4_5005_c.jpeg"
    ],
    "ultima_modificacion": "2025-08-01 01:01:14.220810"
  },
  "de80b8289cdf4936bd2cdbeb188b0ff045005c.jpeg": {
    "app_sintetizada": "DE80B8289CDF4936BD2CDBEB188B0FF045005C.JPEG",
    "cantidad_archivos": 1,
    "archivos_fuente": [
      "Pictures/Fototeca de Fotos.photoslibrary/resources/derivatives/masters/D/DE80B828-9CDF-4936-BD2C-DBEB188B0FF0_4_5005_c.jpeg"
    ],
    "ultima_modificacion": "2025-08-01 01:01:14.221052"
  },
  "d547c3eeb5334ae0821ec7650f6245d645005c.jpeg": {
    "app_sintetizada": "D547C3EEB5334AE0821EC7650F6245D645005C.JPEG",
    "cantidad_archivos": 1,
    "archivos_fuente": [
      "Pictures/Fototeca de Fotos.photoslibrary/resources/derivatives/masters/D/D547C3EE-B533-4AE0-821E-C7650F6245D6_4_5005_c.jpeg"
    ],
    "ultima_modificacion": "2025-08-01 01:01:14.221568"
  },
  "d8a32964a50f42dfaa075073ca8283aa45005c.jpeg": {
    "app_sintetizada": "D8A32964A50F42DFAA075073CA8283AA45005C.JPEG",
    "cantidad_archivos": 1,
    "archivos_fuente": [
      "Pictures/Fototeca de Fotos.photoslibrary/resources/derivatives/masters/D/D8A32964-A50F-42DF-AA07-5073CA8283AA_4_5005_c.jpeg"
    ],
    "ultima_modificacion": "2025-08-01 01:01:14.221982"
  },
  "d46a6107d1f449d78db5d4c44b07aea845005c.jpeg": {
    "app_sintetizada": "D46A6107D1F449D78DB5D4C44B07AEA845005C.JPEG",
    "cantidad_archivos": 1,
    "archivos_fuente": [
      "Pictures/Fototeca de Fotos.photoslibrary/resources/derivatives/masters/D/D46A6107-D1F4-49D7-8DB5-D4C44B07AEA8_4_5005_c.jpeg"
    ],
    "ultima_modificacion": "2025-08-01 01:01:14.222308"
  },
  "d663f02b307d4f359bb147bee3a93d2e45005c.jpeg": {
    "app_sintetizada": "D663F02B307D4F359BB147BEE3A93D2E45005C.JPEG",
    "cantidad_archivos": 1,
    "archivos_fuente": [
      "Pictures/Fototeca de Fotos.photoslibrary/resources/derivatives/masters/D/D663F02B-307D-4F35-9BB1-47BEE3A93D2E_4_5005_c.jpeg"
    ],
    "ultima_modificacion": "2025-08-01 01:01:14.222550"
  },
  "d462629a4d054b5191d0e39fbc1cdef845005c.jpeg": {
    "app_sintetizada": "D462629A4D054B5191D0E39FBC1CDEF845005C.JPEG",
    "cantidad_archivos": 1,
    "archivos_fuente": [
      "Pictures/Fototeca de Fotos.photoslibrary/resources/derivatives/masters/D/D462629A-4D05-4B51-91D0-E39FBC1CDEF8_4_5005_c.jpeg"
    ],
    "ultima_modificacion": "2025-08-01 01:01:14.222856"
  },
  "dfae4644eeb342a1a25ac1cc4851d95945005c.jpeg": {
    "app_sintetizada": "DFAE4644EEB342A1A25AC1CC4851D95945005C.JPEG",
    "cantidad_archivos": 1,
    "archivos_fuente": [
      "Pictures/Fototeca de Fotos.photoslibrary/resources/derivatives/masters/D/DFAE4644-EEB3-42A1-A25A-C1CC4851D959_4_5005_c.jpeg"
    ],
    "ultima_modificacion": "2025-08-01 01:01:14.223165"
  },
  "de07f77828b44b9191de212daeb08cc545005c.jpeg": {
    "app_sintetizada": "DE07F77828B44B9191DE212DAEB08CC545005C.JPEG",
    "cantidad_archivos": 1,
    "archivos_fuente": [
      "Pictures/Fototeca de Fotos.photoslibrary/resources/derivatives/masters/D/DE07F778-28B4-4B91-91DE-212DAEB08CC5_4_5005_c.jpeg"
    ],
    "ultima_modificacion": "2025-08-01 01:01:14.223519"
  },
  "d0c36d0e8d754ecca3e357174a10531045005c.jpeg": {
    "app_sintetizada": "D0C36D0E8D754ECCA3E357174A10531045005C.JPEG",
    "cantidad_archivos": 1,
    "archivos_fuente": [
      "Pictures/Fototeca de Fotos.photoslibrary/resources/derivatives/masters/D/D0C36D0E-8D75-4ECC-A3E3-57174A105310_4_5005_c.jpeg"
    ],
    "ultima_modificacion": "2025-08-01 01:01:14.223750"
  },
  "dccd0aab5ec24a6e9a1da47acfbb091e45005c.jpeg": {
    "app_sintetizada": "DCCD0AAB5EC24A6E9A1DA47ACFBB091E45005C.JPEG",
    "cantidad_archivos": 1,
    "archivos_fuente": [
      "Pictures/Fototeca de Fotos.photoslibrary/resources/derivatives/masters/D/DCCD0AAB-5EC2-4A6E-9A1D-A47ACFBB091E_4_5005_c.jpeg"
    ],
    "ultima_modificacion": "2025-08-01 01:01:14.223957"
  },
  "d4f86a28d9e1443d9c94df192e712d8b45005c.jpeg": {
    "app_sintetizada": "D4F86A28D9E1443D9C94DF192E712D8B45005C.JPEG",
    "cantidad_archivos": 1,
    "archivos_fuente": [
      "Pictures/Fototeca de Fotos.photoslibrary/resources/derivatives/masters/D/D4F86A28-D9E1-443D-9C94-DF192E712D8B_4_5005_c.jpeg"
    ],
    "ultima_modificacion": "2025-08-01 01:01:14.224369"
  },
  "d012ee1edc4a482089c8e73ed6c5d17345005c.jpeg": {
    "app_sintetizada": "D012EE1EDC4A482089C8E73ED6C5D17345005C.JPEG",
    "cantidad_archivos": 1,
    "archivos_fuente": [
      "Pictures/Fototeca de Fotos.photoslibrary/resources/derivatives/masters/D/D012EE1E-DC4A-4820-89C8-E73ED6C5D173_4_5005_c.jpeg"
    ],
    "ultima_modificacion": "2025-08-01 01:01:14.224608"
  },
  "d7c938a9dace4c338f5e0a3f75552b9b45005c.jpeg": {
    "app_sintetizada": "D7C938A9DACE4C338F5E0A3F75552B9B45005C.JPEG",
    "cantidad_archivos": 1,
    "archivos_fuente": [
      "Pictures/Fototeca de Fotos.photoslibrary/resources/derivatives/masters/D/D7C938A9-DACE-4C33-8F5E-0A3F75552B9B_4_5005_c.jpeg"
    ],
    "ultima_modificacion": "2025-08-01 01:01:14.224802"
  },
  "d1813f5c53eb492b85d5541a594b88cb45005c.jpeg": {
    "app_sintetizada": "D1813F5C53EB492B85D5541A594B88CB45005C.JPEG",
    "cantidad_archivos": 1,
    "archivos_fuente": [
      "Pictures/Fototeca de Fotos.photoslibrary/resources/derivatives/masters/D/D1813F5C-53EB-492B-85D5-541A594B88CB_4_5005_c.jpeg"
    ],
    "ultima_modificacion": "2025-08-01 01:01:14.225007"
  }
}