{
  "c9a3cd1362e6415eb46940aeb139456145005c.jpeg": {
    "app_sintetizada": "C9A3CD1362E6415EB46940AEB139456145005C.JPEG",
    "cantidad_archivos": 1,
    "archivos_fuente": [
      "Pictures/Fototeca de Fotos.photoslibrary/resources/derivatives/masters/C/C9A3CD13-62E6-415E-B469-40AEB1394561_4_5005_c.jpeg"
    ],
    "ultima_modificacion": "2025-08-01 01:01:13.765265"
  },
  "cffd7747662a453ba666edaf0162e62045005c.jpeg": {
    "app_sintetizada": "CFFD7747662A453BA666EDAF0162E62045005C.JPEG",
    "cantidad_archivos": 1,
    "archivos_fuente": [
      "Pictures/Fototeca de Fotos.photoslibrary/resources/derivatives/masters/C/CFFD7747-662A-453B-A666-EDAF0162E620_4_5005_c.jpeg"
    ],
    "ultima_modificacion": "2025-08-01 01:01:13.765602"
  },
  "c4257f932e7842699d429fba38c691dd45005c.jpeg": {
    "app_sintetizada": "C4257F932E7842699D429FBA38C691DD45005C.JPEG",
    "cantidad_archivos": 1,
    "archivos_fuente": [
      "Pictures/Fototeca de Fotos.photoslibrary/resources/derivatives/masters/C/C4257F93-2E78-4269-9D42-9FBA38C691DD_4_5005_c.jpeg"
    ],
    "ultima_modificacion": "2025-08-01 01:01:13.765879"
  },
  "cb54987a693a4218a5c05d958883f42845005c.jpeg": {
    "app_sintetizada": "CB54987A693A4218A5C05D958883F42845005C.JPEG",
    "cantidad_archivos": 1,
    "archivos_fuente": [
      "Pictures/Fototeca de Fotos.photoslibrary/resources/derivatives/masters/C/CB54987A-693A-4218-A5C0-5D958883F428_4_5005_c.jpeg"
    ],
    "ultima_modificacion": "2025-08-01 01:01:13.766163"
  },
  "c626c3e6d1a5491eb7869ef4605b1f6045005c.jpeg": {
    "app_sintetizada": "C626C3E6D1A5491EB7869EF4605B1F6045005C.JPEG",
    "cantidad_archivos": 1,
    "archivos_fuente": [
      "Pictures/Fototeca de Fotos.photoslibrary/resources/derivatives/masters/C/C626C3E6-D1A5-491E-B786-9EF4605B1F60_4_5005_c.jpeg"
    ],
    "ultima_modificacion": "2025-08-01 01:01:13.766465"
  },
  "c17cbf23676344cb95092cfcc8c5d93645005c.jpeg": {
    "app_sintetizada": "C17CBF23676344CB95092CFCC8C5D93645005C.JPEG",
    "cantidad_archivos": 1,
    "archivos_fuente": [
      "Pictures/Fototeca de Fotos.photoslibrary/resources/derivatives/masters/C/C17CBF23-6763-44CB-9509-2CFCC8C5D936_4_5005_c.jpeg"
    ],
    "ultima_modificacion": "2025-08-01 01:01:13.766811"
  },
  "cef155796a0c4d599940dd43c21ab86445005c.jpeg": {
    "app_sintetizada": "CEF155796A0C4D599940DD43C21AB86445005C.JPEG",
    "cantidad_archivos": 1,
    "archivos_fuente": [
      "Pictures/Fototeca de Fotos.photoslibrary/resources/derivatives/masters/C/CEF15579-6A0C-4D59-9940-DD43C21AB864_4_5005_c.jpeg"
    ],
    "ultima_modificacion": "2025-08-01 01:01:13.767074"
  },
  "cb5705a65612407f9b3ad7c5c394cc0445005c.jpeg": {
    "app_sintetizada": "CB5705A65612407F9B3AD7C5C394CC0445005C.JPEG",
    "cantidad_archivos": 1,
    "archivos_fuente": [
      "Pictures/Fototeca de Fotos.photoslibrary/resources/derivatives/masters/C/CB5705A6-5612-407F-9B3A-D7C5C394CC04_4_5005_c.jpeg"
    ],
    "ultima_modificacion": "2025-08-01 01:01:13.767353"
  },
  "c29544f59090496092731a246c71037d45005c.jpeg": {
    "app_sintetizada": "C29544F59090496092731A246C71037D45005C.JPEG",
    "cantidad_archivos": 1,
    "archivos_fuente": [
      "Pictures/Fototeca de Fotos.photoslibrary/resources/derivatives/masters/C/C29544F5-9090-4960-9273-1A246C71037D_4_5005_c.jpeg"
    ],
    "ultima_modificacion": "2025-08-01 01:01:13.767614"
  },
  "c10b5eaef17941839721b9cb671a682345005c.jpeg": {
    "app_sintetizada": "C10B5EAEF17941839721B9CB671A682345005C.JPEG",
    "cantidad_archivos": 1,
    "archivos_fuente": [
      "Pictures/Fototeca de Fotos.photoslibrary/resources/derivatives/masters/C/C10B5EAE-F179-4183-9721-B9CB671A6823_4_5005_c.jpeg"
    ],
    "ultima_modificacion": "2025-08-01 01:01:13.767875"
  },
  "c0db1da3be544f27a218f4807aeac34c45005c.jpeg": {
    "app_sintetizada": "C0DB1DA3BE544F27A218F4807AEAC34C45005C.JPEG",
    "cantidad_archivos": 1,
    "archivos_fuente": [
      "Pictures/Fototeca de Fotos.photoslibrary/resources/derivatives/masters/C/C0DB1DA3-BE54-4F27-A218-F4807AEAC34C_4_5005_c.jpeg"
    ],
    "ultima_modificacion": "2025-08-01 01:01:13.768132"
  },
  "c2da321790e34b078aaf99805a44e0af45005c.jpeg": {
    "app_sintetizada": "C2DA321790E34B078AAF99805A44E0AF45005C.JPEG",
    "cantidad_archivos": 1,
    "archivos_fuente": [
      "Pictures/Fototeca de Fotos.photoslibrary/resources/derivatives/masters/C/C2DA3217-90E3-4B07-8AAF-99805A44E0AF_4_5005_c.jpeg"
    ],
    "ultima_modificacion": "2025-08-01 01:01:13.768401"
  },
  "cffa419df3854d16aa26bbbabb3fc17e45005c.jpeg": {
    "app_sintetizada": "CFFA419DF3854D16AA26BBBABB3FC17E45005C.JPEG",
    "cantidad_archivos": 1,
    "archivos_fuente": [
      "Pictures/Fototeca de Fotos.photoslibrary/resources/derivatives/masters/C/CFFA419D-F385-4D16-AA26-BBBABB3FC17E_4_5005_c.jpeg"
    ],
    "ultima_modificacion": "2025-08-01 01:01:13.768658"
  },
  "c843f7e213c9490c8daf8dcb2cfef76245005c.jpeg": {
    "app_sintetizada": "C843F7E213C9490C8DAF8DCB2CFEF76245005C.JPEG",
    "cantidad_archivos": 1,
    "archivos_fuente": [
      "Pictures/Fototeca de Fotos.photoslibrary/resources/derivatives/masters/C/C843F7E2-13C9-490C-8DAF-8DCB2CFEF762_4_5005_c.jpeg"
    ],
    "ultima_modificacion": "2025-08-01 01:01:13.768910"
  },
  "c6dd205a2bff4ed7a1d30fed9a14e23245005c.jpeg": {
    "app_sintetizada": "C6DD205A2BFF4ED7A1D30FED9A14E23245005C.JPEG",
    "cantidad_archivos": 1,
    "archivos_fuente": [
      "Pictures/Fototeca de Fotos.photoslibrary/resources/derivatives/masters/C/C6DD205A-2BFF-4ED7-A1D3-0FED9A14E232_4_5005_c.jpeg"
    ],
    "ultima_modificacion": "2025-08-01 01:01:13.769173"
  },
  "c45e0f434cae49f780e23796c52529bd45005c.jpeg": {
    "app_sintetizada": "C45E0F434CAE49F780E23796C52529BD45005C.JPEG",
    "cantidad_archivos": 1,
    "archivos_fuente": [
      "Pictures/Fototeca de Fotos.photoslibrary/resources/derivatives/masters/C/C45E0F43-4CAE-49F7-80E2-3796C52529BD_4_5005_c.jpeg"
    ],
    "ultima_modificacion": "2025-08-01 01:01:13.769527"
  },
  "ca2c3e296f074827a1a5ef2c315c987745005c.jpeg": {
    "app_sintetizada": "CA2C3E296F074827A1A5EF2C315C987745005C.JPEG",
    "cantidad_archivos": 1,
    "archivos_fuente": [
      "Pictures/Fototeca de Fotos.photoslibrary/resources/derivatives/masters/C/CA2C3E29-6F07-4827-A1A5-EF2C315C9877_4_5005_c.jpeg"
    ],
    "ultima_modificacion": "2025-08-01 01:01:13.769833"
  },
  "c8de6f175306473cb25370cfb5e2069445005c.jpeg": {
    "app_sintetizada": "C8DE6F175306473CB25370CFB5E2069445005C.JPEG",
    "cantidad_archivos": 1,
    "archivos_fuente": [
      "Pictures/Fototeca de Fotos.photoslibrary/resources/derivatives/masters/C/C8DE6F17-5306-473C-B253-70CFB5E20694_4_5005_c.jpeg"
    ],
    "ultima_modificacion": "2025-08-01 01:01:13.770112"
  },
  "c239cc23e55d4bb5b764d3403484f95645005c.jpeg": {
    "app_sintetizada": "C239CC23E55D4BB5B764D3403484F95645005C.JPEG",
    "cantidad_archivos": 1,
    "archivos_fuente": [
      "Pictures/Fototeca de Fotos.photoslibrary/resources/derivatives/masters/C/C239CC23-E55D-4BB5-B764-D3403484F956_4_5005_c.jpeg"
    ],
    "ultima_modificacion": "2025-08-01 01:01:13.770382"
  },
  "ceb376b390cd4929936633dce031003f45005c.jpeg": {
    "app_sintetizada": "CEB376B390CD4929936633DCE031003F45005C.JPEG",
    "cantidad_archivos": 1,
    "archivos_fuente": [
      "Pictures/Fototeca de Fotos.photoslibrary/resources/derivatives/masters/C/CEB376B3-90CD-4929-9366-33DCE031003F_4_5005_c.jpeg"
    ],
    "ultima_modificacion": "2025-08-01 01:01:13.770829"
  },
  "c16c43c3cba24076ae8de4b7976e99db45005c.jpeg": {
    "app_sintetizada": "C16C43C3CBA24076AE8DE4B7976E99DB45005C.JPEG",
    "cantidad_archivos": 1,
    "archivos_fuente": [
      "Pictures/Fototeca de Fotos.photoslibrary/resources/derivatives/masters/C/C16C43C3-CBA2-4076-AE8D-E4B7976E99DB_4_5005_c.jpeg"
    ],
    "ultima_modificacion": "2025-08-01 01:01:13.771105"
  },
  "c03a7a17ad4d4f82b7d5d867de2ab63245005c.jpeg": {
    "app_sintetizada": "C03A7A17AD4D4F82B7D5D867DE2AB63245005C.JPEG",
    "cantidad_archivos": 1,
    "archivos_fuente": [
      "Pictures/Fototeca de Fotos.photoslibrary/resources/derivatives/masters/C/C03A7A17-AD4D-4F82-B7D5-D867DE2AB632_4_5005_c.jpeg"
    ],
    "ultima_modificacion": "2025-08-01 01:01:13.771380"
  },
  "c2d7f4c84195485badc9a49d0808ec6445005c.jpeg": {
    "app_sintetizada": "C2D7F4C84195485BADC9A49D0808EC6445005C.JPEG",
    "cantidad_archivos": 1,
    "archivos_fuente": [
      "Pictures/Fototeca de Fotos.photoslibrary/resources/derivatives/masters/C/C2D7F4C8-4195-485B-ADC9-A49D0808EC64_4_5005_c.jpeg"
    ],
    "ultima_modificacion": "2025-08-01 01:01:13.771632"
  },
  "cb108a250fc34be08f7c20ce9b61745345005c.jpeg": {
    "app_sintetizada": "CB108A250FC34BE08F7C20CE9B61745345005C.JPEG",
    "cantidad_archivos": 1,
    "archivos_fuente": [
      "Pictures/Fototeca de Fotos.photoslibrary/resources/derivatives/masters/C/CB108A25-0FC3-4BE0-8F7C-20CE9B617453_4_5005_c.jpeg"
    ],
    "ultima_modificacion": "2025-08-01 01:01:13.771908"
  },
  "c61a9b53f8d04add9cf109df7f88a16245005c.jpeg": {
    "app_sintetizada": "C61A9B53F8D04ADD9CF109DF7F88A16245005C.JPEG",
    "cantidad_archivos": 1,
    "archivos_fuente": [
      "Pictures/Fototeca de Fotos.photoslibrary/resources/derivatives/masters/C/C61A9B53-F8D0-4ADD-9CF1-09DF7F88A162_4_5005_c.jpeg"
    ],
    "ultima_modificacion": "2025-08-01 01:01:13.772144"
  },
  "cb982ac0b53d452888b84342178e9ee445005c.jpeg": {
    "app_sintetizada": "CB982AC0B53D452888B84342178E9EE445005C.JPEG",
    "cantidad_archivos": 1,
    "archivos_fuente": [
      "Pictures/Fototeca de Fotos.photoslibrary/resources/derivatives/masters/C/CB982AC0-B53D-4528-88B8-4342178E9EE4_4_5005_c.jpeg"
    ],
    "ultima_modificacion": "2025-08-01 01:01:13.772403"
  },
  "c301dd35d00740fc9d954cdf527d043f45005c.jpeg": {
    "app_sintetizada": "C301DD35D00740FC9D954CDF527D043F45005C.JPEG",
    "cantidad_archivos": 1,
    "archivos_fuente": [
      "Pictures/Fototeca de Fotos.photoslibrary/resources/derivatives/masters/C/C301DD35-D007-40FC-9D95-4CDF527D043F_4_5005_c.jpeg"
    ],
    "ultima_modificacion": "2025-08-01 01:01:13.772640"
  },
  "c405a2233cca407bb1e02e3c61a9618845005c.jpeg": {
    "app_sintetizada": "C405A2233CCA407BB1E02E3C61A9618845005C.JPEG",
    "cantidad_archivos": 1,
    "archivos_fuente": [
      "Pictures/Fototeca de Fotos.photoslibrary/resources/derivatives/masters/C/C405A223-3CCA-407B-B1E0-2E3C61A96188_4_5005_c.jpeg"
    ],
    "ultima_modificacion": "2025-08-01 01:01:13.772960"
  },
  "c4ebca0887a441ab909e79fda5b2a68745005c.jpeg": {
    "app_sintetizada": "C4EBCA0887A441AB909E79FDA5B2A68745005C.JPEG",
    "cantidad_archivos": 1,
    "archivos_fuente": [
      "Pictures/Fototeca de Fotos.photoslibrary/resources/derivatives/masters/C/C4EBCA08-87A4-41AB-909E-79FDA5B2A687_4_5005_c.jpeg"
    ],
    "ultima_modificacion": "2025-08-01 01:01:13.773203"
  },
  "c402c63586c94302b5d0da1625b0979845005c.jpeg": {
    "app_sintetizada": "C402C63586C94302B5D0DA1625B0979845005C.JPEG",
    "cantidad_archivos": 1,
    "archivos_fuente": [
      "Pictures/Fototeca de Fotos.photoslibrary/resources/derivatives/masters/C/C402C635-86C9-4302-B5D0-DA1625B09798_4_5005_c.jpeg"
    ],
    "ultima_modificacion": "2025-08-01 01:01:13.773412"
  },
  "cb41edb630034583ab494fa3a219604b45005c.jpeg": {
    "app_sintetizada": "CB41EDB630034583AB494FA3A219604B45005C.JPEG",
    "cantidad_archivos": 1,
    "archivos_fuente": [
      "Pictures/Fototeca de Fotos.photoslibrary/resources/derivatives/masters/C/CB41EDB6-3003-4583-AB49-4FA3A219604B_4_5005_c.jpeg"
    ],
    "ultima_modificacion": "2025-08-01 01:01:13.773680"
  },
  "cd973caaba044464a140062539622e7f45005c.jpeg": {
    "app_sintetizada": "CD973CAABA044464A140062539622E7F45005C.JPEG",
    "cantidad_archivos": 1,
    "archivos_fuente": [
      "Pictures/Fototeca de Fotos.photoslibrary/resources/derivatives/masters/C/CD973CAA-BA04-4464-A140-062539622E7F_4_5005_c.jpeg"
    ],
    "ultima_modificacion": "2025-08-01 01:01:13.774039"
  },
  "c0f06ab6d2e948aab635fcf5c7a8b6ad45005c.jpeg": {
    "app_sintetizada": "C0F06AB6D2E948AAB635FCF5C7A8B6AD45005C.JPEG",
    "cantidad_archivos": 1,
    "archivos_fuente": [
      "Pictures/Fototeca de Fotos.photoslibrary/resources/derivatives/masters/C/C0F06AB6-D2E9-48AA-B635-FCF5C7A8B6AD_4_5005_c.jpeg"
    ],
    "ultima_modificacion": "2025-08-01 01:01:13.774415"
  },
  "c137920c0cf24e17a355de66ad8c373545005c.jpeg": {
    "app_sintetizada": "C137920C0CF24E17A355DE66AD8C373545005C.JPEG",
    "cantidad_archivos": 1,
    "archivos_fuente": [
      "Pictures/Fototeca de Fotos.photoslibrary/resources/derivatives/masters/C/C137920C-0CF2-4E17-A355-DE66AD8C3735_4_5005_c.jpeg"
    ],
    "ultima_modificacion": "2025-08-01 01:01:13.774776"
  },
  "c1b4d60949b84038b96bc88459e7b66345005c.jpeg": {
    "app_sintetizada": "C1B4D60949B84038B96BC88459E7B66345005C.JPEG",
    "cantidad_archivos": 1,
    "archivos_fuente": [
      "Pictures/Fototeca de Fotos.photoslibrary/resources/derivatives/masters/C/C1B4D609-49B8-4038-B96B-C88459E7B663_4_5005_c.jpeg"
    ],
    "ultima_modificacion": "2025-08-01 01:01:13.775047"
  },
  "cb917c8a6ffc498c86246b29448989d045005c.jpeg": {
    "app_sintetizada": "CB917C8A6FFC498C86246B29448989D045005C.JPEG",
    "cantidad_archivos": 1,
    "archivos_fuente": [
      "Pictures/Fototeca de Fotos.photoslibrary/resources/derivatives/masters/C/CB917C8A-6FFC-498C-8624-6B29448989D0_4_5005_c.jpeg"
    ],
    "ultima_modificacion": "2025-08-01 01:01:13.775335"
  },
  "c078787a19ce4784bd7fd92f3ffe73f145005c.jpeg": {
    "app_sintetizada": "C078787A19CE4784BD7FD92F3FFE73F145005C.JPEG",
    "cantidad_archivos": 1,
    "archivos_fuente": [
      "Pictures/Fototeca de Fotos.photoslibrary/resources/derivatives/masters/C/C078787A-19CE-4784-BD7F-D92F3FFE73F1_4_5005_c.jpeg"
    ],
    "ultima_modificacion": "2025-08-01 01:01:13.775594"
  },
  "caba419476414a41b6c6353f4a2c69d145005c.jpeg": {
    "app_sintetizada": "CABA419476414A41B6C6353F4A2C69D145005C.JPEG",
    "cantidad_archivos": 1,
    "archivos_fuente": [
      "Pictures/Fototeca de Fotos.photoslibrary/resources/derivatives/masters/C/CABA4194-7641-4A41-B6C6-353F4A2C69D1_4_5005_c.jpeg"
    ],
    "ultima_modificacion": "2025-08-01 01:01:13.775864"
  },
  "cbb444c8dcbf4ff4886921a76f20b27545005c.jpeg": {
    "app_sintetizada": "CBB444C8DCBF4FF4886921A76F20B27545005C.JPEG",
    "cantidad_archivos": 1,
    "archivos_fuente": [
      "Pictures/Fototeca de Fotos.photoslibrary/resources/derivatives/masters/C/CBB444C8-DCBF-4FF4-8869-21A76F20B275_4_5005_c.jpeg"
    ],
    "ultima_modificacion": "2025-08-01 01:01:13.776174"
  },
  "cfd01e89478b46398e570281fb8456b245005c.jpeg": {
    "app_sintetizada": "CFD01E89478B46398E570281FB8456B245005C.JPEG",
    "cantidad_archivos": 1,
    "archivos_fuente": [
      "Pictures/Fototeca de Fotos.photoslibrary/resources/derivatives/masters/C/CFD01E89-478B-4639-8E57-0281FB8456B2_4_5005_c.jpeg"
    ],
    "ultima_modificacion": "2025-08-01 01:01:13.776424"
  },
  "cc62a3fbabef4f1d8989e39f36f1a8c745005c.jpeg": {
    "app_sintetizada": "CC62A3FBABEF4F1D8989E39F36F1A8C745005C.JPEG",
    "cantidad_archivos": 1,
    "archivos_fuente": [
      "Pictures/Fototeca de Fotos.photoslibrary/resources/derivatives/masters/C/CC62A3FB-ABEF-4F1D-8989-E39F36F1A8C7_4_5005_c.jpeg"
    ],
    "ultima_modificacion": "2025-08-01 01:01:13.776759"
  },
  "cd2e62cd9038408ea84722ed41184c6245005c.jpeg": {
    "app_sintetizada": "CD2E62CD9038408EA84722ED41184C6245005C.JPEG",
    "cantidad_archivos": 1,
    "archivos_fuente": [
      "Pictures/Fototeca de Fotos.photoslibrary/resources/derivatives/masters/C/CD2E62CD-9038-408E-A847-22ED41184C62_4_5005_c.jpeg"
    ],
    "ultima_modificacion": "2025-08-01 01:01:13.777015"
  },
  "cb12e93b7efa44eeb90261938bae397045005c.jpeg": {
    "app_sintetizada": "CB12E93B7EFA44EEB90261938BAE397045005C.JPEG",
    "cantidad_archivos": 1,
    "archivos_fuente": [
      "Pictures/Fototeca de Fotos.photoslibrary/resources/derivatives/masters/C/CB12E93B-7EFA-44EE-B902-61938BAE3970_4_5005_c.jpeg"
    ],
    "ultima_modificacion": "2025-08-01 01:01:13.777247"
  },
  "cd58cc2dd6af45c6876dfa4f379f1f4a45005c.jpeg": {
    "app_sintetizada": "CD58CC2DD6AF45C6876DFA4F379F1F4A45005C.JPEG",
    "cantidad_archivos": 1,
    "archivos_fuente": [
      "Pictures/Fototeca de Fotos.photoslibrary/resources/derivatives/masters/C/CD58CC2D-D6AF-45C6-876D-FA4F379F1F4A_4_5005_c.jpeg"
    ],
    "ultima_modificacion": "2025-08-01 01:01:13.777546"
  },
  "c30e445de9ff43efb82117c6c6aaa96645005c.jpeg": {
    "app_sintetizada": "C30E445DE9FF43EFB82117C6C6AAA96645005C.JPEG",
    "cantidad_archivos": 1,
    "archivos_fuente": [
      "Pictures/Fototeca de Fotos.photoslibrary/resources/derivatives/masters/C/C30E445D-E9FF-43EF-B821-17C6C6AAA966_4_5005_c.jpeg"
    ],
    "ultima_modificacion": "2025-08-01 01:01:13.777784"
  },
  "c83841e0946a46109918efacabc868c145005c.jpeg": {
    "app_sintetizada": "C83841E0946A46109918EFACABC868C145005C.JPEG",
    "cantidad_archivos": 1,
    "archivos_fuente": [
      "Pictures/Fototeca de Fotos.photoslibrary/resources/derivatives/masters/C/C83841E0-946A-4610-9918-EFACABC868C1_4_5005_c.jpeg"
    ],
    "ultima_modificacion": "2025-08-01 01:01:13.778021"
  },
  "c589407a40d248fcaf03d34c5b86609c45005c.jpeg": {
    "app_sintetizada": "C589407A40D248FCAF03D34C5B86609C45005C.JPEG",
    "cantidad_archivos": 1,
    "archivos_fuente": [
      "Pictures/Fototeca de Fotos.photoslibrary/resources/derivatives/masters/C/C589407A-40D2-48FC-AF03-D34C5B86609C_4_5005_c.jpeg"
    ],
    "ultima_modificacion": "2025-08-01 01:01:13.778293"
  },
  "cf5f2a8343b54fd2befbb74eb615655c45005c.jpeg": {
    "app_sintetizada": "CF5F2A8343B54FD2BEFBB74EB615655C45005C.JPEG",
    "cantidad_archivos": 1,
    "archivos_fuente": [
      "Pictures/Fototeca de Fotos.photoslibrary/resources/derivatives/masters/C/CF5F2A83-43B5-4FD2-BEFB-B74EB615655C_4_5005_c.jpeg"
    ],
    "ultima_modificacion": "2025-08-01 01:01:13.778531"
  },
  "c3698fdf8e8840bea901973e98e4a51045005c.jpeg": {
    "app_sintetizada": "C3698FDF8E8840BEA901973E98E4A51045005C.JPEG",
    "cantidad_archivos": 1,
    "archivos_fuente": [
      "Pictures/Fototeca de Fotos.photoslibrary/resources/derivatives/masters/C/C3698FDF-8E88-40BE-A901-973E98E4A510_4_5005_c.jpeg"
    ],
    "ultima_modificacion": "2025-08-01 01:01:13.778766"
  },
  "ca20093c6bcb49f4b0309f432b98063145005c.jpeg": {
    "app_sintetizada": "CA20093C6BCB49F4B0309F432B98063145005C.JPEG",
    "cantidad_archivos": 1,
    "archivos_fuente": [
      "Pictures/Fototeca de Fotos.photoslibrary/resources/derivatives/masters/C/CA20093C-6BCB-49F4-B030-9F432B980631_4_5005_c.jpeg"
    ],
    "ultima_modificacion": "2025-08-01 01:01:13.779033"
  },
  "c2b6b13c81b644c2af5d090e173a3ee145005c.jpeg": {
    "app_sintetizada": "C2B6B13C81B644C2AF5D090E173A3EE145005C.JPEG",
    "cantidad_archivos": 1,
    "archivos_fuente": [
      "Pictures/Fototeca de Fotos.photoslibrary/resources/derivatives/masters/C/C2B6B13C-81B6-44C2-AF5D-090E173A3EE1_4_5005_c.jpeg"
    ],
    "ultima_modificacion": "2025-08-01 01:01:13.779404"
  },
  "c16bc512247247ee9f36a890d27ceb3745005c.jpeg": {
    "app_sintetizada": "C16BC512247247EE9F36A890D27CEB3745005C.JPEG",
    "cantidad_archivos": 1,
    "archivos_fuente": [
      "Pictures/Fototeca de Fotos.photoslibrary/resources/derivatives/masters/C/C16BC512-2472-47EE-9F36-A890D27CEB37_4_5005_c.jpeg"
    ],
    "ultima_modificacion": "2025-08-01 01:01:13.779644"
  },
  "c2b5729391ef4eb7ae20acdca244e1af45005c.jpeg": {
    "app_sintetizada": "C2B5729391EF4EB7AE20ACDCA244E1AF45005C.JPEG",
    "cantidad_archivos": 1,
    "archivos_fuente": [
      "Pictures/Fototeca de Fotos.photoslibrary/resources/derivatives/masters/C/C2B57293-91EF-4EB7-AE20-ACDCA244E1AF_4_5005_c.jpeg"
    ],
    "ultima_modificacion": "2025-08-01 01:01:13.779947"
  },
  "cadb97e8ca3847998e06e523964d74f545005c.jpeg": {
    "app_sintetizada": "CADB97E8CA3847998E06E523964D74F545005C.JPEG",
    "cantidad_archivos": 1,
    "archivos_fuente": [
      "Pictures/Fototeca de Fotos.photoslibrary/resources/derivatives/masters/C/CADB97E8-CA38-4799-8E06-E523964D74F5_4_5005_c.jpeg"
    ],
    "ultima_modificacion": "2025-08-01 01:01:13.780214"
  },
  "c74722eea6d0449387fdb1f4e6cf0b3d45005c.jpeg": {
    "app_sintetizada": "C74722EEA6D0449387FDB1F4E6CF0B3D45005C.JPEG",
    "cantidad_archivos": 1,
    "archivos_fuente": [
      "Pictures/Fototeca de Fotos.photoslibrary/resources/derivatives/masters/C/C74722EE-A6D0-4493-87FD-B1F4E6CF0B3D_4_5005_c.jpeg"
    ],
    "ultima_modificacion": "2025-08-01 01:01:13.780496"
  },
  "cd528e2ca6f642a88e62f3eef6f42ee945005c.jpeg": {
    "app_sintetizada": "CD528E2CA6F642A88E62F3EEF6F42EE945005C.JPEG",
    "cantidad_archivos": 1,
    "archivos_fuente": [
      "Pictures/Fototeca de Fotos.photoslibrary/resources/derivatives/masters/C/CD528E2C-A6F6-42A8-8E62-F3EEF6F42EE9_4_5005_c.jpeg"
    ],
    "ultima_modificacion": "2025-08-01 01:01:13.780738"
  },
  "c30cd8d14f034c2ca9600a161dda29b245005c.jpeg": {
    "app_sintetizada": "C30CD8D14F034C2CA9600A161DDA29B245005C.JPEG",
    "cantidad_archivos": 1,
    "archivos_fuente": [
      "Pictures/Fototeca de Fotos.photoslibrary/resources/derivatives/masters/C/C30CD8D1-4F03-4C2C-A960-0A161DDA29B2_4_5005_c.jpeg"
    ],
    "ultima_modificacion": "2025-08-01 01:01:13.781063"
  },
  "c0f31e0e7a8f4f7f9e22bfe69d6da94445005c.jpeg": {
    "app_sintetizada": "C0F31E0E7A8F4F7F9E22BFE69D6DA94445005C.JPEG",
    "cantidad_archivos": 1,
    "archivos_fuente": [
      "Pictures/Fototeca de Fotos.photoslibrary/resources/derivatives/masters/C/C0F31E0E-7A8F-4F7F-9E22-BFE69D6DA944_4_5005_c.jpeg"
    ],
    "ultima_modificacion": "2025-08-01 01:01:13.781309"
  },
  "caa3324efc0e4586a210d46443f6403f45005c.jpeg": {
    "app_sintetizada": "CAA3324EFC0E4586A210D46443F6403F45005C.JPEG",
    "cantidad_archivos": 1,
    "archivos_fuente": [
      "Pictures/Fototeca de Fotos.photoslibrary/resources/derivatives/masters/C/CAA3324E-FC0E-4586-A210-D46443F6403F_4_5005_c.jpeg"
    ],
    "ultima_modificacion": "2025-08-01 01:01:13.781557"
  },
  "cbee3bc4ef1d4d38983ecaaae06c6d2645005c.jpeg": {
    "app_sintetizada": "CBEE3BC4EF1D4D38983ECAAAE06C6D2645005C.JPEG",
    "cantidad_archivos": 1,
    "archivos_fuente": [
      "Pictures/Fototeca de Fotos.photoslibrary/resources/derivatives/masters/C/CBEE3BC4-EF1D-4D38-983E-CAAAE06C6D26_4_5005_c.jpeg"
    ],
    "ultima_modificacion": "2025-08-01 01:01:13.781800"
  },
  "c448a166e154469ca35a9d62452355a645005c.jpeg": {
    "app_sintetizada": "C448A166E154469CA35A9D62452355A645005C.JPEG",
    "cantidad_archivos": 1,
    "archivos_fuente": [
      "Pictures/Fototeca de Fotos.photoslibrary/resources/derivatives/masters/C/C448A166-E154-469C-A35A-9D62452355A6_4_5005_c.jpeg"
    ],
    "ultima_modificacion": "2025-08-01 01:01:13.782049"
  },
  "cf4b2e0e043b4923aad76601fffb15d545005c.jpeg": {
    "app_sintetizada": "CF4B2E0E043B4923AAD76601FFFB15D545005C.JPEG",
    "cantidad_archivos": 1,
    "archivos_fuente": [
      "Pictures/Fototeca de Fotos.photoslibrary/resources/derivatives/masters/C/CF4B2E0E-043B-4923-AAD7-6601FFFB15D5_4_5005_c.jpeg"
    ],
    "ultima_modificacion": "2025-08-01 01:01:13.782293"
  },
  "cdbd2530f32949ba9913f024e6e235a245005c.jpeg": {
    "app_sintetizada": "CDBD2530F32949BA9913F024E6E235A245005C.JPEG",
    "cantidad_archivos": 1,
    "archivos_fuente": [
      "Pictures/Fototeca de Fotos.photoslibrary/resources/derivatives/masters/C/CDBD2530-F329-49BA-9913-F024E6E235A2_4_5005_c.jpeg"
    ],
    "ultima_modificacion": "2025-08-01 01:01:13.782604"
  },
  "c1a77f6797844d37b5f1149d0d32707445005c.jpeg": {
    "app_sintetizada": "C1A77F6797844D37B5F1149D0D32707445005C.JPEG",
    "cantidad_archivos": 1,
    "archivos_fuente": [
      "Pictures/Fototeca de Fotos.photoslibrary/resources/derivatives/masters/C/C1A77F67-9784-4D37-B5F1-149D0D327074_4_5005_c.jpeg"
    ],
    "ultima_modificacion": "2025-08-01 01:01:13.782857"
  },
  "c302bddacd514cdeb919f346defc0f1645005c.jpeg": {
    "app_sintetizada": "C302BDDACD514CDEB919F346DEFC0F1645005C.JPEG",
    "cantidad_archivos": 1,
    "archivos_fuente": [
      "Pictures/Fototeca de Fotos.photoslibrary/resources/derivatives/masters/C/C302BDDA-CD51-4CDE-B919-F346DEFC0F16_4_5005_c.jpeg"
    ],
    "ultima_modificacion": "2025-08-01 01:01:13.783143"
  },
  "c997c92d267c488db998c870f323978d45005c.jpeg": {
    "app_sintetizada": "C997C92D267C488DB998C870F323978D45005C.JPEG",
    "cantidad_archivos": 1,
    "archivos_fuente": [
      "Pictures/Fototeca de Fotos.photoslibrary/resources/derivatives/masters/C/C997C92D-267C-488D-B998-C870F323978D_4_5005_c.jpeg"
    ],
    "ultima_modificacion": "2025-08-01 01:01:13.783379"
  },
  "d0029763b014419982719df4c0ca33ef45005c.jpeg": {
    "app_sintetizada": "D0029763B014419982719DF4C0CA33EF45005C.JPEG",
    "cantidad_archivos": 1,
    "archivos_fuente": [
      "Pictures/Fototeca de Fotos.photoslibrary/resources/derivatives/masters/D/D0029763-B014-4199-8271-9DF4C0CA33EF_4_5005_c.jpeg"
    ],
    "ultima_modificacion": "2025-08-01 01:01:13.783566"
  },
  "d0b4da72aea24127ae87e0dbcc34cc5e45005c.jpeg": {
    "app_sintetizada": "D0B4DA72AEA24127AE87E0DBCC34CC5E45005C.JPEG",
    "cantidad_archivos": 1,
    "archivos_fuente": [
      "Pictures/Fototeca de Fotos.photoslibrary/resources/derivatives/masters/D/D0B4DA72-AEA2-4127-AE87-E0DBCC34CC5E_4_5005_c.jpeg"
    ],
    "ultima_modificacion": "2025-08-01 01:01:13.783760"
  },
  "d51e3d8d34014511b982c3b74158c44f45005c.jpeg": {
    "app_sintetizada": "D51E3D8D34014511B982C3B74158C44F45005C.JPEG",
    "cantidad_archivos": 1,
    "archivos_fuente": [
      "Pictures/Fototeca de Fotos.photoslibrary/resources/derivatives/masters/D/D51E3D8D-3401-4511-B982-C3B74158C44F_4_5005_c.jpeg"
    ],
    "ultima_modificacion": "2025-08-01 01:01:13.784008"
  },
  "d9ebc5a3755d44ba86d102beb38b58ad45005c.jpeg": {
    "app_sintetizada": "D9EBC5A3755D44BA86D102BEB38B58AD45005C.JPEG",
    "cantidad_archivos": 1,
    "archivos_fuente": [
      "Pictures/Fototeca de Fotos.photoslibrary/resources/derivatives/masters/D/D9EBC5A3-755D-44BA-86D1-02BEB38B58AD_4_5005_c.jpeg"
    ],
    "ultima_modificacion": "2025-08-01 01:01:13.784326"
  },
  "d8c80aef86fc430489ecae04cafdea1045005c.jpeg": {
    "app_sintetizada": "D8C80AEF86FC430489ECAE04CAFDEA1045005C.JPEG",
    "cantidad_archivos": 1,
    "archivos_fuente": [
      "Pictures/Fototeca de Fotos.photoslibrary/resources/derivatives/masters/D/D8C80AEF-86FC-4304-89EC-AE04CAFDEA10_4_5005_c.jpeg"
    ],
    "ultima_modificacion": "2025-08-01 01:01:13.784562"
  },
  "d9b528d0c97241aa97706a11582ee4d045005c.jpeg": {
    "app_sintetizada": "D9B528D0C97241AA97706A11582EE4D045005C.JPEG",
    "cantidad_archivos": 1,
    "archivos_fuente": [
      "Pictures/Fototeca de Fotos.photoslibrary/resources/derivatives/masters/D/D9B528D0-C972-41AA-9770-6A11582EE4D0_4_5005_c.jpeg"
    ],
    "ultima_modificacion": "2025-08-01 01:01:13.784861"
  },
  "db4fa4acc69c4bd0b608dc6d812e93e945005c.jpeg": {
    "app_sintetizada": "DB4FA4ACC69C4BD0B608DC6D812E93E945005C.JPEG",
    "cantidad_archivos": 1,
    "archivos_fuente": [
      "Pictures/Fototeca de Fotos.photoslibrary/resources/derivatives/masters/D/DB4FA4AC-C69C-4BD0-B608-DC6D812E93E9_4_5005_c.jpeg"
    ],
    "ultima_modificacion": "2025-08-01 01:01:13.785073"
  },
  "d7424e984b7c48f9bf2c06dd42eb037945005c.jpeg": {
    "app_sintetizada": "D7424E984B7C48F9BF2C06DD42EB037945005C.JPEG",
    "cantidad_archivos": 1,
    "archivos_fuente": [
      "Pictures/Fototeca de Fotos.photoslibrary/resources/derivatives/masters/D/D7424E98-4B7C-48F9-BF2C-06DD42EB0379_4_5005_c.jpeg"
    ],
    "ultima_modificacion": "2025-08-01 01:01:13.785263"
  },
  "d4e4a2e17fd54642a31863f8655bb2ff45005c.jpeg": {
    "app_sintetizada": "D4E4A2E17FD54642A31863F8655BB2FF45005C.JPEG",
    "cantidad_archivos": 1,
    "archivos_fuente": [
      "Pictures/Fototeca de Fotos.photoslibrary/resources/derivatives/masters/D/D4E4A2E1-7FD5-4642-A318-63F8655BB2FF_4_5005_c.jpeg"
    ],
    "ultima_modificacion": "2025-08-01 01:01:13.785447"
  },
  "db99dd4a64b5461f8759187f549bbff345005c.jpeg": {
    "app_sintetizada": "DB99DD4A64B5461F8759187F549BBFF345005C.JPEG",
    "cantidad_archivos": 1,
    "archivos_fuente": [
      "Pictures/Fototeca de Fotos.photoslibrary/resources/derivatives/masters/D/DB99DD4A-64B5-461F-8759-187F549BBFF3_4_5005_c.jpeg"
    ],
    "ultima_modificacion": "2025-08-01 01:01:13.785624"
  },
  "d18a318a95634bfb90044ab800aa4b9545005c.jpeg": {
    "app_sintetizada": "D18A318A95634BFB90044AB800AA4B9545005C.JPEG",
    "cantidad_archivos": 1,
    "archivos_fuente": [
      "Pictures/Fototeca de Fotos.photoslibrary/resources/derivatives/masters/D/D18A318A-9563-4BFB-9004-4AB800AA4B95_4_5005_c.jpeg"
    ],
    "ultima_modificacion": "2025-08-01 01:01:13.785799"
  },
  "d4787b14bb2e40678952907fde3df0a545005c.jpeg": {
    "app_sintetizada": "D4787B14BB2E40678952907FDE3DF0A545005C.JPEG",
    "cantidad_archivos": 1,
    "archivos_fuente": [
      "Pictures/Fototeca de Fotos.photoslibrary/resources/derivatives/masters/D/D4787B14-BB2E-4067-8952-907FDE3DF0A5_4_5005_c.jpeg"
    ],
    "ultima_modificacion": "2025-08-01 01:01:13.785990"
  },
  "d99fb9cd875e431d832e94c276751a9045005c.jpeg": {
    "app_sintetizada": "D99FB9CD875E431D832E94C276751A9045005C.JPEG",
    "cantidad_archivos": 1,
    "archivos_fuente": [
      "Pictures/Fototeca de Fotos.photoslibrary/resources/derivatives/masters/D/D99FB9CD-875E-431D-832E-94C276751A90_4_5005_c.jpeg"
    ],
    "ultima_modificacion": "2025-08-01 01:01:13.786271"
  },
  "db10fb4657ee4f05b870e3114d89a20245005c.jpeg": {
    "app_sintetizada": "DB10FB4657EE4F05B870E3114D89A20245005C.JPEG",
    "cantidad_archivos": 1,
    "archivos_fuente": [
      "Pictures/Fototeca de Fotos.photoslibrary/resources/derivatives/masters/D/DB10FB46-57EE-4F05-B870-E3114D89A202_4_5005_c.jpeg"
    ],
    "ultima_modificacion": "2025-08-01 01:01:13.786632"
  },
  "d014644737ca43519b1d4eaf9a5c084445005c.jpeg": {
    "app_sintetizada": "D014644737CA43519B1D4EAF9A5C084445005C.JPEG",
    "cantidad_archivos": 1,
    "archivos_fuente": [
      "Pictures/Fototeca de Fotos.photoslibrary/resources/derivatives/masters/D/D0146447-37CA-4351-9B1D-4EAF9A5C0844_4_5005_c.jpeg"
    ],
    "ultima_modificacion": "2025-08-01 01:01:13.787000"
  },
  "d9a22e1341d54b058147fee6a954085f45005c.jpeg": {
    "app_sintetizada": "D9A22E1341D54B058147FEE6A954085F45005C.JPEG",
    "cantidad_archivos": 1,
    "archivos_fuente": [
      "Pictures/Fototeca de Fotos.photoslibrary/resources/derivatives/masters/D/D9A22E13-41D5-4B05-8147-FEE6A954085F_4_5005_c.jpeg"
    ],
    "ultima_modificacion": "2025-08-01 01:01:13.787340"
  },
  "dc7d61f776b047389fc4be03ac55078045005c.jpeg": {
    "app_sintetizada": "DC7D61F776B047389FC4BE03AC55078045005C.JPEG",
    "cantidad_archivos": 1,
    "archivos_fuente": [
      "Pictures/Fototeca de Fotos.photoslibrary/resources/derivatives/masters/D/DC7D61F7-76B0-4738-9FC4-BE03AC550780_4_5005_c.jpeg"
    ],
    "ultima_modificacion": "2025-08-01 01:01:13.787719"
  },
  "d12fae6de8084c64a24f224c473dfd2645005c.jpeg": {
    "app_sintetizada": "D12FAE6DE8084C64A24F224C473DFD2645005C.JPEG",
    "cantidad_archivos": 1,
    "archivos_fuente": [
      "Pictures/Fototeca de Fotos.photoslibrary/resources/derivatives/masters/D/D12FAE6D-E808-4C64-A24F-224C473DFD26_4_5005_c.jpeg"
    ],
    "ultima_modificacion": "2025-08-01 01:01:13.788371"
  },
  "d352e02605b848b487fe530daaa8003545005c.jpeg": {
    "app_sintetizada": "D352E02605B848B487FE530DAAA8003545005C.JPEG",
    "cantidad_archivos": 1,
    "archivos_fuente": [
      "Pictures/Fototeca de Fotos.photoslibrary/resources/derivatives/masters/D/D352E026-05B8-48B4-87FE-530DAAA80035_4_5005_c.jpeg"
    ],
    "ultima_modificacion": "2025-08-01 01:01:13.788776"
  },
  "dc1f3e88b15d498885e71a26c24f8f6e45005c.jpeg": {
    "app_sintetizada": "DC1F3E88B15D498885E71A26C24F8F6E45005C.JPEG",
    "cantidad_archivos": 1,
    "archivos_fuente": [
      "Pictures/Fototeca de Fotos.photoslibrary/resources/derivatives/masters/D/DC1F3E88-B15D-4988-85E7-1A26C24F8F6E_4_5005_c.jpeg"
    ],
    "ultima_modificacion": "2025-08-01 01:01:13.789289"
  },
  "dbde5fc4b29b4179b664fe93b810a71645005c.jpeg": {
    "app_sintetizada": "DBDE5FC4B29B4179B664FE93B810A71645005C.JPEG",
    "cantidad_archivos": 1,
    "archivos_fuente": [
      "Pictures/Fototeca de Fotos.photoslibrary/resources/derivatives/masters/D/DBDE5FC4-B29B-4179-B664-FE93B810A716_4_5005_c.jpeg"
    ],
    "ultima_modificacion": "2025-08-01 01:01:13.789756"
  },
  "d774721aab9d4ad8b2089ac64ade10fc45005c.jpeg": {
    "app_sintetizada": "D774721AAB9D4AD8B2089AC64ADE10FC45005C.JPEG",
    "cantidad_archivos": 1,
    "archivos_fuente": [
      "Pictures/Fototeca de Fotos.photoslibrary/resources/derivatives/masters/D/D774721A-AB9D-4AD8-B208-9AC64ADE10FC_4_5005_c.jpeg"
    ],
    "ultima_modificacion": "2025-08-01 01:01:13.790234"
  },
  "d552d1e38cc94b719ab551000f97da3a45005c.jpeg": {
    "app_sintetizada": "D552D1E38CC94B719AB551000F97DA3A45005C.JPEG",
    "cantidad_archivos": 1,
    "archivos_fuente": [
      "Pictures/Fototeca de Fotos.photoslibrary/resources/derivatives/masters/D/D552D1E3-8CC9-4B71-9AB5-51000F97DA3A_4_5005_c.jpeg"
    ],
    "ultima_modificacion": "2025-08-01 01:01:13.790550"
  },
  "df97ad1159f64c308d0464c592339aad45005c.jpeg": {
    "app_sintetizada": "DF97AD1159F64C308D0464C592339AAD45005C.JPEG",
    "cantidad_archivos": 1,
    "archivos_fuente": [
      "Pictures/Fototeca de Fotos.photoslibrary/resources/derivatives/masters/D/DF97AD11-59F6-4C30-8D04-64C592339AAD_4_5005_c.jpeg"
    ],
    "ultima_modificacion": "2025-08-01 01:01:13.791051"
  },
  "d4fb215bff4c42cfb960cdf128008abc45005c.jpeg": {
    "app_sintetizada": "D4FB215BFF4C42CFB960CDF128008ABC45005C.JPEG",
    "cantidad_archivos": 1,
    "archivos_fuente": [
      "Pictures/Fototeca de Fotos.photoslibrary/resources/derivatives/masters/D/D4FB215B-FF4C-42CF-B960-CDF128008ABC_4_5005_c.jpeg"
    ],
    "ultima_modificacion": "2025-08-01 01:01:13.791450"
  },
  "d624a3bc13f14cedb19b653915de5d4045005c.jpeg": {
    "app_sintetizada": "D624A3BC13F14CEDB19B653915DE5D4045005C.JPEG",
    "cantidad_archivos": 1,
    "archivos_fuente": [
      "Pictures/Fototeca de Fotos.photoslibrary/resources/derivatives/masters/D/D624A3BC-13F1-4CED-B19B-653915DE5D40_4_5005_c.jpeg"
    ],
    "ultima_modificacion": "2025-08-01 01:01:13.791813"
  },
  "d896f9e50c3a4520a9a6525d4301ccfa45005c.jpeg": {
    "app_sintetizada": "D896F9E50C3A4520A9A6525D4301CCFA45005C.JPEG",
    "cantidad_archivos": 1,
    "archivos_fuente": [
      "Pictures/Fototeca de Fotos.photoslibrary/resources/derivatives/masters/D/D896F9E5-0C3A-4520-A9A6-525D4301CCFA_4_5005_c.jpeg"
    ],
    "ultima_modificacion": "2025-08-01 01:01:13.792141"
  },
  "d7c0a870d8134901821633b7894467d345005c.jpeg": {
    "app_sintetizada": "D7C0A870D8134901821633B7894467D345005C.JPEG",
    "cantidad_archivos": 1,
    "archivos_fuente": [
      "Pictures/Fototeca de Fotos.photoslibrary/resources/derivatives/masters/D/D7C0A870-D813-4901-8216-33B7894467D3_4_5005_c.jpeg"
    ],
    "ultima_modificacion": "2025-08-01 01:01:13.792472"
  },
  "d866c715d8d34d4db378fa17a24c474045005c.jpeg": {
    "app_sintetizada": "D866C715D8D34D4DB378FA17A24C474045005C.JPEG",
    "cantidad_archivos": 1,
    "archivos_fuente": [
      "Pictures/Fototeca de Fotos.photoslibrary/resources/derivatives/masters/D/D866C715-D8D3-4D4D-B378-FA17A24C4740_4_5005_c.jpeg"
    ],
    "ultima_modificacion": "2025-08-01 01:01:13.792789"
  },
  "dcc9ab87009e4c20bb3ade1a49d5a98445005c.jpeg": {
    "app_sintetizada": "DCC9AB87009E4C20BB3ADE1A49D5A98445005C.JPEG",
    "cantidad_archivos": 1,
    "archivos_fuente": [
      "Pictures/Fototeca de Fotos.photoslibrary/resources/derivatives/masters/D/DCC9AB87-009E-4C20-BB3A-DE1A49D5A984_4_5005_c.jpeg"
    ],
    "ultima_modificacion": "2025-08-01 01:01:13.793745"
  },
  "d0aa71c724284bcf939cf2f6a66919e945005c.jpeg": {
    "app_sintetizada": "D0AA71C724284BCF939CF2F6A66919E945005C.JPEG",
    "cantidad_archivos": 1,
    "archivos_fuente": [
      "Pictures/Fototeca de Fotos.photoslibrary/resources/derivatives/masters/D/D0AA71C7-2428-4BCF-939C-F2F6A66919E9_4_5005_c.jpeg"
    ],
    "ultima_modificacion": "2025-08-01 01:01:13.794161"
  },
  "d3c39e2a609043bc9590ae2f5d1bdbd345005c.jpeg": {
    "app_sintetizada": "D3C39E2A609043BC9590AE2F5D1BDBD345005C.JPEG",
    "cantidad_archivos": 1,
    "archivos_fuente": [
      "Pictures/Fototeca de Fotos.photoslibrary/resources/derivatives/masters/D/D3C39E2A-6090-43BC-9590-AE2F5D1BDBD3_4_5005_c.jpeg"
    ],
    "ultima_modificacion": "2025-08-01 01:01:13.794544"
  },
  "d3ba2fe2d6a148f3a2d0a1bf3ca795b945005c.jpeg": {
    "app_sintetizada": "D3BA2FE2D6A148F3A2D0A1BF3CA795B945005C.JPEG",
    "cantidad_archivos": 1,
    "archivos_fuente": [
      "Pictures/Fototeca de Fotos.photoslibrary/resources/derivatives/masters/D/D3BA2FE2-D6A1-48F3-A2D0-A1BF3CA795B9_4_5005_c.jpeg"
    ],
    "ultima_modificacion": "2025-08-01 01:01:13.794906"
  },
  "d314c70e62464339996f0b4b3a480a0845005c.jpeg": {
    "app_sintetizada": "D314C70E62464339996F0B4B3A480A0845005C.JPEG",
    "cantidad_archivos": 1,
    "archivos_fuente": [
      "Pictures/Fototeca de Fotos.photoslibrary/resources/derivatives/masters/D/D314C70E-6246-4339-996F-0B4B3A480A08_4_5005_c.jpeg"
    ],
    "ultima_modificacion": "2025-08-01 01:01:13.795285"
  }
}