{
  "7be83168a3da4b87bd5ac173407e08e945005c.jpeg": {
    "app_sintetizada": "7BE83168A3DA4B87BD5AC173407E08E945005C.JPEG",
    "cantidad_archivos": 1,
    "archivos_fuente": [
      "Pictures/Fototeca de Fotos.photoslibrary/resources/derivatives/masters/7/7BE83168-A3DA-4B87-BD5A-C173407E08E9_4_5005_c.jpeg"
    ],
    "ultima_modificacion": "2025-08-01 01:01:07.753025"
  },
  "79e0b77be9394578ba72e884098a0b5f45005c.jpeg": {
    "app_sintetizada": "79E0B77BE9394578BA72E884098A0B5F45005C.JPEG",
    "cantidad_archivos": 1,
    "archivos_fuente": [
      "Pictures/Fototeca de Fotos.photoslibrary/resources/derivatives/masters/7/79E0B77B-E939-4578-BA72-E884098A0B5F_4_5005_c.jpeg"
    ],
    "ultima_modificacion": "2025-08-01 01:01:07.753388"
  },
  "75288d3641df483fb64c6d5472b5d89245005c.jpeg": {
    "app_sintetizada": "75288D3641DF483FB64C6D5472B5D89245005C.JPEG",
    "cantidad_archivos": 1,
    "archivos_fuente": [
      "Pictures/Fototeca de Fotos.photoslibrary/resources/derivatives/masters/7/75288D36-41DF-483F-B64C-6D5472B5D892_4_5005_c.jpeg"
    ],
    "ultima_modificacion": "2025-08-01 01:01:07.753701"
  },
  "73725166235c47938cbaa1917ff0723245005c.jpeg": {
    "app_sintetizada": "73725166235C47938CBAA1917FF0723245005C.JPEG",
    "cantidad_archivos": 1,
    "archivos_fuente": [
      "Pictures/Fototeca de Fotos.photoslibrary/resources/derivatives/masters/7/73725166-235C-4793-8CBA-A1917FF07232_4_5005_c.jpeg"
    ],
    "ultima_modificacion": "2025-08-01 01:01:07.754034"
  },
  "708c4568b1e04411b8bb91b1d8cf396a45005c.jpeg": {
    "app_sintetizada": "708C4568B1E04411B8BB91B1D8CF396A45005C.JPEG",
    "cantidad_archivos": 1,
    "archivos_fuente": [
      "Pictures/Fototeca de Fotos.photoslibrary/resources/derivatives/masters/7/708C4568-B1E0-4411-B8BB-91B1D8CF396A_4_5005_c.jpeg"
    ],
    "ultima_modificacion": "2025-08-01 01:01:07.754362"
  },
  "7ee43684d7c84f898a38dc8a8e9bb79b45005c.jpeg": {
    "app_sintetizada": "7EE43684D7C84F898A38DC8A8E9BB79B45005C.JPEG",
    "cantidad_archivos": 1,
    "archivos_fuente": [
      "Pictures/Fototeca de Fotos.photoslibrary/resources/derivatives/masters/7/7EE43684-D7C8-4F89-8A38-DC8A8E9BB79B_4_5005_c.jpeg"
    ],
    "ultima_modificacion": "2025-08-01 01:01:07.754689"
  },
  "7ca9f0af347f48bc8b415272a763e86a45005c.jpeg": {
    "app_sintetizada": "7CA9F0AF347F48BC8B415272A763E86A45005C.JPEG",
    "cantidad_archivos": 1,
    "archivos_fuente": [
      "Pictures/Fototeca de Fotos.photoslibrary/resources/derivatives/masters/7/7CA9F0AF-347F-48BC-8B41-5272A763E86A_4_5005_c.jpeg"
    ],
    "ultima_modificacion": "2025-08-01 01:01:07.754999"
  },
  "7f91495f72a14f58bac3d51f4f9385b245005c.jpeg": {
    "app_sintetizada": "7F91495F72A14F58BAC3D51F4F9385B245005C.JPEG",
    "cantidad_archivos": 1,
    "archivos_fuente": [
      "Pictures/Fototeca de Fotos.photoslibrary/resources/derivatives/masters/7/7F91495F-72A1-4F58-BAC3-D51F4F9385B2_4_5005_c.jpeg"
    ],
    "ultima_modificacion": "2025-08-01 01:01:07.755316"
  },
  "776e971e3de54420b2991face3f32e8045005c.jpeg": {
    "app_sintetizada": "776E971E3DE54420B2991FACE3F32E8045005C.JPEG",
    "cantidad_archivos": 1,
    "archivos_fuente": [
      "Pictures/Fototeca de Fotos.photoslibrary/resources/derivatives/masters/7/776E971E-3DE5-4420-B299-1FACE3F32E80_4_5005_c.jpeg"
    ],
    "ultima_modificacion": "2025-08-01 01:01:07.755641"
  },
  "78f13e9ecc6f4d359d755e597ba02de745005c.jpeg": {
    "app_sintetizada": "78F13E9ECC6F4D359D755E597BA02DE745005C.JPEG",
    "cantidad_archivos": 1,
    "archivos_fuente": [
      "Pictures/Fototeca de Fotos.photoslibrary/resources/derivatives/masters/7/78F13E9E-CC6F-4D35-9D75-5E597BA02DE7_4_5005_c.jpeg"
    ],
    "ultima_modificacion": "2025-08-01 01:01:07.755944"
  },
  "7bf7e15ee4ff4b6fac63298a5485b64a45005c.jpeg": {
    "app_sintetizada": "7BF7E15EE4FF4B6FAC63298A5485B64A45005C.JPEG",
    "cantidad_archivos": 1,
    "archivos_fuente": [
      "Pictures/Fototeca de Fotos.photoslibrary/resources/derivatives/masters/7/7BF7E15E-E4FF-4B6F-AC63-298A5485B64A_4_5005_c.jpeg"
    ],
    "ultima_modificacion": "2025-08-01 01:01:07.756245"
  },
  "7680ed3fa1ec4e41925e0fc32af4141145005c.jpeg": {
    "app_sintetizada": "7680ED3FA1EC4E41925E0FC32AF4141145005C.JPEG",
    "cantidad_archivos": 1,
    "archivos_fuente": [
      "Pictures/Fototeca de Fotos.photoslibrary/resources/derivatives/masters/7/7680ED3F-A1EC-4E41-925E-0FC32AF41411_4_5005_c.jpeg"
    ],
    "ultima_modificacion": "2025-08-01 01:01:07.756611"
  },
  "7fbf74bbc7514d879a7878a1db80e84e45005c.jpeg": {
    "app_sintetizada": "7FBF74BBC7514D879A7878A1DB80E84E45005C.JPEG",
    "cantidad_archivos": 1,
    "archivos_fuente": [
      "Pictures/Fototeca de Fotos.photoslibrary/resources/derivatives/masters/7/7FBF74BB-C751-4D87-9A78-78A1DB80E84E_4_5005_c.jpeg"
    ],
    "ultima_modificacion": "2025-08-01 01:01:07.756923"
  },
  "722cfefdde644beabf536ff64801fb1545005c.jpeg": {
    "app_sintetizada": "722CFEFDDE644BEABF536FF64801FB1545005C.JPEG",
    "cantidad_archivos": 1,
    "archivos_fuente": [
      "Pictures/Fototeca de Fotos.photoslibrary/resources/derivatives/masters/7/722CFEFD-DE64-4BEA-BF53-6FF64801FB15_4_5005_c.jpeg"
    ],
    "ultima_modificacion": "2025-08-01 01:01:07.757250"
  },
  "737833b7698f40fd98f9aa5720008a7c45005c.jpeg": {
    "app_sintetizada": "737833B7698F40FD98F9AA5720008A7C45005C.JPEG",
    "cantidad_archivos": 1,
    "archivos_fuente": [
      "Pictures/Fototeca de Fotos.photoslibrary/resources/derivatives/masters/7/737833B7-698F-40FD-98F9-AA5720008A7C_4_5005_c.jpeg"
    ],
    "ultima_modificacion": "2025-08-01 01:01:07.757575"
  },
  "789b54042cae4fdcb26c53f42e953e3245005c.jpeg": {
    "app_sintetizada": "789B54042CAE4FDCB26C53F42E953E3245005C.JPEG",
    "cantidad_archivos": 1,
    "archivos_fuente": [
      "Pictures/Fototeca de Fotos.photoslibrary/resources/derivatives/masters/7/789B5404-2CAE-4FDC-B26C-53F42E953E32_4_5005_c.jpeg"
    ],
    "ultima_modificacion": "2025-08-01 01:01:07.757879"
  },
  "73cfe4cecf5e4083b5f1402d7de7e6e545005c.jpeg": {
    "app_sintetizada": "73CFE4CECF5E4083B5F1402D7DE7E6E545005C.JPEG",
    "cantidad_archivos": 1,
    "archivos_fuente": [
      "Pictures/Fototeca de Fotos.photoslibrary/resources/derivatives/masters/7/73CFE4CE-CF5E-4083-B5F1-402D7DE7E6E5_4_5005_c.jpeg"
    ],
    "ultima_modificacion": "2025-08-01 01:01:07.758199"
  },
  "706ab9dba69c4842a1085157e13bfade45005c.jpeg": {
    "app_sintetizada": "706AB9DBA69C4842A1085157E13BFADE45005C.JPEG",
    "cantidad_archivos": 1,
    "archivos_fuente": [
      "Pictures/Fototeca de Fotos.photoslibrary/resources/derivatives/masters/7/706AB9DB-A69C-4842-A108-5157E13BFADE_4_5005_c.jpeg"
    ],
    "ultima_modificacion": "2025-08-01 01:01:07.758566"
  },
  "75e82066263a4bc0ab036b900fca55a945005c.jpeg": {
    "app_sintetizada": "75E82066263A4BC0AB036B900FCA55A945005C.JPEG",
    "cantidad_archivos": 1,
    "archivos_fuente": [
      "Pictures/Fototeca de Fotos.photoslibrary/resources/derivatives/masters/7/75E82066-263A-4BC0-AB03-6B900FCA55A9_4_5005_c.jpeg"
    ],
    "ultima_modificacion": "2025-08-01 01:01:07.758892"
  },
  "7c6617c2a8d04ddaa716c5a47efc936645005c.jpeg": {
    "app_sintetizada": "7C6617C2A8D04DDAA716C5A47EFC936645005C.JPEG",
    "cantidad_archivos": 1,
    "archivos_fuente": [
      "Pictures/Fototeca de Fotos.photoslibrary/resources/derivatives/masters/7/7C6617C2-A8D0-4DDA-A716-C5A47EFC9366_4_5005_c.jpeg"
    ],
    "ultima_modificacion": "2025-08-01 01:01:07.759229"
  },
  "7fdb5f91515b4889b1b7660b13785e9745005c.jpeg": {
    "app_sintetizada": "7FDB5F91515B4889B1B7660B13785E9745005C.JPEG",
    "cantidad_archivos": 1,
    "archivos_fuente": [
      "Pictures/Fototeca de Fotos.photoslibrary/resources/derivatives/masters/7/7FDB5F91-515B-4889-B1B7-660B13785E97_4_5005_c.jpeg"
    ],
    "ultima_modificacion": "2025-08-01 01:01:07.759560"
  },
  "77d65d23c5e94da8b12cb7f81de45d6845005c.jpeg": {
    "app_sintetizada": "77D65D23C5E94DA8B12CB7F81DE45D6845005C.JPEG",
    "cantidad_archivos": 1,
    "archivos_fuente": [
      "Pictures/Fototeca de Fotos.photoslibrary/resources/derivatives/masters/7/77D65D23-C5E9-4DA8-B12C-B7F81DE45D68_4_5005_c.jpeg"
    ],
    "ultima_modificacion": "2025-08-01 01:01:07.759884"
  },
  "74af74eb0ddf4c9b943bce756f49356b45005c.jpeg": {
    "app_sintetizada": "74AF74EB0DDF4C9B943BCE756F49356B45005C.JPEG",
    "cantidad_archivos": 1,
    "archivos_fuente": [
      "Pictures/Fototeca de Fotos.photoslibrary/resources/derivatives/masters/7/74AF74EB-0DDF-4C9B-943B-CE756F49356B_4_5005_c.jpeg"
    ],
    "ultima_modificacion": "2025-08-01 01:01:07.760266"
  },
  "7123e9a5ffda493e98390b42c4f35e7445005c.jpeg": {
    "app_sintetizada": "7123E9A5FFDA493E98390B42C4F35E7445005C.JPEG",
    "cantidad_archivos": 1,
    "archivos_fuente": [
      "Pictures/Fototeca de Fotos.photoslibrary/resources/derivatives/masters/7/7123E9A5-FFDA-493E-9839-0B42C4F35E74_4_5005_c.jpeg"
    ],
    "ultima_modificacion": "2025-08-01 01:01:07.760634"
  },
  "7a32599a2071404b9635ccb408beef1f45005c.jpeg": {
    "app_sintetizada": "7A32599A2071404B9635CCB408BEEF1F45005C.JPEG",
    "cantidad_archivos": 1,
    "archivos_fuente": [
      "Pictures/Fototeca de Fotos.photoslibrary/resources/derivatives/masters/7/7A32599A-2071-404B-9635-CCB408BEEF1F_4_5005_c.jpeg"
    ],
    "ultima_modificacion": "2025-08-01 01:01:07.760956"
  },
  "7005c89afa2e4b60a689977ec91fba7e45005c.jpeg": {
    "app_sintetizada": "7005C89AFA2E4B60A689977EC91FBA7E45005C.JPEG",
    "cantidad_archivos": 1,
    "archivos_fuente": [
      "Pictures/Fototeca de Fotos.photoslibrary/resources/derivatives/masters/7/7005C89A-FA2E-4B60-A689-977EC91FBA7E_4_5005_c.jpeg"
    ],
    "ultima_modificacion": "2025-08-01 01:01:07.761266"
  },
  "76c95d1423754652b7226e4db5c55f6f45005c.jpeg": {
    "app_sintetizada": "76C95D1423754652B7226E4DB5C55F6F45005C.JPEG",
    "cantidad_archivos": 1,
    "archivos_fuente": [
      "Pictures/Fototeca de Fotos.photoslibrary/resources/derivatives/masters/7/76C95D14-2375-4652-B722-6E4DB5C55F6F_4_5005_c.jpeg"
    ],
    "ultima_modificacion": "2025-08-01 01:01:07.761540"
  },
  "761c8b0754814675afbcf4432218782045005c.jpeg": {
    "app_sintetizada": "761C8B0754814675AFBCF4432218782045005C.JPEG",
    "cantidad_archivos": 1,
    "archivos_fuente": [
      "Pictures/Fototeca de Fotos.photoslibrary/resources/derivatives/masters/7/761C8B07-5481-4675-AFBC-F44322187820_4_5005_c.jpeg"
    ],
    "ultima_modificacion": "2025-08-01 01:01:07.761908"
  },
  "7cb5f9081f1e4797a86d09445724baf645005c.jpeg": {
    "app_sintetizada": "7CB5F9081F1E4797A86D09445724BAF645005C.JPEG",
    "cantidad_archivos": 1,
    "archivos_fuente": [
      "Pictures/Fototeca de Fotos.photoslibrary/resources/derivatives/masters/7/7CB5F908-1F1E-4797-A86D-09445724BAF6_4_5005_c.jpeg"
    ],
    "ultima_modificacion": "2025-08-01 01:01:07.762272"
  },
  "72a86f2fb1b0417db9412aed1d8bc7b545005c.jpeg": {
    "app_sintetizada": "72A86F2FB1B0417DB9412AED1D8BC7B545005C.JPEG",
    "cantidad_archivos": 1,
    "archivos_fuente": [
      "Pictures/Fototeca de Fotos.photoslibrary/resources/derivatives/masters/7/72A86F2F-B1B0-417D-B941-2AED1D8BC7B5_4_5005_c.jpeg"
    ],
    "ultima_modificacion": "2025-08-01 01:01:07.762609"
  },
  "7ca2ce4ebe1d4e4ab620e2be63d970a745005c.jpeg": {
    "app_sintetizada": "7CA2CE4EBE1D4E4AB620E2BE63D970A745005C.JPEG",
    "cantidad_archivos": 1,
    "archivos_fuente": [
      "Pictures/Fototeca de Fotos.photoslibrary/resources/derivatives/masters/7/7CA2CE4E-BE1D-4E4A-B620-E2BE63D970A7_4_5005_c.jpeg"
    ],
    "ultima_modificacion": "2025-08-01 01:01:07.762883"
  },
  "7279f754771943768cf7e5558b7ad91e45005c.jpeg": {
    "app_sintetizada": "7279F754771943768CF7E5558B7AD91E45005C.JPEG",
    "cantidad_archivos": 1,
    "archivos_fuente": [
      "Pictures/Fototeca de Fotos.photoslibrary/resources/derivatives/masters/7/7279F754-7719-4376-8CF7-E5558B7AD91E_4_5005_c.jpeg"
    ],
    "ultima_modificacion": "2025-08-01 01:01:07.763150"
  },
  "75b0f99bc9fd4f158bbb71da51084d5045005c.jpeg": {
    "app_sintetizada": "75B0F99BC9FD4F158BBB71DA51084D5045005C.JPEG",
    "cantidad_archivos": 1,
    "archivos_fuente": [
      "Pictures/Fototeca de Fotos.photoslibrary/resources/derivatives/masters/7/75B0F99B-C9FD-4F15-8BBB-71DA51084D50_4_5005_c.jpeg"
    ],
    "ultima_modificacion": "2025-08-01 01:01:07.763466"
  },
  "7794b7db1f334a2a9c622b2cedbb658445005c.jpeg": {
    "app_sintetizada": "7794B7DB1F334A2A9C622B2CEDBB658445005C.JPEG",
    "cantidad_archivos": 1,
    "archivos_fuente": [
      "Pictures/Fototeca de Fotos.photoslibrary/resources/derivatives/masters/7/7794B7DB-1F33-4A2A-9C62-2B2CEDBB6584_4_5005_c.jpeg"
    ],
    "ultima_modificacion": "2025-08-01 01:01:07.763741"
  },
  "7f80f0d3e37e4c70b34e0349690079b545005c.jpeg": {
    "app_sintetizada": "7F80F0D3E37E4C70B34E0349690079B545005C.JPEG",
    "cantidad_archivos": 1,
    "archivos_fuente": [
      "Pictures/Fototeca de Fotos.photoslibrary/resources/derivatives/masters/7/7F80F0D3-E37E-4C70-B34E-0349690079B5_4_5005_c.jpeg"
    ],
    "ultima_modificacion": "2025-08-01 01:01:07.764007"
  },
  "72acd417a3964281b39ae02ec050c1e445005c.jpeg": {
    "app_sintetizada": "72ACD417A3964281B39AE02EC050C1E445005C.JPEG",
    "cantidad_archivos": 1,
    "archivos_fuente": [
      "Pictures/Fototeca de Fotos.photoslibrary/resources/derivatives/masters/7/72ACD417-A396-4281-B39A-E02EC050C1E4_4_5005_c.jpeg"
    ],
    "ultima_modificacion": "2025-08-01 01:01:07.764303"
  },
  "761a50c1ea6347e0bd7f9fe6826d08e545005c.jpeg": {
    "app_sintetizada": "761A50C1EA6347E0BD7F9FE6826D08E545005C.JPEG",
    "cantidad_archivos": 1,
    "archivos_fuente": [
      "Pictures/Fototeca de Fotos.photoslibrary/resources/derivatives/masters/7/761A50C1-EA63-47E0-BD7F-9FE6826D08E5_4_5005_c.jpeg"
    ],
    "ultima_modificacion": "2025-08-01 01:01:07.764561"
  },
  "74e391f504224d218f4aaa943dc9924c45005c.jpeg": {
    "app_sintetizada": "74E391F504224D218F4AAA943DC9924C45005C.JPEG",
    "cantidad_archivos": 1,
    "archivos_fuente": [
      "Pictures/Fototeca de Fotos.photoslibrary/resources/derivatives/masters/7/74E391F5-0422-4D21-8F4A-AA943DC9924C_4_5005_c.jpeg"
    ],
    "ultima_modificacion": "2025-08-01 01:01:07.764813"
  },
  "7f8c6360a6454b729d76563d3c77fbe845005c.jpeg": {
    "app_sintetizada": "7F8C6360A6454B729D76563D3C77FBE845005C.JPEG",
    "cantidad_archivos": 1,
    "archivos_fuente": [
      "Pictures/Fototeca de Fotos.photoslibrary/resources/derivatives/masters/7/7F8C6360-A645-4B72-9D76-563D3C77FBE8_4_5005_c.jpeg"
    ],
    "ultima_modificacion": "2025-08-01 01:01:07.765064"
  },
  "7bbadba2a77846a791560e1f978d9ed145005c.jpeg": {
    "app_sintetizada": "7BBADBA2A77846A791560E1F978D9ED145005C.JPEG",
    "cantidad_archivos": 1,
    "archivos_fuente": [
      "Pictures/Fototeca de Fotos.photoslibrary/resources/derivatives/masters/7/7BBADBA2-A778-46A7-9156-0E1F978D9ED1_4_5005_c.jpeg"
    ],
    "ultima_modificacion": "2025-08-01 01:01:07.765325"
  },
  "7509e3305c9741ad96bf64536969c10945005c.jpeg": {
    "app_sintetizada": "7509E3305C9741AD96BF64536969C10945005C.JPEG",
    "cantidad_archivos": 1,
    "archivos_fuente": [
      "Pictures/Fototeca de Fotos.photoslibrary/resources/derivatives/masters/7/7509E330-5C97-41AD-96BF-64536969C109_4_5005_c.jpeg"
    ],
    "ultima_modificacion": "2025-08-01 01:01:07.765574"
  },
  "72dac4a0399e4d9baac5ea72c4241a9a45005c.jpeg": {
    "app_sintetizada": "72DAC4A0399E4D9BAAC5EA72C4241A9A45005C.JPEG",
    "cantidad_archivos": 1,
    "archivos_fuente": [
      "Pictures/Fototeca de Fotos.photoslibrary/resources/derivatives/masters/7/72DAC4A0-399E-4D9B-AAC5-EA72C4241A9A_4_5005_c.jpeg"
    ],
    "ultima_modificacion": "2025-08-01 01:01:07.765839"
  },
  "7c1f7c1acf334714aa5e9af933f9919d45005c.jpeg": {
    "app_sintetizada": "7C1F7C1ACF334714AA5E9AF933F9919D45005C.JPEG",
    "cantidad_archivos": 1,
    "archivos_fuente": [
      "Pictures/Fototeca de Fotos.photoslibrary/resources/derivatives/masters/7/7C1F7C1A-CF33-4714-AA5E-9AF933F9919D_4_5005_c.jpeg"
    ],
    "ultima_modificacion": "2025-08-01 01:01:07.766110"
  },
  "783aae770caf49ba9952806e836c432b45005c.jpeg": {
    "app_sintetizada": "783AAE770CAF49BA9952806E836C432B45005C.JPEG",
    "cantidad_archivos": 1,
    "archivos_fuente": [
      "Pictures/Fototeca de Fotos.photoslibrary/resources/derivatives/masters/7/783AAE77-0CAF-49BA-9952-806E836C432B_4_5005_c.jpeg"
    ],
    "ultima_modificacion": "2025-08-01 01:01:07.766444"
  },
  "72448f9e3d0f4c399e9217b19055441245005c.jpeg": {
    "app_sintetizada": "72448F9E3D0F4C399E9217B19055441245005C.JPEG",
    "cantidad_archivos": 1,
    "archivos_fuente": [
      "Pictures/Fototeca de Fotos.photoslibrary/resources/derivatives/masters/7/72448F9E-3D0F-4C39-9E92-17B190554412_4_5005_c.jpeg"
    ],
    "ultima_modificacion": "2025-08-01 01:01:07.766667"
  },
  "7ef546b7ae1149459de46d1c5fab3ce145005c.jpeg": {
    "app_sintetizada": "7EF546B7AE1149459DE46D1C5FAB3CE145005C.JPEG",
    "cantidad_archivos": 1,
    "archivos_fuente": [
      "Pictures/Fototeca de Fotos.photoslibrary/resources/derivatives/masters/7/7EF546B7-AE11-4945-9DE4-6D1C5FAB3CE1_4_5005_c.jpeg"
    ],
    "ultima_modificacion": "2025-08-01 01:01:07.766919"
  },
  "70298f56b2b043ca8abeb0ed2cd925b745005c.jpeg": {
    "app_sintetizada": "70298F56B2B043CA8ABEB0ED2CD925B745005C.JPEG",
    "cantidad_archivos": 1,
    "archivos_fuente": [
      "Pictures/Fototeca de Fotos.photoslibrary/resources/derivatives/masters/7/70298F56-B2B0-43CA-8ABE-B0ED2CD925B7_4_5005_c.jpeg"
    ],
    "ultima_modificacion": "2025-08-01 01:01:07.767239"
  },
  "7e29f9eb857d4b72978c80f6bb3b9cb945005c.jpeg": {
    "app_sintetizada": "7E29F9EB857D4B72978C80F6BB3B9CB945005C.JPEG",
    "cantidad_archivos": 1,
    "archivos_fuente": [
      "Pictures/Fototeca de Fotos.photoslibrary/resources/derivatives/masters/7/7E29F9EB-857D-4B72-978C-80F6BB3B9CB9_4_5005_c.jpeg"
    ],
    "ultima_modificacion": "2025-08-01 01:01:07.767519"
  },
  "7d330a322fa449d1b81b9cc4cdd3040c45005c.jpeg": {
    "app_sintetizada": "7D330A322FA449D1B81B9CC4CDD3040C45005C.JPEG",
    "cantidad_archivos": 1,
    "archivos_fuente": [
      "Pictures/Fototeca de Fotos.photoslibrary/resources/derivatives/masters/7/7D330A32-2FA4-49D1-B81B-9CC4CDD3040C_4_5005_c.jpeg"
    ],
    "ultima_modificacion": "2025-08-01 01:01:07.767775"
  },
  "76eec83a8ad64e2b85477d9637ab00eb45005c.jpeg": {
    "app_sintetizada": "76EEC83A8AD64E2B85477D9637AB00EB45005C.JPEG",
    "cantidad_archivos": 1,
    "archivos_fuente": [
      "Pictures/Fototeca de Fotos.photoslibrary/resources/derivatives/masters/7/76EEC83A-8AD6-4E2B-8547-7D9637AB00EB_4_5005_c.jpeg"
    ],
    "ultima_modificacion": "2025-08-01 01:01:07.768054"
  },
  "7c734e2d64b74a0c94ed130015d1e3ef45005c.jpeg": {
    "app_sintetizada": "7C734E2D64B74A0C94ED130015D1E3EF45005C.JPEG",
    "cantidad_archivos": 1,
    "archivos_fuente": [
      "Pictures/Fototeca de Fotos.photoslibrary/resources/derivatives/masters/7/7C734E2D-64B7-4A0C-94ED-130015D1E3EF_4_5005_c.jpeg"
    ],
    "ultima_modificacion": "2025-08-01 01:01:07.768274"
  },
  "7224cab9d6c44e5f951de4882904d6e645005c.jpeg": {
    "app_sintetizada": "7224CAB9D6C44E5F951DE4882904D6E645005C.JPEG",
    "cantidad_archivos": 1,
    "archivos_fuente": [
      "Pictures/Fototeca de Fotos.photoslibrary/resources/derivatives/masters/7/7224CAB9-D6C4-4E5F-951D-E4882904D6E6_4_5005_c.jpeg"
    ],
    "ultima_modificacion": "2025-08-01 01:01:07.768499"
  },
  "77586949a2f347afa23701373bcce0be45005c.jpeg": {
    "app_sintetizada": "77586949A2F347AFA23701373BCCE0BE45005C.JPEG",
    "cantidad_archivos": 1,
    "archivos_fuente": [
      "Pictures/Fototeca de Fotos.photoslibrary/resources/derivatives/masters/7/77586949-A2F3-47AF-A237-01373BCCE0BE_4_5005_c.jpeg"
    ],
    "ultima_modificacion": "2025-08-01 01:01:07.768792"
  },
  "7b9fea9349654548843bea62a6ca11db45005c.jpeg": {
    "app_sintetizada": "7B9FEA9349654548843BEA62A6CA11DB45005C.JPEG",
    "cantidad_archivos": 1,
    "archivos_fuente": [
      "Pictures/Fototeca de Fotos.photoslibrary/resources/derivatives/masters/7/7B9FEA93-4965-4548-843B-EA62A6CA11DB_4_5005_c.jpeg"
    ],
    "ultima_modificacion": "2025-08-01 01:01:07.769021"
  },
  "7549d9456e82417c8827df205aa6949a45005c.jpeg": {
    "app_sintetizada": "7549D9456E82417C8827DF205AA6949A45005C.JPEG",
    "cantidad_archivos": 1,
    "archivos_fuente": [
      "Pictures/Fototeca de Fotos.photoslibrary/resources/derivatives/masters/7/7549D945-6E82-417C-8827-DF205AA6949A_4_5005_c.jpeg"
    ],
    "ultima_modificacion": "2025-08-01 01:01:07.769240"
  },
  "7b8e6aad29e74c1e9aa4be92dd98656045005c.jpeg": {
    "app_sintetizada": "7B8E6AAD29E74C1E9AA4BE92DD98656045005C.JPEG",
    "cantidad_archivos": 1,
    "archivos_fuente": [
      "Pictures/Fototeca de Fotos.photoslibrary/resources/derivatives/masters/7/7B8E6AAD-29E7-4C1E-9AA4-BE92DD986560_4_5005_c.jpeg"
    ],
    "ultima_modificacion": "2025-08-01 01:01:07.769429"
  },
  "73ff0b2de75e4f45b7b1a85f9a3f41a445005c.jpeg": {
    "app_sintetizada": "73FF0B2DE75E4F45B7B1A85F9A3F41A445005C.JPEG",
    "cantidad_archivos": 1,
    "archivos_fuente": [
      "Pictures/Fototeca de Fotos.photoslibrary/resources/derivatives/masters/7/73FF0B2D-E75E-4F45-B7B1-A85F9A3F41A4_4_5005_c.jpeg"
    ],
    "ultima_modificacion": "2025-08-01 01:01:07.769631"
  },
  "79063730bbee42ec9a3bf461a3293b0f45005c.jpeg": {
    "app_sintetizada": "79063730BBEE42EC9A3BF461A3293B0F45005C.JPEG",
    "cantidad_archivos": 1,
    "archivos_fuente": [
      "Pictures/Fototeca de Fotos.photoslibrary/resources/derivatives/masters/7/79063730-BBEE-42EC-9A3B-F461A3293B0F_4_5005_c.jpeg"
    ],
    "ultima_modificacion": "2025-08-01 01:01:07.769819"
  },
  "74f0f590ea164c9e9503ffb1c987599445005c.jpeg": {
    "app_sintetizada": "74F0F590EA164C9E9503FFB1C987599445005C.JPEG",
    "cantidad_archivos": 1,
    "archivos_fuente": [
      "Pictures/Fototeca de Fotos.photoslibrary/resources/derivatives/masters/7/74F0F590-EA16-4C9E-9503-FFB1C9875994_4_5005_c.jpeg"
    ],
    "ultima_modificacion": "2025-08-01 01:01:07.770002"
  },
  "7bb9edb9339b4389934d7292eb8d915845005c.jpeg": {
    "app_sintetizada": "7BB9EDB9339B4389934D7292EB8D915845005C.JPEG",
    "cantidad_archivos": 1,
    "archivos_fuente": [
      "Pictures/Fototeca de Fotos.photoslibrary/resources/derivatives/masters/7/7BB9EDB9-339B-4389-934D-7292EB8D9158_4_5005_c.jpeg"
    ],
    "ultima_modificacion": "2025-08-01 01:01:07.770183"
  },
  "7ffe2faf2b8f4bac9fb7e1127f3d878245005c.jpeg": {
    "app_sintetizada": "7FFE2FAF2B8F4BAC9FB7E1127F3D878245005C.JPEG",
    "cantidad_archivos": 1,
    "archivos_fuente": [
      "Pictures/Fototeca de Fotos.photoslibrary/resources/derivatives/masters/7/7FFE2FAF-2B8F-4BAC-9FB7-E1127F3D8782_4_5005_c.jpeg"
    ],
    "ultima_modificacion": "2025-08-01 01:01:07.770364"
  },
  "7db2770f736c469b81b4e6518df323ed45005c.jpeg": {
    "app_sintetizada": "7DB2770F736C469B81B4E6518DF323ED45005C.JPEG",
    "cantidad_archivos": 1,
    "archivos_fuente": [
      "Pictures/Fototeca de Fotos.photoslibrary/resources/derivatives/masters/7/7DB2770F-736C-469B-81B4-E6518DF323ED_4_5005_c.jpeg"
    ],
    "ultima_modificacion": "2025-08-01 01:01:07.770667"
  },
  "7f0024de903b4c2ab0127947bb5600e745005c.jpeg": {
    "app_sintetizada": "7F0024DE903B4C2AB0127947BB5600E745005C.JPEG",
    "cantidad_archivos": 1,
    "archivos_fuente": [
      "Pictures/Fototeca de Fotos.photoslibrary/resources/derivatives/masters/7/7F0024DE-903B-4C2A-B012-7947BB5600E7_4_5005_c.jpeg"
    ],
    "ultima_modificacion": "2025-08-01 01:01:07.771001"
  },
  "71d60dca94b44a67a8a0e10e08befef645005c.jpeg": {
    "app_sintetizada": "71D60DCA94B44A67A8A0E10E08BEFEF645005C.JPEG",
    "cantidad_archivos": 1,
    "archivos_fuente": [
      "Pictures/Fototeca de Fotos.photoslibrary/resources/derivatives/masters/7/71D60DCA-94B4-4A67-A8A0-E10E08BEFEF6_4_5005_c.jpeg"
    ],
    "ultima_modificacion": "2025-08-01 01:01:07.771264"
  },
  "76bc0ecbd2384b25b50206df0312a1e845005c.jpeg": {
    "app_sintetizada": "76BC0ECBD2384B25B50206DF0312A1E845005C.JPEG",
    "cantidad_archivos": 1,
    "archivos_fuente": [
      "Pictures/Fototeca de Fotos.photoslibrary/resources/derivatives/masters/7/76BC0ECB-D238-4B25-B502-06DF0312A1E8_4_5005_c.jpeg"
    ],
    "ultima_modificacion": "2025-08-01 01:01:07.771567"
  },
  "747cca9901db4f958f484501764cf88d45005c.jpeg": {
    "app_sintetizada": "747CCA9901DB4F958F484501764CF88D45005C.JPEG",
    "cantidad_archivos": 1,
    "archivos_fuente": [
      "Pictures/Fototeca de Fotos.photoslibrary/resources/derivatives/masters/7/747CCA99-01DB-4F95-8F48-4501764CF88D_4_5005_c.jpeg"
    ],
    "ultima_modificacion": "2025-08-01 01:01:07.771832"
  },
  "703b1cd3e07b4c38afca8263624a088145005c.jpeg": {
    "app_sintetizada": "703B1CD3E07B4C38AFCA8263624A088145005C.JPEG",
    "cantidad_archivos": 1,
    "archivos_fuente": [
      "Pictures/Fototeca de Fotos.photoslibrary/resources/derivatives/masters/7/703B1CD3-E07B-4C38-AFCA-8263624A0881_4_5005_c.jpeg"
    ],
    "ultima_modificacion": "2025-08-01 01:01:07.772161"
  },
  "7d6edd7d34cb4fcbabc7f3060dc295f145005c.jpeg": {
    "app_sintetizada": "7D6EDD7D34CB4FCBABC7F3060DC295F145005C.JPEG",
    "cantidad_archivos": 1,
    "archivos_fuente": [
      "Pictures/Fototeca de Fotos.photoslibrary/resources/derivatives/masters/7/7D6EDD7D-34CB-4FCB-ABC7-F3060DC295F1_4_5005_c.jpeg"
    ],
    "ultima_modificacion": "2025-08-01 01:01:07.772399"
  },
  "740ccf61d2904b218e808dfa300d88b245005c.jpeg": {
    "app_sintetizada": "740CCF61D2904B218E808DFA300D88B245005C.JPEG",
    "cantidad_archivos": 1,
    "archivos_fuente": [
      "Pictures/Fototeca de Fotos.photoslibrary/resources/derivatives/masters/7/740CCF61-D290-4B21-8E80-8DFA300D88B2_4_5005_c.jpeg"
    ],
    "ultima_modificacion": "2025-08-01 01:01:07.772613"
  },
  "73aa2efa0092497bada4a2e47879569845005c.jpeg": {
    "app_sintetizada": "73AA2EFA0092497BADA4A2E47879569845005C.JPEG",
    "cantidad_archivos": 1,
    "archivos_fuente": [
      "Pictures/Fototeca de Fotos.photoslibrary/resources/derivatives/masters/7/73AA2EFA-0092-497B-ADA4-A2E478795698_4_5005_c.jpeg"
    ],
    "ultima_modificacion": "2025-08-01 01:01:07.772822"
  },
  "742d7b9678c642cabeeed927e156ded545005c.jpeg": {
    "app_sintetizada": "742D7B9678C642CABEEED927E156DED545005C.JPEG",
    "cantidad_archivos": 1,
    "archivos_fuente": [
      "Pictures/Fototeca de Fotos.photoslibrary/resources/derivatives/masters/7/742D7B96-78C6-42CA-BEEE-D927E156DED5_4_5005_c.jpeg"
    ],
    "ultima_modificacion": "2025-08-01 01:01:07.773015"
  },
  "7d7388290d7841b79b0a0b8877b3df3945005c.jpeg": {
    "app_sintetizada": "7D7388290D7841B79B0A0B8877B3DF3945005C.JPEG",
    "cantidad_archivos": 1,
    "archivos_fuente": [
      "Pictures/Fototeca de Fotos.photoslibrary/resources/derivatives/masters/7/7D738829-0D78-41B7-9B0A-0B8877B3DF39_4_5005_c.jpeg"
    ],
    "ultima_modificacion": "2025-08-01 01:01:07.773198"
  },
  "797629a9ea3341c0836edfd3d5e76a0645005c.jpeg": {
    "app_sintetizada": "797629A9EA3341C0836EDFD3D5E76A0645005C.JPEG",
    "cantidad_archivos": 1,
    "archivos_fuente": [
      "Pictures/Fototeca de Fotos.photoslibrary/resources/derivatives/masters/7/797629A9-EA33-41C0-836E-DFD3D5E76A06_4_5005_c.jpeg"
    ],
    "ultima_modificacion": "2025-08-01 01:01:07.773390"
  },
  "724f4b22c3aa47d4a22f1186dbb8191a45005c.jpeg": {
    "app_sintetizada": "724F4B22C3AA47D4A22F1186DBB8191A45005C.JPEG",
    "cantidad_archivos": 1,
    "archivos_fuente": [
      "Pictures/Fototeca de Fotos.photoslibrary/resources/derivatives/masters/7/724F4B22-C3AA-47D4-A22F-1186DBB8191A_4_5005_c.jpeg"
    ],
    "ultima_modificacion": "2025-08-01 01:01:07.773595"
  },
  "7945e5f7b68f4f13936df054e247f9b345005c.jpeg": {
    "app_sintetizada": "7945E5F7B68F4F13936DF054E247F9B345005C.JPEG",
    "cantidad_archivos": 1,
    "archivos_fuente": [
      "Pictures/Fototeca de Fotos.photoslibrary/resources/derivatives/masters/7/7945E5F7-B68F-4F13-936D-F054E247F9B3_4_5005_c.jpeg"
    ],
    "ultima_modificacion": "2025-08-01 01:01:07.773786"
  },
  "75e8c949b22048d7af2ef64de24a733a45005c.jpeg": {
    "app_sintetizada": "75E8C949B22048D7AF2EF64DE24A733A45005C.JPEG",
    "cantidad_archivos": 1,
    "archivos_fuente": [
      "Pictures/Fototeca de Fotos.photoslibrary/resources/derivatives/masters/7/75E8C949-B220-48D7-AF2E-F64DE24A733A_4_5005_c.jpeg"
    ],
    "ultima_modificacion": "2025-08-01 01:01:07.773979"
  },
  "7fd1cc1bb44e4839b12b40e132448d8a45005c.jpeg": {
    "app_sintetizada": "7FD1CC1BB44E4839B12B40E132448D8A45005C.JPEG",
    "cantidad_archivos": 1,
    "archivos_fuente": [
      "Pictures/Fototeca de Fotos.photoslibrary/resources/derivatives/masters/7/7FD1CC1B-B44E-4839-B12B-40E132448D8A_4_5005_c.jpeg"
    ],
    "ultima_modificacion": "2025-08-01 01:01:07.774271"
  },
  "785902da817645088e06cf80e7e97a4a45005c.jpeg": {
    "app_sintetizada": "785902DA817645088E06CF80E7E97A4A45005C.JPEG",
    "cantidad_archivos": 1,
    "archivos_fuente": [
      "Pictures/Fototeca de Fotos.photoslibrary/resources/derivatives/masters/7/785902DA-8176-4508-8E06-CF80E7E97A4A_4_5005_c.jpeg"
    ],
    "ultima_modificacion": "2025-08-01 01:01:07.774611"
  },
  "7b8658d9467b4a5ca7b6e624f09fb64a45005c.jpeg": {
    "app_sintetizada": "7B8658D9467B4A5CA7B6E624F09FB64A45005C.JPEG",
    "cantidad_archivos": 1,
    "archivos_fuente": [
      "Pictures/Fototeca de Fotos.photoslibrary/resources/derivatives/masters/7/7B8658D9-467B-4A5C-A7B6-E624F09FB64A_4_5005_c.jpeg"
    ],
    "ultima_modificacion": "2025-08-01 01:01:07.774895"
  },
  "7a35cfb0229b4ab2998e05dd4e6e75b545005c.jpeg": {
    "app_sintetizada": "7A35CFB0229B4AB2998E05DD4E6E75B545005C.JPEG",
    "cantidad_archivos": 1,
    "archivos_fuente": [
      "Pictures/Fototeca de Fotos.photoslibrary/resources/derivatives/masters/7/7A35CFB0-229B-4AB2-998E-05DD4E6E75B5_4_5005_c.jpeg"
    ],
    "ultima_modificacion": "2025-08-01 01:01:07.775277"
  },
  "708f83e6fcc6479397991d9611fa492345005c.jpeg": {
    "app_sintetizada": "708F83E6FCC6479397991D9611FA492345005C.JPEG",
    "cantidad_archivos": 1,
    "archivos_fuente": [
      "Pictures/Fototeca de Fotos.photoslibrary/resources/derivatives/masters/7/708F83E6-FCC6-4793-9799-1D9611FA4923_4_5005_c.jpeg"
    ],
    "ultima_modificacion": "2025-08-01 01:01:07.775571"
  },
  "7bcbd7ce70ad4b408335bc5dc4b60e8b45005c.jpeg": {
    "app_sintetizada": "7BCBD7CE70AD4B408335BC5DC4B60E8B45005C.JPEG",
    "cantidad_archivos": 1,
    "archivos_fuente": [
      "Pictures/Fototeca de Fotos.photoslibrary/resources/derivatives/masters/7/7BCBD7CE-70AD-4B40-8335-BC5DC4B60E8B_4_5005_c.jpeg"
    ],
    "ultima_modificacion": "2025-08-01 01:01:07.775826"
  },
  "71318d3bd82a4394a5b14d80af5677fa45005c.jpeg": {
    "app_sintetizada": "71318D3BD82A4394A5B14D80AF5677FA45005C.JPEG",
    "cantidad_archivos": 1,
    "archivos_fuente": [
      "Pictures/Fototeca de Fotos.photoslibrary/resources/derivatives/masters/7/71318D3B-D82A-4394-A5B1-4D80AF5677FA_4_5005_c.jpeg"
    ],
    "ultima_modificacion": "2025-08-01 01:01:07.776069"
  },
  "72ed84b39876495694e6a39a2508c5b145005c.jpeg": {
    "app_sintetizada": "72ED84B39876495694E6A39A2508C5B145005C.JPEG",
    "cantidad_archivos": 1,
    "archivos_fuente": [
      "Pictures/Fototeca de Fotos.photoslibrary/resources/derivatives/masters/7/72ED84B3-9876-4956-94E6-A39A2508C5B1_4_5005_c.jpeg"
    ],
    "ultima_modificacion": "2025-08-01 01:01:07.776320"
  },
  "716dbc0af6374f05992dcdd28c2f0e1945005c.jpeg": {
    "app_sintetizada": "716DBC0AF6374F05992DCDD28C2F0E1945005C.JPEG",
    "cantidad_archivos": 1,
    "archivos_fuente": [
      "Pictures/Fototeca de Fotos.photoslibrary/resources/derivatives/masters/7/716DBC0A-F637-4F05-992D-CDD28C2F0E19_4_5005_c.jpeg"
    ],
    "ultima_modificacion": "2025-08-01 01:01:07.776555"
  },
  "75b1f26135914278bcd9f44e800363a045005c.jpeg": {
    "app_sintetizada": "75B1F26135914278BCD9F44E800363A045005C.JPEG",
    "cantidad_archivos": 1,
    "archivos_fuente": [
      "Pictures/Fototeca de Fotos.photoslibrary/resources/derivatives/masters/7/75B1F261-3591-4278-BCD9-F44E800363A0_4_5005_c.jpeg"
    ],
    "ultima_modificacion": "2025-08-01 01:01:07.776791"
  },
  "7e73164ce204404981b90ddfdc15de1945005c.jpeg": {
    "app_sintetizada": "7E73164CE204404981B90DDFDC15DE1945005C.JPEG",
    "cantidad_archivos": 1,
    "archivos_fuente": [
      "Pictures/Fototeca de Fotos.photoslibrary/resources/derivatives/masters/7/7E73164C-E204-4049-81B9-0DDFDC15DE19_4_5005_c.jpeg"
    ],
    "ultima_modificacion": "2025-08-01 01:01:07.777085"
  },
  "72613626cbe24303bdc06e3f9e5ed1ce45005c.jpeg": {
    "app_sintetizada": "72613626CBE24303BDC06E3F9E5ED1CE45005C.JPEG",
    "cantidad_archivos": 1,
    "archivos_fuente": [
      "Pictures/Fototeca de Fotos.photoslibrary/resources/derivatives/masters/7/72613626-CBE2-4303-BDC0-6E3F9E5ED1CE_4_5005_c.jpeg"
    ],
    "ultima_modificacion": "2025-08-01 01:01:07.777342"
  },
  "74e51eb9419940949b9ff3ac3285551245005c.jpeg": {
    "app_sintetizada": "74E51EB9419940949B9FF3AC3285551245005C.JPEG",
    "cantidad_archivos": 1,
    "archivos_fuente": [
      "Pictures/Fototeca de Fotos.photoslibrary/resources/derivatives/masters/7/74E51EB9-4199-4094-9B9F-F3AC32855512_4_5005_c.jpeg"
    ],
    "ultima_modificacion": "2025-08-01 01:01:07.777563"
  },
  "7ce1754518454941b80fa20594ed1e1e45005c.jpeg": {
    "app_sintetizada": "7CE1754518454941B80FA20594ED1E1E45005C.JPEG",
    "cantidad_archivos": 1,
    "archivos_fuente": [
      "Pictures/Fototeca de Fotos.photoslibrary/resources/derivatives/masters/7/7CE17545-1845-4941-B80F-A20594ED1E1E_4_5005_c.jpeg"
    ],
    "ultima_modificacion": "2025-08-01 01:01:07.777764"
  },
  "7252a37f836c47d7b563ade281d6102345005c.jpeg": {
    "app_sintetizada": "7252A37F836C47D7B563ADE281D6102345005C.JPEG",
    "cantidad_archivos": 1,
    "archivos_fuente": [
      "Pictures/Fototeca de Fotos.photoslibrary/resources/derivatives/masters/7/7252A37F-836C-47D7-B563-ADE281D61023_4_5005_c.jpeg"
    ],
    "ultima_modificacion": "2025-08-01 01:01:07.777950"
  },
  "76f74690c7f04e9d8980616711523fc545005c.jpeg": {
    "app_sintetizada": "76F74690C7F04E9D8980616711523FC545005C.JPEG",
    "cantidad_archivos": 1,
    "archivos_fuente": [
      "Pictures/Fototeca de Fotos.photoslibrary/resources/derivatives/masters/7/76F74690-C7F0-4E9D-8980-616711523FC5_4_5005_c.jpeg"
    ],
    "ultima_modificacion": "2025-08-01 01:01:07.778146"
  },
  "7f6c54837ad344b0910fe9fb4e0a5db345005c.jpeg": {
    "app_sintetizada": "7F6C54837AD344B0910FE9FB4E0A5DB345005C.JPEG",
    "cantidad_archivos": 1,
    "archivos_fuente": [
      "Pictures/Fototeca de Fotos.photoslibrary/resources/derivatives/masters/7/7F6C5483-7AD3-44B0-910F-E9FB4E0A5DB3_4_5005_c.jpeg"
    ],
    "ultima_modificacion": "2025-08-01 01:01:07.778319"
  },
  "7fd0e31c34f84536ad4ceac97c80c86245005c.jpeg": {
    "app_sintetizada": "7FD0E31C34F84536AD4CEAC97C80C86245005C.JPEG",
    "cantidad_archivos": 1,
    "archivos_fuente": [
      "Pictures/Fototeca de Fotos.photoslibrary/resources/derivatives/masters/7/7FD0E31C-34F8-4536-AD4C-EAC97C80C862_4_5005_c.jpeg"
    ],
    "ultima_modificacion": "2025-08-01 01:01:07.778490"
  },
  "75d8ddf8602742059909daa9232805d445005c.jpeg": {
    "app_sintetizada": "75D8DDF8602742059909DAA9232805D445005C.JPEG",
    "cantidad_archivos": 1,
    "archivos_fuente": [
      "Pictures/Fototeca de Fotos.photoslibrary/resources/derivatives/masters/7/75D8DDF8-6027-4205-9909-DAA9232805D4_4_5005_c.jpeg"
    ],
    "ultima_modificacion": "2025-08-01 01:01:07.778667"
  },
  "76e6351b56c54231931614895c753ede45005c.jpeg": {
    "app_sintetizada": "76E6351B56C54231931614895C753EDE45005C.JPEG",
    "cantidad_archivos": 1,
    "archivos_fuente": [
      "Pictures/Fototeca de Fotos.photoslibrary/resources/derivatives/masters/7/76E6351B-56C5-4231-9316-14895C753EDE_4_5005_c.jpeg"
    ],
    "ultima_modificacion": "2025-08-01 01:01:07.778839"
  },
  "78d4f6c83da644a3b4345041088dee8e45005c.jpeg": {
    "app_sintetizada": "78D4F6C83DA644A3B4345041088DEE8E45005C.JPEG",
    "cantidad_archivos": 1,
    "archivos_fuente": [
      "Pictures/Fototeca de Fotos.photoslibrary/resources/derivatives/masters/7/78D4F6C8-3DA6-44A3-B434-5041088DEE8E_4_5005_c.jpeg"
    ],
    "ultima_modificacion": "2025-08-01 01:01:07.779026"
  },
  "71309cc8424b42bf9b738994825ba87945005c.jpeg": {
    "app_sintetizada": "71309CC8424B42BF9B738994825BA87945005C.JPEG",
    "cantidad_archivos": 1,
    "archivos_fuente": [
      "Pictures/Fototeca de Fotos.photoslibrary/resources/derivatives/masters/7/71309CC8-424B-42BF-9B73-8994825BA879_4_5005_c.jpeg"
    ],
    "ultima_modificacion": "2025-08-01 01:01:07.779220"
  },
  "7214702f17064f3eb33712803ccb4bed45005c.jpeg": {
    "app_sintetizada": "7214702F17064F3EB33712803CCB4BED45005C.JPEG",
    "cantidad_archivos": 1,
    "archivos_fuente": [
      "Pictures/Fototeca de Fotos.photoslibrary/resources/derivatives/masters/7/7214702F-1706-4F3E-B337-12803CCB4BED_4_5005_c.jpeg"
    ],
    "ultima_modificacion": "2025-08-01 01:01:07.779404"
  },
  "716040162f42467dafa801f1c8a6873845005c.jpeg": {
    "app_sintetizada": "716040162F42467DAFA801F1C8A6873845005C.JPEG",
    "cantidad_archivos": 1,
    "archivos_fuente": [
      "Pictures/Fototeca de Fotos.photoslibrary/resources/derivatives/masters/7/71604016-2F42-467D-AFA8-01F1C8A68738_4_5005_c.jpeg"
    ],
    "ultima_modificacion": "2025-08-01 01:01:07.779589"
  }
}