{
  "0d514c0d264a405992b784f1d181d1a045005c.jpeg": {
    "app_sintetizada": "0D514C0D264A405992B784F1D181D1A045005C.JPEG",
    "cantidad_archivos": 1,
    "archivos_fuente": [
      "Pictures/Fototeca de Fotos.photoslibrary/resources/derivatives/masters/0/0D514C0D-264A-4059-92B7-84F1D181D1A0_4_5005_c.jpeg"
    ],
    "ultima_modificacion": "2025-08-01 01:01:06.935006"
  },
  "0448ce766fb54e27b72ef8ac47db6b3e45005c.jpeg": {
    "app_sintetizada": "0448CE766FB54E27B72EF8AC47DB6B3E45005C.JPEG",
    "cantidad_archivos": 1,
    "archivos_fuente": [
      "Pictures/Fototeca de Fotos.photoslibrary/resources/derivatives/masters/0/0448CE76-6FB5-4E27-B72E-F8AC47DB6B3E_4_5005_c.jpeg"
    ],
    "ultima_modificacion": "2025-08-01 01:01:06.935320"
  },
  "0564e44babaf47358bb238527db533e745005c.jpeg": {
    "app_sintetizada": "0564E44BABAF47358BB238527DB533E745005C.JPEG",
    "cantidad_archivos": 1,
    "archivos_fuente": [
      "Pictures/Fototeca de Fotos.photoslibrary/resources/derivatives/masters/0/0564E44B-ABAF-4735-8BB2-38527DB533E7_4_5005_c.jpeg"
    ],
    "ultima_modificacion": "2025-08-01 01:01:06.935679"
  },
  "0a064493079f4381a086672bfb39199545005c.jpeg": {
    "app_sintetizada": "0A064493079F4381A086672BFB39199545005C.JPEG",
    "cantidad_archivos": 1,
    "archivos_fuente": [
      "Pictures/Fototeca de Fotos.photoslibrary/resources/derivatives/masters/0/0A064493-079F-4381-A086-672BFB391995_4_5005_c.jpeg"
    ],
    "ultima_modificacion": "2025-08-01 01:01:06.937696"
  },
  "030645ad2f874d73acacf7e70a678c2745005c.jpeg": {
    "app_sintetizada": "030645AD2F874D73ACACF7E70A678C2745005C.JPEG",
    "cantidad_archivos": 1,
    "archivos_fuente": [
      "Pictures/Fototeca de Fotos.photoslibrary/resources/derivatives/masters/0/030645AD-2F87-4D73-ACAC-F7E70A678C27_4_5005_c.jpeg"
    ],
    "ultima_modificacion": "2025-08-01 01:01:06.939664"
  },
  "0d8717428d454f54be1800dc6b29d5fa45005c.jpeg": {
    "app_sintetizada": "0D8717428D454F54BE1800DC6B29D5FA45005C.JPEG",
    "cantidad_archivos": 1,
    "archivos_fuente": [
      "Pictures/Fototeca de Fotos.photoslibrary/resources/derivatives/masters/0/0D871742-8D45-4F54-BE18-00DC6B29D5FA_4_5005_c.jpeg"
    ],
    "ultima_modificacion": "2025-08-01 01:01:06.940431"
  },
  "012c91b5b13e456bafba45493df1422545005c.jpeg": {
    "app_sintetizada": "012C91B5B13E456BAFBA45493DF1422545005C.JPEG",
    "cantidad_archivos": 1,
    "archivos_fuente": [
      "Pictures/Fototeca de Fotos.photoslibrary/resources/derivatives/masters/0/012C91B5-B13E-456B-AFBA-45493DF14225_4_5005_c.jpeg"
    ],
    "ultima_modificacion": "2025-08-01 01:01:06.941238"
  },
  "06d6275b1c63495eafdf72740a79a0bb45005c.jpeg": {
    "app_sintetizada": "06D6275B1C63495EAFDF72740A79A0BB45005C.JPEG",
    "cantidad_archivos": 1,
    "archivos_fuente": [
      "Pictures/Fototeca de Fotos.photoslibrary/resources/derivatives/masters/0/06D6275B-1C63-495E-AFDF-72740A79A0BB_4_5005_c.jpeg"
    ],
    "ultima_modificacion": "2025-08-01 01:01:06.942070"
  },
  "010fa58a874e44ad9f281f156aced02345005c.jpeg": {
    "app_sintetizada": "010FA58A874E44AD9F281F156ACED02345005C.JPEG",
    "cantidad_archivos": 1,
    "archivos_fuente": [
      "Pictures/Fototeca de Fotos.photoslibrary/resources/derivatives/masters/0/010FA58A-874E-44AD-9F28-1F156ACED023_4_5005_c.jpeg"
    ],
    "ultima_modificacion": "2025-08-01 01:01:06.942863"
  },
  "05044e8aec1648bab51aaa56080a317545005c.jpeg": {
    "app_sintetizada": "05044E8AEC1648BAB51AAA56080A317545005C.JPEG",
    "cantidad_archivos": 1,
    "archivos_fuente": [
      "Pictures/Fototeca de Fotos.photoslibrary/resources/derivatives/masters/0/05044E8A-EC16-48BA-B51A-AA56080A3175_4_5005_c.jpeg"
    ],
    "ultima_modificacion": "2025-08-01 01:01:06.944049"
  },
  "03d7c873b33e46cc9c3a60fba66fd6f145005c.jpeg": {
    "app_sintetizada": "03D7C873B33E46CC9C3A60FBA66FD6F145005C.JPEG",
    "cantidad_archivos": 1,
    "archivos_fuente": [
      "Pictures/Fototeca de Fotos.photoslibrary/resources/derivatives/masters/0/03D7C873-B33E-46CC-9C3A-60FBA66FD6F1_4_5005_c.jpeg"
    ],
    "ultima_modificacion": "2025-08-01 01:01:06.945026"
  },
  "043fe143075d4e0b8ee779c2bafb53a545005c.jpeg": {
    "app_sintetizada": "043FE143075D4E0B8EE779C2BAFB53A545005C.JPEG",
    "cantidad_archivos": 1,
    "archivos_fuente": [
      "Pictures/Fototeca de Fotos.photoslibrary/resources/derivatives/masters/0/043FE143-075D-4E0B-8EE7-79C2BAFB53A5_4_5005_c.jpeg"
    ],
    "ultima_modificacion": "2025-08-01 01:01:06.945737"
  },
  "00a3bc79a30449ac9c08cc087f53be0145005c.jpeg": {
    "app_sintetizada": "00A3BC79A30449AC9C08CC087F53BE0145005C.JPEG",
    "cantidad_archivos": 1,
    "archivos_fuente": [
      "Pictures/Fototeca de Fotos.photoslibrary/resources/derivatives/masters/0/00A3BC79-A304-49AC-9C08-CC087F53BE01_4_5005_c.jpeg"
    ],
    "ultima_modificacion": "2025-08-01 01:01:06.946414"
  },
  "0e3dcce48f4544afa184f91560213b5845005c.jpeg": {
    "app_sintetizada": "0E3DCCE48F4544AFA184F91560213B5845005C.JPEG",
    "cantidad_archivos": 1,
    "archivos_fuente": [
      "Pictures/Fototeca de Fotos.photoslibrary/resources/derivatives/masters/0/0E3DCCE4-8F45-44AF-A184-F91560213B58_4_5005_c.jpeg"
    ],
    "ultima_modificacion": "2025-08-01 01:01:06.946909"
  },
  "063c7b29510a41cda93b7f8af14086b445005c.jpeg": {
    "app_sintetizada": "063C7B29510A41CDA93B7F8AF14086B445005C.JPEG",
    "cantidad_archivos": 1,
    "archivos_fuente": [
      "Pictures/Fototeca de Fotos.photoslibrary/resources/derivatives/masters/0/063C7B29-510A-41CD-A93B-7F8AF14086B4_4_5005_c.jpeg"
    ],
    "ultima_modificacion": "2025-08-01 01:01:06.947271"
  },
  "094e658ece91447f92b705edbf2a1eb045005c.jpeg": {
    "app_sintetizada": "094E658ECE91447F92B705EDBF2A1EB045005C.JPEG",
    "cantidad_archivos": 1,
    "archivos_fuente": [
      "Pictures/Fototeca de Fotos.photoslibrary/resources/derivatives/masters/0/094E658E-CE91-447F-92B7-05EDBF2A1EB0_4_5005_c.jpeg"
    ],
    "ultima_modificacion": "2025-08-01 01:01:06.948008"
  },
  "0813fa3e345e40038d25560a94a72d2045005c.jpeg": {
    "app_sintetizada": "0813FA3E345E40038D25560A94A72D2045005C.JPEG",
    "cantidad_archivos": 1,
    "archivos_fuente": [
      "Pictures/Fototeca de Fotos.photoslibrary/resources/derivatives/masters/0/0813FA3E-345E-4003-8D25-560A94A72D20_4_5005_c.jpeg"
    ],
    "ultima_modificacion": "2025-08-01 01:01:06.948743"
  },
  "019f30185fe44768a8c9ca617b5c743045005c.jpeg": {
    "app_sintetizada": "019F30185FE44768A8C9CA617B5C743045005C.JPEG",
    "cantidad_archivos": 1,
    "archivos_fuente": [
      "Pictures/Fototeca de Fotos.photoslibrary/resources/derivatives/masters/0/019F3018-5FE4-4768-A8C9-CA617B5C7430_4_5005_c.jpeg"
    ],
    "ultima_modificacion": "2025-08-01 01:01:06.949333"
  },
  "0ca7d455ff6047a483af885f1c130af545005c.jpeg": {
    "app_sintetizada": "0CA7D455FF6047A483AF885F1C130AF545005C.JPEG",
    "cantidad_archivos": 1,
    "archivos_fuente": [
      "Pictures/Fototeca de Fotos.photoslibrary/resources/derivatives/masters/0/0CA7D455-FF60-47A4-83AF-885F1C130AF5_4_5005_c.jpeg"
    ],
    "ultima_modificacion": "2025-08-01 01:01:06.953629"
  },
  "08196dd78dee48db8bdd8ed04a3f7c2045005c.jpeg": {
    "app_sintetizada": "08196DD78DEE48DB8BDD8ED04A3F7C2045005C.JPEG",
    "cantidad_archivos": 1,
    "archivos_fuente": [
      "Pictures/Fototeca de Fotos.photoslibrary/resources/derivatives/masters/0/08196DD7-8DEE-48DB-8BDD-8ED04A3F7C20_4_5005_c.jpeg"
    ],
    "ultima_modificacion": "2025-08-01 01:01:06.954398"
  },
  "0732f3a997da443292b35a9577dc5fba45005c.jpeg": {
    "app_sintetizada": "0732F3A997DA443292B35A9577DC5FBA45005C.JPEG",
    "cantidad_archivos": 1,
    "archivos_fuente": [
      "Pictures/Fototeca de Fotos.photoslibrary/resources/derivatives/masters/0/0732F3A9-97DA-4432-92B3-5A9577DC5FBA_4_5005_c.jpeg"
    ],
    "ultima_modificacion": "2025-08-01 01:01:06.954921"
  },
  "05ced55ddb7c4d2182d89c2065a03f6045005c.jpeg": {
    "app_sintetizada": "05CED55DDB7C4D2182D89C2065A03F6045005C.JPEG",
    "cantidad_archivos": 1,
    "archivos_fuente": [
      "Pictures/Fototeca de Fotos.photoslibrary/resources/derivatives/masters/0/05CED55D-DB7C-4D21-82D8-9C2065A03F60_4_5005_c.jpeg"
    ],
    "ultima_modificacion": "2025-08-01 01:01:06.956395"
  },
  "06e8138f28e0431d936a3bd1840a278145005c.jpeg": {
    "app_sintetizada": "06E8138F28E0431D936A3BD1840A278145005C.JPEG",
    "cantidad_archivos": 1,
    "archivos_fuente": [
      "Pictures/Fototeca de Fotos.photoslibrary/resources/derivatives/masters/0/06E8138F-28E0-431D-936A-3BD1840A2781_4_5005_c.jpeg"
    ],
    "ultima_modificacion": "2025-08-01 01:01:06.956914"
  },
  "010f5f328349403db0e1ced60c5a900345005c.jpeg": {
    "app_sintetizada": "010F5F328349403DB0E1CED60C5A900345005C.JPEG",
    "cantidad_archivos": 1,
    "archivos_fuente": [
      "Pictures/Fototeca de Fotos.photoslibrary/resources/derivatives/masters/0/010F5F32-8349-403D-B0E1-CED60C5A9003_4_5005_c.jpeg"
    ],
    "ultima_modificacion": "2025-08-01 01:01:06.957567"
  },
  "0ac79a13b4964e60be0c25428f60578145005c.jpeg": {
    "app_sintetizada": "0AC79A13B4964E60BE0C25428F60578145005C.JPEG",
    "cantidad_archivos": 1,
    "archivos_fuente": [
      "Pictures/Fototeca de Fotos.photoslibrary/resources/derivatives/masters/0/0AC79A13-B496-4E60-BE0C-25428F605781_4_5005_c.jpeg"
    ],
    "ultima_modificacion": "2025-08-01 01:01:06.957926"
  },
  "092d86f2fabd4dc2b77799115fdeb17045005c.jpeg": {
    "app_sintetizada": "092D86F2FABD4DC2B77799115FDEB17045005C.JPEG",
    "cantidad_archivos": 1,
    "archivos_fuente": [
      "Pictures/Fototeca de Fotos.photoslibrary/resources/derivatives/masters/0/092D86F2-FABD-4DC2-B777-99115FDEB170_4_5005_c.jpeg"
    ],
    "ultima_modificacion": "2025-08-01 01:01:06.958401"
  },
  "04bf62226c9f42558adecef100bd61c845005c.jpeg": {
    "app_sintetizada": "04BF62226C9F42558ADECEF100BD61C845005C.JPEG",
    "cantidad_archivos": 1,
    "archivos_fuente": [
      "Pictures/Fototeca de Fotos.photoslibrary/resources/derivatives/masters/0/04BF6222-6C9F-4255-8ADE-CEF100BD61C8_4_5005_c.jpeg"
    ],
    "ultima_modificacion": "2025-08-01 01:01:06.958737"
  },
  "04dd08ddf9fe4148a9dd522151423f7945005c.jpeg": {
    "app_sintetizada": "04DD08DDF9FE4148A9DD522151423F7945005C.JPEG",
    "cantidad_archivos": 1,
    "archivos_fuente": [
      "Pictures/Fototeca de Fotos.photoslibrary/resources/derivatives/masters/0/04DD08DD-F9FE-4148-A9DD-522151423F79_4_5005_c.jpeg"
    ],
    "ultima_modificacion": "2025-08-01 01:01:06.959198"
  },
  "04646417c8e649b88b6f7c1e1c4ef69145005c.jpeg": {
    "app_sintetizada": "04646417C8E649B88B6F7C1E1C4EF69145005C.JPEG",
    "cantidad_archivos": 1,
    "archivos_fuente": [
      "Pictures/Fototeca de Fotos.photoslibrary/resources/derivatives/masters/0/04646417-C8E6-49B8-8B6F-7C1E1C4EF691_4_5005_c.jpeg"
    ],
    "ultima_modificacion": "2025-08-01 01:01:06.960385"
  },
  "0bb3b4e6c76440748bb9560937b5af1d45005c.jpeg": {
    "app_sintetizada": "0BB3B4E6C76440748BB9560937B5AF1D45005C.JPEG",
    "cantidad_archivos": 1,
    "archivos_fuente": [
      "Pictures/Fototeca de Fotos.photoslibrary/resources/derivatives/masters/0/0BB3B4E6-C764-4074-8BB9-560937B5AF1D_4_5005_c.jpeg"
    ],
    "ultima_modificacion": "2025-08-01 01:01:06.960843"
  },
  "040054afb71e44e884ca2ee87457200b45005c.jpeg": {
    "app_sintetizada": "040054AFB71E44E884CA2EE87457200B45005C.JPEG",
    "cantidad_archivos": 1,
    "archivos_fuente": [
      "Pictures/Fototeca de Fotos.photoslibrary/resources/derivatives/masters/0/040054AF-B71E-44E8-84CA-2EE87457200B_4_5005_c.jpeg"
    ],
    "ultima_modificacion": "2025-08-01 01:01:06.961153"
  },
  "01d4d79c775240fcb24311c019d15e5c45005c.jpeg": {
    "app_sintetizada": "01D4D79C775240FCB24311C019D15E5C45005C.JPEG",
    "cantidad_archivos": 1,
    "archivos_fuente": [
      "Pictures/Fototeca de Fotos.photoslibrary/resources/derivatives/masters/0/01D4D79C-7752-40FC-B243-11C019D15E5C_4_5005_c.jpeg"
    ],
    "ultima_modificacion": "2025-08-01 01:01:06.961428"
  },
  "03fb45223f0540b4b24a15836ed3fc0645005c.jpeg": {
    "app_sintetizada": "03FB45223F0540B4B24A15836ED3FC0645005C.JPEG",
    "cantidad_archivos": 1,
    "archivos_fuente": [
      "Pictures/Fototeca de Fotos.photoslibrary/resources/derivatives/masters/0/03FB4522-3F05-40B4-B24A-15836ED3FC06_4_5005_c.jpeg"
    ],
    "ultima_modificacion": "2025-08-01 01:01:06.961759"
  },
  "07fe879d023842dea6c1bb57b791111545005c.jpeg": {
    "app_sintetizada": "07FE879D023842DEA6C1BB57B791111545005C.JPEG",
    "cantidad_archivos": 1,
    "archivos_fuente": [
      "Pictures/Fototeca de Fotos.photoslibrary/resources/derivatives/masters/0/07FE879D-0238-42DE-A6C1-BB57B7911115_4_5005_c.jpeg"
    ],
    "ultima_modificacion": "2025-08-01 01:01:06.962035"
  },
  "0b8a22869137471293d16369bb580ec545005c.jpeg": {
    "app_sintetizada": "0B8A22869137471293D16369BB580EC545005C.JPEG",
    "cantidad_archivos": 1,
    "archivos_fuente": [
      "Pictures/Fototeca de Fotos.photoslibrary/resources/derivatives/masters/0/0B8A2286-9137-4712-93D1-6369BB580EC5_4_5005_c.jpeg"
    ],
    "ultima_modificacion": "2025-08-01 01:01:06.962347"
  },
  "062fe35439464bc0b7f5c65bdf770c1b45005c.jpeg": {
    "app_sintetizada": "062FE35439464BC0B7F5C65BDF770C1B45005C.JPEG",
    "cantidad_archivos": 1,
    "archivos_fuente": [
      "Pictures/Fototeca de Fotos.photoslibrary/resources/derivatives/masters/0/062FE354-3946-4BC0-B7F5-C65BDF770C1B_4_5005_c.jpeg"
    ],
    "ultima_modificacion": "2025-08-01 01:01:06.962615"
  },
  "04efc050566f429baf2850c776e3b3b845005c.jpeg": {
    "app_sintetizada": "04EFC050566F429BAF2850C776E3B3B845005C.JPEG",
    "cantidad_archivos": 1,
    "archivos_fuente": [
      "Pictures/Fototeca de Fotos.photoslibrary/resources/derivatives/masters/0/04EFC050-566F-429B-AF28-50C776E3B3B8_4_5005_c.jpeg"
    ],
    "ultima_modificacion": "2025-08-01 01:01:06.962914"
  },
  "0595cbbb6e7d479d97eddf54431ffcdb45005c.jpeg": {
    "app_sintetizada": "0595CBBB6E7D479D97EDDF54431FFCDB45005C.JPEG",
    "cantidad_archivos": 1,
    "archivos_fuente": [
      "Pictures/Fototeca de Fotos.photoslibrary/resources/derivatives/masters/0/0595CBBB-6E7D-479D-97ED-DF54431FFCDB_4_5005_c.jpeg"
    ],
    "ultima_modificacion": "2025-08-01 01:01:06.963199"
  },
  "09acd416ea7f4315a3b98cb19ec976ef45005c.jpeg": {
    "app_sintetizada": "09ACD416EA7F4315A3B98CB19EC976EF45005C.JPEG",
    "cantidad_archivos": 1,
    "archivos_fuente": [
      "Pictures/Fototeca de Fotos.photoslibrary/resources/derivatives/masters/0/09ACD416-EA7F-4315-A3B9-8CB19EC976EF_4_5005_c.jpeg"
    ],
    "ultima_modificacion": "2025-08-01 01:01:06.963566"
  },
  "09791223e58941acbaa34800e0913b7a45005c.jpeg": {
    "app_sintetizada": "09791223E58941ACBAA34800E0913B7A45005C.JPEG",
    "cantidad_archivos": 1,
    "archivos_fuente": [
      "Pictures/Fototeca de Fotos.photoslibrary/resources/derivatives/masters/0/09791223-E589-41AC-BAA3-4800E0913B7A_4_5005_c.jpeg"
    ],
    "ultima_modificacion": "2025-08-01 01:01:06.963902"
  },
  "0e59e59bd8d74ef5a1924bd1558ada8d45005c.jpeg": {
    "app_sintetizada": "0E59E59BD8D74EF5A1924BD1558ADA8D45005C.JPEG",
    "cantidad_archivos": 1,
    "archivos_fuente": [
      "Pictures/Fototeca de Fotos.photoslibrary/resources/derivatives/masters/0/0E59E59B-D8D7-4EF5-A192-4BD1558ADA8D_4_5005_c.jpeg"
    ],
    "ultima_modificacion": "2025-08-01 01:01:06.964182"
  },
  "0b9c010b31f244198d4ef1053536442845005c.jpeg": {
    "app_sintetizada": "0B9C010B31F244198D4EF1053536442845005C.JPEG",
    "cantidad_archivos": 1,
    "archivos_fuente": [
      "Pictures/Fototeca de Fotos.photoslibrary/resources/derivatives/masters/0/0B9C010B-31F2-4419-8D4E-F10535364428_4_5005_c.jpeg"
    ],
    "ultima_modificacion": "2025-08-01 01:01:06.964443"
  },
  "0c90455f09be4cb6ad05736f30df22a545005c.jpeg": {
    "app_sintetizada": "0C90455F09BE4CB6AD05736F30DF22A545005C.JPEG",
    "cantidad_archivos": 1,
    "archivos_fuente": [
      "Pictures/Fototeca de Fotos.photoslibrary/resources/derivatives/masters/0/0C90455F-09BE-4CB6-AD05-736F30DF22A5_4_5005_c.jpeg"
    ],
    "ultima_modificacion": "2025-08-01 01:01:06.964683"
  },
  "09d92c5ab25c48b9ac009688d2a46b0945005c.jpeg": {
    "app_sintetizada": "09D92C5AB25C48B9AC009688D2A46B0945005C.JPEG",
    "cantidad_archivos": 1,
    "archivos_fuente": [
      "Pictures/Fototeca de Fotos.photoslibrary/resources/derivatives/masters/0/09D92C5A-B25C-48B9-AC00-9688D2A46B09_4_5005_c.jpeg"
    ],
    "ultima_modificacion": "2025-08-01 01:01:06.964909"
  },
  "0a5e86ef60274d93bb6d90853db0cf3445005c.jpeg": {
    "app_sintetizada": "0A5E86EF60274D93BB6D90853DB0CF3445005C.JPEG",
    "cantidad_archivos": 1,
    "archivos_fuente": [
      "Pictures/Fototeca de Fotos.photoslibrary/resources/derivatives/masters/0/0A5E86EF-6027-4D93-BB6D-90853DB0CF34_4_5005_c.jpeg"
    ],
    "ultima_modificacion": "2025-08-01 01:01:06.965156"
  },
  "09426717f4e74f34992cca0af870fdd945005c.jpeg": {
    "app_sintetizada": "09426717F4E74F34992CCA0AF870FDD945005C.JPEG",
    "cantidad_archivos": 1,
    "archivos_fuente": [
      "Pictures/Fototeca de Fotos.photoslibrary/resources/derivatives/masters/0/09426717-F4E7-4F34-992C-CA0AF870FDD9_4_5005_c.jpeg"
    ],
    "ultima_modificacion": "2025-08-01 01:01:06.965394"
  },
  "086cae0babb24c61a29e30251c6afa5145005c.jpeg": {
    "app_sintetizada": "086CAE0BABB24C61A29E30251C6AFA5145005C.JPEG",
    "cantidad_archivos": 1,
    "archivos_fuente": [
      "Pictures/Fototeca de Fotos.photoslibrary/resources/derivatives/masters/0/086CAE0B-ABB2-4C61-A29E-30251C6AFA51_4_5005_c.jpeg"
    ],
    "ultima_modificacion": "2025-08-01 01:01:06.965622"
  },
  "0e561421c9b34debb267b382822267c745005c.jpeg": {
    "app_sintetizada": "0E561421C9B34DEBB267B382822267C745005C.JPEG",
    "cantidad_archivos": 1,
    "archivos_fuente": [
      "Pictures/Fototeca de Fotos.photoslibrary/resources/derivatives/masters/0/0E561421-C9B3-4DEB-B267-B382822267C7_4_5005_c.jpeg"
    ],
    "ultima_modificacion": "2025-08-01 01:01:06.965902"
  },
  "0fc8e2bba5cf4fc1ba90ed7803bad2f145005c.jpeg": {
    "app_sintetizada": "0FC8E2BBA5CF4FC1BA90ED7803BAD2F145005C.JPEG",
    "cantidad_archivos": 1,
    "archivos_fuente": [
      "Pictures/Fototeca de Fotos.photoslibrary/resources/derivatives/masters/0/0FC8E2BB-A5CF-4FC1-BA90-ED7803BAD2F1_4_5005_c.jpeg"
    ],
    "ultima_modificacion": "2025-08-01 01:01:06.966261"
  },
  "06588b965ae3480e89048f7428c888e745005c.jpeg": {
    "app_sintetizada": "06588B965AE3480E89048F7428C888E745005C.JPEG",
    "cantidad_archivos": 1,
    "archivos_fuente": [
      "Pictures/Fototeca de Fotos.photoslibrary/resources/derivatives/masters/0/06588B96-5AE3-480E-8904-8F7428C888E7_4_5005_c.jpeg"
    ],
    "ultima_modificacion": "2025-08-01 01:01:06.966737"
  },
  "080207f31e9c4459a68141e3441f575b45005c.jpeg": {
    "app_sintetizada": "080207F31E9C4459A68141E3441F575B45005C.JPEG",
    "cantidad_archivos": 1,
    "archivos_fuente": [
      "Pictures/Fototeca de Fotos.photoslibrary/resources/derivatives/masters/0/080207F3-1E9C-4459-A681-41E3441F575B_4_5005_c.jpeg"
    ],
    "ultima_modificacion": "2025-08-01 01:01:06.967219"
  },
  "007b44bdfffc4c66b228ff3b6d18406f45005c.jpeg": {
    "app_sintetizada": "007B44BDFFFC4C66B228FF3B6D18406F45005C.JPEG",
    "cantidad_archivos": 1,
    "archivos_fuente": [
      "Pictures/Fototeca de Fotos.photoslibrary/resources/derivatives/masters/0/007B44BD-FFFC-4C66-B228-FF3B6D18406F_4_5005_c.jpeg"
    ],
    "ultima_modificacion": "2025-08-01 01:01:06.968103"
  },
  "05300c7dcee04d3989ee875686eae29c45005c.jpeg": {
    "app_sintetizada": "05300C7DCEE04D3989EE875686EAE29C45005C.JPEG",
    "cantidad_archivos": 1,
    "archivos_fuente": [
      "Pictures/Fototeca de Fotos.photoslibrary/resources/derivatives/masters/0/05300C7D-CEE0-4D39-89EE-875686EAE29C_4_5005_c.jpeg"
    ],
    "ultima_modificacion": "2025-08-01 01:01:06.968730"
  },
  "0d311df26b594d63a28a4029cd3942bc45005c.jpeg": {
    "app_sintetizada": "0D311DF26B594D63A28A4029CD3942BC45005C.JPEG",
    "cantidad_archivos": 1,
    "archivos_fuente": [
      "Pictures/Fototeca de Fotos.photoslibrary/resources/derivatives/masters/0/0D311DF2-6B59-4D63-A28A-4029CD3942BC_4_5005_c.jpeg"
    ],
    "ultima_modificacion": "2025-08-01 01:01:06.969377"
  },
  "0435daa1ddba4869b1c164c430fef6ee45005c.jpeg": {
    "app_sintetizada": "0435DAA1DDBA4869B1C164C430FEF6EE45005C.JPEG",
    "cantidad_archivos": 1,
    "archivos_fuente": [
      "Pictures/Fototeca de Fotos.photoslibrary/resources/derivatives/masters/0/0435DAA1-DDBA-4869-B1C1-64C430FEF6EE_4_5005_c.jpeg"
    ],
    "ultima_modificacion": "2025-08-01 01:01:06.971003"
  },
  "0198eb5609784f88bc6c88886e44041245005c.jpeg": {
    "app_sintetizada": "0198EB5609784F88BC6C88886E44041245005C.JPEG",
    "cantidad_archivos": 1,
    "archivos_fuente": [
      "Pictures/Fototeca de Fotos.photoslibrary/resources/derivatives/masters/0/0198EB56-0978-4F88-BC6C-88886E440412_4_5005_c.jpeg"
    ],
    "ultima_modificacion": "2025-08-01 01:01:06.971902"
  },
  "0163f22deb5b4093ac11d8256eabbcfc45005c.jpeg": {
    "app_sintetizada": "0163F22DEB5B4093AC11D8256EABBCFC45005C.JPEG",
    "cantidad_archivos": 1,
    "archivos_fuente": [
      "Pictures/Fototeca de Fotos.photoslibrary/resources/derivatives/masters/0/0163F22D-EB5B-4093-AC11-D8256EABBCFC_4_5005_c.jpeg"
    ],
    "ultima_modificacion": "2025-08-01 01:01:06.972590"
  },
  "0369675074514e15bca366823a79080345005c.jpeg": {
    "app_sintetizada": "0369675074514E15BCA366823A79080345005C.JPEG",
    "cantidad_archivos": 1,
    "archivos_fuente": [
      "Pictures/Fototeca de Fotos.photoslibrary/resources/derivatives/masters/0/03696750-7451-4E15-BCA3-66823A790803_4_5005_c.jpeg"
    ],
    "ultima_modificacion": "2025-08-01 01:01:06.973007"
  },
  "015d7236862244ad93a6e7aa5859563345005c.jpeg": {
    "app_sintetizada": "015D7236862244AD93A6E7AA5859563345005C.JPEG",
    "cantidad_archivos": 1,
    "archivos_fuente": [
      "Pictures/Fototeca de Fotos.photoslibrary/resources/derivatives/masters/0/015D7236-8622-44AD-93A6-E7AA58595633_4_5005_c.jpeg"
    ],
    "ultima_modificacion": "2025-08-01 01:01:06.973350"
  },
  "0cebc09d9c584843a699ae952918888a45005c.jpeg": {
    "app_sintetizada": "0CEBC09D9C584843A699AE952918888A45005C.JPEG",
    "cantidad_archivos": 1,
    "archivos_fuente": [
      "Pictures/Fototeca de Fotos.photoslibrary/resources/derivatives/masters/0/0CEBC09D-9C58-4843-A699-AE952918888A_4_5005_c.jpeg"
    ],
    "ultima_modificacion": "2025-08-01 01:01:06.973827"
  },
  "07b2458787204b18ad5c1ad2ab259f5745005c.jpeg": {
    "app_sintetizada": "07B2458787204B18AD5C1AD2AB259F5745005C.JPEG",
    "cantidad_archivos": 1,
    "archivos_fuente": [
      "Pictures/Fototeca de Fotos.photoslibrary/resources/derivatives/masters/0/07B24587-8720-4B18-AD5C-1AD2AB259F57_4_5005_c.jpeg"
    ],
    "ultima_modificacion": "2025-08-01 01:01:06.974105"
  },
  "0b421baaa90f4ee9a8f83153be06fdb645005c.jpeg": {
    "app_sintetizada": "0B421BAAA90F4EE9A8F83153BE06FDB645005C.JPEG",
    "cantidad_archivos": 1,
    "archivos_fuente": [
      "Pictures/Fototeca de Fotos.photoslibrary/resources/derivatives/masters/0/0B421BAA-A90F-4EE9-A8F8-3153BE06FDB6_4_5005_c.jpeg"
    ],
    "ultima_modificacion": "2025-08-01 01:01:06.974405"
  },
  "0bea95c949bd4e418dc6357e2cb5ca2245005c.jpeg": {
    "app_sintetizada": "0BEA95C949BD4E418DC6357E2CB5CA2245005C.JPEG",
    "cantidad_archivos": 1,
    "archivos_fuente": [
      "Pictures/Fototeca de Fotos.photoslibrary/resources/derivatives/masters/0/0BEA95C9-49BD-4E41-8DC6-357E2CB5CA22_4_5005_c.jpeg"
    ],
    "ultima_modificacion": "2025-08-01 01:01:06.974681"
  },
  "022518a8ff564eb1acf5098509971e4a45005c.jpeg": {
    "app_sintetizada": "022518A8FF564EB1ACF5098509971E4A45005C.JPEG",
    "cantidad_archivos": 1,
    "archivos_fuente": [
      "Pictures/Fototeca de Fotos.photoslibrary/resources/derivatives/masters/0/022518A8-FF56-4EB1-ACF5-098509971E4A_4_5005_c.jpeg"
    ],
    "ultima_modificacion": "2025-08-01 01:01:06.974938"
  },
  "0678ceb47d584500b5d7f7ada1c62aba45005c.jpeg": {
    "app_sintetizada": "0678CEB47D584500B5D7F7ADA1C62ABA45005C.JPEG",
    "cantidad_archivos": 1,
    "archivos_fuente": [
      "Pictures/Fototeca de Fotos.photoslibrary/resources/derivatives/masters/0/0678CEB4-7D58-4500-B5D7-F7ADA1C62ABA_4_5005_c.jpeg"
    ],
    "ultima_modificacion": "2025-08-01 01:01:06.975217"
  },
  "08cb8b0fa47348a494eed3f7bd76683d45005c.jpeg": {
    "app_sintetizada": "08CB8B0FA47348A494EED3F7BD76683D45005C.JPEG",
    "cantidad_archivos": 1,
    "archivos_fuente": [
      "Pictures/Fototeca de Fotos.photoslibrary/resources/derivatives/masters/0/08CB8B0F-A473-48A4-94EE-D3F7BD76683D_4_5005_c.jpeg"
    ],
    "ultima_modificacion": "2025-08-01 01:01:06.975595"
  },
  "03c9cc1337f04be2b6c4f09f028f9eba45005c.jpeg": {
    "app_sintetizada": "03C9CC1337F04BE2B6C4F09F028F9EBA45005C.JPEG",
    "cantidad_archivos": 1,
    "archivos_fuente": [
      "Pictures/Fototeca de Fotos.photoslibrary/resources/derivatives/masters/0/03C9CC13-37F0-4BE2-B6C4-F09F028F9EBA_4_5005_c.jpeg"
    ],
    "ultima_modificacion": "2025-08-01 01:01:06.975854"
  },
  "06670ce5421e4c7b851fc56db4f32b4045005c.jpeg": {
    "app_sintetizada": "06670CE5421E4C7B851FC56DB4F32B4045005C.JPEG",
    "cantidad_archivos": 1,
    "archivos_fuente": [
      "Pictures/Fototeca de Fotos.photoslibrary/resources/derivatives/masters/0/06670CE5-421E-4C7B-851F-C56DB4F32B40_4_5005_c.jpeg"
    ],
    "ultima_modificacion": "2025-08-01 01:01:06.976133"
  },
  "0588b2be43f4454391cedafdbdc2deab45005c.jpeg": {
    "app_sintetizada": "0588B2BE43F4454391CEDAFDBDC2DEAB45005C.JPEG",
    "cantidad_archivos": 1,
    "archivos_fuente": [
      "Pictures/Fototeca de Fotos.photoslibrary/resources/derivatives/masters/0/0588B2BE-43F4-4543-91CE-DAFDBDC2DEAB_4_5005_c.jpeg"
    ],
    "ultima_modificacion": "2025-08-01 01:01:06.976479"
  },
  "06ba6ffdcc3a4c4298e263ddbc6e858845005c.jpeg": {
    "app_sintetizada": "06BA6FFDCC3A4C4298E263DDBC6E858845005C.JPEG",
    "cantidad_archivos": 1,
    "archivos_fuente": [
      "Pictures/Fototeca de Fotos.photoslibrary/resources/derivatives/masters/0/06BA6FFD-CC3A-4C42-98E2-63DDBC6E8588_4_5005_c.jpeg"
    ],
    "ultima_modificacion": "2025-08-01 01:01:06.976749"
  },
  "09ad5bb944864d4980ec8d06e4a496d845005c.jpeg": {
    "app_sintetizada": "09AD5BB944864D4980EC8D06E4A496D845005C.JPEG",
    "cantidad_archivos": 1,
    "archivos_fuente": [
      "Pictures/Fototeca de Fotos.photoslibrary/resources/derivatives/masters/0/09AD5BB9-4486-4D49-80EC-8D06E4A496D8_4_5005_c.jpeg"
    ],
    "ultima_modificacion": "2025-08-01 01:01:06.976999"
  },
  "0dc74f08287b4b0e8375caa11a4cb1ed45005c.jpeg": {
    "app_sintetizada": "0DC74F08287B4B0E8375CAA11A4CB1ED45005C.JPEG",
    "cantidad_archivos": 1,
    "archivos_fuente": [
      "Pictures/Fototeca de Fotos.photoslibrary/resources/derivatives/masters/0/0DC74F08-287B-4B0E-8375-CAA11A4CB1ED_4_5005_c.jpeg"
    ],
    "ultima_modificacion": "2025-08-01 01:01:06.977339"
  },
  "03f40cf0639e4262a60066bcd23a784f45005c.jpeg": {
    "app_sintetizada": "03F40CF0639E4262A60066BCD23A784F45005C.JPEG",
    "cantidad_archivos": 1,
    "archivos_fuente": [
      "Pictures/Fototeca de Fotos.photoslibrary/resources/derivatives/masters/0/03F40CF0-639E-4262-A600-66BCD23A784F_4_5005_c.jpeg"
    ],
    "ultima_modificacion": "2025-08-01 01:01:06.977666"
  },
  "0489aa9bd84242f8a8b626984e90faa745005c.jpeg": {
    "app_sintetizada": "0489AA9BD84242F8A8B626984E90FAA745005C.JPEG",
    "cantidad_archivos": 1,
    "archivos_fuente": [
      "Pictures/Fototeca de Fotos.photoslibrary/resources/derivatives/masters/0/0489AA9B-D842-42F8-A8B6-26984E90FAA7_4_5005_c.jpeg"
    ],
    "ultima_modificacion": "2025-08-01 01:01:06.978007"
  },
  "040d3192efdb432db1cc6290117d3c6c45005c.jpeg": {
    "app_sintetizada": "040D3192EFDB432DB1CC6290117D3C6C45005C.JPEG",
    "cantidad_archivos": 1,
    "archivos_fuente": [
      "Pictures/Fototeca de Fotos.photoslibrary/resources/derivatives/masters/0/040D3192-EFDB-432D-B1CC-6290117D3C6C_4_5005_c.jpeg"
    ],
    "ultima_modificacion": "2025-08-01 01:01:06.978331"
  },
  "02965419631d49a5b9315e656e5accb545005c.jpeg": {
    "app_sintetizada": "02965419631D49A5B9315E656E5ACCB545005C.JPEG",
    "cantidad_archivos": 1,
    "archivos_fuente": [
      "Pictures/Fototeca de Fotos.photoslibrary/resources/derivatives/masters/0/02965419-631D-49A5-B931-5E656E5ACCB5_4_5005_c.jpeg"
    ],
    "ultima_modificacion": "2025-08-01 01:01:06.978586"
  },
  "0a23c8880d2142508804c8b5213617bb45005c.jpeg": {
    "app_sintetizada": "0A23C8880D2142508804C8B5213617BB45005C.JPEG",
    "cantidad_archivos": 1,
    "archivos_fuente": [
      "Pictures/Fototeca de Fotos.photoslibrary/resources/derivatives/masters/0/0A23C888-0D21-4250-8804-C8B5213617BB_4_5005_c.jpeg"
    ],
    "ultima_modificacion": "2025-08-01 01:01:06.978926"
  },
  "0c679243385542aa94efbfed7dbbc70c45005c.jpeg": {
    "app_sintetizada": "0C679243385542AA94EFBFED7DBBC70C45005C.JPEG",
    "cantidad_archivos": 1,
    "archivos_fuente": [
      "Pictures/Fototeca de Fotos.photoslibrary/resources/derivatives/masters/0/0C679243-3855-42AA-94EF-BFED7DBBC70C_4_5005_c.jpeg"
    ],
    "ultima_modificacion": "2025-08-01 01:01:06.979192"
  },
  "03b7ff15458242189b8d1d3b375908fc45005c.jpeg": {
    "app_sintetizada": "03B7FF15458242189B8D1D3B375908FC45005C.JPEG",
    "cantidad_archivos": 1,
    "archivos_fuente": [
      "Pictures/Fototeca de Fotos.photoslibrary/resources/derivatives/masters/0/03B7FF15-4582-4218-9B8D-1D3B375908FC_4_5005_c.jpeg"
    ],
    "ultima_modificacion": "2025-08-01 01:01:06.979469"
  },
  "0f1073aade9b433c8e113b5ad685251e45005c.jpeg": {
    "app_sintetizada": "0F1073AADE9B433C8E113B5AD685251E45005C.JPEG",
    "cantidad_archivos": 1,
    "archivos_fuente": [
      "Pictures/Fototeca de Fotos.photoslibrary/resources/derivatives/masters/0/0F1073AA-DE9B-433C-8E11-3B5AD685251E_4_5005_c.jpeg"
    ],
    "ultima_modificacion": "2025-08-01 01:01:06.979732"
  },
  "0fa1e263d1e849f58834e383385bf1af45005c.jpeg": {
    "app_sintetizada": "0FA1E263D1E849F58834E383385BF1AF45005C.JPEG",
    "cantidad_archivos": 1,
    "archivos_fuente": [
      "Pictures/Fototeca de Fotos.photoslibrary/resources/derivatives/masters/0/0FA1E263-D1E8-49F5-8834-E383385BF1AF_4_5005_c.jpeg"
    ],
    "ultima_modificacion": "2025-08-01 01:01:06.980042"
  },
  "08dab34f6917461a92453e9ebba58e8445005c.jpeg": {
    "app_sintetizada": "08DAB34F6917461A92453E9EBBA58E8445005C.JPEG",
    "cantidad_archivos": 1,
    "archivos_fuente": [
      "Pictures/Fototeca de Fotos.photoslibrary/resources/derivatives/masters/0/08DAB34F-6917-461A-9245-3E9EBBA58E84_4_5005_c.jpeg"
    ],
    "ultima_modificacion": "2025-08-01 01:01:06.980289"
  },
  "0addee3a72164b769bd3ae2bacc019ce45005c.jpeg": {
    "app_sintetizada": "0ADDEE3A72164B769BD3AE2BACC019CE45005C.JPEG",
    "cantidad_archivos": 1,
    "archivos_fuente": [
      "Pictures/Fototeca de Fotos.photoslibrary/resources/derivatives/masters/0/0ADDEE3A-7216-4B76-9BD3-AE2BACC019CE_4_5005_c.jpeg"
    ],
    "ultima_modificacion": "2025-08-01 01:01:06.980663"
  },
  "0efb22c890564bfe99bbd0a19f1a09c245005c.jpeg": {
    "app_sintetizada": "0EFB22C890564BFE99BBD0A19F1A09C245005C.JPEG",
    "cantidad_archivos": 1,
    "archivos_fuente": [
      "Pictures/Fototeca de Fotos.photoslibrary/resources/derivatives/masters/0/0EFB22C8-9056-4BFE-99BB-D0A19F1A09C2_4_5005_c.jpeg"
    ],
    "ultima_modificacion": "2025-08-01 01:01:06.980949"
  },
  "0c2f15aec567427e880233251ddb6c5045005c.jpeg": {
    "app_sintetizada": "0C2F15AEC567427E880233251DDB6C5045005C.JPEG",
    "cantidad_archivos": 1,
    "archivos_fuente": [
      "Pictures/Fototeca de Fotos.photoslibrary/resources/derivatives/masters/0/0C2F15AE-C567-427E-8802-33251DDB6C50_4_5005_c.jpeg"
    ],
    "ultima_modificacion": "2025-08-01 01:01:06.981183"
  },
  "0e49ed288de544cf899a5141b947bda645005c.jpeg": {
    "app_sintetizada": "0E49ED288DE544CF899A5141B947BDA645005C.JPEG",
    "cantidad_archivos": 1,
    "archivos_fuente": [
      "Pictures/Fototeca de Fotos.photoslibrary/resources/derivatives/masters/0/0E49ED28-8DE5-44CF-899A-5141B947BDA6_4_5005_c.jpeg"
    ],
    "ultima_modificacion": "2025-08-01 01:01:06.981422"
  },
  "02ca0558985148ca953d71b32afd205745005c.jpeg": {
    "app_sintetizada": "02CA0558985148CA953D71B32AFD205745005C.JPEG",
    "cantidad_archivos": 1,
    "archivos_fuente": [
      "Pictures/Fototeca de Fotos.photoslibrary/resources/derivatives/masters/0/02CA0558-9851-48CA-953D-71B32AFD2057_4_5005_c.jpeg"
    ],
    "ultima_modificacion": "2025-08-01 01:01:06.981648"
  },
  "068714861b934546a3d7824e2f266daa45005c.jpeg": {
    "app_sintetizada": "068714861B934546A3D7824E2F266DAA45005C.JPEG",
    "cantidad_archivos": 1,
    "archivos_fuente": [
      "Pictures/Fototeca de Fotos.photoslibrary/resources/derivatives/masters/0/06871486-1B93-4546-A3D7-824E2F266DAA_4_5005_c.jpeg"
    ],
    "ultima_modificacion": "2025-08-01 01:01:06.981897"
  },
  "0dace6c6c48048678deb1c7cda6bdeb945005c.jpeg": {
    "app_sintetizada": "0DACE6C6C48048678DEB1C7CDA6BDEB945005C.JPEG",
    "cantidad_archivos": 1,
    "archivos_fuente": [
      "Pictures/Fototeca de Fotos.photoslibrary/resources/derivatives/masters/0/0DACE6C6-C480-4867-8DEB-1C7CDA6BDEB9_4_5005_c.jpeg"
    ],
    "ultima_modificacion": "2025-08-01 01:01:06.982212"
  },
  "0b80b4f9eaee4e5bb190c5c065248b7f45005c.jpeg": {
    "app_sintetizada": "0B80B4F9EAEE4E5BB190C5C065248B7F45005C.JPEG",
    "cantidad_archivos": 1,
    "archivos_fuente": [
      "Pictures/Fototeca de Fotos.photoslibrary/resources/derivatives/masters/0/0B80B4F9-EAEE-4E5B-B190-C5C065248B7F_4_5005_c.jpeg"
    ],
    "ultima_modificacion": "2025-08-01 01:01:06.982436"
  },
  "043ecf63777849c59a0be70943f7305d45005c.jpeg": {
    "app_sintetizada": "043ECF63777849C59A0BE70943F7305D45005C.JPEG",
    "cantidad_archivos": 1,
    "archivos_fuente": [
      "Pictures/Fototeca de Fotos.photoslibrary/resources/derivatives/masters/0/043ECF63-7778-49C5-9A0B-E70943F7305D_4_5005_c.jpeg"
    ],
    "ultima_modificacion": "2025-08-01 01:01:06.982658"
  },
  "0257bc2048074c2c858673ec2f5afb9345005c.jpeg": {
    "app_sintetizada": "0257BC2048074C2C858673EC2F5AFB9345005C.JPEG",
    "cantidad_archivos": 1,
    "archivos_fuente": [
      "Pictures/Fototeca de Fotos.photoslibrary/resources/derivatives/masters/0/0257BC20-4807-4C2C-8586-73EC2F5AFB93_4_5005_c.jpeg"
    ],
    "ultima_modificacion": "2025-08-01 01:01:06.982913"
  },
  "086d290e9b0843ada9ade158ed2ec2ec45005c.jpeg": {
    "app_sintetizada": "086D290E9B0843ADA9ADE158ED2EC2EC45005C.JPEG",
    "cantidad_archivos": 1,
    "archivos_fuente": [
      "Pictures/Fototeca de Fotos.photoslibrary/resources/derivatives/masters/0/086D290E-9B08-43AD-A9AD-E158ED2EC2EC_4_5005_c.jpeg"
    ],
    "ultima_modificacion": "2025-08-01 01:01:06.983300"
  },
  "05f410f42bbe438d9f06e66077e7541d45005c.jpeg": {
    "app_sintetizada": "05F410F42BBE438D9F06E66077E7541D45005C.JPEG",
    "cantidad_archivos": 1,
    "archivos_fuente": [
      "Pictures/Fototeca de Fotos.photoslibrary/resources/derivatives/masters/0/05F410F4-2BBE-438D-9F06-E66077E7541D_4_5005_c.jpeg"
    ],
    "ultima_modificacion": "2025-08-01 01:01:06.983881"
  },
  "01ec60fcc2824e5fb96fce731eb73af245005c.jpeg": {
    "app_sintetizada": "01EC60FCC2824E5FB96FCE731EB73AF245005C.JPEG",
    "cantidad_archivos": 1,
    "archivos_fuente": [
      "Pictures/Fototeca de Fotos.photoslibrary/resources/derivatives/masters/0/01EC60FC-C282-4E5F-B96F-CE731EB73AF2_4_5005_c.jpeg"
    ],
    "ultima_modificacion": "2025-08-01 01:01:06.984331"
  },
  "06946237f52e46b984a145828decd48e45005c.jpeg": {
    "app_sintetizada": "06946237F52E46B984A145828DECD48E45005C.JPEG",
    "cantidad_archivos": 1,
    "archivos_fuente": [
      "Pictures/Fototeca de Fotos.photoslibrary/resources/derivatives/masters/0/06946237-F52E-46B9-84A1-45828DECD48E_4_5005_c.jpeg"
    ],
    "ultima_modificacion": "2025-08-01 01:01:06.984716"
  },
  "008d066318ed48f299d297905f1e987a45005c.jpeg": {
    "app_sintetizada": "008D066318ED48F299D297905F1E987A45005C.JPEG",
    "cantidad_archivos": 1,
    "archivos_fuente": [
      "Pictures/Fototeca de Fotos.photoslibrary/resources/derivatives/masters/0/008D0663-18ED-48F2-99D2-97905F1E987A_4_5005_c.jpeg"
    ],
    "ultima_modificacion": "2025-08-01 01:01:06.985079"
  },
  "0919a7d7d3a84284a94482ada9dd557745005c.jpeg": {
    "app_sintetizada": "0919A7D7D3A84284A94482ADA9DD557745005C.JPEG",
    "cantidad_archivos": 1,
    "archivos_fuente": [
      "Pictures/Fototeca de Fotos.photoslibrary/resources/derivatives/masters/0/0919A7D7-D3A8-4284-A944-82ADA9DD5577_4_5005_c.jpeg"
    ],
    "ultima_modificacion": "2025-08-01 01:01:06.985418"
  },
  "04a0c1f8762d4a39b0ebb5999c851a5245005c.jpeg": {
    "app_sintetizada": "04A0C1F8762D4A39B0EBB5999C851A5245005C.JPEG",
    "cantidad_archivos": 1,
    "archivos_fuente": [
      "Pictures/Fototeca de Fotos.photoslibrary/resources/derivatives/masters/0/04A0C1F8-762D-4A39-B0EB-B5999C851A52_4_5005_c.jpeg"
    ],
    "ultima_modificacion": "2025-08-01 01:01:06.985739"
  },
  "010a68691fcc4acb8e4e0272d64f8c0a45005c.jpeg": {
    "app_sintetizada": "010A68691FCC4ACB8E4E0272D64F8C0A45005C.JPEG",
    "cantidad_archivos": 1,
    "archivos_fuente": [
      "Pictures/Fototeca de Fotos.photoslibrary/resources/derivatives/masters/0/010A6869-1FCC-4ACB-8E4E-0272D64F8C0A_4_5005_c.jpeg"
    ],
    "ultima_modificacion": "2025-08-01 01:01:06.989286"
  }
}