{
  "b0d6c9d4ed804354a8df1d56acce355245005c.jpeg": {
    "app_sintetizada": "B0D6C9D4ED804354A8DF1D56ACCE355245005C.JPEG",
    "cantidad_archivos": 1,
    "archivos_fuente": [
      "Pictures/Fototeca de Fotos.photoslibrary/resources/derivatives/masters/B/B0D6C9D4-ED80-4354-A8DF-1D56ACCE3552_4_5005_c.jpeg"
    ],
    "ultima_modificacion": "2025-08-01 01:01:18.316267"
  },
  "ba4cce98c0f147aa8f30f8cde957e41945005c.jpeg": {
    "app_sintetizada": "BA4CCE98C0F147AA8F30F8CDE957E41945005C.JPEG",
    "cantidad_archivos": 1,
    "archivos_fuente": [
      "Pictures/Fototeca de Fotos.photoslibrary/resources/derivatives/masters/B/BA4CCE98-C0F1-47AA-8F30-F8CDE957E419_4_5005_c.jpeg"
    ],
    "ultima_modificacion": "2025-08-01 01:01:18.316477"
  },
  "b80b112d08214b32acfe970d3ac3321045005c.jpeg": {
    "app_sintetizada": "B80B112D08214B32ACFE970D3AC3321045005C.JPEG",
    "cantidad_archivos": 1,
    "archivos_fuente": [
      "Pictures/Fototeca de Fotos.photoslibrary/resources/derivatives/masters/B/B80B112D-0821-4B32-ACFE-970D3AC33210_4_5005_c.jpeg"
    ],
    "ultima_modificacion": "2025-08-01 01:01:18.316675"
  },
  "b1fc0e05c3b4414ba2e5fcf38f3a581e45005c.jpeg": {
    "app_sintetizada": "B1FC0E05C3B4414BA2E5FCF38F3A581E45005C.JPEG",
    "cantidad_archivos": 1,
    "archivos_fuente": [
      "Pictures/Fototeca de Fotos.photoslibrary/resources/derivatives/masters/B/B1FC0E05-C3B4-414B-A2E5-FCF38F3A581E_4_5005_c.jpeg"
    ],
    "ultima_modificacion": "2025-08-01 01:01:18.316869"
  },
  "b942b958f44940debf755e8529e0490445005c.jpeg": {
    "app_sintetizada": "B942B958F44940DEBF755E8529E0490445005C.JPEG",
    "cantidad_archivos": 1,
    "archivos_fuente": [
      "Pictures/Fototeca de Fotos.photoslibrary/resources/derivatives/masters/B/B942B958-F449-40DE-BF75-5E8529E04904_4_5005_c.jpeg"
    ],
    "ultima_modificacion": "2025-08-01 01:01:18.317058"
  },
  "ba80fa1ee3954dd18a9e12840bb7429345005c.jpeg": {
    "app_sintetizada": "BA80FA1EE3954DD18A9E12840BB7429345005C.JPEG",
    "cantidad_archivos": 1,
    "archivos_fuente": [
      "Pictures/Fototeca de Fotos.photoslibrary/resources/derivatives/masters/B/BA80FA1E-E395-4DD1-8A9E-12840BB74293_4_5005_c.jpeg"
    ],
    "ultima_modificacion": "2025-08-01 01:01:18.317250"
  },
  "b8fd9d03ddc9419a8742093fe82fe16445005c.jpeg": {
    "app_sintetizada": "B8FD9D03DDC9419A8742093FE82FE16445005C.JPEG",
    "cantidad_archivos": 1,
    "archivos_fuente": [
      "Pictures/Fototeca de Fotos.photoslibrary/resources/derivatives/masters/B/B8FD9D03-DDC9-419A-8742-093FE82FE164_4_5005_c.jpeg"
    ],
    "ultima_modificacion": "2025-08-01 01:01:18.317485"
  },
  "b325f7be39e54cab92929aecccf4126e45005c.jpeg": {
    "app_sintetizada": "B325F7BE39E54CAB92929AECCCF4126E45005C.JPEG",
    "cantidad_archivos": 1,
    "archivos_fuente": [
      "Pictures/Fototeca de Fotos.photoslibrary/resources/derivatives/masters/B/B325F7BE-39E5-4CAB-9292-9AECCCF4126E_4_5005_c.jpeg"
    ],
    "ultima_modificacion": "2025-08-01 01:01:18.317741"
  },
  "b37adc61356c4570ae70596517582ece45005c.jpeg": {
    "app_sintetizada": "B37ADC61356C4570AE70596517582ECE45005C.JPEG",
    "cantidad_archivos": 1,
    "archivos_fuente": [
      "Pictures/Fototeca de Fotos.photoslibrary/resources/derivatives/masters/B/B37ADC61-356C-4570-AE70-596517582ECE_4_5005_c.jpeg"
    ],
    "ultima_modificacion": "2025-08-01 01:01:18.318026"
  },
  "b7e5750aadd4493f9cdb4272ba4c813145005c.jpeg": {
    "app_sintetizada": "B7E5750AADD4493F9CDB4272BA4C813145005C.JPEG",
    "cantidad_archivos": 1,
    "archivos_fuente": [
      "Pictures/Fototeca de Fotos.photoslibrary/resources/derivatives/masters/B/B7E5750A-ADD4-493F-9CDB-4272BA4C8131_4_5005_c.jpeg"
    ],
    "ultima_modificacion": "2025-08-01 01:01:18.318306"
  },
  "b57a4e46fee041fda91d030faeb2809945005c.jpeg": {
    "app_sintetizada": "B57A4E46FEE041FDA91D030FAEB2809945005C.JPEG",
    "cantidad_archivos": 1,
    "archivos_fuente": [
      "Pictures/Fototeca de Fotos.photoslibrary/resources/derivatives/masters/B/B57A4E46-FEE0-41FD-A91D-030FAEB28099_4_5005_c.jpeg"
    ],
    "ultima_modificacion": "2025-08-01 01:01:18.318573"
  },
  "bd482e3fafc24dafb9da0f0e427bd7eb45005c.jpeg": {
    "app_sintetizada": "BD482E3FAFC24DAFB9DA0F0E427BD7EB45005C.JPEG",
    "cantidad_archivos": 1,
    "archivos_fuente": [
      "Pictures/Fototeca de Fotos.photoslibrary/resources/derivatives/masters/B/BD482E3F-AFC2-4DAF-B9DA-0F0E427BD7EB_4_5005_c.jpeg"
    ],
    "ultima_modificacion": "2025-08-01 01:01:18.318823"
  },
  "b47b3303e7c04a7e9c25a0deb7a864e045005c.jpeg": {
    "app_sintetizada": "B47B3303E7C04A7E9C25A0DEB7A864E045005C.JPEG",
    "cantidad_archivos": 1,
    "archivos_fuente": [
      "Pictures/Fototeca de Fotos.photoslibrary/resources/derivatives/masters/B/B47B3303-E7C0-4A7E-9C25-A0DEB7A864E0_4_5005_c.jpeg"
    ],
    "ultima_modificacion": "2025-08-01 01:01:18.319039"
  },
  "b852f6a0fe7443a68c9309a8736bd06045005c.jpeg": {
    "app_sintetizada": "B852F6A0FE7443A68C9309A8736BD06045005C.JPEG",
    "cantidad_archivos": 1,
    "archivos_fuente": [
      "Pictures/Fototeca de Fotos.photoslibrary/resources/derivatives/masters/B/B852F6A0-FE74-43A6-8C93-09A8736BD060_4_5005_c.jpeg"
    ],
    "ultima_modificacion": "2025-08-01 01:01:18.319227"
  },
  "b74e9a3d79ca4363bdb4cef8158e2ebf45005c.jpeg": {
    "app_sintetizada": "B74E9A3D79CA4363BDB4CEF8158E2EBF45005C.JPEG",
    "cantidad_archivos": 1,
    "archivos_fuente": [
      "Pictures/Fototeca de Fotos.photoslibrary/resources/derivatives/masters/B/B74E9A3D-79CA-4363-BDB4-CEF8158E2EBF_4_5005_c.jpeg"
    ],
    "ultima_modificacion": "2025-08-01 01:01:18.319417"
  },
  "ba418b487158426dbb523a481d40117c45005c.jpeg": {
    "app_sintetizada": "BA418B487158426DBB523A481D40117C45005C.JPEG",
    "cantidad_archivos": 1,
    "archivos_fuente": [
      "Pictures/Fototeca de Fotos.photoslibrary/resources/derivatives/masters/B/BA418B48-7158-426D-BB52-3A481D40117C_4_5005_c.jpeg"
    ],
    "ultima_modificacion": "2025-08-01 01:01:18.319597"
  },
  "b8d2cf10634446d8955cae8dfc707dd445005c.jpeg": {
    "app_sintetizada": "B8D2CF10634446D8955CAE8DFC707DD445005C.JPEG",
    "cantidad_archivos": 1,
    "archivos_fuente": [
      "Pictures/Fototeca de Fotos.photoslibrary/resources/derivatives/masters/B/B8D2CF10-6344-46D8-955C-AE8DFC707DD4_4_5005_c.jpeg"
    ],
    "ultima_modificacion": "2025-08-01 01:01:18.319775"
  },
  "b9a06f42bd01416592f153ceb08f4a8345005c.jpeg": {
    "app_sintetizada": "B9A06F42BD01416592F153CEB08F4A8345005C.JPEG",
    "cantidad_archivos": 1,
    "archivos_fuente": [
      "Pictures/Fototeca de Fotos.photoslibrary/resources/derivatives/masters/B/B9A06F42-BD01-4165-92F1-53CEB08F4A83_4_5005_c.jpeg"
    ],
    "ultima_modificacion": "2025-08-01 01:01:18.319966"
  },
  "bb8bdaad7cdb4e7896b5d1c9a28da57d45005c.jpeg": {
    "app_sintetizada": "BB8BDAAD7CDB4E7896B5D1C9A28DA57D45005C.JPEG",
    "cantidad_archivos": 1,
    "archivos_fuente": [
      "Pictures/Fototeca de Fotos.photoslibrary/resources/derivatives/masters/B/BB8BDAAD-7CDB-4E78-96B5-D1C9A28DA57D_4_5005_c.jpeg"
    ],
    "ultima_modificacion": "2025-08-01 01:01:18.320145"
  },
  "b5024d6886574734bae084a3eccde86345005c.jpeg": {
    "app_sintetizada": "B5024D6886574734BAE084A3ECCDE86345005C.JPEG",
    "cantidad_archivos": 1,
    "archivos_fuente": [
      "Pictures/Fototeca de Fotos.photoslibrary/resources/derivatives/masters/B/B5024D68-8657-4734-BAE0-84A3ECCDE863_4_5005_c.jpeg"
    ],
    "ultima_modificacion": "2025-08-01 01:01:18.320354"
  },
  "b3eeb954b849484897944ea552c71d4845005c.jpeg": {
    "app_sintetizada": "B3EEB954B849484897944EA552C71D4845005C.JPEG",
    "cantidad_archivos": 1,
    "archivos_fuente": [
      "Pictures/Fototeca de Fotos.photoslibrary/resources/derivatives/masters/B/B3EEB954-B849-4848-9794-4EA552C71D48_4_5005_c.jpeg"
    ],
    "ultima_modificacion": "2025-08-01 01:01:18.320640"
  },
  "ba243673e0a8465eb1130330fab9ffb245005c.jpeg": {
    "app_sintetizada": "BA243673E0A8465EB1130330FAB9FFB245005C.JPEG",
    "cantidad_archivos": 1,
    "archivos_fuente": [
      "Pictures/Fototeca de Fotos.photoslibrary/resources/derivatives/masters/B/BA243673-E0A8-465E-B113-0330FAB9FFB2_4_5005_c.jpeg"
    ],
    "ultima_modificacion": "2025-08-01 01:01:18.320855"
  },
  "b753e11a7c0048a590e380a7b371f1ea45005c.jpeg": {
    "app_sintetizada": "B753E11A7C0048A590E380A7B371F1EA45005C.JPEG",
    "cantidad_archivos": 1,
    "archivos_fuente": [
      "Pictures/Fototeca de Fotos.photoslibrary/resources/derivatives/masters/B/B753E11A-7C00-48A5-90E3-80A7B371F1EA_4_5005_c.jpeg"
    ],
    "ultima_modificacion": "2025-08-01 01:01:18.321052"
  },
  "b09cd49c8ca44338bf7e7b385e9a806345005c.jpeg": {
    "app_sintetizada": "B09CD49C8CA44338BF7E7B385E9A806345005C.JPEG",
    "cantidad_archivos": 1,
    "archivos_fuente": [
      "Pictures/Fototeca de Fotos.photoslibrary/resources/derivatives/masters/B/B09CD49C-8CA4-4338-BF7E-7B385E9A8063_4_5005_c.jpeg"
    ],
    "ultima_modificacion": "2025-08-01 01:01:18.321247"
  },
  "b32ca385774b4cc7a523d884bbbea23545005c.jpeg": {
    "app_sintetizada": "B32CA385774B4CC7A523D884BBBEA23545005C.JPEG",
    "cantidad_archivos": 1,
    "archivos_fuente": [
      "Pictures/Fototeca de Fotos.photoslibrary/resources/derivatives/masters/B/B32CA385-774B-4CC7-A523-D884BBBEA235_4_5005_c.jpeg"
    ],
    "ultima_modificacion": "2025-08-01 01:01:18.321459"
  },
  "bf62d4267c784b4c8394b50fa82ceab445005c.jpeg": {
    "app_sintetizada": "BF62D4267C784B4C8394B50FA82CEAB445005C.JPEG",
    "cantidad_archivos": 1,
    "archivos_fuente": [
      "Pictures/Fototeca de Fotos.photoslibrary/resources/derivatives/masters/B/BF62D426-7C78-4B4C-8394-B50FA82CEAB4_4_5005_c.jpeg"
    ],
    "ultima_modificacion": "2025-08-01 01:01:18.321851"
  },
  "b53a0fae548d442a96dd482e8a07388545005c.jpeg": {
    "app_sintetizada": "B53A0FAE548D442A96DD482E8A07388545005C.JPEG",
    "cantidad_archivos": 1,
    "archivos_fuente": [
      "Pictures/Fototeca de Fotos.photoslibrary/resources/derivatives/masters/B/B53A0FAE-548D-442A-96DD-482E8A073885_4_5005_c.jpeg"
    ],
    "ultima_modificacion": "2025-08-01 01:01:18.322125"
  },
  "bd60a6a8947b4123a7c519e9e6d9412f45005c.jpeg": {
    "app_sintetizada": "BD60A6A8947B4123A7C519E9E6D9412F45005C.JPEG",
    "cantidad_archivos": 1,
    "archivos_fuente": [
      "Pictures/Fototeca de Fotos.photoslibrary/resources/derivatives/masters/B/BD60A6A8-947B-4123-A7C5-19E9E6D9412F_4_5005_c.jpeg"
    ],
    "ultima_modificacion": "2025-08-01 01:01:18.322356"
  },
  "ba8b3798711a4b2bb58aecbc5fd2a9f845005c.jpeg": {
    "app_sintetizada": "BA8B3798711A4B2BB58AECBC5FD2A9F845005C.JPEG",
    "cantidad_archivos": 1,
    "archivos_fuente": [
      "Pictures/Fototeca de Fotos.photoslibrary/resources/derivatives/masters/B/BA8B3798-711A-4B2B-B58A-ECBC5FD2A9F8_4_5005_c.jpeg"
    ],
    "ultima_modificacion": "2025-08-01 01:01:18.322575"
  },
  "b7289dfd2a2f4f28a13ec0ae4d56ae2545005c.jpeg": {
    "app_sintetizada": "B7289DFD2A2F4F28A13EC0AE4D56AE2545005C.JPEG",
    "cantidad_archivos": 1,
    "archivos_fuente": [
      "Pictures/Fototeca de Fotos.photoslibrary/resources/derivatives/masters/B/B7289DFD-2A2F-4F28-A13E-C0AE4D56AE25_4_5005_c.jpeg"
    ],
    "ultima_modificacion": "2025-08-01 01:01:18.322787"
  },
  "b1a38739b09747d0b4a33ac08efdd90945005c.jpeg": {
    "app_sintetizada": "B1A38739B09747D0B4A33AC08EFDD90945005C.JPEG",
    "cantidad_archivos": 1,
    "archivos_fuente": [
      "Pictures/Fototeca de Fotos.photoslibrary/resources/derivatives/masters/B/B1A38739-B097-47D0-B4A3-3AC08EFDD909_4_5005_c.jpeg"
    ],
    "ultima_modificacion": "2025-08-01 01:01:18.322981"
  },
  "b2d5f75a28f744f88f758642c4df819945005c.jpeg": {
    "app_sintetizada": "B2D5F75A28F744F88F758642C4DF819945005C.JPEG",
    "cantidad_archivos": 1,
    "archivos_fuente": [
      "Pictures/Fototeca de Fotos.photoslibrary/resources/derivatives/masters/B/B2D5F75A-28F7-44F8-8F75-8642C4DF8199_4_5005_c.jpeg"
    ],
    "ultima_modificacion": "2025-08-01 01:01:18.323176"
  },
  "bc5e95949f8a4810b15e8dfbdc300a6d45005c.jpeg": {
    "app_sintetizada": "BC5E95949F8A4810B15E8DFBDC300A6D45005C.JPEG",
    "cantidad_archivos": 1,
    "archivos_fuente": [
      "Pictures/Fototeca de Fotos.photoslibrary/resources/derivatives/masters/B/BC5E9594-9F8A-4810-B15E-8DFBDC300A6D_4_5005_c.jpeg"
    ],
    "ultima_modificacion": "2025-08-01 01:01:18.323369"
  },
  "baf141c119af4828a90d77ee3432a69d45005c.jpeg": {
    "app_sintetizada": "BAF141C119AF4828A90D77EE3432A69D45005C.JPEG",
    "cantidad_archivos": 1,
    "archivos_fuente": [
      "Pictures/Fototeca de Fotos.photoslibrary/resources/derivatives/masters/B/BAF141C1-19AF-4828-A90D-77EE3432A69D_4_5005_c.jpeg"
    ],
    "ultima_modificacion": "2025-08-01 01:01:18.323606"
  },
  "b49036cca9914bd087b4f92ca4949dae45005c.jpeg": {
    "app_sintetizada": "B49036CCA9914BD087B4F92CA4949DAE45005C.JPEG",
    "cantidad_archivos": 1,
    "archivos_fuente": [
      "Pictures/Fototeca de Fotos.photoslibrary/resources/derivatives/masters/B/B49036CC-A991-4BD0-87B4-F92CA4949DAE_4_5005_c.jpeg"
    ],
    "ultima_modificacion": "2025-08-01 01:01:18.324107"
  },
  "b39f840a35ff487193ab46ee3e69138d45005c.jpeg": {
    "app_sintetizada": "B39F840A35FF487193AB46EE3E69138D45005C.JPEG",
    "cantidad_archivos": 1,
    "archivos_fuente": [
      "Pictures/Fototeca de Fotos.photoslibrary/resources/derivatives/masters/B/B39F840A-35FF-4871-93AB-46EE3E69138D_4_5005_c.jpeg"
    ],
    "ultima_modificacion": "2025-08-01 01:01:18.324584"
  },
  "b2ca61fb199b428e9bbc77782f3c236645005c.jpeg": {
    "app_sintetizada": "B2CA61FB199B428E9BBC77782F3C236645005C.JPEG",
    "cantidad_archivos": 1,
    "archivos_fuente": [
      "Pictures/Fototeca de Fotos.photoslibrary/resources/derivatives/masters/B/B2CA61FB-199B-428E-9BBC-77782F3C2366_4_5005_c.jpeg"
    ],
    "ultima_modificacion": "2025-08-01 01:01:18.324917"
  },
  "bc6fc4ea707d422da6a95031176423bb45005c.jpeg": {
    "app_sintetizada": "BC6FC4EA707D422DA6A95031176423BB45005C.JPEG",
    "cantidad_archivos": 1,
    "archivos_fuente": [
      "Pictures/Fototeca de Fotos.photoslibrary/resources/derivatives/masters/B/BC6FC4EA-707D-422D-A6A9-5031176423BB_4_5005_c.jpeg"
    ],
    "ultima_modificacion": "2025-08-01 01:01:18.325286"
  },
  "b88c417eb3b84bd4a8c0ddac2ce8133945005c.jpeg": {
    "app_sintetizada": "B88C417EB3B84BD4A8C0DDAC2CE8133945005C.JPEG",
    "cantidad_archivos": 1,
    "archivos_fuente": [
      "Pictures/Fototeca de Fotos.photoslibrary/resources/derivatives/masters/B/B88C417E-B3B8-4BD4-A8C0-DDAC2CE81339_4_5005_c.jpeg"
    ],
    "ultima_modificacion": "2025-08-01 01:01:18.325595"
  },
  "bd12440f816f49d0b2c5f5f56017e69845005c.jpeg": {
    "app_sintetizada": "BD12440F816F49D0B2C5F5F56017E69845005C.JPEG",
    "cantidad_archivos": 1,
    "archivos_fuente": [
      "Pictures/Fototeca de Fotos.photoslibrary/resources/derivatives/masters/B/BD12440F-816F-49D0-B2C5-F5F56017E698_4_5005_c.jpeg"
    ],
    "ultima_modificacion": "2025-08-01 01:01:18.325874"
  },
  "bbb310dd9dd94bcc82fa5cde9dc0c97145005c.jpeg": {
    "app_sintetizada": "BBB310DD9DD94BCC82FA5CDE9DC0C97145005C.JPEG",
    "cantidad_archivos": 1,
    "archivos_fuente": [
      "Pictures/Fototeca de Fotos.photoslibrary/resources/derivatives/masters/B/BBB310DD-9DD9-4BCC-82FA-5CDE9DC0C971_4_5005_c.jpeg"
    ],
    "ultima_modificacion": "2025-08-01 01:01:18.326166"
  },
  "bd0e6d09c3bf453d973173c96241842f45005c.jpeg": {
    "app_sintetizada": "BD0E6D09C3BF453D973173C96241842F45005C.JPEG",
    "cantidad_archivos": 1,
    "archivos_fuente": [
      "Pictures/Fototeca de Fotos.photoslibrary/resources/derivatives/masters/B/BD0E6D09-C3BF-453D-9731-73C96241842F_4_5005_c.jpeg"
    ],
    "ultima_modificacion": "2025-08-01 01:01:18.326389"
  },
  "b49dc7d9244a490180acf7a6bbc6719345005c.jpeg": {
    "app_sintetizada": "B49DC7D9244A490180ACF7A6BBC6719345005C.JPEG",
    "cantidad_archivos": 1,
    "archivos_fuente": [
      "Pictures/Fototeca de Fotos.photoslibrary/resources/derivatives/masters/B/B49DC7D9-244A-4901-80AC-F7A6BBC67193_4_5005_c.jpeg"
    ],
    "ultima_modificacion": "2025-08-01 01:01:18.326601"
  },
  "b8250660423c493e9af2439e83f0021c45005c.jpeg": {
    "app_sintetizada": "B8250660423C493E9AF2439E83F0021C45005C.JPEG",
    "cantidad_archivos": 1,
    "archivos_fuente": [
      "Pictures/Fototeca de Fotos.photoslibrary/resources/derivatives/masters/B/B8250660-423C-493E-9AF2-439E83F0021C_4_5005_c.jpeg"
    ],
    "ultima_modificacion": "2025-08-01 01:01:18.326824"
  },
  "b922d5d75d38493a844e2e94d95a8c6545005c.jpeg": {
    "app_sintetizada": "B922D5D75D38493A844E2E94D95A8C6545005C.JPEG",
    "cantidad_archivos": 1,
    "archivos_fuente": [
      "Pictures/Fototeca de Fotos.photoslibrary/resources/derivatives/masters/B/B922D5D7-5D38-493A-844E-2E94D95A8C65_4_5005_c.jpeg"
    ],
    "ultima_modificacion": "2025-08-01 01:01:18.327024"
  },
  "be6f2c5676fb446f8c7becf8704d336f45005c.jpeg": {
    "app_sintetizada": "BE6F2C5676FB446F8C7BECF8704D336F45005C.JPEG",
    "cantidad_archivos": 1,
    "archivos_fuente": [
      "Pictures/Fototeca de Fotos.photoslibrary/resources/derivatives/masters/B/BE6F2C56-76FB-446F-8C7B-ECF8704D336F_4_5005_c.jpeg"
    ],
    "ultima_modificacion": "2025-08-01 01:01:18.327221"
  },
  "b0fa9a11cd4c4e689f8d07530a12402d45005c.jpeg": {
    "app_sintetizada": "B0FA9A11CD4C4E689F8D07530A12402D45005C.JPEG",
    "cantidad_archivos": 1,
    "archivos_fuente": [
      "Pictures/Fototeca de Fotos.photoslibrary/resources/derivatives/masters/B/B0FA9A11-CD4C-4E68-9F8D-07530A12402D_4_5005_c.jpeg"
    ],
    "ultima_modificacion": "2025-08-01 01:01:18.327413"
  },
  "badd25cebec84e8c85606750c52da38b45005c.jpeg": {
    "app_sintetizada": "BADD25CEBEC84E8C85606750C52DA38B45005C.JPEG",
    "cantidad_archivos": 1,
    "archivos_fuente": [
      "Pictures/Fototeca de Fotos.photoslibrary/resources/derivatives/masters/B/BADD25CE-BEC8-4E8C-8560-6750C52DA38B_4_5005_c.jpeg"
    ],
    "ultima_modificacion": "2025-08-01 01:01:18.327637"
  },
  "bb09ab9964794e4887f8e6eefcabfd8a45005c.jpeg": {
    "app_sintetizada": "BB09AB9964794E4887F8E6EEFCABFD8A45005C.JPEG",
    "cantidad_archivos": 1,
    "archivos_fuente": [
      "Pictures/Fototeca de Fotos.photoslibrary/resources/derivatives/masters/B/BB09AB99-6479-4E48-87F8-E6EEFCABFD8A_4_5005_c.jpeg"
    ],
    "ultima_modificacion": "2025-08-01 01:01:18.327855"
  },
  "b8eeb378549343b6a3e794d5db45417a45005c.jpeg": {
    "app_sintetizada": "B8EEB378549343B6A3E794D5DB45417A45005C.JPEG",
    "cantidad_archivos": 1,
    "archivos_fuente": [
      "Pictures/Fototeca de Fotos.photoslibrary/resources/derivatives/masters/B/B8EEB378-5493-43B6-A3E7-94D5DB45417A_4_5005_c.jpeg"
    ],
    "ultima_modificacion": "2025-08-01 01:01:18.328058"
  },
  "be9181a83fac4f7fa051de8556d36ec745005c.jpeg": {
    "app_sintetizada": "BE9181A83FAC4F7FA051DE8556D36EC745005C.JPEG",
    "cantidad_archivos": 1,
    "archivos_fuente": [
      "Pictures/Fototeca de Fotos.photoslibrary/resources/derivatives/masters/B/BE9181A8-3FAC-4F7F-A051-DE8556D36EC7_4_5005_c.jpeg"
    ],
    "ultima_modificacion": "2025-08-01 01:01:18.328269"
  },
  "bc574e6529e34ccdb2dfe0b9b4bbf7cf45005c.jpeg": {
    "app_sintetizada": "BC574E6529E34CCDB2DFE0B9B4BBF7CF45005C.JPEG",
    "cantidad_archivos": 1,
    "archivos_fuente": [
      "Pictures/Fototeca de Fotos.photoslibrary/resources/derivatives/masters/B/BC574E65-29E3-4CCD-B2DF-E0B9B4BBF7CF_4_5005_c.jpeg"
    ],
    "ultima_modificacion": "2025-08-01 01:01:18.328941"
  },
  "bf996a15e9f34885908871d0b69eb4e145005c.jpeg": {
    "app_sintetizada": "BF996A15E9F34885908871D0B69EB4E145005C.JPEG",
    "cantidad_archivos": 1,
    "archivos_fuente": [
      "Pictures/Fototeca de Fotos.photoslibrary/resources/derivatives/masters/B/BF996A15-E9F3-4885-9088-71D0B69EB4E1_4_5005_c.jpeg"
    ],
    "ultima_modificacion": "2025-08-01 01:01:18.329159"
  },
  "bdab026bf33c4295b98ede7a8c243c7345005c.jpeg": {
    "app_sintetizada": "BDAB026BF33C4295B98EDE7A8C243C7345005C.JPEG",
    "cantidad_archivos": 1,
    "archivos_fuente": [
      "Pictures/Fototeca de Fotos.photoslibrary/resources/derivatives/masters/B/BDAB026B-F33C-4295-B98E-DE7A8C243C73_4_5005_c.jpeg"
    ],
    "ultima_modificacion": "2025-08-01 01:01:18.329365"
  },
  "b43970dca6254822a5a5a23dd9e178d845005c.jpeg": {
    "app_sintetizada": "B43970DCA6254822A5A5A23DD9E178D845005C.JPEG",
    "cantidad_archivos": 1,
    "archivos_fuente": [
      "Pictures/Fototeca de Fotos.photoslibrary/resources/derivatives/masters/B/B43970DC-A625-4822-A5A5-A23DD9E178D8_4_5005_c.jpeg"
    ],
    "ultima_modificacion": "2025-08-01 01:01:18.329575"
  },
  "b01bfc8d73344d618570f72c830beb2345005c.jpeg": {
    "app_sintetizada": "B01BFC8D73344D618570F72C830BEB2345005C.JPEG",
    "cantidad_archivos": 1,
    "archivos_fuente": [
      "Pictures/Fototeca de Fotos.photoslibrary/resources/derivatives/masters/B/B01BFC8D-7334-4D61-8570-F72C830BEB23_4_5005_c.jpeg"
    ],
    "ultima_modificacion": "2025-08-01 01:01:18.329779"
  },
  "bea060320c704603873dd357a16ab54a45005c.jpeg": {
    "app_sintetizada": "BEA060320C704603873DD357A16AB54A45005C.JPEG",
    "cantidad_archivos": 1,
    "archivos_fuente": [
      "Pictures/Fototeca de Fotos.photoslibrary/resources/derivatives/masters/B/BEA06032-0C70-4603-873D-D357A16AB54A_4_5005_c.jpeg"
    ],
    "ultima_modificacion": "2025-08-01 01:01:18.329977"
  },
  "bf9b0071200b4975b12d94f695927e1145005c.jpeg": {
    "app_sintetizada": "BF9B0071200B4975B12D94F695927E1145005C.JPEG",
    "cantidad_archivos": 1,
    "archivos_fuente": [
      "Pictures/Fototeca de Fotos.photoslibrary/resources/derivatives/masters/B/BF9B0071-200B-4975-B12D-94F695927E11_4_5005_c.jpeg"
    ],
    "ultima_modificacion": "2025-08-01 01:01:18.330186"
  },
  "b5776c8a6e7844bd963e90e7d8eb50e145005c.jpeg": {
    "app_sintetizada": "B5776C8A6E7844BD963E90E7D8EB50E145005C.JPEG",
    "cantidad_archivos": 1,
    "archivos_fuente": [
      "Pictures/Fototeca de Fotos.photoslibrary/resources/derivatives/masters/B/B5776C8A-6E78-44BD-963E-90E7D8EB50E1_4_5005_c.jpeg"
    ],
    "ultima_modificacion": "2025-08-01 01:01:18.330388"
  },
  "b395efc70be044e7be4ff949539faf2a45005c.jpeg": {
    "app_sintetizada": "B395EFC70BE044E7BE4FF949539FAF2A45005C.JPEG",
    "cantidad_archivos": 1,
    "archivos_fuente": [
      "Pictures/Fototeca de Fotos.photoslibrary/resources/derivatives/masters/B/B395EFC7-0BE0-44E7-BE4F-F949539FAF2A_4_5005_c.jpeg"
    ],
    "ultima_modificacion": "2025-08-01 01:01:18.330594"
  },
  "b1932a7891fb4cb3b4dd9bc396d442b345005c.jpeg": {
    "app_sintetizada": "B1932A7891FB4CB3B4DD9BC396D442B345005C.JPEG",
    "cantidad_archivos": 1,
    "archivos_fuente": [
      "Pictures/Fototeca de Fotos.photoslibrary/resources/derivatives/masters/B/B1932A78-91FB-4CB3-B4DD-9BC396D442B3_4_5005_c.jpeg"
    ],
    "ultima_modificacion": "2025-08-01 01:01:18.330804"
  },
  "b66ea9bd0e8f48048647b9878bb972cc45005c.jpeg": {
    "app_sintetizada": "B66EA9BD0E8F48048647B9878BB972CC45005C.JPEG",
    "cantidad_archivos": 1,
    "archivos_fuente": [
      "Pictures/Fototeca de Fotos.photoslibrary/resources/derivatives/masters/B/B66EA9BD-0E8F-4804-8647-B9878BB972CC_4_5005_c.jpeg"
    ],
    "ultima_modificacion": "2025-08-01 01:01:18.331001"
  },
  "bb8747795c634a83b1a6d2938c9e79e845005c.jpeg": {
    "app_sintetizada": "BB8747795C634A83B1A6D2938C9E79E845005C.JPEG",
    "cantidad_archivos": 1,
    "archivos_fuente": [
      "Pictures/Fototeca de Fotos.photoslibrary/resources/derivatives/masters/B/BB874779-5C63-4A83-B1A6-D2938C9E79E8_4_5005_c.jpeg"
    ],
    "ultima_modificacion": "2025-08-01 01:01:18.331201"
  },
  "bacd91748ef54859b73f00b7c63df2ed45005c.jpeg": {
    "app_sintetizada": "BACD91748EF54859B73F00B7C63DF2ED45005C.JPEG",
    "cantidad_archivos": 1,
    "archivos_fuente": [
      "Pictures/Fototeca de Fotos.photoslibrary/resources/derivatives/masters/B/BACD9174-8EF5-4859-B73F-00B7C63DF2ED_4_5005_c.jpeg"
    ],
    "ultima_modificacion": "2025-08-01 01:01:18.331396"
  },
  "b127a1dca889417c9c3ff263592945e945005c.jpeg": {
    "app_sintetizada": "B127A1DCA889417C9C3FF263592945E945005C.JPEG",
    "cantidad_archivos": 1,
    "archivos_fuente": [
      "Pictures/Fototeca de Fotos.photoslibrary/resources/derivatives/masters/B/B127A1DC-A889-417C-9C3F-F263592945E9_4_5005_c.jpeg"
    ],
    "ultima_modificacion": "2025-08-01 01:01:18.331607"
  },
  "b648caf92f614f81a9aacb49844240de45005c.jpeg": {
    "app_sintetizada": "B648CAF92F614F81A9AACB49844240DE45005C.JPEG",
    "cantidad_archivos": 1,
    "archivos_fuente": [
      "Pictures/Fototeca de Fotos.photoslibrary/resources/derivatives/masters/B/B648CAF9-2F61-4F81-A9AA-CB49844240DE_4_5005_c.jpeg"
    ],
    "ultima_modificacion": "2025-08-01 01:01:18.331816"
  },
  "b2a9459e56be4c68bd5525331306615a45005c.jpeg": {
    "app_sintetizada": "B2A9459E56BE4C68BD5525331306615A45005C.JPEG",
    "cantidad_archivos": 1,
    "archivos_fuente": [
      "Pictures/Fototeca de Fotos.photoslibrary/resources/derivatives/masters/B/B2A9459E-56BE-4C68-BD55-25331306615A_4_5005_c.jpeg"
    ],
    "ultima_modificacion": "2025-08-01 01:01:18.332017"
  },
  "bcd567aaaaca44959e74f619550e9de245005c.jpeg": {
    "app_sintetizada": "BCD567AAAACA44959E74F619550E9DE245005C.JPEG",
    "cantidad_archivos": 1,
    "archivos_fuente": [
      "Pictures/Fototeca de Fotos.photoslibrary/resources/derivatives/masters/B/BCD567AA-AACA-4495-9E74-F619550E9DE2_4_5005_c.jpeg"
    ],
    "ultima_modificacion": "2025-08-01 01:01:18.332239"
  },
  "b706495cb0e84a848c1bfc64b3b6256a45005c.jpeg": {
    "app_sintetizada": "B706495CB0E84A848C1BFC64B3B6256A45005C.JPEG",
    "cantidad_archivos": 1,
    "archivos_fuente": [
      "Pictures/Fototeca de Fotos.photoslibrary/resources/derivatives/masters/B/B706495C-B0E8-4A84-8C1B-FC64B3B6256A_4_5005_c.jpeg"
    ],
    "ultima_modificacion": "2025-08-01 01:01:18.332606"
  },
  "b8cccfa93ad64dd99aa63dd4730a363745005c.jpeg": {
    "app_sintetizada": "B8CCCFA93AD64DD99AA63DD4730A363745005C.JPEG",
    "cantidad_archivos": 1,
    "archivos_fuente": [
      "Pictures/Fototeca de Fotos.photoslibrary/resources/derivatives/masters/B/B8CCCFA9-3AD6-4DD9-9AA6-3DD4730A3637_4_5005_c.jpeg"
    ],
    "ultima_modificacion": "2025-08-01 01:01:18.332941"
  },
  "b6bfefce8594492e993452d22392e63e45005c.jpeg": {
    "app_sintetizada": "B6BFEFCE8594492E993452D22392E63E45005C.JPEG",
    "cantidad_archivos": 1,
    "archivos_fuente": [
      "Pictures/Fototeca de Fotos.photoslibrary/resources/derivatives/masters/B/B6BFEFCE-8594-492E-9934-52D22392E63E_4_5005_c.jpeg"
    ],
    "ultima_modificacion": "2025-08-01 01:01:18.333178"
  },
  "b0729c3321bc48c9b3665466f126cc8945005c.jpeg": {
    "app_sintetizada": "B0729C3321BC48C9B3665466F126CC8945005C.JPEG",
    "cantidad_archivos": 1,
    "archivos_fuente": [
      "Pictures/Fototeca de Fotos.photoslibrary/resources/derivatives/masters/B/B0729C33-21BC-48C9-B366-5466F126CC89_4_5005_c.jpeg"
    ],
    "ultima_modificacion": "2025-08-01 01:01:18.333393"
  },
  "bb9532213cde40a1819af89c2bf3e30a45005c.jpeg": {
    "app_sintetizada": "BB9532213CDE40A1819AF89C2BF3E30A45005C.JPEG",
    "cantidad_archivos": 1,
    "archivos_fuente": [
      "Pictures/Fototeca de Fotos.photoslibrary/resources/derivatives/masters/B/BB953221-3CDE-40A1-819A-F89C2BF3E30A_4_5005_c.jpeg"
    ],
    "ultima_modificacion": "2025-08-01 01:01:18.333733"
  },
  "b69e86187eb34603bad912d912ac4e9945005c.jpeg": {
    "app_sintetizada": "B69E86187EB34603BAD912D912AC4E9945005C.JPEG",
    "cantidad_archivos": 1,
    "archivos_fuente": [
      "Pictures/Fototeca de Fotos.photoslibrary/resources/derivatives/masters/B/B69E8618-7EB3-4603-BAD9-12D912AC4E99_4_5005_c.jpeg"
    ],
    "ultima_modificacion": "2025-08-01 01:01:18.334197"
  },
  "b522fe0295e64d3faf67fc4f6f169bcc45005c.jpeg": {
    "app_sintetizada": "B522FE0295E64D3FAF67FC4F6F169BCC45005C.JPEG",
    "cantidad_archivos": 1,
    "archivos_fuente": [
      "Pictures/Fototeca de Fotos.photoslibrary/resources/derivatives/masters/B/B522FE02-95E6-4D3F-AF67-FC4F6F169BCC_4_5005_c.jpeg"
    ],
    "ultima_modificacion": "2025-08-01 01:01:18.334575"
  },
  "bb442067ccc54fb4b23540482ab8747d45005c.jpeg": {
    "app_sintetizada": "BB442067CCC54FB4B23540482AB8747D45005C.JPEG",
    "cantidad_archivos": 1,
    "archivos_fuente": [
      "Pictures/Fototeca de Fotos.photoslibrary/resources/derivatives/masters/B/BB442067-CCC5-4FB4-B235-40482AB8747D_4_5005_c.jpeg"
    ],
    "ultima_modificacion": "2025-08-01 01:01:18.335055"
  },
  "baa7dcb26d8446cea1638a872814d43f45005c.jpeg": {
    "app_sintetizada": "BAA7DCB26D8446CEA1638A872814D43F45005C.JPEG",
    "cantidad_archivos": 1,
    "archivos_fuente": [
      "Pictures/Fototeca de Fotos.photoslibrary/resources/derivatives/masters/B/BAA7DCB2-6D84-46CE-A163-8A872814D43F_4_5005_c.jpeg"
    ],
    "ultima_modificacion": "2025-08-01 01:01:18.335315"
  },
  "b9fddc8d91d74cbca2d5e87bbbb0ff9345005c.jpeg": {
    "app_sintetizada": "B9FDDC8D91D74CBCA2D5E87BBBB0FF9345005C.JPEG",
    "cantidad_archivos": 1,
    "archivos_fuente": [
      "Pictures/Fototeca de Fotos.photoslibrary/resources/derivatives/masters/B/B9FDDC8D-91D7-4CBC-A2D5-E87BBBB0FF93_4_5005_c.jpeg"
    ],
    "ultima_modificacion": "2025-08-01 01:01:18.335562"
  },
  "becbd74ca35c45f294a6254c2f922e4745005c.jpeg": {
    "app_sintetizada": "BECBD74CA35C45F294A6254C2F922E4745005C.JPEG",
    "cantidad_archivos": 1,
    "archivos_fuente": [
      "Pictures/Fototeca de Fotos.photoslibrary/resources/derivatives/masters/B/BECBD74C-A35C-45F2-94A6-254C2F922E47_4_5005_c.jpeg"
    ],
    "ultima_modificacion": "2025-08-01 01:01:18.335787"
  },
  "b639ad83ef174f52b2279da096b80d4045005c.jpeg": {
    "app_sintetizada": "B639AD83EF174F52B2279DA096B80D4045005C.JPEG",
    "cantidad_archivos": 1,
    "archivos_fuente": [
      "Pictures/Fototeca de Fotos.photoslibrary/resources/derivatives/masters/B/B639AD83-EF17-4F52-B227-9DA096B80D40_4_5005_c.jpeg"
    ],
    "ultima_modificacion": "2025-08-01 01:01:18.336002"
  },
  "ba4b1633bcba4bd69a60d261fc5b2edf45005c.jpeg": {
    "app_sintetizada": "BA4B1633BCBA4BD69A60D261FC5B2EDF45005C.JPEG",
    "cantidad_archivos": 1,
    "archivos_fuente": [
      "Pictures/Fototeca de Fotos.photoslibrary/resources/derivatives/masters/B/BA4B1633-BCBA-4BD6-9A60-D261FC5B2EDF_4_5005_c.jpeg"
    ],
    "ultima_modificacion": "2025-08-01 01:01:18.336303"
  },
  "b9bb15e775bd44ae9c6d27ce8df1f36b45005c.jpeg": {
    "app_sintetizada": "B9BB15E775BD44AE9C6D27CE8DF1F36B45005C.JPEG",
    "cantidad_archivos": 1,
    "archivos_fuente": [
      "Pictures/Fototeca de Fotos.photoslibrary/resources/derivatives/masters/B/B9BB15E7-75BD-44AE-9C6D-27CE8DF1F36B_4_5005_c.jpeg"
    ],
    "ultima_modificacion": "2025-08-01 01:01:18.336624"
  },
  "be18034172fa4d4f8c30102201ffd5ca45005c.jpeg": {
    "app_sintetizada": "BE18034172FA4D4F8C30102201FFD5CA45005C.JPEG",
    "cantidad_archivos": 1,
    "archivos_fuente": [
      "Pictures/Fototeca de Fotos.photoslibrary/resources/derivatives/masters/B/BE180341-72FA-4D4F-8C30-102201FFD5CA_4_5005_c.jpeg"
    ],
    "ultima_modificacion": "2025-08-01 01:01:18.336994"
  },
  "b78e1685d33e4d8595f84c087a8f79df45005c.jpeg": {
    "app_sintetizada": "B78E1685D33E4D8595F84C087A8F79DF45005C.JPEG",
    "cantidad_archivos": 1,
    "archivos_fuente": [
      "Pictures/Fototeca de Fotos.photoslibrary/resources/derivatives/masters/B/B78E1685-D33E-4D85-95F8-4C087A8F79DF_4_5005_c.jpeg"
    ],
    "ultima_modificacion": "2025-08-01 01:01:18.337353"
  },
  "b9920eaec2e9410494a54401e9da99ed45005c.jpeg": {
    "app_sintetizada": "B9920EAEC2E9410494A54401E9DA99ED45005C.JPEG",
    "cantidad_archivos": 1,
    "archivos_fuente": [
      "Pictures/Fototeca de Fotos.photoslibrary/resources/derivatives/masters/B/B9920EAE-C2E9-4104-94A5-4401E9DA99ED_4_5005_c.jpeg"
    ],
    "ultima_modificacion": "2025-08-01 01:01:18.337717"
  },
  "bb326f0ec4d84c2fb9e758ea8f95a3c545005c.jpeg": {
    "app_sintetizada": "BB326F0EC4D84C2FB9E758EA8F95A3C545005C.JPEG",
    "cantidad_archivos": 1,
    "archivos_fuente": [
      "Pictures/Fototeca de Fotos.photoslibrary/resources/derivatives/masters/B/BB326F0E-C4D8-4C2F-B9E7-58EA8F95A3C5_4_5005_c.jpeg"
    ],
    "ultima_modificacion": "2025-08-01 01:01:18.338053"
  },
  "bd282fa2c49444b28accc47bf493d92745005c.jpeg": {
    "app_sintetizada": "BD282FA2C49444B28ACCC47BF493D92745005C.JPEG",
    "cantidad_archivos": 1,
    "archivos_fuente": [
      "Pictures/Fototeca de Fotos.photoslibrary/resources/derivatives/masters/B/BD282FA2-C494-44B2-8ACC-C47BF493D927_4_5005_c.jpeg"
    ],
    "ultima_modificacion": "2025-08-01 01:01:18.338381"
  },
  "b508abc43aa746348b61d44994d8b8b545005c.jpeg": {
    "app_sintetizada": "B508ABC43AA746348B61D44994D8B8B545005C.JPEG",
    "cantidad_archivos": 1,
    "archivos_fuente": [
      "Pictures/Fototeca de Fotos.photoslibrary/resources/derivatives/masters/B/B508ABC4-3AA7-4634-8B61-D44994D8B8B5_4_5005_c.jpeg"
    ],
    "ultima_modificacion": "2025-08-01 01:01:18.338723"
  },
  "b97d81631a0044659f3379ab98a5de6745005c.jpeg": {
    "app_sintetizada": "B97D81631A0044659F3379AB98A5DE6745005C.JPEG",
    "cantidad_archivos": 1,
    "archivos_fuente": [
      "Pictures/Fototeca de Fotos.photoslibrary/resources/derivatives/masters/B/B97D8163-1A00-4465-9F33-79AB98A5DE67_4_5005_c.jpeg"
    ],
    "ultima_modificacion": "2025-08-01 01:01:18.339057"
  },
  "b104ffc7bc534acd8cf5fd2f41b4cb7945005c.jpeg": {
    "app_sintetizada": "B104FFC7BC534ACD8CF5FD2F41B4CB7945005C.JPEG",
    "cantidad_archivos": 1,
    "archivos_fuente": [
      "Pictures/Fototeca de Fotos.photoslibrary/resources/derivatives/masters/B/B104FFC7-BC53-4ACD-8CF5-FD2F41B4CB79_4_5005_c.jpeg"
    ],
    "ultima_modificacion": "2025-08-01 01:01:18.339423"
  },
  "b19c05d06cb5439a9c97e2526aa01c7c45005c.jpeg": {
    "app_sintetizada": "B19C05D06CB5439A9C97E2526AA01C7C45005C.JPEG",
    "cantidad_archivos": 1,
    "archivos_fuente": [
      "Pictures/Fototeca de Fotos.photoslibrary/resources/derivatives/masters/B/B19C05D0-6CB5-439A-9C97-E2526AA01C7C_4_5005_c.jpeg"
    ],
    "ultima_modificacion": "2025-08-01 01:01:18.339941"
  },
  "bd8aea38d23242e6a0892ef3639a4d2845005c.jpeg": {
    "app_sintetizada": "BD8AEA38D23242E6A0892EF3639A4D2845005C.JPEG",
    "cantidad_archivos": 1,
    "archivos_fuente": [
      "Pictures/Fototeca de Fotos.photoslibrary/resources/derivatives/masters/B/BD8AEA38-D232-42E6-A089-2EF3639A4D28_4_5005_c.jpeg"
    ],
    "ultima_modificacion": "2025-08-01 01:01:18.340483"
  },
  "bc43b8d510734950b492a1979015ee2f45005c.jpeg": {
    "app_sintetizada": "BC43B8D510734950B492A1979015EE2F45005C.JPEG",
    "cantidad_archivos": 1,
    "archivos_fuente": [
      "Pictures/Fototeca de Fotos.photoslibrary/resources/derivatives/masters/B/BC43B8D5-1073-4950-B492-A1979015EE2F_4_5005_c.jpeg"
    ],
    "ultima_modificacion": "2025-08-01 01:01:18.341342"
  },
  "bacdcc0ed0364428957566d0d03831fd45005c.jpeg": {
    "app_sintetizada": "BACDCC0ED0364428957566D0D03831FD45005C.JPEG",
    "cantidad_archivos": 1,
    "archivos_fuente": [
      "Pictures/Fototeca de Fotos.photoslibrary/resources/derivatives/masters/B/BACDCC0E-D036-4428-9575-66D0D03831FD_4_5005_c.jpeg"
    ],
    "ultima_modificacion": "2025-08-01 01:01:18.341753"
  },
  "ba7ac84cbcd24846854df1d4afea5b8b45005c.jpeg": {
    "app_sintetizada": "BA7AC84CBCD24846854DF1D4AFEA5B8B45005C.JPEG",
    "cantidad_archivos": 1,
    "archivos_fuente": [
      "Pictures/Fototeca de Fotos.photoslibrary/resources/derivatives/masters/B/BA7AC84C-BCD2-4846-854D-F1D4AFEA5B8B_4_5005_c.jpeg"
    ],
    "ultima_modificacion": "2025-08-01 01:01:18.342129"
  },
  "b6757ca5d7a54f29bb5b8c01b7aa4bf845005c.jpeg": {
    "app_sintetizada": "B6757CA5D7A54F29BB5B8C01B7AA4BF845005C.JPEG",
    "cantidad_archivos": 1,
    "archivos_fuente": [
      "Pictures/Fototeca de Fotos.photoslibrary/resources/derivatives/masters/B/B6757CA5-D7A5-4F29-BB5B-8C01B7AA4BF8_4_5005_c.jpeg"
    ],
    "ultima_modificacion": "2025-08-01 01:01:18.342506"
  },
  "b21d87defef845aab9edeeb17bf98f3945005c.jpeg": {
    "app_sintetizada": "B21D87DEFEF845AAB9EDEEB17BF98F3945005C.JPEG",
    "cantidad_archivos": 1,
    "archivos_fuente": [
      "Pictures/Fototeca de Fotos.photoslibrary/resources/derivatives/masters/B/B21D87DE-FEF8-45AA-B9ED-EEB17BF98F39_4_5005_c.jpeg"
    ],
    "ultima_modificacion": "2025-08-01 01:01:18.342872"
  },
  "b87cb979bb7c4f52b0593f21353baf6e45005c.jpeg": {
    "app_sintetizada": "B87CB979BB7C4F52B0593F21353BAF6E45005C.JPEG",
    "cantidad_archivos": 1,
    "archivos_fuente": [
      "Pictures/Fototeca de Fotos.photoslibrary/resources/derivatives/masters/B/B87CB979-BB7C-4F52-B059-3F21353BAF6E_4_5005_c.jpeg"
    ],
    "ultima_modificacion": "2025-08-01 01:01:18.343359"
  },
  "b8e7f4b4046e4a179ca203f83a78e36345005c.jpeg": {
    "app_sintetizada": "B8E7F4B4046E4A179CA203F83A78E36345005C.JPEG",
    "cantidad_archivos": 1,
    "archivos_fuente": [
      "Pictures/Fototeca de Fotos.photoslibrary/resources/derivatives/masters/B/B8E7F4B4-046E-4A17-9CA2-03F83A78E363_4_5005_c.jpeg"
    ],
    "ultima_modificacion": "2025-08-01 01:01:18.343778"
  },
  "b5defd81b0f646d49dc940a4eaee695f45005c.jpeg": {
    "app_sintetizada": "B5DEFD81B0F646D49DC940A4EAEE695F45005C.JPEG",
    "cantidad_archivos": 1,
    "archivos_fuente": [
      "Pictures/Fototeca de Fotos.photoslibrary/resources/derivatives/masters/B/B5DEFD81-B0F6-46D4-9DC9-40A4EAEE695F_4_5005_c.jpeg"
    ],
    "ultima_modificacion": "2025-08-01 01:01:18.344186"
  }
}