{
  "b9bf498f115748a8a61ce91bc225f59845005c.jpeg": {
    "app_sintetizada": "B9BF498F115748A8A61CE91BC225F59845005C.JPEG",
    "cantidad_archivos": 1,
    "archivos_fuente": [
      "Pictures/Fototeca de Fotos.photoslibrary/resources/derivatives/masters/B/B9BF498F-1157-48A8-A61C-E91BC225F598_4_5005_c.jpeg"
    ],
    "ultima_modificacion": "2025-08-01 01:01:17.628282"
  },
  "bfc1bd37b66945abb91c26852640d2ca45005c.jpeg": {
    "app_sintetizada": "BFC1BD37B66945ABB91C26852640D2CA45005C.JPEG",
    "cantidad_archivos": 1,
    "archivos_fuente": [
      "Pictures/Fototeca de Fotos.photoslibrary/resources/derivatives/masters/B/BFC1BD37-B669-45AB-B91C-26852640D2CA_4_5005_c.jpeg"
    ],
    "ultima_modificacion": "2025-08-01 01:01:17.628552"
  },
  "b64af5f1a7424d9aba57ed00ca7e17fa45005c.jpeg": {
    "app_sintetizada": "B64AF5F1A7424D9ABA57ED00CA7E17FA45005C.JPEG",
    "cantidad_archivos": 1,
    "archivos_fuente": [
      "Pictures/Fototeca de Fotos.photoslibrary/resources/derivatives/masters/B/B64AF5F1-A742-4D9A-BA57-ED00CA7E17FA_4_5005_c.jpeg"
    ],
    "ultima_modificacion": "2025-08-01 01:01:17.628802"
  },
  "b01cf18504224e3784c723f1ca819e3d45005c.jpeg": {
    "app_sintetizada": "B01CF18504224E3784C723F1CA819E3D45005C.JPEG",
    "cantidad_archivos": 1,
    "archivos_fuente": [
      "Pictures/Fototeca de Fotos.photoslibrary/resources/derivatives/masters/B/B01CF185-0422-4E37-84C7-23F1CA819E3D_4_5005_c.jpeg"
    ],
    "ultima_modificacion": "2025-08-01 01:01:17.629048"
  },
  "b4aefe1d479a4bb8bfc897b06226f1b745005c.jpeg": {
    "app_sintetizada": "B4AEFE1D479A4BB8BFC897B06226F1B745005C.JPEG",
    "cantidad_archivos": 1,
    "archivos_fuente": [
      "Pictures/Fototeca de Fotos.photoslibrary/resources/derivatives/masters/B/B4AEFE1D-479A-4BB8-BFC8-97B06226F1B7_4_5005_c.jpeg"
    ],
    "ultima_modificacion": "2025-08-01 01:01:17.629393"
  },
  "bd51353d4fb6468ab3e26216d14b803245005c.jpeg": {
    "app_sintetizada": "BD51353D4FB6468AB3E26216D14B803245005C.JPEG",
    "cantidad_archivos": 1,
    "archivos_fuente": [
      "Pictures/Fototeca de Fotos.photoslibrary/resources/derivatives/masters/B/BD51353D-4FB6-468A-B3E2-6216D14B8032_4_5005_c.jpeg"
    ],
    "ultima_modificacion": "2025-08-01 01:01:17.629625"
  },
  "bf94b75955f145e0a2663db17f164e0845005c.jpeg": {
    "app_sintetizada": "BF94B75955F145E0A2663DB17F164E0845005C.JPEG",
    "cantidad_archivos": 1,
    "archivos_fuente": [
      "Pictures/Fototeca de Fotos.photoslibrary/resources/derivatives/masters/B/BF94B759-55F1-45E0-A266-3DB17F164E08_4_5005_c.jpeg"
    ],
    "ultima_modificacion": "2025-08-01 01:01:17.629910"
  },
  "b4affb487f2348ccb937f06aca1a7fc045005c.jpeg": {
    "app_sintetizada": "B4AFFB487F2348CCB937F06ACA1A7FC045005C.JPEG",
    "cantidad_archivos": 1,
    "archivos_fuente": [
      "Pictures/Fototeca de Fotos.photoslibrary/resources/derivatives/masters/B/B4AFFB48-7F23-48CC-B937-F06ACA1A7FC0_4_5005_c.jpeg"
    ],
    "ultima_modificacion": "2025-08-01 01:01:17.630135"
  },
  "bbd8e2c764c847e79f3b9677dc17917745005c.jpeg": {
    "app_sintetizada": "BBD8E2C764C847E79F3B9677DC17917745005C.JPEG",
    "cantidad_archivos": 1,
    "archivos_fuente": [
      "Pictures/Fototeca de Fotos.photoslibrary/resources/derivatives/masters/B/BBD8E2C7-64C8-47E7-9F3B-9677DC179177_4_5005_c.jpeg"
    ],
    "ultima_modificacion": "2025-08-01 01:01:17.630330"
  },
  "b8b4e57643494a70b349e86f8fd589c245005c.jpeg": {
    "app_sintetizada": "B8B4E57643494A70B349E86F8FD589C245005C.JPEG",
    "cantidad_archivos": 1,
    "archivos_fuente": [
      "Pictures/Fototeca de Fotos.photoslibrary/resources/derivatives/masters/B/B8B4E576-4349-4A70-B349-E86F8FD589C2_4_5005_c.jpeg"
    ],
    "ultima_modificacion": "2025-08-01 01:01:17.630522"
  },
  "b63a840f131749ddbbbfea78ecf38d0a45005c.jpeg": {
    "app_sintetizada": "B63A840F131749DDBBBFEA78ECF38D0A45005C.JPEG",
    "cantidad_archivos": 1,
    "archivos_fuente": [
      "Pictures/Fototeca de Fotos.photoslibrary/resources/derivatives/masters/B/B63A840F-1317-49DD-BBBF-EA78ECF38D0A_4_5005_c.jpeg"
    ],
    "ultima_modificacion": "2025-08-01 01:01:17.630720"
  },
  "b0866c1f3c2e43a5949bf299a1963ce445005c.jpeg": {
    "app_sintetizada": "B0866C1F3C2E43A5949BF299A1963CE445005C.JPEG",
    "cantidad_archivos": 1,
    "archivos_fuente": [
      "Pictures/Fototeca de Fotos.photoslibrary/resources/derivatives/masters/B/B0866C1F-3C2E-43A5-949B-F299A1963CE4_4_5005_c.jpeg"
    ],
    "ultima_modificacion": "2025-08-01 01:01:17.630906"
  },
  "beabbcb2a7394149afd802e84e93205445005c.jpeg": {
    "app_sintetizada": "BEABBCB2A7394149AFD802E84E93205445005C.JPEG",
    "cantidad_archivos": 1,
    "archivos_fuente": [
      "Pictures/Fototeca de Fotos.photoslibrary/resources/derivatives/masters/B/BEABBCB2-A739-4149-AFD8-02E84E932054_4_5005_c.jpeg"
    ],
    "ultima_modificacion": "2025-08-01 01:01:17.631089"
  },
  "bd13ebeb92e044858cc04ea6a9bb08bb45005c.jpeg": {
    "app_sintetizada": "BD13EBEB92E044858CC04EA6A9BB08BB45005C.JPEG",
    "cantidad_archivos": 1,
    "archivos_fuente": [
      "Pictures/Fototeca de Fotos.photoslibrary/resources/derivatives/masters/B/BD13EBEB-92E0-4485-8CC0-4EA6A9BB08BB_4_5005_c.jpeg"
    ],
    "ultima_modificacion": "2025-08-01 01:01:17.631282"
  },
  "bb5b127843164f749cd23e52b7abd3a745005c.jpeg": {
    "app_sintetizada": "BB5B127843164F749CD23E52B7ABD3A745005C.JPEG",
    "cantidad_archivos": 1,
    "archivos_fuente": [
      "Pictures/Fototeca de Fotos.photoslibrary/resources/derivatives/masters/B/BB5B1278-4316-4F74-9CD2-3E52B7ABD3A7_4_5005_c.jpeg"
    ],
    "ultima_modificacion": "2025-08-01 01:01:17.631464"
  },
  "bf96ccf1c3bd4c0f8895e550d4e7324445005c.jpeg": {
    "app_sintetizada": "BF96CCF1C3BD4C0F8895E550D4E7324445005C.JPEG",
    "cantidad_archivos": 1,
    "archivos_fuente": [
      "Pictures/Fototeca de Fotos.photoslibrary/resources/derivatives/masters/B/BF96CCF1-C3BD-4C0F-8895-E550D4E73244_4_5005_c.jpeg"
    ],
    "ultima_modificacion": "2025-08-01 01:01:17.631644"
  },
  "b347e11dd3774a4f85e89ffdadd81bfd45005c.jpeg": {
    "app_sintetizada": "B347E11DD3774A4F85E89FFDADD81BFD45005C.JPEG",
    "cantidad_archivos": 1,
    "archivos_fuente": [
      "Pictures/Fototeca de Fotos.photoslibrary/resources/derivatives/masters/B/B347E11D-D377-4A4F-85E8-9FFDADD81BFD_4_5005_c.jpeg"
    ],
    "ultima_modificacion": "2025-08-01 01:01:17.631919"
  },
  "b56827aeaca1438e9c7633874bd566f845005c.jpeg": {
    "app_sintetizada": "B56827AEACA1438E9C7633874BD566F845005C.JPEG",
    "cantidad_archivos": 1,
    "archivos_fuente": [
      "Pictures/Fototeca de Fotos.photoslibrary/resources/derivatives/masters/B/B56827AE-ACA1-438E-9C76-33874BD566F8_4_5005_c.jpeg"
    ],
    "ultima_modificacion": "2025-08-01 01:01:17.632242"
  },
  "b3fe23fadd234bacb3a535d3259936de45005c.jpeg": {
    "app_sintetizada": "B3FE23FADD234BACB3A535D3259936DE45005C.JPEG",
    "cantidad_archivos": 1,
    "archivos_fuente": [
      "Pictures/Fototeca de Fotos.photoslibrary/resources/derivatives/masters/B/B3FE23FA-DD23-4BAC-B3A5-35D3259936DE_4_5005_c.jpeg"
    ],
    "ultima_modificacion": "2025-08-01 01:01:17.632496"
  },
  "b87367078fbc4aa880a6eaf5216bd3e145005c.jpeg": {
    "app_sintetizada": "B87367078FBC4AA880A6EAF5216BD3E145005C.JPEG",
    "cantidad_archivos": 1,
    "archivos_fuente": [
      "Pictures/Fototeca de Fotos.photoslibrary/resources/derivatives/masters/B/B8736707-8FBC-4AA8-80A6-EAF5216BD3E1_4_5005_c.jpeg"
    ],
    "ultima_modificacion": "2025-08-01 01:01:17.632815"
  },
  "b44c90d7694f4654a06e5b04ca086aa545005c.jpeg": {
    "app_sintetizada": "B44C90D7694F4654A06E5B04CA086AA545005C.JPEG",
    "cantidad_archivos": 1,
    "archivos_fuente": [
      "Pictures/Fototeca de Fotos.photoslibrary/resources/derivatives/masters/B/B44C90D7-694F-4654-A06E-5B04CA086AA5_4_5005_c.jpeg"
    ],
    "ultima_modificacion": "2025-08-01 01:01:17.633043"
  },
  "bcd2faaab2044a91ac3245f771af458b45005c.jpeg": {
    "app_sintetizada": "BCD2FAAAB2044A91AC3245F771AF458B45005C.JPEG",
    "cantidad_archivos": 1,
    "archivos_fuente": [
      "Pictures/Fototeca de Fotos.photoslibrary/resources/derivatives/masters/B/BCD2FAAA-B204-4A91-AC32-45F771AF458B_4_5005_c.jpeg"
    ],
    "ultima_modificacion": "2025-08-01 01:01:17.633242"
  },
  "b267b41d1ecd40bfbe60b0943e4f36db45005c.jpeg": {
    "app_sintetizada": "B267B41D1ECD40BFBE60B0943E4F36DB45005C.JPEG",
    "cantidad_archivos": 1,
    "archivos_fuente": [
      "Pictures/Fototeca de Fotos.photoslibrary/resources/derivatives/masters/B/B267B41D-1ECD-40BF-BE60-B0943E4F36DB_4_5005_c.jpeg"
    ],
    "ultima_modificacion": "2025-08-01 01:01:17.633447"
  },
  "be478350130e423d9ce905dee589d47845005c.jpeg": {
    "app_sintetizada": "BE478350130E423D9CE905DEE589D47845005C.JPEG",
    "cantidad_archivos": 1,
    "archivos_fuente": [
      "Pictures/Fototeca de Fotos.photoslibrary/resources/derivatives/masters/B/BE478350-130E-423D-9CE9-05DEE589D478_4_5005_c.jpeg"
    ],
    "ultima_modificacion": "2025-08-01 01:01:17.633655"
  },
  "bea07d8137c744689c68933f4d60dc9645005c.jpeg": {
    "app_sintetizada": "BEA07D8137C744689C68933F4D60DC9645005C.JPEG",
    "cantidad_archivos": 1,
    "archivos_fuente": [
      "Pictures/Fototeca de Fotos.photoslibrary/resources/derivatives/masters/B/BEA07D81-37C7-4468-9C68-933F4D60DC96_4_5005_c.jpeg"
    ],
    "ultima_modificacion": "2025-08-01 01:01:17.633855"
  },
  "bfe2d5e26e4a4965bb459d2eda35bc8545005c.jpeg": {
    "app_sintetizada": "BFE2D5E26E4A4965BB459D2EDA35BC8545005C.JPEG",
    "cantidad_archivos": 1,
    "archivos_fuente": [
      "Pictures/Fototeca de Fotos.photoslibrary/resources/derivatives/masters/B/BFE2D5E2-6E4A-4965-BB45-9D2EDA35BC85_4_5005_c.jpeg"
    ],
    "ultima_modificacion": "2025-08-01 01:01:17.634073"
  },
  "ba71a66084154f5ca5fbdb862d7185ed45005c.jpeg": {
    "app_sintetizada": "BA71A66084154F5CA5FBDB862D7185ED45005C.JPEG",
    "cantidad_archivos": 1,
    "archivos_fuente": [
      "Pictures/Fototeca de Fotos.photoslibrary/resources/derivatives/masters/B/BA71A660-8415-4F5C-A5FB-DB862D7185ED_4_5005_c.jpeg"
    ],
    "ultima_modificacion": "2025-08-01 01:01:17.634373"
  },
  "b2b0662433c84b10b6c206a93f16a68e45005c.jpeg": {
    "app_sintetizada": "B2B0662433C84B10B6C206A93F16A68E45005C.JPEG",
    "cantidad_archivos": 1,
    "archivos_fuente": [
      "Pictures/Fototeca de Fotos.photoslibrary/resources/derivatives/masters/B/B2B06624-33C8-4B10-B6C2-06A93F16A68E_4_5005_c.jpeg"
    ],
    "ultima_modificacion": "2025-08-01 01:01:17.634670"
  },
  "bbf60b527e444a08bb7388344430bf1545005c.jpeg": {
    "app_sintetizada": "BBF60B527E444A08BB7388344430BF1545005C.JPEG",
    "cantidad_archivos": 1,
    "archivos_fuente": [
      "Pictures/Fototeca de Fotos.photoslibrary/resources/derivatives/masters/B/BBF60B52-7E44-4A08-BB73-88344430BF15_4_5005_c.jpeg"
    ],
    "ultima_modificacion": "2025-08-01 01:01:17.634905"
  },
  "bcd2c94c67244d52ba8ee36fef8e981645005c.jpeg": {
    "app_sintetizada": "BCD2C94C67244D52BA8EE36FEF8E981645005C.JPEG",
    "cantidad_archivos": 1,
    "archivos_fuente": [
      "Pictures/Fototeca de Fotos.photoslibrary/resources/derivatives/masters/B/BCD2C94C-6724-4D52-BA8E-E36FEF8E9816_4_5005_c.jpeg"
    ],
    "ultima_modificacion": "2025-08-01 01:01:17.635113"
  },
  "b8d25a2b3d99483cbccd15ea0c87e28245005c.jpeg": {
    "app_sintetizada": "B8D25A2B3D99483CBCCD15EA0C87E28245005C.JPEG",
    "cantidad_archivos": 1,
    "archivos_fuente": [
      "Pictures/Fototeca de Fotos.photoslibrary/resources/derivatives/masters/B/B8D25A2B-3D99-483C-BCCD-15EA0C87E282_4_5005_c.jpeg"
    ],
    "ultima_modificacion": "2025-08-01 01:01:17.635304"
  },
  "b588f31920f6441596bc703b9e652efb45005c.jpeg": {
    "app_sintetizada": "B588F31920F6441596BC703B9E652EFB45005C.JPEG",
    "cantidad_archivos": 1,
    "archivos_fuente": [
      "Pictures/Fototeca de Fotos.photoslibrary/resources/derivatives/masters/B/B588F319-20F6-4415-96BC-703B9E652EFB_4_5005_c.jpeg"
    ],
    "ultima_modificacion": "2025-08-01 01:01:17.635495"
  },
  "b2ceab80d9bd406980d1638906c57b6045005c.jpeg": {
    "app_sintetizada": "B2CEAB80D9BD406980D1638906C57B6045005C.JPEG",
    "cantidad_archivos": 1,
    "archivos_fuente": [
      "Pictures/Fototeca de Fotos.photoslibrary/resources/derivatives/masters/B/B2CEAB80-D9BD-4069-80D1-638906C57B60_4_5005_c.jpeg"
    ],
    "ultima_modificacion": "2025-08-01 01:01:17.635677"
  },
  "b0aae07778004b339b403e13f43423c345005c.jpeg": {
    "app_sintetizada": "B0AAE07778004B339B403E13F43423C345005C.JPEG",
    "cantidad_archivos": 1,
    "archivos_fuente": [
      "Pictures/Fototeca de Fotos.photoslibrary/resources/derivatives/masters/B/B0AAE077-7800-4B33-9B40-3E13F43423C3_4_5005_c.jpeg"
    ],
    "ultima_modificacion": "2025-08-01 01:01:17.635915"
  },
  "bce627f9cfc141d8b68e0787b6a47c0945005c.jpeg": {
    "app_sintetizada": "BCE627F9CFC141D8B68E0787B6A47C0945005C.JPEG",
    "cantidad_archivos": 1,
    "archivos_fuente": [
      "Pictures/Fototeca de Fotos.photoslibrary/resources/derivatives/masters/B/BCE627F9-CFC1-41D8-B68E-0787B6A47C09_4_5005_c.jpeg"
    ],
    "ultima_modificacion": "2025-08-01 01:01:17.636180"
  },
  "b04aadb49e824f4b8f77134cafc9473145005c.jpeg": {
    "app_sintetizada": "B04AADB49E824F4B8F77134CAFC9473145005C.JPEG",
    "cantidad_archivos": 1,
    "archivos_fuente": [
      "Pictures/Fototeca de Fotos.photoslibrary/resources/derivatives/masters/B/B04AADB4-9E82-4F4B-8F77-134CAFC94731_4_5005_c.jpeg"
    ],
    "ultima_modificacion": "2025-08-01 01:01:17.636449"
  },
  "b05f732f9d214367963ba35b02b99cdc45005c.jpeg": {
    "app_sintetizada": "B05F732F9D214367963BA35B02B99CDC45005C.JPEG",
    "cantidad_archivos": 1,
    "archivos_fuente": [
      "Pictures/Fototeca de Fotos.photoslibrary/resources/derivatives/masters/B/B05F732F-9D21-4367-963B-A35B02B99CDC_4_5005_c.jpeg"
    ],
    "ultima_modificacion": "2025-08-01 01:01:17.636737"
  },
  "b86dd88ba82742c8baa7e2fb97b9020f45005c.jpeg": {
    "app_sintetizada": "B86DD88BA82742C8BAA7E2FB97B9020F45005C.JPEG",
    "cantidad_archivos": 1,
    "archivos_fuente": [
      "Pictures/Fototeca de Fotos.photoslibrary/resources/derivatives/masters/B/B86DD88B-A827-42C8-BAA7-E2FB97B9020F_4_5005_c.jpeg"
    ],
    "ultima_modificacion": "2025-08-01 01:01:17.637011"
  },
  "b8e0be185c4c469b8ba5a49dbfbcd26745005c.jpeg": {
    "app_sintetizada": "B8E0BE185C4C469B8BA5A49DBFBCD26745005C.JPEG",
    "cantidad_archivos": 1,
    "archivos_fuente": [
      "Pictures/Fototeca de Fotos.photoslibrary/resources/derivatives/masters/B/B8E0BE18-5C4C-469B-8BA5-A49DBFBCD267_4_5005_c.jpeg"
    ],
    "ultima_modificacion": "2025-08-01 01:01:17.637300"
  },
  "b1ac68f8b0724b9cb860527e10533dfe45005c.jpeg": {
    "app_sintetizada": "B1AC68F8B0724B9CB860527E10533DFE45005C.JPEG",
    "cantidad_archivos": 1,
    "archivos_fuente": [
      "Pictures/Fototeca de Fotos.photoslibrary/resources/derivatives/masters/B/B1AC68F8-B072-4B9C-B860-527E10533DFE_4_5005_c.jpeg"
    ],
    "ultima_modificacion": "2025-08-01 01:01:17.637583"
  },
  "beda1d3ae0614dc390587f3fc34827fc45005c.jpeg": {
    "app_sintetizada": "BEDA1D3AE0614DC390587F3FC34827FC45005C.JPEG",
    "cantidad_archivos": 1,
    "archivos_fuente": [
      "Pictures/Fototeca de Fotos.photoslibrary/resources/derivatives/masters/B/BEDA1D3A-E061-4DC3-9058-7F3FC34827FC_4_5005_c.jpeg"
    ],
    "ultima_modificacion": "2025-08-01 01:01:17.637867"
  },
  "bb6c1b6f01a04e19b18a4e6d1eef3d4a45005c.jpeg": {
    "app_sintetizada": "BB6C1B6F01A04E19B18A4E6D1EEF3D4A45005C.JPEG",
    "cantidad_archivos": 1,
    "archivos_fuente": [
      "Pictures/Fototeca de Fotos.photoslibrary/resources/derivatives/masters/B/BB6C1B6F-01A0-4E19-B18A-4E6D1EEF3D4A_4_5005_c.jpeg"
    ],
    "ultima_modificacion": "2025-08-01 01:01:17.638147"
  },
  "b7f68d6635ed4ac18c1386572271d97245005c.jpeg": {
    "app_sintetizada": "B7F68D6635ED4AC18C1386572271D97245005C.JPEG",
    "cantidad_archivos": 1,
    "archivos_fuente": [
      "Pictures/Fototeca de Fotos.photoslibrary/resources/derivatives/masters/B/B7F68D66-35ED-4AC1-8C13-86572271D972_4_5005_c.jpeg"
    ],
    "ultima_modificacion": "2025-08-01 01:01:17.638804"
  },
  "b1baa728099c4279ab3469a21cf48c0345005c.jpeg": {
    "app_sintetizada": "B1BAA728099C4279AB3469A21CF48C0345005C.JPEG",
    "cantidad_archivos": 1,
    "archivos_fuente": [
      "Pictures/Fototeca de Fotos.photoslibrary/resources/derivatives/masters/B/B1BAA728-099C-4279-AB34-69A21CF48C03_4_5005_c.jpeg"
    ],
    "ultima_modificacion": "2025-08-01 01:01:17.639095"
  },
  "ba5b291c4d1c453bad9d6059a7ae392c45005c.jpeg": {
    "app_sintetizada": "BA5B291C4D1C453BAD9D6059A7AE392C45005C.JPEG",
    "cantidad_archivos": 1,
    "archivos_fuente": [
      "Pictures/Fototeca de Fotos.photoslibrary/resources/derivatives/masters/B/BA5B291C-4D1C-453B-AD9D-6059A7AE392C_4_5005_c.jpeg"
    ],
    "ultima_modificacion": "2025-08-01 01:01:17.639372"
  },
  "bca260ea35c548f59c0548953c91375345005c.jpeg": {
    "app_sintetizada": "BCA260EA35C548F59C0548953C91375345005C.JPEG",
    "cantidad_archivos": 1,
    "archivos_fuente": [
      "Pictures/Fototeca de Fotos.photoslibrary/resources/derivatives/masters/B/BCA260EA-35C5-48F5-9C05-48953C913753_4_5005_c.jpeg"
    ],
    "ultima_modificacion": "2025-08-01 01:01:17.639653"
  },
  "b094af6fbbb44cf28dcb0835c272e26d45005c.jpeg": {
    "app_sintetizada": "B094AF6FBBB44CF28DCB0835C272E26D45005C.JPEG",
    "cantidad_archivos": 1,
    "archivos_fuente": [
      "Pictures/Fototeca de Fotos.photoslibrary/resources/derivatives/masters/B/B094AF6F-BBB4-4CF2-8DCB-0835C272E26D_4_5005_c.jpeg"
    ],
    "ultima_modificacion": "2025-08-01 01:01:17.639958"
  },
  "bc757e33ae3844c29d994f97fd3d0acd45005c.jpeg": {
    "app_sintetizada": "BC757E33AE3844C29D994F97FD3D0ACD45005C.JPEG",
    "cantidad_archivos": 1,
    "archivos_fuente": [
      "Pictures/Fototeca de Fotos.photoslibrary/resources/derivatives/masters/B/BC757E33-AE38-44C2-9D99-4F97FD3D0ACD_4_5005_c.jpeg"
    ],
    "ultima_modificacion": "2025-08-01 01:01:17.640244"
  },
  "b056424edfa84bda99c72808a58416c445005c.jpeg": {
    "app_sintetizada": "B056424EDFA84BDA99C72808A58416C445005C.JPEG",
    "cantidad_archivos": 1,
    "archivos_fuente": [
      "Pictures/Fototeca de Fotos.photoslibrary/resources/derivatives/masters/B/B056424E-DFA8-4BDA-99C7-2808A58416C4_4_5005_c.jpeg"
    ],
    "ultima_modificacion": "2025-08-01 01:01:17.640523"
  },
  "b8320bb19b7a4037990f4765f1058a0b45005c.jpeg": {
    "app_sintetizada": "B8320BB19B7A4037990F4765F1058A0B45005C.JPEG",
    "cantidad_archivos": 1,
    "archivos_fuente": [
      "Pictures/Fototeca de Fotos.photoslibrary/resources/derivatives/masters/B/B8320BB1-9B7A-4037-990F-4765F1058A0B_4_5005_c.jpeg"
    ],
    "ultima_modificacion": "2025-08-01 01:01:17.640800"
  },
  "b85f5ec5770244bf99f6d6582b9a2ae245005c.jpeg": {
    "app_sintetizada": "B85F5EC5770244BF99F6D6582B9A2AE245005C.JPEG",
    "cantidad_archivos": 1,
    "archivos_fuente": [
      "Pictures/Fototeca de Fotos.photoslibrary/resources/derivatives/masters/B/B85F5EC5-7702-44BF-99F6-D6582B9A2AE2_4_5005_c.jpeg"
    ],
    "ultima_modificacion": "2025-08-01 01:01:17.641070"
  },
  "b868a3064fa0476983008c3e45066a4e45005c.jpeg": {
    "app_sintetizada": "B868A3064FA0476983008C3E45066A4E45005C.JPEG",
    "cantidad_archivos": 1,
    "archivos_fuente": [
      "Pictures/Fototeca de Fotos.photoslibrary/resources/derivatives/masters/B/B868A306-4FA0-4769-8300-8C3E45066A4E_4_5005_c.jpeg"
    ],
    "ultima_modificacion": "2025-08-01 01:01:17.641346"
  },
  "be97f9c237814f69a717a5f671a7230645005c.jpeg": {
    "app_sintetizada": "BE97F9C237814F69A717A5F671A7230645005C.JPEG",
    "cantidad_archivos": 1,
    "archivos_fuente": [
      "Pictures/Fototeca de Fotos.photoslibrary/resources/derivatives/masters/B/BE97F9C2-3781-4F69-A717-A5F671A72306_4_5005_c.jpeg"
    ],
    "ultima_modificacion": "2025-08-01 01:01:17.641653"
  },
  "ba37b5b8d2204283af93b3bb7e1fc1a345005c.jpeg": {
    "app_sintetizada": "BA37B5B8D2204283AF93B3BB7E1FC1A345005C.JPEG",
    "cantidad_archivos": 1,
    "archivos_fuente": [
      "Pictures/Fototeca de Fotos.photoslibrary/resources/derivatives/masters/B/BA37B5B8-D220-4283-AF93-B3BB7E1FC1A3_4_5005_c.jpeg"
    ],
    "ultima_modificacion": "2025-08-01 01:01:17.641978"
  },
  "b650a32602ac4b51ac9f576909aa78a245005c.jpeg": {
    "app_sintetizada": "B650A32602AC4B51AC9F576909AA78A245005C.JPEG",
    "cantidad_archivos": 1,
    "archivos_fuente": [
      "Pictures/Fototeca de Fotos.photoslibrary/resources/derivatives/masters/B/B650A326-02AC-4B51-AC9F-576909AA78A2_4_5005_c.jpeg"
    ],
    "ultima_modificacion": "2025-08-01 01:01:17.642274"
  },
  "b7e19d945c3c49ffaa274002f1591cca45005c.jpeg": {
    "app_sintetizada": "B7E19D945C3C49FFAA274002F1591CCA45005C.JPEG",
    "cantidad_archivos": 1,
    "archivos_fuente": [
      "Pictures/Fototeca de Fotos.photoslibrary/resources/derivatives/masters/B/B7E19D94-5C3C-49FF-AA27-4002F1591CCA_4_5005_c.jpeg"
    ],
    "ultima_modificacion": "2025-08-01 01:01:17.642574"
  },
  "bc362b426e9b4bc8bcc91cefba4bfe3245005c.jpeg": {
    "app_sintetizada": "BC362B426E9B4BC8BCC91CEFBA4BFE3245005C.JPEG",
    "cantidad_archivos": 1,
    "archivos_fuente": [
      "Pictures/Fototeca de Fotos.photoslibrary/resources/derivatives/masters/B/BC362B42-6E9B-4BC8-BCC9-1CEFBA4BFE32_4_5005_c.jpeg"
    ],
    "ultima_modificacion": "2025-08-01 01:01:17.642875"
  },
  "be26f90bf9d64b58aac4b65da114cf0545005c.jpeg": {
    "app_sintetizada": "BE26F90BF9D64B58AAC4B65DA114CF0545005C.JPEG",
    "cantidad_archivos": 1,
    "archivos_fuente": [
      "Pictures/Fototeca de Fotos.photoslibrary/resources/derivatives/masters/B/BE26F90B-F9D6-4B58-AAC4-B65DA114CF05_4_5005_c.jpeg"
    ],
    "ultima_modificacion": "2025-08-01 01:01:17.643182"
  },
  "b72b630239f040a891d151111861900745005c.jpeg": {
    "app_sintetizada": "B72B630239F040A891D151111861900745005C.JPEG",
    "cantidad_archivos": 1,
    "archivos_fuente": [
      "Pictures/Fototeca de Fotos.photoslibrary/resources/derivatives/masters/B/B72B6302-39F0-40A8-91D1-511118619007_4_5005_c.jpeg"
    ],
    "ultima_modificacion": "2025-08-01 01:01:17.644195"
  },
  "b0b1c2951c114179b91690708a2e685a45005c.jpeg": {
    "app_sintetizada": "B0B1C2951C114179B91690708A2E685A45005C.JPEG",
    "cantidad_archivos": 1,
    "archivos_fuente": [
      "Pictures/Fototeca de Fotos.photoslibrary/resources/derivatives/masters/B/B0B1C295-1C11-4179-B916-90708A2E685A_4_5005_c.jpeg"
    ],
    "ultima_modificacion": "2025-08-01 01:01:17.644510"
  },
  "bdf5594d1e524c16a9ce16cbe805657645005c.jpeg": {
    "app_sintetizada": "BDF5594D1E524C16A9CE16CBE805657645005C.JPEG",
    "cantidad_archivos": 1,
    "archivos_fuente": [
      "Pictures/Fototeca de Fotos.photoslibrary/resources/derivatives/masters/B/BDF5594D-1E52-4C16-A9CE-16CBE8056576_4_5005_c.jpeg"
    ],
    "ultima_modificacion": "2025-08-01 01:01:17.644842"
  },
  "b4c2f9b7c8914b218e1c5c737e6330c945005c.jpeg": {
    "app_sintetizada": "B4C2F9B7C8914B218E1C5C737E6330C945005C.JPEG",
    "cantidad_archivos": 1,
    "archivos_fuente": [
      "Pictures/Fototeca de Fotos.photoslibrary/resources/derivatives/masters/B/B4C2F9B7-C891-4B21-8E1C-5C737E6330C9_4_5005_c.jpeg"
    ],
    "ultima_modificacion": "2025-08-01 01:01:17.645156"
  },
  "b2fd1f2f75e84ae29af2ac291f31f38645005c.jpeg": {
    "app_sintetizada": "B2FD1F2F75E84AE29AF2AC291F31F38645005C.JPEG",
    "cantidad_archivos": 1,
    "archivos_fuente": [
      "Pictures/Fototeca de Fotos.photoslibrary/resources/derivatives/masters/B/B2FD1F2F-75E8-4AE2-9AF2-AC291F31F386_4_5005_c.jpeg"
    ],
    "ultima_modificacion": "2025-08-01 01:01:17.645476"
  },
  "b53232ffbc9d49d6b0822955c749939145005c.jpeg": {
    "app_sintetizada": "B53232FFBC9D49D6B0822955C749939145005C.JPEG",
    "cantidad_archivos": 1,
    "archivos_fuente": [
      "Pictures/Fototeca de Fotos.photoslibrary/resources/derivatives/masters/B/B53232FF-BC9D-49D6-B082-2955C7499391_4_5005_c.jpeg"
    ],
    "ultima_modificacion": "2025-08-01 01:01:17.645789"
  },
  "b29f82798f2746fab412189ddc9b8f4345005c.jpeg": {
    "app_sintetizada": "B29F82798F2746FAB412189DDC9B8F4345005C.JPEG",
    "cantidad_archivos": 1,
    "archivos_fuente": [
      "Pictures/Fototeca de Fotos.photoslibrary/resources/derivatives/masters/B/B29F8279-8F27-46FA-B412-189DDC9B8F43_4_5005_c.jpeg"
    ],
    "ultima_modificacion": "2025-08-01 01:01:17.646118"
  },
  "bb0d64e4e5fc4791aafaae5219ba9f3f45005c.jpeg": {
    "app_sintetizada": "BB0D64E4E5FC4791AAFAAE5219BA9F3F45005C.JPEG",
    "cantidad_archivos": 1,
    "archivos_fuente": [
      "Pictures/Fototeca de Fotos.photoslibrary/resources/derivatives/masters/B/BB0D64E4-E5FC-4791-AAFA-AE5219BA9F3F_4_5005_c.jpeg"
    ],
    "ultima_modificacion": "2025-08-01 01:01:17.646681"
  },
  "bd88a6f3079d4c388844bcea42d339eb45005c.jpeg": {
    "app_sintetizada": "BD88A6F3079D4C388844BCEA42D339EB45005C.JPEG",
    "cantidad_archivos": 1,
    "archivos_fuente": [
      "Pictures/Fototeca de Fotos.photoslibrary/resources/derivatives/masters/B/BD88A6F3-079D-4C38-8844-BCEA42D339EB_4_5005_c.jpeg"
    ],
    "ultima_modificacion": "2025-08-01 01:01:17.647083"
  },
  "b562d34d8e624f28867f9b98b50b4a6745005c.jpeg": {
    "app_sintetizada": "B562D34D8E624F28867F9B98B50B4A6745005C.JPEG",
    "cantidad_archivos": 1,
    "archivos_fuente": [
      "Pictures/Fototeca de Fotos.photoslibrary/resources/derivatives/masters/B/B562D34D-8E62-4F28-867F-9B98B50B4A67_4_5005_c.jpeg"
    ],
    "ultima_modificacion": "2025-08-01 01:01:17.647432"
  },
  "b234a2b6062f4621bca599581e934afc45005c.jpeg": {
    "app_sintetizada": "B234A2B6062F4621BCA599581E934AFC45005C.JPEG",
    "cantidad_archivos": 1,
    "archivos_fuente": [
      "Pictures/Fototeca de Fotos.photoslibrary/resources/derivatives/masters/B/B234A2B6-062F-4621-BCA5-99581E934AFC_4_5005_c.jpeg"
    ],
    "ultima_modificacion": "2025-08-01 01:01:17.647757"
  },
  "b118e50602694b128de2216718fed50745005c.jpeg": {
    "app_sintetizada": "B118E50602694B128DE2216718FED50745005C.JPEG",
    "cantidad_archivos": 1,
    "archivos_fuente": [
      "Pictures/Fototeca de Fotos.photoslibrary/resources/derivatives/masters/B/B118E506-0269-4B12-8DE2-216718FED507_4_5005_c.jpeg"
    ],
    "ultima_modificacion": "2025-08-01 01:01:17.648093"
  },
  "b0fbdd634d95438e83189daeb7d2e51645005c.jpeg": {
    "app_sintetizada": "B0FBDD634D95438E83189DAEB7D2E51645005C.JPEG",
    "cantidad_archivos": 1,
    "archivos_fuente": [
      "Pictures/Fototeca de Fotos.photoslibrary/resources/derivatives/masters/B/B0FBDD63-4D95-438E-8318-9DAEB7D2E516_4_5005_c.jpeg"
    ],
    "ultima_modificacion": "2025-08-01 01:01:17.648421"
  },
  "bb15e0cc60204eceb34562c369b0302b45005c.jpeg": {
    "app_sintetizada": "BB15E0CC60204ECEB34562C369B0302B45005C.JPEG",
    "cantidad_archivos": 1,
    "archivos_fuente": [
      "Pictures/Fototeca de Fotos.photoslibrary/resources/derivatives/masters/B/BB15E0CC-6020-4ECE-B345-62C369B0302B_4_5005_c.jpeg"
    ],
    "ultima_modificacion": "2025-08-01 01:01:17.648763"
  },
  "b1e7140fec2c49b6b95861a53c2d90dc45005c.jpeg": {
    "app_sintetizada": "B1E7140FEC2C49B6B95861A53C2D90DC45005C.JPEG",
    "cantidad_archivos": 1,
    "archivos_fuente": [
      "Pictures/Fototeca de Fotos.photoslibrary/resources/derivatives/masters/B/B1E7140F-EC2C-49B6-B958-61A53C2D90DC_4_5005_c.jpeg"
    ],
    "ultima_modificacion": "2025-08-01 01:01:17.649088"
  },
  "b874685570a44a29a91d533f1054b2cd45005c.jpeg": {
    "app_sintetizada": "B874685570A44A29A91D533F1054B2CD45005C.JPEG",
    "cantidad_archivos": 1,
    "archivos_fuente": [
      "Pictures/Fototeca de Fotos.photoslibrary/resources/derivatives/masters/B/B8746855-70A4-4A29-A91D-533F1054B2CD_4_5005_c.jpeg"
    ],
    "ultima_modificacion": "2025-08-01 01:01:17.649428"
  },
  "bd7a73fd0e9a4b4ab0942537469e3d0245005c.jpeg": {
    "app_sintetizada": "BD7A73FD0E9A4B4AB0942537469E3D0245005C.JPEG",
    "cantidad_archivos": 1,
    "archivos_fuente": [
      "Pictures/Fototeca de Fotos.photoslibrary/resources/derivatives/masters/B/BD7A73FD-0E9A-4B4A-B094-2537469E3D02_4_5005_c.jpeg"
    ],
    "ultima_modificacion": "2025-08-01 01:01:17.649768"
  },
  "b1787f44830d45a38c4f4440c8eb49e745005c.jpeg": {
    "app_sintetizada": "B1787F44830D45A38C4F4440C8EB49E745005C.JPEG",
    "cantidad_archivos": 1,
    "archivos_fuente": [
      "Pictures/Fototeca de Fotos.photoslibrary/resources/derivatives/masters/B/B1787F44-830D-45A3-8C4F-4440C8EB49E7_4_5005_c.jpeg"
    ],
    "ultima_modificacion": "2025-08-01 01:01:17.650095"
  },
  "b2b6727d1382424c9b272ec796ebaf4d45005c.jpeg": {
    "app_sintetizada": "B2B6727D1382424C9B272EC796EBAF4D45005C.JPEG",
    "cantidad_archivos": 1,
    "archivos_fuente": [
      "Pictures/Fototeca de Fotos.photoslibrary/resources/derivatives/masters/B/B2B6727D-1382-424C-9B27-2EC796EBAF4D_4_5005_c.jpeg"
    ],
    "ultima_modificacion": "2025-08-01 01:01:17.650426"
  },
  "b4d6b3ace1394ac4b92061b357c82cbb45005c.jpeg": {
    "app_sintetizada": "B4D6B3ACE1394AC4B92061B357C82CBB45005C.JPEG",
    "cantidad_archivos": 1,
    "archivos_fuente": [
      "Pictures/Fototeca de Fotos.photoslibrary/resources/derivatives/masters/B/B4D6B3AC-E139-4AC4-B920-61B357C82CBB_4_5005_c.jpeg"
    ],
    "ultima_modificacion": "2025-08-01 01:01:17.650750"
  },
  "b2b6de7b70ab47cea1686edfe203079745005c.jpeg": {
    "app_sintetizada": "B2B6DE7B70AB47CEA1686EDFE203079745005C.JPEG",
    "cantidad_archivos": 1,
    "archivos_fuente": [
      "Pictures/Fototeca de Fotos.photoslibrary/resources/derivatives/masters/B/B2B6DE7B-70AB-47CE-A168-6EDFE2030797_4_5005_c.jpeg"
    ],
    "ultima_modificacion": "2025-08-01 01:01:17.651083"
  },
  "b81e040eb0274345bcf42fdb99f155f345005c.jpeg": {
    "app_sintetizada": "B81E040EB0274345BCF42FDB99F155F345005C.JPEG",
    "cantidad_archivos": 1,
    "archivos_fuente": [
      "Pictures/Fototeca de Fotos.photoslibrary/resources/derivatives/masters/B/B81E040E-B027-4345-BCF4-2FDB99F155F3_4_5005_c.jpeg"
    ],
    "ultima_modificacion": "2025-08-01 01:01:17.651402"
  },
  "b32f304f2c93475ab0b2c7fbe0e2a48945005c.jpeg": {
    "app_sintetizada": "B32F304F2C93475AB0B2C7FBE0E2A48945005C.JPEG",
    "cantidad_archivos": 1,
    "archivos_fuente": [
      "Pictures/Fototeca de Fotos.photoslibrary/resources/derivatives/masters/B/B32F304F-2C93-475A-B0B2-C7FBE0E2A489_4_5005_c.jpeg"
    ],
    "ultima_modificacion": "2025-08-01 01:01:17.651740"
  },
  "b2225e2fc3b34e2fb6d1ad8919a8e39245005c.jpeg": {
    "app_sintetizada": "B2225E2FC3B34E2FB6D1AD8919A8E39245005C.JPEG",
    "cantidad_archivos": 1,
    "archivos_fuente": [
      "Pictures/Fototeca de Fotos.photoslibrary/resources/derivatives/masters/B/B2225E2F-C3B3-4E2F-B6D1-AD8919A8E392_4_5005_c.jpeg"
    ],
    "ultima_modificacion": "2025-08-01 01:01:17.652087"
  },
  "b0aa9e9ca81148efb82ad9a2341b26c545005c.jpeg": {
    "app_sintetizada": "B0AA9E9CA81148EFB82AD9A2341B26C545005C.JPEG",
    "cantidad_archivos": 1,
    "archivos_fuente": [
      "Pictures/Fototeca de Fotos.photoslibrary/resources/derivatives/masters/B/B0AA9E9C-A811-48EF-B82A-D9A2341B26C5_4_5005_c.jpeg"
    ],
    "ultima_modificacion": "2025-08-01 01:01:17.652422"
  },
  "b0a6049b7847488191059b7be70980b045005c.jpeg": {
    "app_sintetizada": "B0A6049B7847488191059B7BE70980B045005C.JPEG",
    "cantidad_archivos": 1,
    "archivos_fuente": [
      "Pictures/Fototeca de Fotos.photoslibrary/resources/derivatives/masters/B/B0A6049B-7847-4881-9105-9B7BE70980B0_4_5005_c.jpeg"
    ],
    "ultima_modificacion": "2025-08-01 01:01:17.652751"
  },
  "be3b4dcf2dc24d0f8d92854a0ee73d1145005c.jpeg": {
    "app_sintetizada": "BE3B4DCF2DC24D0F8D92854A0EE73D1145005C.JPEG",
    "cantidad_archivos": 1,
    "archivos_fuente": [
      "Pictures/Fototeca de Fotos.photoslibrary/resources/derivatives/masters/B/BE3B4DCF-2DC2-4D0F-8D92-854A0EE73D11_4_5005_c.jpeg"
    ],
    "ultima_modificacion": "2025-08-01 01:01:17.653083"
  },
  "ba94d866b54644f5a74f5b04c2db7e4f45005c.jpeg": {
    "app_sintetizada": "BA94D866B54644F5A74F5B04C2DB7E4F45005C.JPEG",
    "cantidad_archivos": 1,
    "archivos_fuente": [
      "Pictures/Fototeca de Fotos.photoslibrary/resources/derivatives/masters/B/BA94D866-B546-44F5-A74F-5B04C2DB7E4F_4_5005_c.jpeg"
    ],
    "ultima_modificacion": "2025-08-01 01:01:17.653405"
  },
  "b7cb97062535404c93f631d8df87348845005c.jpeg": {
    "app_sintetizada": "B7CB97062535404C93F631D8DF87348845005C.JPEG",
    "cantidad_archivos": 1,
    "archivos_fuente": [
      "Pictures/Fototeca de Fotos.photoslibrary/resources/derivatives/masters/B/B7CB9706-2535-404C-93F6-31D8DF873488_4_5005_c.jpeg"
    ],
    "ultima_modificacion": "2025-08-01 01:01:17.653732"
  },
  "ba9fde7c1f4b47529806bfb66c4139fc45005c.jpeg": {
    "app_sintetizada": "BA9FDE7C1F4B47529806BFB66C4139FC45005C.JPEG",
    "cantidad_archivos": 1,
    "archivos_fuente": [
      "Pictures/Fototeca de Fotos.photoslibrary/resources/derivatives/masters/B/BA9FDE7C-1F4B-4752-9806-BFB66C4139FC_4_5005_c.jpeg"
    ],
    "ultima_modificacion": "2025-08-01 01:01:17.654075"
  },
  "ba69461690614580afcf35e0e5f4e99745005c.jpeg": {
    "app_sintetizada": "BA69461690614580AFCF35E0E5F4E99745005C.JPEG",
    "cantidad_archivos": 1,
    "archivos_fuente": [
      "Pictures/Fototeca de Fotos.photoslibrary/resources/derivatives/masters/B/BA694616-9061-4580-AFCF-35E0E5F4E997_4_5005_c.jpeg"
    ],
    "ultima_modificacion": "2025-08-01 01:01:17.654416"
  },
  "b92a48a528134807afcf706efc22102445005c.jpeg": {
    "app_sintetizada": "B92A48A528134807AFCF706EFC22102445005C.JPEG",
    "cantidad_archivos": 1,
    "archivos_fuente": [
      "Pictures/Fototeca de Fotos.photoslibrary/resources/derivatives/masters/B/B92A48A5-2813-4807-AFCF-706EFC221024_4_5005_c.jpeg"
    ],
    "ultima_modificacion": "2025-08-01 01:01:17.655558"
  },
  "b30cb01c05104101af96c92fe3bbc5a045005c.jpeg": {
    "app_sintetizada": "B30CB01C05104101AF96C92FE3BBC5A045005C.JPEG",
    "cantidad_archivos": 1,
    "archivos_fuente": [
      "Pictures/Fototeca de Fotos.photoslibrary/resources/derivatives/masters/B/B30CB01C-0510-4101-AF96-C92FE3BBC5A0_4_5005_c.jpeg"
    ],
    "ultima_modificacion": "2025-08-01 01:01:17.655903"
  },
  "b44fa5ab84334146ac16dee62bc8cac945005c.jpeg": {
    "app_sintetizada": "B44FA5AB84334146AC16DEE62BC8CAC945005C.JPEG",
    "cantidad_archivos": 1,
    "archivos_fuente": [
      "Pictures/Fototeca de Fotos.photoslibrary/resources/derivatives/masters/B/B44FA5AB-8433-4146-AC16-DEE62BC8CAC9_4_5005_c.jpeg"
    ],
    "ultima_modificacion": "2025-08-01 01:01:17.656235"
  },
  "b01f51ec0f524f83980b959775942ee245005c.jpeg": {
    "app_sintetizada": "B01F51EC0F524F83980B959775942EE245005C.JPEG",
    "cantidad_archivos": 1,
    "archivos_fuente": [
      "Pictures/Fototeca de Fotos.photoslibrary/resources/derivatives/masters/B/B01F51EC-0F52-4F83-980B-959775942EE2_4_5005_c.jpeg"
    ],
    "ultima_modificacion": "2025-08-01 01:01:17.656572"
  },
  "b061339726a64effbbdff8ca1674f91a45005c.jpeg": {
    "app_sintetizada": "B061339726A64EFFBBDFF8CA1674F91A45005C.JPEG",
    "cantidad_archivos": 1,
    "archivos_fuente": [
      "Pictures/Fototeca de Fotos.photoslibrary/resources/derivatives/masters/B/B0613397-26A6-4EFF-BBDF-F8CA1674F91A_4_5005_c.jpeg"
    ],
    "ultima_modificacion": "2025-08-01 01:01:17.656896"
  },
  "b779813b75da470a9dcf4fd904221be745005c.jpeg": {
    "app_sintetizada": "B779813B75DA470A9DCF4FD904221BE745005C.JPEG",
    "cantidad_archivos": 1,
    "archivos_fuente": [
      "Pictures/Fototeca de Fotos.photoslibrary/resources/derivatives/masters/B/B779813B-75DA-470A-9DCF-4FD904221BE7_4_5005_c.jpeg"
    ],
    "ultima_modificacion": "2025-08-01 01:01:17.657236"
  },
  "b6ef1d91e1404ad2827de4f2cdc8ad8545005c.jpeg": {
    "app_sintetizada": "B6EF1D91E1404AD2827DE4F2CDC8AD8545005C.JPEG",
    "cantidad_archivos": 1,
    "archivos_fuente": [
      "Pictures/Fototeca de Fotos.photoslibrary/resources/derivatives/masters/B/B6EF1D91-E140-4AD2-827D-E4F2CDC8AD85_4_5005_c.jpeg"
    ],
    "ultima_modificacion": "2025-08-01 01:01:17.657560"
  },
  "b3edad01d6e448f1a0e67bc144f7397945005c.jpeg": {
    "app_sintetizada": "B3EDAD01D6E448F1A0E67BC144F7397945005C.JPEG",
    "cantidad_archivos": 1,
    "archivos_fuente": [
      "Pictures/Fototeca de Fotos.photoslibrary/resources/derivatives/masters/B/B3EDAD01-D6E4-48F1-A0E6-7BC144F73979_4_5005_c.jpeg"
    ],
    "ultima_modificacion": "2025-08-01 01:01:17.657912"
  },
  "b2a22ea83ae5443d95b10511fb4b7fd945005c.jpeg": {
    "app_sintetizada": "B2A22EA83AE5443D95B10511FB4B7FD945005C.JPEG",
    "cantidad_archivos": 1,
    "archivos_fuente": [
      "Pictures/Fototeca de Fotos.photoslibrary/resources/derivatives/masters/B/B2A22EA8-3AE5-443D-95B1-0511FB4B7FD9_4_5005_c.jpeg"
    ],
    "ultima_modificacion": "2025-08-01 01:01:17.658232"
  },
  "bdc76b3cca15458ea271c8db4cf6da1a45005c.jpeg": {
    "app_sintetizada": "BDC76B3CCA15458EA271C8DB4CF6DA1A45005C.JPEG",
    "cantidad_archivos": 1,
    "archivos_fuente": [
      "Pictures/Fototeca de Fotos.photoslibrary/resources/derivatives/masters/B/BDC76B3C-CA15-458E-A271-C8DB4CF6DA1A_4_5005_c.jpeg"
    ],
    "ultima_modificacion": "2025-08-01 01:01:17.658568"
  },
  "b6f28a3609e3488eb076e110f9bb272545005c.jpeg": {
    "app_sintetizada": "B6F28A3609E3488EB076E110F9BB272545005C.JPEG",
    "cantidad_archivos": 1,
    "archivos_fuente": [
      "Pictures/Fototeca de Fotos.photoslibrary/resources/derivatives/masters/B/B6F28A36-09E3-488E-B076-E110F9BB2725_4_5005_c.jpeg"
    ],
    "ultima_modificacion": "2025-08-01 01:01:17.658891"
  }
}