{
  "5cc5d9c6db144565b57f2c20b28d22a945005c.jpeg": {
    "app_sintetizada": "5CC5D9C6DB144565B57F2C20B28D22A945005C.JPEG",
    "cantidad_archivos": 1,
    "archivos_fuente": [
      "Pictures/Fototeca de Fotos.photoslibrary/resources/derivatives/masters/5/5CC5D9C6-DB14-4565-B57F-2C20B28D22A9_4_5005_c.jpeg"
    ],
    "ultima_modificacion": "2025-08-01 01:01:20.258173"
  },
  "581e6fffab23431a8db18ef324ab315345005c.jpeg": {
    "app_sintetizada": "581E6FFFAB23431A8DB18EF324AB315345005C.JPEG",
    "cantidad_archivos": 1,
    "archivos_fuente": [
      "Pictures/Fototeca de Fotos.photoslibrary/resources/derivatives/masters/5/581E6FFF-AB23-431A-8DB1-8EF324AB3153_4_5005_c.jpeg"
    ],
    "ultima_modificacion": "2025-08-01 01:01:20.258471"
  },
  "561aa44c0cf8451796ab22dbdbe8132045005c.jpeg": {
    "app_sintetizada": "561AA44C0CF8451796AB22DBDBE8132045005C.JPEG",
    "cantidad_archivos": 1,
    "archivos_fuente": [
      "Pictures/Fototeca de Fotos.photoslibrary/resources/derivatives/masters/5/561AA44C-0CF8-4517-96AB-22DBDBE81320_4_5005_c.jpeg"
    ],
    "ultima_modificacion": "2025-08-01 01:01:20.258770"
  },
  "5d9abc9019944e53878b915750ce600d45005c.jpeg": {
    "app_sintetizada": "5D9ABC9019944E53878B915750CE600D45005C.JPEG",
    "cantidad_archivos": 1,
    "archivos_fuente": [
      "Pictures/Fototeca de Fotos.photoslibrary/resources/derivatives/masters/5/5D9ABC90-1994-4E53-878B-915750CE600D_4_5005_c.jpeg"
    ],
    "ultima_modificacion": "2025-08-01 01:01:20.259069"
  },
  "56da721c33f546d592b6ab560e1e42f245005c.jpeg": {
    "app_sintetizada": "56DA721C33F546D592B6AB560E1E42F245005C.JPEG",
    "cantidad_archivos": 1,
    "archivos_fuente": [
      "Pictures/Fototeca de Fotos.photoslibrary/resources/derivatives/masters/5/56DA721C-33F5-46D5-92B6-AB560E1E42F2_4_5005_c.jpeg"
    ],
    "ultima_modificacion": "2025-08-01 01:01:20.259357"
  },
  "55341ce562ef4a7786d9a968a877e6af45005c.jpeg": {
    "app_sintetizada": "55341CE562EF4A7786D9A968A877E6AF45005C.JPEG",
    "cantidad_archivos": 1,
    "archivos_fuente": [
      "Pictures/Fototeca de Fotos.photoslibrary/resources/derivatives/masters/5/55341CE5-62EF-4A77-86D9-A968A877E6AF_4_5005_c.jpeg"
    ],
    "ultima_modificacion": "2025-08-01 01:01:20.259648"
  },
  "517caabef75241ceb3a9dc023d492cec45005c.jpeg": {
    "app_sintetizada": "517CAABEF75241CEB3A9DC023D492CEC45005C.JPEG",
    "cantidad_archivos": 1,
    "archivos_fuente": [
      "Pictures/Fototeca de Fotos.photoslibrary/resources/derivatives/masters/5/517CAABE-F752-41CE-B3A9-DC023D492CEC_4_5005_c.jpeg"
    ],
    "ultima_modificacion": "2025-08-01 01:01:20.259951"
  },
  "5eaa3f5d637a4c9e9d0fa044586ffdcc45005c.jpeg": {
    "app_sintetizada": "5EAA3F5D637A4C9E9D0FA044586FFDCC45005C.JPEG",
    "cantidad_archivos": 1,
    "archivos_fuente": [
      "Pictures/Fototeca de Fotos.photoslibrary/resources/derivatives/masters/5/5EAA3F5D-637A-4C9E-9D0F-A044586FFDCC_4_5005_c.jpeg"
    ],
    "ultima_modificacion": "2025-08-01 01:01:20.260264"
  },
  "574d7905967e42bf8edb1bdc5c42a9c845005c.jpeg": {
    "app_sintetizada": "574D7905967E42BF8EDB1BDC5C42A9C845005C.JPEG",
    "cantidad_archivos": 1,
    "archivos_fuente": [
      "Pictures/Fototeca de Fotos.photoslibrary/resources/derivatives/masters/5/574D7905-967E-42BF-8EDB-1BDC5C42A9C8_4_5005_c.jpeg"
    ],
    "ultima_modificacion": "2025-08-01 01:01:20.260592"
  },
  "50596cd1627e4451a5a015c8709bd5b845005c.jpeg": {
    "app_sintetizada": "50596CD1627E4451A5A015C8709BD5B845005C.JPEG",
    "cantidad_archivos": 1,
    "archivos_fuente": [
      "Pictures/Fototeca de Fotos.photoslibrary/resources/derivatives/masters/5/50596CD1-627E-4451-A5A0-15C8709BD5B8_4_5005_c.jpeg"
    ],
    "ultima_modificacion": "2025-08-01 01:01:20.260916"
  },
  "5d63db6674694e75983c1ba34636c33545005c.jpeg": {
    "app_sintetizada": "5D63DB6674694E75983C1BA34636C33545005C.JPEG",
    "cantidad_archivos": 1,
    "archivos_fuente": [
      "Pictures/Fototeca de Fotos.photoslibrary/resources/derivatives/masters/5/5D63DB66-7469-4E75-983C-1BA34636C335_4_5005_c.jpeg"
    ],
    "ultima_modificacion": "2025-08-01 01:01:20.261197"
  },
  "534117bb97da4db894d5a1bc5753014845005c.jpeg": {
    "app_sintetizada": "534117BB97DA4DB894D5A1BC5753014845005C.JPEG",
    "cantidad_archivos": 1,
    "archivos_fuente": [
      "Pictures/Fototeca de Fotos.photoslibrary/resources/derivatives/masters/5/534117BB-97DA-4DB8-94D5-A1BC57530148_4_5005_c.jpeg"
    ],
    "ultima_modificacion": "2025-08-01 01:01:20.261481"
  },
  "50c14a3c41ba49188adfb9470346ead345005c.jpeg": {
    "app_sintetizada": "50C14A3C41BA49188ADFB9470346EAD345005C.JPEG",
    "cantidad_archivos": 1,
    "archivos_fuente": [
      "Pictures/Fototeca de Fotos.photoslibrary/resources/derivatives/masters/5/50C14A3C-41BA-4918-8ADF-B9470346EAD3_4_5005_c.jpeg"
    ],
    "ultima_modificacion": "2025-08-01 01:01:20.261737"
  },
  "5d58fdb2e3aa4e7ab7a9f86de835529545005c.jpeg": {
    "app_sintetizada": "5D58FDB2E3AA4E7AB7A9F86DE835529545005C.JPEG",
    "cantidad_archivos": 1,
    "archivos_fuente": [
      "Pictures/Fototeca de Fotos.photoslibrary/resources/derivatives/masters/5/5D58FDB2-E3AA-4E7A-B7A9-F86DE8355295_4_5005_c.jpeg"
    ],
    "ultima_modificacion": "2025-08-01 01:01:20.262008"
  },
  "5708aa1340514f33b829a14dff5ab5aa45005c.jpeg": {
    "app_sintetizada": "5708AA1340514F33B829A14DFF5AB5AA45005C.JPEG",
    "cantidad_archivos": 1,
    "archivos_fuente": [
      "Pictures/Fototeca de Fotos.photoslibrary/resources/derivatives/masters/5/5708AA13-4051-4F33-B829-A14DFF5AB5AA_4_5005_c.jpeg"
    ],
    "ultima_modificacion": "2025-08-01 01:01:20.262389"
  },
  "568f0ec1168a4d7ba00d53cd0ddc1d9945005c.jpeg": {
    "app_sintetizada": "568F0EC1168A4D7BA00D53CD0DDC1D9945005C.JPEG",
    "cantidad_archivos": 1,
    "archivos_fuente": [
      "Pictures/Fototeca de Fotos.photoslibrary/resources/derivatives/masters/5/568F0EC1-168A-4D7B-A00D-53CD0DDC1D99_4_5005_c.jpeg"
    ],
    "ultima_modificacion": "2025-08-01 01:01:20.262646"
  },
  "5f50b42c66d545a985927ad8a29a77c845005c.jpeg": {
    "app_sintetizada": "5F50B42C66D545A985927AD8A29A77C845005C.JPEG",
    "cantidad_archivos": 1,
    "archivos_fuente": [
      "Pictures/Fototeca de Fotos.photoslibrary/resources/derivatives/masters/5/5F50B42C-66D5-45A9-8592-7AD8A29A77C8_4_5005_c.jpeg"
    ],
    "ultima_modificacion": "2025-08-01 01:01:20.263050"
  },
  "54194341e1db4888aec8ecb7feca5f0045005c.jpeg": {
    "app_sintetizada": "54194341E1DB4888AEC8ECB7FECA5F0045005C.JPEG",
    "cantidad_archivos": 1,
    "archivos_fuente": [
      "Pictures/Fototeca de Fotos.photoslibrary/resources/derivatives/masters/5/54194341-E1DB-4888-AEC8-ECB7FECA5F00_4_5005_c.jpeg"
    ],
    "ultima_modificacion": "2025-08-01 01:01:20.263324"
  },
  "5ecd4bc4109e4deda223da3199c69be945005c.jpeg": {
    "app_sintetizada": "5ECD4BC4109E4DEDA223DA3199C69BE945005C.JPEG",
    "cantidad_archivos": 1,
    "archivos_fuente": [
      "Pictures/Fototeca de Fotos.photoslibrary/resources/derivatives/masters/5/5ECD4BC4-109E-4DED-A223-DA3199C69BE9_4_5005_c.jpeg"
    ],
    "ultima_modificacion": "2025-08-01 01:01:20.263550"
  },
  "51fac4ad00bb4ae3bcfa8aa13477cad145005c.jpeg": {
    "app_sintetizada": "51FAC4AD00BB4AE3BCFA8AA13477CAD145005C.JPEG",
    "cantidad_archivos": 1,
    "archivos_fuente": [
      "Pictures/Fototeca de Fotos.photoslibrary/resources/derivatives/masters/5/51FAC4AD-00BB-4AE3-BCFA-8AA13477CAD1_4_5005_c.jpeg"
    ],
    "ultima_modificacion": "2025-08-01 01:01:20.263769"
  },
  "5232a3f476ba4e1db7bf7d8fa69ea9a045005c.jpeg": {
    "app_sintetizada": "5232A3F476BA4E1DB7BF7D8FA69EA9A045005C.JPEG",
    "cantidad_archivos": 1,
    "archivos_fuente": [
      "Pictures/Fototeca de Fotos.photoslibrary/resources/derivatives/masters/5/5232A3F4-76BA-4E1D-B7BF-7D8FA69EA9A0_4_5005_c.jpeg"
    ],
    "ultima_modificacion": "2025-08-01 01:01:20.263976"
  },
  "55f625098474427c9593cfad7678d81c45005c.jpeg": {
    "app_sintetizada": "55F625098474427C9593CFAD7678D81C45005C.JPEG",
    "cantidad_archivos": 1,
    "archivos_fuente": [
      "Pictures/Fototeca de Fotos.photoslibrary/resources/derivatives/masters/5/55F62509-8474-427C-9593-CFAD7678D81C_4_5005_c.jpeg"
    ],
    "ultima_modificacion": "2025-08-01 01:01:20.264180"
  },
  "5675ab9ba4b74aafa23de9f239b46f3e45005c.jpeg": {
    "app_sintetizada": "5675AB9BA4B74AAFA23DE9F239B46F3E45005C.JPEG",
    "cantidad_archivos": 1,
    "archivos_fuente": [
      "Pictures/Fototeca de Fotos.photoslibrary/resources/derivatives/masters/5/5675AB9B-A4B7-4AAF-A23D-E9F239B46F3E_4_5005_c.jpeg"
    ],
    "ultima_modificacion": "2025-08-01 01:01:20.264377"
  },
  "552a7ff438a94c2abe9c8366a46c429d45005c.jpeg": {
    "app_sintetizada": "552A7FF438A94C2ABE9C8366A46C429D45005C.JPEG",
    "cantidad_archivos": 1,
    "archivos_fuente": [
      "Pictures/Fototeca de Fotos.photoslibrary/resources/derivatives/masters/5/552A7FF4-38A9-4C2A-BE9C-8366A46C429D_4_5005_c.jpeg"
    ],
    "ultima_modificacion": "2025-08-01 01:01:20.264572"
  },
  "5d68d8a615204cd4bb58db31764fdcc345005c.jpeg": {
    "app_sintetizada": "5D68D8A615204CD4BB58DB31764FDCC345005C.JPEG",
    "cantidad_archivos": 1,
    "archivos_fuente": [
      "Pictures/Fototeca de Fotos.photoslibrary/resources/derivatives/masters/5/5D68D8A6-1520-4CD4-BB58-DB31764FDCC3_4_5005_c.jpeg"
    ],
    "ultima_modificacion": "2025-08-01 01:01:20.264766"
  },
  "5126a3d355c04196b6a92a7d8f4ec84045005c.jpeg": {
    "app_sintetizada": "5126A3D355C04196B6A92A7D8F4EC84045005C.JPEG",
    "cantidad_archivos": 1,
    "archivos_fuente": [
      "Pictures/Fototeca de Fotos.photoslibrary/resources/derivatives/masters/5/5126A3D3-55C0-4196-B6A9-2A7D8F4EC840_4_5005_c.jpeg"
    ],
    "ultima_modificacion": "2025-08-01 01:01:20.264974"
  },
  "5e5be93450074365a47d3e76bda1c39045005c.jpeg": {
    "app_sintetizada": "5E5BE93450074365A47D3E76BDA1C39045005C.JPEG",
    "cantidad_archivos": 1,
    "archivos_fuente": [
      "Pictures/Fototeca de Fotos.photoslibrary/resources/derivatives/masters/5/5E5BE934-5007-4365-A47D-3E76BDA1C390_4_5005_c.jpeg"
    ],
    "ultima_modificacion": "2025-08-01 01:01:20.265168"
  },
  "5f559f7cacbc43f788b0451650cfe16f45005c.jpeg": {
    "app_sintetizada": "5F559F7CACBC43F788B0451650CFE16F45005C.JPEG",
    "cantidad_archivos": 1,
    "archivos_fuente": [
      "Pictures/Fototeca de Fotos.photoslibrary/resources/derivatives/masters/5/5F559F7C-ACBC-43F7-88B0-451650CFE16F_4_5005_c.jpeg"
    ],
    "ultima_modificacion": "2025-08-01 01:01:20.265392"
  },
  "51bfc7b85bed49c6a281fb9a7b13897945005c.jpeg": {
    "app_sintetizada": "51BFC7B85BED49C6A281FB9A7B13897945005C.JPEG",
    "cantidad_archivos": 1,
    "archivos_fuente": [
      "Pictures/Fototeca de Fotos.photoslibrary/resources/derivatives/masters/5/51BFC7B8-5BED-49C6-A281-FB9A7B138979_4_5005_c.jpeg"
    ],
    "ultima_modificacion": "2025-08-01 01:01:20.265597"
  },
  "522b96300e574470b9dede61349d0f7a45005c.jpeg": {
    "app_sintetizada": "522B96300E574470B9DEDE61349D0F7A45005C.JPEG",
    "cantidad_archivos": 1,
    "archivos_fuente": [
      "Pictures/Fototeca de Fotos.photoslibrary/resources/derivatives/masters/5/522B9630-0E57-4470-B9DE-DE61349D0F7A_4_5005_c.jpeg"
    ],
    "ultima_modificacion": "2025-08-01 01:01:20.265793"
  },
  "51454c2c60ed49dca2b8bcca0c78ebec45005c.jpeg": {
    "app_sintetizada": "51454C2C60ED49DCA2B8BCCA0C78EBEC45005C.JPEG",
    "cantidad_archivos": 1,
    "archivos_fuente": [
      "Pictures/Fototeca de Fotos.photoslibrary/resources/derivatives/masters/5/51454C2C-60ED-49DC-A2B8-BCCA0C78EBEC_4_5005_c.jpeg"
    ],
    "ultima_modificacion": "2025-08-01 01:01:20.265993"
  },
  "502c1bc2e50642ae8a7ac9240a96254045005c.jpeg": {
    "app_sintetizada": "502C1BC2E50642AE8A7AC9240A96254045005C.JPEG",
    "cantidad_archivos": 1,
    "archivos_fuente": [
      "Pictures/Fototeca de Fotos.photoslibrary/resources/derivatives/masters/5/502C1BC2-E506-42AE-8A7A-C9240A962540_4_5005_c.jpeg"
    ],
    "ultima_modificacion": "2025-08-01 01:01:20.266215"
  },
  "5c9c7343e687413cb699bb651d59d66e45005c.jpeg": {
    "app_sintetizada": "5C9C7343E687413CB699BB651D59D66E45005C.JPEG",
    "cantidad_archivos": 1,
    "archivos_fuente": [
      "Pictures/Fototeca de Fotos.photoslibrary/resources/derivatives/masters/5/5C9C7343-E687-413C-B699-BB651D59D66E_4_5005_c.jpeg"
    ],
    "ultima_modificacion": "2025-08-01 01:01:20.266473"
  },
  "59353b4520374f95a15b8e2bbde34ee245005c.jpeg": {
    "app_sintetizada": "59353B4520374F95A15B8E2BBDE34EE245005C.JPEG",
    "cantidad_archivos": 1,
    "archivos_fuente": [
      "Pictures/Fototeca de Fotos.photoslibrary/resources/derivatives/masters/5/59353B45-2037-4F95-A15B-8E2BBDE34EE2_4_5005_c.jpeg"
    ],
    "ultima_modificacion": "2025-08-01 01:01:20.266789"
  },
  "51b12679b7af4aea822d3b44ba69cafd45005c.jpeg": {
    "app_sintetizada": "51B12679B7AF4AEA822D3B44BA69CAFD45005C.JPEG",
    "cantidad_archivos": 1,
    "archivos_fuente": [
      "Pictures/Fototeca de Fotos.photoslibrary/resources/derivatives/masters/5/51B12679-B7AF-4AEA-822D-3B44BA69CAFD_4_5005_c.jpeg"
    ],
    "ultima_modificacion": "2025-08-01 01:01:20.267013"
  },
  "54d6c0b4a8d641bbab30b0f27578492c45005c.jpeg": {
    "app_sintetizada": "54D6C0B4A8D641BBAB30B0F27578492C45005C.JPEG",
    "cantidad_archivos": 1,
    "archivos_fuente": [
      "Pictures/Fototeca de Fotos.photoslibrary/resources/derivatives/masters/5/54D6C0B4-A8D6-41BB-AB30-B0F27578492C_4_5005_c.jpeg"
    ],
    "ultima_modificacion": "2025-08-01 01:01:20.267327"
  },
  "567cb7d91eff4852a85f31f52d31eedf45005c.jpeg": {
    "app_sintetizada": "567CB7D91EFF4852A85F31F52D31EEDF45005C.JPEG",
    "cantidad_archivos": 1,
    "archivos_fuente": [
      "Pictures/Fototeca de Fotos.photoslibrary/resources/derivatives/masters/5/567CB7D9-1EFF-4852-A85F-31F52D31EEDF_4_5005_c.jpeg"
    ],
    "ultima_modificacion": "2025-08-01 01:01:20.267686"
  },
  "5fae0a9b694141d2b7997cd9a4dd2dc345005c.jpeg": {
    "app_sintetizada": "5FAE0A9B694141D2B7997CD9A4DD2DC345005C.JPEG",
    "cantidad_archivos": 1,
    "archivos_fuente": [
      "Pictures/Fototeca de Fotos.photoslibrary/resources/derivatives/masters/5/5FAE0A9B-6941-41D2-B799-7CD9A4DD2DC3_4_5005_c.jpeg"
    ],
    "ultima_modificacion": "2025-08-01 01:01:20.268005"
  },
  "5febe4777f264560af273219582b56dd45005c.jpeg": {
    "app_sintetizada": "5FEBE4777F264560AF273219582B56DD45005C.JPEG",
    "cantidad_archivos": 1,
    "archivos_fuente": [
      "Pictures/Fototeca de Fotos.photoslibrary/resources/derivatives/masters/5/5FEBE477-7F26-4560-AF27-3219582B56DD_4_5005_c.jpeg"
    ],
    "ultima_modificacion": "2025-08-01 01:01:20.268338"
  },
  "52e953eeccbe45e589ff012f7010bb4a45005c.jpeg": {
    "app_sintetizada": "52E953EECCBE45E589FF012F7010BB4A45005C.JPEG",
    "cantidad_archivos": 1,
    "archivos_fuente": [
      "Pictures/Fototeca de Fotos.photoslibrary/resources/derivatives/masters/5/52E953EE-CCBE-45E5-89FF-012F7010BB4A_4_5005_c.jpeg"
    ],
    "ultima_modificacion": "2025-08-01 01:01:20.268679"
  },
  "52c36d7cd4f14b54a019b5cc4017a24b45005c.jpeg": {
    "app_sintetizada": "52C36D7CD4F14B54A019B5CC4017A24B45005C.JPEG",
    "cantidad_archivos": 1,
    "archivos_fuente": [
      "Pictures/Fototeca de Fotos.photoslibrary/resources/derivatives/masters/5/52C36D7C-D4F1-4B54-A019-B5CC4017A24B_4_5005_c.jpeg"
    ],
    "ultima_modificacion": "2025-08-01 01:01:20.269025"
  },
  "503e1e0949f84f3baffc2305f0d5ecba45005c.jpeg": {
    "app_sintetizada": "503E1E0949F84F3BAFFC2305F0D5ECBA45005C.JPEG",
    "cantidad_archivos": 1,
    "archivos_fuente": [
      "Pictures/Fototeca de Fotos.photoslibrary/resources/derivatives/masters/5/503E1E09-49F8-4F3B-AFFC-2305F0D5ECBA_4_5005_c.jpeg"
    ],
    "ultima_modificacion": "2025-08-01 01:01:20.269275"
  },
  "593fc0a5defc4500b19ad4ef67e0b97045005c.jpeg": {
    "app_sintetizada": "593FC0A5DEFC4500B19AD4EF67E0B97045005C.JPEG",
    "cantidad_archivos": 1,
    "archivos_fuente": [
      "Pictures/Fototeca de Fotos.photoslibrary/resources/derivatives/masters/5/593FC0A5-DEFC-4500-B19A-D4EF67E0B970_4_5005_c.jpeg"
    ],
    "ultima_modificacion": "2025-08-01 01:01:20.269521"
  },
  "5fb2f4f40f454be0a0acf6e589b563e045005c.jpeg": {
    "app_sintetizada": "5FB2F4F40F454BE0A0ACF6E589B563E045005C.JPEG",
    "cantidad_archivos": 1,
    "archivos_fuente": [
      "Pictures/Fototeca de Fotos.photoslibrary/resources/derivatives/masters/5/5FB2F4F4-0F45-4BE0-A0AC-F6E589B563E0_4_5005_c.jpeg"
    ],
    "ultima_modificacion": "2025-08-01 01:01:20.269774"
  },
  "59cf6cf153074acebc0a3979817c5d0545005c.jpeg": {
    "app_sintetizada": "59CF6CF153074ACEBC0A3979817C5D0545005C.JPEG",
    "cantidad_archivos": 1,
    "archivos_fuente": [
      "Pictures/Fototeca de Fotos.photoslibrary/resources/derivatives/masters/5/59CF6CF1-5307-4ACE-BC0A-3979817C5D05_4_5005_c.jpeg"
    ],
    "ultima_modificacion": "2025-08-01 01:01:20.270035"
  },
  "581b445b69254c5dae44a527dcfbb97e45005c.jpeg": {
    "app_sintetizada": "581B445B69254C5DAE44A527DCFBB97E45005C.JPEG",
    "cantidad_archivos": 1,
    "archivos_fuente": [
      "Pictures/Fototeca de Fotos.photoslibrary/resources/derivatives/masters/5/581B445B-6925-4C5D-AE44-A527DCFBB97E_4_5005_c.jpeg"
    ],
    "ultima_modificacion": "2025-08-01 01:01:20.270293"
  },
  "54cb9241388e4c6fab8f25d0ad941f4d45005c.jpeg": {
    "app_sintetizada": "54CB9241388E4C6FAB8F25D0AD941F4D45005C.JPEG",
    "cantidad_archivos": 1,
    "archivos_fuente": [
      "Pictures/Fototeca de Fotos.photoslibrary/resources/derivatives/masters/5/54CB9241-388E-4C6F-AB8F-25D0AD941F4D_4_5005_c.jpeg"
    ],
    "ultima_modificacion": "2025-08-01 01:01:20.270543"
  },
  "5c16241656c14ee0a6a0c1a71d56e79345005c.jpeg": {
    "app_sintetizada": "5C16241656C14EE0A6A0C1A71D56E79345005C.JPEG",
    "cantidad_archivos": 1,
    "archivos_fuente": [
      "Pictures/Fototeca de Fotos.photoslibrary/resources/derivatives/masters/5/5C162416-56C1-4EE0-A6A0-C1A71D56E793_4_5005_c.jpeg"
    ],
    "ultima_modificacion": "2025-08-01 01:01:20.270799"
  },
  "5e8f23da5099465e8125ab32b90c912d45005c.jpeg": {
    "app_sintetizada": "5E8F23DA5099465E8125AB32B90C912D45005C.JPEG",
    "cantidad_archivos": 1,
    "archivos_fuente": [
      "Pictures/Fototeca de Fotos.photoslibrary/resources/derivatives/masters/5/5E8F23DA-5099-465E-8125-AB32B90C912D_4_5005_c.jpeg"
    ],
    "ultima_modificacion": "2025-08-01 01:01:20.271065"
  },
  "553f148ad33549d497a4b243329b3b5245005c.jpeg": {
    "app_sintetizada": "553F148AD33549D497A4B243329B3B5245005C.JPEG",
    "cantidad_archivos": 1,
    "archivos_fuente": [
      "Pictures/Fototeca de Fotos.photoslibrary/resources/derivatives/masters/5/553F148A-D335-49D4-97A4-B243329B3B52_4_5005_c.jpeg"
    ],
    "ultima_modificacion": "2025-08-01 01:01:20.271333"
  },
  "53c072f87c724a8f8237bde6ecea02d545005c.jpeg": {
    "app_sintetizada": "53C072F87C724A8F8237BDE6ECEA02D545005C.JPEG",
    "cantidad_archivos": 1,
    "archivos_fuente": [
      "Pictures/Fototeca de Fotos.photoslibrary/resources/derivatives/masters/5/53C072F8-7C72-4A8F-8237-BDE6ECEA02D5_4_5005_c.jpeg"
    ],
    "ultima_modificacion": "2025-08-01 01:01:20.271682"
  },
  "5a903608605848dbb45548def149cec945005c.jpeg": {
    "app_sintetizada": "5A903608605848DBB45548DEF149CEC945005C.JPEG",
    "cantidad_archivos": 1,
    "archivos_fuente": [
      "Pictures/Fototeca de Fotos.photoslibrary/resources/derivatives/masters/5/5A903608-6058-48DB-B455-48DEF149CEC9_4_5005_c.jpeg"
    ],
    "ultima_modificacion": "2025-08-01 01:01:20.271915"
  },
  "50d80638eb004d648a6526e06a92231d45005c.jpeg": {
    "app_sintetizada": "50D80638EB004D648A6526E06A92231D45005C.JPEG",
    "cantidad_archivos": 1,
    "archivos_fuente": [
      "Pictures/Fototeca de Fotos.photoslibrary/resources/derivatives/masters/5/50D80638-EB00-4D64-8A65-26E06A92231D_4_5005_c.jpeg"
    ],
    "ultima_modificacion": "2025-08-01 01:01:20.272123"
  },
  "5d3054a76dbb478daaab986ce164742945005c.jpeg": {
    "app_sintetizada": "5D3054A76DBB478DAAAB986CE164742945005C.JPEG",
    "cantidad_archivos": 1,
    "archivos_fuente": [
      "Pictures/Fototeca de Fotos.photoslibrary/resources/derivatives/masters/5/5D3054A7-6DBB-478D-AAAB-986CE1647429_4_5005_c.jpeg"
    ],
    "ultima_modificacion": "2025-08-01 01:01:20.272379"
  },
  "5d8782179aeb405ea2ec29cb1e02ff8945005c.jpeg": {
    "app_sintetizada": "5D8782179AEB405EA2EC29CB1E02FF8945005C.JPEG",
    "cantidad_archivos": 1,
    "archivos_fuente": [
      "Pictures/Fototeca de Fotos.photoslibrary/resources/derivatives/masters/5/5D878217-9AEB-405E-A2EC-29CB1E02FF89_4_5005_c.jpeg"
    ],
    "ultima_modificacion": "2025-08-01 01:01:20.272711"
  },
  "5545e73e20a24a2a885bde6eb73405cc45005c.jpeg": {
    "app_sintetizada": "5545E73E20A24A2A885BDE6EB73405CC45005C.JPEG",
    "cantidad_archivos": 1,
    "archivos_fuente": [
      "Pictures/Fototeca de Fotos.photoslibrary/resources/derivatives/masters/5/5545E73E-20A2-4A2A-885B-DE6EB73405CC_4_5005_c.jpeg"
    ],
    "ultima_modificacion": "2025-08-01 01:01:20.272968"
  },
  "56e918e0b6bc429c8ec4a18df3440c8345005c.jpeg": {
    "app_sintetizada": "56E918E0B6BC429C8EC4A18DF3440C8345005C.JPEG",
    "cantidad_archivos": 1,
    "archivos_fuente": [
      "Pictures/Fototeca de Fotos.photoslibrary/resources/derivatives/masters/5/56E918E0-B6BC-429C-8EC4-A18DF3440C83_4_5005_c.jpeg"
    ],
    "ultima_modificacion": "2025-08-01 01:01:20.273182"
  },
  "51bdb32ce01546e1a43fdb653ea5b26745005c.jpeg": {
    "app_sintetizada": "51BDB32CE01546E1A43FDB653EA5B26745005C.JPEG",
    "cantidad_archivos": 1,
    "archivos_fuente": [
      "Pictures/Fototeca de Fotos.photoslibrary/resources/derivatives/masters/5/51BDB32C-E015-46E1-A43F-DB653EA5B267_4_5005_c.jpeg"
    ],
    "ultima_modificacion": "2025-08-01 01:01:20.273391"
  },
  "5a251c49575a459c81d186832a2a2dd845005c.jpeg": {
    "app_sintetizada": "5A251C49575A459C81D186832A2A2DD845005C.JPEG",
    "cantidad_archivos": 1,
    "archivos_fuente": [
      "Pictures/Fototeca de Fotos.photoslibrary/resources/derivatives/masters/5/5A251C49-575A-459C-81D1-86832A2A2DD8_4_5005_c.jpeg"
    ],
    "ultima_modificacion": "2025-08-01 01:01:20.273587"
  },
  "56790c0067da4bf197d0a897226a5dc045005c.jpeg": {
    "app_sintetizada": "56790C0067DA4BF197D0A897226A5DC045005C.JPEG",
    "cantidad_archivos": 1,
    "archivos_fuente": [
      "Pictures/Fototeca de Fotos.photoslibrary/resources/derivatives/masters/5/56790C00-67DA-4BF1-97D0-A897226A5DC0_4_5005_c.jpeg"
    ],
    "ultima_modificacion": "2025-08-01 01:01:20.273785"
  },
  "52a550be545b4c9c8a1eda6d8e25347e45005c.jpeg": {
    "app_sintetizada": "52A550BE545B4C9C8A1EDA6D8E25347E45005C.JPEG",
    "cantidad_archivos": 1,
    "archivos_fuente": [
      "Pictures/Fototeca de Fotos.photoslibrary/resources/derivatives/masters/5/52A550BE-545B-4C9C-8A1E-DA6D8E25347E_4_5005_c.jpeg"
    ],
    "ultima_modificacion": "2025-08-01 01:01:20.273980"
  },
  "52a36f48be5247dcbb5a53c3172c799645005c.jpeg": {
    "app_sintetizada": "52A36F48BE5247DCBB5A53C3172C799645005C.JPEG",
    "cantidad_archivos": 1,
    "archivos_fuente": [
      "Pictures/Fototeca de Fotos.photoslibrary/resources/derivatives/masters/5/52A36F48-BE52-47DC-BB5A-53C3172C7996_4_5005_c.jpeg"
    ],
    "ultima_modificacion": "2025-08-01 01:01:20.274169"
  },
  "5b18fb6a59c941399be205d2cbccd80045005c.jpeg": {
    "app_sintetizada": "5B18FB6A59C941399BE205D2CBCCD80045005C.JPEG",
    "cantidad_archivos": 1,
    "archivos_fuente": [
      "Pictures/Fototeca de Fotos.photoslibrary/resources/derivatives/masters/5/5B18FB6A-59C9-4139-9BE2-05D2CBCCD800_4_5005_c.jpeg"
    ],
    "ultima_modificacion": "2025-08-01 01:01:20.274376"
  },
  "532f1d5afe074bf3981ca3ce42037fe145005c.jpeg": {
    "app_sintetizada": "532F1D5AFE074BF3981CA3CE42037FE145005C.JPEG",
    "cantidad_archivos": 1,
    "archivos_fuente": [
      "Pictures/Fototeca de Fotos.photoslibrary/resources/derivatives/masters/5/532F1D5A-FE07-4BF3-981C-A3CE42037FE1_4_5005_c.jpeg"
    ],
    "ultima_modificacion": "2025-08-01 01:01:20.274568"
  },
  "52fcf3ae14cd49a7ad0a903f3427d6b445005c.jpeg": {
    "app_sintetizada": "52FCF3AE14CD49A7AD0A903F3427D6B445005C.JPEG",
    "cantidad_archivos": 1,
    "archivos_fuente": [
      "Pictures/Fototeca de Fotos.photoslibrary/resources/derivatives/masters/5/52FCF3AE-14CD-49A7-AD0A-903F3427D6B4_4_5005_c.jpeg"
    ],
    "ultima_modificacion": "2025-08-01 01:01:20.274756"
  },
  "529dc8e251b044a989a0236be9bbd26f45005c.jpeg": {
    "app_sintetizada": "529DC8E251B044A989A0236BE9BBD26F45005C.JPEG",
    "cantidad_archivos": 1,
    "archivos_fuente": [
      "Pictures/Fototeca de Fotos.photoslibrary/resources/derivatives/masters/5/529DC8E2-51B0-44A9-89A0-236BE9BBD26F_4_5005_c.jpeg"
    ],
    "ultima_modificacion": "2025-08-01 01:01:20.274960"
  },
  "57302473c596425d8f25c6ed3b6d902545005c.jpeg": {
    "app_sintetizada": "57302473C596425D8F25C6ED3B6D902545005C.JPEG",
    "cantidad_archivos": 1,
    "archivos_fuente": [
      "Pictures/Fototeca de Fotos.photoslibrary/resources/derivatives/masters/5/57302473-C596-425D-8F25-C6ED3B6D9025_4_5005_c.jpeg"
    ],
    "ultima_modificacion": "2025-08-01 01:01:20.275144"
  },
  "51ed371d99434cbd918c7fda88d898c545005c.jpeg": {
    "app_sintetizada": "51ED371D99434CBD918C7FDA88D898C545005C.JPEG",
    "cantidad_archivos": 1,
    "archivos_fuente": [
      "Pictures/Fototeca de Fotos.photoslibrary/resources/derivatives/masters/5/51ED371D-9943-4CBD-918C-7FDA88D898C5_4_5005_c.jpeg"
    ],
    "ultima_modificacion": "2025-08-01 01:01:20.275337"
  },
  "5453122a12f44727b2f015cf8d473b4b45005c.jpeg": {
    "app_sintetizada": "5453122A12F44727B2F015CF8D473B4B45005C.JPEG",
    "cantidad_archivos": 1,
    "archivos_fuente": [
      "Pictures/Fototeca de Fotos.photoslibrary/resources/derivatives/masters/5/5453122A-12F4-4727-B2F0-15CF8D473B4B_4_5005_c.jpeg"
    ],
    "ultima_modificacion": "2025-08-01 01:01:20.275526"
  },
  "5ed443eedb0f4b4792728a88f316298745005c.jpeg": {
    "app_sintetizada": "5ED443EEDB0F4B4792728A88F316298745005C.JPEG",
    "cantidad_archivos": 1,
    "archivos_fuente": [
      "Pictures/Fototeca de Fotos.photoslibrary/resources/derivatives/masters/5/5ED443EE-DB0F-4B47-9272-8A88F3162987_4_5005_c.jpeg"
    ],
    "ultima_modificacion": "2025-08-01 01:01:20.275722"
  },
  "530aa375384e4669ab6dc6027422609545005c.jpeg": {
    "app_sintetizada": "530AA375384E4669AB6DC6027422609545005C.JPEG",
    "cantidad_archivos": 1,
    "archivos_fuente": [
      "Pictures/Fototeca de Fotos.photoslibrary/resources/derivatives/masters/5/530AA375-384E-4669-AB6D-C60274226095_4_5005_c.jpeg"
    ],
    "ultima_modificacion": "2025-08-01 01:01:20.275950"
  },
  "581021e9791c42f99e6af0ff53191cb745005c.jpeg": {
    "app_sintetizada": "581021E9791C42F99E6AF0FF53191CB745005C.JPEG",
    "cantidad_archivos": 1,
    "archivos_fuente": [
      "Pictures/Fototeca de Fotos.photoslibrary/resources/derivatives/masters/5/581021E9-791C-42F9-9E6A-F0FF53191CB7_4_5005_c.jpeg"
    ],
    "ultima_modificacion": "2025-08-01 01:01:20.276353"
  },
  "5f42bcad26c84c4a8a353ae2438848e945005c.jpeg": {
    "app_sintetizada": "5F42BCAD26C84C4A8A353AE2438848E945005C.JPEG",
    "cantidad_archivos": 1,
    "archivos_fuente": [
      "Pictures/Fototeca de Fotos.photoslibrary/resources/derivatives/masters/5/5F42BCAD-26C8-4C4A-8A35-3AE2438848E9_4_5005_c.jpeg"
    ],
    "ultima_modificacion": "2025-08-01 01:01:20.276635"
  },
  "5443784aec66480e913239c492045fb945005c.jpeg": {
    "app_sintetizada": "5443784AEC66480E913239C492045FB945005C.JPEG",
    "cantidad_archivos": 1,
    "archivos_fuente": [
      "Pictures/Fototeca de Fotos.photoslibrary/resources/derivatives/masters/5/5443784A-EC66-480E-9132-39C492045FB9_4_5005_c.jpeg"
    ],
    "ultima_modificacion": "2025-08-01 01:01:20.277068"
  },
  "57679d71929b4f0cab5ea9e938f3cc1f45005c.jpeg": {
    "app_sintetizada": "57679D71929B4F0CAB5EA9E938F3CC1F45005C.JPEG",
    "cantidad_archivos": 1,
    "archivos_fuente": [
      "Pictures/Fototeca de Fotos.photoslibrary/resources/derivatives/masters/5/57679D71-929B-4F0C-AB5E-A9E938F3CC1F_4_5005_c.jpeg"
    ],
    "ultima_modificacion": "2025-08-01 01:01:20.277339"
  },
  "5b35fb4dbbf2442890bde3c5e94f56ca45005c.jpeg": {
    "app_sintetizada": "5B35FB4DBBF2442890BDE3C5E94F56CA45005C.JPEG",
    "cantidad_archivos": 1,
    "archivos_fuente": [
      "Pictures/Fototeca de Fotos.photoslibrary/resources/derivatives/masters/5/5B35FB4D-BBF2-4428-90BD-E3C5E94F56CA_4_5005_c.jpeg"
    ],
    "ultima_modificacion": "2025-08-01 01:01:20.277587"
  },
  "5823b1095d6f4d358df621225553024f45005c.jpeg": {
    "app_sintetizada": "5823B1095D6F4D358DF621225553024F45005C.JPEG",
    "cantidad_archivos": 1,
    "archivos_fuente": [
      "Pictures/Fototeca de Fotos.photoslibrary/resources/derivatives/masters/5/5823B109-5D6F-4D35-8DF6-21225553024F_4_5005_c.jpeg"
    ],
    "ultima_modificacion": "2025-08-01 01:01:20.277924"
  },
  "567cdb258021486a8597cff6c01c75e345005c.jpeg": {
    "app_sintetizada": "567CDB258021486A8597CFF6C01C75E345005C.JPEG",
    "cantidad_archivos": 1,
    "archivos_fuente": [
      "Pictures/Fototeca de Fotos.photoslibrary/resources/derivatives/masters/5/567CDB25-8021-486A-8597-CFF6C01C75E3_4_5005_c.jpeg"
    ],
    "ultima_modificacion": "2025-08-01 01:01:20.278206"
  },
  "5a88a713f23d421a9ddb463e371d30a745005c.jpeg": {
    "app_sintetizada": "5A88A713F23D421A9DDB463E371D30A745005C.JPEG",
    "cantidad_archivos": 1,
    "archivos_fuente": [
      "Pictures/Fototeca de Fotos.photoslibrary/resources/derivatives/masters/5/5A88A713-F23D-421A-9DDB-463E371D30A7_4_5005_c.jpeg"
    ],
    "ultima_modificacion": "2025-08-01 01:01:20.278447"
  },
  "5014a1603a07403eb3ddab626bcdf18f45005c.jpeg": {
    "app_sintetizada": "5014A1603A07403EB3DDAB626BCDF18F45005C.JPEG",
    "cantidad_archivos": 1,
    "archivos_fuente": [
      "Pictures/Fototeca de Fotos.photoslibrary/resources/derivatives/masters/5/5014A160-3A07-403E-B3DD-AB626BCDF18F_4_5005_c.jpeg"
    ],
    "ultima_modificacion": "2025-08-01 01:01:20.278686"
  },
  "586554903595423cb90de76b72da571145005c.jpeg": {
    "app_sintetizada": "586554903595423CB90DE76B72DA571145005C.JPEG",
    "cantidad_archivos": 1,
    "archivos_fuente": [
      "Pictures/Fototeca de Fotos.photoslibrary/resources/derivatives/masters/5/58655490-3595-423C-B90D-E76B72DA5711_4_5005_c.jpeg"
    ],
    "ultima_modificacion": "2025-08-01 01:01:20.278938"
  },
  "58c634b62e3a42698e9659fb754b8bf145005c.jpeg": {
    "app_sintetizada": "58C634B62E3A42698E9659FB754B8BF145005C.JPEG",
    "cantidad_archivos": 1,
    "archivos_fuente": [
      "Pictures/Fototeca de Fotos.photoslibrary/resources/derivatives/masters/5/58C634B6-2E3A-4269-8E96-59FB754B8BF1_4_5005_c.jpeg"
    ],
    "ultima_modificacion": "2025-08-01 01:01:20.279235"
  },
  "5b764612f0b143be983fb07517140e0345005c.jpeg": {
    "app_sintetizada": "5B764612F0B143BE983FB07517140E0345005C.JPEG",
    "cantidad_archivos": 1,
    "archivos_fuente": [
      "Pictures/Fototeca de Fotos.photoslibrary/resources/derivatives/masters/5/5B764612-F0B1-43BE-983F-B07517140E03_4_5005_c.jpeg"
    ],
    "ultima_modificacion": "2025-08-01 01:01:20.279457"
  },
  "5a98e9f613f542778b95a0340fe64a3645005c.jpeg": {
    "app_sintetizada": "5A98E9F613F542778B95A0340FE64A3645005C.JPEG",
    "cantidad_archivos": 1,
    "archivos_fuente": [
      "Pictures/Fototeca de Fotos.photoslibrary/resources/derivatives/masters/5/5A98E9F6-13F5-4277-8B95-A0340FE64A36_4_5005_c.jpeg"
    ],
    "ultima_modificacion": "2025-08-01 01:01:20.279678"
  },
  "54c21c9fd671462d95de90465df9387c45005c.jpeg": {
    "app_sintetizada": "54C21C9FD671462D95DE90465DF9387C45005C.JPEG",
    "cantidad_archivos": 1,
    "archivos_fuente": [
      "Pictures/Fototeca de Fotos.photoslibrary/resources/derivatives/masters/5/54C21C9F-D671-462D-95DE-90465DF9387C_4_5005_c.jpeg"
    ],
    "ultima_modificacion": "2025-08-01 01:01:20.279879"
  },
  "56c5ce3b21334a35b3c48ec3de6e7c7345005c.jpeg": {
    "app_sintetizada": "56C5CE3B21334A35B3C48EC3DE6E7C7345005C.JPEG",
    "cantidad_archivos": 1,
    "archivos_fuente": [
      "Pictures/Fototeca de Fotos.photoslibrary/resources/derivatives/masters/5/56C5CE3B-2133-4A35-B3C4-8EC3DE6E7C73_4_5005_c.jpeg"
    ],
    "ultima_modificacion": "2025-08-01 01:01:20.280070"
  },
  "5d2ffca51bd74bb294dcd642f9d25eb945005c.jpeg": {
    "app_sintetizada": "5D2FFCA51BD74BB294DCD642F9D25EB945005C.JPEG",
    "cantidad_archivos": 1,
    "archivos_fuente": [
      "Pictures/Fototeca de Fotos.photoslibrary/resources/derivatives/masters/5/5D2FFCA5-1BD7-4BB2-94DC-D642F9D25EB9_4_5005_c.jpeg"
    ],
    "ultima_modificacion": "2025-08-01 01:01:20.280258"
  },
  "59739f33afc84c269c90ef156b350e8c45005c.jpeg": {
    "app_sintetizada": "59739F33AFC84C269C90EF156B350E8C45005C.JPEG",
    "cantidad_archivos": 1,
    "archivos_fuente": [
      "Pictures/Fototeca de Fotos.photoslibrary/resources/derivatives/masters/5/59739F33-AFC8-4C26-9C90-EF156B350E8C_4_5005_c.jpeg"
    ],
    "ultima_modificacion": "2025-08-01 01:01:20.280453"
  },
  "5d8c287d79c64a3ba9c490e95ad6843445005c.jpeg": {
    "app_sintetizada": "5D8C287D79C64A3BA9C490E95AD6843445005C.JPEG",
    "cantidad_archivos": 1,
    "archivos_fuente": [
      "Pictures/Fototeca de Fotos.photoslibrary/resources/derivatives/masters/5/5D8C287D-79C6-4A3B-A9C4-90E95AD68434_4_5005_c.jpeg"
    ],
    "ultima_modificacion": "2025-08-01 01:01:20.280659"
  },
  "5687953c107c411c9759486fc3a1fe5245005c.jpeg": {
    "app_sintetizada": "5687953C107C411C9759486FC3A1FE5245005C.JPEG",
    "cantidad_archivos": 1,
    "archivos_fuente": [
      "Pictures/Fototeca de Fotos.photoslibrary/resources/derivatives/masters/5/5687953C-107C-411C-9759-486FC3A1FE52_4_5005_c.jpeg"
    ],
    "ultima_modificacion": "2025-08-01 01:01:20.280838"
  },
  "5355d27e2fec4f1fb73ad84bd87fbbb545005c.jpeg": {
    "app_sintetizada": "5355D27E2FEC4F1FB73AD84BD87FBBB545005C.JPEG",
    "cantidad_archivos": 1,
    "archivos_fuente": [
      "Pictures/Fototeca de Fotos.photoslibrary/resources/derivatives/masters/5/5355D27E-2FEC-4F1F-B73A-D84BD87FBBB5_4_5005_c.jpeg"
    ],
    "ultima_modificacion": "2025-08-01 01:01:20.281014"
  },
  "57dd10fecacc4ea1b4f20f34c33f10b745005c.jpeg": {
    "app_sintetizada": "57DD10FECACC4EA1B4F20F34C33F10B745005C.JPEG",
    "cantidad_archivos": 1,
    "archivos_fuente": [
      "Pictures/Fototeca de Fotos.photoslibrary/resources/derivatives/masters/5/57DD10FE-CACC-4EA1-B4F2-0F34C33F10B7_4_5005_c.jpeg"
    ],
    "ultima_modificacion": "2025-08-01 01:01:20.281183"
  },
  "50b09e5bd2114ce7912a6995f22aaab245005c.jpeg": {
    "app_sintetizada": "50B09E5BD2114CE7912A6995F22AAAB245005C.JPEG",
    "cantidad_archivos": 1,
    "archivos_fuente": [
      "Pictures/Fototeca de Fotos.photoslibrary/resources/derivatives/masters/5/50B09E5B-D211-4CE7-912A-6995F22AAAB2_4_5005_c.jpeg"
    ],
    "ultima_modificacion": "2025-08-01 01:01:20.281373"
  },
  "56d67b16927b4197b874ba144406214a45005c.jpeg": {
    "app_sintetizada": "56D67B16927B4197B874BA144406214A45005C.JPEG",
    "cantidad_archivos": 1,
    "archivos_fuente": [
      "Pictures/Fototeca de Fotos.photoslibrary/resources/derivatives/masters/5/56D67B16-927B-4197-B874-BA144406214A_4_5005_c.jpeg"
    ],
    "ultima_modificacion": "2025-08-01 01:01:20.281583"
  },
  "5f61c38d49c842279f0438a228b7125745005c.jpeg": {
    "app_sintetizada": "5F61C38D49C842279F0438A228B7125745005C.JPEG",
    "cantidad_archivos": 1,
    "archivos_fuente": [
      "Pictures/Fototeca de Fotos.photoslibrary/resources/derivatives/masters/5/5F61C38D-49C8-4227-9F04-38A228B71257_4_5005_c.jpeg"
    ],
    "ultima_modificacion": "2025-08-01 01:01:20.281910"
  },
  "54ef9dd7031b473ab56dc6e4a1482dab45005c.jpeg": {
    "app_sintetizada": "54EF9DD7031B473AB56DC6E4A1482DAB45005C.JPEG",
    "cantidad_archivos": 1,
    "archivos_fuente": [
      "Pictures/Fototeca de Fotos.photoslibrary/resources/derivatives/masters/5/54EF9DD7-031B-473A-B56D-C6E4A1482DAB_4_5005_c.jpeg"
    ],
    "ultima_modificacion": "2025-08-01 01:01:20.282162"
  },
  "5c8c43660b9b43a1aa7380dfa11b361245005c.jpeg": {
    "app_sintetizada": "5C8C43660B9B43A1AA7380DFA11B361245005C.JPEG",
    "cantidad_archivos": 1,
    "archivos_fuente": [
      "Pictures/Fototeca de Fotos.photoslibrary/resources/derivatives/masters/5/5C8C4366-0B9B-43A1-AA73-80DFA11B3612_4_5005_c.jpeg"
    ],
    "ultima_modificacion": "2025-08-01 01:01:20.282393"
  },
  "556e5f1622964077b30c9a1d65392aad45005c.jpeg": {
    "app_sintetizada": "556E5F1622964077B30C9A1D65392AAD45005C.JPEG",
    "cantidad_archivos": 1,
    "archivos_fuente": [
      "Pictures/Fototeca de Fotos.photoslibrary/resources/derivatives/masters/5/556E5F16-2296-4077-B30C-9A1D65392AAD_4_5005_c.jpeg"
    ],
    "ultima_modificacion": "2025-08-01 01:01:20.282625"
  },
  "54a55721eb584ab48a4d82ebd3947f9d45005c.jpeg": {
    "app_sintetizada": "54A55721EB584AB48A4D82EBD3947F9D45005C.JPEG",
    "cantidad_archivos": 1,
    "archivos_fuente": [
      "Pictures/Fototeca de Fotos.photoslibrary/resources/derivatives/masters/5/54A55721-EB58-4AB4-8A4D-82EBD3947F9D_4_5005_c.jpeg"
    ],
    "ultima_modificacion": "2025-08-01 01:01:20.282854"
  },
  "5f5a5286156f40298c27fdd74301b59b45005c.jpeg": {
    "app_sintetizada": "5F5A5286156F40298C27FDD74301B59B45005C.JPEG",
    "cantidad_archivos": 1,
    "archivos_fuente": [
      "Pictures/Fototeca de Fotos.photoslibrary/resources/derivatives/masters/5/5F5A5286-156F-4029-8C27-FDD74301B59B_4_5005_c.jpeg"
    ],
    "ultima_modificacion": "2025-08-01 01:01:20.283168"
  }
}