{
  "188fde1c62d64ec881f253d1eb793ec845005c.jpeg": {
    "app_sintetizada": "188FDE1C62D64EC881F253D1EB793EC845005C.JPEG",
    "cantidad_archivos": 1,
    "archivos_fuente": [
      "Pictures/Fototeca de Fotos.photoslibrary/resources/derivatives/masters/1/188FDE1C-62D6-4EC8-81F2-53D1EB793EC8_4_5005_c.jpeg"
    ],
    "ultima_modificacion": "2025-08-01 01:01:09.891462"
  },
  "1daff02218664fe5ad9d968713ba109e45005c.jpeg": {
    "app_sintetizada": "1DAFF02218664FE5AD9D968713BA109E45005C.JPEG",
    "cantidad_archivos": 1,
    "archivos_fuente": [
      "Pictures/Fototeca de Fotos.photoslibrary/resources/derivatives/masters/1/1DAFF022-1866-4FE5-AD9D-968713BA109E_4_5005_c.jpeg"
    ],
    "ultima_modificacion": "2025-08-01 01:01:09.891733"
  },
  "1d2131c2d34b46c49362750f2b80e95345005c.jpeg": {
    "app_sintetizada": "1D2131C2D34B46C49362750F2B80E95345005C.JPEG",
    "cantidad_archivos": 1,
    "archivos_fuente": [
      "Pictures/Fototeca de Fotos.photoslibrary/resources/derivatives/masters/1/1D2131C2-D34B-46C4-9362-750F2B80E953_4_5005_c.jpeg"
    ],
    "ultima_modificacion": "2025-08-01 01:01:09.892071"
  },
  "1a83c4aa890a4199b95ac659333d9bfa45005c.jpeg": {
    "app_sintetizada": "1A83C4AA890A4199B95AC659333D9BFA45005C.JPEG",
    "cantidad_archivos": 1,
    "archivos_fuente": [
      "Pictures/Fototeca de Fotos.photoslibrary/resources/derivatives/masters/1/1A83C4AA-890A-4199-B95A-C659333D9BFA_4_5005_c.jpeg"
    ],
    "ultima_modificacion": "2025-08-01 01:01:09.892375"
  },
  "17d3538b998544c38749d5865a06575c45005c.jpeg": {
    "app_sintetizada": "17D3538B998544C38749D5865A06575C45005C.JPEG",
    "cantidad_archivos": 1,
    "archivos_fuente": [
      "Pictures/Fototeca de Fotos.photoslibrary/resources/derivatives/masters/1/17D3538B-9985-44C3-8749-D5865A06575C_4_5005_c.jpeg"
    ],
    "ultima_modificacion": "2025-08-01 01:01:09.892688"
  },
  "1202b28a57ce439abf839c436454fa6845005c.jpeg": {
    "app_sintetizada": "1202B28A57CE439ABF839C436454FA6845005C.JPEG",
    "cantidad_archivos": 1,
    "archivos_fuente": [
      "Pictures/Fototeca de Fotos.photoslibrary/resources/derivatives/masters/1/1202B28A-57CE-439A-BF83-9C436454FA68_4_5005_c.jpeg"
    ],
    "ultima_modificacion": "2025-08-01 01:01:09.893008"
  },
  "11827010691147b6a6e26cbb8875632b45005c.jpeg": {
    "app_sintetizada": "11827010691147B6A6E26CBB8875632B45005C.JPEG",
    "cantidad_archivos": 1,
    "archivos_fuente": [
      "Pictures/Fototeca de Fotos.photoslibrary/resources/derivatives/masters/1/11827010-6911-47B6-A6E2-6CBB8875632B_4_5005_c.jpeg"
    ],
    "ultima_modificacion": "2025-08-01 01:01:09.893343"
  },
  "1ee911a89c744220bd86b5a90479880145005c.jpeg": {
    "app_sintetizada": "1EE911A89C744220BD86B5A90479880145005C.JPEG",
    "cantidad_archivos": 1,
    "archivos_fuente": [
      "Pictures/Fototeca de Fotos.photoslibrary/resources/derivatives/masters/1/1EE911A8-9C74-4220-BD86-B5A904798801_4_5005_c.jpeg"
    ],
    "ultima_modificacion": "2025-08-01 01:01:09.893663"
  },
  "1935905bad6c4c688737fc0c4d95387e45005c.jpeg": {
    "app_sintetizada": "1935905BAD6C4C688737FC0C4D95387E45005C.JPEG",
    "cantidad_archivos": 1,
    "archivos_fuente": [
      "Pictures/Fototeca de Fotos.photoslibrary/resources/derivatives/masters/1/1935905B-AD6C-4C68-8737-FC0C4D95387E_4_5005_c.jpeg"
    ],
    "ultima_modificacion": "2025-08-01 01:01:09.893989"
  },
  "154b0a0b2ba34a40a7214b5a75cde28945005c.jpeg": {
    "app_sintetizada": "154B0A0B2BA34A40A7214B5A75CDE28945005C.JPEG",
    "cantidad_archivos": 1,
    "archivos_fuente": [
      "Pictures/Fototeca de Fotos.photoslibrary/resources/derivatives/masters/1/154B0A0B-2BA3-4A40-A721-4B5A75CDE289_4_5005_c.jpeg"
    ],
    "ultima_modificacion": "2025-08-01 01:01:09.894325"
  },
  "1fd30299b9854a839637508f432cb7e945005c.jpeg": {
    "app_sintetizada": "1FD30299B9854A839637508F432CB7E945005C.JPEG",
    "cantidad_archivos": 1,
    "archivos_fuente": [
      "Pictures/Fototeca de Fotos.photoslibrary/resources/derivatives/masters/1/1FD30299-B985-4A83-9637-508F432CB7E9_4_5005_c.jpeg"
    ],
    "ultima_modificacion": "2025-08-01 01:01:09.894622"
  },
  "1af3792205294c8eac84837cef371d9545005c.jpeg": {
    "app_sintetizada": "1AF3792205294C8EAC84837CEF371D9545005C.JPEG",
    "cantidad_archivos": 1,
    "archivos_fuente": [
      "Pictures/Fototeca de Fotos.photoslibrary/resources/derivatives/masters/1/1AF37922-0529-4C8E-AC84-837CEF371D95_4_5005_c.jpeg"
    ],
    "ultima_modificacion": "2025-08-01 01:01:09.894921"
  },
  "15b54db7fd6c4e5585f04ec3405ffbc445005c.jpeg": {
    "app_sintetizada": "15B54DB7FD6C4E5585F04EC3405FFBC445005C.JPEG",
    "cantidad_archivos": 1,
    "archivos_fuente": [
      "Pictures/Fototeca de Fotos.photoslibrary/resources/derivatives/masters/1/15B54DB7-FD6C-4E55-85F0-4EC3405FFBC4_4_5005_c.jpeg"
    ],
    "ultima_modificacion": "2025-08-01 01:01:09.895264"
  },
  "128e43b11f544dce8e190024eef0713245005c.jpeg": {
    "app_sintetizada": "128E43B11F544DCE8E190024EEF0713245005C.JPEG",
    "cantidad_archivos": 1,
    "archivos_fuente": [
      "Pictures/Fototeca de Fotos.photoslibrary/resources/derivatives/masters/1/128E43B1-1F54-4DCE-8E19-0024EEF07132_4_5005_c.jpeg"
    ],
    "ultima_modificacion": "2025-08-01 01:01:09.895582"
  },
  "1a539bbb883447e99e0ba749bc1c673845005c.jpeg": {
    "app_sintetizada": "1A539BBB883447E99E0BA749BC1C673845005C.JPEG",
    "cantidad_archivos": 1,
    "archivos_fuente": [
      "Pictures/Fototeca de Fotos.photoslibrary/resources/derivatives/masters/1/1A539BBB-8834-47E9-9E0B-A749BC1C6738_4_5005_c.jpeg"
    ],
    "ultima_modificacion": "2025-08-01 01:01:09.895897"
  },
  "1759a8147c86466b9a39cbcd64d8749245005c.jpeg": {
    "app_sintetizada": "1759A8147C86466B9A39CBCD64D8749245005C.JPEG",
    "cantidad_archivos": 1,
    "archivos_fuente": [
      "Pictures/Fototeca de Fotos.photoslibrary/resources/derivatives/masters/1/1759A814-7C86-466B-9A39-CBCD64D87492_4_5005_c.jpeg"
    ],
    "ultima_modificacion": "2025-08-01 01:01:09.896249"
  },
  "126cccd24df748d19dd4947741bb9fc845005c.jpeg": {
    "app_sintetizada": "126CCCD24DF748D19DD4947741BB9FC845005C.JPEG",
    "cantidad_archivos": 1,
    "archivos_fuente": [
      "Pictures/Fototeca de Fotos.photoslibrary/resources/derivatives/masters/1/126CCCD2-4DF7-48D1-9DD4-947741BB9FC8_4_5005_c.jpeg"
    ],
    "ultima_modificacion": "2025-08-01 01:01:09.896654"
  },
  "19766f0604de486a9cc65fda1d86788845005c.jpeg": {
    "app_sintetizada": "19766F0604DE486A9CC65FDA1D86788845005C.JPEG",
    "cantidad_archivos": 1,
    "archivos_fuente": [
      "Pictures/Fototeca de Fotos.photoslibrary/resources/derivatives/masters/1/19766F06-04DE-486A-9CC6-5FDA1D867888_4_5005_c.jpeg"
    ],
    "ultima_modificacion": "2025-08-01 01:01:09.897009"
  },
  "17c40afccffa4e1caa175727c67bb91045005c.jpeg": {
    "app_sintetizada": "17C40AFCCFFA4E1CAA175727C67BB91045005C.JPEG",
    "cantidad_archivos": 1,
    "archivos_fuente": [
      "Pictures/Fototeca de Fotos.photoslibrary/resources/derivatives/masters/1/17C40AFC-CFFA-4E1C-AA17-5727C67BB910_4_5005_c.jpeg"
    ],
    "ultima_modificacion": "2025-08-01 01:01:09.897381"
  },
  "1f95a1d987c640edaeee44673af08ddc45005c.jpeg": {
    "app_sintetizada": "1F95A1D987C640EDAEEE44673AF08DDC45005C.JPEG",
    "cantidad_archivos": 1,
    "archivos_fuente": [
      "Pictures/Fototeca de Fotos.photoslibrary/resources/derivatives/masters/1/1F95A1D9-87C6-40ED-AEEE-44673AF08DDC_4_5005_c.jpeg"
    ],
    "ultima_modificacion": "2025-08-01 01:01:09.897739"
  },
  "1d42e730a71e4c42b49dc1ea57172e7845005c.jpeg": {
    "app_sintetizada": "1D42E730A71E4C42B49DC1EA57172E7845005C.JPEG",
    "cantidad_archivos": 1,
    "archivos_fuente": [
      "Pictures/Fototeca de Fotos.photoslibrary/resources/derivatives/masters/1/1D42E730-A71E-4C42-B49D-C1EA57172E78_4_5005_c.jpeg"
    ],
    "ultima_modificacion": "2025-08-01 01:01:09.898091"
  },
  "10b57e3e2f5a429787c76204a1fb81d245005c.jpeg": {
    "app_sintetizada": "10B57E3E2F5A429787C76204A1FB81D245005C.JPEG",
    "cantidad_archivos": 1,
    "archivos_fuente": [
      "Pictures/Fototeca de Fotos.photoslibrary/resources/derivatives/masters/1/10B57E3E-2F5A-4297-87C7-6204A1FB81D2_4_5005_c.jpeg"
    ],
    "ultima_modificacion": "2025-08-01 01:01:09.898403"
  },
  "11fd25dbea7b45b29c98e643bbe2dfe945005c.jpeg": {
    "app_sintetizada": "11FD25DBEA7B45B29C98E643BBE2DFE945005C.JPEG",
    "cantidad_archivos": 1,
    "archivos_fuente": [
      "Pictures/Fototeca de Fotos.photoslibrary/resources/derivatives/masters/1/11FD25DB-EA7B-45B2-9C98-E643BBE2DFE9_4_5005_c.jpeg"
    ],
    "ultima_modificacion": "2025-08-01 01:01:09.898709"
  },
  "1213b48d28544dcdbe29f54cb9c1117245005c.jpeg": {
    "app_sintetizada": "1213B48D28544DCDBE29F54CB9C1117245005C.JPEG",
    "cantidad_archivos": 1,
    "archivos_fuente": [
      "Pictures/Fototeca de Fotos.photoslibrary/resources/derivatives/masters/1/1213B48D-2854-4DCD-BE29-F54CB9C11172_4_5005_c.jpeg"
    ],
    "ultima_modificacion": "2025-08-01 01:01:09.899047"
  },
  "13a6f2ae153344cb91dc035f76b122ef45005c.jpeg": {
    "app_sintetizada": "13A6F2AE153344CB91DC035F76B122EF45005C.JPEG",
    "cantidad_archivos": 1,
    "archivos_fuente": [
      "Pictures/Fototeca de Fotos.photoslibrary/resources/derivatives/masters/1/13A6F2AE-1533-44CB-91DC-035F76B122EF_4_5005_c.jpeg"
    ],
    "ultima_modificacion": "2025-08-01 01:01:09.899384"
  },
  "1fe72f14369042cba8767d2c53b3b82a45005c.jpeg": {
    "app_sintetizada": "1FE72F14369042CBA8767D2C53B3B82A45005C.JPEG",
    "cantidad_archivos": 1,
    "archivos_fuente": [
      "Pictures/Fototeca de Fotos.photoslibrary/resources/derivatives/masters/1/1FE72F14-3690-42CB-A876-7D2C53B3B82A_4_5005_c.jpeg"
    ],
    "ultima_modificacion": "2025-08-01 01:01:09.899699"
  },
  "1c0e9702cb9246318f7a115fa24ac71345005c.jpeg": {
    "app_sintetizada": "1C0E9702CB9246318F7A115FA24AC71345005C.JPEG",
    "cantidad_archivos": 1,
    "archivos_fuente": [
      "Pictures/Fototeca de Fotos.photoslibrary/resources/derivatives/masters/1/1C0E9702-CB92-4631-8F7A-115FA24AC713_4_5005_c.jpeg"
    ],
    "ultima_modificacion": "2025-08-01 01:01:09.900009"
  },
  "1c02e28176f34315aac49704a42671c345005c.jpeg": {
    "app_sintetizada": "1C02E28176F34315AAC49704A42671C345005C.JPEG",
    "cantidad_archivos": 1,
    "archivos_fuente": [
      "Pictures/Fototeca de Fotos.photoslibrary/resources/derivatives/masters/1/1C02E281-76F3-4315-AAC4-9704A42671C3_4_5005_c.jpeg"
    ],
    "ultima_modificacion": "2025-08-01 01:01:09.900335"
  },
  "12477a656cb24270a4c869b6eb36190c45005c.jpeg": {
    "app_sintetizada": "12477A656CB24270A4C869B6EB36190C45005C.JPEG",
    "cantidad_archivos": 1,
    "archivos_fuente": [
      "Pictures/Fototeca de Fotos.photoslibrary/resources/derivatives/masters/1/12477A65-6CB2-4270-A4C8-69B6EB36190C_4_5005_c.jpeg"
    ],
    "ultima_modificacion": "2025-08-01 01:01:09.900651"
  },
  "19e0bc262f784d2180769f2f155a6ac345005c.jpeg": {
    "app_sintetizada": "19E0BC262F784D2180769F2F155A6AC345005C.JPEG",
    "cantidad_archivos": 1,
    "archivos_fuente": [
      "Pictures/Fototeca de Fotos.photoslibrary/resources/derivatives/masters/1/19E0BC26-2F78-4D21-8076-9F2F155A6AC3_4_5005_c.jpeg"
    ],
    "ultima_modificacion": "2025-08-01 01:01:09.900962"
  },
  "18d95d062bda410d88c910d66ca7f8e645005c.jpeg": {
    "app_sintetizada": "18D95D062BDA410D88C910D66CA7F8E645005C.JPEG",
    "cantidad_archivos": 1,
    "archivos_fuente": [
      "Pictures/Fototeca de Fotos.photoslibrary/resources/derivatives/masters/1/18D95D06-2BDA-410D-88C9-10D66CA7F8E6_4_5005_c.jpeg"
    ],
    "ultima_modificacion": "2025-08-01 01:01:09.901264"
  },
  "188b6086ec8f4f01a85b4b2d7c25912d45005c.jpeg": {
    "app_sintetizada": "188B6086EC8F4F01A85B4B2D7C25912D45005C.JPEG",
    "cantidad_archivos": 1,
    "archivos_fuente": [
      "Pictures/Fototeca de Fotos.photoslibrary/resources/derivatives/masters/1/188B6086-EC8F-4F01-A85B-4B2D7C25912D_4_5005_c.jpeg"
    ],
    "ultima_modificacion": "2025-08-01 01:01:09.919880"
  },
  "1cc43437c10745738780ef19abc0e1e845005c.jpeg": {
    "app_sintetizada": "1CC43437C10745738780EF19ABC0E1E845005C.JPEG",
    "cantidad_archivos": 1,
    "archivos_fuente": [
      "Pictures/Fototeca de Fotos.photoslibrary/resources/derivatives/masters/1/1CC43437-C107-4573-8780-EF19ABC0E1E8_4_5005_c.jpeg"
    ],
    "ultima_modificacion": "2025-08-01 01:01:09.920463"
  },
  "131389e74f724c32872ad3657a2956c145005c.jpeg": {
    "app_sintetizada": "131389E74F724C32872AD3657A2956C145005C.JPEG",
    "cantidad_archivos": 1,
    "archivos_fuente": [
      "Pictures/Fototeca de Fotos.photoslibrary/resources/derivatives/masters/1/131389E7-4F72-4C32-872A-D3657A2956C1_4_5005_c.jpeg"
    ],
    "ultima_modificacion": "2025-08-01 01:01:09.922047"
  },
  "1d28588e06034536aeef809da23c96ad45005c.jpeg": {
    "app_sintetizada": "1D28588E06034536AEEF809DA23C96AD45005C.JPEG",
    "cantidad_archivos": 1,
    "archivos_fuente": [
      "Pictures/Fototeca de Fotos.photoslibrary/resources/derivatives/masters/1/1D28588E-0603-4536-AEEF-809DA23C96AD_4_5005_c.jpeg"
    ],
    "ultima_modificacion": "2025-08-01 01:01:09.923211"
  },
  "15439981fa06444593b46b6f26f6eb8a45005c.jpeg": {
    "app_sintetizada": "15439981FA06444593B46B6F26F6EB8A45005C.JPEG",
    "cantidad_archivos": 1,
    "archivos_fuente": [
      "Pictures/Fototeca de Fotos.photoslibrary/resources/derivatives/masters/1/15439981-FA06-4445-93B4-6B6F26F6EB8A_4_5005_c.jpeg"
    ],
    "ultima_modificacion": "2025-08-01 01:01:09.923829"
  },
  "18c2286047bb44968b152e69a93c3c7f45005c.jpeg": {
    "app_sintetizada": "18C2286047BB44968B152E69A93C3C7F45005C.JPEG",
    "cantidad_archivos": 1,
    "archivos_fuente": [
      "Pictures/Fototeca de Fotos.photoslibrary/resources/derivatives/masters/1/18C22860-47BB-4496-8B15-2E69A93C3C7F_4_5005_c.jpeg"
    ],
    "ultima_modificacion": "2025-08-01 01:01:09.924149"
  },
  "1e49d6e8aef84b059c7092a2cabc0ad445005c.jpeg": {
    "app_sintetizada": "1E49D6E8AEF84B059C7092A2CABC0AD445005C.JPEG",
    "cantidad_archivos": 1,
    "archivos_fuente": [
      "Pictures/Fototeca de Fotos.photoslibrary/resources/derivatives/masters/1/1E49D6E8-AEF8-4B05-9C70-92A2CABC0AD4_4_5005_c.jpeg"
    ],
    "ultima_modificacion": "2025-08-01 01:01:09.924495"
  },
  "19df664abb9d43af9f33f12e148c28ff45005c.jpeg": {
    "app_sintetizada": "19DF664ABB9D43AF9F33F12E148C28FF45005C.JPEG",
    "cantidad_archivos": 1,
    "archivos_fuente": [
      "Pictures/Fototeca de Fotos.photoslibrary/resources/derivatives/masters/1/19DF664A-BB9D-43AF-9F33-F12E148C28FF_4_5005_c.jpeg"
    ],
    "ultima_modificacion": "2025-08-01 01:01:09.924779"
  },
  "1ea6df11cf884c78997eabb4490e93e045005c.jpeg": {
    "app_sintetizada": "1EA6DF11CF884C78997EABB4490E93E045005C.JPEG",
    "cantidad_archivos": 1,
    "archivos_fuente": [
      "Pictures/Fototeca de Fotos.photoslibrary/resources/derivatives/masters/1/1EA6DF11-CF88-4C78-997E-ABB4490E93E0_4_5005_c.jpeg"
    ],
    "ultima_modificacion": "2025-08-01 01:01:09.925173"
  },
  "15d2ad47605c43a1a89d13945c9295ed45005c.jpeg": {
    "app_sintetizada": "15D2AD47605C43A1A89D13945C9295ED45005C.JPEG",
    "cantidad_archivos": 1,
    "archivos_fuente": [
      "Pictures/Fototeca de Fotos.photoslibrary/resources/derivatives/masters/1/15D2AD47-605C-43A1-A89D-13945C9295ED_4_5005_c.jpeg"
    ],
    "ultima_modificacion": "2025-08-01 01:01:09.925564"
  },
  "157d701ab3d9498d8e0adef5794eecfa45005c.jpeg": {
    "app_sintetizada": "157D701AB3D9498D8E0ADEF5794EECFA45005C.JPEG",
    "cantidad_archivos": 1,
    "archivos_fuente": [
      "Pictures/Fototeca de Fotos.photoslibrary/resources/derivatives/masters/1/157D701A-B3D9-498D-8E0A-DEF5794EECFA_4_5005_c.jpeg"
    ],
    "ultima_modificacion": "2025-08-01 01:01:09.925888"
  },
  "188fa3e5cd994ce4bc6fb57ac87f884945005c.jpeg": {
    "app_sintetizada": "188FA3E5CD994CE4BC6FB57AC87F884945005C.JPEG",
    "cantidad_archivos": 1,
    "archivos_fuente": [
      "Pictures/Fototeca de Fotos.photoslibrary/resources/derivatives/masters/1/188FA3E5-CD99-4CE4-BC6F-B57AC87F8849_4_5005_c.jpeg"
    ],
    "ultima_modificacion": "2025-08-01 01:01:09.929459"
  },
  "1590c248b2f14cffb2fe27feffd171fd45005c.jpeg": {
    "app_sintetizada": "1590C248B2F14CFFB2FE27FEFFD171FD45005C.JPEG",
    "cantidad_archivos": 1,
    "archivos_fuente": [
      "Pictures/Fototeca de Fotos.photoslibrary/resources/derivatives/masters/1/1590C248-B2F1-4CFF-B2FE-27FEFFD171FD_4_5005_c.jpeg"
    ],
    "ultima_modificacion": "2025-08-01 01:01:09.929848"
  },
  "168154706c954f54bb0dd1c3dbcf43ae45005c.jpeg": {
    "app_sintetizada": "168154706C954F54BB0DD1C3DBCF43AE45005C.JPEG",
    "cantidad_archivos": 1,
    "archivos_fuente": [
      "Pictures/Fototeca de Fotos.photoslibrary/resources/derivatives/masters/1/16815470-6C95-4F54-BB0D-D1C3DBCF43AE_4_5005_c.jpeg"
    ],
    "ultima_modificacion": "2025-08-01 01:01:09.930408"
  },
  "112c491223f147c6be174db19edceee545005c.jpeg": {
    "app_sintetizada": "112C491223F147C6BE174DB19EDCEEE545005C.JPEG",
    "cantidad_archivos": 1,
    "archivos_fuente": [
      "Pictures/Fototeca de Fotos.photoslibrary/resources/derivatives/masters/1/112C4912-23F1-47C6-BE17-4DB19EDCEEE5_4_5005_c.jpeg"
    ],
    "ultima_modificacion": "2025-08-01 01:01:09.930682"
  },
  "1435243fab4a42f9aa63b822db35715945005c.jpeg": {
    "app_sintetizada": "1435243FAB4A42F9AA63B822DB35715945005C.JPEG",
    "cantidad_archivos": 1,
    "archivos_fuente": [
      "Pictures/Fototeca de Fotos.photoslibrary/resources/derivatives/masters/1/1435243F-AB4A-42F9-AA63-B822DB357159_4_5005_c.jpeg"
    ],
    "ultima_modificacion": "2025-08-01 01:01:09.931624"
  },
  "118c05eb973e44ccbcfbf9876f40911645005c.jpeg": {
    "app_sintetizada": "118C05EB973E44CCBCFBF9876F40911645005C.JPEG",
    "cantidad_archivos": 1,
    "archivos_fuente": [
      "Pictures/Fototeca de Fotos.photoslibrary/resources/derivatives/masters/1/118C05EB-973E-44CC-BCFB-F9876F409116_4_5005_c.jpeg"
    ],
    "ultima_modificacion": "2025-08-01 01:01:09.931866"
  },
  "11a33800eed449f493459fb8e69c87cd45005c.jpeg": {
    "app_sintetizada": "11A33800EED449F493459FB8E69C87CD45005C.JPEG",
    "cantidad_archivos": 1,
    "archivos_fuente": [
      "Pictures/Fototeca de Fotos.photoslibrary/resources/derivatives/masters/1/11A33800-EED4-49F4-9345-9FB8E69C87CD_4_5005_c.jpeg"
    ],
    "ultima_modificacion": "2025-08-01 01:01:09.932104"
  },
  "1223efdc9a5f47e4b9aa579b3522b3eb45005c.jpeg": {
    "app_sintetizada": "1223EFDC9A5F47E4B9AA579B3522B3EB45005C.JPEG",
    "cantidad_archivos": 1,
    "archivos_fuente": [
      "Pictures/Fototeca de Fotos.photoslibrary/resources/derivatives/masters/1/1223EFDC-9A5F-47E4-B9AA-579B3522B3EB_4_5005_c.jpeg"
    ],
    "ultima_modificacion": "2025-08-01 01:01:09.933577"
  },
  "1f9d56e439ae4ba8a87237baeb59b41e45005c.jpeg": {
    "app_sintetizada": "1F9D56E439AE4BA8A87237BAEB59B41E45005C.JPEG",
    "cantidad_archivos": 1,
    "archivos_fuente": [
      "Pictures/Fototeca de Fotos.photoslibrary/resources/derivatives/masters/1/1F9D56E4-39AE-4BA8-A872-37BAEB59B41E_4_5005_c.jpeg"
    ],
    "ultima_modificacion": "2025-08-01 01:01:09.933849"
  },
  "1679e5f5a3c149028a7e0affc4fb44f445005c.jpeg": {
    "app_sintetizada": "1679E5F5A3C149028A7E0AFFC4FB44F445005C.JPEG",
    "cantidad_archivos": 1,
    "archivos_fuente": [
      "Pictures/Fototeca de Fotos.photoslibrary/resources/derivatives/masters/1/1679E5F5-A3C1-4902-8A7E-0AFFC4FB44F4_4_5005_c.jpeg"
    ],
    "ultima_modificacion": "2025-08-01 01:01:09.935834"
  },
  "11ac45dc5a734984b3922d54628fdf8145005c.jpeg": {
    "app_sintetizada": "11AC45DC5A734984B3922D54628FDF8145005C.JPEG",
    "cantidad_archivos": 1,
    "archivos_fuente": [
      "Pictures/Fototeca de Fotos.photoslibrary/resources/derivatives/masters/1/11AC45DC-5A73-4984-B392-2D54628FDF81_4_5005_c.jpeg"
    ],
    "ultima_modificacion": "2025-08-01 01:01:09.936231"
  },
  "10083c13452447bb92f194c038cbb35645005c.jpeg": {
    "app_sintetizada": "10083C13452447BB92F194C038CBB35645005C.JPEG",
    "cantidad_archivos": 1,
    "archivos_fuente": [
      "Pictures/Fototeca de Fotos.photoslibrary/resources/derivatives/masters/1/10083C13-4524-47BB-92F1-94C038CBB356_4_5005_c.jpeg"
    ],
    "ultima_modificacion": "2025-08-01 01:01:09.936535"
  },
  "1f66bcae31924a2ca24c2d9f17a0a79f45005c.jpeg": {
    "app_sintetizada": "1F66BCAE31924A2CA24C2D9F17A0A79F45005C.JPEG",
    "cantidad_archivos": 1,
    "archivos_fuente": [
      "Pictures/Fototeca de Fotos.photoslibrary/resources/derivatives/masters/1/1F66BCAE-3192-4A2C-A24C-2D9F17A0A79F_4_5005_c.jpeg"
    ],
    "ultima_modificacion": "2025-08-01 01:01:09.936863"
  },
  "1e4e96f763e34a1a91080e79d2a196b645005c.jpeg": {
    "app_sintetizada": "1E4E96F763E34A1A91080E79D2A196B645005C.JPEG",
    "cantidad_archivos": 1,
    "archivos_fuente": [
      "Pictures/Fototeca de Fotos.photoslibrary/resources/derivatives/masters/1/1E4E96F7-63E3-4A1A-9108-0E79D2A196B6_4_5005_c.jpeg"
    ],
    "ultima_modificacion": "2025-08-01 01:01:09.937156"
  },
  "1222a2792f56496391d93f7305cfbeb045005c.jpeg": {
    "app_sintetizada": "1222A2792F56496391D93F7305CFBEB045005C.JPEG",
    "cantidad_archivos": 1,
    "archivos_fuente": [
      "Pictures/Fototeca de Fotos.photoslibrary/resources/derivatives/masters/1/1222A279-2F56-4963-91D9-3F7305CFBEB0_4_5005_c.jpeg"
    ],
    "ultima_modificacion": "2025-08-01 01:01:09.937557"
  },
  "1e1dca9c48634fc48f6102fb4d371f6e45005c.jpeg": {
    "app_sintetizada": "1E1DCA9C48634FC48F6102FB4D371F6E45005C.JPEG",
    "cantidad_archivos": 1,
    "archivos_fuente": [
      "Pictures/Fototeca de Fotos.photoslibrary/resources/derivatives/masters/1/1E1DCA9C-4863-4FC4-8F61-02FB4D371F6E_4_5005_c.jpeg"
    ],
    "ultima_modificacion": "2025-08-01 01:01:09.937900"
  },
  "156cf2945a594674bf8c25cb4256ffb045005c.jpeg": {
    "app_sintetizada": "156CF2945A594674BF8C25CB4256FFB045005C.JPEG",
    "cantidad_archivos": 1,
    "archivos_fuente": [
      "Pictures/Fototeca de Fotos.photoslibrary/resources/derivatives/masters/1/156CF294-5A59-4674-BF8C-25CB4256FFB0_4_5005_c.jpeg"
    ],
    "ultima_modificacion": "2025-08-01 01:01:09.938247"
  },
  "1bd1780bb8ba403c883f87277b46d7eb45005c.jpeg": {
    "app_sintetizada": "1BD1780BB8BA403C883F87277B46D7EB45005C.JPEG",
    "cantidad_archivos": 1,
    "archivos_fuente": [
      "Pictures/Fototeca de Fotos.photoslibrary/resources/derivatives/masters/1/1BD1780B-B8BA-403C-883F-87277B46D7EB_4_5005_c.jpeg"
    ],
    "ultima_modificacion": "2025-08-01 01:01:09.938593"
  },
  "16f4554d953440e288e38d488293f89245005c.jpeg": {
    "app_sintetizada": "16F4554D953440E288E38D488293F89245005C.JPEG",
    "cantidad_archivos": 1,
    "archivos_fuente": [
      "Pictures/Fototeca de Fotos.photoslibrary/resources/derivatives/masters/1/16F4554D-9534-40E2-88E3-8D488293F892_4_5005_c.jpeg"
    ],
    "ultima_modificacion": "2025-08-01 01:01:09.938988"
  },
  "13b7962a4de0450e9bf49f76680db4ef45005c.jpeg": {
    "app_sintetizada": "13B7962A4DE0450E9BF49F76680DB4EF45005C.JPEG",
    "cantidad_archivos": 1,
    "archivos_fuente": [
      "Pictures/Fototeca de Fotos.photoslibrary/resources/derivatives/masters/1/13B7962A-4DE0-450E-9BF4-9F76680DB4EF_4_5005_c.jpeg"
    ],
    "ultima_modificacion": "2025-08-01 01:01:09.939372"
  },
  "1af0950e7b8d4f259d638a1e70dcfd3145005c.jpeg": {
    "app_sintetizada": "1AF0950E7B8D4F259D638A1E70DCFD3145005C.JPEG",
    "cantidad_archivos": 1,
    "archivos_fuente": [
      "Pictures/Fototeca de Fotos.photoslibrary/resources/derivatives/masters/1/1AF0950E-7B8D-4F25-9D63-8A1E70DCFD31_4_5005_c.jpeg"
    ],
    "ultima_modificacion": "2025-08-01 01:01:09.939770"
  },
  "170d10cd05494be58946ed47366ea99845005c.jpeg": {
    "app_sintetizada": "170D10CD05494BE58946ED47366EA99845005C.JPEG",
    "cantidad_archivos": 1,
    "archivos_fuente": [
      "Pictures/Fototeca de Fotos.photoslibrary/resources/derivatives/masters/1/170D10CD-0549-4BE5-8946-ED47366EA998_4_5005_c.jpeg"
    ],
    "ultima_modificacion": "2025-08-01 01:01:09.940100"
  },
  "16112f3750fb4394a81cb28297b313ee45005c.jpeg": {
    "app_sintetizada": "16112F3750FB4394A81CB28297B313EE45005C.JPEG",
    "cantidad_archivos": 1,
    "archivos_fuente": [
      "Pictures/Fototeca de Fotos.photoslibrary/resources/derivatives/masters/1/16112F37-50FB-4394-A81C-B28297B313EE_4_5005_c.jpeg"
    ],
    "ultima_modificacion": "2025-08-01 01:01:09.940429"
  },
  "17002de2176a419aa242f620639864cf45005c.jpeg": {
    "app_sintetizada": "17002DE2176A419AA242F620639864CF45005C.JPEG",
    "cantidad_archivos": 1,
    "archivos_fuente": [
      "Pictures/Fototeca de Fotos.photoslibrary/resources/derivatives/masters/1/17002DE2-176A-419A-A242-F620639864CF_4_5005_c.jpeg"
    ],
    "ultima_modificacion": "2025-08-01 01:01:09.940747"
  },
  "132c2433ddae4ace81729d8eff54e2bb45005c.jpeg": {
    "app_sintetizada": "132C2433DDAE4ACE81729D8EFF54E2BB45005C.JPEG",
    "cantidad_archivos": 1,
    "archivos_fuente": [
      "Pictures/Fototeca de Fotos.photoslibrary/resources/derivatives/masters/1/132C2433-DDAE-4ACE-8172-9D8EFF54E2BB_4_5005_c.jpeg"
    ],
    "ultima_modificacion": "2025-08-01 01:01:09.941054"
  },
  "17e2f7f652e045ebb26002f149defd9a45005c.jpeg": {
    "app_sintetizada": "17E2F7F652E045EBB26002F149DEFD9A45005C.JPEG",
    "cantidad_archivos": 1,
    "archivos_fuente": [
      "Pictures/Fototeca de Fotos.photoslibrary/resources/derivatives/masters/1/17E2F7F6-52E0-45EB-B260-02F149DEFD9A_4_5005_c.jpeg"
    ],
    "ultima_modificacion": "2025-08-01 01:01:09.941344"
  },
  "18fef101917741e3bc8656913a597e6b45005c.jpeg": {
    "app_sintetizada": "18FEF101917741E3BC8656913A597E6B45005C.JPEG",
    "cantidad_archivos": 1,
    "archivos_fuente": [
      "Pictures/Fototeca de Fotos.photoslibrary/resources/derivatives/masters/1/18FEF101-9177-41E3-BC86-56913A597E6B_4_5005_c.jpeg"
    ],
    "ultima_modificacion": "2025-08-01 01:01:09.941653"
  },
  "18ccad3dde43406296174e18869e472045005c.jpeg": {
    "app_sintetizada": "18CCAD3DDE43406296174E18869E472045005C.JPEG",
    "cantidad_archivos": 1,
    "archivos_fuente": [
      "Pictures/Fototeca de Fotos.photoslibrary/resources/derivatives/masters/1/18CCAD3D-DE43-4062-9617-4E18869E4720_4_5005_c.jpeg"
    ],
    "ultima_modificacion": "2025-08-01 01:01:09.941937"
  },
  "1d7a2bf4e9c346658ed555e1998eb8fd45005c.jpeg": {
    "app_sintetizada": "1D7A2BF4E9C346658ED555E1998EB8FD45005C.JPEG",
    "cantidad_archivos": 1,
    "archivos_fuente": [
      "Pictures/Fototeca de Fotos.photoslibrary/resources/derivatives/masters/1/1D7A2BF4-E9C3-4665-8ED5-55E1998EB8FD_4_5005_c.jpeg"
    ],
    "ultima_modificacion": "2025-08-01 01:01:09.942225"
  },
  "1037672222204642a0ad1a50f95f0e5d45005c.jpeg": {
    "app_sintetizada": "1037672222204642A0AD1A50F95F0E5D45005C.JPEG",
    "cantidad_archivos": 1,
    "archivos_fuente": [
      "Pictures/Fototeca de Fotos.photoslibrary/resources/derivatives/masters/1/10376722-2220-4642-A0AD-1A50F95F0E5D_4_5005_c.jpeg"
    ],
    "ultima_modificacion": "2025-08-01 01:01:09.942513"
  },
  "1e4c32ec2af54842b55e45906d8cdb9245005c.jpeg": {
    "app_sintetizada": "1E4C32EC2AF54842B55E45906D8CDB9245005C.JPEG",
    "cantidad_archivos": 1,
    "archivos_fuente": [
      "Pictures/Fototeca de Fotos.photoslibrary/resources/derivatives/masters/1/1E4C32EC-2AF5-4842-B55E-45906D8CDB92_4_5005_c.jpeg"
    ],
    "ultima_modificacion": "2025-08-01 01:01:09.942817"
  },
  "134d9691a9a64d82bf39f0319bc88ad045005c.jpeg": {
    "app_sintetizada": "134D9691A9A64D82BF39F0319BC88AD045005C.JPEG",
    "cantidad_archivos": 1,
    "archivos_fuente": [
      "Pictures/Fototeca de Fotos.photoslibrary/resources/derivatives/masters/1/134D9691-A9A6-4D82-BF39-F0319BC88AD0_4_5005_c.jpeg"
    ],
    "ultima_modificacion": "2025-08-01 01:01:09.943122"
  },
  "1675446f434043b898f2fcecd022b5b045005c.jpeg": {
    "app_sintetizada": "1675446F434043B898F2FCECD022B5B045005C.JPEG",
    "cantidad_archivos": 1,
    "archivos_fuente": [
      "Pictures/Fototeca de Fotos.photoslibrary/resources/derivatives/masters/1/1675446F-4340-43B8-98F2-FCECD022B5B0_4_5005_c.jpeg"
    ],
    "ultima_modificacion": "2025-08-01 01:01:09.943420"
  },
  "1c98dd3984974a719cd287a26b6ff40c45005c.jpeg": {
    "app_sintetizada": "1C98DD3984974A719CD287A26B6FF40C45005C.JPEG",
    "cantidad_archivos": 1,
    "archivos_fuente": [
      "Pictures/Fototeca de Fotos.photoslibrary/resources/derivatives/masters/1/1C98DD39-8497-4A71-9CD2-87A26B6FF40C_4_5005_c.jpeg"
    ],
    "ultima_modificacion": "2025-08-01 01:01:09.943708"
  },
  "19af1e163ae647e998d848b5c5d97aa445005c.jpeg": {
    "app_sintetizada": "19AF1E163AE647E998D848B5C5D97AA445005C.JPEG",
    "cantidad_archivos": 1,
    "archivos_fuente": [
      "Pictures/Fototeca de Fotos.photoslibrary/resources/derivatives/masters/1/19AF1E16-3AE6-47E9-98D8-48B5C5D97AA4_4_5005_c.jpeg"
    ],
    "ultima_modificacion": "2025-08-01 01:01:09.943977"
  },
  "115283c616134d948b95ec4112da108e45005c.jpeg": {
    "app_sintetizada": "115283C616134D948B95EC4112DA108E45005C.JPEG",
    "cantidad_archivos": 1,
    "archivos_fuente": [
      "Pictures/Fototeca de Fotos.photoslibrary/resources/derivatives/masters/1/115283C6-1613-4D94-8B95-EC4112DA108E_4_5005_c.jpeg"
    ],
    "ultima_modificacion": "2025-08-01 01:01:09.944279"
  },
  "14b0010e63074f06be27d0b76bd00fa545005c.jpeg": {
    "app_sintetizada": "14B0010E63074F06BE27D0B76BD00FA545005C.JPEG",
    "cantidad_archivos": 1,
    "archivos_fuente": [
      "Pictures/Fototeca de Fotos.photoslibrary/resources/derivatives/masters/1/14B0010E-6307-4F06-BE27-D0B76BD00FA5_4_5005_c.jpeg"
    ],
    "ultima_modificacion": "2025-08-01 01:01:09.944571"
  },
  "1512b8eeb0834b92a36cb8b6ce90f9de45005c.jpeg": {
    "app_sintetizada": "1512B8EEB0834B92A36CB8B6CE90F9DE45005C.JPEG",
    "cantidad_archivos": 1,
    "archivos_fuente": [
      "Pictures/Fototeca de Fotos.photoslibrary/resources/derivatives/masters/1/1512B8EE-B083-4B92-A36C-B8B6CE90F9DE_4_5005_c.jpeg"
    ],
    "ultima_modificacion": "2025-08-01 01:01:09.944856"
  },
  "1a2706f7d3ac4ca1adcc4b03c812b54545005c.jpeg": {
    "app_sintetizada": "1A2706F7D3AC4CA1ADCC4B03C812B54545005C.JPEG",
    "cantidad_archivos": 1,
    "archivos_fuente": [
      "Pictures/Fototeca de Fotos.photoslibrary/resources/derivatives/masters/1/1A2706F7-D3AC-4CA1-ADCC-4B03C812B545_4_5005_c.jpeg"
    ],
    "ultima_modificacion": "2025-08-01 01:01:09.945175"
  },
  "18780b4268a7476595de0220337a0d7e45005c.jpeg": {
    "app_sintetizada": "18780B4268A7476595DE0220337A0D7E45005C.JPEG",
    "cantidad_archivos": 1,
    "archivos_fuente": [
      "Pictures/Fototeca de Fotos.photoslibrary/resources/derivatives/masters/1/18780B42-68A7-4765-95DE-0220337A0D7E_4_5005_c.jpeg"
    ],
    "ultima_modificacion": "2025-08-01 01:01:09.945462"
  },
  "1d913c84f9b0493d8febebd4cf07d77045005c.jpeg": {
    "app_sintetizada": "1D913C84F9B0493D8FEBEBD4CF07D77045005C.JPEG",
    "cantidad_archivos": 1,
    "archivos_fuente": [
      "Pictures/Fototeca de Fotos.photoslibrary/resources/derivatives/masters/1/1D913C84-F9B0-493D-8FEB-EBD4CF07D770_4_5005_c.jpeg"
    ],
    "ultima_modificacion": "2025-08-01 01:01:09.945867"
  },
  "15017cc4d6654724a37acc991398159045005c.jpeg": {
    "app_sintetizada": "15017CC4D6654724A37ACC991398159045005C.JPEG",
    "cantidad_archivos": 1,
    "archivos_fuente": [
      "Pictures/Fototeca de Fotos.photoslibrary/resources/derivatives/masters/1/15017CC4-D665-4724-A37A-CC9913981590_4_5005_c.jpeg"
    ],
    "ultima_modificacion": "2025-08-01 01:01:09.946231"
  },
  "13c84c30fb3042549928fb2f5c53c49145005c.jpeg": {
    "app_sintetizada": "13C84C30FB3042549928FB2F5C53C49145005C.JPEG",
    "cantidad_archivos": 1,
    "archivos_fuente": [
      "Pictures/Fototeca de Fotos.photoslibrary/resources/derivatives/masters/1/13C84C30-FB30-4254-9928-FB2F5C53C491_4_5005_c.jpeg"
    ],
    "ultima_modificacion": "2025-08-01 01:01:09.946559"
  },
  "1ee1872667fd401ea874f5f752b40a0c45005c.jpeg": {
    "app_sintetizada": "1EE1872667FD401EA874F5F752B40A0C45005C.JPEG",
    "cantidad_archivos": 1,
    "archivos_fuente": [
      "Pictures/Fototeca de Fotos.photoslibrary/resources/derivatives/masters/1/1EE18726-67FD-401E-A874-F5F752B40A0C_4_5005_c.jpeg"
    ],
    "ultima_modificacion": "2025-08-01 01:01:09.946880"
  },
  "157fa94fb6d5452e80d7f6aa473292b745005c.jpeg": {
    "app_sintetizada": "157FA94FB6D5452E80D7F6AA473292B745005C.JPEG",
    "cantidad_archivos": 1,
    "archivos_fuente": [
      "Pictures/Fototeca de Fotos.photoslibrary/resources/derivatives/masters/1/157FA94F-B6D5-452E-80D7-F6AA473292B7_4_5005_c.jpeg"
    ],
    "ultima_modificacion": "2025-08-01 01:01:09.947207"
  },
  "1cc89a52628247b29ee82de05cabe8d045005c.jpeg": {
    "app_sintetizada": "1CC89A52628247B29EE82DE05CABE8D045005C.JPEG",
    "cantidad_archivos": 1,
    "archivos_fuente": [
      "Pictures/Fototeca de Fotos.photoslibrary/resources/derivatives/masters/1/1CC89A52-6282-47B2-9EE8-2DE05CABE8D0_4_5005_c.jpeg"
    ],
    "ultima_modificacion": "2025-08-01 01:01:09.947522"
  },
  "14e55489a4fa40d7a7a4a85a4973e1fd45005c.jpeg": {
    "app_sintetizada": "14E55489A4FA40D7A7A4A85A4973E1FD45005C.JPEG",
    "cantidad_archivos": 1,
    "archivos_fuente": [
      "Pictures/Fototeca de Fotos.photoslibrary/resources/derivatives/masters/1/14E55489-A4FA-40D7-A7A4-A85A4973E1FD_4_5005_c.jpeg"
    ],
    "ultima_modificacion": "2025-08-01 01:01:09.947810"
  },
  "19e06d8946054e3ebaa87bd3eb94e05145005c.jpeg": {
    "app_sintetizada": "19E06D8946054E3EBAA87BD3EB94E05145005C.JPEG",
    "cantidad_archivos": 1,
    "archivos_fuente": [
      "Pictures/Fototeca de Fotos.photoslibrary/resources/derivatives/masters/1/19E06D89-4605-4E3E-BAA8-7BD3EB94E051_4_5005_c.jpeg"
    ],
    "ultima_modificacion": "2025-08-01 01:01:09.948118"
  },
  "118fbe9ace2d4e30975e4561248c22d245005c.jpeg": {
    "app_sintetizada": "118FBE9ACE2D4E30975E4561248C22D245005C.JPEG",
    "cantidad_archivos": 1,
    "archivos_fuente": [
      "Pictures/Fototeca de Fotos.photoslibrary/resources/derivatives/masters/1/118FBE9A-CE2D-4E30-975E-4561248C22D2_4_5005_c.jpeg"
    ],
    "ultima_modificacion": "2025-08-01 01:01:09.948425"
  },
  "11b4adcb7b1f44f291e92ea763f2df2145005c.jpeg": {
    "app_sintetizada": "11B4ADCB7B1F44F291E92EA763F2DF2145005C.JPEG",
    "cantidad_archivos": 1,
    "archivos_fuente": [
      "Pictures/Fototeca de Fotos.photoslibrary/resources/derivatives/masters/1/11B4ADCB-7B1F-44F2-91E9-2EA763F2DF21_4_5005_c.jpeg"
    ],
    "ultima_modificacion": "2025-08-01 01:01:09.948750"
  },
  "1beb5b83ad5649b4b445f38fda441c7845005c.jpeg": {
    "app_sintetizada": "1BEB5B83AD5649B4B445F38FDA441C7845005C.JPEG",
    "cantidad_archivos": 1,
    "archivos_fuente": [
      "Pictures/Fototeca de Fotos.photoslibrary/resources/derivatives/masters/1/1BEB5B83-AD56-49B4-B445-F38FDA441C78_4_5005_c.jpeg"
    ],
    "ultima_modificacion": "2025-08-01 01:01:09.949065"
  },
  "19427855da164a2289ba951360f4313a45005c.jpeg": {
    "app_sintetizada": "19427855DA164A2289BA951360F4313A45005C.JPEG",
    "cantidad_archivos": 1,
    "archivos_fuente": [
      "Pictures/Fototeca de Fotos.photoslibrary/resources/derivatives/masters/1/19427855-DA16-4A22-89BA-951360F4313A_4_5005_c.jpeg"
    ],
    "ultima_modificacion": "2025-08-01 01:01:09.949343"
  },
  "18ef38863f094d50a0e60f7e6f70f04545005c.jpeg": {
    "app_sintetizada": "18EF38863F094D50A0E60F7E6F70F04545005C.JPEG",
    "cantidad_archivos": 1,
    "archivos_fuente": [
      "Pictures/Fototeca de Fotos.photoslibrary/resources/derivatives/masters/1/18EF3886-3F09-4D50-A0E6-0F7E6F70F045_4_5005_c.jpeg"
    ],
    "ultima_modificacion": "2025-08-01 01:01:09.949662"
  },
  "1b80b79866cf4f16a4d2bee76fa325bf45005c.jpeg": {
    "app_sintetizada": "1B80B79866CF4F16A4D2BEE76FA325BF45005C.JPEG",
    "cantidad_archivos": 1,
    "archivos_fuente": [
      "Pictures/Fototeca de Fotos.photoslibrary/resources/derivatives/masters/1/1B80B798-66CF-4F16-A4D2-BEE76FA325BF_4_5005_c.jpeg"
    ],
    "ultima_modificacion": "2025-08-01 01:01:09.949991"
  },
  "1dafc8d9106d44148f48f902f798683245005c.jpeg": {
    "app_sintetizada": "1DAFC8D9106D44148F48F902F798683245005C.JPEG",
    "cantidad_archivos": 1,
    "archivos_fuente": [
      "Pictures/Fototeca de Fotos.photoslibrary/resources/derivatives/masters/1/1DAFC8D9-106D-4414-8F48-F902F7986832_4_5005_c.jpeg"
    ],
    "ultima_modificacion": "2025-08-01 01:01:09.950315"
  },
  "137310d844c040728171445d0d660a8b45005c.jpeg": {
    "app_sintetizada": "137310D844C040728171445D0D660A8B45005C.JPEG",
    "cantidad_archivos": 1,
    "archivos_fuente": [
      "Pictures/Fototeca de Fotos.photoslibrary/resources/derivatives/masters/1/137310D8-44C0-4072-8171-445D0D660A8B_4_5005_c.jpeg"
    ],
    "ultima_modificacion": "2025-08-01 01:01:09.950671"
  },
  "160db9838034451fa5ccf37318cec64e45005c.jpeg": {
    "app_sintetizada": "160DB9838034451FA5CCF37318CEC64E45005C.JPEG",
    "cantidad_archivos": 1,
    "archivos_fuente": [
      "Pictures/Fototeca de Fotos.photoslibrary/resources/derivatives/masters/1/160DB983-8034-451F-A5CC-F37318CEC64E_4_5005_c.jpeg"
    ],
    "ultima_modificacion": "2025-08-01 01:01:09.951000"
  },
  "18d7ba0c9b5c4e76b0221f849114ad3145005c.jpeg": {
    "app_sintetizada": "18D7BA0C9B5C4E76B0221F849114AD3145005C.JPEG",
    "cantidad_archivos": 1,
    "archivos_fuente": [
      "Pictures/Fototeca de Fotos.photoslibrary/resources/derivatives/masters/1/18D7BA0C-9B5C-4E76-B022-1F849114AD31_4_5005_c.jpeg"
    ],
    "ultima_modificacion": "2025-08-01 01:01:09.951325"
  }
}