{
  "8636fa4113ec4aed85a25a00f835a65a45005c.jpeg": {
    "app_sintetizada": "8636FA4113EC4AED85A25A00F835A65A45005C.JPEG",
    "cantidad_archivos": 1,
    "archivos_fuente": [
      "Pictures/Fototeca de Fotos.photoslibrary/resources/derivatives/masters/8/8636FA41-13EC-4AED-85A2-5A00F835A65A_4_5005_c.jpeg"
    ],
    "ultima_modificacion": "2025-08-01 01:01:10.642349"
  },
  "84a6170147af4300b5e22d76aa91b60a45005c.jpeg": {
    "app_sintetizada": "84A6170147AF4300B5E22D76AA91B60A45005C.JPEG",
    "cantidad_archivos": 1,
    "archivos_fuente": [
      "Pictures/Fototeca de Fotos.photoslibrary/resources/derivatives/masters/8/84A61701-47AF-4300-B5E2-2D76AA91B60A_4_5005_c.jpeg"
    ],
    "ultima_modificacion": "2025-08-01 01:01:10.642649"
  },
  "8847c32e9ff44cc3a538d44cefa1ea5a45005c.jpeg": {
    "app_sintetizada": "8847C32E9FF44CC3A538D44CEFA1EA5A45005C.JPEG",
    "cantidad_archivos": 1,
    "archivos_fuente": [
      "Pictures/Fototeca de Fotos.photoslibrary/resources/derivatives/masters/8/8847C32E-9FF4-4CC3-A538-D44CEFA1EA5A_4_5005_c.jpeg"
    ],
    "ultima_modificacion": "2025-08-01 01:01:10.642966"
  },
  "8325f89b7f734d54bc81ee5998409dc445005c.jpeg": {
    "app_sintetizada": "8325F89B7F734D54BC81EE5998409DC445005C.JPEG",
    "cantidad_archivos": 1,
    "archivos_fuente": [
      "Pictures/Fototeca de Fotos.photoslibrary/resources/derivatives/masters/8/8325F89B-7F73-4D54-BC81-EE5998409DC4_4_5005_c.jpeg"
    ],
    "ultima_modificacion": "2025-08-01 01:01:10.643264"
  },
  "8e74c08c69ac4e9088a044cdbee41a1445005c.jpeg": {
    "app_sintetizada": "8E74C08C69AC4E9088A044CDBEE41A1445005C.JPEG",
    "cantidad_archivos": 1,
    "archivos_fuente": [
      "Pictures/Fototeca de Fotos.photoslibrary/resources/derivatives/masters/8/8E74C08C-69AC-4E90-88A0-44CDBEE41A14_4_5005_c.jpeg"
    ],
    "ultima_modificacion": "2025-08-01 01:01:10.643558"
  },
  "82e4e7415c334a98bc0146961a743d2945005c.jpeg": {
    "app_sintetizada": "82E4E7415C334A98BC0146961A743D2945005C.JPEG",
    "cantidad_archivos": 1,
    "archivos_fuente": [
      "Pictures/Fototeca de Fotos.photoslibrary/resources/derivatives/masters/8/82E4E741-5C33-4A98-BC01-46961A743D29_4_5005_c.jpeg"
    ],
    "ultima_modificacion": "2025-08-01 01:01:10.643849"
  },
  "825d2722bd4a469e8c133e9dd0b0f2a545005c.jpeg": {
    "app_sintetizada": "825D2722BD4A469E8C133E9DD0B0F2A545005C.JPEG",
    "cantidad_archivos": 1,
    "archivos_fuente": [
      "Pictures/Fototeca de Fotos.photoslibrary/resources/derivatives/masters/8/825D2722-BD4A-469E-8C13-3E9DD0B0F2A5_4_5005_c.jpeg"
    ],
    "ultima_modificacion": "2025-08-01 01:01:10.644133"
  },
  "89fc0bb71452459f8c9013ae7604def045005c.jpeg": {
    "app_sintetizada": "89FC0BB71452459F8C9013AE7604DEF045005C.JPEG",
    "cantidad_archivos": 1,
    "archivos_fuente": [
      "Pictures/Fototeca de Fotos.photoslibrary/resources/derivatives/masters/8/89FC0BB7-1452-459F-8C90-13AE7604DEF0_4_5005_c.jpeg"
    ],
    "ultima_modificacion": "2025-08-01 01:01:10.644412"
  },
  "8422edbc386f45f4a0edc3601928aae645005c.jpeg": {
    "app_sintetizada": "8422EDBC386F45F4A0EDC3601928AAE645005C.JPEG",
    "cantidad_archivos": 1,
    "archivos_fuente": [
      "Pictures/Fototeca de Fotos.photoslibrary/resources/derivatives/masters/8/8422EDBC-386F-45F4-A0ED-C3601928AAE6_4_5005_c.jpeg"
    ],
    "ultima_modificacion": "2025-08-01 01:01:10.644725"
  },
  "81b99a9f4165432d843e6edf39a7e0c245005c.jpeg": {
    "app_sintetizada": "81B99A9F4165432D843E6EDF39A7E0C245005C.JPEG",
    "cantidad_archivos": 1,
    "archivos_fuente": [
      "Pictures/Fototeca de Fotos.photoslibrary/resources/derivatives/masters/8/81B99A9F-4165-432D-843E-6EDF39A7E0C2_4_5005_c.jpeg"
    ],
    "ultima_modificacion": "2025-08-01 01:01:10.645007"
  },
  "8c1b98cc528c4e78b8d61bd7cfee097145005c.jpeg": {
    "app_sintetizada": "8C1B98CC528C4E78B8D61BD7CFEE097145005C.JPEG",
    "cantidad_archivos": 1,
    "archivos_fuente": [
      "Pictures/Fototeca de Fotos.photoslibrary/resources/derivatives/masters/8/8C1B98CC-528C-4E78-B8D6-1BD7CFEE0971_4_5005_c.jpeg"
    ],
    "ultima_modificacion": "2025-08-01 01:01:10.645334"
  },
  "8c652c9d3be54f28a2295a7a3cb10a2145005c.jpeg": {
    "app_sintetizada": "8C652C9D3BE54F28A2295A7A3CB10A2145005C.JPEG",
    "cantidad_archivos": 1,
    "archivos_fuente": [
      "Pictures/Fototeca de Fotos.photoslibrary/resources/derivatives/masters/8/8C652C9D-3BE5-4F28-A229-5A7A3CB10A21_4_5005_c.jpeg"
    ],
    "ultima_modificacion": "2025-08-01 01:01:10.645655"
  },
  "8f59610f735f41d3be962c14bf0eae8845005c.jpeg": {
    "app_sintetizada": "8F59610F735F41D3BE962C14BF0EAE8845005C.JPEG",
    "cantidad_archivos": 1,
    "archivos_fuente": [
      "Pictures/Fototeca de Fotos.photoslibrary/resources/derivatives/masters/8/8F59610F-735F-41D3-BE96-2C14BF0EAE88_4_5005_c.jpeg"
    ],
    "ultima_modificacion": "2025-08-01 01:01:10.645967"
  },
  "83ba73e547ac4a8b833f167f1ba98ffc45005c.jpeg": {
    "app_sintetizada": "83BA73E547AC4A8B833F167F1BA98FFC45005C.JPEG",
    "cantidad_archivos": 1,
    "archivos_fuente": [
      "Pictures/Fototeca de Fotos.photoslibrary/resources/derivatives/masters/8/83BA73E5-47AC-4A8B-833F-167F1BA98FFC_4_5005_c.jpeg"
    ],
    "ultima_modificacion": "2025-08-01 01:01:10.646326"
  },
  "805b1ef07c314b3e9cf2a040879def7b45005c.jpeg": {
    "app_sintetizada": "805B1EF07C314B3E9CF2A040879DEF7B45005C.JPEG",
    "cantidad_archivos": 1,
    "archivos_fuente": [
      "Pictures/Fototeca de Fotos.photoslibrary/resources/derivatives/masters/8/805B1EF0-7C31-4B3E-9CF2-A040879DEF7B_4_5005_c.jpeg"
    ],
    "ultima_modificacion": "2025-08-01 01:01:10.646676"
  },
  "8be1c8a6cfc04095baf71ee825a718d745005c.jpeg": {
    "app_sintetizada": "8BE1C8A6CFC04095BAF71EE825A718D745005C.JPEG",
    "cantidad_archivos": 1,
    "archivos_fuente": [
      "Pictures/Fototeca de Fotos.photoslibrary/resources/derivatives/masters/8/8BE1C8A6-CFC0-4095-BAF7-1EE825A718D7_4_5005_c.jpeg"
    ],
    "ultima_modificacion": "2025-08-01 01:01:10.646995"
  },
  "82c74c62783649fbb5ec176c7d74347c45005c.jpeg": {
    "app_sintetizada": "82C74C62783649FBB5EC176C7D74347C45005C.JPEG",
    "cantidad_archivos": 1,
    "archivos_fuente": [
      "Pictures/Fototeca de Fotos.photoslibrary/resources/derivatives/masters/8/82C74C62-7836-49FB-B5EC-176C7D74347C_4_5005_c.jpeg"
    ],
    "ultima_modificacion": "2025-08-01 01:01:10.647345"
  },
  "84a924acce394b92af431dd9363ce2e245005c.jpeg": {
    "app_sintetizada": "84A924ACCE394B92AF431DD9363CE2E245005C.JPEG",
    "cantidad_archivos": 1,
    "archivos_fuente": [
      "Pictures/Fototeca de Fotos.photoslibrary/resources/derivatives/masters/8/84A924AC-CE39-4B92-AF43-1DD9363CE2E2_4_5005_c.jpeg"
    ],
    "ultima_modificacion": "2025-08-01 01:01:10.647654"
  },
  "8087147dc38a474e915d8a1374dc013545005c.jpeg": {
    "app_sintetizada": "8087147DC38A474E915D8A1374DC013545005C.JPEG",
    "cantidad_archivos": 1,
    "archivos_fuente": [
      "Pictures/Fototeca de Fotos.photoslibrary/resources/derivatives/masters/8/8087147D-C38A-474E-915D-8A1374DC0135_4_5005_c.jpeg"
    ],
    "ultima_modificacion": "2025-08-01 01:01:10.647961"
  },
  "842d0158fb7644a8ad2d17676cdd1bf445005c.jpeg": {
    "app_sintetizada": "842D0158FB7644A8AD2D17676CDD1BF445005C.JPEG",
    "cantidad_archivos": 1,
    "archivos_fuente": [
      "Pictures/Fototeca de Fotos.photoslibrary/resources/derivatives/masters/8/842D0158-FB76-44A8-AD2D-17676CDD1BF4_4_5005_c.jpeg"
    ],
    "ultima_modificacion": "2025-08-01 01:01:10.648261"
  },
  "828bd696ca95487890c003a84eaac46445005c.jpeg": {
    "app_sintetizada": "828BD696CA95487890C003A84EAAC46445005C.JPEG",
    "cantidad_archivos": 1,
    "archivos_fuente": [
      "Pictures/Fototeca de Fotos.photoslibrary/resources/derivatives/masters/8/828BD696-CA95-4878-90C0-03A84EAAC464_4_5005_c.jpeg"
    ],
    "ultima_modificacion": "2025-08-01 01:01:10.648591"
  },
  "8d2d300f8ba841489bfd761b5e8beb0c45005c.jpeg": {
    "app_sintetizada": "8D2D300F8BA841489BFD761B5E8BEB0C45005C.JPEG",
    "cantidad_archivos": 1,
    "archivos_fuente": [
      "Pictures/Fototeca de Fotos.photoslibrary/resources/derivatives/masters/8/8D2D300F-8BA8-4148-9BFD-761B5E8BEB0C_4_5005_c.jpeg"
    ],
    "ultima_modificacion": "2025-08-01 01:01:10.648892"
  },
  "8a49065c535248b185a45a0f0f8bc81245005c.jpeg": {
    "app_sintetizada": "8A49065C535248B185A45A0F0F8BC81245005C.JPEG",
    "cantidad_archivos": 1,
    "archivos_fuente": [
      "Pictures/Fototeca de Fotos.photoslibrary/resources/derivatives/masters/8/8A49065C-5352-48B1-85A4-5A0F0F8BC812_4_5005_c.jpeg"
    ],
    "ultima_modificacion": "2025-08-01 01:01:10.649207"
  },
  "871a3b24615646fcaabd2a61d14b1e9245005c.jpeg": {
    "app_sintetizada": "871A3B24615646FCAABD2A61D14B1E9245005C.JPEG",
    "cantidad_archivos": 1,
    "archivos_fuente": [
      "Pictures/Fototeca de Fotos.photoslibrary/resources/derivatives/masters/8/871A3B24-6156-46FC-AABD-2A61D14B1E92_4_5005_c.jpeg"
    ],
    "ultima_modificacion": "2025-08-01 01:01:10.649602"
  },
  "89fd241ca2474ccbaddf0c597185303745005c.jpeg": {
    "app_sintetizada": "89FD241CA2474CCBADDF0C597185303745005C.JPEG",
    "cantidad_archivos": 1,
    "archivos_fuente": [
      "Pictures/Fototeca de Fotos.photoslibrary/resources/derivatives/masters/8/89FD241C-A247-4CCB-ADDF-0C5971853037_4_5005_c.jpeg"
    ],
    "ultima_modificacion": "2025-08-01 01:01:10.649905"
  },
  "86782f6d3191428ea24807071a983c2e45005c.jpeg": {
    "app_sintetizada": "86782F6D3191428EA24807071A983C2E45005C.JPEG",
    "cantidad_archivos": 1,
    "archivos_fuente": [
      "Pictures/Fototeca de Fotos.photoslibrary/resources/derivatives/masters/8/86782F6D-3191-428E-A248-07071A983C2E_4_5005_c.jpeg"
    ],
    "ultima_modificacion": "2025-08-01 01:01:10.650217"
  },
  "89f91af6e5a54a0ca7b7a05bdea67ea545005c.jpeg": {
    "app_sintetizada": "89F91AF6E5A54A0CA7B7A05BDEA67EA545005C.JPEG",
    "cantidad_archivos": 1,
    "archivos_fuente": [
      "Pictures/Fototeca de Fotos.photoslibrary/resources/derivatives/masters/8/89F91AF6-E5A5-4A0C-A7B7-A05BDEA67EA5_4_5005_c.jpeg"
    ],
    "ultima_modificacion": "2025-08-01 01:01:10.650532"
  },
  "808ba8d89f3945008b92f40e0359669e45005c.jpeg": {
    "app_sintetizada": "808BA8D89F3945008B92F40E0359669E45005C.JPEG",
    "cantidad_archivos": 1,
    "archivos_fuente": [
      "Pictures/Fototeca de Fotos.photoslibrary/resources/derivatives/masters/8/808BA8D8-9F39-4500-8B92-F40E0359669E_4_5005_c.jpeg"
    ],
    "ultima_modificacion": "2025-08-01 01:01:10.650898"
  },
  "81a6a76e76a34f43bb089eefb6e4f1e645005c.jpeg": {
    "app_sintetizada": "81A6A76E76A34F43BB089EEFB6E4F1E645005C.JPEG",
    "cantidad_archivos": 1,
    "archivos_fuente": [
      "Pictures/Fototeca de Fotos.photoslibrary/resources/derivatives/masters/8/81A6A76E-76A3-4F43-BB08-9EEFB6E4F1E6_4_5005_c.jpeg"
    ],
    "ultima_modificacion": "2025-08-01 01:01:10.651211"
  },
  "8a48a4826be442eb82129d64eff0c69b45005c.jpeg": {
    "app_sintetizada": "8A48A4826BE442EB82129D64EFF0C69B45005C.JPEG",
    "cantidad_archivos": 1,
    "archivos_fuente": [
      "Pictures/Fototeca de Fotos.photoslibrary/resources/derivatives/masters/8/8A48A482-6BE4-42EB-8212-9D64EFF0C69B_4_5005_c.jpeg"
    ],
    "ultima_modificacion": "2025-08-01 01:01:10.651531"
  },
  "87216c3a1b6643cda7c805553b51282045005c.jpeg": {
    "app_sintetizada": "87216C3A1B6643CDA7C805553B51282045005C.JPEG",
    "cantidad_archivos": 1,
    "archivos_fuente": [
      "Pictures/Fototeca de Fotos.photoslibrary/resources/derivatives/masters/8/87216C3A-1B66-43CD-A7C8-05553B512820_4_5005_c.jpeg"
    ],
    "ultima_modificacion": "2025-08-01 01:01:10.651863"
  },
  "8304326e3850485b807242656955061445005c.jpeg": {
    "app_sintetizada": "8304326E3850485B807242656955061445005C.JPEG",
    "cantidad_archivos": 1,
    "archivos_fuente": [
      "Pictures/Fototeca de Fotos.photoslibrary/resources/derivatives/masters/8/8304326E-3850-485B-8072-426569550614_4_5005_c.jpeg"
    ],
    "ultima_modificacion": "2025-08-01 01:01:10.652189"
  },
  "8032219d1fdc46ffadbc903d50d8f30445005c.jpeg": {
    "app_sintetizada": "8032219D1FDC46FFADBC903D50D8F30445005C.JPEG",
    "cantidad_archivos": 1,
    "archivos_fuente": [
      "Pictures/Fototeca de Fotos.photoslibrary/resources/derivatives/masters/8/8032219D-1FDC-46FF-ADBC-903D50D8F304_4_5005_c.jpeg"
    ],
    "ultima_modificacion": "2025-08-01 01:01:10.652485"
  },
  "80d6c0de31fd48e09ac5808d564a98e445005c.jpeg": {
    "app_sintetizada": "80D6C0DE31FD48E09AC5808D564A98E445005C.JPEG",
    "cantidad_archivos": 1,
    "archivos_fuente": [
      "Pictures/Fototeca de Fotos.photoslibrary/resources/derivatives/masters/8/80D6C0DE-31FD-48E0-9AC5-808D564A98E4_4_5005_c.jpeg"
    ],
    "ultima_modificacion": "2025-08-01 01:01:10.652784"
  },
  "8462c6597cb944588e6c28a4a137507a45005c.jpeg": {
    "app_sintetizada": "8462C6597CB944588E6C28A4A137507A45005C.JPEG",
    "cantidad_archivos": 1,
    "archivos_fuente": [
      "Pictures/Fototeca de Fotos.photoslibrary/resources/derivatives/masters/8/8462C659-7CB9-4458-8E6C-28A4A137507A_4_5005_c.jpeg"
    ],
    "ultima_modificacion": "2025-08-01 01:01:10.653087"
  },
  "85ec68ef846640a996ad9991d28d0d1845005c.jpeg": {
    "app_sintetizada": "85EC68EF846640A996AD9991D28D0D1845005C.JPEG",
    "cantidad_archivos": 1,
    "archivos_fuente": [
      "Pictures/Fototeca de Fotos.photoslibrary/resources/derivatives/masters/8/85EC68EF-8466-40A9-96AD-9991D28D0D18_4_5005_c.jpeg"
    ],
    "ultima_modificacion": "2025-08-01 01:01:10.653464"
  },
  "89336cb0e4e24931b4e31a4c53d5e09c45005c.jpeg": {
    "app_sintetizada": "89336CB0E4E24931B4E31A4C53D5E09C45005C.JPEG",
    "cantidad_archivos": 1,
    "archivos_fuente": [
      "Pictures/Fototeca de Fotos.photoslibrary/resources/derivatives/masters/8/89336CB0-E4E2-4931-B4E3-1A4C53D5E09C_4_5005_c.jpeg"
    ],
    "ultima_modificacion": "2025-08-01 01:01:10.653788"
  },
  "87cfe52f553e4d2dab8bc11bc018e89f45005c.jpeg": {
    "app_sintetizada": "87CFE52F553E4D2DAB8BC11BC018E89F45005C.JPEG",
    "cantidad_archivos": 1,
    "archivos_fuente": [
      "Pictures/Fototeca de Fotos.photoslibrary/resources/derivatives/masters/8/87CFE52F-553E-4D2D-AB8B-C11BC018E89F_4_5005_c.jpeg"
    ],
    "ultima_modificacion": "2025-08-01 01:01:10.654262"
  },
  "833124f3f6954634944ca50abe959d3445005c.jpeg": {
    "app_sintetizada": "833124F3F6954634944CA50ABE959D3445005C.JPEG",
    "cantidad_archivos": 1,
    "archivos_fuente": [
      "Pictures/Fototeca de Fotos.photoslibrary/resources/derivatives/masters/8/833124F3-F695-4634-944C-A50ABE959D34_4_5005_c.jpeg"
    ],
    "ultima_modificacion": "2025-08-01 01:01:10.654602"
  },
  "843422bd317545c9896b0105e2294ba245005c.jpeg": {
    "app_sintetizada": "843422BD317545C9896B0105E2294BA245005C.JPEG",
    "cantidad_archivos": 1,
    "archivos_fuente": [
      "Pictures/Fototeca de Fotos.photoslibrary/resources/derivatives/masters/8/843422BD-3175-45C9-896B-0105E2294BA2_4_5005_c.jpeg"
    ],
    "ultima_modificacion": "2025-08-01 01:01:10.654911"
  },
  "832fbcf47421443e963740b1a856c32245005c.jpeg": {
    "app_sintetizada": "832FBCF47421443E963740B1A856C32245005C.JPEG",
    "cantidad_archivos": 1,
    "archivos_fuente": [
      "Pictures/Fototeca de Fotos.photoslibrary/resources/derivatives/masters/8/832FBCF4-7421-443E-9637-40B1A856C322_4_5005_c.jpeg"
    ],
    "ultima_modificacion": "2025-08-01 01:01:10.655236"
  },
  "8726c79d15b14539a76c79eb5ea4f20f45005c.jpeg": {
    "app_sintetizada": "8726C79D15B14539A76C79EB5EA4F20F45005C.JPEG",
    "cantidad_archivos": 1,
    "archivos_fuente": [
      "Pictures/Fototeca de Fotos.photoslibrary/resources/derivatives/masters/8/8726C79D-15B1-4539-A76C-79EB5EA4F20F_4_5005_c.jpeg"
    ],
    "ultima_modificacion": "2025-08-01 01:01:10.655654"
  },
  "81d1a2d16624416f832241a62a26120645005c.jpeg": {
    "app_sintetizada": "81D1A2D16624416F832241A62A26120645005C.JPEG",
    "cantidad_archivos": 1,
    "archivos_fuente": [
      "Pictures/Fototeca de Fotos.photoslibrary/resources/derivatives/masters/8/81D1A2D1-6624-416F-8322-41A62A261206_4_5005_c.jpeg"
    ],
    "ultima_modificacion": "2025-08-01 01:01:10.656153"
  },
  "87d64b1140a84f8c9fe22984a889454745005c.jpeg": {
    "app_sintetizada": "87D64B1140A84F8C9FE22984A889454745005C.JPEG",
    "cantidad_archivos": 1,
    "archivos_fuente": [
      "Pictures/Fototeca de Fotos.photoslibrary/resources/derivatives/masters/8/87D64B11-40A8-4F8C-9FE2-2984A8894547_4_5005_c.jpeg"
    ],
    "ultima_modificacion": "2025-08-01 01:01:10.656602"
  },
  "8e5b7985146546f8ac430dc09571a4a545005c.jpeg": {
    "app_sintetizada": "8E5B7985146546F8AC430DC09571A4A545005C.JPEG",
    "cantidad_archivos": 1,
    "archivos_fuente": [
      "Pictures/Fototeca de Fotos.photoslibrary/resources/derivatives/masters/8/8E5B7985-1465-46F8-AC43-0DC09571A4A5_4_5005_c.jpeg"
    ],
    "ultima_modificacion": "2025-08-01 01:01:10.656923"
  },
  "8d56c556f7594e5c824a022cd6b58ee945005c.jpeg": {
    "app_sintetizada": "8D56C556F7594E5C824A022CD6B58EE945005C.JPEG",
    "cantidad_archivos": 1,
    "archivos_fuente": [
      "Pictures/Fototeca de Fotos.photoslibrary/resources/derivatives/masters/8/8D56C556-F759-4E5C-824A-022CD6B58EE9_4_5005_c.jpeg"
    ],
    "ultima_modificacion": "2025-08-01 01:01:10.657244"
  },
  "8f4881a9f883420480a43d8b8cd2d0f345005c.jpeg": {
    "app_sintetizada": "8F4881A9F883420480A43D8B8CD2D0F345005C.JPEG",
    "cantidad_archivos": 1,
    "archivos_fuente": [
      "Pictures/Fototeca de Fotos.photoslibrary/resources/derivatives/masters/8/8F4881A9-F883-4204-80A4-3D8B8CD2D0F3_4_5005_c.jpeg"
    ],
    "ultima_modificacion": "2025-08-01 01:01:10.657562"
  },
  "849b662a82ca4b4e8b1863ece5e267e945005c.jpeg": {
    "app_sintetizada": "849B662A82CA4B4E8B1863ECE5E267E945005C.JPEG",
    "cantidad_archivos": 1,
    "archivos_fuente": [
      "Pictures/Fototeca de Fotos.photoslibrary/resources/derivatives/masters/8/849B662A-82CA-4B4E-8B18-63ECE5E267E9_4_5005_c.jpeg"
    ],
    "ultima_modificacion": "2025-08-01 01:01:10.657969"
  },
  "893f0d8f8a8c4cb8bd10cceb97b23bec45005c.jpeg": {
    "app_sintetizada": "893F0D8F8A8C4CB8BD10CCEB97B23BEC45005C.JPEG",
    "cantidad_archivos": 1,
    "archivos_fuente": [
      "Pictures/Fototeca de Fotos.photoslibrary/resources/derivatives/masters/8/893F0D8F-8A8C-4CB8-BD10-CCEB97B23BEC_4_5005_c.jpeg"
    ],
    "ultima_modificacion": "2025-08-01 01:01:10.658364"
  },
  "80dbb8732297478d9d94460f54c615a845005c.jpeg": {
    "app_sintetizada": "80DBB8732297478D9D94460F54C615A845005C.JPEG",
    "cantidad_archivos": 1,
    "archivos_fuente": [
      "Pictures/Fototeca de Fotos.photoslibrary/resources/derivatives/masters/8/80DBB873-2297-478D-9D94-460F54C615A8_4_5005_c.jpeg"
    ],
    "ultima_modificacion": "2025-08-01 01:01:10.658722"
  },
  "807f27e86001469eb3c5584454afbe1545005c.jpeg": {
    "app_sintetizada": "807F27E86001469EB3C5584454AFBE1545005C.JPEG",
    "cantidad_archivos": 1,
    "archivos_fuente": [
      "Pictures/Fototeca de Fotos.photoslibrary/resources/derivatives/masters/8/807F27E8-6001-469E-B3C5-584454AFBE15_4_5005_c.jpeg"
    ],
    "ultima_modificacion": "2025-08-01 01:01:10.659073"
  },
  "8f000a9c82bc4852851ce0b742a7f95045005c.jpeg": {
    "app_sintetizada": "8F000A9C82BC4852851CE0B742A7F95045005C.JPEG",
    "cantidad_archivos": 1,
    "archivos_fuente": [
      "Pictures/Fototeca de Fotos.photoslibrary/resources/derivatives/masters/8/8F000A9C-82BC-4852-851C-E0B742A7F950_4_5005_c.jpeg"
    ],
    "ultima_modificacion": "2025-08-01 01:01:10.659890"
  },
  "8de2a348c4434ef5aa699a647b8a9fe945005c.jpeg": {
    "app_sintetizada": "8DE2A348C4434EF5AA699A647B8A9FE945005C.JPEG",
    "cantidad_archivos": 1,
    "archivos_fuente": [
      "Pictures/Fototeca de Fotos.photoslibrary/resources/derivatives/masters/8/8DE2A348-C443-4EF5-AA69-9A647B8A9FE9_4_5005_c.jpeg"
    ],
    "ultima_modificacion": "2025-08-01 01:01:10.660303"
  },
  "821466e971564e0d8557221fc87b5e7545005c.jpeg": {
    "app_sintetizada": "821466E971564E0D8557221FC87B5E7545005C.JPEG",
    "cantidad_archivos": 1,
    "archivos_fuente": [
      "Pictures/Fototeca de Fotos.photoslibrary/resources/derivatives/masters/8/821466E9-7156-4E0D-8557-221FC87B5E75_4_5005_c.jpeg"
    ],
    "ultima_modificacion": "2025-08-01 01:01:10.660670"
  },
  "87a395740ca34b8b8cb8ebad6f0ec0d945005c.jpeg": {
    "app_sintetizada": "87A395740CA34B8B8CB8EBAD6F0EC0D945005C.JPEG",
    "cantidad_archivos": 1,
    "archivos_fuente": [
      "Pictures/Fototeca de Fotos.photoslibrary/resources/derivatives/masters/8/87A39574-0CA3-4B8B-8CB8-EBAD6F0EC0D9_4_5005_c.jpeg"
    ],
    "ultima_modificacion": "2025-08-01 01:01:10.661227"
  },
  "808fe9d081ea4185876d037e428ab5a445005c.jpeg": {
    "app_sintetizada": "808FE9D081EA4185876D037E428AB5A445005C.JPEG",
    "cantidad_archivos": 1,
    "archivos_fuente": [
      "Pictures/Fototeca de Fotos.photoslibrary/resources/derivatives/masters/8/808FE9D0-81EA-4185-876D-037E428AB5A4_4_5005_c.jpeg"
    ],
    "ultima_modificacion": "2025-08-01 01:01:10.661560"
  },
  "88a0af5b26194be68bf36d1fca9a5f4945005c.jpeg": {
    "app_sintetizada": "88A0AF5B26194BE68BF36D1FCA9A5F4945005C.JPEG",
    "cantidad_archivos": 1,
    "archivos_fuente": [
      "Pictures/Fototeca de Fotos.photoslibrary/resources/derivatives/masters/8/88A0AF5B-2619-4BE6-8BF3-6D1FCA9A5F49_4_5005_c.jpeg"
    ],
    "ultima_modificacion": "2025-08-01 01:01:10.661822"
  },
  "8afb8af8923a4232a854d920d148262545005c.jpeg": {
    "app_sintetizada": "8AFB8AF8923A4232A854D920D148262545005C.JPEG",
    "cantidad_archivos": 1,
    "archivos_fuente": [
      "Pictures/Fototeca de Fotos.photoslibrary/resources/derivatives/masters/8/8AFB8AF8-923A-4232-A854-D920D1482625_4_5005_c.jpeg"
    ],
    "ultima_modificacion": "2025-08-01 01:01:10.662182"
  },
  "8ace3d85cbd745eab5ea2a5f7244061a45005c.jpeg": {
    "app_sintetizada": "8ACE3D85CBD745EAB5EA2A5F7244061A45005C.JPEG",
    "cantidad_archivos": 1,
    "archivos_fuente": [
      "Pictures/Fototeca de Fotos.photoslibrary/resources/derivatives/masters/8/8ACE3D85-CBD7-45EA-B5EA-2A5F7244061A_4_5005_c.jpeg"
    ],
    "ultima_modificacion": "2025-08-01 01:01:10.662578"
  },
  "8176a32a4cb943398a58a82ebf574d9745005c.jpeg": {
    "app_sintetizada": "8176A32A4CB943398A58A82EBF574D9745005C.JPEG",
    "cantidad_archivos": 1,
    "archivos_fuente": [
      "Pictures/Fototeca de Fotos.photoslibrary/resources/derivatives/masters/8/8176A32A-4CB9-4339-8A58-A82EBF574D97_4_5005_c.jpeg"
    ],
    "ultima_modificacion": "2025-08-01 01:01:10.662858"
  },
  "810b5388c0544303b32e72f96da373b945005c.jpeg": {
    "app_sintetizada": "810B5388C0544303B32E72F96DA373B945005C.JPEG",
    "cantidad_archivos": 1,
    "archivos_fuente": [
      "Pictures/Fototeca de Fotos.photoslibrary/resources/derivatives/masters/8/810B5388-C054-4303-B32E-72F96DA373B9_4_5005_c.jpeg"
    ],
    "ultima_modificacion": "2025-08-01 01:01:10.663268"
  },
  "81e51d5a499240dba6734be212644abd45005c.jpeg": {
    "app_sintetizada": "81E51D5A499240DBA6734BE212644ABD45005C.JPEG",
    "cantidad_archivos": 1,
    "archivos_fuente": [
      "Pictures/Fototeca de Fotos.photoslibrary/resources/derivatives/masters/8/81E51D5A-4992-40DB-A673-4BE212644ABD_4_5005_c.jpeg"
    ],
    "ultima_modificacion": "2025-08-01 01:01:10.663535"
  },
  "8ccaa4a506f044c4806e95172cb4603045005c.jpeg": {
    "app_sintetizada": "8CCAA4A506F044C4806E95172CB4603045005C.JPEG",
    "cantidad_archivos": 1,
    "archivos_fuente": [
      "Pictures/Fototeca de Fotos.photoslibrary/resources/derivatives/masters/8/8CCAA4A5-06F0-44C4-806E-95172CB46030_4_5005_c.jpeg"
    ],
    "ultima_modificacion": "2025-08-01 01:01:10.663831"
  },
  "8d6241bb634c4664b39c7b6bd35869a445005c.jpeg": {
    "app_sintetizada": "8D6241BB634C4664B39C7B6BD35869A445005C.JPEG",
    "cantidad_archivos": 1,
    "archivos_fuente": [
      "Pictures/Fototeca de Fotos.photoslibrary/resources/derivatives/masters/8/8D6241BB-634C-4664-B39C-7B6BD35869A4_4_5005_c.jpeg"
    ],
    "ultima_modificacion": "2025-08-01 01:01:10.664187"
  },
  "8d8930cdfd274be0bcedf57d42007a1145005c.jpeg": {
    "app_sintetizada": "8D8930CDFD274BE0BCEDF57D42007A1145005C.JPEG",
    "cantidad_archivos": 1,
    "archivos_fuente": [
      "Pictures/Fototeca de Fotos.photoslibrary/resources/derivatives/masters/8/8D8930CD-FD27-4BE0-BCED-F57D42007A11_4_5005_c.jpeg"
    ],
    "ultima_modificacion": "2025-08-01 01:01:10.664498"
  },
  "8c6e0efdcc5a498e80522574b2df746745005c.jpeg": {
    "app_sintetizada": "8C6E0EFDCC5A498E80522574B2DF746745005C.JPEG",
    "cantidad_archivos": 1,
    "archivos_fuente": [
      "Pictures/Fototeca de Fotos.photoslibrary/resources/derivatives/masters/8/8C6E0EFD-CC5A-498E-8052-2574B2DF7467_4_5005_c.jpeg"
    ],
    "ultima_modificacion": "2025-08-01 01:01:10.664809"
  },
  "81c09e7882f741628d3cf9b8337aca7545005c.jpeg": {
    "app_sintetizada": "81C09E7882F741628D3CF9B8337ACA7545005C.JPEG",
    "cantidad_archivos": 1,
    "archivos_fuente": [
      "Pictures/Fototeca de Fotos.photoslibrary/resources/derivatives/masters/8/81C09E78-82F7-4162-8D3C-F9B8337ACA75_4_5005_c.jpeg"
    ],
    "ultima_modificacion": "2025-08-01 01:01:10.665130"
  },
  "865683fef04b4abc83dcdc9962e3ed6745005c.jpeg": {
    "app_sintetizada": "865683FEF04B4ABC83DCDC9962E3ED6745005C.JPEG",
    "cantidad_archivos": 1,
    "archivos_fuente": [
      "Pictures/Fototeca de Fotos.photoslibrary/resources/derivatives/masters/8/865683FE-F04B-4ABC-83DC-DC9962E3ED67_4_5005_c.jpeg"
    ],
    "ultima_modificacion": "2025-08-01 01:01:10.665466"
  },
  "8c52a35b738e43fc8d9511711a4db50545005c.jpeg": {
    "app_sintetizada": "8C52A35B738E43FC8D9511711A4DB50545005C.JPEG",
    "cantidad_archivos": 1,
    "archivos_fuente": [
      "Pictures/Fototeca de Fotos.photoslibrary/resources/derivatives/masters/8/8C52A35B-738E-43FC-8D95-11711A4DB505_4_5005_c.jpeg"
    ],
    "ultima_modificacion": "2025-08-01 01:01:10.665749"
  },
  "8dbda110c3834b34b915e35deb4baaef45005c.jpeg": {
    "app_sintetizada": "8DBDA110C3834B34B915E35DEB4BAAEF45005C.JPEG",
    "cantidad_archivos": 1,
    "archivos_fuente": [
      "Pictures/Fototeca de Fotos.photoslibrary/resources/derivatives/masters/8/8DBDA110-C383-4B34-B915-E35DEB4BAAEF_4_5005_c.jpeg"
    ],
    "ultima_modificacion": "2025-08-01 01:01:10.666083"
  },
  "849c8127265a49a4b33bcbe2a19e02be45005c.jpeg": {
    "app_sintetizada": "849C8127265A49A4B33BCBE2A19E02BE45005C.JPEG",
    "cantidad_archivos": 1,
    "archivos_fuente": [
      "Pictures/Fototeca de Fotos.photoslibrary/resources/derivatives/masters/8/849C8127-265A-49A4-B33B-CBE2A19E02BE_4_5005_c.jpeg"
    ],
    "ultima_modificacion": "2025-08-01 01:01:10.666331"
  },
  "86407f68a7464f25bc910e58754a61fd45005c.jpeg": {
    "app_sintetizada": "86407F68A7464F25BC910E58754A61FD45005C.JPEG",
    "cantidad_archivos": 1,
    "archivos_fuente": [
      "Pictures/Fototeca de Fotos.photoslibrary/resources/derivatives/masters/8/86407F68-A746-4F25-BC91-0E58754A61FD_4_5005_c.jpeg"
    ],
    "ultima_modificacion": "2025-08-01 01:01:10.666618"
  },
  "874e656e3e63455d9f4363d45593487445005c.jpeg": {
    "app_sintetizada": "874E656E3E63455D9F4363D45593487445005C.JPEG",
    "cantidad_archivos": 1,
    "archivos_fuente": [
      "Pictures/Fototeca de Fotos.photoslibrary/resources/derivatives/masters/8/874E656E-3E63-455D-9F43-63D455934874_4_5005_c.jpeg"
    ],
    "ultima_modificacion": "2025-08-01 01:01:10.666877"
  },
  "8e6040e627c44919b611955db5c9b51545005c.jpeg": {
    "app_sintetizada": "8E6040E627C44919B611955DB5C9B51545005C.JPEG",
    "cantidad_archivos": 1,
    "archivos_fuente": [
      "Pictures/Fototeca de Fotos.photoslibrary/resources/derivatives/masters/8/8E6040E6-27C4-4919-B611-955DB5C9B515_4_5005_c.jpeg"
    ],
    "ultima_modificacion": "2025-08-01 01:01:10.667164"
  },
  "859a2eb69c954611bf3be45fa272997f45005c.jpeg": {
    "app_sintetizada": "859A2EB69C954611BF3BE45FA272997F45005C.JPEG",
    "cantidad_archivos": 1,
    "archivos_fuente": [
      "Pictures/Fototeca de Fotos.photoslibrary/resources/derivatives/masters/8/859A2EB6-9C95-4611-BF3B-E45FA272997F_4_5005_c.jpeg"
    ],
    "ultima_modificacion": "2025-08-01 01:01:10.667482"
  },
  "8817dd362f654209b1a86fa9a6711e0545005c.jpeg": {
    "app_sintetizada": "8817DD362F654209B1A86FA9A6711E0545005C.JPEG",
    "cantidad_archivos": 1,
    "archivos_fuente": [
      "Pictures/Fototeca de Fotos.photoslibrary/resources/derivatives/masters/8/8817DD36-2F65-4209-B1A8-6FA9A6711E05_4_5005_c.jpeg"
    ],
    "ultima_modificacion": "2025-08-01 01:01:10.667749"
  },
  "816dfc8a88d24b8c9d97da710b4f5fec45005c.jpeg": {
    "app_sintetizada": "816DFC8A88D24B8C9D97DA710B4F5FEC45005C.JPEG",
    "cantidad_archivos": 1,
    "archivos_fuente": [
      "Pictures/Fototeca de Fotos.photoslibrary/resources/derivatives/masters/8/816DFC8A-88D2-4B8C-9D97-DA710B4F5FEC_4_5005_c.jpeg"
    ],
    "ultima_modificacion": "2025-08-01 01:01:10.668002"
  },
  "8ea1081ca158494d8672aa80326f4bac45005c.jpeg": {
    "app_sintetizada": "8EA1081CA158494D8672AA80326F4BAC45005C.JPEG",
    "cantidad_archivos": 1,
    "archivos_fuente": [
      "Pictures/Fototeca de Fotos.photoslibrary/resources/derivatives/masters/8/8EA1081C-A158-494D-8672-AA80326F4BAC_4_5005_c.jpeg"
    ],
    "ultima_modificacion": "2025-08-01 01:01:10.668301"
  },
  "89b127db9d6a4488a82771e251fd977445005c.jpeg": {
    "app_sintetizada": "89B127DB9D6A4488A82771E251FD977445005C.JPEG",
    "cantidad_archivos": 1,
    "archivos_fuente": [
      "Pictures/Fototeca de Fotos.photoslibrary/resources/derivatives/masters/8/89B127DB-9D6A-4488-A827-71E251FD9774_4_5005_c.jpeg"
    ],
    "ultima_modificacion": "2025-08-01 01:01:10.668545"
  },
  "8f02cd42b1094445a9e9aba86a87b7ec45005c.jpeg": {
    "app_sintetizada": "8F02CD42B1094445A9E9ABA86A87B7EC45005C.JPEG",
    "cantidad_archivos": 1,
    "archivos_fuente": [
      "Pictures/Fototeca de Fotos.photoslibrary/resources/derivatives/masters/8/8F02CD42-B109-4445-A9E9-ABA86A87B7EC_4_5005_c.jpeg"
    ],
    "ultima_modificacion": "2025-08-01 01:01:10.668836"
  },
  "878646eadfa843d4a9bf854fab35424845005c.jpeg": {
    "app_sintetizada": "878646EADFA843D4A9BF854FAB35424845005C.JPEG",
    "cantidad_archivos": 1,
    "archivos_fuente": [
      "Pictures/Fototeca de Fotos.photoslibrary/resources/derivatives/masters/8/878646EA-DFA8-43D4-A9BF-854FAB354248_4_5005_c.jpeg"
    ],
    "ultima_modificacion": "2025-08-01 01:01:10.669096"
  },
  "8f14599bb5c546589829d673a5366a9545005c.jpeg": {
    "app_sintetizada": "8F14599BB5C546589829D673A5366A9545005C.JPEG",
    "cantidad_archivos": 1,
    "archivos_fuente": [
      "Pictures/Fototeca de Fotos.photoslibrary/resources/derivatives/masters/8/8F14599B-B5C5-4658-9829-D673A5366A95_4_5005_c.jpeg"
    ],
    "ultima_modificacion": "2025-08-01 01:01:10.669382"
  },
  "8844bc33d3384cc68ad38253a74018bc45005c.jpeg": {
    "app_sintetizada": "8844BC33D3384CC68AD38253A74018BC45005C.JPEG",
    "cantidad_archivos": 1,
    "archivos_fuente": [
      "Pictures/Fototeca de Fotos.photoslibrary/resources/derivatives/masters/8/8844BC33-D338-4CC6-8AD3-8253A74018BC_4_5005_c.jpeg"
    ],
    "ultima_modificacion": "2025-08-01 01:01:10.669712"
  },
  "8df1804c8c164fe49155782e3d77206c45005c.jpeg": {
    "app_sintetizada": "8DF1804C8C164FE49155782E3D77206C45005C.JPEG",
    "cantidad_archivos": 1,
    "archivos_fuente": [
      "Pictures/Fototeca de Fotos.photoslibrary/resources/derivatives/masters/8/8DF1804C-8C16-4FE4-9155-782E3D77206C_4_5005_c.jpeg"
    ],
    "ultima_modificacion": "2025-08-01 01:01:10.669963"
  },
  "8b8533f262414d86bf5462cce4e161d145005c.jpeg": {
    "app_sintetizada": "8B8533F262414D86BF5462CCE4E161D145005C.JPEG",
    "cantidad_archivos": 1,
    "archivos_fuente": [
      "Pictures/Fototeca de Fotos.photoslibrary/resources/derivatives/masters/8/8B8533F2-6241-4D86-BF54-62CCE4E161D1_4_5005_c.jpeg"
    ],
    "ultima_modificacion": "2025-08-01 01:01:10.670247"
  },
  "8839760803b845ea927cb15b0f6f2ae945005c.jpeg": {
    "app_sintetizada": "8839760803B845EA927CB15B0F6F2AE945005C.JPEG",
    "cantidad_archivos": 1,
    "archivos_fuente": [
      "Pictures/Fototeca de Fotos.photoslibrary/resources/derivatives/masters/8/88397608-03B8-45EA-927C-B15B0F6F2AE9_4_5005_c.jpeg"
    ],
    "ultima_modificacion": "2025-08-01 01:01:10.670487"
  },
  "82d7501e63434046981acf3c532314e145005c.jpeg": {
    "app_sintetizada": "82D7501E63434046981ACF3C532314E145005C.JPEG",
    "cantidad_archivos": 1,
    "archivos_fuente": [
      "Pictures/Fototeca de Fotos.photoslibrary/resources/derivatives/masters/8/82D7501E-6343-4046-981A-CF3C532314E1_4_5005_c.jpeg"
    ],
    "ultima_modificacion": "2025-08-01 01:01:10.670775"
  },
  "874cb7dba93349b3a38aa7cb9032b96d45005c.jpeg": {
    "app_sintetizada": "874CB7DBA93349B3A38AA7CB9032B96D45005C.JPEG",
    "cantidad_archivos": 1,
    "archivos_fuente": [
      "Pictures/Fototeca de Fotos.photoslibrary/resources/derivatives/masters/8/874CB7DB-A933-49B3-A38A-A7CB9032B96D_4_5005_c.jpeg"
    ],
    "ultima_modificacion": "2025-08-01 01:01:10.671073"
  },
  "846d93b64097462e95edb31b5775eb8e45005c.jpeg": {
    "app_sintetizada": "846D93B64097462E95EDB31B5775EB8E45005C.JPEG",
    "cantidad_archivos": 1,
    "archivos_fuente": [
      "Pictures/Fototeca de Fotos.photoslibrary/resources/derivatives/masters/8/846D93B6-4097-462E-95ED-B31B5775EB8E_4_5005_c.jpeg"
    ],
    "ultima_modificacion": "2025-08-01 01:01:10.671334"
  },
  "8292c3a916ff4a26b8c185646d8d3ad745005c.jpeg": {
    "app_sintetizada": "8292C3A916FF4A26B8C185646D8D3AD745005C.JPEG",
    "cantidad_archivos": 1,
    "archivos_fuente": [
      "Pictures/Fototeca de Fotos.photoslibrary/resources/derivatives/masters/8/8292C3A9-16FF-4A26-B8C1-85646D8D3AD7_4_5005_c.jpeg"
    ],
    "ultima_modificacion": "2025-08-01 01:01:10.671582"
  },
  "8c28428f69594de29c6cad494beb1a3e45005c.jpeg": {
    "app_sintetizada": "8C28428F69594DE29C6CAD494BEB1A3E45005C.JPEG",
    "cantidad_archivos": 1,
    "archivos_fuente": [
      "Pictures/Fototeca de Fotos.photoslibrary/resources/derivatives/masters/8/8C28428F-6959-4DE2-9C6C-AD494BEB1A3E_4_5005_c.jpeg"
    ],
    "ultima_modificacion": "2025-08-01 01:01:10.671900"
  },
  "8a976476d41640ffbdb59cbc49bcd02545005c.jpeg": {
    "app_sintetizada": "8A976476D41640FFBDB59CBC49BCD02545005C.JPEG",
    "cantidad_archivos": 1,
    "archivos_fuente": [
      "Pictures/Fototeca de Fotos.photoslibrary/resources/derivatives/masters/8/8A976476-D416-40FF-BDB5-9CBC49BCD025_4_5005_c.jpeg"
    ],
    "ultima_modificacion": "2025-08-01 01:01:10.672245"
  },
  "86965439bcb04c53896b1def4f2aabc545005c.jpeg": {
    "app_sintetizada": "86965439BCB04C53896B1DEF4F2AABC545005C.JPEG",
    "cantidad_archivos": 1,
    "archivos_fuente": [
      "Pictures/Fototeca de Fotos.photoslibrary/resources/derivatives/masters/8/86965439-BCB0-4C53-896B-1DEF4F2AABC5_4_5005_c.jpeg"
    ],
    "ultima_modificacion": "2025-08-01 01:01:10.672534"
  },
  "8f9db85f7ce1489b9a409ce12f88523b45005c.jpeg": {
    "app_sintetizada": "8F9DB85F7CE1489B9A409CE12F88523B45005C.JPEG",
    "cantidad_archivos": 1,
    "archivos_fuente": [
      "Pictures/Fototeca de Fotos.photoslibrary/resources/derivatives/masters/8/8F9DB85F-7CE1-489B-9A40-9CE12F88523B_4_5005_c.jpeg"
    ],
    "ultima_modificacion": "2025-08-01 01:01:10.672829"
  },
  "86510bd04c1b4e54b339b22c0e6b6a2645005c.jpeg": {
    "app_sintetizada": "86510BD04C1B4E54B339B22C0E6B6A2645005C.JPEG",
    "cantidad_archivos": 1,
    "archivos_fuente": [
      "Pictures/Fototeca de Fotos.photoslibrary/resources/derivatives/masters/8/86510BD0-4C1B-4E54-B339-B22C0E6B6A26_4_5005_c.jpeg"
    ],
    "ultima_modificacion": "2025-08-01 01:01:10.673197"
  },
  "8a97f263380645da96a88b2b39e0a2ee45005c.jpeg": {
    "app_sintetizada": "8A97F263380645DA96A88B2B39E0A2EE45005C.JPEG",
    "cantidad_archivos": 1,
    "archivos_fuente": [
      "Pictures/Fototeca de Fotos.photoslibrary/resources/derivatives/masters/8/8A97F263-3806-45DA-96A8-8B2B39E0A2EE_4_5005_c.jpeg"
    ],
    "ultima_modificacion": "2025-08-01 01:01:10.673444"
  },
  "8ead019f38b84be0b6f06a1584ff45b645005c.jpeg": {
    "app_sintetizada": "8EAD019F38B84BE0B6F06A1584FF45B645005C.JPEG",
    "cantidad_archivos": 1,
    "archivos_fuente": [
      "Pictures/Fototeca de Fotos.photoslibrary/resources/derivatives/masters/8/8EAD019F-38B8-4BE0-B6F0-6A1584FF45B6_4_5005_c.jpeg"
    ],
    "ultima_modificacion": "2025-08-01 01:01:10.673758"
  },
  "85bb3224f1594693852cd70d242d1e0145005c.jpeg": {
    "app_sintetizada": "85BB3224F1594693852CD70D242D1E0145005C.JPEG",
    "cantidad_archivos": 1,
    "archivos_fuente": [
      "Pictures/Fototeca de Fotos.photoslibrary/resources/derivatives/masters/8/85BB3224-F159-4693-852C-D70D242D1E01_4_5005_c.jpeg"
    ],
    "ultima_modificacion": "2025-08-01 01:01:10.674028"
  },
  "86331992bf364827beaa2c514041fb9145005c.jpeg": {
    "app_sintetizada": "86331992BF364827BEAA2C514041FB9145005C.JPEG",
    "cantidad_archivos": 1,
    "archivos_fuente": [
      "Pictures/Fototeca de Fotos.photoslibrary/resources/derivatives/masters/8/86331992-BF36-4827-BEAA-2C514041FB91_4_5005_c.jpeg"
    ],
    "ultima_modificacion": "2025-08-01 01:01:10.674275"
  },
  "8fe32002f42e4becb8afa626a334800945005c.jpeg": {
    "app_sintetizada": "8FE32002F42E4BECB8AFA626A334800945005C.JPEG",
    "cantidad_archivos": 1,
    "archivos_fuente": [
      "Pictures/Fototeca de Fotos.photoslibrary/resources/derivatives/masters/8/8FE32002-F42E-4BEC-B8AF-A626A3348009_4_5005_c.jpeg"
    ],
    "ultima_modificacion": "2025-08-01 01:01:10.674529"
  }
}