{
  "111de4115516466fb72aff5b57200b8145005c.jpeg": {
    "app_sintetizada": "111DE4115516466FB72AFF5B57200B8145005C.JPEG",
    "cantidad_archivos": 1,
    "archivos_fuente": [
      "Pictures/Fototeca de Fotos.photoslibrary/resources/derivatives/masters/1/111DE411-5516-466F-B72A-FF5B57200B81_4_5005_c.jpeg"
    ],
    "ultima_modificacion": "2025-08-01 01:01:09.633548"
  },
  "131bd2767116466fa4f6892477391cc945005c.jpeg": {
    "app_sintetizada": "131BD2767116466FA4F6892477391CC945005C.JPEG",
    "cantidad_archivos": 1,
    "archivos_fuente": [
      "Pictures/Fototeca de Fotos.photoslibrary/resources/derivatives/masters/1/131BD276-7116-466F-A4F6-892477391CC9_4_5005_c.jpeg"
    ],
    "ultima_modificacion": "2025-08-01 01:01:09.633731"
  },
  "1c49b69db92947be897c26a463f4bfcf45005c.jpeg": {
    "app_sintetizada": "1C49B69DB92947BE897C26A463F4BFCF45005C.JPEG",
    "cantidad_archivos": 1,
    "archivos_fuente": [
      "Pictures/Fototeca de Fotos.photoslibrary/resources/derivatives/masters/1/1C49B69D-B929-47BE-897C-26A463F4BFCF_4_5005_c.jpeg"
    ],
    "ultima_modificacion": "2025-08-01 01:01:09.633909"
  },
  "18c6d7d40208423da8606eb04e8e150645005c.jpeg": {
    "app_sintetizada": "18C6D7D40208423DA8606EB04E8E150645005C.JPEG",
    "cantidad_archivos": 1,
    "archivos_fuente": [
      "Pictures/Fototeca de Fotos.photoslibrary/resources/derivatives/masters/1/18C6D7D4-0208-423D-A860-6EB04E8E1506_4_5005_c.jpeg"
    ],
    "ultima_modificacion": "2025-08-01 01:01:09.634106"
  },
  "1cf51dad9ae440fa940ae243cc83761f45005c.jpeg": {
    "app_sintetizada": "1CF51DAD9AE440FA940AE243CC83761F45005C.JPEG",
    "cantidad_archivos": 1,
    "archivos_fuente": [
      "Pictures/Fototeca de Fotos.photoslibrary/resources/derivatives/masters/1/1CF51DAD-9AE4-40FA-940A-E243CC83761F_4_5005_c.jpeg"
    ],
    "ultima_modificacion": "2025-08-01 01:01:09.634318"
  },
  "16e17e18f93747819c1309fbc8cf2edd45005c.jpeg": {
    "app_sintetizada": "16E17E18F93747819C1309FBC8CF2EDD45005C.JPEG",
    "cantidad_archivos": 1,
    "archivos_fuente": [
      "Pictures/Fototeca de Fotos.photoslibrary/resources/derivatives/masters/1/16E17E18-F937-4781-9C13-09FBC8CF2EDD_4_5005_c.jpeg"
    ],
    "ultima_modificacion": "2025-08-01 01:01:09.634653"
  },
  "1a6ff17e40f44d48af345b622b3980fe45005c.jpeg": {
    "app_sintetizada": "1A6FF17E40F44D48AF345B622B3980FE45005C.JPEG",
    "cantidad_archivos": 1,
    "archivos_fuente": [
      "Pictures/Fototeca de Fotos.photoslibrary/resources/derivatives/masters/1/1A6FF17E-40F4-4D48-AF34-5B622B3980FE_4_5005_c.jpeg"
    ],
    "ultima_modificacion": "2025-08-01 01:01:09.634975"
  },
  "1ad044b783ea4039b3acb73eb4c63f5e45005c.jpeg": {
    "app_sintetizada": "1AD044B783EA4039B3ACB73EB4C63F5E45005C.JPEG",
    "cantidad_archivos": 1,
    "archivos_fuente": [
      "Pictures/Fototeca de Fotos.photoslibrary/resources/derivatives/masters/1/1AD044B7-83EA-4039-B3AC-B73EB4C63F5E_4_5005_c.jpeg"
    ],
    "ultima_modificacion": "2025-08-01 01:01:09.635298"
  },
  "199301941f2f4dc78878c250e071865a45005c.jpeg": {
    "app_sintetizada": "199301941F2F4DC78878C250E071865A45005C.JPEG",
    "cantidad_archivos": 1,
    "archivos_fuente": [
      "Pictures/Fototeca de Fotos.photoslibrary/resources/derivatives/masters/1/19930194-1F2F-4DC7-8878-C250E071865A_4_5005_c.jpeg"
    ],
    "ultima_modificacion": "2025-08-01 01:01:09.635584"
  },
  "1ae8cc68c49c45c3a50a8f6783db6da845005c.jpeg": {
    "app_sintetizada": "1AE8CC68C49C45C3A50A8F6783DB6DA845005C.JPEG",
    "cantidad_archivos": 1,
    "archivos_fuente": [
      "Pictures/Fototeca de Fotos.photoslibrary/resources/derivatives/masters/1/1AE8CC68-C49C-45C3-A50A-8F6783DB6DA8_4_5005_c.jpeg"
    ],
    "ultima_modificacion": "2025-08-01 01:01:09.635869"
  },
  "138437fe0d2e445eba53330b0c4cbff645005c.jpeg": {
    "app_sintetizada": "138437FE0D2E445EBA53330B0C4CBFF645005C.JPEG",
    "cantidad_archivos": 1,
    "archivos_fuente": [
      "Pictures/Fototeca de Fotos.photoslibrary/resources/derivatives/masters/1/138437FE-0D2E-445E-BA53-330B0C4CBFF6_4_5005_c.jpeg"
    ],
    "ultima_modificacion": "2025-08-01 01:01:09.636155"
  },
  "1372825c63594ceab35b5acaf35ba4d845005c.jpeg": {
    "app_sintetizada": "1372825C63594CEAB35B5ACAF35BA4D845005C.JPEG",
    "cantidad_archivos": 1,
    "archivos_fuente": [
      "Pictures/Fototeca de Fotos.photoslibrary/resources/derivatives/masters/1/1372825C-6359-4CEA-B35B-5ACAF35BA4D8_4_5005_c.jpeg"
    ],
    "ultima_modificacion": "2025-08-01 01:01:09.636421"
  },
  "1fa2fface58e4704a5db415acfe268ae45005c.jpeg": {
    "app_sintetizada": "1FA2FFACE58E4704A5DB415ACFE268AE45005C.JPEG",
    "cantidad_archivos": 1,
    "archivos_fuente": [
      "Pictures/Fototeca de Fotos.photoslibrary/resources/derivatives/masters/1/1FA2FFAC-E58E-4704-A5DB-415ACFE268AE_4_5005_c.jpeg"
    ],
    "ultima_modificacion": "2025-08-01 01:01:09.636679"
  },
  "178fc33263e3419ba1e4771c80aa7ef945005c.jpeg": {
    "app_sintetizada": "178FC33263E3419BA1E4771C80AA7EF945005C.JPEG",
    "cantidad_archivos": 1,
    "archivos_fuente": [
      "Pictures/Fototeca de Fotos.photoslibrary/resources/derivatives/masters/1/178FC332-63E3-419B-A1E4-771C80AA7EF9_4_5005_c.jpeg"
    ],
    "ultima_modificacion": "2025-08-01 01:01:09.636959"
  },
  "1c6d045b53ac42c4a3a1e838cde4f91f45005c.jpeg": {
    "app_sintetizada": "1C6D045B53AC42C4A3A1E838CDE4F91F45005C.JPEG",
    "cantidad_archivos": 1,
    "archivos_fuente": [
      "Pictures/Fototeca de Fotos.photoslibrary/resources/derivatives/masters/1/1C6D045B-53AC-42C4-A3A1-E838CDE4F91F_4_5005_c.jpeg"
    ],
    "ultima_modificacion": "2025-08-01 01:01:09.637383"
  },
  "10e9c91a4a924b7da0cc97ba037595be45005c.jpeg": {
    "app_sintetizada": "10E9C91A4A924B7DA0CC97BA037595BE45005C.JPEG",
    "cantidad_archivos": 1,
    "archivos_fuente": [
      "Pictures/Fototeca de Fotos.photoslibrary/resources/derivatives/masters/1/10E9C91A-4A92-4B7D-A0CC-97BA037595BE_4_5005_c.jpeg"
    ],
    "ultima_modificacion": "2025-08-01 01:01:09.637684"
  },
  "1e15c9897b0845ebab7e5c43f8406f2d45005c.jpeg": {
    "app_sintetizada": "1E15C9897B0845EBAB7E5C43F8406F2D45005C.JPEG",
    "cantidad_archivos": 1,
    "archivos_fuente": [
      "Pictures/Fototeca de Fotos.photoslibrary/resources/derivatives/masters/1/1E15C989-7B08-45EB-AB7E-5C43F8406F2D_4_5005_c.jpeg"
    ],
    "ultima_modificacion": "2025-08-01 01:01:09.638082"
  },
  "1b8f1bbbf1284f8cabaa60fe359c31b045005c.jpeg": {
    "app_sintetizada": "1B8F1BBBF1284F8CABAA60FE359C31B045005C.JPEG",
    "cantidad_archivos": 1,
    "archivos_fuente": [
      "Pictures/Fototeca de Fotos.photoslibrary/resources/derivatives/masters/1/1B8F1BBB-F128-4F8C-ABAA-60FE359C31B0_4_5005_c.jpeg"
    ],
    "ultima_modificacion": "2025-08-01 01:01:09.638415"
  },
  "1a530b723f66481b827407da38eb79ad45005c.jpeg": {
    "app_sintetizada": "1A530B723F66481B827407DA38EB79AD45005C.JPEG",
    "cantidad_archivos": 1,
    "archivos_fuente": [
      "Pictures/Fototeca de Fotos.photoslibrary/resources/derivatives/masters/1/1A530B72-3F66-481B-8274-07DA38EB79AD_4_5005_c.jpeg"
    ],
    "ultima_modificacion": "2025-08-01 01:01:09.638766"
  },
  "1e92bbacd57d41c6b810820e8a7d13bd45005c.jpeg": {
    "app_sintetizada": "1E92BBACD57D41C6B810820E8A7D13BD45005C.JPEG",
    "cantidad_archivos": 1,
    "archivos_fuente": [
      "Pictures/Fototeca de Fotos.photoslibrary/resources/derivatives/masters/1/1E92BBAC-D57D-41C6-B810-820E8A7D13BD_4_5005_c.jpeg"
    ],
    "ultima_modificacion": "2025-08-01 01:01:09.639233"
  },
  "16a5ce1e90bc40ab95d4689e9c8fa29c45005c.jpeg": {
    "app_sintetizada": "16A5CE1E90BC40AB95D4689E9C8FA29C45005C.JPEG",
    "cantidad_archivos": 1,
    "archivos_fuente": [
      "Pictures/Fototeca de Fotos.photoslibrary/resources/derivatives/masters/1/16A5CE1E-90BC-40AB-95D4-689E9C8FA29C_4_5005_c.jpeg"
    ],
    "ultima_modificacion": "2025-08-01 01:01:09.639619"
  },
  "11133ba9d9b24002ba25be2767ff987145005c.jpeg": {
    "app_sintetizada": "11133BA9D9B24002BA25BE2767FF987145005C.JPEG",
    "cantidad_archivos": 1,
    "archivos_fuente": [
      "Pictures/Fototeca de Fotos.photoslibrary/resources/derivatives/masters/1/11133BA9-D9B2-4002-BA25-BE2767FF9871_4_5005_c.jpeg"
    ],
    "ultima_modificacion": "2025-08-01 01:01:09.639974"
  },
  "18de90053ac7429d9feb848cc70bf05e45005c.jpeg": {
    "app_sintetizada": "18DE90053AC7429D9FEB848CC70BF05E45005C.JPEG",
    "cantidad_archivos": 1,
    "archivos_fuente": [
      "Pictures/Fototeca de Fotos.photoslibrary/resources/derivatives/masters/1/18DE9005-3AC7-429D-9FEB-848CC70BF05E_4_5005_c.jpeg"
    ],
    "ultima_modificacion": "2025-08-01 01:01:09.640322"
  },
  "1d825e93dbd845e2b89e92b7d81f081b45005c.jpeg": {
    "app_sintetizada": "1D825E93DBD845E2B89E92B7D81F081B45005C.JPEG",
    "cantidad_archivos": 1,
    "archivos_fuente": [
      "Pictures/Fototeca de Fotos.photoslibrary/resources/derivatives/masters/1/1D825E93-DBD8-45E2-B89E-92B7D81F081B_4_5005_c.jpeg"
    ],
    "ultima_modificacion": "2025-08-01 01:01:09.640652"
  },
  "1931284e23e64b6d90328aa68f81fb7245005c.jpeg": {
    "app_sintetizada": "1931284E23E64B6D90328AA68F81FB7245005C.JPEG",
    "cantidad_archivos": 1,
    "archivos_fuente": [
      "Pictures/Fototeca de Fotos.photoslibrary/resources/derivatives/masters/1/1931284E-23E6-4B6D-9032-8AA68F81FB72_4_5005_c.jpeg"
    ],
    "ultima_modificacion": "2025-08-01 01:01:09.640987"
  },
  "18303032f36e465c86042f41f37d76a045005c.jpeg": {
    "app_sintetizada": "18303032F36E465C86042F41F37D76A045005C.JPEG",
    "cantidad_archivos": 1,
    "archivos_fuente": [
      "Pictures/Fototeca de Fotos.photoslibrary/resources/derivatives/masters/1/18303032-F36E-465C-8604-2F41F37D76A0_4_5005_c.jpeg"
    ],
    "ultima_modificacion": "2025-08-01 01:01:09.641329"
  },
  "191fe92ad75d40dd984bd3947bbfda6d45005c.jpeg": {
    "app_sintetizada": "191FE92AD75D40DD984BD3947BBFDA6D45005C.JPEG",
    "cantidad_archivos": 1,
    "archivos_fuente": [
      "Pictures/Fototeca de Fotos.photoslibrary/resources/derivatives/masters/1/191FE92A-D75D-40DD-984B-D3947BBFDA6D_4_5005_c.jpeg"
    ],
    "ultima_modificacion": "2025-08-01 01:01:09.641633"
  },
  "11107bd15c83487ea4efd8dac23f6e6045005c.jpeg": {
    "app_sintetizada": "11107BD15C83487EA4EFD8DAC23F6E6045005C.JPEG",
    "cantidad_archivos": 1,
    "archivos_fuente": [
      "Pictures/Fototeca de Fotos.photoslibrary/resources/derivatives/masters/1/11107BD1-5C83-487E-A4EF-D8DAC23F6E60_4_5005_c.jpeg"
    ],
    "ultima_modificacion": "2025-08-01 01:01:09.641959"
  },
  "181f81caa5824de8beca531e32874d8745005c.jpeg": {
    "app_sintetizada": "181F81CAA5824DE8BECA531E32874D8745005C.JPEG",
    "cantidad_archivos": 1,
    "archivos_fuente": [
      "Pictures/Fototeca de Fotos.photoslibrary/resources/derivatives/masters/1/181F81CA-A582-4DE8-BECA-531E32874D87_4_5005_c.jpeg"
    ],
    "ultima_modificacion": "2025-08-01 01:01:09.642263"
  },
  "108dc201716f45969b21668683f3eb4445005c.jpeg": {
    "app_sintetizada": "108DC201716F45969B21668683F3EB4445005C.JPEG",
    "cantidad_archivos": 1,
    "archivos_fuente": [
      "Pictures/Fototeca de Fotos.photoslibrary/resources/derivatives/masters/1/108DC201-716F-4596-9B21-668683F3EB44_4_5005_c.jpeg"
    ],
    "ultima_modificacion": "2025-08-01 01:01:09.642569"
  },
  "14cce4e9056b455da065d0b8848af75645005c.jpeg": {
    "app_sintetizada": "14CCE4E9056B455DA065D0B8848AF75645005C.JPEG",
    "cantidad_archivos": 1,
    "archivos_fuente": [
      "Pictures/Fototeca de Fotos.photoslibrary/resources/derivatives/masters/1/14CCE4E9-056B-455D-A065-D0B8848AF756_4_5005_c.jpeg"
    ],
    "ultima_modificacion": "2025-08-01 01:01:09.642883"
  },
  "140ecca7a4744d83aef979ada412412445005c.jpeg": {
    "app_sintetizada": "140ECCA7A4744D83AEF979ADA412412445005C.JPEG",
    "cantidad_archivos": 1,
    "archivos_fuente": [
      "Pictures/Fototeca de Fotos.photoslibrary/resources/derivatives/masters/1/140ECCA7-A474-4D83-AEF9-79ADA4124124_4_5005_c.jpeg"
    ],
    "ultima_modificacion": "2025-08-01 01:01:09.643205"
  },
  "1f4ebada93a648e3a6da49271ddaa74745005c.jpeg": {
    "app_sintetizada": "1F4EBADA93A648E3A6DA49271DDAA74745005C.JPEG",
    "cantidad_archivos": 1,
    "archivos_fuente": [
      "Pictures/Fototeca de Fotos.photoslibrary/resources/derivatives/masters/1/1F4EBADA-93A6-48E3-A6DA-49271DDAA747_4_5005_c.jpeg"
    ],
    "ultima_modificacion": "2025-08-01 01:01:09.643549"
  },
  "18f6fc20a7dc4cc39c86673cbc1640d445005c.jpeg": {
    "app_sintetizada": "18F6FC20A7DC4CC39C86673CBC1640D445005C.JPEG",
    "cantidad_archivos": 1,
    "archivos_fuente": [
      "Pictures/Fototeca de Fotos.photoslibrary/resources/derivatives/masters/1/18F6FC20-A7DC-4CC3-9C86-673CBC1640D4_4_5005_c.jpeg"
    ],
    "ultima_modificacion": "2025-08-01 01:01:09.643860"
  },
  "1f701bbd1a354b478f1fda13b4ec26c745005c.jpeg": {
    "app_sintetizada": "1F701BBD1A354B478F1FDA13B4EC26C745005C.JPEG",
    "cantidad_archivos": 1,
    "archivos_fuente": [
      "Pictures/Fototeca de Fotos.photoslibrary/resources/derivatives/masters/1/1F701BBD-1A35-4B47-8F1F-DA13B4EC26C7_4_5005_c.jpeg"
    ],
    "ultima_modificacion": "2025-08-01 01:01:09.644174"
  },
  "148b54f4a8ff456fbde03f48f8f971ec45005c.jpeg": {
    "app_sintetizada": "148B54F4A8FF456FBDE03F48F8F971EC45005C.JPEG",
    "cantidad_archivos": 1,
    "archivos_fuente": [
      "Pictures/Fototeca de Fotos.photoslibrary/resources/derivatives/masters/1/148B54F4-A8FF-456F-BDE0-3F48F8F971EC_4_5005_c.jpeg"
    ],
    "ultima_modificacion": "2025-08-01 01:01:09.644473"
  },
  "1f6268d8c2c1497d88a24b03c76ff1d645005c.jpeg": {
    "app_sintetizada": "1F6268D8C2C1497D88A24B03C76FF1D645005C.JPEG",
    "cantidad_archivos": 1,
    "archivos_fuente": [
      "Pictures/Fototeca de Fotos.photoslibrary/resources/derivatives/masters/1/1F6268D8-C2C1-497D-88A2-4B03C76FF1D6_4_5005_c.jpeg"
    ],
    "ultima_modificacion": "2025-08-01 01:01:09.644765"
  },
  "1d3e9d67b9e947218b0011d726001e3e45005c.jpeg": {
    "app_sintetizada": "1D3E9D67B9E947218B0011D726001E3E45005C.JPEG",
    "cantidad_archivos": 1,
    "archivos_fuente": [
      "Pictures/Fototeca de Fotos.photoslibrary/resources/derivatives/masters/1/1D3E9D67-B9E9-4721-8B00-11D726001E3E_4_5005_c.jpeg"
    ],
    "ultima_modificacion": "2025-08-01 01:01:09.645073"
  },
  "17c6abcb955a4287bc9081e38abebdda45005c.jpeg": {
    "app_sintetizada": "17C6ABCB955A4287BC9081E38ABEBDDA45005C.JPEG",
    "cantidad_archivos": 1,
    "archivos_fuente": [
      "Pictures/Fototeca de Fotos.photoslibrary/resources/derivatives/masters/1/17C6ABCB-955A-4287-BC90-81E38ABEBDDA_4_5005_c.jpeg"
    ],
    "ultima_modificacion": "2025-08-01 01:01:09.645369"
  },
  "119b17bc85d7476aae5b63dc909d7fc745005c.jpeg": {
    "app_sintetizada": "119B17BC85D7476AAE5B63DC909D7FC745005C.JPEG",
    "cantidad_archivos": 1,
    "archivos_fuente": [
      "Pictures/Fototeca de Fotos.photoslibrary/resources/derivatives/masters/1/119B17BC-85D7-476A-AE5B-63DC909D7FC7_4_5005_c.jpeg"
    ],
    "ultima_modificacion": "2025-08-01 01:01:09.645679"
  },
  "1725d2191db74d9a83e6905369b60cd845005c.jpeg": {
    "app_sintetizada": "1725D2191DB74D9A83E6905369B60CD845005C.JPEG",
    "cantidad_archivos": 1,
    "archivos_fuente": [
      "Pictures/Fototeca de Fotos.photoslibrary/resources/derivatives/masters/1/1725D219-1DB7-4D9A-83E6-905369B60CD8_4_5005_c.jpeg"
    ],
    "ultima_modificacion": "2025-08-01 01:01:09.645994"
  },
  "1099140263cd422192b3cabba193bc8a45005c.jpeg": {
    "app_sintetizada": "1099140263CD422192B3CABBA193BC8A45005C.JPEG",
    "cantidad_archivos": 1,
    "archivos_fuente": [
      "Pictures/Fototeca de Fotos.photoslibrary/resources/derivatives/masters/1/10991402-63CD-4221-92B3-CABBA193BC8A_4_5005_c.jpeg"
    ],
    "ultima_modificacion": "2025-08-01 01:01:09.646270"
  },
  "1bde99fc22a54e6ca418e46883f4e0d345005c.jpeg": {
    "app_sintetizada": "1BDE99FC22A54E6CA418E46883F4E0D345005C.JPEG",
    "cantidad_archivos": 1,
    "archivos_fuente": [
      "Pictures/Fototeca de Fotos.photoslibrary/resources/derivatives/masters/1/1BDE99FC-22A5-4E6C-A418-E46883F4E0D3_4_5005_c.jpeg"
    ],
    "ultima_modificacion": "2025-08-01 01:01:09.646557"
  },
  "16b8d030a84d4312a6a2c44fd3a4276a45005c.jpeg": {
    "app_sintetizada": "16B8D030A84D4312A6A2C44FD3A4276A45005C.JPEG",
    "cantidad_archivos": 1,
    "archivos_fuente": [
      "Pictures/Fototeca de Fotos.photoslibrary/resources/derivatives/masters/1/16B8D030-A84D-4312-A6A2-C44FD3A4276A_4_5005_c.jpeg"
    ],
    "ultima_modificacion": "2025-08-01 01:01:09.646852"
  },
  "1d92aa8b923f4cc48ea07d49dd4607e945005c.jpeg": {
    "app_sintetizada": "1D92AA8B923F4CC48EA07D49DD4607E945005C.JPEG",
    "cantidad_archivos": 1,
    "archivos_fuente": [
      "Pictures/Fototeca de Fotos.photoslibrary/resources/derivatives/masters/1/1D92AA8B-923F-4CC4-8EA0-7D49DD4607E9_4_5005_c.jpeg"
    ],
    "ultima_modificacion": "2025-08-01 01:01:09.647155"
  },
  "1027b52723ef4c3b8446bda5ea45455d45005c.jpeg": {
    "app_sintetizada": "1027B52723EF4C3B8446BDA5EA45455D45005C.JPEG",
    "cantidad_archivos": 1,
    "archivos_fuente": [
      "Pictures/Fototeca de Fotos.photoslibrary/resources/derivatives/masters/1/1027B527-23EF-4C3B-8446-BDA5EA45455D_4_5005_c.jpeg"
    ],
    "ultima_modificacion": "2025-08-01 01:01:09.647460"
  },
  "134585133ce549589dc9504113fc664545005c.jpeg": {
    "app_sintetizada": "134585133CE549589DC9504113FC664545005C.JPEG",
    "cantidad_archivos": 1,
    "archivos_fuente": [
      "Pictures/Fototeca de Fotos.photoslibrary/resources/derivatives/masters/1/13458513-3CE5-4958-9DC9-504113FC6645_4_5005_c.jpeg"
    ],
    "ultima_modificacion": "2025-08-01 01:01:09.647759"
  },
  "1236071469584adaab690383b8fb47fa45005c.jpeg": {
    "app_sintetizada": "1236071469584ADAAB690383B8FB47FA45005C.JPEG",
    "cantidad_archivos": 1,
    "archivos_fuente": [
      "Pictures/Fototeca de Fotos.photoslibrary/resources/derivatives/masters/1/12360714-6958-4ADA-AB69-0383B8FB47FA_4_5005_c.jpeg"
    ],
    "ultima_modificacion": "2025-08-01 01:01:09.648087"
  },
  "1ad5e200bd8145489c59476c1801874d45005c.jpeg": {
    "app_sintetizada": "1AD5E200BD8145489C59476C1801874D45005C.JPEG",
    "cantidad_archivos": 1,
    "archivos_fuente": [
      "Pictures/Fototeca de Fotos.photoslibrary/resources/derivatives/masters/1/1AD5E200-BD81-4548-9C59-476C1801874D_4_5005_c.jpeg"
    ],
    "ultima_modificacion": "2025-08-01 01:01:09.648430"
  },
  "1c8f7525195c46568b8161c0817420c545005c.jpeg": {
    "app_sintetizada": "1C8F7525195C46568B8161C0817420C545005C.JPEG",
    "cantidad_archivos": 1,
    "archivos_fuente": [
      "Pictures/Fototeca de Fotos.photoslibrary/resources/derivatives/masters/1/1C8F7525-195C-4656-8B81-61C0817420C5_4_5005_c.jpeg"
    ],
    "ultima_modificacion": "2025-08-01 01:01:09.648796"
  },
  "1644723439ca46389391fb2b8210763745005c.jpeg": {
    "app_sintetizada": "1644723439CA46389391FB2B8210763745005C.JPEG",
    "cantidad_archivos": 1,
    "archivos_fuente": [
      "Pictures/Fototeca de Fotos.photoslibrary/resources/derivatives/masters/1/16447234-39CA-4638-9391-FB2B82107637_4_5005_c.jpeg"
    ],
    "ultima_modificacion": "2025-08-01 01:01:09.649100"
  },
  "1d53a89f91264d119f56b6395c88a5ad45005c.jpeg": {
    "app_sintetizada": "1D53A89F91264D119F56B6395C88A5AD45005C.JPEG",
    "cantidad_archivos": 1,
    "archivos_fuente": [
      "Pictures/Fototeca de Fotos.photoslibrary/resources/derivatives/masters/1/1D53A89F-9126-4D11-9F56-B6395C88A5AD_4_5005_c.jpeg"
    ],
    "ultima_modificacion": "2025-08-01 01:01:09.649376"
  },
  "140ea9b1509d4df9bfdc8b3bdeaf4f6945005c.jpeg": {
    "app_sintetizada": "140EA9B1509D4DF9BFDC8B3BDEAF4F6945005C.JPEG",
    "cantidad_archivos": 1,
    "archivos_fuente": [
      "Pictures/Fototeca de Fotos.photoslibrary/resources/derivatives/masters/1/140EA9B1-509D-4DF9-BFDC-8B3BDEAF4F69_4_5005_c.jpeg"
    ],
    "ultima_modificacion": "2025-08-01 01:01:09.649669"
  },
  "14a278d47ff54df39185b0b08959413c45005c.jpeg": {
    "app_sintetizada": "14A278D47FF54DF39185B0B08959413C45005C.JPEG",
    "cantidad_archivos": 1,
    "archivos_fuente": [
      "Pictures/Fototeca de Fotos.photoslibrary/resources/derivatives/masters/1/14A278D4-7FF5-4DF3-9185-B0B08959413C_4_5005_c.jpeg"
    ],
    "ultima_modificacion": "2025-08-01 01:01:09.649977"
  },
  "18c111ce82f54c4b921b3f07f483d40445005c.jpeg": {
    "app_sintetizada": "18C111CE82F54C4B921B3F07F483D40445005C.JPEG",
    "cantidad_archivos": 1,
    "archivos_fuente": [
      "Pictures/Fototeca de Fotos.photoslibrary/resources/derivatives/masters/1/18C111CE-82F5-4C4B-921B-3F07F483D404_4_5005_c.jpeg"
    ],
    "ultima_modificacion": "2025-08-01 01:01:09.650263"
  },
  "11da19153e83453881138474a15b7aeb45005c.jpeg": {
    "app_sintetizada": "11DA19153E83453881138474A15B7AEB45005C.JPEG",
    "cantidad_archivos": 1,
    "archivos_fuente": [
      "Pictures/Fototeca de Fotos.photoslibrary/resources/derivatives/masters/1/11DA1915-3E83-4538-8113-8474A15B7AEB_4_5005_c.jpeg"
    ],
    "ultima_modificacion": "2025-08-01 01:01:09.650569"
  },
  "156fad5665d2405aa6a315e921c71b7445005c.jpeg": {
    "app_sintetizada": "156FAD5665D2405AA6A315E921C71B7445005C.JPEG",
    "cantidad_archivos": 1,
    "archivos_fuente": [
      "Pictures/Fototeca de Fotos.photoslibrary/resources/derivatives/masters/1/156FAD56-65D2-405A-A6A3-15E921C71B74_4_5005_c.jpeg"
    ],
    "ultima_modificacion": "2025-08-01 01:01:09.650891"
  },
  "12c530908bac43a592dfb8128a6695e145005c.jpeg": {
    "app_sintetizada": "12C530908BAC43A592DFB8128A6695E145005C.JPEG",
    "cantidad_archivos": 1,
    "archivos_fuente": [
      "Pictures/Fototeca de Fotos.photoslibrary/resources/derivatives/masters/1/12C53090-8BAC-43A5-92DF-B8128A6695E1_4_5005_c.jpeg"
    ],
    "ultima_modificacion": "2025-08-01 01:01:09.651246"
  },
  "1d8cc1702caa4f41b0dc51207683830045005c.jpeg": {
    "app_sintetizada": "1D8CC1702CAA4F41B0DC51207683830045005C.JPEG",
    "cantidad_archivos": 1,
    "archivos_fuente": [
      "Pictures/Fototeca de Fotos.photoslibrary/resources/derivatives/masters/1/1D8CC170-2CAA-4F41-B0DC-512076838300_4_5005_c.jpeg"
    ],
    "ultima_modificacion": "2025-08-01 01:01:09.651544"
  },
  "13beddc205bd42779a399098cb90746245005c.jpeg": {
    "app_sintetizada": "13BEDDC205BD42779A399098CB90746245005C.JPEG",
    "cantidad_archivos": 1,
    "archivos_fuente": [
      "Pictures/Fototeca de Fotos.photoslibrary/resources/derivatives/masters/1/13BEDDC2-05BD-4277-9A39-9098CB907462_4_5005_c.jpeg"
    ],
    "ultima_modificacion": "2025-08-01 01:01:09.651839"
  },
  "13da8d5936d140ca8eda01cea440d28d45005c.jpeg": {
    "app_sintetizada": "13DA8D5936D140CA8EDA01CEA440D28D45005C.JPEG",
    "cantidad_archivos": 1,
    "archivos_fuente": [
      "Pictures/Fototeca de Fotos.photoslibrary/resources/derivatives/masters/1/13DA8D59-36D1-40CA-8EDA-01CEA440D28D_4_5005_c.jpeg"
    ],
    "ultima_modificacion": "2025-08-01 01:01:09.652140"
  },
  "19d6e3690c7d46caa3687159da2cd0da45005c.jpeg": {
    "app_sintetizada": "19D6E3690C7D46CAA3687159DA2CD0DA45005C.JPEG",
    "cantidad_archivos": 1,
    "archivos_fuente": [
      "Pictures/Fototeca de Fotos.photoslibrary/resources/derivatives/masters/1/19D6E369-0C7D-46CA-A368-7159DA2CD0DA_4_5005_c.jpeg"
    ],
    "ultima_modificacion": "2025-08-01 01:01:09.652438"
  },
  "198418505786440e90eeea3ea85c2e6545005c.jpeg": {
    "app_sintetizada": "198418505786440E90EEEA3EA85C2E6545005C.JPEG",
    "cantidad_archivos": 1,
    "archivos_fuente": [
      "Pictures/Fototeca de Fotos.photoslibrary/resources/derivatives/masters/1/19841850-5786-440E-90EE-EA3EA85C2E65_4_5005_c.jpeg"
    ],
    "ultima_modificacion": "2025-08-01 01:01:09.652739"
  },
  "1d721a414c684e668d744533c47d9c5145005c.jpeg": {
    "app_sintetizada": "1D721A414C684E668D744533C47D9C5145005C.JPEG",
    "cantidad_archivos": 1,
    "archivos_fuente": [
      "Pictures/Fototeca de Fotos.photoslibrary/resources/derivatives/masters/1/1D721A41-4C68-4E66-8D74-4533C47D9C51_4_5005_c.jpeg"
    ],
    "ultima_modificacion": "2025-08-01 01:01:09.653025"
  },
  "16abcf2a25ce4923bbf9eaecd75b2f3645005c.jpeg": {
    "app_sintetizada": "16ABCF2A25CE4923BBF9EAECD75B2F3645005C.JPEG",
    "cantidad_archivos": 1,
    "archivos_fuente": [
      "Pictures/Fototeca de Fotos.photoslibrary/resources/derivatives/masters/1/16ABCF2A-25CE-4923-BBF9-EAECD75B2F36_4_5005_c.jpeg"
    ],
    "ultima_modificacion": "2025-08-01 01:01:09.653345"
  },
  "1483e81184474a25a55dee62ee313bac45005c.jpeg": {
    "app_sintetizada": "1483E81184474A25A55DEE62EE313BAC45005C.JPEG",
    "cantidad_archivos": 1,
    "archivos_fuente": [
      "Pictures/Fototeca de Fotos.photoslibrary/resources/derivatives/masters/1/1483E811-8447-4A25-A55D-EE62EE313BAC_4_5005_c.jpeg"
    ],
    "ultima_modificacion": "2025-08-01 01:01:09.653674"
  },
  "14ab79ec1b1a409fa68dbe3f3753cd0845005c.jpeg": {
    "app_sintetizada": "14AB79EC1B1A409FA68DBE3F3753CD0845005C.JPEG",
    "cantidad_archivos": 1,
    "archivos_fuente": [
      "Pictures/Fototeca de Fotos.photoslibrary/resources/derivatives/masters/1/14AB79EC-1B1A-409F-A68D-BE3F3753CD08_4_5005_c.jpeg"
    ],
    "ultima_modificacion": "2025-08-01 01:01:09.654105"
  },
  "14dfa3e821f646b1a3c94af6c6cd84ab45005c.jpeg": {
    "app_sintetizada": "14DFA3E821F646B1A3C94AF6C6CD84AB45005C.JPEG",
    "cantidad_archivos": 1,
    "archivos_fuente": [
      "Pictures/Fototeca de Fotos.photoslibrary/resources/derivatives/masters/1/14DFA3E8-21F6-46B1-A3C9-4AF6C6CD84AB_4_5005_c.jpeg"
    ],
    "ultima_modificacion": "2025-08-01 01:01:09.654435"
  },
  "1ba47557c8a94aee907a27920e5565cc45005c.jpeg": {
    "app_sintetizada": "1BA47557C8A94AEE907A27920E5565CC45005C.JPEG",
    "cantidad_archivos": 1,
    "archivos_fuente": [
      "Pictures/Fototeca de Fotos.photoslibrary/resources/derivatives/masters/1/1BA47557-C8A9-4AEE-907A-27920E5565CC_4_5005_c.jpeg"
    ],
    "ultima_modificacion": "2025-08-01 01:01:09.654934"
  },
  "16126e69779949dea475cb7f34dec18d45005c.jpeg": {
    "app_sintetizada": "16126E69779949DEA475CB7F34DEC18D45005C.JPEG",
    "cantidad_archivos": 1,
    "archivos_fuente": [
      "Pictures/Fototeca de Fotos.photoslibrary/resources/derivatives/masters/1/16126E69-7799-49DE-A475-CB7F34DEC18D_4_5005_c.jpeg"
    ],
    "ultima_modificacion": "2025-08-01 01:01:09.655273"
  },
  "19919635a85e458ca2866cd14aa0b85445005c.jpeg": {
    "app_sintetizada": "19919635A85E458CA2866CD14AA0B85445005C.JPEG",
    "cantidad_archivos": 1,
    "archivos_fuente": [
      "Pictures/Fototeca de Fotos.photoslibrary/resources/derivatives/masters/1/19919635-A85E-458C-A286-6CD14AA0B854_4_5005_c.jpeg"
    ],
    "ultima_modificacion": "2025-08-01 01:01:09.655601"
  },
  "1278e6d4d6db41b9b50c88b7ccb8654845005c.jpeg": {
    "app_sintetizada": "1278E6D4D6DB41B9B50C88B7CCB8654845005C.JPEG",
    "cantidad_archivos": 1,
    "archivos_fuente": [
      "Pictures/Fototeca de Fotos.photoslibrary/resources/derivatives/masters/1/1278E6D4-D6DB-41B9-B50C-88B7CCB86548_4_5005_c.jpeg"
    ],
    "ultima_modificacion": "2025-08-01 01:01:09.655996"
  },
  "119b6c9270304cb29ed9549f7f2b679645005c.jpeg": {
    "app_sintetizada": "119B6C9270304CB29ED9549F7F2B679645005C.JPEG",
    "cantidad_archivos": 1,
    "archivos_fuente": [
      "Pictures/Fototeca de Fotos.photoslibrary/resources/derivatives/masters/1/119B6C92-7030-4CB2-9ED9-549F7F2B6796_4_5005_c.jpeg"
    ],
    "ultima_modificacion": "2025-08-01 01:01:09.656400"
  },
  "1fef078203654e2f98376c7bb4153bc745005c.jpeg": {
    "app_sintetizada": "1FEF078203654E2F98376C7BB4153BC745005C.JPEG",
    "cantidad_archivos": 1,
    "archivos_fuente": [
      "Pictures/Fototeca de Fotos.photoslibrary/resources/derivatives/masters/1/1FEF0782-0365-4E2F-9837-6C7BB4153BC7_4_5005_c.jpeg"
    ],
    "ultima_modificacion": "2025-08-01 01:01:09.656750"
  },
  "1dee95312e2b49fda63787e58a27177445005c.jpeg": {
    "app_sintetizada": "1DEE95312E2B49FDA63787E58A27177445005C.JPEG",
    "cantidad_archivos": 1,
    "archivos_fuente": [
      "Pictures/Fototeca de Fotos.photoslibrary/resources/derivatives/masters/1/1DEE9531-2E2B-49FD-A637-87E58A271774_4_5005_c.jpeg"
    ],
    "ultima_modificacion": "2025-08-01 01:01:09.657065"
  },
  "1b3bb579ec694b45848967bff65004c145005c.jpeg": {
    "app_sintetizada": "1B3BB579EC694B45848967BFF65004C145005C.JPEG",
    "cantidad_archivos": 1,
    "archivos_fuente": [
      "Pictures/Fototeca de Fotos.photoslibrary/resources/derivatives/masters/1/1B3BB579-EC69-4B45-8489-67BFF65004C1_4_5005_c.jpeg"
    ],
    "ultima_modificacion": "2025-08-01 01:01:09.657395"
  },
  "124775ec7a374df693138e12d6eb6c7b45005c.jpeg": {
    "app_sintetizada": "124775EC7A374DF693138E12D6EB6C7B45005C.JPEG",
    "cantidad_archivos": 1,
    "archivos_fuente": [
      "Pictures/Fototeca de Fotos.photoslibrary/resources/derivatives/masters/1/124775EC-7A37-4DF6-9313-8E12D6EB6C7B_4_5005_c.jpeg"
    ],
    "ultima_modificacion": "2025-08-01 01:01:09.657708"
  },
  "105901a5463f4c5d8192593f26311ed845005c.jpeg": {
    "app_sintetizada": "105901A5463F4C5D8192593F26311ED845005C.JPEG",
    "cantidad_archivos": 1,
    "archivos_fuente": [
      "Pictures/Fototeca de Fotos.photoslibrary/resources/derivatives/masters/1/105901A5-463F-4C5D-8192-593F26311ED8_4_5005_c.jpeg"
    ],
    "ultima_modificacion": "2025-08-01 01:01:09.658017"
  },
  "17dfccb305004375918b869b9524327145005c.jpeg": {
    "app_sintetizada": "17DFCCB305004375918B869B9524327145005C.JPEG",
    "cantidad_archivos": 1,
    "archivos_fuente": [
      "Pictures/Fototeca de Fotos.photoslibrary/resources/derivatives/masters/1/17DFCCB3-0500-4375-918B-869B95243271_4_5005_c.jpeg"
    ],
    "ultima_modificacion": "2025-08-01 01:01:09.658311"
  },
  "1a8714af07b344db88505d242f47582545005c.jpeg": {
    "app_sintetizada": "1A8714AF07B344DB88505D242F47582545005C.JPEG",
    "cantidad_archivos": 1,
    "archivos_fuente": [
      "Pictures/Fototeca de Fotos.photoslibrary/resources/derivatives/masters/1/1A8714AF-07B3-44DB-8850-5D242F475825_4_5005_c.jpeg"
    ],
    "ultima_modificacion": "2025-08-01 01:01:09.658630"
  },
  "1a96d98ab3bf45a98eac398c8ee0e4bf45005c.jpeg": {
    "app_sintetizada": "1A96D98AB3BF45A98EAC398C8EE0E4BF45005C.JPEG",
    "cantidad_archivos": 1,
    "archivos_fuente": [
      "Pictures/Fototeca de Fotos.photoslibrary/resources/derivatives/masters/1/1A96D98A-B3BF-45A9-8EAC-398C8EE0E4BF_4_5005_c.jpeg"
    ],
    "ultima_modificacion": "2025-08-01 01:01:09.658994"
  },
  "1787c77458d24d3ca27d3cee148239fe45005c.jpeg": {
    "app_sintetizada": "1787C77458D24D3CA27D3CEE148239FE45005C.JPEG",
    "cantidad_archivos": 1,
    "archivos_fuente": [
      "Pictures/Fototeca de Fotos.photoslibrary/resources/derivatives/masters/1/1787C774-58D2-4D3C-A27D-3CEE148239FE_4_5005_c.jpeg"
    ],
    "ultima_modificacion": "2025-08-01 01:01:09.659355"
  },
  "1664fd7d13d5436abd9c2f418dd0031845005c.jpeg": {
    "app_sintetizada": "1664FD7D13D5436ABD9C2F418DD0031845005C.JPEG",
    "cantidad_archivos": 1,
    "archivos_fuente": [
      "Pictures/Fototeca de Fotos.photoslibrary/resources/derivatives/masters/1/1664FD7D-13D5-436A-BD9C-2F418DD00318_4_5005_c.jpeg"
    ],
    "ultima_modificacion": "2025-08-01 01:01:09.659666"
  },
  "1d951b9a53904e1aa4dd309febae636045005c.jpeg": {
    "app_sintetizada": "1D951B9A53904E1AA4DD309FEBAE636045005C.JPEG",
    "cantidad_archivos": 1,
    "archivos_fuente": [
      "Pictures/Fototeca de Fotos.photoslibrary/resources/derivatives/masters/1/1D951B9A-5390-4E1A-A4DD-309FEBAE6360_4_5005_c.jpeg"
    ],
    "ultima_modificacion": "2025-08-01 01:01:09.659983"
  },
  "10d14f63a98b48b0b2a32bdd3afe307045005c.jpeg": {
    "app_sintetizada": "10D14F63A98B48B0B2A32BDD3AFE307045005C.JPEG",
    "cantidad_archivos": 1,
    "archivos_fuente": [
      "Pictures/Fototeca de Fotos.photoslibrary/resources/derivatives/masters/1/10D14F63-A98B-48B0-B2A3-2BDD3AFE3070_4_5005_c.jpeg"
    ],
    "ultima_modificacion": "2025-08-01 01:01:09.660289"
  },
  "16841aa9466343569886a4d1c88e88b245005c.jpeg": {
    "app_sintetizada": "16841AA9466343569886A4D1C88E88B245005C.JPEG",
    "cantidad_archivos": 1,
    "archivos_fuente": [
      "Pictures/Fototeca de Fotos.photoslibrary/resources/derivatives/masters/1/16841AA9-4663-4356-9886-A4D1C88E88B2_4_5005_c.jpeg"
    ],
    "ultima_modificacion": "2025-08-01 01:01:09.660627"
  },
  "1ca62075564941f58cfcb3fcb9cf171345005c.jpeg": {
    "app_sintetizada": "1CA62075564941F58CFCB3FCB9CF171345005C.JPEG",
    "cantidad_archivos": 1,
    "archivos_fuente": [
      "Pictures/Fototeca de Fotos.photoslibrary/resources/derivatives/masters/1/1CA62075-5649-41F5-8CFC-B3FCB9CF1713_4_5005_c.jpeg"
    ],
    "ultima_modificacion": "2025-08-01 01:01:09.660963"
  },
  "14e598ac74f140d9b0c95dc6d585d66b45005c.jpeg": {
    "app_sintetizada": "14E598AC74F140D9B0C95DC6D585D66B45005C.JPEG",
    "cantidad_archivos": 1,
    "archivos_fuente": [
      "Pictures/Fototeca de Fotos.photoslibrary/resources/derivatives/masters/1/14E598AC-74F1-40D9-B0C9-5DC6D585D66B_4_5005_c.jpeg"
    ],
    "ultima_modificacion": "2025-08-01 01:01:09.661263"
  },
  "14e15ad8798d424f96659e5b285d091245005c.jpeg": {
    "app_sintetizada": "14E15AD8798D424F96659E5B285D091245005C.JPEG",
    "cantidad_archivos": 1,
    "archivos_fuente": [
      "Pictures/Fototeca de Fotos.photoslibrary/resources/derivatives/masters/1/14E15AD8-798D-424F-9665-9E5B285D0912_4_5005_c.jpeg"
    ],
    "ultima_modificacion": "2025-08-01 01:01:09.661632"
  },
  "1136440ee25c4cac970d172b03bffd9a45005c.jpeg": {
    "app_sintetizada": "1136440EE25C4CAC970D172B03BFFD9A45005C.JPEG",
    "cantidad_archivos": 1,
    "archivos_fuente": [
      "Pictures/Fototeca de Fotos.photoslibrary/resources/derivatives/masters/1/1136440E-E25C-4CAC-970D-172B03BFFD9A_4_5005_c.jpeg"
    ],
    "ultima_modificacion": "2025-08-01 01:01:09.661911"
  },
  "17ad254016be4f1fbdb62bf828874f6b45005c.jpeg": {
    "app_sintetizada": "17AD254016BE4F1FBDB62BF828874F6B45005C.JPEG",
    "cantidad_archivos": 1,
    "archivos_fuente": [
      "Pictures/Fototeca de Fotos.photoslibrary/resources/derivatives/masters/1/17AD2540-16BE-4F1F-BDB6-2BF828874F6B_4_5005_c.jpeg"
    ],
    "ultima_modificacion": "2025-08-01 01:01:09.662176"
  },
  "1dd4e59a171d4cef874851b722a519e445005c.jpeg": {
    "app_sintetizada": "1DD4E59A171D4CEF874851B722A519E445005C.JPEG",
    "cantidad_archivos": 1,
    "archivos_fuente": [
      "Pictures/Fototeca de Fotos.photoslibrary/resources/derivatives/masters/1/1DD4E59A-171D-4CEF-8748-51B722A519E4_4_5005_c.jpeg"
    ],
    "ultima_modificacion": "2025-08-01 01:01:09.662457"
  },
  "173c0040d22b4e60b964d3b0a17c0a8145005c.jpeg": {
    "app_sintetizada": "173C0040D22B4E60B964D3B0A17C0A8145005C.JPEG",
    "cantidad_archivos": 1,
    "archivos_fuente": [
      "Pictures/Fototeca de Fotos.photoslibrary/resources/derivatives/masters/1/173C0040-D22B-4E60-B964-D3B0A17C0A81_4_5005_c.jpeg"
    ],
    "ultima_modificacion": "2025-08-01 01:01:09.662706"
  },
  "1c5c1c4a2d31447d9a42474c2da9096345005c.jpeg": {
    "app_sintetizada": "1C5C1C4A2D31447D9A42474C2DA9096345005C.JPEG",
    "cantidad_archivos": 1,
    "archivos_fuente": [
      "Pictures/Fototeca de Fotos.photoslibrary/resources/derivatives/masters/1/1C5C1C4A-2D31-447D-9A42-474C2DA90963_4_5005_c.jpeg"
    ],
    "ultima_modificacion": "2025-08-01 01:01:09.663031"
  },
  "1f04483c34034036a6b64323190b148e45005c.jpeg": {
    "app_sintetizada": "1F04483C34034036A6B64323190B148E45005C.JPEG",
    "cantidad_archivos": 1,
    "archivos_fuente": [
      "Pictures/Fototeca de Fotos.photoslibrary/resources/derivatives/masters/1/1F04483C-3403-4036-A6B6-4323190B148E_4_5005_c.jpeg"
    ],
    "ultima_modificacion": "2025-08-01 01:01:09.663299"
  },
  "1c34c9d7ca0a4e08b8699dc7cf0c30be45005c.jpeg": {
    "app_sintetizada": "1C34C9D7CA0A4E08B8699DC7CF0C30BE45005C.JPEG",
    "cantidad_archivos": 1,
    "archivos_fuente": [
      "Pictures/Fototeca de Fotos.photoslibrary/resources/derivatives/masters/1/1C34C9D7-CA0A-4E08-B869-9DC7CF0C30BE_4_5005_c.jpeg"
    ],
    "ultima_modificacion": "2025-08-01 01:01:09.663616"
  },
  "1ffe27a9f3db486d926dbec290904bcb45005c.jpeg": {
    "app_sintetizada": "1FFE27A9F3DB486D926DBEC290904BCB45005C.JPEG",
    "cantidad_archivos": 1,
    "archivos_fuente": [
      "Pictures/Fototeca de Fotos.photoslibrary/resources/derivatives/masters/1/1FFE27A9-F3DB-486D-926D-BEC290904BCB_4_5005_c.jpeg"
    ],
    "ultima_modificacion": "2025-08-01 01:01:09.663937"
  },
  "155bf0860ced42fb92522eb16bf72d4845005c.jpeg": {
    "app_sintetizada": "155BF0860CED42FB92522EB16BF72D4845005C.JPEG",
    "cantidad_archivos": 1,
    "archivos_fuente": [
      "Pictures/Fototeca de Fotos.photoslibrary/resources/derivatives/masters/1/155BF086-0CED-42FB-9252-2EB16BF72D48_4_5005_c.jpeg"
    ],
    "ultima_modificacion": "2025-08-01 01:01:09.664308"
  },
  "12c6bfc28ebb4c798ac03c1dbb665d1645005c.jpeg": {
    "app_sintetizada": "12C6BFC28EBB4C798AC03C1DBB665D1645005C.JPEG",
    "cantidad_archivos": 1,
    "archivos_fuente": [
      "Pictures/Fototeca de Fotos.photoslibrary/resources/derivatives/masters/1/12C6BFC2-8EBB-4C79-8AC0-3C1DBB665D16_4_5005_c.jpeg"
    ],
    "ultima_modificacion": "2025-08-01 01:01:09.664581"
  },
  "1bfaa8fcba28430a9dd1dec4fad6512945005c.jpeg": {
    "app_sintetizada": "1BFAA8FCBA28430A9DD1DEC4FAD6512945005C.JPEG",
    "cantidad_archivos": 1,
    "archivos_fuente": [
      "Pictures/Fototeca de Fotos.photoslibrary/resources/derivatives/masters/1/1BFAA8FC-BA28-430A-9DD1-DEC4FAD65129_4_5005_c.jpeg"
    ],
    "ultima_modificacion": "2025-08-01 01:01:09.664865"
  }
}