{
  "7028592bd7e34094be852225a4495d4e45005c.jpeg": {
    "app_sintetizada": "7028592BD7E34094BE852225A4495D4E45005C.JPEG",
    "cantidad_archivos": 1,
    "archivos_fuente": [
      "Pictures/Fototeca de Fotos.photoslibrary/resources/derivatives/masters/7/7028592B-D7E3-4094-BE85-2225A4495D4E_4_5005_c.jpeg"
    ],
    "ultima_modificacion": "2025-08-01 01:01:07.973077"
  },
  "7663653bfda64764b3b8edcb16ff59b445005c.jpeg": {
    "app_sintetizada": "7663653BFDA64764B3B8EDCB16FF59B445005C.JPEG",
    "cantidad_archivos": 1,
    "archivos_fuente": [
      "Pictures/Fototeca de Fotos.photoslibrary/resources/derivatives/masters/7/7663653B-FDA6-4764-B3B8-EDCB16FF59B4_4_5005_c.jpeg"
    ],
    "ultima_modificacion": "2025-08-01 01:01:07.973303"
  },
  "7486388417c1457f841133f93ba11c3c45005c.jpeg": {
    "app_sintetizada": "7486388417C1457F841133F93BA11C3C45005C.JPEG",
    "cantidad_archivos": 1,
    "archivos_fuente": [
      "Pictures/Fototeca de Fotos.photoslibrary/resources/derivatives/masters/7/74863884-17C1-457F-8411-33F93BA11C3C_4_5005_c.jpeg"
    ],
    "ultima_modificacion": "2025-08-01 01:01:07.973669"
  },
  "713ed48d82d04fcb86b9cc21da1cadfa45005c.jpeg": {
    "app_sintetizada": "713ED48D82D04FCB86B9CC21DA1CADFA45005C.JPEG",
    "cantidad_archivos": 1,
    "archivos_fuente": [
      "Pictures/Fototeca de Fotos.photoslibrary/resources/derivatives/masters/7/713ED48D-82D0-4FCB-86B9-CC21DA1CADFA_4_5005_c.jpeg"
    ],
    "ultima_modificacion": "2025-08-01 01:01:07.974001"
  },
  "7c72c1639af84da8b606996b11fff84d45005c.jpeg": {
    "app_sintetizada": "7C72C1639AF84DA8B606996B11FFF84D45005C.JPEG",
    "cantidad_archivos": 1,
    "archivos_fuente": [
      "Pictures/Fototeca de Fotos.photoslibrary/resources/derivatives/masters/7/7C72C163-9AF8-4DA8-B606-996B11FFF84D_4_5005_c.jpeg"
    ],
    "ultima_modificacion": "2025-08-01 01:01:07.974256"
  },
  "798e4c8d58294aad9b026596ec968ca045005c.jpeg": {
    "app_sintetizada": "798E4C8D58294AAD9B026596EC968CA045005C.JPEG",
    "cantidad_archivos": 1,
    "archivos_fuente": [
      "Pictures/Fototeca de Fotos.photoslibrary/resources/derivatives/masters/7/798E4C8D-5829-4AAD-9B02-6596EC968CA0_4_5005_c.jpeg"
    ],
    "ultima_modificacion": "2025-08-01 01:01:07.974497"
  },
  "790d077f664c413680bb9c3a022ae34145005c.jpeg": {
    "app_sintetizada": "790D077F664C413680BB9C3A022AE34145005C.JPEG",
    "cantidad_archivos": 1,
    "archivos_fuente": [
      "Pictures/Fototeca de Fotos.photoslibrary/resources/derivatives/masters/7/790D077F-664C-4136-80BB-9C3A022AE341_4_5005_c.jpeg"
    ],
    "ultima_modificacion": "2025-08-01 01:01:07.974720"
  },
  "7b98b75b7b8f4600b2ee97d10395b7ed45005c.jpeg": {
    "app_sintetizada": "7B98B75B7B8F4600B2EE97D10395B7ED45005C.JPEG",
    "cantidad_archivos": 1,
    "archivos_fuente": [
      "Pictures/Fototeca de Fotos.photoslibrary/resources/derivatives/masters/7/7B98B75B-7B8F-4600-B2EE-97D10395B7ED_4_5005_c.jpeg"
    ],
    "ultima_modificacion": "2025-08-01 01:01:07.974933"
  },
  "7fe95ea152ff4fce8ec1bbacd20af16f45005c.jpeg": {
    "app_sintetizada": "7FE95EA152FF4FCE8EC1BBACD20AF16F45005C.JPEG",
    "cantidad_archivos": 1,
    "archivos_fuente": [
      "Pictures/Fototeca de Fotos.photoslibrary/resources/derivatives/masters/7/7FE95EA1-52FF-4FCE-8EC1-BBACD20AF16F_4_5005_c.jpeg"
    ],
    "ultima_modificacion": "2025-08-01 01:01:07.975123"
  },
  "7d71911f6deb4daeba77e36ba93812b745005c.jpeg": {
    "app_sintetizada": "7D71911F6DEB4DAEBA77E36BA93812B745005C.JPEG",
    "cantidad_archivos": 1,
    "archivos_fuente": [
      "Pictures/Fototeca de Fotos.photoslibrary/resources/derivatives/masters/7/7D71911F-6DEB-4DAE-BA77-E36BA93812B7_4_5005_c.jpeg"
    ],
    "ultima_modificacion": "2025-08-01 01:01:07.975309"
  },
  "74f500f3468c46c0b07c9822bc276c7c45005c.jpeg": {
    "app_sintetizada": "74F500F3468C46C0B07C9822BC276C7C45005C.JPEG",
    "cantidad_archivos": 1,
    "archivos_fuente": [
      "Pictures/Fototeca de Fotos.photoslibrary/resources/derivatives/masters/7/74F500F3-468C-46C0-B07C-9822BC276C7C_4_5005_c.jpeg"
    ],
    "ultima_modificacion": "2025-08-01 01:01:07.975492"
  },
  "74bddc66bd2a48248fa292d251c593e945005c.jpeg": {
    "app_sintetizada": "74BDDC66BD2A48248FA292D251C593E945005C.JPEG",
    "cantidad_archivos": 1,
    "archivos_fuente": [
      "Pictures/Fototeca de Fotos.photoslibrary/resources/derivatives/masters/7/74BDDC66-BD2A-4824-8FA2-92D251C593E9_4_5005_c.jpeg"
    ],
    "ultima_modificacion": "2025-08-01 01:01:07.975678"
  },
  "739e4a63952f4336962ca6ee17e6cd3d45005c.jpeg": {
    "app_sintetizada": "739E4A63952F4336962CA6EE17E6CD3D45005C.JPEG",
    "cantidad_archivos": 1,
    "archivos_fuente": [
      "Pictures/Fototeca de Fotos.photoslibrary/resources/derivatives/masters/7/739E4A63-952F-4336-962C-A6EE17E6CD3D_4_5005_c.jpeg"
    ],
    "ultima_modificacion": "2025-08-01 01:01:07.975874"
  },
  "72b80fa2c1274f85878b2e96db974c5f45005c.jpeg": {
    "app_sintetizada": "72B80FA2C1274F85878B2E96DB974C5F45005C.JPEG",
    "cantidad_archivos": 1,
    "archivos_fuente": [
      "Pictures/Fototeca de Fotos.photoslibrary/resources/derivatives/masters/7/72B80FA2-C127-4F85-878B-2E96DB974C5F_4_5005_c.jpeg"
    ],
    "ultima_modificacion": "2025-08-01 01:01:07.976073"
  },
  "7531da97f05848559e3e4223d84b478d45005c.jpeg": {
    "app_sintetizada": "7531DA97F05848559E3E4223D84B478D45005C.JPEG",
    "cantidad_archivos": 1,
    "archivos_fuente": [
      "Pictures/Fototeca de Fotos.photoslibrary/resources/derivatives/masters/7/7531DA97-F058-4855-9E3E-4223D84B478D_4_5005_c.jpeg"
    ],
    "ultima_modificacion": "2025-08-01 01:01:07.976247"
  },
  "780e9a3fa4f647068d9a6897043fd87945005c.jpeg": {
    "app_sintetizada": "780E9A3FA4F647068D9A6897043FD87945005C.JPEG",
    "cantidad_archivos": 1,
    "archivos_fuente": [
      "Pictures/Fototeca de Fotos.photoslibrary/resources/derivatives/masters/7/780E9A3F-A4F6-4706-8D9A-6897043FD879_4_5005_c.jpeg"
    ],
    "ultima_modificacion": "2025-08-01 01:01:07.976435"
  },
  "7ca5cf1abc1342daab6aa3aa4cb0560845005c.jpeg": {
    "app_sintetizada": "7CA5CF1ABC1342DAAB6AA3AA4CB0560845005C.JPEG",
    "cantidad_archivos": 1,
    "archivos_fuente": [
      "Pictures/Fototeca de Fotos.photoslibrary/resources/derivatives/masters/7/7CA5CF1A-BC13-42DA-AB6A-A3AA4CB05608_4_5005_c.jpeg"
    ],
    "ultima_modificacion": "2025-08-01 01:01:07.976624"
  },
  "7af45adab6664e84a62faf39b3efcfa345005c.jpeg": {
    "app_sintetizada": "7AF45ADAB6664E84A62FAF39B3EFCFA345005C.JPEG",
    "cantidad_archivos": 1,
    "archivos_fuente": [
      "Pictures/Fototeca de Fotos.photoslibrary/resources/derivatives/masters/7/7AF45ADA-B666-4E84-A62F-AF39B3EFCFA3_4_5005_c.jpeg"
    ],
    "ultima_modificacion": "2025-08-01 01:01:07.976941"
  },
  "799a2f1f64384e7f9fcda9cebbf341b545005c.jpeg": {
    "app_sintetizada": "799A2F1F64384E7F9FCDA9CEBBF341B545005C.JPEG",
    "cantidad_archivos": 1,
    "archivos_fuente": [
      "Pictures/Fototeca de Fotos.photoslibrary/resources/derivatives/masters/7/799A2F1F-6438-4E7F-9FCD-A9CEBBF341B5_4_5005_c.jpeg"
    ],
    "ultima_modificacion": "2025-08-01 01:01:07.977261"
  },
  "7fd71c48c0d041e39572ce3a4aa53a5345005c.jpeg": {
    "app_sintetizada": "7FD71C48C0D041E39572CE3A4AA53A5345005C.JPEG",
    "cantidad_archivos": 1,
    "archivos_fuente": [
      "Pictures/Fototeca de Fotos.photoslibrary/resources/derivatives/masters/7/7FD71C48-C0D0-41E3-9572-CE3A4AA53A53_4_5005_c.jpeg"
    ],
    "ultima_modificacion": "2025-08-01 01:01:07.977506"
  },
  "76e3307f7f954babbcf1955a5da65e3c45005c.jpeg": {
    "app_sintetizada": "76E3307F7F954BABBCF1955A5DA65E3C45005C.JPEG",
    "cantidad_archivos": 1,
    "archivos_fuente": [
      "Pictures/Fototeca de Fotos.photoslibrary/resources/derivatives/masters/7/76E3307F-7F95-4BAB-BCF1-955A5DA65E3C_4_5005_c.jpeg"
    ],
    "ultima_modificacion": "2025-08-01 01:01:07.977752"
  },
  "7aba59465fd74c7384395281c3ad4f0145005c.jpeg": {
    "app_sintetizada": "7ABA59465FD74C7384395281C3AD4F0145005C.JPEG",
    "cantidad_archivos": 1,
    "archivos_fuente": [
      "Pictures/Fototeca de Fotos.photoslibrary/resources/derivatives/masters/7/7ABA5946-5FD7-4C73-8439-5281C3AD4F01_4_5005_c.jpeg"
    ],
    "ultima_modificacion": "2025-08-01 01:01:07.977987"
  },
  "71049f78f5a84716855cd720ece1d06c45005c.jpeg": {
    "app_sintetizada": "71049F78F5A84716855CD720ECE1D06C45005C.JPEG",
    "cantidad_archivos": 1,
    "archivos_fuente": [
      "Pictures/Fototeca de Fotos.photoslibrary/resources/derivatives/masters/7/71049F78-F5A8-4716-855C-D720ECE1D06C_4_5005_c.jpeg"
    ],
    "ultima_modificacion": "2025-08-01 01:01:07.978309"
  },
  "77233b2a4f664803855ccff2f5c1164145005c.jpeg": {
    "app_sintetizada": "77233B2A4F664803855CCFF2F5C1164145005C.JPEG",
    "cantidad_archivos": 1,
    "archivos_fuente": [
      "Pictures/Fototeca de Fotos.photoslibrary/resources/derivatives/masters/7/77233B2A-4F66-4803-855C-CFF2F5C11641_4_5005_c.jpeg"
    ],
    "ultima_modificacion": "2025-08-01 01:01:07.978535"
  },
  "7909094b7ad745eda9bc68a4fd8cddf245005c.jpeg": {
    "app_sintetizada": "7909094B7AD745EDA9BC68A4FD8CDDF245005C.JPEG",
    "cantidad_archivos": 1,
    "archivos_fuente": [
      "Pictures/Fototeca de Fotos.photoslibrary/resources/derivatives/masters/7/7909094B-7AD7-45ED-A9BC-68A4FD8CDDF2_4_5005_c.jpeg"
    ],
    "ultima_modificacion": "2025-08-01 01:01:07.978732"
  },
  "71f586493b094abe8fb415193bd9569e45005c.jpeg": {
    "app_sintetizada": "71F586493B094ABE8FB415193BD9569E45005C.JPEG",
    "cantidad_archivos": 1,
    "archivos_fuente": [
      "Pictures/Fototeca de Fotos.photoslibrary/resources/derivatives/masters/7/71F58649-3B09-4ABE-8FB4-15193BD9569E_4_5005_c.jpeg"
    ],
    "ultima_modificacion": "2025-08-01 01:01:07.978930"
  },
  "72cc968e2d3d46c1a57c5132ec5298fe45005c.jpeg": {
    "app_sintetizada": "72CC968E2D3D46C1A57C5132EC5298FE45005C.JPEG",
    "cantidad_archivos": 1,
    "archivos_fuente": [
      "Pictures/Fototeca de Fotos.photoslibrary/resources/derivatives/masters/7/72CC968E-2D3D-46C1-A57C-5132EC5298FE_4_5005_c.jpeg"
    ],
    "ultima_modificacion": "2025-08-01 01:01:07.979136"
  },
  "727f71b88933472ea3e690c96285cb1245005c.jpeg": {
    "app_sintetizada": "727F71B88933472EA3E690C96285CB1245005C.JPEG",
    "cantidad_archivos": 1,
    "archivos_fuente": [
      "Pictures/Fototeca de Fotos.photoslibrary/resources/derivatives/masters/7/727F71B8-8933-472E-A3E6-90C96285CB12_4_5005_c.jpeg"
    ],
    "ultima_modificacion": "2025-08-01 01:01:07.997871"
  },
  "758bc06063c74e2db876f87143e9e7b045005c.jpeg": {
    "app_sintetizada": "758BC06063C74E2DB876F87143E9E7B045005C.JPEG",
    "cantidad_archivos": 1,
    "archivos_fuente": [
      "Pictures/Fototeca de Fotos.photoslibrary/resources/derivatives/masters/7/758BC060-63C7-4E2D-B876-F87143E9E7B0_4_5005_c.jpeg"
    ],
    "ultima_modificacion": "2025-08-01 01:01:07.998637"
  },
  "7b4b60b8e49d4edaa302fc5d7fdbab2345005c.jpeg": {
    "app_sintetizada": "7B4B60B8E49D4EDAA302FC5D7FDBAB2345005C.JPEG",
    "cantidad_archivos": 1,
    "archivos_fuente": [
      "Pictures/Fototeca de Fotos.photoslibrary/resources/derivatives/masters/7/7B4B60B8-E49D-4EDA-A302-FC5D7FDBAB23_4_5005_c.jpeg"
    ],
    "ultima_modificacion": "2025-08-01 01:01:07.999111"
  },
  "7399abf3893540ee94593e1738451c1945005c.jpeg": {
    "app_sintetizada": "7399ABF3893540EE94593E1738451C1945005C.JPEG",
    "cantidad_archivos": 1,
    "archivos_fuente": [
      "Pictures/Fototeca de Fotos.photoslibrary/resources/derivatives/masters/7/7399ABF3-8935-40EE-9459-3E1738451C19_4_5005_c.jpeg"
    ],
    "ultima_modificacion": "2025-08-01 01:01:07.999533"
  },
  "74aeb0ce2eef4252a198b019fd9b13e845005c.jpeg": {
    "app_sintetizada": "74AEB0CE2EEF4252A198B019FD9B13E845005C.JPEG",
    "cantidad_archivos": 1,
    "archivos_fuente": [
      "Pictures/Fototeca de Fotos.photoslibrary/resources/derivatives/masters/7/74AEB0CE-2EEF-4252-A198-B019FD9B13E8_4_5005_c.jpeg"
    ],
    "ultima_modificacion": "2025-08-01 01:01:08.000860"
  },
  "73bad990ba4c42fc8200643a19c1c60145005c.jpeg": {
    "app_sintetizada": "73BAD990BA4C42FC8200643A19C1C60145005C.JPEG",
    "cantidad_archivos": 1,
    "archivos_fuente": [
      "Pictures/Fototeca de Fotos.photoslibrary/resources/derivatives/masters/7/73BAD990-BA4C-42FC-8200-643A19C1C601_4_5005_c.jpeg"
    ],
    "ultima_modificacion": "2025-08-01 01:01:08.016101"
  },
  "78734dac80334a7e809d3d579995fbe845005c.jpeg": {
    "app_sintetizada": "78734DAC80334A7E809D3D579995FBE845005C.JPEG",
    "cantidad_archivos": 1,
    "archivos_fuente": [
      "Pictures/Fototeca de Fotos.photoslibrary/resources/derivatives/masters/7/78734DAC-8033-4A7E-809D-3D579995FBE8_4_5005_c.jpeg"
    ],
    "ultima_modificacion": "2025-08-01 01:01:08.016632"
  },
  "755f258e9c934b07a8702fbbb34fd60445005c.jpeg": {
    "app_sintetizada": "755F258E9C934B07A8702FBBB34FD60445005C.JPEG",
    "cantidad_archivos": 1,
    "archivos_fuente": [
      "Pictures/Fototeca de Fotos.photoslibrary/resources/derivatives/masters/7/755F258E-9C93-4B07-A870-2FBBB34FD604_4_5005_c.jpeg"
    ],
    "ultima_modificacion": "2025-08-01 01:01:08.016872"
  },
  "78bd2c5134e346deb7800a0b6912728c45005c.jpeg": {
    "app_sintetizada": "78BD2C5134E346DEB7800A0B6912728C45005C.JPEG",
    "cantidad_archivos": 1,
    "archivos_fuente": [
      "Pictures/Fototeca de Fotos.photoslibrary/resources/derivatives/masters/7/78BD2C51-34E3-46DE-B780-0A0B6912728C_4_5005_c.jpeg"
    ],
    "ultima_modificacion": "2025-08-01 01:01:08.018789"
  },
  "7d8b72a7b9c142e1b12bfedf97adbf0245005c.jpeg": {
    "app_sintetizada": "7D8B72A7B9C142E1B12BFEDF97ADBF0245005C.JPEG",
    "cantidad_archivos": 1,
    "archivos_fuente": [
      "Pictures/Fototeca de Fotos.photoslibrary/resources/derivatives/masters/7/7D8B72A7-B9C1-42E1-B12B-FEDF97ADBF02_4_5005_c.jpeg"
    ],
    "ultima_modificacion": "2025-08-01 01:01:08.019048"
  },
  "77269b174fce4b4e8d32a827d527784645005c.jpeg": {
    "app_sintetizada": "77269B174FCE4B4E8D32A827D527784645005C.JPEG",
    "cantidad_archivos": 1,
    "archivos_fuente": [
      "Pictures/Fototeca de Fotos.photoslibrary/resources/derivatives/masters/7/77269B17-4FCE-4B4E-8D32-A827D5277846_4_5005_c.jpeg"
    ],
    "ultima_modificacion": "2025-08-01 01:01:08.019296"
  },
  "72d10521a9384419bb64ef01e1dcfae945005c.jpeg": {
    "app_sintetizada": "72D10521A9384419BB64EF01E1DCFAE945005C.JPEG",
    "cantidad_archivos": 1,
    "archivos_fuente": [
      "Pictures/Fototeca de Fotos.photoslibrary/resources/derivatives/masters/7/72D10521-A938-4419-BB64-EF01E1DCFAE9_4_5005_c.jpeg"
    ],
    "ultima_modificacion": "2025-08-01 01:01:08.021865"
  },
  "76fca0605b1c4291a842d240d081d5c645005c.jpeg": {
    "app_sintetizada": "76FCA0605B1C4291A842D240D081D5C645005C.JPEG",
    "cantidad_archivos": 1,
    "archivos_fuente": [
      "Pictures/Fototeca de Fotos.photoslibrary/resources/derivatives/masters/7/76FCA060-5B1C-4291-A842-D240D081D5C6_4_5005_c.jpeg"
    ],
    "ultima_modificacion": "2025-08-01 01:01:08.022135"
  },
  "738fc52928c148428cb8920dc406ccca45005c.jpeg": {
    "app_sintetizada": "738FC52928C148428CB8920DC406CCCA45005C.JPEG",
    "cantidad_archivos": 1,
    "archivos_fuente": [
      "Pictures/Fototeca de Fotos.photoslibrary/resources/derivatives/masters/7/738FC529-28C1-4842-8CB8-920DC406CCCA_4_5005_c.jpeg"
    ],
    "ultima_modificacion": "2025-08-01 01:01:08.025136"
  },
  "748b4cd7f44b40049e057f1df744433145005c.jpeg": {
    "app_sintetizada": "748B4CD7F44B40049E057F1DF744433145005C.JPEG",
    "cantidad_archivos": 1,
    "archivos_fuente": [
      "Pictures/Fototeca de Fotos.photoslibrary/resources/derivatives/masters/7/748B4CD7-F44B-4004-9E05-7F1DF7444331_4_5005_c.jpeg"
    ],
    "ultima_modificacion": "2025-08-01 01:01:08.025394"
  },
  "74ac98cbf547456db78272de2024bd4245005c.jpeg": {
    "app_sintetizada": "74AC98CBF547456DB78272DE2024BD4245005C.JPEG",
    "cantidad_archivos": 1,
    "archivos_fuente": [
      "Pictures/Fototeca de Fotos.photoslibrary/resources/derivatives/masters/7/74AC98CB-F547-456D-B782-72DE2024BD42_4_5005_c.jpeg"
    ],
    "ultima_modificacion": "2025-08-01 01:01:08.025664"
  },
  "71a1081629b94524858ccdbcf399604845005c.jpeg": {
    "app_sintetizada": "71A1081629B94524858CCDBCF399604845005C.JPEG",
    "cantidad_archivos": 1,
    "archivos_fuente": [
      "Pictures/Fototeca de Fotos.photoslibrary/resources/derivatives/masters/7/71A10816-29B9-4524-858C-CDBCF3996048_4_5005_c.jpeg"
    ],
    "ultima_modificacion": "2025-08-01 01:01:08.026012"
  },
  "79e36965107445d79835f7acb4f31b2045005c.jpeg": {
    "app_sintetizada": "79E36965107445D79835F7ACB4F31B2045005C.JPEG",
    "cantidad_archivos": 1,
    "archivos_fuente": [
      "Pictures/Fototeca de Fotos.photoslibrary/resources/derivatives/masters/7/79E36965-1074-45D7-9835-F7ACB4F31B20_4_5005_c.jpeg"
    ],
    "ultima_modificacion": "2025-08-01 01:01:08.026343"
  },
  "7d98ef198e334d1aa99ecc48570ec16a45005c.jpeg": {
    "app_sintetizada": "7D98EF198E334D1AA99ECC48570EC16A45005C.JPEG",
    "cantidad_archivos": 1,
    "archivos_fuente": [
      "Pictures/Fototeca de Fotos.photoslibrary/resources/derivatives/masters/7/7D98EF19-8E33-4D1A-A99E-CC48570EC16A_4_5005_c.jpeg"
    ],
    "ultima_modificacion": "2025-08-01 01:01:08.026610"
  },
  "79d5b674bcd5474a8cf5205a1465647345005c.jpeg": {
    "app_sintetizada": "79D5B674BCD5474A8CF5205A1465647345005C.JPEG",
    "cantidad_archivos": 1,
    "archivos_fuente": [
      "Pictures/Fototeca de Fotos.photoslibrary/resources/derivatives/masters/7/79D5B674-BCD5-474A-8CF5-205A14656473_4_5005_c.jpeg"
    ],
    "ultima_modificacion": "2025-08-01 01:01:08.026908"
  },
  "7b0d39f8b12548b1a39190c5e7a07a2845005c.jpeg": {
    "app_sintetizada": "7B0D39F8B12548B1A39190C5E7A07A2845005C.JPEG",
    "cantidad_archivos": 1,
    "archivos_fuente": [
      "Pictures/Fototeca de Fotos.photoslibrary/resources/derivatives/masters/7/7B0D39F8-B125-48B1-A391-90C5E7A07A28_4_5005_c.jpeg"
    ],
    "ultima_modificacion": "2025-08-01 01:01:08.027166"
  },
  "7c23438862fc410e968e85be5fcfc97845005c.jpeg": {
    "app_sintetizada": "7C23438862FC410E968E85BE5FCFC97845005C.JPEG",
    "cantidad_archivos": 1,
    "archivos_fuente": [
      "Pictures/Fototeca de Fotos.photoslibrary/resources/derivatives/masters/7/7C234388-62FC-410E-968E-85BE5FCFC978_4_5005_c.jpeg"
    ],
    "ultima_modificacion": "2025-08-01 01:01:08.027477"
  },
  "73ce21826a0a46bfb53717200b863c0345005c.jpeg": {
    "app_sintetizada": "73CE21826A0A46BFB53717200B863C0345005C.JPEG",
    "cantidad_archivos": 1,
    "archivos_fuente": [
      "Pictures/Fototeca de Fotos.photoslibrary/resources/derivatives/masters/7/73CE2182-6A0A-46BF-B537-17200B863C03_4_5005_c.jpeg"
    ],
    "ultima_modificacion": "2025-08-01 01:01:08.027708"
  },
  "78a67920efdb40398bae2194f83850c545005c.jpeg": {
    "app_sintetizada": "78A67920EFDB40398BAE2194F83850C545005C.JPEG",
    "cantidad_archivos": 1,
    "archivos_fuente": [
      "Pictures/Fototeca de Fotos.photoslibrary/resources/derivatives/masters/7/78A67920-EFDB-4039-8BAE-2194F83850C5_4_5005_c.jpeg"
    ],
    "ultima_modificacion": "2025-08-01 01:01:08.027927"
  },
  "7782ae8973a14163b575b54644aa904e45005c.jpeg": {
    "app_sintetizada": "7782AE8973A14163B575B54644AA904E45005C.JPEG",
    "cantidad_archivos": 1,
    "archivos_fuente": [
      "Pictures/Fototeca de Fotos.photoslibrary/resources/derivatives/masters/7/7782AE89-73A1-4163-B575-B54644AA904E_4_5005_c.jpeg"
    ],
    "ultima_modificacion": "2025-08-01 01:01:08.028141"
  },
  "7ad7378d91424dce847ed6b6912bc10b45005c.jpeg": {
    "app_sintetizada": "7AD7378D91424DCE847ED6B6912BC10B45005C.JPEG",
    "cantidad_archivos": 1,
    "archivos_fuente": [
      "Pictures/Fototeca de Fotos.photoslibrary/resources/derivatives/masters/7/7AD7378D-9142-4DCE-847E-D6B6912BC10B_4_5005_c.jpeg"
    ],
    "ultima_modificacion": "2025-08-01 01:01:08.028321"
  },
  "7b02af49a6a341aea266aee25960abc945005c.jpeg": {
    "app_sintetizada": "7B02AF49A6A341AEA266AEE25960ABC945005C.JPEG",
    "cantidad_archivos": 1,
    "archivos_fuente": [
      "Pictures/Fototeca de Fotos.photoslibrary/resources/derivatives/masters/7/7B02AF49-A6A3-41AE-A266-AEE25960ABC9_4_5005_c.jpeg"
    ],
    "ultima_modificacion": "2025-08-01 01:01:08.028506"
  },
  "7b50a987d1cf482b966d80ed6d1cc76645005c.jpeg": {
    "app_sintetizada": "7B50A987D1CF482B966D80ED6D1CC76645005C.JPEG",
    "cantidad_archivos": 1,
    "archivos_fuente": [
      "Pictures/Fototeca de Fotos.photoslibrary/resources/derivatives/masters/7/7B50A987-D1CF-482B-966D-80ED6D1CC766_4_5005_c.jpeg"
    ],
    "ultima_modificacion": "2025-08-01 01:01:08.028684"
  },
  "7d5dc7b1e25d4c6e8808e6b1237b4a0445005c.jpeg": {
    "app_sintetizada": "7D5DC7B1E25D4C6E8808E6B1237B4A0445005C.JPEG",
    "cantidad_archivos": 1,
    "archivos_fuente": [
      "Pictures/Fototeca de Fotos.photoslibrary/resources/derivatives/masters/7/7D5DC7B1-E25D-4C6E-8808-E6B1237B4A04_4_5005_c.jpeg"
    ],
    "ultima_modificacion": "2025-08-01 01:01:08.028858"
  },
  "7c963771584f4ad3bfca20ab8ae0164345005c.jpeg": {
    "app_sintetizada": "7C963771584F4AD3BFCA20AB8AE0164345005C.JPEG",
    "cantidad_archivos": 1,
    "archivos_fuente": [
      "Pictures/Fototeca de Fotos.photoslibrary/resources/derivatives/masters/7/7C963771-584F-4AD3-BFCA-20AB8AE01643_4_5005_c.jpeg"
    ],
    "ultima_modificacion": "2025-08-01 01:01:08.029043"
  },
  "7e94aeef9b8d4551bcda2f1c55391e4545005c.jpeg": {
    "app_sintetizada": "7E94AEEF9B8D4551BCDA2F1C55391E4545005C.JPEG",
    "cantidad_archivos": 1,
    "archivos_fuente": [
      "Pictures/Fototeca de Fotos.photoslibrary/resources/derivatives/masters/7/7E94AEEF-9B8D-4551-BCDA-2F1C55391E45_4_5005_c.jpeg"
    ],
    "ultima_modificacion": "2025-08-01 01:01:08.029220"
  },
  "7360959ec2ff4c6a9f97aa0715adf5cd45005c.jpeg": {
    "app_sintetizada": "7360959EC2FF4C6A9F97AA0715ADF5CD45005C.JPEG",
    "cantidad_archivos": 1,
    "archivos_fuente": [
      "Pictures/Fototeca de Fotos.photoslibrary/resources/derivatives/masters/7/7360959E-C2FF-4C6A-9F97-AA0715ADF5CD_4_5005_c.jpeg"
    ],
    "ultima_modificacion": "2025-08-01 01:01:08.029408"
  },
  "7668be3545ec46979034046d897f0cd545005c.jpeg": {
    "app_sintetizada": "7668BE3545EC46979034046D897F0CD545005C.JPEG",
    "cantidad_archivos": 1,
    "archivos_fuente": [
      "Pictures/Fototeca de Fotos.photoslibrary/resources/derivatives/masters/7/7668BE35-45EC-4697-9034-046D897F0CD5_4_5005_c.jpeg"
    ],
    "ultima_modificacion": "2025-08-01 01:01:08.029583"
  },
  "7b7b2cbda1e349f6b060ecbaad6c822945005c.jpeg": {
    "app_sintetizada": "7B7B2CBDA1E349F6B060ECBAAD6C822945005C.JPEG",
    "cantidad_archivos": 1,
    "archivos_fuente": [
      "Pictures/Fototeca de Fotos.photoslibrary/resources/derivatives/masters/7/7B7B2CBD-A1E3-49F6-B060-ECBAAD6C8229_4_5005_c.jpeg"
    ],
    "ultima_modificacion": "2025-08-01 01:01:08.029826"
  },
  "7f5eba3dc4a64b2bad7db3678366abfa45005c.jpeg": {
    "app_sintetizada": "7F5EBA3DC4A64B2BAD7DB3678366ABFA45005C.JPEG",
    "cantidad_archivos": 1,
    "archivos_fuente": [
      "Pictures/Fototeca de Fotos.photoslibrary/resources/derivatives/masters/7/7F5EBA3D-C4A6-4B2B-AD7D-B3678366ABFA_4_5005_c.jpeg"
    ],
    "ultima_modificacion": "2025-08-01 01:01:08.030123"
  },
  "7dc9ffb89a644e73b583a7dcd54c234e45005c.jpeg": {
    "app_sintetizada": "7DC9FFB89A644E73B583A7DCD54C234E45005C.JPEG",
    "cantidad_archivos": 1,
    "archivos_fuente": [
      "Pictures/Fototeca de Fotos.photoslibrary/resources/derivatives/masters/7/7DC9FFB8-9A64-4E73-B583-A7DCD54C234E_4_5005_c.jpeg"
    ],
    "ultima_modificacion": "2025-08-01 01:01:08.030466"
  },
  "76d46731e8b24b5d8ce6cb670470fad745005c.jpeg": {
    "app_sintetizada": "76D46731E8B24B5D8CE6CB670470FAD745005C.JPEG",
    "cantidad_archivos": 1,
    "archivos_fuente": [
      "Pictures/Fototeca de Fotos.photoslibrary/resources/derivatives/masters/7/76D46731-E8B2-4B5D-8CE6-CB670470FAD7_4_5005_c.jpeg"
    ],
    "ultima_modificacion": "2025-08-01 01:01:08.030727"
  },
  "72bddacb81b24b1688a28c8e5473690645005c.jpeg": {
    "app_sintetizada": "72BDDACB81B24B1688A28C8E5473690645005C.JPEG",
    "cantidad_archivos": 1,
    "archivos_fuente": [
      "Pictures/Fototeca de Fotos.photoslibrary/resources/derivatives/masters/7/72BDDACB-81B2-4B16-88A2-8C8E54736906_4_5005_c.jpeg"
    ],
    "ultima_modificacion": "2025-08-01 01:01:08.031029"
  },
  "755f22363b8446d9ba6f4c0b2768c4f945005c.jpeg": {
    "app_sintetizada": "755F22363B8446D9BA6F4C0B2768C4F945005C.JPEG",
    "cantidad_archivos": 1,
    "archivos_fuente": [
      "Pictures/Fototeca de Fotos.photoslibrary/resources/derivatives/masters/7/755F2236-3B84-46D9-BA6F-4C0B2768C4F9_4_5005_c.jpeg"
    ],
    "ultima_modificacion": "2025-08-01 01:01:08.031321"
  },
  "7b69e953c18449489e4fa9555aa4570245005c.jpeg": {
    "app_sintetizada": "7B69E953C18449489E4FA9555AA4570245005C.JPEG",
    "cantidad_archivos": 1,
    "archivos_fuente": [
      "Pictures/Fototeca de Fotos.photoslibrary/resources/derivatives/masters/7/7B69E953-C184-4948-9E4F-A9555AA45702_4_5005_c.jpeg"
    ],
    "ultima_modificacion": "2025-08-01 01:01:08.031629"
  },
  "75ac7fe9ea214a8d9be1940b5802881545005c.jpeg": {
    "app_sintetizada": "75AC7FE9EA214A8D9BE1940B5802881545005C.JPEG",
    "cantidad_archivos": 1,
    "archivos_fuente": [
      "Pictures/Fototeca de Fotos.photoslibrary/resources/derivatives/masters/7/75AC7FE9-EA21-4A8D-9BE1-940B58028815_4_5005_c.jpeg"
    ],
    "ultima_modificacion": "2025-08-01 01:01:08.031944"
  },
  "7968ae1aea294190a686afc3029e3f0245005c.jpeg": {
    "app_sintetizada": "7968AE1AEA294190A686AFC3029E3F0245005C.JPEG",
    "cantidad_archivos": 1,
    "archivos_fuente": [
      "Pictures/Fototeca de Fotos.photoslibrary/resources/derivatives/masters/7/7968AE1A-EA29-4190-A686-AFC3029E3F02_4_5005_c.jpeg"
    ],
    "ultima_modificacion": "2025-08-01 01:01:08.032238"
  },
  "7f231995eb0644cd9f166150fee9376745005c.jpeg": {
    "app_sintetizada": "7F231995EB0644CD9F166150FEE9376745005C.JPEG",
    "cantidad_archivos": 1,
    "archivos_fuente": [
      "Pictures/Fototeca de Fotos.photoslibrary/resources/derivatives/masters/7/7F231995-EB06-44CD-9F16-6150FEE93767_4_5005_c.jpeg"
    ],
    "ultima_modificacion": "2025-08-01 01:01:08.032470"
  },
  "7de0f64215684e88a9e2e419fe9697a745005c.jpeg": {
    "app_sintetizada": "7DE0F64215684E88A9E2E419FE9697A745005C.JPEG",
    "cantidad_archivos": 1,
    "archivos_fuente": [
      "Pictures/Fototeca de Fotos.photoslibrary/resources/derivatives/masters/7/7DE0F642-1568-4E88-A9E2-E419FE9697A7_4_5005_c.jpeg"
    ],
    "ultima_modificacion": "2025-08-01 01:01:08.032718"
  },
  "7c1e6b531dac49f798e6f1e0c34ca72545005c.jpeg": {
    "app_sintetizada": "7C1E6B531DAC49F798E6F1E0C34CA72545005C.JPEG",
    "cantidad_archivos": 1,
    "archivos_fuente": [
      "Pictures/Fototeca de Fotos.photoslibrary/resources/derivatives/masters/7/7C1E6B53-1DAC-49F7-98E6-F1E0C34CA725_4_5005_c.jpeg"
    ],
    "ultima_modificacion": "2025-08-01 01:01:08.032946"
  },
  "7ff2b36d498f485dbbe39470332a1ed745005c.jpeg": {
    "app_sintetizada": "7FF2B36D498F485DBBE39470332A1ED745005C.JPEG",
    "cantidad_archivos": 1,
    "archivos_fuente": [
      "Pictures/Fototeca de Fotos.photoslibrary/resources/derivatives/masters/7/7FF2B36D-498F-485D-BBE3-9470332A1ED7_4_5005_c.jpeg"
    ],
    "ultima_modificacion": "2025-08-01 01:01:08.033164"
  },
  "728d0c4c269b4ca1962f46bb425edb4745005c.jpeg": {
    "app_sintetizada": "728D0C4C269B4CA1962F46BB425EDB4745005C.JPEG",
    "cantidad_archivos": 1,
    "archivos_fuente": [
      "Pictures/Fototeca de Fotos.photoslibrary/resources/derivatives/masters/7/728D0C4C-269B-4CA1-962F-46BB425EDB47_4_5005_c.jpeg"
    ],
    "ultima_modificacion": "2025-08-01 01:01:08.033374"
  },
  "77aa4b48bd3b4df081240470a474f7d045005c.jpeg": {
    "app_sintetizada": "77AA4B48BD3B4DF081240470A474F7D045005C.JPEG",
    "cantidad_archivos": 1,
    "archivos_fuente": [
      "Pictures/Fototeca de Fotos.photoslibrary/resources/derivatives/masters/7/77AA4B48-BD3B-4DF0-8124-0470A474F7D0_4_5005_c.jpeg"
    ],
    "ultima_modificacion": "2025-08-01 01:01:08.033673"
  },
  "7823c84a93024848bbe683a59435ca2c45005c.jpeg": {
    "app_sintetizada": "7823C84A93024848BBE683A59435CA2C45005C.JPEG",
    "cantidad_archivos": 1,
    "archivos_fuente": [
      "Pictures/Fototeca de Fotos.photoslibrary/resources/derivatives/masters/7/7823C84A-9302-4848-BBE6-83A59435CA2C_4_5005_c.jpeg"
    ],
    "ultima_modificacion": "2025-08-01 01:01:08.033918"
  },
  "7f8c97055abf46018dbab14062a597ec45005c.jpeg": {
    "app_sintetizada": "7F8C97055ABF46018DBAB14062A597EC45005C.JPEG",
    "cantidad_archivos": 1,
    "archivos_fuente": [
      "Pictures/Fototeca de Fotos.photoslibrary/resources/derivatives/masters/7/7F8C9705-5ABF-4601-8DBA-B14062A597EC_4_5005_c.jpeg"
    ],
    "ultima_modificacion": "2025-08-01 01:01:08.034178"
  },
  "794f73df1bed4b67958da2e3703d7d7845005c.jpeg": {
    "app_sintetizada": "794F73DF1BED4B67958DA2E3703D7D7845005C.JPEG",
    "cantidad_archivos": 1,
    "archivos_fuente": [
      "Pictures/Fototeca de Fotos.photoslibrary/resources/derivatives/masters/7/794F73DF-1BED-4B67-958D-A2E3703D7D78_4_5005_c.jpeg"
    ],
    "ultima_modificacion": "2025-08-01 01:01:08.034531"
  },
  "73837f9ffaf2484b8705db50fa59491a45005c.jpeg": {
    "app_sintetizada": "73837F9FFAF2484B8705DB50FA59491A45005C.JPEG",
    "cantidad_archivos": 1,
    "archivos_fuente": [
      "Pictures/Fototeca de Fotos.photoslibrary/resources/derivatives/masters/7/73837F9F-FAF2-484B-8705-DB50FA59491A_4_5005_c.jpeg"
    ],
    "ultima_modificacion": "2025-08-01 01:01:08.034834"
  },
  "759b3c2f5d584f2da1441170f11a01fa45005c.jpeg": {
    "app_sintetizada": "759B3C2F5D584F2DA1441170F11A01FA45005C.JPEG",
    "cantidad_archivos": 1,
    "archivos_fuente": [
      "Pictures/Fototeca de Fotos.photoslibrary/resources/derivatives/masters/7/759B3C2F-5D58-4F2D-A144-1170F11A01FA_4_5005_c.jpeg"
    ],
    "ultima_modificacion": "2025-08-01 01:01:08.035089"
  },
  "76bfd77ffb194974a59dac87665a9f6745005c.jpeg": {
    "app_sintetizada": "76BFD77FFB194974A59DAC87665A9F6745005C.JPEG",
    "cantidad_archivos": 1,
    "archivos_fuente": [
      "Pictures/Fototeca de Fotos.photoslibrary/resources/derivatives/masters/7/76BFD77F-FB19-4974-A59D-AC87665A9F67_4_5005_c.jpeg"
    ],
    "ultima_modificacion": "2025-08-01 01:01:08.035347"
  },
  "73a2ee04fa9748bd9c1ec514bafb6ed945005c.jpeg": {
    "app_sintetizada": "73A2EE04FA9748BD9C1EC514BAFB6ED945005C.JPEG",
    "cantidad_archivos": 1,
    "archivos_fuente": [
      "Pictures/Fototeca de Fotos.photoslibrary/resources/derivatives/masters/7/73A2EE04-FA97-48BD-9C1E-C514BAFB6ED9_4_5005_c.jpeg"
    ],
    "ultima_modificacion": "2025-08-01 01:01:08.035555"
  },
  "7019f7512a4240428fb7c9cf25442b8345005c.jpeg": {
    "app_sintetizada": "7019F7512A4240428FB7C9CF25442B8345005C.JPEG",
    "cantidad_archivos": 1,
    "archivos_fuente": [
      "Pictures/Fototeca de Fotos.photoslibrary/resources/derivatives/masters/7/7019F751-2A42-4042-8FB7-C9CF25442B83_4_5005_c.jpeg"
    ],
    "ultima_modificacion": "2025-08-01 01:01:08.035750"
  },
  "7d742815bd3447c186a7536d1be3151145005c.jpeg": {
    "app_sintetizada": "7D742815BD3447C186A7536D1BE3151145005C.JPEG",
    "cantidad_archivos": 1,
    "archivos_fuente": [
      "Pictures/Fototeca de Fotos.photoslibrary/resources/derivatives/masters/7/7D742815-BD34-47C1-86A7-536D1BE31511_4_5005_c.jpeg"
    ],
    "ultima_modificacion": "2025-08-01 01:01:08.035976"
  },
  "703da16ce8fd46388b0918712fa1341d45005c.jpeg": {
    "app_sintetizada": "703DA16CE8FD46388B0918712FA1341D45005C.JPEG",
    "cantidad_archivos": 1,
    "archivos_fuente": [
      "Pictures/Fototeca de Fotos.photoslibrary/resources/derivatives/masters/7/703DA16C-E8FD-4638-8B09-18712FA1341D_4_5005_c.jpeg"
    ],
    "ultima_modificacion": "2025-08-01 01:01:08.036232"
  },
  "75594559c9704ec2b85c320e06022d9045005c.jpeg": {
    "app_sintetizada": "75594559C9704EC2B85C320E06022D9045005C.JPEG",
    "cantidad_archivos": 1,
    "archivos_fuente": [
      "Pictures/Fototeca de Fotos.photoslibrary/resources/derivatives/masters/7/75594559-C970-4EC2-B85C-320E06022D90_4_5005_c.jpeg"
    ],
    "ultima_modificacion": "2025-08-01 01:01:08.036515"
  },
  "7e2454ab09f64db5ab0619fab8c75abe45005c.jpeg": {
    "app_sintetizada": "7E2454AB09F64DB5AB0619FAB8C75ABE45005C.JPEG",
    "cantidad_archivos": 1,
    "archivos_fuente": [
      "Pictures/Fototeca de Fotos.photoslibrary/resources/derivatives/masters/7/7E2454AB-09F6-4DB5-AB06-19FAB8C75ABE_4_5005_c.jpeg"
    ],
    "ultima_modificacion": "2025-08-01 01:01:08.036901"
  },
  "76ca268f143242c8b2e5ee5912d8be8145005c.jpeg": {
    "app_sintetizada": "76CA268F143242C8B2E5EE5912D8BE8145005C.JPEG",
    "cantidad_archivos": 1,
    "archivos_fuente": [
      "Pictures/Fototeca de Fotos.photoslibrary/resources/derivatives/masters/7/76CA268F-1432-42C8-B2E5-EE5912D8BE81_4_5005_c.jpeg"
    ],
    "ultima_modificacion": "2025-08-01 01:01:08.037246"
  },
  "7c02aee4bc6543bf8e3f0a85d264c22e45005c.jpeg": {
    "app_sintetizada": "7C02AEE4BC6543BF8E3F0A85D264C22E45005C.JPEG",
    "cantidad_archivos": 1,
    "archivos_fuente": [
      "Pictures/Fototeca de Fotos.photoslibrary/resources/derivatives/masters/7/7C02AEE4-BC65-43BF-8E3F-0A85D264C22E_4_5005_c.jpeg"
    ],
    "ultima_modificacion": "2025-08-01 01:01:08.037570"
  },
  "7294d13534444cf4b3daafb36510750745005c.jpeg": {
    "app_sintetizada": "7294D13534444CF4B3DAAFB36510750745005C.JPEG",
    "cantidad_archivos": 1,
    "archivos_fuente": [
      "Pictures/Fototeca de Fotos.photoslibrary/resources/derivatives/masters/7/7294D135-3444-4CF4-B3DA-AFB365107507_4_5005_c.jpeg"
    ],
    "ultima_modificacion": "2025-08-01 01:01:08.037867"
  },
  "7c3e23f4d1aa4960934954028504dac045005c.jpeg": {
    "app_sintetizada": "7C3E23F4D1AA4960934954028504DAC045005C.JPEG",
    "cantidad_archivos": 1,
    "archivos_fuente": [
      "Pictures/Fototeca de Fotos.photoslibrary/resources/derivatives/masters/7/7C3E23F4-D1AA-4960-9349-54028504DAC0_4_5005_c.jpeg"
    ],
    "ultima_modificacion": "2025-08-01 01:01:08.038150"
  },
  "7167f80c4d0b4d9a9b7f678cfc6e50c245005c.jpeg": {
    "app_sintetizada": "7167F80C4D0B4D9A9B7F678CFC6E50C245005C.JPEG",
    "cantidad_archivos": 1,
    "archivos_fuente": [
      "Pictures/Fototeca de Fotos.photoslibrary/resources/derivatives/masters/7/7167F80C-4D0B-4D9A-9B7F-678CFC6E50C2_4_5005_c.jpeg"
    ],
    "ultima_modificacion": "2025-08-01 01:01:08.038412"
  },
  "77ba76f22b7341a0ba83fcb4edff3ae745005c.jpeg": {
    "app_sintetizada": "77BA76F22B7341A0BA83FCB4EDFF3AE745005C.JPEG",
    "cantidad_archivos": 1,
    "archivos_fuente": [
      "Pictures/Fototeca de Fotos.photoslibrary/resources/derivatives/masters/7/77BA76F2-2B73-41A0-BA83-FCB4EDFF3AE7_4_5005_c.jpeg"
    ],
    "ultima_modificacion": "2025-08-01 01:01:08.038681"
  },
  "700e322567dc44229ec5fd794d8f5d3345005c.jpeg": {
    "app_sintetizada": "700E322567DC44229EC5FD794D8F5D3345005C.JPEG",
    "cantidad_archivos": 1,
    "archivos_fuente": [
      "Pictures/Fototeca de Fotos.photoslibrary/resources/derivatives/masters/7/700E3225-67DC-4422-9EC5-FD794D8F5D33_4_5005_c.jpeg"
    ],
    "ultima_modificacion": "2025-08-01 01:01:08.038978"
  },
  "7f242e2601b74ad98dccd5dc17f51f7b45005c.jpeg": {
    "app_sintetizada": "7F242E2601B74AD98DCCD5DC17F51F7B45005C.JPEG",
    "cantidad_archivos": 1,
    "archivos_fuente": [
      "Pictures/Fototeca de Fotos.photoslibrary/resources/derivatives/masters/7/7F242E26-01B7-4AD9-8DCC-D5DC17F51F7B_4_5005_c.jpeg"
    ],
    "ultima_modificacion": "2025-08-01 01:01:08.039291"
  },
  "7a48a087963c466ba7be8ac8d235d50445005c.jpeg": {
    "app_sintetizada": "7A48A087963C466BA7BE8AC8D235D50445005C.JPEG",
    "cantidad_archivos": 1,
    "archivos_fuente": [
      "Pictures/Fototeca de Fotos.photoslibrary/resources/derivatives/masters/7/7A48A087-963C-466B-A7BE-8AC8D235D504_4_5005_c.jpeg"
    ],
    "ultima_modificacion": "2025-08-01 01:01:08.039595"
  },
  "7e5578c69fb341bd9c97a11b204a328745005c.jpeg": {
    "app_sintetizada": "7E5578C69FB341BD9C97A11B204A328745005C.JPEG",
    "cantidad_archivos": 1,
    "archivos_fuente": [
      "Pictures/Fototeca de Fotos.photoslibrary/resources/derivatives/masters/7/7E5578C6-9FB3-41BD-9C97-A11B204A3287_4_5005_c.jpeg"
    ],
    "ultima_modificacion": "2025-08-01 01:01:08.039885"
  },
  "7ec1d11b6c4f4069943844e5edc8336945005c.jpeg": {
    "app_sintetizada": "7EC1D11B6C4F4069943844E5EDC8336945005C.JPEG",
    "cantidad_archivos": 1,
    "archivos_fuente": [
      "Pictures/Fototeca de Fotos.photoslibrary/resources/derivatives/masters/7/7EC1D11B-6C4F-4069-9438-44E5EDC83369_4_5005_c.jpeg"
    ],
    "ultima_modificacion": "2025-08-01 01:01:08.040221"
  },
  "767d2b61ff5948a7a1bac2d31e26e38545005c.jpeg": {
    "app_sintetizada": "767D2B61FF5948A7A1BAC2D31E26E38545005C.JPEG",
    "cantidad_archivos": 1,
    "archivos_fuente": [
      "Pictures/Fototeca de Fotos.photoslibrary/resources/derivatives/masters/7/767D2B61-FF59-48A7-A1BA-C2D31E26E385_4_5005_c.jpeg"
    ],
    "ultima_modificacion": "2025-08-01 01:01:08.040624"
  },
  "7c611296ee3846d29133c2c0702d2cd145005c.jpeg": {
    "app_sintetizada": "7C611296EE3846D29133C2C0702D2CD145005C.JPEG",
    "cantidad_archivos": 1,
    "archivos_fuente": [
      "Pictures/Fototeca de Fotos.photoslibrary/resources/derivatives/masters/7/7C611296-EE38-46D2-9133-C2C0702D2CD1_4_5005_c.jpeg"
    ],
    "ultima_modificacion": "2025-08-01 01:01:08.041042"
  }
}