{
  "a59a47d418d54d25b64c45ff9566b36345005c.jpeg": {
    "app_sintetizada": "A59A47D418D54D25B64C45FF9566B36345005C.JPEG",
    "cantidad_archivos": 1,
    "archivos_fuente": [
      "Pictures/Fototeca de Fotos.photoslibrary/resources/derivatives/masters/A/A59A47D4-18D5-4D25-B64C-45FF9566B363_4_5005_c.jpeg"
    ],
    "ultima_modificacion": "2025-08-01 01:01:11.258586"
  },
  "a77cda720fa14900801b271930cb043745005c.jpeg": {
    "app_sintetizada": "A77CDA720FA14900801B271930CB043745005C.JPEG",
    "cantidad_archivos": 1,
    "archivos_fuente": [
      "Pictures/Fototeca de Fotos.photoslibrary/resources/derivatives/masters/A/A77CDA72-0FA1-4900-801B-271930CB0437_4_5005_c.jpeg"
    ],
    "ultima_modificacion": "2025-08-01 01:01:11.258914"
  },
  "aaa7a95c1061489c89e9528fa9b7f22345005c.jpeg": {
    "app_sintetizada": "AAA7A95C1061489C89E9528FA9B7F22345005C.JPEG",
    "cantidad_archivos": 1,
    "archivos_fuente": [
      "Pictures/Fototeca de Fotos.photoslibrary/resources/derivatives/masters/A/AAA7A95C-1061-489C-89E9-528FA9B7F223_4_5005_c.jpeg"
    ],
    "ultima_modificacion": "2025-08-01 01:01:11.259256"
  },
  "a5cd57439ad44c65a6294457d103176945005c.jpeg": {
    "app_sintetizada": "A5CD57439AD44C65A6294457D103176945005C.JPEG",
    "cantidad_archivos": 1,
    "archivos_fuente": [
      "Pictures/Fototeca de Fotos.photoslibrary/resources/derivatives/masters/A/A5CD5743-9AD4-4C65-A629-4457D1031769_4_5005_c.jpeg"
    ],
    "ultima_modificacion": "2025-08-01 01:01:11.259613"
  },
  "a27db362c16240eead6b8783e42ea58945005c.jpeg": {
    "app_sintetizada": "A27DB362C16240EEAD6B8783E42EA58945005C.JPEG",
    "cantidad_archivos": 1,
    "archivos_fuente": [
      "Pictures/Fototeca de Fotos.photoslibrary/resources/derivatives/masters/A/A27DB362-C162-40EE-AD6B-8783E42EA589_4_5005_c.jpeg"
    ],
    "ultima_modificacion": "2025-08-01 01:01:11.259932"
  },
  "ac567839151b4ac8aa8f58754121f9de45005c.jpeg": {
    "app_sintetizada": "AC567839151B4AC8AA8F58754121F9DE45005C.JPEG",
    "cantidad_archivos": 1,
    "archivos_fuente": [
      "Pictures/Fototeca de Fotos.photoslibrary/resources/derivatives/masters/A/AC567839-151B-4AC8-AA8F-58754121F9DE_4_5005_c.jpeg"
    ],
    "ultima_modificacion": "2025-08-01 01:01:11.260258"
  },
  "ac98ab2779fe4597bf46326d0b8f1c3a45005c.jpeg": {
    "app_sintetizada": "AC98AB2779FE4597BF46326D0B8F1C3A45005C.JPEG",
    "cantidad_archivos": 1,
    "archivos_fuente": [
      "Pictures/Fototeca de Fotos.photoslibrary/resources/derivatives/masters/A/AC98AB27-79FE-4597-BF46-326D0B8F1C3A_4_5005_c.jpeg"
    ],
    "ultima_modificacion": "2025-08-01 01:01:11.261387"
  },
  "a9a8d5e0129a429e9a3f1e8ed4830a5145005c.jpeg": {
    "app_sintetizada": "A9A8D5E0129A429E9A3F1E8ED4830A5145005C.JPEG",
    "cantidad_archivos": 1,
    "archivos_fuente": [
      "Pictures/Fototeca de Fotos.photoslibrary/resources/derivatives/masters/A/A9A8D5E0-129A-429E-9A3F-1E8ED4830A51_4_5005_c.jpeg"
    ],
    "ultima_modificacion": "2025-08-01 01:01:11.261654"
  },
  "a1a3458194954ca295b2aa94ae298cea45005c.jpeg": {
    "app_sintetizada": "A1A3458194954CA295B2AA94AE298CEA45005C.JPEG",
    "cantidad_archivos": 1,
    "archivos_fuente": [
      "Pictures/Fototeca de Fotos.photoslibrary/resources/derivatives/masters/A/A1A34581-9495-4CA2-95B2-AA94AE298CEA_4_5005_c.jpeg"
    ],
    "ultima_modificacion": "2025-08-01 01:01:11.263023"
  },
  "ab34264814c54f438a65c238711a3a1b45005c.jpeg": {
    "app_sintetizada": "AB34264814C54F438A65C238711A3A1B45005C.JPEG",
    "cantidad_archivos": 1,
    "archivos_fuente": [
      "Pictures/Fototeca de Fotos.photoslibrary/resources/derivatives/masters/A/AB342648-14C5-4F43-8A65-C238711A3A1B_4_5005_c.jpeg"
    ],
    "ultima_modificacion": "2025-08-01 01:01:11.263271"
  },
  "a6025eff65344a4996684086d060ea5745005c.jpeg": {
    "app_sintetizada": "A6025EFF65344A4996684086D060EA5745005C.JPEG",
    "cantidad_archivos": 1,
    "archivos_fuente": [
      "Pictures/Fototeca de Fotos.photoslibrary/resources/derivatives/masters/A/A6025EFF-6534-4A49-9668-4086D060EA57_4_5005_c.jpeg"
    ],
    "ultima_modificacion": "2025-08-01 01:01:11.263543"
  },
  "a2f105a6a6de45b2aa1043b0d902f9b445005c.jpeg": {
    "app_sintetizada": "A2F105A6A6DE45B2AA1043B0D902F9B445005C.JPEG",
    "cantidad_archivos": 1,
    "archivos_fuente": [
      "Pictures/Fototeca de Fotos.photoslibrary/resources/derivatives/masters/A/A2F105A6-A6DE-45B2-AA10-43B0D902F9B4_4_5005_c.jpeg"
    ],
    "ultima_modificacion": "2025-08-01 01:01:11.265694"
  },
  "a195bdf5604c4c1aaa866967a7bdfea645005c.jpeg": {
    "app_sintetizada": "A195BDF5604C4C1AAA866967A7BDFEA645005C.JPEG",
    "cantidad_archivos": 1,
    "archivos_fuente": [
      "Pictures/Fototeca de Fotos.photoslibrary/resources/derivatives/masters/A/A195BDF5-604C-4C1A-AA86-6967A7BDFEA6_4_5005_c.jpeg"
    ],
    "ultima_modificacion": "2025-08-01 01:01:11.266456"
  },
  "a683a5f4ad9a4e079e2381de32d34f2145005c.jpeg": {
    "app_sintetizada": "A683A5F4AD9A4E079E2381DE32D34F2145005C.JPEG",
    "cantidad_archivos": 1,
    "archivos_fuente": [
      "Pictures/Fototeca de Fotos.photoslibrary/resources/derivatives/masters/A/A683A5F4-AD9A-4E07-9E23-81DE32D34F21_4_5005_c.jpeg"
    ],
    "ultima_modificacion": "2025-08-01 01:01:11.266679"
  },
  "a08aed53771d40509b70bb9314ab753b45005c.jpeg": {
    "app_sintetizada": "A08AED53771D40509B70BB9314AB753B45005C.JPEG",
    "cantidad_archivos": 1,
    "archivos_fuente": [
      "Pictures/Fototeca de Fotos.photoslibrary/resources/derivatives/masters/A/A08AED53-771D-4050-9B70-BB9314AB753B_4_5005_c.jpeg"
    ],
    "ultima_modificacion": "2025-08-01 01:01:11.266926"
  },
  "ab098ab19f664ab9ae0f7eea19e39bf345005c.jpeg": {
    "app_sintetizada": "AB098AB19F664AB9AE0F7EEA19E39BF345005C.JPEG",
    "cantidad_archivos": 1,
    "archivos_fuente": [
      "Pictures/Fototeca de Fotos.photoslibrary/resources/derivatives/masters/A/AB098AB1-9F66-4AB9-AE0F-7EEA19E39BF3_4_5005_c.jpeg"
    ],
    "ultima_modificacion": "2025-08-01 01:01:11.267308"
  },
  "a231f735b030427fbfe40b963ade80bb45005c.jpeg": {
    "app_sintetizada": "A231F735B030427FBFE40B963ADE80BB45005C.JPEG",
    "cantidad_archivos": 1,
    "archivos_fuente": [
      "Pictures/Fototeca de Fotos.photoslibrary/resources/derivatives/masters/A/A231F735-B030-427F-BFE4-0B963ADE80BB_4_5005_c.jpeg"
    ],
    "ultima_modificacion": "2025-08-01 01:01:11.267569"
  },
  "acdfcc164ee74cd59e86347f63340d8b45005c.jpeg": {
    "app_sintetizada": "ACDFCC164EE74CD59E86347F63340D8B45005C.JPEG",
    "cantidad_archivos": 1,
    "archivos_fuente": [
      "Pictures/Fototeca de Fotos.photoslibrary/resources/derivatives/masters/A/ACDFCC16-4EE7-4CD5-9E86-347F63340D8B_4_5005_c.jpeg"
    ],
    "ultima_modificacion": "2025-08-01 01:01:11.267853"
  },
  "a4b8f3a5037449cdab1e63994850b04945005c.jpeg": {
    "app_sintetizada": "A4B8F3A5037449CDAB1E63994850B04945005C.JPEG",
    "cantidad_archivos": 1,
    "archivos_fuente": [
      "Pictures/Fototeca de Fotos.photoslibrary/resources/derivatives/masters/A/A4B8F3A5-0374-49CD-AB1E-63994850B049_4_5005_c.jpeg"
    ],
    "ultima_modificacion": "2025-08-01 01:01:11.268131"
  },
  "aa610bebf94a4e8088aa94e58361473945005c.jpeg": {
    "app_sintetizada": "AA610BEBF94A4E8088AA94E58361473945005C.JPEG",
    "cantidad_archivos": 1,
    "archivos_fuente": [
      "Pictures/Fototeca de Fotos.photoslibrary/resources/derivatives/masters/A/AA610BEB-F94A-4E80-88AA-94E583614739_4_5005_c.jpeg"
    ],
    "ultima_modificacion": "2025-08-01 01:01:11.268358"
  },
  "aa6b7f610cd1461593fe80fe077b187945005c.jpeg": {
    "app_sintetizada": "AA6B7F610CD1461593FE80FE077B187945005C.JPEG",
    "cantidad_archivos": 1,
    "archivos_fuente": [
      "Pictures/Fototeca de Fotos.photoslibrary/resources/derivatives/masters/A/AA6B7F61-0CD1-4615-93FE-80FE077B1879_4_5005_c.jpeg"
    ],
    "ultima_modificacion": "2025-08-01 01:01:11.268573"
  },
  "aa17163c72184f039ec76cbd14d9108a45005c.jpeg": {
    "app_sintetizada": "AA17163C72184F039EC76CBD14D9108A45005C.JPEG",
    "cantidad_archivos": 1,
    "archivos_fuente": [
      "Pictures/Fototeca de Fotos.photoslibrary/resources/derivatives/masters/A/AA17163C-7218-4F03-9EC7-6CBD14D9108A_4_5005_c.jpeg"
    ],
    "ultima_modificacion": "2025-08-01 01:01:11.268773"
  },
  "a8cd6ec93f654e76b9db61a07c5110b545005c.jpeg": {
    "app_sintetizada": "A8CD6EC93F654E76B9DB61A07C5110B545005C.JPEG",
    "cantidad_archivos": 1,
    "archivos_fuente": [
      "Pictures/Fototeca de Fotos.photoslibrary/resources/derivatives/masters/A/A8CD6EC9-3F65-4E76-B9DB-61A07C5110B5_4_5005_c.jpeg"
    ],
    "ultima_modificacion": "2025-08-01 01:01:11.268981"
  },
  "a20aa44210b9479d9f7952b149843a3545005c.jpeg": {
    "app_sintetizada": "A20AA44210B9479D9F7952B149843A3545005C.JPEG",
    "cantidad_archivos": 1,
    "archivos_fuente": [
      "Pictures/Fototeca de Fotos.photoslibrary/resources/derivatives/masters/A/A20AA442-10B9-479D-9F79-52B149843A35_4_5005_c.jpeg"
    ],
    "ultima_modificacion": "2025-08-01 01:01:11.269184"
  },
  "a6cceb83826b4817b1252377d2ff272245005c.jpeg": {
    "app_sintetizada": "A6CCEB83826B4817B1252377D2FF272245005C.JPEG",
    "cantidad_archivos": 1,
    "archivos_fuente": [
      "Pictures/Fototeca de Fotos.photoslibrary/resources/derivatives/masters/A/A6CCEB83-826B-4817-B125-2377D2FF2722_4_5005_c.jpeg"
    ],
    "ultima_modificacion": "2025-08-01 01:01:11.269503"
  },
  "aec80716275041a2849481de6260580745005c.jpeg": {
    "app_sintetizada": "AEC80716275041A2849481DE6260580745005C.JPEG",
    "cantidad_archivos": 1,
    "archivos_fuente": [
      "Pictures/Fototeca de Fotos.photoslibrary/resources/derivatives/masters/A/AEC80716-2750-41A2-8494-81DE62605807_4_5005_c.jpeg"
    ],
    "ultima_modificacion": "2025-08-01 01:01:11.269838"
  },
  "a29dab40eaf44a4c9a404e183085930c45005c.jpeg": {
    "app_sintetizada": "A29DAB40EAF44A4C9A404E183085930C45005C.JPEG",
    "cantidad_archivos": 1,
    "archivos_fuente": [
      "Pictures/Fototeca de Fotos.photoslibrary/resources/derivatives/masters/A/A29DAB40-EAF4-4A4C-9A40-4E183085930C_4_5005_c.jpeg"
    ],
    "ultima_modificacion": "2025-08-01 01:01:11.270181"
  },
  "a9140cfdcc7342cb890664106fc4202045005c.jpeg": {
    "app_sintetizada": "A9140CFDCC7342CB890664106FC4202045005C.JPEG",
    "cantidad_archivos": 1,
    "archivos_fuente": [
      "Pictures/Fototeca de Fotos.photoslibrary/resources/derivatives/masters/A/A9140CFD-CC73-42CB-8906-64106FC42020_4_5005_c.jpeg"
    ],
    "ultima_modificacion": "2025-08-01 01:01:11.270505"
  },
  "a19261c6ce8c4b6389d5c6fc5e2b446345005c.jpeg": {
    "app_sintetizada": "A19261C6CE8C4B6389D5C6FC5E2B446345005C.JPEG",
    "cantidad_archivos": 1,
    "archivos_fuente": [
      "Pictures/Fototeca de Fotos.photoslibrary/resources/derivatives/masters/A/A19261C6-CE8C-4B63-89D5-C6FC5E2B4463_4_5005_c.jpeg"
    ],
    "ultima_modificacion": "2025-08-01 01:01:11.270881"
  },
  "ac5d2dfd92284de89649a553d88ebee545005c.jpeg": {
    "app_sintetizada": "AC5D2DFD92284DE89649A553D88EBEE545005C.JPEG",
    "cantidad_archivos": 1,
    "archivos_fuente": [
      "Pictures/Fototeca de Fotos.photoslibrary/resources/derivatives/masters/A/AC5D2DFD-9228-4DE8-9649-A553D88EBEE5_4_5005_c.jpeg"
    ],
    "ultima_modificacion": "2025-08-01 01:01:11.271160"
  },
  "a5c79fa999994c0588373accb6dd1db445005c.jpeg": {
    "app_sintetizada": "A5C79FA999994C0588373ACCB6DD1DB445005C.JPEG",
    "cantidad_archivos": 1,
    "archivos_fuente": [
      "Pictures/Fototeca de Fotos.photoslibrary/resources/derivatives/masters/A/A5C79FA9-9999-4C05-8837-3ACCB6DD1DB4_4_5005_c.jpeg"
    ],
    "ultima_modificacion": "2025-08-01 01:01:11.271492"
  },
  "a36bf279b208426494ec99d2243fe44b45005c.jpeg": {
    "app_sintetizada": "A36BF279B208426494EC99D2243FE44B45005C.JPEG",
    "cantidad_archivos": 1,
    "archivos_fuente": [
      "Pictures/Fototeca de Fotos.photoslibrary/resources/derivatives/masters/A/A36BF279-B208-4264-94EC-99D2243FE44B_4_5005_c.jpeg"
    ],
    "ultima_modificacion": "2025-08-01 01:01:11.271812"
  },
  "a2f5e2f28ec34af3abef1b48648b4d0e45005c.jpeg": {
    "app_sintetizada": "A2F5E2F28EC34AF3ABEF1B48648B4D0E45005C.JPEG",
    "cantidad_archivos": 1,
    "archivos_fuente": [
      "Pictures/Fototeca de Fotos.photoslibrary/resources/derivatives/masters/A/A2F5E2F2-8EC3-4AF3-ABEF-1B48648B4D0E_4_5005_c.jpeg"
    ],
    "ultima_modificacion": "2025-08-01 01:01:11.272156"
  },
  "afffd9d17a7d4e7da8f4121f77c9d2f045005c.jpeg": {
    "app_sintetizada": "AFFFD9D17A7D4E7DA8F4121F77C9D2F045005C.JPEG",
    "cantidad_archivos": 1,
    "archivos_fuente": [
      "Pictures/Fototeca de Fotos.photoslibrary/resources/derivatives/masters/A/AFFFD9D1-7A7D-4E7D-A8F4-121F77C9D2F0_4_5005_c.jpeg"
    ],
    "ultima_modificacion": "2025-08-01 01:01:11.272505"
  },
  "af42be1d57e5482d9a1d5a26d6f1cb3845005c.jpeg": {
    "app_sintetizada": "AF42BE1D57E5482D9A1D5A26D6F1CB3845005C.JPEG",
    "cantidad_archivos": 1,
    "archivos_fuente": [
      "Pictures/Fototeca de Fotos.photoslibrary/resources/derivatives/masters/A/AF42BE1D-57E5-482D-9A1D-5A26D6F1CB38_4_5005_c.jpeg"
    ],
    "ultima_modificacion": "2025-08-01 01:01:11.272805"
  },
  "adf7d221788e45ec9b959e9f6ee4ebb145005c.jpeg": {
    "app_sintetizada": "ADF7D221788E45EC9B959E9F6EE4EBB145005C.JPEG",
    "cantidad_archivos": 1,
    "archivos_fuente": [
      "Pictures/Fototeca de Fotos.photoslibrary/resources/derivatives/masters/A/ADF7D221-788E-45EC-9B95-9E9F6EE4EBB1_4_5005_c.jpeg"
    ],
    "ultima_modificacion": "2025-08-01 01:01:11.273168"
  },
  "a1284c0dc42247a5a5500a18792652dc45005c.jpeg": {
    "app_sintetizada": "A1284C0DC42247A5A5500A18792652DC45005C.JPEG",
    "cantidad_archivos": 1,
    "archivos_fuente": [
      "Pictures/Fototeca de Fotos.photoslibrary/resources/derivatives/masters/A/A1284C0D-C422-47A5-A550-0A18792652DC_4_5005_c.jpeg"
    ],
    "ultima_modificacion": "2025-08-01 01:01:11.273594"
  },
  "aea44742877a4392a7cc32e6819e5a8345005c.jpeg": {
    "app_sintetizada": "AEA44742877A4392A7CC32E6819E5A8345005C.JPEG",
    "cantidad_archivos": 1,
    "archivos_fuente": [
      "Pictures/Fototeca de Fotos.photoslibrary/resources/derivatives/masters/A/AEA44742-877A-4392-A7CC-32E6819E5A83_4_5005_c.jpeg"
    ],
    "ultima_modificacion": "2025-08-01 01:01:11.273878"
  },
  "a8e0b0b0a258405cb91adfb15b036ee645005c.jpeg": {
    "app_sintetizada": "A8E0B0B0A258405CB91ADFB15B036EE645005C.JPEG",
    "cantidad_archivos": 1,
    "archivos_fuente": [
      "Pictures/Fototeca de Fotos.photoslibrary/resources/derivatives/masters/A/A8E0B0B0-A258-405C-B91A-DFB15B036EE6_4_5005_c.jpeg"
    ],
    "ultima_modificacion": "2025-08-01 01:01:11.274143"
  },
  "aed6359e737147b0a8dc261b1bbf94be45005c.jpeg": {
    "app_sintetizada": "AED6359E737147B0A8DC261B1BBF94BE45005C.JPEG",
    "cantidad_archivos": 1,
    "archivos_fuente": [
      "Pictures/Fototeca de Fotos.photoslibrary/resources/derivatives/masters/A/AED6359E-7371-47B0-A8DC-261B1BBF94BE_4_5005_c.jpeg"
    ],
    "ultima_modificacion": "2025-08-01 01:01:11.274434"
  },
  "a9fd6007f5bc4d259ef0d7702c1cb01e45005c.jpeg": {
    "app_sintetizada": "A9FD6007F5BC4D259EF0D7702C1CB01E45005C.JPEG",
    "cantidad_archivos": 1,
    "archivos_fuente": [
      "Pictures/Fototeca de Fotos.photoslibrary/resources/derivatives/masters/A/A9FD6007-F5BC-4D25-9EF0-D7702C1CB01E_4_5005_c.jpeg"
    ],
    "ultima_modificacion": "2025-08-01 01:01:11.274686"
  },
  "ac5be527e46f4d62aa0b1c7cd25b7b8645005c.jpeg": {
    "app_sintetizada": "AC5BE527E46F4D62AA0B1C7CD25B7B8645005C.JPEG",
    "cantidad_archivos": 1,
    "archivos_fuente": [
      "Pictures/Fototeca de Fotos.photoslibrary/resources/derivatives/masters/A/AC5BE527-E46F-4D62-AA0B-1C7CD25B7B86_4_5005_c.jpeg"
    ],
    "ultima_modificacion": "2025-08-01 01:01:11.274932"
  },
  "a5b2abbb42a34239ac09d47dd227d6d745005c.jpeg": {
    "app_sintetizada": "A5B2ABBB42A34239AC09D47DD227D6D745005C.JPEG",
    "cantidad_archivos": 1,
    "archivos_fuente": [
      "Pictures/Fototeca de Fotos.photoslibrary/resources/derivatives/masters/A/A5B2ABBB-42A3-4239-AC09-D47DD227D6D7_4_5005_c.jpeg"
    ],
    "ultima_modificacion": "2025-08-01 01:01:11.275210"
  },
  "a9db3319c21841ef8c2fb0e10480d09a45005c.jpeg": {
    "app_sintetizada": "A9DB3319C21841EF8C2FB0E10480D09A45005C.JPEG",
    "cantidad_archivos": 1,
    "archivos_fuente": [
      "Pictures/Fototeca de Fotos.photoslibrary/resources/derivatives/masters/A/A9DB3319-C218-41EF-8C2F-B0E10480D09A_4_5005_c.jpeg"
    ],
    "ultima_modificacion": "2025-08-01 01:01:11.275451"
  },
  "a25afcfb645e4a6098be01b99f6f0e0d45005c.jpeg": {
    "app_sintetizada": "A25AFCFB645E4A6098BE01B99F6F0E0D45005C.JPEG",
    "cantidad_archivos": 1,
    "archivos_fuente": [
      "Pictures/Fototeca de Fotos.photoslibrary/resources/derivatives/masters/A/A25AFCFB-645E-4A60-98BE-01B99F6F0E0D_4_5005_c.jpeg"
    ],
    "ultima_modificacion": "2025-08-01 01:01:11.275731"
  },
  "a59989243b9b47df8b8972b669fc665f45005c.jpeg": {
    "app_sintetizada": "A59989243B9B47DF8B8972B669FC665F45005C.JPEG",
    "cantidad_archivos": 1,
    "archivos_fuente": [
      "Pictures/Fototeca de Fotos.photoslibrary/resources/derivatives/masters/A/A5998924-3B9B-47DF-8B89-72B669FC665F_4_5005_c.jpeg"
    ],
    "ultima_modificacion": "2025-08-01 01:01:11.275971"
  },
  "acf19b13e9464ebc8c567fe3cf999c9545005c.jpeg": {
    "app_sintetizada": "ACF19B13E9464EBC8C567FE3CF999C9545005C.JPEG",
    "cantidad_archivos": 1,
    "archivos_fuente": [
      "Pictures/Fototeca de Fotos.photoslibrary/resources/derivatives/masters/A/ACF19B13-E946-4EBC-8C56-7FE3CF999C95_4_5005_c.jpeg"
    ],
    "ultima_modificacion": "2025-08-01 01:01:11.276217"
  },
  "a6fa51d8ed0441dc8f1c48956d7545b645005c.jpeg": {
    "app_sintetizada": "A6FA51D8ED0441DC8F1C48956D7545B645005C.JPEG",
    "cantidad_archivos": 1,
    "archivos_fuente": [
      "Pictures/Fototeca de Fotos.photoslibrary/resources/derivatives/masters/A/A6FA51D8-ED04-41DC-8F1C-48956D7545B6_4_5005_c.jpeg"
    ],
    "ultima_modificacion": "2025-08-01 01:01:11.276563"
  },
  "a87aa9c5c2704c4f91a794b1f949290d45005c.jpeg": {
    "app_sintetizada": "A87AA9C5C2704C4F91A794B1F949290D45005C.JPEG",
    "cantidad_archivos": 1,
    "archivos_fuente": [
      "Pictures/Fototeca de Fotos.photoslibrary/resources/derivatives/masters/A/A87AA9C5-C270-4C4F-91A7-94B1F949290D_4_5005_c.jpeg"
    ],
    "ultima_modificacion": "2025-08-01 01:01:11.276804"
  },
  "adeba7c9d17f44c282807303b26f177045005c.jpeg": {
    "app_sintetizada": "ADEBA7C9D17F44C282807303B26F177045005C.JPEG",
    "cantidad_archivos": 1,
    "archivos_fuente": [
      "Pictures/Fototeca de Fotos.photoslibrary/resources/derivatives/masters/A/ADEBA7C9-D17F-44C2-8280-7303B26F1770_4_5005_c.jpeg"
    ],
    "ultima_modificacion": "2025-08-01 01:01:11.277068"
  },
  "aa469a2bb11f456dae88f32a989fc42f45005c.jpeg": {
    "app_sintetizada": "AA469A2BB11F456DAE88F32A989FC42F45005C.JPEG",
    "cantidad_archivos": 1,
    "archivos_fuente": [
      "Pictures/Fototeca de Fotos.photoslibrary/resources/derivatives/masters/A/AA469A2B-B11F-456D-AE88-F32A989FC42F_4_5005_c.jpeg"
    ],
    "ultima_modificacion": "2025-08-01 01:01:11.277333"
  },
  "a1e48175ffce446caac9325f2378d9d845005c.jpeg": {
    "app_sintetizada": "A1E48175FFCE446CAAC9325F2378D9D845005C.JPEG",
    "cantidad_archivos": 1,
    "archivos_fuente": [
      "Pictures/Fototeca de Fotos.photoslibrary/resources/derivatives/masters/A/A1E48175-FFCE-446C-AAC9-325F2378D9D8_4_5005_c.jpeg"
    ],
    "ultima_modificacion": "2025-08-01 01:01:11.277552"
  },
  "abc188eb5f8b43a79b4b009d45d2d85245005c.jpeg": {
    "app_sintetizada": "ABC188EB5F8B43A79B4B009D45D2D85245005C.JPEG",
    "cantidad_archivos": 1,
    "archivos_fuente": [
      "Pictures/Fototeca de Fotos.photoslibrary/resources/derivatives/masters/A/ABC188EB-5F8B-43A7-9B4B-009D45D2D852_4_5005_c.jpeg"
    ],
    "ultima_modificacion": "2025-08-01 01:01:11.277813"
  },
  "a56166054fc4447eab4d9fb714e7a5e845005c.jpeg": {
    "app_sintetizada": "A56166054FC4447EAB4D9FB714E7A5E845005C.JPEG",
    "cantidad_archivos": 1,
    "archivos_fuente": [
      "Pictures/Fototeca de Fotos.photoslibrary/resources/derivatives/masters/A/A5616605-4FC4-447E-AB4D-9FB714E7A5E8_4_5005_c.jpeg"
    ],
    "ultima_modificacion": "2025-08-01 01:01:11.278106"
  },
  "a760d1aa2ecb48759bda9f7eb8001b1f45005c.jpeg": {
    "app_sintetizada": "A760D1AA2ECB48759BDA9F7EB8001B1F45005C.JPEG",
    "cantidad_archivos": 1,
    "archivos_fuente": [
      "Pictures/Fototeca de Fotos.photoslibrary/resources/derivatives/masters/A/A760D1AA-2ECB-4875-9BDA-9F7EB8001B1F_4_5005_c.jpeg"
    ],
    "ultima_modificacion": "2025-08-01 01:01:11.278345"
  },
  "a47d89efe1584920960abcd46f2a5bb445005c.jpeg": {
    "app_sintetizada": "A47D89EFE1584920960ABCD46F2A5BB445005C.JPEG",
    "cantidad_archivos": 1,
    "archivos_fuente": [
      "Pictures/Fototeca de Fotos.photoslibrary/resources/derivatives/masters/A/A47D89EF-E158-4920-960A-BCD46F2A5BB4_4_5005_c.jpeg"
    ],
    "ultima_modificacion": "2025-08-01 01:01:11.278615"
  },
  "abd51a19d259400b821470f889976fac45005c.jpeg": {
    "app_sintetizada": "ABD51A19D259400B821470F889976FAC45005C.JPEG",
    "cantidad_archivos": 1,
    "archivos_fuente": [
      "Pictures/Fototeca de Fotos.photoslibrary/resources/derivatives/masters/A/ABD51A19-D259-400B-8214-70F889976FAC_4_5005_c.jpeg"
    ],
    "ultima_modificacion": "2025-08-01 01:01:11.278904"
  },
  "a7cd41acea134fd7a44554bebce00a9f45005c.jpeg": {
    "app_sintetizada": "A7CD41ACEA134FD7A44554BEBCE00A9F45005C.JPEG",
    "cantidad_archivos": 1,
    "archivos_fuente": [
      "Pictures/Fototeca de Fotos.photoslibrary/resources/derivatives/masters/A/A7CD41AC-EA13-4FD7-A445-54BEBCE00A9F_4_5005_c.jpeg"
    ],
    "ultima_modificacion": "2025-08-01 01:01:11.279220"
  },
  "a73cb9e1fe6c44118f87ecb2bb65f8b345005c.jpeg": {
    "app_sintetizada": "A73CB9E1FE6C44118F87ECB2BB65F8B345005C.JPEG",
    "cantidad_archivos": 1,
    "archivos_fuente": [
      "Pictures/Fototeca de Fotos.photoslibrary/resources/derivatives/masters/A/A73CB9E1-FE6C-4411-8F87-ECB2BB65F8B3_4_5005_c.jpeg"
    ],
    "ultima_modificacion": "2025-08-01 01:01:11.279523"
  },
  "a5da4e32b58842b581f7fcb41a599a6445005c.jpeg": {
    "app_sintetizada": "A5DA4E32B58842B581F7FCB41A599A6445005C.JPEG",
    "cantidad_archivos": 1,
    "archivos_fuente": [
      "Pictures/Fototeca de Fotos.photoslibrary/resources/derivatives/masters/A/A5DA4E32-B588-42B5-81F7-FCB41A599A64_4_5005_c.jpeg"
    ],
    "ultima_modificacion": "2025-08-01 01:01:11.279835"
  },
  "a6b72d649e2e466c98a164f94709b5ee45005c.jpeg": {
    "app_sintetizada": "A6B72D649E2E466C98A164F94709B5EE45005C.JPEG",
    "cantidad_archivos": 1,
    "archivos_fuente": [
      "Pictures/Fototeca de Fotos.photoslibrary/resources/derivatives/masters/A/A6B72D64-9E2E-466C-98A1-64F94709B5EE_4_5005_c.jpeg"
    ],
    "ultima_modificacion": "2025-08-01 01:01:11.280167"
  },
  "a1c30b120a73446db7ae537fa497c5ae45005c.jpeg": {
    "app_sintetizada": "A1C30B120A73446DB7AE537FA497C5AE45005C.JPEG",
    "cantidad_archivos": 1,
    "archivos_fuente": [
      "Pictures/Fototeca de Fotos.photoslibrary/resources/derivatives/masters/A/A1C30B12-0A73-446D-B7AE-537FA497C5AE_4_5005_c.jpeg"
    ],
    "ultima_modificacion": "2025-08-01 01:01:11.280491"
  },
  "a97a250aa288463da2ba4b092facc2fc45005c.jpeg": {
    "app_sintetizada": "A97A250AA288463DA2BA4B092FACC2FC45005C.JPEG",
    "cantidad_archivos": 1,
    "archivos_fuente": [
      "Pictures/Fototeca de Fotos.photoslibrary/resources/derivatives/masters/A/A97A250A-A288-463D-A2BA-4B092FACC2FC_4_5005_c.jpeg"
    ],
    "ultima_modificacion": "2025-08-01 01:01:11.280750"
  },
  "af7e638314584803aa3a90c28a6ead1345005c.jpeg": {
    "app_sintetizada": "AF7E638314584803AA3A90C28A6EAD1345005C.JPEG",
    "cantidad_archivos": 1,
    "archivos_fuente": [
      "Pictures/Fototeca de Fotos.photoslibrary/resources/derivatives/masters/A/AF7E6383-1458-4803-AA3A-90C28A6EAD13_4_5005_c.jpeg"
    ],
    "ultima_modificacion": "2025-08-01 01:01:11.281099"
  },
  "a959c84ab8d843d69586bd1ff1329daa45005c.jpeg": {
    "app_sintetizada": "A959C84AB8D843D69586BD1FF1329DAA45005C.JPEG",
    "cantidad_archivos": 1,
    "archivos_fuente": [
      "Pictures/Fototeca de Fotos.photoslibrary/resources/derivatives/masters/A/A959C84A-B8D8-43D6-9586-BD1FF1329DAA_4_5005_c.jpeg"
    ],
    "ultima_modificacion": "2025-08-01 01:01:11.281338"
  },
  "aa6ba79d5e464f3b9de70ccc9c7cadd145005c.jpeg": {
    "app_sintetizada": "AA6BA79D5E464F3B9DE70CCC9C7CADD145005C.JPEG",
    "cantidad_archivos": 1,
    "archivos_fuente": [
      "Pictures/Fototeca de Fotos.photoslibrary/resources/derivatives/masters/A/AA6BA79D-5E46-4F3B-9DE7-0CCC9C7CADD1_4_5005_c.jpeg"
    ],
    "ultima_modificacion": "2025-08-01 01:01:11.281582"
  },
  "a18503db097e46daaebf0b01faf295da45005c.jpeg": {
    "app_sintetizada": "A18503DB097E46DAAEBF0B01FAF295DA45005C.JPEG",
    "cantidad_archivos": 1,
    "archivos_fuente": [
      "Pictures/Fototeca de Fotos.photoslibrary/resources/derivatives/masters/A/A18503DB-097E-46DA-AEBF-0B01FAF295DA_4_5005_c.jpeg"
    ],
    "ultima_modificacion": "2025-08-01 01:01:11.281831"
  },
  "aee4504aa260437ea3af99953cc6f18045005c.jpeg": {
    "app_sintetizada": "AEE4504AA260437EA3AF99953CC6F18045005C.JPEG",
    "cantidad_archivos": 1,
    "archivos_fuente": [
      "Pictures/Fototeca de Fotos.photoslibrary/resources/derivatives/masters/A/AEE4504A-A260-437E-A3AF-99953CC6F180_4_5005_c.jpeg"
    ],
    "ultima_modificacion": "2025-08-01 01:01:11.282091"
  },
  "a3f6330cd7bc4360b38ecd54a6610aa945005c.jpeg": {
    "app_sintetizada": "A3F6330CD7BC4360B38ECD54A6610AA945005C.JPEG",
    "cantidad_archivos": 1,
    "archivos_fuente": [
      "Pictures/Fototeca de Fotos.photoslibrary/resources/derivatives/masters/A/A3F6330C-D7BC-4360-B38E-CD54A6610AA9_4_5005_c.jpeg"
    ],
    "ultima_modificacion": "2025-08-01 01:01:11.282327"
  },
  "a82c5c94a9d848e581890d5bd4cb14a645005c.jpeg": {
    "app_sintetizada": "A82C5C94A9D848E581890D5BD4CB14A645005C.JPEG",
    "cantidad_archivos": 1,
    "archivos_fuente": [
      "Pictures/Fototeca de Fotos.photoslibrary/resources/derivatives/masters/A/A82C5C94-A9D8-48E5-8189-0D5BD4CB14A6_4_5005_c.jpeg"
    ],
    "ultima_modificacion": "2025-08-01 01:01:11.282605"
  },
  "a24458280392435ea106a5684a21a7d445005c.jpeg": {
    "app_sintetizada": "A24458280392435EA106A5684A21A7D445005C.JPEG",
    "cantidad_archivos": 1,
    "archivos_fuente": [
      "Pictures/Fototeca de Fotos.photoslibrary/resources/derivatives/masters/A/A2445828-0392-435E-A106-A5684A21A7D4_4_5005_c.jpeg"
    ],
    "ultima_modificacion": "2025-08-01 01:01:11.282946"
  },
  "ab92e1bab6014c0ca84e074eea73bc9945005c.jpeg": {
    "app_sintetizada": "AB92E1BAB6014C0CA84E074EEA73BC9945005C.JPEG",
    "cantidad_archivos": 1,
    "archivos_fuente": [
      "Pictures/Fototeca de Fotos.photoslibrary/resources/derivatives/masters/A/AB92E1BA-B601-4C0C-A84E-074EEA73BC99_4_5005_c.jpeg"
    ],
    "ultima_modificacion": "2025-08-01 01:01:11.283232"
  },
  "a438c936583a40158f832cfb83a0d51245005c.jpeg": {
    "app_sintetizada": "A438C936583A40158F832CFB83A0D51245005C.JPEG",
    "cantidad_archivos": 1,
    "archivos_fuente": [
      "Pictures/Fototeca de Fotos.photoslibrary/resources/derivatives/masters/A/A438C936-583A-4015-8F83-2CFB83A0D512_4_5005_c.jpeg"
    ],
    "ultima_modificacion": "2025-08-01 01:01:11.283500"
  },
  "a4e74187076f47bc8c6b620a0bd4c9be45005c.jpeg": {
    "app_sintetizada": "A4E74187076F47BC8C6B620A0BD4C9BE45005C.JPEG",
    "cantidad_archivos": 1,
    "archivos_fuente": [
      "Pictures/Fototeca de Fotos.photoslibrary/resources/derivatives/masters/A/A4E74187-076F-47BC-8C6B-620A0BD4C9BE_4_5005_c.jpeg"
    ],
    "ultima_modificacion": "2025-08-01 01:01:11.283714"
  },
  "a1191682fe8b44bdb827c0c8edfa3c3145005c.jpeg": {
    "app_sintetizada": "A1191682FE8B44BDB827C0C8EDFA3C3145005C.JPEG",
    "cantidad_archivos": 1,
    "archivos_fuente": [
      "Pictures/Fototeca de Fotos.photoslibrary/resources/derivatives/masters/A/A1191682-FE8B-44BD-B827-C0C8EDFA3C31_4_5005_c.jpeg"
    ],
    "ultima_modificacion": "2025-08-01 01:01:11.283913"
  },
  "a51f44473ca64bfe975b2c7a65616d4d45005c.jpeg": {
    "app_sintetizada": "A51F44473CA64BFE975B2C7A65616D4D45005C.JPEG",
    "cantidad_archivos": 1,
    "archivos_fuente": [
      "Pictures/Fototeca de Fotos.photoslibrary/resources/derivatives/masters/A/A51F4447-3CA6-4BFE-975B-2C7A65616D4D_4_5005_c.jpeg"
    ],
    "ultima_modificacion": "2025-08-01 01:01:11.284109"
  },
  "a7fd80e38db349a3a11fa7a2365f380d45005c.jpeg": {
    "app_sintetizada": "A7FD80E38DB349A3A11FA7A2365F380D45005C.JPEG",
    "cantidad_archivos": 1,
    "archivos_fuente": [
      "Pictures/Fototeca de Fotos.photoslibrary/resources/derivatives/masters/A/A7FD80E3-8DB3-49A3-A11F-A7A2365F380D_4_5005_c.jpeg"
    ],
    "ultima_modificacion": "2025-08-01 01:01:11.284295"
  },
  "a74522a92b2f4cceb956db489ac745e345005c.jpeg": {
    "app_sintetizada": "A74522A92B2F4CCEB956DB489AC745E345005C.JPEG",
    "cantidad_archivos": 1,
    "archivos_fuente": [
      "Pictures/Fototeca de Fotos.photoslibrary/resources/derivatives/masters/A/A74522A9-2B2F-4CCE-B956-DB489AC745E3_4_5005_c.jpeg"
    ],
    "ultima_modificacion": "2025-08-01 01:01:11.284477"
  },
  "a110f286b18043e5ac938a00d08be0cd45005c.jpeg": {
    "app_sintetizada": "A110F286B18043E5AC938A00D08BE0CD45005C.JPEG",
    "cantidad_archivos": 1,
    "archivos_fuente": [
      "Pictures/Fototeca de Fotos.photoslibrary/resources/derivatives/masters/A/A110F286-B180-43E5-AC93-8A00D08BE0CD_4_5005_c.jpeg"
    ],
    "ultima_modificacion": "2025-08-01 01:01:11.284654"
  },
  "a99552717fb74a6998268dbfb1ab8b2a45005c.jpeg": {
    "app_sintetizada": "A99552717FB74A6998268DBFB1AB8B2A45005C.JPEG",
    "cantidad_archivos": 1,
    "archivos_fuente": [
      "Pictures/Fototeca de Fotos.photoslibrary/resources/derivatives/masters/A/A9955271-7FB7-4A69-9826-8DBFB1AB8B2A_4_5005_c.jpeg"
    ],
    "ultima_modificacion": "2025-08-01 01:01:11.284840"
  },
  "a6aceb85c6ac4662a3fff1351d9f55fc45005c.jpeg": {
    "app_sintetizada": "A6ACEB85C6AC4662A3FFF1351D9F55FC45005C.JPEG",
    "cantidad_archivos": 1,
    "archivos_fuente": [
      "Pictures/Fototeca de Fotos.photoslibrary/resources/derivatives/masters/A/A6ACEB85-C6AC-4662-A3FF-F1351D9F55FC_4_5005_c.jpeg"
    ],
    "ultima_modificacion": "2025-08-01 01:01:11.285031"
  },
  "aaf56043ba004458b6bd7402d10e436945005c.jpeg": {
    "app_sintetizada": "AAF56043BA004458B6BD7402D10E436945005C.JPEG",
    "cantidad_archivos": 1,
    "archivos_fuente": [
      "Pictures/Fototeca de Fotos.photoslibrary/resources/derivatives/masters/A/AAF56043-BA00-4458-B6BD-7402D10E4369_4_5005_c.jpeg"
    ],
    "ultima_modificacion": "2025-08-01 01:01:11.285207"
  },
  "aaf1688af0b24bb4b4307a8ce58c247f45005c.jpeg": {
    "app_sintetizada": "AAF1688AF0B24BB4B4307A8CE58C247F45005C.JPEG",
    "cantidad_archivos": 1,
    "archivos_fuente": [
      "Pictures/Fototeca de Fotos.photoslibrary/resources/derivatives/masters/A/AAF1688A-F0B2-4BB4-B430-7A8CE58C247F_4_5005_c.jpeg"
    ],
    "ultima_modificacion": "2025-08-01 01:01:11.285388"
  },
  "a3ebbcec13964caf8457d6633c80b6d745005c.jpeg": {
    "app_sintetizada": "A3EBBCEC13964CAF8457D6633C80B6D745005C.JPEG",
    "cantidad_archivos": 1,
    "archivos_fuente": [
      "Pictures/Fototeca de Fotos.photoslibrary/resources/derivatives/masters/A/A3EBBCEC-1396-4CAF-8457-D6633C80B6D7_4_5005_c.jpeg"
    ],
    "ultima_modificacion": "2025-08-01 01:01:11.285560"
  },
  "ae4429f4129345d28ec445370b6cec1a45005c.jpeg": {
    "app_sintetizada": "AE4429F4129345D28EC445370B6CEC1A45005C.JPEG",
    "cantidad_archivos": 1,
    "archivos_fuente": [
      "Pictures/Fototeca de Fotos.photoslibrary/resources/derivatives/masters/A/AE4429F4-1293-45D2-8EC4-45370B6CEC1A_4_5005_c.jpeg"
    ],
    "ultima_modificacion": "2025-08-01 01:01:11.285731"
  },
  "ac67b4b50567458ea8ec3c13dcf754d245005c.jpeg": {
    "app_sintetizada": "AC67B4B50567458EA8EC3C13DCF754D245005C.JPEG",
    "cantidad_archivos": 1,
    "archivos_fuente": [
      "Pictures/Fototeca de Fotos.photoslibrary/resources/derivatives/masters/A/AC67B4B5-0567-458E-A8EC-3C13DCF754D2_4_5005_c.jpeg"
    ],
    "ultima_modificacion": "2025-08-01 01:01:11.285909"
  },
  "aeeee5f85754463a9dc78a83e75e666d45005c.jpeg": {
    "app_sintetizada": "AEEEE5F85754463A9DC78A83E75E666D45005C.JPEG",
    "cantidad_archivos": 1,
    "archivos_fuente": [
      "Pictures/Fototeca de Fotos.photoslibrary/resources/derivatives/masters/A/AEEEE5F8-5754-463A-9DC7-8A83E75E666D_4_5005_c.jpeg"
    ],
    "ultima_modificacion": "2025-08-01 01:01:11.286184"
  },
  "aa11f93d5bf84c50b15be5a05aecf0a945005c.jpeg": {
    "app_sintetizada": "AA11F93D5BF84C50B15BE5A05AECF0A945005C.JPEG",
    "cantidad_archivos": 1,
    "archivos_fuente": [
      "Pictures/Fototeca de Fotos.photoslibrary/resources/derivatives/masters/A/AA11F93D-5BF8-4C50-B15B-E5A05AECF0A9_4_5005_c.jpeg"
    ],
    "ultima_modificacion": "2025-08-01 01:01:11.286445"
  },
  "a50016bb761e48978c98cd60ab3c5d1745005c.jpeg": {
    "app_sintetizada": "A50016BB761E48978C98CD60AB3C5D1745005C.JPEG",
    "cantidad_archivos": 1,
    "archivos_fuente": [
      "Pictures/Fototeca de Fotos.photoslibrary/resources/derivatives/masters/A/A50016BB-761E-4897-8C98-CD60AB3C5D17_4_5005_c.jpeg"
    ],
    "ultima_modificacion": "2025-08-01 01:01:11.286720"
  },
  "a292649ce2ec4b5e8213e9b39e1b0f7845005c.jpeg": {
    "app_sintetizada": "A292649CE2EC4B5E8213E9B39E1B0F7845005C.JPEG",
    "cantidad_archivos": 1,
    "archivos_fuente": [
      "Pictures/Fototeca de Fotos.photoslibrary/resources/derivatives/masters/A/A292649C-E2EC-4B5E-8213-E9B39E1B0F78_4_5005_c.jpeg"
    ],
    "ultima_modificacion": "2025-08-01 01:01:11.286999"
  },
  "ad19fbd209c2464b9466e2a0aa52708c45005c.jpeg": {
    "app_sintetizada": "AD19FBD209C2464B9466E2A0AA52708C45005C.JPEG",
    "cantidad_archivos": 1,
    "archivos_fuente": [
      "Pictures/Fototeca de Fotos.photoslibrary/resources/derivatives/masters/A/AD19FBD2-09C2-464B-9466-E2A0AA52708C_4_5005_c.jpeg"
    ],
    "ultima_modificacion": "2025-08-01 01:01:11.287382"
  },
  "a3adf6feb7f94327a0b1f2ddc21a422c45005c.jpeg": {
    "app_sintetizada": "A3ADF6FEB7F94327A0B1F2DDC21A422C45005C.JPEG",
    "cantidad_archivos": 1,
    "archivos_fuente": [
      "Pictures/Fototeca de Fotos.photoslibrary/resources/derivatives/masters/A/A3ADF6FE-B7F9-4327-A0B1-F2DDC21A422C_4_5005_c.jpeg"
    ],
    "ultima_modificacion": "2025-08-01 01:01:11.288082"
  },
  "a2ae80d7faeb406caf21d6b8fcbae9eb45005c.jpeg": {
    "app_sintetizada": "A2AE80D7FAEB406CAF21D6B8FCBAE9EB45005C.JPEG",
    "cantidad_archivos": 1,
    "archivos_fuente": [
      "Pictures/Fototeca de Fotos.photoslibrary/resources/derivatives/masters/A/A2AE80D7-FAEB-406C-AF21-D6B8FCBAE9EB_4_5005_c.jpeg"
    ],
    "ultima_modificacion": "2025-08-01 01:01:11.288448"
  },
  "ad7bc14e48014db99429112fdf434a4b45005c.jpeg": {
    "app_sintetizada": "AD7BC14E48014DB99429112FDF434A4B45005C.JPEG",
    "cantidad_archivos": 1,
    "archivos_fuente": [
      "Pictures/Fototeca de Fotos.photoslibrary/resources/derivatives/masters/A/AD7BC14E-4801-4DB9-9429-112FDF434A4B_4_5005_c.jpeg"
    ],
    "ultima_modificacion": "2025-08-01 01:01:11.288841"
  },
  "a38a5e26aff848daa8e81d11ebc91f7f45005c.jpeg": {
    "app_sintetizada": "A38A5E26AFF848DAA8E81D11EBC91F7F45005C.JPEG",
    "cantidad_archivos": 1,
    "archivos_fuente": [
      "Pictures/Fototeca de Fotos.photoslibrary/resources/derivatives/masters/A/A38A5E26-AFF8-48DA-A8E8-1D11EBC91F7F_4_5005_c.jpeg"
    ],
    "ultima_modificacion": "2025-08-01 01:01:11.289219"
  },
  "a291d8bfe2f54e88b5eadbd0e05f8f5d45005c.jpeg": {
    "app_sintetizada": "A291D8BFE2F54E88B5EADBD0E05F8F5D45005C.JPEG",
    "cantidad_archivos": 1,
    "archivos_fuente": [
      "Pictures/Fototeca de Fotos.photoslibrary/resources/derivatives/masters/A/A291D8BF-E2F5-4E88-B5EA-DBD0E05F8F5D_4_5005_c.jpeg"
    ],
    "ultima_modificacion": "2025-08-01 01:01:11.289659"
  },
  "afd024a6bfda4db38c2cf42d3412807d45005c.jpeg": {
    "app_sintetizada": "AFD024A6BFDA4DB38C2CF42D3412807D45005C.JPEG",
    "cantidad_archivos": 1,
    "archivos_fuente": [
      "Pictures/Fototeca de Fotos.photoslibrary/resources/derivatives/masters/A/AFD024A6-BFDA-4DB3-8C2C-F42D3412807D_4_5005_c.jpeg"
    ],
    "ultima_modificacion": "2025-08-01 01:01:11.289971"
  },
  "a82c152b8a8d422f803ebdde877943c045005c.jpeg": {
    "app_sintetizada": "A82C152B8A8D422F803EBDDE877943C045005C.JPEG",
    "cantidad_archivos": 1,
    "archivos_fuente": [
      "Pictures/Fototeca de Fotos.photoslibrary/resources/derivatives/masters/A/A82C152B-8A8D-422F-803E-BDDE877943C0_4_5005_c.jpeg"
    ],
    "ultima_modificacion": "2025-08-01 01:01:11.290362"
  },
  "a59e2afd8e5f4ae4ae78b7616f26e07645005c.jpeg": {
    "app_sintetizada": "A59E2AFD8E5F4AE4AE78B7616F26E07645005C.JPEG",
    "cantidad_archivos": 1,
    "archivos_fuente": [
      "Pictures/Fototeca de Fotos.photoslibrary/resources/derivatives/masters/A/A59E2AFD-8E5F-4AE4-AE78-B7616F26E076_4_5005_c.jpeg"
    ],
    "ultima_modificacion": "2025-08-01 01:01:11.290746"
  },
  "a34e63e0629f4748acf4ad02a1ce717145005c.jpeg": {
    "app_sintetizada": "A34E63E0629F4748ACF4AD02A1CE717145005C.JPEG",
    "cantidad_archivos": 1,
    "archivos_fuente": [
      "Pictures/Fototeca de Fotos.photoslibrary/resources/derivatives/masters/A/A34E63E0-629F-4748-ACF4-AD02A1CE7171_4_5005_c.jpeg"
    ],
    "ultima_modificacion": "2025-08-01 01:01:11.291052"
  }
}