{
  "1acb589293c64b828d2c329ddac9945945005c.jpeg": {
    "app_sintetizada": "1ACB589293C64B828D2C329DDAC9945945005C.JPEG",
    "cantidad_archivos": 1,
    "archivos_fuente": [
      "Pictures/Fototeca de Fotos.photoslibrary/resources/derivatives/masters/1/1ACB5892-93C6-4B82-8D2C-329DDAC99459_4_5005_c.jpeg"
    ],
    "ultima_modificacion": "2025-08-01 01:01:09.575373"
  },
  "18a1cf42e7d24e13ae38707e041f130a45005c.jpeg": {
    "app_sintetizada": "18A1CF42E7D24E13AE38707E041F130A45005C.JPEG",
    "cantidad_archivos": 1,
    "archivos_fuente": [
      "Pictures/Fototeca de Fotos.photoslibrary/resources/derivatives/masters/1/18A1CF42-E7D2-4E13-AE38-707E041F130A_4_5005_c.jpeg"
    ],
    "ultima_modificacion": "2025-08-01 01:01:09.575665"
  },
  "195fce6b902c4def84b5bb92e7a4325245005c.jpeg": {
    "app_sintetizada": "195FCE6B902C4DEF84B5BB92E7A4325245005C.JPEG",
    "cantidad_archivos": 1,
    "archivos_fuente": [
      "Pictures/Fototeca de Fotos.photoslibrary/resources/derivatives/masters/1/195FCE6B-902C-4DEF-84B5-BB92E7A43252_4_5005_c.jpeg"
    ],
    "ultima_modificacion": "2025-08-01 01:01:09.575916"
  },
  "176951596c244ec6a2542e919b84523345005c.jpeg": {
    "app_sintetizada": "176951596C244EC6A2542E919B84523345005C.JPEG",
    "cantidad_archivos": 1,
    "archivos_fuente": [
      "Pictures/Fototeca de Fotos.photoslibrary/resources/derivatives/masters/1/17695159-6C24-4EC6-A254-2E919B845233_4_5005_c.jpeg"
    ],
    "ultima_modificacion": "2025-08-01 01:01:09.576184"
  },
  "1be4bd912e56439d95637799381b314645005c.jpeg": {
    "app_sintetizada": "1BE4BD912E56439D95637799381B314645005C.JPEG",
    "cantidad_archivos": 1,
    "archivos_fuente": [
      "Pictures/Fototeca de Fotos.photoslibrary/resources/derivatives/masters/1/1BE4BD91-2E56-439D-9563-7799381B3146_4_5005_c.jpeg"
    ],
    "ultima_modificacion": "2025-08-01 01:01:09.576443"
  },
  "176db185752b4044898a46741de3ce4645005c.jpeg": {
    "app_sintetizada": "176DB185752B4044898A46741DE3CE4645005C.JPEG",
    "cantidad_archivos": 1,
    "archivos_fuente": [
      "Pictures/Fototeca de Fotos.photoslibrary/resources/derivatives/masters/1/176DB185-752B-4044-898A-46741DE3CE46_4_5005_c.jpeg"
    ],
    "ultima_modificacion": "2025-08-01 01:01:09.576762"
  },
  "10a59f440200436291fe15f3176a91a945005c.jpeg": {
    "app_sintetizada": "10A59F440200436291FE15F3176A91A945005C.JPEG",
    "cantidad_archivos": 1,
    "archivos_fuente": [
      "Pictures/Fototeca de Fotos.photoslibrary/resources/derivatives/masters/1/10A59F44-0200-4362-91FE-15F3176A91A9_4_5005_c.jpeg"
    ],
    "ultima_modificacion": "2025-08-01 01:01:09.577080"
  },
  "1ade8f5748334e349328dfb03b52ce9445005c.jpeg": {
    "app_sintetizada": "1ADE8F5748334E349328DFB03B52CE9445005C.JPEG",
    "cantidad_archivos": 1,
    "archivos_fuente": [
      "Pictures/Fototeca de Fotos.photoslibrary/resources/derivatives/masters/1/1ADE8F57-4833-4E34-9328-DFB03B52CE94_4_5005_c.jpeg"
    ],
    "ultima_modificacion": "2025-08-01 01:01:09.577339"
  },
  "1735a472831d4ff3982022a0ef3c84b445005c.jpeg": {
    "app_sintetizada": "1735A472831D4FF3982022A0EF3C84B445005C.JPEG",
    "cantidad_archivos": 1,
    "archivos_fuente": [
      "Pictures/Fototeca de Fotos.photoslibrary/resources/derivatives/masters/1/1735A472-831D-4FF3-9820-22A0EF3C84B4_4_5005_c.jpeg"
    ],
    "ultima_modificacion": "2025-08-01 01:01:09.577723"
  },
  "11eb742b13184073b16c2522180bc34145005c.jpeg": {
    "app_sintetizada": "11EB742B13184073B16C2522180BC34145005C.JPEG",
    "cantidad_archivos": 1,
    "archivos_fuente": [
      "Pictures/Fototeca de Fotos.photoslibrary/resources/derivatives/masters/1/11EB742B-1318-4073-B16C-2522180BC341_4_5005_c.jpeg"
    ],
    "ultima_modificacion": "2025-08-01 01:01:09.578062"
  },
  "1054db1ae83744b4b74a097bca8dd66f45005c.jpeg": {
    "app_sintetizada": "1054DB1AE83744B4B74A097BCA8DD66F45005C.JPEG",
    "cantidad_archivos": 1,
    "archivos_fuente": [
      "Pictures/Fototeca de Fotos.photoslibrary/resources/derivatives/masters/1/1054DB1A-E837-44B4-B74A-097BCA8DD66F_4_5005_c.jpeg"
    ],
    "ultima_modificacion": "2025-08-01 01:01:09.595956"
  },
  "1a5d1f17acfe4ec29cf9ad11499fc24245005c.jpeg": {
    "app_sintetizada": "1A5D1F17ACFE4EC29CF9AD11499FC24245005C.JPEG",
    "cantidad_archivos": 1,
    "archivos_fuente": [
      "Pictures/Fototeca de Fotos.photoslibrary/resources/derivatives/masters/1/1A5D1F17-ACFE-4EC2-9CF9-AD11499FC242_4_5005_c.jpeg"
    ],
    "ultima_modificacion": "2025-08-01 01:01:09.604320"
  },
  "1ed7868e8988464f823730c79eefb82e45005c.jpeg": {
    "app_sintetizada": "1ED7868E8988464F823730C79EEFB82E45005C.JPEG",
    "cantidad_archivos": 1,
    "archivos_fuente": [
      "Pictures/Fototeca de Fotos.photoslibrary/resources/derivatives/masters/1/1ED7868E-8988-464F-8237-30C79EEFB82E_4_5005_c.jpeg"
    ],
    "ultima_modificacion": "2025-08-01 01:01:09.604956"
  },
  "1e3b02b9676f48ff9967a5bc56ed406f45005c.jpeg": {
    "app_sintetizada": "1E3B02B9676F48FF9967A5BC56ED406F45005C.JPEG",
    "cantidad_archivos": 1,
    "archivos_fuente": [
      "Pictures/Fototeca de Fotos.photoslibrary/resources/derivatives/masters/1/1E3B02B9-676F-48FF-9967-A5BC56ED406F_4_5005_c.jpeg"
    ],
    "ultima_modificacion": "2025-08-01 01:01:09.605733"
  },
  "1b9dae2fb3e843219eb0aeaa6c7e94e245005c.jpeg": {
    "app_sintetizada": "1B9DAE2FB3E843219EB0AEAA6C7E94E245005C.JPEG",
    "cantidad_archivos": 1,
    "archivos_fuente": [
      "Pictures/Fototeca de Fotos.photoslibrary/resources/derivatives/masters/1/1B9DAE2F-B3E8-4321-9EB0-AEAA6C7E94E2_4_5005_c.jpeg"
    ],
    "ultima_modificacion": "2025-08-01 01:01:09.606949"
  },
  "10a3f0d4371a424eb9fa56aa264d186645005c.jpeg": {
    "app_sintetizada": "10A3F0D4371A424EB9FA56AA264D186645005C.JPEG",
    "cantidad_archivos": 1,
    "archivos_fuente": [
      "Pictures/Fototeca de Fotos.photoslibrary/resources/derivatives/masters/1/10A3F0D4-371A-424E-B9FA-56AA264D1866_4_5005_c.jpeg"
    ],
    "ultima_modificacion": "2025-08-01 01:01:09.607351"
  },
  "183bbc773524472aa52cdb63ceaef35e45005c.jpeg": {
    "app_sintetizada": "183BBC773524472AA52CDB63CEAEF35E45005C.JPEG",
    "cantidad_archivos": 1,
    "archivos_fuente": [
      "Pictures/Fototeca de Fotos.photoslibrary/resources/derivatives/masters/1/183BBC77-3524-472A-A52C-DB63CEAEF35E_4_5005_c.jpeg"
    ],
    "ultima_modificacion": "2025-08-01 01:01:09.608919"
  },
  "1dc6651b54f24325925790017faa149045005c.jpeg": {
    "app_sintetizada": "1DC6651B54F24325925790017FAA149045005C.JPEG",
    "cantidad_archivos": 1,
    "archivos_fuente": [
      "Pictures/Fototeca de Fotos.photoslibrary/resources/derivatives/masters/1/1DC6651B-54F2-4325-9257-90017FAA1490_4_5005_c.jpeg"
    ],
    "ultima_modificacion": "2025-08-01 01:01:09.609263"
  },
  "1f19cede24bd4e64af08e7b14bbadf3d45005c.jpeg": {
    "app_sintetizada": "1F19CEDE24BD4E64AF08E7B14BBADF3D45005C.JPEG",
    "cantidad_archivos": 1,
    "archivos_fuente": [
      "Pictures/Fototeca de Fotos.photoslibrary/resources/derivatives/masters/1/1F19CEDE-24BD-4E64-AF08-E7B14BBADF3D_4_5005_c.jpeg"
    ],
    "ultima_modificacion": "2025-08-01 01:01:09.611156"
  },
  "143f555a788c4739b4457e1332240b5845005c.jpeg": {
    "app_sintetizada": "143F555A788C4739B4457E1332240B5845005C.JPEG",
    "cantidad_archivos": 1,
    "archivos_fuente": [
      "Pictures/Fototeca de Fotos.photoslibrary/resources/derivatives/masters/1/143F555A-788C-4739-B445-7E1332240B58_4_5005_c.jpeg"
    ],
    "ultima_modificacion": "2025-08-01 01:01:09.611440"
  },
  "108bf1538b5f4dfa9df1080435fa6c3645005c.jpeg": {
    "app_sintetizada": "108BF1538B5F4DFA9DF1080435FA6C3645005C.JPEG",
    "cantidad_archivos": 1,
    "archivos_fuente": [
      "Pictures/Fototeca de Fotos.photoslibrary/resources/derivatives/masters/1/108BF153-8B5F-4DFA-9DF1-080435FA6C36_4_5005_c.jpeg"
    ],
    "ultima_modificacion": "2025-08-01 01:01:09.611722"
  },
  "1d7a7cbc2a394295810b9e071345fb5645005c.jpeg": {
    "app_sintetizada": "1D7A7CBC2A394295810B9E071345FB5645005C.JPEG",
    "cantidad_archivos": 1,
    "archivos_fuente": [
      "Pictures/Fototeca de Fotos.photoslibrary/resources/derivatives/masters/1/1D7A7CBC-2A39-4295-810B-9E071345FB56_4_5005_c.jpeg"
    ],
    "ultima_modificacion": "2025-08-01 01:01:09.613196"
  },
  "19c76fe30fac4d4ea142e8b13060a83c45005c.jpeg": {
    "app_sintetizada": "19C76FE30FAC4D4EA142E8B13060A83C45005C.JPEG",
    "cantidad_archivos": 1,
    "archivos_fuente": [
      "Pictures/Fototeca de Fotos.photoslibrary/resources/derivatives/masters/1/19C76FE3-0FAC-4D4E-A142-E8B13060A83C_4_5005_c.jpeg"
    ],
    "ultima_modificacion": "2025-08-01 01:01:09.613489"
  },
  "19cb42b2b7d6464ba721a293a83fd9f445005c.jpeg": {
    "app_sintetizada": "19CB42B2B7D6464BA721A293A83FD9F445005C.JPEG",
    "cantidad_archivos": 1,
    "archivos_fuente": [
      "Pictures/Fototeca de Fotos.photoslibrary/resources/derivatives/masters/1/19CB42B2-B7D6-464B-A721-A293A83FD9F4_4_5005_c.jpeg"
    ],
    "ultima_modificacion": "2025-08-01 01:01:09.613734"
  },
  "1f6602c564424408af7fad953d6cfe0f45005c.jpeg": {
    "app_sintetizada": "1F6602C564424408AF7FAD953D6CFE0F45005C.JPEG",
    "cantidad_archivos": 1,
    "archivos_fuente": [
      "Pictures/Fototeca de Fotos.photoslibrary/resources/derivatives/masters/1/1F6602C5-6442-4408-AF7F-AD953D6CFE0F_4_5005_c.jpeg"
    ],
    "ultima_modificacion": "2025-08-01 01:01:09.613993"
  },
  "1dd82c9b805144cf8b488aee5e0bc2ab45005c.jpeg": {
    "app_sintetizada": "1DD82C9B805144CF8B488AEE5E0BC2AB45005C.JPEG",
    "cantidad_archivos": 1,
    "archivos_fuente": [
      "Pictures/Fototeca de Fotos.photoslibrary/resources/derivatives/masters/1/1DD82C9B-8051-44CF-8B48-8AEE5E0BC2AB_4_5005_c.jpeg"
    ],
    "ultima_modificacion": "2025-08-01 01:01:09.614265"
  },
  "1aff168c24254a0092d8f4976b5c983545005c.jpeg": {
    "app_sintetizada": "1AFF168C24254A0092D8F4976B5C983545005C.JPEG",
    "cantidad_archivos": 1,
    "archivos_fuente": [
      "Pictures/Fototeca de Fotos.photoslibrary/resources/derivatives/masters/1/1AFF168C-2425-4A00-92D8-F4976B5C9835_4_5005_c.jpeg"
    ],
    "ultima_modificacion": "2025-08-01 01:01:09.614544"
  },
  "16e0250947584380a3a96ecf26d5465a45005c.jpeg": {
    "app_sintetizada": "16E0250947584380A3A96ECF26D5465A45005C.JPEG",
    "cantidad_archivos": 1,
    "archivos_fuente": [
      "Pictures/Fototeca de Fotos.photoslibrary/resources/derivatives/masters/1/16E02509-4758-4380-A3A9-6ECF26D5465A_4_5005_c.jpeg"
    ],
    "ultima_modificacion": "2025-08-01 01:01:09.614828"
  },
  "1acd3f2b602c4bdf8e72e4c00d7b791245005c.jpeg": {
    "app_sintetizada": "1ACD3F2B602C4BDF8E72E4C00D7B791245005C.JPEG",
    "cantidad_archivos": 1,
    "archivos_fuente": [
      "Pictures/Fototeca de Fotos.photoslibrary/resources/derivatives/masters/1/1ACD3F2B-602C-4BDF-8E72-E4C00D7B7912_4_5005_c.jpeg"
    ],
    "ultima_modificacion": "2025-08-01 01:01:09.615189"
  },
  "1f77b04f5abc4bbdbf2e1b1de1a78c7245005c.jpeg": {
    "app_sintetizada": "1F77B04F5ABC4BBDBF2E1B1DE1A78C7245005C.JPEG",
    "cantidad_archivos": 1,
    "archivos_fuente": [
      "Pictures/Fototeca de Fotos.photoslibrary/resources/derivatives/masters/1/1F77B04F-5ABC-4BBD-BF2E-1B1DE1A78C72_4_5005_c.jpeg"
    ],
    "ultima_modificacion": "2025-08-01 01:01:09.615464"
  },
  "1e02b957d8614599b5bb17085d09232f45005c.jpeg": {
    "app_sintetizada": "1E02B957D8614599B5BB17085D09232F45005C.JPEG",
    "cantidad_archivos": 1,
    "archivos_fuente": [
      "Pictures/Fototeca de Fotos.photoslibrary/resources/derivatives/masters/1/1E02B957-D861-4599-B5BB-17085D09232F_4_5005_c.jpeg"
    ],
    "ultima_modificacion": "2025-08-01 01:01:09.615742"
  },
  "1c2c4ac3ed2e4adcb4fb9df228a8db7745005c.jpeg": {
    "app_sintetizada": "1C2C4AC3ED2E4ADCB4FB9DF228A8DB7745005C.JPEG",
    "cantidad_archivos": 1,
    "archivos_fuente": [
      "Pictures/Fototeca de Fotos.photoslibrary/resources/derivatives/masters/1/1C2C4AC3-ED2E-4ADC-B4FB-9DF228A8DB77_4_5005_c.jpeg"
    ],
    "ultima_modificacion": "2025-08-01 01:01:09.616190"
  },
  "10fbb6944a084b369db865ac125bdd4445005c.jpeg": {
    "app_sintetizada": "10FBB6944A084B369DB865AC125BDD4445005C.JPEG",
    "cantidad_archivos": 1,
    "archivos_fuente": [
      "Pictures/Fototeca de Fotos.photoslibrary/resources/derivatives/masters/1/10FBB694-4A08-4B36-9DB8-65AC125BDD44_4_5005_c.jpeg"
    ],
    "ultima_modificacion": "2025-08-01 01:01:09.616508"
  },
  "12454259f22e4788ad5aa355c791eaf845005c.jpeg": {
    "app_sintetizada": "12454259F22E4788AD5AA355C791EAF845005C.JPEG",
    "cantidad_archivos": 1,
    "archivos_fuente": [
      "Pictures/Fototeca de Fotos.photoslibrary/resources/derivatives/masters/1/12454259-F22E-4788-AD5A-A355C791EAF8_4_5005_c.jpeg"
    ],
    "ultima_modificacion": "2025-08-01 01:01:09.616779"
  },
  "1e186144660647ac82e77b3652e9909745005c.jpeg": {
    "app_sintetizada": "1E186144660647AC82E77B3652E9909745005C.JPEG",
    "cantidad_archivos": 1,
    "archivos_fuente": [
      "Pictures/Fototeca de Fotos.photoslibrary/resources/derivatives/masters/1/1E186144-6606-47AC-82E7-7B3652E99097_4_5005_c.jpeg"
    ],
    "ultima_modificacion": "2025-08-01 01:01:09.617084"
  },
  "193e906d9fd340f0a11279031428baea45005c.jpeg": {
    "app_sintetizada": "193E906D9FD340F0A11279031428BAEA45005C.JPEG",
    "cantidad_archivos": 1,
    "archivos_fuente": [
      "Pictures/Fototeca de Fotos.photoslibrary/resources/derivatives/masters/1/193E906D-9FD3-40F0-A112-79031428BAEA_4_5005_c.jpeg"
    ],
    "ultima_modificacion": "2025-08-01 01:01:09.617355"
  },
  "1893800598f845b4a5c0ef62bbf3167845005c.jpeg": {
    "app_sintetizada": "1893800598F845B4A5C0EF62BBF3167845005C.JPEG",
    "cantidad_archivos": 1,
    "archivos_fuente": [
      "Pictures/Fototeca de Fotos.photoslibrary/resources/derivatives/masters/1/18938005-98F8-45B4-A5C0-EF62BBF31678_4_5005_c.jpeg"
    ],
    "ultima_modificacion": "2025-08-01 01:01:09.617616"
  },
  "128536616fd34132b61ef4f25f56874345005c.jpeg": {
    "app_sintetizada": "128536616FD34132B61EF4F25F56874345005C.JPEG",
    "cantidad_archivos": 1,
    "archivos_fuente": [
      "Pictures/Fototeca de Fotos.photoslibrary/resources/derivatives/masters/1/12853661-6FD3-4132-B61E-F4F25F568743_4_5005_c.jpeg"
    ],
    "ultima_modificacion": "2025-08-01 01:01:09.617883"
  },
  "1affdf6d442e4d6bb364f7a93f4f9a6e45005c.jpeg": {
    "app_sintetizada": "1AFFDF6D442E4D6BB364F7A93F4F9A6E45005C.JPEG",
    "cantidad_archivos": 1,
    "archivos_fuente": [
      "Pictures/Fototeca de Fotos.photoslibrary/resources/derivatives/masters/1/1AFFDF6D-442E-4D6B-B364-F7A93F4F9A6E_4_5005_c.jpeg"
    ],
    "ultima_modificacion": "2025-08-01 01:01:09.618247"
  },
  "18558c829f36419c9db0cfe4bdc9eadb45005c.jpeg": {
    "app_sintetizada": "18558C829F36419C9DB0CFE4BDC9EADB45005C.JPEG",
    "cantidad_archivos": 1,
    "archivos_fuente": [
      "Pictures/Fototeca de Fotos.photoslibrary/resources/derivatives/masters/1/18558C82-9F36-419C-9DB0-CFE4BDC9EADB_4_5005_c.jpeg"
    ],
    "ultima_modificacion": "2025-08-01 01:01:09.618497"
  },
  "1a811257bb784ce3a1564f147e1a319645005c.jpeg": {
    "app_sintetizada": "1A811257BB784CE3A1564F147E1A319645005C.JPEG",
    "cantidad_archivos": 1,
    "archivos_fuente": [
      "Pictures/Fototeca de Fotos.photoslibrary/resources/derivatives/masters/1/1A811257-BB78-4CE3-A156-4F147E1A3196_4_5005_c.jpeg"
    ],
    "ultima_modificacion": "2025-08-01 01:01:09.618744"
  },
  "1143c2a994f14782b5877495cf44c41a45005c.jpeg": {
    "app_sintetizada": "1143C2A994F14782B5877495CF44C41A45005C.JPEG",
    "cantidad_archivos": 1,
    "archivos_fuente": [
      "Pictures/Fototeca de Fotos.photoslibrary/resources/derivatives/masters/1/1143C2A9-94F1-4782-B587-7495CF44C41A_4_5005_c.jpeg"
    ],
    "ultima_modificacion": "2025-08-01 01:01:09.619010"
  },
  "150d1153042f46838b6f293e761fbdd245005c.jpeg": {
    "app_sintetizada": "150D1153042F46838B6F293E761FBDD245005C.JPEG",
    "cantidad_archivos": 1,
    "archivos_fuente": [
      "Pictures/Fototeca de Fotos.photoslibrary/resources/derivatives/masters/1/150D1153-042F-4683-8B6F-293E761FBDD2_4_5005_c.jpeg"
    ],
    "ultima_modificacion": "2025-08-01 01:01:09.619277"
  },
  "12539286fdd24c5a82a976563ae1181245005c.jpeg": {
    "app_sintetizada": "12539286FDD24C5A82A976563AE1181245005C.JPEG",
    "cantidad_archivos": 1,
    "archivos_fuente": [
      "Pictures/Fototeca de Fotos.photoslibrary/resources/derivatives/masters/1/12539286-FDD2-4C5A-82A9-76563AE11812_4_5005_c.jpeg"
    ],
    "ultima_modificacion": "2025-08-01 01:01:09.619511"
  },
  "1a4511948d684d2f8e36fb05252f17d045005c.jpeg": {
    "app_sintetizada": "1A4511948D684D2F8E36FB05252F17D045005C.JPEG",
    "cantidad_archivos": 1,
    "archivos_fuente": [
      "Pictures/Fototeca de Fotos.photoslibrary/resources/derivatives/masters/1/1A451194-8D68-4D2F-8E36-FB05252F17D0_4_5005_c.jpeg"
    ],
    "ultima_modificacion": "2025-08-01 01:01:09.619802"
  },
  "1d0ea895452745c18b89ec8a714e391e45005c.jpeg": {
    "app_sintetizada": "1D0EA895452745C18B89EC8A714E391E45005C.JPEG",
    "cantidad_archivos": 1,
    "archivos_fuente": [
      "Pictures/Fototeca de Fotos.photoslibrary/resources/derivatives/masters/1/1D0EA895-4527-45C1-8B89-EC8A714E391E_4_5005_c.jpeg"
    ],
    "ultima_modificacion": "2025-08-01 01:01:09.620035"
  },
  "137f6474471a4b2282a10b334ba5250e45005c.jpeg": {
    "app_sintetizada": "137F6474471A4B2282A10B334BA5250E45005C.JPEG",
    "cantidad_archivos": 1,
    "archivos_fuente": [
      "Pictures/Fototeca de Fotos.photoslibrary/resources/derivatives/masters/1/137F6474-471A-4B22-82A1-0B334BA5250E_4_5005_c.jpeg"
    ],
    "ultima_modificacion": "2025-08-01 01:01:09.620263"
  },
  "19927488866c4a1aad02ac9389d279dd45005c.jpeg": {
    "app_sintetizada": "19927488866C4A1AAD02AC9389D279DD45005C.JPEG",
    "cantidad_archivos": 1,
    "archivos_fuente": [
      "Pictures/Fototeca de Fotos.photoslibrary/resources/derivatives/masters/1/19927488-866C-4A1A-AD02-AC9389D279DD_4_5005_c.jpeg"
    ],
    "ultima_modificacion": "2025-08-01 01:01:09.620493"
  },
  "19c0a7fa53c241c6919028cd1994daed45005c.jpeg": {
    "app_sintetizada": "19C0A7FA53C241C6919028CD1994DAED45005C.JPEG",
    "cantidad_archivos": 1,
    "archivos_fuente": [
      "Pictures/Fototeca de Fotos.photoslibrary/resources/derivatives/masters/1/19C0A7FA-53C2-41C6-9190-28CD1994DAED_4_5005_c.jpeg"
    ],
    "ultima_modificacion": "2025-08-01 01:01:09.620864"
  },
  "1a27bafbc52b41f8a481160635a8e25b45005c.jpeg": {
    "app_sintetizada": "1A27BAFBC52B41F8A481160635A8E25B45005C.JPEG",
    "cantidad_archivos": 1,
    "archivos_fuente": [
      "Pictures/Fototeca de Fotos.photoslibrary/resources/derivatives/masters/1/1A27BAFB-C52B-41F8-A481-160635A8E25B_4_5005_c.jpeg"
    ],
    "ultima_modificacion": "2025-08-01 01:01:09.621133"
  },
  "1321bc2c3830491f941b4d2639d33bf845005c.jpeg": {
    "app_sintetizada": "1321BC2C3830491F941B4D2639D33BF845005C.JPEG",
    "cantidad_archivos": 1,
    "archivos_fuente": [
      "Pictures/Fototeca de Fotos.photoslibrary/resources/derivatives/masters/1/1321BC2C-3830-491F-941B-4D2639D33BF8_4_5005_c.jpeg"
    ],
    "ultima_modificacion": "2025-08-01 01:01:09.621445"
  },
  "1d5e1346063f44028f9e0939842048dc45005c.jpeg": {
    "app_sintetizada": "1D5E1346063F44028F9E0939842048DC45005C.JPEG",
    "cantidad_archivos": 1,
    "archivos_fuente": [
      "Pictures/Fototeca de Fotos.photoslibrary/resources/derivatives/masters/1/1D5E1346-063F-4402-8F9E-0939842048DC_4_5005_c.jpeg"
    ],
    "ultima_modificacion": "2025-08-01 01:01:09.621799"
  },
  "1fa09c7d705d43619f09f649bb560b8745005c.jpeg": {
    "app_sintetizada": "1FA09C7D705D43619F09F649BB560B8745005C.JPEG",
    "cantidad_archivos": 1,
    "archivos_fuente": [
      "Pictures/Fototeca de Fotos.photoslibrary/resources/derivatives/masters/1/1FA09C7D-705D-4361-9F09-F649BB560B87_4_5005_c.jpeg"
    ],
    "ultima_modificacion": "2025-08-01 01:01:09.622107"
  },
  "14feaa467686401499b3831130cbba4045005c.jpeg": {
    "app_sintetizada": "14FEAA467686401499B3831130CBBA4045005C.JPEG",
    "cantidad_archivos": 1,
    "archivos_fuente": [
      "Pictures/Fototeca de Fotos.photoslibrary/resources/derivatives/masters/1/14FEAA46-7686-4014-99B3-831130CBBA40_4_5005_c.jpeg"
    ],
    "ultima_modificacion": "2025-08-01 01:01:09.622370"
  },
  "142ad94848ba4321bc4ccc255f6d1f6945005c.jpeg": {
    "app_sintetizada": "142AD94848BA4321BC4CCC255F6D1F6945005C.JPEG",
    "cantidad_archivos": 1,
    "archivos_fuente": [
      "Pictures/Fototeca de Fotos.photoslibrary/resources/derivatives/masters/1/142AD948-48BA-4321-BC4C-CC255F6D1F69_4_5005_c.jpeg"
    ],
    "ultima_modificacion": "2025-08-01 01:01:09.622632"
  },
  "13fbdbc290c44f4a83d3be8ffd21618945005c.jpeg": {
    "app_sintetizada": "13FBDBC290C44F4A83D3BE8FFD21618945005C.JPEG",
    "cantidad_archivos": 1,
    "archivos_fuente": [
      "Pictures/Fototeca de Fotos.photoslibrary/resources/derivatives/masters/1/13FBDBC2-90C4-4F4A-83D3-BE8FFD216189_4_5005_c.jpeg"
    ],
    "ultima_modificacion": "2025-08-01 01:01:09.622933"
  },
  "18f77089f2c347cda2c35819e4623c8a45005c.jpeg": {
    "app_sintetizada": "18F77089F2C347CDA2C35819E4623C8A45005C.JPEG",
    "cantidad_archivos": 1,
    "archivos_fuente": [
      "Pictures/Fototeca de Fotos.photoslibrary/resources/derivatives/masters/1/18F77089-F2C3-47CD-A2C3-5819E4623C8A_4_5005_c.jpeg"
    ],
    "ultima_modificacion": "2025-08-01 01:01:09.623184"
  },
  "1ee2e0fef8714d8c857421a61ab0890d45005c.jpeg": {
    "app_sintetizada": "1EE2E0FEF8714D8C857421A61AB0890D45005C.JPEG",
    "cantidad_archivos": 1,
    "archivos_fuente": [
      "Pictures/Fototeca de Fotos.photoslibrary/resources/derivatives/masters/1/1EE2E0FE-F871-4D8C-8574-21A61AB0890D_4_5005_c.jpeg"
    ],
    "ultima_modificacion": "2025-08-01 01:01:09.623416"
  },
  "153cc210138c463c9b2934e567a0bbdc45005c.jpeg": {
    "app_sintetizada": "153CC210138C463C9B2934E567A0BBDC45005C.JPEG",
    "cantidad_archivos": 1,
    "archivos_fuente": [
      "Pictures/Fototeca de Fotos.photoslibrary/resources/derivatives/masters/1/153CC210-138C-463C-9B29-34E567A0BBDC_4_5005_c.jpeg"
    ],
    "ultima_modificacion": "2025-08-01 01:01:09.623679"
  },
  "15648202e0d041d090dfc1b01fbb96e045005c.jpeg": {
    "app_sintetizada": "15648202E0D041D090DFC1B01FBB96E045005C.JPEG",
    "cantidad_archivos": 1,
    "archivos_fuente": [
      "Pictures/Fototeca de Fotos.photoslibrary/resources/derivatives/masters/1/15648202-E0D0-41D0-90DF-C1B01FBB96E0_4_5005_c.jpeg"
    ],
    "ultima_modificacion": "2025-08-01 01:01:09.623949"
  },
  "157862c7a5d94771b9df352caa12f6da45005c.jpeg": {
    "app_sintetizada": "157862C7A5D94771B9DF352CAA12F6DA45005C.JPEG",
    "cantidad_archivos": 1,
    "archivos_fuente": [
      "Pictures/Fototeca de Fotos.photoslibrary/resources/derivatives/masters/1/157862C7-A5D9-4771-B9DF-352CAA12F6DA_4_5005_c.jpeg"
    ],
    "ultima_modificacion": "2025-08-01 01:01:09.624262"
  },
  "1eeae09807b54fb09415b29a9efe8d3945005c.jpeg": {
    "app_sintetizada": "1EEAE09807B54FB09415B29A9EFE8D3945005C.JPEG",
    "cantidad_archivos": 1,
    "archivos_fuente": [
      "Pictures/Fototeca de Fotos.photoslibrary/resources/derivatives/masters/1/1EEAE098-07B5-4FB0-9415-B29A9EFE8D39_4_5005_c.jpeg"
    ],
    "ultima_modificacion": "2025-08-01 01:01:09.624487"
  },
  "1626b8f6912345d3ba8ce85de53b77ea45005c.jpeg": {
    "app_sintetizada": "1626B8F6912345D3BA8CE85DE53B77EA45005C.JPEG",
    "cantidad_archivos": 1,
    "archivos_fuente": [
      "Pictures/Fototeca de Fotos.photoslibrary/resources/derivatives/masters/1/1626B8F6-9123-45D3-BA8C-E85DE53B77EA_4_5005_c.jpeg"
    ],
    "ultima_modificacion": "2025-08-01 01:01:09.624693"
  },
  "1cc6a036668544539f3b3f841428dcb845005c.jpeg": {
    "app_sintetizada": "1CC6A036668544539F3B3F841428DCB845005C.JPEG",
    "cantidad_archivos": 1,
    "archivos_fuente": [
      "Pictures/Fototeca de Fotos.photoslibrary/resources/derivatives/masters/1/1CC6A036-6685-4453-9F3B-3F841428DCB8_4_5005_c.jpeg"
    ],
    "ultima_modificacion": "2025-08-01 01:01:09.624882"
  },
  "1e3a587fa8914a769db9da500711c6a645005c.jpeg": {
    "app_sintetizada": "1E3A587FA8914A769DB9DA500711C6A645005C.JPEG",
    "cantidad_archivos": 1,
    "archivos_fuente": [
      "Pictures/Fototeca de Fotos.photoslibrary/resources/derivatives/masters/1/1E3A587F-A891-4A76-9DB9-DA500711C6A6_4_5005_c.jpeg"
    ],
    "ultima_modificacion": "2025-08-01 01:01:09.625080"
  },
  "19f7af0a04a34c18834789ed11f972d345005c.jpeg": {
    "app_sintetizada": "19F7AF0A04A34C18834789ED11F972D345005C.JPEG",
    "cantidad_archivos": 1,
    "archivos_fuente": [
      "Pictures/Fototeca de Fotos.photoslibrary/resources/derivatives/masters/1/19F7AF0A-04A3-4C18-8347-89ED11F972D3_4_5005_c.jpeg"
    ],
    "ultima_modificacion": "2025-08-01 01:01:09.625295"
  },
  "146e0b45490e4ae6b1bf4ca9bb747b7d45005c.jpeg": {
    "app_sintetizada": "146E0B45490E4AE6B1BF4CA9BB747B7D45005C.JPEG",
    "cantidad_archivos": 1,
    "archivos_fuente": [
      "Pictures/Fototeca de Fotos.photoslibrary/resources/derivatives/masters/1/146E0B45-490E-4AE6-B1BF-4CA9BB747B7D_4_5005_c.jpeg"
    ],
    "ultima_modificacion": "2025-08-01 01:01:09.625584"
  },
  "1ad862b04e85495b8498d940487b9ed345005c.jpeg": {
    "app_sintetizada": "1AD862B04E85495B8498D940487B9ED345005C.JPEG",
    "cantidad_archivos": 1,
    "archivos_fuente": [
      "Pictures/Fototeca de Fotos.photoslibrary/resources/derivatives/masters/1/1AD862B0-4E85-495B-8498-D940487B9ED3_4_5005_c.jpeg"
    ],
    "ultima_modificacion": "2025-08-01 01:01:09.625826"
  },
  "1e0bb6f7287547338b6356b0b4fa749d45005c.jpeg": {
    "app_sintetizada": "1E0BB6F7287547338B6356B0B4FA749D45005C.JPEG",
    "cantidad_archivos": 1,
    "archivos_fuente": [
      "Pictures/Fototeca de Fotos.photoslibrary/resources/derivatives/masters/1/1E0BB6F7-2875-4733-8B63-56B0B4FA749D_4_5005_c.jpeg"
    ],
    "ultima_modificacion": "2025-08-01 01:01:09.626117"
  },
  "16c0c3d966e046f891dc9b1d09080f4745005c.jpeg": {
    "app_sintetizada": "16C0C3D966E046F891DC9B1D09080F4745005C.JPEG",
    "cantidad_archivos": 1,
    "archivos_fuente": [
      "Pictures/Fototeca de Fotos.photoslibrary/resources/derivatives/masters/1/16C0C3D9-66E0-46F8-91DC-9B1D09080F47_4_5005_c.jpeg"
    ],
    "ultima_modificacion": "2025-08-01 01:01:09.626396"
  },
  "191fc68b331d4b169dff6ad2cb54be1045005c.jpeg": {
    "app_sintetizada": "191FC68B331D4B169DFF6AD2CB54BE1045005C.JPEG",
    "cantidad_archivos": 1,
    "archivos_fuente": [
      "Pictures/Fototeca de Fotos.photoslibrary/resources/derivatives/masters/1/191FC68B-331D-4B16-9DFF-6AD2CB54BE10_4_5005_c.jpeg"
    ],
    "ultima_modificacion": "2025-08-01 01:01:09.626635"
  },
  "100dfcd443d944e38ae4d0a386c2e19b45005c.jpeg": {
    "app_sintetizada": "100DFCD443D944E38AE4D0A386C2E19B45005C.JPEG",
    "cantidad_archivos": 1,
    "archivos_fuente": [
      "Pictures/Fototeca de Fotos.photoslibrary/resources/derivatives/masters/1/100DFCD4-43D9-44E3-8AE4-D0A386C2E19B_4_5005_c.jpeg"
    ],
    "ultima_modificacion": "2025-08-01 01:01:09.626955"
  },
  "1c1f4103206249a7a4df1959d7c8e24245005c.jpeg": {
    "app_sintetizada": "1C1F4103206249A7A4DF1959D7C8E24245005C.JPEG",
    "cantidad_archivos": 1,
    "archivos_fuente": [
      "Pictures/Fototeca de Fotos.photoslibrary/resources/derivatives/masters/1/1C1F4103-2062-49A7-A4DF-1959D7C8E242_4_5005_c.jpeg"
    ],
    "ultima_modificacion": "2025-08-01 01:01:09.627230"
  },
  "1aca2f1d53a84e449e8a53bfade63a8945005c.jpeg": {
    "app_sintetizada": "1ACA2F1D53A84E449E8A53BFADE63A8945005C.JPEG",
    "cantidad_archivos": 1,
    "archivos_fuente": [
      "Pictures/Fototeca de Fotos.photoslibrary/resources/derivatives/masters/1/1ACA2F1D-53A8-4E44-9E8A-53BFADE63A89_4_5005_c.jpeg"
    ],
    "ultima_modificacion": "2025-08-01 01:01:09.627450"
  },
  "1e04118710a44ce4ac0e2c4bb86fe2e845005c.jpeg": {
    "app_sintetizada": "1E04118710A44CE4AC0E2C4BB86FE2E845005C.JPEG",
    "cantidad_archivos": 1,
    "archivos_fuente": [
      "Pictures/Fototeca de Fotos.photoslibrary/resources/derivatives/masters/1/1E041187-10A4-4CE4-AC0E-2C4BB86FE2E8_4_5005_c.jpeg"
    ],
    "ultima_modificacion": "2025-08-01 01:01:09.627659"
  },
  "1b04ada877e8400da31cb07e4d56b4b345005c.jpeg": {
    "app_sintetizada": "1B04ADA877E8400DA31CB07E4D56B4B345005C.JPEG",
    "cantidad_archivos": 1,
    "archivos_fuente": [
      "Pictures/Fototeca de Fotos.photoslibrary/resources/derivatives/masters/1/1B04ADA8-77E8-400D-A31C-B07E4D56B4B3_4_5005_c.jpeg"
    ],
    "ultima_modificacion": "2025-08-01 01:01:09.627859"
  },
  "119a811e19ea495d823ae6b77bb6871745005c.jpeg": {
    "app_sintetizada": "119A811E19EA495D823AE6B77BB6871745005C.JPEG",
    "cantidad_archivos": 1,
    "archivos_fuente": [
      "Pictures/Fototeca de Fotos.photoslibrary/resources/derivatives/masters/1/119A811E-19EA-495D-823A-E6B77BB68717_4_5005_c.jpeg"
    ],
    "ultima_modificacion": "2025-08-01 01:01:09.628055"
  },
  "10db5259f87f4a66ae5a5619ee4a007645005c.jpeg": {
    "app_sintetizada": "10DB5259F87F4A66AE5A5619EE4A007645005C.JPEG",
    "cantidad_archivos": 1,
    "archivos_fuente": [
      "Pictures/Fototeca de Fotos.photoslibrary/resources/derivatives/masters/1/10DB5259-F87F-4A66-AE5A-5619EE4A0076_4_5005_c.jpeg"
    ],
    "ultima_modificacion": "2025-08-01 01:01:09.628253"
  },
  "171b08ef3bcb4ee38d3c57983207525f45005c.jpeg": {
    "app_sintetizada": "171B08EF3BCB4EE38D3C57983207525F45005C.JPEG",
    "cantidad_archivos": 1,
    "archivos_fuente": [
      "Pictures/Fototeca de Fotos.photoslibrary/resources/derivatives/masters/1/171B08EF-3BCB-4EE3-8D3C-57983207525F_4_5005_c.jpeg"
    ],
    "ultima_modificacion": "2025-08-01 01:01:09.628453"
  },
  "1597f4d5dc3f407a92547b818fcd0dab45005c.jpeg": {
    "app_sintetizada": "1597F4D5DC3F407A92547B818FCD0DAB45005C.JPEG",
    "cantidad_archivos": 1,
    "archivos_fuente": [
      "Pictures/Fototeca de Fotos.photoslibrary/resources/derivatives/masters/1/1597F4D5-DC3F-407A-9254-7B818FCD0DAB_4_5005_c.jpeg"
    ],
    "ultima_modificacion": "2025-08-01 01:01:09.628646"
  },
  "158e59f1d4c24babb5e6d34aa278f3c445005c.jpeg": {
    "app_sintetizada": "158E59F1D4C24BABB5E6D34AA278F3C445005C.JPEG",
    "cantidad_archivos": 1,
    "archivos_fuente": [
      "Pictures/Fototeca de Fotos.photoslibrary/resources/derivatives/masters/1/158E59F1-D4C2-4BAB-B5E6-D34AA278F3C4_4_5005_c.jpeg"
    ],
    "ultima_modificacion": "2025-08-01 01:01:09.628845"
  },
  "17dc61686594401cb500296ff30434d145005c.jpeg": {
    "app_sintetizada": "17DC61686594401CB500296FF30434D145005C.JPEG",
    "cantidad_archivos": 1,
    "archivos_fuente": [
      "Pictures/Fototeca de Fotos.photoslibrary/resources/derivatives/masters/1/17DC6168-6594-401C-B500-296FF30434D1_4_5005_c.jpeg"
    ],
    "ultima_modificacion": "2025-08-01 01:01:09.629169"
  },
  "1056b3c9b066478a8a4b0b5a54cefba045005c.jpeg": {
    "app_sintetizada": "1056B3C9B066478A8A4B0B5A54CEFBA045005C.JPEG",
    "cantidad_archivos": 1,
    "archivos_fuente": [
      "Pictures/Fototeca de Fotos.photoslibrary/resources/derivatives/masters/1/1056B3C9-B066-478A-8A4B-0B5A54CEFBA0_4_5005_c.jpeg"
    ],
    "ultima_modificacion": "2025-08-01 01:01:09.629396"
  },
  "1197b808a654419b95adae2290015e7d45005c.jpeg": {
    "app_sintetizada": "1197B808A654419B95ADAE2290015E7D45005C.JPEG",
    "cantidad_archivos": 1,
    "archivos_fuente": [
      "Pictures/Fototeca de Fotos.photoslibrary/resources/derivatives/masters/1/1197B808-A654-419B-95AD-AE2290015E7D_4_5005_c.jpeg"
    ],
    "ultima_modificacion": "2025-08-01 01:01:09.629608"
  },
  "1f9581fce3c74fca969d291f502d32ba45005c.jpeg": {
    "app_sintetizada": "1F9581FCE3C74FCA969D291F502D32BA45005C.JPEG",
    "cantidad_archivos": 1,
    "archivos_fuente": [
      "Pictures/Fototeca de Fotos.photoslibrary/resources/derivatives/masters/1/1F9581FC-E3C7-4FCA-969D-291F502D32BA_4_5005_c.jpeg"
    ],
    "ultima_modificacion": "2025-08-01 01:01:09.629813"
  },
  "15bc1705373e4e55a10d0a67fd5e3f8e45005c.jpeg": {
    "app_sintetizada": "15BC1705373E4E55A10D0A67FD5E3F8E45005C.JPEG",
    "cantidad_archivos": 1,
    "archivos_fuente": [
      "Pictures/Fototeca de Fotos.photoslibrary/resources/derivatives/masters/1/15BC1705-373E-4E55-A10D-0A67FD5E3F8E_4_5005_c.jpeg"
    ],
    "ultima_modificacion": "2025-08-01 01:01:09.630067"
  },
  "1596d09e71314be79f6a74203d15f11045005c.jpeg": {
    "app_sintetizada": "1596D09E71314BE79F6A74203D15F11045005C.JPEG",
    "cantidad_archivos": 1,
    "archivos_fuente": [
      "Pictures/Fototeca de Fotos.photoslibrary/resources/derivatives/masters/1/1596D09E-7131-4BE7-9F6A-74203D15F110_4_5005_c.jpeg"
    ],
    "ultima_modificacion": "2025-08-01 01:01:09.630343"
  },
  "1da713a9c5da45b7bb8b057f8dd39aad45005c.jpeg": {
    "app_sintetizada": "1DA713A9C5DA45B7BB8B057F8DD39AAD45005C.JPEG",
    "cantidad_archivos": 1,
    "archivos_fuente": [
      "Pictures/Fototeca de Fotos.photoslibrary/resources/derivatives/masters/1/1DA713A9-C5DA-45B7-BB8B-057F8DD39AAD_4_5005_c.jpeg"
    ],
    "ultima_modificacion": "2025-08-01 01:01:09.630678"
  },
  "15ef4b8d6d6c49eb820cec8d16d910ad45005c.jpeg": {
    "app_sintetizada": "15EF4B8D6D6C49EB820CEC8D16D910AD45005C.JPEG",
    "cantidad_archivos": 1,
    "archivos_fuente": [
      "Pictures/Fototeca de Fotos.photoslibrary/resources/derivatives/masters/1/15EF4B8D-6D6C-49EB-820C-EC8D16D910AD_4_5005_c.jpeg"
    ],
    "ultima_modificacion": "2025-08-01 01:01:09.630970"
  },
  "149228cc53db4a1b8f9ec552ef58ae4d45005c.jpeg": {
    "app_sintetizada": "149228CC53DB4A1B8F9EC552EF58AE4D45005C.JPEG",
    "cantidad_archivos": 1,
    "archivos_fuente": [
      "Pictures/Fototeca de Fotos.photoslibrary/resources/derivatives/masters/1/149228CC-53DB-4A1B-8F9E-C552EF58AE4D_4_5005_c.jpeg"
    ],
    "ultima_modificacion": "2025-08-01 01:01:09.631263"
  },
  "10ac1114090e421f8fd326be2d6d2ce545005c.jpeg": {
    "app_sintetizada": "10AC1114090E421F8FD326BE2D6D2CE545005C.JPEG",
    "cantidad_archivos": 1,
    "archivos_fuente": [
      "Pictures/Fototeca de Fotos.photoslibrary/resources/derivatives/masters/1/10AC1114-090E-421F-8FD3-26BE2D6D2CE5_4_5005_c.jpeg"
    ],
    "ultima_modificacion": "2025-08-01 01:01:09.631509"
  },
  "13fc3b8ae2b34487ac2e4d0ac7cc06d945005c.jpeg": {
    "app_sintetizada": "13FC3B8AE2B34487AC2E4D0AC7CC06D945005C.JPEG",
    "cantidad_archivos": 1,
    "archivos_fuente": [
      "Pictures/Fototeca de Fotos.photoslibrary/resources/derivatives/masters/1/13FC3B8A-E2B3-4487-AC2E-4D0AC7CC06D9_4_5005_c.jpeg"
    ],
    "ultima_modificacion": "2025-08-01 01:01:09.631793"
  },
  "174e04c97ed7464b9edce53d202b536c45005c.jpeg": {
    "app_sintetizada": "174E04C97ED7464B9EDCE53D202B536C45005C.JPEG",
    "cantidad_archivos": 1,
    "archivos_fuente": [
      "Pictures/Fototeca de Fotos.photoslibrary/resources/derivatives/masters/1/174E04C9-7ED7-464B-9EDC-E53D202B536C_4_5005_c.jpeg"
    ],
    "ultima_modificacion": "2025-08-01 01:01:09.632010"
  },
  "117224a738284ce08d53b719f79d587a45005c.jpeg": {
    "app_sintetizada": "117224A738284CE08D53B719F79D587A45005C.JPEG",
    "cantidad_archivos": 1,
    "archivos_fuente": [
      "Pictures/Fototeca de Fotos.photoslibrary/resources/derivatives/masters/1/117224A7-3828-4CE0-8D53-B719F79D587A_4_5005_c.jpeg"
    ],
    "ultima_modificacion": "2025-08-01 01:01:09.632206"
  },
  "11ac78e77632414b9a6f941aee632f8145005c.jpeg": {
    "app_sintetizada": "11AC78E77632414B9A6F941AEE632F8145005C.JPEG",
    "cantidad_archivos": 1,
    "archivos_fuente": [
      "Pictures/Fototeca de Fotos.photoslibrary/resources/derivatives/masters/1/11AC78E7-7632-414B-9A6F-941AEE632F81_4_5005_c.jpeg"
    ],
    "ultima_modificacion": "2025-08-01 01:01:09.632408"
  },
  "1cffe1b106064de6b517d62e8746ff6c45005c.jpeg": {
    "app_sintetizada": "1CFFE1B106064DE6B517D62E8746FF6C45005C.JPEG",
    "cantidad_archivos": 1,
    "archivos_fuente": [
      "Pictures/Fototeca de Fotos.photoslibrary/resources/derivatives/masters/1/1CFFE1B1-0606-4DE6-B517-D62E8746FF6C_4_5005_c.jpeg"
    ],
    "ultima_modificacion": "2025-08-01 01:01:09.632607"
  },
  "1da5a494c03c410292910d88c6f9076445005c.jpeg": {
    "app_sintetizada": "1DA5A494C03C410292910D88C6F9076445005C.JPEG",
    "cantidad_archivos": 1,
    "archivos_fuente": [
      "Pictures/Fototeca de Fotos.photoslibrary/resources/derivatives/masters/1/1DA5A494-C03C-4102-9291-0D88C6F90764_4_5005_c.jpeg"
    ],
    "ultima_modificacion": "2025-08-01 01:01:09.632797"
  },
  "1e170ab11be54c9ca82466f6f5c5a26145005c.jpeg": {
    "app_sintetizada": "1E170AB11BE54C9CA82466F6F5C5A26145005C.JPEG",
    "cantidad_archivos": 1,
    "archivos_fuente": [
      "Pictures/Fototeca de Fotos.photoslibrary/resources/derivatives/masters/1/1E170AB1-1BE5-4C9C-A824-66F6F5C5A261_4_5005_c.jpeg"
    ],
    "ultima_modificacion": "2025-08-01 01:01:09.632986"
  },
  "1bdd777ae5c640b7a2435c38ab45975245005c.jpeg": {
    "app_sintetizada": "1BDD777AE5C640B7A2435C38AB45975245005C.JPEG",
    "cantidad_archivos": 1,
    "archivos_fuente": [
      "Pictures/Fototeca de Fotos.photoslibrary/resources/derivatives/masters/1/1BDD777A-E5C6-40B7-A243-5C38AB459752_4_5005_c.jpeg"
    ],
    "ultima_modificacion": "2025-08-01 01:01:09.633174"
  },
  "13904eb976c64cbeb5b38c9db19dc3e245005c.jpeg": {
    "app_sintetizada": "13904EB976C64CBEB5B38C9DB19DC3E245005C.JPEG",
    "cantidad_archivos": 1,
    "archivos_fuente": [
      "Pictures/Fototeca de Fotos.photoslibrary/resources/derivatives/masters/1/13904EB9-76C6-4CBE-B5B3-8C9DB19DC3E2_4_5005_c.jpeg"
    ],
    "ultima_modificacion": "2025-08-01 01:01:09.633376"
  }
}