{
  "fa3ed3a329d74663bc5f8aa1dd15b90a45005c.jpeg": {
    "app_sintetizada": "FA3ED3A329D74663BC5F8AA1DD15B90A45005C.JPEG",
    "cantidad_archivos": 1,
    "archivos_fuente": [
      "Pictures/Fototeca de Fotos.photoslibrary/resources/derivatives/masters/F/FA3ED3A3-29D7-4663-BC5F-8AA1DD15B90A_4_5005_c.jpeg"
    ],
    "ultima_modificacion": "2025-08-01 01:01:12.068379"
  },
  "f51d89c4861f4a7e9b0e296bdd08299045005c.jpeg": {
    "app_sintetizada": "F51D89C4861F4A7E9B0E296BDD08299045005C.JPEG",
    "cantidad_archivos": 1,
    "archivos_fuente": [
      "Pictures/Fototeca de Fotos.photoslibrary/resources/derivatives/masters/F/F51D89C4-861F-4A7E-9B0E-296BDD082990_4_5005_c.jpeg"
    ],
    "ultima_modificacion": "2025-08-01 01:01:12.068644"
  },
  "fb6411115b8c497ebe31ee43e14346c645005c.jpeg": {
    "app_sintetizada": "FB6411115B8C497EBE31EE43E14346C645005C.JPEG",
    "cantidad_archivos": 1,
    "archivos_fuente": [
      "Pictures/Fototeca de Fotos.photoslibrary/resources/derivatives/masters/F/FB641111-5B8C-497E-BE31-EE43E14346C6_4_5005_c.jpeg"
    ],
    "ultima_modificacion": "2025-08-01 01:01:12.068921"
  },
  "fe7c06ddd1784443ab18a4830011764d45005c.jpeg": {
    "app_sintetizada": "FE7C06DDD1784443AB18A4830011764D45005C.JPEG",
    "cantidad_archivos": 1,
    "archivos_fuente": [
      "Pictures/Fototeca de Fotos.photoslibrary/resources/derivatives/masters/F/FE7C06DD-D178-4443-AB18-A4830011764D_4_5005_c.jpeg"
    ],
    "ultima_modificacion": "2025-08-01 01:01:12.069195"
  },
  "f982e80fa9af41e1909cc02b4b8fa72f45005c.jpeg": {
    "app_sintetizada": "F982E80FA9AF41E1909CC02B4B8FA72F45005C.JPEG",
    "cantidad_archivos": 1,
    "archivos_fuente": [
      "Pictures/Fototeca de Fotos.photoslibrary/resources/derivatives/masters/F/F982E80F-A9AF-41E1-909C-C02B4B8FA72F_4_5005_c.jpeg"
    ],
    "ultima_modificacion": "2025-08-01 01:01:12.069471"
  },
  "f94d23c5797c4f458c7bee8419d8e7aa45005c.jpeg": {
    "app_sintetizada": "F94D23C5797C4F458C7BEE8419D8E7AA45005C.JPEG",
    "cantidad_archivos": 1,
    "archivos_fuente": [
      "Pictures/Fototeca de Fotos.photoslibrary/resources/derivatives/masters/F/F94D23C5-797C-4F45-8C7B-EE8419D8E7AA_4_5005_c.jpeg"
    ],
    "ultima_modificacion": "2025-08-01 01:01:12.069720"
  },
  "fedce514a8184f14acf2820461d7641d45005c.jpeg": {
    "app_sintetizada": "FEDCE514A8184F14ACF2820461D7641D45005C.JPEG",
    "cantidad_archivos": 1,
    "archivos_fuente": [
      "Pictures/Fototeca de Fotos.photoslibrary/resources/derivatives/masters/F/FEDCE514-A818-4F14-ACF2-820461D7641D_4_5005_c.jpeg"
    ],
    "ultima_modificacion": "2025-08-01 01:01:12.069991"
  },
  "fe5589b0d6ca41c7a91b5306dddc62dd45005c.jpeg": {
    "app_sintetizada": "FE5589B0D6CA41C7A91B5306DDDC62DD45005C.JPEG",
    "cantidad_archivos": 1,
    "archivos_fuente": [
      "Pictures/Fototeca de Fotos.photoslibrary/resources/derivatives/masters/F/FE5589B0-D6CA-41C7-A91B-5306DDDC62DD_4_5005_c.jpeg"
    ],
    "ultima_modificacion": "2025-08-01 01:01:12.070331"
  },
  "f3ba7fcf57534415a8913b70a6392d0b45005c.jpeg": {
    "app_sintetizada": "F3BA7FCF57534415A8913B70A6392D0B45005C.JPEG",
    "cantidad_archivos": 1,
    "archivos_fuente": [
      "Pictures/Fototeca de Fotos.photoslibrary/resources/derivatives/masters/F/F3BA7FCF-5753-4415-A891-3B70A6392D0B_4_5005_c.jpeg"
    ],
    "ultima_modificacion": "2025-08-01 01:01:12.070715"
  },
  "f32f0fa31f044406ab2c2cfed5b051ce45005c.jpeg": {
    "app_sintetizada": "F32F0FA31F044406AB2C2CFED5B051CE45005C.JPEG",
    "cantidad_archivos": 1,
    "archivos_fuente": [
      "Pictures/Fototeca de Fotos.photoslibrary/resources/derivatives/masters/F/F32F0FA3-1F04-4406-AB2C-2CFED5B051CE_4_5005_c.jpeg"
    ],
    "ultima_modificacion": "2025-08-01 01:01:12.070986"
  },
  "f8b008cf41d8426682fecc0b92740e7345005c.jpeg": {
    "app_sintetizada": "F8B008CF41D8426682FECC0B92740E7345005C.JPEG",
    "cantidad_archivos": 1,
    "archivos_fuente": [
      "Pictures/Fototeca de Fotos.photoslibrary/resources/derivatives/masters/F/F8B008CF-41D8-4266-82FE-CC0B92740E73_4_5005_c.jpeg"
    ],
    "ultima_modificacion": "2025-08-01 01:01:12.071384"
  },
  "f953ddfe39d746b7907a9d73d29b996545005c.jpeg": {
    "app_sintetizada": "F953DDFE39D746B7907A9D73D29B996545005C.JPEG",
    "cantidad_archivos": 1,
    "archivos_fuente": [
      "Pictures/Fototeca de Fotos.photoslibrary/resources/derivatives/masters/F/F953DDFE-39D7-46B7-907A-9D73D29B9965_4_5005_c.jpeg"
    ],
    "ultima_modificacion": "2025-08-01 01:01:12.071706"
  },
  "f3cd2c2cbafb4c6e902c462753f2f17a45005c.jpeg": {
    "app_sintetizada": "F3CD2C2CBAFB4C6E902C462753F2F17A45005C.JPEG",
    "cantidad_archivos": 1,
    "archivos_fuente": [
      "Pictures/Fototeca de Fotos.photoslibrary/resources/derivatives/masters/F/F3CD2C2C-BAFB-4C6E-902C-462753F2F17A_4_5005_c.jpeg"
    ],
    "ultima_modificacion": "2025-08-01 01:01:12.071966"
  },
  "fd9c0b6fca6f4fb0ace01cd0eaa2166c45005c.jpeg": {
    "app_sintetizada": "FD9C0B6FCA6F4FB0ACE01CD0EAA2166C45005C.JPEG",
    "cantidad_archivos": 1,
    "archivos_fuente": [
      "Pictures/Fototeca de Fotos.photoslibrary/resources/derivatives/masters/F/FD9C0B6F-CA6F-4FB0-ACE0-1CD0EAA2166C_4_5005_c.jpeg"
    ],
    "ultima_modificacion": "2025-08-01 01:01:12.072376"
  },
  "f6a142527c4e4c21819c6ef226ecd2a145005c.jpeg": {
    "app_sintetizada": "F6A142527C4E4C21819C6EF226ECD2A145005C.JPEG",
    "cantidad_archivos": 1,
    "archivos_fuente": [
      "Pictures/Fototeca de Fotos.photoslibrary/resources/derivatives/masters/F/F6A14252-7C4E-4C21-819C-6EF226ECD2A1_4_5005_c.jpeg"
    ],
    "ultima_modificacion": "2025-08-01 01:01:12.072806"
  },
  "f9509fb3c1ec4afb88a0c183d64d7a7f45005c.jpeg": {
    "app_sintetizada": "F9509FB3C1EC4AFB88A0C183D64D7A7F45005C.JPEG",
    "cantidad_archivos": 1,
    "archivos_fuente": [
      "Pictures/Fototeca de Fotos.photoslibrary/resources/derivatives/masters/F/F9509FB3-C1EC-4AFB-88A0-C183D64D7A7F_4_5005_c.jpeg"
    ],
    "ultima_modificacion": "2025-08-01 01:01:12.073131"
  },
  "f3d72f3b4cda4a7ca32d43d8ca584e1145005c.jpeg": {
    "app_sintetizada": "F3D72F3B4CDA4A7CA32D43D8CA584E1145005C.JPEG",
    "cantidad_archivos": 1,
    "archivos_fuente": [
      "Pictures/Fototeca de Fotos.photoslibrary/resources/derivatives/masters/F/F3D72F3B-4CDA-4A7C-A32D-43D8CA584E11_4_5005_c.jpeg"
    ],
    "ultima_modificacion": "2025-08-01 01:01:12.073401"
  },
  "f59c5ab400a14012b8837686f20f21d845005c.jpeg": {
    "app_sintetizada": "F59C5AB400A14012B8837686F20F21D845005C.JPEG",
    "cantidad_archivos": 1,
    "archivos_fuente": [
      "Pictures/Fototeca de Fotos.photoslibrary/resources/derivatives/masters/F/F59C5AB4-00A1-4012-B883-7686F20F21D8_4_5005_c.jpeg"
    ],
    "ultima_modificacion": "2025-08-01 01:01:12.073723"
  },
  "f12a842b1eb9464fa758aeac251bca7045005c.jpeg": {
    "app_sintetizada": "F12A842B1EB9464FA758AEAC251BCA7045005C.JPEG",
    "cantidad_archivos": 1,
    "archivos_fuente": [
      "Pictures/Fototeca de Fotos.photoslibrary/resources/derivatives/masters/F/F12A842B-1EB9-464F-A758-AEAC251BCA70_4_5005_c.jpeg"
    ],
    "ultima_modificacion": "2025-08-01 01:01:12.074020"
  },
  "f71ab27e073e46668844f7ec86b3913245005c.jpeg": {
    "app_sintetizada": "F71AB27E073E46668844F7EC86B3913245005C.JPEG",
    "cantidad_archivos": 1,
    "archivos_fuente": [
      "Pictures/Fototeca de Fotos.photoslibrary/resources/derivatives/masters/F/F71AB27E-073E-4666-8844-F7EC86B39132_4_5005_c.jpeg"
    ],
    "ultima_modificacion": "2025-08-01 01:01:12.074306"
  },
  "f903bbb54f7e4712aaf92f3e677f130b45005c.jpeg": {
    "app_sintetizada": "F903BBB54F7E4712AAF92F3E677F130B45005C.JPEG",
    "cantidad_archivos": 1,
    "archivos_fuente": [
      "Pictures/Fototeca de Fotos.photoslibrary/resources/derivatives/masters/F/F903BBB5-4F7E-4712-AAF9-2F3E677F130B_4_5005_c.jpeg"
    ],
    "ultima_modificacion": "2025-08-01 01:01:12.074574"
  },
  "f7355a41c9ff485ca41bb75888dda75845005c.jpeg": {
    "app_sintetizada": "F7355A41C9FF485CA41BB75888DDA75845005C.JPEG",
    "cantidad_archivos": 1,
    "archivos_fuente": [
      "Pictures/Fototeca de Fotos.photoslibrary/resources/derivatives/masters/F/F7355A41-C9FF-485C-A41B-B75888DDA758_4_5005_c.jpeg"
    ],
    "ultima_modificacion": "2025-08-01 01:01:12.074815"
  },
  "fca7e9f322e64c538f99df7fdb00b50c45005c.jpeg": {
    "app_sintetizada": "FCA7E9F322E64C538F99DF7FDB00B50C45005C.JPEG",
    "cantidad_archivos": 1,
    "archivos_fuente": [
      "Pictures/Fototeca de Fotos.photoslibrary/resources/derivatives/masters/F/FCA7E9F3-22E6-4C53-8F99-DF7FDB00B50C_4_5005_c.jpeg"
    ],
    "ultima_modificacion": "2025-08-01 01:01:12.075128"
  },
  "fb944f334f044196a8dc0168909a8f1545005c.jpeg": {
    "app_sintetizada": "FB944F334F044196A8DC0168909A8F1545005C.JPEG",
    "cantidad_archivos": 1,
    "archivos_fuente": [
      "Pictures/Fototeca de Fotos.photoslibrary/resources/derivatives/masters/F/FB944F33-4F04-4196-A8DC-0168909A8F15_4_5005_c.jpeg"
    ],
    "ultima_modificacion": "2025-08-01 01:01:12.075396"
  },
  "fc14a76b856a4706a10d1c60c1b9338c45005c.jpeg": {
    "app_sintetizada": "FC14A76B856A4706A10D1C60C1B9338C45005C.JPEG",
    "cantidad_archivos": 1,
    "archivos_fuente": [
      "Pictures/Fototeca de Fotos.photoslibrary/resources/derivatives/masters/F/FC14A76B-856A-4706-A10D-1C60C1B9338C_4_5005_c.jpeg"
    ],
    "ultima_modificacion": "2025-08-01 01:01:12.075680"
  },
  "f899161a67124cf789ace9faf277d7bf45005c.jpeg": {
    "app_sintetizada": "F899161A67124CF789ACE9FAF277D7BF45005C.JPEG",
    "cantidad_archivos": 1,
    "archivos_fuente": [
      "Pictures/Fototeca de Fotos.photoslibrary/resources/derivatives/masters/F/F899161A-6712-4CF7-89AC-E9FAF277D7BF_4_5005_c.jpeg"
    ],
    "ultima_modificacion": "2025-08-01 01:01:12.075939"
  },
  "f0a492adec3e4756921143f3437c2dbe45005c.jpeg": {
    "app_sintetizada": "F0A492ADEC3E4756921143F3437C2DBE45005C.JPEG",
    "cantidad_archivos": 1,
    "archivos_fuente": [
      "Pictures/Fototeca de Fotos.photoslibrary/resources/derivatives/masters/F/F0A492AD-EC3E-4756-9211-43F3437C2DBE_4_5005_c.jpeg"
    ],
    "ultima_modificacion": "2025-08-01 01:01:12.076242"
  },
  "f1fe734ebb094f838107bf6db0c2755445005c.jpeg": {
    "app_sintetizada": "F1FE734EBB094F838107BF6DB0C2755445005C.JPEG",
    "cantidad_archivos": 1,
    "archivos_fuente": [
      "Pictures/Fototeca de Fotos.photoslibrary/resources/derivatives/masters/F/F1FE734E-BB09-4F83-8107-BF6DB0C27554_4_5005_c.jpeg"
    ],
    "ultima_modificacion": "2025-08-01 01:01:12.076588"
  },
  "f919cf3931f549f88f182eb85ba6eb8045005c.jpeg": {
    "app_sintetizada": "F919CF3931F549F88F182EB85BA6EB8045005C.JPEG",
    "cantidad_archivos": 1,
    "archivos_fuente": [
      "Pictures/Fototeca de Fotos.photoslibrary/resources/derivatives/masters/F/F919CF39-31F5-49F8-8F18-2EB85BA6EB80_4_5005_c.jpeg"
    ],
    "ultima_modificacion": "2025-08-01 01:01:12.076834"
  },
  "f82165c698654e5aa7f9e1d2e6d8db3545005c.jpeg": {
    "app_sintetizada": "F82165C698654E5AA7F9E1D2E6D8DB3545005C.JPEG",
    "cantidad_archivos": 1,
    "archivos_fuente": [
      "Pictures/Fototeca de Fotos.photoslibrary/resources/derivatives/masters/F/F82165C6-9865-4E5A-A7F9-E1D2E6D8DB35_4_5005_c.jpeg"
    ],
    "ultima_modificacion": "2025-08-01 01:01:12.077151"
  },
  "fd51f415d9c0449d835e00565cb342ab45005c.jpeg": {
    "app_sintetizada": "FD51F415D9C0449D835E00565CB342AB45005C.JPEG",
    "cantidad_archivos": 1,
    "archivos_fuente": [
      "Pictures/Fototeca de Fotos.photoslibrary/resources/derivatives/masters/F/FD51F415-D9C0-449D-835E-00565CB342AB_4_5005_c.jpeg"
    ],
    "ultima_modificacion": "2025-08-01 01:01:12.077466"
  },
  "f52f4eb4494e45978e6b013075b7581c45005c.jpeg": {
    "app_sintetizada": "F52F4EB4494E45978E6B013075B7581C45005C.JPEG",
    "cantidad_archivos": 1,
    "archivos_fuente": [
      "Pictures/Fototeca de Fotos.photoslibrary/resources/derivatives/masters/F/F52F4EB4-494E-4597-8E6B-013075B7581C_4_5005_c.jpeg"
    ],
    "ultima_modificacion": "2025-08-01 01:01:12.077772"
  },
  "f47ad90a61d344cc8e06896e40ffc14a45005c.jpeg": {
    "app_sintetizada": "F47AD90A61D344CC8E06896E40FFC14A45005C.JPEG",
    "cantidad_archivos": 1,
    "archivos_fuente": [
      "Pictures/Fototeca de Fotos.photoslibrary/resources/derivatives/masters/F/F47AD90A-61D3-44CC-8E06-896E40FFC14A_4_5005_c.jpeg"
    ],
    "ultima_modificacion": "2025-08-01 01:01:12.078086"
  },
  "f2ca607c87544b05b83dd213254d72cc45005c.jpeg": {
    "app_sintetizada": "F2CA607C87544B05B83DD213254D72CC45005C.JPEG",
    "cantidad_archivos": 1,
    "archivos_fuente": [
      "Pictures/Fototeca de Fotos.photoslibrary/resources/derivatives/masters/F/F2CA607C-8754-4B05-B83D-D213254D72CC_4_5005_c.jpeg"
    ],
    "ultima_modificacion": "2025-08-01 01:01:12.078385"
  },
  "f317c2fe5bea4ec788eac89fc6b0e8eb45005c.jpeg": {
    "app_sintetizada": "F317C2FE5BEA4EC788EAC89FC6B0E8EB45005C.JPEG",
    "cantidad_archivos": 1,
    "archivos_fuente": [
      "Pictures/Fototeca de Fotos.photoslibrary/resources/derivatives/masters/F/F317C2FE-5BEA-4EC7-88EA-C89FC6B0E8EB_4_5005_c.jpeg"
    ],
    "ultima_modificacion": "2025-08-01 01:01:12.078686"
  },
  "f8599d042d2a4601bc100c7184e9378845005c.jpeg": {
    "app_sintetizada": "F8599D042D2A4601BC100C7184E9378845005C.JPEG",
    "cantidad_archivos": 1,
    "archivos_fuente": [
      "Pictures/Fototeca de Fotos.photoslibrary/resources/derivatives/masters/F/F8599D04-2D2A-4601-BC10-0C7184E93788_4_5005_c.jpeg"
    ],
    "ultima_modificacion": "2025-08-01 01:01:12.078973"
  },
  "f33cec3a11de4657a1451a7313a98a6745005c.jpeg": {
    "app_sintetizada": "F33CEC3A11DE4657A1451A7313A98A6745005C.JPEG",
    "cantidad_archivos": 1,
    "archivos_fuente": [
      "Pictures/Fototeca de Fotos.photoslibrary/resources/derivatives/masters/F/F33CEC3A-11DE-4657-A145-1A7313A98A67_4_5005_c.jpeg"
    ],
    "ultima_modificacion": "2025-08-01 01:01:12.079224"
  },
  "fbd2bb9cf6b249fc8f566c418f51c2ee45005c.jpeg": {
    "app_sintetizada": "FBD2BB9CF6B249FC8F566C418F51C2EE45005C.JPEG",
    "cantidad_archivos": 1,
    "archivos_fuente": [
      "Pictures/Fototeca de Fotos.photoslibrary/resources/derivatives/masters/F/FBD2BB9C-F6B2-49FC-8F56-6C418F51C2EE_4_5005_c.jpeg"
    ],
    "ultima_modificacion": "2025-08-01 01:01:12.079451"
  },
  "f4b239d8266d446c8817ef3a64cc6f7045005c.jpeg": {
    "app_sintetizada": "F4B239D8266D446C8817EF3A64CC6F7045005C.JPEG",
    "cantidad_archivos": 1,
    "archivos_fuente": [
      "Pictures/Fototeca de Fotos.photoslibrary/resources/derivatives/masters/F/F4B239D8-266D-446C-8817-EF3A64CC6F70_4_5005_c.jpeg"
    ],
    "ultima_modificacion": "2025-08-01 01:01:12.079663"
  },
  "f1ff530ff25a49bc92017573916c8c7f45005c.jpeg": {
    "app_sintetizada": "F1FF530FF25A49BC92017573916C8C7F45005C.JPEG",
    "cantidad_archivos": 1,
    "archivos_fuente": [
      "Pictures/Fototeca de Fotos.photoslibrary/resources/derivatives/masters/F/F1FF530F-F25A-49BC-9201-7573916C8C7F_4_5005_c.jpeg"
    ],
    "ultima_modificacion": "2025-08-01 01:01:12.079901"
  },
  "fd5b2f96d69144d0b199f246baf4c8d945005c.jpeg": {
    "app_sintetizada": "FD5B2F96D69144D0B199F246BAF4C8D945005C.JPEG",
    "cantidad_archivos": 1,
    "archivos_fuente": [
      "Pictures/Fototeca de Fotos.photoslibrary/resources/derivatives/masters/F/FD5B2F96-D691-44D0-B199-F246BAF4C8D9_4_5005_c.jpeg"
    ],
    "ultima_modificacion": "2025-08-01 01:01:12.080144"
  },
  "facdbed7793d44419d1394384ce9dc8745005c.jpeg": {
    "app_sintetizada": "FACDBED7793D44419D1394384CE9DC8745005C.JPEG",
    "cantidad_archivos": 1,
    "archivos_fuente": [
      "Pictures/Fototeca de Fotos.photoslibrary/resources/derivatives/masters/F/FACDBED7-793D-4441-9D13-94384CE9DC87_4_5005_c.jpeg"
    ],
    "ultima_modificacion": "2025-08-01 01:01:12.080386"
  },
  "f3f629c686f04e9faa386f55475c6a3f45005c.jpeg": {
    "app_sintetizada": "F3F629C686F04E9FAA386F55475C6A3F45005C.JPEG",
    "cantidad_archivos": 1,
    "archivos_fuente": [
      "Pictures/Fototeca de Fotos.photoslibrary/resources/derivatives/masters/F/F3F629C6-86F0-4E9F-AA38-6F55475C6A3F_4_5005_c.jpeg"
    ],
    "ultima_modificacion": "2025-08-01 01:01:12.080714"
  },
  "fe1f64a945d04b5fae3b562b3631787645005c.jpeg": {
    "app_sintetizada": "FE1F64A945D04B5FAE3B562B3631787645005C.JPEG",
    "cantidad_archivos": 1,
    "archivos_fuente": [
      "Pictures/Fototeca de Fotos.photoslibrary/resources/derivatives/masters/F/FE1F64A9-45D0-4B5F-AE3B-562B36317876_4_5005_c.jpeg"
    ],
    "ultima_modificacion": "2025-08-01 01:01:12.081011"
  },
  "f07daec339c14f78aee3ff8488cabf0145005c.jpeg": {
    "app_sintetizada": "F07DAEC339C14F78AEE3FF8488CABF0145005C.JPEG",
    "cantidad_archivos": 1,
    "archivos_fuente": [
      "Pictures/Fototeca de Fotos.photoslibrary/resources/derivatives/masters/F/F07DAEC3-39C1-4F78-AEE3-FF8488CABF01_4_5005_c.jpeg"
    ],
    "ultima_modificacion": "2025-08-01 01:01:12.081350"
  },
  "f0d6eb9751b84f67810718a06f0c2d2d45005c.jpeg": {
    "app_sintetizada": "F0D6EB9751B84F67810718A06F0C2D2D45005C.JPEG",
    "cantidad_archivos": 1,
    "archivos_fuente": [
      "Pictures/Fototeca de Fotos.photoslibrary/resources/derivatives/masters/F/F0D6EB97-51B8-4F67-8107-18A06F0C2D2D_4_5005_c.jpeg"
    ],
    "ultima_modificacion": "2025-08-01 01:01:12.081636"
  },
  "f8270a42256549aeb148b8628ef7e4ce45005c.jpeg": {
    "app_sintetizada": "F8270A42256549AEB148B8628EF7E4CE45005C.JPEG",
    "cantidad_archivos": 1,
    "archivos_fuente": [
      "Pictures/Fototeca de Fotos.photoslibrary/resources/derivatives/masters/F/F8270A42-2565-49AE-B148-B8628EF7E4CE_4_5005_c.jpeg"
    ],
    "ultima_modificacion": "2025-08-01 01:01:12.081894"
  },
  "fcc4d8667ed8449d88a9c491874a833245005c.jpeg": {
    "app_sintetizada": "FCC4D8667ED8449D88A9C491874A833245005C.JPEG",
    "cantidad_archivos": 1,
    "archivos_fuente": [
      "Pictures/Fototeca de Fotos.photoslibrary/resources/derivatives/masters/F/FCC4D866-7ED8-449D-88A9-C491874A8332_4_5005_c.jpeg"
    ],
    "ultima_modificacion": "2025-08-01 01:01:12.082185"
  },
  "fd3ea6ced600465c92da370ea2a746c545005c.jpeg": {
    "app_sintetizada": "FD3EA6CED600465C92DA370EA2A746C545005C.JPEG",
    "cantidad_archivos": 1,
    "archivos_fuente": [
      "Pictures/Fototeca de Fotos.photoslibrary/resources/derivatives/masters/F/FD3EA6CE-D600-465C-92DA-370EA2A746C5_4_5005_c.jpeg"
    ],
    "ultima_modificacion": "2025-08-01 01:01:12.082409"
  },
  "f6dbfd1a36dd48759bf061f3b4bd7f1a45005c.jpeg": {
    "app_sintetizada": "F6DBFD1A36DD48759BF061F3B4BD7F1A45005C.JPEG",
    "cantidad_archivos": 1,
    "archivos_fuente": [
      "Pictures/Fototeca de Fotos.photoslibrary/resources/derivatives/masters/F/F6DBFD1A-36DD-4875-9BF0-61F3B4BD7F1A_4_5005_c.jpeg"
    ],
    "ultima_modificacion": "2025-08-01 01:01:12.082626"
  },
  "fb5ed73254224fb7bcd2563dbdcd82a945005c.jpeg": {
    "app_sintetizada": "FB5ED73254224FB7BCD2563DBDCD82A945005C.JPEG",
    "cantidad_archivos": 1,
    "archivos_fuente": [
      "Pictures/Fototeca de Fotos.photoslibrary/resources/derivatives/masters/F/FB5ED732-5422-4FB7-BCD2-563DBDCD82A9_4_5005_c.jpeg"
    ],
    "ultima_modificacion": "2025-08-01 01:01:12.082948"
  },
  "f2ea54535ee8419db7b33364acd5588345005c.jpeg": {
    "app_sintetizada": "F2EA54535EE8419DB7B33364ACD5588345005C.JPEG",
    "cantidad_archivos": 1,
    "archivos_fuente": [
      "Pictures/Fototeca de Fotos.photoslibrary/resources/derivatives/masters/F/F2EA5453-5EE8-419D-B7B3-3364ACD55883_4_5005_c.jpeg"
    ],
    "ultima_modificacion": "2025-08-01 01:01:12.083190"
  },
  "f2a448e2d11f4fc1a8f5b252cbefde5845005c.jpeg": {
    "app_sintetizada": "F2A448E2D11F4FC1A8F5B252CBEFDE5845005C.JPEG",
    "cantidad_archivos": 1,
    "archivos_fuente": [
      "Pictures/Fototeca de Fotos.photoslibrary/resources/derivatives/masters/F/F2A448E2-D11F-4FC1-A8F5-B252CBEFDE58_4_5005_c.jpeg"
    ],
    "ultima_modificacion": "2025-08-01 01:01:12.083450"
  },
  "f858b421107849199b5e06aebf460a4c45005c.jpeg": {
    "app_sintetizada": "F858B421107849199B5E06AEBF460A4C45005C.JPEG",
    "cantidad_archivos": 1,
    "archivos_fuente": [
      "Pictures/Fototeca de Fotos.photoslibrary/resources/derivatives/masters/F/F858B421-1078-4919-9B5E-06AEBF460A4C_4_5005_c.jpeg"
    ],
    "ultima_modificacion": "2025-08-01 01:01:12.083779"
  },
  "f9b6c46fe2f649f29cb12d4ab318e2fe45005c.jpeg": {
    "app_sintetizada": "F9B6C46FE2F649F29CB12D4AB318E2FE45005C.JPEG",
    "cantidad_archivos": 1,
    "archivos_fuente": [
      "Pictures/Fototeca de Fotos.photoslibrary/resources/derivatives/masters/F/F9B6C46F-E2F6-49F2-9CB1-2D4AB318E2FE_4_5005_c.jpeg"
    ],
    "ultima_modificacion": "2025-08-01 01:01:12.083995"
  },
  "f6e43565b86145e58dd34f9d778d811145005c.jpeg": {
    "app_sintetizada": "F6E43565B86145E58DD34F9D778D811145005C.JPEG",
    "cantidad_archivos": 1,
    "archivos_fuente": [
      "Pictures/Fototeca de Fotos.photoslibrary/resources/derivatives/masters/F/F6E43565-B861-45E5-8DD3-4F9D778D8111_4_5005_c.jpeg"
    ],
    "ultima_modificacion": "2025-08-01 01:01:12.084189"
  },
  "f50a862df6a8429fb3d6a1167cd5d3f045005c.jpeg": {
    "app_sintetizada": "F50A862DF6A8429FB3D6A1167CD5D3F045005C.JPEG",
    "cantidad_archivos": 1,
    "archivos_fuente": [
      "Pictures/Fototeca de Fotos.photoslibrary/resources/derivatives/masters/F/F50A862D-F6A8-429F-B3D6-A1167CD5D3F0_4_5005_c.jpeg"
    ],
    "ultima_modificacion": "2025-08-01 01:01:12.084391"
  },
  "f5806f0f5fa74b539701045a684ea7e845005c.jpeg": {
    "app_sintetizada": "F5806F0F5FA74B539701045A684EA7E845005C.JPEG",
    "cantidad_archivos": 1,
    "archivos_fuente": [
      "Pictures/Fototeca de Fotos.photoslibrary/resources/derivatives/masters/F/F5806F0F-5FA7-4B53-9701-045A684EA7E8_4_5005_c.jpeg"
    ],
    "ultima_modificacion": "2025-08-01 01:01:12.084596"
  },
  "f7cd3bc537b84107990a575137bc9eee45005c.jpeg": {
    "app_sintetizada": "F7CD3BC537B84107990A575137BC9EEE45005C.JPEG",
    "cantidad_archivos": 1,
    "archivos_fuente": [
      "Pictures/Fototeca de Fotos.photoslibrary/resources/derivatives/masters/F/F7CD3BC5-37B8-4107-990A-575137BC9EEE_4_5005_c.jpeg"
    ],
    "ultima_modificacion": "2025-08-01 01:01:12.084784"
  },
  "fcc593273e96491b95c409c07cfcd22e45005c.jpeg": {
    "app_sintetizada": "FCC593273E96491B95C409C07CFCD22E45005C.JPEG",
    "cantidad_archivos": 1,
    "archivos_fuente": [
      "Pictures/Fototeca de Fotos.photoslibrary/resources/derivatives/masters/F/FCC59327-3E96-491B-95C4-09C07CFCD22E_4_5005_c.jpeg"
    ],
    "ultima_modificacion": "2025-08-01 01:01:12.084970"
  },
  "f0aaf45d1cb242d387c2e7dd8b932b2b45005c.jpeg": {
    "app_sintetizada": "F0AAF45D1CB242D387C2E7DD8B932B2B45005C.JPEG",
    "cantidad_archivos": 1,
    "archivos_fuente": [
      "Pictures/Fototeca de Fotos.photoslibrary/resources/derivatives/masters/F/F0AAF45D-1CB2-42D3-87C2-E7DD8B932B2B_4_5005_c.jpeg"
    ],
    "ultima_modificacion": "2025-08-01 01:01:12.085175"
  },
  "f11b739a95e84d01b512fe8391a1e20845005c.jpeg": {
    "app_sintetizada": "F11B739A95E84D01B512FE8391A1E20845005C.JPEG",
    "cantidad_archivos": 1,
    "archivos_fuente": [
      "Pictures/Fototeca de Fotos.photoslibrary/resources/derivatives/masters/F/F11B739A-95E8-4D01-B512-FE8391A1E208_4_5005_c.jpeg"
    ],
    "ultima_modificacion": "2025-08-01 01:01:12.085387"
  },
  "f8ae548836754dd58f3fe70ac798c94845005c.jpeg": {
    "app_sintetizada": "F8AE548836754DD58F3FE70AC798C94845005C.JPEG",
    "cantidad_archivos": 1,
    "archivos_fuente": [
      "Pictures/Fototeca de Fotos.photoslibrary/resources/derivatives/masters/F/F8AE5488-3675-4DD5-8F3F-E70AC798C948_4_5005_c.jpeg"
    ],
    "ultima_modificacion": "2025-08-01 01:01:12.085722"
  },
  "f273f0085dd941ac8d89969557b3919c45005c.jpeg": {
    "app_sintetizada": "F273F0085DD941AC8D89969557B3919C45005C.JPEG",
    "cantidad_archivos": 1,
    "archivos_fuente": [
      "Pictures/Fototeca de Fotos.photoslibrary/resources/derivatives/masters/F/F273F008-5DD9-41AC-8D89-969557B3919C_4_5005_c.jpeg"
    ],
    "ultima_modificacion": "2025-08-01 01:01:12.091157"
  },
  "f53a0496e2d045f99cdf2948c0f1926145005c.jpeg": {
    "app_sintetizada": "F53A0496E2D045F99CDF2948C0F1926145005C.JPEG",
    "cantidad_archivos": 1,
    "archivos_fuente": [
      "Pictures/Fototeca de Fotos.photoslibrary/resources/derivatives/masters/F/F53A0496-E2D0-45F9-9CDF-2948C0F19261_4_5005_c.jpeg"
    ],
    "ultima_modificacion": "2025-08-01 01:01:12.091623"
  },
  "f1e2190645294dadb782690834a3b57545005c.jpeg": {
    "app_sintetizada": "F1E2190645294DADB782690834A3B57545005C.JPEG",
    "cantidad_archivos": 1,
    "archivos_fuente": [
      "Pictures/Fototeca de Fotos.photoslibrary/resources/derivatives/masters/F/F1E21906-4529-4DAD-B782-690834A3B575_4_5005_c.jpeg"
    ],
    "ultima_modificacion": "2025-08-01 01:01:12.091982"
  },
  "ff421bc904924d0e9a2a144cf4930d9b45005c.jpeg": {
    "app_sintetizada": "FF421BC904924D0E9A2A144CF4930D9B45005C.JPEG",
    "cantidad_archivos": 1,
    "archivos_fuente": [
      "Pictures/Fototeca de Fotos.photoslibrary/resources/derivatives/masters/F/FF421BC9-0492-4D0E-9A2A-144CF4930D9B_4_5005_c.jpeg"
    ],
    "ultima_modificacion": "2025-08-01 01:01:12.092304"
  },
  "ffc7f028561b4176b2c7ea51cc3d645045005c.jpeg": {
    "app_sintetizada": "FFC7F028561B4176B2C7EA51CC3D645045005C.JPEG",
    "cantidad_archivos": 1,
    "archivos_fuente": [
      "Pictures/Fototeca de Fotos.photoslibrary/resources/derivatives/masters/F/FFC7F028-561B-4176-B2C7-EA51CC3D6450_4_5005_c.jpeg"
    ],
    "ultima_modificacion": "2025-08-01 01:01:12.092655"
  },
  "f680f1a711f94de6a3c7de4e01d2da8445005c.jpeg": {
    "app_sintetizada": "F680F1A711F94DE6A3C7DE4E01D2DA8445005C.JPEG",
    "cantidad_archivos": 1,
    "archivos_fuente": [
      "Pictures/Fototeca de Fotos.photoslibrary/resources/derivatives/masters/F/F680F1A7-11F9-4DE6-A3C7-DE4E01D2DA84_4_5005_c.jpeg"
    ],
    "ultima_modificacion": "2025-08-01 01:01:12.092960"
  },
  "f9ca77936fad4b548ff162b9c99607cc45005c.jpeg": {
    "app_sintetizada": "F9CA77936FAD4B548FF162B9C99607CC45005C.JPEG",
    "cantidad_archivos": 1,
    "archivos_fuente": [
      "Pictures/Fototeca de Fotos.photoslibrary/resources/derivatives/masters/F/F9CA7793-6FAD-4B54-8FF1-62B9C99607CC_4_5005_c.jpeg"
    ],
    "ultima_modificacion": "2025-08-01 01:01:12.093242"
  },
  "fb0f752be6f84f14accdaa1a26021b5145005c.jpeg": {
    "app_sintetizada": "FB0F752BE6F84F14ACCDAA1A26021B5145005C.JPEG",
    "cantidad_archivos": 1,
    "archivos_fuente": [
      "Pictures/Fototeca de Fotos.photoslibrary/resources/derivatives/masters/F/FB0F752B-E6F8-4F14-ACCD-AA1A26021B51_4_5005_c.jpeg"
    ],
    "ultima_modificacion": "2025-08-01 01:01:12.093558"
  },
  "f80b874930b6446a8fe5230ed46f3ef745005c.jpeg": {
    "app_sintetizada": "F80B874930B6446A8FE5230ED46F3EF745005C.JPEG",
    "cantidad_archivos": 1,
    "archivos_fuente": [
      "Pictures/Fototeca de Fotos.photoslibrary/resources/derivatives/masters/F/F80B8749-30B6-446A-8FE5-230ED46F3EF7_4_5005_c.jpeg"
    ],
    "ultima_modificacion": "2025-08-01 01:01:12.093878"
  },
  "f2f0cb9034ae40e98c2ba92bd940e88145005c.jpeg": {
    "app_sintetizada": "F2F0CB9034AE40E98C2BA92BD940E88145005C.JPEG",
    "cantidad_archivos": 1,
    "archivos_fuente": [
      "Pictures/Fototeca de Fotos.photoslibrary/resources/derivatives/masters/F/F2F0CB90-34AE-40E9-8C2B-A92BD940E881_4_5005_c.jpeg"
    ],
    "ultima_modificacion": "2025-08-01 01:01:12.094208"
  },
  "ffdbef667455465b90a7058d5c029ff245005c.jpeg": {
    "app_sintetizada": "FFDBEF667455465B90A7058D5C029FF245005C.JPEG",
    "cantidad_archivos": 1,
    "archivos_fuente": [
      "Pictures/Fototeca de Fotos.photoslibrary/resources/derivatives/masters/F/FFDBEF66-7455-465B-90A7-058D5C029FF2_4_5005_c.jpeg"
    ],
    "ultima_modificacion": "2025-08-01 01:01:12.094548"
  },
  "faff42b0a3084f06b836956b4acd3b4845005c.jpeg": {
    "app_sintetizada": "FAFF42B0A3084F06B836956B4ACD3B4845005C.JPEG",
    "cantidad_archivos": 1,
    "archivos_fuente": [
      "Pictures/Fototeca de Fotos.photoslibrary/resources/derivatives/masters/F/FAFF42B0-A308-4F06-B836-956B4ACD3B48_4_5005_c.jpeg"
    ],
    "ultima_modificacion": "2025-08-01 01:01:12.094864"
  },
  "fa4fc8e91ecf4261a35c5d82c40f2d7d45005c.jpeg": {
    "app_sintetizada": "FA4FC8E91ECF4261A35C5D82C40F2D7D45005C.JPEG",
    "cantidad_archivos": 1,
    "archivos_fuente": [
      "Pictures/Fototeca de Fotos.photoslibrary/resources/derivatives/masters/F/FA4FC8E9-1ECF-4261-A35C-5D82C40F2D7D_4_5005_c.jpeg"
    ],
    "ultima_modificacion": "2025-08-01 01:01:12.095195"
  },
  "f0492750209a48ca94cba733132a3f7c45005c.jpeg": {
    "app_sintetizada": "F0492750209A48CA94CBA733132A3F7C45005C.JPEG",
    "cantidad_archivos": 1,
    "archivos_fuente": [
      "Pictures/Fototeca de Fotos.photoslibrary/resources/derivatives/masters/F/F0492750-209A-48CA-94CB-A733132A3F7C_4_5005_c.jpeg"
    ],
    "ultima_modificacion": "2025-08-01 01:01:12.095490"
  },
  "fc9d11f1f3a3485d871bfa10715349ae45005c.jpeg": {
    "app_sintetizada": "FC9D11F1F3A3485D871BFA10715349AE45005C.JPEG",
    "cantidad_archivos": 1,
    "archivos_fuente": [
      "Pictures/Fototeca de Fotos.photoslibrary/resources/derivatives/masters/F/FC9D11F1-F3A3-485D-871B-FA10715349AE_4_5005_c.jpeg"
    ],
    "ultima_modificacion": "2025-08-01 01:01:12.095805"
  },
  "f6baad96c8af4234a0048b16ebcb80e545005c.jpeg": {
    "app_sintetizada": "F6BAAD96C8AF4234A0048B16EBCB80E545005C.JPEG",
    "cantidad_archivos": 1,
    "archivos_fuente": [
      "Pictures/Fototeca de Fotos.photoslibrary/resources/derivatives/masters/F/F6BAAD96-C8AF-4234-A004-8B16EBCB80E5_4_5005_c.jpeg"
    ],
    "ultima_modificacion": "2025-08-01 01:01:12.096129"
  },
  "f292a52292054c368143b4d4db989b3445005c.jpeg": {
    "app_sintetizada": "F292A52292054C368143B4D4DB989B3445005C.JPEG",
    "cantidad_archivos": 1,
    "archivos_fuente": [
      "Pictures/Fototeca de Fotos.photoslibrary/resources/derivatives/masters/F/F292A522-9205-4C36-8143-B4D4DB989B34_4_5005_c.jpeg"
    ],
    "ultima_modificacion": "2025-08-01 01:01:12.096423"
  },
  "f0dab399db0e425ebee9e0b53ecee7ef45005c.jpeg": {
    "app_sintetizada": "F0DAB399DB0E425EBEE9E0B53ECEE7EF45005C.JPEG",
    "cantidad_archivos": 1,
    "archivos_fuente": [
      "Pictures/Fototeca de Fotos.photoslibrary/resources/derivatives/masters/F/F0DAB399-DB0E-425E-BEE9-E0B53ECEE7EF_4_5005_c.jpeg"
    ],
    "ultima_modificacion": "2025-08-01 01:01:12.096730"
  },
  "fc4d894a2dfb442ea40d58fae04d043245005c.jpeg": {
    "app_sintetizada": "FC4D894A2DFB442EA40D58FAE04D043245005C.JPEG",
    "cantidad_archivos": 1,
    "archivos_fuente": [
      "Pictures/Fototeca de Fotos.photoslibrary/resources/derivatives/masters/F/FC4D894A-2DFB-442E-A40D-58FAE04D0432_4_5005_c.jpeg"
    ],
    "ultima_modificacion": "2025-08-01 01:01:12.097065"
  },
  "ff41239fe7544c229ff54e4365975c3345005c.jpeg": {
    "app_sintetizada": "FF41239FE7544C229FF54E4365975C3345005C.JPEG",
    "cantidad_archivos": 1,
    "archivos_fuente": [
      "Pictures/Fototeca de Fotos.photoslibrary/resources/derivatives/masters/F/FF41239F-E754-4C22-9FF5-4E4365975C33_4_5005_c.jpeg"
    ],
    "ultima_modificacion": "2025-08-01 01:01:12.097384"
  },
  "f191e85b97804bfba01fd59dbdd984ac45005c.jpeg": {
    "app_sintetizada": "F191E85B97804BFBA01FD59DBDD984AC45005C.JPEG",
    "cantidad_archivos": 1,
    "archivos_fuente": [
      "Pictures/Fototeca de Fotos.photoslibrary/resources/derivatives/masters/F/F191E85B-9780-4BFB-A01F-D59DBDD984AC_4_5005_c.jpeg"
    ],
    "ultima_modificacion": "2025-08-01 01:01:12.097711"
  },
  "fd9a97bdf12f4c94a082f0bc8e2bccce45005c.jpeg": {
    "app_sintetizada": "FD9A97BDF12F4C94A082F0BC8E2BCCCE45005C.JPEG",
    "cantidad_archivos": 1,
    "archivos_fuente": [
      "Pictures/Fototeca de Fotos.photoslibrary/resources/derivatives/masters/F/FD9A97BD-F12F-4C94-A082-F0BC8E2BCCCE_4_5005_c.jpeg"
    ],
    "ultima_modificacion": "2025-08-01 01:01:12.098017"
  },
  "f86423cc4e0e49ca9124a3577a778d4745005c.jpeg": {
    "app_sintetizada": "F86423CC4E0E49CA9124A3577A778D4745005C.JPEG",
    "cantidad_archivos": 1,
    "archivos_fuente": [
      "Pictures/Fototeca de Fotos.photoslibrary/resources/derivatives/masters/F/F86423CC-4E0E-49CA-9124-A3577A778D47_4_5005_c.jpeg"
    ],
    "ultima_modificacion": "2025-08-01 01:01:12.098343"
  },
  "f8c8adb827e3441095cd5904de39743945005c.jpeg": {
    "app_sintetizada": "F8C8ADB827E3441095CD5904DE39743945005C.JPEG",
    "cantidad_archivos": 1,
    "archivos_fuente": [
      "Pictures/Fototeca de Fotos.photoslibrary/resources/derivatives/masters/F/F8C8ADB8-27E3-4410-95CD-5904DE397439_4_5005_c.jpeg"
    ],
    "ultima_modificacion": "2025-08-01 01:01:12.098841"
  },
  "f635a0f54c4e48a1ba57a41f7f32ac4645005c.jpeg": {
    "app_sintetizada": "F635A0F54C4E48A1BA57A41F7F32AC4645005C.JPEG",
    "cantidad_archivos": 1,
    "archivos_fuente": [
      "Pictures/Fototeca de Fotos.photoslibrary/resources/derivatives/masters/F/F635A0F5-4C4E-48A1-BA57-A41F7F32AC46_4_5005_c.jpeg"
    ],
    "ultima_modificacion": "2025-08-01 01:01:12.099226"
  },
  "fa6247adc7ea478e891f2608849147cb45005c.jpeg": {
    "app_sintetizada": "FA6247ADC7EA478E891F2608849147CB45005C.JPEG",
    "cantidad_archivos": 1,
    "archivos_fuente": [
      "Pictures/Fototeca de Fotos.photoslibrary/resources/derivatives/masters/F/FA6247AD-C7EA-478E-891F-2608849147CB_4_5005_c.jpeg"
    ],
    "ultima_modificacion": "2025-08-01 01:01:12.099538"
  },
  "f84a54c41c3948c5a7a5406b2a587ca345005c.jpeg": {
    "app_sintetizada": "F84A54C41C3948C5A7A5406B2A587CA345005C.JPEG",
    "cantidad_archivos": 1,
    "archivos_fuente": [
      "Pictures/Fototeca de Fotos.photoslibrary/resources/derivatives/masters/F/F84A54C4-1C39-48C5-A7A5-406B2A587CA3_4_5005_c.jpeg"
    ],
    "ultima_modificacion": "2025-08-01 01:01:12.099862"
  },
  "f6e215d697114022b7240423ad17a6e345005c.jpeg": {
    "app_sintetizada": "F6E215D697114022B7240423AD17A6E345005C.JPEG",
    "cantidad_archivos": 1,
    "archivos_fuente": [
      "Pictures/Fototeca de Fotos.photoslibrary/resources/derivatives/masters/F/F6E215D6-9711-4022-B724-0423AD17A6E3_4_5005_c.jpeg"
    ],
    "ultima_modificacion": "2025-08-01 01:01:12.100183"
  },
  "ffd06295da754bada11af851b80b83c745005c.jpeg": {
    "app_sintetizada": "FFD06295DA754BADA11AF851B80B83C745005C.JPEG",
    "cantidad_archivos": 1,
    "archivos_fuente": [
      "Pictures/Fototeca de Fotos.photoslibrary/resources/derivatives/masters/F/FFD06295-DA75-4BAD-A11A-F851B80B83C7_4_5005_c.jpeg"
    ],
    "ultima_modificacion": "2025-08-01 01:01:12.100486"
  },
  "fcd4b470c2954c00b08e3fbb2f099b9045005c.jpeg": {
    "app_sintetizada": "FCD4B470C2954C00B08E3FBB2F099B9045005C.JPEG",
    "cantidad_archivos": 1,
    "archivos_fuente": [
      "Pictures/Fototeca de Fotos.photoslibrary/resources/derivatives/masters/F/FCD4B470-C295-4C00-B08E-3FBB2F099B90_4_5005_c.jpeg"
    ],
    "ultima_modificacion": "2025-08-01 01:01:12.100807"
  },
  "fbbcc98f91f64203893e6751c31a1f6345005c.jpeg": {
    "app_sintetizada": "FBBCC98F91F64203893E6751C31A1F6345005C.JPEG",
    "cantidad_archivos": 1,
    "archivos_fuente": [
      "Pictures/Fototeca de Fotos.photoslibrary/resources/derivatives/masters/F/FBBCC98F-91F6-4203-893E-6751C31A1F63_4_5005_c.jpeg"
    ],
    "ultima_modificacion": "2025-08-01 01:01:12.101124"
  },
  "f443e57918a747ff9d99ab56b3edbd2e45005c.jpeg": {
    "app_sintetizada": "F443E57918A747FF9D99AB56B3EDBD2E45005C.JPEG",
    "cantidad_archivos": 1,
    "archivos_fuente": [
      "Pictures/Fototeca de Fotos.photoslibrary/resources/derivatives/masters/F/F443E579-18A7-47FF-9D99-AB56B3EDBD2E_4_5005_c.jpeg"
    ],
    "ultima_modificacion": "2025-08-01 01:01:12.101434"
  },
  "f458f251509240ae9ec0336058ed7eb045005c.jpeg": {
    "app_sintetizada": "F458F251509240AE9EC0336058ED7EB045005C.JPEG",
    "cantidad_archivos": 1,
    "archivos_fuente": [
      "Pictures/Fototeca de Fotos.photoslibrary/resources/derivatives/masters/F/F458F251-5092-40AE-9EC0-336058ED7EB0_4_5005_c.jpeg"
    ],
    "ultima_modificacion": "2025-08-01 01:01:12.101753"
  },
  "f65833ac389841a0a8ecfceaa9bf362745005c.jpeg": {
    "app_sintetizada": "F65833AC389841A0A8ECFCEAA9BF362745005C.JPEG",
    "cantidad_archivos": 1,
    "archivos_fuente": [
      "Pictures/Fototeca de Fotos.photoslibrary/resources/derivatives/masters/F/F65833AC-3898-41A0-A8EC-FCEAA9BF3627_4_5005_c.jpeg"
    ],
    "ultima_modificacion": "2025-08-01 01:01:12.102091"
  },
  "fda2b1c964e74fa0af203855331d2b1e45005c.jpeg": {
    "app_sintetizada": "FDA2B1C964E74FA0AF203855331D2B1E45005C.JPEG",
    "cantidad_archivos": 1,
    "archivos_fuente": [
      "Pictures/Fototeca de Fotos.photoslibrary/resources/derivatives/masters/F/FDA2B1C9-64E7-4FA0-AF20-3855331D2B1E_4_5005_c.jpeg"
    ],
    "ultima_modificacion": "2025-08-01 01:01:12.102386"
  },
  "f61b0c093f1c439d915aeefc01e16e4f45005c.jpeg": {
    "app_sintetizada": "F61B0C093F1C439D915AEEFC01E16E4F45005C.JPEG",
    "cantidad_archivos": 1,
    "archivos_fuente": [
      "Pictures/Fototeca de Fotos.photoslibrary/resources/derivatives/masters/F/F61B0C09-3F1C-439D-915A-EEFC01E16E4F_4_5005_c.jpeg"
    ],
    "ultima_modificacion": "2025-08-01 01:01:12.102677"
  },
  "fdaa4586a08f4f6c82ccdeba714ac0cd45005c.jpeg": {
    "app_sintetizada": "FDAA4586A08F4F6C82CCDEBA714AC0CD45005C.JPEG",
    "cantidad_archivos": 1,
    "archivos_fuente": [
      "Pictures/Fototeca de Fotos.photoslibrary/resources/derivatives/masters/F/FDAA4586-A08F-4F6C-82CC-DEBA714AC0CD_4_5005_c.jpeg"
    ],
    "ultima_modificacion": "2025-08-01 01:01:12.102970"
  }
}