{
  "8f297edd600048bd9bfb30d683a19e2445005c.jpeg": {
    "app_sintetizada": "8F297EDD600048BD9BFB30D683A19E2445005C.JPEG",
    "cantidad_archivos": 1,
    "archivos_fuente": [
      "Pictures/Fototeca de Fotos.photoslibrary/resources/derivatives/masters/8/8F297EDD-6000-48BD-9BFB-30D683A19E24_4_5005_c.jpeg"
    ],
    "ultima_modificacion": "2025-08-01 01:01:10.911675"
  },
  "8fb1344ee1184ac0a670fa03103fe2c745005c.jpeg": {
    "app_sintetizada": "8FB1344EE1184AC0A670FA03103FE2C745005C.JPEG",
    "cantidad_archivos": 1,
    "archivos_fuente": [
      "Pictures/Fototeca de Fotos.photoslibrary/resources/derivatives/masters/8/8FB1344E-E118-4AC0-A670-FA03103FE2C7_4_5005_c.jpeg"
    ],
    "ultima_modificacion": "2025-08-01 01:01:10.911934"
  },
  "85dbc6e2a9cc47cb9e751ee90344ec6945005c.jpeg": {
    "app_sintetizada": "85DBC6E2A9CC47CB9E751EE90344EC6945005C.JPEG",
    "cantidad_archivos": 1,
    "archivos_fuente": [
      "Pictures/Fototeca de Fotos.photoslibrary/resources/derivatives/masters/8/85DBC6E2-A9CC-47CB-9E75-1EE90344EC69_4_5005_c.jpeg"
    ],
    "ultima_modificacion": "2025-08-01 01:01:10.912202"
  },
  "8baa85bafbb146b8afbe37d4dda37bfa45005c.jpeg": {
    "app_sintetizada": "8BAA85BAFBB146B8AFBE37D4DDA37BFA45005C.JPEG",
    "cantidad_archivos": 1,
    "archivos_fuente": [
      "Pictures/Fototeca de Fotos.photoslibrary/resources/derivatives/masters/8/8BAA85BA-FBB1-46B8-AFBE-37D4DDA37BFA_4_5005_c.jpeg"
    ],
    "ultima_modificacion": "2025-08-01 01:01:10.912490"
  },
  "8b7c18c75d31421eb3af9bb4522c7d6945005c.jpeg": {
    "app_sintetizada": "8B7C18C75D31421EB3AF9BB4522C7D6945005C.JPEG",
    "cantidad_archivos": 1,
    "archivos_fuente": [
      "Pictures/Fototeca de Fotos.photoslibrary/resources/derivatives/masters/8/8B7C18C7-5D31-421E-B3AF-9BB4522C7D69_4_5005_c.jpeg"
    ],
    "ultima_modificacion": "2025-08-01 01:01:10.912725"
  },
  "8d006f96ab824d9ebf77ffddd583ff1d45005c.jpeg": {
    "app_sintetizada": "8D006F96AB824D9EBF77FFDDD583FF1D45005C.JPEG",
    "cantidad_archivos": 1,
    "archivos_fuente": [
      "Pictures/Fototeca de Fotos.photoslibrary/resources/derivatives/masters/8/8D006F96-AB82-4D9E-BF77-FFDDD583FF1D_4_5005_c.jpeg"
    ],
    "ultima_modificacion": "2025-08-01 01:01:10.913029"
  },
  "84beeb551344408e865e19e4a83653c545005c.jpeg": {
    "app_sintetizada": "84BEEB551344408E865E19E4A83653C545005C.JPEG",
    "cantidad_archivos": 1,
    "archivos_fuente": [
      "Pictures/Fototeca de Fotos.photoslibrary/resources/derivatives/masters/8/84BEEB55-1344-408E-865E-19E4A83653C5_4_5005_c.jpeg"
    ],
    "ultima_modificacion": "2025-08-01 01:01:10.913292"
  },
  "8b2fce0738274f9b93828db4f68b082345005c.jpeg": {
    "app_sintetizada": "8B2FCE0738274F9B93828DB4F68B082345005C.JPEG",
    "cantidad_archivos": 1,
    "archivos_fuente": [
      "Pictures/Fototeca de Fotos.photoslibrary/resources/derivatives/masters/8/8B2FCE07-3827-4F9B-9382-8DB4F68B0823_4_5005_c.jpeg"
    ],
    "ultima_modificacion": "2025-08-01 01:01:10.913549"
  },
  "84f9b2cf66494281a16325ebe6240a6a45005c.jpeg": {
    "app_sintetizada": "84F9B2CF66494281A16325EBE6240A6A45005C.JPEG",
    "cantidad_archivos": 1,
    "archivos_fuente": [
      "Pictures/Fototeca de Fotos.photoslibrary/resources/derivatives/masters/8/84F9B2CF-6649-4281-A163-25EBE6240A6A_4_5005_c.jpeg"
    ],
    "ultima_modificacion": "2025-08-01 01:01:10.913862"
  },
  "88ed0689c5a541c2bac8c6982442ff3345005c.jpeg": {
    "app_sintetizada": "88ED0689C5A541C2BAC8C6982442FF3345005C.JPEG",
    "cantidad_archivos": 1,
    "archivos_fuente": [
      "Pictures/Fototeca de Fotos.photoslibrary/resources/derivatives/masters/8/88ED0689-C5A5-41C2-BAC8-C6982442FF33_4_5005_c.jpeg"
    ],
    "ultima_modificacion": "2025-08-01 01:01:10.914126"
  },
  "85621bcf3bc84a6fa760f736038a25eb45005c.jpeg": {
    "app_sintetizada": "85621BCF3BC84A6FA760F736038A25EB45005C.JPEG",
    "cantidad_archivos": 1,
    "archivos_fuente": [
      "Pictures/Fototeca de Fotos.photoslibrary/resources/derivatives/masters/8/85621BCF-3BC8-4A6F-A760-F736038A25EB_4_5005_c.jpeg"
    ],
    "ultima_modificacion": "2025-08-01 01:01:10.914350"
  },
  "8ccc7f19433740678c8a137a520b72a345005c.jpeg": {
    "app_sintetizada": "8CCC7F19433740678C8A137A520B72A345005C.JPEG",
    "cantidad_archivos": 1,
    "archivos_fuente": [
      "Pictures/Fototeca de Fotos.photoslibrary/resources/derivatives/masters/8/8CCC7F19-4337-4067-8C8A-137A520B72A3_4_5005_c.jpeg"
    ],
    "ultima_modificacion": "2025-08-01 01:01:10.914570"
  },
  "87595174bf894fb8911a9424701cfb4145005c.jpeg": {
    "app_sintetizada": "87595174BF894FB8911A9424701CFB4145005C.JPEG",
    "cantidad_archivos": 1,
    "archivos_fuente": [
      "Pictures/Fototeca de Fotos.photoslibrary/resources/derivatives/masters/8/87595174-BF89-4FB8-911A-9424701CFB41_4_5005_c.jpeg"
    ],
    "ultima_modificacion": "2025-08-01 01:01:10.914792"
  },
  "807cd87c70dd44c0a6e213ce8c67389445005c.jpeg": {
    "app_sintetizada": "807CD87C70DD44C0A6E213CE8C67389445005C.JPEG",
    "cantidad_archivos": 1,
    "archivos_fuente": [
      "Pictures/Fototeca de Fotos.photoslibrary/resources/derivatives/masters/8/807CD87C-70DD-44C0-A6E2-13CE8C673894_4_5005_c.jpeg"
    ],
    "ultima_modificacion": "2025-08-01 01:01:10.915044"
  },
  "832cfaa40e8d40b3ac6fcc2b4eecbf6f45005c.jpeg": {
    "app_sintetizada": "832CFAA40E8D40B3AC6FCC2B4EECBF6F45005C.JPEG",
    "cantidad_archivos": 1,
    "archivos_fuente": [
      "Pictures/Fototeca de Fotos.photoslibrary/resources/derivatives/masters/8/832CFAA4-0E8D-40B3-AC6F-CC2B4EECBF6F_4_5005_c.jpeg"
    ],
    "ultima_modificacion": "2025-08-01 01:01:10.915369"
  },
  "815a6f00a63f448ca3ceb4e0edf05dc045005c.jpeg": {
    "app_sintetizada": "815A6F00A63F448CA3CEB4E0EDF05DC045005C.JPEG",
    "cantidad_archivos": 1,
    "archivos_fuente": [
      "Pictures/Fototeca de Fotos.photoslibrary/resources/derivatives/masters/8/815A6F00-A63F-448C-A3CE-B4E0EDF05DC0_4_5005_c.jpeg"
    ],
    "ultima_modificacion": "2025-08-01 01:01:10.915617"
  },
  "8245c066c222475c830bd4af8932715745005c.jpeg": {
    "app_sintetizada": "8245C066C222475C830BD4AF8932715745005C.JPEG",
    "cantidad_archivos": 1,
    "archivos_fuente": [
      "Pictures/Fototeca de Fotos.photoslibrary/resources/derivatives/masters/8/8245C066-C222-475C-830B-D4AF89327157_4_5005_c.jpeg"
    ],
    "ultima_modificacion": "2025-08-01 01:01:10.915904"
  },
  "837c8274019a415db942e95dd250e7a845005c.jpeg": {
    "app_sintetizada": "837C8274019A415DB942E95DD250E7A845005C.JPEG",
    "cantidad_archivos": 1,
    "archivos_fuente": [
      "Pictures/Fototeca de Fotos.photoslibrary/resources/derivatives/masters/8/837C8274-019A-415D-B942-E95DD250E7A8_4_5005_c.jpeg"
    ],
    "ultima_modificacion": "2025-08-01 01:01:10.916184"
  },
  "84263f3952b34ad2900b837cd2f0eb9645005c.jpeg": {
    "app_sintetizada": "84263F3952B34AD2900B837CD2F0EB9645005C.JPEG",
    "cantidad_archivos": 1,
    "archivos_fuente": [
      "Pictures/Fototeca de Fotos.photoslibrary/resources/derivatives/masters/8/84263F39-52B3-4AD2-900B-837CD2F0EB96_4_5005_c.jpeg"
    ],
    "ultima_modificacion": "2025-08-01 01:01:10.916475"
  },
  "853d5a73eeb1496f85362459145843ae45005c.jpeg": {
    "app_sintetizada": "853D5A73EEB1496F85362459145843AE45005C.JPEG",
    "cantidad_archivos": 1,
    "archivos_fuente": [
      "Pictures/Fototeca de Fotos.photoslibrary/resources/derivatives/masters/8/853D5A73-EEB1-496F-8536-2459145843AE_4_5005_c.jpeg"
    ],
    "ultima_modificacion": "2025-08-01 01:01:10.916838"
  },
  "8dc60db0b8ef413591e6a56afd28858b45005c.jpeg": {
    "app_sintetizada": "8DC60DB0B8EF413591E6A56AFD28858B45005C.JPEG",
    "cantidad_archivos": 1,
    "archivos_fuente": [
      "Pictures/Fototeca de Fotos.photoslibrary/resources/derivatives/masters/8/8DC60DB0-B8EF-4135-91E6-A56AFD28858B_4_5005_c.jpeg"
    ],
    "ultima_modificacion": "2025-08-01 01:01:10.917107"
  },
  "8c64e708cfeb4ac0b6d387f6bd3850c945005c.jpeg": {
    "app_sintetizada": "8C64E708CFEB4AC0B6D387F6BD3850C945005C.JPEG",
    "cantidad_archivos": 1,
    "archivos_fuente": [
      "Pictures/Fototeca de Fotos.photoslibrary/resources/derivatives/masters/8/8C64E708-CFEB-4AC0-B6D3-87F6BD3850C9_4_5005_c.jpeg"
    ],
    "ultima_modificacion": "2025-08-01 01:01:10.917391"
  },
  "89a2cc5c236b46b293771a702c5c4d5945005c.jpeg": {
    "app_sintetizada": "89A2CC5C236B46B293771A702C5C4D5945005C.JPEG",
    "cantidad_archivos": 1,
    "archivos_fuente": [
      "Pictures/Fototeca de Fotos.photoslibrary/resources/derivatives/masters/8/89A2CC5C-236B-46B2-9377-1A702C5C4D59_4_5005_c.jpeg"
    ],
    "ultima_modificacion": "2025-08-01 01:01:10.917617"
  },
  "800c60545fd64711a990939174b520fc45005c.jpeg": {
    "app_sintetizada": "800C60545FD64711A990939174B520FC45005C.JPEG",
    "cantidad_archivos": 1,
    "archivos_fuente": [
      "Pictures/Fototeca de Fotos.photoslibrary/resources/derivatives/masters/8/800C6054-5FD6-4711-A990-939174B520FC_4_5005_c.jpeg"
    ],
    "ultima_modificacion": "2025-08-01 01:01:10.917834"
  },
  "8a339b3fbb5249ccb922cc80a77d7f9245005c.jpeg": {
    "app_sintetizada": "8A339B3FBB5249CCB922CC80A77D7F9245005C.JPEG",
    "cantidad_archivos": 1,
    "archivos_fuente": [
      "Pictures/Fototeca de Fotos.photoslibrary/resources/derivatives/masters/8/8A339B3F-BB52-49CC-B922-CC80A77D7F92_4_5005_c.jpeg"
    ],
    "ultima_modificacion": "2025-08-01 01:01:10.918035"
  },
  "85436410b8ab4924bf4ba3f287f71e8545005c.jpeg": {
    "app_sintetizada": "85436410B8AB4924BF4BA3F287F71E8545005C.JPEG",
    "cantidad_archivos": 1,
    "archivos_fuente": [
      "Pictures/Fototeca de Fotos.photoslibrary/resources/derivatives/masters/8/85436410-B8AB-4924-BF4B-A3F287F71E85_4_5005_c.jpeg"
    ],
    "ultima_modificacion": "2025-08-01 01:01:10.918288"
  },
  "8197751110bb47d299104cf73eb961af45005c.jpeg": {
    "app_sintetizada": "8197751110BB47D299104CF73EB961AF45005C.JPEG",
    "cantidad_archivos": 1,
    "archivos_fuente": [
      "Pictures/Fototeca de Fotos.photoslibrary/resources/derivatives/masters/8/81977511-10BB-47D2-9910-4CF73EB961AF_4_5005_c.jpeg"
    ],
    "ultima_modificacion": "2025-08-01 01:01:10.918636"
  },
  "86be2efe0d52489098faaf720f33312345005c.jpeg": {
    "app_sintetizada": "86BE2EFE0D52489098FAAF720F33312345005C.JPEG",
    "cantidad_archivos": 1,
    "archivos_fuente": [
      "Pictures/Fototeca de Fotos.photoslibrary/resources/derivatives/masters/8/86BE2EFE-0D52-4890-98FA-AF720F333123_4_5005_c.jpeg"
    ],
    "ultima_modificacion": "2025-08-01 01:01:10.918902"
  },
  "85dac5cf12b54266a517c2f87e22b74a45005c.jpeg": {
    "app_sintetizada": "85DAC5CF12B54266A517C2F87E22B74A45005C.JPEG",
    "cantidad_archivos": 1,
    "archivos_fuente": [
      "Pictures/Fototeca de Fotos.photoslibrary/resources/derivatives/masters/8/85DAC5CF-12B5-4266-A517-C2F87E22B74A_4_5005_c.jpeg"
    ],
    "ultima_modificacion": "2025-08-01 01:01:10.919318"
  },
  "897b7b0c62e8409e940ef72c6f92b7e245005c.jpeg": {
    "app_sintetizada": "897B7B0C62E8409E940EF72C6F92B7E245005C.JPEG",
    "cantidad_archivos": 1,
    "archivos_fuente": [
      "Pictures/Fototeca de Fotos.photoslibrary/resources/derivatives/masters/8/897B7B0C-62E8-409E-940E-F72C6F92B7E2_4_5005_c.jpeg"
    ],
    "ultima_modificacion": "2025-08-01 01:01:10.919566"
  },
  "899eb54d76ed4d04a24bf775cf87408145005c.jpeg": {
    "app_sintetizada": "899EB54D76ED4D04A24BF775CF87408145005C.JPEG",
    "cantidad_archivos": 1,
    "archivos_fuente": [
      "Pictures/Fototeca de Fotos.photoslibrary/resources/derivatives/masters/8/899EB54D-76ED-4D04-A24B-F775CF874081_4_5005_c.jpeg"
    ],
    "ultima_modificacion": "2025-08-01 01:01:10.919818"
  },
  "87653591b9cd4b6fb4c065e5602792ae45005c.jpeg": {
    "app_sintetizada": "87653591B9CD4B6FB4C065E5602792AE45005C.JPEG",
    "cantidad_archivos": 1,
    "archivos_fuente": [
      "Pictures/Fototeca de Fotos.photoslibrary/resources/derivatives/masters/8/87653591-B9CD-4B6F-B4C0-65E5602792AE_4_5005_c.jpeg"
    ],
    "ultima_modificacion": "2025-08-01 01:01:10.920100"
  },
  "88482aed910b45698d3512677725640245005c.jpeg": {
    "app_sintetizada": "88482AED910B45698D3512677725640245005C.JPEG",
    "cantidad_archivos": 1,
    "archivos_fuente": [
      "Pictures/Fototeca de Fotos.photoslibrary/resources/derivatives/masters/8/88482AED-910B-4569-8D35-126777256402_4_5005_c.jpeg"
    ],
    "ultima_modificacion": "2025-08-01 01:01:10.920326"
  },
  "84c8beef29494b28b129903270f97b1a45005c.jpeg": {
    "app_sintetizada": "84C8BEEF29494B28B129903270F97B1A45005C.JPEG",
    "cantidad_archivos": 1,
    "archivos_fuente": [
      "Pictures/Fototeca de Fotos.photoslibrary/resources/derivatives/masters/8/84C8BEEF-2949-4B28-B129-903270F97B1A_4_5005_c.jpeg"
    ],
    "ultima_modificacion": "2025-08-01 01:01:10.920523"
  },
  "8bd5faac658a42cda6d0c036558cd41945005c.jpeg": {
    "app_sintetizada": "8BD5FAAC658A42CDA6D0C036558CD41945005C.JPEG",
    "cantidad_archivos": 1,
    "archivos_fuente": [
      "Pictures/Fototeca de Fotos.photoslibrary/resources/derivatives/masters/8/8BD5FAAC-658A-42CD-A6D0-C036558CD419_4_5005_c.jpeg"
    ],
    "ultima_modificacion": "2025-08-01 01:01:10.920809"
  },
  "831abf2dc5cd4001956458242760142545005c.jpeg": {
    "app_sintetizada": "831ABF2DC5CD4001956458242760142545005C.JPEG",
    "cantidad_archivos": 1,
    "archivos_fuente": [
      "Pictures/Fototeca de Fotos.photoslibrary/resources/derivatives/masters/8/831ABF2D-C5CD-4001-9564-582427601425_4_5005_c.jpeg"
    ],
    "ultima_modificacion": "2025-08-01 01:01:10.921058"
  },
  "811d7ba4474b476180139df7504b59da45005c.jpeg": {
    "app_sintetizada": "811D7BA4474B476180139DF7504B59DA45005C.JPEG",
    "cantidad_archivos": 1,
    "archivos_fuente": [
      "Pictures/Fototeca de Fotos.photoslibrary/resources/derivatives/masters/8/811D7BA4-474B-4761-8013-9DF7504B59DA_4_5005_c.jpeg"
    ],
    "ultima_modificacion": "2025-08-01 01:01:10.921379"
  },
  "837716f75570496a8ad6d15afb424e3f45005c.jpeg": {
    "app_sintetizada": "837716F75570496A8AD6D15AFB424E3F45005C.JPEG",
    "cantidad_archivos": 1,
    "archivos_fuente": [
      "Pictures/Fototeca de Fotos.photoslibrary/resources/derivatives/masters/8/837716F7-5570-496A-8AD6-D15AFB424E3F_4_5005_c.jpeg"
    ],
    "ultima_modificacion": "2025-08-01 01:01:10.921705"
  },
  "866b14e1fa15407cb2ef48902d35a75745005c.jpeg": {
    "app_sintetizada": "866B14E1FA15407CB2EF48902D35A75745005C.JPEG",
    "cantidad_archivos": 1,
    "archivos_fuente": [
      "Pictures/Fototeca de Fotos.photoslibrary/resources/derivatives/masters/8/866B14E1-FA15-407C-B2EF-48902D35A757_4_5005_c.jpeg"
    ],
    "ultima_modificacion": "2025-08-01 01:01:10.921984"
  },
  "855278bcef5547f69228c0d436ac66e245005c.jpeg": {
    "app_sintetizada": "855278BCEF5547F69228C0D436AC66E245005C.JPEG",
    "cantidad_archivos": 1,
    "archivos_fuente": [
      "Pictures/Fototeca de Fotos.photoslibrary/resources/derivatives/masters/8/855278BC-EF55-47F6-9228-C0D436AC66E2_4_5005_c.jpeg"
    ],
    "ultima_modificacion": "2025-08-01 01:01:10.922243"
  },
  "8968974b641e40ccabc18ca9583a27d545005c.jpeg": {
    "app_sintetizada": "8968974B641E40CCABC18CA9583A27D545005C.JPEG",
    "cantidad_archivos": 1,
    "archivos_fuente": [
      "Pictures/Fototeca de Fotos.photoslibrary/resources/derivatives/masters/8/8968974B-641E-40CC-ABC1-8CA9583A27D5_4_5005_c.jpeg"
    ],
    "ultima_modificacion": "2025-08-01 01:01:10.922569"
  },
  "895b90dfd8454f66888cec1763760abb45005c.jpeg": {
    "app_sintetizada": "895B90DFD8454F66888CEC1763760ABB45005C.JPEG",
    "cantidad_archivos": 1,
    "archivos_fuente": [
      "Pictures/Fototeca de Fotos.photoslibrary/resources/derivatives/masters/8/895B90DF-D845-4F66-888C-EC1763760ABB_4_5005_c.jpeg"
    ],
    "ultima_modificacion": "2025-08-01 01:01:10.922875"
  },
  "88e38ec68a25410fa15d0404ba5379a645005c.jpeg": {
    "app_sintetizada": "88E38EC68A25410FA15D0404BA5379A645005C.JPEG",
    "cantidad_archivos": 1,
    "archivos_fuente": [
      "Pictures/Fototeca de Fotos.photoslibrary/resources/derivatives/masters/8/88E38EC6-8A25-410F-A15D-0404BA5379A6_4_5005_c.jpeg"
    ],
    "ultima_modificacion": "2025-08-01 01:01:10.923106"
  },
  "8407dbcc4a05453a9119436e067a2da845005c.jpeg": {
    "app_sintetizada": "8407DBCC4A05453A9119436E067A2DA845005C.JPEG",
    "cantidad_archivos": 1,
    "archivos_fuente": [
      "Pictures/Fototeca de Fotos.photoslibrary/resources/derivatives/masters/8/8407DBCC-4A05-453A-9119-436E067A2DA8_4_5005_c.jpeg"
    ],
    "ultima_modificacion": "2025-08-01 01:01:10.923302"
  },
  "8d2e0210a43e4275a24f968170202cbb45005c.jpeg": {
    "app_sintetizada": "8D2E0210A43E4275A24F968170202CBB45005C.JPEG",
    "cantidad_archivos": 1,
    "archivos_fuente": [
      "Pictures/Fototeca de Fotos.photoslibrary/resources/derivatives/masters/8/8D2E0210-A43E-4275-A24F-968170202CBB_4_5005_c.jpeg"
    ],
    "ultima_modificacion": "2025-08-01 01:01:10.923556"
  },
  "8969b4211ba04a39b83fb1f7ea5c1b5945005c.jpeg": {
    "app_sintetizada": "8969B4211BA04A39B83FB1F7EA5C1B5945005C.JPEG",
    "cantidad_archivos": 1,
    "archivos_fuente": [
      "Pictures/Fototeca de Fotos.photoslibrary/resources/derivatives/masters/8/8969B421-1BA0-4A39-B83F-B1F7EA5C1B59_4_5005_c.jpeg"
    ],
    "ultima_modificacion": "2025-08-01 01:01:10.923819"
  },
  "867bdeb999ae4881b6ffe18e72804d5f45005c.jpeg": {
    "app_sintetizada": "867BDEB999AE4881B6FFE18E72804D5F45005C.JPEG",
    "cantidad_archivos": 1,
    "archivos_fuente": [
      "Pictures/Fototeca de Fotos.photoslibrary/resources/derivatives/masters/8/867BDEB9-99AE-4881-B6FF-E18E72804D5F_4_5005_c.jpeg"
    ],
    "ultima_modificacion": "2025-08-01 01:01:10.924058"
  },
  "8bd119794d864373af570e3145238ab945005c.jpeg": {
    "app_sintetizada": "8BD119794D864373AF570E3145238AB945005C.JPEG",
    "cantidad_archivos": 1,
    "archivos_fuente": [
      "Pictures/Fototeca de Fotos.photoslibrary/resources/derivatives/masters/8/8BD11979-4D86-4373-AF57-0E3145238AB9_4_5005_c.jpeg"
    ],
    "ultima_modificacion": "2025-08-01 01:01:10.924276"
  },
  "8e20c831ac494929868cb5c01f717aae45005c.jpeg": {
    "app_sintetizada": "8E20C831AC494929868CB5C01F717AAE45005C.JPEG",
    "cantidad_archivos": 1,
    "archivos_fuente": [
      "Pictures/Fototeca de Fotos.photoslibrary/resources/derivatives/masters/8/8E20C831-AC49-4929-868C-B5C01F717AAE_4_5005_c.jpeg"
    ],
    "ultima_modificacion": "2025-08-01 01:01:10.924565"
  },
  "8fb1e3a745374161bbdd9e8cb561909b45005c.jpeg": {
    "app_sintetizada": "8FB1E3A745374161BBDD9E8CB561909B45005C.JPEG",
    "cantidad_archivos": 1,
    "archivos_fuente": [
      "Pictures/Fototeca de Fotos.photoslibrary/resources/derivatives/masters/8/8FB1E3A7-4537-4161-BBDD-9E8CB561909B_4_5005_c.jpeg"
    ],
    "ultima_modificacion": "2025-08-01 01:01:10.924863"
  },
  "87c7b9433c5a443794429220f5fa7af245005c.jpeg": {
    "app_sintetizada": "87C7B9433C5A443794429220F5FA7AF245005C.JPEG",
    "cantidad_archivos": 1,
    "archivos_fuente": [
      "Pictures/Fototeca de Fotos.photoslibrary/resources/derivatives/masters/8/87C7B943-3C5A-4437-9442-9220F5FA7AF2_4_5005_c.jpeg"
    ],
    "ultima_modificacion": "2025-08-01 01:01:10.925177"
  },
  "806033b695934167a12af73c674f0c3b45005c.jpeg": {
    "app_sintetizada": "806033B695934167A12AF73C674F0C3B45005C.JPEG",
    "cantidad_archivos": 1,
    "archivos_fuente": [
      "Pictures/Fototeca de Fotos.photoslibrary/resources/derivatives/masters/8/806033B6-9593-4167-A12A-F73C674F0C3B_4_5005_c.jpeg"
    ],
    "ultima_modificacion": "2025-08-01 01:01:10.925491"
  },
  "8304ee1df2d847ab910a105398703b3545005c.jpeg": {
    "app_sintetizada": "8304EE1DF2D847AB910A105398703B3545005C.JPEG",
    "cantidad_archivos": 1,
    "archivos_fuente": [
      "Pictures/Fototeca de Fotos.photoslibrary/resources/derivatives/masters/8/8304EE1D-F2D8-47AB-910A-105398703B35_4_5005_c.jpeg"
    ],
    "ultima_modificacion": "2025-08-01 01:01:10.925784"
  },
  "8dd30c8b7d5340fdb5a6ceec2989e01945005c.jpeg": {
    "app_sintetizada": "8DD30C8B7D5340FDB5A6CEEC2989E01945005C.JPEG",
    "cantidad_archivos": 1,
    "archivos_fuente": [
      "Pictures/Fototeca de Fotos.photoslibrary/resources/derivatives/masters/8/8DD30C8B-7D53-40FD-B5A6-CEEC2989E019_4_5005_c.jpeg"
    ],
    "ultima_modificacion": "2025-08-01 01:01:10.926060"
  },
  "8919c30435c040c0afde75437d7d681345005c.jpeg": {
    "app_sintetizada": "8919C30435C040C0AFDE75437D7D681345005C.JPEG",
    "cantidad_archivos": 1,
    "archivos_fuente": [
      "Pictures/Fototeca de Fotos.photoslibrary/resources/derivatives/masters/8/8919C304-35C0-40C0-AFDE-75437D7D6813_4_5005_c.jpeg"
    ],
    "ultima_modificacion": "2025-08-01 01:01:10.926275"
  },
  "83e1a83cbadc49b7a022d5a25ab7a29e45005c.jpeg": {
    "app_sintetizada": "83E1A83CBADC49B7A022D5A25AB7A29E45005C.JPEG",
    "cantidad_archivos": 1,
    "archivos_fuente": [
      "Pictures/Fototeca de Fotos.photoslibrary/resources/derivatives/masters/8/83E1A83C-BADC-49B7-A022-D5A25AB7A29E_4_5005_c.jpeg"
    ],
    "ultima_modificacion": "2025-08-01 01:01:10.926469"
  },
  "894cc6c19db5430cb0a25e627f379cdc45005c.jpeg": {
    "app_sintetizada": "894CC6C19DB5430CB0A25E627F379CDC45005C.JPEG",
    "cantidad_archivos": 1,
    "archivos_fuente": [
      "Pictures/Fototeca de Fotos.photoslibrary/resources/derivatives/masters/8/894CC6C1-9DB5-430C-B0A2-5E627F379CDC_4_5005_c.jpeg"
    ],
    "ultima_modificacion": "2025-08-01 01:01:10.926656"
  },
  "8c20f7f1bdbf41599773ba1a3b7070f045005c.jpeg": {
    "app_sintetizada": "8C20F7F1BDBF41599773BA1A3B7070F045005C.JPEG",
    "cantidad_archivos": 1,
    "archivos_fuente": [
      "Pictures/Fototeca de Fotos.photoslibrary/resources/derivatives/masters/8/8C20F7F1-BDBF-4159-9773-BA1A3B7070F0_4_5005_c.jpeg"
    ],
    "ultima_modificacion": "2025-08-01 01:01:10.926874"
  },
  "82357dd2031a4cc6860567b96cda538945005c.jpeg": {
    "app_sintetizada": "82357DD2031A4CC6860567B96CDA538945005C.JPEG",
    "cantidad_archivos": 1,
    "archivos_fuente": [
      "Pictures/Fototeca de Fotos.photoslibrary/resources/derivatives/masters/8/82357DD2-031A-4CC6-8605-67B96CDA5389_4_5005_c.jpeg"
    ],
    "ultima_modificacion": "2025-08-01 01:01:10.944712"
  },
  "8f353b7bfa914501a80b39e66064635245005c.jpeg": {
    "app_sintetizada": "8F353B7BFA914501A80B39E66064635245005C.JPEG",
    "cantidad_archivos": 1,
    "archivos_fuente": [
      "Pictures/Fototeca de Fotos.photoslibrary/resources/derivatives/masters/8/8F353B7B-FA91-4501-A80B-39E660646352_4_5005_c.jpeg"
    ],
    "ultima_modificacion": "2025-08-01 01:01:10.945282"
  },
  "8d78a69ee8a64213ad63c74000689d2a45005c.jpeg": {
    "app_sintetizada": "8D78A69EE8A64213AD63C74000689D2A45005C.JPEG",
    "cantidad_archivos": 1,
    "archivos_fuente": [
      "Pictures/Fototeca de Fotos.photoslibrary/resources/derivatives/masters/8/8D78A69E-E8A6-4213-AD63-C74000689D2A_4_5005_c.jpeg"
    ],
    "ultima_modificacion": "2025-08-01 01:01:10.945735"
  },
  "8ae1fd89897e411ca5730ac68711fa1d45005c.jpeg": {
    "app_sintetizada": "8AE1FD89897E411CA5730AC68711FA1D45005C.JPEG",
    "cantidad_archivos": 1,
    "archivos_fuente": [
      "Pictures/Fototeca de Fotos.photoslibrary/resources/derivatives/masters/8/8AE1FD89-897E-411C-A573-0AC68711FA1D_4_5005_c.jpeg"
    ],
    "ultima_modificacion": "2025-08-01 01:01:10.946451"
  },
  "891c6963074d41bea761ace2bc53f96745005c.jpeg": {
    "app_sintetizada": "891C6963074D41BEA761ACE2BC53F96745005C.JPEG",
    "cantidad_archivos": 1,
    "archivos_fuente": [
      "Pictures/Fototeca de Fotos.photoslibrary/resources/derivatives/masters/8/891C6963-074D-41BE-A761-ACE2BC53F967_4_5005_c.jpeg"
    ],
    "ultima_modificacion": "2025-08-01 01:01:10.946852"
  },
  "83f6e4b33076417fa0a76e6fe52f751e45005c.jpeg": {
    "app_sintetizada": "83F6E4B33076417FA0A76E6FE52F751E45005C.JPEG",
    "cantidad_archivos": 1,
    "archivos_fuente": [
      "Pictures/Fototeca de Fotos.photoslibrary/resources/derivatives/masters/8/83F6E4B3-3076-417F-A0A7-6E6FE52F751E_4_5005_c.jpeg"
    ],
    "ultima_modificacion": "2025-08-01 01:01:10.947291"
  },
  "83aae2a8af06490a9574cb7db2a6e5b045005c.jpeg": {
    "app_sintetizada": "83AAE2A8AF06490A9574CB7DB2A6E5B045005C.JPEG",
    "cantidad_archivos": 1,
    "archivos_fuente": [
      "Pictures/Fototeca de Fotos.photoslibrary/resources/derivatives/masters/8/83AAE2A8-AF06-490A-9574-CB7DB2A6E5B0_4_5005_c.jpeg"
    ],
    "ultima_modificacion": "2025-08-01 01:01:10.947662"
  },
  "841ef279f28a4fb5998abecf0c93d49145005c.jpeg": {
    "app_sintetizada": "841EF279F28A4FB5998ABECF0C93D49145005C.JPEG",
    "cantidad_archivos": 1,
    "archivos_fuente": [
      "Pictures/Fototeca de Fotos.photoslibrary/resources/derivatives/masters/8/841EF279-F28A-4FB5-998A-BECF0C93D491_4_5005_c.jpeg"
    ],
    "ultima_modificacion": "2025-08-01 01:01:10.950287"
  },
  "88f1fb31d60f45d495e088c66038419445005c.jpeg": {
    "app_sintetizada": "88F1FB31D60F45D495E088C66038419445005C.JPEG",
    "cantidad_archivos": 1,
    "archivos_fuente": [
      "Pictures/Fototeca de Fotos.photoslibrary/resources/derivatives/masters/8/88F1FB31-D60F-45D4-95E0-88C660384194_4_5005_c.jpeg"
    ],
    "ultima_modificacion": "2025-08-01 01:01:10.950748"
  },
  "8335ddad168f4292b2c075388117bf0445005c.jpeg": {
    "app_sintetizada": "8335DDAD168F4292B2C075388117BF0445005C.JPEG",
    "cantidad_archivos": 1,
    "archivos_fuente": [
      "Pictures/Fototeca de Fotos.photoslibrary/resources/derivatives/masters/8/8335DDAD-168F-4292-B2C0-75388117BF04_4_5005_c.jpeg"
    ],
    "ultima_modificacion": "2025-08-01 01:01:10.951156"
  },
  "8a5bde70d3b84fb49a00956a34035f4545005c.jpeg": {
    "app_sintetizada": "8A5BDE70D3B84FB49A00956A34035F4545005C.JPEG",
    "cantidad_archivos": 1,
    "archivos_fuente": [
      "Pictures/Fototeca de Fotos.photoslibrary/resources/derivatives/masters/8/8A5BDE70-D3B8-4FB4-9A00-956A34035F45_4_5005_c.jpeg"
    ],
    "ultima_modificacion": "2025-08-01 01:01:10.951517"
  },
  "8b2cfdc314e343c5ac400dd01a10f92645005c.jpeg": {
    "app_sintetizada": "8B2CFDC314E343C5AC400DD01A10F92645005C.JPEG",
    "cantidad_archivos": 1,
    "archivos_fuente": [
      "Pictures/Fototeca de Fotos.photoslibrary/resources/derivatives/masters/8/8B2CFDC3-14E3-43C5-AC40-0DD01A10F926_4_5005_c.jpeg"
    ],
    "ultima_modificacion": "2025-08-01 01:01:10.951883"
  },
  "8dc080f80e6a4e45a2e252c2905b7f7445005c.jpeg": {
    "app_sintetizada": "8DC080F80E6A4E45A2E252C2905B7F7445005C.JPEG",
    "cantidad_archivos": 1,
    "archivos_fuente": [
      "Pictures/Fototeca de Fotos.photoslibrary/resources/derivatives/masters/8/8DC080F8-0E6A-4E45-A2E2-52C2905B7F74_4_5005_c.jpeg"
    ],
    "ultima_modificacion": "2025-08-01 01:01:10.952254"
  },
  "80c4faa0db8141d6a428d3ec786e118845005c.jpeg": {
    "app_sintetizada": "80C4FAA0DB8141D6A428D3EC786E118845005C.JPEG",
    "cantidad_archivos": 1,
    "archivos_fuente": [
      "Pictures/Fototeca de Fotos.photoslibrary/resources/derivatives/masters/8/80C4FAA0-DB81-41D6-A428-D3EC786E1188_4_5005_c.jpeg"
    ],
    "ultima_modificacion": "2025-08-01 01:01:10.952629"
  },
  "882dd83528d541ed9d7b019aeb3e94e145005c.jpeg": {
    "app_sintetizada": "882DD83528D541ED9D7B019AEB3E94E145005C.JPEG",
    "cantidad_archivos": 1,
    "archivos_fuente": [
      "Pictures/Fototeca de Fotos.photoslibrary/resources/derivatives/masters/8/882DD835-28D5-41ED-9D7B-019AEB3E94E1_4_5005_c.jpeg"
    ],
    "ultima_modificacion": "2025-08-01 01:01:10.952984"
  },
  "846020c77240451c8e0e120ebdac555645005c.jpeg": {
    "app_sintetizada": "846020C77240451C8E0E120EBDAC555645005C.JPEG",
    "cantidad_archivos": 1,
    "archivos_fuente": [
      "Pictures/Fototeca de Fotos.photoslibrary/resources/derivatives/masters/8/846020C7-7240-451C-8E0E-120EBDAC5556_4_5005_c.jpeg"
    ],
    "ultima_modificacion": "2025-08-01 01:01:10.953415"
  },
  "8e73f9225d3243b08daa9322959ce6b145005c.jpeg": {
    "app_sintetizada": "8E73F9225D3243B08DAA9322959CE6B145005C.JPEG",
    "cantidad_archivos": 1,
    "archivos_fuente": [
      "Pictures/Fototeca de Fotos.photoslibrary/resources/derivatives/masters/8/8E73F922-5D32-43B0-8DAA-9322959CE6B1_4_5005_c.jpeg"
    ],
    "ultima_modificacion": "2025-08-01 01:01:10.954023"
  },
  "81062e6373454ac9b4d1b107f3b1613145005c.jpeg": {
    "app_sintetizada": "81062E6373454AC9B4D1B107F3B1613145005C.JPEG",
    "cantidad_archivos": 1,
    "archivos_fuente": [
      "Pictures/Fototeca de Fotos.photoslibrary/resources/derivatives/masters/8/81062E63-7345-4AC9-B4D1-B107F3B16131_4_5005_c.jpeg"
    ],
    "ultima_modificacion": "2025-08-01 01:01:10.954460"
  },
  "8b0950c4c612415ebd3b3b5cc258e5be45005c.jpeg": {
    "app_sintetizada": "8B0950C4C612415EBD3B3B5CC258E5BE45005C.JPEG",
    "cantidad_archivos": 1,
    "archivos_fuente": [
      "Pictures/Fototeca de Fotos.photoslibrary/resources/derivatives/masters/8/8B0950C4-C612-415E-BD3B-3B5CC258E5BE_4_5005_c.jpeg"
    ],
    "ultima_modificacion": "2025-08-01 01:01:10.954808"
  },
  "8824c5250e994304b904b2a8de1fe69445005c.jpeg": {
    "app_sintetizada": "8824C5250E994304B904B2A8DE1FE69445005C.JPEG",
    "cantidad_archivos": 1,
    "archivos_fuente": [
      "Pictures/Fototeca de Fotos.photoslibrary/resources/derivatives/masters/8/8824C525-0E99-4304-B904-B2A8DE1FE694_4_5005_c.jpeg"
    ],
    "ultima_modificacion": "2025-08-01 01:01:10.956451"
  },
  "86220f466bb94f66a112e9b2e7ca6db945005c.jpeg": {
    "app_sintetizada": "86220F466BB94F66A112E9B2E7CA6DB945005C.JPEG",
    "cantidad_archivos": 1,
    "archivos_fuente": [
      "Pictures/Fototeca de Fotos.photoslibrary/resources/derivatives/masters/8/86220F46-6BB9-4F66-A112-E9B2E7CA6DB9_4_5005_c.jpeg"
    ],
    "ultima_modificacion": "2025-08-01 01:01:10.956946"
  },
  "89fa9fc844ca457fabe58ed465026b5b45005c.jpeg": {
    "app_sintetizada": "89FA9FC844CA457FABE58ED465026B5B45005C.JPEG",
    "cantidad_archivos": 1,
    "archivos_fuente": [
      "Pictures/Fototeca de Fotos.photoslibrary/resources/derivatives/masters/8/89FA9FC8-44CA-457F-ABE5-8ED465026B5B_4_5005_c.jpeg"
    ],
    "ultima_modificacion": "2025-08-01 01:01:10.958418"
  },
  "81f38d8a76734632b2044ef1e5349a7245005c.jpeg": {
    "app_sintetizada": "81F38D8A76734632B2044EF1E5349A7245005C.JPEG",
    "cantidad_archivos": 1,
    "archivos_fuente": [
      "Pictures/Fototeca de Fotos.photoslibrary/resources/derivatives/masters/8/81F38D8A-7673-4632-B204-4EF1E5349A72_4_5005_c.jpeg"
    ],
    "ultima_modificacion": "2025-08-01 01:01:10.958817"
  },
  "80ea6e2b74924419a96b88d5fbf4bbdc45005c.jpeg": {
    "app_sintetizada": "80EA6E2B74924419A96B88D5FBF4BBDC45005C.JPEG",
    "cantidad_archivos": 1,
    "archivos_fuente": [
      "Pictures/Fototeca de Fotos.photoslibrary/resources/derivatives/masters/8/80EA6E2B-7492-4419-A96B-88D5FBF4BBDC_4_5005_c.jpeg"
    ],
    "ultima_modificacion": "2025-08-01 01:01:10.960614"
  },
  "875b3902f3174ae3bcdf4cdb02bebf6645005c.jpeg": {
    "app_sintetizada": "875B3902F3174AE3BCDF4CDB02BEBF6645005C.JPEG",
    "cantidad_archivos": 1,
    "archivos_fuente": [
      "Pictures/Fototeca de Fotos.photoslibrary/resources/derivatives/masters/8/875B3902-F317-4AE3-BCDF-4CDB02BEBF66_4_5005_c.jpeg"
    ],
    "ultima_modificacion": "2025-08-01 01:01:10.960992"
  },
  "8b975b6f823a4f78909598b6ce12b47945005c.jpeg": {
    "app_sintetizada": "8B975B6F823A4F78909598B6CE12B47945005C.JPEG",
    "cantidad_archivos": 1,
    "archivos_fuente": [
      "Pictures/Fototeca de Fotos.photoslibrary/resources/derivatives/masters/8/8B975B6F-823A-4F78-9095-98B6CE12B479_4_5005_c.jpeg"
    ],
    "ultima_modificacion": "2025-08-01 01:01:10.961298"
  },
  "89fea2d814bd49b1b326ee82c7cc72b845005c.jpeg": {
    "app_sintetizada": "89FEA2D814BD49B1B326EE82C7CC72B845005C.JPEG",
    "cantidad_archivos": 1,
    "archivos_fuente": [
      "Pictures/Fototeca de Fotos.photoslibrary/resources/derivatives/masters/8/89FEA2D8-14BD-49B1-B326-EE82C7CC72B8_4_5005_c.jpeg"
    ],
    "ultima_modificacion": "2025-08-01 01:01:10.962672"
  },
  "a950e17446464168a83d8377b5e5cd1f45005c.jpeg": {
    "app_sintetizada": "A950E17446464168A83D8377B5E5CD1F45005C.JPEG",
    "cantidad_archivos": 1,
    "archivos_fuente": [
      "Pictures/Fototeca de Fotos.photoslibrary/resources/derivatives/masters/A/A950E174-4646-4168-A83D-8377B5E5CD1F_4_5005_c.jpeg"
    ],
    "ultima_modificacion": "2025-08-01 01:01:10.962945"
  },
  "ae73828e857146d78c4e4c7479952c4745005c.jpeg": {
    "app_sintetizada": "AE73828E857146D78C4E4C7479952C4745005C.JPEG",
    "cantidad_archivos": 1,
    "archivos_fuente": [
      "Pictures/Fototeca de Fotos.photoslibrary/resources/derivatives/masters/A/AE73828E-8571-46D7-8C4E-4C7479952C47_4_5005_c.jpeg"
    ],
    "ultima_modificacion": "2025-08-01 01:01:10.963309"
  },
  "a830cf975191431c977f068a23e65a2145005c.jpeg": {
    "app_sintetizada": "A830CF975191431C977F068A23E65A2145005C.JPEG",
    "cantidad_archivos": 1,
    "archivos_fuente": [
      "Pictures/Fototeca de Fotos.photoslibrary/resources/derivatives/masters/A/A830CF97-5191-431C-977F-068A23E65A21_4_5005_c.jpeg"
    ],
    "ultima_modificacion": "2025-08-01 01:01:10.963580"
  },
  "abe7db34e6674fb292f8e701e2d0303145005c.jpeg": {
    "app_sintetizada": "ABE7DB34E6674FB292F8E701E2D0303145005C.JPEG",
    "cantidad_archivos": 1,
    "archivos_fuente": [
      "Pictures/Fototeca de Fotos.photoslibrary/resources/derivatives/masters/A/ABE7DB34-E667-4FB2-92F8-E701E2D03031_4_5005_c.jpeg"
    ],
    "ultima_modificacion": "2025-08-01 01:01:10.963835"
  },
  "afc5680894234d85bd4fc806201fadcb45005c.jpeg": {
    "app_sintetizada": "AFC5680894234D85BD4FC806201FADCB45005C.JPEG",
    "cantidad_archivos": 1,
    "archivos_fuente": [
      "Pictures/Fototeca de Fotos.photoslibrary/resources/derivatives/masters/A/AFC56808-9423-4D85-BD4F-C806201FADCB_4_5005_c.jpeg"
    ],
    "ultima_modificacion": "2025-08-01 01:01:10.964093"
  },
  "ab5acc9bb3e749ab87079ee4e78f450645005c.jpeg": {
    "app_sintetizada": "AB5ACC9BB3E749AB87079EE4E78F450645005C.JPEG",
    "cantidad_archivos": 1,
    "archivos_fuente": [
      "Pictures/Fototeca de Fotos.photoslibrary/resources/derivatives/masters/A/AB5ACC9B-B3E7-49AB-8707-9EE4E78F4506_4_5005_c.jpeg"
    ],
    "ultima_modificacion": "2025-08-01 01:01:10.964346"
  },
  "af5fd8a2f5524b378fc6dea6bb8299b645005c.jpeg": {
    "app_sintetizada": "AF5FD8A2F5524B378FC6DEA6BB8299B645005C.JPEG",
    "cantidad_archivos": 1,
    "archivos_fuente": [
      "Pictures/Fototeca de Fotos.photoslibrary/resources/derivatives/masters/A/AF5FD8A2-F552-4B37-8FC6-DEA6BB8299B6_4_5005_c.jpeg"
    ],
    "ultima_modificacion": "2025-08-01 01:01:10.964596"
  },
  "a8945043e1cf40e0b164b94b4276a7b745005c.jpeg": {
    "app_sintetizada": "A8945043E1CF40E0B164B94B4276A7B745005C.JPEG",
    "cantidad_archivos": 1,
    "archivos_fuente": [
      "Pictures/Fototeca de Fotos.photoslibrary/resources/derivatives/masters/A/A8945043-E1CF-40E0-B164-B94B4276A7B7_4_5005_c.jpeg"
    ],
    "ultima_modificacion": "2025-08-01 01:01:10.964888"
  },
  "a268044da59a4b0f81f3a17455a1b33645005c.jpeg": {
    "app_sintetizada": "A268044DA59A4B0F81F3A17455A1B33645005C.JPEG",
    "cantidad_archivos": 1,
    "archivos_fuente": [
      "Pictures/Fototeca de Fotos.photoslibrary/resources/derivatives/masters/A/A268044D-A59A-4B0F-81F3-A17455A1B336_4_5005_c.jpeg"
    ],
    "ultima_modificacion": "2025-08-01 01:01:10.965202"
  },
  "a5651c47d8bd43549d0da1c417a4177e45005c.jpeg": {
    "app_sintetizada": "A5651C47D8BD43549D0DA1C417A4177E45005C.JPEG",
    "cantidad_archivos": 1,
    "archivos_fuente": [
      "Pictures/Fototeca de Fotos.photoslibrary/resources/derivatives/masters/A/A5651C47-D8BD-4354-9D0D-A1C417A4177E_4_5005_c.jpeg"
    ],
    "ultima_modificacion": "2025-08-01 01:01:10.965559"
  },
  "a579420837764ac2a5dac4e8e74ac3ca45005c.jpeg": {
    "app_sintetizada": "A579420837764AC2A5DAC4E8E74AC3CA45005C.JPEG",
    "cantidad_archivos": 1,
    "archivos_fuente": [
      "Pictures/Fototeca de Fotos.photoslibrary/resources/derivatives/masters/A/A5794208-3776-4AC2-A5DA-C4E8E74AC3CA_4_5005_c.jpeg"
    ],
    "ultima_modificacion": "2025-08-01 01:01:10.965809"
  },
  "a3670e2b74314ee78c4d461b1665cff545005c.jpeg": {
    "app_sintetizada": "A3670E2B74314EE78C4D461B1665CFF545005C.JPEG",
    "cantidad_archivos": 1,
    "archivos_fuente": [
      "Pictures/Fototeca de Fotos.photoslibrary/resources/derivatives/masters/A/A3670E2B-7431-4EE7-8C4D-461B1665CFF5_4_5005_c.jpeg"
    ],
    "ultima_modificacion": "2025-08-01 01:01:10.966055"
  },
  "a973d6583b2d4ed1a1e645860763333245005c.jpeg": {
    "app_sintetizada": "A973D6583B2D4ED1A1E645860763333245005C.JPEG",
    "cantidad_archivos": 1,
    "archivos_fuente": [
      "Pictures/Fototeca de Fotos.photoslibrary/resources/derivatives/masters/A/A973D658-3B2D-4ED1-A1E6-458607633332_4_5005_c.jpeg"
    ],
    "ultima_modificacion": "2025-08-01 01:01:10.966350"
  },
  "a165c660308242e18cf6f8abf6a4a28845005c.jpeg": {
    "app_sintetizada": "A165C660308242E18CF6F8ABF6A4A28845005C.JPEG",
    "cantidad_archivos": 1,
    "archivos_fuente": [
      "Pictures/Fototeca de Fotos.photoslibrary/resources/derivatives/masters/A/A165C660-3082-42E1-8CF6-F8ABF6A4A288_4_5005_c.jpeg"
    ],
    "ultima_modificacion": "2025-08-01 01:01:10.966632"
  },
  "acdad13c614142bab47bac24a2cb59b445005c.jpeg": {
    "app_sintetizada": "ACDAD13C614142BAB47BAC24A2CB59B445005C.JPEG",
    "cantidad_archivos": 1,
    "archivos_fuente": [
      "Pictures/Fototeca de Fotos.photoslibrary/resources/derivatives/masters/A/ACDAD13C-6141-42BA-B47B-AC24A2CB59B4_4_5005_c.jpeg"
    ],
    "ultima_modificacion": "2025-08-01 01:01:10.966981"
  }
}