{
  "0bb8f74c650a4c268d8bcb9c9978f44d45005c.jpeg": {
    "app_sintetizada": "0BB8F74C650A4C268D8BCB9C9978F44D45005C.JPEG",
    "cantidad_archivos": 1,
    "archivos_fuente": [
      "Pictures/Fototeca de Fotos.photoslibrary/resources/derivatives/masters/0/0BB8F74C-650A-4C26-8D8B-CB9C9978F44D_4_5005_c.jpeg"
    ],
    "ultima_modificacion": "2025-08-01 01:01:07.385350"
  },
  "0edfb9456f594a9ea0c5e14ff274979945005c.jpeg": {
    "app_sintetizada": "0EDFB9456F594A9EA0C5E14FF274979945005C.JPEG",
    "cantidad_archivos": 1,
    "archivos_fuente": [
      "Pictures/Fototeca de Fotos.photoslibrary/resources/derivatives/masters/0/0EDFB945-6F59-4A9E-A0C5-E14FF2749799_4_5005_c.jpeg"
    ],
    "ultima_modificacion": "2025-08-01 01:01:07.385647"
  },
  "0e7340b814d54224957d9f28a609d20c45005c.jpeg": {
    "app_sintetizada": "0E7340B814D54224957D9F28A609D20C45005C.JPEG",
    "cantidad_archivos": 1,
    "archivos_fuente": [
      "Pictures/Fototeca de Fotos.photoslibrary/resources/derivatives/masters/0/0E7340B8-14D5-4224-957D-9F28A609D20C_4_5005_c.jpeg"
    ],
    "ultima_modificacion": "2025-08-01 01:01:07.385977"
  },
  "015617f49dd144cf85a6bf250b1d1c6c45005c.jpeg": {
    "app_sintetizada": "015617F49DD144CF85A6BF250B1D1C6C45005C.JPEG",
    "cantidad_archivos": 1,
    "archivos_fuente": [
      "Pictures/Fototeca de Fotos.photoslibrary/resources/derivatives/masters/0/015617F4-9DD1-44CF-85A6-BF250B1D1C6C_4_5005_c.jpeg"
    ],
    "ultima_modificacion": "2025-08-01 01:01:07.386285"
  },
  "0761da3609ff48c8ab693bef1dca7d8145005c.jpeg": {
    "app_sintetizada": "0761DA3609FF48C8AB693BEF1DCA7D8145005C.JPEG",
    "cantidad_archivos": 1,
    "archivos_fuente": [
      "Pictures/Fototeca de Fotos.photoslibrary/resources/derivatives/masters/0/0761DA36-09FF-48C8-AB69-3BEF1DCA7D81_4_5005_c.jpeg"
    ],
    "ultima_modificacion": "2025-08-01 01:01:07.386551"
  },
  "032792f1b6fa4174a6ca4c881601f41445005c.jpeg": {
    "app_sintetizada": "032792F1B6FA4174A6CA4C881601F41445005C.JPEG",
    "cantidad_archivos": 1,
    "archivos_fuente": [
      "Pictures/Fototeca de Fotos.photoslibrary/resources/derivatives/masters/0/032792F1-B6FA-4174-A6CA-4C881601F414_4_5005_c.jpeg"
    ],
    "ultima_modificacion": "2025-08-01 01:01:07.386839"
  },
  "02e75e0d7da44a8dbb36cde9d1b78a0745005c.jpeg": {
    "app_sintetizada": "02E75E0D7DA44A8DBB36CDE9D1B78A0745005C.JPEG",
    "cantidad_archivos": 1,
    "archivos_fuente": [
      "Pictures/Fototeca de Fotos.photoslibrary/resources/derivatives/masters/0/02E75E0D-7DA4-4A8D-BB36-CDE9D1B78A07_4_5005_c.jpeg"
    ],
    "ultima_modificacion": "2025-08-01 01:01:07.387154"
  },
  "0852315bfe9d4a59acab1c7692f502ff45005c.jpeg": {
    "app_sintetizada": "0852315BFE9D4A59ACAB1C7692F502FF45005C.JPEG",
    "cantidad_archivos": 1,
    "archivos_fuente": [
      "Pictures/Fototeca de Fotos.photoslibrary/resources/derivatives/masters/0/0852315B-FE9D-4A59-ACAB-1C7692F502FF_4_5005_c.jpeg"
    ],
    "ultima_modificacion": "2025-08-01 01:01:07.387577"
  },
  "04785811a22c4c2e8dcb02b8a8665dd345005c.jpeg": {
    "app_sintetizada": "04785811A22C4C2E8DCB02B8A8665DD345005C.JPEG",
    "cantidad_archivos": 1,
    "archivos_fuente": [
      "Pictures/Fototeca de Fotos.photoslibrary/resources/derivatives/masters/0/04785811-A22C-4C2E-8DCB-02B8A8665DD3_4_5005_c.jpeg"
    ],
    "ultima_modificacion": "2025-08-01 01:01:07.387875"
  },
  "03c8f8887ac747bfadfa507267bc70a945005c.jpeg": {
    "app_sintetizada": "03C8F8887AC747BFADFA507267BC70A945005C.JPEG",
    "cantidad_archivos": 1,
    "archivos_fuente": [
      "Pictures/Fototeca de Fotos.photoslibrary/resources/derivatives/masters/0/03C8F888-7AC7-47BF-ADFA-507267BC70A9_4_5005_c.jpeg"
    ],
    "ultima_modificacion": "2025-08-01 01:01:07.388192"
  },
  "032cd1ed86fb4a47913f5934c6888a4c45005c.jpeg": {
    "app_sintetizada": "032CD1ED86FB4A47913F5934C6888A4C45005C.JPEG",
    "cantidad_archivos": 1,
    "archivos_fuente": [
      "Pictures/Fototeca de Fotos.photoslibrary/resources/derivatives/masters/0/032CD1ED-86FB-4A47-913F-5934C6888A4C_4_5005_c.jpeg"
    ],
    "ultima_modificacion": "2025-08-01 01:01:07.388492"
  },
  "05b2e3d8b19946f2b33d0e699569e13f45005c.jpeg": {
    "app_sintetizada": "05B2E3D8B19946F2B33D0E699569E13F45005C.JPEG",
    "cantidad_archivos": 1,
    "archivos_fuente": [
      "Pictures/Fototeca de Fotos.photoslibrary/resources/derivatives/masters/0/05B2E3D8-B199-46F2-B33D-0E699569E13F_4_5005_c.jpeg"
    ],
    "ultima_modificacion": "2025-08-01 01:01:07.388798"
  },
  "0c6efe10522446a7881144816a08ed6f45005c.jpeg": {
    "app_sintetizada": "0C6EFE10522446A7881144816A08ED6F45005C.JPEG",
    "cantidad_archivos": 1,
    "archivos_fuente": [
      "Pictures/Fototeca de Fotos.photoslibrary/resources/derivatives/masters/0/0C6EFE10-5224-46A7-8811-44816A08ED6F_4_5005_c.jpeg"
    ],
    "ultima_modificacion": "2025-08-01 01:01:07.389105"
  },
  "03695bc300bd4498bd9689b058d12c0e45005c.jpeg": {
    "app_sintetizada": "03695BC300BD4498BD9689B058D12C0E45005C.JPEG",
    "cantidad_archivos": 1,
    "archivos_fuente": [
      "Pictures/Fototeca de Fotos.photoslibrary/resources/derivatives/masters/0/03695BC3-00BD-4498-BD96-89B058D12C0E_4_5005_c.jpeg"
    ],
    "ultima_modificacion": "2025-08-01 01:01:07.389420"
  },
  "01a240aa2cce4011ac6e91981a4681db45005c.jpeg": {
    "app_sintetizada": "01A240AA2CCE4011AC6E91981A4681DB45005C.JPEG",
    "cantidad_archivos": 1,
    "archivos_fuente": [
      "Pictures/Fototeca de Fotos.photoslibrary/resources/derivatives/masters/0/01A240AA-2CCE-4011-AC6E-91981A4681DB_4_5005_c.jpeg"
    ],
    "ultima_modificacion": "2025-08-01 01:01:07.389728"
  },
  "0755783287b3481ca69c31d6a674006b45005c.jpeg": {
    "app_sintetizada": "0755783287B3481CA69C31D6A674006B45005C.JPEG",
    "cantidad_archivos": 1,
    "archivos_fuente": [
      "Pictures/Fototeca de Fotos.photoslibrary/resources/derivatives/masters/0/07557832-87B3-481C-A69C-31D6A674006B_4_5005_c.jpeg"
    ],
    "ultima_modificacion": "2025-08-01 01:01:07.390034"
  },
  "096800ca7c7d494ead378648d79d5b2e45005c.jpeg": {
    "app_sintetizada": "096800CA7C7D494EAD378648D79D5B2E45005C.JPEG",
    "cantidad_archivos": 1,
    "archivos_fuente": [
      "Pictures/Fototeca de Fotos.photoslibrary/resources/derivatives/masters/0/096800CA-7C7D-494E-AD37-8648D79D5B2E_4_5005_c.jpeg"
    ],
    "ultima_modificacion": "2025-08-01 01:01:07.390336"
  },
  "0781f97dc6ea44178d1c9921338237ed45005c.jpeg": {
    "app_sintetizada": "0781F97DC6EA44178D1C9921338237ED45005C.JPEG",
    "cantidad_archivos": 1,
    "archivos_fuente": [
      "Pictures/Fototeca de Fotos.photoslibrary/resources/derivatives/masters/0/0781F97D-C6EA-4417-8D1C-9921338237ED_4_5005_c.jpeg"
    ],
    "ultima_modificacion": "2025-08-01 01:01:07.390665"
  },
  "0a8ed5cd68a7471f90be65037c093b5f45005c.jpeg": {
    "app_sintetizada": "0A8ED5CD68A7471F90BE65037C093B5F45005C.JPEG",
    "cantidad_archivos": 1,
    "archivos_fuente": [
      "Pictures/Fototeca de Fotos.photoslibrary/resources/derivatives/masters/0/0A8ED5CD-68A7-471F-90BE-65037C093B5F_4_5005_c.jpeg"
    ],
    "ultima_modificacion": "2025-08-01 01:01:07.390989"
  },
  "01e4668b48bb4b5ab196746d6bb5788745005c.jpeg": {
    "app_sintetizada": "01E4668B48BB4B5AB196746D6BB5788745005C.JPEG",
    "cantidad_archivos": 1,
    "archivos_fuente": [
      "Pictures/Fototeca de Fotos.photoslibrary/resources/derivatives/masters/0/01E4668B-48BB-4B5A-B196-746D6BB57887_4_5005_c.jpeg"
    ],
    "ultima_modificacion": "2025-08-01 01:01:07.391380"
  },
  "07a5a3d552494e05bfe38c5eae467abb45005c.jpeg": {
    "app_sintetizada": "07A5A3D552494E05BFE38C5EAE467ABB45005C.JPEG",
    "cantidad_archivos": 1,
    "archivos_fuente": [
      "Pictures/Fototeca de Fotos.photoslibrary/resources/derivatives/masters/0/07A5A3D5-5249-4E05-BFE3-8C5EAE467ABB_4_5005_c.jpeg"
    ],
    "ultima_modificacion": "2025-08-01 01:01:07.391683"
  },
  "0bd3f40251d2497b81aafc132e36dd3045005c.jpeg": {
    "app_sintetizada": "0BD3F40251D2497B81AAFC132E36DD3045005C.JPEG",
    "cantidad_archivos": 1,
    "archivos_fuente": [
      "Pictures/Fototeca de Fotos.photoslibrary/resources/derivatives/masters/0/0BD3F402-51D2-497B-81AA-FC132E36DD30_4_5005_c.jpeg"
    ],
    "ultima_modificacion": "2025-08-01 01:01:07.391986"
  },
  "0045b57b7397447894d5db0db077ea2645005c.jpeg": {
    "app_sintetizada": "0045B57B7397447894D5DB0DB077EA2645005C.JPEG",
    "cantidad_archivos": 1,
    "archivos_fuente": [
      "Pictures/Fototeca de Fotos.photoslibrary/resources/derivatives/masters/0/0045B57B-7397-4478-94D5-DB0DB077EA26_4_5005_c.jpeg"
    ],
    "ultima_modificacion": "2025-08-01 01:01:07.392272"
  },
  "0b58e66aaa524fb9b2cdd23e8c76f8e445005c.jpeg": {
    "app_sintetizada": "0B58E66AAA524FB9B2CDD23E8C76F8E445005C.JPEG",
    "cantidad_archivos": 1,
    "archivos_fuente": [
      "Pictures/Fototeca de Fotos.photoslibrary/resources/derivatives/masters/0/0B58E66A-AA52-4FB9-B2CD-D23E8C76F8E4_4_5005_c.jpeg"
    ],
    "ultima_modificacion": "2025-08-01 01:01:07.392584"
  },
  "039cbfa2be3b4ad685ae1817135a7dbf45005c.jpeg": {
    "app_sintetizada": "039CBFA2BE3B4AD685AE1817135A7DBF45005C.JPEG",
    "cantidad_archivos": 1,
    "archivos_fuente": [
      "Pictures/Fototeca de Fotos.photoslibrary/resources/derivatives/masters/0/039CBFA2-BE3B-4AD6-85AE-1817135A7DBF_4_5005_c.jpeg"
    ],
    "ultima_modificacion": "2025-08-01 01:01:07.392924"
  },
  "05543ec430054a54900a16136750adcf45005c.jpeg": {
    "app_sintetizada": "05543EC430054A54900A16136750ADCF45005C.JPEG",
    "cantidad_archivos": 1,
    "archivos_fuente": [
      "Pictures/Fototeca de Fotos.photoslibrary/resources/derivatives/masters/0/05543EC4-3005-4A54-900A-16136750ADCF_4_5005_c.jpeg"
    ],
    "ultima_modificacion": "2025-08-01 01:01:07.393260"
  },
  "0d3002c9931e4843814bad0d004348b145005c.jpeg": {
    "app_sintetizada": "0D3002C9931E4843814BAD0D004348B145005C.JPEG",
    "cantidad_archivos": 1,
    "archivos_fuente": [
      "Pictures/Fototeca de Fotos.photoslibrary/resources/derivatives/masters/0/0D3002C9-931E-4843-814B-AD0D004348B1_4_5005_c.jpeg"
    ],
    "ultima_modificacion": "2025-08-01 01:01:07.393661"
  },
  "03eee35e369045f888b81d182ff101f545005c.jpeg": {
    "app_sintetizada": "03EEE35E369045F888B81D182FF101F545005C.JPEG",
    "cantidad_archivos": 1,
    "archivos_fuente": [
      "Pictures/Fototeca de Fotos.photoslibrary/resources/derivatives/masters/0/03EEE35E-3690-45F8-88B8-1D182FF101F5_4_5005_c.jpeg"
    ],
    "ultima_modificacion": "2025-08-01 01:01:07.394012"
  },
  "0edb1d192dfc4c5dbde2337add7fdffa45005c.jpeg": {
    "app_sintetizada": "0EDB1D192DFC4C5DBDE2337ADD7FDFFA45005C.JPEG",
    "cantidad_archivos": 1,
    "archivos_fuente": [
      "Pictures/Fototeca de Fotos.photoslibrary/resources/derivatives/masters/0/0EDB1D19-2DFC-4C5D-BDE2-337ADD7FDFFA_4_5005_c.jpeg"
    ],
    "ultima_modificacion": "2025-08-01 01:01:07.394339"
  },
  "04f2084ef72f422d93e1e56f7b37440845005c.jpeg": {
    "app_sintetizada": "04F2084EF72F422D93E1E56F7B37440845005C.JPEG",
    "cantidad_archivos": 1,
    "archivos_fuente": [
      "Pictures/Fototeca de Fotos.photoslibrary/resources/derivatives/masters/0/04F2084E-F72F-422D-93E1-E56F7B374408_4_5005_c.jpeg"
    ],
    "ultima_modificacion": "2025-08-01 01:01:07.394658"
  },
  "0933880014f04f4ba82e36a4db368c9045005c.jpeg": {
    "app_sintetizada": "0933880014F04F4BA82E36A4DB368C9045005C.JPEG",
    "cantidad_archivos": 1,
    "archivos_fuente": [
      "Pictures/Fototeca de Fotos.photoslibrary/resources/derivatives/masters/0/09338800-14F0-4F4B-A82E-36A4DB368C90_4_5005_c.jpeg"
    ],
    "ultima_modificacion": "2025-08-01 01:01:07.395004"
  },
  "0ade687ab5c44e0bac3375e7ccad73c245005c.jpeg": {
    "app_sintetizada": "0ADE687AB5C44E0BAC3375E7CCAD73C245005C.JPEG",
    "cantidad_archivos": 1,
    "archivos_fuente": [
      "Pictures/Fototeca de Fotos.photoslibrary/resources/derivatives/masters/0/0ADE687A-B5C4-4E0B-AC33-75E7CCAD73C2_4_5005_c.jpeg"
    ],
    "ultima_modificacion": "2025-08-01 01:01:07.395305"
  },
  "01a9a75a6f70401f82e52b609f1fb13c45005c.jpeg": {
    "app_sintetizada": "01A9A75A6F70401F82E52B609F1FB13C45005C.JPEG",
    "cantidad_archivos": 1,
    "archivos_fuente": [
      "Pictures/Fototeca de Fotos.photoslibrary/resources/derivatives/masters/0/01A9A75A-6F70-401F-82E5-2B609F1FB13C_4_5005_c.jpeg"
    ],
    "ultima_modificacion": "2025-08-01 01:01:07.395694"
  },
  "000624369ef04d0da2f184ac4c2949d545005c.jpeg": {
    "app_sintetizada": "000624369EF04D0DA2F184AC4C2949D545005C.JPEG",
    "cantidad_archivos": 1,
    "archivos_fuente": [
      "Pictures/Fototeca de Fotos.photoslibrary/resources/derivatives/masters/0/00062436-9EF0-4D0D-A2F1-84AC4C2949D5_4_5005_c.jpeg"
    ],
    "ultima_modificacion": "2025-08-01 01:01:07.396022"
  },
  "0478076b661e44e2a75e504bb5e305f845005c.jpeg": {
    "app_sintetizada": "0478076B661E44E2A75E504BB5E305F845005C.JPEG",
    "cantidad_archivos": 1,
    "archivos_fuente": [
      "Pictures/Fototeca de Fotos.photoslibrary/resources/derivatives/masters/0/0478076B-661E-44E2-A75E-504BB5E305F8_4_5005_c.jpeg"
    ],
    "ultima_modificacion": "2025-08-01 01:01:07.396315"
  },
  "00423a347d6546d4bf9a1aa7efec070945005c.jpeg": {
    "app_sintetizada": "00423A347D6546D4BF9A1AA7EFEC070945005C.JPEG",
    "cantidad_archivos": 1,
    "archivos_fuente": [
      "Pictures/Fototeca de Fotos.photoslibrary/resources/derivatives/masters/0/00423A34-7D65-46D4-BF9A-1AA7EFEC0709_4_5005_c.jpeg"
    ],
    "ultima_modificacion": "2025-08-01 01:01:07.396620"
  },
  "0a54587bcc5e4f3887674ae30d914e4645005c.jpeg": {
    "app_sintetizada": "0A54587BCC5E4F3887674AE30D914E4645005C.JPEG",
    "cantidad_archivos": 1,
    "archivos_fuente": [
      "Pictures/Fototeca de Fotos.photoslibrary/resources/derivatives/masters/0/0A54587B-CC5E-4F38-8767-4AE30D914E46_4_5005_c.jpeg"
    ],
    "ultima_modificacion": "2025-08-01 01:01:07.396973"
  },
  "0bc44134d3bd46d888b712deac8f33a045005c.jpeg": {
    "app_sintetizada": "0BC44134D3BD46D888B712DEAC8F33A045005C.JPEG",
    "cantidad_archivos": 1,
    "archivos_fuente": [
      "Pictures/Fototeca de Fotos.photoslibrary/resources/derivatives/masters/0/0BC44134-D3BD-46D8-88B7-12DEAC8F33A0_4_5005_c.jpeg"
    ],
    "ultima_modificacion": "2025-08-01 01:01:07.397303"
  },
  "0627d28378b24c03a8ee83acb9b413d345005c.jpeg": {
    "app_sintetizada": "0627D28378B24C03A8EE83ACB9B413D345005C.JPEG",
    "cantidad_archivos": 1,
    "archivos_fuente": [
      "Pictures/Fototeca de Fotos.photoslibrary/resources/derivatives/masters/0/0627D283-78B2-4C03-A8EE-83ACB9B413D3_4_5005_c.jpeg"
    ],
    "ultima_modificacion": "2025-08-01 01:01:07.397621"
  },
  "03e3ff3715914c70909b9cb234a211bd45005c.jpeg": {
    "app_sintetizada": "03E3FF3715914C70909B9CB234A211BD45005C.JPEG",
    "cantidad_archivos": 1,
    "archivos_fuente": [
      "Pictures/Fototeca de Fotos.photoslibrary/resources/derivatives/masters/0/03E3FF37-1591-4C70-909B-9CB234A211BD_4_5005_c.jpeg"
    ],
    "ultima_modificacion": "2025-08-01 01:01:07.397931"
  },
  "00a02bd17d924261af555bd4d8b1b31f45005c.jpeg": {
    "app_sintetizada": "00A02BD17D924261AF555BD4D8B1B31F45005C.JPEG",
    "cantidad_archivos": 1,
    "archivos_fuente": [
      "Pictures/Fototeca de Fotos.photoslibrary/resources/derivatives/masters/0/00A02BD1-7D92-4261-AF55-5BD4D8B1B31F_4_5005_c.jpeg"
    ],
    "ultima_modificacion": "2025-08-01 01:01:07.398235"
  },
  "0390159995d5414a8ccd9769f72c8ccd45005c.jpeg": {
    "app_sintetizada": "0390159995D5414A8CCD9769F72C8CCD45005C.JPEG",
    "cantidad_archivos": 1,
    "archivos_fuente": [
      "Pictures/Fototeca de Fotos.photoslibrary/resources/derivatives/masters/0/03901599-95D5-414A-8CCD-9769F72C8CCD_4_5005_c.jpeg"
    ],
    "ultima_modificacion": "2025-08-01 01:01:07.398547"
  },
  "027f34d5be2a41f99d26eb81ed7c17f545005c.jpeg": {
    "app_sintetizada": "027F34D5BE2A41F99D26EB81ED7C17F545005C.JPEG",
    "cantidad_archivos": 1,
    "archivos_fuente": [
      "Pictures/Fototeca de Fotos.photoslibrary/resources/derivatives/masters/0/027F34D5-BE2A-41F9-9D26-EB81ED7C17F5_4_5005_c.jpeg"
    ],
    "ultima_modificacion": "2025-08-01 01:01:07.398860"
  },
  "087ddaba629a41d69967325bcb3d108b45005c.jpeg": {
    "app_sintetizada": "087DDABA629A41D69967325BCB3D108B45005C.JPEG",
    "cantidad_archivos": 1,
    "archivos_fuente": [
      "Pictures/Fototeca de Fotos.photoslibrary/resources/derivatives/masters/0/087DDABA-629A-41D6-9967-325BCB3D108B_4_5005_c.jpeg"
    ],
    "ultima_modificacion": "2025-08-01 01:01:07.399130"
  },
  "0f5a1da6112d42a4830a7f00e7f52d5045005c.jpeg": {
    "app_sintetizada": "0F5A1DA6112D42A4830A7F00E7F52D5045005C.JPEG",
    "cantidad_archivos": 1,
    "archivos_fuente": [
      "Pictures/Fototeca de Fotos.photoslibrary/resources/derivatives/masters/0/0F5A1DA6-112D-42A4-830A-7F00E7F52D50_4_5005_c.jpeg"
    ],
    "ultima_modificacion": "2025-08-01 01:01:07.399439"
  },
  "0001bf0b746b4a16875bc67c07f78bba45005c.jpeg": {
    "app_sintetizada": "0001BF0B746B4A16875BC67C07F78BBA45005C.JPEG",
    "cantidad_archivos": 1,
    "archivos_fuente": [
      "Pictures/Fototeca de Fotos.photoslibrary/resources/derivatives/masters/0/0001BF0B-746B-4A16-875B-C67C07F78BBA_4_5005_c.jpeg"
    ],
    "ultima_modificacion": "2025-08-01 01:01:07.399691"
  },
  "01315fdab0594947b8c3e91584ad9aad45005c.jpeg": {
    "app_sintetizada": "01315FDAB0594947B8C3E91584AD9AAD45005C.JPEG",
    "cantidad_archivos": 1,
    "archivos_fuente": [
      "Pictures/Fototeca de Fotos.photoslibrary/resources/derivatives/masters/0/01315FDA-B059-4947-B8C3-E91584AD9AAD_4_5005_c.jpeg"
    ],
    "ultima_modificacion": "2025-08-01 01:01:07.399928"
  },
  "0ee693be40ad4cfd8f6cacb530909fe445005c.jpeg": {
    "app_sintetizada": "0EE693BE40AD4CFD8F6CACB530909FE445005C.JPEG",
    "cantidad_archivos": 1,
    "archivos_fuente": [
      "Pictures/Fototeca de Fotos.photoslibrary/resources/derivatives/masters/0/0EE693BE-40AD-4CFD-8F6C-ACB530909FE4_4_5005_c.jpeg"
    ],
    "ultima_modificacion": "2025-08-01 01:01:07.400198"
  },
  "0cdd9789a44e4bcd9c0d75372ec4f60445005c.jpeg": {
    "app_sintetizada": "0CDD9789A44E4BCD9C0D75372EC4F60445005C.JPEG",
    "cantidad_archivos": 1,
    "archivos_fuente": [
      "Pictures/Fototeca de Fotos.photoslibrary/resources/derivatives/masters/0/0CDD9789-A44E-4BCD-9C0D-75372EC4F604_4_5005_c.jpeg"
    ],
    "ultima_modificacion": "2025-08-01 01:01:07.400541"
  },
  "02e23bd6ae314efd9930bf81be54c6f045005c.jpeg": {
    "app_sintetizada": "02E23BD6AE314EFD9930BF81BE54C6F045005C.JPEG",
    "cantidad_archivos": 1,
    "archivos_fuente": [
      "Pictures/Fototeca de Fotos.photoslibrary/resources/derivatives/masters/0/02E23BD6-AE31-4EFD-9930-BF81BE54C6F0_4_5005_c.jpeg"
    ],
    "ultima_modificacion": "2025-08-01 01:01:07.400861"
  },
  "0bbc064ef82646a28fa082f97fbd620e45005c.jpeg": {
    "app_sintetizada": "0BBC064EF82646A28FA082F97FBD620E45005C.JPEG",
    "cantidad_archivos": 1,
    "archivos_fuente": [
      "Pictures/Fototeca de Fotos.photoslibrary/resources/derivatives/masters/0/0BBC064E-F826-46A2-8FA0-82F97FBD620E_4_5005_c.jpeg"
    ],
    "ultima_modificacion": "2025-08-01 01:01:07.401148"
  },
  "09cb26f0e3bb469ba5b58ab1e0d0802445005c.jpeg": {
    "app_sintetizada": "09CB26F0E3BB469BA5B58AB1E0D0802445005C.JPEG",
    "cantidad_archivos": 1,
    "archivos_fuente": [
      "Pictures/Fototeca de Fotos.photoslibrary/resources/derivatives/masters/0/09CB26F0-E3BB-469B-A5B5-8AB1E0D08024_4_5005_c.jpeg"
    ],
    "ultima_modificacion": "2025-08-01 01:01:07.401440"
  },
  "0b0ea472e2084563a600cef04b6c51ec45005c.jpeg": {
    "app_sintetizada": "0B0EA472E2084563A600CEF04B6C51EC45005C.JPEG",
    "cantidad_archivos": 1,
    "archivos_fuente": [
      "Pictures/Fototeca de Fotos.photoslibrary/resources/derivatives/masters/0/0B0EA472-E208-4563-A600-CEF04B6C51EC_4_5005_c.jpeg"
    ],
    "ultima_modificacion": "2025-08-01 01:01:07.401755"
  },
  "0229595fdbbe49fdaf2feaf0fd4c6ad245005c.jpeg": {
    "app_sintetizada": "0229595FDBBE49FDAF2FEAF0FD4C6AD245005C.JPEG",
    "cantidad_archivos": 1,
    "archivos_fuente": [
      "Pictures/Fototeca de Fotos.photoslibrary/resources/derivatives/masters/0/0229595F-DBBE-49FD-AF2F-EAF0FD4C6AD2_4_5005_c.jpeg"
    ],
    "ultima_modificacion": "2025-08-01 01:01:07.402058"
  },
  "0df2c28ad5ca408abdc75f267a8067e045005c.jpeg": {
    "app_sintetizada": "0DF2C28AD5CA408ABDC75F267A8067E045005C.JPEG",
    "cantidad_archivos": 1,
    "archivos_fuente": [
      "Pictures/Fototeca de Fotos.photoslibrary/resources/derivatives/masters/0/0DF2C28A-D5CA-408A-BDC7-5F267A8067E0_4_5005_c.jpeg"
    ],
    "ultima_modificacion": "2025-08-01 01:01:07.402361"
  },
  "0f7238cd87c644f18afe7927f5ead4a545005c.jpeg": {
    "app_sintetizada": "0F7238CD87C644F18AFE7927F5EAD4A545005C.JPEG",
    "cantidad_archivos": 1,
    "archivos_fuente": [
      "Pictures/Fototeca de Fotos.photoslibrary/resources/derivatives/masters/0/0F7238CD-87C6-44F1-8AFE-7927F5EAD4A5_4_5005_c.jpeg"
    ],
    "ultima_modificacion": "2025-08-01 01:01:07.402670"
  },
  "0036dac020bf4e548f9fd249003eaa2a45005c.jpeg": {
    "app_sintetizada": "0036DAC020BF4E548F9FD249003EAA2A45005C.JPEG",
    "cantidad_archivos": 1,
    "archivos_fuente": [
      "Pictures/Fototeca de Fotos.photoslibrary/resources/derivatives/masters/0/0036DAC0-20BF-4E54-8F9F-D249003EAA2A_4_5005_c.jpeg"
    ],
    "ultima_modificacion": "2025-08-01 01:01:07.402982"
  },
  "0375a0aeaa27402ba4d3f9f7aeeed78d45005c.jpeg": {
    "app_sintetizada": "0375A0AEAA27402BA4D3F9F7AEEED78D45005C.JPEG",
    "cantidad_archivos": 1,
    "archivos_fuente": [
      "Pictures/Fototeca de Fotos.photoslibrary/resources/derivatives/masters/0/0375A0AE-AA27-402B-A4D3-F9F7AEEED78D_4_5005_c.jpeg"
    ],
    "ultima_modificacion": "2025-08-01 01:01:07.403332"
  },
  "0fbe84d9eaf04af0a2f453a10f3b342845005c.jpeg": {
    "app_sintetizada": "0FBE84D9EAF04AF0A2F453A10F3B342845005C.JPEG",
    "cantidad_archivos": 1,
    "archivos_fuente": [
      "Pictures/Fototeca de Fotos.photoslibrary/resources/derivatives/masters/0/0FBE84D9-EAF0-4AF0-A2F4-53A10F3B3428_4_5005_c.jpeg"
    ],
    "ultima_modificacion": "2025-08-01 01:01:07.403723"
  },
  "0ea132e3dd8c471d8b214af9b94a8c2545005c.jpeg": {
    "app_sintetizada": "0EA132E3DD8C471D8B214AF9B94A8C2545005C.JPEG",
    "cantidad_archivos": 1,
    "archivos_fuente": [
      "Pictures/Fototeca de Fotos.photoslibrary/resources/derivatives/masters/0/0EA132E3-DD8C-471D-8B21-4AF9B94A8C25_4_5005_c.jpeg"
    ],
    "ultima_modificacion": "2025-08-01 01:01:07.404023"
  },
  "00b25ac05e534ea69d4048adee002e9e45005c.jpeg": {
    "app_sintetizada": "00B25AC05E534EA69D4048ADEE002E9E45005C.JPEG",
    "cantidad_archivos": 1,
    "archivos_fuente": [
      "Pictures/Fototeca de Fotos.photoslibrary/resources/derivatives/masters/0/00B25AC0-5E53-4EA6-9D40-48ADEE002E9E_4_5005_c.jpeg"
    ],
    "ultima_modificacion": "2025-08-01 01:01:07.404364"
  },
  "03e2f8d82e50489391eac9f80286e94745005c.jpeg": {
    "app_sintetizada": "03E2F8D82E50489391EAC9F80286E94745005C.JPEG",
    "cantidad_archivos": 1,
    "archivos_fuente": [
      "Pictures/Fototeca de Fotos.photoslibrary/resources/derivatives/masters/0/03E2F8D8-2E50-4893-91EA-C9F80286E947_4_5005_c.jpeg"
    ],
    "ultima_modificacion": "2025-08-01 01:01:07.404688"
  },
  "085a60dfcbd04c2492985d2f36a320b045005c.jpeg": {
    "app_sintetizada": "085A60DFCBD04C2492985D2F36A320B045005C.JPEG",
    "cantidad_archivos": 1,
    "archivos_fuente": [
      "Pictures/Fototeca de Fotos.photoslibrary/resources/derivatives/masters/0/085A60DF-CBD0-4C24-9298-5D2F36A320B0_4_5005_c.jpeg"
    ],
    "ultima_modificacion": "2025-08-01 01:01:07.404977"
  },
  "0406531c7b7c44b99364ad9fd587328f45005c.jpeg": {
    "app_sintetizada": "0406531C7B7C44B99364AD9FD587328F45005C.JPEG",
    "cantidad_archivos": 1,
    "archivos_fuente": [
      "Pictures/Fototeca de Fotos.photoslibrary/resources/derivatives/masters/0/0406531C-7B7C-44B9-9364-AD9FD587328F_4_5005_c.jpeg"
    ],
    "ultima_modificacion": "2025-08-01 01:01:07.405306"
  },
  "05e8fc9d1e3a4106ba4937bfbf6807d245005c.jpeg": {
    "app_sintetizada": "05E8FC9D1E3A4106BA4937BFBF6807D245005C.JPEG",
    "cantidad_archivos": 1,
    "archivos_fuente": [
      "Pictures/Fototeca de Fotos.photoslibrary/resources/derivatives/masters/0/05E8FC9D-1E3A-4106-BA49-37BFBF6807D2_4_5005_c.jpeg"
    ],
    "ultima_modificacion": "2025-08-01 01:01:07.405651"
  },
  "0a4e5e52938649bcae0ed3da1db51d9445005c.jpeg": {
    "app_sintetizada": "0A4E5E52938649BCAE0ED3DA1DB51D9445005C.JPEG",
    "cantidad_archivos": 1,
    "archivos_fuente": [
      "Pictures/Fototeca de Fotos.photoslibrary/resources/derivatives/masters/0/0A4E5E52-9386-49BC-AE0E-D3DA1DB51D94_4_5005_c.jpeg"
    ],
    "ultima_modificacion": "2025-08-01 01:01:07.406082"
  },
  "02d933a970c3414abeedd52e751b17a245005c.jpeg": {
    "app_sintetizada": "02D933A970C3414ABEEDD52E751B17A245005C.JPEG",
    "cantidad_archivos": 1,
    "archivos_fuente": [
      "Pictures/Fototeca de Fotos.photoslibrary/resources/derivatives/masters/0/02D933A9-70C3-414A-BEED-D52E751B17A2_4_5005_c.jpeg"
    ],
    "ultima_modificacion": "2025-08-01 01:01:07.406423"
  },
  "0a7873553c624715be83f45bdf161dab45005c.jpeg": {
    "app_sintetizada": "0A7873553C624715BE83F45BDF161DAB45005C.JPEG",
    "cantidad_archivos": 1,
    "archivos_fuente": [
      "Pictures/Fototeca de Fotos.photoslibrary/resources/derivatives/masters/0/0A787355-3C62-4715-BE83-F45BDF161DAB_4_5005_c.jpeg"
    ],
    "ultima_modificacion": "2025-08-01 01:01:07.406781"
  },
  "0160ee5c627c40ccb82eda969218782745005c.jpeg": {
    "app_sintetizada": "0160EE5C627C40CCB82EDA969218782745005C.JPEG",
    "cantidad_archivos": 1,
    "archivos_fuente": [
      "Pictures/Fototeca de Fotos.photoslibrary/resources/derivatives/masters/0/0160EE5C-627C-40CC-B82E-DA9692187827_4_5005_c.jpeg"
    ],
    "ultima_modificacion": "2025-08-01 01:01:07.407099"
  },
  "037743b74ac5468cad3264bd4ac4ffef45005c.jpeg": {
    "app_sintetizada": "037743B74AC5468CAD3264BD4AC4FFEF45005C.JPEG",
    "cantidad_archivos": 1,
    "archivos_fuente": [
      "Pictures/Fototeca de Fotos.photoslibrary/resources/derivatives/masters/0/037743B7-4AC5-468C-AD32-64BD4AC4FFEF_4_5005_c.jpeg"
    ],
    "ultima_modificacion": "2025-08-01 01:01:07.407430"
  },
  "098cfefda4934989a5f7543a447442d045005c.jpeg": {
    "app_sintetizada": "098CFEFDA4934989A5F7543A447442D045005C.JPEG",
    "cantidad_archivos": 1,
    "archivos_fuente": [
      "Pictures/Fototeca de Fotos.photoslibrary/resources/derivatives/masters/0/098CFEFD-A493-4989-A5F7-543A447442D0_4_5005_c.jpeg"
    ],
    "ultima_modificacion": "2025-08-01 01:01:07.407772"
  },
  "0b7df4b85d1b40bd8d904b5982ad77d745005c.jpeg": {
    "app_sintetizada": "0B7DF4B85D1B40BD8D904B5982AD77D745005C.JPEG",
    "cantidad_archivos": 1,
    "archivos_fuente": [
      "Pictures/Fototeca de Fotos.photoslibrary/resources/derivatives/masters/0/0B7DF4B8-5D1B-40BD-8D90-4B5982AD77D7_4_5005_c.jpeg"
    ],
    "ultima_modificacion": "2025-08-01 01:01:07.408124"
  },
  "0293297735144be98d8ff40ab313154545005c.jpeg": {
    "app_sintetizada": "0293297735144BE98D8FF40AB313154545005C.JPEG",
    "cantidad_archivos": 1,
    "archivos_fuente": [
      "Pictures/Fototeca de Fotos.photoslibrary/resources/derivatives/masters/0/02932977-3514-4BE9-8D8F-F40AB3131545_4_5005_c.jpeg"
    ],
    "ultima_modificacion": "2025-08-01 01:01:07.408481"
  },
  "0dc7e7ffcc27457a8ff33d6876572fce45005c.jpeg": {
    "app_sintetizada": "0DC7E7FFCC27457A8FF33D6876572FCE45005C.JPEG",
    "cantidad_archivos": 1,
    "archivos_fuente": [
      "Pictures/Fototeca de Fotos.photoslibrary/resources/derivatives/masters/0/0DC7E7FF-CC27-457A-8FF3-3D6876572FCE_4_5005_c.jpeg"
    ],
    "ultima_modificacion": "2025-08-01 01:01:07.408836"
  },
  "0dd914b4ce424c13aa2b60987503f9f545005c.jpeg": {
    "app_sintetizada": "0DD914B4CE424C13AA2B60987503F9F545005C.JPEG",
    "cantidad_archivos": 1,
    "archivos_fuente": [
      "Pictures/Fototeca de Fotos.photoslibrary/resources/derivatives/masters/0/0DD914B4-CE42-4C13-AA2B-60987503F9F5_4_5005_c.jpeg"
    ],
    "ultima_modificacion": "2025-08-01 01:01:07.409180"
  },
  "0f210132f3504b65911af56c3dc8bb7645005c.jpeg": {
    "app_sintetizada": "0F210132F3504B65911AF56C3DC8BB7645005C.JPEG",
    "cantidad_archivos": 1,
    "archivos_fuente": [
      "Pictures/Fototeca de Fotos.photoslibrary/resources/derivatives/masters/0/0F210132-F350-4B65-911A-F56C3DC8BB76_4_5005_c.jpeg"
    ],
    "ultima_modificacion": "2025-08-01 01:01:07.409495"
  },
  "013b9551256e4ce19261e70374c2369745005c.jpeg": {
    "app_sintetizada": "013B9551256E4CE19261E70374C2369745005C.JPEG",
    "cantidad_archivos": 1,
    "archivos_fuente": [
      "Pictures/Fototeca de Fotos.photoslibrary/resources/derivatives/masters/0/013B9551-256E-4CE1-9261-E70374C23697_4_5005_c.jpeg"
    ],
    "ultima_modificacion": "2025-08-01 01:01:07.409824"
  },
  "02ad6ee1d27a47b58acec8c0213bd01545005c.jpeg": {
    "app_sintetizada": "02AD6EE1D27A47B58ACEC8C0213BD01545005C.JPEG",
    "cantidad_archivos": 1,
    "archivos_fuente": [
      "Pictures/Fototeca de Fotos.photoslibrary/resources/derivatives/masters/0/02AD6EE1-D27A-47B5-8ACE-C8C0213BD015_4_5005_c.jpeg"
    ],
    "ultima_modificacion": "2025-08-01 01:01:07.410187"
  },
  "00522df7b5084d0fadb72988d7cfed1f45005c.jpeg": {
    "app_sintetizada": "00522DF7B5084D0FADB72988D7CFED1F45005C.JPEG",
    "cantidad_archivos": 1,
    "archivos_fuente": [
      "Pictures/Fototeca de Fotos.photoslibrary/resources/derivatives/masters/0/00522DF7-B508-4D0F-ADB7-2988D7CFED1F_4_5005_c.jpeg"
    ],
    "ultima_modificacion": "2025-08-01 01:01:07.410540"
  },
  "0ca3003b9a744d41a5bceb06ed218d1045005c.jpeg": {
    "app_sintetizada": "0CA3003B9A744D41A5BCEB06ED218D1045005C.JPEG",
    "cantidad_archivos": 1,
    "archivos_fuente": [
      "Pictures/Fototeca de Fotos.photoslibrary/resources/derivatives/masters/0/0CA3003B-9A74-4D41-A5BC-EB06ED218D10_4_5005_c.jpeg"
    ],
    "ultima_modificacion": "2025-08-01 01:01:07.410894"
  },
  "0b7091b05bf64304891327344fc7278945005c.jpeg": {
    "app_sintetizada": "0B7091B05BF64304891327344FC7278945005C.JPEG",
    "cantidad_archivos": 1,
    "archivos_fuente": [
      "Pictures/Fototeca de Fotos.photoslibrary/resources/derivatives/masters/0/0B7091B0-5BF6-4304-8913-27344FC72789_4_5005_c.jpeg"
    ],
    "ultima_modificacion": "2025-08-01 01:01:07.411270"
  },
  "0fdec1842bd9400fbdcba1a521fa8dc345005c.jpeg": {
    "app_sintetizada": "0FDEC1842BD9400FBDCBA1A521FA8DC345005C.JPEG",
    "cantidad_archivos": 1,
    "archivos_fuente": [
      "Pictures/Fototeca de Fotos.photoslibrary/resources/derivatives/masters/0/0FDEC184-2BD9-400F-BDCB-A1A521FA8DC3_4_5005_c.jpeg"
    ],
    "ultima_modificacion": "2025-08-01 01:01:07.411563"
  },
  "0a11db6318824d18b287cf6df1e65ab245005c.jpeg": {
    "app_sintetizada": "0A11DB6318824D18B287CF6DF1E65AB245005C.JPEG",
    "cantidad_archivos": 1,
    "archivos_fuente": [
      "Pictures/Fototeca de Fotos.photoslibrary/resources/derivatives/masters/0/0A11DB63-1882-4D18-B287-CF6DF1E65AB2_4_5005_c.jpeg"
    ],
    "ultima_modificacion": "2025-08-01 01:01:07.411911"
  },
  "0c99c8740dda445fbede0b97b8c1d33b45005c.jpeg": {
    "app_sintetizada": "0C99C8740DDA445FBEDE0B97B8C1D33B45005C.JPEG",
    "cantidad_archivos": 1,
    "archivos_fuente": [
      "Pictures/Fototeca de Fotos.photoslibrary/resources/derivatives/masters/0/0C99C874-0DDA-445F-BEDE-0B97B8C1D33B_4_5005_c.jpeg"
    ],
    "ultima_modificacion": "2025-08-01 01:01:07.412238"
  },
  "0c49c00527f845228b784e90f70b771c45005c.jpeg": {
    "app_sintetizada": "0C49C00527F845228B784E90F70B771C45005C.JPEG",
    "cantidad_archivos": 1,
    "archivos_fuente": [
      "Pictures/Fototeca de Fotos.photoslibrary/resources/derivatives/masters/0/0C49C005-27F8-4522-8B78-4E90F70B771C_4_5005_c.jpeg"
    ],
    "ultima_modificacion": "2025-08-01 01:01:07.412516"
  },
  "0e10c2779a274a20bcd314c7b6e4752e45005c.jpeg": {
    "app_sintetizada": "0E10C2779A274A20BCD314C7B6E4752E45005C.JPEG",
    "cantidad_archivos": 1,
    "archivos_fuente": [
      "Pictures/Fototeca de Fotos.photoslibrary/resources/derivatives/masters/0/0E10C277-9A27-4A20-BCD3-14C7B6E4752E_4_5005_c.jpeg"
    ],
    "ultima_modificacion": "2025-08-01 01:01:07.412827"
  },
  "092ce58bcba9473d863782628532e74445005c.jpeg": {
    "app_sintetizada": "092CE58BCBA9473D863782628532E74445005C.JPEG",
    "cantidad_archivos": 1,
    "archivos_fuente": [
      "Pictures/Fototeca de Fotos.photoslibrary/resources/derivatives/masters/0/092CE58B-CBA9-473D-8637-82628532E744_4_5005_c.jpeg"
    ],
    "ultima_modificacion": "2025-08-01 01:01:07.413091"
  },
  "034f8ed41c564dba82701a963deb6d0d45005c.jpeg": {
    "app_sintetizada": "034F8ED41C564DBA82701A963DEB6D0D45005C.JPEG",
    "cantidad_archivos": 1,
    "archivos_fuente": [
      "Pictures/Fototeca de Fotos.photoslibrary/resources/derivatives/masters/0/034F8ED4-1C56-4DBA-8270-1A963DEB6D0D_4_5005_c.jpeg"
    ],
    "ultima_modificacion": "2025-08-01 01:01:07.413400"
  },
  "030ad145e5e24a649ac194c17b5d903545005c.jpeg": {
    "app_sintetizada": "030AD145E5E24A649AC194C17B5D903545005C.JPEG",
    "cantidad_archivos": 1,
    "archivos_fuente": [
      "Pictures/Fototeca de Fotos.photoslibrary/resources/derivatives/masters/0/030AD145-E5E2-4A64-9AC1-94C17B5D9035_4_5005_c.jpeg"
    ],
    "ultima_modificacion": "2025-08-01 01:01:07.413678"
  },
  "08c716233d404acc83f52f6c6b18d3e245005c.jpeg": {
    "app_sintetizada": "08C716233D404ACC83F52F6C6B18D3E245005C.JPEG",
    "cantidad_archivos": 1,
    "archivos_fuente": [
      "Pictures/Fototeca de Fotos.photoslibrary/resources/derivatives/masters/0/08C71623-3D40-4ACC-83F5-2F6C6B18D3E2_4_5005_c.jpeg"
    ],
    "ultima_modificacion": "2025-08-01 01:01:07.413943"
  },
  "0e92082896294bbeb4dae4a6e6b0f76c45005c.jpeg": {
    "app_sintetizada": "0E92082896294BBEB4DAE4A6E6B0F76C45005C.JPEG",
    "cantidad_archivos": 1,
    "archivos_fuente": [
      "Pictures/Fototeca de Fotos.photoslibrary/resources/derivatives/masters/0/0E920828-9629-4BBE-B4DA-E4A6E6B0F76C_4_5005_c.jpeg"
    ],
    "ultima_modificacion": "2025-08-01 01:01:07.414261"
  },
  "0fdf6a390df7412cab36148872a8208645005c.jpeg": {
    "app_sintetizada": "0FDF6A390DF7412CAB36148872A8208645005C.JPEG",
    "cantidad_archivos": 1,
    "archivos_fuente": [
      "Pictures/Fototeca de Fotos.photoslibrary/resources/derivatives/masters/0/0FDF6A39-0DF7-412C-AB36-148872A82086_4_5005_c.jpeg"
    ],
    "ultima_modificacion": "2025-08-01 01:01:07.414521"
  },
  "00a7c402d62b4960b4107ea875b93b9745005c.jpeg": {
    "app_sintetizada": "00A7C402D62B4960B4107EA875B93B9745005C.JPEG",
    "cantidad_archivos": 1,
    "archivos_fuente": [
      "Pictures/Fototeca de Fotos.photoslibrary/resources/derivatives/masters/0/00A7C402-D62B-4960-B410-7EA875B93B97_4_5005_c.jpeg"
    ],
    "ultima_modificacion": "2025-08-01 01:01:07.414781"
  },
  "0e60b6d18964490e90c902d5a853216045005c.jpeg": {
    "app_sintetizada": "0E60B6D18964490E90C902D5A853216045005C.JPEG",
    "cantidad_archivos": 1,
    "archivos_fuente": [
      "Pictures/Fototeca de Fotos.photoslibrary/resources/derivatives/masters/0/0E60B6D1-8964-490E-90C9-02D5A8532160_4_5005_c.jpeg"
    ],
    "ultima_modificacion": "2025-08-01 01:01:07.415082"
  },
  "01e4c46cabad43f0ad29a94ee01c12d145005c.jpeg": {
    "app_sintetizada": "01E4C46CABAD43F0AD29A94EE01C12D145005C.JPEG",
    "cantidad_archivos": 1,
    "archivos_fuente": [
      "Pictures/Fototeca de Fotos.photoslibrary/resources/derivatives/masters/0/01E4C46C-ABAD-43F0-AD29-A94EE01C12D1_4_5005_c.jpeg"
    ],
    "ultima_modificacion": "2025-08-01 01:01:07.415353"
  },
  "0b5e519e7c2243ba9ef7aa4e73f6f89b45005c.jpeg": {
    "app_sintetizada": "0B5E519E7C2243BA9EF7AA4E73F6F89B45005C.JPEG",
    "cantidad_archivos": 1,
    "archivos_fuente": [
      "Pictures/Fototeca de Fotos.photoslibrary/resources/derivatives/masters/0/0B5E519E-7C22-43BA-9EF7-AA4E73F6F89B_4_5005_c.jpeg"
    ],
    "ultima_modificacion": "2025-08-01 01:01:07.415666"
  },
  "0c9371d71c2c43da8a2850d8cf3e154945005c.jpeg": {
    "app_sintetizada": "0C9371D71C2C43DA8A2850D8CF3E154945005C.JPEG",
    "cantidad_archivos": 1,
    "archivos_fuente": [
      "Pictures/Fototeca de Fotos.photoslibrary/resources/derivatives/masters/0/0C9371D7-1C2C-43DA-8A28-50D8CF3E1549_4_5005_c.jpeg"
    ],
    "ultima_modificacion": "2025-08-01 01:01:07.415896"
  },
  "0534f094c20a4249bdcd834f17eb438845005c.jpeg": {
    "app_sintetizada": "0534F094C20A4249BDCD834F17EB438845005C.JPEG",
    "cantidad_archivos": 1,
    "archivos_fuente": [
      "Pictures/Fototeca de Fotos.photoslibrary/resources/derivatives/masters/0/0534F094-C20A-4249-BDCD-834F17EB4388_4_5005_c.jpeg"
    ],
    "ultima_modificacion": "2025-08-01 01:01:07.416124"
  },
  "00799ce7c7214a5790fd696544d763b545005c.jpeg": {
    "app_sintetizada": "00799CE7C7214A5790FD696544D763B545005C.JPEG",
    "cantidad_archivos": 1,
    "archivos_fuente": [
      "Pictures/Fototeca de Fotos.photoslibrary/resources/derivatives/masters/0/00799CE7-C721-4A57-90FD-696544D763B5_4_5005_c.jpeg"
    ],
    "ultima_modificacion": "2025-08-01 01:01:07.416335"
  },
  "0e37b813e06e459484c2e08ad188abc645005c.jpeg": {
    "app_sintetizada": "0E37B813E06E459484C2E08AD188ABC645005C.JPEG",
    "cantidad_archivos": 1,
    "archivos_fuente": [
      "Pictures/Fototeca de Fotos.photoslibrary/resources/derivatives/masters/0/0E37B813-E06E-4594-84C2-E08AD188ABC6_4_5005_c.jpeg"
    ],
    "ultima_modificacion": "2025-08-01 01:01:07.416673"
  }
}