{
  "a02ef8d2bc0647f2ada3a994d509469845005c.jpeg": {
    "app_sintetizada": "A02EF8D2BC0647F2ADA3A994D509469845005C.JPEG",
    "cantidad_archivos": 1,
    "archivos_fuente": [
      "Pictures/Fototeca de Fotos.photoslibrary/resources/derivatives/masters/A/A02EF8D2-BC06-47F2-ADA3-A994D5094698_4_5005_c.jpeg"
    ],
    "ultima_modificacion": "2025-08-01 01:01:11.658477"
  },
  "a0f64d45971e4b16b37680d311be646545005c.jpeg": {
    "app_sintetizada": "A0F64D45971E4B16B37680D311BE646545005C.JPEG",
    "cantidad_archivos": 1,
    "archivos_fuente": [
      "Pictures/Fototeca de Fotos.photoslibrary/resources/derivatives/masters/A/A0F64D45-971E-4B16-B376-80D311BE6465_4_5005_c.jpeg"
    ],
    "ultima_modificacion": "2025-08-01 01:01:11.658801"
  },
  "a8d69e8340c3449cb4b2c826b232c77a45005c.jpeg": {
    "app_sintetizada": "A8D69E8340C3449CB4B2C826B232C77A45005C.JPEG",
    "cantidad_archivos": 1,
    "archivos_fuente": [
      "Pictures/Fototeca de Fotos.photoslibrary/resources/derivatives/masters/A/A8D69E83-40C3-449C-B4B2-C826B232C77A_4_5005_c.jpeg"
    ],
    "ultima_modificacion": "2025-08-01 01:01:11.659089"
  },
  "a9a04b82228e46e488061c8d348ec4d645005c.jpeg": {
    "app_sintetizada": "A9A04B82228E46E488061C8D348EC4D645005C.JPEG",
    "cantidad_archivos": 1,
    "archivos_fuente": [
      "Pictures/Fototeca de Fotos.photoslibrary/resources/derivatives/masters/A/A9A04B82-228E-46E4-8806-1C8D348EC4D6_4_5005_c.jpeg"
    ],
    "ultima_modificacion": "2025-08-01 01:01:11.659401"
  },
  "a805e913f7b7486085ec7d4875c7f22945005c.jpeg": {
    "app_sintetizada": "A805E913F7B7486085EC7D4875C7F22945005C.JPEG",
    "cantidad_archivos": 1,
    "archivos_fuente": [
      "Pictures/Fototeca de Fotos.photoslibrary/resources/derivatives/masters/A/A805E913-F7B7-4860-85EC-7D4875C7F229_4_5005_c.jpeg"
    ],
    "ultima_modificacion": "2025-08-01 01:01:11.659713"
  },
  "aa9e5d0ec7e54cdb87358b3910cd64b445005c.jpeg": {
    "app_sintetizada": "AA9E5D0EC7E54CDB87358B3910CD64B445005C.JPEG",
    "cantidad_archivos": 1,
    "archivos_fuente": [
      "Pictures/Fototeca de Fotos.photoslibrary/resources/derivatives/masters/A/AA9E5D0E-C7E5-4CDB-8735-8B3910CD64B4_4_5005_c.jpeg"
    ],
    "ultima_modificacion": "2025-08-01 01:01:11.660039"
  },
  "afe698e2de7b4b91ba9c0d5e54d090a045005c.jpeg": {
    "app_sintetizada": "AFE698E2DE7B4B91BA9C0D5E54D090A045005C.JPEG",
    "cantidad_archivos": 1,
    "archivos_fuente": [
      "Pictures/Fototeca de Fotos.photoslibrary/resources/derivatives/masters/A/AFE698E2-DE7B-4B91-BA9C-0D5E54D090A0_4_5005_c.jpeg"
    ],
    "ultima_modificacion": "2025-08-01 01:01:11.660346"
  },
  "af820673b406486e9c768ca585a78b1045005c.jpeg": {
    "app_sintetizada": "AF820673B406486E9C768CA585A78B1045005C.JPEG",
    "cantidad_archivos": 1,
    "archivos_fuente": [
      "Pictures/Fototeca de Fotos.photoslibrary/resources/derivatives/masters/A/AF820673-B406-486E-9C76-8CA585A78B10_4_5005_c.jpeg"
    ],
    "ultima_modificacion": "2025-08-01 01:01:11.660683"
  },
  "aa680b11fa4a414794df8b801c527ea845005c.jpeg": {
    "app_sintetizada": "AA680B11FA4A414794DF8B801C527EA845005C.JPEG",
    "cantidad_archivos": 1,
    "archivos_fuente": [
      "Pictures/Fototeca de Fotos.photoslibrary/resources/derivatives/masters/A/AA680B11-FA4A-4147-94DF-8B801C527EA8_4_5005_c.jpeg"
    ],
    "ultima_modificacion": "2025-08-01 01:01:11.661066"
  },
  "a59bdc27c3ce46c39f79531c149c01be45005c.jpeg": {
    "app_sintetizada": "A59BDC27C3CE46C39F79531C149C01BE45005C.JPEG",
    "cantidad_archivos": 1,
    "archivos_fuente": [
      "Pictures/Fototeca de Fotos.photoslibrary/resources/derivatives/masters/A/A59BDC27-C3CE-46C3-9F79-531C149C01BE_4_5005_c.jpeg"
    ],
    "ultima_modificacion": "2025-08-01 01:01:11.661373"
  },
  "ad332777b6854139a015acc59901168d45005c.jpeg": {
    "app_sintetizada": "AD332777B6854139A015ACC59901168D45005C.JPEG",
    "cantidad_archivos": 1,
    "archivos_fuente": [
      "Pictures/Fototeca de Fotos.photoslibrary/resources/derivatives/masters/A/AD332777-B685-4139-A015-ACC59901168D_4_5005_c.jpeg"
    ],
    "ultima_modificacion": "2025-08-01 01:01:11.661726"
  },
  "a9530de2085440bdb8dd5d91ba6352fd45005c.jpeg": {
    "app_sintetizada": "A9530DE2085440BDB8DD5D91BA6352FD45005C.JPEG",
    "cantidad_archivos": 1,
    "archivos_fuente": [
      "Pictures/Fototeca de Fotos.photoslibrary/resources/derivatives/masters/A/A9530DE2-0854-40BD-B8DD-5D91BA6352FD_4_5005_c.jpeg"
    ],
    "ultima_modificacion": "2025-08-01 01:01:11.662077"
  },
  "a6258b43a0ca47889da0151b2f0dfe5245005c.jpeg": {
    "app_sintetizada": "A6258B43A0CA47889DA0151B2F0DFE5245005C.JPEG",
    "cantidad_archivos": 1,
    "archivos_fuente": [
      "Pictures/Fototeca de Fotos.photoslibrary/resources/derivatives/masters/A/A6258B43-A0CA-4788-9DA0-151B2F0DFE52_4_5005_c.jpeg"
    ],
    "ultima_modificacion": "2025-08-01 01:01:11.662399"
  },
  "a2b70b1ebd1440629f810cbaaf537b8b45005c.jpeg": {
    "app_sintetizada": "A2B70B1EBD1440629F810CBAAF537B8B45005C.JPEG",
    "cantidad_archivos": 1,
    "archivos_fuente": [
      "Pictures/Fototeca de Fotos.photoslibrary/resources/derivatives/masters/A/A2B70B1E-BD14-4062-9F81-0CBAAF537B8B_4_5005_c.jpeg"
    ],
    "ultima_modificacion": "2025-08-01 01:01:11.662680"
  },
  "a56852ff39004946a8c5095483199e0c45005c.jpeg": {
    "app_sintetizada": "A56852FF39004946A8C5095483199E0C45005C.JPEG",
    "cantidad_archivos": 1,
    "archivos_fuente": [
      "Pictures/Fototeca de Fotos.photoslibrary/resources/derivatives/masters/A/A56852FF-3900-4946-A8C5-095483199E0C_4_5005_c.jpeg"
    ],
    "ultima_modificacion": "2025-08-01 01:01:11.663024"
  },
  "a2528c4526264708aa0c9e4e3659f69845005c.jpeg": {
    "app_sintetizada": "A2528C4526264708AA0C9E4E3659F69845005C.JPEG",
    "cantidad_archivos": 1,
    "archivos_fuente": [
      "Pictures/Fototeca de Fotos.photoslibrary/resources/derivatives/masters/A/A2528C45-2626-4708-AA0C-9E4E3659F698_4_5005_c.jpeg"
    ],
    "ultima_modificacion": "2025-08-01 01:01:11.663306"
  },
  "a49176ba39454169887d922558403b2145005c.jpeg": {
    "app_sintetizada": "A49176BA39454169887D922558403B2145005C.JPEG",
    "cantidad_archivos": 1,
    "archivos_fuente": [
      "Pictures/Fototeca de Fotos.photoslibrary/resources/derivatives/masters/A/A49176BA-3945-4169-887D-922558403B21_4_5005_c.jpeg"
    ],
    "ultima_modificacion": "2025-08-01 01:01:11.663554"
  },
  "a56ab972eb1d4ec3a57ca24e7493258345005c.jpeg": {
    "app_sintetizada": "A56AB972EB1D4EC3A57CA24E7493258345005C.JPEG",
    "cantidad_archivos": 1,
    "archivos_fuente": [
      "Pictures/Fototeca de Fotos.photoslibrary/resources/derivatives/masters/A/A56AB972-EB1D-4EC3-A57C-A24E74932583_4_5005_c.jpeg"
    ],
    "ultima_modificacion": "2025-08-01 01:01:11.663878"
  },
  "afe1226b0f064dd1bb6bf65c6f35b6ef45005c.jpeg": {
    "app_sintetizada": "AFE1226B0F064DD1BB6BF65C6F35B6EF45005C.JPEG",
    "cantidad_archivos": 1,
    "archivos_fuente": [
      "Pictures/Fototeca de Fotos.photoslibrary/resources/derivatives/masters/A/AFE1226B-0F06-4DD1-BB6B-F65C6F35B6EF_4_5005_c.jpeg"
    ],
    "ultima_modificacion": "2025-08-01 01:01:11.664183"
  },
  "aa02f9b82fed4b1f98b64e77244dd26545005c.jpeg": {
    "app_sintetizada": "AA02F9B82FED4B1F98B64E77244DD26545005C.JPEG",
    "cantidad_archivos": 1,
    "archivos_fuente": [
      "Pictures/Fototeca de Fotos.photoslibrary/resources/derivatives/masters/A/AA02F9B8-2FED-4B1F-98B6-4E77244DD265_4_5005_c.jpeg"
    ],
    "ultima_modificacion": "2025-08-01 01:01:11.664539"
  },
  "a4e6d2c7b52944b1898c36120a99dde345005c.jpeg": {
    "app_sintetizada": "A4E6D2C7B52944B1898C36120A99DDE345005C.JPEG",
    "cantidad_archivos": 1,
    "archivos_fuente": [
      "Pictures/Fototeca de Fotos.photoslibrary/resources/derivatives/masters/A/A4E6D2C7-B529-44B1-898C-36120A99DDE3_4_5005_c.jpeg"
    ],
    "ultima_modificacion": "2025-08-01 01:01:11.664824"
  },
  "ada1917f781241e7ad58da73b96a7c3d45005c.jpeg": {
    "app_sintetizada": "ADA1917F781241E7AD58DA73B96A7C3D45005C.JPEG",
    "cantidad_archivos": 1,
    "archivos_fuente": [
      "Pictures/Fototeca de Fotos.photoslibrary/resources/derivatives/masters/A/ADA1917F-7812-41E7-AD58-DA73B96A7C3D_4_5005_c.jpeg"
    ],
    "ultima_modificacion": "2025-08-01 01:01:11.665186"
  },
  "a0d5568302ff40ca8e65b7a200a2e9b045005c.jpeg": {
    "app_sintetizada": "A0D5568302FF40CA8E65B7A200A2E9B045005C.JPEG",
    "cantidad_archivos": 1,
    "archivos_fuente": [
      "Pictures/Fototeca de Fotos.photoslibrary/resources/derivatives/masters/A/A0D55683-02FF-40CA-8E65-B7A200A2E9B0_4_5005_c.jpeg"
    ],
    "ultima_modificacion": "2025-08-01 01:01:11.665465"
  },
  "a7113102626a458fb03616ca6e8d9ef245005c.jpeg": {
    "app_sintetizada": "A7113102626A458FB03616CA6E8D9EF245005C.JPEG",
    "cantidad_archivos": 1,
    "archivos_fuente": [
      "Pictures/Fototeca de Fotos.photoslibrary/resources/derivatives/masters/A/A7113102-626A-458F-B036-16CA6E8D9EF2_4_5005_c.jpeg"
    ],
    "ultima_modificacion": "2025-08-01 01:01:11.665766"
  },
  "a4776c3aec5040929ff64ff993ce448945005c.jpeg": {
    "app_sintetizada": "A4776C3AEC5040929FF64FF993CE448945005C.JPEG",
    "cantidad_archivos": 1,
    "archivos_fuente": [
      "Pictures/Fototeca de Fotos.photoslibrary/resources/derivatives/masters/A/A4776C3A-EC50-4092-9FF6-4FF993CE4489_4_5005_c.jpeg"
    ],
    "ultima_modificacion": "2025-08-01 01:01:11.666094"
  },
  "a9d0bf6847de4efe99b718a76240f9c945005c.jpeg": {
    "app_sintetizada": "A9D0BF6847DE4EFE99B718A76240F9C945005C.JPEG",
    "cantidad_archivos": 1,
    "archivos_fuente": [
      "Pictures/Fototeca de Fotos.photoslibrary/resources/derivatives/masters/A/A9D0BF68-47DE-4EFE-99B7-18A76240F9C9_4_5005_c.jpeg"
    ],
    "ultima_modificacion": "2025-08-01 01:01:11.666502"
  },
  "acd59f852ed54f85919831b231e23aff45005c.jpeg": {
    "app_sintetizada": "ACD59F852ED54F85919831B231E23AFF45005C.JPEG",
    "cantidad_archivos": 1,
    "archivos_fuente": [
      "Pictures/Fototeca de Fotos.photoslibrary/resources/derivatives/masters/A/ACD59F85-2ED5-4F85-9198-31B231E23AFF_4_5005_c.jpeg"
    ],
    "ultima_modificacion": "2025-08-01 01:01:11.666786"
  },
  "a5a7a136012c49e7bda3239eec58863045005c.jpeg": {
    "app_sintetizada": "A5A7A136012C49E7BDA3239EEC58863045005C.JPEG",
    "cantidad_archivos": 1,
    "archivos_fuente": [
      "Pictures/Fototeca de Fotos.photoslibrary/resources/derivatives/masters/A/A5A7A136-012C-49E7-BDA3-239EEC588630_4_5005_c.jpeg"
    ],
    "ultima_modificacion": "2025-08-01 01:01:11.667062"
  },
  "a3ebc46ebc1c44a1aad9594122cdbcd845005c.jpeg": {
    "app_sintetizada": "A3EBC46EBC1C44A1AAD9594122CDBCD845005C.JPEG",
    "cantidad_archivos": 1,
    "archivos_fuente": [
      "Pictures/Fototeca de Fotos.photoslibrary/resources/derivatives/masters/A/A3EBC46E-BC1C-44A1-AAD9-594122CDBCD8_4_5005_c.jpeg"
    ],
    "ultima_modificacion": "2025-08-01 01:01:11.667349"
  },
  "ade0ac43a55c4849a1a973ad9b75461745005c.jpeg": {
    "app_sintetizada": "ADE0AC43A55C4849A1A973AD9B75461745005C.JPEG",
    "cantidad_archivos": 1,
    "archivos_fuente": [
      "Pictures/Fototeca de Fotos.photoslibrary/resources/derivatives/masters/A/ADE0AC43-A55C-4849-A1A9-73AD9B754617_4_5005_c.jpeg"
    ],
    "ultima_modificacion": "2025-08-01 01:01:11.667616"
  },
  "ab3f6759673e4147ab7209d70e85e26f45005c.jpeg": {
    "app_sintetizada": "AB3F6759673E4147AB7209D70E85E26F45005C.JPEG",
    "cantidad_archivos": 1,
    "archivos_fuente": [
      "Pictures/Fototeca de Fotos.photoslibrary/resources/derivatives/masters/A/AB3F6759-673E-4147-AB72-09D70E85E26F_4_5005_c.jpeg"
    ],
    "ultima_modificacion": "2025-08-01 01:01:11.667874"
  },
  "a57a716bdabe44ca9bdb7f982982a0e245005c.jpeg": {
    "app_sintetizada": "A57A716BDABE44CA9BDB7F982982A0E245005C.JPEG",
    "cantidad_archivos": 1,
    "archivos_fuente": [
      "Pictures/Fototeca de Fotos.photoslibrary/resources/derivatives/masters/A/A57A716B-DABE-44CA-9BDB-7F982982A0E2_4_5005_c.jpeg"
    ],
    "ultima_modificacion": "2025-08-01 01:01:11.668240"
  },
  "a8c26c0b65ea4a50ad6f601a0379dc1a45005c.jpeg": {
    "app_sintetizada": "A8C26C0B65EA4A50AD6F601A0379DC1A45005C.JPEG",
    "cantidad_archivos": 1,
    "archivos_fuente": [
      "Pictures/Fototeca de Fotos.photoslibrary/resources/derivatives/masters/A/A8C26C0B-65EA-4A50-AD6F-601A0379DC1A_4_5005_c.jpeg"
    ],
    "ultima_modificacion": "2025-08-01 01:01:11.668516"
  },
  "a857faccad6c417a81e536227ab1343445005c.jpeg": {
    "app_sintetizada": "A857FACCAD6C417A81E536227AB1343445005C.JPEG",
    "cantidad_archivos": 1,
    "archivos_fuente": [
      "Pictures/Fototeca de Fotos.photoslibrary/resources/derivatives/masters/A/A857FACC-AD6C-417A-81E5-36227AB13434_4_5005_c.jpeg"
    ],
    "ultima_modificacion": "2025-08-01 01:01:11.668810"
  },
  "a39c89f797854dfebe2d44675d06fee845005c.jpeg": {
    "app_sintetizada": "A39C89F797854DFEBE2D44675D06FEE845005C.JPEG",
    "cantidad_archivos": 1,
    "archivos_fuente": [
      "Pictures/Fototeca de Fotos.photoslibrary/resources/derivatives/masters/A/A39C89F7-9785-4DFE-BE2D-44675D06FEE8_4_5005_c.jpeg"
    ],
    "ultima_modificacion": "2025-08-01 01:01:11.669065"
  },
  "ae92c7b5c911475a894090419418c70d45005c.jpeg": {
    "app_sintetizada": "AE92C7B5C911475A894090419418C70D45005C.JPEG",
    "cantidad_archivos": 1,
    "archivos_fuente": [
      "Pictures/Fototeca de Fotos.photoslibrary/resources/derivatives/masters/A/AE92C7B5-C911-475A-8940-90419418C70D_4_5005_c.jpeg"
    ],
    "ultima_modificacion": "2025-08-01 01:01:11.669319"
  },
  "affa5708c2bf413fa3998a74c327499a45005c.jpeg": {
    "app_sintetizada": "AFFA5708C2BF413FA3998A74C327499A45005C.JPEG",
    "cantidad_archivos": 1,
    "archivos_fuente": [
      "Pictures/Fototeca de Fotos.photoslibrary/resources/derivatives/masters/A/AFFA5708-C2BF-413F-A399-8A74C327499A_4_5005_c.jpeg"
    ],
    "ultima_modificacion": "2025-08-01 01:01:11.669618"
  },
  "a3de443cbf8e4da0b1bfa5a173b1ba6f45005c.jpeg": {
    "app_sintetizada": "A3DE443CBF8E4DA0B1BFA5A173B1BA6F45005C.JPEG",
    "cantidad_archivos": 1,
    "archivos_fuente": [
      "Pictures/Fototeca de Fotos.photoslibrary/resources/derivatives/masters/A/A3DE443C-BF8E-4DA0-B1BF-A5A173B1BA6F_4_5005_c.jpeg"
    ],
    "ultima_modificacion": "2025-08-01 01:01:11.669878"
  },
  "a52aee91c73b47778400b96ef530aa2e45005c.jpeg": {
    "app_sintetizada": "A52AEE91C73B47778400B96EF530AA2E45005C.JPEG",
    "cantidad_archivos": 1,
    "archivos_fuente": [
      "Pictures/Fototeca de Fotos.photoslibrary/resources/derivatives/masters/A/A52AEE91-C73B-4777-8400-B96EF530AA2E_4_5005_c.jpeg"
    ],
    "ultima_modificacion": "2025-08-01 01:01:11.670135"
  },
  "a40955b234404912861db98390943c7745005c.jpeg": {
    "app_sintetizada": "A40955B234404912861DB98390943C7745005C.JPEG",
    "cantidad_archivos": 1,
    "archivos_fuente": [
      "Pictures/Fototeca de Fotos.photoslibrary/resources/derivatives/masters/A/A40955B2-3440-4912-861D-B98390943C77_4_5005_c.jpeg"
    ],
    "ultima_modificacion": "2025-08-01 01:01:11.670432"
  },
  "a8881b3e17124703898f5d935a9982d345005c.jpeg": {
    "app_sintetizada": "A8881B3E17124703898F5D935A9982D345005C.JPEG",
    "cantidad_archivos": 1,
    "archivos_fuente": [
      "Pictures/Fototeca de Fotos.photoslibrary/resources/derivatives/masters/A/A8881B3E-1712-4703-898F-5D935A9982D3_4_5005_c.jpeg"
    ],
    "ultima_modificacion": "2025-08-01 01:01:11.670718"
  },
  "a58bc0c8e0f84237befdcf623f92a98f45005c.jpeg": {
    "app_sintetizada": "A58BC0C8E0F84237BEFDCF623F92A98F45005C.JPEG",
    "cantidad_archivos": 1,
    "archivos_fuente": [
      "Pictures/Fototeca de Fotos.photoslibrary/resources/derivatives/masters/A/A58BC0C8-E0F8-4237-BEFD-CF623F92A98F_4_5005_c.jpeg"
    ],
    "ultima_modificacion": "2025-08-01 01:01:11.670982"
  },
  "a5f16eeece6446dd85d676026374455545005c.jpeg": {
    "app_sintetizada": "A5F16EEECE6446DD85D676026374455545005C.JPEG",
    "cantidad_archivos": 1,
    "archivos_fuente": [
      "Pictures/Fototeca de Fotos.photoslibrary/resources/derivatives/masters/A/A5F16EEE-CE64-46DD-85D6-760263744555_4_5005_c.jpeg"
    ],
    "ultima_modificacion": "2025-08-01 01:01:11.671269"
  },
  "af6095fee81f40d793d58783ec50674945005c.jpeg": {
    "app_sintetizada": "AF6095FEE81F40D793D58783EC50674945005C.JPEG",
    "cantidad_archivos": 1,
    "archivos_fuente": [
      "Pictures/Fototeca de Fotos.photoslibrary/resources/derivatives/masters/A/AF6095FE-E81F-40D7-93D5-8783EC506749_4_5005_c.jpeg"
    ],
    "ultima_modificacion": "2025-08-01 01:01:11.671493"
  },
  "ac812028affa4ad99cb4ec09477511ac45005c.jpeg": {
    "app_sintetizada": "AC812028AFFA4AD99CB4EC09477511AC45005C.JPEG",
    "cantidad_archivos": 1,
    "archivos_fuente": [
      "Pictures/Fototeca de Fotos.photoslibrary/resources/derivatives/masters/A/AC812028-AFFA-4AD9-9CB4-EC09477511AC_4_5005_c.jpeg"
    ],
    "ultima_modificacion": "2025-08-01 01:01:11.671764"
  },
  "a76c2611a54a432aa398b3d1bc44984345005c.jpeg": {
    "app_sintetizada": "A76C2611A54A432AA398B3D1BC44984345005C.JPEG",
    "cantidad_archivos": 1,
    "archivos_fuente": [
      "Pictures/Fototeca de Fotos.photoslibrary/resources/derivatives/masters/A/A76C2611-A54A-432A-A398-B3D1BC449843_4_5005_c.jpeg"
    ],
    "ultima_modificacion": "2025-08-01 01:01:11.672151"
  },
  "a12c083143c74147a7ba34ad28dfb6e445005c.jpeg": {
    "app_sintetizada": "A12C083143C74147A7BA34AD28DFB6E445005C.JPEG",
    "cantidad_archivos": 1,
    "archivos_fuente": [
      "Pictures/Fototeca de Fotos.photoslibrary/resources/derivatives/masters/A/A12C0831-43C7-4147-A7BA-34AD28DFB6E4_4_5005_c.jpeg"
    ],
    "ultima_modificacion": "2025-08-01 01:01:11.672565"
  },
  "ae74e94fd9b34afebe73f099ae99bdfc45005c.jpeg": {
    "app_sintetizada": "AE74E94FD9B34AFEBE73F099AE99BDFC45005C.JPEG",
    "cantidad_archivos": 1,
    "archivos_fuente": [
      "Pictures/Fototeca de Fotos.photoslibrary/resources/derivatives/masters/A/AE74E94F-D9B3-4AFE-BE73-F099AE99BDFC_4_5005_c.jpeg"
    ],
    "ultima_modificacion": "2025-08-01 01:01:11.672954"
  },
  "a2060bf97e244ae08073f76f9a015f6e45005c.jpeg": {
    "app_sintetizada": "A2060BF97E244AE08073F76F9A015F6E45005C.JPEG",
    "cantidad_archivos": 1,
    "archivos_fuente": [
      "Pictures/Fototeca de Fotos.photoslibrary/resources/derivatives/masters/A/A2060BF9-7E24-4AE0-8073-F76F9A015F6E_4_5005_c.jpeg"
    ],
    "ultima_modificacion": "2025-08-01 01:01:11.673322"
  },
  "a4ab30ab71ee422fae6040a7d5e06b0a45005c.jpeg": {
    "app_sintetizada": "A4AB30AB71EE422FAE6040A7D5E06B0A45005C.JPEG",
    "cantidad_archivos": 1,
    "archivos_fuente": [
      "Pictures/Fototeca de Fotos.photoslibrary/resources/derivatives/masters/A/A4AB30AB-71EE-422F-AE60-40A7D5E06B0A_4_5005_c.jpeg"
    ],
    "ultima_modificacion": "2025-08-01 01:01:11.673675"
  },
  "a34d29bd1d444ff084b46fb92087a49a45005c.jpeg": {
    "app_sintetizada": "A34D29BD1D444FF084B46FB92087A49A45005C.JPEG",
    "cantidad_archivos": 1,
    "archivos_fuente": [
      "Pictures/Fototeca de Fotos.photoslibrary/resources/derivatives/masters/A/A34D29BD-1D44-4FF0-84B4-6FB92087A49A_4_5005_c.jpeg"
    ],
    "ultima_modificacion": "2025-08-01 01:01:11.673920"
  },
  "a72d6799b844486791e369d6303db4d845005c.jpeg": {
    "app_sintetizada": "A72D6799B844486791E369D6303DB4D845005C.JPEG",
    "cantidad_archivos": 1,
    "archivos_fuente": [
      "Pictures/Fototeca de Fotos.photoslibrary/resources/derivatives/masters/A/A72D6799-B844-4867-91E3-69D6303DB4D8_4_5005_c.jpeg"
    ],
    "ultima_modificacion": "2025-08-01 01:01:11.674243"
  },
  "ae18f73c3fe4401286b3c7c0a8d628d945005c.jpeg": {
    "app_sintetizada": "AE18F73C3FE4401286B3C7C0A8D628D945005C.JPEG",
    "cantidad_archivos": 1,
    "archivos_fuente": [
      "Pictures/Fototeca de Fotos.photoslibrary/resources/derivatives/masters/A/AE18F73C-3FE4-4012-86B3-C7C0A8D628D9_4_5005_c.jpeg"
    ],
    "ultima_modificacion": "2025-08-01 01:01:11.674490"
  },
  "abf22c36f7c5405eab4096a85eb0003f45005c.jpeg": {
    "app_sintetizada": "ABF22C36F7C5405EAB4096A85EB0003F45005C.JPEG",
    "cantidad_archivos": 1,
    "archivos_fuente": [
      "Pictures/Fototeca de Fotos.photoslibrary/resources/derivatives/masters/A/ABF22C36-F7C5-405E-AB40-96A85EB0003F_4_5005_c.jpeg"
    ],
    "ultima_modificacion": "2025-08-01 01:01:11.674756"
  },
  "ac83f19bb64545ae96407c25f88735f345005c.jpeg": {
    "app_sintetizada": "AC83F19BB64545AE96407C25F88735F345005C.JPEG",
    "cantidad_archivos": 1,
    "archivos_fuente": [
      "Pictures/Fototeca de Fotos.photoslibrary/resources/derivatives/masters/A/AC83F19B-B645-45AE-9640-7C25F88735F3_4_5005_c.jpeg"
    ],
    "ultima_modificacion": "2025-08-01 01:01:11.675044"
  },
  "ad88544a1e474184a0be0519e3a0d9b045005c.jpeg": {
    "app_sintetizada": "AD88544A1E474184A0BE0519E3A0D9B045005C.JPEG",
    "cantidad_archivos": 1,
    "archivos_fuente": [
      "Pictures/Fototeca de Fotos.photoslibrary/resources/derivatives/masters/A/AD88544A-1E47-4184-A0BE-0519E3A0D9B0_4_5005_c.jpeg"
    ],
    "ultima_modificacion": "2025-08-01 01:01:11.675383"
  },
  "a13afd0cad4546d9a152da803042ba0345005c.jpeg": {
    "app_sintetizada": "A13AFD0CAD4546D9A152DA803042BA0345005C.JPEG",
    "cantidad_archivos": 1,
    "archivos_fuente": [
      "Pictures/Fototeca de Fotos.photoslibrary/resources/derivatives/masters/A/A13AFD0C-AD45-46D9-A152-DA803042BA03_4_5005_c.jpeg"
    ],
    "ultima_modificacion": "2025-08-01 01:01:11.675670"
  },
  "a23dd7848e5a41a186430f4c490000a145005c.jpeg": {
    "app_sintetizada": "A23DD7848E5A41A186430F4C490000A145005C.JPEG",
    "cantidad_archivos": 1,
    "archivos_fuente": [
      "Pictures/Fototeca de Fotos.photoslibrary/resources/derivatives/masters/A/A23DD784-8E5A-41A1-8643-0F4C490000A1_4_5005_c.jpeg"
    ],
    "ultima_modificacion": "2025-08-01 01:01:11.675907"
  },
  "ad5d9b3338e342c0bbef17386d91d96245005c.jpeg": {
    "app_sintetizada": "AD5D9B3338E342C0BBEF17386D91D96245005C.JPEG",
    "cantidad_archivos": 1,
    "archivos_fuente": [
      "Pictures/Fototeca de Fotos.photoslibrary/resources/derivatives/masters/A/AD5D9B33-38E3-42C0-BBEF-17386D91D962_4_5005_c.jpeg"
    ],
    "ultima_modificacion": "2025-08-01 01:01:11.676158"
  },
  "a472db4723b2480dbcfbdfa472c79dc845005c.jpeg": {
    "app_sintetizada": "A472DB4723B2480DBCFBDFA472C79DC845005C.JPEG",
    "cantidad_archivos": 1,
    "archivos_fuente": [
      "Pictures/Fototeca de Fotos.photoslibrary/resources/derivatives/masters/A/A472DB47-23B2-480D-BCFB-DFA472C79DC8_4_5005_c.jpeg"
    ],
    "ultima_modificacion": "2025-08-01 01:01:11.676517"
  },
  "ae4f45d847764006b87dc975e1e928db45005c.jpeg": {
    "app_sintetizada": "AE4F45D847764006B87DC975E1E928DB45005C.JPEG",
    "cantidad_archivos": 1,
    "archivos_fuente": [
      "Pictures/Fototeca de Fotos.photoslibrary/resources/derivatives/masters/A/AE4F45D8-4776-4006-B87D-C975E1E928DB_4_5005_c.jpeg"
    ],
    "ultima_modificacion": "2025-08-01 01:01:11.676801"
  },
  "afd4ada24cb7410995711142e62e75e845005c.jpeg": {
    "app_sintetizada": "AFD4ADA24CB7410995711142E62E75E845005C.JPEG",
    "cantidad_archivos": 1,
    "archivos_fuente": [
      "Pictures/Fototeca de Fotos.photoslibrary/resources/derivatives/masters/A/AFD4ADA2-4CB7-4109-9571-1142E62E75E8_4_5005_c.jpeg"
    ],
    "ultima_modificacion": "2025-08-01 01:01:11.677046"
  },
  "a819a44848554ece8b99eb5ac5a0f63a45005c.jpeg": {
    "app_sintetizada": "A819A44848554ECE8B99EB5AC5A0F63A45005C.JPEG",
    "cantidad_archivos": 1,
    "archivos_fuente": [
      "Pictures/Fototeca de Fotos.photoslibrary/resources/derivatives/masters/A/A819A448-4855-4ECE-8B99-EB5AC5A0F63A_4_5005_c.jpeg"
    ],
    "ultima_modificacion": "2025-08-01 01:01:11.677328"
  },
  "a5fd214f8c484ec4adf98318da3113a545005c.jpeg": {
    "app_sintetizada": "A5FD214F8C484EC4ADF98318DA3113A545005C.JPEG",
    "cantidad_archivos": 1,
    "archivos_fuente": [
      "Pictures/Fototeca de Fotos.photoslibrary/resources/derivatives/masters/A/A5FD214F-8C48-4EC4-ADF9-8318DA3113A5_4_5005_c.jpeg"
    ],
    "ultima_modificacion": "2025-08-01 01:01:11.677581"
  },
  "a6f380ea3b8b43fb876ef5d531f4fb7245005c.jpeg": {
    "app_sintetizada": "A6F380EA3B8B43FB876EF5D531F4FB7245005C.JPEG",
    "cantidad_archivos": 1,
    "archivos_fuente": [
      "Pictures/Fototeca de Fotos.photoslibrary/resources/derivatives/masters/A/A6F380EA-3B8B-43FB-876E-F5D531F4FB72_4_5005_c.jpeg"
    ],
    "ultima_modificacion": "2025-08-01 01:01:11.677833"
  },
  "a2de28224c1a44df9f4c4bde48c7c3e845005c.jpeg": {
    "app_sintetizada": "A2DE28224C1A44DF9F4C4BDE48C7C3E845005C.JPEG",
    "cantidad_archivos": 1,
    "archivos_fuente": [
      "Pictures/Fototeca de Fotos.photoslibrary/resources/derivatives/masters/A/A2DE2822-4C1A-44DF-9F4C-4BDE48C7C3E8_4_5005_c.jpeg"
    ],
    "ultima_modificacion": "2025-08-01 01:01:11.678079"
  },
  "aacdb0abe8a946d1ba8940165321518345005c.jpeg": {
    "app_sintetizada": "AACDB0ABE8A946D1BA8940165321518345005C.JPEG",
    "cantidad_archivos": 1,
    "archivos_fuente": [
      "Pictures/Fototeca de Fotos.photoslibrary/resources/derivatives/masters/A/AACDB0AB-E8A9-46D1-BA89-401653215183_4_5005_c.jpeg"
    ],
    "ultima_modificacion": "2025-08-01 01:01:11.678363"
  },
  "aa4222e9c9a54b5d825aaab9101393b245005c.jpeg": {
    "app_sintetizada": "AA4222E9C9A54B5D825AAAB9101393B245005C.JPEG",
    "cantidad_archivos": 1,
    "archivos_fuente": [
      "Pictures/Fototeca de Fotos.photoslibrary/resources/derivatives/masters/A/AA4222E9-C9A5-4B5D-825A-AAB9101393B2_4_5005_c.jpeg"
    ],
    "ultima_modificacion": "2025-08-01 01:01:11.678608"
  },
  "aa643a6a702847bfa683fc301fd9802845005c.jpeg": {
    "app_sintetizada": "AA643A6A702847BFA683FC301FD9802845005C.JPEG",
    "cantidad_archivos": 1,
    "archivos_fuente": [
      "Pictures/Fototeca de Fotos.photoslibrary/resources/derivatives/masters/A/AA643A6A-7028-47BF-A683-FC301FD98028_4_5005_c.jpeg"
    ],
    "ultima_modificacion": "2025-08-01 01:01:11.678873"
  },
  "a2e50a06846d4560bc0feda50be1c44b45005c.jpeg": {
    "app_sintetizada": "A2E50A06846D4560BC0FEDA50BE1C44B45005C.JPEG",
    "cantidad_archivos": 1,
    "archivos_fuente": [
      "Pictures/Fototeca de Fotos.photoslibrary/resources/derivatives/masters/A/A2E50A06-846D-4560-BC0F-EDA50BE1C44B_4_5005_c.jpeg"
    ],
    "ultima_modificacion": "2025-08-01 01:01:11.679132"
  },
  "a9b9cc4b26ec48aaab9770283535a46245005c.jpeg": {
    "app_sintetizada": "A9B9CC4B26EC48AAAB9770283535A46245005C.JPEG",
    "cantidad_archivos": 1,
    "archivos_fuente": [
      "Pictures/Fototeca de Fotos.photoslibrary/resources/derivatives/masters/A/A9B9CC4B-26EC-48AA-AB97-70283535A462_4_5005_c.jpeg"
    ],
    "ultima_modificacion": "2025-08-01 01:01:11.679356"
  },
  "adbc0d96507c4611a7db829c71ae021645005c.jpeg": {
    "app_sintetizada": "ADBC0D96507C4611A7DB829C71AE021645005C.JPEG",
    "cantidad_archivos": 1,
    "archivos_fuente": [
      "Pictures/Fototeca de Fotos.photoslibrary/resources/derivatives/masters/A/ADBC0D96-507C-4611-A7DB-829C71AE0216_4_5005_c.jpeg"
    ],
    "ultima_modificacion": "2025-08-01 01:01:11.679605"
  },
  "ad7d9791fb0e4499b01c3937b3559cbd45005c.jpeg": {
    "app_sintetizada": "AD7D9791FB0E4499B01C3937B3559CBD45005C.JPEG",
    "cantidad_archivos": 1,
    "archivos_fuente": [
      "Pictures/Fototeca de Fotos.photoslibrary/resources/derivatives/masters/A/AD7D9791-FB0E-4499-B01C-3937B3559CBD_4_5005_c.jpeg"
    ],
    "ultima_modificacion": "2025-08-01 01:01:11.679879"
  },
  "a26cbfbcf4f94fff82c9c7495170e16045005c.jpeg": {
    "app_sintetizada": "A26CBFBCF4F94FFF82C9C7495170E16045005C.JPEG",
    "cantidad_archivos": 1,
    "archivos_fuente": [
      "Pictures/Fototeca de Fotos.photoslibrary/resources/derivatives/masters/A/A26CBFBC-F4F9-4FFF-82C9-C7495170E160_4_5005_c.jpeg"
    ],
    "ultima_modificacion": "2025-08-01 01:01:11.680116"
  },
  "aa78e4a6e661409e879684755fb51e9345005c.jpeg": {
    "app_sintetizada": "AA78E4A6E661409E879684755FB51E9345005C.JPEG",
    "cantidad_archivos": 1,
    "archivos_fuente": [
      "Pictures/Fototeca de Fotos.photoslibrary/resources/derivatives/masters/A/AA78E4A6-E661-409E-8796-84755FB51E93_4_5005_c.jpeg"
    ],
    "ultima_modificacion": "2025-08-01 01:01:11.680426"
  },
  "a43fdb50c193485cac4f80c5d3c3375c45005c.jpeg": {
    "app_sintetizada": "A43FDB50C193485CAC4F80C5D3C3375C45005C.JPEG",
    "cantidad_archivos": 1,
    "archivos_fuente": [
      "Pictures/Fototeca de Fotos.photoslibrary/resources/derivatives/masters/A/A43FDB50-C193-485C-AC4F-80C5D3C3375C_4_5005_c.jpeg"
    ],
    "ultima_modificacion": "2025-08-01 01:01:11.680710"
  },
  "aa94698dfade4016942b9d96c22ee95745005c.jpeg": {
    "app_sintetizada": "AA94698DFADE4016942B9D96C22EE95745005C.JPEG",
    "cantidad_archivos": 1,
    "archivos_fuente": [
      "Pictures/Fototeca de Fotos.photoslibrary/resources/derivatives/masters/A/AA94698D-FADE-4016-942B-9D96C22EE957_4_5005_c.jpeg"
    ],
    "ultima_modificacion": "2025-08-01 01:01:11.680994"
  },
  "acf48e21081148df8e5634200cb2a98045005c.jpeg": {
    "app_sintetizada": "ACF48E21081148DF8E5634200CB2A98045005C.JPEG",
    "cantidad_archivos": 1,
    "archivos_fuente": [
      "Pictures/Fototeca de Fotos.photoslibrary/resources/derivatives/masters/A/ACF48E21-0811-48DF-8E56-34200CB2A980_4_5005_c.jpeg"
    ],
    "ultima_modificacion": "2025-08-01 01:01:11.681232"
  },
  "a29b125cbd6e4563be01a58d97fd8fd645005c.jpeg": {
    "app_sintetizada": "A29B125CBD6E4563BE01A58D97FD8FD645005C.JPEG",
    "cantidad_archivos": 1,
    "archivos_fuente": [
      "Pictures/Fototeca de Fotos.photoslibrary/resources/derivatives/masters/A/A29B125C-BD6E-4563-BE01-A58D97FD8FD6_4_5005_c.jpeg"
    ],
    "ultima_modificacion": "2025-08-01 01:01:11.681509"
  },
  "ad36b49092bb49f2ba38fcb0420aec1145005c.jpeg": {
    "app_sintetizada": "AD36B49092BB49F2BA38FCB0420AEC1145005C.JPEG",
    "cantidad_archivos": 1,
    "archivos_fuente": [
      "Pictures/Fototeca de Fotos.photoslibrary/resources/derivatives/masters/A/AD36B490-92BB-49F2-BA38-FCB0420AEC11_4_5005_c.jpeg"
    ],
    "ultima_modificacion": "2025-08-01 01:01:11.681758"
  },
  "a9514d5f190a4c5ebae4a1525f31d81245005c.jpeg": {
    "app_sintetizada": "A9514D5F190A4C5EBAE4A1525F31D81245005C.JPEG",
    "cantidad_archivos": 1,
    "archivos_fuente": [
      "Pictures/Fototeca de Fotos.photoslibrary/resources/derivatives/masters/A/A9514D5F-190A-4C5E-BAE4-A1525F31D812_4_5005_c.jpeg"
    ],
    "ultima_modificacion": "2025-08-01 01:01:11.682037"
  },
  "ae5eb26cde69455084822ea19d65983945005c.jpeg": {
    "app_sintetizada": "AE5EB26CDE69455084822EA19D65983945005C.JPEG",
    "cantidad_archivos": 1,
    "archivos_fuente": [
      "Pictures/Fototeca de Fotos.photoslibrary/resources/derivatives/masters/A/AE5EB26C-DE69-4550-8482-2EA19D659839_4_5005_c.jpeg"
    ],
    "ultima_modificacion": "2025-08-01 01:01:11.682267"
  },
  "a000d9fb86a3480ca7d34f609733f77c45005c.jpeg": {
    "app_sintetizada": "A000D9FB86A3480CA7D34F609733F77C45005C.JPEG",
    "cantidad_archivos": 1,
    "archivos_fuente": [
      "Pictures/Fototeca de Fotos.photoslibrary/resources/derivatives/masters/A/A000D9FB-86A3-480C-A7D3-4F609733F77C_4_5005_c.jpeg"
    ],
    "ultima_modificacion": "2025-08-01 01:01:11.682552"
  },
  "a6a86ba3bf69486b96c57f765920e42945005c.jpeg": {
    "app_sintetizada": "A6A86BA3BF69486B96C57F765920E42945005C.JPEG",
    "cantidad_archivos": 1,
    "archivos_fuente": [
      "Pictures/Fototeca de Fotos.photoslibrary/resources/derivatives/masters/A/A6A86BA3-BF69-486B-96C5-7F765920E429_4_5005_c.jpeg"
    ],
    "ultima_modificacion": "2025-08-01 01:01:11.682785"
  },
  "a310b8b21de64f4f890c020c6174991045005c.jpeg": {
    "app_sintetizada": "A310B8B21DE64F4F890C020C6174991045005C.JPEG",
    "cantidad_archivos": 1,
    "archivos_fuente": [
      "Pictures/Fototeca de Fotos.photoslibrary/resources/derivatives/masters/A/A310B8B2-1DE6-4F4F-890C-020C61749910_4_5005_c.jpeg"
    ],
    "ultima_modificacion": "2025-08-01 01:01:11.683066"
  },
  "ae08e330b41c48c299d614b68bfb48f145005c.jpeg": {
    "app_sintetizada": "AE08E330B41C48C299D614B68BFB48F145005C.JPEG",
    "cantidad_archivos": 1,
    "archivos_fuente": [
      "Pictures/Fototeca de Fotos.photoslibrary/resources/derivatives/masters/A/AE08E330-B41C-48C2-99D6-14B68BFB48F1_4_5005_c.jpeg"
    ],
    "ultima_modificacion": "2025-08-01 01:01:11.683335"
  },
  "ae011f7045f84a1d842dbe3b4c900b5345005c.jpeg": {
    "app_sintetizada": "AE011F7045F84A1D842DBE3B4C900B5345005C.JPEG",
    "cantidad_archivos": 1,
    "archivos_fuente": [
      "Pictures/Fototeca de Fotos.photoslibrary/resources/derivatives/masters/A/AE011F70-45F8-4A1D-842D-BE3B4C900B53_4_5005_c.jpeg"
    ],
    "ultima_modificacion": "2025-08-01 01:01:11.683572"
  },
  "a1d8ebaf6c24478d94215ff23991c99245005c.jpeg": {
    "app_sintetizada": "A1D8EBAF6C24478D94215FF23991C99245005C.JPEG",
    "cantidad_archivos": 1,
    "archivos_fuente": [
      "Pictures/Fototeca de Fotos.photoslibrary/resources/derivatives/masters/A/A1D8EBAF-6C24-478D-9421-5FF23991C992_4_5005_c.jpeg"
    ],
    "ultima_modificacion": "2025-08-01 01:01:11.683808"
  },
  "afe0d4f935d44929b348563ede08ef9545005c.jpeg": {
    "app_sintetizada": "AFE0D4F935D44929B348563EDE08EF9545005C.JPEG",
    "cantidad_archivos": 1,
    "archivos_fuente": [
      "Pictures/Fototeca de Fotos.photoslibrary/resources/derivatives/masters/A/AFE0D4F9-35D4-4929-B348-563EDE08EF95_4_5005_c.jpeg"
    ],
    "ultima_modificacion": "2025-08-01 01:01:11.684117"
  },
  "a5e63142e07c45818962adf79f0e9b0545005c.jpeg": {
    "app_sintetizada": "A5E63142E07C45818962ADF79F0E9B0545005C.JPEG",
    "cantidad_archivos": 1,
    "archivos_fuente": [
      "Pictures/Fototeca de Fotos.photoslibrary/resources/derivatives/masters/A/A5E63142-E07C-4581-8962-ADF79F0E9B05_4_5005_c.jpeg"
    ],
    "ultima_modificacion": "2025-08-01 01:01:11.684362"
  },
  "ad63b14de8634f75b500e6f6ebfe0fdf45005c.jpeg": {
    "app_sintetizada": "AD63B14DE8634F75B500E6F6EBFE0FDF45005C.JPEG",
    "cantidad_archivos": 1,
    "archivos_fuente": [
      "Pictures/Fototeca de Fotos.photoslibrary/resources/derivatives/masters/A/AD63B14D-E863-4F75-B500-E6F6EBFE0FDF_4_5005_c.jpeg"
    ],
    "ultima_modificacion": "2025-08-01 01:01:11.684593"
  },
  "aadcc360405a4ff5b5f4faf387ac536445005c.jpeg": {
    "app_sintetizada": "AADCC360405A4FF5B5F4FAF387AC536445005C.JPEG",
    "cantidad_archivos": 1,
    "archivos_fuente": [
      "Pictures/Fototeca de Fotos.photoslibrary/resources/derivatives/masters/A/AADCC360-405A-4FF5-B5F4-FAF387AC5364_4_5005_c.jpeg"
    ],
    "ultima_modificacion": "2025-08-01 01:01:11.684837"
  },
  "a297d57a582d4fbfb6a90ba8fe27490545005c.jpeg": {
    "app_sintetizada": "A297D57A582D4FBFB6A90BA8FE27490545005C.JPEG",
    "cantidad_archivos": 1,
    "archivos_fuente": [
      "Pictures/Fototeca de Fotos.photoslibrary/resources/derivatives/masters/A/A297D57A-582D-4FBF-B6A9-0BA8FE274905_4_5005_c.jpeg"
    ],
    "ultima_modificacion": "2025-08-01 01:01:11.685109"
  },
  "a59740a6e24841b28e9dcf77ba020e4245005c.jpeg": {
    "app_sintetizada": "A59740A6E24841B28E9DCF77BA020E4245005C.JPEG",
    "cantidad_archivos": 1,
    "archivos_fuente": [
      "Pictures/Fototeca de Fotos.photoslibrary/resources/derivatives/masters/A/A59740A6-E248-41B2-8E9D-CF77BA020E42_4_5005_c.jpeg"
    ],
    "ultima_modificacion": "2025-08-01 01:01:11.685330"
  },
  "afa5c7f4a4ed47db9ad12032141a315a45005c.jpeg": {
    "app_sintetizada": "AFA5C7F4A4ED47DB9AD12032141A315A45005C.JPEG",
    "cantidad_archivos": 1,
    "archivos_fuente": [
      "Pictures/Fototeca de Fotos.photoslibrary/resources/derivatives/masters/A/AFA5C7F4-A4ED-47DB-9AD1-2032141A315A_4_5005_c.jpeg"
    ],
    "ultima_modificacion": "2025-08-01 01:01:11.685558"
  },
  "abad0713af9944678bbcd9e6f444e4fa45005c.jpeg": {
    "app_sintetizada": "ABAD0713AF9944678BBCD9E6F444E4FA45005C.JPEG",
    "cantidad_archivos": 1,
    "archivos_fuente": [
      "Pictures/Fototeca de Fotos.photoslibrary/resources/derivatives/masters/A/ABAD0713-AF99-4467-8BBC-D9E6F444E4FA_4_5005_c.jpeg"
    ],
    "ultima_modificacion": "2025-08-01 01:01:11.685793"
  },
  "af57fd219ed54d828041db8c050473a945005c.jpeg": {
    "app_sintetizada": "AF57FD219ED54D828041DB8C050473A945005C.JPEG",
    "cantidad_archivos": 1,
    "archivos_fuente": [
      "Pictures/Fototeca de Fotos.photoslibrary/resources/derivatives/masters/A/AF57FD21-9ED5-4D82-8041-DB8C050473A9_4_5005_c.jpeg"
    ],
    "ultima_modificacion": "2025-08-01 01:01:11.686123"
  },
  "aba9ef89e5f54dfca5dcf9ff2a3c8f6445005c.jpeg": {
    "app_sintetizada": "ABA9EF89E5F54DFCA5DCF9FF2A3C8F6445005C.JPEG",
    "cantidad_archivos": 1,
    "archivos_fuente": [
      "Pictures/Fototeca de Fotos.photoslibrary/resources/derivatives/masters/A/ABA9EF89-E5F5-4DFC-A5DC-F9FF2A3C8F64_4_5005_c.jpeg"
    ],
    "ultima_modificacion": "2025-08-01 01:01:11.686425"
  },
  "a4b9390866d845c5803ea0a0ba853f5745005c.jpeg": {
    "app_sintetizada": "A4B9390866D845C5803EA0A0BA853F5745005C.JPEG",
    "cantidad_archivos": 1,
    "archivos_fuente": [
      "Pictures/Fototeca de Fotos.photoslibrary/resources/derivatives/masters/A/A4B93908-66D8-45C5-803E-A0A0BA853F57_4_5005_c.jpeg"
    ],
    "ultima_modificacion": "2025-08-01 01:01:11.686698"
  },
  "a0a49cf0a09d431d8dd18454234db98d45005c.jpeg": {
    "app_sintetizada": "A0A49CF0A09D431D8DD18454234DB98D45005C.JPEG",
    "cantidad_archivos": 1,
    "archivos_fuente": [
      "Pictures/Fototeca de Fotos.photoslibrary/resources/derivatives/masters/A/A0A49CF0-A09D-431D-8DD1-8454234DB98D_4_5005_c.jpeg"
    ],
    "ultima_modificacion": "2025-08-01 01:01:11.686979"
  }
}