{
  "7329337668a94470a028e2a8733710a545005c.jpeg": {
    "app_sintetizada": "7329337668A94470A028E2A8733710A545005C.JPEG",
    "cantidad_archivos": 1,
    "archivos_fuente": [
      "Pictures/Fototeca de Fotos.photoslibrary/resources/derivatives/masters/7/73293376-68A9-4470-A028-E2A8733710A5_4_5005_c.jpeg"
    ],
    "ultima_modificacion": "2025-08-01 01:01:07.809482"
  },
  "7b365228a2814a3fb515f0f71ce3683245005c.jpeg": {
    "app_sintetizada": "7B365228A2814A3FB515F0F71CE3683245005C.JPEG",
    "cantidad_archivos": 1,
    "archivos_fuente": [
      "Pictures/Fototeca de Fotos.photoslibrary/resources/derivatives/masters/7/7B365228-A281-4A3F-B515-F0F71CE36832_4_5005_c.jpeg"
    ],
    "ultima_modificacion": "2025-08-01 01:01:07.809787"
  },
  "73c8ff09b17449ed81d1e85e8464389645005c.jpeg": {
    "app_sintetizada": "73C8FF09B17449ED81D1E85E8464389645005C.JPEG",
    "cantidad_archivos": 1,
    "archivos_fuente": [
      "Pictures/Fototeca de Fotos.photoslibrary/resources/derivatives/masters/7/73C8FF09-B174-49ED-81D1-E85E84643896_4_5005_c.jpeg"
    ],
    "ultima_modificacion": "2025-08-01 01:01:07.810106"
  },
  "7489b66fa2e742f58b8d94d28c9d8eaf45005c.jpeg": {
    "app_sintetizada": "7489B66FA2E742F58B8D94D28C9D8EAF45005C.JPEG",
    "cantidad_archivos": 1,
    "archivos_fuente": [
      "Pictures/Fototeca de Fotos.photoslibrary/resources/derivatives/masters/7/7489B66F-A2E7-42F5-8B8D-94D28C9D8EAF_4_5005_c.jpeg"
    ],
    "ultima_modificacion": "2025-08-01 01:01:07.810400"
  },
  "79dfcdeecc694216b59ca92d9273c5f945005c.jpeg": {
    "app_sintetizada": "79DFCDEECC694216B59CA92D9273C5F945005C.JPEG",
    "cantidad_archivos": 1,
    "archivos_fuente": [
      "Pictures/Fototeca de Fotos.photoslibrary/resources/derivatives/masters/7/79DFCDEE-CC69-4216-B59C-A92D9273C5F9_4_5005_c.jpeg"
    ],
    "ultima_modificacion": "2025-08-01 01:01:07.810722"
  },
  "79b4367423cd4acca7ca0bd60ea994d945005c.jpeg": {
    "app_sintetizada": "79B4367423CD4ACCA7CA0BD60EA994D945005C.JPEG",
    "cantidad_archivos": 1,
    "archivos_fuente": [
      "Pictures/Fototeca de Fotos.photoslibrary/resources/derivatives/masters/7/79B43674-23CD-4ACC-A7CA-0BD60EA994D9_4_5005_c.jpeg"
    ],
    "ultima_modificacion": "2025-08-01 01:01:07.811038"
  },
  "75674db06971443e928cb65cd74e58f245005c.jpeg": {
    "app_sintetizada": "75674DB06971443E928CB65CD74E58F245005C.JPEG",
    "cantidad_archivos": 1,
    "archivos_fuente": [
      "Pictures/Fototeca de Fotos.photoslibrary/resources/derivatives/masters/7/75674DB0-6971-443E-928C-B65CD74E58F2_4_5005_c.jpeg"
    ],
    "ultima_modificacion": "2025-08-01 01:01:07.811302"
  },
  "7457d31109964135a6f7fe31cc67f1b845005c.jpeg": {
    "app_sintetizada": "7457D31109964135A6F7FE31CC67F1B845005C.JPEG",
    "cantidad_archivos": 1,
    "archivos_fuente": [
      "Pictures/Fototeca de Fotos.photoslibrary/resources/derivatives/masters/7/7457D311-0996-4135-A6F7-FE31CC67F1B8_4_5005_c.jpeg"
    ],
    "ultima_modificacion": "2025-08-01 01:01:07.811589"
  },
  "71e6ca227e83482ba6a1077ed7ddb1d745005c.jpeg": {
    "app_sintetizada": "71E6CA227E83482BA6A1077ED7DDB1D745005C.JPEG",
    "cantidad_archivos": 1,
    "archivos_fuente": [
      "Pictures/Fototeca de Fotos.photoslibrary/resources/derivatives/masters/7/71E6CA22-7E83-482B-A6A1-077ED7DDB1D7_4_5005_c.jpeg"
    ],
    "ultima_modificacion": "2025-08-01 01:01:07.811860"
  },
  "75c63697beda426a82bdf466df5d1d7e45005c.jpeg": {
    "app_sintetizada": "75C63697BEDA426A82BDF466DF5D1D7E45005C.JPEG",
    "cantidad_archivos": 1,
    "archivos_fuente": [
      "Pictures/Fototeca de Fotos.photoslibrary/resources/derivatives/masters/7/75C63697-BEDA-426A-82BD-F466DF5D1D7E_4_5005_c.jpeg"
    ],
    "ultima_modificacion": "2025-08-01 01:01:07.812222"
  },
  "75502d3c2ab44910b95152105bf3776d45005c.jpeg": {
    "app_sintetizada": "75502D3C2AB44910B95152105BF3776D45005C.JPEG",
    "cantidad_archivos": 1,
    "archivos_fuente": [
      "Pictures/Fototeca de Fotos.photoslibrary/resources/derivatives/masters/7/75502D3C-2AB4-4910-B951-52105BF3776D_4_5005_c.jpeg"
    ],
    "ultima_modificacion": "2025-08-01 01:01:07.812486"
  },
  "78c7e64a360a4a3da2b0732f8a6dd3e545005c.jpeg": {
    "app_sintetizada": "78C7E64A360A4A3DA2B0732F8A6DD3E545005C.JPEG",
    "cantidad_archivos": 1,
    "archivos_fuente": [
      "Pictures/Fototeca de Fotos.photoslibrary/resources/derivatives/masters/7/78C7E64A-360A-4A3D-A2B0-732F8A6DD3E5_4_5005_c.jpeg"
    ],
    "ultima_modificacion": "2025-08-01 01:01:07.812788"
  },
  "76ac5613dc11419292a628d9b479782845005c.jpeg": {
    "app_sintetizada": "76AC5613DC11419292A628D9B479782845005C.JPEG",
    "cantidad_archivos": 1,
    "archivos_fuente": [
      "Pictures/Fototeca de Fotos.photoslibrary/resources/derivatives/masters/7/76AC5613-DC11-4192-92A6-28D9B4797828_4_5005_c.jpeg"
    ],
    "ultima_modificacion": "2025-08-01 01:01:07.813054"
  },
  "77ec0cb5add6414cbc20f6ef8d94157c45005c.jpeg": {
    "app_sintetizada": "77EC0CB5ADD6414CBC20F6EF8D94157C45005C.JPEG",
    "cantidad_archivos": 1,
    "archivos_fuente": [
      "Pictures/Fototeca de Fotos.photoslibrary/resources/derivatives/masters/7/77EC0CB5-ADD6-414C-BC20-F6EF8D94157C_4_5005_c.jpeg"
    ],
    "ultima_modificacion": "2025-08-01 01:01:07.813317"
  },
  "7c11f5701d0840a49433fbbcd76fb6ac45005c.jpeg": {
    "app_sintetizada": "7C11F5701D0840A49433FBBCD76FB6AC45005C.JPEG",
    "cantidad_archivos": 1,
    "archivos_fuente": [
      "Pictures/Fototeca de Fotos.photoslibrary/resources/derivatives/masters/7/7C11F570-1D08-40A4-9433-FBBCD76FB6AC_4_5005_c.jpeg"
    ],
    "ultima_modificacion": "2025-08-01 01:01:07.813606"
  },
  "783b97f816264cc7b5c6dcb69ec9f4bd45005c.jpeg": {
    "app_sintetizada": "783B97F816264CC7B5C6DCB69EC9F4BD45005C.JPEG",
    "cantidad_archivos": 1,
    "archivos_fuente": [
      "Pictures/Fototeca de Fotos.photoslibrary/resources/derivatives/masters/7/783B97F8-1626-4CC7-B5C6-DCB69EC9F4BD_4_5005_c.jpeg"
    ],
    "ultima_modificacion": "2025-08-01 01:01:07.813952"
  },
  "7012dfacfa5d41adba7f3abed46da5d645005c.jpeg": {
    "app_sintetizada": "7012DFACFA5D41ADBA7F3ABED46DA5D645005C.JPEG",
    "cantidad_archivos": 1,
    "archivos_fuente": [
      "Pictures/Fototeca de Fotos.photoslibrary/resources/derivatives/masters/7/7012DFAC-FA5D-41AD-BA7F-3ABED46DA5D6_4_5005_c.jpeg"
    ],
    "ultima_modificacion": "2025-08-01 01:01:07.814237"
  },
  "7c2ca7631bf74947a71962d0084b358045005c.jpeg": {
    "app_sintetizada": "7C2CA7631BF74947A71962D0084B358045005C.JPEG",
    "cantidad_archivos": 1,
    "archivos_fuente": [
      "Pictures/Fototeca de Fotos.photoslibrary/resources/derivatives/masters/7/7C2CA763-1BF7-4947-A719-62D0084B3580_4_5005_c.jpeg"
    ],
    "ultima_modificacion": "2025-08-01 01:01:07.814461"
  },
  "7620c32f35ab4a18bd6a9b4fc727c8e045005c.jpeg": {
    "app_sintetizada": "7620C32F35AB4A18BD6A9B4FC727C8E045005C.JPEG",
    "cantidad_archivos": 1,
    "archivos_fuente": [
      "Pictures/Fototeca de Fotos.photoslibrary/resources/derivatives/masters/7/7620C32F-35AB-4A18-BD6A-9B4FC727C8E0_4_5005_c.jpeg"
    ],
    "ultima_modificacion": "2025-08-01 01:01:07.814679"
  },
  "73b5cdbc87ef415f89200b726d10e3cb45005c.jpeg": {
    "app_sintetizada": "73B5CDBC87EF415F89200B726D10E3CB45005C.JPEG",
    "cantidad_archivos": 1,
    "archivos_fuente": [
      "Pictures/Fototeca de Fotos.photoslibrary/resources/derivatives/masters/7/73B5CDBC-87EF-415F-8920-0B726D10E3CB_4_5005_c.jpeg"
    ],
    "ultima_modificacion": "2025-08-01 01:01:07.814905"
  },
  "7d9a5116776f4d3ba39c0096bb3e21d045005c.jpeg": {
    "app_sintetizada": "7D9A5116776F4D3BA39C0096BB3E21D045005C.JPEG",
    "cantidad_archivos": 1,
    "archivos_fuente": [
      "Pictures/Fototeca de Fotos.photoslibrary/resources/derivatives/masters/7/7D9A5116-776F-4D3B-A39C-0096BB3E21D0_4_5005_c.jpeg"
    ],
    "ultima_modificacion": "2025-08-01 01:01:07.815139"
  },
  "70fa9f18e6cd4ac9816a5f1f06dc310e45005c.jpeg": {
    "app_sintetizada": "70FA9F18E6CD4AC9816A5F1F06DC310E45005C.JPEG",
    "cantidad_archivos": 1,
    "archivos_fuente": [
      "Pictures/Fototeca de Fotos.photoslibrary/resources/derivatives/masters/7/70FA9F18-E6CD-4AC9-816A-5F1F06DC310E_4_5005_c.jpeg"
    ],
    "ultima_modificacion": "2025-08-01 01:01:07.815397"
  },
  "7b2468d50d0b45449266d84ef15933b045005c.jpeg": {
    "app_sintetizada": "7B2468D50D0B45449266D84EF15933B045005C.JPEG",
    "cantidad_archivos": 1,
    "archivos_fuente": [
      "Pictures/Fototeca de Fotos.photoslibrary/resources/derivatives/masters/7/7B2468D5-0D0B-4544-9266-D84EF15933B0_4_5005_c.jpeg"
    ],
    "ultima_modificacion": "2025-08-01 01:01:07.815672"
  },
  "7ae719042aae4ad99f4c31d72b7ea1a745005c.jpeg": {
    "app_sintetizada": "7AE719042AAE4AD99F4C31D72B7EA1A745005C.JPEG",
    "cantidad_archivos": 1,
    "archivos_fuente": [
      "Pictures/Fototeca de Fotos.photoslibrary/resources/derivatives/masters/7/7AE71904-2AAE-4AD9-9F4C-31D72B7EA1A7_4_5005_c.jpeg"
    ],
    "ultima_modificacion": "2025-08-01 01:01:07.816035"
  },
  "7ef09047817e456392143d8549e8235745005c.jpeg": {
    "app_sintetizada": "7EF09047817E456392143D8549E8235745005C.JPEG",
    "cantidad_archivos": 1,
    "archivos_fuente": [
      "Pictures/Fototeca de Fotos.photoslibrary/resources/derivatives/masters/7/7EF09047-817E-4563-9214-3D8549E82357_4_5005_c.jpeg"
    ],
    "ultima_modificacion": "2025-08-01 01:01:07.816296"
  },
  "7bb2da34a1ab455692bd0d30d18044db45005c.jpeg": {
    "app_sintetizada": "7BB2DA34A1AB455692BD0D30D18044DB45005C.JPEG",
    "cantidad_archivos": 1,
    "archivos_fuente": [
      "Pictures/Fototeca de Fotos.photoslibrary/resources/derivatives/masters/7/7BB2DA34-A1AB-4556-92BD-0D30D18044DB_4_5005_c.jpeg"
    ],
    "ultima_modificacion": "2025-08-01 01:01:07.816548"
  },
  "734d8c1e5e9b47c38897226a32882ebe45005c.jpeg": {
    "app_sintetizada": "734D8C1E5E9B47C38897226A32882EBE45005C.JPEG",
    "cantidad_archivos": 1,
    "archivos_fuente": [
      "Pictures/Fototeca de Fotos.photoslibrary/resources/derivatives/masters/7/734D8C1E-5E9B-47C3-8897-226A32882EBE_4_5005_c.jpeg"
    ],
    "ultima_modificacion": "2025-08-01 01:01:07.816798"
  },
  "7def4177c980473db6586ba4293632fd45005c.jpeg": {
    "app_sintetizada": "7DEF4177C980473DB6586BA4293632FD45005C.JPEG",
    "cantidad_archivos": 1,
    "archivos_fuente": [
      "Pictures/Fototeca de Fotos.photoslibrary/resources/derivatives/masters/7/7DEF4177-C980-473D-B658-6BA4293632FD_4_5005_c.jpeg"
    ],
    "ultima_modificacion": "2025-08-01 01:01:07.817059"
  },
  "76c278ed843248bebfe2ef4273628a0145005c.jpeg": {
    "app_sintetizada": "76C278ED843248BEBFE2EF4273628A0145005C.JPEG",
    "cantidad_archivos": 1,
    "archivos_fuente": [
      "Pictures/Fototeca de Fotos.photoslibrary/resources/derivatives/masters/7/76C278ED-8432-48BE-BFE2-EF4273628A01_4_5005_c.jpeg"
    ],
    "ultima_modificacion": "2025-08-01 01:01:07.817326"
  },
  "76ebaf182cf24c89986f477136c5ca1545005c.jpeg": {
    "app_sintetizada": "76EBAF182CF24C89986F477136C5CA1545005C.JPEG",
    "cantidad_archivos": 1,
    "archivos_fuente": [
      "Pictures/Fototeca de Fotos.photoslibrary/resources/derivatives/masters/7/76EBAF18-2CF2-4C89-986F-477136C5CA15_4_5005_c.jpeg"
    ],
    "ultima_modificacion": "2025-08-01 01:01:07.817576"
  },
  "77b8abc421d24db6be855f3e884f792c45005c.jpeg": {
    "app_sintetizada": "77B8ABC421D24DB6BE855F3E884F792C45005C.JPEG",
    "cantidad_archivos": 1,
    "archivos_fuente": [
      "Pictures/Fototeca de Fotos.photoslibrary/resources/derivatives/masters/7/77B8ABC4-21D2-4DB6-BE85-5F3E884F792C_4_5005_c.jpeg"
    ],
    "ultima_modificacion": "2025-08-01 01:01:07.817821"
  },
  "70047721a6934c40a1604276d38b46e745005c.jpeg": {
    "app_sintetizada": "70047721A6934C40A1604276D38B46E745005C.JPEG",
    "cantidad_archivos": 1,
    "archivos_fuente": [
      "Pictures/Fototeca de Fotos.photoslibrary/resources/derivatives/masters/7/70047721-A693-4C40-A160-4276D38B46E7_4_5005_c.jpeg"
    ],
    "ultima_modificacion": "2025-08-01 01:01:07.818177"
  },
  "7d809d8fa6464b6298d21e7f12c9d4c245005c.jpeg": {
    "app_sintetizada": "7D809D8FA6464B6298D21E7F12C9D4C245005C.JPEG",
    "cantidad_archivos": 1,
    "archivos_fuente": [
      "Pictures/Fototeca de Fotos.photoslibrary/resources/derivatives/masters/7/7D809D8F-A646-4B62-98D2-1E7F12C9D4C2_4_5005_c.jpeg"
    ],
    "ultima_modificacion": "2025-08-01 01:01:07.818521"
  },
  "7621aaecd4ac42cd95eeb3dbc7c7216945005c.jpeg": {
    "app_sintetizada": "7621AAECD4AC42CD95EEB3DBC7C7216945005C.JPEG",
    "cantidad_archivos": 1,
    "archivos_fuente": [
      "Pictures/Fototeca de Fotos.photoslibrary/resources/derivatives/masters/7/7621AAEC-D4AC-42CD-95EE-B3DBC7C72169_4_5005_c.jpeg"
    ],
    "ultima_modificacion": "2025-08-01 01:01:07.818785"
  },
  "7adf3d96ba0348ab94ed5bc5cd488b9a45005c.jpeg": {
    "app_sintetizada": "7ADF3D96BA0348AB94ED5BC5CD488B9A45005C.JPEG",
    "cantidad_archivos": 1,
    "archivos_fuente": [
      "Pictures/Fototeca de Fotos.photoslibrary/resources/derivatives/masters/7/7ADF3D96-BA03-48AB-94ED-5BC5CD488B9A_4_5005_c.jpeg"
    ],
    "ultima_modificacion": "2025-08-01 01:01:07.819092"
  },
  "7859e6c5587b454ea4e70e2d13b9ddeb45005c.jpeg": {
    "app_sintetizada": "7859E6C5587B454EA4E70E2D13B9DDEB45005C.JPEG",
    "cantidad_archivos": 1,
    "archivos_fuente": [
      "Pictures/Fototeca de Fotos.photoslibrary/resources/derivatives/masters/7/7859E6C5-587B-454E-A4E7-0E2D13B9DDEB_4_5005_c.jpeg"
    ],
    "ultima_modificacion": "2025-08-01 01:01:07.819336"
  },
  "79aabbbbd4e342019e6dd8e3ec1d03a445005c.jpeg": {
    "app_sintetizada": "79AABBBBD4E342019E6DD8E3EC1D03A445005C.JPEG",
    "cantidad_archivos": 1,
    "archivos_fuente": [
      "Pictures/Fototeca de Fotos.photoslibrary/resources/derivatives/masters/7/79AABBBB-D4E3-4201-9E6D-D8E3EC1D03A4_4_5005_c.jpeg"
    ],
    "ultima_modificacion": "2025-08-01 01:01:07.819587"
  },
  "71daac2fddbc445cbd315ca2459e663745005c.jpeg": {
    "app_sintetizada": "71DAAC2FDDBC445CBD315CA2459E663745005C.JPEG",
    "cantidad_archivos": 1,
    "archivos_fuente": [
      "Pictures/Fototeca de Fotos.photoslibrary/resources/derivatives/masters/7/71DAAC2F-DDBC-445C-BD31-5CA2459E6637_4_5005_c.jpeg"
    ],
    "ultima_modificacion": "2025-08-01 01:01:07.819835"
  },
  "720ba1e621d54c9494f65c36fbd01c0d45005c.jpeg": {
    "app_sintetizada": "720BA1E621D54C9494F65C36FBD01C0D45005C.JPEG",
    "cantidad_archivos": 1,
    "archivos_fuente": [
      "Pictures/Fototeca de Fotos.photoslibrary/resources/derivatives/masters/7/720BA1E6-21D5-4C94-94F6-5C36FBD01C0D_4_5005_c.jpeg"
    ],
    "ultima_modificacion": "2025-08-01 01:01:07.820088"
  },
  "749a37d6e7c248b98e01a3c343de96c745005c.jpeg": {
    "app_sintetizada": "749A37D6E7C248B98E01A3C343DE96C745005C.JPEG",
    "cantidad_archivos": 1,
    "archivos_fuente": [
      "Pictures/Fototeca de Fotos.photoslibrary/resources/derivatives/masters/7/749A37D6-E7C2-48B9-8E01-A3C343DE96C7_4_5005_c.jpeg"
    ],
    "ultima_modificacion": "2025-08-01 01:01:07.820425"
  },
  "7e5007982d634b629f646f351bfffd7d45005c.jpeg": {
    "app_sintetizada": "7E5007982D634B629F646F351BFFFD7D45005C.JPEG",
    "cantidad_archivos": 1,
    "archivos_fuente": [
      "Pictures/Fototeca de Fotos.photoslibrary/resources/derivatives/masters/7/7E500798-2D63-4B62-9F64-6F351BFFFD7D_4_5005_c.jpeg"
    ],
    "ultima_modificacion": "2025-08-01 01:01:07.820649"
  },
  "7f339a72debc4b189366288aebac95ad45005c.jpeg": {
    "app_sintetizada": "7F339A72DEBC4B189366288AEBAC95AD45005C.JPEG",
    "cantidad_archivos": 1,
    "archivos_fuente": [
      "Pictures/Fototeca de Fotos.photoslibrary/resources/derivatives/masters/7/7F339A72-DEBC-4B18-9366-288AEBAC95AD_4_5005_c.jpeg"
    ],
    "ultima_modificacion": "2025-08-01 01:01:07.820852"
  },
  "7f3c36f8b34c4d7a8165616a7200f01445005c.jpeg": {
    "app_sintetizada": "7F3C36F8B34C4D7A8165616A7200F01445005C.JPEG",
    "cantidad_archivos": 1,
    "archivos_fuente": [
      "Pictures/Fototeca de Fotos.photoslibrary/resources/derivatives/masters/7/7F3C36F8-B34C-4D7A-8165-616A7200F014_4_5005_c.jpeg"
    ],
    "ultima_modificacion": "2025-08-01 01:01:07.821041"
  },
  "7b1b277ccf6d488fa0bb6d7df39c981545005c.jpeg": {
    "app_sintetizada": "7B1B277CCF6D488FA0BB6D7DF39C981545005C.JPEG",
    "cantidad_archivos": 1,
    "archivos_fuente": [
      "Pictures/Fototeca de Fotos.photoslibrary/resources/derivatives/masters/7/7B1B277C-CF6D-488F-A0BB-6D7DF39C9815_4_5005_c.jpeg"
    ],
    "ultima_modificacion": "2025-08-01 01:01:07.821237"
  },
  "74259b0e5b694f97a63a41419b97343245005c.jpeg": {
    "app_sintetizada": "74259B0E5B694F97A63A41419B97343245005C.JPEG",
    "cantidad_archivos": 1,
    "archivos_fuente": [
      "Pictures/Fototeca de Fotos.photoslibrary/resources/derivatives/masters/7/74259B0E-5B69-4F97-A63A-41419B973432_4_5005_c.jpeg"
    ],
    "ultima_modificacion": "2025-08-01 01:01:07.821428"
  },
  "77e042bbc44f4385a4a0c93edf8af30b45005c.jpeg": {
    "app_sintetizada": "77E042BBC44F4385A4A0C93EDF8AF30B45005C.JPEG",
    "cantidad_archivos": 1,
    "archivos_fuente": [
      "Pictures/Fototeca de Fotos.photoslibrary/resources/derivatives/masters/7/77E042BB-C44F-4385-A4A0-C93EDF8AF30B_4_5005_c.jpeg"
    ],
    "ultima_modificacion": "2025-08-01 01:01:07.821607"
  },
  "7c545a0f0798404b9aeddc9dd172ae9c45005c.jpeg": {
    "app_sintetizada": "7C545A0F0798404B9AEDDC9DD172AE9C45005C.JPEG",
    "cantidad_archivos": 1,
    "archivos_fuente": [
      "Pictures/Fototeca de Fotos.photoslibrary/resources/derivatives/masters/7/7C545A0F-0798-404B-9AED-DC9DD172AE9C_4_5005_c.jpeg"
    ],
    "ultima_modificacion": "2025-08-01 01:01:07.821801"
  },
  "739693c9d8fb42a2b809c3ba5842b99c45005c.jpeg": {
    "app_sintetizada": "739693C9D8FB42A2B809C3BA5842B99C45005C.JPEG",
    "cantidad_archivos": 1,
    "archivos_fuente": [
      "Pictures/Fototeca de Fotos.photoslibrary/resources/derivatives/masters/7/739693C9-D8FB-42A2-B809-C3BA5842B99C_4_5005_c.jpeg"
    ],
    "ultima_modificacion": "2025-08-01 01:01:07.821989"
  },
  "7ce75bb455b3430dae6505812af9fdb945005c.jpeg": {
    "app_sintetizada": "7CE75BB455B3430DAE6505812AF9FDB945005C.JPEG",
    "cantidad_archivos": 1,
    "archivos_fuente": [
      "Pictures/Fototeca de Fotos.photoslibrary/resources/derivatives/masters/7/7CE75BB4-55B3-430D-AE65-05812AF9FDB9_4_5005_c.jpeg"
    ],
    "ultima_modificacion": "2025-08-01 01:01:07.822179"
  },
  "71c68ca9ceec4b839ee33abf534190ac45005c.jpeg": {
    "app_sintetizada": "71C68CA9CEEC4B839EE33ABF534190AC45005C.JPEG",
    "cantidad_archivos": 1,
    "archivos_fuente": [
      "Pictures/Fototeca de Fotos.photoslibrary/resources/derivatives/masters/7/71C68CA9-CEEC-4B83-9EE3-3ABF534190AC_4_5005_c.jpeg"
    ],
    "ultima_modificacion": "2025-08-01 01:01:07.822367"
  },
  "713d635bc73d4510a8e29fd9a8723f4445005c.jpeg": {
    "app_sintetizada": "713D635BC73D4510A8E29FD9A8723F4445005C.JPEG",
    "cantidad_archivos": 1,
    "archivos_fuente": [
      "Pictures/Fototeca de Fotos.photoslibrary/resources/derivatives/masters/7/713D635B-C73D-4510-A8E2-9FD9A8723F44_4_5005_c.jpeg"
    ],
    "ultima_modificacion": "2025-08-01 01:01:07.822601"
  },
  "745322a642a142e9add426d19e31f7db45005c.jpeg": {
    "app_sintetizada": "745322A642A142E9ADD426D19E31F7DB45005C.JPEG",
    "cantidad_archivos": 1,
    "archivos_fuente": [
      "Pictures/Fototeca de Fotos.photoslibrary/resources/derivatives/masters/7/745322A6-42A1-42E9-ADD4-26D19E31F7DB_4_5005_c.jpeg"
    ],
    "ultima_modificacion": "2025-08-01 01:01:07.822930"
  },
  "7933345e94904b15a53c534a1631c07f45005c.jpeg": {
    "app_sintetizada": "7933345E94904B15A53C534A1631C07F45005C.JPEG",
    "cantidad_archivos": 1,
    "archivos_fuente": [
      "Pictures/Fototeca de Fotos.photoslibrary/resources/derivatives/masters/7/7933345E-9490-4B15-A53C-534A1631C07F_4_5005_c.jpeg"
    ],
    "ultima_modificacion": "2025-08-01 01:01:07.823243"
  },
  "7756443e46b043a78018c9b92af027f045005c.jpeg": {
    "app_sintetizada": "7756443E46B043A78018C9B92AF027F045005C.JPEG",
    "cantidad_archivos": 1,
    "archivos_fuente": [
      "Pictures/Fototeca de Fotos.photoslibrary/resources/derivatives/masters/7/7756443E-46B0-43A7-8018-C9B92AF027F0_4_5005_c.jpeg"
    ],
    "ultima_modificacion": "2025-08-01 01:01:07.823557"
  },
  "717ca75300874b5681689613b2b413a245005c.jpeg": {
    "app_sintetizada": "717CA75300874B5681689613B2B413A245005C.JPEG",
    "cantidad_archivos": 1,
    "archivos_fuente": [
      "Pictures/Fototeca de Fotos.photoslibrary/resources/derivatives/masters/7/717CA753-0087-4B56-8168-9613B2B413A2_4_5005_c.jpeg"
    ],
    "ultima_modificacion": "2025-08-01 01:01:07.823864"
  },
  "72683f61a0c845869b7e07c58ad2db7c45005c.jpeg": {
    "app_sintetizada": "72683F61A0C845869B7E07C58AD2DB7C45005C.JPEG",
    "cantidad_archivos": 1,
    "archivos_fuente": [
      "Pictures/Fototeca de Fotos.photoslibrary/resources/derivatives/masters/7/72683F61-A0C8-4586-9B7E-07C58AD2DB7C_4_5005_c.jpeg"
    ],
    "ultima_modificacion": "2025-08-01 01:01:07.824147"
  },
  "780cfa16f6034eb8b3b1910f4cebc67c45005c.jpeg": {
    "app_sintetizada": "780CFA16F6034EB8B3B1910F4CEBC67C45005C.JPEG",
    "cantidad_archivos": 1,
    "archivos_fuente": [
      "Pictures/Fototeca de Fotos.photoslibrary/resources/derivatives/masters/7/780CFA16-F603-4EB8-B3B1-910F4CEBC67C_4_5005_c.jpeg"
    ],
    "ultima_modificacion": "2025-08-01 01:01:07.824411"
  },
  "7c8454c8b1ea4e26bcdd6b232b1a9cbf45005c.jpeg": {
    "app_sintetizada": "7C8454C8B1EA4E26BCDD6B232B1A9CBF45005C.JPEG",
    "cantidad_archivos": 1,
    "archivos_fuente": [
      "Pictures/Fototeca de Fotos.photoslibrary/resources/derivatives/masters/7/7C8454C8-B1EA-4E26-BCDD-6B232B1A9CBF_4_5005_c.jpeg"
    ],
    "ultima_modificacion": "2025-08-01 01:01:07.824654"
  },
  "720bb3dcc7d1403ba1818870ff5ddf7945005c.jpeg": {
    "app_sintetizada": "720BB3DCC7D1403BA1818870FF5DDF7945005C.JPEG",
    "cantidad_archivos": 1,
    "archivos_fuente": [
      "Pictures/Fototeca de Fotos.photoslibrary/resources/derivatives/masters/7/720BB3DC-C7D1-403B-A181-8870FF5DDF79_4_5005_c.jpeg"
    ],
    "ultima_modificacion": "2025-08-01 01:01:07.825014"
  },
  "7b8c1b85038540b4b0d993549f50ab2045005c.jpeg": {
    "app_sintetizada": "7B8C1B85038540B4B0D993549F50AB2045005C.JPEG",
    "cantidad_archivos": 1,
    "archivos_fuente": [
      "Pictures/Fototeca de Fotos.photoslibrary/resources/derivatives/masters/7/7B8C1B85-0385-40B4-B0D9-93549F50AB20_4_5005_c.jpeg"
    ],
    "ultima_modificacion": "2025-08-01 01:01:07.825239"
  },
  "7883a228dd1941658a13cf1f1ba801af45005c.jpeg": {
    "app_sintetizada": "7883A228DD1941658A13CF1F1BA801AF45005C.JPEG",
    "cantidad_archivos": 1,
    "archivos_fuente": [
      "Pictures/Fototeca de Fotos.photoslibrary/resources/derivatives/masters/7/7883A228-DD19-4165-8A13-CF1F1BA801AF_4_5005_c.jpeg"
    ],
    "ultima_modificacion": "2025-08-01 01:01:07.825466"
  },
  "78195242edc54030bb2f03e7f3649a9f45005c.jpeg": {
    "app_sintetizada": "78195242EDC54030BB2F03E7F3649A9F45005C.JPEG",
    "cantidad_archivos": 1,
    "archivos_fuente": [
      "Pictures/Fototeca de Fotos.photoslibrary/resources/derivatives/masters/7/78195242-EDC5-4030-BB2F-03E7F3649A9F_4_5005_c.jpeg"
    ],
    "ultima_modificacion": "2025-08-01 01:01:07.825712"
  },
  "7a3f096ae89a4801884aac36ec53928a45005c.jpeg": {
    "app_sintetizada": "7A3F096AE89A4801884AAC36EC53928A45005C.JPEG",
    "cantidad_archivos": 1,
    "archivos_fuente": [
      "Pictures/Fototeca de Fotos.photoslibrary/resources/derivatives/masters/7/7A3F096A-E89A-4801-884A-AC36EC53928A_4_5005_c.jpeg"
    ],
    "ultima_modificacion": "2025-08-01 01:01:07.825999"
  },
  "7312866b6b8c4b1f9d0d4a64d04fdf6145005c.jpeg": {
    "app_sintetizada": "7312866B6B8C4B1F9D0D4A64D04FDF6145005C.JPEG",
    "cantidad_archivos": 1,
    "archivos_fuente": [
      "Pictures/Fototeca de Fotos.photoslibrary/resources/derivatives/masters/7/7312866B-6B8C-4B1F-9D0D-4A64D04FDF61_4_5005_c.jpeg"
    ],
    "ultima_modificacion": "2025-08-01 01:01:07.826204"
  },
  "7fe9c6f063ac48838e27e9ad9c5c16cd45005c.jpeg": {
    "app_sintetizada": "7FE9C6F063AC48838E27E9AD9C5C16CD45005C.JPEG",
    "cantidad_archivos": 1,
    "archivos_fuente": [
      "Pictures/Fototeca de Fotos.photoslibrary/resources/derivatives/masters/7/7FE9C6F0-63AC-4883-8E27-E9AD9C5C16CD_4_5005_c.jpeg"
    ],
    "ultima_modificacion": "2025-08-01 01:01:07.826407"
  },
  "7527d736aa7d4838a22ca1291be34dd645005c.jpeg": {
    "app_sintetizada": "7527D736AA7D4838A22CA1291BE34DD645005C.JPEG",
    "cantidad_archivos": 1,
    "archivos_fuente": [
      "Pictures/Fototeca de Fotos.photoslibrary/resources/derivatives/masters/7/7527D736-AA7D-4838-A22C-A1291BE34DD6_4_5005_c.jpeg"
    ],
    "ultima_modificacion": "2025-08-01 01:01:07.826616"
  },
  "7787acb76a9948209c87218101ca7dca45005c.jpeg": {
    "app_sintetizada": "7787ACB76A9948209C87218101CA7DCA45005C.JPEG",
    "cantidad_archivos": 1,
    "archivos_fuente": [
      "Pictures/Fototeca de Fotos.photoslibrary/resources/derivatives/masters/7/7787ACB7-6A99-4820-9C87-218101CA7DCA_4_5005_c.jpeg"
    ],
    "ultima_modificacion": "2025-08-01 01:01:07.826820"
  },
  "700991538fb54f969d5c206fa5522a9b45005c.jpeg": {
    "app_sintetizada": "700991538FB54F969D5C206FA5522A9B45005C.JPEG",
    "cantidad_archivos": 1,
    "archivos_fuente": [
      "Pictures/Fototeca de Fotos.photoslibrary/resources/derivatives/masters/7/70099153-8FB5-4F96-9D5C-206FA5522A9B_4_5005_c.jpeg"
    ],
    "ultima_modificacion": "2025-08-01 01:01:07.827084"
  },
  "71877d74a9d141f5abdc50e998cd61f845005c.jpeg": {
    "app_sintetizada": "71877D74A9D141F5ABDC50E998CD61F845005C.JPEG",
    "cantidad_archivos": 1,
    "archivos_fuente": [
      "Pictures/Fototeca de Fotos.photoslibrary/resources/derivatives/masters/7/71877D74-A9D1-41F5-ABDC-50E998CD61F8_4_5005_c.jpeg"
    ],
    "ultima_modificacion": "2025-08-01 01:01:07.827403"
  },
  "748b9a25f7b94c9ba44dc4b69083bef445005c.jpeg": {
    "app_sintetizada": "748B9A25F7B94C9BA44DC4B69083BEF445005C.JPEG",
    "cantidad_archivos": 1,
    "archivos_fuente": [
      "Pictures/Fototeca de Fotos.photoslibrary/resources/derivatives/masters/7/748B9A25-F7B9-4C9B-A44D-C4B69083BEF4_4_5005_c.jpeg"
    ],
    "ultima_modificacion": "2025-08-01 01:01:07.827630"
  },
  "7fd9e40722c94da2a4aec7477a9cfa9145005c.jpeg": {
    "app_sintetizada": "7FD9E40722C94DA2A4AEC7477A9CFA9145005C.JPEG",
    "cantidad_archivos": 1,
    "archivos_fuente": [
      "Pictures/Fototeca de Fotos.photoslibrary/resources/derivatives/masters/7/7FD9E407-22C9-4DA2-A4AE-C7477A9CFA91_4_5005_c.jpeg"
    ],
    "ultima_modificacion": "2025-08-01 01:01:07.827923"
  },
  "7f7cb21d84c449ef9d4cebcc438839d645005c.jpeg": {
    "app_sintetizada": "7F7CB21D84C449EF9D4CEBCC438839D645005C.JPEG",
    "cantidad_archivos": 1,
    "archivos_fuente": [
      "Pictures/Fototeca de Fotos.photoslibrary/resources/derivatives/masters/7/7F7CB21D-84C4-49EF-9D4C-EBCC438839D6_4_5005_c.jpeg"
    ],
    "ultima_modificacion": "2025-08-01 01:01:07.828155"
  },
  "707f45fec4dd4b9dbb92feb11b27403745005c.jpeg": {
    "app_sintetizada": "707F45FEC4DD4B9DBB92FEB11B27403745005C.JPEG",
    "cantidad_archivos": 1,
    "archivos_fuente": [
      "Pictures/Fototeca de Fotos.photoslibrary/resources/derivatives/masters/7/707F45FE-C4DD-4B9D-BB92-FEB11B274037_4_5005_c.jpeg"
    ],
    "ultima_modificacion": "2025-08-01 01:01:07.828427"
  },
  "757f39c798ba4a0bb8f29a3e5d991dbd45005c.jpeg": {
    "app_sintetizada": "757F39C798BA4A0BB8F29A3E5D991DBD45005C.JPEG",
    "cantidad_archivos": 1,
    "archivos_fuente": [
      "Pictures/Fototeca de Fotos.photoslibrary/resources/derivatives/masters/7/757F39C7-98BA-4A0B-B8F2-9A3E5D991DBD_4_5005_c.jpeg"
    ],
    "ultima_modificacion": "2025-08-01 01:01:07.828643"
  },
  "7191ba6ac96f4a8ca3f740380080e19045005c.jpeg": {
    "app_sintetizada": "7191BA6AC96F4A8CA3F740380080E19045005C.JPEG",
    "cantidad_archivos": 1,
    "archivos_fuente": [
      "Pictures/Fototeca de Fotos.photoslibrary/resources/derivatives/masters/7/7191BA6A-C96F-4A8C-A3F7-40380080E190_4_5005_c.jpeg"
    ],
    "ultima_modificacion": "2025-08-01 01:01:07.828848"
  },
  "7543271261174b9895a0ffbf8c6746e445005c.jpeg": {
    "app_sintetizada": "7543271261174B9895A0FFBF8C6746E445005C.JPEG",
    "cantidad_archivos": 1,
    "archivos_fuente": [
      "Pictures/Fototeca de Fotos.photoslibrary/resources/derivatives/masters/7/75432712-6117-4B98-95A0-FFBF8C6746E4_4_5005_c.jpeg"
    ],
    "ultima_modificacion": "2025-08-01 01:01:07.829052"
  },
  "7052ca369f154ac68a88146d401ae93e45005c.jpeg": {
    "app_sintetizada": "7052CA369F154AC68A88146D401AE93E45005C.JPEG",
    "cantidad_archivos": 1,
    "archivos_fuente": [
      "Pictures/Fototeca de Fotos.photoslibrary/resources/derivatives/masters/7/7052CA36-9F15-4AC6-8A88-146D401AE93E_4_5005_c.jpeg"
    ],
    "ultima_modificacion": "2025-08-01 01:01:07.829317"
  },
  "7e46685a45a54258bee3772a634e33d045005c.jpeg": {
    "app_sintetizada": "7E46685A45A54258BEE3772A634E33D045005C.JPEG",
    "cantidad_archivos": 1,
    "archivos_fuente": [
      "Pictures/Fototeca de Fotos.photoslibrary/resources/derivatives/masters/7/7E46685A-45A5-4258-BEE3-772A634E33D0_4_5005_c.jpeg"
    ],
    "ultima_modificacion": "2025-08-01 01:01:07.829578"
  },
  "78974df002cc49c69b410698539e289d45005c.jpeg": {
    "app_sintetizada": "78974DF002CC49C69B410698539E289D45005C.JPEG",
    "cantidad_archivos": 1,
    "archivos_fuente": [
      "Pictures/Fototeca de Fotos.photoslibrary/resources/derivatives/masters/7/78974DF0-02CC-49C6-9B41-0698539E289D_4_5005_c.jpeg"
    ],
    "ultima_modificacion": "2025-08-01 01:01:07.829775"
  },
  "740d5b4f86954cb384e5d7cf81a1525f45005c.jpeg": {
    "app_sintetizada": "740D5B4F86954CB384E5D7CF81A1525F45005C.JPEG",
    "cantidad_archivos": 1,
    "archivos_fuente": [
      "Pictures/Fototeca de Fotos.photoslibrary/resources/derivatives/masters/7/740D5B4F-8695-4CB3-84E5-D7CF81A1525F_4_5005_c.jpeg"
    ],
    "ultima_modificacion": "2025-08-01 01:01:07.829978"
  },
  "72397781e9534d35b340451b155c056245005c.jpeg": {
    "app_sintetizada": "72397781E9534D35B340451B155C056245005C.JPEG",
    "cantidad_archivos": 1,
    "archivos_fuente": [
      "Pictures/Fototeca de Fotos.photoslibrary/resources/derivatives/masters/7/72397781-E953-4D35-B340-451B155C0562_4_5005_c.jpeg"
    ],
    "ultima_modificacion": "2025-08-01 01:01:07.830183"
  },
  "7d8ab753ff3e441e9a70932836ebe5bd45005c.jpeg": {
    "app_sintetizada": "7D8AB753FF3E441E9A70932836EBE5BD45005C.JPEG",
    "cantidad_archivos": 1,
    "archivos_fuente": [
      "Pictures/Fototeca de Fotos.photoslibrary/resources/derivatives/masters/7/7D8AB753-FF3E-441E-9A70-932836EBE5BD_4_5005_c.jpeg"
    ],
    "ultima_modificacion": "2025-08-01 01:01:07.830417"
  },
  "74024860623543808bce34541b7db1a845005c.jpeg": {
    "app_sintetizada": "74024860623543808BCE34541B7DB1A845005C.JPEG",
    "cantidad_archivos": 1,
    "archivos_fuente": [
      "Pictures/Fototeca de Fotos.photoslibrary/resources/derivatives/masters/7/74024860-6235-4380-8BCE-34541B7DB1A8_4_5005_c.jpeg"
    ],
    "ultima_modificacion": "2025-08-01 01:01:07.830642"
  },
  "79c566a57fbe43b6b9856569829b2e0745005c.jpeg": {
    "app_sintetizada": "79C566A57FBE43B6B9856569829B2E0745005C.JPEG",
    "cantidad_archivos": 1,
    "archivos_fuente": [
      "Pictures/Fototeca de Fotos.photoslibrary/resources/derivatives/masters/7/79C566A5-7FBE-43B6-B985-6569829B2E07_4_5005_c.jpeg"
    ],
    "ultima_modificacion": "2025-08-01 01:01:07.830866"
  },
  "7a989e6d5a984633acc8218f3406de6d45005c.jpeg": {
    "app_sintetizada": "7A989E6D5A984633ACC8218F3406DE6D45005C.JPEG",
    "cantidad_archivos": 1,
    "archivos_fuente": [
      "Pictures/Fototeca de Fotos.photoslibrary/resources/derivatives/masters/7/7A989E6D-5A98-4633-ACC8-218F3406DE6D_4_5005_c.jpeg"
    ],
    "ultima_modificacion": "2025-08-01 01:01:07.831113"
  },
  "72b47df125234390940820e9368c5b6645005c.jpeg": {
    "app_sintetizada": "72B47DF125234390940820E9368C5B6645005C.JPEG",
    "cantidad_archivos": 1,
    "archivos_fuente": [
      "Pictures/Fototeca de Fotos.photoslibrary/resources/derivatives/masters/7/72B47DF1-2523-4390-9408-20E9368C5B66_4_5005_c.jpeg"
    ],
    "ultima_modificacion": "2025-08-01 01:01:07.831341"
  },
  "75c41881d8364bfa937f21704b33581c45005c.jpeg": {
    "app_sintetizada": "75C41881D8364BFA937F21704B33581C45005C.JPEG",
    "cantidad_archivos": 1,
    "archivos_fuente": [
      "Pictures/Fototeca de Fotos.photoslibrary/resources/derivatives/masters/7/75C41881-D836-4BFA-937F-21704B33581C_4_5005_c.jpeg"
    ],
    "ultima_modificacion": "2025-08-01 01:01:07.831568"
  },
  "7f21d0b4f1344b0889246b83ec42b65b45005c.jpeg": {
    "app_sintetizada": "7F21D0B4F1344B0889246B83EC42B65B45005C.JPEG",
    "cantidad_archivos": 1,
    "archivos_fuente": [
      "Pictures/Fototeca de Fotos.photoslibrary/resources/derivatives/masters/7/7F21D0B4-F134-4B08-8924-6B83EC42B65B_4_5005_c.jpeg"
    ],
    "ultima_modificacion": "2025-08-01 01:01:07.831841"
  },
  "750ea1bb50cf4aefb5441c43b0b0eece45005c.jpeg": {
    "app_sintetizada": "750EA1BB50CF4AEFB5441C43B0B0EECE45005C.JPEG",
    "cantidad_archivos": 1,
    "archivos_fuente": [
      "Pictures/Fototeca de Fotos.photoslibrary/resources/derivatives/masters/7/750EA1BB-50CF-4AEF-B544-1C43B0B0EECE_4_5005_c.jpeg"
    ],
    "ultima_modificacion": "2025-08-01 01:01:07.832033"
  },
  "7aa61a999ebb4eb99fabd03b87505b9e45005c.jpeg": {
    "app_sintetizada": "7AA61A999EBB4EB99FABD03B87505B9E45005C.JPEG",
    "cantidad_archivos": 1,
    "archivos_fuente": [
      "Pictures/Fototeca de Fotos.photoslibrary/resources/derivatives/masters/7/7AA61A99-9EBB-4EB9-9FAB-D03B87505B9E_4_5005_c.jpeg"
    ],
    "ultima_modificacion": "2025-08-01 01:01:07.832253"
  },
  "7a8789690b404a9088e4df9795ae333e45005c.jpeg": {
    "app_sintetizada": "7A8789690B404A9088E4DF9795AE333E45005C.JPEG",
    "cantidad_archivos": 1,
    "archivos_fuente": [
      "Pictures/Fototeca de Fotos.photoslibrary/resources/derivatives/masters/7/7A878969-0B40-4A90-88E4-DF9795AE333E_4_5005_c.jpeg"
    ],
    "ultima_modificacion": "2025-08-01 01:01:07.832453"
  },
  "7256e61d148f43aa9ee41267566d8cbc45005c.jpeg": {
    "app_sintetizada": "7256E61D148F43AA9EE41267566D8CBC45005C.JPEG",
    "cantidad_archivos": 1,
    "archivos_fuente": [
      "Pictures/Fototeca de Fotos.photoslibrary/resources/derivatives/masters/7/7256E61D-148F-43AA-9EE4-1267566D8CBC_4_5005_c.jpeg"
    ],
    "ultima_modificacion": "2025-08-01 01:01:07.832639"
  },
  "76a8e2c8fdea4e9ab8c121bb188a957145005c.jpeg": {
    "app_sintetizada": "76A8E2C8FDEA4E9AB8C121BB188A957145005C.JPEG",
    "cantidad_archivos": 1,
    "archivos_fuente": [
      "Pictures/Fototeca de Fotos.photoslibrary/resources/derivatives/masters/7/76A8E2C8-FDEA-4E9A-B8C1-21BB188A9571_4_5005_c.jpeg"
    ],
    "ultima_modificacion": "2025-08-01 01:01:07.832893"
  },
  "77d7561e66174e648b7e347849f104cb45005c.jpeg": {
    "app_sintetizada": "77D7561E66174E648B7E347849F104CB45005C.JPEG",
    "cantidad_archivos": 1,
    "archivos_fuente": [
      "Pictures/Fototeca de Fotos.photoslibrary/resources/derivatives/masters/7/77D7561E-6617-4E64-8B7E-347849F104CB_4_5005_c.jpeg"
    ],
    "ultima_modificacion": "2025-08-01 01:01:07.833187"
  },
  "778c8ff2594f448982787ba72ea0105d45005c.jpeg": {
    "app_sintetizada": "778C8FF2594F448982787BA72EA0105D45005C.JPEG",
    "cantidad_archivos": 1,
    "archivos_fuente": [
      "Pictures/Fototeca de Fotos.photoslibrary/resources/derivatives/masters/7/778C8FF2-594F-4489-8278-7BA72EA0105D_4_5005_c.jpeg"
    ],
    "ultima_modificacion": "2025-08-01 01:01:07.833425"
  },
  "78727240b5b54805bb920fb5f6d34b9d45005c.jpeg": {
    "app_sintetizada": "78727240B5B54805BB920FB5F6D34B9D45005C.JPEG",
    "cantidad_archivos": 1,
    "archivos_fuente": [
      "Pictures/Fototeca de Fotos.photoslibrary/resources/derivatives/masters/7/78727240-B5B5-4805-BB92-0FB5F6D34B9D_4_5005_c.jpeg"
    ],
    "ultima_modificacion": "2025-08-01 01:01:07.833660"
  },
  "74c2cbe6fb4149bda1cb87b04a3f42e845005c.jpeg": {
    "app_sintetizada": "74C2CBE6FB4149BDA1CB87B04A3F42E845005C.JPEG",
    "cantidad_archivos": 1,
    "archivos_fuente": [
      "Pictures/Fototeca de Fotos.photoslibrary/resources/derivatives/masters/7/74C2CBE6-FB41-49BD-A1CB-87B04A3F42E8_4_5005_c.jpeg"
    ],
    "ultima_modificacion": "2025-08-01 01:01:07.833915"
  },
  "72127690a4ab42c59a803eddbf6bb44f45005c.jpeg": {
    "app_sintetizada": "72127690A4AB42C59A803EDDBF6BB44F45005C.JPEG",
    "cantidad_archivos": 1,
    "archivos_fuente": [
      "Pictures/Fototeca de Fotos.photoslibrary/resources/derivatives/masters/7/72127690-A4AB-42C5-9A80-3EDDBF6BB44F_4_5005_c.jpeg"
    ],
    "ultima_modificacion": "2025-08-01 01:01:07.834155"
  },
  "7fdd3b1b3bbd439e820d4934f94d90a645005c.jpeg": {
    "app_sintetizada": "7FDD3B1B3BBD439E820D4934F94D90A645005C.JPEG",
    "cantidad_archivos": 1,
    "archivos_fuente": [
      "Pictures/Fototeca de Fotos.photoslibrary/resources/derivatives/masters/7/7FDD3B1B-3BBD-439E-820D-4934F94D90A6_4_5005_c.jpeg"
    ],
    "ultima_modificacion": "2025-08-01 01:01:07.834392"
  },
  "72c953a8fdc84884ac8277723d4cb87145005c.jpeg": {
    "app_sintetizada": "72C953A8FDC84884AC8277723D4CB87145005C.JPEG",
    "cantidad_archivos": 1,
    "archivos_fuente": [
      "Pictures/Fototeca de Fotos.photoslibrary/resources/derivatives/masters/7/72C953A8-FDC8-4884-AC82-77723D4CB871_4_5005_c.jpeg"
    ],
    "ultima_modificacion": "2025-08-01 01:01:07.834618"
  }
}