{
  "57c3784399c140b4951908e69e65d00945005c.jpeg": {
    "app_sintetizada": "57C3784399C140B4951908E69E65D00945005C.JPEG",
    "cantidad_archivos": 1,
    "archivos_fuente": [
      "Pictures/Fototeca de Fotos.photoslibrary/resources/derivatives/masters/5/57C37843-99C1-40B4-9519-08E69E65D009_4_5005_c.jpeg"
    ],
    "ultima_modificacion": "2025-08-01 01:01:20.313151"
  },
  "5108437043ed44e0bd28644e8f1be6c145005c.jpeg": {
    "app_sintetizada": "5108437043ED44E0BD28644E8F1BE6C145005C.JPEG",
    "cantidad_archivos": 1,
    "archivos_fuente": [
      "Pictures/Fototeca de Fotos.photoslibrary/resources/derivatives/masters/5/51084370-43ED-44E0-BD28-644E8F1BE6C1_4_5005_c.jpeg"
    ],
    "ultima_modificacion": "2025-08-01 01:01:20.313458"
  },
  "5628f667125b4c91ae4dc8de6ee45f9c45005c.jpeg": {
    "app_sintetizada": "5628F667125B4C91AE4DC8DE6EE45F9C45005C.JPEG",
    "cantidad_archivos": 1,
    "archivos_fuente": [
      "Pictures/Fototeca de Fotos.photoslibrary/resources/derivatives/masters/5/5628F667-125B-4C91-AE4D-C8DE6EE45F9C_4_5005_c.jpeg"
    ],
    "ultima_modificacion": "2025-08-01 01:01:20.313722"
  },
  "5aa575df4298414bbb27ea1b0c6ab2a845005c.jpeg": {
    "app_sintetizada": "5AA575DF4298414BBB27EA1B0C6AB2A845005C.JPEG",
    "cantidad_archivos": 1,
    "archivos_fuente": [
      "Pictures/Fototeca de Fotos.photoslibrary/resources/derivatives/masters/5/5AA575DF-4298-414B-BB27-EA1B0C6AB2A8_4_5005_c.jpeg"
    ],
    "ultima_modificacion": "2025-08-01 01:01:20.314076"
  },
  "5b0dbc344aec46c4967e2b6f407c14a145005c.jpeg": {
    "app_sintetizada": "5B0DBC344AEC46C4967E2B6F407C14A145005C.JPEG",
    "cantidad_archivos": 1,
    "archivos_fuente": [
      "Pictures/Fototeca de Fotos.photoslibrary/resources/derivatives/masters/5/5B0DBC34-4AEC-46C4-967E-2B6F407C14A1_4_5005_c.jpeg"
    ],
    "ultima_modificacion": "2025-08-01 01:01:20.314443"
  },
  "5c70877939c9434ba1d905d29dba280545005c.jpeg": {
    "app_sintetizada": "5C70877939C9434BA1D905D29DBA280545005C.JPEG",
    "cantidad_archivos": 1,
    "archivos_fuente": [
      "Pictures/Fototeca de Fotos.photoslibrary/resources/derivatives/masters/5/5C708779-39C9-434B-A1D9-05D29DBA2805_4_5005_c.jpeg"
    ],
    "ultima_modificacion": "2025-08-01 01:01:20.314740"
  },
  "5efc5078ed794aa3a2d7267e2b9f73aa45005c.jpeg": {
    "app_sintetizada": "5EFC5078ED794AA3A2D7267E2B9F73AA45005C.JPEG",
    "cantidad_archivos": 1,
    "archivos_fuente": [
      "Pictures/Fototeca de Fotos.photoslibrary/resources/derivatives/masters/5/5EFC5078-ED79-4AA3-A2D7-267E2B9F73AA_4_5005_c.jpeg"
    ],
    "ultima_modificacion": "2025-08-01 01:01:20.314999"
  },
  "517a6c209350464ea0514b680837a24a45005c.jpeg": {
    "app_sintetizada": "517A6C209350464EA0514B680837A24A45005C.JPEG",
    "cantidad_archivos": 1,
    "archivos_fuente": [
      "Pictures/Fototeca de Fotos.photoslibrary/resources/derivatives/masters/5/517A6C20-9350-464E-A051-4B680837A24A_4_5005_c.jpeg"
    ],
    "ultima_modificacion": "2025-08-01 01:01:20.315318"
  },
  "5cfe932bacfb478a9f1f4cd9d21ca7c145005c.jpeg": {
    "app_sintetizada": "5CFE932BACFB478A9F1F4CD9D21CA7C145005C.JPEG",
    "cantidad_archivos": 1,
    "archivos_fuente": [
      "Pictures/Fototeca de Fotos.photoslibrary/resources/derivatives/masters/5/5CFE932B-ACFB-478A-9F1F-4CD9D21CA7C1_4_5005_c.jpeg"
    ],
    "ultima_modificacion": "2025-08-01 01:01:20.315558"
  },
  "554f6543b5024c3ab59cdb9c211967bd45005c.jpeg": {
    "app_sintetizada": "554F6543B5024C3AB59CDB9C211967BD45005C.JPEG",
    "cantidad_archivos": 1,
    "archivos_fuente": [
      "Pictures/Fototeca de Fotos.photoslibrary/resources/derivatives/masters/5/554F6543-B502-4C3A-B59C-DB9C211967BD_4_5005_c.jpeg"
    ],
    "ultima_modificacion": "2025-08-01 01:01:20.315760"
  },
  "515320615c7a4438bee93b9466a190f745005c.jpeg": {
    "app_sintetizada": "515320615C7A4438BEE93B9466A190F745005C.JPEG",
    "cantidad_archivos": 1,
    "archivos_fuente": [
      "Pictures/Fototeca de Fotos.photoslibrary/resources/derivatives/masters/5/51532061-5C7A-4438-BEE9-3B9466A190F7_4_5005_c.jpeg"
    ],
    "ultima_modificacion": "2025-08-01 01:01:20.315963"
  },
  "5d5dffc26b8644efb8fd65e6ebeb286745005c.jpeg": {
    "app_sintetizada": "5D5DFFC26B8644EFB8FD65E6EBEB286745005C.JPEG",
    "cantidad_archivos": 1,
    "archivos_fuente": [
      "Pictures/Fototeca de Fotos.photoslibrary/resources/derivatives/masters/5/5D5DFFC2-6B86-44EF-B8FD-65E6EBEB2867_4_5005_c.jpeg"
    ],
    "ultima_modificacion": "2025-08-01 01:01:20.316156"
  },
  "509b475055804781a681a61d149100cf45005c.jpeg": {
    "app_sintetizada": "509B475055804781A681A61D149100CF45005C.JPEG",
    "cantidad_archivos": 1,
    "archivos_fuente": [
      "Pictures/Fototeca de Fotos.photoslibrary/resources/derivatives/masters/5/509B4750-5580-4781-A681-A61D149100CF_4_5005_c.jpeg"
    ],
    "ultima_modificacion": "2025-08-01 01:01:20.316352"
  },
  "5e3b77e6cd9948468a2094a29ab90e5545005c.jpeg": {
    "app_sintetizada": "5E3B77E6CD9948468A2094A29AB90E5545005C.JPEG",
    "cantidad_archivos": 1,
    "archivos_fuente": [
      "Pictures/Fototeca de Fotos.photoslibrary/resources/derivatives/masters/5/5E3B77E6-CD99-4846-8A20-94A29AB90E55_4_5005_c.jpeg"
    ],
    "ultima_modificacion": "2025-08-01 01:01:20.316635"
  },
  "57672285674141deaea72e3715e6604945005c.jpeg": {
    "app_sintetizada": "57672285674141DEAEA72E3715E6604945005C.JPEG",
    "cantidad_archivos": 1,
    "archivos_fuente": [
      "Pictures/Fototeca de Fotos.photoslibrary/resources/derivatives/masters/5/57672285-6741-41DE-AEA7-2E3715E66049_4_5005_c.jpeg"
    ],
    "ultima_modificacion": "2025-08-01 01:01:20.316859"
  },
  "568ab30158944775804b1e11bdaf434b45005c.jpeg": {
    "app_sintetizada": "568AB30158944775804B1E11BDAF434B45005C.JPEG",
    "cantidad_archivos": 1,
    "archivos_fuente": [
      "Pictures/Fototeca de Fotos.photoslibrary/resources/derivatives/masters/5/568AB301-5894-4775-804B-1E11BDAF434B_4_5005_c.jpeg"
    ],
    "ultima_modificacion": "2025-08-01 01:01:20.317076"
  },
  "5a27c11fe7704529850521907e93e68645005c.jpeg": {
    "app_sintetizada": "5A27C11FE7704529850521907E93E68645005C.JPEG",
    "cantidad_archivos": 1,
    "archivos_fuente": [
      "Pictures/Fototeca de Fotos.photoslibrary/resources/derivatives/masters/5/5A27C11F-E770-4529-8505-21907E93E686_4_5005_c.jpeg"
    ],
    "ultima_modificacion": "2025-08-01 01:01:20.317418"
  },
  "5c0758e90e2a4de7a3399c7d49d4016245005c.jpeg": {
    "app_sintetizada": "5C0758E90E2A4DE7A3399C7D49D4016245005C.JPEG",
    "cantidad_archivos": 1,
    "archivos_fuente": [
      "Pictures/Fototeca de Fotos.photoslibrary/resources/derivatives/masters/5/5C0758E9-0E2A-4DE7-A339-9C7D49D40162_4_5005_c.jpeg"
    ],
    "ultima_modificacion": "2025-08-01 01:01:20.317649"
  },
  "516c380cbbd8434a8d7e7cfe27517d8545005c.jpeg": {
    "app_sintetizada": "516C380CBBD8434A8D7E7CFE27517D8545005C.JPEG",
    "cantidad_archivos": 1,
    "archivos_fuente": [
      "Pictures/Fototeca de Fotos.photoslibrary/resources/derivatives/masters/5/516C380C-BBD8-434A-8D7E-7CFE27517D85_4_5005_c.jpeg"
    ],
    "ultima_modificacion": "2025-08-01 01:01:20.317861"
  },
  "5f839b84c5b0445faba41bc449a3d99745005c.jpeg": {
    "app_sintetizada": "5F839B84C5B0445FABA41BC449A3D99745005C.JPEG",
    "cantidad_archivos": 1,
    "archivos_fuente": [
      "Pictures/Fototeca de Fotos.photoslibrary/resources/derivatives/masters/5/5F839B84-C5B0-445F-ABA4-1BC449A3D997_4_5005_c.jpeg"
    ],
    "ultima_modificacion": "2025-08-01 01:01:20.318135"
  },
  "5d40944372d04e7a8af7bb8171935f0f45005c.jpeg": {
    "app_sintetizada": "5D40944372D04E7A8AF7BB8171935F0F45005C.JPEG",
    "cantidad_archivos": 1,
    "archivos_fuente": [
      "Pictures/Fototeca de Fotos.photoslibrary/resources/derivatives/masters/5/5D409443-72D0-4E7A-8AF7-BB8171935F0F_4_5005_c.jpeg"
    ],
    "ultima_modificacion": "2025-08-01 01:01:20.318381"
  },
  "5a016e5bcb9d4ef48401b72253f97b8645005c.jpeg": {
    "app_sintetizada": "5A016E5BCB9D4EF48401B72253F97B8645005C.JPEG",
    "cantidad_archivos": 1,
    "archivos_fuente": [
      "Pictures/Fototeca de Fotos.photoslibrary/resources/derivatives/masters/5/5A016E5B-CB9D-4EF4-8401-B72253F97B86_4_5005_c.jpeg"
    ],
    "ultima_modificacion": "2025-08-01 01:01:20.318750"
  },
  "526ef634d70e46cb9b86e6bab43a821b45005c.jpeg": {
    "app_sintetizada": "526EF634D70E46CB9B86E6BAB43A821B45005C.JPEG",
    "cantidad_archivos": 1,
    "archivos_fuente": [
      "Pictures/Fototeca de Fotos.photoslibrary/resources/derivatives/masters/5/526EF634-D70E-46CB-9B86-E6BAB43A821B_4_5005_c.jpeg"
    ],
    "ultima_modificacion": "2025-08-01 01:01:20.318982"
  },
  "5cd84a4a1e184217ba004c4d83bc6e8c45005c.jpeg": {
    "app_sintetizada": "5CD84A4A1E184217BA004C4D83BC6E8C45005C.JPEG",
    "cantidad_archivos": 1,
    "archivos_fuente": [
      "Pictures/Fototeca de Fotos.photoslibrary/resources/derivatives/masters/5/5CD84A4A-1E18-4217-BA00-4C4D83BC6E8C_4_5005_c.jpeg"
    ],
    "ultima_modificacion": "2025-08-01 01:01:20.319255"
  },
  "5515d55875e6443fba139e95f438c79445005c.jpeg": {
    "app_sintetizada": "5515D55875E6443FBA139E95F438C79445005C.JPEG",
    "cantidad_archivos": 1,
    "archivos_fuente": [
      "Pictures/Fototeca de Fotos.photoslibrary/resources/derivatives/masters/5/5515D558-75E6-443F-BA13-9E95F438C794_4_5005_c.jpeg"
    ],
    "ultima_modificacion": "2025-08-01 01:01:20.319541"
  },
  "5d3a7370c07544c89364c0aef2548e0045005c.jpeg": {
    "app_sintetizada": "5D3A7370C07544C89364C0AEF2548E0045005C.JPEG",
    "cantidad_archivos": 1,
    "archivos_fuente": [
      "Pictures/Fototeca de Fotos.photoslibrary/resources/derivatives/masters/5/5D3A7370-C075-44C8-9364-C0AEF2548E00_4_5005_c.jpeg"
    ],
    "ultima_modificacion": "2025-08-01 01:01:20.319782"
  },
  "5b36bbd492b04da68d44a2f2f53a383d45005c.jpeg": {
    "app_sintetizada": "5B36BBD492B04DA68D44A2F2F53A383D45005C.JPEG",
    "cantidad_archivos": 1,
    "archivos_fuente": [
      "Pictures/Fototeca de Fotos.photoslibrary/resources/derivatives/masters/5/5B36BBD4-92B0-4DA6-8D44-A2F2F53A383D_4_5005_c.jpeg"
    ],
    "ultima_modificacion": "2025-08-01 01:01:20.319997"
  },
  "52864b3829614399821560c61e20a08b45005c.jpeg": {
    "app_sintetizada": "52864B3829614399821560C61E20A08B45005C.JPEG",
    "cantidad_archivos": 1,
    "archivos_fuente": [
      "Pictures/Fototeca de Fotos.photoslibrary/resources/derivatives/masters/5/52864B38-2961-4399-8215-60C61E20A08B_4_5005_c.jpeg"
    ],
    "ultima_modificacion": "2025-08-01 01:01:20.320211"
  },
  "5512630e31c34db28e4eef73f5d4d09b45005c.jpeg": {
    "app_sintetizada": "5512630E31C34DB28E4EEF73F5D4D09B45005C.JPEG",
    "cantidad_archivos": 1,
    "archivos_fuente": [
      "Pictures/Fototeca de Fotos.photoslibrary/resources/derivatives/masters/5/5512630E-31C3-4DB2-8E4E-EF73F5D4D09B_4_5005_c.jpeg"
    ],
    "ultima_modificacion": "2025-08-01 01:01:20.320423"
  },
  "5f28fc6a0d934d518eb9d2e590925a8e45005c.jpeg": {
    "app_sintetizada": "5F28FC6A0D934D518EB9D2E590925A8E45005C.JPEG",
    "cantidad_archivos": 1,
    "archivos_fuente": [
      "Pictures/Fototeca de Fotos.photoslibrary/resources/derivatives/masters/5/5F28FC6A-0D93-4D51-8EB9-D2E590925A8E_4_5005_c.jpeg"
    ],
    "ultima_modificacion": "2025-08-01 01:01:20.320611"
  },
  "5aca6e92bbdb4003a7b3161358fd693645005c.jpeg": {
    "app_sintetizada": "5ACA6E92BBDB4003A7B3161358FD693645005C.JPEG",
    "cantidad_archivos": 1,
    "archivos_fuente": [
      "Pictures/Fototeca de Fotos.photoslibrary/resources/derivatives/masters/5/5ACA6E92-BBDB-4003-A7B3-161358FD6936_4_5005_c.jpeg"
    ],
    "ultima_modificacion": "2025-08-01 01:01:20.320802"
  },
  "5c58dadd699647e7b26a03204ce782dc45005c.jpeg": {
    "app_sintetizada": "5C58DADD699647E7B26A03204CE782DC45005C.JPEG",
    "cantidad_archivos": 1,
    "archivos_fuente": [
      "Pictures/Fototeca de Fotos.photoslibrary/resources/derivatives/masters/5/5C58DADD-6996-47E7-B26A-03204CE782DC_4_5005_c.jpeg"
    ],
    "ultima_modificacion": "2025-08-01 01:01:20.320987"
  },
  "592d7590e7074766963379306fc9b0b245005c.jpeg": {
    "app_sintetizada": "592D7590E7074766963379306FC9B0B245005C.JPEG",
    "cantidad_archivos": 1,
    "archivos_fuente": [
      "Pictures/Fototeca de Fotos.photoslibrary/resources/derivatives/masters/5/592D7590-E707-4766-9633-79306FC9B0B2_4_5005_c.jpeg"
    ],
    "ultima_modificacion": "2025-08-01 01:01:20.321172"
  },
  "5c7977bcba8c42679938bac54f81ac2445005c.jpeg": {
    "app_sintetizada": "5C7977BCBA8C42679938BAC54F81AC2445005C.JPEG",
    "cantidad_archivos": 1,
    "archivos_fuente": [
      "Pictures/Fototeca de Fotos.photoslibrary/resources/derivatives/masters/5/5C7977BC-BA8C-4267-9938-BAC54F81AC24_4_5005_c.jpeg"
    ],
    "ultima_modificacion": "2025-08-01 01:01:20.321460"
  },
  "50894a1a503c4454b63a52446946b04745005c.jpeg": {
    "app_sintetizada": "50894A1A503C4454B63A52446946B04745005C.JPEG",
    "cantidad_archivos": 1,
    "archivos_fuente": [
      "Pictures/Fototeca de Fotos.photoslibrary/resources/derivatives/masters/5/50894A1A-503C-4454-B63A-52446946B047_4_5005_c.jpeg"
    ],
    "ultima_modificacion": "2025-08-01 01:01:20.321789"
  },
  "5b556ae57b2647a09368da10678e97a645005c.jpeg": {
    "app_sintetizada": "5B556AE57B2647A09368DA10678E97A645005C.JPEG",
    "cantidad_archivos": 1,
    "archivos_fuente": [
      "Pictures/Fototeca de Fotos.photoslibrary/resources/derivatives/masters/5/5B556AE5-7B26-47A0-9368-DA10678E97A6_4_5005_c.jpeg"
    ],
    "ultima_modificacion": "2025-08-01 01:01:20.322115"
  },
  "54134e06b3434fcc9f0af4b3dc70392445005c.jpeg": {
    "app_sintetizada": "54134E06B3434FCC9F0AF4B3DC70392445005C.JPEG",
    "cantidad_archivos": 1,
    "archivos_fuente": [
      "Pictures/Fototeca de Fotos.photoslibrary/resources/derivatives/masters/5/54134E06-B343-4FCC-9F0A-F4B3DC703924_4_5005_c.jpeg"
    ],
    "ultima_modificacion": "2025-08-01 01:01:20.322381"
  },
  "5e83a636fa1f4840a03498a38967301a45005c.jpeg": {
    "app_sintetizada": "5E83A636FA1F4840A03498A38967301A45005C.JPEG",
    "cantidad_archivos": 1,
    "archivos_fuente": [
      "Pictures/Fototeca de Fotos.photoslibrary/resources/derivatives/masters/5/5E83A636-FA1F-4840-A034-98A38967301A_4_5005_c.jpeg"
    ],
    "ultima_modificacion": "2025-08-01 01:01:20.322679"
  },
  "50a72f07540a420f8e0ec0bc2a12aedc45005c.jpeg": {
    "app_sintetizada": "50A72F07540A420F8E0EC0BC2A12AEDC45005C.JPEG",
    "cantidad_archivos": 1,
    "archivos_fuente": [
      "Pictures/Fototeca de Fotos.photoslibrary/resources/derivatives/masters/5/50A72F07-540A-420F-8E0E-C0BC2A12AEDC_4_5005_c.jpeg"
    ],
    "ultima_modificacion": "2025-08-01 01:01:20.322921"
  },
  "5bc7fe2a90f3485db68eb0fb5d7991a845005c.jpeg": {
    "app_sintetizada": "5BC7FE2A90F3485DB68EB0FB5D7991A845005C.JPEG",
    "cantidad_archivos": 1,
    "archivos_fuente": [
      "Pictures/Fototeca de Fotos.photoslibrary/resources/derivatives/masters/5/5BC7FE2A-90F3-485D-B68E-B0FB5D7991A8_4_5005_c.jpeg"
    ],
    "ultima_modificacion": "2025-08-01 01:01:20.323168"
  },
  "56dd589aaa0d4a20a87100172ff77b6345005c.jpeg": {
    "app_sintetizada": "56DD589AAA0D4A20A87100172FF77B6345005C.JPEG",
    "cantidad_archivos": 1,
    "archivos_fuente": [
      "Pictures/Fototeca de Fotos.photoslibrary/resources/derivatives/masters/5/56DD589A-AA0D-4A20-A871-00172FF77B63_4_5005_c.jpeg"
    ],
    "ultima_modificacion": "2025-08-01 01:01:20.323487"
  },
  "5475da4d369a4efba65d4b861a31575045005c.jpeg": {
    "app_sintetizada": "5475DA4D369A4EFBA65D4B861A31575045005C.JPEG",
    "cantidad_archivos": 1,
    "archivos_fuente": [
      "Pictures/Fototeca de Fotos.photoslibrary/resources/derivatives/masters/5/5475DA4D-369A-4EFB-A65D-4B861A315750_4_5005_c.jpeg"
    ],
    "ultima_modificacion": "2025-08-01 01:01:20.323810"
  },
  "5821f503909b4d08aff1981e064b303f45005c.jpeg": {
    "app_sintetizada": "5821F503909B4D08AFF1981E064B303F45005C.JPEG",
    "cantidad_archivos": 1,
    "archivos_fuente": [
      "Pictures/Fototeca de Fotos.photoslibrary/resources/derivatives/masters/5/5821F503-909B-4D08-AFF1-981E064B303F_4_5005_c.jpeg"
    ],
    "ultima_modificacion": "2025-08-01 01:01:20.324052"
  },
  "5ad42ee78eec4b81aacfb28348ba3a0b45005c.jpeg": {
    "app_sintetizada": "5AD42EE78EEC4B81AACFB28348BA3A0B45005C.JPEG",
    "cantidad_archivos": 1,
    "archivos_fuente": [
      "Pictures/Fototeca de Fotos.photoslibrary/resources/derivatives/masters/5/5AD42EE7-8EEC-4B81-AACF-B28348BA3A0B_4_5005_c.jpeg"
    ],
    "ultima_modificacion": "2025-08-01 01:01:20.324319"
  },
  "5a043eb124ee40528a53a644bda624ee45005c.jpeg": {
    "app_sintetizada": "5A043EB124EE40528A53A644BDA624EE45005C.JPEG",
    "cantidad_archivos": 1,
    "archivos_fuente": [
      "Pictures/Fototeca de Fotos.photoslibrary/resources/derivatives/masters/5/5A043EB1-24EE-4052-8A53-A644BDA624EE_4_5005_c.jpeg"
    ],
    "ultima_modificacion": "2025-08-01 01:01:20.324563"
  },
  "59c8a59057b948d09e91e22af84a71ba45005c.jpeg": {
    "app_sintetizada": "59C8A59057B948D09E91E22AF84A71BA45005C.JPEG",
    "cantidad_archivos": 1,
    "archivos_fuente": [
      "Pictures/Fototeca de Fotos.photoslibrary/resources/derivatives/masters/5/59C8A590-57B9-48D0-9E91-E22AF84A71BA_4_5005_c.jpeg"
    ],
    "ultima_modificacion": "2025-08-01 01:01:20.324803"
  },
  "5ab0197d24654b5ca4c0de7fd2af2a3545005c.jpeg": {
    "app_sintetizada": "5AB0197D24654B5CA4C0DE7FD2AF2A3545005C.JPEG",
    "cantidad_archivos": 1,
    "archivos_fuente": [
      "Pictures/Fototeca de Fotos.photoslibrary/resources/derivatives/masters/5/5AB0197D-2465-4B5C-A4C0-DE7FD2AF2A35_4_5005_c.jpeg"
    ],
    "ultima_modificacion": "2025-08-01 01:01:20.325038"
  },
  "5ca8b528aa894321abf6654038f0ab6245005c.jpeg": {
    "app_sintetizada": "5CA8B528AA894321ABF6654038F0AB6245005C.JPEG",
    "cantidad_archivos": 1,
    "archivos_fuente": [
      "Pictures/Fototeca de Fotos.photoslibrary/resources/derivatives/masters/5/5CA8B528-AA89-4321-ABF6-654038F0AB62_4_5005_c.jpeg"
    ],
    "ultima_modificacion": "2025-08-01 01:01:20.325283"
  },
  "51db93908b894dba91b6b045c5eb008845005c.jpeg": {
    "app_sintetizada": "51DB93908B894DBA91B6B045C5EB008845005C.JPEG",
    "cantidad_archivos": 1,
    "archivos_fuente": [
      "Pictures/Fototeca de Fotos.photoslibrary/resources/derivatives/masters/5/51DB9390-8B89-4DBA-91B6-B045C5EB0088_4_5005_c.jpeg"
    ],
    "ultima_modificacion": "2025-08-01 01:01:20.325546"
  },
  "5a65d0ef85614f0597b1fe604a20068b45005c.jpeg": {
    "app_sintetizada": "5A65D0EF85614F0597B1FE604A20068B45005C.JPEG",
    "cantidad_archivos": 1,
    "archivos_fuente": [
      "Pictures/Fototeca de Fotos.photoslibrary/resources/derivatives/masters/5/5A65D0EF-8561-4F05-97B1-FE604A20068B_4_5005_c.jpeg"
    ],
    "ultima_modificacion": "2025-08-01 01:01:20.325867"
  },
  "523ac8734bdb45b0abdcae108a90900345005c.jpeg": {
    "app_sintetizada": "523AC8734BDB45B0ABDCAE108A90900345005C.JPEG",
    "cantidad_archivos": 1,
    "archivos_fuente": [
      "Pictures/Fototeca de Fotos.photoslibrary/resources/derivatives/masters/5/523AC873-4BDB-45B0-ABDC-AE108A909003_4_5005_c.jpeg"
    ],
    "ultima_modificacion": "2025-08-01 01:01:20.326096"
  },
  "5d71ddab5e36441ab8e5b8080559b01245005c.jpeg": {
    "app_sintetizada": "5D71DDAB5E36441AB8E5B8080559B01245005C.JPEG",
    "cantidad_archivos": 1,
    "archivos_fuente": [
      "Pictures/Fototeca de Fotos.photoslibrary/resources/derivatives/masters/5/5D71DDAB-5E36-441A-B8E5-B8080559B012_4_5005_c.jpeg"
    ],
    "ultima_modificacion": "2025-08-01 01:01:20.326323"
  },
  "52e47c51a19b465084e6aec47dd21e3445005c.jpeg": {
    "app_sintetizada": "52E47C51A19B465084E6AEC47DD21E3445005C.JPEG",
    "cantidad_archivos": 1,
    "archivos_fuente": [
      "Pictures/Fototeca de Fotos.photoslibrary/resources/derivatives/masters/5/52E47C51-A19B-4650-84E6-AEC47DD21E34_4_5005_c.jpeg"
    ],
    "ultima_modificacion": "2025-08-01 01:01:20.326577"
  },
  "58fcaa555b2a40ce88d61c337f57624745005c.jpeg": {
    "app_sintetizada": "58FCAA555B2A40CE88D61C337F57624745005C.JPEG",
    "cantidad_archivos": 1,
    "archivos_fuente": [
      "Pictures/Fototeca de Fotos.photoslibrary/resources/derivatives/masters/5/58FCAA55-5B2A-40CE-88D6-1C337F576247_4_5005_c.jpeg"
    ],
    "ultima_modificacion": "2025-08-01 01:01:20.326770"
  },
  "52a6edeccd8040cc890ef8a408d5ed4645005c.jpeg": {
    "app_sintetizada": "52A6EDECCD8040CC890EF8A408D5ED4645005C.JPEG",
    "cantidad_archivos": 1,
    "archivos_fuente": [
      "Pictures/Fototeca de Fotos.photoslibrary/resources/derivatives/masters/5/52A6EDEC-CD80-40CC-890E-F8A408D5ED46_4_5005_c.jpeg"
    ],
    "ultima_modificacion": "2025-08-01 01:01:20.326953"
  },
  "5cb6df827c8f450d9e2c17bba21daa3b45005c.jpeg": {
    "app_sintetizada": "5CB6DF827C8F450D9E2C17BBA21DAA3B45005C.JPEG",
    "cantidad_archivos": 1,
    "archivos_fuente": [
      "Pictures/Fototeca de Fotos.photoslibrary/resources/derivatives/masters/5/5CB6DF82-7C8F-450D-9E2C-17BBA21DAA3B_4_5005_c.jpeg"
    ],
    "ultima_modificacion": "2025-08-01 01:01:20.327134"
  },
  "5903819ad406439caf534a9d094432e345005c.jpeg": {
    "app_sintetizada": "5903819AD406439CAF534A9D094432E345005C.JPEG",
    "cantidad_archivos": 1,
    "archivos_fuente": [
      "Pictures/Fototeca de Fotos.photoslibrary/resources/derivatives/masters/5/5903819A-D406-439C-AF53-4A9D094432E3_4_5005_c.jpeg"
    ],
    "ultima_modificacion": "2025-08-01 01:01:20.327315"
  },
  "507a67ec4df14070b4a48722c38c604245005c.jpeg": {
    "app_sintetizada": "507A67EC4DF14070B4A48722C38C604245005C.JPEG",
    "cantidad_archivos": 1,
    "archivos_fuente": [
      "Pictures/Fototeca de Fotos.photoslibrary/resources/derivatives/masters/5/507A67EC-4DF1-4070-B4A4-8722C38C6042_4_5005_c.jpeg"
    ],
    "ultima_modificacion": "2025-08-01 01:01:20.327569"
  },
  "5b46ea61c74b453f9b5b5df9d650547745005c.jpeg": {
    "app_sintetizada": "5B46EA61C74B453F9B5B5DF9D650547745005C.JPEG",
    "cantidad_archivos": 1,
    "archivos_fuente": [
      "Pictures/Fototeca de Fotos.photoslibrary/resources/derivatives/masters/5/5B46EA61-C74B-453F-9B5B-5DF9D6505477_4_5005_c.jpeg"
    ],
    "ultima_modificacion": "2025-08-01 01:01:20.327898"
  },
  "5d035e4052ec4eef86b18dbbea5cf88b45005c.jpeg": {
    "app_sintetizada": "5D035E4052EC4EEF86B18DBBEA5CF88B45005C.JPEG",
    "cantidad_archivos": 1,
    "archivos_fuente": [
      "Pictures/Fototeca de Fotos.photoslibrary/resources/derivatives/masters/5/5D035E40-52EC-4EEF-86B1-8DBBEA5CF88B_4_5005_c.jpeg"
    ],
    "ultima_modificacion": "2025-08-01 01:01:20.328158"
  },
  "56140ebdc8fc483fa3010b589f0f621545005c.jpeg": {
    "app_sintetizada": "56140EBDC8FC483FA3010B589F0F621545005C.JPEG",
    "cantidad_archivos": 1,
    "archivos_fuente": [
      "Pictures/Fototeca de Fotos.photoslibrary/resources/derivatives/masters/5/56140EBD-C8FC-483F-A301-0B589F0F6215_4_5005_c.jpeg"
    ],
    "ultima_modificacion": "2025-08-01 01:01:20.328400"
  },
  "5e3ed103fd4346b79e7033ae67db928745005c.jpeg": {
    "app_sintetizada": "5E3ED103FD4346B79E7033AE67DB928745005C.JPEG",
    "cantidad_archivos": 1,
    "archivos_fuente": [
      "Pictures/Fototeca de Fotos.photoslibrary/resources/derivatives/masters/5/5E3ED103-FD43-46B7-9E70-33AE67DB9287_4_5005_c.jpeg"
    ],
    "ultima_modificacion": "2025-08-01 01:01:20.328670"
  },
  "5bf5cf5e0e7041c7a57b44bd9308bef145005c.jpeg": {
    "app_sintetizada": "5BF5CF5E0E7041C7A57B44BD9308BEF145005C.JPEG",
    "cantidad_archivos": 1,
    "archivos_fuente": [
      "Pictures/Fototeca de Fotos.photoslibrary/resources/derivatives/masters/5/5BF5CF5E-0E70-41C7-A57B-44BD9308BEF1_4_5005_c.jpeg"
    ],
    "ultima_modificacion": "2025-08-01 01:01:20.328898"
  },
  "533971d1961c4ac19cbe84c3a0dddb6845005c.jpeg": {
    "app_sintetizada": "533971D1961C4AC19CBE84C3A0DDDB6845005C.JPEG",
    "cantidad_archivos": 1,
    "archivos_fuente": [
      "Pictures/Fototeca de Fotos.photoslibrary/resources/derivatives/masters/5/533971D1-961C-4AC1-9CBE-84C3A0DDDB68_4_5005_c.jpeg"
    ],
    "ultima_modificacion": "2025-08-01 01:01:20.329093"
  },
  "53ce72cba07b42bf82084b8fe8d2656545005c.jpeg": {
    "app_sintetizada": "53CE72CBA07B42BF82084B8FE8D2656545005C.JPEG",
    "cantidad_archivos": 1,
    "archivos_fuente": [
      "Pictures/Fototeca de Fotos.photoslibrary/resources/derivatives/masters/5/53CE72CB-A07B-42BF-8208-4B8FE8D26565_4_5005_c.jpeg"
    ],
    "ultima_modificacion": "2025-08-01 01:01:20.329285"
  },
  "5a6457d4c0614065b4fe9d689d4c0fe545005c.jpeg": {
    "app_sintetizada": "5A6457D4C0614065B4FE9D689D4C0FE545005C.JPEG",
    "cantidad_archivos": 1,
    "archivos_fuente": [
      "Pictures/Fototeca de Fotos.photoslibrary/resources/derivatives/masters/5/5A6457D4-C061-4065-B4FE-9D689D4C0FE5_4_5005_c.jpeg"
    ],
    "ultima_modificacion": "2025-08-01 01:01:20.329499"
  },
  "5732ab12c6624d6e9ad5bbb2e570b79745005c.jpeg": {
    "app_sintetizada": "5732AB12C6624D6E9AD5BBB2E570B79745005C.JPEG",
    "cantidad_archivos": 1,
    "archivos_fuente": [
      "Pictures/Fototeca de Fotos.photoslibrary/resources/derivatives/masters/5/5732AB12-C662-4D6E-9AD5-BBB2E570B797_4_5005_c.jpeg"
    ],
    "ultima_modificacion": "2025-08-01 01:01:20.329748"
  },
  "581e6da21a464bd0b2b7bf815d961b0045005c.jpeg": {
    "app_sintetizada": "581E6DA21A464BD0B2B7BF815D961B0045005C.JPEG",
    "cantidad_archivos": 1,
    "archivos_fuente": [
      "Pictures/Fototeca de Fotos.photoslibrary/resources/derivatives/masters/5/581E6DA2-1A46-4BD0-B2B7-BF815D961B00_4_5005_c.jpeg"
    ],
    "ultima_modificacion": "2025-08-01 01:01:20.329974"
  },
  "58961fe9f65248e098ac487aae2a6aaf45005c.jpeg": {
    "app_sintetizada": "58961FE9F65248E098AC487AAE2A6AAF45005C.JPEG",
    "cantidad_archivos": 1,
    "archivos_fuente": [
      "Pictures/Fototeca de Fotos.photoslibrary/resources/derivatives/masters/5/58961FE9-F652-48E0-98AC-487AAE2A6AAF_4_5005_c.jpeg"
    ],
    "ultima_modificacion": "2025-08-01 01:01:20.330258"
  },
  "5b6606504278488a813078d6e998e49545005c.jpeg": {
    "app_sintetizada": "5B6606504278488A813078D6E998E49545005C.JPEG",
    "cantidad_archivos": 1,
    "archivos_fuente": [
      "Pictures/Fototeca de Fotos.photoslibrary/resources/derivatives/masters/5/5B660650-4278-488A-8130-78D6E998E495_4_5005_c.jpeg"
    ],
    "ultima_modificacion": "2025-08-01 01:01:20.330583"
  },
  "5a0ee408665a49609f6c8d91639fb73945005c.jpeg": {
    "app_sintetizada": "5A0EE408665A49609F6C8D91639FB73945005C.JPEG",
    "cantidad_archivos": 1,
    "archivos_fuente": [
      "Pictures/Fototeca de Fotos.photoslibrary/resources/derivatives/masters/5/5A0EE408-665A-4960-9F6C-8D91639FB739_4_5005_c.jpeg"
    ],
    "ultima_modificacion": "2025-08-01 01:01:20.330885"
  },
  "54264decb3ff4fbca04aa9edec0fa0df45005c.jpeg": {
    "app_sintetizada": "54264DECB3FF4FBCA04AA9EDEC0FA0DF45005C.JPEG",
    "cantidad_archivos": 1,
    "archivos_fuente": [
      "Pictures/Fototeca de Fotos.photoslibrary/resources/derivatives/masters/5/54264DEC-B3FF-4FBC-A04A-A9EDEC0FA0DF_4_5005_c.jpeg"
    ],
    "ultima_modificacion": "2025-08-01 01:01:20.331184"
  },
  "5f1dbe66ea5b4e3b8c4d10a7fc00626345005c.jpeg": {
    "app_sintetizada": "5F1DBE66EA5B4E3B8C4D10A7FC00626345005C.JPEG",
    "cantidad_archivos": 1,
    "archivos_fuente": [
      "Pictures/Fototeca de Fotos.photoslibrary/resources/derivatives/masters/5/5F1DBE66-EA5B-4E3B-8C4D-10A7FC006263_4_5005_c.jpeg"
    ],
    "ultima_modificacion": "2025-08-01 01:01:20.331478"
  },
  "5074273b30ed4105bc4384b9a3fe9e2645005c.jpeg": {
    "app_sintetizada": "5074273B30ED4105BC4384B9A3FE9E2645005C.JPEG",
    "cantidad_archivos": 1,
    "archivos_fuente": [
      "Pictures/Fototeca de Fotos.photoslibrary/resources/derivatives/masters/5/5074273B-30ED-4105-BC43-84B9A3FE9E26_4_5005_c.jpeg"
    ],
    "ultima_modificacion": "2025-08-01 01:01:20.331741"
  },
  "5ad2fdf7ab5040b49246c5076261e70b45005c.jpeg": {
    "app_sintetizada": "5AD2FDF7AB5040B49246C5076261E70B45005C.JPEG",
    "cantidad_archivos": 1,
    "archivos_fuente": [
      "Pictures/Fototeca de Fotos.photoslibrary/resources/derivatives/masters/5/5AD2FDF7-AB50-40B4-9246-C5076261E70B_4_5005_c.jpeg"
    ],
    "ultima_modificacion": "2025-08-01 01:01:20.331958"
  },
  "5a567599aac44373aca46806cc48da3745005c.jpeg": {
    "app_sintetizada": "5A567599AAC44373ACA46806CC48DA3745005C.JPEG",
    "cantidad_archivos": 1,
    "archivos_fuente": [
      "Pictures/Fototeca de Fotos.photoslibrary/resources/derivatives/masters/5/5A567599-AAC4-4373-ACA4-6806CC48DA37_4_5005_c.jpeg"
    ],
    "ultima_modificacion": "2025-08-01 01:01:20.332259"
  },
  "5b58ed587b4b4980bdaa6112c6c1377e45005c.jpeg": {
    "app_sintetizada": "5B58ED587B4B4980BDAA6112C6C1377E45005C.JPEG",
    "cantidad_archivos": 1,
    "archivos_fuente": [
      "Pictures/Fototeca de Fotos.photoslibrary/resources/derivatives/masters/5/5B58ED58-7B4B-4980-BDAA-6112C6C1377E_4_5005_c.jpeg"
    ],
    "ultima_modificacion": "2025-08-01 01:01:20.332553"
  },
  "58528af9535440bab15d717cf54638a645005c.jpeg": {
    "app_sintetizada": "58528AF9535440BAB15D717CF54638A645005C.JPEG",
    "cantidad_archivos": 1,
    "archivos_fuente": [
      "Pictures/Fototeca de Fotos.photoslibrary/resources/derivatives/masters/5/58528AF9-5354-40BA-B15D-717CF54638A6_4_5005_c.jpeg"
    ],
    "ultima_modificacion": "2025-08-01 01:01:20.332761"
  },
  "5d015d0c80cb41f2a38b33e278f3449545005c.jpeg": {
    "app_sintetizada": "5D015D0C80CB41F2A38B33E278F3449545005C.JPEG",
    "cantidad_archivos": 1,
    "archivos_fuente": [
      "Pictures/Fototeca de Fotos.photoslibrary/resources/derivatives/masters/5/5D015D0C-80CB-41F2-A38B-33E278F34495_4_5005_c.jpeg"
    ],
    "ultima_modificacion": "2025-08-01 01:01:20.332972"
  },
  "5aa6778a7a834b6f999be4175eebf20b45005c.jpeg": {
    "app_sintetizada": "5AA6778A7A834B6F999BE4175EEBF20B45005C.JPEG",
    "cantidad_archivos": 1,
    "archivos_fuente": [
      "Pictures/Fototeca de Fotos.photoslibrary/resources/derivatives/masters/5/5AA6778A-7A83-4B6F-999B-E4175EEBF20B_4_5005_c.jpeg"
    ],
    "ultima_modificacion": "2025-08-01 01:01:20.333164"
  },
  "58a530e1c9a8400aa82db969a943646c45005c.jpeg": {
    "app_sintetizada": "58A530E1C9A8400AA82DB969A943646C45005C.JPEG",
    "cantidad_archivos": 1,
    "archivos_fuente": [
      "Pictures/Fototeca de Fotos.photoslibrary/resources/derivatives/masters/5/58A530E1-C9A8-400A-A82D-B969A943646C_4_5005_c.jpeg"
    ],
    "ultima_modificacion": "2025-08-01 01:01:20.333355"
  },
  "57ed74eb36ab4205a43eb627868fe09d45005c.jpeg": {
    "app_sintetizada": "57ED74EB36AB4205A43EB627868FE09D45005C.JPEG",
    "cantidad_archivos": 1,
    "archivos_fuente": [
      "Pictures/Fototeca de Fotos.photoslibrary/resources/derivatives/masters/5/57ED74EB-36AB-4205-A43E-B627868FE09D_4_5005_c.jpeg"
    ],
    "ultima_modificacion": "2025-08-01 01:01:20.333552"
  },
  "5147c2c157db4003af1707102544027345005c.jpeg": {
    "app_sintetizada": "5147C2C157DB4003AF1707102544027345005C.JPEG",
    "cantidad_archivos": 1,
    "archivos_fuente": [
      "Pictures/Fototeca de Fotos.photoslibrary/resources/derivatives/masters/5/5147C2C1-57DB-4003-AF17-071025440273_4_5005_c.jpeg"
    ],
    "ultima_modificacion": "2025-08-01 01:01:20.333788"
  },
  "5b9ab78f0d644717907c445962ca710845005c.jpeg": {
    "app_sintetizada": "5B9AB78F0D644717907C445962CA710845005C.JPEG",
    "cantidad_archivos": 1,
    "archivos_fuente": [
      "Pictures/Fototeca de Fotos.photoslibrary/resources/derivatives/masters/5/5B9AB78F-0D64-4717-907C-445962CA7108_4_5005_c.jpeg"
    ],
    "ultima_modificacion": "2025-08-01 01:01:20.334123"
  },
  "53cd943bf06f4996ac04a3cf3fb44dad45005c.jpeg": {
    "app_sintetizada": "53CD943BF06F4996AC04A3CF3FB44DAD45005C.JPEG",
    "cantidad_archivos": 1,
    "archivos_fuente": [
      "Pictures/Fototeca de Fotos.photoslibrary/resources/derivatives/masters/5/53CD943B-F06F-4996-AC04-A3CF3FB44DAD_4_5005_c.jpeg"
    ],
    "ultima_modificacion": "2025-08-01 01:01:20.334371"
  },
  "5ec0c47894a143e29e25ce44821fa69345005c.jpeg": {
    "app_sintetizada": "5EC0C47894A143E29E25CE44821FA69345005C.JPEG",
    "cantidad_archivos": 1,
    "archivos_fuente": [
      "Pictures/Fototeca de Fotos.photoslibrary/resources/derivatives/masters/5/5EC0C478-94A1-43E2-9E25-CE44821FA693_4_5005_c.jpeg"
    ],
    "ultima_modificacion": "2025-08-01 01:01:20.334570"
  },
  "50c8983990174bd1a0c2768a4a41e6af45005c.jpeg": {
    "app_sintetizada": "50C8983990174BD1A0C2768A4A41E6AF45005C.JPEG",
    "cantidad_archivos": 1,
    "archivos_fuente": [
      "Pictures/Fototeca de Fotos.photoslibrary/resources/derivatives/masters/5/50C89839-9017-4BD1-A0C2-768A4A41E6AF_4_5005_c.jpeg"
    ],
    "ultima_modificacion": "2025-08-01 01:01:20.334765"
  },
  "5ece01a610c543679b9afa4a94d68f0545005c.jpeg": {
    "app_sintetizada": "5ECE01A610C543679B9AFA4A94D68F0545005C.JPEG",
    "cantidad_archivos": 1,
    "archivos_fuente": [
      "Pictures/Fototeca de Fotos.photoslibrary/resources/derivatives/masters/5/5ECE01A6-10C5-4367-9B9A-FA4A94D68F05_4_5005_c.jpeg"
    ],
    "ultima_modificacion": "2025-08-01 01:01:20.334958"
  },
  "500a8c999673450d889b4475de8322f945005c.jpeg": {
    "app_sintetizada": "500A8C999673450D889B4475DE8322F945005C.JPEG",
    "cantidad_archivos": 1,
    "archivos_fuente": [
      "Pictures/Fototeca de Fotos.photoslibrary/resources/derivatives/masters/5/500A8C99-9673-450D-889B-4475DE8322F9_4_5005_c.jpeg"
    ],
    "ultima_modificacion": "2025-08-01 01:01:20.335180"
  },
  "5b7d0a5c3f8c4e3aae4831fc99f0e0ab45005c.jpeg": {
    "app_sintetizada": "5B7D0A5C3F8C4E3AAE4831FC99F0E0AB45005C.JPEG",
    "cantidad_archivos": 1,
    "archivos_fuente": [
      "Pictures/Fototeca de Fotos.photoslibrary/resources/derivatives/masters/5/5B7D0A5C-3F8C-4E3A-AE48-31FC99F0E0AB_4_5005_c.jpeg"
    ],
    "ultima_modificacion": "2025-08-01 01:01:20.335383"
  },
  "5d45816ef7f046dfacf198317a87f1fa45005c.jpeg": {
    "app_sintetizada": "5D45816EF7F046DFACF198317A87F1FA45005C.JPEG",
    "cantidad_archivos": 1,
    "archivos_fuente": [
      "Pictures/Fototeca de Fotos.photoslibrary/resources/derivatives/masters/5/5D45816E-F7F0-46DF-ACF1-98317A87F1FA_4_5005_c.jpeg"
    ],
    "ultima_modificacion": "2025-08-01 01:01:20.335577"
  },
  "5704b5b613194941adc813aa7b4d42cd45005c.jpeg": {
    "app_sintetizada": "5704B5B613194941ADC813AA7B4D42CD45005C.JPEG",
    "cantidad_archivos": 1,
    "archivos_fuente": [
      "Pictures/Fototeca de Fotos.photoslibrary/resources/derivatives/masters/5/5704B5B6-1319-4941-ADC8-13AA7B4D42CD_4_5005_c.jpeg"
    ],
    "ultima_modificacion": "2025-08-01 01:01:20.335752"
  },
  "555dd731d6ef4dc6b516b2e9a3d9c4f245005c.jpeg": {
    "app_sintetizada": "555DD731D6EF4DC6B516B2E9A3D9C4F245005C.JPEG",
    "cantidad_archivos": 1,
    "archivos_fuente": [
      "Pictures/Fototeca de Fotos.photoslibrary/resources/derivatives/masters/5/555DD731-D6EF-4DC6-B516-B2E9A3D9C4F2_4_5005_c.jpeg"
    ],
    "ultima_modificacion": "2025-08-01 01:01:20.335924"
  },
  "542994ee80fa4c839ebc3c933339974d45005c.jpeg": {
    "app_sintetizada": "542994EE80FA4C839EBC3C933339974D45005C.JPEG",
    "cantidad_archivos": 1,
    "archivos_fuente": [
      "Pictures/Fototeca de Fotos.photoslibrary/resources/derivatives/masters/5/542994EE-80FA-4C83-9EBC-3C933339974D_4_5005_c.jpeg"
    ],
    "ultima_modificacion": "2025-08-01 01:01:20.336118"
  },
  "5e943497314c4298ad3af2dc6ef7ba1945005c.jpeg": {
    "app_sintetizada": "5E943497314C4298AD3AF2DC6EF7BA1945005C.JPEG",
    "cantidad_archivos": 1,
    "archivos_fuente": [
      "Pictures/Fototeca de Fotos.photoslibrary/resources/derivatives/masters/5/5E943497-314C-4298-AD3A-F2DC6EF7BA19_4_5005_c.jpeg"
    ],
    "ultima_modificacion": "2025-08-01 01:01:20.336360"
  },
  "5ba8bdf2f2d0405faaf53192c66fdef245005c.jpeg": {
    "app_sintetizada": "5BA8BDF2F2D0405FAAF53192C66FDEF245005C.JPEG",
    "cantidad_archivos": 1,
    "archivos_fuente": [
      "Pictures/Fototeca de Fotos.photoslibrary/resources/derivatives/masters/5/5BA8BDF2-F2D0-405F-AAF5-3192C66FDEF2_4_5005_c.jpeg"
    ],
    "ultima_modificacion": "2025-08-01 01:01:20.336677"
  },
  "536bf15e4be94751a30baadd904b2d4245005c.jpeg": {
    "app_sintetizada": "536BF15E4BE94751A30BAADD904B2D4245005C.JPEG",
    "cantidad_archivos": 1,
    "archivos_fuente": [
      "Pictures/Fototeca de Fotos.photoslibrary/resources/derivatives/masters/5/536BF15E-4BE9-4751-A30B-AADD904B2D42_4_5005_c.jpeg"
    ],
    "ultima_modificacion": "2025-08-01 01:01:20.336967"
  },
  "5c3602a725f64553a7c85993cbce7a7c45005c.jpeg": {
    "app_sintetizada": "5C3602A725F64553A7C85993CBCE7A7C45005C.JPEG",
    "cantidad_archivos": 1,
    "archivos_fuente": [
      "Pictures/Fototeca de Fotos.photoslibrary/resources/derivatives/masters/5/5C3602A7-25F6-4553-A7C8-5993CBCE7A7C_4_5005_c.jpeg"
    ],
    "ultima_modificacion": "2025-08-01 01:01:20.337276"
  },
  "5be878013c424109b7aa2ce1ad8b8e2445005c.jpeg": {
    "app_sintetizada": "5BE878013C424109B7AA2CE1AD8B8E2445005C.JPEG",
    "cantidad_archivos": 1,
    "archivos_fuente": [
      "Pictures/Fototeca de Fotos.photoslibrary/resources/derivatives/masters/5/5BE87801-3C42-4109-B7AA-2CE1AD8B8E24_4_5005_c.jpeg"
    ],
    "ultima_modificacion": "2025-08-01 01:01:20.337560"
  },
  "51d9e7d6dc2f4b2abf09e8161c6a305145005c.jpeg": {
    "app_sintetizada": "51D9E7D6DC2F4B2ABF09E8161C6A305145005C.JPEG",
    "cantidad_archivos": 1,
    "archivos_fuente": [
      "Pictures/Fototeca de Fotos.photoslibrary/resources/derivatives/masters/5/51D9E7D6-DC2F-4B2A-BF09-E8161C6A3051_4_5005_c.jpeg"
    ],
    "ultima_modificacion": "2025-08-01 01:01:20.337905"
  }
}