{
  "4c8a369260594e1dbc977cb798a1a86245005c.jpeg": {
    "app_sintetizada": "4C8A369260594E1DBC977CB798A1A86245005C.JPEG",
    "cantidad_archivos": 1,
    "archivos_fuente": [
      "Pictures/Fototeca de Fotos.photoslibrary/resources/derivatives/masters/4/4C8A3692-6059-4E1D-BC97-7CB798A1A862_4_5005_c.jpeg"
    ],
    "ultima_modificacion": "2025-08-01 01:01:15.181703"
  },
  "499ccad845854f0786af712eda5fb47d45005c.jpeg": {
    "app_sintetizada": "499CCAD845854F0786AF712EDA5FB47D45005C.JPEG",
    "cantidad_archivos": 1,
    "archivos_fuente": [
      "Pictures/Fototeca de Fotos.photoslibrary/resources/derivatives/masters/4/499CCAD8-4585-4F07-86AF-712EDA5FB47D_4_5005_c.jpeg"
    ],
    "ultima_modificacion": "2025-08-01 01:01:15.181929"
  },
  "4a6546ad09c44658a143326881c7cd6945005c.jpeg": {
    "app_sintetizada": "4A6546AD09C44658A143326881C7CD6945005C.JPEG",
    "cantidad_archivos": 1,
    "archivos_fuente": [
      "Pictures/Fototeca de Fotos.photoslibrary/resources/derivatives/masters/4/4A6546AD-09C4-4658-A143-326881C7CD69_4_5005_c.jpeg"
    ],
    "ultima_modificacion": "2025-08-01 01:01:15.182243"
  },
  "418e383b7330404f9d2f7817225ebcda45005c.jpeg": {
    "app_sintetizada": "418E383B7330404F9D2F7817225EBCDA45005C.JPEG",
    "cantidad_archivos": 1,
    "archivos_fuente": [
      "Pictures/Fototeca de Fotos.photoslibrary/resources/derivatives/masters/4/418E383B-7330-404F-9D2F-7817225EBCDA_4_5005_c.jpeg"
    ],
    "ultima_modificacion": "2025-08-01 01:01:15.182486"
  },
  "49ff51c56af24fc6ac5aa7dad6e7231145005c.jpeg": {
    "app_sintetizada": "49FF51C56AF24FC6AC5AA7DAD6E7231145005C.JPEG",
    "cantidad_archivos": 1,
    "archivos_fuente": [
      "Pictures/Fototeca de Fotos.photoslibrary/resources/derivatives/masters/4/49FF51C5-6AF2-4FC6-AC5A-A7DAD6E72311_4_5005_c.jpeg"
    ],
    "ultima_modificacion": "2025-08-01 01:01:15.182686"
  },
  "438b8604a4d340b59f1bddbdf0f2457d45005c.jpeg": {
    "app_sintetizada": "438B8604A4D340B59F1BDDBDF0F2457D45005C.JPEG",
    "cantidad_archivos": 1,
    "archivos_fuente": [
      "Pictures/Fototeca de Fotos.photoslibrary/resources/derivatives/masters/4/438B8604-A4D3-40B5-9F1B-DDBDF0F2457D_4_5005_c.jpeg"
    ],
    "ultima_modificacion": "2025-08-01 01:01:15.182879"
  },
  "406f5e61826d4b6b91e8581eeae78dc745005c.jpeg": {
    "app_sintetizada": "406F5E61826D4B6B91E8581EEAE78DC745005C.JPEG",
    "cantidad_archivos": 1,
    "archivos_fuente": [
      "Pictures/Fototeca de Fotos.photoslibrary/resources/derivatives/masters/4/406F5E61-826D-4B6B-91E8-581EEAE78DC7_4_5005_c.jpeg"
    ],
    "ultima_modificacion": "2025-08-01 01:01:15.183077"
  },
  "4315cb896b4f457196d294ab41b0acdc45005c.jpeg": {
    "app_sintetizada": "4315CB896B4F457196D294AB41B0ACDC45005C.JPEG",
    "cantidad_archivos": 1,
    "archivos_fuente": [
      "Pictures/Fototeca de Fotos.photoslibrary/resources/derivatives/masters/4/4315CB89-6B4F-4571-96D2-94AB41B0ACDC_4_5005_c.jpeg"
    ],
    "ultima_modificacion": "2025-08-01 01:01:15.183275"
  },
  "41b3cd2a301a450fb0ea36631d5d167e45005c.jpeg": {
    "app_sintetizada": "41B3CD2A301A450FB0EA36631D5D167E45005C.JPEG",
    "cantidad_archivos": 1,
    "archivos_fuente": [
      "Pictures/Fototeca de Fotos.photoslibrary/resources/derivatives/masters/4/41B3CD2A-301A-450F-B0EA-36631D5D167E_4_5005_c.jpeg"
    ],
    "ultima_modificacion": "2025-08-01 01:01:15.183477"
  },
  "47ceb01a390f4f9097ed7c7e1cb2fc5c45005c.jpeg": {
    "app_sintetizada": "47CEB01A390F4F9097ED7C7E1CB2FC5C45005C.JPEG",
    "cantidad_archivos": 1,
    "archivos_fuente": [
      "Pictures/Fototeca de Fotos.photoslibrary/resources/derivatives/masters/4/47CEB01A-390F-4F90-97ED-7C7E1CB2FC5C_4_5005_c.jpeg"
    ],
    "ultima_modificacion": "2025-08-01 01:01:15.183692"
  },
  "41f91bd9f0c14c8898d1f4c19ad88dc045005c.jpeg": {
    "app_sintetizada": "41F91BD9F0C14C8898D1F4C19AD88DC045005C.JPEG",
    "cantidad_archivos": 1,
    "archivos_fuente": [
      "Pictures/Fototeca de Fotos.photoslibrary/resources/derivatives/masters/4/41F91BD9-F0C1-4C88-98D1-F4C19AD88DC0_4_5005_c.jpeg"
    ],
    "ultima_modificacion": "2025-08-01 01:01:15.183965"
  },
  "46527693944c4a15942d63d27e98d41545005c.jpeg": {
    "app_sintetizada": "46527693944C4A15942D63D27E98D41545005C.JPEG",
    "cantidad_archivos": 1,
    "archivos_fuente": [
      "Pictures/Fototeca de Fotos.photoslibrary/resources/derivatives/masters/4/46527693-944C-4A15-942D-63D27E98D415_4_5005_c.jpeg"
    ],
    "ultima_modificacion": "2025-08-01 01:01:15.184210"
  },
  "4469db74420742638fd089ca6ac7f03845005c.jpeg": {
    "app_sintetizada": "4469DB74420742638FD089CA6AC7F03845005C.JPEG",
    "cantidad_archivos": 1,
    "archivos_fuente": [
      "Pictures/Fototeca de Fotos.photoslibrary/resources/derivatives/masters/4/4469DB74-4207-4263-8FD0-89CA6AC7F038_4_5005_c.jpeg"
    ],
    "ultima_modificacion": "2025-08-01 01:01:15.184484"
  },
  "43ac3b0929f44846acfe3aedc041f99845005c.jpeg": {
    "app_sintetizada": "43AC3B0929F44846ACFE3AEDC041F99845005C.JPEG",
    "cantidad_archivos": 1,
    "archivos_fuente": [
      "Pictures/Fototeca de Fotos.photoslibrary/resources/derivatives/masters/4/43AC3B09-29F4-4846-ACFE-3AEDC041F998_4_5005_c.jpeg"
    ],
    "ultima_modificacion": "2025-08-01 01:01:15.184734"
  },
  "439ab0bd73114bb393ca093f286d67c945005c.jpeg": {
    "app_sintetizada": "439AB0BD73114BB393CA093F286D67C945005C.JPEG",
    "cantidad_archivos": 1,
    "archivos_fuente": [
      "Pictures/Fototeca de Fotos.photoslibrary/resources/derivatives/masters/4/439AB0BD-7311-4BB3-93CA-093F286D67C9_4_5005_c.jpeg"
    ],
    "ultima_modificacion": "2025-08-01 01:01:15.184985"
  },
  "41244ef6523542be85bc4fd67415a71045005c.jpeg": {
    "app_sintetizada": "41244EF6523542BE85BC4FD67415A71045005C.JPEG",
    "cantidad_archivos": 1,
    "archivos_fuente": [
      "Pictures/Fototeca de Fotos.photoslibrary/resources/derivatives/masters/4/41244EF6-5235-42BE-85BC-4FD67415A710_4_5005_c.jpeg"
    ],
    "ultima_modificacion": "2025-08-01 01:01:15.185229"
  },
  "4fba314d4cf4414cb949e79f1e424e8145005c.jpeg": {
    "app_sintetizada": "4FBA314D4CF4414CB949E79F1E424E8145005C.JPEG",
    "cantidad_archivos": 1,
    "archivos_fuente": [
      "Pictures/Fototeca de Fotos.photoslibrary/resources/derivatives/masters/4/4FBA314D-4CF4-414C-B949-E79F1E424E81_4_5005_c.jpeg"
    ],
    "ultima_modificacion": "2025-08-01 01:01:15.185605"
  },
  "47af89c3d32c46e58d18f6877447b3b745005c.jpeg": {
    "app_sintetizada": "47AF89C3D32C46E58D18F6877447B3B745005C.JPEG",
    "cantidad_archivos": 1,
    "archivos_fuente": [
      "Pictures/Fototeca de Fotos.photoslibrary/resources/derivatives/masters/4/47AF89C3-D32C-46E5-8D18-F6877447B3B7_4_5005_c.jpeg"
    ],
    "ultima_modificacion": "2025-08-01 01:01:15.185919"
  },
  "43fccd6a015b42ccbc45b0b51c63691d45005c.jpeg": {
    "app_sintetizada": "43FCCD6A015B42CCBC45B0B51C63691D45005C.JPEG",
    "cantidad_archivos": 1,
    "archivos_fuente": [
      "Pictures/Fototeca de Fotos.photoslibrary/resources/derivatives/masters/4/43FCCD6A-015B-42CC-BC45-B0B51C63691D_4_5005_c.jpeg"
    ],
    "ultima_modificacion": "2025-08-01 01:01:15.186229"
  },
  "413cfec8a29b434685480f02bcd8ceed45005c.jpeg": {
    "app_sintetizada": "413CFEC8A29B434685480F02BCD8CEED45005C.JPEG",
    "cantidad_archivos": 1,
    "archivos_fuente": [
      "Pictures/Fototeca de Fotos.photoslibrary/resources/derivatives/masters/4/413CFEC8-A29B-4346-8548-0F02BCD8CEED_4_5005_c.jpeg"
    ],
    "ultima_modificacion": "2025-08-01 01:01:15.186530"
  },
  "4bf17f0e7fbc4dfdb4748d14c33004b145005c.jpeg": {
    "app_sintetizada": "4BF17F0E7FBC4DFDB4748D14C33004B145005C.JPEG",
    "cantidad_archivos": 1,
    "archivos_fuente": [
      "Pictures/Fototeca de Fotos.photoslibrary/resources/derivatives/masters/4/4BF17F0E-7FBC-4DFD-B474-8D14C33004B1_4_5005_c.jpeg"
    ],
    "ultima_modificacion": "2025-08-01 01:01:15.186821"
  },
  "47d9e8c66bca4d1db15e6d185b3df55545005c.jpeg": {
    "app_sintetizada": "47D9E8C66BCA4D1DB15E6D185B3DF55545005C.JPEG",
    "cantidad_archivos": 1,
    "archivos_fuente": [
      "Pictures/Fototeca de Fotos.photoslibrary/resources/derivatives/masters/4/47D9E8C6-6BCA-4D1D-B15E-6D185B3DF555_4_5005_c.jpeg"
    ],
    "ultima_modificacion": "2025-08-01 01:01:15.187092"
  },
  "4b28329675e64a57a3bfd88ec2b6a0ee45005c.jpeg": {
    "app_sintetizada": "4B28329675E64A57A3BFD88EC2B6A0EE45005C.JPEG",
    "cantidad_archivos": 1,
    "archivos_fuente": [
      "Pictures/Fototeca de Fotos.photoslibrary/resources/derivatives/masters/4/4B283296-75E6-4A57-A3BF-D88EC2B6A0EE_4_5005_c.jpeg"
    ],
    "ultima_modificacion": "2025-08-01 01:01:15.187500"
  },
  "4facd8d84db64fc8bcab847870b38fca45005c.jpeg": {
    "app_sintetizada": "4FACD8D84DB64FC8BCAB847870B38FCA45005C.JPEG",
    "cantidad_archivos": 1,
    "archivos_fuente": [
      "Pictures/Fototeca de Fotos.photoslibrary/resources/derivatives/masters/4/4FACD8D8-4DB6-4FC8-BCAB-847870B38FCA_4_5005_c.jpeg"
    ],
    "ultima_modificacion": "2025-08-01 01:01:15.187770"
  },
  "42c20f5e29e144c1a3c3f1f648d0a3d945005c.jpeg": {
    "app_sintetizada": "42C20F5E29E144C1A3C3F1F648D0A3D945005C.JPEG",
    "cantidad_archivos": 1,
    "archivos_fuente": [
      "Pictures/Fototeca de Fotos.photoslibrary/resources/derivatives/masters/4/42C20F5E-29E1-44C1-A3C3-F1F648D0A3D9_4_5005_c.jpeg"
    ],
    "ultima_modificacion": "2025-08-01 01:01:15.188049"
  },
  "45678faba000439cb411ff9766342d6245005c.jpeg": {
    "app_sintetizada": "45678FABA000439CB411FF9766342D6245005C.JPEG",
    "cantidad_archivos": 1,
    "archivos_fuente": [
      "Pictures/Fototeca de Fotos.photoslibrary/resources/derivatives/masters/4/45678FAB-A000-439C-B411-FF9766342D62_4_5005_c.jpeg"
    ],
    "ultima_modificacion": "2025-08-01 01:01:15.188354"
  },
  "4acf485c47f04b9c81203e494eb284ce45005c.jpeg": {
    "app_sintetizada": "4ACF485C47F04B9C81203E494EB284CE45005C.JPEG",
    "cantidad_archivos": 1,
    "archivos_fuente": [
      "Pictures/Fototeca de Fotos.photoslibrary/resources/derivatives/masters/4/4ACF485C-47F0-4B9C-8120-3E494EB284CE_4_5005_c.jpeg"
    ],
    "ultima_modificacion": "2025-08-01 01:01:15.188669"
  },
  "42d8edcdc95f477dab2a764b49fb10b545005c.jpeg": {
    "app_sintetizada": "42D8EDCDC95F477DAB2A764B49FB10B545005C.JPEG",
    "cantidad_archivos": 1,
    "archivos_fuente": [
      "Pictures/Fototeca de Fotos.photoslibrary/resources/derivatives/masters/4/42D8EDCD-C95F-477D-AB2A-764B49FB10B5_4_5005_c.jpeg"
    ],
    "ultima_modificacion": "2025-08-01 01:01:15.188962"
  },
  "4ade31396adf43f5acee7438e3d0f9d545005c.jpeg": {
    "app_sintetizada": "4ADE31396ADF43F5ACEE7438E3D0F9D545005C.JPEG",
    "cantidad_archivos": 1,
    "archivos_fuente": [
      "Pictures/Fototeca de Fotos.photoslibrary/resources/derivatives/masters/4/4ADE3139-6ADF-43F5-ACEE-7438E3D0F9D5_4_5005_c.jpeg"
    ],
    "ultima_modificacion": "2025-08-01 01:01:15.189336"
  },
  "4056bc9e3a8d4fb8907de29eeae4076c45005c.jpeg": {
    "app_sintetizada": "4056BC9E3A8D4FB8907DE29EEAE4076C45005C.JPEG",
    "cantidad_archivos": 1,
    "archivos_fuente": [
      "Pictures/Fototeca de Fotos.photoslibrary/resources/derivatives/masters/4/4056BC9E-3A8D-4FB8-907D-E29EEAE4076C_4_5005_c.jpeg"
    ],
    "ultima_modificacion": "2025-08-01 01:01:15.189695"
  },
  "4c8d1ab21150474b997316caafb3b3f545005c.jpeg": {
    "app_sintetizada": "4C8D1AB21150474B997316CAAFB3B3F545005C.JPEG",
    "cantidad_archivos": 1,
    "archivos_fuente": [
      "Pictures/Fototeca de Fotos.photoslibrary/resources/derivatives/masters/4/4C8D1AB2-1150-474B-9973-16CAAFB3B3F5_4_5005_c.jpeg"
    ],
    "ultima_modificacion": "2025-08-01 01:01:15.190110"
  },
  "4830cdd028b44619b058fa94a619415a45005c.jpeg": {
    "app_sintetizada": "4830CDD028B44619B058FA94A619415A45005C.JPEG",
    "cantidad_archivos": 1,
    "archivos_fuente": [
      "Pictures/Fototeca de Fotos.photoslibrary/resources/derivatives/masters/4/4830CDD0-28B4-4619-B058-FA94A619415A_4_5005_c.jpeg"
    ],
    "ultima_modificacion": "2025-08-01 01:01:15.190497"
  },
  "489ac24b86cb471f9adbe2edcc44934b45005c.jpeg": {
    "app_sintetizada": "489AC24B86CB471F9ADBE2EDCC44934B45005C.JPEG",
    "cantidad_archivos": 1,
    "archivos_fuente": [
      "Pictures/Fototeca de Fotos.photoslibrary/resources/derivatives/masters/4/489AC24B-86CB-471F-9ADB-E2EDCC44934B_4_5005_c.jpeg"
    ],
    "ultima_modificacion": "2025-08-01 01:01:15.190860"
  },
  "409563f77eae44679633774aae7b562545005c.jpeg": {
    "app_sintetizada": "409563F77EAE44679633774AAE7B562545005C.JPEG",
    "cantidad_archivos": 1,
    "archivos_fuente": [
      "Pictures/Fototeca de Fotos.photoslibrary/resources/derivatives/masters/4/409563F7-7EAE-4467-9633-774AAE7B5625_4_5005_c.jpeg"
    ],
    "ultima_modificacion": "2025-08-01 01:01:15.191403"
  },
  "41fd31ef159648e98d550ef83c83f60b45005c.jpeg": {
    "app_sintetizada": "41FD31EF159648E98D550EF83C83F60B45005C.JPEG",
    "cantidad_archivos": 1,
    "archivos_fuente": [
      "Pictures/Fototeca de Fotos.photoslibrary/resources/derivatives/masters/4/41FD31EF-1596-48E9-8D55-0EF83C83F60B_4_5005_c.jpeg"
    ],
    "ultima_modificacion": "2025-08-01 01:01:15.192086"
  },
  "43b4f073791448ea8a2be96cf6308c3145005c.jpeg": {
    "app_sintetizada": "43B4F073791448EA8A2BE96CF6308C3145005C.JPEG",
    "cantidad_archivos": 1,
    "archivos_fuente": [
      "Pictures/Fototeca de Fotos.photoslibrary/resources/derivatives/masters/4/43B4F073-7914-48EA-8A2B-E96CF6308C31_4_5005_c.jpeg"
    ],
    "ultima_modificacion": "2025-08-01 01:01:15.192451"
  },
  "429c68e403a24ab280fe5303307d482745005c.jpeg": {
    "app_sintetizada": "429C68E403A24AB280FE5303307D482745005C.JPEG",
    "cantidad_archivos": 1,
    "archivos_fuente": [
      "Pictures/Fototeca de Fotos.photoslibrary/resources/derivatives/masters/4/429C68E4-03A2-4AB2-80FE-5303307D4827_4_5005_c.jpeg"
    ],
    "ultima_modificacion": "2025-08-01 01:01:15.192785"
  },
  "489408f3c5c54478816b80999ccbcde645005c.jpeg": {
    "app_sintetizada": "489408F3C5C54478816B80999CCBCDE645005C.JPEG",
    "cantidad_archivos": 1,
    "archivos_fuente": [
      "Pictures/Fototeca de Fotos.photoslibrary/resources/derivatives/masters/4/489408F3-C5C5-4478-816B-80999CCBCDE6_4_5005_c.jpeg"
    ],
    "ultima_modificacion": "2025-08-01 01:01:15.193124"
  },
  "457573241d1742888cb1a4e5f857f74445005c.jpeg": {
    "app_sintetizada": "457573241D1742888CB1A4E5F857F74445005C.JPEG",
    "cantidad_archivos": 1,
    "archivos_fuente": [
      "Pictures/Fototeca de Fotos.photoslibrary/resources/derivatives/masters/4/45757324-1D17-4288-8CB1-A4E5F857F744_4_5005_c.jpeg"
    ],
    "ultima_modificacion": "2025-08-01 01:01:15.193492"
  },
  "4996cb33e3284f138c6bb45536971cea45005c.jpeg": {
    "app_sintetizada": "4996CB33E3284F138C6BB45536971CEA45005C.JPEG",
    "cantidad_archivos": 1,
    "archivos_fuente": [
      "Pictures/Fototeca de Fotos.photoslibrary/resources/derivatives/masters/4/4996CB33-E328-4F13-8C6B-B45536971CEA_4_5005_c.jpeg"
    ],
    "ultima_modificacion": "2025-08-01 01:01:15.193840"
  },
  "46c76de5f93c495b96fcc4c52cca894845005c.jpeg": {
    "app_sintetizada": "46C76DE5F93C495B96FCC4C52CCA894845005C.JPEG",
    "cantidad_archivos": 1,
    "archivos_fuente": [
      "Pictures/Fototeca de Fotos.photoslibrary/resources/derivatives/masters/4/46C76DE5-F93C-495B-96FC-C4C52CCA8948_4_5005_c.jpeg"
    ],
    "ultima_modificacion": "2025-08-01 01:01:15.194161"
  },
  "45d8b914fa1941aaadcb0e450b3f1c3445005c.jpeg": {
    "app_sintetizada": "45D8B914FA1941AAADCB0E450B3F1C3445005C.JPEG",
    "cantidad_archivos": 1,
    "archivos_fuente": [
      "Pictures/Fototeca de Fotos.photoslibrary/resources/derivatives/masters/4/45D8B914-FA19-41AA-ADCB-0E450B3F1C34_4_5005_c.jpeg"
    ],
    "ultima_modificacion": "2025-08-01 01:01:15.194458"
  },
  "402cff7825094be683143c9cd50a07fb45005c.jpeg": {
    "app_sintetizada": "402CFF7825094BE683143C9CD50A07FB45005C.JPEG",
    "cantidad_archivos": 1,
    "archivos_fuente": [
      "Pictures/Fototeca de Fotos.photoslibrary/resources/derivatives/masters/4/402CFF78-2509-4BE6-8314-3C9CD50A07FB_4_5005_c.jpeg"
    ],
    "ultima_modificacion": "2025-08-01 01:01:15.194774"
  },
  "4bd6734f483d45e7bc55b537c686f2fb45005c.jpeg": {
    "app_sintetizada": "4BD6734F483D45E7BC55B537C686F2FB45005C.JPEG",
    "cantidad_archivos": 1,
    "archivos_fuente": [
      "Pictures/Fototeca de Fotos.photoslibrary/resources/derivatives/masters/4/4BD6734F-483D-45E7-BC55-B537C686F2FB_4_5005_c.jpeg"
    ],
    "ultima_modificacion": "2025-08-01 01:01:15.195056"
  },
  "473d384b6b3c4a1da3ad081b4ce62cf545005c.jpeg": {
    "app_sintetizada": "473D384B6B3C4A1DA3AD081B4CE62CF545005C.JPEG",
    "cantidad_archivos": 1,
    "archivos_fuente": [
      "Pictures/Fototeca de Fotos.photoslibrary/resources/derivatives/masters/4/473D384B-6B3C-4A1D-A3AD-081B4CE62CF5_4_5005_c.jpeg"
    ],
    "ultima_modificacion": "2025-08-01 01:01:15.195376"
  },
  "4609f6c154ea49ed85ba57594300a29345005c.jpeg": {
    "app_sintetizada": "4609F6C154EA49ED85BA57594300A29345005C.JPEG",
    "cantidad_archivos": 1,
    "archivos_fuente": [
      "Pictures/Fototeca de Fotos.photoslibrary/resources/derivatives/masters/4/4609F6C1-54EA-49ED-85BA-57594300A293_4_5005_c.jpeg"
    ],
    "ultima_modificacion": "2025-08-01 01:01:15.195679"
  },
  "4e5e395c5b21411cb5a728762202182945005c.jpeg": {
    "app_sintetizada": "4E5E395C5B21411CB5A728762202182945005C.JPEG",
    "cantidad_archivos": 1,
    "archivos_fuente": [
      "Pictures/Fototeca de Fotos.photoslibrary/resources/derivatives/masters/4/4E5E395C-5B21-411C-B5A7-287622021829_4_5005_c.jpeg"
    ],
    "ultima_modificacion": "2025-08-01 01:01:15.195968"
  },
  "49f10a8497124ed9ad70cebe0806fb7c45005c.jpeg": {
    "app_sintetizada": "49F10A8497124ED9AD70CEBE0806FB7C45005C.JPEG",
    "cantidad_archivos": 1,
    "archivos_fuente": [
      "Pictures/Fototeca de Fotos.photoslibrary/resources/derivatives/masters/4/49F10A84-9712-4ED9-AD70-CEBE0806FB7C_4_5005_c.jpeg"
    ],
    "ultima_modificacion": "2025-08-01 01:01:15.196277"
  },
  "469753ca938a45b38bf4df6a5391976545005c.jpeg": {
    "app_sintetizada": "469753CA938A45B38BF4DF6A5391976545005C.JPEG",
    "cantidad_archivos": 1,
    "archivos_fuente": [
      "Pictures/Fototeca de Fotos.photoslibrary/resources/derivatives/masters/4/469753CA-938A-45B3-8BF4-DF6A53919765_4_5005_c.jpeg"
    ],
    "ultima_modificacion": "2025-08-01 01:01:15.196615"
  },
  "46d9a52033a54e22a8e06efb3cc14eec45005c.jpeg": {
    "app_sintetizada": "46D9A52033A54E22A8E06EFB3CC14EEC45005C.JPEG",
    "cantidad_archivos": 1,
    "archivos_fuente": [
      "Pictures/Fototeca de Fotos.photoslibrary/resources/derivatives/masters/4/46D9A520-33A5-4E22-A8E0-6EFB3CC14EEC_4_5005_c.jpeg"
    ],
    "ultima_modificacion": "2025-08-01 01:01:15.196976"
  },
  "4fb01504f6b2434ab61169d43a7ba46e45005c.jpeg": {
    "app_sintetizada": "4FB01504F6B2434AB61169D43A7BA46E45005C.JPEG",
    "cantidad_archivos": 1,
    "archivos_fuente": [
      "Pictures/Fototeca de Fotos.photoslibrary/resources/derivatives/masters/4/4FB01504-F6B2-434A-B611-69D43A7BA46E_4_5005_c.jpeg"
    ],
    "ultima_modificacion": "2025-08-01 01:01:15.197298"
  },
  "489650e4da5b4704969cf3aae8d8c7e645005c.jpeg": {
    "app_sintetizada": "489650E4DA5B4704969CF3AAE8D8C7E645005C.JPEG",
    "cantidad_archivos": 1,
    "archivos_fuente": [
      "Pictures/Fototeca de Fotos.photoslibrary/resources/derivatives/masters/4/489650E4-DA5B-4704-969C-F3AAE8D8C7E6_4_5005_c.jpeg"
    ],
    "ultima_modificacion": "2025-08-01 01:01:15.197633"
  },
  "4736056584664413828243317d2694bd45005c.jpeg": {
    "app_sintetizada": "4736056584664413828243317D2694BD45005C.JPEG",
    "cantidad_archivos": 1,
    "archivos_fuente": [
      "Pictures/Fototeca de Fotos.photoslibrary/resources/derivatives/masters/4/47360565-8466-4413-8282-43317D2694BD_4_5005_c.jpeg"
    ],
    "ultima_modificacion": "2025-08-01 01:01:15.198692"
  },
  "4006d39bffdf4a41838b462568ef8fb145005c.jpeg": {
    "app_sintetizada": "4006D39BFFDF4A41838B462568EF8FB145005C.JPEG",
    "cantidad_archivos": 1,
    "archivos_fuente": [
      "Pictures/Fototeca de Fotos.photoslibrary/resources/derivatives/masters/4/4006D39B-FFDF-4A41-838B-462568EF8FB1_4_5005_c.jpeg"
    ],
    "ultima_modificacion": "2025-08-01 01:01:15.198996"
  },
  "47613137400148efb9cfdc16dedf84c145005c.jpeg": {
    "app_sintetizada": "47613137400148EFB9CFDC16DEDF84C145005C.JPEG",
    "cantidad_archivos": 1,
    "archivos_fuente": [
      "Pictures/Fototeca de Fotos.photoslibrary/resources/derivatives/masters/4/47613137-4001-48EF-B9CF-DC16DEDF84C1_4_5005_c.jpeg"
    ],
    "ultima_modificacion": "2025-08-01 01:01:15.199330"
  },
  "469c3acf10ae446e9e946e5c218879f945005c.jpeg": {
    "app_sintetizada": "469C3ACF10AE446E9E946E5C218879F945005C.JPEG",
    "cantidad_archivos": 1,
    "archivos_fuente": [
      "Pictures/Fototeca de Fotos.photoslibrary/resources/derivatives/masters/4/469C3ACF-10AE-446E-9E94-6E5C218879F9_4_5005_c.jpeg"
    ],
    "ultima_modificacion": "2025-08-01 01:01:15.199681"
  },
  "47da80ea783f44b3b76ee406ab1a67a145005c.jpeg": {
    "app_sintetizada": "47DA80EA783F44B3B76EE406AB1A67A145005C.JPEG",
    "cantidad_archivos": 1,
    "archivos_fuente": [
      "Pictures/Fototeca de Fotos.photoslibrary/resources/derivatives/masters/4/47DA80EA-783F-44B3-B76E-E406AB1A67A1_4_5005_c.jpeg"
    ],
    "ultima_modificacion": "2025-08-01 01:01:15.200035"
  },
  "4d4de390744a4e95b1e993b9fb70ba4e45005c.jpeg": {
    "app_sintetizada": "4D4DE390744A4E95B1E993B9FB70BA4E45005C.JPEG",
    "cantidad_archivos": 1,
    "archivos_fuente": [
      "Pictures/Fototeca de Fotos.photoslibrary/resources/derivatives/masters/4/4D4DE390-744A-4E95-B1E9-93B9FB70BA4E_4_5005_c.jpeg"
    ],
    "ultima_modificacion": "2025-08-01 01:01:15.200404"
  },
  "42dc9656e7474094b1d7af5e54011fc945005c.jpeg": {
    "app_sintetizada": "42DC9656E7474094B1D7AF5E54011FC945005C.JPEG",
    "cantidad_archivos": 1,
    "archivos_fuente": [
      "Pictures/Fototeca de Fotos.photoslibrary/resources/derivatives/masters/4/42DC9656-E747-4094-B1D7-AF5E54011FC9_4_5005_c.jpeg"
    ],
    "ultima_modificacion": "2025-08-01 01:01:15.200716"
  },
  "41777dd57b5e4567b906e6b170ca18e345005c.jpeg": {
    "app_sintetizada": "41777DD57B5E4567B906E6B170CA18E345005C.JPEG",
    "cantidad_archivos": 1,
    "archivos_fuente": [
      "Pictures/Fototeca de Fotos.photoslibrary/resources/derivatives/masters/4/41777DD5-7B5E-4567-B906-E6B170CA18E3_4_5005_c.jpeg"
    ],
    "ultima_modificacion": "2025-08-01 01:01:15.201044"
  },
  "4de71ad764724e57b9f6a719bd9845cd45005c.jpeg": {
    "app_sintetizada": "4DE71AD764724E57B9F6A719BD9845CD45005C.JPEG",
    "cantidad_archivos": 1,
    "archivos_fuente": [
      "Pictures/Fototeca de Fotos.photoslibrary/resources/derivatives/masters/4/4DE71AD7-6472-4E57-B9F6-A719BD9845CD_4_5005_c.jpeg"
    ],
    "ultima_modificacion": "2025-08-01 01:01:15.201372"
  },
  "4106476d87464536aadc45a24218b14b45005c.jpeg": {
    "app_sintetizada": "4106476D87464536AADC45A24218B14B45005C.JPEG",
    "cantidad_archivos": 1,
    "archivos_fuente": [
      "Pictures/Fototeca de Fotos.photoslibrary/resources/derivatives/masters/4/4106476D-8746-4536-AADC-45A24218B14B_4_5005_c.jpeg"
    ],
    "ultima_modificacion": "2025-08-01 01:01:15.201672"
  },
  "4e48328c497241a2a7ccae69dd4f766245005c.jpeg": {
    "app_sintetizada": "4E48328C497241A2A7CCAE69DD4F766245005C.JPEG",
    "cantidad_archivos": 1,
    "archivos_fuente": [
      "Pictures/Fototeca de Fotos.photoslibrary/resources/derivatives/masters/4/4E48328C-4972-41A2-A7CC-AE69DD4F7662_4_5005_c.jpeg"
    ],
    "ultima_modificacion": "2025-08-01 01:01:15.202001"
  },
  "4be1ecfe17534115ac0148a16613de3745005c.jpeg": {
    "app_sintetizada": "4BE1ECFE17534115AC0148A16613DE3745005C.JPEG",
    "cantidad_archivos": 1,
    "archivos_fuente": [
      "Pictures/Fototeca de Fotos.photoslibrary/resources/derivatives/masters/4/4BE1ECFE-1753-4115-AC01-48A16613DE37_4_5005_c.jpeg"
    ],
    "ultima_modificacion": "2025-08-01 01:01:15.202387"
  },
  "42d7cac942bc4687ae23f547c334fb0445005c.jpeg": {
    "app_sintetizada": "42D7CAC942BC4687AE23F547C334FB0445005C.JPEG",
    "cantidad_archivos": 1,
    "archivos_fuente": [
      "Pictures/Fototeca de Fotos.photoslibrary/resources/derivatives/masters/4/42D7CAC9-42BC-4687-AE23-F547C334FB04_4_5005_c.jpeg"
    ],
    "ultima_modificacion": "2025-08-01 01:01:15.202711"
  },
  "4de9085af5994b5c8f904b5e4628de5045005c.jpeg": {
    "app_sintetizada": "4DE9085AF5994B5C8F904B5E4628DE5045005C.JPEG",
    "cantidad_archivos": 1,
    "archivos_fuente": [
      "Pictures/Fototeca de Fotos.photoslibrary/resources/derivatives/masters/4/4DE9085A-F599-4B5C-8F90-4B5E4628DE50_4_5005_c.jpeg"
    ],
    "ultima_modificacion": "2025-08-01 01:01:15.203064"
  },
  "4466f6f118854b5ba3fc47961707e43045005c.jpeg": {
    "app_sintetizada": "4466F6F118854B5BA3FC47961707E43045005C.JPEG",
    "cantidad_archivos": 1,
    "archivos_fuente": [
      "Pictures/Fototeca de Fotos.photoslibrary/resources/derivatives/masters/4/4466F6F1-1885-4B5B-A3FC-47961707E430_4_5005_c.jpeg"
    ],
    "ultima_modificacion": "2025-08-01 01:01:15.203430"
  },
  "4ede11d38a3f42f6a4106d018eb2bee345005c.jpeg": {
    "app_sintetizada": "4EDE11D38A3F42F6A4106D018EB2BEE345005C.JPEG",
    "cantidad_archivos": 1,
    "archivos_fuente": [
      "Pictures/Fototeca de Fotos.photoslibrary/resources/derivatives/masters/4/4EDE11D3-8A3F-42F6-A410-6D018EB2BEE3_4_5005_c.jpeg"
    ],
    "ultima_modificacion": "2025-08-01 01:01:15.203784"
  },
  "4b3e23dc22c24df684b6953842bc70a945005c.jpeg": {
    "app_sintetizada": "4B3E23DC22C24DF684B6953842BC70A945005C.JPEG",
    "cantidad_archivos": 1,
    "archivos_fuente": [
      "Pictures/Fototeca de Fotos.photoslibrary/resources/derivatives/masters/4/4B3E23DC-22C2-4DF6-84B6-953842BC70A9_4_5005_c.jpeg"
    ],
    "ultima_modificacion": "2025-08-01 01:01:15.204248"
  },
  "416e367a80cc466aac92acce3388f26145005c.jpeg": {
    "app_sintetizada": "416E367A80CC466AAC92ACCE3388F26145005C.JPEG",
    "cantidad_archivos": 1,
    "archivos_fuente": [
      "Pictures/Fototeca de Fotos.photoslibrary/resources/derivatives/masters/4/416E367A-80CC-466A-AC92-ACCE3388F261_4_5005_c.jpeg"
    ],
    "ultima_modificacion": "2025-08-01 01:01:15.204612"
  },
  "484cb9ffeabe479dbb7caaf9b664b3b445005c.jpeg": {
    "app_sintetizada": "484CB9FFEABE479DBB7CAAF9B664B3B445005C.JPEG",
    "cantidad_archivos": 1,
    "archivos_fuente": [
      "Pictures/Fototeca de Fotos.photoslibrary/resources/derivatives/masters/4/484CB9FF-EABE-479D-BB7C-AAF9B664B3B4_4_5005_c.jpeg"
    ],
    "ultima_modificacion": "2025-08-01 01:01:15.205037"
  },
  "443880f3e3754e648f79ccd4d6d58d3d45005c.jpeg": {
    "app_sintetizada": "443880F3E3754E648F79CCD4D6D58D3D45005C.JPEG",
    "cantidad_archivos": 1,
    "archivos_fuente": [
      "Pictures/Fototeca de Fotos.photoslibrary/resources/derivatives/masters/4/443880F3-E375-4E64-8F79-CCD4D6D58D3D_4_5005_c.jpeg"
    ],
    "ultima_modificacion": "2025-08-01 01:01:15.205426"
  },
  "4bc53d3bc07240b2a7707fbe64790ee645005c.jpeg": {
    "app_sintetizada": "4BC53D3BC07240B2A7707FBE64790EE645005C.JPEG",
    "cantidad_archivos": 1,
    "archivos_fuente": [
      "Pictures/Fototeca de Fotos.photoslibrary/resources/derivatives/masters/4/4BC53D3B-C072-40B2-A770-7FBE64790EE6_4_5005_c.jpeg"
    ],
    "ultima_modificacion": "2025-08-01 01:01:15.205763"
  },
  "4391d8ad680a4a9ba8affd8e43e8b1b345005c.jpeg": {
    "app_sintetizada": "4391D8AD680A4A9BA8AFFD8E43E8B1B345005C.JPEG",
    "cantidad_archivos": 1,
    "archivos_fuente": [
      "Pictures/Fototeca de Fotos.photoslibrary/resources/derivatives/masters/4/4391D8AD-680A-4A9B-A8AF-FD8E43E8B1B3_4_5005_c.jpeg"
    ],
    "ultima_modificacion": "2025-08-01 01:01:15.206140"
  },
  "49c4aa1fcef64d2689332331e34d775c45005c.jpeg": {
    "app_sintetizada": "49C4AA1FCEF64D2689332331E34D775C45005C.JPEG",
    "cantidad_archivos": 1,
    "archivos_fuente": [
      "Pictures/Fototeca de Fotos.photoslibrary/resources/derivatives/masters/4/49C4AA1F-CEF6-4D26-8933-2331E34D775C_4_5005_c.jpeg"
    ],
    "ultima_modificacion": "2025-08-01 01:01:15.206563"
  },
  "473e8797c5dc46b489b700c43927fa5e45005c.jpeg": {
    "app_sintetizada": "473E8797C5DC46B489B700C43927FA5E45005C.JPEG",
    "cantidad_archivos": 1,
    "archivos_fuente": [
      "Pictures/Fototeca de Fotos.photoslibrary/resources/derivatives/masters/4/473E8797-C5DC-46B4-89B7-00C43927FA5E_4_5005_c.jpeg"
    ],
    "ultima_modificacion": "2025-08-01 01:01:15.206973"
  },
  "4aa004bbbabb4d65a36c2eda0bc7d2e345005c.jpeg": {
    "app_sintetizada": "4AA004BBBABB4D65A36C2EDA0BC7D2E345005C.JPEG",
    "cantidad_archivos": 1,
    "archivos_fuente": [
      "Pictures/Fototeca de Fotos.photoslibrary/resources/derivatives/masters/4/4AA004BB-BABB-4D65-A36C-2EDA0BC7D2E3_4_5005_c.jpeg"
    ],
    "ultima_modificacion": "2025-08-01 01:01:15.207338"
  },
  "41fe44f3fb4043cf80b84485d984fb7045005c.jpeg": {
    "app_sintetizada": "41FE44F3FB4043CF80B84485D984FB7045005C.JPEG",
    "cantidad_archivos": 1,
    "archivos_fuente": [
      "Pictures/Fototeca de Fotos.photoslibrary/resources/derivatives/masters/4/41FE44F3-FB40-43CF-80B8-4485D984FB70_4_5005_c.jpeg"
    ],
    "ultima_modificacion": "2025-08-01 01:01:15.207722"
  },
  "4d15735a327c41c0a0c3132f2ee1af1345005c.jpeg": {
    "app_sintetizada": "4D15735A327C41C0A0C3132F2EE1AF1345005C.JPEG",
    "cantidad_archivos": 1,
    "archivos_fuente": [
      "Pictures/Fototeca de Fotos.photoslibrary/resources/derivatives/masters/4/4D15735A-327C-41C0-A0C3-132F2EE1AF13_4_5005_c.jpeg"
    ],
    "ultima_modificacion": "2025-08-01 01:01:15.208111"
  },
  "408202d4c6014d4b8f56e5d41c98aaf945005c.jpeg": {
    "app_sintetizada": "408202D4C6014D4B8F56E5D41C98AAF945005C.JPEG",
    "cantidad_archivos": 1,
    "archivos_fuente": [
      "Pictures/Fototeca de Fotos.photoslibrary/resources/derivatives/masters/4/408202D4-C601-4D4B-8F56-E5D41C98AAF9_4_5005_c.jpeg"
    ],
    "ultima_modificacion": "2025-08-01 01:01:15.208458"
  },
  "48a10b34832e4ba7934fe40efaf3901145005c.jpeg": {
    "app_sintetizada": "48A10B34832E4BA7934FE40EFAF3901145005C.JPEG",
    "cantidad_archivos": 1,
    "archivos_fuente": [
      "Pictures/Fototeca de Fotos.photoslibrary/resources/derivatives/masters/4/48A10B34-832E-4BA7-934F-E40EFAF39011_4_5005_c.jpeg"
    ],
    "ultima_modificacion": "2025-08-01 01:01:15.208789"
  },
  "4c2a885a3c934aa78fd0c39637bcefad45005c.jpeg": {
    "app_sintetizada": "4C2A885A3C934AA78FD0C39637BCEFAD45005C.JPEG",
    "cantidad_archivos": 1,
    "archivos_fuente": [
      "Pictures/Fototeca de Fotos.photoslibrary/resources/derivatives/masters/4/4C2A885A-3C93-4AA7-8FD0-C39637BCEFAD_4_5005_c.jpeg"
    ],
    "ultima_modificacion": "2025-08-01 01:01:15.209819"
  },
  "41c231b4c853417aaa2adc4b853b49ea45005c.jpeg": {
    "app_sintetizada": "41C231B4C853417AAA2ADC4B853B49EA45005C.JPEG",
    "cantidad_archivos": 1,
    "archivos_fuente": [
      "Pictures/Fototeca de Fotos.photoslibrary/resources/derivatives/masters/4/41C231B4-C853-417A-AA2A-DC4B853B49EA_4_5005_c.jpeg"
    ],
    "ultima_modificacion": "2025-08-01 01:01:15.210197"
  },
  "44d65eed8861413192f33f73bf981b0845005c.jpeg": {
    "app_sintetizada": "44D65EED8861413192F33F73BF981B0845005C.JPEG",
    "cantidad_archivos": 1,
    "archivos_fuente": [
      "Pictures/Fototeca de Fotos.photoslibrary/resources/derivatives/masters/4/44D65EED-8861-4131-92F3-3F73BF981B08_4_5005_c.jpeg"
    ],
    "ultima_modificacion": "2025-08-01 01:01:15.210561"
  },
  "4fde71dcd2e74d489738de879352996145005c.jpeg": {
    "app_sintetizada": "4FDE71DCD2E74D489738DE879352996145005C.JPEG",
    "cantidad_archivos": 1,
    "archivos_fuente": [
      "Pictures/Fototeca de Fotos.photoslibrary/resources/derivatives/masters/4/4FDE71DC-D2E7-4D48-9738-DE8793529961_4_5005_c.jpeg"
    ],
    "ultima_modificacion": "2025-08-01 01:01:15.210921"
  },
  "44d3a54dd6314797a1c782e8fc25cf5f45005c.jpeg": {
    "app_sintetizada": "44D3A54DD6314797A1C782E8FC25CF5F45005C.JPEG",
    "cantidad_archivos": 1,
    "archivos_fuente": [
      "Pictures/Fototeca de Fotos.photoslibrary/resources/derivatives/masters/4/44D3A54D-D631-4797-A1C7-82E8FC25CF5F_4_5005_c.jpeg"
    ],
    "ultima_modificacion": "2025-08-01 01:01:15.211279"
  },
  "40dd2c9f60754cc993714a4db9c7280045005c.jpeg": {
    "app_sintetizada": "40DD2C9F60754CC993714A4DB9C7280045005C.JPEG",
    "cantidad_archivos": 1,
    "archivos_fuente": [
      "Pictures/Fototeca de Fotos.photoslibrary/resources/derivatives/masters/4/40DD2C9F-6075-4CC9-9371-4A4DB9C72800_4_5005_c.jpeg"
    ],
    "ultima_modificacion": "2025-08-01 01:01:15.211578"
  },
  "4334789357474f8eb97c7ed34f088aba45005c.jpeg": {
    "app_sintetizada": "4334789357474F8EB97C7ED34F088ABA45005C.JPEG",
    "cantidad_archivos": 1,
    "archivos_fuente": [
      "Pictures/Fototeca de Fotos.photoslibrary/resources/derivatives/masters/4/43347893-5747-4F8E-B97C-7ED34F088ABA_4_5005_c.jpeg"
    ],
    "ultima_modificacion": "2025-08-01 01:01:15.211918"
  },
  "48a51a53145742198910ee49bb5c1c5945005c.jpeg": {
    "app_sintetizada": "48A51A53145742198910EE49BB5C1C5945005C.JPEG",
    "cantidad_archivos": 1,
    "archivos_fuente": [
      "Pictures/Fototeca de Fotos.photoslibrary/resources/derivatives/masters/4/48A51A53-1457-4219-8910-EE49BB5C1C59_4_5005_c.jpeg"
    ],
    "ultima_modificacion": "2025-08-01 01:01:15.212271"
  },
  "42bec82673854fdcab060bf96c279b9f45005c.jpeg": {
    "app_sintetizada": "42BEC82673854FDCAB060BF96C279B9F45005C.JPEG",
    "cantidad_archivos": 1,
    "archivos_fuente": [
      "Pictures/Fototeca de Fotos.photoslibrary/resources/derivatives/masters/4/42BEC826-7385-4FDC-AB06-0BF96C279B9F_4_5005_c.jpeg"
    ],
    "ultima_modificacion": "2025-08-01 01:01:15.212679"
  },
  "4f8a246de6b447d686a728a918753c0a45005c.jpeg": {
    "app_sintetizada": "4F8A246DE6B447D686A728A918753C0A45005C.JPEG",
    "cantidad_archivos": 1,
    "archivos_fuente": [
      "Pictures/Fototeca de Fotos.photoslibrary/resources/derivatives/masters/4/4F8A246D-E6B4-47D6-86A7-28A918753C0A_4_5005_c.jpeg"
    ],
    "ultima_modificacion": "2025-08-01 01:01:15.212967"
  },
  "464e058a20ef45629b02d475ea886df845005c.jpeg": {
    "app_sintetizada": "464E058A20EF45629B02D475EA886DF845005C.JPEG",
    "cantidad_archivos": 1,
    "archivos_fuente": [
      "Pictures/Fototeca de Fotos.photoslibrary/resources/derivatives/masters/4/464E058A-20EF-4562-9B02-D475EA886DF8_4_5005_c.jpeg"
    ],
    "ultima_modificacion": "2025-08-01 01:01:15.213454"
  },
  "4f1eaa5269904bc385e36a7b06f0775145005c.jpeg": {
    "app_sintetizada": "4F1EAA5269904BC385E36A7B06F0775145005C.JPEG",
    "cantidad_archivos": 1,
    "archivos_fuente": [
      "Pictures/Fototeca de Fotos.photoslibrary/resources/derivatives/masters/4/4F1EAA52-6990-4BC3-85E3-6A7B06F07751_4_5005_c.jpeg"
    ],
    "ultima_modificacion": "2025-08-01 01:01:15.213728"
  },
  "4e6328d2fbb544dc8170ac8c46066ed345005c.jpeg": {
    "app_sintetizada": "4E6328D2FBB544DC8170AC8C46066ED345005C.JPEG",
    "cantidad_archivos": 1,
    "archivos_fuente": [
      "Pictures/Fototeca de Fotos.photoslibrary/resources/derivatives/masters/4/4E6328D2-FBB5-44DC-8170-AC8C46066ED3_4_5005_c.jpeg"
    ],
    "ultima_modificacion": "2025-08-01 01:01:15.213972"
  },
  "4318374605f84986a598fee4c6fafd8945005c.jpeg": {
    "app_sintetizada": "4318374605F84986A598FEE4C6FAFD8945005C.JPEG",
    "cantidad_archivos": 1,
    "archivos_fuente": [
      "Pictures/Fototeca de Fotos.photoslibrary/resources/derivatives/masters/4/43183746-05F8-4986-A598-FEE4C6FAFD89_4_5005_c.jpeg"
    ],
    "ultima_modificacion": "2025-08-01 01:01:15.214279"
  },
  "4fbb8a6fcde74926b1c6cadc962d59a245005c.jpeg": {
    "app_sintetizada": "4FBB8A6FCDE74926B1C6CADC962D59A245005C.JPEG",
    "cantidad_archivos": 1,
    "archivos_fuente": [
      "Pictures/Fototeca de Fotos.photoslibrary/resources/derivatives/masters/4/4FBB8A6F-CDE7-4926-B1C6-CADC962D59A2_4_5005_c.jpeg"
    ],
    "ultima_modificacion": "2025-08-01 01:01:15.214538"
  },
  "442c22c9f97f4e0e8e981781b87aa98b45005c.jpeg": {
    "app_sintetizada": "442C22C9F97F4E0E8E981781B87AA98B45005C.JPEG",
    "cantidad_archivos": 1,
    "archivos_fuente": [
      "Pictures/Fototeca de Fotos.photoslibrary/resources/derivatives/masters/4/442C22C9-F97F-4E0E-8E98-1781B87AA98B_4_5005_c.jpeg"
    ],
    "ultima_modificacion": "2025-08-01 01:01:15.214793"
  },
  "4b3b16e1872043138a7765e202bbe04145005c.jpeg": {
    "app_sintetizada": "4B3B16E1872043138A7765E202BBE04145005C.JPEG",
    "cantidad_archivos": 1,
    "archivos_fuente": [
      "Pictures/Fototeca de Fotos.photoslibrary/resources/derivatives/masters/4/4B3B16E1-8720-4313-8A77-65E202BBE041_4_5005_c.jpeg"
    ],
    "ultima_modificacion": "2025-08-01 01:01:15.215071"
  },
  "42251d1d3fe5485f92e8fe885b7711ad45005c.jpeg": {
    "app_sintetizada": "42251D1D3FE5485F92E8FE885B7711AD45005C.JPEG",
    "cantidad_archivos": 1,
    "archivos_fuente": [
      "Pictures/Fototeca de Fotos.photoslibrary/resources/derivatives/masters/4/42251D1D-3FE5-485F-92E8-FE885B7711AD_4_5005_c.jpeg"
    ],
    "ultima_modificacion": "2025-08-01 01:01:15.215328"
  },
  "4442789b916741e087b8fddbed6d631e45005c.jpeg": {
    "app_sintetizada": "4442789B916741E087B8FDDBED6D631E45005C.JPEG",
    "cantidad_archivos": 1,
    "archivos_fuente": [
      "Pictures/Fototeca de Fotos.photoslibrary/resources/derivatives/masters/4/4442789B-9167-41E0-87B8-FDDBED6D631E_4_5005_c.jpeg"
    ],
    "ultima_modificacion": "2025-08-01 01:01:15.215630"
  }
}