{
  "ea269d053821418db078e55c94d5a13945005c.jpeg": {
    "app_sintetizada": "EA269D053821418DB078E55C94D5A13945005C.JPEG",
    "cantidad_archivos": 1,
    "archivos_fuente": [
      "Pictures/Fototeca de Fotos.photoslibrary/resources/derivatives/masters/E/EA269D05-3821-418D-B078-E55C94D5A139_4_5005_c.jpeg"
    ],
    "ultima_modificacion": "2025-08-01 01:01:17.206364"
  },
  "e8436c69c46644d4ad685cc9091f6ad945005c.jpeg": {
    "app_sintetizada": "E8436C69C46644D4AD685CC9091F6AD945005C.JPEG",
    "cantidad_archivos": 1,
    "archivos_fuente": [
      "Pictures/Fototeca de Fotos.photoslibrary/resources/derivatives/masters/E/E8436C69-C466-44D4-AD68-5CC9091F6AD9_4_5005_c.jpeg"
    ],
    "ultima_modificacion": "2025-08-01 01:01:17.206690"
  },
  "e33b4514dd954a87ac50ed44bb878fc545005c.jpeg": {
    "app_sintetizada": "E33B4514DD954A87AC50ED44BB878FC545005C.JPEG",
    "cantidad_archivos": 1,
    "archivos_fuente": [
      "Pictures/Fototeca de Fotos.photoslibrary/resources/derivatives/masters/E/E33B4514-DD95-4A87-AC50-ED44BB878FC5_4_5005_c.jpeg"
    ],
    "ultima_modificacion": "2025-08-01 01:01:17.207022"
  },
  "e22ceb3b420e4ed1b15f62d06b473bcf45005c.jpeg": {
    "app_sintetizada": "E22CEB3B420E4ED1B15F62D06B473BCF45005C.JPEG",
    "cantidad_archivos": 1,
    "archivos_fuente": [
      "Pictures/Fototeca de Fotos.photoslibrary/resources/derivatives/masters/E/E22CEB3B-420E-4ED1-B15F-62D06B473BCF_4_5005_c.jpeg"
    ],
    "ultima_modificacion": "2025-08-01 01:01:17.207347"
  },
  "e374cd8d66f74c5abd0eebbbeae7c0f745005c.jpeg": {
    "app_sintetizada": "E374CD8D66F74C5ABD0EEBBBEAE7C0F745005C.JPEG",
    "cantidad_archivos": 1,
    "archivos_fuente": [
      "Pictures/Fototeca de Fotos.photoslibrary/resources/derivatives/masters/E/E374CD8D-66F7-4C5A-BD0E-EBBBEAE7C0F7_4_5005_c.jpeg"
    ],
    "ultima_modificacion": "2025-08-01 01:01:17.207697"
  },
  "ea27083d58d94b079ac6a298903654c345005c.jpeg": {
    "app_sintetizada": "EA27083D58D94B079AC6A298903654C345005C.JPEG",
    "cantidad_archivos": 1,
    "archivos_fuente": [
      "Pictures/Fototeca de Fotos.photoslibrary/resources/derivatives/masters/E/EA27083D-58D9-4B07-9AC6-A298903654C3_4_5005_c.jpeg"
    ],
    "ultima_modificacion": "2025-08-01 01:01:17.208028"
  },
  "e94c8839b68f4b968cf26897089d46ec45005c.jpeg": {
    "app_sintetizada": "E94C8839B68F4B968CF26897089D46EC45005C.JPEG",
    "cantidad_archivos": 1,
    "archivos_fuente": [
      "Pictures/Fototeca de Fotos.photoslibrary/resources/derivatives/masters/E/E94C8839-B68F-4B96-8CF2-6897089D46EC_4_5005_c.jpeg"
    ],
    "ultima_modificacion": "2025-08-01 01:01:17.208436"
  },
  "ebf400196d46421d9b7cbca1b2bc972d45005c.jpeg": {
    "app_sintetizada": "EBF400196D46421D9B7CBCA1B2BC972D45005C.JPEG",
    "cantidad_archivos": 1,
    "archivos_fuente": [
      "Pictures/Fototeca de Fotos.photoslibrary/resources/derivatives/masters/E/EBF40019-6D46-421D-9B7C-BCA1B2BC972D_4_5005_c.jpeg"
    ],
    "ultima_modificacion": "2025-08-01 01:01:17.208789"
  },
  "ecd517d0729641428c26d80e0b6d2fec45005c.jpeg": {
    "app_sintetizada": "ECD517D0729641428C26D80E0B6D2FEC45005C.JPEG",
    "cantidad_archivos": 1,
    "archivos_fuente": [
      "Pictures/Fototeca de Fotos.photoslibrary/resources/derivatives/masters/E/ECD517D0-7296-4142-8C26-D80E0B6D2FEC_4_5005_c.jpeg"
    ],
    "ultima_modificacion": "2025-08-01 01:01:17.209143"
  },
  "e3d8b22487604d3bbff11ff241b086f745005c.jpeg": {
    "app_sintetizada": "E3D8B22487604D3BBFF11FF241B086F745005C.JPEG",
    "cantidad_archivos": 1,
    "archivos_fuente": [
      "Pictures/Fototeca de Fotos.photoslibrary/resources/derivatives/masters/E/E3D8B224-8760-4D3B-BFF1-1FF241B086F7_4_5005_c.jpeg"
    ],
    "ultima_modificacion": "2025-08-01 01:01:17.209515"
  },
  "edab1acdc62c4b00a6a3d5baac41552e45005c.jpeg": {
    "app_sintetizada": "EDAB1ACDC62C4B00A6A3D5BAAC41552E45005C.JPEG",
    "cantidad_archivos": 1,
    "archivos_fuente": [
      "Pictures/Fototeca de Fotos.photoslibrary/resources/derivatives/masters/E/EDAB1ACD-C62C-4B00-A6A3-D5BAAC41552E_4_5005_c.jpeg"
    ],
    "ultima_modificacion": "2025-08-01 01:01:17.209889"
  },
  "e0010aa634df4066a7708d8e26459e6e45005c.jpeg": {
    "app_sintetizada": "E0010AA634DF4066A7708D8E26459E6E45005C.JPEG",
    "cantidad_archivos": 1,
    "archivos_fuente": [
      "Pictures/Fototeca de Fotos.photoslibrary/resources/derivatives/masters/E/E0010AA6-34DF-4066-A770-8D8E26459E6E_4_5005_c.jpeg"
    ],
    "ultima_modificacion": "2025-08-01 01:01:17.210366"
  },
  "e685a56703eb4f68bd9299fd8cbb011145005c.jpeg": {
    "app_sintetizada": "E685A56703EB4F68BD9299FD8CBB011145005C.JPEG",
    "cantidad_archivos": 1,
    "archivos_fuente": [
      "Pictures/Fototeca de Fotos.photoslibrary/resources/derivatives/masters/E/E685A567-03EB-4F68-BD92-99FD8CBB0111_4_5005_c.jpeg"
    ],
    "ultima_modificacion": "2025-08-01 01:01:17.210730"
  },
  "e85d35e2334840d394c05530af80913445005c.jpeg": {
    "app_sintetizada": "E85D35E2334840D394C05530AF80913445005C.JPEG",
    "cantidad_archivos": 1,
    "archivos_fuente": [
      "Pictures/Fototeca de Fotos.photoslibrary/resources/derivatives/masters/E/E85D35E2-3348-40D3-94C0-5530AF809134_4_5005_c.jpeg"
    ],
    "ultima_modificacion": "2025-08-01 01:01:17.211086"
  },
  "efa92e7ed6fc4ac6bce6e11d271110a245005c.jpeg": {
    "app_sintetizada": "EFA92E7ED6FC4AC6BCE6E11D271110A245005C.JPEG",
    "cantidad_archivos": 1,
    "archivos_fuente": [
      "Pictures/Fototeca de Fotos.photoslibrary/resources/derivatives/masters/E/EFA92E7E-D6FC-4AC6-BCE6-E11D271110A2_4_5005_c.jpeg"
    ],
    "ultima_modificacion": "2025-08-01 01:01:17.211404"
  },
  "e2c0a4e0d88b48aab25eb2e30306a90145005c.jpeg": {
    "app_sintetizada": "E2C0A4E0D88B48AAB25EB2E30306A90145005C.JPEG",
    "cantidad_archivos": 1,
    "archivos_fuente": [
      "Pictures/Fototeca de Fotos.photoslibrary/resources/derivatives/masters/E/E2C0A4E0-D88B-48AA-B25E-B2E30306A901_4_5005_c.jpeg"
    ],
    "ultima_modificacion": "2025-08-01 01:01:17.211684"
  },
  "ec734863598642aba0e03187ef51e1ac45005c.jpeg": {
    "app_sintetizada": "EC734863598642ABA0E03187EF51E1AC45005C.JPEG",
    "cantidad_archivos": 1,
    "archivos_fuente": [
      "Pictures/Fototeca de Fotos.photoslibrary/resources/derivatives/masters/E/EC734863-5986-42AB-A0E0-3187EF51E1AC_4_5005_c.jpeg"
    ],
    "ultima_modificacion": "2025-08-01 01:01:17.211945"
  },
  "e4c0f3a757c14c8da44825b94a54d83945005c.jpeg": {
    "app_sintetizada": "E4C0F3A757C14C8DA44825B94A54D83945005C.JPEG",
    "cantidad_archivos": 1,
    "archivos_fuente": [
      "Pictures/Fototeca de Fotos.photoslibrary/resources/derivatives/masters/E/E4C0F3A7-57C1-4C8D-A448-25B94A54D839_4_5005_c.jpeg"
    ],
    "ultima_modificacion": "2025-08-01 01:01:17.212242"
  },
  "e3e98300efc74bfabfb633b17b867b6245005c.jpeg": {
    "app_sintetizada": "E3E98300EFC74BFABFB633B17B867B6245005C.JPEG",
    "cantidad_archivos": 1,
    "archivos_fuente": [
      "Pictures/Fototeca de Fotos.photoslibrary/resources/derivatives/masters/E/E3E98300-EFC7-4BFA-BFB6-33B17B867B62_4_5005_c.jpeg"
    ],
    "ultima_modificacion": "2025-08-01 01:01:17.212513"
  },
  "ecfadd12fa6942668ab4f1e315955d6845005c.jpeg": {
    "app_sintetizada": "ECFADD12FA6942668AB4F1E315955D6845005C.JPEG",
    "cantidad_archivos": 1,
    "archivos_fuente": [
      "Pictures/Fototeca de Fotos.photoslibrary/resources/derivatives/masters/E/ECFADD12-FA69-4266-8AB4-F1E315955D68_4_5005_c.jpeg"
    ],
    "ultima_modificacion": "2025-08-01 01:01:17.212895"
  },
  "eba62aef21da4bbdb48ecb170604971845005c.jpeg": {
    "app_sintetizada": "EBA62AEF21DA4BBDB48ECB170604971845005C.JPEG",
    "cantidad_archivos": 1,
    "archivos_fuente": [
      "Pictures/Fototeca de Fotos.photoslibrary/resources/derivatives/masters/E/EBA62AEF-21DA-4BBD-B48E-CB1706049718_4_5005_c.jpeg"
    ],
    "ultima_modificacion": "2025-08-01 01:01:17.213168"
  },
  "e4056dc0eee24dfc993ff487bed46a2845005c.jpeg": {
    "app_sintetizada": "E4056DC0EEE24DFC993FF487BED46A2845005C.JPEG",
    "cantidad_archivos": 1,
    "archivos_fuente": [
      "Pictures/Fototeca de Fotos.photoslibrary/resources/derivatives/masters/E/E4056DC0-EEE2-4DFC-993F-F487BED46A28_4_5005_c.jpeg"
    ],
    "ultima_modificacion": "2025-08-01 01:01:17.213505"
  },
  "e9cd6cee4b9e45d3a7d7e41edb1164db45005c.jpeg": {
    "app_sintetizada": "E9CD6CEE4B9E45D3A7D7E41EDB1164DB45005C.JPEG",
    "cantidad_archivos": 1,
    "archivos_fuente": [
      "Pictures/Fototeca de Fotos.photoslibrary/resources/derivatives/masters/E/E9CD6CEE-4B9E-45D3-A7D7-E41EDB1164DB_4_5005_c.jpeg"
    ],
    "ultima_modificacion": "2025-08-01 01:01:17.213761"
  },
  "e2c61a8df05541289dca76066415087e45005c.jpeg": {
    "app_sintetizada": "E2C61A8DF05541289DCA76066415087E45005C.JPEG",
    "cantidad_archivos": 1,
    "archivos_fuente": [
      "Pictures/Fototeca de Fotos.photoslibrary/resources/derivatives/masters/E/E2C61A8D-F055-4128-9DCA-76066415087E_4_5005_c.jpeg"
    ],
    "ultima_modificacion": "2025-08-01 01:01:17.214012"
  },
  "e1b7c7506c9846938e44d21a6a89372845005c.jpeg": {
    "app_sintetizada": "E1B7C7506C9846938E44D21A6A89372845005C.JPEG",
    "cantidad_archivos": 1,
    "archivos_fuente": [
      "Pictures/Fototeca de Fotos.photoslibrary/resources/derivatives/masters/E/E1B7C750-6C98-4693-8E44-D21A6A893728_4_5005_c.jpeg"
    ],
    "ultima_modificacion": "2025-08-01 01:01:17.214264"
  },
  "e27f53a7dac94a1dbed152a53bf4a9e945005c.jpeg": {
    "app_sintetizada": "E27F53A7DAC94A1DBED152A53BF4A9E945005C.JPEG",
    "cantidad_archivos": 1,
    "archivos_fuente": [
      "Pictures/Fototeca de Fotos.photoslibrary/resources/derivatives/masters/E/E27F53A7-DAC9-4A1D-BED1-52A53BF4A9E9_4_5005_c.jpeg"
    ],
    "ultima_modificacion": "2025-08-01 01:01:17.214565"
  },
  "eedbf8863f444a3488d62eec33edd9b745005c.jpeg": {
    "app_sintetizada": "EEDBF8863F444A3488D62EEC33EDD9B745005C.JPEG",
    "cantidad_archivos": 1,
    "archivos_fuente": [
      "Pictures/Fototeca de Fotos.photoslibrary/resources/derivatives/masters/E/EEDBF886-3F44-4A34-88D6-2EEC33EDD9B7_4_5005_c.jpeg"
    ],
    "ultima_modificacion": "2025-08-01 01:01:17.214929"
  },
  "eebf26975d5649a28eb2bf4e13b2698545005c.jpeg": {
    "app_sintetizada": "EEBF26975D5649A28EB2BF4E13B2698545005C.JPEG",
    "cantidad_archivos": 1,
    "archivos_fuente": [
      "Pictures/Fototeca de Fotos.photoslibrary/resources/derivatives/masters/E/EEBF2697-5D56-49A2-8EB2-BF4E13B26985_4_5005_c.jpeg"
    ],
    "ultima_modificacion": "2025-08-01 01:01:17.215276"
  },
  "e908bd19fc37478ea37c63d5b94004ea45005c.jpeg": {
    "app_sintetizada": "E908BD19FC37478EA37C63D5B94004EA45005C.JPEG",
    "cantidad_archivos": 1,
    "archivos_fuente": [
      "Pictures/Fototeca de Fotos.photoslibrary/resources/derivatives/masters/E/E908BD19-FC37-478E-A37C-63D5B94004EA_4_5005_c.jpeg"
    ],
    "ultima_modificacion": "2025-08-01 01:01:17.215539"
  },
  "ef977e9a34f7479da64a6a491557560345005c.jpeg": {
    "app_sintetizada": "EF977E9A34F7479DA64A6A491557560345005C.JPEG",
    "cantidad_archivos": 1,
    "archivos_fuente": [
      "Pictures/Fototeca de Fotos.photoslibrary/resources/derivatives/masters/E/EF977E9A-34F7-479D-A64A-6A4915575603_4_5005_c.jpeg"
    ],
    "ultima_modificacion": "2025-08-01 01:01:17.215806"
  },
  "e5d77b71e0444287a956a4b350970ff045005c.jpeg": {
    "app_sintetizada": "E5D77B71E0444287A956A4B350970FF045005C.JPEG",
    "cantidad_archivos": 1,
    "archivos_fuente": [
      "Pictures/Fototeca de Fotos.photoslibrary/resources/derivatives/masters/E/E5D77B71-E044-4287-A956-A4B350970FF0_4_5005_c.jpeg"
    ],
    "ultima_modificacion": "2025-08-01 01:01:17.216160"
  },
  "e91458110b0b4c4199f263d522f6cb7e45005c.jpeg": {
    "app_sintetizada": "E91458110B0B4C4199F263D522F6CB7E45005C.JPEG",
    "cantidad_archivos": 1,
    "archivos_fuente": [
      "Pictures/Fototeca de Fotos.photoslibrary/resources/derivatives/masters/E/E9145811-0B0B-4C41-99F2-63D522F6CB7E_4_5005_c.jpeg"
    ],
    "ultima_modificacion": "2025-08-01 01:01:17.216411"
  },
  "e19742740aa2438a9ce171af090d6a4945005c.jpeg": {
    "app_sintetizada": "E19742740AA2438A9CE171AF090D6A4945005C.JPEG",
    "cantidad_archivos": 1,
    "archivos_fuente": [
      "Pictures/Fototeca de Fotos.photoslibrary/resources/derivatives/masters/E/E1974274-0AA2-438A-9CE1-71AF090D6A49_4_5005_c.jpeg"
    ],
    "ultima_modificacion": "2025-08-01 01:01:17.216735"
  },
  "ebf0082bf7474489a19050151de0aa1545005c.jpeg": {
    "app_sintetizada": "EBF0082BF7474489A19050151DE0AA1545005C.JPEG",
    "cantidad_archivos": 1,
    "archivos_fuente": [
      "Pictures/Fototeca de Fotos.photoslibrary/resources/derivatives/masters/E/EBF0082B-F747-4489-A190-50151DE0AA15_4_5005_c.jpeg"
    ],
    "ultima_modificacion": "2025-08-01 01:01:17.217003"
  },
  "ea1642d34bf4491c95f6ba2319c5be3d45005c.jpeg": {
    "app_sintetizada": "EA1642D34BF4491C95F6BA2319C5BE3D45005C.JPEG",
    "cantidad_archivos": 1,
    "archivos_fuente": [
      "Pictures/Fototeca de Fotos.photoslibrary/resources/derivatives/masters/E/EA1642D3-4BF4-491C-95F6-BA2319C5BE3D_4_5005_c.jpeg"
    ],
    "ultima_modificacion": "2025-08-01 01:01:17.217300"
  },
  "ecac9745242f409c80a5a1d77db6f85e45005c.jpeg": {
    "app_sintetizada": "ECAC9745242F409C80A5A1D77DB6F85E45005C.JPEG",
    "cantidad_archivos": 1,
    "archivos_fuente": [
      "Pictures/Fototeca de Fotos.photoslibrary/resources/derivatives/masters/E/ECAC9745-242F-409C-80A5-A1D77DB6F85E_4_5005_c.jpeg"
    ],
    "ultima_modificacion": "2025-08-01 01:01:17.217534"
  },
  "ee7c3f662b1044089aafdfe583763f3e45005c.jpeg": {
    "app_sintetizada": "EE7C3F662B1044089AAFDFE583763F3E45005C.JPEG",
    "cantidad_archivos": 1,
    "archivos_fuente": [
      "Pictures/Fototeca de Fotos.photoslibrary/resources/derivatives/masters/E/EE7C3F66-2B10-4408-9AAF-DFE583763F3E_4_5005_c.jpeg"
    ],
    "ultima_modificacion": "2025-08-01 01:01:17.217743"
  },
  "e0fcebd498ee4b7fb828d52ad80294ac45005c.jpeg": {
    "app_sintetizada": "E0FCEBD498EE4B7FB828D52AD80294AC45005C.JPEG",
    "cantidad_archivos": 1,
    "archivos_fuente": [
      "Pictures/Fototeca de Fotos.photoslibrary/resources/derivatives/masters/E/E0FCEBD4-98EE-4B7F-B828-D52AD80294AC_4_5005_c.jpeg"
    ],
    "ultima_modificacion": "2025-08-01 01:01:17.217993"
  },
  "eb1d70e6156442b2997510df60fcee7c45005c.jpeg": {
    "app_sintetizada": "EB1D70E6156442B2997510DF60FCEE7C45005C.JPEG",
    "cantidad_archivos": 1,
    "archivos_fuente": [
      "Pictures/Fototeca de Fotos.photoslibrary/resources/derivatives/masters/E/EB1D70E6-1564-42B2-9975-10DF60FCEE7C_4_5005_c.jpeg"
    ],
    "ultima_modificacion": "2025-08-01 01:01:17.218255"
  },
  "e89de13cdfd24067b28742021cc7a07445005c.jpeg": {
    "app_sintetizada": "E89DE13CDFD24067B28742021CC7A07445005C.JPEG",
    "cantidad_archivos": 1,
    "archivos_fuente": [
      "Pictures/Fototeca de Fotos.photoslibrary/resources/derivatives/masters/E/E89DE13C-DFD2-4067-B287-42021CC7A074_4_5005_c.jpeg"
    ],
    "ultima_modificacion": "2025-08-01 01:01:17.218523"
  },
  "ec01caf2b81f4887aba478f66d436cf345005c.jpeg": {
    "app_sintetizada": "EC01CAF2B81F4887ABA478F66D436CF345005C.JPEG",
    "cantidad_archivos": 1,
    "archivos_fuente": [
      "Pictures/Fototeca de Fotos.photoslibrary/resources/derivatives/masters/E/EC01CAF2-B81F-4887-ABA4-78F66D436CF3_4_5005_c.jpeg"
    ],
    "ultima_modificacion": "2025-08-01 01:01:17.218787"
  },
  "eb1cc412e92b43949e7d18d8472f75f945005c.jpeg": {
    "app_sintetizada": "EB1CC412E92B43949E7D18D8472F75F945005C.JPEG",
    "cantidad_archivos": 1,
    "archivos_fuente": [
      "Pictures/Fototeca de Fotos.photoslibrary/resources/derivatives/masters/E/EB1CC412-E92B-4394-9E7D-18D8472F75F9_4_5005_c.jpeg"
    ],
    "ultima_modificacion": "2025-08-01 01:01:17.219094"
  },
  "e8759bc209174640bc20d5a2770b974945005c.jpeg": {
    "app_sintetizada": "E8759BC209174640BC20D5A2770B974945005C.JPEG",
    "cantidad_archivos": 1,
    "archivos_fuente": [
      "Pictures/Fototeca de Fotos.photoslibrary/resources/derivatives/masters/E/E8759BC2-0917-4640-BC20-D5A2770B9749_4_5005_c.jpeg"
    ],
    "ultima_modificacion": "2025-08-01 01:01:17.219394"
  },
  "e4b0291f66944b82847b47dc843f960745005c.jpeg": {
    "app_sintetizada": "E4B0291F66944B82847B47DC843F960745005C.JPEG",
    "cantidad_archivos": 1,
    "archivos_fuente": [
      "Pictures/Fototeca de Fotos.photoslibrary/resources/derivatives/masters/E/E4B0291F-6694-4B82-847B-47DC843F9607_4_5005_c.jpeg"
    ],
    "ultima_modificacion": "2025-08-01 01:01:17.219724"
  },
  "e45ce9f9190f4733aa35f45d1170f13d45005c.jpeg": {
    "app_sintetizada": "E45CE9F9190F4733AA35F45D1170F13D45005C.JPEG",
    "cantidad_archivos": 1,
    "archivos_fuente": [
      "Pictures/Fototeca de Fotos.photoslibrary/resources/derivatives/masters/E/E45CE9F9-190F-4733-AA35-F45D1170F13D_4_5005_c.jpeg"
    ],
    "ultima_modificacion": "2025-08-01 01:01:17.220048"
  },
  "eec75cbe24fb45b992ab55a696697aa745005c.jpeg": {
    "app_sintetizada": "EEC75CBE24FB45B992AB55A696697AA745005C.JPEG",
    "cantidad_archivos": 1,
    "archivos_fuente": [
      "Pictures/Fototeca de Fotos.photoslibrary/resources/derivatives/masters/E/EEC75CBE-24FB-45B9-92AB-55A696697AA7_4_5005_c.jpeg"
    ],
    "ultima_modificacion": "2025-08-01 01:01:17.220317"
  },
  "ebd154d95ed44518a54f82692f59284d45005c.jpeg": {
    "app_sintetizada": "EBD154D95ED44518A54F82692F59284D45005C.JPEG",
    "cantidad_archivos": 1,
    "archivos_fuente": [
      "Pictures/Fototeca de Fotos.photoslibrary/resources/derivatives/masters/E/EBD154D9-5ED4-4518-A54F-82692F59284D_4_5005_c.jpeg"
    ],
    "ultima_modificacion": "2025-08-01 01:01:17.220601"
  },
  "efb1fe1918a7440a85fbe0c17e9c0eeb45005c.jpeg": {
    "app_sintetizada": "EFB1FE1918A7440A85FBE0C17E9C0EEB45005C.JPEG",
    "cantidad_archivos": 1,
    "archivos_fuente": [
      "Pictures/Fototeca de Fotos.photoslibrary/resources/derivatives/masters/E/EFB1FE19-18A7-440A-85FB-E0C17E9C0EEB_4_5005_c.jpeg"
    ],
    "ultima_modificacion": "2025-08-01 01:01:17.220830"
  },
  "ec4691a713504371933242172caa3fb345005c.jpeg": {
    "app_sintetizada": "EC4691A713504371933242172CAA3FB345005C.JPEG",
    "cantidad_archivos": 1,
    "archivos_fuente": [
      "Pictures/Fototeca de Fotos.photoslibrary/resources/derivatives/masters/E/EC4691A7-1350-4371-9332-42172CAA3FB3_4_5005_c.jpeg"
    ],
    "ultima_modificacion": "2025-08-01 01:01:17.221087"
  },
  "eb03465b5818465eb377ed6661f70fe145005c.jpeg": {
    "app_sintetizada": "EB03465B5818465EB377ED6661F70FE145005C.JPEG",
    "cantidad_archivos": 1,
    "archivos_fuente": [
      "Pictures/Fototeca de Fotos.photoslibrary/resources/derivatives/masters/E/EB03465B-5818-465E-B377-ED6661F70FE1_4_5005_c.jpeg"
    ],
    "ultima_modificacion": "2025-08-01 01:01:17.221352"
  },
  "ef95780b4aae4c1da01d1196104efa2145005c.jpeg": {
    "app_sintetizada": "EF95780B4AAE4C1DA01D1196104EFA2145005C.JPEG",
    "cantidad_archivos": 1,
    "archivos_fuente": [
      "Pictures/Fototeca de Fotos.photoslibrary/resources/derivatives/masters/E/EF95780B-4AAE-4C1D-A01D-1196104EFA21_4_5005_c.jpeg"
    ],
    "ultima_modificacion": "2025-08-01 01:01:17.221647"
  },
  "eaa4444e5edf4b6cb2eaeab9034836df45005c.jpeg": {
    "app_sintetizada": "EAA4444E5EDF4B6CB2EAEAB9034836DF45005C.JPEG",
    "cantidad_archivos": 1,
    "archivos_fuente": [
      "Pictures/Fototeca de Fotos.photoslibrary/resources/derivatives/masters/E/EAA4444E-5EDF-4B6C-B2EA-EAB9034836DF_4_5005_c.jpeg"
    ],
    "ultima_modificacion": "2025-08-01 01:01:17.221862"
  },
  "e630b3029b5f43fb8637acc356d383bd45005c.jpeg": {
    "app_sintetizada": "E630B3029B5F43FB8637ACC356D383BD45005C.JPEG",
    "cantidad_archivos": 1,
    "archivos_fuente": [
      "Pictures/Fototeca de Fotos.photoslibrary/resources/derivatives/masters/E/E630B302-9B5F-43FB-8637-ACC356D383BD_4_5005_c.jpeg"
    ],
    "ultima_modificacion": "2025-08-01 01:01:17.222073"
  },
  "e7263bd9afa94a81a0bc3fd8d0f98dfa45005c.jpeg": {
    "app_sintetizada": "E7263BD9AFA94A81A0BC3FD8D0F98DFA45005C.JPEG",
    "cantidad_archivos": 1,
    "archivos_fuente": [
      "Pictures/Fototeca de Fotos.photoslibrary/resources/derivatives/masters/E/E7263BD9-AFA9-4A81-A0BC-3FD8D0F98DFA_4_5005_c.jpeg"
    ],
    "ultima_modificacion": "2025-08-01 01:01:17.222265"
  },
  "e4ac38a37b184a7e9573ec56e360185545005c.jpeg": {
    "app_sintetizada": "E4AC38A37B184A7E9573EC56E360185545005C.JPEG",
    "cantidad_archivos": 1,
    "archivos_fuente": [
      "Pictures/Fototeca de Fotos.photoslibrary/resources/derivatives/masters/E/E4AC38A3-7B18-4A7E-9573-EC56E3601855_4_5005_c.jpeg"
    ],
    "ultima_modificacion": "2025-08-01 01:01:17.222490"
  },
  "e6ea90d6445f4340af3d7e77ca5469d745005c.jpeg": {
    "app_sintetizada": "E6EA90D6445F4340AF3D7E77CA5469D745005C.JPEG",
    "cantidad_archivos": 1,
    "archivos_fuente": [
      "Pictures/Fototeca de Fotos.photoslibrary/resources/derivatives/masters/E/E6EA90D6-445F-4340-AF3D-7E77CA5469D7_4_5005_c.jpeg"
    ],
    "ultima_modificacion": "2025-08-01 01:01:17.222690"
  },
  "eb596996359a468cb060c1af8d4d977745005c.jpeg": {
    "app_sintetizada": "EB596996359A468CB060C1AF8D4D977745005C.JPEG",
    "cantidad_archivos": 1,
    "archivos_fuente": [
      "Pictures/Fototeca de Fotos.photoslibrary/resources/derivatives/masters/E/EB596996-359A-468C-B060-C1AF8D4D9777_4_5005_c.jpeg"
    ],
    "ultima_modificacion": "2025-08-01 01:01:17.222893"
  },
  "e7e489adfa2b41e69177a391c162567f45005c.jpeg": {
    "app_sintetizada": "E7E489ADFA2B41E69177A391C162567F45005C.JPEG",
    "cantidad_archivos": 1,
    "archivos_fuente": [
      "Pictures/Fototeca de Fotos.photoslibrary/resources/derivatives/masters/E/E7E489AD-FA2B-41E6-9177-A391C162567F_4_5005_c.jpeg"
    ],
    "ultima_modificacion": "2025-08-01 01:01:17.223085"
  },
  "e18c49ca5ff4403da96c4c0951261ed545005c.jpeg": {
    "app_sintetizada": "E18C49CA5FF4403DA96C4C0951261ED545005C.JPEG",
    "cantidad_archivos": 1,
    "archivos_fuente": [
      "Pictures/Fototeca de Fotos.photoslibrary/resources/derivatives/masters/E/E18C49CA-5FF4-403D-A96C-4C0951261ED5_4_5005_c.jpeg"
    ],
    "ultima_modificacion": "2025-08-01 01:01:17.223272"
  },
  "e23bd6a3063e4cec87318ad7501a6fa245005c.jpeg": {
    "app_sintetizada": "E23BD6A3063E4CEC87318AD7501A6FA245005C.JPEG",
    "cantidad_archivos": 1,
    "archivos_fuente": [
      "Pictures/Fototeca de Fotos.photoslibrary/resources/derivatives/masters/E/E23BD6A3-063E-4CEC-8731-8AD7501A6FA2_4_5005_c.jpeg"
    ],
    "ultima_modificacion": "2025-08-01 01:01:17.223473"
  },
  "e910415007724df2979bf6c014e0cb3a45005c.jpeg": {
    "app_sintetizada": "E910415007724DF2979BF6C014E0CB3A45005C.JPEG",
    "cantidad_archivos": 1,
    "archivos_fuente": [
      "Pictures/Fototeca de Fotos.photoslibrary/resources/derivatives/masters/E/E9104150-0772-4DF2-979B-F6C014E0CB3A_4_5005_c.jpeg"
    ],
    "ultima_modificacion": "2025-08-01 01:01:17.223718"
  },
  "e4c74b566d7b4492856acf9762c78da045005c.jpeg": {
    "app_sintetizada": "E4C74B566D7B4492856ACF9762C78DA045005C.JPEG",
    "cantidad_archivos": 1,
    "archivos_fuente": [
      "Pictures/Fototeca de Fotos.photoslibrary/resources/derivatives/masters/E/E4C74B56-6D7B-4492-856A-CF9762C78DA0_4_5005_c.jpeg"
    ],
    "ultima_modificacion": "2025-08-01 01:01:17.224043"
  },
  "e557bd36c54743349f586f98eb9ab52245005c.jpeg": {
    "app_sintetizada": "E557BD36C54743349F586F98EB9AB52245005C.JPEG",
    "cantidad_archivos": 1,
    "archivos_fuente": [
      "Pictures/Fototeca de Fotos.photoslibrary/resources/derivatives/masters/E/E557BD36-C547-4334-9F58-6F98EB9AB522_4_5005_c.jpeg"
    ],
    "ultima_modificacion": "2025-08-01 01:01:17.224384"
  },
  "e05f26006ce04e8bafabe7c9ebad0c5445005c.jpeg": {
    "app_sintetizada": "E05F26006CE04E8BAFABE7C9EBAD0C5445005C.JPEG",
    "cantidad_archivos": 1,
    "archivos_fuente": [
      "Pictures/Fototeca de Fotos.photoslibrary/resources/derivatives/masters/E/E05F2600-6CE0-4E8B-AFAB-E7C9EBAD0C54_4_5005_c.jpeg"
    ],
    "ultima_modificacion": "2025-08-01 01:01:17.224693"
  },
  "e0193b2a09134d18973ba687759e9bae45005c.jpeg": {
    "app_sintetizada": "E0193B2A09134D18973BA687759E9BAE45005C.JPEG",
    "cantidad_archivos": 1,
    "archivos_fuente": [
      "Pictures/Fototeca de Fotos.photoslibrary/resources/derivatives/masters/E/E0193B2A-0913-4D18-973B-A687759E9BAE_4_5005_c.jpeg"
    ],
    "ultima_modificacion": "2025-08-01 01:01:17.224982"
  },
  "e646e874080c40c581a72f020068b1bb45005c.jpeg": {
    "app_sintetizada": "E646E874080C40C581A72F020068B1BB45005C.JPEG",
    "cantidad_archivos": 1,
    "archivos_fuente": [
      "Pictures/Fototeca de Fotos.photoslibrary/resources/derivatives/masters/E/E646E874-080C-40C5-81A7-2F020068B1BB_4_5005_c.jpeg"
    ],
    "ultima_modificacion": "2025-08-01 01:01:17.225208"
  },
  "edb49f85cd85428f896b996d3e747b6045005c.jpeg": {
    "app_sintetizada": "EDB49F85CD85428F896B996D3E747B6045005C.JPEG",
    "cantidad_archivos": 1,
    "archivos_fuente": [
      "Pictures/Fototeca de Fotos.photoslibrary/resources/derivatives/masters/E/EDB49F85-CD85-428F-896B-996D3E747B60_4_5005_c.jpeg"
    ],
    "ultima_modificacion": "2025-08-01 01:01:17.225431"
  },
  "e0287c5749c74cd383a74b5cfbb1d2eb45005c.jpeg": {
    "app_sintetizada": "E0287C5749C74CD383A74B5CFBB1D2EB45005C.JPEG",
    "cantidad_archivos": 1,
    "archivos_fuente": [
      "Pictures/Fototeca de Fotos.photoslibrary/resources/derivatives/masters/E/E0287C57-49C7-4CD3-83A7-4B5CFBB1D2EB_4_5005_c.jpeg"
    ],
    "ultima_modificacion": "2025-08-01 01:01:17.225658"
  },
  "efbd1ededde74bd199fcd7af4d345e7445005c.jpeg": {
    "app_sintetizada": "EFBD1EDEDDE74BD199FCD7AF4D345E7445005C.JPEG",
    "cantidad_archivos": 1,
    "archivos_fuente": [
      "Pictures/Fototeca de Fotos.photoslibrary/resources/derivatives/masters/E/EFBD1EDE-DDE7-4BD1-99FC-D7AF4D345E74_4_5005_c.jpeg"
    ],
    "ultima_modificacion": "2025-08-01 01:01:17.225885"
  },
  "e8fda913fa8f41d9bf3117b1a4caf2e545005c.jpeg": {
    "app_sintetizada": "E8FDA913FA8F41D9BF3117B1A4CAF2E545005C.JPEG",
    "cantidad_archivos": 1,
    "archivos_fuente": [
      "Pictures/Fototeca de Fotos.photoslibrary/resources/derivatives/masters/E/E8FDA913-FA8F-41D9-BF31-17B1A4CAF2E5_4_5005_c.jpeg"
    ],
    "ultima_modificacion": "2025-08-01 01:01:17.226102"
  },
  "efde982154944d05bb4a8abcbe98bb6b45005c.jpeg": {
    "app_sintetizada": "EFDE982154944D05BB4A8ABCBE98BB6B45005C.JPEG",
    "cantidad_archivos": 1,
    "archivos_fuente": [
      "Pictures/Fototeca de Fotos.photoslibrary/resources/derivatives/masters/E/EFDE9821-5494-4D05-BB4A-8ABCBE98BB6B_4_5005_c.jpeg"
    ],
    "ultima_modificacion": "2025-08-01 01:01:17.226331"
  },
  "e7f7feff6a6b4577a55db6fc30f0eaa445005c.jpeg": {
    "app_sintetizada": "E7F7FEFF6A6B4577A55DB6FC30F0EAA445005C.JPEG",
    "cantidad_archivos": 1,
    "archivos_fuente": [
      "Pictures/Fototeca de Fotos.photoslibrary/resources/derivatives/masters/E/E7F7FEFF-6A6B-4577-A55D-B6FC30F0EAA4_4_5005_c.jpeg"
    ],
    "ultima_modificacion": "2025-08-01 01:01:17.226678"
  },
  "e98647faeb5747cd987204ce2822a2e145005c.jpeg": {
    "app_sintetizada": "E98647FAEB5747CD987204CE2822A2E145005C.JPEG",
    "cantidad_archivos": 1,
    "archivos_fuente": [
      "Pictures/Fototeca de Fotos.photoslibrary/resources/derivatives/masters/E/E98647FA-EB57-47CD-9872-04CE2822A2E1_4_5005_c.jpeg"
    ],
    "ultima_modificacion": "2025-08-01 01:01:17.226951"
  },
  "eb81ee16874e444a883d928faf0acb6645005c.jpeg": {
    "app_sintetizada": "EB81EE16874E444A883D928FAF0ACB6645005C.JPEG",
    "cantidad_archivos": 1,
    "archivos_fuente": [
      "Pictures/Fototeca de Fotos.photoslibrary/resources/derivatives/masters/E/EB81EE16-874E-444A-883D-928FAF0ACB66_4_5005_c.jpeg"
    ],
    "ultima_modificacion": "2025-08-01 01:01:17.227265"
  },
  "e808ad12fca04da5b9ddbce0344df7f445005c.jpeg": {
    "app_sintetizada": "E808AD12FCA04DA5B9DDBCE0344DF7F445005C.JPEG",
    "cantidad_archivos": 1,
    "archivos_fuente": [
      "Pictures/Fototeca de Fotos.photoslibrary/resources/derivatives/masters/E/E808AD12-FCA0-4DA5-B9DD-BCE0344DF7F4_4_5005_c.jpeg"
    ],
    "ultima_modificacion": "2025-08-01 01:01:17.227529"
  },
  "eadec65a171b4920a929770f9e9129f945005c.jpeg": {
    "app_sintetizada": "EADEC65A171B4920A929770F9E9129F945005C.JPEG",
    "cantidad_archivos": 1,
    "archivos_fuente": [
      "Pictures/Fototeca de Fotos.photoslibrary/resources/derivatives/masters/E/EADEC65A-171B-4920-A929-770F9E9129F9_4_5005_c.jpeg"
    ],
    "ultima_modificacion": "2025-08-01 01:01:17.227879"
  },
  "e7548e44f42d42eb931aea9037abba2c45005c.jpeg": {
    "app_sintetizada": "E7548E44F42D42EB931AEA9037ABBA2C45005C.JPEG",
    "cantidad_archivos": 1,
    "archivos_fuente": [
      "Pictures/Fototeca de Fotos.photoslibrary/resources/derivatives/masters/E/E7548E44-F42D-42EB-931A-EA9037ABBA2C_4_5005_c.jpeg"
    ],
    "ultima_modificacion": "2025-08-01 01:01:17.228141"
  },
  "e23eff8ac29d4e7c8b15e9169f5e6b5545005c.jpeg": {
    "app_sintetizada": "E23EFF8AC29D4E7C8B15E9169F5E6B5545005C.JPEG",
    "cantidad_archivos": 1,
    "archivos_fuente": [
      "Pictures/Fototeca de Fotos.photoslibrary/resources/derivatives/masters/E/E23EFF8A-C29D-4E7C-8B15-E9169F5E6B55_4_5005_c.jpeg"
    ],
    "ultima_modificacion": "2025-08-01 01:01:17.228453"
  },
  "eaf3544284254d05916e016643929a9e45005c.jpeg": {
    "app_sintetizada": "EAF3544284254D05916E016643929A9E45005C.JPEG",
    "cantidad_archivos": 1,
    "archivos_fuente": [
      "Pictures/Fototeca de Fotos.photoslibrary/resources/derivatives/masters/E/EAF35442-8425-4D05-916E-016643929A9E_4_5005_c.jpeg"
    ],
    "ultima_modificacion": "2025-08-01 01:01:17.228780"
  },
  "e2fad907982c4178b09297dc17e0801a45005c.jpeg": {
    "app_sintetizada": "E2FAD907982C4178B09297DC17E0801A45005C.JPEG",
    "cantidad_archivos": 1,
    "archivos_fuente": [
      "Pictures/Fototeca de Fotos.photoslibrary/resources/derivatives/masters/E/E2FAD907-982C-4178-B092-97DC17E0801A_4_5005_c.jpeg"
    ],
    "ultima_modificacion": "2025-08-01 01:01:17.229035"
  },
  "eafe0eac0288425bac466254becc894345005c.jpeg": {
    "app_sintetizada": "EAFE0EAC0288425BAC466254BECC894345005C.JPEG",
    "cantidad_archivos": 1,
    "archivos_fuente": [
      "Pictures/Fototeca de Fotos.photoslibrary/resources/derivatives/masters/E/EAFE0EAC-0288-425B-AC46-6254BECC8943_4_5005_c.jpeg"
    ],
    "ultima_modificacion": "2025-08-01 01:01:17.229301"
  },
  "ebb136762d6345ba8dc1e9ad9b32dcee45005c.jpeg": {
    "app_sintetizada": "EBB136762D6345BA8DC1E9AD9B32DCEE45005C.JPEG",
    "cantidad_archivos": 1,
    "archivos_fuente": [
      "Pictures/Fototeca de Fotos.photoslibrary/resources/derivatives/masters/E/EBB13676-2D63-45BA-8DC1-E9AD9B32DCEE_4_5005_c.jpeg"
    ],
    "ultima_modificacion": "2025-08-01 01:01:17.229593"
  },
  "eed41cb9c1a347f3acc7a3a730559fcd45005c.jpeg": {
    "app_sintetizada": "EED41CB9C1A347F3ACC7A3A730559FCD45005C.JPEG",
    "cantidad_archivos": 1,
    "archivos_fuente": [
      "Pictures/Fototeca de Fotos.photoslibrary/resources/derivatives/masters/E/EED41CB9-C1A3-47F3-ACC7-A3A730559FCD_4_5005_c.jpeg"
    ],
    "ultima_modificacion": "2025-08-01 01:01:17.229848"
  },
  "e7465c73ed4c4223b3cc7dfcdb03666845005c.jpeg": {
    "app_sintetizada": "E7465C73ED4C4223B3CC7DFCDB03666845005C.JPEG",
    "cantidad_archivos": 1,
    "archivos_fuente": [
      "Pictures/Fototeca de Fotos.photoslibrary/resources/derivatives/masters/E/E7465C73-ED4C-4223-B3CC-7DFCDB036668_4_5005_c.jpeg"
    ],
    "ultima_modificacion": "2025-08-01 01:01:17.230140"
  },
  "edbee7d6222141758dbd4d1833d3cc2e45005c.jpeg": {
    "app_sintetizada": "EDBEE7D6222141758DBD4D1833D3CC2E45005C.JPEG",
    "cantidad_archivos": 1,
    "archivos_fuente": [
      "Pictures/Fototeca de Fotos.photoslibrary/resources/derivatives/masters/E/EDBEE7D6-2221-4175-8DBD-4D1833D3CC2E_4_5005_c.jpeg"
    ],
    "ultima_modificacion": "2025-08-01 01:01:17.230441"
  },
  "e1dd41c6144b4a8bbf26301074add5f145005c.jpeg": {
    "app_sintetizada": "E1DD41C6144B4A8BBF26301074ADD5F145005C.JPEG",
    "cantidad_archivos": 1,
    "archivos_fuente": [
      "Pictures/Fototeca de Fotos.photoslibrary/resources/derivatives/masters/E/E1DD41C6-144B-4A8B-BF26-301074ADD5F1_4_5005_c.jpeg"
    ],
    "ultima_modificacion": "2025-08-01 01:01:17.230702"
  },
  "e543fcf183264601a017c3da07b0cda245005c.jpeg": {
    "app_sintetizada": "E543FCF183264601A017C3DA07B0CDA245005C.JPEG",
    "cantidad_archivos": 1,
    "archivos_fuente": [
      "Pictures/Fototeca de Fotos.photoslibrary/resources/derivatives/masters/E/E543FCF1-8326-4601-A017-C3DA07B0CDA2_4_5005_c.jpeg"
    ],
    "ultima_modificacion": "2025-08-01 01:01:17.230945"
  },
  "ec3216886f714e84b78b1674bd97161145005c.jpeg": {
    "app_sintetizada": "EC3216886F714E84B78B1674BD97161145005C.JPEG",
    "cantidad_archivos": 1,
    "archivos_fuente": [
      "Pictures/Fototeca de Fotos.photoslibrary/resources/derivatives/masters/E/EC321688-6F71-4E84-B78B-1674BD971611_4_5005_c.jpeg"
    ],
    "ultima_modificacion": "2025-08-01 01:01:17.231287"
  },
  "e1f1dde0a69d4b50bc6dacadc9d2c4c945005c.jpeg": {
    "app_sintetizada": "E1F1DDE0A69D4B50BC6DACADC9D2C4C945005C.JPEG",
    "cantidad_archivos": 1,
    "archivos_fuente": [
      "Pictures/Fototeca de Fotos.photoslibrary/resources/derivatives/masters/E/E1F1DDE0-A69D-4B50-BC6D-ACADC9D2C4C9_4_5005_c.jpeg"
    ],
    "ultima_modificacion": "2025-08-01 01:01:17.231522"
  },
  "e887f4c1c93d48c9a2d215840319f3fd45005c.jpeg": {
    "app_sintetizada": "E887F4C1C93D48C9A2D215840319F3FD45005C.JPEG",
    "cantidad_archivos": 1,
    "archivos_fuente": [
      "Pictures/Fototeca de Fotos.photoslibrary/resources/derivatives/masters/E/E887F4C1-C93D-48C9-A2D2-15840319F3FD_4_5005_c.jpeg"
    ],
    "ultima_modificacion": "2025-08-01 01:01:17.231727"
  },
  "e1eaff3ff5fe43138ac0cc8af1feeb2545005c.jpeg": {
    "app_sintetizada": "E1EAFF3FF5FE43138AC0CC8AF1FEEB2545005C.JPEG",
    "cantidad_archivos": 1,
    "archivos_fuente": [
      "Pictures/Fototeca de Fotos.photoslibrary/resources/derivatives/masters/E/E1EAFF3F-F5FE-4313-8AC0-CC8AF1FEEB25_4_5005_c.jpeg"
    ],
    "ultima_modificacion": "2025-08-01 01:01:17.231924"
  },
  "e97a6c43dbdb41c8abfe3955df7bb60545005c.jpeg": {
    "app_sintetizada": "E97A6C43DBDB41C8ABFE3955DF7BB60545005C.JPEG",
    "cantidad_archivos": 1,
    "archivos_fuente": [
      "Pictures/Fototeca de Fotos.photoslibrary/resources/derivatives/masters/E/E97A6C43-DBDB-41C8-ABFE-3955DF7BB605_4_5005_c.jpeg"
    ],
    "ultima_modificacion": "2025-08-01 01:01:17.232134"
  },
  "e4cfce47f4c04d648b8134b20443163a45005c.jpeg": {
    "app_sintetizada": "E4CFCE47F4C04D648B8134B20443163A45005C.JPEG",
    "cantidad_archivos": 1,
    "archivos_fuente": [
      "Pictures/Fototeca de Fotos.photoslibrary/resources/derivatives/masters/E/E4CFCE47-F4C0-4D64-8B81-34B20443163A_4_5005_c.jpeg"
    ],
    "ultima_modificacion": "2025-08-01 01:01:17.232348"
  },
  "ec6b15862cf04ab9aa6cc93f38f1e8a545005c.jpeg": {
    "app_sintetizada": "EC6B15862CF04AB9AA6CC93F38F1E8A545005C.JPEG",
    "cantidad_archivos": 1,
    "archivos_fuente": [
      "Pictures/Fototeca de Fotos.photoslibrary/resources/derivatives/masters/E/EC6B1586-2CF0-4AB9-AA6C-C93F38F1E8A5_4_5005_c.jpeg"
    ],
    "ultima_modificacion": "2025-08-01 01:01:17.232541"
  },
  "e0458bd8be2a4f99b024a08f68037f7345005c.jpeg": {
    "app_sintetizada": "E0458BD8BE2A4F99B024A08F68037F7345005C.JPEG",
    "cantidad_archivos": 1,
    "archivos_fuente": [
      "Pictures/Fototeca de Fotos.photoslibrary/resources/derivatives/masters/E/E0458BD8-BE2A-4F99-B024-A08F68037F73_4_5005_c.jpeg"
    ],
    "ultima_modificacion": "2025-08-01 01:01:17.232726"
  },
  "e0c73301198a4dc6aaf4111990f7a84245005c.jpeg": {
    "app_sintetizada": "E0C73301198A4DC6AAF4111990F7A84245005C.JPEG",
    "cantidad_archivos": 1,
    "archivos_fuente": [
      "Pictures/Fototeca de Fotos.photoslibrary/resources/derivatives/masters/E/E0C73301-198A-4DC6-AAF4-111990F7A842_4_5005_c.jpeg"
    ],
    "ultima_modificacion": "2025-08-01 01:01:17.232906"
  },
  "e5d4694846fd4883b7328e532e793da745005c.jpeg": {
    "app_sintetizada": "E5D4694846FD4883B7328E532E793DA745005C.JPEG",
    "cantidad_archivos": 1,
    "archivos_fuente": [
      "Pictures/Fototeca de Fotos.photoslibrary/resources/derivatives/masters/E/E5D46948-46FD-4883-B732-8E532E793DA7_4_5005_c.jpeg"
    ],
    "ultima_modificacion": "2025-08-01 01:01:17.233100"
  },
  "ec6f4097692944ebb142ba366c9a874645005c.jpeg": {
    "app_sintetizada": "EC6F4097692944EBB142BA366C9A874645005C.JPEG",
    "cantidad_archivos": 1,
    "archivos_fuente": [
      "Pictures/Fototeca de Fotos.photoslibrary/resources/derivatives/masters/E/EC6F4097-6929-44EB-B142-BA366C9A8746_4_5005_c.jpeg"
    ],
    "ultima_modificacion": "2025-08-01 01:01:17.233285"
  },
  "efc8c57a447e45ed999c4f6e7fe6151545005c.jpeg": {
    "app_sintetizada": "EFC8C57A447E45ED999C4F6E7FE6151545005C.JPEG",
    "cantidad_archivos": 1,
    "archivos_fuente": [
      "Pictures/Fototeca de Fotos.photoslibrary/resources/derivatives/masters/E/EFC8C57A-447E-45ED-999C-4F6E7FE61515_4_5005_c.jpeg"
    ],
    "ultima_modificacion": "2025-08-01 01:01:17.233465"
  },
  "e7d58d6b91264cde84cd18662272904945005c.jpeg": {
    "app_sintetizada": "E7D58D6B91264CDE84CD18662272904945005C.JPEG",
    "cantidad_archivos": 1,
    "archivos_fuente": [
      "Pictures/Fototeca de Fotos.photoslibrary/resources/derivatives/masters/E/E7D58D6B-9126-4CDE-84CD-186622729049_4_5005_c.jpeg"
    ],
    "ultima_modificacion": "2025-08-01 01:01:17.233706"
  }
}