{
  "7e9170d2e52547c7b34ebda1fa1704ee45005c.jpeg": {
    "app_sintetizada": "7E9170D2E52547C7B34EBDA1FA1704EE45005C.JPEG",
    "cantidad_archivos": 1,
    "archivos_fuente": [
      "Pictures/Fototeca de Fotos.photoslibrary/resources/derivatives/masters/7/7E9170D2-E525-47C7-B34E-BDA1FA1704EE_4_5005_c.jpeg"
    ],
    "ultima_modificacion": "2025-08-01 01:01:08.097296"
  },
  "70d70808c9494ed997fee1e111a3bac445005c.jpeg": {
    "app_sintetizada": "70D70808C9494ED997FEE1E111A3BAC445005C.JPEG",
    "cantidad_archivos": 1,
    "archivos_fuente": [
      "Pictures/Fototeca de Fotos.photoslibrary/resources/derivatives/masters/7/70D70808-C949-4ED9-97FE-E1E111A3BAC4_4_5005_c.jpeg"
    ],
    "ultima_modificacion": "2025-08-01 01:01:08.097635"
  },
  "70e24a8cfa8e44a899e07bd968e6886045005c.jpeg": {
    "app_sintetizada": "70E24A8CFA8E44A899E07BD968E6886045005C.JPEG",
    "cantidad_archivos": 1,
    "archivos_fuente": [
      "Pictures/Fototeca de Fotos.photoslibrary/resources/derivatives/masters/7/70E24A8C-FA8E-44A8-99E0-7BD968E68860_4_5005_c.jpeg"
    ],
    "ultima_modificacion": "2025-08-01 01:01:08.097938"
  },
  "73c82a8934024f5989ea9c06dd9ffb6145005c.jpeg": {
    "app_sintetizada": "73C82A8934024F5989EA9C06DD9FFB6145005C.JPEG",
    "cantidad_archivos": 1,
    "archivos_fuente": [
      "Pictures/Fototeca de Fotos.photoslibrary/resources/derivatives/masters/7/73C82A89-3402-4F59-89EA-9C06DD9FFB61_4_5005_c.jpeg"
    ],
    "ultima_modificacion": "2025-08-01 01:01:08.098222"
  },
  "7f3671e29a40493cac555942105a60d345005c.jpeg": {
    "app_sintetizada": "7F3671E29A40493CAC555942105A60D345005C.JPEG",
    "cantidad_archivos": 1,
    "archivos_fuente": [
      "Pictures/Fototeca de Fotos.photoslibrary/resources/derivatives/masters/7/7F3671E2-9A40-493C-AC55-5942105A60D3_4_5005_c.jpeg"
    ],
    "ultima_modificacion": "2025-08-01 01:01:08.098514"
  },
  "7d7c993380a74f3194380ac2a8fff39945005c.jpeg": {
    "app_sintetizada": "7D7C993380A74F3194380AC2A8FFF39945005C.JPEG",
    "cantidad_archivos": 1,
    "archivos_fuente": [
      "Pictures/Fototeca de Fotos.photoslibrary/resources/derivatives/masters/7/7D7C9933-80A7-4F31-9438-0AC2A8FFF399_4_5005_c.jpeg"
    ],
    "ultima_modificacion": "2025-08-01 01:01:08.098836"
  },
  "7aadc063df034384b42d8933438f680c45005c.jpeg": {
    "app_sintetizada": "7AADC063DF034384B42D8933438F680C45005C.JPEG",
    "cantidad_archivos": 1,
    "archivos_fuente": [
      "Pictures/Fototeca de Fotos.photoslibrary/resources/derivatives/masters/7/7AADC063-DF03-4384-B42D-8933438F680C_4_5005_c.jpeg"
    ],
    "ultima_modificacion": "2025-08-01 01:01:08.099146"
  },
  "72f64241700a4962869968da22db34d545005c.jpeg": {
    "app_sintetizada": "72F64241700A4962869968DA22DB34D545005C.JPEG",
    "cantidad_archivos": 1,
    "archivos_fuente": [
      "Pictures/Fototeca de Fotos.photoslibrary/resources/derivatives/masters/7/72F64241-700A-4962-8699-68DA22DB34D5_4_5005_c.jpeg"
    ],
    "ultima_modificacion": "2025-08-01 01:01:08.099445"
  },
  "707afa24f3e24c8da53ec0d6800bf5d845005c.jpeg": {
    "app_sintetizada": "707AFA24F3E24C8DA53EC0D6800BF5D845005C.JPEG",
    "cantidad_archivos": 1,
    "archivos_fuente": [
      "Pictures/Fototeca de Fotos.photoslibrary/resources/derivatives/masters/7/707AFA24-F3E2-4C8D-A53E-C0D6800BF5D8_4_5005_c.jpeg"
    ],
    "ultima_modificacion": "2025-08-01 01:01:08.099751"
  },
  "7ef5299ceb47419e869854a428844eb745005c.jpeg": {
    "app_sintetizada": "7EF5299CEB47419E869854A428844EB745005C.JPEG",
    "cantidad_archivos": 1,
    "archivos_fuente": [
      "Pictures/Fototeca de Fotos.photoslibrary/resources/derivatives/masters/7/7EF5299C-EB47-419E-8698-54A428844EB7_4_5005_c.jpeg"
    ],
    "ultima_modificacion": "2025-08-01 01:01:08.100030"
  },
  "70f204d913984b83a03e27d9c3a2dbe045005c.jpeg": {
    "app_sintetizada": "70F204D913984B83A03E27D9C3A2DBE045005C.JPEG",
    "cantidad_archivos": 1,
    "archivos_fuente": [
      "Pictures/Fototeca de Fotos.photoslibrary/resources/derivatives/masters/7/70F204D9-1398-4B83-A03E-27D9C3A2DBE0_4_5005_c.jpeg"
    ],
    "ultima_modificacion": "2025-08-01 01:01:08.100303"
  },
  "7f98c038e3514b5ea81e95c120e3120645005c.jpeg": {
    "app_sintetizada": "7F98C038E3514B5EA81E95C120E3120645005C.JPEG",
    "cantidad_archivos": 1,
    "archivos_fuente": [
      "Pictures/Fototeca de Fotos.photoslibrary/resources/derivatives/masters/7/7F98C038-E351-4B5E-A81E-95C120E31206_4_5005_c.jpeg"
    ],
    "ultima_modificacion": "2025-08-01 01:01:08.100645"
  },
  "74cffec2d9094b45a779e0e478976c2345005c.jpeg": {
    "app_sintetizada": "74CFFEC2D9094B45A779E0E478976C2345005C.JPEG",
    "cantidad_archivos": 1,
    "archivos_fuente": [
      "Pictures/Fototeca de Fotos.photoslibrary/resources/derivatives/masters/7/74CFFEC2-D909-4B45-A779-E0E478976C23_4_5005_c.jpeg"
    ],
    "ultima_modificacion": "2025-08-01 01:01:08.100964"
  },
  "79fd9e07e994473d8896745111e7d00c45005c.jpeg": {
    "app_sintetizada": "79FD9E07E994473D8896745111E7D00C45005C.JPEG",
    "cantidad_archivos": 1,
    "archivos_fuente": [
      "Pictures/Fototeca de Fotos.photoslibrary/resources/derivatives/masters/7/79FD9E07-E994-473D-8896-745111E7D00C_4_5005_c.jpeg"
    ],
    "ultima_modificacion": "2025-08-01 01:01:08.101301"
  },
  "7e8a4ac67c65465e95fc96836b7e981545005c.jpeg": {
    "app_sintetizada": "7E8A4AC67C65465E95FC96836B7E981545005C.JPEG",
    "cantidad_archivos": 1,
    "archivos_fuente": [
      "Pictures/Fototeca de Fotos.photoslibrary/resources/derivatives/masters/7/7E8A4AC6-7C65-465E-95FC-96836B7E9815_4_5005_c.jpeg"
    ],
    "ultima_modificacion": "2025-08-01 01:01:08.101606"
  },
  "77affccfec60435e88e62245dd9d50e145005c.jpeg": {
    "app_sintetizada": "77AFFCCFEC60435E88E62245DD9D50E145005C.JPEG",
    "cantidad_archivos": 1,
    "archivos_fuente": [
      "Pictures/Fototeca de Fotos.photoslibrary/resources/derivatives/masters/7/77AFFCCF-EC60-435E-88E6-2245DD9D50E1_4_5005_c.jpeg"
    ],
    "ultima_modificacion": "2025-08-01 01:01:08.101915"
  },
  "71c00eb221214c59b2d10bdac5ef9e4b45005c.jpeg": {
    "app_sintetizada": "71C00EB221214C59B2D10BDAC5EF9E4B45005C.JPEG",
    "cantidad_archivos": 1,
    "archivos_fuente": [
      "Pictures/Fototeca de Fotos.photoslibrary/resources/derivatives/masters/7/71C00EB2-2121-4C59-B2D1-0BDAC5EF9E4B_4_5005_c.jpeg"
    ],
    "ultima_modificacion": "2025-08-01 01:01:08.102246"
  },
  "708d98fa2d9c4082a232e0e70b8bd0b845005c.jpeg": {
    "app_sintetizada": "708D98FA2D9C4082A232E0E70B8BD0B845005C.JPEG",
    "cantidad_archivos": 1,
    "archivos_fuente": [
      "Pictures/Fototeca de Fotos.photoslibrary/resources/derivatives/masters/7/708D98FA-2D9C-4082-A232-E0E70B8BD0B8_4_5005_c.jpeg"
    ],
    "ultima_modificacion": "2025-08-01 01:01:08.102529"
  },
  "738532c4df5046ce96001afc23b7e60645005c.jpeg": {
    "app_sintetizada": "738532C4DF5046CE96001AFC23B7E60645005C.JPEG",
    "cantidad_archivos": 1,
    "archivos_fuente": [
      "Pictures/Fototeca de Fotos.photoslibrary/resources/derivatives/masters/7/738532C4-DF50-46CE-9600-1AFC23B7E606_4_5005_c.jpeg"
    ],
    "ultima_modificacion": "2025-08-01 01:01:08.102855"
  },
  "75a810979b5f4acfa81baec9457810dc45005c.jpeg": {
    "app_sintetizada": "75A810979B5F4ACFA81BAEC9457810DC45005C.JPEG",
    "cantidad_archivos": 1,
    "archivos_fuente": [
      "Pictures/Fototeca de Fotos.photoslibrary/resources/derivatives/masters/7/75A81097-9B5F-4ACF-A81B-AEC9457810DC_4_5005_c.jpeg"
    ],
    "ultima_modificacion": "2025-08-01 01:01:08.103161"
  },
  "7d1bef89834d43e2b3a8fe08610806b745005c.jpeg": {
    "app_sintetizada": "7D1BEF89834D43E2B3A8FE08610806B745005C.JPEG",
    "cantidad_archivos": 1,
    "archivos_fuente": [
      "Pictures/Fototeca de Fotos.photoslibrary/resources/derivatives/masters/7/7D1BEF89-834D-43E2-B3A8-FE08610806B7_4_5005_c.jpeg"
    ],
    "ultima_modificacion": "2025-08-01 01:01:08.103471"
  },
  "7edb5a7f612949c8929988372a18f13f45005c.jpeg": {
    "app_sintetizada": "7EDB5A7F612949C8929988372A18F13F45005C.JPEG",
    "cantidad_archivos": 1,
    "archivos_fuente": [
      "Pictures/Fototeca de Fotos.photoslibrary/resources/derivatives/masters/7/7EDB5A7F-6129-49C8-9299-88372A18F13F_4_5005_c.jpeg"
    ],
    "ultima_modificacion": "2025-08-01 01:01:08.103787"
  },
  "78639c3865804365b13208c143c665cc45005c.jpeg": {
    "app_sintetizada": "78639C3865804365B13208C143C665CC45005C.JPEG",
    "cantidad_archivos": 1,
    "archivos_fuente": [
      "Pictures/Fototeca de Fotos.photoslibrary/resources/derivatives/masters/7/78639C38-6580-4365-B132-08C143C665CC_4_5005_c.jpeg"
    ],
    "ultima_modificacion": "2025-08-01 01:01:08.104117"
  },
  "7a6f911fac3b4550a2b562a119fc791345005c.jpeg": {
    "app_sintetizada": "7A6F911FAC3B4550A2B562A119FC791345005C.JPEG",
    "cantidad_archivos": 1,
    "archivos_fuente": [
      "Pictures/Fototeca de Fotos.photoslibrary/resources/derivatives/masters/7/7A6F911F-AC3B-4550-A2B5-62A119FC7913_4_5005_c.jpeg"
    ],
    "ultima_modificacion": "2025-08-01 01:01:08.104454"
  },
  "786b4ed6a1464206bfdf7c71bb3719a045005c.jpeg": {
    "app_sintetizada": "786B4ED6A1464206BFDF7C71BB3719A045005C.JPEG",
    "cantidad_archivos": 1,
    "archivos_fuente": [
      "Pictures/Fototeca de Fotos.photoslibrary/resources/derivatives/masters/7/786B4ED6-A146-4206-BFDF-7C71BB3719A0_4_5005_c.jpeg"
    ],
    "ultima_modificacion": "2025-08-01 01:01:08.104773"
  },
  "78529451f3964b5eb0e7d4b0db53818d45005c.jpeg": {
    "app_sintetizada": "78529451F3964B5EB0E7D4B0DB53818D45005C.JPEG",
    "cantidad_archivos": 1,
    "archivos_fuente": [
      "Pictures/Fototeca de Fotos.photoslibrary/resources/derivatives/masters/7/78529451-F396-4B5E-B0E7-D4B0DB53818D_4_5005_c.jpeg"
    ],
    "ultima_modificacion": "2025-08-01 01:01:08.105107"
  },
  "728ed54dbc7b4accba3260f146a3393f45005c.jpeg": {
    "app_sintetizada": "728ED54DBC7B4ACCBA3260F146A3393F45005C.JPEG",
    "cantidad_archivos": 1,
    "archivos_fuente": [
      "Pictures/Fototeca de Fotos.photoslibrary/resources/derivatives/masters/7/728ED54D-BC7B-4ACC-BA32-60F146A3393F_4_5005_c.jpeg"
    ],
    "ultima_modificacion": "2025-08-01 01:01:08.105404"
  },
  "7f0879ac39074cd1a1cd956f237587c645005c.jpeg": {
    "app_sintetizada": "7F0879AC39074CD1A1CD956F237587C645005C.JPEG",
    "cantidad_archivos": 1,
    "archivos_fuente": [
      "Pictures/Fototeca de Fotos.photoslibrary/resources/derivatives/masters/7/7F0879AC-3907-4CD1-A1CD-956F237587C6_4_5005_c.jpeg"
    ],
    "ultima_modificacion": "2025-08-01 01:01:08.105713"
  },
  "7b2ef7c44ca44dc2921337529fc5426845005c.jpeg": {
    "app_sintetizada": "7B2EF7C44CA44DC2921337529FC5426845005C.JPEG",
    "cantidad_archivos": 1,
    "archivos_fuente": [
      "Pictures/Fototeca de Fotos.photoslibrary/resources/derivatives/masters/7/7B2EF7C4-4CA4-4DC2-9213-37529FC54268_4_5005_c.jpeg"
    ],
    "ultima_modificacion": "2025-08-01 01:01:08.106021"
  },
  "738a42623cbe412b887b8a4ccbdaf31845005c.jpeg": {
    "app_sintetizada": "738A42623CBE412B887B8A4CCBDAF31845005C.JPEG",
    "cantidad_archivos": 1,
    "archivos_fuente": [
      "Pictures/Fototeca de Fotos.photoslibrary/resources/derivatives/masters/7/738A4262-3CBE-412B-887B-8A4CCBDAF318_4_5005_c.jpeg"
    ],
    "ultima_modificacion": "2025-08-01 01:01:08.106310"
  },
  "7f3a2dfe073247a3a26a10cc46bc17bc45005c.jpeg": {
    "app_sintetizada": "7F3A2DFE073247A3A26A10CC46BC17BC45005C.JPEG",
    "cantidad_archivos": 1,
    "archivos_fuente": [
      "Pictures/Fototeca de Fotos.photoslibrary/resources/derivatives/masters/7/7F3A2DFE-0732-47A3-A26A-10CC46BC17BC_4_5005_c.jpeg"
    ],
    "ultima_modificacion": "2025-08-01 01:01:08.106633"
  },
  "73736fd45a4344239ff0fda683389f9945005c.jpeg": {
    "app_sintetizada": "73736FD45A4344239FF0FDA683389F9945005C.JPEG",
    "cantidad_archivos": 1,
    "archivos_fuente": [
      "Pictures/Fototeca de Fotos.photoslibrary/resources/derivatives/masters/7/73736FD4-5A43-4423-9FF0-FDA683389F99_4_5005_c.jpeg"
    ],
    "ultima_modificacion": "2025-08-01 01:01:08.106923"
  },
  "7fa5a0a71e35488891684eed8e74081945005c.jpeg": {
    "app_sintetizada": "7FA5A0A71E35488891684EED8E74081945005C.JPEG",
    "cantidad_archivos": 1,
    "archivos_fuente": [
      "Pictures/Fototeca de Fotos.photoslibrary/resources/derivatives/masters/7/7FA5A0A7-1E35-4888-9168-4EED8E740819_4_5005_c.jpeg"
    ],
    "ultima_modificacion": "2025-08-01 01:01:08.107245"
  },
  "76a3aaaeec704203a8a0b36d8eb52fe245005c.jpeg": {
    "app_sintetizada": "76A3AAAEEC704203A8A0B36D8EB52FE245005C.JPEG",
    "cantidad_archivos": 1,
    "archivos_fuente": [
      "Pictures/Fototeca de Fotos.photoslibrary/resources/derivatives/masters/7/76A3AAAE-EC70-4203-A8A0-B36D8EB52FE2_4_5005_c.jpeg"
    ],
    "ultima_modificacion": "2025-08-01 01:01:08.107577"
  },
  "7202d44f2a2046f8b89c109eed5d17b445005c.jpeg": {
    "app_sintetizada": "7202D44F2A2046F8B89C109EED5D17B445005C.JPEG",
    "cantidad_archivos": 1,
    "archivos_fuente": [
      "Pictures/Fototeca de Fotos.photoslibrary/resources/derivatives/masters/7/7202D44F-2A20-46F8-B89C-109EED5D17B4_4_5005_c.jpeg"
    ],
    "ultima_modificacion": "2025-08-01 01:01:08.107845"
  },
  "79a0877266d649c791fa64c2ba4fea5a45005c.jpeg": {
    "app_sintetizada": "79A0877266D649C791FA64C2BA4FEA5A45005C.JPEG",
    "cantidad_archivos": 1,
    "archivos_fuente": [
      "Pictures/Fototeca de Fotos.photoslibrary/resources/derivatives/masters/7/79A08772-66D6-49C7-91FA-64C2BA4FEA5A_4_5005_c.jpeg"
    ],
    "ultima_modificacion": "2025-08-01 01:01:08.108123"
  },
  "70908e68956240d38f8cf320ee5ba86b45005c.jpeg": {
    "app_sintetizada": "70908E68956240D38F8CF320EE5BA86B45005C.JPEG",
    "cantidad_archivos": 1,
    "archivos_fuente": [
      "Pictures/Fototeca de Fotos.photoslibrary/resources/derivatives/masters/7/70908E68-9562-40D3-8F8C-F320EE5BA86B_4_5005_c.jpeg"
    ],
    "ultima_modificacion": "2025-08-01 01:01:08.108433"
  },
  "741c1e7c5a404cfca46fab7282ef41b845005c.jpeg": {
    "app_sintetizada": "741C1E7C5A404CFCA46FAB7282EF41B845005C.JPEG",
    "cantidad_archivos": 1,
    "archivos_fuente": [
      "Pictures/Fototeca de Fotos.photoslibrary/resources/derivatives/masters/7/741C1E7C-5A40-4CFC-A46F-AB7282EF41B8_4_5005_c.jpeg"
    ],
    "ultima_modificacion": "2025-08-01 01:01:08.108719"
  },
  "731ba8bf282c4b7fb9bbbcd69a0b61ca45005c.jpeg": {
    "app_sintetizada": "731BA8BF282C4B7FB9BBBCD69A0B61CA45005C.JPEG",
    "cantidad_archivos": 1,
    "archivos_fuente": [
      "Pictures/Fototeca de Fotos.photoslibrary/resources/derivatives/masters/7/731BA8BF-282C-4B7F-B9BB-BCD69A0B61CA_4_5005_c.jpeg"
    ],
    "ultima_modificacion": "2025-08-01 01:01:08.109023"
  },
  "791176d2e72a49849905ca1e5a48480945005c.jpeg": {
    "app_sintetizada": "791176D2E72A49849905CA1E5A48480945005C.JPEG",
    "cantidad_archivos": 1,
    "archivos_fuente": [
      "Pictures/Fototeca de Fotos.photoslibrary/resources/derivatives/masters/7/791176D2-E72A-4984-9905-CA1E5A484809_4_5005_c.jpeg"
    ],
    "ultima_modificacion": "2025-08-01 01:01:08.109357"
  },
  "772cf5dbc71043e786c0b6175c96ff9445005c.jpeg": {
    "app_sintetizada": "772CF5DBC71043E786C0B6175C96FF9445005C.JPEG",
    "cantidad_archivos": 1,
    "archivos_fuente": [
      "Pictures/Fototeca de Fotos.photoslibrary/resources/derivatives/masters/7/772CF5DB-C710-43E7-86C0-B6175C96FF94_4_5005_c.jpeg"
    ],
    "ultima_modificacion": "2025-08-01 01:01:08.109691"
  },
  "7879d613a0b74eb7a7a7088a2a0264dd45005c.jpeg": {
    "app_sintetizada": "7879D613A0B74EB7A7A7088A2A0264DD45005C.JPEG",
    "cantidad_archivos": 1,
    "archivos_fuente": [
      "Pictures/Fototeca de Fotos.photoslibrary/resources/derivatives/masters/7/7879D613-A0B7-4EB7-A7A7-088A2A0264DD_4_5005_c.jpeg"
    ],
    "ultima_modificacion": "2025-08-01 01:01:08.109984"
  },
  "75cf112597354051bd730034a46c97f345005c.jpeg": {
    "app_sintetizada": "75CF112597354051BD730034A46C97F345005C.JPEG",
    "cantidad_archivos": 1,
    "archivos_fuente": [
      "Pictures/Fototeca de Fotos.photoslibrary/resources/derivatives/masters/7/75CF1125-9735-4051-BD73-0034A46C97F3_4_5005_c.jpeg"
    ],
    "ultima_modificacion": "2025-08-01 01:01:08.110273"
  },
  "724db3ae09784cf9b509c4b368d8943145005c.jpeg": {
    "app_sintetizada": "724DB3AE09784CF9B509C4B368D8943145005C.JPEG",
    "cantidad_archivos": 1,
    "archivos_fuente": [
      "Pictures/Fototeca de Fotos.photoslibrary/resources/derivatives/masters/7/724DB3AE-0978-4CF9-B509-C4B368D89431_4_5005_c.jpeg"
    ],
    "ultima_modificacion": "2025-08-01 01:01:08.110590"
  },
  "7e65a63399ab4693a8228d44f00aeae345005c.jpeg": {
    "app_sintetizada": "7E65A63399AB4693A8228D44F00AEAE345005C.JPEG",
    "cantidad_archivos": 1,
    "archivos_fuente": [
      "Pictures/Fototeca de Fotos.photoslibrary/resources/derivatives/masters/7/7E65A633-99AB-4693-A822-8D44F00AEAE3_4_5005_c.jpeg"
    ],
    "ultima_modificacion": "2025-08-01 01:01:08.110920"
  },
  "72a4c435bdd54a80bed2858cb73bc6a145005c.jpeg": {
    "app_sintetizada": "72A4C435BDD54A80BED2858CB73BC6A145005C.JPEG",
    "cantidad_archivos": 1,
    "archivos_fuente": [
      "Pictures/Fototeca de Fotos.photoslibrary/resources/derivatives/masters/7/72A4C435-BDD5-4A80-BED2-858CB73BC6A1_4_5005_c.jpeg"
    ],
    "ultima_modificacion": "2025-08-01 01:01:08.111206"
  },
  "703baa122fe345dab51af4250178599b45005c.jpeg": {
    "app_sintetizada": "703BAA122FE345DAB51AF4250178599B45005C.JPEG",
    "cantidad_archivos": 1,
    "archivos_fuente": [
      "Pictures/Fototeca de Fotos.photoslibrary/resources/derivatives/masters/7/703BAA12-2FE3-45DA-B51A-F4250178599B_4_5005_c.jpeg"
    ],
    "ultima_modificacion": "2025-08-01 01:01:08.111460"
  },
  "7ca25871e5a74d018fa6545060c880ce45005c.jpeg": {
    "app_sintetizada": "7CA25871E5A74D018FA6545060C880CE45005C.JPEG",
    "cantidad_archivos": 1,
    "archivos_fuente": [
      "Pictures/Fototeca de Fotos.photoslibrary/resources/derivatives/masters/7/7CA25871-E5A7-4D01-8FA6-545060C880CE_4_5005_c.jpeg"
    ],
    "ultima_modificacion": "2025-08-01 01:01:08.111745"
  },
  "7052f23f12af47dfb02c86fb2b1f364445005c.jpeg": {
    "app_sintetizada": "7052F23F12AF47DFB02C86FB2B1F364445005C.JPEG",
    "cantidad_archivos": 1,
    "archivos_fuente": [
      "Pictures/Fototeca de Fotos.photoslibrary/resources/derivatives/masters/7/7052F23F-12AF-47DF-B02C-86FB2B1F3644_4_5005_c.jpeg"
    ],
    "ultima_modificacion": "2025-08-01 01:01:08.112018"
  },
  "7e763d68d9e44ea0a73830062ca0d0e545005c.jpeg": {
    "app_sintetizada": "7E763D68D9E44EA0A73830062CA0D0E545005C.JPEG",
    "cantidad_archivos": 1,
    "archivos_fuente": [
      "Pictures/Fototeca de Fotos.photoslibrary/resources/derivatives/masters/7/7E763D68-D9E4-4EA0-A738-30062CA0D0E5_4_5005_c.jpeg"
    ],
    "ultima_modificacion": "2025-08-01 01:01:08.112375"
  },
  "735b82e6210044de938249c421ef1bfd45005c.jpeg": {
    "app_sintetizada": "735B82E6210044DE938249C421EF1BFD45005C.JPEG",
    "cantidad_archivos": 1,
    "archivos_fuente": [
      "Pictures/Fototeca de Fotos.photoslibrary/resources/derivatives/masters/7/735B82E6-2100-44DE-9382-49C421EF1BFD_4_5005_c.jpeg"
    ],
    "ultima_modificacion": "2025-08-01 01:01:08.112624"
  },
  "7d43579c1c8e4045af264682d1df1ea045005c.jpeg": {
    "app_sintetizada": "7D43579C1C8E4045AF264682D1DF1EA045005C.JPEG",
    "cantidad_archivos": 1,
    "archivos_fuente": [
      "Pictures/Fototeca de Fotos.photoslibrary/resources/derivatives/masters/7/7D43579C-1C8E-4045-AF26-4682D1DF1EA0_4_5005_c.jpeg"
    ],
    "ultima_modificacion": "2025-08-01 01:01:08.112883"
  },
  "7f7e5dd48f4d4eccb6580192cbbbc0fc45005c.jpeg": {
    "app_sintetizada": "7F7E5DD48F4D4ECCB6580192CBBBC0FC45005C.JPEG",
    "cantidad_archivos": 1,
    "archivos_fuente": [
      "Pictures/Fototeca de Fotos.photoslibrary/resources/derivatives/masters/7/7F7E5DD4-8F4D-4ECC-B658-0192CBBBC0FC_4_5005_c.jpeg"
    ],
    "ultima_modificacion": "2025-08-01 01:01:08.113271"
  },
  "74a43ed185034bf7af036c4d20aa18ec45005c.jpeg": {
    "app_sintetizada": "74A43ED185034BF7AF036C4D20AA18EC45005C.JPEG",
    "cantidad_archivos": 1,
    "archivos_fuente": [
      "Pictures/Fototeca de Fotos.photoslibrary/resources/derivatives/masters/7/74A43ED1-8503-4BF7-AF03-6C4D20AA18EC_4_5005_c.jpeg"
    ],
    "ultima_modificacion": "2025-08-01 01:01:08.113551"
  },
  "7e25c713e76447e69b5b305f6f91495f45005c.jpeg": {
    "app_sintetizada": "7E25C713E76447E69B5B305F6F91495F45005C.JPEG",
    "cantidad_archivos": 1,
    "archivos_fuente": [
      "Pictures/Fototeca de Fotos.photoslibrary/resources/derivatives/masters/7/7E25C713-E764-47E6-9B5B-305F6F91495F_4_5005_c.jpeg"
    ],
    "ultima_modificacion": "2025-08-01 01:01:08.113850"
  },
  "7f462e059eed4ced9640c53e3b591b7f45005c.jpeg": {
    "app_sintetizada": "7F462E059EED4CED9640C53E3B591B7F45005C.JPEG",
    "cantidad_archivos": 1,
    "archivos_fuente": [
      "Pictures/Fototeca de Fotos.photoslibrary/resources/derivatives/masters/7/7F462E05-9EED-4CED-9640-C53E3B591B7F_4_5005_c.jpeg"
    ],
    "ultima_modificacion": "2025-08-01 01:01:08.114120"
  },
  "76590d582e74425f9c896a02fcdbb47445005c.jpeg": {
    "app_sintetizada": "76590D582E74425F9C896A02FCDBB47445005C.JPEG",
    "cantidad_archivos": 1,
    "archivos_fuente": [
      "Pictures/Fototeca de Fotos.photoslibrary/resources/derivatives/masters/7/76590D58-2E74-425F-9C89-6A02FCDBB474_4_5005_c.jpeg"
    ],
    "ultima_modificacion": "2025-08-01 01:01:08.114448"
  },
  "7711a98bba684fb7b34b7505161a4ddd45005c.jpeg": {
    "app_sintetizada": "7711A98BBA684FB7B34B7505161A4DDD45005C.JPEG",
    "cantidad_archivos": 1,
    "archivos_fuente": [
      "Pictures/Fototeca de Fotos.photoslibrary/resources/derivatives/masters/7/7711A98B-BA68-4FB7-B34B-7505161A4DDD_4_5005_c.jpeg"
    ],
    "ultima_modificacion": "2025-08-01 01:01:08.114750"
  },
  "7b152b43538e4d7ca90455fcf10e8d0245005c.jpeg": {
    "app_sintetizada": "7B152B43538E4D7CA90455FCF10E8D0245005C.JPEG",
    "cantidad_archivos": 1,
    "archivos_fuente": [
      "Pictures/Fototeca de Fotos.photoslibrary/resources/derivatives/masters/7/7B152B43-538E-4D7C-A904-55FCF10E8D02_4_5005_c.jpeg"
    ],
    "ultima_modificacion": "2025-08-01 01:01:08.115013"
  },
  "7cf336f68e9e47dfabc429a9d17c5e7f45005c.jpeg": {
    "app_sintetizada": "7CF336F68E9E47DFABC429A9D17C5E7F45005C.JPEG",
    "cantidad_archivos": 1,
    "archivos_fuente": [
      "Pictures/Fototeca de Fotos.photoslibrary/resources/derivatives/masters/7/7CF336F6-8E9E-47DF-ABC4-29A9D17C5E7F_4_5005_c.jpeg"
    ],
    "ultima_modificacion": "2025-08-01 01:01:08.115283"
  },
  "771d2b39c5d54a92b90ab2b25c7b9e6945005c.jpeg": {
    "app_sintetizada": "771D2B39C5D54A92B90AB2B25C7B9E6945005C.JPEG",
    "cantidad_archivos": 1,
    "archivos_fuente": [
      "Pictures/Fototeca de Fotos.photoslibrary/resources/derivatives/masters/7/771D2B39-C5D5-4A92-B90A-B2B25C7B9E69_4_5005_c.jpeg"
    ],
    "ultima_modificacion": "2025-08-01 01:01:08.115545"
  },
  "730713210f474ae8a7f265424ffcbaa145005c.jpeg": {
    "app_sintetizada": "730713210F474AE8A7F265424FFCBAA145005C.JPEG",
    "cantidad_archivos": 1,
    "archivos_fuente": [
      "Pictures/Fototeca de Fotos.photoslibrary/resources/derivatives/masters/7/73071321-0F47-4AE8-A7F2-65424FFCBAA1_4_5005_c.jpeg"
    ],
    "ultima_modificacion": "2025-08-01 01:01:08.115903"
  },
  "769c4f1eb935407497472df77e064f5f45005c.jpeg": {
    "app_sintetizada": "769C4F1EB935407497472DF77E064F5F45005C.JPEG",
    "cantidad_archivos": 1,
    "archivos_fuente": [
      "Pictures/Fototeca de Fotos.photoslibrary/resources/derivatives/masters/7/769C4F1E-B935-4074-9747-2DF77E064F5F_4_5005_c.jpeg"
    ],
    "ultima_modificacion": "2025-08-01 01:01:08.116157"
  },
  "7ab18f52bbe140ae807ffbe03029579245005c.jpeg": {
    "app_sintetizada": "7AB18F52BBE140AE807FFBE03029579245005C.JPEG",
    "cantidad_archivos": 1,
    "archivos_fuente": [
      "Pictures/Fototeca de Fotos.photoslibrary/resources/derivatives/masters/7/7AB18F52-BBE1-40AE-807F-FBE030295792_4_5005_c.jpeg"
    ],
    "ultima_modificacion": "2025-08-01 01:01:08.116418"
  },
  "7736cf30007a468583fc0b79b51a24bc45005c.jpeg": {
    "app_sintetizada": "7736CF30007A468583FC0B79B51A24BC45005C.JPEG",
    "cantidad_archivos": 1,
    "archivos_fuente": [
      "Pictures/Fototeca de Fotos.photoslibrary/resources/derivatives/masters/7/7736CF30-007A-4685-83FC-0B79B51A24BC_4_5005_c.jpeg"
    ],
    "ultima_modificacion": "2025-08-01 01:01:08.116713"
  },
  "7a8b3ecc03434aa881b62129041cbd6945005c.jpeg": {
    "app_sintetizada": "7A8B3ECC03434AA881B62129041CBD6945005C.JPEG",
    "cantidad_archivos": 1,
    "archivos_fuente": [
      "Pictures/Fototeca de Fotos.photoslibrary/resources/derivatives/masters/7/7A8B3ECC-0343-4AA8-81B6-2129041CBD69_4_5005_c.jpeg"
    ],
    "ultima_modificacion": "2025-08-01 01:01:08.116954"
  },
  "71d74e8ec732476c9a332819700aa53045005c.jpeg": {
    "app_sintetizada": "71D74E8EC732476C9A332819700AA53045005C.JPEG",
    "cantidad_archivos": 1,
    "archivos_fuente": [
      "Pictures/Fototeca de Fotos.photoslibrary/resources/derivatives/masters/7/71D74E8E-C732-476C-9A33-2819700AA530_4_5005_c.jpeg"
    ],
    "ultima_modificacion": "2025-08-01 01:01:08.117251"
  },
  "7c38b5f4897c4314ad4083cc93640f0745005c.jpeg": {
    "app_sintetizada": "7C38B5F4897C4314AD4083CC93640F0745005C.JPEG",
    "cantidad_archivos": 1,
    "archivos_fuente": [
      "Pictures/Fototeca de Fotos.photoslibrary/resources/derivatives/masters/7/7C38B5F4-897C-4314-AD40-83CC93640F07_4_5005_c.jpeg"
    ],
    "ultima_modificacion": "2025-08-01 01:01:08.117508"
  },
  "7ca470fa44394c63b2ed13e3251221e745005c.jpeg": {
    "app_sintetizada": "7CA470FA44394C63B2ED13E3251221E745005C.JPEG",
    "cantidad_archivos": 1,
    "archivos_fuente": [
      "Pictures/Fototeca de Fotos.photoslibrary/resources/derivatives/masters/7/7CA470FA-4439-4C63-B2ED-13E3251221E7_4_5005_c.jpeg"
    ],
    "ultima_modificacion": "2025-08-01 01:01:08.117758"
  },
  "71372432ecdd43d78d1d4028f099d0bf45005c.jpeg": {
    "app_sintetizada": "71372432ECDD43D78D1D4028F099D0BF45005C.JPEG",
    "cantidad_archivos": 1,
    "archivos_fuente": [
      "Pictures/Fototeca de Fotos.photoslibrary/resources/derivatives/masters/7/71372432-ECDD-43D7-8D1D-4028F099D0BF_4_5005_c.jpeg"
    ],
    "ultima_modificacion": "2025-08-01 01:01:08.118041"
  },
  "7733ac4a5a8b4dcfb49d14c191b823a945005c.jpeg": {
    "app_sintetizada": "7733AC4A5A8B4DCFB49D14C191B823A945005C.JPEG",
    "cantidad_archivos": 1,
    "archivos_fuente": [
      "Pictures/Fototeca de Fotos.photoslibrary/resources/derivatives/masters/7/7733AC4A-5A8B-4DCF-B49D-14C191B823A9_4_5005_c.jpeg"
    ],
    "ultima_modificacion": "2025-08-01 01:01:08.118267"
  },
  "716f6d3997704f8dab928d1550f8298645005c.jpeg": {
    "app_sintetizada": "716F6D3997704F8DAB928D1550F8298645005C.JPEG",
    "cantidad_archivos": 1,
    "archivos_fuente": [
      "Pictures/Fototeca de Fotos.photoslibrary/resources/derivatives/masters/7/716F6D39-9770-4F8D-AB92-8D1550F82986_4_5005_c.jpeg"
    ],
    "ultima_modificacion": "2025-08-01 01:01:08.118469"
  },
  "7e38f1ed19074ff0b73800edc026f17a45005c.jpeg": {
    "app_sintetizada": "7E38F1ED19074FF0B73800EDC026F17A45005C.JPEG",
    "cantidad_archivos": 1,
    "archivos_fuente": [
      "Pictures/Fototeca de Fotos.photoslibrary/resources/derivatives/masters/7/7E38F1ED-1907-4FF0-B738-00EDC026F17A_4_5005_c.jpeg"
    ],
    "ultima_modificacion": "2025-08-01 01:01:08.118735"
  },
  "7b2ad083416343b0b939cf0566424c1b45005c.jpeg": {
    "app_sintetizada": "7B2AD083416343B0B939CF0566424C1B45005C.JPEG",
    "cantidad_archivos": 1,
    "archivos_fuente": [
      "Pictures/Fototeca de Fotos.photoslibrary/resources/derivatives/masters/7/7B2AD083-4163-43B0-B939-CF0566424C1B_4_5005_c.jpeg"
    ],
    "ultima_modificacion": "2025-08-01 01:01:08.119063"
  },
  "77317ff7d597451b89d37c18283ab32b45005c.jpeg": {
    "app_sintetizada": "77317FF7D597451B89D37C18283AB32B45005C.JPEG",
    "cantidad_archivos": 1,
    "archivos_fuente": [
      "Pictures/Fototeca de Fotos.photoslibrary/resources/derivatives/masters/7/77317FF7-D597-451B-89D3-7C18283AB32B_4_5005_c.jpeg"
    ],
    "ultima_modificacion": "2025-08-01 01:01:08.119314"
  },
  "719554856305450cae7c61eb8a15904445005c.jpeg": {
    "app_sintetizada": "719554856305450CAE7C61EB8A15904445005C.JPEG",
    "cantidad_archivos": 1,
    "archivos_fuente": [
      "Pictures/Fototeca de Fotos.photoslibrary/resources/derivatives/masters/7/71955485-6305-450C-AE7C-61EB8A159044_4_5005_c.jpeg"
    ],
    "ultima_modificacion": "2025-08-01 01:01:08.119601"
  },
  "78334bb6e03b4bafa80fd3d9207f444445005c.jpeg": {
    "app_sintetizada": "78334BB6E03B4BAFA80FD3D9207F444445005C.JPEG",
    "cantidad_archivos": 1,
    "archivos_fuente": [
      "Pictures/Fototeca de Fotos.photoslibrary/resources/derivatives/masters/7/78334BB6-E03B-4BAF-A80F-D3D9207F4444_4_5005_c.jpeg"
    ],
    "ultima_modificacion": "2025-08-01 01:01:08.119885"
  },
  "7009674b0214423fb9f66e5705be410545005c.jpeg": {
    "app_sintetizada": "7009674B0214423FB9F66E5705BE410545005C.JPEG",
    "cantidad_archivos": 1,
    "archivos_fuente": [
      "Pictures/Fototeca de Fotos.photoslibrary/resources/derivatives/masters/7/7009674B-0214-423F-B9F6-6E5705BE4105_4_5005_c.jpeg"
    ],
    "ultima_modificacion": "2025-08-01 01:01:08.120201"
  },
  "79894d21da844b5693959ca12642efcd45005c.jpeg": {
    "app_sintetizada": "79894D21DA844B5693959CA12642EFCD45005C.JPEG",
    "cantidad_archivos": 1,
    "archivos_fuente": [
      "Pictures/Fototeca de Fotos.photoslibrary/resources/derivatives/masters/7/79894D21-DA84-4B56-9395-9CA12642EFCD_4_5005_c.jpeg"
    ],
    "ultima_modificacion": "2025-08-01 01:01:08.120448"
  },
  "74bc654768454d6da0a2c2839e93686c45005c.jpeg": {
    "app_sintetizada": "74BC654768454D6DA0A2C2839E93686C45005C.JPEG",
    "cantidad_archivos": 1,
    "archivos_fuente": [
      "Pictures/Fototeca de Fotos.photoslibrary/resources/derivatives/masters/7/74BC6547-6845-4D6D-A0A2-C2839E93686C_4_5005_c.jpeg"
    ],
    "ultima_modificacion": "2025-08-01 01:01:08.120786"
  },
  "75eabea8960f4bbb99db61d226071e5645005c.jpeg": {
    "app_sintetizada": "75EABEA8960F4BBB99DB61D226071E5645005C.JPEG",
    "cantidad_archivos": 1,
    "archivos_fuente": [
      "Pictures/Fototeca de Fotos.photoslibrary/resources/derivatives/masters/7/75EABEA8-960F-4BBB-99DB-61D226071E56_4_5005_c.jpeg"
    ],
    "ultima_modificacion": "2025-08-01 01:01:08.121007"
  },
  "7ea837ef68814f44848efbb0cfb953ef45005c.jpeg": {
    "app_sintetizada": "7EA837EF68814F44848EFBB0CFB953EF45005C.JPEG",
    "cantidad_archivos": 1,
    "archivos_fuente": [
      "Pictures/Fototeca de Fotos.photoslibrary/resources/derivatives/masters/7/7EA837EF-6881-4F44-848E-FBB0CFB953EF_4_5005_c.jpeg"
    ],
    "ultima_modificacion": "2025-08-01 01:01:08.121201"
  },
  "7d08fe7c9f094faa90417dbccfe6aba145005c.jpeg": {
    "app_sintetizada": "7D08FE7C9F094FAA90417DBCCFE6ABA145005C.JPEG",
    "cantidad_archivos": 1,
    "archivos_fuente": [
      "Pictures/Fototeca de Fotos.photoslibrary/resources/derivatives/masters/7/7D08FE7C-9F09-4FAA-9041-7DBCCFE6ABA1_4_5005_c.jpeg"
    ],
    "ultima_modificacion": "2025-08-01 01:01:08.121415"
  },
  "745fc51e98d64245a3e4ff0e8076d14245005c.jpeg": {
    "app_sintetizada": "745FC51E98D64245A3E4FF0E8076D14245005C.JPEG",
    "cantidad_archivos": 1,
    "archivos_fuente": [
      "Pictures/Fototeca de Fotos.photoslibrary/resources/derivatives/masters/7/745FC51E-98D6-4245-A3E4-FF0E8076D142_4_5005_c.jpeg"
    ],
    "ultima_modificacion": "2025-08-01 01:01:08.121616"
  },
  "79ce4879a249408b9ff3df07ab1d7f7845005c.jpeg": {
    "app_sintetizada": "79CE4879A249408B9FF3DF07AB1D7F7845005C.JPEG",
    "cantidad_archivos": 1,
    "archivos_fuente": [
      "Pictures/Fototeca de Fotos.photoslibrary/resources/derivatives/masters/7/79CE4879-A249-408B-9FF3-DF07AB1D7F78_4_5005_c.jpeg"
    ],
    "ultima_modificacion": "2025-08-01 01:01:08.121802"
  },
  "7703260802ae4827b41fbe0daadba07545005c.jpeg": {
    "app_sintetizada": "7703260802AE4827B41FBE0DAADBA07545005C.JPEG",
    "cantidad_archivos": 1,
    "archivos_fuente": [
      "Pictures/Fototeca de Fotos.photoslibrary/resources/derivatives/masters/7/77032608-02AE-4827-B41F-BE0DAADBA075_4_5005_c.jpeg"
    ],
    "ultima_modificacion": "2025-08-01 01:01:08.121982"
  },
  "794f6a5a99f24e21b345974d85a6155d45005c.jpeg": {
    "app_sintetizada": "794F6A5A99F24E21B345974D85A6155D45005C.JPEG",
    "cantidad_archivos": 1,
    "archivos_fuente": [
      "Pictures/Fototeca de Fotos.photoslibrary/resources/derivatives/masters/7/794F6A5A-99F2-4E21-B345-974D85A6155D_4_5005_c.jpeg"
    ],
    "ultima_modificacion": "2025-08-01 01:01:08.122160"
  },
  "7189bc0444794f2c9d61af63bc7c166045005c.jpeg": {
    "app_sintetizada": "7189BC0444794F2C9D61AF63BC7C166045005C.JPEG",
    "cantidad_archivos": 1,
    "archivos_fuente": [
      "Pictures/Fototeca de Fotos.photoslibrary/resources/derivatives/masters/7/7189BC04-4479-4F2C-9D61-AF63BC7C1660_4_5005_c.jpeg"
    ],
    "ultima_modificacion": "2025-08-01 01:01:08.122429"
  },
  "7bb13a72c45c4bbdaebe31be16dff2c445005c.jpeg": {
    "app_sintetizada": "7BB13A72C45C4BBDAEBE31BE16DFF2C445005C.JPEG",
    "cantidad_archivos": 1,
    "archivos_fuente": [
      "Pictures/Fototeca de Fotos.photoslibrary/resources/derivatives/masters/7/7BB13A72-C45C-4BBD-AEBE-31BE16DFF2C4_4_5005_c.jpeg"
    ],
    "ultima_modificacion": "2025-08-01 01:01:08.122638"
  },
  "782901b4a62f453f95831d7272ca1b1245005c.jpeg": {
    "app_sintetizada": "782901B4A62F453F95831D7272CA1B1245005C.JPEG",
    "cantidad_archivos": 1,
    "archivos_fuente": [
      "Pictures/Fototeca de Fotos.photoslibrary/resources/derivatives/masters/7/782901B4-A62F-453F-9583-1D7272CA1B12_4_5005_c.jpeg"
    ],
    "ultima_modificacion": "2025-08-01 01:01:08.122894"
  },
  "744a95f6ece04e7b8dc6919810f7784945005c.jpeg": {
    "app_sintetizada": "744A95F6ECE04E7B8DC6919810F7784945005C.JPEG",
    "cantidad_archivos": 1,
    "archivos_fuente": [
      "Pictures/Fototeca de Fotos.photoslibrary/resources/derivatives/masters/7/744A95F6-ECE0-4E7B-8DC6-919810F77849_4_5005_c.jpeg"
    ],
    "ultima_modificacion": "2025-08-01 01:01:08.123149"
  },
  "74ce66e3209a4e9ba8115aa8dd59d4fa45005c.jpeg": {
    "app_sintetizada": "74CE66E3209A4E9BA8115AA8DD59D4FA45005C.JPEG",
    "cantidad_archivos": 1,
    "archivos_fuente": [
      "Pictures/Fototeca de Fotos.photoslibrary/resources/derivatives/masters/7/74CE66E3-209A-4E9B-A811-5AA8DD59D4FA_4_5005_c.jpeg"
    ],
    "ultima_modificacion": "2025-08-01 01:01:08.123421"
  },
  "7a8685b01e434ea8abf2417224b6038545005c.jpeg": {
    "app_sintetizada": "7A8685B01E434EA8ABF2417224B6038545005C.JPEG",
    "cantidad_archivos": 1,
    "archivos_fuente": [
      "Pictures/Fototeca de Fotos.photoslibrary/resources/derivatives/masters/7/7A8685B0-1E43-4EA8-ABF2-417224B60385_4_5005_c.jpeg"
    ],
    "ultima_modificacion": "2025-08-01 01:01:08.123744"
  },
  "72835f6c22ff4d328425ea047fb9b9e745005c.jpeg": {
    "app_sintetizada": "72835F6C22FF4D328425EA047FB9B9E745005C.JPEG",
    "cantidad_archivos": 1,
    "archivos_fuente": [
      "Pictures/Fototeca de Fotos.photoslibrary/resources/derivatives/masters/7/72835F6C-22FF-4D32-8425-EA047FB9B9E7_4_5005_c.jpeg"
    ],
    "ultima_modificacion": "2025-08-01 01:01:08.124041"
  },
  "7f99aaa8ea05413dbb4a047afbc2ee6545005c.jpeg": {
    "app_sintetizada": "7F99AAA8EA05413DBB4A047AFBC2EE6545005C.JPEG",
    "cantidad_archivos": 1,
    "archivos_fuente": [
      "Pictures/Fototeca de Fotos.photoslibrary/resources/derivatives/masters/7/7F99AAA8-EA05-413D-BB4A-047AFBC2EE65_4_5005_c.jpeg"
    ],
    "ultima_modificacion": "2025-08-01 01:01:08.124243"
  },
  "7ff92c14f13f49a3bbce9b76a7482d9745005c.jpeg": {
    "app_sintetizada": "7FF92C14F13F49A3BBCE9B76A7482D9745005C.JPEG",
    "cantidad_archivos": 1,
    "archivos_fuente": [
      "Pictures/Fototeca de Fotos.photoslibrary/resources/derivatives/masters/7/7FF92C14-F13F-49A3-BBCE-9B76A7482D97_4_5005_c.jpeg"
    ],
    "ultima_modificacion": "2025-08-01 01:01:08.124434"
  },
  "7bff0e2b42754bffb3995acc19a896c945005c.jpeg": {
    "app_sintetizada": "7BFF0E2B42754BFFB3995ACC19A896C945005C.JPEG",
    "cantidad_archivos": 1,
    "archivos_fuente": [
      "Pictures/Fototeca de Fotos.photoslibrary/resources/derivatives/masters/7/7BFF0E2B-4275-4BFF-B399-5ACC19A896C9_4_5005_c.jpeg"
    ],
    "ultima_modificacion": "2025-08-01 01:01:08.124634"
  },
  "7ada25c4f34b42ea9a3e91f27be5306045005c.jpeg": {
    "app_sintetizada": "7ADA25C4F34B42EA9A3E91F27BE5306045005C.JPEG",
    "cantidad_archivos": 1,
    "archivos_fuente": [
      "Pictures/Fototeca de Fotos.photoslibrary/resources/derivatives/masters/7/7ADA25C4-F34B-42EA-9A3E-91F27BE53060_4_5005_c.jpeg"
    ],
    "ultima_modificacion": "2025-08-01 01:01:08.124827"
  },
  "77f0fcd3d0854d2696247065ed98dfce45005c.jpeg": {
    "app_sintetizada": "77F0FCD3D0854D2696247065ED98DFCE45005C.JPEG",
    "cantidad_archivos": 1,
    "archivos_fuente": [
      "Pictures/Fototeca de Fotos.photoslibrary/resources/derivatives/masters/7/77F0FCD3-D085-4D26-9624-7065ED98DFCE_4_5005_c.jpeg"
    ],
    "ultima_modificacion": "2025-08-01 01:01:08.125024"
  },
  "71dc552cf3124ca480d5e05e6115026e45005c.jpeg": {
    "app_sintetizada": "71DC552CF3124CA480D5E05E6115026E45005C.JPEG",
    "cantidad_archivos": 1,
    "archivos_fuente": [
      "Pictures/Fototeca de Fotos.photoslibrary/resources/derivatives/masters/7/71DC552C-F312-4CA4-80D5-E05E6115026E_4_5005_c.jpeg"
    ],
    "ultima_modificacion": "2025-08-01 01:01:08.125218"
  }
}