{
  "2d51bb099f954a70b9a8b19460f73c4e45005c.jpeg": {
    "app_sintetizada": "2D51BB099F954A70B9A8B19460F73C4E45005C.JPEG",
    "cantidad_archivos": 1,
    "archivos_fuente": [
      "Pictures/Fototeca de Fotos.photoslibrary/resources/derivatives/masters/2/2D51BB09-9F95-4A70-B9A8-B19460F73C4E_4_5005_c.jpeg"
    ],
    "ultima_modificacion": "2025-08-01 01:01:19.318175"
  },
  "287ca8fcead346cc87dc8240cebcd01745005c.jpeg": {
    "app_sintetizada": "287CA8FCEAD346CC87DC8240CEBCD01745005C.JPEG",
    "cantidad_archivos": 1,
    "archivos_fuente": [
      "Pictures/Fototeca de Fotos.photoslibrary/resources/derivatives/masters/2/287CA8FC-EAD3-46CC-87DC-8240CEBCD017_4_5005_c.jpeg"
    ],
    "ultima_modificacion": "2025-08-01 01:01:19.318498"
  },
  "2c059a922a954b03a271877755a3d53e45005c.jpeg": {
    "app_sintetizada": "2C059A922A954B03A271877755A3D53E45005C.JPEG",
    "cantidad_archivos": 1,
    "archivos_fuente": [
      "Pictures/Fototeca de Fotos.photoslibrary/resources/derivatives/masters/2/2C059A92-2A95-4B03-A271-877755A3D53E_4_5005_c.jpeg"
    ],
    "ultima_modificacion": "2025-08-01 01:01:19.318817"
  },
  "2362e9fbc67c45689cf7c4deea4b8fa945005c.jpeg": {
    "app_sintetizada": "2362E9FBC67C45689CF7C4DEEA4B8FA945005C.JPEG",
    "cantidad_archivos": 1,
    "archivos_fuente": [
      "Pictures/Fototeca de Fotos.photoslibrary/resources/derivatives/masters/2/2362E9FB-C67C-4568-9CF7-C4DEEA4B8FA9_4_5005_c.jpeg"
    ],
    "ultima_modificacion": "2025-08-01 01:01:19.319131"
  },
  "2447e5b5d18b4fca88f9e1367f69552d45005c.jpeg": {
    "app_sintetizada": "2447E5B5D18B4FCA88F9E1367F69552D45005C.JPEG",
    "cantidad_archivos": 1,
    "archivos_fuente": [
      "Pictures/Fototeca de Fotos.photoslibrary/resources/derivatives/masters/2/2447E5B5-D18B-4FCA-88F9-E1367F69552D_4_5005_c.jpeg"
    ],
    "ultima_modificacion": "2025-08-01 01:01:19.319455"
  },
  "25efda35bec5435a86c15827b5696e7245005c.jpeg": {
    "app_sintetizada": "25EFDA35BEC5435A86C15827B5696E7245005C.JPEG",
    "cantidad_archivos": 1,
    "archivos_fuente": [
      "Pictures/Fototeca de Fotos.photoslibrary/resources/derivatives/masters/2/25EFDA35-BEC5-435A-86C1-5827B5696E72_4_5005_c.jpeg"
    ],
    "ultima_modificacion": "2025-08-01 01:01:19.319772"
  },
  "22d2104734aa4ab78142c3c10a60223745005c.jpeg": {
    "app_sintetizada": "22D2104734AA4AB78142C3C10A60223745005C.JPEG",
    "cantidad_archivos": 1,
    "archivos_fuente": [
      "Pictures/Fototeca de Fotos.photoslibrary/resources/derivatives/masters/2/22D21047-34AA-4AB7-8142-C3C10A602237_4_5005_c.jpeg"
    ],
    "ultima_modificacion": "2025-08-01 01:01:19.320091"
  },
  "244768513ec841f28a4e970c6382381d45005c.jpeg": {
    "app_sintetizada": "244768513EC841F28A4E970C6382381D45005C.JPEG",
    "cantidad_archivos": 1,
    "archivos_fuente": [
      "Pictures/Fototeca de Fotos.photoslibrary/resources/derivatives/masters/2/24476851-3EC8-41F2-8A4E-970C6382381D_4_5005_c.jpeg"
    ],
    "ultima_modificacion": "2025-08-01 01:01:19.320417"
  },
  "2d96b4ded2d446ae9afcac5f24a9ae6f45005c.jpeg": {
    "app_sintetizada": "2D96B4DED2D446AE9AFCAC5F24A9AE6F45005C.JPEG",
    "cantidad_archivos": 1,
    "archivos_fuente": [
      "Pictures/Fototeca de Fotos.photoslibrary/resources/derivatives/masters/2/2D96B4DE-D2D4-46AE-9AFC-AC5F24A9AE6F_4_5005_c.jpeg"
    ],
    "ultima_modificacion": "2025-08-01 01:01:19.320737"
  },
  "2a4603ea25e74c9f94b085ff0af9b31845005c.jpeg": {
    "app_sintetizada": "2A4603EA25E74C9F94B085FF0AF9B31845005C.JPEG",
    "cantidad_archivos": 1,
    "archivos_fuente": [
      "Pictures/Fototeca de Fotos.photoslibrary/resources/derivatives/masters/2/2A4603EA-25E7-4C9F-94B0-85FF0AF9B318_4_5005_c.jpeg"
    ],
    "ultima_modificacion": "2025-08-01 01:01:19.321064"
  },
  "255435d719834d3a8ce3e3ed11a9ea9a45005c.jpeg": {
    "app_sintetizada": "255435D719834D3A8CE3E3ED11A9EA9A45005C.JPEG",
    "cantidad_archivos": 1,
    "archivos_fuente": [
      "Pictures/Fototeca de Fotos.photoslibrary/resources/derivatives/masters/2/255435D7-1983-4D3A-8CE3-E3ED11A9EA9A_4_5005_c.jpeg"
    ],
    "ultima_modificacion": "2025-08-01 01:01:19.321379"
  },
  "298e22aeca9f4bd3be824be1f20fae0b45005c.jpeg": {
    "app_sintetizada": "298E22AECA9F4BD3BE824BE1F20FAE0B45005C.JPEG",
    "cantidad_archivos": 1,
    "archivos_fuente": [
      "Pictures/Fototeca de Fotos.photoslibrary/resources/derivatives/masters/2/298E22AE-CA9F-4BD3-BE82-4BE1F20FAE0B_4_5005_c.jpeg"
    ],
    "ultima_modificacion": "2025-08-01 01:01:19.321689"
  },
  "2124ec441010440ca1bc87d23c5528de45005c.jpeg": {
    "app_sintetizada": "2124EC441010440CA1BC87D23C5528DE45005C.JPEG",
    "cantidad_archivos": 1,
    "archivos_fuente": [
      "Pictures/Fototeca de Fotos.photoslibrary/resources/derivatives/masters/2/2124EC44-1010-440C-A1BC-87D23C5528DE_4_5005_c.jpeg"
    ],
    "ultima_modificacion": "2025-08-01 01:01:19.321988"
  },
  "2d6392c5eead4dd0aca147b8d10c1ed145005c.jpeg": {
    "app_sintetizada": "2D6392C5EEAD4DD0ACA147B8D10C1ED145005C.JPEG",
    "cantidad_archivos": 1,
    "archivos_fuente": [
      "Pictures/Fototeca de Fotos.photoslibrary/resources/derivatives/masters/2/2D6392C5-EEAD-4DD0-ACA1-47B8D10C1ED1_4_5005_c.jpeg"
    ],
    "ultima_modificacion": "2025-08-01 01:01:19.322214"
  },
  "234b5553e6c64147ab2516ffc398b3d445005c.jpeg": {
    "app_sintetizada": "234B5553E6C64147AB2516FFC398B3D445005C.JPEG",
    "cantidad_archivos": 1,
    "archivos_fuente": [
      "Pictures/Fototeca de Fotos.photoslibrary/resources/derivatives/masters/2/234B5553-E6C6-4147-AB25-16FFC398B3D4_4_5005_c.jpeg"
    ],
    "ultima_modificacion": "2025-08-01 01:01:19.322556"
  },
  "2b1419196e614e9eac83e67c5735b61545005c.jpeg": {
    "app_sintetizada": "2B1419196E614E9EAC83E67C5735B61545005C.JPEG",
    "cantidad_archivos": 1,
    "archivos_fuente": [
      "Pictures/Fototeca de Fotos.photoslibrary/resources/derivatives/masters/2/2B141919-6E61-4E9E-AC83-E67C5735B615_4_5005_c.jpeg"
    ],
    "ultima_modificacion": "2025-08-01 01:01:19.322887"
  },
  "2c39851b9efe40159ec37ded3d0e785445005c.jpeg": {
    "app_sintetizada": "2C39851B9EFE40159EC37DED3D0E785445005C.JPEG",
    "cantidad_archivos": 1,
    "archivos_fuente": [
      "Pictures/Fototeca de Fotos.photoslibrary/resources/derivatives/masters/2/2C39851B-9EFE-4015-9EC3-7DED3D0E7854_4_5005_c.jpeg"
    ],
    "ultima_modificacion": "2025-08-01 01:01:19.323228"
  },
  "2053bad1038e4ffcb4da1be52394585945005c.jpeg": {
    "app_sintetizada": "2053BAD1038E4FFCB4DA1BE52394585945005C.JPEG",
    "cantidad_archivos": 1,
    "archivos_fuente": [
      "Pictures/Fototeca de Fotos.photoslibrary/resources/derivatives/masters/2/2053BAD1-038E-4FFC-B4DA-1BE523945859_4_5005_c.jpeg"
    ],
    "ultima_modificacion": "2025-08-01 01:01:19.323582"
  },
  "225a081678cb440ab23231f709f42a0145005c.jpeg": {
    "app_sintetizada": "225A081678CB440AB23231F709F42A0145005C.JPEG",
    "cantidad_archivos": 1,
    "archivos_fuente": [
      "Pictures/Fototeca de Fotos.photoslibrary/resources/derivatives/masters/2/225A0816-78CB-440A-B232-31F709F42A01_4_5005_c.jpeg"
    ],
    "ultima_modificacion": "2025-08-01 01:01:19.323901"
  },
  "2a6e694287014d29aaed9ef211d0ce7e45005c.jpeg": {
    "app_sintetizada": "2A6E694287014D29AAED9EF211D0CE7E45005C.JPEG",
    "cantidad_archivos": 1,
    "archivos_fuente": [
      "Pictures/Fototeca de Fotos.photoslibrary/resources/derivatives/masters/2/2A6E6942-8701-4D29-AAED-9EF211D0CE7E_4_5005_c.jpeg"
    ],
    "ultima_modificacion": "2025-08-01 01:01:19.324206"
  },
  "28b8ff1ed9874e518f7e8ce2bca8b78c45005c.jpeg": {
    "app_sintetizada": "28B8FF1ED9874E518F7E8CE2BCA8B78C45005C.JPEG",
    "cantidad_archivos": 1,
    "archivos_fuente": [
      "Pictures/Fototeca de Fotos.photoslibrary/resources/derivatives/masters/2/28B8FF1E-D987-4E51-8F7E-8CE2BCA8B78C_4_5005_c.jpeg"
    ],
    "ultima_modificacion": "2025-08-01 01:01:19.324515"
  },
  "2b175399d502426bb78417a3738e24bb45005c.jpeg": {
    "app_sintetizada": "2B175399D502426BB78417A3738E24BB45005C.JPEG",
    "cantidad_archivos": 1,
    "archivos_fuente": [
      "Pictures/Fototeca de Fotos.photoslibrary/resources/derivatives/masters/2/2B175399-D502-426B-B784-17A3738E24BB_4_5005_c.jpeg"
    ],
    "ultima_modificacion": "2025-08-01 01:01:19.324826"
  },
  "24124f46be174df086d72bb33ad7cb7a45005c.jpeg": {
    "app_sintetizada": "24124F46BE174DF086D72BB33AD7CB7A45005C.JPEG",
    "cantidad_archivos": 1,
    "archivos_fuente": [
      "Pictures/Fototeca de Fotos.photoslibrary/resources/derivatives/masters/2/24124F46-BE17-4DF0-86D7-2BB33AD7CB7A_4_5005_c.jpeg"
    ],
    "ultima_modificacion": "2025-08-01 01:01:19.325131"
  },
  "27df86b054ea4aec8a979a5f4a26ec4e45005c.jpeg": {
    "app_sintetizada": "27DF86B054EA4AEC8A979A5F4A26EC4E45005C.JPEG",
    "cantidad_archivos": 1,
    "archivos_fuente": [
      "Pictures/Fototeca de Fotos.photoslibrary/resources/derivatives/masters/2/27DF86B0-54EA-4AEC-8A97-9A5F4A26EC4E_4_5005_c.jpeg"
    ],
    "ultima_modificacion": "2025-08-01 01:01:19.325448"
  },
  "273391274e044652939365b8cd2f492945005c.jpeg": {
    "app_sintetizada": "273391274E044652939365B8CD2F492945005C.JPEG",
    "cantidad_archivos": 1,
    "archivos_fuente": [
      "Pictures/Fototeca de Fotos.photoslibrary/resources/derivatives/masters/2/27339127-4E04-4652-9393-65B8CD2F4929_4_5005_c.jpeg"
    ],
    "ultima_modificacion": "2025-08-01 01:01:19.325757"
  },
  "228336a155b34f35b3d324ffc9741d2e45005c.jpeg": {
    "app_sintetizada": "228336A155B34F35B3D324FFC9741D2E45005C.JPEG",
    "cantidad_archivos": 1,
    "archivos_fuente": [
      "Pictures/Fototeca de Fotos.photoslibrary/resources/derivatives/masters/2/228336A1-55B3-4F35-B3D3-24FFC9741D2E_4_5005_c.jpeg"
    ],
    "ultima_modificacion": "2025-08-01 01:01:19.326047"
  },
  "2d1683f8d14442c8ab985324f8d3e4b145005c.jpeg": {
    "app_sintetizada": "2D1683F8D14442C8AB985324F8D3E4B145005C.JPEG",
    "cantidad_archivos": 1,
    "archivos_fuente": [
      "Pictures/Fototeca de Fotos.photoslibrary/resources/derivatives/masters/2/2D1683F8-D144-42C8-AB98-5324F8D3E4B1_4_5005_c.jpeg"
    ],
    "ultima_modificacion": "2025-08-01 01:01:19.326367"
  },
  "2f5c3da740bf486d82542aaa0a6b189e45005c.jpeg": {
    "app_sintetizada": "2F5C3DA740BF486D82542AAA0A6B189E45005C.JPEG",
    "cantidad_archivos": 1,
    "archivos_fuente": [
      "Pictures/Fototeca de Fotos.photoslibrary/resources/derivatives/masters/2/2F5C3DA7-40BF-486D-8254-2AAA0A6B189E_4_5005_c.jpeg"
    ],
    "ultima_modificacion": "2025-08-01 01:01:19.326691"
  },
  "28565e54480043a2ad8e9c170e77197c45005c.jpeg": {
    "app_sintetizada": "28565E54480043A2AD8E9C170E77197C45005C.JPEG",
    "cantidad_archivos": 1,
    "archivos_fuente": [
      "Pictures/Fototeca de Fotos.photoslibrary/resources/derivatives/masters/2/28565E54-4800-43A2-AD8E-9C170E77197C_4_5005_c.jpeg"
    ],
    "ultima_modificacion": "2025-08-01 01:01:19.327017"
  },
  "243fcf0aea094d58849275661aded65445005c.jpeg": {
    "app_sintetizada": "243FCF0AEA094D58849275661ADED65445005C.JPEG",
    "cantidad_archivos": 1,
    "archivos_fuente": [
      "Pictures/Fototeca de Fotos.photoslibrary/resources/derivatives/masters/2/243FCF0A-EA09-4D58-8492-75661ADED654_4_5005_c.jpeg"
    ],
    "ultima_modificacion": "2025-08-01 01:01:19.327300"
  },
  "236d8960efaf40f3b7da28008f1a49d445005c.jpeg": {
    "app_sintetizada": "236D8960EFAF40F3B7DA28008F1A49D445005C.JPEG",
    "cantidad_archivos": 1,
    "archivos_fuente": [
      "Pictures/Fototeca de Fotos.photoslibrary/resources/derivatives/masters/2/236D8960-EFAF-40F3-B7DA-28008F1A49D4_4_5005_c.jpeg"
    ],
    "ultima_modificacion": "2025-08-01 01:01:19.327666"
  },
  "2bc7c508a5fe4bbf8bc349c95cdaa2f745005c.jpeg": {
    "app_sintetizada": "2BC7C508A5FE4BBF8BC349C95CDAA2F745005C.JPEG",
    "cantidad_archivos": 1,
    "archivos_fuente": [
      "Pictures/Fototeca de Fotos.photoslibrary/resources/derivatives/masters/2/2BC7C508-A5FE-4BBF-8BC3-49C95CDAA2F7_4_5005_c.jpeg"
    ],
    "ultima_modificacion": "2025-08-01 01:01:19.327991"
  },
  "26d614ce0bba49ffa9ff2278b7f2ff0345005c.jpeg": {
    "app_sintetizada": "26D614CE0BBA49FFA9FF2278B7F2FF0345005C.JPEG",
    "cantidad_archivos": 1,
    "archivos_fuente": [
      "Pictures/Fototeca de Fotos.photoslibrary/resources/derivatives/masters/2/26D614CE-0BBA-49FF-A9FF-2278B7F2FF03_4_5005_c.jpeg"
    ],
    "ultima_modificacion": "2025-08-01 01:01:19.328308"
  },
  "2e9e72dc0e3a4b49b536a1dae41a8bcb45005c.jpeg": {
    "app_sintetizada": "2E9E72DC0E3A4B49B536A1DAE41A8BCB45005C.JPEG",
    "cantidad_archivos": 1,
    "archivos_fuente": [
      "Pictures/Fototeca de Fotos.photoslibrary/resources/derivatives/masters/2/2E9E72DC-0E3A-4B49-B536-A1DAE41A8BCB_4_5005_c.jpeg"
    ],
    "ultima_modificacion": "2025-08-01 01:01:19.328632"
  },
  "2395a6a13ee14fed82160ee5d38c1ef945005c.jpeg": {
    "app_sintetizada": "2395A6A13EE14FED82160EE5D38C1EF945005C.JPEG",
    "cantidad_archivos": 1,
    "archivos_fuente": [
      "Pictures/Fototeca de Fotos.photoslibrary/resources/derivatives/masters/2/2395A6A1-3EE1-4FED-8216-0EE5D38C1EF9_4_5005_c.jpeg"
    ],
    "ultima_modificacion": "2025-08-01 01:01:19.328960"
  },
  "27b6fab9674b43e68b538ed0aa0540a745005c.jpeg": {
    "app_sintetizada": "27B6FAB9674B43E68B538ED0AA0540A745005C.JPEG",
    "cantidad_archivos": 1,
    "archivos_fuente": [
      "Pictures/Fototeca de Fotos.photoslibrary/resources/derivatives/masters/2/27B6FAB9-674B-43E6-8B53-8ED0AA0540A7_4_5005_c.jpeg"
    ],
    "ultima_modificacion": "2025-08-01 01:01:19.329269"
  },
  "27ff06558fec4a3394df418e8eae205845005c.jpeg": {
    "app_sintetizada": "27FF06558FEC4A3394DF418E8EAE205845005C.JPEG",
    "cantidad_archivos": 1,
    "archivos_fuente": [
      "Pictures/Fototeca de Fotos.photoslibrary/resources/derivatives/masters/2/27FF0655-8FEC-4A33-94DF-418E8EAE2058_4_5005_c.jpeg"
    ],
    "ultima_modificacion": "2025-08-01 01:01:19.329537"
  },
  "28379ccc6b4944f0bf3ddf26018f8eb145005c.jpeg": {
    "app_sintetizada": "28379CCC6B4944F0BF3DDF26018F8EB145005C.JPEG",
    "cantidad_archivos": 1,
    "archivos_fuente": [
      "Pictures/Fototeca de Fotos.photoslibrary/resources/derivatives/masters/2/28379CCC-6B49-44F0-BF3D-DF26018F8EB1_4_5005_c.jpeg"
    ],
    "ultima_modificacion": "2025-08-01 01:01:19.329868"
  },
  "24dde67dd2854f7ab67902c701f8083545005c.jpeg": {
    "app_sintetizada": "24DDE67DD2854F7AB67902C701F8083545005C.JPEG",
    "cantidad_archivos": 1,
    "archivos_fuente": [
      "Pictures/Fototeca de Fotos.photoslibrary/resources/derivatives/masters/2/24DDE67D-D285-4F7A-B679-02C701F80835_4_5005_c.jpeg"
    ],
    "ultima_modificacion": "2025-08-01 01:01:19.330115"
  },
  "28675285221246a8b4811b049cc8e5c645005c.jpeg": {
    "app_sintetizada": "28675285221246A8B4811B049CC8E5C645005C.JPEG",
    "cantidad_archivos": 1,
    "archivos_fuente": [
      "Pictures/Fototeca de Fotos.photoslibrary/resources/derivatives/masters/2/28675285-2212-46A8-B481-1B049CC8E5C6_4_5005_c.jpeg"
    ],
    "ultima_modificacion": "2025-08-01 01:01:19.330413"
  },
  "2f32c3ba8d834570a3f37dd724d6b22545005c.jpeg": {
    "app_sintetizada": "2F32C3BA8D834570A3F37DD724D6B22545005C.JPEG",
    "cantidad_archivos": 1,
    "archivos_fuente": [
      "Pictures/Fototeca de Fotos.photoslibrary/resources/derivatives/masters/2/2F32C3BA-8D83-4570-A3F3-7DD724D6B225_4_5005_c.jpeg"
    ],
    "ultima_modificacion": "2025-08-01 01:01:19.330719"
  },
  "2fe4a2f08f44496982e0e3abbf9e2f0c45005c.jpeg": {
    "app_sintetizada": "2FE4A2F08F44496982E0E3ABBF9E2F0C45005C.JPEG",
    "cantidad_archivos": 1,
    "archivos_fuente": [
      "Pictures/Fototeca de Fotos.photoslibrary/resources/derivatives/masters/2/2FE4A2F0-8F44-4969-82E0-E3ABBF9E2F0C_4_5005_c.jpeg"
    ],
    "ultima_modificacion": "2025-08-01 01:01:19.331032"
  },
  "288a0d1524a4426982fb1bd7d30c678645005c.jpeg": {
    "app_sintetizada": "288A0D1524A4426982FB1BD7D30C678645005C.JPEG",
    "cantidad_archivos": 1,
    "archivos_fuente": [
      "Pictures/Fototeca de Fotos.photoslibrary/resources/derivatives/masters/2/288A0D15-24A4-4269-82FB-1BD7D30C6786_4_5005_c.jpeg"
    ],
    "ultima_modificacion": "2025-08-01 01:01:19.331344"
  },
  "20c51df9fac443b0acf943a11a2b55fa45005c.jpeg": {
    "app_sintetizada": "20C51DF9FAC443B0ACF943A11A2B55FA45005C.JPEG",
    "cantidad_archivos": 1,
    "archivos_fuente": [
      "Pictures/Fototeca de Fotos.photoslibrary/resources/derivatives/masters/2/20C51DF9-FAC4-43B0-ACF9-43A11A2B55FA_4_5005_c.jpeg"
    ],
    "ultima_modificacion": "2025-08-01 01:01:19.331670"
  },
  "2995667726b148338b57c40b7b71da3445005c.jpeg": {
    "app_sintetizada": "2995667726B148338B57C40B7B71DA3445005C.JPEG",
    "cantidad_archivos": 1,
    "archivos_fuente": [
      "Pictures/Fototeca de Fotos.photoslibrary/resources/derivatives/masters/2/29956677-26B1-4833-8B57-C40B7B71DA34_4_5005_c.jpeg"
    ],
    "ultima_modificacion": "2025-08-01 01:01:19.331987"
  },
  "2891a0667a9740698e58adace4f27b0b45005c.jpeg": {
    "app_sintetizada": "2891A0667A9740698E58ADACE4F27B0B45005C.JPEG",
    "cantidad_archivos": 1,
    "archivos_fuente": [
      "Pictures/Fototeca de Fotos.photoslibrary/resources/derivatives/masters/2/2891A066-7A97-4069-8E58-ADACE4F27B0B_4_5005_c.jpeg"
    ],
    "ultima_modificacion": "2025-08-01 01:01:19.332329"
  },
  "20304bf209a042dea4b8dad01aee90dd45005c.jpeg": {
    "app_sintetizada": "20304BF209A042DEA4B8DAD01AEE90DD45005C.JPEG",
    "cantidad_archivos": 1,
    "archivos_fuente": [
      "Pictures/Fototeca de Fotos.photoslibrary/resources/derivatives/masters/2/20304BF2-09A0-42DE-A4B8-DAD01AEE90DD_4_5005_c.jpeg"
    ],
    "ultima_modificacion": "2025-08-01 01:01:19.332584"
  },
  "2388ddf638784a9fa4a1a6c2514cdae045005c.jpeg": {
    "app_sintetizada": "2388DDF638784A9FA4A1A6C2514CDAE045005C.JPEG",
    "cantidad_archivos": 1,
    "archivos_fuente": [
      "Pictures/Fototeca de Fotos.photoslibrary/resources/derivatives/masters/2/2388DDF6-3878-4A9F-A4A1-A6C2514CDAE0_4_5005_c.jpeg"
    ],
    "ultima_modificacion": "2025-08-01 01:01:19.332899"
  },
  "2f7b8301772f44a2aca59311f3bf3eae45005c.jpeg": {
    "app_sintetizada": "2F7B8301772F44A2ACA59311F3BF3EAE45005C.JPEG",
    "cantidad_archivos": 1,
    "archivos_fuente": [
      "Pictures/Fototeca de Fotos.photoslibrary/resources/derivatives/masters/2/2F7B8301-772F-44A2-ACA5-9311F3BF3EAE_4_5005_c.jpeg"
    ],
    "ultima_modificacion": "2025-08-01 01:01:19.333225"
  },
  "21c5fe8adea6477e83e62140de63ad9f45005c.jpeg": {
    "app_sintetizada": "21C5FE8ADEA6477E83E62140DE63AD9F45005C.JPEG",
    "cantidad_archivos": 1,
    "archivos_fuente": [
      "Pictures/Fototeca de Fotos.photoslibrary/resources/derivatives/masters/2/21C5FE8A-DEA6-477E-83E6-2140DE63AD9F_4_5005_c.jpeg"
    ],
    "ultima_modificacion": "2025-08-01 01:01:19.333561"
  },
  "2e3d93640cfa42598c2c134f3cbe985a45005c.jpeg": {
    "app_sintetizada": "2E3D93640CFA42598C2C134F3CBE985A45005C.JPEG",
    "cantidad_archivos": 1,
    "archivos_fuente": [
      "Pictures/Fototeca de Fotos.photoslibrary/resources/derivatives/masters/2/2E3D9364-0CFA-4259-8C2C-134F3CBE985A_4_5005_c.jpeg"
    ],
    "ultima_modificacion": "2025-08-01 01:01:19.333880"
  },
  "23bd87f286af4b80a178c5409dfc6f3445005c.jpeg": {
    "app_sintetizada": "23BD87F286AF4B80A178C5409DFC6F3445005C.JPEG",
    "cantidad_archivos": 1,
    "archivos_fuente": [
      "Pictures/Fototeca de Fotos.photoslibrary/resources/derivatives/masters/2/23BD87F2-86AF-4B80-A178-C5409DFC6F34_4_5005_c.jpeg"
    ],
    "ultima_modificacion": "2025-08-01 01:01:19.334190"
  },
  "2ce7a6b43c8c49958f2496e7e9c3969d45005c.jpeg": {
    "app_sintetizada": "2CE7A6B43C8C49958F2496E7E9C3969D45005C.JPEG",
    "cantidad_archivos": 1,
    "archivos_fuente": [
      "Pictures/Fototeca de Fotos.photoslibrary/resources/derivatives/masters/2/2CE7A6B4-3C8C-4995-8F24-96E7E9C3969D_4_5005_c.jpeg"
    ],
    "ultima_modificacion": "2025-08-01 01:01:19.334496"
  },
  "2ff67815ad644baebf5459020e9de40f45005c.jpeg": {
    "app_sintetizada": "2FF67815AD644BAEBF5459020E9DE40F45005C.JPEG",
    "cantidad_archivos": 1,
    "archivos_fuente": [
      "Pictures/Fototeca de Fotos.photoslibrary/resources/derivatives/masters/2/2FF67815-AD64-4BAE-BF54-59020E9DE40F_4_5005_c.jpeg"
    ],
    "ultima_modificacion": "2025-08-01 01:01:19.334828"
  },
  "2b0cba46701c484493a648a12a08aafd45005c.jpeg": {
    "app_sintetizada": "2B0CBA46701C484493A648A12A08AAFD45005C.JPEG",
    "cantidad_archivos": 1,
    "archivos_fuente": [
      "Pictures/Fototeca de Fotos.photoslibrary/resources/derivatives/masters/2/2B0CBA46-701C-4844-93A6-48A12A08AAFD_4_5005_c.jpeg"
    ],
    "ultima_modificacion": "2025-08-01 01:01:19.335137"
  },
  "21dda318960946eca6f56b9753ece63045005c.jpeg": {
    "app_sintetizada": "21DDA318960946ECA6F56B9753ECE63045005C.JPEG",
    "cantidad_archivos": 1,
    "archivos_fuente": [
      "Pictures/Fototeca de Fotos.photoslibrary/resources/derivatives/masters/2/21DDA318-9609-46EC-A6F5-6B9753ECE630_4_5005_c.jpeg"
    ],
    "ultima_modificacion": "2025-08-01 01:01:19.335450"
  },
  "2aa75a9a97214af89a78ac73d331d5ab45005c.jpeg": {
    "app_sintetizada": "2AA75A9A97214AF89A78AC73D331D5AB45005C.JPEG",
    "cantidad_archivos": 1,
    "archivos_fuente": [
      "Pictures/Fototeca de Fotos.photoslibrary/resources/derivatives/masters/2/2AA75A9A-9721-4AF8-9A78-AC73D331D5AB_4_5005_c.jpeg"
    ],
    "ultima_modificacion": "2025-08-01 01:01:19.335772"
  },
  "2a7e59df576949648b3088ea9431ba7545005c.jpeg": {
    "app_sintetizada": "2A7E59DF576949648B3088EA9431BA7545005C.JPEG",
    "cantidad_archivos": 1,
    "archivos_fuente": [
      "Pictures/Fototeca de Fotos.photoslibrary/resources/derivatives/masters/2/2A7E59DF-5769-4964-8B30-88EA9431BA75_4_5005_c.jpeg"
    ],
    "ultima_modificacion": "2025-08-01 01:01:19.336093"
  },
  "28eb290717cc435bb784db2e0fa5979445005c.jpeg": {
    "app_sintetizada": "28EB290717CC435BB784DB2E0FA5979445005C.JPEG",
    "cantidad_archivos": 1,
    "archivos_fuente": [
      "Pictures/Fototeca de Fotos.photoslibrary/resources/derivatives/masters/2/28EB2907-17CC-435B-B784-DB2E0FA59794_4_5005_c.jpeg"
    ],
    "ultima_modificacion": "2025-08-01 01:01:19.336443"
  },
  "23e12b1b027f421c8ffdeaa0222d916e45005c.jpeg": {
    "app_sintetizada": "23E12B1B027F421C8FFDEAA0222D916E45005C.JPEG",
    "cantidad_archivos": 1,
    "archivos_fuente": [
      "Pictures/Fototeca de Fotos.photoslibrary/resources/derivatives/masters/2/23E12B1B-027F-421C-8FFD-EAA0222D916E_4_5005_c.jpeg"
    ],
    "ultima_modificacion": "2025-08-01 01:01:19.336806"
  },
  "21c7c975826e4d11a8a9aa47ba95e88e45005c.jpeg": {
    "app_sintetizada": "21C7C975826E4D11A8A9AA47BA95E88E45005C.JPEG",
    "cantidad_archivos": 1,
    "archivos_fuente": [
      "Pictures/Fototeca de Fotos.photoslibrary/resources/derivatives/masters/2/21C7C975-826E-4D11-A8A9-AA47BA95E88E_4_5005_c.jpeg"
    ],
    "ultima_modificacion": "2025-08-01 01:01:19.337153"
  },
  "25f755387908401faa554a346486642845005c.jpeg": {
    "app_sintetizada": "25F755387908401FAA554A346486642845005C.JPEG",
    "cantidad_archivos": 1,
    "archivos_fuente": [
      "Pictures/Fototeca de Fotos.photoslibrary/resources/derivatives/masters/2/25F75538-7908-401F-AA55-4A3464866428_4_5005_c.jpeg"
    ],
    "ultima_modificacion": "2025-08-01 01:01:19.337498"
  },
  "20063009c8e4465983269d40004eb97645005c.jpeg": {
    "app_sintetizada": "20063009C8E4465983269D40004EB97645005C.JPEG",
    "cantidad_archivos": 1,
    "archivos_fuente": [
      "Pictures/Fototeca de Fotos.photoslibrary/resources/derivatives/masters/2/20063009-C8E4-4659-8326-9D40004EB976_4_5005_c.jpeg"
    ],
    "ultima_modificacion": "2025-08-01 01:01:19.337833"
  },
  "2d608b419df645e3921a7c9745e05c2045005c.jpeg": {
    "app_sintetizada": "2D608B419DF645E3921A7C9745E05C2045005C.JPEG",
    "cantidad_archivos": 1,
    "archivos_fuente": [
      "Pictures/Fototeca de Fotos.photoslibrary/resources/derivatives/masters/2/2D608B41-9DF6-45E3-921A-7C9745E05C20_4_5005_c.jpeg"
    ],
    "ultima_modificacion": "2025-08-01 01:01:19.338151"
  },
  "22e0eec8ab1f4801b3dcf0c13181f0e145005c.jpeg": {
    "app_sintetizada": "22E0EEC8AB1F4801B3DCF0C13181F0E145005C.JPEG",
    "cantidad_archivos": 1,
    "archivos_fuente": [
      "Pictures/Fototeca de Fotos.photoslibrary/resources/derivatives/masters/2/22E0EEC8-AB1F-4801-B3DC-F0C13181F0E1_4_5005_c.jpeg"
    ],
    "ultima_modificacion": "2025-08-01 01:01:19.338472"
  },
  "277449f4c84d4557a677e814c1204c6545005c.jpeg": {
    "app_sintetizada": "277449F4C84D4557A677E814C1204C6545005C.JPEG",
    "cantidad_archivos": 1,
    "archivos_fuente": [
      "Pictures/Fototeca de Fotos.photoslibrary/resources/derivatives/masters/2/277449F4-C84D-4557-A677-E814C1204C65_4_5005_c.jpeg"
    ],
    "ultima_modificacion": "2025-08-01 01:01:19.338753"
  },
  "2cd296aef94b446db091cf12a63640e545005c.jpeg": {
    "app_sintetizada": "2CD296AEF94B446DB091CF12A63640E545005C.JPEG",
    "cantidad_archivos": 1,
    "archivos_fuente": [
      "Pictures/Fototeca de Fotos.photoslibrary/resources/derivatives/masters/2/2CD296AE-F94B-446D-B091-CF12A63640E5_4_5005_c.jpeg"
    ],
    "ultima_modificacion": "2025-08-01 01:01:19.339058"
  },
  "215e689174e447229101bf68b629c5e845005c.jpeg": {
    "app_sintetizada": "215E689174E447229101BF68B629C5E845005C.JPEG",
    "cantidad_archivos": 1,
    "archivos_fuente": [
      "Pictures/Fototeca de Fotos.photoslibrary/resources/derivatives/masters/2/215E6891-74E4-4722-9101-BF68B629C5E8_4_5005_c.jpeg"
    ],
    "ultima_modificacion": "2025-08-01 01:01:19.339362"
  },
  "235ee3ca9b664bf3ad529c9b6ddc25bd45005c.jpeg": {
    "app_sintetizada": "235EE3CA9B664BF3AD529C9B6DDC25BD45005C.JPEG",
    "cantidad_archivos": 1,
    "archivos_fuente": [
      "Pictures/Fototeca de Fotos.photoslibrary/resources/derivatives/masters/2/235EE3CA-9B66-4BF3-AD52-9C9B6DDC25BD_4_5005_c.jpeg"
    ],
    "ultima_modificacion": "2025-08-01 01:01:19.339673"
  },
  "2d85973132914e6db7cf84ba0dbe909a45005c.jpeg": {
    "app_sintetizada": "2D85973132914E6DB7CF84BA0DBE909A45005C.JPEG",
    "cantidad_archivos": 1,
    "archivos_fuente": [
      "Pictures/Fototeca de Fotos.photoslibrary/resources/derivatives/masters/2/2D859731-3291-4E6D-B7CF-84BA0DBE909A_4_5005_c.jpeg"
    ],
    "ultima_modificacion": "2025-08-01 01:01:19.339988"
  },
  "295f286b5f2a49df8882a4f2d07eca8c45005c.jpeg": {
    "app_sintetizada": "295F286B5F2A49DF8882A4F2D07ECA8C45005C.JPEG",
    "cantidad_archivos": 1,
    "archivos_fuente": [
      "Pictures/Fototeca de Fotos.photoslibrary/resources/derivatives/masters/2/295F286B-5F2A-49DF-8882-A4F2D07ECA8C_4_5005_c.jpeg"
    ],
    "ultima_modificacion": "2025-08-01 01:01:19.340297"
  },
  "23d66307860f4ccb963ddf737e07142e45005c.jpeg": {
    "app_sintetizada": "23D66307860F4CCB963DDF737E07142E45005C.JPEG",
    "cantidad_archivos": 1,
    "archivos_fuente": [
      "Pictures/Fototeca de Fotos.photoslibrary/resources/derivatives/masters/2/23D66307-860F-4CCB-963D-DF737E07142E_4_5005_c.jpeg"
    ],
    "ultima_modificacion": "2025-08-01 01:01:19.340600"
  },
  "240222910ad3493ea39f71f93b7eaac945005c.jpeg": {
    "app_sintetizada": "240222910AD3493EA39F71F93B7EAAC945005C.JPEG",
    "cantidad_archivos": 1,
    "archivos_fuente": [
      "Pictures/Fototeca de Fotos.photoslibrary/resources/derivatives/masters/2/24022291-0AD3-493E-A39F-71F93B7EAAC9_4_5005_c.jpeg"
    ],
    "ultima_modificacion": "2025-08-01 01:01:19.340900"
  },
  "22f67209ab6b4e5581ad5fa905787cfc45005c.jpeg": {
    "app_sintetizada": "22F67209AB6B4E5581AD5FA905787CFC45005C.JPEG",
    "cantidad_archivos": 1,
    "archivos_fuente": [
      "Pictures/Fototeca de Fotos.photoslibrary/resources/derivatives/masters/2/22F67209-AB6B-4E55-81AD-5FA905787CFC_4_5005_c.jpeg"
    ],
    "ultima_modificacion": "2025-08-01 01:01:19.341229"
  },
  "203b38e9c18041b1987093f56bae91f045005c.jpeg": {
    "app_sintetizada": "203B38E9C18041B1987093F56BAE91F045005C.JPEG",
    "cantidad_archivos": 1,
    "archivos_fuente": [
      "Pictures/Fototeca de Fotos.photoslibrary/resources/derivatives/masters/2/203B38E9-C180-41B1-9870-93F56BAE91F0_4_5005_c.jpeg"
    ],
    "ultima_modificacion": "2025-08-01 01:01:19.341555"
  },
  "202c1efab921405f947600cd5d6b354545005c.jpeg": {
    "app_sintetizada": "202C1EFAB921405F947600CD5D6B354545005C.JPEG",
    "cantidad_archivos": 1,
    "archivos_fuente": [
      "Pictures/Fototeca de Fotos.photoslibrary/resources/derivatives/masters/2/202C1EFA-B921-405F-9476-00CD5D6B3545_4_5005_c.jpeg"
    ],
    "ultima_modificacion": "2025-08-01 01:01:19.341896"
  },
  "2538b5576d4b4be39d7e9fd06c6bb01b45005c.jpeg": {
    "app_sintetizada": "2538B5576D4B4BE39D7E9FD06C6BB01B45005C.JPEG",
    "cantidad_archivos": 1,
    "archivos_fuente": [
      "Pictures/Fototeca de Fotos.photoslibrary/resources/derivatives/masters/2/2538B557-6D4B-4BE3-9D7E-9FD06C6BB01B_4_5005_c.jpeg"
    ],
    "ultima_modificacion": "2025-08-01 01:01:19.342217"
  },
  "2bef9ec9afb94349b7d3538f075808f545005c.jpeg": {
    "app_sintetizada": "2BEF9EC9AFB94349B7D3538F075808F545005C.JPEG",
    "cantidad_archivos": 1,
    "archivos_fuente": [
      "Pictures/Fototeca de Fotos.photoslibrary/resources/derivatives/masters/2/2BEF9EC9-AFB9-4349-B7D3-538F075808F5_4_5005_c.jpeg"
    ],
    "ultima_modificacion": "2025-08-01 01:01:19.342512"
  },
  "28fd04d36fbf4e418184f89f8dbc396845005c.jpeg": {
    "app_sintetizada": "28FD04D36FBF4E418184F89F8DBC396845005C.JPEG",
    "cantidad_archivos": 1,
    "archivos_fuente": [
      "Pictures/Fototeca de Fotos.photoslibrary/resources/derivatives/masters/2/28FD04D3-6FBF-4E41-8184-F89F8DBC3968_4_5005_c.jpeg"
    ],
    "ultima_modificacion": "2025-08-01 01:01:19.342820"
  },
  "2c45e020855c456bbd929853e0b8757e45005c.jpeg": {
    "app_sintetizada": "2C45E020855C456BBD929853E0B8757E45005C.JPEG",
    "cantidad_archivos": 1,
    "archivos_fuente": [
      "Pictures/Fototeca de Fotos.photoslibrary/resources/derivatives/masters/2/2C45E020-855C-456B-BD92-9853E0B8757E_4_5005_c.jpeg"
    ],
    "ultima_modificacion": "2025-08-01 01:01:19.343146"
  },
  "21e25ce352d7497aa6bcd493c3cef61f45005c.jpeg": {
    "app_sintetizada": "21E25CE352D7497AA6BCD493C3CEF61F45005C.JPEG",
    "cantidad_archivos": 1,
    "archivos_fuente": [
      "Pictures/Fototeca de Fotos.photoslibrary/resources/derivatives/masters/2/21E25CE3-52D7-497A-A6BC-D493C3CEF61F_4_5005_c.jpeg"
    ],
    "ultima_modificacion": "2025-08-01 01:01:19.343444"
  },
  "28ac529481944245bafb299a5d075c2545005c.jpeg": {
    "app_sintetizada": "28AC529481944245BAFB299A5D075C2545005C.JPEG",
    "cantidad_archivos": 1,
    "archivos_fuente": [
      "Pictures/Fototeca de Fotos.photoslibrary/resources/derivatives/masters/2/28AC5294-8194-4245-BAFB-299A5D075C25_4_5005_c.jpeg"
    ],
    "ultima_modificacion": "2025-08-01 01:01:19.343752"
  },
  "20307f97b2e4454a94b16446911dd5ed45005c.jpeg": {
    "app_sintetizada": "20307F97B2E4454A94B16446911DD5ED45005C.JPEG",
    "cantidad_archivos": 1,
    "archivos_fuente": [
      "Pictures/Fototeca de Fotos.photoslibrary/resources/derivatives/masters/2/20307F97-B2E4-454A-94B1-6446911DD5ED_4_5005_c.jpeg"
    ],
    "ultima_modificacion": "2025-08-01 01:01:19.344049"
  },
  "24189c134faf4992b448374581c2899745005c.jpeg": {
    "app_sintetizada": "24189C134FAF4992B448374581C2899745005C.JPEG",
    "cantidad_archivos": 1,
    "archivos_fuente": [
      "Pictures/Fototeca de Fotos.photoslibrary/resources/derivatives/masters/2/24189C13-4FAF-4992-B448-374581C28997_4_5005_c.jpeg"
    ],
    "ultima_modificacion": "2025-08-01 01:01:19.344347"
  },
  "2de9608ba46b4882aa12ea737675622145005c.jpeg": {
    "app_sintetizada": "2DE9608BA46B4882AA12EA737675622145005C.JPEG",
    "cantidad_archivos": 1,
    "archivos_fuente": [
      "Pictures/Fototeca de Fotos.photoslibrary/resources/derivatives/masters/2/2DE9608B-A46B-4882-AA12-EA7376756221_4_5005_c.jpeg"
    ],
    "ultima_modificacion": "2025-08-01 01:01:19.344644"
  },
  "2832a080a22345d286f17b0aa2d3790045005c.jpeg": {
    "app_sintetizada": "2832A080A22345D286F17B0AA2D3790045005C.JPEG",
    "cantidad_archivos": 1,
    "archivos_fuente": [
      "Pictures/Fototeca de Fotos.photoslibrary/resources/derivatives/masters/2/2832A080-A223-45D2-86F1-7B0AA2D37900_4_5005_c.jpeg"
    ],
    "ultima_modificacion": "2025-08-01 01:01:19.344944"
  },
  "2a0981a639cd4c799c7a8b1e4c3603e145005c.jpeg": {
    "app_sintetizada": "2A0981A639CD4C799C7A8B1E4C3603E145005C.JPEG",
    "cantidad_archivos": 1,
    "archivos_fuente": [
      "Pictures/Fototeca de Fotos.photoslibrary/resources/derivatives/masters/2/2A0981A6-39CD-4C79-9C7A-8B1E4C3603E1_4_5005_c.jpeg"
    ],
    "ultima_modificacion": "2025-08-01 01:01:19.345244"
  },
  "2582f3e471454c4687ff3eca7d7ebecb45005c.jpeg": {
    "app_sintetizada": "2582F3E471454C4687FF3ECA7D7EBECB45005C.JPEG",
    "cantidad_archivos": 1,
    "archivos_fuente": [
      "Pictures/Fototeca de Fotos.photoslibrary/resources/derivatives/masters/2/2582F3E4-7145-4C46-87FF-3ECA7D7EBECB_4_5005_c.jpeg"
    ],
    "ultima_modificacion": "2025-08-01 01:01:19.345586"
  },
  "2acd167013b44e19b2a6e8cfd17b458845005c.jpeg": {
    "app_sintetizada": "2ACD167013B44E19B2A6E8CFD17B458845005C.JPEG",
    "cantidad_archivos": 1,
    "archivos_fuente": [
      "Pictures/Fototeca de Fotos.photoslibrary/resources/derivatives/masters/2/2ACD1670-13B4-4E19-B2A6-E8CFD17B4588_4_5005_c.jpeg"
    ],
    "ultima_modificacion": "2025-08-01 01:01:19.345864"
  },
  "200ecd7f04d84e128c419ed71ec9396a45005c.jpeg": {
    "app_sintetizada": "200ECD7F04D84E128C419ED71EC9396A45005C.JPEG",
    "cantidad_archivos": 1,
    "archivos_fuente": [
      "Pictures/Fototeca de Fotos.photoslibrary/resources/derivatives/masters/2/200ECD7F-04D8-4E12-8C41-9ED71EC9396A_4_5005_c.jpeg"
    ],
    "ultima_modificacion": "2025-08-01 01:01:19.346156"
  },
  "20d9b372d4aa41c69d921b09c3fac18245005c.jpeg": {
    "app_sintetizada": "20D9B372D4AA41C69D921B09C3FAC18245005C.JPEG",
    "cantidad_archivos": 1,
    "archivos_fuente": [
      "Pictures/Fototeca de Fotos.photoslibrary/resources/derivatives/masters/2/20D9B372-D4AA-41C6-9D92-1B09C3FAC182_4_5005_c.jpeg"
    ],
    "ultima_modificacion": "2025-08-01 01:01:19.346439"
  },
  "252e9eeb086c48758fece3770c4f97d545005c.jpeg": {
    "app_sintetizada": "252E9EEB086C48758FECE3770C4F97D545005C.JPEG",
    "cantidad_archivos": 1,
    "archivos_fuente": [
      "Pictures/Fototeca de Fotos.photoslibrary/resources/derivatives/masters/2/252E9EEB-086C-4875-8FEC-E3770C4F97D5_4_5005_c.jpeg"
    ],
    "ultima_modificacion": "2025-08-01 01:01:19.346723"
  },
  "2695bf8723704db8b0a9eb87ae65682745005c.jpeg": {
    "app_sintetizada": "2695BF8723704DB8B0A9EB87AE65682745005C.JPEG",
    "cantidad_archivos": 1,
    "archivos_fuente": [
      "Pictures/Fototeca de Fotos.photoslibrary/resources/derivatives/masters/2/2695BF87-2370-4DB8-B0A9-EB87AE656827_4_5005_c.jpeg"
    ],
    "ultima_modificacion": "2025-08-01 01:01:19.347026"
  },
  "22e5b36df6b6455fb0634206e81713f945005c.jpeg": {
    "app_sintetizada": "22E5B36DF6B6455FB0634206E81713F945005C.JPEG",
    "cantidad_archivos": 1,
    "archivos_fuente": [
      "Pictures/Fototeca de Fotos.photoslibrary/resources/derivatives/masters/2/22E5B36D-F6B6-455F-B063-4206E81713F9_4_5005_c.jpeg"
    ],
    "ultima_modificacion": "2025-08-01 01:01:19.347325"
  },
  "24786cdd1f384c238c6209e44a39765845005c.jpeg": {
    "app_sintetizada": "24786CDD1F384C238C6209E44A39765845005C.JPEG",
    "cantidad_archivos": 1,
    "archivos_fuente": [
      "Pictures/Fototeca de Fotos.photoslibrary/resources/derivatives/masters/2/24786CDD-1F38-4C23-8C62-09E44A397658_4_5005_c.jpeg"
    ],
    "ultima_modificacion": "2025-08-01 01:01:19.347675"
  },
  "248d1bec16f54a5d83c7a46720b9c1aa45005c.jpeg": {
    "app_sintetizada": "248D1BEC16F54A5D83C7A46720B9C1AA45005C.JPEG",
    "cantidad_archivos": 1,
    "archivos_fuente": [
      "Pictures/Fototeca de Fotos.photoslibrary/resources/derivatives/masters/2/248D1BEC-16F5-4A5D-83C7-A46720B9C1AA_4_5005_c.jpeg"
    ],
    "ultima_modificacion": "2025-08-01 01:01:19.348021"
  },
  "271d41d459fa42ea978f27853ed5ecee45005c.jpeg": {
    "app_sintetizada": "271D41D459FA42EA978F27853ED5ECEE45005C.JPEG",
    "cantidad_archivos": 1,
    "archivos_fuente": [
      "Pictures/Fototeca de Fotos.photoslibrary/resources/derivatives/masters/2/271D41D4-59FA-42EA-978F-27853ED5ECEE_4_5005_c.jpeg"
    ],
    "ultima_modificacion": "2025-08-01 01:01:19.348334"
  },
  "27959c5fb916465698ed4f65c4c9131b45005c.jpeg": {
    "app_sintetizada": "27959C5FB916465698ED4F65C4C9131B45005C.JPEG",
    "cantidad_archivos": 1,
    "archivos_fuente": [
      "Pictures/Fototeca de Fotos.photoslibrary/resources/derivatives/masters/2/27959C5F-B916-4656-98ED-4F65C4C9131B_4_5005_c.jpeg"
    ],
    "ultima_modificacion": "2025-08-01 01:01:19.348686"
  },
  "2639c1fc54304dcdab796bc4dde0c65445005c.jpeg": {
    "app_sintetizada": "2639C1FC54304DCDAB796BC4DDE0C65445005C.JPEG",
    "cantidad_archivos": 1,
    "archivos_fuente": [
      "Pictures/Fototeca de Fotos.photoslibrary/resources/derivatives/masters/2/2639C1FC-5430-4DCD-AB79-6BC4DDE0C654_4_5005_c.jpeg"
    ],
    "ultima_modificacion": "2025-08-01 01:01:19.349000"
  },
  "241608ec1aba4eecb260b9a1d9377c4445005c.jpeg": {
    "app_sintetizada": "241608EC1ABA4EECB260B9A1D9377C4445005C.JPEG",
    "cantidad_archivos": 1,
    "archivos_fuente": [
      "Pictures/Fototeca de Fotos.photoslibrary/resources/derivatives/masters/2/241608EC-1ABA-4EEC-B260-B9A1D9377C44_4_5005_c.jpeg"
    ],
    "ultima_modificacion": "2025-08-01 01:01:19.349309"
  }
}