{
  "7a08f90744ef4679994d40e815e1b06945005c.jpeg": {
    "app_sintetizada": "7A08F90744EF4679994D40E815E1B06945005C.JPEG",
    "cantidad_archivos": 1,
    "archivos_fuente": [
      "Pictures/Fototeca de Fotos.photoslibrary/resources/derivatives/masters/7/7A08F907-44EF-4679-994D-40E815E1B069_4_5005_c.jpeg"
    ],
    "ultima_modificacion": "2025-08-01 01:01:07.918993"
  },
  "7dab7a738d3148b4bba5886bba1f631645005c.jpeg": {
    "app_sintetizada": "7DAB7A738D3148B4BBA5886BBA1F631645005C.JPEG",
    "cantidad_archivos": 1,
    "archivos_fuente": [
      "Pictures/Fototeca de Fotos.photoslibrary/resources/derivatives/masters/7/7DAB7A73-8D31-48B4-BBA5-886BBA1F6316_4_5005_c.jpeg"
    ],
    "ultima_modificacion": "2025-08-01 01:01:07.919246"
  },
  "71256d55f10e4646ba5ca548134e780845005c.jpeg": {
    "app_sintetizada": "71256D55F10E4646BA5CA548134E780845005C.JPEG",
    "cantidad_archivos": 1,
    "archivos_fuente": [
      "Pictures/Fototeca de Fotos.photoslibrary/resources/derivatives/masters/7/71256D55-F10E-4646-BA5C-A548134E7808_4_5005_c.jpeg"
    ],
    "ultima_modificacion": "2025-08-01 01:01:07.919532"
  },
  "7f1655e5f9fc415092b9859927884b2e45005c.jpeg": {
    "app_sintetizada": "7F1655E5F9FC415092B9859927884B2E45005C.JPEG",
    "cantidad_archivos": 1,
    "archivos_fuente": [
      "Pictures/Fototeca de Fotos.photoslibrary/resources/derivatives/masters/7/7F1655E5-F9FC-4150-92B9-859927884B2E_4_5005_c.jpeg"
    ],
    "ultima_modificacion": "2025-08-01 01:01:07.919755"
  },
  "7d91e588c1814399912e6666963f5f9a45005c.jpeg": {
    "app_sintetizada": "7D91E588C1814399912E6666963F5F9A45005C.JPEG",
    "cantidad_archivos": 1,
    "archivos_fuente": [
      "Pictures/Fototeca de Fotos.photoslibrary/resources/derivatives/masters/7/7D91E588-C181-4399-912E-6666963F5F9A_4_5005_c.jpeg"
    ],
    "ultima_modificacion": "2025-08-01 01:01:07.919976"
  },
  "7a563863c7f0451e8f2b61a277700eb145005c.jpeg": {
    "app_sintetizada": "7A563863C7F0451E8F2B61A277700EB145005C.JPEG",
    "cantidad_archivos": 1,
    "archivos_fuente": [
      "Pictures/Fototeca de Fotos.photoslibrary/resources/derivatives/masters/7/7A563863-C7F0-451E-8F2B-61A277700EB1_4_5005_c.jpeg"
    ],
    "ultima_modificacion": "2025-08-01 01:01:07.920190"
  },
  "75f70cabf79e4882936889dd0be7521e45005c.jpeg": {
    "app_sintetizada": "75F70CABF79E4882936889DD0BE7521E45005C.JPEG",
    "cantidad_archivos": 1,
    "archivos_fuente": [
      "Pictures/Fototeca de Fotos.photoslibrary/resources/derivatives/masters/7/75F70CAB-F79E-4882-9368-89DD0BE7521E_4_5005_c.jpeg"
    ],
    "ultima_modificacion": "2025-08-01 01:01:07.920397"
  },
  "7efb55b506504dd3a7cfdb2e7f9a58d345005c.jpeg": {
    "app_sintetizada": "7EFB55B506504DD3A7CFDB2E7F9A58D345005C.JPEG",
    "cantidad_archivos": 1,
    "archivos_fuente": [
      "Pictures/Fototeca de Fotos.photoslibrary/resources/derivatives/masters/7/7EFB55B5-0650-4DD3-A7CF-DB2E7F9A58D3_4_5005_c.jpeg"
    ],
    "ultima_modificacion": "2025-08-01 01:01:07.920601"
  },
  "786a4631514c40b185e1069ddc2121fe45005c.jpeg": {
    "app_sintetizada": "786A4631514C40B185E1069DDC2121FE45005C.JPEG",
    "cantidad_archivos": 1,
    "archivos_fuente": [
      "Pictures/Fototeca de Fotos.photoslibrary/resources/derivatives/masters/7/786A4631-514C-40B1-85E1-069DDC2121FE_4_5005_c.jpeg"
    ],
    "ultima_modificacion": "2025-08-01 01:01:07.920799"
  },
  "7b813dbdcf184a22887f2d802b40c97645005c.jpeg": {
    "app_sintetizada": "7B813DBDCF184A22887F2D802B40C97645005C.JPEG",
    "cantidad_archivos": 1,
    "archivos_fuente": [
      "Pictures/Fototeca de Fotos.photoslibrary/resources/derivatives/masters/7/7B813DBD-CF18-4A22-887F-2D802B40C976_4_5005_c.jpeg"
    ],
    "ultima_modificacion": "2025-08-01 01:01:07.920996"
  },
  "74d0a5ff047c421ca653273f761a348245005c.jpeg": {
    "app_sintetizada": "74D0A5FF047C421CA653273F761A348245005C.JPEG",
    "cantidad_archivos": 1,
    "archivos_fuente": [
      "Pictures/Fototeca de Fotos.photoslibrary/resources/derivatives/masters/7/74D0A5FF-047C-421C-A653-273F761A3482_4_5005_c.jpeg"
    ],
    "ultima_modificacion": "2025-08-01 01:01:07.921206"
  },
  "704084fed62e4afbb0b83719d5fc9edf45005c.jpeg": {
    "app_sintetizada": "704084FED62E4AFBB0B83719D5FC9EDF45005C.JPEG",
    "cantidad_archivos": 1,
    "archivos_fuente": [
      "Pictures/Fototeca de Fotos.photoslibrary/resources/derivatives/masters/7/704084FE-D62E-4AFB-B0B8-3719D5FC9EDF_4_5005_c.jpeg"
    ],
    "ultima_modificacion": "2025-08-01 01:01:07.921385"
  },
  "776ae4e46ee94f5387cd3323e011761745005c.jpeg": {
    "app_sintetizada": "776AE4E46EE94F5387CD3323E011761745005C.JPEG",
    "cantidad_archivos": 1,
    "archivos_fuente": [
      "Pictures/Fototeca de Fotos.photoslibrary/resources/derivatives/masters/7/776AE4E4-6EE9-4F53-87CD-3323E0117617_4_5005_c.jpeg"
    ],
    "ultima_modificacion": "2025-08-01 01:01:07.921567"
  },
  "78e5c311f2564b13bded74621177279045005c.jpeg": {
    "app_sintetizada": "78E5C311F2564B13BDED74621177279045005C.JPEG",
    "cantidad_archivos": 1,
    "archivos_fuente": [
      "Pictures/Fototeca de Fotos.photoslibrary/resources/derivatives/masters/7/78E5C311-F256-4B13-BDED-746211772790_4_5005_c.jpeg"
    ],
    "ultima_modificacion": "2025-08-01 01:01:07.921826"
  },
  "7502866e15e74eb6a04c97c81cd7d4a545005c.jpeg": {
    "app_sintetizada": "7502866E15E74EB6A04C97C81CD7D4A545005C.JPEG",
    "cantidad_archivos": 1,
    "archivos_fuente": [
      "Pictures/Fototeca de Fotos.photoslibrary/resources/derivatives/masters/7/7502866E-15E7-4EB6-A04C-97C81CD7D4A5_4_5005_c.jpeg"
    ],
    "ultima_modificacion": "2025-08-01 01:01:07.922121"
  },
  "797dd8539f94442d972e07f201832a7745005c.jpeg": {
    "app_sintetizada": "797DD8539F94442D972E07F201832A7745005C.JPEG",
    "cantidad_archivos": 1,
    "archivos_fuente": [
      "Pictures/Fototeca de Fotos.photoslibrary/resources/derivatives/masters/7/797DD853-9F94-442D-972E-07F201832A77_4_5005_c.jpeg"
    ],
    "ultima_modificacion": "2025-08-01 01:01:07.922435"
  },
  "701adb23b1fa4f6b9daa760235c4c14f45005c.jpeg": {
    "app_sintetizada": "701ADB23B1FA4F6B9DAA760235C4C14F45005C.JPEG",
    "cantidad_archivos": 1,
    "archivos_fuente": [
      "Pictures/Fototeca de Fotos.photoslibrary/resources/derivatives/masters/7/701ADB23-B1FA-4F6B-9DAA-760235C4C14F_4_5005_c.jpeg"
    ],
    "ultima_modificacion": "2025-08-01 01:01:07.922742"
  },
  "72d7769da883443db37302055a26b39f45005c.jpeg": {
    "app_sintetizada": "72D7769DA883443DB37302055A26B39F45005C.JPEG",
    "cantidad_archivos": 1,
    "archivos_fuente": [
      "Pictures/Fototeca de Fotos.photoslibrary/resources/derivatives/masters/7/72D7769D-A883-443D-B373-02055A26B39F_4_5005_c.jpeg"
    ],
    "ultima_modificacion": "2025-08-01 01:01:07.923047"
  },
  "7fcc7db8d3b04c8cb3f826035a55932045005c.jpeg": {
    "app_sintetizada": "7FCC7DB8D3B04C8CB3F826035A55932045005C.JPEG",
    "cantidad_archivos": 1,
    "archivos_fuente": [
      "Pictures/Fototeca de Fotos.photoslibrary/resources/derivatives/masters/7/7FCC7DB8-D3B0-4C8C-B3F8-26035A559320_4_5005_c.jpeg"
    ],
    "ultima_modificacion": "2025-08-01 01:01:07.923340"
  },
  "71f237aa350b42ba873c6d79f287183645005c.jpeg": {
    "app_sintetizada": "71F237AA350B42BA873C6D79F287183645005C.JPEG",
    "cantidad_archivos": 1,
    "archivos_fuente": [
      "Pictures/Fototeca de Fotos.photoslibrary/resources/derivatives/masters/7/71F237AA-350B-42BA-873C-6D79F2871836_4_5005_c.jpeg"
    ],
    "ultima_modificacion": "2025-08-01 01:01:07.923648"
  },
  "73381728bd9d42ba9567c11a77caadcd45005c.jpeg": {
    "app_sintetizada": "73381728BD9D42BA9567C11A77CAADCD45005C.JPEG",
    "cantidad_archivos": 1,
    "archivos_fuente": [
      "Pictures/Fototeca de Fotos.photoslibrary/resources/derivatives/masters/7/73381728-BD9D-42BA-9567-C11A77CAADCD_4_5005_c.jpeg"
    ],
    "ultima_modificacion": "2025-08-01 01:01:07.923967"
  },
  "77af54bc1be349c4b6c76d8cb6d21f7245005c.jpeg": {
    "app_sintetizada": "77AF54BC1BE349C4B6C76D8CB6D21F7245005C.JPEG",
    "cantidad_archivos": 1,
    "archivos_fuente": [
      "Pictures/Fototeca de Fotos.photoslibrary/resources/derivatives/masters/7/77AF54BC-1BE3-49C4-B6C7-6D8CB6D21F72_4_5005_c.jpeg"
    ],
    "ultima_modificacion": "2025-08-01 01:01:07.924249"
  },
  "7d727191b84d4c38b396a1d25477caa145005c.jpeg": {
    "app_sintetizada": "7D727191B84D4C38B396A1D25477CAA145005C.JPEG",
    "cantidad_archivos": 1,
    "archivos_fuente": [
      "Pictures/Fototeca de Fotos.photoslibrary/resources/derivatives/masters/7/7D727191-B84D-4C38-B396-A1D25477CAA1_4_5005_c.jpeg"
    ],
    "ultima_modificacion": "2025-08-01 01:01:07.924537"
  },
  "7da97185204d4367b8d775b80a4eff7a45005c.jpeg": {
    "app_sintetizada": "7DA97185204D4367B8D775B80A4EFF7A45005C.JPEG",
    "cantidad_archivos": 1,
    "archivos_fuente": [
      "Pictures/Fototeca de Fotos.photoslibrary/resources/derivatives/masters/7/7DA97185-204D-4367-B8D7-75B80A4EFF7A_4_5005_c.jpeg"
    ],
    "ultima_modificacion": "2025-08-01 01:01:07.924832"
  },
  "7ed34fd8106b419b91e6a20d5092e13945005c.jpeg": {
    "app_sintetizada": "7ED34FD8106B419B91E6A20D5092E13945005C.JPEG",
    "cantidad_archivos": 1,
    "archivos_fuente": [
      "Pictures/Fototeca de Fotos.photoslibrary/resources/derivatives/masters/7/7ED34FD8-106B-419B-91E6-A20D5092E139_4_5005_c.jpeg"
    ],
    "ultima_modificacion": "2025-08-01 01:01:07.925088"
  },
  "7f70b74aa8e14431b56294b150579c9f45005c.jpeg": {
    "app_sintetizada": "7F70B74AA8E14431B56294B150579C9F45005C.JPEG",
    "cantidad_archivos": 1,
    "archivos_fuente": [
      "Pictures/Fototeca de Fotos.photoslibrary/resources/derivatives/masters/7/7F70B74A-A8E1-4431-B562-94B150579C9F_4_5005_c.jpeg"
    ],
    "ultima_modificacion": "2025-08-01 01:01:07.925428"
  },
  "7eca3cb20b884d899fe5ccde159f842e45005c.jpeg": {
    "app_sintetizada": "7ECA3CB20B884D899FE5CCDE159F842E45005C.JPEG",
    "cantidad_archivos": 1,
    "archivos_fuente": [
      "Pictures/Fototeca de Fotos.photoslibrary/resources/derivatives/masters/7/7ECA3CB2-0B88-4D89-9FE5-CCDE159F842E_4_5005_c.jpeg"
    ],
    "ultima_modificacion": "2025-08-01 01:01:07.925693"
  },
  "79d996230ac84d969706868813c001f445005c.jpeg": {
    "app_sintetizada": "79D996230AC84D969706868813C001F445005C.JPEG",
    "cantidad_archivos": 1,
    "archivos_fuente": [
      "Pictures/Fototeca de Fotos.photoslibrary/resources/derivatives/masters/7/79D99623-0AC8-4D96-9706-868813C001F4_4_5005_c.jpeg"
    ],
    "ultima_modificacion": "2025-08-01 01:01:07.925902"
  },
  "79a605c1fb47468dbcd185200b3ed40b45005c.jpeg": {
    "app_sintetizada": "79A605C1FB47468DBCD185200B3ED40B45005C.JPEG",
    "cantidad_archivos": 1,
    "archivos_fuente": [
      "Pictures/Fototeca de Fotos.photoslibrary/resources/derivatives/masters/7/79A605C1-FB47-468D-BCD1-85200B3ED40B_4_5005_c.jpeg"
    ],
    "ultima_modificacion": "2025-08-01 01:01:07.926110"
  },
  "7719f3a528654eedb91b04733479842c45005c.jpeg": {
    "app_sintetizada": "7719F3A528654EEDB91B04733479842C45005C.JPEG",
    "cantidad_archivos": 1,
    "archivos_fuente": [
      "Pictures/Fototeca de Fotos.photoslibrary/resources/derivatives/masters/7/7719F3A5-2865-4EED-B91B-04733479842C_4_5005_c.jpeg"
    ],
    "ultima_modificacion": "2025-08-01 01:01:07.926312"
  },
  "749988b54d71416495285e8d8ba6893845005c.jpeg": {
    "app_sintetizada": "749988B54D71416495285E8D8BA6893845005C.JPEG",
    "cantidad_archivos": 1,
    "archivos_fuente": [
      "Pictures/Fototeca de Fotos.photoslibrary/resources/derivatives/masters/7/749988B5-4D71-4164-9528-5E8D8BA68938_4_5005_c.jpeg"
    ],
    "ultima_modificacion": "2025-08-01 01:01:07.926495"
  },
  "7929713ca8fd4f2ab2300ebf79d403f245005c.jpeg": {
    "app_sintetizada": "7929713CA8FD4F2AB2300EBF79D403F245005C.JPEG",
    "cantidad_archivos": 1,
    "archivos_fuente": [
      "Pictures/Fototeca de Fotos.photoslibrary/resources/derivatives/masters/7/7929713C-A8FD-4F2A-B230-0EBF79D403F2_4_5005_c.jpeg"
    ],
    "ultima_modificacion": "2025-08-01 01:01:07.926689"
  },
  "7a810ca9c00d43a98a20c683f25c623545005c.jpeg": {
    "app_sintetizada": "7A810CA9C00D43A98A20C683F25C623545005C.JPEG",
    "cantidad_archivos": 1,
    "archivos_fuente": [
      "Pictures/Fototeca de Fotos.photoslibrary/resources/derivatives/masters/7/7A810CA9-C00D-43A9-8A20-C683F25C6235_4_5005_c.jpeg"
    ],
    "ultima_modificacion": "2025-08-01 01:01:07.926871"
  },
  "7225e5561e584de0bfd75c18e545252945005c.jpeg": {
    "app_sintetizada": "7225E5561E584DE0BFD75C18E545252945005C.JPEG",
    "cantidad_archivos": 1,
    "archivos_fuente": [
      "Pictures/Fototeca de Fotos.photoslibrary/resources/derivatives/masters/7/7225E556-1E58-4DE0-BFD7-5C18E5452529_4_5005_c.jpeg"
    ],
    "ultima_modificacion": "2025-08-01 01:01:07.927061"
  },
  "737523388abc44b38445a7518a3a0bfa45005c.jpeg": {
    "app_sintetizada": "737523388ABC44B38445A7518A3A0BFA45005C.JPEG",
    "cantidad_archivos": 1,
    "archivos_fuente": [
      "Pictures/Fototeca de Fotos.photoslibrary/resources/derivatives/masters/7/73752338-8ABC-44B3-8445-A7518A3A0BFA_4_5005_c.jpeg"
    ],
    "ultima_modificacion": "2025-08-01 01:01:07.927254"
  },
  "72b305d191a345088dee10185680426d45005c.jpeg": {
    "app_sintetizada": "72B305D191A345088DEE10185680426D45005C.JPEG",
    "cantidad_archivos": 1,
    "archivos_fuente": [
      "Pictures/Fototeca de Fotos.photoslibrary/resources/derivatives/masters/7/72B305D1-91A3-4508-8DEE-10185680426D_4_5005_c.jpeg"
    ],
    "ultima_modificacion": "2025-08-01 01:01:07.927440"
  },
  "7753cad042be4c3b902500fd3fcbabfb45005c.jpeg": {
    "app_sintetizada": "7753CAD042BE4C3B902500FD3FCBABFB45005C.JPEG",
    "cantidad_archivos": 1,
    "archivos_fuente": [
      "Pictures/Fototeca de Fotos.photoslibrary/resources/derivatives/masters/7/7753CAD0-42BE-4C3B-9025-00FD3FCBABFB_4_5005_c.jpeg"
    ],
    "ultima_modificacion": "2025-08-01 01:01:07.927699"
  },
  "711d2ee04da442639976d35420d4f7a445005c.jpeg": {
    "app_sintetizada": "711D2EE04DA442639976D35420D4F7A445005C.JPEG",
    "cantidad_archivos": 1,
    "archivos_fuente": [
      "Pictures/Fototeca de Fotos.photoslibrary/resources/derivatives/masters/7/711D2EE0-4DA4-4263-9976-D35420D4F7A4_4_5005_c.jpeg"
    ],
    "ultima_modificacion": "2025-08-01 01:01:07.928029"
  },
  "75520246175b4553a2ae501bb026236645005c.jpeg": {
    "app_sintetizada": "75520246175B4553A2AE501BB026236645005C.JPEG",
    "cantidad_archivos": 1,
    "archivos_fuente": [
      "Pictures/Fototeca de Fotos.photoslibrary/resources/derivatives/masters/7/75520246-175B-4553-A2AE-501BB0262366_4_5005_c.jpeg"
    ],
    "ultima_modificacion": "2025-08-01 01:01:07.928339"
  },
  "77c589d4dfc0475080c9ca950ac7fe9345005c.jpeg": {
    "app_sintetizada": "77C589D4DFC0475080C9CA950AC7FE9345005C.JPEG",
    "cantidad_archivos": 1,
    "archivos_fuente": [
      "Pictures/Fototeca de Fotos.photoslibrary/resources/derivatives/masters/7/77C589D4-DFC0-4750-80C9-CA950AC7FE93_4_5005_c.jpeg"
    ],
    "ultima_modificacion": "2025-08-01 01:01:07.928599"
  },
  "70588fc6b2bf44fc9d3546947a6e2f7f45005c.jpeg": {
    "app_sintetizada": "70588FC6B2BF44FC9D3546947A6E2F7F45005C.JPEG",
    "cantidad_archivos": 1,
    "archivos_fuente": [
      "Pictures/Fototeca de Fotos.photoslibrary/resources/derivatives/masters/7/70588FC6-B2BF-44FC-9D35-46947A6E2F7F_4_5005_c.jpeg"
    ],
    "ultima_modificacion": "2025-08-01 01:01:07.928832"
  },
  "707fee48c09c46d2bc828575f218601f45005c.jpeg": {
    "app_sintetizada": "707FEE48C09C46D2BC828575F218601F45005C.JPEG",
    "cantidad_archivos": 1,
    "archivos_fuente": [
      "Pictures/Fototeca de Fotos.photoslibrary/resources/derivatives/masters/7/707FEE48-C09C-46D2-BC82-8575F218601F_4_5005_c.jpeg"
    ],
    "ultima_modificacion": "2025-08-01 01:01:07.929097"
  },
  "78f4a9c62abd4d489dcfd1e547a1d0c445005c.jpeg": {
    "app_sintetizada": "78F4A9C62ABD4D489DCFD1E547A1D0C445005C.JPEG",
    "cantidad_archivos": 1,
    "archivos_fuente": [
      "Pictures/Fototeca de Fotos.photoslibrary/resources/derivatives/masters/7/78F4A9C6-2ABD-4D48-9DCF-D1E547A1D0C4_4_5005_c.jpeg"
    ],
    "ultima_modificacion": "2025-08-01 01:01:07.929446"
  },
  "7291bb99ba2542bc98077d5f3e64c6ef45005c.jpeg": {
    "app_sintetizada": "7291BB99BA2542BC98077D5F3E64C6EF45005C.JPEG",
    "cantidad_archivos": 1,
    "archivos_fuente": [
      "Pictures/Fototeca de Fotos.photoslibrary/resources/derivatives/masters/7/7291BB99-BA25-42BC-9807-7D5F3E64C6EF_4_5005_c.jpeg"
    ],
    "ultima_modificacion": "2025-08-01 01:01:07.929680"
  },
  "79730d01828142db9c09a578771cbc2a45005c.jpeg": {
    "app_sintetizada": "79730D01828142DB9C09A578771CBC2A45005C.JPEG",
    "cantidad_archivos": 1,
    "archivos_fuente": [
      "Pictures/Fototeca de Fotos.photoslibrary/resources/derivatives/masters/7/79730D01-8281-42DB-9C09-A578771CBC2A_4_5005_c.jpeg"
    ],
    "ultima_modificacion": "2025-08-01 01:01:07.929912"
  },
  "79c59d31e9cb404c9337e5eb116aa13245005c.jpeg": {
    "app_sintetizada": "79C59D31E9CB404C9337E5EB116AA13245005C.JPEG",
    "cantidad_archivos": 1,
    "archivos_fuente": [
      "Pictures/Fototeca de Fotos.photoslibrary/resources/derivatives/masters/7/79C59D31-E9CB-404C-9337-E5EB116AA132_4_5005_c.jpeg"
    ],
    "ultima_modificacion": "2025-08-01 01:01:07.930179"
  },
  "7bcf39ad385841e3aa677f59979d30de45005c.jpeg": {
    "app_sintetizada": "7BCF39AD385841E3AA677F59979D30DE45005C.JPEG",
    "cantidad_archivos": 1,
    "archivos_fuente": [
      "Pictures/Fototeca de Fotos.photoslibrary/resources/derivatives/masters/7/7BCF39AD-3858-41E3-AA67-7F59979D30DE_4_5005_c.jpeg"
    ],
    "ultima_modificacion": "2025-08-01 01:01:07.930394"
  },
  "73e5b89091e14aed9d9955fb2f4dc64945005c.jpeg": {
    "app_sintetizada": "73E5B89091E14AED9D9955FB2F4DC64945005C.JPEG",
    "cantidad_archivos": 1,
    "archivos_fuente": [
      "Pictures/Fototeca de Fotos.photoslibrary/resources/derivatives/masters/7/73E5B890-91E1-4AED-9D99-55FB2F4DC649_4_5005_c.jpeg"
    ],
    "ultima_modificacion": "2025-08-01 01:01:07.930629"
  },
  "7edf10c2913744c3ba1363fd4ad25b0245005c.jpeg": {
    "app_sintetizada": "7EDF10C2913744C3BA1363FD4AD25B0245005C.JPEG",
    "cantidad_archivos": 1,
    "archivos_fuente": [
      "Pictures/Fototeca de Fotos.photoslibrary/resources/derivatives/masters/7/7EDF10C2-9137-44C3-BA13-63FD4AD25B02_4_5005_c.jpeg"
    ],
    "ultima_modificacion": "2025-08-01 01:01:07.930953"
  },
  "7102d362b62641148b381fa480e5403345005c.jpeg": {
    "app_sintetizada": "7102D362B62641148B381FA480E5403345005C.JPEG",
    "cantidad_archivos": 1,
    "archivos_fuente": [
      "Pictures/Fototeca de Fotos.photoslibrary/resources/derivatives/masters/7/7102D362-B626-4114-8B38-1FA480E54033_4_5005_c.jpeg"
    ],
    "ultima_modificacion": "2025-08-01 01:01:07.931182"
  },
  "705975dd892944559e3764b1587e4c3845005c.jpeg": {
    "app_sintetizada": "705975DD892944559E3764B1587E4C3845005C.JPEG",
    "cantidad_archivos": 1,
    "archivos_fuente": [
      "Pictures/Fototeca de Fotos.photoslibrary/resources/derivatives/masters/7/705975DD-8929-4455-9E37-64B1587E4C38_4_5005_c.jpeg"
    ],
    "ultima_modificacion": "2025-08-01 01:01:07.931380"
  },
  "764664342b1f4bef9df5c2c1bd342ade45005c.jpeg": {
    "app_sintetizada": "764664342B1F4BEF9DF5C2C1BD342ADE45005C.JPEG",
    "cantidad_archivos": 1,
    "archivos_fuente": [
      "Pictures/Fototeca de Fotos.photoslibrary/resources/derivatives/masters/7/76466434-2B1F-4BEF-9DF5-C2C1BD342ADE_4_5005_c.jpeg"
    ],
    "ultima_modificacion": "2025-08-01 01:01:07.931585"
  },
  "777e5eac6f424615b471e46f22a4adda45005c.jpeg": {
    "app_sintetizada": "777E5EAC6F424615B471E46F22A4ADDA45005C.JPEG",
    "cantidad_archivos": 1,
    "archivos_fuente": [
      "Pictures/Fototeca de Fotos.photoslibrary/resources/derivatives/masters/7/777E5EAC-6F42-4615-B471-E46F22A4ADDA_4_5005_c.jpeg"
    ],
    "ultima_modificacion": "2025-08-01 01:01:07.931786"
  },
  "7a295d25426f4e3f9f18ee5e5ce8e18c45005c.jpeg": {
    "app_sintetizada": "7A295D25426F4E3F9F18EE5E5CE8E18C45005C.JPEG",
    "cantidad_archivos": 1,
    "archivos_fuente": [
      "Pictures/Fototeca de Fotos.photoslibrary/resources/derivatives/masters/7/7A295D25-426F-4E3F-9F18-EE5E5CE8E18C_4_5005_c.jpeg"
    ],
    "ultima_modificacion": "2025-08-01 01:01:07.931976"
  },
  "78c4ba05e90346578de0833b48a3c9ef45005c.jpeg": {
    "app_sintetizada": "78C4BA05E90346578DE0833B48A3C9EF45005C.JPEG",
    "cantidad_archivos": 1,
    "archivos_fuente": [
      "Pictures/Fototeca de Fotos.photoslibrary/resources/derivatives/masters/7/78C4BA05-E903-4657-8DE0-833B48A3C9EF_4_5005_c.jpeg"
    ],
    "ultima_modificacion": "2025-08-01 01:01:07.932221"
  },
  "7638ba2b289e4d6d8efe6ed3e987d67c45005c.jpeg": {
    "app_sintetizada": "7638BA2B289E4D6D8EFE6ED3E987D67C45005C.JPEG",
    "cantidad_archivos": 1,
    "archivos_fuente": [
      "Pictures/Fototeca de Fotos.photoslibrary/resources/derivatives/masters/7/7638BA2B-289E-4D6D-8EFE-6ED3E987D67C_4_5005_c.jpeg"
    ],
    "ultima_modificacion": "2025-08-01 01:01:07.932501"
  },
  "75532260c77744aa9643d509099ae37b45005c.jpeg": {
    "app_sintetizada": "75532260C77744AA9643D509099AE37B45005C.JPEG",
    "cantidad_archivos": 1,
    "archivos_fuente": [
      "Pictures/Fototeca de Fotos.photoslibrary/resources/derivatives/masters/7/75532260-C777-44AA-9643-D509099AE37B_4_5005_c.jpeg"
    ],
    "ultima_modificacion": "2025-08-01 01:01:07.932721"
  },
  "77ccf8aa50c240e882fe58321453521d45005c.jpeg": {
    "app_sintetizada": "77CCF8AA50C240E882FE58321453521D45005C.JPEG",
    "cantidad_archivos": 1,
    "archivos_fuente": [
      "Pictures/Fototeca de Fotos.photoslibrary/resources/derivatives/masters/7/77CCF8AA-50C2-40E8-82FE-58321453521D_4_5005_c.jpeg"
    ],
    "ultima_modificacion": "2025-08-01 01:01:07.932915"
  },
  "7346ca6b85aa4bfcb55bfcea5be01e9145005c.jpeg": {
    "app_sintetizada": "7346CA6B85AA4BFCB55BFCEA5BE01E9145005C.JPEG",
    "cantidad_archivos": 1,
    "archivos_fuente": [
      "Pictures/Fototeca de Fotos.photoslibrary/resources/derivatives/masters/7/7346CA6B-85AA-4BFC-B55B-FCEA5BE01E91_4_5005_c.jpeg"
    ],
    "ultima_modificacion": "2025-08-01 01:01:07.933104"
  },
  "7a44a375e70e46468b6f370ea5594a0a45005c.jpeg": {
    "app_sintetizada": "7A44A375E70E46468B6F370EA5594A0A45005C.JPEG",
    "cantidad_archivos": 1,
    "archivos_fuente": [
      "Pictures/Fototeca de Fotos.photoslibrary/resources/derivatives/masters/7/7A44A375-E70E-4646-8B6F-370EA5594A0A_4_5005_c.jpeg"
    ],
    "ultima_modificacion": "2025-08-01 01:01:07.933306"
  },
  "7a96edb9b4ee42538978cee90c82713a45005c.jpeg": {
    "app_sintetizada": "7A96EDB9B4EE42538978CEE90C82713A45005C.JPEG",
    "cantidad_archivos": 1,
    "archivos_fuente": [
      "Pictures/Fototeca de Fotos.photoslibrary/resources/derivatives/masters/7/7A96EDB9-B4EE-4253-8978-CEE90C82713A_4_5005_c.jpeg"
    ],
    "ultima_modificacion": "2025-08-01 01:01:07.933493"
  },
  "78aa7cc7f1ef4e25bbb2a76e7bf250f745005c.jpeg": {
    "app_sintetizada": "78AA7CC7F1EF4E25BBB2A76E7BF250F745005C.JPEG",
    "cantidad_archivos": 1,
    "archivos_fuente": [
      "Pictures/Fototeca de Fotos.photoslibrary/resources/derivatives/masters/7/78AA7CC7-F1EF-4E25-BBB2-A76E7BF250F7_4_5005_c.jpeg"
    ],
    "ultima_modificacion": "2025-08-01 01:01:07.933668"
  },
  "7f27af75b92943b0a7fae045bdb3352745005c.jpeg": {
    "app_sintetizada": "7F27AF75B92943B0A7FAE045BDB3352745005C.JPEG",
    "cantidad_archivos": 1,
    "archivos_fuente": [
      "Pictures/Fototeca de Fotos.photoslibrary/resources/derivatives/masters/7/7F27AF75-B929-43B0-A7FA-E045BDB33527_4_5005_c.jpeg"
    ],
    "ultima_modificacion": "2025-08-01 01:01:07.933843"
  },
  "748531ea5e3e4311b496f868fae76d1e45005c.jpeg": {
    "app_sintetizada": "748531EA5E3E4311B496F868FAE76D1E45005C.JPEG",
    "cantidad_archivos": 1,
    "archivos_fuente": [
      "Pictures/Fototeca de Fotos.photoslibrary/resources/derivatives/masters/7/748531EA-5E3E-4311-B496-F868FAE76D1E_4_5005_c.jpeg"
    ],
    "ultima_modificacion": "2025-08-01 01:01:07.934039"
  },
  "7e959a2b65e541708c3ec72533a0416545005c.jpeg": {
    "app_sintetizada": "7E959A2B65E541708C3EC72533A0416545005C.JPEG",
    "cantidad_archivos": 1,
    "archivos_fuente": [
      "Pictures/Fototeca de Fotos.photoslibrary/resources/derivatives/masters/7/7E959A2B-65E5-4170-8C3E-C72533A04165_4_5005_c.jpeg"
    ],
    "ultima_modificacion": "2025-08-01 01:01:07.934225"
  },
  "7e137ad2620d45428d591c285656290f45005c.jpeg": {
    "app_sintetizada": "7E137AD2620D45428D591C285656290F45005C.JPEG",
    "cantidad_archivos": 1,
    "archivos_fuente": [
      "Pictures/Fototeca de Fotos.photoslibrary/resources/derivatives/masters/7/7E137AD2-620D-4542-8D59-1C285656290F_4_5005_c.jpeg"
    ],
    "ultima_modificacion": "2025-08-01 01:01:07.934511"
  },
  "71fe64b226a74156b07da56a458e5cb045005c.jpeg": {
    "app_sintetizada": "71FE64B226A74156B07DA56A458E5CB045005C.JPEG",
    "cantidad_archivos": 1,
    "archivos_fuente": [
      "Pictures/Fototeca de Fotos.photoslibrary/resources/derivatives/masters/7/71FE64B2-26A7-4156-B07D-A56A458E5CB0_4_5005_c.jpeg"
    ],
    "ultima_modificacion": "2025-08-01 01:01:07.934756"
  },
  "705bf685c0024c82a65f3b5bffaf08ab45005c.jpeg": {
    "app_sintetizada": "705BF685C0024C82A65F3B5BFFAF08AB45005C.JPEG",
    "cantidad_archivos": 1,
    "archivos_fuente": [
      "Pictures/Fototeca de Fotos.photoslibrary/resources/derivatives/masters/7/705BF685-C002-4C82-A65F-3B5BFFAF08AB_4_5005_c.jpeg"
    ],
    "ultima_modificacion": "2025-08-01 01:01:07.935003"
  },
  "7c4bc47919534bedbe998e2d0b3a5e2a45005c.jpeg": {
    "app_sintetizada": "7C4BC47919534BEDBE998E2D0B3A5E2A45005C.JPEG",
    "cantidad_archivos": 1,
    "archivos_fuente": [
      "Pictures/Fototeca de Fotos.photoslibrary/resources/derivatives/masters/7/7C4BC479-1953-4BED-BE99-8E2D0B3A5E2A_4_5005_c.jpeg"
    ],
    "ultima_modificacion": "2025-08-01 01:01:07.935220"
  },
  "7e3b0ed3fc72442d83950d05dd6df03c45005c.jpeg": {
    "app_sintetizada": "7E3B0ED3FC72442D83950D05DD6DF03C45005C.JPEG",
    "cantidad_archivos": 1,
    "archivos_fuente": [
      "Pictures/Fototeca de Fotos.photoslibrary/resources/derivatives/masters/7/7E3B0ED3-FC72-442D-8395-0D05DD6DF03C_4_5005_c.jpeg"
    ],
    "ultima_modificacion": "2025-08-01 01:01:07.935476"
  },
  "7b364617a0a44b0b9c89ab67152bc43845005c.jpeg": {
    "app_sintetizada": "7B364617A0A44B0B9C89AB67152BC43845005C.JPEG",
    "cantidad_archivos": 1,
    "archivos_fuente": [
      "Pictures/Fototeca de Fotos.photoslibrary/resources/derivatives/masters/7/7B364617-A0A4-4B0B-9C89-AB67152BC438_4_5005_c.jpeg"
    ],
    "ultima_modificacion": "2025-08-01 01:01:07.935680"
  },
  "76d5cf1f12c94c78aaf56311ef9ee7cf45005c.jpeg": {
    "app_sintetizada": "76D5CF1F12C94C78AAF56311EF9EE7CF45005C.JPEG",
    "cantidad_archivos": 1,
    "archivos_fuente": [
      "Pictures/Fototeca de Fotos.photoslibrary/resources/derivatives/masters/7/76D5CF1F-12C9-4C78-AAF5-6311EF9EE7CF_4_5005_c.jpeg"
    ],
    "ultima_modificacion": "2025-08-01 01:01:07.935987"
  },
  "758b3cbbbdba4c4ab2e46eb0c228c8ba45005c.jpeg": {
    "app_sintetizada": "758B3CBBBDBA4C4AB2E46EB0C228C8BA45005C.JPEG",
    "cantidad_archivos": 1,
    "archivos_fuente": [
      "Pictures/Fototeca de Fotos.photoslibrary/resources/derivatives/masters/7/758B3CBB-BDBA-4C4A-B2E4-6EB0C228C8BA_4_5005_c.jpeg"
    ],
    "ultima_modificacion": "2025-08-01 01:01:07.936246"
  },
  "7386d7604d194506b4dac41cf0b74e8b45005c.jpeg": {
    "app_sintetizada": "7386D7604D194506B4DAC41CF0B74E8B45005C.JPEG",
    "cantidad_archivos": 1,
    "archivos_fuente": [
      "Pictures/Fototeca de Fotos.photoslibrary/resources/derivatives/masters/7/7386D760-4D19-4506-B4DA-C41CF0B74E8B_4_5005_c.jpeg"
    ],
    "ultima_modificacion": "2025-08-01 01:01:07.936523"
  },
  "79e24f520711482d832add07be13ab0e45005c.jpeg": {
    "app_sintetizada": "79E24F520711482D832ADD07BE13AB0E45005C.JPEG",
    "cantidad_archivos": 1,
    "archivos_fuente": [
      "Pictures/Fototeca de Fotos.photoslibrary/resources/derivatives/masters/7/79E24F52-0711-482D-832A-DD07BE13AB0E_4_5005_c.jpeg"
    ],
    "ultima_modificacion": "2025-08-01 01:01:07.936837"
  },
  "7b8c74019552455b96b7d70588ec5cd545005c.jpeg": {
    "app_sintetizada": "7B8C74019552455B96B7D70588EC5CD545005C.JPEG",
    "cantidad_archivos": 1,
    "archivos_fuente": [
      "Pictures/Fototeca de Fotos.photoslibrary/resources/derivatives/masters/7/7B8C7401-9552-455B-96B7-D70588EC5CD5_4_5005_c.jpeg"
    ],
    "ultima_modificacion": "2025-08-01 01:01:07.937138"
  },
  "70de0f6baa4e40caa93dcd17710d0e8f45005c.jpeg": {
    "app_sintetizada": "70DE0F6BAA4E40CAA93DCD17710D0E8F45005C.JPEG",
    "cantidad_archivos": 1,
    "archivos_fuente": [
      "Pictures/Fototeca de Fotos.photoslibrary/resources/derivatives/masters/7/70DE0F6B-AA4E-40CA-A93D-CD17710D0E8F_4_5005_c.jpeg"
    ],
    "ultima_modificacion": "2025-08-01 01:01:07.937415"
  },
  "72eab842d822439cb282d9095f5d862f45005c.jpeg": {
    "app_sintetizada": "72EAB842D822439CB282D9095F5D862F45005C.JPEG",
    "cantidad_archivos": 1,
    "archivos_fuente": [
      "Pictures/Fototeca de Fotos.photoslibrary/resources/derivatives/masters/7/72EAB842-D822-439C-B282-D9095F5D862F_4_5005_c.jpeg"
    ],
    "ultima_modificacion": "2025-08-01 01:01:07.937761"
  },
  "79e20ea90b39484597c1826acecf983045005c.jpeg": {
    "app_sintetizada": "79E20EA90B39484597C1826ACECF983045005C.JPEG",
    "cantidad_archivos": 1,
    "archivos_fuente": [
      "Pictures/Fototeca de Fotos.photoslibrary/resources/derivatives/masters/7/79E20EA9-0B39-4845-97C1-826ACECF9830_4_5005_c.jpeg"
    ],
    "ultima_modificacion": "2025-08-01 01:01:07.938056"
  },
  "729b6022b5884cf8b96a76d7dc72dd6145005c.jpeg": {
    "app_sintetizada": "729B6022B5884CF8B96A76D7DC72DD6145005C.JPEG",
    "cantidad_archivos": 1,
    "archivos_fuente": [
      "Pictures/Fototeca de Fotos.photoslibrary/resources/derivatives/masters/7/729B6022-B588-4CF8-B96A-76D7DC72DD61_4_5005_c.jpeg"
    ],
    "ultima_modificacion": "2025-08-01 01:01:07.938363"
  },
  "7dc96d5d41df4258ae4cdcdbd21403b645005c.jpeg": {
    "app_sintetizada": "7DC96D5D41DF4258AE4CDCDBD21403B645005C.JPEG",
    "cantidad_archivos": 1,
    "archivos_fuente": [
      "Pictures/Fototeca de Fotos.photoslibrary/resources/derivatives/masters/7/7DC96D5D-41DF-4258-AE4C-DCDBD21403B6_4_5005_c.jpeg"
    ],
    "ultima_modificacion": "2025-08-01 01:01:07.938642"
  },
  "79483d6a113542ea97137b6697f33f7045005c.jpeg": {
    "app_sintetizada": "79483D6A113542EA97137B6697F33F7045005C.JPEG",
    "cantidad_archivos": 1,
    "archivos_fuente": [
      "Pictures/Fototeca de Fotos.photoslibrary/resources/derivatives/masters/7/79483D6A-1135-42EA-9713-7B6697F33F70_4_5005_c.jpeg"
    ],
    "ultima_modificacion": "2025-08-01 01:01:07.938948"
  },
  "78025c0e912d483aa7d2220aebf1c63345005c.jpeg": {
    "app_sintetizada": "78025C0E912D483AA7D2220AEBF1C63345005C.JPEG",
    "cantidad_archivos": 1,
    "archivos_fuente": [
      "Pictures/Fototeca de Fotos.photoslibrary/resources/derivatives/masters/7/78025C0E-912D-483A-A7D2-220AEBF1C633_4_5005_c.jpeg"
    ],
    "ultima_modificacion": "2025-08-01 01:01:07.939495"
  },
  "74ae60210b6b4df3a7f5377dc0f5dce745005c.jpeg": {
    "app_sintetizada": "74AE60210B6B4DF3A7F5377DC0F5DCE745005C.JPEG",
    "cantidad_archivos": 1,
    "archivos_fuente": [
      "Pictures/Fototeca de Fotos.photoslibrary/resources/derivatives/masters/7/74AE6021-0B6B-4DF3-A7F5-377DC0F5DCE7_4_5005_c.jpeg"
    ],
    "ultima_modificacion": "2025-08-01 01:01:07.939785"
  },
  "7aa3090ee2ae4dde8d3cebe8b384ac3b45005c.jpeg": {
    "app_sintetizada": "7AA3090EE2AE4DDE8D3CEBE8B384AC3B45005C.JPEG",
    "cantidad_archivos": 1,
    "archivos_fuente": [
      "Pictures/Fototeca de Fotos.photoslibrary/resources/derivatives/masters/7/7AA3090E-E2AE-4DDE-8D3C-EBE8B384AC3B_4_5005_c.jpeg"
    ],
    "ultima_modificacion": "2025-08-01 01:01:07.940077"
  },
  "748f5b5b7ebf4561baf95ebec9da3aeb45005c.jpeg": {
    "app_sintetizada": "748F5B5B7EBF4561BAF95EBEC9DA3AEB45005C.JPEG",
    "cantidad_archivos": 1,
    "archivos_fuente": [
      "Pictures/Fototeca de Fotos.photoslibrary/resources/derivatives/masters/7/748F5B5B-7EBF-4561-BAF9-5EBEC9DA3AEB_4_5005_c.jpeg"
    ],
    "ultima_modificacion": "2025-08-01 01:01:07.940379"
  },
  "730a6ffe2b724a3bbe0accb4fd7c3ea945005c.jpeg": {
    "app_sintetizada": "730A6FFE2B724A3BBE0ACCB4FD7C3EA945005C.JPEG",
    "cantidad_archivos": 1,
    "archivos_fuente": [
      "Pictures/Fototeca de Fotos.photoslibrary/resources/derivatives/masters/7/730A6FFE-2B72-4A3B-BE0A-CCB4FD7C3EA9_4_5005_c.jpeg"
    ],
    "ultima_modificacion": "2025-08-01 01:01:07.940706"
  },
  "74b9d82d8d03414c873db41c6624fe1c45005c.jpeg": {
    "app_sintetizada": "74B9D82D8D03414C873DB41C6624FE1C45005C.JPEG",
    "cantidad_archivos": 1,
    "archivos_fuente": [
      "Pictures/Fototeca de Fotos.photoslibrary/resources/derivatives/masters/7/74B9D82D-8D03-414C-873D-B41C6624FE1C_4_5005_c.jpeg"
    ],
    "ultima_modificacion": "2025-08-01 01:01:07.941055"
  },
  "7baf8b72d0b94d87b5d93a31c095fad845005c.jpeg": {
    "app_sintetizada": "7BAF8B72D0B94D87B5D93A31C095FAD845005C.JPEG",
    "cantidad_archivos": 1,
    "archivos_fuente": [
      "Pictures/Fototeca de Fotos.photoslibrary/resources/derivatives/masters/7/7BAF8B72-D0B9-4D87-B5D9-3A31C095FAD8_4_5005_c.jpeg"
    ],
    "ultima_modificacion": "2025-08-01 01:01:07.941360"
  },
  "7142d0cc461343d48f680907866a390145005c.jpeg": {
    "app_sintetizada": "7142D0CC461343D48F680907866A390145005C.JPEG",
    "cantidad_archivos": 1,
    "archivos_fuente": [
      "Pictures/Fototeca de Fotos.photoslibrary/resources/derivatives/masters/7/7142D0CC-4613-43D4-8F68-0907866A3901_4_5005_c.jpeg"
    ],
    "ultima_modificacion": "2025-08-01 01:01:07.941643"
  },
  "737f4417bdbf47e8aa41049d17935f5745005c.jpeg": {
    "app_sintetizada": "737F4417BDBF47E8AA41049D17935F5745005C.JPEG",
    "cantidad_archivos": 1,
    "archivos_fuente": [
      "Pictures/Fototeca de Fotos.photoslibrary/resources/derivatives/masters/7/737F4417-BDBF-47E8-AA41-049D17935F57_4_5005_c.jpeg"
    ],
    "ultima_modificacion": "2025-08-01 01:01:07.941919"
  },
  "7f50619971f343189312da3665f616e545005c.jpeg": {
    "app_sintetizada": "7F50619971F343189312DA3665F616E545005C.JPEG",
    "cantidad_archivos": 1,
    "archivos_fuente": [
      "Pictures/Fototeca de Fotos.photoslibrary/resources/derivatives/masters/7/7F506199-71F3-4318-9312-DA3665F616E5_4_5005_c.jpeg"
    ],
    "ultima_modificacion": "2025-08-01 01:01:07.942209"
  },
  "7d23cd9815ae47a18bc9f18eb99e5be345005c.jpeg": {
    "app_sintetizada": "7D23CD9815AE47A18BC9F18EB99E5BE345005C.JPEG",
    "cantidad_archivos": 1,
    "archivos_fuente": [
      "Pictures/Fototeca de Fotos.photoslibrary/resources/derivatives/masters/7/7D23CD98-15AE-47A1-8BC9-F18EB99E5BE3_4_5005_c.jpeg"
    ],
    "ultima_modificacion": "2025-08-01 01:01:07.942495"
  },
  "7ab0695a6bd842b794c1eadd8e16812f45005c.jpeg": {
    "app_sintetizada": "7AB0695A6BD842B794C1EADD8E16812F45005C.JPEG",
    "cantidad_archivos": 1,
    "archivos_fuente": [
      "Pictures/Fototeca de Fotos.photoslibrary/resources/derivatives/masters/7/7AB0695A-6BD8-42B7-94C1-EADD8E16812F_4_5005_c.jpeg"
    ],
    "ultima_modificacion": "2025-08-01 01:01:07.942757"
  },
  "7164a3a0d7054223992cf0ed03034a0b45005c.jpeg": {
    "app_sintetizada": "7164A3A0D7054223992CF0ED03034A0B45005C.JPEG",
    "cantidad_archivos": 1,
    "archivos_fuente": [
      "Pictures/Fototeca de Fotos.photoslibrary/resources/derivatives/masters/7/7164A3A0-D705-4223-992C-F0ED03034A0B_4_5005_c.jpeg"
    ],
    "ultima_modificacion": "2025-08-01 01:01:07.943033"
  },
  "7382d54fd7d84497abaae154d2e0fa0945005c.jpeg": {
    "app_sintetizada": "7382D54FD7D84497ABAAE154D2E0FA0945005C.JPEG",
    "cantidad_archivos": 1,
    "archivos_fuente": [
      "Pictures/Fototeca de Fotos.photoslibrary/resources/derivatives/masters/7/7382D54F-D7D8-4497-ABAA-E154D2E0FA09_4_5005_c.jpeg"
    ],
    "ultima_modificacion": "2025-08-01 01:01:07.943338"
  },
  "70c41dff63a74d82af42a1fc13980c1645005c.jpeg": {
    "app_sintetizada": "70C41DFF63A74D82AF42A1FC13980C1645005C.JPEG",
    "cantidad_archivos": 1,
    "archivos_fuente": [
      "Pictures/Fototeca de Fotos.photoslibrary/resources/derivatives/masters/7/70C41DFF-63A7-4D82-AF42-A1FC13980C16_4_5005_c.jpeg"
    ],
    "ultima_modificacion": "2025-08-01 01:01:07.943631"
  },
  "71641fe06d1e47fbb910e403484d6a5645005c.jpeg": {
    "app_sintetizada": "71641FE06D1E47FBB910E403484D6A5645005C.JPEG",
    "cantidad_archivos": 1,
    "archivos_fuente": [
      "Pictures/Fototeca de Fotos.photoslibrary/resources/derivatives/masters/7/71641FE0-6D1E-47FB-B910-E403484D6A56_4_5005_c.jpeg"
    ],
    "ultima_modificacion": "2025-08-01 01:01:07.943930"
  },
  "76cf5eefadbf47f091134adece0d15e445005c.jpeg": {
    "app_sintetizada": "76CF5EEFADBF47F091134ADECE0D15E445005C.JPEG",
    "cantidad_archivos": 1,
    "archivos_fuente": [
      "Pictures/Fototeca de Fotos.photoslibrary/resources/derivatives/masters/7/76CF5EEF-ADBF-47F0-9113-4ADECE0D15E4_4_5005_c.jpeg"
    ],
    "ultima_modificacion": "2025-08-01 01:01:07.944230"
  },
  "7889a910cb6046febaf89cfb3743f65945005c.jpeg": {
    "app_sintetizada": "7889A910CB6046FEBAF89CFB3743F65945005C.JPEG",
    "cantidad_archivos": 1,
    "archivos_fuente": [
      "Pictures/Fototeca de Fotos.photoslibrary/resources/derivatives/masters/7/7889A910-CB60-46FE-BAF8-9CFB3743F659_4_5005_c.jpeg"
    ],
    "ultima_modificacion": "2025-08-01 01:01:07.944552"
  }
}