{
  "7fb9c07784ff4d4eb983a02fab1596f945005c.jpeg": {
    "app_sintetizada": "7FB9C07784FF4D4EB983A02FAB1596F945005C.JPEG",
    "cantidad_archivos": 1,
    "archivos_fuente": [
      "Pictures/Fototeca de Fotos.photoslibrary/resources/derivatives/masters/7/7FB9C077-84FF-4D4E-B983-A02FAB1596F9_4_5005_c.jpeg"
    ],
    "ultima_modificacion": "2025-08-01 01:01:07.944856"
  },
  "701adf08d5794b0fa1b68e93512245b745005c.jpeg": {
    "app_sintetizada": "701ADF08D5794B0FA1B68E93512245B745005C.JPEG",
    "cantidad_archivos": 1,
    "archivos_fuente": [
      "Pictures/Fototeca de Fotos.photoslibrary/resources/derivatives/masters/7/701ADF08-D579-4B0F-A1B6-8E93512245B7_4_5005_c.jpeg"
    ],
    "ultima_modificacion": "2025-08-01 01:01:07.945149"
  },
  "7af73757de4a4b12b0e485749e798eb445005c.jpeg": {
    "app_sintetizada": "7AF73757DE4A4B12B0E485749E798EB445005C.JPEG",
    "cantidad_archivos": 1,
    "archivos_fuente": [
      "Pictures/Fototeca de Fotos.photoslibrary/resources/derivatives/masters/7/7AF73757-DE4A-4B12-B0E4-85749E798EB4_4_5005_c.jpeg"
    ],
    "ultima_modificacion": "2025-08-01 01:01:07.945434"
  },
  "70c3ebe069294e02ac5559d990c1f49945005c.jpeg": {
    "app_sintetizada": "70C3EBE069294E02AC5559D990C1F49945005C.JPEG",
    "cantidad_archivos": 1,
    "archivos_fuente": [
      "Pictures/Fototeca de Fotos.photoslibrary/resources/derivatives/masters/7/70C3EBE0-6929-4E02-AC55-59D990C1F499_4_5005_c.jpeg"
    ],
    "ultima_modificacion": "2025-08-01 01:01:07.945714"
  },
  "7941b57bbb1c4830bd4e38b77871946145005c.jpeg": {
    "app_sintetizada": "7941B57BBB1C4830BD4E38B77871946145005C.JPEG",
    "cantidad_archivos": 1,
    "archivos_fuente": [
      "Pictures/Fototeca de Fotos.photoslibrary/resources/derivatives/masters/7/7941B57B-BB1C-4830-BD4E-38B778719461_4_5005_c.jpeg"
    ],
    "ultima_modificacion": "2025-08-01 01:01:07.946010"
  },
  "7158b4d82c1a4951a31b301f15b572b045005c.jpeg": {
    "app_sintetizada": "7158B4D82C1A4951A31B301F15B572B045005C.JPEG",
    "cantidad_archivos": 1,
    "archivos_fuente": [
      "Pictures/Fototeca de Fotos.photoslibrary/resources/derivatives/masters/7/7158B4D8-2C1A-4951-A31B-301F15B572B0_4_5005_c.jpeg"
    ],
    "ultima_modificacion": "2025-08-01 01:01:07.946353"
  },
  "7cbd1511c7f94e18a4e684daba650bde45005c.jpeg": {
    "app_sintetizada": "7CBD1511C7F94E18A4E684DABA650BDE45005C.JPEG",
    "cantidad_archivos": 1,
    "archivos_fuente": [
      "Pictures/Fototeca de Fotos.photoslibrary/resources/derivatives/masters/7/7CBD1511-C7F9-4E18-A4E6-84DABA650BDE_4_5005_c.jpeg"
    ],
    "ultima_modificacion": "2025-08-01 01:01:07.946686"
  },
  "75a7e79480ca4b7399b33ddb0affb02d45005c.jpeg": {
    "app_sintetizada": "75A7E79480CA4B7399B33DDB0AFFB02D45005C.JPEG",
    "cantidad_archivos": 1,
    "archivos_fuente": [
      "Pictures/Fototeca de Fotos.photoslibrary/resources/derivatives/masters/7/75A7E794-80CA-4B73-99B3-3DDB0AFFB02D_4_5005_c.jpeg"
    ],
    "ultima_modificacion": "2025-08-01 01:01:07.946982"
  },
  "71751f2d8eb94a1fa2ba56256c4cbf9b45005c.jpeg": {
    "app_sintetizada": "71751F2D8EB94A1FA2BA56256C4CBF9B45005C.JPEG",
    "cantidad_archivos": 1,
    "archivos_fuente": [
      "Pictures/Fototeca de Fotos.photoslibrary/resources/derivatives/masters/7/71751F2D-8EB9-4A1F-A2BA-56256C4CBF9B_4_5005_c.jpeg"
    ],
    "ultima_modificacion": "2025-08-01 01:01:07.947291"
  },
  "7ccca99f1355494391a007bf56a0574545005c.jpeg": {
    "app_sintetizada": "7CCCA99F1355494391A007BF56A0574545005C.JPEG",
    "cantidad_archivos": 1,
    "archivos_fuente": [
      "Pictures/Fototeca de Fotos.photoslibrary/resources/derivatives/masters/7/7CCCA99F-1355-4943-91A0-07BF56A05745_4_5005_c.jpeg"
    ],
    "ultima_modificacion": "2025-08-01 01:01:07.947591"
  },
  "7cc41a35cbf941bda0872897eadfbf8045005c.jpeg": {
    "app_sintetizada": "7CC41A35CBF941BDA0872897EADFBF8045005C.JPEG",
    "cantidad_archivos": 1,
    "archivos_fuente": [
      "Pictures/Fototeca de Fotos.photoslibrary/resources/derivatives/masters/7/7CC41A35-CBF9-41BD-A087-2897EADFBF80_4_5005_c.jpeg"
    ],
    "ultima_modificacion": "2025-08-01 01:01:07.947882"
  },
  "7bea4346388147b281085827cd4b7e7345005c.jpeg": {
    "app_sintetizada": "7BEA4346388147B281085827CD4B7E7345005C.JPEG",
    "cantidad_archivos": 1,
    "archivos_fuente": [
      "Pictures/Fototeca de Fotos.photoslibrary/resources/derivatives/masters/7/7BEA4346-3881-47B2-8108-5827CD4B7E73_4_5005_c.jpeg"
    ],
    "ultima_modificacion": "2025-08-01 01:01:07.948169"
  },
  "72f534a63a044ca5bd9eb67654e95c5b45005c.jpeg": {
    "app_sintetizada": "72F534A63A044CA5BD9EB67654E95C5B45005C.JPEG",
    "cantidad_archivos": 1,
    "archivos_fuente": [
      "Pictures/Fototeca de Fotos.photoslibrary/resources/derivatives/masters/7/72F534A6-3A04-4CA5-BD9E-B67654E95C5B_4_5005_c.jpeg"
    ],
    "ultima_modificacion": "2025-08-01 01:01:07.948470"
  },
  "79309fcdd64646e08966f344970f56bf45005c.jpeg": {
    "app_sintetizada": "79309FCDD64646E08966F344970F56BF45005C.JPEG",
    "cantidad_archivos": 1,
    "archivos_fuente": [
      "Pictures/Fototeca de Fotos.photoslibrary/resources/derivatives/masters/7/79309FCD-D646-46E0-8966-F344970F56BF_4_5005_c.jpeg"
    ],
    "ultima_modificacion": "2025-08-01 01:01:07.948791"
  },
  "72c3dce8cd004e988cc61aea1bf705dd45005c.jpeg": {
    "app_sintetizada": "72C3DCE8CD004E988CC61AEA1BF705DD45005C.JPEG",
    "cantidad_archivos": 1,
    "archivos_fuente": [
      "Pictures/Fototeca de Fotos.photoslibrary/resources/derivatives/masters/7/72C3DCE8-CD00-4E98-8CC6-1AEA1BF705DD_4_5005_c.jpeg"
    ],
    "ultima_modificacion": "2025-08-01 01:01:07.949081"
  },
  "79d3cf2644bf4560853d3dc18fcd01bf45005c.jpeg": {
    "app_sintetizada": "79D3CF2644BF4560853D3DC18FCD01BF45005C.JPEG",
    "cantidad_archivos": 1,
    "archivos_fuente": [
      "Pictures/Fototeca de Fotos.photoslibrary/resources/derivatives/masters/7/79D3CF26-44BF-4560-853D-3DC18FCD01BF_4_5005_c.jpeg"
    ],
    "ultima_modificacion": "2025-08-01 01:01:07.949408"
  },
  "72f4f9840fbb4e9dad64686afde277d145005c.jpeg": {
    "app_sintetizada": "72F4F9840FBB4E9DAD64686AFDE277D145005C.JPEG",
    "cantidad_archivos": 1,
    "archivos_fuente": [
      "Pictures/Fototeca de Fotos.photoslibrary/resources/derivatives/masters/7/72F4F984-0FBB-4E9D-AD64-686AFDE277D1_4_5005_c.jpeg"
    ],
    "ultima_modificacion": "2025-08-01 01:01:07.949765"
  },
  "7aebf66e763e4d59a5ee25f6fd9632e445005c.jpeg": {
    "app_sintetizada": "7AEBF66E763E4D59A5EE25F6FD9632E445005C.JPEG",
    "cantidad_archivos": 1,
    "archivos_fuente": [
      "Pictures/Fototeca de Fotos.photoslibrary/resources/derivatives/masters/7/7AEBF66E-763E-4D59-A5EE-25F6FD9632E4_4_5005_c.jpeg"
    ],
    "ultima_modificacion": "2025-08-01 01:01:07.950087"
  },
  "7dcd50c5f5a64b56be8bf48a27de1b2045005c.jpeg": {
    "app_sintetizada": "7DCD50C5F5A64B56BE8BF48A27DE1B2045005C.JPEG",
    "cantidad_archivos": 1,
    "archivos_fuente": [
      "Pictures/Fototeca de Fotos.photoslibrary/resources/derivatives/masters/7/7DCD50C5-F5A6-4B56-BE8B-F48A27DE1B20_4_5005_c.jpeg"
    ],
    "ultima_modificacion": "2025-08-01 01:01:07.950391"
  },
  "7c3dc9f2464c47bbac1b7874d78a1beb45005c.jpeg": {
    "app_sintetizada": "7C3DC9F2464C47BBAC1B7874D78A1BEB45005C.JPEG",
    "cantidad_archivos": 1,
    "archivos_fuente": [
      "Pictures/Fototeca de Fotos.photoslibrary/resources/derivatives/masters/7/7C3DC9F2-464C-47BB-AC1B-7874D78A1BEB_4_5005_c.jpeg"
    ],
    "ultima_modificacion": "2025-08-01 01:01:07.950678"
  },
  "7802867858594c29ab609260a9772e7645005c.jpeg": {
    "app_sintetizada": "7802867858594C29AB609260A9772E7645005C.JPEG",
    "cantidad_archivos": 1,
    "archivos_fuente": [
      "Pictures/Fototeca de Fotos.photoslibrary/resources/derivatives/masters/7/78028678-5859-4C29-AB60-9260A9772E76_4_5005_c.jpeg"
    ],
    "ultima_modificacion": "2025-08-01 01:01:07.950972"
  },
  "79daf6dafce64abd88b62fc4d898b56845005c.jpeg": {
    "app_sintetizada": "79DAF6DAFCE64ABD88B62FC4D898B56845005C.JPEG",
    "cantidad_archivos": 1,
    "archivos_fuente": [
      "Pictures/Fototeca de Fotos.photoslibrary/resources/derivatives/masters/7/79DAF6DA-FCE6-4ABD-88B6-2FC4D898B568_4_5005_c.jpeg"
    ],
    "ultima_modificacion": "2025-08-01 01:01:07.951286"
  },
  "7a8ab90cbafd4685a18cd6884243cc3145005c.jpeg": {
    "app_sintetizada": "7A8AB90CBAFD4685A18CD6884243CC3145005C.JPEG",
    "cantidad_archivos": 1,
    "archivos_fuente": [
      "Pictures/Fototeca de Fotos.photoslibrary/resources/derivatives/masters/7/7A8AB90C-BAFD-4685-A18C-D6884243CC31_4_5005_c.jpeg"
    ],
    "ultima_modificacion": "2025-08-01 01:01:07.951570"
  },
  "7236db8de7e34c0584dbad5968af6fa245005c.jpeg": {
    "app_sintetizada": "7236DB8DE7E34C0584DBAD5968AF6FA245005C.JPEG",
    "cantidad_archivos": 1,
    "archivos_fuente": [
      "Pictures/Fototeca de Fotos.photoslibrary/resources/derivatives/masters/7/7236DB8D-E7E3-4C05-84DB-AD5968AF6FA2_4_5005_c.jpeg"
    ],
    "ultima_modificacion": "2025-08-01 01:01:07.951852"
  },
  "7245232742944ad4810100b19db7783145005c.jpeg": {
    "app_sintetizada": "7245232742944AD4810100B19DB7783145005C.JPEG",
    "cantidad_archivos": 1,
    "archivos_fuente": [
      "Pictures/Fototeca de Fotos.photoslibrary/resources/derivatives/masters/7/72452327-4294-4AD4-8101-00B19DB77831_4_5005_c.jpeg"
    ],
    "ultima_modificacion": "2025-08-01 01:01:07.952171"
  },
  "72d19da2f52a4fd7bbccdeac5ae8f0e445005c.jpeg": {
    "app_sintetizada": "72D19DA2F52A4FD7BBCCDEAC5AE8F0E445005C.JPEG",
    "cantidad_archivos": 1,
    "archivos_fuente": [
      "Pictures/Fototeca de Fotos.photoslibrary/resources/derivatives/masters/7/72D19DA2-F52A-4FD7-BBCC-DEAC5AE8F0E4_4_5005_c.jpeg"
    ],
    "ultima_modificacion": "2025-08-01 01:01:07.952478"
  },
  "7f072d19f5424d40b0980d14ee32847245005c.jpeg": {
    "app_sintetizada": "7F072D19F5424D40B0980D14EE32847245005C.JPEG",
    "cantidad_archivos": 1,
    "archivos_fuente": [
      "Pictures/Fototeca de Fotos.photoslibrary/resources/derivatives/masters/7/7F072D19-F542-4D40-B098-0D14EE328472_4_5005_c.jpeg"
    ],
    "ultima_modificacion": "2025-08-01 01:01:07.952763"
  },
  "7971fa7f900b42f582d94dea9136a2f245005c.jpeg": {
    "app_sintetizada": "7971FA7F900B42F582D94DEA9136A2F245005C.JPEG",
    "cantidad_archivos": 1,
    "archivos_fuente": [
      "Pictures/Fototeca de Fotos.photoslibrary/resources/derivatives/masters/7/7971FA7F-900B-42F5-82D9-4DEA9136A2F2_4_5005_c.jpeg"
    ],
    "ultima_modificacion": "2025-08-01 01:01:07.953085"
  },
  "781889cfe8414a7596ae31f13636e66745005c.jpeg": {
    "app_sintetizada": "781889CFE8414A7596AE31F13636E66745005C.JPEG",
    "cantidad_archivos": 1,
    "archivos_fuente": [
      "Pictures/Fototeca de Fotos.photoslibrary/resources/derivatives/masters/7/781889CF-E841-4A75-96AE-31F13636E667_4_5005_c.jpeg"
    ],
    "ultima_modificacion": "2025-08-01 01:01:07.953360"
  },
  "772c1016de784a2984b4a1bf8135cbc945005c.jpeg": {
    "app_sintetizada": "772C1016DE784A2984B4A1BF8135CBC945005C.JPEG",
    "cantidad_archivos": 1,
    "archivos_fuente": [
      "Pictures/Fototeca de Fotos.photoslibrary/resources/derivatives/masters/7/772C1016-DE78-4A29-84B4-A1BF8135CBC9_4_5005_c.jpeg"
    ],
    "ultima_modificacion": "2025-08-01 01:01:07.953664"
  },
  "7f5854c6931d4f9fa2cf938a33c894ba45005c.jpeg": {
    "app_sintetizada": "7F5854C6931D4F9FA2CF938A33C894BA45005C.JPEG",
    "cantidad_archivos": 1,
    "archivos_fuente": [
      "Pictures/Fototeca de Fotos.photoslibrary/resources/derivatives/masters/7/7F5854C6-931D-4F9F-A2CF-938A33C894BA_4_5005_c.jpeg"
    ],
    "ultima_modificacion": "2025-08-01 01:01:07.953964"
  },
  "72e765facb384c75a5dc86cac472105b45005c.jpeg": {
    "app_sintetizada": "72E765FACB384C75A5DC86CAC472105B45005C.JPEG",
    "cantidad_archivos": 1,
    "archivos_fuente": [
      "Pictures/Fototeca de Fotos.photoslibrary/resources/derivatives/masters/7/72E765FA-CB38-4C75-A5DC-86CAC472105B_4_5005_c.jpeg"
    ],
    "ultima_modificacion": "2025-08-01 01:01:07.954265"
  },
  "733a2986d6fb4da6b47e1d3d9c53584945005c.jpeg": {
    "app_sintetizada": "733A2986D6FB4DA6B47E1D3D9C53584945005C.JPEG",
    "cantidad_archivos": 1,
    "archivos_fuente": [
      "Pictures/Fototeca de Fotos.photoslibrary/resources/derivatives/masters/7/733A2986-D6FB-4DA6-B47E-1D3D9C535849_4_5005_c.jpeg"
    ],
    "ultima_modificacion": "2025-08-01 01:01:07.954597"
  },
  "7d93d0c1ea2e47fa916ea0cecb712b0c45005c.jpeg": {
    "app_sintetizada": "7D93D0C1EA2E47FA916EA0CECB712B0C45005C.JPEG",
    "cantidad_archivos": 1,
    "archivos_fuente": [
      "Pictures/Fototeca de Fotos.photoslibrary/resources/derivatives/masters/7/7D93D0C1-EA2E-47FA-916E-A0CECB712B0C_4_5005_c.jpeg"
    ],
    "ultima_modificacion": "2025-08-01 01:01:07.954913"
  },
  "76ab149fe9564ca7989a05d508f3efa545005c.jpeg": {
    "app_sintetizada": "76AB149FE9564CA7989A05D508F3EFA545005C.JPEG",
    "cantidad_archivos": 1,
    "archivos_fuente": [
      "Pictures/Fototeca de Fotos.photoslibrary/resources/derivatives/masters/7/76AB149F-E956-4CA7-989A-05D508F3EFA5_4_5005_c.jpeg"
    ],
    "ultima_modificacion": "2025-08-01 01:01:07.955198"
  },
  "7f8491ac9fff473e8abacb7958bf669945005c.jpeg": {
    "app_sintetizada": "7F8491AC9FFF473E8ABACB7958BF669945005C.JPEG",
    "cantidad_archivos": 1,
    "archivos_fuente": [
      "Pictures/Fototeca de Fotos.photoslibrary/resources/derivatives/masters/7/7F8491AC-9FFF-473E-8ABA-CB7958BF6699_4_5005_c.jpeg"
    ],
    "ultima_modificacion": "2025-08-01 01:01:07.955490"
  },
  "744aa22b61d746e0ba39d9a70d10abab45005c.jpeg": {
    "app_sintetizada": "744AA22B61D746E0BA39D9A70D10ABAB45005C.JPEG",
    "cantidad_archivos": 1,
    "archivos_fuente": [
      "Pictures/Fototeca de Fotos.photoslibrary/resources/derivatives/masters/7/744AA22B-61D7-46E0-BA39-D9A70D10ABAB_4_5005_c.jpeg"
    ],
    "ultima_modificacion": "2025-08-01 01:01:07.955778"
  },
  "73f64545c8f14f388338d1f65b4500fd45005c.jpeg": {
    "app_sintetizada": "73F64545C8F14F388338D1F65B4500FD45005C.JPEG",
    "cantidad_archivos": 1,
    "archivos_fuente": [
      "Pictures/Fototeca de Fotos.photoslibrary/resources/derivatives/masters/7/73F64545-C8F1-4F38-8338-D1F65B4500FD_4_5005_c.jpeg"
    ],
    "ultima_modificacion": "2025-08-01 01:01:07.956081"
  },
  "7e849b10f04b43d48f0b0c0dd186515e45005c.jpeg": {
    "app_sintetizada": "7E849B10F04B43D48F0B0C0DD186515E45005C.JPEG",
    "cantidad_archivos": 1,
    "archivos_fuente": [
      "Pictures/Fototeca de Fotos.photoslibrary/resources/derivatives/masters/7/7E849B10-F04B-43D4-8F0B-0C0DD186515E_4_5005_c.jpeg"
    ],
    "ultima_modificacion": "2025-08-01 01:01:07.956367"
  },
  "7910d1289e7042b0a3b88a36107cd7eb45005c.jpeg": {
    "app_sintetizada": "7910D1289E7042B0A3B88A36107CD7EB45005C.JPEG",
    "cantidad_archivos": 1,
    "archivos_fuente": [
      "Pictures/Fototeca de Fotos.photoslibrary/resources/derivatives/masters/7/7910D128-9E70-42B0-A3B8-8A36107CD7EB_4_5005_c.jpeg"
    ],
    "ultima_modificacion": "2025-08-01 01:01:07.956700"
  },
  "7ea5cdc364a44e86a50e7e93941871b745005c.jpeg": {
    "app_sintetizada": "7EA5CDC364A44E86A50E7E93941871B745005C.JPEG",
    "cantidad_archivos": 1,
    "archivos_fuente": [
      "Pictures/Fototeca de Fotos.photoslibrary/resources/derivatives/masters/7/7EA5CDC3-64A4-4E86-A50E-7E93941871B7_4_5005_c.jpeg"
    ],
    "ultima_modificacion": "2025-08-01 01:01:07.957031"
  },
  "7bec46ee68424738b5985be3874a5bf045005c.jpeg": {
    "app_sintetizada": "7BEC46EE68424738B5985BE3874A5BF045005C.JPEG",
    "cantidad_archivos": 1,
    "archivos_fuente": [
      "Pictures/Fototeca de Fotos.photoslibrary/resources/derivatives/masters/7/7BEC46EE-6842-4738-B598-5BE3874A5BF0_4_5005_c.jpeg"
    ],
    "ultima_modificacion": "2025-08-01 01:01:07.957340"
  },
  "7ff6d9354c2b4c72b94341e0b01d79ef45005c.jpeg": {
    "app_sintetizada": "7FF6D9354C2B4C72B94341E0B01D79EF45005C.JPEG",
    "cantidad_archivos": 1,
    "archivos_fuente": [
      "Pictures/Fototeca de Fotos.photoslibrary/resources/derivatives/masters/7/7FF6D935-4C2B-4C72-B943-41E0B01D79EF_4_5005_c.jpeg"
    ],
    "ultima_modificacion": "2025-08-01 01:01:07.957654"
  },
  "7a0b6ad352484783b595fd841503075b45005c.jpeg": {
    "app_sintetizada": "7A0B6AD352484783B595FD841503075B45005C.JPEG",
    "cantidad_archivos": 1,
    "archivos_fuente": [
      "Pictures/Fototeca de Fotos.photoslibrary/resources/derivatives/masters/7/7A0B6AD3-5248-4783-B595-FD841503075B_4_5005_c.jpeg"
    ],
    "ultima_modificacion": "2025-08-01 01:01:07.957990"
  },
  "7bc7a8d42a2349f7be71e07662e445bd45005c.jpeg": {
    "app_sintetizada": "7BC7A8D42A2349F7BE71E07662E445BD45005C.JPEG",
    "cantidad_archivos": 1,
    "archivos_fuente": [
      "Pictures/Fototeca de Fotos.photoslibrary/resources/derivatives/masters/7/7BC7A8D4-2A23-49F7-BE71-E07662E445BD_4_5005_c.jpeg"
    ],
    "ultima_modificacion": "2025-08-01 01:01:07.958285"
  },
  "775ec7e277654ed489fea74e18c5babf45005c.jpeg": {
    "app_sintetizada": "775EC7E277654ED489FEA74E18C5BABF45005C.JPEG",
    "cantidad_archivos": 1,
    "archivos_fuente": [
      "Pictures/Fototeca de Fotos.photoslibrary/resources/derivatives/masters/7/775EC7E2-7765-4ED4-89FE-A74E18C5BABF_4_5005_c.jpeg"
    ],
    "ultima_modificacion": "2025-08-01 01:01:07.958575"
  },
  "70953ece92e547e5b2918ce8520b0d4745005c.jpeg": {
    "app_sintetizada": "70953ECE92E547E5B2918CE8520B0D4745005C.JPEG",
    "cantidad_archivos": 1,
    "archivos_fuente": [
      "Pictures/Fototeca de Fotos.photoslibrary/resources/derivatives/masters/7/70953ECE-92E5-47E5-B291-8CE8520B0D47_4_5005_c.jpeg"
    ],
    "ultima_modificacion": "2025-08-01 01:01:07.958882"
  },
  "700df984d4cc4ec7b89e943dee49e96b45005c.jpeg": {
    "app_sintetizada": "700DF984D4CC4EC7B89E943DEE49E96B45005C.JPEG",
    "cantidad_archivos": 1,
    "archivos_fuente": [
      "Pictures/Fototeca de Fotos.photoslibrary/resources/derivatives/masters/7/700DF984-D4CC-4EC7-B89E-943DEE49E96B_4_5005_c.jpeg"
    ],
    "ultima_modificacion": "2025-08-01 01:01:07.959239"
  },
  "7d96afd7c1f0425592b4698ac4f5fe7645005c.jpeg": {
    "app_sintetizada": "7D96AFD7C1F0425592B4698AC4F5FE7645005C.JPEG",
    "cantidad_archivos": 1,
    "archivos_fuente": [
      "Pictures/Fototeca de Fotos.photoslibrary/resources/derivatives/masters/7/7D96AFD7-C1F0-4255-92B4-698AC4F5FE76_4_5005_c.jpeg"
    ],
    "ultima_modificacion": "2025-08-01 01:01:07.959553"
  },
  "7b173eaa11914169ba721660a916b4dd45005c.jpeg": {
    "app_sintetizada": "7B173EAA11914169BA721660A916B4DD45005C.JPEG",
    "cantidad_archivos": 1,
    "archivos_fuente": [
      "Pictures/Fototeca de Fotos.photoslibrary/resources/derivatives/masters/7/7B173EAA-1191-4169-BA72-1660A916B4DD_4_5005_c.jpeg"
    ],
    "ultima_modificacion": "2025-08-01 01:01:07.959867"
  },
  "774eafb31e594c949d1c78356c0c46e845005c.jpeg": {
    "app_sintetizada": "774EAFB31E594C949D1C78356C0C46E845005C.JPEG",
    "cantidad_archivos": 1,
    "archivos_fuente": [
      "Pictures/Fototeca de Fotos.photoslibrary/resources/derivatives/masters/7/774EAFB3-1E59-4C94-9D1C-78356C0C46E8_4_5005_c.jpeg"
    ],
    "ultima_modificacion": "2025-08-01 01:01:07.960208"
  },
  "7461874195f14100863a25c515f896ac45005c.jpeg": {
    "app_sintetizada": "7461874195F14100863A25C515F896AC45005C.JPEG",
    "cantidad_archivos": 1,
    "archivos_fuente": [
      "Pictures/Fototeca de Fotos.photoslibrary/resources/derivatives/masters/7/74618741-95F1-4100-863A-25C515F896AC_4_5005_c.jpeg"
    ],
    "ultima_modificacion": "2025-08-01 01:01:07.960589"
  },
  "77582fa82b3649c58577b55ca18c891545005c.jpeg": {
    "app_sintetizada": "77582FA82B3649C58577B55CA18C891545005C.JPEG",
    "cantidad_archivos": 1,
    "archivos_fuente": [
      "Pictures/Fototeca de Fotos.photoslibrary/resources/derivatives/masters/7/77582FA8-2B36-49C5-8577-B55CA18C8915_4_5005_c.jpeg"
    ],
    "ultima_modificacion": "2025-08-01 01:01:07.960917"
  },
  "7e48625324f24493a710b42acd20098645005c.jpeg": {
    "app_sintetizada": "7E48625324F24493A710B42ACD20098645005C.JPEG",
    "cantidad_archivos": 1,
    "archivos_fuente": [
      "Pictures/Fototeca de Fotos.photoslibrary/resources/derivatives/masters/7/7E486253-24F2-4493-A710-B42ACD200986_4_5005_c.jpeg"
    ],
    "ultima_modificacion": "2025-08-01 01:01:07.961242"
  },
  "7fdc4a3266c848d8946b5c51d9074c6d45005c.jpeg": {
    "app_sintetizada": "7FDC4A3266C848D8946B5C51D9074C6D45005C.JPEG",
    "cantidad_archivos": 1,
    "archivos_fuente": [
      "Pictures/Fototeca de Fotos.photoslibrary/resources/derivatives/masters/7/7FDC4A32-66C8-48D8-946B-5C51D9074C6D_4_5005_c.jpeg"
    ],
    "ultima_modificacion": "2025-08-01 01:01:07.961534"
  },
  "7a139fe4be2a4928bb853b972c3da96c45005c.jpeg": {
    "app_sintetizada": "7A139FE4BE2A4928BB853B972C3DA96C45005C.JPEG",
    "cantidad_archivos": 1,
    "archivos_fuente": [
      "Pictures/Fototeca de Fotos.photoslibrary/resources/derivatives/masters/7/7A139FE4-BE2A-4928-BB85-3B972C3DA96C_4_5005_c.jpeg"
    ],
    "ultima_modificacion": "2025-08-01 01:01:07.961835"
  },
  "742c021df0664a99ae20aaa6e0c2244345005c.jpeg": {
    "app_sintetizada": "742C021DF0664A99AE20AAA6E0C2244345005C.JPEG",
    "cantidad_archivos": 1,
    "archivos_fuente": [
      "Pictures/Fototeca de Fotos.photoslibrary/resources/derivatives/masters/7/742C021D-F066-4A99-AE20-AAA6E0C22443_4_5005_c.jpeg"
    ],
    "ultima_modificacion": "2025-08-01 01:01:07.962115"
  },
  "7952604404d44f5989ce6aac572c4a3745005c.jpeg": {
    "app_sintetizada": "7952604404D44F5989CE6AAC572C4A3745005C.JPEG",
    "cantidad_archivos": 1,
    "archivos_fuente": [
      "Pictures/Fototeca de Fotos.photoslibrary/resources/derivatives/masters/7/79526044-04D4-4F59-89CE-6AAC572C4A37_4_5005_c.jpeg"
    ],
    "ultima_modificacion": "2025-08-01 01:01:07.962414"
  },
  "7d7017820d724c488728f4d0a252593b45005c.jpeg": {
    "app_sintetizada": "7D7017820D724C488728F4D0A252593B45005C.JPEG",
    "cantidad_archivos": 1,
    "archivos_fuente": [
      "Pictures/Fototeca de Fotos.photoslibrary/resources/derivatives/masters/7/7D701782-0D72-4C48-8728-F4D0A252593B_4_5005_c.jpeg"
    ],
    "ultima_modificacion": "2025-08-01 01:01:07.962685"
  },
  "775b5685fd534110bf02bb4ca78d7fef45005c.jpeg": {
    "app_sintetizada": "775B5685FD534110BF02BB4CA78D7FEF45005C.JPEG",
    "cantidad_archivos": 1,
    "archivos_fuente": [
      "Pictures/Fototeca de Fotos.photoslibrary/resources/derivatives/masters/7/775B5685-FD53-4110-BF02-BB4CA78D7FEF_4_5005_c.jpeg"
    ],
    "ultima_modificacion": "2025-08-01 01:01:07.962942"
  },
  "78a7ba4a785848f8a369334d03eefcc445005c.jpeg": {
    "app_sintetizada": "78A7BA4A785848F8A369334D03EEFCC445005C.JPEG",
    "cantidad_archivos": 1,
    "archivos_fuente": [
      "Pictures/Fototeca de Fotos.photoslibrary/resources/derivatives/masters/7/78A7BA4A-7858-48F8-A369-334D03EEFCC4_4_5005_c.jpeg"
    ],
    "ultima_modificacion": "2025-08-01 01:01:07.963218"
  },
  "714c316dc9144219a3babc96a955c0b445005c.jpeg": {
    "app_sintetizada": "714C316DC9144219A3BABC96A955C0B445005C.JPEG",
    "cantidad_archivos": 1,
    "archivos_fuente": [
      "Pictures/Fototeca de Fotos.photoslibrary/resources/derivatives/masters/7/714C316D-C914-4219-A3BA-BC96A955C0B4_4_5005_c.jpeg"
    ],
    "ultima_modificacion": "2025-08-01 01:01:07.963483"
  },
  "7df9578cf2d846649c09b7a38ffa741645005c.jpeg": {
    "app_sintetizada": "7DF9578CF2D846649C09B7A38FFA741645005C.JPEG",
    "cantidad_archivos": 1,
    "archivos_fuente": [
      "Pictures/Fototeca de Fotos.photoslibrary/resources/derivatives/masters/7/7DF9578C-F2D8-4664-9C09-B7A38FFA7416_4_5005_c.jpeg"
    ],
    "ultima_modificacion": "2025-08-01 01:01:07.963829"
  },
  "74567697dc9a4ee082731feb8550a11645005c.jpeg": {
    "app_sintetizada": "74567697DC9A4EE082731FEB8550A11645005C.JPEG",
    "cantidad_archivos": 1,
    "archivos_fuente": [
      "Pictures/Fototeca de Fotos.photoslibrary/resources/derivatives/masters/7/74567697-DC9A-4EE0-8273-1FEB8550A116_4_5005_c.jpeg"
    ],
    "ultima_modificacion": "2025-08-01 01:01:07.964089"
  },
  "7e74455a3dd54746be99c0765804047f45005c.jpeg": {
    "app_sintetizada": "7E74455A3DD54746BE99C0765804047F45005C.JPEG",
    "cantidad_archivos": 1,
    "archivos_fuente": [
      "Pictures/Fototeca de Fotos.photoslibrary/resources/derivatives/masters/7/7E74455A-3DD5-4746-BE99-C0765804047F_4_5005_c.jpeg"
    ],
    "ultima_modificacion": "2025-08-01 01:01:07.964398"
  },
  "7756e35661044c568b3d805c35e766d945005c.jpeg": {
    "app_sintetizada": "7756E35661044C568B3D805C35E766D945005C.JPEG",
    "cantidad_archivos": 1,
    "archivos_fuente": [
      "Pictures/Fototeca de Fotos.photoslibrary/resources/derivatives/masters/7/7756E356-6104-4C56-8B3D-805C35E766D9_4_5005_c.jpeg"
    ],
    "ultima_modificacion": "2025-08-01 01:01:07.964631"
  },
  "77274f06dbac4e24b6354e4ddd7ceedb45005c.jpeg": {
    "app_sintetizada": "77274F06DBAC4E24B6354E4DDD7CEEDB45005C.JPEG",
    "cantidad_archivos": 1,
    "archivos_fuente": [
      "Pictures/Fototeca de Fotos.photoslibrary/resources/derivatives/masters/7/77274F06-DBAC-4E24-B635-4E4DDD7CEEDB_4_5005_c.jpeg"
    ],
    "ultima_modificacion": "2025-08-01 01:01:07.964844"
  },
  "781501e805b742598cfe2e73eea4c13f45005c.jpeg": {
    "app_sintetizada": "781501E805B742598CFE2E73EEA4C13F45005C.JPEG",
    "cantidad_archivos": 1,
    "archivos_fuente": [
      "Pictures/Fototeca de Fotos.photoslibrary/resources/derivatives/masters/7/781501E8-05B7-4259-8CFE-2E73EEA4C13F_4_5005_c.jpeg"
    ],
    "ultima_modificacion": "2025-08-01 01:01:07.965064"
  },
  "75d53edc624a43869f11c9ed417374c345005c.jpeg": {
    "app_sintetizada": "75D53EDC624A43869F11C9ED417374C345005C.JPEG",
    "cantidad_archivos": 1,
    "archivos_fuente": [
      "Pictures/Fototeca de Fotos.photoslibrary/resources/derivatives/masters/7/75D53EDC-624A-4386-9F11-C9ED417374C3_4_5005_c.jpeg"
    ],
    "ultima_modificacion": "2025-08-01 01:01:07.965347"
  },
  "78bdac262f004452a507caf044d0a68b45005c.jpeg": {
    "app_sintetizada": "78BDAC262F004452A507CAF044D0A68B45005C.JPEG",
    "cantidad_archivos": 1,
    "archivos_fuente": [
      "Pictures/Fototeca de Fotos.photoslibrary/resources/derivatives/masters/7/78BDAC26-2F00-4452-A507-CAF044D0A68B_4_5005_c.jpeg"
    ],
    "ultima_modificacion": "2025-08-01 01:01:07.965642"
  },
  "75208b3e5a524b358a3f3c28e2d8602e45005c.jpeg": {
    "app_sintetizada": "75208B3E5A524B358A3F3C28E2D8602E45005C.JPEG",
    "cantidad_archivos": 1,
    "archivos_fuente": [
      "Pictures/Fototeca de Fotos.photoslibrary/resources/derivatives/masters/7/75208B3E-5A52-4B35-8A3F-3C28E2D8602E_4_5005_c.jpeg"
    ],
    "ultima_modificacion": "2025-08-01 01:01:07.965922"
  },
  "7a498bda7fa544bd85cf9d060a51834c45005c.jpeg": {
    "app_sintetizada": "7A498BDA7FA544BD85CF9D060A51834C45005C.JPEG",
    "cantidad_archivos": 1,
    "archivos_fuente": [
      "Pictures/Fototeca de Fotos.photoslibrary/resources/derivatives/masters/7/7A498BDA-7FA5-44BD-85CF-9D060A51834C_4_5005_c.jpeg"
    ],
    "ultima_modificacion": "2025-08-01 01:01:07.966172"
  },
  "7683df7d2c5148c7b320fc549b05b9b945005c.jpeg": {
    "app_sintetizada": "7683DF7D2C5148C7B320FC549B05B9B945005C.JPEG",
    "cantidad_archivos": 1,
    "archivos_fuente": [
      "Pictures/Fototeca de Fotos.photoslibrary/resources/derivatives/masters/7/7683DF7D-2C51-48C7-B320-FC549B05B9B9_4_5005_c.jpeg"
    ],
    "ultima_modificacion": "2025-08-01 01:01:07.966415"
  },
  "7369d70e0b114efeba0079309b71ba8045005c.jpeg": {
    "app_sintetizada": "7369D70E0B114EFEBA0079309B71BA8045005C.JPEG",
    "cantidad_archivos": 1,
    "archivos_fuente": [
      "Pictures/Fototeca de Fotos.photoslibrary/resources/derivatives/masters/7/7369D70E-0B11-4EFE-BA00-79309B71BA80_4_5005_c.jpeg"
    ],
    "ultima_modificacion": "2025-08-01 01:01:07.966716"
  },
  "708501a5d76a4aa1b29aa17b3996622645005c.jpeg": {
    "app_sintetizada": "708501A5D76A4AA1B29AA17B3996622645005C.JPEG",
    "cantidad_archivos": 1,
    "archivos_fuente": [
      "Pictures/Fototeca de Fotos.photoslibrary/resources/derivatives/masters/7/708501A5-D76A-4AA1-B29A-A17B39966226_4_5005_c.jpeg"
    ],
    "ultima_modificacion": "2025-08-01 01:01:07.966940"
  },
  "7e6cdd6d4c0747deb82182e27d8c82ac45005c.jpeg": {
    "app_sintetizada": "7E6CDD6D4C0747DEB82182E27D8C82AC45005C.JPEG",
    "cantidad_archivos": 1,
    "archivos_fuente": [
      "Pictures/Fototeca de Fotos.photoslibrary/resources/derivatives/masters/7/7E6CDD6D-4C07-47DE-B821-82E27D8C82AC_4_5005_c.jpeg"
    ],
    "ultima_modificacion": "2025-08-01 01:01:07.967152"
  },
  "70b6aed60d2f4c9eaac28d1a57d0f58845005c.jpeg": {
    "app_sintetizada": "70B6AED60D2F4C9EAAC28D1A57D0F58845005C.JPEG",
    "cantidad_archivos": 1,
    "archivos_fuente": [
      "Pictures/Fototeca de Fotos.photoslibrary/resources/derivatives/masters/7/70B6AED6-0D2F-4C9E-AAC2-8D1A57D0F588_4_5005_c.jpeg"
    ],
    "ultima_modificacion": "2025-08-01 01:01:07.967368"
  },
  "73de6913488b44b1bb34df57da29893845005c.jpeg": {
    "app_sintetizada": "73DE6913488B44B1BB34DF57DA29893845005C.JPEG",
    "cantidad_archivos": 1,
    "archivos_fuente": [
      "Pictures/Fototeca de Fotos.photoslibrary/resources/derivatives/masters/7/73DE6913-488B-44B1-BB34-DF57DA298938_4_5005_c.jpeg"
    ],
    "ultima_modificacion": "2025-08-01 01:01:07.967565"
  },
  "792d4bb315d046119617bdd721025a3a45005c.jpeg": {
    "app_sintetizada": "792D4BB315D046119617BDD721025A3A45005C.JPEG",
    "cantidad_archivos": 1,
    "archivos_fuente": [
      "Pictures/Fototeca de Fotos.photoslibrary/resources/derivatives/masters/7/792D4BB3-15D0-4611-9617-BDD721025A3A_4_5005_c.jpeg"
    ],
    "ultima_modificacion": "2025-08-01 01:01:07.967753"
  },
  "7d9b8f6d5b0f45a5bce6a49dd9c459eb45005c.jpeg": {
    "app_sintetizada": "7D9B8F6D5B0F45A5BCE6A49DD9C459EB45005C.JPEG",
    "cantidad_archivos": 1,
    "archivos_fuente": [
      "Pictures/Fototeca de Fotos.photoslibrary/resources/derivatives/masters/7/7D9B8F6D-5B0F-45A5-BCE6-A49DD9C459EB_4_5005_c.jpeg"
    ],
    "ultima_modificacion": "2025-08-01 01:01:07.967942"
  },
  "715f3c617ddf4fcc8acb3fe17a01a09645005c.jpeg": {
    "app_sintetizada": "715F3C617DDF4FCC8ACB3FE17A01A09645005C.JPEG",
    "cantidad_archivos": 1,
    "archivos_fuente": [
      "Pictures/Fototeca de Fotos.photoslibrary/resources/derivatives/masters/7/715F3C61-7DDF-4FCC-8ACB-3FE17A01A096_4_5005_c.jpeg"
    ],
    "ultima_modificacion": "2025-08-01 01:01:07.968137"
  },
  "7b4e660d67244f44a9a97c5e313e8c4445005c.jpeg": {
    "app_sintetizada": "7B4E660D67244F44A9A97C5E313E8C4445005C.JPEG",
    "cantidad_archivos": 1,
    "archivos_fuente": [
      "Pictures/Fototeca de Fotos.photoslibrary/resources/derivatives/masters/7/7B4E660D-6724-4F44-A9A9-7C5E313E8C44_4_5005_c.jpeg"
    ],
    "ultima_modificacion": "2025-08-01 01:01:07.968334"
  },
  "7017006c6421457c8334dcd98d99d57c45005c.jpeg": {
    "app_sintetizada": "7017006C6421457C8334DCD98D99D57C45005C.JPEG",
    "cantidad_archivos": 1,
    "archivos_fuente": [
      "Pictures/Fototeca de Fotos.photoslibrary/resources/derivatives/masters/7/7017006C-6421-457C-8334-DCD98D99D57C_4_5005_c.jpeg"
    ],
    "ultima_modificacion": "2025-08-01 01:01:07.968530"
  },
  "7cd4d374d7ae4faf960c26c1173e2ac145005c.jpeg": {
    "app_sintetizada": "7CD4D374D7AE4FAF960C26C1173E2AC145005C.JPEG",
    "cantidad_archivos": 1,
    "archivos_fuente": [
      "Pictures/Fototeca de Fotos.photoslibrary/resources/derivatives/masters/7/7CD4D374-D7AE-4FAF-960C-26C1173E2AC1_4_5005_c.jpeg"
    ],
    "ultima_modificacion": "2025-08-01 01:01:07.968715"
  },
  "7bb68c9eb9924ce09102968f3f51d00f45005c.jpeg": {
    "app_sintetizada": "7BB68C9EB9924CE09102968F3F51D00F45005C.JPEG",
    "cantidad_archivos": 1,
    "archivos_fuente": [
      "Pictures/Fototeca de Fotos.photoslibrary/resources/derivatives/masters/7/7BB68C9E-B992-4CE0-9102-968F3F51D00F_4_5005_c.jpeg"
    ],
    "ultima_modificacion": "2025-08-01 01:01:07.968902"
  },
  "781e3271ecbe4c38ae5b2374eedad5f645005c.jpeg": {
    "app_sintetizada": "781E3271ECBE4C38AE5B2374EEDAD5F645005C.JPEG",
    "cantidad_archivos": 1,
    "archivos_fuente": [
      "Pictures/Fototeca de Fotos.photoslibrary/resources/derivatives/masters/7/781E3271-ECBE-4C38-AE5B-2374EEDAD5F6_4_5005_c.jpeg"
    ],
    "ultima_modificacion": "2025-08-01 01:01:07.969164"
  },
  "794aac85c8d84e9ea6c9f9807f86861f45005c.jpeg": {
    "app_sintetizada": "794AAC85C8D84E9EA6C9F9807F86861F45005C.JPEG",
    "cantidad_archivos": 1,
    "archivos_fuente": [
      "Pictures/Fototeca de Fotos.photoslibrary/resources/derivatives/masters/7/794AAC85-C8D8-4E9E-A6C9-F9807F86861F_4_5005_c.jpeg"
    ],
    "ultima_modificacion": "2025-08-01 01:01:07.969489"
  },
  "785802918b1a44a591a50c5e635d646b45005c.jpeg": {
    "app_sintetizada": "785802918B1A44A591A50C5E635D646B45005C.JPEG",
    "cantidad_archivos": 1,
    "archivos_fuente": [
      "Pictures/Fototeca de Fotos.photoslibrary/resources/derivatives/masters/7/78580291-8B1A-44A5-91A5-0C5E635D646B_4_5005_c.jpeg"
    ],
    "ultima_modificacion": "2025-08-01 01:01:07.969778"
  },
  "72b2b417d9234cfe8e6e93bc945aa63545005c.jpeg": {
    "app_sintetizada": "72B2B417D9234CFE8E6E93BC945AA63545005C.JPEG",
    "cantidad_archivos": 1,
    "archivos_fuente": [
      "Pictures/Fototeca de Fotos.photoslibrary/resources/derivatives/masters/7/72B2B417-D923-4CFE-8E6E-93BC945AA635_4_5005_c.jpeg"
    ],
    "ultima_modificacion": "2025-08-01 01:01:07.970024"
  },
  "7bb2c71e4df94535858bbfeca32bacda45005c.jpeg": {
    "app_sintetizada": "7BB2C71E4DF94535858BBFECA32BACDA45005C.JPEG",
    "cantidad_archivos": 1,
    "archivos_fuente": [
      "Pictures/Fototeca de Fotos.photoslibrary/resources/derivatives/masters/7/7BB2C71E-4DF9-4535-858B-BFECA32BACDA_4_5005_c.jpeg"
    ],
    "ultima_modificacion": "2025-08-01 01:01:07.970321"
  },
  "7065298a5d174eeb8a03b1fd66be127f45005c.jpeg": {
    "app_sintetizada": "7065298A5D174EEB8A03B1FD66BE127F45005C.JPEG",
    "cantidad_archivos": 1,
    "archivos_fuente": [
      "Pictures/Fototeca de Fotos.photoslibrary/resources/derivatives/masters/7/7065298A-5D17-4EEB-8A03-B1FD66BE127F_4_5005_c.jpeg"
    ],
    "ultima_modificacion": "2025-08-01 01:01:07.970555"
  },
  "7cbd3b8797ae43488c36f67f90f5ea4a45005c.jpeg": {
    "app_sintetizada": "7CBD3B8797AE43488C36F67F90F5EA4A45005C.JPEG",
    "cantidad_archivos": 1,
    "archivos_fuente": [
      "Pictures/Fototeca de Fotos.photoslibrary/resources/derivatives/masters/7/7CBD3B87-97AE-4348-8C36-F67F90F5EA4A_4_5005_c.jpeg"
    ],
    "ultima_modificacion": "2025-08-01 01:01:07.970778"
  },
  "7843d9123d8146b8841f3057cd1a90b545005c.jpeg": {
    "app_sintetizada": "7843D9123D8146B8841F3057CD1A90B545005C.JPEG",
    "cantidad_archivos": 1,
    "archivos_fuente": [
      "Pictures/Fototeca de Fotos.photoslibrary/resources/derivatives/masters/7/7843D912-3D81-46B8-841F-3057CD1A90B5_4_5005_c.jpeg"
    ],
    "ultima_modificacion": "2025-08-01 01:01:07.970990"
  },
  "7d6a56028ecd401790b29120f4711fa845005c.jpeg": {
    "app_sintetizada": "7D6A56028ECD401790B29120F4711FA845005C.JPEG",
    "cantidad_archivos": 1,
    "archivos_fuente": [
      "Pictures/Fototeca de Fotos.photoslibrary/resources/derivatives/masters/7/7D6A5602-8ECD-4017-90B2-9120F4711FA8_4_5005_c.jpeg"
    ],
    "ultima_modificacion": "2025-08-01 01:01:07.971296"
  },
  "7630b4bdbca74fc59d5505d452bc6aec45005c.jpeg": {
    "app_sintetizada": "7630B4BDBCA74FC59D5505D452BC6AEC45005C.JPEG",
    "cantidad_archivos": 1,
    "archivos_fuente": [
      "Pictures/Fototeca de Fotos.photoslibrary/resources/derivatives/masters/7/7630B4BD-BCA7-4FC5-9D55-05D452BC6AEC_4_5005_c.jpeg"
    ],
    "ultima_modificacion": "2025-08-01 01:01:07.971673"
  },
  "787283b8161e4ed0b021483131ae8f5045005c.jpeg": {
    "app_sintetizada": "787283B8161E4ED0B021483131AE8F5045005C.JPEG",
    "cantidad_archivos": 1,
    "archivos_fuente": [
      "Pictures/Fototeca de Fotos.photoslibrary/resources/derivatives/masters/7/787283B8-161E-4ED0-B021-483131AE8F50_4_5005_c.jpeg"
    ],
    "ultima_modificacion": "2025-08-01 01:01:07.971931"
  },
  "79ce7e0d445e40a0be8f5417b0e219fc45005c.jpeg": {
    "app_sintetizada": "79CE7E0D445E40A0BE8F5417B0E219FC45005C.JPEG",
    "cantidad_archivos": 1,
    "archivos_fuente": [
      "Pictures/Fototeca de Fotos.photoslibrary/resources/derivatives/masters/7/79CE7E0D-445E-40A0-BE8F-5417B0E219FC_4_5005_c.jpeg"
    ],
    "ultima_modificacion": "2025-08-01 01:01:07.972177"
  },
  "75a40c2a7b6c4dea8edb016751d67f6445005c.jpeg": {
    "app_sintetizada": "75A40C2A7B6C4DEA8EDB016751D67F6445005C.JPEG",
    "cantidad_archivos": 1,
    "archivos_fuente": [
      "Pictures/Fototeca de Fotos.photoslibrary/resources/derivatives/masters/7/75A40C2A-7B6C-4DEA-8EDB-016751D67F64_4_5005_c.jpeg"
    ],
    "ultima_modificacion": "2025-08-01 01:01:07.972471"
  },
  "7b59c6a2c5814b8a99b3e1ee3bb2955b45005c.jpeg": {
    "app_sintetizada": "7B59C6A2C5814B8A99B3E1EE3BB2955B45005C.JPEG",
    "cantidad_archivos": 1,
    "archivos_fuente": [
      "Pictures/Fototeca de Fotos.photoslibrary/resources/derivatives/masters/7/7B59C6A2-C581-4B8A-99B3-E1EE3BB2955B_4_5005_c.jpeg"
    ],
    "ultima_modificacion": "2025-08-01 01:01:07.972696"
  },
  "7bd2786f8d4f461b99ef7a5d877d831045005c.jpeg": {
    "app_sintetizada": "7BD2786F8D4F461B99EF7A5D877D831045005C.JPEG",
    "cantidad_archivos": 1,
    "archivos_fuente": [
      "Pictures/Fototeca de Fotos.photoslibrary/resources/derivatives/masters/7/7BD2786F-8D4F-461B-99EF-7A5D877D8310_4_5005_c.jpeg"
    ],
    "ultima_modificacion": "2025-08-01 01:01:07.972889"
  }
}