{
  "7b94ac8ca3a0492881526b02225c611e45005c.jpeg": {
    "app_sintetizada": "7B94AC8CA3A0492881526B02225C611E45005C.JPEG",
    "cantidad_archivos": 1,
    "archivos_fuente": [
      "Pictures/Fototeca de Fotos.photoslibrary/resources/derivatives/masters/7/7B94AC8C-A3A0-4928-8152-6B02225C611E_4_5005_c.jpeg"
    ],
    "ultima_modificacion": "2025-08-01 01:01:08.152928"
  },
  "7f56fec88d9a4cec9d8b593c2a6f22cc45005c.jpeg": {
    "app_sintetizada": "7F56FEC88D9A4CEC9D8B593C2A6F22CC45005C.JPEG",
    "cantidad_archivos": 1,
    "archivos_fuente": [
      "Pictures/Fototeca de Fotos.photoslibrary/resources/derivatives/masters/7/7F56FEC8-8D9A-4CEC-9D8B-593C2A6F22CC_4_5005_c.jpeg"
    ],
    "ultima_modificacion": "2025-08-01 01:01:08.153242"
  },
  "73e7c32d292d4669bbf33d02b6ceb8fb45005c.jpeg": {
    "app_sintetizada": "73E7C32D292D4669BBF33D02B6CEB8FB45005C.JPEG",
    "cantidad_archivos": 1,
    "archivos_fuente": [
      "Pictures/Fototeca de Fotos.photoslibrary/resources/derivatives/masters/7/73E7C32D-292D-4669-BBF3-3D02B6CEB8FB_4_5005_c.jpeg"
    ],
    "ultima_modificacion": "2025-08-01 01:01:08.153535"
  },
  "7fab1396eafb48219680dabfd1cff68d45005c.jpeg": {
    "app_sintetizada": "7FAB1396EAFB48219680DABFD1CFF68D45005C.JPEG",
    "cantidad_archivos": 1,
    "archivos_fuente": [
      "Pictures/Fototeca de Fotos.photoslibrary/resources/derivatives/masters/7/7FAB1396-EAFB-4821-9680-DABFD1CFF68D_4_5005_c.jpeg"
    ],
    "ultima_modificacion": "2025-08-01 01:01:08.153804"
  },
  "7ab8d051699e44af86e93c54f8f6b91045005c.jpeg": {
    "app_sintetizada": "7AB8D051699E44AF86E93C54F8F6B91045005C.JPEG",
    "cantidad_archivos": 1,
    "archivos_fuente": [
      "Pictures/Fototeca de Fotos.photoslibrary/resources/derivatives/masters/7/7AB8D051-699E-44AF-86E9-3C54F8F6B910_4_5005_c.jpeg"
    ],
    "ultima_modificacion": "2025-08-01 01:01:08.154079"
  },
  "70ed001cb6354077b9a97bfb3413e28a45005c.jpeg": {
    "app_sintetizada": "70ED001CB6354077B9A97BFB3413E28A45005C.JPEG",
    "cantidad_archivos": 1,
    "archivos_fuente": [
      "Pictures/Fototeca de Fotos.photoslibrary/resources/derivatives/masters/7/70ED001C-B635-4077-B9A9-7BFB3413E28A_4_5005_c.jpeg"
    ],
    "ultima_modificacion": "2025-08-01 01:01:08.154372"
  },
  "79e776a67763433d9255fd1ec5d4917f45005c.jpeg": {
    "app_sintetizada": "79E776A67763433D9255FD1EC5D4917F45005C.JPEG",
    "cantidad_archivos": 1,
    "archivos_fuente": [
      "Pictures/Fototeca de Fotos.photoslibrary/resources/derivatives/masters/7/79E776A6-7763-433D-9255-FD1EC5D4917F_4_5005_c.jpeg"
    ],
    "ultima_modificacion": "2025-08-01 01:01:08.154697"
  },
  "77697ca05eb642a3a00165a0652d964745005c.jpeg": {
    "app_sintetizada": "77697CA05EB642A3A00165A0652D964745005C.JPEG",
    "cantidad_archivos": 1,
    "archivos_fuente": [
      "Pictures/Fototeca de Fotos.photoslibrary/resources/derivatives/masters/7/77697CA0-5EB6-42A3-A001-65A0652D9647_4_5005_c.jpeg"
    ],
    "ultima_modificacion": "2025-08-01 01:01:08.154984"
  },
  "772bbf480cbd48b3957ed458c7c5452945005c.jpeg": {
    "app_sintetizada": "772BBF480CBD48B3957ED458C7C5452945005C.JPEG",
    "cantidad_archivos": 1,
    "archivos_fuente": [
      "Pictures/Fototeca de Fotos.photoslibrary/resources/derivatives/masters/7/772BBF48-0CBD-48B3-957E-D458C7C54529_4_5005_c.jpeg"
    ],
    "ultima_modificacion": "2025-08-01 01:01:08.155283"
  },
  "77eb5decd0e3441fa8a1f4e2138a255545005c.jpeg": {
    "app_sintetizada": "77EB5DECD0E3441FA8A1F4E2138A255545005C.JPEG",
    "cantidad_archivos": 1,
    "archivos_fuente": [
      "Pictures/Fototeca de Fotos.photoslibrary/resources/derivatives/masters/7/77EB5DEC-D0E3-441F-A8A1-F4E2138A2555_4_5005_c.jpeg"
    ],
    "ultima_modificacion": "2025-08-01 01:01:08.155548"
  },
  "7a4bb977e7644de4a4d16ab0953d878c45005c.jpeg": {
    "app_sintetizada": "7A4BB977E7644DE4A4D16AB0953D878C45005C.JPEG",
    "cantidad_archivos": 1,
    "archivos_fuente": [
      "Pictures/Fototeca de Fotos.photoslibrary/resources/derivatives/masters/7/7A4BB977-E764-4DE4-A4D1-6AB0953D878C_4_5005_c.jpeg"
    ],
    "ultima_modificacion": "2025-08-01 01:01:08.155834"
  },
  "76cc6e4c69d24b39bccd6a87a494f77d45005c.jpeg": {
    "app_sintetizada": "76CC6E4C69D24B39BCCD6A87A494F77D45005C.JPEG",
    "cantidad_archivos": 1,
    "archivos_fuente": [
      "Pictures/Fototeca de Fotos.photoslibrary/resources/derivatives/masters/7/76CC6E4C-69D2-4B39-BCCD-6A87A494F77D_4_5005_c.jpeg"
    ],
    "ultima_modificacion": "2025-08-01 01:01:08.156161"
  },
  "73100f4ffd3e42bd9c3d34163ef50f0d45005c.jpeg": {
    "app_sintetizada": "73100F4FFD3E42BD9C3D34163EF50F0D45005C.JPEG",
    "cantidad_archivos": 1,
    "archivos_fuente": [
      "Pictures/Fototeca de Fotos.photoslibrary/resources/derivatives/masters/7/73100F4F-FD3E-42BD-9C3D-34163EF50F0D_4_5005_c.jpeg"
    ],
    "ultima_modificacion": "2025-08-01 01:01:08.156639"
  },
  "7ac36ffc8a1d4e4abdb9d02700a7c19e45005c.jpeg": {
    "app_sintetizada": "7AC36FFC8A1D4E4ABDB9D02700A7C19E45005C.JPEG",
    "cantidad_archivos": 1,
    "archivos_fuente": [
      "Pictures/Fototeca de Fotos.photoslibrary/resources/derivatives/masters/7/7AC36FFC-8A1D-4E4A-BDB9-D02700A7C19E_4_5005_c.jpeg"
    ],
    "ultima_modificacion": "2025-08-01 01:01:08.156969"
  },
  "7029142b676c4d4598f0ac84609d1ec445005c.jpeg": {
    "app_sintetizada": "7029142B676C4D4598F0AC84609D1EC445005C.JPEG",
    "cantidad_archivos": 1,
    "archivos_fuente": [
      "Pictures/Fototeca de Fotos.photoslibrary/resources/derivatives/masters/7/7029142B-676C-4D45-98F0-AC84609D1EC4_4_5005_c.jpeg"
    ],
    "ultima_modificacion": "2025-08-01 01:01:08.157247"
  },
  "7e856eed9262461db2f3bcb859a5e92145005c.jpeg": {
    "app_sintetizada": "7E856EED9262461DB2F3BCB859A5E92145005C.JPEG",
    "cantidad_archivos": 1,
    "archivos_fuente": [
      "Pictures/Fototeca de Fotos.photoslibrary/resources/derivatives/masters/7/7E856EED-9262-461D-B2F3-BCB859A5E921_4_5005_c.jpeg"
    ],
    "ultima_modificacion": "2025-08-01 01:01:08.157555"
  },
  "7d9b5377da454845a25eb15a9c74a8c745005c.jpeg": {
    "app_sintetizada": "7D9B5377DA454845A25EB15A9C74A8C745005C.JPEG",
    "cantidad_archivos": 1,
    "archivos_fuente": [
      "Pictures/Fototeca de Fotos.photoslibrary/resources/derivatives/masters/7/7D9B5377-DA45-4845-A25E-B15A9C74A8C7_4_5005_c.jpeg"
    ],
    "ultima_modificacion": "2025-08-01 01:01:08.157857"
  },
  "7a912e41df7e4069bfa7fb22a66df45845005c.jpeg": {
    "app_sintetizada": "7A912E41DF7E4069BFA7FB22A66DF45845005C.JPEG",
    "cantidad_archivos": 1,
    "archivos_fuente": [
      "Pictures/Fototeca de Fotos.photoslibrary/resources/derivatives/masters/7/7A912E41-DF7E-4069-BFA7-FB22A66DF458_4_5005_c.jpeg"
    ],
    "ultima_modificacion": "2025-08-01 01:01:08.158199"
  },
  "7380571f72ae4997886991dabfd4779245005c.jpeg": {
    "app_sintetizada": "7380571F72AE4997886991DABFD4779245005C.JPEG",
    "cantidad_archivos": 1,
    "archivos_fuente": [
      "Pictures/Fototeca de Fotos.photoslibrary/resources/derivatives/masters/7/7380571F-72AE-4997-8869-91DABFD47792_4_5005_c.jpeg"
    ],
    "ultima_modificacion": "2025-08-01 01:01:08.158528"
  },
  "72ea0370edc24b10b5d697d2e8c2a0e545005c.jpeg": {
    "app_sintetizada": "72EA0370EDC24B10B5D697D2E8C2A0E545005C.JPEG",
    "cantidad_archivos": 1,
    "archivos_fuente": [
      "Pictures/Fototeca de Fotos.photoslibrary/resources/derivatives/masters/7/72EA0370-EDC2-4B10-B5D6-97D2E8C2A0E5_4_5005_c.jpeg"
    ],
    "ultima_modificacion": "2025-08-01 01:01:08.158852"
  },
  "71bfbf1e9c484239bf77f6c37239088445005c.jpeg": {
    "app_sintetizada": "71BFBF1E9C484239BF77F6C37239088445005C.JPEG",
    "cantidad_archivos": 1,
    "archivos_fuente": [
      "Pictures/Fototeca de Fotos.photoslibrary/resources/derivatives/masters/7/71BFBF1E-9C48-4239-BF77-F6C372390884_4_5005_c.jpeg"
    ],
    "ultima_modificacion": "2025-08-01 01:01:08.159170"
  },
  "7cfd01aa7d884681965fde125bf4b82445005c.jpeg": {
    "app_sintetizada": "7CFD01AA7D884681965FDE125BF4B82445005C.JPEG",
    "cantidad_archivos": 1,
    "archivos_fuente": [
      "Pictures/Fototeca de Fotos.photoslibrary/resources/derivatives/masters/7/7CFD01AA-7D88-4681-965F-DE125BF4B824_4_5005_c.jpeg"
    ],
    "ultima_modificacion": "2025-08-01 01:01:08.159475"
  },
  "7b9ff74d29a24bebb6ce00123b1cd8e145005c.jpeg": {
    "app_sintetizada": "7B9FF74D29A24BEBB6CE00123B1CD8E145005C.JPEG",
    "cantidad_archivos": 1,
    "archivos_fuente": [
      "Pictures/Fototeca de Fotos.photoslibrary/resources/derivatives/masters/7/7B9FF74D-29A2-4BEB-B6CE-00123B1CD8E1_4_5005_c.jpeg"
    ],
    "ultima_modificacion": "2025-08-01 01:01:08.159782"
  },
  "7bfed9a8319340ffa8051522db56ad8445005c.jpeg": {
    "app_sintetizada": "7BFED9A8319340FFA8051522DB56AD8445005C.JPEG",
    "cantidad_archivos": 1,
    "archivos_fuente": [
      "Pictures/Fototeca de Fotos.photoslibrary/resources/derivatives/masters/7/7BFED9A8-3193-40FF-A805-1522DB56AD84_4_5005_c.jpeg"
    ],
    "ultima_modificacion": "2025-08-01 01:01:08.160087"
  },
  "77f04a295d7641c7a5785e83b1a9d25a45005c.jpeg": {
    "app_sintetizada": "77F04A295D7641C7A5785E83B1A9D25A45005C.JPEG",
    "cantidad_archivos": 1,
    "archivos_fuente": [
      "Pictures/Fototeca de Fotos.photoslibrary/resources/derivatives/masters/7/77F04A29-5D76-41C7-A578-5E83B1A9D25A_4_5005_c.jpeg"
    ],
    "ultima_modificacion": "2025-08-01 01:01:08.160408"
  },
  "777a16cfe13b456f83fa02311fd6d24d45005c.jpeg": {
    "app_sintetizada": "777A16CFE13B456F83FA02311FD6D24D45005C.JPEG",
    "cantidad_archivos": 1,
    "archivos_fuente": [
      "Pictures/Fototeca de Fotos.photoslibrary/resources/derivatives/masters/7/777A16CF-E13B-456F-83FA-02311FD6D24D_4_5005_c.jpeg"
    ],
    "ultima_modificacion": "2025-08-01 01:01:08.160716"
  },
  "7cdd63bd046046aeb4f6f517729992d645005c.jpeg": {
    "app_sintetizada": "7CDD63BD046046AEB4F6F517729992D645005C.JPEG",
    "cantidad_archivos": 1,
    "archivos_fuente": [
      "Pictures/Fototeca de Fotos.photoslibrary/resources/derivatives/masters/7/7CDD63BD-0460-46AE-B4F6-F517729992D6_4_5005_c.jpeg"
    ],
    "ultima_modificacion": "2025-08-01 01:01:08.161027"
  },
  "711eef87abb1472fb7dbd6761aec055b45005c.jpeg": {
    "app_sintetizada": "711EEF87ABB1472FB7DBD6761AEC055B45005C.JPEG",
    "cantidad_archivos": 1,
    "archivos_fuente": [
      "Pictures/Fototeca de Fotos.photoslibrary/resources/derivatives/masters/7/711EEF87-ABB1-472F-B7DB-D6761AEC055B_4_5005_c.jpeg"
    ],
    "ultima_modificacion": "2025-08-01 01:01:08.161314"
  },
  "70ce261b72ca4ccf9a677d3ef432f1b845005c.jpeg": {
    "app_sintetizada": "70CE261B72CA4CCF9A677D3EF432F1B845005C.JPEG",
    "cantidad_archivos": 1,
    "archivos_fuente": [
      "Pictures/Fototeca de Fotos.photoslibrary/resources/derivatives/masters/7/70CE261B-72CA-4CCF-9A67-7D3EF432F1B8_4_5005_c.jpeg"
    ],
    "ultima_modificacion": "2025-08-01 01:01:08.161593"
  },
  "7ec3b22d85ee4fa198cbcca046ba465f45005c.jpeg": {
    "app_sintetizada": "7EC3B22D85EE4FA198CBCCA046BA465F45005C.JPEG",
    "cantidad_archivos": 1,
    "archivos_fuente": [
      "Pictures/Fototeca de Fotos.photoslibrary/resources/derivatives/masters/7/7EC3B22D-85EE-4FA1-98CB-CCA046BA465F_4_5005_c.jpeg"
    ],
    "ultima_modificacion": "2025-08-01 01:01:08.161898"
  },
  "7cdcf073806146b4829b015bdb1ff3b745005c.jpeg": {
    "app_sintetizada": "7CDCF073806146B4829B015BDB1FF3B745005C.JPEG",
    "cantidad_archivos": 1,
    "archivos_fuente": [
      "Pictures/Fototeca de Fotos.photoslibrary/resources/derivatives/masters/7/7CDCF073-8061-46B4-829B-015BDB1FF3B7_4_5005_c.jpeg"
    ],
    "ultima_modificacion": "2025-08-01 01:01:08.162222"
  },
  "7a9a7c4a5fe241bfaf82579a5432f0fd45005c.jpeg": {
    "app_sintetizada": "7A9A7C4A5FE241BFAF82579A5432F0FD45005C.JPEG",
    "cantidad_archivos": 1,
    "archivos_fuente": [
      "Pictures/Fototeca de Fotos.photoslibrary/resources/derivatives/masters/7/7A9A7C4A-5FE2-41BF-AF82-579A5432F0FD_4_5005_c.jpeg"
    ],
    "ultima_modificacion": "2025-08-01 01:01:08.162492"
  },
  "7c649654f55740968a3dc1181c574ead45005c.jpeg": {
    "app_sintetizada": "7C649654F55740968A3DC1181C574EAD45005C.JPEG",
    "cantidad_archivos": 1,
    "archivos_fuente": [
      "Pictures/Fototeca de Fotos.photoslibrary/resources/derivatives/masters/7/7C649654-F557-4096-8A3D-C1181C574EAD_4_5005_c.jpeg"
    ],
    "ultima_modificacion": "2025-08-01 01:01:08.162794"
  },
  "7632883a3fe74153b662c0680530469d45005c.jpeg": {
    "app_sintetizada": "7632883A3FE74153B662C0680530469D45005C.JPEG",
    "cantidad_archivos": 1,
    "archivos_fuente": [
      "Pictures/Fototeca de Fotos.photoslibrary/resources/derivatives/masters/7/7632883A-3FE7-4153-B662-C0680530469D_4_5005_c.jpeg"
    ],
    "ultima_modificacion": "2025-08-01 01:01:08.163053"
  },
  "71971674c7de4c309298d34b4528a6b845005c.jpeg": {
    "app_sintetizada": "71971674C7DE4C309298D34B4528A6B845005C.JPEG",
    "cantidad_archivos": 1,
    "archivos_fuente": [
      "Pictures/Fototeca de Fotos.photoslibrary/resources/derivatives/masters/7/71971674-C7DE-4C30-9298-D34B4528A6B8_4_5005_c.jpeg"
    ],
    "ultima_modificacion": "2025-08-01 01:01:08.163335"
  },
  "77f39e563de44552800676e79c504a1445005c.jpeg": {
    "app_sintetizada": "77F39E563DE44552800676E79C504A1445005C.JPEG",
    "cantidad_archivos": 1,
    "archivos_fuente": [
      "Pictures/Fototeca de Fotos.photoslibrary/resources/derivatives/masters/7/77F39E56-3DE4-4552-8006-76E79C504A14_4_5005_c.jpeg"
    ],
    "ultima_modificacion": "2025-08-01 01:01:08.163614"
  },
  "70f48b00bf594b61b16d8b9587dee40f45005c.jpeg": {
    "app_sintetizada": "70F48B00BF594B61B16D8B9587DEE40F45005C.JPEG",
    "cantidad_archivos": 1,
    "archivos_fuente": [
      "Pictures/Fototeca de Fotos.photoslibrary/resources/derivatives/masters/7/70F48B00-BF59-4B61-B16D-8B9587DEE40F_4_5005_c.jpeg"
    ],
    "ultima_modificacion": "2025-08-01 01:01:08.163852"
  },
  "7b89ce5332b742878c484c52c84bb8b845005c.jpeg": {
    "app_sintetizada": "7B89CE5332B742878C484C52C84BB8B845005C.JPEG",
    "cantidad_archivos": 1,
    "archivos_fuente": [
      "Pictures/Fototeca de Fotos.photoslibrary/resources/derivatives/masters/7/7B89CE53-32B7-4287-8C48-4C52C84BB8B8_4_5005_c.jpeg"
    ],
    "ultima_modificacion": "2025-08-01 01:01:08.164110"
  },
  "7628d6d36d0c40d79679e75f64f7ce3845005c.jpeg": {
    "app_sintetizada": "7628D6D36D0C40D79679E75F64F7CE3845005C.JPEG",
    "cantidad_archivos": 1,
    "archivos_fuente": [
      "Pictures/Fototeca de Fotos.photoslibrary/resources/derivatives/masters/7/7628D6D3-6D0C-40D7-9679-E75F64F7CE38_4_5005_c.jpeg"
    ],
    "ultima_modificacion": "2025-08-01 01:01:08.164413"
  },
  "7d0642818e694eff93b729f6af5b9c4445005c.jpeg": {
    "app_sintetizada": "7D0642818E694EFF93B729F6AF5B9C4445005C.JPEG",
    "cantidad_archivos": 1,
    "archivos_fuente": [
      "Pictures/Fototeca de Fotos.photoslibrary/resources/derivatives/masters/7/7D064281-8E69-4EFF-93B7-29F6AF5B9C44_4_5005_c.jpeg"
    ],
    "ultima_modificacion": "2025-08-01 01:01:08.164682"
  },
  "73ae54799cda4d8eb28bd3e23145449845005c.jpeg": {
    "app_sintetizada": "73AE54799CDA4D8EB28BD3E23145449845005C.JPEG",
    "cantidad_archivos": 1,
    "archivos_fuente": [
      "Pictures/Fototeca de Fotos.photoslibrary/resources/derivatives/masters/7/73AE5479-9CDA-4D8E-B28B-D3E231454498_4_5005_c.jpeg"
    ],
    "ultima_modificacion": "2025-08-01 01:01:08.164923"
  },
  "7152ff3db30b47bd9102ba49ca3e352a45005c.jpeg": {
    "app_sintetizada": "7152FF3DB30B47BD9102BA49CA3E352A45005C.JPEG",
    "cantidad_archivos": 1,
    "archivos_fuente": [
      "Pictures/Fototeca de Fotos.photoslibrary/resources/derivatives/masters/7/7152FF3D-B30B-47BD-9102-BA49CA3E352A_4_5005_c.jpeg"
    ],
    "ultima_modificacion": "2025-08-01 01:01:08.165154"
  },
  "77d4e9e9af814acf9b6d28708607543b45005c.jpeg": {
    "app_sintetizada": "77D4E9E9AF814ACF9B6D28708607543B45005C.JPEG",
    "cantidad_archivos": 1,
    "archivos_fuente": [
      "Pictures/Fototeca de Fotos.photoslibrary/resources/derivatives/masters/7/77D4E9E9-AF81-4ACF-9B6D-28708607543B_4_5005_c.jpeg"
    ],
    "ultima_modificacion": "2025-08-01 01:01:08.165372"
  },
  "7aab13e41041402b8eb39bf0ae06cde045005c.jpeg": {
    "app_sintetizada": "7AAB13E41041402B8EB39BF0AE06CDE045005C.JPEG",
    "cantidad_archivos": 1,
    "archivos_fuente": [
      "Pictures/Fototeca de Fotos.photoslibrary/resources/derivatives/masters/7/7AAB13E4-1041-402B-8EB3-9BF0AE06CDE0_4_5005_c.jpeg"
    ],
    "ultima_modificacion": "2025-08-01 01:01:08.165757"
  },
  "709c2feabe1543d5b721722714271fa645005c.jpeg": {
    "app_sintetizada": "709C2FEABE1543D5B721722714271FA645005C.JPEG",
    "cantidad_archivos": 1,
    "archivos_fuente": [
      "Pictures/Fototeca de Fotos.photoslibrary/resources/derivatives/masters/7/709C2FEA-BE15-43D5-B721-722714271FA6_4_5005_c.jpeg"
    ],
    "ultima_modificacion": "2025-08-01 01:01:08.166037"
  },
  "709ae857139c478697471325d834f87945005c.jpeg": {
    "app_sintetizada": "709AE857139C478697471325D834F87945005C.JPEG",
    "cantidad_archivos": 1,
    "archivos_fuente": [
      "Pictures/Fototeca de Fotos.photoslibrary/resources/derivatives/masters/7/709AE857-139C-4786-9747-1325D834F879_4_5005_c.jpeg"
    ],
    "ultima_modificacion": "2025-08-01 01:01:08.166350"
  },
  "755bbb335ce24892a213722d67c317d645005c.jpeg": {
    "app_sintetizada": "755BBB335CE24892A213722D67C317D645005C.JPEG",
    "cantidad_archivos": 1,
    "archivos_fuente": [
      "Pictures/Fototeca de Fotos.photoslibrary/resources/derivatives/masters/7/755BBB33-5CE2-4892-A213-722D67C317D6_4_5005_c.jpeg"
    ],
    "ultima_modificacion": "2025-08-01 01:01:08.166628"
  },
  "735a5c8a7c6d46bbb657f8440738608d45005c.jpeg": {
    "app_sintetizada": "735A5C8A7C6D46BBB657F8440738608D45005C.JPEG",
    "cantidad_archivos": 1,
    "archivos_fuente": [
      "Pictures/Fototeca de Fotos.photoslibrary/resources/derivatives/masters/7/735A5C8A-7C6D-46BB-B657-F8440738608D_4_5005_c.jpeg"
    ],
    "ultima_modificacion": "2025-08-01 01:01:08.166936"
  },
  "76d261b4d53b4d849832c7485f76e52945005c.jpeg": {
    "app_sintetizada": "76D261B4D53B4D849832C7485F76E52945005C.JPEG",
    "cantidad_archivos": 1,
    "archivos_fuente": [
      "Pictures/Fototeca de Fotos.photoslibrary/resources/derivatives/masters/7/76D261B4-D53B-4D84-9832-C7485F76E529_4_5005_c.jpeg"
    ],
    "ultima_modificacion": "2025-08-01 01:01:08.167300"
  },
  "7b300fe2c48b496e98a82785f4cd630645005c.jpeg": {
    "app_sintetizada": "7B300FE2C48B496E98A82785F4CD630645005C.JPEG",
    "cantidad_archivos": 1,
    "archivos_fuente": [
      "Pictures/Fototeca de Fotos.photoslibrary/resources/derivatives/masters/7/7B300FE2-C48B-496E-98A8-2785F4CD6306_4_5005_c.jpeg"
    ],
    "ultima_modificacion": "2025-08-01 01:01:08.167593"
  },
  "7139d90dabed40fba34937d283e0a74045005c.jpeg": {
    "app_sintetizada": "7139D90DABED40FBA34937D283E0A74045005C.JPEG",
    "cantidad_archivos": 1,
    "archivos_fuente": [
      "Pictures/Fototeca de Fotos.photoslibrary/resources/derivatives/masters/7/7139D90D-ABED-40FB-A349-37D283E0A740_4_5005_c.jpeg"
    ],
    "ultima_modificacion": "2025-08-01 01:01:08.167986"
  },
  "798f1af3eb884cccaf37fbfb598f4d0e45005c.jpeg": {
    "app_sintetizada": "798F1AF3EB884CCCAF37FBFB598F4D0E45005C.JPEG",
    "cantidad_archivos": 1,
    "archivos_fuente": [
      "Pictures/Fototeca de Fotos.photoslibrary/resources/derivatives/masters/7/798F1AF3-EB88-4CCC-AF37-FBFB598F4D0E_4_5005_c.jpeg"
    ],
    "ultima_modificacion": "2025-08-01 01:01:08.168359"
  },
  "7c7a444baefe4943a52521319dd4bb3f45005c.jpeg": {
    "app_sintetizada": "7C7A444BAEFE4943A52521319DD4BB3F45005C.JPEG",
    "cantidad_archivos": 1,
    "archivos_fuente": [
      "Pictures/Fototeca de Fotos.photoslibrary/resources/derivatives/masters/7/7C7A444B-AEFE-4943-A525-21319DD4BB3F_4_5005_c.jpeg"
    ],
    "ultima_modificacion": "2025-08-01 01:01:08.168665"
  },
  "78bbc9e8e36742b8aff8e8ce9bf48e1c45005c.jpeg": {
    "app_sintetizada": "78BBC9E8E36742B8AFF8E8CE9BF48E1C45005C.JPEG",
    "cantidad_archivos": 1,
    "archivos_fuente": [
      "Pictures/Fototeca de Fotos.photoslibrary/resources/derivatives/masters/7/78BBC9E8-E367-42B8-AFF8-E8CE9BF48E1C_4_5005_c.jpeg"
    ],
    "ultima_modificacion": "2025-08-01 01:01:08.168916"
  },
  "7fada325208a413c9e54c434e6b5ea8d45005c.jpeg": {
    "app_sintetizada": "7FADA325208A413C9E54C434E6B5EA8D45005C.JPEG",
    "cantidad_archivos": 1,
    "archivos_fuente": [
      "Pictures/Fototeca de Fotos.photoslibrary/resources/derivatives/masters/7/7FADA325-208A-413C-9E54-C434E6B5EA8D_4_5005_c.jpeg"
    ],
    "ultima_modificacion": "2025-08-01 01:01:08.169281"
  },
  "7da1e0dd23e64abeb439cfb171c64eeb45005c.jpeg": {
    "app_sintetizada": "7DA1E0DD23E64ABEB439CFB171C64EEB45005C.JPEG",
    "cantidad_archivos": 1,
    "archivos_fuente": [
      "Pictures/Fototeca de Fotos.photoslibrary/resources/derivatives/masters/7/7DA1E0DD-23E6-4ABE-B439-CFB171C64EEB_4_5005_c.jpeg"
    ],
    "ultima_modificacion": "2025-08-01 01:01:08.169559"
  },
  "71b70e23824e46e3a9877a62863caf3745005c.jpeg": {
    "app_sintetizada": "71B70E23824E46E3A9877A62863CAF3745005C.JPEG",
    "cantidad_archivos": 1,
    "archivos_fuente": [
      "Pictures/Fototeca de Fotos.photoslibrary/resources/derivatives/masters/7/71B70E23-824E-46E3-A987-7A62863CAF37_4_5005_c.jpeg"
    ],
    "ultima_modificacion": "2025-08-01 01:01:08.169787"
  },
  "7160ae2dc21d4651907a147f6461a45a45005c.jpeg": {
    "app_sintetizada": "7160AE2DC21D4651907A147F6461A45A45005C.JPEG",
    "cantidad_archivos": 1,
    "archivos_fuente": [
      "Pictures/Fototeca de Fotos.photoslibrary/resources/derivatives/masters/7/7160AE2D-C21D-4651-907A-147F6461A45A_4_5005_c.jpeg"
    ],
    "ultima_modificacion": "2025-08-01 01:01:08.170060"
  },
  "7fcf821593564dbe9b237e71741179b145005c.jpeg": {
    "app_sintetizada": "7FCF821593564DBE9B237E71741179B145005C.JPEG",
    "cantidad_archivos": 1,
    "archivos_fuente": [
      "Pictures/Fototeca de Fotos.photoslibrary/resources/derivatives/masters/7/7FCF8215-9356-4DBE-9B23-7E71741179B1_4_5005_c.jpeg"
    ],
    "ultima_modificacion": "2025-08-01 01:01:08.170351"
  },
  "70c5dce4e59447f1adffc2c8cbd7917f45005c.jpeg": {
    "app_sintetizada": "70C5DCE4E59447F1ADFFC2C8CBD7917F45005C.JPEG",
    "cantidad_archivos": 1,
    "archivos_fuente": [
      "Pictures/Fototeca de Fotos.photoslibrary/resources/derivatives/masters/7/70C5DCE4-E594-47F1-ADFF-C2C8CBD7917F_4_5005_c.jpeg"
    ],
    "ultima_modificacion": "2025-08-01 01:01:08.170633"
  },
  "71203968ca1c41f9b66b5eb862ddfe6c45005c.jpeg": {
    "app_sintetizada": "71203968CA1C41F9B66B5EB862DDFE6C45005C.JPEG",
    "cantidad_archivos": 1,
    "archivos_fuente": [
      "Pictures/Fototeca de Fotos.photoslibrary/resources/derivatives/masters/7/71203968-CA1C-41F9-B66B-5EB862DDFE6C_4_5005_c.jpeg"
    ],
    "ultima_modificacion": "2025-08-01 01:01:08.170885"
  },
  "7d39f87836a7482d8e6d02d4da44a2ce45005c.jpeg": {
    "app_sintetizada": "7D39F87836A7482D8E6D02D4DA44A2CE45005C.JPEG",
    "cantidad_archivos": 1,
    "archivos_fuente": [
      "Pictures/Fototeca de Fotos.photoslibrary/resources/derivatives/masters/7/7D39F878-36A7-482D-8E6D-02D4DA44A2CE_4_5005_c.jpeg"
    ],
    "ultima_modificacion": "2025-08-01 01:01:08.171115"
  },
  "74cdc1d7a6b34a42883319fe00d4a09f45005c.jpeg": {
    "app_sintetizada": "74CDC1D7A6B34A42883319FE00D4A09F45005C.JPEG",
    "cantidad_archivos": 1,
    "archivos_fuente": [
      "Pictures/Fototeca de Fotos.photoslibrary/resources/derivatives/masters/7/74CDC1D7-A6B3-4A42-8833-19FE00D4A09F_4_5005_c.jpeg"
    ],
    "ultima_modificacion": "2025-08-01 01:01:08.171436"
  },
  "76f729d24bd4477eaf2e17a99e23f9f945005c.jpeg": {
    "app_sintetizada": "76F729D24BD4477EAF2E17A99E23F9F945005C.JPEG",
    "cantidad_archivos": 1,
    "archivos_fuente": [
      "Pictures/Fototeca de Fotos.photoslibrary/resources/derivatives/masters/7/76F729D2-4BD4-477E-AF2E-17A99E23F9F9_4_5005_c.jpeg"
    ],
    "ultima_modificacion": "2025-08-01 01:01:08.171741"
  },
  "7cadebb2cfae4c19b70996402fc2afbf45005c.jpeg": {
    "app_sintetizada": "7CADEBB2CFAE4C19B70996402FC2AFBF45005C.JPEG",
    "cantidad_archivos": 1,
    "archivos_fuente": [
      "Pictures/Fototeca de Fotos.photoslibrary/resources/derivatives/masters/7/7CADEBB2-CFAE-4C19-B709-96402FC2AFBF_4_5005_c.jpeg"
    ],
    "ultima_modificacion": "2025-08-01 01:01:08.172104"
  },
  "795066e8cdc246ecae83aa3181dad74645005c.jpeg": {
    "app_sintetizada": "795066E8CDC246ECAE83AA3181DAD74645005C.JPEG",
    "cantidad_archivos": 1,
    "archivos_fuente": [
      "Pictures/Fototeca de Fotos.photoslibrary/resources/derivatives/masters/7/795066E8-CDC2-46EC-AE83-AA3181DAD746_4_5005_c.jpeg"
    ],
    "ultima_modificacion": "2025-08-01 01:01:08.172351"
  },
  "77d6ba55bcd44026a9a04aad1228da2745005c.jpeg": {
    "app_sintetizada": "77D6BA55BCD44026A9A04AAD1228DA2745005C.JPEG",
    "cantidad_archivos": 1,
    "archivos_fuente": [
      "Pictures/Fototeca de Fotos.photoslibrary/resources/derivatives/masters/7/77D6BA55-BCD4-4026-A9A0-4AAD1228DA27_4_5005_c.jpeg"
    ],
    "ultima_modificacion": "2025-08-01 01:01:08.172596"
  },
  "7d05d183fc2e458fabcd54e1bd1bef1545005c.jpeg": {
    "app_sintetizada": "7D05D183FC2E458FABCD54E1BD1BEF1545005C.JPEG",
    "cantidad_archivos": 1,
    "archivos_fuente": [
      "Pictures/Fototeca de Fotos.photoslibrary/resources/derivatives/masters/7/7D05D183-FC2E-458F-ABCD-54E1BD1BEF15_4_5005_c.jpeg"
    ],
    "ultima_modificacion": "2025-08-01 01:01:08.172813"
  },
  "77c8c6210ea54e88a766bdc60247527045005c.jpeg": {
    "app_sintetizada": "77C8C6210EA54E88A766BDC60247527045005C.JPEG",
    "cantidad_archivos": 1,
    "archivos_fuente": [
      "Pictures/Fototeca de Fotos.photoslibrary/resources/derivatives/masters/7/77C8C621-0EA5-4E88-A766-BDC602475270_4_5005_c.jpeg"
    ],
    "ultima_modificacion": "2025-08-01 01:01:08.173027"
  },
  "78f6cf58ea964983981faf0bfa955f2a45005c.jpeg": {
    "app_sintetizada": "78F6CF58EA964983981FAF0BFA955F2A45005C.JPEG",
    "cantidad_archivos": 1,
    "archivos_fuente": [
      "Pictures/Fototeca de Fotos.photoslibrary/resources/derivatives/masters/7/78F6CF58-EA96-4983-981F-AF0BFA955F2A_4_5005_c.jpeg"
    ],
    "ultima_modificacion": "2025-08-01 01:01:08.173240"
  },
  "73a75b43e62c4f70a8d347393023991545005c.jpeg": {
    "app_sintetizada": "73A75B43E62C4F70A8D347393023991545005C.JPEG",
    "cantidad_archivos": 1,
    "archivos_fuente": [
      "Pictures/Fototeca de Fotos.photoslibrary/resources/derivatives/masters/7/73A75B43-E62C-4F70-A8D3-473930239915_4_5005_c.jpeg"
    ],
    "ultima_modificacion": "2025-08-01 01:01:08.173444"
  },
  "78748a1e17a6453093e2318793c7d0ea45005c.jpeg": {
    "app_sintetizada": "78748A1E17A6453093E2318793C7D0EA45005C.JPEG",
    "cantidad_archivos": 1,
    "archivos_fuente": [
      "Pictures/Fototeca de Fotos.photoslibrary/resources/derivatives/masters/7/78748A1E-17A6-4530-93E2-318793C7D0EA_4_5005_c.jpeg"
    ],
    "ultima_modificacion": "2025-08-01 01:01:08.173641"
  },
  "76c421e5bd644944b806d2deb5d84df545005c.jpeg": {
    "app_sintetizada": "76C421E5BD644944B806D2DEB5D84DF545005C.JPEG",
    "cantidad_archivos": 1,
    "archivos_fuente": [
      "Pictures/Fototeca de Fotos.photoslibrary/resources/derivatives/masters/7/76C421E5-BD64-4944-B806-D2DEB5D84DF5_4_5005_c.jpeg"
    ],
    "ultima_modificacion": "2025-08-01 01:01:08.173823"
  },
  "78789ca36b4345cfa217ccf622fc33fd45005c.jpeg": {
    "app_sintetizada": "78789CA36B4345CFA217CCF622FC33FD45005C.JPEG",
    "cantidad_archivos": 1,
    "archivos_fuente": [
      "Pictures/Fototeca de Fotos.photoslibrary/resources/derivatives/masters/7/78789CA3-6B43-45CF-A217-CCF622FC33FD_4_5005_c.jpeg"
    ],
    "ultima_modificacion": "2025-08-01 01:01:08.174011"
  },
  "7d3b9d4a97f045f9aa044a74a7d94aa445005c.jpeg": {
    "app_sintetizada": "7D3B9D4A97F045F9AA044A74A7D94AA445005C.JPEG",
    "cantidad_archivos": 1,
    "archivos_fuente": [
      "Pictures/Fototeca de Fotos.photoslibrary/resources/derivatives/masters/7/7D3B9D4A-97F0-45F9-AA04-4A74A7D94AA4_4_5005_c.jpeg"
    ],
    "ultima_modificacion": "2025-08-01 01:01:08.174202"
  },
  "70cee77928a34a2a80c40e3af2afdb1445005c.jpeg": {
    "app_sintetizada": "70CEE77928A34A2A80C40E3AF2AFDB1445005C.JPEG",
    "cantidad_archivos": 1,
    "archivos_fuente": [
      "Pictures/Fototeca de Fotos.photoslibrary/resources/derivatives/masters/7/70CEE779-28A3-4A2A-80C4-0E3AF2AFDB14_4_5005_c.jpeg"
    ],
    "ultima_modificacion": "2025-08-01 01:01:08.174438"
  },
  "73a15589bf93467eaaeeae9c7738a5fb45005c.jpeg": {
    "app_sintetizada": "73A15589BF93467EAAEEAE9C7738A5FB45005C.JPEG",
    "cantidad_archivos": 1,
    "archivos_fuente": [
      "Pictures/Fototeca de Fotos.photoslibrary/resources/derivatives/masters/7/73A15589-BF93-467E-AAEE-AE9C7738A5FB_4_5005_c.jpeg"
    ],
    "ultima_modificacion": "2025-08-01 01:01:08.174663"
  },
  "76d83d0abcb84295899af58164f2cccb45005c.jpeg": {
    "app_sintetizada": "76D83D0ABCB84295899AF58164F2CCCB45005C.JPEG",
    "cantidad_archivos": 1,
    "archivos_fuente": [
      "Pictures/Fototeca de Fotos.photoslibrary/resources/derivatives/masters/7/76D83D0A-BCB8-4295-899A-F58164F2CCCB_4_5005_c.jpeg"
    ],
    "ultima_modificacion": "2025-08-01 01:01:08.174854"
  },
  "7bd1fc548c844914969cf9a76959e13c45005c.jpeg": {
    "app_sintetizada": "7BD1FC548C844914969CF9A76959E13C45005C.JPEG",
    "cantidad_archivos": 1,
    "archivos_fuente": [
      "Pictures/Fototeca de Fotos.photoslibrary/resources/derivatives/masters/7/7BD1FC54-8C84-4914-969C-F9A76959E13C_4_5005_c.jpeg"
    ],
    "ultima_modificacion": "2025-08-01 01:01:08.175051"
  },
  "732dfad0caed46829fecdccce06a404a45005c.jpeg": {
    "app_sintetizada": "732DFAD0CAED46829FECDCCCE06A404A45005C.JPEG",
    "cantidad_archivos": 1,
    "archivos_fuente": [
      "Pictures/Fototeca de Fotos.photoslibrary/resources/derivatives/masters/7/732DFAD0-CAED-4682-9FEC-DCCCE06A404A_4_5005_c.jpeg"
    ],
    "ultima_modificacion": "2025-08-01 01:01:08.175306"
  },
  "7d1ebfec7efe4b08a343ecc4c6cd261e45005c.jpeg": {
    "app_sintetizada": "7D1EBFEC7EFE4B08A343ECC4C6CD261E45005C.JPEG",
    "cantidad_archivos": 1,
    "archivos_fuente": [
      "Pictures/Fototeca de Fotos.photoslibrary/resources/derivatives/masters/7/7D1EBFEC-7EFE-4B08-A343-ECC4C6CD261E_4_5005_c.jpeg"
    ],
    "ultima_modificacion": "2025-08-01 01:01:08.175563"
  },
  "7e2f1f2af032462e97a63a89388e56d445005c.jpeg": {
    "app_sintetizada": "7E2F1F2AF032462E97A63A89388E56D445005C.JPEG",
    "cantidad_archivos": 1,
    "archivos_fuente": [
      "Pictures/Fototeca de Fotos.photoslibrary/resources/derivatives/masters/7/7E2F1F2A-F032-462E-97A6-3A89388E56D4_4_5005_c.jpeg"
    ],
    "ultima_modificacion": "2025-08-01 01:01:08.175887"
  },
  "705dfd948c4048b88f9b4bb997d69a1e45005c.jpeg": {
    "app_sintetizada": "705DFD948C4048B88F9B4BB997D69A1E45005C.JPEG",
    "cantidad_archivos": 1,
    "archivos_fuente": [
      "Pictures/Fototeca de Fotos.photoslibrary/resources/derivatives/masters/7/705DFD94-8C40-48B8-8F9B-4BB997D69A1E_4_5005_c.jpeg"
    ],
    "ultima_modificacion": "2025-08-01 01:01:08.176132"
  },
  "7386ad585d74490a832c287f52f5311045005c.jpeg": {
    "app_sintetizada": "7386AD585D74490A832C287F52F5311045005C.JPEG",
    "cantidad_archivos": 1,
    "archivos_fuente": [
      "Pictures/Fototeca de Fotos.photoslibrary/resources/derivatives/masters/7/7386AD58-5D74-490A-832C-287F52F53110_4_5005_c.jpeg"
    ],
    "ultima_modificacion": "2025-08-01 01:01:08.176345"
  },
  "7e6ab68376e34c5995b7a9f6eb06ca4d45005c.jpeg": {
    "app_sintetizada": "7E6AB68376E34C5995B7A9F6EB06CA4D45005C.JPEG",
    "cantidad_archivos": 1,
    "archivos_fuente": [
      "Pictures/Fototeca de Fotos.photoslibrary/resources/derivatives/masters/7/7E6AB683-76E3-4C59-95B7-A9F6EB06CA4D_4_5005_c.jpeg"
    ],
    "ultima_modificacion": "2025-08-01 01:01:08.176588"
  },
  "7d520732054f4c39bd5c3fe6bf031f8b45005c.jpeg": {
    "app_sintetizada": "7D520732054F4C39BD5C3FE6BF031F8B45005C.JPEG",
    "cantidad_archivos": 1,
    "archivos_fuente": [
      "Pictures/Fototeca de Fotos.photoslibrary/resources/derivatives/masters/7/7D520732-054F-4C39-BD5C-3FE6BF031F8B_4_5005_c.jpeg"
    ],
    "ultima_modificacion": "2025-08-01 01:01:08.176851"
  },
  "7ad4624a4aa145548dd15b99de049bec45005c.jpeg": {
    "app_sintetizada": "7AD4624A4AA145548DD15B99DE049BEC45005C.JPEG",
    "cantidad_archivos": 1,
    "archivos_fuente": [
      "Pictures/Fototeca de Fotos.photoslibrary/resources/derivatives/masters/7/7AD4624A-4AA1-4554-8DD1-5B99DE049BEC_4_5005_c.jpeg"
    ],
    "ultima_modificacion": "2025-08-01 01:01:08.177094"
  },
  "7e1e56e87fa644479577c2ea045630be45005c.jpeg": {
    "app_sintetizada": "7E1E56E87FA644479577C2EA045630BE45005C.JPEG",
    "cantidad_archivos": 1,
    "archivos_fuente": [
      "Pictures/Fototeca de Fotos.photoslibrary/resources/derivatives/masters/7/7E1E56E8-7FA6-4447-9577-C2EA045630BE_4_5005_c.jpeg"
    ],
    "ultima_modificacion": "2025-08-01 01:01:08.177316"
  },
  "700de332515e4389b0bf74376b2c996745005c.jpeg": {
    "app_sintetizada": "700DE332515E4389B0BF74376B2C996745005C.JPEG",
    "cantidad_archivos": 1,
    "archivos_fuente": [
      "Pictures/Fototeca de Fotos.photoslibrary/resources/derivatives/masters/7/700DE332-515E-4389-B0BF-74376B2C9967_4_5005_c.jpeg"
    ],
    "ultima_modificacion": "2025-08-01 01:01:08.177614"
  },
  "74f0e9bf4fa94492b690b249af1ce44145005c.jpeg": {
    "app_sintetizada": "74F0E9BF4FA94492B690B249AF1CE44145005C.JPEG",
    "cantidad_archivos": 1,
    "archivos_fuente": [
      "Pictures/Fototeca de Fotos.photoslibrary/resources/derivatives/masters/7/74F0E9BF-4FA9-4492-B690-B249AF1CE441_4_5005_c.jpeg"
    ],
    "ultima_modificacion": "2025-08-01 01:01:08.177855"
  },
  "78b2bec41d8d4801907d33f85060331845005c.jpeg": {
    "app_sintetizada": "78B2BEC41D8D4801907D33F85060331845005C.JPEG",
    "cantidad_archivos": 1,
    "archivos_fuente": [
      "Pictures/Fototeca de Fotos.photoslibrary/resources/derivatives/masters/7/78B2BEC4-1D8D-4801-907D-33F850603318_4_5005_c.jpeg"
    ],
    "ultima_modificacion": "2025-08-01 01:01:08.178129"
  },
  "76ac8bf9ef354c358df5ca29f36ec51a45005c.jpeg": {
    "app_sintetizada": "76AC8BF9EF354C358DF5CA29F36EC51A45005C.JPEG",
    "cantidad_archivos": 1,
    "archivos_fuente": [
      "Pictures/Fototeca de Fotos.photoslibrary/resources/derivatives/masters/7/76AC8BF9-EF35-4C35-8DF5-CA29F36EC51A_4_5005_c.jpeg"
    ],
    "ultima_modificacion": "2025-08-01 01:01:08.178357"
  },
  "7e78b4c5f0a74255877068a482dfa8e345005c.jpeg": {
    "app_sintetizada": "7E78B4C5F0A74255877068A482DFA8E345005C.JPEG",
    "cantidad_archivos": 1,
    "archivos_fuente": [
      "Pictures/Fototeca de Fotos.photoslibrary/resources/derivatives/masters/7/7E78B4C5-F0A7-4255-8770-68A482DFA8E3_4_5005_c.jpeg"
    ],
    "ultima_modificacion": "2025-08-01 01:01:08.178560"
  },
  "73425e279fb84fb9be708dfc8c62715245005c.jpeg": {
    "app_sintetizada": "73425E279FB84FB9BE708DFC8C62715245005C.JPEG",
    "cantidad_archivos": 1,
    "archivos_fuente": [
      "Pictures/Fototeca de Fotos.photoslibrary/resources/derivatives/masters/7/73425E27-9FB8-4FB9-BE70-8DFC8C627152_4_5005_c.jpeg"
    ],
    "ultima_modificacion": "2025-08-01 01:01:08.178762"
  },
  "724a2716c49e4bbca526ef942889530f45005c.jpeg": {
    "app_sintetizada": "724A2716C49E4BBCA526EF942889530F45005C.JPEG",
    "cantidad_archivos": 1,
    "archivos_fuente": [
      "Pictures/Fototeca de Fotos.photoslibrary/resources/derivatives/masters/7/724A2716-C49E-4BBC-A526-EF942889530F_4_5005_c.jpeg"
    ],
    "ultima_modificacion": "2025-08-01 01:01:08.179014"
  },
  "756944df291a40dc8053920eb3bebbb145005c.jpeg": {
    "app_sintetizada": "756944DF291A40DC8053920EB3BEBBB145005C.JPEG",
    "cantidad_archivos": 1,
    "archivos_fuente": [
      "Pictures/Fototeca de Fotos.photoslibrary/resources/derivatives/masters/7/756944DF-291A-40DC-8053-920EB3BEBBB1_4_5005_c.jpeg"
    ],
    "ultima_modificacion": "2025-08-01 01:01:08.179236"
  },
  "7cb3a0201d1a4c4c88df2bc5c42377d645005c.jpeg": {
    "app_sintetizada": "7CB3A0201D1A4C4C88DF2BC5C42377D645005C.JPEG",
    "cantidad_archivos": 1,
    "archivos_fuente": [
      "Pictures/Fototeca de Fotos.photoslibrary/resources/derivatives/masters/7/7CB3A020-1D1A-4C4C-88DF-2BC5C42377D6_4_5005_c.jpeg"
    ],
    "ultima_modificacion": "2025-08-01 01:01:08.179441"
  },
  "741952e88b3c44a4be88e00d78ff6e9345005c.jpeg": {
    "app_sintetizada": "741952E88B3C44A4BE88E00D78FF6E9345005C.JPEG",
    "cantidad_archivos": 1,
    "archivos_fuente": [
      "Pictures/Fototeca de Fotos.photoslibrary/resources/derivatives/masters/7/741952E8-8B3C-44A4-BE88-E00D78FF6E93_4_5005_c.jpeg"
    ],
    "ultima_modificacion": "2025-08-01 01:01:08.179698"
  },
  "79d3b7fb4a2949c0a43b78bce3e5b52b45005c.jpeg": {
    "app_sintetizada": "79D3B7FB4A2949C0A43B78BCE3E5B52B45005C.JPEG",
    "cantidad_archivos": 1,
    "archivos_fuente": [
      "Pictures/Fototeca de Fotos.photoslibrary/resources/derivatives/masters/7/79D3B7FB-4A29-49C0-A43B-78BCE3E5B52B_4_5005_c.jpeg"
    ],
    "ultima_modificacion": "2025-08-01 01:01:08.180016"
  },
  "72a79a04bce3488e869dbe023a90d34545005c.jpeg": {
    "app_sintetizada": "72A79A04BCE3488E869DBE023A90D34545005C.JPEG",
    "cantidad_archivos": 1,
    "archivos_fuente": [
      "Pictures/Fototeca de Fotos.photoslibrary/resources/derivatives/masters/7/72A79A04-BCE3-488E-869D-BE023A90D345_4_5005_c.jpeg"
    ],
    "ultima_modificacion": "2025-08-01 01:01:08.180218"
  }
}