{
  "68de3762dd064c6cb38a8c35446b711e1105c.jpeg": {
    "app_sintetizada": "68DE3762DD064C6CB38A8C35446B711E1105C.JPEG",
    "cantidad_archivos": 1,
    "archivos_fuente": [
      "Pictures/Fototeca de Fotos.photoslibrary/resources/derivatives/6/68DE3762-DD06-4C6C-B38A-8C35446B711E_1_105_c.jpeg"
    ],
    "ultima_modificacion": "2025-08-01 01:01:02.370519"
  },
  "6b272203046b469684260b69b99fde71.thm": {
    "app_sintetizada": "6B272203046B469684260B69B99FDE71.THM",
    "cantidad_archivos": 1,
    "archivos_fuente": [
      "Pictures/Fototeca de Fotos.photoslibrary/resources/derivatives/6/6B272203-046B-4696-8426-0B69B99FDE71.THM"
    ],
    "ultima_modificacion": "2025-08-01 01:01:02.370700"
  },
  "663e11988db044b18d530549cb0c81b81102o.jpeg": {
    "app_sintetizada": "663E11988DB044B18D530549CB0C81B81102O.JPEG",
    "cantidad_archivos": 1,
    "archivos_fuente": [
      "Pictures/Fototeca de Fotos.photoslibrary/resources/derivatives/6/663E1198-8DB0-44B1-8D53-0549CB0C81B8_1_102_o.jpeg"
    ],
    "ultima_modificacion": "2025-08-01 01:01:02.370879"
  },
  "6be3785c92584f8492e904e7acb5fe741105c.jpeg": {
    "app_sintetizada": "6BE3785C92584F8492E904E7ACB5FE741105C.JPEG",
    "cantidad_archivos": 1,
    "archivos_fuente": [
      "Pictures/Fototeca de Fotos.photoslibrary/resources/derivatives/6/6BE3785C-9258-4F84-92E9-04E7ACB5FE74_1_105_c.jpeg"
    ],
    "ultima_modificacion": "2025-08-01 01:01:02.371081"
  },
  "6695ea3bf7524c1c9b7e071eaaf35bdb1105c.jpeg": {
    "app_sintetizada": "6695EA3BF7524C1C9B7E071EAAF35BDB1105C.JPEG",
    "cantidad_archivos": 1,
    "archivos_fuente": [
      "Pictures/Fototeca de Fotos.photoslibrary/resources/derivatives/6/6695EA3B-F752-4C1C-9B7E-071EAAF35BDB_1_105_c.jpeg"
    ],
    "ultima_modificacion": "2025-08-01 01:01:02.371398"
  },
  "6a6698262e534b638117b31216bc62bd1105c.jpeg": {
    "app_sintetizada": "6A6698262E534B638117B31216BC62BD1105C.JPEG",
    "cantidad_archivos": 1,
    "archivos_fuente": [
      "Pictures/Fototeca de Fotos.photoslibrary/resources/derivatives/6/6A669826-2E53-4B63-8117-B31216BC62BD_1_105_c.jpeg"
    ],
    "ultima_modificacion": "2025-08-01 01:01:02.371610"
  },
  "66d211d7dfa64302abcb9c5c63445ab61105c.jpeg": {
    "app_sintetizada": "66D211D7DFA64302ABCB9C5C63445AB61105C.JPEG",
    "cantidad_archivos": 1,
    "archivos_fuente": [
      "Pictures/Fototeca de Fotos.photoslibrary/resources/derivatives/6/66D211D7-DFA6-4302-ABCB-9C5C63445AB6_1_105_c.jpeg"
    ],
    "ultima_modificacion": "2025-08-01 01:01:02.371814"
  },
  "63991be80092489da1f949f4cc74b71e1105c.jpeg": {
    "app_sintetizada": "63991BE80092489DA1F949F4CC74B71E1105C.JPEG",
    "cantidad_archivos": 1,
    "archivos_fuente": [
      "Pictures/Fototeca de Fotos.photoslibrary/resources/derivatives/6/63991BE8-0092-489D-A1F9-49F4CC74B71E_1_105_c.jpeg"
    ],
    "ultima_modificacion": "2025-08-01 01:01:02.372007"
  },
  "6279f0c24b7142aca6843ce4f30cbb03.thm": {
    "app_sintetizada": "6279F0C24B7142ACA6843CE4F30CBB03.THM",
    "cantidad_archivos": 1,
    "archivos_fuente": [
      "Pictures/Fototeca de Fotos.photoslibrary/resources/derivatives/6/6279F0C2-4B71-42AC-A684-3CE4F30CBB03.THM"
    ],
    "ultima_modificacion": "2025-08-01 01:01:02.372199"
  },
  "632baedc3b9f4af18c6761f2842b40a71105c.jpeg": {
    "app_sintetizada": "632BAEDC3B9F4AF18C6761F2842B40A71105C.JPEG",
    "cantidad_archivos": 1,
    "archivos_fuente": [
      "Pictures/Fototeca de Fotos.photoslibrary/resources/derivatives/6/632BAEDC-3B9F-4AF1-8C67-61F2842B40A7_1_105_c.jpeg"
    ],
    "ultima_modificacion": "2025-08-01 01:01:02.372476"
  },
  "6d54d72fd0aa490c8768f3df09d912e71105c.jpeg": {
    "app_sintetizada": "6D54D72FD0AA490C8768F3DF09D912E71105C.JPEG",
    "cantidad_archivos": 1,
    "archivos_fuente": [
      "Pictures/Fototeca de Fotos.photoslibrary/resources/derivatives/6/6D54D72F-D0AA-490C-8768-F3DF09D912E7_1_105_c.jpeg"
    ],
    "ultima_modificacion": "2025-08-01 01:01:02.372808"
  },
  "67a0e1c003874281a50b1730b4ab62571105c.jpeg": {
    "app_sintetizada": "67A0E1C003874281A50B1730B4AB62571105C.JPEG",
    "cantidad_archivos": 1,
    "archivos_fuente": [
      "Pictures/Fototeca de Fotos.photoslibrary/resources/derivatives/6/67A0E1C0-0387-4281-A50B-1730B4AB6257_1_105_c.jpeg"
    ],
    "ultima_modificacion": "2025-08-01 01:01:02.373033"
  },
  "63ac99f95c4f4ebc8fb543613993c3271105c.jpeg": {
    "app_sintetizada": "63AC99F95C4F4EBC8FB543613993C3271105C.JPEG",
    "cantidad_archivos": 1,
    "archivos_fuente": [
      "Pictures/Fototeca de Fotos.photoslibrary/resources/derivatives/6/63AC99F9-5C4F-4EBC-8FB5-43613993C327_1_105_c.jpeg"
    ],
    "ultima_modificacion": "2025-08-01 01:01:02.373228"
  },
  "6753c5d3efdc486d872898befcc07fdf1105c.jpeg": {
    "app_sintetizada": "6753C5D3EFDC486D872898BEFCC07FDF1105C.JPEG",
    "cantidad_archivos": 1,
    "archivos_fuente": [
      "Pictures/Fototeca de Fotos.photoslibrary/resources/derivatives/6/6753C5D3-EFDC-486D-8728-98BEFCC07FDF_1_105_c.jpeg"
    ],
    "ultima_modificacion": "2025-08-01 01:01:02.373420"
  },
  "6dedb1d5466a47f7bcdfa5fadd1ec8021105c.jpeg": {
    "app_sintetizada": "6DEDB1D5466A47F7BCDFA5FADD1EC8021105C.JPEG",
    "cantidad_archivos": 1,
    "archivos_fuente": [
      "Pictures/Fototeca de Fotos.photoslibrary/resources/derivatives/6/6DEDB1D5-466A-47F7-BCDF-A5FADD1EC802_1_105_c.jpeg"
    ],
    "ultima_modificacion": "2025-08-01 01:01:02.373605"
  },
  "60141437df6d4a48a4773383d7a7f2411105c.jpeg": {
    "app_sintetizada": "60141437DF6D4A48A4773383D7A7F2411105C.JPEG",
    "cantidad_archivos": 1,
    "archivos_fuente": [
      "Pictures/Fototeca de Fotos.photoslibrary/resources/derivatives/6/60141437-DF6D-4A48-A477-3383D7A7F241_1_105_c.jpeg"
    ],
    "ultima_modificacion": "2025-08-01 01:01:02.373800"
  },
  "6f3725607d104440aabb8a8babcf106e1105c.jpeg": {
    "app_sintetizada": "6F3725607D104440AABB8A8BABCF106E1105C.JPEG",
    "cantidad_archivos": 1,
    "archivos_fuente": [
      "Pictures/Fototeca de Fotos.photoslibrary/resources/derivatives/6/6F372560-7D10-4440-AABB-8A8BABCF106E_1_105_c.jpeg"
    ],
    "ultima_modificacion": "2025-08-01 01:01:02.373997"
  },
  "6fe8f03a9d734d55b0d33333ec902f911105c.jpeg": {
    "app_sintetizada": "6FE8F03A9D734D55B0D33333EC902F911105C.JPEG",
    "cantidad_archivos": 1,
    "archivos_fuente": [
      "Pictures/Fototeca de Fotos.photoslibrary/resources/derivatives/6/6FE8F03A-9D73-4D55-B0D3-3333EC902F91_1_105_c.jpeg"
    ],
    "ultima_modificacion": "2025-08-01 01:01:02.374181"
  },
  "6dcb00f00cb94f3fb4bdbff6bc89b1411105c.jpeg": {
    "app_sintetizada": "6DCB00F00CB94F3FB4BDBFF6BC89B1411105C.JPEG",
    "cantidad_archivos": 1,
    "archivos_fuente": [
      "Pictures/Fototeca de Fotos.photoslibrary/resources/derivatives/6/6DCB00F0-0CB9-4F3F-B4BD-BFF6BC89B141_1_105_c.jpeg"
    ],
    "ultima_modificacion": "2025-08-01 01:01:02.374364"
  },
  "6f943793440247e6b7da5e9b70e2bb651105c.jpeg": {
    "app_sintetizada": "6F943793440247E6B7DA5E9B70E2BB651105C.JPEG",
    "cantidad_archivos": 1,
    "archivos_fuente": [
      "Pictures/Fototeca de Fotos.photoslibrary/resources/derivatives/6/6F943793-4402-47E6-B7DA-5E9B70E2BB65_1_105_c.jpeg"
    ],
    "ultima_modificacion": "2025-08-01 01:01:02.374533"
  },
  "6db327889143449c890315df6fed58dc1105c.jpeg": {
    "app_sintetizada": "6DB327889143449C890315DF6FED58DC1105C.JPEG",
    "cantidad_archivos": 1,
    "archivos_fuente": [
      "Pictures/Fototeca de Fotos.photoslibrary/resources/derivatives/6/6DB32788-9143-449C-8903-15DF6FED58DC_1_105_c.jpeg"
    ],
    "ultima_modificacion": "2025-08-01 01:01:02.374759"
  },
  "6fb9be9b1317476f999336b55e3fe53a1105c.jpeg": {
    "app_sintetizada": "6FB9BE9B1317476F999336B55E3FE53A1105C.JPEG",
    "cantidad_archivos": 1,
    "archivos_fuente": [
      "Pictures/Fototeca de Fotos.photoslibrary/resources/derivatives/6/6FB9BE9B-1317-476F-9993-36B55E3FE53A_1_105_c.jpeg"
    ],
    "ultima_modificacion": "2025-08-01 01:01:02.375057"
  },
  "69c9eef89f044133b8521e23b4c4bda41105c.jpeg": {
    "app_sintetizada": "69C9EEF89F044133B8521E23B4C4BDA41105C.JPEG",
    "cantidad_archivos": 1,
    "archivos_fuente": [
      "Pictures/Fototeca de Fotos.photoslibrary/resources/derivatives/6/69C9EEF8-9F04-4133-B852-1E23B4C4BDA4_1_105_c.jpeg"
    ],
    "ultima_modificacion": "2025-08-01 01:01:02.375272"
  },
  "633f687cce5a40439e5ec1f550bdb0091105c.jpeg": {
    "app_sintetizada": "633F687CCE5A40439E5EC1F550BDB0091105C.JPEG",
    "cantidad_archivos": 1,
    "archivos_fuente": [
      "Pictures/Fototeca de Fotos.photoslibrary/resources/derivatives/6/633F687C-CE5A-4043-9E5E-C1F550BDB009_1_105_c.jpeg"
    ],
    "ultima_modificacion": "2025-08-01 01:01:02.375570"
  },
  "6a232459f5844ab889157e255901ffed1105c.jpeg": {
    "app_sintetizada": "6A232459F5844AB889157E255901FFED1105C.JPEG",
    "cantidad_archivos": 1,
    "archivos_fuente": [
      "Pictures/Fototeca de Fotos.photoslibrary/resources/derivatives/6/6A232459-F584-4AB8-8915-7E255901FFED_1_105_c.jpeg"
    ],
    "ultima_modificacion": "2025-08-01 01:01:02.375793"
  },
  "6841a2c6adc54c6099d6a122824b2b541105c.jpeg": {
    "app_sintetizada": "6841A2C6ADC54C6099D6A122824B2B541105C.JPEG",
    "cantidad_archivos": 1,
    "archivos_fuente": [
      "Pictures/Fototeca de Fotos.photoslibrary/resources/derivatives/6/6841A2C6-ADC5-4C60-99D6-A122824B2B54_1_105_c.jpeg"
    ],
    "ultima_modificacion": "2025-08-01 01:01:02.376013"
  },
  "6809267d86384b1d81b37a034eea60df1105c.jpeg": {
    "app_sintetizada": "6809267D86384B1D81B37A034EEA60DF1105C.JPEG",
    "cantidad_archivos": 1,
    "archivos_fuente": [
      "Pictures/Fototeca de Fotos.photoslibrary/resources/derivatives/6/6809267D-8638-4B1D-81B3-7A034EEA60DF_1_105_c.jpeg"
    ],
    "ultima_modificacion": "2025-08-01 01:01:02.376251"
  },
  "6dca026aa1f541c88be38420a02467ab1105c.jpeg": {
    "app_sintetizada": "6DCA026AA1F541C88BE38420A02467AB1105C.JPEG",
    "cantidad_archivos": 1,
    "archivos_fuente": [
      "Pictures/Fototeca de Fotos.photoslibrary/resources/derivatives/6/6DCA026A-A1F5-41C8-8BE3-8420A02467AB_1_105_c.jpeg"
    ],
    "ultima_modificacion": "2025-08-01 01:01:02.376444"
  },
  "69c4f454a157486b9bf50554c89b9ad71105c.jpeg": {
    "app_sintetizada": "69C4F454A157486B9BF50554C89B9AD71105C.JPEG",
    "cantidad_archivos": 1,
    "archivos_fuente": [
      "Pictures/Fototeca de Fotos.photoslibrary/resources/derivatives/6/69C4F454-A157-486B-9BF5-0554C89B9AD7_1_105_c.jpeg"
    ],
    "ultima_modificacion": "2025-08-01 01:01:02.376626"
  },
  "6dbe4c4bd3f044d5be0f7dd2ad1e59661105c.jpeg": {
    "app_sintetizada": "6DBE4C4BD3F044D5BE0F7DD2AD1E59661105C.JPEG",
    "cantidad_archivos": 1,
    "archivos_fuente": [
      "Pictures/Fototeca de Fotos.photoslibrary/resources/derivatives/6/6DBE4C4B-D3F0-44D5-BE0F-7DD2AD1E5966_1_105_c.jpeg"
    ],
    "ultima_modificacion": "2025-08-01 01:01:02.376822"
  },
  "6a48e5310f4b4c7da3ac90c2a14a4ba21102o.jpeg": {
    "app_sintetizada": "6A48E5310F4B4C7DA3AC90C2A14A4BA21102O.JPEG",
    "cantidad_archivos": 1,
    "archivos_fuente": [
      "Pictures/Fototeca de Fotos.photoslibrary/resources/derivatives/6/6A48E531-0F4B-4C7D-A3AC-90C2A14A4BA2_1_102_o.jpeg"
    ],
    "ultima_modificacion": "2025-08-01 01:01:02.377013"
  },
  "674338a0652d4e06853416b465e62aa11105c.jpeg": {
    "app_sintetizada": "674338A0652D4E06853416B465E62AA11105C.JPEG",
    "cantidad_archivos": 1,
    "archivos_fuente": [
      "Pictures/Fototeca de Fotos.photoslibrary/resources/derivatives/6/674338A0-652D-4E06-8534-16B465E62AA1_1_105_c.jpeg"
    ],
    "ultima_modificacion": "2025-08-01 01:01:02.377184"
  },
  "601f971ece954cc69dc85b2c2530fd4d1105c.jpeg": {
    "app_sintetizada": "601F971ECE954CC69DC85B2C2530FD4D1105C.JPEG",
    "cantidad_archivos": 1,
    "archivos_fuente": [
      "Pictures/Fototeca de Fotos.photoslibrary/resources/derivatives/6/601F971E-CE95-4CC6-9DC8-5B2C2530FD4D_1_105_c.jpeg"
    ],
    "ultima_modificacion": "2025-08-01 01:01:02.377373"
  },
  "6b562ce92a07417aa5e4db3ceae01c791105c.jpeg": {
    "app_sintetizada": "6B562CE92A07417AA5E4DB3CEAE01C791105C.JPEG",
    "cantidad_archivos": 1,
    "archivos_fuente": [
      "Pictures/Fototeca de Fotos.photoslibrary/resources/derivatives/6/6B562CE9-2A07-417A-A5E4-DB3CEAE01C79_1_105_c.jpeg"
    ],
    "ultima_modificacion": "2025-08-01 01:01:02.377588"
  },
  "65caf95128794ec1940305bda13ee9281105c.jpeg": {
    "app_sintetizada": "65CAF95128794EC1940305BDA13EE9281105C.JPEG",
    "cantidad_archivos": 1,
    "archivos_fuente": [
      "Pictures/Fototeca de Fotos.photoslibrary/resources/derivatives/6/65CAF951-2879-4EC1-9403-05BDA13EE928_1_105_c.jpeg"
    ],
    "ultima_modificacion": "2025-08-01 01:01:02.377757"
  },
  "6869ee915d2d4adbaae0334b6f9a5f651100o.jpeg": {
    "app_sintetizada": "6869EE915D2D4ADBAAE0334B6F9A5F651100O.JPEG",
    "cantidad_archivos": 1,
    "archivos_fuente": [
      "Pictures/Fototeca de Fotos.photoslibrary/resources/derivatives/6/6869EE91-5D2D-4ADB-AAE0-334B6F9A5F65_1_100_o.jpeg"
    ],
    "ultima_modificacion": "2025-08-01 01:01:02.377950"
  },
  "6d444cab5b9143d593556ce62470f63b1105c.jpeg": {
    "app_sintetizada": "6D444CAB5B9143D593556CE62470F63B1105C.JPEG",
    "cantidad_archivos": 1,
    "archivos_fuente": [
      "Pictures/Fototeca de Fotos.photoslibrary/resources/derivatives/6/6D444CAB-5B91-43D5-9355-6CE62470F63B_1_105_c.jpeg"
    ],
    "ultima_modificacion": "2025-08-01 01:01:02.378148"
  },
  "6f59c016be96407aba4b351d1034cc391105c.jpeg": {
    "app_sintetizada": "6F59C016BE96407ABA4B351D1034CC391105C.JPEG",
    "cantidad_archivos": 1,
    "archivos_fuente": [
      "Pictures/Fototeca de Fotos.photoslibrary/resources/derivatives/6/6F59C016-BE96-407A-BA4B-351D1034CC39_1_105_c.jpeg"
    ],
    "ultima_modificacion": "2025-08-01 01:01:02.378373"
  },
  "6d67a920ed7a46c6ac8a0c1f56fc8f761105c.jpeg": {
    "app_sintetizada": "6D67A920ED7A46C6AC8A0C1F56FC8F761105C.JPEG",
    "cantidad_archivos": 1,
    "archivos_fuente": [
      "Pictures/Fototeca de Fotos.photoslibrary/resources/derivatives/6/6D67A920-ED7A-46C6-AC8A-0C1F56FC8F76_1_105_c.jpeg"
    ],
    "ultima_modificacion": "2025-08-01 01:01:02.378634"
  },
  "6ca104edaf5a42299f03f484a9bc10f31105c.jpeg": {
    "app_sintetizada": "6CA104EDAF5A42299F03F484A9BC10F31105C.JPEG",
    "cantidad_archivos": 1,
    "archivos_fuente": [
      "Pictures/Fototeca de Fotos.photoslibrary/resources/derivatives/6/6CA104ED-AF5A-4229-9F03-F484A9BC10F3_1_105_c.jpeg"
    ],
    "ultima_modificacion": "2025-08-01 01:01:02.378888"
  },
  "6c37156641594080b9952a7c719770401105c.jpeg": {
    "app_sintetizada": "6C37156641594080B9952A7C719770401105C.JPEG",
    "cantidad_archivos": 1,
    "archivos_fuente": [
      "Pictures/Fototeca de Fotos.photoslibrary/resources/derivatives/6/6C371566-4159-4080-B995-2A7C71977040_1_105_c.jpeg"
    ],
    "ultima_modificacion": "2025-08-01 01:01:02.379127"
  },
  "6536e8c09e27433aba997693d70bcec81105c.jpeg": {
    "app_sintetizada": "6536E8C09E27433ABA997693D70BCEC81105C.JPEG",
    "cantidad_archivos": 1,
    "archivos_fuente": [
      "Pictures/Fototeca de Fotos.photoslibrary/resources/derivatives/6/6536E8C0-9E27-433A-BA99-7693D70BCEC8_1_105_c.jpeg"
    ],
    "ultima_modificacion": "2025-08-01 01:01:02.379364"
  },
  "67c0018ba0e34992af8880264f7f12e01105c.jpeg": {
    "app_sintetizada": "67C0018BA0E34992AF8880264F7F12E01105C.JPEG",
    "cantidad_archivos": 1,
    "archivos_fuente": [
      "Pictures/Fototeca de Fotos.photoslibrary/resources/derivatives/6/67C0018B-A0E3-4992-AF88-80264F7F12E0_1_105_c.jpeg"
    ],
    "ultima_modificacion": "2025-08-01 01:01:02.379599"
  },
  "6b08dc75d3b2453ba5ec47e02b8276361105c.jpeg": {
    "app_sintetizada": "6B08DC75D3B2453BA5EC47E02B8276361105C.JPEG",
    "cantidad_archivos": 1,
    "archivos_fuente": [
      "Pictures/Fototeca de Fotos.photoslibrary/resources/derivatives/6/6B08DC75-D3B2-453B-A5EC-47E02B827636_1_105_c.jpeg"
    ],
    "ultima_modificacion": "2025-08-01 01:01:02.379846"
  },
  "6c6d418297ff47789ae5a386a66504dc1105c.jpeg": {
    "app_sintetizada": "6C6D418297FF47789AE5A386A66504DC1105C.JPEG",
    "cantidad_archivos": 1,
    "archivos_fuente": [
      "Pictures/Fototeca de Fotos.photoslibrary/resources/derivatives/6/6C6D4182-97FF-4778-9AE5-A386A66504DC_1_105_c.jpeg"
    ],
    "ultima_modificacion": "2025-08-01 01:01:02.380086"
  },
  "6300477e1f8d46ba9773c2b0c7398366.thm": {
    "app_sintetizada": "6300477E1F8D46BA9773C2B0C7398366.THM",
    "cantidad_archivos": 1,
    "archivos_fuente": [
      "Pictures/Fototeca de Fotos.photoslibrary/resources/derivatives/6/6300477E-1F8D-46BA-9773-C2B0C7398366.THM"
    ],
    "ultima_modificacion": "2025-08-01 01:01:02.380323"
  },
  "643cb0ed385e4c7a8964b47c44cfcc3e1105c.jpeg": {
    "app_sintetizada": "643CB0ED385E4C7A8964B47C44CFCC3E1105C.JPEG",
    "cantidad_archivos": 1,
    "archivos_fuente": [
      "Pictures/Fototeca de Fotos.photoslibrary/resources/derivatives/6/643CB0ED-385E-4C7A-8964-B47C44CFCC3E_1_105_c.jpeg"
    ],
    "ultima_modificacion": "2025-08-01 01:01:02.380553"
  },
  "6607ce48bdda4e7cb07dd0908bd88699.thm": {
    "app_sintetizada": "6607CE48BDDA4E7CB07DD0908BD88699.THM",
    "cantidad_archivos": 1,
    "archivos_fuente": [
      "Pictures/Fototeca de Fotos.photoslibrary/resources/derivatives/6/6607CE48-BDDA-4E7C-B07D-D0908BD88699.THM"
    ],
    "ultima_modificacion": "2025-08-01 01:01:02.380736"
  },
  "684385bd04d94e65af7de88abe38b4d21105c.jpeg": {
    "app_sintetizada": "684385BD04D94E65AF7DE88ABE38B4D21105C.JPEG",
    "cantidad_archivos": 1,
    "archivos_fuente": [
      "Pictures/Fototeca de Fotos.photoslibrary/resources/derivatives/6/684385BD-04D9-4E65-AF7D-E88ABE38B4D2_1_105_c.jpeg"
    ],
    "ultima_modificacion": "2025-08-01 01:01:02.380910"
  },
  "6e11d53b60fd47ca94989e11bb5ced9f1105c.jpeg": {
    "app_sintetizada": "6E11D53B60FD47CA94989E11BB5CED9F1105C.JPEG",
    "cantidad_archivos": 1,
    "archivos_fuente": [
      "Pictures/Fototeca de Fotos.photoslibrary/resources/derivatives/6/6E11D53B-60FD-47CA-9498-9E11BB5CED9F_1_105_c.jpeg"
    ],
    "ultima_modificacion": "2025-08-01 01:01:02.381166"
  },
  "66e3edc8c6634bb89eea9d7d1780627d1105c.jpeg": {
    "app_sintetizada": "66E3EDC8C6634BB89EEA9D7D1780627D1105C.JPEG",
    "cantidad_archivos": 1,
    "archivos_fuente": [
      "Pictures/Fototeca de Fotos.photoslibrary/resources/derivatives/6/66E3EDC8-C663-4BB8-9EEA-9D7D1780627D_1_105_c.jpeg"
    ],
    "ultima_modificacion": "2025-08-01 01:01:02.381410"
  },
  "677f9108de0145d18cd81615f139d78d1105c.jpeg": {
    "app_sintetizada": "677F9108DE0145D18CD81615F139D78D1105C.JPEG",
    "cantidad_archivos": 1,
    "archivos_fuente": [
      "Pictures/Fototeca de Fotos.photoslibrary/resources/derivatives/6/677F9108-DE01-45D1-8CD8-1615F139D78D_1_105_c.jpeg"
    ],
    "ultima_modificacion": "2025-08-01 01:01:02.381635"
  },
  "652a8ec4ace1440fb4179d4f325583351105c.jpeg": {
    "app_sintetizada": "652A8EC4ACE1440FB4179D4F325583351105C.JPEG",
    "cantidad_archivos": 1,
    "archivos_fuente": [
      "Pictures/Fototeca de Fotos.photoslibrary/resources/derivatives/6/652A8EC4-ACE1-440F-B417-9D4F32558335_1_105_c.jpeg"
    ],
    "ultima_modificacion": "2025-08-01 01:01:02.381836"
  },
  "6ac8629910774cbaac2fd0f9cf7864231105c.jpeg": {
    "app_sintetizada": "6AC8629910774CBAAC2FD0F9CF7864231105C.JPEG",
    "cantidad_archivos": 1,
    "archivos_fuente": [
      "Pictures/Fototeca de Fotos.photoslibrary/resources/derivatives/6/6AC86299-1077-4CBA-AC2F-D0F9CF786423_1_105_c.jpeg"
    ],
    "ultima_modificacion": "2025-08-01 01:01:02.382017"
  },
  "6eebb637bf8f46b9af4cafcca2719f2a1105c.jpeg": {
    "app_sintetizada": "6EEBB637BF8F46B9AF4CAFCCA2719F2A1105C.JPEG",
    "cantidad_archivos": 1,
    "archivos_fuente": [
      "Pictures/Fototeca de Fotos.photoslibrary/resources/derivatives/6/6EEBB637-BF8F-46B9-AF4C-AFCCA2719F2A_1_105_c.jpeg"
    ],
    "ultima_modificacion": "2025-08-01 01:01:02.382352"
  },
  "6beccb4144ca4778a735a16ac9f9ef111105c.jpeg": {
    "app_sintetizada": "6BECCB4144CA4778A735A16AC9F9EF111105C.JPEG",
    "cantidad_archivos": 1,
    "archivos_fuente": [
      "Pictures/Fototeca de Fotos.photoslibrary/resources/derivatives/6/6BECCB41-44CA-4778-A735-A16AC9F9EF11_1_105_c.jpeg"
    ],
    "ultima_modificacion": "2025-08-01 01:01:02.382534"
  },
  "6bf09b280fb246179e9602526ad9213e1105c.jpeg": {
    "app_sintetizada": "6BF09B280FB246179E9602526AD9213E1105C.JPEG",
    "cantidad_archivos": 1,
    "archivos_fuente": [
      "Pictures/Fototeca de Fotos.photoslibrary/resources/derivatives/6/6BF09B28-0FB2-4617-9E96-02526AD9213E_1_105_c.jpeg"
    ],
    "ultima_modificacion": "2025-08-01 01:01:02.382713"
  },
  "6d33213806fc4f2ca1931d86d3f333381105c.jpeg": {
    "app_sintetizada": "6D33213806FC4F2CA1931D86D3F333381105C.JPEG",
    "cantidad_archivos": 1,
    "archivos_fuente": [
      "Pictures/Fototeca de Fotos.photoslibrary/resources/derivatives/6/6D332138-06FC-4F2C-A193-1D86D3F33338_1_105_c.jpeg"
    ],
    "ultima_modificacion": "2025-08-01 01:01:02.382887"
  },
  "6b7f58032120480588f30df7ca5086011105c.jpeg": {
    "app_sintetizada": "6B7F58032120480588F30DF7CA5086011105C.JPEG",
    "cantidad_archivos": 1,
    "archivos_fuente": [
      "Pictures/Fototeca de Fotos.photoslibrary/resources/derivatives/6/6B7F5803-2120-4805-88F3-0DF7CA508601_1_105_c.jpeg"
    ],
    "ultima_modificacion": "2025-08-01 01:01:02.383093"
  },
  "6ebb07d7983648c6a77855988a8caa0e1105c.jpeg": {
    "app_sintetizada": "6EBB07D7983648C6A77855988A8CAA0E1105C.JPEG",
    "cantidad_archivos": 1,
    "archivos_fuente": [
      "Pictures/Fototeca de Fotos.photoslibrary/resources/derivatives/6/6EBB07D7-9836-48C6-A778-55988A8CAA0E_1_105_c.jpeg"
    ],
    "ultima_modificacion": "2025-08-01 01:01:02.383260"
  },
  "61b9b65205a74d1ea4c15001e5e0f5131105c.jpeg": {
    "app_sintetizada": "61B9B65205A74D1EA4C15001E5E0F5131105C.JPEG",
    "cantidad_archivos": 1,
    "archivos_fuente": [
      "Pictures/Fototeca de Fotos.photoslibrary/resources/derivatives/6/61B9B652-05A7-4D1E-A4C1-5001E5E0F513_1_105_c.jpeg"
    ],
    "ultima_modificacion": "2025-08-01 01:01:02.383433"
  },
  "6e351e4d78d0463ca2a80cf2ec7cef44.thm": {
    "app_sintetizada": "6E351E4D78D0463CA2A80CF2EC7CEF44.THM",
    "cantidad_archivos": 1,
    "archivos_fuente": [
      "Pictures/Fototeca de Fotos.photoslibrary/resources/derivatives/6/6E351E4D-78D0-463C-A2A8-0CF2EC7CEF44.THM"
    ],
    "ultima_modificacion": "2025-08-01 01:01:02.383630"
  },
  "6cb5f516917741118036fafcf75d90cb1105c.jpeg": {
    "app_sintetizada": "6CB5F516917741118036FAFCF75D90CB1105C.JPEG",
    "cantidad_archivos": 1,
    "archivos_fuente": [
      "Pictures/Fototeca de Fotos.photoslibrary/resources/derivatives/6/6CB5F516-9177-4111-8036-FAFCF75D90CB_1_105_c.jpeg"
    ],
    "ultima_modificacion": "2025-08-01 01:01:02.383884"
  },
  "6ced6b66a3944cc3abb4e3dc0ecef2001105c.jpeg": {
    "app_sintetizada": "6CED6B66A3944CC3ABB4E3DC0ECEF2001105C.JPEG",
    "cantidad_archivos": 1,
    "archivos_fuente": [
      "Pictures/Fototeca de Fotos.photoslibrary/resources/derivatives/6/6CED6B66-A394-4CC3-ABB4-E3DC0ECEF200_1_105_c.jpeg"
    ],
    "ultima_modificacion": "2025-08-01 01:01:02.384054"
  },
  "604c32af2d9a4c0d8e046f7ff57596ca1105c.jpeg": {
    "app_sintetizada": "604C32AF2D9A4C0D8E046F7FF57596CA1105C.JPEG",
    "cantidad_archivos": 1,
    "archivos_fuente": [
      "Pictures/Fototeca de Fotos.photoslibrary/resources/derivatives/6/604C32AF-2D9A-4C0D-8E04-6F7FF57596CA_1_105_c.jpeg"
    ],
    "ultima_modificacion": "2025-08-01 01:01:02.384221"
  },
  "6c8d07985a764d198ec807cd7918703e1105c.jpeg": {
    "app_sintetizada": "6C8D07985A764D198EC807CD7918703E1105C.JPEG",
    "cantidad_archivos": 1,
    "archivos_fuente": [
      "Pictures/Fototeca de Fotos.photoslibrary/resources/derivatives/6/6C8D0798-5A76-4D19-8EC8-07CD7918703E_1_105_c.jpeg"
    ],
    "ultima_modificacion": "2025-08-01 01:01:02.384402"
  },
  "64d090efe7ce497598d3ff6c1fce48181105c.jpeg": {
    "app_sintetizada": "64D090EFE7CE497598D3FF6C1FCE48181105C.JPEG",
    "cantidad_archivos": 1,
    "archivos_fuente": [
      "Pictures/Fototeca de Fotos.photoslibrary/resources/derivatives/6/64D090EF-E7CE-4975-98D3-FF6C1FCE4818_1_105_c.jpeg"
    ],
    "ultima_modificacion": "2025-08-01 01:01:02.384610"
  },
  "6bc2b4cf7fe04923b86787f86edd3bc71105c.jpeg": {
    "app_sintetizada": "6BC2B4CF7FE04923B86787F86EDD3BC71105C.JPEG",
    "cantidad_archivos": 1,
    "archivos_fuente": [
      "Pictures/Fototeca de Fotos.photoslibrary/resources/derivatives/6/6BC2B4CF-7FE0-4923-B867-87F86EDD3BC7_1_105_c.jpeg"
    ],
    "ultima_modificacion": "2025-08-01 01:01:02.384796"
  },
  "60a080114f9943e5810ba2a5cb55cf701105c.jpeg": {
    "app_sintetizada": "60A080114F9943E5810BA2A5CB55CF701105C.JPEG",
    "cantidad_archivos": 1,
    "archivos_fuente": [
      "Pictures/Fototeca de Fotos.photoslibrary/resources/derivatives/6/60A08011-4F99-43E5-810B-A2A5CB55CF70_1_105_c.jpeg"
    ],
    "ultima_modificacion": "2025-08-01 01:01:02.385036"
  },
  "6fd88883f46b4a168e4b5a3ffd913cee.thm": {
    "app_sintetizada": "6FD88883F46B4A168E4B5A3FFD913CEE.THM",
    "cantidad_archivos": 1,
    "archivos_fuente": [
      "Pictures/Fototeca de Fotos.photoslibrary/resources/derivatives/6/6FD88883-F46B-4A16-8E4B-5A3FFD913CEE.THM"
    ],
    "ultima_modificacion": "2025-08-01 01:01:02.385273"
  },
  "6ce61b5b31c84b81b68888c669f85ba71105c.jpeg": {
    "app_sintetizada": "6CE61B5B31C84B81B68888C669F85BA71105C.JPEG",
    "cantidad_archivos": 1,
    "archivos_fuente": [
      "Pictures/Fototeca de Fotos.photoslibrary/resources/derivatives/6/6CE61B5B-31C8-4B81-B688-88C669F85BA7_1_105_c.jpeg"
    ],
    "ultima_modificacion": "2025-08-01 01:01:02.385462"
  },
  "6e96d7ad4c3443d69ac21c72724a19231105c.jpeg": {
    "app_sintetizada": "6E96D7AD4C3443D69AC21C72724A19231105C.JPEG",
    "cantidad_archivos": 1,
    "archivos_fuente": [
      "Pictures/Fototeca de Fotos.photoslibrary/resources/derivatives/6/6E96D7AD-4C34-43D6-9AC2-1C72724A1923_1_105_c.jpeg"
    ],
    "ultima_modificacion": "2025-08-01 01:01:02.385646"
  },
  "650e5aab703d4ffb9dec651d4da6b8a8.thm": {
    "app_sintetizada": "650E5AAB703D4FFB9DEC651D4DA6B8A8.THM",
    "cantidad_archivos": 1,
    "archivos_fuente": [
      "Pictures/Fototeca de Fotos.photoslibrary/resources/derivatives/6/650E5AAB-703D-4FFB-9DEC-651D4DA6B8A8.THM"
    ],
    "ultima_modificacion": "2025-08-01 01:01:02.385906"
  },
  "60209e724c334933a7d482e0f78dae4a1105c.jpeg": {
    "app_sintetizada": "60209E724C334933A7D482E0F78DAE4A1105C.JPEG",
    "cantidad_archivos": 1,
    "archivos_fuente": [
      "Pictures/Fototeca de Fotos.photoslibrary/resources/derivatives/6/60209E72-4C33-4933-A7D4-82E0F78DAE4A_1_105_c.jpeg"
    ],
    "ultima_modificacion": "2025-08-01 01:01:02.386194"
  },
  "6ae39cab14c844bebc7cdcee5f49ef321105c.jpeg": {
    "app_sintetizada": "6AE39CAB14C844BEBC7CDCEE5F49EF321105C.JPEG",
    "cantidad_archivos": 1,
    "archivos_fuente": [
      "Pictures/Fototeca de Fotos.photoslibrary/resources/derivatives/6/6AE39CAB-14C8-44BE-BC7C-DCEE5F49EF32_1_105_c.jpeg"
    ],
    "ultima_modificacion": "2025-08-01 01:01:02.386451"
  },
  "66d20e54ea5b4df7bf829b13e02aa2881105c.jpeg": {
    "app_sintetizada": "66D20E54EA5B4DF7BF829B13E02AA2881105C.JPEG",
    "cantidad_archivos": 1,
    "archivos_fuente": [
      "Pictures/Fototeca de Fotos.photoslibrary/resources/derivatives/6/66D20E54-EA5B-4DF7-BF82-9B13E02AA288_1_105_c.jpeg"
    ],
    "ultima_modificacion": "2025-08-01 01:01:02.386707"
  },
  "6685fb190b944400868f6221a5df44281105c.jpeg": {
    "app_sintetizada": "6685FB190B944400868F6221A5DF44281105C.JPEG",
    "cantidad_archivos": 1,
    "archivos_fuente": [
      "Pictures/Fototeca de Fotos.photoslibrary/resources/derivatives/6/6685FB19-0B94-4400-868F-6221A5DF4428_1_105_c.jpeg"
    ],
    "ultima_modificacion": "2025-08-01 01:01:02.386962"
  },
  "6402d206fe0a46868327278da0e7c8891105c.jpeg": {
    "app_sintetizada": "6402D206FE0A46868327278DA0E7C8891105C.JPEG",
    "cantidad_archivos": 1,
    "archivos_fuente": [
      "Pictures/Fototeca de Fotos.photoslibrary/resources/derivatives/6/6402D206-FE0A-4686-8327-278DA0E7C889_1_105_c.jpeg"
    ],
    "ultima_modificacion": "2025-08-01 01:01:02.387254"
  },
  "66dfc5d662b34cba8da3b70a2bb96b441105c.jpeg": {
    "app_sintetizada": "66DFC5D662B34CBA8DA3B70A2BB96B441105C.JPEG",
    "cantidad_archivos": 1,
    "archivos_fuente": [
      "Pictures/Fototeca de Fotos.photoslibrary/resources/derivatives/6/66DFC5D6-62B3-4CBA-8DA3-B70A2BB96B44_1_105_c.jpeg"
    ],
    "ultima_modificacion": "2025-08-01 01:01:02.387511"
  },
  "6f5a0931a2bb496fbc207d662680d6531105c.jpeg": {
    "app_sintetizada": "6F5A0931A2BB496FBC207D662680D6531105C.JPEG",
    "cantidad_archivos": 1,
    "archivos_fuente": [
      "Pictures/Fototeca de Fotos.photoslibrary/resources/derivatives/6/6F5A0931-A2BB-496F-BC20-7D662680D653_1_105_c.jpeg"
    ],
    "ultima_modificacion": "2025-08-01 01:01:02.387804"
  },
  "6d50da07e3a34408b77d427cfd64fca41105c.jpeg": {
    "app_sintetizada": "6D50DA07E3A34408B77D427CFD64FCA41105C.JPEG",
    "cantidad_archivos": 1,
    "archivos_fuente": [
      "Pictures/Fototeca de Fotos.photoslibrary/resources/derivatives/6/6D50DA07-E3A3-4408-B77D-427CFD64FCA4_1_105_c.jpeg"
    ],
    "ultima_modificacion": "2025-08-01 01:01:02.388061"
  },
  "6768a0a9f38145518f33350d125d4aa01105c.jpeg": {
    "app_sintetizada": "6768A0A9F38145518F33350D125D4AA01105C.JPEG",
    "cantidad_archivos": 1,
    "archivos_fuente": [
      "Pictures/Fototeca de Fotos.photoslibrary/resources/derivatives/6/6768A0A9-F381-4551-8F33-350D125D4AA0_1_105_c.jpeg"
    ],
    "ultima_modificacion": "2025-08-01 01:01:02.388330"
  },
  "67720a3b8ea84e5e89e5a42ab98efba61105c.jpeg": {
    "app_sintetizada": "67720A3B8EA84E5E89E5A42AB98EFBA61105C.JPEG",
    "cantidad_archivos": 1,
    "archivos_fuente": [
      "Pictures/Fototeca de Fotos.photoslibrary/resources/derivatives/6/67720A3B-8EA8-4E5E-89E5-A42AB98EFBA6_1_105_c.jpeg"
    ],
    "ultima_modificacion": "2025-08-01 01:01:02.388750"
  },
  "6cadfb6a07a14ed1babc20637a697db41105c.jpeg": {
    "app_sintetizada": "6CADFB6A07A14ED1BABC20637A697DB41105C.JPEG",
    "cantidad_archivos": 1,
    "archivos_fuente": [
      "Pictures/Fototeca de Fotos.photoslibrary/resources/derivatives/6/6CADFB6A-07A1-4ED1-BABC-20637A697DB4_1_105_c.jpeg"
    ],
    "ultima_modificacion": "2025-08-01 01:01:02.389020"
  },
  "6ecfc161912c4228be31bd8f9bea77351105c.jpeg": {
    "app_sintetizada": "6ECFC161912C4228BE31BD8F9BEA77351105C.JPEG",
    "cantidad_archivos": 1,
    "archivos_fuente": [
      "Pictures/Fototeca de Fotos.photoslibrary/resources/derivatives/6/6ECFC161-912C-4228-BE31-BD8F9BEA7735_1_105_c.jpeg"
    ],
    "ultima_modificacion": "2025-08-01 01:01:02.389327"
  },
  "6aa80e4ac8a94a5c8d0e226a198f99721105c.jpeg": {
    "app_sintetizada": "6AA80E4AC8A94A5C8D0E226A198F99721105C.JPEG",
    "cantidad_archivos": 1,
    "archivos_fuente": [
      "Pictures/Fototeca de Fotos.photoslibrary/resources/derivatives/6/6AA80E4A-C8A9-4A5C-8D0E-226A198F9972_1_105_c.jpeg"
    ],
    "ultima_modificacion": "2025-08-01 01:01:02.389594"
  },
  "6c981fe4dc3e4ebb8c330a960231bd941105c.jpeg": {
    "app_sintetizada": "6C981FE4DC3E4EBB8C330A960231BD941105C.JPEG",
    "cantidad_archivos": 1,
    "archivos_fuente": [
      "Pictures/Fototeca de Fotos.photoslibrary/resources/derivatives/6/6C981FE4-DC3E-4EBB-8C33-0A960231BD94_1_105_c.jpeg"
    ],
    "ultima_modificacion": "2025-08-01 01:01:02.389845"
  },
  "69b7f09a139147688d2d70b586a309e71105c.jpeg": {
    "app_sintetizada": "69B7F09A139147688D2D70B586A309E71105C.JPEG",
    "cantidad_archivos": 1,
    "archivos_fuente": [
      "Pictures/Fototeca de Fotos.photoslibrary/resources/derivatives/6/69B7F09A-1391-4768-8D2D-70B586A309E7_1_105_c.jpeg"
    ],
    "ultima_modificacion": "2025-08-01 01:01:02.390127"
  },
  "6805685d03474798b1646e7e6ad07aab.thm": {
    "app_sintetizada": "6805685D03474798B1646E7E6AD07AAB.THM",
    "cantidad_archivos": 1,
    "archivos_fuente": [
      "Pictures/Fototeca de Fotos.photoslibrary/resources/derivatives/6/6805685D-0347-4798-B164-6E7E6AD07AAB.THM"
    ],
    "ultima_modificacion": "2025-08-01 01:01:02.390481"
  },
  "6088f7087d4e42ebabfbf446c81a6a18.thm": {
    "app_sintetizada": "6088F7087D4E42EBABFBF446C81A6A18.THM",
    "cantidad_archivos": 1,
    "archivos_fuente": [
      "Pictures/Fototeca de Fotos.photoslibrary/resources/derivatives/6/6088F708-7D4E-42EB-ABFB-F446C81A6A18.THM"
    ],
    "ultima_modificacion": "2025-08-01 01:01:02.390774"
  },
  "64ef7d0c154f4ead841bb073c9352ae11105c.jpeg": {
    "app_sintetizada": "64EF7D0C154F4EAD841BB073C9352AE11105C.JPEG",
    "cantidad_archivos": 1,
    "archivos_fuente": [
      "Pictures/Fototeca de Fotos.photoslibrary/resources/derivatives/6/64EF7D0C-154F-4EAD-841B-B073C9352AE1_1_105_c.jpeg"
    ],
    "ultima_modificacion": "2025-08-01 01:01:02.391059"
  },
  "6290bef1b62a4138879d040c74b13d991105c.jpeg": {
    "app_sintetizada": "6290BEF1B62A4138879D040C74B13D991105C.JPEG",
    "cantidad_archivos": 1,
    "archivos_fuente": [
      "Pictures/Fototeca de Fotos.photoslibrary/resources/derivatives/6/6290BEF1-B62A-4138-879D-040C74B13D99_1_105_c.jpeg"
    ],
    "ultima_modificacion": "2025-08-01 01:01:02.391335"
  },
  "648abe1115394834952ad39f97f4075b1105c.jpeg": {
    "app_sintetizada": "648ABE1115394834952AD39F97F4075B1105C.JPEG",
    "cantidad_archivos": 1,
    "archivos_fuente": [
      "Pictures/Fototeca de Fotos.photoslibrary/resources/derivatives/6/648ABE11-1539-4834-952A-D39F97F4075B_1_105_c.jpeg"
    ],
    "ultima_modificacion": "2025-08-01 01:01:02.391629"
  },
  "634d242e179245fcb8e3f2f5b3ef06411105c.jpeg": {
    "app_sintetizada": "634D242E179245FCB8E3F2F5B3EF06411105C.JPEG",
    "cantidad_archivos": 1,
    "archivos_fuente": [
      "Pictures/Fototeca de Fotos.photoslibrary/resources/derivatives/6/634D242E-1792-45FC-B8E3-F2F5B3EF0641_1_105_c.jpeg"
    ],
    "ultima_modificacion": "2025-08-01 01:01:02.391907"
  },
  "66d65ac1aa36409b803a11a1e92a92721105c.jpeg": {
    "app_sintetizada": "66D65AC1AA36409B803A11A1E92A92721105C.JPEG",
    "cantidad_archivos": 1,
    "archivos_fuente": [
      "Pictures/Fototeca de Fotos.photoslibrary/resources/derivatives/6/66D65AC1-AA36-409B-803A-11A1E92A9272_1_105_c.jpeg"
    ],
    "ultima_modificacion": "2025-08-01 01:01:02.392193"
  },
  "60d53b9b0c3141aa8c00c136ab3e31331105c.jpeg": {
    "app_sintetizada": "60D53B9B0C3141AA8C00C136AB3E31331105C.JPEG",
    "cantidad_archivos": 1,
    "archivos_fuente": [
      "Pictures/Fototeca de Fotos.photoslibrary/resources/derivatives/6/60D53B9B-0C31-41AA-8C00-C136AB3E3133_1_105_c.jpeg"
    ],
    "ultima_modificacion": "2025-08-01 01:01:02.392481"
  },
  "61f4d58f031a48c38fb4220159b7a0601105c.jpeg": {
    "app_sintetizada": "61F4D58F031A48C38FB4220159B7A0601105C.JPEG",
    "cantidad_archivos": 1,
    "archivos_fuente": [
      "Pictures/Fototeca de Fotos.photoslibrary/resources/derivatives/6/61F4D58F-031A-48C3-8FB4-220159B7A060_1_105_c.jpeg"
    ],
    "ultima_modificacion": "2025-08-01 01:01:02.392763"
  },
  "6ac9dc8463104867b0e3b3c4cebe86011105c.jpeg": {
    "app_sintetizada": "6AC9DC8463104867B0E3B3C4CEBE86011105C.JPEG",
    "cantidad_archivos": 1,
    "archivos_fuente": [
      "Pictures/Fototeca de Fotos.photoslibrary/resources/derivatives/6/6AC9DC84-6310-4867-B0E3-B3C4CEBE8601_1_105_c.jpeg"
    ],
    "ultima_modificacion": "2025-08-01 01:01:02.393047"
  },
  "638c75a449aa4e9fa6ee2bc95913d7831105c.jpeg": {
    "app_sintetizada": "638C75A449AA4E9FA6EE2BC95913D7831105C.JPEG",
    "cantidad_archivos": 1,
    "archivos_fuente": [
      "Pictures/Fototeca de Fotos.photoslibrary/resources/derivatives/6/638C75A4-49AA-4E9F-A6EE-2BC95913D783_1_105_c.jpeg"
    ],
    "ultima_modificacion": "2025-08-01 01:01:02.393332"
  },
  "6adfbce664d24ce0ae402b9575c4257b1105c.jpeg": {
    "app_sintetizada": "6ADFBCE664D24CE0AE402B9575C4257B1105C.JPEG",
    "cantidad_archivos": 1,
    "archivos_fuente": [
      "Pictures/Fototeca de Fotos.photoslibrary/resources/derivatives/6/6ADFBCE6-64D2-4CE0-AE40-2B9575C4257B_1_105_c.jpeg"
    ],
    "ultima_modificacion": "2025-08-01 01:01:02.393614"
  }
}