{
  "60cb90bab26c4d798124d2b6d92b65a61105c.jpeg": {
    "app_sintetizada": "60CB90BAB26C4D798124D2B6D92B65A61105C.JPEG",
    "cantidad_archivos": 1,
    "archivos_fuente": [
      "Pictures/Fototeca de Fotos.photoslibrary/resources/derivatives/6/60CB90BA-B26C-4D79-8124-D2B6D92B65A6_1_105_c.jpeg"
    ],
    "ultima_modificacion": "2025-08-01 01:01:01.784482"
  },
  "647c9e4eb28d4036bac0cb026e08ed231105c.jpeg": {
    "app_sintetizada": "647C9E4EB28D4036BAC0CB026E08ED231105C.JPEG",
    "cantidad_archivos": 1,
    "archivos_fuente": [
      "Pictures/Fototeca de Fotos.photoslibrary/resources/derivatives/6/647C9E4E-B28D-4036-BAC0-CB026E08ED23_1_105_c.jpeg"
    ],
    "ultima_modificacion": "2025-08-01 01:01:01.784648"
  },
  "69f7241e8807492a9efd0b57522ac5e91105c.jpeg": {
    "app_sintetizada": "69F7241E8807492A9EFD0B57522AC5E91105C.JPEG",
    "cantidad_archivos": 1,
    "archivos_fuente": [
      "Pictures/Fototeca de Fotos.photoslibrary/resources/derivatives/6/69F7241E-8807-492A-9EFD-0B57522AC5E9_1_105_c.jpeg"
    ],
    "ultima_modificacion": "2025-08-01 01:01:01.784855"
  },
  "6b74ad131d9d45ffb7129f2b6c574e6e1105c.jpeg": {
    "app_sintetizada": "6B74AD131D9D45FFB7129F2B6C574E6E1105C.JPEG",
    "cantidad_archivos": 1,
    "archivos_fuente": [
      "Pictures/Fototeca de Fotos.photoslibrary/resources/derivatives/6/6B74AD13-1D9D-45FF-B712-9F2B6C574E6E_1_105_c.jpeg"
    ],
    "ultima_modificacion": "2025-08-01 01:01:01.785107"
  },
  "63f987b5a85146a2b456427d3c7cd70f1105c.jpeg": {
    "app_sintetizada": "63F987B5A85146A2B456427D3C7CD70F1105C.JPEG",
    "cantidad_archivos": 1,
    "archivos_fuente": [
      "Pictures/Fototeca de Fotos.photoslibrary/resources/derivatives/6/63F987B5-A851-46A2-B456-427D3C7CD70F_1_105_c.jpeg"
    ],
    "ultima_modificacion": "2025-08-01 01:01:01.785322"
  },
  "6b0b8abec9d14ad7ac04de91e401543b1100o.jpeg": {
    "app_sintetizada": "6B0B8ABEC9D14AD7AC04DE91E401543B1100O.JPEG",
    "cantidad_archivos": 1,
    "archivos_fuente": [
      "Pictures/Fototeca de Fotos.photoslibrary/resources/derivatives/6/6B0B8ABE-C9D1-4AD7-AC04-DE91E401543B_1_100_o.jpeg"
    ],
    "ultima_modificacion": "2025-08-01 01:01:01.785543"
  },
  "6579723b0112430b838f66ae155c5d601105c.jpeg": {
    "app_sintetizada": "6579723B0112430B838F66AE155C5D601105C.JPEG",
    "cantidad_archivos": 1,
    "archivos_fuente": [
      "Pictures/Fototeca de Fotos.photoslibrary/resources/derivatives/6/6579723B-0112-430B-838F-66AE155C5D60_1_105_c.jpeg"
    ],
    "ultima_modificacion": "2025-08-01 01:01:01.785934"
  },
  "6a642ee32ba64cd781d663d866cbe67b1105c.jpeg": {
    "app_sintetizada": "6A642EE32BA64CD781D663D866CBE67B1105C.JPEG",
    "cantidad_archivos": 1,
    "archivos_fuente": [
      "Pictures/Fototeca de Fotos.photoslibrary/resources/derivatives/6/6A642EE3-2BA6-4CD7-81D6-63D866CBE67B_1_105_c.jpeg"
    ],
    "ultima_modificacion": "2025-08-01 01:01:01.786218"
  },
  "6e5aaf13bf5d4ae6ad49856d023b7dba1105c.jpeg": {
    "app_sintetizada": "6E5AAF13BF5D4AE6AD49856D023B7DBA1105C.JPEG",
    "cantidad_archivos": 1,
    "archivos_fuente": [
      "Pictures/Fototeca de Fotos.photoslibrary/resources/derivatives/6/6E5AAF13-BF5D-4AE6-AD49-856D023B7DBA_1_105_c.jpeg"
    ],
    "ultima_modificacion": "2025-08-01 01:01:01.786470"
  },
  "6b21f9000b784e558d19523640cdd5701105c.jpeg": {
    "app_sintetizada": "6B21F9000B784E558D19523640CDD5701105C.JPEG",
    "cantidad_archivos": 1,
    "archivos_fuente": [
      "Pictures/Fototeca de Fotos.photoslibrary/resources/derivatives/6/6B21F900-0B78-4E55-8D19-523640CDD570_1_105_c.jpeg"
    ],
    "ultima_modificacion": "2025-08-01 01:01:01.786719"
  },
  "6aef76fdda1d470bac593b22f83e263e1105c.jpeg": {
    "app_sintetizada": "6AEF76FDDA1D470BAC593B22F83E263E1105C.JPEG",
    "cantidad_archivos": 1,
    "archivos_fuente": [
      "Pictures/Fototeca de Fotos.photoslibrary/resources/derivatives/6/6AEF76FD-DA1D-470B-AC59-3B22F83E263E_1_105_c.jpeg"
    ],
    "ultima_modificacion": "2025-08-01 01:01:01.786984"
  },
  "65397bb84a824e91b5f44425da69b7151105c.jpeg": {
    "app_sintetizada": "65397BB84A824E91B5F44425DA69B7151105C.JPEG",
    "cantidad_archivos": 1,
    "archivos_fuente": [
      "Pictures/Fototeca de Fotos.photoslibrary/resources/derivatives/6/65397BB8-4A82-4E91-B5F4-4425DA69B715_1_105_c.jpeg"
    ],
    "ultima_modificacion": "2025-08-01 01:01:01.787255"
  },
  "6783a50f8bd1447ca75e6fb83fa7b6bb1105c.jpeg": {
    "app_sintetizada": "6783A50F8BD1447CA75E6FB83FA7B6BB1105C.JPEG",
    "cantidad_archivos": 1,
    "archivos_fuente": [
      "Pictures/Fototeca de Fotos.photoslibrary/resources/derivatives/6/6783A50F-8BD1-447C-A75E-6FB83FA7B6BB_1_105_c.jpeg"
    ],
    "ultima_modificacion": "2025-08-01 01:01:01.787503"
  },
  "65e78338e76540cd900c67eb8a3b19761105c.jpeg": {
    "app_sintetizada": "65E78338E76540CD900C67EB8A3B19761105C.JPEG",
    "cantidad_archivos": 1,
    "archivos_fuente": [
      "Pictures/Fototeca de Fotos.photoslibrary/resources/derivatives/6/65E78338-E765-40CD-900C-67EB8A3B1976_1_105_c.jpeg"
    ],
    "ultima_modificacion": "2025-08-01 01:01:01.787756"
  },
  "681d0ac46e35450b9196e586796e489c1105c.jpeg": {
    "app_sintetizada": "681D0AC46E35450B9196E586796E489C1105C.JPEG",
    "cantidad_archivos": 1,
    "archivos_fuente": [
      "Pictures/Fototeca de Fotos.photoslibrary/resources/derivatives/6/681D0AC4-6E35-450B-9196-E586796E489C_1_105_c.jpeg"
    ],
    "ultima_modificacion": "2025-08-01 01:01:01.788019"
  },
  "69b2d22fc2a24f22bfb7d683fc9e61061105c.jpeg": {
    "app_sintetizada": "69B2D22FC2A24F22BFB7D683FC9E61061105C.JPEG",
    "cantidad_archivos": 1,
    "archivos_fuente": [
      "Pictures/Fototeca de Fotos.photoslibrary/resources/derivatives/6/69B2D22F-C2A2-4F22-BFB7-D683FC9E6106_1_105_c.jpeg"
    ],
    "ultima_modificacion": "2025-08-01 01:01:01.788292"
  },
  "6ce6bfdba7474d9d862ff039619bda691105c.jpeg": {
    "app_sintetizada": "6CE6BFDBA7474D9D862FF039619BDA691105C.JPEG",
    "cantidad_archivos": 1,
    "archivos_fuente": [
      "Pictures/Fototeca de Fotos.photoslibrary/resources/derivatives/6/6CE6BFDB-A747-4D9D-862F-F039619BDA69_1_105_c.jpeg"
    ],
    "ultima_modificacion": "2025-08-01 01:01:01.788560"
  },
  "633d46a4f67b41f9b17310ce2a672906.thm": {
    "app_sintetizada": "633D46A4F67B41F9B17310CE2A672906.THM",
    "cantidad_archivos": 1,
    "archivos_fuente": [
      "Pictures/Fototeca de Fotos.photoslibrary/resources/derivatives/6/633D46A4-F67B-41F9-B173-10CE2A672906.THM"
    ],
    "ultima_modificacion": "2025-08-01 01:01:01.788819"
  },
  "6086e7731d61427db653a2500eebdc3e1105c.jpeg": {
    "app_sintetizada": "6086E7731D61427DB653A2500EEBDC3E1105C.JPEG",
    "cantidad_archivos": 1,
    "archivos_fuente": [
      "Pictures/Fototeca de Fotos.photoslibrary/resources/derivatives/6/6086E773-1D61-427D-B653-A2500EEBDC3E_1_105_c.jpeg"
    ],
    "ultima_modificacion": "2025-08-01 01:01:01.789077"
  },
  "69a109ec4b2a4c3f95de4bf1485f8be61105c.jpeg": {
    "app_sintetizada": "69A109EC4B2A4C3F95DE4BF1485F8BE61105C.JPEG",
    "cantidad_archivos": 1,
    "archivos_fuente": [
      "Pictures/Fototeca de Fotos.photoslibrary/resources/derivatives/6/69A109EC-4B2A-4C3F-95DE-4BF1485F8BE6_1_105_c.jpeg"
    ],
    "ultima_modificacion": "2025-08-01 01:01:01.789340"
  },
  "6845801dd2ee4be0b97fd44b918ab61d1105c.jpeg": {
    "app_sintetizada": "6845801DD2EE4BE0B97FD44B918AB61D1105C.JPEG",
    "cantidad_archivos": 1,
    "archivos_fuente": [
      "Pictures/Fototeca de Fotos.photoslibrary/resources/derivatives/6/6845801D-D2EE-4BE0-B97F-D44B918AB61D_1_105_c.jpeg"
    ],
    "ultima_modificacion": "2025-08-01 01:01:01.789581"
  },
  "6ab903c6b86e43639a396e1f80e0c2c11102o.jpeg": {
    "app_sintetizada": "6AB903C6B86E43639A396E1F80E0C2C11102O.JPEG",
    "cantidad_archivos": 1,
    "archivos_fuente": [
      "Pictures/Fototeca de Fotos.photoslibrary/resources/derivatives/6/6AB903C6-B86E-4363-9A39-6E1F80E0C2C1_1_102_o.jpeg"
    ],
    "ultima_modificacion": "2025-08-01 01:01:01.789835"
  },
  "606fea632872406c991515492c249ea61105c.jpeg": {
    "app_sintetizada": "606FEA632872406C991515492C249EA61105C.JPEG",
    "cantidad_archivos": 1,
    "archivos_fuente": [
      "Pictures/Fototeca de Fotos.photoslibrary/resources/derivatives/6/606FEA63-2872-406C-9915-15492C249EA6_1_105_c.jpeg"
    ],
    "ultima_modificacion": "2025-08-01 01:01:01.790111"
  },
  "6d54eb2fa79646d68389956cf512d2fe1105c.jpeg": {
    "app_sintetizada": "6D54EB2FA79646D68389956CF512D2FE1105C.JPEG",
    "cantidad_archivos": 1,
    "archivos_fuente": [
      "Pictures/Fototeca de Fotos.photoslibrary/resources/derivatives/6/6D54EB2F-A796-46D6-8389-956CF512D2FE_1_105_c.jpeg"
    ],
    "ultima_modificacion": "2025-08-01 01:01:01.790394"
  },
  "6493ad8afc1c48f9b6f89dbf109a71341105c.jpeg": {
    "app_sintetizada": "6493AD8AFC1C48F9B6F89DBF109A71341105C.JPEG",
    "cantidad_archivos": 1,
    "archivos_fuente": [
      "Pictures/Fototeca de Fotos.photoslibrary/resources/derivatives/6/6493AD8A-FC1C-48F9-B6F8-9DBF109A7134_1_105_c.jpeg"
    ],
    "ultima_modificacion": "2025-08-01 01:01:01.790679"
  },
  "6eb01394daae4041849c8c3bead38fda1105c.jpeg": {
    "app_sintetizada": "6EB01394DAAE4041849C8C3BEAD38FDA1105C.JPEG",
    "cantidad_archivos": 1,
    "archivos_fuente": [
      "Pictures/Fototeca de Fotos.photoslibrary/resources/derivatives/6/6EB01394-DAAE-4041-849C-8C3BEAD38FDA_1_105_c.jpeg"
    ],
    "ultima_modificacion": "2025-08-01 01:01:01.790964"
  },
  "63dffdeccab84446a613980756e9a79c1105c.jpeg": {
    "app_sintetizada": "63DFFDECCAB84446A613980756E9A79C1105C.JPEG",
    "cantidad_archivos": 1,
    "archivos_fuente": [
      "Pictures/Fototeca de Fotos.photoslibrary/resources/derivatives/6/63DFFDEC-CAB8-4446-A613-980756E9A79C_1_105_c.jpeg"
    ],
    "ultima_modificacion": "2025-08-01 01:01:01.791235"
  },
  "6512edf988bb46fb8c6059d9fef9ba681105c.jpeg": {
    "app_sintetizada": "6512EDF988BB46FB8C6059D9FEF9BA681105C.JPEG",
    "cantidad_archivos": 1,
    "archivos_fuente": [
      "Pictures/Fototeca de Fotos.photoslibrary/resources/derivatives/6/6512EDF9-88BB-46FB-8C60-59D9FEF9BA68_1_105_c.jpeg"
    ],
    "ultima_modificacion": "2025-08-01 01:01:01.791503"
  },
  "63e0c1507a2a4317971154e2c4ee1a801105c.jpeg": {
    "app_sintetizada": "63E0C1507A2A4317971154E2C4EE1A801105C.JPEG",
    "cantidad_archivos": 1,
    "archivos_fuente": [
      "Pictures/Fototeca de Fotos.photoslibrary/resources/derivatives/6/63E0C150-7A2A-4317-9711-54E2C4EE1A80_1_105_c.jpeg"
    ],
    "ultima_modificacion": "2025-08-01 01:01:01.791799"
  },
  "6ede272b3e374eb4b0a81e47e36dc5821105c.jpeg": {
    "app_sintetizada": "6EDE272B3E374EB4B0A81E47E36DC5821105C.JPEG",
    "cantidad_archivos": 1,
    "archivos_fuente": [
      "Pictures/Fototeca de Fotos.photoslibrary/resources/derivatives/6/6EDE272B-3E37-4EB4-B0A8-1E47E36DC582_1_105_c.jpeg"
    ],
    "ultima_modificacion": "2025-08-01 01:01:01.792083"
  },
  "6f9f9e5c59ea4607b39ae4937d287dbc1105c.jpeg": {
    "app_sintetizada": "6F9F9E5C59EA4607B39AE4937D287DBC1105C.JPEG",
    "cantidad_archivos": 1,
    "archivos_fuente": [
      "Pictures/Fototeca de Fotos.photoslibrary/resources/derivatives/6/6F9F9E5C-59EA-4607-B39A-E4937D287DBC_1_105_c.jpeg"
    ],
    "ultima_modificacion": "2025-08-01 01:01:01.792378"
  },
  "6ae87de7e20145bf8518d560670c07691105c.jpeg": {
    "app_sintetizada": "6AE87DE7E20145BF8518D560670C07691105C.JPEG",
    "cantidad_archivos": 1,
    "archivos_fuente": [
      "Pictures/Fototeca de Fotos.photoslibrary/resources/derivatives/6/6AE87DE7-E201-45BF-8518-D560670C0769_1_105_c.jpeg"
    ],
    "ultima_modificacion": "2025-08-01 01:01:01.792681"
  },
  "609e38fd061446708c7f82232c2882071105c.jpeg": {
    "app_sintetizada": "609E38FD061446708C7F82232C2882071105C.JPEG",
    "cantidad_archivos": 1,
    "archivos_fuente": [
      "Pictures/Fototeca de Fotos.photoslibrary/resources/derivatives/6/609E38FD-0614-4670-8C7F-82232C288207_1_105_c.jpeg"
    ],
    "ultima_modificacion": "2025-08-01 01:01:01.793006"
  },
  "66a08851e6904d31b4c84d84ab252ec41105c.jpeg": {
    "app_sintetizada": "66A08851E6904D31B4C84D84AB252EC41105C.JPEG",
    "cantidad_archivos": 1,
    "archivos_fuente": [
      "Pictures/Fototeca de Fotos.photoslibrary/resources/derivatives/6/66A08851-E690-4D31-B4C8-4D84AB252EC4_1_105_c.jpeg"
    ],
    "ultima_modificacion": "2025-08-01 01:01:01.793321"
  },
  "637b33955f064802bedfafa4c16bd56a1105c.jpeg": {
    "app_sintetizada": "637B33955F064802BEDFAFA4C16BD56A1105C.JPEG",
    "cantidad_archivos": 1,
    "archivos_fuente": [
      "Pictures/Fototeca de Fotos.photoslibrary/resources/derivatives/6/637B3395-5F06-4802-BEDF-AFA4C16BD56A_1_105_c.jpeg"
    ],
    "ultima_modificacion": "2025-08-01 01:01:01.793624"
  },
  "6d6d85a2f427427ab06afea533ed49bf1105c.jpeg": {
    "app_sintetizada": "6D6D85A2F427427AB06AFEA533ED49BF1105C.JPEG",
    "cantidad_archivos": 1,
    "archivos_fuente": [
      "Pictures/Fototeca de Fotos.photoslibrary/resources/derivatives/6/6D6D85A2-F427-427A-B06A-FEA533ED49BF_1_105_c.jpeg"
    ],
    "ultima_modificacion": "2025-08-01 01:01:01.793923"
  },
  "659a72e7c133480fbe4f1e8844321aff1105c.jpeg": {
    "app_sintetizada": "659A72E7C133480FBE4F1E8844321AFF1105C.JPEG",
    "cantidad_archivos": 1,
    "archivos_fuente": [
      "Pictures/Fototeca de Fotos.photoslibrary/resources/derivatives/6/659A72E7-C133-480F-BE4F-1E8844321AFF_1_105_c.jpeg"
    ],
    "ultima_modificacion": "2025-08-01 01:01:01.794211"
  },
  "69f463cabad8486b8c7209672fa1db191105c.jpeg": {
    "app_sintetizada": "69F463CABAD8486B8C7209672FA1DB191105C.JPEG",
    "cantidad_archivos": 1,
    "archivos_fuente": [
      "Pictures/Fototeca de Fotos.photoslibrary/resources/derivatives/6/69F463CA-BAD8-486B-8C72-09672FA1DB19_1_105_c.jpeg"
    ],
    "ultima_modificacion": "2025-08-01 01:01:01.794520"
  },
  "6084751fe43a43aca1e33cd0341734ed1105c.jpeg": {
    "app_sintetizada": "6084751FE43A43ACA1E33CD0341734ED1105C.JPEG",
    "cantidad_archivos": 1,
    "archivos_fuente": [
      "Pictures/Fototeca de Fotos.photoslibrary/resources/derivatives/6/6084751F-E43A-43AC-A1E3-3CD0341734ED_1_105_c.jpeg"
    ],
    "ultima_modificacion": "2025-08-01 01:01:01.794804"
  },
  "608544625015445d923dc0d9b73649af1105c.jpeg": {
    "app_sintetizada": "608544625015445D923DC0D9B73649AF1105C.JPEG",
    "cantidad_archivos": 1,
    "archivos_fuente": [
      "Pictures/Fototeca de Fotos.photoslibrary/resources/derivatives/6/60854462-5015-445D-923D-C0D9B73649AF_1_105_c.jpeg"
    ],
    "ultima_modificacion": "2025-08-01 01:01:01.795065"
  },
  "6aca72b4619048e6b0eceadb278dc42c1105c.jpeg": {
    "app_sintetizada": "6ACA72B4619048E6B0ECEADB278DC42C1105C.JPEG",
    "cantidad_archivos": 1,
    "archivos_fuente": [
      "Pictures/Fototeca de Fotos.photoslibrary/resources/derivatives/6/6ACA72B4-6190-48E6-B0EC-EADB278DC42C_1_105_c.jpeg"
    ],
    "ultima_modificacion": "2025-08-01 01:01:01.795339"
  },
  "6c75259f1c924e748d44b32f05fe6a751105c.jpeg": {
    "app_sintetizada": "6C75259F1C924E748D44B32F05FE6A751105C.JPEG",
    "cantidad_archivos": 1,
    "archivos_fuente": [
      "Pictures/Fototeca de Fotos.photoslibrary/resources/derivatives/6/6C75259F-1C92-4E74-8D44-B32F05FE6A75_1_105_c.jpeg"
    ],
    "ultima_modificacion": "2025-08-01 01:01:01.795633"
  },
  "68b9f97d0c024936a7200a82efd634701105c.jpeg": {
    "app_sintetizada": "68B9F97D0C024936A7200A82EFD634701105C.JPEG",
    "cantidad_archivos": 1,
    "archivos_fuente": [
      "Pictures/Fototeca de Fotos.photoslibrary/resources/derivatives/6/68B9F97D-0C02-4936-A720-0A82EFD63470_1_105_c.jpeg"
    ],
    "ultima_modificacion": "2025-08-01 01:01:01.795939"
  },
  "690f2f79739f4dc5b990e638a5cb76eb1105c.jpeg": {
    "app_sintetizada": "690F2F79739F4DC5B990E638A5CB76EB1105C.JPEG",
    "cantidad_archivos": 1,
    "archivos_fuente": [
      "Pictures/Fototeca de Fotos.photoslibrary/resources/derivatives/6/690F2F79-739F-4DC5-B990-E638A5CB76EB_1_105_c.jpeg"
    ],
    "ultima_modificacion": "2025-08-01 01:01:01.796226"
  },
  "66f4c4d4f2594547bdd89cf00e082aca.thm": {
    "app_sintetizada": "66F4C4D4F2594547BDD89CF00E082ACA.THM",
    "cantidad_archivos": 1,
    "archivos_fuente": [
      "Pictures/Fototeca de Fotos.photoslibrary/resources/derivatives/6/66F4C4D4-F259-4547-BDD8-9CF00E082ACA.THM"
    ],
    "ultima_modificacion": "2025-08-01 01:01:01.796511"
  },
  "6ef33292d9ad481c9c4fb5f078c420111105c.jpeg": {
    "app_sintetizada": "6EF33292D9AD481C9C4FB5F078C420111105C.JPEG",
    "cantidad_archivos": 1,
    "archivos_fuente": [
      "Pictures/Fototeca de Fotos.photoslibrary/resources/derivatives/6/6EF33292-D9AD-481C-9C4F-B5F078C42011_1_105_c.jpeg"
    ],
    "ultima_modificacion": "2025-08-01 01:01:01.796776"
  },
  "62eb8eb07f864cfdb57782929c4ed6ec1105c.jpeg": {
    "app_sintetizada": "62EB8EB07F864CFDB57782929C4ED6EC1105C.JPEG",
    "cantidad_archivos": 1,
    "archivos_fuente": [
      "Pictures/Fototeca de Fotos.photoslibrary/resources/derivatives/6/62EB8EB0-7F86-4CFD-B577-82929C4ED6EC_1_105_c.jpeg"
    ],
    "ultima_modificacion": "2025-08-01 01:01:01.797023"
  },
  "62a8355ed1244601a8cd60c039766f851105c.jpeg": {
    "app_sintetizada": "62A8355ED1244601A8CD60C039766F851105C.JPEG",
    "cantidad_archivos": 1,
    "archivos_fuente": [
      "Pictures/Fototeca de Fotos.photoslibrary/resources/derivatives/6/62A8355E-D124-4601-A8CD-60C039766F85_1_105_c.jpeg"
    ],
    "ultima_modificacion": "2025-08-01 01:01:01.797322"
  },
  "6164f16ff61547b79d4e1516082eef331105c.jpeg": {
    "app_sintetizada": "6164F16FF61547B79D4E1516082EEF331105C.JPEG",
    "cantidad_archivos": 1,
    "archivos_fuente": [
      "Pictures/Fototeca de Fotos.photoslibrary/resources/derivatives/6/6164F16F-F615-47B7-9D4E-1516082EEF33_1_105_c.jpeg"
    ],
    "ultima_modificacion": "2025-08-01 01:01:01.797610"
  },
  "6dd1c31aaaa8458ab67d675fe6d626811105c.jpeg": {
    "app_sintetizada": "6DD1C31AAAA8458AB67D675FE6D626811105C.JPEG",
    "cantidad_archivos": 1,
    "archivos_fuente": [
      "Pictures/Fototeca de Fotos.photoslibrary/resources/derivatives/6/6DD1C31A-AAA8-458A-B67D-675FE6D62681_1_105_c.jpeg"
    ],
    "ultima_modificacion": "2025-08-01 01:01:01.797903"
  },
  "6f62b2ac87234f138276fe897f4c891f1105c.jpeg": {
    "app_sintetizada": "6F62B2AC87234F138276FE897F4C891F1105C.JPEG",
    "cantidad_archivos": 1,
    "archivos_fuente": [
      "Pictures/Fototeca de Fotos.photoslibrary/resources/derivatives/6/6F62B2AC-8723-4F13-8276-FE897F4C891F_1_105_c.jpeg"
    ],
    "ultima_modificacion": "2025-08-01 01:01:01.798245"
  },
  "6ff7512d91db47e688557372d6da1021.thm": {
    "app_sintetizada": "6FF7512D91DB47E688557372D6DA1021.THM",
    "cantidad_archivos": 1,
    "archivos_fuente": [
      "Pictures/Fototeca de Fotos.photoslibrary/resources/derivatives/6/6FF7512D-91DB-47E6-8855-7372D6DA1021.THM"
    ],
    "ultima_modificacion": "2025-08-01 01:01:01.798527"
  },
  "699e3768bbd04819902d53e9a5a53bdd1105c.jpeg": {
    "app_sintetizada": "699E3768BBD04819902D53E9A5A53BDD1105C.JPEG",
    "cantidad_archivos": 1,
    "archivos_fuente": [
      "Pictures/Fototeca de Fotos.photoslibrary/resources/derivatives/6/699E3768-BBD0-4819-902D-53E9A5A53BDD_1_105_c.jpeg"
    ],
    "ultima_modificacion": "2025-08-01 01:01:01.798801"
  },
  "615888c2627c496c872b549c60174070.thm": {
    "app_sintetizada": "615888C2627C496C872B549C60174070.THM",
    "cantidad_archivos": 1,
    "archivos_fuente": [
      "Pictures/Fototeca de Fotos.photoslibrary/resources/derivatives/6/615888C2-627C-496C-872B-549C60174070.THM"
    ],
    "ultima_modificacion": "2025-08-01 01:01:01.799110"
  },
  "6420b3bee2234075a2a09627d549d1651105c.jpeg": {
    "app_sintetizada": "6420B3BEE2234075A2A09627D549D1651105C.JPEG",
    "cantidad_archivos": 1,
    "archivos_fuente": [
      "Pictures/Fototeca de Fotos.photoslibrary/resources/derivatives/6/6420B3BE-E223-4075-A2A0-9627D549D165_1_105_c.jpeg"
    ],
    "ultima_modificacion": "2025-08-01 01:01:01.799415"
  },
  "6277540c7537438a97eb3f247b0dd2241105c.jpeg": {
    "app_sintetizada": "6277540C7537438A97EB3F247B0DD2241105C.JPEG",
    "cantidad_archivos": 1,
    "archivos_fuente": [
      "Pictures/Fototeca de Fotos.photoslibrary/resources/derivatives/6/6277540C-7537-438A-97EB-3F247B0DD224_1_105_c.jpeg"
    ],
    "ultima_modificacion": "2025-08-01 01:01:01.799704"
  },
  "671b91a7f3c945eeb0f850a2ee329db31105c.jpeg": {
    "app_sintetizada": "671B91A7F3C945EEB0F850A2EE329DB31105C.JPEG",
    "cantidad_archivos": 1,
    "archivos_fuente": [
      "Pictures/Fototeca de Fotos.photoslibrary/resources/derivatives/6/671B91A7-F3C9-45EE-B0F8-50A2EE329DB3_1_105_c.jpeg"
    ],
    "ultima_modificacion": "2025-08-01 01:01:01.800010"
  },
  "6d3a81618b7e4f9aa6f3bcf9a61478f21105c.jpeg": {
    "app_sintetizada": "6D3A81618B7E4F9AA6F3BCF9A61478F21105C.JPEG",
    "cantidad_archivos": 1,
    "archivos_fuente": [
      "Pictures/Fototeca de Fotos.photoslibrary/resources/derivatives/6/6D3A8161-8B7E-4F9A-A6F3-BCF9A61478F2_1_105_c.jpeg"
    ],
    "ultima_modificacion": "2025-08-01 01:01:01.800302"
  },
  "68f6a0f972d3446f869ae386718c08601105c.jpeg": {
    "app_sintetizada": "68F6A0F972D3446F869AE386718C08601105C.JPEG",
    "cantidad_archivos": 1,
    "archivos_fuente": [
      "Pictures/Fototeca de Fotos.photoslibrary/resources/derivatives/6/68F6A0F9-72D3-446F-869A-E386718C0860_1_105_c.jpeg"
    ],
    "ultima_modificacion": "2025-08-01 01:01:01.800595"
  },
  "6999aa9a5805429fb8ab7b36ffd4242f1105c.jpeg": {
    "app_sintetizada": "6999AA9A5805429FB8AB7B36FFD4242F1105C.JPEG",
    "cantidad_archivos": 1,
    "archivos_fuente": [
      "Pictures/Fototeca de Fotos.photoslibrary/resources/derivatives/6/6999AA9A-5805-429F-B8AB-7B36FFD4242F_1_105_c.jpeg"
    ],
    "ultima_modificacion": "2025-08-01 01:01:01.800888"
  },
  "60c066d1609d40beb6e9d6bc2e3e965a1105c.jpeg": {
    "app_sintetizada": "60C066D1609D40BEB6E9D6BC2E3E965A1105C.JPEG",
    "cantidad_archivos": 1,
    "archivos_fuente": [
      "Pictures/Fototeca de Fotos.photoslibrary/resources/derivatives/6/60C066D1-609D-40BE-B6E9-D6BC2E3E965A_1_105_c.jpeg"
    ],
    "ultima_modificacion": "2025-08-01 01:01:01.801185"
  },
  "657c508d707e471abd483f1805b6864d1105c.jpeg": {
    "app_sintetizada": "657C508D707E471ABD483F1805B6864D1105C.JPEG",
    "cantidad_archivos": 1,
    "archivos_fuente": [
      "Pictures/Fototeca de Fotos.photoslibrary/resources/derivatives/6/657C508D-707E-471A-BD48-3F1805B6864D_1_105_c.jpeg"
    ],
    "ultima_modificacion": "2025-08-01 01:01:01.801479"
  },
  "6546519ef2ef44dfbba072d859455b901105c.jpeg": {
    "app_sintetizada": "6546519EF2EF44DFBBA072D859455B901105C.JPEG",
    "cantidad_archivos": 1,
    "archivos_fuente": [
      "Pictures/Fototeca de Fotos.photoslibrary/resources/derivatives/6/6546519E-F2EF-44DF-BBA0-72D859455B90_1_105_c.jpeg"
    ],
    "ultima_modificacion": "2025-08-01 01:01:01.801771"
  },
  "697719ce501c4eb9be9d67178f79a2981105c.jpeg": {
    "app_sintetizada": "697719CE501C4EB9BE9D67178F79A2981105C.JPEG",
    "cantidad_archivos": 1,
    "archivos_fuente": [
      "Pictures/Fototeca de Fotos.photoslibrary/resources/derivatives/6/697719CE-501C-4EB9-BE9D-67178F79A298_1_105_c.jpeg"
    ],
    "ultima_modificacion": "2025-08-01 01:01:01.802053"
  },
  "6054c54b4d5447d1b41d45bbd9cbe7b81105c.jpeg": {
    "app_sintetizada": "6054C54B4D5447D1B41D45BBD9CBE7B81105C.JPEG",
    "cantidad_archivos": 1,
    "archivos_fuente": [
      "Pictures/Fototeca de Fotos.photoslibrary/resources/derivatives/6/6054C54B-4D54-47D1-B41D-45BBD9CBE7B8_1_105_c.jpeg"
    ],
    "ultima_modificacion": "2025-08-01 01:01:01.802335"
  },
  "6d5babe66fb446b6b0a5b1615f82da481105c.jpeg": {
    "app_sintetizada": "6D5BABE66FB446B6B0A5B1615F82DA481105C.JPEG",
    "cantidad_archivos": 1,
    "archivos_fuente": [
      "Pictures/Fototeca de Fotos.photoslibrary/resources/derivatives/6/6D5BABE6-6FB4-46B6-B0A5-B1615F82DA48_1_105_c.jpeg"
    ],
    "ultima_modificacion": "2025-08-01 01:01:01.802626"
  },
  "627d1c4656f2425e90f0123d8dd3e4621105c.jpeg": {
    "app_sintetizada": "627D1C4656F2425E90F0123D8DD3E4621105C.JPEG",
    "cantidad_archivos": 1,
    "archivos_fuente": [
      "Pictures/Fototeca de Fotos.photoslibrary/resources/derivatives/6/627D1C46-56F2-425E-90F0-123D8DD3E462_1_105_c.jpeg"
    ],
    "ultima_modificacion": "2025-08-01 01:01:01.802913"
  },
  "60c070d4a1f2475fa0208bc06ecce6a71105c.jpeg": {
    "app_sintetizada": "60C070D4A1F2475FA0208BC06ECCE6A71105C.JPEG",
    "cantidad_archivos": 1,
    "archivos_fuente": [
      "Pictures/Fototeca de Fotos.photoslibrary/resources/derivatives/6/60C070D4-A1F2-475F-A020-8BC06ECCE6A7_1_105_c.jpeg"
    ],
    "ultima_modificacion": "2025-08-01 01:01:01.803189"
  },
  "60c2cfb374f04f65a835136550ceb9bb1105c.jpeg": {
    "app_sintetizada": "60C2CFB374F04F65A835136550CEB9BB1105C.JPEG",
    "cantidad_archivos": 1,
    "archivos_fuente": [
      "Pictures/Fototeca de Fotos.photoslibrary/resources/derivatives/6/60C2CFB3-74F0-4F65-A835-136550CEB9BB_1_105_c.jpeg"
    ],
    "ultima_modificacion": "2025-08-01 01:01:01.803486"
  },
  "624854cc6976481ea4af5c4a5e8d3fb31105c.jpeg": {
    "app_sintetizada": "624854CC6976481EA4AF5C4A5E8D3FB31105C.JPEG",
    "cantidad_archivos": 1,
    "archivos_fuente": [
      "Pictures/Fototeca de Fotos.photoslibrary/resources/derivatives/6/624854CC-6976-481E-A4AF-5C4A5E8D3FB3_1_105_c.jpeg"
    ],
    "ultima_modificacion": "2025-08-01 01:01:01.803780"
  },
  "68e861cc1e1a4302a0e48df6b05000c01105c.jpeg": {
    "app_sintetizada": "68E861CC1E1A4302A0E48DF6B05000C01105C.JPEG",
    "cantidad_archivos": 1,
    "archivos_fuente": [
      "Pictures/Fototeca de Fotos.photoslibrary/resources/derivatives/6/68E861CC-1E1A-4302-A0E4-8DF6B05000C0_1_105_c.jpeg"
    ],
    "ultima_modificacion": "2025-08-01 01:01:01.804088"
  },
  "60f69eefa8fe4efcbc3d71fa12dec6e21105c.jpeg": {
    "app_sintetizada": "60F69EEFA8FE4EFCBC3D71FA12DEC6E21105C.JPEG",
    "cantidad_archivos": 1,
    "archivos_fuente": [
      "Pictures/Fototeca de Fotos.photoslibrary/resources/derivatives/6/60F69EEF-A8FE-4EFC-BC3D-71FA12DEC6E2_1_105_c.jpeg"
    ],
    "ultima_modificacion": "2025-08-01 01:01:01.804399"
  },
  "646bb037e4bd4ffabee4ccdb050e236d1105c.jpeg": {
    "app_sintetizada": "646BB037E4BD4FFABEE4CCDB050E236D1105C.JPEG",
    "cantidad_archivos": 1,
    "archivos_fuente": [
      "Pictures/Fototeca de Fotos.photoslibrary/resources/derivatives/6/646BB037-E4BD-4FFA-BEE4-CCDB050E236D_1_105_c.jpeg"
    ],
    "ultima_modificacion": "2025-08-01 01:01:01.804671"
  },
  "62d54f3584fc435eb62b82cee1a73d951105c.jpeg": {
    "app_sintetizada": "62D54F3584FC435EB62B82CEE1A73D951105C.JPEG",
    "cantidad_archivos": 1,
    "archivos_fuente": [
      "Pictures/Fototeca de Fotos.photoslibrary/resources/derivatives/6/62D54F35-84FC-435E-B62B-82CEE1A73D95_1_105_c.jpeg"
    ],
    "ultima_modificacion": "2025-08-01 01:01:01.804939"
  },
  "62ad6881b2ed4023b99176dfbabd113c1105c.jpeg": {
    "app_sintetizada": "62AD6881B2ED4023B99176DFBABD113C1105C.JPEG",
    "cantidad_archivos": 1,
    "archivos_fuente": [
      "Pictures/Fototeca de Fotos.photoslibrary/resources/derivatives/6/62AD6881-B2ED-4023-B991-76DFBABD113C_1_105_c.jpeg"
    ],
    "ultima_modificacion": "2025-08-01 01:01:01.805350"
  },
  "654c1c13dd1241f78d2175d242e574cf1105c.jpeg": {
    "app_sintetizada": "654C1C13DD1241F78D2175D242E574CF1105C.JPEG",
    "cantidad_archivos": 1,
    "archivos_fuente": [
      "Pictures/Fototeca de Fotos.photoslibrary/resources/derivatives/6/654C1C13-DD12-41F7-8D21-75D242E574CF_1_105_c.jpeg"
    ],
    "ultima_modificacion": "2025-08-01 01:01:01.805676"
  },
  "6791654ba94a40938b6e3566a37969fa.thm": {
    "app_sintetizada": "6791654BA94A40938B6E3566A37969FA.THM",
    "cantidad_archivos": 1,
    "archivos_fuente": [
      "Pictures/Fototeca de Fotos.photoslibrary/resources/derivatives/6/6791654B-A94A-4093-8B6E-3566A37969FA.THM"
    ],
    "ultima_modificacion": "2025-08-01 01:01:01.805958"
  },
  "6e0a007ba00f4414b09463a9f6c76aa51105c.jpeg": {
    "app_sintetizada": "6E0A007BA00F4414B09463A9F6C76AA51105C.JPEG",
    "cantidad_archivos": 1,
    "archivos_fuente": [
      "Pictures/Fototeca de Fotos.photoslibrary/resources/derivatives/6/6E0A007B-A00F-4414-B094-63A9F6C76AA5_1_105_c.jpeg"
    ],
    "ultima_modificacion": "2025-08-01 01:01:01.806265"
  },
  "61a10d244c1e4357bbbbdc8ba816f59c1105c.jpeg": {
    "app_sintetizada": "61A10D244C1E4357BBBBDC8BA816F59C1105C.JPEG",
    "cantidad_archivos": 1,
    "archivos_fuente": [
      "Pictures/Fototeca de Fotos.photoslibrary/resources/derivatives/6/61A10D24-4C1E-4357-BBBB-DC8BA816F59C_1_105_c.jpeg"
    ],
    "ultima_modificacion": "2025-08-01 01:01:01.806565"
  },
  "65167130af4d43f9b51b4c22b30097f71105c.jpeg": {
    "app_sintetizada": "65167130AF4D43F9B51B4C22B30097F71105C.JPEG",
    "cantidad_archivos": 1,
    "archivos_fuente": [
      "Pictures/Fototeca de Fotos.photoslibrary/resources/derivatives/6/65167130-AF4D-43F9-B51B-4C22B30097F7_1_105_c.jpeg"
    ],
    "ultima_modificacion": "2025-08-01 01:01:01.806873"
  },
  "69d037e0e2794c50b8a50eccc88098e41105c.jpeg": {
    "app_sintetizada": "69D037E0E2794C50B8A50ECCC88098E41105C.JPEG",
    "cantidad_archivos": 1,
    "archivos_fuente": [
      "Pictures/Fototeca de Fotos.photoslibrary/resources/derivatives/6/69D037E0-E279-4C50-B8A5-0ECCC88098E4_1_105_c.jpeg"
    ],
    "ultima_modificacion": "2025-08-01 01:01:01.807152"
  },
  "60508cfd46284bfc84e14583d61e68d81105c.jpeg": {
    "app_sintetizada": "60508CFD46284BFC84E14583D61E68D81105C.JPEG",
    "cantidad_archivos": 1,
    "archivos_fuente": [
      "Pictures/Fototeca de Fotos.photoslibrary/resources/derivatives/6/60508CFD-4628-4BFC-84E1-4583D61E68D8_1_105_c.jpeg"
    ],
    "ultima_modificacion": "2025-08-01 01:01:01.807462"
  },
  "6015c9534e374972be84d0e461b283541105c.jpeg": {
    "app_sintetizada": "6015C9534E374972BE84D0E461B283541105C.JPEG",
    "cantidad_archivos": 1,
    "archivos_fuente": [
      "Pictures/Fototeca de Fotos.photoslibrary/resources/derivatives/6/6015C953-4E37-4972-BE84-D0E461B28354_1_105_c.jpeg"
    ],
    "ultima_modificacion": "2025-08-01 01:01:01.807742"
  },
  "6cb8df13a21549278d77d8e1c70a56b41105c.jpeg": {
    "app_sintetizada": "6CB8DF13A21549278D77D8E1C70A56B41105C.JPEG",
    "cantidad_archivos": 1,
    "archivos_fuente": [
      "Pictures/Fototeca de Fotos.photoslibrary/resources/derivatives/6/6CB8DF13-A215-4927-8D77-D8E1C70A56B4_1_105_c.jpeg"
    ],
    "ultima_modificacion": "2025-08-01 01:01:01.808038"
  },
  "6a18aa45e7834fdb8116536b032ea0291105c.jpeg": {
    "app_sintetizada": "6A18AA45E7834FDB8116536B032EA0291105C.JPEG",
    "cantidad_archivos": 1,
    "archivos_fuente": [
      "Pictures/Fototeca de Fotos.photoslibrary/resources/derivatives/6/6A18AA45-E783-4FDB-8116-536B032EA029_1_105_c.jpeg"
    ],
    "ultima_modificacion": "2025-08-01 01:01:01.808346"
  },
  "6c912cecb72d41588b148eec3fba7ce81105c.jpeg": {
    "app_sintetizada": "6C912CECB72D41588B148EEC3FBA7CE81105C.JPEG",
    "cantidad_archivos": 1,
    "archivos_fuente": [
      "Pictures/Fototeca de Fotos.photoslibrary/resources/derivatives/6/6C912CEC-B72D-4158-8B14-8EEC3FBA7CE8_1_105_c.jpeg"
    ],
    "ultima_modificacion": "2025-08-01 01:01:01.808645"
  },
  "690693d106a24bad9a82675a4c198725.thm": {
    "app_sintetizada": "690693D106A24BAD9A82675A4C198725.THM",
    "cantidad_archivos": 1,
    "archivos_fuente": [
      "Pictures/Fototeca de Fotos.photoslibrary/resources/derivatives/6/690693D1-06A2-4BAD-9A82-675A4C198725.THM"
    ],
    "ultima_modificacion": "2025-08-01 01:01:01.808981"
  },
  "6dd174debe3240a59266ead5705f2f4b1105c.jpeg": {
    "app_sintetizada": "6DD174DEBE3240A59266EAD5705F2F4B1105C.JPEG",
    "cantidad_archivos": 1,
    "archivos_fuente": [
      "Pictures/Fototeca de Fotos.photoslibrary/resources/derivatives/6/6DD174DE-BE32-40A5-9266-EAD5705F2F4B_1_105_c.jpeg"
    ],
    "ultima_modificacion": "2025-08-01 01:01:01.809274"
  },
  "675a74e82ee34d9eb753fa050c8077c61105c.jpeg": {
    "app_sintetizada": "675A74E82EE34D9EB753FA050C8077C61105C.JPEG",
    "cantidad_archivos": 1,
    "archivos_fuente": [
      "Pictures/Fototeca de Fotos.photoslibrary/resources/derivatives/6/675A74E8-2EE3-4D9E-B753-FA050C8077C6_1_105_c.jpeg"
    ],
    "ultima_modificacion": "2025-08-01 01:01:01.809621"
  },
  "68133c908cc2442e9493591acf3dd8391100o.jpeg": {
    "app_sintetizada": "68133C908CC2442E9493591ACF3DD8391100O.JPEG",
    "cantidad_archivos": 1,
    "archivos_fuente": [
      "Pictures/Fototeca de Fotos.photoslibrary/resources/derivatives/6/68133C90-8CC2-442E-9493-591ACF3DD839_1_100_o.jpeg"
    ],
    "ultima_modificacion": "2025-08-01 01:01:01.809980"
  },
  "6188c374a7c24938adf5ead19160aac6.thm": {
    "app_sintetizada": "6188C374A7C24938ADF5EAD19160AAC6.THM",
    "cantidad_archivos": 1,
    "archivos_fuente": [
      "Pictures/Fototeca de Fotos.photoslibrary/resources/derivatives/6/6188C374-A7C2-4938-ADF5-EAD19160AAC6.THM"
    ],
    "ultima_modificacion": "2025-08-01 01:01:01.810302"
  },
  "6c576a8104114ec98d5153d78b8e77531105c.jpeg": {
    "app_sintetizada": "6C576A8104114EC98D5153D78B8E77531105C.JPEG",
    "cantidad_archivos": 1,
    "archivos_fuente": [
      "Pictures/Fototeca de Fotos.photoslibrary/resources/derivatives/6/6C576A81-0411-4EC9-8D51-53D78B8E7753_1_105_c.jpeg"
    ],
    "ultima_modificacion": "2025-08-01 01:01:01.810601"
  },
  "6a48e5310f4b4c7da3ac90c2a14a4ba2.thm": {
    "app_sintetizada": "6A48E5310F4B4C7DA3AC90C2A14A4BA2.THM",
    "cantidad_archivos": 1,
    "archivos_fuente": [
      "Pictures/Fototeca de Fotos.photoslibrary/resources/derivatives/6/6A48E531-0F4B-4C7D-A3AC-90C2A14A4BA2.THM"
    ],
    "ultima_modificacion": "2025-08-01 01:01:01.810976"
  },
  "687162faf42c4ed0ac4dc4e9603d251c1105c.jpeg": {
    "app_sintetizada": "687162FAF42C4ED0AC4DC4E9603D251C1105C.JPEG",
    "cantidad_archivos": 1,
    "archivos_fuente": [
      "Pictures/Fototeca de Fotos.photoslibrary/resources/derivatives/6/687162FA-F42C-4ED0-AC4D-C4E9603D251C_1_105_c.jpeg"
    ],
    "ultima_modificacion": "2025-08-01 01:01:01.811249"
  },
  "6f8ed4628fab4b138655ee2fe38e94b81105c.jpeg": {
    "app_sintetizada": "6F8ED4628FAB4B138655EE2FE38E94B81105C.JPEG",
    "cantidad_archivos": 1,
    "archivos_fuente": [
      "Pictures/Fototeca de Fotos.photoslibrary/resources/derivatives/6/6F8ED462-8FAB-4B13-8655-EE2FE38E94B8_1_105_c.jpeg"
    ],
    "ultima_modificacion": "2025-08-01 01:01:01.811520"
  },
  "67febd9725c548c686661aedf756692a1105c.jpeg": {
    "app_sintetizada": "67FEBD9725C548C686661AEDF756692A1105C.JPEG",
    "cantidad_archivos": 1,
    "archivos_fuente": [
      "Pictures/Fototeca de Fotos.photoslibrary/resources/derivatives/6/67FEBD97-25C5-48C6-8666-1AEDF756692A_1_105_c.jpeg"
    ],
    "ultima_modificacion": "2025-08-01 01:01:01.811779"
  },
  "687d869740c448e0a1e6e02b53bc33cb1105c.jpeg": {
    "app_sintetizada": "687D869740C448E0A1E6E02B53BC33CB1105C.JPEG",
    "cantidad_archivos": 1,
    "archivos_fuente": [
      "Pictures/Fototeca de Fotos.photoslibrary/resources/derivatives/6/687D8697-40C4-48E0-A1E6-E02B53BC33CB_1_105_c.jpeg"
    ],
    "ultima_modificacion": "2025-08-01 01:01:01.812047"
  },
  "60b99c4843e44370932b3d8866325df6.thm": {
    "app_sintetizada": "60B99C4843E44370932B3D8866325DF6.THM",
    "cantidad_archivos": 1,
    "archivos_fuente": [
      "Pictures/Fototeca de Fotos.photoslibrary/resources/derivatives/6/60B99C48-43E4-4370-932B-3D8866325DF6.THM"
    ],
    "ultima_modificacion": "2025-08-01 01:01:01.812348"
  },
  "6663ecbc4c734b98898dd294c5cb29311105c.jpeg": {
    "app_sintetizada": "6663ECBC4C734B98898DD294C5CB29311105C.JPEG",
    "cantidad_archivos": 1,
    "archivos_fuente": [
      "Pictures/Fototeca de Fotos.photoslibrary/resources/derivatives/6/6663ECBC-4C73-4B98-898D-D294C5CB2931_1_105_c.jpeg"
    ],
    "ultima_modificacion": "2025-08-01 01:01:01.812601"
  },
  "63cfa23d83bc418897fa8cbe075b9838.thm": {
    "app_sintetizada": "63CFA23D83BC418897FA8CBE075B9838.THM",
    "cantidad_archivos": 1,
    "archivos_fuente": [
      "Pictures/Fototeca de Fotos.photoslibrary/resources/derivatives/6/63CFA23D-83BC-4188-97FA-8CBE075B9838.THM"
    ],
    "ultima_modificacion": "2025-08-01 01:01:01.812904"
  }
}