{
  "1b1358e85eb6406bb2fed6615f3ad8cc1105c.jpeg": {
    "app_sintetizada": "1B1358E85EB6406BB2FED6615F3AD8CC1105C.JPEG",
    "cantidad_archivos": 1,
    "archivos_fuente": [
      "Pictures/Fototeca de Fotos.photoslibrary/resources/derivatives/1/1B1358E8-5EB6-406B-B2FE-D6615F3AD8CC_1_105_c.jpeg"
    ],
    "ultima_modificacion": "2025-08-01 01:01:02.474494"
  },
  "1eabe151099d42f5ab6164ac865e5d271105c.jpeg": {
    "app_sintetizada": "1EABE151099D42F5AB6164AC865E5D271105C.JPEG",
    "cantidad_archivos": 1,
    "archivos_fuente": [
      "Pictures/Fototeca de Fotos.photoslibrary/resources/derivatives/1/1EABE151-099D-42F5-AB61-64AC865E5D27_1_105_c.jpeg"
    ],
    "ultima_modificacion": "2025-08-01 01:01:02.474742"
  },
  "1ea81162f06b4cdf90a09934e0a83f881105c.jpeg": {
    "app_sintetizada": "1EA81162F06B4CDF90A09934E0A83F881105C.JPEG",
    "cantidad_archivos": 1,
    "archivos_fuente": [
      "Pictures/Fototeca de Fotos.photoslibrary/resources/derivatives/1/1EA81162-F06B-4CDF-90A0-9934E0A83F88_1_105_c.jpeg"
    ],
    "ultima_modificacion": "2025-08-01 01:01:02.474984"
  },
  "1679e5f5a3c149028a7e0affc4fb44f41105c.jpeg": {
    "app_sintetizada": "1679E5F5A3C149028A7E0AFFC4FB44F41105C.JPEG",
    "cantidad_archivos": 1,
    "archivos_fuente": [
      "Pictures/Fototeca de Fotos.photoslibrary/resources/derivatives/1/1679E5F5-A3C1-4902-8A7E-0AFFC4FB44F4_1_105_c.jpeg"
    ],
    "ultima_modificacion": "2025-08-01 01:01:02.475226"
  },
  "18dd1d63492149a88debd10a6dd7a2c81105c.jpeg": {
    "app_sintetizada": "18DD1D63492149A88DEBD10A6DD7A2C81105C.JPEG",
    "cantidad_archivos": 1,
    "archivos_fuente": [
      "Pictures/Fototeca de Fotos.photoslibrary/resources/derivatives/1/18DD1D63-4921-49A8-8DEB-D10A6DD7A2C8_1_105_c.jpeg"
    ],
    "ultima_modificacion": "2025-08-01 01:01:02.475497"
  },
  "1b81c04ed80d4efbbb14c745a235720a1105c.jpeg": {
    "app_sintetizada": "1B81C04ED80D4EFBBB14C745A235720A1105C.JPEG",
    "cantidad_archivos": 1,
    "archivos_fuente": [
      "Pictures/Fototeca de Fotos.photoslibrary/resources/derivatives/1/1B81C04E-D80D-4EFB-BB14-C745A235720A_1_105_c.jpeg"
    ],
    "ultima_modificacion": "2025-08-01 01:01:02.475714"
  },
  "1ab60fc19468415e8d76b3e490f9c6301105c.jpeg": {
    "app_sintetizada": "1AB60FC19468415E8D76B3E490F9C6301105C.JPEG",
    "cantidad_archivos": 1,
    "archivos_fuente": [
      "Pictures/Fototeca de Fotos.photoslibrary/resources/derivatives/1/1AB60FC1-9468-415E-8D76-B3E490F9C630_1_105_c.jpeg"
    ],
    "ultima_modificacion": "2025-08-01 01:01:02.475902"
  },
  "13d1173a1cb54eaf8b418918696daf8f1105c.jpeg": {
    "app_sintetizada": "13D1173A1CB54EAF8B418918696DAF8F1105C.JPEG",
    "cantidad_archivos": 1,
    "archivos_fuente": [
      "Pictures/Fototeca de Fotos.photoslibrary/resources/derivatives/1/13D1173A-1CB5-4EAF-8B41-8918696DAF8F_1_105_c.jpeg"
    ],
    "ultima_modificacion": "2025-08-01 01:01:02.476085"
  },
  "169e59e254aa46708603e5af9354c3711105c.jpeg": {
    "app_sintetizada": "169E59E254AA46708603E5AF9354C3711105C.JPEG",
    "cantidad_archivos": 1,
    "archivos_fuente": [
      "Pictures/Fototeca de Fotos.photoslibrary/resources/derivatives/1/169E59E2-54AA-4670-8603-E5AF9354C371_1_105_c.jpeg"
    ],
    "ultima_modificacion": "2025-08-01 01:01:02.476262"
  },
  "1b8b8b57a5b04b58a706589e95525fc01105c.jpeg": {
    "app_sintetizada": "1B8B8B57A5B04B58A706589E95525FC01105C.JPEG",
    "cantidad_archivos": 1,
    "archivos_fuente": [
      "Pictures/Fototeca de Fotos.photoslibrary/resources/derivatives/1/1B8B8B57-A5B0-4B58-A706-589E95525FC0_1_105_c.jpeg"
    ],
    "ultima_modificacion": "2025-08-01 01:01:02.476436"
  },
  "1a531272692c4feeb0887f4183fafbc51105c.jpeg": {
    "app_sintetizada": "1A531272692C4FEEB0887F4183FAFBC51105C.JPEG",
    "cantidad_archivos": 1,
    "archivos_fuente": [
      "Pictures/Fototeca de Fotos.photoslibrary/resources/derivatives/1/1A531272-692C-4FEE-B088-7F4183FAFBC5_1_105_c.jpeg"
    ],
    "ultima_modificacion": "2025-08-01 01:01:02.476615"
  },
  "10a3f0d4371a424eb9fa56aa264d1866.thm": {
    "app_sintetizada": "10A3F0D4371A424EB9FA56AA264D1866.THM",
    "cantidad_archivos": 1,
    "archivos_fuente": [
      "Pictures/Fototeca de Fotos.photoslibrary/resources/derivatives/1/10A3F0D4-371A-424E-B9FA-56AA264D1866.THM"
    ],
    "ultima_modificacion": "2025-08-01 01:01:02.476790"
  },
  "1a73c324de024d5e9dd40cc9f01461ba1105c.jpeg": {
    "app_sintetizada": "1A73C324DE024D5E9DD40CC9F01461BA1105C.JPEG",
    "cantidad_archivos": 1,
    "archivos_fuente": [
      "Pictures/Fototeca de Fotos.photoslibrary/resources/derivatives/1/1A73C324-DE02-4D5E-9DD4-0CC9F01461BA_1_105_c.jpeg"
    ],
    "ultima_modificacion": "2025-08-01 01:01:02.476966"
  },
  "1ba48c4971e94e559c64a4fd512e1b451105c.jpeg": {
    "app_sintetizada": "1BA48C4971E94E559C64A4FD512E1B451105C.JPEG",
    "cantidad_archivos": 1,
    "archivos_fuente": [
      "Pictures/Fototeca de Fotos.photoslibrary/resources/derivatives/1/1BA48C49-71E9-4E55-9C64-A4FD512E1B45_1_105_c.jpeg"
    ],
    "ultima_modificacion": "2025-08-01 01:01:02.477152"
  },
  "1f95640ba59842cf92d25cabc07612b31105c.jpeg": {
    "app_sintetizada": "1F95640BA59842CF92D25CABC07612B31105C.JPEG",
    "cantidad_archivos": 1,
    "archivos_fuente": [
      "Pictures/Fototeca de Fotos.photoslibrary/resources/derivatives/1/1F95640B-A598-42CF-92D2-5CABC07612B3_1_105_c.jpeg"
    ],
    "ultima_modificacion": "2025-08-01 01:01:02.477428"
  },
  "1c84459e5b36445685726f9ef7223d091105c.jpeg": {
    "app_sintetizada": "1C84459E5B36445685726F9EF7223D091105C.JPEG",
    "cantidad_archivos": 1,
    "archivos_fuente": [
      "Pictures/Fototeca de Fotos.photoslibrary/resources/derivatives/1/1C84459E-5B36-4456-8572-6F9EF7223D09_1_105_c.jpeg"
    ],
    "ultima_modificacion": "2025-08-01 01:01:02.477731"
  },
  "134c696e3f524ac9afb9a157bd549fa01105c.jpeg": {
    "app_sintetizada": "134C696E3F524AC9AFB9A157BD549FA01105C.JPEG",
    "cantidad_archivos": 1,
    "archivos_fuente": [
      "Pictures/Fototeca de Fotos.photoslibrary/resources/derivatives/1/134C696E-3F52-4AC9-AFB9-A157BD549FA0_1_105_c.jpeg"
    ],
    "ultima_modificacion": "2025-08-01 01:01:02.478005"
  },
  "114ff09bca794437a792667aff87de411105c.jpeg": {
    "app_sintetizada": "114FF09BCA794437A792667AFF87DE411105C.JPEG",
    "cantidad_archivos": 1,
    "archivos_fuente": [
      "Pictures/Fototeca de Fotos.photoslibrary/resources/derivatives/1/114FF09B-CA79-4437-A792-667AFF87DE41_1_105_c.jpeg"
    ],
    "ultima_modificacion": "2025-08-01 01:01:02.478299"
  },
  "1f51d0419a284ee798bfdeefd34a969c.thm": {
    "app_sintetizada": "1F51D0419A284EE798BFDEEFD34A969C.THM",
    "cantidad_archivos": 1,
    "archivos_fuente": [
      "Pictures/Fototeca de Fotos.photoslibrary/resources/derivatives/1/1F51D041-9A28-4EE7-98BF-DEEFD34A969C.THM"
    ],
    "ultima_modificacion": "2025-08-01 01:01:02.478553"
  },
  "16686f1cd1fc45349ad4eda5782271ca1100o.jpeg": {
    "app_sintetizada": "16686F1CD1FC45349AD4EDA5782271CA1100O.JPEG",
    "cantidad_archivos": 1,
    "archivos_fuente": [
      "Pictures/Fototeca de Fotos.photoslibrary/resources/derivatives/1/16686F1C-D1FC-4534-9AD4-EDA5782271CA_1_100_o.jpeg"
    ],
    "ultima_modificacion": "2025-08-01 01:01:02.478778"
  },
  "128582b82458434dac1364126970998b1105c.jpeg": {
    "app_sintetizada": "128582B82458434DAC1364126970998B1105C.JPEG",
    "cantidad_archivos": 1,
    "archivos_fuente": [
      "Pictures/Fototeca de Fotos.photoslibrary/resources/derivatives/1/128582B8-2458-434D-AC13-64126970998B_1_105_c.jpeg"
    ],
    "ultima_modificacion": "2025-08-01 01:01:02.478966"
  },
  "18008ed845364a13bbe3f8adebb17a161105c.jpeg": {
    "app_sintetizada": "18008ED845364A13BBE3F8ADEBB17A161105C.JPEG",
    "cantidad_archivos": 1,
    "archivos_fuente": [
      "Pictures/Fototeca de Fotos.photoslibrary/resources/derivatives/1/18008ED8-4536-4A13-BBE3-F8ADEBB17A16_1_105_c.jpeg"
    ],
    "ultima_modificacion": "2025-08-01 01:01:02.479158"
  },
  "1310065a083d460bb042808d401cc9b91105c.jpeg": {
    "app_sintetizada": "1310065A083D460BB042808D401CC9B91105C.JPEG",
    "cantidad_archivos": 1,
    "archivos_fuente": [
      "Pictures/Fototeca de Fotos.photoslibrary/resources/derivatives/1/1310065A-083D-460B-B042-808D401CC9B9_1_105_c.jpeg"
    ],
    "ultima_modificacion": "2025-08-01 01:01:02.479338"
  },
  "11e4c6fe57774262b7cc4424945d4fc51105c.jpeg": {
    "app_sintetizada": "11E4C6FE57774262B7CC4424945D4FC51105C.JPEG",
    "cantidad_archivos": 1,
    "archivos_fuente": [
      "Pictures/Fototeca de Fotos.photoslibrary/resources/derivatives/1/11E4C6FE-5777-4262-B7CC-4424945D4FC5_1_105_c.jpeg"
    ],
    "ultima_modificacion": "2025-08-01 01:01:02.479513"
  },
  "1f6130e9505d4fc08e781e8844ed893b1105c.jpeg": {
    "app_sintetizada": "1F6130E9505D4FC08E781E8844ED893B1105C.JPEG",
    "cantidad_archivos": 1,
    "archivos_fuente": [
      "Pictures/Fototeca de Fotos.photoslibrary/resources/derivatives/1/1F6130E9-505D-4FC0-8E78-1E8844ED893B_1_105_c.jpeg"
    ],
    "ultima_modificacion": "2025-08-01 01:01:02.479693"
  },
  "1e2b992ed4d64fa49918ccb53261dcd51105c.jpeg": {
    "app_sintetizada": "1E2B992ED4D64FA49918CCB53261DCD51105C.JPEG",
    "cantidad_archivos": 1,
    "archivos_fuente": [
      "Pictures/Fototeca de Fotos.photoslibrary/resources/derivatives/1/1E2B992E-D4D6-4FA4-9918-CCB53261DCD5_1_105_c.jpeg"
    ],
    "ultima_modificacion": "2025-08-01 01:01:02.479875"
  },
  "183131da2f8a4dd5b6d8539d50f081e51105c.jpeg": {
    "app_sintetizada": "183131DA2F8A4DD5B6D8539D50F081E51105C.JPEG",
    "cantidad_archivos": 1,
    "archivos_fuente": [
      "Pictures/Fototeca de Fotos.photoslibrary/resources/derivatives/1/183131DA-2F8A-4DD5-B6D8-539D50F081E5_1_105_c.jpeg"
    ],
    "ultima_modificacion": "2025-08-01 01:01:02.480051"
  },
  "12bdfc6d988b4adf85e93be9be19c7371105c.jpeg": {
    "app_sintetizada": "12BDFC6D988B4ADF85E93BE9BE19C7371105C.JPEG",
    "cantidad_archivos": 1,
    "archivos_fuente": [
      "Pictures/Fototeca de Fotos.photoslibrary/resources/derivatives/1/12BDFC6D-988B-4ADF-85E9-3BE9BE19C737_1_105_c.jpeg"
    ],
    "ultima_modificacion": "2025-08-01 01:01:02.480246"
  },
  "108016ac8098485a9cab9a07139378291105c.jpeg": {
    "app_sintetizada": "108016AC8098485A9CAB9A07139378291105C.JPEG",
    "cantidad_archivos": 1,
    "archivos_fuente": [
      "Pictures/Fototeca de Fotos.photoslibrary/resources/derivatives/1/108016AC-8098-485A-9CAB-9A0713937829_1_105_c.jpeg"
    ],
    "ultima_modificacion": "2025-08-01 01:01:02.480471"
  },
  "135f4718370e40fd9ab17ff705d7efda.thm": {
    "app_sintetizada": "135F4718370E40FD9AB17FF705D7EFDA.THM",
    "cantidad_archivos": 1,
    "archivos_fuente": [
      "Pictures/Fototeca de Fotos.photoslibrary/resources/derivatives/1/135F4718-370E-40FD-9AB1-7FF705D7EFDA.THM"
    ],
    "ultima_modificacion": "2025-08-01 01:01:02.480681"
  },
  "17cc283f943d4988b10c95d62b5e95af1105c.jpeg": {
    "app_sintetizada": "17CC283F943D4988B10C95D62B5E95AF1105C.JPEG",
    "cantidad_archivos": 1,
    "archivos_fuente": [
      "Pictures/Fototeca de Fotos.photoslibrary/resources/derivatives/1/17CC283F-943D-4988-B10C-95D62B5E95AF_1_105_c.jpeg"
    ],
    "ultima_modificacion": "2025-08-01 01:01:02.480875"
  },
  "149d4f93eb6d4c8bbf40a4e2cb4a06131105c.jpeg": {
    "app_sintetizada": "149D4F93EB6D4C8BBF40A4E2CB4A06131105C.JPEG",
    "cantidad_archivos": 1,
    "archivos_fuente": [
      "Pictures/Fototeca de Fotos.photoslibrary/resources/derivatives/1/149D4F93-EB6D-4C8B-BF40-A4E2CB4A0613_1_105_c.jpeg"
    ],
    "ultima_modificacion": "2025-08-01 01:01:02.481074"
  },
  "1cd297166c8a4cef93e9f71630e6549a1102o.jpeg": {
    "app_sintetizada": "1CD297166C8A4CEF93E9F71630E6549A1102O.JPEG",
    "cantidad_archivos": 1,
    "archivos_fuente": [
      "Pictures/Fototeca de Fotos.photoslibrary/resources/derivatives/1/1CD29716-6C8A-4CEF-93E9-F71630E6549A_1_102_o.jpeg"
    ],
    "ultima_modificacion": "2025-08-01 01:01:02.481254"
  },
  "1ed748433e8d44bda08dbab4cb2fc2e9.thm": {
    "app_sintetizada": "1ED748433E8D44BDA08DBAB4CB2FC2E9.THM",
    "cantidad_archivos": 1,
    "archivos_fuente": [
      "Pictures/Fototeca de Fotos.photoslibrary/resources/derivatives/1/1ED74843-3E8D-44BD-A08D-BAB4CB2FC2E9.THM"
    ],
    "ultima_modificacion": "2025-08-01 01:01:02.481503"
  },
  "10e9c91a4a924b7da0cc97ba037595be1105c.jpeg": {
    "app_sintetizada": "10E9C91A4A924B7DA0CC97BA037595BE1105C.JPEG",
    "cantidad_archivos": 1,
    "archivos_fuente": [
      "Pictures/Fototeca de Fotos.photoslibrary/resources/derivatives/1/10E9C91A-4A92-4B7D-A0CC-97BA037595BE_1_105_c.jpeg"
    ],
    "ultima_modificacion": "2025-08-01 01:01:02.481800"
  },
  "1412a7c6b7e441f0b8d0488f141778c81105c.jpeg": {
    "app_sintetizada": "1412A7C6B7E441F0B8D0488F141778C81105C.JPEG",
    "cantidad_archivos": 1,
    "archivos_fuente": [
      "Pictures/Fototeca de Fotos.photoslibrary/resources/derivatives/1/1412A7C6-B7E4-41F0-B8D0-488F141778C8_1_105_c.jpeg"
    ],
    "ultima_modificacion": "2025-08-01 01:01:02.482047"
  },
  "1f42045e97774812bd7ac48112e734fc1105c.jpeg": {
    "app_sintetizada": "1F42045E97774812BD7AC48112E734FC1105C.JPEG",
    "cantidad_archivos": 1,
    "archivos_fuente": [
      "Pictures/Fototeca de Fotos.photoslibrary/resources/derivatives/1/1F42045E-9777-4812-BD7A-C48112E734FC_1_105_c.jpeg"
    ],
    "ultima_modificacion": "2025-08-01 01:01:02.482288"
  },
  "190266405bce4ecbbbec9f58804a13541105c.jpeg": {
    "app_sintetizada": "190266405BCE4ECBBBEC9F58804A13541105C.JPEG",
    "cantidad_archivos": 1,
    "archivos_fuente": [
      "Pictures/Fototeca de Fotos.photoslibrary/resources/derivatives/1/19026640-5BCE-4ECB-BBEC-9F58804A1354_1_105_c.jpeg"
    ],
    "ultima_modificacion": "2025-08-01 01:01:02.482593"
  },
  "185ecd0776d7476e8420a73de7ae30401105c.jpeg": {
    "app_sintetizada": "185ECD0776D7476E8420A73DE7AE30401105C.JPEG",
    "cantidad_archivos": 1,
    "archivos_fuente": [
      "Pictures/Fototeca de Fotos.photoslibrary/resources/derivatives/1/185ECD07-76D7-476E-8420-A73DE7AE3040_1_105_c.jpeg"
    ],
    "ultima_modificacion": "2025-08-01 01:01:02.482812"
  },
  "1a979507678c436bbe450d46e7c084e41105c.jpeg": {
    "app_sintetizada": "1A979507678C436BBE450D46E7C084E41105C.JPEG",
    "cantidad_archivos": 1,
    "archivos_fuente": [
      "Pictures/Fototeca de Fotos.photoslibrary/resources/derivatives/1/1A979507-678C-436B-BE45-0D46E7C084E4_1_105_c.jpeg"
    ],
    "ultima_modificacion": "2025-08-01 01:01:02.483009"
  },
  "17df1034008345f89bf5a38801b7ac771105c.jpeg": {
    "app_sintetizada": "17DF1034008345F89BF5A38801B7AC771105C.JPEG",
    "cantidad_archivos": 1,
    "archivos_fuente": [
      "Pictures/Fototeca de Fotos.photoslibrary/resources/derivatives/1/17DF1034-0083-45F8-9BF5-A38801B7AC77_1_105_c.jpeg"
    ],
    "ultima_modificacion": "2025-08-01 01:01:02.483192"
  },
  "1e30689fe06f40849ccfb7a7579722621105c.jpeg": {
    "app_sintetizada": "1E30689FE06F40849CCFB7A7579722621105C.JPEG",
    "cantidad_archivos": 1,
    "archivos_fuente": [
      "Pictures/Fototeca de Fotos.photoslibrary/resources/derivatives/1/1E30689F-E06F-4084-9CCF-B7A757972262_1_105_c.jpeg"
    ],
    "ultima_modificacion": "2025-08-01 01:01:02.483371"
  },
  "1d92aa8b923f4cc48ea07d49dd4607e91105c.jpeg": {
    "app_sintetizada": "1D92AA8B923F4CC48EA07D49DD4607E91105C.JPEG",
    "cantidad_archivos": 1,
    "archivos_fuente": [
      "Pictures/Fototeca de Fotos.photoslibrary/resources/derivatives/1/1D92AA8B-923F-4CC4-8EA0-7D49DD4607E9_1_105_c.jpeg"
    ],
    "ultima_modificacion": "2025-08-01 01:01:02.483552"
  },
  "1686a7f6d282482f9670f035e1d843761105c.jpeg": {
    "app_sintetizada": "1686A7F6D282482F9670F035E1D843761105C.JPEG",
    "cantidad_archivos": 1,
    "archivos_fuente": [
      "Pictures/Fototeca de Fotos.photoslibrary/resources/derivatives/1/1686A7F6-D282-482F-9670-F035E1D84376_1_105_c.jpeg"
    ],
    "ultima_modificacion": "2025-08-01 01:01:02.483730"
  },
  "11f186b048ec4f1895375204fb40d63e1105c.jpeg": {
    "app_sintetizada": "11F186B048EC4F1895375204FB40D63E1105C.JPEG",
    "cantidad_archivos": 1,
    "archivos_fuente": [
      "Pictures/Fototeca de Fotos.photoslibrary/resources/derivatives/1/11F186B0-48EC-4F18-9537-5204FB40D63E_1_105_c.jpeg"
    ],
    "ultima_modificacion": "2025-08-01 01:01:02.483901"
  },
  "1912fc59f0a04c7b9cd122a7f0acafd61105c.jpeg": {
    "app_sintetizada": "1912FC59F0A04C7B9CD122A7F0ACAFD61105C.JPEG",
    "cantidad_archivos": 1,
    "archivos_fuente": [
      "Pictures/Fototeca de Fotos.photoslibrary/resources/derivatives/1/1912FC59-F0A0-4C7B-9CD1-22A7F0ACAFD6_1_105_c.jpeg"
    ],
    "ultima_modificacion": "2025-08-01 01:01:02.484085"
  },
  "1e5a2c84c38b4448af6f5223636dd4161105c.jpeg": {
    "app_sintetizada": "1E5A2C84C38B4448AF6F5223636DD4161105C.JPEG",
    "cantidad_archivos": 1,
    "archivos_fuente": [
      "Pictures/Fototeca de Fotos.photoslibrary/resources/derivatives/1/1E5A2C84-C38B-4448-AF6F-5223636DD416_1_105_c.jpeg"
    ],
    "ultima_modificacion": "2025-08-01 01:01:02.484298"
  },
  "1656f19329bd487bb587d392e24c7c051105c.jpeg": {
    "app_sintetizada": "1656F19329BD487BB587D392E24C7C051105C.JPEG",
    "cantidad_archivos": 1,
    "archivos_fuente": [
      "Pictures/Fototeca de Fotos.photoslibrary/resources/derivatives/1/1656F193-29BD-487B-B587-D392E24C7C05_1_105_c.jpeg"
    ],
    "ultima_modificacion": "2025-08-01 01:01:02.484571"
  },
  "11416b47c68a4142b8356e6b7b9239981105c.jpeg": {
    "app_sintetizada": "11416B47C68A4142B8356E6B7B9239981105C.JPEG",
    "cantidad_archivos": 1,
    "archivos_fuente": [
      "Pictures/Fototeca de Fotos.photoslibrary/resources/derivatives/1/11416B47-C68A-4142-B835-6E6B7B923998_1_105_c.jpeg"
    ],
    "ultima_modificacion": "2025-08-01 01:01:02.484882"
  },
  "14a278d47ff54df39185b0b08959413c1105c.jpeg": {
    "app_sintetizada": "14A278D47FF54DF39185B0B08959413C1105C.JPEG",
    "cantidad_archivos": 1,
    "archivos_fuente": [
      "Pictures/Fototeca de Fotos.photoslibrary/resources/derivatives/1/14A278D4-7FF5-4DF3-9185-B0B08959413C_1_105_c.jpeg"
    ],
    "ultima_modificacion": "2025-08-01 01:01:02.485089"
  },
  "16c7bbda47de46c4a45231ba0c7b2f121105c.jpeg": {
    "app_sintetizada": "16C7BBDA47DE46C4A45231BA0C7B2F121105C.JPEG",
    "cantidad_archivos": 1,
    "archivos_fuente": [
      "Pictures/Fototeca de Fotos.photoslibrary/resources/derivatives/1/16C7BBDA-47DE-46C4-A452-31BA0C7B2F12_1_105_c.jpeg"
    ],
    "ultima_modificacion": "2025-08-01 01:01:02.485347"
  },
  "190fef04ee504a519bb4934972a2e72c1105c.jpeg": {
    "app_sintetizada": "190FEF04EE504A519BB4934972A2E72C1105C.JPEG",
    "cantidad_archivos": 1,
    "archivos_fuente": [
      "Pictures/Fototeca de Fotos.photoslibrary/resources/derivatives/1/190FEF04-EE50-4A51-9BB4-934972A2E72C_1_105_c.jpeg"
    ],
    "ultima_modificacion": "2025-08-01 01:01:02.485561"
  },
  "124ff533814b4cb3bf897595eedf7eba1105c.jpeg": {
    "app_sintetizada": "124FF533814B4CB3BF897595EEDF7EBA1105C.JPEG",
    "cantidad_archivos": 1,
    "archivos_fuente": [
      "Pictures/Fototeca de Fotos.photoslibrary/resources/derivatives/1/124FF533-814B-4CB3-BF89-7595EEDF7EBA_1_105_c.jpeg"
    ],
    "ultima_modificacion": "2025-08-01 01:01:02.485834"
  },
  "101b85e493934559849c6492f62e13bc.thm": {
    "app_sintetizada": "101B85E493934559849C6492F62E13BC.THM",
    "cantidad_archivos": 1,
    "archivos_fuente": [
      "Pictures/Fototeca de Fotos.photoslibrary/resources/derivatives/1/101B85E4-9393-4559-849C-6492F62E13BC.THM"
    ],
    "ultima_modificacion": "2025-08-01 01:01:02.486137"
  },
  "119b6c9270304cb29ed9549f7f2b67961105c.jpeg": {
    "app_sintetizada": "119B6C9270304CB29ED9549F7F2B67961105C.JPEG",
    "cantidad_archivos": 1,
    "archivos_fuente": [
      "Pictures/Fototeca de Fotos.photoslibrary/resources/derivatives/1/119B6C92-7030-4CB2-9ED9-549F7F2B6796_1_105_c.jpeg"
    ],
    "ultima_modificacion": "2025-08-01 01:01:02.486410"
  },
  "14cce4e9056b455da065d0b8848af7561105c.jpeg": {
    "app_sintetizada": "14CCE4E9056B455DA065D0B8848AF7561105C.JPEG",
    "cantidad_archivos": 1,
    "archivos_fuente": [
      "Pictures/Fototeca de Fotos.photoslibrary/resources/derivatives/1/14CCE4E9-056B-455D-A065-D0B8848AF756_1_105_c.jpeg"
    ],
    "ultima_modificacion": "2025-08-01 01:01:02.486668"
  },
  "15f88ee2d97049ef99025f5242363ddc1105c.jpeg": {
    "app_sintetizada": "15F88EE2D97049EF99025F5242363DDC1105C.JPEG",
    "cantidad_archivos": 1,
    "archivos_fuente": [
      "Pictures/Fototeca de Fotos.photoslibrary/resources/derivatives/1/15F88EE2-D970-49EF-9902-5F5242363DDC_1_105_c.jpeg"
    ],
    "ultima_modificacion": "2025-08-01 01:01:02.487153"
  },
  "18dbf973c50e481c8de088a0ec26581f1105c.jpeg": {
    "app_sintetizada": "18DBF973C50E481C8DE088A0EC26581F1105C.JPEG",
    "cantidad_archivos": 1,
    "archivos_fuente": [
      "Pictures/Fototeca de Fotos.photoslibrary/resources/derivatives/1/18DBF973-C50E-481C-8DE0-88A0EC26581F_1_105_c.jpeg"
    ],
    "ultima_modificacion": "2025-08-01 01:01:02.487484"
  },
  "1a5d1f17acfe4ec29cf9ad11499fc242.thm": {
    "app_sintetizada": "1A5D1F17ACFE4EC29CF9AD11499FC242.THM",
    "cantidad_archivos": 1,
    "archivos_fuente": [
      "Pictures/Fototeca de Fotos.photoslibrary/resources/derivatives/1/1A5D1F17-ACFE-4EC2-9CF9-AD11499FC242.THM"
    ],
    "ultima_modificacion": "2025-08-01 01:01:02.487775"
  },
  "199e52d0347041fb9abe19d6eb5687d41105c.jpeg": {
    "app_sintetizada": "199E52D0347041FB9ABE19D6EB5687D41105C.JPEG",
    "cantidad_archivos": 1,
    "archivos_fuente": [
      "Pictures/Fototeca de Fotos.photoslibrary/resources/derivatives/1/199E52D0-3470-41FB-9ABE-19D6EB5687D4_1_105_c.jpeg"
    ],
    "ultima_modificacion": "2025-08-01 01:01:02.488039"
  },
  "16f4b6ae64994bf78cb904a43deb8b6f1105c.jpeg": {
    "app_sintetizada": "16F4B6AE64994BF78CB904A43DEB8B6F1105C.JPEG",
    "cantidad_archivos": 1,
    "archivos_fuente": [
      "Pictures/Fototeca de Fotos.photoslibrary/resources/derivatives/1/16F4B6AE-6499-4BF7-8CB9-04A43DEB8B6F_1_105_c.jpeg"
    ],
    "ultima_modificacion": "2025-08-01 01:01:02.488309"
  },
  "1887526e5de347a7814540baf8ba54141105c.jpeg": {
    "app_sintetizada": "1887526E5DE347A7814540BAF8BA54141105C.JPEG",
    "cantidad_archivos": 1,
    "archivos_fuente": [
      "Pictures/Fototeca de Fotos.photoslibrary/resources/derivatives/1/1887526E-5DE3-47A7-8145-40BAF8BA5414_1_105_c.jpeg"
    ],
    "ultima_modificacion": "2025-08-01 01:01:02.488602"
  },
  "18e0e38ae7ea49ae9a4dd4c09fd7e2461105c.jpeg": {
    "app_sintetizada": "18E0E38AE7EA49AE9A4DD4C09FD7E2461105C.JPEG",
    "cantidad_archivos": 1,
    "archivos_fuente": [
      "Pictures/Fototeca de Fotos.photoslibrary/resources/derivatives/1/18E0E38A-E7EA-49AE-9A4D-D4C09FD7E246_1_105_c.jpeg"
    ],
    "ultima_modificacion": "2025-08-01 01:01:02.488897"
  },
  "1a6f095aabe6487d89125fe24c3fca471105c.jpeg": {
    "app_sintetizada": "1A6F095AABE6487D89125FE24C3FCA471105C.JPEG",
    "cantidad_archivos": 1,
    "archivos_fuente": [
      "Pictures/Fototeca de Fotos.photoslibrary/resources/derivatives/1/1A6F095A-ABE6-487D-8912-5FE24C3FCA47_1_105_c.jpeg"
    ],
    "ultima_modificacion": "2025-08-01 01:01:02.489209"
  },
  "1b35e62b2d4b43c2bc6e1bf6f05005c61100o.jpeg": {
    "app_sintetizada": "1B35E62B2D4B43C2BC6E1BF6F05005C61100O.JPEG",
    "cantidad_archivos": 1,
    "archivos_fuente": [
      "Pictures/Fototeca de Fotos.photoslibrary/resources/derivatives/1/1B35E62B-2D4B-43C2-BC6E-1BF6F05005C6_1_100_o.jpeg"
    ],
    "ultima_modificacion": "2025-08-01 01:01:02.489588"
  },
  "1c86275582164ba5ac479ed000a4b2221105c.jpeg": {
    "app_sintetizada": "1C86275582164BA5AC479ED000A4B2221105C.JPEG",
    "cantidad_archivos": 1,
    "archivos_fuente": [
      "Pictures/Fototeca de Fotos.photoslibrary/resources/derivatives/1/1C862755-8216-4BA5-AC47-9ED000A4B222_1_105_c.jpeg"
    ],
    "ultima_modificacion": "2025-08-01 01:01:02.489940"
  },
  "11ac45dc5a734984b3922d54628fdf811105c.jpeg": {
    "app_sintetizada": "11AC45DC5A734984B3922D54628FDF811105C.JPEG",
    "cantidad_archivos": 1,
    "archivos_fuente": [
      "Pictures/Fototeca de Fotos.photoslibrary/resources/derivatives/1/11AC45DC-5A73-4984-B392-2D54628FDF81_1_105_c.jpeg"
    ],
    "ultima_modificacion": "2025-08-01 01:01:02.490253"
  },
  "11827010691147b6a6e26cbb8875632b1105c.jpeg": {
    "app_sintetizada": "11827010691147B6A6E26CBB8875632B1105C.JPEG",
    "cantidad_archivos": 1,
    "archivos_fuente": [
      "Pictures/Fototeca de Fotos.photoslibrary/resources/derivatives/1/11827010-6911-47B6-A6E2-6CBB8875632B_1_105_c.jpeg"
    ],
    "ultima_modificacion": "2025-08-01 01:01:02.490547"
  },
  "1c570f7ad78a42e0934c0ca3580082011105c.jpeg": {
    "app_sintetizada": "1C570F7AD78A42E0934C0CA3580082011105C.JPEG",
    "cantidad_archivos": 1,
    "archivos_fuente": [
      "Pictures/Fototeca de Fotos.photoslibrary/resources/derivatives/1/1C570F7A-D78A-42E0-934C-0CA358008201_1_105_c.jpeg"
    ],
    "ultima_modificacion": "2025-08-01 01:01:02.490929"
  },
  "10c2da5c8a3241aaad1edf645ba8e94d1105c.jpeg": {
    "app_sintetizada": "10C2DA5C8A3241AAAD1EDF645BA8E94D1105C.JPEG",
    "cantidad_archivos": 1,
    "archivos_fuente": [
      "Pictures/Fototeca de Fotos.photoslibrary/resources/derivatives/1/10C2DA5C-8A32-41AA-AD1E-DF645BA8E94D_1_105_c.jpeg"
    ],
    "ultima_modificacion": "2025-08-01 01:01:02.491238"
  },
  "1131ec6ca37a429f89b93f89c3f206e51105c.jpeg": {
    "app_sintetizada": "1131EC6CA37A429F89B93F89C3F206E51105C.JPEG",
    "cantidad_archivos": 1,
    "archivos_fuente": [
      "Pictures/Fototeca de Fotos.photoslibrary/resources/derivatives/1/1131EC6C-A37A-429F-89B9-3F89C3F206E5_1_105_c.jpeg"
    ],
    "ultima_modificacion": "2025-08-01 01:01:02.491543"
  },
  "14674f8eb2304c4681598b29e0f712b41105c.jpeg": {
    "app_sintetizada": "14674F8EB2304C4681598B29E0F712B41105C.JPEG",
    "cantidad_archivos": 1,
    "archivos_fuente": [
      "Pictures/Fototeca de Fotos.photoslibrary/resources/derivatives/1/14674F8E-B230-4C46-8159-8B29E0F712B4_1_105_c.jpeg"
    ],
    "ultima_modificacion": "2025-08-01 01:01:02.491963"
  },
  "10667ef242464ea4a978c08ba5badb421105c.jpeg": {
    "app_sintetizada": "10667EF242464EA4A978C08BA5BADB421105C.JPEG",
    "cantidad_archivos": 1,
    "archivos_fuente": [
      "Pictures/Fototeca de Fotos.photoslibrary/resources/derivatives/1/10667EF2-4246-4EA4-A978-C08BA5BADB42_1_105_c.jpeg"
    ],
    "ultima_modificacion": "2025-08-01 01:01:02.492260"
  },
  "1db651dee24c47d0ba5a6987bc86624a1105c.jpeg": {
    "app_sintetizada": "1DB651DEE24C47D0BA5A6987BC86624A1105C.JPEG",
    "cantidad_archivos": 1,
    "archivos_fuente": [
      "Pictures/Fototeca de Fotos.photoslibrary/resources/derivatives/1/1DB651DE-E24C-47D0-BA5A-6987BC86624A_1_105_c.jpeg"
    ],
    "ultima_modificacion": "2025-08-01 01:01:02.492561"
  },
  "16e6c5f72f5441429e396a5e7a817ad01105c.jpeg": {
    "app_sintetizada": "16E6C5F72F5441429E396A5E7A817AD01105C.JPEG",
    "cantidad_archivos": 1,
    "archivos_fuente": [
      "Pictures/Fototeca de Fotos.photoslibrary/resources/derivatives/1/16E6C5F7-2F54-4142-9E39-6A5E7A817AD0_1_105_c.jpeg"
    ],
    "ultima_modificacion": "2025-08-01 01:01:02.492868"
  },
  "1318c496263442fdbbdeb2c6bf591ea81105c.jpeg": {
    "app_sintetizada": "1318C496263442FDBBDEB2C6BF591EA81105C.JPEG",
    "cantidad_archivos": 1,
    "archivos_fuente": [
      "Pictures/Fototeca de Fotos.photoslibrary/resources/derivatives/1/1318C496-2634-42FD-BBDE-B2C6BF591EA8_1_105_c.jpeg"
    ],
    "ultima_modificacion": "2025-08-01 01:01:02.493212"
  },
  "129105e980f2462a886d9aa38e56b1f01105c.jpeg": {
    "app_sintetizada": "129105E980F2462A886D9AA38E56B1F01105C.JPEG",
    "cantidad_archivos": 1,
    "archivos_fuente": [
      "Pictures/Fototeca de Fotos.photoslibrary/resources/derivatives/1/129105E9-80F2-462A-886D-9AA38E56B1F0_1_105_c.jpeg"
    ],
    "ultima_modificacion": "2025-08-01 01:01:02.493752"
  },
  "1bc8c0d5562542fbb29066dbdc5d30111105c.jpeg": {
    "app_sintetizada": "1BC8C0D5562542FBB29066DBDC5D30111105C.JPEG",
    "cantidad_archivos": 1,
    "archivos_fuente": [
      "Pictures/Fototeca de Fotos.photoslibrary/resources/derivatives/1/1BC8C0D5-5625-42FB-B290-66DBDC5D3011_1_105_c.jpeg"
    ],
    "ultima_modificacion": "2025-08-01 01:01:02.494150"
  },
  "183bbc773524472aa52cdb63ceaef35e1105c.jpeg": {
    "app_sintetizada": "183BBC773524472AA52CDB63CEAEF35E1105C.JPEG",
    "cantidad_archivos": 1,
    "archivos_fuente": [
      "Pictures/Fototeca de Fotos.photoslibrary/resources/derivatives/1/183BBC77-3524-472A-A52C-DB63CEAEF35E_1_105_c.jpeg"
    ],
    "ultima_modificacion": "2025-08-01 01:01:02.494512"
  },
  "1223efdc9a5f47e4b9aa579b3522b3eb1105c.jpeg": {
    "app_sintetizada": "1223EFDC9A5F47E4B9AA579B3522B3EB1105C.JPEG",
    "cantidad_archivos": 1,
    "archivos_fuente": [
      "Pictures/Fototeca de Fotos.photoslibrary/resources/derivatives/1/1223EFDC-9A5F-47E4-B9AA-579B3522B3EB_1_105_c.jpeg"
    ],
    "ultima_modificacion": "2025-08-01 01:01:02.494827"
  },
  "1873f3c58592447db74ac188d2486eec1105c.jpeg": {
    "app_sintetizada": "1873F3C58592447DB74AC188D2486EEC1105C.JPEG",
    "cantidad_archivos": 1,
    "archivos_fuente": [
      "Pictures/Fototeca de Fotos.photoslibrary/resources/derivatives/1/1873F3C5-8592-447D-B74A-C188D2486EEC_1_105_c.jpeg"
    ],
    "ultima_modificacion": "2025-08-01 01:01:02.495141"
  },
  "16b9af0c24b6496ba6c44026b28232f91105c.jpeg": {
    "app_sintetizada": "16B9AF0C24B6496BA6C44026B28232F91105C.JPEG",
    "cantidad_archivos": 1,
    "archivos_fuente": [
      "Pictures/Fototeca de Fotos.photoslibrary/resources/derivatives/1/16B9AF0C-24B6-496B-A6C4-4026B28232F9_1_105_c.jpeg"
    ],
    "ultima_modificacion": "2025-08-01 01:01:02.495473"
  },
  "19abf0c6a7f74fb49448780e24a2abfd1105c.jpeg": {
    "app_sintetizada": "19ABF0C6A7F74FB49448780E24A2ABFD1105C.JPEG",
    "cantidad_archivos": 1,
    "archivos_fuente": [
      "Pictures/Fototeca de Fotos.photoslibrary/resources/derivatives/1/19ABF0C6-A7F7-4FB4-9448-780E24A2ABFD_1_105_c.jpeg"
    ],
    "ultima_modificacion": "2025-08-01 01:01:02.495880"
  },
  "1db27a4091df4c67bbcdf29d4671c4d2.thm": {
    "app_sintetizada": "1DB27A4091DF4C67BBCDF29D4671C4D2.THM",
    "cantidad_archivos": 1,
    "archivos_fuente": [
      "Pictures/Fototeca de Fotos.photoslibrary/resources/derivatives/1/1DB27A40-91DF-4C67-BBCD-F29D4671C4D2.THM"
    ],
    "ultima_modificacion": "2025-08-01 01:01:02.496229"
  },
  "1dc99d072384496ab93f8a50d88cdab31105c.jpeg": {
    "app_sintetizada": "1DC99D072384496AB93F8A50D88CDAB31105C.JPEG",
    "cantidad_archivos": 1,
    "archivos_fuente": [
      "Pictures/Fototeca de Fotos.photoslibrary/resources/derivatives/1/1DC99D07-2384-496A-B93F-8A50D88CDAB3_1_105_c.jpeg"
    ],
    "ultima_modificacion": "2025-08-01 01:01:02.496532"
  },
  "14d21a584c7046149da9ae0631210ee21105c.jpeg": {
    "app_sintetizada": "14D21A584C7046149DA9AE0631210EE21105C.JPEG",
    "cantidad_archivos": 1,
    "archivos_fuente": [
      "Pictures/Fototeca de Fotos.photoslibrary/resources/derivatives/1/14D21A58-4C70-4614-9DA9-AE0631210EE2_1_105_c.jpeg"
    ],
    "ultima_modificacion": "2025-08-01 01:01:02.496825"
  },
  "1e6274fc1dac4372840beea03c9e872f1105c.jpeg": {
    "app_sintetizada": "1E6274FC1DAC4372840BEEA03C9E872F1105C.JPEG",
    "cantidad_archivos": 1,
    "archivos_fuente": [
      "Pictures/Fototeca de Fotos.photoslibrary/resources/derivatives/1/1E6274FC-1DAC-4372-840B-EEA03C9E872F_1_105_c.jpeg"
    ],
    "ultima_modificacion": "2025-08-01 01:01:02.497155"
  },
  "1f25b8faa37f465db4f8d015c4d319e91102o.jpeg": {
    "app_sintetizada": "1F25B8FAA37F465DB4F8D015C4D319E91102O.JPEG",
    "cantidad_archivos": 1,
    "archivos_fuente": [
      "Pictures/Fototeca de Fotos.photoslibrary/resources/derivatives/1/1F25B8FA-A37F-465D-B4F8-D015C4D319E9_1_102_o.jpeg"
    ],
    "ultima_modificacion": "2025-08-01 01:01:02.497475"
  },
  "19f7ffcf77d844f091870ff00e172f001105c.jpeg": {
    "app_sintetizada": "19F7FFCF77D844F091870FF00E172F001105C.JPEG",
    "cantidad_archivos": 1,
    "archivos_fuente": [
      "Pictures/Fototeca de Fotos.photoslibrary/resources/derivatives/1/19F7FFCF-77D8-44F0-9187-0FF00E172F00_1_105_c.jpeg"
    ],
    "ultima_modificacion": "2025-08-01 01:01:02.497813"
  },
  "1e876e07b1de4cb1b0a44b5ec0ebcf911105c.jpeg": {
    "app_sintetizada": "1E876E07B1DE4CB1B0A44B5EC0EBCF911105C.JPEG",
    "cantidad_archivos": 1,
    "archivos_fuente": [
      "Pictures/Fototeca de Fotos.photoslibrary/resources/derivatives/1/1E876E07-B1DE-4CB1-B0A4-4B5EC0EBCF91_1_105_c.jpeg"
    ],
    "ultima_modificacion": "2025-08-01 01:01:02.498129"
  },
  "14390c31728549c2a77ecd60d64859d11105c.jpeg": {
    "app_sintetizada": "14390C31728549C2A77ECD60D64859D11105C.JPEG",
    "cantidad_archivos": 1,
    "archivos_fuente": [
      "Pictures/Fototeca de Fotos.photoslibrary/resources/derivatives/1/14390C31-7285-49C2-A77E-CD60D64859D1_1_105_c.jpeg"
    ],
    "ultima_modificacion": "2025-08-01 01:01:02.498485"
  },
  "1d3df55897734006bb676d12d8d2cc401105c.jpeg": {
    "app_sintetizada": "1D3DF55897734006BB676D12D8D2CC401105C.JPEG",
    "cantidad_archivos": 1,
    "archivos_fuente": [
      "Pictures/Fototeca de Fotos.photoslibrary/resources/derivatives/1/1D3DF558-9773-4006-BB67-6D12D8D2CC40_1_105_c.jpeg"
    ],
    "ultima_modificacion": "2025-08-01 01:01:02.498822"
  },
  "12e241b40ec84dfeb1898e7bbdecbd4c1105c.jpeg": {
    "app_sintetizada": "12E241B40EC84DFEB1898E7BBDECBD4C1105C.JPEG",
    "cantidad_archivos": 1,
    "archivos_fuente": [
      "Pictures/Fototeca de Fotos.photoslibrary/resources/derivatives/1/12E241B4-0EC8-4DFE-B189-8E7BBDECBD4C_1_105_c.jpeg"
    ],
    "ultima_modificacion": "2025-08-01 01:01:02.499160"
  },
  "1efff8fffdae4329a6281c1dc8bf0e5f.thm": {
    "app_sintetizada": "1EFFF8FFFDAE4329A6281C1DC8BF0E5F.THM",
    "cantidad_archivos": 1,
    "archivos_fuente": [
      "Pictures/Fototeca de Fotos.photoslibrary/resources/derivatives/1/1EFFF8FF-FDAE-4329-A628-1C1DC8BF0E5F.THM"
    ],
    "ultima_modificacion": "2025-08-01 01:01:02.499518"
  },
  "10cd2c600cc7499ea581f81444e825e51105c.jpeg": {
    "app_sintetizada": "10CD2C600CC7499EA581F81444E825E51105C.JPEG",
    "cantidad_archivos": 1,
    "archivos_fuente": [
      "Pictures/Fototeca de Fotos.photoslibrary/resources/derivatives/1/10CD2C60-0CC7-499E-A581-F81444E825E5_1_105_c.jpeg"
    ],
    "ultima_modificacion": "2025-08-01 01:01:02.499851"
  },
  "19f70db69d254f78bb531f449eccc9d11105c.jpeg": {
    "app_sintetizada": "19F70DB69D254F78BB531F449ECCC9D11105C.JPEG",
    "cantidad_archivos": 1,
    "archivos_fuente": [
      "Pictures/Fototeca de Fotos.photoslibrary/resources/derivatives/1/19F70DB6-9D25-4F78-BB53-1F449ECCC9D1_1_105_c.jpeg"
    ],
    "ultima_modificacion": "2025-08-01 01:01:02.500195"
  },
  "1ba48686b3b34c6886ece350f9d6c87c1105c.jpeg": {
    "app_sintetizada": "1BA48686B3B34C6886ECE350F9D6C87C1105C.JPEG",
    "cantidad_archivos": 1,
    "archivos_fuente": [
      "Pictures/Fototeca de Fotos.photoslibrary/resources/derivatives/1/1BA48686-B3B3-4C68-86EC-E350F9D6C87C_1_105_c.jpeg"
    ],
    "ultima_modificacion": "2025-08-01 01:01:02.500533"
  },
  "14a6a23c8f06462d95057a0e532c79051105c.jpeg": {
    "app_sintetizada": "14A6A23C8F06462D95057A0E532C79051105C.JPEG",
    "cantidad_archivos": 1,
    "archivos_fuente": [
      "Pictures/Fototeca de Fotos.photoslibrary/resources/derivatives/1/14A6A23C-8F06-462D-9505-7A0E532C7905_1_105_c.jpeg"
    ],
    "ultima_modificacion": "2025-08-01 01:01:02.500829"
  },
  "137a2b55809c4607996aa70f5a91fb601105c.jpeg": {
    "app_sintetizada": "137A2B55809C4607996AA70F5A91FB601105C.JPEG",
    "cantidad_archivos": 1,
    "archivos_fuente": [
      "Pictures/Fototeca de Fotos.photoslibrary/resources/derivatives/1/137A2B55-809C-4607-996A-A70F5A91FB60_1_105_c.jpeg"
    ],
    "ultima_modificacion": "2025-08-01 01:01:02.501170"
  },
  "1c7ba5415432441aaa875c738d870dc81105c.jpeg": {
    "app_sintetizada": "1C7BA5415432441AAA875C738D870DC81105C.JPEG",
    "cantidad_archivos": 1,
    "archivos_fuente": [
      "Pictures/Fototeca de Fotos.photoslibrary/resources/derivatives/1/1C7BA541-5432-441A-AA87-5C738D870DC8_1_105_c.jpeg"
    ],
    "ultima_modificacion": "2025-08-01 01:01:02.501482"
  }
}