{
  "691937dd76fe426a992a675a7e1c32c01105c.jpeg": {
    "app_sintetizada": "691937DD76FE426A992A675A7E1C32C01105C.JPEG",
    "cantidad_archivos": 1,
    "archivos_fuente": [
      "Pictures/Fototeca de Fotos.photoslibrary/resources/derivatives/6/691937DD-76FE-426A-992A-675A7E1C32C0_1_105_c.jpeg"
    ],
    "ultima_modificacion": "2025-08-01 01:01:01.971026"
  },
  "6080bb2711aa4d1aa17f8a8a28f0e36e1105c.jpeg": {
    "app_sintetizada": "6080BB2711AA4D1AA17F8A8A28F0E36E1105C.JPEG",
    "cantidad_archivos": 1,
    "archivos_fuente": [
      "Pictures/Fototeca de Fotos.photoslibrary/resources/derivatives/6/6080BB27-11AA-4D1A-A17F-8A8A28F0E36E_1_105_c.jpeg"
    ],
    "ultima_modificacion": "2025-08-01 01:01:01.971228"
  },
  "6ae811c888004ea2b2585cc5f572a0ab1105c.jpeg": {
    "app_sintetizada": "6AE811C888004EA2B2585CC5F572A0AB1105C.JPEG",
    "cantidad_archivos": 1,
    "archivos_fuente": [
      "Pictures/Fototeca de Fotos.photoslibrary/resources/derivatives/6/6AE811C8-8800-4EA2-B258-5CC5F572A0AB_1_105_c.jpeg"
    ],
    "ultima_modificacion": "2025-08-01 01:01:01.971560"
  },
  "64be693d0b5e480e803128c9440c6ab81105c.jpeg": {
    "app_sintetizada": "64BE693D0B5E480E803128C9440C6AB81105C.JPEG",
    "cantidad_archivos": 1,
    "archivos_fuente": [
      "Pictures/Fototeca de Fotos.photoslibrary/resources/derivatives/6/64BE693D-0B5E-480E-8031-28C9440C6AB8_1_105_c.jpeg"
    ],
    "ultima_modificacion": "2025-08-01 01:01:01.971870"
  },
  "66f3239268324659b464932e09fe43cc1105c.jpeg": {
    "app_sintetizada": "66F3239268324659B464932E09FE43CC1105C.JPEG",
    "cantidad_archivos": 1,
    "archivos_fuente": [
      "Pictures/Fototeca de Fotos.photoslibrary/resources/derivatives/6/66F32392-6832-4659-B464-932E09FE43CC_1_105_c.jpeg"
    ],
    "ultima_modificacion": "2025-08-01 01:01:01.972120"
  },
  "6ad1e909ae8542e2b4e620641082b8b11105c.jpeg": {
    "app_sintetizada": "6AD1E909AE8542E2B4E620641082B8B11105C.JPEG",
    "cantidad_archivos": 1,
    "archivos_fuente": [
      "Pictures/Fototeca de Fotos.photoslibrary/resources/derivatives/6/6AD1E909-AE85-42E2-B4E6-20641082B8B1_1_105_c.jpeg"
    ],
    "ultima_modificacion": "2025-08-01 01:01:01.972410"
  },
  "651f88bd665547f39a24b4a9fc98d3411102o.jpeg": {
    "app_sintetizada": "651F88BD665547F39A24B4A9FC98D3411102O.JPEG",
    "cantidad_archivos": 1,
    "archivos_fuente": [
      "Pictures/Fototeca de Fotos.photoslibrary/resources/derivatives/6/651F88BD-6655-47F3-9A24-B4A9FC98D341_1_102_o.jpeg"
    ],
    "ultima_modificacion": "2025-08-01 01:01:01.972622"
  },
  "65776ca532204973aafdfdf229f907d01105c.jpeg": {
    "app_sintetizada": "65776CA532204973AAFDFDF229F907D01105C.JPEG",
    "cantidad_archivos": 1,
    "archivos_fuente": [
      "Pictures/Fototeca de Fotos.photoslibrary/resources/derivatives/6/65776CA5-3220-4973-AAFD-FDF229F907D0_1_105_c.jpeg"
    ],
    "ultima_modificacion": "2025-08-01 01:01:01.972816"
  },
  "677712d9ceae488ca81eb7a9cfa4e1021105c.jpeg": {
    "app_sintetizada": "677712D9CEAE488CA81EB7A9CFA4E1021105C.JPEG",
    "cantidad_archivos": 1,
    "archivos_fuente": [
      "Pictures/Fototeca de Fotos.photoslibrary/resources/derivatives/6/677712D9-CEAE-488C-A81E-B7A9CFA4E102_1_105_c.jpeg"
    ],
    "ultima_modificacion": "2025-08-01 01:01:01.973024"
  },
  "67cde4ddde1641a385f2f76c86b45bb91105c.jpeg": {
    "app_sintetizada": "67CDE4DDDE1641A385F2F76C86B45BB91105C.JPEG",
    "cantidad_archivos": 1,
    "archivos_fuente": [
      "Pictures/Fototeca de Fotos.photoslibrary/resources/derivatives/6/67CDE4DD-DE16-41A3-85F2-F76C86B45BB9_1_105_c.jpeg"
    ],
    "ultima_modificacion": "2025-08-01 01:01:01.973259"
  },
  "61f964ed13be45e696a93f2137f465461105c.jpeg": {
    "app_sintetizada": "61F964ED13BE45E696A93F2137F465461105C.JPEG",
    "cantidad_archivos": 1,
    "archivos_fuente": [
      "Pictures/Fototeca de Fotos.photoslibrary/resources/derivatives/6/61F964ED-13BE-45E6-96A9-3F2137F46546_1_105_c.jpeg"
    ],
    "ultima_modificacion": "2025-08-01 01:01:01.973482"
  },
  "6660e264a2d943d781c898f18305af9c1105c.jpeg": {
    "app_sintetizada": "6660E264A2D943D781C898F18305AF9C1105C.JPEG",
    "cantidad_archivos": 1,
    "archivos_fuente": [
      "Pictures/Fototeca de Fotos.photoslibrary/resources/derivatives/6/6660E264-A2D9-43D7-81C8-98F18305AF9C_1_105_c.jpeg"
    ],
    "ultima_modificacion": "2025-08-01 01:01:01.973686"
  },
  "65252ac516b4467abd5c3c945594d71a1105c.jpeg": {
    "app_sintetizada": "65252AC516B4467ABD5C3C945594D71A1105C.JPEG",
    "cantidad_archivos": 1,
    "archivos_fuente": [
      "Pictures/Fototeca de Fotos.photoslibrary/resources/derivatives/6/65252AC5-16B4-467A-BD5C-3C945594D71A_1_105_c.jpeg"
    ],
    "ultima_modificacion": "2025-08-01 01:01:01.973885"
  },
  "6822cd7af6b04ed09b145b8156878516.thm": {
    "app_sintetizada": "6822CD7AF6B04ED09B145B8156878516.THM",
    "cantidad_archivos": 1,
    "archivos_fuente": [
      "Pictures/Fototeca de Fotos.photoslibrary/resources/derivatives/6/6822CD7A-F6B0-4ED0-9B14-5B8156878516.THM"
    ],
    "ultima_modificacion": "2025-08-01 01:01:01.974072"
  },
  "63ae9284a455424f85250cfb7719569b1105c.jpeg": {
    "app_sintetizada": "63AE9284A455424F85250CFB7719569B1105C.JPEG",
    "cantidad_archivos": 1,
    "archivos_fuente": [
      "Pictures/Fototeca de Fotos.photoslibrary/resources/derivatives/6/63AE9284-A455-424F-8525-0CFB7719569B_1_105_c.jpeg"
    ],
    "ultima_modificacion": "2025-08-01 01:01:01.974257"
  },
  "656485e20dea4e6d86dbe6d073eecd9d1105c.jpeg": {
    "app_sintetizada": "656485E20DEA4E6D86DBE6D073EECD9D1105C.JPEG",
    "cantidad_archivos": 1,
    "archivos_fuente": [
      "Pictures/Fototeca de Fotos.photoslibrary/resources/derivatives/6/656485E2-0DEA-4E6D-86DB-E6D073EECD9D_1_105_c.jpeg"
    ],
    "ultima_modificacion": "2025-08-01 01:01:01.974445"
  },
  "60174a8e08dc4cec9d8ee76295d87b681105c.jpeg": {
    "app_sintetizada": "60174A8E08DC4CEC9D8EE76295D87B681105C.JPEG",
    "cantidad_archivos": 1,
    "archivos_fuente": [
      "Pictures/Fototeca de Fotos.photoslibrary/resources/derivatives/6/60174A8E-08DC-4CEC-9D8E-E76295D87B68_1_105_c.jpeg"
    ],
    "ultima_modificacion": "2025-08-01 01:01:01.974631"
  },
  "6ba65bfde50040b89453552b5f5931ec1105c.jpeg": {
    "app_sintetizada": "6BA65BFDE50040B89453552B5F5931EC1105C.JPEG",
    "cantidad_archivos": 1,
    "archivos_fuente": [
      "Pictures/Fototeca de Fotos.photoslibrary/resources/derivatives/6/6BA65BFD-E500-40B8-9453-552B5F5931EC_1_105_c.jpeg"
    ],
    "ultima_modificacion": "2025-08-01 01:01:01.974836"
  },
  "65d06b0275564df3bdf4b64f7cde92e21105c.jpeg": {
    "app_sintetizada": "65D06B0275564DF3BDF4B64F7CDE92E21105C.JPEG",
    "cantidad_archivos": 1,
    "archivos_fuente": [
      "Pictures/Fototeca de Fotos.photoslibrary/resources/derivatives/6/65D06B02-7556-4DF3-BDF4-B64F7CDE92E2_1_105_c.jpeg"
    ],
    "ultima_modificacion": "2025-08-01 01:01:01.975085"
  },
  "6de0dee7b64e49f99b25fad45ddaef621105c.jpeg": {
    "app_sintetizada": "6DE0DEE7B64E49F99B25FAD45DDAEF621105C.JPEG",
    "cantidad_archivos": 1,
    "archivos_fuente": [
      "Pictures/Fototeca de Fotos.photoslibrary/resources/derivatives/6/6DE0DEE7-B64E-49F9-9B25-FAD45DDAEF62_1_105_c.jpeg"
    ],
    "ultima_modificacion": "2025-08-01 01:01:01.975422"
  },
  "6cc88adf49e742c38619ad676d49a2751105c.jpeg": {
    "app_sintetizada": "6CC88ADF49E742C38619AD676D49A2751105C.JPEG",
    "cantidad_archivos": 1,
    "archivos_fuente": [
      "Pictures/Fototeca de Fotos.photoslibrary/resources/derivatives/6/6CC88ADF-49E7-42C3-8619-AD676D49A275_1_105_c.jpeg"
    ],
    "ultima_modificacion": "2025-08-01 01:01:01.975713"
  },
  "6e63d3faa714462e943eb0e326a593d71105c.jpeg": {
    "app_sintetizada": "6E63D3FAA714462E943EB0E326A593D71105C.JPEG",
    "cantidad_archivos": 1,
    "archivos_fuente": [
      "Pictures/Fototeca de Fotos.photoslibrary/resources/derivatives/6/6E63D3FA-A714-462E-943E-B0E326A593D7_1_105_c.jpeg"
    ],
    "ultima_modificacion": "2025-08-01 01:01:01.975929"
  },
  "64d03f18c36c499b9f17ef2bb9671e2e1105c.jpeg": {
    "app_sintetizada": "64D03F18C36C499B9F17EF2BB9671E2E1105C.JPEG",
    "cantidad_archivos": 1,
    "archivos_fuente": [
      "Pictures/Fototeca de Fotos.photoslibrary/resources/derivatives/6/64D03F18-C36C-499B-9F17-EF2BB9671E2E_1_105_c.jpeg"
    ],
    "ultima_modificacion": "2025-08-01 01:01:01.976186"
  },
  "6055b50eb08b4128971f45c50553b51c1105c.jpeg": {
    "app_sintetizada": "6055B50EB08B4128971F45C50553B51C1105C.JPEG",
    "cantidad_archivos": 1,
    "archivos_fuente": [
      "Pictures/Fototeca de Fotos.photoslibrary/resources/derivatives/6/6055B50E-B08B-4128-971F-45C50553B51C_1_105_c.jpeg"
    ],
    "ultima_modificacion": "2025-08-01 01:01:01.976400"
  },
  "6fce5b6fe97b4b69835d969cfe39a3ba1105c.jpeg": {
    "app_sintetizada": "6FCE5B6FE97B4B69835D969CFE39A3BA1105C.JPEG",
    "cantidad_archivos": 1,
    "archivos_fuente": [
      "Pictures/Fototeca de Fotos.photoslibrary/resources/derivatives/6/6FCE5B6F-E97B-4B69-835D-969CFE39A3BA_1_105_c.jpeg"
    ],
    "ultima_modificacion": "2025-08-01 01:01:01.976588"
  },
  "6d3a6947d8eb472c97f755100157f6fd1105c.jpeg": {
    "app_sintetizada": "6D3A6947D8EB472C97F755100157F6FD1105C.JPEG",
    "cantidad_archivos": 1,
    "archivos_fuente": [
      "Pictures/Fototeca de Fotos.photoslibrary/resources/derivatives/6/6D3A6947-D8EB-472C-97F7-55100157F6FD_1_105_c.jpeg"
    ],
    "ultima_modificacion": "2025-08-01 01:01:01.976765"
  },
  "649262f784ed4b75a3356d27ed7542a71100o.jpeg": {
    "app_sintetizada": "649262F784ED4B75A3356D27ED7542A71100O.JPEG",
    "cantidad_archivos": 1,
    "archivos_fuente": [
      "Pictures/Fototeca de Fotos.photoslibrary/resources/derivatives/6/649262F7-84ED-4B75-A335-6D27ED7542A7_1_100_o.jpeg"
    ],
    "ultima_modificacion": "2025-08-01 01:01:01.976950"
  },
  "62d062da901e43118f0aa7a73bdc051b1105c.jpeg": {
    "app_sintetizada": "62D062DA901E43118F0AA7A73BDC051B1105C.JPEG",
    "cantidad_archivos": 1,
    "archivos_fuente": [
      "Pictures/Fototeca de Fotos.photoslibrary/resources/derivatives/6/62D062DA-901E-4311-8F0A-A7A73BDC051B_1_105_c.jpeg"
    ],
    "ultima_modificacion": "2025-08-01 01:01:01.977141"
  },
  "62e219f55b3d40b2974572b840f6ca0a1105c.jpeg": {
    "app_sintetizada": "62E219F55B3D40B2974572B840F6CA0A1105C.JPEG",
    "cantidad_archivos": 1,
    "archivos_fuente": [
      "Pictures/Fototeca de Fotos.photoslibrary/resources/derivatives/6/62E219F5-5B3D-40B2-9745-72B840F6CA0A_1_105_c.jpeg"
    ],
    "ultima_modificacion": "2025-08-01 01:01:01.977324"
  },
  "643b248207054bfa98ecbaae022611f01105c.jpeg": {
    "app_sintetizada": "643B248207054BFA98ECBAAE022611F01105C.JPEG",
    "cantidad_archivos": 1,
    "archivos_fuente": [
      "Pictures/Fototeca de Fotos.photoslibrary/resources/derivatives/6/643B2482-0705-4BFA-98EC-BAAE022611F0_1_105_c.jpeg"
    ],
    "ultima_modificacion": "2025-08-01 01:01:01.977516"
  },
  "6197819f466841d4b7163f48ab74f87d1105c.jpeg": {
    "app_sintetizada": "6197819F466841D4B7163F48AB74F87D1105C.JPEG",
    "cantidad_archivos": 1,
    "archivos_fuente": [
      "Pictures/Fototeca de Fotos.photoslibrary/resources/derivatives/6/6197819F-4668-41D4-B716-3F48AB74F87D_1_105_c.jpeg"
    ],
    "ultima_modificacion": "2025-08-01 01:01:01.977715"
  },
  "6ccd735f403f47069fb3c223098133771105c.jpeg": {
    "app_sintetizada": "6CCD735F403F47069FB3C223098133771105C.JPEG",
    "cantidad_archivos": 1,
    "archivos_fuente": [
      "Pictures/Fototeca de Fotos.photoslibrary/resources/derivatives/6/6CCD735F-403F-4706-9FB3-C22309813377_1_105_c.jpeg"
    ],
    "ultima_modificacion": "2025-08-01 01:01:01.977906"
  },
  "69b24e02fbcf4f928102aee6898ba7a21105c.jpeg": {
    "app_sintetizada": "69B24E02FBCF4F928102AEE6898BA7A21105C.JPEG",
    "cantidad_archivos": 1,
    "archivos_fuente": [
      "Pictures/Fototeca de Fotos.photoslibrary/resources/derivatives/6/69B24E02-FBCF-4F92-8102-AEE6898BA7A2_1_105_c.jpeg"
    ],
    "ultima_modificacion": "2025-08-01 01:01:01.978097"
  },
  "6be1841dd34042c9af12355c5b7efcc51105c.jpeg": {
    "app_sintetizada": "6BE1841DD34042C9AF12355C5B7EFCC51105C.JPEG",
    "cantidad_archivos": 1,
    "archivos_fuente": [
      "Pictures/Fototeca de Fotos.photoslibrary/resources/derivatives/6/6BE1841D-D340-42C9-AF12-355C5B7EFCC5_1_105_c.jpeg"
    ],
    "ultima_modificacion": "2025-08-01 01:01:01.978306"
  },
  "6d7b6e6153224d778304cb499fbfda521105c.jpeg": {
    "app_sintetizada": "6D7B6E6153224D778304CB499FBFDA521105C.JPEG",
    "cantidad_archivos": 1,
    "archivos_fuente": [
      "Pictures/Fototeca de Fotos.photoslibrary/resources/derivatives/6/6D7B6E61-5322-4D77-8304-CB499FBFDA52_1_105_c.jpeg"
    ],
    "ultima_modificacion": "2025-08-01 01:01:01.978557"
  },
  "6fb75af93f4149339c63185d15597d65.thm": {
    "app_sintetizada": "6FB75AF93F4149339C63185D15597D65.THM",
    "cantidad_archivos": 1,
    "archivos_fuente": [
      "Pictures/Fototeca de Fotos.photoslibrary/resources/derivatives/6/6FB75AF9-3F41-4933-9C63-185D15597D65.THM"
    ],
    "ultima_modificacion": "2025-08-01 01:01:01.978786"
  },
  "6d46d83348724c9495c7b4a85f667a0b1105c.jpeg": {
    "app_sintetizada": "6D46D83348724C9495C7B4A85F667A0B1105C.JPEG",
    "cantidad_archivos": 1,
    "archivos_fuente": [
      "Pictures/Fototeca de Fotos.photoslibrary/resources/derivatives/6/6D46D833-4872-4C94-95C7-B4A85F667A0B_1_105_c.jpeg"
    ],
    "ultima_modificacion": "2025-08-01 01:01:01.979163"
  },
  "624f6223d88e4998be28bdca5b30285c1105c.jpeg": {
    "app_sintetizada": "624F6223D88E4998BE28BDCA5B30285C1105C.JPEG",
    "cantidad_archivos": 1,
    "archivos_fuente": [
      "Pictures/Fototeca de Fotos.photoslibrary/resources/derivatives/6/624F6223-D88E-4998-BE28-BDCA5B30285C_1_105_c.jpeg"
    ],
    "ultima_modificacion": "2025-08-01 01:01:01.979394"
  },
  "62049b5eb7d84164b0a0d265c1a3f94c1105c.jpeg": {
    "app_sintetizada": "62049B5EB7D84164B0A0D265C1A3F94C1105C.JPEG",
    "cantidad_archivos": 1,
    "archivos_fuente": [
      "Pictures/Fototeca de Fotos.photoslibrary/resources/derivatives/6/62049B5E-B7D8-4164-B0A0-D265C1A3F94C_1_105_c.jpeg"
    ],
    "ultima_modificacion": "2025-08-01 01:01:01.979654"
  },
  "6155721318e84057862667fae9c6179a1105c.jpeg": {
    "app_sintetizada": "6155721318E84057862667FAE9C6179A1105C.JPEG",
    "cantidad_archivos": 1,
    "archivos_fuente": [
      "Pictures/Fototeca de Fotos.photoslibrary/resources/derivatives/6/61557213-18E8-4057-8626-67FAE9C6179A_1_105_c.jpeg"
    ],
    "ultima_modificacion": "2025-08-01 01:01:01.979890"
  },
  "6c032e034ead422fafd01e36919f85571105c.jpeg": {
    "app_sintetizada": "6C032E034EAD422FAFD01E36919F85571105C.JPEG",
    "cantidad_archivos": 1,
    "archivos_fuente": [
      "Pictures/Fototeca de Fotos.photoslibrary/resources/derivatives/6/6C032E03-4EAD-422F-AFD0-1E36919F8557_1_105_c.jpeg"
    ],
    "ultima_modificacion": "2025-08-01 01:01:01.980155"
  },
  "6f42355a83044f0d84a3fadcf3e07fac1105c.jpeg": {
    "app_sintetizada": "6F42355A83044F0D84A3FADCF3E07FAC1105C.JPEG",
    "cantidad_archivos": 1,
    "archivos_fuente": [
      "Pictures/Fototeca de Fotos.photoslibrary/resources/derivatives/6/6F42355A-8304-4F0D-84A3-FADCF3E07FAC_1_105_c.jpeg"
    ],
    "ultima_modificacion": "2025-08-01 01:01:01.980428"
  },
  "6d4c714ea67b4031866c5b15b432e0ee1105c.jpeg": {
    "app_sintetizada": "6D4C714EA67B4031866C5B15B432E0EE1105C.JPEG",
    "cantidad_archivos": 1,
    "archivos_fuente": [
      "Pictures/Fototeca de Fotos.photoslibrary/resources/derivatives/6/6D4C714E-A67B-4031-866C-5B15B432E0EE_1_105_c.jpeg"
    ],
    "ultima_modificacion": "2025-08-01 01:01:01.980659"
  },
  "6999051b169640a1b0b5831868e928fa1105c.jpeg": {
    "app_sintetizada": "6999051B169640A1B0B5831868E928FA1105C.JPEG",
    "cantidad_archivos": 1,
    "archivos_fuente": [
      "Pictures/Fototeca de Fotos.photoslibrary/resources/derivatives/6/6999051B-1696-40A1-B0B5-831868E928FA_1_105_c.jpeg"
    ],
    "ultima_modificacion": "2025-08-01 01:01:01.980931"
  },
  "62159ef4d51344338f1a5207d4ecda281105c.jpeg": {
    "app_sintetizada": "62159EF4D51344338F1A5207D4ECDA281105C.JPEG",
    "cantidad_archivos": 1,
    "archivos_fuente": [
      "Pictures/Fototeca de Fotos.photoslibrary/resources/derivatives/6/62159EF4-D513-4433-8F1A-5207D4ECDA28_1_105_c.jpeg"
    ],
    "ultima_modificacion": "2025-08-01 01:01:01.981145"
  },
  "664b9eb77a8146d1b0b21f8342c1134d1105c.jpeg": {
    "app_sintetizada": "664B9EB77A8146D1B0B21F8342C1134D1105C.JPEG",
    "cantidad_archivos": 1,
    "archivos_fuente": [
      "Pictures/Fototeca de Fotos.photoslibrary/resources/derivatives/6/664B9EB7-7A81-46D1-B0B2-1F8342C1134D_1_105_c.jpeg"
    ],
    "ultima_modificacion": "2025-08-01 01:01:01.981353"
  },
  "664be379cced491ea4062ece7111f81f1105c.jpeg": {
    "app_sintetizada": "664BE379CCED491EA4062ECE7111F81F1105C.JPEG",
    "cantidad_archivos": 1,
    "archivos_fuente": [
      "Pictures/Fototeca de Fotos.photoslibrary/resources/derivatives/6/664BE379-CCED-491E-A406-2ECE7111F81F_1_105_c.jpeg"
    ],
    "ultima_modificacion": "2025-08-01 01:01:01.981544"
  },
  "6cb4fcbe5f7c4e4a9377a650a8ab22bb1105c.jpeg": {
    "app_sintetizada": "6CB4FCBE5F7C4E4A9377A650A8AB22BB1105C.JPEG",
    "cantidad_archivos": 1,
    "archivos_fuente": [
      "Pictures/Fototeca de Fotos.photoslibrary/resources/derivatives/6/6CB4FCBE-5F7C-4E4A-9377-A650A8AB22BB_1_105_c.jpeg"
    ],
    "ultima_modificacion": "2025-08-01 01:01:01.981722"
  },
  "6911e010b69545ddad871b0363dd48e21105c.jpeg": {
    "app_sintetizada": "6911E010B69545DDAD871B0363DD48E21105C.JPEG",
    "cantidad_archivos": 1,
    "archivos_fuente": [
      "Pictures/Fototeca de Fotos.photoslibrary/resources/derivatives/6/6911E010-B695-45DD-AD87-1B0363DD48E2_1_105_c.jpeg"
    ],
    "ultima_modificacion": "2025-08-01 01:01:01.981901"
  },
  "6a6a8d664871441d9bebb144f41ee8e51105c.jpeg": {
    "app_sintetizada": "6A6A8D664871441D9BEBB144F41EE8E51105C.JPEG",
    "cantidad_archivos": 1,
    "archivos_fuente": [
      "Pictures/Fototeca de Fotos.photoslibrary/resources/derivatives/6/6A6A8D66-4871-441D-9BEB-B144F41EE8E5_1_105_c.jpeg"
    ],
    "ultima_modificacion": "2025-08-01 01:01:01.982177"
  },
  "64b12899d91543d4bb8b5086d371e5181102o.jpeg": {
    "app_sintetizada": "64B12899D91543D4BB8B5086D371E5181102O.JPEG",
    "cantidad_archivos": 1,
    "archivos_fuente": [
      "Pictures/Fototeca de Fotos.photoslibrary/resources/derivatives/6/64B12899-D915-43D4-BB8B-5086D371E518_1_102_o.jpeg"
    ],
    "ultima_modificacion": "2025-08-01 01:01:01.982469"
  },
  "634f2b62acb64aca902e97f5ab82b15f.thm": {
    "app_sintetizada": "634F2B62ACB64ACA902E97F5AB82B15F.THM",
    "cantidad_archivos": 1,
    "archivos_fuente": [
      "Pictures/Fototeca de Fotos.photoslibrary/resources/derivatives/6/634F2B62-ACB6-4ACA-902E-97F5AB82B15F.THM"
    ],
    "ultima_modificacion": "2025-08-01 01:01:01.982708"
  },
  "6ff2ff6e759e4d3cbbc6b854c80598841105c.jpeg": {
    "app_sintetizada": "6FF2FF6E759E4D3CBBC6B854C80598841105C.JPEG",
    "cantidad_archivos": 1,
    "archivos_fuente": [
      "Pictures/Fototeca de Fotos.photoslibrary/resources/derivatives/6/6FF2FF6E-759E-4D3C-BBC6-B854C8059884_1_105_c.jpeg"
    ],
    "ultima_modificacion": "2025-08-01 01:01:01.982979"
  },
  "6e5a8edab1b94499b60f9398ddb9a3b51105c.jpeg": {
    "app_sintetizada": "6E5A8EDAB1B94499B60F9398DDB9A3B51105C.JPEG",
    "cantidad_archivos": 1,
    "archivos_fuente": [
      "Pictures/Fototeca de Fotos.photoslibrary/resources/derivatives/6/6E5A8EDA-B1B9-4499-B60F-9398DDB9A3B5_1_105_c.jpeg"
    ],
    "ultima_modificacion": "2025-08-01 01:01:01.983189"
  },
  "6635cdb721a048799d808242135d2fe21105c.jpeg": {
    "app_sintetizada": "6635CDB721A048799D808242135D2FE21105C.JPEG",
    "cantidad_archivos": 1,
    "archivos_fuente": [
      "Pictures/Fototeca de Fotos.photoslibrary/resources/derivatives/6/6635CDB7-21A0-4879-9D80-8242135D2FE2_1_105_c.jpeg"
    ],
    "ultima_modificacion": "2025-08-01 01:01:01.983386"
  },
  "6b81ba3b5a4b491b890d77ffe7d07fb4.thm": {
    "app_sintetizada": "6B81BA3B5A4B491B890D77FFE7D07FB4.THM",
    "cantidad_archivos": 1,
    "archivos_fuente": [
      "Pictures/Fototeca de Fotos.photoslibrary/resources/derivatives/6/6B81BA3B-5A4B-491B-890D-77FFE7D07FB4.THM"
    ],
    "ultima_modificacion": "2025-08-01 01:01:01.983565"
  },
  "6d6388f88d6b4a3c8d8b1476814ade4e1105c.jpeg": {
    "app_sintetizada": "6D6388F88D6B4A3C8D8B1476814ADE4E1105C.JPEG",
    "cantidad_archivos": 1,
    "archivos_fuente": [
      "Pictures/Fototeca de Fotos.photoslibrary/resources/derivatives/6/6D6388F8-8D6B-4A3C-8D8B-1476814ADE4E_1_105_c.jpeg"
    ],
    "ultima_modificacion": "2025-08-01 01:01:01.983741"
  },
  "6ad48cd8f3df48148a33e73c0c5fd55d1105c.jpeg": {
    "app_sintetizada": "6AD48CD8F3DF48148A33E73C0C5FD55D1105C.JPEG",
    "cantidad_archivos": 1,
    "archivos_fuente": [
      "Pictures/Fototeca de Fotos.photoslibrary/resources/derivatives/6/6AD48CD8-F3DF-4814-8A33-E73C0C5FD55D_1_105_c.jpeg"
    ],
    "ultima_modificacion": "2025-08-01 01:01:01.983925"
  },
  "6b2874943c94427c8a9d7b37d0d0702a1105c.jpeg": {
    "app_sintetizada": "6B2874943C94427C8A9D7B37D0D0702A1105C.JPEG",
    "cantidad_archivos": 1,
    "archivos_fuente": [
      "Pictures/Fototeca de Fotos.photoslibrary/resources/derivatives/6/6B287494-3C94-427C-8A9D-7B37D0D0702A_1_105_c.jpeg"
    ],
    "ultima_modificacion": "2025-08-01 01:01:01.984094"
  },
  "68bc773fc953463dbc7fe798fc02a11d1105c.jpeg": {
    "app_sintetizada": "68BC773FC953463DBC7FE798FC02A11D1105C.JPEG",
    "cantidad_archivos": 1,
    "archivos_fuente": [
      "Pictures/Fototeca de Fotos.photoslibrary/resources/derivatives/6/68BC773F-C953-463D-BC7F-E798FC02A11D_1_105_c.jpeg"
    ],
    "ultima_modificacion": "2025-08-01 01:01:01.984265"
  },
  "6967e6aa466841d8b2f1b13683b6f0f81105c.jpeg": {
    "app_sintetizada": "6967E6AA466841D8B2F1B13683B6F0F81105C.JPEG",
    "cantidad_archivos": 1,
    "archivos_fuente": [
      "Pictures/Fototeca de Fotos.photoslibrary/resources/derivatives/6/6967E6AA-4668-41D8-B2F1-B13683B6F0F8_1_105_c.jpeg"
    ],
    "ultima_modificacion": "2025-08-01 01:01:01.984463"
  },
  "6ef904e71e6247569affc0ecf64ce6a11105c.jpeg": {
    "app_sintetizada": "6EF904E71E6247569AFFC0ECF64CE6A11105C.JPEG",
    "cantidad_archivos": 1,
    "archivos_fuente": [
      "Pictures/Fototeca de Fotos.photoslibrary/resources/derivatives/6/6EF904E7-1E62-4756-9AFF-C0ECF64CE6A1_1_105_c.jpeg"
    ],
    "ultima_modificacion": "2025-08-01 01:01:01.984732"
  },
  "6c46d329a36d4644b206b6ddb7f520b01105c.jpeg": {
    "app_sintetizada": "6C46D329A36D4644B206B6DDB7F520B01105C.JPEG",
    "cantidad_archivos": 1,
    "archivos_fuente": [
      "Pictures/Fototeca de Fotos.photoslibrary/resources/derivatives/6/6C46D329-A36D-4644-B206-B6DDB7F520B0_1_105_c.jpeg"
    ],
    "ultima_modificacion": "2025-08-01 01:01:01.984935"
  },
  "61a48eca41e24f84abedbc4613a3070c1105c.jpeg": {
    "app_sintetizada": "61A48ECA41E24F84ABEDBC4613A3070C1105C.JPEG",
    "cantidad_archivos": 1,
    "archivos_fuente": [
      "Pictures/Fototeca de Fotos.photoslibrary/resources/derivatives/6/61A48ECA-41E2-4F84-ABED-BC4613A3070C_1_105_c.jpeg"
    ],
    "ultima_modificacion": "2025-08-01 01:01:01.985163"
  },
  "6ddb331e9d3a49bea1320df520b4f2f21105c.jpeg": {
    "app_sintetizada": "6DDB331E9D3A49BEA1320DF520B4F2F21105C.JPEG",
    "cantidad_archivos": 1,
    "archivos_fuente": [
      "Pictures/Fototeca de Fotos.photoslibrary/resources/derivatives/6/6DDB331E-9D3A-49BE-A132-0DF520B4F2F2_1_105_c.jpeg"
    ],
    "ultima_modificacion": "2025-08-01 01:01:01.985367"
  },
  "6b322522fc8e4da5a989c461ff930a471105c.jpeg": {
    "app_sintetizada": "6B322522FC8E4DA5A989C461FF930A471105C.JPEG",
    "cantidad_archivos": 1,
    "archivos_fuente": [
      "Pictures/Fototeca de Fotos.photoslibrary/resources/derivatives/6/6B322522-FC8E-4DA5-A989-C461FF930A47_1_105_c.jpeg"
    ],
    "ultima_modificacion": "2025-08-01 01:01:01.985562"
  },
  "643326c5784542e3a54b0ec92a9d790a1105c.jpeg": {
    "app_sintetizada": "643326C5784542E3A54B0EC92A9D790A1105C.JPEG",
    "cantidad_archivos": 1,
    "archivos_fuente": [
      "Pictures/Fototeca de Fotos.photoslibrary/resources/derivatives/6/643326C5-7845-42E3-A54B-0EC92A9D790A_1_105_c.jpeg"
    ],
    "ultima_modificacion": "2025-08-01 01:01:01.986095"
  },
  "6626bf8d85784e7095b8daca6ab691731105c.jpeg": {
    "app_sintetizada": "6626BF8D85784E7095B8DACA6AB691731105C.JPEG",
    "cantidad_archivos": 1,
    "archivos_fuente": [
      "Pictures/Fototeca de Fotos.photoslibrary/resources/derivatives/6/6626BF8D-8578-4E70-95B8-DACA6AB69173_1_105_c.jpeg"
    ],
    "ultima_modificacion": "2025-08-01 01:01:01.986446"
  },
  "68c7289b405a4637a340f72e68f0d3071105c.jpeg": {
    "app_sintetizada": "68C7289B405A4637A340F72E68F0D3071105C.JPEG",
    "cantidad_archivos": 1,
    "archivos_fuente": [
      "Pictures/Fototeca de Fotos.photoslibrary/resources/derivatives/6/68C7289B-405A-4637-A340-F72E68F0D307_1_105_c.jpeg"
    ],
    "ultima_modificacion": "2025-08-01 01:01:01.986809"
  },
  "68222a6c691a4847841924bee09cc2811105c.jpeg": {
    "app_sintetizada": "68222A6C691A4847841924BEE09CC2811105C.JPEG",
    "cantidad_archivos": 1,
    "archivos_fuente": [
      "Pictures/Fototeca de Fotos.photoslibrary/resources/derivatives/6/68222A6C-691A-4847-8419-24BEE09CC281_1_105_c.jpeg"
    ],
    "ultima_modificacion": "2025-08-01 01:01:01.987118"
  },
  "612dc203ecde490e8e0c8d67efd21a131105c.jpeg": {
    "app_sintetizada": "612DC203ECDE490E8E0C8D67EFD21A131105C.JPEG",
    "cantidad_archivos": 1,
    "archivos_fuente": [
      "Pictures/Fototeca de Fotos.photoslibrary/resources/derivatives/6/612DC203-ECDE-490E-8E0C-8D67EFD21A13_1_105_c.jpeg"
    ],
    "ultima_modificacion": "2025-08-01 01:01:01.987403"
  },
  "6b27f20dc2f44430be35250c54c24fdc.thm": {
    "app_sintetizada": "6B27F20DC2F44430BE35250C54C24FDC.THM",
    "cantidad_archivos": 1,
    "archivos_fuente": [
      "Pictures/Fototeca de Fotos.photoslibrary/resources/derivatives/6/6B27F20D-C2F4-4430-BE35-250C54C24FDC.THM"
    ],
    "ultima_modificacion": "2025-08-01 01:01:01.987682"
  },
  "60ca8a301ab645ccb5b81342ebaa84fe1105c.jpeg": {
    "app_sintetizada": "60CA8A301AB645CCB5B81342EBAA84FE1105C.JPEG",
    "cantidad_archivos": 1,
    "archivos_fuente": [
      "Pictures/Fototeca de Fotos.photoslibrary/resources/derivatives/6/60CA8A30-1AB6-45CC-B5B8-1342EBAA84FE_1_105_c.jpeg"
    ],
    "ultima_modificacion": "2025-08-01 01:01:01.987979"
  },
  "60b7ff4e888447f5a23c5f52c716a7ed1105c.jpeg": {
    "app_sintetizada": "60B7FF4E888447F5A23C5F52C716A7ED1105C.JPEG",
    "cantidad_archivos": 1,
    "archivos_fuente": [
      "Pictures/Fototeca de Fotos.photoslibrary/resources/derivatives/6/60B7FF4E-8884-47F5-A23C-5F52C716A7ED_1_105_c.jpeg"
    ],
    "ultima_modificacion": "2025-08-01 01:01:01.988262"
  },
  "6571467d3bd34a9cb79341f12ba2515b1105c.jpeg": {
    "app_sintetizada": "6571467D3BD34A9CB79341F12BA2515B1105C.JPEG",
    "cantidad_archivos": 1,
    "archivos_fuente": [
      "Pictures/Fototeca de Fotos.photoslibrary/resources/derivatives/6/6571467D-3BD3-4A9C-B793-41F12BA2515B_1_105_c.jpeg"
    ],
    "ultima_modificacion": "2025-08-01 01:01:01.988558"
  },
  "6bb024f9d6a642d18a7c8719ecedb15b1105c.jpeg": {
    "app_sintetizada": "6BB024F9D6A642D18A7C8719ECEDB15B1105C.JPEG",
    "cantidad_archivos": 1,
    "archivos_fuente": [
      "Pictures/Fototeca de Fotos.photoslibrary/resources/derivatives/6/6BB024F9-D6A6-42D1-8A7C-8719ECEDB15B_1_105_c.jpeg"
    ],
    "ultima_modificacion": "2025-08-01 01:01:01.988862"
  },
  "6de366bae33241ba93744827e83136e01105c.jpeg": {
    "app_sintetizada": "6DE366BAE33241BA93744827E83136E01105C.JPEG",
    "cantidad_archivos": 1,
    "archivos_fuente": [
      "Pictures/Fototeca de Fotos.photoslibrary/resources/derivatives/6/6DE366BA-E332-41BA-9374-4827E83136E0_1_105_c.jpeg"
    ],
    "ultima_modificacion": "2025-08-01 01:01:01.989180"
  },
  "644e06c9bc124cfaae13abd26abe8c871105c.jpeg": {
    "app_sintetizada": "644E06C9BC124CFAAE13ABD26ABE8C871105C.JPEG",
    "cantidad_archivos": 1,
    "archivos_fuente": [
      "Pictures/Fototeca de Fotos.photoslibrary/resources/derivatives/6/644E06C9-BC12-4CFA-AE13-ABD26ABE8C87_1_105_c.jpeg"
    ],
    "ultima_modificacion": "2025-08-01 01:01:01.989498"
  },
  "69ef2daf41214724b964248b2bf3fa3a1105c.jpeg": {
    "app_sintetizada": "69EF2DAF41214724B964248B2BF3FA3A1105C.JPEG",
    "cantidad_archivos": 1,
    "archivos_fuente": [
      "Pictures/Fototeca de Fotos.photoslibrary/resources/derivatives/6/69EF2DAF-4121-4724-B964-248B2BF3FA3A_1_105_c.jpeg"
    ],
    "ultima_modificacion": "2025-08-01 01:01:01.989800"
  },
  "6f950f401a924b7e89f84f51d57cf4371105c.jpeg": {
    "app_sintetizada": "6F950F401A924B7E89F84F51D57CF4371105C.JPEG",
    "cantidad_archivos": 1,
    "archivos_fuente": [
      "Pictures/Fototeca de Fotos.photoslibrary/resources/derivatives/6/6F950F40-1A92-4B7E-89F8-4F51D57CF437_1_105_c.jpeg"
    ],
    "ultima_modificacion": "2025-08-01 01:01:01.990101"
  },
  "6640c5cab699443ab0e392c8227267261105c.jpeg": {
    "app_sintetizada": "6640C5CAB699443AB0E392C8227267261105C.JPEG",
    "cantidad_archivos": 1,
    "archivos_fuente": [
      "Pictures/Fototeca de Fotos.photoslibrary/resources/derivatives/6/6640C5CA-B699-443A-B0E3-92C822726726_1_105_c.jpeg"
    ],
    "ultima_modificacion": "2025-08-01 01:01:01.990430"
  },
  "6a1b11f87e374f289a86a21170dfce3e1105c.jpeg": {
    "app_sintetizada": "6A1B11F87E374F289A86A21170DFCE3E1105C.JPEG",
    "cantidad_archivos": 1,
    "archivos_fuente": [
      "Pictures/Fototeca de Fotos.photoslibrary/resources/derivatives/6/6A1B11F8-7E37-4F28-9A86-A21170DFCE3E_1_105_c.jpeg"
    ],
    "ultima_modificacion": "2025-08-01 01:01:01.990726"
  },
  "63ea0141a5204261aa2e84a00d0fb5641105c.jpeg": {
    "app_sintetizada": "63EA0141A5204261AA2E84A00D0FB5641105C.JPEG",
    "cantidad_archivos": 1,
    "archivos_fuente": [
      "Pictures/Fototeca de Fotos.photoslibrary/resources/derivatives/6/63EA0141-A520-4261-AA2E-84A00D0FB564_1_105_c.jpeg"
    ],
    "ultima_modificacion": "2025-08-01 01:01:01.991123"
  },
  "6b78534cf6be4996bdd5a18651409dc51105c.jpeg": {
    "app_sintetizada": "6B78534CF6BE4996BDD5A18651409DC51105C.JPEG",
    "cantidad_archivos": 1,
    "archivos_fuente": [
      "Pictures/Fototeca de Fotos.photoslibrary/resources/derivatives/6/6B78534C-F6BE-4996-BDD5-A18651409DC5_1_105_c.jpeg"
    ],
    "ultima_modificacion": "2025-08-01 01:01:01.991440"
  },
  "6119f10b613d49e080aa260803b266541105c.jpeg": {
    "app_sintetizada": "6119F10B613D49E080AA260803B266541105C.JPEG",
    "cantidad_archivos": 1,
    "archivos_fuente": [
      "Pictures/Fototeca de Fotos.photoslibrary/resources/derivatives/6/6119F10B-613D-49E0-80AA-260803B26654_1_105_c.jpeg"
    ],
    "ultima_modificacion": "2025-08-01 01:01:01.991755"
  },
  "63fe714eef5a4625b9be9c3541265a3b1105c.jpeg": {
    "app_sintetizada": "63FE714EEF5A4625B9BE9C3541265A3B1105C.JPEG",
    "cantidad_archivos": 1,
    "archivos_fuente": [
      "Pictures/Fototeca de Fotos.photoslibrary/resources/derivatives/6/63FE714E-EF5A-4625-B9BE-9C3541265A3B_1_105_c.jpeg"
    ],
    "ultima_modificacion": "2025-08-01 01:01:01.992102"
  },
  "651b067f6f3c4905b340f8a7c5193a151105c.jpeg": {
    "app_sintetizada": "651B067F6F3C4905B340F8A7C5193A151105C.JPEG",
    "cantidad_archivos": 1,
    "archivos_fuente": [
      "Pictures/Fototeca de Fotos.photoslibrary/resources/derivatives/6/651B067F-6F3C-4905-B340-F8A7C5193A15_1_105_c.jpeg"
    ],
    "ultima_modificacion": "2025-08-01 01:01:01.992537"
  },
  "629b24b8bde444aa90d3fe15c0b898431105c.jpeg": {
    "app_sintetizada": "629B24B8BDE444AA90D3FE15C0B898431105C.JPEG",
    "cantidad_archivos": 1,
    "archivos_fuente": [
      "Pictures/Fototeca de Fotos.photoslibrary/resources/derivatives/6/629B24B8-BDE4-44AA-90D3-FE15C0B89843_1_105_c.jpeg"
    ],
    "ultima_modificacion": "2025-08-01 01:01:01.992845"
  },
  "63e1cb7216034da1bdabf4aba40fec1d1105c.jpeg": {
    "app_sintetizada": "63E1CB7216034DA1BDABF4ABA40FEC1D1105C.JPEG",
    "cantidad_archivos": 1,
    "archivos_fuente": [
      "Pictures/Fototeca de Fotos.photoslibrary/resources/derivatives/6/63E1CB72-1603-4DA1-BDAB-F4ABA40FEC1D_1_105_c.jpeg"
    ],
    "ultima_modificacion": "2025-08-01 01:01:01.993154"
  },
  "6ffbaf0713ab4144a2d96565fcf1dcff1102o.jpeg": {
    "app_sintetizada": "6FFBAF0713AB4144A2D96565FCF1DCFF1102O.JPEG",
    "cantidad_archivos": 1,
    "archivos_fuente": [
      "Pictures/Fototeca de Fotos.photoslibrary/resources/derivatives/6/6FFBAF07-13AB-4144-A2D9-6565FCF1DCFF_1_102_o.jpeg"
    ],
    "ultima_modificacion": "2025-08-01 01:01:01.993472"
  },
  "6ae84ec8b8b14921b0f33d7152577b0d.thm": {
    "app_sintetizada": "6AE84EC8B8B14921B0F33D7152577B0D.THM",
    "cantidad_archivos": 1,
    "archivos_fuente": [
      "Pictures/Fototeca de Fotos.photoslibrary/resources/derivatives/6/6AE84EC8-B8B1-4921-B0F3-3D7152577B0D.THM"
    ],
    "ultima_modificacion": "2025-08-01 01:01:01.993787"
  },
  "6b4962e126ee4f55aec250a68339318d1105c.jpeg": {
    "app_sintetizada": "6B4962E126EE4F55AEC250A68339318D1105C.JPEG",
    "cantidad_archivos": 1,
    "archivos_fuente": [
      "Pictures/Fototeca de Fotos.photoslibrary/resources/derivatives/6/6B4962E1-26EE-4F55-AEC2-50A68339318D_1_105_c.jpeg"
    ],
    "ultima_modificacion": "2025-08-01 01:01:01.994077"
  },
  "65556100013d4ad694d31f288a17cd521105c.jpeg": {
    "app_sintetizada": "65556100013D4AD694D31F288A17CD521105C.JPEG",
    "cantidad_archivos": 1,
    "archivos_fuente": [
      "Pictures/Fototeca de Fotos.photoslibrary/resources/derivatives/6/65556100-013D-4AD6-94D3-1F288A17CD52_1_105_c.jpeg"
    ],
    "ultima_modificacion": "2025-08-01 01:01:01.994387"
  },
  "60f07be55b24418397352480ed648d10.thm": {
    "app_sintetizada": "60F07BE55B24418397352480ED648D10.THM",
    "cantidad_archivos": 1,
    "archivos_fuente": [
      "Pictures/Fototeca de Fotos.photoslibrary/resources/derivatives/6/60F07BE5-5B24-4183-9735-2480ED648D10.THM"
    ],
    "ultima_modificacion": "2025-08-01 01:01:01.994676"
  },
  "6ebd152f4e9a44fa9f8b57b1012001e61105c.jpeg": {
    "app_sintetizada": "6EBD152F4E9A44FA9F8B57B1012001E61105C.JPEG",
    "cantidad_archivos": 1,
    "archivos_fuente": [
      "Pictures/Fototeca de Fotos.photoslibrary/resources/derivatives/6/6EBD152F-4E9A-44FA-9F8B-57B1012001E6_1_105_c.jpeg"
    ],
    "ultima_modificacion": "2025-08-01 01:01:01.994972"
  },
  "6140c4faaaa340f69448a219e9e1a1d11105c.jpeg": {
    "app_sintetizada": "6140C4FAAAA340F69448A219E9E1A1D11105C.JPEG",
    "cantidad_archivos": 1,
    "archivos_fuente": [
      "Pictures/Fototeca de Fotos.photoslibrary/resources/derivatives/6/6140C4FA-AAA3-40F6-9448-A219E9E1A1D1_1_105_c.jpeg"
    ],
    "ultima_modificacion": "2025-08-01 01:01:01.995275"
  },
  "6df2f999ed394e3daa1377dda728dfe21105c.jpeg": {
    "app_sintetizada": "6DF2F999ED394E3DAA1377DDA728DFE21105C.JPEG",
    "cantidad_archivos": 1,
    "archivos_fuente": [
      "Pictures/Fototeca de Fotos.photoslibrary/resources/derivatives/6/6DF2F999-ED39-4E3D-AA13-77DDA728DFE2_1_105_c.jpeg"
    ],
    "ultima_modificacion": "2025-08-01 01:01:01.995573"
  },
  "6a5447b7f73f4c3da201e66832e863331105c.jpeg": {
    "app_sintetizada": "6A5447B7F73F4C3DA201E66832E863331105C.JPEG",
    "cantidad_archivos": 1,
    "archivos_fuente": [
      "Pictures/Fototeca de Fotos.photoslibrary/resources/derivatives/6/6A5447B7-F73F-4C3D-A201-E66832E86333_1_105_c.jpeg"
    ],
    "ultima_modificacion": "2025-08-01 01:01:01.995910"
  },
  "638fb416886e451fa0875876633651521105c.jpeg": {
    "app_sintetizada": "638FB416886E451FA0875876633651521105C.JPEG",
    "cantidad_archivos": 1,
    "archivos_fuente": [
      "Pictures/Fototeca de Fotos.photoslibrary/resources/derivatives/6/638FB416-886E-451F-A087-587663365152_1_105_c.jpeg"
    ],
    "ultima_modificacion": "2025-08-01 01:01:01.996206"
  },
  "6daae21084ec412aba2e46edcb771ac71105c.jpeg": {
    "app_sintetizada": "6DAAE21084EC412ABA2E46EDCB771AC71105C.JPEG",
    "cantidad_archivos": 1,
    "archivos_fuente": [
      "Pictures/Fototeca de Fotos.photoslibrary/resources/derivatives/6/6DAAE210-84EC-412A-BA2E-46EDCB771AC7_1_105_c.jpeg"
    ],
    "ultima_modificacion": "2025-08-01 01:01:01.996503"
  }
}