{
  "1a42fe6980a74429a799ba006567c9d91105c.jpeg": {
    "app_sintetizada": "1A42FE6980A74429A799BA006567C9D91105C.JPEG",
    "cantidad_archivos": 1,
    "archivos_fuente": [
      "Pictures/Fototeca de Fotos.photoslibrary/resources/derivatives/1/1A42FE69-80A7-4429-A799-BA006567C9D9_1_105_c.jpeg"
    ],
    "ultima_modificacion": "2025-08-01 01:01:02.683315"
  },
  "17ce4f50c4a9468e900ace5a9bce14281100o.jpeg": {
    "app_sintetizada": "17CE4F50C4A9468E900ACE5A9BCE14281100O.JPEG",
    "cantidad_archivos": 1,
    "archivos_fuente": [
      "Pictures/Fototeca de Fotos.photoslibrary/resources/derivatives/1/17CE4F50-C4A9-468E-900A-CE5A9BCE1428_1_100_o.jpeg"
    ],
    "ultima_modificacion": "2025-08-01 01:01:02.683483"
  },
  "190105839ede4ba9bb05552540da7fb21105c.jpeg": {
    "app_sintetizada": "190105839EDE4BA9BB05552540DA7FB21105C.JPEG",
    "cantidad_archivos": 1,
    "archivos_fuente": [
      "Pictures/Fototeca de Fotos.photoslibrary/resources/derivatives/1/19010583-9EDE-4BA9-BB05-552540DA7FB2_1_105_c.jpeg"
    ],
    "ultima_modificacion": "2025-08-01 01:01:02.683651"
  },
  "1e7e1226442745758717b0d3cb0687ba1105c.jpeg": {
    "app_sintetizada": "1E7E1226442745758717B0D3CB0687BA1105C.JPEG",
    "cantidad_archivos": 1,
    "archivos_fuente": [
      "Pictures/Fototeca de Fotos.photoslibrary/resources/derivatives/1/1E7E1226-4427-4575-8717-B0D3CB0687BA_1_105_c.jpeg"
    ],
    "ultima_modificacion": "2025-08-01 01:01:02.683817"
  },
  "15c1e08dfa434d3eb852892a812799a71105c.jpeg": {
    "app_sintetizada": "15C1E08DFA434D3EB852892A812799A71105C.JPEG",
    "cantidad_archivos": 1,
    "archivos_fuente": [
      "Pictures/Fototeca de Fotos.photoslibrary/resources/derivatives/1/15C1E08D-FA43-4D3E-B852-892A812799A7_1_105_c.jpeg"
    ],
    "ultima_modificacion": "2025-08-01 01:01:02.683996"
  },
  "1b407d3ae32945789156f69db16d4cec1105c.jpeg": {
    "app_sintetizada": "1B407D3AE32945789156F69DB16D4CEC1105C.JPEG",
    "cantidad_archivos": 1,
    "archivos_fuente": [
      "Pictures/Fototeca de Fotos.photoslibrary/resources/derivatives/1/1B407D3A-E329-4578-9156-F69DB16D4CEC_1_105_c.jpeg"
    ],
    "ultima_modificacion": "2025-08-01 01:01:02.684171"
  },
  "164f2dc31459476c81f5713e9fb084561105c.jpeg": {
    "app_sintetizada": "164F2DC31459476C81F5713E9FB084561105C.JPEG",
    "cantidad_archivos": 1,
    "archivos_fuente": [
      "Pictures/Fototeca de Fotos.photoslibrary/resources/derivatives/1/164F2DC3-1459-476C-81F5-713E9FB08456_1_105_c.jpeg"
    ],
    "ultima_modificacion": "2025-08-01 01:01:02.684341"
  },
  "16965e038782490fb6d7cbff225c802f1105c.jpeg": {
    "app_sintetizada": "16965E038782490FB6D7CBFF225C802F1105C.JPEG",
    "cantidad_archivos": 1,
    "archivos_fuente": [
      "Pictures/Fototeca de Fotos.photoslibrary/resources/derivatives/1/16965E03-8782-490F-B6D7-CBFF225C802F_1_105_c.jpeg"
    ],
    "ultima_modificacion": "2025-08-01 01:01:02.684541"
  },
  "19d990cddc134cb99ee9535970b9868e1105c.jpeg": {
    "app_sintetizada": "19D990CDDC134CB99EE9535970B9868E1105C.JPEG",
    "cantidad_archivos": 1,
    "archivos_fuente": [
      "Pictures/Fototeca de Fotos.photoslibrary/resources/derivatives/1/19D990CD-DC13-4CB9-9EE9-535970B9868E_1_105_c.jpeg"
    ],
    "ultima_modificacion": "2025-08-01 01:01:02.684835"
  },
  "116baf8bb2bd4156b649cfa1223c18fe1105c.jpeg": {
    "app_sintetizada": "116BAF8BB2BD4156B649CFA1223C18FE1105C.JPEG",
    "cantidad_archivos": 1,
    "archivos_fuente": [
      "Pictures/Fototeca de Fotos.photoslibrary/resources/derivatives/1/116BAF8B-B2BD-4156-B649-CFA1223C18FE_1_105_c.jpeg"
    ],
    "ultima_modificacion": "2025-08-01 01:01:02.685135"
  },
  "139554041de7487da2fb346224dae8cb1105c.jpeg": {
    "app_sintetizada": "139554041DE7487DA2FB346224DAE8CB1105C.JPEG",
    "cantidad_archivos": 1,
    "archivos_fuente": [
      "Pictures/Fototeca de Fotos.photoslibrary/resources/derivatives/1/13955404-1DE7-487D-A2FB-346224DAE8CB_1_105_c.jpeg"
    ],
    "ultima_modificacion": "2025-08-01 01:01:02.685416"
  },
  "137d6221829c47d49d9c9502d4aec22e1105c.jpeg": {
    "app_sintetizada": "137D6221829C47D49D9C9502D4AEC22E1105C.JPEG",
    "cantidad_archivos": 1,
    "archivos_fuente": [
      "Pictures/Fototeca de Fotos.photoslibrary/resources/derivatives/1/137D6221-829C-47D4-9D9C-9502D4AEC22E_1_105_c.jpeg"
    ],
    "ultima_modificacion": "2025-08-01 01:01:02.685618"
  },
  "1dc2e423439d4b8dbb926793d8b79ec91105c.jpeg": {
    "app_sintetizada": "1DC2E423439D4B8DBB926793D8B79EC91105C.JPEG",
    "cantidad_archivos": 1,
    "archivos_fuente": [
      "Pictures/Fototeca de Fotos.photoslibrary/resources/derivatives/1/1DC2E423-439D-4B8D-BB92-6793D8B79EC9_1_105_c.jpeg"
    ],
    "ultima_modificacion": "2025-08-01 01:01:02.685868"
  },
  "1c2627ca068c4e48b7ee1437689057d71105c.jpeg": {
    "app_sintetizada": "1C2627CA068C4E48B7EE1437689057D71105C.JPEG",
    "cantidad_archivos": 1,
    "archivos_fuente": [
      "Pictures/Fototeca de Fotos.photoslibrary/resources/derivatives/1/1C2627CA-068C-4E48-B7EE-1437689057D7_1_105_c.jpeg"
    ],
    "ultima_modificacion": "2025-08-01 01:01:02.686156"
  },
  "1c2ba141fe0c48a0be119c9e97b0f2db1105c.jpeg": {
    "app_sintetizada": "1C2BA141FE0C48A0BE119C9E97B0F2DB1105C.JPEG",
    "cantidad_archivos": 1,
    "archivos_fuente": [
      "Pictures/Fototeca de Fotos.photoslibrary/resources/derivatives/1/1C2BA141-FE0C-48A0-BE11-9C9E97B0F2DB_1_105_c.jpeg"
    ],
    "ultima_modificacion": "2025-08-01 01:01:02.686457"
  },
  "1fcfcda3c59e4bf88b566bf6772651341105c.jpeg": {
    "app_sintetizada": "1FCFCDA3C59E4BF88B566BF6772651341105C.JPEG",
    "cantidad_archivos": 1,
    "archivos_fuente": [
      "Pictures/Fototeca de Fotos.photoslibrary/resources/derivatives/1/1FCFCDA3-C59E-4BF8-8B56-6BF677265134_1_105_c.jpeg"
    ],
    "ultima_modificacion": "2025-08-01 01:01:02.686869"
  },
  "1d289e15a68147d5aec98e69074664121105c.jpeg": {
    "app_sintetizada": "1D289E15A68147D5AEC98E69074664121105C.JPEG",
    "cantidad_archivos": 1,
    "archivos_fuente": [
      "Pictures/Fototeca de Fotos.photoslibrary/resources/derivatives/1/1D289E15-A681-47D5-AEC9-8E6907466412_1_105_c.jpeg"
    ],
    "ultima_modificacion": "2025-08-01 01:01:02.687201"
  },
  "1fefe5384a56447da6eedf671ea770b81105c.jpeg": {
    "app_sintetizada": "1FEFE5384A56447DA6EEDF671EA770B81105C.JPEG",
    "cantidad_archivos": 1,
    "archivos_fuente": [
      "Pictures/Fototeca de Fotos.photoslibrary/resources/derivatives/1/1FEFE538-4A56-447D-A6EE-DF671EA770B8_1_105_c.jpeg"
    ],
    "ultima_modificacion": "2025-08-01 01:01:02.687552"
  },
  "199159a4c3414a0f8094341b3d950f411105c.jpeg": {
    "app_sintetizada": "199159A4C3414A0F8094341B3D950F411105C.JPEG",
    "cantidad_archivos": 1,
    "archivos_fuente": [
      "Pictures/Fototeca de Fotos.photoslibrary/resources/derivatives/1/199159A4-C341-4A0F-8094-341B3D950F41_1_105_c.jpeg"
    ],
    "ultima_modificacion": "2025-08-01 01:01:02.687816"
  },
  "1df6e3e6f7504effa0983873ce8342d31105c.jpeg": {
    "app_sintetizada": "1DF6E3E6F7504EFFA0983873CE8342D31105C.JPEG",
    "cantidad_archivos": 1,
    "archivos_fuente": [
      "Pictures/Fototeca de Fotos.photoslibrary/resources/derivatives/1/1DF6E3E6-F750-4EFF-A098-3873CE8342D3_1_105_c.jpeg"
    ],
    "ultima_modificacion": "2025-08-01 01:01:02.688077"
  },
  "1d2131c2d34b46c49362750f2b80e9531105c.jpeg": {
    "app_sintetizada": "1D2131C2D34B46C49362750F2B80E9531105C.JPEG",
    "cantidad_archivos": 1,
    "archivos_fuente": [
      "Pictures/Fototeca de Fotos.photoslibrary/resources/derivatives/1/1D2131C2-D34B-46C4-9362-750F2B80E953_1_105_c.jpeg"
    ],
    "ultima_modificacion": "2025-08-01 01:01:02.688334"
  },
  "1b271d5940f84f7891ca6d846cbdec901105c.jpeg": {
    "app_sintetizada": "1B271D5940F84F7891CA6D846CBDEC901105C.JPEG",
    "cantidad_archivos": 1,
    "archivos_fuente": [
      "Pictures/Fototeca de Fotos.photoslibrary/resources/derivatives/1/1B271D59-40F8-4F78-91CA-6D846CBDEC90_1_105_c.jpeg"
    ],
    "ultima_modificacion": "2025-08-01 01:01:02.688583"
  },
  "10dfd130d13641018813ea6038df060d1105c.jpeg": {
    "app_sintetizada": "10DFD130D13641018813EA6038DF060D1105C.JPEG",
    "cantidad_archivos": 1,
    "archivos_fuente": [
      "Pictures/Fototeca de Fotos.photoslibrary/resources/derivatives/1/10DFD130-D136-4101-8813-EA6038DF060D_1_105_c.jpeg"
    ],
    "ultima_modificacion": "2025-08-01 01:01:02.688826"
  },
  "1846aa8e86a247dc99e006a62f9e7dad1105c.jpeg": {
    "app_sintetizada": "1846AA8E86A247DC99E006A62F9E7DAD1105C.JPEG",
    "cantidad_archivos": 1,
    "archivos_fuente": [
      "Pictures/Fototeca de Fotos.photoslibrary/resources/derivatives/1/1846AA8E-86A2-47DC-99E0-06A62F9E7DAD_1_105_c.jpeg"
    ],
    "ultima_modificacion": "2025-08-01 01:01:02.689082"
  },
  "1e02b957d8614599b5bb17085d09232f1105c.jpeg": {
    "app_sintetizada": "1E02B957D8614599B5BB17085D09232F1105C.JPEG",
    "cantidad_archivos": 1,
    "archivos_fuente": [
      "Pictures/Fototeca de Fotos.photoslibrary/resources/derivatives/1/1E02B957-D861-4599-B5BB-17085D09232F_1_105_c.jpeg"
    ],
    "ultima_modificacion": "2025-08-01 01:01:02.689345"
  },
  "18f6a8e1ad0b4640af46e5c29b4e716c1105c.jpeg": {
    "app_sintetizada": "18F6A8E1AD0B4640AF46E5C29B4E716C1105C.JPEG",
    "cantidad_archivos": 1,
    "archivos_fuente": [
      "Pictures/Fototeca de Fotos.photoslibrary/resources/derivatives/1/18F6A8E1-AD0B-4640-AF46-E5C29B4E716C_1_105_c.jpeg"
    ],
    "ultima_modificacion": "2025-08-01 01:01:02.689604"
  },
  "17a42797309a4102a7708129b43e3d441105c.jpeg": {
    "app_sintetizada": "17A42797309A4102A7708129B43E3D441105C.JPEG",
    "cantidad_archivos": 1,
    "archivos_fuente": [
      "Pictures/Fototeca de Fotos.photoslibrary/resources/derivatives/1/17A42797-309A-4102-A770-8129B43E3D44_1_105_c.jpeg"
    ],
    "ultima_modificacion": "2025-08-01 01:01:02.689928"
  },
  "115e527f520b4363b812fcacbadd37fd1105c.jpeg": {
    "app_sintetizada": "115E527F520B4363B812FCACBADD37FD1105C.JPEG",
    "cantidad_archivos": 1,
    "archivos_fuente": [
      "Pictures/Fototeca de Fotos.photoslibrary/resources/derivatives/1/115E527F-520B-4363-B812-FCACBADD37FD_1_105_c.jpeg"
    ],
    "ultima_modificacion": "2025-08-01 01:01:02.690210"
  },
  "12a0bbd14086434b9560c76cbcf5ead21105c.jpeg": {
    "app_sintetizada": "12A0BBD14086434B9560C76CBCF5EAD21105C.JPEG",
    "cantidad_archivos": 1,
    "archivos_fuente": [
      "Pictures/Fototeca de Fotos.photoslibrary/resources/derivatives/1/12A0BBD1-4086-434B-9560-C76CBCF5EAD2_1_105_c.jpeg"
    ],
    "ultima_modificacion": "2025-08-01 01:01:02.690555"
  },
  "1f04483c34034036a6b64323190b148e1105c.jpeg": {
    "app_sintetizada": "1F04483C34034036A6B64323190B148E1105C.JPEG",
    "cantidad_archivos": 1,
    "archivos_fuente": [
      "Pictures/Fototeca de Fotos.photoslibrary/resources/derivatives/1/1F04483C-3403-4036-A6B6-4323190B148E_1_105_c.jpeg"
    ],
    "ultima_modificacion": "2025-08-01 01:01:02.690835"
  },
  "174abbfe6d9949a6880b77c0d47ba8131105c.jpeg": {
    "app_sintetizada": "174ABBFE6D9949A6880B77C0D47BA8131105C.JPEG",
    "cantidad_archivos": 1,
    "archivos_fuente": [
      "Pictures/Fototeca de Fotos.photoslibrary/resources/derivatives/1/174ABBFE-6D99-49A6-880B-77C0D47BA813_1_105_c.jpeg"
    ],
    "ultima_modificacion": "2025-08-01 01:01:02.691129"
  },
  "1278e6d4d6db41b9b50c88b7ccb865481105c.jpeg": {
    "app_sintetizada": "1278E6D4D6DB41B9B50C88B7CCB865481105C.JPEG",
    "cantidad_archivos": 1,
    "archivos_fuente": [
      "Pictures/Fototeca de Fotos.photoslibrary/resources/derivatives/1/1278E6D4-D6DB-41B9-B50C-88B7CCB86548_1_105_c.jpeg"
    ],
    "ultima_modificacion": "2025-08-01 01:01:02.691413"
  },
  "16ee7281156943978c4577978356b9421105c.jpeg": {
    "app_sintetizada": "16EE7281156943978C4577978356B9421105C.JPEG",
    "cantidad_archivos": 1,
    "archivos_fuente": [
      "Pictures/Fototeca de Fotos.photoslibrary/resources/derivatives/1/16EE7281-1569-4397-8C45-77978356B942_1_105_c.jpeg"
    ],
    "ultima_modificacion": "2025-08-01 01:01:02.691785"
  },
  "1ba8d16bd6c94bb69cd4d52d624a36dd1105c.jpeg": {
    "app_sintetizada": "1BA8D16BD6C94BB69CD4D52D624A36DD1105C.JPEG",
    "cantidad_archivos": 1,
    "archivos_fuente": [
      "Pictures/Fototeca de Fotos.photoslibrary/resources/derivatives/1/1BA8D16B-D6C9-4BB6-9CD4-D52D624A36DD_1_105_c.jpeg"
    ],
    "ultima_modificacion": "2025-08-01 01:01:02.692075"
  },
  "18c44913e31f4203a44c3bec098c93aa1105c.jpeg": {
    "app_sintetizada": "18C44913E31F4203A44C3BEC098C93AA1105C.JPEG",
    "cantidad_archivos": 1,
    "archivos_fuente": [
      "Pictures/Fototeca de Fotos.photoslibrary/resources/derivatives/1/18C44913-E31F-4203-A44C-3BEC098C93AA_1_105_c.jpeg"
    ],
    "ultima_modificacion": "2025-08-01 01:01:02.692394"
  },
  "1c2627ca068c4e48b7ee1437689057d7.thm": {
    "app_sintetizada": "1C2627CA068C4E48B7EE1437689057D7.THM",
    "cantidad_archivos": 1,
    "archivos_fuente": [
      "Pictures/Fototeca de Fotos.photoslibrary/resources/derivatives/1/1C2627CA-068C-4E48-B7EE-1437689057D7.THM"
    ],
    "ultima_modificacion": "2025-08-01 01:01:02.692766"
  },
  "1c59f3c5336f43cf802517fa0ee93ebc1105c.jpeg": {
    "app_sintetizada": "1C59F3C5336F43CF802517FA0EE93EBC1105C.JPEG",
    "cantidad_archivos": 1,
    "archivos_fuente": [
      "Pictures/Fototeca de Fotos.photoslibrary/resources/derivatives/1/1C59F3C5-336F-43CF-8025-17FA0EE93EBC_1_105_c.jpeg"
    ],
    "ultima_modificacion": "2025-08-01 01:01:02.693039"
  },
  "163d769981f94098a34a604917580b78.thm": {
    "app_sintetizada": "163D769981F94098A34A604917580B78.THM",
    "cantidad_archivos": 1,
    "archivos_fuente": [
      "Pictures/Fototeca de Fotos.photoslibrary/resources/derivatives/1/163D7699-81F9-4098-A34A-604917580B78.THM"
    ],
    "ultima_modificacion": "2025-08-01 01:01:02.693320"
  },
  "17442e28c35b45f794ed562d4614844f1102o.jpeg": {
    "app_sintetizada": "17442E28C35B45F794ED562D4614844F1102O.JPEG",
    "cantidad_archivos": 1,
    "archivos_fuente": [
      "Pictures/Fototeca de Fotos.photoslibrary/resources/derivatives/1/17442E28-C35B-45F7-94ED-562D4614844F_1_102_o.jpeg"
    ],
    "ultima_modificacion": "2025-08-01 01:01:02.693582"
  },
  "1a811257bb784ce3a1564f147e1a31961105c.jpeg": {
    "app_sintetizada": "1A811257BB784CE3A1564F147E1A31961105C.JPEG",
    "cantidad_archivos": 1,
    "archivos_fuente": [
      "Pictures/Fototeca de Fotos.photoslibrary/resources/derivatives/1/1A811257-BB78-4CE3-A156-4F147E1A3196_1_105_c.jpeg"
    ],
    "ultima_modificacion": "2025-08-01 01:01:02.693838"
  },
  "1c7079f7b6b24eddaaaf986e7c8ca71a1105c.jpeg": {
    "app_sintetizada": "1C7079F7B6B24EDDAAAF986E7C8CA71A1105C.JPEG",
    "cantidad_archivos": 1,
    "archivos_fuente": [
      "Pictures/Fototeca de Fotos.photoslibrary/resources/derivatives/1/1C7079F7-B6B2-4EDD-AAAF-986E7C8CA71A_1_105_c.jpeg"
    ],
    "ultima_modificacion": "2025-08-01 01:01:02.694093"
  },
  "1a4ccecbc2f04ef7a2fff9056cca8aeb1105c.jpeg": {
    "app_sintetizada": "1A4CCECBC2F04EF7A2FFF9056CCA8AEB1105C.JPEG",
    "cantidad_archivos": 1,
    "archivos_fuente": [
      "Pictures/Fototeca de Fotos.photoslibrary/resources/derivatives/1/1A4CCECB-C2F0-4EF7-A2FF-F9056CCA8AEB_1_105_c.jpeg"
    ],
    "ultima_modificacion": "2025-08-01 01:01:02.694343"
  },
  "1aaa82e03d83432c86a531db2edc18971105c.jpeg": {
    "app_sintetizada": "1AAA82E03D83432C86A531DB2EDC18971105C.JPEG",
    "cantidad_archivos": 1,
    "archivos_fuente": [
      "Pictures/Fototeca de Fotos.photoslibrary/resources/derivatives/1/1AAA82E0-3D83-432C-86A5-31DB2EDC1897_1_105_c.jpeg"
    ],
    "ultima_modificacion": "2025-08-01 01:01:02.694620"
  },
  "1a3f51eb54a642f2b10ff40399546e4b1105c.jpeg": {
    "app_sintetizada": "1A3F51EB54A642F2B10FF40399546E4B1105C.JPEG",
    "cantidad_archivos": 1,
    "archivos_fuente": [
      "Pictures/Fototeca de Fotos.photoslibrary/resources/derivatives/1/1A3F51EB-54A6-42F2-B10F-F40399546E4B_1_105_c.jpeg"
    ],
    "ultima_modificacion": "2025-08-01 01:01:02.694882"
  },
  "1f74f1f4f104489b891d11e9365e5e1f1105c.jpeg": {
    "app_sintetizada": "1F74F1F4F104489B891D11E9365E5E1F1105C.JPEG",
    "cantidad_archivos": 1,
    "archivos_fuente": [
      "Pictures/Fototeca de Fotos.photoslibrary/resources/derivatives/1/1F74F1F4-F104-489B-891D-11E9365E5E1F_1_105_c.jpeg"
    ],
    "ultima_modificacion": "2025-08-01 01:01:02.695144"
  },
  "1bd1780bb8ba403c883f87277b46d7eb1105c.jpeg": {
    "app_sintetizada": "1BD1780BB8BA403C883F87277B46D7EB1105C.JPEG",
    "cantidad_archivos": 1,
    "archivos_fuente": [
      "Pictures/Fototeca de Fotos.photoslibrary/resources/derivatives/1/1BD1780B-B8BA-403C-883F-87277B46D7EB_1_105_c.jpeg"
    ],
    "ultima_modificacion": "2025-08-01 01:01:02.695417"
  },
  "1a3758a36cc14ed39446649fdabde6fb1105c.jpeg": {
    "app_sintetizada": "1A3758A36CC14ED39446649FDABDE6FB1105C.JPEG",
    "cantidad_archivos": 1,
    "archivos_fuente": [
      "Pictures/Fototeca de Fotos.photoslibrary/resources/derivatives/1/1A3758A3-6CC1-4ED3-9446-649FDABDE6FB_1_105_c.jpeg"
    ],
    "ultima_modificacion": "2025-08-01 01:01:02.695721"
  },
  "11945e043e2b46038737594203df9f661105c.jpeg": {
    "app_sintetizada": "11945E043E2B46038737594203DF9F661105C.JPEG",
    "cantidad_archivos": 1,
    "archivos_fuente": [
      "Pictures/Fototeca de Fotos.photoslibrary/resources/derivatives/1/11945E04-3E2B-4603-8737-594203DF9F66_1_105_c.jpeg"
    ],
    "ultima_modificacion": "2025-08-01 01:01:02.696011"
  },
  "1221f78884da4163b450c95c321d4a191105c.jpeg": {
    "app_sintetizada": "1221F78884DA4163B450C95C321D4A191105C.JPEG",
    "cantidad_archivos": 1,
    "archivos_fuente": [
      "Pictures/Fototeca de Fotos.photoslibrary/resources/derivatives/1/1221F788-84DA-4163-B450-C95C321D4A19_1_105_c.jpeg"
    ],
    "ultima_modificacion": "2025-08-01 01:01:02.696319"
  },
  "1e3f514a66a44c04b6784f37d2e23e561105c.jpeg": {
    "app_sintetizada": "1E3F514A66A44C04B6784F37D2E23E561105C.JPEG",
    "cantidad_archivos": 1,
    "archivos_fuente": [
      "Pictures/Fototeca de Fotos.photoslibrary/resources/derivatives/1/1E3F514A-66A4-4C04-B678-4F37D2E23E56_1_105_c.jpeg"
    ],
    "ultima_modificacion": "2025-08-01 01:01:02.696600"
  },
  "18be27b1c215482c8376387eeecdc2e5.thm": {
    "app_sintetizada": "18BE27B1C215482C8376387EEECDC2E5.THM",
    "cantidad_archivos": 1,
    "archivos_fuente": [
      "Pictures/Fototeca de Fotos.photoslibrary/resources/derivatives/1/18BE27B1-C215-482C-8376-387EEECDC2E5.THM"
    ],
    "ultima_modificacion": "2025-08-01 01:01:02.696883"
  },
  "197439a49d17464681af65d31075ff0a1105c.jpeg": {
    "app_sintetizada": "197439A49D17464681AF65D31075FF0A1105C.JPEG",
    "cantidad_archivos": 1,
    "archivos_fuente": [
      "Pictures/Fototeca de Fotos.photoslibrary/resources/derivatives/1/197439A4-9D17-4646-81AF-65D31075FF0A_1_105_c.jpeg"
    ],
    "ultima_modificacion": "2025-08-01 01:01:02.697177"
  },
  "15416291337d4defb450ac94c6c2339c1105c.jpeg": {
    "app_sintetizada": "15416291337D4DEFB450AC94C6C2339C1105C.JPEG",
    "cantidad_archivos": 1,
    "archivos_fuente": [
      "Pictures/Fototeca de Fotos.photoslibrary/resources/derivatives/1/15416291-337D-4DEF-B450-AC94C6C2339C_1_105_c.jpeg"
    ],
    "ultima_modificacion": "2025-08-01 01:01:02.697454"
  },
  "1043afa9ec4a4a8990a1942f318616581105c.jpeg": {
    "app_sintetizada": "1043AFA9EC4A4A8990A1942F318616581105C.JPEG",
    "cantidad_archivos": 1,
    "archivos_fuente": [
      "Pictures/Fototeca de Fotos.photoslibrary/resources/derivatives/1/1043AFA9-EC4A-4A89-90A1-942F31861658_1_105_c.jpeg"
    ],
    "ultima_modificacion": "2025-08-01 01:01:02.697742"
  },
  "1a7291a80be24c34bdec9ad02dbbca411105c.jpeg": {
    "app_sintetizada": "1A7291A80BE24C34BDEC9AD02DBBCA411105C.JPEG",
    "cantidad_archivos": 1,
    "archivos_fuente": [
      "Pictures/Fototeca de Fotos.photoslibrary/resources/derivatives/1/1A7291A8-0BE2-4C34-BDEC-9AD02DBBCA41_1_105_c.jpeg"
    ],
    "ultima_modificacion": "2025-08-01 01:01:02.698023"
  },
  "194110da27d141b8ac80afd323b165761105c.jpeg": {
    "app_sintetizada": "194110DA27D141B8AC80AFD323B165761105C.JPEG",
    "cantidad_archivos": 1,
    "archivos_fuente": [
      "Pictures/Fototeca de Fotos.photoslibrary/resources/derivatives/1/194110DA-27D1-41B8-AC80-AFD323B16576_1_105_c.jpeg"
    ],
    "ultima_modificacion": "2025-08-01 01:01:02.698291"
  },
  "11ace537f4a845cba891af491266f3e21105c.jpeg": {
    "app_sintetizada": "11ACE537F4A845CBA891AF491266F3E21105C.JPEG",
    "cantidad_archivos": 1,
    "archivos_fuente": [
      "Pictures/Fototeca de Fotos.photoslibrary/resources/derivatives/1/11ACE537-F4A8-45CB-A891-AF491266F3E2_1_105_c.jpeg"
    ],
    "ultima_modificacion": "2025-08-01 01:01:02.698565"
  },
  "107a26cc111140e09dddc41540e3fd311105c.jpeg": {
    "app_sintetizada": "107A26CC111140E09DDDC41540E3FD311105C.JPEG",
    "cantidad_archivos": 1,
    "archivos_fuente": [
      "Pictures/Fototeca de Fotos.photoslibrary/resources/derivatives/1/107A26CC-1111-40E0-9DDD-C41540E3FD31_1_105_c.jpeg"
    ],
    "ultima_modificacion": "2025-08-01 01:01:02.698856"
  },
  "19088c2cbac34b6189351ce4681a58cb1105c.jpeg": {
    "app_sintetizada": "19088C2CBAC34B6189351CE4681A58CB1105C.JPEG",
    "cantidad_archivos": 1,
    "archivos_fuente": [
      "Pictures/Fototeca de Fotos.photoslibrary/resources/derivatives/1/19088C2C-BAC3-4B61-8935-1CE4681A58CB_1_105_c.jpeg"
    ],
    "ultima_modificacion": "2025-08-01 01:01:02.699136"
  },
  "18d1f595b332483c99768ff84320f85d1105c.jpeg": {
    "app_sintetizada": "18D1F595B332483C99768FF84320F85D1105C.JPEG",
    "cantidad_archivos": 1,
    "archivos_fuente": [
      "Pictures/Fototeca de Fotos.photoslibrary/resources/derivatives/1/18D1F595-B332-483C-9976-8FF84320F85D_1_105_c.jpeg"
    ],
    "ultima_modificacion": "2025-08-01 01:01:02.699439"
  },
  "153aa267e81f4373999c3c20dbfa1401.thm": {
    "app_sintetizada": "153AA267E81F4373999C3C20DBFA1401.THM",
    "cantidad_archivos": 1,
    "archivos_fuente": [
      "Pictures/Fototeca de Fotos.photoslibrary/resources/derivatives/1/153AA267-E81F-4373-999C-3C20DBFA1401.THM"
    ],
    "ultima_modificacion": "2025-08-01 01:01:02.699728"
  },
  "18152a5964db4ac2a5d41eed605e6a351105c.jpeg": {
    "app_sintetizada": "18152A5964DB4AC2A5D41EED605E6A351105C.JPEG",
    "cantidad_archivos": 1,
    "archivos_fuente": [
      "Pictures/Fototeca de Fotos.photoslibrary/resources/derivatives/1/18152A59-64DB-4AC2-A5D4-1EED605E6A35_1_105_c.jpeg"
    ],
    "ultima_modificacion": "2025-08-01 01:01:02.700009"
  },
  "1ae83725f21340ba96ba4837eeb6771a1105c.jpeg": {
    "app_sintetizada": "1AE83725F21340BA96BA4837EEB6771A1105C.JPEG",
    "cantidad_archivos": 1,
    "archivos_fuente": [
      "Pictures/Fototeca de Fotos.photoslibrary/resources/derivatives/1/1AE83725-F213-40BA-96BA-4837EEB6771A_1_105_c.jpeg"
    ],
    "ultima_modificacion": "2025-08-01 01:01:02.700299"
  },
  "17b06114ce2c47dfa82ab87be85ef29e1105c.jpeg": {
    "app_sintetizada": "17B06114CE2C47DFA82AB87BE85EF29E1105C.JPEG",
    "cantidad_archivos": 1,
    "archivos_fuente": [
      "Pictures/Fototeca de Fotos.photoslibrary/resources/derivatives/1/17B06114-CE2C-47DF-A82A-B87BE85EF29E_1_105_c.jpeg"
    ],
    "ultima_modificacion": "2025-08-01 01:01:02.700579"
  },
  "13f3b9e3caf042da8bf24612fe1985ba1105c.jpeg": {
    "app_sintetizada": "13F3B9E3CAF042DA8BF24612FE1985BA1105C.JPEG",
    "cantidad_archivos": 1,
    "archivos_fuente": [
      "Pictures/Fototeca de Fotos.photoslibrary/resources/derivatives/1/13F3B9E3-CAF0-42DA-8BF2-4612FE1985BA_1_105_c.jpeg"
    ],
    "ultima_modificacion": "2025-08-01 01:01:02.700875"
  },
  "1f72bff366b643b38065eaf873786f601105c.jpeg": {
    "app_sintetizada": "1F72BFF366B643B38065EAF873786F601105C.JPEG",
    "cantidad_archivos": 1,
    "archivos_fuente": [
      "Pictures/Fototeca de Fotos.photoslibrary/resources/derivatives/1/1F72BFF3-66B6-43B3-8065-EAF873786F60_1_105_c.jpeg"
    ],
    "ultima_modificacion": "2025-08-01 01:01:02.701273"
  },
  "19556db8bc7548dabf0f12178ea165ea1105c.jpeg": {
    "app_sintetizada": "19556DB8BC7548DABF0F12178EA165EA1105C.JPEG",
    "cantidad_archivos": 1,
    "archivos_fuente": [
      "Pictures/Fototeca de Fotos.photoslibrary/resources/derivatives/1/19556DB8-BC75-48DA-BF0F-12178EA165EA_1_105_c.jpeg"
    ],
    "ultima_modificacion": "2025-08-01 01:01:02.701564"
  },
  "1371057557114bc8999d7e83dd27420d1105c.jpeg": {
    "app_sintetizada": "1371057557114BC8999D7E83DD27420D1105C.JPEG",
    "cantidad_archivos": 1,
    "archivos_fuente": [
      "Pictures/Fototeca de Fotos.photoslibrary/resources/derivatives/1/13710575-5711-4BC8-999D-7E83DD27420D_1_105_c.jpeg"
    ],
    "ultima_modificacion": "2025-08-01 01:01:02.701867"
  },
  "197c34ee19424edd8af922c0c8d4d1b61105c.jpeg": {
    "app_sintetizada": "197C34EE19424EDD8AF922C0C8D4D1B61105C.JPEG",
    "cantidad_archivos": 1,
    "archivos_fuente": [
      "Pictures/Fototeca de Fotos.photoslibrary/resources/derivatives/1/197C34EE-1942-4EDD-8AF9-22C0C8D4D1B6_1_105_c.jpeg"
    ],
    "ultima_modificacion": "2025-08-01 01:01:02.702159"
  },
  "1d720912f036484cae5442f262e449401105c.jpeg": {
    "app_sintetizada": "1D720912F036484CAE5442F262E449401105C.JPEG",
    "cantidad_archivos": 1,
    "archivos_fuente": [
      "Pictures/Fototeca de Fotos.photoslibrary/resources/derivatives/1/1D720912-F036-484C-AE54-42F262E44940_1_105_c.jpeg"
    ],
    "ultima_modificacion": "2025-08-01 01:01:02.702437"
  },
  "167634faab764908a6daf4f1f06906641105c.jpeg": {
    "app_sintetizada": "167634FAAB764908A6DAF4F1F06906641105C.JPEG",
    "cantidad_archivos": 1,
    "archivos_fuente": [
      "Pictures/Fototeca de Fotos.photoslibrary/resources/derivatives/1/167634FA-AB76-4908-A6DA-F4F1F0690664_1_105_c.jpeg"
    ],
    "ultima_modificacion": "2025-08-01 01:01:02.702712"
  },
  "160ffbb4f27d426088b223e1185502941105c.jpeg": {
    "app_sintetizada": "160FFBB4F27D426088B223E1185502941105C.JPEG",
    "cantidad_archivos": 1,
    "archivos_fuente": [
      "Pictures/Fototeca de Fotos.photoslibrary/resources/derivatives/1/160FFBB4-F27D-4260-88B2-23E118550294_1_105_c.jpeg"
    ],
    "ultima_modificacion": "2025-08-01 01:01:02.702990"
  },
  "155bd3a48cd24f9295e2025bf3d20dc7.thm": {
    "app_sintetizada": "155BD3A48CD24F9295E2025BF3D20DC7.THM",
    "cantidad_archivos": 1,
    "archivos_fuente": [
      "Pictures/Fototeca de Fotos.photoslibrary/resources/derivatives/1/155BD3A4-8CD2-4F92-95E2-025BF3D20DC7.THM"
    ],
    "ultima_modificacion": "2025-08-01 01:01:02.703265"
  },
  "1eeb4852e9f14eecad08b9d7b258d68e1105c.jpeg": {
    "app_sintetizada": "1EEB4852E9F14EECAD08B9D7B258D68E1105C.JPEG",
    "cantidad_archivos": 1,
    "archivos_fuente": [
      "Pictures/Fototeca de Fotos.photoslibrary/resources/derivatives/1/1EEB4852-E9F1-4EEC-AD08-B9D7B258D68E_1_105_c.jpeg"
    ],
    "ultima_modificacion": "2025-08-01 01:01:02.703526"
  },
  "1813fd8f808c4847846e266b70bc3a361105c.jpeg": {
    "app_sintetizada": "1813FD8F808C4847846E266B70BC3A361105C.JPEG",
    "cantidad_archivos": 1,
    "archivos_fuente": [
      "Pictures/Fototeca de Fotos.photoslibrary/resources/derivatives/1/1813FD8F-808C-4847-846E-266B70BC3A36_1_105_c.jpeg"
    ],
    "ultima_modificacion": "2025-08-01 01:01:02.703806"
  },
  "1733121aca1247869ae73dfc860ee70c1105c.jpeg": {
    "app_sintetizada": "1733121ACA1247869AE73DFC860EE70C1105C.JPEG",
    "cantidad_archivos": 1,
    "archivos_fuente": [
      "Pictures/Fototeca de Fotos.photoslibrary/resources/derivatives/1/1733121A-CA12-4786-9AE7-3DFC860EE70C_1_105_c.jpeg"
    ],
    "ultima_modificacion": "2025-08-01 01:01:02.704118"
  },
  "13a540063f714d978ae5becd9fe73d971105c.jpeg": {
    "app_sintetizada": "13A540063F714D978AE5BECD9FE73D971105C.JPEG",
    "cantidad_archivos": 1,
    "archivos_fuente": [
      "Pictures/Fototeca de Fotos.photoslibrary/resources/derivatives/1/13A54006-3F71-4D97-8AE5-BECD9FE73D97_1_105_c.jpeg"
    ],
    "ultima_modificacion": "2025-08-01 01:01:02.704416"
  },
  "1cb20f048002450192749234bd7f80291105c.jpeg": {
    "app_sintetizada": "1CB20F048002450192749234BD7F80291105C.JPEG",
    "cantidad_archivos": 1,
    "archivos_fuente": [
      "Pictures/Fototeca de Fotos.photoslibrary/resources/derivatives/1/1CB20F04-8002-4501-9274-9234BD7F8029_1_105_c.jpeg"
    ],
    "ultima_modificacion": "2025-08-01 01:01:02.704686"
  },
  "1cf0bb171e9d481690e1ea1f98f9ba391105c.jpeg": {
    "app_sintetizada": "1CF0BB171E9D481690E1EA1F98F9BA391105C.JPEG",
    "cantidad_archivos": 1,
    "archivos_fuente": [
      "Pictures/Fototeca de Fotos.photoslibrary/resources/derivatives/1/1CF0BB17-1E9D-4816-90E1-EA1F98F9BA39_1_105_c.jpeg"
    ],
    "ultima_modificacion": "2025-08-01 01:01:02.704963"
  },
  "1b2151b858a5452fbe7e6a4603a8d00a1105c.jpeg": {
    "app_sintetizada": "1B2151B858A5452FBE7E6A4603A8D00A1105C.JPEG",
    "cantidad_archivos": 1,
    "archivos_fuente": [
      "Pictures/Fototeca de Fotos.photoslibrary/resources/derivatives/1/1B2151B8-58A5-452F-BE7E-6A4603A8D00A_1_105_c.jpeg"
    ],
    "ultima_modificacion": "2025-08-01 01:01:02.705275"
  },
  "19ffdbb3193545f08ed0e60a816000901105c.jpeg": {
    "app_sintetizada": "19FFDBB3193545F08ED0E60A816000901105C.JPEG",
    "cantidad_archivos": 1,
    "archivos_fuente": [
      "Pictures/Fototeca de Fotos.photoslibrary/resources/derivatives/1/19FFDBB3-1935-45F0-8ED0-E60A81600090_1_105_c.jpeg"
    ],
    "ultima_modificacion": "2025-08-01 01:01:02.705564"
  },
  "18e86f9822dd4164b0d93d74b9a352da.thm": {
    "app_sintetizada": "18E86F9822DD4164B0D93D74B9A352DA.THM",
    "cantidad_archivos": 1,
    "archivos_fuente": [
      "Pictures/Fototeca de Fotos.photoslibrary/resources/derivatives/1/18E86F98-22DD-4164-B0D9-3D74B9A352DA.THM"
    ],
    "ultima_modificacion": "2025-08-01 01:01:02.705850"
  },
  "10c2d1b951ef4554b51c57cc44aebcd11105c.jpeg": {
    "app_sintetizada": "10C2D1B951EF4554B51C57CC44AEBCD11105C.JPEG",
    "cantidad_archivos": 1,
    "archivos_fuente": [
      "Pictures/Fototeca de Fotos.photoslibrary/resources/derivatives/1/10C2D1B9-51EF-4554-B51C-57CC44AEBCD1_1_105_c.jpeg"
    ],
    "ultima_modificacion": "2025-08-01 01:01:02.706129"
  },
  "130ceebfe7af48da8ee6bad11d5507231105c.jpeg": {
    "app_sintetizada": "130CEEBFE7AF48DA8EE6BAD11D5507231105C.JPEG",
    "cantidad_archivos": 1,
    "archivos_fuente": [
      "Pictures/Fototeca de Fotos.photoslibrary/resources/derivatives/1/130CEEBF-E7AF-48DA-8EE6-BAD11D550723_1_105_c.jpeg"
    ],
    "ultima_modificacion": "2025-08-01 01:01:02.706411"
  },
  "14eb66adee0744169cea397030843fca1105c.jpeg": {
    "app_sintetizada": "14EB66ADEE0744169CEA397030843FCA1105C.JPEG",
    "cantidad_archivos": 1,
    "archivos_fuente": [
      "Pictures/Fototeca de Fotos.photoslibrary/resources/derivatives/1/14EB66AD-EE07-4416-9CEA-397030843FCA_1_105_c.jpeg"
    ],
    "ultima_modificacion": "2025-08-01 01:01:02.706697"
  },
  "112c491223f147c6be174db19edceee51105c.jpeg": {
    "app_sintetizada": "112C491223F147C6BE174DB19EDCEEE51105C.JPEG",
    "cantidad_archivos": 1,
    "archivos_fuente": [
      "Pictures/Fototeca de Fotos.photoslibrary/resources/derivatives/1/112C4912-23F1-47C6-BE17-4DB19EDCEEE5_1_105_c.jpeg"
    ],
    "ultima_modificacion": "2025-08-01 01:01:02.706976"
  },
  "10f43ba746be4681bf2672787f96dadc1105c.jpeg": {
    "app_sintetizada": "10F43BA746BE4681BF2672787F96DADC1105C.JPEG",
    "cantidad_archivos": 1,
    "archivos_fuente": [
      "Pictures/Fototeca de Fotos.photoslibrary/resources/derivatives/1/10F43BA7-46BE-4681-BF26-72787F96DADC_1_105_c.jpeg"
    ],
    "ultima_modificacion": "2025-08-01 01:01:02.707285"
  },
  "1cbffad5af164aac930d13dc92dccc471105c.jpeg": {
    "app_sintetizada": "1CBFFAD5AF164AAC930D13DC92DCCC471105C.JPEG",
    "cantidad_archivos": 1,
    "archivos_fuente": [
      "Pictures/Fototeca de Fotos.photoslibrary/resources/derivatives/1/1CBFFAD5-AF16-4AAC-930D-13DC92DCCC47_1_105_c.jpeg"
    ],
    "ultima_modificacion": "2025-08-01 01:01:02.707570"
  },
  "131364b5cfd7488db616c786ce7901711105c.jpeg": {
    "app_sintetizada": "131364B5CFD7488DB616C786CE7901711105C.JPEG",
    "cantidad_archivos": 1,
    "archivos_fuente": [
      "Pictures/Fototeca de Fotos.photoslibrary/resources/derivatives/1/131364B5-CFD7-488D-B616-C786CE790171_1_105_c.jpeg"
    ],
    "ultima_modificacion": "2025-08-01 01:01:02.707846"
  },
  "12e69c84132c4c0d8fab3e5a3fa567eb1105c.jpeg": {
    "app_sintetizada": "12E69C84132C4C0D8FAB3E5A3FA567EB1105C.JPEG",
    "cantidad_archivos": 1,
    "archivos_fuente": [
      "Pictures/Fototeca de Fotos.photoslibrary/resources/derivatives/1/12E69C84-132C-4C0D-8FAB-3E5A3FA567EB_1_105_c.jpeg"
    ],
    "ultima_modificacion": "2025-08-01 01:01:02.708139"
  },
  "129a1ef273384819a4b52c1440ea0f191105c.jpeg": {
    "app_sintetizada": "129A1EF273384819A4B52C1440EA0F191105C.JPEG",
    "cantidad_archivos": 1,
    "archivos_fuente": [
      "Pictures/Fototeca de Fotos.photoslibrary/resources/derivatives/1/129A1EF2-7338-4819-A4B5-2C1440EA0F19_1_105_c.jpeg"
    ],
    "ultima_modificacion": "2025-08-01 01:01:02.708480"
  },
  "153cc210138c463c9b2934e567a0bbdc1105c.jpeg": {
    "app_sintetizada": "153CC210138C463C9B2934E567A0BBDC1105C.JPEG",
    "cantidad_archivos": 1,
    "archivos_fuente": [
      "Pictures/Fototeca de Fotos.photoslibrary/resources/derivatives/1/153CC210-138C-463C-9B29-34E567A0BBDC_1_105_c.jpeg"
    ],
    "ultima_modificacion": "2025-08-01 01:01:02.708793"
  },
  "125116f08d3e4903916f6d65bbf141db1105c.jpeg": {
    "app_sintetizada": "125116F08D3E4903916F6D65BBF141DB1105C.JPEG",
    "cantidad_archivos": 1,
    "archivos_fuente": [
      "Pictures/Fototeca de Fotos.photoslibrary/resources/derivatives/1/125116F0-8D3E-4903-916F-6D65BBF141DB_1_105_c.jpeg"
    ],
    "ultima_modificacion": "2025-08-01 01:01:02.709107"
  },
  "19b59a3cb000482da08573d5b8c8b3581105c.jpeg": {
    "app_sintetizada": "19B59A3CB000482DA08573D5B8C8B3581105C.JPEG",
    "cantidad_archivos": 1,
    "archivos_fuente": [
      "Pictures/Fototeca de Fotos.photoslibrary/resources/derivatives/1/19B59A3C-B000-482D-A085-73D5B8C8B358_1_105_c.jpeg"
    ],
    "ultima_modificacion": "2025-08-01 01:01:02.709392"
  },
  "14d3ca4ef5f740a78146941ac73546f71105c.jpeg": {
    "app_sintetizada": "14D3CA4EF5F740A78146941AC73546F71105C.JPEG",
    "cantidad_archivos": 1,
    "archivos_fuente": [
      "Pictures/Fototeca de Fotos.photoslibrary/resources/derivatives/1/14D3CA4E-F5F7-40A7-8146-941AC73546F7_1_105_c.jpeg"
    ],
    "ultima_modificacion": "2025-08-01 01:01:02.709677"
  },
  "17819349f8234bb3b1acefb8122d62661105c.jpeg": {
    "app_sintetizada": "17819349F8234BB3B1ACEFB8122D62661105C.JPEG",
    "cantidad_archivos": 1,
    "archivos_fuente": [
      "Pictures/Fototeca de Fotos.photoslibrary/resources/derivatives/1/17819349-F823-4BB3-B1AC-EFB8122D6266_1_105_c.jpeg"
    ],
    "ultima_modificacion": "2025-08-01 01:01:02.709962"
  },
  "16c695d688f64b2d93b4197a82f6311a1105c.jpeg": {
    "app_sintetizada": "16C695D688F64B2D93B4197A82F6311A1105C.JPEG",
    "cantidad_archivos": 1,
    "archivos_fuente": [
      "Pictures/Fototeca de Fotos.photoslibrary/resources/derivatives/1/16C695D6-88F6-4B2D-93B4-197A82F6311A_1_105_c.jpeg"
    ],
    "ultima_modificacion": "2025-08-01 01:01:02.710253"
  },
  "14b61ad37c9b466ca78d4d0e2bc531521105c.jpeg": {
    "app_sintetizada": "14B61AD37C9B466CA78D4D0E2BC531521105C.JPEG",
    "cantidad_archivos": 1,
    "archivos_fuente": [
      "Pictures/Fototeca de Fotos.photoslibrary/resources/derivatives/1/14B61AD3-7C9B-466C-A78D-4D0E2BC53152_1_105_c.jpeg"
    ],
    "ultima_modificacion": "2025-08-01 01:01:02.710562"
  },
  "104b5229e89f44a49563aec5ff76b1591105c.jpeg": {
    "app_sintetizada": "104B5229E89F44A49563AEC5FF76B1591105C.JPEG",
    "cantidad_archivos": 1,
    "archivos_fuente": [
      "Pictures/Fototeca de Fotos.photoslibrary/resources/derivatives/1/104B5229-E89F-44A4-9563-AEC5FF76B159_1_105_c.jpeg"
    ],
    "ultima_modificacion": "2025-08-01 01:01:02.710833"
  },
  "1c386816e77f4d7e995ce8e9603213491105c.jpeg": {
    "app_sintetizada": "1C386816E77F4D7E995CE8E9603213491105C.JPEG",
    "cantidad_archivos": 1,
    "archivos_fuente": [
      "Pictures/Fototeca de Fotos.photoslibrary/resources/derivatives/1/1C386816-E77F-4D7E-995C-E8E960321349_1_105_c.jpeg"
    ],
    "ultima_modificacion": "2025-08-01 01:01:02.711066"
  }
}