{
  "6921e90c4a6447c2a28a01dff1566b961105c.jpeg": {
    "app_sintetizada": "6921E90C4A6447C2A28A01DFF1566B961105C.JPEG",
    "cantidad_archivos": 1,
    "archivos_fuente": [
      "Pictures/Fototeca de Fotos.photoslibrary/resources/derivatives/6/6921E90C-4A64-47C2-A28A-01DFF1566B96_1_105_c.jpeg"
    ],
    "ultima_modificacion": "2025-08-01 01:01:01.868371"
  },
  "6f02e894666846dd91a7008902806194.thm": {
    "app_sintetizada": "6F02E894666846DD91A7008902806194.THM",
    "cantidad_archivos": 1,
    "archivos_fuente": [
      "Pictures/Fototeca de Fotos.photoslibrary/resources/derivatives/6/6F02E894-6668-46DD-91A7-008902806194.THM"
    ],
    "ultima_modificacion": "2025-08-01 01:01:01.868579"
  },
  "63279d49fba34956a03ecec490149ae61105c.jpeg": {
    "app_sintetizada": "63279D49FBA34956A03ECEC490149AE61105C.JPEG",
    "cantidad_archivos": 1,
    "archivos_fuente": [
      "Pictures/Fototeca de Fotos.photoslibrary/resources/derivatives/6/63279D49-FBA3-4956-A03E-CEC490149AE6_1_105_c.jpeg"
    ],
    "ultima_modificacion": "2025-08-01 01:01:01.868769"
  },
  "6c9855a0858d4b388592e91544e5688f1105c.jpeg": {
    "app_sintetizada": "6C9855A0858D4B388592E91544E5688F1105C.JPEG",
    "cantidad_archivos": 1,
    "archivos_fuente": [
      "Pictures/Fototeca de Fotos.photoslibrary/resources/derivatives/6/6C9855A0-858D-4B38-8592-E91544E5688F_1_105_c.jpeg"
    ],
    "ultima_modificacion": "2025-08-01 01:01:01.868961"
  },
  "61a96a8c2e8949469d85068eeb12f0c51105c.jpeg": {
    "app_sintetizada": "61A96A8C2E8949469D85068EEB12F0C51105C.JPEG",
    "cantidad_archivos": 1,
    "archivos_fuente": [
      "Pictures/Fototeca de Fotos.photoslibrary/resources/derivatives/6/61A96A8C-2E89-4946-9D85-068EEB12F0C5_1_105_c.jpeg"
    ],
    "ultima_modificacion": "2025-08-01 01:01:01.869145"
  },
  "6c7fe5e366244175baca91bf75af51871105c.jpeg": {
    "app_sintetizada": "6C7FE5E366244175BACA91BF75AF51871105C.JPEG",
    "cantidad_archivos": 1,
    "archivos_fuente": [
      "Pictures/Fototeca de Fotos.photoslibrary/resources/derivatives/6/6C7FE5E3-6624-4175-BACA-91BF75AF5187_1_105_c.jpeg"
    ],
    "ultima_modificacion": "2025-08-01 01:01:01.869324"
  },
  "6753c5d3efdc486d872898befcc07fdf.thm": {
    "app_sintetizada": "6753C5D3EFDC486D872898BEFCC07FDF.THM",
    "cantidad_archivos": 1,
    "archivos_fuente": [
      "Pictures/Fototeca de Fotos.photoslibrary/resources/derivatives/6/6753C5D3-EFDC-486D-8728-98BEFCC07FDF.THM"
    ],
    "ultima_modificacion": "2025-08-01 01:01:01.869505"
  },
  "6cfec35efd844511838e2e2f7503a77f1105c.jpeg": {
    "app_sintetizada": "6CFEC35EFD844511838E2E2F7503A77F1105C.JPEG",
    "cantidad_archivos": 1,
    "archivos_fuente": [
      "Pictures/Fototeca de Fotos.photoslibrary/resources/derivatives/6/6CFEC35E-FD84-4511-838E-2E2F7503A77F_1_105_c.jpeg"
    ],
    "ultima_modificacion": "2025-08-01 01:01:01.869685"
  },
  "6eed7566758c4c8b960a864cd3b2f05e1105c.jpeg": {
    "app_sintetizada": "6EED7566758C4C8B960A864CD3B2F05E1105C.JPEG",
    "cantidad_archivos": 1,
    "archivos_fuente": [
      "Pictures/Fototeca de Fotos.photoslibrary/resources/derivatives/6/6EED7566-758C-4C8B-960A-864CD3B2F05E_1_105_c.jpeg"
    ],
    "ultima_modificacion": "2025-08-01 01:01:01.869866"
  },
  "61ad958ab6ea4e38940c1ceee4394f8a1105c.jpeg": {
    "app_sintetizada": "61AD958AB6EA4E38940C1CEEE4394F8A1105C.JPEG",
    "cantidad_archivos": 1,
    "archivos_fuente": [
      "Pictures/Fototeca de Fotos.photoslibrary/resources/derivatives/6/61AD958A-B6EA-4E38-940C-1CEEE4394F8A_1_105_c.jpeg"
    ],
    "ultima_modificacion": "2025-08-01 01:01:01.870050"
  },
  "681f3ceb90184ea8a58c2c4656086b741102o.jpeg": {
    "app_sintetizada": "681F3CEB90184EA8A58C2C4656086B741102O.JPEG",
    "cantidad_archivos": 1,
    "archivos_fuente": [
      "Pictures/Fototeca de Fotos.photoslibrary/resources/derivatives/6/681F3CEB-9018-4EA8-A58C-2C4656086B74_1_102_o.jpeg"
    ],
    "ultima_modificacion": "2025-08-01 01:01:01.870252"
  },
  "65789f76d3df4d7dafd4c5fab3f43b0b1105c.jpeg": {
    "app_sintetizada": "65789F76D3DF4D7DAFD4C5FAB3F43B0B1105C.JPEG",
    "cantidad_archivos": 1,
    "archivos_fuente": [
      "Pictures/Fototeca de Fotos.photoslibrary/resources/derivatives/6/65789F76-D3DF-4D7D-AFD4-C5FAB3F43B0B_1_105_c.jpeg"
    ],
    "ultima_modificacion": "2025-08-01 01:01:01.870442"
  },
  "66a8a28483144b57b943189451efff021105c.jpeg": {
    "app_sintetizada": "66A8A28483144B57B943189451EFFF021105C.JPEG",
    "cantidad_archivos": 1,
    "archivos_fuente": [
      "Pictures/Fototeca de Fotos.photoslibrary/resources/derivatives/6/66A8A284-8314-4B57-B943-189451EFFF02_1_105_c.jpeg"
    ],
    "ultima_modificacion": "2025-08-01 01:01:01.870747"
  },
  "636656432ae34118944c391c5bac43711105c.jpeg": {
    "app_sintetizada": "636656432AE34118944C391C5BAC43711105C.JPEG",
    "cantidad_archivos": 1,
    "archivos_fuente": [
      "Pictures/Fototeca de Fotos.photoslibrary/resources/derivatives/6/63665643-2AE3-4118-944C-391C5BAC4371_1_105_c.jpeg"
    ],
    "ultima_modificacion": "2025-08-01 01:01:01.871031"
  },
  "61e1540169c74233af0ace7c170836501105c.jpeg": {
    "app_sintetizada": "61E1540169C74233AF0ACE7C170836501105C.JPEG",
    "cantidad_archivos": 1,
    "archivos_fuente": [
      "Pictures/Fototeca de Fotos.photoslibrary/resources/derivatives/6/61E15401-69C7-4233-AF0A-CE7C17083650_1_105_c.jpeg"
    ],
    "ultima_modificacion": "2025-08-01 01:01:01.871328"
  },
  "660ed418304a43afbcd91b1e75b481c71105c.jpeg": {
    "app_sintetizada": "660ED418304A43AFBCD91B1E75B481C71105C.JPEG",
    "cantidad_archivos": 1,
    "archivos_fuente": [
      "Pictures/Fototeca de Fotos.photoslibrary/resources/derivatives/6/660ED418-304A-43AF-BCD9-1B1E75B481C7_1_105_c.jpeg"
    ],
    "ultima_modificacion": "2025-08-01 01:01:01.871581"
  },
  "62e62dfcb16147259d396cbfdac02f471105c.jpeg": {
    "app_sintetizada": "62E62DFCB16147259D396CBFDAC02F471105C.JPEG",
    "cantidad_archivos": 1,
    "archivos_fuente": [
      "Pictures/Fototeca de Fotos.photoslibrary/resources/derivatives/6/62E62DFC-B161-4725-9D39-6CBFDAC02F47_1_105_c.jpeg"
    ],
    "ultima_modificacion": "2025-08-01 01:01:01.871845"
  },
  "62ec23f3d64444cfab8ebe38d95f04ad1105c.jpeg": {
    "app_sintetizada": "62EC23F3D64444CFAB8EBE38D95F04AD1105C.JPEG",
    "cantidad_archivos": 1,
    "archivos_fuente": [
      "Pictures/Fototeca de Fotos.photoslibrary/resources/derivatives/6/62EC23F3-D644-44CF-AB8E-BE38D95F04AD_1_105_c.jpeg"
    ],
    "ultima_modificacion": "2025-08-01 01:01:01.872089"
  },
  "675ca22687e7437790a042e112b1d9e81105c.jpeg": {
    "app_sintetizada": "675CA22687E7437790A042E112B1D9E81105C.JPEG",
    "cantidad_archivos": 1,
    "archivos_fuente": [
      "Pictures/Fototeca de Fotos.photoslibrary/resources/derivatives/6/675CA226-87E7-4377-90A0-42E112B1D9E8_1_105_c.jpeg"
    ],
    "ultima_modificacion": "2025-08-01 01:01:01.872325"
  },
  "629f113d6d2e4f769f550b0a1435dc181105c.jpeg": {
    "app_sintetizada": "629F113D6D2E4F769F550B0A1435DC181105C.JPEG",
    "cantidad_archivos": 1,
    "archivos_fuente": [
      "Pictures/Fototeca de Fotos.photoslibrary/resources/derivatives/6/629F113D-6D2E-4F76-9F55-0B0A1435DC18_1_105_c.jpeg"
    ],
    "ultima_modificacion": "2025-08-01 01:01:01.872612"
  },
  "60b92acbd5cc4d15bfd8184a4a8431841100o.jpeg": {
    "app_sintetizada": "60B92ACBD5CC4D15BFD8184A4A8431841100O.JPEG",
    "cantidad_archivos": 1,
    "archivos_fuente": [
      "Pictures/Fototeca de Fotos.photoslibrary/resources/derivatives/6/60B92ACB-D5CC-4D15-BFD8-184A4A843184_1_100_o.jpeg"
    ],
    "ultima_modificacion": "2025-08-01 01:01:01.872827"
  },
  "6810f47995e14938a78b14ce501aa5a41105c.jpeg": {
    "app_sintetizada": "6810F47995E14938A78B14CE501AA5A41105C.JPEG",
    "cantidad_archivos": 1,
    "archivos_fuente": [
      "Pictures/Fototeca de Fotos.photoslibrary/resources/derivatives/6/6810F479-95E1-4938-A78B-14CE501AA5A4_1_105_c.jpeg"
    ],
    "ultima_modificacion": "2025-08-01 01:01:01.873046"
  },
  "61851ed7fed94624a3a90f41a38a4d5a1105c.jpeg": {
    "app_sintetizada": "61851ED7FED94624A3A90F41A38A4D5A1105C.JPEG",
    "cantidad_archivos": 1,
    "archivos_fuente": [
      "Pictures/Fototeca de Fotos.photoslibrary/resources/derivatives/6/61851ED7-FED9-4624-A3A9-0F41A38A4D5A_1_105_c.jpeg"
    ],
    "ultima_modificacion": "2025-08-01 01:01:01.873314"
  },
  "64857bb14b5944d89e031532f278212e1105c.jpeg": {
    "app_sintetizada": "64857BB14B5944D89E031532F278212E1105C.JPEG",
    "cantidad_archivos": 1,
    "archivos_fuente": [
      "Pictures/Fototeca de Fotos.photoslibrary/resources/derivatives/6/64857BB1-4B59-44D8-9E03-1532F278212E_1_105_c.jpeg"
    ],
    "ultima_modificacion": "2025-08-01 01:01:01.873525"
  },
  "6ae21050f3014627b70191bdbf30272b.thm": {
    "app_sintetizada": "6AE21050F3014627B70191BDBF30272B.THM",
    "cantidad_archivos": 1,
    "archivos_fuente": [
      "Pictures/Fototeca de Fotos.photoslibrary/resources/derivatives/6/6AE21050-F301-4627-B701-91BDBF30272B.THM"
    ],
    "ultima_modificacion": "2025-08-01 01:01:01.873726"
  },
  "6cdeffaf516c4d3298fbb16176c4b8f21105c.jpeg": {
    "app_sintetizada": "6CDEFFAF516C4D3298FBB16176C4B8F21105C.JPEG",
    "cantidad_archivos": 1,
    "archivos_fuente": [
      "Pictures/Fototeca de Fotos.photoslibrary/resources/derivatives/6/6CDEFFAF-516C-4D32-98FB-B16176C4B8F2_1_105_c.jpeg"
    ],
    "ultima_modificacion": "2025-08-01 01:01:01.873916"
  },
  "64fe98a155bc490da1d7409eb6dab2391105c.jpeg": {
    "app_sintetizada": "64FE98A155BC490DA1D7409EB6DAB2391105C.JPEG",
    "cantidad_archivos": 1,
    "archivos_fuente": [
      "Pictures/Fototeca de Fotos.photoslibrary/resources/derivatives/6/64FE98A1-55BC-490D-A1D7-409EB6DAB239_1_105_c.jpeg"
    ],
    "ultima_modificacion": "2025-08-01 01:01:01.874107"
  },
  "696265ac9527453189f9e1da859b40cc1105c.jpeg": {
    "app_sintetizada": "696265AC9527453189F9E1DA859B40CC1105C.JPEG",
    "cantidad_archivos": 1,
    "archivos_fuente": [
      "Pictures/Fototeca de Fotos.photoslibrary/resources/derivatives/6/696265AC-9527-4531-89F9-E1DA859B40CC_1_105_c.jpeg"
    ],
    "ultima_modificacion": "2025-08-01 01:01:01.874301"
  },
  "6d8114304dfa4c86ad2819f0ed11af221105c.jpeg": {
    "app_sintetizada": "6D8114304DFA4C86AD2819F0ED11AF221105C.JPEG",
    "cantidad_archivos": 1,
    "archivos_fuente": [
      "Pictures/Fototeca de Fotos.photoslibrary/resources/derivatives/6/6D811430-4DFA-4C86-AD28-19F0ED11AF22_1_105_c.jpeg"
    ],
    "ultima_modificacion": "2025-08-01 01:01:01.874502"
  },
  "6b30d7c6fc5e4569b5b62d9ef6cb1fdb1105c.jpeg": {
    "app_sintetizada": "6B30D7C6FC5E4569B5B62D9EF6CB1FDB1105C.JPEG",
    "cantidad_archivos": 1,
    "archivos_fuente": [
      "Pictures/Fototeca de Fotos.photoslibrary/resources/derivatives/6/6B30D7C6-FC5E-4569-B5B6-2D9EF6CB1FDB_1_105_c.jpeg"
    ],
    "ultima_modificacion": "2025-08-01 01:01:01.874733"
  },
  "658f1074c8614418973d4d0835253c891105c.jpeg": {
    "app_sintetizada": "658F1074C8614418973D4D0835253C891105C.JPEG",
    "cantidad_archivos": 1,
    "archivos_fuente": [
      "Pictures/Fototeca de Fotos.photoslibrary/resources/derivatives/6/658F1074-C861-4418-973D-4D0835253C89_1_105_c.jpeg"
    ],
    "ultima_modificacion": "2025-08-01 01:01:01.875001"
  },
  "62bf967c1fc94fb1b9f0a8cef856bf7b1105c.jpeg": {
    "app_sintetizada": "62BF967C1FC94FB1B9F0A8CEF856BF7B1105C.JPEG",
    "cantidad_archivos": 1,
    "archivos_fuente": [
      "Pictures/Fototeca de Fotos.photoslibrary/resources/derivatives/6/62BF967C-1FC9-4FB1-B9F0-A8CEF856BF7B_1_105_c.jpeg"
    ],
    "ultima_modificacion": "2025-08-01 01:01:01.875293"
  },
  "6c39c03703a346a38d1722c7089be8721105c.jpeg": {
    "app_sintetizada": "6C39C03703A346A38D1722C7089BE8721105C.JPEG",
    "cantidad_archivos": 1,
    "archivos_fuente": [
      "Pictures/Fototeca de Fotos.photoslibrary/resources/derivatives/6/6C39C037-03A3-46A3-8D17-22C7089BE872_1_105_c.jpeg"
    ],
    "ultima_modificacion": "2025-08-01 01:01:01.875521"
  },
  "6b272203046b469684260b69b99fde711105c.jpeg": {
    "app_sintetizada": "6B272203046B469684260B69B99FDE711105C.JPEG",
    "cantidad_archivos": 1,
    "archivos_fuente": [
      "Pictures/Fototeca de Fotos.photoslibrary/resources/derivatives/6/6B272203-046B-4696-8426-0B69B99FDE71_1_105_c.jpeg"
    ],
    "ultima_modificacion": "2025-08-01 01:01:01.875737"
  },
  "6e4e3709c0714f16a8258ee116e40ac01105c.jpeg": {
    "app_sintetizada": "6E4E3709C0714F16A8258EE116E40AC01105C.JPEG",
    "cantidad_archivos": 1,
    "archivos_fuente": [
      "Pictures/Fototeca de Fotos.photoslibrary/resources/derivatives/6/6E4E3709-C071-4F16-A825-8EE116E40AC0_1_105_c.jpeg"
    ],
    "ultima_modificacion": "2025-08-01 01:01:01.875940"
  },
  "6a87e5704acf41cfaa6fabf0ad3786e01105c.jpeg": {
    "app_sintetizada": "6A87E5704ACF41CFAA6FABF0AD3786E01105C.JPEG",
    "cantidad_archivos": 1,
    "archivos_fuente": [
      "Pictures/Fototeca de Fotos.photoslibrary/resources/derivatives/6/6A87E570-4ACF-41CF-AA6F-ABF0AD3786E0_1_105_c.jpeg"
    ],
    "ultima_modificacion": "2025-08-01 01:01:01.876129"
  },
  "686b55abf5a4405996ed8790e39666741105c.jpeg": {
    "app_sintetizada": "686B55ABF5A4405996ED8790E39666741105C.JPEG",
    "cantidad_archivos": 1,
    "archivos_fuente": [
      "Pictures/Fototeca de Fotos.photoslibrary/resources/derivatives/6/686B55AB-F5A4-4059-96ED-8790E3966674_1_105_c.jpeg"
    ],
    "ultima_modificacion": "2025-08-01 01:01:01.876312"
  },
  "663069ffc6ed4e7b93ed1244831f1eca1105c.jpeg": {
    "app_sintetizada": "663069FFC6ED4E7B93ED1244831F1ECA1105C.JPEG",
    "cantidad_archivos": 1,
    "archivos_fuente": [
      "Pictures/Fototeca de Fotos.photoslibrary/resources/derivatives/6/663069FF-C6ED-4E7B-93ED-1244831F1ECA_1_105_c.jpeg"
    ],
    "ultima_modificacion": "2025-08-01 01:01:01.876495"
  },
  "6f02429f912740f2a18707324385bf0f1105c.jpeg": {
    "app_sintetizada": "6F02429F912740F2A18707324385BF0F1105C.JPEG",
    "cantidad_archivos": 1,
    "archivos_fuente": [
      "Pictures/Fototeca de Fotos.photoslibrary/resources/derivatives/6/6F02429F-9127-40F2-A187-07324385BF0F_1_105_c.jpeg"
    ],
    "ultima_modificacion": "2025-08-01 01:01:01.876672"
  },
  "622877ed5eef499aa0891cb875a894cc1105c.jpeg": {
    "app_sintetizada": "622877ED5EEF499AA0891CB875A894CC1105C.JPEG",
    "cantidad_archivos": 1,
    "archivos_fuente": [
      "Pictures/Fototeca de Fotos.photoslibrary/resources/derivatives/6/622877ED-5EEF-499A-A089-1CB875A894CC_1_105_c.jpeg"
    ],
    "ultima_modificacion": "2025-08-01 01:01:01.876862"
  },
  "6015a145dc7e4c14a05da73aa60d1a83.thm": {
    "app_sintetizada": "6015A145DC7E4C14A05DA73AA60D1A83.THM",
    "cantidad_archivos": 1,
    "archivos_fuente": [
      "Pictures/Fototeca de Fotos.photoslibrary/resources/derivatives/6/6015A145-DC7E-4C14-A05D-A73AA60D1A83.THM"
    ],
    "ultima_modificacion": "2025-08-01 01:01:01.877053"
  },
  "6147a1b2a92646239db9cbf20b3848f81105c.jpeg": {
    "app_sintetizada": "6147A1B2A92646239DB9CBF20B3848F81105C.JPEG",
    "cantidad_archivos": 1,
    "archivos_fuente": [
      "Pictures/Fototeca de Fotos.photoslibrary/resources/derivatives/6/6147A1B2-A926-4623-9DB9-CBF20B3848F8_1_105_c.jpeg"
    ],
    "ultima_modificacion": "2025-08-01 01:01:01.877224"
  },
  "6c81ca452b584f57aad81c78b47bdd0f1105c.jpeg": {
    "app_sintetizada": "6C81CA452B584F57AAD81C78B47BDD0F1105C.JPEG",
    "cantidad_archivos": 1,
    "archivos_fuente": [
      "Pictures/Fototeca de Fotos.photoslibrary/resources/derivatives/6/6C81CA45-2B58-4F57-AAD8-1C78B47BDD0F_1_105_c.jpeg"
    ],
    "ultima_modificacion": "2025-08-01 01:01:01.877389"
  },
  "6b4f0df4aa024054a83a8dbef8a88a8f1105c.jpeg": {
    "app_sintetizada": "6B4F0DF4AA024054A83A8DBEF8A88A8F1105C.JPEG",
    "cantidad_archivos": 1,
    "archivos_fuente": [
      "Pictures/Fototeca de Fotos.photoslibrary/resources/derivatives/6/6B4F0DF4-AA02-4054-A83A-8DBEF8A88A8F_1_105_c.jpeg"
    ],
    "ultima_modificacion": "2025-08-01 01:01:01.877563"
  },
  "62586be9aa65475891cf10ad5fb842d91105c.jpeg": {
    "app_sintetizada": "62586BE9AA65475891CF10AD5FB842D91105C.JPEG",
    "cantidad_archivos": 1,
    "archivos_fuente": [
      "Pictures/Fototeca de Fotos.photoslibrary/resources/derivatives/6/62586BE9-AA65-4758-91CF-10AD5FB842D9_1_105_c.jpeg"
    ],
    "ultima_modificacion": "2025-08-01 01:01:01.877726"
  },
  "6a35c9bf2e10413c8451827f862c7e8e1105c.jpeg": {
    "app_sintetizada": "6A35C9BF2E10413C8451827F862C7E8E1105C.JPEG",
    "cantidad_archivos": 1,
    "archivos_fuente": [
      "Pictures/Fototeca de Fotos.photoslibrary/resources/derivatives/6/6A35C9BF-2E10-413C-8451-827F862C7E8E_1_105_c.jpeg"
    ],
    "ultima_modificacion": "2025-08-01 01:01:01.877903"
  },
  "6ead8a99e5d54134934bc390c70d81311105c.jpeg": {
    "app_sintetizada": "6EAD8A99E5D54134934BC390C70D81311105C.JPEG",
    "cantidad_archivos": 1,
    "archivos_fuente": [
      "Pictures/Fototeca de Fotos.photoslibrary/resources/derivatives/6/6EAD8A99-E5D5-4134-934B-C390C70D8131_1_105_c.jpeg"
    ],
    "ultima_modificacion": "2025-08-01 01:01:01.878188"
  },
  "67bdc4ba2a484060ada5e527566521a91105c.jpeg": {
    "app_sintetizada": "67BDC4BA2A484060ADA5E527566521A91105C.JPEG",
    "cantidad_archivos": 1,
    "archivos_fuente": [
      "Pictures/Fototeca de Fotos.photoslibrary/resources/derivatives/6/67BDC4BA-2A48-4060-ADA5-E527566521A9_1_105_c.jpeg"
    ],
    "ultima_modificacion": "2025-08-01 01:01:01.878433"
  },
  "68562ca2572b4083a8de2e68d76cce311105c.jpeg": {
    "app_sintetizada": "68562CA2572B4083A8DE2E68D76CCE311105C.JPEG",
    "cantidad_archivos": 1,
    "archivos_fuente": [
      "Pictures/Fototeca de Fotos.photoslibrary/resources/derivatives/6/68562CA2-572B-4083-A8DE-2E68D76CCE31_1_105_c.jpeg"
    ],
    "ultima_modificacion": "2025-08-01 01:01:01.878737"
  },
  "6ea113b539de4970ba65e8876dba1d3d1105c.jpeg": {
    "app_sintetizada": "6EA113B539DE4970BA65E8876DBA1D3D1105C.JPEG",
    "cantidad_archivos": 1,
    "archivos_fuente": [
      "Pictures/Fototeca de Fotos.photoslibrary/resources/derivatives/6/6EA113B5-39DE-4970-BA65-E8876DBA1D3D_1_105_c.jpeg"
    ],
    "ultima_modificacion": "2025-08-01 01:01:01.879017"
  },
  "6a73262669b74c2099f9b3b145f6b88c1105c.jpeg": {
    "app_sintetizada": "6A73262669B74C2099F9B3B145F6B88C1105C.JPEG",
    "cantidad_archivos": 1,
    "archivos_fuente": [
      "Pictures/Fototeca de Fotos.photoslibrary/resources/derivatives/6/6A732626-69B7-4C20-99F9-B3B145F6B88C_1_105_c.jpeg"
    ],
    "ultima_modificacion": "2025-08-01 01:01:01.879286"
  },
  "6fdde193e3fd46be92e3b90ca545d6731105c.jpeg": {
    "app_sintetizada": "6FDDE193E3FD46BE92E3B90CA545D6731105C.JPEG",
    "cantidad_archivos": 1,
    "archivos_fuente": [
      "Pictures/Fototeca de Fotos.photoslibrary/resources/derivatives/6/6FDDE193-E3FD-46BE-92E3-B90CA545D673_1_105_c.jpeg"
    ],
    "ultima_modificacion": "2025-08-01 01:01:01.879626"
  },
  "6f7d29c60c91474290f5e98865dffb111105c.jpeg": {
    "app_sintetizada": "6F7D29C60C91474290F5E98865DFFB111105C.JPEG",
    "cantidad_archivos": 1,
    "archivos_fuente": [
      "Pictures/Fototeca de Fotos.photoslibrary/resources/derivatives/6/6F7D29C6-0C91-4742-90F5-E98865DFFB11_1_105_c.jpeg"
    ],
    "ultima_modificacion": "2025-08-01 01:01:01.879898"
  },
  "697ff6c693c342869de11c520a006ef21105c.jpeg": {
    "app_sintetizada": "697FF6C693C342869DE11C520A006EF21105C.JPEG",
    "cantidad_archivos": 1,
    "archivos_fuente": [
      "Pictures/Fototeca de Fotos.photoslibrary/resources/derivatives/6/697FF6C6-93C3-4286-9DE1-1C520A006EF2_1_105_c.jpeg"
    ],
    "ultima_modificacion": "2025-08-01 01:01:01.880210"
  },
  "62140200779d4053a03630afc3e3c4341105c.jpeg": {
    "app_sintetizada": "62140200779D4053A03630AFC3E3C4341105C.JPEG",
    "cantidad_archivos": 1,
    "archivos_fuente": [
      "Pictures/Fototeca de Fotos.photoslibrary/resources/derivatives/6/62140200-779D-4053-A036-30AFC3E3C434_1_105_c.jpeg"
    ],
    "ultima_modificacion": "2025-08-01 01:01:01.880522"
  },
  "674c3d42270d44998bb47ecddf58ce421105c.jpeg": {
    "app_sintetizada": "674C3D42270D44998BB47ECDDF58CE421105C.JPEG",
    "cantidad_archivos": 1,
    "archivos_fuente": [
      "Pictures/Fototeca de Fotos.photoslibrary/resources/derivatives/6/674C3D42-270D-4499-8BB4-7ECDDF58CE42_1_105_c.jpeg"
    ],
    "ultima_modificacion": "2025-08-01 01:01:01.880805"
  },
  "6b7a30dd088e459a92f6b00192ce94451105c.jpeg": {
    "app_sintetizada": "6B7A30DD088E459A92F6B00192CE94451105C.JPEG",
    "cantidad_archivos": 1,
    "archivos_fuente": [
      "Pictures/Fototeca de Fotos.photoslibrary/resources/derivatives/6/6B7A30DD-088E-459A-92F6-B00192CE9445_1_105_c.jpeg"
    ],
    "ultima_modificacion": "2025-08-01 01:01:01.881049"
  },
  "6fd2ecc95a714f2db96e3204eb4248911105c.jpeg": {
    "app_sintetizada": "6FD2ECC95A714F2DB96E3204EB4248911105C.JPEG",
    "cantidad_archivos": 1,
    "archivos_fuente": [
      "Pictures/Fototeca de Fotos.photoslibrary/resources/derivatives/6/6FD2ECC9-5A71-4F2D-B96E-3204EB424891_1_105_c.jpeg"
    ],
    "ultima_modificacion": "2025-08-01 01:01:01.881289"
  },
  "6892e31d7e6849099922ead88141646f1105c.jpeg": {
    "app_sintetizada": "6892E31D7E6849099922EAD88141646F1105C.JPEG",
    "cantidad_archivos": 1,
    "archivos_fuente": [
      "Pictures/Fototeca de Fotos.photoslibrary/resources/derivatives/6/6892E31D-7E68-4909-9922-EAD88141646F_1_105_c.jpeg"
    ],
    "ultima_modificacion": "2025-08-01 01:01:01.881561"
  },
  "6d215ed039b444dd9eb515e7e59f38bb1105c.jpeg": {
    "app_sintetizada": "6D215ED039B444DD9EB515E7E59F38BB1105C.JPEG",
    "cantidad_archivos": 1,
    "archivos_fuente": [
      "Pictures/Fototeca de Fotos.photoslibrary/resources/derivatives/6/6D215ED0-39B4-44DD-9EB5-15E7E59F38BB_1_105_c.jpeg"
    ],
    "ultima_modificacion": "2025-08-01 01:01:01.881751"
  },
  "6976534b06a4408d910f8abd4b7cadcb1105c.jpeg": {
    "app_sintetizada": "6976534B06A4408D910F8ABD4B7CADCB1105C.JPEG",
    "cantidad_archivos": 1,
    "archivos_fuente": [
      "Pictures/Fototeca de Fotos.photoslibrary/resources/derivatives/6/6976534B-06A4-408D-910F-8ABD4B7CADCB_1_105_c.jpeg"
    ],
    "ultima_modificacion": "2025-08-01 01:01:01.881940"
  },
  "61708edd1bcd4dfcb39a6227595354eb1105c.jpeg": {
    "app_sintetizada": "61708EDD1BCD4DFCB39A6227595354EB1105C.JPEG",
    "cantidad_archivos": 1,
    "archivos_fuente": [
      "Pictures/Fototeca de Fotos.photoslibrary/resources/derivatives/6/61708EDD-1BCD-4DFC-B39A-6227595354EB_1_105_c.jpeg"
    ],
    "ultima_modificacion": "2025-08-01 01:01:01.882122"
  },
  "68302f028e2d49fea43613b11d36f2051105c.jpeg": {
    "app_sintetizada": "68302F028E2D49FEA43613B11D36F2051105C.JPEG",
    "cantidad_archivos": 1,
    "archivos_fuente": [
      "Pictures/Fototeca de Fotos.photoslibrary/resources/derivatives/6/68302F02-8E2D-49FE-A436-13B11D36F205_1_105_c.jpeg"
    ],
    "ultima_modificacion": "2025-08-01 01:01:01.882349"
  },
  "663ddadb92774e4ba8b1c8e809a27d731105c.jpeg": {
    "app_sintetizada": "663DDADB92774E4BA8B1C8E809A27D731105C.JPEG",
    "cantidad_archivos": 1,
    "archivos_fuente": [
      "Pictures/Fototeca de Fotos.photoslibrary/resources/derivatives/6/663DDADB-9277-4E4B-A8B1-C8E809A27D73_1_105_c.jpeg"
    ],
    "ultima_modificacion": "2025-08-01 01:01:01.882653"
  },
  "60574e1065e947d1b3db9adb2c71723e.thm": {
    "app_sintetizada": "60574E1065E947D1B3DB9ADB2C71723E.THM",
    "cantidad_archivos": 1,
    "archivos_fuente": [
      "Pictures/Fototeca de Fotos.photoslibrary/resources/derivatives/6/60574E10-65E9-47D1-B3DB-9ADB2C71723E.THM"
    ],
    "ultima_modificacion": "2025-08-01 01:01:01.882889"
  },
  "6ae84ec8b8b14921b0f33d7152577b0d1102o.jpeg": {
    "app_sintetizada": "6AE84EC8B8B14921B0F33D7152577B0D1102O.JPEG",
    "cantidad_archivos": 1,
    "archivos_fuente": [
      "Pictures/Fototeca de Fotos.photoslibrary/resources/derivatives/6/6AE84EC8-B8B1-4921-B0F3-3D7152577B0D_1_102_o.jpeg"
    ],
    "ultima_modificacion": "2025-08-01 01:01:01.883125"
  },
  "63aaf5e759ff4e02a6988c2da9301403.thm": {
    "app_sintetizada": "63AAF5E759FF4E02A6988C2DA9301403.THM",
    "cantidad_archivos": 1,
    "archivos_fuente": [
      "Pictures/Fototeca de Fotos.photoslibrary/resources/derivatives/6/63AAF5E7-59FF-4E02-A698-8C2DA9301403.THM"
    ],
    "ultima_modificacion": "2025-08-01 01:01:01.883358"
  },
  "698f3e47516943ffbc91719cc4321cf31105c.jpeg": {
    "app_sintetizada": "698F3E47516943FFBC91719CC4321CF31105C.JPEG",
    "cantidad_archivos": 1,
    "archivos_fuente": [
      "Pictures/Fototeca de Fotos.photoslibrary/resources/derivatives/6/698F3E47-5169-43FF-BC91-719CC4321CF3_1_105_c.jpeg"
    ],
    "ultima_modificacion": "2025-08-01 01:01:01.883610"
  },
  "66ad524c26684280a0bf9c3117c417261105c.jpeg": {
    "app_sintetizada": "66AD524C26684280A0BF9C3117C417261105C.JPEG",
    "cantidad_archivos": 1,
    "archivos_fuente": [
      "Pictures/Fototeca de Fotos.photoslibrary/resources/derivatives/6/66AD524C-2668-4280-A0BF-9C3117C41726_1_105_c.jpeg"
    ],
    "ultima_modificacion": "2025-08-01 01:01:01.883806"
  },
  "63d51b72d13f455b8cf7f56c667975941105c.jpeg": {
    "app_sintetizada": "63D51B72D13F455B8CF7F56C667975941105C.JPEG",
    "cantidad_archivos": 1,
    "archivos_fuente": [
      "Pictures/Fototeca de Fotos.photoslibrary/resources/derivatives/6/63D51B72-D13F-455B-8CF7-F56C66797594_1_105_c.jpeg"
    ],
    "ultima_modificacion": "2025-08-01 01:01:01.883987"
  },
  "660368423caa4821bad2958c4726388b1105c.jpeg": {
    "app_sintetizada": "660368423CAA4821BAD2958C4726388B1105C.JPEG",
    "cantidad_archivos": 1,
    "archivos_fuente": [
      "Pictures/Fototeca de Fotos.photoslibrary/resources/derivatives/6/66036842-3CAA-4821-BAD2-958C4726388B_1_105_c.jpeg"
    ],
    "ultima_modificacion": "2025-08-01 01:01:01.884165"
  },
  "651a50679a4f43c498ec719c4ee2aef71105c.jpeg": {
    "app_sintetizada": "651A50679A4F43C498EC719C4EE2AEF71105C.JPEG",
    "cantidad_archivos": 1,
    "archivos_fuente": [
      "Pictures/Fototeca de Fotos.photoslibrary/resources/derivatives/6/651A5067-9A4F-43C4-98EC-719C4EE2AEF7_1_105_c.jpeg"
    ],
    "ultima_modificacion": "2025-08-01 01:01:01.884337"
  },
  "6b35552f5ae34d9c9208d9cc54fd5ee01105c.jpeg": {
    "app_sintetizada": "6B35552F5AE34D9C9208D9CC54FD5EE01105C.JPEG",
    "cantidad_archivos": 1,
    "archivos_fuente": [
      "Pictures/Fototeca de Fotos.photoslibrary/resources/derivatives/6/6B35552F-5AE3-4D9C-9208-D9CC54FD5EE0_1_105_c.jpeg"
    ],
    "ultima_modificacion": "2025-08-01 01:01:01.884519"
  },
  "67191e2110bd45c48b81cd3207928b841105c.jpeg": {
    "app_sintetizada": "67191E2110BD45C48B81CD3207928B841105C.JPEG",
    "cantidad_archivos": 1,
    "archivos_fuente": [
      "Pictures/Fototeca de Fotos.photoslibrary/resources/derivatives/6/67191E21-10BD-45C4-8B81-CD3207928B84_1_105_c.jpeg"
    ],
    "ultima_modificacion": "2025-08-01 01:01:01.884693"
  },
  "6136aeefda3b4268b52d6d02bf4cfc1b.thm": {
    "app_sintetizada": "6136AEEFDA3B4268B52D6D02BF4CFC1B.THM",
    "cantidad_archivos": 1,
    "archivos_fuente": [
      "Pictures/Fototeca de Fotos.photoslibrary/resources/derivatives/6/6136AEEF-DA3B-4268-B52D-6D02BF4CFC1B.THM"
    ],
    "ultima_modificacion": "2025-08-01 01:01:01.884861"
  },
  "6585e0c5ccc44311b2efe4fd07adf3381105c.jpeg": {
    "app_sintetizada": "6585E0C5CCC44311B2EFE4FD07ADF3381105C.JPEG",
    "cantidad_archivos": 1,
    "archivos_fuente": [
      "Pictures/Fototeca de Fotos.photoslibrary/resources/derivatives/6/6585E0C5-CCC4-4311-B2EF-E4FD07ADF338_1_105_c.jpeg"
    ],
    "ultima_modificacion": "2025-08-01 01:01:01.885036"
  },
  "6a9eaa70f492471cbe15df9147d91dae1105c.jpeg": {
    "app_sintetizada": "6A9EAA70F492471CBE15DF9147D91DAE1105C.JPEG",
    "cantidad_archivos": 1,
    "archivos_fuente": [
      "Pictures/Fototeca de Fotos.photoslibrary/resources/derivatives/6/6A9EAA70-F492-471C-BE15-DF9147D91DAE_1_105_c.jpeg"
    ],
    "ultima_modificacion": "2025-08-01 01:01:01.885203"
  },
  "6a87c13bfccc4aa691c5f7960edc250e1105c.jpeg": {
    "app_sintetizada": "6A87C13BFCCC4AA691C5F7960EDC250E1105C.JPEG",
    "cantidad_archivos": 1,
    "archivos_fuente": [
      "Pictures/Fototeca de Fotos.photoslibrary/resources/derivatives/6/6A87C13B-FCCC-4AA6-91C5-F7960EDC250E_1_105_c.jpeg"
    ],
    "ultima_modificacion": "2025-08-01 01:01:01.885366"
  },
  "662eec6a66564b61bffbcd7cccc516ba1105c.jpeg": {
    "app_sintetizada": "662EEC6A66564B61BFFBCD7CCCC516BA1105C.JPEG",
    "cantidad_archivos": 1,
    "archivos_fuente": [
      "Pictures/Fototeca de Fotos.photoslibrary/resources/derivatives/6/662EEC6A-6656-4B61-BFFB-CD7CCCC516BA_1_105_c.jpeg"
    ],
    "ultima_modificacion": "2025-08-01 01:01:01.885542"
  },
  "6b063ebb8d2044d681f605684a6d77171105c.jpeg": {
    "app_sintetizada": "6B063EBB8D2044D681F605684A6D77171105C.JPEG",
    "cantidad_archivos": 1,
    "archivos_fuente": [
      "Pictures/Fototeca de Fotos.photoslibrary/resources/derivatives/6/6B063EBB-8D20-44D6-81F6-05684A6D7717_1_105_c.jpeg"
    ],
    "ultima_modificacion": "2025-08-01 01:01:01.886080"
  },
  "6140599dfd7e46afab5fc7085a5999fa1105c.jpeg": {
    "app_sintetizada": "6140599DFD7E46AFAB5FC7085A5999FA1105C.JPEG",
    "cantidad_archivos": 1,
    "archivos_fuente": [
      "Pictures/Fototeca de Fotos.photoslibrary/resources/derivatives/6/6140599D-FD7E-46AF-AB5F-C7085A5999FA_1_105_c.jpeg"
    ],
    "ultima_modificacion": "2025-08-01 01:01:01.886414"
  },
  "6f5cc5d5126a4a72a9abf5d217e8587f1105c.jpeg": {
    "app_sintetizada": "6F5CC5D5126A4A72A9ABF5D217E8587F1105C.JPEG",
    "cantidad_archivos": 1,
    "archivos_fuente": [
      "Pictures/Fototeca de Fotos.photoslibrary/resources/derivatives/6/6F5CC5D5-126A-4A72-A9AB-F5D217E8587F_1_105_c.jpeg"
    ],
    "ultima_modificacion": "2025-08-01 01:01:01.886729"
  },
  "65e038fb49e549458610ee7af5ea6eb51105c.jpeg": {
    "app_sintetizada": "65E038FB49E549458610EE7AF5EA6EB51105C.JPEG",
    "cantidad_archivos": 1,
    "archivos_fuente": [
      "Pictures/Fototeca de Fotos.photoslibrary/resources/derivatives/6/65E038FB-49E5-4945-8610-EE7AF5EA6EB5_1_105_c.jpeg"
    ],
    "ultima_modificacion": "2025-08-01 01:01:01.887007"
  },
  "6a94f4ba73d949d3a259ae79f51c3eec1105c.jpeg": {
    "app_sintetizada": "6A94F4BA73D949D3A259AE79F51C3EEC1105C.JPEG",
    "cantidad_archivos": 1,
    "archivos_fuente": [
      "Pictures/Fototeca de Fotos.photoslibrary/resources/derivatives/6/6A94F4BA-73D9-49D3-A259-AE79F51C3EEC_1_105_c.jpeg"
    ],
    "ultima_modificacion": "2025-08-01 01:01:01.887312"
  },
  "6cfe49c8138648c2b2cdb6b7a24ba4a31105c.jpeg": {
    "app_sintetizada": "6CFE49C8138648C2B2CDB6B7A24BA4A31105C.JPEG",
    "cantidad_archivos": 1,
    "archivos_fuente": [
      "Pictures/Fototeca de Fotos.photoslibrary/resources/derivatives/6/6CFE49C8-1386-48C2-B2CD-B6B7A24BA4A3_1_105_c.jpeg"
    ],
    "ultima_modificacion": "2025-08-01 01:01:01.887567"
  },
  "6e3aa72865eb4d028d86845dfcdac7eb1105c.jpeg": {
    "app_sintetizada": "6E3AA72865EB4D028D86845DFCDAC7EB1105C.JPEG",
    "cantidad_archivos": 1,
    "archivos_fuente": [
      "Pictures/Fototeca de Fotos.photoslibrary/resources/derivatives/6/6E3AA728-65EB-4D02-8D86-845DFCDAC7EB_1_105_c.jpeg"
    ],
    "ultima_modificacion": "2025-08-01 01:01:01.887833"
  },
  "6d2376c95e4c47ad8fc4efe1fd9d0d161105c.jpeg": {
    "app_sintetizada": "6D2376C95E4C47AD8FC4EFE1FD9D0D161105C.JPEG",
    "cantidad_archivos": 1,
    "archivos_fuente": [
      "Pictures/Fototeca de Fotos.photoslibrary/resources/derivatives/6/6D2376C9-5E4C-47AD-8FC4-EFE1FD9D0D16_1_105_c.jpeg"
    ],
    "ultima_modificacion": "2025-08-01 01:01:01.888116"
  },
  "6c794553121a438cb06277ae25d531e31105c.jpeg": {
    "app_sintetizada": "6C794553121A438CB06277AE25D531E31105C.JPEG",
    "cantidad_archivos": 1,
    "archivos_fuente": [
      "Pictures/Fototeca de Fotos.photoslibrary/resources/derivatives/6/6C794553-121A-438C-B062-77AE25D531E3_1_105_c.jpeg"
    ],
    "ultima_modificacion": "2025-08-01 01:01:01.888393"
  },
  "645a72fde9be4e13a71badc2a9c8931d1105c.jpeg": {
    "app_sintetizada": "645A72FDE9BE4E13A71BADC2A9C8931D1105C.JPEG",
    "cantidad_archivos": 1,
    "archivos_fuente": [
      "Pictures/Fototeca de Fotos.photoslibrary/resources/derivatives/6/645A72FD-E9BE-4E13-A71B-ADC2A9C8931D_1_105_c.jpeg"
    ],
    "ultima_modificacion": "2025-08-01 01:01:01.888657"
  },
  "6ac77f24ecad48ceb76ba392514e3a4b1102o.jpeg": {
    "app_sintetizada": "6AC77F24ECAD48CEB76BA392514E3A4B1102O.JPEG",
    "cantidad_archivos": 1,
    "archivos_fuente": [
      "Pictures/Fototeca de Fotos.photoslibrary/resources/derivatives/6/6AC77F24-ECAD-48CE-B76B-A392514E3A4B_1_102_o.jpeg"
    ],
    "ultima_modificacion": "2025-08-01 01:01:01.888929"
  },
  "6ee9ee309fc545ebbb425c052a3e936f1105c.jpeg": {
    "app_sintetizada": "6EE9EE309FC545EBBB425C052A3E936F1105C.JPEG",
    "cantidad_archivos": 1,
    "archivos_fuente": [
      "Pictures/Fototeca de Fotos.photoslibrary/resources/derivatives/6/6EE9EE30-9FC5-45EB-BB42-5C052A3E936F_1_105_c.jpeg"
    ],
    "ultima_modificacion": "2025-08-01 01:01:01.889200"
  },
  "6b2d4707605f46bf917a8caf3c454e4e1105c.jpeg": {
    "app_sintetizada": "6B2D4707605F46BF917A8CAF3C454E4E1105C.JPEG",
    "cantidad_archivos": 1,
    "archivos_fuente": [
      "Pictures/Fototeca de Fotos.photoslibrary/resources/derivatives/6/6B2D4707-605F-46BF-917A-8CAF3C454E4E_1_105_c.jpeg"
    ],
    "ultima_modificacion": "2025-08-01 01:01:01.889465"
  },
  "6d09314d1b184ad7981e97a0376d2c011105c.jpeg": {
    "app_sintetizada": "6D09314D1B184AD7981E97A0376D2C011105C.JPEG",
    "cantidad_archivos": 1,
    "archivos_fuente": [
      "Pictures/Fototeca de Fotos.photoslibrary/resources/derivatives/6/6D09314D-1B18-4AD7-981E-97A0376D2C01_1_105_c.jpeg"
    ],
    "ultima_modificacion": "2025-08-01 01:01:01.889824"
  },
  "649a8dd71c0748d281c43d2da66687d21105c.jpeg": {
    "app_sintetizada": "649A8DD71C0748D281C43D2DA66687D21105C.JPEG",
    "cantidad_archivos": 1,
    "archivos_fuente": [
      "Pictures/Fototeca de Fotos.photoslibrary/resources/derivatives/6/649A8DD7-1C07-48D2-81C4-3D2DA66687D2_1_105_c.jpeg"
    ],
    "ultima_modificacion": "2025-08-01 01:01:01.890097"
  },
  "68a07405206e4c26a34b718337da43421105c.jpeg": {
    "app_sintetizada": "68A07405206E4C26A34B718337DA43421105C.JPEG",
    "cantidad_archivos": 1,
    "archivos_fuente": [
      "Pictures/Fototeca de Fotos.photoslibrary/resources/derivatives/6/68A07405-206E-4C26-A34B-718337DA4342_1_105_c.jpeg"
    ],
    "ultima_modificacion": "2025-08-01 01:01:01.890369"
  },
  "6be352487adf4642838d22bf725a56f71105c.jpeg": {
    "app_sintetizada": "6BE352487ADF4642838D22BF725A56F71105C.JPEG",
    "cantidad_archivos": 1,
    "archivos_fuente": [
      "Pictures/Fototeca de Fotos.photoslibrary/resources/derivatives/6/6BE35248-7ADF-4642-838D-22BF725A56F7_1_105_c.jpeg"
    ],
    "ultima_modificacion": "2025-08-01 01:01:01.890641"
  },
  "65d1f3bbb10c4a7796eb9cbff5f166821105c.jpeg": {
    "app_sintetizada": "65D1F3BBB10C4A7796EB9CBFF5F166821105C.JPEG",
    "cantidad_archivos": 1,
    "archivos_fuente": [
      "Pictures/Fototeca de Fotos.photoslibrary/resources/derivatives/6/65D1F3BB-B10C-4A77-96EB-9CBFF5F16682_1_105_c.jpeg"
    ],
    "ultima_modificacion": "2025-08-01 01:01:01.890994"
  },
  "6a1ef95beeec41ebb547f8f3ef8d6cdd1105c.jpeg": {
    "app_sintetizada": "6A1EF95BEEEC41EBB547F8F3EF8D6CDD1105C.JPEG",
    "cantidad_archivos": 1,
    "archivos_fuente": [
      "Pictures/Fototeca de Fotos.photoslibrary/resources/derivatives/6/6A1EF95B-EEEC-41EB-B547-F8F3EF8D6CDD_1_105_c.jpeg"
    ],
    "ultima_modificacion": "2025-08-01 01:01:01.891278"
  },
  "65cff806bafb421a9217219a4bde6cd31105c.jpeg": {
    "app_sintetizada": "65CFF806BAFB421A9217219A4BDE6CD31105C.JPEG",
    "cantidad_archivos": 1,
    "archivos_fuente": [
      "Pictures/Fototeca de Fotos.photoslibrary/resources/derivatives/6/65CFF806-BAFB-421A-9217-219A4BDE6CD3_1_105_c.jpeg"
    ],
    "ultima_modificacion": "2025-08-01 01:01:01.891560"
  },
  "67a2e940756444cb807823010465e0291105c.jpeg": {
    "app_sintetizada": "67A2E940756444CB807823010465E0291105C.JPEG",
    "cantidad_archivos": 1,
    "archivos_fuente": [
      "Pictures/Fototeca de Fotos.photoslibrary/resources/derivatives/6/67A2E940-7564-44CB-8078-23010465E029_1_105_c.jpeg"
    ],
    "ultima_modificacion": "2025-08-01 01:01:01.891820"
  }
}