{
  "6ee58475f39a4ffe9db6bdbb7fdc6cec1105c.jpeg": {
    "app_sintetizada": "6EE58475F39A4FFE9DB6BDBB7FDC6CEC1105C.JPEG",
    "cantidad_archivos": 1,
    "archivos_fuente": [
      "Pictures/Fototeca de Fotos.photoslibrary/resources/derivatives/6/6EE58475-F39A-4FFE-9DB6-BDBB7FDC6CEC_1_105_c.jpeg"
    ],
    "ultima_modificacion": "2025-08-01 01:01:02.393891"
  },
  "68278055da8d4369a810beb09a2992b81105c.jpeg": {
    "app_sintetizada": "68278055DA8D4369A810BEB09A2992B81105C.JPEG",
    "cantidad_archivos": 1,
    "archivos_fuente": [
      "Pictures/Fototeca de Fotos.photoslibrary/resources/derivatives/6/68278055-DA8D-4369-A810-BEB09A2992B8_1_105_c.jpeg"
    ],
    "ultima_modificacion": "2025-08-01 01:01:02.394170"
  },
  "6939536c91064680ae95dc225d4126961105c.jpeg": {
    "app_sintetizada": "6939536C91064680AE95DC225D4126961105C.JPEG",
    "cantidad_archivos": 1,
    "archivos_fuente": [
      "Pictures/Fototeca de Fotos.photoslibrary/resources/derivatives/6/6939536C-9106-4680-AE95-DC225D412696_1_105_c.jpeg"
    ],
    "ultima_modificacion": "2025-08-01 01:01:02.394445"
  },
  "608f84362661408cb15ca197aef9c5031105c.jpeg": {
    "app_sintetizada": "608F84362661408CB15CA197AEF9C5031105C.JPEG",
    "cantidad_archivos": 1,
    "archivos_fuente": [
      "Pictures/Fototeca de Fotos.photoslibrary/resources/derivatives/6/608F8436-2661-408C-B15C-A197AEF9C503_1_105_c.jpeg"
    ],
    "ultima_modificacion": "2025-08-01 01:01:02.394736"
  },
  "6ff334cd623149778df03b1f35f51ca61105c.jpeg": {
    "app_sintetizada": "6FF334CD623149778DF03B1F35F51CA61105C.JPEG",
    "cantidad_archivos": 1,
    "archivos_fuente": [
      "Pictures/Fototeca de Fotos.photoslibrary/resources/derivatives/6/6FF334CD-6231-4977-8DF0-3B1F35F51CA6_1_105_c.jpeg"
    ],
    "ultima_modificacion": "2025-08-01 01:01:02.395050"
  },
  "659e8dd537864485abf12b9c0206a4da.thm": {
    "app_sintetizada": "659E8DD537864485ABF12B9C0206A4DA.THM",
    "cantidad_archivos": 1,
    "archivos_fuente": [
      "Pictures/Fototeca de Fotos.photoslibrary/resources/derivatives/6/659E8DD5-3786-4485-ABF1-2B9C0206A4DA.THM"
    ],
    "ultima_modificacion": "2025-08-01 01:01:02.395344"
  },
  "689f199a953143c0bb17ef0dea82147a1105c.jpeg": {
    "app_sintetizada": "689F199A953143C0BB17EF0DEA82147A1105C.JPEG",
    "cantidad_archivos": 1,
    "archivos_fuente": [
      "Pictures/Fototeca de Fotos.photoslibrary/resources/derivatives/6/689F199A-9531-43C0-BB17-EF0DEA82147A_1_105_c.jpeg"
    ],
    "ultima_modificacion": "2025-08-01 01:01:02.395638"
  },
  "6fb9bb26f55842ccbf22eadaeab1107e1105c.jpeg": {
    "app_sintetizada": "6FB9BB26F55842CCBF22EADAEAB1107E1105C.JPEG",
    "cantidad_archivos": 1,
    "archivos_fuente": [
      "Pictures/Fototeca de Fotos.photoslibrary/resources/derivatives/6/6FB9BB26-F558-42CC-BF22-EADAEAB1107E_1_105_c.jpeg"
    ],
    "ultima_modificacion": "2025-08-01 01:01:02.395935"
  },
  "6f686a7db0584d62be337cb79e0481ac1105c.jpeg": {
    "app_sintetizada": "6F686A7DB0584D62BE337CB79E0481AC1105C.JPEG",
    "cantidad_archivos": 1,
    "archivos_fuente": [
      "Pictures/Fototeca de Fotos.photoslibrary/resources/derivatives/6/6F686A7D-B058-4D62-BE33-7CB79E0481AC_1_105_c.jpeg"
    ],
    "ultima_modificacion": "2025-08-01 01:01:02.396214"
  },
  "67102a2d8a39493d81f76409c937a2481105c.jpeg": {
    "app_sintetizada": "67102A2D8A39493D81F76409C937A2481105C.JPEG",
    "cantidad_archivos": 1,
    "archivos_fuente": [
      "Pictures/Fototeca de Fotos.photoslibrary/resources/derivatives/6/67102A2D-8A39-493D-81F7-6409C937A248_1_105_c.jpeg"
    ],
    "ultima_modificacion": "2025-08-01 01:01:02.396548"
  },
  "649bd3f54798405e8b56c7841b2b3aa41105c.jpeg": {
    "app_sintetizada": "649BD3F54798405E8B56C7841B2B3AA41105C.JPEG",
    "cantidad_archivos": 1,
    "archivos_fuente": [
      "Pictures/Fototeca de Fotos.photoslibrary/resources/derivatives/6/649BD3F5-4798-405E-8B56-C7841B2B3AA4_1_105_c.jpeg"
    ],
    "ultima_modificacion": "2025-08-01 01:01:02.396884"
  },
  "66386438a16c40cbac98fde8aca0c5411105c.jpeg": {
    "app_sintetizada": "66386438A16C40CBAC98FDE8ACA0C5411105C.JPEG",
    "cantidad_archivos": 1,
    "archivos_fuente": [
      "Pictures/Fototeca de Fotos.photoslibrary/resources/derivatives/6/66386438-A16C-40CB-AC98-FDE8ACA0C541_1_105_c.jpeg"
    ],
    "ultima_modificacion": "2025-08-01 01:01:02.397160"
  },
  "6b0e6f7c3f3b49bca60dab11998be0551105c.jpeg": {
    "app_sintetizada": "6B0E6F7C3F3B49BCA60DAB11998BE0551105C.JPEG",
    "cantidad_archivos": 1,
    "archivos_fuente": [
      "Pictures/Fototeca de Fotos.photoslibrary/resources/derivatives/6/6B0E6F7C-3F3B-49BC-A60D-AB11998BE055_1_105_c.jpeg"
    ],
    "ultima_modificacion": "2025-08-01 01:01:02.397532"
  },
  "62a5763e29e34dfb983d52dfabc3bb8a1105c.jpeg": {
    "app_sintetizada": "62A5763E29E34DFB983D52DFABC3BB8A1105C.JPEG",
    "cantidad_archivos": 1,
    "archivos_fuente": [
      "Pictures/Fototeca de Fotos.photoslibrary/resources/derivatives/6/62A5763E-29E3-4DFB-983D-52DFABC3BB8A_1_105_c.jpeg"
    ],
    "ultima_modificacion": "2025-08-01 01:01:02.397843"
  },
  "6a10796f573e4d1e9b32d22a9e12369c1105c.jpeg": {
    "app_sintetizada": "6A10796F573E4D1E9B32D22A9E12369C1105C.JPEG",
    "cantidad_archivos": 1,
    "archivos_fuente": [
      "Pictures/Fototeca de Fotos.photoslibrary/resources/derivatives/6/6A10796F-573E-4D1E-9B32-D22A9E12369C_1_105_c.jpeg"
    ],
    "ultima_modificacion": "2025-08-01 01:01:02.398135"
  },
  "6f87d395b3fc4c21b5f89cab6caeb1a41105c.jpeg": {
    "app_sintetizada": "6F87D395B3FC4C21B5F89CAB6CAEB1A41105C.JPEG",
    "cantidad_archivos": 1,
    "archivos_fuente": [
      "Pictures/Fototeca de Fotos.photoslibrary/resources/derivatives/6/6F87D395-B3FC-4C21-B5F8-9CAB6CAEB1A4_1_105_c.jpeg"
    ],
    "ultima_modificacion": "2025-08-01 01:01:02.398426"
  },
  "69ad3d87cfea47279013570bb365d53b1105c.jpeg": {
    "app_sintetizada": "69AD3D87CFEA47279013570BB365D53B1105C.JPEG",
    "cantidad_archivos": 1,
    "archivos_fuente": [
      "Pictures/Fototeca de Fotos.photoslibrary/resources/derivatives/6/69AD3D87-CFEA-4727-9013-570BB365D53B_1_105_c.jpeg"
    ],
    "ultima_modificacion": "2025-08-01 01:01:02.398723"
  },
  "6aef1eb523d44957a2d4c6dfb500376d1105c.jpeg": {
    "app_sintetizada": "6AEF1EB523D44957A2D4C6DFB500376D1105C.JPEG",
    "cantidad_archivos": 1,
    "archivos_fuente": [
      "Pictures/Fototeca de Fotos.photoslibrary/resources/derivatives/6/6AEF1EB5-23D4-4957-A2D4-C6DFB500376D_1_105_c.jpeg"
    ],
    "ultima_modificacion": "2025-08-01 01:01:02.399015"
  },
  "668eb60b6f7a41bc9cdc0db3b112b9031105c.jpeg": {
    "app_sintetizada": "668EB60B6F7A41BC9CDC0DB3B112B9031105C.JPEG",
    "cantidad_archivos": 1,
    "archivos_fuente": [
      "Pictures/Fototeca de Fotos.photoslibrary/resources/derivatives/6/668EB60B-6F7A-41BC-9CDC-0DB3B112B903_1_105_c.jpeg"
    ],
    "ultima_modificacion": "2025-08-01 01:01:02.399312"
  },
  "67c04bf22967415c99f46b69487c13601105c.jpeg": {
    "app_sintetizada": "67C04BF22967415C99F46B69487C13601105C.JPEG",
    "cantidad_archivos": 1,
    "archivos_fuente": [
      "Pictures/Fototeca de Fotos.photoslibrary/resources/derivatives/6/67C04BF2-2967-415C-99F4-6B69487C1360_1_105_c.jpeg"
    ],
    "ultima_modificacion": "2025-08-01 01:01:02.399598"
  },
  "66a56cec5dec49529f46cb18c0ea65fb1105c.jpeg": {
    "app_sintetizada": "66A56CEC5DEC49529F46CB18C0EA65FB1105C.JPEG",
    "cantidad_archivos": 1,
    "archivos_fuente": [
      "Pictures/Fototeca de Fotos.photoslibrary/resources/derivatives/6/66A56CEC-5DEC-4952-9F46-CB18C0EA65FB_1_105_c.jpeg"
    ],
    "ultima_modificacion": "2025-08-01 01:01:02.399875"
  },
  "614b3f33cdef49d1913acdf15d827fa51105c.jpeg": {
    "app_sintetizada": "614B3F33CDEF49D1913ACDF15D827FA51105C.JPEG",
    "cantidad_archivos": 1,
    "archivos_fuente": [
      "Pictures/Fototeca de Fotos.photoslibrary/resources/derivatives/6/614B3F33-CDEF-49D1-913A-CDF15D827FA5_1_105_c.jpeg"
    ],
    "ultima_modificacion": "2025-08-01 01:01:02.400152"
  },
  "6d58002a0a854445a34fbc93fed45bb11105c.jpeg": {
    "app_sintetizada": "6D58002A0A854445A34FBC93FED45BB11105C.JPEG",
    "cantidad_archivos": 1,
    "archivos_fuente": [
      "Pictures/Fototeca de Fotos.photoslibrary/resources/derivatives/6/6D58002A-0A85-4445-A34F-BC93FED45BB1_1_105_c.jpeg"
    ],
    "ultima_modificacion": "2025-08-01 01:01:02.400423"
  },
  "698db110a2fd4f1986cd07271b0c7d971105c.jpeg": {
    "app_sintetizada": "698DB110A2FD4F1986CD07271B0C7D971105C.JPEG",
    "cantidad_archivos": 1,
    "archivos_fuente": [
      "Pictures/Fototeca de Fotos.photoslibrary/resources/derivatives/6/698DB110-A2FD-4F19-86CD-07271B0C7D97_1_105_c.jpeg"
    ],
    "ultima_modificacion": "2025-08-01 01:01:02.400700"
  },
  "1800a3a8555640caa9c99827e7a877c51105c.jpeg": {
    "app_sintetizada": "1800A3A8555640CAA9C99827E7A877C51105C.JPEG",
    "cantidad_archivos": 1,
    "archivos_fuente": [
      "Pictures/Fototeca de Fotos.photoslibrary/resources/derivatives/1/1800A3A8-5556-40CA-A9C9-9827E7A877C5_1_105_c.jpeg"
    ],
    "ultima_modificacion": "2025-08-01 01:01:02.400993"
  },
  "132c2433ddae4ace81729d8eff54e2bb1105c.jpeg": {
    "app_sintetizada": "132C2433DDAE4ACE81729D8EFF54E2BB1105C.JPEG",
    "cantidad_archivos": 1,
    "archivos_fuente": [
      "Pictures/Fototeca de Fotos.photoslibrary/resources/derivatives/1/132C2433-DDAE-4ACE-8172-9D8EFF54E2BB_1_105_c.jpeg"
    ],
    "ultima_modificacion": "2025-08-01 01:01:02.401519"
  },
  "19930dd5b6db424aba2ef849a1b8ccea1105c.jpeg": {
    "app_sintetizada": "19930DD5B6DB424ABA2EF849A1B8CCEA1105C.JPEG",
    "cantidad_archivos": 1,
    "archivos_fuente": [
      "Pictures/Fototeca de Fotos.photoslibrary/resources/derivatives/1/19930DD5-B6DB-424A-BA2E-F849A1B8CCEA_1_105_c.jpeg"
    ],
    "ultima_modificacion": "2025-08-01 01:01:02.401886"
  },
  "17b62394f3814d88930db80e75169e721105c.jpeg": {
    "app_sintetizada": "17B62394F3814D88930DB80E75169E721105C.JPEG",
    "cantidad_archivos": 1,
    "archivos_fuente": [
      "Pictures/Fototeca de Fotos.photoslibrary/resources/derivatives/1/17B62394-F381-4D88-930D-B80E75169E72_1_105_c.jpeg"
    ],
    "ultima_modificacion": "2025-08-01 01:01:02.402206"
  },
  "1f6f13b16bd24a3dbecb8ae99454f6c71105c.jpeg": {
    "app_sintetizada": "1F6F13B16BD24A3DBECB8AE99454F6C71105C.JPEG",
    "cantidad_archivos": 1,
    "archivos_fuente": [
      "Pictures/Fototeca de Fotos.photoslibrary/resources/derivatives/1/1F6F13B1-6BD2-4A3D-BECB-8AE99454F6C7_1_105_c.jpeg"
    ],
    "ultima_modificacion": "2025-08-01 01:01:02.402501"
  },
  "1d55594557454051b1e1aab13069a4751105c.jpeg": {
    "app_sintetizada": "1D55594557454051B1E1AAB13069A4751105C.JPEG",
    "cantidad_archivos": 1,
    "archivos_fuente": [
      "Pictures/Fototeca de Fotos.photoslibrary/resources/derivatives/1/1D555945-5745-4051-B1E1-AAB13069A475_1_105_c.jpeg"
    ],
    "ultima_modificacion": "2025-08-01 01:01:02.402834"
  },
  "17ea682ca6bd4f02bf377569bbd8abee1105c.jpeg": {
    "app_sintetizada": "17EA682CA6BD4F02BF377569BBD8ABEE1105C.JPEG",
    "cantidad_archivos": 1,
    "archivos_fuente": [
      "Pictures/Fototeca de Fotos.photoslibrary/resources/derivatives/1/17EA682C-A6BD-4F02-BF37-7569BBD8ABEE_1_105_c.jpeg"
    ],
    "ultima_modificacion": "2025-08-01 01:01:02.403128"
  },
  "12c01f99160f4f9e88f49eb405247de01105c.jpeg": {
    "app_sintetizada": "12C01F99160F4F9E88F49EB405247DE01105C.JPEG",
    "cantidad_archivos": 1,
    "archivos_fuente": [
      "Pictures/Fototeca de Fotos.photoslibrary/resources/derivatives/1/12C01F99-160F-4F9E-88F4-9EB405247DE0_1_105_c.jpeg"
    ],
    "ultima_modificacion": "2025-08-01 01:01:02.403414"
  },
  "1a2706f7d3ac4ca1adcc4b03c812b5451105c.jpeg": {
    "app_sintetizada": "1A2706F7D3AC4CA1ADCC4B03C812B5451105C.JPEG",
    "cantidad_archivos": 1,
    "archivos_fuente": [
      "Pictures/Fototeca de Fotos.photoslibrary/resources/derivatives/1/1A2706F7-D3AC-4CA1-ADCC-4B03C812B545_1_105_c.jpeg"
    ],
    "ultima_modificacion": "2025-08-01 01:01:02.403715"
  },
  "158ad7fed63a4f878150f58d0e8ac3dc1105c.jpeg": {
    "app_sintetizada": "158AD7FED63A4F878150F58D0E8AC3DC1105C.JPEG",
    "cantidad_archivos": 1,
    "archivos_fuente": [
      "Pictures/Fototeca de Fotos.photoslibrary/resources/derivatives/1/158AD7FE-D63A-4F87-8150-F58D0E8AC3DC_1_105_c.jpeg"
    ],
    "ultima_modificacion": "2025-08-01 01:01:02.404010"
  },
  "128e43b11f544dce8e190024eef071321105c.jpeg": {
    "app_sintetizada": "128E43B11F544DCE8E190024EEF071321105C.JPEG",
    "cantidad_archivos": 1,
    "archivos_fuente": [
      "Pictures/Fototeca de Fotos.photoslibrary/resources/derivatives/1/128E43B1-1F54-4DCE-8E19-0024EEF07132_1_105_c.jpeg"
    ],
    "ultima_modificacion": "2025-08-01 01:01:02.404296"
  },
  "12c29cac8aeb403291b077421f2bfd11.thm": {
    "app_sintetizada": "12C29CAC8AEB403291B077421F2BFD11.THM",
    "cantidad_archivos": 1,
    "archivos_fuente": [
      "Pictures/Fototeca de Fotos.photoslibrary/resources/derivatives/1/12C29CAC-8AEB-4032-91B0-77421F2BFD11.THM"
    ],
    "ultima_modificacion": "2025-08-01 01:01:02.404609"
  },
  "1bd48f47581c4f5bafb3eb816403dccf1105c.jpeg": {
    "app_sintetizada": "1BD48F47581C4F5BAFB3EB816403DCCF1105C.JPEG",
    "cantidad_archivos": 1,
    "archivos_fuente": [
      "Pictures/Fototeca de Fotos.photoslibrary/resources/derivatives/1/1BD48F47-581C-4F5B-AFB3-EB816403DCCF_1_105_c.jpeg"
    ],
    "ultima_modificacion": "2025-08-01 01:01:02.404917"
  },
  "1d9a76f747c9485f8dffa912cad19c671105c.jpeg": {
    "app_sintetizada": "1D9A76F747C9485F8DFFA912CAD19C671105C.JPEG",
    "cantidad_archivos": 1,
    "archivos_fuente": [
      "Pictures/Fototeca de Fotos.photoslibrary/resources/derivatives/1/1D9A76F7-47C9-485F-8DFF-A912CAD19C67_1_105_c.jpeg"
    ],
    "ultima_modificacion": "2025-08-01 01:01:02.405235"
  },
  "1725d2191db74d9a83e6905369b60cd81105c.jpeg": {
    "app_sintetizada": "1725D2191DB74D9A83E6905369B60CD81105C.JPEG",
    "cantidad_archivos": 1,
    "archivos_fuente": [
      "Pictures/Fototeca de Fotos.photoslibrary/resources/derivatives/1/1725D219-1DB7-4D9A-83E6-905369B60CD8_1_105_c.jpeg"
    ],
    "ultima_modificacion": "2025-08-01 01:01:02.405558"
  },
  "1d4590562db443bc8cc0b319704df1041105c.jpeg": {
    "app_sintetizada": "1D4590562DB443BC8CC0B319704DF1041105C.JPEG",
    "cantidad_archivos": 1,
    "archivos_fuente": [
      "Pictures/Fototeca de Fotos.photoslibrary/resources/derivatives/1/1D459056-2DB4-43BC-8CC0-B319704DF104_1_105_c.jpeg"
    ],
    "ultima_modificacion": "2025-08-01 01:01:02.405870"
  },
  "16ce3e663b1440a4bf980516e87bd2c61105c.jpeg": {
    "app_sintetizada": "16CE3E663B1440A4BF980516E87BD2C61105C.JPEG",
    "cantidad_archivos": 1,
    "archivos_fuente": [
      "Pictures/Fototeca de Fotos.photoslibrary/resources/derivatives/1/16CE3E66-3B14-40A4-BF98-0516E87BD2C6_1_105_c.jpeg"
    ],
    "ultima_modificacion": "2025-08-01 01:01:02.406193"
  },
  "16e3de32f1a24962887d3e1982bbd54c1105c.jpeg": {
    "app_sintetizada": "16E3DE32F1A24962887D3E1982BBD54C1105C.JPEG",
    "cantidad_archivos": 1,
    "archivos_fuente": [
      "Pictures/Fototeca de Fotos.photoslibrary/resources/derivatives/1/16E3DE32-F1A2-4962-887D-3E1982BBD54C_1_105_c.jpeg"
    ],
    "ultima_modificacion": "2025-08-01 01:01:02.406497"
  },
  "16446714d1ce43df8ea882046ba02354.thm": {
    "app_sintetizada": "16446714D1CE43DF8EA882046BA02354.THM",
    "cantidad_archivos": 1,
    "archivos_fuente": [
      "Pictures/Fototeca de Fotos.photoslibrary/resources/derivatives/1/16446714-D1CE-43DF-8EA8-82046BA02354.THM"
    ],
    "ultima_modificacion": "2025-08-01 01:01:02.406776"
  },
  "1136440ee25c4cac970d172b03bffd9a.thm": {
    "app_sintetizada": "1136440EE25C4CAC970D172B03BFFD9A.THM",
    "cantidad_archivos": 1,
    "archivos_fuente": [
      "Pictures/Fototeca de Fotos.photoslibrary/resources/derivatives/1/1136440E-E25C-4CAC-970D-172B03BFFD9A.THM"
    ],
    "ultima_modificacion": "2025-08-01 01:01:02.407067"
  },
  "1c320da671464ae9893cfde699192ce9.thm": {
    "app_sintetizada": "1C320DA671464AE9893CFDE699192CE9.THM",
    "cantidad_archivos": 1,
    "archivos_fuente": [
      "Pictures/Fototeca de Fotos.photoslibrary/resources/derivatives/1/1C320DA6-7146-4AE9-893C-FDE699192CE9.THM"
    ],
    "ultima_modificacion": "2025-08-01 01:01:02.407375"
  },
  "14a3d78715c643a2a8a0f24f5a30716a1105c.jpeg": {
    "app_sintetizada": "14A3D78715C643A2A8A0F24F5A30716A1105C.JPEG",
    "cantidad_archivos": 1,
    "archivos_fuente": [
      "Pictures/Fototeca de Fotos.photoslibrary/resources/derivatives/1/14A3D787-15C6-43A2-A8A0-F24F5A30716A_1_105_c.jpeg"
    ],
    "ultima_modificacion": "2025-08-01 01:01:02.407693"
  },
  "1c246a35504e4dafbbca9f4c94465d281105c.jpeg": {
    "app_sintetizada": "1C246A35504E4DAFBBCA9F4C94465D281105C.JPEG",
    "cantidad_archivos": 1,
    "archivos_fuente": [
      "Pictures/Fototeca de Fotos.photoslibrary/resources/derivatives/1/1C246A35-504E-4DAF-BBCA-9F4C94465D28_1_105_c.jpeg"
    ],
    "ultima_modificacion": "2025-08-01 01:01:02.408007"
  },
  "1610978d4e7c46a6a552eac24aaeebbe1105c.jpeg": {
    "app_sintetizada": "1610978D4E7C46A6A552EAC24AAEEBBE1105C.JPEG",
    "cantidad_archivos": 1,
    "archivos_fuente": [
      "Pictures/Fototeca de Fotos.photoslibrary/resources/derivatives/1/1610978D-4E7C-46A6-A552-EAC24AAEEBBE_1_105_c.jpeg"
    ],
    "ultima_modificacion": "2025-08-01 01:01:02.408320"
  },
  "1686c70dcd5f427f8632d665995ad0cc1105c.jpeg": {
    "app_sintetizada": "1686C70DCD5F427F8632D665995AD0CC1105C.JPEG",
    "cantidad_archivos": 1,
    "archivos_fuente": [
      "Pictures/Fototeca de Fotos.photoslibrary/resources/derivatives/1/1686C70D-CD5F-427F-8632-D665995AD0CC_1_105_c.jpeg"
    ],
    "ultima_modificacion": "2025-08-01 01:01:02.408621"
  },
  "1c8e4ef836174325b41e5221373c096e.thm": {
    "app_sintetizada": "1C8E4EF836174325B41E5221373C096E.THM",
    "cantidad_archivos": 1,
    "archivos_fuente": [
      "Pictures/Fototeca de Fotos.photoslibrary/resources/derivatives/1/1C8E4EF8-3617-4325-B41E-5221373C096E.THM"
    ],
    "ultima_modificacion": "2025-08-01 01:01:02.408901"
  },
  "19c76fe30fac4d4ea142e8b13060a83c1105c.jpeg": {
    "app_sintetizada": "19C76FE30FAC4D4EA142E8B13060A83C1105C.JPEG",
    "cantidad_archivos": 1,
    "archivos_fuente": [
      "Pictures/Fototeca de Fotos.photoslibrary/resources/derivatives/1/19C76FE3-0FAC-4D4E-A142-E8B13060A83C_1_105_c.jpeg"
    ],
    "ultima_modificacion": "2025-08-01 01:01:02.409175"
  },
  "1e480e4b8ab446d6a0d90a71bac109901105c.jpeg": {
    "app_sintetizada": "1E480E4B8AB446D6A0D90A71BAC109901105C.JPEG",
    "cantidad_archivos": 1,
    "archivos_fuente": [
      "Pictures/Fototeca de Fotos.photoslibrary/resources/derivatives/1/1E480E4B-8AB4-46D6-A0D9-0A71BAC10990_1_105_c.jpeg"
    ],
    "ultima_modificacion": "2025-08-01 01:01:02.409464"
  },
  "13e6f4be94204666a97357e56069fafb1105c.jpeg": {
    "app_sintetizada": "13E6F4BE94204666A97357E56069FAFB1105C.JPEG",
    "cantidad_archivos": 1,
    "archivos_fuente": [
      "Pictures/Fototeca de Fotos.photoslibrary/resources/derivatives/1/13E6F4BE-9420-4666-A973-57E56069FAFB_1_105_c.jpeg"
    ],
    "ultima_modificacion": "2025-08-01 01:01:02.409793"
  },
  "1612611ef33944b9babbf33b4668d51f1105c.jpeg": {
    "app_sintetizada": "1612611EF33944B9BABBF33B4668D51F1105C.JPEG",
    "cantidad_archivos": 1,
    "archivos_fuente": [
      "Pictures/Fototeca de Fotos.photoslibrary/resources/derivatives/1/1612611E-F339-44B9-BABB-F33B4668D51F_1_105_c.jpeg"
    ],
    "ultima_modificacion": "2025-08-01 01:01:02.410183"
  },
  "14e81de474404be6b5e961c232e3f5991105c.jpeg": {
    "app_sintetizada": "14E81DE474404BE6B5E961C232E3F5991105C.JPEG",
    "cantidad_archivos": 1,
    "archivos_fuente": [
      "Pictures/Fototeca de Fotos.photoslibrary/resources/derivatives/1/14E81DE4-7440-4BE6-B5E9-61C232E3F599_1_105_c.jpeg"
    ],
    "ultima_modificacion": "2025-08-01 01:01:02.410480"
  },
  "1267ceb61ee9428e9d1bfa584112c0641105c.jpeg": {
    "app_sintetizada": "1267CEB61EE9428E9D1BFA584112C0641105C.JPEG",
    "cantidad_archivos": 1,
    "archivos_fuente": [
      "Pictures/Fototeca de Fotos.photoslibrary/resources/derivatives/1/1267CEB6-1EE9-428E-9D1B-FA584112C064_1_105_c.jpeg"
    ],
    "ultima_modificacion": "2025-08-01 01:01:02.410762"
  },
  "13efb57c78d6456aaaafedfd358034121105c.jpeg": {
    "app_sintetizada": "13EFB57C78D6456AAAAFEDFD358034121105C.JPEG",
    "cantidad_archivos": 1,
    "archivos_fuente": [
      "Pictures/Fototeca de Fotos.photoslibrary/resources/derivatives/1/13EFB57C-78D6-456A-AAAF-EDFD35803412_1_105_c.jpeg"
    ],
    "ultima_modificacion": "2025-08-01 01:01:02.411032"
  },
  "1892d512793645ebb614552e2ad4ee251105c.jpeg": {
    "app_sintetizada": "1892D512793645EBB614552E2AD4EE251105C.JPEG",
    "cantidad_archivos": 1,
    "archivos_fuente": [
      "Pictures/Fototeca de Fotos.photoslibrary/resources/derivatives/1/1892D512-7936-45EB-B614-552E2AD4EE25_1_105_c.jpeg"
    ],
    "ultima_modificacion": "2025-08-01 01:01:02.411304"
  },
  "153f270283744544936d67b019927efd1105c.jpeg": {
    "app_sintetizada": "153F270283744544936D67B019927EFD1105C.JPEG",
    "cantidad_archivos": 1,
    "archivos_fuente": [
      "Pictures/Fototeca de Fotos.photoslibrary/resources/derivatives/1/153F2702-8374-4544-936D-67B019927EFD_1_105_c.jpeg"
    ],
    "ultima_modificacion": "2025-08-01 01:01:02.411606"
  },
  "1202b28a57ce439abf839c436454fa681105c.jpeg": {
    "app_sintetizada": "1202B28A57CE439ABF839C436454FA681105C.JPEG",
    "cantidad_archivos": 1,
    "archivos_fuente": [
      "Pictures/Fototeca de Fotos.photoslibrary/resources/derivatives/1/1202B28A-57CE-439A-BF83-9C436454FA68_1_105_c.jpeg"
    ],
    "ultima_modificacion": "2025-08-01 01:01:02.411842"
  },
  "10c42b2d6b154f0a85ae8c551b5d97b21105c.jpeg": {
    "app_sintetizada": "10C42B2D6B154F0A85AE8C551B5D97B21105C.JPEG",
    "cantidad_archivos": 1,
    "archivos_fuente": [
      "Pictures/Fototeca de Fotos.photoslibrary/resources/derivatives/1/10C42B2D-6B15-4F0A-85AE-8C551B5D97B2_1_105_c.jpeg"
    ],
    "ultima_modificacion": "2025-08-01 01:01:02.412094"
  },
  "171fd02777f0431a8cee1980f3b00f5e1105c.jpeg": {
    "app_sintetizada": "171FD02777F0431A8CEE1980F3B00F5E1105C.JPEG",
    "cantidad_archivos": 1,
    "archivos_fuente": [
      "Pictures/Fototeca de Fotos.photoslibrary/resources/derivatives/1/171FD027-77F0-431A-8CEE-1980F3B00F5E_1_105_c.jpeg"
    ],
    "ultima_modificacion": "2025-08-01 01:01:02.412433"
  },
  "17551dc835f548ae8ea7a20f7526b4851105c.jpeg": {
    "app_sintetizada": "17551DC835F548AE8EA7A20F7526B4851105C.JPEG",
    "cantidad_archivos": 1,
    "archivos_fuente": [
      "Pictures/Fototeca de Fotos.photoslibrary/resources/derivatives/1/17551DC8-35F5-48AE-8EA7-A20F7526B485_1_105_c.jpeg"
    ],
    "ultima_modificacion": "2025-08-01 01:01:02.412728"
  },
  "1592365d02c740a7b040289cda5e2cbd1105c.jpeg": {
    "app_sintetizada": "1592365D02C740A7B040289CDA5E2CBD1105C.JPEG",
    "cantidad_archivos": 1,
    "archivos_fuente": [
      "Pictures/Fototeca de Fotos.photoslibrary/resources/derivatives/1/1592365D-02C7-40A7-B040-289CDA5E2CBD_1_105_c.jpeg"
    ],
    "ultima_modificacion": "2025-08-01 01:01:02.413054"
  },
  "188b6086ec8f4f01a85b4b2d7c25912d1105c.jpeg": {
    "app_sintetizada": "188B6086EC8F4F01A85B4B2D7C25912D1105C.JPEG",
    "cantidad_archivos": 1,
    "archivos_fuente": [
      "Pictures/Fototeca de Fotos.photoslibrary/resources/derivatives/1/188B6086-EC8F-4F01-A85B-4B2D7C25912D_1_105_c.jpeg"
    ],
    "ultima_modificacion": "2025-08-01 01:01:02.413322"
  },
  "1e9a436d1a4d4fdda033e8d084dfe2ff1105c.jpeg": {
    "app_sintetizada": "1E9A436D1A4D4FDDA033E8D084DFE2FF1105C.JPEG",
    "cantidad_archivos": 1,
    "archivos_fuente": [
      "Pictures/Fototeca de Fotos.photoslibrary/resources/derivatives/1/1E9A436D-1A4D-4FDD-A033-E8D084DFE2FF_1_105_c.jpeg"
    ],
    "ultima_modificacion": "2025-08-01 01:01:02.413575"
  },
  "1be4595f7bba431d88a23c5b698ac9351105c.jpeg": {
    "app_sintetizada": "1BE4595F7BBA431D88A23C5B698AC9351105C.JPEG",
    "cantidad_archivos": 1,
    "archivos_fuente": [
      "Pictures/Fototeca de Fotos.photoslibrary/resources/derivatives/1/1BE4595F-7BBA-431D-88A2-3C5B698AC935_1_105_c.jpeg"
    ],
    "ultima_modificacion": "2025-08-01 01:01:02.413827"
  },
  "1907b9295cf548c3bd94e0c09ed6f03c1105c.jpeg": {
    "app_sintetizada": "1907B9295CF548C3BD94E0C09ED6F03C1105C.JPEG",
    "cantidad_archivos": 1,
    "archivos_fuente": [
      "Pictures/Fototeca de Fotos.photoslibrary/resources/derivatives/1/1907B929-5CF5-48C3-BD94-E0C09ED6F03C_1_105_c.jpeg"
    ],
    "ultima_modificacion": "2025-08-01 01:01:02.414173"
  },
  "143665b501e549cabd8d0d3c76b1b5001105c.jpeg": {
    "app_sintetizada": "143665B501E549CABD8D0D3C76B1B5001105C.JPEG",
    "cantidad_archivos": 1,
    "archivos_fuente": [
      "Pictures/Fototeca de Fotos.photoslibrary/resources/derivatives/1/143665B5-01E5-49CA-BD8D-0D3C76B1B500_1_105_c.jpeg"
    ],
    "ultima_modificacion": "2025-08-01 01:01:02.414424"
  },
  "18a1c7e258374625a264da1e62dbe7921105c.jpeg": {
    "app_sintetizada": "18A1C7E258374625A264DA1E62DBE7921105C.JPEG",
    "cantidad_archivos": 1,
    "archivos_fuente": [
      "Pictures/Fototeca de Fotos.photoslibrary/resources/derivatives/1/18A1C7E2-5837-4625-A264-DA1E62DBE792_1_105_c.jpeg"
    ],
    "ultima_modificacion": "2025-08-01 01:01:02.414688"
  },
  "140574fad7024365b6a3e6ab96b05ccb1105c.jpeg": {
    "app_sintetizada": "140574FAD7024365B6A3E6AB96B05CCB1105C.JPEG",
    "cantidad_archivos": 1,
    "archivos_fuente": [
      "Pictures/Fototeca de Fotos.photoslibrary/resources/derivatives/1/140574FA-D702-4365-B6A3-E6AB96B05CCB_1_105_c.jpeg"
    ],
    "ultima_modificacion": "2025-08-01 01:01:02.414980"
  },
  "19cb8f23bd9044be9269452bddf74e1e1105c.jpeg": {
    "app_sintetizada": "19CB8F23BD9044BE9269452BDDF74E1E1105C.JPEG",
    "cantidad_archivos": 1,
    "archivos_fuente": [
      "Pictures/Fototeca de Fotos.photoslibrary/resources/derivatives/1/19CB8F23-BD90-44BE-9269-452BDDF74E1E_1_105_c.jpeg"
    ],
    "ultima_modificacion": "2025-08-01 01:01:02.415244"
  },
  "1fba29d2858741e8b34da6909d783e1e1105c.jpeg": {
    "app_sintetizada": "1FBA29D2858741E8B34DA6909D783E1E1105C.JPEG",
    "cantidad_archivos": 1,
    "archivos_fuente": [
      "Pictures/Fototeca de Fotos.photoslibrary/resources/derivatives/1/1FBA29D2-8587-41E8-B34D-A6909D783E1E_1_105_c.jpeg"
    ],
    "ultima_modificacion": "2025-08-01 01:01:02.415502"
  },
  "1af21298c1924514a9c9917c61fa2eb51105c.jpeg": {
    "app_sintetizada": "1AF21298C1924514A9C9917C61FA2EB51105C.JPEG",
    "cantidad_archivos": 1,
    "archivos_fuente": [
      "Pictures/Fototeca de Fotos.photoslibrary/resources/derivatives/1/1AF21298-C192-4514-A9C9-917C61FA2EB5_1_105_c.jpeg"
    ],
    "ultima_modificacion": "2025-08-01 01:01:02.415807"
  },
  "151dd6e60cd141119bed047def61bd251105c.jpeg": {
    "app_sintetizada": "151DD6E60CD141119BED047DEF61BD251105C.JPEG",
    "cantidad_archivos": 1,
    "archivos_fuente": [
      "Pictures/Fototeca de Fotos.photoslibrary/resources/derivatives/1/151DD6E6-0CD1-4111-9BED-047DEF61BD25_1_105_c.jpeg"
    ],
    "ultima_modificacion": "2025-08-01 01:01:02.416020"
  },
  "1352cc990ae94816a75be0b90c2e33871105c.jpeg": {
    "app_sintetizada": "1352CC990AE94816A75BE0B90C2E33871105C.JPEG",
    "cantidad_archivos": 1,
    "archivos_fuente": [
      "Pictures/Fototeca de Fotos.photoslibrary/resources/derivatives/1/1352CC99-0AE9-4816-A75B-E0B90C2E3387_1_105_c.jpeg"
    ],
    "ultima_modificacion": "2025-08-01 01:01:02.416211"
  },
  "1606344b4d5c42dfa1db67ad7c421cf61105c.jpeg": {
    "app_sintetizada": "1606344B4D5C42DFA1DB67AD7C421CF61105C.JPEG",
    "cantidad_archivos": 1,
    "archivos_fuente": [
      "Pictures/Fototeca de Fotos.photoslibrary/resources/derivatives/1/1606344B-4D5C-42DF-A1DB-67AD7C421CF6_1_105_c.jpeg"
    ],
    "ultima_modificacion": "2025-08-01 01:01:02.416399"
  },
  "11c8c78453354fff80a8c28d3532e7da1105c.jpeg": {
    "app_sintetizada": "11C8C78453354FFF80A8C28D3532E7DA1105C.JPEG",
    "cantidad_archivos": 1,
    "archivos_fuente": [
      "Pictures/Fototeca de Fotos.photoslibrary/resources/derivatives/1/11C8C784-5335-4FFF-80A8-C28D3532E7DA_1_105_c.jpeg"
    ],
    "ultima_modificacion": "2025-08-01 01:01:02.416598"
  },
  "1b32433cc39443c5a52dd50aa0872d351105c.jpeg": {
    "app_sintetizada": "1B32433CC39443C5A52DD50AA0872D351105C.JPEG",
    "cantidad_archivos": 1,
    "archivos_fuente": [
      "Pictures/Fototeca de Fotos.photoslibrary/resources/derivatives/1/1B32433C-C394-43C5-A52D-D50AA0872D35_1_105_c.jpeg"
    ],
    "ultima_modificacion": "2025-08-01 01:01:02.416782"
  },
  "127d47c58a634b31919668394cd1de1b1105c.jpeg": {
    "app_sintetizada": "127D47C58A634B31919668394CD1DE1B1105C.JPEG",
    "cantidad_archivos": 1,
    "archivos_fuente": [
      "Pictures/Fototeca de Fotos.photoslibrary/resources/derivatives/1/127D47C5-8A63-4B31-9196-68394CD1DE1B_1_105_c.jpeg"
    ],
    "ultima_modificacion": "2025-08-01 01:01:02.417017"
  },
  "189ad0b697bd4de0a39aebd9a5a545921105c.jpeg": {
    "app_sintetizada": "189AD0B697BD4DE0A39AEBD9A5A545921105C.JPEG",
    "cantidad_archivos": 1,
    "archivos_fuente": [
      "Pictures/Fototeca de Fotos.photoslibrary/resources/derivatives/1/189AD0B6-97BD-4DE0-A39A-EBD9A5A54592_1_105_c.jpeg"
    ],
    "ultima_modificacion": "2025-08-01 01:01:02.417330"
  },
  "1143c2a994f14782b5877495cf44c41a1105c.jpeg": {
    "app_sintetizada": "1143C2A994F14782B5877495CF44C41A1105C.JPEG",
    "cantidad_archivos": 1,
    "archivos_fuente": [
      "Pictures/Fototeca de Fotos.photoslibrary/resources/derivatives/1/1143C2A9-94F1-4782-B587-7495CF44C41A_1_105_c.jpeg"
    ],
    "ultima_modificacion": "2025-08-01 01:01:02.417562"
  },
  "1ba47557c8a94aee907a27920e5565cc.thm": {
    "app_sintetizada": "1BA47557C8A94AEE907A27920E5565CC.THM",
    "cantidad_archivos": 1,
    "archivos_fuente": [
      "Pictures/Fototeca de Fotos.photoslibrary/resources/derivatives/1/1BA47557-C8A9-4AEE-907A-27920E5565CC.THM"
    ],
    "ultima_modificacion": "2025-08-01 01:01:02.417760"
  },
  "1cadaecc7e7d4f9dab9f9d214efeab281105c.jpeg": {
    "app_sintetizada": "1CADAECC7E7D4F9DAB9F9D214EFEAB281105C.JPEG",
    "cantidad_archivos": 1,
    "archivos_fuente": [
      "Pictures/Fototeca de Fotos.photoslibrary/resources/derivatives/1/1CADAECC-7E7D-4F9D-AB9F-9D214EFEAB28_1_105_c.jpeg"
    ],
    "ultima_modificacion": "2025-08-01 01:01:02.417946"
  },
  "172cd8d6b03d4c5b854d48aac271c91b1105c.jpeg": {
    "app_sintetizada": "172CD8D6B03D4C5B854D48AAC271C91B1105C.JPEG",
    "cantidad_archivos": 1,
    "archivos_fuente": [
      "Pictures/Fototeca de Fotos.photoslibrary/resources/derivatives/1/172CD8D6-B03D-4C5B-854D-48AAC271C91B_1_105_c.jpeg"
    ],
    "ultima_modificacion": "2025-08-01 01:01:02.418146"
  },
  "149c11c5889541ab82cfbcf449d5a33c1105c.jpeg": {
    "app_sintetizada": "149C11C5889541AB82CFBCF449D5A33C1105C.JPEG",
    "cantidad_archivos": 1,
    "archivos_fuente": [
      "Pictures/Fototeca de Fotos.photoslibrary/resources/derivatives/1/149C11C5-8895-41AB-82CF-BCF449D5A33C_1_105_c.jpeg"
    ],
    "ultima_modificacion": "2025-08-01 01:01:02.418328"
  },
  "1a43b096b811498cbdc67ffeb4e252b61105c.jpeg": {
    "app_sintetizada": "1A43B096B811498CBDC67FFEB4E252B61105C.JPEG",
    "cantidad_archivos": 1,
    "archivos_fuente": [
      "Pictures/Fototeca de Fotos.photoslibrary/resources/derivatives/1/1A43B096-B811-498C-BDC6-7FFEB4E252B6_1_105_c.jpeg"
    ],
    "ultima_modificacion": "2025-08-01 01:01:02.418506"
  },
  "14f06b54c23f4274ae4324a809e407701105c.jpeg": {
    "app_sintetizada": "14F06B54C23F4274AE4324A809E407701105C.JPEG",
    "cantidad_archivos": 1,
    "archivos_fuente": [
      "Pictures/Fototeca de Fotos.photoslibrary/resources/derivatives/1/14F06B54-C23F-4274-AE43-24A809E40770_1_105_c.jpeg"
    ],
    "ultima_modificacion": "2025-08-01 01:01:02.418683"
  },
  "1fee1cbfb42b4d73a9846ee503043aa11105c.jpeg": {
    "app_sintetizada": "1FEE1CBFB42B4D73A9846EE503043AA11105C.JPEG",
    "cantidad_archivos": 1,
    "archivos_fuente": [
      "Pictures/Fototeca de Fotos.photoslibrary/resources/derivatives/1/1FEE1CBF-B42B-4D73-A984-6EE503043AA1_1_105_c.jpeg"
    ],
    "ultima_modificacion": "2025-08-01 01:01:02.418918"
  },
  "1be7dfaf18dd45518deec70883ccd4831105c.jpeg": {
    "app_sintetizada": "1BE7DFAF18DD45518DEEC70883CCD4831105C.JPEG",
    "cantidad_archivos": 1,
    "archivos_fuente": [
      "Pictures/Fototeca de Fotos.photoslibrary/resources/derivatives/1/1BE7DFAF-18DD-4551-8DEE-C70883CCD483_1_105_c.jpeg"
    ],
    "ultima_modificacion": "2025-08-01 01:01:02.419162"
  },
  "1b45999ac458467a83f6fba5d896d05f1105c.jpeg": {
    "app_sintetizada": "1B45999AC458467A83F6FBA5D896D05F1105C.JPEG",
    "cantidad_archivos": 1,
    "archivos_fuente": [
      "Pictures/Fototeca de Fotos.photoslibrary/resources/derivatives/1/1B45999A-C458-467A-83F6-FBA5D896D05F_1_105_c.jpeg"
    ],
    "ultima_modificacion": "2025-08-01 01:01:02.419447"
  },
  "1633fe61d6454b198b485044fdbae48c1105c.jpeg": {
    "app_sintetizada": "1633FE61D6454B198B485044FDBAE48C1105C.JPEG",
    "cantidad_archivos": 1,
    "archivos_fuente": [
      "Pictures/Fototeca de Fotos.photoslibrary/resources/derivatives/1/1633FE61-D645-4B19-8B48-5044FDBAE48C_1_105_c.jpeg"
    ],
    "ultima_modificacion": "2025-08-01 01:01:02.419666"
  },
  "10550bd86d3a405aae883e89a91ab0d81105c.jpeg": {
    "app_sintetizada": "10550BD86D3A405AAE883E89A91AB0D81105C.JPEG",
    "cantidad_archivos": 1,
    "archivos_fuente": [
      "Pictures/Fototeca de Fotos.photoslibrary/resources/derivatives/1/10550BD8-6D3A-405A-AE88-3E89A91AB0D8_1_105_c.jpeg"
    ],
    "ultima_modificacion": "2025-08-01 01:01:02.419898"
  },
  "148161451f2545c085a29e22db12f7a41105c.jpeg": {
    "app_sintetizada": "148161451F2545C085A29E22DB12F7A41105C.JPEG",
    "cantidad_archivos": 1,
    "archivos_fuente": [
      "Pictures/Fototeca de Fotos.photoslibrary/resources/derivatives/1/14816145-1F25-45C0-85A2-9E22DB12F7A4_1_105_c.jpeg"
    ],
    "ultima_modificacion": "2025-08-01 01:01:02.420185"
  },
  "13a2f1fa6e63462eb32d95bf9646da7d1105c.jpeg": {
    "app_sintetizada": "13A2F1FA6E63462EB32D95BF9646DA7D1105C.JPEG",
    "cantidad_archivos": 1,
    "archivos_fuente": [
      "Pictures/Fototeca de Fotos.photoslibrary/resources/derivatives/1/13A2F1FA-6E63-462E-B32D-95BF9646DA7D_1_105_c.jpeg"
    ],
    "ultima_modificacion": "2025-08-01 01:01:02.420485"
  },
  "1eaefcf80b8f4e8ab5554fb0d8adc4f91105c.jpeg": {
    "app_sintetizada": "1EAEFCF80B8F4E8AB5554FB0D8ADC4F91105C.JPEG",
    "cantidad_archivos": 1,
    "archivos_fuente": [
      "Pictures/Fototeca de Fotos.photoslibrary/resources/derivatives/1/1EAEFCF8-0B8F-4E8A-B555-4FB0D8ADC4F9_1_105_c.jpeg"
    ],
    "ultima_modificacion": "2025-08-01 01:01:02.420749"
  },
  "1a78850a6ccb4112bfcf581664b9a9291105c.jpeg": {
    "app_sintetizada": "1A78850A6CCB4112BFCF581664B9A9291105C.JPEG",
    "cantidad_archivos": 1,
    "archivos_fuente": [
      "Pictures/Fototeca de Fotos.photoslibrary/resources/derivatives/1/1A78850A-6CCB-4112-BFCF-581664B9A929_1_105_c.jpeg"
    ],
    "ultima_modificacion": "2025-08-01 01:01:02.420988"
  },
  "108dc201716f45969b21668683f3eb441105c.jpeg": {
    "app_sintetizada": "108DC201716F45969B21668683F3EB441105C.JPEG",
    "cantidad_archivos": 1,
    "archivos_fuente": [
      "Pictures/Fototeca de Fotos.photoslibrary/resources/derivatives/1/108DC201-716F-4596-9B21-668683F3EB44_1_105_c.jpeg"
    ],
    "ultima_modificacion": "2025-08-01 01:01:02.421349"
  },
  "12640632b5ea4f79a1b6f4df463932dc1100o.jpeg": {
    "app_sintetizada": "12640632B5EA4F79A1B6F4DF463932DC1100O.JPEG",
    "cantidad_archivos": 1,
    "archivos_fuente": [
      "Pictures/Fototeca de Fotos.photoslibrary/resources/derivatives/1/12640632-B5EA-4F79-A1B6-F4DF463932DC_1_100_o.jpeg"
    ],
    "ultima_modificacion": "2025-08-01 01:01:02.421620"
  },
  "10ac1114090e421f8fd326be2d6d2ce51105c.jpeg": {
    "app_sintetizada": "10AC1114090E421F8FD326BE2D6D2CE51105C.JPEG",
    "cantidad_archivos": 1,
    "archivos_fuente": [
      "Pictures/Fototeca de Fotos.photoslibrary/resources/derivatives/1/10AC1114-090E-421F-8FD3-26BE2D6D2CE5_1_105_c.jpeg"
    ],
    "ultima_modificacion": "2025-08-01 01:01:02.421822"
  }
}