{
  "77233b2a4f664803855ccff2f5c116411105c.jpeg": {
    "app_sintetizada": "77233B2A4F664803855CCFF2F5C116411105C.JPEG",
    "cantidad_archivos": 1,
    "archivos_fuente": [
      "Pictures/Fototeca de Fotos.photoslibrary/resources/derivatives/7/77233B2A-4F66-4803-855C-CFF2F5C11641_1_105_c.jpeg"
    ],
    "ultima_modificacion": "2025-08-01 01:01:01.702747"
  },
  "7ede80734a2645d8b6914439154deeef1105c.jpeg": {
    "app_sintetizada": "7EDE80734A2645D8B6914439154DEEEF1105C.JPEG",
    "cantidad_archivos": 1,
    "archivos_fuente": [
      "Pictures/Fototeca de Fotos.photoslibrary/resources/derivatives/7/7EDE8073-4A26-45D8-B691-4439154DEEEF_1_105_c.jpeg"
    ],
    "ultima_modificacion": "2025-08-01 01:01:01.703091"
  },
  "7b94a225cfbe405d91ea9037bd6b1cde1105c.jpeg": {
    "app_sintetizada": "7B94A225CFBE405D91EA9037BD6B1CDE1105C.JPEG",
    "cantidad_archivos": 1,
    "archivos_fuente": [
      "Pictures/Fototeca de Fotos.photoslibrary/resources/derivatives/7/7B94A225-CFBE-405D-91EA-9037BD6B1CDE_1_105_c.jpeg"
    ],
    "ultima_modificacion": "2025-08-01 01:01:01.703405"
  },
  "77ccf8aa50c240e882fe58321453521d1105c.jpeg": {
    "app_sintetizada": "77CCF8AA50C240E882FE58321453521D1105C.JPEG",
    "cantidad_archivos": 1,
    "archivos_fuente": [
      "Pictures/Fototeca de Fotos.photoslibrary/resources/derivatives/7/77CCF8AA-50C2-40E8-82FE-58321453521D_1_105_c.jpeg"
    ],
    "ultima_modificacion": "2025-08-01 01:01:01.703704"
  },
  "737a4633f9d84845926d2a99e559ccd11105c.jpeg": {
    "app_sintetizada": "737A4633F9D84845926D2A99E559CCD11105C.JPEG",
    "cantidad_archivos": 1,
    "archivos_fuente": [
      "Pictures/Fototeca de Fotos.photoslibrary/resources/derivatives/7/737A4633-F9D8-4845-926D-2A99E559CCD1_1_105_c.jpeg"
    ],
    "ultima_modificacion": "2025-08-01 01:01:01.704030"
  },
  "7d556ae11ca5457d9b66f562444064d91105c.jpeg": {
    "app_sintetizada": "7D556AE11CA5457D9B66F562444064D91105C.JPEG",
    "cantidad_archivos": 1,
    "archivos_fuente": [
      "Pictures/Fototeca de Fotos.photoslibrary/resources/derivatives/7/7D556AE1-1CA5-457D-9B66-F562444064D9_1_105_c.jpeg"
    ],
    "ultima_modificacion": "2025-08-01 01:01:01.704339"
  },
  "7bd8fe9e1aea4dda8c2b430fda4196811105c.jpeg": {
    "app_sintetizada": "7BD8FE9E1AEA4DDA8C2B430FDA4196811105C.JPEG",
    "cantidad_archivos": 1,
    "archivos_fuente": [
      "Pictures/Fototeca de Fotos.photoslibrary/resources/derivatives/7/7BD8FE9E-1AEA-4DDA-8C2B-430FDA419681_1_105_c.jpeg"
    ],
    "ultima_modificacion": "2025-08-01 01:01:01.704635"
  },
  "70acb0ef861b47f2ac719364188210c01105c.jpeg": {
    "app_sintetizada": "70ACB0EF861B47F2AC719364188210C01105C.JPEG",
    "cantidad_archivos": 1,
    "archivos_fuente": [
      "Pictures/Fototeca de Fotos.photoslibrary/resources/derivatives/7/70ACB0EF-861B-47F2-AC71-9364188210C0_1_105_c.jpeg"
    ],
    "ultima_modificacion": "2025-08-01 01:01:01.704942"
  },
  "73e4e94ce12b4681abafbb3b2bbd8f701105c.jpeg": {
    "app_sintetizada": "73E4E94CE12B4681ABAFBB3B2BBD8F701105C.JPEG",
    "cantidad_archivos": 1,
    "archivos_fuente": [
      "Pictures/Fototeca de Fotos.photoslibrary/resources/derivatives/7/73E4E94C-E12B-4681-ABAF-BB3B2BBD8F70_1_105_c.jpeg"
    ],
    "ultima_modificacion": "2025-08-01 01:01:01.705242"
  },
  "71e94e1e9f9241c4bc839a4dd9f84f851105c.jpeg": {
    "app_sintetizada": "71E94E1E9F9241C4BC839A4DD9F84F851105C.JPEG",
    "cantidad_archivos": 1,
    "archivos_fuente": [
      "Pictures/Fototeca de Fotos.photoslibrary/resources/derivatives/7/71E94E1E-9F92-41C4-BC83-9A4DD9F84F85_1_105_c.jpeg"
    ],
    "ultima_modificacion": "2025-08-01 01:01:01.705545"
  },
  "7725153af96c4578a3be8c69c4419ad61105c.jpeg": {
    "app_sintetizada": "7725153AF96C4578A3BE8C69C4419AD61105C.JPEG",
    "cantidad_archivos": 1,
    "archivos_fuente": [
      "Pictures/Fototeca de Fotos.photoslibrary/resources/derivatives/7/7725153A-F96C-4578-A3BE-8C69C4419AD6_1_105_c.jpeg"
    ],
    "ultima_modificacion": "2025-08-01 01:01:01.705849"
  },
  "7fcf821593564dbe9b237e71741179b11105c.jpeg": {
    "app_sintetizada": "7FCF821593564DBE9B237E71741179B11105C.JPEG",
    "cantidad_archivos": 1,
    "archivos_fuente": [
      "Pictures/Fototeca de Fotos.photoslibrary/resources/derivatives/7/7FCF8215-9356-4DBE-9B23-7E71741179B1_1_105_c.jpeg"
    ],
    "ultima_modificacion": "2025-08-01 01:01:01.706130"
  },
  "7189bc0444794f2c9d61af63bc7c16601105c.jpeg": {
    "app_sintetizada": "7189BC0444794F2C9D61AF63BC7C16601105C.JPEG",
    "cantidad_archivos": 1,
    "archivos_fuente": [
      "Pictures/Fototeca de Fotos.photoslibrary/resources/derivatives/7/7189BC04-4479-4F2C-9D61-AF63BC7C1660_1_105_c.jpeg"
    ],
    "ultima_modificacion": "2025-08-01 01:01:01.706407"
  },
  "7febf87def294e17a91ea14835c430721105c.jpeg": {
    "app_sintetizada": "7FEBF87DEF294E17A91EA14835C430721105C.JPEG",
    "cantidad_archivos": 1,
    "archivos_fuente": [
      "Pictures/Fototeca de Fotos.photoslibrary/resources/derivatives/7/7FEBF87D-EF29-4E17-A91E-A14835C43072_1_105_c.jpeg"
    ],
    "ultima_modificacion": "2025-08-01 01:01:01.706694"
  },
  "7980ffbd45004c9493ae2c7e56ea05911105c.jpeg": {
    "app_sintetizada": "7980FFBD45004C9493AE2C7E56EA05911105C.JPEG",
    "cantidad_archivos": 1,
    "archivos_fuente": [
      "Pictures/Fototeca de Fotos.photoslibrary/resources/derivatives/7/7980FFBD-4500-4C94-93AE-2C7E56EA0591_1_105_c.jpeg"
    ],
    "ultima_modificacion": "2025-08-01 01:01:01.707002"
  },
  "7621aaecd4ac42cd95eeb3dbc7c721691105c.jpeg": {
    "app_sintetizada": "7621AAECD4AC42CD95EEB3DBC7C721691105C.JPEG",
    "cantidad_archivos": 1,
    "archivos_fuente": [
      "Pictures/Fototeca de Fotos.photoslibrary/resources/derivatives/7/7621AAEC-D4AC-42CD-95EE-B3DBC7C72169_1_105_c.jpeg"
    ],
    "ultima_modificacion": "2025-08-01 01:01:01.707309"
  },
  "7af5da5fafab4a368b07a42e7552c0891105c.jpeg": {
    "app_sintetizada": "7AF5DA5FAFAB4A368B07A42E7552C0891105C.JPEG",
    "cantidad_archivos": 1,
    "archivos_fuente": [
      "Pictures/Fototeca de Fotos.photoslibrary/resources/derivatives/7/7AF5DA5F-AFAB-4A36-8B07-A42E7552C089_1_105_c.jpeg"
    ],
    "ultima_modificacion": "2025-08-01 01:01:01.707640"
  },
  "7efcbef6ba7147b583008f290762bb5d1105c.jpeg": {
    "app_sintetizada": "7EFCBEF6BA7147B583008F290762BB5D1105C.JPEG",
    "cantidad_archivos": 1,
    "archivos_fuente": [
      "Pictures/Fototeca de Fotos.photoslibrary/resources/derivatives/7/7EFCBEF6-BA71-47B5-8300-8F290762BB5D_1_105_c.jpeg"
    ],
    "ultima_modificacion": "2025-08-01 01:01:01.707943"
  },
  "7b7f3ab508f24c0c941143db3753b5161105c.jpeg": {
    "app_sintetizada": "7B7F3AB508F24C0C941143DB3753B5161105C.JPEG",
    "cantidad_archivos": 1,
    "archivos_fuente": [
      "Pictures/Fototeca de Fotos.photoslibrary/resources/derivatives/7/7B7F3AB5-08F2-4C0C-9411-43DB3753B516_1_105_c.jpeg"
    ],
    "ultima_modificacion": "2025-08-01 01:01:01.708275"
  },
  "7cc41a35cbf941bda0872897eadfbf801102o.jpeg": {
    "app_sintetizada": "7CC41A35CBF941BDA0872897EADFBF801102O.JPEG",
    "cantidad_archivos": 1,
    "archivos_fuente": [
      "Pictures/Fototeca de Fotos.photoslibrary/resources/derivatives/7/7CC41A35-CBF9-41BD-A087-2897EADFBF80_1_102_o.jpeg"
    ],
    "ultima_modificacion": "2025-08-01 01:01:01.708589"
  },
  "7a587ffb477741d08bf5f4bcc904b8911105c.jpeg": {
    "app_sintetizada": "7A587FFB477741D08BF5F4BCC904B8911105C.JPEG",
    "cantidad_archivos": 1,
    "archivos_fuente": [
      "Pictures/Fototeca de Fotos.photoslibrary/resources/derivatives/7/7A587FFB-4777-41D0-8BF5-F4BCC904B891_1_105_c.jpeg"
    ],
    "ultima_modificacion": "2025-08-01 01:01:01.708897"
  },
  "722e21cd88c143f5916eb1ee3bca002a1105c.jpeg": {
    "app_sintetizada": "722E21CD88C143F5916EB1EE3BCA002A1105C.JPEG",
    "cantidad_archivos": 1,
    "archivos_fuente": [
      "Pictures/Fototeca de Fotos.photoslibrary/resources/derivatives/7/722E21CD-88C1-43F5-916E-B1EE3BCA002A_1_105_c.jpeg"
    ],
    "ultima_modificacion": "2025-08-01 01:01:01.709202"
  },
  "73121289682148b2a50f5f1e5599642f1105c.jpeg": {
    "app_sintetizada": "73121289682148B2A50F5F1E5599642F1105C.JPEG",
    "cantidad_archivos": 1,
    "archivos_fuente": [
      "Pictures/Fototeca de Fotos.photoslibrary/resources/derivatives/7/73121289-6821-48B2-A50F-5F1E5599642F_1_105_c.jpeg"
    ],
    "ultima_modificacion": "2025-08-01 01:01:01.709549"
  },
  "7386d7604d194506b4dac41cf0b74e8b1105c.jpeg": {
    "app_sintetizada": "7386D7604D194506B4DAC41CF0B74E8B1105C.JPEG",
    "cantidad_archivos": 1,
    "archivos_fuente": [
      "Pictures/Fototeca de Fotos.photoslibrary/resources/derivatives/7/7386D760-4D19-4506-B4DA-C41CF0B74E8B_1_105_c.jpeg"
    ],
    "ultima_modificacion": "2025-08-01 01:01:01.709858"
  },
  "77f47751ebb948858a064a9dbf19668a1105c.jpeg": {
    "app_sintetizada": "77F47751EBB948858A064A9DBF19668A1105C.JPEG",
    "cantidad_archivos": 1,
    "archivos_fuente": [
      "Pictures/Fototeca de Fotos.photoslibrary/resources/derivatives/7/77F47751-EBB9-4885-8A06-4A9DBF19668A_1_105_c.jpeg"
    ],
    "ultima_modificacion": "2025-08-01 01:01:01.710151"
  },
  "76e2aaa74fcc4fd3b0428073321321221105c.jpeg": {
    "app_sintetizada": "76E2AAA74FCC4FD3B0428073321321221105C.JPEG",
    "cantidad_archivos": 1,
    "archivos_fuente": [
      "Pictures/Fototeca de Fotos.photoslibrary/resources/derivatives/7/76E2AAA7-4FCC-4FD3-B042-807332132122_1_105_c.jpeg"
    ],
    "ultima_modificacion": "2025-08-01 01:01:01.710476"
  },
  "76cf5eefadbf47f091134adece0d15e41105c.jpeg": {
    "app_sintetizada": "76CF5EEFADBF47F091134ADECE0D15E41105C.JPEG",
    "cantidad_archivos": 1,
    "archivos_fuente": [
      "Pictures/Fototeca de Fotos.photoslibrary/resources/derivatives/7/76CF5EEF-ADBF-47F0-9113-4ADECE0D15E4_1_105_c.jpeg"
    ],
    "ultima_modificacion": "2025-08-01 01:01:01.710783"
  },
  "74ac98cbf547456db78272de2024bd421105c.jpeg": {
    "app_sintetizada": "74AC98CBF547456DB78272DE2024BD421105C.JPEG",
    "cantidad_archivos": 1,
    "archivos_fuente": [
      "Pictures/Fototeca de Fotos.photoslibrary/resources/derivatives/7/74AC98CB-F547-456D-B782-72DE2024BD42_1_105_c.jpeg"
    ],
    "ultima_modificacion": "2025-08-01 01:01:01.711127"
  },
  "76590d582e74425f9c896a02fcdbb4741105c.jpeg": {
    "app_sintetizada": "76590D582E74425F9C896A02FCDBB4741105C.JPEG",
    "cantidad_archivos": 1,
    "archivos_fuente": [
      "Pictures/Fototeca de Fotos.photoslibrary/resources/derivatives/7/76590D58-2E74-425F-9C89-6A02FCDBB474_1_105_c.jpeg"
    ],
    "ultima_modificacion": "2025-08-01 01:01:01.711377"
  },
  "74fb4e70ad354350a9bb30da9305cfc91105c.jpeg": {
    "app_sintetizada": "74FB4E70AD354350A9BB30DA9305CFC91105C.JPEG",
    "cantidad_archivos": 1,
    "archivos_fuente": [
      "Pictures/Fototeca de Fotos.photoslibrary/resources/derivatives/7/74FB4E70-AD35-4350-A9BB-30DA9305CFC9_1_105_c.jpeg"
    ],
    "ultima_modificacion": "2025-08-01 01:01:01.711608"
  },
  "761457f697d646a9975560fa34ee6c261105c.jpeg": {
    "app_sintetizada": "761457F697D646A9975560FA34EE6C261105C.JPEG",
    "cantidad_archivos": 1,
    "archivos_fuente": [
      "Pictures/Fototeca de Fotos.photoslibrary/resources/derivatives/7/761457F6-97D6-46A9-9755-60FA34EE6C26_1_105_c.jpeg"
    ],
    "ultima_modificacion": "2025-08-01 01:01:01.711815"
  },
  "7707d5505f05421f98ab5914106314d61105c.jpeg": {
    "app_sintetizada": "7707D5505F05421F98AB5914106314D61105C.JPEG",
    "cantidad_archivos": 1,
    "archivos_fuente": [
      "Pictures/Fototeca de Fotos.photoslibrary/resources/derivatives/7/7707D550-5F05-421F-98AB-5914106314D6_1_105_c.jpeg"
    ],
    "ultima_modificacion": "2025-08-01 01:01:01.712040"
  },
  "7be059db6cef4187bc36a9564c955846.thm": {
    "app_sintetizada": "7BE059DB6CEF4187BC36A9564C955846.THM",
    "cantidad_archivos": 1,
    "archivos_fuente": [
      "Pictures/Fototeca de Fotos.photoslibrary/resources/derivatives/7/7BE059DB-6CEF-4187-BC36-A9564C955846.THM"
    ],
    "ultima_modificacion": "2025-08-01 01:01:01.712254"
  },
  "768165795ec6482886ff8e9954bc0be11105c.jpeg": {
    "app_sintetizada": "768165795EC6482886FF8E9954BC0BE11105C.JPEG",
    "cantidad_archivos": 1,
    "archivos_fuente": [
      "Pictures/Fototeca de Fotos.photoslibrary/resources/derivatives/7/76816579-5EC6-4828-86FF-8E9954BC0BE1_1_105_c.jpeg"
    ],
    "ultima_modificacion": "2025-08-01 01:01:01.712456"
  },
  "76d83d0abcb84295899af58164f2cccb1102o.jpeg": {
    "app_sintetizada": "76D83D0ABCB84295899AF58164F2CCCB1102O.JPEG",
    "cantidad_archivos": 1,
    "archivos_fuente": [
      "Pictures/Fototeca de Fotos.photoslibrary/resources/derivatives/7/76D83D0A-BCB8-4295-899A-F58164F2CCCB_1_102_o.jpeg"
    ],
    "ultima_modificacion": "2025-08-01 01:01:01.712649"
  },
  "7a8b17aca8c4400ba2de703e524f75111105c.jpeg": {
    "app_sintetizada": "7A8B17ACA8C4400BA2DE703E524F75111105C.JPEG",
    "cantidad_archivos": 1,
    "archivos_fuente": [
      "Pictures/Fototeca de Fotos.photoslibrary/resources/derivatives/7/7A8B17AC-A8C4-400B-A2DE-703E524F7511_1_105_c.jpeg"
    ],
    "ultima_modificacion": "2025-08-01 01:01:01.712843"
  },
  "7f98c038e3514b5ea81e95c120e312061105c.jpeg": {
    "app_sintetizada": "7F98C038E3514B5EA81E95C120E312061105C.JPEG",
    "cantidad_archivos": 1,
    "archivos_fuente": [
      "Pictures/Fototeca de Fotos.photoslibrary/resources/derivatives/7/7F98C038-E351-4B5E-A81E-95C120E31206_1_105_c.jpeg"
    ],
    "ultima_modificacion": "2025-08-01 01:01:01.713045"
  },
  "79607daabdaf4d759cf2de04bb6b2d251105c.jpeg": {
    "app_sintetizada": "79607DAABDAF4D759CF2DE04BB6B2D251105C.JPEG",
    "cantidad_archivos": 1,
    "archivos_fuente": [
      "Pictures/Fototeca de Fotos.photoslibrary/resources/derivatives/7/79607DAA-BDAF-4D75-9CF2-DE04BB6B2D25_1_105_c.jpeg"
    ],
    "ultima_modificacion": "2025-08-01 01:01:01.713249"
  },
  "7ee6f6fb8fd34e96ac0276a3149ead741105c.jpeg": {
    "app_sintetizada": "7EE6F6FB8FD34E96AC0276A3149EAD741105C.JPEG",
    "cantidad_archivos": 1,
    "archivos_fuente": [
      "Pictures/Fototeca de Fotos.photoslibrary/resources/derivatives/7/7EE6F6FB-8FD3-4E96-AC02-76A3149EAD74_1_105_c.jpeg"
    ],
    "ultima_modificacion": "2025-08-01 01:01:01.713487"
  },
  "7ef09047817e456392143d8549e823571105c.jpeg": {
    "app_sintetizada": "7EF09047817E456392143D8549E823571105C.JPEG",
    "cantidad_archivos": 1,
    "archivos_fuente": [
      "Pictures/Fototeca de Fotos.photoslibrary/resources/derivatives/7/7EF09047-817E-4563-9214-3D8549E82357_1_105_c.jpeg"
    ],
    "ultima_modificacion": "2025-08-01 01:01:01.713844"
  },
  "752d21e454924ea79b74bede34c67e891105c.jpeg": {
    "app_sintetizada": "752D21E454924EA79B74BEDE34C67E891105C.JPEG",
    "cantidad_archivos": 1,
    "archivos_fuente": [
      "Pictures/Fototeca de Fotos.photoslibrary/resources/derivatives/7/752D21E4-5492-4EA7-9B74-BEDE34C67E89_1_105_c.jpeg"
    ],
    "ultima_modificacion": "2025-08-01 01:01:01.714114"
  },
  "7b430f28da5a4118a0c99a0e06efb5201105c.jpeg": {
    "app_sintetizada": "7B430F28DA5A4118A0C99A0E06EFB5201105C.JPEG",
    "cantidad_archivos": 1,
    "archivos_fuente": [
      "Pictures/Fototeca de Fotos.photoslibrary/resources/derivatives/7/7B430F28-DA5A-4118-A0C9-9A0E06EFB520_1_105_c.jpeg"
    ],
    "ultima_modificacion": "2025-08-01 01:01:01.714465"
  },
  "7029142b676c4d4598f0ac84609d1ec41105c.jpeg": {
    "app_sintetizada": "7029142B676C4D4598F0AC84609D1EC41105C.JPEG",
    "cantidad_archivos": 1,
    "archivos_fuente": [
      "Pictures/Fototeca de Fotos.photoslibrary/resources/derivatives/7/7029142B-676C-4D45-98F0-AC84609D1EC4_1_105_c.jpeg"
    ],
    "ultima_modificacion": "2025-08-01 01:01:01.714696"
  },
  "725efe4f5ccc4c999aa285bb274fe9091105c.jpeg": {
    "app_sintetizada": "725EFE4F5CCC4C999AA285BB274FE9091105C.JPEG",
    "cantidad_archivos": 1,
    "archivos_fuente": [
      "Pictures/Fototeca de Fotos.photoslibrary/resources/derivatives/7/725EFE4F-5CCC-4C99-9AA2-85BB274FE909_1_105_c.jpeg"
    ],
    "ultima_modificacion": "2025-08-01 01:01:01.714904"
  },
  "7d8ab753ff3e441e9a70932836ebe5bd1105c.jpeg": {
    "app_sintetizada": "7D8AB753FF3E441E9A70932836EBE5BD1105C.JPEG",
    "cantidad_archivos": 1,
    "archivos_fuente": [
      "Pictures/Fototeca de Fotos.photoslibrary/resources/derivatives/7/7D8AB753-FF3E-441E-9A70-932836EBE5BD_1_105_c.jpeg"
    ],
    "ultima_modificacion": "2025-08-01 01:01:01.715108"
  },
  "7f51b3e29fca44f4adc44a61ebde2a881105c.jpeg": {
    "app_sintetizada": "7F51B3E29FCA44F4ADC44A61EBDE2A881105C.JPEG",
    "cantidad_archivos": 1,
    "archivos_fuente": [
      "Pictures/Fototeca de Fotos.photoslibrary/resources/derivatives/7/7F51B3E2-9FCA-44F4-ADC4-4A61EBDE2A88_1_105_c.jpeg"
    ],
    "ultima_modificacion": "2025-08-01 01:01:01.715335"
  },
  "7038929a31d449de820b2d657b749afb1105c.jpeg": {
    "app_sintetizada": "7038929A31D449DE820B2D657B749AFB1105C.JPEG",
    "cantidad_archivos": 1,
    "archivos_fuente": [
      "Pictures/Fototeca de Fotos.photoslibrary/resources/derivatives/7/7038929A-31D4-49DE-820B-2D657B749AFB_1_105_c.jpeg"
    ],
    "ultima_modificacion": "2025-08-01 01:01:01.715621"
  },
  "74f28423392c427f9a42e667623003301105c.jpeg": {
    "app_sintetizada": "74F28423392C427F9A42E667623003301105C.JPEG",
    "cantidad_archivos": 1,
    "archivos_fuente": [
      "Pictures/Fototeca de Fotos.photoslibrary/resources/derivatives/7/74F28423-392C-427F-9A42-E66762300330_1_105_c.jpeg"
    ],
    "ultima_modificacion": "2025-08-01 01:01:01.715850"
  },
  "7f4dd4c838854c549340b1d57621bce81105c.jpeg": {
    "app_sintetizada": "7F4DD4C838854C549340B1D57621BCE81105C.JPEG",
    "cantidad_archivos": 1,
    "archivos_fuente": [
      "Pictures/Fototeca de Fotos.photoslibrary/resources/derivatives/7/7F4DD4C8-3885-4C54-9340-B1D57621BCE8_1_105_c.jpeg"
    ],
    "ultima_modificacion": "2025-08-01 01:01:01.716092"
  },
  "7ec3b22d85ee4fa198cbcca046ba465f1105c.jpeg": {
    "app_sintetizada": "7EC3B22D85EE4FA198CBCCA046BA465F1105C.JPEG",
    "cantidad_archivos": 1,
    "archivos_fuente": [
      "Pictures/Fototeca de Fotos.photoslibrary/resources/derivatives/7/7EC3B22D-85EE-4FA1-98CB-CCA046BA465F_1_105_c.jpeg"
    ],
    "ultima_modificacion": "2025-08-01 01:01:01.716340"
  },
  "7faef166ccaf40349debc263f25e9b561105c.jpeg": {
    "app_sintetizada": "7FAEF166CCAF40349DEBC263F25E9B561105C.JPEG",
    "cantidad_archivos": 1,
    "archivos_fuente": [
      "Pictures/Fototeca de Fotos.photoslibrary/resources/derivatives/7/7FAEF166-CCAF-4034-9DEB-C263F25E9B56_1_105_c.jpeg"
    ],
    "ultima_modificacion": "2025-08-01 01:01:01.716568"
  },
  "751da849c0554a05955546f57af2bfc31105c.jpeg": {
    "app_sintetizada": "751DA849C0554A05955546F57AF2BFC31105C.JPEG",
    "cantidad_archivos": 1,
    "archivos_fuente": [
      "Pictures/Fototeca de Fotos.photoslibrary/resources/derivatives/7/751DA849-C055-4A05-9555-46F57AF2BFC3_1_105_c.jpeg"
    ],
    "ultima_modificacion": "2025-08-01 01:01:01.716782"
  },
  "7ab8d051699e44af86e93c54f8f6b9101105c.jpeg": {
    "app_sintetizada": "7AB8D051699E44AF86E93C54F8F6B9101105C.JPEG",
    "cantidad_archivos": 1,
    "archivos_fuente": [
      "Pictures/Fototeca de Fotos.photoslibrary/resources/derivatives/7/7AB8D051-699E-44AF-86E9-3C54F8F6B910_1_105_c.jpeg"
    ],
    "ultima_modificacion": "2025-08-01 01:01:01.717070"
  },
  "74c25957b4d240868f8e9a31c4c2c22e1105c.jpeg": {
    "app_sintetizada": "74C25957B4D240868F8E9A31C4C2C22E1105C.JPEG",
    "cantidad_archivos": 1,
    "archivos_fuente": [
      "Pictures/Fototeca de Fotos.photoslibrary/resources/derivatives/7/74C25957-B4D2-4086-8F8E-9A31C4C2C22E_1_105_c.jpeg"
    ],
    "ultima_modificacion": "2025-08-01 01:01:01.717285"
  },
  "773cdeb21cee4ca194e5d2eb8d18a92d1105c.jpeg": {
    "app_sintetizada": "773CDEB21CEE4CA194E5D2EB8D18A92D1105C.JPEG",
    "cantidad_archivos": 1,
    "archivos_fuente": [
      "Pictures/Fototeca de Fotos.photoslibrary/resources/derivatives/7/773CDEB2-1CEE-4CA1-94E5-D2EB8D18A92D_1_105_c.jpeg"
    ],
    "ultima_modificacion": "2025-08-01 01:01:01.717482"
  },
  "7f0d7ee394f447cb8a45fecfc1e47c0e1105c.jpeg": {
    "app_sintetizada": "7F0D7EE394F447CB8A45FECFC1E47C0E1105C.JPEG",
    "cantidad_archivos": 1,
    "archivos_fuente": [
      "Pictures/Fototeca de Fotos.photoslibrary/resources/derivatives/7/7F0D7EE3-94F4-47CB-8A45-FECFC1E47C0E_1_105_c.jpeg"
    ],
    "ultima_modificacion": "2025-08-01 01:01:01.717774"
  },
  "740e4eed6cda463ca51f98733eab4fe31105c.jpeg": {
    "app_sintetizada": "740E4EED6CDA463CA51F98733EAB4FE31105C.JPEG",
    "cantidad_archivos": 1,
    "archivos_fuente": [
      "Pictures/Fototeca de Fotos.photoslibrary/resources/derivatives/7/740E4EED-6CDA-463C-A51F-98733EAB4FE3_1_105_c.jpeg"
    ],
    "ultima_modificacion": "2025-08-01 01:01:01.718143"
  },
  "74e238081ee341bda1a770b949f9d2801105c.jpeg": {
    "app_sintetizada": "74E238081EE341BDA1A770B949F9D2801105C.JPEG",
    "cantidad_archivos": 1,
    "archivos_fuente": [
      "Pictures/Fototeca de Fotos.photoslibrary/resources/derivatives/7/74E23808-1EE3-41BD-A1A7-70B949F9D280_1_105_c.jpeg"
    ],
    "ultima_modificacion": "2025-08-01 01:01:01.718469"
  },
  "741c1e7c5a404cfca46fab7282ef41b81105c.jpeg": {
    "app_sintetizada": "741C1E7C5A404CFCA46FAB7282EF41B81105C.JPEG",
    "cantidad_archivos": 1,
    "archivos_fuente": [
      "Pictures/Fototeca de Fotos.photoslibrary/resources/derivatives/7/741C1E7C-5A40-4CFC-A46F-AB7282EF41B8_1_105_c.jpeg"
    ],
    "ultima_modificacion": "2025-08-01 01:01:01.718784"
  },
  "74cb09c597f743c387aae1082a3c45571105c.jpeg": {
    "app_sintetizada": "74CB09C597F743C387AAE1082A3C45571105C.JPEG",
    "cantidad_archivos": 1,
    "archivos_fuente": [
      "Pictures/Fototeca de Fotos.photoslibrary/resources/derivatives/7/74CB09C5-97F7-43C3-87AA-E1082A3C4557_1_105_c.jpeg"
    ],
    "ultima_modificacion": "2025-08-01 01:01:01.719087"
  },
  "75678c841d8f4252a163588072e82f361105c.jpeg": {
    "app_sintetizada": "75678C841D8F4252A163588072E82F361105C.JPEG",
    "cantidad_archivos": 1,
    "archivos_fuente": [
      "Pictures/Fototeca de Fotos.photoslibrary/resources/derivatives/7/75678C84-1D8F-4252-A163-588072E82F36_1_105_c.jpeg"
    ],
    "ultima_modificacion": "2025-08-01 01:01:01.719386"
  },
  "792b2b2699a0443b99995b457204d8751105c.jpeg": {
    "app_sintetizada": "792B2B2699A0443B99995B457204D8751105C.JPEG",
    "cantidad_archivos": 1,
    "archivos_fuente": [
      "Pictures/Fototeca de Fotos.photoslibrary/resources/derivatives/7/792B2B26-99A0-443B-9999-5B457204D875_1_105_c.jpeg"
    ],
    "ultima_modificacion": "2025-08-01 01:01:01.719669"
  },
  "73427463cbb84ed9817ff97aecbe10051105c.jpeg": {
    "app_sintetizada": "73427463CBB84ED9817FF97AECBE10051105C.JPEG",
    "cantidad_archivos": 1,
    "archivos_fuente": [
      "Pictures/Fototeca de Fotos.photoslibrary/resources/derivatives/7/73427463-CBB8-4ED9-817F-F97AECBE1005_1_105_c.jpeg"
    ],
    "ultima_modificacion": "2025-08-01 01:01:01.719993"
  },
  "7fdc4a3266c848d8946b5c51d9074c6d1105c.jpeg": {
    "app_sintetizada": "7FDC4A3266C848D8946B5C51D9074C6D1105C.JPEG",
    "cantidad_archivos": 1,
    "archivos_fuente": [
      "Pictures/Fototeca de Fotos.photoslibrary/resources/derivatives/7/7FDC4A32-66C8-48D8-946B-5C51D9074C6D_1_105_c.jpeg"
    ],
    "ultima_modificacion": "2025-08-01 01:01:01.720206"
  },
  "7301cbd4a1e5412cb16783ef043b5bca1105c.jpeg": {
    "app_sintetizada": "7301CBD4A1E5412CB16783EF043B5BCA1105C.JPEG",
    "cantidad_archivos": 1,
    "archivos_fuente": [
      "Pictures/Fototeca de Fotos.photoslibrary/resources/derivatives/7/7301CBD4-A1E5-412C-B167-83EF043B5BCA_1_105_c.jpeg"
    ],
    "ultima_modificacion": "2025-08-01 01:01:01.720511"
  },
  "7cdcf073806146b4829b015bdb1ff3b71105c.jpeg": {
    "app_sintetizada": "7CDCF073806146B4829B015BDB1FF3B71105C.JPEG",
    "cantidad_archivos": 1,
    "archivos_fuente": [
      "Pictures/Fototeca de Fotos.photoslibrary/resources/derivatives/7/7CDCF073-8061-46B4-829B-015BDB1FF3B7_1_105_c.jpeg"
    ],
    "ultima_modificacion": "2025-08-01 01:01:01.720817"
  },
  "7b59ba3b8694423993907be6aa1008021105c.jpeg": {
    "app_sintetizada": "7B59BA3B8694423993907BE6AA1008021105C.JPEG",
    "cantidad_archivos": 1,
    "archivos_fuente": [
      "Pictures/Fototeca de Fotos.photoslibrary/resources/derivatives/7/7B59BA3B-8694-4239-9390-7BE6AA100802_1_105_c.jpeg"
    ],
    "ultima_modificacion": "2025-08-01 01:01:01.721102"
  },
  "75d37cfce63a457faf7a707229874faa1105c.jpeg": {
    "app_sintetizada": "75D37CFCE63A457FAF7A707229874FAA1105C.JPEG",
    "cantidad_archivos": 1,
    "archivos_fuente": [
      "Pictures/Fototeca de Fotos.photoslibrary/resources/derivatives/7/75D37CFC-E63A-457F-AF7A-707229874FAA_1_105_c.jpeg"
    ],
    "ultima_modificacion": "2025-08-01 01:01:01.721393"
  },
  "729e2ddce9ff4057a0f1105f59746f3b1105c.jpeg": {
    "app_sintetizada": "729E2DDCE9FF4057A0F1105F59746F3B1105C.JPEG",
    "cantidad_archivos": 1,
    "archivos_fuente": [
      "Pictures/Fototeca de Fotos.photoslibrary/resources/derivatives/7/729E2DDC-E9FF-4057-A0F1-105F59746F3B_1_105_c.jpeg"
    ],
    "ultima_modificacion": "2025-08-01 01:01:01.721707"
  },
  "7823c84a93024848bbe683a59435ca2c1105c.jpeg": {
    "app_sintetizada": "7823C84A93024848BBE683A59435CA2C1105C.JPEG",
    "cantidad_archivos": 1,
    "archivos_fuente": [
      "Pictures/Fototeca de Fotos.photoslibrary/resources/derivatives/7/7823C84A-9302-4848-BBE6-83A59435CA2C_1_105_c.jpeg"
    ],
    "ultima_modificacion": "2025-08-01 01:01:01.722000"
  },
  "75245eb3c23f4f97b0037ebdb1e3fb8a1105c.jpeg": {
    "app_sintetizada": "75245EB3C23F4F97B0037EBDB1E3FB8A1105C.JPEG",
    "cantidad_archivos": 1,
    "archivos_fuente": [
      "Pictures/Fototeca de Fotos.photoslibrary/resources/derivatives/7/75245EB3-C23F-4F97-B003-7EBDB1E3FB8A_1_105_c.jpeg"
    ],
    "ultima_modificacion": "2025-08-01 01:01:01.722299"
  },
  "77ba25c02089422cb58caadbdb2f8c061105c.jpeg": {
    "app_sintetizada": "77BA25C02089422CB58CAADBDB2F8C061105C.JPEG",
    "cantidad_archivos": 1,
    "archivos_fuente": [
      "Pictures/Fototeca de Fotos.photoslibrary/resources/derivatives/7/77BA25C0-2089-422C-B58C-AADBDB2F8C06_1_105_c.jpeg"
    ],
    "ultima_modificacion": "2025-08-01 01:01:01.722588"
  },
  "79d3cf2644bf4560853d3dc18fcd01bf1105c.jpeg": {
    "app_sintetizada": "79D3CF2644BF4560853D3DC18FCD01BF1105C.JPEG",
    "cantidad_archivos": 1,
    "archivos_fuente": [
      "Pictures/Fototeca de Fotos.photoslibrary/resources/derivatives/7/79D3CF26-44BF-4560-853D-3DC18FCD01BF_1_105_c.jpeg"
    ],
    "ultima_modificacion": "2025-08-01 01:01:01.722871"
  },
  "7b50a987d1cf482b966d80ed6d1cc7661105c.jpeg": {
    "app_sintetizada": "7B50A987D1CF482B966D80ED6D1CC7661105C.JPEG",
    "cantidad_archivos": 1,
    "archivos_fuente": [
      "Pictures/Fototeca de Fotos.photoslibrary/resources/derivatives/7/7B50A987-D1CF-482B-966D-80ED6D1CC766_1_105_c.jpeg"
    ],
    "ultima_modificacion": "2025-08-01 01:01:01.723200"
  },
  "75c7f25f78be40eeb2080dabb169e271.thm": {
    "app_sintetizada": "75C7F25F78BE40EEB2080DABB169E271.THM",
    "cantidad_archivos": 1,
    "archivos_fuente": [
      "Pictures/Fototeca de Fotos.photoslibrary/resources/derivatives/7/75C7F25F-78BE-40EE-B208-0DABB169E271.THM"
    ],
    "ultima_modificacion": "2025-08-01 01:01:01.723508"
  },
  "7377d56c666245588457d4985a6cfa9a1105c.jpeg": {
    "app_sintetizada": "7377D56C666245588457D4985A6CFA9A1105C.JPEG",
    "cantidad_archivos": 1,
    "archivos_fuente": [
      "Pictures/Fototeca de Fotos.photoslibrary/resources/derivatives/7/7377D56C-6662-4558-8457-D4985A6CFA9A_1_105_c.jpeg"
    ],
    "ultima_modificacion": "2025-08-01 01:01:01.723818"
  },
  "713202c3234646f986330e84c4dd8bb11105c.jpeg": {
    "app_sintetizada": "713202C3234646F986330E84C4DD8BB11105C.JPEG",
    "cantidad_archivos": 1,
    "archivos_fuente": [
      "Pictures/Fototeca de Fotos.photoslibrary/resources/derivatives/7/713202C3-2346-46F9-8633-0E84C4DD8BB1_1_105_c.jpeg"
    ],
    "ultima_modificacion": "2025-08-01 01:01:01.724155"
  },
  "7f930a9879ac41c3a1ae519848daecfe1105c.jpeg": {
    "app_sintetizada": "7F930A9879AC41C3A1AE519848DAECFE1105C.JPEG",
    "cantidad_archivos": 1,
    "archivos_fuente": [
      "Pictures/Fototeca de Fotos.photoslibrary/resources/derivatives/7/7F930A98-79AC-41C3-A1AE-519848DAECFE_1_105_c.jpeg"
    ],
    "ultima_modificacion": "2025-08-01 01:01:01.724476"
  },
  "733df808d21b4bcbac60e64225506f1f1105c.jpeg": {
    "app_sintetizada": "733DF808D21B4BCBAC60E64225506F1F1105C.JPEG",
    "cantidad_archivos": 1,
    "archivos_fuente": [
      "Pictures/Fototeca de Fotos.photoslibrary/resources/derivatives/7/733DF808-D21B-4BCB-AC60-E64225506F1F_1_105_c.jpeg"
    ],
    "ultima_modificacion": "2025-08-01 01:01:01.724700"
  },
  "78956a8fec704cb799dfd9caa6054ac61105c.jpeg": {
    "app_sintetizada": "78956A8FEC704CB799DFD9CAA6054AC61105C.JPEG",
    "cantidad_archivos": 1,
    "archivos_fuente": [
      "Pictures/Fototeca de Fotos.photoslibrary/resources/derivatives/7/78956A8F-EC70-4CB7-99DF-D9CAA6054AC6_1_105_c.jpeg"
    ],
    "ultima_modificacion": "2025-08-01 01:01:01.724926"
  },
  "7b2468d50d0b45449266d84ef15933b01105c.jpeg": {
    "app_sintetizada": "7B2468D50D0B45449266D84EF15933B01105C.JPEG",
    "cantidad_archivos": 1,
    "archivos_fuente": [
      "Pictures/Fototeca de Fotos.photoslibrary/resources/derivatives/7/7B2468D5-0D0B-4544-9266-D84EF15933B0_1_105_c.jpeg"
    ],
    "ultima_modificacion": "2025-08-01 01:01:01.725146"
  },
  "7adf3d96ba0348ab94ed5bc5cd488b9a1100o.jpeg": {
    "app_sintetizada": "7ADF3D96BA0348AB94ED5BC5CD488B9A1100O.JPEG",
    "cantidad_archivos": 1,
    "archivos_fuente": [
      "Pictures/Fototeca de Fotos.photoslibrary/resources/derivatives/7/7ADF3D96-BA03-48AB-94ED-5BC5CD488B9A_1_100_o.jpeg"
    ],
    "ultima_modificacion": "2025-08-01 01:01:01.725444"
  },
  "748ef6e5627b45c096d1b2134b27d9fc1105c.jpeg": {
    "app_sintetizada": "748EF6E5627B45C096D1B2134B27D9FC1105C.JPEG",
    "cantidad_archivos": 1,
    "archivos_fuente": [
      "Pictures/Fototeca de Fotos.photoslibrary/resources/derivatives/7/748EF6E5-627B-45C0-96D1-B2134B27D9FC_1_105_c.jpeg"
    ],
    "ultima_modificacion": "2025-08-01 01:01:01.725774"
  },
  "71256d55f10e4646ba5ca548134e78081105c.jpeg": {
    "app_sintetizada": "71256D55F10E4646BA5CA548134E78081105C.JPEG",
    "cantidad_archivos": 1,
    "archivos_fuente": [
      "Pictures/Fototeca de Fotos.photoslibrary/resources/derivatives/7/71256D55-F10E-4646-BA5C-A548134E7808_1_105_c.jpeg"
    ],
    "ultima_modificacion": "2025-08-01 01:01:01.726080"
  },
  "7cb1f424456743cca2d04ce04d5f0dfd1105c.jpeg": {
    "app_sintetizada": "7CB1F424456743CCA2D04CE04D5F0DFD1105C.JPEG",
    "cantidad_archivos": 1,
    "archivos_fuente": [
      "Pictures/Fototeca de Fotos.photoslibrary/resources/derivatives/7/7CB1F424-4567-43CC-A2D0-4CE04D5F0DFD_1_105_c.jpeg"
    ],
    "ultima_modificacion": "2025-08-01 01:01:01.726400"
  },
  "7c74224dd7e5493e9d965d9aa463de001105c.jpeg": {
    "app_sintetizada": "7C74224DD7E5493E9D965D9AA463DE001105C.JPEG",
    "cantidad_archivos": 1,
    "archivos_fuente": [
      "Pictures/Fototeca de Fotos.photoslibrary/resources/derivatives/7/7C74224D-D7E5-493E-9D96-5D9AA463DE00_1_105_c.jpeg"
    ],
    "ultima_modificacion": "2025-08-01 01:01:01.726704"
  },
  "7b26a4b3902b424489a8a23eb13d8ed31100o.jpeg": {
    "app_sintetizada": "7B26A4B3902B424489A8A23EB13D8ED31100O.JPEG",
    "cantidad_archivos": 1,
    "archivos_fuente": [
      "Pictures/Fototeca de Fotos.photoslibrary/resources/derivatives/7/7B26A4B3-902B-4244-89A8-A23EB13D8ED3_1_100_o.jpeg"
    ],
    "ultima_modificacion": "2025-08-01 01:01:01.727014"
  },
  "7abee2b1f5bb46f9aad0d89aaf35b7e51105c.jpeg": {
    "app_sintetizada": "7ABEE2B1F5BB46F9AAD0D89AAF35B7E51105C.JPEG",
    "cantidad_archivos": 1,
    "archivos_fuente": [
      "Pictures/Fototeca de Fotos.photoslibrary/resources/derivatives/7/7ABEE2B1-F5BB-46F9-AAD0-D89AAF35B7E5_1_105_c.jpeg"
    ],
    "ultima_modificacion": "2025-08-01 01:01:01.727317"
  },
  "7f7434da6b5c456793bbc841ef667b151105c.jpeg": {
    "app_sintetizada": "7F7434DA6B5C456793BBC841EF667B151105C.JPEG",
    "cantidad_archivos": 1,
    "archivos_fuente": [
      "Pictures/Fototeca de Fotos.photoslibrary/resources/derivatives/7/7F7434DA-6B5C-4567-93BB-C841EF667B15_1_105_c.jpeg"
    ],
    "ultima_modificacion": "2025-08-01 01:01:01.727622"
  },
  "7c61ceabe9af443db317185589a224451105c.jpeg": {
    "app_sintetizada": "7C61CEABE9AF443DB317185589A224451105C.JPEG",
    "cantidad_archivos": 1,
    "archivos_fuente": [
      "Pictures/Fototeca de Fotos.photoslibrary/resources/derivatives/7/7C61CEAB-E9AF-443D-B317-185589A22445_1_105_c.jpeg"
    ],
    "ultima_modificacion": "2025-08-01 01:01:01.727931"
  },
  "7eb75179153a43ae9d696afcfc63a5701105c.jpeg": {
    "app_sintetizada": "7EB75179153A43AE9D696AFCFC63A5701105C.JPEG",
    "cantidad_archivos": 1,
    "archivos_fuente": [
      "Pictures/Fototeca de Fotos.photoslibrary/resources/derivatives/7/7EB75179-153A-43AE-9D69-6AFCFC63A570_1_105_c.jpeg"
    ],
    "ultima_modificacion": "2025-08-01 01:01:01.728423"
  },
  "7f50619971f343189312da3665f616e51105c.jpeg": {
    "app_sintetizada": "7F50619971F343189312DA3665F616E51105C.JPEG",
    "cantidad_archivos": 1,
    "archivos_fuente": [
      "Pictures/Fototeca de Fotos.photoslibrary/resources/derivatives/7/7F506199-71F3-4318-9312-DA3665F616E5_1_105_c.jpeg"
    ],
    "ultima_modificacion": "2025-08-01 01:01:01.728643"
  },
  "74de0fbddec045e6a48111bc649028fd1105c.jpeg": {
    "app_sintetizada": "74DE0FBDDEC045E6A48111BC649028FD1105C.JPEG",
    "cantidad_archivos": 1,
    "archivos_fuente": [
      "Pictures/Fototeca de Fotos.photoslibrary/resources/derivatives/7/74DE0FBD-DEC0-45E6-A481-11BC649028FD_1_105_c.jpeg"
    ],
    "ultima_modificacion": "2025-08-01 01:01:01.728925"
  },
  "715f5c21728d4910869b5b313f336d8d1105c.jpeg": {
    "app_sintetizada": "715F5C21728D4910869B5B313F336D8D1105C.JPEG",
    "cantidad_archivos": 1,
    "archivos_fuente": [
      "Pictures/Fototeca de Fotos.photoslibrary/resources/derivatives/7/715F5C21-728D-4910-869B-5B313F336D8D_1_105_c.jpeg"
    ],
    "ultima_modificacion": "2025-08-01 01:01:01.729256"
  },
  "703da16ce8fd46388b0918712fa1341d1105c.jpeg": {
    "app_sintetizada": "703DA16CE8FD46388B0918712FA1341D1105C.JPEG",
    "cantidad_archivos": 1,
    "archivos_fuente": [
      "Pictures/Fototeca de Fotos.photoslibrary/resources/derivatives/7/703DA16C-E8FD-4638-8B09-18712FA1341D_1_105_c.jpeg"
    ],
    "ultima_modificacion": "2025-08-01 01:01:01.729542"
  },
  "703ea6a1c0bd4f1d9b4caf62d5212a5f1105c.jpeg": {
    "app_sintetizada": "703EA6A1C0BD4F1D9B4CAF62D5212A5F1105C.JPEG",
    "cantidad_archivos": 1,
    "archivos_fuente": [
      "Pictures/Fototeca de Fotos.photoslibrary/resources/derivatives/7/703EA6A1-C0BD-4F1D-9B4C-AF62D5212A5F_1_105_c.jpeg"
    ],
    "ultima_modificacion": "2025-08-01 01:01:01.729818"
  },
  "708b6c79f9304753817890e3663714371105c.jpeg": {
    "app_sintetizada": "708B6C79F9304753817890E3663714371105C.JPEG",
    "cantidad_archivos": 1,
    "archivos_fuente": [
      "Pictures/Fototeca de Fotos.photoslibrary/resources/derivatives/7/708B6C79-F930-4753-8178-90E366371437_1_105_c.jpeg"
    ],
    "ultima_modificacion": "2025-08-01 01:01:01.730109"
  },
  "7bf7e15ee4ff4b6fac63298a5485b64a1102o.jpeg": {
    "app_sintetizada": "7BF7E15EE4FF4B6FAC63298A5485B64A1102O.JPEG",
    "cantidad_archivos": 1,
    "archivos_fuente": [
      "Pictures/Fototeca de Fotos.photoslibrary/resources/derivatives/7/7BF7E15E-E4FF-4B6F-AC63-298A5485B64A_1_102_o.jpeg"
    ],
    "ultima_modificacion": "2025-08-01 01:01:01.730326"
  },
  "7fd71c48c0d041e39572ce3a4aa53a531105c.jpeg": {
    "app_sintetizada": "7FD71C48C0D041E39572CE3A4AA53A531105C.JPEG",
    "cantidad_archivos": 1,
    "archivos_fuente": [
      "Pictures/Fototeca de Fotos.photoslibrary/resources/derivatives/7/7FD71C48-C0D0-41E3-9572-CE3A4AA53A53_1_105_c.jpeg"
    ],
    "ultima_modificacion": "2025-08-01 01:01:01.730617"
  },
  "73843a3e43db402c9ae717a2bddac9ef1105c.jpeg": {
    "app_sintetizada": "73843A3E43DB402C9AE717A2BDDAC9EF1105C.JPEG",
    "cantidad_archivos": 1,
    "archivos_fuente": [
      "Pictures/Fototeca de Fotos.photoslibrary/resources/derivatives/7/73843A3E-43DB-402C-9AE7-17A2BDDAC9EF_1_105_c.jpeg"
    ],
    "ultima_modificacion": "2025-08-01 01:01:01.730960"
  }
}