{
  "66019a6ca711496e85c861ee5ba256011105c.jpeg": {
    "app_sintetizada": "66019A6CA711496E85C861EE5BA256011105C.JPEG",
    "cantidad_archivos": 1,
    "archivos_fuente": [
      "Pictures/Fototeca de Fotos.photoslibrary/resources/derivatives/6/66019A6C-A711-496E-85C8-61EE5BA25601_1_105_c.jpeg"
    ],
    "ultima_modificacion": "2025-08-01 01:01:02.050807"
  },
  "6a5f146305424155b6e9333344386067.thm": {
    "app_sintetizada": "6A5F146305424155B6E9333344386067.THM",
    "cantidad_archivos": 1,
    "archivos_fuente": [
      "Pictures/Fototeca de Fotos.photoslibrary/resources/derivatives/6/6A5F1463-0542-4155-B6E9-333344386067.THM"
    ],
    "ultima_modificacion": "2025-08-01 01:01:02.051117"
  },
  "62494f751e934546932a2bf1c413b07d1105c.jpeg": {
    "app_sintetizada": "62494F751E934546932A2BF1C413B07D1105C.JPEG",
    "cantidad_archivos": 1,
    "archivos_fuente": [
      "Pictures/Fototeca de Fotos.photoslibrary/resources/derivatives/6/62494F75-1E93-4546-932A-2BF1C413B07D_1_105_c.jpeg"
    ],
    "ultima_modificacion": "2025-08-01 01:01:02.051421"
  },
  "6049307503f9469f8364a0b18843fdea1105c.jpeg": {
    "app_sintetizada": "6049307503F9469F8364A0B18843FDEA1105C.JPEG",
    "cantidad_archivos": 1,
    "archivos_fuente": [
      "Pictures/Fototeca de Fotos.photoslibrary/resources/derivatives/6/60493075-03F9-469F-8364-A0B18843FDEA_1_105_c.jpeg"
    ],
    "ultima_modificacion": "2025-08-01 01:01:02.051710"
  },
  "66ae316bfdb9404ab37854764e15e13b1105c.jpeg": {
    "app_sintetizada": "66AE316BFDB9404AB37854764E15E13B1105C.JPEG",
    "cantidad_archivos": 1,
    "archivos_fuente": [
      "Pictures/Fototeca de Fotos.photoslibrary/resources/derivatives/6/66AE316B-FDB9-404A-B378-54764E15E13B_1_105_c.jpeg"
    ],
    "ultima_modificacion": "2025-08-01 01:01:02.052006"
  },
  "63d701ce72f74b9487d77b505aab01ee1105c.jpeg": {
    "app_sintetizada": "63D701CE72F74B9487D77B505AAB01EE1105C.JPEG",
    "cantidad_archivos": 1,
    "archivos_fuente": [
      "Pictures/Fototeca de Fotos.photoslibrary/resources/derivatives/6/63D701CE-72F7-4B94-87D7-7B505AAB01EE_1_105_c.jpeg"
    ],
    "ultima_modificacion": "2025-08-01 01:01:02.052361"
  },
  "6664661d707c4543bfd9e4d7677b59ca1105c.jpeg": {
    "app_sintetizada": "6664661D707C4543BFD9E4D7677B59CA1105C.JPEG",
    "cantidad_archivos": 1,
    "archivos_fuente": [
      "Pictures/Fototeca de Fotos.photoslibrary/resources/derivatives/6/6664661D-707C-4543-BFD9-E4D7677B59CA_1_105_c.jpeg"
    ],
    "ultima_modificacion": "2025-08-01 01:01:02.052692"
  },
  "60961b1fdca5459794ffd0d61600fb871105c.jpeg": {
    "app_sintetizada": "60961B1FDCA5459794FFD0D61600FB871105C.JPEG",
    "cantidad_archivos": 1,
    "archivos_fuente": [
      "Pictures/Fototeca de Fotos.photoslibrary/resources/derivatives/6/60961B1F-DCA5-4597-94FF-D0D61600FB87_1_105_c.jpeg"
    ],
    "ultima_modificacion": "2025-08-01 01:01:02.053016"
  },
  "628f8f2b2a7c42d4a252e9c1a188dfbf1105c.jpeg": {
    "app_sintetizada": "628F8F2B2A7C42D4A252E9C1A188DFBF1105C.JPEG",
    "cantidad_archivos": 1,
    "archivos_fuente": [
      "Pictures/Fototeca de Fotos.photoslibrary/resources/derivatives/6/628F8F2B-2A7C-42D4-A252-E9C1A188DFBF_1_105_c.jpeg"
    ],
    "ultima_modificacion": "2025-08-01 01:01:02.053329"
  },
  "66add85ba2db4e34bac7ae0c591b5b2e1105c.jpeg": {
    "app_sintetizada": "66ADD85BA2DB4E34BAC7AE0C591B5B2E1105C.JPEG",
    "cantidad_archivos": 1,
    "archivos_fuente": [
      "Pictures/Fototeca de Fotos.photoslibrary/resources/derivatives/6/66ADD85B-A2DB-4E34-BAC7-AE0C591B5B2E_1_105_c.jpeg"
    ],
    "ultima_modificacion": "2025-08-01 01:01:02.053646"
  },
  "6eff3aac8ab34bf982880eb441cfd6ed1105c.jpeg": {
    "app_sintetizada": "6EFF3AAC8AB34BF982880EB441CFD6ED1105C.JPEG",
    "cantidad_archivos": 1,
    "archivos_fuente": [
      "Pictures/Fototeca de Fotos.photoslibrary/resources/derivatives/6/6EFF3AAC-8AB3-4BF9-8288-0EB441CFD6ED_1_105_c.jpeg"
    ],
    "ultima_modificacion": "2025-08-01 01:01:02.053969"
  },
  "6e5c4112527d419b8e46d2d3f0e6d6f81105c.jpeg": {
    "app_sintetizada": "6E5C4112527D419B8E46D2D3F0E6D6F81105C.JPEG",
    "cantidad_archivos": 1,
    "archivos_fuente": [
      "Pictures/Fototeca de Fotos.photoslibrary/resources/derivatives/6/6E5C4112-527D-419B-8E46-D2D3F0E6D6F8_1_105_c.jpeg"
    ],
    "ultima_modificacion": "2025-08-01 01:01:02.054295"
  },
  "672a5c3ba0174d5bbbc9375f5c62556e1105c.jpeg": {
    "app_sintetizada": "672A5C3BA0174D5BBBC9375F5C62556E1105C.JPEG",
    "cantidad_archivos": 1,
    "archivos_fuente": [
      "Pictures/Fototeca de Fotos.photoslibrary/resources/derivatives/6/672A5C3B-A017-4D5B-BBC9-375F5C62556E_1_105_c.jpeg"
    ],
    "ultima_modificacion": "2025-08-01 01:01:02.054604"
  },
  "6c8ca27aca9a4cf5a67d146dfb6dc21b1105c.jpeg": {
    "app_sintetizada": "6C8CA27ACA9A4CF5A67D146DFB6DC21B1105C.JPEG",
    "cantidad_archivos": 1,
    "archivos_fuente": [
      "Pictures/Fototeca de Fotos.photoslibrary/resources/derivatives/6/6C8CA27A-CA9A-4CF5-A67D-146DFB6DC21B_1_105_c.jpeg"
    ],
    "ultima_modificacion": "2025-08-01 01:01:02.054934"
  },
  "626466fac71146a38cf38190e1f928b81105c.jpeg": {
    "app_sintetizada": "626466FAC71146A38CF38190E1F928B81105C.JPEG",
    "cantidad_archivos": 1,
    "archivos_fuente": [
      "Pictures/Fototeca de Fotos.photoslibrary/resources/derivatives/6/626466FA-C711-46A3-8CF3-8190E1F928B8_1_105_c.jpeg"
    ],
    "ultima_modificacion": "2025-08-01 01:01:02.055365"
  },
  "60f5d030b22f483dbef84cf477ae499c1105c.jpeg": {
    "app_sintetizada": "60F5D030B22F483DBEF84CF477AE499C1105C.JPEG",
    "cantidad_archivos": 1,
    "archivos_fuente": [
      "Pictures/Fototeca de Fotos.photoslibrary/resources/derivatives/6/60F5D030-B22F-483D-BEF8-4CF477AE499C_1_105_c.jpeg"
    ],
    "ultima_modificacion": "2025-08-01 01:01:02.055720"
  },
  "66561035b0d84f7e8f8721c381a0a5541105c.jpeg": {
    "app_sintetizada": "66561035B0D84F7E8F8721C381A0A5541105C.JPEG",
    "cantidad_archivos": 1,
    "archivos_fuente": [
      "Pictures/Fototeca de Fotos.photoslibrary/resources/derivatives/6/66561035-B0D8-4F7E-8F87-21C381A0A554_1_105_c.jpeg"
    ],
    "ultima_modificacion": "2025-08-01 01:01:02.056019"
  },
  "67d79d8603ce4714af94337311dde9851105c.jpeg": {
    "app_sintetizada": "67D79D8603CE4714AF94337311DDE9851105C.JPEG",
    "cantidad_archivos": 1,
    "archivos_fuente": [
      "Pictures/Fototeca de Fotos.photoslibrary/resources/derivatives/6/67D79D86-03CE-4714-AF94-337311DDE985_1_105_c.jpeg"
    ],
    "ultima_modificacion": "2025-08-01 01:01:02.056344"
  },
  "624a58541baf4831af2f331d0b609b611105c.jpeg": {
    "app_sintetizada": "624A58541BAF4831AF2F331D0B609B611105C.JPEG",
    "cantidad_archivos": 1,
    "archivos_fuente": [
      "Pictures/Fototeca de Fotos.photoslibrary/resources/derivatives/6/624A5854-1BAF-4831-AF2F-331D0B609B61_1_105_c.jpeg"
    ],
    "ultima_modificacion": "2025-08-01 01:01:02.056646"
  },
  "6d1f80a6da054121ae41a726a33a53be1105c.jpeg": {
    "app_sintetizada": "6D1F80A6DA054121AE41A726A33A53BE1105C.JPEG",
    "cantidad_archivos": 1,
    "archivos_fuente": [
      "Pictures/Fototeca de Fotos.photoslibrary/resources/derivatives/6/6D1F80A6-DA05-4121-AE41-A726A33A53BE_1_105_c.jpeg"
    ],
    "ultima_modificacion": "2025-08-01 01:01:02.056939"
  },
  "6aa514f20827419cbdad553be5bb98e7.thm": {
    "app_sintetizada": "6AA514F20827419CBDAD553BE5BB98E7.THM",
    "cantidad_archivos": 1,
    "archivos_fuente": [
      "Pictures/Fototeca de Fotos.photoslibrary/resources/derivatives/6/6AA514F2-0827-419C-BDAD-553BE5BB98E7.THM"
    ],
    "ultima_modificacion": "2025-08-01 01:01:02.057234"
  },
  "632f77885459410aa38e1b76350ca36c1105c.jpeg": {
    "app_sintetizada": "632F77885459410AA38E1B76350CA36C1105C.JPEG",
    "cantidad_archivos": 1,
    "archivos_fuente": [
      "Pictures/Fototeca de Fotos.photoslibrary/resources/derivatives/6/632F7788-5459-410A-A38E-1B76350CA36C_1_105_c.jpeg"
    ],
    "ultima_modificacion": "2025-08-01 01:01:02.057537"
  },
  "6627af2445504208b1fc7a47574649851105c.jpeg": {
    "app_sintetizada": "6627AF2445504208B1FC7A47574649851105C.JPEG",
    "cantidad_archivos": 1,
    "archivos_fuente": [
      "Pictures/Fototeca de Fotos.photoslibrary/resources/derivatives/6/6627AF24-4550-4208-B1FC-7A4757464985_1_105_c.jpeg"
    ],
    "ultima_modificacion": "2025-08-01 01:01:02.057827"
  },
  "63df02be67bd4464958f2f40831727b8.thm": {
    "app_sintetizada": "63DF02BE67BD4464958F2F40831727B8.THM",
    "cantidad_archivos": 1,
    "archivos_fuente": [
      "Pictures/Fototeca de Fotos.photoslibrary/resources/derivatives/6/63DF02BE-67BD-4464-958F-2F40831727B8.THM"
    ],
    "ultima_modificacion": "2025-08-01 01:01:02.058116"
  },
  "674dc85c9fa540228296e3597e0867e01105c.jpeg": {
    "app_sintetizada": "674DC85C9FA540228296E3597E0867E01105C.JPEG",
    "cantidad_archivos": 1,
    "archivos_fuente": [
      "Pictures/Fototeca de Fotos.photoslibrary/resources/derivatives/6/674DC85C-9FA5-4022-8296-E3597E0867E0_1_105_c.jpeg"
    ],
    "ultima_modificacion": "2025-08-01 01:01:02.058424"
  },
  "66ca7b858f4147faa8977503c4770ab81105c.jpeg": {
    "app_sintetizada": "66CA7B858F4147FAA8977503C4770AB81105C.JPEG",
    "cantidad_archivos": 1,
    "archivos_fuente": [
      "Pictures/Fototeca de Fotos.photoslibrary/resources/derivatives/6/66CA7B85-8F41-47FA-A897-7503C4770AB8_1_105_c.jpeg"
    ],
    "ultima_modificacion": "2025-08-01 01:01:02.058724"
  },
  "6ca9d71e45c346739546821e703bd2591105c.jpeg": {
    "app_sintetizada": "6CA9D71E45C346739546821E703BD2591105C.JPEG",
    "cantidad_archivos": 1,
    "archivos_fuente": [
      "Pictures/Fototeca de Fotos.photoslibrary/resources/derivatives/6/6CA9D71E-45C3-4673-9546-821E703BD259_1_105_c.jpeg"
    ],
    "ultima_modificacion": "2025-08-01 01:01:02.059055"
  },
  "6a8a4eb209d94d1f91ecf004cd6b6c67.thm": {
    "app_sintetizada": "6A8A4EB209D94D1F91ECF004CD6B6C67.THM",
    "cantidad_archivos": 1,
    "archivos_fuente": [
      "Pictures/Fototeca de Fotos.photoslibrary/resources/derivatives/6/6A8A4EB2-09D9-4D1F-91EC-F004CD6B6C67.THM"
    ],
    "ultima_modificacion": "2025-08-01 01:01:02.059354"
  },
  "6502e4751b304d6cb3f110cb9089646e1105c.jpeg": {
    "app_sintetizada": "6502E4751B304D6CB3F110CB9089646E1105C.JPEG",
    "cantidad_archivos": 1,
    "archivos_fuente": [
      "Pictures/Fototeca de Fotos.photoslibrary/resources/derivatives/6/6502E475-1B30-4D6C-B3F1-10CB9089646E_1_105_c.jpeg"
    ],
    "ultima_modificacion": "2025-08-01 01:01:02.059642"
  },
  "65863b881ebb42e3a3400146b2b86eb71105c.jpeg": {
    "app_sintetizada": "65863B881EBB42E3A3400146B2B86EB71105C.JPEG",
    "cantidad_archivos": 1,
    "archivos_fuente": [
      "Pictures/Fototeca de Fotos.photoslibrary/resources/derivatives/6/65863B88-1EBB-42E3-A340-0146B2B86EB7_1_105_c.jpeg"
    ],
    "ultima_modificacion": "2025-08-01 01:01:02.059977"
  },
  "69eec546f7b24ca4bc1a0ee916a1f04f.thm": {
    "app_sintetizada": "69EEC546F7B24CA4BC1A0EE916A1F04F.THM",
    "cantidad_archivos": 1,
    "archivos_fuente": [
      "Pictures/Fototeca de Fotos.photoslibrary/resources/derivatives/6/69EEC546-F7B2-4CA4-BC1A-0EE916A1F04F.THM"
    ],
    "ultima_modificacion": "2025-08-01 01:01:02.060269"
  },
  "67bb6c29e6c541439d4023fc072520251105c.jpeg": {
    "app_sintetizada": "67BB6C29E6C541439D4023FC072520251105C.JPEG",
    "cantidad_archivos": 1,
    "archivos_fuente": [
      "Pictures/Fototeca de Fotos.photoslibrary/resources/derivatives/6/67BB6C29-E6C5-4143-9D40-23FC07252025_1_105_c.jpeg"
    ],
    "ultima_modificacion": "2025-08-01 01:01:02.060569"
  },
  "6b1e32aa48644eb5a1830422598ec0a51105c.jpeg": {
    "app_sintetizada": "6B1E32AA48644EB5A1830422598EC0A51105C.JPEG",
    "cantidad_archivos": 1,
    "archivos_fuente": [
      "Pictures/Fototeca de Fotos.photoslibrary/resources/derivatives/6/6B1E32AA-4864-4EB5-A183-0422598EC0A5_1_105_c.jpeg"
    ],
    "ultima_modificacion": "2025-08-01 01:01:02.060836"
  },
  "6218d6be10f241a09b81c415728a0dd51105c.jpeg": {
    "app_sintetizada": "6218D6BE10F241A09B81C415728A0DD51105C.JPEG",
    "cantidad_archivos": 1,
    "archivos_fuente": [
      "Pictures/Fototeca de Fotos.photoslibrary/resources/derivatives/6/6218D6BE-10F2-41A0-9B81-C415728A0DD5_1_105_c.jpeg"
    ],
    "ultima_modificacion": "2025-08-01 01:01:02.061153"
  },
  "6ebf64ea6aef4d0a94be21f6240eeda2.thm": {
    "app_sintetizada": "6EBF64EA6AEF4D0A94BE21F6240EEDA2.THM",
    "cantidad_archivos": 1,
    "archivos_fuente": [
      "Pictures/Fototeca de Fotos.photoslibrary/resources/derivatives/6/6EBF64EA-6AEF-4D0A-94BE-21F6240EEDA2.THM"
    ],
    "ultima_modificacion": "2025-08-01 01:01:02.061392"
  },
  "602dd22d641849209ebd2528f41258781105c.jpeg": {
    "app_sintetizada": "602DD22D641849209EBD2528F41258781105C.JPEG",
    "cantidad_archivos": 1,
    "archivos_fuente": [
      "Pictures/Fototeca de Fotos.photoslibrary/resources/derivatives/6/602DD22D-6418-4920-9EBD-2528F4125878_1_105_c.jpeg"
    ],
    "ultima_modificacion": "2025-08-01 01:01:02.061633"
  },
  "66eb93ee8c094ce68baff7b614841d8e1105c.jpeg": {
    "app_sintetizada": "66EB93EE8C094CE68BAFF7B614841D8E1105C.JPEG",
    "cantidad_archivos": 1,
    "archivos_fuente": [
      "Pictures/Fototeca de Fotos.photoslibrary/resources/derivatives/6/66EB93EE-8C09-4CE6-8BAF-F7B614841D8E_1_105_c.jpeg"
    ],
    "ultima_modificacion": "2025-08-01 01:01:02.061929"
  },
  "624077d89bc54abf8530b9535b0ad2a61105c.jpeg": {
    "app_sintetizada": "624077D89BC54ABF8530B9535B0AD2A61105C.JPEG",
    "cantidad_archivos": 1,
    "archivos_fuente": [
      "Pictures/Fototeca de Fotos.photoslibrary/resources/derivatives/6/624077D8-9BC5-4ABF-8530-B9535B0AD2A6_1_105_c.jpeg"
    ],
    "ultima_modificacion": "2025-08-01 01:01:02.062180"
  },
  "6599d733c6fc4845aa488ce58c2f13df1105c.jpeg": {
    "app_sintetizada": "6599D733C6FC4845AA488CE58C2F13DF1105C.JPEG",
    "cantidad_archivos": 1,
    "archivos_fuente": [
      "Pictures/Fototeca de Fotos.photoslibrary/resources/derivatives/6/6599D733-C6FC-4845-AA48-8CE58C2F13DF_1_105_c.jpeg"
    ],
    "ultima_modificacion": "2025-08-01 01:01:02.062432"
  },
  "633f2dc4a1234e919ecfecc4f9ae57781105c.jpeg": {
    "app_sintetizada": "633F2DC4A1234E919ECFECC4F9AE57781105C.JPEG",
    "cantidad_archivos": 1,
    "archivos_fuente": [
      "Pictures/Fototeca de Fotos.photoslibrary/resources/derivatives/6/633F2DC4-A123-4E91-9ECF-ECC4F9AE5778_1_105_c.jpeg"
    ],
    "ultima_modificacion": "2025-08-01 01:01:02.062673"
  },
  "6986d86a75714cd083eea3cef5bd6d971105c.jpeg": {
    "app_sintetizada": "6986D86A75714CD083EEA3CEF5BD6D971105C.JPEG",
    "cantidad_archivos": 1,
    "archivos_fuente": [
      "Pictures/Fototeca de Fotos.photoslibrary/resources/derivatives/6/6986D86A-7571-4CD0-83EE-A3CEF5BD6D97_1_105_c.jpeg"
    ],
    "ultima_modificacion": "2025-08-01 01:01:02.062956"
  },
  "641669a67e644495bb3ebe263d45ed9c1105c.jpeg": {
    "app_sintetizada": "641669A67E644495BB3EBE263D45ED9C1105C.JPEG",
    "cantidad_archivos": 1,
    "archivos_fuente": [
      "Pictures/Fototeca de Fotos.photoslibrary/resources/derivatives/6/641669A6-7E64-4495-BB3E-BE263D45ED9C_1_105_c.jpeg"
    ],
    "ultima_modificacion": "2025-08-01 01:01:02.063200"
  },
  "681f3ceb90184ea8a58c2c4656086b74.thm": {
    "app_sintetizada": "681F3CEB90184EA8A58C2C4656086B74.THM",
    "cantidad_archivos": 1,
    "archivos_fuente": [
      "Pictures/Fototeca de Fotos.photoslibrary/resources/derivatives/6/681F3CEB-9018-4EA8-A58C-2C4656086B74.THM"
    ],
    "ultima_modificacion": "2025-08-01 01:01:02.063484"
  },
  "66d007b3ebed4bc6b4cb22265489a7581105c.jpeg": {
    "app_sintetizada": "66D007B3EBED4BC6B4CB22265489A7581105C.JPEG",
    "cantidad_archivos": 1,
    "archivos_fuente": [
      "Pictures/Fototeca de Fotos.photoslibrary/resources/derivatives/6/66D007B3-EBED-4BC6-B4CB-22265489A758_1_105_c.jpeg"
    ],
    "ultima_modificacion": "2025-08-01 01:01:02.063722"
  },
  "6ecc0ccae6a0419aba7b4a24abee2e0a1105c.jpeg": {
    "app_sintetizada": "6ECC0CCAE6A0419ABA7B4A24ABEE2E0A1105C.JPEG",
    "cantidad_archivos": 1,
    "archivos_fuente": [
      "Pictures/Fototeca de Fotos.photoslibrary/resources/derivatives/6/6ECC0CCA-E6A0-419A-BA7B-4A24ABEE2E0A_1_105_c.jpeg"
    ],
    "ultima_modificacion": "2025-08-01 01:01:02.064005"
  },
  "6ee9550eb3dc4ae898740fa3e3f27221.thm": {
    "app_sintetizada": "6EE9550EB3DC4AE898740FA3E3F27221.THM",
    "cantidad_archivos": 1,
    "archivos_fuente": [
      "Pictures/Fototeca de Fotos.photoslibrary/resources/derivatives/6/6EE9550E-B3DC-4AE8-9874-0FA3E3F27221.THM"
    ],
    "ultima_modificacion": "2025-08-01 01:01:02.064233"
  },
  "69a055502dc144809667d6a733dbc7c01105c.jpeg": {
    "app_sintetizada": "69A055502DC144809667D6A733DBC7C01105C.JPEG",
    "cantidad_archivos": 1,
    "archivos_fuente": [
      "Pictures/Fototeca de Fotos.photoslibrary/resources/derivatives/6/69A05550-2DC1-4480-9667-D6A733DBC7C0_1_105_c.jpeg"
    ],
    "ultima_modificacion": "2025-08-01 01:01:02.064436"
  },
  "6741df90e0ef4d0e9f4b3513d6507b771105c.jpeg": {
    "app_sintetizada": "6741DF90E0EF4D0E9F4B3513D6507B771105C.JPEG",
    "cantidad_archivos": 1,
    "archivos_fuente": [
      "Pictures/Fototeca de Fotos.photoslibrary/resources/derivatives/6/6741DF90-E0EF-4D0E-9F4B-3513D6507B77_1_105_c.jpeg"
    ],
    "ultima_modificacion": "2025-08-01 01:01:02.064651"
  },
  "639c4a7c23c94a02849aaddcde47d42b1102o.jpeg": {
    "app_sintetizada": "639C4A7C23C94A02849AADDCDE47D42B1102O.JPEG",
    "cantidad_archivos": 1,
    "archivos_fuente": [
      "Pictures/Fototeca de Fotos.photoslibrary/resources/derivatives/6/639C4A7C-23C9-4A02-849A-ADDCDE47D42B_1_102_o.jpeg"
    ],
    "ultima_modificacion": "2025-08-01 01:01:02.064920"
  },
  "6ab3b067fd054e1c9123d21819d2184b1105c.jpeg": {
    "app_sintetizada": "6AB3B067FD054E1C9123D21819D2184B1105C.JPEG",
    "cantidad_archivos": 1,
    "archivos_fuente": [
      "Pictures/Fototeca de Fotos.photoslibrary/resources/derivatives/6/6AB3B067-FD05-4E1C-9123-D21819D2184B_1_105_c.jpeg"
    ],
    "ultima_modificacion": "2025-08-01 01:01:02.065172"
  },
  "653d6618ff04451983896497333a3fb11105c.jpeg": {
    "app_sintetizada": "653D6618FF04451983896497333A3FB11105C.JPEG",
    "cantidad_archivos": 1,
    "archivos_fuente": [
      "Pictures/Fototeca de Fotos.photoslibrary/resources/derivatives/6/653D6618-FF04-4519-8389-6497333A3FB1_1_105_c.jpeg"
    ],
    "ultima_modificacion": "2025-08-01 01:01:02.065495"
  },
  "6b0e8a5b1a1648a68f70f09c7c86d70c1105c.jpeg": {
    "app_sintetizada": "6B0E8A5B1A1648A68F70F09C7C86D70C1105C.JPEG",
    "cantidad_archivos": 1,
    "archivos_fuente": [
      "Pictures/Fototeca de Fotos.photoslibrary/resources/derivatives/6/6B0E8A5B-1A16-48A6-8F70-F09C7C86D70C_1_105_c.jpeg"
    ],
    "ultima_modificacion": "2025-08-01 01:01:02.065769"
  },
  "600c213197db45f086aaf0dda282d1271105c.jpeg": {
    "app_sintetizada": "600C213197DB45F086AAF0DDA282D1271105C.JPEG",
    "cantidad_archivos": 1,
    "archivos_fuente": [
      "Pictures/Fototeca de Fotos.photoslibrary/resources/derivatives/6/600C2131-97DB-45F0-86AA-F0DDA282D127_1_105_c.jpeg"
    ],
    "ultima_modificacion": "2025-08-01 01:01:02.066108"
  },
  "6a7097212290439daff540572af6a97f1105c.jpeg": {
    "app_sintetizada": "6A7097212290439DAFF540572AF6A97F1105C.JPEG",
    "cantidad_archivos": 1,
    "archivos_fuente": [
      "Pictures/Fototeca de Fotos.photoslibrary/resources/derivatives/6/6A709721-2290-439D-AFF5-40572AF6A97F_1_105_c.jpeg"
    ],
    "ultima_modificacion": "2025-08-01 01:01:02.066418"
  },
  "61e1e4cd19f94092abceb82dcf0a2db51105c.jpeg": {
    "app_sintetizada": "61E1E4CD19F94092ABCEB82DCF0A2DB51105C.JPEG",
    "cantidad_archivos": 1,
    "archivos_fuente": [
      "Pictures/Fototeca de Fotos.photoslibrary/resources/derivatives/6/61E1E4CD-19F9-4092-ABCE-B82DCF0A2DB5_1_105_c.jpeg"
    ],
    "ultima_modificacion": "2025-08-01 01:01:02.066723"
  },
  "655083376a2448c297df84417b2c9e0f1105c.jpeg": {
    "app_sintetizada": "655083376A2448C297DF84417B2C9E0F1105C.JPEG",
    "cantidad_archivos": 1,
    "archivos_fuente": [
      "Pictures/Fototeca de Fotos.photoslibrary/resources/derivatives/6/65508337-6A24-48C2-97DF-84417B2C9E0F_1_105_c.jpeg"
    ],
    "ultima_modificacion": "2025-08-01 01:01:02.067029"
  },
  "66faeaf37e96435eb6828937faf2e08c.thm": {
    "app_sintetizada": "66FAEAF37E96435EB6828937FAF2E08C.THM",
    "cantidad_archivos": 1,
    "archivos_fuente": [
      "Pictures/Fototeca de Fotos.photoslibrary/resources/derivatives/6/66FAEAF3-7E96-435E-B682-8937FAF2E08C.THM"
    ],
    "ultima_modificacion": "2025-08-01 01:01:02.067321"
  },
  "611c8c72f64c442d8b5c8d8906e819d11105c.jpeg": {
    "app_sintetizada": "611C8C72F64C442D8B5C8D8906E819D11105C.JPEG",
    "cantidad_archivos": 1,
    "archivos_fuente": [
      "Pictures/Fototeca de Fotos.photoslibrary/resources/derivatives/6/611C8C72-F64C-442D-8B5C-8D8906E819D1_1_105_c.jpeg"
    ],
    "ultima_modificacion": "2025-08-01 01:01:02.067620"
  },
  "67018fc6198146b29f6acbc41269444d1105c.jpeg": {
    "app_sintetizada": "67018FC6198146B29F6ACBC41269444D1105C.JPEG",
    "cantidad_archivos": 1,
    "archivos_fuente": [
      "Pictures/Fototeca de Fotos.photoslibrary/resources/derivatives/6/67018FC6-1981-46B2-9F6A-CBC41269444D_1_105_c.jpeg"
    ],
    "ultima_modificacion": "2025-08-01 01:01:02.067859"
  },
  "619d6d125adb47a4bb118bc3c69dced6.thm": {
    "app_sintetizada": "619D6D125ADB47A4BB118BC3C69DCED6.THM",
    "cantidad_archivos": 1,
    "archivos_fuente": [
      "Pictures/Fototeca de Fotos.photoslibrary/resources/derivatives/6/619D6D12-5ADB-47A4-BB11-8BC3C69DCED6.THM"
    ],
    "ultima_modificacion": "2025-08-01 01:01:02.068094"
  },
  "60b852142e374914999b1d8c16d33aab1105c.jpeg": {
    "app_sintetizada": "60B852142E374914999B1D8C16D33AAB1105C.JPEG",
    "cantidad_archivos": 1,
    "archivos_fuente": [
      "Pictures/Fototeca de Fotos.photoslibrary/resources/derivatives/6/60B85214-2E37-4914-999B-1D8C16D33AAB_1_105_c.jpeg"
    ],
    "ultima_modificacion": "2025-08-01 01:01:02.068370"
  },
  "6cf885f154a546cc8a4dfa23cef5e3af1105c.jpeg": {
    "app_sintetizada": "6CF885F154A546CC8A4DFA23CEF5E3AF1105C.JPEG",
    "cantidad_archivos": 1,
    "archivos_fuente": [
      "Pictures/Fototeca de Fotos.photoslibrary/resources/derivatives/6/6CF885F1-54A5-46CC-8A4D-FA23CEF5E3AF_1_105_c.jpeg"
    ],
    "ultima_modificacion": "2025-08-01 01:01:02.068717"
  },
  "6816d1b234ea41c9b23aaf404edf1bb91105c.jpeg": {
    "app_sintetizada": "6816D1B234EA41C9B23AAF404EDF1BB91105C.JPEG",
    "cantidad_archivos": 1,
    "archivos_fuente": [
      "Pictures/Fototeca de Fotos.photoslibrary/resources/derivatives/6/6816D1B2-34EA-41C9-B23A-AF404EDF1BB9_1_105_c.jpeg"
    ],
    "ultima_modificacion": "2025-08-01 01:01:02.068971"
  },
  "65efe91404e740c9bb4036853ded1ecd1105c.jpeg": {
    "app_sintetizada": "65EFE91404E740C9BB4036853DED1ECD1105C.JPEG",
    "cantidad_archivos": 1,
    "archivos_fuente": [
      "Pictures/Fototeca de Fotos.photoslibrary/resources/derivatives/6/65EFE914-04E7-40C9-BB40-36853DED1ECD_1_105_c.jpeg"
    ],
    "ultima_modificacion": "2025-08-01 01:01:02.069174"
  },
  "631d8d6592864d048b61477e3b1fe5ea1105c.jpeg": {
    "app_sintetizada": "631D8D6592864D048B61477E3B1FE5EA1105C.JPEG",
    "cantidad_archivos": 1,
    "archivos_fuente": [
      "Pictures/Fototeca de Fotos.photoslibrary/resources/derivatives/6/631D8D65-9286-4D04-8B61-477E3B1FE5EA_1_105_c.jpeg"
    ],
    "ultima_modificacion": "2025-08-01 01:01:02.069382"
  },
  "6aff29fcd4e04b2aaec601b8b484f0091105c.jpeg": {
    "app_sintetizada": "6AFF29FCD4E04B2AAEC601B8B484F0091105C.JPEG",
    "cantidad_archivos": 1,
    "archivos_fuente": [
      "Pictures/Fototeca de Fotos.photoslibrary/resources/derivatives/6/6AFF29FC-D4E0-4B2A-AEC6-01B8B484F009_1_105_c.jpeg"
    ],
    "ultima_modificacion": "2025-08-01 01:01:02.069575"
  },
  "6b28e29c61b84c72823be7760f5e54331105c.jpeg": {
    "app_sintetizada": "6B28E29C61B84C72823BE7760F5E54331105C.JPEG",
    "cantidad_archivos": 1,
    "archivos_fuente": [
      "Pictures/Fototeca de Fotos.photoslibrary/resources/derivatives/6/6B28E29C-61B8-4C72-823B-E7760F5E5433_1_105_c.jpeg"
    ],
    "ultima_modificacion": "2025-08-01 01:01:02.069765"
  },
  "6fc61a924e0c4ccdac926dcda7954c2e1105c.jpeg": {
    "app_sintetizada": "6FC61A924E0C4CCDAC926DCDA7954C2E1105C.JPEG",
    "cantidad_archivos": 1,
    "archivos_fuente": [
      "Pictures/Fototeca de Fotos.photoslibrary/resources/derivatives/6/6FC61A92-4E0C-4CCD-AC92-6DCDA7954C2E_1_105_c.jpeg"
    ],
    "ultima_modificacion": "2025-08-01 01:01:02.070006"
  },
  "69a746064c834ffa92fdaa1125b7bf6c.thm": {
    "app_sintetizada": "69A746064C834FFA92FDAA1125B7BF6C.THM",
    "cantidad_archivos": 1,
    "archivos_fuente": [
      "Pictures/Fototeca de Fotos.photoslibrary/resources/derivatives/6/69A74606-4C83-4FFA-92FD-AA1125B7BF6C.THM"
    ],
    "ultima_modificacion": "2025-08-01 01:01:02.070318"
  },
  "65b4b5b953f44506899fa3bd00bc2ead1105c.jpeg": {
    "app_sintetizada": "65B4B5B953F44506899FA3BD00BC2EAD1105C.JPEG",
    "cantidad_archivos": 1,
    "archivos_fuente": [
      "Pictures/Fototeca de Fotos.photoslibrary/resources/derivatives/6/65B4B5B9-53F4-4506-899F-A3BD00BC2EAD_1_105_c.jpeg"
    ],
    "ultima_modificacion": "2025-08-01 01:01:02.070561"
  },
  "6eca2a1fcbe440a5948c2325ca7706701105c.jpeg": {
    "app_sintetizada": "6ECA2A1FCBE440A5948C2325CA7706701105C.JPEG",
    "cantidad_archivos": 1,
    "archivos_fuente": [
      "Pictures/Fototeca de Fotos.photoslibrary/resources/derivatives/6/6ECA2A1F-CBE4-40A5-948C-2325CA770670_1_105_c.jpeg"
    ],
    "ultima_modificacion": "2025-08-01 01:01:02.070814"
  },
  "61e378c93ae94b04984acc99e400cc051105c.jpeg": {
    "app_sintetizada": "61E378C93AE94B04984ACC99E400CC051105C.JPEG",
    "cantidad_archivos": 1,
    "archivos_fuente": [
      "Pictures/Fototeca de Fotos.photoslibrary/resources/derivatives/6/61E378C9-3AE9-4B04-984A-CC99E400CC05_1_105_c.jpeg"
    ],
    "ultima_modificacion": "2025-08-01 01:01:02.071048"
  },
  "6ecd0c9681aa446fa432d205f7c94e6c1105c.jpeg": {
    "app_sintetizada": "6ECD0C9681AA446FA432D205F7C94E6C1105C.JPEG",
    "cantidad_archivos": 1,
    "archivos_fuente": [
      "Pictures/Fototeca de Fotos.photoslibrary/resources/derivatives/6/6ECD0C96-81AA-446F-A432-D205F7C94E6C_1_105_c.jpeg"
    ],
    "ultima_modificacion": "2025-08-01 01:01:02.071282"
  },
  "6e0785d677c94113b885d705f8ec52d6.thm": {
    "app_sintetizada": "6E0785D677C94113B885D705F8EC52D6.THM",
    "cantidad_archivos": 1,
    "archivos_fuente": [
      "Pictures/Fototeca de Fotos.photoslibrary/resources/derivatives/6/6E0785D6-77C9-4113-B885-D705F8EC52D6.THM"
    ],
    "ultima_modificacion": "2025-08-01 01:01:02.071515"
  },
  "696e65c949244423b5fd4ceb51d95e671105c.jpeg": {
    "app_sintetizada": "696E65C949244423B5FD4CEB51D95E671105C.JPEG",
    "cantidad_archivos": 1,
    "archivos_fuente": [
      "Pictures/Fototeca de Fotos.photoslibrary/resources/derivatives/6/696E65C9-4924-4423-B5FD-4CEB51D95E67_1_105_c.jpeg"
    ],
    "ultima_modificacion": "2025-08-01 01:01:02.071823"
  },
  "692494f3e94342cdbd03de2c17bbae661105c.jpeg": {
    "app_sintetizada": "692494F3E94342CDBD03DE2C17BBAE661105C.JPEG",
    "cantidad_archivos": 1,
    "archivos_fuente": [
      "Pictures/Fototeca de Fotos.photoslibrary/resources/derivatives/6/692494F3-E943-42CD-BD03-DE2C17BBAE66_1_105_c.jpeg"
    ],
    "ultima_modificacion": "2025-08-01 01:01:02.072046"
  },
  "66711b3aaef742329c170b4260c09a781105c.jpeg": {
    "app_sintetizada": "66711B3AAEF742329C170B4260C09A781105C.JPEG",
    "cantidad_archivos": 1,
    "archivos_fuente": [
      "Pictures/Fototeca de Fotos.photoslibrary/resources/derivatives/6/66711B3A-AEF7-4232-9C17-0B4260C09A78_1_105_c.jpeg"
    ],
    "ultima_modificacion": "2025-08-01 01:01:02.072285"
  },
  "635e411bfdf44ab2974128e91df06d7c1105c.jpeg": {
    "app_sintetizada": "635E411BFDF44AB2974128E91DF06D7C1105C.JPEG",
    "cantidad_archivos": 1,
    "archivos_fuente": [
      "Pictures/Fototeca de Fotos.photoslibrary/resources/derivatives/6/635E411B-FDF4-4AB2-9741-28E91DF06D7C_1_105_c.jpeg"
    ],
    "ultima_modificacion": "2025-08-01 01:01:02.072573"
  },
  "65f95f91f0354058aa066eca6c28fc341105c.jpeg": {
    "app_sintetizada": "65F95F91F0354058AA066ECA6C28FC341105C.JPEG",
    "cantidad_archivos": 1,
    "archivos_fuente": [
      "Pictures/Fototeca de Fotos.photoslibrary/resources/derivatives/6/65F95F91-F035-4058-AA06-6ECA6C28FC34_1_105_c.jpeg"
    ],
    "ultima_modificacion": "2025-08-01 01:01:02.072801"
  },
  "600959e9a7884b54bdea42838dba9b4d1105c.jpeg": {
    "app_sintetizada": "600959E9A7884B54BDEA42838DBA9B4D1105C.JPEG",
    "cantidad_archivos": 1,
    "archivos_fuente": [
      "Pictures/Fototeca de Fotos.photoslibrary/resources/derivatives/6/600959E9-A788-4B54-BDEA-42838DBA9B4D_1_105_c.jpeg"
    ],
    "ultima_modificacion": "2025-08-01 01:01:02.073076"
  },
  "6ab8c1eba15a469abe81e877e7f763621105c.jpeg": {
    "app_sintetizada": "6AB8C1EBA15A469ABE81E877E7F763621105C.JPEG",
    "cantidad_archivos": 1,
    "archivos_fuente": [
      "Pictures/Fototeca de Fotos.photoslibrary/resources/derivatives/6/6AB8C1EB-A15A-469A-BE81-E877E7F76362_1_105_c.jpeg"
    ],
    "ultima_modificacion": "2025-08-01 01:01:02.073294"
  },
  "699723b34cfb4ada930b0700b3b247e41105c.jpeg": {
    "app_sintetizada": "699723B34CFB4ADA930B0700B3B247E41105C.JPEG",
    "cantidad_archivos": 1,
    "archivos_fuente": [
      "Pictures/Fototeca de Fotos.photoslibrary/resources/derivatives/6/699723B3-4CFB-4ADA-930B-0700B3B247E4_1_105_c.jpeg"
    ],
    "ultima_modificacion": "2025-08-01 01:01:02.073481"
  },
  "6cdcfa7691e34857ba62ab4d0c2eceb31105c.jpeg": {
    "app_sintetizada": "6CDCFA7691E34857BA62AB4D0C2ECEB31105C.JPEG",
    "cantidad_archivos": 1,
    "archivos_fuente": [
      "Pictures/Fototeca de Fotos.photoslibrary/resources/derivatives/6/6CDCFA76-91E3-4857-BA62-AB4D0C2ECEB3_1_105_c.jpeg"
    ],
    "ultima_modificacion": "2025-08-01 01:01:02.073659"
  },
  "67cad35d21944881ab51cbf2306f6fe81105c.jpeg": {
    "app_sintetizada": "67CAD35D21944881AB51CBF2306F6FE81105C.JPEG",
    "cantidad_archivos": 1,
    "archivos_fuente": [
      "Pictures/Fototeca de Fotos.photoslibrary/resources/derivatives/6/67CAD35D-2194-4881-AB51-CBF2306F6FE8_1_105_c.jpeg"
    ],
    "ultima_modificacion": "2025-08-01 01:01:02.073839"
  },
  "67d2208d84fa4bc3b058fa851f222a931105c.jpeg": {
    "app_sintetizada": "67D2208D84FA4BC3B058FA851F222A931105C.JPEG",
    "cantidad_archivos": 1,
    "archivos_fuente": [
      "Pictures/Fototeca de Fotos.photoslibrary/resources/derivatives/6/67D2208D-84FA-4BC3-B058-FA851F222A93_1_105_c.jpeg"
    ],
    "ultima_modificacion": "2025-08-01 01:01:02.074123"
  },
  "63d1e906e847413786a52914fedf150a1105c.jpeg": {
    "app_sintetizada": "63D1E906E847413786A52914FEDF150A1105C.JPEG",
    "cantidad_archivos": 1,
    "archivos_fuente": [
      "Pictures/Fototeca de Fotos.photoslibrary/resources/derivatives/6/63D1E906-E847-4137-86A5-2914FEDF150A_1_105_c.jpeg"
    ],
    "ultima_modificacion": "2025-08-01 01:01:02.074415"
  },
  "6ae250efbf98452f97b538348a00b509.thm": {
    "app_sintetizada": "6AE250EFBF98452F97B538348A00B509.THM",
    "cantidad_archivos": 1,
    "archivos_fuente": [
      "Pictures/Fototeca de Fotos.photoslibrary/resources/derivatives/6/6AE250EF-BF98-452F-97B5-38348A00B509.THM"
    ],
    "ultima_modificacion": "2025-08-01 01:01:02.074642"
  },
  "6c602d89beed427dadd682fc71fcc5f91105c.jpeg": {
    "app_sintetizada": "6C602D89BEED427DADD682FC71FCC5F91105C.JPEG",
    "cantidad_archivos": 1,
    "archivos_fuente": [
      "Pictures/Fototeca de Fotos.photoslibrary/resources/derivatives/6/6C602D89-BEED-427D-ADD6-82FC71FCC5F9_1_105_c.jpeg"
    ],
    "ultima_modificacion": "2025-08-01 01:01:02.074833"
  },
  "6cd055d2febc45618dac7e9e8f203c601105c.jpeg": {
    "app_sintetizada": "6CD055D2FEBC45618DAC7E9E8F203C601105C.JPEG",
    "cantidad_archivos": 1,
    "archivos_fuente": [
      "Pictures/Fototeca de Fotos.photoslibrary/resources/derivatives/6/6CD055D2-FEBC-4561-8DAC-7E9E8F203C60_1_105_c.jpeg"
    ],
    "ultima_modificacion": "2025-08-01 01:01:02.075020"
  },
  "6caa128c942944adb466163e06672a751105c.jpeg": {
    "app_sintetizada": "6CAA128C942944ADB466163E06672A751105C.JPEG",
    "cantidad_archivos": 1,
    "archivos_fuente": [
      "Pictures/Fototeca de Fotos.photoslibrary/resources/derivatives/6/6CAA128C-9429-44AD-B466-163E06672A75_1_105_c.jpeg"
    ],
    "ultima_modificacion": "2025-08-01 01:01:02.075200"
  },
  "63cf9639dcd8496381c77183fd9a1b001105c.jpeg": {
    "app_sintetizada": "63CF9639DCD8496381C77183FD9A1B001105C.JPEG",
    "cantidad_archivos": 1,
    "archivos_fuente": [
      "Pictures/Fototeca de Fotos.photoslibrary/resources/derivatives/6/63CF9639-DCD8-4963-81C7-7183FD9A1B00_1_105_c.jpeg"
    ],
    "ultima_modificacion": "2025-08-01 01:01:02.075378"
  },
  "6e62893074254e819e31becf51e0b1241105c.jpeg": {
    "app_sintetizada": "6E62893074254E819E31BECF51E0B1241105C.JPEG",
    "cantidad_archivos": 1,
    "archivos_fuente": [
      "Pictures/Fototeca de Fotos.photoslibrary/resources/derivatives/6/6E628930-7425-4E81-9E31-BECF51E0B124_1_105_c.jpeg"
    ],
    "ultima_modificacion": "2025-08-01 01:01:02.075566"
  },
  "63b2bfa3f4f048e480ce3f7847d713521105c.jpeg": {
    "app_sintetizada": "63B2BFA3F4F048E480CE3F7847D713521105C.JPEG",
    "cantidad_archivos": 1,
    "archivos_fuente": [
      "Pictures/Fototeca de Fotos.photoslibrary/resources/derivatives/6/63B2BFA3-F4F0-48E4-80CE-3F7847D71352_1_105_c.jpeg"
    ],
    "ultima_modificacion": "2025-08-01 01:01:02.075748"
  },
  "68f6fe3ee01d4d8fa48ebffcee72b4941105c.jpeg": {
    "app_sintetizada": "68F6FE3EE01D4D8FA48EBFFCEE72B4941105C.JPEG",
    "cantidad_archivos": 1,
    "archivos_fuente": [
      "Pictures/Fototeca de Fotos.photoslibrary/resources/derivatives/6/68F6FE3E-E01D-4D8F-A48E-BFFCEE72B494_1_105_c.jpeg"
    ],
    "ultima_modificacion": "2025-08-01 01:01:02.076008"
  },
  "655d96fdfadd417c99234b4209cca183.thm": {
    "app_sintetizada": "655D96FDFADD417C99234B4209CCA183.THM",
    "cantidad_archivos": 1,
    "archivos_fuente": [
      "Pictures/Fototeca de Fotos.photoslibrary/resources/derivatives/6/655D96FD-FADD-417C-9923-4B4209CCA183.THM"
    ],
    "ultima_modificacion": "2025-08-01 01:01:02.076238"
  },
  "6a4a91102d8b4f5593b7136707314a3a1105c.jpeg": {
    "app_sintetizada": "6A4A91102D8B4F5593B7136707314A3A1105C.JPEG",
    "cantidad_archivos": 1,
    "archivos_fuente": [
      "Pictures/Fototeca de Fotos.photoslibrary/resources/derivatives/6/6A4A9110-2D8B-4F55-93B7-136707314A3A_1_105_c.jpeg"
    ],
    "ultima_modificacion": "2025-08-01 01:01:02.076442"
  },
  "67311a47096a49ceaf1fa13c6fe42698.thm": {
    "app_sintetizada": "67311A47096A49CEAF1FA13C6FE42698.THM",
    "cantidad_archivos": 1,
    "archivos_fuente": [
      "Pictures/Fototeca de Fotos.photoslibrary/resources/derivatives/6/67311A47-096A-49CE-AF1F-A13C6FE42698.THM"
    ],
    "ultima_modificacion": "2025-08-01 01:01:02.076742"
  },
  "665a279a6e4b4392aa02aa272418993e1105c.jpeg": {
    "app_sintetizada": "665A279A6E4B4392AA02AA272418993E1105C.JPEG",
    "cantidad_archivos": 1,
    "archivos_fuente": [
      "Pictures/Fototeca de Fotos.photoslibrary/resources/derivatives/6/665A279A-6E4B-4392-AA02-AA272418993E_1_105_c.jpeg"
    ],
    "ultima_modificacion": "2025-08-01 01:01:02.076990"
  },
  "6f8c74e37f234911a19f898fdc403ce01105c.jpeg": {
    "app_sintetizada": "6F8C74E37F234911A19F898FDC403CE01105C.JPEG",
    "cantidad_archivos": 1,
    "archivos_fuente": [
      "Pictures/Fototeca de Fotos.photoslibrary/resources/derivatives/6/6F8C74E3-7F23-4911-A19F-898FDC403CE0_1_105_c.jpeg"
    ],
    "ultima_modificacion": "2025-08-01 01:01:02.077214"
  },
  "65f31b9223cc493f83cf066c4f8a57141105c.jpeg": {
    "app_sintetizada": "65F31B9223CC493F83CF066C4F8A57141105C.JPEG",
    "cantidad_archivos": 1,
    "archivos_fuente": [
      "Pictures/Fototeca de Fotos.photoslibrary/resources/derivatives/6/65F31B92-23CC-493F-83CF-066C4F8A5714_1_105_c.jpeg"
    ],
    "ultima_modificacion": "2025-08-01 01:01:02.077446"
  }
}