{
  "61b8e09760454973b598f6aa13f80f1d1105c.jpeg": {
    "app_sintetizada": "61B8E09760454973B598F6AA13F80F1D1105C.JPEG",
    "cantidad_archivos": 1,
    "archivos_fuente": [
      "Pictures/Fototeca de Fotos.photoslibrary/resources/derivatives/6/61B8E097-6045-4973-B598-F6AA13F80F1D_1_105_c.jpeg"
    ],
    "ultima_modificacion": "2025-08-01 01:01:01.837159"
  },
  "6ae9e9828b594f25a75dc3c107413c101105c.jpeg": {
    "app_sintetizada": "6AE9E9828B594F25A75DC3C107413C101105C.JPEG",
    "cantidad_archivos": 1,
    "archivos_fuente": [
      "Pictures/Fototeca de Fotos.photoslibrary/resources/derivatives/6/6AE9E982-8B59-4F25-A75D-C3C107413C10_1_105_c.jpeg"
    ],
    "ultima_modificacion": "2025-08-01 01:01:01.837406"
  },
  "6b5dfea46a1f42f38bfa142b4ab9bb201105c.jpeg": {
    "app_sintetizada": "6B5DFEA46A1F42F38BFA142B4AB9BB201105C.JPEG",
    "cantidad_archivos": 1,
    "archivos_fuente": [
      "Pictures/Fototeca de Fotos.photoslibrary/resources/derivatives/6/6B5DFEA4-6A1F-42F3-8BFA-142B4AB9BB20_1_105_c.jpeg"
    ],
    "ultima_modificacion": "2025-08-01 01:01:01.837692"
  },
  "6ebd45a0fa2942638437a77e8f7e96e31105c.jpeg": {
    "app_sintetizada": "6EBD45A0FA2942638437A77E8F7E96E31105C.JPEG",
    "cantidad_archivos": 1,
    "archivos_fuente": [
      "Pictures/Fototeca de Fotos.photoslibrary/resources/derivatives/6/6EBD45A0-FA29-4263-8437-A77E8F7E96E3_1_105_c.jpeg"
    ],
    "ultima_modificacion": "2025-08-01 01:01:01.837964"
  },
  "662bf55222664b4385c3e827fc1813a41105c.jpeg": {
    "app_sintetizada": "662BF55222664B4385C3E827FC1813A41105C.JPEG",
    "cantidad_archivos": 1,
    "archivos_fuente": [
      "Pictures/Fototeca de Fotos.photoslibrary/resources/derivatives/6/662BF552-2266-4B43-85C3-E827FC1813A4_1_105_c.jpeg"
    ],
    "ultima_modificacion": "2025-08-01 01:01:01.838240"
  },
  "6b9ebb85419b4ab99d756e06af7a284f1105c.jpeg": {
    "app_sintetizada": "6B9EBB85419B4AB99D756E06AF7A284F1105C.JPEG",
    "cantidad_archivos": 1,
    "archivos_fuente": [
      "Pictures/Fototeca de Fotos.photoslibrary/resources/derivatives/6/6B9EBB85-419B-4AB9-9D75-6E06AF7A284F_1_105_c.jpeg"
    ],
    "ultima_modificacion": "2025-08-01 01:01:01.838525"
  },
  "6e20e09ab9a648a792d1676d9467ff271105c.jpeg": {
    "app_sintetizada": "6E20E09AB9A648A792D1676D9467FF271105C.JPEG",
    "cantidad_archivos": 1,
    "archivos_fuente": [
      "Pictures/Fototeca de Fotos.photoslibrary/resources/derivatives/6/6E20E09A-B9A6-48A7-92D1-676D9467FF27_1_105_c.jpeg"
    ],
    "ultima_modificacion": "2025-08-01 01:01:01.838823"
  },
  "6b57353e21b8498a8a53dfd2781baade1105c.jpeg": {
    "app_sintetizada": "6B57353E21B8498A8A53DFD2781BAADE1105C.JPEG",
    "cantidad_archivos": 1,
    "archivos_fuente": [
      "Pictures/Fototeca de Fotos.photoslibrary/resources/derivatives/6/6B57353E-21B8-498A-8A53-DFD2781BAADE_1_105_c.jpeg"
    ],
    "ultima_modificacion": "2025-08-01 01:01:01.839119"
  },
  "6d427534e4db491ebdad1d95150ede931105c.jpeg": {
    "app_sintetizada": "6D427534E4DB491EBDAD1D95150EDE931105C.JPEG",
    "cantidad_archivos": 1,
    "archivos_fuente": [
      "Pictures/Fototeca de Fotos.photoslibrary/resources/derivatives/6/6D427534-E4DB-491E-BDAD-1D95150EDE93_1_105_c.jpeg"
    ],
    "ultima_modificacion": "2025-08-01 01:01:01.840013"
  },
  "6fe1b31df37047a588c6dcbc2d19d8751105c.jpeg": {
    "app_sintetizada": "6FE1B31DF37047A588C6DCBC2D19D8751105C.JPEG",
    "cantidad_archivos": 1,
    "archivos_fuente": [
      "Pictures/Fototeca de Fotos.photoslibrary/resources/derivatives/6/6FE1B31D-F370-47A5-88C6-DCBC2D19D875_1_105_c.jpeg"
    ],
    "ultima_modificacion": "2025-08-01 01:01:01.840569"
  },
  "60f37a7e6f0a46c1bde09e045b2061661105c.jpeg": {
    "app_sintetizada": "60F37A7E6F0A46C1BDE09E045B2061661105C.JPEG",
    "cantidad_archivos": 1,
    "archivos_fuente": [
      "Pictures/Fototeca de Fotos.photoslibrary/resources/derivatives/6/60F37A7E-6F0A-46C1-BDE0-9E045B206166_1_105_c.jpeg"
    ],
    "ultima_modificacion": "2025-08-01 01:01:01.840852"
  },
  "61e69ab972fe4fdea3d8e6472e1d408e1105c.jpeg": {
    "app_sintetizada": "61E69AB972FE4FDEA3D8E6472E1D408E1105C.JPEG",
    "cantidad_archivos": 1,
    "archivos_fuente": [
      "Pictures/Fototeca de Fotos.photoslibrary/resources/derivatives/6/61E69AB9-72FE-4FDE-A3D8-E6472E1D408E_1_105_c.jpeg"
    ],
    "ultima_modificacion": "2025-08-01 01:01:01.841117"
  },
  "655063475f234c35924291ab75219aac1105c.jpeg": {
    "app_sintetizada": "655063475F234C35924291AB75219AAC1105C.JPEG",
    "cantidad_archivos": 1,
    "archivos_fuente": [
      "Pictures/Fototeca de Fotos.photoslibrary/resources/derivatives/6/65506347-5F23-4C35-9242-91AB75219AAC_1_105_c.jpeg"
    ],
    "ultima_modificacion": "2025-08-01 01:01:01.841413"
  },
  "6835f704a5e34cb29142eb6948f7a4e81105c.jpeg": {
    "app_sintetizada": "6835F704A5E34CB29142EB6948F7A4E81105C.JPEG",
    "cantidad_archivos": 1,
    "archivos_fuente": [
      "Pictures/Fototeca de Fotos.photoslibrary/resources/derivatives/6/6835F704-A5E3-4CB2-9142-EB6948F7A4E8_1_105_c.jpeg"
    ],
    "ultima_modificacion": "2025-08-01 01:01:01.841704"
  },
  "68465c619a72467cb1ef53f31ce721ee1105c.jpeg": {
    "app_sintetizada": "68465C619A72467CB1EF53F31CE721EE1105C.JPEG",
    "cantidad_archivos": 1,
    "archivos_fuente": [
      "Pictures/Fototeca de Fotos.photoslibrary/resources/derivatives/6/68465C61-9A72-467C-B1EF-53F31CE721EE_1_105_c.jpeg"
    ],
    "ultima_modificacion": "2025-08-01 01:01:01.841967"
  },
  "6c300b473b654b898c4ef9208f9fe0281105c.jpeg": {
    "app_sintetizada": "6C300B473B654B898C4EF9208F9FE0281105C.JPEG",
    "cantidad_archivos": 1,
    "archivos_fuente": [
      "Pictures/Fototeca de Fotos.photoslibrary/resources/derivatives/6/6C300B47-3B65-4B89-8C4E-F9208F9FE028_1_105_c.jpeg"
    ],
    "ultima_modificacion": "2025-08-01 01:01:01.842240"
  },
  "69aa861e72ba42d9b9c4ea8d9f38d0741105c.jpeg": {
    "app_sintetizada": "69AA861E72BA42D9B9C4EA8D9F38D0741105C.JPEG",
    "cantidad_archivos": 1,
    "archivos_fuente": [
      "Pictures/Fototeca de Fotos.photoslibrary/resources/derivatives/6/69AA861E-72BA-42D9-B9C4-EA8D9F38D074_1_105_c.jpeg"
    ],
    "ultima_modificacion": "2025-08-01 01:01:01.842493"
  },
  "6f1d103f3b25491db13d68de37a206b81105c.jpeg": {
    "app_sintetizada": "6F1D103F3B25491DB13D68DE37A206B81105C.JPEG",
    "cantidad_archivos": 1,
    "archivos_fuente": [
      "Pictures/Fototeca de Fotos.photoslibrary/resources/derivatives/6/6F1D103F-3B25-491D-B13D-68DE37A206B8_1_105_c.jpeg"
    ],
    "ultima_modificacion": "2025-08-01 01:01:01.842772"
  },
  "675c60c1cbe84a93a26be5f513bbfef31105c.jpeg": {
    "app_sintetizada": "675C60C1CBE84A93A26BE5F513BBFEF31105C.JPEG",
    "cantidad_archivos": 1,
    "archivos_fuente": [
      "Pictures/Fototeca de Fotos.photoslibrary/resources/derivatives/6/675C60C1-CBE8-4A93-A26B-E5F513BBFEF3_1_105_c.jpeg"
    ],
    "ultima_modificacion": "2025-08-01 01:01:01.843057"
  },
  "65242155ef5f4d508eb5c23eb348ae631105c.jpeg": {
    "app_sintetizada": "65242155EF5F4D508EB5C23EB348AE631105C.JPEG",
    "cantidad_archivos": 1,
    "archivos_fuente": [
      "Pictures/Fototeca de Fotos.photoslibrary/resources/derivatives/6/65242155-EF5F-4D50-8EB5-C23EB348AE63_1_105_c.jpeg"
    ],
    "ultima_modificacion": "2025-08-01 01:01:01.843349"
  },
  "696f4b26ce2e468da7c476769191db321105c.jpeg": {
    "app_sintetizada": "696F4B26CE2E468DA7C476769191DB321105C.JPEG",
    "cantidad_archivos": 1,
    "archivos_fuente": [
      "Pictures/Fototeca de Fotos.photoslibrary/resources/derivatives/6/696F4B26-CE2E-468D-A7C4-76769191DB32_1_105_c.jpeg"
    ],
    "ultima_modificacion": "2025-08-01 01:01:01.843623"
  },
  "60614567d0eb4909b85f80eeefb98e081105c.jpeg": {
    "app_sintetizada": "60614567D0EB4909B85F80EEEFB98E081105C.JPEG",
    "cantidad_archivos": 1,
    "archivos_fuente": [
      "Pictures/Fototeca de Fotos.photoslibrary/resources/derivatives/6/60614567-D0EB-4909-B85F-80EEEFB98E08_1_105_c.jpeg"
    ],
    "ultima_modificacion": "2025-08-01 01:01:01.843908"
  },
  "669a37a0cf57475ba7ea9aaf9d7092a11105c.jpeg": {
    "app_sintetizada": "669A37A0CF57475BA7EA9AAF9D7092A11105C.JPEG",
    "cantidad_archivos": 1,
    "archivos_fuente": [
      "Pictures/Fototeca de Fotos.photoslibrary/resources/derivatives/6/669A37A0-CF57-475B-A7EA-9AAF9D7092A1_1_105_c.jpeg"
    ],
    "ultima_modificacion": "2025-08-01 01:01:01.844192"
  },
  "65516bec342b49a78b16b12f57727f2c1105c.jpeg": {
    "app_sintetizada": "65516BEC342B49A78B16B12F57727F2C1105C.JPEG",
    "cantidad_archivos": 1,
    "archivos_fuente": [
      "Pictures/Fototeca de Fotos.photoslibrary/resources/derivatives/6/65516BEC-342B-49A7-8B16-B12F57727F2C_1_105_c.jpeg"
    ],
    "ultima_modificacion": "2025-08-01 01:01:01.844474"
  },
  "64078275926c4f1a906d0e69c64e64731105c.jpeg": {
    "app_sintetizada": "64078275926C4F1A906D0E69C64E64731105C.JPEG",
    "cantidad_archivos": 1,
    "archivos_fuente": [
      "Pictures/Fototeca de Fotos.photoslibrary/resources/derivatives/6/64078275-926C-4F1A-906D-0E69C64E6473_1_105_c.jpeg"
    ],
    "ultima_modificacion": "2025-08-01 01:01:01.844774"
  },
  "65eb0756b6554e5a90baeeebff35f3131105c.jpeg": {
    "app_sintetizada": "65EB0756B6554E5A90BAEEEBFF35F3131105C.JPEG",
    "cantidad_archivos": 1,
    "archivos_fuente": [
      "Pictures/Fototeca de Fotos.photoslibrary/resources/derivatives/6/65EB0756-B655-4E5A-90BA-EEEBFF35F313_1_105_c.jpeg"
    ],
    "ultima_modificacion": "2025-08-01 01:01:01.845062"
  },
  "66f27647698441baae5df91de718e0141105c.jpeg": {
    "app_sintetizada": "66F27647698441BAAE5DF91DE718E0141105C.JPEG",
    "cantidad_archivos": 1,
    "archivos_fuente": [
      "Pictures/Fototeca de Fotos.photoslibrary/resources/derivatives/6/66F27647-6984-41BA-AE5D-F91DE718E014_1_105_c.jpeg"
    ],
    "ultima_modificacion": "2025-08-01 01:01:01.845372"
  },
  "6602e86a61704efa9d1f49561d568dd81105c.jpeg": {
    "app_sintetizada": "6602E86A61704EFA9D1F49561D568DD81105C.JPEG",
    "cantidad_archivos": 1,
    "archivos_fuente": [
      "Pictures/Fototeca de Fotos.photoslibrary/resources/derivatives/6/6602E86A-6170-4EFA-9D1F-49561D568DD8_1_105_c.jpeg"
    ],
    "ultima_modificacion": "2025-08-01 01:01:01.845795"
  },
  "60a8292f20ca425b86428c3f6bd13cd31105c.jpeg": {
    "app_sintetizada": "60A8292F20CA425B86428C3F6BD13CD31105C.JPEG",
    "cantidad_archivos": 1,
    "archivos_fuente": [
      "Pictures/Fototeca de Fotos.photoslibrary/resources/derivatives/6/60A8292F-20CA-425B-8642-8C3F6BD13CD3_1_105_c.jpeg"
    ],
    "ultima_modificacion": "2025-08-01 01:01:01.846133"
  },
  "6bb280b3e19248f28342d23a2857e75e1105c.jpeg": {
    "app_sintetizada": "6BB280B3E19248F28342D23A2857E75E1105C.JPEG",
    "cantidad_archivos": 1,
    "archivos_fuente": [
      "Pictures/Fototeca de Fotos.photoslibrary/resources/derivatives/6/6BB280B3-E192-48F2-8342-D23A2857E75E_1_105_c.jpeg"
    ],
    "ultima_modificacion": "2025-08-01 01:01:01.846438"
  },
  "66cde4d797ef46a98f8842c5bcd19c241105c.jpeg": {
    "app_sintetizada": "66CDE4D797EF46A98F8842C5BCD19C241105C.JPEG",
    "cantidad_archivos": 1,
    "archivos_fuente": [
      "Pictures/Fototeca de Fotos.photoslibrary/resources/derivatives/6/66CDE4D7-97EF-46A9-8F88-42C5BCD19C24_1_105_c.jpeg"
    ],
    "ultima_modificacion": "2025-08-01 01:01:01.846764"
  },
  "62fca5c4d5f642e7a98b175aa565df231105c.jpeg": {
    "app_sintetizada": "62FCA5C4D5F642E7A98B175AA565DF231105C.JPEG",
    "cantidad_archivos": 1,
    "archivos_fuente": [
      "Pictures/Fototeca de Fotos.photoslibrary/resources/derivatives/6/62FCA5C4-D5F6-42E7-A98B-175AA565DF23_1_105_c.jpeg"
    ],
    "ultima_modificacion": "2025-08-01 01:01:01.847117"
  },
  "66817930e3ed49f888f186eab4c2d8d61105c.jpeg": {
    "app_sintetizada": "66817930E3ED49F888F186EAB4C2D8D61105C.JPEG",
    "cantidad_archivos": 1,
    "archivos_fuente": [
      "Pictures/Fototeca de Fotos.photoslibrary/resources/derivatives/6/66817930-E3ED-49F8-88F1-86EAB4C2D8D6_1_105_c.jpeg"
    ],
    "ultima_modificacion": "2025-08-01 01:01:01.847420"
  },
  "663e11988db044b18d530549cb0c81b81105c.jpeg": {
    "app_sintetizada": "663E11988DB044B18D530549CB0C81B81105C.JPEG",
    "cantidad_archivos": 1,
    "archivos_fuente": [
      "Pictures/Fototeca de Fotos.photoslibrary/resources/derivatives/6/663E1198-8DB0-44B1-8D53-0549CB0C81B8_1_105_c.jpeg"
    ],
    "ultima_modificacion": "2025-08-01 01:01:01.847763"
  },
  "6fccc405d4b3470babf5a53796efa6911105c.jpeg": {
    "app_sintetizada": "6FCCC405D4B3470BABF5A53796EFA6911105C.JPEG",
    "cantidad_archivos": 1,
    "archivos_fuente": [
      "Pictures/Fototeca de Fotos.photoslibrary/resources/derivatives/6/6FCCC405-D4B3-470B-ABF5-A53796EFA691_1_105_c.jpeg"
    ],
    "ultima_modificacion": "2025-08-01 01:01:01.848055"
  },
  "67e0f98237314730a7ef404bf2e863b01105c.jpeg": {
    "app_sintetizada": "67E0F98237314730A7EF404BF2E863B01105C.JPEG",
    "cantidad_archivos": 1,
    "archivos_fuente": [
      "Pictures/Fototeca de Fotos.photoslibrary/resources/derivatives/6/67E0F982-3731-4730-A7EF-404BF2E863B0_1_105_c.jpeg"
    ],
    "ultima_modificacion": "2025-08-01 01:01:01.848349"
  },
  "60b397e327534f3db3d29400f514a6a01105c.jpeg": {
    "app_sintetizada": "60B397E327534F3DB3D29400F514A6A01105C.JPEG",
    "cantidad_archivos": 1,
    "archivos_fuente": [
      "Pictures/Fototeca de Fotos.photoslibrary/resources/derivatives/6/60B397E3-2753-4F3D-B3D2-9400F514A6A0_1_105_c.jpeg"
    ],
    "ultima_modificacion": "2025-08-01 01:01:01.848618"
  },
  "6ec1f37e98234ef1a88776405bf5989d1105c.jpeg": {
    "app_sintetizada": "6EC1F37E98234EF1A88776405BF5989D1105C.JPEG",
    "cantidad_archivos": 1,
    "archivos_fuente": [
      "Pictures/Fototeca de Fotos.photoslibrary/resources/derivatives/6/6EC1F37E-9823-4EF1-A887-76405BF5989D_1_105_c.jpeg"
    ],
    "ultima_modificacion": "2025-08-01 01:01:01.848934"
  },
  "6feb7bad023a43628b4110bd3637505e1102o.jpeg": {
    "app_sintetizada": "6FEB7BAD023A43628B4110BD3637505E1102O.JPEG",
    "cantidad_archivos": 1,
    "archivos_fuente": [
      "Pictures/Fototeca de Fotos.photoslibrary/resources/derivatives/6/6FEB7BAD-023A-4362-8B41-10BD3637505E_1_102_o.jpeg"
    ],
    "ultima_modificacion": "2025-08-01 01:01:01.849257"
  },
  "68ead8cfb7bd483d941b32d67d745fb91105c.jpeg": {
    "app_sintetizada": "68EAD8CFB7BD483D941B32D67D745FB91105C.JPEG",
    "cantidad_archivos": 1,
    "archivos_fuente": [
      "Pictures/Fototeca de Fotos.photoslibrary/resources/derivatives/6/68EAD8CF-B7BD-483D-941B-32D67D745FB9_1_105_c.jpeg"
    ],
    "ultima_modificacion": "2025-08-01 01:01:01.849562"
  },
  "6ddb55fc7653497ca662d9345bebdef9.thm": {
    "app_sintetizada": "6DDB55FC7653497CA662D9345BEBDEF9.THM",
    "cantidad_archivos": 1,
    "archivos_fuente": [
      "Pictures/Fototeca de Fotos.photoslibrary/resources/derivatives/6/6DDB55FC-7653-497C-A662-D9345BEBDEF9.THM"
    ],
    "ultima_modificacion": "2025-08-01 01:01:01.849859"
  },
  "650945e8308142059ed29f2822f9924e1105c.jpeg": {
    "app_sintetizada": "650945E8308142059ED29F2822F9924E1105C.JPEG",
    "cantidad_archivos": 1,
    "archivos_fuente": [
      "Pictures/Fototeca de Fotos.photoslibrary/resources/derivatives/6/650945E8-3081-4205-9ED2-9F2822F9924E_1_105_c.jpeg"
    ],
    "ultima_modificacion": "2025-08-01 01:01:01.850175"
  },
  "695018bff2ec4ef483a2650a0458ee321105c.jpeg": {
    "app_sintetizada": "695018BFF2EC4EF483A2650A0458EE321105C.JPEG",
    "cantidad_archivos": 1,
    "archivos_fuente": [
      "Pictures/Fototeca de Fotos.photoslibrary/resources/derivatives/6/695018BF-F2EC-4EF4-83A2-650A0458EE32_1_105_c.jpeg"
    ],
    "ultima_modificacion": "2025-08-01 01:01:01.850472"
  },
  "693ae001a7d44091bf010ff7076d62641105c.jpeg": {
    "app_sintetizada": "693AE001A7D44091BF010FF7076D62641105C.JPEG",
    "cantidad_archivos": 1,
    "archivos_fuente": [
      "Pictures/Fototeca de Fotos.photoslibrary/resources/derivatives/6/693AE001-A7D4-4091-BF01-0FF7076D6264_1_105_c.jpeg"
    ],
    "ultima_modificacion": "2025-08-01 01:01:01.850767"
  },
  "6d683f3aa30a4992bde86174d23a7c1a1105c.jpeg": {
    "app_sintetizada": "6D683F3AA30A4992BDE86174D23A7C1A1105C.JPEG",
    "cantidad_archivos": 1,
    "archivos_fuente": [
      "Pictures/Fototeca de Fotos.photoslibrary/resources/derivatives/6/6D683F3A-A30A-4992-BDE8-6174D23A7C1A_1_105_c.jpeg"
    ],
    "ultima_modificacion": "2025-08-01 01:01:01.851585"
  },
  "6f2968a3973846ab877558c011e363921105c.jpeg": {
    "app_sintetizada": "6F2968A3973846AB877558C011E363921105C.JPEG",
    "cantidad_archivos": 1,
    "archivos_fuente": [
      "Pictures/Fototeca de Fotos.photoslibrary/resources/derivatives/6/6F2968A3-9738-46AB-8775-58C011E36392_1_105_c.jpeg"
    ],
    "ultima_modificacion": "2025-08-01 01:01:01.851915"
  },
  "6b87f30e0e424a84a338c778bfeeccc81105c.jpeg": {
    "app_sintetizada": "6B87F30E0E424A84A338C778BFEECCC81105C.JPEG",
    "cantidad_archivos": 1,
    "archivos_fuente": [
      "Pictures/Fototeca de Fotos.photoslibrary/resources/derivatives/6/6B87F30E-0E42-4A84-A338-C778BFEECCC8_1_105_c.jpeg"
    ],
    "ultima_modificacion": "2025-08-01 01:01:01.852225"
  },
  "61d9dd2414094e25887063bcfc459f511105c.jpeg": {
    "app_sintetizada": "61D9DD2414094E25887063BCFC459F511105C.JPEG",
    "cantidad_archivos": 1,
    "archivos_fuente": [
      "Pictures/Fototeca de Fotos.photoslibrary/resources/derivatives/6/61D9DD24-1409-4E25-8870-63BCFC459F51_1_105_c.jpeg"
    ],
    "ultima_modificacion": "2025-08-01 01:01:01.852547"
  },
  "6a26a3c637024a87b0591a868eb14d031105c.jpeg": {
    "app_sintetizada": "6A26A3C637024A87B0591A868EB14D031105C.JPEG",
    "cantidad_archivos": 1,
    "archivos_fuente": [
      "Pictures/Fototeca de Fotos.photoslibrary/resources/derivatives/6/6A26A3C6-3702-4A87-B059-1A868EB14D03_1_105_c.jpeg"
    ],
    "ultima_modificacion": "2025-08-01 01:01:01.852860"
  },
  "6df01263ee3e48f78f4c6d84952d879e1105c.jpeg": {
    "app_sintetizada": "6DF01263EE3E48F78F4C6D84952D879E1105C.JPEG",
    "cantidad_archivos": 1,
    "archivos_fuente": [
      "Pictures/Fototeca de Fotos.photoslibrary/resources/derivatives/6/6DF01263-EE3E-48F7-8F4C-6D84952D879E_1_105_c.jpeg"
    ],
    "ultima_modificacion": "2025-08-01 01:01:01.853172"
  },
  "678c1d5b269f47a1b787cef11d5e2da91105c.jpeg": {
    "app_sintetizada": "678C1D5B269F47A1B787CEF11D5E2DA91105C.JPEG",
    "cantidad_archivos": 1,
    "archivos_fuente": [
      "Pictures/Fototeca de Fotos.photoslibrary/resources/derivatives/6/678C1D5B-269F-47A1-B787-CEF11D5E2DA9_1_105_c.jpeg"
    ],
    "ultima_modificacion": "2025-08-01 01:01:01.853492"
  },
  "67ffc67aa74c4f0db5254adfd98280271105c.jpeg": {
    "app_sintetizada": "67FFC67AA74C4F0DB5254ADFD98280271105C.JPEG",
    "cantidad_archivos": 1,
    "archivos_fuente": [
      "Pictures/Fototeca de Fotos.photoslibrary/resources/derivatives/6/67FFC67A-A74C-4F0D-B525-4ADFD9828027_1_105_c.jpeg"
    ],
    "ultima_modificacion": "2025-08-01 01:01:01.853816"
  },
  "66b872f821e943fdb8220e2d3d7af7121105c.jpeg": {
    "app_sintetizada": "66B872F821E943FDB8220E2D3D7AF7121105C.JPEG",
    "cantidad_archivos": 1,
    "archivos_fuente": [
      "Pictures/Fototeca de Fotos.photoslibrary/resources/derivatives/6/66B872F8-21E9-43FD-B822-0E2D3D7AF712_1_105_c.jpeg"
    ],
    "ultima_modificacion": "2025-08-01 01:01:01.854099"
  },
  "693b38baa41b4e07a103fbe91d7ff7091105c.jpeg": {
    "app_sintetizada": "693B38BAA41B4E07A103FBE91D7FF7091105C.JPEG",
    "cantidad_archivos": 1,
    "archivos_fuente": [
      "Pictures/Fototeca de Fotos.photoslibrary/resources/derivatives/6/693B38BA-A41B-4E07-A103-FBE91D7FF709_1_105_c.jpeg"
    ],
    "ultima_modificacion": "2025-08-01 01:01:01.854402"
  },
  "6d1f68083a6c46feba3b82ed7490e2121105c.jpeg": {
    "app_sintetizada": "6D1F68083A6C46FEBA3B82ED7490E2121105C.JPEG",
    "cantidad_archivos": 1,
    "archivos_fuente": [
      "Pictures/Fototeca de Fotos.photoslibrary/resources/derivatives/6/6D1F6808-3A6C-46FE-BA3B-82ED7490E212_1_105_c.jpeg"
    ],
    "ultima_modificacion": "2025-08-01 01:01:01.854718"
  },
  "6962cbd4b28b414bbd14839fbb36a0601105c.jpeg": {
    "app_sintetizada": "6962CBD4B28B414BBD14839FBB36A0601105C.JPEG",
    "cantidad_archivos": 1,
    "archivos_fuente": [
      "Pictures/Fototeca de Fotos.photoslibrary/resources/derivatives/6/6962CBD4-B28B-414B-BD14-839FBB36A060_1_105_c.jpeg"
    ],
    "ultima_modificacion": "2025-08-01 01:01:01.855048"
  },
  "6eac75827ab54a0988edcd563f04c6411105c.jpeg": {
    "app_sintetizada": "6EAC75827AB54A0988EDCD563F04C6411105C.JPEG",
    "cantidad_archivos": 1,
    "archivos_fuente": [
      "Pictures/Fototeca de Fotos.photoslibrary/resources/derivatives/6/6EAC7582-7AB5-4A09-88ED-CD563F04C641_1_105_c.jpeg"
    ],
    "ultima_modificacion": "2025-08-01 01:01:01.855342"
  },
  "6bf314823c5942a5a5fcdbada11169cf1105c.jpeg": {
    "app_sintetizada": "6BF314823C5942A5A5FCDBADA11169CF1105C.JPEG",
    "cantidad_archivos": 1,
    "archivos_fuente": [
      "Pictures/Fototeca de Fotos.photoslibrary/resources/derivatives/6/6BF31482-3C59-42A5-A5FC-DBADA11169CF_1_105_c.jpeg"
    ],
    "ultima_modificacion": "2025-08-01 01:01:01.855623"
  },
  "6b9a1cfd6ac54d0899bc4dd936cfef711100o.jpeg": {
    "app_sintetizada": "6B9A1CFD6AC54D0899BC4DD936CFEF711100O.JPEG",
    "cantidad_archivos": 1,
    "archivos_fuente": [
      "Pictures/Fototeca de Fotos.photoslibrary/resources/derivatives/6/6B9A1CFD-6AC5-4D08-99BC-4DD936CFEF71_1_100_o.jpeg"
    ],
    "ultima_modificacion": "2025-08-01 01:01:01.855919"
  },
  "6d5934a68a00496ea9480250dd9109851105c.jpeg": {
    "app_sintetizada": "6D5934A68A00496EA9480250DD9109851105C.JPEG",
    "cantidad_archivos": 1,
    "archivos_fuente": [
      "Pictures/Fototeca de Fotos.photoslibrary/resources/derivatives/6/6D5934A6-8A00-496E-A948-0250DD910985_1_105_c.jpeg"
    ],
    "ultima_modificacion": "2025-08-01 01:01:01.856211"
  },
  "671aa2943968410ca66809bfb2cfd6b31105c.jpeg": {
    "app_sintetizada": "671AA2943968410CA66809BFB2CFD6B31105C.JPEG",
    "cantidad_archivos": 1,
    "archivos_fuente": [
      "Pictures/Fototeca de Fotos.photoslibrary/resources/derivatives/6/671AA294-3968-410C-A668-09BFB2CFD6B3_1_105_c.jpeg"
    ],
    "ultima_modificacion": "2025-08-01 01:01:01.856530"
  },
  "689a26af7bce475188ea01fec872cb911105c.jpeg": {
    "app_sintetizada": "689A26AF7BCE475188EA01FEC872CB911105C.JPEG",
    "cantidad_archivos": 1,
    "archivos_fuente": [
      "Pictures/Fototeca de Fotos.photoslibrary/resources/derivatives/6/689A26AF-7BCE-4751-88EA-01FEC872CB91_1_105_c.jpeg"
    ],
    "ultima_modificacion": "2025-08-01 01:01:01.856839"
  },
  "6508c466a9b44d24a4db5cb0d2bcaef4.thm": {
    "app_sintetizada": "6508C466A9B44D24A4DB5CB0D2BCAEF4.THM",
    "cantidad_archivos": 1,
    "archivos_fuente": [
      "Pictures/Fototeca de Fotos.photoslibrary/resources/derivatives/6/6508C466-A9B4-4D24-A4DB-5CB0D2BCAEF4.THM"
    ],
    "ultima_modificacion": "2025-08-01 01:01:01.857182"
  },
  "6ff745ea945d40248f78d3c52b66dc551100o.jpeg": {
    "app_sintetizada": "6FF745EA945D40248F78D3C52B66DC551100O.JPEG",
    "cantidad_archivos": 1,
    "archivos_fuente": [
      "Pictures/Fototeca de Fotos.photoslibrary/resources/derivatives/6/6FF745EA-945D-4024-8F78-D3C52B66DC55_1_100_o.jpeg"
    ],
    "ultima_modificacion": "2025-08-01 01:01:01.857784"
  },
  "6d7a65abbd694467bd12e2d7797286dc1102o.jpeg": {
    "app_sintetizada": "6D7A65ABBD694467BD12E2D7797286DC1102O.JPEG",
    "cantidad_archivos": 1,
    "archivos_fuente": [
      "Pictures/Fototeca de Fotos.photoslibrary/resources/derivatives/6/6D7A65AB-BD69-4467-BD12-E2D7797286DC_1_102_o.jpeg"
    ],
    "ultima_modificacion": "2025-08-01 01:01:01.858082"
  },
  "6be08c4ac39b4a8ab7954bc2221240561105c.jpeg": {
    "app_sintetizada": "6BE08C4AC39B4A8AB7954BC2221240561105C.JPEG",
    "cantidad_archivos": 1,
    "archivos_fuente": [
      "Pictures/Fototeca de Fotos.photoslibrary/resources/derivatives/6/6BE08C4A-C39B-4A8A-B795-4BC222124056_1_105_c.jpeg"
    ],
    "ultima_modificacion": "2025-08-01 01:01:01.858386"
  },
  "6eb2368de2de4ed8873b2991beae3cd41105c.jpeg": {
    "app_sintetizada": "6EB2368DE2DE4ED8873B2991BEAE3CD41105C.JPEG",
    "cantidad_archivos": 1,
    "archivos_fuente": [
      "Pictures/Fototeca de Fotos.photoslibrary/resources/derivatives/6/6EB2368D-E2DE-4ED8-873B-2991BEAE3CD4_1_105_c.jpeg"
    ],
    "ultima_modificacion": "2025-08-01 01:01:01.858727"
  },
  "63e06148daf74590be80c1b81bf769231105c.jpeg": {
    "app_sintetizada": "63E06148DAF74590BE80C1B81BF769231105C.JPEG",
    "cantidad_archivos": 1,
    "archivos_fuente": [
      "Pictures/Fototeca de Fotos.photoslibrary/resources/derivatives/6/63E06148-DAF7-4590-BE80-C1B81BF76923_1_105_c.jpeg"
    ],
    "ultima_modificacion": "2025-08-01 01:01:01.859073"
  },
  "6efc9ecdfd1b4c1d9b720e0f397380dd1105c.jpeg": {
    "app_sintetizada": "6EFC9ECDFD1B4C1D9B720E0F397380DD1105C.JPEG",
    "cantidad_archivos": 1,
    "archivos_fuente": [
      "Pictures/Fototeca de Fotos.photoslibrary/resources/derivatives/6/6EFC9ECD-FD1B-4C1D-9B72-0E0F397380DD_1_105_c.jpeg"
    ],
    "ultima_modificacion": "2025-08-01 01:01:01.859387"
  },
  "6d241cdb817a4e79aff8ba5c371232421105c.jpeg": {
    "app_sintetizada": "6D241CDB817A4E79AFF8BA5C371232421105C.JPEG",
    "cantidad_archivos": 1,
    "archivos_fuente": [
      "Pictures/Fototeca de Fotos.photoslibrary/resources/derivatives/6/6D241CDB-817A-4E79-AFF8-BA5C37123242_1_105_c.jpeg"
    ],
    "ultima_modificacion": "2025-08-01 01:01:01.859703"
  },
  "6aaab129efc44233817162d0a94c9f1a.thm": {
    "app_sintetizada": "6AAAB129EFC44233817162D0A94C9F1A.THM",
    "cantidad_archivos": 1,
    "archivos_fuente": [
      "Pictures/Fototeca de Fotos.photoslibrary/resources/derivatives/6/6AAAB129-EFC4-4233-8171-62D0A94C9F1A.THM"
    ],
    "ultima_modificacion": "2025-08-01 01:01:01.860036"
  },
  "645ac5e68a22498bb45c5b9b9984eb0d1105c.jpeg": {
    "app_sintetizada": "645AC5E68A22498BB45C5B9B9984EB0D1105C.JPEG",
    "cantidad_archivos": 1,
    "archivos_fuente": [
      "Pictures/Fototeca de Fotos.photoslibrary/resources/derivatives/6/645AC5E6-8A22-498B-B45C-5B9B9984EB0D_1_105_c.jpeg"
    ],
    "ultima_modificacion": "2025-08-01 01:01:01.860331"
  },
  "65922a9a308f42478bf05e1ca5be25001105c.jpeg": {
    "app_sintetizada": "65922A9A308F42478BF05E1CA5BE25001105C.JPEG",
    "cantidad_archivos": 1,
    "archivos_fuente": [
      "Pictures/Fototeca de Fotos.photoslibrary/resources/derivatives/6/65922A9A-308F-4247-8BF0-5E1CA5BE2500_1_105_c.jpeg"
    ],
    "ultima_modificacion": "2025-08-01 01:01:01.860632"
  },
  "6c0667d1dfbb4ccc9ee6a8ef80de27b41105c.jpeg": {
    "app_sintetizada": "6C0667D1DFBB4CCC9EE6A8EF80DE27B41105C.JPEG",
    "cantidad_archivos": 1,
    "archivos_fuente": [
      "Pictures/Fototeca de Fotos.photoslibrary/resources/derivatives/6/6C0667D1-DFBB-4CCC-9EE6-A8EF80DE27B4_1_105_c.jpeg"
    ],
    "ultima_modificacion": "2025-08-01 01:01:01.860926"
  },
  "61333a78e7a44f5191d8036d613b812b1105c.jpeg": {
    "app_sintetizada": "61333A78E7A44F5191D8036D613B812B1105C.JPEG",
    "cantidad_archivos": 1,
    "archivos_fuente": [
      "Pictures/Fototeca de Fotos.photoslibrary/resources/derivatives/6/61333A78-E7A4-4F51-91D8-036D613B812B_1_105_c.jpeg"
    ],
    "ultima_modificacion": "2025-08-01 01:01:01.861182"
  },
  "6f53d2a2c8484e7eb2d3a176027ed9451105c.jpeg": {
    "app_sintetizada": "6F53D2A2C8484E7EB2D3A176027ED9451105C.JPEG",
    "cantidad_archivos": 1,
    "archivos_fuente": [
      "Pictures/Fototeca de Fotos.photoslibrary/resources/derivatives/6/6F53D2A2-C848-4E7E-B2D3-A176027ED945_1_105_c.jpeg"
    ],
    "ultima_modificacion": "2025-08-01 01:01:01.861499"
  },
  "657afe97b4bb41d48fe76cafe244c5c41105c.jpeg": {
    "app_sintetizada": "657AFE97B4BB41D48FE76CAFE244C5C41105C.JPEG",
    "cantidad_archivos": 1,
    "archivos_fuente": [
      "Pictures/Fototeca de Fotos.photoslibrary/resources/derivatives/6/657AFE97-B4BB-41D4-8FE7-6CAFE244C5C4_1_105_c.jpeg"
    ],
    "ultima_modificacion": "2025-08-01 01:01:01.861774"
  },
  "64edb465838b404985fbd8a34c34895f1105c.jpeg": {
    "app_sintetizada": "64EDB465838B404985FBD8A34C34895F1105C.JPEG",
    "cantidad_archivos": 1,
    "archivos_fuente": [
      "Pictures/Fototeca de Fotos.photoslibrary/resources/derivatives/6/64EDB465-838B-4049-85FB-D8A34C34895F_1_105_c.jpeg"
    ],
    "ultima_modificacion": "2025-08-01 01:01:01.862043"
  },
  "661da26fc8234a498374c25e6fbbf4851105c.jpeg": {
    "app_sintetizada": "661DA26FC8234A498374C25E6FBBF4851105C.JPEG",
    "cantidad_archivos": 1,
    "archivos_fuente": [
      "Pictures/Fototeca de Fotos.photoslibrary/resources/derivatives/6/661DA26F-C823-4A49-8374-C25E6FBBF485_1_105_c.jpeg"
    ],
    "ultima_modificacion": "2025-08-01 01:01:01.862319"
  },
  "642e8c24616e40bd9d3e6cb095cfd070.thm": {
    "app_sintetizada": "642E8C24616E40BD9D3E6CB095CFD070.THM",
    "cantidad_archivos": 1,
    "archivos_fuente": [
      "Pictures/Fototeca de Fotos.photoslibrary/resources/derivatives/6/642E8C24-616E-40BD-9D3E-6CB095CFD070.THM"
    ],
    "ultima_modificacion": "2025-08-01 01:01:01.862622"
  },
  "6b1c824ebf004085829ff1c04c0c8d801105c.jpeg": {
    "app_sintetizada": "6B1C824EBF004085829FF1C04C0C8D801105C.JPEG",
    "cantidad_archivos": 1,
    "archivos_fuente": [
      "Pictures/Fototeca de Fotos.photoslibrary/resources/derivatives/6/6B1C824E-BF00-4085-829F-F1C04C0C8D80_1_105_c.jpeg"
    ],
    "ultima_modificacion": "2025-08-01 01:01:01.862952"
  },
  "68cc26296e6745d8bccdb5a92b8f53931100o.jpeg": {
    "app_sintetizada": "68CC26296E6745D8BCCDB5A92B8F53931100O.JPEG",
    "cantidad_archivos": 1,
    "archivos_fuente": [
      "Pictures/Fototeca de Fotos.photoslibrary/resources/derivatives/6/68CC2629-6E67-45D8-BCCD-B5A92B8F5393_1_100_o.jpeg"
    ],
    "ultima_modificacion": "2025-08-01 01:01:01.863285"
  },
  "6b871664d96b4680b0231d2a07ef88a91105c.jpeg": {
    "app_sintetizada": "6B871664D96B4680B0231D2A07EF88A91105C.JPEG",
    "cantidad_archivos": 1,
    "archivos_fuente": [
      "Pictures/Fototeca de Fotos.photoslibrary/resources/derivatives/6/6B871664-D96B-4680-B023-1D2A07EF88A9_1_105_c.jpeg"
    ],
    "ultima_modificacion": "2025-08-01 01:01:01.863536"
  },
  "6b74676738914a26bbc66d1c8026690e1105c.jpeg": {
    "app_sintetizada": "6B74676738914A26BBC66D1C8026690E1105C.JPEG",
    "cantidad_archivos": 1,
    "archivos_fuente": [
      "Pictures/Fototeca de Fotos.photoslibrary/resources/derivatives/6/6B746767-3891-4A26-BBC6-6D1C8026690E_1_105_c.jpeg"
    ],
    "ultima_modificacion": "2025-08-01 01:01:01.863783"
  },
  "6859f6ffbf014c578c7bf35393e1afdb1105c.jpeg": {
    "app_sintetizada": "6859F6FFBF014C578C7BF35393E1AFDB1105C.JPEG",
    "cantidad_archivos": 1,
    "archivos_fuente": [
      "Pictures/Fototeca de Fotos.photoslibrary/resources/derivatives/6/6859F6FF-BF01-4C57-8C7B-F35393E1AFDB_1_105_c.jpeg"
    ],
    "ultima_modificacion": "2025-08-01 01:01:01.864037"
  },
  "650efe15afe442a884082c9409ebc0631105c.jpeg": {
    "app_sintetizada": "650EFE15AFE442A884082C9409EBC0631105C.JPEG",
    "cantidad_archivos": 1,
    "archivos_fuente": [
      "Pictures/Fototeca de Fotos.photoslibrary/resources/derivatives/6/650EFE15-AFE4-42A8-8408-2C9409EBC063_1_105_c.jpeg"
    ],
    "ultima_modificacion": "2025-08-01 01:01:01.864347"
  },
  "6fc9f71757e845c0a7a04273a046ae3d1105c.jpeg": {
    "app_sintetizada": "6FC9F71757E845C0A7A04273A046AE3D1105C.JPEG",
    "cantidad_archivos": 1,
    "archivos_fuente": [
      "Pictures/Fototeca de Fotos.photoslibrary/resources/derivatives/6/6FC9F717-57E8-45C0-A7A0-4273A046AE3D_1_105_c.jpeg"
    ],
    "ultima_modificacion": "2025-08-01 01:01:01.864593"
  },
  "6188943d1a1a4e6d9a588906d3ce85d21105c.jpeg": {
    "app_sintetizada": "6188943D1A1A4E6D9A588906D3CE85D21105C.JPEG",
    "cantidad_archivos": 1,
    "archivos_fuente": [
      "Pictures/Fototeca de Fotos.photoslibrary/resources/derivatives/6/6188943D-1A1A-4E6D-9A58-8906D3CE85D2_1_105_c.jpeg"
    ],
    "ultima_modificacion": "2025-08-01 01:01:01.864868"
  },
  "625276a9fb4c4c8da8ca308ce40c52fd1105c.jpeg": {
    "app_sintetizada": "625276A9FB4C4C8DA8CA308CE40C52FD1105C.JPEG",
    "cantidad_archivos": 1,
    "archivos_fuente": [
      "Pictures/Fototeca de Fotos.photoslibrary/resources/derivatives/6/625276A9-FB4C-4C8D-A8CA-308CE40C52FD_1_105_c.jpeg"
    ],
    "ultima_modificacion": "2025-08-01 01:01:01.865162"
  },
  "606b5d234634470f8f68138c1335488a1105c.jpeg": {
    "app_sintetizada": "606B5D234634470F8F68138C1335488A1105C.JPEG",
    "cantidad_archivos": 1,
    "archivos_fuente": [
      "Pictures/Fototeca de Fotos.photoslibrary/resources/derivatives/6/606B5D23-4634-470F-8F68-138C1335488A_1_105_c.jpeg"
    ],
    "ultima_modificacion": "2025-08-01 01:01:01.865420"
  },
  "6d449b3d09484a40b072e53034ddc10e1105c.jpeg": {
    "app_sintetizada": "6D449B3D09484A40B072E53034DDC10E1105C.JPEG",
    "cantidad_archivos": 1,
    "archivos_fuente": [
      "Pictures/Fototeca de Fotos.photoslibrary/resources/derivatives/6/6D449B3D-0948-4A40-B072-E53034DDC10E_1_105_c.jpeg"
    ],
    "ultima_modificacion": "2025-08-01 01:01:01.865671"
  },
  "6d1653b261dc452aaa5cc1bc80cbff3d1100o.jpeg": {
    "app_sintetizada": "6D1653B261DC452AAA5CC1BC80CBFF3D1100O.JPEG",
    "cantidad_archivos": 1,
    "archivos_fuente": [
      "Pictures/Fototeca de Fotos.photoslibrary/resources/derivatives/6/6D1653B2-61DC-452A-AA5C-C1BC80CBFF3D_1_100_o.jpeg"
    ],
    "ultima_modificacion": "2025-08-01 01:01:01.865928"
  },
  "62c3e62a7bb24ed8b703234aa8e2323a1105c.jpeg": {
    "app_sintetizada": "62C3E62A7BB24ED8B703234AA8E2323A1105C.JPEG",
    "cantidad_archivos": 1,
    "archivos_fuente": [
      "Pictures/Fototeca de Fotos.photoslibrary/resources/derivatives/6/62C3E62A-7BB2-4ED8-B703-234AA8E2323A_1_105_c.jpeg"
    ],
    "ultima_modificacion": "2025-08-01 01:01:01.866186"
  },
  "651d983ca0024425941578c2a730d8ef1105c.jpeg": {
    "app_sintetizada": "651D983CA0024425941578C2A730D8EF1105C.JPEG",
    "cantidad_archivos": 1,
    "archivos_fuente": [
      "Pictures/Fototeca de Fotos.photoslibrary/resources/derivatives/6/651D983C-A002-4425-9415-78C2A730D8EF_1_105_c.jpeg"
    ],
    "ultima_modificacion": "2025-08-01 01:01:01.866511"
  },
  "6b43bda3a9164706996c157aabcf92f91105c.jpeg": {
    "app_sintetizada": "6B43BDA3A9164706996C157AABCF92F91105C.JPEG",
    "cantidad_archivos": 1,
    "archivos_fuente": [
      "Pictures/Fototeca de Fotos.photoslibrary/resources/derivatives/6/6B43BDA3-A916-4706-996C-157AABCF92F9_1_105_c.jpeg"
    ],
    "ultima_modificacion": "2025-08-01 01:01:01.866735"
  },
  "6dcc855d3c704897851c0723be3417f51105c.jpeg": {
    "app_sintetizada": "6DCC855D3C704897851C0723BE3417F51105C.JPEG",
    "cantidad_archivos": 1,
    "archivos_fuente": [
      "Pictures/Fototeca de Fotos.photoslibrary/resources/derivatives/6/6DCC855D-3C70-4897-851C-0723BE3417F5_1_105_c.jpeg"
    ],
    "ultima_modificacion": "2025-08-01 01:01:01.867008"
  },
  "6f555ecdac694d00a79847a750df667e1105c.jpeg": {
    "app_sintetizada": "6F555ECDAC694D00A79847A750DF667E1105C.JPEG",
    "cantidad_archivos": 1,
    "archivos_fuente": [
      "Pictures/Fototeca de Fotos.photoslibrary/resources/derivatives/6/6F555ECD-AC69-4D00-A798-47A750DF667E_1_105_c.jpeg"
    ],
    "ultima_modificacion": "2025-08-01 01:01:01.867293"
  },
  "60b9511612aa4e869ec80272ca4722171105c.jpeg": {
    "app_sintetizada": "60B9511612AA4E869EC80272CA4722171105C.JPEG",
    "cantidad_archivos": 1,
    "archivos_fuente": [
      "Pictures/Fototeca de Fotos.photoslibrary/resources/derivatives/6/60B95116-12AA-4E86-9EC8-0272CA472217_1_105_c.jpeg"
    ],
    "ultima_modificacion": "2025-08-01 01:01:01.867608"
  },
  "6ecfedcf78b14fa2984fa1e082d486e41105c.jpeg": {
    "app_sintetizada": "6ECFEDCF78B14FA2984FA1E082D486E41105C.JPEG",
    "cantidad_archivos": 1,
    "archivos_fuente": [
      "Pictures/Fototeca de Fotos.photoslibrary/resources/derivatives/6/6ECFEDCF-78B1-4FA2-984F-A1E082D486E4_1_105_c.jpeg"
    ],
    "ultima_modificacion": "2025-08-01 01:01:01.867922"
  },
  "60481478960d4fcfb72b58aaeeac28c11105c.jpeg": {
    "app_sintetizada": "60481478960D4FCFB72B58AAEEAC28C11105C.JPEG",
    "cantidad_archivos": 1,
    "archivos_fuente": [
      "Pictures/Fototeca de Fotos.photoslibrary/resources/derivatives/6/60481478-960D-4FCF-B72B-58AAEEAC28C1_1_105_c.jpeg"
    ],
    "ultima_modificacion": "2025-08-01 01:01:01.868169"
  }
}