{
  "6995d86116004071b90bb1a9d5f8c4ee1105c.jpeg": {
    "app_sintetizada": "6995D86116004071B90BB1A9D5F8C4EE1105C.JPEG",
    "cantidad_archivos": 1,
    "archivos_fuente": [
      "Pictures/Fototeca de Fotos.photoslibrary/resources/derivatives/6/6995D861-1600-4071-B90B-B1A9D5F8C4EE_1_105_c.jpeg"
    ],
    "ultima_modificacion": "2025-08-01 01:01:02.317083"
  },
  "6fccada2329b41879ba651d29cb6390b1105c.jpeg": {
    "app_sintetizada": "6FCCADA2329B41879BA651D29CB6390B1105C.JPEG",
    "cantidad_archivos": 1,
    "archivos_fuente": [
      "Pictures/Fototeca de Fotos.photoslibrary/resources/derivatives/6/6FCCADA2-329B-4187-9BA6-51D29CB6390B_1_105_c.jpeg"
    ],
    "ultima_modificacion": "2025-08-01 01:01:02.317399"
  },
  "655357dd7b544a8dab9eb2a18e458b371105c.jpeg": {
    "app_sintetizada": "655357DD7B544A8DAB9EB2A18E458B371105C.JPEG",
    "cantidad_archivos": 1,
    "archivos_fuente": [
      "Pictures/Fototeca de Fotos.photoslibrary/resources/derivatives/6/655357DD-7B54-4A8D-AB9E-B2A18E458B37_1_105_c.jpeg"
    ],
    "ultima_modificacion": "2025-08-01 01:01:02.317708"
  },
  "6ae84ec8b8b14921b0f33d7152577b0d1105c.jpeg": {
    "app_sintetizada": "6AE84EC8B8B14921B0F33D7152577B0D1105C.JPEG",
    "cantidad_archivos": 1,
    "archivos_fuente": [
      "Pictures/Fototeca de Fotos.photoslibrary/resources/derivatives/6/6AE84EC8-B8B1-4921-B0F3-3D7152577B0D_1_105_c.jpeg"
    ],
    "ultima_modificacion": "2025-08-01 01:01:02.318020"
  },
  "68b0023ac5924f82b422db75264ad4941105c.jpeg": {
    "app_sintetizada": "68B0023AC5924F82B422DB75264AD4941105C.JPEG",
    "cantidad_archivos": 1,
    "archivos_fuente": [
      "Pictures/Fototeca de Fotos.photoslibrary/resources/derivatives/6/68B0023A-C592-4F82-B422-DB75264AD494_1_105_c.jpeg"
    ],
    "ultima_modificacion": "2025-08-01 01:01:02.318236"
  },
  "649ea3c5dbf44724b4354f89b398746f.thm": {
    "app_sintetizada": "649EA3C5DBF44724B4354F89B398746F.THM",
    "cantidad_archivos": 1,
    "archivos_fuente": [
      "Pictures/Fototeca de Fotos.photoslibrary/resources/derivatives/6/649EA3C5-DBF4-4724-B435-4F89B398746F.THM"
    ],
    "ultima_modificacion": "2025-08-01 01:01:02.318552"
  },
  "66b1ac3acfa54db0a7f320e29943f8111105c.jpeg": {
    "app_sintetizada": "66B1AC3ACFA54DB0A7F320E29943F8111105C.JPEG",
    "cantidad_archivos": 1,
    "archivos_fuente": [
      "Pictures/Fototeca de Fotos.photoslibrary/resources/derivatives/6/66B1AC3A-CFA5-4DB0-A7F3-20E29943F811_1_105_c.jpeg"
    ],
    "ultima_modificacion": "2025-08-01 01:01:02.318854"
  },
  "6cf6dfa1dd854b90be24f557aae31ded1105c.jpeg": {
    "app_sintetizada": "6CF6DFA1DD854B90BE24F557AAE31DED1105C.JPEG",
    "cantidad_archivos": 1,
    "archivos_fuente": [
      "Pictures/Fototeca de Fotos.photoslibrary/resources/derivatives/6/6CF6DFA1-DD85-4B90-BE24-F557AAE31DED_1_105_c.jpeg"
    ],
    "ultima_modificacion": "2025-08-01 01:01:02.319098"
  },
  "6664f83959ca4afe8e399fddedcfc9421105c.jpeg": {
    "app_sintetizada": "6664F83959CA4AFE8E399FDDEDCFC9421105C.JPEG",
    "cantidad_archivos": 1,
    "archivos_fuente": [
      "Pictures/Fototeca de Fotos.photoslibrary/resources/derivatives/6/6664F839-59CA-4AFE-8E39-9FDDEDCFC942_1_105_c.jpeg"
    ],
    "ultima_modificacion": "2025-08-01 01:01:02.319433"
  },
  "65883c0deb4b4a4492588bce1e01bf411105c.jpeg": {
    "app_sintetizada": "65883C0DEB4B4A4492588BCE1E01BF411105C.JPEG",
    "cantidad_archivos": 1,
    "archivos_fuente": [
      "Pictures/Fototeca de Fotos.photoslibrary/resources/derivatives/6/65883C0D-EB4B-4A44-9258-8BCE1E01BF41_1_105_c.jpeg"
    ],
    "ultima_modificacion": "2025-08-01 01:01:02.319650"
  },
  "6c0341bfad1d45b296cc007c045fcd0b1105c.jpeg": {
    "app_sintetizada": "6C0341BFAD1D45B296CC007C045FCD0B1105C.JPEG",
    "cantidad_archivos": 1,
    "archivos_fuente": [
      "Pictures/Fototeca de Fotos.photoslibrary/resources/derivatives/6/6C0341BF-AD1D-45B2-96CC-007C045FCD0B_1_105_c.jpeg"
    ],
    "ultima_modificacion": "2025-08-01 01:01:02.319864"
  },
  "68187c0b5e6f4d06971253452d2bbee01105c.jpeg": {
    "app_sintetizada": "68187C0B5E6F4D06971253452D2BBEE01105C.JPEG",
    "cantidad_archivos": 1,
    "archivos_fuente": [
      "Pictures/Fototeca de Fotos.photoslibrary/resources/derivatives/6/68187C0B-5E6F-4D06-9712-53452D2BBEE0_1_105_c.jpeg"
    ],
    "ultima_modificacion": "2025-08-01 01:01:02.320066"
  },
  "68d0c5d37f7b4b29941e90b3dc95995d1105c.jpeg": {
    "app_sintetizada": "68D0C5D37F7B4B29941E90B3DC95995D1105C.JPEG",
    "cantidad_archivos": 1,
    "archivos_fuente": [
      "Pictures/Fototeca de Fotos.photoslibrary/resources/derivatives/6/68D0C5D3-7F7B-4B29-941E-90B3DC95995D_1_105_c.jpeg"
    ],
    "ultima_modificacion": "2025-08-01 01:01:02.320268"
  },
  "66bcdc3ba7024c43ba3fab6782490be11105c.jpeg": {
    "app_sintetizada": "66BCDC3BA7024C43BA3FAB6782490BE11105C.JPEG",
    "cantidad_archivos": 1,
    "archivos_fuente": [
      "Pictures/Fototeca de Fotos.photoslibrary/resources/derivatives/6/66BCDC3B-A702-4C43-BA3F-AB6782490BE1_1_105_c.jpeg"
    ],
    "ultima_modificacion": "2025-08-01 01:01:02.320458"
  },
  "6e81c204f66740d9a4e719cdb6cdfbb81105c.jpeg": {
    "app_sintetizada": "6E81C204F66740D9A4E719CDB6CDFBB81105C.JPEG",
    "cantidad_archivos": 1,
    "archivos_fuente": [
      "Pictures/Fototeca de Fotos.photoslibrary/resources/derivatives/6/6E81C204-F667-40D9-A4E7-19CDB6CDFBB8_1_105_c.jpeg"
    ],
    "ultima_modificacion": "2025-08-01 01:01:02.320654"
  },
  "65f9cc482bc3444d82569eae9899fcdf1105c.jpeg": {
    "app_sintetizada": "65F9CC482BC3444D82569EAE9899FCDF1105C.JPEG",
    "cantidad_archivos": 1,
    "archivos_fuente": [
      "Pictures/Fototeca de Fotos.photoslibrary/resources/derivatives/6/65F9CC48-2BC3-444D-8256-9EAE9899FCDF_1_105_c.jpeg"
    ],
    "ultima_modificacion": "2025-08-01 01:01:02.320965"
  },
  "612f23ec22ca4b74856256da4fa290e81105c.jpeg": {
    "app_sintetizada": "612F23EC22CA4B74856256DA4FA290E81105C.JPEG",
    "cantidad_archivos": 1,
    "archivos_fuente": [
      "Pictures/Fototeca de Fotos.photoslibrary/resources/derivatives/6/612F23EC-22CA-4B74-8562-56DA4FA290E8_1_105_c.jpeg"
    ],
    "ultima_modificacion": "2025-08-01 01:01:02.321218"
  },
  "62722b07c3614e11bf1b356b26646f821105c.jpeg": {
    "app_sintetizada": "62722B07C3614E11BF1B356B26646F821105C.JPEG",
    "cantidad_archivos": 1,
    "archivos_fuente": [
      "Pictures/Fototeca de Fotos.photoslibrary/resources/derivatives/6/62722B07-C361-4E11-BF1B-356B26646F82_1_105_c.jpeg"
    ],
    "ultima_modificacion": "2025-08-01 01:01:02.321420"
  },
  "69fdf08770da4a099ffa089a79d9f1bb1105c.jpeg": {
    "app_sintetizada": "69FDF08770DA4A099FFA089A79D9F1BB1105C.JPEG",
    "cantidad_archivos": 1,
    "archivos_fuente": [
      "Pictures/Fototeca de Fotos.photoslibrary/resources/derivatives/6/69FDF087-70DA-4A09-9FFA-089A79D9F1BB_1_105_c.jpeg"
    ],
    "ultima_modificacion": "2025-08-01 01:01:02.321632"
  },
  "66dbc4e0c0424777904e9b87bd8875e71105c.jpeg": {
    "app_sintetizada": "66DBC4E0C0424777904E9B87BD8875E71105C.JPEG",
    "cantidad_archivos": 1,
    "archivos_fuente": [
      "Pictures/Fototeca de Fotos.photoslibrary/resources/derivatives/6/66DBC4E0-C042-4777-904E-9B87BD8875E7_1_105_c.jpeg"
    ],
    "ultima_modificacion": "2025-08-01 01:01:02.321875"
  },
  "6f6eceb45b2b48d6986bb8a8cfaa1e4f1105c.jpeg": {
    "app_sintetizada": "6F6ECEB45B2B48D6986BB8A8CFAA1E4F1105C.JPEG",
    "cantidad_archivos": 1,
    "archivos_fuente": [
      "Pictures/Fototeca de Fotos.photoslibrary/resources/derivatives/6/6F6ECEB4-5B2B-48D6-986B-B8A8CFAA1E4F_1_105_c.jpeg"
    ],
    "ultima_modificacion": "2025-08-01 01:01:02.322194"
  },
  "64e464b7ccd843ae968b700f69d79f531105c.jpeg": {
    "app_sintetizada": "64E464B7CCD843AE968B700F69D79F531105C.JPEG",
    "cantidad_archivos": 1,
    "archivos_fuente": [
      "Pictures/Fototeca de Fotos.photoslibrary/resources/derivatives/6/64E464B7-CCD8-43AE-968B-700F69D79F53_1_105_c.jpeg"
    ],
    "ultima_modificacion": "2025-08-01 01:01:02.322441"
  },
  "64f8f4c9a04e4cc9b125540e489d4c28.thm": {
    "app_sintetizada": "64F8F4C9A04E4CC9B125540E489D4C28.THM",
    "cantidad_archivos": 1,
    "archivos_fuente": [
      "Pictures/Fototeca de Fotos.photoslibrary/resources/derivatives/6/64F8F4C9-A04E-4CC9-B125-540E489D4C28.THM"
    ],
    "ultima_modificacion": "2025-08-01 01:01:02.322766"
  },
  "67319374f3024914b07cf6153d0543751105c.jpeg": {
    "app_sintetizada": "67319374F3024914B07CF6153D0543751105C.JPEG",
    "cantidad_archivos": 1,
    "archivos_fuente": [
      "Pictures/Fototeca de Fotos.photoslibrary/resources/derivatives/6/67319374-F302-4914-B07C-F6153D054375_1_105_c.jpeg"
    ],
    "ultima_modificacion": "2025-08-01 01:01:02.322982"
  },
  "6058278476a7443a961f78c8c1ec904d.thm": {
    "app_sintetizada": "6058278476A7443A961F78C8C1EC904D.THM",
    "cantidad_archivos": 1,
    "archivos_fuente": [
      "Pictures/Fototeca de Fotos.photoslibrary/resources/derivatives/6/60582784-76A7-443A-961F-78C8C1EC904D.THM"
    ],
    "ultima_modificacion": "2025-08-01 01:01:02.323191"
  },
  "6427894e2e5746038e4673ea1bb561eb1105c.jpeg": {
    "app_sintetizada": "6427894E2E5746038E4673EA1BB561EB1105C.JPEG",
    "cantidad_archivos": 1,
    "archivos_fuente": [
      "Pictures/Fototeca de Fotos.photoslibrary/resources/derivatives/6/6427894E-2E57-4603-8E46-73EA1BB561EB_1_105_c.jpeg"
    ],
    "ultima_modificacion": "2025-08-01 01:01:02.323404"
  },
  "6c135d62779847138b09ec918c4a7e141105c.jpeg": {
    "app_sintetizada": "6C135D62779847138B09EC918C4A7E141105C.JPEG",
    "cantidad_archivos": 1,
    "archivos_fuente": [
      "Pictures/Fototeca de Fotos.photoslibrary/resources/derivatives/6/6C135D62-7798-4713-8B09-EC918C4A7E14_1_105_c.jpeg"
    ],
    "ultima_modificacion": "2025-08-01 01:01:02.323648"
  },
  "697294e3b84d465daaa7d3589092f3861105c.jpeg": {
    "app_sintetizada": "697294E3B84D465DAAA7D3589092F3861105C.JPEG",
    "cantidad_archivos": 1,
    "archivos_fuente": [
      "Pictures/Fototeca de Fotos.photoslibrary/resources/derivatives/6/697294E3-B84D-465D-AAA7-D3589092F386_1_105_c.jpeg"
    ],
    "ultima_modificacion": "2025-08-01 01:01:02.323879"
  },
  "63db48b062f5498d9b537286c3f1b181.thm": {
    "app_sintetizada": "63DB48B062F5498D9B537286C3F1B181.THM",
    "cantidad_archivos": 1,
    "archivos_fuente": [
      "Pictures/Fototeca de Fotos.photoslibrary/resources/derivatives/6/63DB48B0-62F5-498D-9B53-7286C3F1B181.THM"
    ],
    "ultima_modificacion": "2025-08-01 01:01:02.324111"
  },
  "66faeaf37e96435eb6828937faf2e08c1105c.jpeg": {
    "app_sintetizada": "66FAEAF37E96435EB6828937FAF2E08C1105C.JPEG",
    "cantidad_archivos": 1,
    "archivos_fuente": [
      "Pictures/Fototeca de Fotos.photoslibrary/resources/derivatives/6/66FAEAF3-7E96-435E-B682-8937FAF2E08C_1_105_c.jpeg"
    ],
    "ultima_modificacion": "2025-08-01 01:01:02.324344"
  },
  "607e48bda7224588bb9894095c6592761105c.jpeg": {
    "app_sintetizada": "607E48BDA7224588BB9894095C6592761105C.JPEG",
    "cantidad_archivos": 1,
    "archivos_fuente": [
      "Pictures/Fototeca de Fotos.photoslibrary/resources/derivatives/6/607E48BD-A722-4588-BB98-94095C659276_1_105_c.jpeg"
    ],
    "ultima_modificacion": "2025-08-01 01:01:02.324577"
  },
  "64c40dd5aebe400888dcd86458a0ee9b1105c.jpeg": {
    "app_sintetizada": "64C40DD5AEBE400888DCD86458A0EE9B1105C.JPEG",
    "cantidad_archivos": 1,
    "archivos_fuente": [
      "Pictures/Fototeca de Fotos.photoslibrary/resources/derivatives/6/64C40DD5-AEBE-4008-88DC-D86458A0EE9B_1_105_c.jpeg"
    ],
    "ultima_modificacion": "2025-08-01 01:01:02.324865"
  },
  "6c034c7505b34610a788d299dbd31e7b1105c.jpeg": {
    "app_sintetizada": "6C034C7505B34610A788D299DBD31E7B1105C.JPEG",
    "cantidad_archivos": 1,
    "archivos_fuente": [
      "Pictures/Fototeca de Fotos.photoslibrary/resources/derivatives/6/6C034C75-05B3-4610-A788-D299DBD31E7B_1_105_c.jpeg"
    ],
    "ultima_modificacion": "2025-08-01 01:01:02.325076"
  },
  "6337c76582f4410b8d62f4acba51d2c1.thm": {
    "app_sintetizada": "6337C76582F4410B8D62F4ACBA51D2C1.THM",
    "cantidad_archivos": 1,
    "archivos_fuente": [
      "Pictures/Fototeca de Fotos.photoslibrary/resources/derivatives/6/6337C765-82F4-410B-8D62-F4ACBA51D2C1.THM"
    ],
    "ultima_modificacion": "2025-08-01 01:01:02.325276"
  },
  "601dc3dbcd1740d6938fa2efe8f94c9b1105c.jpeg": {
    "app_sintetizada": "601DC3DBCD1740D6938FA2EFE8F94C9B1105C.JPEG",
    "cantidad_archivos": 1,
    "archivos_fuente": [
      "Pictures/Fototeca de Fotos.photoslibrary/resources/derivatives/6/601DC3DB-CD17-40D6-938F-A2EFE8F94C9B_1_105_c.jpeg"
    ],
    "ultima_modificacion": "2025-08-01 01:01:02.325461"
  },
  "62f2d0324690497fa9685c3e499af9311105c.jpeg": {
    "app_sintetizada": "62F2D0324690497FA9685C3E499AF9311105C.JPEG",
    "cantidad_archivos": 1,
    "archivos_fuente": [
      "Pictures/Fototeca de Fotos.photoslibrary/resources/derivatives/6/62F2D032-4690-497F-A968-5C3E499AF931_1_105_c.jpeg"
    ],
    "ultima_modificacion": "2025-08-01 01:01:02.325642"
  },
  "6bf324ad08e346aaa7e675d1f2e2b22c1105c.jpeg": {
    "app_sintetizada": "6BF324AD08E346AAA7E675D1F2E2B22C1105C.JPEG",
    "cantidad_archivos": 1,
    "archivos_fuente": [
      "Pictures/Fototeca de Fotos.photoslibrary/resources/derivatives/6/6BF324AD-08E3-46AA-A7E6-75D1F2E2B22C_1_105_c.jpeg"
    ],
    "ultima_modificacion": "2025-08-01 01:01:02.325858"
  },
  "6702509346c84ee4845144d8e23556601105c.jpeg": {
    "app_sintetizada": "6702509346C84EE4845144D8E23556601105C.JPEG",
    "cantidad_archivos": 1,
    "archivos_fuente": [
      "Pictures/Fototeca de Fotos.photoslibrary/resources/derivatives/6/67025093-46C8-4EE4-8451-44D8E2355660_1_105_c.jpeg"
    ],
    "ultima_modificacion": "2025-08-01 01:01:02.326243"
  },
  "693251369b2741b69930cfe2097658471105c.jpeg": {
    "app_sintetizada": "693251369B2741B69930CFE2097658471105C.JPEG",
    "cantidad_archivos": 1,
    "archivos_fuente": [
      "Pictures/Fototeca de Fotos.photoslibrary/resources/derivatives/6/69325136-9B27-41B6-9930-CFE209765847_1_105_c.jpeg"
    ],
    "ultima_modificacion": "2025-08-01 01:01:02.326504"
  },
  "6b9402e0da3746bcad7fdcd6851578ea1105c.jpeg": {
    "app_sintetizada": "6B9402E0DA3746BCAD7FDCD6851578EA1105C.JPEG",
    "cantidad_archivos": 1,
    "archivos_fuente": [
      "Pictures/Fototeca de Fotos.photoslibrary/resources/derivatives/6/6B9402E0-DA37-46BC-AD7F-DCD6851578EA_1_105_c.jpeg"
    ],
    "ultima_modificacion": "2025-08-01 01:01:02.326733"
  },
  "67b0c05360b4429e9c3b4381e63717eb1105c.jpeg": {
    "app_sintetizada": "67B0C05360B4429E9C3B4381E63717EB1105C.JPEG",
    "cantidad_archivos": 1,
    "archivos_fuente": [
      "Pictures/Fototeca de Fotos.photoslibrary/resources/derivatives/6/67B0C053-60B4-429E-9C3B-4381E63717EB_1_105_c.jpeg"
    ],
    "ultima_modificacion": "2025-08-01 01:01:02.327037"
  },
  "690693d106a24bad9a82675a4c1987251105c.jpeg": {
    "app_sintetizada": "690693D106A24BAD9A82675A4C1987251105C.JPEG",
    "cantidad_archivos": 1,
    "archivos_fuente": [
      "Pictures/Fototeca de Fotos.photoslibrary/resources/derivatives/6/690693D1-06A2-4BAD-9A82-675A4C198725_1_105_c.jpeg"
    ],
    "ultima_modificacion": "2025-08-01 01:01:02.327253"
  },
  "68137c4bd8894fce84f3723f18f5ff3b.thm": {
    "app_sintetizada": "68137C4BD8894FCE84F3723F18F5FF3B.THM",
    "cantidad_archivos": 1,
    "archivos_fuente": [
      "Pictures/Fototeca de Fotos.photoslibrary/resources/derivatives/6/68137C4B-D889-4FCE-84F3-723F18F5FF3B.THM"
    ],
    "ultima_modificacion": "2025-08-01 01:01:02.327452"
  },
  "686d5535ba464d169811071050c86e771105c.jpeg": {
    "app_sintetizada": "686D5535BA464D169811071050C86E771105C.JPEG",
    "cantidad_archivos": 1,
    "archivos_fuente": [
      "Pictures/Fototeca de Fotos.photoslibrary/resources/derivatives/6/686D5535-BA46-4D16-9811-071050C86E77_1_105_c.jpeg"
    ],
    "ultima_modificacion": "2025-08-01 01:01:02.327631"
  },
  "6db06a0e0772488d8e5ae2a0aef7fb30.thm": {
    "app_sintetizada": "6DB06A0E0772488D8E5AE2A0AEF7FB30.THM",
    "cantidad_archivos": 1,
    "archivos_fuente": [
      "Pictures/Fototeca de Fotos.photoslibrary/resources/derivatives/6/6DB06A0E-0772-488D-8E5A-E2A0AEF7FB30.THM"
    ],
    "ultima_modificacion": "2025-08-01 01:01:02.327841"
  },
  "667d3d3aa27d41c8816da3b23d04919a1105c.jpeg": {
    "app_sintetizada": "667D3D3AA27D41C8816DA3B23D04919A1105C.JPEG",
    "cantidad_archivos": 1,
    "archivos_fuente": [
      "Pictures/Fototeca de Fotos.photoslibrary/resources/derivatives/6/667D3D3A-A27D-41C8-816D-A3B23D04919A_1_105_c.jpeg"
    ],
    "ultima_modificacion": "2025-08-01 01:01:02.328012"
  },
  "696490c2ef8f4264b778c03b5b128ac01105c.jpeg": {
    "app_sintetizada": "696490C2EF8F4264B778C03B5B128AC01105C.JPEG",
    "cantidad_archivos": 1,
    "archivos_fuente": [
      "Pictures/Fototeca de Fotos.photoslibrary/resources/derivatives/6/696490C2-EF8F-4264-B778-C03B5B128AC0_1_105_c.jpeg"
    ],
    "ultima_modificacion": "2025-08-01 01:01:02.328180"
  },
  "652d5137d58f472f8f82d099d1499b3d1105c.jpeg": {
    "app_sintetizada": "652D5137D58F472F8F82D099D1499B3D1105C.JPEG",
    "cantidad_archivos": 1,
    "archivos_fuente": [
      "Pictures/Fototeca de Fotos.photoslibrary/resources/derivatives/6/652D5137-D58F-472F-8F82-D099D1499B3D_1_105_c.jpeg"
    ],
    "ultima_modificacion": "2025-08-01 01:01:02.328349"
  },
  "665587a16e4a4121847de1db6f9d77bc1105c.jpeg": {
    "app_sintetizada": "665587A16E4A4121847DE1DB6F9D77BC1105C.JPEG",
    "cantidad_archivos": 1,
    "archivos_fuente": [
      "Pictures/Fototeca de Fotos.photoslibrary/resources/derivatives/6/665587A1-6E4A-4121-847D-E1DB6F9D77BC_1_105_c.jpeg"
    ],
    "ultima_modificacion": "2025-08-01 01:01:02.328516"
  },
  "6b4120db270f416994acfa2f51eace1a1105c.jpeg": {
    "app_sintetizada": "6B4120DB270F416994ACFA2F51EACE1A1105C.JPEG",
    "cantidad_archivos": 1,
    "archivos_fuente": [
      "Pictures/Fototeca de Fotos.photoslibrary/resources/derivatives/6/6B4120DB-270F-4169-94AC-FA2F51EACE1A_1_105_c.jpeg"
    ],
    "ultima_modificacion": "2025-08-01 01:01:02.328689"
  },
  "671a8e3b38a94d669b9191e0165f8f371105c.jpeg": {
    "app_sintetizada": "671A8E3B38A94D669B9191E0165F8F371105C.JPEG",
    "cantidad_archivos": 1,
    "archivos_fuente": [
      "Pictures/Fototeca de Fotos.photoslibrary/resources/derivatives/6/671A8E3B-38A9-4D66-9B91-91E0165F8F37_1_105_c.jpeg"
    ],
    "ultima_modificacion": "2025-08-01 01:01:02.328874"
  },
  "637202394b574ccfb25fef2beda728e31105c.jpeg": {
    "app_sintetizada": "637202394B574CCFB25FEF2BEDA728E31105C.JPEG",
    "cantidad_archivos": 1,
    "archivos_fuente": [
      "Pictures/Fototeca de Fotos.photoslibrary/resources/derivatives/6/63720239-4B57-4CCF-B25F-EF2BEDA728E3_1_105_c.jpeg"
    ],
    "ultima_modificacion": "2025-08-01 01:01:02.329154"
  },
  "62bac702b57344e6bcaeb9a94a8c91d21105c.jpeg": {
    "app_sintetizada": "62BAC702B57344E6BCAEB9A94A8C91D21105C.JPEG",
    "cantidad_archivos": 1,
    "archivos_fuente": [
      "Pictures/Fototeca de Fotos.photoslibrary/resources/derivatives/6/62BAC702-B573-44E6-BCAE-B9A94A8C91D2_1_105_c.jpeg"
    ],
    "ultima_modificacion": "2025-08-01 01:01:02.329400"
  },
  "656615ad1dd54126b2cffdf9858317291102o.jpeg": {
    "app_sintetizada": "656615AD1DD54126B2CFFDF9858317291102O.JPEG",
    "cantidad_archivos": 1,
    "archivos_fuente": [
      "Pictures/Fototeca de Fotos.photoslibrary/resources/derivatives/6/656615AD-1DD5-4126-B2CF-FDF985831729_1_102_o.jpeg"
    ],
    "ultima_modificacion": "2025-08-01 01:01:02.329622"
  },
  "6d38ea21db594caa889f9350f35799c51105c.jpeg": {
    "app_sintetizada": "6D38EA21DB594CAA889F9350F35799C51105C.JPEG",
    "cantidad_archivos": 1,
    "archivos_fuente": [
      "Pictures/Fototeca de Fotos.photoslibrary/resources/derivatives/6/6D38EA21-DB59-4CAA-889F-9350F35799C5_1_105_c.jpeg"
    ],
    "ultima_modificacion": "2025-08-01 01:01:02.329832"
  },
  "69e1c25ab5af493ca2f0addb73a6436c1105c.jpeg": {
    "app_sintetizada": "69E1C25AB5AF493CA2F0ADDB73A6436C1105C.JPEG",
    "cantidad_archivos": 1,
    "archivos_fuente": [
      "Pictures/Fototeca de Fotos.photoslibrary/resources/derivatives/6/69E1C25A-B5AF-493C-A2F0-ADDB73A6436C_1_105_c.jpeg"
    ],
    "ultima_modificacion": "2025-08-01 01:01:02.330092"
  },
  "6217f2b3529e46e0abf2c9ce9d81d7cf1105c.jpeg": {
    "app_sintetizada": "6217F2B3529E46E0ABF2C9CE9D81D7CF1105C.JPEG",
    "cantidad_archivos": 1,
    "archivos_fuente": [
      "Pictures/Fototeca de Fotos.photoslibrary/resources/derivatives/6/6217F2B3-529E-46E0-ABF2-C9CE9D81D7CF_1_105_c.jpeg"
    ],
    "ultima_modificacion": "2025-08-01 01:01:02.330393"
  },
  "6a00bf8f27a34e7e89784b5f5b0778921105c.jpeg": {
    "app_sintetizada": "6A00BF8F27A34E7E89784B5F5B0778921105C.JPEG",
    "cantidad_archivos": 1,
    "archivos_fuente": [
      "Pictures/Fototeca de Fotos.photoslibrary/resources/derivatives/6/6A00BF8F-27A3-4E7E-8978-4B5F5B077892_1_105_c.jpeg"
    ],
    "ultima_modificacion": "2025-08-01 01:01:02.330589"
  },
  "646d1a66807c42a0b95492a2b1124c6e1105c.jpeg": {
    "app_sintetizada": "646D1A66807C42A0B95492A2B1124C6E1105C.JPEG",
    "cantidad_archivos": 1,
    "archivos_fuente": [
      "Pictures/Fototeca de Fotos.photoslibrary/resources/derivatives/6/646D1A66-807C-42A0-B954-92A2B1124C6E_1_105_c.jpeg"
    ],
    "ultima_modificacion": "2025-08-01 01:01:02.330783"
  },
  "628e48d5b60c47ad82cebe1d1bed2d871105c.jpeg": {
    "app_sintetizada": "628E48D5B60C47AD82CEBE1D1BED2D871105C.JPEG",
    "cantidad_archivos": 1,
    "archivos_fuente": [
      "Pictures/Fototeca de Fotos.photoslibrary/resources/derivatives/6/628E48D5-B60C-47AD-82CE-BE1D1BED2D87_1_105_c.jpeg"
    ],
    "ultima_modificacion": "2025-08-01 01:01:02.331005"
  },
  "664d0a7a7d704a24a59ba6208a75d7c61105c.jpeg": {
    "app_sintetizada": "664D0A7A7D704A24A59BA6208A75D7C61105C.JPEG",
    "cantidad_archivos": 1,
    "archivos_fuente": [
      "Pictures/Fototeca de Fotos.photoslibrary/resources/derivatives/6/664D0A7A-7D70-4A24-A59B-A6208A75D7C6_1_105_c.jpeg"
    ],
    "ultima_modificacion": "2025-08-01 01:01:02.331187"
  },
  "68f52d92a09c4e47b5dc4162047c1250.thm": {
    "app_sintetizada": "68F52D92A09C4E47B5DC4162047C1250.THM",
    "cantidad_archivos": 1,
    "archivos_fuente": [
      "Pictures/Fototeca de Fotos.photoslibrary/resources/derivatives/6/68F52D92-A09C-4E47-B5DC-4162047C1250.THM"
    ],
    "ultima_modificacion": "2025-08-01 01:01:02.331364"
  },
  "60e7663b27c541239e43c580861640d81105c.jpeg": {
    "app_sintetizada": "60E7663B27C541239E43C580861640D81105C.JPEG",
    "cantidad_archivos": 1,
    "archivos_fuente": [
      "Pictures/Fototeca de Fotos.photoslibrary/resources/derivatives/6/60E7663B-27C5-4123-9E43-C580861640D8_1_105_c.jpeg"
    ],
    "ultima_modificacion": "2025-08-01 01:01:02.331539"
  },
  "6dc563df17ba4bc4a9e9932c297cef861105c.jpeg": {
    "app_sintetizada": "6DC563DF17BA4BC4A9E9932C297CEF861105C.JPEG",
    "cantidad_archivos": 1,
    "archivos_fuente": [
      "Pictures/Fototeca de Fotos.photoslibrary/resources/derivatives/6/6DC563DF-17BA-4BC4-A9E9-932C297CEF86_1_105_c.jpeg"
    ],
    "ultima_modificacion": "2025-08-01 01:01:02.331711"
  },
  "6d62c59efe4e46288cbb90f798bc6c8f.thm": {
    "app_sintetizada": "6D62C59EFE4E46288CBB90F798BC6C8F.THM",
    "cantidad_archivos": 1,
    "archivos_fuente": [
      "Pictures/Fototeca de Fotos.photoslibrary/resources/derivatives/6/6D62C59E-FE4E-4628-8CBB-90F798BC6C8F.THM"
    ],
    "ultima_modificacion": "2025-08-01 01:01:02.331883"
  },
  "6ad5c946c9854801ba05a13964a5d60f1105c.jpeg": {
    "app_sintetizada": "6AD5C946C9854801BA05A13964A5D60F1105C.JPEG",
    "cantidad_archivos": 1,
    "archivos_fuente": [
      "Pictures/Fototeca de Fotos.photoslibrary/resources/derivatives/6/6AD5C946-C985-4801-BA05-A13964A5D60F_1_105_c.jpeg"
    ],
    "ultima_modificacion": "2025-08-01 01:01:02.332056"
  },
  "600756b0f2ad427aa75e43fe19920a3b1105c.jpeg": {
    "app_sintetizada": "600756B0F2AD427AA75E43FE19920A3B1105C.JPEG",
    "cantidad_archivos": 1,
    "archivos_fuente": [
      "Pictures/Fototeca de Fotos.photoslibrary/resources/derivatives/6/600756B0-F2AD-427A-A75E-43FE19920A3B_1_105_c.jpeg"
    ],
    "ultima_modificacion": "2025-08-01 01:01:02.332233"
  },
  "6c1b771b80ec47789d965699e9f898541105c.jpeg": {
    "app_sintetizada": "6C1B771B80EC47789D965699E9F898541105C.JPEG",
    "cantidad_archivos": 1,
    "archivos_fuente": [
      "Pictures/Fototeca de Fotos.photoslibrary/resources/derivatives/6/6C1B771B-80EC-4778-9D96-5699E9F89854_1_105_c.jpeg"
    ],
    "ultima_modificacion": "2025-08-01 01:01:02.332455"
  },
  "605cc4dae8af4920a981381ccadad282.thm": {
    "app_sintetizada": "605CC4DAE8AF4920A981381CCADAD282.THM",
    "cantidad_archivos": 1,
    "archivos_fuente": [
      "Pictures/Fototeca de Fotos.photoslibrary/resources/derivatives/6/605CC4DA-E8AF-4920-A981-381CCADAD282.THM"
    ],
    "ultima_modificacion": "2025-08-01 01:01:02.332748"
  },
  "62058feea500452f872f466d614fb6921105c.jpeg": {
    "app_sintetizada": "62058FEEA500452F872F466D614FB6921105C.JPEG",
    "cantidad_archivos": 1,
    "archivos_fuente": [
      "Pictures/Fototeca de Fotos.photoslibrary/resources/derivatives/6/62058FEE-A500-452F-872F-466D614FB692_1_105_c.jpeg"
    ],
    "ultima_modificacion": "2025-08-01 01:01:02.332958"
  },
  "632da4872ede4d5388a49ea6ad1d67df1105c.jpeg": {
    "app_sintetizada": "632DA4872EDE4D5388A49EA6AD1D67DF1105C.JPEG",
    "cantidad_archivos": 1,
    "archivos_fuente": [
      "Pictures/Fototeca de Fotos.photoslibrary/resources/derivatives/6/632DA487-2EDE-4D53-88A4-9EA6AD1D67DF_1_105_c.jpeg"
    ],
    "ultima_modificacion": "2025-08-01 01:01:02.333160"
  },
  "63a14d7e6bc545be80c5f84263312ac01105c.jpeg": {
    "app_sintetizada": "63A14D7E6BC545BE80C5F84263312AC01105C.JPEG",
    "cantidad_archivos": 1,
    "archivos_fuente": [
      "Pictures/Fototeca de Fotos.photoslibrary/resources/derivatives/6/63A14D7E-6BC5-45BE-80C5-F84263312AC0_1_105_c.jpeg"
    ],
    "ultima_modificacion": "2025-08-01 01:01:02.333345"
  },
  "6fa5472758e04c3ca79f116f5ad76f241105c.jpeg": {
    "app_sintetizada": "6FA5472758E04C3CA79F116F5AD76F241105C.JPEG",
    "cantidad_archivos": 1,
    "archivos_fuente": [
      "Pictures/Fototeca de Fotos.photoslibrary/resources/derivatives/6/6FA54727-58E0-4C3C-A79F-116F5AD76F24_1_105_c.jpeg"
    ],
    "ultima_modificacion": "2025-08-01 01:01:02.333555"
  },
  "60899d3e7ca9467f8596cf65c4095eec.thm": {
    "app_sintetizada": "60899D3E7CA9467F8596CF65C4095EEC.THM",
    "cantidad_archivos": 1,
    "archivos_fuente": [
      "Pictures/Fototeca de Fotos.photoslibrary/resources/derivatives/6/60899D3E-7CA9-467F-8596-CF65C4095EEC.THM"
    ],
    "ultima_modificacion": "2025-08-01 01:01:02.333784"
  },
  "697c724f530849e481fb04cae99427881105c.jpeg": {
    "app_sintetizada": "697C724F530849E481FB04CAE99427881105C.JPEG",
    "cantidad_archivos": 1,
    "archivos_fuente": [
      "Pictures/Fototeca de Fotos.photoslibrary/resources/derivatives/6/697C724F-5308-49E4-81FB-04CAE9942788_1_105_c.jpeg"
    ],
    "ultima_modificacion": "2025-08-01 01:01:02.333984"
  },
  "62d403e4f9d042f192326077e60fd52f1105c.jpeg": {
    "app_sintetizada": "62D403E4F9D042F192326077E60FD52F1105C.JPEG",
    "cantidad_archivos": 1,
    "archivos_fuente": [
      "Pictures/Fototeca de Fotos.photoslibrary/resources/derivatives/6/62D403E4-F9D0-42F1-9232-6077E60FD52F_1_105_c.jpeg"
    ],
    "ultima_modificacion": "2025-08-01 01:01:02.334177"
  },
  "64436d3300fa4a9e90567444705ce9031105c.jpeg": {
    "app_sintetizada": "64436D3300FA4A9E90567444705CE9031105C.JPEG",
    "cantidad_archivos": 1,
    "archivos_fuente": [
      "Pictures/Fototeca de Fotos.photoslibrary/resources/derivatives/6/64436D33-00FA-4A9E-9056-7444705CE903_1_105_c.jpeg"
    ],
    "ultima_modificacion": "2025-08-01 01:01:02.334362"
  },
  "6e046674382143d4bad96e3b4b80ce481105c.jpeg": {
    "app_sintetizada": "6E046674382143D4BAD96E3B4B80CE481105C.JPEG",
    "cantidad_archivos": 1,
    "archivos_fuente": [
      "Pictures/Fototeca de Fotos.photoslibrary/resources/derivatives/6/6E046674-3821-43D4-BAD9-6E3B4B80CE48_1_105_c.jpeg"
    ],
    "ultima_modificacion": "2025-08-01 01:01:02.334550"
  },
  "6089d00822814c47a0108e11935782af1105c.jpeg": {
    "app_sintetizada": "6089D00822814C47A0108E11935782AF1105C.JPEG",
    "cantidad_archivos": 1,
    "archivos_fuente": [
      "Pictures/Fototeca de Fotos.photoslibrary/resources/derivatives/6/6089D008-2281-4C47-A010-8E11935782AF_1_105_c.jpeg"
    ],
    "ultima_modificacion": "2025-08-01 01:01:02.334746"
  },
  "6c11c786a21048b6bc5dd9da89802d2b1105c.jpeg": {
    "app_sintetizada": "6C11C786A21048B6BC5DD9DA89802D2B1105C.JPEG",
    "cantidad_archivos": 1,
    "archivos_fuente": [
      "Pictures/Fototeca de Fotos.photoslibrary/resources/derivatives/6/6C11C786-A210-48B6-BC5D-D9DA89802D2B_1_105_c.jpeg"
    ],
    "ultima_modificacion": "2025-08-01 01:01:02.335042"
  },
  "681d77fdccde4e4f9bb93ad5f5113c931105c.jpeg": {
    "app_sintetizada": "681D77FDCCDE4E4F9BB93AD5F5113C931105C.JPEG",
    "cantidad_archivos": 1,
    "archivos_fuente": [
      "Pictures/Fototeca de Fotos.photoslibrary/resources/derivatives/6/681D77FD-CCDE-4E4F-9BB9-3AD5F5113C93_1_105_c.jpeg"
    ],
    "ultima_modificacion": "2025-08-01 01:01:02.335245"
  },
  "6cb7856f968d402da62f7bab6fad29d91105c.jpeg": {
    "app_sintetizada": "6CB7856F968D402DA62F7BAB6FAD29D91105C.JPEG",
    "cantidad_archivos": 1,
    "archivos_fuente": [
      "Pictures/Fototeca de Fotos.photoslibrary/resources/derivatives/6/6CB7856F-968D-402D-A62F-7BAB6FAD29D9_1_105_c.jpeg"
    ],
    "ultima_modificacion": "2025-08-01 01:01:02.335452"
  },
  "6b0b8abec9d14ad7ac04de91e401543b1105c.jpeg": {
    "app_sintetizada": "6B0B8ABEC9D14AD7AC04DE91E401543B1105C.JPEG",
    "cantidad_archivos": 1,
    "archivos_fuente": [
      "Pictures/Fototeca de Fotos.photoslibrary/resources/derivatives/6/6B0B8ABE-C9D1-4AD7-AC04-DE91E401543B_1_105_c.jpeg"
    ],
    "ultima_modificacion": "2025-08-01 01:01:02.335736"
  },
  "6654c657ca784c00b3431c3d353577731105c.jpeg": {
    "app_sintetizada": "6654C657CA784C00B3431C3D353577731105C.JPEG",
    "cantidad_archivos": 1,
    "archivos_fuente": [
      "Pictures/Fototeca de Fotos.photoslibrary/resources/derivatives/6/6654C657-CA78-4C00-B343-1C3D35357773_1_105_c.jpeg"
    ],
    "ultima_modificacion": "2025-08-01 01:01:02.336013"
  },
  "67c785409d754041838fb3d910ab446f1105c.jpeg": {
    "app_sintetizada": "67C785409D754041838FB3D910AB446F1105C.JPEG",
    "cantidad_archivos": 1,
    "archivos_fuente": [
      "Pictures/Fototeca de Fotos.photoslibrary/resources/derivatives/6/67C78540-9D75-4041-838F-B3D910AB446F_1_105_c.jpeg"
    ],
    "ultima_modificacion": "2025-08-01 01:01:02.336298"
  },
  "6f29cbce95a44764a02a4c60020fa28b1105c.jpeg": {
    "app_sintetizada": "6F29CBCE95A44764A02A4C60020FA28B1105C.JPEG",
    "cantidad_archivos": 1,
    "archivos_fuente": [
      "Pictures/Fototeca de Fotos.photoslibrary/resources/derivatives/6/6F29CBCE-95A4-4764-A02A-4C60020FA28B_1_105_c.jpeg"
    ],
    "ultima_modificacion": "2025-08-01 01:01:02.337092"
  },
  "6b38eaedfa7446e3872c14c847b7b5ac1105c.jpeg": {
    "app_sintetizada": "6B38EAEDFA7446E3872C14C847B7B5AC1105C.JPEG",
    "cantidad_archivos": 1,
    "archivos_fuente": [
      "Pictures/Fototeca de Fotos.photoslibrary/resources/derivatives/6/6B38EAED-FA74-46E3-872C-14C847B7B5AC_1_105_c.jpeg"
    ],
    "ultima_modificacion": "2025-08-01 01:01:02.337364"
  },
  "611fa5bc9f8c4e1899edd1bb54bbb6b81105c.jpeg": {
    "app_sintetizada": "611FA5BC9F8C4E1899EDD1BB54BBB6B81105C.JPEG",
    "cantidad_archivos": 1,
    "archivos_fuente": [
      "Pictures/Fototeca de Fotos.photoslibrary/resources/derivatives/6/611FA5BC-9F8C-4E18-99ED-D1BB54BBB6B8_1_105_c.jpeg"
    ],
    "ultima_modificacion": "2025-08-01 01:01:02.337647"
  },
  "6cc3a3cf33c44405bf5f8f081ed026f51105c.jpeg": {
    "app_sintetizada": "6CC3A3CF33C44405BF5F8F081ED026F51105C.JPEG",
    "cantidad_archivos": 1,
    "archivos_fuente": [
      "Pictures/Fototeca de Fotos.photoslibrary/resources/derivatives/6/6CC3A3CF-33C4-4405-BF5F-8F081ED026F5_1_105_c.jpeg"
    ],
    "ultima_modificacion": "2025-08-01 01:01:02.337915"
  },
  "6ea0f2b3b2a5485892ade39b515367121105c.jpeg": {
    "app_sintetizada": "6EA0F2B3B2A5485892ADE39B515367121105C.JPEG",
    "cantidad_archivos": 1,
    "archivos_fuente": [
      "Pictures/Fototeca de Fotos.photoslibrary/resources/derivatives/6/6EA0F2B3-B2A5-4858-92AD-E39B51536712_1_105_c.jpeg"
    ],
    "ultima_modificacion": "2025-08-01 01:01:02.338191"
  },
  "6ed29e5f1c874d02980bd37c2278f81c1105c.jpeg": {
    "app_sintetizada": "6ED29E5F1C874D02980BD37C2278F81C1105C.JPEG",
    "cantidad_archivos": 1,
    "archivos_fuente": [
      "Pictures/Fototeca de Fotos.photoslibrary/resources/derivatives/6/6ED29E5F-1C87-4D02-980B-D37C2278F81C_1_105_c.jpeg"
    ],
    "ultima_modificacion": "2025-08-01 01:01:02.338470"
  },
  "67dc7031ab47449ba3a013795ac9f4a61105c.jpeg": {
    "app_sintetizada": "67DC7031AB47449BA3A013795AC9F4A61105C.JPEG",
    "cantidad_archivos": 1,
    "archivos_fuente": [
      "Pictures/Fototeca de Fotos.photoslibrary/resources/derivatives/6/67DC7031-AB47-449B-A3A0-13795AC9F4A6_1_105_c.jpeg"
    ],
    "ultima_modificacion": "2025-08-01 01:01:02.338742"
  },
  "6c669b130a29407f8973b680526678801105c.jpeg": {
    "app_sintetizada": "6C669B130A29407F8973B680526678801105C.JPEG",
    "cantidad_archivos": 1,
    "archivos_fuente": [
      "Pictures/Fototeca de Fotos.photoslibrary/resources/derivatives/6/6C669B13-0A29-407F-8973-B68052667880_1_105_c.jpeg"
    ],
    "ultima_modificacion": "2025-08-01 01:01:02.339121"
  },
  "67fd74bce1f0423cae2ea23a370a9ca61105c.jpeg": {
    "app_sintetizada": "67FD74BCE1F0423CAE2EA23A370A9CA61105C.JPEG",
    "cantidad_archivos": 1,
    "archivos_fuente": [
      "Pictures/Fototeca de Fotos.photoslibrary/resources/derivatives/6/67FD74BC-E1F0-423C-AE2E-A23A370A9CA6_1_105_c.jpeg"
    ],
    "ultima_modificacion": "2025-08-01 01:01:02.339399"
  },
  "697edbef42014a24a7a6d289132e020b1105c.jpeg": {
    "app_sintetizada": "697EDBEF42014A24A7A6D289132E020B1105C.JPEG",
    "cantidad_archivos": 1,
    "archivos_fuente": [
      "Pictures/Fototeca de Fotos.photoslibrary/resources/derivatives/6/697EDBEF-4201-4A24-A7A6-D289132E020B_1_105_c.jpeg"
    ],
    "ultima_modificacion": "2025-08-01 01:01:02.339728"
  },
  "6491c047cf86411ba62be4149496b79b1105c.jpeg": {
    "app_sintetizada": "6491C047CF86411BA62BE4149496B79B1105C.JPEG",
    "cantidad_archivos": 1,
    "archivos_fuente": [
      "Pictures/Fototeca de Fotos.photoslibrary/resources/derivatives/6/6491C047-CF86-411B-A62B-E4149496B79B_1_105_c.jpeg"
    ],
    "ultima_modificacion": "2025-08-01 01:01:02.340029"
  },
  "619d9c69750d41c49719cacb4fc52c781105c.jpeg": {
    "app_sintetizada": "619D9C69750D41C49719CACB4FC52C781105C.JPEG",
    "cantidad_archivos": 1,
    "archivos_fuente": [
      "Pictures/Fototeca de Fotos.photoslibrary/resources/derivatives/6/619D9C69-750D-41C4-9719-CACB4FC52C78_1_105_c.jpeg"
    ],
    "ultima_modificacion": "2025-08-01 01:01:02.340360"
  },
  "6bb580c350634455ac752670207f3af11105c.jpeg": {
    "app_sintetizada": "6BB580C350634455AC752670207F3AF11105C.JPEG",
    "cantidad_archivos": 1,
    "archivos_fuente": [
      "Pictures/Fototeca de Fotos.photoslibrary/resources/derivatives/6/6BB580C3-5063-4455-AC75-2670207F3AF1_1_105_c.jpeg"
    ],
    "ultima_modificacion": "2025-08-01 01:01:02.340647"
  },
  "6797f1018eb941d7b86bf5f476322e011105c.jpeg": {
    "app_sintetizada": "6797F1018EB941D7B86BF5F476322E011105C.JPEG",
    "cantidad_archivos": 1,
    "archivos_fuente": [
      "Pictures/Fototeca de Fotos.photoslibrary/resources/derivatives/6/6797F101-8EB9-41D7-B86B-F5F476322E01_1_105_c.jpeg"
    ],
    "ultima_modificacion": "2025-08-01 01:01:02.340927"
  },
  "6f0b9107c66641f7ae4b578ad3e154f61102o.jpeg": {
    "app_sintetizada": "6F0B9107C66641F7AE4B578AD3E154F61102O.JPEG",
    "cantidad_archivos": 1,
    "archivos_fuente": [
      "Pictures/Fototeca de Fotos.photoslibrary/resources/derivatives/6/6F0B9107-C666-41F7-AE4B-578AD3E154F6_1_102_o.jpeg"
    ],
    "ultima_modificacion": "2025-08-01 01:01:02.341234"
  }
}