{
  "627d2655c2584e10a2d99f4dd2e0ab911105c.jpeg": {
    "app_sintetizada": "627D2655C2584E10A2D99F4DD2E0AB911105C.JPEG",
    "cantidad_archivos": 1,
    "archivos_fuente": [
      "Pictures/Fototeca de Fotos.photoslibrary/resources/derivatives/6/627D2655-C258-4E10-A2D9-9F4DD2E0AB91_1_105_c.jpeg"
    ],
    "ultima_modificacion": "2025-08-01 01:01:02.286196"
  },
  "62ed69ed74ea40e2980ac562f6425c1f1105c.jpeg": {
    "app_sintetizada": "62ED69ED74EA40E2980AC562F6425C1F1105C.JPEG",
    "cantidad_archivos": 1,
    "archivos_fuente": [
      "Pictures/Fototeca de Fotos.photoslibrary/resources/derivatives/6/62ED69ED-74EA-40E2-980A-C562F6425C1F_1_105_c.jpeg"
    ],
    "ultima_modificacion": "2025-08-01 01:01:02.286517"
  },
  "65d63e5f602a496a9960f12b7b9e3e221105c.jpeg": {
    "app_sintetizada": "65D63E5F602A496A9960F12B7B9E3E221105C.JPEG",
    "cantidad_archivos": 1,
    "archivos_fuente": [
      "Pictures/Fototeca de Fotos.photoslibrary/resources/derivatives/6/65D63E5F-602A-496A-9960-F12B7B9E3E22_1_105_c.jpeg"
    ],
    "ultima_modificacion": "2025-08-01 01:01:02.286814"
  },
  "647aa40c520a4268b8bc2df1213cfa911105c.jpeg": {
    "app_sintetizada": "647AA40C520A4268B8BC2DF1213CFA911105C.JPEG",
    "cantidad_archivos": 1,
    "archivos_fuente": [
      "Pictures/Fototeca de Fotos.photoslibrary/resources/derivatives/6/647AA40C-520A-4268-B8BC-2DF1213CFA91_1_105_c.jpeg"
    ],
    "ultima_modificacion": "2025-08-01 01:01:02.287092"
  },
  "6483d728e31c4ddc8b23773a334373fb1105c.jpeg": {
    "app_sintetizada": "6483D728E31C4DDC8B23773A334373FB1105C.JPEG",
    "cantidad_archivos": 1,
    "archivos_fuente": [
      "Pictures/Fototeca de Fotos.photoslibrary/resources/derivatives/6/6483D728-E31C-4DDC-8B23-773A334373FB_1_105_c.jpeg"
    ],
    "ultima_modificacion": "2025-08-01 01:01:02.287642"
  },
  "6b33fb1aa0764e2e8643df01baba98061105c.jpeg": {
    "app_sintetizada": "6B33FB1AA0764E2E8643DF01BABA98061105C.JPEG",
    "cantidad_archivos": 1,
    "archivos_fuente": [
      "Pictures/Fototeca de Fotos.photoslibrary/resources/derivatives/6/6B33FB1A-A076-4E2E-8643-DF01BABA9806_1_105_c.jpeg"
    ],
    "ultima_modificacion": "2025-08-01 01:01:02.287969"
  },
  "664656bd1bf14976abbe013249eb5f611105c.jpeg": {
    "app_sintetizada": "664656BD1BF14976ABBE013249EB5F611105C.JPEG",
    "cantidad_archivos": 1,
    "archivos_fuente": [
      "Pictures/Fototeca de Fotos.photoslibrary/resources/derivatives/6/664656BD-1BF1-4976-ABBE-013249EB5F61_1_105_c.jpeg"
    ],
    "ultima_modificacion": "2025-08-01 01:01:02.288303"
  },
  "6a4e42938cf347f49ddb56d0a28532651105c.jpeg": {
    "app_sintetizada": "6A4E42938CF347F49DDB56D0A28532651105C.JPEG",
    "cantidad_archivos": 1,
    "archivos_fuente": [
      "Pictures/Fototeca de Fotos.photoslibrary/resources/derivatives/6/6A4E4293-8CF3-47F4-9DDB-56D0A2853265_1_105_c.jpeg"
    ],
    "ultima_modificacion": "2025-08-01 01:01:02.288598"
  },
  "612dd21cdd364f9e8a44a2e46f8195ea1105c.jpeg": {
    "app_sintetizada": "612DD21CDD364F9E8A44A2E46F8195EA1105C.JPEG",
    "cantidad_archivos": 1,
    "archivos_fuente": [
      "Pictures/Fototeca de Fotos.photoslibrary/resources/derivatives/6/612DD21C-DD36-4F9E-8A44-A2E46F8195EA_1_105_c.jpeg"
    ],
    "ultima_modificacion": "2025-08-01 01:01:02.288878"
  },
  "642f535afeaf4e25b274156d05cee57d1102o.jpeg": {
    "app_sintetizada": "642F535AFEAF4E25B274156D05CEE57D1102O.JPEG",
    "cantidad_archivos": 1,
    "archivos_fuente": [
      "Pictures/Fototeca de Fotos.photoslibrary/resources/derivatives/6/642F535A-FEAF-4E25-B274-156D05CEE57D_1_102_o.jpeg"
    ],
    "ultima_modificacion": "2025-08-01 01:01:02.289158"
  },
  "61a0a59447d54c8e8a94dee79201d2f71105c.jpeg": {
    "app_sintetizada": "61A0A59447D54C8E8A94DEE79201D2F71105C.JPEG",
    "cantidad_archivos": 1,
    "archivos_fuente": [
      "Pictures/Fototeca de Fotos.photoslibrary/resources/derivatives/6/61A0A594-47D5-4C8E-8A94-DEE79201D2F7_1_105_c.jpeg"
    ],
    "ultima_modificacion": "2025-08-01 01:01:02.289481"
  },
  "64e707268c3a495ab5293b60e5f91c861105c.jpeg": {
    "app_sintetizada": "64E707268C3A495AB5293B60E5F91C861105C.JPEG",
    "cantidad_archivos": 1,
    "archivos_fuente": [
      "Pictures/Fototeca de Fotos.photoslibrary/resources/derivatives/6/64E70726-8C3A-495A-B529-3B60E5F91C86_1_105_c.jpeg"
    ],
    "ultima_modificacion": "2025-08-01 01:01:02.289801"
  },
  "61894e2eb6484fc586174beb0f576dc31105c.jpeg": {
    "app_sintetizada": "61894E2EB6484FC586174BEB0F576DC31105C.JPEG",
    "cantidad_archivos": 1,
    "archivos_fuente": [
      "Pictures/Fototeca de Fotos.photoslibrary/resources/derivatives/6/61894E2E-B648-4FC5-8617-4BEB0F576DC3_1_105_c.jpeg"
    ],
    "ultima_modificacion": "2025-08-01 01:01:02.290113"
  },
  "6cf422f6bd8c483589ebe54f5d0bda3b1105c.jpeg": {
    "app_sintetizada": "6CF422F6BD8C483589EBE54F5D0BDA3B1105C.JPEG",
    "cantidad_archivos": 1,
    "archivos_fuente": [
      "Pictures/Fototeca de Fotos.photoslibrary/resources/derivatives/6/6CF422F6-BD8C-4835-89EB-E54F5D0BDA3B_1_105_c.jpeg"
    ],
    "ultima_modificacion": "2025-08-01 01:01:02.290508"
  },
  "6ef621ca93664c378a83da3e325ee4721105c.jpeg": {
    "app_sintetizada": "6EF621CA93664C378A83DA3E325EE4721105C.JPEG",
    "cantidad_archivos": 1,
    "archivos_fuente": [
      "Pictures/Fototeca de Fotos.photoslibrary/resources/derivatives/6/6EF621CA-9366-4C37-8A83-DA3E325EE472_1_105_c.jpeg"
    ],
    "ultima_modificacion": "2025-08-01 01:01:02.290827"
  },
  "60050398dbbc4340a6c872cb7a4119e51105c.jpeg": {
    "app_sintetizada": "60050398DBBC4340A6C872CB7A4119E51105C.JPEG",
    "cantidad_archivos": 1,
    "archivos_fuente": [
      "Pictures/Fototeca de Fotos.photoslibrary/resources/derivatives/6/60050398-DBBC-4340-A6C8-72CB7A4119E5_1_105_c.jpeg"
    ],
    "ultima_modificacion": "2025-08-01 01:01:02.291138"
  },
  "68ed88ff8c574de1a0bdb3ec95f411541105c.jpeg": {
    "app_sintetizada": "68ED88FF8C574DE1A0BDB3EC95F411541105C.JPEG",
    "cantidad_archivos": 1,
    "archivos_fuente": [
      "Pictures/Fototeca de Fotos.photoslibrary/resources/derivatives/6/68ED88FF-8C57-4DE1-A0BD-B3EC95F41154_1_105_c.jpeg"
    ],
    "ultima_modificacion": "2025-08-01 01:01:02.291446"
  },
  "6636288c1c0f44039f3806fd6ce520ea1105c.jpeg": {
    "app_sintetizada": "6636288C1C0F44039F3806FD6CE520EA1105C.JPEG",
    "cantidad_archivos": 1,
    "archivos_fuente": [
      "Pictures/Fototeca de Fotos.photoslibrary/resources/derivatives/6/6636288C-1C0F-4403-9F38-06FD6CE520EA_1_105_c.jpeg"
    ],
    "ultima_modificacion": "2025-08-01 01:01:02.291778"
  },
  "6ed066810c4f48098c41dc46302b09ed1105c.jpeg": {
    "app_sintetizada": "6ED066810C4F48098C41DC46302B09ED1105C.JPEG",
    "cantidad_archivos": 1,
    "archivos_fuente": [
      "Pictures/Fototeca de Fotos.photoslibrary/resources/derivatives/6/6ED06681-0C4F-4809-8C41-DC46302B09ED_1_105_c.jpeg"
    ],
    "ultima_modificacion": "2025-08-01 01:01:02.292085"
  },
  "63441fe824834b17bbc6d4b9f650749e1105c.jpeg": {
    "app_sintetizada": "63441FE824834B17BBC6D4B9F650749E1105C.JPEG",
    "cantidad_archivos": 1,
    "archivos_fuente": [
      "Pictures/Fototeca de Fotos.photoslibrary/resources/derivatives/6/63441FE8-2483-4B17-BBC6-D4B9F650749E_1_105_c.jpeg"
    ],
    "ultima_modificacion": "2025-08-01 01:01:02.292396"
  },
  "6b38651546c5479f82b12d35bea2c3711105c.jpeg": {
    "app_sintetizada": "6B38651546C5479F82B12D35BEA2C3711105C.JPEG",
    "cantidad_archivos": 1,
    "archivos_fuente": [
      "Pictures/Fototeca de Fotos.photoslibrary/resources/derivatives/6/6B386515-46C5-479F-82B1-2D35BEA2C371_1_105_c.jpeg"
    ],
    "ultima_modificacion": "2025-08-01 01:01:02.292714"
  },
  "67d98eeee1c24408bfbbb3a97c8f3f781105c.jpeg": {
    "app_sintetizada": "67D98EEEE1C24408BFBBB3A97C8F3F781105C.JPEG",
    "cantidad_archivos": 1,
    "archivos_fuente": [
      "Pictures/Fototeca de Fotos.photoslibrary/resources/derivatives/6/67D98EEE-E1C2-4408-BFBB-B3A97C8F3F78_1_105_c.jpeg"
    ],
    "ultima_modificacion": "2025-08-01 01:01:02.293032"
  },
  "614c09e5c2054ed781890a32a62251251105c.jpeg": {
    "app_sintetizada": "614C09E5C2054ED781890A32A62251251105C.JPEG",
    "cantidad_archivos": 1,
    "archivos_fuente": [
      "Pictures/Fototeca de Fotos.photoslibrary/resources/derivatives/6/614C09E5-C205-4ED7-8189-0A32A6225125_1_105_c.jpeg"
    ],
    "ultima_modificacion": "2025-08-01 01:01:02.293347"
  },
  "6c5b18dae1a1446cb906f96f0650d8df1105c.jpeg": {
    "app_sintetizada": "6C5B18DAE1A1446CB906F96F0650D8DF1105C.JPEG",
    "cantidad_archivos": 1,
    "archivos_fuente": [
      "Pictures/Fototeca de Fotos.photoslibrary/resources/derivatives/6/6C5B18DA-E1A1-446C-B906-F96F0650D8DF_1_105_c.jpeg"
    ],
    "ultima_modificacion": "2025-08-01 01:01:02.293664"
  },
  "6c5eaaea170042aeb4192912ea6a85311102o.jpeg": {
    "app_sintetizada": "6C5EAAEA170042AEB4192912EA6A85311102O.JPEG",
    "cantidad_archivos": 1,
    "archivos_fuente": [
      "Pictures/Fototeca de Fotos.photoslibrary/resources/derivatives/6/6C5EAAEA-1700-42AE-B419-2912EA6A8531_1_102_o.jpeg"
    ],
    "ultima_modificacion": "2025-08-01 01:01:02.293974"
  },
  "642e8c24616e40bd9d3e6cb095cfd0701102o.jpeg": {
    "app_sintetizada": "642E8C24616E40BD9D3E6CB095CFD0701102O.JPEG",
    "cantidad_archivos": 1,
    "archivos_fuente": [
      "Pictures/Fototeca de Fotos.photoslibrary/resources/derivatives/6/642E8C24-616E-40BD-9D3E-6CB095CFD070_1_102_o.jpeg"
    ],
    "ultima_modificacion": "2025-08-01 01:01:02.294300"
  },
  "6368449c84b440d29538888e77a9643c1105c.jpeg": {
    "app_sintetizada": "6368449C84B440D29538888E77A9643C1105C.JPEG",
    "cantidad_archivos": 1,
    "archivos_fuente": [
      "Pictures/Fototeca de Fotos.photoslibrary/resources/derivatives/6/6368449C-84B4-40D2-9538-888E77A9643C_1_105_c.jpeg"
    ],
    "ultima_modificacion": "2025-08-01 01:01:02.294631"
  },
  "6325615c028c4a6f9baba0bdbe995a3e1105c.jpeg": {
    "app_sintetizada": "6325615C028C4A6F9BABA0BDBE995A3E1105C.JPEG",
    "cantidad_archivos": 1,
    "archivos_fuente": [
      "Pictures/Fototeca de Fotos.photoslibrary/resources/derivatives/6/6325615C-028C-4A6F-9BAB-A0BDBE995A3E_1_105_c.jpeg"
    ],
    "ultima_modificacion": "2025-08-01 01:01:02.294949"
  },
  "6bc82bd7de0348ee9b716bc9354822f01105c.jpeg": {
    "app_sintetizada": "6BC82BD7DE0348EE9B716BC9354822F01105C.JPEG",
    "cantidad_archivos": 1,
    "archivos_fuente": [
      "Pictures/Fototeca de Fotos.photoslibrary/resources/derivatives/6/6BC82BD7-DE03-48EE-9B71-6BC9354822F0_1_105_c.jpeg"
    ],
    "ultima_modificacion": "2025-08-01 01:01:02.295266"
  },
  "68c5cf64ec564e139b47381d7157effd1105c.jpeg": {
    "app_sintetizada": "68C5CF64EC564E139B47381D7157EFFD1105C.JPEG",
    "cantidad_archivos": 1,
    "archivos_fuente": [
      "Pictures/Fototeca de Fotos.photoslibrary/resources/derivatives/6/68C5CF64-EC56-4E13-9B47-381D7157EFFD_1_105_c.jpeg"
    ],
    "ultima_modificacion": "2025-08-01 01:01:02.295568"
  },
  "6795d27ab31c4a0f8dbd1a3e057ae2a01105c.jpeg": {
    "app_sintetizada": "6795D27AB31C4A0F8DBD1A3E057AE2A01105C.JPEG",
    "cantidad_archivos": 1,
    "archivos_fuente": [
      "Pictures/Fototeca de Fotos.photoslibrary/resources/derivatives/6/6795D27A-B31C-4A0F-8DBD-1A3E057AE2A0_1_105_c.jpeg"
    ],
    "ultima_modificacion": "2025-08-01 01:01:02.295868"
  },
  "67a88aee7ed6451d95cefc90e564dd3d1105c.jpeg": {
    "app_sintetizada": "67A88AEE7ED6451D95CEFC90E564DD3D1105C.JPEG",
    "cantidad_archivos": 1,
    "archivos_fuente": [
      "Pictures/Fototeca de Fotos.photoslibrary/resources/derivatives/6/67A88AEE-7ED6-451D-95CE-FC90E564DD3D_1_105_c.jpeg"
    ],
    "ultima_modificacion": "2025-08-01 01:01:02.296166"
  },
  "69e1f0a14d9b4dc1acf1b3e9eff40cbb1105c.jpeg": {
    "app_sintetizada": "69E1F0A14D9B4DC1ACF1B3E9EFF40CBB1105C.JPEG",
    "cantidad_archivos": 1,
    "archivos_fuente": [
      "Pictures/Fototeca de Fotos.photoslibrary/resources/derivatives/6/69E1F0A1-4D9B-4DC1-ACF1-B3E9EFF40CBB_1_105_c.jpeg"
    ],
    "ultima_modificacion": "2025-08-01 01:01:02.296457"
  },
  "6a714c5571b34b5b9c55225d689b66661105c.jpeg": {
    "app_sintetizada": "6A714C5571B34B5B9C55225D689B66661105C.JPEG",
    "cantidad_archivos": 1,
    "archivos_fuente": [
      "Pictures/Fototeca de Fotos.photoslibrary/resources/derivatives/6/6A714C55-71B3-4B5B-9C55-225D689B6666_1_105_c.jpeg"
    ],
    "ultima_modificacion": "2025-08-01 01:01:02.296770"
  },
  "6a642c38537545a2a8e0e0ce3c113bb01105c.jpeg": {
    "app_sintetizada": "6A642C38537545A2A8E0E0CE3C113BB01105C.JPEG",
    "cantidad_archivos": 1,
    "archivos_fuente": [
      "Pictures/Fototeca de Fotos.photoslibrary/resources/derivatives/6/6A642C38-5375-45A2-A8E0-E0CE3C113BB0_1_105_c.jpeg"
    ],
    "ultima_modificacion": "2025-08-01 01:01:02.297083"
  },
  "666d970eccd34ab09ae0ac118b956cf41105c.jpeg": {
    "app_sintetizada": "666D970ECCD34AB09AE0AC118B956CF41105C.JPEG",
    "cantidad_archivos": 1,
    "archivos_fuente": [
      "Pictures/Fototeca de Fotos.photoslibrary/resources/derivatives/6/666D970E-CCD3-4AB0-9AE0-AC118B956CF4_1_105_c.jpeg"
    ],
    "ultima_modificacion": "2025-08-01 01:01:02.297378"
  },
  "62f7f8058ca7404d9a81628510dffd7a1105c.jpeg": {
    "app_sintetizada": "62F7F8058CA7404D9A81628510DFFD7A1105C.JPEG",
    "cantidad_archivos": 1,
    "archivos_fuente": [
      "Pictures/Fototeca de Fotos.photoslibrary/resources/derivatives/6/62F7F805-8CA7-404D-9A81-628510DFFD7A_1_105_c.jpeg"
    ],
    "ultima_modificacion": "2025-08-01 01:01:02.297671"
  },
  "63177e26ad614af89ae824703f7f1c051105c.jpeg": {
    "app_sintetizada": "63177E26AD614AF89AE824703F7F1C051105C.JPEG",
    "cantidad_archivos": 1,
    "archivos_fuente": [
      "Pictures/Fototeca de Fotos.photoslibrary/resources/derivatives/6/63177E26-AD61-4AF8-9AE8-24703F7F1C05_1_105_c.jpeg"
    ],
    "ultima_modificacion": "2025-08-01 01:01:02.297963"
  },
  "6eaf9f8fe0d948d685afbc6199bf67db1105c.jpeg": {
    "app_sintetizada": "6EAF9F8FE0D948D685AFBC6199BF67DB1105C.JPEG",
    "cantidad_archivos": 1,
    "archivos_fuente": [
      "Pictures/Fototeca de Fotos.photoslibrary/resources/derivatives/6/6EAF9F8F-E0D9-48D6-85AF-BC6199BF67DB_1_105_c.jpeg"
    ],
    "ultima_modificacion": "2025-08-01 01:01:02.298252"
  },
  "6e5d0822172649af97acf65af7bbc7231105c.jpeg": {
    "app_sintetizada": "6E5D0822172649AF97ACF65AF7BBC7231105C.JPEG",
    "cantidad_archivos": 1,
    "archivos_fuente": [
      "Pictures/Fototeca de Fotos.photoslibrary/resources/derivatives/6/6E5D0822-1726-49AF-97AC-F65AF7BBC723_1_105_c.jpeg"
    ],
    "ultima_modificacion": "2025-08-01 01:01:02.298535"
  },
  "69224845a6d0490aba929370522819181105c.jpeg": {
    "app_sintetizada": "69224845A6D0490ABA929370522819181105C.JPEG",
    "cantidad_archivos": 1,
    "archivos_fuente": [
      "Pictures/Fototeca de Fotos.photoslibrary/resources/derivatives/6/69224845-A6D0-490A-BA92-937052281918_1_105_c.jpeg"
    ],
    "ultima_modificacion": "2025-08-01 01:01:02.298839"
  },
  "658a52bc7d0a42d6b20d23deebb36a96.thm": {
    "app_sintetizada": "658A52BC7D0A42D6B20D23DEEBB36A96.THM",
    "cantidad_archivos": 1,
    "archivos_fuente": [
      "Pictures/Fototeca de Fotos.photoslibrary/resources/derivatives/6/658A52BC-7D0A-42D6-B20D-23DEEBB36A96.THM"
    ],
    "ultima_modificacion": "2025-08-01 01:01:02.299173"
  },
  "62483f1d1c7840499c296280ee4786e91105c.jpeg": {
    "app_sintetizada": "62483F1D1C7840499C296280EE4786E91105C.JPEG",
    "cantidad_archivos": 1,
    "archivos_fuente": [
      "Pictures/Fototeca de Fotos.photoslibrary/resources/derivatives/6/62483F1D-1C78-4049-9C29-6280EE4786E9_1_105_c.jpeg"
    ],
    "ultima_modificacion": "2025-08-01 01:01:02.299545"
  },
  "6a8678dec6164913b001702acdf266ab1105c.jpeg": {
    "app_sintetizada": "6A8678DEC6164913B001702ACDF266AB1105C.JPEG",
    "cantidad_archivos": 1,
    "archivos_fuente": [
      "Pictures/Fototeca de Fotos.photoslibrary/resources/derivatives/6/6A8678DE-C616-4913-B001-702ACDF266AB_1_105_c.jpeg"
    ],
    "ultima_modificacion": "2025-08-01 01:01:02.299887"
  },
  "6cf0340675dd4577ac3f77c479a148bb1105c.jpeg": {
    "app_sintetizada": "6CF0340675DD4577AC3F77C479A148BB1105C.JPEG",
    "cantidad_archivos": 1,
    "archivos_fuente": [
      "Pictures/Fototeca de Fotos.photoslibrary/resources/derivatives/6/6CF03406-75DD-4577-AC3F-77C479A148BB_1_105_c.jpeg"
    ],
    "ultima_modificacion": "2025-08-01 01:01:02.300205"
  },
  "6138f1ed9c3d47f9b54ff08cf9ab233a1102o.jpeg": {
    "app_sintetizada": "6138F1ED9C3D47F9B54FF08CF9AB233A1102O.JPEG",
    "cantidad_archivos": 1,
    "archivos_fuente": [
      "Pictures/Fototeca de Fotos.photoslibrary/resources/derivatives/6/6138F1ED-9C3D-47F9-B54F-F08CF9AB233A_1_102_o.jpeg"
    ],
    "ultima_modificacion": "2025-08-01 01:01:02.300515"
  },
  "629a4be111d14d83a7681ea48ba9c25d1105c.jpeg": {
    "app_sintetizada": "629A4BE111D14D83A7681EA48BA9C25D1105C.JPEG",
    "cantidad_archivos": 1,
    "archivos_fuente": [
      "Pictures/Fototeca de Fotos.photoslibrary/resources/derivatives/6/629A4BE1-11D1-4D83-A768-1EA48BA9C25D_1_105_c.jpeg"
    ],
    "ultima_modificacion": "2025-08-01 01:01:02.300820"
  },
  "6063508996bc41d7bab7376cd9fd51da1105c.jpeg": {
    "app_sintetizada": "6063508996BC41D7BAB7376CD9FD51DA1105C.JPEG",
    "cantidad_archivos": 1,
    "archivos_fuente": [
      "Pictures/Fototeca de Fotos.photoslibrary/resources/derivatives/6/60635089-96BC-41D7-BAB7-376CD9FD51DA_1_105_c.jpeg"
    ],
    "ultima_modificacion": "2025-08-01 01:01:02.301111"
  },
  "6ca74ceed0624bd387c533173457d7b61105c.jpeg": {
    "app_sintetizada": "6CA74CEED0624BD387C533173457D7B61105C.JPEG",
    "cantidad_archivos": 1,
    "archivos_fuente": [
      "Pictures/Fototeca de Fotos.photoslibrary/resources/derivatives/6/6CA74CEE-D062-4BD3-87C5-33173457D7B6_1_105_c.jpeg"
    ],
    "ultima_modificacion": "2025-08-01 01:01:02.301438"
  },
  "61d06a57cf904f02b0101abc3c26b85e1105c.jpeg": {
    "app_sintetizada": "61D06A57CF904F02B0101ABC3C26B85E1105C.JPEG",
    "cantidad_archivos": 1,
    "archivos_fuente": [
      "Pictures/Fototeca de Fotos.photoslibrary/resources/derivatives/6/61D06A57-CF90-4F02-B010-1ABC3C26B85E_1_105_c.jpeg"
    ],
    "ultima_modificacion": "2025-08-01 01:01:02.301795"
  },
  "6cd7eff146374c58a705c231a2fc82571105c.jpeg": {
    "app_sintetizada": "6CD7EFF146374C58A705C231A2FC82571105C.JPEG",
    "cantidad_archivos": 1,
    "archivos_fuente": [
      "Pictures/Fototeca de Fotos.photoslibrary/resources/derivatives/6/6CD7EFF1-4637-4C58-A705-C231A2FC8257_1_105_c.jpeg"
    ],
    "ultima_modificacion": "2025-08-01 01:01:02.302168"
  },
  "6402b44e263a4d369b09ecdd6ca5355a1105c.jpeg": {
    "app_sintetizada": "6402B44E263A4D369B09ECDD6CA5355A1105C.JPEG",
    "cantidad_archivos": 1,
    "archivos_fuente": [
      "Pictures/Fototeca de Fotos.photoslibrary/resources/derivatives/6/6402B44E-263A-4D36-9B09-ECDD6CA5355A_1_105_c.jpeg"
    ],
    "ultima_modificacion": "2025-08-01 01:01:02.302479"
  },
  "6e0151a0555547cabe7ffd9c90ff35101105c.jpeg": {
    "app_sintetizada": "6E0151A0555547CABE7FFD9C90FF35101105C.JPEG",
    "cantidad_archivos": 1,
    "archivos_fuente": [
      "Pictures/Fototeca de Fotos.photoslibrary/resources/derivatives/6/6E0151A0-5555-47CA-BE7F-FD9C90FF3510_1_105_c.jpeg"
    ],
    "ultima_modificacion": "2025-08-01 01:01:02.302781"
  },
  "6169b97c924649fbb67b1c81c66d34e81105c.jpeg": {
    "app_sintetizada": "6169B97C924649FBB67B1C81C66D34E81105C.JPEG",
    "cantidad_archivos": 1,
    "archivos_fuente": [
      "Pictures/Fototeca de Fotos.photoslibrary/resources/derivatives/6/6169B97C-9246-49FB-B67B-1C81C66D34E8_1_105_c.jpeg"
    ],
    "ultima_modificacion": "2025-08-01 01:01:02.303095"
  },
  "6b3dec433c75428ba150b49ab149f0871105c.jpeg": {
    "app_sintetizada": "6B3DEC433C75428BA150B49AB149F0871105C.JPEG",
    "cantidad_archivos": 1,
    "archivos_fuente": [
      "Pictures/Fototeca de Fotos.photoslibrary/resources/derivatives/6/6B3DEC43-3C75-428B-A150-B49AB149F087_1_105_c.jpeg"
    ],
    "ultima_modificacion": "2025-08-01 01:01:02.303410"
  },
  "6a87e49224be4b2dafbc7206ce764efb1105c.jpeg": {
    "app_sintetizada": "6A87E49224BE4B2DAFBC7206CE764EFB1105C.JPEG",
    "cantidad_archivos": 1,
    "archivos_fuente": [
      "Pictures/Fototeca de Fotos.photoslibrary/resources/derivatives/6/6A87E492-24BE-4B2D-AFBC-7206CE764EFB_1_105_c.jpeg"
    ],
    "ultima_modificacion": "2025-08-01 01:01:02.303690"
  },
  "652aab80e9fb461f91dfabb0e83926571105c.jpeg": {
    "app_sintetizada": "652AAB80E9FB461F91DFABB0E83926571105C.JPEG",
    "cantidad_archivos": 1,
    "archivos_fuente": [
      "Pictures/Fototeca de Fotos.photoslibrary/resources/derivatives/6/652AAB80-E9FB-461F-91DF-ABB0E8392657_1_105_c.jpeg"
    ],
    "ultima_modificacion": "2025-08-01 01:01:02.303984"
  },
  "6470675f0084490282133762592e470c1105c.jpeg": {
    "app_sintetizada": "6470675F0084490282133762592E470C1105C.JPEG",
    "cantidad_archivos": 1,
    "archivos_fuente": [
      "Pictures/Fototeca de Fotos.photoslibrary/resources/derivatives/6/6470675F-0084-4902-8213-3762592E470C_1_105_c.jpeg"
    ],
    "ultima_modificacion": "2025-08-01 01:01:02.304296"
  },
  "67311a47096a49ceaf1fa13c6fe426981105c.jpeg": {
    "app_sintetizada": "67311A47096A49CEAF1FA13C6FE426981105C.JPEG",
    "cantidad_archivos": 1,
    "archivos_fuente": [
      "Pictures/Fototeca de Fotos.photoslibrary/resources/derivatives/6/67311A47-096A-49CE-AF1F-A13C6FE42698_1_105_c.jpeg"
    ],
    "ultima_modificacion": "2025-08-01 01:01:02.304641"
  },
  "6ec3a20f819f40209ab25457c33f10711105c.jpeg": {
    "app_sintetizada": "6EC3A20F819F40209AB25457C33F10711105C.JPEG",
    "cantidad_archivos": 1,
    "archivos_fuente": [
      "Pictures/Fototeca de Fotos.photoslibrary/resources/derivatives/6/6EC3A20F-819F-4020-9AB2-5457C33F1071_1_105_c.jpeg"
    ],
    "ultima_modificacion": "2025-08-01 01:01:02.304970"
  },
  "6fe403c300394723b4cc16f01eb73e671105c.jpeg": {
    "app_sintetizada": "6FE403C300394723B4CC16F01EB73E671105C.JPEG",
    "cantidad_archivos": 1,
    "archivos_fuente": [
      "Pictures/Fototeca de Fotos.photoslibrary/resources/derivatives/6/6FE403C3-0039-4723-B4CC-16F01EB73E67_1_105_c.jpeg"
    ],
    "ultima_modificacion": "2025-08-01 01:01:02.305281"
  },
  "6b67eb657bc64e149749d6c5b28674601105c.jpeg": {
    "app_sintetizada": "6B67EB657BC64E149749D6C5B28674601105C.JPEG",
    "cantidad_archivos": 1,
    "archivos_fuente": [
      "Pictures/Fototeca de Fotos.photoslibrary/resources/derivatives/6/6B67EB65-7BC6-4E14-9749-D6C5B2867460_1_105_c.jpeg"
    ],
    "ultima_modificacion": "2025-08-01 01:01:02.305589"
  },
  "6ba0c335072a44ccbe2131c7148ce75e1105c.jpeg": {
    "app_sintetizada": "6BA0C335072A44CCBE2131C7148CE75E1105C.JPEG",
    "cantidad_archivos": 1,
    "archivos_fuente": [
      "Pictures/Fototeca de Fotos.photoslibrary/resources/derivatives/6/6BA0C335-072A-44CC-BE21-31C7148CE75E_1_105_c.jpeg"
    ],
    "ultima_modificacion": "2025-08-01 01:01:02.305899"
  },
  "6936da6820164872b650f6880fff5162.thm": {
    "app_sintetizada": "6936DA6820164872B650F6880FFF5162.THM",
    "cantidad_archivos": 1,
    "archivos_fuente": [
      "Pictures/Fototeca de Fotos.photoslibrary/resources/derivatives/6/6936DA68-2016-4872-B650-F6880FFF5162.THM"
    ],
    "ultima_modificacion": "2025-08-01 01:01:02.306205"
  },
  "6c1ca32cb8ec490483262d588164e5151105c.jpeg": {
    "app_sintetizada": "6C1CA32CB8EC490483262D588164E5151105C.JPEG",
    "cantidad_archivos": 1,
    "archivos_fuente": [
      "Pictures/Fototeca de Fotos.photoslibrary/resources/derivatives/6/6C1CA32C-B8EC-4904-8326-2D588164E515_1_105_c.jpeg"
    ],
    "ultima_modificacion": "2025-08-01 01:01:02.306508"
  },
  "6887e604bf134604a09b2dc523c6fc0d1105c.jpeg": {
    "app_sintetizada": "6887E604BF134604A09B2DC523C6FC0D1105C.JPEG",
    "cantidad_archivos": 1,
    "archivos_fuente": [
      "Pictures/Fototeca de Fotos.photoslibrary/resources/derivatives/6/6887E604-BF13-4604-A09B-2DC523C6FC0D_1_105_c.jpeg"
    ],
    "ultima_modificacion": "2025-08-01 01:01:02.306881"
  },
  "6102132cdb914eeebfb67fb0549be31c1105c.jpeg": {
    "app_sintetizada": "6102132CDB914EEEBFB67FB0549BE31C1105C.JPEG",
    "cantidad_archivos": 1,
    "archivos_fuente": [
      "Pictures/Fototeca de Fotos.photoslibrary/resources/derivatives/6/6102132C-DB91-4EEE-BFB6-7FB0549BE31C_1_105_c.jpeg"
    ],
    "ultima_modificacion": "2025-08-01 01:01:02.307193"
  },
  "64fd92be72934e61b98fdd6b7032b99c1105c.jpeg": {
    "app_sintetizada": "64FD92BE72934E61B98FDD6B7032B99C1105C.JPEG",
    "cantidad_archivos": 1,
    "archivos_fuente": [
      "Pictures/Fototeca de Fotos.photoslibrary/resources/derivatives/6/64FD92BE-7293-4E61-B98F-DD6B7032B99C_1_105_c.jpeg"
    ],
    "ultima_modificacion": "2025-08-01 01:01:02.307507"
  },
  "6dbbaf4f8bf64134ab977760179f63ef1102o.jpeg": {
    "app_sintetizada": "6DBBAF4F8BF64134AB977760179F63EF1102O.JPEG",
    "cantidad_archivos": 1,
    "archivos_fuente": [
      "Pictures/Fototeca de Fotos.photoslibrary/resources/derivatives/6/6DBBAF4F-8BF6-4134-AB97-7760179F63EF_1_102_o.jpeg"
    ],
    "ultima_modificacion": "2025-08-01 01:01:02.307818"
  },
  "63383971560741b0929dd164bdad5d111105c.jpeg": {
    "app_sintetizada": "63383971560741B0929DD164BDAD5D111105C.JPEG",
    "cantidad_archivos": 1,
    "archivos_fuente": [
      "Pictures/Fototeca de Fotos.photoslibrary/resources/derivatives/6/63383971-5607-41B0-929D-D164BDAD5D11_1_105_c.jpeg"
    ],
    "ultima_modificacion": "2025-08-01 01:01:02.308121"
  },
  "6bb946c674224f5fab87821b1173acb11105c.jpeg": {
    "app_sintetizada": "6BB946C674224F5FAB87821B1173ACB11105C.JPEG",
    "cantidad_archivos": 1,
    "archivos_fuente": [
      "Pictures/Fototeca de Fotos.photoslibrary/resources/derivatives/6/6BB946C6-7422-4F5F-AB87-821B1173ACB1_1_105_c.jpeg"
    ],
    "ultima_modificacion": "2025-08-01 01:01:02.308432"
  },
  "676fcbf5c5f74ecab392dd7d376cfce61105c.jpeg": {
    "app_sintetizada": "676FCBF5C5F74ECAB392DD7D376CFCE61105C.JPEG",
    "cantidad_archivos": 1,
    "archivos_fuente": [
      "Pictures/Fototeca de Fotos.photoslibrary/resources/derivatives/6/676FCBF5-C5F7-4ECA-B392-DD7D376CFCE6_1_105_c.jpeg"
    ],
    "ultima_modificacion": "2025-08-01 01:01:02.308722"
  },
  "66b0795492294ade9a4c75a11ffc16e11105c.jpeg": {
    "app_sintetizada": "66B0795492294ADE9A4C75A11FFC16E11105C.JPEG",
    "cantidad_archivos": 1,
    "archivos_fuente": [
      "Pictures/Fototeca de Fotos.photoslibrary/resources/derivatives/6/66B07954-9229-4ADE-9A4C-75A11FFC16E1_1_105_c.jpeg"
    ],
    "ultima_modificacion": "2025-08-01 01:01:02.309061"
  },
  "63dac17e95c94fd09aded135d1117b4d1105c.jpeg": {
    "app_sintetizada": "63DAC17E95C94FD09ADED135D1117B4D1105C.JPEG",
    "cantidad_archivos": 1,
    "archivos_fuente": [
      "Pictures/Fototeca de Fotos.photoslibrary/resources/derivatives/6/63DAC17E-95C9-4FD0-9ADE-D135D1117B4D_1_105_c.jpeg"
    ],
    "ultima_modificacion": "2025-08-01 01:01:02.309372"
  },
  "6fcb787e09cf488f9b92a012700488d21105c.jpeg": {
    "app_sintetizada": "6FCB787E09CF488F9B92A012700488D21105C.JPEG",
    "cantidad_archivos": 1,
    "archivos_fuente": [
      "Pictures/Fototeca de Fotos.photoslibrary/resources/derivatives/6/6FCB787E-09CF-488F-9B92-A012700488D2_1_105_c.jpeg"
    ],
    "ultima_modificacion": "2025-08-01 01:01:02.309692"
  },
  "622818a857ff47fdb478b5ae2b2a6ae31105c.jpeg": {
    "app_sintetizada": "622818A857FF47FDB478B5AE2B2A6AE31105C.JPEG",
    "cantidad_archivos": 1,
    "archivos_fuente": [
      "Pictures/Fototeca de Fotos.photoslibrary/resources/derivatives/6/622818A8-57FF-47FD-B478-B5AE2B2A6AE3_1_105_c.jpeg"
    ],
    "ultima_modificacion": "2025-08-01 01:01:02.309991"
  },
  "60fd0aa874714439a1a08edf342a0fbf1105c.jpeg": {
    "app_sintetizada": "60FD0AA874714439A1A08EDF342A0FBF1105C.JPEG",
    "cantidad_archivos": 1,
    "archivos_fuente": [
      "Pictures/Fototeca de Fotos.photoslibrary/resources/derivatives/6/60FD0AA8-7471-4439-A1A0-8EDF342A0FBF_1_105_c.jpeg"
    ],
    "ultima_modificacion": "2025-08-01 01:01:02.310345"
  },
  "6b704ffc8de64ccca52c402ad97baee11105c.jpeg": {
    "app_sintetizada": "6B704FFC8DE64CCCA52C402AD97BAEE11105C.JPEG",
    "cantidad_archivos": 1,
    "archivos_fuente": [
      "Pictures/Fototeca de Fotos.photoslibrary/resources/derivatives/6/6B704FFC-8DE6-4CCC-A52C-402AD97BAEE1_1_105_c.jpeg"
    ],
    "ultima_modificacion": "2025-08-01 01:01:02.310669"
  },
  "67b9ceeb723841dca6f2249941f0b7e01105c.jpeg": {
    "app_sintetizada": "67B9CEEB723841DCA6F2249941F0B7E01105C.JPEG",
    "cantidad_archivos": 1,
    "archivos_fuente": [
      "Pictures/Fototeca de Fotos.photoslibrary/resources/derivatives/6/67B9CEEB-7238-41DC-A6F2-249941F0B7E0_1_105_c.jpeg"
    ],
    "ultima_modificacion": "2025-08-01 01:01:02.310939"
  },
  "60249a01b1874731b66f6a20cd7b1d7a1105c.jpeg": {
    "app_sintetizada": "60249A01B1874731B66F6A20CD7B1D7A1105C.JPEG",
    "cantidad_archivos": 1,
    "archivos_fuente": [
      "Pictures/Fototeca de Fotos.photoslibrary/resources/derivatives/6/60249A01-B187-4731-B66F-6A20CD7B1D7A_1_105_c.jpeg"
    ],
    "ultima_modificacion": "2025-08-01 01:01:02.311175"
  },
  "6565169af36e41f3ad7fa6f9f097201b1105c.jpeg": {
    "app_sintetizada": "6565169AF36E41F3AD7FA6F9F097201B1105C.JPEG",
    "cantidad_archivos": 1,
    "archivos_fuente": [
      "Pictures/Fototeca de Fotos.photoslibrary/resources/derivatives/6/6565169A-F36E-41F3-AD7F-A6F9F097201B_1_105_c.jpeg"
    ],
    "ultima_modificacion": "2025-08-01 01:01:02.311427"
  },
  "6ad92266e5e047dda6d336f07513a3281105c.jpeg": {
    "app_sintetizada": "6AD92266E5E047DDA6D336F07513A3281105C.JPEG",
    "cantidad_archivos": 1,
    "archivos_fuente": [
      "Pictures/Fototeca de Fotos.photoslibrary/resources/derivatives/6/6AD92266-E5E0-47DD-A6D3-36F07513A328_1_105_c.jpeg"
    ],
    "ultima_modificacion": "2025-08-01 01:01:02.311815"
  },
  "6978c634291a4409ba759e8cbda707b41105c.jpeg": {
    "app_sintetizada": "6978C634291A4409BA759E8CBDA707B41105C.JPEG",
    "cantidad_archivos": 1,
    "archivos_fuente": [
      "Pictures/Fototeca de Fotos.photoslibrary/resources/derivatives/6/6978C634-291A-4409-BA75-9E8CBDA707B4_1_105_c.jpeg"
    ],
    "ultima_modificacion": "2025-08-01 01:01:02.312174"
  },
  "6a138cf8110a402f9b7a981ca990cdd41105c.jpeg": {
    "app_sintetizada": "6A138CF8110A402F9B7A981CA990CDD41105C.JPEG",
    "cantidad_archivos": 1,
    "archivos_fuente": [
      "Pictures/Fototeca de Fotos.photoslibrary/resources/derivatives/6/6A138CF8-110A-402F-9B7A-981CA990CDD4_1_105_c.jpeg"
    ],
    "ultima_modificacion": "2025-08-01 01:01:02.312435"
  },
  "6f73decceb9f445ba13bd0c06d1d77581105c.jpeg": {
    "app_sintetizada": "6F73DECCEB9F445BA13BD0C06D1D77581105C.JPEG",
    "cantidad_archivos": 1,
    "archivos_fuente": [
      "Pictures/Fototeca de Fotos.photoslibrary/resources/derivatives/6/6F73DECC-EB9F-445B-A13B-D0C06D1D7758_1_105_c.jpeg"
    ],
    "ultima_modificacion": "2025-08-01 01:01:02.312721"
  },
  "6032215ceb2147bab54bcfe9b9d3d8e51105c.jpeg": {
    "app_sintetizada": "6032215CEB2147BAB54BCFE9B9D3D8E51105C.JPEG",
    "cantidad_archivos": 1,
    "archivos_fuente": [
      "Pictures/Fototeca de Fotos.photoslibrary/resources/derivatives/6/6032215C-EB21-47BA-B54B-CFE9B9D3D8E5_1_105_c.jpeg"
    ],
    "ultima_modificacion": "2025-08-01 01:01:02.312971"
  },
  "6e83cb70e77b450daaea0d33e58369951105c.jpeg": {
    "app_sintetizada": "6E83CB70E77B450DAAEA0D33E58369951105C.JPEG",
    "cantidad_archivos": 1,
    "archivos_fuente": [
      "Pictures/Fototeca de Fotos.photoslibrary/resources/derivatives/6/6E83CB70-E77B-450D-AAEA-0D33E5836995_1_105_c.jpeg"
    ],
    "ultima_modificacion": "2025-08-01 01:01:02.313210"
  },
  "697f0d39874d4d4aa95926279f959a5e1105c.jpeg": {
    "app_sintetizada": "697F0D39874D4D4AA95926279F959A5E1105C.JPEG",
    "cantidad_archivos": 1,
    "archivos_fuente": [
      "Pictures/Fototeca de Fotos.photoslibrary/resources/derivatives/6/697F0D39-874D-4D4A-A959-26279F959A5E_1_105_c.jpeg"
    ],
    "ultima_modificacion": "2025-08-01 01:01:02.313464"
  },
  "663b74e4bb88471da60d7aeb5a95ed181105c.jpeg": {
    "app_sintetizada": "663B74E4BB88471DA60D7AEB5A95ED181105C.JPEG",
    "cantidad_archivos": 1,
    "archivos_fuente": [
      "Pictures/Fototeca de Fotos.photoslibrary/resources/derivatives/6/663B74E4-BB88-471D-A60D-7AEB5A95ED18_1_105_c.jpeg"
    ],
    "ultima_modificacion": "2025-08-01 01:01:02.313750"
  },
  "6c3bf507990a467a9f7bdf1293dda6a51105c.jpeg": {
    "app_sintetizada": "6C3BF507990A467A9F7BDF1293DDA6A51105C.JPEG",
    "cantidad_archivos": 1,
    "archivos_fuente": [
      "Pictures/Fototeca de Fotos.photoslibrary/resources/derivatives/6/6C3BF507-990A-467A-9F7B-DF1293DDA6A5_1_105_c.jpeg"
    ],
    "ultima_modificacion": "2025-08-01 01:01:02.313986"
  },
  "6e38219139bd49a4af647789400ebb621105c.jpeg": {
    "app_sintetizada": "6E38219139BD49A4AF647789400EBB621105C.JPEG",
    "cantidad_archivos": 1,
    "archivos_fuente": [
      "Pictures/Fototeca de Fotos.photoslibrary/resources/derivatives/6/6E382191-39BD-49A4-AF64-7789400EBB62_1_105_c.jpeg"
    ],
    "ultima_modificacion": "2025-08-01 01:01:02.314236"
  },
  "66fc3e0cfec344feacd6da030490cefb1105c.jpeg": {
    "app_sintetizada": "66FC3E0CFEC344FEACD6DA030490CEFB1105C.JPEG",
    "cantidad_archivos": 1,
    "archivos_fuente": [
      "Pictures/Fototeca de Fotos.photoslibrary/resources/derivatives/6/66FC3E0C-FEC3-44FE-ACD6-DA030490CEFB_1_105_c.jpeg"
    ],
    "ultima_modificacion": "2025-08-01 01:01:02.314473"
  },
  "6971acaef5f4417cad01be1fdccdfe15.thm": {
    "app_sintetizada": "6971ACAEF5F4417CAD01BE1FDCCDFE15.THM",
    "cantidad_archivos": 1,
    "archivos_fuente": [
      "Pictures/Fototeca de Fotos.photoslibrary/resources/derivatives/6/6971ACAE-F5F4-417C-AD01-BE1FDCCDFE15.THM"
    ],
    "ultima_modificacion": "2025-08-01 01:01:02.314820"
  },
  "602fa1ab9c2c4e5b862f6aaac9e3c4b51105c.jpeg": {
    "app_sintetizada": "602FA1AB9C2C4E5B862F6AAAC9E3C4B51105C.JPEG",
    "cantidad_archivos": 1,
    "archivos_fuente": [
      "Pictures/Fototeca de Fotos.photoslibrary/resources/derivatives/6/602FA1AB-9C2C-4E5B-862F-6AAAC9E3C4B5_1_105_c.jpeg"
    ],
    "ultima_modificacion": "2025-08-01 01:01:02.315058"
  },
  "64f148378b074657bfc7778686d95d001105c.jpeg": {
    "app_sintetizada": "64F148378B074657BFC7778686D95D001105C.JPEG",
    "cantidad_archivos": 1,
    "archivos_fuente": [
      "Pictures/Fototeca de Fotos.photoslibrary/resources/derivatives/6/64F14837-8B07-4657-BFC7-778686D95D00_1_105_c.jpeg"
    ],
    "ultima_modificacion": "2025-08-01 01:01:02.315335"
  },
  "6a3fa3314d8b45ac8adb9ed22b9e5aad1105c.jpeg": {
    "app_sintetizada": "6A3FA3314D8B45AC8ADB9ED22B9E5AAD1105C.JPEG",
    "cantidad_archivos": 1,
    "archivos_fuente": [
      "Pictures/Fototeca de Fotos.photoslibrary/resources/derivatives/6/6A3FA331-4D8B-45AC-8ADB-9ED22B9E5AAD_1_105_c.jpeg"
    ],
    "ultima_modificacion": "2025-08-01 01:01:02.315596"
  },
  "610912d8b5fd4555bfdcf573bdc4d2211105c.jpeg": {
    "app_sintetizada": "610912D8B5FD4555BFDCF573BDC4D2211105C.JPEG",
    "cantidad_archivos": 1,
    "archivos_fuente": [
      "Pictures/Fototeca de Fotos.photoslibrary/resources/derivatives/6/610912D8-B5FD-4555-BFDC-F573BDC4D221_1_105_c.jpeg"
    ],
    "ultima_modificacion": "2025-08-01 01:01:02.315848"
  },
  "634f2b62acb64aca902e97f5ab82b15f1102o.jpeg": {
    "app_sintetizada": "634F2B62ACB64ACA902E97F5AB82B15F1102O.JPEG",
    "cantidad_archivos": 1,
    "archivos_fuente": [
      "Pictures/Fototeca de Fotos.photoslibrary/resources/derivatives/6/634F2B62-ACB6-4ACA-902E-97F5AB82B15F_1_102_o.jpeg"
    ],
    "ultima_modificacion": "2025-08-01 01:01:02.316083"
  },
  "6e9c30b30ee64076880cc38fc5140d851105c.jpeg": {
    "app_sintetizada": "6E9C30B30EE64076880CC38FC5140D851105C.JPEG",
    "cantidad_archivos": 1,
    "archivos_fuente": [
      "Pictures/Fototeca de Fotos.photoslibrary/resources/derivatives/6/6E9C30B3-0EE6-4076-880C-C38FC5140D85_1_105_c.jpeg"
    ],
    "ultima_modificacion": "2025-08-01 01:01:02.316404"
  },
  "6382a762ea52452392e9ed00df00e7681105c.jpeg": {
    "app_sintetizada": "6382A762EA52452392E9ED00DF00E7681105C.JPEG",
    "cantidad_archivos": 1,
    "archivos_fuente": [
      "Pictures/Fototeca de Fotos.photoslibrary/resources/derivatives/6/6382A762-EA52-4523-92E9-ED00DF00E768_1_105_c.jpeg"
    ],
    "ultima_modificacion": "2025-08-01 01:01:02.316742"
  }
}