{
  "7c8d480f73da41ba8f5c451f8a4ef160.plist": {
    "app_sintetizada": "7C8D480F73DA41BA8F5C451F8A4EF160.PLIST",
    "cantidad_archivos": 1,
    "archivos_fuente": [
      "Pictures/Fototeca de Fotos.photoslibrary/resources/renders/7/7C8D480F-73DA-41BA-8F5C-451F8A4EF160.plist"
    ],
    "ultima_modificacion": "2025-08-01 01:00:58.766651"
  },
  "74cb09c597f743c387aae1082a3c4557.plist": {
    "app_sintetizada": "74CB09C597F743C387AAE1082A3C4557.PLIST",
    "cantidad_archivos": 1,
    "archivos_fuente": [
      "Pictures/Fototeca de Fotos.photoslibrary/resources/renders/7/74CB09C5-97F7-43C3-87AA-E1082A3C4557.plist"
    ],
    "ultima_modificacion": "2025-08-01 01:00:58.766928"
  },
  "7ad5aadcefaf462680e1543c5b3b9034.plist": {
    "app_sintetizada": "7AD5AADCEFAF462680E1543C5B3B9034.PLIST",
    "cantidad_archivos": 1,
    "archivos_fuente": [
      "Pictures/Fototeca de Fotos.photoslibrary/resources/renders/7/7AD5AADC-EFAF-4626-80E1-543C5B3B9034.plist"
    ],
    "ultima_modificacion": "2025-08-01 01:00:58.767166"
  },
  "79d3b7fb4a2949c0a43b78bce3e5b52b.plist": {
    "app_sintetizada": "79D3B7FB4A2949C0A43B78BCE3E5B52B.PLIST",
    "cantidad_archivos": 1,
    "archivos_fuente": [
      "Pictures/Fototeca de Fotos.photoslibrary/resources/renders/7/79D3B7FB-4A29-49C0-A43B-78BCE3E5B52B.plist"
    ],
    "ultima_modificacion": "2025-08-01 01:00:58.767369"
  },
  "7ab8d051699e44af86e93c54f8f6b910.plist": {
    "app_sintetizada": "7AB8D051699E44AF86E93C54F8F6B910.PLIST",
    "cantidad_archivos": 1,
    "archivos_fuente": [
      "Pictures/Fototeca de Fotos.photoslibrary/resources/renders/7/7AB8D051-699E-44AF-86E9-3C54F8F6B910.plist"
    ],
    "ultima_modificacion": "2025-08-01 01:00:58.767627"
  },
  "76ebc6f0ac344ba9885bf32f0c2bbd2c.plist": {
    "app_sintetizada": "76EBC6F0AC344BA9885BF32F0C2BBD2C.PLIST",
    "cantidad_archivos": 1,
    "archivos_fuente": [
      "Pictures/Fototeca de Fotos.photoslibrary/resources/renders/7/76EBC6F0-AC34-4BA9-885B-F32F0C2BBD2C.plist"
    ],
    "ultima_modificacion": "2025-08-01 01:00:58.767834"
  },
  "769d028205754c52a0486abb4d46992f.plist": {
    "app_sintetizada": "769D028205754C52A0486ABB4D46992F.PLIST",
    "cantidad_archivos": 1,
    "archivos_fuente": [
      "Pictures/Fototeca de Fotos.photoslibrary/resources/renders/7/769D0282-0575-4C52-A048-6ABB4D46992F.plist"
    ],
    "ultima_modificacion": "2025-08-01 01:00:58.768071"
  },
  "7e2bab47057448a685e63ad5c76a797d.plist": {
    "app_sintetizada": "7E2BAB47057448A685E63AD5C76A797D.PLIST",
    "cantidad_archivos": 1,
    "archivos_fuente": [
      "Pictures/Fototeca de Fotos.photoslibrary/resources/renders/7/7E2BAB47-0574-48A6-85E6-3AD5C76A797D.plist"
    ],
    "ultima_modificacion": "2025-08-01 01:00:58.768259"
  },
  "75922a0dad304ab4be3eb0c2b8f0c87f.plist": {
    "app_sintetizada": "75922A0DAD304AB4BE3EB0C2B8F0C87F.PLIST",
    "cantidad_archivos": 1,
    "archivos_fuente": [
      "Pictures/Fototeca de Fotos.photoslibrary/resources/renders/7/75922A0D-AD30-4AB4-BE3E-B0C2B8F0C87F.plist"
    ],
    "ultima_modificacion": "2025-08-01 01:00:58.768442"
  },
  "7200a6c04e4f419095cc5db65ea88db7.plist": {
    "app_sintetizada": "7200A6C04E4F419095CC5DB65EA88DB7.PLIST",
    "cantidad_archivos": 1,
    "archivos_fuente": [
      "Pictures/Fototeca de Fotos.photoslibrary/resources/renders/7/7200A6C0-4E4F-4190-95CC-5DB65EA88DB7.plist"
    ],
    "ultima_modificacion": "2025-08-01 01:00:58.768612"
  },
  "73e4e94ce12b4681abafbb3b2bbd8f70.plist": {
    "app_sintetizada": "73E4E94CE12B4681ABAFBB3B2BBD8F70.PLIST",
    "cantidad_archivos": 1,
    "archivos_fuente": [
      "Pictures/Fototeca de Fotos.photoslibrary/resources/renders/7/73E4E94C-E12B-4681-ABAF-BB3B2BBD8F70.plist"
    ],
    "ultima_modificacion": "2025-08-01 01:00:58.768801"
  },
  "7f4ee22613fe4abaa7d73121440f6f6c.plist": {
    "app_sintetizada": "7F4EE22613FE4ABAA7D73121440F6F6C.PLIST",
    "cantidad_archivos": 1,
    "archivos_fuente": [
      "Pictures/Fototeca de Fotos.photoslibrary/resources/renders/7/7F4EE226-13FE-4ABA-A7D7-3121440F6F6C.plist"
    ],
    "ultima_modificacion": "2025-08-01 01:00:58.769020"
  },
  "7d566aba64514a4f8eb92ee89227b7ff.plist": {
    "app_sintetizada": "7D566ABA64514A4F8EB92EE89227B7FF.PLIST",
    "cantidad_archivos": 1,
    "archivos_fuente": [
      "Pictures/Fototeca de Fotos.photoslibrary/resources/renders/7/7D566ABA-6451-4A4F-8EB9-2EE89227B7FF.plist"
    ],
    "ultima_modificacion": "2025-08-01 01:00:58.769216"
  },
  "711e0c8b2237433596f061b080412a2b.plist": {
    "app_sintetizada": "711E0C8B2237433596F061B080412A2B.PLIST",
    "cantidad_archivos": 1,
    "archivos_fuente": [
      "Pictures/Fototeca de Fotos.photoslibrary/resources/renders/7/711E0C8B-2237-4335-96F0-61B080412A2B.plist"
    ],
    "ultima_modificacion": "2025-08-01 01:00:58.769408"
  },
  "7cb3b02ce44642b1bbfb7087f887d000.plist": {
    "app_sintetizada": "7CB3B02CE44642B1BBFB7087F887D000.PLIST",
    "cantidad_archivos": 1,
    "archivos_fuente": [
      "Pictures/Fototeca de Fotos.photoslibrary/resources/renders/7/7CB3B02C-E446-42B1-BBFB-7087F887D000.plist"
    ],
    "ultima_modificacion": "2025-08-01 01:00:58.769598"
  },
  "7cc67f95ff664fa1921b9df0012e4481.plist": {
    "app_sintetizada": "7CC67F95FF664FA1921B9DF0012E4481.PLIST",
    "cantidad_archivos": 1,
    "archivos_fuente": [
      "Pictures/Fototeca de Fotos.photoslibrary/resources/renders/7/7CC67F95-FF66-4FA1-921B-9DF0012E4481.plist"
    ],
    "ultima_modificacion": "2025-08-01 01:00:58.769772"
  },
  "7f127b4a12c14581bc5534d5f7dab224.plist": {
    "app_sintetizada": "7F127B4A12C14581BC5534D5F7DAB224.PLIST",
    "cantidad_archivos": 1,
    "archivos_fuente": [
      "Pictures/Fototeca de Fotos.photoslibrary/resources/renders/7/7F127B4A-12C1-4581-BC55-34D5F7DAB224.plist"
    ],
    "ultima_modificacion": "2025-08-01 01:00:58.770042"
  },
  "7c25054743a3418c9d8c0ba318f34325.plist": {
    "app_sintetizada": "7C25054743A3418C9D8C0BA318F34325.PLIST",
    "cantidad_archivos": 1,
    "archivos_fuente": [
      "Pictures/Fototeca de Fotos.photoslibrary/resources/renders/7/7C250547-43A3-418C-9D8C-0BA318F34325.plist"
    ],
    "ultima_modificacion": "2025-08-01 01:00:58.770344"
  },
  "7068d1da966341b999cba4c9e787c4d4.plist": {
    "app_sintetizada": "7068D1DA966341B999CBA4C9E787C4D4.PLIST",
    "cantidad_archivos": 1,
    "archivos_fuente": [
      "Pictures/Fototeca de Fotos.photoslibrary/resources/renders/7/7068D1DA-9663-41B9-99CB-A4C9E787C4D4.plist"
    ],
    "ultima_modificacion": "2025-08-01 01:00:58.770571"
  },
  "7f072d19f5424d40b0980d14ee328472.plist": {
    "app_sintetizada": "7F072D19F5424D40B0980D14EE328472.PLIST",
    "cantidad_archivos": 1,
    "archivos_fuente": [
      "Pictures/Fototeca de Fotos.photoslibrary/resources/renders/7/7F072D19-F542-4D40-B098-0D14EE328472.plist"
    ],
    "ultima_modificacion": "2025-08-01 01:00:58.770806"
  },
  "73388e9624544993b88ee0efd5d24d22.plist": {
    "app_sintetizada": "73388E9624544993B88EE0EFD5D24D22.PLIST",
    "cantidad_archivos": 1,
    "archivos_fuente": [
      "Pictures/Fototeca de Fotos.photoslibrary/resources/renders/7/73388E96-2454-4993-B88E-E0EFD5D24D22.plist"
    ],
    "ultima_modificacion": "2025-08-01 01:00:58.771107"
  },
  "7a7eaf1f6cf34f92a76d406c8bb03940.plist": {
    "app_sintetizada": "7A7EAF1F6CF34F92A76D406C8BB03940.PLIST",
    "cantidad_archivos": 1,
    "archivos_fuente": [
      "Pictures/Fototeca de Fotos.photoslibrary/resources/renders/7/7A7EAF1F-6CF3-4F92-A76D-406C8BB03940.plist"
    ],
    "ultima_modificacion": "2025-08-01 01:00:58.771303"
  },
  "70fea664be784d2984add2aff28c0452.plist": {
    "app_sintetizada": "70FEA664BE784D2984ADD2AFF28C0452.PLIST",
    "cantidad_archivos": 1,
    "archivos_fuente": [
      "Pictures/Fototeca de Fotos.photoslibrary/resources/renders/7/70FEA664-BE78-4D29-84AD-D2AFF28C0452.plist"
    ],
    "ultima_modificacion": "2025-08-01 01:00:58.771544"
  },
  "75eabea8960f4bbb99db61d226071e56.plist": {
    "app_sintetizada": "75EABEA8960F4BBB99DB61D226071E56.PLIST",
    "cantidad_archivos": 1,
    "archivos_fuente": [
      "Pictures/Fototeca de Fotos.photoslibrary/resources/renders/7/75EABEA8-960F-4BBB-99DB-61D226071E56.plist"
    ],
    "ultima_modificacion": "2025-08-01 01:00:58.771745"
  },
  "76868b9320c24255a0c4ea09813fc3e1.plist": {
    "app_sintetizada": "76868B9320C24255A0C4EA09813FC3E1.PLIST",
    "cantidad_archivos": 1,
    "archivos_fuente": [
      "Pictures/Fototeca de Fotos.photoslibrary/resources/renders/7/76868B93-20C2-4255-A0C4-EA09813FC3E1.plist"
    ],
    "ultima_modificacion": "2025-08-01 01:00:58.771949"
  },
  "7f7a8fc4cb86485f92ad62053b704800.plist": {
    "app_sintetizada": "7F7A8FC4CB86485F92AD62053B704800.PLIST",
    "cantidad_archivos": 1,
    "archivos_fuente": [
      "Pictures/Fototeca de Fotos.photoslibrary/resources/renders/7/7F7A8FC4-CB86-485F-92AD-62053B704800.plist"
    ],
    "ultima_modificacion": "2025-08-01 01:00:58.772161"
  },
  "749dccd4fa8e48d281a2a0cdac818e91.plist": {
    "app_sintetizada": "749DCCD4FA8E48D281A2A0CDAC818E91.PLIST",
    "cantidad_archivos": 1,
    "archivos_fuente": [
      "Pictures/Fototeca de Fotos.photoslibrary/resources/renders/7/749DCCD4-FA8E-48D2-81A2-A0CDAC818E91.plist"
    ],
    "ultima_modificacion": "2025-08-01 01:00:58.772368"
  },
  "74a5dca0725f4506af56d0790953debe.plist": {
    "app_sintetizada": "74A5DCA0725F4506AF56D0790953DEBE.PLIST",
    "cantidad_archivos": 1,
    "archivos_fuente": [
      "Pictures/Fototeca de Fotos.photoslibrary/resources/renders/7/74A5DCA0-725F-4506-AF56-D0790953DEBE.plist"
    ],
    "ultima_modificacion": "2025-08-01 01:00:58.772558"
  },
  "77432fd73d9144d6bcd84b220a5069c8.plist": {
    "app_sintetizada": "77432FD73D9144D6BCD84B220A5069C8.PLIST",
    "cantidad_archivos": 1,
    "archivos_fuente": [
      "Pictures/Fototeca de Fotos.photoslibrary/resources/renders/7/77432FD7-3D91-44D6-BCD8-4B220A5069C8.plist"
    ],
    "ultima_modificacion": "2025-08-01 01:00:58.772751"
  },
  "75ad16c217414b5abfe4f5b6d13b4463.plist": {
    "app_sintetizada": "75AD16C217414B5ABFE4F5B6D13B4463.PLIST",
    "cantidad_archivos": 1,
    "archivos_fuente": [
      "Pictures/Fototeca de Fotos.photoslibrary/resources/renders/7/75AD16C2-1741-4B5A-BFE4-F5B6D13B4463.plist"
    ],
    "ultima_modificacion": "2025-08-01 01:00:58.772923"
  },
  "703baa122fe345dab51af4250178599b.plist": {
    "app_sintetizada": "703BAA122FE345DAB51AF4250178599B.PLIST",
    "cantidad_archivos": 1,
    "archivos_fuente": [
      "Pictures/Fototeca de Fotos.photoslibrary/resources/renders/7/703BAA12-2FE3-45DA-B51A-F4250178599B.plist"
    ],
    "ultima_modificacion": "2025-08-01 01:00:58.773089"
  },
  "75ff43850d1d4814a403d1e7679593c0.plist": {
    "app_sintetizada": "75FF43850D1D4814A403D1E7679593C0.PLIST",
    "cantidad_archivos": 1,
    "archivos_fuente": [
      "Pictures/Fototeca de Fotos.photoslibrary/resources/renders/7/75FF4385-0D1D-4814-A403-D1E7679593C0.plist"
    ],
    "ultima_modificacion": "2025-08-01 01:00:58.773256"
  },
  "7bb68c9eb9924ce09102968f3f51d00f.plist": {
    "app_sintetizada": "7BB68C9EB9924CE09102968F3F51D00F.PLIST",
    "cantidad_archivos": 1,
    "archivos_fuente": [
      "Pictures/Fototeca de Fotos.photoslibrary/resources/renders/7/7BB68C9E-B992-4CE0-9102-968F3F51D00F.plist"
    ],
    "ultima_modificacion": "2025-08-01 01:00:58.773420"
  },
  "7139d90dabed40fba34937d283e0a740.plist": {
    "app_sintetizada": "7139D90DABED40FBA34937D283E0A740.PLIST",
    "cantidad_archivos": 1,
    "archivos_fuente": [
      "Pictures/Fototeca de Fotos.photoslibrary/resources/renders/7/7139D90D-ABED-40FB-A349-37D283E0A740.plist"
    ],
    "ultima_modificacion": "2025-08-01 01:00:58.773636"
  },
  "72c953a8fdc84884ac8277723d4cb871.plist": {
    "app_sintetizada": "72C953A8FDC84884AC8277723D4CB871.PLIST",
    "cantidad_archivos": 1,
    "archivos_fuente": [
      "Pictures/Fototeca de Fotos.photoslibrary/resources/renders/7/72C953A8-FDC8-4884-AC82-77723D4CB871.plist"
    ],
    "ultima_modificacion": "2025-08-01 01:00:58.773933"
  },
  "78f61a6e66fd45289b078283f9951529.plist": {
    "app_sintetizada": "78F61A6E66FD45289B078283F9951529.PLIST",
    "cantidad_archivos": 1,
    "archivos_fuente": [
      "Pictures/Fototeca de Fotos.photoslibrary/resources/renders/7/78F61A6E-66FD-4528-9B07-8283F9951529.plist"
    ],
    "ultima_modificacion": "2025-08-01 01:00:58.774169"
  },
  "7ef5c0f1492b40969ceafd38c8ac1aec.plist": {
    "app_sintetizada": "7EF5C0F1492B40969CEAFD38C8AC1AEC.PLIST",
    "cantidad_archivos": 1,
    "archivos_fuente": [
      "Pictures/Fototeca de Fotos.photoslibrary/resources/renders/7/7EF5C0F1-492B-4096-9CEA-FD38C8AC1AEC.plist"
    ],
    "ultima_modificacion": "2025-08-01 01:00:58.774442"
  },
  "72654d77089741679e6ee75ed478d463.plist": {
    "app_sintetizada": "72654D77089741679E6EE75ED478D463.PLIST",
    "cantidad_archivos": 1,
    "archivos_fuente": [
      "Pictures/Fototeca de Fotos.photoslibrary/resources/renders/7/72654D77-0897-4167-9E6E-E75ED478D463.plist"
    ],
    "ultima_modificacion": "2025-08-01 01:00:58.774682"
  },
  "7b6e7b1909c1404c98b222c2323e7793.plist": {
    "app_sintetizada": "7B6E7B1909C1404C98B222C2323E7793.PLIST",
    "cantidad_archivos": 1,
    "archivos_fuente": [
      "Pictures/Fototeca de Fotos.photoslibrary/resources/renders/7/7B6E7B19-09C1-404C-98B2-22C2323E7793.plist"
    ],
    "ultima_modificacion": "2025-08-01 01:00:58.774870"
  },
  "795e3d18ab9345a09107dfef45edfad8.plist": {
    "app_sintetizada": "795E3D18AB9345A09107DFEF45EDFAD8.PLIST",
    "cantidad_archivos": 1,
    "archivos_fuente": [
      "Pictures/Fototeca de Fotos.photoslibrary/resources/renders/7/795E3D18-AB93-45A0-9107-DFEF45EDFAD8.plist"
    ],
    "ultima_modificacion": "2025-08-01 01:00:58.775047"
  },
  "76f729d24bd4477eaf2e17a99e23f9f9.plist": {
    "app_sintetizada": "76F729D24BD4477EAF2E17A99E23F9F9.PLIST",
    "cantidad_archivos": 1,
    "archivos_fuente": [
      "Pictures/Fototeca de Fotos.photoslibrary/resources/renders/7/76F729D2-4BD4-477E-AF2E-17A99E23F9F9.plist"
    ],
    "ultima_modificacion": "2025-08-01 01:00:58.775241"
  },
  "75cf112597354051bd730034a46c97f3.plist": {
    "app_sintetizada": "75CF112597354051BD730034A46C97F3.PLIST",
    "cantidad_archivos": 1,
    "archivos_fuente": [
      "Pictures/Fototeca de Fotos.photoslibrary/resources/renders/7/75CF1125-9735-4051-BD73-0034A46C97F3.plist"
    ],
    "ultima_modificacion": "2025-08-01 01:00:58.775407"
  },
  "733950abd3f1404aa9577a8b291028bc.plist": {
    "app_sintetizada": "733950ABD3F1404AA9577A8B291028BC.PLIST",
    "cantidad_archivos": 1,
    "archivos_fuente": [
      "Pictures/Fototeca de Fotos.photoslibrary/resources/renders/7/733950AB-D3F1-404A-A957-7A8B291028BC.plist"
    ],
    "ultima_modificacion": "2025-08-01 01:00:58.775573"
  },
  "73bbebc697ab4cb280615614af79a72f.plist": {
    "app_sintetizada": "73BBEBC697AB4CB280615614AF79A72F.PLIST",
    "cantidad_archivos": 1,
    "archivos_fuente": [
      "Pictures/Fototeca de Fotos.photoslibrary/resources/renders/7/73BBEBC6-97AB-4CB2-8061-5614AF79A72F.plist"
    ],
    "ultima_modificacion": "2025-08-01 01:00:58.775739"
  },
  "76392fdd07e54669942e92cfabdcc728.plist": {
    "app_sintetizada": "76392FDD07E54669942E92CFABDCC728.PLIST",
    "cantidad_archivos": 1,
    "archivos_fuente": [
      "Pictures/Fototeca de Fotos.photoslibrary/resources/renders/7/76392FDD-07E5-4669-942E-92CFABDCC728.plist"
    ],
    "ultima_modificacion": "2025-08-01 01:00:58.775934"
  },
  "74bc654768454d6da0a2c2839e93686c.plist": {
    "app_sintetizada": "74BC654768454D6DA0A2C2839E93686C.PLIST",
    "cantidad_archivos": 1,
    "archivos_fuente": [
      "Pictures/Fototeca de Fotos.photoslibrary/resources/renders/7/74BC6547-6845-4D6D-A0A2-C2839E93686C.plist"
    ],
    "ultima_modificacion": "2025-08-01 01:00:58.776229"
  },
  "72f3e4268fab4cc0882eebce57b56120.plist": {
    "app_sintetizada": "72F3E4268FAB4CC0882EEBCE57B56120.PLIST",
    "cantidad_archivos": 1,
    "archivos_fuente": [
      "Pictures/Fototeca de Fotos.photoslibrary/resources/renders/7/72F3E426-8FAB-4CC0-882E-EBCE57B56120.plist"
    ],
    "ultima_modificacion": "2025-08-01 01:00:58.776428"
  },
  "7719f3a528654eedb91b04733479842c.plist": {
    "app_sintetizada": "7719F3A528654EEDB91B04733479842C.PLIST",
    "cantidad_archivos": 1,
    "archivos_fuente": [
      "Pictures/Fototeca de Fotos.photoslibrary/resources/renders/7/7719F3A5-2865-4EED-B91B-04733479842C.plist"
    ],
    "ultima_modificacion": "2025-08-01 01:00:58.776634"
  },
  "7f4ab1ef89af4a3290259922fbbeb075.plist": {
    "app_sintetizada": "7F4AB1EF89AF4A3290259922FBBEB075.PLIST",
    "cantidad_archivos": 1,
    "archivos_fuente": [
      "Pictures/Fototeca de Fotos.photoslibrary/resources/renders/7/7F4AB1EF-89AF-4A32-9025-9922FBBEB075.plist"
    ],
    "ultima_modificacion": "2025-08-01 01:00:58.776837"
  },
  "736137ba295f41258d2213c980633c57.plist": {
    "app_sintetizada": "736137BA295F41258D2213C980633C57.PLIST",
    "cantidad_archivos": 1,
    "archivos_fuente": [
      "Pictures/Fototeca de Fotos.photoslibrary/resources/renders/7/736137BA-295F-4125-8D22-13C980633C57.plist"
    ],
    "ultima_modificacion": "2025-08-01 01:00:58.777078"
  },
  "7a8bba3888f546ba961d8991e6dfdf1b.plist": {
    "app_sintetizada": "7A8BBA3888F546BA961D8991E6DFDF1B.PLIST",
    "cantidad_archivos": 1,
    "archivos_fuente": [
      "Pictures/Fototeca de Fotos.photoslibrary/resources/renders/7/7A8BBA38-88F5-46BA-961D-8991E6DFDF1B.plist"
    ],
    "ultima_modificacion": "2025-08-01 01:00:58.777371"
  },
  "7b739df915c045fc9cd8bc949f7fe472.plist": {
    "app_sintetizada": "7B739DF915C045FC9CD8BC949F7FE472.PLIST",
    "cantidad_archivos": 1,
    "archivos_fuente": [
      "Pictures/Fototeca de Fotos.photoslibrary/resources/renders/7/7B739DF9-15C0-45FC-9CD8-BC949F7FE472.plist"
    ],
    "ultima_modificacion": "2025-08-01 01:00:58.777619"
  },
  "7f623978a2d345df867824976ea78078.plist": {
    "app_sintetizada": "7F623978A2D345DF867824976EA78078.PLIST",
    "cantidad_archivos": 1,
    "archivos_fuente": [
      "Pictures/Fototeca de Fotos.photoslibrary/resources/renders/7/7F623978-A2D3-45DF-8678-24976EA78078.plist"
    ],
    "ultima_modificacion": "2025-08-01 01:00:58.777832"
  },
  "776db3e7f10747b2b24ccffe1dfe6dba.plist": {
    "app_sintetizada": "776DB3E7F10747B2B24CCFFE1DFE6DBA.PLIST",
    "cantidad_archivos": 1,
    "archivos_fuente": [
      "Pictures/Fototeca de Fotos.photoslibrary/resources/renders/7/776DB3E7-F107-47B2-B24C-CFFE1DFE6DBA.plist"
    ],
    "ultima_modificacion": "2025-08-01 01:00:58.778015"
  },
  "7d96afd7c1f0425592b4698ac4f5fe76.plist": {
    "app_sintetizada": "7D96AFD7C1F0425592B4698AC4F5FE76.PLIST",
    "cantidad_archivos": 1,
    "archivos_fuente": [
      "Pictures/Fototeca de Fotos.photoslibrary/resources/renders/7/7D96AFD7-C1F0-4255-92B4-698AC4F5FE76.plist"
    ],
    "ultima_modificacion": "2025-08-01 01:00:58.778209"
  },
  "6995d86116004071b90bb1a9d5f8c4ee.plist": {
    "app_sintetizada": "6995D86116004071B90BB1A9D5F8C4EE.PLIST",
    "cantidad_archivos": 1,
    "archivos_fuente": [
      "Pictures/Fototeca de Fotos.photoslibrary/resources/renders/6/6995D861-1600-4071-B90B-B1A9D5F8C4EE.plist"
    ],
    "ultima_modificacion": "2025-08-01 01:00:58.778390"
  },
  "6c0d9f1a280e4f0fba367e8bc6b8f20b.plist": {
    "app_sintetizada": "6C0D9F1A280E4F0FBA367E8BC6B8F20B.PLIST",
    "cantidad_archivos": 1,
    "archivos_fuente": [
      "Pictures/Fototeca de Fotos.photoslibrary/resources/renders/6/6C0D9F1A-280E-4F0F-BA36-7E8BC6B8F20B.plist"
    ],
    "ultima_modificacion": "2025-08-01 01:00:58.778578"
  },
  "6910950a5373461d9e2c429aa55de1ba.plist": {
    "app_sintetizada": "6910950A5373461D9E2C429AA55DE1BA.PLIST",
    "cantidad_archivos": 1,
    "archivos_fuente": [
      "Pictures/Fototeca de Fotos.photoslibrary/resources/renders/6/6910950A-5373-461D-9E2C-429AA55DE1BA.plist"
    ],
    "ultima_modificacion": "2025-08-01 01:00:58.778756"
  },
  "604f0d0d92404c63b39257c5d650d077.plist": {
    "app_sintetizada": "604F0D0D92404C63B39257C5D650D077.PLIST",
    "cantidad_archivos": 1,
    "archivos_fuente": [
      "Pictures/Fototeca de Fotos.photoslibrary/resources/renders/6/604F0D0D-9240-4C63-B392-57C5D650D077.plist"
    ],
    "ultima_modificacion": "2025-08-01 01:00:58.778927"
  },
  "6c81ca452b584f57aad81c78b47bdd0f.plist": {
    "app_sintetizada": "6C81CA452B584F57AAD81C78B47BDD0F.PLIST",
    "cantidad_archivos": 1,
    "archivos_fuente": [
      "Pictures/Fototeca de Fotos.photoslibrary/resources/renders/6/6C81CA45-2B58-4F57-AAD8-1C78B47BDD0F.plist"
    ],
    "ultima_modificacion": "2025-08-01 01:00:58.779097"
  },
  "60b9511612aa4e869ec80272ca472217.plist": {
    "app_sintetizada": "60B9511612AA4E869EC80272CA472217.PLIST",
    "cantidad_archivos": 1,
    "archivos_fuente": [
      "Pictures/Fototeca de Fotos.photoslibrary/resources/renders/6/60B95116-12AA-4E86-9EC8-0272CA472217.plist"
    ],
    "ultima_modificacion": "2025-08-01 01:00:58.779267"
  },
  "696490c2ef8f4264b778c03b5b128ac0.plist": {
    "app_sintetizada": "696490C2EF8F4264B778C03B5B128AC0.PLIST",
    "cantidad_archivos": 1,
    "archivos_fuente": [
      "Pictures/Fototeca de Fotos.photoslibrary/resources/renders/6/696490C2-EF8F-4264-B778-C03B5B128AC0.plist"
    ],
    "ultima_modificacion": "2025-08-01 01:00:58.779438"
  },
  "6f3725607d104440aabb8a8babcf106e.plist": {
    "app_sintetizada": "6F3725607D104440AABB8A8BABCF106E.PLIST",
    "cantidad_archivos": 1,
    "archivos_fuente": [
      "Pictures/Fototeca de Fotos.photoslibrary/resources/renders/6/6F372560-7D10-4440-AABB-8A8BABCF106E.plist"
    ],
    "ultima_modificacion": "2025-08-01 01:00:58.779617"
  },
  "6e11d53b60fd47ca94989e11bb5ced9f.plist": {
    "app_sintetizada": "6E11D53B60FD47CA94989E11BB5CED9F.PLIST",
    "cantidad_archivos": 1,
    "archivos_fuente": [
      "Pictures/Fototeca de Fotos.photoslibrary/resources/renders/6/6E11D53B-60FD-47CA-9498-9E11BB5CED9F.plist"
    ],
    "ultima_modificacion": "2025-08-01 01:00:58.779892"
  },
  "6033c61472434e6198fe3e0710dc3d12.plist": {
    "app_sintetizada": "6033C61472434E6198FE3E0710DC3D12.PLIST",
    "cantidad_archivos": 1,
    "archivos_fuente": [
      "Pictures/Fototeca de Fotos.photoslibrary/resources/renders/6/6033C614-7243-4E61-98FE-3E0710DC3D12.plist"
    ],
    "ultima_modificacion": "2025-08-01 01:00:58.780145"
  },
  "680ef1b144e349588f82e9bf3c9594c2.plist": {
    "app_sintetizada": "680EF1B144E349588F82E9BF3C9594C2.PLIST",
    "cantidad_archivos": 1,
    "archivos_fuente": [
      "Pictures/Fototeca de Fotos.photoslibrary/resources/renders/6/680EF1B1-44E3-4958-8F82-E9BF3C9594C2.plist"
    ],
    "ultima_modificacion": "2025-08-01 01:00:58.780383"
  },
  "67d0531b90f84e04b184f5cc26959010.plist": {
    "app_sintetizada": "67D0531B90F84E04B184F5CC26959010.PLIST",
    "cantidad_archivos": 1,
    "archivos_fuente": [
      "Pictures/Fototeca de Fotos.photoslibrary/resources/renders/6/67D0531B-90F8-4E04-B184-F5CC26959010.plist"
    ],
    "ultima_modificacion": "2025-08-01 01:00:58.780687"
  },
  "67079a72553c4b3a9312584c893e3e06.plist": {
    "app_sintetizada": "67079A72553C4B3A9312584C893E3E06.PLIST",
    "cantidad_archivos": 1,
    "archivos_fuente": [
      "Pictures/Fototeca de Fotos.photoslibrary/resources/renders/6/67079A72-553C-4B3A-9312-584C893E3E06.plist"
    ],
    "ultima_modificacion": "2025-08-01 01:00:58.780976"
  },
  "6e68ae281cdb467bb1f1c1ee5eecc271.plist": {
    "app_sintetizada": "6E68AE281CDB467BB1F1C1EE5EECC271.PLIST",
    "cantidad_archivos": 1,
    "archivos_fuente": [
      "Pictures/Fototeca de Fotos.photoslibrary/resources/renders/6/6E68AE28-1CDB-467B-B1F1-C1EE5EECC271.plist"
    ],
    "ultima_modificacion": "2025-08-01 01:00:58.781185"
  },
  "66d65ac1aa36409b803a11a1e92a9272.plist": {
    "app_sintetizada": "66D65AC1AA36409B803A11A1E92A9272.PLIST",
    "cantidad_archivos": 1,
    "archivos_fuente": [
      "Pictures/Fototeca de Fotos.photoslibrary/resources/renders/6/66D65AC1-AA36-409B-803A-11A1E92A9272.plist"
    ],
    "ultima_modificacion": "2025-08-01 01:00:58.781439"
  },
  "62d54f3584fc435eb62b82cee1a73d95.plist": {
    "app_sintetizada": "62D54F3584FC435EB62B82CEE1A73D95.PLIST",
    "cantidad_archivos": 1,
    "archivos_fuente": [
      "Pictures/Fototeca de Fotos.photoslibrary/resources/renders/6/62D54F35-84FC-435E-B62B-82CEE1A73D95.plist"
    ],
    "ultima_modificacion": "2025-08-01 01:00:58.781646"
  },
  "6275995241264f8389b977f7a370708f.plist": {
    "app_sintetizada": "6275995241264F8389B977F7A370708F.PLIST",
    "cantidad_archivos": 1,
    "archivos_fuente": [
      "Pictures/Fototeca de Fotos.photoslibrary/resources/renders/6/62759952-4126-4F83-89B9-77F7A370708F.plist"
    ],
    "ultima_modificacion": "2025-08-01 01:00:58.781839"
  },
  "6f8c74e37f234911a19f898fdc403ce0.plist": {
    "app_sintetizada": "6F8C74E37F234911A19F898FDC403CE0.PLIST",
    "cantidad_archivos": 1,
    "archivos_fuente": [
      "Pictures/Fototeca de Fotos.photoslibrary/resources/renders/6/6F8C74E3-7F23-4911-A19F-898FDC403CE0.plist"
    ],
    "ultima_modificacion": "2025-08-01 01:00:58.782022"
  },
  "681d77fdccde4e4f9bb93ad5f5113c93.plist": {
    "app_sintetizada": "681D77FDCCDE4E4F9BB93AD5F5113C93.PLIST",
    "cantidad_archivos": 1,
    "archivos_fuente": [
      "Pictures/Fototeca de Fotos.photoslibrary/resources/renders/6/681D77FD-CCDE-4E4F-9BB9-3AD5F5113C93.plist"
    ],
    "ultima_modificacion": "2025-08-01 01:00:58.782204"
  },
  "6c6d418297ff47789ae5a386a66504dc.plist": {
    "app_sintetizada": "6C6D418297FF47789AE5A386A66504DC.PLIST",
    "cantidad_archivos": 1,
    "archivos_fuente": [
      "Pictures/Fototeca de Fotos.photoslibrary/resources/renders/6/6C6D4182-97FF-4778-9AE5-A386A66504DC.plist"
    ],
    "ultima_modificacion": "2025-08-01 01:00:58.782375"
  },
  "6d7f1ae0d549484f98a0ef0e357c2bd7.plist": {
    "app_sintetizada": "6D7F1AE0D549484F98A0EF0E357C2BD7.PLIST",
    "cantidad_archivos": 1,
    "archivos_fuente": [
      "Pictures/Fototeca de Fotos.photoslibrary/resources/renders/6/6D7F1AE0-D549-484F-98A0-EF0E357C2BD7.plist"
    ],
    "ultima_modificacion": "2025-08-01 01:00:58.782542"
  },
  "6a60e273e7f34510afa99d5947952a7a.plist": {
    "app_sintetizada": "6A60E273E7F34510AFA99D5947952A7A.PLIST",
    "cantidad_archivos": 1,
    "archivos_fuente": [
      "Pictures/Fototeca de Fotos.photoslibrary/resources/renders/6/6A60E273-E7F3-4510-AFA9-9D5947952A7A.plist"
    ],
    "ultima_modificacion": "2025-08-01 01:00:58.782718"
  },
  "622877ed5eef499aa0891cb875a894cc.plist": {
    "app_sintetizada": "622877ED5EEF499AA0891CB875A894CC.PLIST",
    "cantidad_archivos": 1,
    "archivos_fuente": [
      "Pictures/Fototeca de Fotos.photoslibrary/resources/renders/6/622877ED-5EEF-499A-A089-1CB875A894CC.plist"
    ],
    "ultima_modificacion": "2025-08-01 01:00:58.782889"
  },
  "6c26c8d57076465bbf943e8a5c699760.plist": {
    "app_sintetizada": "6C26C8D57076465BBF943E8A5C699760.PLIST",
    "cantidad_archivos": 1,
    "archivos_fuente": [
      "Pictures/Fototeca de Fotos.photoslibrary/resources/renders/6/6C26C8D5-7076-465B-BF94-3E8A5C699760.plist"
    ],
    "ultima_modificacion": "2025-08-01 01:00:58.783054"
  },
  "6ca104edaf5a42299f03f484a9bc10f3.plist": {
    "app_sintetizada": "6CA104EDAF5A42299F03F484A9BC10F3.PLIST",
    "cantidad_archivos": 1,
    "archivos_fuente": [
      "Pictures/Fototeca de Fotos.photoslibrary/resources/renders/6/6CA104ED-AF5A-4229-9F03-F484A9BC10F3.plist"
    ],
    "ultima_modificacion": "2025-08-01 01:00:58.783233"
  },
  "6f69baea7e9a4a2b93158d72aa63dd4c.plist": {
    "app_sintetizada": "6F69BAEA7E9A4A2B93158D72AA63DD4C.PLIST",
    "cantidad_archivos": 1,
    "archivos_fuente": [
      "Pictures/Fototeca de Fotos.photoslibrary/resources/renders/6/6F69BAEA-7E9A-4A2B-9315-8D72AA63DD4C.plist"
    ],
    "ultima_modificacion": "2025-08-01 01:00:58.783399"
  },
  "62494f751e934546932a2bf1c413b07d.plist": {
    "app_sintetizada": "62494F751E934546932A2BF1C413B07D.PLIST",
    "cantidad_archivos": 1,
    "archivos_fuente": [
      "Pictures/Fototeca de Fotos.photoslibrary/resources/renders/6/62494F75-1E93-4546-932A-2BF1C413B07D.plist"
    ],
    "ultima_modificacion": "2025-08-01 01:00:58.783560"
  },
  "6cf470f1d34549969367cfb8451c579c.plist": {
    "app_sintetizada": "6CF470F1D34549969367CFB8451C579C.PLIST",
    "cantidad_archivos": 1,
    "archivos_fuente": [
      "Pictures/Fototeca de Fotos.photoslibrary/resources/renders/6/6CF470F1-D345-4996-9367-CFB8451C579C.plist"
    ],
    "ultima_modificacion": "2025-08-01 01:00:58.783725"
  },
  "6746091e7f3b49379bc89997a196d508.plist": {
    "app_sintetizada": "6746091E7F3B49379BC89997A196D508.PLIST",
    "cantidad_archivos": 1,
    "archivos_fuente": [
      "Pictures/Fototeca de Fotos.photoslibrary/resources/renders/6/6746091E-7F3B-4937-9BC8-9997A196D508.plist"
    ],
    "ultima_modificacion": "2025-08-01 01:00:58.783955"
  },
  "63378a40efd747b3b3c2bbe1e0bf3941.plist": {
    "app_sintetizada": "63378A40EFD747B3B3C2BBE1E0BF3941.PLIST",
    "cantidad_archivos": 1,
    "archivos_fuente": [
      "Pictures/Fototeca de Fotos.photoslibrary/resources/renders/6/63378A40-EFD7-47B3-B3C2-BBE1E0BF3941.plist"
    ],
    "ultima_modificacion": "2025-08-01 01:00:58.784224"
  },
  "60cb90bab26c4d798124d2b6d92b65a6.plist": {
    "app_sintetizada": "60CB90BAB26C4D798124D2B6D92B65A6.PLIST",
    "cantidad_archivos": 1,
    "archivos_fuente": [
      "Pictures/Fototeca de Fotos.photoslibrary/resources/renders/6/60CB90BA-B26C-4D79-8124-D2B6D92B65A6.plist"
    ],
    "ultima_modificacion": "2025-08-01 01:00:58.784468"
  },
  "6fe90f86c9784d47b156fed313e4c5d7.plist": {
    "app_sintetizada": "6FE90F86C9784D47B156FED313E4C5D7.PLIST",
    "cantidad_archivos": 1,
    "archivos_fuente": [
      "Pictures/Fototeca de Fotos.photoslibrary/resources/renders/6/6FE90F86-C978-4D47-B156-FED313E4C5D7.plist"
    ],
    "ultima_modificacion": "2025-08-01 01:00:58.784695"
  },
  "63db48b062f5498d9b537286c3f1b181.plist": {
    "app_sintetizada": "63DB48B062F5498D9B537286C3F1B181.PLIST",
    "cantidad_archivos": 1,
    "archivos_fuente": [
      "Pictures/Fototeca de Fotos.photoslibrary/resources/renders/6/63DB48B0-62F5-498D-9B53-7286C3F1B181.plist"
    ],
    "ultima_modificacion": "2025-08-01 01:00:58.784878"
  },
  "60a080114f9943e5810ba2a5cb55cf70.plist": {
    "app_sintetizada": "60A080114F9943E5810BA2A5CB55CF70.PLIST",
    "cantidad_archivos": 1,
    "archivos_fuente": [
      "Pictures/Fototeca de Fotos.photoslibrary/resources/renders/6/60A08011-4F99-43E5-810B-A2A5CB55CF70.plist"
    ],
    "ultima_modificacion": "2025-08-01 01:00:58.785051"
  },
  "6b5ddc48afa44652ab9f84628fd854e5.plist": {
    "app_sintetizada": "6B5DDC48AFA44652AB9F84628FD854E5.PLIST",
    "cantidad_archivos": 1,
    "archivos_fuente": [
      "Pictures/Fototeca de Fotos.photoslibrary/resources/renders/6/6B5DDC48-AFA4-4652-AB9F-84628FD854E5.plist"
    ],
    "ultima_modificacion": "2025-08-01 01:00:58.785222"
  },
  "69988616c31f45338887f59b59bfa9ff.plist": {
    "app_sintetizada": "69988616C31F45338887F59B59BFA9FF.PLIST",
    "cantidad_archivos": 1,
    "archivos_fuente": [
      "Pictures/Fototeca de Fotos.photoslibrary/resources/renders/6/69988616-C31F-4533-8887-F59B59BFA9FF.plist"
    ],
    "ultima_modificacion": "2025-08-01 01:00:58.785402"
  },
  "6cca2b10ad964b82add3756f0be0b75f.plist": {
    "app_sintetizada": "6CCA2B10AD964B82ADD3756F0BE0B75F.PLIST",
    "cantidad_archivos": 1,
    "archivos_fuente": [
      "Pictures/Fototeca de Fotos.photoslibrary/resources/renders/6/6CCA2B10-AD96-4B82-ADD3-756F0BE0B75F.plist"
    ],
    "ultima_modificacion": "2025-08-01 01:00:58.785591"
  },
  "66245911265244bca4838eb87e81e7e5.plist": {
    "app_sintetizada": "66245911265244BCA4838EB87E81E7E5.PLIST",
    "cantidad_archivos": 1,
    "archivos_fuente": [
      "Pictures/Fototeca de Fotos.photoslibrary/resources/renders/6/66245911-2652-44BC-A483-8EB87E81E7E5.plist"
    ],
    "ultima_modificacion": "2025-08-01 01:00:58.785855"
  },
  "65e4a1d5976a41b694a2bd905485afc8.plist": {
    "app_sintetizada": "65E4A1D5976A41B694A2BD905485AFC8.PLIST",
    "cantidad_archivos": 1,
    "archivos_fuente": [
      "Pictures/Fototeca de Fotos.photoslibrary/resources/renders/6/65E4A1D5-976A-41B6-94A2-BD905485AFC8.plist"
    ],
    "ultima_modificacion": "2025-08-01 01:00:58.786113"
  },
  "61894e2eb6484fc586174beb0f576dc3.plist": {
    "app_sintetizada": "61894E2EB6484FC586174BEB0F576DC3.PLIST",
    "cantidad_archivos": 1,
    "archivos_fuente": [
      "Pictures/Fototeca de Fotos.photoslibrary/resources/renders/6/61894E2E-B648-4FC5-8617-4BEB0F576DC3.plist"
    ],
    "ultima_modificacion": "2025-08-01 01:00:58.786370"
  },
  "6d7b8e7905184c9585a33c373b6251e8.plist": {
    "app_sintetizada": "6D7B8E7905184C9585A33C373B6251E8.PLIST",
    "cantidad_archivos": 1,
    "archivos_fuente": [
      "Pictures/Fototeca de Fotos.photoslibrary/resources/renders/6/6D7B8E79-0518-4C95-85A3-3C373B6251E8.plist"
    ],
    "ultima_modificacion": "2025-08-01 01:00:58.786631"
  },
  "6105ebbced3243bd83a5994a198ee1c7.plist": {
    "app_sintetizada": "6105EBBCED3243BD83A5994A198EE1C7.PLIST",
    "cantidad_archivos": 1,
    "archivos_fuente": [
      "Pictures/Fototeca de Fotos.photoslibrary/resources/renders/6/6105EBBC-ED32-43BD-83A5-994A198EE1C7.plist"
    ],
    "ultima_modificacion": "2025-08-01 01:00:58.786896"
  },
  "65883c0deb4b4a4492588bce1e01bf41.plist": {
    "app_sintetizada": "65883C0DEB4B4A4492588BCE1E01BF41.PLIST",
    "cantidad_archivos": 1,
    "archivos_fuente": [
      "Pictures/Fototeca de Fotos.photoslibrary/resources/renders/6/65883C0D-EB4B-4A44-9258-8BCE1E01BF41.plist"
    ],
    "ultima_modificacion": "2025-08-01 01:00:58.787172"
  },
  "653144d28c274ae3b9d3a518885635be.plist": {
    "app_sintetizada": "653144D28C274AE3B9D3A518885635BE.PLIST",
    "cantidad_archivos": 1,
    "archivos_fuente": [
      "Pictures/Fototeca de Fotos.photoslibrary/resources/renders/6/653144D2-8C27-4AE3-B9D3-A518885635BE.plist"
    ],
    "ultima_modificacion": "2025-08-01 01:00:58.787426"
  },
  "6727bf7a00c94280bdc8f1267340ff43.plist": {
    "app_sintetizada": "6727BF7A00C94280BDC8F1267340FF43.PLIST",
    "cantidad_archivos": 1,
    "archivos_fuente": [
      "Pictures/Fototeca de Fotos.photoslibrary/resources/renders/6/6727BF7A-00C9-4280-BDC8-F1267340FF43.plist"
    ],
    "ultima_modificacion": "2025-08-01 01:00:58.787677"
  }
}