{
  "96a685928d9a43a5ba23dd00f8c8accc.plist": {
    "app_sintetizada": "96A685928D9A43A5BA23DD00F8C8ACCC.PLIST",
    "cantidad_archivos": 1,
    "archivos_fuente": [
      "Pictures/Fototeca de Fotos.photoslibrary/resources/renders/9/96A68592-8D9A-43A5-BA23-DD00F8C8ACCC.plist"
    ],
    "ultima_modificacion": "2025-08-01 01:00:58.592260"
  },
  "9037d985b45640e59fa0b732914845a7.plist": {
    "app_sintetizada": "9037D985B45640E59FA0B732914845A7.PLIST",
    "cantidad_archivos": 1,
    "archivos_fuente": [
      "Pictures/Fototeca de Fotos.photoslibrary/resources/renders/9/9037D985-B456-40E5-9FA0-B732914845A7.plist"
    ],
    "ultima_modificacion": "2025-08-01 01:00:58.592533"
  },
  "971346424fb74021a0cc0ebf06974ccb.plist": {
    "app_sintetizada": "971346424FB74021A0CC0EBF06974CCB.PLIST",
    "cantidad_archivos": 1,
    "archivos_fuente": [
      "Pictures/Fototeca de Fotos.photoslibrary/resources/renders/9/97134642-4FB7-4021-A0CC-0EBF06974CCB.plist"
    ],
    "ultima_modificacion": "2025-08-01 01:00:58.592802"
  },
  "9647d6eea02f48d7a67edf76710aa69a.plist": {
    "app_sintetizada": "9647D6EEA02F48D7A67EDF76710AA69A.PLIST",
    "cantidad_archivos": 1,
    "archivos_fuente": [
      "Pictures/Fototeca de Fotos.photoslibrary/resources/renders/9/9647D6EE-A02F-48D7-A67E-DF76710AA69A.plist"
    ],
    "ultima_modificacion": "2025-08-01 01:00:58.593067"
  },
  "97a8b3b5412b48938e084574dfff95c5.plist": {
    "app_sintetizada": "97A8B3B5412B48938E084574DFFF95C5.PLIST",
    "cantidad_archivos": 1,
    "archivos_fuente": [
      "Pictures/Fototeca de Fotos.photoslibrary/resources/renders/9/97A8B3B5-412B-4893-8E08-4574DFFF95C5.plist"
    ],
    "ultima_modificacion": "2025-08-01 01:00:58.593323"
  },
  "9b4df3d7881e4e4ea8353cdf36785c26.plist": {
    "app_sintetizada": "9B4DF3D7881E4E4EA8353CDF36785C26.PLIST",
    "cantidad_archivos": 1,
    "archivos_fuente": [
      "Pictures/Fototeca de Fotos.photoslibrary/resources/renders/9/9B4DF3D7-881E-4E4E-A835-3CDF36785C26.plist"
    ],
    "ultima_modificacion": "2025-08-01 01:00:58.593584"
  },
  "900e1fbb9d1d4cc29e62c73c97d96552.plist": {
    "app_sintetizada": "900E1FBB9D1D4CC29E62C73C97D96552.PLIST",
    "cantidad_archivos": 1,
    "archivos_fuente": [
      "Pictures/Fototeca de Fotos.photoslibrary/resources/renders/9/900E1FBB-9D1D-4CC2-9E62-C73C97D96552.plist"
    ],
    "ultima_modificacion": "2025-08-01 01:00:58.593845"
  },
  "994194064920433b8ebb212bd84a44eb.plist": {
    "app_sintetizada": "994194064920433B8EBB212BD84A44EB.PLIST",
    "cantidad_archivos": 1,
    "archivos_fuente": [
      "Pictures/Fototeca de Fotos.photoslibrary/resources/renders/9/99419406-4920-433B-8EBB-212BD84A44EB.plist"
    ],
    "ultima_modificacion": "2025-08-01 01:00:58.594105"
  },
  "9a9f6963ae714b2fa3afc7737773f154.plist": {
    "app_sintetizada": "9A9F6963AE714B2FA3AFC7737773F154.PLIST",
    "cantidad_archivos": 1,
    "archivos_fuente": [
      "Pictures/Fototeca de Fotos.photoslibrary/resources/renders/9/9A9F6963-AE71-4B2F-A3AF-C7737773F154.plist"
    ],
    "ultima_modificacion": "2025-08-01 01:00:58.594369"
  },
  "92af683c5e2d479f941305264fc29924.plist": {
    "app_sintetizada": "92AF683C5E2D479F941305264FC29924.PLIST",
    "cantidad_archivos": 1,
    "archivos_fuente": [
      "Pictures/Fototeca de Fotos.photoslibrary/resources/renders/9/92AF683C-5E2D-479F-9413-05264FC29924.plist"
    ],
    "ultima_modificacion": "2025-08-01 01:00:58.594616"
  },
  "9db9aa8709d7470793fa6640ed9319c5.plist": {
    "app_sintetizada": "9DB9AA8709D7470793FA6640ED9319C5.PLIST",
    "cantidad_archivos": 1,
    "archivos_fuente": [
      "Pictures/Fototeca de Fotos.photoslibrary/resources/renders/9/9DB9AA87-09D7-4707-93FA-6640ED9319C5.plist"
    ],
    "ultima_modificacion": "2025-08-01 01:00:58.594872"
  },
  "95559674864e453db59886c08757acba.plist": {
    "app_sintetizada": "95559674864E453DB59886C08757ACBA.PLIST",
    "cantidad_archivos": 1,
    "archivos_fuente": [
      "Pictures/Fototeca de Fotos.photoslibrary/resources/renders/9/95559674-864E-453D-B598-86C08757ACBA.plist"
    ],
    "ultima_modificacion": "2025-08-01 01:00:58.595119"
  },
  "902d4989977349c9a0a4cd6d3bc246d0.plist": {
    "app_sintetizada": "902D4989977349C9A0A4CD6D3BC246D0.PLIST",
    "cantidad_archivos": 1,
    "archivos_fuente": [
      "Pictures/Fototeca de Fotos.photoslibrary/resources/renders/9/902D4989-9773-49C9-A0A4-CD6D3BC246D0.plist"
    ],
    "ultima_modificacion": "2025-08-01 01:00:58.595374"
  },
  "9820cea8f94f41f285c7f555219f7a47.plist": {
    "app_sintetizada": "9820CEA8F94F41F285C7F555219F7A47.PLIST",
    "cantidad_archivos": 1,
    "archivos_fuente": [
      "Pictures/Fototeca de Fotos.photoslibrary/resources/renders/9/9820CEA8-F94F-41F2-85C7-F555219F7A47.plist"
    ],
    "ultima_modificacion": "2025-08-01 01:00:58.595644"
  },
  "9dec96e29e864575b4c83a7333ee8848.plist": {
    "app_sintetizada": "9DEC96E29E864575B4C83A7333EE8848.PLIST",
    "cantidad_archivos": 1,
    "archivos_fuente": [
      "Pictures/Fototeca de Fotos.photoslibrary/resources/renders/9/9DEC96E2-9E86-4575-B4C8-3A7333EE8848.plist"
    ],
    "ultima_modificacion": "2025-08-01 01:00:58.595909"
  },
  "9d931015d7ac4c53bfc00f15a6b6e833.plist": {
    "app_sintetizada": "9D931015D7AC4C53BFC00F15A6B6E833.PLIST",
    "cantidad_archivos": 1,
    "archivos_fuente": [
      "Pictures/Fototeca de Fotos.photoslibrary/resources/renders/9/9D931015-D7AC-4C53-BFC0-0F15A6B6E833.plist"
    ],
    "ultima_modificacion": "2025-08-01 01:00:58.596160"
  },
  "94c5c5fa8e0e4949803d9c27698199ea.plist": {
    "app_sintetizada": "94C5C5FA8E0E4949803D9C27698199EA.PLIST",
    "cantidad_archivos": 1,
    "archivos_fuente": [
      "Pictures/Fototeca de Fotos.photoslibrary/resources/renders/9/94C5C5FA-8E0E-4949-803D-9C27698199EA.plist"
    ],
    "ultima_modificacion": "2025-08-01 01:00:58.596405"
  },
  "96562ef110734172a96531485da64f54.plist": {
    "app_sintetizada": "96562EF110734172A96531485DA64F54.PLIST",
    "cantidad_archivos": 1,
    "archivos_fuente": [
      "Pictures/Fototeca de Fotos.photoslibrary/resources/renders/9/96562EF1-1073-4172-A965-31485DA64F54.plist"
    ],
    "ultima_modificacion": "2025-08-01 01:00:58.596641"
  },
  "9b9c0ec1eeae4e49946d4cbd9ee302d8.plist": {
    "app_sintetizada": "9B9C0EC1EEAE4E49946D4CBD9EE302D8.PLIST",
    "cantidad_archivos": 1,
    "archivos_fuente": [
      "Pictures/Fototeca de Fotos.photoslibrary/resources/renders/9/9B9C0EC1-EEAE-4E49-946D-4CBD9EE302D8.plist"
    ],
    "ultima_modificacion": "2025-08-01 01:00:58.596890"
  },
  "96dcbe5fa63e440c8ddecda4ab160444.plist": {
    "app_sintetizada": "96DCBE5FA63E440C8DDECDA4AB160444.PLIST",
    "cantidad_archivos": 1,
    "archivos_fuente": [
      "Pictures/Fototeca de Fotos.photoslibrary/resources/renders/9/96DCBE5F-A63E-440C-8DDE-CDA4AB160444.plist"
    ],
    "ultima_modificacion": "2025-08-01 01:00:58.597183"
  },
  "9a6b6b75fbe04851b27b7348a669bffb.plist": {
    "app_sintetizada": "9A6B6B75FBE04851B27B7348A669BFFB.PLIST",
    "cantidad_archivos": 1,
    "archivos_fuente": [
      "Pictures/Fototeca de Fotos.photoslibrary/resources/renders/9/9A6B6B75-FBE0-4851-B27B-7348A669BFFB.plist"
    ],
    "ultima_modificacion": "2025-08-01 01:00:58.597439"
  },
  "979a2619b2f84d01aef801ac297bbc84.plist": {
    "app_sintetizada": "979A2619B2F84D01AEF801AC297BBC84.PLIST",
    "cantidad_archivos": 1,
    "archivos_fuente": [
      "Pictures/Fototeca de Fotos.photoslibrary/resources/renders/9/979A2619-B2F8-4D01-AEF8-01AC297BBC84.plist"
    ],
    "ultima_modificacion": "2025-08-01 01:00:58.597693"
  },
  "9db0453ee11f485ab7680414c48ddfd5.plist": {
    "app_sintetizada": "9DB0453EE11F485AB7680414C48DDFD5.PLIST",
    "cantidad_archivos": 1,
    "archivos_fuente": [
      "Pictures/Fototeca de Fotos.photoslibrary/resources/renders/9/9DB0453E-E11F-485A-B768-0414C48DDFD5.plist"
    ],
    "ultima_modificacion": "2025-08-01 01:00:58.597928"
  },
  "9390fe29305e4fe88ea125d0ae73ee4a.plist": {
    "app_sintetizada": "9390FE29305E4FE88EA125D0AE73EE4A.PLIST",
    "cantidad_archivos": 1,
    "archivos_fuente": [
      "Pictures/Fototeca de Fotos.photoslibrary/resources/renders/9/9390FE29-305E-4FE8-8EA1-25D0AE73EE4A.plist"
    ],
    "ultima_modificacion": "2025-08-01 01:00:58.598162"
  },
  "91ce9bb859c74fcc90cccf6c99f3567e.plist": {
    "app_sintetizada": "91CE9BB859C74FCC90CCCF6C99F3567E.PLIST",
    "cantidad_archivos": 1,
    "archivos_fuente": [
      "Pictures/Fototeca de Fotos.photoslibrary/resources/renders/9/91CE9BB8-59C7-4FCC-90CC-CF6C99F3567E.plist"
    ],
    "ultima_modificacion": "2025-08-01 01:00:58.598403"
  },
  "9dc72fbeb7d14dcfbe3d0d8075460329.plist": {
    "app_sintetizada": "9DC72FBEB7D14DCFBE3D0D8075460329.PLIST",
    "cantidad_archivos": 1,
    "archivos_fuente": [
      "Pictures/Fototeca de Fotos.photoslibrary/resources/renders/9/9DC72FBE-B7D1-4DCF-BE3D-0D8075460329.plist"
    ],
    "ultima_modificacion": "2025-08-01 01:00:58.598665"
  },
  "9cf05123380d408a84da3ed3693f3632.plist": {
    "app_sintetizada": "9CF05123380D408A84DA3ED3693F3632.PLIST",
    "cantidad_archivos": 1,
    "archivos_fuente": [
      "Pictures/Fototeca de Fotos.photoslibrary/resources/renders/9/9CF05123-380D-408A-84DA-3ED3693F3632.plist"
    ],
    "ultima_modificacion": "2025-08-01 01:00:58.598913"
  },
  "9582d75c794b44a8a3a63e18972a7bf0.plist": {
    "app_sintetizada": "9582D75C794B44A8A3A63E18972A7BF0.PLIST",
    "cantidad_archivos": 1,
    "archivos_fuente": [
      "Pictures/Fototeca de Fotos.photoslibrary/resources/renders/9/9582D75C-794B-44A8-A3A6-3E18972A7BF0.plist"
    ],
    "ultima_modificacion": "2025-08-01 01:00:58.599190"
  },
  "9b1f26c4bd474908ba861ba07714a1b0.plist": {
    "app_sintetizada": "9B1F26C4BD474908BA861BA07714A1B0.PLIST",
    "cantidad_archivos": 1,
    "archivos_fuente": [
      "Pictures/Fototeca de Fotos.photoslibrary/resources/renders/9/9B1F26C4-BD47-4908-BA86-1BA07714A1B0.plist"
    ],
    "ultima_modificacion": "2025-08-01 01:00:58.599431"
  },
  "91b570dca39f43d78066ba3d1c2e2b77.plist": {
    "app_sintetizada": "91B570DCA39F43D78066BA3D1C2E2B77.PLIST",
    "cantidad_archivos": 1,
    "archivos_fuente": [
      "Pictures/Fototeca de Fotos.photoslibrary/resources/renders/9/91B570DC-A39F-43D7-8066-BA3D1C2E2B77.plist"
    ],
    "ultima_modificacion": "2025-08-01 01:00:58.599681"
  },
  "9de39b136439481ea921f6854cba4495.plist": {
    "app_sintetizada": "9DE39B136439481EA921F6854CBA4495.PLIST",
    "cantidad_archivos": 1,
    "archivos_fuente": [
      "Pictures/Fototeca de Fotos.photoslibrary/resources/renders/9/9DE39B13-6439-481E-A921-F6854CBA4495.plist"
    ],
    "ultima_modificacion": "2025-08-01 01:00:58.599934"
  },
  "9af4f89e064c4e6d89987e4f0ae8c825.plist": {
    "app_sintetizada": "9AF4F89E064C4E6D89987E4F0AE8C825.PLIST",
    "cantidad_archivos": 1,
    "archivos_fuente": [
      "Pictures/Fototeca de Fotos.photoslibrary/resources/renders/9/9AF4F89E-064C-4E6D-8998-7E4F0AE8C825.plist"
    ],
    "ultima_modificacion": "2025-08-01 01:00:58.600201"
  },
  "9b318cc1172641a49472cc00ee60f660.plist": {
    "app_sintetizada": "9B318CC1172641A49472CC00EE60F660.PLIST",
    "cantidad_archivos": 1,
    "archivos_fuente": [
      "Pictures/Fototeca de Fotos.photoslibrary/resources/renders/9/9B318CC1-1726-41A4-9472-CC00EE60F660.plist"
    ],
    "ultima_modificacion": "2025-08-01 01:00:58.600450"
  },
  "960a3dea67c34b8198816e76790551d1.plist": {
    "app_sintetizada": "960A3DEA67C34B8198816E76790551D1.PLIST",
    "cantidad_archivos": 1,
    "archivos_fuente": [
      "Pictures/Fototeca de Fotos.photoslibrary/resources/renders/9/960A3DEA-67C3-4B81-9881-6E76790551D1.plist"
    ],
    "ultima_modificacion": "2025-08-01 01:00:58.600719"
  },
  "9a31500a0fc948ebb8ff697c779039cd.plist": {
    "app_sintetizada": "9A31500A0FC948EBB8FF697C779039CD.PLIST",
    "cantidad_archivos": 1,
    "archivos_fuente": [
      "Pictures/Fototeca de Fotos.photoslibrary/resources/renders/9/9A31500A-0FC9-48EB-B8FF-697C779039CD.plist"
    ],
    "ultima_modificacion": "2025-08-01 01:00:58.600985"
  },
  "9199bb6828fb4eeb884b6ba055cf4bbb.plist": {
    "app_sintetizada": "9199BB6828FB4EEB884B6BA055CF4BBB.PLIST",
    "cantidad_archivos": 1,
    "archivos_fuente": [
      "Pictures/Fototeca de Fotos.photoslibrary/resources/renders/9/9199BB68-28FB-4EEB-884B-6BA055CF4BBB.plist"
    ],
    "ultima_modificacion": "2025-08-01 01:00:58.601269"
  },
  "9e97047734c64f62a04e8d7b788de3a7.plist": {
    "app_sintetizada": "9E97047734C64F62A04E8D7B788DE3A7.PLIST",
    "cantidad_archivos": 1,
    "archivos_fuente": [
      "Pictures/Fototeca de Fotos.photoslibrary/resources/renders/9/9E970477-34C6-4F62-A04E-8D7B788DE3A7.plist"
    ],
    "ultima_modificacion": "2025-08-01 01:00:58.601619"
  },
  "9cea159480b74f2ea888a17b63b5b0cf.plist": {
    "app_sintetizada": "9CEA159480B74F2EA888A17B63B5B0CF.PLIST",
    "cantidad_archivos": 1,
    "archivos_fuente": [
      "Pictures/Fototeca de Fotos.photoslibrary/resources/renders/9/9CEA1594-80B7-4F2E-A888-A17B63B5B0CF.plist"
    ],
    "ultima_modificacion": "2025-08-01 01:00:58.602068"
  },
  "9b343be92ddb4e6aa9db521d4e541a21.plist": {
    "app_sintetizada": "9B343BE92DDB4E6AA9DB521D4E541A21.PLIST",
    "cantidad_archivos": 1,
    "archivos_fuente": [
      "Pictures/Fototeca de Fotos.photoslibrary/resources/renders/9/9B343BE9-2DDB-4E6A-A9DB-521D4E541A21.plist"
    ],
    "ultima_modificacion": "2025-08-01 01:00:58.602328"
  },
  "9fb91016ba674a3c9c0f0dbd164c3fd5.plist": {
    "app_sintetizada": "9FB91016BA674A3C9C0F0DBD164C3FD5.PLIST",
    "cantidad_archivos": 1,
    "archivos_fuente": [
      "Pictures/Fototeca de Fotos.photoslibrary/resources/renders/9/9FB91016-BA67-4A3C-9C0F-0DBD164C3FD5.plist"
    ],
    "ultima_modificacion": "2025-08-01 01:00:58.602576"
  },
  "9c558c4e782c4cc58c6ce94b209e33bf.plist": {
    "app_sintetizada": "9C558C4E782C4CC58C6CE94B209E33BF.PLIST",
    "cantidad_archivos": 1,
    "archivos_fuente": [
      "Pictures/Fototeca de Fotos.photoslibrary/resources/renders/9/9C558C4E-782C-4CC5-8C6C-E94B209E33BF.plist"
    ],
    "ultima_modificacion": "2025-08-01 01:00:58.602822"
  },
  "91be73e92d4c494992df39112935fb4b.plist": {
    "app_sintetizada": "91BE73E92D4C494992DF39112935FB4B.PLIST",
    "cantidad_archivos": 1,
    "archivos_fuente": [
      "Pictures/Fototeca de Fotos.photoslibrary/resources/renders/9/91BE73E9-2D4C-4949-92DF-39112935FB4B.plist"
    ],
    "ultima_modificacion": "2025-08-01 01:00:58.603066"
  },
  "9497adb941664691abd46d3d30a94835.plist": {
    "app_sintetizada": "9497ADB941664691ABD46D3D30A94835.PLIST",
    "cantidad_archivos": 1,
    "archivos_fuente": [
      "Pictures/Fototeca de Fotos.photoslibrary/resources/renders/9/9497ADB9-4166-4691-ABD4-6D3D30A94835.plist"
    ],
    "ultima_modificacion": "2025-08-01 01:00:58.603369"
  },
  "948b9071a69348fabc37d79427491e11.plist": {
    "app_sintetizada": "948B9071A69348FABC37D79427491E11.PLIST",
    "cantidad_archivos": 1,
    "archivos_fuente": [
      "Pictures/Fototeca de Fotos.photoslibrary/resources/renders/9/948B9071-A693-48FA-BC37-D79427491E11.plist"
    ],
    "ultima_modificacion": "2025-08-01 01:00:58.603605"
  },
  "93889b396e1240a89babb8a7630a0e1b.plist": {
    "app_sintetizada": "93889B396E1240A89BABB8A7630A0E1B.PLIST",
    "cantidad_archivos": 1,
    "archivos_fuente": [
      "Pictures/Fototeca de Fotos.photoslibrary/resources/renders/9/93889B39-6E12-40A8-9BAB-B8A7630A0E1B.plist"
    ],
    "ultima_modificacion": "2025-08-01 01:00:58.603838"
  },
  "9186039363534b429dec127687a544f1.plist": {
    "app_sintetizada": "9186039363534B429DEC127687A544F1.PLIST",
    "cantidad_archivos": 1,
    "archivos_fuente": [
      "Pictures/Fototeca de Fotos.photoslibrary/resources/renders/9/91860393-6353-4B42-9DEC-127687A544F1.plist"
    ],
    "ultima_modificacion": "2025-08-01 01:00:58.604091"
  },
  "9658914d529f46408178ed051307dd7c.plist": {
    "app_sintetizada": "9658914D529F46408178ED051307DD7C.PLIST",
    "cantidad_archivos": 1,
    "archivos_fuente": [
      "Pictures/Fototeca de Fotos.photoslibrary/resources/renders/9/9658914D-529F-4640-8178-ED051307DD7C.plist"
    ],
    "ultima_modificacion": "2025-08-01 01:00:58.604325"
  },
  "9d3dfa414032476fba904f7ff42b7208.plist": {
    "app_sintetizada": "9D3DFA414032476FBA904F7FF42B7208.PLIST",
    "cantidad_archivos": 1,
    "archivos_fuente": [
      "Pictures/Fototeca de Fotos.photoslibrary/resources/renders/9/9D3DFA41-4032-476F-BA90-4F7FF42B7208.plist"
    ],
    "ultima_modificacion": "2025-08-01 01:00:58.604580"
  },
  "9c7667fa27bf437f8fab7a948f161ea8.plist": {
    "app_sintetizada": "9C7667FA27BF437F8FAB7A948F161EA8.PLIST",
    "cantidad_archivos": 1,
    "archivos_fuente": [
      "Pictures/Fototeca de Fotos.photoslibrary/resources/renders/9/9C7667FA-27BF-437F-8FAB-7A948F161EA8.plist"
    ],
    "ultima_modificacion": "2025-08-01 01:00:58.604834"
  },
  "9271391248574ce791f8ea05e8230db9.plist": {
    "app_sintetizada": "9271391248574CE791F8EA05E8230DB9.PLIST",
    "cantidad_archivos": 1,
    "archivos_fuente": [
      "Pictures/Fototeca de Fotos.photoslibrary/resources/renders/9/92713912-4857-4CE7-91F8-EA05E8230DB9.plist"
    ],
    "ultima_modificacion": "2025-08-01 01:00:58.605065"
  },
  "979174cd7bd0484e8d1a3b21002bce48.plist": {
    "app_sintetizada": "979174CD7BD0484E8D1A3B21002BCE48.PLIST",
    "cantidad_archivos": 1,
    "archivos_fuente": [
      "Pictures/Fototeca de Fotos.photoslibrary/resources/renders/9/979174CD-7BD0-484E-8D1A-3B21002BCE48.plist"
    ],
    "ultima_modificacion": "2025-08-01 01:00:58.605309"
  },
  "97c45f379df7438095083af9cb0f4d20.plist": {
    "app_sintetizada": "97C45F379DF7438095083AF9CB0F4D20.PLIST",
    "cantidad_archivos": 1,
    "archivos_fuente": [
      "Pictures/Fototeca de Fotos.photoslibrary/resources/renders/9/97C45F37-9DF7-4380-9508-3AF9CB0F4D20.plist"
    ],
    "ultima_modificacion": "2025-08-01 01:00:58.605577"
  },
  "9ca02a81d0ac441383ff5e90f4978384.plist": {
    "app_sintetizada": "9CA02A81D0AC441383FF5E90F4978384.PLIST",
    "cantidad_archivos": 1,
    "archivos_fuente": [
      "Pictures/Fototeca de Fotos.photoslibrary/resources/renders/9/9CA02A81-D0AC-4413-83FF-5E90F4978384.plist"
    ],
    "ultima_modificacion": "2025-08-01 01:00:58.605893"
  },
  "9f5912cc6182499b9f396b81024713ea.plist": {
    "app_sintetizada": "9F5912CC6182499B9F396B81024713EA.PLIST",
    "cantidad_archivos": 1,
    "archivos_fuente": [
      "Pictures/Fototeca de Fotos.photoslibrary/resources/renders/9/9F5912CC-6182-499B-9F39-6B81024713EA.plist"
    ],
    "ultima_modificacion": "2025-08-01 01:00:58.606132"
  },
  "9983fc3c8f5c4250aa16414c17ec2055.plist": {
    "app_sintetizada": "9983FC3C8F5C4250AA16414C17EC2055.PLIST",
    "cantidad_archivos": 1,
    "archivos_fuente": [
      "Pictures/Fototeca de Fotos.photoslibrary/resources/renders/9/9983FC3C-8F5C-4250-AA16-414C17EC2055.plist"
    ],
    "ultima_modificacion": "2025-08-01 01:00:58.606366"
  },
  "9c7b04c180944a648eb8658310f44168.plist": {
    "app_sintetizada": "9C7B04C180944A648EB8658310F44168.PLIST",
    "cantidad_archivos": 1,
    "archivos_fuente": [
      "Pictures/Fototeca de Fotos.photoslibrary/resources/renders/9/9C7B04C1-8094-4A64-8EB8-658310F44168.plist"
    ],
    "ultima_modificacion": "2025-08-01 01:00:58.606592"
  },
  "9e912f9328634ef391c953aa1f082ff8.plist": {
    "app_sintetizada": "9E912F9328634EF391C953AA1F082FF8.PLIST",
    "cantidad_archivos": 1,
    "archivos_fuente": [
      "Pictures/Fototeca de Fotos.photoslibrary/resources/renders/9/9E912F93-2863-4EF3-91C9-53AA1F082FF8.plist"
    ],
    "ultima_modificacion": "2025-08-01 01:00:58.606871"
  },
  "9cdd54c488c746588bc2db06112a966b.plist": {
    "app_sintetizada": "9CDD54C488C746588BC2DB06112A966B.PLIST",
    "cantidad_archivos": 1,
    "archivos_fuente": [
      "Pictures/Fototeca de Fotos.photoslibrary/resources/renders/9/9CDD54C4-88C7-4658-8BC2-DB06112A966B.plist"
    ],
    "ultima_modificacion": "2025-08-01 01:00:58.607141"
  },
  "9e67e92e48de497483d8e82e0757566a.plist": {
    "app_sintetizada": "9E67E92E48DE497483D8E82E0757566A.PLIST",
    "cantidad_archivos": 1,
    "archivos_fuente": [
      "Pictures/Fototeca de Fotos.photoslibrary/resources/renders/9/9E67E92E-48DE-4974-83D8-E82E0757566A.plist"
    ],
    "ultima_modificacion": "2025-08-01 01:00:58.607566"
  },
  "9c81b5167c25432ebf94e41e615291a8.plist": {
    "app_sintetizada": "9C81B5167C25432EBF94E41E615291A8.PLIST",
    "cantidad_archivos": 1,
    "archivos_fuente": [
      "Pictures/Fototeca de Fotos.photoslibrary/resources/renders/9/9C81B516-7C25-432E-BF94-E41E615291A8.plist"
    ],
    "ultima_modificacion": "2025-08-01 01:00:58.607864"
  },
  "9c548729a680464b8ad2a626bb713be7.plist": {
    "app_sintetizada": "9C548729A680464B8AD2A626BB713BE7.PLIST",
    "cantidad_archivos": 1,
    "archivos_fuente": [
      "Pictures/Fototeca de Fotos.photoslibrary/resources/renders/9/9C548729-A680-464B-8AD2-A626BB713BE7.plist"
    ],
    "ultima_modificacion": "2025-08-01 01:00:58.608179"
  },
  "975945a0b91b4a65a5c029351d12bfb6.plist": {
    "app_sintetizada": "975945A0B91B4A65A5C029351D12BFB6.PLIST",
    "cantidad_archivos": 1,
    "archivos_fuente": [
      "Pictures/Fototeca de Fotos.photoslibrary/resources/renders/9/975945A0-B91B-4A65-A5C0-29351D12BFB6.plist"
    ],
    "ultima_modificacion": "2025-08-01 01:00:58.608463"
  },
  "9c5251bc59f54e60ba3174d71e770297.plist": {
    "app_sintetizada": "9C5251BC59F54E60BA3174D71E770297.PLIST",
    "cantidad_archivos": 1,
    "archivos_fuente": [
      "Pictures/Fototeca de Fotos.photoslibrary/resources/renders/9/9C5251BC-59F5-4E60-BA31-74D71E770297.plist"
    ],
    "ultima_modificacion": "2025-08-01 01:00:58.608731"
  },
  "9312f94f42c748bc976b5c754a6d00d2.plist": {
    "app_sintetizada": "9312F94F42C748BC976B5C754A6D00D2.PLIST",
    "cantidad_archivos": 1,
    "archivos_fuente": [
      "Pictures/Fototeca de Fotos.photoslibrary/resources/renders/9/9312F94F-42C7-48BC-976B-5C754A6D00D2.plist"
    ],
    "ultima_modificacion": "2025-08-01 01:00:58.608988"
  },
  "9b1ff066bf9e4652a200d2e359e63a59.plist": {
    "app_sintetizada": "9B1FF066BF9E4652A200D2E359E63A59.PLIST",
    "cantidad_archivos": 1,
    "archivos_fuente": [
      "Pictures/Fototeca de Fotos.photoslibrary/resources/renders/9/9B1FF066-BF9E-4652-A200-D2E359E63A59.plist"
    ],
    "ultima_modificacion": "2025-08-01 01:00:58.609295"
  },
  "95259cd7752d4b6786bc683fbfe23b24.plist": {
    "app_sintetizada": "95259CD7752D4B6786BC683FBFE23B24.PLIST",
    "cantidad_archivos": 1,
    "archivos_fuente": [
      "Pictures/Fototeca de Fotos.photoslibrary/resources/renders/9/95259CD7-752D-4B67-86BC-683FBFE23B24.plist"
    ],
    "ultima_modificacion": "2025-08-01 01:00:58.609562"
  },
  "97c59833d201454ebcf79a8844a26113.plist": {
    "app_sintetizada": "97C59833D201454EBCF79A8844A26113.PLIST",
    "cantidad_archivos": 1,
    "archivos_fuente": [
      "Pictures/Fototeca de Fotos.photoslibrary/resources/renders/9/97C59833-D201-454E-BCF7-9A8844A26113.plist"
    ],
    "ultima_modificacion": "2025-08-01 01:00:58.609834"
  },
  "940c8317bb9445619fe0632702667d01.plist": {
    "app_sintetizada": "940C8317BB9445619FE0632702667D01.PLIST",
    "cantidad_archivos": 1,
    "archivos_fuente": [
      "Pictures/Fototeca de Fotos.photoslibrary/resources/renders/9/940C8317-BB94-4561-9FE0-632702667D01.plist"
    ],
    "ultima_modificacion": "2025-08-01 01:00:58.610092"
  },
  "9899d0e6d71b409ea8f82bd10ad49948.plist": {
    "app_sintetizada": "9899D0E6D71B409EA8F82BD10AD49948.PLIST",
    "cantidad_archivos": 1,
    "archivos_fuente": [
      "Pictures/Fototeca de Fotos.photoslibrary/resources/renders/9/9899D0E6-D71B-409E-A8F8-2BD10AD49948.plist"
    ],
    "ultima_modificacion": "2025-08-01 01:00:58.610379"
  },
  "933fde22a905404899ea40c80a21ac5e.plist": {
    "app_sintetizada": "933FDE22A905404899EA40C80A21AC5E.PLIST",
    "cantidad_archivos": 1,
    "archivos_fuente": [
      "Pictures/Fototeca de Fotos.photoslibrary/resources/renders/9/933FDE22-A905-4048-99EA-40C80A21AC5E.plist"
    ],
    "ultima_modificacion": "2025-08-01 01:00:58.610621"
  },
  "9a2412e5afbe44fb924e93304cdd929c.plist": {
    "app_sintetizada": "9A2412E5AFBE44FB924E93304CDD929C.PLIST",
    "cantidad_archivos": 1,
    "archivos_fuente": [
      "Pictures/Fototeca de Fotos.photoslibrary/resources/renders/9/9A2412E5-AFBE-44FB-924E-93304CDD929C.plist"
    ],
    "ultima_modificacion": "2025-08-01 01:00:58.610938"
  },
  "9a09fbcd036c487793485dfc75720bc0.plist": {
    "app_sintetizada": "9A09FBCD036C487793485DFC75720BC0.PLIST",
    "cantidad_archivos": 1,
    "archivos_fuente": [
      "Pictures/Fototeca de Fotos.photoslibrary/resources/renders/9/9A09FBCD-036C-4877-9348-5DFC75720BC0.plist"
    ],
    "ultima_modificacion": "2025-08-01 01:00:58.611283"
  },
  "9424d6031a174e55b4e31bd3911f44ed.plist": {
    "app_sintetizada": "9424D6031A174E55B4E31BD3911F44ED.PLIST",
    "cantidad_archivos": 1,
    "archivos_fuente": [
      "Pictures/Fototeca de Fotos.photoslibrary/resources/renders/9/9424D603-1A17-4E55-B4E3-1BD3911F44ED.plist"
    ],
    "ultima_modificacion": "2025-08-01 01:00:58.611530"
  },
  "96956f8fb3bd48a885eff2b352c877ac.plist": {
    "app_sintetizada": "96956F8FB3BD48A885EFF2B352C877AC.PLIST",
    "cantidad_archivos": 1,
    "archivos_fuente": [
      "Pictures/Fototeca de Fotos.photoslibrary/resources/renders/9/96956F8F-B3BD-48A8-85EF-F2B352C877AC.plist"
    ],
    "ultima_modificacion": "2025-08-01 01:00:58.611819"
  },
  "9085597b0f8d4b7685f758b35d19c4c0.plist": {
    "app_sintetizada": "9085597B0F8D4B7685F758B35D19C4C0.PLIST",
    "cantidad_archivos": 1,
    "archivos_fuente": [
      "Pictures/Fototeca de Fotos.photoslibrary/resources/renders/9/9085597B-0F8D-4B76-85F7-58B35D19C4C0.plist"
    ],
    "ultima_modificacion": "2025-08-01 01:00:58.612114"
  },
  "9443bc9b2aa54f88be1b30357417ca7c.plist": {
    "app_sintetizada": "9443BC9B2AA54F88BE1B30357417CA7C.PLIST",
    "cantidad_archivos": 1,
    "archivos_fuente": [
      "Pictures/Fototeca de Fotos.photoslibrary/resources/renders/9/9443BC9B-2AA5-4F88-BE1B-30357417CA7C.plist"
    ],
    "ultima_modificacion": "2025-08-01 01:00:58.612383"
  },
  "93fb5dda23e544efbb2d3dc278087d40.plist": {
    "app_sintetizada": "93FB5DDA23E544EFBB2D3DC278087D40.PLIST",
    "cantidad_archivos": 1,
    "archivos_fuente": [
      "Pictures/Fototeca de Fotos.photoslibrary/resources/renders/9/93FB5DDA-23E5-44EF-BB2D-3DC278087D40.plist"
    ],
    "ultima_modificacion": "2025-08-01 01:00:58.612715"
  },
  "9ba5bd1036554379b79237625d3158d7.plist": {
    "app_sintetizada": "9BA5BD1036554379B79237625D3158D7.PLIST",
    "cantidad_archivos": 1,
    "archivos_fuente": [
      "Pictures/Fototeca de Fotos.photoslibrary/resources/renders/9/9BA5BD10-3655-4379-B792-37625D3158D7.plist"
    ],
    "ultima_modificacion": "2025-08-01 01:00:58.613278"
  },
  "9c57e57773824a4bb50cb5de2ec8c9f2.plist": {
    "app_sintetizada": "9C57E57773824A4BB50CB5DE2EC8C9F2.PLIST",
    "cantidad_archivos": 1,
    "archivos_fuente": [
      "Pictures/Fototeca de Fotos.photoslibrary/resources/renders/9/9C57E577-7382-4A4B-B50C-B5DE2EC8C9F2.plist"
    ],
    "ultima_modificacion": "2025-08-01 01:00:58.613531"
  },
  "9a13ee3bb43c43fbaea6235ca9fbfbd0.plist": {
    "app_sintetizada": "9A13EE3BB43C43FBAEA6235CA9FBFBD0.PLIST",
    "cantidad_archivos": 1,
    "archivos_fuente": [
      "Pictures/Fototeca de Fotos.photoslibrary/resources/renders/9/9A13EE3B-B43C-43FB-AEA6-235CA9FBFBD0.plist"
    ],
    "ultima_modificacion": "2025-08-01 01:00:58.613782"
  },
  "9e981fe693a544cf90eaa7382a99e137.plist": {
    "app_sintetizada": "9E981FE693A544CF90EAA7382A99E137.PLIST",
    "cantidad_archivos": 1,
    "archivos_fuente": [
      "Pictures/Fototeca de Fotos.photoslibrary/resources/renders/9/9E981FE6-93A5-44CF-90EA-A7382A99E137.plist"
    ],
    "ultima_modificacion": "2025-08-01 01:00:58.614008"
  },
  "99f10d3beb48404c9b21ffdd30b9a726.plist": {
    "app_sintetizada": "99F10D3BEB48404C9B21FFDD30B9A726.PLIST",
    "cantidad_archivos": 1,
    "archivos_fuente": [
      "Pictures/Fototeca de Fotos.photoslibrary/resources/renders/9/99F10D3B-EB48-404C-9B21-FFDD30B9A726.plist"
    ],
    "ultima_modificacion": "2025-08-01 01:00:58.614220"
  },
  "9931e0ae7cb04bdcaf5509f1bd9da9bd.plist": {
    "app_sintetizada": "9931E0AE7CB04BDCAF5509F1BD9DA9BD.PLIST",
    "cantidad_archivos": 1,
    "archivos_fuente": [
      "Pictures/Fototeca de Fotos.photoslibrary/resources/renders/9/9931E0AE-7CB0-4BDC-AF55-09F1BD9DA9BD.plist"
    ],
    "ultima_modificacion": "2025-08-01 01:00:58.614478"
  },
  "9015a3da2b2c4a7fbc34d5a4bafdde62.plist": {
    "app_sintetizada": "9015A3DA2B2C4A7FBC34D5A4BAFDDE62.PLIST",
    "cantidad_archivos": 1,
    "archivos_fuente": [
      "Pictures/Fototeca de Fotos.photoslibrary/resources/renders/9/9015A3DA-2B2C-4A7F-BC34-D5A4BAFDDE62.plist"
    ],
    "ultima_modificacion": "2025-08-01 01:00:58.614690"
  },
  "9887bbdecee24677bdec922d36b93730.plist": {
    "app_sintetizada": "9887BBDECEE24677BDEC922D36B93730.PLIST",
    "cantidad_archivos": 1,
    "archivos_fuente": [
      "Pictures/Fototeca de Fotos.photoslibrary/resources/renders/9/9887BBDE-CEE2-4677-BDEC-922D36B93730.plist"
    ],
    "ultima_modificacion": "2025-08-01 01:00:58.614935"
  },
  "9cfdb973205b4b6e98b8398a7dad0a5c.plist": {
    "app_sintetizada": "9CFDB973205B4B6E98B8398A7DAD0A5C.PLIST",
    "cantidad_archivos": 1,
    "archivos_fuente": [
      "Pictures/Fototeca de Fotos.photoslibrary/resources/renders/9/9CFDB973-205B-4B6E-98B8-398A7DAD0A5C.plist"
    ],
    "ultima_modificacion": "2025-08-01 01:00:58.615163"
  },
  "95b5ab026cf54ab2891194627fe87605.plist": {
    "app_sintetizada": "95B5AB026CF54AB2891194627FE87605.PLIST",
    "cantidad_archivos": 1,
    "archivos_fuente": [
      "Pictures/Fototeca de Fotos.photoslibrary/resources/renders/9/95B5AB02-6CF5-4AB2-8911-94627FE87605.plist"
    ],
    "ultima_modificacion": "2025-08-01 01:00:58.615363"
  },
  "9b740739eab745e79cd2b10a59b75b30.plist": {
    "app_sintetizada": "9B740739EAB745E79CD2B10A59B75B30.PLIST",
    "cantidad_archivos": 1,
    "archivos_fuente": [
      "Pictures/Fototeca de Fotos.photoslibrary/resources/renders/9/9B740739-EAB7-45E7-9CD2-B10A59B75B30.plist"
    ],
    "ultima_modificacion": "2025-08-01 01:00:58.615646"
  },
  "95e1ab8cd6814d80a42d6541be5e1642.plist": {
    "app_sintetizada": "95E1AB8CD6814D80A42D6541BE5E1642.PLIST",
    "cantidad_archivos": 1,
    "archivos_fuente": [
      "Pictures/Fototeca de Fotos.photoslibrary/resources/renders/9/95E1AB8C-D681-4D80-A42D-6541BE5E1642.plist"
    ],
    "ultima_modificacion": "2025-08-01 01:00:58.615883"
  },
  "963deee3c2014b709b43872452d82b94.plist": {
    "app_sintetizada": "963DEEE3C2014B709B43872452D82B94.PLIST",
    "cantidad_archivos": 1,
    "archivos_fuente": [
      "Pictures/Fototeca de Fotos.photoslibrary/resources/renders/9/963DEEE3-C201-4B70-9B43-872452D82B94.plist"
    ],
    "ultima_modificacion": "2025-08-01 01:00:58.616086"
  },
  "9ddb7465d359477682a8298b5e22f9a3.plist": {
    "app_sintetizada": "9DDB7465D359477682A8298B5E22F9A3.PLIST",
    "cantidad_archivos": 1,
    "archivos_fuente": [
      "Pictures/Fototeca de Fotos.photoslibrary/resources/renders/9/9DDB7465-D359-4776-82A8-298B5E22F9A3.plist"
    ],
    "ultima_modificacion": "2025-08-01 01:00:58.616332"
  },
  "969a1ab9defb494d9a9f399d28d84f5b.plist": {
    "app_sintetizada": "969A1AB9DEFB494D9A9F399D28D84F5B.PLIST",
    "cantidad_archivos": 1,
    "archivos_fuente": [
      "Pictures/Fototeca de Fotos.photoslibrary/resources/renders/9/969A1AB9-DEFB-494D-9A9F-399D28D84F5B.plist"
    ],
    "ultima_modificacion": "2025-08-01 01:00:58.616618"
  },
  "90ca9b82558847949acb4d21abb85691.plist": {
    "app_sintetizada": "90CA9B82558847949ACB4D21ABB85691.PLIST",
    "cantidad_archivos": 1,
    "archivos_fuente": [
      "Pictures/Fototeca de Fotos.photoslibrary/resources/renders/9/90CA9B82-5588-4794-9ACB-4D21ABB85691.plist"
    ],
    "ultima_modificacion": "2025-08-01 01:00:58.616903"
  },
  "924b62c032d94af5a24360f168bd854e.plist": {
    "app_sintetizada": "924B62C032D94AF5A24360F168BD854E.PLIST",
    "cantidad_archivos": 1,
    "archivos_fuente": [
      "Pictures/Fototeca de Fotos.photoslibrary/resources/renders/9/924B62C0-32D9-4AF5-A243-60F168BD854E.plist"
    ],
    "ultima_modificacion": "2025-08-01 01:00:58.617150"
  },
  "9bfdf7a624cc472eaa69ce16ac84d701.plist": {
    "app_sintetizada": "9BFDF7A624CC472EAA69CE16AC84D701.PLIST",
    "cantidad_archivos": 1,
    "archivos_fuente": [
      "Pictures/Fototeca de Fotos.photoslibrary/resources/renders/9/9BFDF7A6-24CC-472E-AA69-CE16AC84D701.plist"
    ],
    "ultima_modificacion": "2025-08-01 01:00:58.617370"
  },
  "98f5ab4daacb4672abe1ce2c8344798d.plist": {
    "app_sintetizada": "98F5AB4DAACB4672ABE1CE2C8344798D.PLIST",
    "cantidad_archivos": 1,
    "archivos_fuente": [
      "Pictures/Fototeca de Fotos.photoslibrary/resources/renders/9/98F5AB4D-AACB-4672-ABE1-CE2C8344798D.plist"
    ],
    "ultima_modificacion": "2025-08-01 01:00:58.617607"
  },
  "956f7c26a489472aa02cff7f8e6fbf2d.plist": {
    "app_sintetizada": "956F7C26A489472AA02CFF7F8E6FBF2D.PLIST",
    "cantidad_archivos": 1,
    "archivos_fuente": [
      "Pictures/Fototeca de Fotos.photoslibrary/resources/renders/9/956F7C26-A489-472A-A02C-FF7F8E6FBF2D.plist"
    ],
    "ultima_modificacion": "2025-08-01 01:00:58.617840"
  },
  "95445cf40672470481301df0e24e46d1.plist": {
    "app_sintetizada": "95445CF40672470481301DF0E24E46D1.PLIST",
    "cantidad_archivos": 1,
    "archivos_fuente": [
      "Pictures/Fototeca de Fotos.photoslibrary/resources/renders/9/95445CF4-0672-4704-8130-1DF0E24E46D1.plist"
    ],
    "ultima_modificacion": "2025-08-01 01:00:58.618086"
  },
  "9d5b91fd5a6d4acab344c20de60c1282.plist": {
    "app_sintetizada": "9D5B91FD5A6D4ACAB344C20DE60C1282.PLIST",
    "cantidad_archivos": 1,
    "archivos_fuente": [
      "Pictures/Fototeca de Fotos.photoslibrary/resources/renders/9/9D5B91FD-5A6D-4ACA-B344-C20DE60C1282.plist"
    ],
    "ultima_modificacion": "2025-08-01 01:00:58.618262"
  },
  "9b9ac12e0e454e07a82c1220eb227def.plist": {
    "app_sintetizada": "9B9AC12E0E454E07A82C1220EB227DEF.PLIST",
    "cantidad_archivos": 1,
    "archivos_fuente": [
      "Pictures/Fototeca de Fotos.photoslibrary/resources/renders/9/9B9AC12E-0E45-4E07-A82C-1220EB227DEF.plist"
    ],
    "ultima_modificacion": "2025-08-01 01:00:58.618562"
  }
}