{
  "61f42e7d56394f41be363a436c248227.plist": {
    "app_sintetizada": "61F42E7D56394F41BE363A436C248227.PLIST",
    "cantidad_archivos": 1,
    "archivos_fuente": [
      "Pictures/Fototeca de Fotos.photoslibrary/resources/renders/6/61F42E7D-5639-4F41-BE36-3A436C248227.plist"
    ],
    "ultima_modificacion": "2025-08-01 01:00:58.814743"
  },
  "6bbdaca81046408bb60e5e6a621b2de7.plist": {
    "app_sintetizada": "6BBDACA81046408BB60E5E6A621B2DE7.PLIST",
    "cantidad_archivos": 1,
    "archivos_fuente": [
      "Pictures/Fototeca de Fotos.photoslibrary/resources/renders/6/6BBDACA8-1046-408B-B60E-5E6A621B2DE7.plist"
    ],
    "ultima_modificacion": "2025-08-01 01:00:58.814964"
  },
  "67b9ceeb723841dca6f2249941f0b7e0.plist": {
    "app_sintetizada": "67B9CEEB723841DCA6F2249941F0B7E0.PLIST",
    "cantidad_archivos": 1,
    "archivos_fuente": [
      "Pictures/Fototeca de Fotos.photoslibrary/resources/renders/6/67B9CEEB-7238-41DC-A6F2-249941F0B7E0.plist"
    ],
    "ultima_modificacion": "2025-08-01 01:00:58.815215"
  },
  "65dc9c4643f64dd6853073257a0e28af.plist": {
    "app_sintetizada": "65DC9C4643F64DD6853073257A0E28AF.PLIST",
    "cantidad_archivos": 1,
    "archivos_fuente": [
      "Pictures/Fototeca de Fotos.photoslibrary/resources/renders/6/65DC9C46-43F6-4DD6-8530-73257A0E28AF.plist"
    ],
    "ultima_modificacion": "2025-08-01 01:00:58.815432"
  },
  "6ad168b7bd8f472b9da7c26940ece278.plist": {
    "app_sintetizada": "6AD168B7BD8F472B9DA7C26940ECE278.PLIST",
    "cantidad_archivos": 1,
    "archivos_fuente": [
      "Pictures/Fototeca de Fotos.photoslibrary/resources/renders/6/6AD168B7-BD8F-472B-9DA7-C26940ECE278.plist"
    ],
    "ultima_modificacion": "2025-08-01 01:00:58.815645"
  },
  "6b562ce92a07417aa5e4db3ceae01c79.plist": {
    "app_sintetizada": "6B562CE92A07417AA5E4DB3CEAE01C79.PLIST",
    "cantidad_archivos": 1,
    "archivos_fuente": [
      "Pictures/Fototeca de Fotos.photoslibrary/resources/renders/6/6B562CE9-2A07-417A-A5E4-DB3CEAE01C79.plist"
    ],
    "ultima_modificacion": "2025-08-01 01:00:58.815851"
  },
  "6f2968a3973846ab877558c011e36392.plist": {
    "app_sintetizada": "6F2968A3973846AB877558C011E36392.PLIST",
    "cantidad_archivos": 1,
    "archivos_fuente": [
      "Pictures/Fototeca de Fotos.photoslibrary/resources/renders/6/6F2968A3-9738-46AB-8775-58C011E36392.plist"
    ],
    "ultima_modificacion": "2025-08-01 01:00:58.816049"
  },
  "68278055da8d4369a810beb09a2992b8.plist": {
    "app_sintetizada": "68278055DA8D4369A810BEB09A2992B8.PLIST",
    "cantidad_archivos": 1,
    "archivos_fuente": [
      "Pictures/Fototeca de Fotos.photoslibrary/resources/renders/6/68278055-DA8D-4369-A810-BEB09A2992B8.plist"
    ],
    "ultima_modificacion": "2025-08-01 01:00:58.816286"
  },
  "6b5ec82badf04bc5955cccff46839ea0.plist": {
    "app_sintetizada": "6B5EC82BADF04BC5955CCCFF46839EA0.PLIST",
    "cantidad_archivos": 1,
    "archivos_fuente": [
      "Pictures/Fototeca de Fotos.photoslibrary/resources/renders/6/6B5EC82B-ADF0-4BC5-955C-CCFF46839EA0.plist"
    ],
    "ultima_modificacion": "2025-08-01 01:00:58.816530"
  },
  "60b97be4677c4167b9935e8994a72eba.plist": {
    "app_sintetizada": "60B97BE4677C4167B9935E8994A72EBA.PLIST",
    "cantidad_archivos": 1,
    "archivos_fuente": [
      "Pictures/Fototeca de Fotos.photoslibrary/resources/renders/6/60B97BE4-677C-4167-B993-5E8994A72EBA.plist"
    ],
    "ultima_modificacion": "2025-08-01 01:00:58.816814"
  },
  "694addee63954342892e79bd361e72fc.plist": {
    "app_sintetizada": "694ADDEE63954342892E79BD361E72FC.PLIST",
    "cantidad_archivos": 1,
    "archivos_fuente": [
      "Pictures/Fototeca de Fotos.photoslibrary/resources/renders/6/694ADDEE-6395-4342-892E-79BD361E72FC.plist"
    ],
    "ultima_modificacion": "2025-08-01 01:00:58.817073"
  },
  "6198f7182bf4444ca968fb6c69000e20.plist": {
    "app_sintetizada": "6198F7182BF4444CA968FB6C69000E20.PLIST",
    "cantidad_archivos": 1,
    "archivos_fuente": [
      "Pictures/Fototeca de Fotos.photoslibrary/resources/renders/6/6198F718-2BF4-444C-A968-FB6C69000E20.plist"
    ],
    "ultima_modificacion": "2025-08-01 01:00:58.817287"
  },
  "61b9b65205a74d1ea4c15001e5e0f513.plist": {
    "app_sintetizada": "61B9B65205A74D1EA4C15001E5E0F513.PLIST",
    "cantidad_archivos": 1,
    "archivos_fuente": [
      "Pictures/Fototeca de Fotos.photoslibrary/resources/renders/6/61B9B652-05A7-4D1E-A4C1-5001E5E0F513.plist"
    ],
    "ultima_modificacion": "2025-08-01 01:00:58.817518"
  },
  "6d79d63608a648bfb55adf7da7108e11.plist": {
    "app_sintetizada": "6D79D63608A648BFB55ADF7DA7108E11.PLIST",
    "cantidad_archivos": 1,
    "archivos_fuente": [
      "Pictures/Fototeca de Fotos.photoslibrary/resources/renders/6/6D79D636-08A6-48BF-B55A-DF7DA7108E11.plist"
    ],
    "ultima_modificacion": "2025-08-01 01:00:58.817723"
  },
  "69777fcf05ff422197681b84dbfe9a19.plist": {
    "app_sintetizada": "69777FCF05FF422197681B84DBFE9A19.PLIST",
    "cantidad_archivos": 1,
    "archivos_fuente": [
      "Pictures/Fototeca de Fotos.photoslibrary/resources/renders/6/69777FCF-05FF-4221-9768-1B84DBFE9A19.plist"
    ],
    "ultima_modificacion": "2025-08-01 01:00:58.817960"
  },
  "634595f2913d46278f2821f457017cf0.plist": {
    "app_sintetizada": "634595F2913D46278F2821F457017CF0.PLIST",
    "cantidad_archivos": 1,
    "archivos_fuente": [
      "Pictures/Fototeca de Fotos.photoslibrary/resources/renders/6/634595F2-913D-4627-8F28-21F457017CF0.plist"
    ],
    "ultima_modificacion": "2025-08-01 01:00:58.818159"
  },
  "674219285e274692b39eda8d7173e179.plist": {
    "app_sintetizada": "674219285E274692B39EDA8D7173E179.PLIST",
    "cantidad_archivos": 1,
    "archivos_fuente": [
      "Pictures/Fototeca de Fotos.photoslibrary/resources/renders/6/67421928-5E27-4692-B39E-DA8D7173E179.plist"
    ],
    "ultima_modificacion": "2025-08-01 01:00:58.818343"
  },
  "6502e4751b304d6cb3f110cb9089646e.plist": {
    "app_sintetizada": "6502E4751B304D6CB3F110CB9089646E.PLIST",
    "cantidad_archivos": 1,
    "archivos_fuente": [
      "Pictures/Fototeca de Fotos.photoslibrary/resources/renders/6/6502E475-1B30-4D6C-B3F1-10CB9089646E.plist"
    ],
    "ultima_modificacion": "2025-08-01 01:00:58.818680"
  },
  "648e35d1cee642cfbd9f581a410a9420.plist": {
    "app_sintetizada": "648E35D1CEE642CFBD9F581A410A9420.PLIST",
    "cantidad_archivos": 1,
    "archivos_fuente": [
      "Pictures/Fototeca de Fotos.photoslibrary/resources/renders/6/648E35D1-CEE6-42CF-BD9F-581A410A9420.plist"
    ],
    "ultima_modificacion": "2025-08-01 01:00:58.818920"
  },
  "6e22eed185d149cb9e0701f41f14415c.plist": {
    "app_sintetizada": "6E22EED185D149CB9E0701F41F14415C.PLIST",
    "cantidad_archivos": 1,
    "archivos_fuente": [
      "Pictures/Fototeca de Fotos.photoslibrary/resources/renders/6/6E22EED1-85D1-49CB-9E07-01F41F14415C.plist"
    ],
    "ultima_modificacion": "2025-08-01 01:00:58.819095"
  },
  "6e9c30b30ee64076880cc38fc5140d85.plist": {
    "app_sintetizada": "6E9C30B30EE64076880CC38FC5140D85.PLIST",
    "cantidad_archivos": 1,
    "archivos_fuente": [
      "Pictures/Fototeca de Fotos.photoslibrary/resources/renders/6/6E9C30B3-0EE6-4076-880C-C38FC5140D85.plist"
    ],
    "ultima_modificacion": "2025-08-01 01:00:58.819283"
  },
  "6899b432127a4b50ad91bff0b03e61ad.plist": {
    "app_sintetizada": "6899B432127A4B50AD91BFF0B03E61AD.PLIST",
    "cantidad_archivos": 1,
    "archivos_fuente": [
      "Pictures/Fototeca de Fotos.photoslibrary/resources/renders/6/6899B432-127A-4B50-AD91-BFF0B03E61AD.plist"
    ],
    "ultima_modificacion": "2025-08-01 01:00:58.819451"
  },
  "69f944f0b8354b89a581e255b15a26f7.plist": {
    "app_sintetizada": "69F944F0B8354B89A581E255B15A26F7.PLIST",
    "cantidad_archivos": 1,
    "archivos_fuente": [
      "Pictures/Fototeca de Fotos.photoslibrary/resources/renders/6/69F944F0-B835-4B89-A581-E255B15A26F7.plist"
    ],
    "ultima_modificacion": "2025-08-01 01:00:58.819621"
  },
  "685abe5d070d4006934e8846e189484f.plist": {
    "app_sintetizada": "685ABE5D070D4006934E8846E189484F.PLIST",
    "cantidad_archivos": 1,
    "archivos_fuente": [
      "Pictures/Fototeca de Fotos.photoslibrary/resources/renders/6/685ABE5D-070D-4006-934E-8846E189484F.plist"
    ],
    "ultima_modificacion": "2025-08-01 01:00:58.819794"
  },
  "6fd30f409b434e25bd2c3fd908d67b4c.plist": {
    "app_sintetizada": "6FD30F409B434E25BD2C3FD908D67B4C.PLIST",
    "cantidad_archivos": 1,
    "archivos_fuente": [
      "Pictures/Fototeca de Fotos.photoslibrary/resources/renders/6/6FD30F40-9B43-4E25-BD2C-3FD908D67B4C.plist"
    ],
    "ultima_modificacion": "2025-08-01 01:00:58.819960"
  },
  "6ffdd27ef3f24a5e978d442a275cc703.plist": {
    "app_sintetizada": "6FFDD27EF3F24A5E978D442A275CC703.PLIST",
    "cantidad_archivos": 1,
    "archivos_fuente": [
      "Pictures/Fototeca de Fotos.photoslibrary/resources/renders/6/6FFDD27E-F3F2-4A5E-978D-442A275CC703.plist"
    ],
    "ultima_modificacion": "2025-08-01 01:00:58.820209"
  },
  "6292c5f013644fafab43e6aea28c5b57.plist": {
    "app_sintetizada": "6292C5F013644FAFAB43E6AEA28C5B57.PLIST",
    "cantidad_archivos": 1,
    "archivos_fuente": [
      "Pictures/Fototeca de Fotos.photoslibrary/resources/renders/6/6292C5F0-1364-4FAF-AB43-E6AEA28C5B57.plist"
    ],
    "ultima_modificacion": "2025-08-01 01:00:58.820437"
  },
  "612dc203ecde490e8e0c8d67efd21a13.plist": {
    "app_sintetizada": "612DC203ECDE490E8E0C8D67EFD21A13.PLIST",
    "cantidad_archivos": 1,
    "archivos_fuente": [
      "Pictures/Fototeca de Fotos.photoslibrary/resources/renders/6/612DC203-ECDE-490E-8E0C-8D67EFD21A13.plist"
    ],
    "ultima_modificacion": "2025-08-01 01:00:58.820739"
  },
  "6d73bf2c28bf45e7b3c95582f0fd37a3.plist": {
    "app_sintetizada": "6D73BF2C28BF45E7B3C95582F0FD37A3.PLIST",
    "cantidad_archivos": 1,
    "archivos_fuente": [
      "Pictures/Fototeca de Fotos.photoslibrary/resources/renders/6/6D73BF2C-28BF-45E7-B3C9-5582F0FD37A3.plist"
    ],
    "ultima_modificacion": "2025-08-01 01:00:58.820939"
  },
  "63d208a52fe14900a1d7fd511c43dbce.plist": {
    "app_sintetizada": "63D208A52FE14900A1D7FD511C43DBCE.PLIST",
    "cantidad_archivos": 1,
    "archivos_fuente": [
      "Pictures/Fototeca de Fotos.photoslibrary/resources/renders/6/63D208A5-2FE1-4900-A1D7-FD511C43DBCE.plist"
    ],
    "ultima_modificacion": "2025-08-01 01:00:58.821112"
  },
  "624f6223d88e4998be28bdca5b30285c.plist": {
    "app_sintetizada": "624F6223D88E4998BE28BDCA5B30285C.PLIST",
    "cantidad_archivos": 1,
    "archivos_fuente": [
      "Pictures/Fototeca de Fotos.photoslibrary/resources/renders/6/624F6223-D88E-4998-BE28-BDCA5B30285C.plist"
    ],
    "ultima_modificacion": "2025-08-01 01:00:58.821292"
  },
  "686d5535ba464d169811071050c86e77.plist": {
    "app_sintetizada": "686D5535BA464D169811071050C86E77.PLIST",
    "cantidad_archivos": 1,
    "archivos_fuente": [
      "Pictures/Fototeca de Fotos.photoslibrary/resources/renders/6/686D5535-BA46-4D16-9811-071050C86E77.plist"
    ],
    "ultima_modificacion": "2025-08-01 01:00:58.821463"
  },
  "66a8a28483144b57b943189451efff02.plist": {
    "app_sintetizada": "66A8A28483144B57B943189451EFFF02.PLIST",
    "cantidad_archivos": 1,
    "archivos_fuente": [
      "Pictures/Fototeca de Fotos.photoslibrary/resources/renders/6/66A8A284-8314-4B57-B943-189451EFFF02.plist"
    ],
    "ultima_modificacion": "2025-08-01 01:00:58.821629"
  },
  "61d86e240ed849a18fba34cfeaabb7d4.plist": {
    "app_sintetizada": "61D86E240ED849A18FBA34CFEAABB7D4.PLIST",
    "cantidad_archivos": 1,
    "archivos_fuente": [
      "Pictures/Fototeca de Fotos.photoslibrary/resources/renders/6/61D86E24-0ED8-49A1-8FBA-34CFEAABB7D4.plist"
    ],
    "ultima_modificacion": "2025-08-01 01:00:58.821851"
  },
  "672b9791e39843049f81e31df6a9b180.plist": {
    "app_sintetizada": "672B9791E39843049F81E31DF6A9B180.PLIST",
    "cantidad_archivos": 1,
    "archivos_fuente": [
      "Pictures/Fototeca de Fotos.photoslibrary/resources/renders/6/672B9791-E398-4304-9F81-E31DF6A9B180.plist"
    ],
    "ultima_modificacion": "2025-08-01 01:00:58.822179"
  },
  "60e9663f7dab46f5a2d6aba98e3cca9b.plist": {
    "app_sintetizada": "60E9663F7DAB46F5A2D6ABA98E3CCA9B.PLIST",
    "cantidad_archivos": 1,
    "archivos_fuente": [
      "Pictures/Fototeca de Fotos.photoslibrary/resources/renders/6/60E9663F-7DAB-46F5-A2D6-ABA98E3CCA9B.plist"
    ],
    "ultima_modificacion": "2025-08-01 01:00:58.822386"
  },
  "62ad6881b2ed4023b99176dfbabd113c.plist": {
    "app_sintetizada": "62AD6881B2ED4023B99176DFBABD113C.PLIST",
    "cantidad_archivos": 1,
    "archivos_fuente": [
      "Pictures/Fototeca de Fotos.photoslibrary/resources/renders/6/62AD6881-B2ED-4023-B991-76DFBABD113C.plist"
    ],
    "ultima_modificacion": "2025-08-01 01:00:58.822666"
  },
  "642c795a22464b34b40c3bcc98c270e6.plist": {
    "app_sintetizada": "642C795A22464B34B40C3BCC98C270E6.PLIST",
    "cantidad_archivos": 1,
    "archivos_fuente": [
      "Pictures/Fototeca de Fotos.photoslibrary/resources/renders/6/642C795A-2246-4B34-B40C-3BCC98C270E6.plist"
    ],
    "ultima_modificacion": "2025-08-01 01:00:58.822861"
  },
  "6d8c51adadd440e2bee6b6d296c052ff.plist": {
    "app_sintetizada": "6D8C51ADADD440E2BEE6B6D296C052FF.PLIST",
    "cantidad_archivos": 1,
    "archivos_fuente": [
      "Pictures/Fototeca de Fotos.photoslibrary/resources/renders/6/6D8C51AD-ADD4-40E2-BEE6-B6D296C052FF.plist"
    ],
    "ultima_modificacion": "2025-08-01 01:00:58.823095"
  },
  "614e67689f604951ab68cd75555c518a.plist": {
    "app_sintetizada": "614E67689F604951AB68CD75555C518A.PLIST",
    "cantidad_archivos": 1,
    "archivos_fuente": [
      "Pictures/Fototeca de Fotos.photoslibrary/resources/renders/6/614E6768-9F60-4951-AB68-CD75555C518A.plist"
    ],
    "ultima_modificacion": "2025-08-01 01:00:58.823299"
  },
  "698f3e47516943ffbc91719cc4321cf3.plist": {
    "app_sintetizada": "698F3E47516943FFBC91719CC4321CF3.PLIST",
    "cantidad_archivos": 1,
    "archivos_fuente": [
      "Pictures/Fototeca de Fotos.photoslibrary/resources/renders/6/698F3E47-5169-43FF-BC91-719CC4321CF3.plist"
    ],
    "ultima_modificacion": "2025-08-01 01:00:58.823528"
  },
  "6496b069d9b24af884936b6c24222f76.plist": {
    "app_sintetizada": "6496B069D9B24AF884936B6C24222F76.PLIST",
    "cantidad_archivos": 1,
    "archivos_fuente": [
      "Pictures/Fototeca de Fotos.photoslibrary/resources/renders/6/6496B069-D9B2-4AF8-8493-6B6C24222F76.plist"
    ],
    "ultima_modificacion": "2025-08-01 01:00:58.823727"
  },
  "62058feea500452f872f466d614fb692.plist": {
    "app_sintetizada": "62058FEEA500452F872F466D614FB692.PLIST",
    "cantidad_archivos": 1,
    "archivos_fuente": [
      "Pictures/Fototeca de Fotos.photoslibrary/resources/renders/6/62058FEE-A500-452F-872F-466D614FB692.plist"
    ],
    "ultima_modificacion": "2025-08-01 01:00:58.823898"
  },
  "6147a1b2a92646239db9cbf20b3848f8.plist": {
    "app_sintetizada": "6147A1B2A92646239DB9CBF20B3848F8.PLIST",
    "cantidad_archivos": 1,
    "archivos_fuente": [
      "Pictures/Fototeca de Fotos.photoslibrary/resources/renders/6/6147A1B2-A926-4623-9DB9-CBF20B3848F8.plist"
    ],
    "ultima_modificacion": "2025-08-01 01:00:58.824063"
  },
  "64c2c0a09e4344a9ba81526fa9250928.plist": {
    "app_sintetizada": "64C2C0A09E4344A9BA81526FA9250928.PLIST",
    "cantidad_archivos": 1,
    "archivos_fuente": [
      "Pictures/Fototeca de Fotos.photoslibrary/resources/renders/6/64C2C0A0-9E43-44A9-BA81-526FA9250928.plist"
    ],
    "ultima_modificacion": "2025-08-01 01:00:58.824267"
  },
  "694fe2d8cc80449f855fbec9f6267640.plist": {
    "app_sintetizada": "694FE2D8CC80449F855FBEC9F6267640.PLIST",
    "cantidad_archivos": 1,
    "archivos_fuente": [
      "Pictures/Fototeca de Fotos.photoslibrary/resources/renders/6/694FE2D8-CC80-449F-855F-BEC9F6267640.plist"
    ],
    "ultima_modificacion": "2025-08-01 01:00:58.824480"
  },
  "60c2cfb374f04f65a835136550ceb9bb.plist": {
    "app_sintetizada": "60C2CFB374F04F65A835136550CEB9BB.PLIST",
    "cantidad_archivos": 1,
    "archivos_fuente": [
      "Pictures/Fototeca de Fotos.photoslibrary/resources/renders/6/60C2CFB3-74F0-4F65-A835-136550CEB9BB.plist"
    ],
    "ultima_modificacion": "2025-08-01 01:00:58.824646"
  },
  "6455cf9004604e629f37adc84989f0f4.plist": {
    "app_sintetizada": "6455CF9004604E629F37ADC84989F0F4.PLIST",
    "cantidad_archivos": 1,
    "archivos_fuente": [
      "Pictures/Fototeca de Fotos.photoslibrary/resources/renders/6/6455CF90-0460-4E62-9F37-ADC84989F0F4.plist"
    ],
    "ultima_modificacion": "2025-08-01 01:00:58.824813"
  },
  "6d427534e4db491ebdad1d95150ede93.plist": {
    "app_sintetizada": "6D427534E4DB491EBDAD1D95150EDE93.PLIST",
    "cantidad_archivos": 1,
    "archivos_fuente": [
      "Pictures/Fototeca de Fotos.photoslibrary/resources/renders/6/6D427534-E4DB-491E-BDAD-1D95150EDE93.plist"
    ],
    "ultima_modificacion": "2025-08-01 01:00:58.824983"
  },
  "6dd8b0c4ba684c4fa25e9d994f1a2c55.plist": {
    "app_sintetizada": "6DD8B0C4BA684C4FA25E9D994F1A2C55.PLIST",
    "cantidad_archivos": 1,
    "archivos_fuente": [
      "Pictures/Fototeca de Fotos.photoslibrary/resources/renders/6/6DD8B0C4-BA68-4C4F-A25E-9D994F1A2C55.plist"
    ],
    "ultima_modificacion": "2025-08-01 01:00:58.825147"
  },
  "6290e2696e1f4be294711c55aeb23233.plist": {
    "app_sintetizada": "6290E2696E1F4BE294711C55AEB23233.PLIST",
    "cantidad_archivos": 1,
    "archivos_fuente": [
      "Pictures/Fototeca de Fotos.photoslibrary/resources/renders/6/6290E269-6E1F-4BE2-9471-1C55AEB23233.plist"
    ],
    "ultima_modificacion": "2025-08-01 01:00:58.825327"
  },
  "6e4b21a04ee447e69657936c2c67e3d7.plist": {
    "app_sintetizada": "6E4B21A04EE447E69657936C2C67E3D7.PLIST",
    "cantidad_archivos": 1,
    "archivos_fuente": [
      "Pictures/Fototeca de Fotos.photoslibrary/resources/renders/6/6E4B21A0-4EE4-47E6-9657-936C2C67E3D7.plist"
    ],
    "ultima_modificacion": "2025-08-01 01:00:58.825624"
  },
  "6a740abbd31244569f39cd173a68114d.plist": {
    "app_sintetizada": "6A740ABBD31244569F39CD173A68114D.PLIST",
    "cantidad_archivos": 1,
    "archivos_fuente": [
      "Pictures/Fototeca de Fotos.photoslibrary/resources/renders/6/6A740ABB-D312-4456-9F39-CD173A68114D.plist"
    ],
    "ultima_modificacion": "2025-08-01 01:00:58.825794"
  },
  "66e98332db214947b26f128e68dbce4d.plist": {
    "app_sintetizada": "66E98332DB214947B26F128E68DBCE4D.PLIST",
    "cantidad_archivos": 1,
    "archivos_fuente": [
      "Pictures/Fototeca de Fotos.photoslibrary/resources/renders/6/66E98332-DB21-4947-B26F-128E68DBCE4D.plist"
    ],
    "ultima_modificacion": "2025-08-01 01:00:58.826032"
  },
  "693ae001a7d44091bf010ff7076d6264.plist": {
    "app_sintetizada": "693AE001A7D44091BF010FF7076D6264.PLIST",
    "cantidad_archivos": 1,
    "archivos_fuente": [
      "Pictures/Fototeca de Fotos.photoslibrary/resources/renders/6/693AE001-A7D4-4091-BF01-0FF7076D6264.plist"
    ],
    "ultima_modificacion": "2025-08-01 01:00:58.826198"
  },
  "6d5934a68a00496ea9480250dd910985.plist": {
    "app_sintetizada": "6D5934A68A00496EA9480250DD910985.PLIST",
    "cantidad_archivos": 1,
    "archivos_fuente": [
      "Pictures/Fototeca de Fotos.photoslibrary/resources/renders/6/6D5934A6-8A00-496E-A948-0250DD910985.plist"
    ],
    "ultima_modificacion": "2025-08-01 01:00:58.826364"
  },
  "60f37a7e6f0a46c1bde09e045b206166.plist": {
    "app_sintetizada": "60F37A7E6F0A46C1BDE09E045B206166.PLIST",
    "cantidad_archivos": 1,
    "archivos_fuente": [
      "Pictures/Fototeca de Fotos.photoslibrary/resources/renders/6/60F37A7E-6F0A-46C1-BDE0-9E045B206166.plist"
    ],
    "ultima_modificacion": "2025-08-01 01:00:58.826527"
  },
  "609db7e4617e41ba9ce77f03fdd59c97.plist": {
    "app_sintetizada": "609DB7E4617E41BA9CE77F03FDD59C97.PLIST",
    "cantidad_archivos": 1,
    "archivos_fuente": [
      "Pictures/Fototeca de Fotos.photoslibrary/resources/renders/6/609DB7E4-617E-41BA-9CE7-7F03FDD59C97.plist"
    ],
    "ultima_modificacion": "2025-08-01 01:00:58.826704"
  },
  "6680889f51144798a4f4090b9098d403.plist": {
    "app_sintetizada": "6680889F51144798A4F4090B9098D403.PLIST",
    "cantidad_archivos": 1,
    "archivos_fuente": [
      "Pictures/Fototeca de Fotos.photoslibrary/resources/renders/6/6680889F-5114-4798-A4F4-090B9098D403.plist"
    ],
    "ultima_modificacion": "2025-08-01 01:00:58.826869"
  },
  "6c80e810670242d2a0686d1732b4c424.plist": {
    "app_sintetizada": "6C80E810670242D2A0686D1732B4C424.PLIST",
    "cantidad_archivos": 1,
    "archivos_fuente": [
      "Pictures/Fototeca de Fotos.photoslibrary/resources/renders/6/6C80E810-6702-42D2-A068-6D1732B4C424.plist"
    ],
    "ultima_modificacion": "2025-08-01 01:00:58.827029"
  },
  "61d2f2857ffb46418655720a24fb6870.plist": {
    "app_sintetizada": "61D2F2857FFB46418655720A24FB6870.PLIST",
    "cantidad_archivos": 1,
    "archivos_fuente": [
      "Pictures/Fototeca de Fotos.photoslibrary/resources/renders/6/61D2F285-7FFB-4641-8655-720A24FB6870.plist"
    ],
    "ultima_modificacion": "2025-08-01 01:00:58.827194"
  },
  "63d13e744a7f4ff88ef9a1f92275deb8.plist": {
    "app_sintetizada": "63D13E744A7F4FF88EF9A1F92275DEB8.PLIST",
    "cantidad_archivos": 1,
    "archivos_fuente": [
      "Pictures/Fototeca de Fotos.photoslibrary/resources/renders/6/63D13E74-4A7F-4FF8-8EF9-A1F92275DEB8.plist"
    ],
    "ultima_modificacion": "2025-08-01 01:00:58.827355"
  },
  "6664661d707c4543bfd9e4d7677b59ca.plist": {
    "app_sintetizada": "6664661D707C4543BFD9E4D7677B59CA.PLIST",
    "cantidad_archivos": 1,
    "archivos_fuente": [
      "Pictures/Fototeca de Fotos.photoslibrary/resources/renders/6/6664661D-707C-4543-BFD9-E4D7677B59CA.plist"
    ],
    "ultima_modificacion": "2025-08-01 01:00:58.827522"
  },
  "69b1fd446a7e498f80590cd7f27feb88.plist": {
    "app_sintetizada": "69B1FD446A7E498F80590CD7F27FEB88.PLIST",
    "cantidad_archivos": 1,
    "archivos_fuente": [
      "Pictures/Fototeca de Fotos.photoslibrary/resources/renders/6/69B1FD44-6A7E-498F-8059-0CD7F27FEB88.plist"
    ],
    "ultima_modificacion": "2025-08-01 01:00:58.827695"
  },
  "68b3ecd8ad0f4680ad24ffbeb4d83272.plist": {
    "app_sintetizada": "68B3ECD8AD0F4680AD24FFBEB4D83272.PLIST",
    "cantidad_archivos": 1,
    "archivos_fuente": [
      "Pictures/Fototeca de Fotos.photoslibrary/resources/renders/6/68B3ECD8-AD0F-4680-AD24-FFBEB4D83272.plist"
    ],
    "ultima_modificacion": "2025-08-01 01:00:58.827878"
  },
  "6eefda18747f47ae8443045232a634bb.plist": {
    "app_sintetizada": "6EEFDA18747F47AE8443045232A634BB.PLIST",
    "cantidad_archivos": 1,
    "archivos_fuente": [
      "Pictures/Fototeca de Fotos.photoslibrary/resources/renders/6/6EEFDA18-747F-47AE-8443-045232A634BB.plist"
    ],
    "ultima_modificacion": "2025-08-01 01:00:58.828122"
  },
  "6999aa9a5805429fb8ab7b36ffd4242f.plist": {
    "app_sintetizada": "6999AA9A5805429FB8AB7B36FFD4242F.PLIST",
    "cantidad_archivos": 1,
    "archivos_fuente": [
      "Pictures/Fototeca de Fotos.photoslibrary/resources/renders/6/6999AA9A-5805-429F-B8AB-7B36FFD4242F.plist"
    ],
    "ultima_modificacion": "2025-08-01 01:00:58.828310"
  },
  "674ef067be7a4603bcae396c6f9e36b4.plist": {
    "app_sintetizada": "674EF067BE7A4603BCAE396C6F9E36B4.PLIST",
    "cantidad_archivos": 1,
    "archivos_fuente": [
      "Pictures/Fototeca de Fotos.photoslibrary/resources/renders/6/674EF067-BE7A-4603-BCAE-396C6F9E36B4.plist"
    ],
    "ultima_modificacion": "2025-08-01 01:00:58.828539"
  },
  "651f72e1b75d4e489d22e9007acc969e.plist": {
    "app_sintetizada": "651F72E1B75D4E489D22E9007ACC969E.PLIST",
    "cantidad_archivos": 1,
    "archivos_fuente": [
      "Pictures/Fototeca de Fotos.photoslibrary/resources/renders/6/651F72E1-B75D-4E48-9D22-E9007ACC969E.plist"
    ],
    "ultima_modificacion": "2025-08-01 01:00:58.828783"
  },
  "6a9eaa70f492471cbe15df9147d91dae.plist": {
    "app_sintetizada": "6A9EAA70F492471CBE15DF9147D91DAE.PLIST",
    "cantidad_archivos": 1,
    "archivos_fuente": [
      "Pictures/Fototeca de Fotos.photoslibrary/resources/renders/6/6A9EAA70-F492-471C-BE15-DF9147D91DAE.plist"
    ],
    "ultima_modificacion": "2025-08-01 01:00:58.829002"
  },
  "6a44a3a4e5b140ec86f0001fe71e86a4.plist": {
    "app_sintetizada": "6A44A3A4E5B140EC86F0001FE71E86A4.PLIST",
    "cantidad_archivos": 1,
    "archivos_fuente": [
      "Pictures/Fototeca de Fotos.photoslibrary/resources/renders/6/6A44A3A4-E5B1-40EC-86F0-001FE71E86A4.plist"
    ],
    "ultima_modificacion": "2025-08-01 01:00:58.829196"
  },
  "65ffa32de8cc4ab4b89ec25c8604ccb7.plist": {
    "app_sintetizada": "65FFA32DE8CC4AB4B89EC25C8604CCB7.PLIST",
    "cantidad_archivos": 1,
    "archivos_fuente": [
      "Pictures/Fototeca de Fotos.photoslibrary/resources/renders/6/65FFA32D-E8CC-4AB4-B89E-C25C8604CCB7.plist"
    ],
    "ultima_modificacion": "2025-08-01 01:00:58.829432"
  },
  "6d7cc7eecbf948f08aad13884ac96d04.plist": {
    "app_sintetizada": "6D7CC7EECBF948F08AAD13884AC96D04.PLIST",
    "cantidad_archivos": 1,
    "archivos_fuente": [
      "Pictures/Fototeca de Fotos.photoslibrary/resources/renders/6/6D7CC7EE-CBF9-48F0-8AAD-13884AC96D04.plist"
    ],
    "ultima_modificacion": "2025-08-01 01:00:58.829606"
  },
  "62d52ff80ca548dcace5e641218eecf8.plist": {
    "app_sintetizada": "62D52FF80CA548DCACE5E641218EECF8.PLIST",
    "cantidad_archivos": 1,
    "archivos_fuente": [
      "Pictures/Fototeca de Fotos.photoslibrary/resources/renders/6/62D52FF8-0CA5-48DC-ACE5-E641218EECF8.plist"
    ],
    "ultima_modificacion": "2025-08-01 01:00:58.829797"
  },
  "6b1c2d4c42684ee9a9f8680c3e9fd745.plist": {
    "app_sintetizada": "6B1C2D4C42684EE9A9F8680C3E9FD745.PLIST",
    "cantidad_archivos": 1,
    "archivos_fuente": [
      "Pictures/Fototeca de Fotos.photoslibrary/resources/renders/6/6B1C2D4C-4268-4EE9-A9F8-680C3E9FD745.plist"
    ],
    "ultima_modificacion": "2025-08-01 01:00:58.829973"
  },
  "68eafdb6fe5d4e38aa0ebbf2649e8556.plist": {
    "app_sintetizada": "68EAFDB6FE5D4E38AA0EBBF2649E8556.PLIST",
    "cantidad_archivos": 1,
    "archivos_fuente": [
      "Pictures/Fototeca de Fotos.photoslibrary/resources/renders/6/68EAFDB6-FE5D-4E38-AA0E-BBF2649E8556.plist"
    ],
    "ultima_modificacion": "2025-08-01 01:00:58.830149"
  },
  "6ae9e9828b594f25a75dc3c107413c10.plist": {
    "app_sintetizada": "6AE9E9828B594F25A75DC3C107413C10.PLIST",
    "cantidad_archivos": 1,
    "archivos_fuente": [
      "Pictures/Fototeca de Fotos.photoslibrary/resources/renders/6/6AE9E982-8B59-4F25-A75D-C3C107413C10.plist"
    ],
    "ultima_modificacion": "2025-08-01 01:00:58.830407"
  },
  "67a4d9518452441db21e92d86be69479.plist": {
    "app_sintetizada": "67A4D9518452441DB21E92D86BE69479.PLIST",
    "cantidad_archivos": 1,
    "archivos_fuente": [
      "Pictures/Fototeca de Fotos.photoslibrary/resources/renders/6/67A4D951-8452-441D-B21E-92D86BE69479.plist"
    ],
    "ultima_modificacion": "2025-08-01 01:00:58.830593"
  },
  "6aad3bc9ce6545b987b8bb7d016172bd.plist": {
    "app_sintetizada": "6AAD3BC9CE6545B987B8BB7D016172BD.PLIST",
    "cantidad_archivos": 1,
    "archivos_fuente": [
      "Pictures/Fototeca de Fotos.photoslibrary/resources/renders/6/6AAD3BC9-CE65-45B9-87B8-BB7D016172BD.plist"
    ],
    "ultima_modificacion": "2025-08-01 01:00:58.830768"
  },
  "64f148378b074657bfc7778686d95d00.plist": {
    "app_sintetizada": "64F148378B074657BFC7778686D95D00.PLIST",
    "cantidad_archivos": 1,
    "archivos_fuente": [
      "Pictures/Fototeca de Fotos.photoslibrary/resources/renders/6/64F14837-8B07-4657-BFC7-778686D95D00.plist"
    ],
    "ultima_modificacion": "2025-08-01 01:00:58.830942"
  },
  "62722b07c3614e11bf1b356b26646f82.plist": {
    "app_sintetizada": "62722B07C3614E11BF1B356B26646F82.PLIST",
    "cantidad_archivos": 1,
    "archivos_fuente": [
      "Pictures/Fototeca de Fotos.photoslibrary/resources/renders/6/62722B07-C361-4E11-BF1B-356B26646F82.plist"
    ],
    "ultima_modificacion": "2025-08-01 01:00:58.831148"
  },
  "6e5a8edab1b94499b60f9398ddb9a3b5.plist": {
    "app_sintetizada": "6E5A8EDAB1B94499B60F9398DDB9A3B5.PLIST",
    "cantidad_archivos": 1,
    "archivos_fuente": [
      "Pictures/Fototeca de Fotos.photoslibrary/resources/renders/6/6E5A8EDA-B1B9-4499-B60F-9398DDB9A3B5.plist"
    ],
    "ultima_modificacion": "2025-08-01 01:00:58.831329"
  },
  "64d12a3622b340409b16ce49d602c6fa.plist": {
    "app_sintetizada": "64D12A3622B340409B16CE49D602C6FA.PLIST",
    "cantidad_archivos": 1,
    "archivos_fuente": [
      "Pictures/Fototeca de Fotos.photoslibrary/resources/renders/6/64D12A36-22B3-4040-9B16-CE49D602C6FA.plist"
    ],
    "ultima_modificacion": "2025-08-01 01:00:58.831503"
  },
  "6a46afc0ae6348909d836cc7bb348e95.plist": {
    "app_sintetizada": "6A46AFC0AE6348909D836CC7BB348E95.PLIST",
    "cantidad_archivos": 1,
    "archivos_fuente": [
      "Pictures/Fototeca de Fotos.photoslibrary/resources/renders/6/6A46AFC0-AE63-4890-9D83-6CC7BB348E95.plist"
    ],
    "ultima_modificacion": "2025-08-01 01:00:58.831669"
  },
  "6981c4bda75440a384378048a7970bb6.plist": {
    "app_sintetizada": "6981C4BDA75440A384378048A7970BB6.PLIST",
    "cantidad_archivos": 1,
    "archivos_fuente": [
      "Pictures/Fototeca de Fotos.photoslibrary/resources/renders/6/6981C4BD-A754-40A3-8437-8048A7970BB6.plist"
    ],
    "ultima_modificacion": "2025-08-01 01:00:58.831836"
  },
  "68fa58ed043f43be9f33b4accfa52e99.plist": {
    "app_sintetizada": "68FA58ED043F43BE9F33B4ACCFA52E99.PLIST",
    "cantidad_archivos": 1,
    "archivos_fuente": [
      "Pictures/Fototeca de Fotos.photoslibrary/resources/renders/6/68FA58ED-043F-43BE-9F33-B4ACCFA52E99.plist"
    ],
    "ultima_modificacion": "2025-08-01 01:00:58.832049"
  },
  "6d5411b69f5d41d4a3418a08277747c4.plist": {
    "app_sintetizada": "6D5411B69F5D41D4A3418A08277747C4.PLIST",
    "cantidad_archivos": 1,
    "archivos_fuente": [
      "Pictures/Fototeca de Fotos.photoslibrary/resources/renders/6/6D5411B6-9F5D-41D4-A341-8A08277747C4.plist"
    ],
    "ultima_modificacion": "2025-08-01 01:00:58.832287"
  },
  "653d6618ff04451983896497333a3fb1.plist": {
    "app_sintetizada": "653D6618FF04451983896497333A3FB1.PLIST",
    "cantidad_archivos": 1,
    "archivos_fuente": [
      "Pictures/Fototeca de Fotos.photoslibrary/resources/renders/6/653D6618-FF04-4519-8389-6497333A3FB1.plist"
    ],
    "ultima_modificacion": "2025-08-01 01:00:58.832491"
  },
  "674d4ae4a1194fa6947a6301f2467923.plist": {
    "app_sintetizada": "674D4AE4A1194FA6947A6301F2467923.PLIST",
    "cantidad_archivos": 1,
    "archivos_fuente": [
      "Pictures/Fototeca de Fotos.photoslibrary/resources/renders/6/674D4AE4-A119-4FA6-947A-6301F2467923.plist"
    ],
    "ultima_modificacion": "2025-08-01 01:00:58.832717"
  },
  "6dd37733340f43f18aba8ba5e7b06792.plist": {
    "app_sintetizada": "6DD37733340F43F18ABA8BA5E7B06792.PLIST",
    "cantidad_archivos": 1,
    "archivos_fuente": [
      "Pictures/Fototeca de Fotos.photoslibrary/resources/renders/6/6DD37733-340F-43F1-8ABA-8BA5E7B06792.plist"
    ],
    "ultima_modificacion": "2025-08-01 01:00:58.832893"
  },
  "6fb75af93f4149339c63185d15597d65.plist": {
    "app_sintetizada": "6FB75AF93F4149339C63185D15597D65.PLIST",
    "cantidad_archivos": 1,
    "archivos_fuente": [
      "Pictures/Fototeca de Fotos.photoslibrary/resources/renders/6/6FB75AF9-3F41-4933-9C63-185D15597D65.plist"
    ],
    "ultima_modificacion": "2025-08-01 01:00:58.833073"
  },
  "6de0dee7b64e49f99b25fad45ddaef62.plist": {
    "app_sintetizada": "6DE0DEE7B64E49F99B25FAD45DDAEF62.PLIST",
    "cantidad_archivos": 1,
    "archivos_fuente": [
      "Pictures/Fototeca de Fotos.photoslibrary/resources/renders/6/6DE0DEE7-B64E-49F9-9B25-FAD45DDAEF62.plist"
    ],
    "ultima_modificacion": "2025-08-01 01:00:58.833249"
  },
  "69142146d2b6442ea84f7d03971329b2.plist": {
    "app_sintetizada": "69142146D2B6442EA84F7D03971329B2.PLIST",
    "cantidad_archivos": 1,
    "archivos_fuente": [
      "Pictures/Fototeca de Fotos.photoslibrary/resources/renders/6/69142146-D2B6-442E-A84F-7D03971329B2.plist"
    ],
    "ultima_modificacion": "2025-08-01 01:00:58.833438"
  },
  "61d5c3a764a54c71b38c7f3e6575933a.plist": {
    "app_sintetizada": "61D5C3A764A54C71B38C7F3E6575933A.PLIST",
    "cantidad_archivos": 1,
    "archivos_fuente": [
      "Pictures/Fototeca de Fotos.photoslibrary/resources/renders/6/61D5C3A7-64A5-4C71-B38C-7F3E6575933A.plist"
    ],
    "ultima_modificacion": "2025-08-01 01:00:58.833611"
  },
  "6c3bf507990a467a9f7bdf1293dda6a5.plist": {
    "app_sintetizada": "6C3BF507990A467A9F7BDF1293DDA6A5.PLIST",
    "cantidad_archivos": 1,
    "archivos_fuente": [
      "Pictures/Fototeca de Fotos.photoslibrary/resources/renders/6/6C3BF507-990A-467A-9F7B-DF1293DDA6A5.plist"
    ],
    "ultima_modificacion": "2025-08-01 01:00:58.833786"
  },
  "6d09bb033b8349eab80b4fa3119a94ce.plist": {
    "app_sintetizada": "6D09BB033B8349EAB80B4FA3119A94CE.PLIST",
    "cantidad_archivos": 1,
    "archivos_fuente": [
      "Pictures/Fototeca de Fotos.photoslibrary/resources/renders/6/6D09BB03-3B83-49EA-B80B-4FA3119A94CE.plist"
    ],
    "ultima_modificacion": "2025-08-01 01:00:58.833956"
  },
  "623241f4c048483e973218219975f87e.plist": {
    "app_sintetizada": "623241F4C048483E973218219975F87E.PLIST",
    "cantidad_archivos": 1,
    "archivos_fuente": [
      "Pictures/Fototeca de Fotos.photoslibrary/resources/renders/6/623241F4-C048-483E-9732-18219975F87E.plist"
    ],
    "ultima_modificacion": "2025-08-01 01:00:58.834132"
  },
  "6d3bea29c4364c5496a8c840b9e0eee6.plist": {
    "app_sintetizada": "6D3BEA29C4364C5496A8C840B9E0EEE6.PLIST",
    "cantidad_archivos": 1,
    "archivos_fuente": [
      "Pictures/Fototeca de Fotos.photoslibrary/resources/renders/6/6D3BEA29-C436-4C54-96A8-C840B9E0EEE6.plist"
    ],
    "ultima_modificacion": "2025-08-01 01:00:58.834303"
  },
  "65fa8a1515544cc4adcff182106cf6c5.plist": {
    "app_sintetizada": "65FA8A1515544CC4ADCFF182106CF6C5.PLIST",
    "cantidad_archivos": 1,
    "archivos_fuente": [
      "Pictures/Fototeca de Fotos.photoslibrary/resources/renders/6/65FA8A15-1554-4CC4-ADCF-F182106CF6C5.plist"
    ],
    "ultima_modificacion": "2025-08-01 01:00:58.834502"
  },
  "68f6fe3ee01d4d8fa48ebffcee72b494.plist": {
    "app_sintetizada": "68F6FE3EE01D4D8FA48EBFFCEE72B494.PLIST",
    "cantidad_archivos": 1,
    "archivos_fuente": [
      "Pictures/Fototeca de Fotos.photoslibrary/resources/renders/6/68F6FE3E-E01D-4D8F-A48E-BFFCEE72B494.plist"
    ],
    "ultima_modificacion": "2025-08-01 01:00:58.834693"
  }
}