{
  "6b5230b622ab4da6a7133adcd1594e2c.plist": {
    "app_sintetizada": "6B5230B622AB4DA6A7133ADCD1594E2C.PLIST",
    "cantidad_archivos": 1,
    "archivos_fuente": [
      "Pictures/Fototeca de Fotos.photoslibrary/resources/renders/6/6B5230B6-22AB-4DA6-A713-3ADCD1594E2C.plist"
    ],
    "ultima_modificacion": "2025-08-01 01:00:58.788146"
  },
  "6d9f1f7fc8034e15bd8de86d19f3ca99.plist": {
    "app_sintetizada": "6D9F1F7FC8034E15BD8DE86D19F3CA99.PLIST",
    "cantidad_archivos": 1,
    "archivos_fuente": [
      "Pictures/Fototeca de Fotos.photoslibrary/resources/renders/6/6D9F1F7F-C803-4E15-BD8D-E86D19F3CA99.plist"
    ],
    "ultima_modificacion": "2025-08-01 01:00:58.788440"
  },
  "64a59ca329634397902e86da3c41afb8.plist": {
    "app_sintetizada": "64A59CA329634397902E86DA3C41AFB8.PLIST",
    "cantidad_archivos": 1,
    "archivos_fuente": [
      "Pictures/Fototeca de Fotos.photoslibrary/resources/renders/6/64A59CA3-2963-4397-902E-86DA3C41AFB8.plist"
    ],
    "ultima_modificacion": "2025-08-01 01:00:58.788689"
  },
  "61d8140bd6a64b1aa37586fb35abb3f7.plist": {
    "app_sintetizada": "61D8140BD6A64B1AA37586FB35ABB3F7.PLIST",
    "cantidad_archivos": 1,
    "archivos_fuente": [
      "Pictures/Fototeca de Fotos.photoslibrary/resources/renders/6/61D8140B-D6A6-4B1A-A375-86FB35ABB3F7.plist"
    ],
    "ultima_modificacion": "2025-08-01 01:00:58.788944"
  },
  "67d7d50a1a914732a58691eb31bd4b0b.plist": {
    "app_sintetizada": "67D7D50A1A914732A58691EB31BD4B0B.PLIST",
    "cantidad_archivos": 1,
    "archivos_fuente": [
      "Pictures/Fototeca de Fotos.photoslibrary/resources/renders/6/67D7D50A-1A91-4732-A586-91EB31BD4B0B.plist"
    ],
    "ultima_modificacion": "2025-08-01 01:00:58.789201"
  },
  "6e2b1fad3cc049d7ba79fa41cba3e003.plist": {
    "app_sintetizada": "6E2B1FAD3CC049D7BA79FA41CBA3E003.PLIST",
    "cantidad_archivos": 1,
    "archivos_fuente": [
      "Pictures/Fototeca de Fotos.photoslibrary/resources/renders/6/6E2B1FAD-3CC0-49D7-BA79-FA41CBA3E003.plist"
    ],
    "ultima_modificacion": "2025-08-01 01:00:58.789524"
  },
  "61093b0788974c7dbb2eeeb1fb4e0dd5.plist": {
    "app_sintetizada": "61093B0788974C7DBB2EEEB1FB4E0DD5.PLIST",
    "cantidad_archivos": 1,
    "archivos_fuente": [
      "Pictures/Fototeca de Fotos.photoslibrary/resources/renders/6/61093B07-8897-4C7D-BB2E-EEB1FB4E0DD5.plist"
    ],
    "ultima_modificacion": "2025-08-01 01:00:58.789802"
  },
  "6bb946c674224f5fab87821b1173acb1.plist": {
    "app_sintetizada": "6BB946C674224F5FAB87821B1173ACB1.PLIST",
    "cantidad_archivos": 1,
    "archivos_fuente": [
      "Pictures/Fototeca de Fotos.photoslibrary/resources/renders/6/6BB946C6-7422-4F5F-AB87-821B1173ACB1.plist"
    ],
    "ultima_modificacion": "2025-08-01 01:00:58.790108"
  },
  "6188943d1a1a4e6d9a588906d3ce85d2.plist": {
    "app_sintetizada": "6188943D1A1A4E6D9A588906D3CE85D2.PLIST",
    "cantidad_archivos": 1,
    "archivos_fuente": [
      "Pictures/Fototeca de Fotos.photoslibrary/resources/renders/6/6188943D-1A1A-4E6D-9A58-8906D3CE85D2.plist"
    ],
    "ultima_modificacion": "2025-08-01 01:00:58.790377"
  },
  "6f5fb45da1954964bb1ceac6a24e3291.plist": {
    "app_sintetizada": "6F5FB45DA1954964BB1CEAC6A24E3291.PLIST",
    "cantidad_archivos": 1,
    "archivos_fuente": [
      "Pictures/Fototeca de Fotos.photoslibrary/resources/renders/6/6F5FB45D-A195-4964-BB1C-EAC6A24E3291.plist"
    ],
    "ultima_modificacion": "2025-08-01 01:00:58.790645"
  },
  "648a0fe0d031484c9ea4d404fe871d94.plist": {
    "app_sintetizada": "648A0FE0D031484C9EA4D404FE871D94.PLIST",
    "cantidad_archivos": 1,
    "archivos_fuente": [
      "Pictures/Fototeca de Fotos.photoslibrary/resources/renders/6/648A0FE0-D031-484C-9EA4-D404FE871D94.plist"
    ],
    "ultima_modificacion": "2025-08-01 01:00:58.790918"
  },
  "64eb947a48a348d79a674f35349c04a3.plist": {
    "app_sintetizada": "64EB947A48A348D79A674F35349C04A3.PLIST",
    "cantidad_archivos": 1,
    "archivos_fuente": [
      "Pictures/Fototeca de Fotos.photoslibrary/resources/renders/6/64EB947A-48A3-48D7-9A67-4F35349C04A3.plist"
    ],
    "ultima_modificacion": "2025-08-01 01:00:58.791181"
  },
  "6078e8faa2914bd191d3949d8e2c2921.plist": {
    "app_sintetizada": "6078E8FAA2914BD191D3949D8E2C2921.PLIST",
    "cantidad_archivos": 1,
    "archivos_fuente": [
      "Pictures/Fototeca de Fotos.photoslibrary/resources/renders/6/6078E8FA-A291-4BD1-91D3-949D8E2C2921.plist"
    ],
    "ultima_modificacion": "2025-08-01 01:00:58.791449"
  },
  "62a5763e29e34dfb983d52dfabc3bb8a.plist": {
    "app_sintetizada": "62A5763E29E34DFB983D52DFABC3BB8A.PLIST",
    "cantidad_archivos": 1,
    "archivos_fuente": [
      "Pictures/Fototeca de Fotos.photoslibrary/resources/renders/6/62A5763E-29E3-4DFB-983D-52DFABC3BB8A.plist"
    ],
    "ultima_modificacion": "2025-08-01 01:00:58.791720"
  },
  "6677967bf64b4c14ab5cc59c68e5136b.plist": {
    "app_sintetizada": "6677967BF64B4C14AB5CC59C68E5136B.PLIST",
    "cantidad_archivos": 1,
    "archivos_fuente": [
      "Pictures/Fototeca de Fotos.photoslibrary/resources/renders/6/6677967B-F64B-4C14-AB5C-C59C68E5136B.plist"
    ],
    "ultima_modificacion": "2025-08-01 01:00:58.791996"
  },
  "68ed88ff8c574de1a0bdb3ec95f41154.plist": {
    "app_sintetizada": "68ED88FF8C574DE1A0BDB3EC95F41154.PLIST",
    "cantidad_archivos": 1,
    "archivos_fuente": [
      "Pictures/Fototeca de Fotos.photoslibrary/resources/renders/6/68ED88FF-8C57-4DE1-A0BD-B3EC95F41154.plist"
    ],
    "ultima_modificacion": "2025-08-01 01:00:58.792265"
  },
  "69913ba8b9ee49d8b90536ddfa6fab8e.plist": {
    "app_sintetizada": "69913BA8B9EE49D8B90536DDFA6FAB8E.PLIST",
    "cantidad_archivos": 1,
    "archivos_fuente": [
      "Pictures/Fototeca de Fotos.photoslibrary/resources/renders/6/69913BA8-B9EE-49D8-B905-36DDFA6FAB8E.plist"
    ],
    "ultima_modificacion": "2025-08-01 01:00:58.792710"
  },
  "6f80d50c7fb7411a8b236314c4449111.plist": {
    "app_sintetizada": "6F80D50C7FB7411A8B236314C4449111.PLIST",
    "cantidad_archivos": 1,
    "archivos_fuente": [
      "Pictures/Fototeca de Fotos.photoslibrary/resources/renders/6/6F80D50C-7FB7-411A-8B23-6314C4449111.plist"
    ],
    "ultima_modificacion": "2025-08-01 01:00:58.793024"
  },
  "6d48b95704e4453b831d704c86d0b473.plist": {
    "app_sintetizada": "6D48B95704E4453B831D704C86D0B473.PLIST",
    "cantidad_archivos": 1,
    "archivos_fuente": [
      "Pictures/Fototeca de Fotos.photoslibrary/resources/renders/6/6D48B957-04E4-453B-831D-704C86D0B473.plist"
    ],
    "ultima_modificacion": "2025-08-01 01:00:58.793312"
  },
  "66ae316bfdb9404ab37854764e15e13b.plist": {
    "app_sintetizada": "66AE316BFDB9404AB37854764E15E13B.PLIST",
    "cantidad_archivos": 1,
    "archivos_fuente": [
      "Pictures/Fototeca de Fotos.photoslibrary/resources/renders/6/66AE316B-FDB9-404A-B378-54764E15E13B.plist"
    ],
    "ultima_modificacion": "2025-08-01 01:00:58.793577"
  },
  "67d80799111348618ea956ce2cca01da.plist": {
    "app_sintetizada": "67D80799111348618EA956CE2CCA01DA.PLIST",
    "cantidad_archivos": 1,
    "archivos_fuente": [
      "Pictures/Fototeca de Fotos.photoslibrary/resources/renders/6/67D80799-1113-4861-8EA9-56CE2CCA01DA.plist"
    ],
    "ultima_modificacion": "2025-08-01 01:00:58.793863"
  },
  "60495f7a55f946a9980d5f0ffe34c705.plist": {
    "app_sintetizada": "60495F7A55F946A9980D5F0FFE34C705.PLIST",
    "cantidad_archivos": 1,
    "archivos_fuente": [
      "Pictures/Fototeca de Fotos.photoslibrary/resources/renders/6/60495F7A-55F9-46A9-980D-5F0FFE34C705.plist"
    ],
    "ultima_modificacion": "2025-08-01 01:00:58.794153"
  },
  "6282703d64fd4c73bc85da8d211b5e84.plist": {
    "app_sintetizada": "6282703D64FD4C73BC85DA8D211B5E84.PLIST",
    "cantidad_archivos": 1,
    "archivos_fuente": [
      "Pictures/Fototeca de Fotos.photoslibrary/resources/renders/6/6282703D-64FD-4C73-BC85-DA8D211B5E84.plist"
    ],
    "ultima_modificacion": "2025-08-01 01:00:58.794412"
  },
  "64b26d42b76c452eb757bb190f73065b.plist": {
    "app_sintetizada": "64B26D42B76C452EB757BB190F73065B.PLIST",
    "cantidad_archivos": 1,
    "archivos_fuente": [
      "Pictures/Fototeca de Fotos.photoslibrary/resources/renders/6/64B26D42-B76C-452E-B757-BB190F73065B.plist"
    ],
    "ultima_modificacion": "2025-08-01 01:00:58.794679"
  },
  "6613614c2c0c4e01a194b26018b43c63.plist": {
    "app_sintetizada": "6613614C2C0C4E01A194B26018B43C63.PLIST",
    "cantidad_archivos": 1,
    "archivos_fuente": [
      "Pictures/Fototeca de Fotos.photoslibrary/resources/renders/6/6613614C-2C0C-4E01-A194-B26018B43C63.plist"
    ],
    "ultima_modificacion": "2025-08-01 01:00:58.794951"
  },
  "676fcbf5c5f74ecab392dd7d376cfce6.plist": {
    "app_sintetizada": "676FCBF5C5F74ECAB392DD7D376CFCE6.PLIST",
    "cantidad_archivos": 1,
    "archivos_fuente": [
      "Pictures/Fototeca de Fotos.photoslibrary/resources/renders/6/676FCBF5-C5F7-4ECA-B392-DD7D376CFCE6.plist"
    ],
    "ultima_modificacion": "2025-08-01 01:00:58.795202"
  },
  "649bbc6de196437dbec256bfae37d936.plist": {
    "app_sintetizada": "649BBC6DE196437DBEC256BFAE37D936.PLIST",
    "cantidad_archivos": 1,
    "archivos_fuente": [
      "Pictures/Fototeca de Fotos.photoslibrary/resources/renders/6/649BBC6D-E196-437D-BEC2-56BFAE37D936.plist"
    ],
    "ultima_modificacion": "2025-08-01 01:00:58.795461"
  },
  "606b5d234634470f8f68138c1335488a.plist": {
    "app_sintetizada": "606B5D234634470F8F68138C1335488A.PLIST",
    "cantidad_archivos": 1,
    "archivos_fuente": [
      "Pictures/Fototeca de Fotos.photoslibrary/resources/renders/6/606B5D23-4634-470F-8F68-138C1335488A.plist"
    ],
    "ultima_modificacion": "2025-08-01 01:00:58.795749"
  },
  "6b78534cf6be4996bdd5a18651409dc5.plist": {
    "app_sintetizada": "6B78534CF6BE4996BDD5A18651409DC5.PLIST",
    "cantidad_archivos": 1,
    "archivos_fuente": [
      "Pictures/Fototeca de Fotos.photoslibrary/resources/renders/6/6B78534C-F6BE-4996-BDD5-A18651409DC5.plist"
    ],
    "ultima_modificacion": "2025-08-01 01:00:58.796019"
  },
  "675e3e8f2cc4427e87daf54d252d5d12.plist": {
    "app_sintetizada": "675E3E8F2CC4427E87DAF54D252D5D12.PLIST",
    "cantidad_archivos": 1,
    "archivos_fuente": [
      "Pictures/Fototeca de Fotos.photoslibrary/resources/renders/6/675E3E8F-2CC4-427E-87DA-F54D252D5D12.plist"
    ],
    "ultima_modificacion": "2025-08-01 01:00:58.796274"
  },
  "62b79c1cf2cd41b3b06f5feac89eb86e.plist": {
    "app_sintetizada": "62B79C1CF2CD41B3B06F5FEAC89EB86E.PLIST",
    "cantidad_archivos": 1,
    "archivos_fuente": [
      "Pictures/Fototeca de Fotos.photoslibrary/resources/renders/6/62B79C1C-F2CD-41B3-B06F-5FEAC89EB86E.plist"
    ],
    "ultima_modificacion": "2025-08-01 01:00:58.796547"
  },
  "60ad24fea8fd46b6ad015a9ac6a0f950.plist": {
    "app_sintetizada": "60AD24FEA8FD46B6AD015A9AC6A0F950.PLIST",
    "cantidad_archivos": 1,
    "archivos_fuente": [
      "Pictures/Fototeca de Fotos.photoslibrary/resources/renders/6/60AD24FE-A8FD-46B6-AD01-5A9AC6A0F950.plist"
    ],
    "ultima_modificacion": "2025-08-01 01:00:58.796798"
  },
  "6622b70ba9ff4a378c8f1443f324189a.plist": {
    "app_sintetizada": "6622B70BA9FF4A378C8F1443F324189A.PLIST",
    "cantidad_archivos": 1,
    "archivos_fuente": [
      "Pictures/Fototeca de Fotos.photoslibrary/resources/renders/6/6622B70B-A9FF-4A37-8C8F-1443F324189A.plist"
    ],
    "ultima_modificacion": "2025-08-01 01:00:58.797051"
  },
  "6123246aa8b745b389ddb8a569d02856.plist": {
    "app_sintetizada": "6123246AA8B745B389DDB8A569D02856.PLIST",
    "cantidad_archivos": 1,
    "archivos_fuente": [
      "Pictures/Fototeca de Fotos.photoslibrary/resources/renders/6/6123246A-A8B7-45B3-89DD-B8A569D02856.plist"
    ],
    "ultima_modificacion": "2025-08-01 01:00:58.797353"
  },
  "6f8ab0fe0e6a45c19bcf601c0a32f791.plist": {
    "app_sintetizada": "6F8AB0FE0E6A45C19BCF601C0A32F791.PLIST",
    "cantidad_archivos": 1,
    "archivos_fuente": [
      "Pictures/Fototeca de Fotos.photoslibrary/resources/renders/6/6F8AB0FE-0E6A-45C1-9BCF-601C0A32F791.plist"
    ],
    "ultima_modificacion": "2025-08-01 01:00:58.797623"
  },
  "63e9373184d5425c97868d9b11c8c424.plist": {
    "app_sintetizada": "63E9373184D5425C97868D9B11C8C424.PLIST",
    "cantidad_archivos": 1,
    "archivos_fuente": [
      "Pictures/Fototeca de Fotos.photoslibrary/resources/renders/6/63E93731-84D5-425C-9786-8D9B11C8C424.plist"
    ],
    "ultima_modificacion": "2025-08-01 01:00:58.797883"
  },
  "669c08f2a4ad4bcc98a2d6551b555fb9.plist": {
    "app_sintetizada": "669C08F2A4AD4BCC98A2D6551B555FB9.PLIST",
    "cantidad_archivos": 1,
    "archivos_fuente": [
      "Pictures/Fototeca de Fotos.photoslibrary/resources/renders/6/669C08F2-A4AD-4BCC-98A2-D6551B555FB9.plist"
    ],
    "ultima_modificacion": "2025-08-01 01:00:58.798180"
  },
  "684385bd04d94e65af7de88abe38b4d2.plist": {
    "app_sintetizada": "684385BD04D94E65AF7DE88ABE38B4D2.PLIST",
    "cantidad_archivos": 1,
    "archivos_fuente": [
      "Pictures/Fototeca de Fotos.photoslibrary/resources/renders/6/684385BD-04D9-4E65-AF7D-E88ABE38B4D2.plist"
    ],
    "ultima_modificacion": "2025-08-01 01:00:58.798444"
  },
  "6c794553121a438cb06277ae25d531e3.plist": {
    "app_sintetizada": "6C794553121A438CB06277AE25D531E3.PLIST",
    "cantidad_archivos": 1,
    "archivos_fuente": [
      "Pictures/Fototeca de Fotos.photoslibrary/resources/renders/6/6C794553-121A-438C-B062-77AE25D531E3.plist"
    ],
    "ultima_modificacion": "2025-08-01 01:00:58.798704"
  },
  "64e25a035a0842eb8db478882b8b778b.plist": {
    "app_sintetizada": "64E25A035A0842EB8DB478882B8B778B.PLIST",
    "cantidad_archivos": 1,
    "archivos_fuente": [
      "Pictures/Fototeca de Fotos.photoslibrary/resources/renders/6/64E25A03-5A08-42EB-8DB4-78882B8B778B.plist"
    ],
    "ultima_modificacion": "2025-08-01 01:00:58.798976"
  },
  "6b6bce5de0a842cb92937ec895a05bb3.plist": {
    "app_sintetizada": "6B6BCE5DE0A842CB92937EC895A05BB3.PLIST",
    "cantidad_archivos": 1,
    "archivos_fuente": [
      "Pictures/Fototeca de Fotos.photoslibrary/resources/renders/6/6B6BCE5D-E0A8-42CB-9293-7EC895A05BB3.plist"
    ],
    "ultima_modificacion": "2025-08-01 01:00:58.799257"
  },
  "661fdd3d52ae46fcb936a7c2b27a1467.plist": {
    "app_sintetizada": "661FDD3D52AE46FCB936A7C2B27A1467.PLIST",
    "cantidad_archivos": 1,
    "archivos_fuente": [
      "Pictures/Fototeca de Fotos.photoslibrary/resources/renders/6/661FDD3D-52AE-46FC-B936-A7C2B27A1467.plist"
    ],
    "ultima_modificacion": "2025-08-01 01:00:58.799509"
  },
  "6b87c6041b154012b09f86d4e468fa0f.plist": {
    "app_sintetizada": "6B87C6041B154012B09F86D4E468FA0F.PLIST",
    "cantidad_archivos": 1,
    "archivos_fuente": [
      "Pictures/Fototeca de Fotos.photoslibrary/resources/renders/6/6B87C604-1B15-4012-B09F-86D4E468FA0F.plist"
    ],
    "ultima_modificacion": "2025-08-01 01:00:58.799781"
  },
  "6fe8f03a9d734d55b0d33333ec902f91.plist": {
    "app_sintetizada": "6FE8F03A9D734D55B0D33333EC902F91.PLIST",
    "cantidad_archivos": 1,
    "archivos_fuente": [
      "Pictures/Fototeca de Fotos.photoslibrary/resources/renders/6/6FE8F03A-9D73-4D55-B0D3-3333EC902F91.plist"
    ],
    "ultima_modificacion": "2025-08-01 01:00:58.800033"
  },
  "61e1151f0eaa408aa2f089c5ca9acc37.plist": {
    "app_sintetizada": "61E1151F0EAA408AA2F089C5CA9ACC37.PLIST",
    "cantidad_archivos": 1,
    "archivos_fuente": [
      "Pictures/Fototeca de Fotos.photoslibrary/resources/renders/6/61E1151F-0EAA-408A-A2F0-89C5CA9ACC37.plist"
    ],
    "ultima_modificacion": "2025-08-01 01:00:58.800340"
  },
  "665f72b9f7ac43ae897d45cd1bf2c360.plist": {
    "app_sintetizada": "665F72B9F7AC43AE897D45CD1BF2C360.PLIST",
    "cantidad_archivos": 1,
    "archivos_fuente": [
      "Pictures/Fototeca de Fotos.photoslibrary/resources/renders/6/665F72B9-F7AC-43AE-897D-45CD1BF2C360.plist"
    ],
    "ultima_modificacion": "2025-08-01 01:00:58.800703"
  },
  "6b35e89e39da41c4b58ceae5867c10fa.plist": {
    "app_sintetizada": "6B35E89E39DA41C4B58CEAE5867C10FA.PLIST",
    "cantidad_archivos": 1,
    "archivos_fuente": [
      "Pictures/Fototeca de Fotos.photoslibrary/resources/renders/6/6B35E89E-39DA-41C4-B58C-EAE5867C10FA.plist"
    ],
    "ultima_modificacion": "2025-08-01 01:00:58.800951"
  },
  "67d98eeee1c24408bfbbb3a97c8f3f78.plist": {
    "app_sintetizada": "67D98EEEE1C24408BFBBB3A97C8F3F78.PLIST",
    "cantidad_archivos": 1,
    "archivos_fuente": [
      "Pictures/Fototeca de Fotos.photoslibrary/resources/renders/6/67D98EEE-E1C2-4408-BFBB-B3A97C8F3F78.plist"
    ],
    "ultima_modificacion": "2025-08-01 01:00:58.801188"
  },
  "6e8ae18c4c1e44e6bb48f53255d47769.plist": {
    "app_sintetizada": "6E8AE18C4C1E44E6BB48F53255D47769.PLIST",
    "cantidad_archivos": 1,
    "archivos_fuente": [
      "Pictures/Fototeca de Fotos.photoslibrary/resources/renders/6/6E8AE18C-4C1E-44E6-BB48-F53255D47769.plist"
    ],
    "ultima_modificacion": "2025-08-01 01:00:58.801445"
  },
  "6ecfedcf78b14fa2984fa1e082d486e4.plist": {
    "app_sintetizada": "6ECFEDCF78B14FA2984FA1E082D486E4.PLIST",
    "cantidad_archivos": 1,
    "archivos_fuente": [
      "Pictures/Fototeca de Fotos.photoslibrary/resources/renders/6/6ECFEDCF-78B1-4FA2-984F-A1E082D486E4.plist"
    ],
    "ultima_modificacion": "2025-08-01 01:00:58.801713"
  },
  "69d9a302c5b84b298f62944881be1c94.plist": {
    "app_sintetizada": "69D9A302C5B84B298F62944881BE1C94.PLIST",
    "cantidad_archivos": 1,
    "archivos_fuente": [
      "Pictures/Fototeca de Fotos.photoslibrary/resources/renders/6/69D9A302-C5B8-4B29-8F62-944881BE1C94.plist"
    ],
    "ultima_modificacion": "2025-08-01 01:00:58.802011"
  },
  "658b3de114d54cddbf03c5a739fb98f3.plist": {
    "app_sintetizada": "658B3DE114D54CDDBF03C5A739FB98F3.PLIST",
    "cantidad_archivos": 1,
    "archivos_fuente": [
      "Pictures/Fototeca de Fotos.photoslibrary/resources/renders/6/658B3DE1-14D5-4CDD-BF03-C5A739FB98F3.plist"
    ],
    "ultima_modificacion": "2025-08-01 01:00:58.802261"
  },
  "642c8bf00d6e45998c5e3c09ac12cff2.plist": {
    "app_sintetizada": "642C8BF00D6E45998C5E3C09AC12CFF2.PLIST",
    "cantidad_archivos": 1,
    "archivos_fuente": [
      "Pictures/Fototeca de Fotos.photoslibrary/resources/renders/6/642C8BF0-0D6E-4599-8C5E-3C09AC12CFF2.plist"
    ],
    "ultima_modificacion": "2025-08-01 01:00:58.802525"
  },
  "64802fae18ff48c28320e0b43e900c4d.plist": {
    "app_sintetizada": "64802FAE18FF48C28320E0B43E900C4D.PLIST",
    "cantidad_archivos": 1,
    "archivos_fuente": [
      "Pictures/Fototeca de Fotos.photoslibrary/resources/renders/6/64802FAE-18FF-48C2-8320-E0B43E900C4D.plist"
    ],
    "ultima_modificacion": "2025-08-01 01:00:58.802774"
  },
  "638e5f20e9db483c81176af373fdfddc.plist": {
    "app_sintetizada": "638E5F20E9DB483C81176AF373FDFDDC.PLIST",
    "cantidad_archivos": 1,
    "archivos_fuente": [
      "Pictures/Fototeca de Fotos.photoslibrary/resources/renders/6/638E5F20-E9DB-483C-8117-6AF373FDFDDC.plist"
    ],
    "ultima_modificacion": "2025-08-01 01:00:58.803048"
  },
  "6d405c9841334a00bcb8fe35bd4d744d.plist": {
    "app_sintetizada": "6D405C9841334A00BCB8FE35BD4D744D.PLIST",
    "cantidad_archivos": 1,
    "archivos_fuente": [
      "Pictures/Fototeca de Fotos.photoslibrary/resources/renders/6/6D405C98-4133-4A00-BCB8-FE35BD4D744D.plist"
    ],
    "ultima_modificacion": "2025-08-01 01:00:58.803296"
  },
  "6032215ceb2147bab54bcfe9b9d3d8e5.plist": {
    "app_sintetizada": "6032215CEB2147BAB54BCFE9B9D3D8E5.PLIST",
    "cantidad_archivos": 1,
    "archivos_fuente": [
      "Pictures/Fototeca de Fotos.photoslibrary/resources/renders/6/6032215C-EB21-47BA-B54B-CFE9B9D3D8E5.plist"
    ],
    "ultima_modificacion": "2025-08-01 01:00:58.803540"
  },
  "6a5084c3efc1428191f581ca1f60a204.plist": {
    "app_sintetizada": "6A5084C3EFC1428191F581CA1F60A204.PLIST",
    "cantidad_archivos": 1,
    "archivos_fuente": [
      "Pictures/Fototeca de Fotos.photoslibrary/resources/renders/6/6A5084C3-EFC1-4281-91F5-81CA1F60A204.plist"
    ],
    "ultima_modificacion": "2025-08-01 01:00:58.803794"
  },
  "6420b3bee2234075a2a09627d549d165.plist": {
    "app_sintetizada": "6420B3BEE2234075A2A09627D549D165.PLIST",
    "cantidad_archivos": 1,
    "archivos_fuente": [
      "Pictures/Fototeca de Fotos.photoslibrary/resources/renders/6/6420B3BE-E223-4075-A2A0-9627D549D165.plist"
    ],
    "ultima_modificacion": "2025-08-01 01:00:58.804046"
  },
  "6dba56db86bf4f089dc0ed0297088a71.plist": {
    "app_sintetizada": "6DBA56DB86BF4F089DC0ED0297088A71.PLIST",
    "cantidad_archivos": 1,
    "archivos_fuente": [
      "Pictures/Fototeca de Fotos.photoslibrary/resources/renders/6/6DBA56DB-86BF-4F08-9DC0-ED0297088A71.plist"
    ],
    "ultima_modificacion": "2025-08-01 01:00:58.804270"
  },
  "65d0728eedad43a7a668230952b90890.plist": {
    "app_sintetizada": "65D0728EEDAD43A7A668230952B90890.PLIST",
    "cantidad_archivos": 1,
    "archivos_fuente": [
      "Pictures/Fototeca de Fotos.photoslibrary/resources/renders/6/65D0728E-EDAD-43A7-A668-230952B90890.plist"
    ],
    "ultima_modificacion": "2025-08-01 01:00:58.804520"
  },
  "6ea113b539de4970ba65e8876dba1d3d.plist": {
    "app_sintetizada": "6EA113B539DE4970BA65E8876DBA1D3D.PLIST",
    "cantidad_archivos": 1,
    "archivos_fuente": [
      "Pictures/Fototeca de Fotos.photoslibrary/resources/renders/6/6EA113B5-39DE-4970-BA65-E8876DBA1D3D.plist"
    ],
    "ultima_modificacion": "2025-08-01 01:00:58.804767"
  },
  "6acf6787fa2b49c9adec9466657a6d81.plist": {
    "app_sintetizada": "6ACF6787FA2B49C9ADEC9466657A6D81.PLIST",
    "cantidad_archivos": 1,
    "archivos_fuente": [
      "Pictures/Fototeca de Fotos.photoslibrary/resources/renders/6/6ACF6787-FA2B-49C9-ADEC-9466657A6D81.plist"
    ],
    "ultima_modificacion": "2025-08-01 01:00:58.805034"
  },
  "63f1b22e1d694a34bd18312a312bc678.plist": {
    "app_sintetizada": "63F1B22E1D694A34BD18312A312BC678.PLIST",
    "cantidad_archivos": 1,
    "archivos_fuente": [
      "Pictures/Fototeca de Fotos.photoslibrary/resources/renders/6/63F1B22E-1D69-4A34-BD18-312A312BC678.plist"
    ],
    "ultima_modificacion": "2025-08-01 01:00:58.805283"
  },
  "6a6e8d381e734ad781e2030a6b9f7db0.plist": {
    "app_sintetizada": "6A6E8D381E734AD781E2030A6B9F7DB0.PLIST",
    "cantidad_archivos": 1,
    "archivos_fuente": [
      "Pictures/Fototeca de Fotos.photoslibrary/resources/renders/6/6A6E8D38-1E73-4AD7-81E2-030A6B9F7DB0.plist"
    ],
    "ultima_modificacion": "2025-08-01 01:00:58.805534"
  },
  "6b2ef3e78060470db9bf66620e9044d9.plist": {
    "app_sintetizada": "6B2EF3E78060470DB9BF66620E9044D9.PLIST",
    "cantidad_archivos": 1,
    "archivos_fuente": [
      "Pictures/Fototeca de Fotos.photoslibrary/resources/renders/6/6B2EF3E7-8060-470D-B9BF-66620E9044D9.plist"
    ],
    "ultima_modificacion": "2025-08-01 01:00:58.805787"
  },
  "6089d00822814c47a0108e11935782af.plist": {
    "app_sintetizada": "6089D00822814C47A0108E11935782AF.PLIST",
    "cantidad_archivos": 1,
    "archivos_fuente": [
      "Pictures/Fototeca de Fotos.photoslibrary/resources/renders/6/6089D008-2281-4C47-A010-8E11935782AF.plist"
    ],
    "ultima_modificacion": "2025-08-01 01:00:58.806047"
  },
  "6325615c028c4a6f9baba0bdbe995a3e.plist": {
    "app_sintetizada": "6325615C028C4A6F9BABA0BDBE995A3E.PLIST",
    "cantidad_archivos": 1,
    "archivos_fuente": [
      "Pictures/Fototeca de Fotos.photoslibrary/resources/renders/6/6325615C-028C-4A6F-9BAB-A0BDBE995A3E.plist"
    ],
    "ultima_modificacion": "2025-08-01 01:00:58.806331"
  },
  "696b03bcc0a242a7b429c006d0bb06df.plist": {
    "app_sintetizada": "696B03BCC0A242A7B429C006D0BB06DF.PLIST",
    "cantidad_archivos": 1,
    "archivos_fuente": [
      "Pictures/Fototeca de Fotos.photoslibrary/resources/renders/6/696B03BC-C0A2-42A7-B429-C006D0BB06DF.plist"
    ],
    "ultima_modificacion": "2025-08-01 01:00:58.806583"
  },
  "6eca2a1fcbe440a5948c2325ca770670.plist": {
    "app_sintetizada": "6ECA2A1FCBE440A5948C2325CA770670.PLIST",
    "cantidad_archivos": 1,
    "archivos_fuente": [
      "Pictures/Fototeca de Fotos.photoslibrary/resources/renders/6/6ECA2A1F-CBE4-40A5-948C-2325CA770670.plist"
    ],
    "ultima_modificacion": "2025-08-01 01:00:58.806860"
  },
  "6030f305d28649cda36efe286a0f0a05.plist": {
    "app_sintetizada": "6030F305D28649CDA36EFE286A0F0A05.PLIST",
    "cantidad_archivos": 1,
    "archivos_fuente": [
      "Pictures/Fototeca de Fotos.photoslibrary/resources/renders/6/6030F305-D286-49CD-A36E-FE286A0F0A05.plist"
    ],
    "ultima_modificacion": "2025-08-01 01:00:58.807142"
  },
  "660343f36b674ccba1063faf0e46d67d.plist": {
    "app_sintetizada": "660343F36B674CCBA1063FAF0E46D67D.PLIST",
    "cantidad_archivos": 1,
    "archivos_fuente": [
      "Pictures/Fototeca de Fotos.photoslibrary/resources/renders/6/660343F3-6B67-4CCB-A106-3FAF0E46D67D.plist"
    ],
    "ultima_modificacion": "2025-08-01 01:00:58.807406"
  },
  "615f0ed4d05f43d6bc76c9e99a60d7fc.plist": {
    "app_sintetizada": "615F0ED4D05F43D6BC76C9E99A60D7FC.PLIST",
    "cantidad_archivos": 1,
    "archivos_fuente": [
      "Pictures/Fototeca de Fotos.photoslibrary/resources/renders/6/615F0ED4-D05F-43D6-BC76-C9E99A60D7FC.plist"
    ],
    "ultima_modificacion": "2025-08-01 01:00:58.807688"
  },
  "63279d49fba34956a03ecec490149ae6.plist": {
    "app_sintetizada": "63279D49FBA34956A03ECEC490149AE6.PLIST",
    "cantidad_archivos": 1,
    "archivos_fuente": [
      "Pictures/Fototeca de Fotos.photoslibrary/resources/renders/6/63279D49-FBA3-4956-A03E-CEC490149AE6.plist"
    ],
    "ultima_modificacion": "2025-08-01 01:00:58.807932"
  },
  "6155721318e84057862667fae9c6179a.plist": {
    "app_sintetizada": "6155721318E84057862667FAE9C6179A.PLIST",
    "cantidad_archivos": 1,
    "archivos_fuente": [
      "Pictures/Fototeca de Fotos.photoslibrary/resources/renders/6/61557213-18E8-4057-8626-67FAE9C6179A.plist"
    ],
    "ultima_modificacion": "2025-08-01 01:00:58.808177"
  },
  "6295ad0369524d5189962b8f2babf044.plist": {
    "app_sintetizada": "6295AD0369524D5189962B8F2BABF044.PLIST",
    "cantidad_archivos": 1,
    "archivos_fuente": [
      "Pictures/Fototeca de Fotos.photoslibrary/resources/renders/6/6295AD03-6952-4D51-8996-2B8F2BABF044.plist"
    ],
    "ultima_modificacion": "2025-08-01 01:00:58.808448"
  },
  "6790037037244ca28ef54e74eb383b12.plist": {
    "app_sintetizada": "6790037037244CA28EF54E74EB383B12.PLIST",
    "cantidad_archivos": 1,
    "archivos_fuente": [
      "Pictures/Fototeca de Fotos.photoslibrary/resources/renders/6/67900370-3724-4CA2-8EF5-4E74EB383B12.plist"
    ],
    "ultima_modificacion": "2025-08-01 01:00:58.808716"
  },
  "63f1477b9a3f4e9da8b5408cfb9be119.plist": {
    "app_sintetizada": "63F1477B9A3F4E9DA8B5408CFB9BE119.PLIST",
    "cantidad_archivos": 1,
    "archivos_fuente": [
      "Pictures/Fototeca de Fotos.photoslibrary/resources/renders/6/63F1477B-9A3F-4E9D-A8B5-408CFB9BE119.plist"
    ],
    "ultima_modificacion": "2025-08-01 01:00:58.808975"
  },
  "6dbe4c4bd3f044d5be0f7dd2ad1e5966.plist": {
    "app_sintetizada": "6DBE4C4BD3F044D5BE0F7DD2AD1E5966.PLIST",
    "cantidad_archivos": 1,
    "archivos_fuente": [
      "Pictures/Fototeca de Fotos.photoslibrary/resources/renders/6/6DBE4C4B-D3F0-44D5-BE0F-7DD2AD1E5966.plist"
    ],
    "ultima_modificacion": "2025-08-01 01:00:58.809238"
  },
  "670589d00cbc49a3ac29d42b2d74e31e.plist": {
    "app_sintetizada": "670589D00CBC49A3AC29D42B2D74E31E.PLIST",
    "cantidad_archivos": 1,
    "archivos_fuente": [
      "Pictures/Fototeca de Fotos.photoslibrary/resources/renders/6/670589D0-0CBC-49A3-AC29-D42B2D74E31E.plist"
    ],
    "ultima_modificacion": "2025-08-01 01:00:58.809491"
  },
  "6dd174debe3240a59266ead5705f2f4b.plist": {
    "app_sintetizada": "6DD174DEBE3240A59266EAD5705F2F4B.PLIST",
    "cantidad_archivos": 1,
    "archivos_fuente": [
      "Pictures/Fototeca de Fotos.photoslibrary/resources/renders/6/6DD174DE-BE32-40A5-9266-EAD5705F2F4B.plist"
    ],
    "ultima_modificacion": "2025-08-01 01:00:58.809742"
  },
  "60b96f11027848b79a4cc7c9540b9f8e.plist": {
    "app_sintetizada": "60B96F11027848B79A4CC7C9540B9F8E.PLIST",
    "cantidad_archivos": 1,
    "archivos_fuente": [
      "Pictures/Fototeca de Fotos.photoslibrary/resources/renders/6/60B96F11-0278-48B7-9A4C-C7C9540B9F8E.plist"
    ],
    "ultima_modificacion": "2025-08-01 01:00:58.810003"
  },
  "6533d06f43a9409da5aec7ac535637e7.plist": {
    "app_sintetizada": "6533D06F43A9409DA5AEC7AC535637E7.PLIST",
    "cantidad_archivos": 1,
    "archivos_fuente": [
      "Pictures/Fototeca de Fotos.photoslibrary/resources/renders/6/6533D06F-43A9-409D-A5AE-C7AC535637E7.plist"
    ],
    "ultima_modificacion": "2025-08-01 01:00:58.810249"
  },
  "6d2b59fc4feb465280002c4878d55732.plist": {
    "app_sintetizada": "6D2B59FC4FEB465280002C4878D55732.PLIST",
    "cantidad_archivos": 1,
    "archivos_fuente": [
      "Pictures/Fototeca de Fotos.photoslibrary/resources/renders/6/6D2B59FC-4FEB-4652-8000-2C4878D55732.plist"
    ],
    "ultima_modificacion": "2025-08-01 01:00:58.810529"
  },
  "6ae811c888004ea2b2585cc5f572a0ab.plist": {
    "app_sintetizada": "6AE811C888004EA2B2585CC5F572A0AB.PLIST",
    "cantidad_archivos": 1,
    "archivos_fuente": [
      "Pictures/Fototeca de Fotos.photoslibrary/resources/renders/6/6AE811C8-8800-4EA2-B258-5CC5F572A0AB.plist"
    ],
    "ultima_modificacion": "2025-08-01 01:00:58.810810"
  },
  "641664675f4344f1b0e2a461bb66f723.plist": {
    "app_sintetizada": "641664675F4344F1B0E2A461BB66F723.PLIST",
    "cantidad_archivos": 1,
    "archivos_fuente": [
      "Pictures/Fototeca de Fotos.photoslibrary/resources/renders/6/64166467-5F43-44F1-B0E2-A461BB66F723.plist"
    ],
    "ultima_modificacion": "2025-08-01 01:00:58.811099"
  },
  "605acff8d7d0493f8c7915fcc26ccaa2.plist": {
    "app_sintetizada": "605ACFF8D7D0493F8C7915FCC26CCAA2.PLIST",
    "cantidad_archivos": 1,
    "archivos_fuente": [
      "Pictures/Fototeca de Fotos.photoslibrary/resources/renders/6/605ACFF8-D7D0-493F-8C79-15FCC26CCAA2.plist"
    ],
    "ultima_modificacion": "2025-08-01 01:00:58.811365"
  },
  "6ac9dc8463104867b0e3b3c4cebe8601.plist": {
    "app_sintetizada": "6AC9DC8463104867B0E3B3C4CEBE8601.PLIST",
    "cantidad_archivos": 1,
    "archivos_fuente": [
      "Pictures/Fototeca de Fotos.photoslibrary/resources/renders/6/6AC9DC84-6310-4867-B0E3-B3C4CEBE8601.plist"
    ],
    "ultima_modificacion": "2025-08-01 01:00:58.811570"
  },
  "650099cd91bb4d4b97fbe29e9b3e7826.plist": {
    "app_sintetizada": "650099CD91BB4D4B97FBE29E9B3E7826.PLIST",
    "cantidad_archivos": 1,
    "archivos_fuente": [
      "Pictures/Fototeca de Fotos.photoslibrary/resources/renders/6/650099CD-91BB-4D4B-97FB-E29E9B3E7826.plist"
    ],
    "ultima_modificacion": "2025-08-01 01:00:58.811819"
  },
  "611fa5bc9f8c4e1899edd1bb54bbb6b8.plist": {
    "app_sintetizada": "611FA5BC9F8C4E1899EDD1BB54BBB6B8.PLIST",
    "cantidad_archivos": 1,
    "archivos_fuente": [
      "Pictures/Fototeca de Fotos.photoslibrary/resources/renders/6/611FA5BC-9F8C-4E18-99ED-D1BB54BBB6B8.plist"
    ],
    "ultima_modificacion": "2025-08-01 01:00:58.812046"
  },
  "64edb465838b404985fbd8a34c34895f.plist": {
    "app_sintetizada": "64EDB465838B404985FBD8A34C34895F.PLIST",
    "cantidad_archivos": 1,
    "archivos_fuente": [
      "Pictures/Fototeca de Fotos.photoslibrary/resources/renders/6/64EDB465-838B-4049-85FB-D8A34C34895F.plist"
    ],
    "ultima_modificacion": "2025-08-01 01:00:58.812248"
  },
  "626bcb0813ce4ab3a239209a3c7bc680.plist": {
    "app_sintetizada": "626BCB0813CE4AB3A239209A3C7BC680.PLIST",
    "cantidad_archivos": 1,
    "archivos_fuente": [
      "Pictures/Fototeca de Fotos.photoslibrary/resources/renders/6/626BCB08-13CE-4AB3-A239-209A3C7BC680.plist"
    ],
    "ultima_modificacion": "2025-08-01 01:00:58.812576"
  },
  "6a87c13bfccc4aa691c5f7960edc250e.plist": {
    "app_sintetizada": "6A87C13BFCCC4AA691C5F7960EDC250E.PLIST",
    "cantidad_archivos": 1,
    "archivos_fuente": [
      "Pictures/Fototeca de Fotos.photoslibrary/resources/renders/6/6A87C13B-FCCC-4AA6-91C5-F7960EDC250E.plist"
    ],
    "ultima_modificacion": "2025-08-01 01:00:58.812868"
  },
  "6c912cecb72d41588b148eec3fba7ce8.plist": {
    "app_sintetizada": "6C912CECB72D41588B148EEC3FBA7CE8.PLIST",
    "cantidad_archivos": 1,
    "archivos_fuente": [
      "Pictures/Fototeca de Fotos.photoslibrary/resources/renders/6/6C912CEC-B72D-4158-8B14-8EEC3FBA7CE8.plist"
    ],
    "ultima_modificacion": "2025-08-01 01:00:58.813152"
  },
  "6f29cbce95a44764a02a4c60020fa28b.plist": {
    "app_sintetizada": "6F29CBCE95A44764A02A4C60020FA28B.PLIST",
    "cantidad_archivos": 1,
    "archivos_fuente": [
      "Pictures/Fototeca de Fotos.photoslibrary/resources/renders/6/6F29CBCE-95A4-4764-A02A-4C60020FA28B.plist"
    ],
    "ultima_modificacion": "2025-08-01 01:00:58.813382"
  },
  "6993df4075f74f95bd0a75cf89fbbf69.plist": {
    "app_sintetizada": "6993DF4075F74F95BD0A75CF89FBBF69.PLIST",
    "cantidad_archivos": 1,
    "archivos_fuente": [
      "Pictures/Fototeca de Fotos.photoslibrary/resources/renders/6/6993DF40-75F7-4F95-BD0A-75CF89FBBF69.plist"
    ],
    "ultima_modificacion": "2025-08-01 01:00:58.813602"
  },
  "6cec520600c74f308a899836e9d22bc2.plist": {
    "app_sintetizada": "6CEC520600C74F308A899836E9D22BC2.PLIST",
    "cantidad_archivos": 1,
    "archivos_fuente": [
      "Pictures/Fototeca de Fotos.photoslibrary/resources/renders/6/6CEC5206-00C7-4F30-8A89-9836E9D22BC2.plist"
    ],
    "ultima_modificacion": "2025-08-01 01:00:58.813851"
  },
  "67191e2110bd45c48b81cd3207928b84.plist": {
    "app_sintetizada": "67191E2110BD45C48B81CD3207928B84.PLIST",
    "cantidad_archivos": 1,
    "archivos_fuente": [
      "Pictures/Fototeca de Fotos.photoslibrary/resources/renders/6/67191E21-10BD-45C4-8B81-CD3207928B84.plist"
    ],
    "ultima_modificacion": "2025-08-01 01:00:58.814062"
  },
  "6a0024fc1f384e14888c4bd96e486ed2.plist": {
    "app_sintetizada": "6A0024FC1F384E14888C4BD96E486ED2.PLIST",
    "cantidad_archivos": 1,
    "archivos_fuente": [
      "Pictures/Fototeca de Fotos.photoslibrary/resources/renders/6/6A0024FC-1F38-4E14-888C-4BD96E486ED2.plist"
    ],
    "ultima_modificacion": "2025-08-01 01:00:58.814307"
  },
  "6e3443eb406046b096b8db78866a0670.plist": {
    "app_sintetizada": "6E3443EB406046B096B8DB78866A0670.PLIST",
    "cantidad_archivos": 1,
    "archivos_fuente": [
      "Pictures/Fototeca de Fotos.photoslibrary/resources/renders/6/6E3443EB-4060-46B0-96B8-DB78866A0670.plist"
    ],
    "ultima_modificacion": "2025-08-01 01:00:58.814540"
  }
}