{
  "9c9f1349fe6f4f8cb31d7a60403631ff.plist": {
    "app_sintetizada": "9C9F1349FE6F4F8CB31D7A60403631FF.PLIST",
    "cantidad_archivos": 1,
    "archivos_fuente": [
      "Pictures/Fototeca de Fotos.photoslibrary/resources/renders/9/9C9F1349-FE6F-4F8C-B31D-7A60403631FF.plist"
    ],
    "ultima_modificacion": "2025-08-01 01:00:58.570403"
  },
  "9f8157279a834401b31d3d36737eb148.plist": {
    "app_sintetizada": "9F8157279A834401B31D3D36737EB148.PLIST",
    "cantidad_archivos": 1,
    "archivos_fuente": [
      "Pictures/Fototeca de Fotos.photoslibrary/resources/renders/9/9F815727-9A83-4401-B31D-3D36737EB148.plist"
    ],
    "ultima_modificacion": "2025-08-01 01:00:58.570572"
  },
  "9aac8faabf0741d199ff70ee5acde350.plist": {
    "app_sintetizada": "9AAC8FAABF0741D199FF70EE5ACDE350.PLIST",
    "cantidad_archivos": 1,
    "archivos_fuente": [
      "Pictures/Fototeca de Fotos.photoslibrary/resources/renders/9/9AAC8FAA-BF07-41D1-99FF-70EE5ACDE350.plist"
    ],
    "ultima_modificacion": "2025-08-01 01:00:58.570748"
  },
  "9bf23183e1924eb883ed51d2a5376461.plist": {
    "app_sintetizada": "9BF23183E1924EB883ED51D2A5376461.PLIST",
    "cantidad_archivos": 1,
    "archivos_fuente": [
      "Pictures/Fototeca de Fotos.photoslibrary/resources/renders/9/9BF23183-E192-4EB8-83ED-51D2A5376461.plist"
    ],
    "ultima_modificacion": "2025-08-01 01:00:58.570926"
  },
  "9e59312888ec49169c79248502a4d4ef.plist": {
    "app_sintetizada": "9E59312888EC49169C79248502A4D4EF.PLIST",
    "cantidad_archivos": 1,
    "archivos_fuente": [
      "Pictures/Fototeca de Fotos.photoslibrary/resources/renders/9/9E593128-88EC-4916-9C79-248502A4D4EF.plist"
    ],
    "ultima_modificacion": "2025-08-01 01:00:58.571106"
  },
  "95650549838646eb83e5da62de9f0a5b.plist": {
    "app_sintetizada": "95650549838646EB83E5DA62DE9F0A5B.PLIST",
    "cantidad_archivos": 1,
    "archivos_fuente": [
      "Pictures/Fototeca de Fotos.photoslibrary/resources/renders/9/95650549-8386-46EB-83E5-DA62DE9F0A5B.plist"
    ],
    "ultima_modificacion": "2025-08-01 01:00:58.571295"
  },
  "97128981bba6473fb9920970d1dfd985.plist": {
    "app_sintetizada": "97128981BBA6473FB9920970D1DFD985.PLIST",
    "cantidad_archivos": 1,
    "archivos_fuente": [
      "Pictures/Fototeca de Fotos.photoslibrary/resources/renders/9/97128981-BBA6-473F-B992-0970D1DFD985.plist"
    ],
    "ultima_modificacion": "2025-08-01 01:00:58.571548"
  },
  "9e9050c3c1b0480897c0056d0f7e529d.plist": {
    "app_sintetizada": "9E9050C3C1B0480897C0056D0F7E529D.PLIST",
    "cantidad_archivos": 1,
    "archivos_fuente": [
      "Pictures/Fototeca de Fotos.photoslibrary/resources/renders/9/9E9050C3-C1B0-4808-97C0-056D0F7E529D.plist"
    ],
    "ultima_modificacion": "2025-08-01 01:00:58.571753"
  },
  "9bcfdfd17da84c42a2ce98c5803e0e12.plist": {
    "app_sintetizada": "9BCFDFD17DA84C42A2CE98C5803E0E12.PLIST",
    "cantidad_archivos": 1,
    "archivos_fuente": [
      "Pictures/Fototeca de Fotos.photoslibrary/resources/renders/9/9BCFDFD1-7DA8-4C42-A2CE-98C5803E0E12.plist"
    ],
    "ultima_modificacion": "2025-08-01 01:00:58.571947"
  },
  "91143d15ed724fe193b5ca91b7188652.plist": {
    "app_sintetizada": "91143D15ED724FE193B5CA91B7188652.PLIST",
    "cantidad_archivos": 1,
    "archivos_fuente": [
      "Pictures/Fototeca de Fotos.photoslibrary/resources/renders/9/91143D15-ED72-4FE1-93B5-CA91B7188652.plist"
    ],
    "ultima_modificacion": "2025-08-01 01:00:58.572165"
  },
  "9e18d473d8694607b107f9e0e81a929e.plist": {
    "app_sintetizada": "9E18D473D8694607B107F9E0E81A929E.PLIST",
    "cantidad_archivos": 1,
    "archivos_fuente": [
      "Pictures/Fototeca de Fotos.photoslibrary/resources/renders/9/9E18D473-D869-4607-B107-F9E0E81A929E.plist"
    ],
    "ultima_modificacion": "2025-08-01 01:00:58.572356"
  },
  "989674bf4220436a823f3958434d6e43.plist": {
    "app_sintetizada": "989674BF4220436A823F3958434D6E43.PLIST",
    "cantidad_archivos": 1,
    "archivos_fuente": [
      "Pictures/Fototeca de Fotos.photoslibrary/resources/renders/9/989674BF-4220-436A-823F-3958434D6E43.plist"
    ],
    "ultima_modificacion": "2025-08-01 01:00:58.572539"
  },
  "92a7efbdd4094d89b82a8b224513eba7.plist": {
    "app_sintetizada": "92A7EFBDD4094D89B82A8B224513EBA7.PLIST",
    "cantidad_archivos": 1,
    "archivos_fuente": [
      "Pictures/Fototeca de Fotos.photoslibrary/resources/renders/9/92A7EFBD-D409-4D89-B82A-8B224513EBA7.plist"
    ],
    "ultima_modificacion": "2025-08-01 01:00:58.572710"
  },
  "94f057e7dcce4fc595de910d75c10a92.plist": {
    "app_sintetizada": "94F057E7DCCE4FC595DE910D75C10A92.PLIST",
    "cantidad_archivos": 1,
    "archivos_fuente": [
      "Pictures/Fototeca de Fotos.photoslibrary/resources/renders/9/94F057E7-DCCE-4FC5-95DE-910D75C10A92.plist"
    ],
    "ultima_modificacion": "2025-08-01 01:00:58.572879"
  },
  "938f37e564ee4eb7a5bc23b637821c09.plist": {
    "app_sintetizada": "938F37E564EE4EB7A5BC23B637821C09.PLIST",
    "cantidad_archivos": 1,
    "archivos_fuente": [
      "Pictures/Fototeca de Fotos.photoslibrary/resources/renders/9/938F37E5-64EE-4EB7-A5BC-23B637821C09.plist"
    ],
    "ultima_modificacion": "2025-08-01 01:00:58.573067"
  },
  "97cbf9e70fc74e94814926ce400e3ea8.plist": {
    "app_sintetizada": "97CBF9E70FC74E94814926CE400E3EA8.PLIST",
    "cantidad_archivos": 1,
    "archivos_fuente": [
      "Pictures/Fototeca de Fotos.photoslibrary/resources/renders/9/97CBF9E7-0FC7-4E94-8149-26CE400E3EA8.plist"
    ],
    "ultima_modificacion": "2025-08-01 01:00:58.573286"
  },
  "9002561e55a94af28e78e107a5f3231b.plist": {
    "app_sintetizada": "9002561E55A94AF28E78E107A5F3231B.PLIST",
    "cantidad_archivos": 1,
    "archivos_fuente": [
      "Pictures/Fototeca de Fotos.photoslibrary/resources/renders/9/9002561E-55A9-4AF2-8E78-E107A5F3231B.plist"
    ],
    "ultima_modificacion": "2025-08-01 01:00:58.573571"
  },
  "95392f7db1e64614993bc7cd26998c8e.plist": {
    "app_sintetizada": "95392F7DB1E64614993BC7CD26998C8E.PLIST",
    "cantidad_archivos": 1,
    "archivos_fuente": [
      "Pictures/Fototeca de Fotos.photoslibrary/resources/renders/9/95392F7D-B1E6-4614-993B-C7CD26998C8E.plist"
    ],
    "ultima_modificacion": "2025-08-01 01:00:58.573827"
  },
  "98046af72e36467894e83bd888b75455.plist": {
    "app_sintetizada": "98046AF72E36467894E83BD888B75455.PLIST",
    "cantidad_archivos": 1,
    "archivos_fuente": [
      "Pictures/Fototeca de Fotos.photoslibrary/resources/renders/9/98046AF7-2E36-4678-94E8-3BD888B75455.plist"
    ],
    "ultima_modificacion": "2025-08-01 01:00:58.574094"
  },
  "923b30d167e1444e8b2c9d68baa4a827.plist": {
    "app_sintetizada": "923B30D167E1444E8B2C9D68BAA4A827.PLIST",
    "cantidad_archivos": 1,
    "archivos_fuente": [
      "Pictures/Fototeca de Fotos.photoslibrary/resources/renders/9/923B30D1-67E1-444E-8B2C-9D68BAA4A827.plist"
    ],
    "ultima_modificacion": "2025-08-01 01:00:58.574315"
  },
  "91ca603b9f01402a87db2299473de9fd.plist": {
    "app_sintetizada": "91CA603B9F01402A87DB2299473DE9FD.PLIST",
    "cantidad_archivos": 1,
    "archivos_fuente": [
      "Pictures/Fototeca de Fotos.photoslibrary/resources/renders/9/91CA603B-9F01-402A-87DB-2299473DE9FD.plist"
    ],
    "ultima_modificacion": "2025-08-01 01:00:58.574569"
  },
  "9e2fdac8c9634cf4b98bc825c70aa482.plist": {
    "app_sintetizada": "9E2FDAC8C9634CF4B98BC825C70AA482.PLIST",
    "cantidad_archivos": 1,
    "archivos_fuente": [
      "Pictures/Fototeca de Fotos.photoslibrary/resources/renders/9/9E2FDAC8-C963-4CF4-B98B-C825C70AA482.plist"
    ],
    "ultima_modificacion": "2025-08-01 01:00:58.574761"
  },
  "9dc06fc565e54a09b4ca427d478ca2be.plist": {
    "app_sintetizada": "9DC06FC565E54A09B4CA427D478CA2BE.PLIST",
    "cantidad_archivos": 1,
    "archivos_fuente": [
      "Pictures/Fototeca de Fotos.photoslibrary/resources/renders/9/9DC06FC5-65E5-4A09-B4CA-427D478CA2BE.plist"
    ],
    "ultima_modificacion": "2025-08-01 01:00:58.574944"
  },
  "93d4e95e66d545b1aa63b40237727844.plist": {
    "app_sintetizada": "93D4E95E66D545B1AA63B40237727844.PLIST",
    "cantidad_archivos": 1,
    "archivos_fuente": [
      "Pictures/Fototeca de Fotos.photoslibrary/resources/renders/9/93D4E95E-66D5-45B1-AA63-B40237727844.plist"
    ],
    "ultima_modificacion": "2025-08-01 01:00:58.575114"
  },
  "9f8ef8059c4a40f2964089c436609ec0.plist": {
    "app_sintetizada": "9F8EF8059C4A40F2964089C436609EC0.PLIST",
    "cantidad_archivos": 1,
    "archivos_fuente": [
      "Pictures/Fototeca de Fotos.photoslibrary/resources/renders/9/9F8EF805-9C4A-40F2-9640-89C436609EC0.plist"
    ],
    "ultima_modificacion": "2025-08-01 01:00:58.575289"
  },
  "9db82b33c6c242329aff6c6f9ea6ff60.plist": {
    "app_sintetizada": "9DB82B33C6C242329AFF6C6F9EA6FF60.PLIST",
    "cantidad_archivos": 1,
    "archivos_fuente": [
      "Pictures/Fototeca de Fotos.photoslibrary/resources/renders/9/9DB82B33-C6C2-4232-9AFF-6C6F9EA6FF60.plist"
    ],
    "ultima_modificacion": "2025-08-01 01:00:58.575459"
  },
  "988fd4ebbed14fb899f935b9816c63e9.plist": {
    "app_sintetizada": "988FD4EBBED14FB899F935B9816C63E9.PLIST",
    "cantidad_archivos": 1,
    "archivos_fuente": [
      "Pictures/Fototeca de Fotos.photoslibrary/resources/renders/9/988FD4EB-BED1-4FB8-99F9-35B9816C63E9.plist"
    ],
    "ultima_modificacion": "2025-08-01 01:00:58.575640"
  },
  "9876b97927294b858160e665a6cc9956.plist": {
    "app_sintetizada": "9876B97927294B858160E665A6CC9956.PLIST",
    "cantidad_archivos": 1,
    "archivos_fuente": [
      "Pictures/Fototeca de Fotos.photoslibrary/resources/renders/9/9876B979-2729-4B85-8160-E665A6CC9956.plist"
    ],
    "ultima_modificacion": "2025-08-01 01:00:58.575829"
  },
  "9feebe5af9004aceb7c5e02c2cb9d0e0.plist": {
    "app_sintetizada": "9FEEBE5AF9004ACEB7C5E02C2CB9D0E0.PLIST",
    "cantidad_archivos": 1,
    "archivos_fuente": [
      "Pictures/Fototeca de Fotos.photoslibrary/resources/renders/9/9FEEBE5A-F900-4ACE-B7C5-E02C2CB9D0E0.plist"
    ],
    "ultima_modificacion": "2025-08-01 01:00:58.576001"
  },
  "9d09b8a6257d4dc1b90c2b30b8555d9f.plist": {
    "app_sintetizada": "9D09B8A6257D4DC1B90C2B30B8555D9F.PLIST",
    "cantidad_archivos": 1,
    "archivos_fuente": [
      "Pictures/Fototeca de Fotos.photoslibrary/resources/renders/9/9D09B8A6-257D-4DC1-B90C-2B30B8555D9F.plist"
    ],
    "ultima_modificacion": "2025-08-01 01:00:58.576179"
  },
  "9c5cc988d35646c9bf043cdb02d53079.plist": {
    "app_sintetizada": "9C5CC988D35646C9BF043CDB02D53079.PLIST",
    "cantidad_archivos": 1,
    "archivos_fuente": [
      "Pictures/Fototeca de Fotos.photoslibrary/resources/renders/9/9C5CC988-D356-46C9-BF04-3CDB02D53079.plist"
    ],
    "ultima_modificacion": "2025-08-01 01:00:58.576353"
  },
  "9d23c70b4ce640329316847bc1134742.plist": {
    "app_sintetizada": "9D23C70B4CE640329316847BC1134742.PLIST",
    "cantidad_archivos": 1,
    "archivos_fuente": [
      "Pictures/Fototeca de Fotos.photoslibrary/resources/renders/9/9D23C70B-4CE6-4032-9316-847BC1134742.plist"
    ],
    "ultima_modificacion": "2025-08-01 01:00:58.576541"
  },
  "9c3e14afd1214c1a9ee38557eecfde5b.plist": {
    "app_sintetizada": "9C3E14AFD1214C1A9EE38557EECFDE5B.PLIST",
    "cantidad_archivos": 1,
    "archivos_fuente": [
      "Pictures/Fototeca de Fotos.photoslibrary/resources/renders/9/9C3E14AF-D121-4C1A-9EE3-8557EECFDE5B.plist"
    ],
    "ultima_modificacion": "2025-08-01 01:00:58.576834"
  },
  "93942dc117c74af38e322a4d3ee13df2.plist": {
    "app_sintetizada": "93942DC117C74AF38E322A4D3EE13DF2.PLIST",
    "cantidad_archivos": 1,
    "archivos_fuente": [
      "Pictures/Fototeca de Fotos.photoslibrary/resources/renders/9/93942DC1-17C7-4AF3-8E32-2A4D3EE13DF2.plist"
    ],
    "ultima_modificacion": "2025-08-01 01:00:58.577074"
  },
  "9258bfc1a6ab468aa3c30ef8a2fab035.plist": {
    "app_sintetizada": "9258BFC1A6AB468AA3C30EF8A2FAB035.PLIST",
    "cantidad_archivos": 1,
    "archivos_fuente": [
      "Pictures/Fototeca de Fotos.photoslibrary/resources/renders/9/9258BFC1-A6AB-468A-A3C3-0EF8A2FAB035.plist"
    ],
    "ultima_modificacion": "2025-08-01 01:00:58.577268"
  },
  "94e6df89a9604546a4dfee5a09f201ac.plist": {
    "app_sintetizada": "94E6DF89A9604546A4DFEE5A09F201AC.PLIST",
    "cantidad_archivos": 1,
    "archivos_fuente": [
      "Pictures/Fototeca de Fotos.photoslibrary/resources/renders/9/94E6DF89-A960-4546-A4DF-EE5A09F201AC.plist"
    ],
    "ultima_modificacion": "2025-08-01 01:00:58.577451"
  },
  "920b7b132e76485284513f6becd5eb44.plist": {
    "app_sintetizada": "920B7B132E76485284513F6BECD5EB44.PLIST",
    "cantidad_archivos": 1,
    "archivos_fuente": [
      "Pictures/Fototeca de Fotos.photoslibrary/resources/renders/9/920B7B13-2E76-4852-8451-3F6BECD5EB44.plist"
    ],
    "ultima_modificacion": "2025-08-01 01:00:58.577626"
  },
  "9630388419fa4aad9799d215ae46c007.plist": {
    "app_sintetizada": "9630388419FA4AAD9799D215AE46C007.PLIST",
    "cantidad_archivos": 1,
    "archivos_fuente": [
      "Pictures/Fototeca de Fotos.photoslibrary/resources/renders/9/96303884-19FA-4AAD-9799-D215AE46C007.plist"
    ],
    "ultima_modificacion": "2025-08-01 01:00:58.577799"
  },
  "97f61c2303fe42f7b58ccac6e4e33ac8.plist": {
    "app_sintetizada": "97F61C2303FE42F7B58CCAC6E4E33AC8.PLIST",
    "cantidad_archivos": 1,
    "archivos_fuente": [
      "Pictures/Fototeca de Fotos.photoslibrary/resources/renders/9/97F61C23-03FE-42F7-B58C-CAC6E4E33AC8.plist"
    ],
    "ultima_modificacion": "2025-08-01 01:00:58.577968"
  },
  "99e04eaa1e2c406f99f0c5eaf5723aac.plist": {
    "app_sintetizada": "99E04EAA1E2C406F99F0C5EAF5723AAC.PLIST",
    "cantidad_archivos": 1,
    "archivos_fuente": [
      "Pictures/Fototeca de Fotos.photoslibrary/resources/renders/9/99E04EAA-1E2C-406F-99F0-C5EAF5723AAC.plist"
    ],
    "ultima_modificacion": "2025-08-01 01:00:58.578147"
  },
  "97029b7b547049f5b594752ba7e0d72b.plist": {
    "app_sintetizada": "97029B7B547049F5B594752BA7E0D72B.PLIST",
    "cantidad_archivos": 1,
    "archivos_fuente": [
      "Pictures/Fototeca de Fotos.photoslibrary/resources/renders/9/97029B7B-5470-49F5-B594-752BA7E0D72B.plist"
    ],
    "ultima_modificacion": "2025-08-01 01:00:58.578327"
  },
  "985395bf3c5445d394571ca065321676.plist": {
    "app_sintetizada": "985395BF3C5445D394571CA065321676.PLIST",
    "cantidad_archivos": 1,
    "archivos_fuente": [
      "Pictures/Fototeca de Fotos.photoslibrary/resources/renders/9/985395BF-3C54-45D3-9457-1CA065321676.plist"
    ],
    "ultima_modificacion": "2025-08-01 01:00:58.578515"
  },
  "9d61bda5278b4724a08bc3e036f6ce57.plist": {
    "app_sintetizada": "9D61BDA5278B4724A08BC3E036F6CE57.PLIST",
    "cantidad_archivos": 1,
    "archivos_fuente": [
      "Pictures/Fototeca de Fotos.photoslibrary/resources/renders/9/9D61BDA5-278B-4724-A08B-C3E036F6CE57.plist"
    ],
    "ultima_modificacion": "2025-08-01 01:00:58.578679"
  },
  "935d75f50dd746c695a842cdfe1d74bb.plist": {
    "app_sintetizada": "935D75F50DD746C695A842CDFE1D74BB.PLIST",
    "cantidad_archivos": 1,
    "archivos_fuente": [
      "Pictures/Fototeca de Fotos.photoslibrary/resources/renders/9/935D75F5-0DD7-46C6-95A8-42CDFE1D74BB.plist"
    ],
    "ultima_modificacion": "2025-08-01 01:00:58.578849"
  },
  "9996992f24464f9fbc17ac9d9df5d0a1.plist": {
    "app_sintetizada": "9996992F24464F9FBC17AC9D9DF5D0A1.PLIST",
    "cantidad_archivos": 1,
    "archivos_fuente": [
      "Pictures/Fototeca de Fotos.photoslibrary/resources/renders/9/9996992F-2446-4F9F-BC17-AC9D9DF5D0A1.plist"
    ],
    "ultima_modificacion": "2025-08-01 01:00:58.579057"
  },
  "9a96ba468b9e4e1daed6bea93670603d.plist": {
    "app_sintetizada": "9A96BA468B9E4E1DAED6BEA93670603D.PLIST",
    "cantidad_archivos": 1,
    "archivos_fuente": [
      "Pictures/Fototeca de Fotos.photoslibrary/resources/renders/9/9A96BA46-8B9E-4E1D-AED6-BEA93670603D.plist"
    ],
    "ultima_modificacion": "2025-08-01 01:00:58.579320"
  },
  "98438821dac14c2a87c6a5f5abc35397.plist": {
    "app_sintetizada": "98438821DAC14C2A87C6A5F5ABC35397.PLIST",
    "cantidad_archivos": 1,
    "archivos_fuente": [
      "Pictures/Fototeca de Fotos.photoslibrary/resources/renders/9/98438821-DAC1-4C2A-87C6-A5F5ABC35397.plist"
    ],
    "ultima_modificacion": "2025-08-01 01:00:58.579539"
  },
  "9fd6bbda54424af18848505550f770cb.plist": {
    "app_sintetizada": "9FD6BBDA54424AF18848505550F770CB.PLIST",
    "cantidad_archivos": 1,
    "archivos_fuente": [
      "Pictures/Fototeca de Fotos.photoslibrary/resources/renders/9/9FD6BBDA-5442-4AF1-8848-505550F770CB.plist"
    ],
    "ultima_modificacion": "2025-08-01 01:00:58.579758"
  },
  "91e8cad1c9194db29542fd06d0857235.plist": {
    "app_sintetizada": "91E8CAD1C9194DB29542FD06D0857235.PLIST",
    "cantidad_archivos": 1,
    "archivos_fuente": [
      "Pictures/Fototeca de Fotos.photoslibrary/resources/renders/9/91E8CAD1-C919-4DB2-9542-FD06D0857235.plist"
    ],
    "ultima_modificacion": "2025-08-01 01:00:58.580064"
  },
  "9b3d41e715644eafa5278af6aa186cd4.plist": {
    "app_sintetizada": "9B3D41E715644EAFA5278AF6AA186CD4.PLIST",
    "cantidad_archivos": 1,
    "archivos_fuente": [
      "Pictures/Fototeca de Fotos.photoslibrary/resources/renders/9/9B3D41E7-1564-4EAF-A527-8AF6AA186CD4.plist"
    ],
    "ultima_modificacion": "2025-08-01 01:00:58.580371"
  },
  "95fc532b2fec4640ac8b56cee4b9addc.plist": {
    "app_sintetizada": "95FC532B2FEC4640AC8B56CEE4B9ADDC.PLIST",
    "cantidad_archivos": 1,
    "archivos_fuente": [
      "Pictures/Fototeca de Fotos.photoslibrary/resources/renders/9/95FC532B-2FEC-4640-AC8B-56CEE4B9ADDC.plist"
    ],
    "ultima_modificacion": "2025-08-01 01:00:58.580593"
  },
  "9f4da15956694f27a0b952557c4fdcc9.plist": {
    "app_sintetizada": "9F4DA15956694F27A0B952557C4FDCC9.PLIST",
    "cantidad_archivos": 1,
    "archivos_fuente": [
      "Pictures/Fototeca de Fotos.photoslibrary/resources/renders/9/9F4DA159-5669-4F27-A0B9-52557C4FDCC9.plist"
    ],
    "ultima_modificacion": "2025-08-01 01:00:58.580839"
  },
  "9394963f6d58464cad07c40dadc58920.plist": {
    "app_sintetizada": "9394963F6D58464CAD07C40DADC58920.PLIST",
    "cantidad_archivos": 1,
    "archivos_fuente": [
      "Pictures/Fototeca de Fotos.photoslibrary/resources/renders/9/9394963F-6D58-464C-AD07-C40DADC58920.plist"
    ],
    "ultima_modificacion": "2025-08-01 01:00:58.581034"
  },
  "930bc75a734a4bb29ce53273d45f8e25.plist": {
    "app_sintetizada": "930BC75A734A4BB29CE53273D45F8E25.PLIST",
    "cantidad_archivos": 1,
    "archivos_fuente": [
      "Pictures/Fototeca de Fotos.photoslibrary/resources/renders/9/930BC75A-734A-4BB2-9CE5-3273D45F8E25.plist"
    ],
    "ultima_modificacion": "2025-08-01 01:00:58.581218"
  },
  "9926e67abb9742bc809a50e58465ab90.plist": {
    "app_sintetizada": "9926E67ABB9742BC809A50E58465AB90.PLIST",
    "cantidad_archivos": 1,
    "archivos_fuente": [
      "Pictures/Fototeca de Fotos.photoslibrary/resources/renders/9/9926E67A-BB97-42BC-809A-50E58465AB90.plist"
    ],
    "ultima_modificacion": "2025-08-01 01:00:58.581399"
  },
  "92d6e1b4ba6d4ad8a6bd187d7f0a22f8.plist": {
    "app_sintetizada": "92D6E1B4BA6D4AD8A6BD187D7F0A22F8.PLIST",
    "cantidad_archivos": 1,
    "archivos_fuente": [
      "Pictures/Fototeca de Fotos.photoslibrary/resources/renders/9/92D6E1B4-BA6D-4AD8-A6BD-187D7F0A22F8.plist"
    ],
    "ultima_modificacion": "2025-08-01 01:00:58.581566"
  },
  "9385eabd928d4147852e297ed0a19422.plist": {
    "app_sintetizada": "9385EABD928D4147852E297ED0A19422.PLIST",
    "cantidad_archivos": 1,
    "archivos_fuente": [
      "Pictures/Fototeca de Fotos.photoslibrary/resources/renders/9/9385EABD-928D-4147-852E-297ED0A19422.plist"
    ],
    "ultima_modificacion": "2025-08-01 01:00:58.581736"
  },
  "999925cd689940c39d06da514a6e1c69.plist": {
    "app_sintetizada": "999925CD689940C39D06DA514A6E1C69.PLIST",
    "cantidad_archivos": 1,
    "archivos_fuente": [
      "Pictures/Fototeca de Fotos.photoslibrary/resources/renders/9/999925CD-6899-40C3-9D06-DA514A6E1C69.plist"
    ],
    "ultima_modificacion": "2025-08-01 01:00:58.581997"
  },
  "9198d9743c5c438d8f3cb4edea6bc971.plist": {
    "app_sintetizada": "9198D9743C5C438D8F3CB4EDEA6BC971.PLIST",
    "cantidad_archivos": 1,
    "archivos_fuente": [
      "Pictures/Fototeca de Fotos.photoslibrary/resources/renders/9/9198D974-3C5C-438D-8F3C-B4EDEA6BC971.plist"
    ],
    "ultima_modificacion": "2025-08-01 01:00:58.582243"
  },
  "900b53622c934c4bb7786fb97adad219.plist": {
    "app_sintetizada": "900B53622C934C4BB7786FB97ADAD219.PLIST",
    "cantidad_archivos": 1,
    "archivos_fuente": [
      "Pictures/Fototeca de Fotos.photoslibrary/resources/renders/9/900B5362-2C93-4C4B-B778-6FB97ADAD219.plist"
    ],
    "ultima_modificacion": "2025-08-01 01:00:58.582446"
  },
  "9d419ca5f5a640f89aaf168bb5029bbc.plist": {
    "app_sintetizada": "9D419CA5F5A640F89AAF168BB5029BBC.PLIST",
    "cantidad_archivos": 1,
    "archivos_fuente": [
      "Pictures/Fototeca de Fotos.photoslibrary/resources/renders/9/9D419CA5-F5A6-40F8-9AAF-168BB5029BBC.plist"
    ],
    "ultima_modificacion": "2025-08-01 01:00:58.582673"
  },
  "973fbd8df6984992a95f28d670404631.plist": {
    "app_sintetizada": "973FBD8DF6984992A95F28D670404631.PLIST",
    "cantidad_archivos": 1,
    "archivos_fuente": [
      "Pictures/Fototeca de Fotos.photoslibrary/resources/renders/9/973FBD8D-F698-4992-A95F-28D670404631.plist"
    ],
    "ultima_modificacion": "2025-08-01 01:00:58.582860"
  },
  "90a8d638c0164986be0bbd079b594b3c.plist": {
    "app_sintetizada": "90A8D638C0164986BE0BBD079B594B3C.PLIST",
    "cantidad_archivos": 1,
    "archivos_fuente": [
      "Pictures/Fototeca de Fotos.photoslibrary/resources/renders/9/90A8D638-C016-4986-BE0B-BD079B594B3C.plist"
    ],
    "ultima_modificacion": "2025-08-01 01:00:58.583094"
  },
  "9a009714863448ee8785c5bea37fa4fb.plist": {
    "app_sintetizada": "9A009714863448EE8785C5BEA37FA4FB.PLIST",
    "cantidad_archivos": 1,
    "archivos_fuente": [
      "Pictures/Fototeca de Fotos.photoslibrary/resources/renders/9/9A009714-8634-48EE-8785-C5BEA37FA4FB.plist"
    ],
    "ultima_modificacion": "2025-08-01 01:00:58.583264"
  },
  "91527d7507ba48d7a639e1e36e59078c.plist": {
    "app_sintetizada": "91527D7507BA48D7A639E1E36E59078C.PLIST",
    "cantidad_archivos": 1,
    "archivos_fuente": [
      "Pictures/Fototeca de Fotos.photoslibrary/resources/renders/9/91527D75-07BA-48D7-A639-E1E36E59078C.plist"
    ],
    "ultima_modificacion": "2025-08-01 01:00:58.583474"
  },
  "92427898b5e74100abb90ab720cdf6d7.plist": {
    "app_sintetizada": "92427898B5E74100ABB90AB720CDF6D7.PLIST",
    "cantidad_archivos": 1,
    "archivos_fuente": [
      "Pictures/Fototeca de Fotos.photoslibrary/resources/renders/9/92427898-B5E7-4100-ABB9-0AB720CDF6D7.plist"
    ],
    "ultima_modificacion": "2025-08-01 01:00:58.583646"
  },
  "9d6d5434802c4260ba05e9211ab593f2.plist": {
    "app_sintetizada": "9D6D5434802C4260BA05E9211AB593F2.PLIST",
    "cantidad_archivos": 1,
    "archivos_fuente": [
      "Pictures/Fototeca de Fotos.photoslibrary/resources/renders/9/9D6D5434-802C-4260-BA05-E9211AB593F2.plist"
    ],
    "ultima_modificacion": "2025-08-01 01:00:58.583935"
  },
  "944e36898c864c7bac9a78a8a8253b6c.plist": {
    "app_sintetizada": "944E36898C864C7BAC9A78A8A8253B6C.PLIST",
    "cantidad_archivos": 1,
    "archivos_fuente": [
      "Pictures/Fototeca de Fotos.photoslibrary/resources/renders/9/944E3689-8C86-4C7B-AC9A-78A8A8253B6C.plist"
    ],
    "ultima_modificacion": "2025-08-01 01:00:58.584127"
  },
  "99257c471bb94b8f891afedf7abc5b23.plist": {
    "app_sintetizada": "99257C471BB94B8F891AFEDF7ABC5B23.PLIST",
    "cantidad_archivos": 1,
    "archivos_fuente": [
      "Pictures/Fototeca de Fotos.photoslibrary/resources/renders/9/99257C47-1BB9-4B8F-891A-FEDF7ABC5B23.plist"
    ],
    "ultima_modificacion": "2025-08-01 01:00:58.584326"
  },
  "99069574df894e63843b2ed34455e28d.plist": {
    "app_sintetizada": "99069574DF894E63843B2ED34455E28D.PLIST",
    "cantidad_archivos": 1,
    "archivos_fuente": [
      "Pictures/Fototeca de Fotos.photoslibrary/resources/renders/9/99069574-DF89-4E63-843B-2ED34455E28D.plist"
    ],
    "ultima_modificacion": "2025-08-01 01:00:58.584493"
  },
  "972499b4f0964a4ca2d2110356962476.plist": {
    "app_sintetizada": "972499B4F0964A4CA2D2110356962476.PLIST",
    "cantidad_archivos": 1,
    "archivos_fuente": [
      "Pictures/Fototeca de Fotos.photoslibrary/resources/renders/9/972499B4-F096-4A4C-A2D2-110356962476.plist"
    ],
    "ultima_modificacion": "2025-08-01 01:00:58.584659"
  },
  "9743f9425ce1485c97af920a09deeff2.plist": {
    "app_sintetizada": "9743F9425CE1485C97AF920A09DEEFF2.PLIST",
    "cantidad_archivos": 1,
    "archivos_fuente": [
      "Pictures/Fototeca de Fotos.photoslibrary/resources/renders/9/9743F942-5CE1-485C-97AF-920A09DEEFF2.plist"
    ],
    "ultima_modificacion": "2025-08-01 01:00:58.584829"
  },
  "9f3a75d9b89241d0993db570018766ce.plist": {
    "app_sintetizada": "9F3A75D9B89241D0993DB570018766CE.PLIST",
    "cantidad_archivos": 1,
    "archivos_fuente": [
      "Pictures/Fototeca de Fotos.photoslibrary/resources/renders/9/9F3A75D9-B892-41D0-993D-B570018766CE.plist"
    ],
    "ultima_modificacion": "2025-08-01 01:00:58.585002"
  },
  "9114654234514340a33929ce10b32f4c.plist": {
    "app_sintetizada": "9114654234514340A33929CE10B32F4C.PLIST",
    "cantidad_archivos": 1,
    "archivos_fuente": [
      "Pictures/Fototeca de Fotos.photoslibrary/resources/renders/9/91146542-3451-4340-A339-29CE10B32F4C.plist"
    ],
    "ultima_modificacion": "2025-08-01 01:00:58.585181"
  },
  "9fbbe20d62cc4accaff4a581b10fee6c.plist": {
    "app_sintetizada": "9FBBE20D62CC4ACCAFF4A581B10FEE6C.PLIST",
    "cantidad_archivos": 1,
    "archivos_fuente": [
      "Pictures/Fototeca de Fotos.photoslibrary/resources/renders/9/9FBBE20D-62CC-4ACC-AFF4-A581B10FEE6C.plist"
    ],
    "ultima_modificacion": "2025-08-01 01:00:58.585423"
  },
  "97152f50990543199e9ab77bea3abb40.plist": {
    "app_sintetizada": "97152F50990543199E9AB77BEA3ABB40.PLIST",
    "cantidad_archivos": 1,
    "archivos_fuente": [
      "Pictures/Fototeca de Fotos.photoslibrary/resources/renders/9/97152F50-9905-4319-9E9A-B77BEA3ABB40.plist"
    ],
    "ultima_modificacion": "2025-08-01 01:00:58.585639"
  },
  "9db2c1de7fb440b4ac1bbde5762ab5d0.plist": {
    "app_sintetizada": "9DB2C1DE7FB440B4AC1BBDE5762AB5D0.PLIST",
    "cantidad_archivos": 1,
    "archivos_fuente": [
      "Pictures/Fototeca de Fotos.photoslibrary/resources/renders/9/9DB2C1DE-7FB4-40B4-AC1B-BDE5762AB5D0.plist"
    ],
    "ultima_modificacion": "2025-08-01 01:00:58.585890"
  },
  "980b35d551a6456bbc94fd8b1babaf3b.plist": {
    "app_sintetizada": "980B35D551A6456BBC94FD8B1BABAF3B.PLIST",
    "cantidad_archivos": 1,
    "archivos_fuente": [
      "Pictures/Fototeca de Fotos.photoslibrary/resources/renders/9/980B35D5-51A6-456B-BC94-FD8B1BABAF3B.plist"
    ],
    "ultima_modificacion": "2025-08-01 01:00:58.586151"
  },
  "99e375c596374e099cea078aaeaabf60.plist": {
    "app_sintetizada": "99E375C596374E099CEA078AAEAABF60.PLIST",
    "cantidad_archivos": 1,
    "archivos_fuente": [
      "Pictures/Fototeca de Fotos.photoslibrary/resources/renders/9/99E375C5-9637-4E09-9CEA-078AAEAABF60.plist"
    ],
    "ultima_modificacion": "2025-08-01 01:00:58.586417"
  },
  "990fba56369544c4aa3d682be3d8be67.plist": {
    "app_sintetizada": "990FBA56369544C4AA3D682BE3D8BE67.PLIST",
    "cantidad_archivos": 1,
    "archivos_fuente": [
      "Pictures/Fototeca de Fotos.photoslibrary/resources/renders/9/990FBA56-3695-44C4-AA3D-682BE3D8BE67.plist"
    ],
    "ultima_modificacion": "2025-08-01 01:00:58.586695"
  },
  "9b03f102d41e43f1883b68bc1b5f64f2.plist": {
    "app_sintetizada": "9B03F102D41E43F1883B68BC1B5F64F2.PLIST",
    "cantidad_archivos": 1,
    "archivos_fuente": [
      "Pictures/Fototeca de Fotos.photoslibrary/resources/renders/9/9B03F102-D41E-43F1-883B-68BC1B5F64F2.plist"
    ],
    "ultima_modificacion": "2025-08-01 01:00:58.586958"
  },
  "939d9f42ab794615bd063c96250add0f.plist": {
    "app_sintetizada": "939D9F42AB794615BD063C96250ADD0F.PLIST",
    "cantidad_archivos": 1,
    "archivos_fuente": [
      "Pictures/Fototeca de Fotos.photoslibrary/resources/renders/9/939D9F42-AB79-4615-BD06-3C96250ADD0F.plist"
    ],
    "ultima_modificacion": "2025-08-01 01:00:58.587237"
  },
  "9ac4223e41864e8db040d75df6880911.plist": {
    "app_sintetizada": "9AC4223E41864E8DB040D75DF6880911.PLIST",
    "cantidad_archivos": 1,
    "archivos_fuente": [
      "Pictures/Fototeca de Fotos.photoslibrary/resources/renders/9/9AC4223E-4186-4E8D-B040-D75DF6880911.plist"
    ],
    "ultima_modificacion": "2025-08-01 01:00:58.587542"
  },
  "934c5ac2fd1148668e1a0f120b025bd8.plist": {
    "app_sintetizada": "934C5AC2FD1148668E1A0F120B025BD8.PLIST",
    "cantidad_archivos": 1,
    "archivos_fuente": [
      "Pictures/Fototeca de Fotos.photoslibrary/resources/renders/9/934C5AC2-FD11-4866-8E1A-0F120B025BD8.plist"
    ],
    "ultima_modificacion": "2025-08-01 01:00:58.587813"
  },
  "986bd062e6b541889507b22fb1b7e131.plist": {
    "app_sintetizada": "986BD062E6B541889507B22FB1B7E131.PLIST",
    "cantidad_archivos": 1,
    "archivos_fuente": [
      "Pictures/Fototeca de Fotos.photoslibrary/resources/renders/9/986BD062-E6B5-4188-9507-B22FB1B7E131.plist"
    ],
    "ultima_modificacion": "2025-08-01 01:00:58.588076"
  },
  "9ab124f5a86a4de6b10c2ef431467814.plist": {
    "app_sintetizada": "9AB124F5A86A4DE6B10C2EF431467814.PLIST",
    "cantidad_archivos": 1,
    "archivos_fuente": [
      "Pictures/Fototeca de Fotos.photoslibrary/resources/renders/9/9AB124F5-A86A-4DE6-B10C-2EF431467814.plist"
    ],
    "ultima_modificacion": "2025-08-01 01:00:58.588354"
  },
  "98fab1bc2e7341658549706a835dcd94.plist": {
    "app_sintetizada": "98FAB1BC2E7341658549706A835DCD94.PLIST",
    "cantidad_archivos": 1,
    "archivos_fuente": [
      "Pictures/Fototeca de Fotos.photoslibrary/resources/renders/9/98FAB1BC-2E73-4165-8549-706A835DCD94.plist"
    ],
    "ultima_modificacion": "2025-08-01 01:00:58.588620"
  },
  "9660a97466244a85a87cc708b86c62ef.plist": {
    "app_sintetizada": "9660A97466244A85A87CC708B86C62EF.PLIST",
    "cantidad_archivos": 1,
    "archivos_fuente": [
      "Pictures/Fototeca de Fotos.photoslibrary/resources/renders/9/9660A974-6624-4A85-A87C-C708B86C62EF.plist"
    ],
    "ultima_modificacion": "2025-08-01 01:00:58.588905"
  },
  "9a92ffc136564200b393b5324111db06.plist": {
    "app_sintetizada": "9A92FFC136564200B393B5324111DB06.PLIST",
    "cantidad_archivos": 1,
    "archivos_fuente": [
      "Pictures/Fototeca de Fotos.photoslibrary/resources/renders/9/9A92FFC1-3656-4200-B393-B5324111DB06.plist"
    ],
    "ultima_modificacion": "2025-08-01 01:00:58.589187"
  },
  "9c3c7cabb2df45e2b3b2d93d9d9fae46.plist": {
    "app_sintetizada": "9C3C7CABB2DF45E2B3B2D93D9D9FAE46.PLIST",
    "cantidad_archivos": 1,
    "archivos_fuente": [
      "Pictures/Fototeca de Fotos.photoslibrary/resources/renders/9/9C3C7CAB-B2DF-45E2-B3B2-D93D9D9FAE46.plist"
    ],
    "ultima_modificacion": "2025-08-01 01:00:58.589435"
  },
  "989a5eb421f246a5b7d697872e641f1c.plist": {
    "app_sintetizada": "989A5EB421F246A5B7D697872E641F1C.PLIST",
    "cantidad_archivos": 1,
    "archivos_fuente": [
      "Pictures/Fototeca de Fotos.photoslibrary/resources/renders/9/989A5EB4-21F2-46A5-B7D6-97872E641F1C.plist"
    ],
    "ultima_modificacion": "2025-08-01 01:00:58.589686"
  },
  "967db707bb8a4ed6adc01ac950b3082d.plist": {
    "app_sintetizada": "967DB707BB8A4ED6ADC01AC950B3082D.PLIST",
    "cantidad_archivos": 1,
    "archivos_fuente": [
      "Pictures/Fototeca de Fotos.photoslibrary/resources/renders/9/967DB707-BB8A-4ED6-ADC0-1AC950B3082D.plist"
    ],
    "ultima_modificacion": "2025-08-01 01:00:58.589949"
  },
  "959294680b044013a263b4b44de92f05.plist": {
    "app_sintetizada": "959294680B044013A263B4B44DE92F05.PLIST",
    "cantidad_archivos": 1,
    "archivos_fuente": [
      "Pictures/Fototeca de Fotos.photoslibrary/resources/renders/9/95929468-0B04-4013-A263-B4B44DE92F05.plist"
    ],
    "ultima_modificacion": "2025-08-01 01:00:58.590190"
  },
  "9124db9e36364c85a6be8f2aca2ddc38.plist": {
    "app_sintetizada": "9124DB9E36364C85A6BE8F2ACA2DDC38.PLIST",
    "cantidad_archivos": 1,
    "archivos_fuente": [
      "Pictures/Fototeca de Fotos.photoslibrary/resources/renders/9/9124DB9E-3636-4C85-A6BE-8F2ACA2DDC38.plist"
    ],
    "ultima_modificacion": "2025-08-01 01:00:58.590418"
  },
  "95f68e86302646b3827eac317fca5c08.plist": {
    "app_sintetizada": "95F68E86302646B3827EAC317FCA5C08.PLIST",
    "cantidad_archivos": 1,
    "archivos_fuente": [
      "Pictures/Fototeca de Fotos.photoslibrary/resources/renders/9/95F68E86-3026-46B3-827E-AC317FCA5C08.plist"
    ],
    "ultima_modificacion": "2025-08-01 01:00:58.590672"
  },
  "979a1945b11c4254bbd670ef3512fc00.plist": {
    "app_sintetizada": "979A1945B11C4254BBD670EF3512FC00.PLIST",
    "cantidad_archivos": 1,
    "archivos_fuente": [
      "Pictures/Fototeca de Fotos.photoslibrary/resources/renders/9/979A1945-B11C-4254-BBD6-70EF3512FC00.plist"
    ],
    "ultima_modificacion": "2025-08-01 01:00:58.590925"
  },
  "9ede6c2d78ab4bcdadc808378c6310c5.plist": {
    "app_sintetizada": "9EDE6C2D78AB4BCDADC808378C6310C5.PLIST",
    "cantidad_archivos": 1,
    "archivos_fuente": [
      "Pictures/Fototeca de Fotos.photoslibrary/resources/renders/9/9EDE6C2D-78AB-4BCD-ADC8-08378C6310C5.plist"
    ],
    "ultima_modificacion": "2025-08-01 01:00:58.591208"
  },
  "911de359345c438db457aa96796faa69.plist": {
    "app_sintetizada": "911DE359345C438DB457AA96796FAA69.PLIST",
    "cantidad_archivos": 1,
    "archivos_fuente": [
      "Pictures/Fototeca de Fotos.photoslibrary/resources/renders/9/911DE359-345C-438D-B457-AA96796FAA69.plist"
    ],
    "ultima_modificacion": "2025-08-01 01:00:58.591467"
  },
  "9b6dd30ce5574f16a557b9877edde057.plist": {
    "app_sintetizada": "9B6DD30CE5574F16A557B9877EDDE057.PLIST",
    "cantidad_archivos": 1,
    "archivos_fuente": [
      "Pictures/Fototeca de Fotos.photoslibrary/resources/renders/9/9B6DD30C-E557-4F16-A557-B9877EDDE057.plist"
    ],
    "ultima_modificacion": "2025-08-01 01:00:58.591745"
  },
  "9f6074e25f6f404baa6405079d3c9d02.plist": {
    "app_sintetizada": "9F6074E25F6F404BAA6405079D3C9D02.PLIST",
    "cantidad_archivos": 1,
    "archivos_fuente": [
      "Pictures/Fototeca de Fotos.photoslibrary/resources/renders/9/9F6074E2-5F6F-404B-AA64-05079D3C9D02.plist"
    ],
    "ultima_modificacion": "2025-08-01 01:00:58.592006"
  }
}