{
  "PAQUETE_CONSOLIDADO_TOTAL_FINAL": [
    "/mnt/data/extracted/PAQUETE_CONSOLIDADO_TOTAL_FINAL/PAQUETE_CONSOLIDADO_TOTAL/CONSOLIDADO_FINAL_AMBOS_ARCHIVOS.md",
    "/mnt/data/extracted/PAQUETE_CONSOLIDADO_TOTAL_FINAL/PAQUETE_CONSOLIDADO_TOTAL/ANALISIS_ARCHIVO2_ZIP.md",
    "/mnt/data/extracted/PAQUETE_CONSOLIDADO_TOTAL_FINAL/PAQUETE_CONSOLIDADO_TOTAL/CONSOLIDADO_FINAL_INTEGRADO_SECP.md",
    "/mnt/data/extracted/PAQUETE_CONSOLIDADO_TOTAL_FINAL/PAQUETE_CONSOLIDADO_TOTAL/SISTEMA_MENTAL_IA_7D_ACTUALIZADO.xlsx"
  ],
  "PAQUETE_FINAL_SECP_INTEGRADO": [
    "/mnt/data/extracted/PAQUETE_FINAL_SECP_INTEGRADO/PAQUETE_FINAL_SECP/CONSOLIDADO_FINAL_INTEGRADO_SECP.md",
    "/mnt/data/extracted/PAQUETE_FINAL_SECP_INTEGRADO/PAQUETE_FINAL_SECP/CONSOLIDADO_FINAL_ARCHIVO_ZIP.md",
    "/mnt/data/extracted/PAQUETE_FINAL_SECP_INTEGRADO/PAQUETE_FINAL_SECP/SISTEMA_MENTAL_IA_7D_ACTUALIZADO.xlsx"
  ],
  "MENTALIA_FINAL_DOCUMENTOS_WORD": [
    "/mnt/data/extracted/MENTALIA_FINAL_DOCUMENTOS_WORD/MENTALIA_FINAL_WORD/BIBLIOTECA_RASGOS_BOTS_NIVEL_DIOS_ACTUALIZADA.docx",
    "/mnt/data/extracted/MENTALIA_FINAL_DOCUMENTOS_WORD/MENTALIA_FINAL_WORD/README_CONSOLIDACION.docx",
    "/mnt/data/extracted/MENTALIA_FINAL_DOCUMENTOS_WORD/MENTALIA_FINAL_WORD/ANALISIS_ARCHIVOS_NUEVOS.docx",
    "/mnt/data/extracted/MENTALIA_FINAL_DOCUMENTOS_WORD/MENTALIA_FINAL_WORD/COMPARACION_ELEMENTOS_NUEVOS_VS_EXISTENTES.docx",
    "/mnt/data/extracted/MENTALIA_FINAL_DOCUMENTOS_WORD/MENTALIA_FINAL_WORD/SISTEMA_MENTAL_IA_7D_ACTUALIZADO.xlsx"
  ],
  "RED_SISTEMAS_INTELIGENTES_PAQUETE_EJECUTIVO": [
    "/mnt/data/extracted/RED_SISTEMAS_INTELIGENTES_PAQUETE_EJECUTIVO/RED_SISTEMAS_INTELIGENTES_DOCUMENTO_FORMAL_EJECUTIVO.docx",
    "/mnt/data/extracted/RED_SISTEMAS_INTELIGENTES_PAQUETE_EJECUTIVO/RED_SISTEMAS_INTELIGENTES_DOCUMENTO_FORMAL_EJECUTIVO.md",
    "/mnt/data/extracted/RED_SISTEMAS_INTELIGENTES_PAQUETE_EJECUTIVO/DOCUMENTO_MEGA_HIPER_MAESTRO_MENTALIA.md",
    "/mnt/data/extracted/RED_SISTEMAS_INTELIGENTES_PAQUETE_EJECUTIVO/ANALISIS_MIGUEL_CSMD.md"
  ],
  "MENTALIA_RRIA_PROYECTOS_COMPLETOS_FUNCIONALES": [
    "/mnt/data/extracted/MENTALIA_RRIA_PROYECTOS_COMPLETOS_FUNCIONALES/proyectos_mejorados/RESUMEN_PROYECTOS_MEJORADOS.md",
    "/mnt/data/extracted/MENTALIA_RRIA_PROYECTOS_COMPLETOS_FUNCIONALES/proyectos_mejorados/MENTALIA_DASHBOARD_COMPLETO.zip",
    "/mnt/data/extracted/MENTALIA_RRIA_PROYECTOS_COMPLETOS_FUNCIONALES/proyectos_mejorados/RRIA_STUDIO_EDITOR_MEJORADO.zip",
    "/mnt/data/extracted/MENTALIA_RRIA_PROYECTOS_COMPLETOS_FUNCIONALES/proyectos_mejorados/RRIA_STUDIO_VIEWER_FUNCIONAL.zip",
    "/mnt/data/extracted/MENTALIA_RRIA_PROYECTOS_COMPLETOS_FUNCIONALES/proyectos_mejorados/MENTALIA_DASHBOARD_COMPLETO/main.py"
  ],
  "todo de miguel": [
    "/mnt/data/extracted/todo de miguel/todo de miguel/lexcode_funcional_con_autentificacion (1).zip",
    "/mnt/data/extracted/todo de miguel/todo de miguel/Archivo.zip",
    "/mnt/data/extracted/todo de miguel/todo de miguel/Descargar COMANDOS_MEMORIA_GPT_RRIA.txt",
    "/mnt/data/extracted/todo de miguel/todo de miguel/CSMD_CLOM_PANEL_ADMIN.html",
    "/mnt/data/extracted/todo de miguel/todo de miguel/\u2261\u0192\u00a2\u00ed\u2229\u2555\u00c5 ULV \u0393\u00c7\u00f4 UNIDAD LO\u2560\u00fcGICA DE VIGILANCIA \u252c\u2556 CSMD ESTRUCTURAL .rtf"
  ],
  "RRIA_DEPLOY_INSTITUCIONAL": [
    "/mnt/data/extracted/RRIA_DEPLOY_INSTITUCIONAL/RRIA_SAAS_PORTAL_WEB.zip",
    "/mnt/data/extracted/RRIA_DEPLOY_INSTITUCIONAL/RRIA_SISTEMA_LICENCIAS.zip",
    "/mnt/data/extracted/RRIA_DEPLOY_INSTITUCIONAL/RRIA_MODULOS_BLU_ECOMMERS_CLUB.zip",
    "/mnt/data/extracted/RRIA_DEPLOY_INSTITUCIONAL/RRIA_WEB_UNIFICADA.zip",
    "/mnt/data/extracted/RRIA_DEPLOY_INSTITUCIONAL/RRIA_REPO_PUBLICACION.zip"
  ],
  "RRIA_DOCUMENTACION_TOTAL": [
    "/mnt/data/extracted/RRIA_DOCUMENTACION_TOTAL/RRIA_3_0_DOCUMENTACION_COMPLETA.zip",
    "/mnt/data/extracted/RRIA_DOCUMENTACION_TOTAL/PLAN_DESPLIEGUE_RRIA_BLU_60DIAS.docx",
    "/mnt/data/extracted/RRIA_DOCUMENTACION_TOTAL/ESTUDIO_MERCADO_RRIA_BLU.docx",
    "/mnt/data/extracted/RRIA_DOCUMENTACION_TOTAL/PLAN_INTERNACIONALIZACION_RRIA_2025.docx",
    "/mnt/data/extracted/RRIA_DOCUMENTACION_TOTAL/COMUNICADO_PRENSA_RRIA_BLU.docx"
  ],
  "RRIA_ECOSISTEMA_ENTREGA_TOTAL": [
    "/mnt/data/extracted/RRIA_ECOSISTEMA_ENTREGA_TOTAL/RRIA_ECOSISTEMA_ENTREGA_TOTAL/RRIA_CATALOGO_FUNCIONAL_LICENCIAS.txt",
    "/mnt/data/extracted/RRIA_ECOSISTEMA_ENTREGA_TOTAL/RRIA_ECOSISTEMA_ENTREGA_TOTAL/RRIA_LANDING_PAGE.html",
    "/mnt/data/extracted/RRIA_ECOSISTEMA_ENTREGA_TOTAL/RRIA_ECOSISTEMA_ENTREGA_TOTAL/RRIA_LANZAMIENTO_INSTITUCIONAL.zip",
    "/mnt/data/extracted/RRIA_ECOSISTEMA_ENTREGA_TOTAL/RRIA_ECOSISTEMA_ENTREGA_TOTAL/RRIA_FORMULARIO_REGISTRO.html",
    "/mnt/data/extracted/RRIA_ECOSISTEMA_ENTREGA_TOTAL/RRIA_ECOSISTEMA_ENTREGA_TOTAL/RRIA_PLAN_ESTRATEGICO.txt"
  ],
  "RRIA_MULTICORE_3.0_SALA_1": [
    "/mnt/data/extracted/RRIA_MULTICORE_3.0_SALA_1/RRIA_MULTICORE_3.0/README_MULTICORE.txt"
  ],
  "RRIA_STUDIO_100_PERCENT": [
    "/mnt/data/extracted/RRIA_STUDIO_100_PERCENT/RRIA_STUDIO_100_PERCENT/app.py"
  ],
  "SISTEMA_LEGAL_COMPLETO": [
    "/mnt/data/extracted/SISTEMA_LEGAL_COMPLETO/SISTEMA_LEGAL_COMPLETO/README_SISTEMA_LEGAL.md",
    "/mnt/data/extracted/SISTEMA_LEGAL_COMPLETO/SISTEMA_LEGAL_COMPLETO/EXAMENGRADO_DERECHO/EXAMENGRADO_DERECHO_MENTALIA.zip",
    "/mnt/data/extracted/SISTEMA_LEGAL_COMPLETO/SISTEMA_LEGAL_COMPLETO/EXAMENGRADO_DERECHO/examengradoweb/main.py",
    "/mnt/data/extracted/SISTEMA_LEGAL_COMPLETO/SISTEMA_LEGAL_COMPLETO/EXAMENGRADO_DERECHO/examengradoweb/templates/index.html",
    "/mnt/data/extracted/SISTEMA_LEGAL_COMPLETO/SISTEMA_LEGAL_COMPLETO/DEFENSA_JUSTA/RR_IA_DEFENSA_JUSTA.json"
  ],
  "SM_IA_SALUD_100_REDENCION": [
    "/mnt/data/extracted/SM_IA_SALUD_100_REDENCION/SM_IA_SALUD_100/._SM_IA2025_ENTREGA_MAESTRA",
    "/mnt/data/extracted/SM_IA_SALUD_100_REDENCION/SM_IA_SALUD_100/._SALUD_MENTAL",
    "/mnt/data/extracted/SM_IA_SALUD_100_REDENCION/SM_IA_SALUD_100/._RR_IA_SALUD_MENTAL.json",
    "/mnt/data/extracted/SM_IA_SALUD_100_REDENCION/SM_IA_SALUD_100/RR_IA_SALUD_MENTAL.json"
  ]
}