{
  "14b6d0b9231143bfae67f54f0453d83b1105c.jpeg": {
    "app_sintetizada": "14B6D0B9231143BFAE67F54F0453D83B1105C.JPEG",
    "cantidad_archivos": 1,
    "archivos_fuente": [
      "Pictures/Fototeca de Fotos.photoslibrary/resources/derivatives/1/14B6D0B9-2311-43BF-AE67-F54F0453D83B_1_105_c.jpeg"
    ],
    "ultima_modificacion": "2025-08-01 01:01:02.877233"
  },
  "1d14ebae07be4a2d8fae2023c88ed7821105c.jpeg": {
    "app_sintetizada": "1D14EBAE07BE4A2D8FAE2023C88ED7821105C.JPEG",
    "cantidad_archivos": 1,
    "archivos_fuente": [
      "Pictures/Fototeca de Fotos.photoslibrary/resources/derivatives/1/1D14EBAE-07BE-4A2D-8FAE-2023C88ED782_1_105_c.jpeg"
    ],
    "ultima_modificacion": "2025-08-01 01:01:02.877533"
  },
  "175449323f2b4b719c46f24b18f5f9101105c.jpeg": {
    "app_sintetizada": "175449323F2B4B719C46F24B18F5F9101105C.JPEG",
    "cantidad_archivos": 1,
    "archivos_fuente": [
      "Pictures/Fototeca de Fotos.photoslibrary/resources/derivatives/1/17544932-3F2B-4B71-9C46-F24B18F5F910_1_105_c.jpeg"
    ],
    "ultima_modificacion": "2025-08-01 01:01:02.877799"
  },
  "17dc113039f049549cbb6d4a947b59191105c.jpeg": {
    "app_sintetizada": "17DC113039F049549CBB6D4A947B59191105C.JPEG",
    "cantidad_archivos": 1,
    "archivos_fuente": [
      "Pictures/Fototeca de Fotos.photoslibrary/resources/derivatives/1/17DC1130-39F0-4954-9CBB-6D4A947B5919_1_105_c.jpeg"
    ],
    "ultima_modificacion": "2025-08-01 01:01:02.878049"
  },
  "181db483a0ff4097903042d3bd7f9b761105c.jpeg": {
    "app_sintetizada": "181DB483A0FF4097903042D3BD7F9B761105C.JPEG",
    "cantidad_archivos": 1,
    "archivos_fuente": [
      "Pictures/Fototeca de Fotos.photoslibrary/resources/derivatives/1/181DB483-A0FF-4097-9030-42D3BD7F9B76_1_105_c.jpeg"
    ],
    "ultima_modificacion": "2025-08-01 01:01:02.878291"
  },
  "180814ffe20145288fbb3203b89939701105c.jpeg": {
    "app_sintetizada": "180814FFE20145288FBB3203B89939701105C.JPEG",
    "cantidad_archivos": 1,
    "archivos_fuente": [
      "Pictures/Fototeca de Fotos.photoslibrary/resources/derivatives/1/180814FF-E201-4528-8FBB-3203B8993970_1_105_c.jpeg"
    ],
    "ultima_modificacion": "2025-08-01 01:01:02.878506"
  },
  "14c0f085d29f43e7bdd58f03fc4668a21105c.jpeg": {
    "app_sintetizada": "14C0F085D29F43E7BDD58F03FC4668A21105C.JPEG",
    "cantidad_archivos": 1,
    "archivos_fuente": [
      "Pictures/Fototeca de Fotos.photoslibrary/resources/derivatives/1/14C0F085-D29F-43E7-BDD5-8F03FC4668A2_1_105_c.jpeg"
    ],
    "ultima_modificacion": "2025-08-01 01:01:02.878694"
  },
  "163d769981f94098a34a604917580b781105c.jpeg": {
    "app_sintetizada": "163D769981F94098A34A604917580B781105C.JPEG",
    "cantidad_archivos": 1,
    "archivos_fuente": [
      "Pictures/Fototeca de Fotos.photoslibrary/resources/derivatives/1/163D7699-81F9-4098-A34A-604917580B78_1_105_c.jpeg"
    ],
    "ultima_modificacion": "2025-08-01 01:01:02.878899"
  },
  "16953f841d3f4135bc7ba69d13c69ae71105c.jpeg": {
    "app_sintetizada": "16953F841D3F4135BC7BA69D13C69AE71105C.JPEG",
    "cantidad_archivos": 1,
    "archivos_fuente": [
      "Pictures/Fototeca de Fotos.photoslibrary/resources/derivatives/1/16953F84-1D3F-4135-BC7B-A69D13C69AE7_1_105_c.jpeg"
    ],
    "ultima_modificacion": "2025-08-01 01:01:02.879077"
  },
  "1a67dfa0ed824b878209fbb74709fb091105c.jpeg": {
    "app_sintetizada": "1A67DFA0ED824B878209FBB74709FB091105C.JPEG",
    "cantidad_archivos": 1,
    "archivos_fuente": [
      "Pictures/Fototeca de Fotos.photoslibrary/resources/derivatives/1/1A67DFA0-ED82-4B87-8209-FBB74709FB09_1_105_c.jpeg"
    ],
    "ultima_modificacion": "2025-08-01 01:01:02.879256"
  },
  "1929cfc45a9a46208d7cd55f87c657fd1105c.jpeg": {
    "app_sintetizada": "1929CFC45A9A46208D7CD55F87C657FD1105C.JPEG",
    "cantidad_archivos": 1,
    "archivos_fuente": [
      "Pictures/Fototeca de Fotos.photoslibrary/resources/derivatives/1/1929CFC4-5A9A-4620-8D7C-D55F87C657FD_1_105_c.jpeg"
    ],
    "ultima_modificacion": "2025-08-01 01:01:02.879436"
  },
  "131bd2767116466fa4f6892477391cc91105c.jpeg": {
    "app_sintetizada": "131BD2767116466FA4F6892477391CC91105C.JPEG",
    "cantidad_archivos": 1,
    "archivos_fuente": [
      "Pictures/Fototeca de Fotos.photoslibrary/resources/derivatives/1/131BD276-7116-466F-A4F6-892477391CC9_1_105_c.jpeg"
    ],
    "ultima_modificacion": "2025-08-01 01:01:02.879608"
  },
  "1c9dab21088e4ad5bf24ef313b2c59f31105c.jpeg": {
    "app_sintetizada": "1C9DAB21088E4AD5BF24EF313B2C59F31105C.JPEG",
    "cantidad_archivos": 1,
    "archivos_fuente": [
      "Pictures/Fototeca de Fotos.photoslibrary/resources/derivatives/1/1C9DAB21-088E-4AD5-BF24-EF313B2C59F3_1_105_c.jpeg"
    ],
    "ultima_modificacion": "2025-08-01 01:01:02.879800"
  },
  "10e3a6cc3a604c578d35550e567b6fd01105c.jpeg": {
    "app_sintetizada": "10E3A6CC3A604C578D35550E567B6FD01105C.JPEG",
    "cantidad_archivos": 1,
    "archivos_fuente": [
      "Pictures/Fototeca de Fotos.photoslibrary/resources/derivatives/1/10E3A6CC-3A60-4C57-8D35-550E567B6FD0_1_105_c.jpeg"
    ],
    "ultima_modificacion": "2025-08-01 01:01:02.879990"
  },
  "19d019ef749d4da4810bc1a3083177641105c.jpeg": {
    "app_sintetizada": "19D019EF749D4DA4810BC1A3083177641105C.JPEG",
    "cantidad_archivos": 1,
    "archivos_fuente": [
      "Pictures/Fototeca de Fotos.photoslibrary/resources/derivatives/1/19D019EF-749D-4DA4-810B-C1A308317764_1_105_c.jpeg"
    ],
    "ultima_modificacion": "2025-08-01 01:01:02.880210"
  },
  "173f653b4c294b528a2dbe4dd3f7b8ab1105c.jpeg": {
    "app_sintetizada": "173F653B4C294B528A2DBE4DD3F7B8AB1105C.JPEG",
    "cantidad_archivos": 1,
    "archivos_fuente": [
      "Pictures/Fototeca de Fotos.photoslibrary/resources/derivatives/1/173F653B-4C29-4B52-8A2D-BE4DD3F7B8AB_1_105_c.jpeg"
    ],
    "ultima_modificacion": "2025-08-01 01:01:02.880487"
  },
  "18634c575df74b18895814601f183e7d1105c.jpeg": {
    "app_sintetizada": "18634C575DF74B18895814601F183E7D1105C.JPEG",
    "cantidad_archivos": 1,
    "archivos_fuente": [
      "Pictures/Fototeca de Fotos.photoslibrary/resources/derivatives/1/18634C57-5DF7-4B18-8958-14601F183E7D_1_105_c.jpeg"
    ],
    "ultima_modificacion": "2025-08-01 01:01:02.880793"
  },
  "1f49d60163be461f8d8b592ef6a4a5131105c.jpeg": {
    "app_sintetizada": "1F49D60163BE461F8D8B592EF6A4A5131105C.JPEG",
    "cantidad_archivos": 1,
    "archivos_fuente": [
      "Pictures/Fototeca de Fotos.photoslibrary/resources/derivatives/1/1F49D601-63BE-461F-8D8B-592EF6A4A513_1_105_c.jpeg"
    ],
    "ultima_modificacion": "2025-08-01 01:01:02.881074"
  },
  "19e90e6c4a384d8584284510efa23e9a.thm": {
    "app_sintetizada": "19E90E6C4A384D8584284510EFA23E9A.THM",
    "cantidad_archivos": 1,
    "archivos_fuente": [
      "Pictures/Fototeca de Fotos.photoslibrary/resources/derivatives/1/19E90E6C-4A38-4D85-8428-4510EFA23E9A.THM"
    ],
    "ultima_modificacion": "2025-08-01 01:01:02.881296"
  },
  "1953f3772d05468bacb785aaa9369c4a1105c.jpeg": {
    "app_sintetizada": "1953F3772D05468BACB785AAA9369C4A1105C.JPEG",
    "cantidad_archivos": 1,
    "archivos_fuente": [
      "Pictures/Fototeca de Fotos.photoslibrary/resources/derivatives/1/1953F377-2D05-468B-ACB7-85AAA9369C4A_1_105_c.jpeg"
    ],
    "ultima_modificacion": "2025-08-01 01:01:02.881496"
  },
  "1dd607dc9cb94d5abec7db21d07cd312.thm": {
    "app_sintetizada": "1DD607DC9CB94D5ABEC7DB21D07CD312.THM",
    "cantidad_archivos": 1,
    "archivos_fuente": [
      "Pictures/Fototeca de Fotos.photoslibrary/resources/derivatives/1/1DD607DC-9CB9-4D5A-BEC7-DB21D07CD312.THM"
    ],
    "ultima_modificacion": "2025-08-01 01:01:02.881684"
  },
  "10edf3007bbb4066b979bb4b450337fd.thm": {
    "app_sintetizada": "10EDF3007BBB4066B979BB4B450337FD.THM",
    "cantidad_archivos": 1,
    "archivos_fuente": [
      "Pictures/Fototeca de Fotos.photoslibrary/resources/derivatives/1/10EDF300-7BBB-4066-B979-BB4B450337FD.THM"
    ],
    "ultima_modificacion": "2025-08-01 01:01:02.881868"
  },
  "123b0c14f816403b864d548c326563991105c.jpeg": {
    "app_sintetizada": "123B0C14F816403B864D548C326563991105C.JPEG",
    "cantidad_archivos": 1,
    "archivos_fuente": [
      "Pictures/Fototeca de Fotos.photoslibrary/resources/derivatives/1/123B0C14-F816-403B-864D-548C32656399_1_105_c.jpeg"
    ],
    "ultima_modificacion": "2025-08-01 01:01:02.882049"
  },
  "105930b71890425089fb85efe14e71f1.thm": {
    "app_sintetizada": "105930B71890425089FB85EFE14E71F1.THM",
    "cantidad_archivos": 1,
    "archivos_fuente": [
      "Pictures/Fototeca de Fotos.photoslibrary/resources/derivatives/1/105930B7-1890-4250-89FB-85EFE14E71F1.THM"
    ],
    "ultima_modificacion": "2025-08-01 01:01:02.882240"
  },
  "153aa267e81f4373999c3c20dbfa14011105c.jpeg": {
    "app_sintetizada": "153AA267E81F4373999C3C20DBFA14011105C.JPEG",
    "cantidad_archivos": 1,
    "archivos_fuente": [
      "Pictures/Fototeca de Fotos.photoslibrary/resources/derivatives/1/153AA267-E81F-4373-999C-3C20DBFA1401_1_105_c.jpeg"
    ],
    "ultima_modificacion": "2025-08-01 01:01:02.882425"
  },
  "10e5b305a964438194125f4c41d896381105c.jpeg": {
    "app_sintetizada": "10E5B305A964438194125F4C41D896381105C.JPEG",
    "cantidad_archivos": 1,
    "archivos_fuente": [
      "Pictures/Fototeca de Fotos.photoslibrary/resources/derivatives/1/10E5B305-A964-4381-9412-5F4C41D89638_1_105_c.jpeg"
    ],
    "ultima_modificacion": "2025-08-01 01:01:02.882614"
  },
  "16e4ff52684e4649aeb7fd4e9f12cc9f1105c.jpeg": {
    "app_sintetizada": "16E4FF52684E4649AEB7FD4E9F12CC9F1105C.JPEG",
    "cantidad_archivos": 1,
    "archivos_fuente": [
      "Pictures/Fototeca de Fotos.photoslibrary/resources/derivatives/1/16E4FF52-684E-4649-AEB7-FD4E9F12CC9F_1_105_c.jpeg"
    ],
    "ultima_modificacion": "2025-08-01 01:01:02.882788"
  },
  "1735a472831d4ff3982022a0ef3c84b41105c.jpeg": {
    "app_sintetizada": "1735A472831D4FF3982022A0EF3C84B41105C.JPEG",
    "cantidad_archivos": 1,
    "archivos_fuente": [
      "Pictures/Fototeca de Fotos.photoslibrary/resources/derivatives/1/1735A472-831D-4FF3-9820-22A0EF3C84B4_1_105_c.jpeg"
    ],
    "ultima_modificacion": "2025-08-01 01:01:02.882964"
  },
  "1d5b6993f9614f12ab6d73e940ca60591105c.jpeg": {
    "app_sintetizada": "1D5B6993F9614F12AB6D73E940CA60591105C.JPEG",
    "cantidad_archivos": 1,
    "archivos_fuente": [
      "Pictures/Fototeca de Fotos.photoslibrary/resources/derivatives/1/1D5B6993-F961-4F12-AB6D-73E940CA6059_1_105_c.jpeg"
    ],
    "ultima_modificacion": "2025-08-01 01:01:02.883136"
  },
  "15017cc4d6654724a37acc99139815901105c.jpeg": {
    "app_sintetizada": "15017CC4D6654724A37ACC99139815901105C.JPEG",
    "cantidad_archivos": 1,
    "archivos_fuente": [
      "Pictures/Fototeca de Fotos.photoslibrary/resources/derivatives/1/15017CC4-D665-4724-A37A-CC9913981590_1_105_c.jpeg"
    ],
    "ultima_modificacion": "2025-08-01 01:01:02.883309"
  },
  "18e463b82cac4dde82cc08ffdd74562e1105c.jpeg": {
    "app_sintetizada": "18E463B82CAC4DDE82CC08FFDD74562E1105C.JPEG",
    "cantidad_archivos": 1,
    "archivos_fuente": [
      "Pictures/Fototeca de Fotos.photoslibrary/resources/derivatives/1/18E463B8-2CAC-4DDE-82CC-08FFDD74562E_1_105_c.jpeg"
    ],
    "ultima_modificacion": "2025-08-01 01:01:02.883497"
  },
  "1cf8bfd75b6a431b89262bc8bce90f9d1105c.jpeg": {
    "app_sintetizada": "1CF8BFD75B6A431B89262BC8BCE90F9D1105C.JPEG",
    "cantidad_archivos": 1,
    "archivos_fuente": [
      "Pictures/Fototeca de Fotos.photoslibrary/resources/derivatives/1/1CF8BFD7-5B6A-431B-8926-2BC8BCE90F9D_1_105_c.jpeg"
    ],
    "ultima_modificacion": "2025-08-01 01:01:02.883671"
  },
  "1e5166a3887a494bb0eeb6742eac185a1105c.jpeg": {
    "app_sintetizada": "1E5166A3887A494BB0EEB6742EAC185A1105C.JPEG",
    "cantidad_archivos": 1,
    "archivos_fuente": [
      "Pictures/Fototeca de Fotos.photoslibrary/resources/derivatives/1/1E5166A3-887A-494B-B0EE-B6742EAC185A_1_105_c.jpeg"
    ],
    "ultima_modificacion": "2025-08-01 01:01:02.883855"
  },
  "1ae8e9f7d37640c09093dfa1b81c41db1105c.jpeg": {
    "app_sintetizada": "1AE8E9F7D37640C09093DFA1B81C41DB1105C.JPEG",
    "cantidad_archivos": 1,
    "archivos_fuente": [
      "Pictures/Fototeca de Fotos.photoslibrary/resources/derivatives/1/1AE8E9F7-D376-40C0-9093-DFA1B81C41DB_1_105_c.jpeg"
    ],
    "ultima_modificacion": "2025-08-01 01:01:02.884095"
  },
  "19617c4d33ce4f0aa59bff86935dbcf31100o.jpeg": {
    "app_sintetizada": "19617C4D33CE4F0AA59BFF86935DBCF31100O.JPEG",
    "cantidad_archivos": 1,
    "archivos_fuente": [
      "Pictures/Fototeca de Fotos.photoslibrary/resources/derivatives/1/19617C4D-33CE-4F0A-A59B-FF86935DBCF3_1_100_o.jpeg"
    ],
    "ultima_modificacion": "2025-08-01 01:01:02.884372"
  },
  "1e04118710a44ce4ac0e2c4bb86fe2e81105c.jpeg": {
    "app_sintetizada": "1E04118710A44CE4AC0E2C4BB86FE2E81105C.JPEG",
    "cantidad_archivos": 1,
    "archivos_fuente": [
      "Pictures/Fototeca de Fotos.photoslibrary/resources/derivatives/1/1E041187-10A4-4CE4-AC0E-2C4BB86FE2E8_1_105_c.jpeg"
    ],
    "ultima_modificacion": "2025-08-01 01:01:02.884655"
  },
  "1d3b0e8eabe8493ab098d886c06c52a31105c.jpeg": {
    "app_sintetizada": "1D3B0E8EABE8493AB098D886C06C52A31105C.JPEG",
    "cantidad_archivos": 1,
    "archivos_fuente": [
      "Pictures/Fototeca de Fotos.photoslibrary/resources/derivatives/1/1D3B0E8E-ABE8-493A-B098-D886C06C52A3_1_105_c.jpeg"
    ],
    "ultima_modificacion": "2025-08-01 01:01:02.884901"
  },
  "1c59f3c5336f43cf802517fa0ee93ebc.thm": {
    "app_sintetizada": "1C59F3C5336F43CF802517FA0EE93EBC.THM",
    "cantidad_archivos": 1,
    "archivos_fuente": [
      "Pictures/Fototeca de Fotos.photoslibrary/resources/derivatives/1/1C59F3C5-336F-43CF-8025-17FA0EE93EBC.THM"
    ],
    "ultima_modificacion": "2025-08-01 01:01:02.885154"
  },
  "10cfb81e2a4045f0b8b7acbc14f6253e1105c.jpeg": {
    "app_sintetizada": "10CFB81E2A4045F0B8B7ACBC14F6253E1105C.JPEG",
    "cantidad_archivos": 1,
    "archivos_fuente": [
      "Pictures/Fototeca de Fotos.photoslibrary/resources/derivatives/1/10CFB81E-2A40-45F0-B8B7-ACBC14F6253E_1_105_c.jpeg"
    ],
    "ultima_modificacion": "2025-08-01 01:01:02.885446"
  },
  "1e62438c995149ae92e504d4b8eb05841105c.jpeg": {
    "app_sintetizada": "1E62438C995149AE92E504D4B8EB05841105C.JPEG",
    "cantidad_archivos": 1,
    "archivos_fuente": [
      "Pictures/Fototeca de Fotos.photoslibrary/resources/derivatives/1/1E62438C-9951-49AE-92E5-04D4B8EB0584_1_105_c.jpeg"
    ],
    "ultima_modificacion": "2025-08-01 01:01:02.885713"
  },
  "19153e66d63949cf9946410943c08ac41105c.jpeg": {
    "app_sintetizada": "19153E66D63949CF9946410943C08AC41105C.JPEG",
    "cantidad_archivos": 1,
    "archivos_fuente": [
      "Pictures/Fototeca de Fotos.photoslibrary/resources/derivatives/1/19153E66-D639-49CF-9946-410943C08AC4_1_105_c.jpeg"
    ],
    "ultima_modificacion": "2025-08-01 01:01:02.885969"
  },
  "1027b52723ef4c3b8446bda5ea45455d1105c.jpeg": {
    "app_sintetizada": "1027B52723EF4C3B8446BDA5EA45455D1105C.JPEG",
    "cantidad_archivos": 1,
    "archivos_fuente": [
      "Pictures/Fototeca de Fotos.photoslibrary/resources/derivatives/1/1027B527-23EF-4C3B-8446-BDA5EA45455D_1_105_c.jpeg"
    ],
    "ultima_modificacion": "2025-08-01 01:01:02.886224"
  },
  "13dc724ba6914eccaa8b53784fa1b4401105c.jpeg": {
    "app_sintetizada": "13DC724BA6914ECCAA8B53784FA1B4401105C.JPEG",
    "cantidad_archivos": 1,
    "archivos_fuente": [
      "Pictures/Fototeca de Fotos.photoslibrary/resources/derivatives/1/13DC724B-A691-4ECC-AA8B-53784FA1B440_1_105_c.jpeg"
    ],
    "ultima_modificacion": "2025-08-01 01:01:02.886465"
  },
  "17cb8da64dd4495386ce1161159b3a131105c.jpeg": {
    "app_sintetizada": "17CB8DA64DD4495386CE1161159B3A131105C.JPEG",
    "cantidad_archivos": 1,
    "archivos_fuente": [
      "Pictures/Fototeca de Fotos.photoslibrary/resources/derivatives/1/17CB8DA6-4DD4-4953-86CE-1161159B3A13_1_105_c.jpeg"
    ],
    "ultima_modificacion": "2025-08-01 01:01:02.886716"
  },
  "1d6bba7ca08e48b79894ec7e8ed1a46b1105c.jpeg": {
    "app_sintetizada": "1D6BBA7CA08E48B79894EC7E8ED1A46B1105C.JPEG",
    "cantidad_archivos": 1,
    "archivos_fuente": [
      "Pictures/Fototeca de Fotos.photoslibrary/resources/derivatives/1/1D6BBA7C-A08E-48B7-9894-EC7E8ED1A46B_1_105_c.jpeg"
    ],
    "ultima_modificacion": "2025-08-01 01:01:02.886951"
  },
  "193e906d9fd340f0a11279031428baea1105c.jpeg": {
    "app_sintetizada": "193E906D9FD340F0A11279031428BAEA1105C.JPEG",
    "cantidad_archivos": 1,
    "archivos_fuente": [
      "Pictures/Fototeca de Fotos.photoslibrary/resources/derivatives/1/193E906D-9FD3-40F0-A112-79031428BAEA_1_105_c.jpeg"
    ],
    "ultima_modificacion": "2025-08-01 01:01:02.887206"
  },
  "14caa0165b1444fe8bb85b0244a3ad21.thm": {
    "app_sintetizada": "14CAA0165B1444FE8BB85B0244A3AD21.THM",
    "cantidad_archivos": 1,
    "archivos_fuente": [
      "Pictures/Fototeca de Fotos.photoslibrary/resources/derivatives/1/14CAA016-5B14-44FE-8BB8-5B0244A3AD21.THM"
    ],
    "ultima_modificacion": "2025-08-01 01:01:02.887467"
  },
  "1dd9b3c41dcd4d9c9bf8ef3a91299e751105c.jpeg": {
    "app_sintetizada": "1DD9B3C41DCD4D9C9BF8EF3A91299E751105C.JPEG",
    "cantidad_archivos": 1,
    "archivos_fuente": [
      "Pictures/Fototeca de Fotos.photoslibrary/resources/derivatives/1/1DD9B3C4-1DCD-4D9C-9BF8-EF3A91299E75_1_105_c.jpeg"
    ],
    "ultima_modificacion": "2025-08-01 01:01:02.887730"
  },
  "19e06d8946054e3ebaa87bd3eb94e0511105c.jpeg": {
    "app_sintetizada": "19E06D8946054E3EBAA87BD3EB94E0511105C.JPEG",
    "cantidad_archivos": 1,
    "archivos_fuente": [
      "Pictures/Fototeca de Fotos.photoslibrary/resources/derivatives/1/19E06D89-4605-4E3E-BAA8-7BD3EB94E051_1_105_c.jpeg"
    ],
    "ultima_modificacion": "2025-08-01 01:01:02.887986"
  },
  "18968905859341ef83f7ae9b6032c2261105c.jpeg": {
    "app_sintetizada": "18968905859341EF83F7AE9B6032C2261105C.JPEG",
    "cantidad_archivos": 1,
    "archivos_fuente": [
      "Pictures/Fototeca de Fotos.photoslibrary/resources/derivatives/1/18968905-8593-41EF-83F7-AE9B6032C226_1_105_c.jpeg"
    ],
    "ultima_modificacion": "2025-08-01 01:01:02.888275"
  },
  "11107bd15c83487ea4efd8dac23f6e601105c.jpeg": {
    "app_sintetizada": "11107BD15C83487EA4EFD8DAC23F6E601105C.JPEG",
    "cantidad_archivos": 1,
    "archivos_fuente": [
      "Pictures/Fototeca de Fotos.photoslibrary/resources/derivatives/1/11107BD1-5C83-487E-A4EF-D8DAC23F6E60_1_105_c.jpeg"
    ],
    "ultima_modificacion": "2025-08-01 01:01:02.888573"
  },
  "1f702a4a9dba4819afaaaebb5fa6771b1105c.jpeg": {
    "app_sintetizada": "1F702A4A9DBA4819AFAAAEBB5FA6771B1105C.JPEG",
    "cantidad_archivos": 1,
    "archivos_fuente": [
      "Pictures/Fototeca de Fotos.photoslibrary/resources/derivatives/1/1F702A4A-9DBA-4819-AFAA-AEBB5FA6771B_1_105_c.jpeg"
    ],
    "ultima_modificacion": "2025-08-01 01:01:02.888848"
  },
  "1ed7868e8988464f823730c79eefb82e1105c.jpeg": {
    "app_sintetizada": "1ED7868E8988464F823730C79EEFB82E1105C.JPEG",
    "cantidad_archivos": 1,
    "archivos_fuente": [
      "Pictures/Fototeca de Fotos.photoslibrary/resources/derivatives/1/1ED7868E-8988-464F-8237-30C79EEFB82E_1_105_c.jpeg"
    ],
    "ultima_modificacion": "2025-08-01 01:01:02.889120"
  },
  "1720dcb83103414a9a21bc0eaec87dac1105c.jpeg": {
    "app_sintetizada": "1720DCB83103414A9A21BC0EAEC87DAC1105C.JPEG",
    "cantidad_archivos": 1,
    "archivos_fuente": [
      "Pictures/Fototeca de Fotos.photoslibrary/resources/derivatives/1/1720DCB8-3103-414A-9A21-BC0EAEC87DAC_1_105_c.jpeg"
    ],
    "ultima_modificacion": "2025-08-01 01:01:02.889390"
  },
  "11e20c3b19e4484bbac9f377d23ffa8e.thm": {
    "app_sintetizada": "11E20C3B19E4484BBAC9F377D23FFA8E.THM",
    "cantidad_archivos": 1,
    "archivos_fuente": [
      "Pictures/Fototeca de Fotos.photoslibrary/resources/derivatives/1/11E20C3B-19E4-484B-BAC9-F377D23FFA8E.THM"
    ],
    "ultima_modificacion": "2025-08-01 01:01:02.889709"
  },
  "1b9e9e3823694afa8f4126351b8bf9061105c.jpeg": {
    "app_sintetizada": "1B9E9E3823694AFA8F4126351B8BF9061105C.JPEG",
    "cantidad_archivos": 1,
    "archivos_fuente": [
      "Pictures/Fototeca de Fotos.photoslibrary/resources/derivatives/1/1B9E9E38-2369-4AFA-8F41-26351B8BF906_1_105_c.jpeg"
    ],
    "ultima_modificacion": "2025-08-01 01:01:02.890033"
  },
  "1bcf6aa4ca014680bdadf31997b904111105c.jpeg": {
    "app_sintetizada": "1BCF6AA4CA014680BDADF31997B904111105C.JPEG",
    "cantidad_archivos": 1,
    "archivos_fuente": [
      "Pictures/Fototeca de Fotos.photoslibrary/resources/derivatives/1/1BCF6AA4-CA01-4680-BDAD-F31997B90411_1_105_c.jpeg"
    ],
    "ultima_modificacion": "2025-08-01 01:01:02.890359"
  },
  "1f7a06c819c84fc7bbbdaa32554b71ee1105c.jpeg": {
    "app_sintetizada": "1F7A06C819C84FC7BBBDAA32554B71EE1105C.JPEG",
    "cantidad_archivos": 1,
    "archivos_fuente": [
      "Pictures/Fototeca de Fotos.photoslibrary/resources/derivatives/1/1F7A06C8-19C8-4FC7-BBBD-AA32554B71EE_1_105_c.jpeg"
    ],
    "ultima_modificacion": "2025-08-01 01:01:02.890687"
  },
  "10c0c47801db4fb4a22373ffb20b8df61105c.jpeg": {
    "app_sintetizada": "10C0C47801DB4FB4A22373FFB20B8DF61105C.JPEG",
    "cantidad_archivos": 1,
    "archivos_fuente": [
      "Pictures/Fototeca de Fotos.photoslibrary/resources/derivatives/1/10C0C478-01DB-4FB4-A223-73FFB20B8DF6_1_105_c.jpeg"
    ],
    "ultima_modificacion": "2025-08-01 01:01:02.890997"
  },
  "1905aa06f80743018a66d99e8053d64c1105c.jpeg": {
    "app_sintetizada": "1905AA06F80743018A66D99E8053D64C1105C.JPEG",
    "cantidad_archivos": 1,
    "archivos_fuente": [
      "Pictures/Fototeca de Fotos.photoslibrary/resources/derivatives/1/1905AA06-F807-4301-8A66-D99E8053D64C_1_105_c.jpeg"
    ],
    "ultima_modificacion": "2025-08-01 01:01:02.891309"
  },
  "1c880dbbd2f840818d9e47ad178ad7d91105c.jpeg": {
    "app_sintetizada": "1C880DBBD2F840818D9E47AD178AD7D91105C.JPEG",
    "cantidad_archivos": 1,
    "archivos_fuente": [
      "Pictures/Fototeca de Fotos.photoslibrary/resources/derivatives/1/1C880DBB-D2F8-4081-8D9E-47AD178AD7D9_1_105_c.jpeg"
    ],
    "ultima_modificacion": "2025-08-01 01:01:02.891682"
  },
  "112b8b88dd21487fa53e4818732fb7e91105c.jpeg": {
    "app_sintetizada": "112B8B88DD21487FA53E4818732FB7E91105C.JPEG",
    "cantidad_archivos": 1,
    "archivos_fuente": [
      "Pictures/Fototeca de Fotos.photoslibrary/resources/derivatives/1/112B8B88-DD21-487F-A53E-4818732FB7E9_1_105_c.jpeg"
    ],
    "ultima_modificacion": "2025-08-01 01:01:02.891971"
  },
  "1721c8bbdd1c42999f2b637a909919281105c.jpeg": {
    "app_sintetizada": "1721C8BBDD1C42999F2B637A909919281105C.JPEG",
    "cantidad_archivos": 1,
    "archivos_fuente": [
      "Pictures/Fototeca de Fotos.photoslibrary/resources/derivatives/1/1721C8BB-DD1C-4299-9F2B-637A90991928_1_105_c.jpeg"
    ],
    "ultima_modificacion": "2025-08-01 01:01:02.892275"
  },
  "16cbadf47e6f4544b1ef8b331e94f1e11105c.jpeg": {
    "app_sintetizada": "16CBADF47E6F4544B1EF8B331E94F1E11105C.JPEG",
    "cantidad_archivos": 1,
    "archivos_fuente": [
      "Pictures/Fototeca de Fotos.photoslibrary/resources/derivatives/1/16CBADF4-7E6F-4544-B1EF-8B331E94F1E1_1_105_c.jpeg"
    ],
    "ultima_modificacion": "2025-08-01 01:01:02.892547"
  },
  "1e5147e6365540ae94b242c5fc76478b1105c.jpeg": {
    "app_sintetizada": "1E5147E6365540AE94B242C5FC76478B1105C.JPEG",
    "cantidad_archivos": 1,
    "archivos_fuente": [
      "Pictures/Fototeca de Fotos.photoslibrary/resources/derivatives/1/1E5147E6-3655-40AE-94B2-42C5FC76478B_1_105_c.jpeg"
    ],
    "ultima_modificacion": "2025-08-01 01:01:02.892824"
  },
  "1e1142aa369e48f28b1e720a4e3204c51105c.jpeg": {
    "app_sintetizada": "1E1142AA369E48F28B1E720A4E3204C51105C.JPEG",
    "cantidad_archivos": 1,
    "archivos_fuente": [
      "Pictures/Fototeca de Fotos.photoslibrary/resources/derivatives/1/1E1142AA-369E-48F2-8B1E-720A4E3204C5_1_105_c.jpeg"
    ],
    "ultima_modificacion": "2025-08-01 01:01:02.893125"
  },
  "10bedb065ff74fda93da6bf585ff1e751105c.jpeg": {
    "app_sintetizada": "10BEDB065FF74FDA93DA6BF585FF1E751105C.JPEG",
    "cantidad_archivos": 1,
    "archivos_fuente": [
      "Pictures/Fototeca de Fotos.photoslibrary/resources/derivatives/1/10BEDB06-5FF7-4FDA-93DA-6BF585FF1E75_1_105_c.jpeg"
    ],
    "ultima_modificacion": "2025-08-01 01:01:02.893391"
  },
  "1b137d2e315a4f44812f1fe70567430e1105c.jpeg": {
    "app_sintetizada": "1B137D2E315A4F44812F1FE70567430E1105C.JPEG",
    "cantidad_archivos": 1,
    "archivos_fuente": [
      "Pictures/Fototeca de Fotos.photoslibrary/resources/derivatives/1/1B137D2E-315A-4F44-812F-1FE70567430E_1_105_c.jpeg"
    ],
    "ultima_modificacion": "2025-08-01 01:01:02.894188"
  },
  "1ade8f5748334e349328dfb03b52ce941105c.jpeg": {
    "app_sintetizada": "1ADE8F5748334E349328DFB03B52CE941105C.JPEG",
    "cantidad_archivos": 1,
    "archivos_fuente": [
      "Pictures/Fototeca de Fotos.photoslibrary/resources/derivatives/1/1ADE8F57-4833-4E34-9328-DFB03B52CE94_1_105_c.jpeg"
    ],
    "ultima_modificacion": "2025-08-01 01:01:02.894486"
  },
  "1af0950e7b8d4f259d638a1e70dcfd311105c.jpeg": {
    "app_sintetizada": "1AF0950E7B8D4F259D638A1E70DCFD311105C.JPEG",
    "cantidad_archivos": 1,
    "archivos_fuente": [
      "Pictures/Fototeca de Fotos.photoslibrary/resources/derivatives/1/1AF0950E-7B8D-4F25-9D63-8A1E70DCFD31_1_105_c.jpeg"
    ],
    "ultima_modificacion": "2025-08-01 01:01:02.894763"
  },
  "1b35e62b2d4b43c2bc6e1bf6f05005c61105c.jpeg": {
    "app_sintetizada": "1B35E62B2D4B43C2BC6E1BF6F05005C61105C.JPEG",
    "cantidad_archivos": 1,
    "archivos_fuente": [
      "Pictures/Fototeca de Fotos.photoslibrary/resources/derivatives/1/1B35E62B-2D4B-43C2-BC6E-1BF6F05005C6_1_105_c.jpeg"
    ],
    "ultima_modificacion": "2025-08-01 01:01:02.895039"
  },
  "1b9d57c1ed574ea6863ccab962580d14.thm": {
    "app_sintetizada": "1B9D57C1ED574EA6863CCAB962580D14.THM",
    "cantidad_archivos": 1,
    "archivos_fuente": [
      "Pictures/Fototeca de Fotos.photoslibrary/resources/derivatives/1/1B9D57C1-ED57-4EA6-863C-CAB962580D14.THM"
    ],
    "ultima_modificacion": "2025-08-01 01:01:02.895312"
  },
  "19927488866c4a1aad02ac9389d279dd1105c.jpeg": {
    "app_sintetizada": "19927488866C4A1AAD02AC9389D279DD1105C.JPEG",
    "cantidad_archivos": 1,
    "archivos_fuente": [
      "Pictures/Fototeca de Fotos.photoslibrary/resources/derivatives/1/19927488-866C-4A1A-AD02-AC9389D279DD_1_105_c.jpeg"
    ],
    "ultima_modificacion": "2025-08-01 01:01:02.895584"
  },
  "15b3f443bb8d4b88b442dc5fdc6c32af1105c.jpeg": {
    "app_sintetizada": "15B3F443BB8D4B88B442DC5FDC6C32AF1105C.JPEG",
    "cantidad_archivos": 1,
    "archivos_fuente": [
      "Pictures/Fototeca de Fotos.photoslibrary/resources/derivatives/1/15B3F443-BB8D-4B88-B442-DC5FDC6C32AF_1_105_c.jpeg"
    ],
    "ultima_modificacion": "2025-08-01 01:01:02.895857"
  },
  "1135b43ce0a64ad493c26e29677809c81105c.jpeg": {
    "app_sintetizada": "1135B43CE0A64AD493C26E29677809C81105C.JPEG",
    "cantidad_archivos": 1,
    "archivos_fuente": [
      "Pictures/Fototeca de Fotos.photoslibrary/resources/derivatives/1/1135B43C-E0A6-4AD4-93C2-6E29677809C8_1_105_c.jpeg"
    ],
    "ultima_modificacion": "2025-08-01 01:01:02.896127"
  },
  "1ade16e1728c4b53a65c163f507bee051105c.jpeg": {
    "app_sintetizada": "1ADE16E1728C4B53A65C163F507BEE051105C.JPEG",
    "cantidad_archivos": 1,
    "archivos_fuente": [
      "Pictures/Fototeca de Fotos.photoslibrary/resources/derivatives/1/1ADE16E1-728C-4B53-A65C-163F507BEE05_1_105_c.jpeg"
    ],
    "ultima_modificacion": "2025-08-01 01:01:02.896405"
  },
  "13ff976cab5844ccadea6ea98cf3b07f1105c.jpeg": {
    "app_sintetizada": "13FF976CAB5844CCADEA6EA98CF3B07F1105C.JPEG",
    "cantidad_archivos": 1,
    "archivos_fuente": [
      "Pictures/Fototeca de Fotos.photoslibrary/resources/derivatives/1/13FF976C-AB58-44CC-ADEA-6EA98CF3B07F_1_105_c.jpeg"
    ],
    "ultima_modificacion": "2025-08-01 01:01:02.896714"
  },
  "17c429ec8ea74edbb68357aa00343c961105c.jpeg": {
    "app_sintetizada": "17C429EC8EA74EDBB68357AA00343C961105C.JPEG",
    "cantidad_archivos": 1,
    "archivos_fuente": [
      "Pictures/Fototeca de Fotos.photoslibrary/resources/derivatives/1/17C429EC-8EA7-4EDB-B683-57AA00343C96_1_105_c.jpeg"
    ],
    "ultima_modificacion": "2025-08-01 01:01:02.896992"
  },
  "11fbc2d2a77d4b80bdf531ff781986471105c.jpeg": {
    "app_sintetizada": "11FBC2D2A77D4B80BDF531FF781986471105C.JPEG",
    "cantidad_archivos": 1,
    "archivos_fuente": [
      "Pictures/Fototeca de Fotos.photoslibrary/resources/derivatives/1/11FBC2D2-A77D-4B80-BDF5-31FF78198647_1_105_c.jpeg"
    ],
    "ultima_modificacion": "2025-08-01 01:01:02.897270"
  },
  "1e79b92c45e646bc914081f2fb8c6bee1105c.jpeg": {
    "app_sintetizada": "1E79B92C45E646BC914081F2FB8C6BEE1105C.JPEG",
    "cantidad_archivos": 1,
    "archivos_fuente": [
      "Pictures/Fototeca de Fotos.photoslibrary/resources/derivatives/1/1E79B92C-45E6-46BC-9140-81F2FB8C6BEE_1_105_c.jpeg"
    ],
    "ultima_modificacion": "2025-08-01 01:01:02.897555"
  },
  "1eec03451640478783aaddc4e8c3ea621105c.jpeg": {
    "app_sintetizada": "1EEC03451640478783AADDC4E8C3EA621105C.JPEG",
    "cantidad_archivos": 1,
    "archivos_fuente": [
      "Pictures/Fototeca de Fotos.photoslibrary/resources/derivatives/1/1EEC0345-1640-4787-83AA-DDC4E8C3EA62_1_105_c.jpeg"
    ],
    "ultima_modificacion": "2025-08-01 01:01:02.897855"
  },
  "170d10cd05494be58946ed47366ea9981105c.jpeg": {
    "app_sintetizada": "170D10CD05494BE58946ED47366EA9981105C.JPEG",
    "cantidad_archivos": 1,
    "archivos_fuente": [
      "Pictures/Fototeca de Fotos.photoslibrary/resources/derivatives/1/170D10CD-0549-4BE5-8946-ED47366EA998_1_105_c.jpeg"
    ],
    "ultima_modificacion": "2025-08-01 01:01:02.898162"
  },
  "174683722ec9414fa9c359db1c70d1a2.thm": {
    "app_sintetizada": "174683722EC9414FA9C359DB1C70D1A2.THM",
    "cantidad_archivos": 1,
    "archivos_fuente": [
      "Pictures/Fototeca de Fotos.photoslibrary/resources/derivatives/1/17468372-2EC9-414F-A9C3-59DB1C70D1A2.THM"
    ],
    "ultima_modificacion": "2025-08-01 01:01:02.898462"
  },
  "1eaf5fcf95054cd1b554952b48e7dec41105c.jpeg": {
    "app_sintetizada": "1EAF5FCF95054CD1B554952B48E7DEC41105C.JPEG",
    "cantidad_archivos": 1,
    "archivos_fuente": [
      "Pictures/Fototeca de Fotos.photoslibrary/resources/derivatives/1/1EAF5FCF-9505-4CD1-B554-952B48E7DEC4_1_105_c.jpeg"
    ],
    "ultima_modificacion": "2025-08-01 01:01:02.898768"
  },
  "1e913cd938bd41cfabd0101b5a711b6d1105c.jpeg": {
    "app_sintetizada": "1E913CD938BD41CFABD0101B5A711B6D1105C.JPEG",
    "cantidad_archivos": 1,
    "archivos_fuente": [
      "Pictures/Fototeca de Fotos.photoslibrary/resources/derivatives/1/1E913CD9-38BD-41CF-ABD0-101B5A711B6D_1_105_c.jpeg"
    ],
    "ultima_modificacion": "2025-08-01 01:01:02.899101"
  },
  "1e8a80e9686448e0b9b60c74363e9cc11105c.jpeg": {
    "app_sintetizada": "1E8A80E9686448E0B9B60C74363E9CC11105C.JPEG",
    "cantidad_archivos": 1,
    "archivos_fuente": [
      "Pictures/Fototeca de Fotos.photoslibrary/resources/derivatives/1/1E8A80E9-6864-48E0-B9B6-0C74363E9CC1_1_105_c.jpeg"
    ],
    "ultima_modificacion": "2025-08-01 01:01:02.899445"
  },
  "1f97c182764b4c8087c97b04d2aa85b81105c.jpeg": {
    "app_sintetizada": "1F97C182764B4C8087C97B04D2AA85B81105C.JPEG",
    "cantidad_archivos": 1,
    "archivos_fuente": [
      "Pictures/Fototeca de Fotos.photoslibrary/resources/derivatives/1/1F97C182-764B-4C80-87C9-7B04D2AA85B8_1_105_c.jpeg"
    ],
    "ultima_modificacion": "2025-08-01 01:01:02.899820"
  },
  "121daa9f4e9442a3974848684b8703701105c.jpeg": {
    "app_sintetizada": "121DAA9F4E9442A3974848684B8703701105C.JPEG",
    "cantidad_archivos": 1,
    "archivos_fuente": [
      "Pictures/Fototeca de Fotos.photoslibrary/resources/derivatives/1/121DAA9F-4E94-42A3-9748-48684B870370_1_105_c.jpeg"
    ],
    "ultima_modificacion": "2025-08-01 01:01:02.900147"
  },
  "1dd62545e93d40f6be5bffb2d5c388a31105c.jpeg": {
    "app_sintetizada": "1DD62545E93D40F6BE5BFFB2D5C388A31105C.JPEG",
    "cantidad_archivos": 1,
    "archivos_fuente": [
      "Pictures/Fototeca de Fotos.photoslibrary/resources/derivatives/1/1DD62545-E93D-40F6-BE5B-FFB2D5C388A3_1_105_c.jpeg"
    ],
    "ultima_modificacion": "2025-08-01 01:01:02.900481"
  },
  "1ace2cdc7ed14af7a34d515594b3a8fb1105c.jpeg": {
    "app_sintetizada": "1ACE2CDC7ED14AF7A34D515594B3A8FB1105C.JPEG",
    "cantidad_archivos": 1,
    "archivos_fuente": [
      "Pictures/Fototeca de Fotos.photoslibrary/resources/derivatives/1/1ACE2CDC-7ED1-4AF7-A34D-515594B3A8FB_1_105_c.jpeg"
    ],
    "ultima_modificacion": "2025-08-01 01:01:02.900789"
  },
  "1c8f7525195c46568b8161c0817420c51105c.jpeg": {
    "app_sintetizada": "1C8F7525195C46568B8161C0817420C51105C.JPEG",
    "cantidad_archivos": 1,
    "archivos_fuente": [
      "Pictures/Fototeca de Fotos.photoslibrary/resources/derivatives/1/1C8F7525-195C-4656-8B81-61C0817420C5_1_105_c.jpeg"
    ],
    "ultima_modificacion": "2025-08-01 01:01:02.901097"
  },
  "1eeaa39c76e745dfb2675806fa2e1e861105c.jpeg": {
    "app_sintetizada": "1EEAA39C76E745DFB2675806FA2E1E861105C.JPEG",
    "cantidad_archivos": 1,
    "archivos_fuente": [
      "Pictures/Fototeca de Fotos.photoslibrary/resources/derivatives/1/1EEAA39C-76E7-45DF-B267-5806FA2E1E86_1_105_c.jpeg"
    ],
    "ultima_modificacion": "2025-08-01 01:01:02.901409"
  },
  "1acb589293c64b828d2c329ddac994591105c.jpeg": {
    "app_sintetizada": "1ACB589293C64B828D2C329DDAC994591105C.JPEG",
    "cantidad_archivos": 1,
    "archivos_fuente": [
      "Pictures/Fototeca de Fotos.photoslibrary/resources/derivatives/1/1ACB5892-93C6-4B82-8D2C-329DDAC99459_1_105_c.jpeg"
    ],
    "ultima_modificacion": "2025-08-01 01:01:02.901752"
  },
  "1abc878c11084e8c8dfe172bc48a1d011105c.jpeg": {
    "app_sintetizada": "1ABC878C11084E8C8DFE172BC48A1D011105C.JPEG",
    "cantidad_archivos": 1,
    "archivos_fuente": [
      "Pictures/Fototeca de Fotos.photoslibrary/resources/derivatives/1/1ABC878C-1108-4E8C-8DFE-172BC48A1D01_1_105_c.jpeg"
    ],
    "ultima_modificacion": "2025-08-01 01:01:02.902060"
  },
  "1a383d3b6c9b44479b288506e57706741105c.jpeg": {
    "app_sintetizada": "1A383D3B6C9B44479B288506E57706741105C.JPEG",
    "cantidad_archivos": 1,
    "archivos_fuente": [
      "Pictures/Fototeca de Fotos.photoslibrary/resources/derivatives/1/1A383D3B-6C9B-4447-9B28-8506E5770674_1_105_c.jpeg"
    ],
    "ultima_modificacion": "2025-08-01 01:01:02.902354"
  },
  "1d7a2bf4e9c346658ed555e1998eb8fd1105c.jpeg": {
    "app_sintetizada": "1D7A2BF4E9C346658ED555E1998EB8FD1105C.JPEG",
    "cantidad_archivos": 1,
    "archivos_fuente": [
      "Pictures/Fototeca de Fotos.photoslibrary/resources/derivatives/1/1D7A2BF4-E9C3-4665-8ED5-55E1998EB8FD_1_105_c.jpeg"
    ],
    "ultima_modificacion": "2025-08-01 01:01:02.902645"
  },
  "14f260fc2baf43d0a667a46101319e6b1105c.jpeg": {
    "app_sintetizada": "14F260FC2BAF43D0A667A46101319E6B1105C.JPEG",
    "cantidad_archivos": 1,
    "archivos_fuente": [
      "Pictures/Fototeca de Fotos.photoslibrary/resources/derivatives/1/14F260FC-2BAF-43D0-A667-A46101319E6B_1_105_c.jpeg"
    ],
    "ultima_modificacion": "2025-08-01 01:01:02.902932"
  },
  "1d2e467780a241fb97da00ac2ab40d4a1105c.jpeg": {
    "app_sintetizada": "1D2E467780A241FB97DA00AC2AB40D4A1105C.JPEG",
    "cantidad_archivos": 1,
    "archivos_fuente": [
      "Pictures/Fototeca de Fotos.photoslibrary/resources/derivatives/1/1D2E4677-80A2-41FB-97DA-00AC2AB40D4A_1_105_c.jpeg"
    ],
    "ultima_modificacion": "2025-08-01 01:01:02.903221"
  },
  "1899e01684cf4d0c9452552e31ded0091105c.jpeg": {
    "app_sintetizada": "1899E01684CF4D0C9452552E31DED0091105C.JPEG",
    "cantidad_archivos": 1,
    "archivos_fuente": [
      "Pictures/Fototeca de Fotos.photoslibrary/resources/derivatives/1/1899E016-84CF-4D0C-9452-552E31DED009_1_105_c.jpeg"
    ],
    "ultima_modificacion": "2025-08-01 01:01:02.903536"
  },
  "14f7b90089d142dc821e6ab6464238531105c.jpeg": {
    "app_sintetizada": "14F7B90089D142DC821E6AB6464238531105C.JPEG",
    "cantidad_archivos": 1,
    "archivos_fuente": [
      "Pictures/Fototeca de Fotos.photoslibrary/resources/derivatives/1/14F7B900-89D1-42DC-821E-6AB646423853_1_105_c.jpeg"
    ],
    "ultima_modificacion": "2025-08-01 01:01:02.903807"
  }
}