{
  "9455b094ad9b49f4929460018a95bb5a45005c.jpeg": {
    "app_sintetizada": "9455B094AD9B49F4929460018A95BB5A45005C.JPEG",
    "cantidad_archivos": 1,
    "archivos_fuente": [
      "Pictures/Fototeca de Fotos.photoslibrary/resources/derivatives/masters/9/9455B094-AD9B-49F4-9294-60018A95BB5A_4_5005_c.jpeg"
    ],
    "ultima_modificacion": "2025-08-01 01:01:05.617602"
  },
  "9dd2585d82c7435fa2ae8a285f26b51c45005c.jpeg": {
    "app_sintetizada": "9DD2585D82C7435FA2AE8A285F26B51C45005C.JPEG",
    "cantidad_archivos": 1,
    "archivos_fuente": [
      "Pictures/Fototeca de Fotos.photoslibrary/resources/derivatives/masters/9/9DD2585D-82C7-435F-A2AE-8A285F26B51C_4_5005_c.jpeg"
    ],
    "ultima_modificacion": "2025-08-01 01:01:05.617902"
  },
  "9c6fe3ad495b4b7c9f9113218219a88f45005c.jpeg": {
    "app_sintetizada": "9C6FE3AD495B4B7C9F9113218219A88F45005C.JPEG",
    "cantidad_archivos": 1,
    "archivos_fuente": [
      "Pictures/Fototeca de Fotos.photoslibrary/resources/derivatives/masters/9/9C6FE3AD-495B-4B7C-9F91-13218219A88F_4_5005_c.jpeg"
    ],
    "ultima_modificacion": "2025-08-01 01:01:05.618158"
  },
  "9541699d7af544c5aebc294c7f7b4f2f45005c.jpeg": {
    "app_sintetizada": "9541699D7AF544C5AEBC294C7F7B4F2F45005C.JPEG",
    "cantidad_archivos": 1,
    "archivos_fuente": [
      "Pictures/Fototeca de Fotos.photoslibrary/resources/derivatives/masters/9/9541699D-7AF5-44C5-AEBC-294C7F7B4F2F_4_5005_c.jpeg"
    ],
    "ultima_modificacion": "2025-08-01 01:01:05.618413"
  },
  "9152fe0037f240079597dd4d3290168145005c.jpeg": {
    "app_sintetizada": "9152FE0037F240079597DD4D3290168145005C.JPEG",
    "cantidad_archivos": 1,
    "archivos_fuente": [
      "Pictures/Fototeca de Fotos.photoslibrary/resources/derivatives/masters/9/9152FE00-37F2-4007-9597-DD4D32901681_4_5005_c.jpeg"
    ],
    "ultima_modificacion": "2025-08-01 01:01:05.618746"
  },
  "9b0a840cbe9a4d149f4fcdffcfdbab1045005c.jpeg": {
    "app_sintetizada": "9B0A840CBE9A4D149F4FCDFFCFDBAB1045005C.JPEG",
    "cantidad_archivos": 1,
    "archivos_fuente": [
      "Pictures/Fototeca de Fotos.photoslibrary/resources/derivatives/masters/9/9B0A840C-BE9A-4D14-9F4F-CDFFCFDBAB10_4_5005_c.jpeg"
    ],
    "ultima_modificacion": "2025-08-01 01:01:05.619010"
  },
  "91017437dbdd4ece99d88a52e44b8c0445005c.jpeg": {
    "app_sintetizada": "91017437DBDD4ECE99D88A52E44B8C0445005C.JPEG",
    "cantidad_archivos": 1,
    "archivos_fuente": [
      "Pictures/Fototeca de Fotos.photoslibrary/resources/derivatives/masters/9/91017437-DBDD-4ECE-99D8-8A52E44B8C04_4_5005_c.jpeg"
    ],
    "ultima_modificacion": "2025-08-01 01:01:05.619263"
  },
  "93b7ef9613b349cb86e7e12a4fb31d7b45005c.jpeg": {
    "app_sintetizada": "93B7EF9613B349CB86E7E12A4FB31D7B45005C.JPEG",
    "cantidad_archivos": 1,
    "archivos_fuente": [
      "Pictures/Fototeca de Fotos.photoslibrary/resources/derivatives/masters/9/93B7EF96-13B3-49CB-86E7-E12A4FB31D7B_4_5005_c.jpeg"
    ],
    "ultima_modificacion": "2025-08-01 01:01:05.619635"
  },
  "90521758bf784463b3340b7983d54e0845005c.jpeg": {
    "app_sintetizada": "90521758BF784463B3340B7983D54E0845005C.JPEG",
    "cantidad_archivos": 1,
    "archivos_fuente": [
      "Pictures/Fototeca de Fotos.photoslibrary/resources/derivatives/masters/9/90521758-BF78-4463-B334-0B7983D54E08_4_5005_c.jpeg"
    ],
    "ultima_modificacion": "2025-08-01 01:01:05.619926"
  },
  "9b13f49a6a9343b9938f77b5a77f6acc45005c.jpeg": {
    "app_sintetizada": "9B13F49A6A9343B9938F77B5A77F6ACC45005C.JPEG",
    "cantidad_archivos": 1,
    "archivos_fuente": [
      "Pictures/Fototeca de Fotos.photoslibrary/resources/derivatives/masters/9/9B13F49A-6A93-43B9-938F-77B5A77F6ACC_4_5005_c.jpeg"
    ],
    "ultima_modificacion": "2025-08-01 01:01:05.620175"
  },
  "9fc535cdfd524ebeadcf31aa1454d9bf45005c.jpeg": {
    "app_sintetizada": "9FC535CDFD524EBEADCF31AA1454D9BF45005C.JPEG",
    "cantidad_archivos": 1,
    "archivos_fuente": [
      "Pictures/Fototeca de Fotos.photoslibrary/resources/derivatives/masters/9/9FC535CD-FD52-4EBE-ADCF-31AA1454D9BF_4_5005_c.jpeg"
    ],
    "ultima_modificacion": "2025-08-01 01:01:05.620498"
  },
  "927d8007faed479abaf7bb5f5e6a003b45005c.jpeg": {
    "app_sintetizada": "927D8007FAED479ABAF7BB5F5E6A003B45005C.JPEG",
    "cantidad_archivos": 1,
    "archivos_fuente": [
      "Pictures/Fototeca de Fotos.photoslibrary/resources/derivatives/masters/9/927D8007-FAED-479A-BAF7-BB5F5E6A003B_4_5005_c.jpeg"
    ],
    "ultima_modificacion": "2025-08-01 01:01:05.621781"
  },
  "96ad78414dfd4ff4bf1d0d6553183e7a45005c.jpeg": {
    "app_sintetizada": "96AD78414DFD4FF4BF1D0D6553183E7A45005C.JPEG",
    "cantidad_archivos": 1,
    "archivos_fuente": [
      "Pictures/Fototeca de Fotos.photoslibrary/resources/derivatives/masters/9/96AD7841-4DFD-4FF4-BF1D-0D6553183E7A_4_5005_c.jpeg"
    ],
    "ultima_modificacion": "2025-08-01 01:01:05.622081"
  },
  "92c42f3d91984fc088a2192634b2937c45005c.jpeg": {
    "app_sintetizada": "92C42F3D91984FC088A2192634B2937C45005C.JPEG",
    "cantidad_archivos": 1,
    "archivos_fuente": [
      "Pictures/Fototeca de Fotos.photoslibrary/resources/derivatives/masters/9/92C42F3D-9198-4FC0-88A2-192634B2937C_4_5005_c.jpeg"
    ],
    "ultima_modificacion": "2025-08-01 01:01:05.622340"
  },
  "99cc324204154dbeb5a4ad45f45f48f645005c.jpeg": {
    "app_sintetizada": "99CC324204154DBEB5A4AD45F45F48F645005C.JPEG",
    "cantidad_archivos": 1,
    "archivos_fuente": [
      "Pictures/Fototeca de Fotos.photoslibrary/resources/derivatives/masters/9/99CC3242-0415-4DBE-B5A4-AD45F45F48F6_4_5005_c.jpeg"
    ],
    "ultima_modificacion": "2025-08-01 01:01:05.622588"
  },
  "99069574df894e63843b2ed34455e28d45005c.jpeg": {
    "app_sintetizada": "99069574DF894E63843B2ED34455E28D45005C.JPEG",
    "cantidad_archivos": 1,
    "archivos_fuente": [
      "Pictures/Fototeca de Fotos.photoslibrary/resources/derivatives/masters/9/99069574-DF89-4E63-843B-2ED34455E28D_4_5005_c.jpeg"
    ],
    "ultima_modificacion": "2025-08-01 01:01:05.622854"
  },
  "9fd6750ba7bb4a559929193cab05f25145005c.jpeg": {
    "app_sintetizada": "9FD6750BA7BB4A559929193CAB05F25145005C.JPEG",
    "cantidad_archivos": 1,
    "archivos_fuente": [
      "Pictures/Fototeca de Fotos.photoslibrary/resources/derivatives/masters/9/9FD6750B-A7BB-4A55-9929-193CAB05F251_4_5005_c.jpeg"
    ],
    "ultima_modificacion": "2025-08-01 01:01:05.623196"
  },
  "90036da70c7e4df780efedc562a2291b45005c.jpeg": {
    "app_sintetizada": "90036DA70C7E4DF780EFEDC562A2291B45005C.JPEG",
    "cantidad_archivos": 1,
    "archivos_fuente": [
      "Pictures/Fototeca de Fotos.photoslibrary/resources/derivatives/masters/9/90036DA7-0C7E-4DF7-80EF-EDC562A2291B_4_5005_c.jpeg"
    ],
    "ultima_modificacion": "2025-08-01 01:01:05.623453"
  },
  "98c911b0914a407bb07bae9ef11b802b45005c.jpeg": {
    "app_sintetizada": "98C911B0914A407BB07BAE9EF11B802B45005C.JPEG",
    "cantidad_archivos": 1,
    "archivos_fuente": [
      "Pictures/Fototeca de Fotos.photoslibrary/resources/derivatives/masters/9/98C911B0-914A-407B-B07B-AE9EF11B802B_4_5005_c.jpeg"
    ],
    "ultima_modificacion": "2025-08-01 01:01:05.623754"
  },
  "9e37dea7d77042529f312839db39a94d45005c.jpeg": {
    "app_sintetizada": "9E37DEA7D77042529F312839DB39A94D45005C.JPEG",
    "cantidad_archivos": 1,
    "archivos_fuente": [
      "Pictures/Fototeca de Fotos.photoslibrary/resources/derivatives/masters/9/9E37DEA7-D770-4252-9F31-2839DB39A94D_4_5005_c.jpeg"
    ],
    "ultima_modificacion": "2025-08-01 01:01:05.624016"
  },
  "96efa7850d774bdebcb8404314fba13445005c.jpeg": {
    "app_sintetizada": "96EFA7850D774BDEBCB8404314FBA13445005C.JPEG",
    "cantidad_archivos": 1,
    "archivos_fuente": [
      "Pictures/Fototeca de Fotos.photoslibrary/resources/derivatives/masters/9/96EFA785-0D77-4BDE-BCB8-404314FBA134_4_5005_c.jpeg"
    ],
    "ultima_modificacion": "2025-08-01 01:01:05.624257"
  },
  "91aad5476c65406d9282482d024913f945005c.jpeg": {
    "app_sintetizada": "91AAD5476C65406D9282482D024913F945005C.JPEG",
    "cantidad_archivos": 1,
    "archivos_fuente": [
      "Pictures/Fototeca de Fotos.photoslibrary/resources/derivatives/masters/9/91AAD547-6C65-406D-9282-482D024913F9_4_5005_c.jpeg"
    ],
    "ultima_modificacion": "2025-08-01 01:01:05.624496"
  },
  "9aa9879408ec459da7bc99161825ad1945005c.jpeg": {
    "app_sintetizada": "9AA9879408EC459DA7BC99161825AD1945005C.JPEG",
    "cantidad_archivos": 1,
    "archivos_fuente": [
      "Pictures/Fototeca de Fotos.photoslibrary/resources/derivatives/masters/9/9AA98794-08EC-459D-A7BC-99161825AD19_4_5005_c.jpeg"
    ],
    "ultima_modificacion": "2025-08-01 01:01:05.624737"
  },
  "9c7b04c180944a648eb8658310f4416845005c.jpeg": {
    "app_sintetizada": "9C7B04C180944A648EB8658310F4416845005C.JPEG",
    "cantidad_archivos": 1,
    "archivos_fuente": [
      "Pictures/Fototeca de Fotos.photoslibrary/resources/derivatives/masters/9/9C7B04C1-8094-4A64-8EB8-658310F44168_4_5005_c.jpeg"
    ],
    "ultima_modificacion": "2025-08-01 01:01:05.625082"
  },
  "92cc583347ad466099f56f4563dcd09845005c.jpeg": {
    "app_sintetizada": "92CC583347AD466099F56F4563DCD09845005C.JPEG",
    "cantidad_archivos": 1,
    "archivos_fuente": [
      "Pictures/Fototeca de Fotos.photoslibrary/resources/derivatives/masters/9/92CC5833-47AD-4660-99F5-6F4563DCD098_4_5005_c.jpeg"
    ],
    "ultima_modificacion": "2025-08-01 01:01:05.625450"
  },
  "9b9c0ec1eeae4e49946d4cbd9ee302d845005c.jpeg": {
    "app_sintetizada": "9B9C0EC1EEAE4E49946D4CBD9EE302D845005C.JPEG",
    "cantidad_archivos": 1,
    "archivos_fuente": [
      "Pictures/Fototeca de Fotos.photoslibrary/resources/derivatives/masters/9/9B9C0EC1-EEAE-4E49-946D-4CBD9EE302D8_4_5005_c.jpeg"
    ],
    "ultima_modificacion": "2025-08-01 01:01:05.625701"
  },
  "98e1c96c4f46474a98a4004bb87c0a2045005c.jpeg": {
    "app_sintetizada": "98E1C96C4F46474A98A4004BB87C0A2045005C.JPEG",
    "cantidad_archivos": 1,
    "archivos_fuente": [
      "Pictures/Fototeca de Fotos.photoslibrary/resources/derivatives/masters/9/98E1C96C-4F46-474A-98A4-004BB87C0A20_4_5005_c.jpeg"
    ],
    "ultima_modificacion": "2025-08-01 01:01:05.626060"
  },
  "9c0c64c58bcc45898c8338e3cfffe17b45005c.jpeg": {
    "app_sintetizada": "9C0C64C58BCC45898C8338E3CFFFE17B45005C.JPEG",
    "cantidad_archivos": 1,
    "archivos_fuente": [
      "Pictures/Fototeca de Fotos.photoslibrary/resources/derivatives/masters/9/9C0C64C5-8BCC-4589-8C83-38E3CFFFE17B_4_5005_c.jpeg"
    ],
    "ultima_modificacion": "2025-08-01 01:01:05.626305"
  },
  "9f7a34086c6f4dc2a00145d414b9efee45005c.jpeg": {
    "app_sintetizada": "9F7A34086C6F4DC2A00145D414B9EFEE45005C.JPEG",
    "cantidad_archivos": 1,
    "archivos_fuente": [
      "Pictures/Fototeca de Fotos.photoslibrary/resources/derivatives/masters/9/9F7A3408-6C6F-4DC2-A001-45D414B9EFEE_4_5005_c.jpeg"
    ],
    "ultima_modificacion": "2025-08-01 01:01:05.626625"
  },
  "9dc73f9b98b54508a6c67c5439ff9c8b45005c.jpeg": {
    "app_sintetizada": "9DC73F9B98B54508A6C67C5439FF9C8B45005C.JPEG",
    "cantidad_archivos": 1,
    "archivos_fuente": [
      "Pictures/Fototeca de Fotos.photoslibrary/resources/derivatives/masters/9/9DC73F9B-98B5-4508-A6C6-7C5439FF9C8B_4_5005_c.jpeg"
    ],
    "ultima_modificacion": "2025-08-01 01:01:05.626875"
  },
  "9e7f43afa53543f59815c91c270b126145005c.jpeg": {
    "app_sintetizada": "9E7F43AFA53543F59815C91C270B126145005C.JPEG",
    "cantidad_archivos": 1,
    "archivos_fuente": [
      "Pictures/Fototeca de Fotos.photoslibrary/resources/derivatives/masters/9/9E7F43AF-A535-43F5-9815-C91C270B1261_4_5005_c.jpeg"
    ],
    "ultima_modificacion": "2025-08-01 01:01:05.627113"
  },
  "9ac2f05822e249dbb6871b685bfc361b45005c.jpeg": {
    "app_sintetizada": "9AC2F05822E249DBB6871B685BFC361B45005C.JPEG",
    "cantidad_archivos": 1,
    "archivos_fuente": [
      "Pictures/Fototeca de Fotos.photoslibrary/resources/derivatives/masters/9/9AC2F058-22E2-49DB-B687-1B685BFC361B_4_5005_c.jpeg"
    ],
    "ultima_modificacion": "2025-08-01 01:01:05.627402"
  },
  "9909bd5b92d44326921e94096be6256345005c.jpeg": {
    "app_sintetizada": "9909BD5B92D44326921E94096BE6256345005C.JPEG",
    "cantidad_archivos": 1,
    "archivos_fuente": [
      "Pictures/Fototeca de Fotos.photoslibrary/resources/derivatives/masters/9/9909BD5B-92D4-4326-921E-94096BE62563_4_5005_c.jpeg"
    ],
    "ultima_modificacion": "2025-08-01 01:01:05.627692"
  },
  "922753a1c2be40beae6cd66b3652c4be45005c.jpeg": {
    "app_sintetizada": "922753A1C2BE40BEAE6CD66B3652C4BE45005C.JPEG",
    "cantidad_archivos": 1,
    "archivos_fuente": [
      "Pictures/Fototeca de Fotos.photoslibrary/resources/derivatives/masters/9/922753A1-C2BE-40BE-AE6C-D66B3652C4BE_4_5005_c.jpeg"
    ],
    "ultima_modificacion": "2025-08-01 01:01:05.627931"
  },
  "93cfb54edb384e4cad85f1a0a213707545005c.jpeg": {
    "app_sintetizada": "93CFB54EDB384E4CAD85F1A0A213707545005C.JPEG",
    "cantidad_archivos": 1,
    "archivos_fuente": [
      "Pictures/Fototeca de Fotos.photoslibrary/resources/derivatives/masters/9/93CFB54E-DB38-4E4C-AD85-F1A0A2137075_4_5005_c.jpeg"
    ],
    "ultima_modificacion": "2025-08-01 01:01:05.628164"
  },
  "955838a5f4df42f9b41305e43e45d46545005c.jpeg": {
    "app_sintetizada": "955838A5F4DF42F9B41305E43E45D46545005C.JPEG",
    "cantidad_archivos": 1,
    "archivos_fuente": [
      "Pictures/Fototeca de Fotos.photoslibrary/resources/derivatives/masters/9/955838A5-F4DF-42F9-B413-05E43E45D465_4_5005_c.jpeg"
    ],
    "ultima_modificacion": "2025-08-01 01:01:05.628517"
  },
  "982c384085f84c0eb44f1c3ae86ad82c45005c.jpeg": {
    "app_sintetizada": "982C384085F84C0EB44F1C3AE86AD82C45005C.JPEG",
    "cantidad_archivos": 1,
    "archivos_fuente": [
      "Pictures/Fototeca de Fotos.photoslibrary/resources/derivatives/masters/9/982C3840-85F8-4C0E-B44F-1C3AE86AD82C_4_5005_c.jpeg"
    ],
    "ultima_modificacion": "2025-08-01 01:01:05.628796"
  },
  "9fadf07825b447f2b2f7bc507b11a0bf45005c.jpeg": {
    "app_sintetizada": "9FADF07825B447F2B2F7BC507B11A0BF45005C.JPEG",
    "cantidad_archivos": 1,
    "archivos_fuente": [
      "Pictures/Fototeca de Fotos.photoslibrary/resources/derivatives/masters/9/9FADF078-25B4-47F2-B2F7-BC507B11A0BF_4_5005_c.jpeg"
    ],
    "ultima_modificacion": "2025-08-01 01:01:05.629416"
  },
  "9dd2cf3225fe4260b193aa94533e4a7445005c.jpeg": {
    "app_sintetizada": "9DD2CF3225FE4260B193AA94533E4A7445005C.JPEG",
    "cantidad_archivos": 1,
    "archivos_fuente": [
      "Pictures/Fototeca de Fotos.photoslibrary/resources/derivatives/masters/9/9DD2CF32-25FE-4260-B193-AA94533E4A74_4_5005_c.jpeg"
    ],
    "ultima_modificacion": "2025-08-01 01:01:05.629830"
  },
  "99f92c7f2aee4445bb443e22fe80bd2a45005c.jpeg": {
    "app_sintetizada": "99F92C7F2AEE4445BB443E22FE80BD2A45005C.JPEG",
    "cantidad_archivos": 1,
    "archivos_fuente": [
      "Pictures/Fototeca de Fotos.photoslibrary/resources/derivatives/masters/9/99F92C7F-2AEE-4445-BB44-3E22FE80BD2A_4_5005_c.jpeg"
    ],
    "ultima_modificacion": "2025-08-01 01:01:05.630502"
  },
  "91e29f0283cf4904a911f04c8d4efc8845005c.jpeg": {
    "app_sintetizada": "91E29F0283CF4904A911F04C8D4EFC8845005C.JPEG",
    "cantidad_archivos": 1,
    "archivos_fuente": [
      "Pictures/Fototeca de Fotos.photoslibrary/resources/derivatives/masters/9/91E29F02-83CF-4904-A911-F04C8D4EFC88_4_5005_c.jpeg"
    ],
    "ultima_modificacion": "2025-08-01 01:01:05.630903"
  },
  "9aac8faabf0741d199ff70ee5acde35045005c.jpeg": {
    "app_sintetizada": "9AAC8FAABF0741D199FF70EE5ACDE35045005C.JPEG",
    "cantidad_archivos": 1,
    "archivos_fuente": [
      "Pictures/Fototeca de Fotos.photoslibrary/resources/derivatives/masters/9/9AAC8FAA-BF07-41D1-99FF-70EE5ACDE350_4_5005_c.jpeg"
    ],
    "ultima_modificacion": "2025-08-01 01:01:05.631296"
  },
  "9b77b206d3be498bb5918dabceffb53545005c.jpeg": {
    "app_sintetizada": "9B77B206D3BE498BB5918DABCEFFB53545005C.JPEG",
    "cantidad_archivos": 1,
    "archivos_fuente": [
      "Pictures/Fototeca de Fotos.photoslibrary/resources/derivatives/masters/9/9B77B206-D3BE-498B-B591-8DABCEFFB535_4_5005_c.jpeg"
    ],
    "ultima_modificacion": "2025-08-01 01:01:05.631559"
  },
  "97590431e1a24efb848f078ed470562145005c.jpeg": {
    "app_sintetizada": "97590431E1A24EFB848F078ED470562145005C.JPEG",
    "cantidad_archivos": 1,
    "archivos_fuente": [
      "Pictures/Fototeca de Fotos.photoslibrary/resources/derivatives/masters/9/97590431-E1A2-4EFB-848F-078ED4705621_4_5005_c.jpeg"
    ],
    "ultima_modificacion": "2025-08-01 01:01:05.631809"
  },
  "99cd085654744e21805f216e4bd8c8d345005c.jpeg": {
    "app_sintetizada": "99CD085654744E21805F216E4BD8C8D345005C.JPEG",
    "cantidad_archivos": 1,
    "archivos_fuente": [
      "Pictures/Fototeca de Fotos.photoslibrary/resources/derivatives/masters/9/99CD0856-5474-4E21-805F-216E4BD8C8D3_4_5005_c.jpeg"
    ],
    "ultima_modificacion": "2025-08-01 01:01:05.632054"
  },
  "9e2a76235a774d3692944b362deb582645005c.jpeg": {
    "app_sintetizada": "9E2A76235A774D3692944B362DEB582645005C.JPEG",
    "cantidad_archivos": 1,
    "archivos_fuente": [
      "Pictures/Fototeca de Fotos.photoslibrary/resources/derivatives/masters/9/9E2A7623-5A77-4D36-9294-4B362DEB5826_4_5005_c.jpeg"
    ],
    "ultima_modificacion": "2025-08-01 01:01:05.632384"
  },
  "99ed5764c7e44707841df25ee55eb24545005c.jpeg": {
    "app_sintetizada": "99ED5764C7E44707841DF25EE55EB24545005C.JPEG",
    "cantidad_archivos": 1,
    "archivos_fuente": [
      "Pictures/Fototeca de Fotos.photoslibrary/resources/derivatives/masters/9/99ED5764-C7E4-4707-841D-F25EE55EB245_4_5005_c.jpeg"
    ],
    "ultima_modificacion": "2025-08-01 01:01:05.632621"
  },
  "9644acd27d214070abef8407c627684545005c.jpeg": {
    "app_sintetizada": "9644ACD27D214070ABEF8407C627684545005C.JPEG",
    "cantidad_archivos": 1,
    "archivos_fuente": [
      "Pictures/Fototeca de Fotos.photoslibrary/resources/derivatives/masters/9/9644ACD2-7D21-4070-ABEF-8407C6276845_4_5005_c.jpeg"
    ],
    "ultima_modificacion": "2025-08-01 01:01:05.632933"
  },
  "9693fbf376ff478486d6d511f308969945005c.jpeg": {
    "app_sintetizada": "9693FBF376FF478486D6D511F308969945005C.JPEG",
    "cantidad_archivos": 1,
    "archivos_fuente": [
      "Pictures/Fototeca de Fotos.photoslibrary/resources/derivatives/masters/9/9693FBF3-76FF-4784-86D6-D511F3089699_4_5005_c.jpeg"
    ],
    "ultima_modificacion": "2025-08-01 01:01:05.633174"
  },
  "90e87f6200dd4efbb2582678ab270c5145005c.jpeg": {
    "app_sintetizada": "90E87F6200DD4EFBB2582678AB270C5145005C.JPEG",
    "cantidad_archivos": 1,
    "archivos_fuente": [
      "Pictures/Fototeca de Fotos.photoslibrary/resources/derivatives/masters/9/90E87F62-00DD-4EFB-B258-2678AB270C51_4_5005_c.jpeg"
    ],
    "ultima_modificacion": "2025-08-01 01:01:05.633453"
  },
  "95cfca7a4e9741068f406c626af566a645005c.jpeg": {
    "app_sintetizada": "95CFCA7A4E9741068F406C626AF566A645005C.JPEG",
    "cantidad_archivos": 1,
    "archivos_fuente": [
      "Pictures/Fototeca de Fotos.photoslibrary/resources/derivatives/masters/9/95CFCA7A-4E97-4106-8F40-6C626AF566A6_4_5005_c.jpeg"
    ],
    "ultima_modificacion": "2025-08-01 01:01:05.633697"
  },
  "90f428e6e9d94fb4b2c5c1500cc0a15245005c.jpeg": {
    "app_sintetizada": "90F428E6E9D94FB4B2C5C1500CC0A15245005C.JPEG",
    "cantidad_archivos": 1,
    "archivos_fuente": [
      "Pictures/Fototeca de Fotos.photoslibrary/resources/derivatives/masters/9/90F428E6-E9D9-4FB4-B2C5-C1500CC0A152_4_5005_c.jpeg"
    ],
    "ultima_modificacion": "2025-08-01 01:01:05.634012"
  },
  "94ca27f3351940ef83902b21fcb6b80a45005c.jpeg": {
    "app_sintetizada": "94CA27F3351940EF83902B21FCB6B80A45005C.JPEG",
    "cantidad_archivos": 1,
    "archivos_fuente": [
      "Pictures/Fototeca de Fotos.photoslibrary/resources/derivatives/masters/9/94CA27F3-3519-40EF-8390-2B21FCB6B80A_4_5005_c.jpeg"
    ],
    "ultima_modificacion": "2025-08-01 01:01:05.634267"
  },
  "9e31c385c8694e37b83a5ee65e65f89145005c.jpeg": {
    "app_sintetizada": "9E31C385C8694E37B83A5EE65E65F89145005C.JPEG",
    "cantidad_archivos": 1,
    "archivos_fuente": [
      "Pictures/Fototeca de Fotos.photoslibrary/resources/derivatives/masters/9/9E31C385-C869-4E37-B83A-5EE65E65F891_4_5005_c.jpeg"
    ],
    "ultima_modificacion": "2025-08-01 01:01:05.634532"
  },
  "9806e2cd4c0640ffa2ca69a68b7f5f6945005c.jpeg": {
    "app_sintetizada": "9806E2CD4C0640FFA2CA69A68B7F5F6945005C.JPEG",
    "cantidad_archivos": 1,
    "archivos_fuente": [
      "Pictures/Fototeca de Fotos.photoslibrary/resources/derivatives/masters/9/9806E2CD-4C06-40FF-A2CA-69A68B7F5F69_4_5005_c.jpeg"
    ],
    "ultima_modificacion": "2025-08-01 01:01:05.634763"
  },
  "9b63d88d85f34f43b2e90bbc9832782645005c.jpeg": {
    "app_sintetizada": "9B63D88D85F34F43B2E90BBC9832782645005C.JPEG",
    "cantidad_archivos": 1,
    "archivos_fuente": [
      "Pictures/Fototeca de Fotos.photoslibrary/resources/derivatives/masters/9/9B63D88D-85F3-4F43-B2E9-0BBC98327826_4_5005_c.jpeg"
    ],
    "ultima_modificacion": "2025-08-01 01:01:05.634997"
  },
  "9b26013439c74383bdcc2a7bb1dcbdd645005c.jpeg": {
    "app_sintetizada": "9B26013439C74383BDCC2A7BB1DCBDD645005C.JPEG",
    "cantidad_archivos": 1,
    "archivos_fuente": [
      "Pictures/Fototeca de Fotos.photoslibrary/resources/derivatives/masters/9/9B260134-39C7-4383-BDCC-2A7BB1DCBDD6_4_5005_c.jpeg"
    ],
    "ultima_modificacion": "2025-08-01 01:01:05.635217"
  },
  "96cc98ee2766412f8bee0393ed2696ec45005c.jpeg": {
    "app_sintetizada": "96CC98EE2766412F8BEE0393ED2696EC45005C.JPEG",
    "cantidad_archivos": 1,
    "archivos_fuente": [
      "Pictures/Fototeca de Fotos.photoslibrary/resources/derivatives/masters/9/96CC98EE-2766-412F-8BEE-0393ED2696EC_4_5005_c.jpeg"
    ],
    "ultima_modificacion": "2025-08-01 01:01:05.635573"
  },
  "93c95d2fde9748cb8a44f0121ba7865945005c.jpeg": {
    "app_sintetizada": "93C95D2FDE9748CB8A44F0121BA7865945005C.JPEG",
    "cantidad_archivos": 1,
    "archivos_fuente": [
      "Pictures/Fototeca de Fotos.photoslibrary/resources/derivatives/masters/9/93C95D2F-DE97-48CB-8A44-F0121BA78659_4_5005_c.jpeg"
    ],
    "ultima_modificacion": "2025-08-01 01:01:05.635858"
  },
  "989a3d556cd2413aafca9aabc63ca17345005c.jpeg": {
    "app_sintetizada": "989A3D556CD2413AAFCA9AABC63CA17345005C.JPEG",
    "cantidad_archivos": 1,
    "archivos_fuente": [
      "Pictures/Fototeca de Fotos.photoslibrary/resources/derivatives/masters/9/989A3D55-6CD2-413A-AFCA-9AABC63CA173_4_5005_c.jpeg"
    ],
    "ultima_modificacion": "2025-08-01 01:01:05.636148"
  },
  "9f3c21d1eccd42f1bcca9dbb37f5d84945005c.jpeg": {
    "app_sintetizada": "9F3C21D1ECCD42F1BCCA9DBB37F5D84945005C.JPEG",
    "cantidad_archivos": 1,
    "archivos_fuente": [
      "Pictures/Fototeca de Fotos.photoslibrary/resources/derivatives/masters/9/9F3C21D1-ECCD-42F1-BCCA-9DBB37F5D849_4_5005_c.jpeg"
    ],
    "ultima_modificacion": "2025-08-01 01:01:05.636453"
  },
  "918cf1456ac041c094775144126d7b3045005c.jpeg": {
    "app_sintetizada": "918CF1456AC041C094775144126D7B3045005C.JPEG",
    "cantidad_archivos": 1,
    "archivos_fuente": [
      "Pictures/Fototeca de Fotos.photoslibrary/resources/derivatives/masters/9/918CF145-6AC0-41C0-9477-5144126D7B30_4_5005_c.jpeg"
    ],
    "ultima_modificacion": "2025-08-01 01:01:05.636734"
  },
  "9876b97927294b858160e665a6cc995645005c.jpeg": {
    "app_sintetizada": "9876B97927294B858160E665A6CC995645005C.JPEG",
    "cantidad_archivos": 1,
    "archivos_fuente": [
      "Pictures/Fototeca de Fotos.photoslibrary/resources/derivatives/masters/9/9876B979-2729-4B85-8160-E665A6CC9956_4_5005_c.jpeg"
    ],
    "ultima_modificacion": "2025-08-01 01:01:05.637039"
  },
  "9e35049d95ec4fd39398208036c95b6645005c.jpeg": {
    "app_sintetizada": "9E35049D95EC4FD39398208036C95B6645005C.JPEG",
    "cantidad_archivos": 1,
    "archivos_fuente": [
      "Pictures/Fototeca de Fotos.photoslibrary/resources/derivatives/masters/9/9E35049D-95EC-4FD3-9398-208036C95B66_4_5005_c.jpeg"
    ],
    "ultima_modificacion": "2025-08-01 01:01:05.637329"
  },
  "9d082965f2d94d03a8e3b35874d582b945005c.jpeg": {
    "app_sintetizada": "9D082965F2D94D03A8E3B35874D582B945005C.JPEG",
    "cantidad_archivos": 1,
    "archivos_fuente": [
      "Pictures/Fototeca de Fotos.photoslibrary/resources/derivatives/masters/9/9D082965-F2D9-4D03-A8E3-B35874D582B9_4_5005_c.jpeg"
    ],
    "ultima_modificacion": "2025-08-01 01:01:05.637605"
  },
  "9db0453ee11f485ab7680414c48ddfd545005c.jpeg": {
    "app_sintetizada": "9DB0453EE11F485AB7680414C48DDFD545005C.JPEG",
    "cantidad_archivos": 1,
    "archivos_fuente": [
      "Pictures/Fototeca de Fotos.photoslibrary/resources/derivatives/masters/9/9DB0453E-E11F-485A-B768-0414C48DDFD5_4_5005_c.jpeg"
    ],
    "ultima_modificacion": "2025-08-01 01:01:05.637895"
  },
  "985395bf3c5445d394571ca06532167645005c.jpeg": {
    "app_sintetizada": "985395BF3C5445D394571CA06532167645005C.JPEG",
    "cantidad_archivos": 1,
    "archivos_fuente": [
      "Pictures/Fototeca de Fotos.photoslibrary/resources/derivatives/masters/9/985395BF-3C54-45D3-9457-1CA065321676_4_5005_c.jpeg"
    ],
    "ultima_modificacion": "2025-08-01 01:01:05.638193"
  },
  "9f4612de7cc64e40a1a77e1684766a8945005c.jpeg": {
    "app_sintetizada": "9F4612DE7CC64E40A1A77E1684766A8945005C.JPEG",
    "cantidad_archivos": 1,
    "archivos_fuente": [
      "Pictures/Fototeca de Fotos.photoslibrary/resources/derivatives/masters/9/9F4612DE-7CC6-4E40-A1A7-7E1684766A89_4_5005_c.jpeg"
    ],
    "ultima_modificacion": "2025-08-01 01:01:05.638482"
  },
  "91f1910d36834305b7af166ecbde4cca45005c.jpeg": {
    "app_sintetizada": "91F1910D36834305B7AF166ECBDE4CCA45005C.JPEG",
    "cantidad_archivos": 1,
    "archivos_fuente": [
      "Pictures/Fototeca de Fotos.photoslibrary/resources/derivatives/masters/9/91F1910D-3683-4305-B7AF-166ECBDE4CCA_4_5005_c.jpeg"
    ],
    "ultima_modificacion": "2025-08-01 01:01:05.638775"
  },
  "9dac301809d54fc2b05e3a48fc4e8bc045005c.jpeg": {
    "app_sintetizada": "9DAC301809D54FC2B05E3A48FC4E8BC045005C.JPEG",
    "cantidad_archivos": 1,
    "archivos_fuente": [
      "Pictures/Fototeca de Fotos.photoslibrary/resources/derivatives/masters/9/9DAC3018-09D5-4FC2-B05E-3A48FC4E8BC0_4_5005_c.jpeg"
    ],
    "ultima_modificacion": "2025-08-01 01:01:05.639102"
  },
  "9b1222163b544b76bd8994b804d89c2145005c.jpeg": {
    "app_sintetizada": "9B1222163B544B76BD8994B804D89C2145005C.JPEG",
    "cantidad_archivos": 1,
    "archivos_fuente": [
      "Pictures/Fototeca de Fotos.photoslibrary/resources/derivatives/masters/9/9B122216-3B54-4B76-BD89-94B804D89C21_4_5005_c.jpeg"
    ],
    "ultima_modificacion": "2025-08-01 01:01:05.639414"
  },
  "926c241341c242ac87dce2e862e4e85a45005c.jpeg": {
    "app_sintetizada": "926C241341C242AC87DCE2E862E4E85A45005C.JPEG",
    "cantidad_archivos": 1,
    "archivos_fuente": [
      "Pictures/Fototeca de Fotos.photoslibrary/resources/derivatives/masters/9/926C2413-41C2-42AC-87DC-E2E862E4E85A_4_5005_c.jpeg"
    ],
    "ultima_modificacion": "2025-08-01 01:01:05.639712"
  },
  "9f4c99c23534407eb1eade5b8813146845005c.jpeg": {
    "app_sintetizada": "9F4C99C23534407EB1EADE5B8813146845005C.JPEG",
    "cantidad_archivos": 1,
    "archivos_fuente": [
      "Pictures/Fototeca de Fotos.photoslibrary/resources/derivatives/masters/9/9F4C99C2-3534-407E-B1EA-DE5B88131468_4_5005_c.jpeg"
    ],
    "ultima_modificacion": "2025-08-01 01:01:05.640001"
  },
  "975ca8cc966446b082979970826c89a945005c.jpeg": {
    "app_sintetizada": "975CA8CC966446B082979970826C89A945005C.JPEG",
    "cantidad_archivos": 1,
    "archivos_fuente": [
      "Pictures/Fototeca de Fotos.photoslibrary/resources/derivatives/masters/9/975CA8CC-9664-46B0-8297-9970826C89A9_4_5005_c.jpeg"
    ],
    "ultima_modificacion": "2025-08-01 01:01:05.640300"
  },
  "99ea6346534a4b639385cd526a97e41445005c.jpeg": {
    "app_sintetizada": "99EA6346534A4B639385CD526A97E41445005C.JPEG",
    "cantidad_archivos": 1,
    "archivos_fuente": [
      "Pictures/Fototeca de Fotos.photoslibrary/resources/derivatives/masters/9/99EA6346-534A-4B63-9385-CD526A97E414_4_5005_c.jpeg"
    ],
    "ultima_modificacion": "2025-08-01 01:01:05.640625"
  },
  "9d3bfbc5b5d24491a7f4cb64ea8162a445005c.jpeg": {
    "app_sintetizada": "9D3BFBC5B5D24491A7F4CB64EA8162A445005C.JPEG",
    "cantidad_archivos": 1,
    "archivos_fuente": [
      "Pictures/Fototeca de Fotos.photoslibrary/resources/derivatives/masters/9/9D3BFBC5-B5D2-4491-A7F4-CB64EA8162A4_4_5005_c.jpeg"
    ],
    "ultima_modificacion": "2025-08-01 01:01:05.640920"
  },
  "979f070f52794d3fba7e2ecab696511e45005c.jpeg": {
    "app_sintetizada": "979F070F52794D3FBA7E2ECAB696511E45005C.JPEG",
    "cantidad_archivos": 1,
    "archivos_fuente": [
      "Pictures/Fototeca de Fotos.photoslibrary/resources/derivatives/masters/9/979F070F-5279-4D3F-BA7E-2ECAB696511E_4_5005_c.jpeg"
    ],
    "ultima_modificacion": "2025-08-01 01:01:05.641228"
  },
  "9bf23183e1924eb883ed51d2a537646145005c.jpeg": {
    "app_sintetizada": "9BF23183E1924EB883ED51D2A537646145005C.JPEG",
    "cantidad_archivos": 1,
    "archivos_fuente": [
      "Pictures/Fototeca de Fotos.photoslibrary/resources/derivatives/masters/9/9BF23183-E192-4EB8-83ED-51D2A5376461_4_5005_c.jpeg"
    ],
    "ultima_modificacion": "2025-08-01 01:01:05.641515"
  },
  "94630c954954413e88b80b86252b089745005c.jpeg": {
    "app_sintetizada": "94630C954954413E88B80B86252B089745005C.JPEG",
    "cantidad_archivos": 1,
    "archivos_fuente": [
      "Pictures/Fototeca de Fotos.photoslibrary/resources/derivatives/masters/9/94630C95-4954-413E-88B8-0B86252B0897_4_5005_c.jpeg"
    ],
    "ultima_modificacion": "2025-08-01 01:01:05.641838"
  },
  "910d71d0c04b4b7cb8a29f6f9f91f21845005c.jpeg": {
    "app_sintetizada": "910D71D0C04B4B7CB8A29F6F9F91F21845005C.JPEG",
    "cantidad_archivos": 1,
    "archivos_fuente": [
      "Pictures/Fototeca de Fotos.photoslibrary/resources/derivatives/masters/9/910D71D0-C04B-4B7C-B8A2-9F6F9F91F218_4_5005_c.jpeg"
    ],
    "ultima_modificacion": "2025-08-01 01:01:05.642169"
  },
  "94fe9aebe5c346b780f0c4f9721e399a45005c.jpeg": {
    "app_sintetizada": "94FE9AEBE5C346B780F0C4F9721E399A45005C.JPEG",
    "cantidad_archivos": 1,
    "archivos_fuente": [
      "Pictures/Fototeca de Fotos.photoslibrary/resources/derivatives/masters/9/94FE9AEB-E5C3-46B7-80F0-C4F9721E399A_4_5005_c.jpeg"
    ],
    "ultima_modificacion": "2025-08-01 01:01:05.642590"
  },
  "97635850bffb4598a4a9d878d174bf7345005c.jpeg": {
    "app_sintetizada": "97635850BFFB4598A4A9D878D174BF7345005C.JPEG",
    "cantidad_archivos": 1,
    "archivos_fuente": [
      "Pictures/Fototeca de Fotos.photoslibrary/resources/derivatives/masters/9/97635850-BFFB-4598-A4A9-D878D174BF73_4_5005_c.jpeg"
    ],
    "ultima_modificacion": "2025-08-01 01:01:05.642905"
  },
  "92856036ee174f39b7589ec5db19d65a45005c.jpeg": {
    "app_sintetizada": "92856036EE174F39B7589EC5DB19D65A45005C.JPEG",
    "cantidad_archivos": 1,
    "archivos_fuente": [
      "Pictures/Fototeca de Fotos.photoslibrary/resources/derivatives/masters/9/92856036-EE17-4F39-B758-9EC5DB19D65A_4_5005_c.jpeg"
    ],
    "ultima_modificacion": "2025-08-01 01:01:05.643222"
  },
  "9a51d9f77f5f49589b26cecc2efce19e45005c.jpeg": {
    "app_sintetizada": "9A51D9F77F5F49589B26CECC2EFCE19E45005C.JPEG",
    "cantidad_archivos": 1,
    "archivos_fuente": [
      "Pictures/Fototeca de Fotos.photoslibrary/resources/derivatives/masters/9/9A51D9F7-7F5F-4958-9B26-CECC2EFCE19E_4_5005_c.jpeg"
    ],
    "ultima_modificacion": "2025-08-01 01:01:05.643538"
  },
  "920127ca0b4e4ae3b9690c6ef8a2d0fb45005c.jpeg": {
    "app_sintetizada": "920127CA0B4E4AE3B9690C6EF8A2D0FB45005C.JPEG",
    "cantidad_archivos": 1,
    "archivos_fuente": [
      "Pictures/Fototeca de Fotos.photoslibrary/resources/derivatives/masters/9/920127CA-0B4E-4AE3-B969-0C6EF8A2D0FB_4_5005_c.jpeg"
    ],
    "ultima_modificacion": "2025-08-01 01:01:05.643842"
  },
  "9e5bb6dc31b7483aa664e319b048478545005c.jpeg": {
    "app_sintetizada": "9E5BB6DC31B7483AA664E319B048478545005C.JPEG",
    "cantidad_archivos": 1,
    "archivos_fuente": [
      "Pictures/Fototeca de Fotos.photoslibrary/resources/derivatives/masters/9/9E5BB6DC-31B7-483A-A664-E319B0484785_4_5005_c.jpeg"
    ],
    "ultima_modificacion": "2025-08-01 01:01:05.644213"
  },
  "93afe27356364ddd911481ecdeaf470045005c.jpeg": {
    "app_sintetizada": "93AFE27356364DDD911481ECDEAF470045005C.JPEG",
    "cantidad_archivos": 1,
    "archivos_fuente": [
      "Pictures/Fototeca de Fotos.photoslibrary/resources/derivatives/masters/9/93AFE273-5636-4DDD-9114-81ECDEAF4700_4_5005_c.jpeg"
    ],
    "ultima_modificacion": "2025-08-01 01:01:05.644560"
  },
  "95bfc4f109fe4e66b4c5e2fd0e506e0045005c.jpeg": {
    "app_sintetizada": "95BFC4F109FE4E66B4C5E2FD0E506E0045005C.JPEG",
    "cantidad_archivos": 1,
    "archivos_fuente": [
      "Pictures/Fototeca de Fotos.photoslibrary/resources/derivatives/masters/9/95BFC4F1-09FE-4E66-B4C5-E2FD0E506E00_4_5005_c.jpeg"
    ],
    "ultima_modificacion": "2025-08-01 01:01:05.644964"
  },
  "94db4281dd8f486e837f1ad498b44d1745005c.jpeg": {
    "app_sintetizada": "94DB4281DD8F486E837F1AD498B44D1745005C.JPEG",
    "cantidad_archivos": 1,
    "archivos_fuente": [
      "Pictures/Fototeca de Fotos.photoslibrary/resources/derivatives/masters/9/94DB4281-DD8F-486E-837F-1AD498B44D17_4_5005_c.jpeg"
    ],
    "ultima_modificacion": "2025-08-01 01:01:05.645303"
  },
  "9cc4b49b5ff843cebf050f2b0a1d582245005c.jpeg": {
    "app_sintetizada": "9CC4B49B5FF843CEBF050F2B0A1D582245005C.JPEG",
    "cantidad_archivos": 1,
    "archivos_fuente": [
      "Pictures/Fototeca de Fotos.photoslibrary/resources/derivatives/masters/9/9CC4B49B-5FF8-43CE-BF05-0F2B0A1D5822_4_5005_c.jpeg"
    ],
    "ultima_modificacion": "2025-08-01 01:01:05.645675"
  },
  "92633be652b64686b4e03f30ede9fe7d45005c.jpeg": {
    "app_sintetizada": "92633BE652B64686B4E03F30EDE9FE7D45005C.JPEG",
    "cantidad_archivos": 1,
    "archivos_fuente": [
      "Pictures/Fototeca de Fotos.photoslibrary/resources/derivatives/masters/9/92633BE6-52B6-4686-B4E0-3F30EDE9FE7D_4_5005_c.jpeg"
    ],
    "ultima_modificacion": "2025-08-01 01:01:05.646640"
  },
  "98e9fbcd043b4700b33c1170738bb5ef45005c.jpeg": {
    "app_sintetizada": "98E9FBCD043B4700B33C1170738BB5EF45005C.JPEG",
    "cantidad_archivos": 1,
    "archivos_fuente": [
      "Pictures/Fototeca de Fotos.photoslibrary/resources/derivatives/masters/9/98E9FBCD-043B-4700-B33C-1170738BB5EF_4_5005_c.jpeg"
    ],
    "ultima_modificacion": "2025-08-01 01:01:05.647073"
  },
  "9ef292b8ff784a57be66f6003e9dce0445005c.jpeg": {
    "app_sintetizada": "9EF292B8FF784A57BE66F6003E9DCE0445005C.JPEG",
    "cantidad_archivos": 1,
    "archivos_fuente": [
      "Pictures/Fototeca de Fotos.photoslibrary/resources/derivatives/masters/9/9EF292B8-FF78-4A57-BE66-F6003E9DCE04_4_5005_c.jpeg"
    ],
    "ultima_modificacion": "2025-08-01 01:01:05.647567"
  },
  "946fef38fe0c47f3b8aa0a3ba62088be45005c.jpeg": {
    "app_sintetizada": "946FEF38FE0C47F3B8AA0A3BA62088BE45005C.JPEG",
    "cantidad_archivos": 1,
    "archivos_fuente": [
      "Pictures/Fototeca de Fotos.photoslibrary/resources/derivatives/masters/9/946FEF38-FE0C-47F3-B8AA-0A3BA62088BE_4_5005_c.jpeg"
    ],
    "ultima_modificacion": "2025-08-01 01:01:05.647933"
  },
  "9f4142aa05704f2cabe48c879e2fb83b45005c.jpeg": {
    "app_sintetizada": "9F4142AA05704F2CABE48C879E2FB83B45005C.JPEG",
    "cantidad_archivos": 1,
    "archivos_fuente": [
      "Pictures/Fototeca de Fotos.photoslibrary/resources/derivatives/masters/9/9F4142AA-0570-4F2C-ABE4-8C879E2FB83B_4_5005_c.jpeg"
    ],
    "ultima_modificacion": "2025-08-01 01:01:05.648267"
  },
  "9cda01208df646a5a364dc5569591d2d45005c.jpeg": {
    "app_sintetizada": "9CDA01208DF646A5A364DC5569591D2D45005C.JPEG",
    "cantidad_archivos": 1,
    "archivos_fuente": [
      "Pictures/Fototeca de Fotos.photoslibrary/resources/derivatives/masters/9/9CDA0120-8DF6-46A5-A364-DC5569591D2D_4_5005_c.jpeg"
    ],
    "ultima_modificacion": "2025-08-01 01:01:05.648591"
  },
  "9c6f73cb36e445128a59964138b5ec1b45005c.jpeg": {
    "app_sintetizada": "9C6F73CB36E445128A59964138B5EC1B45005C.JPEG",
    "cantidad_archivos": 1,
    "archivos_fuente": [
      "Pictures/Fototeca de Fotos.photoslibrary/resources/derivatives/masters/9/9C6F73CB-36E4-4512-8A59-964138B5EC1B_4_5005_c.jpeg"
    ],
    "ultima_modificacion": "2025-08-01 01:01:05.648915"
  },
  "902adca991444f338ce3128dad3c8c1d45005c.jpeg": {
    "app_sintetizada": "902ADCA991444F338CE3128DAD3C8C1D45005C.JPEG",
    "cantidad_archivos": 1,
    "archivos_fuente": [
      "Pictures/Fototeca de Fotos.photoslibrary/resources/derivatives/masters/9/902ADCA9-9144-4F33-8CE3-128DAD3C8C1D_4_5005_c.jpeg"
    ],
    "ultima_modificacion": "2025-08-01 01:01:05.649233"
  },
  "928af468f2dd46ab8db23b556b98b98045005c.jpeg": {
    "app_sintetizada": "928AF468F2DD46AB8DB23B556B98B98045005C.JPEG",
    "cantidad_archivos": 1,
    "archivos_fuente": [
      "Pictures/Fototeca de Fotos.photoslibrary/resources/derivatives/masters/9/928AF468-F2DD-46AB-8DB2-3B556B98B980_4_5005_c.jpeg"
    ],
    "ultima_modificacion": "2025-08-01 01:01:05.649528"
  },
  "903aa8a8a42445a8a13d81ebdfa7412445005c.jpeg": {
    "app_sintetizada": "903AA8A8A42445A8A13D81EBDFA7412445005C.JPEG",
    "cantidad_archivos": 1,
    "archivos_fuente": [
      "Pictures/Fototeca de Fotos.photoslibrary/resources/derivatives/masters/9/903AA8A8-A424-45A8-A13D-81EBDFA74124_4_5005_c.jpeg"
    ],
    "ultima_modificacion": "2025-08-01 01:01:05.649854"
  }
}