{
  "83608b7354b14ee7976f716f877ed9c81105c.jpeg": {
    "app_sintetizada": "83608B7354B14EE7976F716F877ED9C81105C.JPEG",
    "cantidad_archivos": 1,
    "archivos_fuente": [
      "Pictures/Fototeca de Fotos.photoslibrary/resources/derivatives/8/83608B73-54B1-4EE7-976F-716F877ED9C8_1_105_c.jpeg"
    ],
    "ultima_modificacion": "2025-08-01 01:01:03.170402"
  },
  "800f11fef10c40a9a634819492c940441105c.jpeg": {
    "app_sintetizada": "800F11FEF10C40A9A634819492C940441105C.JPEG",
    "cantidad_archivos": 1,
    "archivos_fuente": [
      "Pictures/Fototeca de Fotos.photoslibrary/resources/derivatives/8/800F11FE-F10C-40A9-A634-819492C94044_1_105_c.jpeg"
    ],
    "ultima_modificacion": "2025-08-01 01:01:03.170585"
  },
  "8c9e138da65d4412b00c969b5dd503031105c.jpeg": {
    "app_sintetizada": "8C9E138DA65D4412B00C969B5DD503031105C.JPEG",
    "cantidad_archivos": 1,
    "archivos_fuente": [
      "Pictures/Fototeca de Fotos.photoslibrary/resources/derivatives/8/8C9E138D-A65D-4412-B00C-969B5DD50303_1_105_c.jpeg"
    ],
    "ultima_modificacion": "2025-08-01 01:01:03.170776"
  },
  "8de024eab9b74329b1cfe5cb218ca2c21105c.jpeg": {
    "app_sintetizada": "8DE024EAB9B74329B1CFE5CB218CA2C21105C.JPEG",
    "cantidad_archivos": 1,
    "archivos_fuente": [
      "Pictures/Fototeca de Fotos.photoslibrary/resources/derivatives/8/8DE024EA-B9B7-4329-B1CF-E5CB218CA2C2_1_105_c.jpeg"
    ],
    "ultima_modificacion": "2025-08-01 01:01:03.170965"
  },
  "84b2b76ca24c451598bc1c28733e65d81105c.jpeg": {
    "app_sintetizada": "84B2B76CA24C451598BC1C28733E65D81105C.JPEG",
    "cantidad_archivos": 1,
    "archivos_fuente": [
      "Pictures/Fototeca de Fotos.photoslibrary/resources/derivatives/8/84B2B76C-A24C-4515-98BC-1C28733E65D8_1_105_c.jpeg"
    ],
    "ultima_modificacion": "2025-08-01 01:01:03.171223"
  },
  "8b3071badb184cf6b4862a9f3de6136b1105c.jpeg": {
    "app_sintetizada": "8B3071BADB184CF6B4862A9F3DE6136B1105C.JPEG",
    "cantidad_archivos": 1,
    "archivos_fuente": [
      "Pictures/Fototeca de Fotos.photoslibrary/resources/derivatives/8/8B3071BA-DB18-4CF6-B486-2A9F3DE6136B_1_105_c.jpeg"
    ],
    "ultima_modificacion": "2025-08-01 01:01:03.171539"
  },
  "8eda42fdf89c4d78a9c6bf3c73ca6c241105c.jpeg": {
    "app_sintetizada": "8EDA42FDF89C4D78A9C6BF3C73CA6C241105C.JPEG",
    "cantidad_archivos": 1,
    "archivos_fuente": [
      "Pictures/Fototeca de Fotos.photoslibrary/resources/derivatives/8/8EDA42FD-F89C-4D78-A9C6-BF3C73CA6C24_1_105_c.jpeg"
    ],
    "ultima_modificacion": "2025-08-01 01:01:03.171783"
  },
  "891c2023c7fc43539db6fca93a1c739d1105c.jpeg": {
    "app_sintetizada": "891C2023C7FC43539DB6FCA93A1C739D1105C.JPEG",
    "cantidad_archivos": 1,
    "archivos_fuente": [
      "Pictures/Fototeca de Fotos.photoslibrary/resources/derivatives/8/891C2023-C7FC-4353-9DB6-FCA93A1C739D_1_105_c.jpeg"
    ],
    "ultima_modificacion": "2025-08-01 01:01:03.172112"
  },
  "8244c517df0b471ca03b3060b431b9451105c.jpeg": {
    "app_sintetizada": "8244C517DF0B471CA03B3060B431B9451105C.JPEG",
    "cantidad_archivos": 1,
    "archivos_fuente": [
      "Pictures/Fototeca de Fotos.photoslibrary/resources/derivatives/8/8244C517-DF0B-471C-A03B-3060B431B945_1_105_c.jpeg"
    ],
    "ultima_modificacion": "2025-08-01 01:01:03.172324"
  },
  "8dd30c8b7d5340fdb5a6ceec2989e0191105c.jpeg": {
    "app_sintetizada": "8DD30C8B7D5340FDB5A6CEEC2989E0191105C.JPEG",
    "cantidad_archivos": 1,
    "archivos_fuente": [
      "Pictures/Fototeca de Fotos.photoslibrary/resources/derivatives/8/8DD30C8B-7D53-40FD-B5A6-CEEC2989E019_1_105_c.jpeg"
    ],
    "ultima_modificacion": "2025-08-01 01:01:03.172519"
  },
  "89b127db9d6a4488a82771e251fd97741105c.jpeg": {
    "app_sintetizada": "89B127DB9D6A4488A82771E251FD97741105C.JPEG",
    "cantidad_archivos": 1,
    "archivos_fuente": [
      "Pictures/Fototeca de Fotos.photoslibrary/resources/derivatives/8/89B127DB-9D6A-4488-A827-71E251FD9774_1_105_c.jpeg"
    ],
    "ultima_modificacion": "2025-08-01 01:01:03.172709"
  },
  "83618f711ca54a9aaf6150d2dad920231105c.jpeg": {
    "app_sintetizada": "83618F711CA54A9AAF6150D2DAD920231105C.JPEG",
    "cantidad_archivos": 1,
    "archivos_fuente": [
      "Pictures/Fototeca de Fotos.photoslibrary/resources/derivatives/8/83618F71-1CA5-4A9A-AF61-50D2DAD92023_1_105_c.jpeg"
    ],
    "ultima_modificacion": "2025-08-01 01:01:03.172959"
  },
  "858662937af140a8aa3779d8642ba2d61105c.jpeg": {
    "app_sintetizada": "858662937AF140A8AA3779D8642BA2D61105C.JPEG",
    "cantidad_archivos": 1,
    "archivos_fuente": [
      "Pictures/Fototeca de Fotos.photoslibrary/resources/derivatives/8/85866293-7AF1-40A8-AA37-79D8642BA2D6_1_105_c.jpeg"
    ],
    "ultima_modificacion": "2025-08-01 01:01:03.173190"
  },
  "85c7d0235a1f42f19ad842cfc30327b31105c.jpeg": {
    "app_sintetizada": "85C7D0235A1F42F19AD842CFC30327B31105C.JPEG",
    "cantidad_archivos": 1,
    "archivos_fuente": [
      "Pictures/Fototeca de Fotos.photoslibrary/resources/derivatives/8/85C7D023-5A1F-42F1-9AD8-42CFC30327B3_1_105_c.jpeg"
    ],
    "ultima_modificacion": "2025-08-01 01:01:03.173461"
  },
  "8b8756e226624a56b35e05ef2087ddfc1105c.jpeg": {
    "app_sintetizada": "8B8756E226624A56B35E05EF2087DDFC1105C.JPEG",
    "cantidad_archivos": 1,
    "archivos_fuente": [
      "Pictures/Fototeca de Fotos.photoslibrary/resources/derivatives/8/8B8756E2-2662-4A56-B35E-05EF2087DDFC_1_105_c.jpeg"
    ],
    "ultima_modificacion": "2025-08-01 01:01:03.173663"
  },
  "8827beb9b80544689ff39d439123a4811105c.jpeg": {
    "app_sintetizada": "8827BEB9B80544689FF39D439123A4811105C.JPEG",
    "cantidad_archivos": 1,
    "archivos_fuente": [
      "Pictures/Fototeca de Fotos.photoslibrary/resources/derivatives/8/8827BEB9-B805-4468-9FF3-9D439123A481_1_105_c.jpeg"
    ],
    "ultima_modificacion": "2025-08-01 01:01:03.173852"
  },
  "84e836074fc0457db99aae07ce73970c1100o.jpeg": {
    "app_sintetizada": "84E836074FC0457DB99AAE07CE73970C1100O.JPEG",
    "cantidad_archivos": 1,
    "archivos_fuente": [
      "Pictures/Fototeca de Fotos.photoslibrary/resources/derivatives/8/84E83607-4FC0-457D-B99A-AE07CE73970C_1_100_o.jpeg"
    ],
    "ultima_modificacion": "2025-08-01 01:01:03.174028"
  },
  "86d793429581423995cafee5a36bc4bb1105c.jpeg": {
    "app_sintetizada": "86D793429581423995CAFEE5A36BC4BB1105C.JPEG",
    "cantidad_archivos": 1,
    "archivos_fuente": [
      "Pictures/Fototeca de Fotos.photoslibrary/resources/derivatives/8/86D79342-9581-4239-95CA-FEE5A36BC4BB_1_105_c.jpeg"
    ],
    "ultima_modificacion": "2025-08-01 01:01:03.174200"
  },
  "879a022b5c2d4909beb3d33506fee6a91105c.jpeg": {
    "app_sintetizada": "879A022B5C2D4909BEB3D33506FEE6A91105C.JPEG",
    "cantidad_archivos": 1,
    "archivos_fuente": [
      "Pictures/Fototeca de Fotos.photoslibrary/resources/derivatives/8/879A022B-5C2D-4909-BEB3-D33506FEE6A9_1_105_c.jpeg"
    ],
    "ultima_modificacion": "2025-08-01 01:01:03.174376"
  },
  "81efb293a4784f50bbc83de9d39b9fc51105c.jpeg": {
    "app_sintetizada": "81EFB293A4784F50BBC83DE9D39B9FC51105C.JPEG",
    "cantidad_archivos": 1,
    "archivos_fuente": [
      "Pictures/Fototeca de Fotos.photoslibrary/resources/derivatives/8/81EFB293-A478-4F50-BBC8-3DE9D39B9FC5_1_105_c.jpeg"
    ],
    "ultima_modificacion": "2025-08-01 01:01:03.174543"
  },
  "8443a65c26984654a145e0a3a84d480a1105c.jpeg": {
    "app_sintetizada": "8443A65C26984654A145E0A3A84D480A1105C.JPEG",
    "cantidad_archivos": 1,
    "archivos_fuente": [
      "Pictures/Fototeca de Fotos.photoslibrary/resources/derivatives/8/8443A65C-2698-4654-A145-E0A3A84D480A_1_105_c.jpeg"
    ],
    "ultima_modificacion": "2025-08-01 01:01:03.174711"
  },
  "8bd90790abbd4ecc9441228cba2339d31105c.jpeg": {
    "app_sintetizada": "8BD90790ABBD4ECC9441228CBA2339D31105C.JPEG",
    "cantidad_archivos": 1,
    "archivos_fuente": [
      "Pictures/Fototeca de Fotos.photoslibrary/resources/derivatives/8/8BD90790-ABBD-4ECC-9441-228CBA2339D3_1_105_c.jpeg"
    ],
    "ultima_modificacion": "2025-08-01 01:01:03.174897"
  },
  "8fb0ce15872a4db198cff0e99667e5261105c.jpeg": {
    "app_sintetizada": "8FB0CE15872A4DB198CFF0E99667E5261105C.JPEG",
    "cantidad_archivos": 1,
    "archivos_fuente": [
      "Pictures/Fototeca de Fotos.photoslibrary/resources/derivatives/8/8FB0CE15-872A-4DB1-98CF-F0E99667E526_1_105_c.jpeg"
    ],
    "ultima_modificacion": "2025-08-01 01:01:03.175068"
  },
  "8b55fcca9d4844a8a07a0b0df79349c51105c.jpeg": {
    "app_sintetizada": "8B55FCCA9D4844A8A07A0B0DF79349C51105C.JPEG",
    "cantidad_archivos": 1,
    "archivos_fuente": [
      "Pictures/Fototeca de Fotos.photoslibrary/resources/derivatives/8/8B55FCCA-9D48-44A8-A07A-0B0DF79349C5_1_105_c.jpeg"
    ],
    "ultima_modificacion": "2025-08-01 01:01:03.175269"
  },
  "87ed7619bb0a422fb4e4eeeb09edfb5b1105c.jpeg": {
    "app_sintetizada": "87ED7619BB0A422FB4E4EEEB09EDFB5B1105C.JPEG",
    "cantidad_archivos": 1,
    "archivos_fuente": [
      "Pictures/Fototeca de Fotos.photoslibrary/resources/derivatives/8/87ED7619-BB0A-422F-B4E4-EEEB09EDFB5B_1_105_c.jpeg"
    ],
    "ultima_modificacion": "2025-08-01 01:01:03.175568"
  },
  "8f14599bb5c546589829d673a5366a951105c.jpeg": {
    "app_sintetizada": "8F14599BB5C546589829D673A5366A951105C.JPEG",
    "cantidad_archivos": 1,
    "archivos_fuente": [
      "Pictures/Fototeca de Fotos.photoslibrary/resources/derivatives/8/8F14599B-B5C5-4658-9829-D673A5366A95_1_105_c.jpeg"
    ],
    "ultima_modificacion": "2025-08-01 01:01:03.175786"
  },
  "8b4b43221b0f460f905404f2c1e640581105c.jpeg": {
    "app_sintetizada": "8B4B43221B0F460F905404F2C1E640581105C.JPEG",
    "cantidad_archivos": 1,
    "archivos_fuente": [
      "Pictures/Fototeca de Fotos.photoslibrary/resources/derivatives/8/8B4B4322-1B0F-460F-9054-04F2C1E64058_1_105_c.jpeg"
    ],
    "ultima_modificacion": "2025-08-01 01:01:03.176015"
  },
  "8ac3fe1f2bbb48a892ceec8873f72cfc1105c.jpeg": {
    "app_sintetizada": "8AC3FE1F2BBB48A892CEEC8873F72CFC1105C.JPEG",
    "cantidad_archivos": 1,
    "archivos_fuente": [
      "Pictures/Fototeca de Fotos.photoslibrary/resources/derivatives/8/8AC3FE1F-2BBB-48A8-92CE-EC8873F72CFC_1_105_c.jpeg"
    ],
    "ultima_modificacion": "2025-08-01 01:01:03.176301"
  },
  "8bf66368633243d099abaf5e88a8b2af1105c.jpeg": {
    "app_sintetizada": "8BF66368633243D099ABAF5E88A8B2AF1105C.JPEG",
    "cantidad_archivos": 1,
    "archivos_fuente": [
      "Pictures/Fototeca de Fotos.photoslibrary/resources/derivatives/8/8BF66368-6332-43D0-99AB-AF5E88A8B2AF_1_105_c.jpeg"
    ],
    "ultima_modificacion": "2025-08-01 01:01:03.176571"
  },
  "8d05c5fcf57a4adba3e28f9debf71a111105c.jpeg": {
    "app_sintetizada": "8D05C5FCF57A4ADBA3E28F9DEBF71A111105C.JPEG",
    "cantidad_archivos": 1,
    "archivos_fuente": [
      "Pictures/Fototeca de Fotos.photoslibrary/resources/derivatives/8/8D05C5FC-F57A-4ADB-A3E2-8F9DEBF71A11_1_105_c.jpeg"
    ],
    "ultima_modificacion": "2025-08-01 01:01:03.176767"
  },
  "81f293c831a34e158414eaf43e952b7d.thm": {
    "app_sintetizada": "81F293C831A34E158414EAF43E952B7D.THM",
    "cantidad_archivos": 1,
    "archivos_fuente": [
      "Pictures/Fototeca de Fotos.photoslibrary/resources/derivatives/8/81F293C8-31A3-4E15-8414-EAF43E952B7D.THM"
    ],
    "ultima_modificacion": "2025-08-01 01:01:03.176960"
  },
  "8999462e3d9b49f799e9597ec05268b21105c.jpeg": {
    "app_sintetizada": "8999462E3D9B49F799E9597EC05268B21105C.JPEG",
    "cantidad_archivos": 1,
    "archivos_fuente": [
      "Pictures/Fototeca de Fotos.photoslibrary/resources/derivatives/8/8999462E-3D9B-49F7-99E9-597EC05268B2_1_105_c.jpeg"
    ],
    "ultima_modificacion": "2025-08-01 01:01:03.177142"
  },
  "8ed701d84ed1494bafd4a6c738a0dc69.thm": {
    "app_sintetizada": "8ED701D84ED1494BAFD4A6C738A0DC69.THM",
    "cantidad_archivos": 1,
    "archivos_fuente": [
      "Pictures/Fototeca de Fotos.photoslibrary/resources/derivatives/8/8ED701D8-4ED1-494B-AFD4-A6C738A0DC69.THM"
    ],
    "ultima_modificacion": "2025-08-01 01:01:03.177335"
  },
  "80c4faa0db8141d6a428d3ec786e11881105c.jpeg": {
    "app_sintetizada": "80C4FAA0DB8141D6A428D3EC786E11881105C.JPEG",
    "cantidad_archivos": 1,
    "archivos_fuente": [
      "Pictures/Fototeca de Fotos.photoslibrary/resources/derivatives/8/80C4FAA0-DB81-41D6-A428-D3EC786E1188_1_105_c.jpeg"
    ],
    "ultima_modificacion": "2025-08-01 01:01:03.177516"
  },
  "826364d3d0434a54bc647465f4cf23e21105c.jpeg": {
    "app_sintetizada": "826364D3D0434A54BC647465F4CF23E21105C.JPEG",
    "cantidad_archivos": 1,
    "archivos_fuente": [
      "Pictures/Fototeca de Fotos.photoslibrary/resources/derivatives/8/826364D3-D043-4A54-BC64-7465F4CF23E2_1_105_c.jpeg"
    ],
    "ultima_modificacion": "2025-08-01 01:01:03.177699"
  },
  "800f11fef10c40a9a634819492c94044.thm": {
    "app_sintetizada": "800F11FEF10C40A9A634819492C94044.THM",
    "cantidad_archivos": 1,
    "archivos_fuente": [
      "Pictures/Fototeca de Fotos.photoslibrary/resources/derivatives/8/800F11FE-F10C-40A9-A634-819492C94044.THM"
    ],
    "ultima_modificacion": "2025-08-01 01:01:03.177881"
  },
  "847b981a11a84966ae7c01e9efaadbc21105c.jpeg": {
    "app_sintetizada": "847B981A11A84966AE7C01E9EFAADBC21105C.JPEG",
    "cantidad_archivos": 1,
    "archivos_fuente": [
      "Pictures/Fototeca de Fotos.photoslibrary/resources/derivatives/8/847B981A-11A8-4966-AE7C-01E9EFAADBC2_1_105_c.jpeg"
    ],
    "ultima_modificacion": "2025-08-01 01:01:03.178148"
  },
  "83b7a410b74c4b34a2fc12d2c41a21d5.thm": {
    "app_sintetizada": "83B7A410B74C4B34A2FC12D2C41A21D5.THM",
    "cantidad_archivos": 1,
    "archivos_fuente": [
      "Pictures/Fototeca de Fotos.photoslibrary/resources/derivatives/8/83B7A410-B74C-4B34-A2FC-12D2C41A21D5.THM"
    ],
    "ultima_modificacion": "2025-08-01 01:01:03.178368"
  },
  "8d91babbd0aa4cf8b8d64bb5af5e9eeb1105c.jpeg": {
    "app_sintetizada": "8D91BABBD0AA4CF8B8D64BB5AF5E9EEB1105C.JPEG",
    "cantidad_archivos": 1,
    "archivos_fuente": [
      "Pictures/Fototeca de Fotos.photoslibrary/resources/derivatives/8/8D91BABB-D0AA-4CF8-B8D6-4BB5AF5E9EEB_1_105_c.jpeg"
    ],
    "ultima_modificacion": "2025-08-01 01:01:03.178579"
  },
  "8372778f467149af9fbab15d9d54405b1105c.jpeg": {
    "app_sintetizada": "8372778F467149AF9FBAB15D9D54405B1105C.JPEG",
    "cantidad_archivos": 1,
    "archivos_fuente": [
      "Pictures/Fototeca de Fotos.photoslibrary/resources/derivatives/8/8372778F-4671-49AF-9FBA-B15D9D54405B_1_105_c.jpeg"
    ],
    "ultima_modificacion": "2025-08-01 01:01:03.178872"
  },
  "80669172c6d24d9993c32399f975a0da1105c.jpeg": {
    "app_sintetizada": "80669172C6D24D9993C32399F975A0DA1105C.JPEG",
    "cantidad_archivos": 1,
    "archivos_fuente": [
      "Pictures/Fototeca de Fotos.photoslibrary/resources/derivatives/8/80669172-C6D2-4D99-93C3-2399F975A0DA_1_105_c.jpeg"
    ],
    "ultima_modificacion": "2025-08-01 01:01:03.179098"
  },
  "8317bbd41b51415fbf6031eabd64b43f.thm": {
    "app_sintetizada": "8317BBD41B51415FBF6031EABD64B43F.THM",
    "cantidad_archivos": 1,
    "archivos_fuente": [
      "Pictures/Fototeca de Fotos.photoslibrary/resources/derivatives/8/8317BBD4-1B51-415F-BF60-31EABD64B43F.THM"
    ],
    "ultima_modificacion": "2025-08-01 01:01:03.179275"
  },
  "8b2ef90b14234bcca8dd17c97c511fe9.thm": {
    "app_sintetizada": "8B2EF90B14234BCCA8DD17C97C511FE9.THM",
    "cantidad_archivos": 1,
    "archivos_fuente": [
      "Pictures/Fototeca de Fotos.photoslibrary/resources/derivatives/8/8B2EF90B-1423-4BCC-A8DD-17C97C511FE9.THM"
    ],
    "ultima_modificacion": "2025-08-01 01:01:03.179446"
  },
  "88e0fd97e8004b64b3f4375a4ea268111105c.jpeg": {
    "app_sintetizada": "88E0FD97E8004B64B3F4375A4EA268111105C.JPEG",
    "cantidad_archivos": 1,
    "archivos_fuente": [
      "Pictures/Fototeca de Fotos.photoslibrary/resources/derivatives/8/88E0FD97-E800-4B64-B3F4-375A4EA26811_1_105_c.jpeg"
    ],
    "ultima_modificacion": "2025-08-01 01:01:03.179613"
  },
  "894fc1357da6401686d7bfa83bc285871105c.jpeg": {
    "app_sintetizada": "894FC1357DA6401686D7BFA83BC285871105C.JPEG",
    "cantidad_archivos": 1,
    "archivos_fuente": [
      "Pictures/Fototeca de Fotos.photoslibrary/resources/derivatives/8/894FC135-7DA6-4016-86D7-BFA83BC28587_1_105_c.jpeg"
    ],
    "ultima_modificacion": "2025-08-01 01:01:03.179842"
  },
  "882505306fd24ac1858ed3a000b5be22.thm": {
    "app_sintetizada": "882505306FD24AC1858ED3A000B5BE22.THM",
    "cantidad_archivos": 1,
    "archivos_fuente": [
      "Pictures/Fototeca de Fotos.photoslibrary/resources/derivatives/8/88250530-6FD2-4AC1-858E-D3A000B5BE22.THM"
    ],
    "ultima_modificacion": "2025-08-01 01:01:03.180132"
  },
  "86e1cb81d954443780e6fd6e6c78e08f1105c.jpeg": {
    "app_sintetizada": "86E1CB81D954443780E6FD6E6C78E08F1105C.JPEG",
    "cantidad_archivos": 1,
    "archivos_fuente": [
      "Pictures/Fototeca de Fotos.photoslibrary/resources/derivatives/8/86E1CB81-D954-4437-80E6-FD6E6C78E08F_1_105_c.jpeg"
    ],
    "ultima_modificacion": "2025-08-01 01:01:03.180364"
  },
  "869517169cd649418061717e4be36c5e1105c.jpeg": {
    "app_sintetizada": "869517169CD649418061717E4BE36C5E1105C.JPEG",
    "cantidad_archivos": 1,
    "archivos_fuente": [
      "Pictures/Fototeca de Fotos.photoslibrary/resources/derivatives/8/86951716-9CD6-4941-8061-717E4BE36C5E_1_105_c.jpeg"
    ],
    "ultima_modificacion": "2025-08-01 01:01:03.180597"
  },
  "8372681ba72e42ccbef075abb9c62edd1105c.jpeg": {
    "app_sintetizada": "8372681BA72E42CCBEF075ABB9C62EDD1105C.JPEG",
    "cantidad_archivos": 1,
    "archivos_fuente": [
      "Pictures/Fototeca de Fotos.photoslibrary/resources/derivatives/8/8372681B-A72E-42CC-BEF0-75ABB9C62EDD_1_105_c.jpeg"
    ],
    "ultima_modificacion": "2025-08-01 01:01:03.180817"
  },
  "8f4fac26a12e45c2b2f5c8e85078d9ec1105c.jpeg": {
    "app_sintetizada": "8F4FAC26A12E45C2B2F5C8E85078D9EC1105C.JPEG",
    "cantidad_archivos": 1,
    "archivos_fuente": [
      "Pictures/Fototeca de Fotos.photoslibrary/resources/derivatives/8/8F4FAC26-A12E-45C2-B2F5-C8E85078D9EC_1_105_c.jpeg"
    ],
    "ultima_modificacion": "2025-08-01 01:01:03.181051"
  },
  "86c5cd041132428c9ed18ab9ae8163491105c.jpeg": {
    "app_sintetizada": "86C5CD041132428C9ED18AB9AE8163491105C.JPEG",
    "cantidad_archivos": 1,
    "archivos_fuente": [
      "Pictures/Fototeca de Fotos.photoslibrary/resources/derivatives/8/86C5CD04-1132-428C-9ED1-8AB9AE816349_1_105_c.jpeg"
    ],
    "ultima_modificacion": "2025-08-01 01:01:03.181334"
  },
  "85426032f32e4f3cb1c982c9c412052d1105c.jpeg": {
    "app_sintetizada": "85426032F32E4F3CB1C982C9C412052D1105C.JPEG",
    "cantidad_archivos": 1,
    "archivos_fuente": [
      "Pictures/Fototeca de Fotos.photoslibrary/resources/derivatives/8/85426032-F32E-4F3C-B1C9-82C9C412052D_1_105_c.jpeg"
    ],
    "ultima_modificacion": "2025-08-01 01:01:03.181543"
  },
  "803ed11fcaca40c7b48605af150b2eeb1105c.jpeg": {
    "app_sintetizada": "803ED11FCACA40C7B48605AF150B2EEB1105C.JPEG",
    "cantidad_archivos": 1,
    "archivos_fuente": [
      "Pictures/Fototeca de Fotos.photoslibrary/resources/derivatives/8/803ED11F-CACA-40C7-B486-05AF150B2EEB_1_105_c.jpeg"
    ],
    "ultima_modificacion": "2025-08-01 01:01:03.181725"
  },
  "84c84b21b9cc404eafb8d130515ee7c11105c.jpeg": {
    "app_sintetizada": "84C84B21B9CC404EAFB8D130515EE7C11105C.JPEG",
    "cantidad_archivos": 1,
    "archivos_fuente": [
      "Pictures/Fototeca de Fotos.photoslibrary/resources/derivatives/8/84C84B21-B9CC-404E-AFB8-D130515EE7C1_1_105_c.jpeg"
    ],
    "ultima_modificacion": "2025-08-01 01:01:03.181900"
  },
  "8d3c6451e7b44612a595feba7965472c1105c.jpeg": {
    "app_sintetizada": "8D3C6451E7B44612A595FEBA7965472C1105C.JPEG",
    "cantidad_archivos": 1,
    "archivos_fuente": [
      "Pictures/Fototeca de Fotos.photoslibrary/resources/derivatives/8/8D3C6451-E7B4-4612-A595-FEBA7965472C_1_105_c.jpeg"
    ],
    "ultima_modificacion": "2025-08-01 01:01:03.182091"
  },
  "8051aca4ca6e48609b8870962096f88a1105c.jpeg": {
    "app_sintetizada": "8051ACA4CA6E48609B8870962096F88A1105C.JPEG",
    "cantidad_archivos": 1,
    "archivos_fuente": [
      "Pictures/Fototeca de Fotos.photoslibrary/resources/derivatives/8/8051ACA4-CA6E-4860-9B88-70962096F88A_1_105_c.jpeg"
    ],
    "ultima_modificacion": "2025-08-01 01:01:03.182381"
  },
  "863957d08c7c4c41a9f66ae305c4db211105c.jpeg": {
    "app_sintetizada": "863957D08C7C4C41A9F66AE305C4DB211105C.JPEG",
    "cantidad_archivos": 1,
    "archivos_fuente": [
      "Pictures/Fototeca de Fotos.photoslibrary/resources/derivatives/8/863957D0-8C7C-4C41-A9F6-6AE305C4DB21_1_105_c.jpeg"
    ],
    "ultima_modificacion": "2025-08-01 01:01:03.182584"
  },
  "80c4faa0db8141d6a428d3ec786e1188.thm": {
    "app_sintetizada": "80C4FAA0DB8141D6A428D3EC786E1188.THM",
    "cantidad_archivos": 1,
    "archivos_fuente": [
      "Pictures/Fototeca de Fotos.photoslibrary/resources/derivatives/8/80C4FAA0-DB81-41D6-A428-D3EC786E1188.THM"
    ],
    "ultima_modificacion": "2025-08-01 01:01:03.182789"
  },
  "862b2a48419747c18b19b4465db1e8aa1105c.jpeg": {
    "app_sintetizada": "862B2A48419747C18B19B4465DB1E8AA1105C.JPEG",
    "cantidad_archivos": 1,
    "archivos_fuente": [
      "Pictures/Fototeca de Fotos.photoslibrary/resources/derivatives/8/862B2A48-4197-47C1-8B19-B4465DB1E8AA_1_105_c.jpeg"
    ],
    "ultima_modificacion": "2025-08-01 01:01:03.183013"
  },
  "850d350e65a2475ca96e572184d632e81105c.jpeg": {
    "app_sintetizada": "850D350E65A2475CA96E572184D632E81105C.JPEG",
    "cantidad_archivos": 1,
    "archivos_fuente": [
      "Pictures/Fototeca de Fotos.photoslibrary/resources/derivatives/8/850D350E-65A2-475C-A96E-572184D632E8_1_105_c.jpeg"
    ],
    "ultima_modificacion": "2025-08-01 01:01:03.183195"
  },
  "81384b99ae584213a9522cef626665651105c.jpeg": {
    "app_sintetizada": "81384B99AE584213A9522CEF626665651105C.JPEG",
    "cantidad_archivos": 1,
    "archivos_fuente": [
      "Pictures/Fototeca de Fotos.photoslibrary/resources/derivatives/8/81384B99-AE58-4213-A952-2CEF62666565_1_105_c.jpeg"
    ],
    "ultima_modificacion": "2025-08-01 01:01:03.183379"
  },
  "89e5d4959d7047658264c6b174c982231105c.jpeg": {
    "app_sintetizada": "89E5D4959D7047658264C6B174C982231105C.JPEG",
    "cantidad_archivos": 1,
    "archivos_fuente": [
      "Pictures/Fototeca de Fotos.photoslibrary/resources/derivatives/8/89E5D495-9D70-4765-8264-C6B174C98223_1_105_c.jpeg"
    ],
    "ultima_modificacion": "2025-08-01 01:01:03.183668"
  },
  "893f0d8f8a8c4cb8bd10cceb97b23bec1105c.jpeg": {
    "app_sintetizada": "893F0D8F8A8C4CB8BD10CCEB97B23BEC1105C.JPEG",
    "cantidad_archivos": 1,
    "archivos_fuente": [
      "Pictures/Fototeca de Fotos.photoslibrary/resources/derivatives/8/893F0D8F-8A8C-4CB8-BD10-CCEB97B23BEC_1_105_c.jpeg"
    ],
    "ultima_modificacion": "2025-08-01 01:01:03.183925"
  },
  "845d056b4d4145a486be09916eba58741105c.jpeg": {
    "app_sintetizada": "845D056B4D4145A486BE09916EBA58741105C.JPEG",
    "cantidad_archivos": 1,
    "archivos_fuente": [
      "Pictures/Fototeca de Fotos.photoslibrary/resources/derivatives/8/845D056B-4D41-45A4-86BE-09916EBA5874_1_105_c.jpeg"
    ],
    "ultima_modificacion": "2025-08-01 01:01:03.184102"
  },
  "888d0381f47148408d224fec22985a7c1105c.jpeg": {
    "app_sintetizada": "888D0381F47148408D224FEC22985A7C1105C.JPEG",
    "cantidad_archivos": 1,
    "archivos_fuente": [
      "Pictures/Fototeca de Fotos.photoslibrary/resources/derivatives/8/888D0381-F471-4840-8D22-4FEC22985A7C_1_105_c.jpeg"
    ],
    "ultima_modificacion": "2025-08-01 01:01:03.184290"
  },
  "8853d480d4654aeba0cb8dad2ae94f101105c.jpeg": {
    "app_sintetizada": "8853D480D4654AEBA0CB8DAD2AE94F101105C.JPEG",
    "cantidad_archivos": 1,
    "archivos_fuente": [
      "Pictures/Fototeca de Fotos.photoslibrary/resources/derivatives/8/8853D480-D465-4AEB-A0CB-8DAD2AE94F10_1_105_c.jpeg"
    ],
    "ultima_modificacion": "2025-08-01 01:01:03.184502"
  },
  "85e46aac19904fcb8a5ba6bc81b0cd441105c.jpeg": {
    "app_sintetizada": "85E46AAC19904FCB8A5BA6BC81B0CD441105C.JPEG",
    "cantidad_archivos": 1,
    "archivos_fuente": [
      "Pictures/Fototeca de Fotos.photoslibrary/resources/derivatives/8/85E46AAC-1990-4FCB-8A5B-A6BC81B0CD44_1_105_c.jpeg"
    ],
    "ultima_modificacion": "2025-08-01 01:01:03.184685"
  },
  "87e5359a107542dc8b7777469352e21c1102o.jpeg": {
    "app_sintetizada": "87E5359A107542DC8B7777469352E21C1102O.JPEG",
    "cantidad_archivos": 1,
    "archivos_fuente": [
      "Pictures/Fototeca de Fotos.photoslibrary/resources/derivatives/8/87E5359A-1075-42DC-8B77-77469352E21C_1_102_o.jpeg"
    ],
    "ultima_modificacion": "2025-08-01 01:01:03.184871"
  },
  "8a5bde70d3b84fb49a00956a34035f451105c.jpeg": {
    "app_sintetizada": "8A5BDE70D3B84FB49A00956A34035F451105C.JPEG",
    "cantidad_archivos": 1,
    "archivos_fuente": [
      "Pictures/Fototeca de Fotos.photoslibrary/resources/derivatives/8/8A5BDE70-D3B8-4FB4-9A00-956A34035F45_1_105_c.jpeg"
    ],
    "ultima_modificacion": "2025-08-01 01:01:03.185051"
  },
  "810874fcd6de4b1ebbc5ad2ed636a51e1105c.jpeg": {
    "app_sintetizada": "810874FCD6DE4B1EBBC5AD2ED636A51E1105C.JPEG",
    "cantidad_archivos": 1,
    "archivos_fuente": [
      "Pictures/Fototeca de Fotos.photoslibrary/resources/derivatives/8/810874FC-D6DE-4B1E-BBC5-AD2ED636A51E_1_105_c.jpeg"
    ],
    "ultima_modificacion": "2025-08-01 01:01:03.185220"
  },
  "8b892e6e51404092b739700b44eac64a1105c.jpeg": {
    "app_sintetizada": "8B892E6E51404092B739700B44EAC64A1105C.JPEG",
    "cantidad_archivos": 1,
    "archivos_fuente": [
      "Pictures/Fototeca de Fotos.photoslibrary/resources/derivatives/8/8B892E6E-5140-4092-B739-700B44EAC64A_1_105_c.jpeg"
    ],
    "ultima_modificacion": "2025-08-01 01:01:03.185395"
  },
  "8c64b639eb6645c2884b7f6fd49434841105c.jpeg": {
    "app_sintetizada": "8C64B639EB6645C2884B7F6FD49434841105C.JPEG",
    "cantidad_archivos": 1,
    "archivos_fuente": [
      "Pictures/Fototeca de Fotos.photoslibrary/resources/derivatives/8/8C64B639-EB66-45C2-884B-7F6FD4943484_1_105_c.jpeg"
    ],
    "ultima_modificacion": "2025-08-01 01:01:03.185564"
  },
  "844322c826db417b8c81fda9043f1cb21105c.jpeg": {
    "app_sintetizada": "844322C826DB417B8C81FDA9043F1CB21105C.JPEG",
    "cantidad_archivos": 1,
    "archivos_fuente": [
      "Pictures/Fototeca de Fotos.photoslibrary/resources/derivatives/8/844322C8-26DB-417B-8C81-FDA9043F1CB2_1_105_c.jpeg"
    ],
    "ultima_modificacion": "2025-08-01 01:01:03.185782"
  },
  "8342111ead02417e94b00594f07e013f1105c.jpeg": {
    "app_sintetizada": "8342111EAD02417E94B00594F07E013F1105C.JPEG",
    "cantidad_archivos": 1,
    "archivos_fuente": [
      "Pictures/Fototeca de Fotos.photoslibrary/resources/derivatives/8/8342111E-AD02-417E-94B0-0594F07E013F_1_105_c.jpeg"
    ],
    "ultima_modificacion": "2025-08-01 01:01:03.186032"
  },
  "88d12fc50fef47949c4ba5219f62096d1105c.jpeg": {
    "app_sintetizada": "88D12FC50FEF47949C4BA5219F62096D1105C.JPEG",
    "cantidad_archivos": 1,
    "archivos_fuente": [
      "Pictures/Fototeca de Fotos.photoslibrary/resources/derivatives/8/88D12FC5-0FEF-4794-9C4B-A5219F62096D_1_105_c.jpeg"
    ],
    "ultima_modificacion": "2025-08-01 01:01:03.186289"
  },
  "8e359b93b8024f5a9d117959f282cd271105c.jpeg": {
    "app_sintetizada": "8E359B93B8024F5A9D117959F282CD271105C.JPEG",
    "cantidad_archivos": 1,
    "archivos_fuente": [
      "Pictures/Fototeca de Fotos.photoslibrary/resources/derivatives/8/8E359B93-B802-4F5A-9D11-7959F282CD27_1_105_c.jpeg"
    ],
    "ultima_modificacion": "2025-08-01 01:01:03.186552"
  },
  "807b7eb4e32b4c52bf64c1a4f74a30b31105c.jpeg": {
    "app_sintetizada": "807B7EB4E32B4C52BF64C1A4F74A30B31105C.JPEG",
    "cantidad_archivos": 1,
    "archivos_fuente": [
      "Pictures/Fototeca de Fotos.photoslibrary/resources/derivatives/8/807B7EB4-E32B-4C52-BF64-C1A4F74A30B3_1_105_c.jpeg"
    ],
    "ultima_modificacion": "2025-08-01 01:01:03.186815"
  },
  "8dc60db0b8ef413591e6a56afd28858b1105c.jpeg": {
    "app_sintetizada": "8DC60DB0B8EF413591E6A56AFD28858B1105C.JPEG",
    "cantidad_archivos": 1,
    "archivos_fuente": [
      "Pictures/Fototeca de Fotos.photoslibrary/resources/derivatives/8/8DC60DB0-B8EF-4135-91E6-A56AFD28858B_1_105_c.jpeg"
    ],
    "ultima_modificacion": "2025-08-01 01:01:03.187134"
  },
  "80e44ebd642247ec8a24c50f77f9e85a1105c.jpeg": {
    "app_sintetizada": "80E44EBD642247EC8A24C50F77F9E85A1105C.JPEG",
    "cantidad_archivos": 1,
    "archivos_fuente": [
      "Pictures/Fototeca de Fotos.photoslibrary/resources/derivatives/8/80E44EBD-6422-47EC-8A24-C50F77F9E85A_1_105_c.jpeg"
    ],
    "ultima_modificacion": "2025-08-01 01:01:03.187417"
  },
  "8e479f3cd17a4cada8cecfe4bfa86a0b1105c.jpeg": {
    "app_sintetizada": "8E479F3CD17A4CADA8CECFE4BFA86A0B1105C.JPEG",
    "cantidad_archivos": 1,
    "archivos_fuente": [
      "Pictures/Fototeca de Fotos.photoslibrary/resources/derivatives/8/8E479F3C-D17A-4CAD-A8CE-CFE4BFA86A0B_1_105_c.jpeg"
    ],
    "ultima_modificacion": "2025-08-01 01:01:03.187694"
  },
  "86fe61f9660049bcb7561cd1e50974bc1105c.jpeg": {
    "app_sintetizada": "86FE61F9660049BCB7561CD1E50974BC1105C.JPEG",
    "cantidad_archivos": 1,
    "archivos_fuente": [
      "Pictures/Fototeca de Fotos.photoslibrary/resources/derivatives/8/86FE61F9-6600-49BC-B756-1CD1E50974BC_1_105_c.jpeg"
    ],
    "ultima_modificacion": "2025-08-01 01:01:03.187958"
  },
  "8ac283c3e9b34b1993b40a816ae820761105c.jpeg": {
    "app_sintetizada": "8AC283C3E9B34B1993B40A816AE820761105C.JPEG",
    "cantidad_archivos": 1,
    "archivos_fuente": [
      "Pictures/Fototeca de Fotos.photoslibrary/resources/derivatives/8/8AC283C3-E9B3-4B19-93B4-0A816AE82076_1_105_c.jpeg"
    ],
    "ultima_modificacion": "2025-08-01 01:01:03.188211"
  },
  "82645339124b424bac8b1543be3e3b401105c.jpeg": {
    "app_sintetizada": "82645339124B424BAC8B1543BE3E3B401105C.JPEG",
    "cantidad_archivos": 1,
    "archivos_fuente": [
      "Pictures/Fototeca de Fotos.photoslibrary/resources/derivatives/8/82645339-124B-424B-AC8B-1543BE3E3B40_1_105_c.jpeg"
    ],
    "ultima_modificacion": "2025-08-01 01:01:03.188475"
  },
  "8aed690eccfd40a2821bfbd8c0cc4b641105c.jpeg": {
    "app_sintetizada": "8AED690ECCFD40A2821BFBD8C0CC4B641105C.JPEG",
    "cantidad_archivos": 1,
    "archivos_fuente": [
      "Pictures/Fototeca de Fotos.photoslibrary/resources/derivatives/8/8AED690E-CCFD-40A2-821B-FBD8C0CC4B64_1_105_c.jpeg"
    ],
    "ultima_modificacion": "2025-08-01 01:01:03.188736"
  },
  "8d539b32f9cd4fcc8dc9057d60559f2f1105c.jpeg": {
    "app_sintetizada": "8D539B32F9CD4FCC8DC9057D60559F2F1105C.JPEG",
    "cantidad_archivos": 1,
    "archivos_fuente": [
      "Pictures/Fototeca de Fotos.photoslibrary/resources/derivatives/8/8D539B32-F9CD-4FCC-8DC9-057D60559F2F_1_105_c.jpeg"
    ],
    "ultima_modificacion": "2025-08-01 01:01:03.188976"
  },
  "829b801fe85444ae8eacaa13f285f41a1105c.jpeg": {
    "app_sintetizada": "829B801FE85444AE8EACAA13F285F41A1105C.JPEG",
    "cantidad_archivos": 1,
    "archivos_fuente": [
      "Pictures/Fototeca de Fotos.photoslibrary/resources/derivatives/8/829B801F-E854-44AE-8EAC-AA13F285F41A_1_105_c.jpeg"
    ],
    "ultima_modificacion": "2025-08-01 01:01:03.189209"
  },
  "8b867b12107b447dbc12d8ccfc84ed231105c.jpeg": {
    "app_sintetizada": "8B867B12107B447DBC12D8CCFC84ED231105C.JPEG",
    "cantidad_archivos": 1,
    "archivos_fuente": [
      "Pictures/Fototeca de Fotos.photoslibrary/resources/derivatives/8/8B867B12-107B-447D-BC12-D8CCFC84ED23_1_105_c.jpeg"
    ],
    "ultima_modificacion": "2025-08-01 01:01:03.189460"
  },
  "88de6fefae984be3a39d67f6c257b5761105c.jpeg": {
    "app_sintetizada": "88DE6FEFAE984BE3A39D67F6C257B5761105C.JPEG",
    "cantidad_archivos": 1,
    "archivos_fuente": [
      "Pictures/Fototeca de Fotos.photoslibrary/resources/derivatives/8/88DE6FEF-AE98-4BE3-A39D-67F6C257B576_1_105_c.jpeg"
    ],
    "ultima_modificacion": "2025-08-01 01:01:03.189711"
  },
  "81d0aef66d2c41bcbc6f14ab03c3e1841105c.jpeg": {
    "app_sintetizada": "81D0AEF66D2C41BCBC6F14AB03C3E1841105C.JPEG",
    "cantidad_archivos": 1,
    "archivos_fuente": [
      "Pictures/Fototeca de Fotos.photoslibrary/resources/derivatives/8/81D0AEF6-6D2C-41BC-BC6F-14AB03C3E184_1_105_c.jpeg"
    ],
    "ultima_modificacion": "2025-08-01 01:01:03.189979"
  },
  "8e225930ffc141b59e273d88e8d5d6161105c.jpeg": {
    "app_sintetizada": "8E225930FFC141B59E273D88E8D5D6161105C.JPEG",
    "cantidad_archivos": 1,
    "archivos_fuente": [
      "Pictures/Fototeca de Fotos.photoslibrary/resources/derivatives/8/8E225930-FFC1-41B5-9E27-3D88E8D5D616_1_105_c.jpeg"
    ],
    "ultima_modificacion": "2025-08-01 01:01:03.190278"
  },
  "851a9541c89c49dca8d6d12acd8839591105c.jpeg": {
    "app_sintetizada": "851A9541C89C49DCA8D6D12ACD8839591105C.JPEG",
    "cantidad_archivos": 1,
    "archivos_fuente": [
      "Pictures/Fototeca de Fotos.photoslibrary/resources/derivatives/8/851A9541-C89C-49DC-A8D6-D12ACD883959_1_105_c.jpeg"
    ],
    "ultima_modificacion": "2025-08-01 01:01:03.190538"
  },
  "8a637ed43fa74b89bb0fdf1550d448101105c.jpeg": {
    "app_sintetizada": "8A637ED43FA74B89BB0FDF1550D448101105C.JPEG",
    "cantidad_archivos": 1,
    "archivos_fuente": [
      "Pictures/Fototeca de Fotos.photoslibrary/resources/derivatives/8/8A637ED4-3FA7-4B89-BB0F-DF1550D44810_1_105_c.jpeg"
    ],
    "ultima_modificacion": "2025-08-01 01:01:03.190799"
  },
  "8a2115ca033f4c4093a7fe5b39e1c1621105c.jpeg": {
    "app_sintetizada": "8A2115CA033F4C4093A7FE5B39E1C1621105C.JPEG",
    "cantidad_archivos": 1,
    "archivos_fuente": [
      "Pictures/Fototeca de Fotos.photoslibrary/resources/derivatives/8/8A2115CA-033F-4C40-93A7-FE5B39E1C162_1_105_c.jpeg"
    ],
    "ultima_modificacion": "2025-08-01 01:01:03.191092"
  },
  "8215a30dd86d4109807dcccdda4f0bfa1105c.jpeg": {
    "app_sintetizada": "8215A30DD86D4109807DCCCDDA4F0BFA1105C.JPEG",
    "cantidad_archivos": 1,
    "archivos_fuente": [
      "Pictures/Fototeca de Fotos.photoslibrary/resources/derivatives/8/8215A30D-D86D-4109-807D-CCCDDA4F0BFA_1_105_c.jpeg"
    ],
    "ultima_modificacion": "2025-08-01 01:01:03.191355"
  },
  "8bc839ff730c49208086c629d3a5d2c11105c.jpeg": {
    "app_sintetizada": "8BC839FF730C49208086C629D3A5D2C11105C.JPEG",
    "cantidad_archivos": 1,
    "archivos_fuente": [
      "Pictures/Fototeca de Fotos.photoslibrary/resources/derivatives/8/8BC839FF-730C-4920-8086-C629D3A5D2C1_1_105_c.jpeg"
    ],
    "ultima_modificacion": "2025-08-01 01:01:03.191605"
  },
  "84396effa9354eb6a6149b528a04093f1105c.jpeg": {
    "app_sintetizada": "84396EFFA9354EB6A6149B528A04093F1105C.JPEG",
    "cantidad_archivos": 1,
    "archivos_fuente": [
      "Pictures/Fototeca de Fotos.photoslibrary/resources/derivatives/8/84396EFF-A935-4EB6-A614-9B528A04093F_1_105_c.jpeg"
    ],
    "ultima_modificacion": "2025-08-01 01:01:03.191876"
  },
  "86d7d51e071b48b8ba97938b15b52eb31105c.jpeg": {
    "app_sintetizada": "86D7D51E071B48B8BA97938B15B52EB31105C.JPEG",
    "cantidad_archivos": 1,
    "archivos_fuente": [
      "Pictures/Fototeca de Fotos.photoslibrary/resources/derivatives/8/86D7D51E-071B-48B8-BA97-938B15B52EB3_1_105_c.jpeg"
    ],
    "ultima_modificacion": "2025-08-01 01:01:03.192188"
  },
  "8aa4a81ade114f2f89de40e92f2c81351105c.jpeg": {
    "app_sintetizada": "8AA4A81ADE114F2F89DE40E92F2C81351105C.JPEG",
    "cantidad_archivos": 1,
    "archivos_fuente": [
      "Pictures/Fototeca de Fotos.photoslibrary/resources/derivatives/8/8AA4A81A-DE11-4F2F-89DE-40E92F2C8135_1_105_c.jpeg"
    ],
    "ultima_modificacion": "2025-08-01 01:01:03.192463"
  },
  "810bb3b7a79f468fb97e3dc0c5500d301105c.jpeg": {
    "app_sintetizada": "810BB3B7A79F468FB97E3DC0C5500D301105C.JPEG",
    "cantidad_archivos": 1,
    "archivos_fuente": [
      "Pictures/Fototeca de Fotos.photoslibrary/resources/derivatives/8/810BB3B7-A79F-468F-B97E-3DC0C5500D30_1_105_c.jpeg"
    ],
    "ultima_modificacion": "2025-08-01 01:01:03.192789"
  },
  "839f4a6d0a6d424f9b8ca557e4f1cda91105c.jpeg": {
    "app_sintetizada": "839F4A6D0A6D424F9B8CA557E4F1CDA91105C.JPEG",
    "cantidad_archivos": 1,
    "archivos_fuente": [
      "Pictures/Fototeca de Fotos.photoslibrary/resources/derivatives/8/839F4A6D-0A6D-424F-9B8C-A557E4F1CDA9_1_105_c.jpeg"
    ],
    "ultima_modificacion": "2025-08-01 01:01:03.193238"
  }
}