{
  "9c2cf275f8344c199ada310e7d064ca745005c.jpeg": {
    "app_sintetizada": "9C2CF275F8344C199ADA310E7D064CA745005C.JPEG",
    "cantidad_archivos": 1,
    "archivos_fuente": [
      "Pictures/Fototeca de Fotos.photoslibrary/resources/derivatives/masters/9/9C2CF275-F834-4C19-9ADA-310E7D064CA7_4_5005_c.jpeg"
    ],
    "ultima_modificacion": "2025-08-01 01:01:05.376074"
  },
  "9ee66c27f14e4a6fa200adfd733b239c45005c.jpeg": {
    "app_sintetizada": "9EE66C27F14E4A6FA200ADFD733B239C45005C.JPEG",
    "cantidad_archivos": 1,
    "archivos_fuente": [
      "Pictures/Fototeca de Fotos.photoslibrary/resources/derivatives/masters/9/9EE66C27-F14E-4A6F-A200-ADFD733B239C_4_5005_c.jpeg"
    ],
    "ultima_modificacion": "2025-08-01 01:01:05.376379"
  },
  "99f70c930f4f45039ea2aacab75db57145005c.jpeg": {
    "app_sintetizada": "99F70C930F4F45039EA2AACAB75DB57145005C.JPEG",
    "cantidad_archivos": 1,
    "archivos_fuente": [
      "Pictures/Fototeca de Fotos.photoslibrary/resources/derivatives/masters/9/99F70C93-0F4F-4503-9EA2-AACAB75DB571_4_5005_c.jpeg"
    ],
    "ultima_modificacion": "2025-08-01 01:01:05.377516"
  },
  "96a7ae534b644ad991ae44c2da27399945005c.jpeg": {
    "app_sintetizada": "96A7AE534B644AD991AE44C2DA27399945005C.JPEG",
    "cantidad_archivos": 1,
    "archivos_fuente": [
      "Pictures/Fototeca de Fotos.photoslibrary/resources/derivatives/masters/9/96A7AE53-4B64-4AD9-91AE-44C2DA273999_4_5005_c.jpeg"
    ],
    "ultima_modificacion": "2025-08-01 01:01:05.380073"
  },
  "9d0e06a0f2464ab6af80a4cbfb21efca45005c.jpeg": {
    "app_sintetizada": "9D0E06A0F2464AB6AF80A4CBFB21EFCA45005C.JPEG",
    "cantidad_archivos": 1,
    "archivos_fuente": [
      "Pictures/Fototeca de Fotos.photoslibrary/resources/derivatives/masters/9/9D0E06A0-F246-4AB6-AF80-A4CBFB21EFCA_4_5005_c.jpeg"
    ],
    "ultima_modificacion": "2025-08-01 01:01:05.380775"
  },
  "91be73e92d4c494992df39112935fb4b45005c.jpeg": {
    "app_sintetizada": "91BE73E92D4C494992DF39112935FB4B45005C.JPEG",
    "cantidad_archivos": 1,
    "archivos_fuente": [
      "Pictures/Fototeca de Fotos.photoslibrary/resources/derivatives/masters/9/91BE73E9-2D4C-4949-92DF-39112935FB4B_4_5005_c.jpeg"
    ],
    "ultima_modificacion": "2025-08-01 01:01:05.381311"
  },
  "9836344152d845c3a8f4e3bda74a0ea745005c.jpeg": {
    "app_sintetizada": "9836344152D845C3A8F4E3BDA74A0EA745005C.JPEG",
    "cantidad_archivos": 1,
    "archivos_fuente": [
      "Pictures/Fototeca de Fotos.photoslibrary/resources/derivatives/masters/9/98363441-52D8-45C3-A8F4-E3BDA74A0EA7_4_5005_c.jpeg"
    ],
    "ultima_modificacion": "2025-08-01 01:01:05.382000"
  },
  "96562ef110734172a96531485da64f5445005c.jpeg": {
    "app_sintetizada": "96562EF110734172A96531485DA64F5445005C.JPEG",
    "cantidad_archivos": 1,
    "archivos_fuente": [
      "Pictures/Fototeca de Fotos.photoslibrary/resources/derivatives/masters/9/96562EF1-1073-4172-A965-31485DA64F54_4_5005_c.jpeg"
    ],
    "ultima_modificacion": "2025-08-01 01:01:05.382366"
  },
  "92b90f5678ed41cab2a5c45684e755e145005c.jpeg": {
    "app_sintetizada": "92B90F5678ED41CAB2A5C45684E755E145005C.JPEG",
    "cantidad_archivos": 1,
    "archivos_fuente": [
      "Pictures/Fototeca de Fotos.photoslibrary/resources/derivatives/masters/9/92B90F56-78ED-41CA-B2A5-C45684E755E1_4_5005_c.jpeg"
    ],
    "ultima_modificacion": "2025-08-01 01:01:05.382691"
  },
  "93befca15dc5473a98b362e5c33f631a45005c.jpeg": {
    "app_sintetizada": "93BEFCA15DC5473A98B362E5C33F631A45005C.JPEG",
    "cantidad_archivos": 1,
    "archivos_fuente": [
      "Pictures/Fototeca de Fotos.photoslibrary/resources/derivatives/masters/9/93BEFCA1-5DC5-473A-98B3-62E5C33F631A_4_5005_c.jpeg"
    ],
    "ultima_modificacion": "2025-08-01 01:01:05.382985"
  },
  "9c2a16976fb941eb8faaaf18cfd0294345005c.jpeg": {
    "app_sintetizada": "9C2A16976FB941EB8FAAAF18CFD0294345005C.JPEG",
    "cantidad_archivos": 1,
    "archivos_fuente": [
      "Pictures/Fototeca de Fotos.photoslibrary/resources/derivatives/masters/9/9C2A1697-6FB9-41EB-8FAA-AF18CFD02943_4_5005_c.jpeg"
    ],
    "ultima_modificacion": "2025-08-01 01:01:05.383272"
  },
  "9b193385113240148e0a0c1c1033cdc945005c.jpeg": {
    "app_sintetizada": "9B193385113240148E0A0C1C1033CDC945005C.JPEG",
    "cantidad_archivos": 1,
    "archivos_fuente": [
      "Pictures/Fototeca de Fotos.photoslibrary/resources/derivatives/masters/9/9B193385-1132-4014-8E0A-0C1C1033CDC9_4_5005_c.jpeg"
    ],
    "ultima_modificacion": "2025-08-01 01:01:05.383560"
  },
  "91d1487d950b45bc8b3f5b8f0d309e3345005c.jpeg": {
    "app_sintetizada": "91D1487D950B45BC8B3F5B8F0D309E3345005C.JPEG",
    "cantidad_archivos": 1,
    "archivos_fuente": [
      "Pictures/Fototeca de Fotos.photoslibrary/resources/derivatives/masters/9/91D1487D-950B-45BC-8B3F-5B8F0D309E33_4_5005_c.jpeg"
    ],
    "ultima_modificacion": "2025-08-01 01:01:05.383850"
  },
  "974210bc60364710b2968a002f369aed45005c.jpeg": {
    "app_sintetizada": "974210BC60364710B2968A002F369AED45005C.JPEG",
    "cantidad_archivos": 1,
    "archivos_fuente": [
      "Pictures/Fototeca de Fotos.photoslibrary/resources/derivatives/masters/9/974210BC-6036-4710-B296-8A002F369AED_4_5005_c.jpeg"
    ],
    "ultima_modificacion": "2025-08-01 01:01:05.384177"
  },
  "9e380d17d2ea427390b661d7b465799745005c.jpeg": {
    "app_sintetizada": "9E380D17D2EA427390B661D7B465799745005C.JPEG",
    "cantidad_archivos": 1,
    "archivos_fuente": [
      "Pictures/Fototeca de Fotos.photoslibrary/resources/derivatives/masters/9/9E380D17-D2EA-4273-90B6-61D7B4657997_4_5005_c.jpeg"
    ],
    "ultima_modificacion": "2025-08-01 01:01:05.384523"
  },
  "9ecfdf84e98c48cb991faee905f6fb5545005c.jpeg": {
    "app_sintetizada": "9ECFDF84E98C48CB991FAEE905F6FB5545005C.JPEG",
    "cantidad_archivos": 1,
    "archivos_fuente": [
      "Pictures/Fototeca de Fotos.photoslibrary/resources/derivatives/masters/9/9ECFDF84-E98C-48CB-991F-AEE905F6FB55_4_5005_c.jpeg"
    ],
    "ultima_modificacion": "2025-08-01 01:01:05.385013"
  },
  "99b20a848e1e4280bb846c1cf72a431545005c.jpeg": {
    "app_sintetizada": "99B20A848E1E4280BB846C1CF72A431545005C.JPEG",
    "cantidad_archivos": 1,
    "archivos_fuente": [
      "Pictures/Fototeca de Fotos.photoslibrary/resources/derivatives/masters/9/99B20A84-8E1E-4280-BB84-6C1CF72A4315_4_5005_c.jpeg"
    ],
    "ultima_modificacion": "2025-08-01 01:01:05.386488"
  },
  "988d33728ab64eda8658719475d3819945005c.jpeg": {
    "app_sintetizada": "988D33728AB64EDA8658719475D3819945005C.JPEG",
    "cantidad_archivos": 1,
    "archivos_fuente": [
      "Pictures/Fototeca de Fotos.photoslibrary/resources/derivatives/masters/9/988D3372-8AB6-4EDA-8658-719475D38199_4_5005_c.jpeg"
    ],
    "ultima_modificacion": "2025-08-01 01:01:05.387399"
  },
  "96f541d00fd4480a9a98918aa920606545005c.jpeg": {
    "app_sintetizada": "96F541D00FD4480A9A98918AA920606545005C.JPEG",
    "cantidad_archivos": 1,
    "archivos_fuente": [
      "Pictures/Fototeca de Fotos.photoslibrary/resources/derivatives/masters/9/96F541D0-0FD4-480A-9A98-918AA9206065_4_5005_c.jpeg"
    ],
    "ultima_modificacion": "2025-08-01 01:01:05.387775"
  },
  "951b9353899a416a84487f0bb2e0c64545005c.jpeg": {
    "app_sintetizada": "951B9353899A416A84487F0BB2E0C64545005C.JPEG",
    "cantidad_archivos": 1,
    "archivos_fuente": [
      "Pictures/Fototeca de Fotos.photoslibrary/resources/derivatives/masters/9/951B9353-899A-416A-8448-7F0BB2E0C645_4_5005_c.jpeg"
    ],
    "ultima_modificacion": "2025-08-01 01:01:05.388108"
  },
  "9d958bc9755c413aa942e8acdd53d94a45005c.jpeg": {
    "app_sintetizada": "9D958BC9755C413AA942E8ACDD53D94A45005C.JPEG",
    "cantidad_archivos": 1,
    "archivos_fuente": [
      "Pictures/Fototeca de Fotos.photoslibrary/resources/derivatives/masters/9/9D958BC9-755C-413A-A942-E8ACDD53D94A_4_5005_c.jpeg"
    ],
    "ultima_modificacion": "2025-08-01 01:01:05.388427"
  },
  "9caf6b3226ff4f4d98271cc6accce70945005c.jpeg": {
    "app_sintetizada": "9CAF6B3226FF4F4D98271CC6ACCCE70945005C.JPEG",
    "cantidad_archivos": 1,
    "archivos_fuente": [
      "Pictures/Fototeca de Fotos.photoslibrary/resources/derivatives/masters/9/9CAF6B32-26FF-4F4D-9827-1CC6ACCCE709_4_5005_c.jpeg"
    ],
    "ultima_modificacion": "2025-08-01 01:01:05.388777"
  },
  "9b6fd15948e445089cb93fbc37fc23f345005c.jpeg": {
    "app_sintetizada": "9B6FD15948E445089CB93FBC37FC23F345005C.JPEG",
    "cantidad_archivos": 1,
    "archivos_fuente": [
      "Pictures/Fototeca de Fotos.photoslibrary/resources/derivatives/masters/9/9B6FD159-48E4-4508-9CB9-3FBC37FC23F3_4_5005_c.jpeg"
    ],
    "ultima_modificacion": "2025-08-01 01:01:05.389135"
  },
  "9d8f83933451461b988efbf53cd47f5745005c.jpeg": {
    "app_sintetizada": "9D8F83933451461B988EFBF53CD47F5745005C.JPEG",
    "cantidad_archivos": 1,
    "archivos_fuente": [
      "Pictures/Fototeca de Fotos.photoslibrary/resources/derivatives/masters/9/9D8F8393-3451-461B-988E-FBF53CD47F57_4_5005_c.jpeg"
    ],
    "ultima_modificacion": "2025-08-01 01:01:05.389489"
  },
  "939c17e847f64ef5af76c5b88aa2834845005c.jpeg": {
    "app_sintetizada": "939C17E847F64EF5AF76C5B88AA2834845005C.JPEG",
    "cantidad_archivos": 1,
    "archivos_fuente": [
      "Pictures/Fototeca de Fotos.photoslibrary/resources/derivatives/masters/9/939C17E8-47F6-4EF5-AF76-C5B88AA28348_4_5005_c.jpeg"
    ],
    "ultima_modificacion": "2025-08-01 01:01:05.389836"
  },
  "9568766e13344d99a39a352b1f6a44c045005c.jpeg": {
    "app_sintetizada": "9568766E13344D99A39A352B1F6A44C045005C.JPEG",
    "cantidad_archivos": 1,
    "archivos_fuente": [
      "Pictures/Fototeca de Fotos.photoslibrary/resources/derivatives/masters/9/9568766E-1334-4D99-A39A-352B1F6A44C0_4_5005_c.jpeg"
    ],
    "ultima_modificacion": "2025-08-01 01:01:05.390209"
  },
  "98eb46c06619487c8843a1e4622a2e0845005c.jpeg": {
    "app_sintetizada": "98EB46C06619487C8843A1E4622A2E0845005C.JPEG",
    "cantidad_archivos": 1,
    "archivos_fuente": [
      "Pictures/Fototeca de Fotos.photoslibrary/resources/derivatives/masters/9/98EB46C0-6619-487C-8843-A1E4622A2E08_4_5005_c.jpeg"
    ],
    "ultima_modificacion": "2025-08-01 01:01:05.390563"
  },
  "948b9071a69348fabc37d79427491e1145005c.jpeg": {
    "app_sintetizada": "948B9071A69348FABC37D79427491E1145005C.JPEG",
    "cantidad_archivos": 1,
    "archivos_fuente": [
      "Pictures/Fototeca de Fotos.photoslibrary/resources/derivatives/masters/9/948B9071-A693-48FA-BC37-D79427491E11_4_5005_c.jpeg"
    ],
    "ultima_modificacion": "2025-08-01 01:01:05.390887"
  },
  "95f8e2504ff947a9ab9d4a147088bacb45005c.jpeg": {
    "app_sintetizada": "95F8E2504FF947A9AB9D4A147088BACB45005C.JPEG",
    "cantidad_archivos": 1,
    "archivos_fuente": [
      "Pictures/Fototeca de Fotos.photoslibrary/resources/derivatives/masters/9/95F8E250-4FF9-47A9-AB9D-4A147088BACB_4_5005_c.jpeg"
    ],
    "ultima_modificacion": "2025-08-01 01:01:05.391225"
  },
  "9073dbd1dbcf4e18b04b92f25e2e404b45005c.jpeg": {
    "app_sintetizada": "9073DBD1DBCF4E18B04B92F25E2E404B45005C.JPEG",
    "cantidad_archivos": 1,
    "archivos_fuente": [
      "Pictures/Fototeca de Fotos.photoslibrary/resources/derivatives/masters/9/9073DBD1-DBCF-4E18-B04B-92F25E2E404B_4_5005_c.jpeg"
    ],
    "ultima_modificacion": "2025-08-01 01:01:05.391564"
  },
  "93d71031381c41758265cf7488c5b23345005c.jpeg": {
    "app_sintetizada": "93D71031381C41758265CF7488C5B23345005C.JPEG",
    "cantidad_archivos": 1,
    "archivos_fuente": [
      "Pictures/Fototeca de Fotos.photoslibrary/resources/derivatives/masters/9/93D71031-381C-4175-8265-CF7488C5B233_4_5005_c.jpeg"
    ],
    "ultima_modificacion": "2025-08-01 01:01:05.391869"
  },
  "9bbfc721d14240d1a1a20901d2a2284c45005c.jpeg": {
    "app_sintetizada": "9BBFC721D14240D1A1A20901D2A2284C45005C.JPEG",
    "cantidad_archivos": 1,
    "archivos_fuente": [
      "Pictures/Fototeca de Fotos.photoslibrary/resources/derivatives/masters/9/9BBFC721-D142-40D1-A1A2-0901D2A2284C_4_5005_c.jpeg"
    ],
    "ultima_modificacion": "2025-08-01 01:01:05.392155"
  },
  "956dba1cccb044cc83312785182dd92d45005c.jpeg": {
    "app_sintetizada": "956DBA1CCCB044CC83312785182DD92D45005C.JPEG",
    "cantidad_archivos": 1,
    "archivos_fuente": [
      "Pictures/Fototeca de Fotos.photoslibrary/resources/derivatives/masters/9/956DBA1C-CCB0-44CC-8331-2785182DD92D_4_5005_c.jpeg"
    ],
    "ultima_modificacion": "2025-08-01 01:01:05.392620"
  },
  "94100a4a45f841128e4feaaa8c2e9b4045005c.jpeg": {
    "app_sintetizada": "94100A4A45F841128E4FEAAA8C2E9B4045005C.JPEG",
    "cantidad_archivos": 1,
    "archivos_fuente": [
      "Pictures/Fototeca de Fotos.photoslibrary/resources/derivatives/masters/9/94100A4A-45F8-4112-8E4F-EAAA8C2E9B40_4_5005_c.jpeg"
    ],
    "ultima_modificacion": "2025-08-01 01:01:05.392988"
  },
  "971346424fb74021a0cc0ebf06974ccb45005c.jpeg": {
    "app_sintetizada": "971346424FB74021A0CC0EBF06974CCB45005C.JPEG",
    "cantidad_archivos": 1,
    "archivos_fuente": [
      "Pictures/Fototeca de Fotos.photoslibrary/resources/derivatives/masters/9/97134642-4FB7-4021-A0CC-0EBF06974CCB_4_5005_c.jpeg"
    ],
    "ultima_modificacion": "2025-08-01 01:01:05.393482"
  },
  "93e7943aa9f644b8ae3705c83cab104d45005c.jpeg": {
    "app_sintetizada": "93E7943AA9F644B8AE3705C83CAB104D45005C.JPEG",
    "cantidad_archivos": 1,
    "archivos_fuente": [
      "Pictures/Fototeca de Fotos.photoslibrary/resources/derivatives/masters/9/93E7943A-A9F6-44B8-AE37-05C83CAB104D_4_5005_c.jpeg"
    ],
    "ultima_modificacion": "2025-08-01 01:01:05.394201"
  },
  "9b75558eb54d44828c0c8a2d207d16e045005c.jpeg": {
    "app_sintetizada": "9B75558EB54D44828C0C8A2D207D16E045005C.JPEG",
    "cantidad_archivos": 1,
    "archivos_fuente": [
      "Pictures/Fototeca de Fotos.photoslibrary/resources/derivatives/masters/9/9B75558E-B54D-4482-8C0C-8A2D207D16E0_4_5005_c.jpeg"
    ],
    "ultima_modificacion": "2025-08-01 01:01:05.395261"
  },
  "981cdd7882f445b79ade524f0f4c4ea845005c.jpeg": {
    "app_sintetizada": "981CDD7882F445B79ADE524F0F4C4EA845005C.JPEG",
    "cantidad_archivos": 1,
    "archivos_fuente": [
      "Pictures/Fototeca de Fotos.photoslibrary/resources/derivatives/masters/9/981CDD78-82F4-45B7-9ADE-524F0F4C4EA8_4_5005_c.jpeg"
    ],
    "ultima_modificacion": "2025-08-01 01:01:05.396672"
  },
  "9a1cede28c3e47299397c3a51dd506fd45005c.jpeg": {
    "app_sintetizada": "9A1CEDE28C3E47299397C3A51DD506FD45005C.JPEG",
    "cantidad_archivos": 1,
    "archivos_fuente": [
      "Pictures/Fototeca de Fotos.photoslibrary/resources/derivatives/masters/9/9A1CEDE2-8C3E-4729-9397-C3A51DD506FD_4_5005_c.jpeg"
    ],
    "ultima_modificacion": "2025-08-01 01:01:05.397350"
  },
  "97acb38f02d04c51a2e3c9ca2d32715a45005c.jpeg": {
    "app_sintetizada": "97ACB38F02D04C51A2E3C9CA2D32715A45005C.JPEG",
    "cantidad_archivos": 1,
    "archivos_fuente": [
      "Pictures/Fototeca de Fotos.photoslibrary/resources/derivatives/masters/9/97ACB38F-02D0-4C51-A2E3-C9CA2D32715A_4_5005_c.jpeg"
    ],
    "ultima_modificacion": "2025-08-01 01:01:05.397893"
  },
  "9f98f5ebf7f34bc1b8d04ce20590663b45005c.jpeg": {
    "app_sintetizada": "9F98F5EBF7F34BC1B8D04CE20590663B45005C.JPEG",
    "cantidad_archivos": 1,
    "archivos_fuente": [
      "Pictures/Fototeca de Fotos.photoslibrary/resources/derivatives/masters/9/9F98F5EB-F7F3-4BC1-B8D0-4CE20590663B_4_5005_c.jpeg"
    ],
    "ultima_modificacion": "2025-08-01 01:01:05.398290"
  },
  "9734250bd844410fa09e633c80e7150645005c.jpeg": {
    "app_sintetizada": "9734250BD844410FA09E633C80E7150645005C.JPEG",
    "cantidad_archivos": 1,
    "archivos_fuente": [
      "Pictures/Fototeca de Fotos.photoslibrary/resources/derivatives/masters/9/9734250B-D844-410F-A09E-633C80E71506_4_5005_c.jpeg"
    ],
    "ultima_modificacion": "2025-08-01 01:01:05.398620"
  },
  "98b649ff4bc748fc9c56e525c818bda845005c.jpeg": {
    "app_sintetizada": "98B649FF4BC748FC9C56E525C818BDA845005C.JPEG",
    "cantidad_archivos": 1,
    "archivos_fuente": [
      "Pictures/Fototeca de Fotos.photoslibrary/resources/derivatives/masters/9/98B649FF-4BC7-48FC-9C56-E525C818BDA8_4_5005_c.jpeg"
    ],
    "ultima_modificacion": "2025-08-01 01:01:05.398927"
  },
  "9c03cf80012e42c18d34a732e0166df645005c.jpeg": {
    "app_sintetizada": "9C03CF80012E42C18D34A732E0166DF645005C.JPEG",
    "cantidad_archivos": 1,
    "archivos_fuente": [
      "Pictures/Fototeca de Fotos.photoslibrary/resources/derivatives/masters/9/9C03CF80-012E-42C1-8D34-A732E0166DF6_4_5005_c.jpeg"
    ],
    "ultima_modificacion": "2025-08-01 01:01:05.399261"
  },
  "9b434ea8e8da474bb56e6182de06a37b45005c.jpeg": {
    "app_sintetizada": "9B434EA8E8DA474BB56E6182DE06A37B45005C.JPEG",
    "cantidad_archivos": 1,
    "archivos_fuente": [
      "Pictures/Fototeca de Fotos.photoslibrary/resources/derivatives/masters/9/9B434EA8-E8DA-474B-B56E-6182DE06A37B_4_5005_c.jpeg"
    ],
    "ultima_modificacion": "2025-08-01 01:01:05.399594"
  },
  "98d0d12d66f6440f9f07b65310a7099845005c.jpeg": {
    "app_sintetizada": "98D0D12D66F6440F9F07B65310A7099845005C.JPEG",
    "cantidad_archivos": 1,
    "archivos_fuente": [
      "Pictures/Fototeca de Fotos.photoslibrary/resources/derivatives/masters/9/98D0D12D-66F6-440F-9F07-B65310A70998_4_5005_c.jpeg"
    ],
    "ultima_modificacion": "2025-08-01 01:01:05.399912"
  },
  "9a6e56470cff49fdad75d53f9d48152045005c.jpeg": {
    "app_sintetizada": "9A6E56470CFF49FDAD75D53F9D48152045005C.JPEG",
    "cantidad_archivos": 1,
    "archivos_fuente": [
      "Pictures/Fototeca de Fotos.photoslibrary/resources/derivatives/masters/9/9A6E5647-0CFF-49FD-AD75-D53F9D481520_4_5005_c.jpeg"
    ],
    "ultima_modificacion": "2025-08-01 01:01:05.400257"
  },
  "9e884c9d7ac443a681b01f55b352f78e45005c.jpeg": {
    "app_sintetizada": "9E884C9D7AC443A681B01F55B352F78E45005C.JPEG",
    "cantidad_archivos": 1,
    "archivos_fuente": [
      "Pictures/Fototeca de Fotos.photoslibrary/resources/derivatives/masters/9/9E884C9D-7AC4-43A6-81B0-1F55B352F78E_4_5005_c.jpeg"
    ],
    "ultima_modificacion": "2025-08-01 01:01:05.400602"
  },
  "9093fbc800db4c81a6aebdaccacad14845005c.jpeg": {
    "app_sintetizada": "9093FBC800DB4C81A6AEBDACCACAD14845005C.JPEG",
    "cantidad_archivos": 1,
    "archivos_fuente": [
      "Pictures/Fototeca de Fotos.photoslibrary/resources/derivatives/masters/9/9093FBC8-00DB-4C81-A6AE-BDACCACAD148_4_5005_c.jpeg"
    ],
    "ultima_modificacion": "2025-08-01 01:01:05.400944"
  },
  "93581a313ba548b7b203345d06ed77df45005c.jpeg": {
    "app_sintetizada": "93581A313BA548B7B203345D06ED77DF45005C.JPEG",
    "cantidad_archivos": 1,
    "archivos_fuente": [
      "Pictures/Fototeca de Fotos.photoslibrary/resources/derivatives/masters/9/93581A31-3BA5-48B7-B203-345D06ED77DF_4_5005_c.jpeg"
    ],
    "ultima_modificacion": "2025-08-01 01:01:05.401369"
  },
  "97a839f919cc42f89b2ec79835e06d2b45005c.jpeg": {
    "app_sintetizada": "97A839F919CC42F89B2EC79835E06D2B45005C.JPEG",
    "cantidad_archivos": 1,
    "archivos_fuente": [
      "Pictures/Fototeca de Fotos.photoslibrary/resources/derivatives/masters/9/97A839F9-19CC-42F8-9B2E-C79835E06D2B_4_5005_c.jpeg"
    ],
    "ultima_modificacion": "2025-08-01 01:01:05.402549"
  },
  "98046af72e36467894e83bd888b7545545005c.jpeg": {
    "app_sintetizada": "98046AF72E36467894E83BD888B7545545005C.JPEG",
    "cantidad_archivos": 1,
    "archivos_fuente": [
      "Pictures/Fototeca de Fotos.photoslibrary/resources/derivatives/masters/9/98046AF7-2E36-4678-94E8-3BD888B75455_4_5005_c.jpeg"
    ],
    "ultima_modificacion": "2025-08-01 01:01:05.403067"
  },
  "93d06e2987764155a2a14fddfb78bb8845005c.jpeg": {
    "app_sintetizada": "93D06E2987764155A2A14FDDFB78BB8845005C.JPEG",
    "cantidad_archivos": 1,
    "archivos_fuente": [
      "Pictures/Fototeca de Fotos.photoslibrary/resources/derivatives/masters/9/93D06E29-8776-4155-A2A1-4FDDFB78BB88_4_5005_c.jpeg"
    ],
    "ultima_modificacion": "2025-08-01 01:01:05.404299"
  },
  "9d1aeff0b22e4dc8a8b2e9c4c33c8b2d45005c.jpeg": {
    "app_sintetizada": "9D1AEFF0B22E4DC8A8B2E9C4C33C8B2D45005C.JPEG",
    "cantidad_archivos": 1,
    "archivos_fuente": [
      "Pictures/Fototeca de Fotos.photoslibrary/resources/derivatives/masters/9/9D1AEFF0-B22E-4DC8-A8B2-E9C4C33C8B2D_4_5005_c.jpeg"
    ],
    "ultima_modificacion": "2025-08-01 01:01:05.404790"
  },
  "9a086165b88b41b4aeeec32646d1da5a45005c.jpeg": {
    "app_sintetizada": "9A086165B88B41B4AEEEC32646D1DA5A45005C.JPEG",
    "cantidad_archivos": 1,
    "archivos_fuente": [
      "Pictures/Fototeca de Fotos.photoslibrary/resources/derivatives/masters/9/9A086165-B88B-41B4-AEEE-C32646D1DA5A_4_5005_c.jpeg"
    ],
    "ultima_modificacion": "2025-08-01 01:01:05.405126"
  },
  "9e4d7a49bb254d5f8c311a7f303c201945005c.jpeg": {
    "app_sintetizada": "9E4D7A49BB254D5F8C311A7F303C201945005C.JPEG",
    "cantidad_archivos": 1,
    "archivos_fuente": [
      "Pictures/Fototeca de Fotos.photoslibrary/resources/derivatives/masters/9/9E4D7A49-BB25-4D5F-8C31-1A7F303C2019_4_5005_c.jpeg"
    ],
    "ultima_modificacion": "2025-08-01 01:01:05.405425"
  },
  "90a4dc67b5744d96b25c9fc506c9069145005c.jpeg": {
    "app_sintetizada": "90A4DC67B5744D96B25C9FC506C9069145005C.JPEG",
    "cantidad_archivos": 1,
    "archivos_fuente": [
      "Pictures/Fototeca de Fotos.photoslibrary/resources/derivatives/masters/9/90A4DC67-B574-4D96-B25C-9FC506C90691_4_5005_c.jpeg"
    ],
    "ultima_modificacion": "2025-08-01 01:01:05.405744"
  },
  "93b92dfdbf6944dfa678f96b8449d61f45005c.jpeg": {
    "app_sintetizada": "93B92DFDBF6944DFA678F96B8449D61F45005C.JPEG",
    "cantidad_archivos": 1,
    "archivos_fuente": [
      "Pictures/Fototeca de Fotos.photoslibrary/resources/derivatives/masters/9/93B92DFD-BF69-44DF-A678-F96B8449D61F_4_5005_c.jpeg"
    ],
    "ultima_modificacion": "2025-08-01 01:01:05.406061"
  },
  "961aef28ab4d469f8503522c2a491eb245005c.jpeg": {
    "app_sintetizada": "961AEF28AB4D469F8503522C2A491EB245005C.JPEG",
    "cantidad_archivos": 1,
    "archivos_fuente": [
      "Pictures/Fototeca de Fotos.photoslibrary/resources/derivatives/masters/9/961AEF28-AB4D-469F-8503-522C2A491EB2_4_5005_c.jpeg"
    ],
    "ultima_modificacion": "2025-08-01 01:01:05.406364"
  },
  "9ca9eb37452c45eb8a2a2d61e962c75445005c.jpeg": {
    "app_sintetizada": "9CA9EB37452C45EB8A2A2D61E962C75445005C.JPEG",
    "cantidad_archivos": 1,
    "archivos_fuente": [
      "Pictures/Fototeca de Fotos.photoslibrary/resources/derivatives/masters/9/9CA9EB37-452C-45EB-8A2A-2D61E962C754_4_5005_c.jpeg"
    ],
    "ultima_modificacion": "2025-08-01 01:01:05.406666"
  },
  "911125738aeb42f6a06965e6c32785ff45005c.jpeg": {
    "app_sintetizada": "911125738AEB42F6A06965E6C32785FF45005C.JPEG",
    "cantidad_archivos": 1,
    "archivos_fuente": [
      "Pictures/Fototeca de Fotos.photoslibrary/resources/derivatives/masters/9/91112573-8AEB-42F6-A069-65E6C32785FF_4_5005_c.jpeg"
    ],
    "ultima_modificacion": "2025-08-01 01:01:05.406993"
  },
  "9c101114196b4e3c83e82d30d6f75f4b45005c.jpeg": {
    "app_sintetizada": "9C101114196B4E3C83E82D30D6F75F4B45005C.JPEG",
    "cantidad_archivos": 1,
    "archivos_fuente": [
      "Pictures/Fototeca de Fotos.photoslibrary/resources/derivatives/masters/9/9C101114-196B-4E3C-83E8-2D30D6F75F4B_4_5005_c.jpeg"
    ],
    "ultima_modificacion": "2025-08-01 01:01:05.407274"
  },
  "9a6e37e3c0094ab3979bcc765f499abf45005c.jpeg": {
    "app_sintetizada": "9A6E37E3C0094AB3979BCC765F499ABF45005C.JPEG",
    "cantidad_archivos": 1,
    "archivos_fuente": [
      "Pictures/Fototeca de Fotos.photoslibrary/resources/derivatives/masters/9/9A6E37E3-C009-4AB3-979B-CC765F499ABF_4_5005_c.jpeg"
    ],
    "ultima_modificacion": "2025-08-01 01:01:05.407549"
  },
  "942aae91a9ca4c8a8c6a4959760e060945005c.jpeg": {
    "app_sintetizada": "942AAE91A9CA4C8A8C6A4959760E060945005C.JPEG",
    "cantidad_archivos": 1,
    "archivos_fuente": [
      "Pictures/Fototeca de Fotos.photoslibrary/resources/derivatives/masters/9/942AAE91-A9CA-4C8A-8C6A-4959760E0609_4_5005_c.jpeg"
    ],
    "ultima_modificacion": "2025-08-01 01:01:05.407857"
  },
  "94df0cfd1d324a77957d4bff146714c545005c.jpeg": {
    "app_sintetizada": "94DF0CFD1D324A77957D4BFF146714C545005C.JPEG",
    "cantidad_archivos": 1,
    "archivos_fuente": [
      "Pictures/Fototeca de Fotos.photoslibrary/resources/derivatives/masters/9/94DF0CFD-1D32-4A77-957D-4BFF146714C5_4_5005_c.jpeg"
    ],
    "ultima_modificacion": "2025-08-01 01:01:05.408150"
  },
  "95bac56e37524efc9eaf5d3c5f2f618c45005c.jpeg": {
    "app_sintetizada": "95BAC56E37524EFC9EAF5D3C5F2F618C45005C.JPEG",
    "cantidad_archivos": 1,
    "archivos_fuente": [
      "Pictures/Fototeca de Fotos.photoslibrary/resources/derivatives/masters/9/95BAC56E-3752-4EFC-9EAF-5D3C5F2F618C_4_5005_c.jpeg"
    ],
    "ultima_modificacion": "2025-08-01 01:01:05.408441"
  },
  "954b87e9975746ea9017f2ca8d72e41045005c.jpeg": {
    "app_sintetizada": "954B87E9975746EA9017F2CA8D72E41045005C.JPEG",
    "cantidad_archivos": 1,
    "archivos_fuente": [
      "Pictures/Fototeca de Fotos.photoslibrary/resources/derivatives/masters/9/954B87E9-9757-46EA-9017-F2CA8D72E410_4_5005_c.jpeg"
    ],
    "ultima_modificacion": "2025-08-01 01:01:05.408742"
  },
  "9361591e35cb4bafb211f5e4aecb175745005c.jpeg": {
    "app_sintetizada": "9361591E35CB4BAFB211F5E4AECB175745005C.JPEG",
    "cantidad_archivos": 1,
    "archivos_fuente": [
      "Pictures/Fototeca de Fotos.photoslibrary/resources/derivatives/masters/9/9361591E-35CB-4BAF-B211-F5E4AECB1757_4_5005_c.jpeg"
    ],
    "ultima_modificacion": "2025-08-01 01:01:05.409070"
  },
  "913dd32f25974bd5a4d6d20495b17f0645005c.jpeg": {
    "app_sintetizada": "913DD32F25974BD5A4D6D20495B17F0645005C.JPEG",
    "cantidad_archivos": 1,
    "archivos_fuente": [
      "Pictures/Fototeca de Fotos.photoslibrary/resources/derivatives/masters/9/913DD32F-2597-4BD5-A4D6-D20495B17F06_4_5005_c.jpeg"
    ],
    "ultima_modificacion": "2025-08-01 01:01:05.409500"
  },
  "9e3ea1f841014e7d8c2723dbb989466245005c.jpeg": {
    "app_sintetizada": "9E3EA1F841014E7D8C2723DBB989466245005C.JPEG",
    "cantidad_archivos": 1,
    "archivos_fuente": [
      "Pictures/Fototeca de Fotos.photoslibrary/resources/derivatives/masters/9/9E3EA1F8-4101-4E7D-8C27-23DBB9894662_4_5005_c.jpeg"
    ],
    "ultima_modificacion": "2025-08-01 01:01:05.409923"
  },
  "9619d30033864f78b6d5869f6e4bebac45005c.jpeg": {
    "app_sintetizada": "9619D30033864F78B6D5869F6E4BEBAC45005C.JPEG",
    "cantidad_archivos": 1,
    "archivos_fuente": [
      "Pictures/Fototeca de Fotos.photoslibrary/resources/derivatives/masters/9/9619D300-3386-4F78-B6D5-869F6E4BEBAC_4_5005_c.jpeg"
    ],
    "ultima_modificacion": "2025-08-01 01:01:05.410318"
  },
  "97c843cf411343e3911cee23ccfbac4945005c.jpeg": {
    "app_sintetizada": "97C843CF411343E3911CEE23CCFBAC4945005C.JPEG",
    "cantidad_archivos": 1,
    "archivos_fuente": [
      "Pictures/Fototeca de Fotos.photoslibrary/resources/derivatives/masters/9/97C843CF-4113-43E3-911C-EE23CCFBAC49_4_5005_c.jpeg"
    ],
    "ultima_modificacion": "2025-08-01 01:01:05.410754"
  },
  "9705c35762334f088929982881f555da45005c.jpeg": {
    "app_sintetizada": "9705C35762334F088929982881F555DA45005C.JPEG",
    "cantidad_archivos": 1,
    "archivos_fuente": [
      "Pictures/Fototeca de Fotos.photoslibrary/resources/derivatives/masters/9/9705C357-6233-4F08-8929-982881F555DA_4_5005_c.jpeg"
    ],
    "ultima_modificacion": "2025-08-01 01:01:05.411275"
  },
  "9ef34e6b3ff14c32aee1fd95a56b526145005c.jpeg": {
    "app_sintetizada": "9EF34E6B3FF14C32AEE1FD95A56B526145005C.JPEG",
    "cantidad_archivos": 1,
    "archivos_fuente": [
      "Pictures/Fototeca de Fotos.photoslibrary/resources/derivatives/masters/9/9EF34E6B-3FF1-4C32-AEE1-FD95A56B5261_4_5005_c.jpeg"
    ],
    "ultima_modificacion": "2025-08-01 01:01:05.412029"
  },
  "97365b5985104e92b410325a039dc85945005c.jpeg": {
    "app_sintetizada": "97365B5985104E92B410325A039DC85945005C.JPEG",
    "cantidad_archivos": 1,
    "archivos_fuente": [
      "Pictures/Fototeca de Fotos.photoslibrary/resources/derivatives/masters/9/97365B59-8510-4E92-B410-325A039DC859_4_5005_c.jpeg"
    ],
    "ultima_modificacion": "2025-08-01 01:01:05.412565"
  },
  "956c3d2faaa140ddbeb9af7b13566cb145005c.jpeg": {
    "app_sintetizada": "956C3D2FAAA140DDBEB9AF7B13566CB145005C.JPEG",
    "cantidad_archivos": 1,
    "archivos_fuente": [
      "Pictures/Fototeca de Fotos.photoslibrary/resources/derivatives/masters/9/956C3D2F-AAA1-40DD-BEB9-AF7B13566CB1_4_5005_c.jpeg"
    ],
    "ultima_modificacion": "2025-08-01 01:01:05.413035"
  },
  "9cc68d1fb79446a1b418a365a1707b0c45005c.jpeg": {
    "app_sintetizada": "9CC68D1FB79446A1B418A365A1707B0C45005C.JPEG",
    "cantidad_archivos": 1,
    "archivos_fuente": [
      "Pictures/Fototeca de Fotos.photoslibrary/resources/derivatives/masters/9/9CC68D1F-B794-46A1-B418-A365A1707B0C_4_5005_c.jpeg"
    ],
    "ultima_modificacion": "2025-08-01 01:01:05.414012"
  },
  "98f46589c54648eebd688abb05f6ef8c45005c.jpeg": {
    "app_sintetizada": "98F46589C54648EEBD688ABB05F6EF8C45005C.JPEG",
    "cantidad_archivos": 1,
    "archivos_fuente": [
      "Pictures/Fototeca de Fotos.photoslibrary/resources/derivatives/masters/9/98F46589-C546-48EE-BD68-8ABB05F6EF8C_4_5005_c.jpeg"
    ],
    "ultima_modificacion": "2025-08-01 01:01:05.414384"
  },
  "9a820f2b98cb44239d7f27f74d9dd5c345005c.jpeg": {
    "app_sintetizada": "9A820F2B98CB44239D7F27F74D9DD5C345005C.JPEG",
    "cantidad_archivos": 1,
    "archivos_fuente": [
      "Pictures/Fototeca de Fotos.photoslibrary/resources/derivatives/masters/9/9A820F2B-98CB-4423-9D7F-27F74D9DD5C3_4_5005_c.jpeg"
    ],
    "ultima_modificacion": "2025-08-01 01:01:05.414975"
  },
  "94b9d954f7fa496a82bd1839876c8e4745005c.jpeg": {
    "app_sintetizada": "94B9D954F7FA496A82BD1839876C8E4745005C.JPEG",
    "cantidad_archivos": 1,
    "archivos_fuente": [
      "Pictures/Fototeca de Fotos.photoslibrary/resources/derivatives/masters/9/94B9D954-F7FA-496A-82BD-1839876C8E47_4_5005_c.jpeg"
    ],
    "ultima_modificacion": "2025-08-01 01:01:05.415363"
  },
  "99503e1145c04edfbd966735f2fa52da45005c.jpeg": {
    "app_sintetizada": "99503E1145C04EDFBD966735F2FA52DA45005C.JPEG",
    "cantidad_archivos": 1,
    "archivos_fuente": [
      "Pictures/Fototeca de Fotos.photoslibrary/resources/derivatives/masters/9/99503E11-45C0-4EDF-BD96-6735F2FA52DA_4_5005_c.jpeg"
    ],
    "ultima_modificacion": "2025-08-01 01:01:05.415707"
  },
  "9c5733c61b74481987417b16385c946545005c.jpeg": {
    "app_sintetizada": "9C5733C61B74481987417B16385C946545005C.JPEG",
    "cantidad_archivos": 1,
    "archivos_fuente": [
      "Pictures/Fototeca de Fotos.photoslibrary/resources/derivatives/masters/9/9C5733C6-1B74-4819-8741-7B16385C9465_4_5005_c.jpeg"
    ],
    "ultima_modificacion": "2025-08-01 01:01:05.416081"
  },
  "9adc08ecc1f248e3afd376478ac4f73d45005c.jpeg": {
    "app_sintetizada": "9ADC08ECC1F248E3AFD376478AC4F73D45005C.JPEG",
    "cantidad_archivos": 1,
    "archivos_fuente": [
      "Pictures/Fototeca de Fotos.photoslibrary/resources/derivatives/masters/9/9ADC08EC-C1F2-48E3-AFD3-76478AC4F73D_4_5005_c.jpeg"
    ],
    "ultima_modificacion": "2025-08-01 01:01:05.416500"
  },
  "9c40d6b1de5846c7bef7c32745106a3745005c.jpeg": {
    "app_sintetizada": "9C40D6B1DE5846C7BEF7C32745106A3745005C.JPEG",
    "cantidad_archivos": 1,
    "archivos_fuente": [
      "Pictures/Fototeca de Fotos.photoslibrary/resources/derivatives/masters/9/9C40D6B1-DE58-46C7-BEF7-C32745106A37_4_5005_c.jpeg"
    ],
    "ultima_modificacion": "2025-08-01 01:01:05.416806"
  },
  "9eb02ca548b3490e89e5ffdb1e79cb5b45005c.jpeg": {
    "app_sintetizada": "9EB02CA548B3490E89E5FFDB1E79CB5B45005C.JPEG",
    "cantidad_archivos": 1,
    "archivos_fuente": [
      "Pictures/Fototeca de Fotos.photoslibrary/resources/derivatives/masters/9/9EB02CA5-48B3-490E-89E5-FFDB1E79CB5B_4_5005_c.jpeg"
    ],
    "ultima_modificacion": "2025-08-01 01:01:05.417152"
  },
  "9f40ba374eec403084e33944f1972e3445005c.jpeg": {
    "app_sintetizada": "9F40BA374EEC403084E33944F1972E3445005C.JPEG",
    "cantidad_archivos": 1,
    "archivos_fuente": [
      "Pictures/Fototeca de Fotos.photoslibrary/resources/derivatives/masters/9/9F40BA37-4EEC-4030-84E3-3944F1972E34_4_5005_c.jpeg"
    ],
    "ultima_modificacion": "2025-08-01 01:01:05.417528"
  },
  "9ca02a81d0ac441383ff5e90f497838445005c.jpeg": {
    "app_sintetizada": "9CA02A81D0AC441383FF5E90F497838445005C.JPEG",
    "cantidad_archivos": 1,
    "archivos_fuente": [
      "Pictures/Fototeca de Fotos.photoslibrary/resources/derivatives/masters/9/9CA02A81-D0AC-4413-83FF-5E90F4978384_4_5005_c.jpeg"
    ],
    "ultima_modificacion": "2025-08-01 01:01:05.417835"
  },
  "9af1e99acc9644c9adba639302f8850845005c.jpeg": {
    "app_sintetizada": "9AF1E99ACC9644C9ADBA639302F8850845005C.JPEG",
    "cantidad_archivos": 1,
    "archivos_fuente": [
      "Pictures/Fototeca de Fotos.photoslibrary/resources/derivatives/masters/9/9AF1E99A-CC96-44C9-ADBA-639302F88508_4_5005_c.jpeg"
    ],
    "ultima_modificacion": "2025-08-01 01:01:05.418267"
  },
  "940c670988bd4235b7f5619ce91c3b8a45005c.jpeg": {
    "app_sintetizada": "940C670988BD4235B7F5619CE91C3B8A45005C.JPEG",
    "cantidad_archivos": 1,
    "archivos_fuente": [
      "Pictures/Fototeca de Fotos.photoslibrary/resources/derivatives/masters/9/940C6709-88BD-4235-B7F5-619CE91C3B8A_4_5005_c.jpeg"
    ],
    "ultima_modificacion": "2025-08-01 01:01:05.418936"
  },
  "9ead818edb074c26b8827fc85503a32445005c.jpeg": {
    "app_sintetizada": "9EAD818EDB074C26B8827FC85503A32445005C.JPEG",
    "cantidad_archivos": 1,
    "archivos_fuente": [
      "Pictures/Fototeca de Fotos.photoslibrary/resources/derivatives/masters/9/9EAD818E-DB07-4C26-B882-7FC85503A324_4_5005_c.jpeg"
    ],
    "ultima_modificacion": "2025-08-01 01:01:05.419341"
  },
  "9631af2aa1d54650b4360234844aa42245005c.jpeg": {
    "app_sintetizada": "9631AF2AA1D54650B4360234844AA42245005C.JPEG",
    "cantidad_archivos": 1,
    "archivos_fuente": [
      "Pictures/Fototeca de Fotos.photoslibrary/resources/derivatives/masters/9/9631AF2A-A1D5-4650-B436-0234844AA422_4_5005_c.jpeg"
    ],
    "ultima_modificacion": "2025-08-01 01:01:05.420509"
  },
  "9b28e1cf544b4076b21f9f4c58a9c95d45005c.jpeg": {
    "app_sintetizada": "9B28E1CF544B4076B21F9F4C58A9C95D45005C.JPEG",
    "cantidad_archivos": 1,
    "archivos_fuente": [
      "Pictures/Fototeca de Fotos.photoslibrary/resources/derivatives/masters/9/9B28E1CF-544B-4076-B21F-9F4C58A9C95D_4_5005_c.jpeg"
    ],
    "ultima_modificacion": "2025-08-01 01:01:05.420908"
  },
  "9899bb15c636488da27d6bc0f46c2ba945005c.jpeg": {
    "app_sintetizada": "9899BB15C636488DA27D6BC0F46C2BA945005C.JPEG",
    "cantidad_archivos": 1,
    "archivos_fuente": [
      "Pictures/Fototeca de Fotos.photoslibrary/resources/derivatives/masters/9/9899BB15-C636-488D-A27D-6BC0F46C2BA9_4_5005_c.jpeg"
    ],
    "ultima_modificacion": "2025-08-01 01:01:05.421192"
  },
  "93441cc92b384dedb6b853db73ee17a545005c.jpeg": {
    "app_sintetizada": "93441CC92B384DEDB6B853DB73EE17A545005C.JPEG",
    "cantidad_archivos": 1,
    "archivos_fuente": [
      "Pictures/Fototeca de Fotos.photoslibrary/resources/derivatives/masters/9/93441CC9-2B38-4DED-B6B8-53DB73EE17A5_4_5005_c.jpeg"
    ],
    "ultima_modificacion": "2025-08-01 01:01:05.421468"
  },
  "99de110643f24c219ade585f5c5577ba45005c.jpeg": {
    "app_sintetizada": "99DE110643F24C219ADE585F5C5577BA45005C.JPEG",
    "cantidad_archivos": 1,
    "archivos_fuente": [
      "Pictures/Fototeca de Fotos.photoslibrary/resources/derivatives/masters/9/99DE1106-43F2-4C21-9ADE-585F5C5577BA_4_5005_c.jpeg"
    ],
    "ultima_modificacion": "2025-08-01 01:01:05.421829"
  },
  "997924ac284d4ddda654a76fcb46347745005c.jpeg": {
    "app_sintetizada": "997924AC284D4DDDA654A76FCB46347745005C.JPEG",
    "cantidad_archivos": 1,
    "archivos_fuente": [
      "Pictures/Fototeca de Fotos.photoslibrary/resources/derivatives/masters/9/997924AC-284D-4DDD-A654-A76FCB463477_4_5005_c.jpeg"
    ],
    "ultima_modificacion": "2025-08-01 01:01:05.422177"
  },
  "9b41eab0495f426981f608def298b90745005c.jpeg": {
    "app_sintetizada": "9B41EAB0495F426981F608DEF298B90745005C.JPEG",
    "cantidad_archivos": 1,
    "archivos_fuente": [
      "Pictures/Fototeca de Fotos.photoslibrary/resources/derivatives/masters/9/9B41EAB0-495F-4269-81F6-08DEF298B907_4_5005_c.jpeg"
    ],
    "ultima_modificacion": "2025-08-01 01:01:05.422500"
  },
  "90bc6909d92e4d9dbdcf31b0819b565845005c.jpeg": {
    "app_sintetizada": "90BC6909D92E4D9DBDCF31B0819B565845005C.JPEG",
    "cantidad_archivos": 1,
    "archivos_fuente": [
      "Pictures/Fototeca de Fotos.photoslibrary/resources/derivatives/masters/9/90BC6909-D92E-4D9D-BDCF-31B0819B5658_4_5005_c.jpeg"
    ],
    "ultima_modificacion": "2025-08-01 01:01:05.422754"
  },
  "96ecc4b799e2480eb9dddcde17828bce45005c.jpeg": {
    "app_sintetizada": "96ECC4B799E2480EB9DDDCDE17828BCE45005C.JPEG",
    "cantidad_archivos": 1,
    "archivos_fuente": [
      "Pictures/Fototeca de Fotos.photoslibrary/resources/derivatives/masters/9/96ECC4B7-99E2-480E-B9DD-DCDE17828BCE_4_5005_c.jpeg"
    ],
    "ultima_modificacion": "2025-08-01 01:01:05.423017"
  },
  "96a4dfb4639e4718ad46fa7672f9d5c445005c.jpeg": {
    "app_sintetizada": "96A4DFB4639E4718AD46FA7672F9D5C445005C.JPEG",
    "cantidad_archivos": 1,
    "archivos_fuente": [
      "Pictures/Fototeca de Fotos.photoslibrary/resources/derivatives/masters/9/96A4DFB4-639E-4718-AD46-FA7672F9D5C4_4_5005_c.jpeg"
    ],
    "ultima_modificacion": "2025-08-01 01:01:05.423318"
  }
}