{
  "9b73d59d145640f2b46d6e990367475345005c.jpeg": {
    "app_sintetizada": "9B73D59D145640F2B46D6E990367475345005C.JPEG",
    "cantidad_archivos": 1,
    "archivos_fuente": [
      "Pictures/Fototeca de Fotos.photoslibrary/resources/derivatives/masters/9/9B73D59D-1456-40F2-B46D-6E9903674753_4_5005_c.jpeg"
    ],
    "ultima_modificacion": "2025-08-01 01:01:05.905772"
  },
  "93c8b99d38ab4886a51af56d083e397845005c.jpeg": {
    "app_sintetizada": "93C8B99D38AB4886A51AF56D083E397845005C.JPEG",
    "cantidad_archivos": 1,
    "archivos_fuente": [
      "Pictures/Fototeca de Fotos.photoslibrary/resources/derivatives/masters/9/93C8B99D-38AB-4886-A51A-F56D083E3978_4_5005_c.jpeg"
    ],
    "ultima_modificacion": "2025-08-01 01:01:05.906206"
  },
  "9b0b42e77b084dbbaac949608896e24645005c.jpeg": {
    "app_sintetizada": "9B0B42E77B084DBBAAC949608896E24645005C.JPEG",
    "cantidad_archivos": 1,
    "archivos_fuente": [
      "Pictures/Fototeca de Fotos.photoslibrary/resources/derivatives/masters/9/9B0B42E7-7B08-4DBB-AAC9-49608896E246_4_5005_c.jpeg"
    ],
    "ultima_modificacion": "2025-08-01 01:01:05.906667"
  },
  "96db09337b0348b9afe0897f148e1a0045005c.jpeg": {
    "app_sintetizada": "96DB09337B0348B9AFE0897F148E1A0045005C.JPEG",
    "cantidad_archivos": 1,
    "archivos_fuente": [
      "Pictures/Fototeca de Fotos.photoslibrary/resources/derivatives/masters/9/96DB0933-7B03-48B9-AFE0-897F148E1A00_4_5005_c.jpeg"
    ],
    "ultima_modificacion": "2025-08-01 01:01:05.907948"
  },
  "9a10647bb43241f48e03d5898b0af3bd45005c.jpeg": {
    "app_sintetizada": "9A10647BB43241F48E03D5898B0AF3BD45005C.JPEG",
    "cantidad_archivos": 1,
    "archivos_fuente": [
      "Pictures/Fototeca de Fotos.photoslibrary/resources/derivatives/masters/9/9A10647B-B432-41F4-8E03-D5898B0AF3BD_4_5005_c.jpeg"
    ],
    "ultima_modificacion": "2025-08-01 01:01:05.909443"
  },
  "93722b53c61b471f92adb4ffd06bd6be45005c.jpeg": {
    "app_sintetizada": "93722B53C61B471F92ADB4FFD06BD6BE45005C.JPEG",
    "cantidad_archivos": 1,
    "archivos_fuente": [
      "Pictures/Fototeca de Fotos.photoslibrary/resources/derivatives/masters/9/93722B53-C61B-471F-92AD-B4FFD06BD6BE_4_5005_c.jpeg"
    ],
    "ultima_modificacion": "2025-08-01 01:01:05.911206"
  },
  "9ac4223e41864e8db040d75df688091145005c.jpeg": {
    "app_sintetizada": "9AC4223E41864E8DB040D75DF688091145005C.JPEG",
    "cantidad_archivos": 1,
    "archivos_fuente": [
      "Pictures/Fototeca de Fotos.photoslibrary/resources/derivatives/masters/9/9AC4223E-4186-4E8D-B040-D75DF6880911_4_5005_c.jpeg"
    ],
    "ultima_modificacion": "2025-08-01 01:01:05.911745"
  },
  "9fcbf39beb4442948e37b67b34f6963845005c.jpeg": {
    "app_sintetizada": "9FCBF39BEB4442948E37B67B34F6963845005C.JPEG",
    "cantidad_archivos": 1,
    "archivos_fuente": [
      "Pictures/Fototeca de Fotos.photoslibrary/resources/derivatives/masters/9/9FCBF39B-EB44-4294-8E37-B67B34F69638_4_5005_c.jpeg"
    ],
    "ultima_modificacion": "2025-08-01 01:01:05.912094"
  },
  "94e2e6ffd8f84905b9e3ebc3549aeb7645005c.jpeg": {
    "app_sintetizada": "94E2E6FFD8F84905B9E3EBC3549AEB7645005C.JPEG",
    "cantidad_archivos": 1,
    "archivos_fuente": [
      "Pictures/Fototeca de Fotos.photoslibrary/resources/derivatives/masters/9/94E2E6FF-D8F8-4905-B9E3-EBC3549AEB76_4_5005_c.jpeg"
    ],
    "ultima_modificacion": "2025-08-01 01:01:05.912372"
  },
  "95d8458fb78c4b26a000a74f5564475445005c.jpeg": {
    "app_sintetizada": "95D8458FB78C4B26A000A74F5564475445005C.JPEG",
    "cantidad_archivos": 1,
    "archivos_fuente": [
      "Pictures/Fototeca de Fotos.photoslibrary/resources/derivatives/masters/9/95D8458F-B78C-4B26-A000-A74F55644754_4_5005_c.jpeg"
    ],
    "ultima_modificacion": "2025-08-01 01:01:05.912834"
  },
  "9ade2ecccb51438f9482872bf868452245005c.jpeg": {
    "app_sintetizada": "9ADE2ECCCB51438F9482872BF868452245005C.JPEG",
    "cantidad_archivos": 1,
    "archivos_fuente": [
      "Pictures/Fototeca de Fotos.photoslibrary/resources/derivatives/masters/9/9ADE2ECC-CB51-438F-9482-872BF8684522_4_5005_c.jpeg"
    ],
    "ultima_modificacion": "2025-08-01 01:01:05.913206"
  },
  "912a6fbbd57547c587f744a448be16a645005c.jpeg": {
    "app_sintetizada": "912A6FBBD57547C587F744A448BE16A645005C.JPEG",
    "cantidad_archivos": 1,
    "archivos_fuente": [
      "Pictures/Fototeca de Fotos.photoslibrary/resources/derivatives/masters/9/912A6FBB-D575-47C5-87F7-44A448BE16A6_4_5005_c.jpeg"
    ],
    "ultima_modificacion": "2025-08-01 01:01:05.913861"
  },
  "9da9accfb039491ebfb5c70955fdbdd545005c.jpeg": {
    "app_sintetizada": "9DA9ACCFB039491EBFB5C70955FDBDD545005C.JPEG",
    "cantidad_archivos": 1,
    "archivos_fuente": [
      "Pictures/Fototeca de Fotos.photoslibrary/resources/derivatives/masters/9/9DA9ACCF-B039-491E-BFB5-C70955FDBDD5_4_5005_c.jpeg"
    ],
    "ultima_modificacion": "2025-08-01 01:01:05.914183"
  },
  "963fa4337f654b7c9c5f477438af2b6b45005c.jpeg": {
    "app_sintetizada": "963FA4337F654B7C9C5F477438AF2B6B45005C.JPEG",
    "cantidad_archivos": 1,
    "archivos_fuente": [
      "Pictures/Fototeca de Fotos.photoslibrary/resources/derivatives/masters/9/963FA433-7F65-4B7C-9C5F-477438AF2B6B_4_5005_c.jpeg"
    ],
    "ultima_modificacion": "2025-08-01 01:01:05.914533"
  },
  "98499a0cf6f744be94a190031b2e05a445005c.jpeg": {
    "app_sintetizada": "98499A0CF6F744BE94A190031B2E05A445005C.JPEG",
    "cantidad_archivos": 1,
    "archivos_fuente": [
      "Pictures/Fototeca de Fotos.photoslibrary/resources/derivatives/masters/9/98499A0C-F6F7-44BE-94A1-90031B2E05A4_4_5005_c.jpeg"
    ],
    "ultima_modificacion": "2025-08-01 01:01:05.914788"
  },
  "9f44992f50ab43e3a35a07ff8007c33e45005c.jpeg": {
    "app_sintetizada": "9F44992F50AB43E3A35A07FF8007C33E45005C.JPEG",
    "cantidad_archivos": 1,
    "archivos_fuente": [
      "Pictures/Fototeca de Fotos.photoslibrary/resources/derivatives/masters/9/9F44992F-50AB-43E3-A35A-07FF8007C33E_4_5005_c.jpeg"
    ],
    "ultima_modificacion": "2025-08-01 01:01:05.915049"
  },
  "9898eed34b6a4f9cb94c84dabd70335745005c.jpeg": {
    "app_sintetizada": "9898EED34B6A4F9CB94C84DABD70335745005C.JPEG",
    "cantidad_archivos": 1,
    "archivos_fuente": [
      "Pictures/Fototeca de Fotos.photoslibrary/resources/derivatives/masters/9/9898EED3-4B6A-4F9C-B94C-84DABD703357_4_5005_c.jpeg"
    ],
    "ultima_modificacion": "2025-08-01 01:01:05.915312"
  },
  "9cb97bc00ec843e29a6ef162ba2723b245005c.jpeg": {
    "app_sintetizada": "9CB97BC00EC843E29A6EF162BA2723B245005C.JPEG",
    "cantidad_archivos": 1,
    "archivos_fuente": [
      "Pictures/Fototeca de Fotos.photoslibrary/resources/derivatives/masters/9/9CB97BC0-0EC8-43E2-9A6E-F162BA2723B2_4_5005_c.jpeg"
    ],
    "ultima_modificacion": "2025-08-01 01:01:05.915651"
  },
  "930bc75a734a4bb29ce53273d45f8e2545005c.jpeg": {
    "app_sintetizada": "930BC75A734A4BB29CE53273D45F8E2545005C.JPEG",
    "cantidad_archivos": 1,
    "archivos_fuente": [
      "Pictures/Fototeca de Fotos.photoslibrary/resources/derivatives/masters/9/930BC75A-734A-4BB2-9CE5-3273D45F8E25_4_5005_c.jpeg"
    ],
    "ultima_modificacion": "2025-08-01 01:01:05.915916"
  },
  "912dfbac323d48aeb268bf647772007345005c.jpeg": {
    "app_sintetizada": "912DFBAC323D48AEB268BF647772007345005C.JPEG",
    "cantidad_archivos": 1,
    "archivos_fuente": [
      "Pictures/Fototeca de Fotos.photoslibrary/resources/derivatives/masters/9/912DFBAC-323D-48AE-B268-BF6477720073_4_5005_c.jpeg"
    ],
    "ultima_modificacion": "2025-08-01 01:01:05.916253"
  },
  "90c1836d30ff4a229c56706cf6247f3c45005c.jpeg": {
    "app_sintetizada": "90C1836D30FF4A229C56706CF6247F3C45005C.JPEG",
    "cantidad_archivos": 1,
    "archivos_fuente": [
      "Pictures/Fototeca de Fotos.photoslibrary/resources/derivatives/masters/9/90C1836D-30FF-4A22-9C56-706CF6247F3C_4_5005_c.jpeg"
    ],
    "ultima_modificacion": "2025-08-01 01:01:05.916651"
  },
  "9327690d180545638280bbc2ccd260de45005c.jpeg": {
    "app_sintetizada": "9327690D180545638280BBC2CCD260DE45005C.JPEG",
    "cantidad_archivos": 1,
    "archivos_fuente": [
      "Pictures/Fototeca de Fotos.photoslibrary/resources/derivatives/masters/9/9327690D-1805-4563-8280-BBC2CCD260DE_4_5005_c.jpeg"
    ],
    "ultima_modificacion": "2025-08-01 01:01:05.917200"
  },
  "992dd3398b814851a87a59c494fdd53545005c.jpeg": {
    "app_sintetizada": "992DD3398B814851A87A59C494FDD53545005C.JPEG",
    "cantidad_archivos": 1,
    "archivos_fuente": [
      "Pictures/Fototeca de Fotos.photoslibrary/resources/derivatives/masters/9/992DD339-8B81-4851-A87A-59C494FDD535_4_5005_c.jpeg"
    ],
    "ultima_modificacion": "2025-08-01 01:01:05.917474"
  },
  "9e034115f0eb41b4937cf5ec46c1cd9945005c.jpeg": {
    "app_sintetizada": "9E034115F0EB41B4937CF5EC46C1CD9945005C.JPEG",
    "cantidad_archivos": 1,
    "archivos_fuente": [
      "Pictures/Fototeca de Fotos.photoslibrary/resources/derivatives/masters/9/9E034115-F0EB-41B4-937C-F5EC46C1CD99_4_5005_c.jpeg"
    ],
    "ultima_modificacion": "2025-08-01 01:01:05.918166"
  },
  "96462342fafd4c3e9953e259bf0e9ec545005c.jpeg": {
    "app_sintetizada": "96462342FAFD4C3E9953E259BF0E9EC545005C.JPEG",
    "cantidad_archivos": 1,
    "archivos_fuente": [
      "Pictures/Fototeca de Fotos.photoslibrary/resources/derivatives/masters/9/96462342-FAFD-4C3E-9953-E259BF0E9EC5_4_5005_c.jpeg"
    ],
    "ultima_modificacion": "2025-08-01 01:01:05.918523"
  },
  "9b6f321c88f440eb885bfbc66e3bb9e945005c.jpeg": {
    "app_sintetizada": "9B6F321C88F440EB885BFBC66E3BB9E945005C.JPEG",
    "cantidad_archivos": 1,
    "archivos_fuente": [
      "Pictures/Fototeca de Fotos.photoslibrary/resources/derivatives/masters/9/9B6F321C-88F4-40EB-885B-FBC66E3BB9E9_4_5005_c.jpeg"
    ],
    "ultima_modificacion": "2025-08-01 01:01:05.918774"
  },
  "90ee5f9ce71045069891e5a331be6bf345005c.jpeg": {
    "app_sintetizada": "90EE5F9CE71045069891E5A331BE6BF345005C.JPEG",
    "cantidad_archivos": 1,
    "archivos_fuente": [
      "Pictures/Fototeca de Fotos.photoslibrary/resources/derivatives/masters/9/90EE5F9C-E710-4506-9891-E5A331BE6BF3_4_5005_c.jpeg"
    ],
    "ultima_modificacion": "2025-08-01 01:01:05.919022"
  },
  "9aa8b1b6a1354144b7ccebf1938911b045005c.jpeg": {
    "app_sintetizada": "9AA8B1B6A1354144B7CCEBF1938911B045005C.JPEG",
    "cantidad_archivos": 1,
    "archivos_fuente": [
      "Pictures/Fototeca de Fotos.photoslibrary/resources/derivatives/masters/9/9AA8B1B6-A135-4144-B7CC-EBF1938911B0_4_5005_c.jpeg"
    ],
    "ultima_modificacion": "2025-08-01 01:01:05.919295"
  },
  "979224d5a196421f9dc5327628ed122b45005c.jpeg": {
    "app_sintetizada": "979224D5A196421F9DC5327628ED122B45005C.JPEG",
    "cantidad_archivos": 1,
    "archivos_fuente": [
      "Pictures/Fototeca de Fotos.photoslibrary/resources/derivatives/masters/9/979224D5-A196-421F-9DC5-327628ED122B_4_5005_c.jpeg"
    ],
    "ultima_modificacion": "2025-08-01 01:01:05.919554"
  },
  "98403b2281f54d4eb72ea3b41976ee5c45005c.jpeg": {
    "app_sintetizada": "98403B2281F54D4EB72EA3B41976EE5C45005C.JPEG",
    "cantidad_archivos": 1,
    "archivos_fuente": [
      "Pictures/Fototeca de Fotos.photoslibrary/resources/derivatives/masters/9/98403B22-81F5-4D4E-B72E-A3B41976EE5C_4_5005_c.jpeg"
    ],
    "ultima_modificacion": "2025-08-01 01:01:05.919804"
  },
  "9b635986346b4601bcd4ddfef11cb0b745005c.jpeg": {
    "app_sintetizada": "9B635986346B4601BCD4DDFEF11CB0B745005C.JPEG",
    "cantidad_archivos": 1,
    "archivos_fuente": [
      "Pictures/Fototeca de Fotos.photoslibrary/resources/derivatives/masters/9/9B635986-346B-4601-BCD4-DDFEF11CB0B7_4_5005_c.jpeg"
    ],
    "ultima_modificacion": "2025-08-01 01:01:05.920076"
  },
  "9c255b74ae824f20a06ee7bf40fc54f345005c.jpeg": {
    "app_sintetizada": "9C255B74AE824F20A06EE7BF40FC54F345005C.JPEG",
    "cantidad_archivos": 1,
    "archivos_fuente": [
      "Pictures/Fototeca de Fotos.photoslibrary/resources/derivatives/masters/9/9C255B74-AE82-4F20-A06E-E7BF40FC54F3_4_5005_c.jpeg"
    ],
    "ultima_modificacion": "2025-08-01 01:01:05.920334"
  },
  "932e8a5885bb4eaba5100d9c8474c3e545005c.jpeg": {
    "app_sintetizada": "932E8A5885BB4EABA5100D9C8474C3E545005C.JPEG",
    "cantidad_archivos": 1,
    "archivos_fuente": [
      "Pictures/Fototeca de Fotos.photoslibrary/resources/derivatives/masters/9/932E8A58-85BB-4EAB-A510-0D9C8474C3E5_4_5005_c.jpeg"
    ],
    "ultima_modificacion": "2025-08-01 01:01:05.920655"
  },
  "9bfcc46bd9e84d9497fb96b92ffe5f6645005c.jpeg": {
    "app_sintetizada": "9BFCC46BD9E84D9497FB96B92FFE5F6645005C.JPEG",
    "cantidad_archivos": 1,
    "archivos_fuente": [
      "Pictures/Fototeca de Fotos.photoslibrary/resources/derivatives/masters/9/9BFCC46B-D9E8-4D94-97FB-96B92FFE5F66_4_5005_c.jpeg"
    ],
    "ultima_modificacion": "2025-08-01 01:01:05.920891"
  },
  "9e97047734c64f62a04e8d7b788de3a745005c.jpeg": {
    "app_sintetizada": "9E97047734C64F62A04E8D7B788DE3A745005C.JPEG",
    "cantidad_archivos": 1,
    "archivos_fuente": [
      "Pictures/Fototeca de Fotos.photoslibrary/resources/derivatives/masters/9/9E970477-34C6-4F62-A04E-8D7B788DE3A7_4_5005_c.jpeg"
    ],
    "ultima_modificacion": "2025-08-01 01:01:05.921142"
  },
  "9085820e63b44964b90a574fdf73455145005c.jpeg": {
    "app_sintetizada": "9085820E63B44964B90A574FDF73455145005C.JPEG",
    "cantidad_archivos": 1,
    "archivos_fuente": [
      "Pictures/Fototeca de Fotos.photoslibrary/resources/derivatives/masters/9/9085820E-63B4-4964-B90A-574FDF734551_4_5005_c.jpeg"
    ],
    "ultima_modificacion": "2025-08-01 01:01:05.921429"
  },
  "9bb7372a26a24fa0a3e51f5844365e6745005c.jpeg": {
    "app_sintetizada": "9BB7372A26A24FA0A3E51F5844365E6745005C.JPEG",
    "cantidad_archivos": 1,
    "archivos_fuente": [
      "Pictures/Fototeca de Fotos.photoslibrary/resources/derivatives/masters/9/9BB7372A-26A2-4FA0-A3E5-1F5844365E67_4_5005_c.jpeg"
    ],
    "ultima_modificacion": "2025-08-01 01:01:05.921671"
  },
  "97f3b0992e0942f9bf0475606cb8c4eb45005c.jpeg": {
    "app_sintetizada": "97F3B0992E0942F9BF0475606CB8C4EB45005C.JPEG",
    "cantidad_archivos": 1,
    "archivos_fuente": [
      "Pictures/Fototeca de Fotos.photoslibrary/resources/derivatives/masters/9/97F3B099-2E09-42F9-BF04-75606CB8C4EB_4_5005_c.jpeg"
    ],
    "ultima_modificacion": "2025-08-01 01:01:05.921930"
  },
  "9dad8b1831ac4d51acd3be66dfec326445005c.jpeg": {
    "app_sintetizada": "9DAD8B1831AC4D51ACD3BE66DFEC326445005C.JPEG",
    "cantidad_archivos": 1,
    "archivos_fuente": [
      "Pictures/Fototeca de Fotos.photoslibrary/resources/derivatives/masters/9/9DAD8B18-31AC-4D51-ACD3-BE66DFEC3264_4_5005_c.jpeg"
    ],
    "ultima_modificacion": "2025-08-01 01:01:05.922213"
  },
  "9c34b4a28f75440dadb7746d16bf737245005c.jpeg": {
    "app_sintetizada": "9C34B4A28F75440DADB7746D16BF737245005C.JPEG",
    "cantidad_archivos": 1,
    "archivos_fuente": [
      "Pictures/Fototeca de Fotos.photoslibrary/resources/derivatives/masters/9/9C34B4A2-8F75-440D-ADB7-746D16BF7372_4_5005_c.jpeg"
    ],
    "ultima_modificacion": "2025-08-01 01:01:05.922543"
  },
  "9e50bf0d78f946ad9286d6831108644845005c.jpeg": {
    "app_sintetizada": "9E50BF0D78F946AD9286D6831108644845005C.JPEG",
    "cantidad_archivos": 1,
    "archivos_fuente": [
      "Pictures/Fototeca de Fotos.photoslibrary/resources/derivatives/masters/9/9E50BF0D-78F9-46AD-9286-D68311086448_4_5005_c.jpeg"
    ],
    "ultima_modificacion": "2025-08-01 01:01:05.922806"
  },
  "97f4b93d6262494387b7bba35b45905345005c.jpeg": {
    "app_sintetizada": "97F4B93D6262494387B7BBA35B45905345005C.JPEG",
    "cantidad_archivos": 1,
    "archivos_fuente": [
      "Pictures/Fototeca de Fotos.photoslibrary/resources/derivatives/masters/9/97F4B93D-6262-4943-87B7-BBA35B459053_4_5005_c.jpeg"
    ],
    "ultima_modificacion": "2025-08-01 01:01:05.923103"
  },
  "98ecb791e9c543f8a34054fccdb91f0745005c.jpeg": {
    "app_sintetizada": "98ECB791E9C543F8A34054FCCDB91F0745005C.JPEG",
    "cantidad_archivos": 1,
    "archivos_fuente": [
      "Pictures/Fototeca de Fotos.photoslibrary/resources/derivatives/masters/9/98ECB791-E9C5-43F8-A340-54FCCDB91F07_4_5005_c.jpeg"
    ],
    "ultima_modificacion": "2025-08-01 01:01:05.923352"
  },
  "9e59312888ec49169c79248502a4d4ef45005c.jpeg": {
    "app_sintetizada": "9E59312888EC49169C79248502A4D4EF45005C.JPEG",
    "cantidad_archivos": 1,
    "archivos_fuente": [
      "Pictures/Fototeca de Fotos.photoslibrary/resources/derivatives/masters/9/9E593128-88EC-4916-9C79-248502A4D4EF_4_5005_c.jpeg"
    ],
    "ultima_modificacion": "2025-08-01 01:01:05.923639"
  },
  "9db9666dc6d04e9c9989cad94640b0ae45005c.jpeg": {
    "app_sintetizada": "9DB9666DC6D04E9C9989CAD94640B0AE45005C.JPEG",
    "cantidad_archivos": 1,
    "archivos_fuente": [
      "Pictures/Fototeca de Fotos.photoslibrary/resources/derivatives/masters/9/9DB9666D-C6D0-4E9C-9989-CAD94640B0AE_4_5005_c.jpeg"
    ],
    "ultima_modificacion": "2025-08-01 01:01:05.923878"
  },
  "95ec79354ffd4a6190ba2d79e65bae5745005c.jpeg": {
    "app_sintetizada": "95EC79354FFD4A6190BA2D79E65BAE5745005C.JPEG",
    "cantidad_archivos": 1,
    "archivos_fuente": [
      "Pictures/Fototeca de Fotos.photoslibrary/resources/derivatives/masters/9/95EC7935-4FFD-4A61-90BA-2D79E65BAE57_4_5005_c.jpeg"
    ],
    "ultima_modificacion": "2025-08-01 01:01:05.924202"
  },
  "93420e0a913148e19683002033e492ab45005c.jpeg": {
    "app_sintetizada": "93420E0A913148E19683002033E492AB45005C.JPEG",
    "cantidad_archivos": 1,
    "archivos_fuente": [
      "Pictures/Fototeca de Fotos.photoslibrary/resources/derivatives/masters/9/93420E0A-9131-48E1-9683-002033E492AB_4_5005_c.jpeg"
    ],
    "ultima_modificacion": "2025-08-01 01:01:05.924462"
  },
  "9dcbc17a178a49b988910602e9b0581845005c.jpeg": {
    "app_sintetizada": "9DCBC17A178A49B988910602E9B0581845005C.JPEG",
    "cantidad_archivos": 1,
    "archivos_fuente": [
      "Pictures/Fototeca de Fotos.photoslibrary/resources/derivatives/masters/9/9DCBC17A-178A-49B9-8891-0602E9B05818_4_5005_c.jpeg"
    ],
    "ultima_modificacion": "2025-08-01 01:01:05.924907"
  },
  "9dba9f5fbfd5426287516fc08eb6c6b645005c.jpeg": {
    "app_sintetizada": "9DBA9F5FBFD5426287516FC08EB6C6B645005C.JPEG",
    "cantidad_archivos": 1,
    "archivos_fuente": [
      "Pictures/Fototeca de Fotos.photoslibrary/resources/derivatives/masters/9/9DBA9F5F-BFD5-4262-8751-6FC08EB6C6B6_4_5005_c.jpeg"
    ],
    "ultima_modificacion": "2025-08-01 01:01:05.925617"
  },
  "9179562b822c4df9b080823b2bdef66545005c.jpeg": {
    "app_sintetizada": "9179562B822C4DF9B080823B2BDEF66545005C.JPEG",
    "cantidad_archivos": 1,
    "archivos_fuente": [
      "Pictures/Fototeca de Fotos.photoslibrary/resources/derivatives/masters/9/9179562B-822C-4DF9-B080-823B2BDEF665_4_5005_c.jpeg"
    ],
    "ultima_modificacion": "2025-08-01 01:01:05.926056"
  },
  "93ba61b560be4bdaace00f332ada0b7745005c.jpeg": {
    "app_sintetizada": "93BA61B560BE4BDAACE00F332ADA0B7745005C.JPEG",
    "cantidad_archivos": 1,
    "archivos_fuente": [
      "Pictures/Fototeca de Fotos.photoslibrary/resources/derivatives/masters/9/93BA61B5-60BE-4BDA-ACE0-0F332ADA0B77_4_5005_c.jpeg"
    ],
    "ultima_modificacion": "2025-08-01 01:01:05.927070"
  },
  "954fc20e6a784800a27a727db707a69f45005c.jpeg": {
    "app_sintetizada": "954FC20E6A784800A27A727DB707A69F45005C.JPEG",
    "cantidad_archivos": 1,
    "archivos_fuente": [
      "Pictures/Fototeca de Fotos.photoslibrary/resources/derivatives/masters/9/954FC20E-6A78-4800-A27A-727DB707A69F_4_5005_c.jpeg"
    ],
    "ultima_modificacion": "2025-08-01 01:01:05.927377"
  },
  "9a6dd30823bb490391949952b2c8009b45005c.jpeg": {
    "app_sintetizada": "9A6DD30823BB490391949952B2C8009B45005C.JPEG",
    "cantidad_archivos": 1,
    "archivos_fuente": [
      "Pictures/Fototeca de Fotos.photoslibrary/resources/derivatives/masters/9/9A6DD308-23BB-4903-9194-9952B2C8009B_4_5005_c.jpeg"
    ],
    "ultima_modificacion": "2025-08-01 01:01:05.927761"
  },
  "93811d9bbb8140cbbc635e589d8af38945005c.jpeg": {
    "app_sintetizada": "93811D9BBB8140CBBC635E589D8AF38945005C.JPEG",
    "cantidad_archivos": 1,
    "archivos_fuente": [
      "Pictures/Fototeca de Fotos.photoslibrary/resources/derivatives/masters/9/93811D9B-BB81-40CB-BC63-5E589D8AF389_4_5005_c.jpeg"
    ],
    "ultima_modificacion": "2025-08-01 01:01:05.928024"
  },
  "9be7777822af45ba99b17f346ae72d0645005c.jpeg": {
    "app_sintetizada": "9BE7777822AF45BA99B17F346AE72D0645005C.JPEG",
    "cantidad_archivos": 1,
    "archivos_fuente": [
      "Pictures/Fototeca de Fotos.photoslibrary/resources/derivatives/masters/9/9BE77778-22AF-45BA-99B1-7F346AE72D06_4_5005_c.jpeg"
    ],
    "ultima_modificacion": "2025-08-01 01:01:05.928302"
  },
  "9c1687d4bfb649d58f3010e8ee1524ee45005c.jpeg": {
    "app_sintetizada": "9C1687D4BFB649D58F3010E8EE1524EE45005C.JPEG",
    "cantidad_archivos": 1,
    "archivos_fuente": [
      "Pictures/Fototeca de Fotos.photoslibrary/resources/derivatives/masters/9/9C1687D4-BFB6-49D5-8F30-10E8EE1524EE_4_5005_c.jpeg"
    ],
    "ultima_modificacion": "2025-08-01 01:01:05.928635"
  },
  "9166f3dc185a4650b595cb3238262aea45005c.jpeg": {
    "app_sintetizada": "9166F3DC185A4650B595CB3238262AEA45005C.JPEG",
    "cantidad_archivos": 1,
    "archivos_fuente": [
      "Pictures/Fototeca de Fotos.photoslibrary/resources/derivatives/masters/9/9166F3DC-185A-4650-B595-CB3238262AEA_4_5005_c.jpeg"
    ],
    "ultima_modificacion": "2025-08-01 01:01:05.928991"
  },
  "9714ed05ecc944c38a1b3f82d7a7102745005c.jpeg": {
    "app_sintetizada": "9714ED05ECC944C38A1B3F82D7A7102745005C.JPEG",
    "cantidad_archivos": 1,
    "archivos_fuente": [
      "Pictures/Fototeca de Fotos.photoslibrary/resources/derivatives/masters/9/9714ED05-ECC9-44C3-8A1B-3F82D7A71027_4_5005_c.jpeg"
    ],
    "ultima_modificacion": "2025-08-01 01:01:05.929433"
  },
  "967256ac3ba64dcd9990ec091d9f31d845005c.jpeg": {
    "app_sintetizada": "967256AC3BA64DCD9990EC091D9F31D845005C.JPEG",
    "cantidad_archivos": 1,
    "archivos_fuente": [
      "Pictures/Fototeca de Fotos.photoslibrary/resources/derivatives/masters/9/967256AC-3BA6-4DCD-9990-EC091D9F31D8_4_5005_c.jpeg"
    ],
    "ultima_modificacion": "2025-08-01 01:01:05.929886"
  },
  "9382d030766648b1bf538b5eec4a69e145005c.jpeg": {
    "app_sintetizada": "9382D030766648B1BF538B5EEC4A69E145005C.JPEG",
    "cantidad_archivos": 1,
    "archivos_fuente": [
      "Pictures/Fototeca de Fotos.photoslibrary/resources/derivatives/masters/9/9382D030-7666-48B1-BF53-8B5EEC4A69E1_4_5005_c.jpeg"
    ],
    "ultima_modificacion": "2025-08-01 01:01:05.930242"
  },
  "9f2576dd733d453483eeb32139b3191245005c.jpeg": {
    "app_sintetizada": "9F2576DD733D453483EEB32139B3191245005C.JPEG",
    "cantidad_archivos": 1,
    "archivos_fuente": [
      "Pictures/Fototeca de Fotos.photoslibrary/resources/derivatives/masters/9/9F2576DD-733D-4534-83EE-B32139B31912_4_5005_c.jpeg"
    ],
    "ultima_modificacion": "2025-08-01 01:01:05.930548"
  },
  "9daa1522fb244361a513fb55438807ed45005c.jpeg": {
    "app_sintetizada": "9DAA1522FB244361A513FB55438807ED45005C.JPEG",
    "cantidad_archivos": 1,
    "archivos_fuente": [
      "Pictures/Fototeca de Fotos.photoslibrary/resources/derivatives/masters/9/9DAA1522-FB24-4361-A513-FB55438807ED_4_5005_c.jpeg"
    ],
    "ultima_modificacion": "2025-08-01 01:01:05.930852"
  },
  "993f2dc6dd774a0aa4ea45cfc653f80745005c.jpeg": {
    "app_sintetizada": "993F2DC6DD774A0AA4EA45CFC653F80745005C.JPEG",
    "cantidad_archivos": 1,
    "archivos_fuente": [
      "Pictures/Fototeca de Fotos.photoslibrary/resources/derivatives/masters/9/993F2DC6-DD77-4A0A-A4EA-45CFC653F807_4_5005_c.jpeg"
    ],
    "ultima_modificacion": "2025-08-01 01:01:05.931110"
  },
  "97cbf9e70fc74e94814926ce400e3ea845005c.jpeg": {
    "app_sintetizada": "97CBF9E70FC74E94814926CE400E3EA845005C.JPEG",
    "cantidad_archivos": 1,
    "archivos_fuente": [
      "Pictures/Fototeca de Fotos.photoslibrary/resources/derivatives/masters/9/97CBF9E7-0FC7-4E94-8149-26CE400E3EA8_4_5005_c.jpeg"
    ],
    "ultima_modificacion": "2025-08-01 01:01:05.931350"
  },
  "9d4f49293f9a4ed39737b9627a6ab31145005c.jpeg": {
    "app_sintetizada": "9D4F49293F9A4ED39737B9627A6AB31145005C.JPEG",
    "cantidad_archivos": 1,
    "archivos_fuente": [
      "Pictures/Fototeca de Fotos.photoslibrary/resources/derivatives/masters/9/9D4F4929-3F9A-4ED3-9737-B9627A6AB311_4_5005_c.jpeg"
    ],
    "ultima_modificacion": "2025-08-01 01:01:05.931602"
  },
  "9067df0ad8c04eac873cb14f94d45a3345005c.jpeg": {
    "app_sintetizada": "9067DF0AD8C04EAC873CB14F94D45A3345005C.JPEG",
    "cantidad_archivos": 1,
    "archivos_fuente": [
      "Pictures/Fototeca de Fotos.photoslibrary/resources/derivatives/masters/9/9067DF0A-D8C0-4EAC-873C-B14F94D45A33_4_5005_c.jpeg"
    ],
    "ultima_modificacion": "2025-08-01 01:01:05.931923"
  },
  "94be586d964c4e67a0758ec85b61068c45005c.jpeg": {
    "app_sintetizada": "94BE586D964C4E67A0758EC85B61068C45005C.JPEG",
    "cantidad_archivos": 1,
    "archivos_fuente": [
      "Pictures/Fototeca de Fotos.photoslibrary/resources/derivatives/masters/9/94BE586D-964C-4E67-A075-8EC85B61068C_4_5005_c.jpeg"
    ],
    "ultima_modificacion": "2025-08-01 01:01:05.932171"
  },
  "983e497526ba4d43846bed999a1fe7b645005c.jpeg": {
    "app_sintetizada": "983E497526BA4D43846BED999A1FE7B645005C.JPEG",
    "cantidad_archivos": 1,
    "archivos_fuente": [
      "Pictures/Fototeca de Fotos.photoslibrary/resources/derivatives/masters/9/983E4975-26BA-4D43-846B-ED999A1FE7B6_4_5005_c.jpeg"
    ],
    "ultima_modificacion": "2025-08-01 01:01:05.932547"
  },
  "9cd4053184e74e46b1847fabee4db91245005c.jpeg": {
    "app_sintetizada": "9CD4053184E74E46B1847FABEE4DB91245005C.JPEG",
    "cantidad_archivos": 1,
    "archivos_fuente": [
      "Pictures/Fototeca de Fotos.photoslibrary/resources/derivatives/masters/9/9CD40531-84E7-4E46-B184-7FABEE4DB912_4_5005_c.jpeg"
    ],
    "ultima_modificacion": "2025-08-01 01:01:05.932929"
  },
  "938388df3aac4fc8a4c3470cd393d1d345005c.jpeg": {
    "app_sintetizada": "938388DF3AAC4FC8A4C3470CD393D1D345005C.JPEG",
    "cantidad_archivos": 1,
    "archivos_fuente": [
      "Pictures/Fototeca de Fotos.photoslibrary/resources/derivatives/masters/9/938388DF-3AAC-4FC8-A4C3-470CD393D1D3_4_5005_c.jpeg"
    ],
    "ultima_modificacion": "2025-08-01 01:01:05.933532"
  },
  "9c068f6eebb448828c6ff0734ce9589845005c.jpeg": {
    "app_sintetizada": "9C068F6EEBB448828C6FF0734CE9589845005C.JPEG",
    "cantidad_archivos": 1,
    "archivos_fuente": [
      "Pictures/Fototeca de Fotos.photoslibrary/resources/derivatives/masters/9/9C068F6E-EBB4-4882-8C6F-F0734CE95898_4_5005_c.jpeg"
    ],
    "ultima_modificacion": "2025-08-01 01:01:05.933856"
  },
  "959d450d7c7341ce96bde40068ebdf9345005c.jpeg": {
    "app_sintetizada": "959D450D7C7341CE96BDE40068EBDF9345005C.JPEG",
    "cantidad_archivos": 1,
    "archivos_fuente": [
      "Pictures/Fototeca de Fotos.photoslibrary/resources/derivatives/masters/9/959D450D-7C73-41CE-96BD-E40068EBDF93_4_5005_c.jpeg"
    ],
    "ultima_modificacion": "2025-08-01 01:01:05.934578"
  },
  "9cccb848a5fd4995adf99f6dba5848a845005c.jpeg": {
    "app_sintetizada": "9CCCB848A5FD4995ADF99F6DBA5848A845005C.JPEG",
    "cantidad_archivos": 1,
    "archivos_fuente": [
      "Pictures/Fototeca de Fotos.photoslibrary/resources/derivatives/masters/9/9CCCB848-A5FD-4995-ADF9-9F6DBA5848A8_4_5005_c.jpeg"
    ],
    "ultima_modificacion": "2025-08-01 01:01:05.934989"
  },
  "98d9d604a961499f970ed43f6b126e0545005c.jpeg": {
    "app_sintetizada": "98D9D604A961499F970ED43F6B126E0545005C.JPEG",
    "cantidad_archivos": 1,
    "archivos_fuente": [
      "Pictures/Fototeca de Fotos.photoslibrary/resources/derivatives/masters/9/98D9D604-A961-499F-970E-D43F6B126E05_4_5005_c.jpeg"
    ],
    "ultima_modificacion": "2025-08-01 01:01:05.935342"
  },
  "998cf25599c347efb3f9aa04ec21573045005c.jpeg": {
    "app_sintetizada": "998CF25599C347EFB3F9AA04EC21573045005C.JPEG",
    "cantidad_archivos": 1,
    "archivos_fuente": [
      "Pictures/Fototeca de Fotos.photoslibrary/resources/derivatives/masters/9/998CF255-99C3-47EF-B3F9-AA04EC215730_4_5005_c.jpeg"
    ],
    "ultima_modificacion": "2025-08-01 01:01:05.935666"
  },
  "903fdc33cd2b44c3a3a8067a324dea3545005c.jpeg": {
    "app_sintetizada": "903FDC33CD2B44C3A3A8067A324DEA3545005C.JPEG",
    "cantidad_archivos": 1,
    "archivos_fuente": [
      "Pictures/Fototeca de Fotos.photoslibrary/resources/derivatives/masters/9/903FDC33-CD2B-44C3-A3A8-067A324DEA35_4_5005_c.jpeg"
    ],
    "ultima_modificacion": "2025-08-01 01:01:05.936009"
  },
  "94533857752b4e9380516eac135a2ce845005c.jpeg": {
    "app_sintetizada": "94533857752B4E9380516EAC135A2CE845005C.JPEG",
    "cantidad_archivos": 1,
    "archivos_fuente": [
      "Pictures/Fototeca de Fotos.photoslibrary/resources/derivatives/masters/9/94533857-752B-4E93-8051-6EAC135A2CE8_4_5005_c.jpeg"
    ],
    "ultima_modificacion": "2025-08-01 01:01:05.936329"
  },
  "9660a97466244a85a87cc708b86c62ef45005c.jpeg": {
    "app_sintetizada": "9660A97466244A85A87CC708B86C62EF45005C.JPEG",
    "cantidad_archivos": 1,
    "archivos_fuente": [
      "Pictures/Fototeca de Fotos.photoslibrary/resources/derivatives/masters/9/9660A974-6624-4A85-A87C-C708B86C62EF_4_5005_c.jpeg"
    ],
    "ultima_modificacion": "2025-08-01 01:01:05.936662"
  },
  "97a41cfc422b49719d50c86f94e8872e45005c.jpeg": {
    "app_sintetizada": "97A41CFC422B49719D50C86F94E8872E45005C.JPEG",
    "cantidad_archivos": 1,
    "archivos_fuente": [
      "Pictures/Fototeca de Fotos.photoslibrary/resources/derivatives/masters/9/97A41CFC-422B-4971-9D50-C86F94E8872E_4_5005_c.jpeg"
    ],
    "ultima_modificacion": "2025-08-01 01:01:05.936956"
  },
  "970d23b96848491b9ab2c10c546efdd945005c.jpeg": {
    "app_sintetizada": "970D23B96848491B9AB2C10C546EFDD945005C.JPEG",
    "cantidad_archivos": 1,
    "archivos_fuente": [
      "Pictures/Fototeca de Fotos.photoslibrary/resources/derivatives/masters/9/970D23B9-6848-491B-9AB2-C10C546EFDD9_4_5005_c.jpeg"
    ],
    "ultima_modificacion": "2025-08-01 01:01:05.937283"
  },
  "9639f8ca1e5b45f8aacc88370f68558445005c.jpeg": {
    "app_sintetizada": "9639F8CA1E5B45F8AACC88370F68558445005C.JPEG",
    "cantidad_archivos": 1,
    "archivos_fuente": [
      "Pictures/Fototeca de Fotos.photoslibrary/resources/derivatives/masters/9/9639F8CA-1E5B-45F8-AACC-88370F685584_4_5005_c.jpeg"
    ],
    "ultima_modificacion": "2025-08-01 01:01:05.937583"
  },
  "939e2677213f4aa9b16b90fed13cc55145005c.jpeg": {
    "app_sintetizada": "939E2677213F4AA9B16B90FED13CC55145005C.JPEG",
    "cantidad_archivos": 1,
    "archivos_fuente": [
      "Pictures/Fototeca de Fotos.photoslibrary/resources/derivatives/masters/9/939E2677-213F-4AA9-B16B-90FED13CC551_4_5005_c.jpeg"
    ],
    "ultima_modificacion": "2025-08-01 01:01:05.937890"
  },
  "9d23c70b4ce640329316847bc113474245005c.jpeg": {
    "app_sintetizada": "9D23C70B4CE640329316847BC113474245005C.JPEG",
    "cantidad_archivos": 1,
    "archivos_fuente": [
      "Pictures/Fototeca de Fotos.photoslibrary/resources/derivatives/masters/9/9D23C70B-4CE6-4032-9316-847BC1134742_4_5005_c.jpeg"
    ],
    "ultima_modificacion": "2025-08-01 01:01:05.938200"
  },
  "9775c6e5e59d49c6b23192f807c6fd5445005c.jpeg": {
    "app_sintetizada": "9775C6E5E59D49C6B23192F807C6FD5445005C.JPEG",
    "cantidad_archivos": 1,
    "archivos_fuente": [
      "Pictures/Fototeca de Fotos.photoslibrary/resources/derivatives/masters/9/9775C6E5-E59D-49C6-B231-92F807C6FD54_4_5005_c.jpeg"
    ],
    "ultima_modificacion": "2025-08-01 01:01:05.938537"
  },
  "9562dc45d84a4fea992bd76b9b82b9b845005c.jpeg": {
    "app_sintetizada": "9562DC45D84A4FEA992BD76B9B82B9B845005C.JPEG",
    "cantidad_archivos": 1,
    "archivos_fuente": [
      "Pictures/Fototeca de Fotos.photoslibrary/resources/derivatives/masters/9/9562DC45-D84A-4FEA-992B-D76B9B82B9B8_4_5005_c.jpeg"
    ],
    "ultima_modificacion": "2025-08-01 01:01:05.938860"
  },
  "978c02d2fbf148b3966f1b605aeb3f7a45005c.jpeg": {
    "app_sintetizada": "978C02D2FBF148B3966F1B605AEB3F7A45005C.JPEG",
    "cantidad_archivos": 1,
    "archivos_fuente": [
      "Pictures/Fototeca de Fotos.photoslibrary/resources/derivatives/masters/9/978C02D2-FBF1-48B3-966F-1B605AEB3F7A_4_5005_c.jpeg"
    ],
    "ultima_modificacion": "2025-08-01 01:01:05.939187"
  },
  "97bdf41aae0042da873248e028de71a445005c.jpeg": {
    "app_sintetizada": "97BDF41AAE0042DA873248E028DE71A445005C.JPEG",
    "cantidad_archivos": 1,
    "archivos_fuente": [
      "Pictures/Fototeca de Fotos.photoslibrary/resources/derivatives/masters/9/97BDF41A-AE00-42DA-8732-48E028DE71A4_4_5005_c.jpeg"
    ],
    "ultima_modificacion": "2025-08-01 01:01:05.939525"
  },
  "956294dabb2f46279c4e93579fb6b8d745005c.jpeg": {
    "app_sintetizada": "956294DABB2F46279C4E93579FB6B8D745005C.JPEG",
    "cantidad_archivos": 1,
    "archivos_fuente": [
      "Pictures/Fototeca de Fotos.photoslibrary/resources/derivatives/masters/9/956294DA-BB2F-4627-9C4E-93579FB6B8D7_4_5005_c.jpeg"
    ],
    "ultima_modificacion": "2025-08-01 01:01:05.939873"
  },
  "95337e08822f420899440a7a2d75a24a45005c.jpeg": {
    "app_sintetizada": "95337E08822F420899440A7A2D75A24A45005C.JPEG",
    "cantidad_archivos": 1,
    "archivos_fuente": [
      "Pictures/Fototeca de Fotos.photoslibrary/resources/derivatives/masters/9/95337E08-822F-4208-9944-0A7A2D75A24A_4_5005_c.jpeg"
    ],
    "ultima_modificacion": "2025-08-01 01:01:05.940196"
  },
  "91fd8ff8aaad4139a694c903d0efb93a45005c.jpeg": {
    "app_sintetizada": "91FD8FF8AAAD4139A694C903D0EFB93A45005C.JPEG",
    "cantidad_archivos": 1,
    "archivos_fuente": [
      "Pictures/Fototeca de Fotos.photoslibrary/resources/derivatives/masters/9/91FD8FF8-AAAD-4139-A694-C903D0EFB93A_4_5005_c.jpeg"
    ],
    "ultima_modificacion": "2025-08-01 01:01:05.940521"
  },
  "9af8fa1a6c7b4984875e65986b533af545005c.jpeg": {
    "app_sintetizada": "9AF8FA1A6C7B4984875E65986B533AF545005C.JPEG",
    "cantidad_archivos": 1,
    "archivos_fuente": [
      "Pictures/Fototeca de Fotos.photoslibrary/resources/derivatives/masters/9/9AF8FA1A-6C7B-4984-875E-65986B533AF5_4_5005_c.jpeg"
    ],
    "ultima_modificacion": "2025-08-01 01:01:05.941181"
  },
  "916f3c8a0faa433fb055c8860f2290c545005c.jpeg": {
    "app_sintetizada": "916F3C8A0FAA433FB055C8860F2290C545005C.JPEG",
    "cantidad_archivos": 1,
    "archivos_fuente": [
      "Pictures/Fototeca de Fotos.photoslibrary/resources/derivatives/masters/9/916F3C8A-0FAA-433F-B055-C8860F2290C5_4_5005_c.jpeg"
    ],
    "ultima_modificacion": "2025-08-01 01:01:05.942132"
  },
  "97fb0116a24840af9fe8cac91678214d45005c.jpeg": {
    "app_sintetizada": "97FB0116A24840AF9FE8CAC91678214D45005C.JPEG",
    "cantidad_archivos": 1,
    "archivos_fuente": [
      "Pictures/Fototeca de Fotos.photoslibrary/resources/derivatives/masters/9/97FB0116-A248-40AF-9FE8-CAC91678214D_4_5005_c.jpeg"
    ],
    "ultima_modificacion": "2025-08-01 01:01:05.944812"
  },
  "9d49c4cb65d843fc9a29e46bd8c1c09245005c.jpeg": {
    "app_sintetizada": "9D49C4CB65D843FC9A29E46BD8C1C09245005C.JPEG",
    "cantidad_archivos": 1,
    "archivos_fuente": [
      "Pictures/Fototeca de Fotos.photoslibrary/resources/derivatives/masters/9/9D49C4CB-65D8-43FC-9A29-E46BD8C1C092_4_5005_c.jpeg"
    ],
    "ultima_modificacion": "2025-08-01 01:01:05.945291"
  },
  "92fe3b38d48b4b8997e9ca9736d1c0bf45005c.jpeg": {
    "app_sintetizada": "92FE3B38D48B4B8997E9CA9736D1C0BF45005C.JPEG",
    "cantidad_archivos": 1,
    "archivos_fuente": [
      "Pictures/Fototeca de Fotos.photoslibrary/resources/derivatives/masters/9/92FE3B38-D48B-4B89-97E9-CA9736D1C0BF_4_5005_c.jpeg"
    ],
    "ultima_modificacion": "2025-08-01 01:01:05.945678"
  },
  "97e928af94a04a1fb98539465507acec45005c.jpeg": {
    "app_sintetizada": "97E928AF94A04A1FB98539465507ACEC45005C.JPEG",
    "cantidad_archivos": 1,
    "archivos_fuente": [
      "Pictures/Fototeca de Fotos.photoslibrary/resources/derivatives/masters/9/97E928AF-94A0-4A1F-B985-39465507ACEC_4_5005_c.jpeg"
    ],
    "ultima_modificacion": "2025-08-01 01:01:05.946055"
  },
  "94ea666cd1fa46b4b0619e9595a69c3345005c.jpeg": {
    "app_sintetizada": "94EA666CD1FA46B4B0619E9595A69C3345005C.JPEG",
    "cantidad_archivos": 1,
    "archivos_fuente": [
      "Pictures/Fototeca de Fotos.photoslibrary/resources/derivatives/masters/9/94EA666C-D1FA-46B4-B061-9E9595A69C33_4_5005_c.jpeg"
    ],
    "ultima_modificacion": "2025-08-01 01:01:05.946522"
  },
  "9525d06555894f49b2985ebdc599af9845005c.jpeg": {
    "app_sintetizada": "9525D06555894F49B2985EBDC599AF9845005C.JPEG",
    "cantidad_archivos": 1,
    "archivos_fuente": [
      "Pictures/Fototeca de Fotos.photoslibrary/resources/derivatives/masters/9/9525D065-5589-4F49-B298-5EBDC599AF98_4_5005_c.jpeg"
    ],
    "ultima_modificacion": "2025-08-01 01:01:05.946960"
  },
  "94da90c64366442fb3c40b58040d276845005c.jpeg": {
    "app_sintetizada": "94DA90C64366442FB3C40B58040D276845005C.JPEG",
    "cantidad_archivos": 1,
    "archivos_fuente": [
      "Pictures/Fototeca de Fotos.photoslibrary/resources/derivatives/masters/9/94DA90C6-4366-442F-B3C4-0B58040D2768_4_5005_c.jpeg"
    ],
    "ultima_modificacion": "2025-08-01 01:01:05.947467"
  },
  "942667cfbcef434a9e3a4a593f15102a45005c.jpeg": {
    "app_sintetizada": "942667CFBCEF434A9E3A4A593F15102A45005C.JPEG",
    "cantidad_archivos": 1,
    "archivos_fuente": [
      "Pictures/Fototeca de Fotos.photoslibrary/resources/derivatives/masters/9/942667CF-BCEF-434A-9E3A-4A593F15102A_4_5005_c.jpeg"
    ],
    "ultima_modificacion": "2025-08-01 01:01:05.947778"
  }
}