{
  "f690aa6d7d7345ce9b4a5f9df2a57afd1105c.jpeg": {
    "app_sintetizada": "F690AA6D7D7345CE9B4A5F9DF2A57AFD1105C.JPEG",
    "cantidad_archivos": 1,
    "archivos_fuente": [
      "Pictures/Fototeca de Fotos.photoslibrary/resources/derivatives/F/F690AA6D-7D73-45CE-9B4A-5F9DF2A57AFD_1_105_c.jpeg"
    ],
    "ultima_modificacion": "2025-08-01 01:01:04.867445"
  },
  "f54c08beb0d64f2881b292cf6168a6011105c.jpeg": {
    "app_sintetizada": "F54C08BEB0D64F2881B292CF6168A6011105C.JPEG",
    "cantidad_archivos": 1,
    "archivos_fuente": [
      "Pictures/Fototeca de Fotos.photoslibrary/resources/derivatives/F/F54C08BE-B0D6-4F28-81B2-92CF6168A601_1_105_c.jpeg"
    ],
    "ultima_modificacion": "2025-08-01 01:01:04.867905"
  },
  "f01e063d34da4a8284164b429d33043d1105c.jpeg": {
    "app_sintetizada": "F01E063D34DA4A8284164B429D33043D1105C.JPEG",
    "cantidad_archivos": 1,
    "archivos_fuente": [
      "Pictures/Fototeca de Fotos.photoslibrary/resources/derivatives/F/F01E063D-34DA-4A82-8416-4B429D33043D_1_105_c.jpeg"
    ],
    "ultima_modificacion": "2025-08-01 01:01:04.868337"
  },
  "ffc095103d9544689741462aaf8e7dca1105c.jpeg": {
    "app_sintetizada": "FFC095103D9544689741462AAF8E7DCA1105C.JPEG",
    "cantidad_archivos": 1,
    "archivos_fuente": [
      "Pictures/Fototeca de Fotos.photoslibrary/resources/derivatives/F/FFC09510-3D95-4468-9741-462AAF8E7DCA_1_105_c.jpeg"
    ],
    "ultima_modificacion": "2025-08-01 01:01:04.868605"
  },
  "f903bbb54f7e4712aaf92f3e677f130b1105c.jpeg": {
    "app_sintetizada": "F903BBB54F7E4712AAF92F3E677F130B1105C.JPEG",
    "cantidad_archivos": 1,
    "archivos_fuente": [
      "Pictures/Fototeca de Fotos.photoslibrary/resources/derivatives/F/F903BBB5-4F7E-4712-AAF9-2F3E677F130B_1_105_c.jpeg"
    ],
    "ultima_modificacion": "2025-08-01 01:01:04.868827"
  },
  "fd27d428b6944350a643dc639ab248e21105c.jpeg": {
    "app_sintetizada": "FD27D428B6944350A643DC639AB248E21105C.JPEG",
    "cantidad_archivos": 1,
    "archivos_fuente": [
      "Pictures/Fototeca de Fotos.photoslibrary/resources/derivatives/F/FD27D428-B694-4350-A643-DC639AB248E2_1_105_c.jpeg"
    ],
    "ultima_modificacion": "2025-08-01 01:01:04.869042"
  },
  "f57dfcd7e8ac49c4b161efa00de278b41105c.jpeg": {
    "app_sintetizada": "F57DFCD7E8AC49C4B161EFA00DE278B41105C.JPEG",
    "cantidad_archivos": 1,
    "archivos_fuente": [
      "Pictures/Fototeca de Fotos.photoslibrary/resources/derivatives/F/F57DFCD7-E8AC-49C4-B161-EFA00DE278B4_1_105_c.jpeg"
    ],
    "ultima_modificacion": "2025-08-01 01:01:04.869276"
  },
  "f31d7459f2ca4791a8d8cb4ae6acb00f1105c.jpeg": {
    "app_sintetizada": "F31D7459F2CA4791A8D8CB4AE6ACB00F1105C.JPEG",
    "cantidad_archivos": 1,
    "archivos_fuente": [
      "Pictures/Fototeca de Fotos.photoslibrary/resources/derivatives/F/F31D7459-F2CA-4791-A8D8-CB4AE6ACB00F_1_105_c.jpeg"
    ],
    "ultima_modificacion": "2025-08-01 01:01:04.869477"
  },
  "ffd53525d4f2486e9aac62479c9600fe1105c.jpeg": {
    "app_sintetizada": "FFD53525D4F2486E9AAC62479C9600FE1105C.JPEG",
    "cantidad_archivos": 1,
    "archivos_fuente": [
      "Pictures/Fototeca de Fotos.photoslibrary/resources/derivatives/F/FFD53525-D4F2-486E-9AAC-62479C9600FE_1_105_c.jpeg"
    ],
    "ultima_modificacion": "2025-08-01 01:01:04.869679"
  },
  "f76dfe1930474d13897e297c87d40edc1105c.jpeg": {
    "app_sintetizada": "F76DFE1930474D13897E297C87D40EDC1105C.JPEG",
    "cantidad_archivos": 1,
    "archivos_fuente": [
      "Pictures/Fototeca de Fotos.photoslibrary/resources/derivatives/F/F76DFE19-3047-4D13-897E-297C87D40EDC_1_105_c.jpeg"
    ],
    "ultima_modificacion": "2025-08-01 01:01:04.869932"
  },
  "f71df0f77b7445fb9425e4777841af961105c.jpeg": {
    "app_sintetizada": "F71DF0F77B7445FB9425E4777841AF961105C.JPEG",
    "cantidad_archivos": 1,
    "archivos_fuente": [
      "Pictures/Fototeca de Fotos.photoslibrary/resources/derivatives/F/F71DF0F7-7B74-45FB-9425-E4777841AF96_1_105_c.jpeg"
    ],
    "ultima_modificacion": "2025-08-01 01:01:04.870345"
  },
  "fbc29019f8024f20aeb65d133cbff2e01105c.jpeg": {
    "app_sintetizada": "FBC29019F8024F20AEB65D133CBFF2E01105C.JPEG",
    "cantidad_archivos": 1,
    "archivos_fuente": [
      "Pictures/Fototeca de Fotos.photoslibrary/resources/derivatives/F/FBC29019-F802-4F20-AEB6-5D133CBFF2E0_1_105_c.jpeg"
    ],
    "ultima_modificacion": "2025-08-01 01:01:04.870831"
  },
  "faaea68b1de94d9eb24ed45134e80ea21105c.jpeg": {
    "app_sintetizada": "FAAEA68B1DE94D9EB24ED45134E80EA21105C.JPEG",
    "cantidad_archivos": 1,
    "archivos_fuente": [
      "Pictures/Fototeca de Fotos.photoslibrary/resources/derivatives/F/FAAEA68B-1DE9-4D9E-B24E-D45134E80EA2_1_105_c.jpeg"
    ],
    "ultima_modificacion": "2025-08-01 01:01:04.871224"
  },
  "f013ddaeed7542c084553ae9b4ded0561105c.jpeg": {
    "app_sintetizada": "F013DDAEED7542C084553AE9B4DED0561105C.JPEG",
    "cantidad_archivos": 1,
    "archivos_fuente": [
      "Pictures/Fototeca de Fotos.photoslibrary/resources/derivatives/F/F013DDAE-ED75-42C0-8455-3AE9B4DED056_1_105_c.jpeg"
    ],
    "ultima_modificacion": "2025-08-01 01:01:04.871484"
  },
  "ffdc4c7d05f9429085ab3a5f068daea91105c.jpeg": {
    "app_sintetizada": "FFDC4C7D05F9429085AB3A5F068DAEA91105C.JPEG",
    "cantidad_archivos": 1,
    "archivos_fuente": [
      "Pictures/Fototeca de Fotos.photoslibrary/resources/derivatives/F/FFDC4C7D-05F9-4290-85AB-3A5F068DAEA9_1_105_c.jpeg"
    ],
    "ultima_modificacion": "2025-08-01 01:01:04.872305"
  },
  "f42257199c37477b987ce1d57d59248d1105c.jpeg": {
    "app_sintetizada": "F42257199C37477B987CE1D57D59248D1105C.JPEG",
    "cantidad_archivos": 1,
    "archivos_fuente": [
      "Pictures/Fototeca de Fotos.photoslibrary/resources/derivatives/F/F4225719-9C37-477B-987C-E1D57D59248D_1_105_c.jpeg"
    ],
    "ultima_modificacion": "2025-08-01 01:01:04.872812"
  },
  "f0b9dc843a294731bd5dccb59f7b03a11105c.jpeg": {
    "app_sintetizada": "F0B9DC843A294731BD5DCCB59F7B03A11105C.JPEG",
    "cantidad_archivos": 1,
    "archivos_fuente": [
      "Pictures/Fototeca de Fotos.photoslibrary/resources/derivatives/F/F0B9DC84-3A29-4731-BD5D-CCB59F7B03A1_1_105_c.jpeg"
    ],
    "ultima_modificacion": "2025-08-01 01:01:04.873228"
  },
  "fe77d902fb6c4dd48718ead404a4004e1105c.jpeg": {
    "app_sintetizada": "FE77D902FB6C4DD48718EAD404A4004E1105C.JPEG",
    "cantidad_archivos": 1,
    "archivos_fuente": [
      "Pictures/Fototeca de Fotos.photoslibrary/resources/derivatives/F/FE77D902-FB6C-4DD4-8718-EAD404A4004E_1_105_c.jpeg"
    ],
    "ultima_modificacion": "2025-08-01 01:01:04.874299"
  },
  "f22d235abfb8421181d1bf48d3e13dec1105c.jpeg": {
    "app_sintetizada": "F22D235ABFB8421181D1BF48D3E13DEC1105C.JPEG",
    "cantidad_archivos": 1,
    "archivos_fuente": [
      "Pictures/Fototeca de Fotos.photoslibrary/resources/derivatives/F/F22D235A-BFB8-4211-81D1-BF48D3E13DEC_1_105_c.jpeg"
    ],
    "ultima_modificacion": "2025-08-01 01:01:04.874646"
  },
  "f39d7e8022b546109a2f1847bb50d7d21105c.jpeg": {
    "app_sintetizada": "F39D7E8022B546109A2F1847BB50D7D21105C.JPEG",
    "cantidad_archivos": 1,
    "archivos_fuente": [
      "Pictures/Fototeca de Fotos.photoslibrary/resources/derivatives/F/F39D7E80-22B5-4610-9A2F-1847BB50D7D2_1_105_c.jpeg"
    ],
    "ultima_modificacion": "2025-08-01 01:01:04.874878"
  },
  "fa1a5ba17c174768be7e7d0cf0f330a81105c.jpeg": {
    "app_sintetizada": "FA1A5BA17C174768BE7E7D0CF0F330A81105C.JPEG",
    "cantidad_archivos": 1,
    "archivos_fuente": [
      "Pictures/Fototeca de Fotos.photoslibrary/resources/derivatives/F/FA1A5BA1-7C17-4768-BE7E-7D0CF0F330A8_1_105_c.jpeg"
    ],
    "ultima_modificacion": "2025-08-01 01:01:04.875341"
  },
  "f3b372b56e67484cbd3c000c2517022f1105c.jpeg": {
    "app_sintetizada": "F3B372B56E67484CBD3C000C2517022F1105C.JPEG",
    "cantidad_archivos": 1,
    "archivos_fuente": [
      "Pictures/Fototeca de Fotos.photoslibrary/resources/derivatives/F/F3B372B5-6E67-484C-BD3C-000C2517022F_1_105_c.jpeg"
    ],
    "ultima_modificacion": "2025-08-01 01:01:04.875634"
  },
  "f0de4d4ba94c4261a86f1aa30f8937c81105c.jpeg": {
    "app_sintetizada": "F0DE4D4BA94C4261A86F1AA30F8937C81105C.JPEG",
    "cantidad_archivos": 1,
    "archivos_fuente": [
      "Pictures/Fototeca de Fotos.photoslibrary/resources/derivatives/F/F0DE4D4B-A94C-4261-A86F-1AA30F8937C8_1_105_c.jpeg"
    ],
    "ultima_modificacion": "2025-08-01 01:01:04.875924"
  },
  "fdb991bbcdc84445b57ce652f4cd8c801105c.jpeg": {
    "app_sintetizada": "FDB991BBCDC84445B57CE652F4CD8C801105C.JPEG",
    "cantidad_archivos": 1,
    "archivos_fuente": [
      "Pictures/Fototeca de Fotos.photoslibrary/resources/derivatives/F/FDB991BB-CDC8-4445-B57C-E652F4CD8C80_1_105_c.jpeg"
    ],
    "ultima_modificacion": "2025-08-01 01:01:04.876196"
  },
  "fc3380a01e6a4a8ebe3408a98ec27c951105c.jpeg": {
    "app_sintetizada": "FC3380A01E6A4A8EBE3408A98EC27C951105C.JPEG",
    "cantidad_archivos": 1,
    "archivos_fuente": [
      "Pictures/Fototeca de Fotos.photoslibrary/resources/derivatives/F/FC3380A0-1E6A-4A8E-BE34-08A98EC27C95_1_105_c.jpeg"
    ],
    "ultima_modificacion": "2025-08-01 01:01:04.876449"
  },
  "fad1427c0ea34c6a8ac212a57171e0ba1100o.jpeg": {
    "app_sintetizada": "FAD1427C0EA34C6A8AC212A57171E0BA1100O.JPEG",
    "cantidad_archivos": 1,
    "archivos_fuente": [
      "Pictures/Fototeca de Fotos.photoslibrary/resources/derivatives/F/FAD1427C-0EA3-4C6A-8AC2-12A57171E0BA_1_100_o.jpeg"
    ],
    "ultima_modificacion": "2025-08-01 01:01:04.876728"
  },
  "fcbf690eee4d4fc39a90cef1ca5726e81105c.jpeg": {
    "app_sintetizada": "FCBF690EEE4D4FC39A90CEF1CA5726E81105C.JPEG",
    "cantidad_archivos": 1,
    "archivos_fuente": [
      "Pictures/Fototeca de Fotos.photoslibrary/resources/derivatives/F/FCBF690E-EE4D-4FC3-9A90-CEF1CA5726E8_1_105_c.jpeg"
    ],
    "ultima_modificacion": "2025-08-01 01:01:04.877052"
  },
  "f6ca5c0c25be41a389f003e241af634b1105c.jpeg": {
    "app_sintetizada": "F6CA5C0C25BE41A389F003E241AF634B1105C.JPEG",
    "cantidad_archivos": 1,
    "archivos_fuente": [
      "Pictures/Fototeca de Fotos.photoslibrary/resources/derivatives/F/F6CA5C0C-25BE-41A3-89F0-03E241AF634B_1_105_c.jpeg"
    ],
    "ultima_modificacion": "2025-08-01 01:01:04.877371"
  },
  "f64eb8c282554bb7877bf6596dc203fc1105c.jpeg": {
    "app_sintetizada": "F64EB8C282554BB7877BF6596DC203FC1105C.JPEG",
    "cantidad_archivos": 1,
    "archivos_fuente": [
      "Pictures/Fototeca de Fotos.photoslibrary/resources/derivatives/F/F64EB8C2-8255-4BB7-877B-F6596DC203FC_1_105_c.jpeg"
    ],
    "ultima_modificacion": "2025-08-01 01:01:04.877632"
  },
  "f2389b91ba014ce4b99cf8a78c66ac441105c.jpeg": {
    "app_sintetizada": "F2389B91BA014CE4B99CF8A78C66AC441105C.JPEG",
    "cantidad_archivos": 1,
    "archivos_fuente": [
      "Pictures/Fototeca de Fotos.photoslibrary/resources/derivatives/F/F2389B91-BA01-4CE4-B99C-F8A78C66AC44_1_105_c.jpeg"
    ],
    "ultima_modificacion": "2025-08-01 01:01:04.877979"
  },
  "f2177c233f254f908bc573944a52395d1105c.jpeg": {
    "app_sintetizada": "F2177C233F254F908BC573944A52395D1105C.JPEG",
    "cantidad_archivos": 1,
    "archivos_fuente": [
      "Pictures/Fototeca de Fotos.photoslibrary/resources/derivatives/F/F2177C23-3F25-4F90-8BC5-73944A52395D_1_105_c.jpeg"
    ],
    "ultima_modificacion": "2025-08-01 01:01:04.878227"
  },
  "fe0ea291d7b445c48b9917b10d4c93a71105c.jpeg": {
    "app_sintetizada": "FE0EA291D7B445C48B9917B10D4C93A71105C.JPEG",
    "cantidad_archivos": 1,
    "archivos_fuente": [
      "Pictures/Fototeca de Fotos.photoslibrary/resources/derivatives/F/FE0EA291-D7B4-45C4-8B99-17B10D4C93A7_1_105_c.jpeg"
    ],
    "ultima_modificacion": "2025-08-01 01:01:04.878493"
  },
  "f8b008cf41d8426682fecc0b92740e73.thm": {
    "app_sintetizada": "F8B008CF41D8426682FECC0B92740E73.THM",
    "cantidad_archivos": 1,
    "archivos_fuente": [
      "Pictures/Fototeca de Fotos.photoslibrary/resources/derivatives/F/F8B008CF-41D8-4266-82FE-CC0B92740E73.THM"
    ],
    "ultima_modificacion": "2025-08-01 01:01:04.878790"
  },
  "f3d4b8da66d040c69d6dae6e3e441c011105c.jpeg": {
    "app_sintetizada": "F3D4B8DA66D040C69D6DAE6E3E441C011105C.JPEG",
    "cantidad_archivos": 1,
    "archivos_fuente": [
      "Pictures/Fototeca de Fotos.photoslibrary/resources/derivatives/F/F3D4B8DA-66D0-40C6-9D6D-AE6E3E441C01_1_105_c.jpeg"
    ],
    "ultima_modificacion": "2025-08-01 01:01:04.879078"
  },
  "fcc2f4d05cf94fdca6d591af6f97bbd8.thm": {
    "app_sintetizada": "FCC2F4D05CF94FDCA6D591AF6F97BBD8.THM",
    "cantidad_archivos": 1,
    "archivos_fuente": [
      "Pictures/Fototeca de Fotos.photoslibrary/resources/derivatives/F/FCC2F4D0-5CF9-4FDC-A6D5-91AF6F97BBD8.THM"
    ],
    "ultima_modificacion": "2025-08-01 01:01:04.879482"
  },
  "fc0eb51b8fac4046aeb38687df321fad1105c.jpeg": {
    "app_sintetizada": "FC0EB51B8FAC4046AEB38687DF321FAD1105C.JPEG",
    "cantidad_archivos": 1,
    "archivos_fuente": [
      "Pictures/Fototeca de Fotos.photoslibrary/resources/derivatives/F/FC0EB51B-8FAC-4046-AEB3-8687DF321FAD_1_105_c.jpeg"
    ],
    "ultima_modificacion": "2025-08-01 01:01:04.879807"
  },
  "f114589b1b684283ad54caed49acda1b1105c.jpeg": {
    "app_sintetizada": "F114589B1B684283AD54CAED49ACDA1B1105C.JPEG",
    "cantidad_archivos": 1,
    "archivos_fuente": [
      "Pictures/Fototeca de Fotos.photoslibrary/resources/derivatives/F/F114589B-1B68-4283-AD54-CAED49ACDA1B_1_105_c.jpeg"
    ],
    "ultima_modificacion": "2025-08-01 01:01:04.880096"
  },
  "f289891033da40e1bc5443ebb361601f1105c.jpeg": {
    "app_sintetizada": "F289891033DA40E1BC5443EBB361601F1105C.JPEG",
    "cantidad_archivos": 1,
    "archivos_fuente": [
      "Pictures/Fototeca de Fotos.photoslibrary/resources/derivatives/F/F2898910-33DA-40E1-BC54-43EBB361601F_1_105_c.jpeg"
    ],
    "ultima_modificacion": "2025-08-01 01:01:04.880365"
  },
  "f27e0e4c00064fbebd9924c5fb5e3ee41105c.jpeg": {
    "app_sintetizada": "F27E0E4C00064FBEBD9924C5FB5E3EE41105C.JPEG",
    "cantidad_archivos": 1,
    "archivos_fuente": [
      "Pictures/Fototeca de Fotos.photoslibrary/resources/derivatives/F/F27E0E4C-0006-4FBE-BD99-24C5FB5E3EE4_1_105_c.jpeg"
    ],
    "ultima_modificacion": "2025-08-01 01:01:04.881474"
  },
  "f3f389bc74cf4c758a79af953e2d25931105c.jpeg": {
    "app_sintetizada": "F3F389BC74CF4C758A79AF953E2D25931105C.JPEG",
    "cantidad_archivos": 1,
    "archivos_fuente": [
      "Pictures/Fototeca de Fotos.photoslibrary/resources/derivatives/F/F3F389BC-74CF-4C75-8A79-AF953E2D2593_1_105_c.jpeg"
    ],
    "ultima_modificacion": "2025-08-01 01:01:04.882052"
  },
  "f7afdbde458c462b86a6d3027a5fa9d81105c.jpeg": {
    "app_sintetizada": "F7AFDBDE458C462B86A6D3027A5FA9D81105C.JPEG",
    "cantidad_archivos": 1,
    "archivos_fuente": [
      "Pictures/Fototeca de Fotos.photoslibrary/resources/derivatives/F/F7AFDBDE-458C-462B-86A6-D3027A5FA9D8_1_105_c.jpeg"
    ],
    "ultima_modificacion": "2025-08-01 01:01:04.882316"
  },
  "f4daf8945bcf41e89418b04d4eb4b8741100o.jpeg": {
    "app_sintetizada": "F4DAF8945BCF41E89418B04D4EB4B8741100O.JPEG",
    "cantidad_archivos": 1,
    "archivos_fuente": [
      "Pictures/Fototeca de Fotos.photoslibrary/resources/derivatives/F/F4DAF894-5BCF-41E8-9418-B04D4EB4B874_1_100_o.jpeg"
    ],
    "ultima_modificacion": "2025-08-01 01:01:04.882601"
  },
  "f2b4af70f1b044c28b8973262c2b54251105c.jpeg": {
    "app_sintetizada": "F2B4AF70F1B044C28B8973262C2B54251105C.JPEG",
    "cantidad_archivos": 1,
    "archivos_fuente": [
      "Pictures/Fototeca de Fotos.photoslibrary/resources/derivatives/F/F2B4AF70-F1B0-44C2-8B89-73262C2B5425_1_105_c.jpeg"
    ],
    "ultima_modificacion": "2025-08-01 01:01:04.882892"
  },
  "fbd1ea9e70ca4606813946e813ad2f291105c.jpeg": {
    "app_sintetizada": "FBD1EA9E70CA4606813946E813AD2F291105C.JPEG",
    "cantidad_archivos": 1,
    "archivos_fuente": [
      "Pictures/Fototeca de Fotos.photoslibrary/resources/derivatives/F/FBD1EA9E-70CA-4606-8139-46E813AD2F29_1_105_c.jpeg"
    ],
    "ultima_modificacion": "2025-08-01 01:01:04.883233"
  },
  "fe641d158d7a4688997f4a2b6d4ebf69.thm": {
    "app_sintetizada": "FE641D158D7A4688997F4A2B6D4EBF69.THM",
    "cantidad_archivos": 1,
    "archivos_fuente": [
      "Pictures/Fototeca de Fotos.photoslibrary/resources/derivatives/F/FE641D15-8D7A-4688-997F-4A2B6D4EBF69.THM"
    ],
    "ultima_modificacion": "2025-08-01 01:01:04.883489"
  },
  "f1b092a684444e119625e8ccad2c2c131105c.jpeg": {
    "app_sintetizada": "F1B092A684444E119625E8CCAD2C2C131105C.JPEG",
    "cantidad_archivos": 1,
    "archivos_fuente": [
      "Pictures/Fototeca de Fotos.photoslibrary/resources/derivatives/F/F1B092A6-8444-4E11-9625-E8CCAD2C2C13_1_105_c.jpeg"
    ],
    "ultima_modificacion": "2025-08-01 01:01:04.883744"
  },
  "f4cb33203b20475ba1e1f29352d254351105c.jpeg": {
    "app_sintetizada": "F4CB33203B20475BA1E1F29352D254351105C.JPEG",
    "cantidad_archivos": 1,
    "archivos_fuente": [
      "Pictures/Fototeca de Fotos.photoslibrary/resources/derivatives/F/F4CB3320-3B20-475B-A1E1-F29352D25435_1_105_c.jpeg"
    ],
    "ultima_modificacion": "2025-08-01 01:01:04.883992"
  },
  "f32dc549409b4ae3920f3047f26d5fe71105c.jpeg": {
    "app_sintetizada": "F32DC549409B4AE3920F3047F26D5FE71105C.JPEG",
    "cantidad_archivos": 1,
    "archivos_fuente": [
      "Pictures/Fototeca de Fotos.photoslibrary/resources/derivatives/F/F32DC549-409B-4AE3-920F-3047F26D5FE7_1_105_c.jpeg"
    ],
    "ultima_modificacion": "2025-08-01 01:01:04.884248"
  },
  "ff91ad85a23242278b168b25ed2f5be91105c.jpeg": {
    "app_sintetizada": "FF91AD85A23242278B168B25ED2F5BE91105C.JPEG",
    "cantidad_archivos": 1,
    "archivos_fuente": [
      "Pictures/Fototeca de Fotos.photoslibrary/resources/derivatives/F/FF91AD85-A232-4227-8B16-8B25ED2F5BE9_1_105_c.jpeg"
    ],
    "ultima_modificacion": "2025-08-01 01:01:04.884487"
  },
  "f8c8e71dd4c942e6978a0eaf5c8e34951105c.jpeg": {
    "app_sintetizada": "F8C8E71DD4C942E6978A0EAF5C8E34951105C.JPEG",
    "cantidad_archivos": 1,
    "archivos_fuente": [
      "Pictures/Fototeca de Fotos.photoslibrary/resources/derivatives/F/F8C8E71D-D4C9-42E6-978A-0EAF5C8E3495_1_105_c.jpeg"
    ],
    "ultima_modificacion": "2025-08-01 01:01:04.884740"
  },
  "fd8d87f745524b7e9b2c143445039ced1105c.jpeg": {
    "app_sintetizada": "FD8D87F745524B7E9B2C143445039CED1105C.JPEG",
    "cantidad_archivos": 1,
    "archivos_fuente": [
      "Pictures/Fototeca de Fotos.photoslibrary/resources/derivatives/F/FD8D87F7-4552-4B7E-9B2C-143445039CED_1_105_c.jpeg"
    ],
    "ultima_modificacion": "2025-08-01 01:01:04.884989"
  },
  "faa22043a87f4784a294b0dbc7c697a51105c.jpeg": {
    "app_sintetizada": "FAA22043A87F4784A294B0DBC7C697A51105C.JPEG",
    "cantidad_archivos": 1,
    "archivos_fuente": [
      "Pictures/Fototeca de Fotos.photoslibrary/resources/derivatives/F/FAA22043-A87F-4784-A294-B0DBC7C697A5_1_105_c.jpeg"
    ],
    "ultima_modificacion": "2025-08-01 01:01:04.885237"
  },
  "fcdc11bd909d47038c320b16a4dfb45d1105c.jpeg": {
    "app_sintetizada": "FCDC11BD909D47038C320B16A4DFB45D1105C.JPEG",
    "cantidad_archivos": 1,
    "archivos_fuente": [
      "Pictures/Fototeca de Fotos.photoslibrary/resources/derivatives/F/FCDC11BD-909D-4703-8C32-0B16A4DFB45D_1_105_c.jpeg"
    ],
    "ultima_modificacion": "2025-08-01 01:01:04.885483"
  },
  "f894eb5510c749d599fe1a31c0eb95b21100o.jpeg": {
    "app_sintetizada": "F894EB5510C749D599FE1A31C0EB95B21100O.JPEG",
    "cantidad_archivos": 1,
    "archivos_fuente": [
      "Pictures/Fototeca de Fotos.photoslibrary/resources/derivatives/F/F894EB55-10C7-49D5-99FE-1A31C0EB95B2_1_100_o.jpeg"
    ],
    "ultima_modificacion": "2025-08-01 01:01:04.885826"
  },
  "f689a50f0b4a4eef97fec036d7f6b817.thm": {
    "app_sintetizada": "F689A50F0B4A4EEF97FEC036D7F6B817.THM",
    "cantidad_archivos": 1,
    "archivos_fuente": [
      "Pictures/Fototeca de Fotos.photoslibrary/resources/derivatives/F/F689A50F-0B4A-4EEF-97FE-C036D7F6B817.THM"
    ],
    "ultima_modificacion": "2025-08-01 01:01:04.886128"
  },
  "ff46f23734ea42e7b98ba3586eefd1991105c.jpeg": {
    "app_sintetizada": "FF46F23734EA42E7B98BA3586EEFD1991105C.JPEG",
    "cantidad_archivos": 1,
    "archivos_fuente": [
      "Pictures/Fototeca de Fotos.photoslibrary/resources/derivatives/F/FF46F237-34EA-42E7-B98B-A3586EEFD199_1_105_c.jpeg"
    ],
    "ultima_modificacion": "2025-08-01 01:01:04.886429"
  },
  "f8f9a1a474ca493dab7909112db871111105c.jpeg": {
    "app_sintetizada": "F8F9A1A474CA493DAB7909112DB871111105C.JPEG",
    "cantidad_archivos": 1,
    "archivos_fuente": [
      "Pictures/Fototeca de Fotos.photoslibrary/resources/derivatives/F/F8F9A1A4-74CA-493D-AB79-09112DB87111_1_105_c.jpeg"
    ],
    "ultima_modificacion": "2025-08-01 01:01:04.886714"
  },
  "fe8b89d0ba2c432ca4a45300bc9c66c91105c.jpeg": {
    "app_sintetizada": "FE8B89D0BA2C432CA4A45300BC9C66C91105C.JPEG",
    "cantidad_archivos": 1,
    "archivos_fuente": [
      "Pictures/Fototeca de Fotos.photoslibrary/resources/derivatives/F/FE8B89D0-BA2C-432C-A4A4-5300BC9C66C9_1_105_c.jpeg"
    ],
    "ultima_modificacion": "2025-08-01 01:01:04.887010"
  },
  "f614d0f36c144b30af671c6ec7c25f001105c.jpeg": {
    "app_sintetizada": "F614D0F36C144B30AF671C6EC7C25F001105C.JPEG",
    "cantidad_archivos": 1,
    "archivos_fuente": [
      "Pictures/Fototeca de Fotos.photoslibrary/resources/derivatives/F/F614D0F3-6C14-4B30-AF67-1C6EC7C25F00_1_105_c.jpeg"
    ],
    "ultima_modificacion": "2025-08-01 01:01:04.887300"
  },
  "ff1e7d6975fa4dcfb6f863ae658334301105c.jpeg": {
    "app_sintetizada": "FF1E7D6975FA4DCFB6F863AE658334301105C.JPEG",
    "cantidad_archivos": 1,
    "archivos_fuente": [
      "Pictures/Fototeca de Fotos.photoslibrary/resources/derivatives/F/FF1E7D69-75FA-4DCF-B6F8-63AE65833430_1_105_c.jpeg"
    ],
    "ultima_modificacion": "2025-08-01 01:01:04.887589"
  },
  "f1fa2da0214a4b78abb233eb69f016551105c.jpeg": {
    "app_sintetizada": "F1FA2DA0214A4B78ABB233EB69F016551105C.JPEG",
    "cantidad_archivos": 1,
    "archivos_fuente": [
      "Pictures/Fototeca de Fotos.photoslibrary/resources/derivatives/F/F1FA2DA0-214A-4B78-ABB2-33EB69F01655_1_105_c.jpeg"
    ],
    "ultima_modificacion": "2025-08-01 01:01:04.887867"
  },
  "f2ee8beb43724718bcfe964a5aef2eec1105c.jpeg": {
    "app_sintetizada": "F2EE8BEB43724718BCFE964A5AEF2EEC1105C.JPEG",
    "cantidad_archivos": 1,
    "archivos_fuente": [
      "Pictures/Fototeca de Fotos.photoslibrary/resources/derivatives/F/F2EE8BEB-4372-4718-BCFE-964A5AEF2EEC_1_105_c.jpeg"
    ],
    "ultima_modificacion": "2025-08-01 01:01:04.888135"
  },
  "f25f66b64e144edc8f7f4d32f8cd62481105c.jpeg": {
    "app_sintetizada": "F25F66B64E144EDC8F7F4D32F8CD62481105C.JPEG",
    "cantidad_archivos": 1,
    "archivos_fuente": [
      "Pictures/Fototeca de Fotos.photoslibrary/resources/derivatives/F/F25F66B6-4E14-4EDC-8F7F-4D32F8CD6248_1_105_c.jpeg"
    ],
    "ultima_modificacion": "2025-08-01 01:01:04.888427"
  },
  "f66cc05dcfa344738510cc22c84f49351105c.jpeg": {
    "app_sintetizada": "F66CC05DCFA344738510CC22C84F49351105C.JPEG",
    "cantidad_archivos": 1,
    "archivos_fuente": [
      "Pictures/Fototeca de Fotos.photoslibrary/resources/derivatives/F/F66CC05D-CFA3-4473-8510-CC22C84F4935_1_105_c.jpeg"
    ],
    "ultima_modificacion": "2025-08-01 01:01:04.888712"
  },
  "f3423e0559fd4fb7b56855938c581cff1105c.jpeg": {
    "app_sintetizada": "F3423E0559FD4FB7B56855938C581CFF1105C.JPEG",
    "cantidad_archivos": 1,
    "archivos_fuente": [
      "Pictures/Fototeca de Fotos.photoslibrary/resources/derivatives/F/F3423E05-59FD-4FB7-B568-55938C581CFF_1_105_c.jpeg"
    ],
    "ultima_modificacion": "2025-08-01 01:01:04.888992"
  },
  "fca72938ab05423abf3883c9314053c81105c.jpeg": {
    "app_sintetizada": "FCA72938AB05423ABF3883C9314053C81105C.JPEG",
    "cantidad_archivos": 1,
    "archivos_fuente": [
      "Pictures/Fototeca de Fotos.photoslibrary/resources/derivatives/F/FCA72938-AB05-423A-BF38-83C9314053C8_1_105_c.jpeg"
    ],
    "ultima_modificacion": "2025-08-01 01:01:04.889282"
  },
  "f51ed8fd68c947afa78f7c622abb8ed51105c.jpeg": {
    "app_sintetizada": "F51ED8FD68C947AFA78F7C622ABB8ED51105C.JPEG",
    "cantidad_archivos": 1,
    "archivos_fuente": [
      "Pictures/Fototeca de Fotos.photoslibrary/resources/derivatives/F/F51ED8FD-68C9-47AF-A78F-7C622ABB8ED5_1_105_c.jpeg"
    ],
    "ultima_modificacion": "2025-08-01 01:01:04.889569"
  },
  "fe6f1d6c12924023a1baee8d93c2fc681105c.jpeg": {
    "app_sintetizada": "FE6F1D6C12924023A1BAEE8D93C2FC681105C.JPEG",
    "cantidad_archivos": 1,
    "archivos_fuente": [
      "Pictures/Fototeca de Fotos.photoslibrary/resources/derivatives/F/FE6F1D6C-1292-4023-A1BA-EE8D93C2FC68_1_105_c.jpeg"
    ],
    "ultima_modificacion": "2025-08-01 01:01:04.889863"
  },
  "f5739e5c26a040338d3f2744b3c46188.thm": {
    "app_sintetizada": "F5739E5C26A040338D3F2744B3C46188.THM",
    "cantidad_archivos": 1,
    "archivos_fuente": [
      "Pictures/Fototeca de Fotos.photoslibrary/resources/derivatives/F/F5739E5C-26A0-4033-8D3F-2744B3C46188.THM"
    ],
    "ultima_modificacion": "2025-08-01 01:01:04.890179"
  },
  "fd0494fe9dac47819c67e46e6b4d4d721105c.jpeg": {
    "app_sintetizada": "FD0494FE9DAC47819C67E46E6B4D4D721105C.JPEG",
    "cantidad_archivos": 1,
    "archivos_fuente": [
      "Pictures/Fototeca de Fotos.photoslibrary/resources/derivatives/F/FD0494FE-9DAC-4781-9C67-E46E6B4D4D72_1_105_c.jpeg"
    ],
    "ultima_modificacion": "2025-08-01 01:01:04.890473"
  },
  "f23cbc922c1945e897ac4c6f227973751105c.jpeg": {
    "app_sintetizada": "F23CBC922C1945E897AC4C6F227973751105C.JPEG",
    "cantidad_archivos": 1,
    "archivos_fuente": [
      "Pictures/Fototeca de Fotos.photoslibrary/resources/derivatives/F/F23CBC92-2C19-45E8-97AC-4C6F22797375_1_105_c.jpeg"
    ],
    "ultima_modificacion": "2025-08-01 01:01:04.890787"
  },
  "fb416864e4b14bb09fb3d80084ad12de1105c.jpeg": {
    "app_sintetizada": "FB416864E4B14BB09FB3D80084AD12DE1105C.JPEG",
    "cantidad_archivos": 1,
    "archivos_fuente": [
      "Pictures/Fototeca de Fotos.photoslibrary/resources/derivatives/F/FB416864-E4B1-4BB0-9FB3-D80084AD12DE_1_105_c.jpeg"
    ],
    "ultima_modificacion": "2025-08-01 01:01:04.891251"
  },
  "fafd69486fff4386821e6c8337278b3d1105c.jpeg": {
    "app_sintetizada": "FAFD69486FFF4386821E6C8337278B3D1105C.JPEG",
    "cantidad_archivos": 1,
    "archivos_fuente": [
      "Pictures/Fototeca de Fotos.photoslibrary/resources/derivatives/F/FAFD6948-6FFF-4386-821E-6C8337278B3D_1_105_c.jpeg"
    ],
    "ultima_modificacion": "2025-08-01 01:01:04.892143"
  },
  "fc56cf86686c4f52bc21475b14d0895a1105c.jpeg": {
    "app_sintetizada": "FC56CF86686C4F52BC21475B14D0895A1105C.JPEG",
    "cantidad_archivos": 1,
    "archivos_fuente": [
      "Pictures/Fototeca de Fotos.photoslibrary/resources/derivatives/F/FC56CF86-686C-4F52-BC21-475B14D0895A_1_105_c.jpeg"
    ],
    "ultima_modificacion": "2025-08-01 01:01:04.892578"
  },
  "fe64bdad110e44de8a812ee2adfa6fd61105c.jpeg": {
    "app_sintetizada": "FE64BDAD110E44DE8A812EE2ADFA6FD61105C.JPEG",
    "cantidad_archivos": 1,
    "archivos_fuente": [
      "Pictures/Fototeca de Fotos.photoslibrary/resources/derivatives/F/FE64BDAD-110E-44DE-8A81-2EE2ADFA6FD6_1_105_c.jpeg"
    ],
    "ultima_modificacion": "2025-08-01 01:01:04.893005"
  },
  "f29f57d0a4c74ac7af84ca773ca85f661105c.jpeg": {
    "app_sintetizada": "F29F57D0A4C74AC7AF84CA773CA85F661105C.JPEG",
    "cantidad_archivos": 1,
    "archivos_fuente": [
      "Pictures/Fototeca de Fotos.photoslibrary/resources/derivatives/F/F29F57D0-A4C7-4AC7-AF84-CA773CA85F66_1_105_c.jpeg"
    ],
    "ultima_modificacion": "2025-08-01 01:01:04.893385"
  },
  "fefb40d31f344df4899d340fa8525a421105c.jpeg": {
    "app_sintetizada": "FEFB40D31F344DF4899D340FA8525A421105C.JPEG",
    "cantidad_archivos": 1,
    "archivos_fuente": [
      "Pictures/Fototeca de Fotos.photoslibrary/resources/derivatives/F/FEFB40D3-1F34-4DF4-899D-340FA8525A42_1_105_c.jpeg"
    ],
    "ultima_modificacion": "2025-08-01 01:01:04.893714"
  },
  "f06a7b846ba348949d18d254f0aa66d61105c.jpeg": {
    "app_sintetizada": "F06A7B846BA348949D18D254F0AA66D61105C.JPEG",
    "cantidad_archivos": 1,
    "archivos_fuente": [
      "Pictures/Fototeca de Fotos.photoslibrary/resources/derivatives/F/F06A7B84-6BA3-4894-9D18-D254F0AA66D6_1_105_c.jpeg"
    ],
    "ultima_modificacion": "2025-08-01 01:01:04.894016"
  },
  "f94b9f7aaa6b46d38e3dca76715c228a1105c.jpeg": {
    "app_sintetizada": "F94B9F7AAA6B46D38E3DCA76715C228A1105C.JPEG",
    "cantidad_archivos": 1,
    "archivos_fuente": [
      "Pictures/Fototeca de Fotos.photoslibrary/resources/derivatives/F/F94B9F7A-AA6B-46D3-8E3D-CA76715C228A_1_105_c.jpeg"
    ],
    "ultima_modificacion": "2025-08-01 01:01:04.894321"
  },
  "faa0277c078a47f297486b76cc2beaac1105c.jpeg": {
    "app_sintetizada": "FAA0277C078A47F297486B76CC2BEAAC1105C.JPEG",
    "cantidad_archivos": 1,
    "archivos_fuente": [
      "Pictures/Fototeca de Fotos.photoslibrary/resources/derivatives/F/FAA0277C-078A-47F2-9748-6B76CC2BEAAC_1_105_c.jpeg"
    ],
    "ultima_modificacion": "2025-08-01 01:01:04.894599"
  },
  "f69d4d5b2d884085a8c4be88863b98a31105c.jpeg": {
    "app_sintetizada": "F69D4D5B2D884085A8C4BE88863B98A31105C.JPEG",
    "cantidad_archivos": 1,
    "archivos_fuente": [
      "Pictures/Fototeca de Fotos.photoslibrary/resources/derivatives/F/F69D4D5B-2D88-4085-A8C4-BE88863B98A3_1_105_c.jpeg"
    ],
    "ultima_modificacion": "2025-08-01 01:01:04.894888"
  },
  "f5a12b947c8f4bad907bceaa3e1948af1105c.jpeg": {
    "app_sintetizada": "F5A12B947C8F4BAD907BCEAA3E1948AF1105C.JPEG",
    "cantidad_archivos": 1,
    "archivos_fuente": [
      "Pictures/Fototeca de Fotos.photoslibrary/resources/derivatives/F/F5A12B94-7C8F-4BAD-907B-CEAA3E1948AF_1_105_c.jpeg"
    ],
    "ultima_modificacion": "2025-08-01 01:01:04.895192"
  },
  "f5f3d48ed31f4556b0fdb42d61a21c311105c.jpeg": {
    "app_sintetizada": "F5F3D48ED31F4556B0FDB42D61A21C311105C.JPEG",
    "cantidad_archivos": 1,
    "archivos_fuente": [
      "Pictures/Fototeca de Fotos.photoslibrary/resources/derivatives/F/F5F3D48E-D31F-4556-B0FD-B42D61A21C31_1_105_c.jpeg"
    ],
    "ultima_modificacion": "2025-08-01 01:01:04.895523"
  },
  "fce3a66894e24aeb916c3facf6a4b80f1105c.jpeg": {
    "app_sintetizada": "FCE3A66894E24AEB916C3FACF6A4B80F1105C.JPEG",
    "cantidad_archivos": 1,
    "archivos_fuente": [
      "Pictures/Fototeca de Fotos.photoslibrary/resources/derivatives/F/FCE3A668-94E2-4AEB-916C-3FACF6A4B80F_1_105_c.jpeg"
    ],
    "ultima_modificacion": "2025-08-01 01:01:04.895812"
  },
  "fbc303fd14bb4bfb998d350ba007c2031105c.jpeg": {
    "app_sintetizada": "FBC303FD14BB4BFB998D350BA007C2031105C.JPEG",
    "cantidad_archivos": 1,
    "archivos_fuente": [
      "Pictures/Fototeca de Fotos.photoslibrary/resources/derivatives/F/FBC303FD-14BB-4BFB-998D-350BA007C203_1_105_c.jpeg"
    ],
    "ultima_modificacion": "2025-08-01 01:01:04.896121"
  },
  "f6e0c2fa276d4cf89d76d675653ea7f91105c.jpeg": {
    "app_sintetizada": "F6E0C2FA276D4CF89D76D675653EA7F91105C.JPEG",
    "cantidad_archivos": 1,
    "archivos_fuente": [
      "Pictures/Fototeca de Fotos.photoslibrary/resources/derivatives/F/F6E0C2FA-276D-4CF8-9D76-D675653EA7F9_1_105_c.jpeg"
    ],
    "ultima_modificacion": "2025-08-01 01:01:04.896412"
  },
  "f6cec8f2df6e4ae5a78b723be18e21fd1105c.jpeg": {
    "app_sintetizada": "F6CEC8F2DF6E4AE5A78B723BE18E21FD1105C.JPEG",
    "cantidad_archivos": 1,
    "archivos_fuente": [
      "Pictures/Fototeca de Fotos.photoslibrary/resources/derivatives/F/F6CEC8F2-DF6E-4AE5-A78B-723BE18E21FD_1_105_c.jpeg"
    ],
    "ultima_modificacion": "2025-08-01 01:01:04.896698"
  },
  "f1c071b80f6f45d0992685195cb8764b1105c.jpeg": {
    "app_sintetizada": "F1C071B80F6F45D0992685195CB8764B1105C.JPEG",
    "cantidad_archivos": 1,
    "archivos_fuente": [
      "Pictures/Fototeca de Fotos.photoslibrary/resources/derivatives/F/F1C071B8-0F6F-45D0-9926-85195CB8764B_1_105_c.jpeg"
    ],
    "ultima_modificacion": "2025-08-01 01:01:04.896998"
  },
  "f0cc379a25c0427d9a2270080511fa631105c.jpeg": {
    "app_sintetizada": "F0CC379A25C0427D9A2270080511FA631105C.JPEG",
    "cantidad_archivos": 1,
    "archivos_fuente": [
      "Pictures/Fototeca de Fotos.photoslibrary/resources/derivatives/F/F0CC379A-25C0-427D-9A22-70080511FA63_1_105_c.jpeg"
    ],
    "ultima_modificacion": "2025-08-01 01:01:04.897288"
  },
  "fad26d6d48f7406a925a4ec7ad5e5bef1105c.jpeg": {
    "app_sintetizada": "FAD26D6D48F7406A925A4EC7AD5E5BEF1105C.JPEG",
    "cantidad_archivos": 1,
    "archivos_fuente": [
      "Pictures/Fototeca de Fotos.photoslibrary/resources/derivatives/F/FAD26D6D-48F7-406A-925A-4EC7AD5E5BEF_1_105_c.jpeg"
    ],
    "ultima_modificacion": "2025-08-01 01:01:04.897577"
  },
  "f61a16d90cb840e9b8d9a143080d11241105c.jpeg": {
    "app_sintetizada": "F61A16D90CB840E9B8D9A143080D11241105C.JPEG",
    "cantidad_archivos": 1,
    "archivos_fuente": [
      "Pictures/Fototeca de Fotos.photoslibrary/resources/derivatives/F/F61A16D9-0CB8-40E9-B8D9-A143080D1124_1_105_c.jpeg"
    ],
    "ultima_modificacion": "2025-08-01 01:01:04.897910"
  },
  "f8fa0dcaa3e34fa3b94d24f2889c6a601105c.jpeg": {
    "app_sintetizada": "F8FA0DCAA3E34FA3B94D24F2889C6A601105C.JPEG",
    "cantidad_archivos": 1,
    "archivos_fuente": [
      "Pictures/Fototeca de Fotos.photoslibrary/resources/derivatives/F/F8FA0DCA-A3E3-4FA3-B94D-24F2889C6A60_1_105_c.jpeg"
    ],
    "ultima_modificacion": "2025-08-01 01:01:04.898208"
  },
  "fba1b2142d3d4994a9d000959a58db951105c.jpeg": {
    "app_sintetizada": "FBA1B2142D3D4994A9D000959A58DB951105C.JPEG",
    "cantidad_archivos": 1,
    "archivos_fuente": [
      "Pictures/Fototeca de Fotos.photoslibrary/resources/derivatives/F/FBA1B214-2D3D-4994-A9D0-00959A58DB95_1_105_c.jpeg"
    ],
    "ultima_modificacion": "2025-08-01 01:01:04.898615"
  },
  "fa96cd30482248829866f111d9f1e2001105c.jpeg": {
    "app_sintetizada": "FA96CD30482248829866F111D9F1E2001105C.JPEG",
    "cantidad_archivos": 1,
    "archivos_fuente": [
      "Pictures/Fototeca de Fotos.photoslibrary/resources/derivatives/F/FA96CD30-4822-4882-9866-F111D9F1E200_1_105_c.jpeg"
    ],
    "ultima_modificacion": "2025-08-01 01:01:04.898982"
  },
  "f85a23455f5e4ae8b0839025e8212f5d1105c.jpeg": {
    "app_sintetizada": "F85A23455F5E4AE8B0839025E8212F5D1105C.JPEG",
    "cantidad_archivos": 1,
    "archivos_fuente": [
      "Pictures/Fototeca de Fotos.photoslibrary/resources/derivatives/F/F85A2345-5F5E-4AE8-B083-9025E8212F5D_1_105_c.jpeg"
    ],
    "ultima_modificacion": "2025-08-01 01:01:04.899299"
  },
  "fb0ff6585f994684a036d5dc380095791105c.jpeg": {
    "app_sintetizada": "FB0FF6585F994684A036D5DC380095791105C.JPEG",
    "cantidad_archivos": 1,
    "archivos_fuente": [
      "Pictures/Fototeca de Fotos.photoslibrary/resources/derivatives/F/FB0FF658-5F99-4684-A036-D5DC38009579_1_105_c.jpeg"
    ],
    "ultima_modificacion": "2025-08-01 01:01:04.899612"
  },
  "f3bc789083ab40179681c793c77908a81105c.jpeg": {
    "app_sintetizada": "F3BC789083AB40179681C793C77908A81105C.JPEG",
    "cantidad_archivos": 1,
    "archivos_fuente": [
      "Pictures/Fototeca de Fotos.photoslibrary/resources/derivatives/F/F3BC7890-83AB-4017-9681-C793C77908A8_1_105_c.jpeg"
    ],
    "ultima_modificacion": "2025-08-01 01:01:04.899934"
  },
  "f5270959c4fb4f6a9335a640195311351105c.jpeg": {
    "app_sintetizada": "F5270959C4FB4F6A9335A640195311351105C.JPEG",
    "cantidad_archivos": 1,
    "archivos_fuente": [
      "Pictures/Fototeca de Fotos.photoslibrary/resources/derivatives/F/F5270959-C4FB-4F6A-9335-A64019531135_1_105_c.jpeg"
    ],
    "ultima_modificacion": "2025-08-01 01:01:04.900236"
  },
  "f5296240cf954092bb08b0ad3aff1d971105c.jpeg": {
    "app_sintetizada": "F5296240CF954092BB08B0AD3AFF1D971105C.JPEG",
    "cantidad_archivos": 1,
    "archivos_fuente": [
      "Pictures/Fototeca de Fotos.photoslibrary/resources/derivatives/F/F5296240-CF95-4092-BB08-B0AD3AFF1D97_1_105_c.jpeg"
    ],
    "ultima_modificacion": "2025-08-01 01:01:04.900579"
  },
  "f6dbfd1a36dd48759bf061f3b4bd7f1a1105c.jpeg": {
    "app_sintetizada": "F6DBFD1A36DD48759BF061F3B4BD7F1A1105C.JPEG",
    "cantidad_archivos": 1,
    "archivos_fuente": [
      "Pictures/Fototeca de Fotos.photoslibrary/resources/derivatives/F/F6DBFD1A-36DD-4875-9BF0-61F3B4BD7F1A_1_105_c.jpeg"
    ],
    "ultima_modificacion": "2025-08-01 01:01:04.900869"
  }
}