{
  "ff882a59c3c944779b5ab3a7c4a4bb621105c.jpeg": {
    "app_sintetizada": "FF882A59C3C944779B5AB3A7C4A4BB621105C.JPEG",
    "cantidad_archivos": 1,
    "archivos_fuente": [
      "Pictures/Fototeca de Fotos.photoslibrary/resources/derivatives/F/FF882A59-C3C9-4477-9B5A-B3A7C4A4BB62_1_105_c.jpeg"
    ],
    "ultima_modificacion": "2025-08-01 01:01:05.174862"
  },
  "f0bbade466334d30bbbc84e541abf7361105c.jpeg": {
    "app_sintetizada": "F0BBADE466334D30BBBC84E541ABF7361105C.JPEG",
    "cantidad_archivos": 1,
    "archivos_fuente": [
      "Pictures/Fototeca de Fotos.photoslibrary/resources/derivatives/F/F0BBADE4-6633-4D30-BBBC-84E541ABF736_1_105_c.jpeg"
    ],
    "ultima_modificacion": "2025-08-01 01:01:05.175118"
  },
  "f82911b5d1f54e328aaa59a43f8bc48c1105c.jpeg": {
    "app_sintetizada": "F82911B5D1F54E328AAA59A43F8BC48C1105C.JPEG",
    "cantidad_archivos": 1,
    "archivos_fuente": [
      "Pictures/Fototeca de Fotos.photoslibrary/resources/derivatives/F/F82911B5-D1F5-4E32-8AAA-59A43F8BC48C_1_105_c.jpeg"
    ],
    "ultima_modificacion": "2025-08-01 01:01:05.175371"
  },
  "fa83a461e8ad4ad59c44ed2f9921eb471105c.jpeg": {
    "app_sintetizada": "FA83A461E8AD4AD59C44ED2F9921EB471105C.JPEG",
    "cantidad_archivos": 1,
    "archivos_fuente": [
      "Pictures/Fototeca de Fotos.photoslibrary/resources/derivatives/F/FA83A461-E8AD-4AD5-9C44-ED2F9921EB47_1_105_c.jpeg"
    ],
    "ultima_modificacion": "2025-08-01 01:01:05.175626"
  },
  "fc4d894a2dfb442ea40d58fae04d04321105c.jpeg": {
    "app_sintetizada": "FC4D894A2DFB442EA40D58FAE04D04321105C.JPEG",
    "cantidad_archivos": 1,
    "archivos_fuente": [
      "Pictures/Fototeca de Fotos.photoslibrary/resources/derivatives/F/FC4D894A-2DFB-442E-A40D-58FAE04D0432_1_105_c.jpeg"
    ],
    "ultima_modificacion": "2025-08-01 01:01:05.175914"
  },
  "fb21985ea6fe4f069cded9d9bcf309a91105c.jpeg": {
    "app_sintetizada": "FB21985EA6FE4F069CDED9D9BCF309A91105C.JPEG",
    "cantidad_archivos": 1,
    "archivos_fuente": [
      "Pictures/Fototeca de Fotos.photoslibrary/resources/derivatives/F/FB21985E-A6FE-4F06-9CDE-D9D9BCF309A9_1_105_c.jpeg"
    ],
    "ultima_modificacion": "2025-08-01 01:01:05.176208"
  },
  "fcb9cb4cd0ab4ca68327c5e1b30ab73a1105c.jpeg": {
    "app_sintetizada": "FCB9CB4CD0AB4CA68327C5E1B30AB73A1105C.JPEG",
    "cantidad_archivos": 1,
    "archivos_fuente": [
      "Pictures/Fototeca de Fotos.photoslibrary/resources/derivatives/F/FCB9CB4C-D0AB-4CA6-8327-C5E1B30AB73A_1_105_c.jpeg"
    ],
    "ultima_modificacion": "2025-08-01 01:01:05.176505"
  },
  "f6eaa23621fd40759e3ab491554b2c171105c.jpeg": {
    "app_sintetizada": "F6EAA23621FD40759E3AB491554B2C171105C.JPEG",
    "cantidad_archivos": 1,
    "archivos_fuente": [
      "Pictures/Fototeca de Fotos.photoslibrary/resources/derivatives/F/F6EAA236-21FD-4075-9E3A-B491554B2C17_1_105_c.jpeg"
    ],
    "ultima_modificacion": "2025-08-01 01:01:05.176774"
  },
  "ff6e96aafd2b41759cf68e1e73a2752e1105c.jpeg": {
    "app_sintetizada": "FF6E96AAFD2B41759CF68E1E73A2752E1105C.JPEG",
    "cantidad_archivos": 1,
    "archivos_fuente": [
      "Pictures/Fototeca de Fotos.photoslibrary/resources/derivatives/F/FF6E96AA-FD2B-4175-9CF6-8E1E73A2752E_1_105_c.jpeg"
    ],
    "ultima_modificacion": "2025-08-01 01:01:05.177023"
  },
  "ff421bc904924d0e9a2a144cf4930d9b1105c.jpeg": {
    "app_sintetizada": "FF421BC904924D0E9A2A144CF4930D9B1105C.JPEG",
    "cantidad_archivos": 1,
    "archivos_fuente": [
      "Pictures/Fototeca de Fotos.photoslibrary/resources/derivatives/F/FF421BC9-0492-4D0E-9A2A-144CF4930D9B_1_105_c.jpeg"
    ],
    "ultima_modificacion": "2025-08-01 01:01:05.177335"
  },
  "f5794f22a69e42358e2e6391f7e29ecd1105c.jpeg": {
    "app_sintetizada": "F5794F22A69E42358E2E6391F7E29ECD1105C.JPEG",
    "cantidad_archivos": 1,
    "archivos_fuente": [
      "Pictures/Fototeca de Fotos.photoslibrary/resources/derivatives/F/F5794F22-A69E-4235-8E2E-6391F7E29ECD_1_105_c.jpeg"
    ],
    "ultima_modificacion": "2025-08-01 01:01:05.177746"
  },
  "fb1c71d1a0684b0db1a80a2e782f488a1105c.jpeg": {
    "app_sintetizada": "FB1C71D1A0684B0DB1A80A2E782F488A1105C.JPEG",
    "cantidad_archivos": 1,
    "archivos_fuente": [
      "Pictures/Fototeca de Fotos.photoslibrary/resources/derivatives/F/FB1C71D1-A068-4B0D-B1A8-0A2E782F488A_1_105_c.jpeg"
    ],
    "ultima_modificacion": "2025-08-01 01:01:05.178031"
  },
  "f81dc3f64b82439696691f0ddcaa3f8b1105c.jpeg": {
    "app_sintetizada": "F81DC3F64B82439696691F0DDCAA3F8B1105C.JPEG",
    "cantidad_archivos": 1,
    "archivos_fuente": [
      "Pictures/Fototeca de Fotos.photoslibrary/resources/derivatives/F/F81DC3F6-4B82-4396-9669-1F0DDCAA3F8B_1_105_c.jpeg"
    ],
    "ultima_modificacion": "2025-08-01 01:01:05.178308"
  },
  "f988f9f82b264a2e97e5abc2b06a08b61105c.jpeg": {
    "app_sintetizada": "F988F9F82B264A2E97E5ABC2B06A08B61105C.JPEG",
    "cantidad_archivos": 1,
    "archivos_fuente": [
      "Pictures/Fototeca de Fotos.photoslibrary/resources/derivatives/F/F988F9F8-2B26-4A2E-97E5-ABC2B06A08B6_1_105_c.jpeg"
    ],
    "ultima_modificacion": "2025-08-01 01:01:05.178559"
  },
  "f56abf9f0d2440688a0ea7c1ef06c9051105c.jpeg": {
    "app_sintetizada": "F56ABF9F0D2440688A0EA7C1EF06C9051105C.JPEG",
    "cantidad_archivos": 1,
    "archivos_fuente": [
      "Pictures/Fototeca de Fotos.photoslibrary/resources/derivatives/F/F56ABF9F-0D24-4068-8A0E-A7C1EF06C905_1_105_c.jpeg"
    ],
    "ultima_modificacion": "2025-08-01 01:01:05.178958"
  },
  "f4305da89b254a9a890e4d7e1e4a8fcc1105c.jpeg": {
    "app_sintetizada": "F4305DA89B254A9A890E4D7E1E4A8FCC1105C.JPEG",
    "cantidad_archivos": 1,
    "archivos_fuente": [
      "Pictures/Fototeca de Fotos.photoslibrary/resources/derivatives/F/F4305DA8-9B25-4A9A-890E-4D7E1E4A8FCC_1_105_c.jpeg"
    ],
    "ultima_modificacion": "2025-08-01 01:01:05.179563"
  },
  "f69e8a3c28804e6cbe7c34001c3429351105c.jpeg": {
    "app_sintetizada": "F69E8A3C28804E6CBE7C34001C3429351105C.JPEG",
    "cantidad_archivos": 1,
    "archivos_fuente": [
      "Pictures/Fototeca de Fotos.photoslibrary/resources/derivatives/F/F69E8A3C-2880-4E6C-BE7C-34001C342935_1_105_c.jpeg"
    ],
    "ultima_modificacion": "2025-08-01 01:01:05.180165"
  },
  "fd63a4f155b341db87e8b654f359f8ad1105c.jpeg": {
    "app_sintetizada": "FD63A4F155B341DB87E8B654F359F8AD1105C.JPEG",
    "cantidad_archivos": 1,
    "archivos_fuente": [
      "Pictures/Fototeca de Fotos.photoslibrary/resources/derivatives/F/FD63A4F1-55B3-41DB-87E8-B654F359F8AD_1_105_c.jpeg"
    ],
    "ultima_modificacion": "2025-08-01 01:01:05.180527"
  },
  "f51389b9957e4642a1f79f1bfc756b6e1105c.jpeg": {
    "app_sintetizada": "F51389B9957E4642A1F79F1BFC756B6E1105C.JPEG",
    "cantidad_archivos": 1,
    "archivos_fuente": [
      "Pictures/Fototeca de Fotos.photoslibrary/resources/derivatives/F/F51389B9-957E-4642-A1F7-9F1BFC756B6E_1_105_c.jpeg"
    ],
    "ultima_modificacion": "2025-08-01 01:01:05.181814"
  },
  "f83cf5e032c341e6aa5f03c52473c01e1102o.jpeg": {
    "app_sintetizada": "F83CF5E032C341E6AA5F03C52473C01E1102O.JPEG",
    "cantidad_archivos": 1,
    "archivos_fuente": [
      "Pictures/Fototeca de Fotos.photoslibrary/resources/derivatives/F/F83CF5E0-32C3-41E6-AA5F-03C52473C01E_1_102_o.jpeg"
    ],
    "ultima_modificacion": "2025-08-01 01:01:05.182466"
  },
  "f5b6d1e22b724bfca5779172b08f86fe1105c.jpeg": {
    "app_sintetizada": "F5B6D1E22B724BFCA5779172B08F86FE1105C.JPEG",
    "cantidad_archivos": 1,
    "archivos_fuente": [
      "Pictures/Fototeca de Fotos.photoslibrary/resources/derivatives/F/F5B6D1E2-2B72-4BFC-A577-9172B08F86FE_1_105_c.jpeg"
    ],
    "ultima_modificacion": "2025-08-01 01:01:05.183230"
  },
  "f9e9fbe7e90944e98dc8e2680b12824d1105c.jpeg": {
    "app_sintetizada": "F9E9FBE7E90944E98DC8E2680B12824D1105C.JPEG",
    "cantidad_archivos": 1,
    "archivos_fuente": [
      "Pictures/Fototeca de Fotos.photoslibrary/resources/derivatives/F/F9E9FBE7-E909-44E9-8DC8-E2680B12824D_1_105_c.jpeg"
    ],
    "ultima_modificacion": "2025-08-01 01:01:05.183611"
  },
  "fe9712a30f044b42a7889de2a4ef9703.thm": {
    "app_sintetizada": "FE9712A30F044B42A7889DE2A4EF9703.THM",
    "cantidad_archivos": 1,
    "archivos_fuente": [
      "Pictures/Fototeca de Fotos.photoslibrary/resources/derivatives/F/FE9712A3-0F04-4B42-A788-9DE2A4EF9703.THM"
    ],
    "ultima_modificacion": "2025-08-01 01:01:05.183895"
  },
  "fb20b4d4af884a32b4e86072709773c91105c.jpeg": {
    "app_sintetizada": "FB20B4D4AF884A32B4E86072709773C91105C.JPEG",
    "cantidad_archivos": 1,
    "archivos_fuente": [
      "Pictures/Fototeca de Fotos.photoslibrary/resources/derivatives/F/FB20B4D4-AF88-4A32-B4E8-6072709773C9_1_105_c.jpeg"
    ],
    "ultima_modificacion": "2025-08-01 01:01:05.184192"
  },
  "f8371c8a7f9b485588f5cabde67d4f511105c.jpeg": {
    "app_sintetizada": "F8371C8A7F9B485588F5CABDE67D4F511105C.JPEG",
    "cantidad_archivos": 1,
    "archivos_fuente": [
      "Pictures/Fototeca de Fotos.photoslibrary/resources/derivatives/F/F8371C8A-7F9B-4855-88F5-CABDE67D4F51_1_105_c.jpeg"
    ],
    "ultima_modificacion": "2025-08-01 01:01:05.184433"
  },
  "f8f855af4a1d4a78ab3267f461ccf20e1105c.jpeg": {
    "app_sintetizada": "F8F855AF4A1D4A78AB3267F461CCF20E1105C.JPEG",
    "cantidad_archivos": 1,
    "archivos_fuente": [
      "Pictures/Fototeca de Fotos.photoslibrary/resources/derivatives/F/F8F855AF-4A1D-4A78-AB32-67F461CCF20E_1_105_c.jpeg"
    ],
    "ultima_modificacion": "2025-08-01 01:01:05.184663"
  },
  "f532b4eba15143f188ffa017fffe55061105c.jpeg": {
    "app_sintetizada": "F532B4EBA15143F188FFA017FFFE55061105C.JPEG",
    "cantidad_archivos": 1,
    "archivos_fuente": [
      "Pictures/Fototeca de Fotos.photoslibrary/resources/derivatives/F/F532B4EB-A151-43F1-88FF-A017FFFE5506_1_105_c.jpeg"
    ],
    "ultima_modificacion": "2025-08-01 01:01:05.184897"
  },
  "fa8231771d544d369cb7f45fd73479c91105c.jpeg": {
    "app_sintetizada": "FA8231771D544D369CB7F45FD73479C91105C.JPEG",
    "cantidad_archivos": 1,
    "archivos_fuente": [
      "Pictures/Fototeca de Fotos.photoslibrary/resources/derivatives/F/FA823177-1D54-4D36-9CB7-F45FD73479C9_1_105_c.jpeg"
    ],
    "ultima_modificacion": "2025-08-01 01:01:05.185146"
  },
  "f194af8c2a66405a990615f9b04faa681105c.jpeg": {
    "app_sintetizada": "F194AF8C2A66405A990615F9B04FAA681105C.JPEG",
    "cantidad_archivos": 1,
    "archivos_fuente": [
      "Pictures/Fototeca de Fotos.photoslibrary/resources/derivatives/F/F194AF8C-2A66-405A-9906-15F9B04FAA68_1_105_c.jpeg"
    ],
    "ultima_modificacion": "2025-08-01 01:01:05.185389"
  },
  "f2dab5a8f7de4156976d551fa69d4f391105c.jpeg": {
    "app_sintetizada": "F2DAB5A8F7DE4156976D551FA69D4F391105C.JPEG",
    "cantidad_archivos": 1,
    "archivos_fuente": [
      "Pictures/Fototeca de Fotos.photoslibrary/resources/derivatives/F/F2DAB5A8-F7DE-4156-976D-551FA69D4F39_1_105_c.jpeg"
    ],
    "ultima_modificacion": "2025-08-01 01:01:05.185629"
  },
  "fb416864e4b14bb09fb3d80084ad12de.thm": {
    "app_sintetizada": "FB416864E4B14BB09FB3D80084AD12DE.THM",
    "cantidad_archivos": 1,
    "archivos_fuente": [
      "Pictures/Fototeca de Fotos.photoslibrary/resources/derivatives/F/FB416864-E4B1-4BB0-9FB3-D80084AD12DE.THM"
    ],
    "ultima_modificacion": "2025-08-01 01:01:05.185896"
  },
  "f013ddaeed7542c084553ae9b4ded056.thm": {
    "app_sintetizada": "F013DDAEED7542C084553AE9B4DED056.THM",
    "cantidad_archivos": 1,
    "archivos_fuente": [
      "Pictures/Fototeca de Fotos.photoslibrary/resources/derivatives/F/F013DDAE-ED75-42C0-8455-3AE9B4DED056.THM"
    ],
    "ultima_modificacion": "2025-08-01 01:01:05.186184"
  },
  "fb38d71a944b4637994c8e4f6a3f77d31105c.jpeg": {
    "app_sintetizada": "FB38D71A944B4637994C8E4F6A3F77D31105C.JPEG",
    "cantidad_archivos": 1,
    "archivos_fuente": [
      "Pictures/Fototeca de Fotos.photoslibrary/resources/derivatives/F/FB38D71A-944B-4637-994C-8E4F6A3F77D3_1_105_c.jpeg"
    ],
    "ultima_modificacion": "2025-08-01 01:01:05.186488"
  },
  "f366ae3055a64b88ad79f879f543e26f1105c.jpeg": {
    "app_sintetizada": "F366AE3055A64B88AD79F879F543E26F1105C.JPEG",
    "cantidad_archivos": 1,
    "archivos_fuente": [
      "Pictures/Fototeca de Fotos.photoslibrary/resources/derivatives/F/F366AE30-55A6-4B88-AD79-F879F543E26F_1_105_c.jpeg"
    ],
    "ultima_modificacion": "2025-08-01 01:01:05.186830"
  },
  "f997271129774151bb743b00c976875b1105c.jpeg": {
    "app_sintetizada": "F997271129774151BB743B00C976875B1105C.JPEG",
    "cantidad_archivos": 1,
    "archivos_fuente": [
      "Pictures/Fototeca de Fotos.photoslibrary/resources/derivatives/F/F9972711-2977-4151-BB74-3B00C976875B_1_105_c.jpeg"
    ],
    "ultima_modificacion": "2025-08-01 01:01:05.187137"
  },
  "f9cd5b2cfaa4479094c114cf7c8a030b1105c.jpeg": {
    "app_sintetizada": "F9CD5B2CFAA4479094C114CF7C8A030B1105C.JPEG",
    "cantidad_archivos": 1,
    "archivos_fuente": [
      "Pictures/Fototeca de Fotos.photoslibrary/resources/derivatives/F/F9CD5B2C-FAA4-4790-94C1-14CF7C8A030B_1_105_c.jpeg"
    ],
    "ultima_modificacion": "2025-08-01 01:01:05.187439"
  },
  "f7a4baeb45af44c8912540ffd68b0b7c1105c.jpeg": {
    "app_sintetizada": "F7A4BAEB45AF44C8912540FFD68B0B7C1105C.JPEG",
    "cantidad_archivos": 1,
    "archivos_fuente": [
      "Pictures/Fototeca de Fotos.photoslibrary/resources/derivatives/F/F7A4BAEB-45AF-44C8-9125-40FFD68B0B7C_1_105_c.jpeg"
    ],
    "ultima_modificacion": "2025-08-01 01:01:05.187734"
  },
  "f16821a89f8c4816bda7623fd9f87b51.thm": {
    "app_sintetizada": "F16821A89F8C4816BDA7623FD9F87B51.THM",
    "cantidad_archivos": 1,
    "archivos_fuente": [
      "Pictures/Fototeca de Fotos.photoslibrary/resources/derivatives/F/F16821A8-9F8C-4816-BDA7-623FD9F87B51.THM"
    ],
    "ultima_modificacion": "2025-08-01 01:01:05.188033"
  },
  "f8ff9b1f93114757808b77df8752ff42.thm": {
    "app_sintetizada": "F8FF9B1F93114757808B77DF8752FF42.THM",
    "cantidad_archivos": 1,
    "archivos_fuente": [
      "Pictures/Fototeca de Fotos.photoslibrary/resources/derivatives/F/F8FF9B1F-9311-4757-808B-77DF8752FF42.THM"
    ],
    "ultima_modificacion": "2025-08-01 01:01:05.188331"
  },
  "fe486d5001eb4b01b18b8ae5c9c2bac51105c.jpeg": {
    "app_sintetizada": "FE486D5001EB4B01B18B8AE5C9C2BAC51105C.JPEG",
    "cantidad_archivos": 1,
    "archivos_fuente": [
      "Pictures/Fototeca de Fotos.photoslibrary/resources/derivatives/F/FE486D50-01EB-4B01-B18B-8AE5C9C2BAC5_1_105_c.jpeg"
    ],
    "ultima_modificacion": "2025-08-01 01:01:05.188645"
  },
  "fe02972f4c87476da3383abd2c04d5e4.thm": {
    "app_sintetizada": "FE02972F4C87476DA3383ABD2C04D5E4.THM",
    "cantidad_archivos": 1,
    "archivos_fuente": [
      "Pictures/Fototeca de Fotos.photoslibrary/resources/derivatives/F/FE02972F-4C87-476D-A338-3ABD2C04D5E4.THM"
    ],
    "ultima_modificacion": "2025-08-01 01:01:05.188973"
  },
  "f487dd6837174df4a5b056aac8330c6f1105c.jpeg": {
    "app_sintetizada": "F487DD6837174DF4A5B056AAC8330C6F1105C.JPEG",
    "cantidad_archivos": 1,
    "archivos_fuente": [
      "Pictures/Fototeca de Fotos.photoslibrary/resources/derivatives/F/F487DD68-3717-4DF4-A5B0-56AAC8330C6F_1_105_c.jpeg"
    ],
    "ultima_modificacion": "2025-08-01 01:01:05.189310"
  },
  "f882f7adfc774e6a8b102ac60c23f7a71105c.jpeg": {
    "app_sintetizada": "F882F7ADFC774E6A8B102AC60C23F7A71105C.JPEG",
    "cantidad_archivos": 1,
    "archivos_fuente": [
      "Pictures/Fototeca de Fotos.photoslibrary/resources/derivatives/F/F882F7AD-FC77-4E6A-8B10-2AC60C23F7A7_1_105_c.jpeg"
    ],
    "ultima_modificacion": "2025-08-01 01:01:05.189742"
  },
  "fdc83b280a3d4f5ea380b850689565b31105c.jpeg": {
    "app_sintetizada": "FDC83B280A3D4F5EA380B850689565B31105C.JPEG",
    "cantidad_archivos": 1,
    "archivos_fuente": [
      "Pictures/Fototeca de Fotos.photoslibrary/resources/derivatives/F/FDC83B28-0A3D-4F5E-A380-B850689565B3_1_105_c.jpeg"
    ],
    "ultima_modificacion": "2025-08-01 01:01:05.190352"
  },
  "ff3bf13f6ff4409ea48079f9226ef248.thm": {
    "app_sintetizada": "FF3BF13F6FF4409EA48079F9226EF248.THM",
    "cantidad_archivos": 1,
    "archivos_fuente": [
      "Pictures/Fototeca de Fotos.photoslibrary/resources/derivatives/F/FF3BF13F-6FF4-409E-A480-79F9226EF248.THM"
    ],
    "ultima_modificacion": "2025-08-01 01:01:05.191412"
  },
  "f5501485084d45feba616dc537f292251105c.jpeg": {
    "app_sintetizada": "F5501485084D45FEBA616DC537F292251105C.JPEG",
    "cantidad_archivos": 1,
    "archivos_fuente": [
      "Pictures/Fototeca de Fotos.photoslibrary/resources/derivatives/F/F5501485-084D-45FE-BA61-6DC537F29225_1_105_c.jpeg"
    ],
    "ultima_modificacion": "2025-08-01 01:01:05.191823"
  },
  "f8147a2c98f44ffebd8cff4f1f392e7e1105c.jpeg": {
    "app_sintetizada": "F8147A2C98F44FFEBD8CFF4F1F392E7E1105C.JPEG",
    "cantidad_archivos": 1,
    "archivos_fuente": [
      "Pictures/Fototeca de Fotos.photoslibrary/resources/derivatives/F/F8147A2C-98F4-4FFE-BD8C-FF4F1F392E7E_1_105_c.jpeg"
    ],
    "ultima_modificacion": "2025-08-01 01:01:05.192137"
  },
  "f9121f03d91b428d99e18273cfbc093a1105c.jpeg": {
    "app_sintetizada": "F9121F03D91B428D99E18273CFBC093A1105C.JPEG",
    "cantidad_archivos": 1,
    "archivos_fuente": [
      "Pictures/Fototeca de Fotos.photoslibrary/resources/derivatives/F/F9121F03-D91B-428D-99E1-8273CFBC093A_1_105_c.jpeg"
    ],
    "ultima_modificacion": "2025-08-01 01:01:05.192443"
  },
  "f61d9d299d0a4bc7adb67dc37a8b1d411105c.jpeg": {
    "app_sintetizada": "F61D9D299D0A4BC7ADB67DC37A8B1D411105C.JPEG",
    "cantidad_archivos": 1,
    "archivos_fuente": [
      "Pictures/Fototeca de Fotos.photoslibrary/resources/derivatives/F/F61D9D29-9D0A-4BC7-ADB6-7DC37A8B1D41_1_105_c.jpeg"
    ],
    "ultima_modificacion": "2025-08-01 01:01:05.192911"
  },
  "f01ed49edc84449387a28580cbc8bd401105c.jpeg": {
    "app_sintetizada": "F01ED49EDC84449387A28580CBC8BD401105C.JPEG",
    "cantidad_archivos": 1,
    "archivos_fuente": [
      "Pictures/Fototeca de Fotos.photoslibrary/resources/derivatives/F/F01ED49E-DC84-4493-87A2-8580CBC8BD40_1_105_c.jpeg"
    ],
    "ultima_modificacion": "2025-08-01 01:01:05.193250"
  },
  "f0308c84e7e141538ccb4356ce4e54d71105c.jpeg": {
    "app_sintetizada": "F0308C84E7E141538CCB4356CE4E54D71105C.JPEG",
    "cantidad_archivos": 1,
    "archivos_fuente": [
      "Pictures/Fototeca de Fotos.photoslibrary/resources/derivatives/F/F0308C84-E7E1-4153-8CCB-4356CE4E54D7_1_105_c.jpeg"
    ],
    "ultima_modificacion": "2025-08-01 01:01:05.193595"
  },
  "fbeff22c5d6c4a0298839ce03d124a9f.thm": {
    "app_sintetizada": "FBEFF22C5D6C4A0298839CE03D124A9F.THM",
    "cantidad_archivos": 1,
    "archivos_fuente": [
      "Pictures/Fototeca de Fotos.photoslibrary/resources/derivatives/F/FBEFF22C-5D6C-4A02-9883-9CE03D124A9F.THM"
    ],
    "ultima_modificacion": "2025-08-01 01:01:05.193986"
  },
  "f77e83b4cf734a4ea209ebacc60ff1e91105c.jpeg": {
    "app_sintetizada": "F77E83B4CF734A4EA209EBACC60FF1E91105C.JPEG",
    "cantidad_archivos": 1,
    "archivos_fuente": [
      "Pictures/Fototeca de Fotos.photoslibrary/resources/derivatives/F/F77E83B4-CF73-4A4E-A209-EBACC60FF1E9_1_105_c.jpeg"
    ],
    "ultima_modificacion": "2025-08-01 01:01:05.194348"
  },
  "fe5d8ad9568842e5a79724aab026bcf41105c.jpeg": {
    "app_sintetizada": "FE5D8AD9568842E5A79724AAB026BCF41105C.JPEG",
    "cantidad_archivos": 1,
    "archivos_fuente": [
      "Pictures/Fototeca de Fotos.photoslibrary/resources/derivatives/F/FE5D8AD9-5688-42E5-A797-24AAB026BCF4_1_105_c.jpeg"
    ],
    "ultima_modificacion": "2025-08-01 01:01:05.194685"
  },
  "fc7561d868944edeb12fcc92159a74e91105c.jpeg": {
    "app_sintetizada": "FC7561D868944EDEB12FCC92159A74E91105C.JPEG",
    "cantidad_archivos": 1,
    "archivos_fuente": [
      "Pictures/Fototeca de Fotos.photoslibrary/resources/derivatives/F/FC7561D8-6894-4EDE-B12F-CC92159A74E9_1_105_c.jpeg"
    ],
    "ultima_modificacion": "2025-08-01 01:01:05.195000"
  },
  "fd3bd4dbde954750a3f9150e8b5054811105c.jpeg": {
    "app_sintetizada": "FD3BD4DBDE954750A3F9150E8B5054811105C.JPEG",
    "cantidad_archivos": 1,
    "archivos_fuente": [
      "Pictures/Fototeca de Fotos.photoslibrary/resources/derivatives/F/FD3BD4DB-DE95-4750-A3F9-150E8B505481_1_105_c.jpeg"
    ],
    "ultima_modificacion": "2025-08-01 01:01:05.195694"
  },
  "fb8315373a4f4070ac93b929843520bd1105c.jpeg": {
    "app_sintetizada": "FB8315373A4F4070AC93B929843520BD1105C.JPEG",
    "cantidad_archivos": 1,
    "archivos_fuente": [
      "Pictures/Fototeca de Fotos.photoslibrary/resources/derivatives/F/FB831537-3A4F-4070-AC93-B929843520BD_1_105_c.jpeg"
    ],
    "ultima_modificacion": "2025-08-01 01:01:05.196301"
  },
  "f3bc87bade394d0b994417f06a1a57d61105c.jpeg": {
    "app_sintetizada": "F3BC87BADE394D0B994417F06A1A57D61105C.JPEG",
    "cantidad_archivos": 1,
    "archivos_fuente": [
      "Pictures/Fototeca de Fotos.photoslibrary/resources/derivatives/F/F3BC87BA-DE39-4D0B-9944-17F06A1A57D6_1_105_c.jpeg"
    ],
    "ultima_modificacion": "2025-08-01 01:01:05.196640"
  },
  "f199ea2c3f134fb2a4e81d43e555ca721105c.jpeg": {
    "app_sintetizada": "F199EA2C3F134FB2A4E81D43E555CA721105C.JPEG",
    "cantidad_archivos": 1,
    "archivos_fuente": [
      "Pictures/Fototeca de Fotos.photoslibrary/resources/derivatives/F/F199EA2C-3F13-4FB2-A4E8-1D43E555CA72_1_105_c.jpeg"
    ],
    "ultima_modificacion": "2025-08-01 01:01:05.197742"
  },
  "f8011e57039b4900a327fa7c20f5c5e41105c.jpeg": {
    "app_sintetizada": "F8011E57039B4900A327FA7C20F5C5E41105C.JPEG",
    "cantidad_archivos": 1,
    "archivos_fuente": [
      "Pictures/Fototeca de Fotos.photoslibrary/resources/derivatives/F/F8011E57-039B-4900-A327-FA7C20F5C5E4_1_105_c.jpeg"
    ],
    "ultima_modificacion": "2025-08-01 01:01:05.199083"
  },
  "f6629420a1544ac0b5c9307273082f2e1105c.jpeg": {
    "app_sintetizada": "F6629420A1544AC0B5C9307273082F2E1105C.JPEG",
    "cantidad_archivos": 1,
    "archivos_fuente": [
      "Pictures/Fototeca de Fotos.photoslibrary/resources/derivatives/F/F6629420-A154-4AC0-B5C9-307273082F2E_1_105_c.jpeg"
    ],
    "ultima_modificacion": "2025-08-01 01:01:05.199668"
  },
  "fc5bb05032a54de98ae6ef21bcb738501105c.jpeg": {
    "app_sintetizada": "FC5BB05032A54DE98AE6EF21BCB738501105C.JPEG",
    "cantidad_archivos": 1,
    "archivos_fuente": [
      "Pictures/Fototeca de Fotos.photoslibrary/resources/derivatives/F/FC5BB050-32A5-4DE9-8AE6-EF21BCB73850_1_105_c.jpeg"
    ],
    "ultima_modificacion": "2025-08-01 01:01:05.200074"
  },
  "fafe048733c443b8abdc1258af96f0241105c.jpeg": {
    "app_sintetizada": "FAFE048733C443B8ABDC1258AF96F0241105C.JPEG",
    "cantidad_archivos": 1,
    "archivos_fuente": [
      "Pictures/Fototeca de Fotos.photoslibrary/resources/derivatives/F/FAFE0487-33C4-43B8-ABDC-1258AF96F024_1_105_c.jpeg"
    ],
    "ultima_modificacion": "2025-08-01 01:01:05.200464"
  },
  "f2727cb31c684566890123f9dbefc4611105c.jpeg": {
    "app_sintetizada": "F2727CB31C684566890123F9DBEFC4611105C.JPEG",
    "cantidad_archivos": 1,
    "archivos_fuente": [
      "Pictures/Fototeca de Fotos.photoslibrary/resources/derivatives/F/F2727CB3-1C68-4566-8901-23F9DBEFC461_1_105_c.jpeg"
    ],
    "ultima_modificacion": "2025-08-01 01:01:05.200782"
  },
  "f26f2e5cd6fb4405a7948a07c1f59ae61105c.jpeg": {
    "app_sintetizada": "F26F2E5CD6FB4405A7948A07C1F59AE61105C.JPEG",
    "cantidad_archivos": 1,
    "archivos_fuente": [
      "Pictures/Fototeca de Fotos.photoslibrary/resources/derivatives/F/F26F2E5C-D6FB-4405-A794-8A07C1F59AE6_1_105_c.jpeg"
    ],
    "ultima_modificacion": "2025-08-01 01:01:05.201089"
  },
  "fc8f6c19558c484689df27b518ba23201105c.jpeg": {
    "app_sintetizada": "FC8F6C19558C484689DF27B518BA23201105C.JPEG",
    "cantidad_archivos": 1,
    "archivos_fuente": [
      "Pictures/Fototeca de Fotos.photoslibrary/resources/derivatives/F/FC8F6C19-558C-4846-89DF-27B518BA2320_1_105_c.jpeg"
    ],
    "ultima_modificacion": "2025-08-01 01:01:05.201396"
  },
  "f90f20ba798b4c6da5a0736e9fe9aee01105c.jpeg": {
    "app_sintetizada": "F90F20BA798B4C6DA5A0736E9FE9AEE01105C.JPEG",
    "cantidad_archivos": 1,
    "archivos_fuente": [
      "Pictures/Fototeca de Fotos.photoslibrary/resources/derivatives/F/F90F20BA-798B-4C6D-A5A0-736E9FE9AEE0_1_105_c.jpeg"
    ],
    "ultima_modificacion": "2025-08-01 01:01:05.201708"
  },
  "f33cec3a11de4657a1451a7313a98a671105c.jpeg": {
    "app_sintetizada": "F33CEC3A11DE4657A1451A7313A98A671105C.JPEG",
    "cantidad_archivos": 1,
    "archivos_fuente": [
      "Pictures/Fototeca de Fotos.photoslibrary/resources/derivatives/F/F33CEC3A-11DE-4657-A145-1A7313A98A67_1_105_c.jpeg"
    ],
    "ultima_modificacion": "2025-08-01 01:01:05.201989"
  },
  "fcaf2352c02f46098038171170cf39121105c.jpeg": {
    "app_sintetizada": "FCAF2352C02F46098038171170CF39121105C.JPEG",
    "cantidad_archivos": 1,
    "archivos_fuente": [
      "Pictures/Fototeca de Fotos.photoslibrary/resources/derivatives/F/FCAF2352-C02F-4609-8038-171170CF3912_1_105_c.jpeg"
    ],
    "ultima_modificacion": "2025-08-01 01:01:05.202373"
  },
  "fdd2c7d7a2564e6c8f7beac621a603b51105c.jpeg": {
    "app_sintetizada": "FDD2C7D7A2564E6C8F7BEAC621A603B51105C.JPEG",
    "cantidad_archivos": 1,
    "archivos_fuente": [
      "Pictures/Fototeca de Fotos.photoslibrary/resources/derivatives/F/FDD2C7D7-A256-4E6C-8F7B-EAC621A603B5_1_105_c.jpeg"
    ],
    "ultima_modificacion": "2025-08-01 01:01:05.202649"
  },
  "f822a9cbc88d403696286f5432977321.thm": {
    "app_sintetizada": "F822A9CBC88D403696286F5432977321.THM",
    "cantidad_archivos": 1,
    "archivos_fuente": [
      "Pictures/Fototeca de Fotos.photoslibrary/resources/derivatives/F/F822A9CB-C88D-4036-9628-6F5432977321.THM"
    ],
    "ultima_modificacion": "2025-08-01 01:01:05.202965"
  },
  "f9fc4aeb11cf4ef18ca8048950993a771105c.jpeg": {
    "app_sintetizada": "F9FC4AEB11CF4EF18CA8048950993A771105C.JPEG",
    "cantidad_archivos": 1,
    "archivos_fuente": [
      "Pictures/Fototeca de Fotos.photoslibrary/resources/derivatives/F/F9FC4AEB-11CF-4EF1-8CA8-048950993A77_1_105_c.jpeg"
    ],
    "ultima_modificacion": "2025-08-01 01:01:05.203273"
  },
  "feedfaff5cf64575869a880d2dd29b581100o.jpeg": {
    "app_sintetizada": "FEEDFAFF5CF64575869A880D2DD29B581100O.JPEG",
    "cantidad_archivos": 1,
    "archivos_fuente": [
      "Pictures/Fototeca de Fotos.photoslibrary/resources/derivatives/F/FEEDFAFF-5CF6-4575-869A-880D2DD29B58_1_100_o.jpeg"
    ],
    "ultima_modificacion": "2025-08-01 01:01:05.227144"
  },
  "f5d3856896844f95abb22fe5c3491e061105c.jpeg": {
    "app_sintetizada": "F5D3856896844F95ABB22FE5C3491E061105C.JPEG",
    "cantidad_archivos": 1,
    "archivos_fuente": [
      "Pictures/Fototeca de Fotos.photoslibrary/resources/derivatives/F/F5D38568-9684-4F95-ABB2-2FE5C3491E06_1_105_c.jpeg"
    ],
    "ultima_modificacion": "2025-08-01 01:01:05.235652"
  },
  "ffc8ad1120c0450e87dbc51b0f3fada71105c.jpeg": {
    "app_sintetizada": "FFC8AD1120C0450E87DBC51B0F3FADA71105C.JPEG",
    "cantidad_archivos": 1,
    "archivos_fuente": [
      "Pictures/Fototeca de Fotos.photoslibrary/resources/derivatives/F/FFC8AD11-20C0-450E-87DB-C51B0F3FADA7_1_105_c.jpeg"
    ],
    "ultima_modificacion": "2025-08-01 01:01:05.236669"
  },
  "f2252708ff4146aab38d223105af3dd21105c.jpeg": {
    "app_sintetizada": "F2252708FF4146AAB38D223105AF3DD21105C.JPEG",
    "cantidad_archivos": 1,
    "archivos_fuente": [
      "Pictures/Fototeca de Fotos.photoslibrary/resources/derivatives/F/F2252708-FF41-46AA-B38D-223105AF3DD2_1_105_c.jpeg"
    ],
    "ultima_modificacion": "2025-08-01 01:01:05.237195"
  },
  "fb025e8ec0674b53a09426b7968b95341105c.jpeg": {
    "app_sintetizada": "FB025E8EC0674B53A09426B7968B95341105C.JPEG",
    "cantidad_archivos": 1,
    "archivos_fuente": [
      "Pictures/Fototeca de Fotos.photoslibrary/resources/derivatives/F/FB025E8E-C067-4B53-A094-26B7968B9534_1_105_c.jpeg"
    ],
    "ultima_modificacion": "2025-08-01 01:01:05.237541"
  },
  "fbd6271a245f46bd906383473d1892251105c.jpeg": {
    "app_sintetizada": "FBD6271A245F46BD906383473D1892251105C.JPEG",
    "cantidad_archivos": 1,
    "archivos_fuente": [
      "Pictures/Fototeca de Fotos.photoslibrary/resources/derivatives/F/FBD6271A-245F-46BD-9063-83473D189225_1_105_c.jpeg"
    ],
    "ultima_modificacion": "2025-08-01 01:01:05.238004"
  },
  "ff7943d505a14dacaec787583665a6131105c.jpeg": {
    "app_sintetizada": "FF7943D505A14DACAEC787583665A6131105C.JPEG",
    "cantidad_archivos": 1,
    "archivos_fuente": [
      "Pictures/Fototeca de Fotos.photoslibrary/resources/derivatives/F/FF7943D5-05A1-4DAC-AEC7-87583665A613_1_105_c.jpeg"
    ],
    "ultima_modificacion": "2025-08-01 01:01:05.238405"
  },
  "f0559bd02392429ba5602e0ffb7989271105c.jpeg": {
    "app_sintetizada": "F0559BD02392429BA5602E0FFB7989271105C.JPEG",
    "cantidad_archivos": 1,
    "archivos_fuente": [
      "Pictures/Fototeca de Fotos.photoslibrary/resources/derivatives/F/F0559BD0-2392-429B-A560-2E0FFB798927_1_105_c.jpeg"
    ],
    "ultima_modificacion": "2025-08-01 01:01:05.239006"
  },
  "f63dfbd5558a4b3bb3266404e52f62af1105c.jpeg": {
    "app_sintetizada": "F63DFBD5558A4B3BB3266404E52F62AF1105C.JPEG",
    "cantidad_archivos": 1,
    "archivos_fuente": [
      "Pictures/Fototeca de Fotos.photoslibrary/resources/derivatives/F/F63DFBD5-558A-4B3B-B326-6404E52F62AF_1_105_c.jpeg"
    ],
    "ultima_modificacion": "2025-08-01 01:01:05.240093"
  },
  "ff3f442590794b69831a4a2bd697738e1105c.jpeg": {
    "app_sintetizada": "FF3F442590794B69831A4A2BD697738E1105C.JPEG",
    "cantidad_archivos": 1,
    "archivos_fuente": [
      "Pictures/Fototeca de Fotos.photoslibrary/resources/derivatives/F/FF3F4425-9079-4B69-831A-4A2BD697738E_1_105_c.jpeg"
    ],
    "ultima_modificacion": "2025-08-01 01:01:05.240565"
  },
  "ff7e4b7a35344c8dbcd06ed2f2be47dd1105c.jpeg": {
    "app_sintetizada": "FF7E4B7A35344C8DBCD06ED2F2BE47DD1105C.JPEG",
    "cantidad_archivos": 1,
    "archivos_fuente": [
      "Pictures/Fototeca de Fotos.photoslibrary/resources/derivatives/F/FF7E4B7A-3534-4C8D-BCD0-6ED2F2BE47DD_1_105_c.jpeg"
    ],
    "ultima_modificacion": "2025-08-01 01:01:05.240905"
  },
  "f8cf802fe7794a90afe22eb7e2217a931105c.jpeg": {
    "app_sintetizada": "F8CF802FE7794A90AFE22EB7E2217A931105C.JPEG",
    "cantidad_archivos": 1,
    "archivos_fuente": [
      "Pictures/Fototeca de Fotos.photoslibrary/resources/derivatives/F/F8CF802F-E779-4A90-AFE2-2EB7E2217A93_1_105_c.jpeg"
    ],
    "ultima_modificacion": "2025-08-01 01:01:05.241220"
  },
  "f10a582206fd4cf9b4ec695fff92e9921105c.jpeg": {
    "app_sintetizada": "F10A582206FD4CF9B4EC695FFF92E9921105C.JPEG",
    "cantidad_archivos": 1,
    "archivos_fuente": [
      "Pictures/Fototeca de Fotos.photoslibrary/resources/derivatives/F/F10A5822-06FD-4CF9-B4EC-695FFF92E992_1_105_c.jpeg"
    ],
    "ultima_modificacion": "2025-08-01 01:01:05.241555"
  },
  "f2c73bdd95034dc6892247ca32b8adc81105c.jpeg": {
    "app_sintetizada": "F2C73BDD95034DC6892247CA32B8ADC81105C.JPEG",
    "cantidad_archivos": 1,
    "archivos_fuente": [
      "Pictures/Fototeca de Fotos.photoslibrary/resources/derivatives/F/F2C73BDD-9503-4DC6-8922-47CA32B8ADC8_1_105_c.jpeg"
    ],
    "ultima_modificacion": "2025-08-01 01:01:05.241862"
  },
  "f73242f973394ecf97b53438551e046c1105c.jpeg": {
    "app_sintetizada": "F73242F973394ECF97B53438551E046C1105C.JPEG",
    "cantidad_archivos": 1,
    "archivos_fuente": [
      "Pictures/Fototeca de Fotos.photoslibrary/resources/derivatives/F/F73242F9-7339-4ECF-97B5-3438551E046C_1_105_c.jpeg"
    ],
    "ultima_modificacion": "2025-08-01 01:01:05.242161"
  },
  "f0eb63cf04cd4ec6a3f52aef684d311c.thm": {
    "app_sintetizada": "F0EB63CF04CD4EC6A3F52AEF684D311C.THM",
    "cantidad_archivos": 1,
    "archivos_fuente": [
      "Pictures/Fototeca de Fotos.photoslibrary/resources/derivatives/F/F0EB63CF-04CD-4EC6-A3F5-2AEF684D311C.THM"
    ],
    "ultima_modificacion": "2025-08-01 01:01:05.242475"
  },
  "fdd7f57384c6462e897248db7588032d1105c.jpeg": {
    "app_sintetizada": "FDD7F57384C6462E897248DB7588032D1105C.JPEG",
    "cantidad_archivos": 1,
    "archivos_fuente": [
      "Pictures/Fototeca de Fotos.photoslibrary/resources/derivatives/F/FDD7F573-84C6-462E-8972-48DB7588032D_1_105_c.jpeg"
    ],
    "ultima_modificacion": "2025-08-01 01:01:05.242826"
  },
  "f16c7831263a450faba69078ad2a3cf21105c.jpeg": {
    "app_sintetizada": "F16C7831263A450FABA69078AD2A3CF21105C.JPEG",
    "cantidad_archivos": 1,
    "archivos_fuente": [
      "Pictures/Fototeca de Fotos.photoslibrary/resources/derivatives/F/F16C7831-263A-450F-ABA6-9078AD2A3CF2_1_105_c.jpeg"
    ],
    "ultima_modificacion": "2025-08-01 01:01:05.243204"
  },
  "fc8b86f5866d4362be1bb887b000cd961105c.jpeg": {
    "app_sintetizada": "FC8B86F5866D4362BE1BB887B000CD961105C.JPEG",
    "cantidad_archivos": 1,
    "archivos_fuente": [
      "Pictures/Fototeca de Fotos.photoslibrary/resources/derivatives/F/FC8B86F5-866D-4362-BE1B-B887B000CD96_1_105_c.jpeg"
    ],
    "ultima_modificacion": "2025-08-01 01:01:05.243657"
  },
  "f2d33fd796a144499e12a289a53d0bbe1105c.jpeg": {
    "app_sintetizada": "F2D33FD796A144499E12A289A53D0BBE1105C.JPEG",
    "cantidad_archivos": 1,
    "archivos_fuente": [
      "Pictures/Fototeca de Fotos.photoslibrary/resources/derivatives/F/F2D33FD7-96A1-4449-9E12-A289A53D0BBE_1_105_c.jpeg"
    ],
    "ultima_modificacion": "2025-08-01 01:01:05.244040"
  },
  "f4eb137a618744829c30f519006c6f611105c.jpeg": {
    "app_sintetizada": "F4EB137A618744829C30F519006C6F611105C.JPEG",
    "cantidad_archivos": 1,
    "archivos_fuente": [
      "Pictures/Fototeca de Fotos.photoslibrary/resources/derivatives/F/F4EB137A-6187-4482-9C30-F519006C6F61_1_105_c.jpeg"
    ],
    "ultima_modificacion": "2025-08-01 01:01:05.244424"
  },
  "fb6411115b8c497ebe31ee43e14346c61105c.jpeg": {
    "app_sintetizada": "FB6411115B8C497EBE31EE43E14346C61105C.JPEG",
    "cantidad_archivos": 1,
    "archivos_fuente": [
      "Pictures/Fototeca de Fotos.photoslibrary/resources/derivatives/F/FB641111-5B8C-497E-BE31-EE43E14346C6_1_105_c.jpeg"
    ],
    "ultima_modificacion": "2025-08-01 01:01:05.244823"
  },
  "ff6d6edc69d9472ea4ceffeab24eb5641105c.jpeg": {
    "app_sintetizada": "FF6D6EDC69D9472EA4CEFFEAB24EB5641105C.JPEG",
    "cantidad_archivos": 1,
    "archivos_fuente": [
      "Pictures/Fototeca de Fotos.photoslibrary/resources/derivatives/F/FF6D6EDC-69D9-472E-A4CE-FFEAB24EB564_1_105_c.jpeg"
    ],
    "ultima_modificacion": "2025-08-01 01:01:05.245240"
  },
  "f0bb13eaa6e64fada5ba52e20bd9309e1105c.jpeg": {
    "app_sintetizada": "F0BB13EAA6E64FADA5BA52E20BD9309E1105C.JPEG",
    "cantidad_archivos": 1,
    "archivos_fuente": [
      "Pictures/Fototeca de Fotos.photoslibrary/resources/derivatives/F/F0BB13EA-A6E6-4FAD-A5BA-52E20BD9309E_1_105_c.jpeg"
    ],
    "ultima_modificacion": "2025-08-01 01:01:05.245673"
  },
  "f2a62b88531f4fd0892be58527596dfc1105c.jpeg": {
    "app_sintetizada": "F2A62B88531F4FD0892BE58527596DFC1105C.JPEG",
    "cantidad_archivos": 1,
    "archivos_fuente": [
      "Pictures/Fototeca de Fotos.photoslibrary/resources/derivatives/F/F2A62B88-531F-4FD0-892B-E58527596DFC_1_105_c.jpeg"
    ],
    "ultima_modificacion": "2025-08-01 01:01:05.247455"
  },
  "f1846fb7b4424f53bf5b1e66d131a6911105c.jpeg": {
    "app_sintetizada": "F1846FB7B4424F53BF5B1E66D131A6911105C.JPEG",
    "cantidad_archivos": 1,
    "archivos_fuente": [
      "Pictures/Fototeca de Fotos.photoslibrary/resources/derivatives/F/F1846FB7-B442-4F53-BF5B-1E66D131A691_1_105_c.jpeg"
    ],
    "ultima_modificacion": "2025-08-01 01:01:05.248752"
  },
  "fdcd8166f6e2485dbb01e1c96b03d4011105c.jpeg": {
    "app_sintetizada": "FDCD8166F6E2485DBB01E1C96B03D4011105C.JPEG",
    "cantidad_archivos": 1,
    "archivos_fuente": [
      "Pictures/Fototeca de Fotos.photoslibrary/resources/derivatives/F/FDCD8166-F6E2-485D-BB01-E1C96B03D401_1_105_c.jpeg"
    ],
    "ultima_modificacion": "2025-08-01 01:01:05.249311"
  },
  "f1582ae4941f4c219fb4f35411fdd9281105c.jpeg": {
    "app_sintetizada": "F1582AE4941F4C219FB4F35411FDD9281105C.JPEG",
    "cantidad_archivos": 1,
    "archivos_fuente": [
      "Pictures/Fototeca de Fotos.photoslibrary/resources/derivatives/F/F1582AE4-941F-4C21-9FB4-F35411FDD928_1_105_c.jpeg"
    ],
    "ultima_modificacion": "2025-08-01 01:01:05.249668"
  }
}