{
  "aa7c3a46cafe4463a0b0e309970f42321105c.jpeg": {
    "app_sintetizada": "AA7C3A46CAFE4463A0B0E309970F42321105C.JPEG",
    "cantidad_archivos": 1,
    "archivos_fuente": [
      "Pictures/Fototeca de Fotos.photoslibrary/resources/derivatives/A/AA7C3A46-CAFE-4463-A0B0-E309970F4232_1_105_c.jpeg"
    ],
    "ultima_modificacion": "2025-08-01 01:01:04.474141"
  },
  "aa8b35d56a8849e4a867e3f922696fe71105c.jpeg": {
    "app_sintetizada": "AA8B35D56A8849E4A867E3F922696FE71105C.JPEG",
    "cantidad_archivos": 1,
    "archivos_fuente": [
      "Pictures/Fototeca de Fotos.photoslibrary/resources/derivatives/A/AA8B35D5-6A88-49E4-A867-E3F922696FE7_1_105_c.jpeg"
    ],
    "ultima_modificacion": "2025-08-01 01:01:04.474324"
  },
  "a5c634fefced4f0dbfa875c2ebb01b8c1105c.jpeg": {
    "app_sintetizada": "A5C634FEFCED4F0DBFA875C2EBB01B8C1105C.JPEG",
    "cantidad_archivos": 1,
    "archivos_fuente": [
      "Pictures/Fototeca de Fotos.photoslibrary/resources/derivatives/A/A5C634FE-FCED-4F0D-BFA8-75C2EBB01B8C_1_105_c.jpeg"
    ],
    "ultima_modificacion": "2025-08-01 01:01:04.474496"
  },
  "a03c7ea0ab944a37b1c1aa1664362e301105c.jpeg": {
    "app_sintetizada": "A03C7EA0AB944A37B1C1AA1664362E301105C.JPEG",
    "cantidad_archivos": 1,
    "archivos_fuente": [
      "Pictures/Fototeca de Fotos.photoslibrary/resources/derivatives/A/A03C7EA0-AB94-4A37-B1C1-AA1664362E30_1_105_c.jpeg"
    ],
    "ultima_modificacion": "2025-08-01 01:01:04.474717"
  },
  "adde482789714dd4bfcbf6094b8ee81d1105c.jpeg": {
    "app_sintetizada": "ADDE482789714DD4BFCBF6094B8EE81D1105C.JPEG",
    "cantidad_archivos": 1,
    "archivos_fuente": [
      "Pictures/Fototeca de Fotos.photoslibrary/resources/derivatives/A/ADDE4827-8971-4DD4-BFCB-F6094B8EE81D_1_105_c.jpeg"
    ],
    "ultima_modificacion": "2025-08-01 01:01:04.475025"
  },
  "a1acfa28e89c4ea39243657d11c79c4b1105c.jpeg": {
    "app_sintetizada": "A1ACFA28E89C4EA39243657D11C79C4B1105C.JPEG",
    "cantidad_archivos": 1,
    "archivos_fuente": [
      "Pictures/Fototeca de Fotos.photoslibrary/resources/derivatives/A/A1ACFA28-E89C-4EA3-9243-657D11C79C4B_1_105_c.jpeg"
    ],
    "ultima_modificacion": "2025-08-01 01:01:04.475270"
  },
  "a6abd25a8928406dbdb1aac60ea1f6511105c.jpeg": {
    "app_sintetizada": "A6ABD25A8928406DBDB1AAC60EA1F6511105C.JPEG",
    "cantidad_archivos": 1,
    "archivos_fuente": [
      "Pictures/Fototeca de Fotos.photoslibrary/resources/derivatives/A/A6ABD25A-8928-406D-BDB1-AAC60EA1F651_1_105_c.jpeg"
    ],
    "ultima_modificacion": "2025-08-01 01:01:04.475500"
  },
  "a448a091bbbe4381ac0f8279fb8dee091105c.jpeg": {
    "app_sintetizada": "A448A091BBBE4381AC0F8279FB8DEE091105C.JPEG",
    "cantidad_archivos": 1,
    "archivos_fuente": [
      "Pictures/Fototeca de Fotos.photoslibrary/resources/derivatives/A/A448A091-BBBE-4381-AC0F-8279FB8DEE09_1_105_c.jpeg"
    ],
    "ultima_modificacion": "2025-08-01 01:01:04.475811"
  },
  "a42dcd7dfa834b60bf7911a77bc1ce0a1105c.jpeg": {
    "app_sintetizada": "A42DCD7DFA834B60BF7911A77BC1CE0A1105C.JPEG",
    "cantidad_archivos": 1,
    "archivos_fuente": [
      "Pictures/Fototeca de Fotos.photoslibrary/resources/derivatives/A/A42DCD7D-FA83-4B60-BF79-11A77BC1CE0A_1_105_c.jpeg"
    ],
    "ultima_modificacion": "2025-08-01 01:01:04.476085"
  },
  "a14e96c94c3b42d591559e7a692f06f61105c.jpeg": {
    "app_sintetizada": "A14E96C94C3B42D591559E7A692F06F61105C.JPEG",
    "cantidad_archivos": 1,
    "archivos_fuente": [
      "Pictures/Fototeca de Fotos.photoslibrary/resources/derivatives/A/A14E96C9-4C3B-42D5-9155-9E7A692F06F6_1_105_c.jpeg"
    ],
    "ultima_modificacion": "2025-08-01 01:01:04.476300"
  },
  "a7763a53f25c47d1a15804c19f40e7451105c.jpeg": {
    "app_sintetizada": "A7763A53F25C47D1A15804C19F40E7451105C.JPEG",
    "cantidad_archivos": 1,
    "archivos_fuente": [
      "Pictures/Fototeca de Fotos.photoslibrary/resources/derivatives/A/A7763A53-F25C-47D1-A158-04C19F40E745_1_105_c.jpeg"
    ],
    "ultima_modificacion": "2025-08-01 01:01:04.476498"
  },
  "aaf1f086e96f465f867856b623db07d91105c.jpeg": {
    "app_sintetizada": "AAF1F086E96F465F867856B623DB07D91105C.JPEG",
    "cantidad_archivos": 1,
    "archivos_fuente": [
      "Pictures/Fototeca de Fotos.photoslibrary/resources/derivatives/A/AAF1F086-E96F-465F-8678-56B623DB07D9_1_105_c.jpeg"
    ],
    "ultima_modificacion": "2025-08-01 01:01:04.476701"
  },
  "a22e6ea154c544dda11b3ed92c816e551100o.jpeg": {
    "app_sintetizada": "A22E6EA154C544DDA11B3ED92C816E551100O.JPEG",
    "cantidad_archivos": 1,
    "archivos_fuente": [
      "Pictures/Fototeca de Fotos.photoslibrary/resources/derivatives/A/A22E6EA1-54C5-44DD-A11B-3ED92C816E55_1_100_o.jpeg"
    ],
    "ultima_modificacion": "2025-08-01 01:01:04.476883"
  },
  "a6f78db3cf5c4bf8ac0d54c68115b0211105c.jpeg": {
    "app_sintetizada": "A6F78DB3CF5C4BF8AC0D54C68115B0211105C.JPEG",
    "cantidad_archivos": 1,
    "archivos_fuente": [
      "Pictures/Fototeca de Fotos.photoslibrary/resources/derivatives/A/A6F78DB3-CF5C-4BF8-AC0D-54C68115B021_1_105_c.jpeg"
    ],
    "ultima_modificacion": "2025-08-01 01:01:04.477083"
  },
  "adee51c0c2e048e9b992f68413d78e731105c.jpeg": {
    "app_sintetizada": "ADEE51C0C2E048E9B992F68413D78E731105C.JPEG",
    "cantidad_archivos": 1,
    "archivos_fuente": [
      "Pictures/Fototeca de Fotos.photoslibrary/resources/derivatives/A/ADEE51C0-C2E0-48E9-B992-F68413D78E73_1_105_c.jpeg"
    ],
    "ultima_modificacion": "2025-08-01 01:01:04.477396"
  },
  "a9ad82768fb941c893131f5e9eebc8791105c.jpeg": {
    "app_sintetizada": "A9AD82768FB941C893131F5E9EEBC8791105C.JPEG",
    "cantidad_archivos": 1,
    "archivos_fuente": [
      "Pictures/Fototeca de Fotos.photoslibrary/resources/derivatives/A/A9AD8276-8FB9-41C8-9313-1F5E9EEBC879_1_105_c.jpeg"
    ],
    "ultima_modificacion": "2025-08-01 01:01:04.477611"
  },
  "ad03495cb6ac4a6d901dd4b2f8f4269d1105c.jpeg": {
    "app_sintetizada": "AD03495CB6AC4A6D901DD4B2F8F4269D1105C.JPEG",
    "cantidad_archivos": 1,
    "archivos_fuente": [
      "Pictures/Fototeca de Fotos.photoslibrary/resources/derivatives/A/AD03495C-B6AC-4A6D-901D-D4B2F8F4269D_1_105_c.jpeg"
    ],
    "ultima_modificacion": "2025-08-01 01:01:04.477820"
  },
  "af9bb56e67f44e2eabbcd27dad5368981105c.jpeg": {
    "app_sintetizada": "AF9BB56E67F44E2EABBCD27DAD5368981105C.JPEG",
    "cantidad_archivos": 1,
    "archivos_fuente": [
      "Pictures/Fototeca de Fotos.photoslibrary/resources/derivatives/A/AF9BB56E-67F4-4E2E-ABBC-D27DAD536898_1_105_c.jpeg"
    ],
    "ultima_modificacion": "2025-08-01 01:01:04.478033"
  },
  "acc6e4dc86c24be8bfcb774b015fa2c3.thm": {
    "app_sintetizada": "ACC6E4DC86C24BE8BFCB774B015FA2C3.THM",
    "cantidad_archivos": 1,
    "archivos_fuente": [
      "Pictures/Fototeca de Fotos.photoslibrary/resources/derivatives/A/ACC6E4DC-86C2-4BE8-BFCB-774B015FA2C3.THM"
    ],
    "ultima_modificacion": "2025-08-01 01:01:04.478288"
  },
  "a1b2e9ba683642c1a8bbd39c6567f85b1105c.jpeg": {
    "app_sintetizada": "A1B2E9BA683642C1A8BBD39C6567F85B1105C.JPEG",
    "cantidad_archivos": 1,
    "archivos_fuente": [
      "Pictures/Fototeca de Fotos.photoslibrary/resources/derivatives/A/A1B2E9BA-6836-42C1-A8BB-D39C6567F85B_1_105_c.jpeg"
    ],
    "ultima_modificacion": "2025-08-01 01:01:04.478497"
  },
  "a2de28224c1a44df9f4c4bde48c7c3e81105c.jpeg": {
    "app_sintetizada": "A2DE28224C1A44DF9F4C4BDE48C7C3E81105C.JPEG",
    "cantidad_archivos": 1,
    "archivos_fuente": [
      "Pictures/Fototeca de Fotos.photoslibrary/resources/derivatives/A/A2DE2822-4C1A-44DF-9F4C-4BDE48C7C3E8_1_105_c.jpeg"
    ],
    "ultima_modificacion": "2025-08-01 01:01:04.478744"
  },
  "af42be1d57e5482d9a1d5a26d6f1cb381105c.jpeg": {
    "app_sintetizada": "AF42BE1D57E5482D9A1D5A26D6F1CB381105C.JPEG",
    "cantidad_archivos": 1,
    "archivos_fuente": [
      "Pictures/Fototeca de Fotos.photoslibrary/resources/derivatives/A/AF42BE1D-57E5-482D-9A1D-5A26D6F1CB38_1_105_c.jpeg"
    ],
    "ultima_modificacion": "2025-08-01 01:01:04.479017"
  },
  "ab179aa8b9aa4e4c9b3bd2ea9558e52f1105c.jpeg": {
    "app_sintetizada": "AB179AA8B9AA4E4C9B3BD2EA9558E52F1105C.JPEG",
    "cantidad_archivos": 1,
    "archivos_fuente": [
      "Pictures/Fototeca de Fotos.photoslibrary/resources/derivatives/A/AB179AA8-B9AA-4E4C-9B3B-D2EA9558E52F_1_105_c.jpeg"
    ],
    "ultima_modificacion": "2025-08-01 01:01:04.479212"
  },
  "afd5019cf29746cd9196ae7a56fcd5d21105c.jpeg": {
    "app_sintetizada": "AFD5019CF29746CD9196AE7A56FCD5D21105C.JPEG",
    "cantidad_archivos": 1,
    "archivos_fuente": [
      "Pictures/Fototeca de Fotos.photoslibrary/resources/derivatives/A/AFD5019C-F297-46CD-9196-AE7A56FCD5D2_1_105_c.jpeg"
    ],
    "ultima_modificacion": "2025-08-01 01:01:04.479392"
  },
  "a6e42ffec5d94b949500b2df07d8ea1e1105c.jpeg": {
    "app_sintetizada": "A6E42FFEC5D94B949500B2DF07D8EA1E1105C.JPEG",
    "cantidad_archivos": 1,
    "archivos_fuente": [
      "Pictures/Fototeca de Fotos.photoslibrary/resources/derivatives/A/A6E42FFE-C5D9-4B94-9500-B2DF07D8EA1E_1_105_c.jpeg"
    ],
    "ultima_modificacion": "2025-08-01 01:01:04.479565"
  },
  "a1ff70745ca949f3ab7f4dfae5ddb8791105c.jpeg": {
    "app_sintetizada": "A1FF70745CA949F3AB7F4DFAE5DDB8791105C.JPEG",
    "cantidad_archivos": 1,
    "archivos_fuente": [
      "Pictures/Fototeca de Fotos.photoslibrary/resources/derivatives/A/A1FF7074-5CA9-49F3-AB7F-4DFAE5DDB879_1_105_c.jpeg"
    ],
    "ultima_modificacion": "2025-08-01 01:01:04.479748"
  },
  "a807d61578ad4b7f91ceaefb141f2b6d1105c.jpeg": {
    "app_sintetizada": "A807D61578AD4B7F91CEAEFB141F2B6D1105C.JPEG",
    "cantidad_archivos": 1,
    "archivos_fuente": [
      "Pictures/Fototeca de Fotos.photoslibrary/resources/derivatives/A/A807D615-78AD-4B7F-91CE-AEFB141F2B6D_1_105_c.jpeg"
    ],
    "ultima_modificacion": "2025-08-01 01:01:04.479924"
  },
  "a5aa8bca94c140bb8bc38555e544c0d81105c.jpeg": {
    "app_sintetizada": "A5AA8BCA94C140BB8BC38555E544C0D81105C.JPEG",
    "cantidad_archivos": 1,
    "archivos_fuente": [
      "Pictures/Fototeca de Fotos.photoslibrary/resources/derivatives/A/A5AA8BCA-94C1-40BB-8BC3-8555E544C0D8_1_105_c.jpeg"
    ],
    "ultima_modificacion": "2025-08-01 01:01:04.480107"
  },
  "a8a8f4555ddd498c9f30f9f082240d0d1105c.jpeg": {
    "app_sintetizada": "A8A8F4555DDD498C9F30F9F082240D0D1105C.JPEG",
    "cantidad_archivos": 1,
    "archivos_fuente": [
      "Pictures/Fototeca de Fotos.photoslibrary/resources/derivatives/A/A8A8F455-5DDD-498C-9F30-F9F082240D0D_1_105_c.jpeg"
    ],
    "ultima_modificacion": "2025-08-01 01:01:04.480281"
  },
  "a07969059f5945e395419040cb9ba3741102o.jpeg": {
    "app_sintetizada": "A07969059F5945E395419040CB9BA3741102O.JPEG",
    "cantidad_archivos": 1,
    "archivos_fuente": [
      "Pictures/Fototeca de Fotos.photoslibrary/resources/derivatives/A/A0796905-9F59-45E3-9541-9040CB9BA374_1_102_o.jpeg"
    ],
    "ultima_modificacion": "2025-08-01 01:01:04.480456"
  },
  "a3b0651ab207463793352dfc8275639f1105c.jpeg": {
    "app_sintetizada": "A3B0651AB207463793352DFC8275639F1105C.JPEG",
    "cantidad_archivos": 1,
    "archivos_fuente": [
      "Pictures/Fototeca de Fotos.photoslibrary/resources/derivatives/A/A3B0651A-B207-4637-9335-2DFC8275639F_1_105_c.jpeg"
    ],
    "ultima_modificacion": "2025-08-01 01:01:04.480630"
  },
  "aae4efaf3eb14363aa4e7711445b5b251105c.jpeg": {
    "app_sintetizada": "AAE4EFAF3EB14363AA4E7711445B5B251105C.JPEG",
    "cantidad_archivos": 1,
    "archivos_fuente": [
      "Pictures/Fototeca de Fotos.photoslibrary/resources/derivatives/A/AAE4EFAF-3EB1-4363-AA4E-7711445B5B25_1_105_c.jpeg"
    ],
    "ultima_modificacion": "2025-08-01 01:01:04.480806"
  },
  "af2a3e8fae3041259735f489fbe3b9941105c.jpeg": {
    "app_sintetizada": "AF2A3E8FAE3041259735F489FBE3B9941105C.JPEG",
    "cantidad_archivos": 1,
    "archivos_fuente": [
      "Pictures/Fototeca de Fotos.photoslibrary/resources/derivatives/A/AF2A3E8F-AE30-4125-9735-F489FBE3B994_1_105_c.jpeg"
    ],
    "ultima_modificacion": "2025-08-01 01:01:04.480996"
  },
  "aafc93c6921b432d92383598dda082921105c.jpeg": {
    "app_sintetizada": "AAFC93C6921B432D92383598DDA082921105C.JPEG",
    "cantidad_archivos": 1,
    "archivos_fuente": [
      "Pictures/Fototeca de Fotos.photoslibrary/resources/derivatives/A/AAFC93C6-921B-432D-9238-3598DDA08292_1_105_c.jpeg"
    ],
    "ultima_modificacion": "2025-08-01 01:01:04.481163"
  },
  "a5a65bd00bde4e5483e04e6f377227421105c.jpeg": {
    "app_sintetizada": "A5A65BD00BDE4E5483E04E6F377227421105C.JPEG",
    "cantidad_archivos": 1,
    "archivos_fuente": [
      "Pictures/Fototeca de Fotos.photoslibrary/resources/derivatives/A/A5A65BD0-0BDE-4E54-83E0-4E6F37722742_1_105_c.jpeg"
    ],
    "ultima_modificacion": "2025-08-01 01:01:04.481341"
  },
  "a53371ef4e1740e29f0d9916559127611105c.jpeg": {
    "app_sintetizada": "A53371EF4E1740E29F0D9916559127611105C.JPEG",
    "cantidad_archivos": 1,
    "archivos_fuente": [
      "Pictures/Fototeca de Fotos.photoslibrary/resources/derivatives/A/A53371EF-4E17-40E2-9F0D-991655912761_1_105_c.jpeg"
    ],
    "ultima_modificacion": "2025-08-01 01:01:04.481509"
  },
  "a97ccda8740649f88d79e510ae7c02651105c.jpeg": {
    "app_sintetizada": "A97CCDA8740649F88D79E510AE7C02651105C.JPEG",
    "cantidad_archivos": 1,
    "archivos_fuente": [
      "Pictures/Fototeca de Fotos.photoslibrary/resources/derivatives/A/A97CCDA8-7406-49F8-8D79-E510AE7C0265_1_105_c.jpeg"
    ],
    "ultima_modificacion": "2025-08-01 01:01:04.481724"
  },
  "ad90725bcd5f45a899dc2ae66473dd691105c.jpeg": {
    "app_sintetizada": "AD90725BCD5F45A899DC2AE66473DD691105C.JPEG",
    "cantidad_archivos": 1,
    "archivos_fuente": [
      "Pictures/Fototeca de Fotos.photoslibrary/resources/derivatives/A/AD90725B-CD5F-45A8-99DC-2AE66473DD69_1_105_c.jpeg"
    ],
    "ultima_modificacion": "2025-08-01 01:01:04.482033"
  },
  "a6705794cd1d4702a522e9dbbeb1f46e1105c.jpeg": {
    "app_sintetizada": "A6705794CD1D4702A522E9DBBEB1F46E1105C.JPEG",
    "cantidad_archivos": 1,
    "archivos_fuente": [
      "Pictures/Fototeca de Fotos.photoslibrary/resources/derivatives/A/A6705794-CD1D-4702-A522-E9DBBEB1F46E_1_105_c.jpeg"
    ],
    "ultima_modificacion": "2025-08-01 01:01:04.482257"
  },
  "a743352214be47c2b66a5c3bc1e50c091105c.jpeg": {
    "app_sintetizada": "A743352214BE47C2B66A5C3BC1E50C091105C.JPEG",
    "cantidad_archivos": 1,
    "archivos_fuente": [
      "Pictures/Fototeca de Fotos.photoslibrary/resources/derivatives/A/A7433522-14BE-47C2-B66A-5C3BC1E50C09_1_105_c.jpeg"
    ],
    "ultima_modificacion": "2025-08-01 01:01:04.482554"
  },
  "a689efbade2b42279a17ada9436019e5.thm": {
    "app_sintetizada": "A689EFBADE2B42279A17ADA9436019E5.THM",
    "cantidad_archivos": 1,
    "archivos_fuente": [
      "Pictures/Fototeca de Fotos.photoslibrary/resources/derivatives/A/A689EFBA-DE2B-4227-9A17-ADA9436019E5.THM"
    ],
    "ultima_modificacion": "2025-08-01 01:01:04.482760"
  },
  "a6a90b7ddb4a442aa636640ead8ae1061105c.jpeg": {
    "app_sintetizada": "A6A90B7DDB4A442AA636640EAD8AE1061105C.JPEG",
    "cantidad_archivos": 1,
    "archivos_fuente": [
      "Pictures/Fototeca de Fotos.photoslibrary/resources/derivatives/A/A6A90B7D-DB4A-442A-A636-640EAD8AE106_1_105_c.jpeg"
    ],
    "ultima_modificacion": "2025-08-01 01:01:04.482971"
  },
  "a70bd7ca99d34ade84298735e34489541105c.jpeg": {
    "app_sintetizada": "A70BD7CA99D34ADE84298735E34489541105C.JPEG",
    "cantidad_archivos": 1,
    "archivos_fuente": [
      "Pictures/Fototeca de Fotos.photoslibrary/resources/derivatives/A/A70BD7CA-99D3-4ADE-8429-8735E3448954_1_105_c.jpeg"
    ],
    "ultima_modificacion": "2025-08-01 01:01:04.483177"
  },
  "a85c8b1e51644c37b62d4e992c6a77f71105c.jpeg": {
    "app_sintetizada": "A85C8B1E51644C37B62D4E992C6A77F71105C.JPEG",
    "cantidad_archivos": 1,
    "archivos_fuente": [
      "Pictures/Fototeca de Fotos.photoslibrary/resources/derivatives/A/A85C8B1E-5164-4C37-B62D-4E992C6A77F7_1_105_c.jpeg"
    ],
    "ultima_modificacion": "2025-08-01 01:01:04.483361"
  },
  "a66d0c455ccb4b908954ade6f57236e41105c.jpeg": {
    "app_sintetizada": "A66D0C455CCB4B908954ADE6F57236E41105C.JPEG",
    "cantidad_archivos": 1,
    "archivos_fuente": [
      "Pictures/Fototeca de Fotos.photoslibrary/resources/derivatives/A/A66D0C45-5CCB-4B90-8954-ADE6F57236E4_1_105_c.jpeg"
    ],
    "ultima_modificacion": "2025-08-01 01:01:04.483563"
  },
  "a952d44d6f1545709896e52733976bb91105c.jpeg": {
    "app_sintetizada": "A952D44D6F1545709896E52733976BB91105C.JPEG",
    "cantidad_archivos": 1,
    "archivos_fuente": [
      "Pictures/Fototeca de Fotos.photoslibrary/resources/derivatives/A/A952D44D-6F15-4570-9896-E52733976BB9_1_105_c.jpeg"
    ],
    "ultima_modificacion": "2025-08-01 01:01:04.483759"
  },
  "ae08e330b41c48c299d614b68bfb48f11105c.jpeg": {
    "app_sintetizada": "AE08E330B41C48C299D614B68BFB48F11105C.JPEG",
    "cantidad_archivos": 1,
    "archivos_fuente": [
      "Pictures/Fototeca de Fotos.photoslibrary/resources/derivatives/A/AE08E330-B41C-48C2-99D6-14B68BFB48F1_1_105_c.jpeg"
    ],
    "ultima_modificacion": "2025-08-01 01:01:04.484038"
  },
  "aac6398baec0409685a1af94f3fa05f01105c.jpeg": {
    "app_sintetizada": "AAC6398BAEC0409685A1AF94F3FA05F01105C.JPEG",
    "cantidad_archivos": 1,
    "archivos_fuente": [
      "Pictures/Fototeca de Fotos.photoslibrary/resources/derivatives/A/AAC6398B-AEC0-4096-85A1-AF94F3FA05F0_1_105_c.jpeg"
    ],
    "ultima_modificacion": "2025-08-01 01:01:04.484353"
  },
  "a4f86b0d961d4a5993d97a3460788edf1105c.jpeg": {
    "app_sintetizada": "A4F86B0D961D4A5993D97A3460788EDF1105C.JPEG",
    "cantidad_archivos": 1,
    "archivos_fuente": [
      "Pictures/Fototeca de Fotos.photoslibrary/resources/derivatives/A/A4F86B0D-961D-4A59-93D9-7A3460788EDF_1_105_c.jpeg"
    ],
    "ultima_modificacion": "2025-08-01 01:01:04.484562"
  },
  "ad67f8de70e84239a18254427213b22c1105c.jpeg": {
    "app_sintetizada": "AD67F8DE70E84239A18254427213B22C1105C.JPEG",
    "cantidad_archivos": 1,
    "archivos_fuente": [
      "Pictures/Fototeca de Fotos.photoslibrary/resources/derivatives/A/AD67F8DE-70E8-4239-A182-54427213B22C_1_105_c.jpeg"
    ],
    "ultima_modificacion": "2025-08-01 01:01:04.484826"
  },
  "f29a4bf5448945de87df28ce2311e9611105c.jpeg": {
    "app_sintetizada": "F29A4BF5448945DE87DF28CE2311E9611105C.JPEG",
    "cantidad_archivos": 1,
    "archivos_fuente": [
      "Pictures/Fototeca de Fotos.photoslibrary/resources/derivatives/F/F29A4BF5-4489-45DE-87DF-28CE2311E961_1_105_c.jpeg"
    ],
    "ultima_modificacion": "2025-08-01 01:01:04.485036"
  },
  "fa84311351694b6aa4964ff34d21dfc81105c.jpeg": {
    "app_sintetizada": "FA84311351694B6AA4964FF34D21DFC81105C.JPEG",
    "cantidad_archivos": 1,
    "archivos_fuente": [
      "Pictures/Fototeca de Fotos.photoslibrary/resources/derivatives/F/FA843113-5169-4B6A-A496-4FF34D21DFC8_1_105_c.jpeg"
    ],
    "ultima_modificacion": "2025-08-01 01:01:04.485288"
  },
  "f5d2f2212590481e937f7c981eb78865.thm": {
    "app_sintetizada": "F5D2F2212590481E937F7C981EB78865.THM",
    "cantidad_archivos": 1,
    "archivos_fuente": [
      "Pictures/Fototeca de Fotos.photoslibrary/resources/derivatives/F/F5D2F221-2590-481E-937F-7C981EB78865.THM"
    ],
    "ultima_modificacion": "2025-08-01 01:01:04.485504"
  },
  "f7c2190f88bf43db8eb79cb804ee74561105c.jpeg": {
    "app_sintetizada": "F7C2190F88BF43DB8EB79CB804EE74561105C.JPEG",
    "cantidad_archivos": 1,
    "archivos_fuente": [
      "Pictures/Fototeca de Fotos.photoslibrary/resources/derivatives/F/F7C2190F-88BF-43DB-8EB7-9CB804EE7456_1_105_c.jpeg"
    ],
    "ultima_modificacion": "2025-08-01 01:01:04.485711"
  },
  "fe8c9e6955994e57a4ba21a0362fa9561105c.jpeg": {
    "app_sintetizada": "FE8C9E6955994E57A4BA21A0362FA9561105C.JPEG",
    "cantidad_archivos": 1,
    "archivos_fuente": [
      "Pictures/Fototeca de Fotos.photoslibrary/resources/derivatives/F/FE8C9E69-5599-4E57-A4BA-21A0362FA956_1_105_c.jpeg"
    ],
    "ultima_modificacion": "2025-08-01 01:01:04.485991"
  },
  "f1cac06c848c4f0282b4f472b4e3f5271105c.jpeg": {
    "app_sintetizada": "F1CAC06C848C4F0282B4F472B4E3F5271105C.JPEG",
    "cantidad_archivos": 1,
    "archivos_fuente": [
      "Pictures/Fototeca de Fotos.photoslibrary/resources/derivatives/F/F1CAC06C-848C-4F02-82B4-F472B4E3F527_1_105_c.jpeg"
    ],
    "ultima_modificacion": "2025-08-01 01:01:04.486278"
  },
  "ff6e3fc98ab04ead941a8e8484e63dbb1105c.jpeg": {
    "app_sintetizada": "FF6E3FC98AB04EAD941A8E8484E63DBB1105C.JPEG",
    "cantidad_archivos": 1,
    "archivos_fuente": [
      "Pictures/Fototeca de Fotos.photoslibrary/resources/derivatives/F/FF6E3FC9-8AB0-4EAD-941A-8E8484E63DBB_1_105_c.jpeg"
    ],
    "ultima_modificacion": "2025-08-01 01:01:04.486596"
  },
  "f6d6f35a7361468a85d57ae9c71037ac1105c.jpeg": {
    "app_sintetizada": "F6D6F35A7361468A85D57AE9C71037AC1105C.JPEG",
    "cantidad_archivos": 1,
    "archivos_fuente": [
      "Pictures/Fototeca de Fotos.photoslibrary/resources/derivatives/F/F6D6F35A-7361-468A-85D5-7AE9C71037AC_1_105_c.jpeg"
    ],
    "ultima_modificacion": "2025-08-01 01:01:04.486892"
  },
  "f29cb81ce468440f9594290fd9a923501105c.jpeg": {
    "app_sintetizada": "F29CB81CE468440F9594290FD9A923501105C.JPEG",
    "cantidad_archivos": 1,
    "archivos_fuente": [
      "Pictures/Fototeca de Fotos.photoslibrary/resources/derivatives/F/F29CB81C-E468-440F-9594-290FD9A92350_1_105_c.jpeg"
    ],
    "ultima_modificacion": "2025-08-01 01:01:04.487161"
  },
  "f7a67798aab64acbbb1533e69d60e1aa1105c.jpeg": {
    "app_sintetizada": "F7A67798AAB64ACBBB1533E69D60E1AA1105C.JPEG",
    "cantidad_archivos": 1,
    "archivos_fuente": [
      "Pictures/Fototeca de Fotos.photoslibrary/resources/derivatives/F/F7A67798-AAB6-4ACB-BB15-33E69D60E1AA_1_105_c.jpeg"
    ],
    "ultima_modificacion": "2025-08-01 01:01:04.487428"
  },
  "f10d49d5b7e74e66a001c7e6ac425b581105c.jpeg": {
    "app_sintetizada": "F10D49D5B7E74E66A001C7E6AC425B581105C.JPEG",
    "cantidad_archivos": 1,
    "archivos_fuente": [
      "Pictures/Fototeca de Fotos.photoslibrary/resources/derivatives/F/F10D49D5-B7E7-4E66-A001-C7E6AC425B58_1_105_c.jpeg"
    ],
    "ultima_modificacion": "2025-08-01 01:01:04.487698"
  },
  "f7193f8dcb5f4ba79ad2b25ed90f0a891105c.jpeg": {
    "app_sintetizada": "F7193F8DCB5F4BA79AD2B25ED90F0A891105C.JPEG",
    "cantidad_archivos": 1,
    "archivos_fuente": [
      "Pictures/Fototeca de Fotos.photoslibrary/resources/derivatives/F/F7193F8D-CB5F-4BA7-9AD2-B25ED90F0A89_1_105_c.jpeg"
    ],
    "ultima_modificacion": "2025-08-01 01:01:04.487961"
  },
  "f27df8186e92474ba4b2b7a32883ef6f1101o.jpeg": {
    "app_sintetizada": "F27DF8186E92474BA4B2B7A32883EF6F1101O.JPEG",
    "cantidad_archivos": 1,
    "archivos_fuente": [
      "Pictures/Fototeca de Fotos.photoslibrary/resources/derivatives/F/F27DF818-6E92-474B-A4B2-B7A32883EF6F_1_101_o.jpeg"
    ],
    "ultima_modificacion": "2025-08-01 01:01:04.488238"
  },
  "fa74b3fd26fb4f0bb9331fcb7ce277a91105c.jpeg": {
    "app_sintetizada": "FA74B3FD26FB4F0BB9331FCB7CE277A91105C.JPEG",
    "cantidad_archivos": 1,
    "archivos_fuente": [
      "Pictures/Fototeca de Fotos.photoslibrary/resources/derivatives/F/FA74B3FD-26FB-4F0B-B933-1FCB7CE277A9_1_105_c.jpeg"
    ],
    "ultima_modificacion": "2025-08-01 01:01:04.488508"
  },
  "fb16da894755461ba9466712ca79c1291105c.jpeg": {
    "app_sintetizada": "FB16DA894755461BA9466712CA79C1291105C.JPEG",
    "cantidad_archivos": 1,
    "archivos_fuente": [
      "Pictures/Fototeca de Fotos.photoslibrary/resources/derivatives/F/FB16DA89-4755-461B-A946-6712CA79C129_1_105_c.jpeg"
    ],
    "ultima_modificacion": "2025-08-01 01:01:04.488800"
  },
  "ff8423f5dcfd48938200af9c191df3091105c.jpeg": {
    "app_sintetizada": "FF8423F5DCFD48938200AF9C191DF3091105C.JPEG",
    "cantidad_archivos": 1,
    "archivos_fuente": [
      "Pictures/Fototeca de Fotos.photoslibrary/resources/derivatives/F/FF8423F5-DCFD-4893-8200-AF9C191DF309_1_105_c.jpeg"
    ],
    "ultima_modificacion": "2025-08-01 01:01:04.489059"
  },
  "f67aee7471bb400cbd98b8cfcbce08b01105c.jpeg": {
    "app_sintetizada": "F67AEE7471BB400CBD98B8CFCBCE08B01105C.JPEG",
    "cantidad_archivos": 1,
    "archivos_fuente": [
      "Pictures/Fototeca de Fotos.photoslibrary/resources/derivatives/F/F67AEE74-71BB-400C-BD98-B8CFCBCE08B0_1_105_c.jpeg"
    ],
    "ultima_modificacion": "2025-08-01 01:01:04.489316"
  },
  "f7efb43ea4494a3e89d5721cc29a3e3f.thm": {
    "app_sintetizada": "F7EFB43EA4494A3E89D5721CC29A3E3F.THM",
    "cantidad_archivos": 1,
    "archivos_fuente": [
      "Pictures/Fototeca de Fotos.photoslibrary/resources/derivatives/F/F7EFB43E-A449-4A3E-89D5-721CC29A3E3F.THM"
    ],
    "ultima_modificacion": "2025-08-01 01:01:04.489589"
  },
  "f9fc7e82adbf43eb96453b8367b3b0861105c.jpeg": {
    "app_sintetizada": "F9FC7E82ADBF43EB96453B8367B3B0861105C.JPEG",
    "cantidad_archivos": 1,
    "archivos_fuente": [
      "Pictures/Fototeca de Fotos.photoslibrary/resources/derivatives/F/F9FC7E82-ADBF-43EB-9645-3B8367B3B086_1_105_c.jpeg"
    ],
    "ultima_modificacion": "2025-08-01 01:01:04.489871"
  },
  "f5f9431da4fb460d95cd425558b36350.thm": {
    "app_sintetizada": "F5F9431DA4FB460D95CD425558B36350.THM",
    "cantidad_archivos": 1,
    "archivos_fuente": [
      "Pictures/Fototeca de Fotos.photoslibrary/resources/derivatives/F/F5F9431D-A4FB-460D-95CD-425558B36350.THM"
    ],
    "ultima_modificacion": "2025-08-01 01:01:04.490137"
  },
  "f977bd6ac87a44e4aecb20f54d4373e91105c.jpeg": {
    "app_sintetizada": "F977BD6AC87A44E4AECB20F54D4373E91105C.JPEG",
    "cantidad_archivos": 1,
    "archivos_fuente": [
      "Pictures/Fototeca de Fotos.photoslibrary/resources/derivatives/F/F977BD6A-C87A-44E4-AECB-20F54D4373E9_1_105_c.jpeg"
    ],
    "ultima_modificacion": "2025-08-01 01:01:04.490406"
  },
  "f56232a4c5054193b8cf45105f1d04791105c.jpeg": {
    "app_sintetizada": "F56232A4C5054193B8CF45105F1D04791105C.JPEG",
    "cantidad_archivos": 1,
    "archivos_fuente": [
      "Pictures/Fototeca de Fotos.photoslibrary/resources/derivatives/F/F56232A4-C505-4193-B8CF-45105F1D0479_1_105_c.jpeg"
    ],
    "ultima_modificacion": "2025-08-01 01:01:04.490703"
  },
  "f0e81e3f6bd74cc8aaec752a345bd2b71105c.jpeg": {
    "app_sintetizada": "F0E81E3F6BD74CC8AAEC752A345BD2B71105C.JPEG",
    "cantidad_archivos": 1,
    "archivos_fuente": [
      "Pictures/Fototeca de Fotos.photoslibrary/resources/derivatives/F/F0E81E3F-6BD7-4CC8-AAEC-752A345BD2B7_1_105_c.jpeg"
    ],
    "ultima_modificacion": "2025-08-01 01:01:04.490988"
  },
  "f0131d6e6d254f6ebe904725902804141105c.jpeg": {
    "app_sintetizada": "F0131D6E6D254F6EBE904725902804141105C.JPEG",
    "cantidad_archivos": 1,
    "archivos_fuente": [
      "Pictures/Fototeca de Fotos.photoslibrary/resources/derivatives/F/F0131D6E-6D25-4F6E-BE90-472590280414_1_105_c.jpeg"
    ],
    "ultima_modificacion": "2025-08-01 01:01:04.491253"
  },
  "fba7ac23e3b2428a896de4d7d14e40a71105c.jpeg": {
    "app_sintetizada": "FBA7AC23E3B2428A896DE4D7D14E40A71105C.JPEG",
    "cantidad_archivos": 1,
    "archivos_fuente": [
      "Pictures/Fototeca de Fotos.photoslibrary/resources/derivatives/F/FBA7AC23-E3B2-428A-896D-E4D7D14E40A7_1_105_c.jpeg"
    ],
    "ultima_modificacion": "2025-08-01 01:01:04.491519"
  },
  "f88acff0ba794d77833f77a763180bd01105c.jpeg": {
    "app_sintetizada": "F88ACFF0BA794D77833F77A763180BD01105C.JPEG",
    "cantidad_archivos": 1,
    "archivos_fuente": [
      "Pictures/Fototeca de Fotos.photoslibrary/resources/derivatives/F/F88ACFF0-BA79-4D77-833F-77A763180BD0_1_105_c.jpeg"
    ],
    "ultima_modificacion": "2025-08-01 01:01:04.491818"
  },
  "f1baac81777846a2a630e80ace36803d1105c.jpeg": {
    "app_sintetizada": "F1BAAC81777846A2A630E80ACE36803D1105C.JPEG",
    "cantidad_archivos": 1,
    "archivos_fuente": [
      "Pictures/Fototeca de Fotos.photoslibrary/resources/derivatives/F/F1BAAC81-7778-46A2-A630-E80ACE36803D_1_105_c.jpeg"
    ],
    "ultima_modificacion": "2025-08-01 01:01:04.492084"
  },
  "feaa50cbe5df4596ae0abed773536ccb1105c.jpeg": {
    "app_sintetizada": "FEAA50CBE5DF4596AE0ABED773536CCB1105C.JPEG",
    "cantidad_archivos": 1,
    "archivos_fuente": [
      "Pictures/Fototeca de Fotos.photoslibrary/resources/derivatives/F/FEAA50CB-E5DF-4596-AE0A-BED773536CCB_1_105_c.jpeg"
    ],
    "ultima_modificacion": "2025-08-01 01:01:04.492342"
  },
  "f438e6a787894d6bbcce74737834430a1105c.jpeg": {
    "app_sintetizada": "F438E6A787894D6BBCCE74737834430A1105C.JPEG",
    "cantidad_archivos": 1,
    "archivos_fuente": [
      "Pictures/Fototeca de Fotos.photoslibrary/resources/derivatives/F/F438E6A7-8789-4D6B-BCCE-74737834430A_1_105_c.jpeg"
    ],
    "ultima_modificacion": "2025-08-01 01:01:04.492612"
  },
  "f64dccfa30cc42c4811db24f943b907f1105c.jpeg": {
    "app_sintetizada": "F64DCCFA30CC42C4811DB24F943B907F1105C.JPEG",
    "cantidad_archivos": 1,
    "archivos_fuente": [
      "Pictures/Fototeca de Fotos.photoslibrary/resources/derivatives/F/F64DCCFA-30CC-42C4-811D-B24F943B907F_1_105_c.jpeg"
    ],
    "ultima_modificacion": "2025-08-01 01:01:04.492941"
  },
  "f0264f6fd4ca443491b04b355999f5c81105c.jpeg": {
    "app_sintetizada": "F0264F6FD4CA443491B04B355999F5C81105C.JPEG",
    "cantidad_archivos": 1,
    "archivos_fuente": [
      "Pictures/Fototeca de Fotos.photoslibrary/resources/derivatives/F/F0264F6F-D4CA-4434-91B0-4B355999F5C8_1_105_c.jpeg"
    ],
    "ultima_modificacion": "2025-08-01 01:01:04.493262"
  },
  "f8c4a3293eff41c2afb71066291edf5c1105c.jpeg": {
    "app_sintetizada": "F8C4A3293EFF41C2AFB71066291EDF5C1105C.JPEG",
    "cantidad_archivos": 1,
    "archivos_fuente": [
      "Pictures/Fototeca de Fotos.photoslibrary/resources/derivatives/F/F8C4A329-3EFF-41C2-AFB7-1066291EDF5C_1_105_c.jpeg"
    ],
    "ultima_modificacion": "2025-08-01 01:01:04.493556"
  },
  "f9db8d697c774f928917aa6a2bfc1b4d1105c.jpeg": {
    "app_sintetizada": "F9DB8D697C774F928917AA6A2BFC1B4D1105C.JPEG",
    "cantidad_archivos": 1,
    "archivos_fuente": [
      "Pictures/Fototeca de Fotos.photoslibrary/resources/derivatives/F/F9DB8D69-7C77-4F92-8917-AA6A2BFC1B4D_1_105_c.jpeg"
    ],
    "ultima_modificacion": "2025-08-01 01:01:04.493846"
  },
  "fadf4eb89c3047e785bf0210c05d441d1105c.jpeg": {
    "app_sintetizada": "FADF4EB89C3047E785BF0210C05D441D1105C.JPEG",
    "cantidad_archivos": 1,
    "archivos_fuente": [
      "Pictures/Fototeca de Fotos.photoslibrary/resources/derivatives/F/FADF4EB8-9C30-47E7-85BF-0210C05D441D_1_105_c.jpeg"
    ],
    "ultima_modificacion": "2025-08-01 01:01:04.494123"
  },
  "f39684dc07374a8083158515dbaf8df51105c.jpeg": {
    "app_sintetizada": "F39684DC07374A8083158515DBAF8DF51105C.JPEG",
    "cantidad_archivos": 1,
    "archivos_fuente": [
      "Pictures/Fototeca de Fotos.photoslibrary/resources/derivatives/F/F39684DC-0737-4A80-8315-8515DBAF8DF5_1_105_c.jpeg"
    ],
    "ultima_modificacion": "2025-08-01 01:01:04.494400"
  },
  "f73cb17e41784efaae51c7f002e7868c1105c.jpeg": {
    "app_sintetizada": "F73CB17E41784EFAAE51C7F002E7868C1105C.JPEG",
    "cantidad_archivos": 1,
    "archivos_fuente": [
      "Pictures/Fototeca de Fotos.photoslibrary/resources/derivatives/F/F73CB17E-4178-4EFA-AE51-C7F002E7868C_1_105_c.jpeg"
    ],
    "ultima_modificacion": "2025-08-01 01:01:04.494675"
  },
  "fa37af57218b4ff4b1158040ac7ef4471105c.jpeg": {
    "app_sintetizada": "FA37AF57218B4FF4B1158040AC7EF4471105C.JPEG",
    "cantidad_archivos": 1,
    "archivos_fuente": [
      "Pictures/Fototeca de Fotos.photoslibrary/resources/derivatives/F/FA37AF57-218B-4FF4-B115-8040AC7EF447_1_105_c.jpeg"
    ],
    "ultima_modificacion": "2025-08-01 01:01:04.494960"
  },
  "f2252cc703334dba8fe73fa20a543b4f1105c.jpeg": {
    "app_sintetizada": "F2252CC703334DBA8FE73FA20A543B4F1105C.JPEG",
    "cantidad_archivos": 1,
    "archivos_fuente": [
      "Pictures/Fototeca de Fotos.photoslibrary/resources/derivatives/F/F2252CC7-0333-4DBA-8FE7-3FA20A543B4F_1_105_c.jpeg"
    ],
    "ultima_modificacion": "2025-08-01 01:01:04.495249"
  },
  "fe89218930884c8bbda0650b1d1b5891.thm": {
    "app_sintetizada": "FE89218930884C8BBDA0650B1D1B5891.THM",
    "cantidad_archivos": 1,
    "archivos_fuente": [
      "Pictures/Fototeca de Fotos.photoslibrary/resources/derivatives/F/FE892189-3088-4C8B-BDA0-650B1D1B5891.THM"
    ],
    "ultima_modificacion": "2025-08-01 01:01:04.495533"
  },
  "f4f17b47706f42beb753c7dff5090a001105c.jpeg": {
    "app_sintetizada": "F4F17B47706F42BEB753C7DFF5090A001105C.JPEG",
    "cantidad_archivos": 1,
    "archivos_fuente": [
      "Pictures/Fototeca de Fotos.photoslibrary/resources/derivatives/F/F4F17B47-706F-42BE-B753-C7DFF5090A00_1_105_c.jpeg"
    ],
    "ultima_modificacion": "2025-08-01 01:01:04.495827"
  },
  "fb3b17025e0c47e481983dd3f0db01891105c.jpeg": {
    "app_sintetizada": "FB3B17025E0C47E481983DD3F0DB01891105C.JPEG",
    "cantidad_archivos": 1,
    "archivos_fuente": [
      "Pictures/Fototeca de Fotos.photoslibrary/resources/derivatives/F/FB3B1702-5E0C-47E4-8198-3DD3F0DB0189_1_105_c.jpeg"
    ],
    "ultima_modificacion": "2025-08-01 01:01:04.496120"
  },
  "fc9f10c339ea41dcad3b1fbb1d3b32301105c.jpeg": {
    "app_sintetizada": "FC9F10C339EA41DCAD3B1FBB1D3B32301105C.JPEG",
    "cantidad_archivos": 1,
    "archivos_fuente": [
      "Pictures/Fototeca de Fotos.photoslibrary/resources/derivatives/F/FC9F10C3-39EA-41DC-AD3B-1FBB1D3B3230_1_105_c.jpeg"
    ],
    "ultima_modificacion": "2025-08-01 01:01:04.496399"
  },
  "f5296240cf954092bb08b0ad3aff1d97.thm": {
    "app_sintetizada": "F5296240CF954092BB08B0AD3AFF1D97.THM",
    "cantidad_archivos": 1,
    "archivos_fuente": [
      "Pictures/Fototeca de Fotos.photoslibrary/resources/derivatives/F/F5296240-CF95-4092-BB08-B0AD3AFF1D97.THM"
    ],
    "ultima_modificacion": "2025-08-01 01:01:04.496700"
  },
  "f5aaf8161a514acfb1b5fe7ecc56be441105c.jpeg": {
    "app_sintetizada": "F5AAF8161A514ACFB1B5FE7ECC56BE441105C.JPEG",
    "cantidad_archivos": 1,
    "archivos_fuente": [
      "Pictures/Fototeca de Fotos.photoslibrary/resources/derivatives/F/F5AAF816-1A51-4ACF-B1B5-FE7ECC56BE44_1_105_c.jpeg"
    ],
    "ultima_modificacion": "2025-08-01 01:01:04.496986"
  },
  "f35264d4d29b4eff9e3871c79ca8ac701105c.jpeg": {
    "app_sintetizada": "F35264D4D29B4EFF9E3871C79CA8AC701105C.JPEG",
    "cantidad_archivos": 1,
    "archivos_fuente": [
      "Pictures/Fototeca de Fotos.photoslibrary/resources/derivatives/F/F35264D4-D29B-4EFF-9E38-71C79CA8AC70_1_105_c.jpeg"
    ],
    "ultima_modificacion": "2025-08-01 01:01:04.497263"
  },
  "f71c909fcccd48a1843acf2000f5dd2f1105c.jpeg": {
    "app_sintetizada": "F71C909FCCCD48A1843ACF2000F5DD2F1105C.JPEG",
    "cantidad_archivos": 1,
    "archivos_fuente": [
      "Pictures/Fototeca de Fotos.photoslibrary/resources/derivatives/F/F71C909F-CCCD-48A1-843A-CF2000F5DD2F_1_105_c.jpeg"
    ],
    "ultima_modificacion": "2025-08-01 01:01:04.497607"
  },
  "f73cb17e41784efaae51c7f002e7868c.thm": {
    "app_sintetizada": "F73CB17E41784EFAAE51C7F002E7868C.THM",
    "cantidad_archivos": 1,
    "archivos_fuente": [
      "Pictures/Fototeca de Fotos.photoslibrary/resources/derivatives/F/F73CB17E-4178-4EFA-AE51-C7F002E7868C.THM"
    ],
    "ultima_modificacion": "2025-08-01 01:01:04.497906"
  },
  "f4c65790db4849349c4c219dd9ea4a601105c.jpeg": {
    "app_sintetizada": "F4C65790DB4849349C4C219DD9EA4A601105C.JPEG",
    "cantidad_archivos": 1,
    "archivos_fuente": [
      "Pictures/Fototeca de Fotos.photoslibrary/resources/derivatives/F/F4C65790-DB48-4934-9C4C-219DD9EA4A60_1_105_c.jpeg"
    ],
    "ultima_modificacion": "2025-08-01 01:01:04.498209"
  },
  "f08ad72f02bd46e6a0fbdd7e3d0575c61105c.jpeg": {
    "app_sintetizada": "F08AD72F02BD46E6A0FBDD7E3D0575C61105C.JPEG",
    "cantidad_archivos": 1,
    "archivos_fuente": [
      "Pictures/Fototeca de Fotos.photoslibrary/resources/derivatives/F/F08AD72F-02BD-46E6-A0FB-DD7E3D0575C6_1_105_c.jpeg"
    ],
    "ultima_modificacion": "2025-08-01 01:01:04.498485"
  },
  "f386bd9209ff4fe79da65280a6e4d37d1105c.jpeg": {
    "app_sintetizada": "F386BD9209FF4FE79DA65280A6E4D37D1105C.JPEG",
    "cantidad_archivos": 1,
    "archivos_fuente": [
      "Pictures/Fototeca de Fotos.photoslibrary/resources/derivatives/F/F386BD92-09FF-4FE7-9DA6-5280A6E4D37D_1_105_c.jpeg"
    ],
    "ultima_modificacion": "2025-08-01 01:01:04.498777"
  }
}