{
  "8a59070e725749699c0f6ee3fc6c630d1105c.jpeg": {
    "app_sintetizada": "8A59070E725749699C0F6EE3FC6C630D1105C.JPEG",
    "cantidad_archivos": 1,
    "archivos_fuente": [
      "Pictures/Fototeca de Fotos.photoslibrary/resources/derivatives/8/8A59070E-7257-4969-9C0F-6EE3FC6C630D_1_105_c.jpeg"
    ],
    "ultima_modificacion": "2025-08-01 01:01:03.351710"
  },
  "819c1001b8f84db5a9ddbd75ce7a6c4f.thm": {
    "app_sintetizada": "819C1001B8F84DB5A9DDBD75CE7A6C4F.THM",
    "cantidad_archivos": 1,
    "archivos_fuente": [
      "Pictures/Fototeca de Fotos.photoslibrary/resources/derivatives/8/819C1001-B8F8-4DB5-A9DD-BD75CE7A6C4F.THM"
    ],
    "ultima_modificacion": "2025-08-01 01:01:03.352019"
  },
  "87e828819018491b9fb337d246d16efb1105c.jpeg": {
    "app_sintetizada": "87E828819018491B9FB337D246D16EFB1105C.JPEG",
    "cantidad_archivos": 1,
    "archivos_fuente": [
      "Pictures/Fototeca de Fotos.photoslibrary/resources/derivatives/8/87E82881-9018-491B-9FB3-37D246D16EFB_1_105_c.jpeg"
    ],
    "ultima_modificacion": "2025-08-01 01:01:03.352321"
  },
  "8f9db85f7ce1489b9a409ce12f88523b1105c.jpeg": {
    "app_sintetizada": "8F9DB85F7CE1489B9A409CE12F88523B1105C.JPEG",
    "cantidad_archivos": 1,
    "archivos_fuente": [
      "Pictures/Fototeca de Fotos.photoslibrary/resources/derivatives/8/8F9DB85F-7CE1-489B-9A40-9CE12F88523B_1_105_c.jpeg"
    ],
    "ultima_modificacion": "2025-08-01 01:01:03.352663"
  },
  "874cb7dba93349b3a38aa7cb9032b96d1105c.jpeg": {
    "app_sintetizada": "874CB7DBA93349B3A38AA7CB9032B96D1105C.JPEG",
    "cantidad_archivos": 1,
    "archivos_fuente": [
      "Pictures/Fototeca de Fotos.photoslibrary/resources/derivatives/8/874CB7DB-A933-49B3-A38A-A7CB9032B96D_1_105_c.jpeg"
    ],
    "ultima_modificacion": "2025-08-01 01:01:03.352934"
  },
  "80ee6b82380045d89e0e4664f2de96281105c.jpeg": {
    "app_sintetizada": "80EE6B82380045D89E0E4664F2DE96281105C.JPEG",
    "cantidad_archivos": 1,
    "archivos_fuente": [
      "Pictures/Fototeca de Fotos.photoslibrary/resources/derivatives/8/80EE6B82-3800-45D8-9E0E-4664F2DE9628_1_105_c.jpeg"
    ],
    "ultima_modificacion": "2025-08-01 01:01:03.353238"
  },
  "8ac8ba2258d74c319e47e868079979531105c.jpeg": {
    "app_sintetizada": "8AC8BA2258D74C319E47E868079979531105C.JPEG",
    "cantidad_archivos": 1,
    "archivos_fuente": [
      "Pictures/Fototeca de Fotos.photoslibrary/resources/derivatives/8/8AC8BA22-58D7-4C31-9E47-E86807997953_1_105_c.jpeg"
    ],
    "ultima_modificacion": "2025-08-01 01:01:03.353547"
  },
  "8786257ba20049518f005483ed22a2181100o.jpeg": {
    "app_sintetizada": "8786257BA20049518F005483ED22A2181100O.JPEG",
    "cantidad_archivos": 1,
    "archivos_fuente": [
      "Pictures/Fototeca de Fotos.photoslibrary/resources/derivatives/8/8786257B-A200-4951-8F00-5483ED22A218_1_100_o.jpeg"
    ],
    "ultima_modificacion": "2025-08-01 01:01:03.353828"
  },
  "82cb633298414f9c83736975f3a955111105c.jpeg": {
    "app_sintetizada": "82CB633298414F9C83736975F3A955111105C.JPEG",
    "cantidad_archivos": 1,
    "archivos_fuente": [
      "Pictures/Fototeca de Fotos.photoslibrary/resources/derivatives/8/82CB6332-9841-4F9C-8373-6975F3A95511_1_105_c.jpeg"
    ],
    "ultima_modificacion": "2025-08-01 01:01:03.354126"
  },
  "8c5541af27dc4f27976fee012592e9021105c.jpeg": {
    "app_sintetizada": "8C5541AF27DC4F27976FEE012592E9021105C.JPEG",
    "cantidad_archivos": 1,
    "archivos_fuente": [
      "Pictures/Fototeca de Fotos.photoslibrary/resources/derivatives/8/8C5541AF-27DC-4F27-976F-EE012592E902_1_105_c.jpeg"
    ],
    "ultima_modificacion": "2025-08-01 01:01:03.354407"
  },
  "80e29bd225724768b3d6d4085cbd1eff.thm": {
    "app_sintetizada": "80E29BD225724768B3D6D4085CBD1EFF.THM",
    "cantidad_archivos": 1,
    "archivos_fuente": [
      "Pictures/Fototeca de Fotos.photoslibrary/resources/derivatives/8/80E29BD2-2572-4768-B3D6-D4085CBD1EFF.THM"
    ],
    "ultima_modificacion": "2025-08-01 01:01:03.354685"
  },
  "832f3fa80d4d403394af971c11f521771105c.jpeg": {
    "app_sintetizada": "832F3FA80D4D403394AF971C11F521771105C.JPEG",
    "cantidad_archivos": 1,
    "archivos_fuente": [
      "Pictures/Fototeca de Fotos.photoslibrary/resources/derivatives/8/832F3FA8-0D4D-4033-94AF-971C11F52177_1_105_c.jpeg"
    ],
    "ultima_modificacion": "2025-08-01 01:01:03.354971"
  },
  "8bc46846a98d4534998075e40dfac18e1105c.jpeg": {
    "app_sintetizada": "8BC46846A98D4534998075E40DFAC18E1105C.JPEG",
    "cantidad_archivos": 1,
    "archivos_fuente": [
      "Pictures/Fototeca de Fotos.photoslibrary/resources/derivatives/8/8BC46846-A98D-4534-9980-75E40DFAC18E_1_105_c.jpeg"
    ],
    "ultima_modificacion": "2025-08-01 01:01:03.355271"
  },
  "8716e62859a54b2aaf9f8d6a43a9a6031105c.jpeg": {
    "app_sintetizada": "8716E62859A54B2AAF9F8D6A43A9A6031105C.JPEG",
    "cantidad_archivos": 1,
    "archivos_fuente": [
      "Pictures/Fototeca de Fotos.photoslibrary/resources/derivatives/8/8716E628-59A5-4B2A-AF9F-8D6A43A9A603_1_105_c.jpeg"
    ],
    "ultima_modificacion": "2025-08-01 01:01:03.355562"
  },
  "809a92ac015248f5aacefdd18f5464bf1105c.jpeg": {
    "app_sintetizada": "809A92AC015248F5AACEFDD18F5464BF1105C.JPEG",
    "cantidad_archivos": 1,
    "archivos_fuente": [
      "Pictures/Fototeca de Fotos.photoslibrary/resources/derivatives/8/809A92AC-0152-48F5-AACE-FDD18F5464BF_1_105_c.jpeg"
    ],
    "ultima_modificacion": "2025-08-01 01:01:03.355860"
  },
  "838bce36708645658b39d8869101a9101105c.jpeg": {
    "app_sintetizada": "838BCE36708645658B39D8869101A9101105C.JPEG",
    "cantidad_archivos": 1,
    "archivos_fuente": [
      "Pictures/Fototeca de Fotos.photoslibrary/resources/derivatives/8/838BCE36-7086-4565-8B39-D8869101A910_1_105_c.jpeg"
    ],
    "ultima_modificacion": "2025-08-01 01:01:03.356154"
  },
  "8f9744514e0e4724849290129bf481251105c.jpeg": {
    "app_sintetizada": "8F9744514E0E4724849290129BF481251105C.JPEG",
    "cantidad_archivos": 1,
    "archivos_fuente": [
      "Pictures/Fototeca de Fotos.photoslibrary/resources/derivatives/8/8F974451-4E0E-4724-8492-90129BF48125_1_105_c.jpeg"
    ],
    "ultima_modificacion": "2025-08-01 01:01:03.356448"
  },
  "857f0d3d62dc45808f2334ba132f890d.thm": {
    "app_sintetizada": "857F0D3D62DC45808F2334BA132F890D.THM",
    "cantidad_archivos": 1,
    "archivos_fuente": [
      "Pictures/Fototeca de Fotos.photoslibrary/resources/derivatives/8/857F0D3D-62DC-4580-8F23-34BA132F890D.THM"
    ],
    "ultima_modificacion": "2025-08-01 01:01:03.356740"
  },
  "8197751110bb47d299104cf73eb961af1105c.jpeg": {
    "app_sintetizada": "8197751110BB47D299104CF73EB961AF1105C.JPEG",
    "cantidad_archivos": 1,
    "archivos_fuente": [
      "Pictures/Fototeca de Fotos.photoslibrary/resources/derivatives/8/81977511-10BB-47D2-9910-4CF73EB961AF_1_105_c.jpeg"
    ],
    "ultima_modificacion": "2025-08-01 01:01:03.357019"
  },
  "8b2e156d02c1425fae6558dcfd0685c31105c.jpeg": {
    "app_sintetizada": "8B2E156D02C1425FAE6558DCFD0685C31105C.JPEG",
    "cantidad_archivos": 1,
    "archivos_fuente": [
      "Pictures/Fototeca de Fotos.photoslibrary/resources/derivatives/8/8B2E156D-02C1-425F-AE65-58DCFD0685C3_1_105_c.jpeg"
    ],
    "ultima_modificacion": "2025-08-01 01:01:03.357318"
  },
  "81081356124943cfb1b45086afb3e08c.thm": {
    "app_sintetizada": "81081356124943CFB1B45086AFB3E08C.THM",
    "cantidad_archivos": 1,
    "archivos_fuente": [
      "Pictures/Fototeca de Fotos.photoslibrary/resources/derivatives/8/81081356-1249-43CF-B1B4-5086AFB3E08C.THM"
    ],
    "ultima_modificacion": "2025-08-01 01:01:03.357690"
  },
  "8b69e2399c0a4132a47c757a2ca023891105c.jpeg": {
    "app_sintetizada": "8B69E2399C0A4132A47C757A2CA023891105C.JPEG",
    "cantidad_archivos": 1,
    "archivos_fuente": [
      "Pictures/Fototeca de Fotos.photoslibrary/resources/derivatives/8/8B69E239-9C0A-4132-A47C-757A2CA02389_1_105_c.jpeg"
    ],
    "ultima_modificacion": "2025-08-01 01:01:03.357984"
  },
  "88e62fee866241179d46abdbc6c668041105c.jpeg": {
    "app_sintetizada": "88E62FEE866241179D46ABDBC6C668041105C.JPEG",
    "cantidad_archivos": 1,
    "archivos_fuente": [
      "Pictures/Fototeca de Fotos.photoslibrary/resources/derivatives/8/88E62FEE-8662-4117-9D46-ABDBC6C66804_1_105_c.jpeg"
    ],
    "ultima_modificacion": "2025-08-01 01:01:03.358271"
  },
  "8bee2de8fd634519b7207942cbf070891105c.jpeg": {
    "app_sintetizada": "8BEE2DE8FD634519B7207942CBF070891105C.JPEG",
    "cantidad_archivos": 1,
    "archivos_fuente": [
      "Pictures/Fototeca de Fotos.photoslibrary/resources/derivatives/8/8BEE2DE8-FD63-4519-B720-7942CBF07089_1_105_c.jpeg"
    ],
    "ultima_modificacion": "2025-08-01 01:01:03.358573"
  },
  "81b9956b03764a3ea1f8a4c0ee32748d1105c.jpeg": {
    "app_sintetizada": "81B9956B03764A3EA1F8A4C0EE32748D1105C.JPEG",
    "cantidad_archivos": 1,
    "archivos_fuente": [
      "Pictures/Fototeca de Fotos.photoslibrary/resources/derivatives/8/81B9956B-0376-4A3E-A1F8-A4C0EE32748D_1_105_c.jpeg"
    ],
    "ultima_modificacion": "2025-08-01 01:01:03.358869"
  },
  "820c09f07cd14396918511266f0657511105c.jpeg": {
    "app_sintetizada": "820C09F07CD14396918511266F0657511105C.JPEG",
    "cantidad_archivos": 1,
    "archivos_fuente": [
      "Pictures/Fototeca de Fotos.photoslibrary/resources/derivatives/8/820C09F0-7CD1-4396-9185-11266F065751_1_105_c.jpeg"
    ],
    "ultima_modificacion": "2025-08-01 01:01:03.359194"
  },
  "821466e971564e0d8557221fc87b5e751105c.jpeg": {
    "app_sintetizada": "821466E971564E0D8557221FC87B5E751105C.JPEG",
    "cantidad_archivos": 1,
    "archivos_fuente": [
      "Pictures/Fototeca de Fotos.photoslibrary/resources/derivatives/8/821466E9-7156-4E0D-8557-221FC87B5E75_1_105_c.jpeg"
    ],
    "ultima_modificacion": "2025-08-01 01:01:03.359511"
  },
  "8806d2f15fa84367a025ca1af55ede051105c.jpeg": {
    "app_sintetizada": "8806D2F15FA84367A025CA1AF55EDE051105C.JPEG",
    "cantidad_archivos": 1,
    "archivos_fuente": [
      "Pictures/Fototeca de Fotos.photoslibrary/resources/derivatives/8/8806D2F1-5FA8-4367-A025-CA1AF55EDE05_1_105_c.jpeg"
    ],
    "ultima_modificacion": "2025-08-01 01:01:03.359796"
  },
  "8a48e4ee3dba44318106d227a22dcd681105c.jpeg": {
    "app_sintetizada": "8A48E4EE3DBA44318106D227A22DCD681105C.JPEG",
    "cantidad_archivos": 1,
    "archivos_fuente": [
      "Pictures/Fototeca de Fotos.photoslibrary/resources/derivatives/8/8A48E4EE-3DBA-4431-8106-D227A22DCD68_1_105_c.jpeg"
    ],
    "ultima_modificacion": "2025-08-01 01:01:03.360085"
  },
  "879a1d9d1704491b870386ff6701ef451105c.jpeg": {
    "app_sintetizada": "879A1D9D1704491B870386FF6701EF451105C.JPEG",
    "cantidad_archivos": 1,
    "archivos_fuente": [
      "Pictures/Fototeca de Fotos.photoslibrary/resources/derivatives/8/879A1D9D-1704-491B-8703-86FF6701EF45_1_105_c.jpeg"
    ],
    "ultima_modificacion": "2025-08-01 01:01:03.360371"
  },
  "8ad4fbcc72284ab08368e5611d7ebc5d1105c.jpeg": {
    "app_sintetizada": "8AD4FBCC72284AB08368E5611D7EBC5D1105C.JPEG",
    "cantidad_archivos": 1,
    "archivos_fuente": [
      "Pictures/Fototeca de Fotos.photoslibrary/resources/derivatives/8/8AD4FBCC-7228-4AB0-8368-E5611D7EBC5D_1_105_c.jpeg"
    ],
    "ultima_modificacion": "2025-08-01 01:01:03.360686"
  },
  "8966be561a534a448dd88d5c00d665b41105c.jpeg": {
    "app_sintetizada": "8966BE561A534A448DD88D5C00D665B41105C.JPEG",
    "cantidad_archivos": 1,
    "archivos_fuente": [
      "Pictures/Fototeca de Fotos.photoslibrary/resources/derivatives/8/8966BE56-1A53-4A44-8DD8-8D5C00D665B4_1_105_c.jpeg"
    ],
    "ultima_modificacion": "2025-08-01 01:01:03.360961"
  },
  "820c47076f94459fac61ced9cedfe9fc1105c.jpeg": {
    "app_sintetizada": "820C47076F94459FAC61CED9CEDFE9FC1105C.JPEG",
    "cantidad_archivos": 1,
    "archivos_fuente": [
      "Pictures/Fototeca de Fotos.photoslibrary/resources/derivatives/8/820C4707-6F94-459F-AC61-CED9CEDFE9FC_1_105_c.jpeg"
    ],
    "ultima_modificacion": "2025-08-01 01:01:03.361210"
  },
  "886078ab690c4b6bbb50ab56ee41a7181105c.jpeg": {
    "app_sintetizada": "886078AB690C4B6BBB50AB56EE41A7181105C.JPEG",
    "cantidad_archivos": 1,
    "archivos_fuente": [
      "Pictures/Fototeca de Fotos.photoslibrary/resources/derivatives/8/886078AB-690C-4B6B-BB50-AB56EE41A718_1_105_c.jpeg"
    ],
    "ultima_modificacion": "2025-08-01 01:01:03.361599"
  },
  "860f9ff28c4d4695a19390704ccf30131105c.jpeg": {
    "app_sintetizada": "860F9FF28C4D4695A19390704CCF30131105C.JPEG",
    "cantidad_archivos": 1,
    "archivos_fuente": [
      "Pictures/Fototeca de Fotos.photoslibrary/resources/derivatives/8/860F9FF2-8C4D-4695-A193-90704CCF3013_1_105_c.jpeg"
    ],
    "ultima_modificacion": "2025-08-01 01:01:03.361880"
  },
  "88f1fb31d60f45d495e088c6603841941105c.jpeg": {
    "app_sintetizada": "88F1FB31D60F45D495E088C6603841941105C.JPEG",
    "cantidad_archivos": 1,
    "archivos_fuente": [
      "Pictures/Fototeca de Fotos.photoslibrary/resources/derivatives/8/88F1FB31-D60F-45D4-95E0-88C660384194_1_105_c.jpeg"
    ],
    "ultima_modificacion": "2025-08-01 01:01:03.362160"
  },
  "88c4264a0a42400685e23935012228551105c.jpeg": {
    "app_sintetizada": "88C4264A0A42400685E23935012228551105C.JPEG",
    "cantidad_archivos": 1,
    "archivos_fuente": [
      "Pictures/Fototeca de Fotos.photoslibrary/resources/derivatives/8/88C4264A-0A42-4006-85E2-393501222855_1_105_c.jpeg"
    ],
    "ultima_modificacion": "2025-08-01 01:01:03.362515"
  },
  "8e29f2ae8b3142b9988399e4fd1bc5fb1105c.jpeg": {
    "app_sintetizada": "8E29F2AE8B3142B9988399E4FD1BC5FB1105C.JPEG",
    "cantidad_archivos": 1,
    "archivos_fuente": [
      "Pictures/Fototeca de Fotos.photoslibrary/resources/derivatives/8/8E29F2AE-8B31-42B9-9883-99E4FD1BC5FB_1_105_c.jpeg"
    ],
    "ultima_modificacion": "2025-08-01 01:01:03.362907"
  },
  "805b1ef07c314b3e9cf2a040879def7b1105c.jpeg": {
    "app_sintetizada": "805B1EF07C314B3E9CF2A040879DEF7B1105C.JPEG",
    "cantidad_archivos": 1,
    "archivos_fuente": [
      "Pictures/Fototeca de Fotos.photoslibrary/resources/derivatives/8/805B1EF0-7C31-4B3E-9CF2-A040879DEF7B_1_105_c.jpeg"
    ],
    "ultima_modificacion": "2025-08-01 01:01:03.363199"
  },
  "86d7712432bb4d73b44dd7106efc01731105c.jpeg": {
    "app_sintetizada": "86D7712432BB4D73B44DD7106EFC01731105C.JPEG",
    "cantidad_archivos": 1,
    "archivos_fuente": [
      "Pictures/Fototeca de Fotos.photoslibrary/resources/derivatives/8/86D77124-32BB-4D73-B44D-D7106EFC0173_1_105_c.jpeg"
    ],
    "ultima_modificacion": "2025-08-01 01:01:03.363449"
  },
  "8806a8e3bb034aa1be2ca8bdfdfc29471105c.jpeg": {
    "app_sintetizada": "8806A8E3BB034AA1BE2CA8BDFDFC29471105C.JPEG",
    "cantidad_archivos": 1,
    "archivos_fuente": [
      "Pictures/Fototeca de Fotos.photoslibrary/resources/derivatives/8/8806A8E3-BB03-4AA1-BE2C-A8BDFDFC2947_1_105_c.jpeg"
    ],
    "ultima_modificacion": "2025-08-01 01:01:03.363741"
  },
  "88493e38b10b4ef3a66c272e4fafec511105c.jpeg": {
    "app_sintetizada": "88493E38B10B4EF3A66C272E4FAFEC511105C.JPEG",
    "cantidad_archivos": 1,
    "archivos_fuente": [
      "Pictures/Fototeca de Fotos.photoslibrary/resources/derivatives/8/88493E38-B10B-4EF3-A66C-272E4FAFEC51_1_105_c.jpeg"
    ],
    "ultima_modificacion": "2025-08-01 01:01:03.363970"
  },
  "834e6f1d87a14cbcafa3330ec1187c4f1105c.jpeg": {
    "app_sintetizada": "834E6F1D87A14CBCAFA3330EC1187C4F1105C.JPEG",
    "cantidad_archivos": 1,
    "archivos_fuente": [
      "Pictures/Fototeca de Fotos.photoslibrary/resources/derivatives/8/834E6F1D-87A1-4CBC-AFA3-330EC1187C4F_1_105_c.jpeg"
    ],
    "ultima_modificacion": "2025-08-01 01:01:03.364177"
  },
  "8be9bf80d5f0494ea25c85cc17514de61105c.jpeg": {
    "app_sintetizada": "8BE9BF80D5F0494EA25C85CC17514DE61105C.JPEG",
    "cantidad_archivos": 1,
    "archivos_fuente": [
      "Pictures/Fototeca de Fotos.photoslibrary/resources/derivatives/8/8BE9BF80-D5F0-494E-A25C-85CC17514DE6_1_105_c.jpeg"
    ],
    "ultima_modificacion": "2025-08-01 01:01:03.364401"
  },
  "82fa9c78d82c484ba2e45236bc5d83181105c.jpeg": {
    "app_sintetizada": "82FA9C78D82C484BA2E45236BC5D83181105C.JPEG",
    "cantidad_archivos": 1,
    "archivos_fuente": [
      "Pictures/Fototeca de Fotos.photoslibrary/resources/derivatives/8/82FA9C78-D82C-484B-A2E4-5236BC5D8318_1_105_c.jpeg"
    ],
    "ultima_modificacion": "2025-08-01 01:01:03.364606"
  },
  "83b99d6910fe4783a1773db2fd02da201105c.jpeg": {
    "app_sintetizada": "83B99D6910FE4783A1773DB2FD02DA201105C.JPEG",
    "cantidad_archivos": 1,
    "archivos_fuente": [
      "Pictures/Fototeca de Fotos.photoslibrary/resources/derivatives/8/83B99D69-10FE-4783-A177-3DB2FD02DA20_1_105_c.jpeg"
    ],
    "ultima_modificacion": "2025-08-01 01:01:03.364828"
  },
  "8bc93e26c9774ac5a724d34837f2ad041105c.jpeg": {
    "app_sintetizada": "8BC93E26C9774AC5A724D34837F2AD041105C.JPEG",
    "cantidad_archivos": 1,
    "archivos_fuente": [
      "Pictures/Fototeca de Fotos.photoslibrary/resources/derivatives/8/8BC93E26-C977-4AC5-A724-D34837F2AD04_1_105_c.jpeg"
    ],
    "ultima_modificacion": "2025-08-01 01:01:03.365037"
  },
  "881b6eb315794e6e89eb87454d338a451105c.jpeg": {
    "app_sintetizada": "881B6EB315794E6E89EB87454D338A451105C.JPEG",
    "cantidad_archivos": 1,
    "archivos_fuente": [
      "Pictures/Fototeca de Fotos.photoslibrary/resources/derivatives/8/881B6EB3-1579-4E6E-89EB-87454D338A45_1_105_c.jpeg"
    ],
    "ultima_modificacion": "2025-08-01 01:01:03.365230"
  },
  "8817b1365d56407ba6edb98fa247beb51105c.jpeg": {
    "app_sintetizada": "8817B1365D56407BA6EDB98FA247BEB51105C.JPEG",
    "cantidad_archivos": 1,
    "archivos_fuente": [
      "Pictures/Fototeca de Fotos.photoslibrary/resources/derivatives/8/8817B136-5D56-407B-A6ED-B98FA247BEB5_1_105_c.jpeg"
    ],
    "ultima_modificacion": "2025-08-01 01:01:03.365435"
  },
  "88f11bb53597491f965eff0e479f1be4.thm": {
    "app_sintetizada": "88F11BB53597491F965EFF0E479F1BE4.THM",
    "cantidad_archivos": 1,
    "archivos_fuente": [
      "Pictures/Fototeca de Fotos.photoslibrary/resources/derivatives/8/88F11BB5-3597-491F-965E-FF0E479F1BE4.THM"
    ],
    "ultima_modificacion": "2025-08-01 01:01:03.365651"
  },
  "8e78d6aec6c547679235567420a532351105c.jpeg": {
    "app_sintetizada": "8E78D6AEC6C547679235567420A532351105C.JPEG",
    "cantidad_archivos": 1,
    "archivos_fuente": [
      "Pictures/Fototeca de Fotos.photoslibrary/resources/derivatives/8/8E78D6AE-C6C5-4767-9235-567420A53235_1_105_c.jpeg"
    ],
    "ultima_modificacion": "2025-08-01 01:01:03.365992"
  },
  "8cca69b042cc4846b63b7d2e6814ae3d1105c.jpeg": {
    "app_sintetizada": "8CCA69B042CC4846B63B7D2E6814AE3D1105C.JPEG",
    "cantidad_archivos": 1,
    "archivos_fuente": [
      "Pictures/Fototeca de Fotos.photoslibrary/resources/derivatives/8/8CCA69B0-42CC-4846-B63B-7D2E6814AE3D_1_105_c.jpeg"
    ],
    "ultima_modificacion": "2025-08-01 01:01:03.366243"
  },
  "8414b99932a5426294caafd03ffe9b281105c.jpeg": {
    "app_sintetizada": "8414B99932A5426294CAAFD03FFE9B281105C.JPEG",
    "cantidad_archivos": 1,
    "archivos_fuente": [
      "Pictures/Fototeca de Fotos.photoslibrary/resources/derivatives/8/8414B999-32A5-4262-94CA-AFD03FFE9B28_1_105_c.jpeg"
    ],
    "ultima_modificacion": "2025-08-01 01:01:03.366476"
  },
  "8dd60c692b1343838d5839a43af527901105c.jpeg": {
    "app_sintetizada": "8DD60C692B1343838D5839A43AF527901105C.JPEG",
    "cantidad_archivos": 1,
    "archivos_fuente": [
      "Pictures/Fototeca de Fotos.photoslibrary/resources/derivatives/8/8DD60C69-2B13-4383-8D58-39A43AF52790_1_105_c.jpeg"
    ],
    "ultima_modificacion": "2025-08-01 01:01:03.366803"
  },
  "869a881f7aad44a1b80abd6b079c32a91105c.jpeg": {
    "app_sintetizada": "869A881F7AAD44A1B80ABD6B079C32A91105C.JPEG",
    "cantidad_archivos": 1,
    "archivos_fuente": [
      "Pictures/Fototeca de Fotos.photoslibrary/resources/derivatives/8/869A881F-7AAD-44A1-B80A-BD6B079C32A9_1_105_c.jpeg"
    ],
    "ultima_modificacion": "2025-08-01 01:01:03.367123"
  },
  "83aec67d237344b19c01e779b5f2f4731105c.jpeg": {
    "app_sintetizada": "83AEC67D237344B19C01E779B5F2F4731105C.JPEG",
    "cantidad_archivos": 1,
    "archivos_fuente": [
      "Pictures/Fototeca de Fotos.photoslibrary/resources/derivatives/8/83AEC67D-2373-44B1-9C01-E779B5F2F473_1_105_c.jpeg"
    ],
    "ultima_modificacion": "2025-08-01 01:01:03.367384"
  },
  "867154d464214d97a3aabfa856e91a621105c.jpeg": {
    "app_sintetizada": "867154D464214D97A3AABFA856E91A621105C.JPEG",
    "cantidad_archivos": 1,
    "archivos_fuente": [
      "Pictures/Fototeca de Fotos.photoslibrary/resources/derivatives/8/867154D4-6421-4D97-A3AA-BFA856E91A62_1_105_c.jpeg"
    ],
    "ultima_modificacion": "2025-08-01 01:01:03.367625"
  },
  "81b5fe61bfd44879ad49aef81795e6b61105c.jpeg": {
    "app_sintetizada": "81B5FE61BFD44879AD49AEF81795E6B61105C.JPEG",
    "cantidad_archivos": 1,
    "archivos_fuente": [
      "Pictures/Fototeca de Fotos.photoslibrary/resources/derivatives/8/81B5FE61-BFD4-4879-AD49-AEF81795E6B6_1_105_c.jpeg"
    ],
    "ultima_modificacion": "2025-08-01 01:01:03.367907"
  },
  "8f9083f9311648ffb275a1c1370e048a1105c.jpeg": {
    "app_sintetizada": "8F9083F9311648FFB275A1C1370E048A1105C.JPEG",
    "cantidad_archivos": 1,
    "archivos_fuente": [
      "Pictures/Fototeca de Fotos.photoslibrary/resources/derivatives/8/8F9083F9-3116-48FF-B275-A1C1370E048A_1_105_c.jpeg"
    ],
    "ultima_modificacion": "2025-08-01 01:01:03.368131"
  },
  "82d7501e63434046981acf3c532314e11105c.jpeg": {
    "app_sintetizada": "82D7501E63434046981ACF3C532314E11105C.JPEG",
    "cantidad_archivos": 1,
    "archivos_fuente": [
      "Pictures/Fototeca de Fotos.photoslibrary/resources/derivatives/8/82D7501E-6343-4046-981A-CF3C532314E1_1_105_c.jpeg"
    ],
    "ultima_modificacion": "2025-08-01 01:01:03.368381"
  },
  "859cf0c8b336437c93972cf441f9e4981105c.jpeg": {
    "app_sintetizada": "859CF0C8B336437C93972CF441F9E4981105C.JPEG",
    "cantidad_archivos": 1,
    "archivos_fuente": [
      "Pictures/Fototeca de Fotos.photoslibrary/resources/derivatives/8/859CF0C8-B336-437C-9397-2CF441F9E498_1_105_c.jpeg"
    ],
    "ultima_modificacion": "2025-08-01 01:01:03.368600"
  },
  "8dbdefa1f9e94a8ab8363ea785cb697c1105c.jpeg": {
    "app_sintetizada": "8DBDEFA1F9E94A8AB8363EA785CB697C1105C.JPEG",
    "cantidad_archivos": 1,
    "archivos_fuente": [
      "Pictures/Fototeca de Fotos.photoslibrary/resources/derivatives/8/8DBDEFA1-F9E9-4A8A-B836-3EA785CB697C_1_105_c.jpeg"
    ],
    "ultima_modificacion": "2025-08-01 01:01:03.368839"
  },
  "89d7c8d31369439fb02db45e3171d0af1105c.jpeg": {
    "app_sintetizada": "89D7C8D31369439FB02DB45E3171D0AF1105C.JPEG",
    "cantidad_archivos": 1,
    "archivos_fuente": [
      "Pictures/Fototeca de Fotos.photoslibrary/resources/derivatives/8/89D7C8D3-1369-439F-B02D-B45E3171D0AF_1_105_c.jpeg"
    ],
    "ultima_modificacion": "2025-08-01 01:01:03.369060"
  },
  "8980a6855b1f46f1a4e1e6b942ad49ad.thm": {
    "app_sintetizada": "8980A6855B1F46F1A4E1E6B942AD49AD.THM",
    "cantidad_archivos": 1,
    "archivos_fuente": [
      "Pictures/Fototeca de Fotos.photoslibrary/resources/derivatives/8/8980A685-5B1F-46F1-A4E1-E6B942AD49AD.THM"
    ],
    "ultima_modificacion": "2025-08-01 01:01:03.369252"
  },
  "892acfacfbfd46fbad2124748611fd4c1105c.jpeg": {
    "app_sintetizada": "892ACFACFBFD46FBAD2124748611FD4C1105C.JPEG",
    "cantidad_archivos": 1,
    "archivos_fuente": [
      "Pictures/Fototeca de Fotos.photoslibrary/resources/derivatives/8/892ACFAC-FBFD-46FB-AD21-24748611FD4C_1_105_c.jpeg"
    ],
    "ultima_modificacion": "2025-08-01 01:01:03.369467"
  },
  "832010a95e8a46a6b253a9312dc33cdc1105c.jpeg": {
    "app_sintetizada": "832010A95E8A46A6B253A9312DC33CDC1105C.JPEG",
    "cantidad_archivos": 1,
    "archivos_fuente": [
      "Pictures/Fototeca de Fotos.photoslibrary/resources/derivatives/8/832010A9-5E8A-46A6-B253-A9312DC33CDC_1_105_c.jpeg"
    ],
    "ultima_modificacion": "2025-08-01 01:01:03.369740"
  },
  "89cade3108b04a55bcae3831954221391105c.jpeg": {
    "app_sintetizada": "89CADE3108B04A55BCAE3831954221391105C.JPEG",
    "cantidad_archivos": 1,
    "archivos_fuente": [
      "Pictures/Fototeca de Fotos.photoslibrary/resources/derivatives/8/89CADE31-08B0-4A55-BCAE-383195422139_1_105_c.jpeg"
    ],
    "ultima_modificacion": "2025-08-01 01:01:03.369925"
  },
  "89ba4c73af6d4c46ae2abc77988664331105c.jpeg": {
    "app_sintetizada": "89BA4C73AF6D4C46AE2ABC77988664331105C.JPEG",
    "cantidad_archivos": 1,
    "archivos_fuente": [
      "Pictures/Fototeca de Fotos.photoslibrary/resources/derivatives/8/89BA4C73-AF6D-4C46-AE2A-BC7798866433_1_105_c.jpeg"
    ],
    "ultima_modificacion": "2025-08-01 01:01:03.370106"
  },
  "8c83d41a038c4e218259ac766d6611411105c.jpeg": {
    "app_sintetizada": "8C83D41A038C4E218259AC766D6611411105C.JPEG",
    "cantidad_archivos": 1,
    "archivos_fuente": [
      "Pictures/Fototeca de Fotos.photoslibrary/resources/derivatives/8/8C83D41A-038C-4E21-8259-AC766D661141_1_105_c.jpeg"
    ],
    "ultima_modificacion": "2025-08-01 01:01:03.370285"
  },
  "80d8b2578d144e47b8a0c2b6122fbe941105c.jpeg": {
    "app_sintetizada": "80D8B2578D144E47B8A0C2B6122FBE941105C.JPEG",
    "cantidad_archivos": 1,
    "archivos_fuente": [
      "Pictures/Fototeca de Fotos.photoslibrary/resources/derivatives/8/80D8B257-8D14-4E47-B8A0-C2B6122FBE94_1_105_c.jpeg"
    ],
    "ultima_modificacion": "2025-08-01 01:01:03.370463"
  },
  "8fea95f0bf0b4a40b9edf4ddc4df041d1105c.jpeg": {
    "app_sintetizada": "8FEA95F0BF0B4A40B9EDF4DDC4DF041D1105C.JPEG",
    "cantidad_archivos": 1,
    "archivos_fuente": [
      "Pictures/Fototeca de Fotos.photoslibrary/resources/derivatives/8/8FEA95F0-BF0B-4A40-B9ED-F4DDC4DF041D_1_105_c.jpeg"
    ],
    "ultima_modificacion": "2025-08-01 01:01:03.370703"
  },
  "8b4e4b5bc1a14200a722f1d7373924581105c.jpeg": {
    "app_sintetizada": "8B4E4B5BC1A14200A722F1D7373924581105C.JPEG",
    "cantidad_archivos": 1,
    "archivos_fuente": [
      "Pictures/Fototeca de Fotos.photoslibrary/resources/derivatives/8/8B4E4B5B-C1A1-4200-A722-F1D737392458_1_105_c.jpeg"
    ],
    "ultima_modificacion": "2025-08-01 01:01:03.371022"
  },
  "885a080ed3074345a7aa9ba5720296a61105c.jpeg": {
    "app_sintetizada": "885A080ED3074345A7AA9BA5720296A61105C.JPEG",
    "cantidad_archivos": 1,
    "archivos_fuente": [
      "Pictures/Fototeca de Fotos.photoslibrary/resources/derivatives/8/885A080E-D307-4345-A7AA-9BA5720296A6_1_105_c.jpeg"
    ],
    "ultima_modificacion": "2025-08-01 01:01:03.371260"
  },
  "821614138ce24fb58a14fbc0d92444011105c.jpeg": {
    "app_sintetizada": "821614138CE24FB58A14FBC0D92444011105C.JPEG",
    "cantidad_archivos": 1,
    "archivos_fuente": [
      "Pictures/Fototeca de Fotos.photoslibrary/resources/derivatives/8/82161413-8CE2-4FB5-8A14-FBC0D9244401_1_105_c.jpeg"
    ],
    "ultima_modificacion": "2025-08-01 01:01:03.371488"
  },
  "807eef6738184c52979ff47d2bd93db61105c.jpeg": {
    "app_sintetizada": "807EEF6738184C52979FF47D2BD93DB61105C.JPEG",
    "cantidad_archivos": 1,
    "archivos_fuente": [
      "Pictures/Fototeca de Fotos.photoslibrary/resources/derivatives/8/807EEF67-3818-4C52-979F-F47D2BD93DB6_1_105_c.jpeg"
    ],
    "ultima_modificacion": "2025-08-01 01:01:03.371715"
  },
  "8358edf64c2048b7898ffff09936f8411105c.jpeg": {
    "app_sintetizada": "8358EDF64C2048B7898FFFF09936F8411105C.JPEG",
    "cantidad_archivos": 1,
    "archivos_fuente": [
      "Pictures/Fototeca de Fotos.photoslibrary/resources/derivatives/8/8358EDF6-4C20-48B7-898F-FFF09936F841_1_105_c.jpeg"
    ],
    "ultima_modificacion": "2025-08-01 01:01:03.371994"
  },
  "87d4fdeddece4e13b2aa1a05a2b0b4a71105c.jpeg": {
    "app_sintetizada": "87D4FDEDDECE4E13B2AA1A05A2B0B4A71105C.JPEG",
    "cantidad_archivos": 1,
    "archivos_fuente": [
      "Pictures/Fototeca de Fotos.photoslibrary/resources/derivatives/8/87D4FDED-DECE-4E13-B2AA-1A05A2B0B4A7_1_105_c.jpeg"
    ],
    "ultima_modificacion": "2025-08-01 01:01:03.372209"
  },
  "88f2e784872844b1b97923f3aca54d9a1105c.jpeg": {
    "app_sintetizada": "88F2E784872844B1B97923F3ACA54D9A1105C.JPEG",
    "cantidad_archivos": 1,
    "archivos_fuente": [
      "Pictures/Fototeca de Fotos.photoslibrary/resources/derivatives/8/88F2E784-8728-44B1-B979-23F3ACA54D9A_1_105_c.jpeg"
    ],
    "ultima_modificacion": "2025-08-01 01:01:03.372417"
  },
  "8e8f5affe5c443f7a001024af2c8eb291105c.jpeg": {
    "app_sintetizada": "8E8F5AFFE5C443F7A001024AF2C8EB291105C.JPEG",
    "cantidad_archivos": 1,
    "archivos_fuente": [
      "Pictures/Fototeca de Fotos.photoslibrary/resources/derivatives/8/8E8F5AFF-E5C4-43F7-A001-024AF2C8EB29_1_105_c.jpeg"
    ],
    "ultima_modificacion": "2025-08-01 01:01:03.372607"
  },
  "8bfca44944c247aab0dee341228ca0f81105c.jpeg": {
    "app_sintetizada": "8BFCA44944C247AAB0DEE341228CA0F81105C.JPEG",
    "cantidad_archivos": 1,
    "archivos_fuente": [
      "Pictures/Fototeca de Fotos.photoslibrary/resources/derivatives/8/8BFCA449-44C2-47AA-B0DE-E341228CA0F8_1_105_c.jpeg"
    ],
    "ultima_modificacion": "2025-08-01 01:01:03.372803"
  },
  "8609bf324eb64e9f96787f1a86c5a5781105c.jpeg": {
    "app_sintetizada": "8609BF324EB64E9F96787F1A86C5A5781105C.JPEG",
    "cantidad_archivos": 1,
    "archivos_fuente": [
      "Pictures/Fototeca de Fotos.photoslibrary/resources/derivatives/8/8609BF32-4EB6-4E9F-9678-7F1A86C5A578_1_105_c.jpeg"
    ],
    "ultima_modificacion": "2025-08-01 01:01:03.373125"
  },
  "8c67beb1dce045ae8cc2dbe21690b64f1105c.jpeg": {
    "app_sintetizada": "8C67BEB1DCE045AE8CC2DBE21690B64F1105C.JPEG",
    "cantidad_archivos": 1,
    "archivos_fuente": [
      "Pictures/Fototeca de Fotos.photoslibrary/resources/derivatives/8/8C67BEB1-DCE0-45AE-8CC2-DBE21690B64F_1_105_c.jpeg"
    ],
    "ultima_modificacion": "2025-08-01 01:01:03.373351"
  },
  "836cd6a31efc48a689340ae7e77c96f71105c.jpeg": {
    "app_sintetizada": "836CD6A31EFC48A689340AE7E77C96F71105C.JPEG",
    "cantidad_archivos": 1,
    "archivos_fuente": [
      "Pictures/Fototeca de Fotos.photoslibrary/resources/derivatives/8/836CD6A3-1EFC-48A6-8934-0AE7E77C96F7_1_105_c.jpeg"
    ],
    "ultima_modificacion": "2025-08-01 01:01:03.373577"
  },
  "8075e616e1414214993230cc2b7490cd1105c.jpeg": {
    "app_sintetizada": "8075E616E1414214993230CC2B7490CD1105C.JPEG",
    "cantidad_archivos": 1,
    "archivos_fuente": [
      "Pictures/Fototeca de Fotos.photoslibrary/resources/derivatives/8/8075E616-E141-4214-9932-30CC2B7490CD_1_105_c.jpeg"
    ],
    "ultima_modificacion": "2025-08-01 01:01:03.373783"
  },
  "815227c63f74462198a817a498ac63561105c.jpeg": {
    "app_sintetizada": "815227C63F74462198A817A498AC63561105C.JPEG",
    "cantidad_archivos": 1,
    "archivos_fuente": [
      "Pictures/Fototeca de Fotos.photoslibrary/resources/derivatives/8/815227C6-3F74-4621-98A8-17A498AC6356_1_105_c.jpeg"
    ],
    "ultima_modificacion": "2025-08-01 01:01:03.373984"
  },
  "88a40c72f4b244de9abd39301c9c221c.thm": {
    "app_sintetizada": "88A40C72F4B244DE9ABD39301C9C221C.THM",
    "cantidad_archivos": 1,
    "archivos_fuente": [
      "Pictures/Fototeca de Fotos.photoslibrary/resources/derivatives/8/88A40C72-F4B2-44DE-9ABD-39301C9C221C.THM"
    ],
    "ultima_modificacion": "2025-08-01 01:01:03.374177"
  },
  "8fcbc6c7249047128d34d5c0fe5ba92a1105c.jpeg": {
    "app_sintetizada": "8FCBC6C7249047128D34D5C0FE5BA92A1105C.JPEG",
    "cantidad_archivos": 1,
    "archivos_fuente": [
      "Pictures/Fototeca de Fotos.photoslibrary/resources/derivatives/8/8FCBC6C7-2490-4712-8D34-D5C0FE5BA92A_1_105_c.jpeg"
    ],
    "ultima_modificacion": "2025-08-01 01:01:03.374359"
  },
  "83987beb37d34933a86442d6b0531e7f1105c.jpeg": {
    "app_sintetizada": "83987BEB37D34933A86442D6B0531E7F1105C.JPEG",
    "cantidad_archivos": 1,
    "archivos_fuente": [
      "Pictures/Fototeca de Fotos.photoslibrary/resources/derivatives/8/83987BEB-37D3-4933-A864-42D6B0531E7F_1_105_c.jpeg"
    ],
    "ultima_modificacion": "2025-08-01 01:01:03.374537"
  },
  "8b4c24a09dfe4d6b8a5bb0d289d5237b1105c.jpeg": {
    "app_sintetizada": "8B4C24A09DFE4D6B8A5BB0D289D5237B1105C.JPEG",
    "cantidad_archivos": 1,
    "archivos_fuente": [
      "Pictures/Fototeca de Fotos.photoslibrary/resources/derivatives/8/8B4C24A0-9DFE-4D6B-8A5B-B0D289D5237B_1_105_c.jpeg"
    ],
    "ultima_modificacion": "2025-08-01 01:01:03.374708"
  },
  "85105502c86640febacaf43f800d1e08.thm": {
    "app_sintetizada": "85105502C86640FEBACAF43F800D1E08.THM",
    "cantidad_archivos": 1,
    "archivos_fuente": [
      "Pictures/Fototeca de Fotos.photoslibrary/resources/derivatives/8/85105502-C866-40FE-BACA-F43F800D1E08.THM"
    ],
    "ultima_modificacion": "2025-08-01 01:01:03.374891"
  },
  "8463a9fa2c1f436f8d04ac310db90bd51105c.jpeg": {
    "app_sintetizada": "8463A9FA2C1F436F8D04AC310DB90BD51105C.JPEG",
    "cantidad_archivos": 1,
    "archivos_fuente": [
      "Pictures/Fototeca de Fotos.photoslibrary/resources/derivatives/8/8463A9FA-2C1F-436F-8D04-AC310DB90BD5_1_105_c.jpeg"
    ],
    "ultima_modificacion": "2025-08-01 01:01:03.375059"
  },
  "8202dd5ca5ae48e18a1cc0d0435a501f1105c.jpeg": {
    "app_sintetizada": "8202DD5CA5AE48E18A1CC0D0435A501F1105C.JPEG",
    "cantidad_archivos": 1,
    "archivos_fuente": [
      "Pictures/Fototeca de Fotos.photoslibrary/resources/derivatives/8/8202DD5C-A5AE-48E1-8A1C-C0D0435A501F_1_105_c.jpeg"
    ],
    "ultima_modificacion": "2025-08-01 01:01:03.375246"
  },
  "8bd9446727024fb7967c5c5027ba3fbd1105c.jpeg": {
    "app_sintetizada": "8BD9446727024FB7967C5C5027BA3FBD1105C.JPEG",
    "cantidad_archivos": 1,
    "archivos_fuente": [
      "Pictures/Fototeca de Fotos.photoslibrary/resources/derivatives/8/8BD94467-2702-4FB7-967C-5C5027BA3FBD_1_105_c.jpeg"
    ],
    "ultima_modificacion": "2025-08-01 01:01:03.375429"
  },
  "85f5e33445f14ac888ac252355dad95d1105c.jpeg": {
    "app_sintetizada": "85F5E33445F14AC888AC252355DAD95D1105C.JPEG",
    "cantidad_archivos": 1,
    "archivos_fuente": [
      "Pictures/Fototeca de Fotos.photoslibrary/resources/derivatives/8/85F5E334-45F1-4AC8-88AC-252355DAD95D_1_105_c.jpeg"
    ],
    "ultima_modificacion": "2025-08-01 01:01:03.375602"
  },
  "8e36d01ce7e74589acde0790ac09684c1105c.jpeg": {
    "app_sintetizada": "8E36D01CE7E74589ACDE0790AC09684C1105C.JPEG",
    "cantidad_archivos": 1,
    "archivos_fuente": [
      "Pictures/Fototeca de Fotos.photoslibrary/resources/derivatives/8/8E36D01C-E7E7-4589-ACDE-0790AC09684C_1_105_c.jpeg"
    ],
    "ultima_modificacion": "2025-08-01 01:01:03.375787"
  },
  "84af3b54dc6d4c1ba6d84c65743c02801105c.jpeg": {
    "app_sintetizada": "84AF3B54DC6D4C1BA6D84C65743C02801105C.JPEG",
    "cantidad_archivos": 1,
    "archivos_fuente": [
      "Pictures/Fototeca de Fotos.photoslibrary/resources/derivatives/8/84AF3B54-DC6D-4C1B-A6D8-4C65743C0280_1_105_c.jpeg"
    ],
    "ultima_modificacion": "2025-08-01 01:01:03.376066"
  },
  "85c2243be0764c8f97a1ee1ee38bb8431105c.jpeg": {
    "app_sintetizada": "85C2243BE0764C8F97A1EE1EE38BB8431105C.JPEG",
    "cantidad_archivos": 1,
    "archivos_fuente": [
      "Pictures/Fototeca de Fotos.photoslibrary/resources/derivatives/8/85C2243B-E076-4C8F-97A1-EE1EE38BB843_1_105_c.jpeg"
    ],
    "ultima_modificacion": "2025-08-01 01:01:03.376292"
  },
  "83d7bd6f91e644b49c118057eb20841f1105c.jpeg": {
    "app_sintetizada": "83D7BD6F91E644B49C118057EB20841F1105C.JPEG",
    "cantidad_archivos": 1,
    "archivos_fuente": [
      "Pictures/Fototeca de Fotos.photoslibrary/resources/derivatives/8/83D7BD6F-91E6-44B4-9C11-8057EB20841F_1_105_c.jpeg"
    ],
    "ultima_modificacion": "2025-08-01 01:01:03.376677"
  },
  "824a74417911487692c64ac109cfc0a11105c.jpeg": {
    "app_sintetizada": "824A74417911487692C64AC109CFC0A11105C.JPEG",
    "cantidad_archivos": 1,
    "archivos_fuente": [
      "Pictures/Fototeca de Fotos.photoslibrary/resources/derivatives/8/824A7441-7911-4876-92C6-4AC109CFC0A1_1_105_c.jpeg"
    ],
    "ultima_modificacion": "2025-08-01 01:01:03.376905"
  },
  "8d83b8106daa47b1a6b3f5105e194b121105c.jpeg": {
    "app_sintetizada": "8D83B8106DAA47B1A6B3F5105E194B121105C.JPEG",
    "cantidad_archivos": 1,
    "archivos_fuente": [
      "Pictures/Fototeca de Fotos.photoslibrary/resources/derivatives/8/8D83B810-6DAA-47B1-A6B3-F5105E194B12_1_105_c.jpeg"
    ],
    "ultima_modificacion": "2025-08-01 01:01:03.377125"
  }
}