{
  "f2ea54535ee8419db7b33364acd558831105c.jpeg": {
    "app_sintetizada": "F2EA54535EE8419DB7B33364ACD558831105C.JPEG",
    "cantidad_archivos": 1,
    "archivos_fuente": [
      "Pictures/Fototeca de Fotos.photoslibrary/resources/derivatives/F/F2EA5453-5EE8-419D-B7B3-3364ACD55883_1_105_c.jpeg"
    ],
    "ultima_modificacion": "2025-08-01 01:01:04.526372"
  },
  "fd54a2b88ecb48d987de4b745c0ef8ce.thm": {
    "app_sintetizada": "FD54A2B88ECB48D987DE4B745C0EF8CE.THM",
    "cantidad_archivos": 1,
    "archivos_fuente": [
      "Pictures/Fototeca de Fotos.photoslibrary/resources/derivatives/F/FD54A2B8-8ECB-48D9-87DE-4B745C0EF8CE.THM"
    ],
    "ultima_modificacion": "2025-08-01 01:01:04.526561"
  },
  "fa4fc8e91ecf4261a35c5d82c40f2d7d1105c.jpeg": {
    "app_sintetizada": "FA4FC8E91ECF4261A35C5D82C40F2D7D1105C.JPEG",
    "cantidad_archivos": 1,
    "archivos_fuente": [
      "Pictures/Fototeca de Fotos.photoslibrary/resources/derivatives/F/FA4FC8E9-1ECF-4261-A35C-5D82C40F2D7D_1_105_c.jpeg"
    ],
    "ultima_modificacion": "2025-08-01 01:01:04.526768"
  },
  "f091b4fcca8c49c0bdc9c6509cab4a1d.thm": {
    "app_sintetizada": "F091B4FCCA8C49C0BDC9C6509CAB4A1D.THM",
    "cantidad_archivos": 1,
    "archivos_fuente": [
      "Pictures/Fototeca de Fotos.photoslibrary/resources/derivatives/F/F091B4FC-CA8C-49C0-BDC9-C6509CAB4A1D.THM"
    ],
    "ultima_modificacion": "2025-08-01 01:01:04.526999"
  },
  "fbe271a4ccba47e086e5726faaa96d4c1105c.jpeg": {
    "app_sintetizada": "FBE271A4CCBA47E086E5726FAAA96D4C1105C.JPEG",
    "cantidad_archivos": 1,
    "archivos_fuente": [
      "Pictures/Fototeca de Fotos.photoslibrary/resources/derivatives/F/FBE271A4-CCBA-47E0-86E5-726FAAA96D4C_1_105_c.jpeg"
    ],
    "ultima_modificacion": "2025-08-01 01:01:04.527187"
  },
  "f0d41e6d7ea343e492811b76f90a10071105c.jpeg": {
    "app_sintetizada": "F0D41E6D7EA343E492811B76F90A10071105C.JPEG",
    "cantidad_archivos": 1,
    "archivos_fuente": [
      "Pictures/Fototeca de Fotos.photoslibrary/resources/derivatives/F/F0D41E6D-7EA3-43E4-9281-1B76F90A1007_1_105_c.jpeg"
    ],
    "ultima_modificacion": "2025-08-01 01:01:04.527431"
  },
  "fc2d980ad69e45f9998ab0f8e429b39c1105c.jpeg": {
    "app_sintetizada": "FC2D980AD69E45F9998AB0F8E429B39C1105C.JPEG",
    "cantidad_archivos": 1,
    "archivos_fuente": [
      "Pictures/Fototeca de Fotos.photoslibrary/resources/derivatives/F/FC2D980A-D69E-45F9-998A-B0F8E429B39C_1_105_c.jpeg"
    ],
    "ultima_modificacion": "2025-08-01 01:01:04.527700"
  },
  "f2f6ec32a26c470eb69f7b499588d495.thm": {
    "app_sintetizada": "F2F6EC32A26C470EB69F7B499588D495.THM",
    "cantidad_archivos": 1,
    "archivos_fuente": [
      "Pictures/Fototeca de Fotos.photoslibrary/resources/derivatives/F/F2F6EC32-A26C-470E-B69F-7B499588D495.THM"
    ],
    "ultima_modificacion": "2025-08-01 01:01:04.527965"
  },
  "f520eb0677944f0cbf0204e8a5982cab1105c.jpeg": {
    "app_sintetizada": "F520EB0677944F0CBF0204E8A5982CAB1105C.JPEG",
    "cantidad_archivos": 1,
    "archivos_fuente": [
      "Pictures/Fototeca de Fotos.photoslibrary/resources/derivatives/F/F520EB06-7794-4F0C-BF02-04E8A5982CAB_1_105_c.jpeg"
    ],
    "ultima_modificacion": "2025-08-01 01:01:04.528297"
  },
  "fccc5d028c184194b5d31bb0c8427020.thm": {
    "app_sintetizada": "FCCC5D028C184194B5D31BB0C8427020.THM",
    "cantidad_archivos": 1,
    "archivos_fuente": [
      "Pictures/Fototeca de Fotos.photoslibrary/resources/derivatives/F/FCCC5D02-8C18-4194-B5D3-1BB0C8427020.THM"
    ],
    "ultima_modificacion": "2025-08-01 01:01:04.528605"
  },
  "ff1be2dbe4744ad3a71f47f67a7977f81105c.jpeg": {
    "app_sintetizada": "FF1BE2DBE4744AD3A71F47F67A7977F81105C.JPEG",
    "cantidad_archivos": 1,
    "archivos_fuente": [
      "Pictures/Fototeca de Fotos.photoslibrary/resources/derivatives/F/FF1BE2DB-E474-4AD3-A71F-47F67A7977F8_1_105_c.jpeg"
    ],
    "ultima_modificacion": "2025-08-01 01:01:04.528907"
  },
  "ff2bf427e4904ac5bc236466cc1fa97a1105c.jpeg": {
    "app_sintetizada": "FF2BF427E4904AC5BC236466CC1FA97A1105C.JPEG",
    "cantidad_archivos": 1,
    "archivos_fuente": [
      "Pictures/Fototeca de Fotos.photoslibrary/resources/derivatives/F/FF2BF427-E490-4AC5-BC23-6466CC1FA97A_1_105_c.jpeg"
    ],
    "ultima_modificacion": "2025-08-01 01:01:04.529209"
  },
  "ffb12012bc9f48a09bb12388a4de9cb81105c.jpeg": {
    "app_sintetizada": "FFB12012BC9F48A09BB12388A4DE9CB81105C.JPEG",
    "cantidad_archivos": 1,
    "archivos_fuente": [
      "Pictures/Fototeca de Fotos.photoslibrary/resources/derivatives/F/FFB12012-BC9F-48A0-9BB1-2388A4DE9CB8_1_105_c.jpeg"
    ],
    "ultima_modificacion": "2025-08-01 01:01:04.529508"
  },
  "f5c79181ebdf424889ff07944c4fa95b1105c.jpeg": {
    "app_sintetizada": "F5C79181EBDF424889FF07944C4FA95B1105C.JPEG",
    "cantidad_archivos": 1,
    "archivos_fuente": [
      "Pictures/Fototeca de Fotos.photoslibrary/resources/derivatives/F/F5C79181-EBDF-4248-89FF-07944C4FA95B_1_105_c.jpeg"
    ],
    "ultima_modificacion": "2025-08-01 01:01:04.529804"
  },
  "f030a13814414cef85c108c2f16192e3.thm": {
    "app_sintetizada": "F030A13814414CEF85C108C2F16192E3.THM",
    "cantidad_archivos": 1,
    "archivos_fuente": [
      "Pictures/Fototeca de Fotos.photoslibrary/resources/derivatives/F/F030A138-1441-4CEF-85C1-08C2F16192E3.THM"
    ],
    "ultima_modificacion": "2025-08-01 01:01:04.530099"
  },
  "f097be11f95a4d4cadb2d3e4c27d3e241105c.jpeg": {
    "app_sintetizada": "F097BE11F95A4D4CADB2D3E4C27D3E241105C.JPEG",
    "cantidad_archivos": 1,
    "archivos_fuente": [
      "Pictures/Fototeca de Fotos.photoslibrary/resources/derivatives/F/F097BE11-F95A-4D4C-ADB2-D3E4C27D3E24_1_105_c.jpeg"
    ],
    "ultima_modificacion": "2025-08-01 01:01:04.530341"
  },
  "f7fdacfc799d4c8399bbfd4b13f27ee51105c.jpeg": {
    "app_sintetizada": "F7FDACFC799D4C8399BBFD4B13F27EE51105C.JPEG",
    "cantidad_archivos": 1,
    "archivos_fuente": [
      "Pictures/Fototeca de Fotos.photoslibrary/resources/derivatives/F/F7FDACFC-799D-4C83-99BB-FD4B13F27EE5_1_105_c.jpeg"
    ],
    "ultima_modificacion": "2025-08-01 01:01:04.530627"
  },
  "f07bce89af2d412eb3eafbf36d3bd0751105c.jpeg": {
    "app_sintetizada": "F07BCE89AF2D412EB3EAFBF36D3BD0751105C.JPEG",
    "cantidad_archivos": 1,
    "archivos_fuente": [
      "Pictures/Fototeca de Fotos.photoslibrary/resources/derivatives/F/F07BCE89-AF2D-412E-B3EA-FBF36D3BD075_1_105_c.jpeg"
    ],
    "ultima_modificacion": "2025-08-01 01:01:04.530832"
  },
  "f307ef7524194f149bb6e03e9bd1c7241105c.jpeg": {
    "app_sintetizada": "F307EF7524194F149BB6E03E9BD1C7241105C.JPEG",
    "cantidad_archivos": 1,
    "archivos_fuente": [
      "Pictures/Fototeca de Fotos.photoslibrary/resources/derivatives/F/F307EF75-2419-4F14-9BB6-E03E9BD1C724_1_105_c.jpeg"
    ],
    "ultima_modificacion": "2025-08-01 01:01:04.531024"
  },
  "f3ab6c6abb7248c7ace38f3d0ea2c6271105c.jpeg": {
    "app_sintetizada": "F3AB6C6ABB7248C7ACE38F3D0EA2C6271105C.JPEG",
    "cantidad_archivos": 1,
    "archivos_fuente": [
      "Pictures/Fototeca de Fotos.photoslibrary/resources/derivatives/F/F3AB6C6A-BB72-48C7-ACE3-8F3D0EA2C627_1_105_c.jpeg"
    ],
    "ultima_modificacion": "2025-08-01 01:01:04.531208"
  },
  "f19493c87dc346dc8a72e057acec3ccd1105c.jpeg": {
    "app_sintetizada": "F19493C87DC346DC8A72E057ACEC3CCD1105C.JPEG",
    "cantidad_archivos": 1,
    "archivos_fuente": [
      "Pictures/Fototeca de Fotos.photoslibrary/resources/derivatives/F/F19493C8-7DC3-46DC-8A72-E057ACEC3CCD_1_105_c.jpeg"
    ],
    "ultima_modificacion": "2025-08-01 01:01:04.531393"
  },
  "fdfd80d6b0c74d71857a09d76abd98ea1105c.jpeg": {
    "app_sintetizada": "FDFD80D6B0C74D71857A09D76ABD98EA1105C.JPEG",
    "cantidad_archivos": 1,
    "archivos_fuente": [
      "Pictures/Fototeca de Fotos.photoslibrary/resources/derivatives/F/FDFD80D6-B0C7-4D71-857A-09D76ABD98EA_1_105_c.jpeg"
    ],
    "ultima_modificacion": "2025-08-01 01:01:04.531573"
  },
  "ffce7bf935b94963adfd984721ea939f1105c.jpeg": {
    "app_sintetizada": "FFCE7BF935B94963ADFD984721EA939F1105C.JPEG",
    "cantidad_archivos": 1,
    "archivos_fuente": [
      "Pictures/Fototeca de Fotos.photoslibrary/resources/derivatives/F/FFCE7BF9-35B9-4963-ADFD-984721EA939F_1_105_c.jpeg"
    ],
    "ultima_modificacion": "2025-08-01 01:01:04.531821"
  },
  "f100f89b181240028fe59bffc622c7d61105c.jpeg": {
    "app_sintetizada": "F100F89B181240028FE59BFFC622C7D61105C.JPEG",
    "cantidad_archivos": 1,
    "archivos_fuente": [
      "Pictures/Fototeca de Fotos.photoslibrary/resources/derivatives/F/F100F89B-1812-4002-8FE5-9BFFC622C7D6_1_105_c.jpeg"
    ],
    "ultima_modificacion": "2025-08-01 01:01:04.532134"
  },
  "f10a66553abf42828bcc81fec4199d5a1105c.jpeg": {
    "app_sintetizada": "F10A66553ABF42828BCC81FEC4199D5A1105C.JPEG",
    "cantidad_archivos": 1,
    "archivos_fuente": [
      "Pictures/Fototeca de Fotos.photoslibrary/resources/derivatives/F/F10A6655-3ABF-4282-8BCC-81FEC4199D5A_1_105_c.jpeg"
    ],
    "ultima_modificacion": "2025-08-01 01:01:04.532414"
  },
  "f4c34f75636d4c97a8f4d23d75c79a2c.thm": {
    "app_sintetizada": "F4C34F75636D4C97A8F4D23D75C79A2C.THM",
    "cantidad_archivos": 1,
    "archivos_fuente": [
      "Pictures/Fototeca de Fotos.photoslibrary/resources/derivatives/F/F4C34F75-636D-4C97-A8F4-D23D75C79A2C.THM"
    ],
    "ultima_modificacion": "2025-08-01 01:01:04.532661"
  },
  "fb0d71ff1fb04a6a928ac2e0d72538fd1105c.jpeg": {
    "app_sintetizada": "FB0D71FF1FB04A6A928AC2E0D72538FD1105C.JPEG",
    "cantidad_archivos": 1,
    "archivos_fuente": [
      "Pictures/Fototeca de Fotos.photoslibrary/resources/derivatives/F/FB0D71FF-1FB0-4A6A-928A-C2E0D72538FD_1_105_c.jpeg"
    ],
    "ultima_modificacion": "2025-08-01 01:01:04.532925"
  },
  "f455dd025c0b41f68985a6ceeda6d7771105c.jpeg": {
    "app_sintetizada": "F455DD025C0B41F68985A6CEEDA6D7771105C.JPEG",
    "cantidad_archivos": 1,
    "archivos_fuente": [
      "Pictures/Fototeca de Fotos.photoslibrary/resources/derivatives/F/F455DD02-5C0B-41F6-8985-A6CEEDA6D777_1_105_c.jpeg"
    ],
    "ultima_modificacion": "2025-08-01 01:01:04.533158"
  },
  "f2149f6e2a4b42f3b1e9cb9e390737151105c.jpeg": {
    "app_sintetizada": "F2149F6E2A4B42F3B1E9CB9E390737151105C.JPEG",
    "cantidad_archivos": 1,
    "archivos_fuente": [
      "Pictures/Fototeca de Fotos.photoslibrary/resources/derivatives/F/F2149F6E-2A4B-42F3-B1E9-CB9E39073715_1_105_c.jpeg"
    ],
    "ultima_modificacion": "2025-08-01 01:01:04.533433"
  },
  "f37d6c29e510476293f7efe8a7a11e4e1105c.jpeg": {
    "app_sintetizada": "F37D6C29E510476293F7EFE8A7A11E4E1105C.JPEG",
    "cantidad_archivos": 1,
    "archivos_fuente": [
      "Pictures/Fototeca de Fotos.photoslibrary/resources/derivatives/F/F37D6C29-E510-4762-93F7-EFE8A7A11E4E_1_105_c.jpeg"
    ],
    "ultima_modificacion": "2025-08-01 01:01:04.533647"
  },
  "f87a75e39fe94cc9b654532b3dfa31561105c.jpeg": {
    "app_sintetizada": "F87A75E39FE94CC9B654532B3DFA31561105C.JPEG",
    "cantidad_archivos": 1,
    "archivos_fuente": [
      "Pictures/Fototeca de Fotos.photoslibrary/resources/derivatives/F/F87A75E3-9FE9-4CC9-B654-532B3DFA3156_1_105_c.jpeg"
    ],
    "ultima_modificacion": "2025-08-01 01:01:04.533853"
  },
  "f45efff7db004f63afff691fb05b957c1105c.jpeg": {
    "app_sintetizada": "F45EFFF7DB004F63AFFF691FB05B957C1105C.JPEG",
    "cantidad_archivos": 1,
    "archivos_fuente": [
      "Pictures/Fototeca de Fotos.photoslibrary/resources/derivatives/F/F45EFFF7-DB00-4F63-AFFF-691FB05B957C_1_105_c.jpeg"
    ],
    "ultima_modificacion": "2025-08-01 01:01:04.534161"
  },
  "f6d0f99e7dd74efe949ab68c639a109b1105c.jpeg": {
    "app_sintetizada": "F6D0F99E7DD74EFE949AB68C639A109B1105C.JPEG",
    "cantidad_archivos": 1,
    "archivos_fuente": [
      "Pictures/Fototeca de Fotos.photoslibrary/resources/derivatives/F/F6D0F99E-7DD7-4EFE-949A-B68C639A109B_1_105_c.jpeg"
    ],
    "ultima_modificacion": "2025-08-01 01:01:04.534385"
  },
  "f6ed62b1f87449969e1acedd3eb2e25d1105c.jpeg": {
    "app_sintetizada": "F6ED62B1F87449969E1ACEDD3EB2E25D1105C.JPEG",
    "cantidad_archivos": 1,
    "archivos_fuente": [
      "Pictures/Fototeca de Fotos.photoslibrary/resources/derivatives/F/F6ED62B1-F874-4996-9E1A-CEDD3EB2E25D_1_105_c.jpeg"
    ],
    "ultima_modificacion": "2025-08-01 01:01:04.534584"
  },
  "fc9a999ed5cb402c8500f9149bdadf011105c.jpeg": {
    "app_sintetizada": "FC9A999ED5CB402C8500F9149BDADF011105C.JPEG",
    "cantidad_archivos": 1,
    "archivos_fuente": [
      "Pictures/Fototeca de Fotos.photoslibrary/resources/derivatives/F/FC9A999E-D5CB-402C-8500-F9149BDADF01_1_105_c.jpeg"
    ],
    "ultima_modificacion": "2025-08-01 01:01:04.534769"
  },
  "fc170ccb31754e299e7b9c1c4afc1da21105c.jpeg": {
    "app_sintetizada": "FC170CCB31754E299E7B9C1C4AFC1DA21105C.JPEG",
    "cantidad_archivos": 1,
    "archivos_fuente": [
      "Pictures/Fototeca de Fotos.photoslibrary/resources/derivatives/F/FC170CCB-3175-4E29-9E7B-9C1C4AFC1DA2_1_105_c.jpeg"
    ],
    "ultima_modificacion": "2025-08-01 01:01:04.534951"
  },
  "fd9ef6068e914de8a1c642bef0024db71105c.jpeg": {
    "app_sintetizada": "FD9EF6068E914DE8A1C642BEF0024DB71105C.JPEG",
    "cantidad_archivos": 1,
    "archivos_fuente": [
      "Pictures/Fototeca de Fotos.photoslibrary/resources/derivatives/F/FD9EF606-8E91-4DE8-A1C6-42BEF0024DB7_1_105_c.jpeg"
    ],
    "ultima_modificacion": "2025-08-01 01:01:04.535126"
  },
  "f699bae626514d8488f8db00476e86241105c.jpeg": {
    "app_sintetizada": "F699BAE626514D8488F8DB00476E86241105C.JPEG",
    "cantidad_archivos": 1,
    "archivos_fuente": [
      "Pictures/Fototeca de Fotos.photoslibrary/resources/derivatives/F/F699BAE6-2651-4D84-88F8-DB00476E8624_1_105_c.jpeg"
    ],
    "ultima_modificacion": "2025-08-01 01:01:04.535301"
  },
  "f5cb2cd2fbdd433ba6e44621b2b9a4901105c.jpeg": {
    "app_sintetizada": "F5CB2CD2FBDD433BA6E44621B2B9A4901105C.JPEG",
    "cantidad_archivos": 1,
    "archivos_fuente": [
      "Pictures/Fototeca de Fotos.photoslibrary/resources/derivatives/F/F5CB2CD2-FBDD-433B-A6E4-4621B2B9A490_1_105_c.jpeg"
    ],
    "ultima_modificacion": "2025-08-01 01:01:04.535483"
  },
  "f3597c7e2abc47229a1280c622bb2e0b1105c.jpeg": {
    "app_sintetizada": "F3597C7E2ABC47229A1280C622BB2E0B1105C.JPEG",
    "cantidad_archivos": 1,
    "archivos_fuente": [
      "Pictures/Fototeca de Fotos.photoslibrary/resources/derivatives/F/F3597C7E-2ABC-4722-9A12-80C622BB2E0B_1_105_c.jpeg"
    ],
    "ultima_modificacion": "2025-08-01 01:01:04.535664"
  },
  "f0f8542c016a40fdb95c62928f0a03f11105c.jpeg": {
    "app_sintetizada": "F0F8542C016A40FDB95C62928F0A03F11105C.JPEG",
    "cantidad_archivos": 1,
    "archivos_fuente": [
      "Pictures/Fototeca de Fotos.photoslibrary/resources/derivatives/F/F0F8542C-016A-40FD-B95C-62928F0A03F1_1_105_c.jpeg"
    ],
    "ultima_modificacion": "2025-08-01 01:01:04.535960"
  },
  "fc0c480024da46ee825749ce996b86f11105c.jpeg": {
    "app_sintetizada": "FC0C480024DA46EE825749CE996B86F11105C.JPEG",
    "cantidad_archivos": 1,
    "archivos_fuente": [
      "Pictures/Fototeca de Fotos.photoslibrary/resources/derivatives/F/FC0C4800-24DA-46EE-8257-49CE996B86F1_1_105_c.jpeg"
    ],
    "ultima_modificacion": "2025-08-01 01:01:04.536253"
  },
  "f9c2e3615d2d4d5db34da9c06cda4d841105c.jpeg": {
    "app_sintetizada": "F9C2E3615D2D4D5DB34DA9C06CDA4D841105C.JPEG",
    "cantidad_archivos": 1,
    "archivos_fuente": [
      "Pictures/Fototeca de Fotos.photoslibrary/resources/derivatives/F/F9C2E361-5D2D-4D5D-B34D-A9C06CDA4D84_1_105_c.jpeg"
    ],
    "ultima_modificacion": "2025-08-01 01:01:04.536527"
  },
  "fd1a327fea564bf9adb5c9af1378840b1105c.jpeg": {
    "app_sintetizada": "FD1A327FEA564BF9ADB5C9AF1378840B1105C.JPEG",
    "cantidad_archivos": 1,
    "archivos_fuente": [
      "Pictures/Fototeca de Fotos.photoslibrary/resources/derivatives/F/FD1A327F-EA56-4BF9-ADB5-C9AF1378840B_1_105_c.jpeg"
    ],
    "ultima_modificacion": "2025-08-01 01:01:04.536821"
  },
  "f3b899a583ad45c1a0e598b3690d305c1105c.jpeg": {
    "app_sintetizada": "F3B899A583AD45C1A0E598B3690D305C1105C.JPEG",
    "cantidad_archivos": 1,
    "archivos_fuente": [
      "Pictures/Fototeca de Fotos.photoslibrary/resources/derivatives/F/F3B899A5-83AD-45C1-A0E5-98B3690D305C_1_105_c.jpeg"
    ],
    "ultima_modificacion": "2025-08-01 01:01:04.537114"
  },
  "f9e8b3dd61294de5b4f1f3d13dcf4e421105c.jpeg": {
    "app_sintetizada": "F9E8B3DD61294DE5B4F1F3D13DCF4E421105C.JPEG",
    "cantidad_archivos": 1,
    "archivos_fuente": [
      "Pictures/Fototeca de Fotos.photoslibrary/resources/derivatives/F/F9E8B3DD-6129-4DE5-B4F1-F3D13DCF4E42_1_105_c.jpeg"
    ],
    "ultima_modificacion": "2025-08-01 01:01:04.537471"
  },
  "fc78a22f71a648659f8ae6e760db96651105c.jpeg": {
    "app_sintetizada": "FC78A22F71A648659F8AE6E760DB96651105C.JPEG",
    "cantidad_archivos": 1,
    "archivos_fuente": [
      "Pictures/Fototeca de Fotos.photoslibrary/resources/derivatives/F/FC78A22F-71A6-4865-9F8A-E6E760DB9665_1_105_c.jpeg"
    ],
    "ultima_modificacion": "2025-08-01 01:01:04.537763"
  },
  "f5b5349b3dae41558c7505309c492f921105c.jpeg": {
    "app_sintetizada": "F5B5349B3DAE41558C7505309C492F921105C.JPEG",
    "cantidad_archivos": 1,
    "archivos_fuente": [
      "Pictures/Fototeca de Fotos.photoslibrary/resources/derivatives/F/F5B5349B-3DAE-4155-8C75-05309C492F92_1_105_c.jpeg"
    ],
    "ultima_modificacion": "2025-08-01 01:01:04.538077"
  },
  "fe571070f0db48e6b67d0404081e942a1105c.jpeg": {
    "app_sintetizada": "FE571070F0DB48E6B67D0404081E942A1105C.JPEG",
    "cantidad_archivos": 1,
    "archivos_fuente": [
      "Pictures/Fototeca de Fotos.photoslibrary/resources/derivatives/F/FE571070-F0DB-48E6-B67D-0404081E942A_1_105_c.jpeg"
    ],
    "ultima_modificacion": "2025-08-01 01:01:04.538401"
  },
  "f09125d3af2547f8a670975c5caefdd01105c.jpeg": {
    "app_sintetizada": "F09125D3AF2547F8A670975C5CAEFDD01105C.JPEG",
    "cantidad_archivos": 1,
    "archivos_fuente": [
      "Pictures/Fototeca de Fotos.photoslibrary/resources/derivatives/F/F09125D3-AF25-47F8-A670-975C5CAEFDD0_1_105_c.jpeg"
    ],
    "ultima_modificacion": "2025-08-01 01:01:04.538702"
  },
  "fe8bf4fab8084c5da946428ff2ba41991105c.jpeg": {
    "app_sintetizada": "FE8BF4FAB8084C5DA946428FF2BA41991105C.JPEG",
    "cantidad_archivos": 1,
    "archivos_fuente": [
      "Pictures/Fototeca de Fotos.photoslibrary/resources/derivatives/F/FE8BF4FA-B808-4C5D-A946-428FF2BA4199_1_105_c.jpeg"
    ],
    "ultima_modificacion": "2025-08-01 01:01:04.539101"
  },
  "f2e2c1e5f4b149679e5d880398384c761105c.jpeg": {
    "app_sintetizada": "F2E2C1E5F4B149679E5D880398384C761105C.JPEG",
    "cantidad_archivos": 1,
    "archivos_fuente": [
      "Pictures/Fototeca de Fotos.photoslibrary/resources/derivatives/F/F2E2C1E5-F4B1-4967-9E5D-880398384C76_1_105_c.jpeg"
    ],
    "ultima_modificacion": "2025-08-01 01:01:04.539385"
  },
  "fe1f64a945d04b5fae3b562b363178761105c.jpeg": {
    "app_sintetizada": "FE1F64A945D04B5FAE3B562B363178761105C.JPEG",
    "cantidad_archivos": 1,
    "archivos_fuente": [
      "Pictures/Fototeca de Fotos.photoslibrary/resources/derivatives/F/FE1F64A9-45D0-4B5F-AE3B-562B36317876_1_105_c.jpeg"
    ],
    "ultima_modificacion": "2025-08-01 01:01:04.539697"
  },
  "fc1ba179b4bc44beb62b1c7c9922fdaf1105c.jpeg": {
    "app_sintetizada": "FC1BA179B4BC44BEB62B1C7C9922FDAF1105C.JPEG",
    "cantidad_archivos": 1,
    "archivos_fuente": [
      "Pictures/Fototeca de Fotos.photoslibrary/resources/derivatives/F/FC1BA179-B4BC-44BE-B62B-1C7C9922FDAF_1_105_c.jpeg"
    ],
    "ultima_modificacion": "2025-08-01 01:01:04.540005"
  },
  "ff30fb67309e4c7f85798e7117d302271105c.jpeg": {
    "app_sintetizada": "FF30FB67309E4C7F85798E7117D302271105C.JPEG",
    "cantidad_archivos": 1,
    "archivos_fuente": [
      "Pictures/Fototeca de Fotos.photoslibrary/resources/derivatives/F/FF30FB67-309E-4C7F-8579-8E7117D30227_1_105_c.jpeg"
    ],
    "ultima_modificacion": "2025-08-01 01:01:04.540300"
  },
  "fdb45e6f0b574964a88bd5ee739058861105c.jpeg": {
    "app_sintetizada": "FDB45E6F0B574964A88BD5EE739058861105C.JPEG",
    "cantidad_archivos": 1,
    "archivos_fuente": [
      "Pictures/Fototeca de Fotos.photoslibrary/resources/derivatives/F/FDB45E6F-0B57-4964-A88B-D5EE73905886_1_105_c.jpeg"
    ],
    "ultima_modificacion": "2025-08-01 01:01:04.540599"
  },
  "f2746202196a4b6aa0b93015872508281105c.jpeg": {
    "app_sintetizada": "F2746202196A4B6AA0B93015872508281105C.JPEG",
    "cantidad_archivos": 1,
    "archivos_fuente": [
      "Pictures/Fototeca de Fotos.photoslibrary/resources/derivatives/F/F2746202-196A-4B6A-A0B9-301587250828_1_105_c.jpeg"
    ],
    "ultima_modificacion": "2025-08-01 01:01:04.540904"
  },
  "fb973de22979415f833c44df1aa53ef41105c.jpeg": {
    "app_sintetizada": "FB973DE22979415F833C44DF1AA53EF41105C.JPEG",
    "cantidad_archivos": 1,
    "archivos_fuente": [
      "Pictures/Fototeca de Fotos.photoslibrary/resources/derivatives/F/FB973DE2-2979-415F-833C-44DF1AA53EF4_1_105_c.jpeg"
    ],
    "ultima_modificacion": "2025-08-01 01:01:04.541225"
  },
  "f6024b0c4e214d0b9b12462d3fe45d681105c.jpeg": {
    "app_sintetizada": "F6024B0C4E214D0B9B12462D3FE45D681105C.JPEG",
    "cantidad_archivos": 1,
    "archivos_fuente": [
      "Pictures/Fototeca de Fotos.photoslibrary/resources/derivatives/F/F6024B0C-4E21-4D0B-9B12-462D3FE45D68_1_105_c.jpeg"
    ],
    "ultima_modificacion": "2025-08-01 01:01:04.541522"
  },
  "fcc0a21922cf4e21877763d05338e0fd1105c.jpeg": {
    "app_sintetizada": "FCC0A21922CF4E21877763D05338E0FD1105C.JPEG",
    "cantidad_archivos": 1,
    "archivos_fuente": [
      "Pictures/Fototeca de Fotos.photoslibrary/resources/derivatives/F/FCC0A219-22CF-4E21-8777-63D05338E0FD_1_105_c.jpeg"
    ],
    "ultima_modificacion": "2025-08-01 01:01:04.541836"
  },
  "fdc5279ce4c74bbc92e39200d94cc6071105c.jpeg": {
    "app_sintetizada": "FDC5279CE4C74BBC92E39200D94CC6071105C.JPEG",
    "cantidad_archivos": 1,
    "archivos_fuente": [
      "Pictures/Fototeca de Fotos.photoslibrary/resources/derivatives/F/FDC5279C-E4C7-4BBC-92E3-9200D94CC607_1_105_c.jpeg"
    ],
    "ultima_modificacion": "2025-08-01 01:01:04.542166"
  },
  "f8f8713488dd40c0a4799af86f2e1cfd1105c.jpeg": {
    "app_sintetizada": "F8F8713488DD40C0A4799AF86F2E1CFD1105C.JPEG",
    "cantidad_archivos": 1,
    "archivos_fuente": [
      "Pictures/Fototeca de Fotos.photoslibrary/resources/derivatives/F/F8F87134-88DD-40C0-A479-9AF86F2E1CFD_1_105_c.jpeg"
    ],
    "ultima_modificacion": "2025-08-01 01:01:04.542502"
  },
  "f2bd2611e5d44694b7c79e4ea242cf6f1105c.jpeg": {
    "app_sintetizada": "F2BD2611E5D44694B7C79E4EA242CF6F1105C.JPEG",
    "cantidad_archivos": 1,
    "archivos_fuente": [
      "Pictures/Fototeca de Fotos.photoslibrary/resources/derivatives/F/F2BD2611-E5D4-4694-B7C7-9E4EA242CF6F_1_105_c.jpeg"
    ],
    "ultima_modificacion": "2025-08-01 01:01:04.542820"
  },
  "f2601cdb727b4df797b316d3448881301105c.jpeg": {
    "app_sintetizada": "F2601CDB727B4DF797B316D3448881301105C.JPEG",
    "cantidad_archivos": 1,
    "archivos_fuente": [
      "Pictures/Fototeca de Fotos.photoslibrary/resources/derivatives/F/F2601CDB-727B-4DF7-97B3-16D344888130_1_105_c.jpeg"
    ],
    "ultima_modificacion": "2025-08-01 01:01:04.543145"
  },
  "f9c21249ca4144a6bd2c20dde0f36181.thm": {
    "app_sintetizada": "F9C21249CA4144A6BD2C20DDE0F36181.THM",
    "cantidad_archivos": 1,
    "archivos_fuente": [
      "Pictures/Fototeca de Fotos.photoslibrary/resources/derivatives/F/F9C21249-CA41-44A6-BD2C-20DDE0F36181.THM"
    ],
    "ultima_modificacion": "2025-08-01 01:01:04.543462"
  },
  "f680f1a711f94de6a3c7de4e01d2da841105c.jpeg": {
    "app_sintetizada": "F680F1A711F94DE6A3C7DE4E01D2DA841105C.JPEG",
    "cantidad_archivos": 1,
    "archivos_fuente": [
      "Pictures/Fototeca de Fotos.photoslibrary/resources/derivatives/F/F680F1A7-11F9-4DE6-A3C7-DE4E01D2DA84_1_105_c.jpeg"
    ],
    "ultima_modificacion": "2025-08-01 01:01:04.543761"
  },
  "ffa054584df84222a5e9ff3fd2d4945b1105c.jpeg": {
    "app_sintetizada": "FFA054584DF84222A5E9FF3FD2D4945B1105C.JPEG",
    "cantidad_archivos": 1,
    "archivos_fuente": [
      "Pictures/Fototeca de Fotos.photoslibrary/resources/derivatives/F/FFA05458-4DF8-4222-A5E9-FF3FD2D4945B_1_105_c.jpeg"
    ],
    "ultima_modificacion": "2025-08-01 01:01:04.544095"
  },
  "fec5266b162845df92abc99bc11a862a1105c.jpeg": {
    "app_sintetizada": "FEC5266B162845DF92ABC99BC11A862A1105C.JPEG",
    "cantidad_archivos": 1,
    "archivos_fuente": [
      "Pictures/Fototeca de Fotos.photoslibrary/resources/derivatives/F/FEC5266B-1628-45DF-92AB-C99BC11A862A_1_105_c.jpeg"
    ],
    "ultima_modificacion": "2025-08-01 01:01:04.544412"
  },
  "f5e090d718ff418ca56ed26ae1422e89.thm": {
    "app_sintetizada": "F5E090D718FF418CA56ED26AE1422E89.THM",
    "cantidad_archivos": 1,
    "archivos_fuente": [
      "Pictures/Fototeca de Fotos.photoslibrary/resources/derivatives/F/F5E090D7-18FF-418C-A56E-D26AE1422E89.THM"
    ],
    "ultima_modificacion": "2025-08-01 01:01:04.544727"
  },
  "f4f081d286404a9895e429f702fdf761.thm": {
    "app_sintetizada": "F4F081D286404A9895E429F702FDF761.THM",
    "cantidad_archivos": 1,
    "archivos_fuente": [
      "Pictures/Fototeca de Fotos.photoslibrary/resources/derivatives/F/F4F081D2-8640-4A98-95E4-29F702FDF761.THM"
    ],
    "ultima_modificacion": "2025-08-01 01:01:04.545059"
  },
  "f5f15296415d4385b801536d569cfc02.thm": {
    "app_sintetizada": "F5F15296415D4385B801536D569CFC02.THM",
    "cantidad_archivos": 1,
    "archivos_fuente": [
      "Pictures/Fototeca de Fotos.photoslibrary/resources/derivatives/F/F5F15296-415D-4385-B801-536D569CFC02.THM"
    ],
    "ultima_modificacion": "2025-08-01 01:01:04.545414"
  },
  "fdf6d9545bd84938a561b48590d5a3b61105c.jpeg": {
    "app_sintetizada": "FDF6D9545BD84938A561B48590D5A3B61105C.JPEG",
    "cantidad_archivos": 1,
    "archivos_fuente": [
      "Pictures/Fototeca de Fotos.photoslibrary/resources/derivatives/F/FDF6D954-5BD8-4938-A561-B48590D5A3B6_1_105_c.jpeg"
    ],
    "ultima_modificacion": "2025-08-01 01:01:04.545743"
  },
  "f6cbbb6b3fd249bdb3e311e51bd1681a1105c.jpeg": {
    "app_sintetizada": "F6CBBB6B3FD249BDB3E311E51BD1681A1105C.JPEG",
    "cantidad_archivos": 1,
    "archivos_fuente": [
      "Pictures/Fototeca de Fotos.photoslibrary/resources/derivatives/F/F6CBBB6B-3FD2-49BD-B3E3-11E51BD1681A_1_105_c.jpeg"
    ],
    "ultima_modificacion": "2025-08-01 01:01:04.546033"
  },
  "f57bbcbaf08f448d8b06a4b746eb77751105c.jpeg": {
    "app_sintetizada": "F57BBCBAF08F448D8B06A4B746EB77751105C.JPEG",
    "cantidad_archivos": 1,
    "archivos_fuente": [
      "Pictures/Fototeca de Fotos.photoslibrary/resources/derivatives/F/F57BBCBA-F08F-448D-8B06-A4B746EB7775_1_105_c.jpeg"
    ],
    "ultima_modificacion": "2025-08-01 01:01:04.546333"
  },
  "fffc2924e68043b0848b0ff652f0cc4a1105c.jpeg": {
    "app_sintetizada": "FFFC2924E68043B0848B0FF652F0CC4A1105C.JPEG",
    "cantidad_archivos": 1,
    "archivos_fuente": [
      "Pictures/Fototeca de Fotos.photoslibrary/resources/derivatives/F/FFFC2924-E680-43B0-848B-0FF652F0CC4A_1_105_c.jpeg"
    ],
    "ultima_modificacion": "2025-08-01 01:01:04.546629"
  },
  "fe5c91b3e0fd44b79cb0d8d0d30b4d141105c.jpeg": {
    "app_sintetizada": "FE5C91B3E0FD44B79CB0D8D0D30B4D141105C.JPEG",
    "cantidad_archivos": 1,
    "archivos_fuente": [
      "Pictures/Fototeca de Fotos.photoslibrary/resources/derivatives/F/FE5C91B3-E0FD-44B7-9CB0-D8D0D30B4D14_1_105_c.jpeg"
    ],
    "ultima_modificacion": "2025-08-01 01:01:04.546925"
  },
  "f88001d3b6b74b64a3d116b28b4ef8971105c.jpeg": {
    "app_sintetizada": "F88001D3B6B74B64A3D116B28B4EF8971105C.JPEG",
    "cantidad_archivos": 1,
    "archivos_fuente": [
      "Pictures/Fototeca de Fotos.photoslibrary/resources/derivatives/F/F88001D3-B6B7-4B64-A3D1-16B28B4EF897_1_105_c.jpeg"
    ],
    "ultima_modificacion": "2025-08-01 01:01:04.547212"
  },
  "f29cf5b648f74847a4e3071ec311c4231105c.jpeg": {
    "app_sintetizada": "F29CF5B648F74847A4E3071EC311C4231105C.JPEG",
    "cantidad_archivos": 1,
    "archivos_fuente": [
      "Pictures/Fototeca de Fotos.photoslibrary/resources/derivatives/F/F29CF5B6-48F7-4847-A4E3-071EC311C423_1_105_c.jpeg"
    ],
    "ultima_modificacion": "2025-08-01 01:01:04.547486"
  },
  "f1d8445b54094096903406cc03bc92381105c.jpeg": {
    "app_sintetizada": "F1D8445B54094096903406CC03BC92381105C.JPEG",
    "cantidad_archivos": 1,
    "archivos_fuente": [
      "Pictures/Fototeca de Fotos.photoslibrary/resources/derivatives/F/F1D8445B-5409-4096-9034-06CC03BC9238_1_105_c.jpeg"
    ],
    "ultima_modificacion": "2025-08-01 01:01:04.547762"
  },
  "f26176c3aa204561a2a2e4a6ec7752b81105c.jpeg": {
    "app_sintetizada": "F26176C3AA204561A2A2E4A6EC7752B81105C.JPEG",
    "cantidad_archivos": 1,
    "archivos_fuente": [
      "Pictures/Fototeca de Fotos.photoslibrary/resources/derivatives/F/F26176C3-AA20-4561-A2A2-E4A6EC7752B8_1_105_c.jpeg"
    ],
    "ultima_modificacion": "2025-08-01 01:01:04.548029"
  },
  "fa11c770520b4e40a584e9f1b81adfc61105c.jpeg": {
    "app_sintetizada": "FA11C770520B4E40A584E9F1B81ADFC61105C.JPEG",
    "cantidad_archivos": 1,
    "archivos_fuente": [
      "Pictures/Fototeca de Fotos.photoslibrary/resources/derivatives/F/FA11C770-520B-4E40-A584-E9F1B81ADFC6_1_105_c.jpeg"
    ],
    "ultima_modificacion": "2025-08-01 01:01:04.548334"
  },
  "f6f8ecf325a24498afc30744e62ff4411105c.jpeg": {
    "app_sintetizada": "F6F8ECF325A24498AFC30744E62FF4411105C.JPEG",
    "cantidad_archivos": 1,
    "archivos_fuente": [
      "Pictures/Fototeca de Fotos.photoslibrary/resources/derivatives/F/F6F8ECF3-25A2-4498-AFC3-0744E62FF441_1_105_c.jpeg"
    ],
    "ultima_modificacion": "2025-08-01 01:01:04.548630"
  },
  "f9b1e15513c34944a7dffd50569311501105c.jpeg": {
    "app_sintetizada": "F9B1E15513C34944A7DFFD50569311501105C.JPEG",
    "cantidad_archivos": 1,
    "archivos_fuente": [
      "Pictures/Fototeca de Fotos.photoslibrary/resources/derivatives/F/F9B1E155-13C3-4944-A7DF-FD5056931150_1_105_c.jpeg"
    ],
    "ultima_modificacion": "2025-08-01 01:01:04.548899"
  },
  "fb977e51e2f8411d91b71f9a31a98dd81105c.jpeg": {
    "app_sintetizada": "FB977E51E2F8411D91B71F9A31A98DD81105C.JPEG",
    "cantidad_archivos": 1,
    "archivos_fuente": [
      "Pictures/Fototeca de Fotos.photoslibrary/resources/derivatives/F/FB977E51-E2F8-411D-91B7-1F9A31A98DD8_1_105_c.jpeg"
    ],
    "ultima_modificacion": "2025-08-01 01:01:04.549203"
  },
  "f02cfe75e73d4b85b8f2a9f75d3078171105c.jpeg": {
    "app_sintetizada": "F02CFE75E73D4B85B8F2A9F75D3078171105C.JPEG",
    "cantidad_archivos": 1,
    "archivos_fuente": [
      "Pictures/Fototeca de Fotos.photoslibrary/resources/derivatives/F/F02CFE75-E73D-4B85-B8F2-A9F75D307817_1_105_c.jpeg"
    ],
    "ultima_modificacion": "2025-08-01 01:01:04.549507"
  },
  "f9d3c35f5c0c4467a79e22bc8cf904b31105c.jpeg": {
    "app_sintetizada": "F9D3C35F5C0C4467A79E22BC8CF904B31105C.JPEG",
    "cantidad_archivos": 1,
    "archivos_fuente": [
      "Pictures/Fototeca de Fotos.photoslibrary/resources/derivatives/F/F9D3C35F-5C0C-4467-A79E-22BC8CF904B3_1_105_c.jpeg"
    ],
    "ultima_modificacion": "2025-08-01 01:01:04.549856"
  },
  "f30c10270eab41d2abd2afec291346921105c.jpeg": {
    "app_sintetizada": "F30C10270EAB41D2ABD2AFEC291346921105C.JPEG",
    "cantidad_archivos": 1,
    "archivos_fuente": [
      "Pictures/Fototeca de Fotos.photoslibrary/resources/derivatives/F/F30C1027-0EAB-41D2-ABD2-AFEC29134692_1_105_c.jpeg"
    ],
    "ultima_modificacion": "2025-08-01 01:01:04.550180"
  },
  "fde60ceb2c37474486dd246ca9c94c681105c.jpeg": {
    "app_sintetizada": "FDE60CEB2C37474486DD246CA9C94C681105C.JPEG",
    "cantidad_archivos": 1,
    "archivos_fuente": [
      "Pictures/Fototeca de Fotos.photoslibrary/resources/derivatives/F/FDE60CEB-2C37-4744-86DD-246CA9C94C68_1_105_c.jpeg"
    ],
    "ultima_modificacion": "2025-08-01 01:01:04.550507"
  },
  "f346593c50cd4bd3ac6c5495729727ab1105c.jpeg": {
    "app_sintetizada": "F346593C50CD4BD3AC6C5495729727AB1105C.JPEG",
    "cantidad_archivos": 1,
    "archivos_fuente": [
      "Pictures/Fototeca de Fotos.photoslibrary/resources/derivatives/F/F346593C-50CD-4BD3-AC6C-5495729727AB_1_105_c.jpeg"
    ],
    "ultima_modificacion": "2025-08-01 01:01:04.550802"
  },
  "f84f6b9bd31d419fae05d12cfa2403b31105c.jpeg": {
    "app_sintetizada": "F84F6B9BD31D419FAE05D12CFA2403B31105C.JPEG",
    "cantidad_archivos": 1,
    "archivos_fuente": [
      "Pictures/Fototeca de Fotos.photoslibrary/resources/derivatives/F/F84F6B9B-D31D-419F-AE05-D12CFA2403B3_1_105_c.jpeg"
    ],
    "ultima_modificacion": "2025-08-01 01:01:04.551091"
  },
  "fa322e27aea045cd90629c687a5b1bf11105c.jpeg": {
    "app_sintetizada": "FA322E27AEA045CD90629C687A5B1BF11105C.JPEG",
    "cantidad_archivos": 1,
    "archivos_fuente": [
      "Pictures/Fototeca de Fotos.photoslibrary/resources/derivatives/F/FA322E27-AEA0-45CD-9062-9C687A5B1BF1_1_105_c.jpeg"
    ],
    "ultima_modificacion": "2025-08-01 01:01:04.551386"
  },
  "fc4d351c6e0b41c4a07bba22f217517e.thm": {
    "app_sintetizada": "FC4D351C6E0B41C4A07BBA22F217517E.THM",
    "cantidad_archivos": 1,
    "archivos_fuente": [
      "Pictures/Fototeca de Fotos.photoslibrary/resources/derivatives/F/FC4D351C-6E0B-41C4-A07B-BA22F217517E.THM"
    ],
    "ultima_modificacion": "2025-08-01 01:01:04.551677"
  },
  "fcd13d1d5f734de185b5d7fbbb94f1241105c.jpeg": {
    "app_sintetizada": "FCD13D1D5F734DE185B5D7FBBB94F1241105C.JPEG",
    "cantidad_archivos": 1,
    "archivos_fuente": [
      "Pictures/Fototeca de Fotos.photoslibrary/resources/derivatives/F/FCD13D1D-5F73-4DE1-85B5-D7FBBB94F124_1_105_c.jpeg"
    ],
    "ultima_modificacion": "2025-08-01 01:01:04.551947"
  },
  "f2586e505cfa4336a8675076b3465dac1105c.jpeg": {
    "app_sintetizada": "F2586E505CFA4336A8675076B3465DAC1105C.JPEG",
    "cantidad_archivos": 1,
    "archivos_fuente": [
      "Pictures/Fototeca de Fotos.photoslibrary/resources/derivatives/F/F2586E50-5CFA-4336-A867-5076B3465DAC_1_105_c.jpeg"
    ],
    "ultima_modificacion": "2025-08-01 01:01:04.552247"
  },
  "f304201d0c6a414c954cf80a27abd8bb1105c.jpeg": {
    "app_sintetizada": "F304201D0C6A414C954CF80A27ABD8BB1105C.JPEG",
    "cantidad_archivos": 1,
    "archivos_fuente": [
      "Pictures/Fototeca de Fotos.photoslibrary/resources/derivatives/F/F304201D-0C6A-414C-954C-F80A27ABD8BB_1_105_c.jpeg"
    ],
    "ultima_modificacion": "2025-08-01 01:01:04.552549"
  },
  "f9739566b60a46fca4ebeac659e107df1105c.jpeg": {
    "app_sintetizada": "F9739566B60A46FCA4EBEAC659E107DF1105C.JPEG",
    "cantidad_archivos": 1,
    "archivos_fuente": [
      "Pictures/Fototeca de Fotos.photoslibrary/resources/derivatives/F/F9739566-B60A-46FC-A4EB-EAC659E107DF_1_105_c.jpeg"
    ],
    "ultima_modificacion": "2025-08-01 01:01:04.552860"
  },
  "fe135a89befe489dbd6fa421be2b8e061105c.jpeg": {
    "app_sintetizada": "FE135A89BEFE489DBD6FA421BE2B8E061105C.JPEG",
    "cantidad_archivos": 1,
    "archivos_fuente": [
      "Pictures/Fototeca de Fotos.photoslibrary/resources/derivatives/F/FE135A89-BEFE-489D-BD6F-A421BE2B8E06_1_105_c.jpeg"
    ],
    "ultima_modificacion": "2025-08-01 01:01:04.553171"
  },
  "f51e599ac3454722b4c87be6dc8d60551100o.jpeg": {
    "app_sintetizada": "F51E599AC3454722B4C87BE6DC8D60551100O.JPEG",
    "cantidad_archivos": 1,
    "archivos_fuente": [
      "Pictures/Fototeca de Fotos.photoslibrary/resources/derivatives/F/F51E599A-C345-4722-B4C8-7BE6DC8D6055_1_100_o.jpeg"
    ],
    "ultima_modificacion": "2025-08-01 01:01:04.553500"
  },
  "f82165c698654e5aa7f9e1d2e6d8db351105c.jpeg": {
    "app_sintetizada": "F82165C698654E5AA7F9E1D2E6D8DB351105C.JPEG",
    "cantidad_archivos": 1,
    "archivos_fuente": [
      "Pictures/Fototeca de Fotos.photoslibrary/resources/derivatives/F/F82165C6-9865-4E5A-A7F9-E1D2E6D8DB35_1_105_c.jpeg"
    ],
    "ultima_modificacion": "2025-08-01 01:01:04.553806"
  },
  "f33b5bbefbed42d88b2988a4d667af811105c.jpeg": {
    "app_sintetizada": "F33B5BBEFBED42D88B2988A4D667AF811105C.JPEG",
    "cantidad_archivos": 1,
    "archivos_fuente": [
      "Pictures/Fototeca de Fotos.photoslibrary/resources/derivatives/F/F33B5BBE-FBED-42D8-8B29-88A4D667AF81_1_105_c.jpeg"
    ],
    "ultima_modificacion": "2025-08-01 01:01:04.554127"
  }
}