{
  "a56166054fc4447eab4d9fb714e7a5e81105c.jpeg": {
    "app_sintetizada": "A56166054FC4447EAB4D9FB714E7A5E81105C.JPEG",
    "cantidad_archivos": 1,
    "archivos_fuente": [
      "Pictures/Fototeca de Fotos.photoslibrary/resources/derivatives/A/A5616605-4FC4-447E-AB4D-9FB714E7A5E8_1_105_c.jpeg"
    ],
    "ultima_modificacion": "2025-08-01 01:01:03.968469"
  },
  "a82ec180eae146ed9f88abee4bca589d1105c.jpeg": {
    "app_sintetizada": "A82EC180EAE146ED9F88ABEE4BCA589D1105C.JPEG",
    "cantidad_archivos": 1,
    "archivos_fuente": [
      "Pictures/Fototeca de Fotos.photoslibrary/resources/derivatives/A/A82EC180-EAE1-46ED-9F88-ABEE4BCA589D_1_105_c.jpeg"
    ],
    "ultima_modificacion": "2025-08-01 01:01:03.968666"
  },
  "a109de9771a44dffaa06e21d6df1697b1105c.jpeg": {
    "app_sintetizada": "A109DE9771A44DFFAA06E21D6DF1697B1105C.JPEG",
    "cantidad_archivos": 1,
    "archivos_fuente": [
      "Pictures/Fototeca de Fotos.photoslibrary/resources/derivatives/A/A109DE97-71A4-4DFF-AA06-E21D6DF1697B_1_105_c.jpeg"
    ],
    "ultima_modificacion": "2025-08-01 01:01:03.968857"
  },
  "afe0d4f935d44929b348563ede08ef951105c.jpeg": {
    "app_sintetizada": "AFE0D4F935D44929B348563EDE08EF951105C.JPEG",
    "cantidad_archivos": 1,
    "archivos_fuente": [
      "Pictures/Fototeca de Fotos.photoslibrary/resources/derivatives/A/AFE0D4F9-35D4-4929-B348-563EDE08EF95_1_105_c.jpeg"
    ],
    "ultima_modificacion": "2025-08-01 01:01:03.969080"
  },
  "a6918cd2b86b40c2b76fb9f280a55b311105c.jpeg": {
    "app_sintetizada": "A6918CD2B86B40C2B76FB9F280A55B311105C.JPEG",
    "cantidad_archivos": 1,
    "archivos_fuente": [
      "Pictures/Fototeca de Fotos.photoslibrary/resources/derivatives/A/A6918CD2-B86B-40C2-B76F-B9F280A55B31_1_105_c.jpeg"
    ],
    "ultima_modificacion": "2025-08-01 01:01:03.969286"
  },
  "abbd3fc0bf234271924ad5fcbc2f13c01105c.jpeg": {
    "app_sintetizada": "ABBD3FC0BF234271924AD5FCBC2F13C01105C.JPEG",
    "cantidad_archivos": 1,
    "archivos_fuente": [
      "Pictures/Fototeca de Fotos.photoslibrary/resources/derivatives/A/ABBD3FC0-BF23-4271-924A-D5FCBC2F13C0_1_105_c.jpeg"
    ],
    "ultima_modificacion": "2025-08-01 01:01:03.969480"
  },
  "a96a07e28acf47dbb1b05363b1d8ff181105c.jpeg": {
    "app_sintetizada": "A96A07E28ACF47DBB1B05363B1D8FF181105C.JPEG",
    "cantidad_archivos": 1,
    "archivos_fuente": [
      "Pictures/Fototeca de Fotos.photoslibrary/resources/derivatives/A/A96A07E2-8ACF-47DB-B1B0-5363B1D8FF18_1_105_c.jpeg"
    ],
    "ultima_modificacion": "2025-08-01 01:01:03.969667"
  },
  "a54a93eb85504f9c8c43e16cd89e23ba1105c.jpeg": {
    "app_sintetizada": "A54A93EB85504F9C8C43E16CD89E23BA1105C.JPEG",
    "cantidad_archivos": 1,
    "archivos_fuente": [
      "Pictures/Fototeca de Fotos.photoslibrary/resources/derivatives/A/A54A93EB-8550-4F9C-8C43-E16CD89E23BA_1_105_c.jpeg"
    ],
    "ultima_modificacion": "2025-08-01 01:01:03.969920"
  },
  "a222343837594c32b3a6f03cc50d6b011105c.jpeg": {
    "app_sintetizada": "A222343837594C32B3A6F03CC50D6B011105C.JPEG",
    "cantidad_archivos": 1,
    "archivos_fuente": [
      "Pictures/Fototeca de Fotos.photoslibrary/resources/derivatives/A/A2223438-3759-4C32-B3A6-F03CC50D6B01_1_105_c.jpeg"
    ],
    "ultima_modificacion": "2025-08-01 01:01:03.970215"
  },
  "ab59f67623134d2a8751ec88a00189c51105c.jpeg": {
    "app_sintetizada": "AB59F67623134D2A8751EC88A00189C51105C.JPEG",
    "cantidad_archivos": 1,
    "archivos_fuente": [
      "Pictures/Fototeca de Fotos.photoslibrary/resources/derivatives/A/AB59F676-2313-4D2A-8751-EC88A00189C5_1_105_c.jpeg"
    ],
    "ultima_modificacion": "2025-08-01 01:01:03.970521"
  },
  "acb28a7a43b3431c9ac3efd52d82f32e1105c.jpeg": {
    "app_sintetizada": "ACB28A7A43B3431C9AC3EFD52D82F32E1105C.JPEG",
    "cantidad_archivos": 1,
    "archivos_fuente": [
      "Pictures/Fototeca de Fotos.photoslibrary/resources/derivatives/A/ACB28A7A-43B3-431C-9AC3-EFD52D82F32E_1_105_c.jpeg"
    ],
    "ultima_modificacion": "2025-08-01 01:01:03.970751"
  },
  "aeeee5f85754463a9dc78a83e75e666d.thm": {
    "app_sintetizada": "AEEEE5F85754463A9DC78A83E75E666D.THM",
    "cantidad_archivos": 1,
    "archivos_fuente": [
      "Pictures/Fototeca de Fotos.photoslibrary/resources/derivatives/A/AEEEE5F8-5754-463A-9DC7-8A83E75E666D.THM"
    ],
    "ultima_modificacion": "2025-08-01 01:01:03.971179"
  },
  "af3ddab9286e410084ad392890e8c3de1105c.jpeg": {
    "app_sintetizada": "AF3DDAB9286E410084AD392890E8C3DE1105C.JPEG",
    "cantidad_archivos": 1,
    "archivos_fuente": [
      "Pictures/Fototeca de Fotos.photoslibrary/resources/derivatives/A/AF3DDAB9-286E-4100-84AD-392890E8C3DE_1_105_c.jpeg"
    ],
    "ultima_modificacion": "2025-08-01 01:01:03.971460"
  },
  "a7c80eac43624df7b2f270ceb71aaeea1105c.jpeg": {
    "app_sintetizada": "A7C80EAC43624DF7B2F270CEB71AAEEA1105C.JPEG",
    "cantidad_archivos": 1,
    "archivos_fuente": [
      "Pictures/Fototeca de Fotos.photoslibrary/resources/derivatives/A/A7C80EAC-4362-4DF7-B2F2-70CEB71AAEEA_1_105_c.jpeg"
    ],
    "ultima_modificacion": "2025-08-01 01:01:03.971705"
  },
  "a225edf747e54662a161ec18bc361a3c1105c.jpeg": {
    "app_sintetizada": "A225EDF747E54662A161EC18BC361A3C1105C.JPEG",
    "cantidad_archivos": 1,
    "archivos_fuente": [
      "Pictures/Fototeca de Fotos.photoslibrary/resources/derivatives/A/A225EDF7-47E5-4662-A161-EC18BC361A3C_1_105_c.jpeg"
    ],
    "ultima_modificacion": "2025-08-01 01:01:03.971996"
  },
  "a63dfb6a63dc4f4cb8aedb855f4b61541105c.jpeg": {
    "app_sintetizada": "A63DFB6A63DC4F4CB8AEDB855F4B61541105C.JPEG",
    "cantidad_archivos": 1,
    "archivos_fuente": [
      "Pictures/Fototeca de Fotos.photoslibrary/resources/derivatives/A/A63DFB6A-63DC-4F4C-B8AE-DB855F4B6154_1_105_c.jpeg"
    ],
    "ultima_modificacion": "2025-08-01 01:01:03.972244"
  },
  "a6e54af91aac4c4d980afde789dbfd3b1105c.jpeg": {
    "app_sintetizada": "A6E54AF91AAC4C4D980AFDE789DBFD3B1105C.JPEG",
    "cantidad_archivos": 1,
    "archivos_fuente": [
      "Pictures/Fototeca de Fotos.photoslibrary/resources/derivatives/A/A6E54AF9-1AAC-4C4D-980A-FDE789DBFD3B_1_105_c.jpeg"
    ],
    "ultima_modificacion": "2025-08-01 01:01:03.972501"
  },
  "a758465c8fdf4452be097b1ed05c3af51105c.jpeg": {
    "app_sintetizada": "A758465C8FDF4452BE097B1ED05C3AF51105C.JPEG",
    "cantidad_archivos": 1,
    "archivos_fuente": [
      "Pictures/Fototeca de Fotos.photoslibrary/resources/derivatives/A/A758465C-8FDF-4452-BE09-7B1ED05C3AF5_1_105_c.jpeg"
    ],
    "ultima_modificacion": "2025-08-01 01:01:03.972752"
  },
  "a78b08655e14413c98ee46ae1c13d7bb1105c.jpeg": {
    "app_sintetizada": "A78B08655E14413C98EE46AE1C13D7BB1105C.JPEG",
    "cantidad_archivos": 1,
    "archivos_fuente": [
      "Pictures/Fototeca de Fotos.photoslibrary/resources/derivatives/A/A78B0865-5E14-413C-98EE-46AE1C13D7BB_1_105_c.jpeg"
    ],
    "ultima_modificacion": "2025-08-01 01:01:03.973009"
  },
  "acf113cd8e0b4e84993637e973b96e241105c.jpeg": {
    "app_sintetizada": "ACF113CD8E0B4E84993637E973B96E241105C.JPEG",
    "cantidad_archivos": 1,
    "archivos_fuente": [
      "Pictures/Fototeca de Fotos.photoslibrary/resources/derivatives/A/ACF113CD-8E0B-4E84-9936-37E973B96E24_1_105_c.jpeg"
    ],
    "ultima_modificacion": "2025-08-01 01:01:03.973231"
  },
  "ab18f8e8d21243cb9ff517da1f33b4211105c.jpeg": {
    "app_sintetizada": "AB18F8E8D21243CB9FF517DA1F33B4211105C.JPEG",
    "cantidad_archivos": 1,
    "archivos_fuente": [
      "Pictures/Fototeca de Fotos.photoslibrary/resources/derivatives/A/AB18F8E8-D212-43CB-9FF5-17DA1F33B421_1_105_c.jpeg"
    ],
    "ultima_modificacion": "2025-08-01 01:01:03.973496"
  },
  "a079b22d5a2c4e189d6a290a863614c91105c.jpeg": {
    "app_sintetizada": "A079B22D5A2C4E189D6A290A863614C91105C.JPEG",
    "cantidad_archivos": 1,
    "archivos_fuente": [
      "Pictures/Fototeca de Fotos.photoslibrary/resources/derivatives/A/A079B22D-5A2C-4E18-9D6A-290A863614C9_1_105_c.jpeg"
    ],
    "ultima_modificacion": "2025-08-01 01:01:03.973703"
  },
  "a36b58eac8c84944a24f0f754e0289c01105c.jpeg": {
    "app_sintetizada": "A36B58EAC8C84944A24F0F754E0289C01105C.JPEG",
    "cantidad_archivos": 1,
    "archivos_fuente": [
      "Pictures/Fototeca de Fotos.photoslibrary/resources/derivatives/A/A36B58EA-C8C8-4944-A24F-0F754E0289C0_1_105_c.jpeg"
    ],
    "ultima_modificacion": "2025-08-01 01:01:03.973892"
  },
  "a131623b2ab14054a3810202d7af044f1105c.jpeg": {
    "app_sintetizada": "A131623B2AB14054A3810202D7AF044F1105C.JPEG",
    "cantidad_archivos": 1,
    "archivos_fuente": [
      "Pictures/Fototeca de Fotos.photoslibrary/resources/derivatives/A/A131623B-2AB1-4054-A381-0202D7AF044F_1_105_c.jpeg"
    ],
    "ultima_modificacion": "2025-08-01 01:01:03.974120"
  },
  "a6057db2132344438a376a92e3de38f91105c.jpeg": {
    "app_sintetizada": "A6057DB2132344438A376A92E3DE38F91105C.JPEG",
    "cantidad_archivos": 1,
    "archivos_fuente": [
      "Pictures/Fototeca de Fotos.photoslibrary/resources/derivatives/A/A6057DB2-1323-4443-8A37-6A92E3DE38F9_1_105_c.jpeg"
    ],
    "ultima_modificacion": "2025-08-01 01:01:03.974341"
  },
  "a661f99fb5d0499cb23b3f15bee199881105c.jpeg": {
    "app_sintetizada": "A661F99FB5D0499CB23B3F15BEE199881105C.JPEG",
    "cantidad_archivos": 1,
    "archivos_fuente": [
      "Pictures/Fototeca de Fotos.photoslibrary/resources/derivatives/A/A661F99F-B5D0-499C-B23B-3F15BEE19988_1_105_c.jpeg"
    ],
    "ultima_modificacion": "2025-08-01 01:01:03.974528"
  },
  "ae146ce1556d4f209ac078dc996b798e1105c.jpeg": {
    "app_sintetizada": "AE146CE1556D4F209AC078DC996B798E1105C.JPEG",
    "cantidad_archivos": 1,
    "archivos_fuente": [
      "Pictures/Fototeca de Fotos.photoslibrary/resources/derivatives/A/AE146CE1-556D-4F20-9AC0-78DC996B798E_1_105_c.jpeg"
    ],
    "ultima_modificacion": "2025-08-01 01:01:03.974718"
  },
  "a645b02a8fb947c685bd0a419251de7a1105c.jpeg": {
    "app_sintetizada": "A645B02A8FB947C685BD0A419251DE7A1105C.JPEG",
    "cantidad_archivos": 1,
    "archivos_fuente": [
      "Pictures/Fototeca de Fotos.photoslibrary/resources/derivatives/A/A645B02A-8FB9-47C6-85BD-0A419251DE7A_1_105_c.jpeg"
    ],
    "ultima_modificacion": "2025-08-01 01:01:03.975035"
  },
  "ad7bc14e48014db99429112fdf434a4b1105c.jpeg": {
    "app_sintetizada": "AD7BC14E48014DB99429112FDF434A4B1105C.JPEG",
    "cantidad_archivos": 1,
    "archivos_fuente": [
      "Pictures/Fototeca de Fotos.photoslibrary/resources/derivatives/A/AD7BC14E-4801-4DB9-9429-112FDF434A4B_1_105_c.jpeg"
    ],
    "ultima_modificacion": "2025-08-01 01:01:03.975307"
  },
  "ab5c6ff04ea24b71a3343752e48720541105c.jpeg": {
    "app_sintetizada": "AB5C6FF04EA24B71A3343752E48720541105C.JPEG",
    "cantidad_archivos": 1,
    "archivos_fuente": [
      "Pictures/Fototeca de Fotos.photoslibrary/resources/derivatives/A/AB5C6FF0-4EA2-4B71-A334-3752E4872054_1_105_c.jpeg"
    ],
    "ultima_modificacion": "2025-08-01 01:01:03.975643"
  },
  "ae73828e857146d78c4e4c7479952c471105c.jpeg": {
    "app_sintetizada": "AE73828E857146D78C4E4C7479952C471105C.JPEG",
    "cantidad_archivos": 1,
    "archivos_fuente": [
      "Pictures/Fototeca de Fotos.photoslibrary/resources/derivatives/A/AE73828E-8571-46D7-8C4E-4C7479952C47_1_105_c.jpeg"
    ],
    "ultima_modificacion": "2025-08-01 01:01:03.975969"
  },
  "aeef048755bb4de2a5e6c2d563949cef1105c.jpeg": {
    "app_sintetizada": "AEEF048755BB4DE2A5E6C2D563949CEF1105C.JPEG",
    "cantidad_archivos": 1,
    "archivos_fuente": [
      "Pictures/Fototeca de Fotos.photoslibrary/resources/derivatives/A/AEEF0487-55BB-4DE2-A5E6-C2D563949CEF_1_105_c.jpeg"
    ],
    "ultima_modificacion": "2025-08-01 01:01:03.976197"
  },
  "a89f9381b02941dd8a88d8f6e86d63cf1105c.jpeg": {
    "app_sintetizada": "A89F9381B02941DD8A88D8F6E86D63CF1105C.JPEG",
    "cantidad_archivos": 1,
    "archivos_fuente": [
      "Pictures/Fototeca de Fotos.photoslibrary/resources/derivatives/A/A89F9381-B029-41DD-8A88-D8F6E86D63CF_1_105_c.jpeg"
    ],
    "ultima_modificacion": "2025-08-01 01:01:03.976413"
  },
  "a7f4911eab1a41f09e4d882f98fcc7111105c.jpeg": {
    "app_sintetizada": "A7F4911EAB1A41F09E4D882F98FCC7111105C.JPEG",
    "cantidad_archivos": 1,
    "archivos_fuente": [
      "Pictures/Fototeca de Fotos.photoslibrary/resources/derivatives/A/A7F4911E-AB1A-41F0-9E4D-882F98FCC711_1_105_c.jpeg"
    ],
    "ultima_modificacion": "2025-08-01 01:01:03.976617"
  },
  "a76729fc781543379e9e623f5ed6c2301105c.jpeg": {
    "app_sintetizada": "A76729FC781543379E9E623F5ED6C2301105C.JPEG",
    "cantidad_archivos": 1,
    "archivos_fuente": [
      "Pictures/Fototeca de Fotos.photoslibrary/resources/derivatives/A/A76729FC-7815-4337-9E9E-623F5ED6C230_1_105_c.jpeg"
    ],
    "ultima_modificacion": "2025-08-01 01:01:03.976817"
  },
  "a443df7f16c94cb89201c8a03560c9e81105c.jpeg": {
    "app_sintetizada": "A443DF7F16C94CB89201C8A03560C9E81105C.JPEG",
    "cantidad_archivos": 1,
    "archivos_fuente": [
      "Pictures/Fototeca de Fotos.photoslibrary/resources/derivatives/A/A443DF7F-16C9-4CB8-9201-C8A03560C9E8_1_105_c.jpeg"
    ],
    "ultima_modificacion": "2025-08-01 01:01:03.977021"
  },
  "ae947adf4e8e4490b3454e99af74f33d1105c.jpeg": {
    "app_sintetizada": "AE947ADF4E8E4490B3454E99AF74F33D1105C.JPEG",
    "cantidad_archivos": 1,
    "archivos_fuente": [
      "Pictures/Fototeca de Fotos.photoslibrary/resources/derivatives/A/AE947ADF-4E8E-4490-B345-4E99AF74F33D_1_105_c.jpeg"
    ],
    "ultima_modificacion": "2025-08-01 01:01:03.977205"
  },
  "a5b2abbb42a34239ac09d47dd227d6d71105c.jpeg": {
    "app_sintetizada": "A5B2ABBB42A34239AC09D47DD227D6D71105C.JPEG",
    "cantidad_archivos": 1,
    "archivos_fuente": [
      "Pictures/Fototeca de Fotos.photoslibrary/resources/derivatives/A/A5B2ABBB-42A3-4239-AC09-D47DD227D6D7_1_105_c.jpeg"
    ],
    "ultima_modificacion": "2025-08-01 01:01:03.977399"
  },
  "a4a8b35b00de455c95bdc48980ff5ddf1100o.jpeg": {
    "app_sintetizada": "A4A8B35B00DE455C95BDC48980FF5DDF1100O.JPEG",
    "cantidad_archivos": 1,
    "archivos_fuente": [
      "Pictures/Fototeca de Fotos.photoslibrary/resources/derivatives/A/A4A8B35B-00DE-455C-95BD-C48980FF5DDF_1_100_o.jpeg"
    ],
    "ultima_modificacion": "2025-08-01 01:01:03.977593"
  },
  "a29da1bf286f4f089bc98dc571965268.thm": {
    "app_sintetizada": "A29DA1BF286F4F089BC98DC571965268.THM",
    "cantidad_archivos": 1,
    "archivos_fuente": [
      "Pictures/Fototeca de Fotos.photoslibrary/resources/derivatives/A/A29DA1BF-286F-4F08-9BC9-8DC571965268.THM"
    ],
    "ultima_modificacion": "2025-08-01 01:01:03.977777"
  },
  "a5dd8145057944948f00ecb773eb20761105c.jpeg": {
    "app_sintetizada": "A5DD8145057944948F00ECB773EB20761105C.JPEG",
    "cantidad_archivos": 1,
    "archivos_fuente": [
      "Pictures/Fototeca de Fotos.photoslibrary/resources/derivatives/A/A5DD8145-0579-4494-8F00-ECB773EB2076_1_105_c.jpeg"
    ],
    "ultima_modificacion": "2025-08-01 01:01:03.977966"
  },
  "a3ab0b9d5b804a7b8cd5c6d38fdf55b11105c.jpeg": {
    "app_sintetizada": "A3AB0B9D5B804A7B8CD5C6D38FDF55B11105C.JPEG",
    "cantidad_archivos": 1,
    "archivos_fuente": [
      "Pictures/Fototeca de Fotos.photoslibrary/resources/derivatives/A/A3AB0B9D-5B80-4A7B-8CD5-C6D38FDF55B1_1_105_c.jpeg"
    ],
    "ultima_modificacion": "2025-08-01 01:01:03.978147"
  },
  "a0ad7de15aff419b9cea667434c4523c1105c.jpeg": {
    "app_sintetizada": "A0AD7DE15AFF419B9CEA667434C4523C1105C.JPEG",
    "cantidad_archivos": 1,
    "archivos_fuente": [
      "Pictures/Fototeca de Fotos.photoslibrary/resources/derivatives/A/A0AD7DE1-5AFF-419B-9CEA-667434C4523C_1_105_c.jpeg"
    ],
    "ultima_modificacion": "2025-08-01 01:01:03.978326"
  },
  "a888845a943c4668a20a92a807163a3d1105c.jpeg": {
    "app_sintetizada": "A888845A943C4668A20A92A807163A3D1105C.JPEG",
    "cantidad_archivos": 1,
    "archivos_fuente": [
      "Pictures/Fototeca de Fotos.photoslibrary/resources/derivatives/A/A888845A-943C-4668-A20A-92A807163A3D_1_105_c.jpeg"
    ],
    "ultima_modificacion": "2025-08-01 01:01:03.978506"
  },
  "a9d5eda673604843be7026b93891e61a1105c.jpeg": {
    "app_sintetizada": "A9D5EDA673604843BE7026B93891E61A1105C.JPEG",
    "cantidad_archivos": 1,
    "archivos_fuente": [
      "Pictures/Fototeca de Fotos.photoslibrary/resources/derivatives/A/A9D5EDA6-7360-4843-BE70-26B93891E61A_1_105_c.jpeg"
    ],
    "ultima_modificacion": "2025-08-01 01:01:03.978753"
  },
  "aee1ba8e5e3243db911563d3aa1ff1461105c.jpeg": {
    "app_sintetizada": "AEE1BA8E5E3243DB911563D3AA1FF1461105C.JPEG",
    "cantidad_archivos": 1,
    "archivos_fuente": [
      "Pictures/Fototeca de Fotos.photoslibrary/resources/derivatives/A/AEE1BA8E-5E32-43DB-9115-63D3AA1FF146_1_105_c.jpeg"
    ],
    "ultima_modificacion": "2025-08-01 01:01:03.979065"
  },
  "a06c9d384f38403e89f140160e4a7554.thm": {
    "app_sintetizada": "A06C9D384F38403E89F140160E4A7554.THM",
    "cantidad_archivos": 1,
    "archivos_fuente": [
      "Pictures/Fototeca de Fotos.photoslibrary/resources/derivatives/A/A06C9D38-4F38-403E-89F1-40160E4A7554.THM"
    ],
    "ultima_modificacion": "2025-08-01 01:01:03.979330"
  },
  "ab8ff77daa6c4c8c835ac12a853ce3831105c.jpeg": {
    "app_sintetizada": "AB8FF77DAA6C4C8C835AC12A853CE3831105C.JPEG",
    "cantidad_archivos": 1,
    "archivos_fuente": [
      "Pictures/Fototeca de Fotos.photoslibrary/resources/derivatives/A/AB8FF77D-AA6C-4C8C-835A-C12A853CE383_1_105_c.jpeg"
    ],
    "ultima_modificacion": "2025-08-01 01:01:03.979573"
  },
  "a3f1d80736f74f299cb6a022943cf1fb1105c.jpeg": {
    "app_sintetizada": "A3F1D80736F74F299CB6A022943CF1FB1105C.JPEG",
    "cantidad_archivos": 1,
    "archivos_fuente": [
      "Pictures/Fototeca de Fotos.photoslibrary/resources/derivatives/A/A3F1D807-36F7-4F29-9CB6-A022943CF1FB_1_105_c.jpeg"
    ],
    "ultima_modificacion": "2025-08-01 01:01:03.979809"
  },
  "a80d8edd48da4b32ab2eec7bd6ca4ee41105c.jpeg": {
    "app_sintetizada": "A80D8EDD48DA4B32AB2EEC7BD6CA4EE41105C.JPEG",
    "cantidad_archivos": 1,
    "archivos_fuente": [
      "Pictures/Fototeca de Fotos.photoslibrary/resources/derivatives/A/A80D8EDD-48DA-4B32-AB2E-EC7BD6CA4EE4_1_105_c.jpeg"
    ],
    "ultima_modificacion": "2025-08-01 01:01:03.980115"
  },
  "af29351c6b0a4591a29eb8171face5891105c.jpeg": {
    "app_sintetizada": "AF29351C6B0A4591A29EB8171FACE5891105C.JPEG",
    "cantidad_archivos": 1,
    "archivos_fuente": [
      "Pictures/Fototeca de Fotos.photoslibrary/resources/derivatives/A/AF29351C-6B0A-4591-A29E-B8171FACE589_1_105_c.jpeg"
    ],
    "ultima_modificacion": "2025-08-01 01:01:03.980434"
  },
  "a8e5c3571ff246419ede403e63638b0f1105c.jpeg": {
    "app_sintetizada": "A8E5C3571FF246419EDE403E63638B0F1105C.JPEG",
    "cantidad_archivos": 1,
    "archivos_fuente": [
      "Pictures/Fototeca de Fotos.photoslibrary/resources/derivatives/A/A8E5C357-1FF2-4641-9EDE-403E63638B0F_1_105_c.jpeg"
    ],
    "ultima_modificacion": "2025-08-01 01:01:03.980732"
  },
  "a0e9a964ade54994aa51a86d3f69b3ea1105c.jpeg": {
    "app_sintetizada": "A0E9A964ADE54994AA51A86D3F69B3EA1105C.JPEG",
    "cantidad_archivos": 1,
    "archivos_fuente": [
      "Pictures/Fototeca de Fotos.photoslibrary/resources/derivatives/A/A0E9A964-ADE5-4994-AA51-A86D3F69B3EA_1_105_c.jpeg"
    ],
    "ultima_modificacion": "2025-08-01 01:01:03.981039"
  },
  "a1a8fe8e9d3d42cca1b78e2128e6f7281105c.jpeg": {
    "app_sintetizada": "A1A8FE8E9D3D42CCA1B78E2128E6F7281105C.JPEG",
    "cantidad_archivos": 1,
    "archivos_fuente": [
      "Pictures/Fototeca de Fotos.photoslibrary/resources/derivatives/A/A1A8FE8E-9D3D-42CC-A1B7-8E2128E6F728_1_105_c.jpeg"
    ],
    "ultima_modificacion": "2025-08-01 01:01:03.981279"
  },
  "afe8367ae6f641619e37a11d0996deb11105c.jpeg": {
    "app_sintetizada": "AFE8367AE6F641619E37A11D0996DEB11105C.JPEG",
    "cantidad_archivos": 1,
    "archivos_fuente": [
      "Pictures/Fototeca de Fotos.photoslibrary/resources/derivatives/A/AFE8367A-E6F6-4161-9E37-A11D0996DEB1_1_105_c.jpeg"
    ],
    "ultima_modificacion": "2025-08-01 01:01:03.981517"
  },
  "a9b9cc4b26ec48aaab9770283535a4621105c.jpeg": {
    "app_sintetizada": "A9B9CC4B26EC48AAAB9770283535A4621105C.JPEG",
    "cantidad_archivos": 1,
    "archivos_fuente": [
      "Pictures/Fototeca de Fotos.photoslibrary/resources/derivatives/A/A9B9CC4B-26EC-48AA-AB97-70283535A462_1_105_c.jpeg"
    ],
    "ultima_modificacion": "2025-08-01 01:01:03.981713"
  },
  "a417dd7536434c0e93fde28298cee6ca1105c.jpeg": {
    "app_sintetizada": "A417DD7536434C0E93FDE28298CEE6CA1105C.JPEG",
    "cantidad_archivos": 1,
    "archivos_fuente": [
      "Pictures/Fototeca de Fotos.photoslibrary/resources/derivatives/A/A417DD75-3643-4C0E-93FD-E28298CEE6CA_1_105_c.jpeg"
    ],
    "ultima_modificacion": "2025-08-01 01:01:03.981938"
  },
  "a5fb8300c7124621bb38c3cfa0050fe81105c.jpeg": {
    "app_sintetizada": "A5FB8300C7124621BB38C3CFA0050FE81105C.JPEG",
    "cantidad_archivos": 1,
    "archivos_fuente": [
      "Pictures/Fototeca de Fotos.photoslibrary/resources/derivatives/A/A5FB8300-C712-4621-BB38-C3CFA0050FE8_1_105_c.jpeg"
    ],
    "ultima_modificacion": "2025-08-01 01:01:03.982164"
  },
  "a9ee3940c69a4b76b33456cfe522410a.thm": {
    "app_sintetizada": "A9EE3940C69A4B76B33456CFE522410A.THM",
    "cantidad_archivos": 1,
    "archivos_fuente": [
      "Pictures/Fototeca de Fotos.photoslibrary/resources/derivatives/A/A9EE3940-C69A-4B76-B334-56CFE522410A.THM"
    ],
    "ultima_modificacion": "2025-08-01 01:01:03.982401"
  },
  "ae6f284b10894b82b8e6aadae4efe8371105c.jpeg": {
    "app_sintetizada": "AE6F284B10894B82B8E6AADAE4EFE8371105C.JPEG",
    "cantidad_archivos": 1,
    "archivos_fuente": [
      "Pictures/Fototeca de Fotos.photoslibrary/resources/derivatives/A/AE6F284B-1089-4B82-B8E6-AADAE4EFE837_1_105_c.jpeg"
    ],
    "ultima_modificacion": "2025-08-01 01:01:03.982634"
  },
  "a29dab40eaf44a4c9a404e183085930c1105c.jpeg": {
    "app_sintetizada": "A29DAB40EAF44A4C9A404E183085930C1105C.JPEG",
    "cantidad_archivos": 1,
    "archivos_fuente": [
      "Pictures/Fototeca de Fotos.photoslibrary/resources/derivatives/A/A29DAB40-EAF4-4A4C-9A40-4E183085930C_1_105_c.jpeg"
    ],
    "ultima_modificacion": "2025-08-01 01:01:03.982887"
  },
  "a5e6d6825fba4830b00b21772ac939621105c.jpeg": {
    "app_sintetizada": "A5E6D6825FBA4830B00B21772AC939621105C.JPEG",
    "cantidad_archivos": 1,
    "archivos_fuente": [
      "Pictures/Fototeca de Fotos.photoslibrary/resources/derivatives/A/A5E6D682-5FBA-4830-B00B-21772AC93962_1_105_c.jpeg"
    ],
    "ultima_modificacion": "2025-08-01 01:01:03.983211"
  },
  "a1425bd0b5e24f38bc3c1414043e9d651105c.jpeg": {
    "app_sintetizada": "A1425BD0B5E24F38BC3C1414043E9D651105C.JPEG",
    "cantidad_archivos": 1,
    "archivos_fuente": [
      "Pictures/Fototeca de Fotos.photoslibrary/resources/derivatives/A/A1425BD0-B5E2-4F38-BC3C-1414043E9D65_1_105_c.jpeg"
    ],
    "ultima_modificacion": "2025-08-01 01:01:03.983441"
  },
  "aac44d4d83904336a31409bf6b5ae3001105c.jpeg": {
    "app_sintetizada": "AAC44D4D83904336A31409BF6B5AE3001105C.JPEG",
    "cantidad_archivos": 1,
    "archivos_fuente": [
      "Pictures/Fototeca de Fotos.photoslibrary/resources/derivatives/A/AAC44D4D-8390-4336-A314-09BF6B5AE300_1_105_c.jpeg"
    ],
    "ultima_modificacion": "2025-08-01 01:01:03.983637"
  },
  "adbf8cbfd602420b9cf2673fef32ec0a1105c.jpeg": {
    "app_sintetizada": "ADBF8CBFD602420B9CF2673FEF32EC0A1105C.JPEG",
    "cantidad_archivos": 1,
    "archivos_fuente": [
      "Pictures/Fototeca de Fotos.photoslibrary/resources/derivatives/A/ADBF8CBF-D602-420B-9CF2-673FEF32EC0A_1_105_c.jpeg"
    ],
    "ultima_modificacion": "2025-08-01 01:01:03.983826"
  },
  "a4776c3aec5040929ff64ff993ce44891105c.jpeg": {
    "app_sintetizada": "A4776C3AEC5040929FF64FF993CE44891105C.JPEG",
    "cantidad_archivos": 1,
    "archivos_fuente": [
      "Pictures/Fototeca de Fotos.photoslibrary/resources/derivatives/A/A4776C3A-EC50-4092-9FF6-4FF993CE4489_1_105_c.jpeg"
    ],
    "ultima_modificacion": "2025-08-01 01:01:03.984054"
  },
  "ad8dc7ea9dd94514af492662fa7826131105c.jpeg": {
    "app_sintetizada": "AD8DC7EA9DD94514AF492662FA7826131105C.JPEG",
    "cantidad_archivos": 1,
    "archivos_fuente": [
      "Pictures/Fototeca de Fotos.photoslibrary/resources/derivatives/A/AD8DC7EA-9DD9-4514-AF49-2662FA782613_1_105_c.jpeg"
    ],
    "ultima_modificacion": "2025-08-01 01:01:03.984304"
  },
  "ad8a13ae0e8f4dc189de03cc6f2ce9a21105c.jpeg": {
    "app_sintetizada": "AD8A13AE0E8F4DC189DE03CC6F2CE9A21105C.JPEG",
    "cantidad_archivos": 1,
    "archivos_fuente": [
      "Pictures/Fototeca de Fotos.photoslibrary/resources/derivatives/A/AD8A13AE-0E8F-4DC1-89DE-03CC6F2CE9A2_1_105_c.jpeg"
    ],
    "ultima_modificacion": "2025-08-01 01:01:03.984574"
  },
  "a28850769db84345b3aab177aeabd9121105c.jpeg": {
    "app_sintetizada": "A28850769DB84345B3AAB177AEABD9121105C.JPEG",
    "cantidad_archivos": 1,
    "archivos_fuente": [
      "Pictures/Fototeca de Fotos.photoslibrary/resources/derivatives/A/A2885076-9DB8-4345-B3AA-B177AEABD912_1_105_c.jpeg"
    ],
    "ultima_modificacion": "2025-08-01 01:01:03.984797"
  },
  "ad5d9b3338e342c0bbef17386d91d9621105c.jpeg": {
    "app_sintetizada": "AD5D9B3338E342C0BBEF17386D91D9621105C.JPEG",
    "cantidad_archivos": 1,
    "archivos_fuente": [
      "Pictures/Fototeca de Fotos.photoslibrary/resources/derivatives/A/AD5D9B33-38E3-42C0-BBEF-17386D91D962_1_105_c.jpeg"
    ],
    "ultima_modificacion": "2025-08-01 01:01:03.985003"
  },
  "a77f929ab6ff42ff857af05fd9c2ac451105c.jpeg": {
    "app_sintetizada": "A77F929AB6FF42FF857AF05FD9C2AC451105C.JPEG",
    "cantidad_archivos": 1,
    "archivos_fuente": [
      "Pictures/Fototeca de Fotos.photoslibrary/resources/derivatives/A/A77F929A-B6FF-42FF-857A-F05FD9C2AC45_1_105_c.jpeg"
    ],
    "ultima_modificacion": "2025-08-01 01:01:03.985298"
  },
  "ae86db1fcb8b43338fa6e397cd76c3e61105c.jpeg": {
    "app_sintetizada": "AE86DB1FCB8B43338FA6E397CD76C3E61105C.JPEG",
    "cantidad_archivos": 1,
    "archivos_fuente": [
      "Pictures/Fototeca de Fotos.photoslibrary/resources/derivatives/A/AE86DB1F-CB8B-4333-8FA6-E397CD76C3E6_1_105_c.jpeg"
    ],
    "ultima_modificacion": "2025-08-01 01:01:03.985594"
  },
  "a9514d5f190a4c5ebae4a1525f31d8121105c.jpeg": {
    "app_sintetizada": "A9514D5F190A4C5EBAE4A1525F31D8121105C.JPEG",
    "cantidad_archivos": 1,
    "archivos_fuente": [
      "Pictures/Fototeca de Fotos.photoslibrary/resources/derivatives/A/A9514D5F-190A-4C5E-BAE4-A1525F31D812_1_105_c.jpeg"
    ],
    "ultima_modificacion": "2025-08-01 01:01:03.985896"
  },
  "a33253e5ebbf43ca91cbbee80c9b26981105c.jpeg": {
    "app_sintetizada": "A33253E5EBBF43CA91CBBEE80C9B26981105C.JPEG",
    "cantidad_archivos": 1,
    "archivos_fuente": [
      "Pictures/Fototeca de Fotos.photoslibrary/resources/derivatives/A/A33253E5-EBBF-43CA-91CB-BEE80C9B2698_1_105_c.jpeg"
    ],
    "ultima_modificacion": "2025-08-01 01:01:03.986195"
  },
  "a06ab8d38c684996bea7f6f3f7e5bd051105c.jpeg": {
    "app_sintetizada": "A06AB8D38C684996BEA7F6F3F7E5BD051105C.JPEG",
    "cantidad_archivos": 1,
    "archivos_fuente": [
      "Pictures/Fototeca de Fotos.photoslibrary/resources/derivatives/A/A06AB8D3-8C68-4996-BEA7-F6F3F7E5BD05_1_105_c.jpeg"
    ],
    "ultima_modificacion": "2025-08-01 01:01:03.986474"
  },
  "a244102100894e388f02ff33dfaae353.thm": {
    "app_sintetizada": "A244102100894E388F02FF33DFAAE353.THM",
    "cantidad_archivos": 1,
    "archivos_fuente": [
      "Pictures/Fototeca de Fotos.photoslibrary/resources/derivatives/A/A2441021-0089-4E38-8F02-FF33DFAAE353.THM"
    ],
    "ultima_modificacion": "2025-08-01 01:01:03.986745"
  },
  "ad88544a1e474184a0be0519e3a0d9b01105c.jpeg": {
    "app_sintetizada": "AD88544A1E474184A0BE0519E3A0D9B01105C.JPEG",
    "cantidad_archivos": 1,
    "archivos_fuente": [
      "Pictures/Fototeca de Fotos.photoslibrary/resources/derivatives/A/AD88544A-1E47-4184-A0BE-0519E3A0D9B0_1_105_c.jpeg"
    ],
    "ultima_modificacion": "2025-08-01 01:01:03.987038"
  },
  "a36026e36ff1449ea7023c80cec62dc61105c.jpeg": {
    "app_sintetizada": "A36026E36FF1449EA7023C80CEC62DC61105C.JPEG",
    "cantidad_archivos": 1,
    "archivos_fuente": [
      "Pictures/Fototeca de Fotos.photoslibrary/resources/derivatives/A/A36026E3-6FF1-449E-A702-3C80CEC62DC6_1_105_c.jpeg"
    ],
    "ultima_modificacion": "2025-08-01 01:01:03.987323"
  },
  "a107cc0380a44ad9a351955e731ee74f1105c.jpeg": {
    "app_sintetizada": "A107CC0380A44AD9A351955E731EE74F1105C.JPEG",
    "cantidad_archivos": 1,
    "archivos_fuente": [
      "Pictures/Fototeca de Fotos.photoslibrary/resources/derivatives/A/A107CC03-80A4-4AD9-A351-955E731EE74F_1_105_c.jpeg"
    ],
    "ultima_modificacion": "2025-08-01 01:01:03.987657"
  },
  "a310b8b21de64f4f890c020c617499101105c.jpeg": {
    "app_sintetizada": "A310B8B21DE64F4F890C020C617499101105C.JPEG",
    "cantidad_archivos": 1,
    "archivos_fuente": [
      "Pictures/Fototeca de Fotos.photoslibrary/resources/derivatives/A/A310B8B2-1DE6-4F4F-890C-020C61749910_1_105_c.jpeg"
    ],
    "ultima_modificacion": "2025-08-01 01:01:03.988000"
  },
  "ae57f52d7a71444c892e43b6eb9acd8e1105c.jpeg": {
    "app_sintetizada": "AE57F52D7A71444C892E43B6EB9ACD8E1105C.JPEG",
    "cantidad_archivos": 1,
    "archivos_fuente": [
      "Pictures/Fototeca de Fotos.photoslibrary/resources/derivatives/A/AE57F52D-7A71-444C-892E-43B6EB9ACD8E_1_105_c.jpeg"
    ],
    "ultima_modificacion": "2025-08-01 01:01:03.988302"
  },
  "aab6f72fbbec485bb64508566023e7c11105c.jpeg": {
    "app_sintetizada": "AAB6F72FBBEC485BB64508566023E7C11105C.JPEG",
    "cantidad_archivos": 1,
    "archivos_fuente": [
      "Pictures/Fototeca de Fotos.photoslibrary/resources/derivatives/A/AAB6F72F-BBEC-485B-B645-08566023E7C1_1_105_c.jpeg"
    ],
    "ultima_modificacion": "2025-08-01 01:01:03.988624"
  },
  "a4c0c9ac1e5c4459b6295334d1079f841105c.jpeg": {
    "app_sintetizada": "A4C0C9AC1E5C4459B6295334D1079F841105C.JPEG",
    "cantidad_archivos": 1,
    "archivos_fuente": [
      "Pictures/Fototeca de Fotos.photoslibrary/resources/derivatives/A/A4C0C9AC-1E5C-4459-B629-5334D1079F84_1_105_c.jpeg"
    ],
    "ultima_modificacion": "2025-08-01 01:01:03.988937"
  },
  "aa169ef8a4aa4e699405f743ffc160921105c.jpeg": {
    "app_sintetizada": "AA169EF8A4AA4E699405F743FFC160921105C.JPEG",
    "cantidad_archivos": 1,
    "archivos_fuente": [
      "Pictures/Fototeca de Fotos.photoslibrary/resources/derivatives/A/AA169EF8-A4AA-4E69-9405-F743FFC16092_1_105_c.jpeg"
    ],
    "ultima_modificacion": "2025-08-01 01:01:03.989250"
  },
  "a097827dc146402c9d3eda353beb0a7c1105c.jpeg": {
    "app_sintetizada": "A097827DC146402C9D3EDA353BEB0A7C1105C.JPEG",
    "cantidad_archivos": 1,
    "archivos_fuente": [
      "Pictures/Fototeca de Fotos.photoslibrary/resources/derivatives/A/A097827D-C146-402C-9D3E-DA353BEB0A7C_1_105_c.jpeg"
    ],
    "ultima_modificacion": "2025-08-01 01:01:03.989566"
  },
  "a43fdb50c193485cac4f80c5d3c3375c1105c.jpeg": {
    "app_sintetizada": "A43FDB50C193485CAC4F80C5D3C3375C1105C.JPEG",
    "cantidad_archivos": 1,
    "archivos_fuente": [
      "Pictures/Fototeca de Fotos.photoslibrary/resources/derivatives/A/A43FDB50-C193-485C-AC4F-80C5D3C3375C_1_105_c.jpeg"
    ],
    "ultima_modificacion": "2025-08-01 01:01:03.989887"
  },
  "a37986c92e444a15965a4e4ff2cfb0151105c.jpeg": {
    "app_sintetizada": "A37986C92E444A15965A4E4FF2CFB0151105C.JPEG",
    "cantidad_archivos": 1,
    "archivos_fuente": [
      "Pictures/Fototeca de Fotos.photoslibrary/resources/derivatives/A/A37986C9-2E44-4A15-965A-4E4FF2CFB015_1_105_c.jpeg"
    ],
    "ultima_modificacion": "2025-08-01 01:01:03.990201"
  },
  "a5e86a1e8b904da4b8b4310efd70d96f1105c.jpeg": {
    "app_sintetizada": "A5E86A1E8B904DA4B8B4310EFD70D96F1105C.JPEG",
    "cantidad_archivos": 1,
    "archivos_fuente": [
      "Pictures/Fototeca de Fotos.photoslibrary/resources/derivatives/A/A5E86A1E-8B90-4DA4-B8B4-310EFD70D96F_1_105_c.jpeg"
    ],
    "ultima_modificacion": "2025-08-01 01:01:03.990523"
  },
  "a31e4aaa89d745af93cb6e96ee2112b61105c.jpeg": {
    "app_sintetizada": "A31E4AAA89D745AF93CB6E96EE2112B61105C.JPEG",
    "cantidad_archivos": 1,
    "archivos_fuente": [
      "Pictures/Fototeca de Fotos.photoslibrary/resources/derivatives/A/A31E4AAA-89D7-45AF-93CB-6E96EE2112B6_1_105_c.jpeg"
    ],
    "ultima_modificacion": "2025-08-01 01:01:03.990853"
  },
  "aeb75272d03042619a424616d814fe4a.thm": {
    "app_sintetizada": "AEB75272D03042619A424616D814FE4A.THM",
    "cantidad_archivos": 1,
    "archivos_fuente": [
      "Pictures/Fototeca de Fotos.photoslibrary/resources/derivatives/A/AEB75272-D030-4261-9A42-4616D814FE4A.THM"
    ],
    "ultima_modificacion": "2025-08-01 01:01:03.991181"
  },
  "ad419a835a604751936380693ee611f51105c.jpeg": {
    "app_sintetizada": "AD419A835A604751936380693EE611F51105C.JPEG",
    "cantidad_archivos": 1,
    "archivos_fuente": [
      "Pictures/Fototeca de Fotos.photoslibrary/resources/derivatives/A/AD419A83-5A60-4751-9363-80693EE611F5_1_105_c.jpeg"
    ],
    "ultima_modificacion": "2025-08-01 01:01:03.991495"
  },
  "acd6ba590107479a8fb93f94a81481991105c.jpeg": {
    "app_sintetizada": "ACD6BA590107479A8FB93F94A81481991105C.JPEG",
    "cantidad_archivos": 1,
    "archivos_fuente": [
      "Pictures/Fototeca de Fotos.photoslibrary/resources/derivatives/A/ACD6BA59-0107-479A-8FB9-3F94A8148199_1_105_c.jpeg"
    ],
    "ultima_modificacion": "2025-08-01 01:01:03.991808"
  },
  "a685c5e603c24293a9dadd25a331ce331105c.jpeg": {
    "app_sintetizada": "A685C5E603C24293A9DADD25A331CE331105C.JPEG",
    "cantidad_archivos": 1,
    "archivos_fuente": [
      "Pictures/Fototeca de Fotos.photoslibrary/resources/derivatives/A/A685C5E6-03C2-4293-A9DA-DD25A331CE33_1_105_c.jpeg"
    ],
    "ultima_modificacion": "2025-08-01 01:01:03.992145"
  },
  "a31d70cacd2a460bb4ab526f959866de1105c.jpeg": {
    "app_sintetizada": "A31D70CACD2A460BB4AB526F959866DE1105C.JPEG",
    "cantidad_archivos": 1,
    "archivos_fuente": [
      "Pictures/Fototeca de Fotos.photoslibrary/resources/derivatives/A/A31D70CA-CD2A-460B-B4AB-526F959866DE_1_105_c.jpeg"
    ],
    "ultima_modificacion": "2025-08-01 01:01:03.992480"
  },
  "aee1ba8e5e3243db911563d3aa1ff146.thm": {
    "app_sintetizada": "AEE1BA8E5E3243DB911563D3AA1FF146.THM",
    "cantidad_archivos": 1,
    "archivos_fuente": [
      "Pictures/Fototeca de Fotos.photoslibrary/resources/derivatives/A/AEE1BA8E-5E32-43DB-9115-63D3AA1FF146.THM"
    ],
    "ultima_modificacion": "2025-08-01 01:01:03.992826"
  },
  "a36abf80562e49a8a419edbb91e360531105c.jpeg": {
    "app_sintetizada": "A36ABF80562E49A8A419EDBB91E360531105C.JPEG",
    "cantidad_archivos": 1,
    "archivos_fuente": [
      "Pictures/Fototeca de Fotos.photoslibrary/resources/derivatives/A/A36ABF80-562E-49A8-A419-EDBB91E36053_1_105_c.jpeg"
    ],
    "ultima_modificacion": "2025-08-01 01:01:03.993158"
  },
  "add6f71cafdc4cfa97f1810ac08f09b81105c.jpeg": {
    "app_sintetizada": "ADD6F71CAFDC4CFA97F1810AC08F09B81105C.JPEG",
    "cantidad_archivos": 1,
    "archivos_fuente": [
      "Pictures/Fototeca de Fotos.photoslibrary/resources/derivatives/A/ADD6F71C-AFDC-4CFA-97F1-810AC08F09B8_1_105_c.jpeg"
    ],
    "ultima_modificacion": "2025-08-01 01:01:03.993501"
  },
  "a547d0266276496186e601599aceb52e1105c.jpeg": {
    "app_sintetizada": "A547D0266276496186E601599ACEB52E1105C.JPEG",
    "cantidad_archivos": 1,
    "archivos_fuente": [
      "Pictures/Fototeca de Fotos.photoslibrary/resources/derivatives/A/A547D026-6276-4961-86E6-01599ACEB52E_1_105_c.jpeg"
    ],
    "ultima_modificacion": "2025-08-01 01:01:03.993816"
  },
  "a488569770004df181aeedcf64901b701105c.jpeg": {
    "app_sintetizada": "A488569770004DF181AEEDCF64901B701105C.JPEG",
    "cantidad_archivos": 1,
    "archivos_fuente": [
      "Pictures/Fototeca de Fotos.photoslibrary/resources/derivatives/A/A4885697-7000-4DF1-81AE-EDCF64901B70_1_105_c.jpeg"
    ],
    "ultima_modificacion": "2025-08-01 01:01:03.994142"
  },
  "a1fc2ec75f3f46eead7d4d89a51149411105c.jpeg": {
    "app_sintetizada": "A1FC2EC75F3F46EEAD7D4D89A51149411105C.JPEG",
    "cantidad_archivos": 1,
    "archivos_fuente": [
      "Pictures/Fototeca de Fotos.photoslibrary/resources/derivatives/A/A1FC2EC7-5F3F-46EE-AD7D-4D89A5114941_1_105_c.jpeg"
    ],
    "ultima_modificacion": "2025-08-01 01:01:03.994458"
  }
}