{
  "98c83d8d745248d386771fecff66ef8f45005c.jpeg": {
    "app_sintetizada": "98C83D8D745248D386771FECFF66EF8F45005C.JPEG",
    "cantidad_archivos": 1,
    "archivos_fuente": [
      "Pictures/Fototeca de Fotos.photoslibrary/resources/derivatives/masters/9/98C83D8D-7452-48D3-8677-1FECFF66EF8F_4_5005_c.jpeg"
    ],
    "ultima_modificacion": "2025-08-01 01:01:06.431881"
  },
  "9566d7a526064bf0b2bfea41cffb075e45005c.jpeg": {
    "app_sintetizada": "9566D7A526064BF0B2BFEA41CFFB075E45005C.JPEG",
    "cantidad_archivos": 1,
    "archivos_fuente": [
      "Pictures/Fototeca de Fotos.photoslibrary/resources/derivatives/masters/9/9566D7A5-2606-4BF0-B2BF-EA41CFFB075E_4_5005_c.jpeg"
    ],
    "ultima_modificacion": "2025-08-01 01:01:06.432518"
  },
  "90eb17190ead434295b204f0b1e8d88d45005c.jpeg": {
    "app_sintetizada": "90EB17190EAD434295B204F0B1E8D88D45005C.JPEG",
    "cantidad_archivos": 1,
    "archivos_fuente": [
      "Pictures/Fototeca de Fotos.photoslibrary/resources/derivatives/masters/9/90EB1719-0EAD-4342-95B2-04F0B1E8D88D_4_5005_c.jpeg"
    ],
    "ultima_modificacion": "2025-08-01 01:01:06.432963"
  },
  "9e4f8a1a90264704b83ee18a8ec18a5d45005c.jpeg": {
    "app_sintetizada": "9E4F8A1A90264704B83EE18A8EC18A5D45005C.JPEG",
    "cantidad_archivos": 1,
    "archivos_fuente": [
      "Pictures/Fototeca de Fotos.photoslibrary/resources/derivatives/masters/9/9E4F8A1A-9026-4704-B83E-E18A8EC18A5D_4_5005_c.jpeg"
    ],
    "ultima_modificacion": "2025-08-01 01:01:06.433349"
  },
  "900a9c0a968a46fc919d6e33a77c557645005c.jpeg": {
    "app_sintetizada": "900A9C0A968A46FC919D6E33A77C557645005C.JPEG",
    "cantidad_archivos": 1,
    "archivos_fuente": [
      "Pictures/Fototeca de Fotos.photoslibrary/resources/derivatives/masters/9/900A9C0A-968A-46FC-919D-6E33A77C5576_4_5005_c.jpeg"
    ],
    "ultima_modificacion": "2025-08-01 01:01:06.433766"
  },
  "9ea77097e7ca4e0c8ed3a8327f9298d445005c.jpeg": {
    "app_sintetizada": "9EA77097E7CA4E0C8ED3A8327F9298D445005C.JPEG",
    "cantidad_archivos": 1,
    "archivos_fuente": [
      "Pictures/Fototeca de Fotos.photoslibrary/resources/derivatives/masters/9/9EA77097-E7CA-4E0C-8ED3-A8327F9298D4_4_5005_c.jpeg"
    ],
    "ultima_modificacion": "2025-08-01 01:01:06.434180"
  },
  "94225b1854c34342a6033a355b0d5e2a45005c.jpeg": {
    "app_sintetizada": "94225B1854C34342A6033A355B0D5E2A45005C.JPEG",
    "cantidad_archivos": 1,
    "archivos_fuente": [
      "Pictures/Fototeca de Fotos.photoslibrary/resources/derivatives/masters/9/94225B18-54C3-4342-A603-3A355B0D5E2A_4_5005_c.jpeg"
    ],
    "ultima_modificacion": "2025-08-01 01:01:06.434551"
  },
  "97207de2d63342d29412153a3aebacf045005c.jpeg": {
    "app_sintetizada": "97207DE2D63342D29412153A3AEBACF045005C.JPEG",
    "cantidad_archivos": 1,
    "archivos_fuente": [
      "Pictures/Fototeca de Fotos.photoslibrary/resources/derivatives/masters/9/97207DE2-D633-42D2-9412-153A3AEBACF0_4_5005_c.jpeg"
    ],
    "ultima_modificacion": "2025-08-01 01:01:06.435150"
  },
  "949c1176fac947bea1b48182c98c379c45005c.jpeg": {
    "app_sintetizada": "949C1176FAC947BEA1B48182C98C379C45005C.JPEG",
    "cantidad_archivos": 1,
    "archivos_fuente": [
      "Pictures/Fototeca de Fotos.photoslibrary/resources/derivatives/masters/9/949C1176-FAC9-47BE-A1B4-8182C98C379C_4_5005_c.jpeg"
    ],
    "ultima_modificacion": "2025-08-01 01:01:06.435517"
  },
  "9d61bda5278b4724a08bc3e036f6ce5745005c.jpeg": {
    "app_sintetizada": "9D61BDA5278B4724A08BC3E036F6CE5745005C.JPEG",
    "cantidad_archivos": 1,
    "archivos_fuente": [
      "Pictures/Fototeca de Fotos.photoslibrary/resources/derivatives/masters/9/9D61BDA5-278B-4724-A08B-C3E036F6CE57_4_5005_c.jpeg"
    ],
    "ultima_modificacion": "2025-08-01 01:01:06.435816"
  },
  "9d80632473014b55a0a9aaea7173cde045005c.jpeg": {
    "app_sintetizada": "9D80632473014B55A0A9AAEA7173CDE045005C.JPEG",
    "cantidad_archivos": 1,
    "archivos_fuente": [
      "Pictures/Fototeca de Fotos.photoslibrary/resources/derivatives/masters/9/9D806324-7301-4B55-A0A9-AAEA7173CDE0_4_5005_c.jpeg"
    ],
    "ultima_modificacion": "2025-08-01 01:01:06.436198"
  },
  "94428abaca3e4f4f84f85021502bf20945005c.jpeg": {
    "app_sintetizada": "94428ABACA3E4F4F84F85021502BF20945005C.JPEG",
    "cantidad_archivos": 1,
    "archivos_fuente": [
      "Pictures/Fototeca de Fotos.photoslibrary/resources/derivatives/masters/9/94428ABA-CA3E-4F4F-84F8-5021502BF209_4_5005_c.jpeg"
    ],
    "ultima_modificacion": "2025-08-01 01:01:06.436553"
  },
  "9f8f38b6d1bb4954ab2cbc119a594fd045005c.jpeg": {
    "app_sintetizada": "9F8F38B6D1BB4954AB2CBC119A594FD045005C.JPEG",
    "cantidad_archivos": 1,
    "archivos_fuente": [
      "Pictures/Fototeca de Fotos.photoslibrary/resources/derivatives/masters/9/9F8F38B6-D1BB-4954-AB2C-BC119A594FD0_4_5005_c.jpeg"
    ],
    "ultima_modificacion": "2025-08-01 01:01:06.436910"
  },
  "96816c22cf5f4164b57c47b89401e9b145005c.jpeg": {
    "app_sintetizada": "96816C22CF5F4164B57C47B89401E9B145005C.JPEG",
    "cantidad_archivos": 1,
    "archivos_fuente": [
      "Pictures/Fototeca de Fotos.photoslibrary/resources/derivatives/masters/9/96816C22-CF5F-4164-B57C-47B89401E9B1_4_5005_c.jpeg"
    ],
    "ultima_modificacion": "2025-08-01 01:01:06.437253"
  },
  "935b47f54bb44c42979034719ec4f67e45005c.jpeg": {
    "app_sintetizada": "935B47F54BB44C42979034719EC4F67E45005C.JPEG",
    "cantidad_archivos": 1,
    "archivos_fuente": [
      "Pictures/Fototeca de Fotos.photoslibrary/resources/derivatives/masters/9/935B47F5-4BB4-4C42-9790-34719EC4F67E_4_5005_c.jpeg"
    ],
    "ultima_modificacion": "2025-08-01 01:01:06.437593"
  },
  "970527e5204e4f11a3a4705bc399c69545005c.jpeg": {
    "app_sintetizada": "970527E5204E4F11A3A4705BC399C69545005C.JPEG",
    "cantidad_archivos": 1,
    "archivos_fuente": [
      "Pictures/Fototeca de Fotos.photoslibrary/resources/derivatives/masters/9/970527E5-204E-4F11-A3A4-705BC399C695_4_5005_c.jpeg"
    ],
    "ultima_modificacion": "2025-08-01 01:01:06.437964"
  },
  "91439774909f4364b1dc05e43a4f75ad45005c.jpeg": {
    "app_sintetizada": "91439774909F4364B1DC05E43A4F75AD45005C.JPEG",
    "cantidad_archivos": 1,
    "archivos_fuente": [
      "Pictures/Fototeca de Fotos.photoslibrary/resources/derivatives/masters/9/91439774-909F-4364-B1DC-05E43A4F75AD_4_5005_c.jpeg"
    ],
    "ultima_modificacion": "2025-08-01 01:01:06.438314"
  },
  "9947ce0f71224619bc7be2a745b2572645005c.jpeg": {
    "app_sintetizada": "9947CE0F71224619BC7BE2A745B2572645005C.JPEG",
    "cantidad_archivos": 1,
    "archivos_fuente": [
      "Pictures/Fototeca de Fotos.photoslibrary/resources/derivatives/masters/9/9947CE0F-7122-4619-BC7B-E2A745B25726_4_5005_c.jpeg"
    ],
    "ultima_modificacion": "2025-08-01 01:01:06.438667"
  },
  "9c7eab0d48cb4926849768bf25c8046445005c.jpeg": {
    "app_sintetizada": "9C7EAB0D48CB4926849768BF25C8046445005C.JPEG",
    "cantidad_archivos": 1,
    "archivos_fuente": [
      "Pictures/Fototeca de Fotos.photoslibrary/resources/derivatives/masters/9/9C7EAB0D-48CB-4926-8497-68BF25C80464_4_5005_c.jpeg"
    ],
    "ultima_modificacion": "2025-08-01 01:01:06.439080"
  },
  "9bd64b208102425cae5ac073a9b8c0eb45005c.jpeg": {
    "app_sintetizada": "9BD64B208102425CAE5AC073A9B8C0EB45005C.JPEG",
    "cantidad_archivos": 1,
    "archivos_fuente": [
      "Pictures/Fototeca de Fotos.photoslibrary/resources/derivatives/masters/9/9BD64B20-8102-425C-AE5A-C073A9B8C0EB_4_5005_c.jpeg"
    ],
    "ultima_modificacion": "2025-08-01 01:01:06.439539"
  },
  "91ba9d3a580547728ef9e876a839f8ee45005c.jpeg": {
    "app_sintetizada": "91BA9D3A580547728EF9E876A839F8EE45005C.JPEG",
    "cantidad_archivos": 1,
    "archivos_fuente": [
      "Pictures/Fototeca de Fotos.photoslibrary/resources/derivatives/masters/9/91BA9D3A-5805-4772-8EF9-E876A839F8EE_4_5005_c.jpeg"
    ],
    "ultima_modificacion": "2025-08-01 01:01:06.439952"
  },
  "91f17ef99eb34d5981ba14c21c4a4f9145005c.jpeg": {
    "app_sintetizada": "91F17EF99EB34D5981BA14C21C4A4F9145005C.JPEG",
    "cantidad_archivos": 1,
    "archivos_fuente": [
      "Pictures/Fototeca de Fotos.photoslibrary/resources/derivatives/masters/9/91F17EF9-9EB3-4D59-81BA-14C21C4A4F91_4_5005_c.jpeg"
    ],
    "ultima_modificacion": "2025-08-01 01:01:06.440293"
  },
  "97afa0419d0048068a91063df2a7e46145005c.jpeg": {
    "app_sintetizada": "97AFA0419D0048068A91063DF2A7E46145005C.JPEG",
    "cantidad_archivos": 1,
    "archivos_fuente": [
      "Pictures/Fototeca de Fotos.photoslibrary/resources/derivatives/masters/9/97AFA041-9D00-4806-8A91-063DF2A7E461_4_5005_c.jpeg"
    ],
    "ultima_modificacion": "2025-08-01 01:01:06.440594"
  },
  "99861ba456ad49b49207cfa76c4a13e345005c.jpeg": {
    "app_sintetizada": "99861BA456AD49B49207CFA76C4A13E345005C.JPEG",
    "cantidad_archivos": 1,
    "archivos_fuente": [
      "Pictures/Fototeca de Fotos.photoslibrary/resources/derivatives/masters/9/99861BA4-56AD-49B4-9207-CFA76C4A13E3_4_5005_c.jpeg"
    ],
    "ultima_modificacion": "2025-08-01 01:01:06.440882"
  },
  "92438b4ed212495eaf9fd70f56f9c4a645005c.jpeg": {
    "app_sintetizada": "92438B4ED212495EAF9FD70F56F9C4A645005C.JPEG",
    "cantidad_archivos": 1,
    "archivos_fuente": [
      "Pictures/Fototeca de Fotos.photoslibrary/resources/derivatives/masters/9/92438B4E-D212-495E-AF9F-D70F56F9C4A6_4_5005_c.jpeg"
    ],
    "ultima_modificacion": "2025-08-01 01:01:06.441190"
  },
  "9690025270fc4f5fad2a5b002edb836145005c.jpeg": {
    "app_sintetizada": "9690025270FC4F5FAD2A5B002EDB836145005C.JPEG",
    "cantidad_archivos": 1,
    "archivos_fuente": [
      "Pictures/Fototeca de Fotos.photoslibrary/resources/derivatives/masters/9/96900252-70FC-4F5F-AD2A-5B002EDB8361_4_5005_c.jpeg"
    ],
    "ultima_modificacion": "2025-08-01 01:01:06.441501"
  },
  "9c8e68c5df8d427eae09323ef0f6693c45005c.jpeg": {
    "app_sintetizada": "9C8E68C5DF8D427EAE09323EF0F6693C45005C.JPEG",
    "cantidad_archivos": 1,
    "archivos_fuente": [
      "Pictures/Fototeca de Fotos.photoslibrary/resources/derivatives/masters/9/9C8E68C5-DF8D-427E-AE09-323EF0F6693C_4_5005_c.jpeg"
    ],
    "ultima_modificacion": "2025-08-01 01:01:06.441803"
  },
  "930c9dfa99f442a79473058ddf27de8e45005c.jpeg": {
    "app_sintetizada": "930C9DFA99F442A79473058DDF27DE8E45005C.JPEG",
    "cantidad_archivos": 1,
    "archivos_fuente": [
      "Pictures/Fototeca de Fotos.photoslibrary/resources/derivatives/masters/9/930C9DFA-99F4-42A7-9473-058DDF27DE8E_4_5005_c.jpeg"
    ],
    "ultima_modificacion": "2025-08-01 01:01:06.442225"
  },
  "9e6fe7042a9e4c08a39313d02fb5ddc745005c.jpeg": {
    "app_sintetizada": "9E6FE7042A9E4C08A39313D02FB5DDC745005C.JPEG",
    "cantidad_archivos": 1,
    "archivos_fuente": [
      "Pictures/Fototeca de Fotos.photoslibrary/resources/derivatives/masters/9/9E6FE704-2A9E-4C08-A393-13D02FB5DDC7_4_5005_c.jpeg"
    ],
    "ultima_modificacion": "2025-08-01 01:01:06.442568"
  },
  "92f6d7682cc24ecda5f1c1e5c75db7ed45005c.jpeg": {
    "app_sintetizada": "92F6D7682CC24ECDA5F1C1E5C75DB7ED45005C.JPEG",
    "cantidad_archivos": 1,
    "archivos_fuente": [
      "Pictures/Fototeca de Fotos.photoslibrary/resources/derivatives/masters/9/92F6D768-2CC2-4ECD-A5F1-C1E5C75DB7ED_4_5005_c.jpeg"
    ],
    "ultima_modificacion": "2025-08-01 01:01:06.442935"
  },
  "99a0c98d71c6423a98f92d42d10ed9b445005c.jpeg": {
    "app_sintetizada": "99A0C98D71C6423A98F92D42D10ED9B445005C.JPEG",
    "cantidad_archivos": 1,
    "archivos_fuente": [
      "Pictures/Fototeca de Fotos.photoslibrary/resources/derivatives/masters/9/99A0C98D-71C6-423A-98F9-2D42D10ED9B4_4_5005_c.jpeg"
    ],
    "ultima_modificacion": "2025-08-01 01:01:06.443811"
  },
  "91f128ee4d9d4a02b3ca0ac1bda16c0f45005c.jpeg": {
    "app_sintetizada": "91F128EE4D9D4A02B3CA0AC1BDA16C0F45005C.JPEG",
    "cantidad_archivos": 1,
    "archivos_fuente": [
      "Pictures/Fototeca de Fotos.photoslibrary/resources/derivatives/masters/9/91F128EE-4D9D-4A02-B3CA-0AC1BDA16C0F_4_5005_c.jpeg"
    ],
    "ultima_modificacion": "2025-08-01 01:01:06.444263"
  },
  "9225aaf7441347c489bfb2f94e62c5ad45005c.jpeg": {
    "app_sintetizada": "9225AAF7441347C489BFB2F94E62C5AD45005C.JPEG",
    "cantidad_archivos": 1,
    "archivos_fuente": [
      "Pictures/Fototeca de Fotos.photoslibrary/resources/derivatives/masters/9/9225AAF7-4413-47C4-89BF-B2F94E62C5AD_4_5005_c.jpeg"
    ],
    "ultima_modificacion": "2025-08-01 01:01:06.444688"
  },
  "95d078bdd5494989bdb40a4b5133764145005c.jpeg": {
    "app_sintetizada": "95D078BDD5494989BDB40A4B5133764145005C.JPEG",
    "cantidad_archivos": 1,
    "archivos_fuente": [
      "Pictures/Fototeca de Fotos.photoslibrary/resources/derivatives/masters/9/95D078BD-D549-4989-BDB4-0A4B51337641_4_5005_c.jpeg"
    ],
    "ultima_modificacion": "2025-08-01 01:01:06.445314"
  },
  "9f5912cc6182499b9f396b81024713ea45005c.jpeg": {
    "app_sintetizada": "9F5912CC6182499B9F396B81024713EA45005C.JPEG",
    "cantidad_archivos": 1,
    "archivos_fuente": [
      "Pictures/Fototeca de Fotos.photoslibrary/resources/derivatives/masters/9/9F5912CC-6182-499B-9F39-6B81024713EA_4_5005_c.jpeg"
    ],
    "ultima_modificacion": "2025-08-01 01:01:06.446099"
  },
  "9e779f5bf0de47da9985417056bef5f945005c.jpeg": {
    "app_sintetizada": "9E779F5BF0DE47DA9985417056BEF5F945005C.JPEG",
    "cantidad_archivos": 1,
    "archivos_fuente": [
      "Pictures/Fototeca de Fotos.photoslibrary/resources/derivatives/masters/9/9E779F5B-F0DE-47DA-9985-417056BEF5F9_4_5005_c.jpeg"
    ],
    "ultima_modificacion": "2025-08-01 01:01:06.446890"
  },
  "91846a05380f43cf874ccdc94a01036745005c.jpeg": {
    "app_sintetizada": "91846A05380F43CF874CCDC94A01036745005C.JPEG",
    "cantidad_archivos": 1,
    "archivos_fuente": [
      "Pictures/Fototeca de Fotos.photoslibrary/resources/derivatives/masters/9/91846A05-380F-43CF-874C-CDC94A010367_4_5005_c.jpeg"
    ],
    "ultima_modificacion": "2025-08-01 01:01:06.447606"
  },
  "90c9806016154c43908950d38587f6ad45005c.jpeg": {
    "app_sintetizada": "90C9806016154C43908950D38587F6AD45005C.JPEG",
    "cantidad_archivos": 1,
    "archivos_fuente": [
      "Pictures/Fototeca de Fotos.photoslibrary/resources/derivatives/masters/9/90C98060-1615-4C43-9089-50D38587F6AD_4_5005_c.jpeg"
    ],
    "ultima_modificacion": "2025-08-01 01:01:06.448405"
  },
  "94c25a12a09b491da772a272fc46bf5745005c.jpeg": {
    "app_sintetizada": "94C25A12A09B491DA772A272FC46BF5745005C.JPEG",
    "cantidad_archivos": 1,
    "archivos_fuente": [
      "Pictures/Fototeca de Fotos.photoslibrary/resources/derivatives/masters/9/94C25A12-A09B-491D-A772-A272FC46BF57_4_5005_c.jpeg"
    ],
    "ultima_modificacion": "2025-08-01 01:01:06.448839"
  },
  "9337240716df46fab8706e0969cc40a845005c.jpeg": {
    "app_sintetizada": "9337240716DF46FAB8706E0969CC40A845005C.JPEG",
    "cantidad_archivos": 1,
    "archivos_fuente": [
      "Pictures/Fototeca de Fotos.photoslibrary/resources/derivatives/masters/9/93372407-16DF-46FA-B870-6E0969CC40A8_4_5005_c.jpeg"
    ],
    "ultima_modificacion": "2025-08-01 01:01:06.449255"
  },
  "9c57e57773824a4bb50cb5de2ec8c9f245005c.jpeg": {
    "app_sintetizada": "9C57E57773824A4BB50CB5DE2EC8C9F245005C.JPEG",
    "cantidad_archivos": 1,
    "archivos_fuente": [
      "Pictures/Fototeca de Fotos.photoslibrary/resources/derivatives/masters/9/9C57E577-7382-4A4B-B50C-B5DE2EC8C9F2_4_5005_c.jpeg"
    ],
    "ultima_modificacion": "2025-08-01 01:01:06.449643"
  },
  "9c2093b460a048bdb6f8c3440afe6fe145005c.jpeg": {
    "app_sintetizada": "9C2093B460A048BDB6F8C3440AFE6FE145005C.JPEG",
    "cantidad_archivos": 1,
    "archivos_fuente": [
      "Pictures/Fototeca de Fotos.photoslibrary/resources/derivatives/masters/9/9C2093B4-60A0-48BD-B6F8-C3440AFE6FE1_4_5005_c.jpeg"
    ],
    "ultima_modificacion": "2025-08-01 01:01:06.450023"
  },
  "99e71704678240b89da798e3b16a73ca45005c.jpeg": {
    "app_sintetizada": "99E71704678240B89DA798E3B16A73CA45005C.JPEG",
    "cantidad_archivos": 1,
    "archivos_fuente": [
      "Pictures/Fototeca de Fotos.photoslibrary/resources/derivatives/masters/9/99E71704-6782-40B8-9DA7-98E3B16A73CA_4_5005_c.jpeg"
    ],
    "ultima_modificacion": "2025-08-01 01:01:06.450374"
  },
  "9dabec572d9744159f781f7c98c797ff45005c.jpeg": {
    "app_sintetizada": "9DABEC572D9744159F781F7C98C797FF45005C.JPEG",
    "cantidad_archivos": 1,
    "archivos_fuente": [
      "Pictures/Fototeca de Fotos.photoslibrary/resources/derivatives/masters/9/9DABEC57-2D97-4415-9F78-1F7C98C797FF_4_5005_c.jpeg"
    ],
    "ultima_modificacion": "2025-08-01 01:01:06.450750"
  },
  "919cd49a8680427ba8c5c13b9c264feb45005c.jpeg": {
    "app_sintetizada": "919CD49A8680427BA8C5C13B9C264FEB45005C.JPEG",
    "cantidad_archivos": 1,
    "archivos_fuente": [
      "Pictures/Fototeca de Fotos.photoslibrary/resources/derivatives/masters/9/919CD49A-8680-427B-A8C5-C13B9C264FEB_4_5005_c.jpeg"
    ],
    "ultima_modificacion": "2025-08-01 01:01:06.451122"
  },
  "93f69842287e4b1a94e6e51e6040970845005c.jpeg": {
    "app_sintetizada": "93F69842287E4B1A94E6E51E6040970845005C.JPEG",
    "cantidad_archivos": 1,
    "archivos_fuente": [
      "Pictures/Fototeca de Fotos.photoslibrary/resources/derivatives/masters/9/93F69842-287E-4B1A-94E6-E51E60409708_4_5005_c.jpeg"
    ],
    "ultima_modificacion": "2025-08-01 01:01:06.451490"
  },
  "932beccbac774cf784cc3f5e279a718345005c.jpeg": {
    "app_sintetizada": "932BECCBAC774CF784CC3F5E279A718345005C.JPEG",
    "cantidad_archivos": 1,
    "archivos_fuente": [
      "Pictures/Fototeca de Fotos.photoslibrary/resources/derivatives/masters/9/932BECCB-AC77-4CF7-84CC-3F5E279A7183_4_5005_c.jpeg"
    ],
    "ultima_modificacion": "2025-08-01 01:01:06.451855"
  },
  "9d91fdb8307b4513b023c76ff6419fe645005c.jpeg": {
    "app_sintetizada": "9D91FDB8307B4513B023C76FF6419FE645005C.JPEG",
    "cantidad_archivos": 1,
    "archivos_fuente": [
      "Pictures/Fototeca de Fotos.photoslibrary/resources/derivatives/masters/9/9D91FDB8-307B-4513-B023-C76FF6419FE6_4_5005_c.jpeg"
    ],
    "ultima_modificacion": "2025-08-01 01:01:06.452212"
  },
  "90aebfeae9294eb8a9e80fcbaa56c1c345005c.jpeg": {
    "app_sintetizada": "90AEBFEAE9294EB8A9E80FCBAA56C1C345005C.JPEG",
    "cantidad_archivos": 1,
    "archivos_fuente": [
      "Pictures/Fototeca de Fotos.photoslibrary/resources/derivatives/masters/9/90AEBFEA-E929-4EB8-A9E8-0FCBAA56C1C3_4_5005_c.jpeg"
    ],
    "ultima_modificacion": "2025-08-01 01:01:06.452576"
  },
  "95d2d8d16dd545c3ba95aa21438faef345005c.jpeg": {
    "app_sintetizada": "95D2D8D16DD545C3BA95AA21438FAEF345005C.JPEG",
    "cantidad_archivos": 1,
    "archivos_fuente": [
      "Pictures/Fototeca de Fotos.photoslibrary/resources/derivatives/masters/9/95D2D8D1-6DD5-45C3-BA95-AA21438FAEF3_4_5005_c.jpeg"
    ],
    "ultima_modificacion": "2025-08-01 01:01:06.452958"
  },
  "939d9f42ab794615bd063c96250add0f45005c.jpeg": {
    "app_sintetizada": "939D9F42AB794615BD063C96250ADD0F45005C.JPEG",
    "cantidad_archivos": 1,
    "archivos_fuente": [
      "Pictures/Fototeca de Fotos.photoslibrary/resources/derivatives/masters/9/939D9F42-AB79-4615-BD06-3C96250ADD0F_4_5005_c.jpeg"
    ],
    "ultima_modificacion": "2025-08-01 01:01:06.453305"
  },
  "9c5251bc59f54e60ba3174d71e77029745005c.jpeg": {
    "app_sintetizada": "9C5251BC59F54E60BA3174D71E77029745005C.JPEG",
    "cantidad_archivos": 1,
    "archivos_fuente": [
      "Pictures/Fototeca de Fotos.photoslibrary/resources/derivatives/masters/9/9C5251BC-59F5-4E60-BA31-74D71E770297_4_5005_c.jpeg"
    ],
    "ultima_modificacion": "2025-08-01 01:01:06.453676"
  },
  "9fccc7e9c0014c1187d80200c9a7dc5d45005c.jpeg": {
    "app_sintetizada": "9FCCC7E9C0014C1187D80200C9A7DC5D45005C.JPEG",
    "cantidad_archivos": 1,
    "archivos_fuente": [
      "Pictures/Fototeca de Fotos.photoslibrary/resources/derivatives/masters/9/9FCCC7E9-C001-4C11-87D8-0200C9A7DC5D_4_5005_c.jpeg"
    ],
    "ultima_modificacion": "2025-08-01 01:01:06.454028"
  },
  "996980d2b7dc44dbb6b974379da690aa45005c.jpeg": {
    "app_sintetizada": "996980D2B7DC44DBB6B974379DA690AA45005C.JPEG",
    "cantidad_archivos": 1,
    "archivos_fuente": [
      "Pictures/Fototeca de Fotos.photoslibrary/resources/derivatives/masters/9/996980D2-B7DC-44DB-B6B9-74379DA690AA_4_5005_c.jpeg"
    ],
    "ultima_modificacion": "2025-08-01 01:01:06.454365"
  },
  "9733ea1c53fc4b8da9ea4edf90e1d7d845005c.jpeg": {
    "app_sintetizada": "9733EA1C53FC4B8DA9EA4EDF90E1D7D845005C.JPEG",
    "cantidad_archivos": 1,
    "archivos_fuente": [
      "Pictures/Fototeca de Fotos.photoslibrary/resources/derivatives/masters/9/9733EA1C-53FC-4B8D-A9EA-4EDF90E1D7D8_4_5005_c.jpeg"
    ],
    "ultima_modificacion": "2025-08-01 01:01:06.454713"
  },
  "9d55c0e47ba0446d99ee06e0f3f69f2445005c.jpeg": {
    "app_sintetizada": "9D55C0E47BA0446D99EE06E0F3F69F2445005C.JPEG",
    "cantidad_archivos": 1,
    "archivos_fuente": [
      "Pictures/Fototeca de Fotos.photoslibrary/resources/derivatives/masters/9/9D55C0E4-7BA0-446D-99EE-06E0F3F69F24_4_5005_c.jpeg"
    ],
    "ultima_modificacion": "2025-08-01 01:01:06.455057"
  },
  "9c558c4e782c4cc58c6ce94b209e33bf45005c.jpeg": {
    "app_sintetizada": "9C558C4E782C4CC58C6CE94B209E33BF45005C.JPEG",
    "cantidad_archivos": 1,
    "archivos_fuente": [
      "Pictures/Fototeca de Fotos.photoslibrary/resources/derivatives/masters/9/9C558C4E-782C-4CC5-8C6C-E94B209E33BF_4_5005_c.jpeg"
    ],
    "ultima_modificacion": "2025-08-01 01:01:06.455384"
  },
  "9d7b71f3f04a43c698bfd6ebcd028f1a45005c.jpeg": {
    "app_sintetizada": "9D7B71F3F04A43C698BFD6EBCD028F1A45005C.JPEG",
    "cantidad_archivos": 1,
    "archivos_fuente": [
      "Pictures/Fototeca de Fotos.photoslibrary/resources/derivatives/masters/9/9D7B71F3-F04A-43C6-98BF-D6EBCD028F1A_4_5005_c.jpeg"
    ],
    "ultima_modificacion": "2025-08-01 01:01:06.455857"
  },
  "9bd008346e894e9398a2b03795a1672c45005c.jpeg": {
    "app_sintetizada": "9BD008346E894E9398A2B03795A1672C45005C.JPEG",
    "cantidad_archivos": 1,
    "archivos_fuente": [
      "Pictures/Fototeca de Fotos.photoslibrary/resources/derivatives/masters/9/9BD00834-6E89-4E93-98A2-B03795A1672C_4_5005_c.jpeg"
    ],
    "ultima_modificacion": "2025-08-01 01:01:06.456803"
  },
  "949364d8bee746dd8bb390e09bb7c71945005c.jpeg": {
    "app_sintetizada": "949364D8BEE746DD8BB390E09BB7C71945005C.JPEG",
    "cantidad_archivos": 1,
    "archivos_fuente": [
      "Pictures/Fototeca de Fotos.photoslibrary/resources/derivatives/masters/9/949364D8-BEE7-46DD-8BB3-90E09BB7C719_4_5005_c.jpeg"
    ],
    "ultima_modificacion": "2025-08-01 01:01:06.457231"
  },
  "9d551cc5e765428cb5af75518d30219845005c.jpeg": {
    "app_sintetizada": "9D551CC5E765428CB5AF75518D30219845005C.JPEG",
    "cantidad_archivos": 1,
    "archivos_fuente": [
      "Pictures/Fototeca de Fotos.photoslibrary/resources/derivatives/masters/9/9D551CC5-E765-428C-B5AF-75518D302198_4_5005_c.jpeg"
    ],
    "ultima_modificacion": "2025-08-01 01:01:06.457595"
  },
  "9ccf69a085a8484591a1dfba73e8e5d945005c.jpeg": {
    "app_sintetizada": "9CCF69A085A8484591A1DFBA73E8E5D945005C.JPEG",
    "cantidad_archivos": 1,
    "archivos_fuente": [
      "Pictures/Fototeca de Fotos.photoslibrary/resources/derivatives/masters/9/9CCF69A0-85A8-4845-91A1-DFBA73E8E5D9_4_5005_c.jpeg"
    ],
    "ultima_modificacion": "2025-08-01 01:01:06.457945"
  },
  "9961065113764386814f4b2154339ec845005c.jpeg": {
    "app_sintetizada": "9961065113764386814F4B2154339EC845005C.JPEG",
    "cantidad_archivos": 1,
    "archivos_fuente": [
      "Pictures/Fototeca de Fotos.photoslibrary/resources/derivatives/masters/9/99610651-1376-4386-814F-4B2154339EC8_4_5005_c.jpeg"
    ],
    "ultima_modificacion": "2025-08-01 01:01:06.458292"
  },
  "9af8bd467db6476c9d976836f5f5816745005c.jpeg": {
    "app_sintetizada": "9AF8BD467DB6476C9D976836F5F5816745005C.JPEG",
    "cantidad_archivos": 1,
    "archivos_fuente": [
      "Pictures/Fototeca de Fotos.photoslibrary/resources/derivatives/masters/9/9AF8BD46-7DB6-476C-9D97-6836F5F58167_4_5005_c.jpeg"
    ],
    "ultima_modificacion": "2025-08-01 01:01:06.458659"
  },
  "9c03c7b430a04ec3a258c93fb6d87c2a45005c.jpeg": {
    "app_sintetizada": "9C03C7B430A04EC3A258C93FB6D87C2A45005C.JPEG",
    "cantidad_archivos": 1,
    "archivos_fuente": [
      "Pictures/Fototeca de Fotos.photoslibrary/resources/derivatives/masters/9/9C03C7B4-30A0-4EC3-A258-C93FB6D87C2A_4_5005_c.jpeg"
    ],
    "ultima_modificacion": "2025-08-01 01:01:06.458996"
  },
  "95a8fc76af344a0dbe1f2be13c6b979045005c.jpeg": {
    "app_sintetizada": "95A8FC76AF344A0DBE1F2BE13C6B979045005C.JPEG",
    "cantidad_archivos": 1,
    "archivos_fuente": [
      "Pictures/Fototeca de Fotos.photoslibrary/resources/derivatives/masters/9/95A8FC76-AF34-4A0D-BE1F-2BE13C6B9790_4_5005_c.jpeg"
    ],
    "ultima_modificacion": "2025-08-01 01:01:06.459450"
  },
  "9c5423e1d9174b55b4bf0e0202df558545005c.jpeg": {
    "app_sintetizada": "9C5423E1D9174B55B4BF0E0202DF558545005C.JPEG",
    "cantidad_archivos": 1,
    "archivos_fuente": [
      "Pictures/Fototeca de Fotos.photoslibrary/resources/derivatives/masters/9/9C5423E1-D917-4B55-B4BF-0E0202DF5585_4_5005_c.jpeg"
    ],
    "ultima_modificacion": "2025-08-01 01:01:06.459864"
  },
  "9d66853bed02436ea72ec2485dfb1b8645005c.jpeg": {
    "app_sintetizada": "9D66853BED02436EA72EC2485DFB1B8645005C.JPEG",
    "cantidad_archivos": 1,
    "archivos_fuente": [
      "Pictures/Fototeca de Fotos.photoslibrary/resources/derivatives/masters/9/9D66853B-ED02-436E-A72E-C2485DFB1B86_4_5005_c.jpeg"
    ],
    "ultima_modificacion": "2025-08-01 01:01:06.460312"
  },
  "9791d09a6fc84a849cbcb44a60e2056145005c.jpeg": {
    "app_sintetizada": "9791D09A6FC84A849CBCB44A60E2056145005C.JPEG",
    "cantidad_archivos": 1,
    "archivos_fuente": [
      "Pictures/Fototeca de Fotos.photoslibrary/resources/derivatives/masters/9/9791D09A-6FC8-4A84-9CBC-B44A60E20561_4_5005_c.jpeg"
    ],
    "ultima_modificacion": "2025-08-01 01:01:06.460909"
  },
  "9a0db58b53314589b5d4ed6e7b81fd7845005c.jpeg": {
    "app_sintetizada": "9A0DB58B53314589B5D4ED6E7B81FD7845005C.JPEG",
    "cantidad_archivos": 1,
    "archivos_fuente": [
      "Pictures/Fototeca de Fotos.photoslibrary/resources/derivatives/masters/9/9A0DB58B-5331-4589-B5D4-ED6E7B81FD78_4_5005_c.jpeg"
    ],
    "ultima_modificacion": "2025-08-01 01:01:06.461367"
  },
  "98944a107a2e422e8b13f623f813b97645005c.jpeg": {
    "app_sintetizada": "98944A107A2E422E8B13F623F813B97645005C.JPEG",
    "cantidad_archivos": 1,
    "archivos_fuente": [
      "Pictures/Fototeca de Fotos.photoslibrary/resources/derivatives/masters/9/98944A10-7A2E-422E-8B13-F623F813B976_4_5005_c.jpeg"
    ],
    "ultima_modificacion": "2025-08-01 01:01:06.461705"
  },
  "9fc8033ae787473ca100c3cf39c02fc345005c.jpeg": {
    "app_sintetizada": "9FC8033AE787473CA100C3CF39C02FC345005C.JPEG",
    "cantidad_archivos": 1,
    "archivos_fuente": [
      "Pictures/Fototeca de Fotos.photoslibrary/resources/derivatives/masters/9/9FC8033A-E787-473C-A100-C3CF39C02FC3_4_5005_c.jpeg"
    ],
    "ultima_modificacion": "2025-08-01 01:01:06.462006"
  },
  "9366eb57eec141a3b33e857f6305151445005c.jpeg": {
    "app_sintetizada": "9366EB57EEC141A3B33E857F6305151445005C.JPEG",
    "cantidad_archivos": 1,
    "archivos_fuente": [
      "Pictures/Fototeca de Fotos.photoslibrary/resources/derivatives/masters/9/9366EB57-EEC1-41A3-B33E-857F63051514_4_5005_c.jpeg"
    ],
    "ultima_modificacion": "2025-08-01 01:01:06.462396"
  },
  "97c794897f62479895e29d9083ad84dc45005c.jpeg": {
    "app_sintetizada": "97C794897F62479895E29D9083AD84DC45005C.JPEG",
    "cantidad_archivos": 1,
    "archivos_fuente": [
      "Pictures/Fototeca de Fotos.photoslibrary/resources/derivatives/masters/9/97C79489-7F62-4798-95E2-9D9083AD84DC_4_5005_c.jpeg"
    ],
    "ultima_modificacion": "2025-08-01 01:01:06.462790"
  },
  "924d10bfecda4204b4146c8e48a017a445005c.jpeg": {
    "app_sintetizada": "924D10BFECDA4204B4146C8E48A017A445005C.JPEG",
    "cantidad_archivos": 1,
    "archivos_fuente": [
      "Pictures/Fototeca de Fotos.photoslibrary/resources/derivatives/masters/9/924D10BF-ECDA-4204-B414-6C8E48A017A4_4_5005_c.jpeg"
    ],
    "ultima_modificacion": "2025-08-01 01:01:06.463114"
  },
  "98b40f24776d41838f7b831958ddbcb845005c.jpeg": {
    "app_sintetizada": "98B40F24776D41838F7B831958DDBCB845005C.JPEG",
    "cantidad_archivos": 1,
    "archivos_fuente": [
      "Pictures/Fototeca de Fotos.photoslibrary/resources/derivatives/masters/9/98B40F24-776D-4183-8F7B-831958DDBCB8_4_5005_c.jpeg"
    ],
    "ultima_modificacion": "2025-08-01 01:01:06.463725"
  },
  "93a373d2bced46b69d0d981da6f64f7645005c.jpeg": {
    "app_sintetizada": "93A373D2BCED46B69D0D981DA6F64F7645005C.JPEG",
    "cantidad_archivos": 1,
    "archivos_fuente": [
      "Pictures/Fototeca de Fotos.photoslibrary/resources/derivatives/masters/9/93A373D2-BCED-46B6-9D0D-981DA6F64F76_4_5005_c.jpeg"
    ],
    "ultima_modificacion": "2025-08-01 01:01:06.464226"
  },
  "90c77e97dd1043ff981597de98ce9c3245005c.jpeg": {
    "app_sintetizada": "90C77E97DD1043FF981597DE98CE9C3245005C.JPEG",
    "cantidad_archivos": 1,
    "archivos_fuente": [
      "Pictures/Fototeca de Fotos.photoslibrary/resources/derivatives/masters/9/90C77E97-DD10-43FF-9815-97DE98CE9C32_4_5005_c.jpeg"
    ],
    "ultima_modificacion": "2025-08-01 01:01:06.464617"
  },
  "90105f73943d4035b2ac7318bfc055fe45005c.jpeg": {
    "app_sintetizada": "90105F73943D4035B2AC7318BFC055FE45005C.JPEG",
    "cantidad_archivos": 1,
    "archivos_fuente": [
      "Pictures/Fototeca de Fotos.photoslibrary/resources/derivatives/masters/9/90105F73-943D-4035-B2AC-7318BFC055FE_4_5005_c.jpeg"
    ],
    "ultima_modificacion": "2025-08-01 01:01:06.465071"
  },
  "90bde728117344d78765e472b79a30b045005c.jpeg": {
    "app_sintetizada": "90BDE728117344D78765E472B79A30B045005C.JPEG",
    "cantidad_archivos": 1,
    "archivos_fuente": [
      "Pictures/Fototeca de Fotos.photoslibrary/resources/derivatives/masters/9/90BDE728-1173-44D7-8765-E472B79A30B0_4_5005_c.jpeg"
    ],
    "ultima_modificacion": "2025-08-01 01:01:06.465357"
  },
  "9e16abc623f940939282172bfe9798ca45005c.jpeg": {
    "app_sintetizada": "9E16ABC623F940939282172BFE9798CA45005C.JPEG",
    "cantidad_archivos": 1,
    "archivos_fuente": [
      "Pictures/Fototeca de Fotos.photoslibrary/resources/derivatives/masters/9/9E16ABC6-23F9-4093-9282-172BFE9798CA_4_5005_c.jpeg"
    ],
    "ultima_modificacion": "2025-08-01 01:01:06.465627"
  },
  "91337ce9c8c348438c477ce19e82aae645005c.jpeg": {
    "app_sintetizada": "91337CE9C8C348438C477CE19E82AAE645005C.JPEG",
    "cantidad_archivos": 1,
    "archivos_fuente": [
      "Pictures/Fototeca de Fotos.photoslibrary/resources/derivatives/masters/9/91337CE9-C8C3-4843-8C47-7CE19E82AAE6_4_5005_c.jpeg"
    ],
    "ultima_modificacion": "2025-08-01 01:01:06.466003"
  },
  "917014c81f8c4b3dacda7e0e0264866a45005c.jpeg": {
    "app_sintetizada": "917014C81F8C4B3DACDA7E0E0264866A45005C.JPEG",
    "cantidad_archivos": 1,
    "archivos_fuente": [
      "Pictures/Fototeca de Fotos.photoslibrary/resources/derivatives/masters/9/917014C8-1F8C-4B3D-ACDA-7E0E0264866A_4_5005_c.jpeg"
    ],
    "ultima_modificacion": "2025-08-01 01:01:06.466277"
  },
  "9b38d3185f074510a26bbc8a0b2b6a7245005c.jpeg": {
    "app_sintetizada": "9B38D3185F074510A26BBC8A0B2B6A7245005C.JPEG",
    "cantidad_archivos": 1,
    "archivos_fuente": [
      "Pictures/Fototeca de Fotos.photoslibrary/resources/derivatives/masters/9/9B38D318-5F07-4510-A26B-BC8A0B2B6A72_4_5005_c.jpeg"
    ],
    "ultima_modificacion": "2025-08-01 01:01:06.466572"
  },
  "97776fe9d1fe408cb930145a89ba95bc45005c.jpeg": {
    "app_sintetizada": "97776FE9D1FE408CB930145A89BA95BC45005C.JPEG",
    "cantidad_archivos": 1,
    "archivos_fuente": [
      "Pictures/Fototeca de Fotos.photoslibrary/resources/derivatives/masters/9/97776FE9-D1FE-408C-B930-145A89BA95BC_4_5005_c.jpeg"
    ],
    "ultima_modificacion": "2025-08-01 01:01:06.466838"
  },
  "9b1511c527514caa9bbf7e5e55b044c845005c.jpeg": {
    "app_sintetizada": "9B1511C527514CAA9BBF7E5E55B044C845005C.JPEG",
    "cantidad_archivos": 1,
    "archivos_fuente": [
      "Pictures/Fototeca de Fotos.photoslibrary/resources/derivatives/masters/9/9B1511C5-2751-4CAA-9BBF-7E5E55B044C8_4_5005_c.jpeg"
    ],
    "ultima_modificacion": "2025-08-01 01:01:06.467116"
  },
  "9a8ce3607ebe4b46b7804dbe2288ccac45005c.jpeg": {
    "app_sintetizada": "9A8CE3607EBE4B46B7804DBE2288CCAC45005C.JPEG",
    "cantidad_archivos": 1,
    "archivos_fuente": [
      "Pictures/Fototeca de Fotos.photoslibrary/resources/derivatives/masters/9/9A8CE360-7EBE-4B46-B780-4DBE2288CCAC_4_5005_c.jpeg"
    ],
    "ultima_modificacion": "2025-08-01 01:01:06.467421"
  },
  "92d611ef19d34a61b2ce811714fb976c45005c.jpeg": {
    "app_sintetizada": "92D611EF19D34A61B2CE811714FB976C45005C.JPEG",
    "cantidad_archivos": 1,
    "archivos_fuente": [
      "Pictures/Fototeca de Fotos.photoslibrary/resources/derivatives/masters/9/92D611EF-19D3-4A61-B2CE-811714FB976C_4_5005_c.jpeg"
    ],
    "ultima_modificacion": "2025-08-01 01:01:06.467671"
  },
  "991570f0ed0642f3b0be7716fa82e6bc45005c.jpeg": {
    "app_sintetizada": "991570F0ED0642F3B0BE7716FA82E6BC45005C.JPEG",
    "cantidad_archivos": 1,
    "archivos_fuente": [
      "Pictures/Fototeca de Fotos.photoslibrary/resources/derivatives/masters/9/991570F0-ED06-42F3-B0BE-7716FA82E6BC_4_5005_c.jpeg"
    ],
    "ultima_modificacion": "2025-08-01 01:01:06.467970"
  },
  "9fec1be2f2bb442697dfdd994581200b45005c.jpeg": {
    "app_sintetizada": "9FEC1BE2F2BB442697DFDD994581200B45005C.JPEG",
    "cantidad_archivos": 1,
    "archivos_fuente": [
      "Pictures/Fototeca de Fotos.photoslibrary/resources/derivatives/masters/9/9FEC1BE2-F2BB-4426-97DF-DD994581200B_4_5005_c.jpeg"
    ],
    "ultima_modificacion": "2025-08-01 01:01:06.468225"
  },
  "9479e4ca5fee415d923c5f9de99c12e845005c.jpeg": {
    "app_sintetizada": "9479E4CA5FEE415D923C5F9DE99C12E845005C.JPEG",
    "cantidad_archivos": 1,
    "archivos_fuente": [
      "Pictures/Fototeca de Fotos.photoslibrary/resources/derivatives/masters/9/9479E4CA-5FEE-415D-923C-5F9DE99C12E8_4_5005_c.jpeg"
    ],
    "ultima_modificacion": "2025-08-01 01:01:06.468525"
  },
  "93ae88d03bae47bd910fbd96c56e29d045005c.jpeg": {
    "app_sintetizada": "93AE88D03BAE47BD910FBD96C56E29D045005C.JPEG",
    "cantidad_archivos": 1,
    "archivos_fuente": [
      "Pictures/Fototeca de Fotos.photoslibrary/resources/derivatives/masters/9/93AE88D0-3BAE-47BD-910F-BD96C56E29D0_4_5005_c.jpeg"
    ],
    "ultima_modificacion": "2025-08-01 01:01:06.468792"
  },
  "9e2a619785d24716bbcd70aefae44bf345005c.jpeg": {
    "app_sintetizada": "9E2A619785D24716BBCD70AEFAE44BF345005C.JPEG",
    "cantidad_archivos": 1,
    "archivos_fuente": [
      "Pictures/Fototeca de Fotos.photoslibrary/resources/derivatives/masters/9/9E2A6197-85D2-4716-BBCD-70AEFAE44BF3_4_5005_c.jpeg"
    ],
    "ultima_modificacion": "2025-08-01 01:01:06.469206"
  },
  "95a8e661b4c64f638a537f922e2d3c5e45005c.jpeg": {
    "app_sintetizada": "95A8E661B4C64F638A537F922E2D3C5E45005C.JPEG",
    "cantidad_archivos": 1,
    "archivos_fuente": [
      "Pictures/Fototeca de Fotos.photoslibrary/resources/derivatives/masters/9/95A8E661-B4C6-4F63-8A53-7F922E2D3C5E_4_5005_c.jpeg"
    ],
    "ultima_modificacion": "2025-08-01 01:01:06.469492"
  },
  "9b360e71b2b44a29aebb5bae520cee9945005c.jpeg": {
    "app_sintetizada": "9B360E71B2B44A29AEBB5BAE520CEE9945005C.JPEG",
    "cantidad_archivos": 1,
    "archivos_fuente": [
      "Pictures/Fototeca de Fotos.photoslibrary/resources/derivatives/masters/9/9B360E71-B2B4-4A29-AEBB-5BAE520CEE99_4_5005_c.jpeg"
    ],
    "ultima_modificacion": "2025-08-01 01:01:06.469899"
  },
  "99387566dabf4b7fb3e3a6b23b80bd2045005c.jpeg": {
    "app_sintetizada": "99387566DABF4B7FB3E3A6B23B80BD2045005C.JPEG",
    "cantidad_archivos": 1,
    "archivos_fuente": [
      "Pictures/Fototeca de Fotos.photoslibrary/resources/derivatives/masters/9/99387566-DABF-4B7F-B3E3-A6B23B80BD20_4_5005_c.jpeg"
    ],
    "ultima_modificacion": "2025-08-01 01:01:06.470156"
  },
  "9cf3370fbf8a48b78b3f6655a630e8ac45005c.jpeg": {
    "app_sintetizada": "9CF3370FBF8A48B78B3F6655A630E8AC45005C.JPEG",
    "cantidad_archivos": 1,
    "archivos_fuente": [
      "Pictures/Fototeca de Fotos.photoslibrary/resources/derivatives/masters/9/9CF3370F-BF8A-48B7-8B3F-6655A630E8AC_4_5005_c.jpeg"
    ],
    "ultima_modificacion": "2025-08-01 01:01:06.470461"
  },
  "9a31500a0fc948ebb8ff697c779039cd45005c.jpeg": {
    "app_sintetizada": "9A31500A0FC948EBB8FF697C779039CD45005C.JPEG",
    "cantidad_archivos": 1,
    "archivos_fuente": [
      "Pictures/Fototeca de Fotos.photoslibrary/resources/derivatives/masters/9/9A31500A-0FC9-48EB-B8FF-697C779039CD_4_5005_c.jpeg"
    ],
    "ultima_modificacion": "2025-08-01 01:01:06.470734"
  },
  "90622afe67f746aebdc014f90fbe6d5145005c.jpeg": {
    "app_sintetizada": "90622AFE67F746AEBDC014F90FBE6D5145005C.JPEG",
    "cantidad_archivos": 1,
    "archivos_fuente": [
      "Pictures/Fototeca de Fotos.photoslibrary/resources/derivatives/masters/9/90622AFE-67F7-46AE-BDC0-14F90FBE6D51_4_5005_c.jpeg"
    ],
    "ultima_modificacion": "2025-08-01 01:01:06.471082"
  },
  "91effb6b763b467db126c95452a1968b45005c.jpeg": {
    "app_sintetizada": "91EFFB6B763B467DB126C95452A1968B45005C.JPEG",
    "cantidad_archivos": 1,
    "archivos_fuente": [
      "Pictures/Fototeca de Fotos.photoslibrary/resources/derivatives/masters/9/91EFFB6B-763B-467D-B126-C95452A1968B_4_5005_c.jpeg"
    ],
    "ultima_modificacion": "2025-08-01 01:01:06.471347"
  }
}