{
  "fc6dc4bd90414a19be213a4113af6b0c1105c.jpeg": {
    "app_sintetizada": "FC6DC4BD90414A19BE213A4113AF6B0C1105C.JPEG",
    "cantidad_archivos": 1,
    "archivos_fuente": [
      "Pictures/Fototeca de Fotos.photoslibrary/resources/derivatives/F/FC6DC4BD-9041-4A19-BE21-3A4113AF6B0C_1_105_c.jpeg"
    ],
    "ultima_modificacion": "2025-08-01 01:01:04.811521"
  },
  "fa7eddb1a1024874a89a85c712faf4371105c.jpeg": {
    "app_sintetizada": "FA7EDDB1A1024874A89A85C712FAF4371105C.JPEG",
    "cantidad_archivos": 1,
    "archivos_fuente": [
      "Pictures/Fototeca de Fotos.photoslibrary/resources/derivatives/F/FA7EDDB1-A102-4874-A89A-85C712FAF437_1_105_c.jpeg"
    ],
    "ultima_modificacion": "2025-08-01 01:01:04.811762"
  },
  "ffabdf3e15ee4f038d5e51facb2fd65c1105c.jpeg": {
    "app_sintetizada": "FFABDF3E15EE4F038D5E51FACB2FD65C1105C.JPEG",
    "cantidad_archivos": 1,
    "archivos_fuente": [
      "Pictures/Fototeca de Fotos.photoslibrary/resources/derivatives/F/FFABDF3E-15EE-4F03-8D5E-51FACB2FD65C_1_105_c.jpeg"
    ],
    "ultima_modificacion": "2025-08-01 01:01:04.812019"
  },
  "f45521377e484da7be5c3ccaa11a26a11105c.jpeg": {
    "app_sintetizada": "F45521377E484DA7BE5C3CCAA11A26A11105C.JPEG",
    "cantidad_archivos": 1,
    "archivos_fuente": [
      "Pictures/Fototeca de Fotos.photoslibrary/resources/derivatives/F/F4552137-7E48-4DA7-BE5C-3CCAA11A26A1_1_105_c.jpeg"
    ],
    "ultima_modificacion": "2025-08-01 01:01:04.812277"
  },
  "f86bfeac4da5489287ccc1c435f0cf531105c.jpeg": {
    "app_sintetizada": "F86BFEAC4DA5489287CCC1C435F0CF531105C.JPEG",
    "cantidad_archivos": 1,
    "archivos_fuente": [
      "Pictures/Fototeca de Fotos.photoslibrary/resources/derivatives/F/F86BFEAC-4DA5-4892-87CC-C1C435F0CF53_1_105_c.jpeg"
    ],
    "ultima_modificacion": "2025-08-01 01:01:04.812554"
  },
  "f4ef6f4458694dfea14eb50bef9f2da91105c.jpeg": {
    "app_sintetizada": "F4EF6F4458694DFEA14EB50BEF9F2DA91105C.JPEG",
    "cantidad_archivos": 1,
    "archivos_fuente": [
      "Pictures/Fototeca de Fotos.photoslibrary/resources/derivatives/F/F4EF6F44-5869-4DFE-A14E-B50BEF9F2DA9_1_105_c.jpeg"
    ],
    "ultima_modificacion": "2025-08-01 01:01:04.812894"
  },
  "f5351787856648a78cf891cf72a238561105c.jpeg": {
    "app_sintetizada": "F5351787856648A78CF891CF72A238561105C.JPEG",
    "cantidad_archivos": 1,
    "archivos_fuente": [
      "Pictures/Fototeca de Fotos.photoslibrary/resources/derivatives/F/F5351787-8566-48A7-8CF8-91CF72A23856_1_105_c.jpeg"
    ],
    "ultima_modificacion": "2025-08-01 01:01:04.813161"
  },
  "fdc64886d33743b7ab84465e0541f8eb1105c.jpeg": {
    "app_sintetizada": "FDC64886D33743B7AB84465E0541F8EB1105C.JPEG",
    "cantidad_archivos": 1,
    "archivos_fuente": [
      "Pictures/Fototeca de Fotos.photoslibrary/resources/derivatives/F/FDC64886-D337-43B7-AB84-465E0541F8EB_1_105_c.jpeg"
    ],
    "ultima_modificacion": "2025-08-01 01:01:04.813397"
  },
  "f7814632cbe442a5a1a61e141600adab1105c.jpeg": {
    "app_sintetizada": "F7814632CBE442A5A1A61E141600ADAB1105C.JPEG",
    "cantidad_archivos": 1,
    "archivos_fuente": [
      "Pictures/Fototeca de Fotos.photoslibrary/resources/derivatives/F/F7814632-CBE4-42A5-A1A6-1E141600ADAB_1_105_c.jpeg"
    ],
    "ultima_modificacion": "2025-08-01 01:01:04.813676"
  },
  "fd901fce1ca2480fa6d69d2b87e846261105c.jpeg": {
    "app_sintetizada": "FD901FCE1CA2480FA6D69D2B87E846261105C.JPEG",
    "cantidad_archivos": 1,
    "archivos_fuente": [
      "Pictures/Fototeca de Fotos.photoslibrary/resources/derivatives/F/FD901FCE-1CA2-480F-A6D6-9D2B87E84626_1_105_c.jpeg"
    ],
    "ultima_modificacion": "2025-08-01 01:01:04.813973"
  },
  "fdc0d17b06214993967839afc90495831105c.jpeg": {
    "app_sintetizada": "FDC0D17B06214993967839AFC90495831105C.JPEG",
    "cantidad_archivos": 1,
    "archivos_fuente": [
      "Pictures/Fototeca de Fotos.photoslibrary/resources/derivatives/F/FDC0D17B-0621-4993-9678-39AFC9049583_1_105_c.jpeg"
    ],
    "ultima_modificacion": "2025-08-01 01:01:04.814189"
  },
  "f77c7108fc984721b4e79b26177f64121105c.jpeg": {
    "app_sintetizada": "F77C7108FC984721B4E79B26177F64121105C.JPEG",
    "cantidad_archivos": 1,
    "archivos_fuente": [
      "Pictures/Fototeca de Fotos.photoslibrary/resources/derivatives/F/F77C7108-FC98-4721-B4E7-9B26177F6412_1_105_c.jpeg"
    ],
    "ultima_modificacion": "2025-08-01 01:01:04.814414"
  },
  "f12f3888a69d4fd4894d6169be30ba241105c.jpeg": {
    "app_sintetizada": "F12F3888A69D4FD4894D6169BE30BA241105C.JPEG",
    "cantidad_archivos": 1,
    "archivos_fuente": [
      "Pictures/Fototeca de Fotos.photoslibrary/resources/derivatives/F/F12F3888-A69D-4FD4-894D-6169BE30BA24_1_105_c.jpeg"
    ],
    "ultima_modificacion": "2025-08-01 01:01:04.814636"
  },
  "f5d129132a93431380388394e266d5c31105c.jpeg": {
    "app_sintetizada": "F5D129132A93431380388394E266D5C31105C.JPEG",
    "cantidad_archivos": 1,
    "archivos_fuente": [
      "Pictures/Fototeca de Fotos.photoslibrary/resources/derivatives/F/F5D12913-2A93-4313-8038-8394E266D5C3_1_105_c.jpeg"
    ],
    "ultima_modificacion": "2025-08-01 01:01:04.814871"
  },
  "fc62e818ab7e4a5d9c91780eed8dfe571105c.jpeg": {
    "app_sintetizada": "FC62E818AB7E4A5D9C91780EED8DFE571105C.JPEG",
    "cantidad_archivos": 1,
    "archivos_fuente": [
      "Pictures/Fototeca de Fotos.photoslibrary/resources/derivatives/F/FC62E818-AB7E-4A5D-9C91-780EED8DFE57_1_105_c.jpeg"
    ],
    "ultima_modificacion": "2025-08-01 01:01:04.815200"
  },
  "f4baa65f2d684a51ad28d23235c79bd61105c.jpeg": {
    "app_sintetizada": "F4BAA65F2D684A51AD28D23235C79BD61105C.JPEG",
    "cantidad_archivos": 1,
    "archivos_fuente": [
      "Pictures/Fototeca de Fotos.photoslibrary/resources/derivatives/F/F4BAA65F-2D68-4A51-AD28-D23235C79BD6_1_105_c.jpeg"
    ],
    "ultima_modificacion": "2025-08-01 01:01:04.815423"
  },
  "f6047d690724431a933a2ecc4c48ebab1105c.jpeg": {
    "app_sintetizada": "F6047D690724431A933A2ECC4C48EBAB1105C.JPEG",
    "cantidad_archivos": 1,
    "archivos_fuente": [
      "Pictures/Fototeca de Fotos.photoslibrary/resources/derivatives/F/F6047D69-0724-431A-933A-2ECC4C48EBAB_1_105_c.jpeg"
    ],
    "ultima_modificacion": "2025-08-01 01:01:04.815613"
  },
  "fe0c506324634a85acf8d03fa3a7305b1105c.jpeg": {
    "app_sintetizada": "FE0C506324634A85ACF8D03FA3A7305B1105C.JPEG",
    "cantidad_archivos": 1,
    "archivos_fuente": [
      "Pictures/Fototeca de Fotos.photoslibrary/resources/derivatives/F/FE0C5063-2463-4A85-ACF8-D03FA3A7305B_1_105_c.jpeg"
    ],
    "ultima_modificacion": "2025-08-01 01:01:04.815797"
  },
  "f5bbfef38d364dafa5b0d8a994a28aa71105c.jpeg": {
    "app_sintetizada": "F5BBFEF38D364DAFA5B0D8A994A28AA71105C.JPEG",
    "cantidad_archivos": 1,
    "archivos_fuente": [
      "Pictures/Fototeca de Fotos.photoslibrary/resources/derivatives/F/F5BBFEF3-8D36-4DAF-A5B0-D8A994A28AA7_1_105_c.jpeg"
    ],
    "ultima_modificacion": "2025-08-01 01:01:04.815992"
  },
  "f789bd8ceca645149058d5aac9b0cdc41105c.jpeg": {
    "app_sintetizada": "F789BD8CECA645149058D5AAC9B0CDC41105C.JPEG",
    "cantidad_archivos": 1,
    "archivos_fuente": [
      "Pictures/Fototeca de Fotos.photoslibrary/resources/derivatives/F/F789BD8C-ECA6-4514-9058-D5AAC9B0CDC4_1_105_c.jpeg"
    ],
    "ultima_modificacion": "2025-08-01 01:01:04.816189"
  },
  "fb3df046c5e0479cb1ea7f9c78fe27d51105c.jpeg": {
    "app_sintetizada": "FB3DF046C5E0479CB1EA7F9C78FE27D51105C.JPEG",
    "cantidad_archivos": 1,
    "archivos_fuente": [
      "Pictures/Fototeca de Fotos.photoslibrary/resources/derivatives/F/FB3DF046-C5E0-479C-B1EA-7F9C78FE27D5_1_105_c.jpeg"
    ],
    "ultima_modificacion": "2025-08-01 01:01:04.816370"
  },
  "f0e2593a40db484f8624df507ff440ba1105c.jpeg": {
    "app_sintetizada": "F0E2593A40DB484F8624DF507FF440BA1105C.JPEG",
    "cantidad_archivos": 1,
    "archivos_fuente": [
      "Pictures/Fototeca de Fotos.photoslibrary/resources/derivatives/F/F0E2593A-40DB-484F-8624-DF507FF440BA_1_105_c.jpeg"
    ],
    "ultima_modificacion": "2025-08-01 01:01:04.816556"
  },
  "f25e98fc880245e1ae155892394954761105c.jpeg": {
    "app_sintetizada": "F25E98FC880245E1AE155892394954761105C.JPEG",
    "cantidad_archivos": 1,
    "archivos_fuente": [
      "Pictures/Fototeca de Fotos.photoslibrary/resources/derivatives/F/F25E98FC-8802-45E1-AE15-589239495476_1_105_c.jpeg"
    ],
    "ultima_modificacion": "2025-08-01 01:01:04.816737"
  },
  "f903fcdec024478c920fbc1e0ea7a8a61105c.jpeg": {
    "app_sintetizada": "F903FCDEC024478C920FBC1E0EA7A8A61105C.JPEG",
    "cantidad_archivos": 1,
    "archivos_fuente": [
      "Pictures/Fototeca de Fotos.photoslibrary/resources/derivatives/F/F903FCDE-C024-478C-920F-BC1E0EA7A8A6_1_105_c.jpeg"
    ],
    "ultima_modificacion": "2025-08-01 01:01:04.816915"
  },
  "f86a18c0d3544cb5aaea44ba7f9f9fee1105c.jpeg": {
    "app_sintetizada": "F86A18C0D3544CB5AAEA44BA7F9F9FEE1105C.JPEG",
    "cantidad_archivos": 1,
    "archivos_fuente": [
      "Pictures/Fototeca de Fotos.photoslibrary/resources/derivatives/F/F86A18C0-D354-4CB5-AAEA-44BA7F9F9FEE_1_105_c.jpeg"
    ],
    "ultima_modificacion": "2025-08-01 01:01:04.817158"
  },
  "fc41b1ac134e42b290e74759bd63ffb01105c.jpeg": {
    "app_sintetizada": "FC41B1AC134E42B290E74759BD63FFB01105C.JPEG",
    "cantidad_archivos": 1,
    "archivos_fuente": [
      "Pictures/Fototeca de Fotos.photoslibrary/resources/derivatives/F/FC41B1AC-134E-42B2-90E7-4759BD63FFB0_1_105_c.jpeg"
    ],
    "ultima_modificacion": "2025-08-01 01:01:04.817444"
  },
  "f1d88bde65ca484bbb0c68779285a94a1105c.jpeg": {
    "app_sintetizada": "F1D88BDE65CA484BBB0C68779285A94A1105C.JPEG",
    "cantidad_archivos": 1,
    "archivos_fuente": [
      "Pictures/Fototeca de Fotos.photoslibrary/resources/derivatives/F/F1D88BDE-65CA-484B-BB0C-68779285A94A_1_105_c.jpeg"
    ],
    "ultima_modificacion": "2025-08-01 01:01:04.817715"
  },
  "fa5eb1ca0b1d4af9a620f7b1f4931f021105c.jpeg": {
    "app_sintetizada": "FA5EB1CA0B1D4AF9A620F7B1F4931F021105C.JPEG",
    "cantidad_archivos": 1,
    "archivos_fuente": [
      "Pictures/Fototeca de Fotos.photoslibrary/resources/derivatives/F/FA5EB1CA-0B1D-4AF9-A620-F7B1F4931F02_1_105_c.jpeg"
    ],
    "ultima_modificacion": "2025-08-01 01:01:04.817984"
  },
  "f3f18b7de22f4f7fa33f54537c5fcad61105c.jpeg": {
    "app_sintetizada": "F3F18B7DE22F4F7FA33F54537C5FCAD61105C.JPEG",
    "cantidad_archivos": 1,
    "archivos_fuente": [
      "Pictures/Fototeca de Fotos.photoslibrary/resources/derivatives/F/F3F18B7D-E22F-4F7F-A33F-54537C5FCAD6_1_105_c.jpeg"
    ],
    "ultima_modificacion": "2025-08-01 01:01:04.818200"
  },
  "f83bc4c66ad2435b9406d1bfc34694e51105c.jpeg": {
    "app_sintetizada": "F83BC4C66AD2435B9406D1BFC34694E51105C.JPEG",
    "cantidad_archivos": 1,
    "archivos_fuente": [
      "Pictures/Fototeca de Fotos.photoslibrary/resources/derivatives/F/F83BC4C6-6AD2-435B-9406-D1BFC34694E5_1_105_c.jpeg"
    ],
    "ultima_modificacion": "2025-08-01 01:01:04.818395"
  },
  "fcdacca0922d461b93b4c76aed6e5bd81105c.jpeg": {
    "app_sintetizada": "FCDACCA0922D461B93B4C76AED6E5BD81105C.JPEG",
    "cantidad_archivos": 1,
    "archivos_fuente": [
      "Pictures/Fototeca de Fotos.photoslibrary/resources/derivatives/F/FCDACCA0-922D-461B-93B4-C76AED6E5BD8_1_105_c.jpeg"
    ],
    "ultima_modificacion": "2025-08-01 01:01:04.818605"
  },
  "f9980404e44e45c2b30f6b1cd80c8da21105c.jpeg": {
    "app_sintetizada": "F9980404E44E45C2B30F6B1CD80C8DA21105C.JPEG",
    "cantidad_archivos": 1,
    "archivos_fuente": [
      "Pictures/Fototeca de Fotos.photoslibrary/resources/derivatives/F/F9980404-E44E-45C2-B30F-6B1CD80C8DA2_1_105_c.jpeg"
    ],
    "ultima_modificacion": "2025-08-01 01:01:04.818913"
  },
  "ffade48a52ad4344898bf24432bae3771105c.jpeg": {
    "app_sintetizada": "FFADE48A52AD4344898BF24432BAE3771105C.JPEG",
    "cantidad_archivos": 1,
    "archivos_fuente": [
      "Pictures/Fototeca de Fotos.photoslibrary/resources/derivatives/F/FFADE48A-52AD-4344-898B-F24432BAE377_1_105_c.jpeg"
    ],
    "ultima_modificacion": "2025-08-01 01:01:04.819130"
  },
  "fe73386e70cd44cd9b8f424a4eb748b51105c.jpeg": {
    "app_sintetizada": "FE73386E70CD44CD9B8F424A4EB748B51105C.JPEG",
    "cantidad_archivos": 1,
    "archivos_fuente": [
      "Pictures/Fototeca de Fotos.photoslibrary/resources/derivatives/F/FE73386E-70CD-44CD-9B8F-424A4EB748B5_1_105_c.jpeg"
    ],
    "ultima_modificacion": "2025-08-01 01:01:04.819353"
  },
  "feb76c54eb7f496bb21d673a5ec22d68.thm": {
    "app_sintetizada": "FEB76C54EB7F496BB21D673A5EC22D68.THM",
    "cantidad_archivos": 1,
    "archivos_fuente": [
      "Pictures/Fototeca de Fotos.photoslibrary/resources/derivatives/F/FEB76C54-EB7F-496B-B21D-673A5EC22D68.THM"
    ],
    "ultima_modificacion": "2025-08-01 01:01:04.819569"
  },
  "f8fcaef6a293421db7ebece8dcd760111102o.jpeg": {
    "app_sintetizada": "F8FCAEF6A293421DB7EBECE8DCD760111102O.JPEG",
    "cantidad_archivos": 1,
    "archivos_fuente": [
      "Pictures/Fototeca de Fotos.photoslibrary/resources/derivatives/F/F8FCAEF6-A293-421D-B7EB-ECE8DCD76011_1_102_o.jpeg"
    ],
    "ultima_modificacion": "2025-08-01 01:01:04.819825"
  },
  "f387285fa1a240989b4040dd4b9ce51c1105c.jpeg": {
    "app_sintetizada": "F387285FA1A240989B4040DD4B9CE51C1105C.JPEG",
    "cantidad_archivos": 1,
    "archivos_fuente": [
      "Pictures/Fototeca de Fotos.photoslibrary/resources/derivatives/F/F387285F-A1A2-4098-9B40-40DD4B9CE51C_1_105_c.jpeg"
    ],
    "ultima_modificacion": "2025-08-01 01:01:04.820034"
  },
  "fbcce086a74f44b3a0cc13493c892d331105c.jpeg": {
    "app_sintetizada": "FBCCE086A74F44B3A0CC13493C892D331105C.JPEG",
    "cantidad_archivos": 1,
    "archivos_fuente": [
      "Pictures/Fototeca de Fotos.photoslibrary/resources/derivatives/F/FBCCE086-A74F-44B3-A0CC-13493C892D33_1_105_c.jpeg"
    ],
    "ultima_modificacion": "2025-08-01 01:01:04.820256"
  },
  "f521ae4118a749ee8d9c21bdb36c63341105c.jpeg": {
    "app_sintetizada": "F521AE4118A749EE8D9C21BDB36C63341105C.JPEG",
    "cantidad_archivos": 1,
    "archivos_fuente": [
      "Pictures/Fototeca de Fotos.photoslibrary/resources/derivatives/F/F521AE41-18A7-49EE-8D9C-21BDB36C6334_1_105_c.jpeg"
    ],
    "ultima_modificacion": "2025-08-01 01:01:04.820512"
  },
  "f97b5da959244c058701e7de654ba8601105c.jpeg": {
    "app_sintetizada": "F97B5DA959244C058701E7DE654BA8601105C.JPEG",
    "cantidad_archivos": 1,
    "archivos_fuente": [
      "Pictures/Fototeca de Fotos.photoslibrary/resources/derivatives/F/F97B5DA9-5924-4C05-8701-E7DE654BA860_1_105_c.jpeg"
    ],
    "ultima_modificacion": "2025-08-01 01:01:04.820723"
  },
  "f5814f4d4e6e4291b7e29683de9f1a441105c.jpeg": {
    "app_sintetizada": "F5814F4D4E6E4291B7E29683DE9F1A441105C.JPEG",
    "cantidad_archivos": 1,
    "archivos_fuente": [
      "Pictures/Fototeca de Fotos.photoslibrary/resources/derivatives/F/F5814F4D-4E6E-4291-B7E2-9683DE9F1A44_1_105_c.jpeg"
    ],
    "ultima_modificacion": "2025-08-01 01:01:04.820928"
  },
  "fe90f1b7f4fa4e75841347925bcfdb431105c.jpeg": {
    "app_sintetizada": "FE90F1B7F4FA4E75841347925BCFDB431105C.JPEG",
    "cantidad_archivos": 1,
    "archivos_fuente": [
      "Pictures/Fototeca de Fotos.photoslibrary/resources/derivatives/F/FE90F1B7-F4FA-4E75-8413-47925BCFDB43_1_105_c.jpeg"
    ],
    "ultima_modificacion": "2025-08-01 01:01:04.821224"
  },
  "f140ab892da047fe99d10144d4987b961105c.jpeg": {
    "app_sintetizada": "F140AB892DA047FE99D10144D4987B961105C.JPEG",
    "cantidad_archivos": 1,
    "archivos_fuente": [
      "Pictures/Fototeca de Fotos.photoslibrary/resources/derivatives/F/F140AB89-2DA0-47FE-99D1-0144D4987B96_1_105_c.jpeg"
    ],
    "ultima_modificacion": "2025-08-01 01:01:04.821513"
  },
  "f0f732a64f6f4786aafab6faeb4a81991105c.jpeg": {
    "app_sintetizada": "F0F732A64F6F4786AAFAB6FAEB4A81991105C.JPEG",
    "cantidad_archivos": 1,
    "archivos_fuente": [
      "Pictures/Fototeca de Fotos.photoslibrary/resources/derivatives/F/F0F732A6-4F6F-4786-AAFA-B6FAEB4A8199_1_105_c.jpeg"
    ],
    "ultima_modificacion": "2025-08-01 01:01:04.821733"
  },
  "fd51f415d9c0449d835e00565cb342ab1105c.jpeg": {
    "app_sintetizada": "FD51F415D9C0449D835E00565CB342AB1105C.JPEG",
    "cantidad_archivos": 1,
    "archivos_fuente": [
      "Pictures/Fototeca de Fotos.photoslibrary/resources/derivatives/F/FD51F415-D9C0-449D-835E-00565CB342AB_1_105_c.jpeg"
    ],
    "ultima_modificacion": "2025-08-01 01:01:04.822039"
  },
  "fb5a5ef00ea4445f80030d2918dfc7361105c.jpeg": {
    "app_sintetizada": "FB5A5EF00EA4445F80030D2918DFC7361105C.JPEG",
    "cantidad_archivos": 1,
    "archivos_fuente": [
      "Pictures/Fototeca de Fotos.photoslibrary/resources/derivatives/F/FB5A5EF0-0EA4-445F-8003-0D2918DFC736_1_105_c.jpeg"
    ],
    "ultima_modificacion": "2025-08-01 01:01:04.822254"
  },
  "fa41586d17ef4302976fff5bc8b7ef2e1105c.jpeg": {
    "app_sintetizada": "FA41586D17EF4302976FFF5BC8B7EF2E1105C.JPEG",
    "cantidad_archivos": 1,
    "archivos_fuente": [
      "Pictures/Fototeca de Fotos.photoslibrary/resources/derivatives/F/FA41586D-17EF-4302-976F-FF5BC8B7EF2E_1_105_c.jpeg"
    ],
    "ultima_modificacion": "2025-08-01 01:01:04.822438"
  },
  "f717c08a67d645a6bba3e945d903f7fc1105c.jpeg": {
    "app_sintetizada": "F717C08A67D645A6BBA3E945D903F7FC1105C.JPEG",
    "cantidad_archivos": 1,
    "archivos_fuente": [
      "Pictures/Fototeca de Fotos.photoslibrary/resources/derivatives/F/F717C08A-67D6-45A6-BBA3-E945D903F7FC_1_105_c.jpeg"
    ],
    "ultima_modificacion": "2025-08-01 01:01:04.822630"
  },
  "f9cf192113844e77abf11d4b5888c11b1105c.jpeg": {
    "app_sintetizada": "F9CF192113844E77ABF11D4B5888C11B1105C.JPEG",
    "cantidad_archivos": 1,
    "archivos_fuente": [
      "Pictures/Fototeca de Fotos.photoslibrary/resources/derivatives/F/F9CF1921-1384-4E77-ABF1-1D4B5888C11B_1_105_c.jpeg"
    ],
    "ultima_modificacion": "2025-08-01 01:01:04.822816"
  },
  "fb40a643ce5f4962884cde2e590fb04c1105c.jpeg": {
    "app_sintetizada": "FB40A643CE5F4962884CDE2E590FB04C1105C.JPEG",
    "cantidad_archivos": 1,
    "archivos_fuente": [
      "Pictures/Fototeca de Fotos.photoslibrary/resources/derivatives/F/FB40A643-CE5F-4962-884C-DE2E590FB04C_1_105_c.jpeg"
    ],
    "ultima_modificacion": "2025-08-01 01:01:04.822997"
  },
  "f594921d42df4888918470763385601b1105c.jpeg": {
    "app_sintetizada": "F594921D42DF4888918470763385601B1105C.JPEG",
    "cantidad_archivos": 1,
    "archivos_fuente": [
      "Pictures/Fototeca de Fotos.photoslibrary/resources/derivatives/F/F594921D-42DF-4888-9184-70763385601B_1_105_c.jpeg"
    ],
    "ultima_modificacion": "2025-08-01 01:01:04.823174"
  },
  "f23f5e4a6a2b407b9bd1525c5f931eaf1105c.jpeg": {
    "app_sintetizada": "F23F5E4A6A2B407B9BD1525C5F931EAF1105C.JPEG",
    "cantidad_archivos": 1,
    "archivos_fuente": [
      "Pictures/Fototeca de Fotos.photoslibrary/resources/derivatives/F/F23F5E4A-6A2B-407B-9BD1-525C5F931EAF_1_105_c.jpeg"
    ],
    "ultima_modificacion": "2025-08-01 01:01:04.823365"
  },
  "fc912a585b05499ea6a5e78ae13f285b1105c.jpeg": {
    "app_sintetizada": "FC912A585B05499EA6A5E78AE13F285B1105C.JPEG",
    "cantidad_archivos": 1,
    "archivos_fuente": [
      "Pictures/Fototeca de Fotos.photoslibrary/resources/derivatives/F/FC912A58-5B05-499E-A6A5-E78AE13F285B_1_105_c.jpeg"
    ],
    "ultima_modificacion": "2025-08-01 01:01:04.823535"
  },
  "fb3d8c132e674c39bb95d5f0ca1b049e1105c.jpeg": {
    "app_sintetizada": "FB3D8C132E674C39BB95D5F0CA1B049E1105C.JPEG",
    "cantidad_archivos": 1,
    "archivos_fuente": [
      "Pictures/Fototeca de Fotos.photoslibrary/resources/derivatives/F/FB3D8C13-2E67-4C39-BB95-D5F0CA1B049E_1_105_c.jpeg"
    ],
    "ultima_modificacion": "2025-08-01 01:01:04.823709"
  },
  "f8949d6dbcc94f2ca09d2792157099a21105c.jpeg": {
    "app_sintetizada": "F8949D6DBCC94F2CA09D2792157099A21105C.JPEG",
    "cantidad_archivos": 1,
    "archivos_fuente": [
      "Pictures/Fototeca de Fotos.photoslibrary/resources/derivatives/F/F8949D6D-BCC9-4F2C-A09D-2792157099A2_1_105_c.jpeg"
    ],
    "ultima_modificacion": "2025-08-01 01:01:04.823927"
  },
  "f9686e6dd8c4469f9bebeb99799d7fa81105c.jpeg": {
    "app_sintetizada": "F9686E6DD8C4469F9BEBEB99799D7FA81105C.JPEG",
    "cantidad_archivos": 1,
    "archivos_fuente": [
      "Pictures/Fototeca de Fotos.photoslibrary/resources/derivatives/F/F9686E6D-D8C4-469F-9BEB-EB99799D7FA8_1_105_c.jpeg"
    ],
    "ultima_modificacion": "2025-08-01 01:01:04.824205"
  },
  "f1888372f73444f4824f5e047929314a1105c.jpeg": {
    "app_sintetizada": "F1888372F73444F4824F5E047929314A1105C.JPEG",
    "cantidad_archivos": 1,
    "archivos_fuente": [
      "Pictures/Fototeca de Fotos.photoslibrary/resources/derivatives/F/F1888372-F734-44F4-824F-5E047929314A_1_105_c.jpeg"
    ],
    "ultima_modificacion": "2025-08-01 01:01:04.824450"
  },
  "f76e9ee6602e4825a498c228976aa5ca1105c.jpeg": {
    "app_sintetizada": "F76E9EE6602E4825A498C228976AA5CA1105C.JPEG",
    "cantidad_archivos": 1,
    "archivos_fuente": [
      "Pictures/Fototeca de Fotos.photoslibrary/resources/derivatives/F/F76E9EE6-602E-4825-A498-C228976AA5CA_1_105_c.jpeg"
    ],
    "ultima_modificacion": "2025-08-01 01:01:04.824712"
  },
  "f3ee999a5023408b85cbbefb306c9b2f1105c.jpeg": {
    "app_sintetizada": "F3EE999A5023408B85CBBEFB306C9B2F1105C.JPEG",
    "cantidad_archivos": 1,
    "archivos_fuente": [
      "Pictures/Fototeca de Fotos.photoslibrary/resources/derivatives/F/F3EE999A-5023-408B-85CB-BEFB306C9B2F_1_105_c.jpeg"
    ],
    "ultima_modificacion": "2025-08-01 01:01:04.824919"
  },
  "f0e221045b704c4aa316b49920b11f771105c.jpeg": {
    "app_sintetizada": "F0E221045B704C4AA316B49920B11F771105C.JPEG",
    "cantidad_archivos": 1,
    "archivos_fuente": [
      "Pictures/Fototeca de Fotos.photoslibrary/resources/derivatives/F/F0E22104-5B70-4C4A-A316-B49920B11F77_1_105_c.jpeg"
    ],
    "ultima_modificacion": "2025-08-01 01:01:04.825142"
  },
  "f87b70d8cfbf47738685c942898e6c691105c.jpeg": {
    "app_sintetizada": "F87B70D8CFBF47738685C942898E6C691105C.JPEG",
    "cantidad_archivos": 1,
    "archivos_fuente": [
      "Pictures/Fototeca de Fotos.photoslibrary/resources/derivatives/F/F87B70D8-CFBF-4773-8685-C942898E6C69_1_105_c.jpeg"
    ],
    "ultima_modificacion": "2025-08-01 01:01:04.825321"
  },
  "f858e60bd96b48c48b0edf0db37aee401105c.jpeg": {
    "app_sintetizada": "F858E60BD96B48C48B0EDF0DB37AEE401105C.JPEG",
    "cantidad_archivos": 1,
    "archivos_fuente": [
      "Pictures/Fototeca de Fotos.photoslibrary/resources/derivatives/F/F858E60B-D96B-48C4-8B0E-DF0DB37AEE40_1_105_c.jpeg"
    ],
    "ultima_modificacion": "2025-08-01 01:01:04.825496"
  },
  "f75d8c60380e48429e7ffec843fb34821105c.jpeg": {
    "app_sintetizada": "F75D8C60380E48429E7FFEC843FB34821105C.JPEG",
    "cantidad_archivos": 1,
    "archivos_fuente": [
      "Pictures/Fototeca de Fotos.photoslibrary/resources/derivatives/F/F75D8C60-380E-4842-9E7F-FEC843FB3482_1_105_c.jpeg"
    ],
    "ultima_modificacion": "2025-08-01 01:01:04.825674"
  },
  "f514ede8f8d94bb2bd234894ba9b677b1105c.jpeg": {
    "app_sintetizada": "F514EDE8F8D94BB2BD234894BA9B677B1105C.JPEG",
    "cantidad_archivos": 1,
    "archivos_fuente": [
      "Pictures/Fototeca de Fotos.photoslibrary/resources/derivatives/F/F514EDE8-F8D9-4BB2-BD23-4894BA9B677B_1_105_c.jpeg"
    ],
    "ultima_modificacion": "2025-08-01 01:01:04.825845"
  },
  "f058c28b62f94bc0be6881d91f91f1061105c.jpeg": {
    "app_sintetizada": "F058C28B62F94BC0BE6881D91F91F1061105C.JPEG",
    "cantidad_archivos": 1,
    "archivos_fuente": [
      "Pictures/Fototeca de Fotos.photoslibrary/resources/derivatives/F/F058C28B-62F9-4BC0-BE68-81D91F91F106_1_105_c.jpeg"
    ],
    "ultima_modificacion": "2025-08-01 01:01:04.826014"
  },
  "f6a431a413854a1cbf26125b611ed3aa1105c.jpeg": {
    "app_sintetizada": "F6A431A413854A1CBF26125B611ED3AA1105C.JPEG",
    "cantidad_archivos": 1,
    "archivos_fuente": [
      "Pictures/Fototeca de Fotos.photoslibrary/resources/derivatives/F/F6A431A4-1385-4A1C-BF26-125B611ED3AA_1_105_c.jpeg"
    ],
    "ultima_modificacion": "2025-08-01 01:01:04.826179"
  },
  "fcf2c8a5e55e475299b995db2d0766ea1105c.jpeg": {
    "app_sintetizada": "FCF2C8A5E55E475299B995DB2D0766EA1105C.JPEG",
    "cantidad_archivos": 1,
    "archivos_fuente": [
      "Pictures/Fototeca de Fotos.photoslibrary/resources/derivatives/F/FCF2C8A5-E55E-4752-99B9-95DB2D0766EA_1_105_c.jpeg"
    ],
    "ultima_modificacion": "2025-08-01 01:01:04.826347"
  },
  "faed3288db204c7088cb2b6590f049211105c.jpeg": {
    "app_sintetizada": "FAED3288DB204C7088CB2B6590F049211105C.JPEG",
    "cantidad_archivos": 1,
    "archivos_fuente": [
      "Pictures/Fototeca de Fotos.photoslibrary/resources/derivatives/F/FAED3288-DB20-4C70-88CB-2B6590F04921_1_105_c.jpeg"
    ],
    "ultima_modificacion": "2025-08-01 01:01:04.826543"
  },
  "fe3a0504e8404bda9f62f9541761e65b1105c.jpeg": {
    "app_sintetizada": "FE3A0504E8404BDA9F62F9541761E65B1105C.JPEG",
    "cantidad_archivos": 1,
    "archivos_fuente": [
      "Pictures/Fototeca de Fotos.photoslibrary/resources/derivatives/F/FE3A0504-E840-4BDA-9F62-F9541761E65B_1_105_c.jpeg"
    ],
    "ultima_modificacion": "2025-08-01 01:01:04.826838"
  },
  "f6fdd0a4f0ec4dcaab7fd5f34f67d5e61105c.jpeg": {
    "app_sintetizada": "F6FDD0A4F0EC4DCAAB7FD5F34F67D5E61105C.JPEG",
    "cantidad_archivos": 1,
    "archivos_fuente": [
      "Pictures/Fototeca de Fotos.photoslibrary/resources/derivatives/F/F6FDD0A4-F0EC-4DCA-AB7F-D5F34F67D5E6_1_105_c.jpeg"
    ],
    "ultima_modificacion": "2025-08-01 01:01:04.827058"
  },
  "f0953913bdfd4227ae8745723159186f1105c.jpeg": {
    "app_sintetizada": "F0953913BDFD4227AE8745723159186F1105C.JPEG",
    "cantidad_archivos": 1,
    "archivos_fuente": [
      "Pictures/Fototeca de Fotos.photoslibrary/resources/derivatives/F/F0953913-BDFD-4227-AE87-45723159186F_1_105_c.jpeg"
    ],
    "ultima_modificacion": "2025-08-01 01:01:04.827361"
  },
  "f607e60474c34d46bfc36d80bb0392301105c.jpeg": {
    "app_sintetizada": "F607E60474C34D46BFC36D80BB0392301105C.JPEG",
    "cantidad_archivos": 1,
    "archivos_fuente": [
      "Pictures/Fototeca de Fotos.photoslibrary/resources/derivatives/F/F607E604-74C3-4D46-BFC3-6D80BB039230_1_105_c.jpeg"
    ],
    "ultima_modificacion": "2025-08-01 01:01:04.827627"
  },
  "fa86318b62b34cc289976045a438c97a1105c.jpeg": {
    "app_sintetizada": "FA86318B62B34CC289976045A438C97A1105C.JPEG",
    "cantidad_archivos": 1,
    "archivos_fuente": [
      "Pictures/Fototeca de Fotos.photoslibrary/resources/derivatives/F/FA86318B-62B3-4CC2-8997-6045A438C97A_1_105_c.jpeg"
    ],
    "ultima_modificacion": "2025-08-01 01:01:04.827829"
  },
  "f9bd3c767a8149709fcf733089c9ec5e1105c.jpeg": {
    "app_sintetizada": "F9BD3C767A8149709FCF733089C9EC5E1105C.JPEG",
    "cantidad_archivos": 1,
    "archivos_fuente": [
      "Pictures/Fototeca de Fotos.photoslibrary/resources/derivatives/F/F9BD3C76-7A81-4970-9FCF-733089C9EC5E_1_105_c.jpeg"
    ],
    "ultima_modificacion": "2025-08-01 01:01:04.828056"
  },
  "faa2bdd3f36241ebb020e3dda65f8e041105c.jpeg": {
    "app_sintetizada": "FAA2BDD3F36241EBB020E3DDA65F8E041105C.JPEG",
    "cantidad_archivos": 1,
    "archivos_fuente": [
      "Pictures/Fototeca de Fotos.photoslibrary/resources/derivatives/F/FAA2BDD3-F362-41EB-B020-E3DDA65F8E04_1_105_c.jpeg"
    ],
    "ultima_modificacion": "2025-08-01 01:01:04.828235"
  },
  "fe79cf3c6963464e96efbd2c63feee9d1105c.jpeg": {
    "app_sintetizada": "FE79CF3C6963464E96EFBD2C63FEEE9D1105C.JPEG",
    "cantidad_archivos": 1,
    "archivos_fuente": [
      "Pictures/Fototeca de Fotos.photoslibrary/resources/derivatives/F/FE79CF3C-6963-464E-96EF-BD2C63FEEE9D_1_105_c.jpeg"
    ],
    "ultima_modificacion": "2025-08-01 01:01:04.828414"
  },
  "f7bc93faf8e84e8da697f2ac30caf0641105c.jpeg": {
    "app_sintetizada": "F7BC93FAF8E84E8DA697F2AC30CAF0641105C.JPEG",
    "cantidad_archivos": 1,
    "archivos_fuente": [
      "Pictures/Fototeca de Fotos.photoslibrary/resources/derivatives/F/F7BC93FA-F8E8-4E8D-A697-F2AC30CAF064_1_105_c.jpeg"
    ],
    "ultima_modificacion": "2025-08-01 01:01:04.828591"
  },
  "f3945abc97f34f0894ed653634d401e31105c.jpeg": {
    "app_sintetizada": "F3945ABC97F34F0894ED653634D401E31105C.JPEG",
    "cantidad_archivos": 1,
    "archivos_fuente": [
      "Pictures/Fototeca de Fotos.photoslibrary/resources/derivatives/F/F3945ABC-97F3-4F08-94ED-653634D401E3_1_105_c.jpeg"
    ],
    "ultima_modificacion": "2025-08-01 01:01:04.828770"
  },
  "fe5cf67556494e15af25e87816ec93d81105c.jpeg": {
    "app_sintetizada": "FE5CF67556494E15AF25E87816EC93D81105C.JPEG",
    "cantidad_archivos": 1,
    "archivos_fuente": [
      "Pictures/Fototeca de Fotos.photoslibrary/resources/derivatives/F/FE5CF675-5649-4E15-AF25-E87816EC93D8_1_105_c.jpeg"
    ],
    "ultima_modificacion": "2025-08-01 01:01:04.828959"
  },
  "f339497b2bc54802b801700ff09cd4481105c.jpeg": {
    "app_sintetizada": "F339497B2BC54802B801700FF09CD4481105C.JPEG",
    "cantidad_archivos": 1,
    "archivos_fuente": [
      "Pictures/Fototeca de Fotos.photoslibrary/resources/derivatives/F/F339497B-2BC5-4802-B801-700FF09CD448_1_105_c.jpeg"
    ],
    "ultima_modificacion": "2025-08-01 01:01:04.829270"
  },
  "f2e9203876e14968bc06caaa836fd9101105c.jpeg": {
    "app_sintetizada": "F2E9203876E14968BC06CAAA836FD9101105C.JPEG",
    "cantidad_archivos": 1,
    "archivos_fuente": [
      "Pictures/Fototeca de Fotos.photoslibrary/resources/derivatives/F/F2E92038-76E1-4968-BC06-CAAA836FD910_1_105_c.jpeg"
    ],
    "ultima_modificacion": "2025-08-01 01:01:04.829527"
  },
  "ff4a3938526249bf861b9b2962951d461105c.jpeg": {
    "app_sintetizada": "FF4A3938526249BF861B9B2962951D461105C.JPEG",
    "cantidad_archivos": 1,
    "archivos_fuente": [
      "Pictures/Fototeca de Fotos.photoslibrary/resources/derivatives/F/FF4A3938-5262-49BF-861B-9B2962951D46_1_105_c.jpeg"
    ],
    "ultima_modificacion": "2025-08-01 01:01:04.829730"
  },
  "fa68d7aa1252423aaa77b660b36839ec1105c.jpeg": {
    "app_sintetizada": "FA68D7AA1252423AAA77B660B36839EC1105C.JPEG",
    "cantidad_archivos": 1,
    "archivos_fuente": [
      "Pictures/Fototeca de Fotos.photoslibrary/resources/derivatives/F/FA68D7AA-1252-423A-AA77-B660B36839EC_1_105_c.jpeg"
    ],
    "ultima_modificacion": "2025-08-01 01:01:04.829910"
  },
  "ffed6a3b384144c4ab45f7411338d8f51105c.jpeg": {
    "app_sintetizada": "FFED6A3B384144C4AB45F7411338D8F51105C.JPEG",
    "cantidad_archivos": 1,
    "archivos_fuente": [
      "Pictures/Fototeca de Fotos.photoslibrary/resources/derivatives/F/FFED6A3B-3841-44C4-AB45-F7411338D8F5_1_105_c.jpeg"
    ],
    "ultima_modificacion": "2025-08-01 01:01:04.830102"
  },
  "f4006137f73844879546396b1274b30d1105c.jpeg": {
    "app_sintetizada": "F4006137F73844879546396B1274B30D1105C.JPEG",
    "cantidad_archivos": 1,
    "archivos_fuente": [
      "Pictures/Fototeca de Fotos.photoslibrary/resources/derivatives/F/F4006137-F738-4487-9546-396B1274B30D_1_105_c.jpeg"
    ],
    "ultima_modificacion": "2025-08-01 01:01:04.830448"
  },
  "f2a90fb8cf594cf8a7b11ac5f81a5b911105c.jpeg": {
    "app_sintetizada": "F2A90FB8CF594CF8A7B11AC5F81A5B911105C.JPEG",
    "cantidad_archivos": 1,
    "archivos_fuente": [
      "Pictures/Fototeca de Fotos.photoslibrary/resources/derivatives/F/F2A90FB8-CF59-4CF8-A7B1-1AC5F81A5B91_1_105_c.jpeg"
    ],
    "ultima_modificacion": "2025-08-01 01:01:04.830682"
  },
  "f264b08a54db4747a03787c7ef6928321105c.jpeg": {
    "app_sintetizada": "F264B08A54DB4747A03787C7EF6928321105C.JPEG",
    "cantidad_archivos": 1,
    "archivos_fuente": [
      "Pictures/Fototeca de Fotos.photoslibrary/resources/derivatives/F/F264B08A-54DB-4747-A037-87C7EF692832_1_105_c.jpeg"
    ],
    "ultima_modificacion": "2025-08-01 01:01:04.830879"
  },
  "fca1b288121a4107996c612ae1e270681105c.jpeg": {
    "app_sintetizada": "FCA1B288121A4107996C612AE1E270681105C.JPEG",
    "cantidad_archivos": 1,
    "archivos_fuente": [
      "Pictures/Fototeca de Fotos.photoslibrary/resources/derivatives/F/FCA1B288-121A-4107-996C-612AE1E27068_1_105_c.jpeg"
    ],
    "ultima_modificacion": "2025-08-01 01:01:04.831126"
  },
  "fb4b822eedd14dba9ee096531c8e2d121105c.jpeg": {
    "app_sintetizada": "FB4B822EEDD14DBA9EE096531C8E2D121105C.JPEG",
    "cantidad_archivos": 1,
    "archivos_fuente": [
      "Pictures/Fototeca de Fotos.photoslibrary/resources/derivatives/F/FB4B822E-EDD1-4DBA-9EE0-96531C8E2D12_1_105_c.jpeg"
    ],
    "ultima_modificacion": "2025-08-01 01:01:04.831484"
  },
  "fe61c3f8c20b4cc099461da9c746c4f21105c.jpeg": {
    "app_sintetizada": "FE61C3F8C20B4CC099461DA9C746C4F21105C.JPEG",
    "cantidad_archivos": 1,
    "archivos_fuente": [
      "Pictures/Fototeca de Fotos.photoslibrary/resources/derivatives/F/FE61C3F8-C20B-4CC0-9946-1DA9C746C4F2_1_105_c.jpeg"
    ],
    "ultima_modificacion": "2025-08-01 01:01:04.831770"
  },
  "f534af853e3044c9a336ff3f0f6b0e3d1105c.jpeg": {
    "app_sintetizada": "F534AF853E3044C9A336FF3F0F6B0E3D1105C.JPEG",
    "cantidad_archivos": 1,
    "archivos_fuente": [
      "Pictures/Fototeca de Fotos.photoslibrary/resources/derivatives/F/F534AF85-3E30-44C9-A336-FF3F0F6B0E3D_1_105_c.jpeg"
    ],
    "ultima_modificacion": "2025-08-01 01:01:04.832062"
  },
  "fc284d9db6b04bbab8d3c25f5a9b58df1105c.jpeg": {
    "app_sintetizada": "FC284D9DB6B04BBAB8D3C25F5A9B58DF1105C.JPEG",
    "cantidad_archivos": 1,
    "archivos_fuente": [
      "Pictures/Fototeca de Fotos.photoslibrary/resources/derivatives/F/FC284D9D-B6B0-4BBA-B8D3-C25F5A9B58DF_1_105_c.jpeg"
    ],
    "ultima_modificacion": "2025-08-01 01:01:04.832338"
  },
  "ffdbf49983344031a73c93edac3e42871105c.jpeg": {
    "app_sintetizada": "FFDBF49983344031A73C93EDAC3E42871105C.JPEG",
    "cantidad_archivos": 1,
    "archivos_fuente": [
      "Pictures/Fototeca de Fotos.photoslibrary/resources/derivatives/F/FFDBF499-8334-4031-A73C-93EDAC3E4287_1_105_c.jpeg"
    ],
    "ultima_modificacion": "2025-08-01 01:01:04.832621"
  },
  "fe1d3f156fc14802bacd57d9edcf1ec71105c.jpeg": {
    "app_sintetizada": "FE1D3F156FC14802BACD57D9EDCF1EC71105C.JPEG",
    "cantidad_archivos": 1,
    "archivos_fuente": [
      "Pictures/Fototeca de Fotos.photoslibrary/resources/derivatives/F/FE1D3F15-6FC1-4802-BACD-57D9EDCF1EC7_1_105_c.jpeg"
    ],
    "ultima_modificacion": "2025-08-01 01:01:04.832908"
  },
  "f0e2d8d5bb384ae4bf594f70d9fb46c51105c.jpeg": {
    "app_sintetizada": "F0E2D8D5BB384AE4BF594F70D9FB46C51105C.JPEG",
    "cantidad_archivos": 1,
    "archivos_fuente": [
      "Pictures/Fototeca de Fotos.photoslibrary/resources/derivatives/F/F0E2D8D5-BB38-4AE4-BF59-4F70D9FB46C5_1_105_c.jpeg"
    ],
    "ultima_modificacion": "2025-08-01 01:01:04.833192"
  },
  "f4fa3ea4fdbd47d09397dc73714af47a1105c.jpeg": {
    "app_sintetizada": "F4FA3EA4FDBD47D09397DC73714AF47A1105C.JPEG",
    "cantidad_archivos": 1,
    "archivos_fuente": [
      "Pictures/Fototeca de Fotos.photoslibrary/resources/derivatives/F/F4FA3EA4-FDBD-47D0-9397-DC73714AF47A_1_105_c.jpeg"
    ],
    "ultima_modificacion": "2025-08-01 01:01:04.833437"
  },
  "f07a4aaba7674f3cb4895120d1acce061105c.jpeg": {
    "app_sintetizada": "F07A4AABA7674F3CB4895120D1ACCE061105C.JPEG",
    "cantidad_archivos": 1,
    "archivos_fuente": [
      "Pictures/Fototeca de Fotos.photoslibrary/resources/derivatives/F/F07A4AAB-A767-4F3C-B489-5120D1ACCE06_1_105_c.jpeg"
    ],
    "ultima_modificacion": "2025-08-01 01:01:04.833633"
  },
  "fbcd6ca48e89470baee7a6a09b8d502e1105c.jpeg": {
    "app_sintetizada": "FBCD6CA48E89470BAEE7A6A09B8D502E1105C.JPEG",
    "cantidad_archivos": 1,
    "archivos_fuente": [
      "Pictures/Fototeca de Fotos.photoslibrary/resources/derivatives/F/FBCD6CA4-8E89-470B-AEE7-A6A09B8D502E_1_105_c.jpeg"
    ],
    "ultima_modificacion": "2025-08-01 01:01:04.833932"
  },
  "f8f5d6c47d5647a98f6fd6e456a2b33d1105c.jpeg": {
    "app_sintetizada": "F8F5D6C47D5647A98F6FD6E456A2B33D1105C.JPEG",
    "cantidad_archivos": 1,
    "archivos_fuente": [
      "Pictures/Fototeca de Fotos.photoslibrary/resources/derivatives/F/F8F5D6C4-7D56-47A9-8F6F-D6E456A2B33D_1_105_c.jpeg"
    ],
    "ultima_modificacion": "2025-08-01 01:01:04.834132"
  },
  "f7a7be3f694c4d059ebdec42a61a0214.thm": {
    "app_sintetizada": "F7A7BE3F694C4D059EBDEC42A61A0214.THM",
    "cantidad_archivos": 1,
    "archivos_fuente": [
      "Pictures/Fototeca de Fotos.photoslibrary/resources/derivatives/F/F7A7BE3F-694C-4D05-9EBD-EC42A61A0214.THM"
    ],
    "ultima_modificacion": "2025-08-01 01:01:04.834333"
  }
}