{
  "a7a477302b2d4f038bd521dfe99e10621105c.jpeg": {
    "app_sintetizada": "A7A477302B2D4F038BD521DFE99E10621105C.JPEG",
    "cantidad_archivos": 1,
    "archivos_fuente": [
      "Pictures/Fototeca de Fotos.photoslibrary/resources/derivatives/A/A7A47730-2B2D-4F03-8BD5-21DFE99E1062_1_105_c.jpeg"
    ],
    "ultima_modificacion": "2025-08-01 01:01:03.938393"
  },
  "aa319f3d790548a480148a8d906aaacf1105c.jpeg": {
    "app_sintetizada": "AA319F3D790548A480148A8D906AAACF1105C.JPEG",
    "cantidad_archivos": 1,
    "archivos_fuente": [
      "Pictures/Fototeca de Fotos.photoslibrary/resources/derivatives/A/AA319F3D-7905-48A4-8014-8A8D906AAACF_1_105_c.jpeg"
    ],
    "ultima_modificacion": "2025-08-01 01:01:03.938726"
  },
  "a81c50b37a574f2e972e4c85bd022e901105c.jpeg": {
    "app_sintetizada": "A81C50B37A574F2E972E4C85BD022E901105C.JPEG",
    "cantidad_archivos": 1,
    "archivos_fuente": [
      "Pictures/Fototeca de Fotos.photoslibrary/resources/derivatives/A/A81C50B3-7A57-4F2E-972E-4C85BD022E90_1_105_c.jpeg"
    ],
    "ultima_modificacion": "2025-08-01 01:01:03.939008"
  },
  "a813188d1ad64dc88809ebd338a0f8851105c.jpeg": {
    "app_sintetizada": "A813188D1AD64DC88809EBD338A0F8851105C.JPEG",
    "cantidad_archivos": 1,
    "archivos_fuente": [
      "Pictures/Fototeca de Fotos.photoslibrary/resources/derivatives/A/A813188D-1AD6-4DC8-8809-EBD338A0F885_1_105_c.jpeg"
    ],
    "ultima_modificacion": "2025-08-01 01:01:03.939309"
  },
  "adbaeb78a01b4367b1fe7cb7f7375d641105c.jpeg": {
    "app_sintetizada": "ADBAEB78A01B4367B1FE7CB7F7375D641105C.JPEG",
    "cantidad_archivos": 1,
    "archivos_fuente": [
      "Pictures/Fototeca de Fotos.photoslibrary/resources/derivatives/A/ADBAEB78-A01B-4367-B1FE-7CB7F7375D64_1_105_c.jpeg"
    ],
    "ultima_modificacion": "2025-08-01 01:01:03.939600"
  },
  "a60cabee49c54f579b2297a85ddeeb751105c.jpeg": {
    "app_sintetizada": "A60CABEE49C54F579B2297A85DDEEB751105C.JPEG",
    "cantidad_archivos": 1,
    "archivos_fuente": [
      "Pictures/Fototeca de Fotos.photoslibrary/resources/derivatives/A/A60CABEE-49C5-4F57-9B22-97A85DDEEB75_1_105_c.jpeg"
    ],
    "ultima_modificacion": "2025-08-01 01:01:03.939914"
  },
  "afc5680894234d85bd4fc806201fadcb1105c.jpeg": {
    "app_sintetizada": "AFC5680894234D85BD4FC806201FADCB1105C.JPEG",
    "cantidad_archivos": 1,
    "archivos_fuente": [
      "Pictures/Fototeca de Fotos.photoslibrary/resources/derivatives/A/AFC56808-9423-4D85-BD4F-C806201FADCB_1_105_c.jpeg"
    ],
    "ultima_modificacion": "2025-08-01 01:01:03.940235"
  },
  "adc66167bd4b439aaf03c6730aece1261105c.jpeg": {
    "app_sintetizada": "ADC66167BD4B439AAF03C6730AECE1261105C.JPEG",
    "cantidad_archivos": 1,
    "archivos_fuente": [
      "Pictures/Fototeca de Fotos.photoslibrary/resources/derivatives/A/ADC66167-BD4B-439A-AF03-C6730AECE126_1_105_c.jpeg"
    ],
    "ultima_modificacion": "2025-08-01 01:01:03.940556"
  },
  "aaf49424e2194fc085815e4bf1e5dc601105c.jpeg": {
    "app_sintetizada": "AAF49424E2194FC085815E4BF1E5DC601105C.JPEG",
    "cantidad_archivos": 1,
    "archivos_fuente": [
      "Pictures/Fototeca de Fotos.photoslibrary/resources/derivatives/A/AAF49424-E219-4FC0-8581-5E4BF1E5DC60_1_105_c.jpeg"
    ],
    "ultima_modificacion": "2025-08-01 01:01:03.940870"
  },
  "a805e913f7b7486085ec7d4875c7f2291105c.jpeg": {
    "app_sintetizada": "A805E913F7B7486085EC7D4875C7F2291105C.JPEG",
    "cantidad_archivos": 1,
    "archivos_fuente": [
      "Pictures/Fototeca de Fotos.photoslibrary/resources/derivatives/A/A805E913-F7B7-4860-85EC-7D4875C7F229_1_105_c.jpeg"
    ],
    "ultima_modificacion": "2025-08-01 01:01:03.941187"
  },
  "a883a54a3bd94cdb862384d50c79dcc91105c.jpeg": {
    "app_sintetizada": "A883A54A3BD94CDB862384D50C79DCC91105C.JPEG",
    "cantidad_archivos": 1,
    "archivos_fuente": [
      "Pictures/Fototeca de Fotos.photoslibrary/resources/derivatives/A/A883A54A-3BD9-4CDB-8623-84D50C79DCC9_1_105_c.jpeg"
    ],
    "ultima_modificacion": "2025-08-01 01:01:03.941494"
  },
  "a57a716bdabe44ca9bdb7f982982a0e21105c.jpeg": {
    "app_sintetizada": "A57A716BDABE44CA9BDB7F982982A0E21105C.JPEG",
    "cantidad_archivos": 1,
    "archivos_fuente": [
      "Pictures/Fototeca de Fotos.photoslibrary/resources/derivatives/A/A57A716B-DABE-44CA-9BDB-7F982982A0E2_1_105_c.jpeg"
    ],
    "ultima_modificacion": "2025-08-01 01:01:03.941804"
  },
  "ab19291ee6724aa1a78ceb5b09a6ce561105c.jpeg": {
    "app_sintetizada": "AB19291EE6724AA1A78CEB5B09A6CE561105C.JPEG",
    "cantidad_archivos": 1,
    "archivos_fuente": [
      "Pictures/Fototeca de Fotos.photoslibrary/resources/derivatives/A/AB19291E-E672-4AA1-A78C-EB5B09A6CE56_1_105_c.jpeg"
    ],
    "ultima_modificacion": "2025-08-01 01:01:03.942104"
  },
  "aa7d24fa72cc4dc1955225ef8b71d9ab1105c.jpeg": {
    "app_sintetizada": "AA7D24FA72CC4DC1955225EF8B71D9AB1105C.JPEG",
    "cantidad_archivos": 1,
    "archivos_fuente": [
      "Pictures/Fototeca de Fotos.photoslibrary/resources/derivatives/A/AA7D24FA-72CC-4DC1-9552-25EF8B71D9AB_1_105_c.jpeg"
    ],
    "ultima_modificacion": "2025-08-01 01:01:03.942395"
  },
  "ae2ae10e329646909270a4b7a4da5f2d1105c.jpeg": {
    "app_sintetizada": "AE2AE10E329646909270A4B7A4DA5F2D1105C.JPEG",
    "cantidad_archivos": 1,
    "archivos_fuente": [
      "Pictures/Fototeca de Fotos.photoslibrary/resources/derivatives/A/AE2AE10E-3296-4690-9270-A4B7A4DA5F2D_1_105_c.jpeg"
    ],
    "ultima_modificacion": "2025-08-01 01:01:03.942692"
  },
  "a96081ee4bd04024b966fabe2bb44c721105c.jpeg": {
    "app_sintetizada": "A96081EE4BD04024B966FABE2BB44C721105C.JPEG",
    "cantidad_archivos": 1,
    "archivos_fuente": [
      "Pictures/Fototeca de Fotos.photoslibrary/resources/derivatives/A/A96081EE-4BD0-4024-B966-FABE2BB44C72_1_105_c.jpeg"
    ],
    "ultima_modificacion": "2025-08-01 01:01:03.942997"
  },
  "ae5781efa5c54e8d900063265258232c1105c.jpeg": {
    "app_sintetizada": "AE5781EFA5C54E8D900063265258232C1105C.JPEG",
    "cantidad_archivos": 1,
    "archivos_fuente": [
      "Pictures/Fototeca de Fotos.photoslibrary/resources/derivatives/A/AE5781EF-A5C5-4E8D-9000-63265258232C_1_105_c.jpeg"
    ],
    "ultima_modificacion": "2025-08-01 01:01:03.943279"
  },
  "abbdc09a3a534b17b16861421cd69fd21105c.jpeg": {
    "app_sintetizada": "ABBDC09A3A534B17B16861421CD69FD21105C.JPEG",
    "cantidad_archivos": 1,
    "archivos_fuente": [
      "Pictures/Fototeca de Fotos.photoslibrary/resources/derivatives/A/ABBDC09A-3A53-4B17-B168-61421CD69FD2_1_105_c.jpeg"
    ],
    "ultima_modificacion": "2025-08-01 01:01:03.943552"
  },
  "a658d7d3ceb84895a3a20700586a7e121105c.jpeg": {
    "app_sintetizada": "A658D7D3CEB84895A3A20700586A7E121105C.JPEG",
    "cantidad_archivos": 1,
    "archivos_fuente": [
      "Pictures/Fototeca de Fotos.photoslibrary/resources/derivatives/A/A658D7D3-CEB8-4895-A3A2-0700586A7E12_1_105_c.jpeg"
    ],
    "ultima_modificacion": "2025-08-01 01:01:03.943896"
  },
  "a2ea4cecd9044eabb7f6b21820084e5b1105c.jpeg": {
    "app_sintetizada": "A2EA4CECD9044EABB7F6B21820084E5B1105C.JPEG",
    "cantidad_archivos": 1,
    "archivos_fuente": [
      "Pictures/Fototeca de Fotos.photoslibrary/resources/derivatives/A/A2EA4CEC-D904-4EAB-B7F6-B21820084E5B_1_105_c.jpeg"
    ],
    "ultima_modificacion": "2025-08-01 01:01:03.944212"
  },
  "ad702884b46d43f9909fda48ed3b165f.thm": {
    "app_sintetizada": "AD702884B46D43F9909FDA48ED3B165F.THM",
    "cantidad_archivos": 1,
    "archivos_fuente": [
      "Pictures/Fototeca de Fotos.photoslibrary/resources/derivatives/A/AD702884-B46D-43F9-909F-DA48ED3B165F.THM"
    ],
    "ultima_modificacion": "2025-08-01 01:01:03.944510"
  },
  "ae193d8378ad430c93f5ceb31627e7151105c.jpeg": {
    "app_sintetizada": "AE193D8378AD430C93F5CEB31627E7151105C.JPEG",
    "cantidad_archivos": 1,
    "archivos_fuente": [
      "Pictures/Fototeca de Fotos.photoslibrary/resources/derivatives/A/AE193D83-78AD-430C-93F5-CEB31627E715_1_105_c.jpeg"
    ],
    "ultima_modificacion": "2025-08-01 01:01:03.944809"
  },
  "ace20da1cd3a414eb0c6c16b75a87ce41105c.jpeg": {
    "app_sintetizada": "ACE20DA1CD3A414EB0C6C16B75A87CE41105C.JPEG",
    "cantidad_archivos": 1,
    "archivos_fuente": [
      "Pictures/Fototeca de Fotos.photoslibrary/resources/derivatives/A/ACE20DA1-CD3A-414E-B0C6-C16B75A87CE4_1_105_c.jpeg"
    ],
    "ultima_modificacion": "2025-08-01 01:01:03.945121"
  },
  "adeba7c9d17f44c282807303b26f1770.thm": {
    "app_sintetizada": "ADEBA7C9D17F44C282807303B26F1770.THM",
    "cantidad_archivos": 1,
    "archivos_fuente": [
      "Pictures/Fototeca de Fotos.photoslibrary/resources/derivatives/A/ADEBA7C9-D17F-44C2-8280-7303B26F1770.THM"
    ],
    "ultima_modificacion": "2025-08-01 01:01:03.945415"
  },
  "a2f5e2f28ec34af3abef1b48648b4d0e1105c.jpeg": {
    "app_sintetizada": "A2F5E2F28EC34AF3ABEF1B48648B4D0E1105C.JPEG",
    "cantidad_archivos": 1,
    "archivos_fuente": [
      "Pictures/Fototeca de Fotos.photoslibrary/resources/derivatives/A/A2F5E2F2-8EC3-4AF3-ABEF-1B48648B4D0E_1_105_c.jpeg"
    ],
    "ultima_modificacion": "2025-08-01 01:01:03.945711"
  },
  "a1bab1e3a2a64355a346982edacaabad1105c.jpeg": {
    "app_sintetizada": "A1BAB1E3A2A64355A346982EDACAABAD1105C.JPEG",
    "cantidad_archivos": 1,
    "archivos_fuente": [
      "Pictures/Fototeca de Fotos.photoslibrary/resources/derivatives/A/A1BAB1E3-A2A6-4355-A346-982EDACAABAD_1_105_c.jpeg"
    ],
    "ultima_modificacion": "2025-08-01 01:01:03.946003"
  },
  "ae5b673c57fe43b891ac614653b6a3f11105c.jpeg": {
    "app_sintetizada": "AE5B673C57FE43B891AC614653B6A3F11105C.JPEG",
    "cantidad_archivos": 1,
    "archivos_fuente": [
      "Pictures/Fototeca de Fotos.photoslibrary/resources/derivatives/A/AE5B673C-57FE-43B8-91AC-614653B6A3F1_1_105_c.jpeg"
    ],
    "ultima_modificacion": "2025-08-01 01:01:03.946313"
  },
  "a63b88e56b07483b89493769a7be6a401105c.jpeg": {
    "app_sintetizada": "A63B88E56B07483B89493769A7BE6A401105C.JPEG",
    "cantidad_archivos": 1,
    "archivos_fuente": [
      "Pictures/Fototeca de Fotos.photoslibrary/resources/derivatives/A/A63B88E5-6B07-483B-8949-3769A7BE6A40_1_105_c.jpeg"
    ],
    "ultima_modificacion": "2025-08-01 01:01:03.946616"
  },
  "aada859ae201410f93bd501b995ef6011105c.jpeg": {
    "app_sintetizada": "AADA859AE201410F93BD501B995EF6011105C.JPEG",
    "cantidad_archivos": 1,
    "archivos_fuente": [
      "Pictures/Fototeca de Fotos.photoslibrary/resources/derivatives/A/AADA859A-E201-410F-93BD-501B995EF601_1_105_c.jpeg"
    ],
    "ultima_modificacion": "2025-08-01 01:01:03.946896"
  },
  "aff2aaee60484741978c8a1d9a8e6ba61105c.jpeg": {
    "app_sintetizada": "AFF2AAEE60484741978C8A1D9A8E6BA61105C.JPEG",
    "cantidad_archivos": 1,
    "archivos_fuente": [
      "Pictures/Fototeca de Fotos.photoslibrary/resources/derivatives/A/AFF2AAEE-6048-4741-978C-8A1D9A8E6BA6_1_105_c.jpeg"
    ],
    "ultima_modificacion": "2025-08-01 01:01:03.947164"
  },
  "a9503e5b695f4e7d8ebee68bc264a2791105c.jpeg": {
    "app_sintetizada": "A9503E5B695F4E7D8EBEE68BC264A2791105C.JPEG",
    "cantidad_archivos": 1,
    "archivos_fuente": [
      "Pictures/Fototeca de Fotos.photoslibrary/resources/derivatives/A/A9503E5B-695F-4E7D-8EBE-E68BC264A279_1_105_c.jpeg"
    ],
    "ultima_modificacion": "2025-08-01 01:01:03.947427"
  },
  "a167624ce1fb40ebb46874aeb9669af21105c.jpeg": {
    "app_sintetizada": "A167624CE1FB40EBB46874AEB9669AF21105C.JPEG",
    "cantidad_archivos": 1,
    "archivos_fuente": [
      "Pictures/Fototeca de Fotos.photoslibrary/resources/derivatives/A/A167624C-E1FB-40EB-B468-74AEB9669AF2_1_105_c.jpeg"
    ],
    "ultima_modificacion": "2025-08-01 01:01:03.947693"
  },
  "a2795a0f0a9147f1a9b88ef9f8e9cd2c1105c.jpeg": {
    "app_sintetizada": "A2795A0F0A9147F1A9B88EF9F8E9CD2C1105C.JPEG",
    "cantidad_archivos": 1,
    "archivos_fuente": [
      "Pictures/Fototeca de Fotos.photoslibrary/resources/derivatives/A/A2795A0F-0A91-47F1-A9B8-8EF9F8E9CD2C_1_105_c.jpeg"
    ],
    "ultima_modificacion": "2025-08-01 01:01:03.947948"
  },
  "a9c7e43bdebb4a64ba40a620789a97e81105c.jpeg": {
    "app_sintetizada": "A9C7E43BDEBB4A64BA40A620789A97E81105C.JPEG",
    "cantidad_archivos": 1,
    "archivos_fuente": [
      "Pictures/Fototeca de Fotos.photoslibrary/resources/derivatives/A/A9C7E43B-DEBB-4A64-BA40-A620789A97E8_1_105_c.jpeg"
    ],
    "ultima_modificacion": "2025-08-01 01:01:03.948225"
  },
  "a17b45ecf50a4616befc52b2c18ddb091105c.jpeg": {
    "app_sintetizada": "A17B45ECF50A4616BEFC52B2C18DDB091105C.JPEG",
    "cantidad_archivos": 1,
    "archivos_fuente": [
      "Pictures/Fototeca de Fotos.photoslibrary/resources/derivatives/A/A17B45EC-F50A-4616-BEFC-52B2C18DDB09_1_105_c.jpeg"
    ],
    "ultima_modificacion": "2025-08-01 01:01:03.948537"
  },
  "a67d421f4a904a85ae4622de22f2e39c.thm": {
    "app_sintetizada": "A67D421F4A904A85AE4622DE22F2E39C.THM",
    "cantidad_archivos": 1,
    "archivos_fuente": [
      "Pictures/Fototeca de Fotos.photoslibrary/resources/derivatives/A/A67D421F-4A90-4A85-AE46-22DE22F2E39C.THM"
    ],
    "ultima_modificacion": "2025-08-01 01:01:03.948856"
  },
  "af84f2a86f7d4c5da302f7e5f8c169951105c.jpeg": {
    "app_sintetizada": "AF84F2A86F7D4C5DA302F7E5F8C169951105C.JPEG",
    "cantidad_archivos": 1,
    "archivos_fuente": [
      "Pictures/Fototeca de Fotos.photoslibrary/resources/derivatives/A/AF84F2A8-6F7D-4C5D-A302-F7E5F8C16995_1_105_c.jpeg"
    ],
    "ultima_modificacion": "2025-08-01 01:01:03.949143"
  },
  "a2f105a6a6de45b2aa1043b0d902f9b41105c.jpeg": {
    "app_sintetizada": "A2F105A6A6DE45B2AA1043B0D902F9B41105C.JPEG",
    "cantidad_archivos": 1,
    "archivos_fuente": [
      "Pictures/Fototeca de Fotos.photoslibrary/resources/derivatives/A/A2F105A6-A6DE-45B2-AA10-43B0D902F9B4_1_105_c.jpeg"
    ],
    "ultima_modificacion": "2025-08-01 01:01:03.949469"
  },
  "a89552c4451947b180912ae7de1bfb611102o.jpeg": {
    "app_sintetizada": "A89552C4451947B180912AE7DE1BFB611102O.JPEG",
    "cantidad_archivos": 1,
    "archivos_fuente": [
      "Pictures/Fototeca de Fotos.photoslibrary/resources/derivatives/A/A89552C4-4519-47B1-8091-2AE7DE1BFB61_1_102_o.jpeg"
    ],
    "ultima_modificacion": "2025-08-01 01:01:03.949809"
  },
  "a8d4e6008a0f406190bec2b2ab3acd141105c.jpeg": {
    "app_sintetizada": "A8D4E6008A0F406190BEC2B2AB3ACD141105C.JPEG",
    "cantidad_archivos": 1,
    "archivos_fuente": [
      "Pictures/Fototeca de Fotos.photoslibrary/resources/derivatives/A/A8D4E600-8A0F-4061-90BE-C2B2AB3ACD14_1_105_c.jpeg"
    ],
    "ultima_modificacion": "2025-08-01 01:01:03.950129"
  },
  "a6204ed38cba4942ab05a3253cdf1b501105c.jpeg": {
    "app_sintetizada": "A6204ED38CBA4942AB05A3253CDF1B501105C.JPEG",
    "cantidad_archivos": 1,
    "archivos_fuente": [
      "Pictures/Fototeca de Fotos.photoslibrary/resources/derivatives/A/A6204ED3-8CBA-4942-AB05-A3253CDF1B50_1_105_c.jpeg"
    ],
    "ultima_modificacion": "2025-08-01 01:01:03.950424"
  },
  "a451e9ed8308436ab83ecd7a8596c1811105c.jpeg": {
    "app_sintetizada": "A451E9ED8308436AB83ECD7A8596C1811105C.JPEG",
    "cantidad_archivos": 1,
    "archivos_fuente": [
      "Pictures/Fototeca de Fotos.photoslibrary/resources/derivatives/A/A451E9ED-8308-436A-B83E-CD7A8596C181_1_105_c.jpeg"
    ],
    "ultima_modificacion": "2025-08-01 01:01:03.950705"
  },
  "ab780d6ef9ca43ffbe522e3049689b9c1105c.jpeg": {
    "app_sintetizada": "AB780D6EF9CA43FFBE522E3049689B9C1105C.JPEG",
    "cantidad_archivos": 1,
    "archivos_fuente": [
      "Pictures/Fototeca de Fotos.photoslibrary/resources/derivatives/A/AB780D6E-F9CA-43FF-BE52-2E3049689B9C_1_105_c.jpeg"
    ],
    "ultima_modificacion": "2025-08-01 01:01:03.950995"
  },
  "ae227b0a4fc647839732b00cea2e243d1105c.jpeg": {
    "app_sintetizada": "AE227B0A4FC647839732B00CEA2E243D1105C.JPEG",
    "cantidad_archivos": 1,
    "archivos_fuente": [
      "Pictures/Fototeca de Fotos.photoslibrary/resources/derivatives/A/AE227B0A-4FC6-4783-9732-B00CEA2E243D_1_105_c.jpeg"
    ],
    "ultima_modificacion": "2025-08-01 01:01:03.951280"
  },
  "ab46c1f448914e288f4040c61e6326761105c.jpeg": {
    "app_sintetizada": "AB46C1F448914E288F4040C61E6326761105C.JPEG",
    "cantidad_archivos": 1,
    "archivos_fuente": [
      "Pictures/Fototeca de Fotos.photoslibrary/resources/derivatives/A/AB46C1F4-4891-4E28-8F40-40C61E632676_1_105_c.jpeg"
    ],
    "ultima_modificacion": "2025-08-01 01:01:03.951552"
  },
  "aadcc360405a4ff5b5f4faf387ac53641105c.jpeg": {
    "app_sintetizada": "AADCC360405A4FF5B5F4FAF387AC53641105C.JPEG",
    "cantidad_archivos": 1,
    "archivos_fuente": [
      "Pictures/Fototeca de Fotos.photoslibrary/resources/derivatives/A/AADCC360-405A-4FF5-B5F4-FAF387AC5364_1_105_c.jpeg"
    ],
    "ultima_modificacion": "2025-08-01 01:01:03.951827"
  },
  "aedc57abc0da4bf881ef19423be6c4ec1105c.jpeg": {
    "app_sintetizada": "AEDC57ABC0DA4BF881EF19423BE6C4EC1105C.JPEG",
    "cantidad_archivos": 1,
    "archivos_fuente": [
      "Pictures/Fototeca de Fotos.photoslibrary/resources/derivatives/A/AEDC57AB-C0DA-4BF8-81EF-19423BE6C4EC_1_105_c.jpeg"
    ],
    "ultima_modificacion": "2025-08-01 01:01:03.952097"
  },
  "afeb96288cdc4f59b37463bafd8c0b3f1105c.jpeg": {
    "app_sintetizada": "AFEB96288CDC4F59B37463BAFD8C0B3F1105C.JPEG",
    "cantidad_archivos": 1,
    "archivos_fuente": [
      "Pictures/Fototeca de Fotos.photoslibrary/resources/derivatives/A/AFEB9628-8CDC-4F59-B374-63BAFD8C0B3F_1_105_c.jpeg"
    ],
    "ultima_modificacion": "2025-08-01 01:01:03.952367"
  },
  "ad7030a98ec249c7abebd9026744a23f1105c.jpeg": {
    "app_sintetizada": "AD7030A98EC249C7ABEBD9026744A23F1105C.JPEG",
    "cantidad_archivos": 1,
    "archivos_fuente": [
      "Pictures/Fototeca de Fotos.photoslibrary/resources/derivatives/A/AD7030A9-8EC2-49C7-ABEB-D9026744A23F_1_105_c.jpeg"
    ],
    "ultima_modificacion": "2025-08-01 01:01:03.952683"
  },
  "a76c2611a54a432aa398b3d1bc4498431105c.jpeg": {
    "app_sintetizada": "A76C2611A54A432AA398B3D1BC4498431105C.JPEG",
    "cantidad_archivos": 1,
    "archivos_fuente": [
      "Pictures/Fototeca de Fotos.photoslibrary/resources/derivatives/A/A76C2611-A54A-432A-A398-B3D1BC449843_1_105_c.jpeg"
    ],
    "ultima_modificacion": "2025-08-01 01:01:03.952997"
  },
  "ad19dbb237914bb59b10f323b91767021105c.jpeg": {
    "app_sintetizada": "AD19DBB237914BB59B10F323B91767021105C.JPEG",
    "cantidad_archivos": 1,
    "archivos_fuente": [
      "Pictures/Fototeca de Fotos.photoslibrary/resources/derivatives/A/AD19DBB2-3791-4BB5-9B10-F323B9176702_1_105_c.jpeg"
    ],
    "ultima_modificacion": "2025-08-01 01:01:03.953335"
  },
  "a82e7354d93a484bb1cd583848ff50991105c.jpeg": {
    "app_sintetizada": "A82E7354D93A484BB1CD583848FF50991105C.JPEG",
    "cantidad_archivos": 1,
    "archivos_fuente": [
      "Pictures/Fototeca de Fotos.photoslibrary/resources/derivatives/A/A82E7354-D93A-484B-B1CD-583848FF5099_1_105_c.jpeg"
    ],
    "ultima_modificacion": "2025-08-01 01:01:03.953646"
  },
  "a00ff939f7fb4fe8ba4cc2c183e74d641105c.jpeg": {
    "app_sintetizada": "A00FF939F7FB4FE8BA4CC2C183E74D641105C.JPEG",
    "cantidad_archivos": 1,
    "archivos_fuente": [
      "Pictures/Fototeca de Fotos.photoslibrary/resources/derivatives/A/A00FF939-F7FB-4FE8-BA4C-C2C183E74D64_1_105_c.jpeg"
    ],
    "ultima_modificacion": "2025-08-01 01:01:03.953964"
  },
  "a32254c0b42c4d9480537934ec25f7c01105c.jpeg": {
    "app_sintetizada": "A32254C0B42C4D9480537934EC25F7C01105C.JPEG",
    "cantidad_archivos": 1,
    "archivos_fuente": [
      "Pictures/Fototeca de Fotos.photoslibrary/resources/derivatives/A/A32254C0-B42C-4D94-8053-7934EC25F7C0_1_105_c.jpeg"
    ],
    "ultima_modificacion": "2025-08-01 01:01:03.954273"
  },
  "a8f503d8e351427c8a53d1bbd1f54bff1105c.jpeg": {
    "app_sintetizada": "A8F503D8E351427C8A53D1BBD1F54BFF1105C.JPEG",
    "cantidad_archivos": 1,
    "archivos_fuente": [
      "Pictures/Fototeca de Fotos.photoslibrary/resources/derivatives/A/A8F503D8-E351-427C-8A53-D1BBD1F54BFF_1_105_c.jpeg"
    ],
    "ultima_modificacion": "2025-08-01 01:01:03.954595"
  },
  "a89b9dfd7aeb4f7492688abcb496dc871105c.jpeg": {
    "app_sintetizada": "A89B9DFD7AEB4F7492688ABCB496DC871105C.JPEG",
    "cantidad_archivos": 1,
    "archivos_fuente": [
      "Pictures/Fototeca de Fotos.photoslibrary/resources/derivatives/A/A89B9DFD-7AEB-4F74-9268-8ABCB496DC87_1_105_c.jpeg"
    ],
    "ultima_modificacion": "2025-08-01 01:01:03.954939"
  },
  "af043f1498604f3591dbe5ba451e2c2a1105c.jpeg": {
    "app_sintetizada": "AF043F1498604F3591DBE5BA451E2C2A1105C.JPEG",
    "cantidad_archivos": 1,
    "archivos_fuente": [
      "Pictures/Fototeca de Fotos.photoslibrary/resources/derivatives/A/AF043F14-9860-4F35-91DB-E5BA451E2C2A_1_105_c.jpeg"
    ],
    "ultima_modificacion": "2025-08-01 01:01:03.955233"
  },
  "aa11f93d5bf84c50b15be5a05aecf0a91105c.jpeg": {
    "app_sintetizada": "AA11F93D5BF84C50B15BE5A05AECF0A91105C.JPEG",
    "cantidad_archivos": 1,
    "archivos_fuente": [
      "Pictures/Fototeca de Fotos.photoslibrary/resources/derivatives/A/AA11F93D-5BF8-4C50-B15B-E5A05AECF0A9_1_105_c.jpeg"
    ],
    "ultima_modificacion": "2025-08-01 01:01:03.955526"
  },
  "af4f31e5b148412388f056390472694a1105c.jpeg": {
    "app_sintetizada": "AF4F31E5B148412388F056390472694A1105C.JPEG",
    "cantidad_archivos": 1,
    "archivos_fuente": [
      "Pictures/Fototeca de Fotos.photoslibrary/resources/derivatives/A/AF4F31E5-B148-4123-88F0-56390472694A_1_105_c.jpeg"
    ],
    "ultima_modificacion": "2025-08-01 01:01:03.955805"
  },
  "a8add2896af242ecab8a0c4d2c45d92c1105c.jpeg": {
    "app_sintetizada": "A8ADD2896AF242ECAB8A0C4D2C45D92C1105C.JPEG",
    "cantidad_archivos": 1,
    "archivos_fuente": [
      "Pictures/Fototeca de Fotos.photoslibrary/resources/derivatives/A/A8ADD289-6AF2-42EC-AB8A-0C4D2C45D92C_1_105_c.jpeg"
    ],
    "ultima_modificacion": "2025-08-01 01:01:03.956090"
  },
  "a4fe82a51e8a4c8bac7dbc91b79a6a68.thm": {
    "app_sintetizada": "A4FE82A51E8A4C8BAC7DBC91B79A6A68.THM",
    "cantidad_archivos": 1,
    "archivos_fuente": [
      "Pictures/Fototeca de Fotos.photoslibrary/resources/derivatives/A/A4FE82A5-1E8A-4C8B-AC7D-BC91B79A6A68.THM"
    ],
    "ultima_modificacion": "2025-08-01 01:01:03.956375"
  },
  "a84dbbdd126342b3bc9e43805065ba991105c.jpeg": {
    "app_sintetizada": "A84DBBDD126342B3BC9E43805065BA991105C.JPEG",
    "cantidad_archivos": 1,
    "archivos_fuente": [
      "Pictures/Fototeca de Fotos.photoslibrary/resources/derivatives/A/A84DBBDD-1263-42B3-BC9E-43805065BA99_1_105_c.jpeg"
    ],
    "ultima_modificacion": "2025-08-01 01:01:03.956658"
  },
  "a7b77f6c61684162a6ce74ce3ea4dd131105c.jpeg": {
    "app_sintetizada": "A7B77F6C61684162A6CE74CE3EA4DD131105C.JPEG",
    "cantidad_archivos": 1,
    "archivos_fuente": [
      "Pictures/Fototeca de Fotos.photoslibrary/resources/derivatives/A/A7B77F6C-6168-4162-A6CE-74CE3EA4DD13_1_105_c.jpeg"
    ],
    "ultima_modificacion": "2025-08-01 01:01:03.956947"
  },
  "a452ba9399b54e3d9270bad2012784e11105c.jpeg": {
    "app_sintetizada": "A452BA9399B54E3D9270BAD2012784E11105C.JPEG",
    "cantidad_archivos": 1,
    "archivos_fuente": [
      "Pictures/Fototeca de Fotos.photoslibrary/resources/derivatives/A/A452BA93-99B5-4E3D-9270-BAD2012784E1_1_105_c.jpeg"
    ],
    "ultima_modificacion": "2025-08-01 01:01:03.957247"
  },
  "a792090eec254643b5f6f6eaef3b57401105c.jpeg": {
    "app_sintetizada": "A792090EEC254643B5F6F6EAEF3B57401105C.JPEG",
    "cantidad_archivos": 1,
    "archivos_fuente": [
      "Pictures/Fototeca de Fotos.photoslibrary/resources/derivatives/A/A792090E-EC25-4643-B5F6-F6EAEF3B5740_1_105_c.jpeg"
    ],
    "ultima_modificacion": "2025-08-01 01:01:03.957543"
  },
  "a81d40dcb0874b2c95ea2592bb2d70bc1105c.jpeg": {
    "app_sintetizada": "A81D40DCB0874B2C95EA2592BB2D70BC1105C.JPEG",
    "cantidad_archivos": 1,
    "archivos_fuente": [
      "Pictures/Fototeca de Fotos.photoslibrary/resources/derivatives/A/A81D40DC-B087-4B2C-95EA-2592BB2D70BC_1_105_c.jpeg"
    ],
    "ultima_modificacion": "2025-08-01 01:01:03.957868"
  },
  "abe6246637654323b438c65e941260e11105c.jpeg": {
    "app_sintetizada": "ABE6246637654323B438C65E941260E11105C.JPEG",
    "cantidad_archivos": 1,
    "archivos_fuente": [
      "Pictures/Fototeca de Fotos.photoslibrary/resources/derivatives/A/ABE62466-3765-4323-B438-C65E941260E1_1_105_c.jpeg"
    ],
    "ultima_modificacion": "2025-08-01 01:01:03.958190"
  },
  "ab364999bb9a49dfa3a7ffe8ad7bc0a01105c.jpeg": {
    "app_sintetizada": "AB364999BB9A49DFA3A7FFE8AD7BC0A01105C.JPEG",
    "cantidad_archivos": 1,
    "archivos_fuente": [
      "Pictures/Fototeca de Fotos.photoslibrary/resources/derivatives/A/AB364999-BB9A-49DF-A3A7-FFE8AD7BC0A0_1_105_c.jpeg"
    ],
    "ultima_modificacion": "2025-08-01 01:01:03.958480"
  },
  "a48b359b0df44b04bbda8bce5df9b5f21105c.jpeg": {
    "app_sintetizada": "A48B359B0DF44B04BBDA8BCE5DF9B5F21105C.JPEG",
    "cantidad_archivos": 1,
    "archivos_fuente": [
      "Pictures/Fototeca de Fotos.photoslibrary/resources/derivatives/A/A48B359B-0DF4-4B04-BBDA-8BCE5DF9B5F2_1_105_c.jpeg"
    ],
    "ultima_modificacion": "2025-08-01 01:01:03.958770"
  },
  "a79a9f3901614ca1a9a50b4f51a7fb8e1102o.jpeg": {
    "app_sintetizada": "A79A9F3901614CA1A9A50B4F51A7FB8E1102O.JPEG",
    "cantidad_archivos": 1,
    "archivos_fuente": [
      "Pictures/Fototeca de Fotos.photoslibrary/resources/derivatives/A/A79A9F39-0161-4CA1-A9A5-0B4F51A7FB8E_1_102_o.jpeg"
    ],
    "ultima_modificacion": "2025-08-01 01:01:03.959080"
  },
  "a80761f82fbf4f75ae7b5b6707e3d6cb1105c.jpeg": {
    "app_sintetizada": "A80761F82FBF4F75AE7B5B6707E3D6CB1105C.JPEG",
    "cantidad_archivos": 1,
    "archivos_fuente": [
      "Pictures/Fototeca de Fotos.photoslibrary/resources/derivatives/A/A80761F8-2FBF-4F75-AE7B-5B6707E3D6CB_1_105_c.jpeg"
    ],
    "ultima_modificacion": "2025-08-01 01:01:03.959398"
  },
  "a618be4ed7814b918f53d90918bb40111105c.jpeg": {
    "app_sintetizada": "A618BE4ED7814B918F53D90918BB40111105C.JPEG",
    "cantidad_archivos": 1,
    "archivos_fuente": [
      "Pictures/Fototeca de Fotos.photoslibrary/resources/derivatives/A/A618BE4E-D781-4B91-8F53-D90918BB4011_1_105_c.jpeg"
    ],
    "ultima_modificacion": "2025-08-01 01:01:03.959734"
  },
  "a2fa71dab09647ec8a4bf0c1527d4d7d1105c.jpeg": {
    "app_sintetizada": "A2FA71DAB09647EC8A4BF0C1527D4D7D1105C.JPEG",
    "cantidad_archivos": 1,
    "archivos_fuente": [
      "Pictures/Fototeca de Fotos.photoslibrary/resources/derivatives/A/A2FA71DA-B096-47EC-8A4B-F0C1527D4D7D_1_105_c.jpeg"
    ],
    "ultima_modificacion": "2025-08-01 01:01:03.960036"
  },
  "a0f712012a244b1b9ab797f91ab7c11a1105c.jpeg": {
    "app_sintetizada": "A0F712012A244B1B9AB797F91AB7C11A1105C.JPEG",
    "cantidad_archivos": 1,
    "archivos_fuente": [
      "Pictures/Fototeca de Fotos.photoslibrary/resources/derivatives/A/A0F71201-2A24-4B1B-9AB7-97F91AB7C11A_1_105_c.jpeg"
    ],
    "ultima_modificacion": "2025-08-01 01:01:03.960385"
  },
  "aee726e11a624a0195cf3ff4089b43c61105c.jpeg": {
    "app_sintetizada": "AEE726E11A624A0195CF3FF4089B43C61105C.JPEG",
    "cantidad_archivos": 1,
    "archivos_fuente": [
      "Pictures/Fototeca de Fotos.photoslibrary/resources/derivatives/A/AEE726E1-1A62-4A01-95CF-3FF4089B43C6_1_105_c.jpeg"
    ],
    "ultima_modificacion": "2025-08-01 01:01:03.960761"
  },
  "a438fada5d4347f6866564efcee1d0351105c.jpeg": {
    "app_sintetizada": "A438FADA5D4347F6866564EFCEE1D0351105C.JPEG",
    "cantidad_archivos": 1,
    "archivos_fuente": [
      "Pictures/Fototeca de Fotos.photoslibrary/resources/derivatives/A/A438FADA-5D43-47F6-8665-64EFCEE1D035_1_105_c.jpeg"
    ],
    "ultima_modificacion": "2025-08-01 01:01:03.961066"
  },
  "ac05220220b84d608653e59072c8a7b91105c.jpeg": {
    "app_sintetizada": "AC05220220B84D608653E59072C8A7B91105C.JPEG",
    "cantidad_archivos": 1,
    "archivos_fuente": [
      "Pictures/Fototeca de Fotos.photoslibrary/resources/derivatives/A/AC052202-20B8-4D60-8653-E59072C8A7B9_1_105_c.jpeg"
    ],
    "ultima_modificacion": "2025-08-01 01:01:03.961404"
  },
  "a59dddd0564d4670910407e5af0283521105c.jpeg": {
    "app_sintetizada": "A59DDDD0564D4670910407E5AF0283521105C.JPEG",
    "cantidad_archivos": 1,
    "archivos_fuente": [
      "Pictures/Fototeca de Fotos.photoslibrary/resources/derivatives/A/A59DDDD0-564D-4670-9104-07E5AF028352_1_105_c.jpeg"
    ],
    "ultima_modificacion": "2025-08-01 01:01:03.961746"
  },
  "a106c721ed234d3f8365b0d99313c3121105c.jpeg": {
    "app_sintetizada": "A106C721ED234D3F8365B0D99313C3121105C.JPEG",
    "cantidad_archivos": 1,
    "archivos_fuente": [
      "Pictures/Fototeca de Fotos.photoslibrary/resources/derivatives/A/A106C721-ED23-4D3F-8365-B0D99313C312_1_105_c.jpeg"
    ],
    "ultima_modificacion": "2025-08-01 01:01:03.962110"
  },
  "aa23f27236234be5b47a7b1e4611f2831105c.jpeg": {
    "app_sintetizada": "AA23F27236234BE5B47A7B1E4611F2831105C.JPEG",
    "cantidad_archivos": 1,
    "archivos_fuente": [
      "Pictures/Fototeca de Fotos.photoslibrary/resources/derivatives/A/AA23F272-3623-4BE5-B47A-7B1E4611F283_1_105_c.jpeg"
    ],
    "ultima_modificacion": "2025-08-01 01:01:03.962444"
  },
  "a959a57b63ab43bc9006c285605ecc0b1105c.jpeg": {
    "app_sintetizada": "A959A57B63AB43BC9006C285605ECC0B1105C.JPEG",
    "cantidad_archivos": 1,
    "archivos_fuente": [
      "Pictures/Fototeca de Fotos.photoslibrary/resources/derivatives/A/A959A57B-63AB-43BC-9006-C285605ECC0B_1_105_c.jpeg"
    ],
    "ultima_modificacion": "2025-08-01 01:01:03.962768"
  },
  "af2cf90ac4214ec9b139a4f8e67ed0641105c.jpeg": {
    "app_sintetizada": "AF2CF90AC4214EC9B139A4F8E67ED0641105C.JPEG",
    "cantidad_archivos": 1,
    "archivos_fuente": [
      "Pictures/Fototeca de Fotos.photoslibrary/resources/derivatives/A/AF2CF90A-C421-4EC9-B139-A4F8E67ED064_1_105_c.jpeg"
    ],
    "ultima_modificacion": "2025-08-01 01:01:03.963090"
  },
  "ae552bcfd07e498a9b74ecc378733dee1105c.jpeg": {
    "app_sintetizada": "AE552BCFD07E498A9B74ECC378733DEE1105C.JPEG",
    "cantidad_archivos": 1,
    "archivos_fuente": [
      "Pictures/Fototeca de Fotos.photoslibrary/resources/derivatives/A/AE552BCF-D07E-498A-9B74-ECC378733DEE_1_105_c.jpeg"
    ],
    "ultima_modificacion": "2025-08-01 01:01:03.963354"
  },
  "a0d359a3692e4364b9011b0cc09f91161105c.jpeg": {
    "app_sintetizada": "A0D359A3692E4364B9011B0CC09F91161105C.JPEG",
    "cantidad_archivos": 1,
    "archivos_fuente": [
      "Pictures/Fototeca de Fotos.photoslibrary/resources/derivatives/A/A0D359A3-692E-4364-B901-1B0CC09F9116_1_105_c.jpeg"
    ],
    "ultima_modificacion": "2025-08-01 01:01:03.963701"
  },
  "aecdaaab0ec54a1a952495663fdf69e51105c.jpeg": {
    "app_sintetizada": "AECDAAAB0EC54A1A952495663FDF69E51105C.JPEG",
    "cantidad_archivos": 1,
    "archivos_fuente": [
      "Pictures/Fototeca de Fotos.photoslibrary/resources/derivatives/A/AECDAAAB-0EC5-4A1A-9524-95663FDF69E5_1_105_c.jpeg"
    ],
    "ultima_modificacion": "2025-08-01 01:01:03.963959"
  },
  "ae3a875d42df41b086388eba22d5ccbf1105c.jpeg": {
    "app_sintetizada": "AE3A875D42DF41B086388EBA22D5CCBF1105C.JPEG",
    "cantidad_archivos": 1,
    "archivos_fuente": [
      "Pictures/Fototeca de Fotos.photoslibrary/resources/derivatives/A/AE3A875D-42DF-41B0-8638-8EBA22D5CCBF_1_105_c.jpeg"
    ],
    "ultima_modificacion": "2025-08-01 01:01:03.964211"
  },
  "a08e2d07e7084d558c59e91b8aa14096.thm": {
    "app_sintetizada": "A08E2D07E7084D558C59E91B8AA14096.THM",
    "cantidad_archivos": 1,
    "archivos_fuente": [
      "Pictures/Fototeca de Fotos.photoslibrary/resources/derivatives/A/A08E2D07-E708-4D55-8C59-E91B8AA14096.THM"
    ],
    "ultima_modificacion": "2025-08-01 01:01:03.964464"
  },
  "a9a235d80dca46a3b306c658440adec41105c.jpeg": {
    "app_sintetizada": "A9A235D80DCA46A3B306C658440ADEC41105C.JPEG",
    "cantidad_archivos": 1,
    "archivos_fuente": [
      "Pictures/Fototeca de Fotos.photoslibrary/resources/derivatives/A/A9A235D8-0DCA-46A3-B306-C658440ADEC4_1_105_c.jpeg"
    ],
    "ultima_modificacion": "2025-08-01 01:01:03.964712"
  },
  "ae2334dda82a47aa89ecc50b20144cf6.thm": {
    "app_sintetizada": "AE2334DDA82A47AA89ECC50B20144CF6.THM",
    "cantidad_archivos": 1,
    "archivos_fuente": [
      "Pictures/Fototeca de Fotos.photoslibrary/resources/derivatives/A/AE2334DD-A82A-47AA-89EC-C50B20144CF6.THM"
    ],
    "ultima_modificacion": "2025-08-01 01:01:03.964996"
  },
  "a147efdb8c1b49ed9d59f1f749189bf91105c.jpeg": {
    "app_sintetizada": "A147EFDB8C1B49ED9D59F1F749189BF91105C.JPEG",
    "cantidad_archivos": 1,
    "archivos_fuente": [
      "Pictures/Fototeca de Fotos.photoslibrary/resources/derivatives/A/A147EFDB-8C1B-49ED-9D59-F1F749189BF9_1_105_c.jpeg"
    ],
    "ultima_modificacion": "2025-08-01 01:01:03.965345"
  },
  "a22ac5370ef5430795d952854e8f26af1105c.jpeg": {
    "app_sintetizada": "A22AC5370EF5430795D952854E8F26AF1105C.JPEG",
    "cantidad_archivos": 1,
    "archivos_fuente": [
      "Pictures/Fototeca de Fotos.photoslibrary/resources/derivatives/A/A22AC537-0EF5-4307-95D9-52854E8F26AF_1_105_c.jpeg"
    ],
    "ultima_modificacion": "2025-08-01 01:01:03.965616"
  },
  "a3670e2b74314ee78c4d461b1665cff51105c.jpeg": {
    "app_sintetizada": "A3670E2B74314EE78C4D461B1665CFF51105C.JPEG",
    "cantidad_archivos": 1,
    "archivos_fuente": [
      "Pictures/Fototeca de Fotos.photoslibrary/resources/derivatives/A/A3670E2B-7431-4EE7-8C4D-461B1665CFF5_1_105_c.jpeg"
    ],
    "ultima_modificacion": "2025-08-01 01:01:03.966041"
  },
  "a976665afdb04a718910483d642fb6ef1105c.jpeg": {
    "app_sintetizada": "A976665AFDB04A718910483D642FB6EF1105C.JPEG",
    "cantidad_archivos": 1,
    "archivos_fuente": [
      "Pictures/Fototeca de Fotos.photoslibrary/resources/derivatives/A/A976665A-FDB0-4A71-8910-483D642FB6EF_1_105_c.jpeg"
    ],
    "ultima_modificacion": "2025-08-01 01:01:03.966344"
  },
  "a11b7e54052f4f1d8b99b7db58959a771105c.jpeg": {
    "app_sintetizada": "A11B7E54052F4F1D8B99B7DB58959A771105C.JPEG",
    "cantidad_archivos": 1,
    "archivos_fuente": [
      "Pictures/Fototeca de Fotos.photoslibrary/resources/derivatives/A/A11B7E54-052F-4F1D-8B99-B7DB58959A77_1_105_c.jpeg"
    ],
    "ultima_modificacion": "2025-08-01 01:01:03.966607"
  },
  "a5c79fa999994c0588373accb6dd1db41105c.jpeg": {
    "app_sintetizada": "A5C79FA999994C0588373ACCB6DD1DB41105C.JPEG",
    "cantidad_archivos": 1,
    "archivos_fuente": [
      "Pictures/Fototeca de Fotos.photoslibrary/resources/derivatives/A/A5C79FA9-9999-4C05-8837-3ACCB6DD1DB4_1_105_c.jpeg"
    ],
    "ultima_modificacion": "2025-08-01 01:01:03.966855"
  },
  "a94f9be6de134ce6b73835de6aeaf6bc1105c.jpeg": {
    "app_sintetizada": "A94F9BE6DE134CE6B73835DE6AEAF6BC1105C.JPEG",
    "cantidad_archivos": 1,
    "archivos_fuente": [
      "Pictures/Fototeca de Fotos.photoslibrary/resources/derivatives/A/A94F9BE6-DE13-4CE6-B738-35DE6AEAF6BC_1_105_c.jpeg"
    ],
    "ultima_modificacion": "2025-08-01 01:01:03.967115"
  },
  "ab81a15b9d774d6d897d96ef9a93f6881105c.jpeg": {
    "app_sintetizada": "AB81A15B9D774D6D897D96EF9A93F6881105C.JPEG",
    "cantidad_archivos": 1,
    "archivos_fuente": [
      "Pictures/Fototeca de Fotos.photoslibrary/resources/derivatives/A/AB81A15B-9D77-4D6D-897D-96EF9A93F688_1_105_c.jpeg"
    ],
    "ultima_modificacion": "2025-08-01 01:01:03.967464"
  },
  "a806b947dcf4424d82bb00a1034ddd7a1105c.jpeg": {
    "app_sintetizada": "A806B947DCF4424D82BB00A1034DDD7A1105C.JPEG",
    "cantidad_archivos": 1,
    "archivos_fuente": [
      "Pictures/Fototeca de Fotos.photoslibrary/resources/derivatives/A/A806B947-DCF4-424D-82BB-00A1034DDD7A_1_105_c.jpeg"
    ],
    "ultima_modificacion": "2025-08-01 01:01:03.967711"
  },
  "a797659edf974eb6901d7c4e494c30641105c.jpeg": {
    "app_sintetizada": "A797659EDF974EB6901D7C4E494C30641105C.JPEG",
    "cantidad_archivos": 1,
    "archivos_fuente": [
      "Pictures/Fototeca de Fotos.photoslibrary/resources/derivatives/A/A797659E-DF97-4EB6-901D-7C4E494C3064_1_105_c.jpeg"
    ],
    "ultima_modificacion": "2025-08-01 01:01:03.968008"
  },
  "a33c87af739c4457835b4f24b19458e51105c.jpeg": {
    "app_sintetizada": "A33C87AF739C4457835B4F24B19458E51105C.JPEG",
    "cantidad_archivos": 1,
    "archivos_fuente": [
      "Pictures/Fototeca de Fotos.photoslibrary/resources/derivatives/A/A33C87AF-739C-4457-835B-4F24B19458E5_1_105_c.jpeg"
    ],
    "ultima_modificacion": "2025-08-01 01:01:03.968250"
  }
}