{
  "897dd8f0de564f1c90291e943adeed271105c.jpeg": {
    "app_sintetizada": "897DD8F0DE564F1C90291E943ADEED271105C.JPEG",
    "cantidad_archivos": 1,
    "archivos_fuente": [
      "Pictures/Fototeca de Fotos.photoslibrary/resources/derivatives/8/897DD8F0-DE56-4F1C-9029-1E943ADEED27_1_105_c.jpeg"
    ],
    "ultima_modificacion": "2025-08-01 01:01:03.511442"
  },
  "851b50be03ab41bbbea8fb41a4cf118d1105c.jpeg": {
    "app_sintetizada": "851B50BE03AB41BBBEA8FB41A4CF118D1105C.JPEG",
    "cantidad_archivos": 1,
    "archivos_fuente": [
      "Pictures/Fototeca de Fotos.photoslibrary/resources/derivatives/8/851B50BE-03AB-41BB-BEA8-FB41A4CF118D_1_105_c.jpeg"
    ],
    "ultima_modificacion": "2025-08-01 01:01:03.511710"
  },
  "8c9b85271d4e49a5aaffa0b938754d231105c.jpeg": {
    "app_sintetizada": "8C9B85271D4E49A5AAFFA0B938754D231105C.JPEG",
    "cantidad_archivos": 1,
    "archivos_fuente": [
      "Pictures/Fototeca de Fotos.photoslibrary/resources/derivatives/8/8C9B8527-1D4E-49A5-AAFF-A0B938754D23_1_105_c.jpeg"
    ],
    "ultima_modificacion": "2025-08-01 01:01:03.511965"
  },
  "839fafa1317644019569c09e608acde01105c.jpeg": {
    "app_sintetizada": "839FAFA1317644019569C09E608ACDE01105C.JPEG",
    "cantidad_archivos": 1,
    "archivos_fuente": [
      "Pictures/Fototeca de Fotos.photoslibrary/resources/derivatives/8/839FAFA1-3176-4401-9569-C09E608ACDE0_1_105_c.jpeg"
    ],
    "ultima_modificacion": "2025-08-01 01:01:03.512220"
  },
  "8a3f4441428a46d388df7494d2f0b67c1105c.jpeg": {
    "app_sintetizada": "8A3F4441428A46D388DF7494D2F0B67C1105C.JPEG",
    "cantidad_archivos": 1,
    "archivos_fuente": [
      "Pictures/Fototeca de Fotos.photoslibrary/resources/derivatives/8/8A3F4441-428A-46D3-88DF-7494D2F0B67C_1_105_c.jpeg"
    ],
    "ultima_modificacion": "2025-08-01 01:01:03.512476"
  },
  "8cf35a32911e4416923fc77ab1f480441105c.jpeg": {
    "app_sintetizada": "8CF35A32911E4416923FC77AB1F480441105C.JPEG",
    "cantidad_archivos": 1,
    "archivos_fuente": [
      "Pictures/Fototeca de Fotos.photoslibrary/resources/derivatives/8/8CF35A32-911E-4416-923F-C77AB1F48044_1_105_c.jpeg"
    ],
    "ultima_modificacion": "2025-08-01 01:01:03.512727"
  },
  "867888d9c70e47dcb435fea4c394eab11105c.jpeg": {
    "app_sintetizada": "867888D9C70E47DCB435FEA4C394EAB11105C.JPEG",
    "cantidad_archivos": 1,
    "archivos_fuente": [
      "Pictures/Fototeca de Fotos.photoslibrary/resources/derivatives/8/867888D9-C70E-47DC-B435-FEA4C394EAB1_1_105_c.jpeg"
    ],
    "ultima_modificacion": "2025-08-01 01:01:03.513009"
  },
  "8bafc5b417ad4dd99477c8ed02544e1f1105c.jpeg": {
    "app_sintetizada": "8BAFC5B417AD4DD99477C8ED02544E1F1105C.JPEG",
    "cantidad_archivos": 1,
    "archivos_fuente": [
      "Pictures/Fototeca de Fotos.photoslibrary/resources/derivatives/8/8BAFC5B4-17AD-4DD9-9477-C8ED02544E1F_1_105_c.jpeg"
    ],
    "ultima_modificacion": "2025-08-01 01:01:03.513294"
  },
  "8f754dd6b9cb4cf8b89bc68cfd1002ae1105c.jpeg": {
    "app_sintetizada": "8F754DD6B9CB4CF8B89BC68CFD1002AE1105C.JPEG",
    "cantidad_archivos": 1,
    "archivos_fuente": [
      "Pictures/Fototeca de Fotos.photoslibrary/resources/derivatives/8/8F754DD6-B9CB-4CF8-B89B-C68CFD1002AE_1_105_c.jpeg"
    ],
    "ultima_modificacion": "2025-08-01 01:01:03.513623"
  },
  "83770d417f6e4708bf4abe398576d6471105c.jpeg": {
    "app_sintetizada": "83770D417F6E4708BF4ABE398576D6471105C.JPEG",
    "cantidad_archivos": 1,
    "archivos_fuente": [
      "Pictures/Fototeca de Fotos.photoslibrary/resources/derivatives/8/83770D41-7F6E-4708-BF4A-BE398576D647_1_105_c.jpeg"
    ],
    "ultima_modificacion": "2025-08-01 01:01:03.513898"
  },
  "883bc2cdd93e46dba44be708319538fb1105c.jpeg": {
    "app_sintetizada": "883BC2CDD93E46DBA44BE708319538FB1105C.JPEG",
    "cantidad_archivos": 1,
    "archivos_fuente": [
      "Pictures/Fototeca de Fotos.photoslibrary/resources/derivatives/8/883BC2CD-D93E-46DB-A44B-E708319538FB_1_105_c.jpeg"
    ],
    "ultima_modificacion": "2025-08-01 01:01:03.514213"
  },
  "87bb54a7de96431cbf3742dd0d80c0e21105c.jpeg": {
    "app_sintetizada": "87BB54A7DE96431CBF3742DD0D80C0E21105C.JPEG",
    "cantidad_archivos": 1,
    "archivos_fuente": [
      "Pictures/Fototeca de Fotos.photoslibrary/resources/derivatives/8/87BB54A7-DE96-431C-BF37-42DD0D80C0E2_1_105_c.jpeg"
    ],
    "ultima_modificacion": "2025-08-01 01:01:03.514535"
  },
  "80e942834f5845f69cee53d604bb6b35.thm": {
    "app_sintetizada": "80E942834F5845F69CEE53D604BB6B35.THM",
    "cantidad_archivos": 1,
    "archivos_fuente": [
      "Pictures/Fototeca de Fotos.photoslibrary/resources/derivatives/8/80E94283-4F58-45F6-9CEE-53D604BB6B35.THM"
    ],
    "ultima_modificacion": "2025-08-01 01:01:03.514844"
  },
  "82e92952b7cb453fb00ace8718116fdf1105c.jpeg": {
    "app_sintetizada": "82E92952B7CB453FB00ACE8718116FDF1105C.JPEG",
    "cantidad_archivos": 1,
    "archivos_fuente": [
      "Pictures/Fototeca de Fotos.photoslibrary/resources/derivatives/8/82E92952-B7CB-453F-B00A-CE8718116FDF_1_105_c.jpeg"
    ],
    "ultima_modificacion": "2025-08-01 01:01:03.515161"
  },
  "8eecc407d7c94b28a378deb90a4038fe.thm": {
    "app_sintetizada": "8EECC407D7C94B28A378DEB90A4038FE.THM",
    "cantidad_archivos": 1,
    "archivos_fuente": [
      "Pictures/Fototeca de Fotos.photoslibrary/resources/derivatives/8/8EECC407-D7C9-4B28-A378-DEB90A4038FE.THM"
    ],
    "ultima_modificacion": "2025-08-01 01:01:03.515439"
  },
  "88851e71c8314f6caa7b402b5429b1b3.thm": {
    "app_sintetizada": "88851E71C8314F6CAA7B402B5429B1B3.THM",
    "cantidad_archivos": 1,
    "archivos_fuente": [
      "Pictures/Fototeca de Fotos.photoslibrary/resources/derivatives/8/88851E71-C831-4F6C-AA7B-402B5429B1B3.THM"
    ],
    "ultima_modificacion": "2025-08-01 01:01:03.515675"
  },
  "88e38ec68a25410fa15d0404ba5379a61105c.jpeg": {
    "app_sintetizada": "88E38EC68A25410FA15D0404BA5379A61105C.JPEG",
    "cantidad_archivos": 1,
    "archivos_fuente": [
      "Pictures/Fototeca de Fotos.photoslibrary/resources/derivatives/8/88E38EC6-8A25-410F-A15D-0404BA5379A6_1_105_c.jpeg"
    ],
    "ultima_modificacion": "2025-08-01 01:01:03.515956"
  },
  "8fbe8c98baaf427989f7b5cf3dd1f00e1105c.jpeg": {
    "app_sintetizada": "8FBE8C98BAAF427989F7B5CF3DD1F00E1105C.JPEG",
    "cantidad_archivos": 1,
    "archivos_fuente": [
      "Pictures/Fototeca de Fotos.photoslibrary/resources/derivatives/8/8FBE8C98-BAAF-4279-89F7-B5CF3DD1F00E_1_105_c.jpeg"
    ],
    "ultima_modificacion": "2025-08-01 01:01:03.516225"
  },
  "89bf06d23a5b438bbbcffb109455d25d1105c.jpeg": {
    "app_sintetizada": "89BF06D23A5B438BBBCFFB109455D25D1105C.JPEG",
    "cantidad_archivos": 1,
    "archivos_fuente": [
      "Pictures/Fototeca de Fotos.photoslibrary/resources/derivatives/8/89BF06D2-3A5B-438B-BBCF-FB109455D25D_1_105_c.jpeg"
    ],
    "ultima_modificacion": "2025-08-01 01:01:03.516475"
  },
  "82f6c01cd7844dc992deee599a7e983a1105c.jpeg": {
    "app_sintetizada": "82F6C01CD7844DC992DEEE599A7E983A1105C.JPEG",
    "cantidad_archivos": 1,
    "archivos_fuente": [
      "Pictures/Fototeca de Fotos.photoslibrary/resources/derivatives/8/82F6C01C-D784-4DC9-92DE-EE599A7E983A_1_105_c.jpeg"
    ],
    "ultima_modificacion": "2025-08-01 01:01:03.516813"
  },
  "8e85c8fec8ac415385098036e87d75ca1105c.jpeg": {
    "app_sintetizada": "8E85C8FEC8AC415385098036E87D75CA1105C.JPEG",
    "cantidad_archivos": 1,
    "archivos_fuente": [
      "Pictures/Fototeca de Fotos.photoslibrary/resources/derivatives/8/8E85C8FE-C8AC-4153-8509-8036E87D75CA_1_105_c.jpeg"
    ],
    "ultima_modificacion": "2025-08-01 01:01:03.517044"
  },
  "8156f6a2c8a344a383184ba1ecde9a011105c.jpeg": {
    "app_sintetizada": "8156F6A2C8A344A383184BA1ECDE9A011105C.JPEG",
    "cantidad_archivos": 1,
    "archivos_fuente": [
      "Pictures/Fototeca de Fotos.photoslibrary/resources/derivatives/8/8156F6A2-C8A3-44A3-8318-4BA1ECDE9A01_1_105_c.jpeg"
    ],
    "ultima_modificacion": "2025-08-01 01:01:03.517259"
  },
  "8064f022f52c48248ca4d6f3faaab2d5.thm": {
    "app_sintetizada": "8064F022F52C48248CA4D6F3FAAAB2D5.THM",
    "cantidad_archivos": 1,
    "archivos_fuente": [
      "Pictures/Fototeca de Fotos.photoslibrary/resources/derivatives/8/8064F022-F52C-4824-8CA4-D6F3FAAAB2D5.THM"
    ],
    "ultima_modificacion": "2025-08-01 01:01:03.517455"
  },
  "8e84df2c63f54d259bdd0d3896865dc21105c.jpeg": {
    "app_sintetizada": "8E84DF2C63F54D259BDD0D3896865DC21105C.JPEG",
    "cantidad_archivos": 1,
    "archivos_fuente": [
      "Pictures/Fototeca de Fotos.photoslibrary/resources/derivatives/8/8E84DF2C-63F5-4D25-9BDD-0D3896865DC2_1_105_c.jpeg"
    ],
    "ultima_modificacion": "2025-08-01 01:01:03.517647"
  },
  "8f4e2ba8a8e64ee4b6560175c2c7bd561105c.jpeg": {
    "app_sintetizada": "8F4E2BA8A8E64EE4B6560175C2C7BD561105C.JPEG",
    "cantidad_archivos": 1,
    "archivos_fuente": [
      "Pictures/Fototeca de Fotos.photoslibrary/resources/derivatives/8/8F4E2BA8-A8E6-4EE4-B656-0175C2C7BD56_1_105_c.jpeg"
    ],
    "ultima_modificacion": "2025-08-01 01:01:03.517894"
  },
  "8b2f89e99178430783fca4e5954594a01105c.jpeg": {
    "app_sintetizada": "8B2F89E99178430783FCA4E5954594A01105C.JPEG",
    "cantidad_archivos": 1,
    "archivos_fuente": [
      "Pictures/Fototeca de Fotos.photoslibrary/resources/derivatives/8/8B2F89E9-9178-4307-83FC-A4E5954594A0_1_105_c.jpeg"
    ],
    "ultima_modificacion": "2025-08-01 01:01:03.518238"
  },
  "8988277b4d164cbca563191c8a51088d1105c.jpeg": {
    "app_sintetizada": "8988277B4D164CBCA563191C8A51088D1105C.JPEG",
    "cantidad_archivos": 1,
    "archivos_fuente": [
      "Pictures/Fototeca de Fotos.photoslibrary/resources/derivatives/8/8988277B-4D16-4CBC-A563-191C8A51088D_1_105_c.jpeg"
    ],
    "ultima_modificacion": "2025-08-01 01:01:03.518493"
  },
  "8d4f8e75028745bc8935e12d222ee9f5.thm": {
    "app_sintetizada": "8D4F8E75028745BC8935E12D222EE9F5.THM",
    "cantidad_archivos": 1,
    "archivos_fuente": [
      "Pictures/Fototeca de Fotos.photoslibrary/resources/derivatives/8/8D4F8E75-0287-45BC-8935-E12D222EE9F5.THM"
    ],
    "ultima_modificacion": "2025-08-01 01:01:03.518699"
  },
  "8e9011db22c34d709ae7f4ffc57c89ae1105c.jpeg": {
    "app_sintetizada": "8E9011DB22C34D709AE7F4FFC57C89AE1105C.JPEG",
    "cantidad_archivos": 1,
    "archivos_fuente": [
      "Pictures/Fototeca de Fotos.photoslibrary/resources/derivatives/8/8E9011DB-22C3-4D70-9AE7-F4FFC57C89AE_1_105_c.jpeg"
    ],
    "ultima_modificacion": "2025-08-01 01:01:03.518898"
  },
  "8cd1617bbb194842a8766272633a00e31105c.jpeg": {
    "app_sintetizada": "8CD1617BBB194842A8766272633A00E31105C.JPEG",
    "cantidad_archivos": 1,
    "archivos_fuente": [
      "Pictures/Fototeca de Fotos.photoslibrary/resources/derivatives/8/8CD1617B-BB19-4842-A876-6272633A00E3_1_105_c.jpeg"
    ],
    "ultima_modificacion": "2025-08-01 01:01:03.519107"
  },
  "84f7b161ddf34eb482d7c34b497bafd61105c.jpeg": {
    "app_sintetizada": "84F7B161DDF34EB482D7C34B497BAFD61105C.JPEG",
    "cantidad_archivos": 1,
    "archivos_fuente": [
      "Pictures/Fototeca de Fotos.photoslibrary/resources/derivatives/8/84F7B161-DDF3-4EB4-82D7-C34B497BAFD6_1_105_c.jpeg"
    ],
    "ultima_modificacion": "2025-08-01 01:01:03.519307"
  },
  "8eab76cc59b8423c982368069c56bc801105c.jpeg": {
    "app_sintetizada": "8EAB76CC59B8423C982368069C56BC801105C.JPEG",
    "cantidad_archivos": 1,
    "archivos_fuente": [
      "Pictures/Fototeca de Fotos.photoslibrary/resources/derivatives/8/8EAB76CC-59B8-423C-9823-68069C56BC80_1_105_c.jpeg"
    ],
    "ultima_modificacion": "2025-08-01 01:01:03.519508"
  },
  "87f97ed5754845579f8213ecf30411f01105c.jpeg": {
    "app_sintetizada": "87F97ED5754845579F8213ECF30411F01105C.JPEG",
    "cantidad_archivos": 1,
    "archivos_fuente": [
      "Pictures/Fototeca de Fotos.photoslibrary/resources/derivatives/8/87F97ED5-7548-4557-9F82-13ECF30411F0_1_105_c.jpeg"
    ],
    "ultima_modificacion": "2025-08-01 01:01:03.519695"
  },
  "8245c591530e44fb9537998c8b4dc6a41105c.jpeg": {
    "app_sintetizada": "8245C591530E44FB9537998C8B4DC6A41105C.JPEG",
    "cantidad_archivos": 1,
    "archivos_fuente": [
      "Pictures/Fototeca de Fotos.photoslibrary/resources/derivatives/8/8245C591-530E-44FB-9537-998C8B4DC6A4_1_105_c.jpeg"
    ],
    "ultima_modificacion": "2025-08-01 01:01:03.520047"
  },
  "84aab31f4dd0405eb656bc428ba2228d1105c.jpeg": {
    "app_sintetizada": "84AAB31F4DD0405EB656BC428BA2228D1105C.JPEG",
    "cantidad_archivos": 1,
    "archivos_fuente": [
      "Pictures/Fototeca de Fotos.photoslibrary/resources/derivatives/8/84AAB31F-4DD0-405E-B656-BC428BA2228D_1_105_c.jpeg"
    ],
    "ultima_modificacion": "2025-08-01 01:01:03.520298"
  },
  "82b766325edc45ee807d9f24143df824.thm": {
    "app_sintetizada": "82B766325EDC45EE807D9F24143DF824.THM",
    "cantidad_archivos": 1,
    "archivos_fuente": [
      "Pictures/Fototeca de Fotos.photoslibrary/resources/derivatives/8/82B76632-5EDC-45EE-807D-9F24143DF824.THM"
    ],
    "ultima_modificacion": "2025-08-01 01:01:03.520603"
  },
  "8de4620bc5ad4769b47f167b9905a0f01105c.jpeg": {
    "app_sintetizada": "8DE4620BC5AD4769B47F167B9905A0F01105C.JPEG",
    "cantidad_archivos": 1,
    "archivos_fuente": [
      "Pictures/Fototeca de Fotos.photoslibrary/resources/derivatives/8/8DE4620B-C5AD-4769-B47F-167B9905A0F0_1_105_c.jpeg"
    ],
    "ultima_modificacion": "2025-08-01 01:01:03.520814"
  },
  "86b8fce71e2749e98ce1b24633f626091105c.jpeg": {
    "app_sintetizada": "86B8FCE71E2749E98CE1B24633F626091105C.JPEG",
    "cantidad_archivos": 1,
    "archivos_fuente": [
      "Pictures/Fototeca de Fotos.photoslibrary/resources/derivatives/8/86B8FCE7-1E27-49E9-8CE1-B24633F62609_1_105_c.jpeg"
    ],
    "ultima_modificacion": "2025-08-01 01:01:03.521018"
  },
  "867cd6da72c44048ada965118f0455e81105c.jpeg": {
    "app_sintetizada": "867CD6DA72C44048ADA965118F0455E81105C.JPEG",
    "cantidad_archivos": 1,
    "archivos_fuente": [
      "Pictures/Fototeca de Fotos.photoslibrary/resources/derivatives/8/867CD6DA-72C4-4048-ADA9-65118F0455E8_1_105_c.jpeg"
    ],
    "ultima_modificacion": "2025-08-01 01:01:03.521227"
  },
  "88f183ba79a7424584abe61cb8aca7bc1105c.jpeg": {
    "app_sintetizada": "88F183BA79A7424584ABE61CB8ACA7BC1105C.JPEG",
    "cantidad_archivos": 1,
    "archivos_fuente": [
      "Pictures/Fototeca de Fotos.photoslibrary/resources/derivatives/8/88F183BA-79A7-4245-84AB-E61CB8ACA7BC_1_105_c.jpeg"
    ],
    "ultima_modificacion": "2025-08-01 01:01:03.521413"
  },
  "839ec14459fc4fb7a77d643be35f340f1105c.jpeg": {
    "app_sintetizada": "839EC14459FC4FB7A77D643BE35F340F1105C.JPEG",
    "cantidad_archivos": 1,
    "archivos_fuente": [
      "Pictures/Fototeca de Fotos.photoslibrary/resources/derivatives/8/839EC144-59FC-4FB7-A77D-643BE35F340F_1_105_c.jpeg"
    ],
    "ultima_modificacion": "2025-08-01 01:01:03.521591"
  },
  "8a0289b86911491f8f9d850b19391cf01105c.jpeg": {
    "app_sintetizada": "8A0289B86911491F8F9D850B19391CF01105C.JPEG",
    "cantidad_archivos": 1,
    "archivos_fuente": [
      "Pictures/Fototeca de Fotos.photoslibrary/resources/derivatives/8/8A0289B8-6911-491F-8F9D-850B19391CF0_1_105_c.jpeg"
    ],
    "ultima_modificacion": "2025-08-01 01:01:03.521778"
  },
  "8f4f98ad7dfa4439993acb9510106dea.thm": {
    "app_sintetizada": "8F4F98AD7DFA4439993ACB9510106DEA.THM",
    "cantidad_archivos": 1,
    "archivos_fuente": [
      "Pictures/Fototeca de Fotos.photoslibrary/resources/derivatives/8/8F4F98AD-7DFA-4439-993A-CB9510106DEA.THM"
    ],
    "ultima_modificacion": "2025-08-01 01:01:03.521965"
  },
  "85cd0639b52e41fab5969236c0f7b9631105c.jpeg": {
    "app_sintetizada": "85CD0639B52E41FAB5969236C0F7B9631105C.JPEG",
    "cantidad_archivos": 1,
    "archivos_fuente": [
      "Pictures/Fototeca de Fotos.photoslibrary/resources/derivatives/8/85CD0639-B52E-41FA-B596-9236C0F7B963_1_105_c.jpeg"
    ],
    "ultima_modificacion": "2025-08-01 01:01:03.522146"
  },
  "80f4aec00024417bae6040bcd0ede3191105c.jpeg": {
    "app_sintetizada": "80F4AEC00024417BAE6040BCD0EDE3191105C.JPEG",
    "cantidad_archivos": 1,
    "archivos_fuente": [
      "Pictures/Fototeca de Fotos.photoslibrary/resources/derivatives/8/80F4AEC0-0024-417B-AE60-40BCD0EDE319_1_105_c.jpeg"
    ],
    "ultima_modificacion": "2025-08-01 01:01:03.522323"
  },
  "82ec567a8fd541ab92b0304a52c306d61105c.jpeg": {
    "app_sintetizada": "82EC567A8FD541AB92B0304A52C306D61105C.JPEG",
    "cantidad_archivos": 1,
    "archivos_fuente": [
      "Pictures/Fototeca de Fotos.photoslibrary/resources/derivatives/8/82EC567A-8FD5-41AB-92B0-304A52C306D6_1_105_c.jpeg"
    ],
    "ultima_modificacion": "2025-08-01 01:01:03.522504"
  },
  "858624bb12b1425a88abd2932181488f1105c.jpeg": {
    "app_sintetizada": "858624BB12B1425A88ABD2932181488F1105C.JPEG",
    "cantidad_archivos": 1,
    "archivos_fuente": [
      "Pictures/Fototeca de Fotos.photoslibrary/resources/derivatives/8/858624BB-12B1-425A-88AB-D2932181488F_1_105_c.jpeg"
    ],
    "ultima_modificacion": "2025-08-01 01:01:03.522694"
  },
  "8bab1b1f02144ef6a1ccb6e98b2203e61105c.jpeg": {
    "app_sintetizada": "8BAB1B1F02144EF6A1CCB6E98B2203E61105C.JPEG",
    "cantidad_archivos": 1,
    "archivos_fuente": [
      "Pictures/Fototeca de Fotos.photoslibrary/resources/derivatives/8/8BAB1B1F-0214-4EF6-A1CC-B6E98B2203E6_1_105_c.jpeg"
    ],
    "ultima_modificacion": "2025-08-01 01:01:03.522883"
  },
  "81e3d0e279924ef3875de1758b6b00391105c.jpeg": {
    "app_sintetizada": "81E3D0E279924EF3875DE1758B6B00391105C.JPEG",
    "cantidad_archivos": 1,
    "archivos_fuente": [
      "Pictures/Fototeca de Fotos.photoslibrary/resources/derivatives/8/81E3D0E2-7992-4EF3-875D-E1758B6B0039_1_105_c.jpeg"
    ],
    "ultima_modificacion": "2025-08-01 01:01:03.523064"
  },
  "8283b5aea96a4112a7c6ed3d888714a51105c.jpeg": {
    "app_sintetizada": "8283B5AEA96A4112A7C6ED3D888714A51105C.JPEG",
    "cantidad_archivos": 1,
    "archivos_fuente": [
      "Pictures/Fototeca de Fotos.photoslibrary/resources/derivatives/8/8283B5AE-A96A-4112-A7C6-ED3D888714A5_1_105_c.jpeg"
    ],
    "ultima_modificacion": "2025-08-01 01:01:03.523322"
  },
  "8438a738eed841a7b8b80b8ae259cd401105c.jpeg": {
    "app_sintetizada": "8438A738EED841A7B8B80B8AE259CD401105C.JPEG",
    "cantidad_archivos": 1,
    "archivos_fuente": [
      "Pictures/Fototeca de Fotos.photoslibrary/resources/derivatives/8/8438A738-EED8-41A7-B8B8-0B8AE259CD40_1_105_c.jpeg"
    ],
    "ultima_modificacion": "2025-08-01 01:01:03.523633"
  },
  "8416cb7f56eb4afba4ff01f8c9aeb63d1105c.jpeg": {
    "app_sintetizada": "8416CB7F56EB4AFBA4FF01F8C9AEB63D1105C.JPEG",
    "cantidad_archivos": 1,
    "archivos_fuente": [
      "Pictures/Fototeca de Fotos.photoslibrary/resources/derivatives/8/8416CB7F-56EB-4AFB-A4FF-01F8C9AEB63D_1_105_c.jpeg"
    ],
    "ultima_modificacion": "2025-08-01 01:01:03.523891"
  },
  "8f4f4bc7217b471d87a487b91b0e50eb1105c.jpeg": {
    "app_sintetizada": "8F4F4BC7217B471D87A487B91B0E50EB1105C.JPEG",
    "cantidad_archivos": 1,
    "archivos_fuente": [
      "Pictures/Fototeca de Fotos.photoslibrary/resources/derivatives/8/8F4F4BC7-217B-471D-87A4-87B91B0E50EB_1_105_c.jpeg"
    ],
    "ultima_modificacion": "2025-08-01 01:01:03.524173"
  },
  "895270f06da14191ba34321b0812a2b01105c.jpeg": {
    "app_sintetizada": "895270F06DA14191BA34321B0812A2B01105C.JPEG",
    "cantidad_archivos": 1,
    "archivos_fuente": [
      "Pictures/Fototeca de Fotos.photoslibrary/resources/derivatives/8/895270F0-6DA1-4191-BA34-321B0812A2B0_1_105_c.jpeg"
    ],
    "ultima_modificacion": "2025-08-01 01:01:03.524456"
  },
  "8ade2af0bef145db94de6865293e4a1c1105c.jpeg": {
    "app_sintetizada": "8ADE2AF0BEF145DB94DE6865293E4A1C1105C.JPEG",
    "cantidad_archivos": 1,
    "archivos_fuente": [
      "Pictures/Fototeca de Fotos.photoslibrary/resources/derivatives/8/8ADE2AF0-BEF1-45DB-94DE-6865293E4A1C_1_105_c.jpeg"
    ],
    "ultima_modificacion": "2025-08-01 01:01:03.524746"
  },
  "86825bd324cd4fa99bbc6fb71e31dedb1105c.jpeg": {
    "app_sintetizada": "86825BD324CD4FA99BBC6FB71E31DEDB1105C.JPEG",
    "cantidad_archivos": 1,
    "archivos_fuente": [
      "Pictures/Fototeca de Fotos.photoslibrary/resources/derivatives/8/86825BD3-24CD-4FA9-9BBC-6FB71E31DEDB_1_105_c.jpeg"
    ],
    "ultima_modificacion": "2025-08-01 01:01:03.525067"
  },
  "85f09e2d49df4e49a544c339129512531105c.jpeg": {
    "app_sintetizada": "85F09E2D49DF4E49A544C339129512531105C.JPEG",
    "cantidad_archivos": 1,
    "archivos_fuente": [
      "Pictures/Fototeca de Fotos.photoslibrary/resources/derivatives/8/85F09E2D-49DF-4E49-A544-C33912951253_1_105_c.jpeg"
    ],
    "ultima_modificacion": "2025-08-01 01:01:03.525294"
  },
  "8ea1081ca158494d8672aa80326f4bac1105c.jpeg": {
    "app_sintetizada": "8EA1081CA158494D8672AA80326F4BAC1105C.JPEG",
    "cantidad_archivos": 1,
    "archivos_fuente": [
      "Pictures/Fototeca de Fotos.photoslibrary/resources/derivatives/8/8EA1081C-A158-494D-8672-AA80326F4BAC_1_105_c.jpeg"
    ],
    "ultima_modificacion": "2025-08-01 01:01:03.525507"
  },
  "85105502c86640febacaf43f800d1e081105c.jpeg": {
    "app_sintetizada": "85105502C86640FEBACAF43F800D1E081105C.JPEG",
    "cantidad_archivos": 1,
    "archivos_fuente": [
      "Pictures/Fototeca de Fotos.photoslibrary/resources/derivatives/8/85105502-C866-40FE-BACA-F43F800D1E08_1_105_c.jpeg"
    ],
    "ultima_modificacion": "2025-08-01 01:01:03.525721"
  },
  "86361040940f49f18015b030359c18d31105c.jpeg": {
    "app_sintetizada": "86361040940F49F18015B030359C18D31105C.JPEG",
    "cantidad_archivos": 1,
    "archivos_fuente": [
      "Pictures/Fototeca de Fotos.photoslibrary/resources/derivatives/8/86361040-940F-49F1-8015-B030359C18D3_1_105_c.jpeg"
    ],
    "ultima_modificacion": "2025-08-01 01:01:03.525993"
  },
  "8e21beb2b16b427eac6e2f564a8ee0421105c.jpeg": {
    "app_sintetizada": "8E21BEB2B16B427EAC6E2F564A8EE0421105C.JPEG",
    "cantidad_archivos": 1,
    "archivos_fuente": [
      "Pictures/Fototeca de Fotos.photoslibrary/resources/derivatives/8/8E21BEB2-B16B-427E-AC6E-2F564A8EE042_1_105_c.jpeg"
    ],
    "ultima_modificacion": "2025-08-01 01:01:03.526233"
  },
  "85f7f4678fa0432caa43e9364f30af7f1105c.jpeg": {
    "app_sintetizada": "85F7F4678FA0432CAA43E9364F30AF7F1105C.JPEG",
    "cantidad_archivos": 1,
    "archivos_fuente": [
      "Pictures/Fototeca de Fotos.photoslibrary/resources/derivatives/8/85F7F467-8FA0-432C-AA43-E9364F30AF7F_1_105_c.jpeg"
    ],
    "ultima_modificacion": "2025-08-01 01:01:03.526467"
  },
  "8f49e0f045284c998fddbe0ef34763361105c.jpeg": {
    "app_sintetizada": "8F49E0F045284C998FDDBE0EF34763361105C.JPEG",
    "cantidad_archivos": 1,
    "archivos_fuente": [
      "Pictures/Fototeca de Fotos.photoslibrary/resources/derivatives/8/8F49E0F0-4528-4C99-8FDD-BE0EF3476336_1_105_c.jpeg"
    ],
    "ultima_modificacion": "2025-08-01 01:01:03.526683"
  },
  "86116ae8fc934a11a580f2a20798b1cc.thm": {
    "app_sintetizada": "86116AE8FC934A11A580F2A20798B1CC.THM",
    "cantidad_archivos": 1,
    "archivos_fuente": [
      "Pictures/Fototeca de Fotos.photoslibrary/resources/derivatives/8/86116AE8-FC93-4A11-A580-F2A20798B1CC.THM"
    ],
    "ultima_modificacion": "2025-08-01 01:01:03.526879"
  },
  "85672138b24147c0b6e305872bfd9c3b1105c.jpeg": {
    "app_sintetizada": "85672138B24147C0B6E305872BFD9C3B1105C.JPEG",
    "cantidad_archivos": 1,
    "archivos_fuente": [
      "Pictures/Fototeca de Fotos.photoslibrary/resources/derivatives/8/85672138-B241-47C0-B6E3-05872BFD9C3B_1_105_c.jpeg"
    ],
    "ultima_modificacion": "2025-08-01 01:01:03.527074"
  },
  "8b8ba2aaa0824ee8a21322281aae76e21105c.jpeg": {
    "app_sintetizada": "8B8BA2AAA0824EE8A21322281AAE76E21105C.JPEG",
    "cantidad_archivos": 1,
    "archivos_fuente": [
      "Pictures/Fototeca de Fotos.photoslibrary/resources/derivatives/8/8B8BA2AA-A082-4EE8-A213-22281AAE76E2_1_105_c.jpeg"
    ],
    "ultima_modificacion": "2025-08-01 01:01:03.527259"
  },
  "80dbb8732297478d9d94460f54c615a81105c.jpeg": {
    "app_sintetizada": "80DBB8732297478D9D94460F54C615A81105C.JPEG",
    "cantidad_archivos": 1,
    "archivos_fuente": [
      "Pictures/Fototeca de Fotos.photoslibrary/resources/derivatives/8/80DBB873-2297-478D-9D94-460F54C615A8_1_105_c.jpeg"
    ],
    "ultima_modificacion": "2025-08-01 01:01:03.527500"
  },
  "86c440899b86469ca81eda813db8908b1105c.jpeg": {
    "app_sintetizada": "86C440899B86469CA81EDA813DB8908B1105C.JPEG",
    "cantidad_archivos": 1,
    "archivos_fuente": [
      "Pictures/Fototeca de Fotos.photoslibrary/resources/derivatives/8/86C44089-9B86-469C-A81E-DA813DB8908B_1_105_c.jpeg"
    ],
    "ultima_modificacion": "2025-08-01 01:01:03.527827"
  },
  "80dd5fdabc3d4b558b8e5e7c3072386e1105c.jpeg": {
    "app_sintetizada": "80DD5FDABC3D4B558B8E5E7C3072386E1105C.JPEG",
    "cantidad_archivos": 1,
    "archivos_fuente": [
      "Pictures/Fototeca de Fotos.photoslibrary/resources/derivatives/8/80DD5FDA-BC3D-4B55-8B8E-5E7C3072386E_1_105_c.jpeg"
    ],
    "ultima_modificacion": "2025-08-01 01:01:03.528094"
  },
  "8b892e6e51404092b739700b44eac64a.thm": {
    "app_sintetizada": "8B892E6E51404092B739700B44EAC64A.THM",
    "cantidad_archivos": 1,
    "archivos_fuente": [
      "Pictures/Fototeca de Fotos.photoslibrary/resources/derivatives/8/8B892E6E-5140-4092-B739-700B44EAC64A.THM"
    ],
    "ultima_modificacion": "2025-08-01 01:01:03.528336"
  },
  "8b2773cab6f24d8da097ae57492f61601105c.jpeg": {
    "app_sintetizada": "8B2773CAB6F24D8DA097AE57492F61601105C.JPEG",
    "cantidad_archivos": 1,
    "archivos_fuente": [
      "Pictures/Fototeca de Fotos.photoslibrary/resources/derivatives/8/8B2773CA-B6F2-4D8D-A097-AE57492F6160_1_105_c.jpeg"
    ],
    "ultima_modificacion": "2025-08-01 01:01:03.528608"
  },
  "8400ecc122564618a4f3a63ecd5eb56f1105c.jpeg": {
    "app_sintetizada": "8400ECC122564618A4F3A63ECD5EB56F1105C.JPEG",
    "cantidad_archivos": 1,
    "archivos_fuente": [
      "Pictures/Fototeca de Fotos.photoslibrary/resources/derivatives/8/8400ECC1-2256-4618-A4F3-A63ECD5EB56F_1_105_c.jpeg"
    ],
    "ultima_modificacion": "2025-08-01 01:01:03.528909"
  },
  "8de1e3ac22e24c3ca27631507c6355cf1105c.jpeg": {
    "app_sintetizada": "8DE1E3AC22E24C3CA27631507C6355CF1105C.JPEG",
    "cantidad_archivos": 1,
    "archivos_fuente": [
      "Pictures/Fototeca de Fotos.photoslibrary/resources/derivatives/8/8DE1E3AC-22E2-4C3C-A276-31507C6355CF_1_105_c.jpeg"
    ],
    "ultima_modificacion": "2025-08-01 01:01:03.529182"
  },
  "8d9db711bbaa44a19ef23233a5c0747e1105c.jpeg": {
    "app_sintetizada": "8D9DB711BBAA44A19EF23233A5C0747E1105C.JPEG",
    "cantidad_archivos": 1,
    "archivos_fuente": [
      "Pictures/Fototeca de Fotos.photoslibrary/resources/derivatives/8/8D9DB711-BBAA-44A1-9EF2-3233A5C0747E_1_105_c.jpeg"
    ],
    "ultima_modificacion": "2025-08-01 01:01:03.529817"
  },
  "8f83b275b7e74d0a908d330377d04fa21105c.jpeg": {
    "app_sintetizada": "8F83B275B7E74D0A908D330377D04FA21105C.JPEG",
    "cantidad_archivos": 1,
    "archivos_fuente": [
      "Pictures/Fototeca de Fotos.photoslibrary/resources/derivatives/8/8F83B275-B7E7-4D0A-908D-330377D04FA2_1_105_c.jpeg"
    ],
    "ultima_modificacion": "2025-08-01 01:01:03.530834"
  },
  "865c1a07b34a478eb7b75d8aaba52f271105c.jpeg": {
    "app_sintetizada": "865C1A07B34A478EB7B75D8AABA52F271105C.JPEG",
    "cantidad_archivos": 1,
    "archivos_fuente": [
      "Pictures/Fototeca de Fotos.photoslibrary/resources/derivatives/8/865C1A07-B34A-478E-B7B7-5D8AABA52F27_1_105_c.jpeg"
    ],
    "ultima_modificacion": "2025-08-01 01:01:03.531611"
  },
  "89325dc9c1df4424a421868b1cbd25431105c.jpeg": {
    "app_sintetizada": "89325DC9C1DF4424A421868B1CBD25431105C.JPEG",
    "cantidad_archivos": 1,
    "archivos_fuente": [
      "Pictures/Fototeca de Fotos.photoslibrary/resources/derivatives/8/89325DC9-C1DF-4424-A421-868B1CBD2543_1_105_c.jpeg"
    ],
    "ultima_modificacion": "2025-08-01 01:01:03.531892"
  },
  "88851e71c8314f6caa7b402b5429b1b31105c.jpeg": {
    "app_sintetizada": "88851E71C8314F6CAA7B402B5429B1B31105C.JPEG",
    "cantidad_archivos": 1,
    "archivos_fuente": [
      "Pictures/Fototeca de Fotos.photoslibrary/resources/derivatives/8/88851E71-C831-4F6C-AA7B-402B5429B1B3_1_105_c.jpeg"
    ],
    "ultima_modificacion": "2025-08-01 01:01:03.532115"
  },
  "82f24302d4cc405590b0c04ffe9217b91105c.jpeg": {
    "app_sintetizada": "82F24302D4CC405590B0C04FFE9217B91105C.JPEG",
    "cantidad_archivos": 1,
    "archivos_fuente": [
      "Pictures/Fototeca de Fotos.photoslibrary/resources/derivatives/8/82F24302-D4CC-4055-90B0-C04FFE9217B9_1_105_c.jpeg"
    ],
    "ultima_modificacion": "2025-08-01 01:01:03.532304"
  },
  "8b4441851155497199d8f1d2f11e40421105c.jpeg": {
    "app_sintetizada": "8B4441851155497199D8F1D2F11E40421105C.JPEG",
    "cantidad_archivos": 1,
    "archivos_fuente": [
      "Pictures/Fototeca de Fotos.photoslibrary/resources/derivatives/8/8B444185-1155-4971-99D8-F1D2F11E4042_1_105_c.jpeg"
    ],
    "ultima_modificacion": "2025-08-01 01:01:03.532504"
  },
  "8d71cc0f34184282ba95c7fc7203e8811105c.jpeg": {
    "app_sintetizada": "8D71CC0F34184282BA95C7FC7203E8811105C.JPEG",
    "cantidad_archivos": 1,
    "archivos_fuente": [
      "Pictures/Fototeca de Fotos.photoslibrary/resources/derivatives/8/8D71CC0F-3418-4282-BA95-C7FC7203E881_1_105_c.jpeg"
    ],
    "ultima_modificacion": "2025-08-01 01:01:03.532684"
  },
  "85be571e02854280ba707e9abc9fa3431105c.jpeg": {
    "app_sintetizada": "85BE571E02854280BA707E9ABC9FA3431105C.JPEG",
    "cantidad_archivos": 1,
    "archivos_fuente": [
      "Pictures/Fototeca de Fotos.photoslibrary/resources/derivatives/8/85BE571E-0285-4280-BA70-7E9ABC9FA343_1_105_c.jpeg"
    ],
    "ultima_modificacion": "2025-08-01 01:01:03.532881"
  },
  "8ef156c57a8b48fe99d2309b3f98e378.thm": {
    "app_sintetizada": "8EF156C57A8B48FE99D2309B3F98E378.THM",
    "cantidad_archivos": 1,
    "archivos_fuente": [
      "Pictures/Fototeca de Fotos.photoslibrary/resources/derivatives/8/8EF156C5-7A8B-48FE-99D2-309B3F98E378.THM"
    ],
    "ultima_modificacion": "2025-08-01 01:01:03.533061"
  },
  "8376c86539b946ad9434296c4362d5241105c.jpeg": {
    "app_sintetizada": "8376C86539B946AD9434296C4362D5241105C.JPEG",
    "cantidad_archivos": 1,
    "archivos_fuente": [
      "Pictures/Fototeca de Fotos.photoslibrary/resources/derivatives/8/8376C865-39B9-46AD-9434-296C4362D524_1_105_c.jpeg"
    ],
    "ultima_modificacion": "2025-08-01 01:01:03.533254"
  },
  "849cca58702a436eaed2bc22ba64a2501105c.jpeg": {
    "app_sintetizada": "849CCA58702A436EAED2BC22BA64A2501105C.JPEG",
    "cantidad_archivos": 1,
    "archivos_fuente": [
      "Pictures/Fototeca de Fotos.photoslibrary/resources/derivatives/8/849CCA58-702A-436E-AED2-BC22BA64A250_1_105_c.jpeg"
    ],
    "ultima_modificacion": "2025-08-01 01:01:03.533449"
  },
  "82fe8f5fc60d49fbb626bda9c44756bc1105c.jpeg": {
    "app_sintetizada": "82FE8F5FC60D49FBB626BDA9C44756BC1105C.JPEG",
    "cantidad_archivos": 1,
    "archivos_fuente": [
      "Pictures/Fototeca de Fotos.photoslibrary/resources/derivatives/8/82FE8F5F-C60D-49FB-B626-BDA9C44756BC_1_105_c.jpeg"
    ],
    "ultima_modificacion": "2025-08-01 01:01:03.533664"
  },
  "8000748bf1504b70b01810904eedd3c7.thm": {
    "app_sintetizada": "8000748BF1504B70B01810904EEDD3C7.THM",
    "cantidad_archivos": 1,
    "archivos_fuente": [
      "Pictures/Fototeca de Fotos.photoslibrary/resources/derivatives/8/8000748B-F150-4B70-B018-10904EEDD3C7.THM"
    ],
    "ultima_modificacion": "2025-08-01 01:01:03.533899"
  },
  "81959d61c6474816b995ec5cb2fa5e621105c.jpeg": {
    "app_sintetizada": "81959D61C6474816B995EC5CB2FA5E621105C.JPEG",
    "cantidad_archivos": 1,
    "archivos_fuente": [
      "Pictures/Fototeca de Fotos.photoslibrary/resources/derivatives/8/81959D61-C647-4816-B995-EC5CB2FA5E62_1_105_c.jpeg"
    ],
    "ultima_modificacion": "2025-08-01 01:01:03.534145"
  },
  "89f5a2721f4a4e19b90c9f3b76005d971105c.jpeg": {
    "app_sintetizada": "89F5A2721F4A4E19B90C9F3B76005D971105C.JPEG",
    "cantidad_archivos": 1,
    "archivos_fuente": [
      "Pictures/Fototeca de Fotos.photoslibrary/resources/derivatives/8/89F5A272-1F4A-4E19-B90C-9F3B76005D97_1_105_c.jpeg"
    ],
    "ultima_modificacion": "2025-08-01 01:01:03.534381"
  },
  "8948164259e5454daee10dcd9c1800a01105c.jpeg": {
    "app_sintetizada": "8948164259E5454DAEE10DCD9C1800A01105C.JPEG",
    "cantidad_archivos": 1,
    "archivos_fuente": [
      "Pictures/Fototeca de Fotos.photoslibrary/resources/derivatives/8/89481642-59E5-454D-AEE1-0DCD9C1800A0_1_105_c.jpeg"
    ],
    "ultima_modificacion": "2025-08-01 01:01:03.534617"
  },
  "880cb6a81f2b4c7783fec8dac108a50b1105c.jpeg": {
    "app_sintetizada": "880CB6A81F2B4C7783FEC8DAC108A50B1105C.JPEG",
    "cantidad_archivos": 1,
    "archivos_fuente": [
      "Pictures/Fototeca de Fotos.photoslibrary/resources/derivatives/8/880CB6A8-1F2B-4C77-83FE-C8DAC108A50B_1_105_c.jpeg"
    ],
    "ultima_modificacion": "2025-08-01 01:01:03.534978"
  },
  "8bd941e43c8a491a986238c4268b6f121105c.jpeg": {
    "app_sintetizada": "8BD941E43C8A491A986238C4268B6F121105C.JPEG",
    "cantidad_archivos": 1,
    "archivos_fuente": [
      "Pictures/Fototeca de Fotos.photoslibrary/resources/derivatives/8/8BD941E4-3C8A-491A-9862-38C4268B6F12_1_105_c.jpeg"
    ],
    "ultima_modificacion": "2025-08-01 01:01:03.535319"
  },
  "8c0d58f491904fc5b4f0435d32ac5a3a1105c.jpeg": {
    "app_sintetizada": "8C0D58F491904FC5B4F0435D32AC5A3A1105C.JPEG",
    "cantidad_archivos": 1,
    "archivos_fuente": [
      "Pictures/Fototeca de Fotos.photoslibrary/resources/derivatives/8/8C0D58F4-9190-4FC5-B4F0-435D32AC5A3A_1_105_c.jpeg"
    ],
    "ultima_modificacion": "2025-08-01 01:01:03.535599"
  },
  "84d8358dd37c4525bc5044eee95e16f61105c.jpeg": {
    "app_sintetizada": "84D8358DD37C4525BC5044EEE95E16F61105C.JPEG",
    "cantidad_archivos": 1,
    "archivos_fuente": [
      "Pictures/Fototeca de Fotos.photoslibrary/resources/derivatives/8/84D8358D-D37C-4525-BC50-44EEE95E16F6_1_105_c.jpeg"
    ],
    "ultima_modificacion": "2025-08-01 01:01:03.535878"
  },
  "8a1c1694659f4351b869b0f752dbcf491105c.jpeg": {
    "app_sintetizada": "8A1C1694659F4351B869B0F752DBCF491105C.JPEG",
    "cantidad_archivos": 1,
    "archivos_fuente": [
      "Pictures/Fototeca de Fotos.photoslibrary/resources/derivatives/8/8A1C1694-659F-4351-B869-B0F752DBCF49_1_105_c.jpeg"
    ],
    "ultima_modificacion": "2025-08-01 01:01:03.536187"
  },
  "8274359487b84c8b96adcfe3539608911105c.jpeg": {
    "app_sintetizada": "8274359487B84C8B96ADCFE3539608911105C.JPEG",
    "cantidad_archivos": 1,
    "archivos_fuente": [
      "Pictures/Fototeca de Fotos.photoslibrary/resources/derivatives/8/82743594-87B8-4C8B-96AD-CFE353960891_1_105_c.jpeg"
    ],
    "ultima_modificacion": "2025-08-01 01:01:03.536480"
  },
  "83283b0230a44806ae95ad9299ae92551105c.jpeg": {
    "app_sintetizada": "83283B0230A44806AE95AD9299AE92551105C.JPEG",
    "cantidad_archivos": 1,
    "archivos_fuente": [
      "Pictures/Fototeca de Fotos.photoslibrary/resources/derivatives/8/83283B02-30A4-4806-AE95-AD9299AE9255_1_105_c.jpeg"
    ],
    "ultima_modificacion": "2025-08-01 01:01:03.536805"
  },
  "86721a2ba32944dc9e1423a76eccc2981105c.jpeg": {
    "app_sintetizada": "86721A2BA32944DC9E1423A76ECCC2981105C.JPEG",
    "cantidad_archivos": 1,
    "archivos_fuente": [
      "Pictures/Fototeca de Fotos.photoslibrary/resources/derivatives/8/86721A2B-A329-44DC-9E14-23A76ECCC298_1_105_c.jpeg"
    ],
    "ultima_modificacion": "2025-08-01 01:01:03.537114"
  },
  "84a0328a4a954e32b74cce5df0b1f4cd1105c.jpeg": {
    "app_sintetizada": "84A0328A4A954E32B74CCE5DF0B1F4CD1105C.JPEG",
    "cantidad_archivos": 1,
    "archivos_fuente": [
      "Pictures/Fototeca de Fotos.photoslibrary/resources/derivatives/8/84A0328A-4A95-4E32-B74C-CE5DF0B1F4CD_1_105_c.jpeg"
    ],
    "ultima_modificacion": "2025-08-01 01:01:03.537403"
  },
  "8040650a9b894a6fb1ffdfe76328b13d1105c.jpeg": {
    "app_sintetizada": "8040650A9B894A6FB1FFDFE76328B13D1105C.JPEG",
    "cantidad_archivos": 1,
    "archivos_fuente": [
      "Pictures/Fototeca de Fotos.photoslibrary/resources/derivatives/8/8040650A-9B89-4A6F-B1FF-DFE76328B13D_1_105_c.jpeg"
    ],
    "ultima_modificacion": "2025-08-01 01:01:03.537679"
  }
}