{
  "89fa9fc844ca457fabe58ed465026b5b1105c.jpeg": {
    "app_sintetizada": "89FA9FC844CA457FABE58ED465026B5B1105C.JPEG",
    "cantidad_archivos": 1,
    "archivos_fuente": [
      "Pictures/Fototeca de Fotos.photoslibrary/resources/derivatives/8/89FA9FC8-44CA-457F-ABE5-8ED465026B5B_1_105_c.jpeg"
    ],
    "ultima_modificacion": "2025-08-01 01:01:03.457293"
  },
  "88db11bdd52f4fb6a9615c5750e6b0991105c.jpeg": {
    "app_sintetizada": "88DB11BDD52F4FB6A9615C5750E6B0991105C.JPEG",
    "cantidad_archivos": 1,
    "archivos_fuente": [
      "Pictures/Fototeca de Fotos.photoslibrary/resources/derivatives/8/88DB11BD-D52F-4FB6-A961-5C5750E6B099_1_105_c.jpeg"
    ],
    "ultima_modificacion": "2025-08-01 01:01:03.457566"
  },
  "86905c32ed21409fae04e4ab8a29b68c1105c.jpeg": {
    "app_sintetizada": "86905C32ED21409FAE04E4AB8A29B68C1105C.JPEG",
    "cantidad_archivos": 1,
    "archivos_fuente": [
      "Pictures/Fototeca de Fotos.photoslibrary/resources/derivatives/8/86905C32-ED21-409F-AE04-E4AB8A29B68C_1_105_c.jpeg"
    ],
    "ultima_modificacion": "2025-08-01 01:01:03.457879"
  },
  "818872182480423381e6f5d90fd520fd1102o.jpeg": {
    "app_sintetizada": "818872182480423381E6F5D90FD520FD1102O.JPEG",
    "cantidad_archivos": 1,
    "archivos_fuente": [
      "Pictures/Fototeca de Fotos.photoslibrary/resources/derivatives/8/81887218-2480-4233-81E6-F5D90FD520FD_1_102_o.jpeg"
    ],
    "ultima_modificacion": "2025-08-01 01:01:03.458185"
  },
  "86dd00814dc646f9a21050edb47f47151105c.jpeg": {
    "app_sintetizada": "86DD00814DC646F9A21050EDB47F47151105C.JPEG",
    "cantidad_archivos": 1,
    "archivos_fuente": [
      "Pictures/Fototeca de Fotos.photoslibrary/resources/derivatives/8/86DD0081-4DC6-46F9-A210-50EDB47F4715_1_105_c.jpeg"
    ],
    "ultima_modificacion": "2025-08-01 01:01:03.458503"
  },
  "8c554fe30abe4a09a9bd4c6de98c3a041105c.jpeg": {
    "app_sintetizada": "8C554FE30ABE4A09A9BD4C6DE98C3A041105C.JPEG",
    "cantidad_archivos": 1,
    "archivos_fuente": [
      "Pictures/Fototeca de Fotos.photoslibrary/resources/derivatives/8/8C554FE3-0ABE-4A09-A9BD-4C6DE98C3A04_1_105_c.jpeg"
    ],
    "ultima_modificacion": "2025-08-01 01:01:03.458802"
  },
  "8a818f684752423f80d6d02e656a07f51105c.jpeg": {
    "app_sintetizada": "8A818F684752423F80D6D02E656A07F51105C.JPEG",
    "cantidad_archivos": 1,
    "archivos_fuente": [
      "Pictures/Fototeca de Fotos.photoslibrary/resources/derivatives/8/8A818F68-4752-423F-80D6-D02E656A07F5_1_105_c.jpeg"
    ],
    "ultima_modificacion": "2025-08-01 01:01:03.459102"
  },
  "860dac08136244a7bb71d67afb87bb391100o.jpeg": {
    "app_sintetizada": "860DAC08136244A7BB71D67AFB87BB391100O.JPEG",
    "cantidad_archivos": 1,
    "archivos_fuente": [
      "Pictures/Fototeca de Fotos.photoslibrary/resources/derivatives/8/860DAC08-1362-44A7-BB71-D67AFB87BB39_1_100_o.jpeg"
    ],
    "ultima_modificacion": "2025-08-01 01:01:03.459405"
  },
  "807cdef6f498403fbaa5baa3d4f3b54d1105c.jpeg": {
    "app_sintetizada": "807CDEF6F498403FBAA5BAA3D4F3B54D1105C.JPEG",
    "cantidad_archivos": 1,
    "archivos_fuente": [
      "Pictures/Fototeca de Fotos.photoslibrary/resources/derivatives/8/807CDEF6-F498-403F-BAA5-BAA3D4F3B54D_1_105_c.jpeg"
    ],
    "ultima_modificacion": "2025-08-01 01:01:03.459699"
  },
  "89ecd93ae9fe4ebf98b59384c3e7b87d1105c.jpeg": {
    "app_sintetizada": "89ECD93AE9FE4EBF98B59384C3E7B87D1105C.JPEG",
    "cantidad_archivos": 1,
    "archivos_fuente": [
      "Pictures/Fototeca de Fotos.photoslibrary/resources/derivatives/8/89ECD93A-E9FE-4EBF-98B5-9384C3E7B87D_1_105_c.jpeg"
    ],
    "ultima_modificacion": "2025-08-01 01:01:03.459993"
  },
  "8f84dfc78e8a4256a11ac5a6d87556d11105c.jpeg": {
    "app_sintetizada": "8F84DFC78E8A4256A11AC5A6D87556D11105C.JPEG",
    "cantidad_archivos": 1,
    "archivos_fuente": [
      "Pictures/Fototeca de Fotos.photoslibrary/resources/derivatives/8/8F84DFC7-8E8A-4256-A11A-C5A6D87556D1_1_105_c.jpeg"
    ],
    "ultima_modificacion": "2025-08-01 01:01:03.460302"
  },
  "8a71919678d44f39a7a129123b6901441105c.jpeg": {
    "app_sintetizada": "8A71919678D44F39A7A129123B6901441105C.JPEG",
    "cantidad_archivos": 1,
    "archivos_fuente": [
      "Pictures/Fototeca de Fotos.photoslibrary/resources/derivatives/8/8A719196-78D4-4F39-A7A1-29123B690144_1_105_c.jpeg"
    ],
    "ultima_modificacion": "2025-08-01 01:01:03.460618"
  },
  "82242881936a493dafbf3a5c80591c5e1105c.jpeg": {
    "app_sintetizada": "82242881936A493DAFBF3A5C80591C5E1105C.JPEG",
    "cantidad_archivos": 1,
    "archivos_fuente": [
      "Pictures/Fototeca de Fotos.photoslibrary/resources/derivatives/8/82242881-936A-493D-AFBF-3A5C80591C5E_1_105_c.jpeg"
    ],
    "ultima_modificacion": "2025-08-01 01:01:03.460940"
  },
  "89d0332e4a354661b4f98a2b318ca72e1105c.jpeg": {
    "app_sintetizada": "89D0332E4A354661B4F98A2B318CA72E1105C.JPEG",
    "cantidad_archivos": 1,
    "archivos_fuente": [
      "Pictures/Fototeca de Fotos.photoslibrary/resources/derivatives/8/89D0332E-4A35-4661-B4F9-8A2B318CA72E_1_105_c.jpeg"
    ],
    "ultima_modificacion": "2025-08-01 01:01:03.461187"
  },
  "84af3b54dc6d4c1ba6d84c65743c0280.thm": {
    "app_sintetizada": "84AF3B54DC6D4C1BA6D84C65743C0280.THM",
    "cantidad_archivos": 1,
    "archivos_fuente": [
      "Pictures/Fototeca de Fotos.photoslibrary/resources/derivatives/8/84AF3B54-DC6D-4C1B-A6D8-4C65743C0280.THM"
    ],
    "ultima_modificacion": "2025-08-01 01:01:03.461425"
  },
  "8a45c8c1c6074b7b98407d0fb0c5edf4.thm": {
    "app_sintetizada": "8A45C8C1C6074B7B98407D0FB0C5EDF4.THM",
    "cantidad_archivos": 1,
    "archivos_fuente": [
      "Pictures/Fototeca de Fotos.photoslibrary/resources/derivatives/8/8A45C8C1-C607-4B7B-9840-7D0FB0C5EDF4.THM"
    ],
    "ultima_modificacion": "2025-08-01 01:01:03.461648"
  },
  "85d755b9e3ca45148eeedb461c5ddcd91105c.jpeg": {
    "app_sintetizada": "85D755B9E3CA45148EEEDB461C5DDCD91105C.JPEG",
    "cantidad_archivos": 1,
    "archivos_fuente": [
      "Pictures/Fototeca de Fotos.photoslibrary/resources/derivatives/8/85D755B9-E3CA-4514-8EEE-DB461C5DDCD9_1_105_c.jpeg"
    ],
    "ultima_modificacion": "2025-08-01 01:01:03.462027"
  },
  "8cb617b34af848aeb78a42d872afa8b21105c.jpeg": {
    "app_sintetizada": "8CB617B34AF848AEB78A42D872AFA8B21105C.JPEG",
    "cantidad_archivos": 1,
    "archivos_fuente": [
      "Pictures/Fototeca de Fotos.photoslibrary/resources/derivatives/8/8CB617B3-4AF8-48AE-B78A-42D872AFA8B2_1_105_c.jpeg"
    ],
    "ultima_modificacion": "2025-08-01 01:01:03.462327"
  },
  "8b38f55c8f754eb78aa59466225fc41f1105c.jpeg": {
    "app_sintetizada": "8B38F55C8F754EB78AA59466225FC41F1105C.JPEG",
    "cantidad_archivos": 1,
    "archivos_fuente": [
      "Pictures/Fototeca de Fotos.photoslibrary/resources/derivatives/8/8B38F55C-8F75-4EB7-8AA5-9466225FC41F_1_105_c.jpeg"
    ],
    "ultima_modificacion": "2025-08-01 01:01:03.462584"
  },
  "8e40d7c005a2478cbd7fda78dc4f03901105c.jpeg": {
    "app_sintetizada": "8E40D7C005A2478CBD7FDA78DC4F03901105C.JPEG",
    "cantidad_archivos": 1,
    "archivos_fuente": [
      "Pictures/Fototeca de Fotos.photoslibrary/resources/derivatives/8/8E40D7C0-05A2-478C-BD7F-DA78DC4F0390_1_105_c.jpeg"
    ],
    "ultima_modificacion": "2025-08-01 01:01:03.462845"
  },
  "8c6603e5f96f4c9888a50a35af97a775.thm": {
    "app_sintetizada": "8C6603E5F96F4C9888A50A35AF97A775.THM",
    "cantidad_archivos": 1,
    "archivos_fuente": [
      "Pictures/Fototeca de Fotos.photoslibrary/resources/derivatives/8/8C6603E5-F96F-4C98-88A5-0A35AF97A775.THM"
    ],
    "ultima_modificacion": "2025-08-01 01:01:03.463137"
  },
  "8715fd2808ea4a04bf1d9278a46148411105c.jpeg": {
    "app_sintetizada": "8715FD2808EA4A04BF1D9278A46148411105C.JPEG",
    "cantidad_archivos": 1,
    "archivos_fuente": [
      "Pictures/Fototeca de Fotos.photoslibrary/resources/derivatives/8/8715FD28-08EA-4A04-BF1D-9278A4614841_1_105_c.jpeg"
    ],
    "ultima_modificacion": "2025-08-01 01:01:03.463394"
  },
  "883fd05f035d46d0a2439c9cd8fd5a8a1105c.jpeg": {
    "app_sintetizada": "883FD05F035D46D0A2439C9CD8FD5A8A1105C.JPEG",
    "cantidad_archivos": 1,
    "archivos_fuente": [
      "Pictures/Fototeca de Fotos.photoslibrary/resources/derivatives/8/883FD05F-035D-46D0-A243-9C9CD8FD5A8A_1_105_c.jpeg"
    ],
    "ultima_modificacion": "2025-08-01 01:01:03.463655"
  },
  "839ba5b20a7d4ba3a35c5b1c40dbefd41100o.jpeg": {
    "app_sintetizada": "839BA5B20A7D4BA3A35C5B1C40DBEFD41100O.JPEG",
    "cantidad_archivos": 1,
    "archivos_fuente": [
      "Pictures/Fototeca de Fotos.photoslibrary/resources/derivatives/8/839BA5B2-0A7D-4BA3-A35C-5B1C40DBEFD4_1_100_o.jpeg"
    ],
    "ultima_modificacion": "2025-08-01 01:01:03.463948"
  },
  "8e028ac087484dc09b7935c0792bdc731105c.jpeg": {
    "app_sintetizada": "8E028AC087484DC09B7935C0792BDC731105C.JPEG",
    "cantidad_archivos": 1,
    "archivos_fuente": [
      "Pictures/Fototeca de Fotos.photoslibrary/resources/derivatives/8/8E028AC0-8748-4DC0-9B79-35C0792BDC73_1_105_c.jpeg"
    ],
    "ultima_modificacion": "2025-08-01 01:01:03.464198"
  },
  "8d4d23438dad418597129a82e09b9cc61105c.jpeg": {
    "app_sintetizada": "8D4D23438DAD418597129A82E09B9CC61105C.JPEG",
    "cantidad_archivos": 1,
    "archivos_fuente": [
      "Pictures/Fototeca de Fotos.photoslibrary/resources/derivatives/8/8D4D2343-8DAD-4185-9712-9A82E09B9CC6_1_105_c.jpeg"
    ],
    "ultima_modificacion": "2025-08-01 01:01:03.464448"
  },
  "873acbb3b8a94bdea935b8fe62a76ad01105c.jpeg": {
    "app_sintetizada": "873ACBB3B8A94BDEA935B8FE62A76AD01105C.JPEG",
    "cantidad_archivos": 1,
    "archivos_fuente": [
      "Pictures/Fototeca de Fotos.photoslibrary/resources/derivatives/8/873ACBB3-B8A9-4BDE-A935-B8FE62A76AD0_1_105_c.jpeg"
    ],
    "ultima_modificacion": "2025-08-01 01:01:03.464710"
  },
  "8d8672b23b564fd9a510328db5eb82f81105c.jpeg": {
    "app_sintetizada": "8D8672B23B564FD9A510328DB5EB82F81105C.JPEG",
    "cantidad_archivos": 1,
    "archivos_fuente": [
      "Pictures/Fototeca de Fotos.photoslibrary/resources/derivatives/8/8D8672B2-3B56-4FD9-A510-328DB5EB82F8_1_105_c.jpeg"
    ],
    "ultima_modificacion": "2025-08-01 01:01:03.465065"
  },
  "8d2a1b23b24a44daad3bb2d4ab4c0dfe1105c.jpeg": {
    "app_sintetizada": "8D2A1B23B24A44DAAD3BB2D4AB4C0DFE1105C.JPEG",
    "cantidad_archivos": 1,
    "archivos_fuente": [
      "Pictures/Fototeca de Fotos.photoslibrary/resources/derivatives/8/8D2A1B23-B24A-44DA-AD3B-B2D4AB4C0DFE_1_105_c.jpeg"
    ],
    "ultima_modificacion": "2025-08-01 01:01:03.465289"
  },
  "8c20f7f1bdbf41599773ba1a3b7070f01105c.jpeg": {
    "app_sintetizada": "8C20F7F1BDBF41599773BA1A3B7070F01105C.JPEG",
    "cantidad_archivos": 1,
    "archivos_fuente": [
      "Pictures/Fototeca de Fotos.photoslibrary/resources/derivatives/8/8C20F7F1-BDBF-4159-9773-BA1A3B7070F0_1_105_c.jpeg"
    ],
    "ultima_modificacion": "2025-08-01 01:01:03.465604"
  },
  "8ccca066de74453fa63b679ef1fa4ac61105c.jpeg": {
    "app_sintetizada": "8CCCA066DE74453FA63B679EF1FA4AC61105C.JPEG",
    "cantidad_archivos": 1,
    "archivos_fuente": [
      "Pictures/Fototeca de Fotos.photoslibrary/resources/derivatives/8/8CCCA066-DE74-453F-A63B-679EF1FA4AC6_1_105_c.jpeg"
    ],
    "ultima_modificacion": "2025-08-01 01:01:03.465834"
  },
  "815a6f00a63f448ca3ceb4e0edf05dc01105c.jpeg": {
    "app_sintetizada": "815A6F00A63F448CA3CEB4E0EDF05DC01105C.JPEG",
    "cantidad_archivos": 1,
    "archivos_fuente": [
      "Pictures/Fototeca de Fotos.photoslibrary/resources/derivatives/8/815A6F00-A63F-448C-A3CE-B4E0EDF05DC0_1_105_c.jpeg"
    ],
    "ultima_modificacion": "2025-08-01 01:01:03.466034"
  },
  "846092d277e341af9198b24298519e6c1105c.jpeg": {
    "app_sintetizada": "846092D277E341AF9198B24298519E6C1105C.JPEG",
    "cantidad_archivos": 1,
    "archivos_fuente": [
      "Pictures/Fototeca de Fotos.photoslibrary/resources/derivatives/8/846092D2-77E3-41AF-9198-B24298519E6C_1_105_c.jpeg"
    ],
    "ultima_modificacion": "2025-08-01 01:01:03.466303"
  },
  "8643511a14e04b1b8a9259b99b1228891105c.jpeg": {
    "app_sintetizada": "8643511A14E04B1B8A9259B99B1228891105C.JPEG",
    "cantidad_archivos": 1,
    "archivos_fuente": [
      "Pictures/Fototeca de Fotos.photoslibrary/resources/derivatives/8/8643511A-14E0-4B1B-8A92-59B99B122889_1_105_c.jpeg"
    ],
    "ultima_modificacion": "2025-08-01 01:01:03.466593"
  },
  "84e5d01786484c518cdce2cfd69bc2691105c.jpeg": {
    "app_sintetizada": "84E5D01786484C518CDCE2CFD69BC2691105C.JPEG",
    "cantidad_archivos": 1,
    "archivos_fuente": [
      "Pictures/Fototeca de Fotos.photoslibrary/resources/derivatives/8/84E5D017-8648-4C51-8CDC-E2CFD69BC269_1_105_c.jpeg"
    ],
    "ultima_modificacion": "2025-08-01 01:01:03.466852"
  },
  "829815bcdec446e897f877b124abb61c1105c.jpeg": {
    "app_sintetizada": "829815BCDEC446E897F877B124ABB61C1105C.JPEG",
    "cantidad_archivos": 1,
    "archivos_fuente": [
      "Pictures/Fototeca de Fotos.photoslibrary/resources/derivatives/8/829815BC-DEC4-46E8-97F8-77B124ABB61C_1_105_c.jpeg"
    ],
    "ultima_modificacion": "2025-08-01 01:01:03.467166"
  },
  "8258c5ea7df74a27a55b57f451e58adc1105c.jpeg": {
    "app_sintetizada": "8258C5EA7DF74A27A55B57F451E58ADC1105C.JPEG",
    "cantidad_archivos": 1,
    "archivos_fuente": [
      "Pictures/Fototeca de Fotos.photoslibrary/resources/derivatives/8/8258C5EA-7DF7-4A27-A55B-57F451E58ADC_1_105_c.jpeg"
    ],
    "ultima_modificacion": "2025-08-01 01:01:03.467583"
  },
  "8bc54ad7b0eb4204971ace2ba389a1421105c.jpeg": {
    "app_sintetizada": "8BC54AD7B0EB4204971ACE2BA389A1421105C.JPEG",
    "cantidad_archivos": 1,
    "archivos_fuente": [
      "Pictures/Fototeca de Fotos.photoslibrary/resources/derivatives/8/8BC54AD7-B0EB-4204-971A-CE2BA389A142_1_105_c.jpeg"
    ],
    "ultima_modificacion": "2025-08-01 01:01:03.467830"
  },
  "87f7519d13224d00a5e37b0ff970212f1105c.jpeg": {
    "app_sintetizada": "87F7519D13224D00A5E37B0FF970212F1105C.JPEG",
    "cantidad_archivos": 1,
    "archivos_fuente": [
      "Pictures/Fototeca de Fotos.photoslibrary/resources/derivatives/8/87F7519D-1322-4D00-A5E3-7B0FF970212F_1_105_c.jpeg"
    ],
    "ultima_modificacion": "2025-08-01 01:01:03.468143"
  },
  "8d99f2fd19a549539f3434aa115e993e1105c.jpeg": {
    "app_sintetizada": "8D99F2FD19A549539F3434AA115E993E1105C.JPEG",
    "cantidad_archivos": 1,
    "archivos_fuente": [
      "Pictures/Fototeca de Fotos.photoslibrary/resources/derivatives/8/8D99F2FD-19A5-4953-9F34-34AA115E993E_1_105_c.jpeg"
    ],
    "ultima_modificacion": "2025-08-01 01:01:03.468358"
  },
  "8199b40eca864c9998c4e845f23b26451105c.jpeg": {
    "app_sintetizada": "8199B40ECA864C9998C4E845F23B26451105C.JPEG",
    "cantidad_archivos": 1,
    "archivos_fuente": [
      "Pictures/Fototeca de Fotos.photoslibrary/resources/derivatives/8/8199B40E-CA86-4C99-98C4-E845F23B2645_1_105_c.jpeg"
    ],
    "ultima_modificacion": "2025-08-01 01:01:03.468561"
  },
  "89f54da4d77b4e518dd38b4f3b45a0e21105c.jpeg": {
    "app_sintetizada": "89F54DA4D77B4E518DD38B4F3B45A0E21105C.JPEG",
    "cantidad_archivos": 1,
    "archivos_fuente": [
      "Pictures/Fototeca de Fotos.photoslibrary/resources/derivatives/8/89F54DA4-D77B-4E51-8DD3-8B4F3B45A0E2_1_105_c.jpeg"
    ],
    "ultima_modificacion": "2025-08-01 01:01:03.468753"
  },
  "8fdc9ee5fe384d74a15ee06b26d07c0f1105c.jpeg": {
    "app_sintetizada": "8FDC9EE5FE384D74A15EE06B26D07C0F1105C.JPEG",
    "cantidad_archivos": 1,
    "archivos_fuente": [
      "Pictures/Fototeca de Fotos.photoslibrary/resources/derivatives/8/8FDC9EE5-FE38-4D74-A15E-E06B26D07C0F_1_105_c.jpeg"
    ],
    "ultima_modificacion": "2025-08-01 01:01:03.468942"
  },
  "82cd47487d844ac181e4f8121187cffc1105c.jpeg": {
    "app_sintetizada": "82CD47487D844AC181E4F8121187CFFC1105C.JPEG",
    "cantidad_archivos": 1,
    "archivos_fuente": [
      "Pictures/Fototeca de Fotos.photoslibrary/resources/derivatives/8/82CD4748-7D84-4AC1-81E4-F8121187CFFC_1_105_c.jpeg"
    ],
    "ultima_modificacion": "2025-08-01 01:01:03.469143"
  },
  "8153beecce91486f91f54cc9d11ca8281105c.jpeg": {
    "app_sintetizada": "8153BEECCE91486F91F54CC9D11CA8281105C.JPEG",
    "cantidad_archivos": 1,
    "archivos_fuente": [
      "Pictures/Fototeca de Fotos.photoslibrary/resources/derivatives/8/8153BEEC-CE91-486F-91F5-4CC9D11CA828_1_105_c.jpeg"
    ],
    "ultima_modificacion": "2025-08-01 01:01:03.469326"
  },
  "859a2eb69c954611bf3be45fa272997f1105c.jpeg": {
    "app_sintetizada": "859A2EB69C954611BF3BE45FA272997F1105C.JPEG",
    "cantidad_archivos": 1,
    "archivos_fuente": [
      "Pictures/Fototeca de Fotos.photoslibrary/resources/derivatives/8/859A2EB6-9C95-4611-BF3B-E45FA272997F_1_105_c.jpeg"
    ],
    "ultima_modificacion": "2025-08-01 01:01:03.469508"
  },
  "8d27f9816f4d46d79ad252ab48d1a1471105c.jpeg": {
    "app_sintetizada": "8D27F9816F4D46D79AD252AB48D1A1471105C.JPEG",
    "cantidad_archivos": 1,
    "archivos_fuente": [
      "Pictures/Fototeca de Fotos.photoslibrary/resources/derivatives/8/8D27F981-6F4D-46D7-9AD2-52AB48D1A147_1_105_c.jpeg"
    ],
    "ultima_modificacion": "2025-08-01 01:01:03.469687"
  },
  "8ba3ba1a85674534bdfaaa75ca188e611105c.jpeg": {
    "app_sintetizada": "8BA3BA1A85674534BDFAAA75CA188E611105C.JPEG",
    "cantidad_archivos": 1,
    "archivos_fuente": [
      "Pictures/Fototeca de Fotos.photoslibrary/resources/derivatives/8/8BA3BA1A-8567-4534-BDFA-AA75CA188E61_1_105_c.jpeg"
    ],
    "ultima_modificacion": "2025-08-01 01:01:03.469874"
  },
  "8317bbd41b51415fbf6031eabd64b43f1102o.jpeg": {
    "app_sintetizada": "8317BBD41B51415FBF6031EABD64B43F1102O.JPEG",
    "cantidad_archivos": 1,
    "archivos_fuente": [
      "Pictures/Fototeca de Fotos.photoslibrary/resources/derivatives/8/8317BBD4-1B51-415F-BF60-31EABD64B43F_1_102_o.jpeg"
    ],
    "ultima_modificacion": "2025-08-01 01:01:03.470055"
  },
  "8194b4cb4e1c4fe8abcb2af8e2917f511105c.jpeg": {
    "app_sintetizada": "8194B4CB4E1C4FE8ABCB2AF8E2917F511105C.JPEG",
    "cantidad_archivos": 1,
    "archivos_fuente": [
      "Pictures/Fototeca de Fotos.photoslibrary/resources/derivatives/8/8194B4CB-4E1C-4FE8-ABCB-2AF8E2917F51_1_105_c.jpeg"
    ],
    "ultima_modificacion": "2025-08-01 01:01:03.470246"
  },
  "84b852f895df40eeababe391bd63261d1105c.jpeg": {
    "app_sintetizada": "84B852F895DF40EEABABE391BD63261D1105C.JPEG",
    "cantidad_archivos": 1,
    "archivos_fuente": [
      "Pictures/Fototeca de Fotos.photoslibrary/resources/derivatives/8/84B852F8-95DF-40EE-ABAB-E391BD63261D_1_105_c.jpeg"
    ],
    "ultima_modificacion": "2025-08-01 01:01:03.470432"
  },
  "8a97df20dd3744b4a06273d37d52e7901105c.jpeg": {
    "app_sintetizada": "8A97DF20DD3744B4A06273D37D52E7901105C.JPEG",
    "cantidad_archivos": 1,
    "archivos_fuente": [
      "Pictures/Fototeca de Fotos.photoslibrary/resources/derivatives/8/8A97DF20-DD37-44B4-A062-73D37D52E790_1_105_c.jpeg"
    ],
    "ultima_modificacion": "2025-08-01 01:01:03.470673"
  },
  "8168de65216447e78a793eecaa57c2721105c.jpeg": {
    "app_sintetizada": "8168DE65216447E78A793EECAA57C2721105C.JPEG",
    "cantidad_archivos": 1,
    "archivos_fuente": [
      "Pictures/Fototeca de Fotos.photoslibrary/resources/derivatives/8/8168DE65-2164-47E7-8A79-3EECAA57C272_1_105_c.jpeg"
    ],
    "ultima_modificacion": "2025-08-01 01:01:03.470952"
  },
  "87bfafb58a6c4b1e84731a22811b9efb1105c.jpeg": {
    "app_sintetizada": "87BFAFB58A6C4B1E84731A22811B9EFB1105C.JPEG",
    "cantidad_archivos": 1,
    "archivos_fuente": [
      "Pictures/Fototeca de Fotos.photoslibrary/resources/derivatives/8/87BFAFB5-8A6C-4B1E-8473-1A22811B9EFB_1_105_c.jpeg"
    ],
    "ultima_modificacion": "2025-08-01 01:01:03.471245"
  },
  "84300bbfb6444d5a983281979778d8401105c.jpeg": {
    "app_sintetizada": "84300BBFB6444D5A983281979778D8401105C.JPEG",
    "cantidad_archivos": 1,
    "archivos_fuente": [
      "Pictures/Fototeca de Fotos.photoslibrary/resources/derivatives/8/84300BBF-B644-4D5A-9832-81979778D840_1_105_c.jpeg"
    ],
    "ultima_modificacion": "2025-08-01 01:01:03.471588"
  },
  "8dff5ba000b1421391026016f996f2651105c.jpeg": {
    "app_sintetizada": "8DFF5BA000B1421391026016F996F2651105C.JPEG",
    "cantidad_archivos": 1,
    "archivos_fuente": [
      "Pictures/Fototeca de Fotos.photoslibrary/resources/derivatives/8/8DFF5BA0-00B1-4213-9102-6016F996F265_1_105_c.jpeg"
    ],
    "ultima_modificacion": "2025-08-01 01:01:03.471851"
  },
  "886bbcfdb52a413fa508a43e4ac6e9581105c.jpeg": {
    "app_sintetizada": "886BBCFDB52A413FA508A43E4AC6E9581105C.JPEG",
    "cantidad_archivos": 1,
    "archivos_fuente": [
      "Pictures/Fototeca de Fotos.photoslibrary/resources/derivatives/8/886BBCFD-B52A-413F-A508-A43E4AC6E958_1_105_c.jpeg"
    ],
    "ultima_modificacion": "2025-08-01 01:01:03.472081"
  },
  "81e0be266fbd4d84a94a370b240d3cfa1105c.jpeg": {
    "app_sintetizada": "81E0BE266FBD4D84A94A370B240D3CFA1105C.JPEG",
    "cantidad_archivos": 1,
    "archivos_fuente": [
      "Pictures/Fototeca de Fotos.photoslibrary/resources/derivatives/8/81E0BE26-6FBD-4D84-A94A-370B240D3CFA_1_105_c.jpeg"
    ],
    "ultima_modificacion": "2025-08-01 01:01:03.472282"
  },
  "876ba3acdca346a8be2161b2446f2b9c1105c.jpeg": {
    "app_sintetizada": "876BA3ACDCA346A8BE2161B2446F2B9C1105C.JPEG",
    "cantidad_archivos": 1,
    "archivos_fuente": [
      "Pictures/Fototeca de Fotos.photoslibrary/resources/derivatives/8/876BA3AC-DCA3-46A8-BE21-61B2446F2B9C_1_105_c.jpeg"
    ],
    "ultima_modificacion": "2025-08-01 01:01:03.472494"
  },
  "8fe9aa530d0b45929c567df97a5f806d1105c.jpeg": {
    "app_sintetizada": "8FE9AA530D0B45929C567DF97A5F806D1105C.JPEG",
    "cantidad_archivos": 1,
    "archivos_fuente": [
      "Pictures/Fototeca de Fotos.photoslibrary/resources/derivatives/8/8FE9AA53-0D0B-4592-9C56-7DF97A5F806D_1_105_c.jpeg"
    ],
    "ultima_modificacion": "2025-08-01 01:01:03.472729"
  },
  "80cb4e8620bc4b82872761c4680b880d1105c.jpeg": {
    "app_sintetizada": "80CB4E8620BC4B82872761C4680B880D1105C.JPEG",
    "cantidad_archivos": 1,
    "archivos_fuente": [
      "Pictures/Fototeca de Fotos.photoslibrary/resources/derivatives/8/80CB4E86-20BC-4B82-8727-61C4680B880D_1_105_c.jpeg"
    ],
    "ultima_modificacion": "2025-08-01 01:01:03.472948"
  },
  "816fc1e1b33d4d6ab4afa37587bad5d5.thm": {
    "app_sintetizada": "816FC1E1B33D4D6AB4AFA37587BAD5D5.THM",
    "cantidad_archivos": 1,
    "archivos_fuente": [
      "Pictures/Fototeca de Fotos.photoslibrary/resources/derivatives/8/816FC1E1-B33D-4D6A-B4AF-A37587BAD5D5.THM"
    ],
    "ultima_modificacion": "2025-08-01 01:01:03.473176"
  },
  "8a95191e2df34569b98ab1c77fdb2dec1105c.jpeg": {
    "app_sintetizada": "8A95191E2DF34569B98AB1C77FDB2DEC1105C.JPEG",
    "cantidad_archivos": 1,
    "archivos_fuente": [
      "Pictures/Fototeca de Fotos.photoslibrary/resources/derivatives/8/8A95191E-2DF3-4569-B98A-B1C77FDB2DEC_1_105_c.jpeg"
    ],
    "ultima_modificacion": "2025-08-01 01:01:03.473371"
  },
  "8af11d867cfc464787858f05f28019141105c.jpeg": {
    "app_sintetizada": "8AF11D867CFC464787858F05F28019141105C.JPEG",
    "cantidad_archivos": 1,
    "archivos_fuente": [
      "Pictures/Fototeca de Fotos.photoslibrary/resources/derivatives/8/8AF11D86-7CFC-4647-8785-8F05F2801914_1_105_c.jpeg"
    ],
    "ultima_modificacion": "2025-08-01 01:01:03.473569"
  },
  "808b837663c244339a22652c6abbb5191105c.jpeg": {
    "app_sintetizada": "808B837663C244339A22652C6ABBB5191105C.JPEG",
    "cantidad_archivos": 1,
    "archivos_fuente": [
      "Pictures/Fototeca de Fotos.photoslibrary/resources/derivatives/8/808B8376-63C2-4433-9A22-652C6ABBB519_1_105_c.jpeg"
    ],
    "ultima_modificacion": "2025-08-01 01:01:03.473761"
  },
  "8fbc43040c3448139af213d0b4fe4ffe1105c.jpeg": {
    "app_sintetizada": "8FBC43040C3448139AF213D0B4FE4FFE1105C.JPEG",
    "cantidad_archivos": 1,
    "archivos_fuente": [
      "Pictures/Fototeca de Fotos.photoslibrary/resources/derivatives/8/8FBC4304-0C34-4813-9AF2-13D0B4FE4FFE_1_105_c.jpeg"
    ],
    "ultima_modificacion": "2025-08-01 01:01:03.473997"
  },
  "8fa4441404b744279a52fbb185de8ae71105c.jpeg": {
    "app_sintetizada": "8FA4441404B744279A52FBB185DE8AE71105C.JPEG",
    "cantidad_archivos": 1,
    "archivos_fuente": [
      "Pictures/Fototeca de Fotos.photoslibrary/resources/derivatives/8/8FA44414-04B7-4427-9A52-FBB185DE8AE7_1_105_c.jpeg"
    ],
    "ultima_modificacion": "2025-08-01 01:01:03.474306"
  },
  "81fe0abd1ad14fee8d7978f546de36831105c.jpeg": {
    "app_sintetizada": "81FE0ABD1AD14FEE8D7978F546DE36831105C.JPEG",
    "cantidad_archivos": 1,
    "archivos_fuente": [
      "Pictures/Fototeca de Fotos.photoslibrary/resources/derivatives/8/81FE0ABD-1AD1-4FEE-8D79-78F546DE3683_1_105_c.jpeg"
    ],
    "ultima_modificacion": "2025-08-01 01:01:03.474520"
  },
  "8c1ccdfd09484687ad5f14ed58c9dcda1105c.jpeg": {
    "app_sintetizada": "8C1CCDFD09484687AD5F14ED58C9DCDA1105C.JPEG",
    "cantidad_archivos": 1,
    "archivos_fuente": [
      "Pictures/Fototeca de Fotos.photoslibrary/resources/derivatives/8/8C1CCDFD-0948-4687-AD5F-14ED58C9DCDA_1_105_c.jpeg"
    ],
    "ultima_modificacion": "2025-08-01 01:01:03.474766"
  },
  "8847c32e9ff44cc3a538d44cefa1ea5a1105c.jpeg": {
    "app_sintetizada": "8847C32E9FF44CC3A538D44CEFA1EA5A1105C.JPEG",
    "cantidad_archivos": 1,
    "archivos_fuente": [
      "Pictures/Fototeca de Fotos.photoslibrary/resources/derivatives/8/8847C32E-9FF4-4CC3-A538-D44CEFA1EA5A_1_105_c.jpeg"
    ],
    "ultima_modificacion": "2025-08-01 01:01:03.475055"
  },
  "8c04a36a53864df0af18a55b3753174f1105c.jpeg": {
    "app_sintetizada": "8C04A36A53864DF0AF18A55B3753174F1105C.JPEG",
    "cantidad_archivos": 1,
    "archivos_fuente": [
      "Pictures/Fototeca de Fotos.photoslibrary/resources/derivatives/8/8C04A36A-5386-4DF0-AF18-A55B3753174F_1_105_c.jpeg"
    ],
    "ultima_modificacion": "2025-08-01 01:01:03.475364"
  },
  "8718dd3d0612496bbbc64d4fecd67b031105c.jpeg": {
    "app_sintetizada": "8718DD3D0612496BBBC64D4FECD67B031105C.JPEG",
    "cantidad_archivos": 1,
    "archivos_fuente": [
      "Pictures/Fototeca de Fotos.photoslibrary/resources/derivatives/8/8718DD3D-0612-496B-BBC6-4D4FECD67B03_1_105_c.jpeg"
    ],
    "ultima_modificacion": "2025-08-01 01:01:03.475709"
  },
  "8fbcf43610eb4cbfa76f8b7d5955ecce1105c.jpeg": {
    "app_sintetizada": "8FBCF43610EB4CBFA76F8B7D5955ECCE1105C.JPEG",
    "cantidad_archivos": 1,
    "archivos_fuente": [
      "Pictures/Fototeca de Fotos.photoslibrary/resources/derivatives/8/8FBCF436-10EB-4CBF-A76F-8B7D5955ECCE_1_105_c.jpeg"
    ],
    "ultima_modificacion": "2025-08-01 01:01:03.476020"
  },
  "873bd2163ac643a39fcfa96074b71f4f1105c.jpeg": {
    "app_sintetizada": "873BD2163AC643A39FCFA96074B71F4F1105C.JPEG",
    "cantidad_archivos": 1,
    "archivos_fuente": [
      "Pictures/Fototeca de Fotos.photoslibrary/resources/derivatives/8/873BD216-3AC6-43A3-9FCF-A96074B71F4F_1_105_c.jpeg"
    ],
    "ultima_modificacion": "2025-08-01 01:01:03.476322"
  },
  "87bafc75479f4221a59ffc1ca97048a61105c.jpeg": {
    "app_sintetizada": "87BAFC75479F4221A59FFC1CA97048A61105C.JPEG",
    "cantidad_archivos": 1,
    "archivos_fuente": [
      "Pictures/Fototeca de Fotos.photoslibrary/resources/derivatives/8/87BAFC75-479F-4221-A59F-FC1CA97048A6_1_105_c.jpeg"
    ],
    "ultima_modificacion": "2025-08-01 01:01:03.476603"
  },
  "877b09a9eb5949e58daa76fd1aaf89991105c.jpeg": {
    "app_sintetizada": "877B09A9EB5949E58DAA76FD1AAF89991105C.JPEG",
    "cantidad_archivos": 1,
    "archivos_fuente": [
      "Pictures/Fototeca de Fotos.photoslibrary/resources/derivatives/8/877B09A9-EB59-49E5-8DAA-76FD1AAF8999_1_105_c.jpeg"
    ],
    "ultima_modificacion": "2025-08-01 01:01:03.476879"
  },
  "84af7a787b8642b584f53b03a33580261105c.jpeg": {
    "app_sintetizada": "84AF7A787B8642B584F53B03A33580261105C.JPEG",
    "cantidad_archivos": 1,
    "archivos_fuente": [
      "Pictures/Fototeca de Fotos.photoslibrary/resources/derivatives/8/84AF7A78-7B86-42B5-84F5-3B03A3358026_1_105_c.jpeg"
    ],
    "ultima_modificacion": "2025-08-01 01:01:03.477178"
  },
  "8f4881a9f883420480a43d8b8cd2d0f31105c.jpeg": {
    "app_sintetizada": "8F4881A9F883420480A43D8B8CD2D0F31105C.JPEG",
    "cantidad_archivos": 1,
    "archivos_fuente": [
      "Pictures/Fototeca de Fotos.photoslibrary/resources/derivatives/8/8F4881A9-F883-4204-80A4-3D8B8CD2D0F3_1_105_c.jpeg"
    ],
    "ultima_modificacion": "2025-08-01 01:01:03.477413"
  },
  "88179c02541d4d18bb375e3afd2a11001105c.jpeg": {
    "app_sintetizada": "88179C02541D4D18BB375E3AFD2A11001105C.JPEG",
    "cantidad_archivos": 1,
    "archivos_fuente": [
      "Pictures/Fototeca de Fotos.photoslibrary/resources/derivatives/8/88179C02-541D-4D18-BB37-5E3AFD2A1100_1_105_c.jpeg"
    ],
    "ultima_modificacion": "2025-08-01 01:01:03.477613"
  },
  "857ed8f2707d418f8aef82fb5ede1fbf1105c.jpeg": {
    "app_sintetizada": "857ED8F2707D418F8AEF82FB5EDE1FBF1105C.JPEG",
    "cantidad_archivos": 1,
    "archivos_fuente": [
      "Pictures/Fototeca de Fotos.photoslibrary/resources/derivatives/8/857ED8F2-707D-418F-8AEF-82FB5EDE1FBF_1_105_c.jpeg"
    ],
    "ultima_modificacion": "2025-08-01 01:01:03.477839"
  },
  "838836e21d574e55a13cba28a92487791105c.jpeg": {
    "app_sintetizada": "838836E21D574E55A13CBA28A92487791105C.JPEG",
    "cantidad_archivos": 1,
    "archivos_fuente": [
      "Pictures/Fototeca de Fotos.photoslibrary/resources/derivatives/8/838836E2-1D57-4E55-A13C-BA28A9248779_1_105_c.jpeg"
    ],
    "ultima_modificacion": "2025-08-01 01:01:03.478164"
  },
  "8a5c09bd5bf241f1a1eb09bee37e00991105c.jpeg": {
    "app_sintetizada": "8A5C09BD5BF241F1A1EB09BEE37E00991105C.JPEG",
    "cantidad_archivos": 1,
    "archivos_fuente": [
      "Pictures/Fototeca de Fotos.photoslibrary/resources/derivatives/8/8A5C09BD-5BF2-41F1-A1EB-09BEE37E0099_1_105_c.jpeg"
    ],
    "ultima_modificacion": "2025-08-01 01:01:03.478391"
  },
  "80c1ce9501d844a8a63ffedf27fcbbd21105c.jpeg": {
    "app_sintetizada": "80C1CE9501D844A8A63FFEDF27FCBBD21105C.JPEG",
    "cantidad_archivos": 1,
    "archivos_fuente": [
      "Pictures/Fototeca de Fotos.photoslibrary/resources/derivatives/8/80C1CE95-01D8-44A8-A63F-FEDF27FCBBD2_1_105_c.jpeg"
    ],
    "ultima_modificacion": "2025-08-01 01:01:03.478582"
  },
  "83a0cad29d7b48c996c853fcd1cca5601105c.jpeg": {
    "app_sintetizada": "83A0CAD29D7B48C996C853FCD1CCA5601105C.JPEG",
    "cantidad_archivos": 1,
    "archivos_fuente": [
      "Pictures/Fototeca de Fotos.photoslibrary/resources/derivatives/8/83A0CAD2-9D7B-48C9-96C8-53FCD1CCA560_1_105_c.jpeg"
    ],
    "ultima_modificacion": "2025-08-01 01:01:03.478775"
  },
  "8a6aeb74716242c08c2c94c49b50073b1105c.jpeg": {
    "app_sintetizada": "8A6AEB74716242C08C2C94C49B50073B1105C.JPEG",
    "cantidad_archivos": 1,
    "archivos_fuente": [
      "Pictures/Fototeca de Fotos.photoslibrary/resources/derivatives/8/8A6AEB74-7162-42C0-8C2C-94C49B50073B_1_105_c.jpeg"
    ],
    "ultima_modificacion": "2025-08-01 01:01:03.478956"
  },
  "8b1f101ea9984f3491bbf8b864a53ed01105c.jpeg": {
    "app_sintetizada": "8B1F101EA9984F3491BBF8B864A53ED01105C.JPEG",
    "cantidad_archivos": 1,
    "archivos_fuente": [
      "Pictures/Fototeca de Fotos.photoslibrary/resources/derivatives/8/8B1F101E-A998-4F34-91BB-F8B864A53ED0_1_105_c.jpeg"
    ],
    "ultima_modificacion": "2025-08-01 01:01:03.479138"
  },
  "8bc3a5b31a234f7eb94d85fc268fde441100o.jpeg": {
    "app_sintetizada": "8BC3A5B31A234F7EB94D85FC268FDE441100O.JPEG",
    "cantidad_archivos": 1,
    "archivos_fuente": [
      "Pictures/Fototeca de Fotos.photoslibrary/resources/derivatives/8/8BC3A5B3-1A23-4F7E-B94D-85FC268FDE44_1_100_o.jpeg"
    ],
    "ultima_modificacion": "2025-08-01 01:01:03.479312"
  },
  "8a02a864082b436cba7cf42d0c5881541105c.jpeg": {
    "app_sintetizada": "8A02A864082B436CBA7CF42D0C5881541105C.JPEG",
    "cantidad_archivos": 1,
    "archivos_fuente": [
      "Pictures/Fototeca de Fotos.photoslibrary/resources/derivatives/8/8A02A864-082B-436C-BA7C-F42D0C588154_1_105_c.jpeg"
    ],
    "ultima_modificacion": "2025-08-01 01:01:03.479515"
  },
  "87595174bf894fb8911a9424701cfb411105c.jpeg": {
    "app_sintetizada": "87595174BF894FB8911A9424701CFB411105C.JPEG",
    "cantidad_archivos": 1,
    "archivos_fuente": [
      "Pictures/Fototeca de Fotos.photoslibrary/resources/derivatives/8/87595174-BF89-4FB8-911A-9424701CFB41_1_105_c.jpeg"
    ],
    "ultima_modificacion": "2025-08-01 01:01:03.479733"
  },
  "88b19116c57248e5b09ae39e907d4a881105c.jpeg": {
    "app_sintetizada": "88B19116C57248E5B09AE39E907D4A881105C.JPEG",
    "cantidad_archivos": 1,
    "archivos_fuente": [
      "Pictures/Fototeca de Fotos.photoslibrary/resources/derivatives/8/88B19116-C572-48E5-B09A-E39E907D4A88_1_105_c.jpeg"
    ],
    "ultima_modificacion": "2025-08-01 01:01:03.479939"
  },
  "8c800cd8b84c447b97a74263aedb691f1105c.jpeg": {
    "app_sintetizada": "8C800CD8B84C447B97A74263AEDB691F1105C.JPEG",
    "cantidad_archivos": 1,
    "archivos_fuente": [
      "Pictures/Fototeca de Fotos.photoslibrary/resources/derivatives/8/8C800CD8-B84C-447B-97A7-4263AEDB691F_1_105_c.jpeg"
    ],
    "ultima_modificacion": "2025-08-01 01:01:03.480130"
  },
  "8b60c0b0c3f64c7cbfb6dca7376f800a1105c.jpeg": {
    "app_sintetizada": "8B60C0B0C3F64C7CBFB6DCA7376F800A1105C.JPEG",
    "cantidad_archivos": 1,
    "archivos_fuente": [
      "Pictures/Fototeca de Fotos.photoslibrary/resources/derivatives/8/8B60C0B0-C3F6-4C7C-BFB6-DCA7376F800A_1_105_c.jpeg"
    ],
    "ultima_modificacion": "2025-08-01 01:01:03.480338"
  },
  "81f1287c02b54b248e65c41e665347f91105c.jpeg": {
    "app_sintetizada": "81F1287C02B54B248E65C41E665347F91105C.JPEG",
    "cantidad_archivos": 1,
    "archivos_fuente": [
      "Pictures/Fototeca de Fotos.photoslibrary/resources/derivatives/8/81F1287C-02B5-4B24-8E65-C41E665347F9_1_105_c.jpeg"
    ],
    "ultima_modificacion": "2025-08-01 01:01:03.480526"
  },
  "86be2efe0d52489098faaf720f3331231105c.jpeg": {
    "app_sintetizada": "86BE2EFE0D52489098FAAF720F3331231105C.JPEG",
    "cantidad_archivos": 1,
    "archivos_fuente": [
      "Pictures/Fototeca de Fotos.photoslibrary/resources/derivatives/8/86BE2EFE-0D52-4890-98FA-AF720F333123_1_105_c.jpeg"
    ],
    "ultima_modificacion": "2025-08-01 01:01:03.480758"
  },
  "80d1227cc779449885d625247489c33c1105c.jpeg": {
    "app_sintetizada": "80D1227CC779449885D625247489C33C1105C.JPEG",
    "cantidad_archivos": 1,
    "archivos_fuente": [
      "Pictures/Fototeca de Fotos.photoslibrary/resources/derivatives/8/80D1227C-C779-4498-85D6-25247489C33C_1_105_c.jpeg"
    ],
    "ultima_modificacion": "2025-08-01 01:01:03.481101"
  },
  "80e9f3b8c5fd4b8d852bfd1d1a6d82451105c.jpeg": {
    "app_sintetizada": "80E9F3B8C5FD4B8D852BFD1D1A6D82451105C.JPEG",
    "cantidad_archivos": 1,
    "archivos_fuente": [
      "Pictures/Fototeca de Fotos.photoslibrary/resources/derivatives/8/80E9F3B8-C5FD-4B8D-852B-FD1D1A6D8245_1_105_c.jpeg"
    ],
    "ultima_modificacion": "2025-08-01 01:01:03.481404"
  },
  "8df3bcf2fa814d018289cc993daa283a1105c.jpeg": {
    "app_sintetizada": "8DF3BCF2FA814D018289CC993DAA283A1105C.JPEG",
    "cantidad_archivos": 1,
    "archivos_fuente": [
      "Pictures/Fototeca de Fotos.photoslibrary/resources/derivatives/8/8DF3BCF2-FA81-4D01-8289-CC993DAA283A_1_105_c.jpeg"
    ],
    "ultima_modificacion": "2025-08-01 01:01:03.481609"
  },
  "820c5bf03e8e4251a54b03dac65ac5231105c.jpeg": {
    "app_sintetizada": "820C5BF03E8E4251A54B03DAC65AC5231105C.JPEG",
    "cantidad_archivos": 1,
    "archivos_fuente": [
      "Pictures/Fototeca de Fotos.photoslibrary/resources/derivatives/8/820C5BF0-3E8E-4251-A54B-03DAC65AC523_1_105_c.jpeg"
    ],
    "ultima_modificacion": "2025-08-01 01:01:03.481796"
  },
  "8b3571ad9d5c41e795083bc7b07520301105c.jpeg": {
    "app_sintetizada": "8B3571AD9D5C41E795083BC7B07520301105C.JPEG",
    "cantidad_archivos": 1,
    "archivos_fuente": [
      "Pictures/Fototeca de Fotos.photoslibrary/resources/derivatives/8/8B3571AD-9D5C-41E7-9508-3BC7B0752030_1_105_c.jpeg"
    ],
    "ultima_modificacion": "2025-08-01 01:01:03.481980"
  },
  "86cf254172304685b958822d2fef9b261105c.jpeg": {
    "app_sintetizada": "86CF254172304685B958822D2FEF9B261105C.JPEG",
    "cantidad_archivos": 1,
    "archivos_fuente": [
      "Pictures/Fototeca de Fotos.photoslibrary/resources/derivatives/8/86CF2541-7230-4685-B958-822D2FEF9B26_1_105_c.jpeg"
    ],
    "ultima_modificacion": "2025-08-01 01:01:03.482165"
  }
}