{
  "860857d6773d493f888a4a40207cb3b51105c.jpeg": {
    "app_sintetizada": "860857D6773D493F888A4A40207CB3B51105C.JPEG",
    "cantidad_archivos": 1,
    "archivos_fuente": [
      "Pictures/Fototeca de Fotos.photoslibrary/resources/derivatives/8/860857D6-773D-493F-888A-4A40207CB3B5_1_105_c.jpeg"
    ],
    "ultima_modificacion": "2025-08-01 01:01:03.403917"
  },
  "8ef99c2abad44a68a688dbcee4d168511105c.jpeg": {
    "app_sintetizada": "8EF99C2ABAD44A68A688DBCEE4D168511105C.JPEG",
    "cantidad_archivos": 1,
    "archivos_fuente": [
      "Pictures/Fototeca de Fotos.photoslibrary/resources/derivatives/8/8EF99C2A-BAD4-4A68-A688-DBCEE4D16851_1_105_c.jpeg"
    ],
    "ultima_modificacion": "2025-08-01 01:01:03.404212"
  },
  "801c692de0094d11896bd9979869d0951105c.jpeg": {
    "app_sintetizada": "801C692DE0094D11896BD9979869D0951105C.JPEG",
    "cantidad_archivos": 1,
    "archivos_fuente": [
      "Pictures/Fototeca de Fotos.photoslibrary/resources/derivatives/8/801C692D-E009-4D11-896B-D9979869D095_1_105_c.jpeg"
    ],
    "ultima_modificacion": "2025-08-01 01:01:03.404503"
  },
  "85b82959a6fb46509917931e97503cb11105c.jpeg": {
    "app_sintetizada": "85B82959A6FB46509917931E97503CB11105C.JPEG",
    "cantidad_archivos": 1,
    "archivos_fuente": [
      "Pictures/Fototeca de Fotos.photoslibrary/resources/derivatives/8/85B82959-A6FB-4650-9917-931E97503CB1_1_105_c.jpeg"
    ],
    "ultima_modificacion": "2025-08-01 01:01:03.404800"
  },
  "88fd3dd026c8478683ab680de468b0c41100o.jpeg": {
    "app_sintetizada": "88FD3DD026C8478683AB680DE468B0C41100O.JPEG",
    "cantidad_archivos": 1,
    "archivos_fuente": [
      "Pictures/Fototeca de Fotos.photoslibrary/resources/derivatives/8/88FD3DD0-26C8-4786-83AB-680DE468B0C4_1_100_o.jpeg"
    ],
    "ultima_modificacion": "2025-08-01 01:01:03.405101"
  },
  "860f86c36e8543829773368a627015a41105c.jpeg": {
    "app_sintetizada": "860F86C36E8543829773368A627015A41105C.JPEG",
    "cantidad_archivos": 1,
    "archivos_fuente": [
      "Pictures/Fototeca de Fotos.photoslibrary/resources/derivatives/8/860F86C3-6E85-4382-9773-368A627015A4_1_105_c.jpeg"
    ],
    "ultima_modificacion": "2025-08-01 01:01:03.405396"
  },
  "8b93b71cf7e74da2a1c3e26e2a980b881105c.jpeg": {
    "app_sintetizada": "8B93B71CF7E74DA2A1C3E26E2A980B881105C.JPEG",
    "cantidad_archivos": 1,
    "archivos_fuente": [
      "Pictures/Fototeca de Fotos.photoslibrary/resources/derivatives/8/8B93B71C-F7E7-4DA2-A1C3-E26E2A980B88_1_105_c.jpeg"
    ],
    "ultima_modificacion": "2025-08-01 01:01:03.405689"
  },
  "888ffbf89a374f70b105ba09be23f8121105c.jpeg": {
    "app_sintetizada": "888FFBF89A374F70B105BA09BE23F8121105C.JPEG",
    "cantidad_archivos": 1,
    "archivos_fuente": [
      "Pictures/Fototeca de Fotos.photoslibrary/resources/derivatives/8/888FFBF8-9A37-4F70-B105-BA09BE23F812_1_105_c.jpeg"
    ],
    "ultima_modificacion": "2025-08-01 01:01:03.406016"
  },
  "8f8db870718047a9a3410b3254838c271105c.jpeg": {
    "app_sintetizada": "8F8DB870718047A9A3410B3254838C271105C.JPEG",
    "cantidad_archivos": 1,
    "archivos_fuente": [
      "Pictures/Fototeca de Fotos.photoslibrary/resources/derivatives/8/8F8DB870-7180-47A9-A341-0B3254838C27_1_105_c.jpeg"
    ],
    "ultima_modificacion": "2025-08-01 01:01:03.406309"
  },
  "8a91692410c0491d91531c94d813d9dd1105c.jpeg": {
    "app_sintetizada": "8A91692410C0491D91531C94D813D9DD1105C.JPEG",
    "cantidad_archivos": 1,
    "archivos_fuente": [
      "Pictures/Fototeca de Fotos.photoslibrary/resources/derivatives/8/8A916924-10C0-491D-9153-1C94D813D9DD_1_105_c.jpeg"
    ],
    "ultima_modificacion": "2025-08-01 01:01:03.406589"
  },
  "8c5b7a5b23a44d28b4eb07a4a7dc176d1105c.jpeg": {
    "app_sintetizada": "8C5B7A5B23A44D28B4EB07A4A7DC176D1105C.JPEG",
    "cantidad_archivos": 1,
    "archivos_fuente": [
      "Pictures/Fototeca de Fotos.photoslibrary/resources/derivatives/8/8C5B7A5B-23A4-4D28-B4EB-07A4A7DC176D_1_105_c.jpeg"
    ],
    "ultima_modificacion": "2025-08-01 01:01:03.406866"
  },
  "839ce29e04ac4304921fe6c418e1e6041105c.jpeg": {
    "app_sintetizada": "839CE29E04AC4304921FE6C418E1E6041105C.JPEG",
    "cantidad_archivos": 1,
    "archivos_fuente": [
      "Pictures/Fototeca de Fotos.photoslibrary/resources/derivatives/8/839CE29E-04AC-4304-921F-E6C418E1E604_1_105_c.jpeg"
    ],
    "ultima_modificacion": "2025-08-01 01:01:03.407186"
  },
  "89c6bd9e6adb459dbf7a5b51b798e9411105c.jpeg": {
    "app_sintetizada": "89C6BD9E6ADB459DBF7A5B51B798E9411105C.JPEG",
    "cantidad_archivos": 1,
    "archivos_fuente": [
      "Pictures/Fototeca de Fotos.photoslibrary/resources/derivatives/8/89C6BD9E-6ADB-459D-BF7A-5B51B798E941_1_105_c.jpeg"
    ],
    "ultima_modificacion": "2025-08-01 01:01:03.407471"
  },
  "8392818bfec240bab6281f288d8415b01105c.jpeg": {
    "app_sintetizada": "8392818BFEC240BAB6281F288D8415B01105C.JPEG",
    "cantidad_archivos": 1,
    "archivos_fuente": [
      "Pictures/Fototeca de Fotos.photoslibrary/resources/derivatives/8/8392818B-FEC2-40BA-B628-1F288D8415B0_1_105_c.jpeg"
    ],
    "ultima_modificacion": "2025-08-01 01:01:03.407755"
  },
  "82357dd2031a4cc6860567b96cda53891105c.jpeg": {
    "app_sintetizada": "82357DD2031A4CC6860567B96CDA53891105C.JPEG",
    "cantidad_archivos": 1,
    "archivos_fuente": [
      "Pictures/Fototeca de Fotos.photoslibrary/resources/derivatives/8/82357DD2-031A-4CC6-8605-67B96CDA5389_1_105_c.jpeg"
    ],
    "ultima_modificacion": "2025-08-01 01:01:03.408030"
  },
  "84575bed11f042a78facc40a491c61311105c.jpeg": {
    "app_sintetizada": "84575BED11F042A78FACC40A491C61311105C.JPEG",
    "cantidad_archivos": 1,
    "archivos_fuente": [
      "Pictures/Fototeca de Fotos.photoslibrary/resources/derivatives/8/84575BED-11F0-42A7-8FAC-C40A491C6131_1_105_c.jpeg"
    ],
    "ultima_modificacion": "2025-08-01 01:01:03.408346"
  },
  "8eb7e82c1d21420d85ce763198d1a85d1105c.jpeg": {
    "app_sintetizada": "8EB7E82C1D21420D85CE763198D1A85D1105C.JPEG",
    "cantidad_archivos": 1,
    "archivos_fuente": [
      "Pictures/Fototeca de Fotos.photoslibrary/resources/derivatives/8/8EB7E82C-1D21-420D-85CE-763198D1A85D_1_105_c.jpeg"
    ],
    "ultima_modificacion": "2025-08-01 01:01:03.408663"
  },
  "8fd73d27021e4a4897b5b5b503e13fb31105c.jpeg": {
    "app_sintetizada": "8FD73D27021E4A4897B5B5B503E13FB31105C.JPEG",
    "cantidad_archivos": 1,
    "archivos_fuente": [
      "Pictures/Fototeca de Fotos.photoslibrary/resources/derivatives/8/8FD73D27-021E-4A48-97B5-B5B503E13FB3_1_105_c.jpeg"
    ],
    "ultima_modificacion": "2025-08-01 01:01:03.408962"
  },
  "81a165b1a428436b9f9029fd1b9a65f61100o.jpeg": {
    "app_sintetizada": "81A165B1A428436B9F9029FD1B9A65F61100O.JPEG",
    "cantidad_archivos": 1,
    "archivos_fuente": [
      "Pictures/Fototeca de Fotos.photoslibrary/resources/derivatives/8/81A165B1-A428-436B-9F90-29FD1B9A65F6_1_100_o.jpeg"
    ],
    "ultima_modificacion": "2025-08-01 01:01:03.409238"
  },
  "89d2161e1e3742329f02e1bcd66cfce91105c.jpeg": {
    "app_sintetizada": "89D2161E1E3742329F02E1BCD66CFCE91105C.JPEG",
    "cantidad_archivos": 1,
    "archivos_fuente": [
      "Pictures/Fototeca de Fotos.photoslibrary/resources/derivatives/8/89D2161E-1E37-4232-9F02-E1BCD66CFCE9_1_105_c.jpeg"
    ],
    "ultima_modificacion": "2025-08-01 01:01:03.409575"
  },
  "88e08622ec874b6f9a86808d5d52f5e81105c.jpeg": {
    "app_sintetizada": "88E08622EC874B6F9A86808D5D52F5E81105C.JPEG",
    "cantidad_archivos": 1,
    "archivos_fuente": [
      "Pictures/Fototeca de Fotos.photoslibrary/resources/derivatives/8/88E08622-EC87-4B6F-9A86-808D5D52F5E8_1_105_c.jpeg"
    ],
    "ultima_modificacion": "2025-08-01 01:01:03.409902"
  },
  "87fc406d8f6148b8872afd8ab3d3ae291105c.jpeg": {
    "app_sintetizada": "87FC406D8F6148B8872AFD8AB3D3AE291105C.JPEG",
    "cantidad_archivos": 1,
    "archivos_fuente": [
      "Pictures/Fototeca de Fotos.photoslibrary/resources/derivatives/8/87FC406D-8F61-48B8-872A-FD8AB3D3AE29_1_105_c.jpeg"
    ],
    "ultima_modificacion": "2025-08-01 01:01:03.410190"
  },
  "871d806513244640ab8f63410267c5f81105c.jpeg": {
    "app_sintetizada": "871D806513244640AB8F63410267C5F81105C.JPEG",
    "cantidad_archivos": 1,
    "archivos_fuente": [
      "Pictures/Fototeca de Fotos.photoslibrary/resources/derivatives/8/871D8065-1324-4640-AB8F-63410267C5F8_1_105_c.jpeg"
    ],
    "ultima_modificacion": "2025-08-01 01:01:03.410492"
  },
  "88df2ed7658b45769e89b18d7d2a99b21105c.jpeg": {
    "app_sintetizada": "88DF2ED7658B45769E89B18D7D2A99B21105C.JPEG",
    "cantidad_archivos": 1,
    "archivos_fuente": [
      "Pictures/Fototeca de Fotos.photoslibrary/resources/derivatives/8/88DF2ED7-658B-4576-9E89-B18D7D2A99B2_1_105_c.jpeg"
    ],
    "ultima_modificacion": "2025-08-01 01:01:03.410800"
  },
  "84522e2510fc4de0822737074afec1931105c.jpeg": {
    "app_sintetizada": "84522E2510FC4DE0822737074AFEC1931105C.JPEG",
    "cantidad_archivos": 1,
    "archivos_fuente": [
      "Pictures/Fototeca de Fotos.photoslibrary/resources/derivatives/8/84522E25-10FC-4DE0-8227-37074AFEC193_1_105_c.jpeg"
    ],
    "ultima_modificacion": "2025-08-01 01:01:03.411077"
  },
  "8f8581cf2e104915a9c02ddeb32b97b51105c.jpeg": {
    "app_sintetizada": "8F8581CF2E104915A9C02DDEB32B97B51105C.JPEG",
    "cantidad_archivos": 1,
    "archivos_fuente": [
      "Pictures/Fototeca de Fotos.photoslibrary/resources/derivatives/8/8F8581CF-2E10-4915-A9C0-2DDEB32B97B5_1_105_c.jpeg"
    ],
    "ultima_modificacion": "2025-08-01 01:01:03.411437"
  },
  "879b1edb90b84306a3b6fd4771c504511105c.jpeg": {
    "app_sintetizada": "879B1EDB90B84306A3B6FD4771C504511105C.JPEG",
    "cantidad_archivos": 1,
    "archivos_fuente": [
      "Pictures/Fototeca de Fotos.photoslibrary/resources/derivatives/8/879B1EDB-90B8-4306-A3B6-FD4771C50451_1_105_c.jpeg"
    ],
    "ultima_modificacion": "2025-08-01 01:01:03.411677"
  },
  "82cbff7b06be4390b90a76be9ac8f3df1105c.jpeg": {
    "app_sintetizada": "82CBFF7B06BE4390B90A76BE9AC8F3DF1105C.JPEG",
    "cantidad_archivos": 1,
    "archivos_fuente": [
      "Pictures/Fototeca de Fotos.photoslibrary/resources/derivatives/8/82CBFF7B-06BE-4390-B90A-76BE9AC8F3DF_1_105_c.jpeg"
    ],
    "ultima_modificacion": "2025-08-01 01:01:03.411932"
  },
  "82ec097f6be341239f97b2b55c44affa1105c.jpeg": {
    "app_sintetizada": "82EC097F6BE341239F97B2B55C44AFFA1105C.JPEG",
    "cantidad_archivos": 1,
    "archivos_fuente": [
      "Pictures/Fototeca de Fotos.photoslibrary/resources/derivatives/8/82EC097F-6BE3-4123-9F97-B2B55C44AFFA_1_105_c.jpeg"
    ],
    "ultima_modificacion": "2025-08-01 01:01:03.412191"
  },
  "8e059c2555f24a0fb5ebf0a9c4fa15bc1105c.jpeg": {
    "app_sintetizada": "8E059C2555F24A0FB5EBF0A9C4FA15BC1105C.JPEG",
    "cantidad_archivos": 1,
    "archivos_fuente": [
      "Pictures/Fototeca de Fotos.photoslibrary/resources/derivatives/8/8E059C25-55F2-4A0F-B5EB-F0A9C4FA15BC_1_105_c.jpeg"
    ],
    "ultima_modificacion": "2025-08-01 01:01:03.412450"
  },
  "8ef771dcc7f84a19b83b7279fe6dc7e61105c.jpeg": {
    "app_sintetizada": "8EF771DCC7F84A19B83B7279FE6DC7E61105C.JPEG",
    "cantidad_archivos": 1,
    "archivos_fuente": [
      "Pictures/Fototeca de Fotos.photoslibrary/resources/derivatives/8/8EF771DC-C7F8-4A19-B83B-7279FE6DC7E6_1_105_c.jpeg"
    ],
    "ultima_modificacion": "2025-08-01 01:01:03.412758"
  },
  "882dd83528d541ed9d7b019aeb3e94e11105c.jpeg": {
    "app_sintetizada": "882DD83528D541ED9D7B019AEB3E94E11105C.JPEG",
    "cantidad_archivos": 1,
    "archivos_fuente": [
      "Pictures/Fototeca de Fotos.photoslibrary/resources/derivatives/8/882DD835-28D5-41ED-9D7B-019AEB3E94E1_1_105_c.jpeg"
    ],
    "ultima_modificacion": "2025-08-01 01:01:03.413042"
  },
  "8184b8d25f70463ab92543ae4cd6211e1105c.jpeg": {
    "app_sintetizada": "8184B8D25F70463AB92543AE4CD6211E1105C.JPEG",
    "cantidad_archivos": 1,
    "archivos_fuente": [
      "Pictures/Fototeca de Fotos.photoslibrary/resources/derivatives/8/8184B8D2-5F70-463A-B925-43AE4CD6211E_1_105_c.jpeg"
    ],
    "ultima_modificacion": "2025-08-01 01:01:03.413336"
  },
  "85ee5689b62e464287856eb8deae2f651105c.jpeg": {
    "app_sintetizada": "85EE5689B62E464287856EB8DEAE2F651105C.JPEG",
    "cantidad_archivos": 1,
    "archivos_fuente": [
      "Pictures/Fototeca de Fotos.photoslibrary/resources/derivatives/8/85EE5689-B62E-4642-8785-6EB8DEAE2F65_1_105_c.jpeg"
    ],
    "ultima_modificacion": "2025-08-01 01:01:03.413610"
  },
  "8d67ea0be8684c3cab645479ad05a1ba1105c.jpeg": {
    "app_sintetizada": "8D67EA0BE8684C3CAB645479AD05A1BA1105C.JPEG",
    "cantidad_archivos": 1,
    "archivos_fuente": [
      "Pictures/Fototeca de Fotos.photoslibrary/resources/derivatives/8/8D67EA0B-E868-4C3C-AB64-5479AD05A1BA_1_105_c.jpeg"
    ],
    "ultima_modificacion": "2025-08-01 01:01:03.413938"
  },
  "82793edfafb34b72ab7546469fc9cee81105c.jpeg": {
    "app_sintetizada": "82793EDFAFB34B72AB7546469FC9CEE81105C.JPEG",
    "cantidad_archivos": 1,
    "archivos_fuente": [
      "Pictures/Fototeca de Fotos.photoslibrary/resources/derivatives/8/82793EDF-AFB3-4B72-AB75-46469FC9CEE8_1_105_c.jpeg"
    ],
    "ultima_modificacion": "2025-08-01 01:01:03.414205"
  },
  "80ec40dc0cca48919cc442dfb445669a1105c.jpeg": {
    "app_sintetizada": "80EC40DC0CCA48919CC442DFB445669A1105C.JPEG",
    "cantidad_archivos": 1,
    "archivos_fuente": [
      "Pictures/Fototeca de Fotos.photoslibrary/resources/derivatives/8/80EC40DC-0CCA-4891-9CC4-42DFB445669A_1_105_c.jpeg"
    ],
    "ultima_modificacion": "2025-08-01 01:01:03.414522"
  },
  "8229bdcbc9a14bfcabfd145329a9291b1105c.jpeg": {
    "app_sintetizada": "8229BDCBC9A14BFCABFD145329A9291B1105C.JPEG",
    "cantidad_archivos": 1,
    "archivos_fuente": [
      "Pictures/Fototeca de Fotos.photoslibrary/resources/derivatives/8/8229BDCB-C9A1-4BFC-ABFD-145329A9291B_1_105_c.jpeg"
    ],
    "ultima_modificacion": "2025-08-01 01:01:03.414870"
  },
  "8c47bde9d01340958cf28c1eb62524d51105c.jpeg": {
    "app_sintetizada": "8C47BDE9D01340958CF28C1EB62524D51105C.JPEG",
    "cantidad_archivos": 1,
    "archivos_fuente": [
      "Pictures/Fototeca de Fotos.photoslibrary/resources/derivatives/8/8C47BDE9-D013-4095-8CF2-8C1EB62524D5_1_105_c.jpeg"
    ],
    "ultima_modificacion": "2025-08-01 01:01:03.415254"
  },
  "86076d2a67b844dda0075c2f7ab35ccd.thm": {
    "app_sintetizada": "86076D2A67B844DDA0075C2F7AB35CCD.THM",
    "cantidad_archivos": 1,
    "archivos_fuente": [
      "Pictures/Fototeca de Fotos.photoslibrary/resources/derivatives/8/86076D2A-67B8-44DD-A007-5C2F7AB35CCD.THM"
    ],
    "ultima_modificacion": "2025-08-01 01:01:03.415523"
  },
  "8900ab6b8dcf4245a43ca42d1e199f251105c.jpeg": {
    "app_sintetizada": "8900AB6B8DCF4245A43CA42D1E199F251105C.JPEG",
    "cantidad_archivos": 1,
    "archivos_fuente": [
      "Pictures/Fototeca de Fotos.photoslibrary/resources/derivatives/8/8900AB6B-8DCF-4245-A43C-A42D1E199F25_1_105_c.jpeg"
    ],
    "ultima_modificacion": "2025-08-01 01:01:03.415824"
  },
  "8ead019f38b84be0b6f06a1584ff45b61105c.jpeg": {
    "app_sintetizada": "8EAD019F38B84BE0B6F06A1584FF45B61105C.JPEG",
    "cantidad_archivos": 1,
    "archivos_fuente": [
      "Pictures/Fototeca de Fotos.photoslibrary/resources/derivatives/8/8EAD019F-38B8-4BE0-B6F0-6A1584FF45B6_1_105_c.jpeg"
    ],
    "ultima_modificacion": "2025-08-01 01:01:03.416157"
  },
  "8948057d2df44226b0b3dab4839b5a461105c.jpeg": {
    "app_sintetizada": "8948057D2DF44226B0B3DAB4839B5A461105C.JPEG",
    "cantidad_archivos": 1,
    "archivos_fuente": [
      "Pictures/Fototeca de Fotos.photoslibrary/resources/derivatives/8/8948057D-2DF4-4226-B0B3-DAB4839B5A46_1_105_c.jpeg"
    ],
    "ultima_modificacion": "2025-08-01 01:01:03.416472"
  },
  "8aadbbbaf6c74cf7ab188031ca888a0f.thm": {
    "app_sintetizada": "8AADBBBAF6C74CF7AB188031CA888A0F.THM",
    "cantidad_archivos": 1,
    "archivos_fuente": [
      "Pictures/Fototeca de Fotos.photoslibrary/resources/derivatives/8/8AADBBBA-F6C7-4CF7-AB18-8031CA888A0F.THM"
    ],
    "ultima_modificacion": "2025-08-01 01:01:03.416787"
  },
  "86e9a815dba048e9abd149fbcbbf9f981105c.jpeg": {
    "app_sintetizada": "86E9A815DBA048E9ABD149FBCBBF9F981105C.JPEG",
    "cantidad_archivos": 1,
    "archivos_fuente": [
      "Pictures/Fototeca de Fotos.photoslibrary/resources/derivatives/8/86E9A815-DBA0-48E9-ABD1-49FBCBBF9F98_1_105_c.jpeg"
    ],
    "ultima_modificacion": "2025-08-01 01:01:03.417111"
  },
  "8c0696d5c98f4f4391258d8eb8600f331105c.jpeg": {
    "app_sintetizada": "8C0696D5C98F4F4391258D8EB8600F331105C.JPEG",
    "cantidad_archivos": 1,
    "archivos_fuente": [
      "Pictures/Fototeca de Fotos.photoslibrary/resources/derivatives/8/8C0696D5-C98F-4F43-9125-8D8EB8600F33_1_105_c.jpeg"
    ],
    "ultima_modificacion": "2025-08-01 01:01:03.417364"
  },
  "8a4e82ca99004730b6237b407b48c8b01105c.jpeg": {
    "app_sintetizada": "8A4E82CA99004730B6237B407B48C8B01105C.JPEG",
    "cantidad_archivos": 1,
    "archivos_fuente": [
      "Pictures/Fototeca de Fotos.photoslibrary/resources/derivatives/8/8A4E82CA-9900-4730-B623-7B407B48C8B0_1_105_c.jpeg"
    ],
    "ultima_modificacion": "2025-08-01 01:01:03.417708"
  },
  "87cfe52f553e4d2dab8bc11bc018e89f1105c.jpeg": {
    "app_sintetizada": "87CFE52F553E4D2DAB8BC11BC018E89F1105C.JPEG",
    "cantidad_archivos": 1,
    "archivos_fuente": [
      "Pictures/Fototeca de Fotos.photoslibrary/resources/derivatives/8/87CFE52F-553E-4D2D-AB8B-C11BC018E89F_1_105_c.jpeg"
    ],
    "ultima_modificacion": "2025-08-01 01:01:03.417947"
  },
  "8f67f035481e41c8aeb982839e7ac7841105c.jpeg": {
    "app_sintetizada": "8F67F035481E41C8AEB982839E7AC7841105C.JPEG",
    "cantidad_archivos": 1,
    "archivos_fuente": [
      "Pictures/Fototeca de Fotos.photoslibrary/resources/derivatives/8/8F67F035-481E-41C8-AEB9-82839E7AC784_1_105_c.jpeg"
    ],
    "ultima_modificacion": "2025-08-01 01:01:03.418232"
  },
  "8b37f3e4d5404e059473c38c5360e4181105c.jpeg": {
    "app_sintetizada": "8B37F3E4D5404E059473C38C5360E4181105C.JPEG",
    "cantidad_archivos": 1,
    "archivos_fuente": [
      "Pictures/Fototeca de Fotos.photoslibrary/resources/derivatives/8/8B37F3E4-D540-4E05-9473-C38C5360E418_1_105_c.jpeg"
    ],
    "ultima_modificacion": "2025-08-01 01:01:03.418471"
  },
  "8ce3c52c6d7d414ea987365f56eb26321105c.jpeg": {
    "app_sintetizada": "8CE3C52C6D7D414EA987365F56EB26321105C.JPEG",
    "cantidad_archivos": 1,
    "archivos_fuente": [
      "Pictures/Fototeca de Fotos.photoslibrary/resources/derivatives/8/8CE3C52C-6D7D-414E-A987-365F56EB2632_1_105_c.jpeg"
    ],
    "ultima_modificacion": "2025-08-01 01:01:03.418756"
  },
  "817ca13d2b2844c48c93036d75d4faf61105c.jpeg": {
    "app_sintetizada": "817CA13D2B2844C48C93036D75D4FAF61105C.JPEG",
    "cantidad_archivos": 1,
    "archivos_fuente": [
      "Pictures/Fototeca de Fotos.photoslibrary/resources/derivatives/8/817CA13D-2B28-44C4-8C93-036D75D4FAF6_1_105_c.jpeg"
    ],
    "ultima_modificacion": "2025-08-01 01:01:03.418984"
  },
  "8918751b32a34a898eb282bac0d1d5291105c.jpeg": {
    "app_sintetizada": "8918751B32A34A898EB282BAC0D1D5291105C.JPEG",
    "cantidad_archivos": 1,
    "archivos_fuente": [
      "Pictures/Fototeca de Fotos.photoslibrary/resources/derivatives/8/8918751B-32A3-4A89-8EB2-82BAC0D1D529_1_105_c.jpeg"
    ],
    "ultima_modificacion": "2025-08-01 01:01:03.419192"
  },
  "8726c79d15b14539a76c79eb5ea4f20f1105c.jpeg": {
    "app_sintetizada": "8726C79D15B14539A76C79EB5EA4F20F1105C.JPEG",
    "cantidad_archivos": 1,
    "archivos_fuente": [
      "Pictures/Fototeca de Fotos.photoslibrary/resources/derivatives/8/8726C79D-15B1-4539-A76C-79EB5EA4F20F_1_105_c.jpeg"
    ],
    "ultima_modificacion": "2025-08-01 01:01:03.419393"
  },
  "82901d0ab0334abd8c99ac63471683be1105c.jpeg": {
    "app_sintetizada": "82901D0AB0334ABD8C99AC63471683BE1105C.JPEG",
    "cantidad_archivos": 1,
    "archivos_fuente": [
      "Pictures/Fototeca de Fotos.photoslibrary/resources/derivatives/8/82901D0A-B033-4ABD-8C99-AC63471683BE_1_105_c.jpeg"
    ],
    "ultima_modificacion": "2025-08-01 01:01:03.419599"
  },
  "80cdcdd0596342268cac6318b1e6af9d1105c.jpeg": {
    "app_sintetizada": "80CDCDD0596342268CAC6318B1E6AF9D1105C.JPEG",
    "cantidad_archivos": 1,
    "archivos_fuente": [
      "Pictures/Fototeca de Fotos.photoslibrary/resources/derivatives/8/80CDCDD0-5963-4226-8CAC-6318B1E6AF9D_1_105_c.jpeg"
    ],
    "ultima_modificacion": "2025-08-01 01:01:03.419810"
  },
  "8fe69892ee874c169f5d26e29b439ed41105c.jpeg": {
    "app_sintetizada": "8FE69892EE874C169F5D26E29B439ED41105C.JPEG",
    "cantidad_archivos": 1,
    "archivos_fuente": [
      "Pictures/Fototeca de Fotos.photoslibrary/resources/derivatives/8/8FE69892-EE87-4C16-9F5D-26E29B439ED4_1_105_c.jpeg"
    ],
    "ultima_modificacion": "2025-08-01 01:01:03.420056"
  },
  "87c7b9433c5a443794429220f5fa7af21105c.jpeg": {
    "app_sintetizada": "87C7B9433C5A443794429220F5FA7AF21105C.JPEG",
    "cantidad_archivos": 1,
    "archivos_fuente": [
      "Pictures/Fototeca de Fotos.photoslibrary/resources/derivatives/8/87C7B943-3C5A-4437-9442-9220F5FA7AF2_1_105_c.jpeg"
    ],
    "ultima_modificacion": "2025-08-01 01:01:03.420283"
  },
  "8cbfd07b1b23402a86232c30c55472261105c.jpeg": {
    "app_sintetizada": "8CBFD07B1B23402A86232C30C55472261105C.JPEG",
    "cantidad_archivos": 1,
    "archivos_fuente": [
      "Pictures/Fototeca de Fotos.photoslibrary/resources/derivatives/8/8CBFD07B-1B23-402A-8623-2C30C5547226_1_105_c.jpeg"
    ],
    "ultima_modificacion": "2025-08-01 01:01:03.420486"
  },
  "820eaa1100c649a4919380d98bacfaca1105c.jpeg": {
    "app_sintetizada": "820EAA1100C649A4919380D98BACFACA1105C.JPEG",
    "cantidad_archivos": 1,
    "archivos_fuente": [
      "Pictures/Fototeca de Fotos.photoslibrary/resources/derivatives/8/820EAA11-00C6-49A4-9193-80D98BACFACA_1_105_c.jpeg"
    ],
    "ultima_modificacion": "2025-08-01 01:01:03.420675"
  },
  "8786257ba20049518f005483ed22a2181105c.jpeg": {
    "app_sintetizada": "8786257BA20049518F005483ED22A2181105C.JPEG",
    "cantidad_archivos": 1,
    "archivos_fuente": [
      "Pictures/Fototeca de Fotos.photoslibrary/resources/derivatives/8/8786257B-A200-4951-8F00-5483ED22A218_1_105_c.jpeg"
    ],
    "ultima_modificacion": "2025-08-01 01:01:03.420870"
  },
  "8fbefd1685b94ec88946839b7bd2608f1105c.jpeg": {
    "app_sintetizada": "8FBEFD1685B94EC88946839B7BD2608F1105C.JPEG",
    "cantidad_archivos": 1,
    "archivos_fuente": [
      "Pictures/Fototeca de Fotos.photoslibrary/resources/derivatives/8/8FBEFD16-85B9-4EC8-8946-839B7BD2608F_1_105_c.jpeg"
    ],
    "ultima_modificacion": "2025-08-01 01:01:03.421056"
  },
  "8f16900f7551486fb0d3d2612d861e151105c.jpeg": {
    "app_sintetizada": "8F16900F7551486FB0D3D2612D861E151105C.JPEG",
    "cantidad_archivos": 1,
    "archivos_fuente": [
      "Pictures/Fototeca de Fotos.photoslibrary/resources/derivatives/8/8F16900F-7551-486F-B0D3-D2612D861E15_1_105_c.jpeg"
    ],
    "ultima_modificacion": "2025-08-01 01:01:03.421239"
  },
  "8949cb1376b24235953b7a8b39c0eca31105c.jpeg": {
    "app_sintetizada": "8949CB1376B24235953B7A8B39C0ECA31105C.JPEG",
    "cantidad_archivos": 1,
    "archivos_fuente": [
      "Pictures/Fototeca de Fotos.photoslibrary/resources/derivatives/8/8949CB13-76B2-4235-953B-7A8B39C0ECA3_1_105_c.jpeg"
    ],
    "ultima_modificacion": "2025-08-01 01:01:03.421424"
  },
  "80c340b174ae4a3bac16b0f965b12d311105c.jpeg": {
    "app_sintetizada": "80C340B174AE4A3BAC16B0F965B12D311105C.JPEG",
    "cantidad_archivos": 1,
    "archivos_fuente": [
      "Pictures/Fototeca de Fotos.photoslibrary/resources/derivatives/8/80C340B1-74AE-4A3B-AC16-B0F965B12D31_1_105_c.jpeg"
    ],
    "ultima_modificacion": "2025-08-01 01:01:03.421604"
  },
  "8a31609c68ff4d8f9cb092357826d56b1105c.jpeg": {
    "app_sintetizada": "8A31609C68FF4D8F9CB092357826D56B1105C.JPEG",
    "cantidad_archivos": 1,
    "archivos_fuente": [
      "Pictures/Fototeca de Fotos.photoslibrary/resources/derivatives/8/8A31609C-68FF-4D8F-9CB0-92357826D56B_1_105_c.jpeg"
    ],
    "ultima_modificacion": "2025-08-01 01:01:03.421782"
  },
  "8f4ff24189b24a1891f72b76a3064d5c1105c.jpeg": {
    "app_sintetizada": "8F4FF24189B24A1891F72B76A3064D5C1105C.JPEG",
    "cantidad_archivos": 1,
    "archivos_fuente": [
      "Pictures/Fototeca de Fotos.photoslibrary/resources/derivatives/8/8F4FF241-89B2-4A18-91F7-2B76A3064D5C_1_105_c.jpeg"
    ],
    "ultima_modificacion": "2025-08-01 01:01:03.421958"
  },
  "89fea2d814bd49b1b326ee82c7cc72b81105c.jpeg": {
    "app_sintetizada": "89FEA2D814BD49B1B326EE82C7CC72B81105C.JPEG",
    "cantidad_archivos": 1,
    "archivos_fuente": [
      "Pictures/Fototeca de Fotos.photoslibrary/resources/derivatives/8/89FEA2D8-14BD-49B1-B326-EE82C7CC72B8_1_105_c.jpeg"
    ],
    "ultima_modificacion": "2025-08-01 01:01:03.422152"
  },
  "8397b0c62836405aa742096788ec99fc1105c.jpeg": {
    "app_sintetizada": "8397B0C62836405AA742096788EC99FC1105C.JPEG",
    "cantidad_archivos": 1,
    "archivos_fuente": [
      "Pictures/Fototeca de Fotos.photoslibrary/resources/derivatives/8/8397B0C6-2836-405A-A742-096788EC99FC_1_105_c.jpeg"
    ],
    "ultima_modificacion": "2025-08-01 01:01:03.422337"
  },
  "89d4d10d40de4451b8390a16c2c3906f1105c.jpeg": {
    "app_sintetizada": "89D4D10D40DE4451B8390A16C2C3906F1105C.JPEG",
    "cantidad_archivos": 1,
    "archivos_fuente": [
      "Pictures/Fototeca de Fotos.photoslibrary/resources/derivatives/8/89D4D10D-40DE-4451-B839-0A16C2C3906F_1_105_c.jpeg"
    ],
    "ultima_modificacion": "2025-08-01 01:01:03.422533"
  },
  "842ff0edbfc54af5828fe4f36295d33a1105c.jpeg": {
    "app_sintetizada": "842FF0EDBFC54AF5828FE4F36295D33A1105C.JPEG",
    "cantidad_archivos": 1,
    "archivos_fuente": [
      "Pictures/Fototeca de Fotos.photoslibrary/resources/derivatives/8/842FF0ED-BFC5-4AF5-828F-E4F36295D33A_1_105_c.jpeg"
    ],
    "ultima_modificacion": "2025-08-01 01:01:03.422715"
  },
  "833e5802f7204beea63a529d84ff14981105c.jpeg": {
    "app_sintetizada": "833E5802F7204BEEA63A529D84FF14981105C.JPEG",
    "cantidad_archivos": 1,
    "archivos_fuente": [
      "Pictures/Fototeca de Fotos.photoslibrary/resources/derivatives/8/833E5802-F720-4BEE-A63A-529D84FF1498_1_105_c.jpeg"
    ],
    "ultima_modificacion": "2025-08-01 01:01:03.422972"
  },
  "8034c906804447879648716425c8247e1105c.jpeg": {
    "app_sintetizada": "8034C906804447879648716425C8247E1105C.JPEG",
    "cantidad_archivos": 1,
    "archivos_fuente": [
      "Pictures/Fototeca de Fotos.photoslibrary/resources/derivatives/8/8034C906-8044-4787-9648-716425C8247E_1_105_c.jpeg"
    ],
    "ultima_modificacion": "2025-08-01 01:01:03.423304"
  },
  "8b0950c4c612415ebd3b3b5cc258e5be1105c.jpeg": {
    "app_sintetizada": "8B0950C4C612415EBD3B3B5CC258E5BE1105C.JPEG",
    "cantidad_archivos": 1,
    "archivos_fuente": [
      "Pictures/Fototeca de Fotos.photoslibrary/resources/derivatives/8/8B0950C4-C612-415E-BD3B-3B5CC258E5BE_1_105_c.jpeg"
    ],
    "ultima_modificacion": "2025-08-01 01:01:03.423545"
  },
  "8cd2abea081e49988d88451d09eb0cc21105c.jpeg": {
    "app_sintetizada": "8CD2ABEA081E49988D88451D09EB0CC21105C.JPEG",
    "cantidad_archivos": 1,
    "archivos_fuente": [
      "Pictures/Fototeca de Fotos.photoslibrary/resources/derivatives/8/8CD2ABEA-081E-4998-8D88-451D09EB0CC2_1_105_c.jpeg"
    ],
    "ultima_modificacion": "2025-08-01 01:01:03.423852"
  },
  "86009643a8394454abc9b0d8b89e1e0e1105c.jpeg": {
    "app_sintetizada": "86009643A8394454ABC9B0D8B89E1E0E1105C.JPEG",
    "cantidad_archivos": 1,
    "archivos_fuente": [
      "Pictures/Fototeca de Fotos.photoslibrary/resources/derivatives/8/86009643-A839-4454-ABC9-B0D8B89E1E0E_1_105_c.jpeg"
    ],
    "ultima_modificacion": "2025-08-01 01:01:03.424085"
  },
  "8161131514f64e8b9bb6922b5669f7fd1105c.jpeg": {
    "app_sintetizada": "8161131514F64E8B9BB6922B5669F7FD1105C.JPEG",
    "cantidad_archivos": 1,
    "archivos_fuente": [
      "Pictures/Fototeca de Fotos.photoslibrary/resources/derivatives/8/81611315-14F6-4E8B-9BB6-922B5669F7FD_1_105_c.jpeg"
    ],
    "ultima_modificacion": "2025-08-01 01:01:03.424307"
  },
  "808feb8706a843b8bedc3932125d048d1105c.jpeg": {
    "app_sintetizada": "808FEB8706A843B8BEDC3932125D048D1105C.JPEG",
    "cantidad_archivos": 1,
    "archivos_fuente": [
      "Pictures/Fototeca de Fotos.photoslibrary/resources/derivatives/8/808FEB87-06A8-43B8-BEDC-3932125D048D_1_105_c.jpeg"
    ],
    "ultima_modificacion": "2025-08-01 01:01:03.424517"
  },
  "8990eb9252af4291b6eff989ba7bd26f1105c.jpeg": {
    "app_sintetizada": "8990EB9252AF4291B6EFF989BA7BD26F1105C.JPEG",
    "cantidad_archivos": 1,
    "archivos_fuente": [
      "Pictures/Fototeca de Fotos.photoslibrary/resources/derivatives/8/8990EB92-52AF-4291-B6EF-F989BA7BD26F_1_105_c.jpeg"
    ],
    "ultima_modificacion": "2025-08-01 01:01:03.424716"
  },
  "8a2c4a23256e4864a45f7ad30f1ab9b81105c.jpeg": {
    "app_sintetizada": "8A2C4A23256E4864A45F7AD30F1AB9B81105C.JPEG",
    "cantidad_archivos": 1,
    "archivos_fuente": [
      "Pictures/Fototeca de Fotos.photoslibrary/resources/derivatives/8/8A2C4A23-256E-4864-A45F-7AD30F1AB9B8_1_105_c.jpeg"
    ],
    "ultima_modificacion": "2025-08-01 01:01:03.424902"
  },
  "8835b5042212415298b8b3fa84e872871105c.jpeg": {
    "app_sintetizada": "8835B5042212415298B8B3FA84E872871105C.JPEG",
    "cantidad_archivos": 1,
    "archivos_fuente": [
      "Pictures/Fototeca de Fotos.photoslibrary/resources/derivatives/8/8835B504-2212-4152-98B8-B3FA84E87287_1_105_c.jpeg"
    ],
    "ultima_modificacion": "2025-08-01 01:01:03.425087"
  },
  "8d6f56d95ca042f79b9d711383bc80211105c.jpeg": {
    "app_sintetizada": "8D6F56D95CA042F79B9D711383BC80211105C.JPEG",
    "cantidad_archivos": 1,
    "archivos_fuente": [
      "Pictures/Fototeca de Fotos.photoslibrary/resources/derivatives/8/8D6F56D9-5CA0-42F7-9B9D-711383BC8021_1_105_c.jpeg"
    ],
    "ultima_modificacion": "2025-08-01 01:01:03.425308"
  },
  "897b7b0c62e8409e940ef72c6f92b7e21105c.jpeg": {
    "app_sintetizada": "897B7B0C62E8409E940EF72C6F92B7E21105C.JPEG",
    "cantidad_archivos": 1,
    "archivos_fuente": [
      "Pictures/Fototeca de Fotos.photoslibrary/resources/derivatives/8/897B7B0C-62E8-409E-940E-F72C6F92B7E2_1_105_c.jpeg"
    ],
    "ultima_modificacion": "2025-08-01 01:01:03.425529"
  },
  "8770581f2f464407900edf0b2c0b28071105c.jpeg": {
    "app_sintetizada": "8770581F2F464407900EDF0B2C0B28071105C.JPEG",
    "cantidad_archivos": 1,
    "archivos_fuente": [
      "Pictures/Fototeca de Fotos.photoslibrary/resources/derivatives/8/8770581F-2F46-4407-900E-DF0B2C0B2807_1_105_c.jpeg"
    ],
    "ultima_modificacion": "2025-08-01 01:01:03.425764"
  },
  "8d6ad091f32944e994593d68376e947b1105c.jpeg": {
    "app_sintetizada": "8D6AD091F32944E994593D68376E947B1105C.JPEG",
    "cantidad_archivos": 1,
    "archivos_fuente": [
      "Pictures/Fototeca de Fotos.photoslibrary/resources/derivatives/8/8D6AD091-F329-44E9-9459-3D68376E947B_1_105_c.jpeg"
    ],
    "ultima_modificacion": "2025-08-01 01:01:03.426042"
  },
  "8526ddceb6094ee78579da52b542d1ad.thm": {
    "app_sintetizada": "8526DDCEB6094EE78579DA52B542D1AD.THM",
    "cantidad_archivos": 1,
    "archivos_fuente": [
      "Pictures/Fototeca de Fotos.photoslibrary/resources/derivatives/8/8526DDCE-B609-4EE7-8579-DA52B542D1AD.THM"
    ],
    "ultima_modificacion": "2025-08-01 01:01:03.426257"
  },
  "818fae3b019a4b8999f031d8723ac3981105c.jpeg": {
    "app_sintetizada": "818FAE3B019A4B8999F031D8723AC3981105C.JPEG",
    "cantidad_archivos": 1,
    "archivos_fuente": [
      "Pictures/Fototeca de Fotos.photoslibrary/resources/derivatives/8/818FAE3B-019A-4B89-99F0-31D8723AC398_1_105_c.jpeg"
    ],
    "ultima_modificacion": "2025-08-01 01:01:03.426452"
  },
  "8b7fd995cc474f60b59ae8b42ad4bc721105c.jpeg": {
    "app_sintetizada": "8B7FD995CC474F60B59AE8B42AD4BC721105C.JPEG",
    "cantidad_archivos": 1,
    "archivos_fuente": [
      "Pictures/Fototeca de Fotos.photoslibrary/resources/derivatives/8/8B7FD995-CC47-4F60-B59A-E8B42AD4BC72_1_105_c.jpeg"
    ],
    "ultima_modificacion": "2025-08-01 01:01:03.426666"
  },
  "8e256b2eb4784c6ab1d4798cecd01bdb1105c.jpeg": {
    "app_sintetizada": "8E256B2EB4784C6AB1D4798CECD01BDB1105C.JPEG",
    "cantidad_archivos": 1,
    "archivos_fuente": [
      "Pictures/Fototeca de Fotos.photoslibrary/resources/derivatives/8/8E256B2E-B478-4C6A-B1D4-798CECD01BDB_1_105_c.jpeg"
    ],
    "ultima_modificacion": "2025-08-01 01:01:03.426973"
  },
  "8c3b2f4e34cc426690d1450372cf1f931105c.jpeg": {
    "app_sintetizada": "8C3B2F4E34CC426690D1450372CF1F931105C.JPEG",
    "cantidad_archivos": 1,
    "archivos_fuente": [
      "Pictures/Fototeca de Fotos.photoslibrary/resources/derivatives/8/8C3B2F4E-34CC-4266-90D1-450372CF1F93_1_105_c.jpeg"
    ],
    "ultima_modificacion": "2025-08-01 01:01:03.427204"
  },
  "81aef9c352374678b3a0f0a78c1f902b1105c.jpeg": {
    "app_sintetizada": "81AEF9C352374678B3A0F0A78C1F902B1105C.JPEG",
    "cantidad_archivos": 1,
    "archivos_fuente": [
      "Pictures/Fototeca de Fotos.photoslibrary/resources/derivatives/8/81AEF9C3-5237-4678-B3A0-F0A78C1F902B_1_105_c.jpeg"
    ],
    "ultima_modificacion": "2025-08-01 01:01:03.427414"
  },
  "8805b96a406d42a1b5f47db9677582861105c.jpeg": {
    "app_sintetizada": "8805B96A406D42A1B5F47DB9677582861105C.JPEG",
    "cantidad_archivos": 1,
    "archivos_fuente": [
      "Pictures/Fototeca de Fotos.photoslibrary/resources/derivatives/8/8805B96A-406D-42A1-B5F4-7DB967758286_1_105_c.jpeg"
    ],
    "ultima_modificacion": "2025-08-01 01:01:03.427617"
  },
  "86b4be12fa9641809842d9989d30ab311105c.jpeg": {
    "app_sintetizada": "86B4BE12FA9641809842D9989D30AB311105C.JPEG",
    "cantidad_archivos": 1,
    "archivos_fuente": [
      "Pictures/Fototeca de Fotos.photoslibrary/resources/derivatives/8/86B4BE12-FA96-4180-9842-D9989D30AB31_1_105_c.jpeg"
    ],
    "ultima_modificacion": "2025-08-01 01:01:03.427803"
  },
  "85e04002b82c43c2889e16e43c60c2911105c.jpeg": {
    "app_sintetizada": "85E04002B82C43C2889E16E43C60C2911105C.JPEG",
    "cantidad_archivos": 1,
    "archivos_fuente": [
      "Pictures/Fototeca de Fotos.photoslibrary/resources/derivatives/8/85E04002-B82C-43C2-889E-16E43C60C291_1_105_c.jpeg"
    ],
    "ultima_modificacion": "2025-08-01 01:01:03.428033"
  },
  "83badc1927a547608f7e931a53bb61011105c.jpeg": {
    "app_sintetizada": "83BADC1927A547608F7E931A53BB61011105C.JPEG",
    "cantidad_archivos": 1,
    "archivos_fuente": [
      "Pictures/Fototeca de Fotos.photoslibrary/resources/derivatives/8/83BADC19-27A5-4760-8F7E-931A53BB6101_1_105_c.jpeg"
    ],
    "ultima_modificacion": "2025-08-01 01:01:03.428282"
  },
  "836b3a29389f4dc9999fddffe37051ac1105c.jpeg": {
    "app_sintetizada": "836B3A29389F4DC9999FDDFFE37051AC1105C.JPEG",
    "cantidad_archivos": 1,
    "archivos_fuente": [
      "Pictures/Fototeca de Fotos.photoslibrary/resources/derivatives/8/836B3A29-389F-4DC9-999F-DDFFE37051AC_1_105_c.jpeg"
    ],
    "ultima_modificacion": "2025-08-01 01:01:03.428671"
  },
  "8379f3e3730f4876859c0a5362274eb61105c.jpeg": {
    "app_sintetizada": "8379F3E3730F4876859C0A5362274EB61105C.JPEG",
    "cantidad_archivos": 1,
    "archivos_fuente": [
      "Pictures/Fototeca de Fotos.photoslibrary/resources/derivatives/8/8379F3E3-730F-4876-859C-0A5362274EB6_1_105_c.jpeg"
    ],
    "ultima_modificacion": "2025-08-01 01:01:03.428907"
  },
  "81850d5463924d65a881ab3c8b29a9a41105c.jpeg": {
    "app_sintetizada": "81850D5463924D65A881AB3C8B29A9A41105C.JPEG",
    "cantidad_archivos": 1,
    "archivos_fuente": [
      "Pictures/Fototeca de Fotos.photoslibrary/resources/derivatives/8/81850D54-6392-4D65-A881-AB3C8B29A9A4_1_105_c.jpeg"
    ],
    "ultima_modificacion": "2025-08-01 01:01:03.429163"
  },
  "8f9eb03bcb64428885b5303d2ffb1b001105c.jpeg": {
    "app_sintetizada": "8F9EB03BCB64428885B5303D2FFB1B001105C.JPEG",
    "cantidad_archivos": 1,
    "archivos_fuente": [
      "Pictures/Fototeca de Fotos.photoslibrary/resources/derivatives/8/8F9EB03B-CB64-4288-85B5-303D2FFB1B00_1_105_c.jpeg"
    ],
    "ultima_modificacion": "2025-08-01 01:01:03.429454"
  },
  "807eda7f60924e8496d4729ad3477c1d1105c.jpeg": {
    "app_sintetizada": "807EDA7F60924E8496D4729AD3477C1D1105C.JPEG",
    "cantidad_archivos": 1,
    "archivos_fuente": [
      "Pictures/Fototeca de Fotos.photoslibrary/resources/derivatives/8/807EDA7F-6092-4E84-96D4-729AD3477C1D_1_105_c.jpeg"
    ],
    "ultima_modificacion": "2025-08-01 01:01:03.429691"
  }
}