{
  "af750c62036d49a6a370d8549c8cc97d1105c.jpeg": {
    "app_sintetizada": "AF750C62036D49A6A370D8549C8CC97D1105C.JPEG",
    "cantidad_archivos": 1,
    "archivos_fuente": [
      "Pictures/Fototeca de Fotos.photoslibrary/resources/derivatives/A/AF750C62-036D-49A6-A370-D8549C8CC97D_1_105_c.jpeg"
    ],
    "ultima_modificacion": "2025-08-01 01:01:04.172026"
  },
  "af1ea6e547d9435a8c3c47605f05064c1105c.jpeg": {
    "app_sintetizada": "AF1EA6E547D9435A8C3C47605F05064C1105C.JPEG",
    "cantidad_archivos": 1,
    "archivos_fuente": [
      "Pictures/Fototeca de Fotos.photoslibrary/resources/derivatives/A/AF1EA6E5-47D9-435A-8C3C-47605F05064C_1_105_c.jpeg"
    ],
    "ultima_modificacion": "2025-08-01 01:01:04.172356"
  },
  "a1ff8b31038642029ba97d429f1271221105c.jpeg": {
    "app_sintetizada": "A1FF8B31038642029BA97D429F1271221105C.JPEG",
    "cantidad_archivos": 1,
    "archivos_fuente": [
      "Pictures/Fototeca de Fotos.photoslibrary/resources/derivatives/A/A1FF8B31-0386-4202-9BA9-7D429F127122_1_105_c.jpeg"
    ],
    "ultima_modificacion": "2025-08-01 01:01:04.172676"
  },
  "ae7e3cae2ed54b48a039ae7c75697aa51105c.jpeg": {
    "app_sintetizada": "AE7E3CAE2ED54B48A039AE7C75697AA51105C.JPEG",
    "cantidad_archivos": 1,
    "archivos_fuente": [
      "Pictures/Fototeca de Fotos.photoslibrary/resources/derivatives/A/AE7E3CAE-2ED5-4B48-A039-AE7C75697AA5_1_105_c.jpeg"
    ],
    "ultima_modificacion": "2025-08-01 01:01:04.173011"
  },
  "a0eab0756e324f1c8b4dcd8c9d38d4631105c.jpeg": {
    "app_sintetizada": "A0EAB0756E324F1C8B4DCD8C9D38D4631105C.JPEG",
    "cantidad_archivos": 1,
    "archivos_fuente": [
      "Pictures/Fototeca de Fotos.photoslibrary/resources/derivatives/A/A0EAB075-6E32-4F1C-8B4D-CD8C9D38D463_1_105_c.jpeg"
    ],
    "ultima_modificacion": "2025-08-01 01:01:04.173351"
  },
  "a29b125cbd6e4563be01a58d97fd8fd61105c.jpeg": {
    "app_sintetizada": "A29B125CBD6E4563BE01A58D97FD8FD61105C.JPEG",
    "cantidad_archivos": 1,
    "archivos_fuente": [
      "Pictures/Fototeca de Fotos.photoslibrary/resources/derivatives/A/A29B125C-BD6E-4563-BE01-A58D97FD8FD6_1_105_c.jpeg"
    ],
    "ultima_modificacion": "2025-08-01 01:01:04.173683"
  },
  "aeb52f90e68f4eed91dc005083c270c6.thm": {
    "app_sintetizada": "AEB52F90E68F4EED91DC005083C270C6.THM",
    "cantidad_archivos": 1,
    "archivos_fuente": [
      "Pictures/Fototeca de Fotos.photoslibrary/resources/derivatives/A/AEB52F90-E68F-4EED-91DC-005083C270C6.THM"
    ],
    "ultima_modificacion": "2025-08-01 01:01:04.174000"
  },
  "a3a03fa1ed2f4ef88d1c39286dccae841105c.jpeg": {
    "app_sintetizada": "A3A03FA1ED2F4EF88D1C39286DCCAE841105C.JPEG",
    "cantidad_archivos": 1,
    "archivos_fuente": [
      "Pictures/Fototeca de Fotos.photoslibrary/resources/derivatives/A/A3A03FA1-ED2F-4EF8-8D1C-39286DCCAE84_1_105_c.jpeg"
    ],
    "ultima_modificacion": "2025-08-01 01:01:04.174372"
  },
  "a00b8d604df44502970aee59f33fe04a1105c.jpeg": {
    "app_sintetizada": "A00B8D604DF44502970AEE59F33FE04A1105C.JPEG",
    "cantidad_archivos": 1,
    "archivos_fuente": [
      "Pictures/Fototeca de Fotos.photoslibrary/resources/derivatives/A/A00B8D60-4DF4-4502-970A-EE59F33FE04A_1_105_c.jpeg"
    ],
    "ultima_modificacion": "2025-08-01 01:01:04.174704"
  },
  "aa346207192f497781c1db79ee2f0b3e1100o.jpeg": {
    "app_sintetizada": "AA346207192F497781C1DB79EE2F0B3E1100O.JPEG",
    "cantidad_archivos": 1,
    "archivos_fuente": [
      "Pictures/Fototeca de Fotos.photoslibrary/resources/derivatives/A/AA346207-192F-4977-81C1-DB79EE2F0B3E_1_100_o.jpeg"
    ],
    "ultima_modificacion": "2025-08-01 01:01:04.175034"
  },
  "a53a065c56434821bbd3b4c3ee65e2b61105c.jpeg": {
    "app_sintetizada": "A53A065C56434821BBD3B4C3EE65E2B61105C.JPEG",
    "cantidad_archivos": 1,
    "archivos_fuente": [
      "Pictures/Fototeca de Fotos.photoslibrary/resources/derivatives/A/A53A065C-5643-4821-BBD3-B4C3EE65E2B6_1_105_c.jpeg"
    ],
    "ultima_modificacion": "2025-08-01 01:01:04.175375"
  },
  "ae0fd6bc97974e3194da7ea33bd9fbb6.thm": {
    "app_sintetizada": "AE0FD6BC97974E3194DA7EA33BD9FBB6.THM",
    "cantidad_archivos": 1,
    "archivos_fuente": [
      "Pictures/Fototeca de Fotos.photoslibrary/resources/derivatives/A/AE0FD6BC-9797-4E31-94DA-7EA33BD9FBB6.THM"
    ],
    "ultima_modificacion": "2025-08-01 01:01:04.175717"
  },
  "ab3f6759673e4147ab7209d70e85e26f.thm": {
    "app_sintetizada": "AB3F6759673E4147AB7209D70E85E26F.THM",
    "cantidad_archivos": 1,
    "archivos_fuente": [
      "Pictures/Fototeca de Fotos.photoslibrary/resources/derivatives/A/AB3F6759-673E-4147-AB72-09D70E85E26F.THM"
    ],
    "ultima_modificacion": "2025-08-01 01:01:04.176035"
  },
  "a705ef37d22f4f7a8a60d4cd4455fd391105c.jpeg": {
    "app_sintetizada": "A705EF37D22F4F7A8A60D4CD4455FD391105C.JPEG",
    "cantidad_archivos": 1,
    "archivos_fuente": [
      "Pictures/Fototeca de Fotos.photoslibrary/resources/derivatives/A/A705EF37-D22F-4F7A-8A60-D4CD4455FD39_1_105_c.jpeg"
    ],
    "ultima_modificacion": "2025-08-01 01:01:04.176365"
  },
  "a2448775be8242dc96907bb87f895d491105c.jpeg": {
    "app_sintetizada": "A2448775BE8242DC96907BB87F895D491105C.JPEG",
    "cantidad_archivos": 1,
    "archivos_fuente": [
      "Pictures/Fototeca de Fotos.photoslibrary/resources/derivatives/A/A2448775-BE82-42DC-9690-7BB87F895D49_1_105_c.jpeg"
    ],
    "ultima_modificacion": "2025-08-01 01:01:04.176688"
  },
  "af8c2afc70674bfba24cb6333734f73d1105c.jpeg": {
    "app_sintetizada": "AF8C2AFC70674BFBA24CB6333734F73D1105C.JPEG",
    "cantidad_archivos": 1,
    "archivos_fuente": [
      "Pictures/Fototeca de Fotos.photoslibrary/resources/derivatives/A/AF8C2AFC-7067-4BFB-A24C-B6333734F73D_1_105_c.jpeg"
    ],
    "ultima_modificacion": "2025-08-01 01:01:04.177024"
  },
  "af448eb152c44acf89e45ef37537f1391105c.jpeg": {
    "app_sintetizada": "AF448EB152C44ACF89E45EF37537F1391105C.JPEG",
    "cantidad_archivos": 1,
    "archivos_fuente": [
      "Pictures/Fototeca de Fotos.photoslibrary/resources/derivatives/A/AF448EB1-52C4-4ACF-89E4-5EF37537F139_1_105_c.jpeg"
    ],
    "ultima_modificacion": "2025-08-01 01:01:04.177368"
  },
  "a264b1a89c8f4706b709820139b79f551105c.jpeg": {
    "app_sintetizada": "A264B1A89C8F4706B709820139B79F551105C.JPEG",
    "cantidad_archivos": 1,
    "archivos_fuente": [
      "Pictures/Fototeca de Fotos.photoslibrary/resources/derivatives/A/A264B1A8-9C8F-4706-B709-820139B79F55_1_105_c.jpeg"
    ],
    "ultima_modificacion": "2025-08-01 01:01:04.177616"
  },
  "aa7dfec8f3cd451f906036bdc17718461105c.jpeg": {
    "app_sintetizada": "AA7DFEC8F3CD451F906036BDC17718461105C.JPEG",
    "cantidad_archivos": 1,
    "archivos_fuente": [
      "Pictures/Fototeca de Fotos.photoslibrary/resources/derivatives/A/AA7DFEC8-F3CD-451F-9060-36BDC1771846_1_105_c.jpeg"
    ],
    "ultima_modificacion": "2025-08-01 01:01:04.177860"
  },
  "ab175e573faf4928bac4f37e9e825dcb1105c.jpeg": {
    "app_sintetizada": "AB175E573FAF4928BAC4F37E9E825DCB1105C.JPEG",
    "cantidad_archivos": 1,
    "archivos_fuente": [
      "Pictures/Fototeca de Fotos.photoslibrary/resources/derivatives/A/AB175E57-3FAF-4928-BAC4-F37E9E825DCB_1_105_c.jpeg"
    ],
    "ultima_modificacion": "2025-08-01 01:01:04.178179"
  },
  "a3be853c99754e2ba6d2003c2d058a461105c.jpeg": {
    "app_sintetizada": "A3BE853C99754E2BA6D2003C2D058A461105C.JPEG",
    "cantidad_archivos": 1,
    "archivos_fuente": [
      "Pictures/Fototeca de Fotos.photoslibrary/resources/derivatives/A/A3BE853C-9975-4E2B-A6D2-003C2D058A46_1_105_c.jpeg"
    ],
    "ultima_modificacion": "2025-08-01 01:01:04.178518"
  },
  "afea944fd28f474d998afbd4c6004cb01105c.jpeg": {
    "app_sintetizada": "AFEA944FD28F474D998AFBD4C6004CB01105C.JPEG",
    "cantidad_archivos": 1,
    "archivos_fuente": [
      "Pictures/Fototeca de Fotos.photoslibrary/resources/derivatives/A/AFEA944F-D28F-474D-998A-FBD4C6004CB0_1_105_c.jpeg"
    ],
    "ultima_modificacion": "2025-08-01 01:01:04.178844"
  },
  "aa1b79dc579846f1b70eafc608ccd3151105c.jpeg": {
    "app_sintetizada": "AA1B79DC579846F1B70EAFC608CCD3151105C.JPEG",
    "cantidad_archivos": 1,
    "archivos_fuente": [
      "Pictures/Fototeca de Fotos.photoslibrary/resources/derivatives/A/AA1B79DC-5798-46F1-B70E-AFC608CCD315_1_105_c.jpeg"
    ],
    "ultima_modificacion": "2025-08-01 01:01:04.179181"
  },
  "add0a95cb6ff460791307901dcdc8ea11105c.jpeg": {
    "app_sintetizada": "ADD0A95CB6FF460791307901DCDC8EA11105C.JPEG",
    "cantidad_archivos": 1,
    "archivos_fuente": [
      "Pictures/Fototeca de Fotos.photoslibrary/resources/derivatives/A/ADD0A95C-B6FF-4607-9130-7901DCDC8EA1_1_105_c.jpeg"
    ],
    "ultima_modificacion": "2025-08-01 01:01:04.179522"
  },
  "a01fe355dd3f4289a61ccec4f439274e1105c.jpeg": {
    "app_sintetizada": "A01FE355DD3F4289A61CCEC4F439274E1105C.JPEG",
    "cantidad_archivos": 1,
    "archivos_fuente": [
      "Pictures/Fototeca de Fotos.photoslibrary/resources/derivatives/A/A01FE355-DD3F-4289-A61C-CEC4F439274E_1_105_c.jpeg"
    ],
    "ultima_modificacion": "2025-08-01 01:01:04.179862"
  },
  "a8ab92359a7c43dca25eefa4d098563a1105c.jpeg": {
    "app_sintetizada": "A8AB92359A7C43DCA25EEFA4D098563A1105C.JPEG",
    "cantidad_archivos": 1,
    "archivos_fuente": [
      "Pictures/Fototeca de Fotos.photoslibrary/resources/derivatives/A/A8AB9235-9A7C-43DC-A25E-EFA4D098563A_1_105_c.jpeg"
    ],
    "ultima_modificacion": "2025-08-01 01:01:04.180204"
  },
  "a7ff97407aa740989f3b8db749357f821105c.jpeg": {
    "app_sintetizada": "A7FF97407AA740989F3B8DB749357F821105C.JPEG",
    "cantidad_archivos": 1,
    "archivos_fuente": [
      "Pictures/Fototeca de Fotos.photoslibrary/resources/derivatives/A/A7FF9740-7AA7-4098-9F3B-8DB749357F82_1_105_c.jpeg"
    ],
    "ultima_modificacion": "2025-08-01 01:01:04.180564"
  },
  "a91d227d40a7489092f06486e2569e3f1105c.jpeg": {
    "app_sintetizada": "A91D227D40A7489092F06486E2569E3F1105C.JPEG",
    "cantidad_archivos": 1,
    "archivos_fuente": [
      "Pictures/Fototeca de Fotos.photoslibrary/resources/derivatives/A/A91D227D-40A7-4890-92F0-6486E2569E3F_1_105_c.jpeg"
    ],
    "ultima_modificacion": "2025-08-01 01:01:04.180930"
  },
  "adb106d798984ee8a482a796f7ee21641105c.jpeg": {
    "app_sintetizada": "ADB106D798984EE8A482A796F7EE21641105C.JPEG",
    "cantidad_archivos": 1,
    "archivos_fuente": [
      "Pictures/Fototeca de Fotos.photoslibrary/resources/derivatives/A/ADB106D7-9898-4EE8-A482-A796F7EE2164_1_105_c.jpeg"
    ],
    "ultima_modificacion": "2025-08-01 01:01:04.181259"
  },
  "a5d0bf9eec92423ba3ecbe2f209f8fac1105c.jpeg": {
    "app_sintetizada": "A5D0BF9EEC92423BA3ECBE2F209F8FAC1105C.JPEG",
    "cantidad_archivos": 1,
    "archivos_fuente": [
      "Pictures/Fototeca de Fotos.photoslibrary/resources/derivatives/A/A5D0BF9E-EC92-423B-A3EC-BE2F209F8FAC_1_105_c.jpeg"
    ],
    "ultima_modificacion": "2025-08-01 01:01:04.181588"
  },
  "a15641b61dc54115ae44ff90ed47408e1105c.jpeg": {
    "app_sintetizada": "A15641B61DC54115AE44FF90ED47408E1105C.JPEG",
    "cantidad_archivos": 1,
    "archivos_fuente": [
      "Pictures/Fototeca de Fotos.photoslibrary/resources/derivatives/A/A15641B6-1DC5-4115-AE44-FF90ED47408E_1_105_c.jpeg"
    ],
    "ultima_modificacion": "2025-08-01 01:01:04.181954"
  },
  "a04b6db93e2a4baa82811f8f7c53e5af1105c.jpeg": {
    "app_sintetizada": "A04B6DB93E2A4BAA82811F8F7C53E5AF1105C.JPEG",
    "cantidad_archivos": 1,
    "archivos_fuente": [
      "Pictures/Fototeca de Fotos.photoslibrary/resources/derivatives/A/A04B6DB9-3E2A-4BAA-8281-1F8F7C53E5AF_1_105_c.jpeg"
    ],
    "ultima_modificacion": "2025-08-01 01:01:04.182293"
  },
  "a6123aff9a1a4e4db5aa9ae343d60f251105c.jpeg": {
    "app_sintetizada": "A6123AFF9A1A4E4DB5AA9AE343D60F251105C.JPEG",
    "cantidad_archivos": 1,
    "archivos_fuente": [
      "Pictures/Fototeca de Fotos.photoslibrary/resources/derivatives/A/A6123AFF-9A1A-4E4D-B5AA-9AE343D60F25_1_105_c.jpeg"
    ],
    "ultima_modificacion": "2025-08-01 01:01:04.182624"
  },
  "ad040420d7b64aceb222348ea24744621105c.jpeg": {
    "app_sintetizada": "AD040420D7B64ACEB222348EA24744621105C.JPEG",
    "cantidad_archivos": 1,
    "archivos_fuente": [
      "Pictures/Fototeca de Fotos.photoslibrary/resources/derivatives/A/AD040420-D7B6-4ACE-B222-348EA2474462_1_105_c.jpeg"
    ],
    "ultima_modificacion": "2025-08-01 01:01:04.182952"
  },
  "a4708a6c06654b59b5b12da13c0cf4551105c.jpeg": {
    "app_sintetizada": "A4708A6C06654B59B5B12DA13C0CF4551105C.JPEG",
    "cantidad_archivos": 1,
    "archivos_fuente": [
      "Pictures/Fototeca de Fotos.photoslibrary/resources/derivatives/A/A4708A6C-0665-4B59-B5B1-2DA13C0CF455_1_105_c.jpeg"
    ],
    "ultima_modificacion": "2025-08-01 01:01:04.183182"
  },
  "ac4e0b1de6474d938cef2ee38bdec7341105c.jpeg": {
    "app_sintetizada": "AC4E0B1DE6474D938CEF2EE38BDEC7341105C.JPEG",
    "cantidad_archivos": 1,
    "archivos_fuente": [
      "Pictures/Fototeca de Fotos.photoslibrary/resources/derivatives/A/AC4E0B1D-E647-4D93-8CEF-2EE38BDEC734_1_105_c.jpeg"
    ],
    "ultima_modificacion": "2025-08-01 01:01:04.183394"
  },
  "aa8444b619214216971a23ff0b9864221105c.jpeg": {
    "app_sintetizada": "AA8444B619214216971A23FF0B9864221105C.JPEG",
    "cantidad_archivos": 1,
    "archivos_fuente": [
      "Pictures/Fototeca de Fotos.photoslibrary/resources/derivatives/A/AA8444B6-1921-4216-971A-23FF0B986422_1_105_c.jpeg"
    ],
    "ultima_modificacion": "2025-08-01 01:01:04.183614"
  },
  "a026b1d171ea49059e8867586129332a1105c.jpeg": {
    "app_sintetizada": "A026B1D171EA49059E8867586129332A1105C.JPEG",
    "cantidad_archivos": 1,
    "archivos_fuente": [
      "Pictures/Fototeca de Fotos.photoslibrary/resources/derivatives/A/A026B1D1-71EA-4905-9E88-67586129332A_1_105_c.jpeg"
    ],
    "ultima_modificacion": "2025-08-01 01:01:04.183923"
  },
  "aa64e2621e0f42018ea04df60c37d8bc1105c.jpeg": {
    "app_sintetizada": "AA64E2621E0F42018EA04DF60C37D8BC1105C.JPEG",
    "cantidad_archivos": 1,
    "archivos_fuente": [
      "Pictures/Fototeca de Fotos.photoslibrary/resources/derivatives/A/AA64E262-1E0F-4201-8EA0-4DF60C37D8BC_1_105_c.jpeg"
    ],
    "ultima_modificacion": "2025-08-01 01:01:04.184258"
  },
  "a14ee932ef4a4a1f883baeb1cfc2f96a1105c.jpeg": {
    "app_sintetizada": "A14EE932EF4A4A1F883BAEB1CFC2F96A1105C.JPEG",
    "cantidad_archivos": 1,
    "archivos_fuente": [
      "Pictures/Fototeca de Fotos.photoslibrary/resources/derivatives/A/A14EE932-EF4A-4A1F-883B-AEB1CFC2F96A_1_105_c.jpeg"
    ],
    "ultima_modificacion": "2025-08-01 01:01:04.184592"
  },
  "aea2fa8efa8c4def993a1228854030851105c.jpeg": {
    "app_sintetizada": "AEA2FA8EFA8C4DEF993A1228854030851105C.JPEG",
    "cantidad_archivos": 1,
    "archivos_fuente": [
      "Pictures/Fototeca de Fotos.photoslibrary/resources/derivatives/A/AEA2FA8E-FA8C-4DEF-993A-122885403085_1_105_c.jpeg"
    ],
    "ultima_modificacion": "2025-08-01 01:01:04.184933"
  },
  "a7484b7e54b44dcda15aff4e88ff442d1105c.jpeg": {
    "app_sintetizada": "A7484B7E54B44DCDA15AFF4E88FF442D1105C.JPEG",
    "cantidad_archivos": 1,
    "archivos_fuente": [
      "Pictures/Fototeca de Fotos.photoslibrary/resources/derivatives/A/A7484B7E-54B4-4DCD-A15A-FF4E88FF442D_1_105_c.jpeg"
    ],
    "ultima_modificacion": "2025-08-01 01:01:04.185266"
  },
  "ad00ddfc4cd6481195ad53774b3418831105c.jpeg": {
    "app_sintetizada": "AD00DDFC4CD6481195AD53774B3418831105C.JPEG",
    "cantidad_archivos": 1,
    "archivos_fuente": [
      "Pictures/Fototeca de Fotos.photoslibrary/resources/derivatives/A/AD00DDFC-4CD6-4811-95AD-53774B341883_1_105_c.jpeg"
    ],
    "ultima_modificacion": "2025-08-01 01:01:04.185631"
  },
  "a9b52459e7024684940ef8af2f25ebd21105c.jpeg": {
    "app_sintetizada": "A9B52459E7024684940EF8AF2F25EBD21105C.JPEG",
    "cantidad_archivos": 1,
    "archivos_fuente": [
      "Pictures/Fototeca de Fotos.photoslibrary/resources/derivatives/A/A9B52459-E702-4684-940E-F8AF2F25EBD2_1_105_c.jpeg"
    ],
    "ultima_modificacion": "2025-08-01 01:01:04.187171"
  },
  "a50c3f4c469147508b5eb038f2878e7e1105c.jpeg": {
    "app_sintetizada": "A50C3F4C469147508B5EB038F2878E7E1105C.JPEG",
    "cantidad_archivos": 1,
    "archivos_fuente": [
      "Pictures/Fototeca de Fotos.photoslibrary/resources/derivatives/A/A50C3F4C-4691-4750-8B5E-B038F2878E7E_1_105_c.jpeg"
    ],
    "ultima_modificacion": "2025-08-01 01:01:04.187732"
  },
  "af9b140415d5400e824a3617091550fd1105c.jpeg": {
    "app_sintetizada": "AF9B140415D5400E824A3617091550FD1105C.JPEG",
    "cantidad_archivos": 1,
    "archivos_fuente": [
      "Pictures/Fototeca de Fotos.photoslibrary/resources/derivatives/A/AF9B1404-15D5-400E-824A-3617091550FD_1_105_c.jpeg"
    ],
    "ultima_modificacion": "2025-08-01 01:01:04.189100"
  },
  "a8f7a951ee8e41b284827f73fed7301e1105c.jpeg": {
    "app_sintetizada": "A8F7A951EE8E41B284827F73FED7301E1105C.JPEG",
    "cantidad_archivos": 1,
    "archivos_fuente": [
      "Pictures/Fototeca de Fotos.photoslibrary/resources/derivatives/A/A8F7A951-EE8E-41B2-8482-7F73FED7301E_1_105_c.jpeg"
    ],
    "ultima_modificacion": "2025-08-01 01:01:04.189917"
  },
  "afda4888f16345cc966f8dca4145facb1105c.jpeg": {
    "app_sintetizada": "AFDA4888F16345CC966F8DCA4145FACB1105C.JPEG",
    "cantidad_archivos": 1,
    "archivos_fuente": [
      "Pictures/Fototeca de Fotos.photoslibrary/resources/derivatives/A/AFDA4888-F163-45CC-966F-8DCA4145FACB_1_105_c.jpeg"
    ],
    "ultima_modificacion": "2025-08-01 01:01:04.190526"
  },
  "a28dd90309204ca197f8dd63cb6e09311105c.jpeg": {
    "app_sintetizada": "A28DD90309204CA197F8DD63CB6E09311105C.JPEG",
    "cantidad_archivos": 1,
    "archivos_fuente": [
      "Pictures/Fototeca de Fotos.photoslibrary/resources/derivatives/A/A28DD903-0920-4CA1-97F8-DD63CB6E0931_1_105_c.jpeg"
    ],
    "ultima_modificacion": "2025-08-01 01:01:04.191025"
  },
  "a348c75f96c84c78aab74245a717e0901105c.jpeg": {
    "app_sintetizada": "A348C75F96C84C78AAB74245A717E0901105C.JPEG",
    "cantidad_archivos": 1,
    "archivos_fuente": [
      "Pictures/Fototeca de Fotos.photoslibrary/resources/derivatives/A/A348C75F-96C8-4C78-AAB7-4245A717E090_1_105_c.jpeg"
    ],
    "ultima_modificacion": "2025-08-01 01:01:04.191555"
  },
  "a28a07cf16ef4e788ee6dbe188bb95131105c.jpeg": {
    "app_sintetizada": "A28A07CF16EF4E788EE6DBE188BB95131105C.JPEG",
    "cantidad_archivos": 1,
    "archivos_fuente": [
      "Pictures/Fototeca de Fotos.photoslibrary/resources/derivatives/A/A28A07CF-16EF-4E78-8EE6-DBE188BB9513_1_105_c.jpeg"
    ],
    "ultima_modificacion": "2025-08-01 01:01:04.194512"
  },
  "ab86679269e141f38e5166c15902d20a1105c.jpeg": {
    "app_sintetizada": "AB86679269E141F38E5166C15902D20A1105C.JPEG",
    "cantidad_archivos": 1,
    "archivos_fuente": [
      "Pictures/Fototeca de Fotos.photoslibrary/resources/derivatives/A/AB866792-69E1-41F3-8E51-66C15902D20A_1_105_c.jpeg"
    ],
    "ultima_modificacion": "2025-08-01 01:01:04.196267"
  },
  "aae4d474044443fca4b78ade518f39b51105c.jpeg": {
    "app_sintetizada": "AAE4D474044443FCA4B78ADE518F39B51105C.JPEG",
    "cantidad_archivos": 1,
    "archivos_fuente": [
      "Pictures/Fototeca de Fotos.photoslibrary/resources/derivatives/A/AAE4D474-0444-43FC-A4B7-8ADE518F39B5_1_105_c.jpeg"
    ],
    "ultima_modificacion": "2025-08-01 01:01:04.197425"
  },
  "ae065f4668cc4b9ba118e9e062c817841105c.jpeg": {
    "app_sintetizada": "AE065F4668CC4B9BA118E9E062C817841105C.JPEG",
    "cantidad_archivos": 1,
    "archivos_fuente": [
      "Pictures/Fototeca de Fotos.photoslibrary/resources/derivatives/A/AE065F46-68CC-4B9B-A118-E9E062C81784_1_105_c.jpeg"
    ],
    "ultima_modificacion": "2025-08-01 01:01:04.198044"
  },
  "a5369b82039141b9ac6f7fafecfe7d501105c.jpeg": {
    "app_sintetizada": "A5369B82039141B9AC6F7FAFECFE7D501105C.JPEG",
    "cantidad_archivos": 1,
    "archivos_fuente": [
      "Pictures/Fototeca de Fotos.photoslibrary/resources/derivatives/A/A5369B82-0391-41B9-AC6F-7FAFECFE7D50_1_105_c.jpeg"
    ],
    "ultima_modificacion": "2025-08-01 01:01:04.198812"
  },
  "ada6c6b3e729431b9fa064a81f75dd8f1105c.jpeg": {
    "app_sintetizada": "ADA6C6B3E729431B9FA064A81F75DD8F1105C.JPEG",
    "cantidad_archivos": 1,
    "archivos_fuente": [
      "Pictures/Fototeca de Fotos.photoslibrary/resources/derivatives/A/ADA6C6B3-E729-431B-9FA0-64A81F75DD8F_1_105_c.jpeg"
    ],
    "ultima_modificacion": "2025-08-01 01:01:04.199444"
  },
  "a62cbf014b32405c8166da56f635fac11105c.jpeg": {
    "app_sintetizada": "A62CBF014B32405C8166DA56F635FAC11105C.JPEG",
    "cantidad_archivos": 1,
    "archivos_fuente": [
      "Pictures/Fototeca de Fotos.photoslibrary/resources/derivatives/A/A62CBF01-4B32-405C-8166-DA56F635FAC1_1_105_c.jpeg"
    ],
    "ultima_modificacion": "2025-08-01 01:01:04.200200"
  },
  "a1127e79031a432eaafc8f80dbd158821105c.jpeg": {
    "app_sintetizada": "A1127E79031A432EAAFC8F80DBD158821105C.JPEG",
    "cantidad_archivos": 1,
    "archivos_fuente": [
      "Pictures/Fototeca de Fotos.photoslibrary/resources/derivatives/A/A1127E79-031A-432E-AAFC-8F80DBD15882_1_105_c.jpeg"
    ],
    "ultima_modificacion": "2025-08-01 01:01:04.200857"
  },
  "aa0f234b71204ee7a0fd122d6a2484d41105c.jpeg": {
    "app_sintetizada": "AA0F234B71204EE7A0FD122D6A2484D41105C.JPEG",
    "cantidad_archivos": 1,
    "archivos_fuente": [
      "Pictures/Fototeca de Fotos.photoslibrary/resources/derivatives/A/AA0F234B-7120-4EE7-A0FD-122D6A2484D4_1_105_c.jpeg"
    ],
    "ultima_modificacion": "2025-08-01 01:01:04.201359"
  },
  "a7abeb39d71543038f44364b29324ce31105c.jpeg": {
    "app_sintetizada": "A7ABEB39D71543038F44364B29324CE31105C.JPEG",
    "cantidad_archivos": 1,
    "archivos_fuente": [
      "Pictures/Fototeca de Fotos.photoslibrary/resources/derivatives/A/A7ABEB39-D715-4303-8F44-364B29324CE3_1_105_c.jpeg"
    ],
    "ultima_modificacion": "2025-08-01 01:01:04.201776"
  },
  "a725200fbfcf4d139a5929b1ba205fbb1105c.jpeg": {
    "app_sintetizada": "A725200FBFCF4D139A5929B1BA205FBB1105C.JPEG",
    "cantidad_archivos": 1,
    "archivos_fuente": [
      "Pictures/Fototeca de Fotos.photoslibrary/resources/derivatives/A/A725200F-BFCF-4D13-9A59-29B1BA205FBB_1_105_c.jpeg"
    ],
    "ultima_modificacion": "2025-08-01 01:01:04.202519"
  },
  "a6828a9f970d4f438915acd1cfc2fe87.thm": {
    "app_sintetizada": "A6828A9F970D4F438915ACD1CFC2FE87.THM",
    "cantidad_archivos": 1,
    "archivos_fuente": [
      "Pictures/Fototeca de Fotos.photoslibrary/resources/derivatives/A/A6828A9F-970D-4F43-8915-ACD1CFC2FE87.THM"
    ],
    "ultima_modificacion": "2025-08-01 01:01:04.203563"
  },
  "a5bd76bfb83c470da8028eec26ebd90d1105c.jpeg": {
    "app_sintetizada": "A5BD76BFB83C470DA8028EEC26EBD90D1105C.JPEG",
    "cantidad_archivos": 1,
    "archivos_fuente": [
      "Pictures/Fototeca de Fotos.photoslibrary/resources/derivatives/A/A5BD76BF-B83C-470D-A802-8EEC26EBD90D_1_105_c.jpeg"
    ],
    "ultima_modificacion": "2025-08-01 01:01:04.204874"
  },
  "a3a9b1d5685d43c4beea0593c3ff75ef1105c.jpeg": {
    "app_sintetizada": "A3A9B1D5685D43C4BEEA0593C3FF75EF1105C.JPEG",
    "cantidad_archivos": 1,
    "archivos_fuente": [
      "Pictures/Fototeca de Fotos.photoslibrary/resources/derivatives/A/A3A9B1D5-685D-43C4-BEEA-0593C3FF75EF_1_105_c.jpeg"
    ],
    "ultima_modificacion": "2025-08-01 01:01:04.206282"
  },
  "a45eb65c1c79492d8fcf928baf4272b41105c.jpeg": {
    "app_sintetizada": "A45EB65C1C79492D8FCF928BAF4272B41105C.JPEG",
    "cantidad_archivos": 1,
    "archivos_fuente": [
      "Pictures/Fototeca de Fotos.photoslibrary/resources/derivatives/A/A45EB65C-1C79-492D-8FCF-928BAF4272B4_1_105_c.jpeg"
    ],
    "ultima_modificacion": "2025-08-01 01:01:04.206831"
  },
  "afd19955c86447a98be5a4c2426170b1.thm": {
    "app_sintetizada": "AFD19955C86447A98BE5A4C2426170B1.THM",
    "cantidad_archivos": 1,
    "archivos_fuente": [
      "Pictures/Fototeca de Fotos.photoslibrary/resources/derivatives/A/AFD19955-C864-47A9-8BE5-A4C2426170B1.THM"
    ],
    "ultima_modificacion": "2025-08-01 01:01:04.207393"
  },
  "adcfdbf264e7476296db4256e427b2ef1105c.jpeg": {
    "app_sintetizada": "ADCFDBF264E7476296DB4256E427B2EF1105C.JPEG",
    "cantidad_archivos": 1,
    "archivos_fuente": [
      "Pictures/Fototeca de Fotos.photoslibrary/resources/derivatives/A/ADCFDBF2-64E7-4762-96DB-4256E427B2EF_1_105_c.jpeg"
    ],
    "ultima_modificacion": "2025-08-01 01:01:04.207928"
  },
  "a7719f4fb29f4dfb8231316f06a2e9321105c.jpeg": {
    "app_sintetizada": "A7719F4FB29F4DFB8231316F06A2E9321105C.JPEG",
    "cantidad_archivos": 1,
    "archivos_fuente": [
      "Pictures/Fototeca de Fotos.photoslibrary/resources/derivatives/A/A7719F4F-B29F-4DFB-8231-316F06A2E932_1_105_c.jpeg"
    ],
    "ultima_modificacion": "2025-08-01 01:01:04.208560"
  },
  "ac67b4b50567458ea8ec3c13dcf754d21105c.jpeg": {
    "app_sintetizada": "AC67B4B50567458EA8EC3C13DCF754D21105C.JPEG",
    "cantidad_archivos": 1,
    "archivos_fuente": [
      "Pictures/Fototeca de Fotos.photoslibrary/resources/derivatives/A/AC67B4B5-0567-458E-A8EC-3C13DCF754D2_1_105_c.jpeg"
    ],
    "ultima_modificacion": "2025-08-01 01:01:04.209028"
  },
  "a11e0ece536c4d7c9b179d75dee532681105c.jpeg": {
    "app_sintetizada": "A11E0ECE536C4D7C9B179D75DEE532681105C.JPEG",
    "cantidad_archivos": 1,
    "archivos_fuente": [
      "Pictures/Fototeca de Fotos.photoslibrary/resources/derivatives/A/A11E0ECE-536C-4D7C-9B17-9D75DEE53268_1_105_c.jpeg"
    ],
    "ultima_modificacion": "2025-08-01 01:01:04.209452"
  },
  "a7dd82987dbd42edb89516af554e65051105c.jpeg": {
    "app_sintetizada": "A7DD82987DBD42EDB89516AF554E65051105C.JPEG",
    "cantidad_archivos": 1,
    "archivos_fuente": [
      "Pictures/Fototeca de Fotos.photoslibrary/resources/derivatives/A/A7DD8298-7DBD-42ED-B895-16AF554E6505_1_105_c.jpeg"
    ],
    "ultima_modificacion": "2025-08-01 01:01:04.210041"
  },
  "a363596df0274b6ba4d943f9f4565d561105c.jpeg": {
    "app_sintetizada": "A363596DF0274B6BA4D943F9F4565D561105C.JPEG",
    "cantidad_archivos": 1,
    "archivos_fuente": [
      "Pictures/Fototeca de Fotos.photoslibrary/resources/derivatives/A/A363596D-F027-4B6B-A4D9-43F9F4565D56_1_105_c.jpeg"
    ],
    "ultima_modificacion": "2025-08-01 01:01:04.210898"
  },
  "aa756c524ac94eff93d13a40b1c833111105c.jpeg": {
    "app_sintetizada": "AA756C524AC94EFF93D13A40B1C833111105C.JPEG",
    "cantidad_archivos": 1,
    "archivos_fuente": [
      "Pictures/Fototeca de Fotos.photoslibrary/resources/derivatives/A/AA756C52-4AC9-4EFF-93D1-3A40B1C83311_1_105_c.jpeg"
    ],
    "ultima_modificacion": "2025-08-01 01:01:04.211272"
  },
  "ad1836ab48f1464db824b1e0424be0f71105c.jpeg": {
    "app_sintetizada": "AD1836AB48F1464DB824B1E0424BE0F71105C.JPEG",
    "cantidad_archivos": 1,
    "archivos_fuente": [
      "Pictures/Fototeca de Fotos.photoslibrary/resources/derivatives/A/AD1836AB-48F1-464D-B824-B1E0424BE0F7_1_105_c.jpeg"
    ],
    "ultima_modificacion": "2025-08-01 01:01:04.211633"
  },
  "a882a6cdd7f9448a80a5a0720df1c1881105c.jpeg": {
    "app_sintetizada": "A882A6CDD7F9448A80A5A0720DF1C1881105C.JPEG",
    "cantidad_archivos": 1,
    "archivos_fuente": [
      "Pictures/Fototeca de Fotos.photoslibrary/resources/derivatives/A/A882A6CD-D7F9-448A-80A5-A0720DF1C188_1_105_c.jpeg"
    ],
    "ultima_modificacion": "2025-08-01 01:01:04.211972"
  },
  "a5c79fa999994c0588373accb6dd1db4.thm": {
    "app_sintetizada": "A5C79FA999994C0588373ACCB6DD1DB4.THM",
    "cantidad_archivos": 1,
    "archivos_fuente": [
      "Pictures/Fototeca de Fotos.photoslibrary/resources/derivatives/A/A5C79FA9-9999-4C05-8837-3ACCB6DD1DB4.THM"
    ],
    "ultima_modificacion": "2025-08-01 01:01:04.212331"
  },
  "a824d06cdac34eff9de63e3bf87705901105c.jpeg": {
    "app_sintetizada": "A824D06CDAC34EFF9DE63E3BF87705901105C.JPEG",
    "cantidad_archivos": 1,
    "archivos_fuente": [
      "Pictures/Fototeca de Fotos.photoslibrary/resources/derivatives/A/A824D06C-DAC3-4EFF-9DE6-3E3BF8770590_1_105_c.jpeg"
    ],
    "ultima_modificacion": "2025-08-01 01:01:04.212658"
  },
  "a1059da85285490583c6b15851e46e691102o.jpeg": {
    "app_sintetizada": "A1059DA85285490583C6B15851E46E691102O.JPEG",
    "cantidad_archivos": 1,
    "archivos_fuente": [
      "Pictures/Fototeca de Fotos.photoslibrary/resources/derivatives/A/A1059DA8-5285-4905-83C6-B15851E46E69_1_102_o.jpeg"
    ],
    "ultima_modificacion": "2025-08-01 01:01:04.213000"
  },
  "acd1451e64c6489fbb60fa0f2ec537551105c.jpeg": {
    "app_sintetizada": "ACD1451E64C6489FBB60FA0F2EC537551105C.JPEG",
    "cantidad_archivos": 1,
    "archivos_fuente": [
      "Pictures/Fototeca de Fotos.photoslibrary/resources/derivatives/A/ACD1451E-64C6-489F-BB60-FA0F2EC53755_1_105_c.jpeg"
    ],
    "ultima_modificacion": "2025-08-01 01:01:04.213338"
  },
  "a3ed8557ae0a43c7a46d755e1f71561c1105c.jpeg": {
    "app_sintetizada": "A3ED8557AE0A43C7A46D755E1F71561C1105C.JPEG",
    "cantidad_archivos": 1,
    "archivos_fuente": [
      "Pictures/Fototeca de Fotos.photoslibrary/resources/derivatives/A/A3ED8557-AE0A-43C7-A46D-755E1F71561C_1_105_c.jpeg"
    ],
    "ultima_modificacion": "2025-08-01 01:01:04.213695"
  },
  "a859d6b2f03d42d6bf4e6aabdea26a2a1105c.jpeg": {
    "app_sintetizada": "A859D6B2F03D42D6BF4E6AABDEA26A2A1105C.JPEG",
    "cantidad_archivos": 1,
    "archivos_fuente": [
      "Pictures/Fototeca de Fotos.photoslibrary/resources/derivatives/A/A859D6B2-F03D-42D6-BF4E-6AABDEA26A2A_1_105_c.jpeg"
    ],
    "ultima_modificacion": "2025-08-01 01:01:04.214038"
  },
  "aaac6293ecde433da05a13ca1c885adf1105c.jpeg": {
    "app_sintetizada": "AAAC6293ECDE433DA05A13CA1C885ADF1105C.JPEG",
    "cantidad_archivos": 1,
    "archivos_fuente": [
      "Pictures/Fototeca de Fotos.photoslibrary/resources/derivatives/A/AAAC6293-ECDE-433D-A05A-13CA1C885ADF_1_105_c.jpeg"
    ],
    "ultima_modificacion": "2025-08-01 01:01:04.214294"
  },
  "a1ed37fb371a4e4a85c3a9ddbbc1bad41105c.jpeg": {
    "app_sintetizada": "A1ED37FB371A4E4A85C3A9DDBBC1BAD41105C.JPEG",
    "cantidad_archivos": 1,
    "archivos_fuente": [
      "Pictures/Fototeca de Fotos.photoslibrary/resources/derivatives/A/A1ED37FB-371A-4E4A-85C3-A9DDBBC1BAD4_1_105_c.jpeg"
    ],
    "ultima_modificacion": "2025-08-01 01:01:04.214612"
  },
  "a183d7054619435a971ae66a0ecaecc21105c.jpeg": {
    "app_sintetizada": "A183D7054619435A971AE66A0ECAECC21105C.JPEG",
    "cantidad_archivos": 1,
    "archivos_fuente": [
      "Pictures/Fototeca de Fotos.photoslibrary/resources/derivatives/A/A183D705-4619-435A-971A-E66A0ECAECC2_1_105_c.jpeg"
    ],
    "ultima_modificacion": "2025-08-01 01:01:04.214974"
  },
  "a1662ca543894396b67563875b54ff75.thm": {
    "app_sintetizada": "A1662CA543894396B67563875B54FF75.THM",
    "cantidad_archivos": 1,
    "archivos_fuente": [
      "Pictures/Fototeca de Fotos.photoslibrary/resources/derivatives/A/A1662CA5-4389-4396-B675-63875B54FF75.THM"
    ],
    "ultima_modificacion": "2025-08-01 01:01:04.215312"
  },
  "ae8adc4c011f449086b3852d409046d11105c.jpeg": {
    "app_sintetizada": "AE8ADC4C011F449086B3852D409046D11105C.JPEG",
    "cantidad_archivos": 1,
    "archivos_fuente": [
      "Pictures/Fototeca de Fotos.photoslibrary/resources/derivatives/A/AE8ADC4C-011F-4490-86B3-852D409046D1_1_105_c.jpeg"
    ],
    "ultima_modificacion": "2025-08-01 01:01:04.215626"
  },
  "aaf1688af0b24bb4b4307a8ce58c247f1105c.jpeg": {
    "app_sintetizada": "AAF1688AF0B24BB4B4307A8CE58C247F1105C.JPEG",
    "cantidad_archivos": 1,
    "archivos_fuente": [
      "Pictures/Fototeca de Fotos.photoslibrary/resources/derivatives/A/AAF1688A-F0B2-4BB4-B430-7A8CE58C247F_1_105_c.jpeg"
    ],
    "ultima_modificacion": "2025-08-01 01:01:04.215910"
  },
  "a705e13a110b45eba8e4f9d080b491e21105c.jpeg": {
    "app_sintetizada": "A705E13A110B45EBA8E4F9D080B491E21105C.JPEG",
    "cantidad_archivos": 1,
    "archivos_fuente": [
      "Pictures/Fototeca de Fotos.photoslibrary/resources/derivatives/A/A705E13A-110B-45EB-A8E4-F9D080B491E2_1_105_c.jpeg"
    ],
    "ultima_modificacion": "2025-08-01 01:01:04.216132"
  },
  "ab8cd9aa96574499b745dfb6b073cbeb1105c.jpeg": {
    "app_sintetizada": "AB8CD9AA96574499B745DFB6B073CBEB1105C.JPEG",
    "cantidad_archivos": 1,
    "archivos_fuente": [
      "Pictures/Fototeca de Fotos.photoslibrary/resources/derivatives/A/AB8CD9AA-9657-4499-B745-DFB6B073CBEB_1_105_c.jpeg"
    ],
    "ultima_modificacion": "2025-08-01 01:01:04.216432"
  },
  "a70b01aedecd4ef7812058d50129f5881105c.jpeg": {
    "app_sintetizada": "A70B01AEDECD4EF7812058D50129F5881105C.JPEG",
    "cantidad_archivos": 1,
    "archivos_fuente": [
      "Pictures/Fototeca de Fotos.photoslibrary/resources/derivatives/A/A70B01AE-DECD-4EF7-8120-58D50129F588_1_105_c.jpeg"
    ],
    "ultima_modificacion": "2025-08-01 01:01:04.216763"
  },
  "aedea724381a4f9c90d9af3cfbc047851105c.jpeg": {
    "app_sintetizada": "AEDEA724381A4F9C90D9AF3CFBC047851105C.JPEG",
    "cantidad_archivos": 1,
    "archivos_fuente": [
      "Pictures/Fototeca de Fotos.photoslibrary/resources/derivatives/A/AEDEA724-381A-4F9C-90D9-AF3CFBC04785_1_105_c.jpeg"
    ],
    "ultima_modificacion": "2025-08-01 01:01:04.217088"
  },
  "a8027d71a32547f787959b31d0dd02e71105c.jpeg": {
    "app_sintetizada": "A8027D71A32547F787959B31D0DD02E71105C.JPEG",
    "cantidad_archivos": 1,
    "archivos_fuente": [
      "Pictures/Fototeca de Fotos.photoslibrary/resources/derivatives/A/A8027D71-A325-47F7-8795-9B31D0DD02E7_1_105_c.jpeg"
    ],
    "ultima_modificacion": "2025-08-01 01:01:04.217444"
  },
  "a844211141c2476e95cbcd1c68c5f9af1105c.jpeg": {
    "app_sintetizada": "A844211141C2476E95CBCD1C68C5F9AF1105C.JPEG",
    "cantidad_archivos": 1,
    "archivos_fuente": [
      "Pictures/Fototeca de Fotos.photoslibrary/resources/derivatives/A/A8442111-41C2-476E-95CB-CD1C68C5F9AF_1_105_c.jpeg"
    ],
    "ultima_modificacion": "2025-08-01 01:01:04.217767"
  },
  "a603214574a2447cb3df15df7a3e2c491105c.jpeg": {
    "app_sintetizada": "A603214574A2447CB3DF15DF7A3E2C491105C.JPEG",
    "cantidad_archivos": 1,
    "archivos_fuente": [
      "Pictures/Fototeca de Fotos.photoslibrary/resources/derivatives/A/A6032145-74A2-447C-B3DF-15DF7A3E2C49_1_105_c.jpeg"
    ],
    "ultima_modificacion": "2025-08-01 01:01:04.218104"
  },
  "affc2861ef754598b17a1277fdea53251105c.jpeg": {
    "app_sintetizada": "AFFC2861EF754598B17A1277FDEA53251105C.JPEG",
    "cantidad_archivos": 1,
    "archivos_fuente": [
      "Pictures/Fototeca de Fotos.photoslibrary/resources/derivatives/A/AFFC2861-EF75-4598-B17A-1277FDEA5325_1_105_c.jpeg"
    ],
    "ultima_modificacion": "2025-08-01 01:01:04.218443"
  },
  "a2b2653b946c448fb1e0ab9a1adf01fc1102o.jpeg": {
    "app_sintetizada": "A2B2653B946C448FB1E0AB9A1ADF01FC1102O.JPEG",
    "cantidad_archivos": 1,
    "archivos_fuente": [
      "Pictures/Fototeca de Fotos.photoslibrary/resources/derivatives/A/A2B2653B-946C-448F-B1E0-AB9A1ADF01FC_1_102_o.jpeg"
    ],
    "ultima_modificacion": "2025-08-01 01:01:04.218777"
  },
  "a74522a92b2f4cceb956db489ac745e31105c.jpeg": {
    "app_sintetizada": "A74522A92B2F4CCEB956DB489AC745E31105C.JPEG",
    "cantidad_archivos": 1,
    "archivos_fuente": [
      "Pictures/Fototeca de Fotos.photoslibrary/resources/derivatives/A/A74522A9-2B2F-4CCE-B956-DB489AC745E3_1_105_c.jpeg"
    ],
    "ultima_modificacion": "2025-08-01 01:01:04.219114"
  },
  "a49a642cb1284f5fa9520d6554cc8a031102o.jpeg": {
    "app_sintetizada": "A49A642CB1284F5FA9520D6554CC8A031102O.JPEG",
    "cantidad_archivos": 1,
    "archivos_fuente": [
      "Pictures/Fototeca de Fotos.photoslibrary/resources/derivatives/A/A49A642C-B128-4F5F-A952-0D6554CC8A03_1_102_o.jpeg"
    ],
    "ultima_modificacion": "2025-08-01 01:01:04.219466"
  },
  "a487e11d003849308fdf90b2ef549216.thm": {
    "app_sintetizada": "A487E11D003849308FDF90B2EF549216.THM",
    "cantidad_archivos": 1,
    "archivos_fuente": [
      "Pictures/Fototeca de Fotos.photoslibrary/resources/derivatives/A/A487E11D-0038-4930-8FDF-90B2EF549216.THM"
    ],
    "ultima_modificacion": "2025-08-01 01:01:04.219793"
  },
  "a33d8e7fe52a444b8396de91eadb99f71105c.jpeg": {
    "app_sintetizada": "A33D8E7FE52A444B8396DE91EADB99F71105C.JPEG",
    "cantidad_archivos": 1,
    "archivos_fuente": [
      "Pictures/Fototeca de Fotos.photoslibrary/resources/derivatives/A/A33D8E7F-E52A-444B-8396-DE91EADB99F7_1_105_c.jpeg"
    ],
    "ultima_modificacion": "2025-08-01 01:01:04.220124"
  }
}