{
  "1c5f2baaa6c9430f8c4d472fedef0dc61105c.jpeg": {
    "app_sintetizada": "1C5F2BAAA6C9430F8C4D472FEDEF0DC61105C.JPEG",
    "cantidad_archivos": 1,
    "archivos_fuente": [
      "Pictures/Fototeca de Fotos.photoslibrary/resources/derivatives/1/1C5F2BAA-A6C9-430F-8C4D-472FEDEF0DC6_1_105_c.jpeg"
    ],
    "ultima_modificacion": "2025-08-01 01:01:02.960516"
  },
  "1b6616458e4f481b8e50e168bc0058031105c.jpeg": {
    "app_sintetizada": "1B6616458E4F481B8E50E168BC0058031105C.JPEG",
    "cantidad_archivos": 1,
    "archivos_fuente": [
      "Pictures/Fototeca de Fotos.photoslibrary/resources/derivatives/1/1B661645-8E4F-481B-8E50-E168BC005803_1_105_c.jpeg"
    ],
    "ultima_modificacion": "2025-08-01 01:01:02.960870"
  },
  "162a8c720abe47a9b26cf495448878331105c.jpeg": {
    "app_sintetizada": "162A8C720ABE47A9B26CF495448878331105C.JPEG",
    "cantidad_archivos": 1,
    "archivos_fuente": [
      "Pictures/Fototeca de Fotos.photoslibrary/resources/derivatives/1/162A8C72-0ABE-47A9-B26C-F49544887833_1_105_c.jpeg"
    ],
    "ultima_modificacion": "2025-08-01 01:01:02.961203"
  },
  "11f35a74bc854061998a0e3e75e129291105c.jpeg": {
    "app_sintetizada": "11F35A74BC854061998A0E3E75E129291105C.JPEG",
    "cantidad_archivos": 1,
    "archivos_fuente": [
      "Pictures/Fototeca de Fotos.photoslibrary/resources/derivatives/1/11F35A74-BC85-4061-998A-0E3E75E12929_1_105_c.jpeg"
    ],
    "ultima_modificacion": "2025-08-01 01:01:02.961539"
  },
  "1f6130e9505d4fc08e781e8844ed893b.thm": {
    "app_sintetizada": "1F6130E9505D4FC08E781E8844ED893B.THM",
    "cantidad_archivos": 1,
    "archivos_fuente": [
      "Pictures/Fototeca de Fotos.photoslibrary/resources/derivatives/1/1F6130E9-505D-4FC0-8E78-1E8844ED893B.THM"
    ],
    "ultima_modificacion": "2025-08-01 01:01:02.961918"
  },
  "14ca480bad0c4588bbc77f0e530bde0f1105c.jpeg": {
    "app_sintetizada": "14CA480BAD0C4588BBC77F0E530BDE0F1105C.JPEG",
    "cantidad_archivos": 1,
    "archivos_fuente": [
      "Pictures/Fototeca de Fotos.photoslibrary/resources/derivatives/1/14CA480B-AD0C-4588-BBC7-7F0E530BDE0F_1_105_c.jpeg"
    ],
    "ultima_modificacion": "2025-08-01 01:01:02.962261"
  },
  "13dbf89f98e84200b2339990844004bc1105c.jpeg": {
    "app_sintetizada": "13DBF89F98E84200B2339990844004BC1105C.JPEG",
    "cantidad_archivos": 1,
    "archivos_fuente": [
      "Pictures/Fototeca de Fotos.photoslibrary/resources/derivatives/1/13DBF89F-98E8-4200-B233-9990844004BC_1_105_c.jpeg"
    ],
    "ultima_modificacion": "2025-08-01 01:01:02.962631"
  },
  "1144b2146cf34536a069b4bf451ebf58.thm": {
    "app_sintetizada": "1144B2146CF34536A069B4BF451EBF58.THM",
    "cantidad_archivos": 1,
    "archivos_fuente": [
      "Pictures/Fototeca de Fotos.photoslibrary/resources/derivatives/1/1144B214-6CF3-4536-A069-B4BF451EBF58.THM"
    ],
    "ultima_modificacion": "2025-08-01 01:01:02.962895"
  },
  "19ca44d16a3e4e55ba231e2e2a50f5b41105c.jpeg": {
    "app_sintetizada": "19CA44D16A3E4E55BA231E2E2A50F5B41105C.JPEG",
    "cantidad_archivos": 1,
    "archivos_fuente": [
      "Pictures/Fototeca de Fotos.photoslibrary/resources/derivatives/1/19CA44D1-6A3E-4E55-BA23-1E2E2A50F5B4_1_105_c.jpeg"
    ],
    "ultima_modificacion": "2025-08-01 01:01:02.963249"
  },
  "11760815555f4d0aad896e07e21462251105c.jpeg": {
    "app_sintetizada": "11760815555F4D0AAD896E07E21462251105C.JPEG",
    "cantidad_archivos": 1,
    "archivos_fuente": [
      "Pictures/Fototeca de Fotos.photoslibrary/resources/derivatives/1/11760815-555F-4D0A-AD89-6E07E2146225_1_105_c.jpeg"
    ],
    "ultima_modificacion": "2025-08-01 01:01:02.963493"
  },
  "13e6f4be94204666a97357e56069fafb.thm": {
    "app_sintetizada": "13E6F4BE94204666A97357E56069FAFB.THM",
    "cantidad_archivos": 1,
    "archivos_fuente": [
      "Pictures/Fototeca de Fotos.photoslibrary/resources/derivatives/1/13E6F4BE-9420-4666-A973-57E56069FAFB.THM"
    ],
    "ultima_modificacion": "2025-08-01 01:01:02.963752"
  },
  "18ecbfaaaaf4499caa34a9752418d25e1105c.jpeg": {
    "app_sintetizada": "18ECBFAAAAF4499CAA34A9752418D25E1105C.JPEG",
    "cantidad_archivos": 1,
    "archivos_fuente": [
      "Pictures/Fototeca de Fotos.photoslibrary/resources/derivatives/1/18ECBFAA-AAF4-499C-AA34-A9752418D25E_1_105_c.jpeg"
    ],
    "ultima_modificacion": "2025-08-01 01:01:02.964013"
  },
  "1fae3cf0fcdf4973ae7256651d629e231105c.jpeg": {
    "app_sintetizada": "1FAE3CF0FCDF4973AE7256651D629E231105C.JPEG",
    "cantidad_archivos": 1,
    "archivos_fuente": [
      "Pictures/Fototeca de Fotos.photoslibrary/resources/derivatives/1/1FAE3CF0-FCDF-4973-AE72-56651D629E23_1_105_c.jpeg"
    ],
    "ultima_modificacion": "2025-08-01 01:01:02.964325"
  },
  "1e45dae06e8f4661b2fd1abaf70b521f1105c.jpeg": {
    "app_sintetizada": "1E45DAE06E8F4661B2FD1ABAF70B521F1105C.JPEG",
    "cantidad_archivos": 1,
    "archivos_fuente": [
      "Pictures/Fototeca de Fotos.photoslibrary/resources/derivatives/1/1E45DAE0-6E8F-4661-B2FD-1ABAF70B521F_1_105_c.jpeg"
    ],
    "ultima_modificacion": "2025-08-01 01:01:02.964587"
  },
  "153dbce4cad54bbeb62dcadc1cef37511105c.jpeg": {
    "app_sintetizada": "153DBCE4CAD54BBEB62DCADC1CEF37511105C.JPEG",
    "cantidad_archivos": 1,
    "archivos_fuente": [
      "Pictures/Fototeca de Fotos.photoslibrary/resources/derivatives/1/153DBCE4-CAD5-4BBE-B62D-CADC1CEF3751_1_105_c.jpeg"
    ],
    "ultima_modificacion": "2025-08-01 01:01:02.964805"
  },
  "1e1d66196582438c8b7a051b518f46961105c.jpeg": {
    "app_sintetizada": "1E1D66196582438C8B7A051B518F46961105C.JPEG",
    "cantidad_archivos": 1,
    "archivos_fuente": [
      "Pictures/Fototeca de Fotos.photoslibrary/resources/derivatives/1/1E1D6619-6582-438C-8B7A-051B518F4696_1_105_c.jpeg"
    ],
    "ultima_modificacion": "2025-08-01 01:01:02.965017"
  },
  "1da7ecc1f6b3429eb11cfdd3caa4cf3b1105c.jpeg": {
    "app_sintetizada": "1DA7ECC1F6B3429EB11CFDD3CAA4CF3B1105C.JPEG",
    "cantidad_archivos": 1,
    "archivos_fuente": [
      "Pictures/Fototeca de Fotos.photoslibrary/resources/derivatives/1/1DA7ECC1-F6B3-429E-B11C-FDD3CAA4CF3B_1_105_c.jpeg"
    ],
    "ultima_modificacion": "2025-08-01 01:01:02.965217"
  },
  "1dd82c9b805144cf8b488aee5e0bc2ab1105c.jpeg": {
    "app_sintetizada": "1DD82C9B805144CF8B488AEE5E0BC2AB1105C.JPEG",
    "cantidad_archivos": 1,
    "archivos_fuente": [
      "Pictures/Fototeca de Fotos.photoslibrary/resources/derivatives/1/1DD82C9B-8051-44CF-8B48-8AEE5E0BC2AB_1_105_c.jpeg"
    ],
    "ultima_modificacion": "2025-08-01 01:01:02.965421"
  },
  "108a06925f9e4713b830590ffa79ebd61105c.jpeg": {
    "app_sintetizada": "108A06925F9E4713B830590FFA79EBD61105C.JPEG",
    "cantidad_archivos": 1,
    "archivos_fuente": [
      "Pictures/Fototeca de Fotos.photoslibrary/resources/derivatives/1/108A0692-5F9E-4713-B830-590FFA79EBD6_1_105_c.jpeg"
    ],
    "ultima_modificacion": "2025-08-01 01:01:02.965622"
  },
  "13a7ae741eeb492f8fca39fd8516e85f1105c.jpeg": {
    "app_sintetizada": "13A7AE741EEB492F8FCA39FD8516E85F1105C.JPEG",
    "cantidad_archivos": 1,
    "archivos_fuente": [
      "Pictures/Fototeca de Fotos.photoslibrary/resources/derivatives/1/13A7AE74-1EEB-492F-8FCA-39FD8516E85F_1_105_c.jpeg"
    ],
    "ultima_modificacion": "2025-08-01 01:01:02.965840"
  },
  "16af3addeec84e63ae48b71c1d3ae9921105c.jpeg": {
    "app_sintetizada": "16AF3ADDEEC84E63AE48B71C1D3AE9921105C.JPEG",
    "cantidad_archivos": 1,
    "archivos_fuente": [
      "Pictures/Fototeca de Fotos.photoslibrary/resources/derivatives/1/16AF3ADD-EEC8-4E63-AE48-B71C1D3AE992_1_105_c.jpeg"
    ],
    "ultima_modificacion": "2025-08-01 01:01:02.966031"
  },
  "11fd25dbea7b45b29c98e643bbe2dfe9.thm": {
    "app_sintetizada": "11FD25DBEA7B45B29C98E643BBE2DFE9.THM",
    "cantidad_archivos": 1,
    "archivos_fuente": [
      "Pictures/Fototeca de Fotos.photoslibrary/resources/derivatives/1/11FD25DB-EA7B-45B2-9C98-E643BBE2DFE9.THM"
    ],
    "ultima_modificacion": "2025-08-01 01:01:02.966280"
  },
  "151e151b597f4d339122e3bf332fb7551105c.jpeg": {
    "app_sintetizada": "151E151B597F4D339122E3BF332FB7551105C.JPEG",
    "cantidad_archivos": 1,
    "archivos_fuente": [
      "Pictures/Fototeca de Fotos.photoslibrary/resources/derivatives/1/151E151B-597F-4D33-9122-E3BF332FB755_1_105_c.jpeg"
    ],
    "ultima_modificacion": "2025-08-01 01:01:02.966601"
  },
  "1aefe8d32f8b4be9833c60a06632c8d51105c.jpeg": {
    "app_sintetizada": "1AEFE8D32F8B4BE9833C60A06632C8D51105C.JPEG",
    "cantidad_archivos": 1,
    "archivos_fuente": [
      "Pictures/Fototeca de Fotos.photoslibrary/resources/derivatives/1/1AEFE8D3-2F8B-4BE9-833C-60A06632C8D5_1_105_c.jpeg"
    ],
    "ultima_modificacion": "2025-08-01 01:01:02.966915"
  },
  "1c3e59ec1d8b455dbe1ac910dd38ebc91105c.jpeg": {
    "app_sintetizada": "1C3E59EC1D8B455DBE1AC910DD38EBC91105C.JPEG",
    "cantidad_archivos": 1,
    "archivos_fuente": [
      "Pictures/Fototeca de Fotos.photoslibrary/resources/derivatives/1/1C3E59EC-1D8B-455D-BE1A-C910DD38EBC9_1_105_c.jpeg"
    ],
    "ultima_modificacion": "2025-08-01 01:01:02.967173"
  },
  "1103a804d26e4af394fe3d164b216c0c1105c.jpeg": {
    "app_sintetizada": "1103A804D26E4AF394FE3D164B216C0C1105C.JPEG",
    "cantidad_archivos": 1,
    "archivos_fuente": [
      "Pictures/Fototeca de Fotos.photoslibrary/resources/derivatives/1/1103A804-D26E-4AF3-94FE-3D164B216C0C_1_105_c.jpeg"
    ],
    "ultima_modificacion": "2025-08-01 01:01:02.967416"
  },
  "1c0e9702cb9246318f7a115fa24ac7131105c.jpeg": {
    "app_sintetizada": "1C0E9702CB9246318F7A115FA24AC7131105C.JPEG",
    "cantidad_archivos": 1,
    "archivos_fuente": [
      "Pictures/Fototeca de Fotos.photoslibrary/resources/derivatives/1/1C0E9702-CB92-4631-8F7A-115FA24AC713_1_105_c.jpeg"
    ],
    "ultima_modificacion": "2025-08-01 01:01:02.967679"
  },
  "1da40185b2664d589fb5560f780d59121105c.jpeg": {
    "app_sintetizada": "1DA40185B2664D589FB5560F780D59121105C.JPEG",
    "cantidad_archivos": 1,
    "archivos_fuente": [
      "Pictures/Fototeca de Fotos.photoslibrary/resources/derivatives/1/1DA40185-B266-4D58-9FB5-560F780D5912_1_105_c.jpeg"
    ],
    "ultima_modificacion": "2025-08-01 01:01:02.967937"
  },
  "12712bdcd99e4d839cc1bd60dd7c8a8b1105c.jpeg": {
    "app_sintetizada": "12712BDCD99E4D839CC1BD60DD7C8A8B1105C.JPEG",
    "cantidad_archivos": 1,
    "archivos_fuente": [
      "Pictures/Fototeca de Fotos.photoslibrary/resources/derivatives/1/12712BDC-D99E-4D83-9CC1-BD60DD7C8A8B_1_105_c.jpeg"
    ],
    "ultima_modificacion": "2025-08-01 01:01:02.968269"
  },
  "19e5522c6c6d4407a3e6fc918bb2239a1105c.jpeg": {
    "app_sintetizada": "19E5522C6C6D4407A3E6FC918BB2239A1105C.JPEG",
    "cantidad_archivos": 1,
    "archivos_fuente": [
      "Pictures/Fototeca de Fotos.photoslibrary/resources/derivatives/1/19E5522C-6C6D-4407-A3E6-FC918BB2239A_1_105_c.jpeg"
    ],
    "ultima_modificacion": "2025-08-01 01:01:02.968503"
  },
  "15b139b4c9234e19a7243a0defd66a1b1105c.jpeg": {
    "app_sintetizada": "15B139B4C9234E19A7243A0DEFD66A1B1105C.JPEG",
    "cantidad_archivos": 1,
    "archivos_fuente": [
      "Pictures/Fototeca de Fotos.photoslibrary/resources/derivatives/1/15B139B4-C923-4E19-A724-3A0DEFD66A1B_1_105_c.jpeg"
    ],
    "ultima_modificacion": "2025-08-01 01:01:02.968709"
  },
  "1f2717faa3f643bd993a5a334268b535.thm": {
    "app_sintetizada": "1F2717FAA3F643BD993A5A334268B535.THM",
    "cantidad_archivos": 1,
    "archivos_fuente": [
      "Pictures/Fototeca de Fotos.photoslibrary/resources/derivatives/1/1F2717FA-A3F6-43BD-993A-5A334268B535.THM"
    ],
    "ultima_modificacion": "2025-08-01 01:01:02.968901"
  },
  "155ea7dc94a9479586589977b2d91ac6.thm": {
    "app_sintetizada": "155EA7DC94A9479586589977B2D91AC6.THM",
    "cantidad_archivos": 1,
    "archivos_fuente": [
      "Pictures/Fototeca de Fotos.photoslibrary/resources/derivatives/1/155EA7DC-94A9-4795-8658-9977B2D91AC6.THM"
    ],
    "ultima_modificacion": "2025-08-01 01:01:02.969117"
  },
  "1902922cf37a4af79c37fc3a65c2464d1105c.jpeg": {
    "app_sintetizada": "1902922CF37A4AF79C37FC3A65C2464D1105C.JPEG",
    "cantidad_archivos": 1,
    "archivos_fuente": [
      "Pictures/Fototeca de Fotos.photoslibrary/resources/derivatives/1/1902922C-F37A-4AF7-9C37-FC3A65C2464D_1_105_c.jpeg"
    ],
    "ultima_modificacion": "2025-08-01 01:01:02.969398"
  },
  "10ad52d94fc148a2bfade4c4a75502f11105c.jpeg": {
    "app_sintetizada": "10AD52D94FC148A2BFADE4C4A75502F11105C.JPEG",
    "cantidad_archivos": 1,
    "archivos_fuente": [
      "Pictures/Fototeca de Fotos.photoslibrary/resources/derivatives/1/10AD52D9-4FC1-48A2-BFAD-E4C4A75502F1_1_105_c.jpeg"
    ],
    "ultima_modificacion": "2025-08-01 01:01:02.969635"
  },
  "18baa6fd75a5437fadfdf4469fb513511105c.jpeg": {
    "app_sintetizada": "18BAA6FD75A5437FADFDF4469FB513511105C.JPEG",
    "cantidad_archivos": 1,
    "archivos_fuente": [
      "Pictures/Fototeca de Fotos.photoslibrary/resources/derivatives/1/18BAA6FD-75A5-437F-ADFD-F4469FB51351_1_105_c.jpeg"
    ],
    "ultima_modificacion": "2025-08-01 01:01:02.969893"
  },
  "1b4233aa9bc349f68d84bce6f8233d181105c.jpeg": {
    "app_sintetizada": "1B4233AA9BC349F68D84BCE6F8233D181105C.JPEG",
    "cantidad_archivos": 1,
    "archivos_fuente": [
      "Pictures/Fototeca de Fotos.photoslibrary/resources/derivatives/1/1B4233AA-9BC3-49F6-8D84-BCE6F8233D18_1_105_c.jpeg"
    ],
    "ultima_modificacion": "2025-08-01 01:01:02.970205"
  },
  "1d7e31cfa84e46f9858428a1604d87d41105c.jpeg": {
    "app_sintetizada": "1D7E31CFA84E46F9858428A1604D87D41105C.JPEG",
    "cantidad_archivos": 1,
    "archivos_fuente": [
      "Pictures/Fototeca de Fotos.photoslibrary/resources/derivatives/1/1D7E31CF-A84E-46F9-8584-28A1604D87D4_1_105_c.jpeg"
    ],
    "ultima_modificacion": "2025-08-01 01:01:02.970441"
  },
  "11eb742b13184073b16c2522180bc3411105c.jpeg": {
    "app_sintetizada": "11EB742B13184073B16C2522180BC3411105C.JPEG",
    "cantidad_archivos": 1,
    "archivos_fuente": [
      "Pictures/Fototeca de Fotos.photoslibrary/resources/derivatives/1/11EB742B-1318-4073-B16C-2522180BC341_1_105_c.jpeg"
    ],
    "ultima_modificacion": "2025-08-01 01:01:02.970713"
  },
  "1d204b74ae0e425eb6d776335e5b80da1105c.jpeg": {
    "app_sintetizada": "1D204B74AE0E425EB6D776335E5B80DA1105C.JPEG",
    "cantidad_archivos": 1,
    "archivos_fuente": [
      "Pictures/Fototeca de Fotos.photoslibrary/resources/derivatives/1/1D204B74-AE0E-425E-B6D7-76335E5B80DA_1_105_c.jpeg"
    ],
    "ultima_modificacion": "2025-08-01 01:01:02.970985"
  },
  "1f0f16bc7f8d494b851852cd04999b9d1105c.jpeg": {
    "app_sintetizada": "1F0F16BC7F8D494B851852CD04999B9D1105C.JPEG",
    "cantidad_archivos": 1,
    "archivos_fuente": [
      "Pictures/Fototeca de Fotos.photoslibrary/resources/derivatives/1/1F0F16BC-7F8D-494B-8518-52CD04999B9D_1_105_c.jpeg"
    ],
    "ultima_modificacion": "2025-08-01 01:01:02.971216"
  },
  "108fa961a6664705b5062dbdc60883851105c.jpeg": {
    "app_sintetizada": "108FA961A6664705B5062DBDC60883851105C.JPEG",
    "cantidad_archivos": 1,
    "archivos_fuente": [
      "Pictures/Fototeca de Fotos.photoslibrary/resources/derivatives/1/108FA961-A666-4705-B506-2DBDC6088385_1_105_c.jpeg"
    ],
    "ultima_modificacion": "2025-08-01 01:01:02.971409"
  },
  "1e413f97a75247bc82434929584455ef1105c.jpeg": {
    "app_sintetizada": "1E413F97A75247BC82434929584455EF1105C.JPEG",
    "cantidad_archivos": 1,
    "archivos_fuente": [
      "Pictures/Fototeca de Fotos.photoslibrary/resources/derivatives/1/1E413F97-A752-47BC-8243-4929584455EF_1_105_c.jpeg"
    ],
    "ultima_modificacion": "2025-08-01 01:01:02.971587"
  },
  "120e73cba358460d8ab0eae87db775531105c.jpeg": {
    "app_sintetizada": "120E73CBA358460D8AB0EAE87DB775531105C.JPEG",
    "cantidad_archivos": 1,
    "archivos_fuente": [
      "Pictures/Fototeca de Fotos.photoslibrary/resources/derivatives/1/120E73CB-A358-460D-8AB0-EAE87DB77553_1_105_c.jpeg"
    ],
    "ultima_modificacion": "2025-08-01 01:01:02.971780"
  },
  "124775ec7a374df693138e12d6eb6c7b1105c.jpeg": {
    "app_sintetizada": "124775EC7A374DF693138E12D6EB6C7B1105C.JPEG",
    "cantidad_archivos": 1,
    "archivos_fuente": [
      "Pictures/Fototeca de Fotos.photoslibrary/resources/derivatives/1/124775EC-7A37-4DF6-9313-8E12D6EB6C7B_1_105_c.jpeg"
    ],
    "ultima_modificacion": "2025-08-01 01:01:02.971968"
  },
  "19ff47730be44c209bc3a7537547cd5e1105c.jpeg": {
    "app_sintetizada": "19FF47730BE44C209BC3A7537547CD5E1105C.JPEG",
    "cantidad_archivos": 1,
    "archivos_fuente": [
      "Pictures/Fototeca de Fotos.photoslibrary/resources/derivatives/1/19FF4773-0BE4-4C20-9BC3-A7537547CD5E_1_105_c.jpeg"
    ],
    "ultima_modificacion": "2025-08-01 01:01:02.972157"
  },
  "1bb4689134ab4f039e4e72b9ada4573f1105c.jpeg": {
    "app_sintetizada": "1BB4689134AB4F039E4E72B9ADA4573F1105C.JPEG",
    "cantidad_archivos": 1,
    "archivos_fuente": [
      "Pictures/Fototeca de Fotos.photoslibrary/resources/derivatives/1/1BB46891-34AB-4F03-9E4E-72B9ADA4573F_1_105_c.jpeg"
    ],
    "ultima_modificacion": "2025-08-01 01:01:02.972338"
  },
  "17541ef953c146d9a6648133cadd23e21105c.jpeg": {
    "app_sintetizada": "17541EF953C146D9A6648133CADD23E21105C.JPEG",
    "cantidad_archivos": 1,
    "archivos_fuente": [
      "Pictures/Fototeca de Fotos.photoslibrary/resources/derivatives/1/17541EF9-53C1-46D9-A664-8133CADD23E2_1_105_c.jpeg"
    ],
    "ultima_modificacion": "2025-08-01 01:01:02.972518"
  },
  "1ce44bae6940487e80aeea8c8c809e491105c.jpeg": {
    "app_sintetizada": "1CE44BAE6940487E80AEEA8C8C809E491105C.JPEG",
    "cantidad_archivos": 1,
    "archivos_fuente": [
      "Pictures/Fototeca de Fotos.photoslibrary/resources/derivatives/1/1CE44BAE-6940-487E-80AE-EA8C8C809E49_1_105_c.jpeg"
    ],
    "ultima_modificacion": "2025-08-01 01:01:02.972697"
  },
  "142a4ff4b1cf45a2b996cb4f3307f7a61105c.jpeg": {
    "app_sintetizada": "142A4FF4B1CF45A2B996CB4F3307F7A61105C.JPEG",
    "cantidad_archivos": 1,
    "archivos_fuente": [
      "Pictures/Fototeca de Fotos.photoslibrary/resources/derivatives/1/142A4FF4-B1CF-45A2-B996-CB4F3307F7A6_1_105_c.jpeg"
    ],
    "ultima_modificacion": "2025-08-01 01:01:02.972886"
  },
  "1fea00c3d83647db9eac73bf93e433c41105c.jpeg": {
    "app_sintetizada": "1FEA00C3D83647DB9EAC73BF93E433C41105C.JPEG",
    "cantidad_archivos": 1,
    "archivos_fuente": [
      "Pictures/Fototeca de Fotos.photoslibrary/resources/derivatives/1/1FEA00C3-D836-47DB-9EAC-73BF93E433C4_1_105_c.jpeg"
    ],
    "ultima_modificacion": "2025-08-01 01:01:02.973068"
  },
  "1148d67d98b84ca7a70c3e3ac93cfa3e1105c.jpeg": {
    "app_sintetizada": "1148D67D98B84CA7A70C3E3AC93CFA3E1105C.JPEG",
    "cantidad_archivos": 1,
    "archivos_fuente": [
      "Pictures/Fototeca de Fotos.photoslibrary/resources/derivatives/1/1148D67D-98B8-4CA7-A70C-3E3AC93CFA3E_1_105_c.jpeg"
    ],
    "ultima_modificacion": "2025-08-01 01:01:02.973242"
  },
  "124971bae9074ed3a90ee05eb863cac11105c.jpeg": {
    "app_sintetizada": "124971BAE9074ED3A90EE05EB863CAC11105C.JPEG",
    "cantidad_archivos": 1,
    "archivos_fuente": [
      "Pictures/Fototeca de Fotos.photoslibrary/resources/derivatives/1/124971BA-E907-4ED3-A90E-E05EB863CAC1_1_105_c.jpeg"
    ],
    "ultima_modificacion": "2025-08-01 01:01:02.973536"
  },
  "1c462e70924c4a6f84299992d693bee31105c.jpeg": {
    "app_sintetizada": "1C462E70924C4A6F84299992D693BEE31105C.JPEG",
    "cantidad_archivos": 1,
    "archivos_fuente": [
      "Pictures/Fototeca de Fotos.photoslibrary/resources/derivatives/1/1C462E70-924C-4A6F-8429-9992D693BEE3_1_105_c.jpeg"
    ],
    "ultima_modificacion": "2025-08-01 01:01:02.973762"
  },
  "191425d7fbbe4d85a35c25cdd09098a91105c.jpeg": {
    "app_sintetizada": "191425D7FBBE4D85A35C25CDD09098A91105C.JPEG",
    "cantidad_archivos": 1,
    "archivos_fuente": [
      "Pictures/Fototeca de Fotos.photoslibrary/resources/derivatives/1/191425D7-FBBE-4D85-A35C-25CDD09098A9_1_105_c.jpeg"
    ],
    "ultima_modificacion": "2025-08-01 01:01:02.974092"
  },
  "1b69c4a590874c9b98ac13d92e4d60ed.thm": {
    "app_sintetizada": "1B69C4A590874C9B98AC13D92E4D60ED.THM",
    "cantidad_archivos": 1,
    "archivos_fuente": [
      "Pictures/Fototeca de Fotos.photoslibrary/resources/derivatives/1/1B69C4A5-9087-4C9B-98AC-13D92E4D60ED.THM"
    ],
    "ultima_modificacion": "2025-08-01 01:01:02.974307"
  },
  "11fbe70bfa9f43bda973a0def1df0b231105c.jpeg": {
    "app_sintetizada": "11FBE70BFA9F43BDA973A0DEF1DF0B231105C.JPEG",
    "cantidad_archivos": 1,
    "archivos_fuente": [
      "Pictures/Fototeca de Fotos.photoslibrary/resources/derivatives/1/11FBE70B-FA9F-43BD-A973-A0DEF1DF0B23_1_105_c.jpeg"
    ],
    "ultima_modificacion": "2025-08-01 01:01:02.974493"
  },
  "15a46929324d4cc8b9d9dee8669cc7461105c.jpeg": {
    "app_sintetizada": "15A46929324D4CC8B9D9DEE8669CC7461105C.JPEG",
    "cantidad_archivos": 1,
    "archivos_fuente": [
      "Pictures/Fototeca de Fotos.photoslibrary/resources/derivatives/1/15A46929-324D-4CC8-B9D9-DEE8669CC746_1_105_c.jpeg"
    ],
    "ultima_modificacion": "2025-08-01 01:01:02.974670"
  },
  "119376a0e7494d188e4cd47360639ef91105c.jpeg": {
    "app_sintetizada": "119376A0E7494D188E4CD47360639EF91105C.JPEG",
    "cantidad_archivos": 1,
    "archivos_fuente": [
      "Pictures/Fototeca de Fotos.photoslibrary/resources/derivatives/1/119376A0-E749-4D18-8E4C-D47360639EF9_1_105_c.jpeg"
    ],
    "ultima_modificacion": "2025-08-01 01:01:02.974842"
  },
  "1159707537e2490c8f5ece913d4b40ff1105c.jpeg": {
    "app_sintetizada": "1159707537E2490C8F5ECE913D4B40FF1105C.JPEG",
    "cantidad_archivos": 1,
    "archivos_fuente": [
      "Pictures/Fototeca de Fotos.photoslibrary/resources/derivatives/1/11597075-37E2-490C-8F5E-CE913D4B40FF_1_105_c.jpeg"
    ],
    "ultima_modificacion": "2025-08-01 01:01:02.975015"
  },
  "1bea10975b1b483080f5d3cd07c8d5d71105c.jpeg": {
    "app_sintetizada": "1BEA10975B1B483080F5D3CD07C8D5D71105C.JPEG",
    "cantidad_archivos": 1,
    "archivos_fuente": [
      "Pictures/Fototeca de Fotos.photoslibrary/resources/derivatives/1/1BEA1097-5B1B-4830-80F5-D3CD07C8D5D7_1_105_c.jpeg"
    ],
    "ultima_modificacion": "2025-08-01 01:01:02.975186"
  },
  "197786acec524eb5b67c52dd0a1410241105c.jpeg": {
    "app_sintetizada": "197786ACEC524EB5B67C52DD0A1410241105C.JPEG",
    "cantidad_archivos": 1,
    "archivos_fuente": [
      "Pictures/Fototeca de Fotos.photoslibrary/resources/derivatives/1/197786AC-EC52-4EB5-B67C-52DD0A141024_1_105_c.jpeg"
    ],
    "ultima_modificacion": "2025-08-01 01:01:02.975366"
  },
  "194cddb4a3984ebda346656261ef3bd81105c.jpeg": {
    "app_sintetizada": "194CDDB4A3984EBDA346656261EF3BD81105C.JPEG",
    "cantidad_archivos": 1,
    "archivos_fuente": [
      "Pictures/Fototeca de Fotos.photoslibrary/resources/derivatives/1/194CDDB4-A398-4EBD-A346-656261EF3BD8_1_105_c.jpeg"
    ],
    "ultima_modificacion": "2025-08-01 01:01:02.975535"
  },
  "10edf3007bbb4066b979bb4b450337fd1105c.jpeg": {
    "app_sintetizada": "10EDF3007BBB4066B979BB4B450337FD1105C.JPEG",
    "cantidad_archivos": 1,
    "archivos_fuente": [
      "Pictures/Fototeca de Fotos.photoslibrary/resources/derivatives/1/10EDF300-7BBB-4066-B979-BB4B450337FD_1_105_c.jpeg"
    ],
    "ultima_modificacion": "2025-08-01 01:01:02.975703"
  },
  "1449f3650973447aacd9cfc5db0c90311105c.jpeg": {
    "app_sintetizada": "1449F3650973447AACD9CFC5DB0C90311105C.JPEG",
    "cantidad_archivos": 1,
    "archivos_fuente": [
      "Pictures/Fototeca de Fotos.photoslibrary/resources/derivatives/1/1449F365-0973-447A-ACD9-CFC5DB0C9031_1_105_c.jpeg"
    ],
    "ultima_modificacion": "2025-08-01 01:01:02.975876"
  },
  "12fa94ed6fd449df8f4ed6323499e3661105c.jpeg": {
    "app_sintetizada": "12FA94ED6FD449DF8F4ED6323499E3661105C.JPEG",
    "cantidad_archivos": 1,
    "archivos_fuente": [
      "Pictures/Fototeca de Fotos.photoslibrary/resources/derivatives/1/12FA94ED-6FD4-49DF-8F4E-D6323499E366_1_105_c.jpeg"
    ],
    "ultima_modificacion": "2025-08-01 01:01:02.976043"
  },
  "175b4edeccf34af3a246f29edddd0fcb1105c.jpeg": {
    "app_sintetizada": "175B4EDECCF34AF3A246F29EDDDD0FCB1105C.JPEG",
    "cantidad_archivos": 1,
    "archivos_fuente": [
      "Pictures/Fototeca de Fotos.photoslibrary/resources/derivatives/1/175B4EDE-CCF3-4AF3-A246-F29EDDDD0FCB_1_105_c.jpeg"
    ],
    "ultima_modificacion": "2025-08-01 01:01:02.976223"
  },
  "14616d0a8d4448dc9a400ee8c2ea9e141105c.jpeg": {
    "app_sintetizada": "14616D0A8D4448DC9A400EE8C2EA9E141105C.JPEG",
    "cantidad_archivos": 1,
    "archivos_fuente": [
      "Pictures/Fototeca de Fotos.photoslibrary/resources/derivatives/1/14616D0A-8D44-48DC-9A40-0EE8C2EA9E14_1_105_c.jpeg"
    ],
    "ultima_modificacion": "2025-08-01 01:01:02.976430"
  },
  "1b59ae50413648f48cc0093a6914822d1105c.jpeg": {
    "app_sintetizada": "1B59AE50413648F48CC0093A6914822D1105C.JPEG",
    "cantidad_archivos": 1,
    "archivos_fuente": [
      "Pictures/Fototeca de Fotos.photoslibrary/resources/derivatives/1/1B59AE50-4136-48F4-8CC0-093A6914822D_1_105_c.jpeg"
    ],
    "ultima_modificacion": "2025-08-01 01:01:02.976737"
  },
  "1e170ab11be54c9ca82466f6f5c5a261.thm": {
    "app_sintetizada": "1E170AB11BE54C9CA82466F6F5C5A261.THM",
    "cantidad_archivos": 1,
    "archivos_fuente": [
      "Pictures/Fototeca de Fotos.photoslibrary/resources/derivatives/1/1E170AB1-1BE5-4C9C-A824-66F6F5C5A261.THM"
    ],
    "ultima_modificacion": "2025-08-01 01:01:02.976994"
  },
  "122439bbf97d424d8521739761a2bd181105c.jpeg": {
    "app_sintetizada": "122439BBF97D424D8521739761A2BD181105C.JPEG",
    "cantidad_archivos": 1,
    "archivos_fuente": [
      "Pictures/Fototeca de Fotos.photoslibrary/resources/derivatives/1/122439BB-F97D-424D-8521-739761A2BD18_1_105_c.jpeg"
    ],
    "ultima_modificacion": "2025-08-01 01:01:02.977253"
  },
  "167505286258420f929929852b5ad9311105c.jpeg": {
    "app_sintetizada": "167505286258420F929929852B5AD9311105C.JPEG",
    "cantidad_archivos": 1,
    "archivos_fuente": [
      "Pictures/Fototeca de Fotos.photoslibrary/resources/derivatives/1/16750528-6258-420F-9299-29852B5AD931_1_105_c.jpeg"
    ],
    "ultima_modificacion": "2025-08-01 01:01:02.977542"
  },
  "1281ddc4ac064c2a875d92e99ab0658f1105c.jpeg": {
    "app_sintetizada": "1281DDC4AC064C2A875D92E99AB0658F1105C.JPEG",
    "cantidad_archivos": 1,
    "archivos_fuente": [
      "Pictures/Fototeca de Fotos.photoslibrary/resources/derivatives/1/1281DDC4-AC06-4C2A-875D-92E99AB0658F_1_105_c.jpeg"
    ],
    "ultima_modificacion": "2025-08-01 01:01:02.977755"
  },
  "1533dae3dd7b47d4a51fb767eac7b2ec1105c.jpeg": {
    "app_sintetizada": "1533DAE3DD7B47D4A51FB767EAC7B2EC1105C.JPEG",
    "cantidad_archivos": 1,
    "archivos_fuente": [
      "Pictures/Fototeca de Fotos.photoslibrary/resources/derivatives/1/1533DAE3-DD7B-47D4-A51F-B767EAC7B2EC_1_105_c.jpeg"
    ],
    "ultima_modificacion": "2025-08-01 01:01:02.978048"
  },
  "1bf57f89e7374822ac0eff009d69266e1105c.jpeg": {
    "app_sintetizada": "1BF57F89E7374822AC0EFF009D69266E1105C.JPEG",
    "cantidad_archivos": 1,
    "archivos_fuente": [
      "Pictures/Fototeca de Fotos.photoslibrary/resources/derivatives/1/1BF57F89-E737-4822-AC0E-FF009D69266E_1_105_c.jpeg"
    ],
    "ultima_modificacion": "2025-08-01 01:01:02.978314"
  },
  "1004da20762144cc8dba1d788a82c8ad1105c.jpeg": {
    "app_sintetizada": "1004DA20762144CC8DBA1D788A82C8AD1105C.JPEG",
    "cantidad_archivos": 1,
    "archivos_fuente": [
      "Pictures/Fototeca de Fotos.photoslibrary/resources/derivatives/1/1004DA20-7621-44CC-8DBA-1D788A82C8AD_1_105_c.jpeg"
    ],
    "ultima_modificacion": "2025-08-01 01:01:02.978557"
  },
  "1e0bb6f7287547338b6356b0b4fa749d1105c.jpeg": {
    "app_sintetizada": "1E0BB6F7287547338B6356B0B4FA749D1105C.JPEG",
    "cantidad_archivos": 1,
    "archivos_fuente": [
      "Pictures/Fototeca de Fotos.photoslibrary/resources/derivatives/1/1E0BB6F7-2875-4733-8B63-56B0B4FA749D_1_105_c.jpeg"
    ],
    "ultima_modificacion": "2025-08-01 01:01:02.978761"
  },
  "1d7a7cbc2a394295810b9e071345fb561105c.jpeg": {
    "app_sintetizada": "1D7A7CBC2A394295810B9E071345FB561105C.JPEG",
    "cantidad_archivos": 1,
    "archivos_fuente": [
      "Pictures/Fototeca de Fotos.photoslibrary/resources/derivatives/1/1D7A7CBC-2A39-4295-810B-9E071345FB56_1_105_c.jpeg"
    ],
    "ultima_modificacion": "2025-08-01 01:01:02.978987"
  },
  "1e628b8f02424698b0268eb30f6103911105c.jpeg": {
    "app_sintetizada": "1E628B8F02424698B0268EB30F6103911105C.JPEG",
    "cantidad_archivos": 1,
    "archivos_fuente": [
      "Pictures/Fototeca de Fotos.photoslibrary/resources/derivatives/1/1E628B8F-0242-4698-B026-8EB30F610391_1_105_c.jpeg"
    ],
    "ultima_modificacion": "2025-08-01 01:01:02.979187"
  },
  "1b1f4029ae7040c6913e826fbce2da2f1105c.jpeg": {
    "app_sintetizada": "1B1F4029AE7040C6913E826FBCE2DA2F1105C.JPEG",
    "cantidad_archivos": 1,
    "archivos_fuente": [
      "Pictures/Fototeca de Fotos.photoslibrary/resources/derivatives/1/1B1F4029-AE70-40C6-913E-826FBCE2DA2F_1_105_c.jpeg"
    ],
    "ultima_modificacion": "2025-08-01 01:01:02.979403"
  },
  "1d1997fab347416e84c2fce34401ab2a1105c.jpeg": {
    "app_sintetizada": "1D1997FAB347416E84C2FCE34401AB2A1105C.JPEG",
    "cantidad_archivos": 1,
    "archivos_fuente": [
      "Pictures/Fototeca de Fotos.photoslibrary/resources/derivatives/1/1D1997FA-B347-416E-84C2-FCE34401AB2A_1_105_c.jpeg"
    ],
    "ultima_modificacion": "2025-08-01 01:01:02.979594"
  },
  "1a75ea55b99b4f8f904d91cd88ea5b1e1105c.jpeg": {
    "app_sintetizada": "1A75EA55B99B4F8F904D91CD88EA5B1E1105C.JPEG",
    "cantidad_archivos": 1,
    "archivos_fuente": [
      "Pictures/Fototeca de Fotos.photoslibrary/resources/derivatives/1/1A75EA55-B99B-4F8F-904D-91CD88EA5B1E_1_105_c.jpeg"
    ],
    "ultima_modificacion": "2025-08-01 01:01:02.979772"
  },
  "1accac3801e349c9bde4e9ad787098c81105c.jpeg": {
    "app_sintetizada": "1ACCAC3801E349C9BDE4E9AD787098C81105C.JPEG",
    "cantidad_archivos": 1,
    "archivos_fuente": [
      "Pictures/Fototeca de Fotos.photoslibrary/resources/derivatives/1/1ACCAC38-01E3-49C9-BDE4-E9AD787098C8_1_105_c.jpeg"
    ],
    "ultima_modificacion": "2025-08-01 01:01:02.979949"
  },
  "1c27a722ce9d4fbc85a1993b853263b41105c.jpeg": {
    "app_sintetizada": "1C27A722CE9D4FBC85A1993B853263B41105C.JPEG",
    "cantidad_archivos": 1,
    "archivos_fuente": [
      "Pictures/Fototeca de Fotos.photoslibrary/resources/derivatives/1/1C27A722-CE9D-4FBC-85A1-993B853263B4_1_105_c.jpeg"
    ],
    "ultima_modificacion": "2025-08-01 01:01:02.980119"
  },
  "10af31ab9fce49fbafd5da7f23376d3d1105c.jpeg": {
    "app_sintetizada": "10AF31AB9FCE49FBAFD5DA7F23376D3D1105C.JPEG",
    "cantidad_archivos": 1,
    "archivos_fuente": [
      "Pictures/Fototeca de Fotos.photoslibrary/resources/derivatives/1/10AF31AB-9FCE-49FB-AFD5-DA7F23376D3D_1_105_c.jpeg"
    ],
    "ultima_modificacion": "2025-08-01 01:01:02.980305"
  },
  "1e28fd8a42314023a77b084953414cb31105c.jpeg": {
    "app_sintetizada": "1E28FD8A42314023A77B084953414CB31105C.JPEG",
    "cantidad_archivos": 1,
    "archivos_fuente": [
      "Pictures/Fototeca de Fotos.photoslibrary/resources/derivatives/1/1E28FD8A-4231-4023-A77B-084953414CB3_1_105_c.jpeg"
    ],
    "ultima_modificacion": "2025-08-01 01:01:02.980537"
  },
  "18146d15dbda45728bc38bf0b33d0054.thm": {
    "app_sintetizada": "18146D15DBDA45728BC38BF0B33D0054.THM",
    "cantidad_archivos": 1,
    "archivos_fuente": [
      "Pictures/Fototeca de Fotos.photoslibrary/resources/derivatives/1/18146D15-DBDA-4572-8BC3-8BF0B33D0054.THM"
    ],
    "ultima_modificacion": "2025-08-01 01:01:02.980814"
  },
  "184217bc16524d35a875fd4d8910f00a1105c.jpeg": {
    "app_sintetizada": "184217BC16524D35A875FD4D8910F00A1105C.JPEG",
    "cantidad_archivos": 1,
    "archivos_fuente": [
      "Pictures/Fototeca de Fotos.photoslibrary/resources/derivatives/1/184217BC-1652-4D35-A875-FD4D8910F00A_1_105_c.jpeg"
    ],
    "ultima_modificacion": "2025-08-01 01:01:02.981059"
  },
  "187d997e51fd471a9116c337f10bdeac1105c.jpeg": {
    "app_sintetizada": "187D997E51FD471A9116C337F10BDEAC1105C.JPEG",
    "cantidad_archivos": 1,
    "archivos_fuente": [
      "Pictures/Fototeca de Fotos.photoslibrary/resources/derivatives/1/187D997E-51FD-471A-9116-C337F10BDEAC_1_105_c.jpeg"
    ],
    "ultima_modificacion": "2025-08-01 01:01:02.981374"
  },
  "168b394ac793468292d77bc709de53751105c.jpeg": {
    "app_sintetizada": "168B394AC793468292D77BC709DE53751105C.JPEG",
    "cantidad_archivos": 1,
    "archivos_fuente": [
      "Pictures/Fototeca de Fotos.photoslibrary/resources/derivatives/1/168B394A-C793-4682-92D7-7BC709DE5375_1_105_c.jpeg"
    ],
    "ultima_modificacion": "2025-08-01 01:01:02.981586"
  },
  "171167d347a44eca99c4cbe5cc9744ee1105c.jpeg": {
    "app_sintetizada": "171167D347A44ECA99C4CBE5CC9744EE1105C.JPEG",
    "cantidad_archivos": 1,
    "archivos_fuente": [
      "Pictures/Fototeca de Fotos.photoslibrary/resources/derivatives/1/171167D3-47A4-4ECA-99C4-CBE5CC9744EE_1_105_c.jpeg"
    ],
    "ultima_modificacion": "2025-08-01 01:01:02.981781"
  },
  "1daff02218664fe5ad9d968713ba109e1105c.jpeg": {
    "app_sintetizada": "1DAFF02218664FE5AD9D968713BA109E1105C.JPEG",
    "cantidad_archivos": 1,
    "archivos_fuente": [
      "Pictures/Fototeca de Fotos.photoslibrary/resources/derivatives/1/1DAFF022-1866-4FE5-AD9D-968713BA109E_1_105_c.jpeg"
    ],
    "ultima_modificacion": "2025-08-01 01:01:02.982012"
  },
  "10d75c50f8794e95bdfcc9a64d6a924d1105c.jpeg": {
    "app_sintetizada": "10D75C50F8794E95BDFCC9A64D6A924D1105C.JPEG",
    "cantidad_archivos": 1,
    "archivos_fuente": [
      "Pictures/Fototeca de Fotos.photoslibrary/resources/derivatives/1/10D75C50-F879-4E95-BDFC-C9A64D6A924D_1_105_c.jpeg"
    ],
    "ultima_modificacion": "2025-08-01 01:01:02.982197"
  },
  "1fc372d5778143d2ac98bd6420bc64421105c.jpeg": {
    "app_sintetizada": "1FC372D5778143D2AC98BD6420BC64421105C.JPEG",
    "cantidad_archivos": 1,
    "archivos_fuente": [
      "Pictures/Fototeca de Fotos.photoslibrary/resources/derivatives/1/1FC372D5-7781-43D2-AC98-BD6420BC6442_1_105_c.jpeg"
    ],
    "ultima_modificacion": "2025-08-01 01:01:02.982376"
  },
  "1fd73292620d4c93b03c773c11c63bd61105c.jpeg": {
    "app_sintetizada": "1FD73292620D4C93B03C773C11C63BD61105C.JPEG",
    "cantidad_archivos": 1,
    "archivos_fuente": [
      "Pictures/Fototeca de Fotos.photoslibrary/resources/derivatives/1/1FD73292-620D-4C93-B03C-773C11C63BD6_1_105_c.jpeg"
    ],
    "ultima_modificacion": "2025-08-01 01:01:02.982545"
  },
  "1918e8fabbab47f3999399162c7a44ce1105c.jpeg": {
    "app_sintetizada": "1918E8FABBAB47F3999399162C7A44CE1105C.JPEG",
    "cantidad_archivos": 1,
    "archivos_fuente": [
      "Pictures/Fototeca de Fotos.photoslibrary/resources/derivatives/1/1918E8FA-BBAB-47F3-9993-99162C7A44CE_1_105_c.jpeg"
    ],
    "ultima_modificacion": "2025-08-01 01:01:02.982720"
  },
  "1785bef5da90488283bae216ebcb91e51105c.jpeg": {
    "app_sintetizada": "1785BEF5DA90488283BAE216EBCB91E51105C.JPEG",
    "cantidad_archivos": 1,
    "archivos_fuente": [
      "Pictures/Fototeca de Fotos.photoslibrary/resources/derivatives/1/1785BEF5-DA90-4882-83BA-E216EBCB91E5_1_105_c.jpeg"
    ],
    "ultima_modificacion": "2025-08-01 01:01:02.982926"
  },
  "169883750df84bd2bc7f0c60928cc5711105c.jpeg": {
    "app_sintetizada": "169883750DF84BD2BC7F0C60928CC5711105C.JPEG",
    "cantidad_archivos": 1,
    "archivos_fuente": [
      "Pictures/Fototeca de Fotos.photoslibrary/resources/derivatives/1/16988375-0DF8-4BD2-BC7F-0C60928CC571_1_105_c.jpeg"
    ],
    "ultima_modificacion": "2025-08-01 01:01:02.983184"
  },
  "1d6b3656c7e64d12b59a41a61e9e2fe81105c.jpeg": {
    "app_sintetizada": "1D6B3656C7E64D12B59A41A61E9E2FE81105C.JPEG",
    "cantidad_archivos": 1,
    "archivos_fuente": [
      "Pictures/Fototeca de Fotos.photoslibrary/resources/derivatives/1/1D6B3656-C7E6-4D12-B59A-41A61E9E2FE8_1_105_c.jpeg"
    ],
    "ultima_modificacion": "2025-08-01 01:01:02.983395"
  },
  "137310d844c040728171445d0d660a8b1105c.jpeg": {
    "app_sintetizada": "137310D844C040728171445D0D660A8B1105C.JPEG",
    "cantidad_archivos": 1,
    "archivos_fuente": [
      "Pictures/Fototeca de Fotos.photoslibrary/resources/derivatives/1/137310D8-44C0-4072-8171-445D0D660A8B_1_105_c.jpeg"
    ],
    "ultima_modificacion": "2025-08-01 01:01:02.983604"
  }
}