{
  "a7c75cd717ac4f899d16923ecdd272c91105c.jpeg": {
    "app_sintetizada": "A7C75CD717AC4F899D16923ECDD272C91105C.JPEG",
    "cantidad_archivos": 1,
    "archivos_fuente": [
      "Pictures/Fototeca de Fotos.photoslibrary/resources/derivatives/A/A7C75CD7-17AC-4F89-9D16-923ECDD272C9_1_105_c.jpeg"
    ],
    "ultima_modificacion": "2025-08-01 01:01:04.049376"
  },
  "affc33c8c9af49728ad59084a4d5596e1105c.jpeg": {
    "app_sintetizada": "AFFC33C8C9AF49728AD59084A4D5596E1105C.JPEG",
    "cantidad_archivos": 1,
    "archivos_fuente": [
      "Pictures/Fototeca de Fotos.photoslibrary/resources/derivatives/A/AFFC33C8-C9AF-4972-8AD5-9084A4D5596E_1_105_c.jpeg"
    ],
    "ultima_modificacion": "2025-08-01 01:01:04.049663"
  },
  "aad87b8afdf143ea9a0215ad87b514b21105c.jpeg": {
    "app_sintetizada": "AAD87B8AFDF143EA9A0215AD87B514B21105C.JPEG",
    "cantidad_archivos": 1,
    "archivos_fuente": [
      "Pictures/Fototeca de Fotos.photoslibrary/resources/derivatives/A/AAD87B8A-FDF1-43EA-9A02-15AD87B514B2_1_105_c.jpeg"
    ],
    "ultima_modificacion": "2025-08-01 01:01:04.049944"
  },
  "a5935ca23daf45c9a4dfcf34bc50de341105c.jpeg": {
    "app_sintetizada": "A5935CA23DAF45C9A4DFCF34BC50DE341105C.JPEG",
    "cantidad_archivos": 1,
    "archivos_fuente": [
      "Pictures/Fototeca de Fotos.photoslibrary/resources/derivatives/A/A5935CA2-3DAF-45C9-A4DF-CF34BC50DE34_1_105_c.jpeg"
    ],
    "ultima_modificacion": "2025-08-01 01:01:04.050216"
  },
  "aa5a8f841d8a4e9f8f81e921d35f12391105c.jpeg": {
    "app_sintetizada": "AA5A8F841D8A4E9F8F81E921D35F12391105C.JPEG",
    "cantidad_archivos": 1,
    "archivos_fuente": [
      "Pictures/Fototeca de Fotos.photoslibrary/resources/derivatives/A/AA5A8F84-1D8A-4E9F-8F81-E921D35F1239_1_105_c.jpeg"
    ],
    "ultima_modificacion": "2025-08-01 01:01:04.050512"
  },
  "a22b1227eabb47799e1bb2a66ea44b131105c.jpeg": {
    "app_sintetizada": "A22B1227EABB47799E1BB2A66EA44B131105C.JPEG",
    "cantidad_archivos": 1,
    "archivos_fuente": [
      "Pictures/Fototeca de Fotos.photoslibrary/resources/derivatives/A/A22B1227-EABB-4779-9E1B-B2A66EA44B13_1_105_c.jpeg"
    ],
    "ultima_modificacion": "2025-08-01 01:01:04.050840"
  },
  "a64e36101b264c02b7672247609a967a1105c.jpeg": {
    "app_sintetizada": "A64E36101B264C02B7672247609A967A1105C.JPEG",
    "cantidad_archivos": 1,
    "archivos_fuente": [
      "Pictures/Fototeca de Fotos.photoslibrary/resources/derivatives/A/A64E3610-1B26-4C02-B767-2247609A967A_1_105_c.jpeg"
    ],
    "ultima_modificacion": "2025-08-01 01:01:04.051135"
  },
  "a9a72253f4df48dcbb7fdff1dee64c8c1102o.jpeg": {
    "app_sintetizada": "A9A72253F4DF48DCBB7FDFF1DEE64C8C1102O.JPEG",
    "cantidad_archivos": 1,
    "archivos_fuente": [
      "Pictures/Fototeca de Fotos.photoslibrary/resources/derivatives/A/A9A72253-F4DF-48DC-BB7F-DFF1DEE64C8C_1_102_o.jpeg"
    ],
    "ultima_modificacion": "2025-08-01 01:01:04.051434"
  },
  "abae8173b90b4abe9cdc3e20097be2671105c.jpeg": {
    "app_sintetizada": "ABAE8173B90B4ABE9CDC3E20097BE2671105C.JPEG",
    "cantidad_archivos": 1,
    "archivos_fuente": [
      "Pictures/Fototeca de Fotos.photoslibrary/resources/derivatives/A/ABAE8173-B90B-4ABE-9CDC-3E20097BE267_1_105_c.jpeg"
    ],
    "ultima_modificacion": "2025-08-01 01:01:04.051742"
  },
  "a67e8fbcd55141adb77c6a49cae6a4fb1105c.jpeg": {
    "app_sintetizada": "A67E8FBCD55141ADB77C6A49CAE6A4FB1105C.JPEG",
    "cantidad_archivos": 1,
    "archivos_fuente": [
      "Pictures/Fototeca de Fotos.photoslibrary/resources/derivatives/A/A67E8FBC-D551-41AD-B77C-6A49CAE6A4FB_1_105_c.jpeg"
    ],
    "ultima_modificacion": "2025-08-01 01:01:04.052050"
  },
  "aea44742877a4392a7cc32e6819e5a831105c.jpeg": {
    "app_sintetizada": "AEA44742877A4392A7CC32E6819E5A831105C.JPEG",
    "cantidad_archivos": 1,
    "archivos_fuente": [
      "Pictures/Fototeca de Fotos.photoslibrary/resources/derivatives/A/AEA44742-877A-4392-A7CC-32E6819E5A83_1_105_c.jpeg"
    ],
    "ultima_modificacion": "2025-08-01 01:01:04.052363"
  },
  "a5068d4a5aeb4542a6cece5b2e0bb2ae1105c.jpeg": {
    "app_sintetizada": "A5068D4A5AEB4542A6CECE5B2E0BB2AE1105C.JPEG",
    "cantidad_archivos": 1,
    "archivos_fuente": [
      "Pictures/Fototeca de Fotos.photoslibrary/resources/derivatives/A/A5068D4A-5AEB-4542-A6CE-CE5B2E0BB2AE_1_105_c.jpeg"
    ],
    "ultima_modificacion": "2025-08-01 01:01:04.052688"
  },
  "a541444810824b7aa889605a13b95d0a1105c.jpeg": {
    "app_sintetizada": "A541444810824B7AA889605A13B95D0A1105C.JPEG",
    "cantidad_archivos": 1,
    "archivos_fuente": [
      "Pictures/Fototeca de Fotos.photoslibrary/resources/derivatives/A/A5414448-1082-4B7A-A889-605A13B95D0A_1_105_c.jpeg"
    ],
    "ultima_modificacion": "2025-08-01 01:01:04.052994"
  },
  "aee3d7eec46e466aaef7778f83126805.thm": {
    "app_sintetizada": "AEE3D7EEC46E466AAEF7778F83126805.THM",
    "cantidad_archivos": 1,
    "archivos_fuente": [
      "Pictures/Fototeca de Fotos.photoslibrary/resources/derivatives/A/AEE3D7EE-C46E-466A-AEF7-778F83126805.THM"
    ],
    "ultima_modificacion": "2025-08-01 01:01:04.053290"
  },
  "a940a303a5e34a2588378baa6b18186d1105c.jpeg": {
    "app_sintetizada": "A940A303A5E34A2588378BAA6B18186D1105C.JPEG",
    "cantidad_archivos": 1,
    "archivos_fuente": [
      "Pictures/Fototeca de Fotos.photoslibrary/resources/derivatives/A/A940A303-A5E3-4A25-8837-8BAA6B18186D_1_105_c.jpeg"
    ],
    "ultima_modificacion": "2025-08-01 01:01:04.053585"
  },
  "a49a642cb1284f5fa9520d6554cc8a031105c.jpeg": {
    "app_sintetizada": "A49A642CB1284F5FA9520D6554CC8A031105C.JPEG",
    "cantidad_archivos": 1,
    "archivos_fuente": [
      "Pictures/Fototeca de Fotos.photoslibrary/resources/derivatives/A/A49A642C-B128-4F5F-A952-0D6554CC8A03_1_105_c.jpeg"
    ],
    "ultima_modificacion": "2025-08-01 01:01:04.053886"
  },
  "a2b2653b946c448fb1e0ab9a1adf01fc1105c.jpeg": {
    "app_sintetizada": "A2B2653B946C448FB1E0AB9A1ADF01FC1105C.JPEG",
    "cantidad_archivos": 1,
    "archivos_fuente": [
      "Pictures/Fototeca de Fotos.photoslibrary/resources/derivatives/A/A2B2653B-946C-448F-B1E0-AB9A1ADF01FC_1_105_c.jpeg"
    ],
    "ultima_modificacion": "2025-08-01 01:01:04.054214"
  },
  "a95e905b56b541538cfba184d25702d01105c.jpeg": {
    "app_sintetizada": "A95E905B56B541538CFBA184D25702D01105C.JPEG",
    "cantidad_archivos": 1,
    "archivos_fuente": [
      "Pictures/Fototeca de Fotos.photoslibrary/resources/derivatives/A/A95E905B-56B5-4153-8CFB-A184D25702D0_1_105_c.jpeg"
    ],
    "ultima_modificacion": "2025-08-01 01:01:04.054521"
  },
  "ae7ce5edc0014a7cbbf5aec157c79c441105c.jpeg": {
    "app_sintetizada": "AE7CE5EDC0014A7CBBF5AEC157C79C441105C.JPEG",
    "cantidad_archivos": 1,
    "archivos_fuente": [
      "Pictures/Fototeca de Fotos.photoslibrary/resources/derivatives/A/AE7CE5ED-C001-4A7C-BBF5-AEC157C79C44_1_105_c.jpeg"
    ],
    "ultima_modificacion": "2025-08-01 01:01:04.054839"
  },
  "a94372617ea848a687f18977281cf51d1105c.jpeg": {
    "app_sintetizada": "A94372617EA848A687F18977281CF51D1105C.JPEG",
    "cantidad_archivos": 1,
    "archivos_fuente": [
      "Pictures/Fototeca de Fotos.photoslibrary/resources/derivatives/A/A9437261-7EA8-48A6-87F1-8977281CF51D_1_105_c.jpeg"
    ],
    "ultima_modificacion": "2025-08-01 01:01:04.055137"
  },
  "a910394d4a47402f8e948ab9be3b58b71105c.jpeg": {
    "app_sintetizada": "A910394D4A47402F8E948AB9BE3B58B71105C.JPEG",
    "cantidad_archivos": 1,
    "archivos_fuente": [
      "Pictures/Fototeca de Fotos.photoslibrary/resources/derivatives/A/A910394D-4A47-402F-8E94-8AB9BE3B58B7_1_105_c.jpeg"
    ],
    "ultima_modificacion": "2025-08-01 01:01:04.055443"
  },
  "a7c1fe981e1948c19a13a3efce6533ea1105c.jpeg": {
    "app_sintetizada": "A7C1FE981E1948C19A13A3EFCE6533EA1105C.JPEG",
    "cantidad_archivos": 1,
    "archivos_fuente": [
      "Pictures/Fototeca de Fotos.photoslibrary/resources/derivatives/A/A7C1FE98-1E19-48C1-9A13-A3EFCE6533EA_1_105_c.jpeg"
    ],
    "ultima_modificacion": "2025-08-01 01:01:04.055944"
  },
  "ae7e91de725440688354e8b3c2dd419f1105c.jpeg": {
    "app_sintetizada": "AE7E91DE725440688354E8B3C2DD419F1105C.JPEG",
    "cantidad_archivos": 1,
    "archivos_fuente": [
      "Pictures/Fototeca de Fotos.photoslibrary/resources/derivatives/A/AE7E91DE-7254-4068-8354-E8B3C2DD419F_1_105_c.jpeg"
    ],
    "ultima_modificacion": "2025-08-01 01:01:04.056272"
  },
  "a52a0de81eba4a3f9e8a51d25e6fe5611105c.jpeg": {
    "app_sintetizada": "A52A0DE81EBA4A3F9E8A51D25E6FE5611105C.JPEG",
    "cantidad_archivos": 1,
    "archivos_fuente": [
      "Pictures/Fototeca de Fotos.photoslibrary/resources/derivatives/A/A52A0DE8-1EBA-4A3F-9E8A-51D25E6FE561_1_105_c.jpeg"
    ],
    "ultima_modificacion": "2025-08-01 01:01:04.056599"
  },
  "a5fcc8f9d4234f439e05896d7ef704b51105c.jpeg": {
    "app_sintetizada": "A5FCC8F9D4234F439E05896D7EF704B51105C.JPEG",
    "cantidad_archivos": 1,
    "archivos_fuente": [
      "Pictures/Fototeca de Fotos.photoslibrary/resources/derivatives/A/A5FCC8F9-D423-4F43-9E05-896D7EF704B5_1_105_c.jpeg"
    ],
    "ultima_modificacion": "2025-08-01 01:01:04.056909"
  },
  "a2ca02678a6e412d99dbbcfcee9adb7e1105c.jpeg": {
    "app_sintetizada": "A2CA02678A6E412D99DBBCFCEE9ADB7E1105C.JPEG",
    "cantidad_archivos": 1,
    "archivos_fuente": [
      "Pictures/Fototeca de Fotos.photoslibrary/resources/derivatives/A/A2CA0267-8A6E-412D-99DB-BCFCEE9ADB7E_1_105_c.jpeg"
    ],
    "ultima_modificacion": "2025-08-01 01:01:04.057215"
  },
  "a067e26b187b4f4699e5f3f8849613a31105c.jpeg": {
    "app_sintetizada": "A067E26B187B4F4699E5F3F8849613A31105C.JPEG",
    "cantidad_archivos": 1,
    "archivos_fuente": [
      "Pictures/Fototeca de Fotos.photoslibrary/resources/derivatives/A/A067E26B-187B-4F46-99E5-F3F8849613A3_1_105_c.jpeg"
    ],
    "ultima_modificacion": "2025-08-01 01:01:04.057509"
  },
  "a8abc3e3a10a41669e3295ccb45162b81105c.jpeg": {
    "app_sintetizada": "A8ABC3E3A10A41669E3295CCB45162B81105C.JPEG",
    "cantidad_archivos": 1,
    "archivos_fuente": [
      "Pictures/Fototeca de Fotos.photoslibrary/resources/derivatives/A/A8ABC3E3-A10A-4166-9E32-95CCB45162B8_1_105_c.jpeg"
    ],
    "ultima_modificacion": "2025-08-01 01:01:04.057798"
  },
  "a8afafbcb67f4975b8d8ff909bcf10e11105c.jpeg": {
    "app_sintetizada": "A8AFAFBCB67F4975B8D8FF909BCF10E11105C.JPEG",
    "cantidad_archivos": 1,
    "archivos_fuente": [
      "Pictures/Fototeca de Fotos.photoslibrary/resources/derivatives/A/A8AFAFBC-B67F-4975-B8D8-FF909BCF10E1_1_105_c.jpeg"
    ],
    "ultima_modificacion": "2025-08-01 01:01:04.058094"
  },
  "a11190816e41446f937548fe045b0dd61105c.jpeg": {
    "app_sintetizada": "A11190816E41446F937548FE045B0DD61105C.JPEG",
    "cantidad_archivos": 1,
    "archivos_fuente": [
      "Pictures/Fototeca de Fotos.photoslibrary/resources/derivatives/A/A1119081-6E41-446F-9375-48FE045B0DD6_1_105_c.jpeg"
    ],
    "ultima_modificacion": "2025-08-01 01:01:04.058379"
  },
  "a9611fde301c4507b424aab55e9e6392.thm": {
    "app_sintetizada": "A9611FDE301C4507B424AAB55E9E6392.THM",
    "cantidad_archivos": 1,
    "archivos_fuente": [
      "Pictures/Fototeca de Fotos.photoslibrary/resources/derivatives/A/A9611FDE-301C-4507-B424-AAB55E9E6392.THM"
    ],
    "ultima_modificacion": "2025-08-01 01:01:04.058691"
  },
  "a92bbcd5cdd44222b186600ba25630e2.thm": {
    "app_sintetizada": "A92BBCD5CDD44222B186600BA25630E2.THM",
    "cantidad_archivos": 1,
    "archivos_fuente": [
      "Pictures/Fototeca de Fotos.photoslibrary/resources/derivatives/A/A92BBCD5-CDD4-4222-B186-600BA25630E2.THM"
    ],
    "ultima_modificacion": "2025-08-01 01:01:04.059001"
  },
  "a88dad466ba7481aa922eb58fa7812701102o.jpeg": {
    "app_sintetizada": "A88DAD466BA7481AA922EB58FA7812701102O.JPEG",
    "cantidad_archivos": 1,
    "archivos_fuente": [
      "Pictures/Fototeca de Fotos.photoslibrary/resources/derivatives/A/A88DAD46-6BA7-481A-A922-EB58FA781270_1_102_o.jpeg"
    ],
    "ultima_modificacion": "2025-08-01 01:01:04.059316"
  },
  "ab9ad54c5c804d16a04eee64397232171105c.jpeg": {
    "app_sintetizada": "AB9AD54C5C804D16A04EEE64397232171105C.JPEG",
    "cantidad_archivos": 1,
    "archivos_fuente": [
      "Pictures/Fototeca de Fotos.photoslibrary/resources/derivatives/A/AB9AD54C-5C80-4D16-A04E-EE6439723217_1_105_c.jpeg"
    ],
    "ultima_modificacion": "2025-08-01 01:01:04.059631"
  },
  "ae7224a1cdad44949bb92ebb8348a07e1105c.jpeg": {
    "app_sintetizada": "AE7224A1CDAD44949BB92EBB8348A07E1105C.JPEG",
    "cantidad_archivos": 1,
    "archivos_fuente": [
      "Pictures/Fototeca de Fotos.photoslibrary/resources/derivatives/A/AE7224A1-CDAD-4494-9BB9-2EBB8348A07E_1_105_c.jpeg"
    ],
    "ultima_modificacion": "2025-08-01 01:01:04.059927"
  },
  "abb770e621944548b270d92d02eb52de1105c.jpeg": {
    "app_sintetizada": "ABB770E621944548B270D92D02EB52DE1105C.JPEG",
    "cantidad_archivos": 1,
    "archivos_fuente": [
      "Pictures/Fototeca de Fotos.photoslibrary/resources/derivatives/A/ABB770E6-2194-4548-B270-D92D02EB52DE_1_105_c.jpeg"
    ],
    "ultima_modificacion": "2025-08-01 01:01:04.060211"
  },
  "a0ef353d9f51475e80a175286f6421021105c.jpeg": {
    "app_sintetizada": "A0EF353D9F51475E80A175286F6421021105C.JPEG",
    "cantidad_archivos": 1,
    "archivos_fuente": [
      "Pictures/Fototeca de Fotos.photoslibrary/resources/derivatives/A/A0EF353D-9F51-475E-80A1-75286F642102_1_105_c.jpeg"
    ],
    "ultima_modificacion": "2025-08-01 01:01:04.060498"
  },
  "af5ce2ff6b2c4752b20b65037a517eb51105c.jpeg": {
    "app_sintetizada": "AF5CE2FF6B2C4752B20B65037A517EB51105C.JPEG",
    "cantidad_archivos": 1,
    "archivos_fuente": [
      "Pictures/Fototeca de Fotos.photoslibrary/resources/derivatives/A/AF5CE2FF-6B2C-4752-B20B-65037A517EB5_1_105_c.jpeg"
    ],
    "ultima_modificacion": "2025-08-01 01:01:04.060814"
  },
  "aee3d7eec46e466aaef7778f831268051105c.jpeg": {
    "app_sintetizada": "AEE3D7EEC46E466AAEF7778F831268051105C.JPEG",
    "cantidad_archivos": 1,
    "archivos_fuente": [
      "Pictures/Fototeca de Fotos.photoslibrary/resources/derivatives/A/AEE3D7EE-C46E-466A-AEF7-778F83126805_1_105_c.jpeg"
    ],
    "ultima_modificacion": "2025-08-01 01:01:04.061133"
  },
  "a7b212187b1f42e4869cc3eb30eb2c071105c.jpeg": {
    "app_sintetizada": "A7B212187B1F42E4869CC3EB30EB2C071105C.JPEG",
    "cantidad_archivos": 1,
    "archivos_fuente": [
      "Pictures/Fototeca de Fotos.photoslibrary/resources/derivatives/A/A7B21218-7B1F-42E4-869C-C3EB30EB2C07_1_105_c.jpeg"
    ],
    "ultima_modificacion": "2025-08-01 01:01:04.061346"
  },
  "a2528c4526264708aa0c9e4e3659f6981105c.jpeg": {
    "app_sintetizada": "A2528C4526264708AA0C9E4E3659F6981105C.JPEG",
    "cantidad_archivos": 1,
    "archivos_fuente": [
      "Pictures/Fototeca de Fotos.photoslibrary/resources/derivatives/A/A2528C45-2626-4708-AA0C-9E4E3659F698_1_105_c.jpeg"
    ],
    "ultima_modificacion": "2025-08-01 01:01:04.061687"
  },
  "aed5174ae315487c919171d01fc77c861105c.jpeg": {
    "app_sintetizada": "AED5174AE315487C919171D01FC77C861105C.JPEG",
    "cantidad_archivos": 1,
    "archivos_fuente": [
      "Pictures/Fototeca de Fotos.photoslibrary/resources/derivatives/A/AED5174A-E315-487C-9191-71D01FC77C86_1_105_c.jpeg"
    ],
    "ultima_modificacion": "2025-08-01 01:01:04.061947"
  },
  "a5db724da21440a8a48cbde1a4e2562d1105c.jpeg": {
    "app_sintetizada": "A5DB724DA21440A8A48CBDE1A4E2562D1105C.JPEG",
    "cantidad_archivos": 1,
    "archivos_fuente": [
      "Pictures/Fototeca de Fotos.photoslibrary/resources/derivatives/A/A5DB724D-A214-40A8-A48C-BDE1A4E2562D_1_105_c.jpeg"
    ],
    "ultima_modificacion": "2025-08-01 01:01:04.062201"
  },
  "a2a1fbce09244e7481a8710d157472d21105c.jpeg": {
    "app_sintetizada": "A2A1FBCE09244E7481A8710D157472D21105C.JPEG",
    "cantidad_archivos": 1,
    "archivos_fuente": [
      "Pictures/Fototeca de Fotos.photoslibrary/resources/derivatives/A/A2A1FBCE-0924-4E74-81A8-710D157472D2_1_105_c.jpeg"
    ],
    "ultima_modificacion": "2025-08-01 01:01:04.062452"
  },
  "a18f0701d7d14e5da950bbdf6842a6051105c.jpeg": {
    "app_sintetizada": "A18F0701D7D14E5DA950BBDF6842A6051105C.JPEG",
    "cantidad_archivos": 1,
    "archivos_fuente": [
      "Pictures/Fototeca de Fotos.photoslibrary/resources/derivatives/A/A18F0701-D7D1-4E5D-A950-BBDF6842A605_1_105_c.jpeg"
    ],
    "ultima_modificacion": "2025-08-01 01:01:04.062744"
  },
  "a27b65b4c82545dd8a4311d6ef2edaac1105c.jpeg": {
    "app_sintetizada": "A27B65B4C82545DD8A4311D6EF2EDAAC1105C.JPEG",
    "cantidad_archivos": 1,
    "archivos_fuente": [
      "Pictures/Fototeca de Fotos.photoslibrary/resources/derivatives/A/A27B65B4-C825-45DD-8A43-11D6EF2EDAAC_1_105_c.jpeg"
    ],
    "ultima_modificacion": "2025-08-01 01:01:04.063021"
  },
  "acb134b868c143f583ff18e6aa7a08d71105c.jpeg": {
    "app_sintetizada": "ACB134B868C143F583FF18E6AA7A08D71105C.JPEG",
    "cantidad_archivos": 1,
    "archivos_fuente": [
      "Pictures/Fototeca de Fotos.photoslibrary/resources/derivatives/A/ACB134B8-68C1-43F5-83FF-18E6AA7A08D7_1_105_c.jpeg"
    ],
    "ultima_modificacion": "2025-08-01 01:01:04.063282"
  },
  "aea0b3699cd44f8ebf2496c06e8bad501105c.jpeg": {
    "app_sintetizada": "AEA0B3699CD44F8EBF2496C06E8BAD501105C.JPEG",
    "cantidad_archivos": 1,
    "archivos_fuente": [
      "Pictures/Fototeca de Fotos.photoslibrary/resources/derivatives/A/AEA0B369-9CD4-4F8E-BF24-96C06E8BAD50_1_105_c.jpeg"
    ],
    "ultima_modificacion": "2025-08-01 01:01:04.063549"
  },
  "a7cc8a2363f94c7b80bf55be551dfeb21105c.jpeg": {
    "app_sintetizada": "A7CC8A2363F94C7B80BF55BE551DFEB21105C.JPEG",
    "cantidad_archivos": 1,
    "archivos_fuente": [
      "Pictures/Fototeca de Fotos.photoslibrary/resources/derivatives/A/A7CC8A23-63F9-4C7B-80BF-55BE551DFEB2_1_105_c.jpeg"
    ],
    "ultima_modificacion": "2025-08-01 01:01:04.063902"
  },
  "a70cebbdd8634003ab80ca0764a6446b1105c.jpeg": {
    "app_sintetizada": "A70CEBBDD8634003AB80CA0764A6446B1105C.JPEG",
    "cantidad_archivos": 1,
    "archivos_fuente": [
      "Pictures/Fototeca de Fotos.photoslibrary/resources/derivatives/A/A70CEBBD-D863-4003-AB80-CA0764A6446B_1_105_c.jpeg"
    ],
    "ultima_modificacion": "2025-08-01 01:01:04.064178"
  },
  "a90cc0b96ec740eea6ce6da89f6664fb1105c.jpeg": {
    "app_sintetizada": "A90CC0B96EC740EEA6CE6DA89F6664FB1105C.JPEG",
    "cantidad_archivos": 1,
    "archivos_fuente": [
      "Pictures/Fototeca de Fotos.photoslibrary/resources/derivatives/A/A90CC0B9-6EC7-40EE-A6CE-6DA89F6664FB_1_105_c.jpeg"
    ],
    "ultima_modificacion": "2025-08-01 01:01:04.064466"
  },
  "a8095ebc30664fd4b83facea7cb9c8a51102o.jpeg": {
    "app_sintetizada": "A8095EBC30664FD4B83FACEA7CB9C8A51102O.JPEG",
    "cantidad_archivos": 1,
    "archivos_fuente": [
      "Pictures/Fototeca de Fotos.photoslibrary/resources/derivatives/A/A8095EBC-3066-4FD4-B83F-ACEA7CB9C8A5_1_102_o.jpeg"
    ],
    "ultima_modificacion": "2025-08-01 01:01:04.064718"
  },
  "a3f0e1bbc0b2453c85312bedef8157aa1105c.jpeg": {
    "app_sintetizada": "A3F0E1BBC0B2453C85312BEDEF8157AA1105C.JPEG",
    "cantidad_archivos": 1,
    "archivos_fuente": [
      "Pictures/Fototeca de Fotos.photoslibrary/resources/derivatives/A/A3F0E1BB-C0B2-453C-8531-2BEDEF8157AA_1_105_c.jpeg"
    ],
    "ultima_modificacion": "2025-08-01 01:01:04.064937"
  },
  "a28f5e3f16a840698fe376bd53bc03b2.thm": {
    "app_sintetizada": "A28F5E3F16A840698FE376BD53BC03B2.THM",
    "cantidad_archivos": 1,
    "archivos_fuente": [
      "Pictures/Fototeca de Fotos.photoslibrary/resources/derivatives/A/A28F5E3F-16A8-4069-8FE3-76BD53BC03B2.THM"
    ],
    "ultima_modificacion": "2025-08-01 01:01:04.065138"
  },
  "ac56f6d8e1c54a41829eff4862f4f72b1105c.jpeg": {
    "app_sintetizada": "AC56F6D8E1C54A41829EFF4862F4F72B1105C.JPEG",
    "cantidad_archivos": 1,
    "archivos_fuente": [
      "Pictures/Fototeca de Fotos.photoslibrary/resources/derivatives/A/AC56F6D8-E1C5-4A41-829E-FF4862F4F72B_1_105_c.jpeg"
    ],
    "ultima_modificacion": "2025-08-01 01:01:04.065403"
  },
  "a4fdcafcbd8c4cb484bcb64c8b8beeda1105c.jpeg": {
    "app_sintetizada": "A4FDCAFCBD8C4CB484BCB64C8B8BEEDA1105C.JPEG",
    "cantidad_archivos": 1,
    "archivos_fuente": [
      "Pictures/Fototeca de Fotos.photoslibrary/resources/derivatives/A/A4FDCAFC-BD8C-4CB4-84BC-B64C8B8BEEDA_1_105_c.jpeg"
    ],
    "ultima_modificacion": "2025-08-01 01:01:04.065731"
  },
  "ae5675850f374cbb8194d67b5d6845ca1105c.jpeg": {
    "app_sintetizada": "AE5675850F374CBB8194D67B5D6845CA1105C.JPEG",
    "cantidad_archivos": 1,
    "archivos_fuente": [
      "Pictures/Fototeca de Fotos.photoslibrary/resources/derivatives/A/AE567585-0F37-4CBB-8194-D67B5D6845CA_1_105_c.jpeg"
    ],
    "ultima_modificacion": "2025-08-01 01:01:04.065994"
  },
  "a5381023847e401aad6cd83151b550a21105c.jpeg": {
    "app_sintetizada": "A5381023847E401AAD6CD83151B550A21105C.JPEG",
    "cantidad_archivos": 1,
    "archivos_fuente": [
      "Pictures/Fototeca de Fotos.photoslibrary/resources/derivatives/A/A5381023-847E-401A-AD6C-D83151B550A2_1_105_c.jpeg"
    ],
    "ultima_modificacion": "2025-08-01 01:01:04.066260"
  },
  "ac69d93772fb4b238ad3c9036d60d1e31105c.jpeg": {
    "app_sintetizada": "AC69D93772FB4B238AD3C9036D60D1E31105C.JPEG",
    "cantidad_archivos": 1,
    "archivos_fuente": [
      "Pictures/Fototeca de Fotos.photoslibrary/resources/derivatives/A/AC69D937-72FB-4B23-8AD3-C9036D60D1E3_1_105_c.jpeg"
    ],
    "ultima_modificacion": "2025-08-01 01:01:04.066603"
  },
  "add391b6def747aa9af0fabf07b294bf1105c.jpeg": {
    "app_sintetizada": "ADD391B6DEF747AA9AF0FABF07B294BF1105C.JPEG",
    "cantidad_archivos": 1,
    "archivos_fuente": [
      "Pictures/Fototeca de Fotos.photoslibrary/resources/derivatives/A/ADD391B6-DEF7-47AA-9AF0-FABF07B294BF_1_105_c.jpeg"
    ],
    "ultima_modificacion": "2025-08-01 01:01:04.066849"
  },
  "a9cd1f177a614fefb0b288d3d09a2467.thm": {
    "app_sintetizada": "A9CD1F177A614FEFB0B288D3D09A2467.THM",
    "cantidad_archivos": 1,
    "archivos_fuente": [
      "Pictures/Fototeca de Fotos.photoslibrary/resources/derivatives/A/A9CD1F17-7A61-4FEF-B0B2-88D3D09A2467.THM"
    ],
    "ultima_modificacion": "2025-08-01 01:01:04.067062"
  },
  "aab02d21c9b64788aa88c23af11e5fee1105c.jpeg": {
    "app_sintetizada": "AAB02D21C9B64788AA88C23AF11E5FEE1105C.JPEG",
    "cantidad_archivos": 1,
    "archivos_fuente": [
      "Pictures/Fototeca de Fotos.photoslibrary/resources/derivatives/A/AAB02D21-C9B6-4788-AA88-C23AF11E5FEE_1_105_c.jpeg"
    ],
    "ultima_modificacion": "2025-08-01 01:01:04.067253"
  },
  "accffde3844a40358eeb75365c2aa2751105c.jpeg": {
    "app_sintetizada": "ACCFFDE3844A40358EEB75365C2AA2751105C.JPEG",
    "cantidad_archivos": 1,
    "archivos_fuente": [
      "Pictures/Fototeca de Fotos.photoslibrary/resources/derivatives/A/ACCFFDE3-844A-4035-8EEB-75365C2AA275_1_105_c.jpeg"
    ],
    "ultima_modificacion": "2025-08-01 01:01:04.067439"
  },
  "a4a53824eff94ed69271ed07bed0baf31105c.jpeg": {
    "app_sintetizada": "A4A53824EFF94ED69271ED07BED0BAF31105C.JPEG",
    "cantidad_archivos": 1,
    "archivos_fuente": [
      "Pictures/Fototeca de Fotos.photoslibrary/resources/derivatives/A/A4A53824-EFF9-4ED6-9271-ED07BED0BAF3_1_105_c.jpeg"
    ],
    "ultima_modificacion": "2025-08-01 01:01:04.067625"
  },
  "a9fa7d10a6ea464f944ef55e0f7500021105c.jpeg": {
    "app_sintetizada": "A9FA7D10A6EA464F944EF55E0F7500021105C.JPEG",
    "cantidad_archivos": 1,
    "archivos_fuente": [
      "Pictures/Fototeca de Fotos.photoslibrary/resources/derivatives/A/A9FA7D10-A6EA-464F-944E-F55E0F750002_1_105_c.jpeg"
    ],
    "ultima_modificacion": "2025-08-01 01:01:04.067806"
  },
  "acdebf892437485e913bdad47dfad48b1105c.jpeg": {
    "app_sintetizada": "ACDEBF892437485E913BDAD47DFAD48B1105C.JPEG",
    "cantidad_archivos": 1,
    "archivos_fuente": [
      "Pictures/Fototeca de Fotos.photoslibrary/resources/derivatives/A/ACDEBF89-2437-485E-913B-DAD47DFAD48B_1_105_c.jpeg"
    ],
    "ultima_modificacion": "2025-08-01 01:01:04.067984"
  },
  "a6a128a6cd704cef982e53469efdc2511105c.jpeg": {
    "app_sintetizada": "A6A128A6CD704CEF982E53469EFDC2511105C.JPEG",
    "cantidad_archivos": 1,
    "archivos_fuente": [
      "Pictures/Fototeca de Fotos.photoslibrary/resources/derivatives/A/A6A128A6-CD70-4CEF-982E-53469EFDC251_1_105_c.jpeg"
    ],
    "ultima_modificacion": "2025-08-01 01:01:04.068160"
  },
  "a176dc0e113544c888931b78d80180a2.thm": {
    "app_sintetizada": "A176DC0E113544C888931B78D80180A2.THM",
    "cantidad_archivos": 1,
    "archivos_fuente": [
      "Pictures/Fototeca de Fotos.photoslibrary/resources/derivatives/A/A176DC0E-1135-44C8-8893-1B78D80180A2.THM"
    ],
    "ultima_modificacion": "2025-08-01 01:01:04.069026"
  },
  "a32247d70d054a7db12f9094c62feb061105c.jpeg": {
    "app_sintetizada": "A32247D70D054A7DB12F9094C62FEB061105C.JPEG",
    "cantidad_archivos": 1,
    "archivos_fuente": [
      "Pictures/Fototeca de Fotos.photoslibrary/resources/derivatives/A/A32247D7-0D05-4A7D-B12F-9094C62FEB06_1_105_c.jpeg"
    ],
    "ultima_modificacion": "2025-08-01 01:01:04.069234"
  },
  "ab17cfd8764140189ba0e092294b60261105c.jpeg": {
    "app_sintetizada": "AB17CFD8764140189BA0E092294B60261105C.JPEG",
    "cantidad_archivos": 1,
    "archivos_fuente": [
      "Pictures/Fototeca de Fotos.photoslibrary/resources/derivatives/A/AB17CFD8-7641-4018-9BA0-E092294B6026_1_105_c.jpeg"
    ],
    "ultima_modificacion": "2025-08-01 01:01:04.069426"
  },
  "a1932c15493b4f5d8b59bcf8028885781105c.jpeg": {
    "app_sintetizada": "A1932C15493B4F5D8B59BCF8028885781105C.JPEG",
    "cantidad_archivos": 1,
    "archivos_fuente": [
      "Pictures/Fototeca de Fotos.photoslibrary/resources/derivatives/A/A1932C15-493B-4F5D-8B59-BCF802888578_1_105_c.jpeg"
    ],
    "ultima_modificacion": "2025-08-01 01:01:04.069615"
  },
  "a356773ebb844bc8b667a7ac1a8066561105c.jpeg": {
    "app_sintetizada": "A356773EBB844BC8B667A7AC1A8066561105C.JPEG",
    "cantidad_archivos": 1,
    "archivos_fuente": [
      "Pictures/Fototeca de Fotos.photoslibrary/resources/derivatives/A/A356773E-BB84-4BC8-B667-A7AC1A806656_1_105_c.jpeg"
    ],
    "ultima_modificacion": "2025-08-01 01:01:04.069807"
  },
  "aaecc1d0d94f4a80a79f4ba88ae06b221105c.jpeg": {
    "app_sintetizada": "AAECC1D0D94F4A80A79F4BA88AE06B221105C.JPEG",
    "cantidad_archivos": 1,
    "archivos_fuente": [
      "Pictures/Fototeca de Fotos.photoslibrary/resources/derivatives/A/AAECC1D0-D94F-4A80-A79F-4BA88AE06B22_1_105_c.jpeg"
    ],
    "ultima_modificacion": "2025-08-01 01:01:04.070013"
  },
  "a98f79c091df45f2a0b3d4cd43f7774f1105c.jpeg": {
    "app_sintetizada": "A98F79C091DF45F2A0B3D4CD43F7774F1105C.JPEG",
    "cantidad_archivos": 1,
    "archivos_fuente": [
      "Pictures/Fototeca de Fotos.photoslibrary/resources/derivatives/A/A98F79C0-91DF-45F2-A0B3-D4CD43F7774F_1_105_c.jpeg"
    ],
    "ultima_modificacion": "2025-08-01 01:01:04.070289"
  },
  "a27db362c16240eead6b8783e42ea5891105c.jpeg": {
    "app_sintetizada": "A27DB362C16240EEAD6B8783E42EA5891105C.JPEG",
    "cantidad_archivos": 1,
    "archivos_fuente": [
      "Pictures/Fototeca de Fotos.photoslibrary/resources/derivatives/A/A27DB362-C162-40EE-AD6B-8783E42EA589_1_105_c.jpeg"
    ],
    "ultima_modificacion": "2025-08-01 01:01:04.070617"
  },
  "ad5ecaa014fa48f384b95b58d1d3fd6f1105c.jpeg": {
    "app_sintetizada": "AD5ECAA014FA48F384B95B58D1D3FD6F1105C.JPEG",
    "cantidad_archivos": 1,
    "archivos_fuente": [
      "Pictures/Fototeca de Fotos.photoslibrary/resources/derivatives/A/AD5ECAA0-14FA-48F3-84B9-5B58D1D3FD6F_1_105_c.jpeg"
    ],
    "ultima_modificacion": "2025-08-01 01:01:04.070874"
  },
  "ac3b5dcc674b400a908e07d2fa1a804a1105c.jpeg": {
    "app_sintetizada": "AC3B5DCC674B400A908E07D2FA1A804A1105C.JPEG",
    "cantidad_archivos": 1,
    "archivos_fuente": [
      "Pictures/Fototeca de Fotos.photoslibrary/resources/derivatives/A/AC3B5DCC-674B-400A-908E-07D2FA1A804A_1_105_c.jpeg"
    ],
    "ultima_modificacion": "2025-08-01 01:01:04.071160"
  },
  "a8c851f73f1f4787a0f1dfb31aedfc081105c.jpeg": {
    "app_sintetizada": "A8C851F73F1F4787A0F1DFB31AEDFC081105C.JPEG",
    "cantidad_archivos": 1,
    "archivos_fuente": [
      "Pictures/Fototeca de Fotos.photoslibrary/resources/derivatives/A/A8C851F7-3F1F-4787-A0F1-DFB31AEDFC08_1_105_c.jpeg"
    ],
    "ultima_modificacion": "2025-08-01 01:01:04.071438"
  },
  "a6341d3e64cf481fb5306e58163db1d31105c.jpeg": {
    "app_sintetizada": "A6341D3E64CF481FB5306E58163DB1D31105C.JPEG",
    "cantidad_archivos": 1,
    "archivos_fuente": [
      "Pictures/Fototeca de Fotos.photoslibrary/resources/derivatives/A/A6341D3E-64CF-481F-B530-6E58163DB1D3_1_105_c.jpeg"
    ],
    "ultima_modificacion": "2025-08-01 01:01:04.071688"
  },
  "a562f4a327324badb24f9745cdc17d741105c.jpeg": {
    "app_sintetizada": "A562F4A327324BADB24F9745CDC17D741105C.JPEG",
    "cantidad_archivos": 1,
    "archivos_fuente": [
      "Pictures/Fototeca de Fotos.photoslibrary/resources/derivatives/A/A562F4A3-2732-4BAD-B24F-9745CDC17D74_1_105_c.jpeg"
    ],
    "ultima_modificacion": "2025-08-01 01:01:04.071983"
  },
  "ad75e3c0a6b34fc39235d3c7167d6c441102o.jpeg": {
    "app_sintetizada": "AD75E3C0A6B34FC39235D3C7167D6C441102O.JPEG",
    "cantidad_archivos": 1,
    "archivos_fuente": [
      "Pictures/Fototeca de Fotos.photoslibrary/resources/derivatives/A/AD75E3C0-A6B3-4FC3-9235-D3C7167D6C44_1_102_o.jpeg"
    ],
    "ultima_modificacion": "2025-08-01 01:01:04.072213"
  },
  "a9a875bb863c48ecbfd897867d6941271105c.jpeg": {
    "app_sintetizada": "A9A875BB863C48ECBFD897867D6941271105C.JPEG",
    "cantidad_archivos": 1,
    "archivos_fuente": [
      "Pictures/Fototeca de Fotos.photoslibrary/resources/derivatives/A/A9A875BB-863C-48EC-BFD8-97867D694127_1_105_c.jpeg"
    ],
    "ultima_modificacion": "2025-08-01 01:01:04.072414"
  },
  "ace54f46207a4affbf1abab476ed1f341105c.jpeg": {
    "app_sintetizada": "ACE54F46207A4AFFBF1ABAB476ED1F341105C.JPEG",
    "cantidad_archivos": 1,
    "archivos_fuente": [
      "Pictures/Fototeca de Fotos.photoslibrary/resources/derivatives/A/ACE54F46-207A-4AFF-BF1A-BAB476ED1F34_1_105_c.jpeg"
    ],
    "ultima_modificacion": "2025-08-01 01:01:04.072633"
  },
  "a32d3471a22945b198b09f629b4d6da71105c.jpeg": {
    "app_sintetizada": "A32D3471A22945B198B09F629B4D6DA71105C.JPEG",
    "cantidad_archivos": 1,
    "archivos_fuente": [
      "Pictures/Fototeca de Fotos.photoslibrary/resources/derivatives/A/A32D3471-A229-45B1-98B0-9F629B4D6DA7_1_105_c.jpeg"
    ],
    "ultima_modificacion": "2025-08-01 01:01:04.072893"
  },
  "aca05876f7e44ed896398652f4e927fb.thm": {
    "app_sintetizada": "ACA05876F7E44ED896398652F4E927FB.THM",
    "cantidad_archivos": 1,
    "archivos_fuente": [
      "Pictures/Fototeca de Fotos.photoslibrary/resources/derivatives/A/ACA05876-F7E4-4ED8-9639-8652F4E927FB.THM"
    ],
    "ultima_modificacion": "2025-08-01 01:01:04.073138"
  },
  "a36d815dbf324a89898c016ae9f483551105c.jpeg": {
    "app_sintetizada": "A36D815DBF324A89898C016AE9F483551105C.JPEG",
    "cantidad_archivos": 1,
    "archivos_fuente": [
      "Pictures/Fototeca de Fotos.photoslibrary/resources/derivatives/A/A36D815D-BF32-4A89-898C-016AE9F48355_1_105_c.jpeg"
    ],
    "ultima_modificacion": "2025-08-01 01:01:04.073417"
  },
  "a608235d83d54cb6b686b0aff35ddaf61105c.jpeg": {
    "app_sintetizada": "A608235D83D54CB6B686B0AFF35DDAF61105C.JPEG",
    "cantidad_archivos": 1,
    "archivos_fuente": [
      "Pictures/Fototeca de Fotos.photoslibrary/resources/derivatives/A/A608235D-83D5-4CB6-B686-B0AFF35DDAF6_1_105_c.jpeg"
    ],
    "ultima_modificacion": "2025-08-01 01:01:04.073637"
  },
  "a000d9fb86a3480ca7d34f609733f77c1105c.jpeg": {
    "app_sintetizada": "A000D9FB86A3480CA7D34F609733F77C1105C.JPEG",
    "cantidad_archivos": 1,
    "archivos_fuente": [
      "Pictures/Fototeca de Fotos.photoslibrary/resources/derivatives/A/A000D9FB-86A3-480C-A7D3-4F609733F77C_1_105_c.jpeg"
    ],
    "ultima_modificacion": "2025-08-01 01:01:04.073873"
  },
  "a30d177a657e4bb2b0053b819e233a5a1105c.jpeg": {
    "app_sintetizada": "A30D177A657E4BB2B0053B819E233A5A1105C.JPEG",
    "cantidad_archivos": 1,
    "archivos_fuente": [
      "Pictures/Fototeca de Fotos.photoslibrary/resources/derivatives/A/A30D177A-657E-4BB2-B005-3B819E233A5A_1_105_c.jpeg"
    ],
    "ultima_modificacion": "2025-08-01 01:01:04.074110"
  },
  "a13afd0cad4546d9a152da803042ba031105c.jpeg": {
    "app_sintetizada": "A13AFD0CAD4546D9A152DA803042BA031105C.JPEG",
    "cantidad_archivos": 1,
    "archivos_fuente": [
      "Pictures/Fototeca de Fotos.photoslibrary/resources/derivatives/A/A13AFD0C-AD45-46D9-A152-DA803042BA03_1_105_c.jpeg"
    ],
    "ultima_modificacion": "2025-08-01 01:01:04.074373"
  },
  "a7d31f72eb0146a89062f02e7b5f59391105c.jpeg": {
    "app_sintetizada": "A7D31F72EB0146A89062F02E7B5F59391105C.JPEG",
    "cantidad_archivos": 1,
    "archivos_fuente": [
      "Pictures/Fototeca de Fotos.photoslibrary/resources/derivatives/A/A7D31F72-EB01-46A8-9062-F02E7B5F5939_1_105_c.jpeg"
    ],
    "ultima_modificacion": "2025-08-01 01:01:04.074597"
  },
  "a92b63ba56584c918fd05af31e9d7e391105c.jpeg": {
    "app_sintetizada": "A92B63BA56584C918FD05AF31E9D7E391105C.JPEG",
    "cantidad_archivos": 1,
    "archivos_fuente": [
      "Pictures/Fototeca de Fotos.photoslibrary/resources/derivatives/A/A92B63BA-5658-4C91-8FD0-5AF31E9D7E39_1_105_c.jpeg"
    ],
    "ultima_modificacion": "2025-08-01 01:01:04.074923"
  },
  "a0f5b6df08a24734ab44c2bb3efe62131105c.jpeg": {
    "app_sintetizada": "A0F5B6DF08A24734AB44C2BB3EFE62131105C.JPEG",
    "cantidad_archivos": 1,
    "archivos_fuente": [
      "Pictures/Fototeca de Fotos.photoslibrary/resources/derivatives/A/A0F5B6DF-08A2-4734-AB44-C2BB3EFE6213_1_105_c.jpeg"
    ],
    "ultima_modificacion": "2025-08-01 01:01:04.075136"
  },
  "a29da1bf286f4f089bc98dc5719652681105c.jpeg": {
    "app_sintetizada": "A29DA1BF286F4F089BC98DC5719652681105C.JPEG",
    "cantidad_archivos": 1,
    "archivos_fuente": [
      "Pictures/Fototeca de Fotos.photoslibrary/resources/derivatives/A/A29DA1BF-286F-4F08-9BC9-8DC571965268_1_105_c.jpeg"
    ],
    "ultima_modificacion": "2025-08-01 01:01:04.075326"
  },
  "a23a4d91ca154668959b389d96aed4a7.thm": {
    "app_sintetizada": "A23A4D91CA154668959B389D96AED4A7.THM",
    "cantidad_archivos": 1,
    "archivos_fuente": [
      "Pictures/Fototeca de Fotos.photoslibrary/resources/derivatives/A/A23A4D91-CA15-4668-959B-389D96AED4A7.THM"
    ],
    "ultima_modificacion": "2025-08-01 01:01:04.075509"
  },
  "a6025eff65344a4996684086d060ea571105c.jpeg": {
    "app_sintetizada": "A6025EFF65344A4996684086D060EA571105C.JPEG",
    "cantidad_archivos": 1,
    "archivos_fuente": [
      "Pictures/Fototeca de Fotos.photoslibrary/resources/derivatives/A/A6025EFF-6534-4A49-9668-4086D060EA57_1_105_c.jpeg"
    ],
    "ultima_modificacion": "2025-08-01 01:01:04.075690"
  },
  "ab8034e27dbb439484c1a3a062a25a941105c.jpeg": {
    "app_sintetizada": "AB8034E27DBB439484C1A3A062A25A941105C.JPEG",
    "cantidad_archivos": 1,
    "archivos_fuente": [
      "Pictures/Fototeca de Fotos.photoslibrary/resources/derivatives/A/AB8034E2-7DBB-4394-84C1-A3A062A25A94_1_105_c.jpeg"
    ],
    "ultima_modificacion": "2025-08-01 01:01:04.075886"
  },
  "a24d1c63df5646d18eb67759f4fb9b77.thm": {
    "app_sintetizada": "A24D1C63DF5646D18EB67759F4FB9B77.THM",
    "cantidad_archivos": 1,
    "archivos_fuente": [
      "Pictures/Fototeca de Fotos.photoslibrary/resources/derivatives/A/A24D1C63-DF56-46D1-8EB6-7759F4FB9B77.THM"
    ],
    "ultima_modificacion": "2025-08-01 01:01:04.076076"
  },
  "ae068bf42f214b2b9c7eb5a73fd3e4f71105c.jpeg": {
    "app_sintetizada": "AE068BF42F214B2B9C7EB5A73FD3E4F71105C.JPEG",
    "cantidad_archivos": 1,
    "archivos_fuente": [
      "Pictures/Fototeca de Fotos.photoslibrary/resources/derivatives/A/AE068BF4-2F21-4B2B-9C7E-B5A73FD3E4F7_1_105_c.jpeg"
    ],
    "ultima_modificacion": "2025-08-01 01:01:04.076255"
  },
  "af6ab2157def488bb0485a7fa5b21d9a1105c.jpeg": {
    "app_sintetizada": "AF6AB2157DEF488BB0485A7FA5B21D9A1105C.JPEG",
    "cantidad_archivos": 1,
    "archivos_fuente": [
      "Pictures/Fototeca de Fotos.photoslibrary/resources/derivatives/A/AF6AB215-7DEF-488B-B048-5A7FA5B21D9A_1_105_c.jpeg"
    ],
    "ultima_modificacion": "2025-08-01 01:01:04.076435"
  }
}