{
  "84e9c1344af147d1b8989a84ca9e52881105c.jpeg": {
    "app_sintetizada": "84E9C1344AF147D1B8989A84CA9E52881105C.JPEG",
    "cantidad_archivos": 1,
    "archivos_fuente": [
      "Pictures/Fototeca de Fotos.photoslibrary/resources/derivatives/8/84E9C134-4AF1-47D1-B898-9A84CA9E5288_1_105_c.jpeg"
    ],
    "ultima_modificacion": "2025-08-01 01:01:03.273475"
  },
  "8e341c7c56404468997d624b5e6ee17a1105c.jpeg": {
    "app_sintetizada": "8E341C7C56404468997D624B5E6EE17A1105C.JPEG",
    "cantidad_archivos": 1,
    "archivos_fuente": [
      "Pictures/Fototeca de Fotos.photoslibrary/resources/derivatives/8/8E341C7C-5640-4468-997D-624B5E6EE17A_1_105_c.jpeg"
    ],
    "ultima_modificacion": "2025-08-01 01:01:03.273676"
  },
  "8cef56c8438149a490de83d3734b47381105c.jpeg": {
    "app_sintetizada": "8CEF56C8438149A490DE83D3734B47381105C.JPEG",
    "cantidad_archivos": 1,
    "archivos_fuente": [
      "Pictures/Fototeca de Fotos.photoslibrary/resources/derivatives/8/8CEF56C8-4381-49A4-90DE-83D3734B4738_1_105_c.jpeg"
    ],
    "ultima_modificacion": "2025-08-01 01:01:03.273875"
  },
  "83c5879343284129ab1837526f2f5d501105c.jpeg": {
    "app_sintetizada": "83C5879343284129AB1837526F2F5D501105C.JPEG",
    "cantidad_archivos": 1,
    "archivos_fuente": [
      "Pictures/Fototeca de Fotos.photoslibrary/resources/derivatives/8/83C58793-4328-4129-AB18-37526F2F5D50_1_105_c.jpeg"
    ],
    "ultima_modificacion": "2025-08-01 01:01:03.274055"
  },
  "87740f223a624a3a9b9e6259f57eeb891105c.jpeg": {
    "app_sintetizada": "87740F223A624A3A9B9E6259F57EEB891105C.JPEG",
    "cantidad_archivos": 1,
    "archivos_fuente": [
      "Pictures/Fototeca de Fotos.photoslibrary/resources/derivatives/8/87740F22-3A62-4A3A-9B9E-6259F57EEB89_1_105_c.jpeg"
    ],
    "ultima_modificacion": "2025-08-01 01:01:03.274227"
  },
  "866c2b6e42184ef89fe8707c6d0064d91105c.jpeg": {
    "app_sintetizada": "866C2B6E42184EF89FE8707C6D0064D91105C.JPEG",
    "cantidad_archivos": 1,
    "archivos_fuente": [
      "Pictures/Fototeca de Fotos.photoslibrary/resources/derivatives/8/866C2B6E-4218-4EF8-9FE8-707C6D0064D9_1_105_c.jpeg"
    ],
    "ultima_modificacion": "2025-08-01 01:01:03.274401"
  },
  "816ecc49b4ba472da2282fbe86c873c61105c.jpeg": {
    "app_sintetizada": "816ECC49B4BA472DA2282FBE86C873C61105C.JPEG",
    "cantidad_archivos": 1,
    "archivos_fuente": [
      "Pictures/Fototeca de Fotos.photoslibrary/resources/derivatives/8/816ECC49-B4BA-472D-A228-2FBE86C873C6_1_105_c.jpeg"
    ],
    "ultima_modificacion": "2025-08-01 01:01:03.274633"
  },
  "8f2f2af3f01c4383bc0ea03495c6e4e91105c.jpeg": {
    "app_sintetizada": "8F2F2AF3F01C4383BC0EA03495C6E4E91105C.JPEG",
    "cantidad_archivos": 1,
    "archivos_fuente": [
      "Pictures/Fototeca de Fotos.photoslibrary/resources/derivatives/8/8F2F2AF3-F01C-4383-BC0E-A03495C6E4E9_1_105_c.jpeg"
    ],
    "ultima_modificacion": "2025-08-01 01:01:03.274903"
  },
  "805462c9bfde42a8b50ce686654fab4f1105c.jpeg": {
    "app_sintetizada": "805462C9BFDE42A8B50CE686654FAB4F1105C.JPEG",
    "cantidad_archivos": 1,
    "archivos_fuente": [
      "Pictures/Fototeca de Fotos.photoslibrary/resources/derivatives/8/805462C9-BFDE-42A8-B50C-E686654FAB4F_1_105_c.jpeg"
    ],
    "ultima_modificacion": "2025-08-01 01:01:03.275130"
  },
  "87a6966bfe3b437ca6570db2cb1a053d1105c.jpeg": {
    "app_sintetizada": "87A6966BFE3B437CA6570DB2CB1A053D1105C.JPEG",
    "cantidad_archivos": 1,
    "archivos_fuente": [
      "Pictures/Fototeca de Fotos.photoslibrary/resources/derivatives/8/87A6966B-FE3B-437C-A657-0DB2CB1A053D_1_105_c.jpeg"
    ],
    "ultima_modificacion": "2025-08-01 01:01:03.275430"
  },
  "82638b948fe648208c728408bb84bf3b1105c.jpeg": {
    "app_sintetizada": "82638B948FE648208C728408BB84BF3B1105C.JPEG",
    "cantidad_archivos": 1,
    "archivos_fuente": [
      "Pictures/Fototeca de Fotos.photoslibrary/resources/derivatives/8/82638B94-8FE6-4820-8C72-8408BB84BF3B_1_105_c.jpeg"
    ],
    "ultima_modificacion": "2025-08-01 01:01:03.275646"
  },
  "871d806513244640ab8f63410267c5f8.thm": {
    "app_sintetizada": "871D806513244640AB8F63410267C5F8.THM",
    "cantidad_archivos": 1,
    "archivos_fuente": [
      "Pictures/Fototeca de Fotos.photoslibrary/resources/derivatives/8/871D8065-1324-4640-AB8F-63410267C5F8.THM"
    ],
    "ultima_modificacion": "2025-08-01 01:01:03.275863"
  },
  "80f4ecdb7603459d847cea280024b04d1105c.jpeg": {
    "app_sintetizada": "80F4ECDB7603459D847CEA280024B04D1105C.JPEG",
    "cantidad_archivos": 1,
    "archivos_fuente": [
      "Pictures/Fototeca de Fotos.photoslibrary/resources/derivatives/8/80F4ECDB-7603-459D-847C-EA280024B04D_1_105_c.jpeg"
    ],
    "ultima_modificacion": "2025-08-01 01:01:03.276074"
  },
  "84a924acce394b92af431dd9363ce2e21105c.jpeg": {
    "app_sintetizada": "84A924ACCE394B92AF431DD9363CE2E21105C.JPEG",
    "cantidad_archivos": 1,
    "archivos_fuente": [
      "Pictures/Fototeca de Fotos.photoslibrary/resources/derivatives/8/84A924AC-CE39-4B92-AF43-1DD9363CE2E2_1_105_c.jpeg"
    ],
    "ultima_modificacion": "2025-08-01 01:01:03.276260"
  },
  "841348caca7f466692a2b910edd6471d.thm": {
    "app_sintetizada": "841348CACA7F466692A2B910EDD6471D.THM",
    "cantidad_archivos": 1,
    "archivos_fuente": [
      "Pictures/Fototeca de Fotos.photoslibrary/resources/derivatives/8/841348CA-CA7F-4666-92A2-B910EDD6471D.THM"
    ],
    "ultima_modificacion": "2025-08-01 01:01:03.276443"
  },
  "8b260a2e8bdb4d2db8e2c0feed6dbfdb1105c.jpeg": {
    "app_sintetizada": "8B260A2E8BDB4D2DB8E2C0FEED6DBFDB1105C.JPEG",
    "cantidad_archivos": 1,
    "archivos_fuente": [
      "Pictures/Fototeca de Fotos.photoslibrary/resources/derivatives/8/8B260A2E-8BDB-4D2D-B8E2-C0FEED6DBFDB_1_105_c.jpeg"
    ],
    "ultima_modificacion": "2025-08-01 01:01:03.276635"
  },
  "8be84060d21142449c9c2d3b553cdec91105c.jpeg": {
    "app_sintetizada": "8BE84060D21142449C9C2D3B553CDEC91105C.JPEG",
    "cantidad_archivos": 1,
    "archivos_fuente": [
      "Pictures/Fototeca de Fotos.photoslibrary/resources/derivatives/8/8BE84060-D211-4244-9C9C-2D3B553CDEC9_1_105_c.jpeg"
    ],
    "ultima_modificacion": "2025-08-01 01:01:03.276818"
  },
  "81484d444f904ae7acc608448432827d1105c.jpeg": {
    "app_sintetizada": "81484D444F904AE7ACC608448432827D1105C.JPEG",
    "cantidad_archivos": 1,
    "archivos_fuente": [
      "Pictures/Fototeca de Fotos.photoslibrary/resources/derivatives/8/81484D44-4F90-4AE7-ACC6-08448432827D_1_105_c.jpeg"
    ],
    "ultima_modificacion": "2025-08-01 01:01:03.277014"
  },
  "88be1ebdbe434e8f807040a772fab3ee1105c.jpeg": {
    "app_sintetizada": "88BE1EBDBE434E8F807040A772FAB3EE1105C.JPEG",
    "cantidad_archivos": 1,
    "archivos_fuente": [
      "Pictures/Fototeca de Fotos.photoslibrary/resources/derivatives/8/88BE1EBD-BE43-4E8F-8070-40A772FAB3EE_1_105_c.jpeg"
    ],
    "ultima_modificacion": "2025-08-01 01:01:03.277205"
  },
  "8f51b1670c7a4a32b46ee608e41727901105c.jpeg": {
    "app_sintetizada": "8F51B1670C7A4A32B46EE608E41727901105C.JPEG",
    "cantidad_archivos": 1,
    "archivos_fuente": [
      "Pictures/Fototeca de Fotos.photoslibrary/resources/derivatives/8/8F51B167-0C7A-4A32-B46E-E608E4172790_1_105_c.jpeg"
    ],
    "ultima_modificacion": "2025-08-01 01:01:03.277379"
  },
  "86e23a9855d54f0882fbc05484f300781105c.jpeg": {
    "app_sintetizada": "86E23A9855D54F0882FBC05484F300781105C.JPEG",
    "cantidad_archivos": 1,
    "archivos_fuente": [
      "Pictures/Fototeca de Fotos.photoslibrary/resources/derivatives/8/86E23A98-55D5-4F08-82FB-C05484F30078_1_105_c.jpeg"
    ],
    "ultima_modificacion": "2025-08-01 01:01:03.277549"
  },
  "80df8dea1d0043c380b01e7bc95574da1105c.jpeg": {
    "app_sintetizada": "80DF8DEA1D0043C380B01E7BC95574DA1105C.JPEG",
    "cantidad_archivos": 1,
    "archivos_fuente": [
      "Pictures/Fototeca de Fotos.photoslibrary/resources/derivatives/8/80DF8DEA-1D00-43C3-80B0-1E7BC95574DA_1_105_c.jpeg"
    ],
    "ultima_modificacion": "2025-08-01 01:01:03.277736"
  },
  "8adc8fc59af246b6a6772cd8d38fc5cc1105c.jpeg": {
    "app_sintetizada": "8ADC8FC59AF246B6A6772CD8D38FC5CC1105C.JPEG",
    "cantidad_archivos": 1,
    "archivos_fuente": [
      "Pictures/Fototeca de Fotos.photoslibrary/resources/derivatives/8/8ADC8FC5-9AF2-46B6-A677-2CD8D38FC5CC_1_105_c.jpeg"
    ],
    "ultima_modificacion": "2025-08-01 01:01:03.278012"
  },
  "8c194e54100d45f1b4e4bb6a852608321105c.jpeg": {
    "app_sintetizada": "8C194E54100D45F1B4E4BB6A852608321105C.JPEG",
    "cantidad_archivos": 1,
    "archivos_fuente": [
      "Pictures/Fototeca de Fotos.photoslibrary/resources/derivatives/8/8C194E54-100D-45F1-B4E4-BB6A85260832_1_105_c.jpeg"
    ],
    "ultima_modificacion": "2025-08-01 01:01:03.278239"
  },
  "8b2fce0738274f9b93828db4f68b08231105c.jpeg": {
    "app_sintetizada": "8B2FCE0738274F9B93828DB4F68B08231105C.JPEG",
    "cantidad_archivos": 1,
    "archivos_fuente": [
      "Pictures/Fototeca de Fotos.photoslibrary/resources/derivatives/8/8B2FCE07-3827-4F9B-9382-8DB4F68B0823_1_105_c.jpeg"
    ],
    "ultima_modificacion": "2025-08-01 01:01:03.278463"
  },
  "871a3b24615646fcaabd2a61d14b1e921105c.jpeg": {
    "app_sintetizada": "871A3B24615646FCAABD2A61D14B1E921105C.JPEG",
    "cantidad_archivos": 1,
    "archivos_fuente": [
      "Pictures/Fototeca de Fotos.photoslibrary/resources/derivatives/8/871A3B24-6156-46FC-AABD-2A61D14B1E92_1_105_c.jpeg"
    ],
    "ultima_modificacion": "2025-08-01 01:01:03.278699"
  },
  "8f59610f735f41d3be962c14bf0eae881105c.jpeg": {
    "app_sintetizada": "8F59610F735F41D3BE962C14BF0EAE881105C.JPEG",
    "cantidad_archivos": 1,
    "archivos_fuente": [
      "Pictures/Fototeca de Fotos.photoslibrary/resources/derivatives/8/8F59610F-735F-41D3-BE96-2C14BF0EAE88_1_105_c.jpeg"
    ],
    "ultima_modificacion": "2025-08-01 01:01:03.278929"
  },
  "8166a9275ec64f689890934ebcbf0e221105c.jpeg": {
    "app_sintetizada": "8166A9275EC64F689890934EBCBF0E221105C.JPEG",
    "cantidad_archivos": 1,
    "archivos_fuente": [
      "Pictures/Fototeca de Fotos.photoslibrary/resources/derivatives/8/8166A927-5EC6-4F68-9890-934EBCBF0E22_1_105_c.jpeg"
    ],
    "ultima_modificacion": "2025-08-01 01:01:03.279160"
  },
  "893aa34dec4d417c8499f2042f87384f1105c.jpeg": {
    "app_sintetizada": "893AA34DEC4D417C8499F2042F87384F1105C.JPEG",
    "cantidad_archivos": 1,
    "archivos_fuente": [
      "Pictures/Fototeca de Fotos.photoslibrary/resources/derivatives/8/893AA34D-EC4D-417C-8499-F2042F87384F_1_105_c.jpeg"
    ],
    "ultima_modificacion": "2025-08-01 01:01:03.279392"
  },
  "87a3398f3d204a9ab467e780a77bbf821105c.jpeg": {
    "app_sintetizada": "87A3398F3D204A9AB467E780A77BBF821105C.JPEG",
    "cantidad_archivos": 1,
    "archivos_fuente": [
      "Pictures/Fototeca de Fotos.photoslibrary/resources/derivatives/8/87A3398F-3D20-4A9A-B467-E780A77BBF82_1_105_c.jpeg"
    ],
    "ultima_modificacion": "2025-08-01 01:01:03.279689"
  },
  "865683fef04b4abc83dcdc9962e3ed671105c.jpeg": {
    "app_sintetizada": "865683FEF04B4ABC83DCDC9962E3ED671105C.JPEG",
    "cantidad_archivos": 1,
    "archivos_fuente": [
      "Pictures/Fototeca de Fotos.photoslibrary/resources/derivatives/8/865683FE-F04B-4ABC-83DC-DC9962E3ED67_1_105_c.jpeg"
    ],
    "ultima_modificacion": "2025-08-01 01:01:03.279894"
  },
  "8ac05878f0e1444faf4cbe3d05338dbe1105c.jpeg": {
    "app_sintetizada": "8AC05878F0E1444FAF4CBE3D05338DBE1105C.JPEG",
    "cantidad_archivos": 1,
    "archivos_fuente": [
      "Pictures/Fototeca de Fotos.photoslibrary/resources/derivatives/8/8AC05878-F0E1-444F-AF4C-BE3D05338DBE_1_105_c.jpeg"
    ],
    "ultima_modificacion": "2025-08-01 01:01:03.280082"
  },
  "86f46c7766bf4ffeafaca46dd47b881e1105c.jpeg": {
    "app_sintetizada": "86F46C7766BF4FFEAFACA46DD47B881E1105C.JPEG",
    "cantidad_archivos": 1,
    "archivos_fuente": [
      "Pictures/Fototeca de Fotos.photoslibrary/resources/derivatives/8/86F46C77-66BF-4FFE-AFAC-A46DD47B881E_1_105_c.jpeg"
    ],
    "ultima_modificacion": "2025-08-01 01:01:03.280280"
  },
  "844158cdfbd5443698ac2abe429d3ce71105c.jpeg": {
    "app_sintetizada": "844158CDFBD5443698AC2ABE429D3CE71105C.JPEG",
    "cantidad_archivos": 1,
    "archivos_fuente": [
      "Pictures/Fototeca de Fotos.photoslibrary/resources/derivatives/8/844158CD-FBD5-4436-98AC-2ABE429D3CE7_1_105_c.jpeg"
    ],
    "ultima_modificacion": "2025-08-01 01:01:03.280504"
  },
  "8d95d65ef86446e5beae91fbc8b4d8b31105c.jpeg": {
    "app_sintetizada": "8D95D65EF86446E5BEAE91FBC8B4D8B31105C.JPEG",
    "cantidad_archivos": 1,
    "archivos_fuente": [
      "Pictures/Fototeca de Fotos.photoslibrary/resources/derivatives/8/8D95D65E-F864-46E5-BEAE-91FBC8B4D8B3_1_105_c.jpeg"
    ],
    "ultima_modificacion": "2025-08-01 01:01:03.280713"
  },
  "8b49b6f31c7643f49764e89db2100f1e1105c.jpeg": {
    "app_sintetizada": "8B49B6F31C7643F49764E89DB2100F1E1105C.JPEG",
    "cantidad_archivos": 1,
    "archivos_fuente": [
      "Pictures/Fototeca de Fotos.photoslibrary/resources/derivatives/8/8B49B6F3-1C76-43F4-9764-E89DB2100F1E_1_105_c.jpeg"
    ],
    "ultima_modificacion": "2025-08-01 01:01:03.280918"
  },
  "821a837d0fff4aaca5c57fecac25848e1105c.jpeg": {
    "app_sintetizada": "821A837D0FFF4AACA5C57FECAC25848E1105C.JPEG",
    "cantidad_archivos": 1,
    "archivos_fuente": [
      "Pictures/Fototeca de Fotos.photoslibrary/resources/derivatives/8/821A837D-0FFF-4AAC-A5C5-7FECAC25848E_1_105_c.jpeg"
    ],
    "ultima_modificacion": "2025-08-01 01:01:03.281103"
  },
  "801e6f6990b74ef28150f29994341e7e1105c.jpeg": {
    "app_sintetizada": "801E6F6990B74EF28150F29994341E7E1105C.JPEG",
    "cantidad_archivos": 1,
    "archivos_fuente": [
      "Pictures/Fototeca de Fotos.photoslibrary/resources/derivatives/8/801E6F69-90B7-4EF2-8150-F29994341E7E_1_105_c.jpeg"
    ],
    "ultima_modificacion": "2025-08-01 01:01:03.281343"
  },
  "8426c5660286442e8e8fea139600e4c11105c.jpeg": {
    "app_sintetizada": "8426C5660286442E8E8FEA139600E4C11105C.JPEG",
    "cantidad_archivos": 1,
    "archivos_fuente": [
      "Pictures/Fototeca de Fotos.photoslibrary/resources/derivatives/8/8426C566-0286-442E-8E8F-EA139600E4C1_1_105_c.jpeg"
    ],
    "ultima_modificacion": "2025-08-01 01:01:03.281599"
  },
  "8124a68b50b947efa1e1be3934d4fc071105c.jpeg": {
    "app_sintetizada": "8124A68B50B947EFA1E1BE3934D4FC071105C.JPEG",
    "cantidad_archivos": 1,
    "archivos_fuente": [
      "Pictures/Fototeca de Fotos.photoslibrary/resources/derivatives/8/8124A68B-50B9-47EF-A1E1-BE3934D4FC07_1_105_c.jpeg"
    ],
    "ultima_modificacion": "2025-08-01 01:01:03.281881"
  },
  "8fa143e910754b37a1dac3f660b1dc4e1105c.jpeg": {
    "app_sintetizada": "8FA143E910754B37A1DAC3F660B1DC4E1105C.JPEG",
    "cantidad_archivos": 1,
    "archivos_fuente": [
      "Pictures/Fototeca de Fotos.photoslibrary/resources/derivatives/8/8FA143E9-1075-4B37-A1DA-C3F660B1DC4E_1_105_c.jpeg"
    ],
    "ultima_modificacion": "2025-08-01 01:01:03.282094"
  },
  "8d6217d960834e38a1c92fadc1119a791105c.jpeg": {
    "app_sintetizada": "8D6217D960834E38A1C92FADC1119A791105C.JPEG",
    "cantidad_archivos": 1,
    "archivos_fuente": [
      "Pictures/Fototeca de Fotos.photoslibrary/resources/derivatives/8/8D6217D9-6083-4E38-A1C9-2FADC1119A79_1_105_c.jpeg"
    ],
    "ultima_modificacion": "2025-08-01 01:01:03.282373"
  },
  "847016e3f08249cba137fa455dbbc6e61105c.jpeg": {
    "app_sintetizada": "847016E3F08249CBA137FA455DBBC6E61105C.JPEG",
    "cantidad_archivos": 1,
    "archivos_fuente": [
      "Pictures/Fototeca de Fotos.photoslibrary/resources/derivatives/8/847016E3-F082-49CB-A137-FA455DBBC6E6_1_105_c.jpeg"
    ],
    "ultima_modificacion": "2025-08-01 01:01:03.282595"
  },
  "82a4cfad356f43b78234398f7ac7d407.thm": {
    "app_sintetizada": "82A4CFAD356F43B78234398F7AC7D407.THM",
    "cantidad_archivos": 1,
    "archivos_fuente": [
      "Pictures/Fototeca de Fotos.photoslibrary/resources/derivatives/8/82A4CFAD-356F-43B7-8234-398F7AC7D407.THM"
    ],
    "ultima_modificacion": "2025-08-01 01:01:03.282794"
  },
  "84a0328a4a954e32b74cce5df0b1f4cd1100o.jpeg": {
    "app_sintetizada": "84A0328A4A954E32B74CCE5DF0B1F4CD1100O.JPEG",
    "cantidad_archivos": 1,
    "archivos_fuente": [
      "Pictures/Fototeca de Fotos.photoslibrary/resources/derivatives/8/84A0328A-4A95-4E32-B74C-CE5DF0B1F4CD_1_100_o.jpeg"
    ],
    "ultima_modificacion": "2025-08-01 01:01:03.282972"
  },
  "8e67ce165e5d4117bb445ece8d87bb231105c.jpeg": {
    "app_sintetizada": "8E67CE165E5D4117BB445ECE8D87BB231105C.JPEG",
    "cantidad_archivos": 1,
    "archivos_fuente": [
      "Pictures/Fototeca de Fotos.photoslibrary/resources/derivatives/8/8E67CE16-5E5D-4117-BB44-5ECE8D87BB23_1_105_c.jpeg"
    ],
    "ultima_modificacion": "2025-08-01 01:01:03.283150"
  },
  "8ca76251e7b34ced82fdbfb6e35f2e961105c.jpeg": {
    "app_sintetizada": "8CA76251E7B34CED82FDBFB6E35F2E961105C.JPEG",
    "cantidad_archivos": 1,
    "archivos_fuente": [
      "Pictures/Fototeca de Fotos.photoslibrary/resources/derivatives/8/8CA76251-E7B3-4CED-82FD-BFB6E35F2E96_1_105_c.jpeg"
    ],
    "ultima_modificacion": "2025-08-01 01:01:03.283337"
  },
  "88b5867fe4d540118c057a660e53c78b1105c.jpeg": {
    "app_sintetizada": "88B5867FE4D540118C057A660E53C78B1105C.JPEG",
    "cantidad_archivos": 1,
    "archivos_fuente": [
      "Pictures/Fototeca de Fotos.photoslibrary/resources/derivatives/8/88B5867F-E4D5-4011-8C05-7A660E53C78B_1_105_c.jpeg"
    ],
    "ultima_modificacion": "2025-08-01 01:01:03.283511"
  },
  "86946b795a8645c5a003697543f1190a1105c.jpeg": {
    "app_sintetizada": "86946B795A8645C5A003697543F1190A1105C.JPEG",
    "cantidad_archivos": 1,
    "archivos_fuente": [
      "Pictures/Fototeca de Fotos.photoslibrary/resources/derivatives/8/86946B79-5A86-45C5-A003-697543F1190A_1_105_c.jpeg"
    ],
    "ultima_modificacion": "2025-08-01 01:01:03.283704"
  },
  "84453bad42e44303a38096a966ca42001105c.jpeg": {
    "app_sintetizada": "84453BAD42E44303A38096A966CA42001105C.JPEG",
    "cantidad_archivos": 1,
    "archivos_fuente": [
      "Pictures/Fototeca de Fotos.photoslibrary/resources/derivatives/8/84453BAD-42E4-4303-A380-96A966CA4200_1_105_c.jpeg"
    ],
    "ultima_modificacion": "2025-08-01 01:01:03.284008"
  },
  "83a975e5ef0f40f1bc4a715ce1f3e4491105c.jpeg": {
    "app_sintetizada": "83A975E5EF0F40F1BC4A715CE1F3E4491105C.JPEG",
    "cantidad_archivos": 1,
    "archivos_fuente": [
      "Pictures/Fototeca de Fotos.photoslibrary/resources/derivatives/8/83A975E5-EF0F-40F1-BC4A-715CE1F3E449_1_105_c.jpeg"
    ],
    "ultima_modificacion": "2025-08-01 01:01:03.284220"
  },
  "8a3a2221885148ddbab5eacf56a36a7a1105c.jpeg": {
    "app_sintetizada": "8A3A2221885148DDBAB5EACF56A36A7A1105C.JPEG",
    "cantidad_archivos": 1,
    "archivos_fuente": [
      "Pictures/Fototeca de Fotos.photoslibrary/resources/derivatives/8/8A3A2221-8851-48DD-BAB5-EACF56A36A7A_1_105_c.jpeg"
    ],
    "ultima_modificacion": "2025-08-01 01:01:03.284433"
  },
  "84751ea976674ed4a33f453391a89dcd1105c.jpeg": {
    "app_sintetizada": "84751EA976674ED4A33F453391A89DCD1105C.JPEG",
    "cantidad_archivos": 1,
    "archivos_fuente": [
      "Pictures/Fototeca de Fotos.photoslibrary/resources/derivatives/8/84751EA9-7667-4ED4-A33F-453391A89DCD_1_105_c.jpeg"
    ],
    "ultima_modificacion": "2025-08-01 01:01:03.284641"
  },
  "88cef76978f2434ab83c0ff33ad7b4f8.thm": {
    "app_sintetizada": "88CEF76978F2434AB83C0FF33AD7B4F8.THM",
    "cantidad_archivos": 1,
    "archivos_fuente": [
      "Pictures/Fototeca de Fotos.photoslibrary/resources/derivatives/8/88CEF769-78F2-434A-B83C-0FF33AD7B4F8.THM"
    ],
    "ultima_modificacion": "2025-08-01 01:01:03.284881"
  },
  "895ab169cb274a3cb7b5a8828c662346.thm": {
    "app_sintetizada": "895AB169CB274A3CB7B5A8828C662346.THM",
    "cantidad_archivos": 1,
    "archivos_fuente": [
      "Pictures/Fototeca de Fotos.photoslibrary/resources/derivatives/8/895AB169-CB27-4A3C-B7B5-A8828C662346.THM"
    ],
    "ultima_modificacion": "2025-08-01 01:01:03.285082"
  },
  "81a09b0400ca46b4b1fe581bf627f7671105c.jpeg": {
    "app_sintetizada": "81A09B0400CA46B4B1FE581BF627F7671105C.JPEG",
    "cantidad_archivos": 1,
    "archivos_fuente": [
      "Pictures/Fototeca de Fotos.photoslibrary/resources/derivatives/8/81A09B04-00CA-46B4-B1FE-581BF627F767_1_105_c.jpeg"
    ],
    "ultima_modificacion": "2025-08-01 01:01:03.285365"
  },
  "8aaa9342ed674da4be6d8a76fb42c3dc1105c.jpeg": {
    "app_sintetizada": "8AAA9342ED674DA4BE6D8A76FB42C3DC1105C.JPEG",
    "cantidad_archivos": 1,
    "archivos_fuente": [
      "Pictures/Fototeca de Fotos.photoslibrary/resources/derivatives/8/8AAA9342-ED67-4DA4-BE6D-8A76FB42C3DC_1_105_c.jpeg"
    ],
    "ultima_modificacion": "2025-08-01 01:01:03.285630"
  },
  "8487e613ae4b4d64beea6696e25db8d71105c.jpeg": {
    "app_sintetizada": "8487E613AE4B4D64BEEA6696E25DB8D71105C.JPEG",
    "cantidad_archivos": 1,
    "archivos_fuente": [
      "Pictures/Fototeca de Fotos.photoslibrary/resources/derivatives/8/8487E613-AE4B-4D64-BEEA-6696E25DB8D7_1_105_c.jpeg"
    ],
    "ultima_modificacion": "2025-08-01 01:01:03.285935"
  },
  "8865e33c23d64c909f24c471d2600667.thm": {
    "app_sintetizada": "8865E33C23D64C909F24C471D2600667.THM",
    "cantidad_archivos": 1,
    "archivos_fuente": [
      "Pictures/Fototeca de Fotos.photoslibrary/resources/derivatives/8/8865E33C-23D6-4C90-9F24-C471D2600667.THM"
    ],
    "ultima_modificacion": "2025-08-01 01:01:03.286211"
  },
  "8e3cb1fabb2c40bc94429c2de54b3c0f1105c.jpeg": {
    "app_sintetizada": "8E3CB1FABB2C40BC94429C2DE54B3C0F1105C.JPEG",
    "cantidad_archivos": 1,
    "archivos_fuente": [
      "Pictures/Fototeca de Fotos.photoslibrary/resources/derivatives/8/8E3CB1FA-BB2C-40BC-9442-9C2DE54B3C0F_1_105_c.jpeg"
    ],
    "ultima_modificacion": "2025-08-01 01:01:03.286490"
  },
  "8422edbc386f45f4a0edc3601928aae6.thm": {
    "app_sintetizada": "8422EDBC386F45F4A0EDC3601928AAE6.THM",
    "cantidad_archivos": 1,
    "archivos_fuente": [
      "Pictures/Fototeca de Fotos.photoslibrary/resources/derivatives/8/8422EDBC-386F-45F4-A0ED-C3601928AAE6.THM"
    ],
    "ultima_modificacion": "2025-08-01 01:01:03.286771"
  },
  "88280bb868a24b6dae6873a9f34dc1d31105c.jpeg": {
    "app_sintetizada": "88280BB868A24B6DAE6873A9F34DC1D31105C.JPEG",
    "cantidad_archivos": 1,
    "archivos_fuente": [
      "Pictures/Fototeca de Fotos.photoslibrary/resources/derivatives/8/88280BB8-68A2-4B6D-AE68-73A9F34DC1D3_1_105_c.jpeg"
    ],
    "ultima_modificacion": "2025-08-01 01:01:03.287048"
  },
  "8e531560ae034719a65f0181a4b98486.thm": {
    "app_sintetizada": "8E531560AE034719A65F0181A4B98486.THM",
    "cantidad_archivos": 1,
    "archivos_fuente": [
      "Pictures/Fototeca de Fotos.photoslibrary/resources/derivatives/8/8E531560-AE03-4719-A65F-0181A4B98486.THM"
    ],
    "ultima_modificacion": "2025-08-01 01:01:03.287478"
  },
  "8e7d60903d5b445c9c849616162cc5c11105c.jpeg": {
    "app_sintetizada": "8E7D60903D5B445C9C849616162CC5C11105C.JPEG",
    "cantidad_archivos": 1,
    "archivos_fuente": [
      "Pictures/Fototeca de Fotos.photoslibrary/resources/derivatives/8/8E7D6090-3D5B-445C-9C84-9616162CC5C1_1_105_c.jpeg"
    ],
    "ultima_modificacion": "2025-08-01 01:01:03.287799"
  },
  "8a5f80336b6c422b8a534b29f6968e3a1105c.jpeg": {
    "app_sintetizada": "8A5F80336B6C422B8A534B29F6968E3A1105C.JPEG",
    "cantidad_archivos": 1,
    "archivos_fuente": [
      "Pictures/Fototeca de Fotos.photoslibrary/resources/derivatives/8/8A5F8033-6B6C-422B-8A53-4B29F6968E3A_1_105_c.jpeg"
    ],
    "ultima_modificacion": "2025-08-01 01:01:03.288076"
  },
  "8aa322df2fb942c09362876ef07a517d1105c.jpeg": {
    "app_sintetizada": "8AA322DF2FB942C09362876EF07A517D1105C.JPEG",
    "cantidad_archivos": 1,
    "archivos_fuente": [
      "Pictures/Fototeca de Fotos.photoslibrary/resources/derivatives/8/8AA322DF-2FB9-42C0-9362-876EF07A517D_1_105_c.jpeg"
    ],
    "ultima_modificacion": "2025-08-01 01:01:03.288358"
  },
  "83e6616181a8457d8b8f2687dac0ea211105c.jpeg": {
    "app_sintetizada": "83E6616181A8457D8B8F2687DAC0EA211105C.JPEG",
    "cantidad_archivos": 1,
    "archivos_fuente": [
      "Pictures/Fototeca de Fotos.photoslibrary/resources/derivatives/8/83E66161-81A8-457D-8B8F-2687DAC0EA21_1_105_c.jpeg"
    ],
    "ultima_modificacion": "2025-08-01 01:01:03.288724"
  },
  "8f5e4d60950347a49d2483c94fb1917e1105c.jpeg": {
    "app_sintetizada": "8F5E4D60950347A49D2483C94FB1917E1105C.JPEG",
    "cantidad_archivos": 1,
    "archivos_fuente": [
      "Pictures/Fototeca de Fotos.photoslibrary/resources/derivatives/8/8F5E4D60-9503-47A4-9D24-83C94FB1917E_1_105_c.jpeg"
    ],
    "ultima_modificacion": "2025-08-01 01:01:03.289050"
  },
  "8b846bdda7954b11bc80d9c5a52020c71105c.jpeg": {
    "app_sintetizada": "8B846BDDA7954B11BC80D9C5A52020C71105C.JPEG",
    "cantidad_archivos": 1,
    "archivos_fuente": [
      "Pictures/Fototeca de Fotos.photoslibrary/resources/derivatives/8/8B846BDD-A795-4B11-BC80-D9C5A52020C7_1_105_c.jpeg"
    ],
    "ultima_modificacion": "2025-08-01 01:01:03.289368"
  },
  "8860ad27725c49a48a04574a84ab617c1105c.jpeg": {
    "app_sintetizada": "8860AD27725C49A48A04574A84AB617C1105C.JPEG",
    "cantidad_archivos": 1,
    "archivos_fuente": [
      "Pictures/Fototeca de Fotos.photoslibrary/resources/derivatives/8/8860AD27-725C-49A4-8A04-574A84AB617C_1_105_c.jpeg"
    ],
    "ultima_modificacion": "2025-08-01 01:01:03.289721"
  },
  "8977adf89d9747a68b01d7c077fcd7641105c.jpeg": {
    "app_sintetizada": "8977ADF89D9747A68B01D7C077FCD7641105C.JPEG",
    "cantidad_archivos": 1,
    "archivos_fuente": [
      "Pictures/Fototeca de Fotos.photoslibrary/resources/derivatives/8/8977ADF8-9D97-47A6-8B01-D7C077FCD764_1_105_c.jpeg"
    ],
    "ultima_modificacion": "2025-08-01 01:01:03.290018"
  },
  "85db5826a3844e0da06b0c676a868bc81105c.jpeg": {
    "app_sintetizada": "85DB5826A3844E0DA06B0C676A868BC81105C.JPEG",
    "cantidad_archivos": 1,
    "archivos_fuente": [
      "Pictures/Fototeca de Fotos.photoslibrary/resources/derivatives/8/85DB5826-A384-4E0D-A06B-0C676A868BC8_1_105_c.jpeg"
    ],
    "ultima_modificacion": "2025-08-01 01:01:03.290307"
  },
  "8f75993899854ffaa8323db5697b1b441105c.jpeg": {
    "app_sintetizada": "8F75993899854FFAA8323DB5697B1B441105C.JPEG",
    "cantidad_archivos": 1,
    "archivos_fuente": [
      "Pictures/Fototeca de Fotos.photoslibrary/resources/derivatives/8/8F759938-9985-4FFA-A832-3DB5697B1B44_1_105_c.jpeg"
    ],
    "ultima_modificacion": "2025-08-01 01:01:03.290598"
  },
  "8d062ba4c64e422da824474ae242391e1105c.jpeg": {
    "app_sintetizada": "8D062BA4C64E422DA824474AE242391E1105C.JPEG",
    "cantidad_archivos": 1,
    "archivos_fuente": [
      "Pictures/Fototeca de Fotos.photoslibrary/resources/derivatives/8/8D062BA4-C64E-422D-A824-474AE242391E_1_105_c.jpeg"
    ],
    "ultima_modificacion": "2025-08-01 01:01:03.290912"
  },
  "8e692763dbd34717b1dfcab9114ff01d1105c.jpeg": {
    "app_sintetizada": "8E692763DBD34717B1DFCAB9114FF01D1105C.JPEG",
    "cantidad_archivos": 1,
    "archivos_fuente": [
      "Pictures/Fototeca de Fotos.photoslibrary/resources/derivatives/8/8E692763-DBD3-4717-B1DF-CAB9114FF01D_1_105_c.jpeg"
    ],
    "ultima_modificacion": "2025-08-01 01:01:03.291276"
  },
  "8b0c2eaaa91d4cac83028428da5c4f001105c.jpeg": {
    "app_sintetizada": "8B0C2EAAA91D4CAC83028428DA5C4F001105C.JPEG",
    "cantidad_archivos": 1,
    "archivos_fuente": [
      "Pictures/Fototeca de Fotos.photoslibrary/resources/derivatives/8/8B0C2EAA-A91D-4CAC-8302-8428DA5C4F00_1_105_c.jpeg"
    ],
    "ultima_modificacion": "2025-08-01 01:01:03.291598"
  },
  "86c2381fdd6b4faea08868cbd4ec0dd91105c.jpeg": {
    "app_sintetizada": "86C2381FDD6B4FAEA08868CBD4EC0DD91105C.JPEG",
    "cantidad_archivos": 1,
    "archivos_fuente": [
      "Pictures/Fototeca de Fotos.photoslibrary/resources/derivatives/8/86C2381F-DD6B-4FAE-A088-68CBD4EC0DD9_1_105_c.jpeg"
    ],
    "ultima_modificacion": "2025-08-01 01:01:03.291895"
  },
  "89b95342800a4cc4999c8b031f4ce1871105c.jpeg": {
    "app_sintetizada": "89B95342800A4CC4999C8B031F4CE1871105C.JPEG",
    "cantidad_archivos": 1,
    "archivos_fuente": [
      "Pictures/Fototeca de Fotos.photoslibrary/resources/derivatives/8/89B95342-800A-4CC4-999C-8B031F4CE187_1_105_c.jpeg"
    ],
    "ultima_modificacion": "2025-08-01 01:01:03.292193"
  },
  "80dfc607a2d449f7abf459ae3ad279611105c.jpeg": {
    "app_sintetizada": "80DFC607A2D449F7ABF459AE3AD279611105C.JPEG",
    "cantidad_archivos": 1,
    "archivos_fuente": [
      "Pictures/Fototeca de Fotos.photoslibrary/resources/derivatives/8/80DFC607-A2D4-49F7-ABF4-59AE3AD27961_1_105_c.jpeg"
    ],
    "ultima_modificacion": "2025-08-01 01:01:03.292492"
  },
  "81d5c8c849a54944b2e22a013d1c6cf61105c.jpeg": {
    "app_sintetizada": "81D5C8C849A54944B2E22A013D1C6CF61105C.JPEG",
    "cantidad_archivos": 1,
    "archivos_fuente": [
      "Pictures/Fototeca de Fotos.photoslibrary/resources/derivatives/8/81D5C8C8-49A5-4944-B2E2-2A013D1C6CF6_1_105_c.jpeg"
    ],
    "ultima_modificacion": "2025-08-01 01:01:03.292802"
  },
  "897356c8c9da49cfa2a0e22d0e568ed81105c.jpeg": {
    "app_sintetizada": "897356C8C9DA49CFA2A0E22D0E568ED81105C.JPEG",
    "cantidad_archivos": 1,
    "archivos_fuente": [
      "Pictures/Fototeca de Fotos.photoslibrary/resources/derivatives/8/897356C8-C9DA-49CF-A2A0-E22D0E568ED8_1_105_c.jpeg"
    ],
    "ultima_modificacion": "2025-08-01 01:01:03.293098"
  },
  "8762b9bcbfdd42a8a02bf2e53c0ab3461105c.jpeg": {
    "app_sintetizada": "8762B9BCBFDD42A8A02BF2E53C0AB3461105C.JPEG",
    "cantidad_archivos": 1,
    "archivos_fuente": [
      "Pictures/Fototeca de Fotos.photoslibrary/resources/derivatives/8/8762B9BC-BFDD-42A8-A02B-F2E53C0AB346_1_105_c.jpeg"
    ],
    "ultima_modificacion": "2025-08-01 01:01:03.293433"
  },
  "81f284d810ef40d2b3a6d6bc2e36b7d01105c.jpeg": {
    "app_sintetizada": "81F284D810EF40D2B3A6D6BC2E36B7D01105C.JPEG",
    "cantidad_archivos": 1,
    "archivos_fuente": [
      "Pictures/Fototeca de Fotos.photoslibrary/resources/derivatives/8/81F284D8-10EF-40D2-B3A6-D6BC2E36B7D0_1_105_c.jpeg"
    ],
    "ultima_modificacion": "2025-08-01 01:01:03.293794"
  },
  "8f3cb52051f047efbd3dd5a37442d5261105c.jpeg": {
    "app_sintetizada": "8F3CB52051F047EFBD3DD5A37442D5261105C.JPEG",
    "cantidad_archivos": 1,
    "archivos_fuente": [
      "Pictures/Fototeca de Fotos.photoslibrary/resources/derivatives/8/8F3CB520-51F0-47EF-BD3D-D5A37442D526_1_105_c.jpeg"
    ],
    "ultima_modificacion": "2025-08-01 01:01:03.294153"
  },
  "8e98ea85aac64c759b66b019e799bbfd1105c.jpeg": {
    "app_sintetizada": "8E98EA85AAC64C759B66B019E799BBFD1105C.JPEG",
    "cantidad_archivos": 1,
    "archivos_fuente": [
      "Pictures/Fototeca de Fotos.photoslibrary/resources/derivatives/8/8E98EA85-AAC6-4C75-9B66-B019E799BBFD_1_105_c.jpeg"
    ],
    "ultima_modificacion": "2025-08-01 01:01:03.294671"
  },
  "8257f901c0bc4798ae715378632474311105c.jpeg": {
    "app_sintetizada": "8257F901C0BC4798AE715378632474311105C.JPEG",
    "cantidad_archivos": 1,
    "archivos_fuente": [
      "Pictures/Fototeca de Fotos.photoslibrary/resources/derivatives/8/8257F901-C0BC-4798-AE71-537863247431_1_105_c.jpeg"
    ],
    "ultima_modificacion": "2025-08-01 01:01:03.295046"
  },
  "8b92c1d55e8a4674a9a5aecfdb1972611105c.jpeg": {
    "app_sintetizada": "8B92C1D55E8A4674A9A5AECFDB1972611105C.JPEG",
    "cantidad_archivos": 1,
    "archivos_fuente": [
      "Pictures/Fototeca de Fotos.photoslibrary/resources/derivatives/8/8B92C1D5-5E8A-4674-A9A5-AECFDB197261_1_105_c.jpeg"
    ],
    "ultima_modificacion": "2025-08-01 01:01:03.295378"
  },
  "8041fa9066c74177a7e784301fac63141105c.jpeg": {
    "app_sintetizada": "8041FA9066C74177A7E784301FAC63141105C.JPEG",
    "cantidad_archivos": 1,
    "archivos_fuente": [
      "Pictures/Fototeca de Fotos.photoslibrary/resources/derivatives/8/8041FA90-66C7-4177-A7E7-84301FAC6314_1_105_c.jpeg"
    ],
    "ultima_modificacion": "2025-08-01 01:01:03.295671"
  },
  "875b43c29e8849fe80b61e81b5ed6bfa1105c.jpeg": {
    "app_sintetizada": "875B43C29E8849FE80B61E81B5ED6BFA1105C.JPEG",
    "cantidad_archivos": 1,
    "archivos_fuente": [
      "Pictures/Fototeca de Fotos.photoslibrary/resources/derivatives/8/875B43C2-9E88-49FE-80B6-1E81B5ED6BFA_1_105_c.jpeg"
    ],
    "ultima_modificacion": "2025-08-01 01:01:03.295981"
  },
  "8bfc01ea4cea4a0ca897afbd30598346.thm": {
    "app_sintetizada": "8BFC01EA4CEA4A0CA897AFBD30598346.THM",
    "cantidad_archivos": 1,
    "archivos_fuente": [
      "Pictures/Fototeca de Fotos.photoslibrary/resources/derivatives/8/8BFC01EA-4CEA-4A0C-A897-AFBD30598346.THM"
    ],
    "ultima_modificacion": "2025-08-01 01:01:03.296274"
  },
  "8b4f6959b35840628231440f50561c241105c.jpeg": {
    "app_sintetizada": "8B4F6959B35840628231440F50561C241105C.JPEG",
    "cantidad_archivos": 1,
    "archivos_fuente": [
      "Pictures/Fototeca de Fotos.photoslibrary/resources/derivatives/8/8B4F6959-B358-4062-8231-440F50561C24_1_105_c.jpeg"
    ],
    "ultima_modificacion": "2025-08-01 01:01:03.296555"
  },
  "8acfc88e8d904b65ba283f0c2569ed4e1105c.jpeg": {
    "app_sintetizada": "8ACFC88E8D904B65BA283F0C2569ED4E1105C.JPEG",
    "cantidad_archivos": 1,
    "archivos_fuente": [
      "Pictures/Fototeca de Fotos.photoslibrary/resources/derivatives/8/8ACFC88E-8D90-4B65-BA28-3F0C2569ED4E_1_105_c.jpeg"
    ],
    "ultima_modificacion": "2025-08-01 01:01:03.296830"
  },
  "8e572f2ebeba45ce87b4c39b226c28801105c.jpeg": {
    "app_sintetizada": "8E572F2EBEBA45CE87B4C39B226C28801105C.JPEG",
    "cantidad_archivos": 1,
    "archivos_fuente": [
      "Pictures/Fototeca de Fotos.photoslibrary/resources/derivatives/8/8E572F2E-BEBA-45CE-87B4-C39B226C2880_1_105_c.jpeg"
    ],
    "ultima_modificacion": "2025-08-01 01:01:03.297108"
  },
  "843256a0758f4ffdb2b520f05cf48b171105c.jpeg": {
    "app_sintetizada": "843256A0758F4FFDB2B520F05CF48B171105C.JPEG",
    "cantidad_archivos": 1,
    "archivos_fuente": [
      "Pictures/Fototeca de Fotos.photoslibrary/resources/derivatives/8/843256A0-758F-4FFD-B2B5-20F05CF48B17_1_105_c.jpeg"
    ],
    "ultima_modificacion": "2025-08-01 01:01:03.297384"
  },
  "824b7f77994743ea9654b8f4048b806b1105c.jpeg": {
    "app_sintetizada": "824B7F77994743EA9654B8F4048B806B1105C.JPEG",
    "cantidad_archivos": 1,
    "archivos_fuente": [
      "Pictures/Fototeca de Fotos.photoslibrary/resources/derivatives/8/824B7F77-9947-43EA-9654-B8F4048B806B_1_105_c.jpeg"
    ],
    "ultima_modificacion": "2025-08-01 01:01:03.297674"
  },
  "86080892740f44c3851d4b2be2dc30251105c.jpeg": {
    "app_sintetizada": "86080892740F44C3851D4B2BE2DC30251105C.JPEG",
    "cantidad_archivos": 1,
    "archivos_fuente": [
      "Pictures/Fototeca de Fotos.photoslibrary/resources/derivatives/8/86080892-740F-44C3-851D-4B2BE2DC3025_1_105_c.jpeg"
    ],
    "ultima_modificacion": "2025-08-01 01:01:03.297897"
  },
  "86328c71789d49f2a6a424cfeee2e3291105c.jpeg": {
    "app_sintetizada": "86328C71789D49F2A6A424CFEEE2E3291105C.JPEG",
    "cantidad_archivos": 1,
    "archivos_fuente": [
      "Pictures/Fototeca de Fotos.photoslibrary/resources/derivatives/8/86328C71-789D-49F2-A6A4-24CFEEE2E329_1_105_c.jpeg"
    ],
    "ultima_modificacion": "2025-08-01 01:01:03.298103"
  },
  "81081356124943cfb1b45086afb3e08c1105c.jpeg": {
    "app_sintetizada": "81081356124943CFB1B45086AFB3E08C1105C.JPEG",
    "cantidad_archivos": 1,
    "archivos_fuente": [
      "Pictures/Fototeca de Fotos.photoslibrary/resources/derivatives/8/81081356-1249-43CF-B1B4-5086AFB3E08C_1_105_c.jpeg"
    ],
    "ultima_modificacion": "2025-08-01 01:01:03.298363"
  },
  "8f802bdd8fa3415a82417d7b995781ee1105c.jpeg": {
    "app_sintetizada": "8F802BDD8FA3415A82417D7B995781EE1105C.JPEG",
    "cantidad_archivos": 1,
    "archivos_fuente": [
      "Pictures/Fototeca de Fotos.photoslibrary/resources/derivatives/8/8F802BDD-8FA3-415A-8241-7D7B995781EE_1_105_c.jpeg"
    ],
    "ultima_modificacion": "2025-08-01 01:01:03.298634"
  },
  "86782e6424eb4d2f8d401c6eaed45d511105c.jpeg": {
    "app_sintetizada": "86782E6424EB4D2F8D401C6EAED45D511105C.JPEG",
    "cantidad_archivos": 1,
    "archivos_fuente": [
      "Pictures/Fototeca de Fotos.photoslibrary/resources/derivatives/8/86782E64-24EB-4D2F-8D40-1C6EAED45D51_1_105_c.jpeg"
    ],
    "ultima_modificacion": "2025-08-01 01:01:03.298913"
  }
}