{
  "8d8c8d1ddb4f4ac6a8d7764b8fd878dc1105c.jpeg": {
    "app_sintetizada": "8D8C8D1DDB4F4AC6A8D7764B8FD878DC1105C.JPEG",
    "cantidad_archivos": 1,
    "archivos_fuente": [
      "Pictures/Fototeca de Fotos.photoslibrary/resources/derivatives/8/8D8C8D1D-DB4F-4AC6-A8D7-764B8FD878DC_1_105_c.jpeg"
    ],
    "ultima_modificacion": "2025-08-01 01:01:03.220376"
  },
  "8a7b7da6ac574392bba4713d6e6ecba51105c.jpeg": {
    "app_sintetizada": "8A7B7DA6AC574392BBA4713D6E6ECBA51105C.JPEG",
    "cantidad_archivos": 1,
    "archivos_fuente": [
      "Pictures/Fototeca de Fotos.photoslibrary/resources/derivatives/8/8A7B7DA6-AC57-4392-BBA4-713D6E6ECBA5_1_105_c.jpeg"
    ],
    "ultima_modificacion": "2025-08-01 01:01:03.220591"
  },
  "815e359aca134581a448f90fe41b61461105c.jpeg": {
    "app_sintetizada": "815E359ACA134581A448F90FE41B61461105C.JPEG",
    "cantidad_archivos": 1,
    "archivos_fuente": [
      "Pictures/Fototeca de Fotos.photoslibrary/resources/derivatives/8/815E359A-CA13-4581-A448-F90FE41B6146_1_105_c.jpeg"
    ],
    "ultima_modificacion": "2025-08-01 01:01:03.220804"
  },
  "850712ad817a4e5ebf3fbf50ea68f3881105c.jpeg": {
    "app_sintetizada": "850712AD817A4E5EBF3FBF50EA68F3881105C.JPEG",
    "cantidad_archivos": 1,
    "archivos_fuente": [
      "Pictures/Fototeca de Fotos.photoslibrary/resources/derivatives/8/850712AD-817A-4E5E-BF3F-BF50EA68F388_1_105_c.jpeg"
    ],
    "ultima_modificacion": "2025-08-01 01:01:03.220991"
  },
  "87d7f2a59d7249c8977527c6a6bec7e41105c.jpeg": {
    "app_sintetizada": "87D7F2A59D7249C8977527C6A6BEC7E41105C.JPEG",
    "cantidad_archivos": 1,
    "archivos_fuente": [
      "Pictures/Fototeca de Fotos.photoslibrary/resources/derivatives/8/87D7F2A5-9D72-49C8-9775-27C6A6BEC7E4_1_105_c.jpeg"
    ],
    "ultima_modificacion": "2025-08-01 01:01:03.221178"
  },
  "8ae3aa2ead0d448aaf604d384dda608d1105c.jpeg": {
    "app_sintetizada": "8AE3AA2EAD0D448AAF604D384DDA608D1105C.JPEG",
    "cantidad_archivos": 1,
    "archivos_fuente": [
      "Pictures/Fototeca de Fotos.photoslibrary/resources/derivatives/8/8AE3AA2E-AD0D-448A-AF60-4D384DDA608D_1_105_c.jpeg"
    ],
    "ultima_modificacion": "2025-08-01 01:01:03.221362"
  },
  "81ea570376fd462fb5c1dd3dd3bdfe5a1105c.jpeg": {
    "app_sintetizada": "81EA570376FD462FB5C1DD3DD3BDFE5A1105C.JPEG",
    "cantidad_archivos": 1,
    "archivos_fuente": [
      "Pictures/Fototeca de Fotos.photoslibrary/resources/derivatives/8/81EA5703-76FD-462F-B5C1-DD3DD3BDFE5A_1_105_c.jpeg"
    ],
    "ultima_modificacion": "2025-08-01 01:01:03.221542"
  },
  "87f4cc3c422345dfbb191162af172e961105c.jpeg": {
    "app_sintetizada": "87F4CC3C422345DFBB191162AF172E961105C.JPEG",
    "cantidad_archivos": 1,
    "archivos_fuente": [
      "Pictures/Fototeca de Fotos.photoslibrary/resources/derivatives/8/87F4CC3C-4223-45DF-BB19-1162AF172E96_1_105_c.jpeg"
    ],
    "ultima_modificacion": "2025-08-01 01:01:03.221720"
  },
  "880a0bcda6194eebac3d9df3bbfa6279.thm": {
    "app_sintetizada": "880A0BCDA6194EEBAC3D9DF3BBFA6279.THM",
    "cantidad_archivos": 1,
    "archivos_fuente": [
      "Pictures/Fototeca de Fotos.photoslibrary/resources/derivatives/8/880A0BCD-A619-4EEB-AC3D-9DF3BBFA6279.THM"
    ],
    "ultima_modificacion": "2025-08-01 01:01:03.221899"
  },
  "808ba8d89f3945008b92f40e0359669e1105c.jpeg": {
    "app_sintetizada": "808BA8D89F3945008B92F40E0359669E1105C.JPEG",
    "cantidad_archivos": 1,
    "archivos_fuente": [
      "Pictures/Fototeca de Fotos.photoslibrary/resources/derivatives/8/808BA8D8-9F39-4500-8B92-F40E0359669E_1_105_c.jpeg"
    ],
    "ultima_modificacion": "2025-08-01 01:01:03.222143"
  },
  "86d8d608571f4039a22151f29d2017ac1105c.jpeg": {
    "app_sintetizada": "86D8D608571F4039A22151F29D2017AC1105C.JPEG",
    "cantidad_archivos": 1,
    "archivos_fuente": [
      "Pictures/Fototeca de Fotos.photoslibrary/resources/derivatives/8/86D8D608-571F-4039-A221-51F29D2017AC_1_105_c.jpeg"
    ],
    "ultima_modificacion": "2025-08-01 01:01:03.222429"
  },
  "800e4e8f2baa4c968a081bfe04b8dcb91105c.jpeg": {
    "app_sintetizada": "800E4E8F2BAA4C968A081BFE04B8DCB91105C.JPEG",
    "cantidad_archivos": 1,
    "archivos_fuente": [
      "Pictures/Fototeca de Fotos.photoslibrary/resources/derivatives/8/800E4E8F-2BAA-4C96-8A08-1BFE04B8DCB9_1_105_c.jpeg"
    ],
    "ultima_modificacion": "2025-08-01 01:01:03.222761"
  },
  "80526a722d714a628fa49c5279184a731105c.jpeg": {
    "app_sintetizada": "80526A722D714A628FA49C5279184A731105C.JPEG",
    "cantidad_archivos": 1,
    "archivos_fuente": [
      "Pictures/Fototeca de Fotos.photoslibrary/resources/derivatives/8/80526A72-2D71-4A62-8FA4-9C5279184A73_1_105_c.jpeg"
    ],
    "ultima_modificacion": "2025-08-01 01:01:03.223071"
  },
  "8ea545f49e2c48268a7315581a4e89861105c.jpeg": {
    "app_sintetizada": "8EA545F49E2C48268A7315581A4E89861105C.JPEG",
    "cantidad_archivos": 1,
    "archivos_fuente": [
      "Pictures/Fototeca de Fotos.photoslibrary/resources/derivatives/8/8EA545F4-9E2C-4826-8A73-15581A4E8986_1_105_c.jpeg"
    ],
    "ultima_modificacion": "2025-08-01 01:01:03.223399"
  },
  "820289e013b04fb08d71efd4b9a404b9.thm": {
    "app_sintetizada": "820289E013B04FB08D71EFD4B9A404B9.THM",
    "cantidad_archivos": 1,
    "archivos_fuente": [
      "Pictures/Fototeca de Fotos.photoslibrary/resources/derivatives/8/820289E0-13B0-4FB0-8D71-EFD4B9A404B9.THM"
    ],
    "ultima_modificacion": "2025-08-01 01:01:03.223696"
  },
  "81fb52b73f5040dab633458e4fc86c301105c.jpeg": {
    "app_sintetizada": "81FB52B73F5040DAB633458E4FC86C301105C.JPEG",
    "cantidad_archivos": 1,
    "archivos_fuente": [
      "Pictures/Fototeca de Fotos.photoslibrary/resources/derivatives/8/81FB52B7-3F50-40DA-B633-458E4FC86C30_1_105_c.jpeg"
    ],
    "ultima_modificacion": "2025-08-01 01:01:03.223993"
  },
  "8b899c114018464c9eda40291defcece1105c.jpeg": {
    "app_sintetizada": "8B899C114018464C9EDA40291DEFCECE1105C.JPEG",
    "cantidad_archivos": 1,
    "archivos_fuente": [
      "Pictures/Fototeca de Fotos.photoslibrary/resources/derivatives/8/8B899C11-4018-464C-9EDA-40291DEFCECE_1_105_c.jpeg"
    ],
    "ultima_modificacion": "2025-08-01 01:01:03.224300"
  },
  "841ef279f28a4fb5998abecf0c93d4911105c.jpeg": {
    "app_sintetizada": "841EF279F28A4FB5998ABECF0C93D4911105C.JPEG",
    "cantidad_archivos": 1,
    "archivos_fuente": [
      "Pictures/Fototeca de Fotos.photoslibrary/resources/derivatives/8/841EF279-F28A-4FB5-998A-BECF0C93D491_1_105_c.jpeg"
    ],
    "ultima_modificacion": "2025-08-01 01:01:03.224576"
  },
  "80ea6e2b74924419a96b88d5fbf4bbdc1105c.jpeg": {
    "app_sintetizada": "80EA6E2B74924419A96B88D5FBF4BBDC1105C.JPEG",
    "cantidad_archivos": 1,
    "archivos_fuente": [
      "Pictures/Fototeca de Fotos.photoslibrary/resources/derivatives/8/80EA6E2B-7492-4419-A96B-88D5FBF4BBDC_1_105_c.jpeg"
    ],
    "ultima_modificacion": "2025-08-01 01:01:03.224826"
  },
  "85ca747b59944adbab90394ee809d9bc1105c.jpeg": {
    "app_sintetizada": "85CA747B59944ADBAB90394EE809D9BC1105C.JPEG",
    "cantidad_archivos": 1,
    "archivos_fuente": [
      "Pictures/Fototeca de Fotos.photoslibrary/resources/derivatives/8/85CA747B-5994-4ADB-AB90-394EE809D9BC_1_105_c.jpeg"
    ],
    "ultima_modificacion": "2025-08-01 01:01:03.225105"
  },
  "8969b4211ba04a39b83fb1f7ea5c1b591105c.jpeg": {
    "app_sintetizada": "8969B4211BA04A39B83FB1F7EA5C1B591105C.JPEG",
    "cantidad_archivos": 1,
    "archivos_fuente": [
      "Pictures/Fototeca de Fotos.photoslibrary/resources/derivatives/8/8969B421-1BA0-4A39-B83F-B1F7EA5C1B59_1_105_c.jpeg"
    ],
    "ultima_modificacion": "2025-08-01 01:01:03.225416"
  },
  "8032a11940b845db81a0ab6b1b9f06c9.thm": {
    "app_sintetizada": "8032A11940B845DB81A0AB6B1B9F06C9.THM",
    "cantidad_archivos": 1,
    "archivos_fuente": [
      "Pictures/Fototeca de Fotos.photoslibrary/resources/derivatives/8/8032A119-40B8-45DB-81A0-AB6B1B9F06C9.THM"
    ],
    "ultima_modificacion": "2025-08-01 01:01:03.225678"
  },
  "866936c0e28d490e876ee0e154c675411105c.jpeg": {
    "app_sintetizada": "866936C0E28D490E876EE0E154C675411105C.JPEG",
    "cantidad_archivos": 1,
    "archivos_fuente": [
      "Pictures/Fototeca de Fotos.photoslibrary/resources/derivatives/8/866936C0-E28D-490E-876E-E0E154C67541_1_105_c.jpeg"
    ],
    "ultima_modificacion": "2025-08-01 01:01:03.225905"
  },
  "86076d2a67b844dda0075c2f7ab35ccd1105c.jpeg": {
    "app_sintetizada": "86076D2A67B844DDA0075C2F7AB35CCD1105C.JPEG",
    "cantidad_archivos": 1,
    "archivos_fuente": [
      "Pictures/Fototeca de Fotos.photoslibrary/resources/derivatives/8/86076D2A-67B8-44DD-A007-5C2F7AB35CCD_1_105_c.jpeg"
    ],
    "ultima_modificacion": "2025-08-01 01:01:03.226122"
  },
  "84c63af352e143d59457196786b6dc6c1105c.jpeg": {
    "app_sintetizada": "84C63AF352E143D59457196786B6DC6C1105C.JPEG",
    "cantidad_archivos": 1,
    "archivos_fuente": [
      "Pictures/Fototeca de Fotos.photoslibrary/resources/derivatives/8/84C63AF3-52E1-43D5-9457-196786B6DC6C_1_105_c.jpeg"
    ],
    "ultima_modificacion": "2025-08-01 01:01:03.226306"
  },
  "8d1ec4380a714631a1605819421060f31105c.jpeg": {
    "app_sintetizada": "8D1EC4380A714631A1605819421060F31105C.JPEG",
    "cantidad_archivos": 1,
    "archivos_fuente": [
      "Pictures/Fototeca de Fotos.photoslibrary/resources/derivatives/8/8D1EC438-0A71-4631-A160-5819421060F3_1_105_c.jpeg"
    ],
    "ultima_modificacion": "2025-08-01 01:01:03.226494"
  },
  "8942380cfcea4186bd28713679edae4b1105c.jpeg": {
    "app_sintetizada": "8942380CFCEA4186BD28713679EDAE4B1105C.JPEG",
    "cantidad_archivos": 1,
    "archivos_fuente": [
      "Pictures/Fototeca de Fotos.photoslibrary/resources/derivatives/8/8942380C-FCEA-4186-BD28-713679EDAE4B_1_105_c.jpeg"
    ],
    "ultima_modificacion": "2025-08-01 01:01:03.226672"
  },
  "8f5e980b8f78469c87259a4171a61f931105c.jpeg": {
    "app_sintetizada": "8F5E980B8F78469C87259A4171A61F931105C.JPEG",
    "cantidad_archivos": 1,
    "archivos_fuente": [
      "Pictures/Fototeca de Fotos.photoslibrary/resources/derivatives/8/8F5E980B-8F78-469C-8725-9A4171A61F93_1_105_c.jpeg"
    ],
    "ultima_modificacion": "2025-08-01 01:01:03.226861"
  },
  "82e4e7415c334a98bc0146961a743d291105c.jpeg": {
    "app_sintetizada": "82E4E7415C334A98BC0146961A743D291105C.JPEG",
    "cantidad_archivos": 1,
    "archivos_fuente": [
      "Pictures/Fototeca de Fotos.photoslibrary/resources/derivatives/8/82E4E741-5C33-4A98-BC01-46961A743D29_1_105_c.jpeg"
    ],
    "ultima_modificacion": "2025-08-01 01:01:03.227041"
  },
  "8a4ad48851854b57a109585df44262e01105c.jpeg": {
    "app_sintetizada": "8A4AD48851854B57A109585DF44262E01105C.JPEG",
    "cantidad_archivos": 1,
    "archivos_fuente": [
      "Pictures/Fototeca de Fotos.photoslibrary/resources/derivatives/8/8A4AD488-5185-4B57-A109-585DF44262E0_1_105_c.jpeg"
    ],
    "ultima_modificacion": "2025-08-01 01:01:03.227225"
  },
  "872f6811f9b4477eab2aaec8df7d7292.thm": {
    "app_sintetizada": "872F6811F9B4477EAB2AAEC8DF7D7292.THM",
    "cantidad_archivos": 1,
    "archivos_fuente": [
      "Pictures/Fototeca de Fotos.photoslibrary/resources/derivatives/8/872F6811-F9B4-477E-AB2A-AEC8DF7D7292.THM"
    ],
    "ultima_modificacion": "2025-08-01 01:01:03.227400"
  },
  "8d28a762b2a04f95bf1b17d99dfffc981105c.jpeg": {
    "app_sintetizada": "8D28A762B2A04F95BF1B17D99DFFFC981105C.JPEG",
    "cantidad_archivos": 1,
    "archivos_fuente": [
      "Pictures/Fototeca de Fotos.photoslibrary/resources/derivatives/8/8D28A762-B2A0-4F95-BF1B-17D99DFFFC98_1_105_c.jpeg"
    ],
    "ultima_modificacion": "2025-08-01 01:01:03.227572"
  },
  "8c3ee15d0680474fa1396ba170ee8ddf1105c.jpeg": {
    "app_sintetizada": "8C3EE15D0680474FA1396BA170EE8DDF1105C.JPEG",
    "cantidad_archivos": 1,
    "archivos_fuente": [
      "Pictures/Fototeca de Fotos.photoslibrary/resources/derivatives/8/8C3EE15D-0680-474F-A139-6BA170EE8DDF_1_105_c.jpeg"
    ],
    "ultima_modificacion": "2025-08-01 01:01:03.227753"
  },
  "8e0f39dd6b18451b879102f52ed17aeb1105c.jpeg": {
    "app_sintetizada": "8E0F39DD6B18451B879102F52ED17AEB1105C.JPEG",
    "cantidad_archivos": 1,
    "archivos_fuente": [
      "Pictures/Fototeca de Fotos.photoslibrary/resources/derivatives/8/8E0F39DD-6B18-451B-8791-02F52ED17AEB_1_105_c.jpeg"
    ],
    "ultima_modificacion": "2025-08-01 01:01:03.227967"
  },
  "895a9d6d43bd4856b02e7535ea70c62a1105c.jpeg": {
    "app_sintetizada": "895A9D6D43BD4856B02E7535EA70C62A1105C.JPEG",
    "cantidad_archivos": 1,
    "archivos_fuente": [
      "Pictures/Fototeca de Fotos.photoslibrary/resources/derivatives/8/895A9D6D-43BD-4856-B02E-7535EA70C62A_1_105_c.jpeg"
    ],
    "ultima_modificacion": "2025-08-01 01:01:03.228139"
  },
  "872f174a140e41a1998ff18fc8d7b1311105c.jpeg": {
    "app_sintetizada": "872F174A140E41A1998FF18FC8D7B1311105C.JPEG",
    "cantidad_archivos": 1,
    "archivos_fuente": [
      "Pictures/Fototeca de Fotos.photoslibrary/resources/derivatives/8/872F174A-140E-41A1-998F-F18FC8D7B131_1_105_c.jpeg"
    ],
    "ultima_modificacion": "2025-08-01 01:01:03.228355"
  },
  "8b35e981b2c04d27ad2cfcb82be09d991105c.jpeg": {
    "app_sintetizada": "8B35E981B2C04D27AD2CFCB82BE09D991105C.JPEG",
    "cantidad_archivos": 1,
    "archivos_fuente": [
      "Pictures/Fototeca de Fotos.photoslibrary/resources/derivatives/8/8B35E981-B2C0-4D27-AD2C-FCB82BE09D99_1_105_c.jpeg"
    ],
    "ultima_modificacion": "2025-08-01 01:01:03.228591"
  },
  "8a1ea1fcbb054a7a8a00b3b6948000ee1105c.jpeg": {
    "app_sintetizada": "8A1EA1FCBB054A7A8A00B3B6948000EE1105C.JPEG",
    "cantidad_archivos": 1,
    "archivos_fuente": [
      "Pictures/Fototeca de Fotos.photoslibrary/resources/derivatives/8/8A1EA1FC-BB05-4A7A-8A00-B3B6948000EE_1_105_c.jpeg"
    ],
    "ultima_modificacion": "2025-08-01 01:01:03.228803"
  },
  "81de78466816484693bacd3cf943445f1105c.jpeg": {
    "app_sintetizada": "81DE78466816484693BACD3CF943445F1105C.JPEG",
    "cantidad_archivos": 1,
    "archivos_fuente": [
      "Pictures/Fototeca de Fotos.photoslibrary/resources/derivatives/8/81DE7846-6816-4846-93BA-CD3CF943445F_1_105_c.jpeg"
    ],
    "ultima_modificacion": "2025-08-01 01:01:03.229128"
  },
  "860b30ea8b4d4515b8eb8e1940a9ad5f1105c.jpeg": {
    "app_sintetizada": "860B30EA8B4D4515B8EB8E1940A9AD5F1105C.JPEG",
    "cantidad_archivos": 1,
    "archivos_fuente": [
      "Pictures/Fototeca de Fotos.photoslibrary/resources/derivatives/8/860B30EA-8B4D-4515-B8EB-8E1940A9AD5F_1_105_c.jpeg"
    ],
    "ultima_modificacion": "2025-08-01 01:01:03.229415"
  },
  "8b26518df9304f248d91f128ba59422d1105c.jpeg": {
    "app_sintetizada": "8B26518DF9304F248D91F128BA59422D1105C.JPEG",
    "cantidad_archivos": 1,
    "archivos_fuente": [
      "Pictures/Fototeca de Fotos.photoslibrary/resources/derivatives/8/8B26518D-F930-4F24-8D91-F128BA59422D_1_105_c.jpeg"
    ],
    "ultima_modificacion": "2025-08-01 01:01:03.229639"
  },
  "87730a852c1945a99990e21e0feeb0a51105c.jpeg": {
    "app_sintetizada": "87730A852C1945A99990E21E0FEEB0A51105C.JPEG",
    "cantidad_archivos": 1,
    "archivos_fuente": [
      "Pictures/Fototeca de Fotos.photoslibrary/resources/derivatives/8/87730A85-2C19-45A9-9990-E21E0FEEB0A5_1_105_c.jpeg"
    ],
    "ultima_modificacion": "2025-08-01 01:01:03.229834"
  },
  "891e625ac9d04dfe856eb095f03908b01105c.jpeg": {
    "app_sintetizada": "891E625AC9D04DFE856EB095F03908B01105C.JPEG",
    "cantidad_archivos": 1,
    "archivos_fuente": [
      "Pictures/Fototeca de Fotos.photoslibrary/resources/derivatives/8/891E625A-C9D0-4DFE-856E-B095F03908B0_1_105_c.jpeg"
    ],
    "ultima_modificacion": "2025-08-01 01:01:03.230040"
  },
  "89f4182a49e34a07ac73aa16d489d4211105c.jpeg": {
    "app_sintetizada": "89F4182A49E34A07AC73AA16D489D4211105C.JPEG",
    "cantidad_archivos": 1,
    "archivos_fuente": [
      "Pictures/Fototeca de Fotos.photoslibrary/resources/derivatives/8/89F4182A-49E3-4A07-AC73-AA16D489D421_1_105_c.jpeg"
    ],
    "ultima_modificacion": "2025-08-01 01:01:03.230247"
  },
  "8b293c3b5198424ea64a857d713a81121105c.jpeg": {
    "app_sintetizada": "8B293C3B5198424EA64A857D713A81121105C.JPEG",
    "cantidad_archivos": 1,
    "archivos_fuente": [
      "Pictures/Fototeca de Fotos.photoslibrary/resources/derivatives/8/8B293C3B-5198-424E-A64A-857D713A8112_1_105_c.jpeg"
    ],
    "ultima_modificacion": "2025-08-01 01:01:03.230443"
  },
  "863e1b9d2a084622b65abf702378df061101o.jpeg": {
    "app_sintetizada": "863E1B9D2A084622B65ABF702378DF061101O.JPEG",
    "cantidad_archivos": 1,
    "archivos_fuente": [
      "Pictures/Fototeca de Fotos.photoslibrary/resources/derivatives/8/863E1B9D-2A08-4622-B65A-BF702378DF06_1_101_o.jpeg"
    ],
    "ultima_modificacion": "2025-08-01 01:01:03.230625"
  },
  "805f4b34a30845a595e285096d2c42fe1105c.jpeg": {
    "app_sintetizada": "805F4B34A30845A595E285096D2C42FE1105C.JPEG",
    "cantidad_archivos": 1,
    "archivos_fuente": [
      "Pictures/Fototeca de Fotos.photoslibrary/resources/derivatives/8/805F4B34-A308-45A5-95E2-85096D2C42FE_1_105_c.jpeg"
    ],
    "ultima_modificacion": "2025-08-01 01:01:03.230817"
  },
  "8435f9b8307642e6a8ef32d69f5f90181105c.jpeg": {
    "app_sintetizada": "8435F9B8307642E6A8EF32D69F5F90181105C.JPEG",
    "cantidad_archivos": 1,
    "archivos_fuente": [
      "Pictures/Fototeca de Fotos.photoslibrary/resources/derivatives/8/8435F9B8-3076-42E6-A8EF-32D69F5F9018_1_105_c.jpeg"
    ],
    "ultima_modificacion": "2025-08-01 01:01:03.231013"
  },
  "8509d605b7b24e3398d134a2d75840cc1105c.jpeg": {
    "app_sintetizada": "8509D605B7B24E3398D134A2D75840CC1105C.JPEG",
    "cantidad_archivos": 1,
    "archivos_fuente": [
      "Pictures/Fototeca de Fotos.photoslibrary/resources/derivatives/8/8509D605-B7B2-4E33-98D1-34A2D75840CC_1_105_c.jpeg"
    ],
    "ultima_modificacion": "2025-08-01 01:01:03.231215"
  },
  "88fe8432a73741a3a09a68be5253e0e31105c.jpeg": {
    "app_sintetizada": "88FE8432A73741A3A09A68BE5253E0E31105C.JPEG",
    "cantidad_archivos": 1,
    "archivos_fuente": [
      "Pictures/Fototeca de Fotos.photoslibrary/resources/derivatives/8/88FE8432-A737-41A3-A09A-68BE5253E0E3_1_105_c.jpeg"
    ],
    "ultima_modificacion": "2025-08-01 01:01:03.231441"
  },
  "85c1ce1f97fb413b9236951c63ecc0bf1105c.jpeg": {
    "app_sintetizada": "85C1CE1F97FB413B9236951C63ECC0BF1105C.JPEG",
    "cantidad_archivos": 1,
    "archivos_fuente": [
      "Pictures/Fototeca de Fotos.photoslibrary/resources/derivatives/8/85C1CE1F-97FB-413B-9236-951C63ECC0BF_1_105_c.jpeg"
    ],
    "ultima_modificacion": "2025-08-01 01:01:03.231679"
  },
  "8eacac951c084844bbb80085d207db8b1105c.jpeg": {
    "app_sintetizada": "8EACAC951C084844BBB80085D207DB8B1105C.JPEG",
    "cantidad_archivos": 1,
    "archivos_fuente": [
      "Pictures/Fototeca de Fotos.photoslibrary/resources/derivatives/8/8EACAC95-1C08-4844-BBB8-0085D207DB8B_1_105_c.jpeg"
    ],
    "ultima_modificacion": "2025-08-01 01:01:03.231986"
  },
  "85bb3224f1594693852cd70d242d1e011105c.jpeg": {
    "app_sintetizada": "85BB3224F1594693852CD70D242D1E011105C.JPEG",
    "cantidad_archivos": 1,
    "archivos_fuente": [
      "Pictures/Fototeca de Fotos.photoslibrary/resources/derivatives/8/85BB3224-F159-4693-852C-D70D242D1E01_1_105_c.jpeg"
    ],
    "ultima_modificacion": "2025-08-01 01:01:03.232223"
  },
  "89336cb0e4e24931b4e31a4c53d5e09c1105c.jpeg": {
    "app_sintetizada": "89336CB0E4E24931B4E31A4C53D5E09C1105C.JPEG",
    "cantidad_archivos": 1,
    "archivos_fuente": [
      "Pictures/Fototeca de Fotos.photoslibrary/resources/derivatives/8/89336CB0-E4E2-4931-B4E3-1A4C53D5E09C_1_105_c.jpeg"
    ],
    "ultima_modificacion": "2025-08-01 01:01:03.232428"
  },
  "832642ba5d094568bcd29a1874273ad71105c.jpeg": {
    "app_sintetizada": "832642BA5D094568BCD29A1874273AD71105C.JPEG",
    "cantidad_archivos": 1,
    "archivos_fuente": [
      "Pictures/Fototeca de Fotos.photoslibrary/resources/derivatives/8/832642BA-5D09-4568-BCD2-9A1874273AD7_1_105_c.jpeg"
    ],
    "ultima_modificacion": "2025-08-01 01:01:03.232676"
  },
  "8fe1093cc64546ecb7a205c7ea7437461105c.jpeg": {
    "app_sintetizada": "8FE1093CC64546ECB7A205C7EA7437461105C.JPEG",
    "cantidad_archivos": 1,
    "archivos_fuente": [
      "Pictures/Fototeca de Fotos.photoslibrary/resources/derivatives/8/8FE1093C-C645-46EC-B7A2-05C7EA743746_1_105_c.jpeg"
    ],
    "ultima_modificacion": "2025-08-01 01:01:03.232893"
  },
  "830179f0b3ad4eabb8f06c7b1b3d5db61105c.jpeg": {
    "app_sintetizada": "830179F0B3AD4EABB8F06C7B1B3D5DB61105C.JPEG",
    "cantidad_archivos": 1,
    "archivos_fuente": [
      "Pictures/Fototeca de Fotos.photoslibrary/resources/derivatives/8/830179F0-B3AD-4EAB-B8F0-6C7B1B3D5DB6_1_105_c.jpeg"
    ],
    "ultima_modificacion": "2025-08-01 01:01:03.233104"
  },
  "89ca228815264d498eaae0135e4dfbe81105c.jpeg": {
    "app_sintetizada": "89CA228815264D498EAAE0135E4DFBE81105C.JPEG",
    "cantidad_archivos": 1,
    "archivos_fuente": [
      "Pictures/Fototeca de Fotos.photoslibrary/resources/derivatives/8/89CA2288-1526-4D49-8EAA-E0135E4DFBE8_1_105_c.jpeg"
    ],
    "ultima_modificacion": "2025-08-01 01:01:03.233299"
  },
  "8ace3d85cbd745eab5ea2a5f7244061a1105c.jpeg": {
    "app_sintetizada": "8ACE3D85CBD745EAB5EA2A5F7244061A1105C.JPEG",
    "cantidad_archivos": 1,
    "archivos_fuente": [
      "Pictures/Fototeca de Fotos.photoslibrary/resources/derivatives/8/8ACE3D85-CBD7-45EA-B5EA-2A5F7244061A_1_105_c.jpeg"
    ],
    "ultima_modificacion": "2025-08-01 01:01:03.233504"
  },
  "85e829ccbda84d3f9b0c98bd86311c1d1105c.jpeg": {
    "app_sintetizada": "85E829CCBDA84D3F9B0C98BD86311C1D1105C.JPEG",
    "cantidad_archivos": 1,
    "archivos_fuente": [
      "Pictures/Fototeca de Fotos.photoslibrary/resources/derivatives/8/85E829CC-BDA8-4D3F-9B0C-98BD86311C1D_1_105_c.jpeg"
    ],
    "ultima_modificacion": "2025-08-01 01:01:03.233732"
  },
  "8fe9495cfc8a4964b586949686a2289b1105c.jpeg": {
    "app_sintetizada": "8FE9495CFC8A4964B586949686A2289B1105C.JPEG",
    "cantidad_archivos": 1,
    "archivos_fuente": [
      "Pictures/Fototeca de Fotos.photoslibrary/resources/derivatives/8/8FE9495C-FC8A-4964-B586-949686A2289B_1_105_c.jpeg"
    ],
    "ultima_modificacion": "2025-08-01 01:01:03.233958"
  },
  "8de31dca67f5446e99a957e44a82ebca1105c.jpeg": {
    "app_sintetizada": "8DE31DCA67F5446E99A957E44A82EBCA1105C.JPEG",
    "cantidad_archivos": 1,
    "archivos_fuente": [
      "Pictures/Fototeca de Fotos.photoslibrary/resources/derivatives/8/8DE31DCA-67F5-446E-99A9-57E44A82EBCA_1_105_c.jpeg"
    ],
    "ultima_modificacion": "2025-08-01 01:01:03.234149"
  },
  "8b44181176064f0d850495d35996df341105c.jpeg": {
    "app_sintetizada": "8B44181176064F0D850495D35996DF341105C.JPEG",
    "cantidad_archivos": 1,
    "archivos_fuente": [
      "Pictures/Fototeca de Fotos.photoslibrary/resources/derivatives/8/8B441811-7606-4F0D-8504-95D35996DF34_1_105_c.jpeg"
    ],
    "ultima_modificacion": "2025-08-01 01:01:03.234341"
  },
  "8fae933c39064b63baca49454b7f16351105c.jpeg": {
    "app_sintetizada": "8FAE933C39064B63BACA49454B7F16351105C.JPEG",
    "cantidad_archivos": 1,
    "archivos_fuente": [
      "Pictures/Fototeca de Fotos.photoslibrary/resources/derivatives/8/8FAE933C-3906-4B63-BACA-49454B7F1635_1_105_c.jpeg"
    ],
    "ultima_modificacion": "2025-08-01 01:01:03.234529"
  },
  "8332a41c671a4a73b47ff206ae74eab9.thm": {
    "app_sintetizada": "8332A41C671A4A73B47FF206AE74EAB9.THM",
    "cantidad_archivos": 1,
    "archivos_fuente": [
      "Pictures/Fototeca de Fotos.photoslibrary/resources/derivatives/8/8332A41C-671A-4A73-B47F-F206AE74EAB9.THM"
    ],
    "ultima_modificacion": "2025-08-01 01:01:03.234706"
  },
  "87653591b9cd4b6fb4c065e5602792ae1105c.jpeg": {
    "app_sintetizada": "87653591B9CD4B6FB4C065E5602792AE1105C.JPEG",
    "cantidad_archivos": 1,
    "archivos_fuente": [
      "Pictures/Fototeca de Fotos.photoslibrary/resources/derivatives/8/87653591-B9CD-4B6F-B4C0-65E5602792AE_1_105_c.jpeg"
    ],
    "ultima_modificacion": "2025-08-01 01:01:03.234895"
  },
  "80587da28fce4b38b4f3ada9e554b7321105c.jpeg": {
    "app_sintetizada": "80587DA28FCE4B38B4F3ADA9E554B7321105C.JPEG",
    "cantidad_archivos": 1,
    "archivos_fuente": [
      "Pictures/Fototeca de Fotos.photoslibrary/resources/derivatives/8/80587DA2-8FCE-4B38-B4F3-ADA9E554B732_1_105_c.jpeg"
    ],
    "ultima_modificacion": "2025-08-01 01:01:03.235108"
  },
  "81f1760fa0f44447a94a9c32dc8bb9521105c.jpeg": {
    "app_sintetizada": "81F1760FA0F44447A94A9C32DC8BB9521105C.JPEG",
    "cantidad_archivos": 1,
    "archivos_fuente": [
      "Pictures/Fototeca de Fotos.photoslibrary/resources/derivatives/8/81F1760F-A0F4-4447-A94A-9C32DC8BB952_1_105_c.jpeg"
    ],
    "ultima_modificacion": "2025-08-01 01:01:03.235318"
  },
  "87a7284eb73b4b559433a83cbed51c91.thm": {
    "app_sintetizada": "87A7284EB73B4B559433A83CBED51C91.THM",
    "cantidad_archivos": 1,
    "archivos_fuente": [
      "Pictures/Fototeca de Fotos.photoslibrary/resources/derivatives/8/87A7284E-B73B-4B55-9433-A83CBED51C91.THM"
    ],
    "ultima_modificacion": "2025-08-01 01:01:03.235503"
  },
  "82bf7e61908d445ead2f61e3b3484db31105c.jpeg": {
    "app_sintetizada": "82BF7E61908D445EAD2F61E3B3484DB31105C.JPEG",
    "cantidad_archivos": 1,
    "archivos_fuente": [
      "Pictures/Fototeca de Fotos.photoslibrary/resources/derivatives/8/82BF7E61-908D-445E-AD2F-61E3B3484DB3_1_105_c.jpeg"
    ],
    "ultima_modificacion": "2025-08-01 01:01:03.235767"
  },
  "842b2cd3eaf64741b1c16196c3339eea1105c.jpeg": {
    "app_sintetizada": "842B2CD3EAF64741B1C16196C3339EEA1105C.JPEG",
    "cantidad_archivos": 1,
    "archivos_fuente": [
      "Pictures/Fototeca de Fotos.photoslibrary/resources/derivatives/8/842B2CD3-EAF6-4741-B1C1-6196C3339EEA_1_105_c.jpeg"
    ],
    "ultima_modificacion": "2025-08-01 01:01:03.236043"
  },
  "85ad58e8d6ed4a50a11d5e5b278a14e11105c.jpeg": {
    "app_sintetizada": "85AD58E8D6ED4A50A11D5E5B278A14E11105C.JPEG",
    "cantidad_archivos": 1,
    "archivos_fuente": [
      "Pictures/Fototeca de Fotos.photoslibrary/resources/derivatives/8/85AD58E8-D6ED-4A50-A11D-5E5B278A14E1_1_105_c.jpeg"
    ],
    "ultima_modificacion": "2025-08-01 01:01:03.236317"
  },
  "80ae061ac5074de0a90a2d89eec505ef1105c.jpeg": {
    "app_sintetizada": "80AE061AC5074DE0A90A2D89EEC505EF1105C.JPEG",
    "cantidad_archivos": 1,
    "archivos_fuente": [
      "Pictures/Fototeca de Fotos.photoslibrary/resources/derivatives/8/80AE061A-C507-4DE0-A90A-2D89EEC505EF_1_105_c.jpeg"
    ],
    "ultima_modificacion": "2025-08-01 01:01:03.236880"
  },
  "8b07306be219492eacf7d0f335a0a1331105c.jpeg": {
    "app_sintetizada": "8B07306BE219492EACF7D0F335A0A1331105C.JPEG",
    "cantidad_archivos": 1,
    "archivos_fuente": [
      "Pictures/Fototeca de Fotos.photoslibrary/resources/derivatives/8/8B07306B-E219-492E-ACF7-D0F335A0A133_1_105_c.jpeg"
    ],
    "ultima_modificacion": "2025-08-01 01:01:03.237221"
  },
  "852f5256b4bc4b81a7f753021c69e7801105c.jpeg": {
    "app_sintetizada": "852F5256B4BC4B81A7F753021C69E7801105C.JPEG",
    "cantidad_archivos": 1,
    "archivos_fuente": [
      "Pictures/Fototeca de Fotos.photoslibrary/resources/derivatives/8/852F5256-B4BC-4B81-A7F7-53021C69E780_1_105_c.jpeg"
    ],
    "ultima_modificacion": "2025-08-01 01:01:03.237510"
  },
  "844759afe0164f11b7bd781998fac8b91105c.jpeg": {
    "app_sintetizada": "844759AFE0164F11B7BD781998FAC8B91105C.JPEG",
    "cantidad_archivos": 1,
    "archivos_fuente": [
      "Pictures/Fototeca de Fotos.photoslibrary/resources/derivatives/8/844759AF-E016-4F11-B7BD-781998FAC8B9_1_105_c.jpeg"
    ],
    "ultima_modificacion": "2025-08-01 01:01:03.237802"
  },
  "8c90619d1d0149cf96b865e862dcd0821105c.jpeg": {
    "app_sintetizada": "8C90619D1D0149CF96B865E862DCD0821105C.JPEG",
    "cantidad_archivos": 1,
    "archivos_fuente": [
      "Pictures/Fototeca de Fotos.photoslibrary/resources/derivatives/8/8C90619D-1D01-49CF-96B8-65E862DCD082_1_105_c.jpeg"
    ],
    "ultima_modificacion": "2025-08-01 01:01:03.238113"
  },
  "8fa18f1da9f04655b914092b9c020c0d1105c.jpeg": {
    "app_sintetizada": "8FA18F1DA9F04655B914092B9C020C0D1105C.JPEG",
    "cantidad_archivos": 1,
    "archivos_fuente": [
      "Pictures/Fototeca de Fotos.photoslibrary/resources/derivatives/8/8FA18F1D-A9F0-4655-B914-092B9C020C0D_1_105_c.jpeg"
    ],
    "ultima_modificacion": "2025-08-01 01:01:03.238403"
  },
  "836319c6c1b3429b9ce466b7ef1832f91105c.jpeg": {
    "app_sintetizada": "836319C6C1B3429B9CE466B7EF1832F91105C.JPEG",
    "cantidad_archivos": 1,
    "archivos_fuente": [
      "Pictures/Fototeca de Fotos.photoslibrary/resources/derivatives/8/836319C6-C1B3-429B-9CE4-66B7EF1832F9_1_105_c.jpeg"
    ],
    "ultima_modificacion": "2025-08-01 01:01:03.238697"
  },
  "8f581be7927b43aeb6aa51f975aa8eb51105c.jpeg": {
    "app_sintetizada": "8F581BE7927B43AEB6AA51F975AA8EB51105C.JPEG",
    "cantidad_archivos": 1,
    "archivos_fuente": [
      "Pictures/Fototeca de Fotos.photoslibrary/resources/derivatives/8/8F581BE7-927B-43AE-B6AA-51F975AA8EB5_1_105_c.jpeg"
    ],
    "ultima_modificacion": "2025-08-01 01:01:03.238995"
  },
  "8c6e0efdcc5a498e80522574b2df74671105c.jpeg": {
    "app_sintetizada": "8C6E0EFDCC5A498E80522574B2DF74671105C.JPEG",
    "cantidad_archivos": 1,
    "archivos_fuente": [
      "Pictures/Fototeca de Fotos.photoslibrary/resources/derivatives/8/8C6E0EFD-CC5A-498E-8052-2574B2DF7467_1_105_c.jpeg"
    ],
    "ultima_modificacion": "2025-08-01 01:01:03.239261"
  },
  "8e89f6178dd34d859a27c695c966ea401105c.jpeg": {
    "app_sintetizada": "8E89F6178DD34D859A27C695C966EA401105C.JPEG",
    "cantidad_archivos": 1,
    "archivos_fuente": [
      "Pictures/Fototeca de Fotos.photoslibrary/resources/derivatives/8/8E89F617-8DD3-4D85-9A27-C695C966EA40_1_105_c.jpeg"
    ],
    "ultima_modificacion": "2025-08-01 01:01:03.239547"
  },
  "863e1b9d2a084622b65abf702378df061105c.jpeg": {
    "app_sintetizada": "863E1B9D2A084622B65ABF702378DF061105C.JPEG",
    "cantidad_archivos": 1,
    "archivos_fuente": [
      "Pictures/Fototeca de Fotos.photoslibrary/resources/derivatives/8/863E1B9D-2A08-4622-B65A-BF702378DF06_1_105_c.jpeg"
    ],
    "ultima_modificacion": "2025-08-01 01:01:03.239879"
  },
  "8a78c0e7e96747d0b8aff50550dff0941105c.jpeg": {
    "app_sintetizada": "8A78C0E7E96747D0B8AFF50550DFF0941105C.JPEG",
    "cantidad_archivos": 1,
    "archivos_fuente": [
      "Pictures/Fototeca de Fotos.photoslibrary/resources/derivatives/8/8A78C0E7-E967-47D0-B8AF-F50550DFF094_1_105_c.jpeg"
    ],
    "ultima_modificacion": "2025-08-01 01:01:03.240178"
  },
  "8cb9c2787c3f49b283910860fd18a76a1105c.jpeg": {
    "app_sintetizada": "8CB9C2787C3F49B283910860FD18A76A1105C.JPEG",
    "cantidad_archivos": 1,
    "archivos_fuente": [
      "Pictures/Fototeca de Fotos.photoslibrary/resources/derivatives/8/8CB9C278-7C3F-49B2-8391-0860FD18A76A_1_105_c.jpeg"
    ],
    "ultima_modificacion": "2025-08-01 01:01:03.240476"
  },
  "88fb2c6b79eb45fc9b374eb8882bdf9e1105c.jpeg": {
    "app_sintetizada": "88FB2C6B79EB45FC9B374EB8882BDF9E1105C.JPEG",
    "cantidad_archivos": 1,
    "archivos_fuente": [
      "Pictures/Fototeca de Fotos.photoslibrary/resources/derivatives/8/88FB2C6B-79EB-45FC-9B37-4EB8882BDF9E_1_105_c.jpeg"
    ],
    "ultima_modificacion": "2025-08-01 01:01:03.240766"
  },
  "8e73f9225d3243b08daa9322959ce6b11105c.jpeg": {
    "app_sintetizada": "8E73F9225D3243B08DAA9322959CE6B11105C.JPEG",
    "cantidad_archivos": 1,
    "archivos_fuente": [
      "Pictures/Fototeca de Fotos.photoslibrary/resources/derivatives/8/8E73F922-5D32-43B0-8DAA-9322959CE6B1_1_105_c.jpeg"
    ],
    "ultima_modificacion": "2025-08-01 01:01:03.241055"
  },
  "8862b5712f7d45d1929bae2f87f34a911105c.jpeg": {
    "app_sintetizada": "8862B5712F7D45D1929BAE2F87F34A911105C.JPEG",
    "cantidad_archivos": 1,
    "archivos_fuente": [
      "Pictures/Fototeca de Fotos.photoslibrary/resources/derivatives/8/8862B571-2F7D-45D1-929B-AE2F87F34A91_1_105_c.jpeg"
    ],
    "ultima_modificacion": "2025-08-01 01:01:03.241357"
  },
  "8cd4d27f3f5a418897d88557992c7e481105c.jpeg": {
    "app_sintetizada": "8CD4D27F3F5A418897D88557992C7E481105C.JPEG",
    "cantidad_archivos": 1,
    "archivos_fuente": [
      "Pictures/Fototeca de Fotos.photoslibrary/resources/derivatives/8/8CD4D27F-3F5A-4188-97D8-8557992C7E48_1_105_c.jpeg"
    ],
    "ultima_modificacion": "2025-08-01 01:01:03.241643"
  },
  "8bad8d055b664889b7411221c3d1f82c1100o.jpeg": {
    "app_sintetizada": "8BAD8D055B664889B7411221C3D1F82C1100O.JPEG",
    "cantidad_archivos": 1,
    "archivos_fuente": [
      "Pictures/Fototeca de Fotos.photoslibrary/resources/derivatives/8/8BAD8D05-5B66-4889-B741-1221C3D1F82C_1_100_o.jpeg"
    ],
    "ultima_modificacion": "2025-08-01 01:01:03.241908"
  },
  "895b90dfd8454f66888cec1763760abb1105c.jpeg": {
    "app_sintetizada": "895B90DFD8454F66888CEC1763760ABB1105C.JPEG",
    "cantidad_archivos": 1,
    "archivos_fuente": [
      "Pictures/Fototeca de Fotos.photoslibrary/resources/derivatives/8/895B90DF-D845-4F66-888C-EC1763760ABB_1_105_c.jpeg"
    ],
    "ultima_modificacion": "2025-08-01 01:01:03.242203"
  },
  "8943ecdab6d24b0189a88b6a4e2cb809.thm": {
    "app_sintetizada": "8943ECDAB6D24B0189A88B6A4E2CB809.THM",
    "cantidad_archivos": 1,
    "archivos_fuente": [
      "Pictures/Fototeca de Fotos.photoslibrary/resources/derivatives/8/8943ECDA-B6D2-4B01-89A8-8B6A4E2CB809.THM"
    ],
    "ultima_modificacion": "2025-08-01 01:01:03.242491"
  },
  "8d2e0210a43e4275a24f968170202cbb1105c.jpeg": {
    "app_sintetizada": "8D2E0210A43E4275A24F968170202CBB1105C.JPEG",
    "cantidad_archivos": 1,
    "archivos_fuente": [
      "Pictures/Fototeca de Fotos.photoslibrary/resources/derivatives/8/8D2E0210-A43E-4275-A24F-968170202CBB_1_105_c.jpeg"
    ],
    "ultima_modificacion": "2025-08-01 01:01:03.242759"
  },
  "890402b2ad3d48ae86f98f4341d47bbf1105c.jpeg": {
    "app_sintetizada": "890402B2AD3D48AE86F98F4341D47BBF1105C.JPEG",
    "cantidad_archivos": 1,
    "archivos_fuente": [
      "Pictures/Fototeca de Fotos.photoslibrary/resources/derivatives/8/890402B2-AD3D-48AE-86F9-8F4341D47BBF_1_105_c.jpeg"
    ],
    "ultima_modificacion": "2025-08-01 01:01:03.243051"
  },
  "8f353b7bfa914501a80b39e6606463521105c.jpeg": {
    "app_sintetizada": "8F353B7BFA914501A80B39E6606463521105C.JPEG",
    "cantidad_archivos": 1,
    "archivos_fuente": [
      "Pictures/Fototeca de Fotos.photoslibrary/resources/derivatives/8/8F353B7B-FA91-4501-A80B-39E660646352_1_105_c.jpeg"
    ],
    "ultima_modificacion": "2025-08-01 01:01:03.243371"
  },
  "867bdeb999ae4881b6ffe18e72804d5f1105c.jpeg": {
    "app_sintetizada": "867BDEB999AE4881B6FFE18E72804D5F1105C.JPEG",
    "cantidad_archivos": 1,
    "archivos_fuente": [
      "Pictures/Fototeca de Fotos.photoslibrary/resources/derivatives/8/867BDEB9-99AE-4881-B6FF-E18E72804D5F_1_105_c.jpeg"
    ],
    "ultima_modificacion": "2025-08-01 01:01:03.243780"
  },
  "88246d22b2c64007be70b19d795204281105c.jpeg": {
    "app_sintetizada": "88246D22B2C64007BE70B19D795204281105C.JPEG",
    "cantidad_archivos": 1,
    "archivos_fuente": [
      "Pictures/Fototeca de Fotos.photoslibrary/resources/derivatives/8/88246D22-B2C6-4007-BE70-B19D79520428_1_105_c.jpeg"
    ],
    "ultima_modificacion": "2025-08-01 01:01:03.244080"
  },
  "8b96f3121666419ca91a4f161f0640a21105c.jpeg": {
    "app_sintetizada": "8B96F3121666419CA91A4F161F0640A21105C.JPEG",
    "cantidad_archivos": 1,
    "archivos_fuente": [
      "Pictures/Fototeca de Fotos.photoslibrary/resources/derivatives/8/8B96F312-1666-419C-A91A-4F161F0640A2_1_105_c.jpeg"
    ],
    "ultima_modificacion": "2025-08-01 01:01:03.244365"
  },
  "8c2c752ac21c4aeb99d53e1d02c9120f1105c.jpeg": {
    "app_sintetizada": "8C2C752AC21C4AEB99D53E1D02C9120F1105C.JPEG",
    "cantidad_archivos": 1,
    "archivos_fuente": [
      "Pictures/Fototeca de Fotos.photoslibrary/resources/derivatives/8/8C2C752A-C21C-4AEB-99D5-3E1D02C9120F_1_105_c.jpeg"
    ],
    "ultima_modificacion": "2025-08-01 01:01:03.244672"
  },
  "8d2d300f8ba841489bfd761b5e8beb0c1105c.jpeg": {
    "app_sintetizada": "8D2D300F8BA841489BFD761B5E8BEB0C1105C.JPEG",
    "cantidad_archivos": 1,
    "archivos_fuente": [
      "Pictures/Fototeca de Fotos.photoslibrary/resources/derivatives/8/8D2D300F-8BA8-4148-9BFD-761B5E8BEB0C_1_105_c.jpeg"
    ],
    "ultima_modificacion": "2025-08-01 01:01:03.244985"
  }
}