{
  "f7eba05321b5435cb1849813bcbd9c951105c.jpeg": {
    "app_sintetizada": "F7EBA05321B5435CB1849813BCBD9C951105C.JPEG",
    "cantidad_archivos": 1,
    "archivos_fuente": [
      "Pictures/Fototeca de Fotos.photoslibrary/resources/derivatives/F/F7EBA053-21B5-435C-B184-9813BCBD9C95_1_105_c.jpeg"
    ],
    "ultima_modificacion": "2025-08-01 01:01:04.554461"
  },
  "f5257da65242441bab2cd23fcd2c05b51105c.jpeg": {
    "app_sintetizada": "F5257DA65242441BAB2CD23FCD2C05B51105C.JPEG",
    "cantidad_archivos": 1,
    "archivos_fuente": [
      "Pictures/Fototeca de Fotos.photoslibrary/resources/derivatives/F/F5257DA6-5242-441B-AB2C-D23FCD2C05B5_1_105_c.jpeg"
    ],
    "ultima_modificacion": "2025-08-01 01:01:04.554754"
  },
  "f436daa4ed3b42fdb83293e4b7eb3369.thm": {
    "app_sintetizada": "F436DAA4ED3B42FDB83293E4B7EB3369.THM",
    "cantidad_archivos": 1,
    "archivos_fuente": [
      "Pictures/Fototeca de Fotos.photoslibrary/resources/derivatives/F/F436DAA4-ED3B-42FD-B832-93E4B7EB3369.THM"
    ],
    "ultima_modificacion": "2025-08-01 01:01:04.555053"
  },
  "f91172703b294551bf484dd3f94438c11105c.jpeg": {
    "app_sintetizada": "F91172703B294551BF484DD3F94438C11105C.JPEG",
    "cantidad_archivos": 1,
    "archivos_fuente": [
      "Pictures/Fototeca de Fotos.photoslibrary/resources/derivatives/F/F9117270-3B29-4551-BF48-4DD3F94438C1_1_105_c.jpeg"
    ],
    "ultima_modificacion": "2025-08-01 01:01:04.555404"
  },
  "f9b5b2b6dd74464098fc70a0c08e36cd1105c.jpeg": {
    "app_sintetizada": "F9B5B2B6DD74464098FC70A0C08E36CD1105C.JPEG",
    "cantidad_archivos": 1,
    "archivos_fuente": [
      "Pictures/Fototeca de Fotos.photoslibrary/resources/derivatives/F/F9B5B2B6-DD74-4640-98FC-70A0C08E36CD_1_105_c.jpeg"
    ],
    "ultima_modificacion": "2025-08-01 01:01:04.555747"
  },
  "f5e090d718ff418ca56ed26ae1422e891105c.jpeg": {
    "app_sintetizada": "F5E090D718FF418CA56ED26AE1422E891105C.JPEG",
    "cantidad_archivos": 1,
    "archivos_fuente": [
      "Pictures/Fototeca de Fotos.photoslibrary/resources/derivatives/F/F5E090D7-18FF-418C-A56E-D26AE1422E89_1_105_c.jpeg"
    ],
    "ultima_modificacion": "2025-08-01 01:01:04.556110"
  },
  "f7e534b9c64145959e538e9c6a30673c1100o.jpeg": {
    "app_sintetizada": "F7E534B9C64145959E538E9C6A30673C1100O.JPEG",
    "cantidad_archivos": 1,
    "archivos_fuente": [
      "Pictures/Fototeca de Fotos.photoslibrary/resources/derivatives/F/F7E534B9-C641-4595-9E53-8E9C6A30673C_1_100_o.jpeg"
    ],
    "ultima_modificacion": "2025-08-01 01:01:04.556489"
  },
  "f30b1b240bdc4cdbacd0a471d567aea51105c.jpeg": {
    "app_sintetizada": "F30B1B240BDC4CDBACD0A471D567AEA51105C.JPEG",
    "cantidad_archivos": 1,
    "archivos_fuente": [
      "Pictures/Fototeca de Fotos.photoslibrary/resources/derivatives/F/F30B1B24-0BDC-4CDB-ACD0-A471D567AEA5_1_105_c.jpeg"
    ],
    "ultima_modificacion": "2025-08-01 01:01:04.556835"
  },
  "f15918a680904240b9ae61269123d7a61105c.jpeg": {
    "app_sintetizada": "F15918A680904240B9AE61269123D7A61105C.JPEG",
    "cantidad_archivos": 1,
    "archivos_fuente": [
      "Pictures/Fototeca de Fotos.photoslibrary/resources/derivatives/F/F15918A6-8090-4240-B9AE-61269123D7A6_1_105_c.jpeg"
    ],
    "ultima_modificacion": "2025-08-01 01:01:04.557196"
  },
  "f1b2ea964b914d2c84a7b89f7e5fe50e1105c.jpeg": {
    "app_sintetizada": "F1B2EA964B914D2C84A7B89F7E5FE50E1105C.JPEG",
    "cantidad_archivos": 1,
    "archivos_fuente": [
      "Pictures/Fototeca de Fotos.photoslibrary/resources/derivatives/F/F1B2EA96-4B91-4D2C-84A7-B89F7E5FE50E_1_105_c.jpeg"
    ],
    "ultima_modificacion": "2025-08-01 01:01:04.557533"
  },
  "ff91e52ecfb6404d95a7c341480b375d.thm": {
    "app_sintetizada": "FF91E52ECFB6404D95A7C341480B375D.THM",
    "cantidad_archivos": 1,
    "archivos_fuente": [
      "Pictures/Fototeca de Fotos.photoslibrary/resources/derivatives/F/FF91E52E-CFB6-404D-95A7-C341480B375D.THM"
    ],
    "ultima_modificacion": "2025-08-01 01:01:04.557877"
  },
  "f3d4b8da66d040c69d6dae6e3e441c01.thm": {
    "app_sintetizada": "F3D4B8DA66D040C69D6DAE6E3E441C01.THM",
    "cantidad_archivos": 1,
    "archivos_fuente": [
      "Pictures/Fototeca de Fotos.photoslibrary/resources/derivatives/F/F3D4B8DA-66D0-40C6-9D6D-AE6E3E441C01.THM"
    ],
    "ultima_modificacion": "2025-08-01 01:01:04.558253"
  },
  "f8b5892c89234f4ba05f8740992555071105c.jpeg": {
    "app_sintetizada": "F8B5892C89234F4BA05F8740992555071105C.JPEG",
    "cantidad_archivos": 1,
    "archivos_fuente": [
      "Pictures/Fototeca de Fotos.photoslibrary/resources/derivatives/F/F8B5892C-8923-4F4B-A05F-874099255507_1_105_c.jpeg"
    ],
    "ultima_modificacion": "2025-08-01 01:01:04.558616"
  },
  "fbd4423345884602ad1e26cf2bc5489a1105c.jpeg": {
    "app_sintetizada": "FBD4423345884602AD1E26CF2BC5489A1105C.JPEG",
    "cantidad_archivos": 1,
    "archivos_fuente": [
      "Pictures/Fototeca de Fotos.photoslibrary/resources/derivatives/F/FBD44233-4588-4602-AD1E-26CF2BC5489A_1_105_c.jpeg"
    ],
    "ultima_modificacion": "2025-08-01 01:01:04.558986"
  },
  "f77e905261414260ad52b1ae344273fc1105c.jpeg": {
    "app_sintetizada": "F77E905261414260AD52B1AE344273FC1105C.JPEG",
    "cantidad_archivos": 1,
    "archivos_fuente": [
      "Pictures/Fototeca de Fotos.photoslibrary/resources/derivatives/F/F77E9052-6141-4260-AD52-B1AE344273FC_1_105_c.jpeg"
    ],
    "ultima_modificacion": "2025-08-01 01:01:04.559342"
  },
  "f75ea97945cb4a9b981a8825c8a46677.thm": {
    "app_sintetizada": "F75EA97945CB4A9B981A8825C8A46677.THM",
    "cantidad_archivos": 1,
    "archivos_fuente": [
      "Pictures/Fototeca de Fotos.photoslibrary/resources/derivatives/F/F75EA979-45CB-4A9B-981A-8825C8A46677.THM"
    ],
    "ultima_modificacion": "2025-08-01 01:01:04.559704"
  },
  "f178620a027e433ab551802853d402f21105c.jpeg": {
    "app_sintetizada": "F178620A027E433AB551802853D402F21105C.JPEG",
    "cantidad_archivos": 1,
    "archivos_fuente": [
      "Pictures/Fototeca de Fotos.photoslibrary/resources/derivatives/F/F178620A-027E-433A-B551-802853D402F2_1_105_c.jpeg"
    ],
    "ultima_modificacion": "2025-08-01 01:01:04.560208"
  },
  "f8b5bf28f37b42429766f33d973126ef1105c.jpeg": {
    "app_sintetizada": "F8B5BF28F37B42429766F33D973126EF1105C.JPEG",
    "cantidad_archivos": 1,
    "archivos_fuente": [
      "Pictures/Fototeca de Fotos.photoslibrary/resources/derivatives/F/F8B5BF28-F37B-4242-9766-F33D973126EF_1_105_c.jpeg"
    ],
    "ultima_modificacion": "2025-08-01 01:01:04.560662"
  },
  "f3ee2b6ee2b74a5aa07773a914e7af321105c.jpeg": {
    "app_sintetizada": "F3EE2B6EE2B74A5AA07773A914E7AF321105C.JPEG",
    "cantidad_archivos": 1,
    "archivos_fuente": [
      "Pictures/Fototeca de Fotos.photoslibrary/resources/derivatives/F/F3EE2B6E-E2B7-4A5A-A077-73A914E7AF32_1_105_c.jpeg"
    ],
    "ultima_modificacion": "2025-08-01 01:01:04.561045"
  },
  "ffac565e480744cabc2f8842e7bc9c091105c.jpeg": {
    "app_sintetizada": "FFAC565E480744CABC2F8842E7BC9C091105C.JPEG",
    "cantidad_archivos": 1,
    "archivos_fuente": [
      "Pictures/Fototeca de Fotos.photoslibrary/resources/derivatives/F/FFAC565E-4807-44CA-BC2F-8842E7BC9C09_1_105_c.jpeg"
    ],
    "ultima_modificacion": "2025-08-01 01:01:04.561447"
  },
  "f5b791095bd84818bc3c3e3006e11bdd1105c.jpeg": {
    "app_sintetizada": "F5B791095BD84818BC3C3E3006E11BDD1105C.JPEG",
    "cantidad_archivos": 1,
    "archivos_fuente": [
      "Pictures/Fototeca de Fotos.photoslibrary/resources/derivatives/F/F5B79109-5BD8-4818-BC3C-3E3006E11BDD_1_105_c.jpeg"
    ],
    "ultima_modificacion": "2025-08-01 01:01:04.561733"
  },
  "fd3f7b95d73e4df1af0460659439c3221105c.jpeg": {
    "app_sintetizada": "FD3F7B95D73E4DF1AF0460659439C3221105C.JPEG",
    "cantidad_archivos": 1,
    "archivos_fuente": [
      "Pictures/Fototeca de Fotos.photoslibrary/resources/derivatives/F/FD3F7B95-D73E-4DF1-AF04-60659439C322_1_105_c.jpeg"
    ],
    "ultima_modificacion": "2025-08-01 01:01:04.562015"
  },
  "fb23553c36c64de48d48bc8bad5ff3ce.thm": {
    "app_sintetizada": "FB23553C36C64DE48D48BC8BAD5FF3CE.THM",
    "cantidad_archivos": 1,
    "archivos_fuente": [
      "Pictures/Fototeca de Fotos.photoslibrary/resources/derivatives/F/FB23553C-36C6-4DE4-8D48-BC8BAD5FF3CE.THM"
    ],
    "ultima_modificacion": "2025-08-01 01:01:04.562266"
  },
  "f9bd0ff5235446b3b80e6695f635e7791105c.jpeg": {
    "app_sintetizada": "F9BD0FF5235446B3B80E6695F635E7791105C.JPEG",
    "cantidad_archivos": 1,
    "archivos_fuente": [
      "Pictures/Fototeca de Fotos.photoslibrary/resources/derivatives/F/F9BD0FF5-2354-46B3-B80E-6695F635E779_1_105_c.jpeg"
    ],
    "ultima_modificacion": "2025-08-01 01:01:04.562582"
  },
  "fcd4b470c2954c00b08e3fbb2f099b901105c.jpeg": {
    "app_sintetizada": "FCD4B470C2954C00B08E3FBB2F099B901105C.JPEG",
    "cantidad_archivos": 1,
    "archivos_fuente": [
      "Pictures/Fototeca de Fotos.photoslibrary/resources/derivatives/F/FCD4B470-C295-4C00-B08E-3FBB2F099B90_1_105_c.jpeg"
    ],
    "ultima_modificacion": "2025-08-01 01:01:04.562885"
  },
  "fb94bdb6e9a24b2385e3082b5c7648f4.thm": {
    "app_sintetizada": "FB94BDB6E9A24B2385E3082B5C7648F4.THM",
    "cantidad_archivos": 1,
    "archivos_fuente": [
      "Pictures/Fototeca de Fotos.photoslibrary/resources/derivatives/F/FB94BDB6-E9A2-4B23-85E3-082B5C7648F4.THM"
    ],
    "ultima_modificacion": "2025-08-01 01:01:04.563159"
  },
  "ffe88e4c50484c9f972e43483f9523d81105c.jpeg": {
    "app_sintetizada": "FFE88E4C50484C9F972E43483F9523D81105C.JPEG",
    "cantidad_archivos": 1,
    "archivos_fuente": [
      "Pictures/Fototeca de Fotos.photoslibrary/resources/derivatives/F/FFE88E4C-5048-4C9F-972E-43483F9523D8_1_105_c.jpeg"
    ],
    "ultima_modificacion": "2025-08-01 01:01:04.563419"
  },
  "f2b79254b85d40b4a96f49f46cb8bd351105c.jpeg": {
    "app_sintetizada": "F2B79254B85D40B4A96F49F46CB8BD351105C.JPEG",
    "cantidad_archivos": 1,
    "archivos_fuente": [
      "Pictures/Fototeca de Fotos.photoslibrary/resources/derivatives/F/F2B79254-B85D-40B4-A96F-49F46CB8BD35_1_105_c.jpeg"
    ],
    "ultima_modificacion": "2025-08-01 01:01:04.563651"
  },
  "fc3b12d1737c4ff9b4deb0dc309da1ad1105c.jpeg": {
    "app_sintetizada": "FC3B12D1737C4FF9B4DEB0DC309DA1AD1105C.JPEG",
    "cantidad_archivos": 1,
    "archivos_fuente": [
      "Pictures/Fototeca de Fotos.photoslibrary/resources/derivatives/F/FC3B12D1-737C-4FF9-B4DE-B0DC309DA1AD_1_105_c.jpeg"
    ],
    "ultima_modificacion": "2025-08-01 01:01:04.563873"
  },
  "f495d8755fdb4dc7be13eaebd4903afa1105c.jpeg": {
    "app_sintetizada": "F495D8755FDB4DC7BE13EAEBD4903AFA1105C.JPEG",
    "cantidad_archivos": 1,
    "archivos_fuente": [
      "Pictures/Fototeca de Fotos.photoslibrary/resources/derivatives/F/F495D875-5FDB-4DC7-BE13-EAEBD4903AFA_1_105_c.jpeg"
    ],
    "ultima_modificacion": "2025-08-01 01:01:04.564080"
  },
  "f60d7373251d40e4832239b2b2b88f5e1105c.jpeg": {
    "app_sintetizada": "F60D7373251D40E4832239B2B2B88F5E1105C.JPEG",
    "cantidad_archivos": 1,
    "archivos_fuente": [
      "Pictures/Fototeca de Fotos.photoslibrary/resources/derivatives/F/F60D7373-251D-40E4-8322-39B2B2B88F5E_1_105_c.jpeg"
    ],
    "ultima_modificacion": "2025-08-01 01:01:04.564290"
  },
  "f7373990a53c487d8e5f8c3d09c2cee01105c.jpeg": {
    "app_sintetizada": "F7373990A53C487D8E5F8C3D09C2CEE01105C.JPEG",
    "cantidad_archivos": 1,
    "archivos_fuente": [
      "Pictures/Fototeca de Fotos.photoslibrary/resources/derivatives/F/F7373990-A53C-487D-8E5F-8C3D09C2CEE0_1_105_c.jpeg"
    ],
    "ultima_modificacion": "2025-08-01 01:01:04.564495"
  },
  "f3cb159ce7694e6b995bb2a31fdf8f7c1105c.jpeg": {
    "app_sintetizada": "F3CB159CE7694E6B995BB2A31FDF8F7C1105C.JPEG",
    "cantidad_archivos": 1,
    "archivos_fuente": [
      "Pictures/Fototeca de Fotos.photoslibrary/resources/derivatives/F/F3CB159C-E769-4E6B-995B-B2A31FDF8F7C_1_105_c.jpeg"
    ],
    "ultima_modificacion": "2025-08-01 01:01:04.564736"
  },
  "fcd19f4409cf4aa4a978f72e2ac8ab2a.thm": {
    "app_sintetizada": "FCD19F4409CF4AA4A978F72E2AC8AB2A.THM",
    "cantidad_archivos": 1,
    "archivos_fuente": [
      "Pictures/Fototeca de Fotos.photoslibrary/resources/derivatives/F/FCD19F44-09CF-4AA4-A978-F72E2AC8AB2A.THM"
    ],
    "ultima_modificacion": "2025-08-01 01:01:04.565037"
  },
  "f01e8cf6146b46229a895427be1bcdf71105c.jpeg": {
    "app_sintetizada": "F01E8CF6146B46229A895427BE1BCDF71105C.JPEG",
    "cantidad_archivos": 1,
    "archivos_fuente": [
      "Pictures/Fototeca de Fotos.photoslibrary/resources/derivatives/F/F01E8CF6-146B-4622-9A89-5427BE1BCDF7_1_105_c.jpeg"
    ],
    "ultima_modificacion": "2025-08-01 01:01:04.565288"
  },
  "f75c41f9ca7d4cf98578ae31ced166011105c.jpeg": {
    "app_sintetizada": "F75C41F9CA7D4CF98578AE31CED166011105C.JPEG",
    "cantidad_archivos": 1,
    "archivos_fuente": [
      "Pictures/Fototeca de Fotos.photoslibrary/resources/derivatives/F/F75C41F9-CA7D-4CF9-8578-AE31CED16601_1_105_c.jpeg"
    ],
    "ultima_modificacion": "2025-08-01 01:01:04.565576"
  },
  "f03da8a6fffd43719d8d7bb865e63f381105c.jpeg": {
    "app_sintetizada": "F03DA8A6FFFD43719D8D7BB865E63F381105C.JPEG",
    "cantidad_archivos": 1,
    "archivos_fuente": [
      "Pictures/Fototeca de Fotos.photoslibrary/resources/derivatives/F/F03DA8A6-FFFD-4371-9D8D-7BB865E63F38_1_105_c.jpeg"
    ],
    "ultima_modificacion": "2025-08-01 01:01:04.565817"
  },
  "f3cbf52df326496da902396183edd1141105c.jpeg": {
    "app_sintetizada": "F3CBF52DF326496DA902396183EDD1141105C.JPEG",
    "cantidad_archivos": 1,
    "archivos_fuente": [
      "Pictures/Fototeca de Fotos.photoslibrary/resources/derivatives/F/F3CBF52D-F326-496D-A902-396183EDD114_1_105_c.jpeg"
    ],
    "ultima_modificacion": "2025-08-01 01:01:04.566040"
  },
  "f3b6a734e53240658bf2bef5c6cdda141105c.jpeg": {
    "app_sintetizada": "F3B6A734E53240658BF2BEF5C6CDDA141105C.JPEG",
    "cantidad_archivos": 1,
    "archivos_fuente": [
      "Pictures/Fototeca de Fotos.photoslibrary/resources/derivatives/F/F3B6A734-E532-4065-8BF2-BEF5C6CDDA14_1_105_c.jpeg"
    ],
    "ultima_modificacion": "2025-08-01 01:01:04.566252"
  },
  "f54ce62cd9084965a65798be5ec6b3191105c.jpeg": {
    "app_sintetizada": "F54CE62CD9084965A65798BE5EC6B3191105C.JPEG",
    "cantidad_archivos": 1,
    "archivos_fuente": [
      "Pictures/Fototeca de Fotos.photoslibrary/resources/derivatives/F/F54CE62C-D908-4965-A657-98BE5EC6B319_1_105_c.jpeg"
    ],
    "ultima_modificacion": "2025-08-01 01:01:04.566528"
  },
  "f39a0423c5a041d5aac86234aadfd7481105c.jpeg": {
    "app_sintetizada": "F39A0423C5A041D5AAC86234AADFD7481105C.JPEG",
    "cantidad_archivos": 1,
    "archivos_fuente": [
      "Pictures/Fototeca de Fotos.photoslibrary/resources/derivatives/F/F39A0423-C5A0-41D5-AAC8-6234AADFD748_1_105_c.jpeg"
    ],
    "ultima_modificacion": "2025-08-01 01:01:04.566869"
  },
  "fdbc180776d04a5b82cb806a38ac74a41105c.jpeg": {
    "app_sintetizada": "FDBC180776D04A5B82CB806A38AC74A41105C.JPEG",
    "cantidad_archivos": 1,
    "archivos_fuente": [
      "Pictures/Fototeca de Fotos.photoslibrary/resources/derivatives/F/FDBC1807-76D0-4A5B-82CB-806A38AC74A4_1_105_c.jpeg"
    ],
    "ultima_modificacion": "2025-08-01 01:01:04.567138"
  },
  "f17fed51291a48738fc4abf821cced401105c.jpeg": {
    "app_sintetizada": "F17FED51291A48738FC4ABF821CCED401105C.JPEG",
    "cantidad_archivos": 1,
    "archivos_fuente": [
      "Pictures/Fototeca de Fotos.photoslibrary/resources/derivatives/F/F17FED51-291A-4873-8FC4-ABF821CCED40_1_105_c.jpeg"
    ],
    "ultima_modificacion": "2025-08-01 01:01:04.567391"
  },
  "f53039f597854d37bc68aa7f8e369337.thm": {
    "app_sintetizada": "F53039F597854D37BC68AA7F8E369337.THM",
    "cantidad_archivos": 1,
    "archivos_fuente": [
      "Pictures/Fototeca de Fotos.photoslibrary/resources/derivatives/F/F53039F5-9785-4D37-BC68-AA7F8E369337.THM"
    ],
    "ultima_modificacion": "2025-08-01 01:01:04.567646"
  },
  "fcf42a980945436089707991f69fe1e11105c.jpeg": {
    "app_sintetizada": "FCF42A980945436089707991F69FE1E11105C.JPEG",
    "cantidad_archivos": 1,
    "archivos_fuente": [
      "Pictures/Fototeca de Fotos.photoslibrary/resources/derivatives/F/FCF42A98-0945-4360-8970-7991F69FE1E1_1_105_c.jpeg"
    ],
    "ultima_modificacion": "2025-08-01 01:01:04.568005"
  },
  "fae635ef07e8409b88d533e86b857d4c1105c.jpeg": {
    "app_sintetizada": "FAE635EF07E8409B88D533E86B857D4C1105C.JPEG",
    "cantidad_archivos": 1,
    "archivos_fuente": [
      "Pictures/Fototeca de Fotos.photoslibrary/resources/derivatives/F/FAE635EF-07E8-409B-88D5-33E86B857D4C_1_105_c.jpeg"
    ],
    "ultima_modificacion": "2025-08-01 01:01:04.568263"
  },
  "f3317583cf3e4c5286c85cf5be33e8c51105c.jpeg": {
    "app_sintetizada": "F3317583CF3E4C5286C85CF5BE33E8C51105C.JPEG",
    "cantidad_archivos": 1,
    "archivos_fuente": [
      "Pictures/Fototeca de Fotos.photoslibrary/resources/derivatives/F/F3317583-CF3E-4C52-86C8-5CF5BE33E8C5_1_105_c.jpeg"
    ],
    "ultima_modificacion": "2025-08-01 01:01:04.568555"
  },
  "fdd20c0c5b534de5baa50ec306af536f1105c.jpeg": {
    "app_sintetizada": "FDD20C0C5B534DE5BAA50EC306AF536F1105C.JPEG",
    "cantidad_archivos": 1,
    "archivos_fuente": [
      "Pictures/Fototeca de Fotos.photoslibrary/resources/derivatives/F/FDD20C0C-5B53-4DE5-BAA5-0EC306AF536F_1_105_c.jpeg"
    ],
    "ultima_modificacion": "2025-08-01 01:01:04.568799"
  },
  "fc6bec6b6b7044c692aa74775d0fb1ed1105c.jpeg": {
    "app_sintetizada": "FC6BEC6B6B7044C692AA74775D0FB1ED1105C.JPEG",
    "cantidad_archivos": 1,
    "archivos_fuente": [
      "Pictures/Fototeca de Fotos.photoslibrary/resources/derivatives/F/FC6BEC6B-6B70-44C6-92AA-74775D0FB1ED_1_105_c.jpeg"
    ],
    "ultima_modificacion": "2025-08-01 01:01:04.569110"
  },
  "fb1bae3186184ae78e88516ea3ca360e1105c.jpeg": {
    "app_sintetizada": "FB1BAE3186184AE78E88516EA3CA360E1105C.JPEG",
    "cantidad_archivos": 1,
    "archivos_fuente": [
      "Pictures/Fototeca de Fotos.photoslibrary/resources/derivatives/F/FB1BAE31-8618-4AE7-8E88-516EA3CA360E_1_105_c.jpeg"
    ],
    "ultima_modificacion": "2025-08-01 01:01:04.569331"
  },
  "fbd573608c63410dbfaf2d8fdf4183801105c.jpeg": {
    "app_sintetizada": "FBD573608C63410DBFAF2D8FDF4183801105C.JPEG",
    "cantidad_archivos": 1,
    "archivos_fuente": [
      "Pictures/Fototeca de Fotos.photoslibrary/resources/derivatives/F/FBD57360-8C63-410D-BFAF-2D8FDF418380_1_105_c.jpeg"
    ],
    "ultima_modificacion": "2025-08-01 01:01:04.569551"
  },
  "fd9fd708e4804113be6bca9fdcd352341105c.jpeg": {
    "app_sintetizada": "FD9FD708E4804113BE6BCA9FDCD352341105C.JPEG",
    "cantidad_archivos": 1,
    "archivos_fuente": [
      "Pictures/Fototeca de Fotos.photoslibrary/resources/derivatives/F/FD9FD708-E480-4113-BE6B-CA9FDCD35234_1_105_c.jpeg"
    ],
    "ultima_modificacion": "2025-08-01 01:01:04.569755"
  },
  "f4b4ccab7a9f4f8c91c50491ab972e931105c.jpeg": {
    "app_sintetizada": "F4B4CCAB7A9F4F8C91C50491AB972E931105C.JPEG",
    "cantidad_archivos": 1,
    "archivos_fuente": [
      "Pictures/Fototeca de Fotos.photoslibrary/resources/derivatives/F/F4B4CCAB-7A9F-4F8C-91C5-0491AB972E93_1_105_c.jpeg"
    ],
    "ultima_modificacion": "2025-08-01 01:01:04.569956"
  },
  "fcde3667e0894bbc921525b3cc0783231105c.jpeg": {
    "app_sintetizada": "FCDE3667E0894BBC921525B3CC0783231105C.JPEG",
    "cantidad_archivos": 1,
    "archivos_fuente": [
      "Pictures/Fototeca de Fotos.photoslibrary/resources/derivatives/F/FCDE3667-E089-4BBC-9215-25B3CC078323_1_105_c.jpeg"
    ],
    "ultima_modificacion": "2025-08-01 01:01:04.570178"
  },
  "f490ea7dc6e44a2b854d256fb5e2152a1105c.jpeg": {
    "app_sintetizada": "F490EA7DC6E44A2B854D256FB5E2152A1105C.JPEG",
    "cantidad_archivos": 1,
    "archivos_fuente": [
      "Pictures/Fototeca de Fotos.photoslibrary/resources/derivatives/F/F490EA7D-C6E4-4A2B-854D-256FB5E2152A_1_105_c.jpeg"
    ],
    "ultima_modificacion": "2025-08-01 01:01:04.570410"
  },
  "f406bec855b64b3fa6c3d61b4cb4a3731105c.jpeg": {
    "app_sintetizada": "F406BEC855B64B3FA6C3D61B4CB4A3731105C.JPEG",
    "cantidad_archivos": 1,
    "archivos_fuente": [
      "Pictures/Fototeca de Fotos.photoslibrary/resources/derivatives/F/F406BEC8-55B6-4B3F-A6C3-D61B4CB4A373_1_105_c.jpeg"
    ],
    "ultima_modificacion": "2025-08-01 01:01:04.570645"
  },
  "fc18bd464e0d4e7894f28b1001cffa23.thm": {
    "app_sintetizada": "FC18BD464E0D4E7894F28B1001CFFA23.THM",
    "cantidad_archivos": 1,
    "archivos_fuente": [
      "Pictures/Fototeca de Fotos.photoslibrary/resources/derivatives/F/FC18BD46-4E0D-4E78-94F2-8B1001CFFA23.THM"
    ],
    "ultima_modificacion": "2025-08-01 01:01:04.570871"
  },
  "fed509967a5f4c558f82e375ba6b42901105c.jpeg": {
    "app_sintetizada": "FED509967A5F4C558F82E375BA6B42901105C.JPEG",
    "cantidad_archivos": 1,
    "archivos_fuente": [
      "Pictures/Fototeca de Fotos.photoslibrary/resources/derivatives/F/FED50996-7A5F-4C55-8F82-E375BA6B4290_1_105_c.jpeg"
    ],
    "ultima_modificacion": "2025-08-01 01:01:04.571102"
  },
  "ff3399f2636b4cca8a24263fe97dbde11105c.jpeg": {
    "app_sintetizada": "FF3399F2636B4CCA8A24263FE97DBDE11105C.JPEG",
    "cantidad_archivos": 1,
    "archivos_fuente": [
      "Pictures/Fototeca de Fotos.photoslibrary/resources/derivatives/F/FF3399F2-636B-4CCA-8A24-263FE97DBDE1_1_105_c.jpeg"
    ],
    "ultima_modificacion": "2025-08-01 01:01:04.571301"
  },
  "f0de3c6e399a4c5999a9c84fe5d4a0c71105c.jpeg": {
    "app_sintetizada": "F0DE3C6E399A4C5999A9C84FE5D4A0C71105C.JPEG",
    "cantidad_archivos": 1,
    "archivos_fuente": [
      "Pictures/Fototeca de Fotos.photoslibrary/resources/derivatives/F/F0DE3C6E-399A-4C59-99A9-C84FE5D4A0C7_1_105_c.jpeg"
    ],
    "ultima_modificacion": "2025-08-01 01:01:04.571492"
  },
  "f1dbec2e4e7a4dbc8fcf527b1be5fc8e1105c.jpeg": {
    "app_sintetizada": "F1DBEC2E4E7A4DBC8FCF527B1BE5FC8E1105C.JPEG",
    "cantidad_archivos": 1,
    "archivos_fuente": [
      "Pictures/Fototeca de Fotos.photoslibrary/resources/derivatives/F/F1DBEC2E-4E7A-4DBC-8FCF-527B1BE5FC8E_1_105_c.jpeg"
    ],
    "ultima_modificacion": "2025-08-01 01:01:04.571682"
  },
  "fd47a5f8875f447cb6810108922cfbe11105c.jpeg": {
    "app_sintetizada": "FD47A5F8875F447CB6810108922CFBE11105C.JPEG",
    "cantidad_archivos": 1,
    "archivos_fuente": [
      "Pictures/Fototeca de Fotos.photoslibrary/resources/derivatives/F/FD47A5F8-875F-447C-B681-0108922CFBE1_1_105_c.jpeg"
    ],
    "ultima_modificacion": "2025-08-01 01:01:04.571885"
  },
  "f3e2acd719a146ae9dae0e4b22f915751105c.jpeg": {
    "app_sintetizada": "F3E2ACD719A146AE9DAE0E4B22F915751105C.JPEG",
    "cantidad_archivos": 1,
    "archivos_fuente": [
      "Pictures/Fototeca de Fotos.photoslibrary/resources/derivatives/F/F3E2ACD7-19A1-46AE-9DAE-0E4B22F91575_1_105_c.jpeg"
    ],
    "ultima_modificacion": "2025-08-01 01:01:04.572088"
  },
  "fa5cb172de2349b58a7a94bfdd6b9cee1105c.jpeg": {
    "app_sintetizada": "FA5CB172DE2349B58A7A94BFDD6B9CEE1105C.JPEG",
    "cantidad_archivos": 1,
    "archivos_fuente": [
      "Pictures/Fototeca de Fotos.photoslibrary/resources/derivatives/F/FA5CB172-DE23-49B5-8A7A-94BFDD6B9CEE_1_105_c.jpeg"
    ],
    "ultima_modificacion": "2025-08-01 01:01:04.572286"
  },
  "f9cd2123c2da4b98848c772337df42091105c.jpeg": {
    "app_sintetizada": "F9CD2123C2DA4B98848C772337DF42091105C.JPEG",
    "cantidad_archivos": 1,
    "archivos_fuente": [
      "Pictures/Fototeca de Fotos.photoslibrary/resources/derivatives/F/F9CD2123-C2DA-4B98-848C-772337DF4209_1_105_c.jpeg"
    ],
    "ultima_modificacion": "2025-08-01 01:01:04.572466"
  },
  "f996a4b0cde249fbb9c34f84c1f25bc31105c.jpeg": {
    "app_sintetizada": "F996A4B0CDE249FBB9C34F84C1F25BC31105C.JPEG",
    "cantidad_archivos": 1,
    "archivos_fuente": [
      "Pictures/Fototeca de Fotos.photoslibrary/resources/derivatives/F/F996A4B0-CDE2-49FB-B9C3-4F84C1F25BC3_1_105_c.jpeg"
    ],
    "ultima_modificacion": "2025-08-01 01:01:04.572648"
  },
  "f3b4b823807b46c1985c2dde5a97accc1105c.jpeg": {
    "app_sintetizada": "F3B4B823807B46C1985C2DDE5A97ACCC1105C.JPEG",
    "cantidad_archivos": 1,
    "archivos_fuente": [
      "Pictures/Fototeca de Fotos.photoslibrary/resources/derivatives/F/F3B4B823-807B-46C1-985C-2DDE5A97ACCC_1_105_c.jpeg"
    ],
    "ultima_modificacion": "2025-08-01 01:01:04.572906"
  },
  "fef4b1f8b15f4c68bc56048a9b69b64d1105c.jpeg": {
    "app_sintetizada": "FEF4B1F8B15F4C68BC56048A9B69B64D1105C.JPEG",
    "cantidad_archivos": 1,
    "archivos_fuente": [
      "Pictures/Fototeca de Fotos.photoslibrary/resources/derivatives/F/FEF4B1F8-B15F-4C68-BC56-048A9B69B64D_1_105_c.jpeg"
    ],
    "ultima_modificacion": "2025-08-01 01:01:04.573218"
  },
  "f86423cc4e0e49ca9124a3577a778d471105c.jpeg": {
    "app_sintetizada": "F86423CC4E0E49CA9124A3577A778D471105C.JPEG",
    "cantidad_archivos": 1,
    "archivos_fuente": [
      "Pictures/Fototeca de Fotos.photoslibrary/resources/derivatives/F/F86423CC-4E0E-49CA-9124-A3577A778D47_1_105_c.jpeg"
    ],
    "ultima_modificacion": "2025-08-01 01:01:04.573420"
  },
  "f603f245f4224c6cae3511c78c64e3e01105c.jpeg": {
    "app_sintetizada": "F603F245F4224C6CAE3511C78C64E3E01105C.JPEG",
    "cantidad_archivos": 1,
    "archivos_fuente": [
      "Pictures/Fototeca de Fotos.photoslibrary/resources/derivatives/F/F603F245-F422-4C6C-AE35-11C78C64E3E0_1_105_c.jpeg"
    ],
    "ultima_modificacion": "2025-08-01 01:01:04.573607"
  },
  "fae454135c2d41eeb367985aff1aaae31105c.jpeg": {
    "app_sintetizada": "FAE454135C2D41EEB367985AFF1AAAE31105C.JPEG",
    "cantidad_archivos": 1,
    "archivos_fuente": [
      "Pictures/Fototeca de Fotos.photoslibrary/resources/derivatives/F/FAE45413-5C2D-41EE-B367-985AFF1AAAE3_1_105_c.jpeg"
    ],
    "ultima_modificacion": "2025-08-01 01:01:04.573789"
  },
  "f514ede8f8d94bb2bd234894ba9b677b.thm": {
    "app_sintetizada": "F514EDE8F8D94BB2BD234894BA9B677B.THM",
    "cantidad_archivos": 1,
    "archivos_fuente": [
      "Pictures/Fototeca de Fotos.photoslibrary/resources/derivatives/F/F514EDE8-F8D9-4BB2-BD23-4894BA9B677B.THM"
    ],
    "ultima_modificacion": "2025-08-01 01:01:04.573970"
  },
  "f8902da6610e4a24bc1d1ea4b96700fe1105c.jpeg": {
    "app_sintetizada": "F8902DA6610E4A24BC1D1EA4B96700FE1105C.JPEG",
    "cantidad_archivos": 1,
    "archivos_fuente": [
      "Pictures/Fototeca de Fotos.photoslibrary/resources/derivatives/F/F8902DA6-610E-4A24-BC1D-1EA4B96700FE_1_105_c.jpeg"
    ],
    "ultima_modificacion": "2025-08-01 01:01:04.574151"
  },
  "fd8fe1f113754276b7acc10ad5f29c271105c.jpeg": {
    "app_sintetizada": "FD8FE1F113754276B7ACC10AD5F29C271105C.JPEG",
    "cantidad_archivos": 1,
    "archivos_fuente": [
      "Pictures/Fototeca de Fotos.photoslibrary/resources/derivatives/F/FD8FE1F1-1375-4276-B7AC-C10AD5F29C27_1_105_c.jpeg"
    ],
    "ultima_modificacion": "2025-08-01 01:01:04.574361"
  },
  "fe5776f6b2b5412f8a73f6b09b3d16d51100o.jpeg": {
    "app_sintetizada": "FE5776F6B2B5412F8A73F6B09B3D16D51100O.JPEG",
    "cantidad_archivos": 1,
    "archivos_fuente": [
      "Pictures/Fototeca de Fotos.photoslibrary/resources/derivatives/F/FE5776F6-B2B5-412F-8A73-F6B09B3D16D5_1_100_o.jpeg"
    ],
    "ultima_modificacion": "2025-08-01 01:01:04.574710"
  },
  "fd9c0b6fca6f4fb0ace01cd0eaa2166c1105c.jpeg": {
    "app_sintetizada": "FD9C0B6FCA6F4FB0ACE01CD0EAA2166C1105C.JPEG",
    "cantidad_archivos": 1,
    "archivos_fuente": [
      "Pictures/Fototeca de Fotos.photoslibrary/resources/derivatives/F/FD9C0B6F-CA6F-4FB0-ACE0-1CD0EAA2166C_1_105_c.jpeg"
    ],
    "ultima_modificacion": "2025-08-01 01:01:04.574952"
  },
  "f245a39a08b8483c9b8d653c082167011105c.jpeg": {
    "app_sintetizada": "F245A39A08B8483C9B8D653C082167011105C.JPEG",
    "cantidad_archivos": 1,
    "archivos_fuente": [
      "Pictures/Fototeca de Fotos.photoslibrary/resources/derivatives/F/F245A39A-08B8-483C-9B8D-653C08216701_1_105_c.jpeg"
    ],
    "ultima_modificacion": "2025-08-01 01:01:04.575234"
  },
  "f09fa39ca587482493d8d919a69133aa1105c.jpeg": {
    "app_sintetizada": "F09FA39CA587482493D8D919A69133AA1105C.JPEG",
    "cantidad_archivos": 1,
    "archivos_fuente": [
      "Pictures/Fototeca de Fotos.photoslibrary/resources/derivatives/F/F09FA39C-A587-4824-93D8-D919A69133AA_1_105_c.jpeg"
    ],
    "ultima_modificacion": "2025-08-01 01:01:04.575575"
  },
  "f276085d5fd94236beed3f618dbe4a8f.thm": {
    "app_sintetizada": "F276085D5FD94236BEED3F618DBE4A8F.THM",
    "cantidad_archivos": 1,
    "archivos_fuente": [
      "Pictures/Fototeca de Fotos.photoslibrary/resources/derivatives/F/F276085D-5FD9-4236-BEED-3F618DBE4A8F.THM"
    ],
    "ultima_modificacion": "2025-08-01 01:01:04.575878"
  },
  "fa8b7d9fbac448e48732ae5c5234c1811105c.jpeg": {
    "app_sintetizada": "FA8B7D9FBAC448E48732AE5C5234C1811105C.JPEG",
    "cantidad_archivos": 1,
    "archivos_fuente": [
      "Pictures/Fototeca de Fotos.photoslibrary/resources/derivatives/F/FA8B7D9F-BAC4-48E4-8732-AE5C5234C181_1_105_c.jpeg"
    ],
    "ultima_modificacion": "2025-08-01 01:01:04.576174"
  },
  "fda3c7134a6a4c0eb1fde5c5db6b3a521105c.jpeg": {
    "app_sintetizada": "FDA3C7134A6A4C0EB1FDE5C5DB6B3A521105C.JPEG",
    "cantidad_archivos": 1,
    "archivos_fuente": [
      "Pictures/Fototeca de Fotos.photoslibrary/resources/derivatives/F/FDA3C713-4A6A-4C0E-B1FD-E5C5DB6B3A52_1_105_c.jpeg"
    ],
    "ultima_modificacion": "2025-08-01 01:01:04.576465"
  },
  "faf92c4b55fd4e38912fb36cb3386b101105c.jpeg": {
    "app_sintetizada": "FAF92C4B55FD4E38912FB36CB3386B101105C.JPEG",
    "cantidad_archivos": 1,
    "archivos_fuente": [
      "Pictures/Fototeca de Fotos.photoslibrary/resources/derivatives/F/FAF92C4B-55FD-4E38-912F-B36CB3386B10_1_105_c.jpeg"
    ],
    "ultima_modificacion": "2025-08-01 01:01:04.576759"
  },
  "f10561048a48402880988e78ae0d35301105c.jpeg": {
    "app_sintetizada": "F10561048A48402880988E78AE0D35301105C.JPEG",
    "cantidad_archivos": 1,
    "archivos_fuente": [
      "Pictures/Fototeca de Fotos.photoslibrary/resources/derivatives/F/F1056104-8A48-4028-8098-8E78AE0D3530_1_105_c.jpeg"
    ],
    "ultima_modificacion": "2025-08-01 01:01:04.577051"
  },
  "f4e3f0c13204407ab0fe0248d14cd06f1105c.jpeg": {
    "app_sintetizada": "F4E3F0C13204407AB0FE0248D14CD06F1105C.JPEG",
    "cantidad_archivos": 1,
    "archivos_fuente": [
      "Pictures/Fototeca de Fotos.photoslibrary/resources/derivatives/F/F4E3F0C1-3204-407A-B0FE-0248D14CD06F_1_105_c.jpeg"
    ],
    "ultima_modificacion": "2025-08-01 01:01:04.577349"
  },
  "f3bd722086a24a17959387ee000f00ff1105c.jpeg": {
    "app_sintetizada": "F3BD722086A24A17959387EE000F00FF1105C.JPEG",
    "cantidad_archivos": 1,
    "archivos_fuente": [
      "Pictures/Fototeca de Fotos.photoslibrary/resources/derivatives/F/F3BD7220-86A2-4A17-9593-87EE000F00FF_1_105_c.jpeg"
    ],
    "ultima_modificacion": "2025-08-01 01:01:04.577589"
  },
  "fd668b3b15824a96a4d7265793acee191105c.jpeg": {
    "app_sintetizada": "FD668B3B15824A96A4D7265793ACEE191105C.JPEG",
    "cantidad_archivos": 1,
    "archivos_fuente": [
      "Pictures/Fototeca de Fotos.photoslibrary/resources/derivatives/F/FD668B3B-1582-4A96-A4D7-265793ACEE19_1_105_c.jpeg"
    ],
    "ultima_modificacion": "2025-08-01 01:01:04.577846"
  },
  "fa728a340eb0425888d7df6f36c10bc51105c.jpeg": {
    "app_sintetizada": "FA728A340EB0425888D7DF6F36C10BC51105C.JPEG",
    "cantidad_archivos": 1,
    "archivos_fuente": [
      "Pictures/Fototeca de Fotos.photoslibrary/resources/derivatives/F/FA728A34-0EB0-4258-88D7-DF6F36C10BC5_1_105_c.jpeg"
    ],
    "ultima_modificacion": "2025-08-01 01:01:04.578089"
  },
  "f7b70f37b8db4e91927f62ea3a4197ad1102o.jpeg": {
    "app_sintetizada": "F7B70F37B8DB4E91927F62EA3A4197AD1102O.JPEG",
    "cantidad_archivos": 1,
    "archivos_fuente": [
      "Pictures/Fototeca de Fotos.photoslibrary/resources/derivatives/F/F7B70F37-B8DB-4E91-927F-62EA3A4197AD_1_102_o.jpeg"
    ],
    "ultima_modificacion": "2025-08-01 01:01:04.578396"
  },
  "fadc20b99e954a2ca537ec9e221bdd58.thm": {
    "app_sintetizada": "FADC20B99E954A2CA537EC9E221BDD58.THM",
    "cantidad_archivos": 1,
    "archivos_fuente": [
      "Pictures/Fototeca de Fotos.photoslibrary/resources/derivatives/F/FADC20B9-9E95-4A2C-A537-EC9E221BDD58.THM"
    ],
    "ultima_modificacion": "2025-08-01 01:01:04.578607"
  },
  "fa478e64d687487c92b8cee606abfd801105c.jpeg": {
    "app_sintetizada": "FA478E64D687487C92B8CEE606ABFD801105C.JPEG",
    "cantidad_archivos": 1,
    "archivos_fuente": [
      "Pictures/Fototeca de Fotos.photoslibrary/resources/derivatives/F/FA478E64-D687-487C-92B8-CEE606ABFD80_1_105_c.jpeg"
    ],
    "ultima_modificacion": "2025-08-01 01:01:04.578811"
  },
  "f68991768c49424490353b37bc91de3f.thm": {
    "app_sintetizada": "F68991768C49424490353B37BC91DE3F.THM",
    "cantidad_archivos": 1,
    "archivos_fuente": [
      "Pictures/Fototeca de Fotos.photoslibrary/resources/derivatives/F/F6899176-8C49-4244-9035-3B37BC91DE3F.THM"
    ],
    "ultima_modificacion": "2025-08-01 01:01:04.579007"
  },
  "f189dd4c80da4d4bbb368cbdbae0fbad.thm": {
    "app_sintetizada": "F189DD4C80DA4D4BBB368CBDBAE0FBAD.THM",
    "cantidad_archivos": 1,
    "archivos_fuente": [
      "Pictures/Fototeca de Fotos.photoslibrary/resources/derivatives/F/F189DD4C-80DA-4D4B-BB36-8CBDBAE0FBAD.THM"
    ],
    "ultima_modificacion": "2025-08-01 01:01:04.579196"
  },
  "f611b47a9b904b0ba90ec0dde68895011105c.jpeg": {
    "app_sintetizada": "F611B47A9B904B0BA90EC0DDE68895011105C.JPEG",
    "cantidad_archivos": 1,
    "archivos_fuente": [
      "Pictures/Fototeca de Fotos.photoslibrary/resources/derivatives/F/F611B47A-9B90-4B0B-A90E-C0DDE6889501_1_105_c.jpeg"
    ],
    "ultima_modificacion": "2025-08-01 01:01:04.579379"
  },
  "f5e1e8aa657140228553c6ea85cb78551105c.jpeg": {
    "app_sintetizada": "F5E1E8AA657140228553C6EA85CB78551105C.JPEG",
    "cantidad_archivos": 1,
    "archivos_fuente": [
      "Pictures/Fototeca de Fotos.photoslibrary/resources/derivatives/F/F5E1E8AA-6571-4022-8553-C6EA85CB7855_1_105_c.jpeg"
    ],
    "ultima_modificacion": "2025-08-01 01:01:04.579559"
  },
  "f892fb3673244414b368fed25796c22f1105c.jpeg": {
    "app_sintetizada": "F892FB3673244414B368FED25796C22F1105C.JPEG",
    "cantidad_archivos": 1,
    "archivos_fuente": [
      "Pictures/Fototeca de Fotos.photoslibrary/resources/derivatives/F/F892FB36-7324-4414-B368-FED25796C22F_1_105_c.jpeg"
    ],
    "ultima_modificacion": "2025-08-01 01:01:04.579759"
  },
  "f33fdea73a644de796032e1f95c170661105c.jpeg": {
    "app_sintetizada": "F33FDEA73A644DE796032E1F95C170661105C.JPEG",
    "cantidad_archivos": 1,
    "archivos_fuente": [
      "Pictures/Fototeca de Fotos.photoslibrary/resources/derivatives/F/F33FDEA7-3A64-4DE7-9603-2E1F95C17066_1_105_c.jpeg"
    ],
    "ultima_modificacion": "2025-08-01 01:01:04.579953"
  },
  "f2b58405a2824bbb9fcb5ee2a2a5301d1105c.jpeg": {
    "app_sintetizada": "F2B58405A2824BBB9FCB5EE2A2A5301D1105C.JPEG",
    "cantidad_archivos": 1,
    "archivos_fuente": [
      "Pictures/Fototeca de Fotos.photoslibrary/resources/derivatives/F/F2B58405-A282-4BBB-9FCB-5EE2A2A5301D_1_105_c.jpeg"
    ],
    "ultima_modificacion": "2025-08-01 01:01:04.580127"
  },
  "f1261253e7cd4e89abb20522526a6ea91105c.jpeg": {
    "app_sintetizada": "F1261253E7CD4E89ABB20522526A6EA91105C.JPEG",
    "cantidad_archivos": 1,
    "archivos_fuente": [
      "Pictures/Fototeca de Fotos.photoslibrary/resources/derivatives/F/F1261253-E7CD-4E89-ABB2-0522526A6EA9_1_105_c.jpeg"
    ],
    "ultima_modificacion": "2025-08-01 01:01:04.580334"
  },
  "fc2a9d5821e7490e9a2495cb3bf2d6281105c.jpeg": {
    "app_sintetizada": "FC2A9D5821E7490E9A2495CB3BF2D6281105C.JPEG",
    "cantidad_archivos": 1,
    "archivos_fuente": [
      "Pictures/Fototeca de Fotos.photoslibrary/resources/derivatives/F/FC2A9D58-21E7-490E-9A24-95CB3BF2D628_1_105_c.jpeg"
    ],
    "ultima_modificacion": "2025-08-01 01:01:04.580640"
  },
  "f4bc0ddff4e14019bee80deadd5e56001105c.jpeg": {
    "app_sintetizada": "F4BC0DDFF4E14019BEE80DEADD5E56001105C.JPEG",
    "cantidad_archivos": 1,
    "archivos_fuente": [
      "Pictures/Fototeca de Fotos.photoslibrary/resources/derivatives/F/F4BC0DDF-F4E1-4019-BEE8-0DEADD5E5600_1_105_c.jpeg"
    ],
    "ultima_modificacion": "2025-08-01 01:01:04.580922"
  }
}