{
  "f4c96a055dc549f98a1296820566bce81105c.jpeg": {
    "app_sintetizada": "F4C96A055DC549F98A1296820566BCE81105C.JPEG",
    "cantidad_archivos": 1,
    "archivos_fuente": [
      "Pictures/Fototeca de Fotos.photoslibrary/resources/derivatives/F/F4C96A05-5DC5-49F9-8A12-96820566BCE8_1_105_c.jpeg"
    ],
    "ultima_modificacion": "2025-08-01 01:01:04.969252"
  },
  "f8be1dfdc32b4b06a62d7e735fa8dc811105c.jpeg": {
    "app_sintetizada": "F8BE1DFDC32B4B06A62D7E735FA8DC811105C.JPEG",
    "cantidad_archivos": 1,
    "archivos_fuente": [
      "Pictures/Fototeca de Fotos.photoslibrary/resources/derivatives/F/F8BE1DFD-C32B-4B06-A62D-7E735FA8DC81_1_105_c.jpeg"
    ],
    "ultima_modificacion": "2025-08-01 01:01:04.969520"
  },
  "f715e5b46ab94560aae7afbdd18562b21105c.jpeg": {
    "app_sintetizada": "F715E5B46AB94560AAE7AFBDD18562B21105C.JPEG",
    "cantidad_archivos": 1,
    "archivos_fuente": [
      "Pictures/Fototeca de Fotos.photoslibrary/resources/derivatives/F/F715E5B4-6AB9-4560-AAE7-AFBDD18562B2_1_105_c.jpeg"
    ],
    "ultima_modificacion": "2025-08-01 01:01:04.969760"
  },
  "fe2ce8db6dd14ed28aec5aacd67ef7031105c.jpeg": {
    "app_sintetizada": "FE2CE8DB6DD14ED28AEC5AACD67EF7031105C.JPEG",
    "cantidad_archivos": 1,
    "archivos_fuente": [
      "Pictures/Fototeca de Fotos.photoslibrary/resources/derivatives/F/FE2CE8DB-6DD1-4ED2-8AEC-5AACD67EF703_1_105_c.jpeg"
    ],
    "ultima_modificacion": "2025-08-01 01:01:04.970005"
  },
  "f4daf8945bcf41e89418b04d4eb4b8741105c.jpeg": {
    "app_sintetizada": "F4DAF8945BCF41E89418B04D4EB4B8741105C.JPEG",
    "cantidad_archivos": 1,
    "archivos_fuente": [
      "Pictures/Fototeca de Fotos.photoslibrary/resources/derivatives/F/F4DAF894-5BCF-41E8-9418-B04D4EB4B874_1_105_c.jpeg"
    ],
    "ultima_modificacion": "2025-08-01 01:01:04.970248"
  },
  "f69a08c6e7b94d22a5f77e2afaef6d791105c.jpeg": {
    "app_sintetizada": "F69A08C6E7B94D22A5F77E2AFAEF6D791105C.JPEG",
    "cantidad_archivos": 1,
    "archivos_fuente": [
      "Pictures/Fototeca de Fotos.photoslibrary/resources/derivatives/F/F69A08C6-E7B9-4D22-A5F7-7E2AFAEF6D79_1_105_c.jpeg"
    ],
    "ultima_modificacion": "2025-08-01 01:01:04.970571"
  },
  "f98b8f511481471c84c971fa642b10f61105c.jpeg": {
    "app_sintetizada": "F98B8F511481471C84C971FA642B10F61105C.JPEG",
    "cantidad_archivos": 1,
    "archivos_fuente": [
      "Pictures/Fototeca de Fotos.photoslibrary/resources/derivatives/F/F98B8F51-1481-471C-84C9-71FA642B10F6_1_105_c.jpeg"
    ],
    "ultima_modificacion": "2025-08-01 01:01:04.970908"
  },
  "f0a721ba542a4eb8acb894b0402a955f1105c.jpeg": {
    "app_sintetizada": "F0A721BA542A4EB8ACB894B0402A955F1105C.JPEG",
    "cantidad_archivos": 1,
    "archivos_fuente": [
      "Pictures/Fototeca de Fotos.photoslibrary/resources/derivatives/F/F0A721BA-542A-4EB8-ACB8-94B0402A955F_1_105_c.jpeg"
    ],
    "ultima_modificacion": "2025-08-01 01:01:04.971224"
  },
  "fdf89463659e4792ba7a6230f5c3c1811105c.jpeg": {
    "app_sintetizada": "FDF89463659E4792BA7A6230F5C3C1811105C.JPEG",
    "cantidad_archivos": 1,
    "archivos_fuente": [
      "Pictures/Fototeca de Fotos.photoslibrary/resources/derivatives/F/FDF89463-659E-4792-BA7A-6230F5C3C181_1_105_c.jpeg"
    ],
    "ultima_modificacion": "2025-08-01 01:01:04.971476"
  },
  "f58906b7920e46e8b74a0682080034921105c.jpeg": {
    "app_sintetizada": "F58906B7920E46E8B74A0682080034921105C.JPEG",
    "cantidad_archivos": 1,
    "archivos_fuente": [
      "Pictures/Fototeca de Fotos.photoslibrary/resources/derivatives/F/F58906B7-920E-46E8-B74A-068208003492_1_105_c.jpeg"
    ],
    "ultima_modificacion": "2025-08-01 01:01:04.971705"
  },
  "f553488f11d74715a6fe5a5f636562df1105c.jpeg": {
    "app_sintetizada": "F553488F11D74715A6FE5A5F636562DF1105C.JPEG",
    "cantidad_archivos": 1,
    "archivos_fuente": [
      "Pictures/Fototeca de Fotos.photoslibrary/resources/derivatives/F/F553488F-11D7-4715-A6FE-5A5F636562DF_1_105_c.jpeg"
    ],
    "ultima_modificacion": "2025-08-01 01:01:04.971940"
  },
  "f932e3895f424e2195d9d6a5ac1b26401105c.jpeg": {
    "app_sintetizada": "F932E3895F424E2195D9D6A5AC1B26401105C.JPEG",
    "cantidad_archivos": 1,
    "archivos_fuente": [
      "Pictures/Fototeca de Fotos.photoslibrary/resources/derivatives/F/F932E389-5F42-4E21-95D9-D6A5AC1B2640_1_105_c.jpeg"
    ],
    "ultima_modificacion": "2025-08-01 01:01:04.972167"
  },
  "fd481686e2654ab7abba09bc9f1562aa1105c.jpeg": {
    "app_sintetizada": "FD481686E2654AB7ABBA09BC9F1562AA1105C.JPEG",
    "cantidad_archivos": 1,
    "archivos_fuente": [
      "Pictures/Fototeca de Fotos.photoslibrary/resources/derivatives/F/FD481686-E265-4AB7-ABBA-09BC9F1562AA_1_105_c.jpeg"
    ],
    "ultima_modificacion": "2025-08-01 01:01:04.972390"
  },
  "f1cbaae1fe5d45098fcddb077e840d341105c.jpeg": {
    "app_sintetizada": "F1CBAAE1FE5D45098FCDDB077E840D341105C.JPEG",
    "cantidad_archivos": 1,
    "archivos_fuente": [
      "Pictures/Fototeca de Fotos.photoslibrary/resources/derivatives/F/F1CBAAE1-FE5D-4509-8FCD-DB077E840D34_1_105_c.jpeg"
    ],
    "ultima_modificacion": "2025-08-01 01:01:04.972614"
  },
  "f24e61d2aebe43109e64ae53698746b01105c.jpeg": {
    "app_sintetizada": "F24E61D2AEBE43109E64AE53698746B01105C.JPEG",
    "cantidad_archivos": 1,
    "archivos_fuente": [
      "Pictures/Fototeca de Fotos.photoslibrary/resources/derivatives/F/F24E61D2-AEBE-4310-9E64-AE53698746B0_1_105_c.jpeg"
    ],
    "ultima_modificacion": "2025-08-01 01:01:04.972838"
  },
  "f4b2061dd4ad404fafc77268efc30e281105c.jpeg": {
    "app_sintetizada": "F4B2061DD4AD404FAFC77268EFC30E281105C.JPEG",
    "cantidad_archivos": 1,
    "archivos_fuente": [
      "Pictures/Fototeca de Fotos.photoslibrary/resources/derivatives/F/F4B2061D-D4AD-404F-AFC7-7268EFC30E28_1_105_c.jpeg"
    ],
    "ultima_modificacion": "2025-08-01 01:01:04.973102"
  },
  "fd98b872e9854c3198f0a68ce22d3cd91105c.jpeg": {
    "app_sintetizada": "FD98B872E9854C3198F0A68CE22D3CD91105C.JPEG",
    "cantidad_archivos": 1,
    "archivos_fuente": [
      "Pictures/Fototeca de Fotos.photoslibrary/resources/derivatives/F/FD98B872-E985-4C31-98F0-A68CE22D3CD9_1_105_c.jpeg"
    ],
    "ultima_modificacion": "2025-08-01 01:01:04.973315"
  },
  "f5eafc9a087748228c6c487f8c2f42ac1105c.jpeg": {
    "app_sintetizada": "F5EAFC9A087748228C6C487F8C2F42AC1105C.JPEG",
    "cantidad_archivos": 1,
    "archivos_fuente": [
      "Pictures/Fototeca de Fotos.photoslibrary/resources/derivatives/F/F5EAFC9A-0877-4822-8C6C-487F8C2F42AC_1_105_c.jpeg"
    ],
    "ultima_modificacion": "2025-08-01 01:01:04.973707"
  },
  "fad1427c0ea34c6a8ac212a57171e0ba1105c.jpeg": {
    "app_sintetizada": "FAD1427C0EA34C6A8AC212A57171E0BA1105C.JPEG",
    "cantidad_archivos": 1,
    "archivos_fuente": [
      "Pictures/Fototeca de Fotos.photoslibrary/resources/derivatives/F/FAD1427C-0EA3-4C6A-8AC2-12A57171E0BA_1_105_c.jpeg"
    ],
    "ultima_modificacion": "2025-08-01 01:01:04.973963"
  },
  "fce9fe09c1ab4601bc9c0561c295c2df1105c.jpeg": {
    "app_sintetizada": "FCE9FE09C1AB4601BC9C0561C295C2DF1105C.JPEG",
    "cantidad_archivos": 1,
    "archivos_fuente": [
      "Pictures/Fototeca de Fotos.photoslibrary/resources/derivatives/F/FCE9FE09-C1AB-4601-BC9C-0561C295C2DF_1_105_c.jpeg"
    ],
    "ultima_modificacion": "2025-08-01 01:01:04.974224"
  },
  "f214183653a642718d4178006d389b3b1105c.jpeg": {
    "app_sintetizada": "F214183653A642718D4178006D389B3B1105C.JPEG",
    "cantidad_archivos": 1,
    "archivos_fuente": [
      "Pictures/Fototeca de Fotos.photoslibrary/resources/derivatives/F/F2141836-53A6-4271-8D41-78006D389B3B_1_105_c.jpeg"
    ],
    "ultima_modificacion": "2025-08-01 01:01:04.974449"
  },
  "ffd53525d4f2486e9aac62479c9600fe1100o.jpeg": {
    "app_sintetizada": "FFD53525D4F2486E9AAC62479C9600FE1100O.JPEG",
    "cantidad_archivos": 1,
    "archivos_fuente": [
      "Pictures/Fototeca de Fotos.photoslibrary/resources/derivatives/F/FFD53525-D4F2-486E-9AAC-62479C9600FE_1_100_o.jpeg"
    ],
    "ultima_modificacion": "2025-08-01 01:01:04.974717"
  },
  "fe31c3f3ca1f47cb8c0400f6f330748f1105c.jpeg": {
    "app_sintetizada": "FE31C3F3CA1F47CB8C0400F6F330748F1105C.JPEG",
    "cantidad_archivos": 1,
    "archivos_fuente": [
      "Pictures/Fototeca de Fotos.photoslibrary/resources/derivatives/F/FE31C3F3-CA1F-47CB-8C04-00F6F330748F_1_105_c.jpeg"
    ],
    "ultima_modificacion": "2025-08-01 01:01:04.974951"
  },
  "fc2daf2f61ca4d59b5c08b0a769d19431105c.jpeg": {
    "app_sintetizada": "FC2DAF2F61CA4D59B5C08B0A769D19431105C.JPEG",
    "cantidad_archivos": 1,
    "archivos_fuente": [
      "Pictures/Fototeca de Fotos.photoslibrary/resources/derivatives/F/FC2DAF2F-61CA-4D59-B5C0-8B0A769D1943_1_105_c.jpeg"
    ],
    "ultima_modificacion": "2025-08-01 01:01:04.975164"
  },
  "feb3c28a0e7e4026a01260e4856b73881105c.jpeg": {
    "app_sintetizada": "FEB3C28A0E7E4026A01260E4856B73881105C.JPEG",
    "cantidad_archivos": 1,
    "archivos_fuente": [
      "Pictures/Fototeca de Fotos.photoslibrary/resources/derivatives/F/FEB3C28A-0E7E-4026-A012-60E4856B7388_1_105_c.jpeg"
    ],
    "ultima_modificacion": "2025-08-01 01:01:04.975403"
  },
  "f982e80fa9af41e1909cc02b4b8fa72f1105c.jpeg": {
    "app_sintetizada": "F982E80FA9AF41E1909CC02B4B8FA72F1105C.JPEG",
    "cantidad_archivos": 1,
    "archivos_fuente": [
      "Pictures/Fototeca de Fotos.photoslibrary/resources/derivatives/F/F982E80F-A9AF-41E1-909C-C02B4B8FA72F_1_105_c.jpeg"
    ],
    "ultima_modificacion": "2025-08-01 01:01:04.975765"
  },
  "fe97710909c74c978c99ffd15d7f400d1105c.jpeg": {
    "app_sintetizada": "FE97710909C74C978C99FFD15D7F400D1105C.JPEG",
    "cantidad_archivos": 1,
    "archivos_fuente": [
      "Pictures/Fototeca de Fotos.photoslibrary/resources/derivatives/F/FE977109-09C7-4C97-8C99-FFD15D7F400D_1_105_c.jpeg"
    ],
    "ultima_modificacion": "2025-08-01 01:01:04.976022"
  },
  "f0f9a55a997f4f55b3403befeaf61bb81105c.jpeg": {
    "app_sintetizada": "F0F9A55A997F4F55B3403BEFEAF61BB81105C.JPEG",
    "cantidad_archivos": 1,
    "archivos_fuente": [
      "Pictures/Fototeca de Fotos.photoslibrary/resources/derivatives/F/F0F9A55A-997F-4F55-B340-3BEFEAF61BB8_1_105_c.jpeg"
    ],
    "ultima_modificacion": "2025-08-01 01:01:04.976268"
  },
  "f989320672c14a0fbfa81863c7c29c0f1105c.jpeg": {
    "app_sintetizada": "F989320672C14A0FBFA81863C7C29C0F1105C.JPEG",
    "cantidad_archivos": 1,
    "archivos_fuente": [
      "Pictures/Fototeca de Fotos.photoslibrary/resources/derivatives/F/F9893206-72C1-4A0F-BFA8-1863C7C29C0F_1_105_c.jpeg"
    ],
    "ultima_modificacion": "2025-08-01 01:01:04.976500"
  },
  "ffabdf3e15ee4f038d5e51facb2fd65c.thm": {
    "app_sintetizada": "FFABDF3E15EE4F038D5E51FACB2FD65C.THM",
    "cantidad_archivos": 1,
    "archivos_fuente": [
      "Pictures/Fototeca de Fotos.photoslibrary/resources/derivatives/F/FFABDF3E-15EE-4F03-8D5E-51FACB2FD65C.THM"
    ],
    "ultima_modificacion": "2025-08-01 01:01:04.976715"
  },
  "f4ade02a9f774c8b80122ddf78a2cffd1105c.jpeg": {
    "app_sintetizada": "F4ADE02A9F774C8B80122DDF78A2CFFD1105C.JPEG",
    "cantidad_archivos": 1,
    "archivos_fuente": [
      "Pictures/Fototeca de Fotos.photoslibrary/resources/derivatives/F/F4ADE02A-9F77-4C8B-8012-2DDF78A2CFFD_1_105_c.jpeg"
    ],
    "ultima_modificacion": "2025-08-01 01:01:04.976920"
  },
  "f5c000234e00431697e5fd209baa185a1105c.jpeg": {
    "app_sintetizada": "F5C000234E00431697E5FD209BAA185A1105C.JPEG",
    "cantidad_archivos": 1,
    "archivos_fuente": [
      "Pictures/Fototeca de Fotos.photoslibrary/resources/derivatives/F/F5C00023-4E00-4316-97E5-FD209BAA185A_1_105_c.jpeg"
    ],
    "ultima_modificacion": "2025-08-01 01:01:04.977162"
  },
  "f0ff51c858424d5d84227a5fa98826871105c.jpeg": {
    "app_sintetizada": "F0FF51C858424D5D84227A5FA98826871105C.JPEG",
    "cantidad_archivos": 1,
    "archivos_fuente": [
      "Pictures/Fototeca de Fotos.photoslibrary/resources/derivatives/F/F0FF51C8-5842-4D5D-8422-7A5FA9882687_1_105_c.jpeg"
    ],
    "ultima_modificacion": "2025-08-01 01:01:04.977425"
  },
  "f56f15376fc04e9e95cde3ad11f637141105c.jpeg": {
    "app_sintetizada": "F56F15376FC04E9E95CDE3AD11F637141105C.JPEG",
    "cantidad_archivos": 1,
    "archivos_fuente": [
      "Pictures/Fototeca de Fotos.photoslibrary/resources/derivatives/F/F56F1537-6FC0-4E9E-95CD-E3AD11F63714_1_105_c.jpeg"
    ],
    "ultima_modificacion": "2025-08-01 01:01:04.977698"
  },
  "f1d17dd3beff4f6d99ba0b297e8c67711105c.jpeg": {
    "app_sintetizada": "F1D17DD3BEFF4F6D99BA0B297E8C67711105C.JPEG",
    "cantidad_archivos": 1,
    "archivos_fuente": [
      "Pictures/Fototeca de Fotos.photoslibrary/resources/derivatives/F/F1D17DD3-BEFF-4F6D-99BA-0B297E8C6771_1_105_c.jpeg"
    ],
    "ultima_modificacion": "2025-08-01 01:01:04.977969"
  },
  "f9627b851ac4497daf16b46798687c6d1105c.jpeg": {
    "app_sintetizada": "F9627B851AC4497DAF16B46798687C6D1105C.JPEG",
    "cantidad_archivos": 1,
    "archivos_fuente": [
      "Pictures/Fototeca de Fotos.photoslibrary/resources/derivatives/F/F9627B85-1AC4-497D-AF16-B46798687C6D_1_105_c.jpeg"
    ],
    "ultima_modificacion": "2025-08-01 01:01:04.978341"
  },
  "f0ab911ec7df4946a1fac569b1e9ca2c1105c.jpeg": {
    "app_sintetizada": "F0AB911EC7DF4946A1FAC569B1E9CA2C1105C.JPEG",
    "cantidad_archivos": 1,
    "archivos_fuente": [
      "Pictures/Fototeca de Fotos.photoslibrary/resources/derivatives/F/F0AB911E-C7DF-4946-A1FA-C569B1E9CA2C_1_105_c.jpeg"
    ],
    "ultima_modificacion": "2025-08-01 01:01:04.978629"
  },
  "f1b932ef3170491fad4c5a0f07be80911105c.jpeg": {
    "app_sintetizada": "F1B932EF3170491FAD4C5A0F07BE80911105C.JPEG",
    "cantidad_archivos": 1,
    "archivos_fuente": [
      "Pictures/Fototeca de Fotos.photoslibrary/resources/derivatives/F/F1B932EF-3170-491F-AD4C-5A0F07BE8091_1_105_c.jpeg"
    ],
    "ultima_modificacion": "2025-08-01 01:01:04.978900"
  },
  "f2bb32501f334c6c87f16d747d5eb2a11105c.jpeg": {
    "app_sintetizada": "F2BB32501F334C6C87F16D747D5EB2A11105C.JPEG",
    "cantidad_archivos": 1,
    "archivos_fuente": [
      "Pictures/Fototeca de Fotos.photoslibrary/resources/derivatives/F/F2BB3250-1F33-4C6C-87F1-6D747D5EB2A1_1_105_c.jpeg"
    ],
    "ultima_modificacion": "2025-08-01 01:01:04.979176"
  },
  "f570e8eda25f4ecdb919c91f182d90ab1105c.jpeg": {
    "app_sintetizada": "F570E8EDA25F4ECDB919C91F182D90AB1105C.JPEG",
    "cantidad_archivos": 1,
    "archivos_fuente": [
      "Pictures/Fototeca de Fotos.photoslibrary/resources/derivatives/F/F570E8ED-A25F-4ECD-B919-C91F182D90AB_1_105_c.jpeg"
    ],
    "ultima_modificacion": "2025-08-01 01:01:04.979448"
  },
  "f662ded1842a499580bbc658773db3911105c.jpeg": {
    "app_sintetizada": "F662DED1842A499580BBC658773DB3911105C.JPEG",
    "cantidad_archivos": 1,
    "archivos_fuente": [
      "Pictures/Fototeca de Fotos.photoslibrary/resources/derivatives/F/F662DED1-842A-4995-80BB-C658773DB391_1_105_c.jpeg"
    ],
    "ultima_modificacion": "2025-08-01 01:01:04.979727"
  },
  "f1a86dd70d484e57be319461d6e8dc211105c.jpeg": {
    "app_sintetizada": "F1A86DD70D484E57BE319461D6E8DC211105C.JPEG",
    "cantidad_archivos": 1,
    "archivos_fuente": [
      "Pictures/Fototeca de Fotos.photoslibrary/resources/derivatives/F/F1A86DD7-0D48-4E57-BE31-9461D6E8DC21_1_105_c.jpeg"
    ],
    "ultima_modificacion": "2025-08-01 01:01:04.980048"
  },
  "fdd223acc6744bf79407e8ebff70a6dc1105c.jpeg": {
    "app_sintetizada": "FDD223ACC6744BF79407E8EBFF70A6DC1105C.JPEG",
    "cantidad_archivos": 1,
    "archivos_fuente": [
      "Pictures/Fototeca de Fotos.photoslibrary/resources/derivatives/F/FDD223AC-C674-4BF7-9407-E8EBFF70A6DC_1_105_c.jpeg"
    ],
    "ultima_modificacion": "2025-08-01 01:01:04.980454"
  },
  "fa8113839cea4d989ca46d9a61596f061105c.jpeg": {
    "app_sintetizada": "FA8113839CEA4D989CA46D9A61596F061105C.JPEG",
    "cantidad_archivos": 1,
    "archivos_fuente": [
      "Pictures/Fototeca de Fotos.photoslibrary/resources/derivatives/F/FA811383-9CEA-4D98-9CA4-6D9A61596F06_1_105_c.jpeg"
    ],
    "ultima_modificacion": "2025-08-01 01:01:04.980778"
  },
  "fc950f92ce5c41ae9e7cd33cfc770f3d1105c.jpeg": {
    "app_sintetizada": "FC950F92CE5C41AE9E7CD33CFC770F3D1105C.JPEG",
    "cantidad_archivos": 1,
    "archivos_fuente": [
      "Pictures/Fototeca de Fotos.photoslibrary/resources/derivatives/F/FC950F92-CE5C-41AE-9E7C-D33CFC770F3D_1_105_c.jpeg"
    ],
    "ultima_modificacion": "2025-08-01 01:01:04.981009"
  },
  "f1d97d182f20426e92b046f79187b3111105c.jpeg": {
    "app_sintetizada": "F1D97D182F20426E92B046F79187B3111105C.JPEG",
    "cantidad_archivos": 1,
    "archivos_fuente": [
      "Pictures/Fototeca de Fotos.photoslibrary/resources/derivatives/F/F1D97D18-2F20-426E-92B0-46F79187B311_1_105_c.jpeg"
    ],
    "ultima_modificacion": "2025-08-01 01:01:04.981223"
  },
  "f326776531de40fc9b1b9a45933aaa7c1105c.jpeg": {
    "app_sintetizada": "F326776531DE40FC9B1B9A45933AAA7C1105C.JPEG",
    "cantidad_archivos": 1,
    "archivos_fuente": [
      "Pictures/Fototeca de Fotos.photoslibrary/resources/derivatives/F/F3267765-31DE-40FC-9B1B-9A45933AAA7C_1_105_c.jpeg"
    ],
    "ultima_modificacion": "2025-08-01 01:01:04.981526"
  },
  "fe82e9f77e3f4db094319ca31baff3221105c.jpeg": {
    "app_sintetizada": "FE82E9F77E3F4DB094319CA31BAFF3221105C.JPEG",
    "cantidad_archivos": 1,
    "archivos_fuente": [
      "Pictures/Fototeca de Fotos.photoslibrary/resources/derivatives/F/FE82E9F7-7E3F-4DB0-9431-9CA31BAFF322_1_105_c.jpeg"
    ],
    "ultima_modificacion": "2025-08-01 01:01:04.981830"
  },
  "fc4ad7dc6f354c929e516d4df37958421105c.jpeg": {
    "app_sintetizada": "FC4AD7DC6F354C929E516D4DF37958421105C.JPEG",
    "cantidad_archivos": 1,
    "archivos_fuente": [
      "Pictures/Fototeca de Fotos.photoslibrary/resources/derivatives/F/FC4AD7DC-6F35-4C92-9E51-6D4DF3795842_1_105_c.jpeg"
    ],
    "ultima_modificacion": "2025-08-01 01:01:04.982085"
  },
  "f6013bdf07784ec58840468ea908e4431105c.jpeg": {
    "app_sintetizada": "F6013BDF07784EC58840468EA908E4431105C.JPEG",
    "cantidad_archivos": 1,
    "archivos_fuente": [
      "Pictures/Fototeca de Fotos.photoslibrary/resources/derivatives/F/F6013BDF-0778-4EC5-8840-468EA908E443_1_105_c.jpeg"
    ],
    "ultima_modificacion": "2025-08-01 01:01:04.982310"
  },
  "f99e917d5d904a76987650faa0983ff51105c.jpeg": {
    "app_sintetizada": "F99E917D5D904A76987650FAA0983FF51105C.JPEG",
    "cantidad_archivos": 1,
    "archivos_fuente": [
      "Pictures/Fototeca de Fotos.photoslibrary/resources/derivatives/F/F99E917D-5D90-4A76-9876-50FAA0983FF5_1_105_c.jpeg"
    ],
    "ultima_modificacion": "2025-08-01 01:01:04.982546"
  },
  "f60538d08b474c1f9844b599374221f41105c.jpeg": {
    "app_sintetizada": "F60538D08B474C1F9844B599374221F41105C.JPEG",
    "cantidad_archivos": 1,
    "archivos_fuente": [
      "Pictures/Fototeca de Fotos.photoslibrary/resources/derivatives/F/F60538D0-8B47-4C1F-9844-B599374221F4_1_105_c.jpeg"
    ],
    "ultima_modificacion": "2025-08-01 01:01:04.982825"
  },
  "f85f2c06941b486f83a7fbefca1de7f11105c.jpeg": {
    "app_sintetizada": "F85F2C06941B486F83A7FBEFCA1DE7F11105C.JPEG",
    "cantidad_archivos": 1,
    "archivos_fuente": [
      "Pictures/Fototeca de Fotos.photoslibrary/resources/derivatives/F/F85F2C06-941B-486F-83A7-FBEFCA1DE7F1_1_105_c.jpeg"
    ],
    "ultima_modificacion": "2025-08-01 01:01:04.983043"
  },
  "f447282da9b24c5cb8d1e92aa206a9db1105c.jpeg": {
    "app_sintetizada": "F447282DA9B24C5CB8D1E92AA206A9DB1105C.JPEG",
    "cantidad_archivos": 1,
    "archivos_fuente": [
      "Pictures/Fototeca de Fotos.photoslibrary/resources/derivatives/F/F447282D-A9B2-4C5C-B8D1-E92AA206A9DB_1_105_c.jpeg"
    ],
    "ultima_modificacion": "2025-08-01 01:01:04.983302"
  },
  "f0e13349065647a2bfeefdcedbd446481105c.jpeg": {
    "app_sintetizada": "F0E13349065647A2BFEEFDCEDBD446481105C.JPEG",
    "cantidad_archivos": 1,
    "archivos_fuente": [
      "Pictures/Fototeca de Fotos.photoslibrary/resources/derivatives/F/F0E13349-0656-47A2-BFEE-FDCEDBD44648_1_105_c.jpeg"
    ],
    "ultima_modificacion": "2025-08-01 01:01:04.983503"
  },
  "fa4057e5cd474eadbb5f3b5ab155f3bb1105c.jpeg": {
    "app_sintetizada": "FA4057E5CD474EADBB5F3B5AB155F3BB1105C.JPEG",
    "cantidad_archivos": 1,
    "archivos_fuente": [
      "Pictures/Fototeca de Fotos.photoslibrary/resources/derivatives/F/FA4057E5-CD47-4EAD-BB5F-3B5AB155F3BB_1_105_c.jpeg"
    ],
    "ultima_modificacion": "2025-08-01 01:01:04.983687"
  },
  "f16d50fa6bee404abea965dd685229131105c.jpeg": {
    "app_sintetizada": "F16D50FA6BEE404ABEA965DD685229131105C.JPEG",
    "cantidad_archivos": 1,
    "archivos_fuente": [
      "Pictures/Fototeca de Fotos.photoslibrary/resources/derivatives/F/F16D50FA-6BEE-404A-BEA9-65DD68522913_1_105_c.jpeg"
    ],
    "ultima_modificacion": "2025-08-01 01:01:04.983955"
  },
  "f7355a41c9ff485ca41bb75888dda7581105c.jpeg": {
    "app_sintetizada": "F7355A41C9FF485CA41BB75888DDA7581105C.JPEG",
    "cantidad_archivos": 1,
    "archivos_fuente": [
      "Pictures/Fototeca de Fotos.photoslibrary/resources/derivatives/F/F7355A41-C9FF-485C-A41B-B75888DDA758_1_105_c.jpeg"
    ],
    "ultima_modificacion": "2025-08-01 01:01:04.984294"
  },
  "fd535e7e164d471aba9c4a76a4ebfcb31105c.jpeg": {
    "app_sintetizada": "FD535E7E164D471ABA9C4A76A4EBFCB31105C.JPEG",
    "cantidad_archivos": 1,
    "archivos_fuente": [
      "Pictures/Fototeca de Fotos.photoslibrary/resources/derivatives/F/FD535E7E-164D-471A-BA9C-4A76A4EBFCB3_1_105_c.jpeg"
    ],
    "ultima_modificacion": "2025-08-01 01:01:04.984697"
  },
  "faad0fa0439f436aab9c5b470bed3bfd1105c.jpeg": {
    "app_sintetizada": "FAAD0FA0439F436AAB9C5B470BED3BFD1105C.JPEG",
    "cantidad_archivos": 1,
    "archivos_fuente": [
      "Pictures/Fototeca de Fotos.photoslibrary/resources/derivatives/F/FAAD0FA0-439F-436A-AB9C-5B470BED3BFD_1_105_c.jpeg"
    ],
    "ultima_modificacion": "2025-08-01 01:01:04.985045"
  },
  "f30f636fa4d14199b7ca87392f5717fe1105c.jpeg": {
    "app_sintetizada": "F30F636FA4D14199B7CA87392F5717FE1105C.JPEG",
    "cantidad_archivos": 1,
    "archivos_fuente": [
      "Pictures/Fototeca de Fotos.photoslibrary/resources/derivatives/F/F30F636F-A4D1-4199-B7CA-87392F5717FE_1_105_c.jpeg"
    ],
    "ultima_modificacion": "2025-08-01 01:01:04.985352"
  },
  "fa6a6548e2304f70b3736bfe8976e078.thm": {
    "app_sintetizada": "FA6A6548E2304F70B3736BFE8976E078.THM",
    "cantidad_archivos": 1,
    "archivos_fuente": [
      "Pictures/Fototeca de Fotos.photoslibrary/resources/derivatives/F/FA6A6548-E230-4F70-B373-6BFE8976E078.THM"
    ],
    "ultima_modificacion": "2025-08-01 01:01:04.985673"
  },
  "f95857ec59db4e10ae72687879a6239c1105c.jpeg": {
    "app_sintetizada": "F95857EC59DB4E10AE72687879A6239C1105C.JPEG",
    "cantidad_archivos": 1,
    "archivos_fuente": [
      "Pictures/Fototeca de Fotos.photoslibrary/resources/derivatives/F/F95857EC-59DB-4E10-AE72-687879A6239C_1_105_c.jpeg"
    ],
    "ultima_modificacion": "2025-08-01 01:01:04.985953"
  },
  "f53d1a4657524c09af0e535eca12cbcf1105c.jpeg": {
    "app_sintetizada": "F53D1A4657524C09AF0E535ECA12CBCF1105C.JPEG",
    "cantidad_archivos": 1,
    "archivos_fuente": [
      "Pictures/Fototeca de Fotos.photoslibrary/resources/derivatives/F/F53D1A46-5752-4C09-AF0E-535ECA12CBCF_1_105_c.jpeg"
    ],
    "ultima_modificacion": "2025-08-01 01:01:04.986247"
  },
  "feda9e3c5dfa4dbcacd2cb13947c01b71105c.jpeg": {
    "app_sintetizada": "FEDA9E3C5DFA4DBCACD2CB13947C01B71105C.JPEG",
    "cantidad_archivos": 1,
    "archivos_fuente": [
      "Pictures/Fototeca de Fotos.photoslibrary/resources/derivatives/F/FEDA9E3C-5DFA-4DBC-ACD2-CB13947C01B7_1_105_c.jpeg"
    ],
    "ultima_modificacion": "2025-08-01 01:01:04.986554"
  },
  "f4510ebced20499db674757cd5bb2efa1105c.jpeg": {
    "app_sintetizada": "F4510EBCED20499DB674757CD5BB2EFA1105C.JPEG",
    "cantidad_archivos": 1,
    "archivos_fuente": [
      "Pictures/Fototeca de Fotos.photoslibrary/resources/derivatives/F/F4510EBC-ED20-499D-B674-757CD5BB2EFA_1_105_c.jpeg"
    ],
    "ultima_modificacion": "2025-08-01 01:01:04.986881"
  },
  "fbd8fd350eba4fdb97bc327e9cc5d56e1105c.jpeg": {
    "app_sintetizada": "FBD8FD350EBA4FDB97BC327E9CC5D56E1105C.JPEG",
    "cantidad_archivos": 1,
    "archivos_fuente": [
      "Pictures/Fototeca de Fotos.photoslibrary/resources/derivatives/F/FBD8FD35-0EBA-4FDB-97BC-327E9CC5D56E_1_105_c.jpeg"
    ],
    "ultima_modificacion": "2025-08-01 01:01:04.987200"
  },
  "f464f718f04d4d1d8ac09881979265141105c.jpeg": {
    "app_sintetizada": "F464F718F04D4D1D8AC09881979265141105C.JPEG",
    "cantidad_archivos": 1,
    "archivos_fuente": [
      "Pictures/Fototeca de Fotos.photoslibrary/resources/derivatives/F/F464F718-F04D-4D1D-8AC0-988197926514_1_105_c.jpeg"
    ],
    "ultima_modificacion": "2025-08-01 01:01:04.987463"
  },
  "f156fb47c23e4d0f83602f74c1d911951105c.jpeg": {
    "app_sintetizada": "F156FB47C23E4D0F83602F74C1D911951105C.JPEG",
    "cantidad_archivos": 1,
    "archivos_fuente": [
      "Pictures/Fototeca de Fotos.photoslibrary/resources/derivatives/F/F156FB47-C23E-4D0F-8360-2F74C1D91195_1_105_c.jpeg"
    ],
    "ultima_modificacion": "2025-08-01 01:01:04.987755"
  },
  "fdae512ed73c46bf853167fdd770f7f41105c.jpeg": {
    "app_sintetizada": "FDAE512ED73C46BF853167FDD770F7F41105C.JPEG",
    "cantidad_archivos": 1,
    "archivos_fuente": [
      "Pictures/Fototeca de Fotos.photoslibrary/resources/derivatives/F/FDAE512E-D73C-46BF-8531-67FDD770F7F4_1_105_c.jpeg"
    ],
    "ultima_modificacion": "2025-08-01 01:01:04.988063"
  },
  "f278d06745a84fbcb58927ccf9dd294b1105c.jpeg": {
    "app_sintetizada": "F278D06745A84FBCB58927CCF9DD294B1105C.JPEG",
    "cantidad_archivos": 1,
    "archivos_fuente": [
      "Pictures/Fototeca de Fotos.photoslibrary/resources/derivatives/F/F278D067-45A8-4FBC-B589-27CCF9DD294B_1_105_c.jpeg"
    ],
    "ultima_modificacion": "2025-08-01 01:01:04.988408"
  },
  "fa655a8661114826ba62b36f8245f13b1105c.jpeg": {
    "app_sintetizada": "FA655A8661114826BA62B36F8245F13B1105C.JPEG",
    "cantidad_archivos": 1,
    "archivos_fuente": [
      "Pictures/Fototeca de Fotos.photoslibrary/resources/derivatives/F/FA655A86-6111-4826-BA62-B36F8245F13B_1_105_c.jpeg"
    ],
    "ultima_modificacion": "2025-08-01 01:01:04.988743"
  },
  "fa20a70b05464a7f89ff7f596e1cbc511105c.jpeg": {
    "app_sintetizada": "FA20A70B05464A7F89FF7F596E1CBC511105C.JPEG",
    "cantidad_archivos": 1,
    "archivos_fuente": [
      "Pictures/Fototeca de Fotos.photoslibrary/resources/derivatives/F/FA20A70B-0546-4A7F-89FF-7F596E1CBC51_1_105_c.jpeg"
    ],
    "ultima_modificacion": "2025-08-01 01:01:04.989066"
  },
  "f45f3d49ae244c21994ffe2b1acf1b951105c.jpeg": {
    "app_sintetizada": "F45F3D49AE244C21994FFE2B1ACF1B951105C.JPEG",
    "cantidad_archivos": 1,
    "archivos_fuente": [
      "Pictures/Fototeca de Fotos.photoslibrary/resources/derivatives/F/F45F3D49-AE24-4C21-994F-FE2B1ACF1B95_1_105_c.jpeg"
    ],
    "ultima_modificacion": "2025-08-01 01:01:04.989375"
  },
  "f41df6afdd8743249e566048e0ce93401105c.jpeg": {
    "app_sintetizada": "F41DF6AFDD8743249E566048E0CE93401105C.JPEG",
    "cantidad_archivos": 1,
    "archivos_fuente": [
      "Pictures/Fototeca de Fotos.photoslibrary/resources/derivatives/F/F41DF6AF-DD87-4324-9E56-6048E0CE9340_1_105_c.jpeg"
    ],
    "ultima_modificacion": "2025-08-01 01:01:04.989940"
  },
  "feb659a1ec0540d5a7133630249111b31105c.jpeg": {
    "app_sintetizada": "FEB659A1EC0540D5A7133630249111B31105C.JPEG",
    "cantidad_archivos": 1,
    "archivos_fuente": [
      "Pictures/Fototeca de Fotos.photoslibrary/resources/derivatives/F/FEB659A1-EC05-40D5-A713-3630249111B3_1_105_c.jpeg"
    ],
    "ultima_modificacion": "2025-08-01 01:01:04.990312"
  },
  "f173b35d925a466fa6b04993b60fbd761105c.jpeg": {
    "app_sintetizada": "F173B35D925A466FA6B04993B60FBD761105C.JPEG",
    "cantidad_archivos": 1,
    "archivos_fuente": [
      "Pictures/Fototeca de Fotos.photoslibrary/resources/derivatives/F/F173B35D-925A-466F-A6B0-4993B60FBD76_1_105_c.jpeg"
    ],
    "ultima_modificacion": "2025-08-01 01:01:04.990634"
  },
  "f6ce5ead41bc4b9baea7caca6a76070f1102o.jpeg": {
    "app_sintetizada": "F6CE5EAD41BC4B9BAEA7CACA6A76070F1102O.JPEG",
    "cantidad_archivos": 1,
    "archivos_fuente": [
      "Pictures/Fototeca de Fotos.photoslibrary/resources/derivatives/F/F6CE5EAD-41BC-4B9B-AEA7-CACA6A76070F_1_102_o.jpeg"
    ],
    "ultima_modificacion": "2025-08-01 01:01:04.990947"
  },
  "fffee6419a19460d85de620a226b80101105c.jpeg": {
    "app_sintetizada": "FFFEE6419A19460D85DE620A226B80101105C.JPEG",
    "cantidad_archivos": 1,
    "archivos_fuente": [
      "Pictures/Fototeca de Fotos.photoslibrary/resources/derivatives/F/FFFEE641-9A19-460D-85DE-620A226B8010_1_105_c.jpeg"
    ],
    "ultima_modificacion": "2025-08-01 01:01:04.991294"
  },
  "f30d7000fb11463cb1fd7bec3a0fc9641105c.jpeg": {
    "app_sintetizada": "F30D7000FB11463CB1FD7BEC3A0FC9641105C.JPEG",
    "cantidad_archivos": 1,
    "archivos_fuente": [
      "Pictures/Fototeca de Fotos.photoslibrary/resources/derivatives/F/F30D7000-FB11-463C-B1FD-7BEC3A0FC964_1_105_c.jpeg"
    ],
    "ultima_modificacion": "2025-08-01 01:01:04.991647"
  },
  "fe0e3b66072644acb1ff2fb26197a6d91105c.jpeg": {
    "app_sintetizada": "FE0E3B66072644ACB1FF2FB26197A6D91105C.JPEG",
    "cantidad_archivos": 1,
    "archivos_fuente": [
      "Pictures/Fototeca de Fotos.photoslibrary/resources/derivatives/F/FE0E3B66-0726-44AC-B1FF-2FB26197A6D9_1_105_c.jpeg"
    ],
    "ultima_modificacion": "2025-08-01 01:01:04.992022"
  },
  "f455474e63d54954aa84fe3ae6eecb521105c.jpeg": {
    "app_sintetizada": "F455474E63D54954AA84FE3AE6EECB521105C.JPEG",
    "cantidad_archivos": 1,
    "archivos_fuente": [
      "Pictures/Fototeca de Fotos.photoslibrary/resources/derivatives/F/F455474E-63D5-4954-AA84-FE3AE6EECB52_1_105_c.jpeg"
    ],
    "ultima_modificacion": "2025-08-01 01:01:04.992394"
  },
  "fd77161d59a74371a7ca51b22da3c4a21105c.jpeg": {
    "app_sintetizada": "FD77161D59A74371A7CA51B22DA3C4A21105C.JPEG",
    "cantidad_archivos": 1,
    "archivos_fuente": [
      "Pictures/Fototeca de Fotos.photoslibrary/resources/derivatives/F/FD77161D-59A7-4371-A7CA-51B22DA3C4A2_1_105_c.jpeg"
    ],
    "ultima_modificacion": "2025-08-01 01:01:04.992854"
  },
  "f547da680dc34654bb90469e2aa696bf1105c.jpeg": {
    "app_sintetizada": "F547DA680DC34654BB90469E2AA696BF1105C.JPEG",
    "cantidad_archivos": 1,
    "archivos_fuente": [
      "Pictures/Fototeca de Fotos.photoslibrary/resources/derivatives/F/F547DA68-0DC3-4654-BB90-469E2AA696BF_1_105_c.jpeg"
    ],
    "ultima_modificacion": "2025-08-01 01:01:04.993198"
  },
  "f5a7ede550c144c8b7cb19cb5e1c57921105c.jpeg": {
    "app_sintetizada": "F5A7EDE550C144C8B7CB19CB5E1C57921105C.JPEG",
    "cantidad_archivos": 1,
    "archivos_fuente": [
      "Pictures/Fototeca de Fotos.photoslibrary/resources/derivatives/F/F5A7EDE5-50C1-44C8-B7CB-19CB5E1C5792_1_105_c.jpeg"
    ],
    "ultima_modificacion": "2025-08-01 01:01:04.993609"
  },
  "f835a4176d854c0fb7825c931d4f3d6f1100o.jpeg": {
    "app_sintetizada": "F835A4176D854C0FB7825C931D4F3D6F1100O.JPEG",
    "cantidad_archivos": 1,
    "archivos_fuente": [
      "Pictures/Fototeca de Fotos.photoslibrary/resources/derivatives/F/F835A417-6D85-4C0F-B782-5C931D4F3D6F_1_100_o.jpeg"
    ],
    "ultima_modificacion": "2025-08-01 01:01:04.994001"
  },
  "faff42b0a3084f06b836956b4acd3b481105c.jpeg": {
    "app_sintetizada": "FAFF42B0A3084F06B836956B4ACD3B481105C.JPEG",
    "cantidad_archivos": 1,
    "archivos_fuente": [
      "Pictures/Fototeca de Fotos.photoslibrary/resources/derivatives/F/FAFF42B0-A308-4F06-B836-956B4ACD3B48_1_105_c.jpeg"
    ],
    "ultima_modificacion": "2025-08-01 01:01:04.994360"
  },
  "fa37c9aa8ddd48539cd22d668ca9cf731105c.jpeg": {
    "app_sintetizada": "FA37C9AA8DDD48539CD22D668CA9CF731105C.JPEG",
    "cantidad_archivos": 1,
    "archivos_fuente": [
      "Pictures/Fototeca de Fotos.photoslibrary/resources/derivatives/F/FA37C9AA-8DDD-4853-9CD2-2D668CA9CF73_1_105_c.jpeg"
    ],
    "ultima_modificacion": "2025-08-01 01:01:04.994721"
  },
  "f19e7a6a3cb341579f3f080d8c5de9cf1105c.jpeg": {
    "app_sintetizada": "F19E7A6A3CB341579F3F080D8C5DE9CF1105C.JPEG",
    "cantidad_archivos": 1,
    "archivos_fuente": [
      "Pictures/Fototeca de Fotos.photoslibrary/resources/derivatives/F/F19E7A6A-3CB3-4157-9F3F-080D8C5DE9CF_1_105_c.jpeg"
    ],
    "ultima_modificacion": "2025-08-01 01:01:04.995103"
  },
  "fdb7cb197ec84a03abee3541904a79581105c.jpeg": {
    "app_sintetizada": "FDB7CB197EC84A03ABEE3541904A79581105C.JPEG",
    "cantidad_archivos": 1,
    "archivos_fuente": [
      "Pictures/Fototeca de Fotos.photoslibrary/resources/derivatives/F/FDB7CB19-7EC8-4A03-ABEE-3541904A7958_1_105_c.jpeg"
    ],
    "ultima_modificacion": "2025-08-01 01:01:04.995425"
  },
  "f10be281a1b047f9bee634e841d0900d1105c.jpeg": {
    "app_sintetizada": "F10BE281A1B047F9BEE634E841D0900D1105C.JPEG",
    "cantidad_archivos": 1,
    "archivos_fuente": [
      "Pictures/Fototeca de Fotos.photoslibrary/resources/derivatives/F/F10BE281-A1B0-47F9-BEE6-34E841D0900D_1_105_c.jpeg"
    ],
    "ultima_modificacion": "2025-08-01 01:01:04.995772"
  },
  "f3df5d0b2ae44558b7192c49fca42f831105c.jpeg": {
    "app_sintetizada": "F3DF5D0B2AE44558B7192C49FCA42F831105C.JPEG",
    "cantidad_archivos": 1,
    "archivos_fuente": [
      "Pictures/Fototeca de Fotos.photoslibrary/resources/derivatives/F/F3DF5D0B-2AE4-4558-B719-2C49FCA42F83_1_105_c.jpeg"
    ],
    "ultima_modificacion": "2025-08-01 01:01:04.996151"
  },
  "f77da44f74eb47e8878d23629acbe1541105c.jpeg": {
    "app_sintetizada": "F77DA44F74EB47E8878D23629ACBE1541105C.JPEG",
    "cantidad_archivos": 1,
    "archivos_fuente": [
      "Pictures/Fototeca de Fotos.photoslibrary/resources/derivatives/F/F77DA44F-74EB-47E8-878D-23629ACBE154_1_105_c.jpeg"
    ],
    "ultima_modificacion": "2025-08-01 01:01:04.996486"
  },
  "f7dd2035b2fc4a84971f8b8afa0853481105c.jpeg": {
    "app_sintetizada": "F7DD2035B2FC4A84971F8B8AFA0853481105C.JPEG",
    "cantidad_archivos": 1,
    "archivos_fuente": [
      "Pictures/Fototeca de Fotos.photoslibrary/resources/derivatives/F/F7DD2035-B2FC-4A84-971F-8B8AFA085348_1_105_c.jpeg"
    ],
    "ultima_modificacion": "2025-08-01 01:01:04.996827"
  },
  "f10f0eb027b645b88557724a15c91f531105c.jpeg": {
    "app_sintetizada": "F10F0EB027B645B88557724A15C91F531105C.JPEG",
    "cantidad_archivos": 1,
    "archivos_fuente": [
      "Pictures/Fototeca de Fotos.photoslibrary/resources/derivatives/F/F10F0EB0-27B6-45B8-8557-724A15C91F53_1_105_c.jpeg"
    ],
    "ultima_modificacion": "2025-08-01 01:01:04.997127"
  },
  "f67987a67f3e425f823a55bfd36b2f551105c.jpeg": {
    "app_sintetizada": "F67987A67F3E425F823A55BFD36B2F551105C.JPEG",
    "cantidad_archivos": 1,
    "archivos_fuente": [
      "Pictures/Fototeca de Fotos.photoslibrary/resources/derivatives/F/F67987A6-7F3E-425F-823A-55BFD36B2F55_1_105_c.jpeg"
    ],
    "ultima_modificacion": "2025-08-01 01:01:04.997408"
  },
  "f058379fb7144b5f8b00721c029998011105c.jpeg": {
    "app_sintetizada": "F058379FB7144B5F8B00721C029998011105C.JPEG",
    "cantidad_archivos": 1,
    "archivos_fuente": [
      "Pictures/Fototeca de Fotos.photoslibrary/resources/derivatives/F/F058379F-B714-4B5F-8B00-721C02999801_1_105_c.jpeg"
    ],
    "ultima_modificacion": "2025-08-01 01:01:04.997721"
  },
  "f2d5303e486e4bc4bafa2e66a896174a1105c.jpeg": {
    "app_sintetizada": "F2D5303E486E4BC4BAFA2E66A896174A1105C.JPEG",
    "cantidad_archivos": 1,
    "archivos_fuente": [
      "Pictures/Fototeca de Fotos.photoslibrary/resources/derivatives/F/F2D5303E-486E-4BC4-BAFA-2E66A896174A_1_105_c.jpeg"
    ],
    "ultima_modificacion": "2025-08-01 01:01:04.998047"
  },
  "f37e7bd1fe8d4ece8af9b799e8580c1b1105c.jpeg": {
    "app_sintetizada": "F37E7BD1FE8D4ECE8AF9B799E8580C1B1105C.JPEG",
    "cantidad_archivos": 1,
    "archivos_fuente": [
      "Pictures/Fototeca de Fotos.photoslibrary/resources/derivatives/F/F37E7BD1-FE8D-4ECE-8AF9-B799E8580C1B_1_105_c.jpeg"
    ],
    "ultima_modificacion": "2025-08-01 01:01:04.998522"
  },
  "f14e971bd98c46bbaa7b0d2cefd6636e1105c.jpeg": {
    "app_sintetizada": "F14E971BD98C46BBAA7B0D2CEFD6636E1105C.JPEG",
    "cantidad_archivos": 1,
    "archivos_fuente": [
      "Pictures/Fototeca de Fotos.photoslibrary/resources/derivatives/F/F14E971B-D98C-46BB-AA7B-0D2CEFD6636E_1_105_c.jpeg"
    ],
    "ultima_modificacion": "2025-08-01 01:01:04.999244"
  }
}