{
  "f9ff6a3e254840eaa1d4aed9a00ca5b41105c.jpeg": {
    "app_sintetizada": "F9FF6A3E254840EAA1D4AED9A00CA5B41105C.JPEG",
    "cantidad_archivos": 1,
    "archivos_fuente": [
      "Pictures/Fototeca de Fotos.photoslibrary/resources/derivatives/F/F9FF6A3E-2548-40EA-A1D4-AED9A00CA5B4_1_105_c.jpeg"
    ],
    "ultima_modificacion": "2025-08-01 01:01:04.499089"
  },
  "ffdc4c7d05f9429085ab3a5f068daea9.thm": {
    "app_sintetizada": "FFDC4C7D05F9429085AB3A5F068DAEA9.THM",
    "cantidad_archivos": 1,
    "archivos_fuente": [
      "Pictures/Fototeca de Fotos.photoslibrary/resources/derivatives/F/FFDC4C7D-05F9-4290-85AB-3A5F068DAEA9.THM"
    ],
    "ultima_modificacion": "2025-08-01 01:01:04.499392"
  },
  "f32690595a1846b0bcc47ce1a3548b781105c.jpeg": {
    "app_sintetizada": "F32690595A1846B0BCC47CE1A3548B781105C.JPEG",
    "cantidad_archivos": 1,
    "archivos_fuente": [
      "Pictures/Fototeca de Fotos.photoslibrary/resources/derivatives/F/F3269059-5A18-46B0-BCC4-7CE1A3548B78_1_105_c.jpeg"
    ],
    "ultima_modificacion": "2025-08-01 01:01:04.499678"
  },
  "f893262f55ba42109e318750743097441105c.jpeg": {
    "app_sintetizada": "F893262F55BA42109E318750743097441105C.JPEG",
    "cantidad_archivos": 1,
    "archivos_fuente": [
      "Pictures/Fototeca de Fotos.photoslibrary/resources/derivatives/F/F893262F-55BA-4210-9E31-875074309744_1_105_c.jpeg"
    ],
    "ultima_modificacion": "2025-08-01 01:01:04.499964"
  },
  "f287debeb20e44b3808bce7ad812f7bc1105c.jpeg": {
    "app_sintetizada": "F287DEBEB20E44B3808BCE7AD812F7BC1105C.JPEG",
    "cantidad_archivos": 1,
    "archivos_fuente": [
      "Pictures/Fototeca de Fotos.photoslibrary/resources/derivatives/F/F287DEBE-B20E-44B3-808B-CE7AD812F7BC_1_105_c.jpeg"
    ],
    "ultima_modificacion": "2025-08-01 01:01:04.500250"
  },
  "f35c1a81dec04e47bbb86d159f0a6fc51105c.jpeg": {
    "app_sintetizada": "F35C1A81DEC04E47BBB86D159F0A6FC51105C.JPEG",
    "cantidad_archivos": 1,
    "archivos_fuente": [
      "Pictures/Fototeca de Fotos.photoslibrary/resources/derivatives/F/F35C1A81-DEC0-4E47-BBB8-6D159F0A6FC5_1_105_c.jpeg"
    ],
    "ultima_modificacion": "2025-08-01 01:01:04.500563"
  },
  "f531d03007ff41f588c4f63e37b13c301105c.jpeg": {
    "app_sintetizada": "F531D03007FF41F588C4F63E37B13C301105C.JPEG",
    "cantidad_archivos": 1,
    "archivos_fuente": [
      "Pictures/Fototeca de Fotos.photoslibrary/resources/derivatives/F/F531D030-07FF-41F5-88C4-F63E37B13C30_1_105_c.jpeg"
    ],
    "ultima_modificacion": "2025-08-01 01:01:04.500914"
  },
  "f7e16a4429554793a8f67f7cfc3e36ea1105c.jpeg": {
    "app_sintetizada": "F7E16A4429554793A8F67F7CFC3E36EA1105C.JPEG",
    "cantidad_archivos": 1,
    "archivos_fuente": [
      "Pictures/Fototeca de Fotos.photoslibrary/resources/derivatives/F/F7E16A44-2955-4793-A8F6-7F7CFC3E36EA_1_105_c.jpeg"
    ],
    "ultima_modificacion": "2025-08-01 01:01:04.501291"
  },
  "fdf1d9d595c740ebb01e321d5f5e4dee1105c.jpeg": {
    "app_sintetizada": "FDF1D9D595C740EBB01E321D5F5E4DEE1105C.JPEG",
    "cantidad_archivos": 1,
    "archivos_fuente": [
      "Pictures/Fototeca de Fotos.photoslibrary/resources/derivatives/F/FDF1D9D5-95C7-40EB-B01E-321D5F5E4DEE_1_105_c.jpeg"
    ],
    "ultima_modificacion": "2025-08-01 01:01:04.501608"
  },
  "f1b1f8e0406a4f52adeb59e413ab8a431105c.jpeg": {
    "app_sintetizada": "F1B1F8E0406A4F52ADEB59E413AB8A431105C.JPEG",
    "cantidad_archivos": 1,
    "archivos_fuente": [
      "Pictures/Fototeca de Fotos.photoslibrary/resources/derivatives/F/F1B1F8E0-406A-4F52-ADEB-59E413AB8A43_1_105_c.jpeg"
    ],
    "ultima_modificacion": "2025-08-01 01:01:04.501955"
  },
  "f54ce62cd9084965a65798be5ec6b319.thm": {
    "app_sintetizada": "F54CE62CD9084965A65798BE5EC6B319.THM",
    "cantidad_archivos": 1,
    "archivos_fuente": [
      "Pictures/Fototeca de Fotos.photoslibrary/resources/derivatives/F/F54CE62C-D908-4965-A657-98BE5EC6B319.THM"
    ],
    "ultima_modificacion": "2025-08-01 01:01:04.502259"
  },
  "fb64482c29aa4de98ed172f5cca955201105c.jpeg": {
    "app_sintetizada": "FB64482C29AA4DE98ED172F5CCA955201105C.JPEG",
    "cantidad_archivos": 1,
    "archivos_fuente": [
      "Pictures/Fototeca de Fotos.photoslibrary/resources/derivatives/F/FB64482C-29AA-4DE9-8ED1-72F5CCA95520_1_105_c.jpeg"
    ],
    "ultima_modificacion": "2025-08-01 01:01:04.502576"
  },
  "f61cb05c58884c67b150812ae0db8cc01105c.jpeg": {
    "app_sintetizada": "F61CB05C58884C67B150812AE0DB8CC01105C.JPEG",
    "cantidad_archivos": 1,
    "archivos_fuente": [
      "Pictures/Fototeca de Fotos.photoslibrary/resources/derivatives/F/F61CB05C-5888-4C67-B150-812AE0DB8CC0_1_105_c.jpeg"
    ],
    "ultima_modificacion": "2025-08-01 01:01:04.502901"
  },
  "fc6ec0a47eeb4f6c8feac394f7dcda791105c.jpeg": {
    "app_sintetizada": "FC6EC0A47EEB4F6C8FEAC394F7DCDA791105C.JPEG",
    "cantidad_archivos": 1,
    "archivos_fuente": [
      "Pictures/Fototeca de Fotos.photoslibrary/resources/derivatives/F/FC6EC0A4-7EEB-4F6C-8FEA-C394F7DCDA79_1_105_c.jpeg"
    ],
    "ultima_modificacion": "2025-08-01 01:01:04.503280"
  },
  "fcadf5015a89407eaacd24bbc57cf31c1105c.jpeg": {
    "app_sintetizada": "FCADF5015A89407EAACD24BBC57CF31C1105C.JPEG",
    "cantidad_archivos": 1,
    "archivos_fuente": [
      "Pictures/Fototeca de Fotos.photoslibrary/resources/derivatives/F/FCADF501-5A89-407E-AACD-24BBC57CF31C_1_105_c.jpeg"
    ],
    "ultima_modificacion": "2025-08-01 01:01:04.503586"
  },
  "f9ca77936fad4b548ff162b9c99607cc1105c.jpeg": {
    "app_sintetizada": "F9CA77936FAD4B548FF162B9C99607CC1105C.JPEG",
    "cantidad_archivos": 1,
    "archivos_fuente": [
      "Pictures/Fototeca de Fotos.photoslibrary/resources/derivatives/F/F9CA7793-6FAD-4B54-8FF1-62B9C99607CC_1_105_c.jpeg"
    ],
    "ultima_modificacion": "2025-08-01 01:01:04.503885"
  },
  "f91d80bc481d4bc8ab7f3d786bc7e6c61105c.jpeg": {
    "app_sintetizada": "F91D80BC481D4BC8AB7F3D786BC7E6C61105C.JPEG",
    "cantidad_archivos": 1,
    "archivos_fuente": [
      "Pictures/Fototeca de Fotos.photoslibrary/resources/derivatives/F/F91D80BC-481D-4BC8-AB7F-3D786BC7E6C6_1_105_c.jpeg"
    ],
    "ultima_modificacion": "2025-08-01 01:01:04.504200"
  },
  "f1aae90d217a4325a2c09925e38e64901105c.jpeg": {
    "app_sintetizada": "F1AAE90D217A4325A2C09925E38E64901105C.JPEG",
    "cantidad_archivos": 1,
    "archivos_fuente": [
      "Pictures/Fototeca de Fotos.photoslibrary/resources/derivatives/F/F1AAE90D-217A-4325-A2C0-9925E38E6490_1_105_c.jpeg"
    ],
    "ultima_modificacion": "2025-08-01 01:01:04.504496"
  },
  "f65833ac389841a0a8ecfceaa9bf36271105c.jpeg": {
    "app_sintetizada": "F65833AC389841A0A8ECFCEAA9BF36271105C.JPEG",
    "cantidad_archivos": 1,
    "archivos_fuente": [
      "Pictures/Fototeca de Fotos.photoslibrary/resources/derivatives/F/F65833AC-3898-41A0-A8EC-FCEAA9BF3627_1_105_c.jpeg"
    ],
    "ultima_modificacion": "2025-08-01 01:01:04.504783"
  },
  "f85edb883f3a41bfbe1f9bcc5cb771121105c.jpeg": {
    "app_sintetizada": "F85EDB883F3A41BFBE1F9BCC5CB771121105C.JPEG",
    "cantidad_archivos": 1,
    "archivos_fuente": [
      "Pictures/Fototeca de Fotos.photoslibrary/resources/derivatives/F/F85EDB88-3F3A-41BF-BE1F-9BCC5CB77112_1_105_c.jpeg"
    ],
    "ultima_modificacion": "2025-08-01 01:01:04.505074"
  },
  "f709fe80ee784ab08864a8c3241f9cbe1105c.jpeg": {
    "app_sintetizada": "F709FE80EE784AB08864A8C3241F9CBE1105C.JPEG",
    "cantidad_archivos": 1,
    "archivos_fuente": [
      "Pictures/Fototeca de Fotos.photoslibrary/resources/derivatives/F/F709FE80-EE78-4AB0-8864-A8C3241F9CBE_1_105_c.jpeg"
    ],
    "ultima_modificacion": "2025-08-01 01:01:04.505368"
  },
  "f74731f08f59421d928e0d7eb6e848131105c.jpeg": {
    "app_sintetizada": "F74731F08F59421D928E0D7EB6E848131105C.JPEG",
    "cantidad_archivos": 1,
    "archivos_fuente": [
      "Pictures/Fototeca de Fotos.photoslibrary/resources/derivatives/F/F74731F0-8F59-421D-928E-0D7EB6E84813_1_105_c.jpeg"
    ],
    "ultima_modificacion": "2025-08-01 01:01:04.505652"
  },
  "f5b11ea16c3d40daa8d22abaae2b6fea1105c.jpeg": {
    "app_sintetizada": "F5B11EA16C3D40DAA8D22ABAAE2B6FEA1105C.JPEG",
    "cantidad_archivos": 1,
    "archivos_fuente": [
      "Pictures/Fototeca de Fotos.photoslibrary/resources/derivatives/F/F5B11EA1-6C3D-40DA-A8D2-2ABAAE2B6FEA_1_105_c.jpeg"
    ],
    "ultima_modificacion": "2025-08-01 01:01:04.505961"
  },
  "f20c254695ab4db9ada3fa37324d6c8c1105c.jpeg": {
    "app_sintetizada": "F20C254695AB4DB9ADA3FA37324D6C8C1105C.JPEG",
    "cantidad_archivos": 1,
    "archivos_fuente": [
      "Pictures/Fototeca de Fotos.photoslibrary/resources/derivatives/F/F20C2546-95AB-4DB9-ADA3-FA37324D6C8C_1_105_c.jpeg"
    ],
    "ultima_modificacion": "2025-08-01 01:01:04.506255"
  },
  "f2990cd4763d4f53b6483d2296e25d78.thm": {
    "app_sintetizada": "F2990CD4763D4F53B6483D2296E25D78.THM",
    "cantidad_archivos": 1,
    "archivos_fuente": [
      "Pictures/Fototeca de Fotos.photoslibrary/resources/derivatives/F/F2990CD4-763D-4F53-B648-3D2296E25D78.THM"
    ],
    "ultima_modificacion": "2025-08-01 01:01:04.506552"
  },
  "f59b7670d7a14f609f13d559bc8cc3a31102o.jpeg": {
    "app_sintetizada": "F59B7670D7A14F609F13D559BC8CC3A31102O.JPEG",
    "cantidad_archivos": 1,
    "archivos_fuente": [
      "Pictures/Fototeca de Fotos.photoslibrary/resources/derivatives/F/F59B7670-D7A1-4F60-9F13-D559BC8CC3A3_1_102_o.jpeg"
    ],
    "ultima_modificacion": "2025-08-01 01:01:04.506847"
  },
  "ffe5b924788a4231b1ab628bde2ad36b1105c.jpeg": {
    "app_sintetizada": "FFE5B924788A4231B1AB628BDE2AD36B1105C.JPEG",
    "cantidad_archivos": 1,
    "archivos_fuente": [
      "Pictures/Fototeca de Fotos.photoslibrary/resources/derivatives/F/FFE5B924-788A-4231-B1AB-628BDE2AD36B_1_105_c.jpeg"
    ],
    "ultima_modificacion": "2025-08-01 01:01:04.507137"
  },
  "feb2f56b70c6449d8d93ff9f6ddb1d731105c.jpeg": {
    "app_sintetizada": "FEB2F56B70C6449D8D93FF9F6DDB1D731105C.JPEG",
    "cantidad_archivos": 1,
    "archivos_fuente": [
      "Pictures/Fototeca de Fotos.photoslibrary/resources/derivatives/F/FEB2F56B-70C6-449D-8D93-FF9F6DDB1D73_1_105_c.jpeg"
    ],
    "ultima_modificacion": "2025-08-01 01:01:04.507487"
  },
  "fd14538bcf57426bb923cf1577ff24531105c.jpeg": {
    "app_sintetizada": "FD14538BCF57426BB923CF1577FF24531105C.JPEG",
    "cantidad_archivos": 1,
    "archivos_fuente": [
      "Pictures/Fototeca de Fotos.photoslibrary/resources/derivatives/F/FD14538B-CF57-426B-B923-CF1577FF2453_1_105_c.jpeg"
    ],
    "ultima_modificacion": "2025-08-01 01:01:04.507806"
  },
  "fc438b3f72d749028983bbfa57bf1b571105c.jpeg": {
    "app_sintetizada": "FC438B3F72D749028983BBFA57BF1B571105C.JPEG",
    "cantidad_archivos": 1,
    "archivos_fuente": [
      "Pictures/Fototeca de Fotos.photoslibrary/resources/derivatives/F/FC438B3F-72D7-4902-8983-BBFA57BF1B57_1_105_c.jpeg"
    ],
    "ultima_modificacion": "2025-08-01 01:01:04.508110"
  },
  "fe17f044c5e34246aa8a0cabd6a01252.thm": {
    "app_sintetizada": "FE17F044C5E34246AA8A0CABD6A01252.THM",
    "cantidad_archivos": 1,
    "archivos_fuente": [
      "Pictures/Fototeca de Fotos.photoslibrary/resources/derivatives/F/FE17F044-C5E3-4246-AA8A-0CABD6A01252.THM"
    ],
    "ultima_modificacion": "2025-08-01 01:01:04.508469"
  },
  "fd3a5c075d7f441c9d78da97313609221105c.jpeg": {
    "app_sintetizada": "FD3A5C075D7F441C9D78DA97313609221105C.JPEG",
    "cantidad_archivos": 1,
    "archivos_fuente": [
      "Pictures/Fototeca de Fotos.photoslibrary/resources/derivatives/F/FD3A5C07-5D7F-441C-9D78-DA9731360922_1_105_c.jpeg"
    ],
    "ultima_modificacion": "2025-08-01 01:01:04.508788"
  },
  "fecf52bef9a248149c6b031f2cbf99441105c.jpeg": {
    "app_sintetizada": "FECF52BEF9A248149C6B031F2CBF99441105C.JPEG",
    "cantidad_archivos": 1,
    "archivos_fuente": [
      "Pictures/Fototeca de Fotos.photoslibrary/resources/derivatives/F/FECF52BE-F9A2-4814-9C6B-031F2CBF9944_1_105_c.jpeg"
    ],
    "ultima_modificacion": "2025-08-01 01:01:04.509084"
  },
  "f7d3088750b741588dc1b4e85ba469111105c.jpeg": {
    "app_sintetizada": "F7D3088750B741588DC1B4E85BA469111105C.JPEG",
    "cantidad_archivos": 1,
    "archivos_fuente": [
      "Pictures/Fototeca de Fotos.photoslibrary/resources/derivatives/F/F7D30887-50B7-4158-8DC1-B4E85BA46911_1_105_c.jpeg"
    ],
    "ultima_modificacion": "2025-08-01 01:01:04.509382"
  },
  "fc28f931942c4a9bb58452ee7c68d19a1105c.jpeg": {
    "app_sintetizada": "FC28F931942C4A9BB58452EE7C68D19A1105C.JPEG",
    "cantidad_archivos": 1,
    "archivos_fuente": [
      "Pictures/Fototeca de Fotos.photoslibrary/resources/derivatives/F/FC28F931-942C-4A9B-B584-52EE7C68D19A_1_105_c.jpeg"
    ],
    "ultima_modificacion": "2025-08-01 01:01:04.509711"
  },
  "f8d3133f24ef474db179fc5fed9c36a91105c.jpeg": {
    "app_sintetizada": "F8D3133F24EF474DB179FC5FED9C36A91105C.JPEG",
    "cantidad_archivos": 1,
    "archivos_fuente": [
      "Pictures/Fototeca de Fotos.photoslibrary/resources/derivatives/F/F8D3133F-24EF-474D-B179-FC5FED9C36A9_1_105_c.jpeg"
    ],
    "ultima_modificacion": "2025-08-01 01:01:04.510045"
  },
  "f82bd962a1704724b4ae8db905d722e91105c.jpeg": {
    "app_sintetizada": "F82BD962A1704724B4AE8DB905D722E91105C.JPEG",
    "cantidad_archivos": 1,
    "archivos_fuente": [
      "Pictures/Fototeca de Fotos.photoslibrary/resources/derivatives/F/F82BD962-A170-4724-B4AE-8DB905D722E9_1_105_c.jpeg"
    ],
    "ultima_modificacion": "2025-08-01 01:01:04.510367"
  },
  "fe5589b0d6ca41c7a91b5306dddc62dd1105c.jpeg": {
    "app_sintetizada": "FE5589B0D6CA41C7A91B5306DDDC62DD1105C.JPEG",
    "cantidad_archivos": 1,
    "archivos_fuente": [
      "Pictures/Fototeca de Fotos.photoslibrary/resources/derivatives/F/FE5589B0-D6CA-41C7-A91B-5306DDDC62DD_1_105_c.jpeg"
    ],
    "ultima_modificacion": "2025-08-01 01:01:04.510700"
  },
  "f763a57072084a0289385496ae8470c51105c.jpeg": {
    "app_sintetizada": "F763A57072084A0289385496AE8470C51105C.JPEG",
    "cantidad_archivos": 1,
    "archivos_fuente": [
      "Pictures/Fototeca de Fotos.photoslibrary/resources/derivatives/F/F763A570-7208-4A02-8938-5496AE8470C5_1_105_c.jpeg"
    ],
    "ultima_modificacion": "2025-08-01 01:01:04.511062"
  },
  "f04b14da5553439480fd8c5fc1277c3d1105c.jpeg": {
    "app_sintetizada": "F04B14DA5553439480FD8C5FC1277C3D1105C.JPEG",
    "cantidad_archivos": 1,
    "archivos_fuente": [
      "Pictures/Fototeca de Fotos.photoslibrary/resources/derivatives/F/F04B14DA-5553-4394-80FD-8C5FC1277C3D_1_105_c.jpeg"
    ],
    "ultima_modificacion": "2025-08-01 01:01:04.511400"
  },
  "f9d98d0862f549089be8b1f87b5f10bb1105c.jpeg": {
    "app_sintetizada": "F9D98D0862F549089BE8B1F87B5F10BB1105C.JPEG",
    "cantidad_archivos": 1,
    "archivos_fuente": [
      "Pictures/Fototeca de Fotos.photoslibrary/resources/derivatives/F/F9D98D08-62F5-4908-9BE8-B1F87B5F10BB_1_105_c.jpeg"
    ],
    "ultima_modificacion": "2025-08-01 01:01:04.511731"
  },
  "f12a842b1eb9464fa758aeac251bca701105c.jpeg": {
    "app_sintetizada": "F12A842B1EB9464FA758AEAC251BCA701105C.JPEG",
    "cantidad_archivos": 1,
    "archivos_fuente": [
      "Pictures/Fototeca de Fotos.photoslibrary/resources/derivatives/F/F12A842B-1EB9-464F-A758-AEAC251BCA70_1_105_c.jpeg"
    ],
    "ultima_modificacion": "2025-08-01 01:01:04.512069"
  },
  "f19762aa1d934e71a43f4dc6ea86775d1105c.jpeg": {
    "app_sintetizada": "F19762AA1D934E71A43F4DC6EA86775D1105C.JPEG",
    "cantidad_archivos": 1,
    "archivos_fuente": [
      "Pictures/Fototeca de Fotos.photoslibrary/resources/derivatives/F/F19762AA-1D93-4E71-A43F-4DC6EA86775D_1_105_c.jpeg"
    ],
    "ultima_modificacion": "2025-08-01 01:01:04.512344"
  },
  "fe3b9df656384bef9c8a9214de6532981105c.jpeg": {
    "app_sintetizada": "FE3B9DF656384BEF9C8A9214DE6532981105C.JPEG",
    "cantidad_archivos": 1,
    "archivos_fuente": [
      "Pictures/Fototeca de Fotos.photoslibrary/resources/derivatives/F/FE3B9DF6-5638-4BEF-9C8A-9214DE653298_1_105_c.jpeg"
    ],
    "ultima_modificacion": "2025-08-01 01:01:04.512700"
  },
  "ff74b0d7099444cb875d2334d77c2b031105c.jpeg": {
    "app_sintetizada": "FF74B0D7099444CB875D2334D77C2B031105C.JPEG",
    "cantidad_archivos": 1,
    "archivos_fuente": [
      "Pictures/Fototeca de Fotos.photoslibrary/resources/derivatives/F/FF74B0D7-0994-44CB-875D-2334D77C2B03_1_105_c.jpeg"
    ],
    "ultima_modificacion": "2025-08-01 01:01:04.512965"
  },
  "f1011540e36e4f518f93ed6a52bdd31c1105c.jpeg": {
    "app_sintetizada": "F1011540E36E4F518F93ED6A52BDD31C1105C.JPEG",
    "cantidad_archivos": 1,
    "archivos_fuente": [
      "Pictures/Fototeca de Fotos.photoslibrary/resources/derivatives/F/F1011540-E36E-4F51-8F93-ED6A52BDD31C_1_105_c.jpeg"
    ],
    "ultima_modificacion": "2025-08-01 01:01:04.513256"
  },
  "f3fea3a5dde148d49dd12686224dbb5a1105c.jpeg": {
    "app_sintetizada": "F3FEA3A5DDE148D49DD12686224DBB5A1105C.JPEG",
    "cantidad_archivos": 1,
    "archivos_fuente": [
      "Pictures/Fototeca de Fotos.photoslibrary/resources/derivatives/F/F3FEA3A5-DDE1-48D4-9DD1-2686224DBB5A_1_105_c.jpeg"
    ],
    "ultima_modificacion": "2025-08-01 01:01:04.513535"
  },
  "f62d40f3ca5e4755ad4c50d4159820a61105c.jpeg": {
    "app_sintetizada": "F62D40F3CA5E4755AD4C50D4159820A61105C.JPEG",
    "cantidad_archivos": 1,
    "archivos_fuente": [
      "Pictures/Fototeca de Fotos.photoslibrary/resources/derivatives/F/F62D40F3-CA5E-4755-AD4C-50D4159820A6_1_105_c.jpeg"
    ],
    "ultima_modificacion": "2025-08-01 01:01:04.513872"
  },
  "fb2d4752409c431f8971d74cd4e1c4d21105c.jpeg": {
    "app_sintetizada": "FB2D4752409C431F8971D74CD4E1C4D21105C.JPEG",
    "cantidad_archivos": 1,
    "archivos_fuente": [
      "Pictures/Fototeca de Fotos.photoslibrary/resources/derivatives/F/FB2D4752-409C-431F-8971-D74CD4E1C4D2_1_105_c.jpeg"
    ],
    "ultima_modificacion": "2025-08-01 01:01:04.514161"
  },
  "f8d6944817db44a386f34bc272ed34421105c.jpeg": {
    "app_sintetizada": "F8D6944817DB44A386F34BC272ED34421105C.JPEG",
    "cantidad_archivos": 1,
    "archivos_fuente": [
      "Pictures/Fototeca de Fotos.photoslibrary/resources/derivatives/F/F8D69448-17DB-44A3-86F3-4BC272ED3442_1_105_c.jpeg"
    ],
    "ultima_modificacion": "2025-08-01 01:01:04.514424"
  },
  "f6f50aea13d64883bf1b9bfb6386fed01105c.jpeg": {
    "app_sintetizada": "F6F50AEA13D64883BF1B9BFB6386FED01105C.JPEG",
    "cantidad_archivos": 1,
    "archivos_fuente": [
      "Pictures/Fototeca de Fotos.photoslibrary/resources/derivatives/F/F6F50AEA-13D6-4883-BF1B-9BFB6386FED0_1_105_c.jpeg"
    ],
    "ultima_modificacion": "2025-08-01 01:01:04.514674"
  },
  "f9476b60b8654166ba0429e96c6ccc691105c.jpeg": {
    "app_sintetizada": "F9476B60B8654166BA0429E96C6CCC691105C.JPEG",
    "cantidad_archivos": 1,
    "archivos_fuente": [
      "Pictures/Fototeca de Fotos.photoslibrary/resources/derivatives/F/F9476B60-B865-4166-BA04-29E96C6CCC69_1_105_c.jpeg"
    ],
    "ultima_modificacion": "2025-08-01 01:01:04.514965"
  },
  "fd09efe630d544f69fdf52584f2645eb1105c.jpeg": {
    "app_sintetizada": "FD09EFE630D544F69FDF52584F2645EB1105C.JPEG",
    "cantidad_archivos": 1,
    "archivos_fuente": [
      "Pictures/Fototeca de Fotos.photoslibrary/resources/derivatives/F/FD09EFE6-30D5-44F6-9FDF-52584F2645EB_1_105_c.jpeg"
    ],
    "ultima_modificacion": "2025-08-01 01:01:04.515223"
  },
  "f68efb63f1364bbcbf2838d51f2693781105c.jpeg": {
    "app_sintetizada": "F68EFB63F1364BBCBF2838D51F2693781105C.JPEG",
    "cantidad_archivos": 1,
    "archivos_fuente": [
      "Pictures/Fototeca de Fotos.photoslibrary/resources/derivatives/F/F68EFB63-F136-4BBC-BF28-38D51F269378_1_105_c.jpeg"
    ],
    "ultima_modificacion": "2025-08-01 01:01:04.515470"
  },
  "f0e7a2376904463d98cdd84f54d34deb1105c.jpeg": {
    "app_sintetizada": "F0E7A2376904463D98CDD84F54D34DEB1105C.JPEG",
    "cantidad_archivos": 1,
    "archivos_fuente": [
      "Pictures/Fototeca de Fotos.photoslibrary/resources/derivatives/F/F0E7A237-6904-463D-98CD-D84F54D34DEB_1_105_c.jpeg"
    ],
    "ultima_modificacion": "2025-08-01 01:01:04.515818"
  },
  "fc912a585b05499ea6a5e78ae13f285b.thm": {
    "app_sintetizada": "FC912A585B05499EA6A5E78AE13F285B.THM",
    "cantidad_archivos": 1,
    "archivos_fuente": [
      "Pictures/Fototeca de Fotos.photoslibrary/resources/derivatives/F/FC912A58-5B05-499E-A6A5-E78AE13F285B.THM"
    ],
    "ultima_modificacion": "2025-08-01 01:01:04.516057"
  },
  "fb9c615b1a5b409a80244b12a0f5fe101105c.jpeg": {
    "app_sintetizada": "FB9C615B1A5B409A80244B12A0F5FE101105C.JPEG",
    "cantidad_archivos": 1,
    "archivos_fuente": [
      "Pictures/Fototeca de Fotos.photoslibrary/resources/derivatives/F/FB9C615B-1A5B-409A-8024-4B12A0F5FE10_1_105_c.jpeg"
    ],
    "ultima_modificacion": "2025-08-01 01:01:04.516260"
  },
  "f98a7bcdd7e64f4c93c498832da4df511105c.jpeg": {
    "app_sintetizada": "F98A7BCDD7E64F4C93C498832DA4DF511105C.JPEG",
    "cantidad_archivos": 1,
    "archivos_fuente": [
      "Pictures/Fototeca de Fotos.photoslibrary/resources/derivatives/F/F98A7BCD-D7E6-4F4C-93C4-98832DA4DF51_1_105_c.jpeg"
    ],
    "ultima_modificacion": "2025-08-01 01:01:04.516494"
  },
  "f3e39e44d66044dab74e48fa7065e2d31105c.jpeg": {
    "app_sintetizada": "F3E39E44D66044DAB74E48FA7065E2D31105C.JPEG",
    "cantidad_archivos": 1,
    "archivos_fuente": [
      "Pictures/Fototeca de Fotos.photoslibrary/resources/derivatives/F/F3E39E44-D660-44DA-B74E-48FA7065E2D3_1_105_c.jpeg"
    ],
    "ultima_modificacion": "2025-08-01 01:01:04.516743"
  },
  "f98b52c886784c0bb5c5ff9739936c8e1105c.jpeg": {
    "app_sintetizada": "F98B52C886784C0BB5C5FF9739936C8E1105C.JPEG",
    "cantidad_archivos": 1,
    "archivos_fuente": [
      "Pictures/Fototeca de Fotos.photoslibrary/resources/derivatives/F/F98B52C8-8678-4C0B-B5C5-FF9739936C8E_1_105_c.jpeg"
    ],
    "ultima_modificacion": "2025-08-01 01:01:04.517028"
  },
  "f12b003a2e264fc4bfef811dcd7eb4f31105c.jpeg": {
    "app_sintetizada": "F12B003A2E264FC4BFEF811DCD7EB4F31105C.JPEG",
    "cantidad_archivos": 1,
    "archivos_fuente": [
      "Pictures/Fototeca de Fotos.photoslibrary/resources/derivatives/F/F12B003A-2E26-4FC4-BFEF-811DCD7EB4F3_1_105_c.jpeg"
    ],
    "ultima_modificacion": "2025-08-01 01:01:04.517257"
  },
  "f71c3e43c2fc4dcf9b2fa3e3368919c4.thm": {
    "app_sintetizada": "F71C3E43C2FC4DCF9B2FA3E3368919C4.THM",
    "cantidad_archivos": 1,
    "archivos_fuente": [
      "Pictures/Fototeca de Fotos.photoslibrary/resources/derivatives/F/F71C3E43-C2FC-4DCF-9B2F-A3E3368919C4.THM"
    ],
    "ultima_modificacion": "2025-08-01 01:01:04.517463"
  },
  "f027ac38b4b14022a1477cd89d3adbb51105c.jpeg": {
    "app_sintetizada": "F027AC38B4B14022A1477CD89D3ADBB51105C.JPEG",
    "cantidad_archivos": 1,
    "archivos_fuente": [
      "Pictures/Fototeca de Fotos.photoslibrary/resources/derivatives/F/F027AC38-B4B1-4022-A147-7CD89D3ADBB5_1_105_c.jpeg"
    ],
    "ultima_modificacion": "2025-08-01 01:01:04.517721"
  },
  "f538867b0ee647ce8158fb1d01a01e121105c.jpeg": {
    "app_sintetizada": "F538867B0EE647CE8158FB1D01A01E121105C.JPEG",
    "cantidad_archivos": 1,
    "archivos_fuente": [
      "Pictures/Fototeca de Fotos.photoslibrary/resources/derivatives/F/F538867B-0EE6-47CE-8158-FB1D01A01E12_1_105_c.jpeg"
    ],
    "ultima_modificacion": "2025-08-01 01:01:04.518027"
  },
  "fe009992c3e54e828b3e3aee0a5e77531105c.jpeg": {
    "app_sintetizada": "FE009992C3E54E828B3E3AEE0A5E77531105C.JPEG",
    "cantidad_archivos": 1,
    "archivos_fuente": [
      "Pictures/Fototeca de Fotos.photoslibrary/resources/derivatives/F/FE009992-C3E5-4E82-8B3E-3AEE0A5E7753_1_105_c.jpeg"
    ],
    "ultima_modificacion": "2025-08-01 01:01:04.518260"
  },
  "f9b13fbf85044aa9a06c073bdf3966d71105c.jpeg": {
    "app_sintetizada": "F9B13FBF85044AA9A06C073BDF3966D71105C.JPEG",
    "cantidad_archivos": 1,
    "archivos_fuente": [
      "Pictures/Fototeca de Fotos.photoslibrary/resources/derivatives/F/F9B13FBF-8504-4AA9-A06C-073BDF3966D7_1_105_c.jpeg"
    ],
    "ultima_modificacion": "2025-08-01 01:01:04.518495"
  },
  "f89eb95d9c3d4b0287c27537b4cffe981105c.jpeg": {
    "app_sintetizada": "F89EB95D9C3D4B0287C27537B4CFFE981105C.JPEG",
    "cantidad_archivos": 1,
    "archivos_fuente": [
      "Pictures/Fototeca de Fotos.photoslibrary/resources/derivatives/F/F89EB95D-9C3D-4B02-87C2-7537B4CFFE98_1_105_c.jpeg"
    ],
    "ultima_modificacion": "2025-08-01 01:01:04.518729"
  },
  "faac3a89d5ca491c8b1c9cc9c8d80fc01105c.jpeg": {
    "app_sintetizada": "FAAC3A89D5CA491C8B1C9CC9C8D80FC01105C.JPEG",
    "cantidad_archivos": 1,
    "archivos_fuente": [
      "Pictures/Fototeca de Fotos.photoslibrary/resources/derivatives/F/FAAC3A89-D5CA-491C-8B1C-9CC9C8D80FC0_1_105_c.jpeg"
    ],
    "ultima_modificacion": "2025-08-01 01:01:04.518939"
  },
  "fbd2bb9cf6b249fc8f566c418f51c2ee1105c.jpeg": {
    "app_sintetizada": "FBD2BB9CF6B249FC8F566C418F51C2EE1105C.JPEG",
    "cantidad_archivos": 1,
    "archivos_fuente": [
      "Pictures/Fototeca de Fotos.photoslibrary/resources/derivatives/F/FBD2BB9C-F6B2-49FC-8F56-6C418F51C2EE_1_105_c.jpeg"
    ],
    "ultima_modificacion": "2025-08-01 01:01:04.519165"
  },
  "ffa397ec56d849fda6a85d90d8cd99841105c.jpeg": {
    "app_sintetizada": "FFA397EC56D849FDA6A85D90D8CD99841105C.JPEG",
    "cantidad_archivos": 1,
    "archivos_fuente": [
      "Pictures/Fototeca de Fotos.photoslibrary/resources/derivatives/F/FFA397EC-56D8-49FD-A6A8-5D90D8CD9984_1_105_c.jpeg"
    ],
    "ultima_modificacion": "2025-08-01 01:01:04.519361"
  },
  "f53039f597854d37bc68aa7f8e3693371105c.jpeg": {
    "app_sintetizada": "F53039F597854D37BC68AA7F8E3693371105C.JPEG",
    "cantidad_archivos": 1,
    "archivos_fuente": [
      "Pictures/Fototeca de Fotos.photoslibrary/resources/derivatives/F/F53039F5-9785-4D37-BC68-AA7F8E369337_1_105_c.jpeg"
    ],
    "ultima_modificacion": "2025-08-01 01:01:04.519561"
  },
  "f9b320d5f3d94285808cfddf1fe225021105c.jpeg": {
    "app_sintetizada": "F9B320D5F3D94285808CFDDF1FE225021105C.JPEG",
    "cantidad_archivos": 1,
    "archivos_fuente": [
      "Pictures/Fototeca de Fotos.photoslibrary/resources/derivatives/F/F9B320D5-F3D9-4285-808C-FDDF1FE22502_1_105_c.jpeg"
    ],
    "ultima_modificacion": "2025-08-01 01:01:04.519753"
  },
  "fedce514a8184f14acf2820461d7641d1105c.jpeg": {
    "app_sintetizada": "FEDCE514A8184F14ACF2820461D7641D1105C.JPEG",
    "cantidad_archivos": 1,
    "archivos_fuente": [
      "Pictures/Fototeca de Fotos.photoslibrary/resources/derivatives/F/FEDCE514-A818-4F14-ACF2-820461D7641D_1_105_c.jpeg"
    ],
    "ultima_modificacion": "2025-08-01 01:01:04.519937"
  },
  "f4c2a572f6384995888ca4d4ae1bee671105c.jpeg": {
    "app_sintetizada": "F4C2A572F6384995888CA4D4AE1BEE671105C.JPEG",
    "cantidad_archivos": 1,
    "archivos_fuente": [
      "Pictures/Fototeca de Fotos.photoslibrary/resources/derivatives/F/F4C2A572-F638-4995-888C-A4D4AE1BEE67_1_105_c.jpeg"
    ],
    "ultima_modificacion": "2025-08-01 01:01:04.520119"
  },
  "fbf340b73d394e85bd20bfa5693be1f21105c.jpeg": {
    "app_sintetizada": "FBF340B73D394E85BD20BFA5693BE1F21105C.JPEG",
    "cantidad_archivos": 1,
    "archivos_fuente": [
      "Pictures/Fototeca de Fotos.photoslibrary/resources/derivatives/F/FBF340B7-3D39-4E85-BD20-BFA5693BE1F2_1_105_c.jpeg"
    ],
    "ultima_modificacion": "2025-08-01 01:01:04.520312"
  },
  "fc1fd9c8dbc143cc8c0989faa019ae8f.thm": {
    "app_sintetizada": "FC1FD9C8DBC143CC8C0989FAA019AE8F.THM",
    "cantidad_archivos": 1,
    "archivos_fuente": [
      "Pictures/Fototeca de Fotos.photoslibrary/resources/derivatives/F/FC1FD9C8-DBC1-43CC-8C09-89FAA019AE8F.THM"
    ],
    "ultima_modificacion": "2025-08-01 01:01:04.520497"
  },
  "faec2d76dac6481ca02e3fc6bc6b7fcc1105c.jpeg": {
    "app_sintetizada": "FAEC2D76DAC6481CA02E3FC6BC6B7FCC1105C.JPEG",
    "cantidad_archivos": 1,
    "archivos_fuente": [
      "Pictures/Fototeca de Fotos.photoslibrary/resources/derivatives/F/FAEC2D76-DAC6-481C-A02E-3FC6BC6B7FCC_1_105_c.jpeg"
    ],
    "ultima_modificacion": "2025-08-01 01:01:04.520677"
  },
  "f087e436dc554d9fa12e05eeafa15a2c1105c.jpeg": {
    "app_sintetizada": "F087E436DC554D9FA12E05EEAFA15A2C1105C.JPEG",
    "cantidad_archivos": 1,
    "archivos_fuente": [
      "Pictures/Fototeca de Fotos.photoslibrary/resources/derivatives/F/F087E436-DC55-4D9F-A12E-05EEAFA15A2C_1_105_c.jpeg"
    ],
    "ultima_modificacion": "2025-08-01 01:01:04.520853"
  },
  "fbebd1d5d4b148069cd033085aeb8b8b1105c.jpeg": {
    "app_sintetizada": "FBEBD1D5D4B148069CD033085AEB8B8B1105C.JPEG",
    "cantidad_archivos": 1,
    "archivos_fuente": [
      "Pictures/Fototeca de Fotos.photoslibrary/resources/derivatives/F/FBEBD1D5-D4B1-4806-9CD0-33085AEB8B8B_1_105_c.jpeg"
    ],
    "ultima_modificacion": "2025-08-01 01:01:04.521030"
  },
  "f34b3f394e3041a8b6e454ec350eccb31105c.jpeg": {
    "app_sintetizada": "F34B3F394E3041A8B6E454EC350ECCB31105C.JPEG",
    "cantidad_archivos": 1,
    "archivos_fuente": [
      "Pictures/Fototeca de Fotos.photoslibrary/resources/derivatives/F/F34B3F39-4E30-41A8-B6E4-54EC350ECCB3_1_105_c.jpeg"
    ],
    "ultima_modificacion": "2025-08-01 01:01:04.521261"
  },
  "f47353df911541eea87b8d736f066c891105c.jpeg": {
    "app_sintetizada": "F47353DF911541EEA87B8D736F066C891105C.JPEG",
    "cantidad_archivos": 1,
    "archivos_fuente": [
      "Pictures/Fototeca de Fotos.photoslibrary/resources/derivatives/F/F47353DF-9115-41EE-A87B-8D736F066C89_1_105_c.jpeg"
    ],
    "ultima_modificacion": "2025-08-01 01:01:04.521570"
  },
  "fc9d11f1f3a3485d871bfa10715349ae1105c.jpeg": {
    "app_sintetizada": "FC9D11F1F3A3485D871BFA10715349AE1105C.JPEG",
    "cantidad_archivos": 1,
    "archivos_fuente": [
      "Pictures/Fototeca de Fotos.photoslibrary/resources/derivatives/F/FC9D11F1-F3A3-485D-871B-FA10715349AE_1_105_c.jpeg"
    ],
    "ultima_modificacion": "2025-08-01 01:01:04.521841"
  },
  "f595b95cebe54b5aba786b9456ab67651105c.jpeg": {
    "app_sintetizada": "F595B95CEBE54B5ABA786B9456AB67651105C.JPEG",
    "cantidad_archivos": 1,
    "archivos_fuente": [
      "Pictures/Fototeca de Fotos.photoslibrary/resources/derivatives/F/F595B95C-EBE5-4B5A-BA78-6B9456AB6765_1_105_c.jpeg"
    ],
    "ultima_modificacion": "2025-08-01 01:01:04.522111"
  },
  "f05da015e97649f7a143677de8b564aa1105c.jpeg": {
    "app_sintetizada": "F05DA015E97649F7A143677DE8B564AA1105C.JPEG",
    "cantidad_archivos": 1,
    "archivos_fuente": [
      "Pictures/Fototeca de Fotos.photoslibrary/resources/derivatives/F/F05DA015-E976-49F7-A143-677DE8B564AA_1_105_c.jpeg"
    ],
    "ultima_modificacion": "2025-08-01 01:01:04.522356"
  },
  "fb97877f891f4783871bfab7319c78921105c.jpeg": {
    "app_sintetizada": "FB97877F891F4783871BFAB7319C78921105C.JPEG",
    "cantidad_archivos": 1,
    "archivos_fuente": [
      "Pictures/Fototeca de Fotos.photoslibrary/resources/derivatives/F/FB97877F-891F-4783-871B-FAB7319C7892_1_105_c.jpeg"
    ],
    "ultima_modificacion": "2025-08-01 01:01:04.522603"
  },
  "fd9088fb704545198301355db1d047de1105c.jpeg": {
    "app_sintetizada": "FD9088FB704545198301355DB1D047DE1105C.JPEG",
    "cantidad_archivos": 1,
    "archivos_fuente": [
      "Pictures/Fototeca de Fotos.photoslibrary/resources/derivatives/F/FD9088FB-7045-4519-8301-355DB1D047DE_1_105_c.jpeg"
    ],
    "ultima_modificacion": "2025-08-01 01:01:04.522884"
  },
  "f3f8c9d5033d4ce18b00e7095fa151c91105c.jpeg": {
    "app_sintetizada": "F3F8C9D5033D4CE18B00E7095FA151C91105C.JPEG",
    "cantidad_archivos": 1,
    "archivos_fuente": [
      "Pictures/Fototeca de Fotos.photoslibrary/resources/derivatives/F/F3F8C9D5-033D-4CE1-8B00-E7095FA151C9_1_105_c.jpeg"
    ],
    "ultima_modificacion": "2025-08-01 01:01:04.523153"
  },
  "f0990532d7d44833ae68e30798d4052d1105c.jpeg": {
    "app_sintetizada": "F0990532D7D44833AE68E30798D4052D1105C.JPEG",
    "cantidad_archivos": 1,
    "archivos_fuente": [
      "Pictures/Fototeca de Fotos.photoslibrary/resources/derivatives/F/F0990532-D7D4-4833-AE68-E30798D4052D_1_105_c.jpeg"
    ],
    "ultima_modificacion": "2025-08-01 01:01:04.523388"
  },
  "f3ed5974781540d18e8cd8c26839cdf01105c.jpeg": {
    "app_sintetizada": "F3ED5974781540D18E8CD8C26839CDF01105C.JPEG",
    "cantidad_archivos": 1,
    "archivos_fuente": [
      "Pictures/Fototeca de Fotos.photoslibrary/resources/derivatives/F/F3ED5974-7815-40D1-8E8C-D8C26839CDF0_1_105_c.jpeg"
    ],
    "ultima_modificacion": "2025-08-01 01:01:04.523660"
  },
  "f10ee1900c0b41dd84bc5b800d5b4790.thm": {
    "app_sintetizada": "F10EE1900C0B41DD84BC5B800D5B4790.THM",
    "cantidad_archivos": 1,
    "archivos_fuente": [
      "Pictures/Fototeca de Fotos.photoslibrary/resources/derivatives/F/F10EE190-0C0B-41DD-84BC-5B800D5B4790.THM"
    ],
    "ultima_modificacion": "2025-08-01 01:01:04.523981"
  },
  "f5b5c3fd33294113af04e0d3cd95b7641105c.jpeg": {
    "app_sintetizada": "F5B5C3FD33294113AF04E0D3CD95B7641105C.JPEG",
    "cantidad_archivos": 1,
    "archivos_fuente": [
      "Pictures/Fototeca de Fotos.photoslibrary/resources/derivatives/F/F5B5C3FD-3329-4113-AF04-E0D3CD95B764_1_105_c.jpeg"
    ],
    "ultima_modificacion": "2025-08-01 01:01:04.524215"
  },
  "f32ee9e29a31412e9cc48c6d8a59e9f01105c.jpeg": {
    "app_sintetizada": "F32EE9E29A31412E9CC48C6D8A59E9F01105C.JPEG",
    "cantidad_archivos": 1,
    "archivos_fuente": [
      "Pictures/Fototeca de Fotos.photoslibrary/resources/derivatives/F/F32EE9E2-9A31-412E-9CC4-8C6D8A59E9F0_1_105_c.jpeg"
    ],
    "ultima_modificacion": "2025-08-01 01:01:04.524420"
  },
  "f83bbc2e00f740438157be1dd89a0ac11105c.jpeg": {
    "app_sintetizada": "F83BBC2E00F740438157BE1DD89A0AC11105C.JPEG",
    "cantidad_archivos": 1,
    "archivos_fuente": [
      "Pictures/Fototeca de Fotos.photoslibrary/resources/derivatives/F/F83BBC2E-00F7-4043-8157-BE1DD89A0AC1_1_105_c.jpeg"
    ],
    "ultima_modificacion": "2025-08-01 01:01:04.524613"
  },
  "f5b85807cb6f4004ab14815e805810b21105c.jpeg": {
    "app_sintetizada": "F5B85807CB6F4004AB14815E805810B21105C.JPEG",
    "cantidad_archivos": 1,
    "archivos_fuente": [
      "Pictures/Fototeca de Fotos.photoslibrary/resources/derivatives/F/F5B85807-CB6F-4004-AB14-815E805810B2_1_105_c.jpeg"
    ],
    "ultima_modificacion": "2025-08-01 01:01:04.524810"
  },
  "f154f49d2293408ea9ac11b35044e3491105c.jpeg": {
    "app_sintetizada": "F154F49D2293408EA9AC11B35044E3491105C.JPEG",
    "cantidad_archivos": 1,
    "archivos_fuente": [
      "Pictures/Fototeca de Fotos.photoslibrary/resources/derivatives/F/F154F49D-2293-408E-A9AC-11B35044E349_1_105_c.jpeg"
    ],
    "ultima_modificacion": "2025-08-01 01:01:04.524994"
  },
  "f925142e8af9451cbb2c95293cc1cb5c1105c.jpeg": {
    "app_sintetizada": "F925142E8AF9451CBB2C95293CC1CB5C1105C.JPEG",
    "cantidad_archivos": 1,
    "archivos_fuente": [
      "Pictures/Fototeca de Fotos.photoslibrary/resources/derivatives/F/F925142E-8AF9-451C-BB2C-95293CC1CB5C_1_105_c.jpeg"
    ],
    "ultima_modificacion": "2025-08-01 01:01:04.525186"
  },
  "f2bfc2f80ee64980a9d8814046df61051100o.jpeg": {
    "app_sintetizada": "F2BFC2F80EE64980A9D8814046DF61051100O.JPEG",
    "cantidad_archivos": 1,
    "archivos_fuente": [
      "Pictures/Fototeca de Fotos.photoslibrary/resources/derivatives/F/F2BFC2F8-0EE6-4980-A9D8-814046DF6105_1_100_o.jpeg"
    ],
    "ultima_modificacion": "2025-08-01 01:01:04.525404"
  },
  "f07daec339c14f78aee3ff8488cabf011105c.jpeg": {
    "app_sintetizada": "F07DAEC339C14F78AEE3FF8488CABF011105C.JPEG",
    "cantidad_archivos": 1,
    "archivos_fuente": [
      "Pictures/Fototeca de Fotos.photoslibrary/resources/derivatives/F/F07DAEC3-39C1-4F78-AEE3-FF8488CABF01_1_105_c.jpeg"
    ],
    "ultima_modificacion": "2025-08-01 01:01:04.525630"
  },
  "fe9201b23ea1441491e7269f41db14561105c.jpeg": {
    "app_sintetizada": "FE9201B23EA1441491E7269F41DB14561105C.JPEG",
    "cantidad_archivos": 1,
    "archivos_fuente": [
      "Pictures/Fototeca de Fotos.photoslibrary/resources/derivatives/F/FE9201B2-3EA1-4414-91E7-269F41DB1456_1_105_c.jpeg"
    ],
    "ultima_modificacion": "2025-08-01 01:01:04.525865"
  },
  "f3a432dd59714eeeb6a332db859857ec1105c.jpeg": {
    "app_sintetizada": "F3A432DD59714EEEB6A332DB859857EC1105C.JPEG",
    "cantidad_archivos": 1,
    "archivos_fuente": [
      "Pictures/Fototeca de Fotos.photoslibrary/resources/derivatives/F/F3A432DD-5971-4EEE-B6A3-32DB859857EC_1_105_c.jpeg"
    ],
    "ultima_modificacion": "2025-08-01 01:01:04.526166"
  }
}