{
  "10af7f904c2b44b2a138e1fc691c6b3e1105c.jpeg": {
    "app_sintetizada": "10AF7F904C2B44B2A138E1FC691C6B3E1105C.JPEG",
    "cantidad_archivos": 1,
    "archivos_fuente": [
      "Pictures/Fototeca de Fotos.photoslibrary/resources/derivatives/1/10AF7F90-4C2B-44B2-A138-E1FC691C6B3E_1_105_c.jpeg"
    ],
    "ultima_modificacion": "2025-08-01 01:01:03.012504"
  },
  "10adc405e4dd4330bf329c55f6a4bc401105c.jpeg": {
    "app_sintetizada": "10ADC405E4DD4330BF329C55F6A4BC401105C.JPEG",
    "cantidad_archivos": 1,
    "archivos_fuente": [
      "Pictures/Fototeca de Fotos.photoslibrary/resources/derivatives/1/10ADC405-E4DD-4330-BF32-9C55F6A4BC40_1_105_c.jpeg"
    ],
    "ultima_modificacion": "2025-08-01 01:01:03.012737"
  },
  "14ec97e9f01742e0aca94dbe2d6da9d41105c.jpeg": {
    "app_sintetizada": "14EC97E9F01742E0ACA94DBE2D6DA9D41105C.JPEG",
    "cantidad_archivos": 1,
    "archivos_fuente": [
      "Pictures/Fototeca de Fotos.photoslibrary/resources/derivatives/1/14EC97E9-F017-42E0-ACA9-4DBE2D6DA9D4_1_105_c.jpeg"
    ],
    "ultima_modificacion": "2025-08-01 01:01:03.013024"
  },
  "1b982f6ad9f14f1a85ca66314652921a.thm": {
    "app_sintetizada": "1B982F6AD9F14F1A85CA66314652921A.THM",
    "cantidad_archivos": 1,
    "archivos_fuente": [
      "Pictures/Fototeca de Fotos.photoslibrary/resources/derivatives/1/1B982F6A-D9F1-4F1A-85CA-66314652921A.THM"
    ],
    "ultima_modificacion": "2025-08-01 01:01:03.013276"
  },
  "1541877df2844a71a1bad21e16795b4e1105c.jpeg": {
    "app_sintetizada": "1541877DF2844A71A1BAD21E16795B4E1105C.JPEG",
    "cantidad_archivos": 1,
    "archivos_fuente": [
      "Pictures/Fototeca de Fotos.photoslibrary/resources/derivatives/1/1541877D-F284-4A71-A1BA-D21E16795B4E_1_105_c.jpeg"
    ],
    "ultima_modificacion": "2025-08-01 01:01:03.013524"
  },
  "1ba8d16bd6c94bb69cd4d52d624a36dd.thm": {
    "app_sintetizada": "1BA8D16BD6C94BB69CD4D52D624A36DD.THM",
    "cantidad_archivos": 1,
    "archivos_fuente": [
      "Pictures/Fototeca de Fotos.photoslibrary/resources/derivatives/1/1BA8D16B-D6C9-4BB6-9CD4-D52D624A36DD.THM"
    ],
    "ultima_modificacion": "2025-08-01 01:01:03.013776"
  },
  "11ab8832214e45b293bf7e5da96eadfb1105c.jpeg": {
    "app_sintetizada": "11AB8832214E45B293BF7E5DA96EADFB1105C.JPEG",
    "cantidad_archivos": 1,
    "archivos_fuente": [
      "Pictures/Fototeca de Fotos.photoslibrary/resources/derivatives/1/11AB8832-214E-45B2-93BF-7E5DA96EADFB_1_105_c.jpeg"
    ],
    "ultima_modificacion": "2025-08-01 01:01:03.014061"
  },
  "10083c13452447bb92f194c038cbb3561105c.jpeg": {
    "app_sintetizada": "10083C13452447BB92F194C038CBB3561105C.JPEG",
    "cantidad_archivos": 1,
    "archivos_fuente": [
      "Pictures/Fototeca de Fotos.photoslibrary/resources/derivatives/1/10083C13-4524-47BB-92F1-94C038CBB356_1_105_c.jpeg"
    ],
    "ultima_modificacion": "2025-08-01 01:01:03.014347"
  },
  "14b0010e63074f06be27d0b76bd00fa5.thm": {
    "app_sintetizada": "14B0010E63074F06BE27D0B76BD00FA5.THM",
    "cantidad_archivos": 1,
    "archivos_fuente": [
      "Pictures/Fototeca de Fotos.photoslibrary/resources/derivatives/1/14B0010E-6307-4F06-BE27-D0B76BD00FA5.THM"
    ],
    "ultima_modificacion": "2025-08-01 01:01:03.014695"
  },
  "1c01675cdd934916811ee9a51cf5fa941105c.jpeg": {
    "app_sintetizada": "1C01675CDD934916811EE9A51CF5FA941105C.JPEG",
    "cantidad_archivos": 1,
    "archivos_fuente": [
      "Pictures/Fototeca de Fotos.photoslibrary/resources/derivatives/1/1C01675C-DD93-4916-811E-E9A51CF5FA94_1_105_c.jpeg"
    ],
    "ultima_modificacion": "2025-08-01 01:01:03.014978"
  },
  "16c4e7ed220a465f92ab9ba1ce8446231105c.jpeg": {
    "app_sintetizada": "16C4E7ED220A465F92AB9BA1CE8446231105C.JPEG",
    "cantidad_archivos": 1,
    "archivos_fuente": [
      "Pictures/Fototeca de Fotos.photoslibrary/resources/derivatives/1/16C4E7ED-220A-465F-92AB-9BA1CE844623_1_105_c.jpeg"
    ],
    "ultima_modificacion": "2025-08-01 01:01:03.015284"
  },
  "1aa43253d1684e41ab90d8eaa3e0886f1105c.jpeg": {
    "app_sintetizada": "1AA43253D1684E41AB90D8EAA3E0886F1105C.JPEG",
    "cantidad_archivos": 1,
    "archivos_fuente": [
      "Pictures/Fototeca de Fotos.photoslibrary/resources/derivatives/1/1AA43253-D168-4E41-AB90-D8EAA3E0886F_1_105_c.jpeg"
    ],
    "ultima_modificacion": "2025-08-01 01:01:03.015606"
  },
  "1673838c1c244126a759340056dbd1691105c.jpeg": {
    "app_sintetizada": "1673838C1C244126A759340056DBD1691105C.JPEG",
    "cantidad_archivos": 1,
    "archivos_fuente": [
      "Pictures/Fototeca de Fotos.photoslibrary/resources/derivatives/1/1673838C-1C24-4126-A759-340056DBD169_1_105_c.jpeg"
    ],
    "ultima_modificacion": "2025-08-01 01:01:03.015916"
  },
  "181b870d32da4fc2a58e9faf00a5e8201105c.jpeg": {
    "app_sintetizada": "181B870D32DA4FC2A58E9FAF00A5E8201105C.JPEG",
    "cantidad_archivos": 1,
    "archivos_fuente": [
      "Pictures/Fototeca de Fotos.photoslibrary/resources/derivatives/1/181B870D-32DA-4FC2-A58E-9FAF00A5E820_1_105_c.jpeg"
    ],
    "ultima_modificacion": "2025-08-01 01:01:03.016221"
  },
  "1ae5b369db0f4426bef22d957f631cd21105c.jpeg": {
    "app_sintetizada": "1AE5B369DB0F4426BEF22D957F631CD21105C.JPEG",
    "cantidad_archivos": 1,
    "archivos_fuente": [
      "Pictures/Fototeca de Fotos.photoslibrary/resources/derivatives/1/1AE5B369-DB0F-4426-BEF2-2D957F631CD2_1_105_c.jpeg"
    ],
    "ultima_modificacion": "2025-08-01 01:01:03.016526"
  },
  "18faff40024e47c8ba56c665392621421105c.jpeg": {
    "app_sintetizada": "18FAFF40024E47C8BA56C665392621421105C.JPEG",
    "cantidad_archivos": 1,
    "archivos_fuente": [
      "Pictures/Fototeca de Fotos.photoslibrary/resources/derivatives/1/18FAFF40-024E-47C8-BA56-C66539262142_1_105_c.jpeg"
    ],
    "ultima_modificacion": "2025-08-01 01:01:03.016845"
  },
  "157914f51c0f4a6da8b6186c11458e0a1105c.jpeg": {
    "app_sintetizada": "157914F51C0F4A6DA8B6186C11458E0A1105C.JPEG",
    "cantidad_archivos": 1,
    "archivos_fuente": [
      "Pictures/Fototeca de Fotos.photoslibrary/resources/derivatives/1/157914F5-1C0F-4A6D-A8B6-186C11458E0A_1_105_c.jpeg"
    ],
    "ultima_modificacion": "2025-08-01 01:01:03.017104"
  },
  "104de303da224dac8eba36d10f59f4411105c.jpeg": {
    "app_sintetizada": "104DE303DA224DAC8EBA36D10F59F4411105C.JPEG",
    "cantidad_archivos": 1,
    "archivos_fuente": [
      "Pictures/Fototeca de Fotos.photoslibrary/resources/derivatives/1/104DE303-DA22-4DAC-8EBA-36D10F59F441_1_105_c.jpeg"
    ],
    "ultima_modificacion": "2025-08-01 01:01:03.017354"
  },
  "182f894790e747ad97c5db3b63d9462c1105c.jpeg": {
    "app_sintetizada": "182F894790E747AD97C5DB3B63D9462C1105C.JPEG",
    "cantidad_archivos": 1,
    "archivos_fuente": [
      "Pictures/Fototeca de Fotos.photoslibrary/resources/derivatives/1/182F8947-90E7-47AD-97C5-DB3B63D9462C_1_105_c.jpeg"
    ],
    "ultima_modificacion": "2025-08-01 01:01:03.017595"
  },
  "1af1a539382b4b04b25294569d90e9991105c.jpeg": {
    "app_sintetizada": "1AF1A539382B4B04B25294569D90E9991105C.JPEG",
    "cantidad_archivos": 1,
    "archivos_fuente": [
      "Pictures/Fototeca de Fotos.photoslibrary/resources/derivatives/1/1AF1A539-382B-4B04-B252-94569D90E999_1_105_c.jpeg"
    ],
    "ultima_modificacion": "2025-08-01 01:01:03.017843"
  },
  "16374bc60ad0411cb261e1daceba49381105c.jpeg": {
    "app_sintetizada": "16374BC60AD0411CB261E1DACEBA49381105C.JPEG",
    "cantidad_archivos": 1,
    "archivos_fuente": [
      "Pictures/Fototeca de Fotos.photoslibrary/resources/derivatives/1/16374BC6-0AD0-411C-B261-E1DACEBA4938_1_105_c.jpeg"
    ],
    "ultima_modificacion": "2025-08-01 01:01:03.018085"
  },
  "10302ec18924466e958c608cbdfdaa0a1105c.jpeg": {
    "app_sintetizada": "10302EC18924466E958C608CBDFDAA0A1105C.JPEG",
    "cantidad_archivos": 1,
    "archivos_fuente": [
      "Pictures/Fototeca de Fotos.photoslibrary/resources/derivatives/1/10302EC1-8924-466E-958C-608CBDFDAA0A_1_105_c.jpeg"
    ],
    "ultima_modificacion": "2025-08-01 01:01:03.018431"
  },
  "1f95a1d987c640edaeee44673af08ddc1105c.jpeg": {
    "app_sintetizada": "1F95A1D987C640EDAEEE44673AF08DDC1105C.JPEG",
    "cantidad_archivos": 1,
    "archivos_fuente": [
      "Pictures/Fototeca de Fotos.photoslibrary/resources/derivatives/1/1F95A1D9-87C6-40ED-AEEE-44673AF08DDC_1_105_c.jpeg"
    ],
    "ultima_modificacion": "2025-08-01 01:01:03.018665"
  },
  "11f7b7497ccf4eab927a8cf4efdf1f9e1105c.jpeg": {
    "app_sintetizada": "11F7B7497CCF4EAB927A8CF4EFDF1F9E1105C.JPEG",
    "cantidad_archivos": 1,
    "archivos_fuente": [
      "Pictures/Fototeca de Fotos.photoslibrary/resources/derivatives/1/11F7B749-7CCF-4EAB-927A-8CF4EFDF1F9E_1_105_c.jpeg"
    ],
    "ultima_modificacion": "2025-08-01 01:01:03.018884"
  },
  "1cbb7bb912df431abd75f928f0a44b10.thm": {
    "app_sintetizada": "1CBB7BB912DF431ABD75F928F0A44B10.THM",
    "cantidad_archivos": 1,
    "archivos_fuente": [
      "Pictures/Fototeca de Fotos.photoslibrary/resources/derivatives/1/1CBB7BB9-12DF-431A-BD75-F928F0A44B10.THM"
    ],
    "ultima_modificacion": "2025-08-01 01:01:03.019072"
  },
  "10127e46185c403ba5c6fffcb7e0a3511105c.jpeg": {
    "app_sintetizada": "10127E46185C403BA5C6FFFCB7E0A3511105C.JPEG",
    "cantidad_archivos": 1,
    "archivos_fuente": [
      "Pictures/Fototeca de Fotos.photoslibrary/resources/derivatives/1/10127E46-185C-403B-A5C6-FFFCB7E0A351_1_105_c.jpeg"
    ],
    "ultima_modificacion": "2025-08-01 01:01:03.019309"
  },
  "1796b2f2509e41259a087b382e1770151105c.jpeg": {
    "app_sintetizada": "1796B2F2509E41259A087B382E1770151105C.JPEG",
    "cantidad_archivos": 1,
    "archivos_fuente": [
      "Pictures/Fototeca de Fotos.photoslibrary/resources/derivatives/1/1796B2F2-509E-4125-9A08-7B382E177015_1_105_c.jpeg"
    ],
    "ultima_modificacion": "2025-08-01 01:01:03.019622"
  },
  "168154706c954f54bb0dd1c3dbcf43ae.thm": {
    "app_sintetizada": "168154706C954F54BB0DD1C3DBCF43AE.THM",
    "cantidad_archivos": 1,
    "archivos_fuente": [
      "Pictures/Fototeca de Fotos.photoslibrary/resources/derivatives/1/16815470-6C95-4F54-BB0D-D1C3DBCF43AE.THM"
    ],
    "ultima_modificacion": "2025-08-01 01:01:03.019866"
  },
  "1741cc28d52a4011ae81505f363be90b1105c.jpeg": {
    "app_sintetizada": "1741CC28D52A4011AE81505F363BE90B1105C.JPEG",
    "cantidad_archivos": 1,
    "archivos_fuente": [
      "Pictures/Fototeca de Fotos.photoslibrary/resources/derivatives/1/1741CC28-D52A-4011-AE81-505F363BE90B_1_105_c.jpeg"
    ],
    "ultima_modificacion": "2025-08-01 01:01:03.020080"
  },
  "13a6eae178ac42abb7b73323f6bffc971105c.jpeg": {
    "app_sintetizada": "13A6EAE178AC42ABB7B73323F6BFFC971105C.JPEG",
    "cantidad_archivos": 1,
    "archivos_fuente": [
      "Pictures/Fototeca de Fotos.photoslibrary/resources/derivatives/1/13A6EAE1-78AC-42AB-B7B7-3323F6BFFC97_1_105_c.jpeg"
    ],
    "ultima_modificacion": "2025-08-01 01:01:03.020271"
  },
  "13f23c8f17b0434aa0bbac41ea05ef1d1105c.jpeg": {
    "app_sintetizada": "13F23C8F17B0434AA0BBAC41EA05EF1D1105C.JPEG",
    "cantidad_archivos": 1,
    "archivos_fuente": [
      "Pictures/Fototeca de Fotos.photoslibrary/resources/derivatives/1/13F23C8F-17B0-434A-A0BB-AC41EA05EF1D_1_105_c.jpeg"
    ],
    "ultima_modificacion": "2025-08-01 01:01:03.020456"
  },
  "1e363a3f74784ded86b27954a67cc0bc1105c.jpeg": {
    "app_sintetizada": "1E363A3F74784DED86B27954A67CC0BC1105C.JPEG",
    "cantidad_archivos": 1,
    "archivos_fuente": [
      "Pictures/Fototeca de Fotos.photoslibrary/resources/derivatives/1/1E363A3F-7478-4DED-86B2-7954A67CC0BC_1_105_c.jpeg"
    ],
    "ultima_modificacion": "2025-08-01 01:01:03.020637"
  },
  "1fc51a009ab84bf6a7d790217e3702971105c.jpeg": {
    "app_sintetizada": "1FC51A009AB84BF6A7D790217E3702971105C.JPEG",
    "cantidad_archivos": 1,
    "archivos_fuente": [
      "Pictures/Fototeca de Fotos.photoslibrary/resources/derivatives/1/1FC51A00-9AB8-4BF6-A7D7-90217E370297_1_105_c.jpeg"
    ],
    "ultima_modificacion": "2025-08-01 01:01:03.020813"
  },
  "13fdaca8ace04bacaa6d21226dab3e981105c.jpeg": {
    "app_sintetizada": "13FDACA8ACE04BACAA6D21226DAB3E981105C.JPEG",
    "cantidad_archivos": 1,
    "archivos_fuente": [
      "Pictures/Fototeca de Fotos.photoslibrary/resources/derivatives/1/13FDACA8-ACE0-4BAC-AA6D-21226DAB3E98_1_105_c.jpeg"
    ],
    "ultima_modificacion": "2025-08-01 01:01:03.020990"
  },
  "184f95151c704d6ea0c2b50ecd60adf91105c.jpeg": {
    "app_sintetizada": "184F95151C704D6EA0C2B50ECD60ADF91105C.JPEG",
    "cantidad_archivos": 1,
    "archivos_fuente": [
      "Pictures/Fototeca de Fotos.photoslibrary/resources/derivatives/1/184F9515-1C70-4D6E-A0C2-B50ECD60ADF9_1_105_c.jpeg"
    ],
    "ultima_modificacion": "2025-08-01 01:01:03.021165"
  },
  "161a263d7e30463d8537c1c4e2d8eaca1105c.jpeg": {
    "app_sintetizada": "161A263D7E30463D8537C1C4E2D8EACA1105C.JPEG",
    "cantidad_archivos": 1,
    "archivos_fuente": [
      "Pictures/Fototeca de Fotos.photoslibrary/resources/derivatives/1/161A263D-7E30-463D-8537-C1C4E2D8EACA_1_105_c.jpeg"
    ],
    "ultima_modificacion": "2025-08-01 01:01:03.021344"
  },
  "11a33800eed449f493459fb8e69c87cd1105c.jpeg": {
    "app_sintetizada": "11A33800EED449F493459FB8E69C87CD1105C.JPEG",
    "cantidad_archivos": 1,
    "archivos_fuente": [
      "Pictures/Fototeca de Fotos.photoslibrary/resources/derivatives/1/11A33800-EED4-49F4-9345-9FB8E69C87CD_1_105_c.jpeg"
    ],
    "ultima_modificacion": "2025-08-01 01:01:03.021577"
  },
  "16e089760a6e4c1fb3a4d8946948d55a.thm": {
    "app_sintetizada": "16E089760A6E4C1FB3A4D8946948D55A.THM",
    "cantidad_archivos": 1,
    "archivos_fuente": [
      "Pictures/Fototeca de Fotos.photoslibrary/resources/derivatives/1/16E08976-0A6E-4C1F-B3A4-D8946948D55A.THM"
    ],
    "ultima_modificacion": "2025-08-01 01:01:03.021899"
  },
  "135f4718370e40fd9ab17ff705d7efda1105c.jpeg": {
    "app_sintetizada": "135F4718370E40FD9AB17FF705D7EFDA1105C.JPEG",
    "cantidad_archivos": 1,
    "archivos_fuente": [
      "Pictures/Fototeca de Fotos.photoslibrary/resources/derivatives/1/135F4718-370E-40FD-9AB1-7FF705D7EFDA_1_105_c.jpeg"
    ],
    "ultima_modificacion": "2025-08-01 01:01:03.022158"
  },
  "1e101c72d3a24a2ca941764cd087433e1105c.jpeg": {
    "app_sintetizada": "1E101C72D3A24A2CA941764CD087433E1105C.JPEG",
    "cantidad_archivos": 1,
    "archivos_fuente": [
      "Pictures/Fototeca de Fotos.photoslibrary/resources/derivatives/1/1E101C72-D3A2-4A2C-A941-764CD087433E_1_105_c.jpeg"
    ],
    "ultima_modificacion": "2025-08-01 01:01:03.022394"
  },
  "1aa39f930b744defba56271ba13b2d2a1105c.jpeg": {
    "app_sintetizada": "1AA39F930B744DEFBA56271BA13B2D2A1105C.JPEG",
    "cantidad_archivos": 1,
    "archivos_fuente": [
      "Pictures/Fototeca de Fotos.photoslibrary/resources/derivatives/1/1AA39F93-0B74-4DEF-BA56-271BA13B2D2A_1_105_c.jpeg"
    ],
    "ultima_modificacion": "2025-08-01 01:01:03.022587"
  },
  "1affdf6d442e4d6bb364f7a93f4f9a6e1105c.jpeg": {
    "app_sintetizada": "1AFFDF6D442E4D6BB364F7A93F4F9A6E1105C.JPEG",
    "cantidad_archivos": 1,
    "archivos_fuente": [
      "Pictures/Fototeca de Fotos.photoslibrary/resources/derivatives/1/1AFFDF6D-442E-4D6B-B364-F7A93F4F9A6E_1_105_c.jpeg"
    ],
    "ultima_modificacion": "2025-08-01 01:01:03.022790"
  },
  "1989015e0a754ed283fdc1c3c51209601105c.jpeg": {
    "app_sintetizada": "1989015E0A754ED283FDC1C3C51209601105C.JPEG",
    "cantidad_archivos": 1,
    "archivos_fuente": [
      "Pictures/Fototeca de Fotos.photoslibrary/resources/derivatives/1/1989015E-0A75-4ED2-83FD-C1C3C5120960_1_105_c.jpeg"
    ],
    "ultima_modificacion": "2025-08-01 01:01:03.023033"
  },
  "1f21d25c78564292a139fe251a774d9e1105c.jpeg": {
    "app_sintetizada": "1F21D25C78564292A139FE251A774D9E1105C.JPEG",
    "cantidad_archivos": 1,
    "archivos_fuente": [
      "Pictures/Fototeca de Fotos.photoslibrary/resources/derivatives/1/1F21D25C-7856-4292-A139-FE251A774D9E_1_105_c.jpeg"
    ],
    "ultima_modificacion": "2025-08-01 01:01:03.023315"
  },
  "1cb6486027ac4999b22e8f1c0ba140ea1105c.jpeg": {
    "app_sintetizada": "1CB6486027AC4999B22E8F1C0BA140EA1105C.JPEG",
    "cantidad_archivos": 1,
    "archivos_fuente": [
      "Pictures/Fototeca de Fotos.photoslibrary/resources/derivatives/1/1CB64860-27AC-4999-B22E-8F1C0BA140EA_1_105_c.jpeg"
    ],
    "ultima_modificacion": "2025-08-01 01:01:03.023567"
  },
  "17f113c317394bbba1bf445f896c14351105c.jpeg": {
    "app_sintetizada": "17F113C317394BBBA1BF445F896C14351105C.JPEG",
    "cantidad_archivos": 1,
    "archivos_fuente": [
      "Pictures/Fototeca de Fotos.photoslibrary/resources/derivatives/1/17F113C3-1739-4BBB-A1BF-445F896C1435_1_105_c.jpeg"
    ],
    "ultima_modificacion": "2025-08-01 01:01:03.023884"
  },
  "1e3f889e43024425ba0991918e4655f91105c.jpeg": {
    "app_sintetizada": "1E3F889E43024425BA0991918E4655F91105C.JPEG",
    "cantidad_archivos": 1,
    "archivos_fuente": [
      "Pictures/Fototeca de Fotos.photoslibrary/resources/derivatives/1/1E3F889E-4302-4425-BA09-91918E4655F9_1_105_c.jpeg"
    ],
    "ultima_modificacion": "2025-08-01 01:01:03.024143"
  },
  "141151c4a36c40d2b7baf5dc8891a61f1105c.jpeg": {
    "app_sintetizada": "141151C4A36C40D2B7BAF5DC8891A61F1105C.JPEG",
    "cantidad_archivos": 1,
    "archivos_fuente": [
      "Pictures/Fototeca de Fotos.photoslibrary/resources/derivatives/1/141151C4-A36C-40D2-B7BA-F5DC8891A61F_1_105_c.jpeg"
    ],
    "ultima_modificacion": "2025-08-01 01:01:03.024422"
  },
  "16126e69779949dea475cb7f34dec18d1105c.jpeg": {
    "app_sintetizada": "16126E69779949DEA475CB7F34DEC18D1105C.JPEG",
    "cantidad_archivos": 1,
    "archivos_fuente": [
      "Pictures/Fototeca de Fotos.photoslibrary/resources/derivatives/1/16126E69-7799-49DE-A475-CB7F34DEC18D_1_105_c.jpeg"
    ],
    "ultima_modificacion": "2025-08-01 01:01:03.024639"
  },
  "1d5ae73494ed4538a8ed54a8f362fcaf1100o.jpeg": {
    "app_sintetizada": "1D5AE73494ED4538A8ED54A8F362FCAF1100O.JPEG",
    "cantidad_archivos": 1,
    "archivos_fuente": [
      "Pictures/Fototeca de Fotos.photoslibrary/resources/derivatives/1/1D5AE734-94ED-4538-A8ED-54A8F362FCAF_1_100_o.jpeg"
    ],
    "ultima_modificacion": "2025-08-01 01:01:03.024851"
  },
  "1960992ba732435b80a0b4f6028399971105c.jpeg": {
    "app_sintetizada": "1960992BA732435B80A0B4F6028399971105C.JPEG",
    "cantidad_archivos": 1,
    "archivos_fuente": [
      "Pictures/Fototeca de Fotos.photoslibrary/resources/derivatives/1/1960992B-A732-435B-80A0-B4F602839997_1_105_c.jpeg"
    ],
    "ultima_modificacion": "2025-08-01 01:01:03.025073"
  },
  "148b54f4a8ff456fbde03f48f8f971ec1105c.jpeg": {
    "app_sintetizada": "148B54F4A8FF456FBDE03F48F8F971EC1105C.JPEG",
    "cantidad_archivos": 1,
    "archivos_fuente": [
      "Pictures/Fototeca de Fotos.photoslibrary/resources/derivatives/1/148B54F4-A8FF-456F-BDE0-3F48F8F971EC_1_105_c.jpeg"
    ],
    "ultima_modificacion": "2025-08-01 01:01:03.025294"
  },
  "1c9e11b97ead4e719ed6572660f610341105c.jpeg": {
    "app_sintetizada": "1C9E11B97EAD4E719ED6572660F610341105C.JPEG",
    "cantidad_archivos": 1,
    "archivos_fuente": [
      "Pictures/Fototeca de Fotos.photoslibrary/resources/derivatives/1/1C9E11B9-7EAD-4E71-9ED6-572660F61034_1_105_c.jpeg"
    ],
    "ultima_modificacion": "2025-08-01 01:01:03.025487"
  },
  "171d37803b1e4e5aa71f01592496441c1105c.jpeg": {
    "app_sintetizada": "171D37803B1E4E5AA71F01592496441C1105C.JPEG",
    "cantidad_archivos": 1,
    "archivos_fuente": [
      "Pictures/Fototeca de Fotos.photoslibrary/resources/derivatives/1/171D3780-3B1E-4E5A-A71F-01592496441C_1_105_c.jpeg"
    ],
    "ultima_modificacion": "2025-08-01 01:01:03.025670"
  },
  "1e1de116f4944d3e8b71a899adc99f4a1105c.jpeg": {
    "app_sintetizada": "1E1DE116F4944D3E8B71A899ADC99F4A1105C.JPEG",
    "cantidad_archivos": 1,
    "archivos_fuente": [
      "Pictures/Fototeca de Fotos.photoslibrary/resources/derivatives/1/1E1DE116-F494-4D3E-8B71-A899ADC99F4A_1_105_c.jpeg"
    ],
    "ultima_modificacion": "2025-08-01 01:01:03.025848"
  },
  "1390b6d2d6284d59826f4605ec404c2c1105c.jpeg": {
    "app_sintetizada": "1390B6D2D6284D59826F4605EC404C2C1105C.JPEG",
    "cantidad_archivos": 1,
    "archivos_fuente": [
      "Pictures/Fototeca de Fotos.photoslibrary/resources/derivatives/1/1390B6D2-D628-4D59-826F-4605EC404C2C_1_105_c.jpeg"
    ],
    "ultima_modificacion": "2025-08-01 01:01:03.026083"
  },
  "16c01f2a815a4c6ba137a9a9d57d87aa1105c.jpeg": {
    "app_sintetizada": "16C01F2A815A4C6BA137A9A9D57D87AA1105C.JPEG",
    "cantidad_archivos": 1,
    "archivos_fuente": [
      "Pictures/Fototeca de Fotos.photoslibrary/resources/derivatives/1/16C01F2A-815A-4C6B-A137-A9A9D57D87AA_1_105_c.jpeg"
    ],
    "ultima_modificacion": "2025-08-01 01:01:03.026304"
  },
  "1d3236b89aba4f438597a026a2cac8471105c.jpeg": {
    "app_sintetizada": "1D3236B89ABA4F438597A026A2CAC8471105C.JPEG",
    "cantidad_archivos": 1,
    "archivos_fuente": [
      "Pictures/Fototeca de Fotos.photoslibrary/resources/derivatives/1/1D3236B8-9ABA-4F43-8597-A026A2CAC847_1_105_c.jpeg"
    ],
    "ultima_modificacion": "2025-08-01 01:01:03.026612"
  },
  "165b9c37709e40ba9a2dc85b44b9ea221105c.jpeg": {
    "app_sintetizada": "165B9C37709E40BA9A2DC85B44B9EA221105C.JPEG",
    "cantidad_archivos": 1,
    "archivos_fuente": [
      "Pictures/Fototeca de Fotos.photoslibrary/resources/derivatives/1/165B9C37-709E-40BA-9A2D-C85B44B9EA22_1_105_c.jpeg"
    ],
    "ultima_modificacion": "2025-08-01 01:01:03.026829"
  },
  "1cb6120e444544fc81bde67b3fe5883a1105c.jpeg": {
    "app_sintetizada": "1CB6120E444544FC81BDE67B3FE5883A1105C.JPEG",
    "cantidad_archivos": 1,
    "archivos_fuente": [
      "Pictures/Fototeca de Fotos.photoslibrary/resources/derivatives/1/1CB6120E-4445-44FC-81BD-E67B3FE5883A_1_105_c.jpeg"
    ],
    "ultima_modificacion": "2025-08-01 01:01:03.027020"
  },
  "14e1c18a064847a89bb4639460ccdc061105c.jpeg": {
    "app_sintetizada": "14E1C18A064847A89BB4639460CCDC061105C.JPEG",
    "cantidad_archivos": 1,
    "archivos_fuente": [
      "Pictures/Fototeca de Fotos.photoslibrary/resources/derivatives/1/14E1C18A-0648-47A8-9BB4-639460CCDC06_1_105_c.jpeg"
    ],
    "ultima_modificacion": "2025-08-01 01:01:03.027206"
  },
  "107f063d8f7b499c9dac2d10b24e1efe1105c.jpeg": {
    "app_sintetizada": "107F063D8F7B499C9DAC2D10B24E1EFE1105C.JPEG",
    "cantidad_archivos": 1,
    "archivos_fuente": [
      "Pictures/Fototeca de Fotos.photoslibrary/resources/derivatives/1/107F063D-8F7B-499C-9DAC-2D10B24E1EFE_1_105_c.jpeg"
    ],
    "ultima_modificacion": "2025-08-01 01:01:03.027399"
  },
  "1219c104f77d44b0bd1395caf0c42acf1105c.jpeg": {
    "app_sintetizada": "1219C104F77D44B0BD1395CAF0C42ACF1105C.JPEG",
    "cantidad_archivos": 1,
    "archivos_fuente": [
      "Pictures/Fototeca de Fotos.photoslibrary/resources/derivatives/1/1219C104-F77D-44B0-BD13-95CAF0C42ACF_1_105_c.jpeg"
    ],
    "ultima_modificacion": "2025-08-01 01:01:03.027579"
  },
  "127ac91c9fca44fd91959c0b1decb65d1105c.jpeg": {
    "app_sintetizada": "127AC91C9FCA44FD91959C0B1DECB65D1105C.JPEG",
    "cantidad_archivos": 1,
    "archivos_fuente": [
      "Pictures/Fototeca de Fotos.photoslibrary/resources/derivatives/1/127AC91C-9FCA-44FD-9195-9C0B1DECB65D_1_105_c.jpeg"
    ],
    "ultima_modificacion": "2025-08-01 01:01:03.027856"
  },
  "162e89a33b534f94a6afcfd781f114a51105c.jpeg": {
    "app_sintetizada": "162E89A33B534F94A6AFCFD781F114A51105C.JPEG",
    "cantidad_archivos": 1,
    "archivos_fuente": [
      "Pictures/Fototeca de Fotos.photoslibrary/resources/derivatives/1/162E89A3-3B53-4F94-A6AF-CFD781F114A5_1_105_c.jpeg"
    ],
    "ultima_modificacion": "2025-08-01 01:01:03.028103"
  },
  "1bd8842931f94932af144ff31f50e4881105c.jpeg": {
    "app_sintetizada": "1BD8842931F94932AF144FF31F50E4881105C.JPEG",
    "cantidad_archivos": 1,
    "archivos_fuente": [
      "Pictures/Fototeca de Fotos.photoslibrary/resources/derivatives/1/1BD88429-31F9-4932-AF14-4FF31F50E488_1_105_c.jpeg"
    ],
    "ultima_modificacion": "2025-08-01 01:01:03.028311"
  },
  "12477a656cb24270a4c869b6eb36190c.thm": {
    "app_sintetizada": "12477A656CB24270A4C869B6EB36190C.THM",
    "cantidad_archivos": 1,
    "archivos_fuente": [
      "Pictures/Fototeca de Fotos.photoslibrary/resources/derivatives/1/12477A65-6CB2-4270-A4C8-69B6EB36190C.THM"
    ],
    "ultima_modificacion": "2025-08-01 01:01:03.028498"
  },
  "1371dccec98a45f1b599fafc654b8df71105c.jpeg": {
    "app_sintetizada": "1371DCCEC98A45F1B599FAFC654B8DF71105C.JPEG",
    "cantidad_archivos": 1,
    "archivos_fuente": [
      "Pictures/Fototeca de Fotos.photoslibrary/resources/derivatives/1/1371DCCE-C98A-45F1-B599-FAFC654B8DF7_1_105_c.jpeg"
    ],
    "ultima_modificacion": "2025-08-01 01:01:03.028705"
  },
  "17a4e04c58fb4a9ca3fa97307ce365a11105c.jpeg": {
    "app_sintetizada": "17A4E04C58FB4A9CA3FA97307CE365A11105C.JPEG",
    "cantidad_archivos": 1,
    "archivos_fuente": [
      "Pictures/Fototeca de Fotos.photoslibrary/resources/derivatives/1/17A4E04C-58FB-4A9C-A3FA-97307CE365A1_1_105_c.jpeg"
    ],
    "ultima_modificacion": "2025-08-01 01:01:03.028978"
  },
  "1c7cc04cd52b47b481bdf551377316f11105c.jpeg": {
    "app_sintetizada": "1C7CC04CD52B47B481BDF551377316F11105C.JPEG",
    "cantidad_archivos": 1,
    "archivos_fuente": [
      "Pictures/Fototeca de Fotos.photoslibrary/resources/derivatives/1/1C7CC04C-D52B-47B4-81BD-F551377316F1_1_105_c.jpeg"
    ],
    "ultima_modificacion": "2025-08-01 01:01:03.029183"
  },
  "193a852d9a6843b3923d39fb2b4c2d301105c.jpeg": {
    "app_sintetizada": "193A852D9A6843B3923D39FB2B4C2D301105C.JPEG",
    "cantidad_archivos": 1,
    "archivos_fuente": [
      "Pictures/Fototeca de Fotos.photoslibrary/resources/derivatives/1/193A852D-9A68-43B3-923D-39FB2B4C2D30_1_105_c.jpeg"
    ],
    "ultima_modificacion": "2025-08-01 01:01:03.029375"
  },
  "10c08728e1964a92ae02bec445de982c1105c.jpeg": {
    "app_sintetizada": "10C08728E1964A92AE02BEC445DE982C1105C.JPEG",
    "cantidad_archivos": 1,
    "archivos_fuente": [
      "Pictures/Fototeca de Fotos.photoslibrary/resources/derivatives/1/10C08728-E196-4A92-AE02-BEC445DE982C_1_105_c.jpeg"
    ],
    "ultima_modificacion": "2025-08-01 01:01:03.029634"
  },
  "12a2b7b2c63344dc9f6ddee50f20ffa21105c.jpeg": {
    "app_sintetizada": "12A2B7B2C63344DC9F6DDEE50F20FFA21105C.JPEG",
    "cantidad_archivos": 1,
    "archivos_fuente": [
      "Pictures/Fototeca de Fotos.photoslibrary/resources/derivatives/1/12A2B7B2-C633-44DC-9F6D-DEE50F20FFA2_1_105_c.jpeg"
    ],
    "ultima_modificacion": "2025-08-01 01:01:03.029911"
  },
  "12a125be8a0b487886ca4fef67ee11151105c.jpeg": {
    "app_sintetizada": "12A125BE8A0B487886CA4FEF67EE11151105C.JPEG",
    "cantidad_archivos": 1,
    "archivos_fuente": [
      "Pictures/Fototeca de Fotos.photoslibrary/resources/derivatives/1/12A125BE-8A0B-4878-86CA-4FEF67EE1115_1_105_c.jpeg"
    ],
    "ultima_modificacion": "2025-08-01 01:01:03.030151"
  },
  "137069655af6481c96ba5910eb3aa9ab1105c.jpeg": {
    "app_sintetizada": "137069655AF6481C96BA5910EB3AA9AB1105C.JPEG",
    "cantidad_archivos": 1,
    "archivos_fuente": [
      "Pictures/Fototeca de Fotos.photoslibrary/resources/derivatives/1/13706965-5AF6-481C-96BA-5910EB3AA9AB_1_105_c.jpeg"
    ],
    "ultima_modificacion": "2025-08-01 01:01:03.030465"
  },
  "1a02292a54d64910ba21841e6378d49c1105c.jpeg": {
    "app_sintetizada": "1A02292A54D64910BA21841E6378D49C1105C.JPEG",
    "cantidad_archivos": 1,
    "archivos_fuente": [
      "Pictures/Fototeca de Fotos.photoslibrary/resources/derivatives/1/1A02292A-54D6-4910-BA21-841E6378D49C_1_105_c.jpeg"
    ],
    "ultima_modificacion": "2025-08-01 01:01:03.030711"
  },
  "137f6474471a4b2282a10b334ba5250e1105c.jpeg": {
    "app_sintetizada": "137F6474471A4B2282A10B334BA5250E1105C.JPEG",
    "cantidad_archivos": 1,
    "archivos_fuente": [
      "Pictures/Fototeca de Fotos.photoslibrary/resources/derivatives/1/137F6474-471A-4B22-82A1-0B334BA5250E_1_105_c.jpeg"
    ],
    "ultima_modificacion": "2025-08-01 01:01:03.030937"
  },
  "151c22142a8d4f9f8a2a3b236ccab1131105c.jpeg": {
    "app_sintetizada": "151C22142A8D4F9F8A2A3B236CCAB1131105C.JPEG",
    "cantidad_archivos": 1,
    "archivos_fuente": [
      "Pictures/Fototeca de Fotos.photoslibrary/resources/derivatives/1/151C2214-2A8D-4F9F-8A2A-3B236CCAB113_1_105_c.jpeg"
    ],
    "ultima_modificacion": "2025-08-01 01:01:03.031200"
  },
  "1a530b723f66481b827407da38eb79ad1105c.jpeg": {
    "app_sintetizada": "1A530B723F66481B827407DA38EB79AD1105C.JPEG",
    "cantidad_archivos": 1,
    "archivos_fuente": [
      "Pictures/Fototeca de Fotos.photoslibrary/resources/derivatives/1/1A530B72-3F66-481B-8274-07DA38EB79AD_1_105_c.jpeg"
    ],
    "ultima_modificacion": "2025-08-01 01:01:03.031464"
  },
  "1f51d0419a284ee798bfdeefd34a969c1105c.jpeg": {
    "app_sintetizada": "1F51D0419A284EE798BFDEEFD34A969C1105C.JPEG",
    "cantidad_archivos": 1,
    "archivos_fuente": [
      "Pictures/Fototeca de Fotos.photoslibrary/resources/derivatives/1/1F51D041-9A28-4EE7-98BF-DEEFD34A969C_1_105_c.jpeg"
    ],
    "ultima_modificacion": "2025-08-01 01:01:03.031694"
  },
  "17ff32aa42a342b79c9a79c2b6c14c3c.thm": {
    "app_sintetizada": "17FF32AA42A342B79C9A79C2B6C14C3C.THM",
    "cantidad_archivos": 1,
    "archivos_fuente": [
      "Pictures/Fototeca de Fotos.photoslibrary/resources/derivatives/1/17FF32AA-42A3-42B7-9C9A-79C2B6C14C3C.THM"
    ],
    "ultima_modificacion": "2025-08-01 01:01:03.031959"
  },
  "11f6517801ef401e8bc46b26435f5df91100o.jpeg": {
    "app_sintetizada": "11F6517801EF401E8BC46B26435F5DF91100O.JPEG",
    "cantidad_archivos": 1,
    "archivos_fuente": [
      "Pictures/Fototeca de Fotos.photoslibrary/resources/derivatives/1/11F65178-01EF-401E-8BC4-6B26435F5DF9_1_100_o.jpeg"
    ],
    "ultima_modificacion": "2025-08-01 01:01:03.032169"
  },
  "10bc0923638244c68915233e3e9b988d1105c.jpeg": {
    "app_sintetizada": "10BC0923638244C68915233E3E9B988D1105C.JPEG",
    "cantidad_archivos": 1,
    "archivos_fuente": [
      "Pictures/Fototeca de Fotos.photoslibrary/resources/derivatives/1/10BC0923-6382-44C6-8915-233E3E9B988D_1_105_c.jpeg"
    ],
    "ultima_modificacion": "2025-08-01 01:01:03.032366"
  },
  "15b54db7fd6c4e5585f04ec3405ffbc41105c.jpeg": {
    "app_sintetizada": "15B54DB7FD6C4E5585F04EC3405FFBC41105C.JPEG",
    "cantidad_archivos": 1,
    "archivos_fuente": [
      "Pictures/Fototeca de Fotos.photoslibrary/resources/derivatives/1/15B54DB7-FD6C-4E55-85F0-4EC3405FFBC4_1_105_c.jpeg"
    ],
    "ultima_modificacion": "2025-08-01 01:01:03.032547"
  },
  "16bd89e16af74ed18f9dbfeb91c1b5141102o.jpeg": {
    "app_sintetizada": "16BD89E16AF74ED18F9DBFEB91C1B5141102O.JPEG",
    "cantidad_archivos": 1,
    "archivos_fuente": [
      "Pictures/Fototeca de Fotos.photoslibrary/resources/derivatives/1/16BD89E1-6AF7-4ED1-8F9D-BFEB91C1B514_1_102_o.jpeg"
    ],
    "ultima_modificacion": "2025-08-01 01:01:03.032726"
  },
  "18e08a33fd2a4edc99f2e0b0502a445a1105c.jpeg": {
    "app_sintetizada": "18E08A33FD2A4EDC99F2E0B0502A445A1105C.JPEG",
    "cantidad_archivos": 1,
    "archivos_fuente": [
      "Pictures/Fototeca de Fotos.photoslibrary/resources/derivatives/1/18E08A33-FD2A-4EDC-99F2-E0B0502A445A_1_105_c.jpeg"
    ],
    "ultima_modificacion": "2025-08-01 01:01:03.032924"
  },
  "101f878b2dae463f867f1153d8afcd6c1105c.jpeg": {
    "app_sintetizada": "101F878B2DAE463F867F1153D8AFCD6C1105C.JPEG",
    "cantidad_archivos": 1,
    "archivos_fuente": [
      "Pictures/Fototeca de Fotos.photoslibrary/resources/derivatives/1/101F878B-2DAE-463F-867F-1153D8AFCD6C_1_105_c.jpeg"
    ],
    "ultima_modificacion": "2025-08-01 01:01:03.033092"
  },
  "1e4d580fd86a48fa9a250908d5bdcba31105c.jpeg": {
    "app_sintetizada": "1E4D580FD86A48FA9A250908D5BDCBA31105C.JPEG",
    "cantidad_archivos": 1,
    "archivos_fuente": [
      "Pictures/Fototeca de Fotos.photoslibrary/resources/derivatives/1/1E4D580F-D86A-48FA-9A25-0908D5BDCBA3_1_105_c.jpeg"
    ],
    "ultima_modificacion": "2025-08-01 01:01:03.033270"
  },
  "1d955752d2f34ea5a4fc63fd554151461105c.jpeg": {
    "app_sintetizada": "1D955752D2F34EA5A4FC63FD554151461105C.JPEG",
    "cantidad_archivos": 1,
    "archivos_fuente": [
      "Pictures/Fototeca de Fotos.photoslibrary/resources/derivatives/1/1D955752-D2F3-4EA5-A4FC-63FD55415146_1_105_c.jpeg"
    ],
    "ultima_modificacion": "2025-08-01 01:01:03.033497"
  },
  "1974bc01e9b942929aa13277ae0101f61105c.jpeg": {
    "app_sintetizada": "1974BC01E9B942929AA13277AE0101F61105C.JPEG",
    "cantidad_archivos": 1,
    "archivos_fuente": [
      "Pictures/Fototeca de Fotos.photoslibrary/resources/derivatives/1/1974BC01-E9B9-4292-9AA1-3277AE0101F6_1_105_c.jpeg"
    ],
    "ultima_modificacion": "2025-08-01 01:01:03.033764"
  },
  "107100b6b46447558a62cff7faeb234e1105c.jpeg": {
    "app_sintetizada": "107100B6B46447558A62CFF7FAEB234E1105C.JPEG",
    "cantidad_archivos": 1,
    "archivos_fuente": [
      "Pictures/Fototeca de Fotos.photoslibrary/resources/derivatives/1/107100B6-B464-4755-8A62-CFF7FAEB234E_1_105_c.jpeg"
    ],
    "ultima_modificacion": "2025-08-01 01:01:03.033994"
  },
  "14473e5047e24b72ae8953daf031048a1105c.jpeg": {
    "app_sintetizada": "14473E5047E24B72AE8953DAF031048A1105C.JPEG",
    "cantidad_archivos": 1,
    "archivos_fuente": [
      "Pictures/Fototeca de Fotos.photoslibrary/resources/derivatives/1/14473E50-47E2-4B72-AE89-53DAF031048A_1_105_c.jpeg"
    ],
    "ultima_modificacion": "2025-08-01 01:01:03.034225"
  },
  "12ff2dd2bcb948ac8a44ca8abfa5845e1105c.jpeg": {
    "app_sintetizada": "12FF2DD2BCB948AC8A44CA8ABFA5845E1105C.JPEG",
    "cantidad_archivos": 1,
    "archivos_fuente": [
      "Pictures/Fototeca de Fotos.photoslibrary/resources/derivatives/1/12FF2DD2-BCB9-48AC-8A44-CA8ABFA5845E_1_105_c.jpeg"
    ],
    "ultima_modificacion": "2025-08-01 01:01:03.034453"
  },
  "147b4d2cde1f461f870661ba5a092cf41105c.jpeg": {
    "app_sintetizada": "147B4D2CDE1F461F870661BA5A092CF41105C.JPEG",
    "cantidad_archivos": 1,
    "archivos_fuente": [
      "Pictures/Fototeca de Fotos.photoslibrary/resources/derivatives/1/147B4D2C-DE1F-461F-8706-61BA5A092CF4_1_105_c.jpeg"
    ],
    "ultima_modificacion": "2025-08-01 01:01:03.034749"
  },
  "1197b808a654419b95adae2290015e7d1105c.jpeg": {
    "app_sintetizada": "1197B808A654419B95ADAE2290015E7D1105C.JPEG",
    "cantidad_archivos": 1,
    "archivos_fuente": [
      "Pictures/Fototeca de Fotos.photoslibrary/resources/derivatives/1/1197B808-A654-419B-95AD-AE2290015E7D_1_105_c.jpeg"
    ],
    "ultima_modificacion": "2025-08-01 01:01:03.034949"
  },
  "1a656f2f4788433e938db74caee31aa31105c.jpeg": {
    "app_sintetizada": "1A656F2F4788433E938DB74CAEE31AA31105C.JPEG",
    "cantidad_archivos": 1,
    "archivos_fuente": [
      "Pictures/Fototeca de Fotos.photoslibrary/resources/derivatives/1/1A656F2F-4788-433E-938D-B74CAEE31AA3_1_105_c.jpeg"
    ],
    "ultima_modificacion": "2025-08-01 01:01:03.035134"
  },
  "1acdc6b847eb467584edd92cf5ca29f01105c.jpeg": {
    "app_sintetizada": "1ACDC6B847EB467584EDD92CF5CA29F01105C.JPEG",
    "cantidad_archivos": 1,
    "archivos_fuente": [
      "Pictures/Fototeca de Fotos.photoslibrary/resources/derivatives/1/1ACDC6B8-47EB-4675-84ED-D92CF5CA29F0_1_105_c.jpeg"
    ],
    "ultima_modificacion": "2025-08-01 01:01:03.035310"
  },
  "1d03383e69634789be48b1df23a7fa001105c.jpeg": {
    "app_sintetizada": "1D03383E69634789BE48B1DF23A7FA001105C.JPEG",
    "cantidad_archivos": 1,
    "archivos_fuente": [
      "Pictures/Fototeca de Fotos.photoslibrary/resources/derivatives/1/1D03383E-6963-4789-BE48-B1DF23A7FA00_1_105_c.jpeg"
    ],
    "ultima_modificacion": "2025-08-01 01:01:03.035520"
  },
  "17f0c6c7f4154d2d8a6ad12cf0d99c62.thm": {
    "app_sintetizada": "17F0C6C7F4154D2D8A6AD12CF0D99C62.THM",
    "cantidad_archivos": 1,
    "archivos_fuente": [
      "Pictures/Fototeca de Fotos.photoslibrary/resources/derivatives/1/17F0C6C7-F415-4D2D-8A6A-D12CF0D99C62.THM"
    ],
    "ultima_modificacion": "2025-08-01 01:01:03.035778"
  },
  "1b4929aee4a1465da45474eb30dba8c71102o.jpeg": {
    "app_sintetizada": "1B4929AEE4A1465DA45474EB30DBA8C71102O.JPEG",
    "cantidad_archivos": 1,
    "archivos_fuente": [
      "Pictures/Fototeca de Fotos.photoslibrary/resources/derivatives/1/1B4929AE-E4A1-465D-A454-74EB30DBA8C7_1_102_o.jpeg"
    ],
    "ultima_modificacion": "2025-08-01 01:01:03.036059"
  }
}