{
  "837bdb931641443c849850e9fecbca591105c.jpeg": {
    "app_sintetizada": "837BDB931641443C849850E9FECBCA591105C.JPEG",
    "cantidad_archivos": 1,
    "archivos_fuente": [
      "Pictures/Fototeca de Fotos.photoslibrary/resources/derivatives/8/837BDB93-1641-443C-8498-50E9FECBCA59_1_105_c.jpeg"
    ],
    "ultima_modificacion": "2025-08-01 01:01:03.621244"
  },
  "84f3daadf13c43a8b2723af3508649e81105c.jpeg": {
    "app_sintetizada": "84F3DAADF13C43A8B2723AF3508649E81105C.JPEG",
    "cantidad_archivos": 1,
    "archivos_fuente": [
      "Pictures/Fototeca de Fotos.photoslibrary/resources/derivatives/8/84F3DAAD-F13C-43A8-B272-3AF3508649E8_1_105_c.jpeg"
    ],
    "ultima_modificacion": "2025-08-01 01:01:03.621488"
  },
  "810edfafb15f4379bfe9a9e15f51c90d1105c.jpeg": {
    "app_sintetizada": "810EDFAFB15F4379BFE9A9E15F51C90D1105C.JPEG",
    "cantidad_archivos": 1,
    "archivos_fuente": [
      "Pictures/Fototeca de Fotos.photoslibrary/resources/derivatives/8/810EDFAF-B15F-4379-BFE9-A9E15F51C90D_1_105_c.jpeg"
    ],
    "ultima_modificacion": "2025-08-01 01:01:03.621724"
  },
  "850efb62eb904bd18ba36ff5caa2cf23.thm": {
    "app_sintetizada": "850EFB62EB904BD18BA36FF5CAA2CF23.THM",
    "cantidad_archivos": 1,
    "archivos_fuente": [
      "Pictures/Fototeca de Fotos.photoslibrary/resources/derivatives/8/850EFB62-EB90-4BD1-8BA3-6FF5CAA2CF23.THM"
    ],
    "ultima_modificacion": "2025-08-01 01:01:03.622000"
  },
  "85b2d51659834acb9716a48192152f441105c.jpeg": {
    "app_sintetizada": "85B2D51659834ACB9716A48192152F441105C.JPEG",
    "cantidad_archivos": 1,
    "archivos_fuente": [
      "Pictures/Fototeca de Fotos.photoslibrary/resources/derivatives/8/85B2D516-5983-4ACB-9716-A48192152F44_1_105_c.jpeg"
    ],
    "ultima_modificacion": "2025-08-01 01:01:03.622215"
  },
  "82e622e7dbdf4392b8bc69041d645f461105c.jpeg": {
    "app_sintetizada": "82E622E7DBDF4392B8BC69041D645F461105C.JPEG",
    "cantidad_archivos": 1,
    "archivos_fuente": [
      "Pictures/Fototeca de Fotos.photoslibrary/resources/derivatives/8/82E622E7-DBDF-4392-B8BC-69041D645F46_1_105_c.jpeg"
    ],
    "ultima_modificacion": "2025-08-01 01:01:03.622435"
  },
  "8803e455cdd14992ab6b0d978583074a1105c.jpeg": {
    "app_sintetizada": "8803E455CDD14992AB6B0D978583074A1105C.JPEG",
    "cantidad_archivos": 1,
    "archivos_fuente": [
      "Pictures/Fototeca de Fotos.photoslibrary/resources/derivatives/8/8803E455-CDD1-4992-AB6B-0D978583074A_1_105_c.jpeg"
    ],
    "ultima_modificacion": "2025-08-01 01:01:03.622636"
  },
  "85f5e33445f14ac888ac252355dad95d.thm": {
    "app_sintetizada": "85F5E33445F14AC888AC252355DAD95D.THM",
    "cantidad_archivos": 1,
    "archivos_fuente": [
      "Pictures/Fototeca de Fotos.photoslibrary/resources/derivatives/8/85F5E334-45F1-4AC8-88AC-252355DAD95D.THM"
    ],
    "ultima_modificacion": "2025-08-01 01:01:03.622822"
  },
  "8d37419b1dfd4e82aa229361de12ac4b1105c.jpeg": {
    "app_sintetizada": "8D37419B1DFD4E82AA229361DE12AC4B1105C.JPEG",
    "cantidad_archivos": 1,
    "archivos_fuente": [
      "Pictures/Fototeca de Fotos.photoslibrary/resources/derivatives/8/8D37419B-1DFD-4E82-AA22-9361DE12AC4B_1_105_c.jpeg"
    ],
    "ultima_modificacion": "2025-08-01 01:01:03.623083"
  },
  "8503cbbc630449119ce5126112dadb2c1105c.jpeg": {
    "app_sintetizada": "8503CBBC630449119CE5126112DADB2C1105C.JPEG",
    "cantidad_archivos": 1,
    "archivos_fuente": [
      "Pictures/Fototeca de Fotos.photoslibrary/resources/derivatives/8/8503CBBC-6304-4911-9CE5-126112DADB2C_1_105_c.jpeg"
    ],
    "ultima_modificacion": "2025-08-01 01:01:03.623353"
  },
  "83f2984ca2eb497292c28e27e0e8be941100o.jpeg": {
    "app_sintetizada": "83F2984CA2EB497292C28E27E0E8BE941100O.JPEG",
    "cantidad_archivos": 1,
    "archivos_fuente": [
      "Pictures/Fototeca de Fotos.photoslibrary/resources/derivatives/8/83F2984C-A2EB-4972-92C2-8E27E0E8BE94_1_100_o.jpeg"
    ],
    "ultima_modificacion": "2025-08-01 01:01:03.623589"
  },
  "8fe32002f42e4becb8afa626a33480091105c.jpeg": {
    "app_sintetizada": "8FE32002F42E4BECB8AFA626A33480091105C.JPEG",
    "cantidad_archivos": 1,
    "archivos_fuente": [
      "Pictures/Fototeca de Fotos.photoslibrary/resources/derivatives/8/8FE32002-F42E-4BEC-B8AF-A626A3348009_1_105_c.jpeg"
    ],
    "ultima_modificacion": "2025-08-01 01:01:03.623818"
  },
  "89eff48a4ef84c0a8a45f3e95a006c511105c.jpeg": {
    "app_sintetizada": "89EFF48A4EF84C0A8A45F3E95A006C511105C.JPEG",
    "cantidad_archivos": 1,
    "archivos_fuente": [
      "Pictures/Fototeca de Fotos.photoslibrary/resources/derivatives/8/89EFF48A-4EF8-4C0A-8A45-F3E95A006C51_1_105_c.jpeg"
    ],
    "ultima_modificacion": "2025-08-01 01:01:03.624070"
  },
  "82eeb39f0c8b46c89f5780c3b9c710c91105c.jpeg": {
    "app_sintetizada": "82EEB39F0C8B46C89F5780C3B9C710C91105C.JPEG",
    "cantidad_archivos": 1,
    "archivos_fuente": [
      "Pictures/Fototeca de Fotos.photoslibrary/resources/derivatives/8/82EEB39F-0C8B-46C8-9F57-80C3B9C710C9_1_105_c.jpeg"
    ],
    "ultima_modificacion": "2025-08-01 01:01:03.624403"
  },
  "874979a363d74da78fe851cdc928c5aa1105c.jpeg": {
    "app_sintetizada": "874979A363D74DA78FE851CDC928C5AA1105C.JPEG",
    "cantidad_archivos": 1,
    "archivos_fuente": [
      "Pictures/Fototeca de Fotos.photoslibrary/resources/derivatives/8/874979A3-63D7-4DA7-8FE8-51CDC928C5AA_1_105_c.jpeg"
    ],
    "ultima_modificacion": "2025-08-01 01:01:03.624644"
  },
  "8de7995d97dc4d5db36f2f05e4c4196a1105c.jpeg": {
    "app_sintetizada": "8DE7995D97DC4D5DB36F2F05E4C4196A1105C.JPEG",
    "cantidad_archivos": 1,
    "archivos_fuente": [
      "Pictures/Fototeca de Fotos.photoslibrary/resources/derivatives/8/8DE7995D-97DC-4D5D-B36F-2F05E4C4196A_1_105_c.jpeg"
    ],
    "ultima_modificacion": "2025-08-01 01:01:03.624860"
  },
  "83388f6ccd554acaa99f0e92f76e8cf61105c.jpeg": {
    "app_sintetizada": "83388F6CCD554ACAA99F0E92F76E8CF61105C.JPEG",
    "cantidad_archivos": 1,
    "archivos_fuente": [
      "Pictures/Fototeca de Fotos.photoslibrary/resources/derivatives/8/83388F6C-CD55-4ACA-A99F-0E92F76E8CF6_1_105_c.jpeg"
    ],
    "ultima_modificacion": "2025-08-01 01:01:03.625064"
  },
  "854ad8e503a042579e9b1adacdfb21671105c.jpeg": {
    "app_sintetizada": "854AD8E503A042579E9B1ADACDFB21671105C.JPEG",
    "cantidad_archivos": 1,
    "archivos_fuente": [
      "Pictures/Fototeca de Fotos.photoslibrary/resources/derivatives/8/854AD8E5-03A0-4257-9E9B-1ADACDFB2167_1_105_c.jpeg"
    ],
    "ultima_modificacion": "2025-08-01 01:01:03.625252"
  },
  "8cd4feca9174410781f9970678829c811105c.jpeg": {
    "app_sintetizada": "8CD4FECA9174410781F9970678829C811105C.JPEG",
    "cantidad_archivos": 1,
    "archivos_fuente": [
      "Pictures/Fototeca de Fotos.photoslibrary/resources/derivatives/8/8CD4FECA-9174-4107-81F9-970678829C81_1_105_c.jpeg"
    ],
    "ultima_modificacion": "2025-08-01 01:01:03.625436"
  },
  "86536960b36646329d9958320dc752b41105c.jpeg": {
    "app_sintetizada": "86536960B36646329D9958320DC752B41105C.JPEG",
    "cantidad_archivos": 1,
    "archivos_fuente": [
      "Pictures/Fototeca de Fotos.photoslibrary/resources/derivatives/8/86536960-B366-4632-9D99-58320DC752B4_1_105_c.jpeg"
    ],
    "ultima_modificacion": "2025-08-01 01:01:03.625619"
  },
  "81f80dfb885942ddb0c202293c75f9811105c.jpeg": {
    "app_sintetizada": "81F80DFB885942DDB0C202293C75F9811105C.JPEG",
    "cantidad_archivos": 1,
    "archivos_fuente": [
      "Pictures/Fototeca de Fotos.photoslibrary/resources/derivatives/8/81F80DFB-8859-42DD-B0C2-02293C75F981_1_105_c.jpeg"
    ],
    "ultima_modificacion": "2025-08-01 01:01:03.625801"
  },
  "8422edbc386f45f4a0edc3601928aae61101o.jpeg": {
    "app_sintetizada": "8422EDBC386F45F4A0EDC3601928AAE61101O.JPEG",
    "cantidad_archivos": 1,
    "archivos_fuente": [
      "Pictures/Fototeca de Fotos.photoslibrary/resources/derivatives/8/8422EDBC-386F-45F4-A0ED-C3601928AAE6_1_101_o.jpeg"
    ],
    "ultima_modificacion": "2025-08-01 01:01:03.625978"
  },
  "8c192f7ccfe24151830b965278833bc91105c.jpeg": {
    "app_sintetizada": "8C192F7CCFE24151830B965278833BC91105C.JPEG",
    "cantidad_archivos": 1,
    "archivos_fuente": [
      "Pictures/Fototeca de Fotos.photoslibrary/resources/derivatives/8/8C192F7C-CFE2-4151-830B-965278833BC9_1_105_c.jpeg"
    ],
    "ultima_modificacion": "2025-08-01 01:01:03.626194"
  },
  "8790a1ca2223488da7403d66341b82a91105c.jpeg": {
    "app_sintetizada": "8790A1CA2223488DA7403D66341B82A91105C.JPEG",
    "cantidad_archivos": 1,
    "archivos_fuente": [
      "Pictures/Fototeca de Fotos.photoslibrary/resources/derivatives/8/8790A1CA-2223-488D-A740-3D66341B82A9_1_105_c.jpeg"
    ],
    "ultima_modificacion": "2025-08-01 01:01:03.626510"
  },
  "841a3518c7c5453c8c1af483f35cda981105c.jpeg": {
    "app_sintetizada": "841A3518C7C5453C8C1AF483F35CDA981105C.JPEG",
    "cantidad_archivos": 1,
    "archivos_fuente": [
      "Pictures/Fototeca de Fotos.photoslibrary/resources/derivatives/8/841A3518-C7C5-453C-8C1A-F483F35CDA98_1_105_c.jpeg"
    ],
    "ultima_modificacion": "2025-08-01 01:01:03.626734"
  },
  "887087d2371e4dc0bfa1b15dd32fa7f21105c.jpeg": {
    "app_sintetizada": "887087D2371E4DC0BFA1B15DD32FA7F21105C.JPEG",
    "cantidad_archivos": 1,
    "archivos_fuente": [
      "Pictures/Fototeca de Fotos.photoslibrary/resources/derivatives/8/887087D2-371E-4DC0-BFA1-B15DD32FA7F2_1_105_c.jpeg"
    ],
    "ultima_modificacion": "2025-08-01 01:01:03.626929"
  },
  "816cf9da74244689826a024bce784d011105c.jpeg": {
    "app_sintetizada": "816CF9DA74244689826A024BCE784D011105C.JPEG",
    "cantidad_archivos": 1,
    "archivos_fuente": [
      "Pictures/Fototeca de Fotos.photoslibrary/resources/derivatives/8/816CF9DA-7424-4689-826A-024BCE784D01_1_105_c.jpeg"
    ],
    "ultima_modificacion": "2025-08-01 01:01:03.627114"
  },
  "8a9950f089f341608336cfe96cadc38b1102o.jpeg": {
    "app_sintetizada": "8A9950F089F341608336CFE96CADC38B1102O.JPEG",
    "cantidad_archivos": 1,
    "archivos_fuente": [
      "Pictures/Fototeca de Fotos.photoslibrary/resources/derivatives/8/8A9950F0-89F3-4160-8336-CFE96CADC38B_1_102_o.jpeg"
    ],
    "ultima_modificacion": "2025-08-01 01:01:03.627297"
  },
  "8c8c41b035c643a8a9ca8f62cd9e24221105c.jpeg": {
    "app_sintetizada": "8C8C41B035C643A8A9CA8F62CD9E24221105C.JPEG",
    "cantidad_archivos": 1,
    "archivos_fuente": [
      "Pictures/Fototeca de Fotos.photoslibrary/resources/derivatives/8/8C8C41B0-35C6-43A8-A9CA-8F62CD9E2422_1_105_c.jpeg"
    ],
    "ultima_modificacion": "2025-08-01 01:01:03.627485"
  },
  "871509835f874330b69e4ea393817dbb1105c.jpeg": {
    "app_sintetizada": "871509835F874330B69E4EA393817DBB1105C.JPEG",
    "cantidad_archivos": 1,
    "archivos_fuente": [
      "Pictures/Fototeca de Fotos.photoslibrary/resources/derivatives/8/87150983-5F87-4330-B69E-4EA393817DBB_1_105_c.jpeg"
    ],
    "ultima_modificacion": "2025-08-01 01:01:03.627733"
  },
  "8839760803b845ea927cb15b0f6f2ae91105c.jpeg": {
    "app_sintetizada": "8839760803B845EA927CB15B0F6F2AE91105C.JPEG",
    "cantidad_archivos": 1,
    "archivos_fuente": [
      "Pictures/Fototeca de Fotos.photoslibrary/resources/derivatives/8/88397608-03B8-45EA-927C-B15B0F6F2AE9_1_105_c.jpeg"
    ],
    "ultima_modificacion": "2025-08-01 01:01:03.628029"
  },
  "87bc40f3f91e4ea0aaf26cc1bfca33041105c.jpeg": {
    "app_sintetizada": "87BC40F3F91E4EA0AAF26CC1BFCA33041105C.JPEG",
    "cantidad_archivos": 1,
    "archivos_fuente": [
      "Pictures/Fototeca de Fotos.photoslibrary/resources/derivatives/8/87BC40F3-F91E-4EA0-AAF2-6CC1BFCA3304_1_105_c.jpeg"
    ],
    "ultima_modificacion": "2025-08-01 01:01:03.628248"
  },
  "8fa83d9556544e239dbaf1d5da2016481105c.jpeg": {
    "app_sintetizada": "8FA83D9556544E239DBAF1D5DA2016481105C.JPEG",
    "cantidad_archivos": 1,
    "archivos_fuente": [
      "Pictures/Fototeca de Fotos.photoslibrary/resources/derivatives/8/8FA83D95-5654-4E23-9DBA-F1D5DA201648_1_105_c.jpeg"
    ],
    "ultima_modificacion": "2025-08-01 01:01:03.628531"
  },
  "85f920908b174f69abc5e005a861eace1102o.jpeg": {
    "app_sintetizada": "85F920908B174F69ABC5E005A861EACE1102O.JPEG",
    "cantidad_archivos": 1,
    "archivos_fuente": [
      "Pictures/Fototeca de Fotos.photoslibrary/resources/derivatives/8/85F92090-8B17-4F69-ABC5-E005A861EACE_1_102_o.jpeg"
    ],
    "ultima_modificacion": "2025-08-01 01:01:03.628744"
  },
  "8db05a81549e40bb8787cc15ece323411105c.jpeg": {
    "app_sintetizada": "8DB05A81549E40BB8787CC15ECE323411105C.JPEG",
    "cantidad_archivos": 1,
    "archivos_fuente": [
      "Pictures/Fototeca de Fotos.photoslibrary/resources/derivatives/8/8DB05A81-549E-40BB-8787-CC15ECE32341_1_105_c.jpeg"
    ],
    "ultima_modificacion": "2025-08-01 01:01:03.628959"
  },
  "8fc13b51a3b343158e77121439814f09.thm": {
    "app_sintetizada": "8FC13B51A3B343158E77121439814F09.THM",
    "cantidad_archivos": 1,
    "archivos_fuente": [
      "Pictures/Fototeca de Fotos.photoslibrary/resources/derivatives/8/8FC13B51-A3B3-4315-8E77-121439814F09.THM"
    ],
    "ultima_modificacion": "2025-08-01 01:01:03.629186"
  },
  "89bb8598c6e9474f8e4d40e7295a37451105c.jpeg": {
    "app_sintetizada": "89BB8598C6E9474F8E4D40E7295A37451105C.JPEG",
    "cantidad_archivos": 1,
    "archivos_fuente": [
      "Pictures/Fototeca de Fotos.photoslibrary/resources/derivatives/8/89BB8598-C6E9-474F-8E4D-40E7295A3745_1_105_c.jpeg"
    ],
    "ultima_modificacion": "2025-08-01 01:01:03.629372"
  },
  "85beb57ddec4411f961ba4b71c0b177e1105c.jpeg": {
    "app_sintetizada": "85BEB57DDEC4411F961BA4B71C0B177E1105C.JPEG",
    "cantidad_archivos": 1,
    "archivos_fuente": [
      "Pictures/Fototeca de Fotos.photoslibrary/resources/derivatives/8/85BEB57D-DEC4-411F-961B-A4B71C0B177E_1_105_c.jpeg"
    ],
    "ultima_modificacion": "2025-08-01 01:01:03.629551"
  },
  "8c6400869a9e45879d05b0f01ac4fba61105c.jpeg": {
    "app_sintetizada": "8C6400869A9E45879D05B0F01AC4FBA61105C.JPEG",
    "cantidad_archivos": 1,
    "archivos_fuente": [
      "Pictures/Fototeca de Fotos.photoslibrary/resources/derivatives/8/8C640086-9A9E-4587-9D05-B0F01AC4FBA6_1_105_c.jpeg"
    ],
    "ultima_modificacion": "2025-08-01 01:01:03.629730"
  },
  "8e230bf4ffd14aca95f653d8120ad5931105c.jpeg": {
    "app_sintetizada": "8E230BF4FFD14ACA95F653D8120AD5931105C.JPEG",
    "cantidad_archivos": 1,
    "archivos_fuente": [
      "Pictures/Fototeca de Fotos.photoslibrary/resources/derivatives/8/8E230BF4-FFD1-4ACA-95F6-53D8120AD593_1_105_c.jpeg"
    ],
    "ultima_modificacion": "2025-08-01 01:01:03.629905"
  },
  "8f45179a01e74a528365c858de92b67f1105c.jpeg": {
    "app_sintetizada": "8F45179A01E74A528365C858DE92B67F1105C.JPEG",
    "cantidad_archivos": 1,
    "archivos_fuente": [
      "Pictures/Fototeca de Fotos.photoslibrary/resources/derivatives/8/8F45179A-01E7-4A52-8365-C858DE92B67F_1_105_c.jpeg"
    ],
    "ultima_modificacion": "2025-08-01 01:01:03.630077"
  },
  "8aa08b3f4473429a817c7fb283d56a211105c.jpeg": {
    "app_sintetizada": "8AA08B3F4473429A817C7FB283D56A211105C.JPEG",
    "cantidad_archivos": 1,
    "archivos_fuente": [
      "Pictures/Fototeca de Fotos.photoslibrary/resources/derivatives/8/8AA08B3F-4473-429A-817C-7FB283D56A21_1_105_c.jpeg"
    ],
    "ultima_modificacion": "2025-08-01 01:01:03.630262"
  },
  "88f0f4fe86164048adda20ee4aaf2f361105c.jpeg": {
    "app_sintetizada": "88F0F4FE86164048ADDA20EE4AAF2F361105C.JPEG",
    "cantidad_archivos": 1,
    "archivos_fuente": [
      "Pictures/Fototeca de Fotos.photoslibrary/resources/derivatives/8/88F0F4FE-8616-4048-ADDA-20EE4AAF2F36_1_105_c.jpeg"
    ],
    "ultima_modificacion": "2025-08-01 01:01:03.630443"
  },
  "8a976476d41640ffbdb59cbc49bcd0251105c.jpeg": {
    "app_sintetizada": "8A976476D41640FFBDB59CBC49BCD0251105C.JPEG",
    "cantidad_archivos": 1,
    "archivos_fuente": [
      "Pictures/Fototeca de Fotos.photoslibrary/resources/derivatives/8/8A976476-D416-40FF-BDB5-9CBC49BCD025_1_105_c.jpeg"
    ],
    "ultima_modificacion": "2025-08-01 01:01:03.630620"
  },
  "8f47fc455dfb4c11962a3b767f9ba1471105c.jpeg": {
    "app_sintetizada": "8F47FC455DFB4C11962A3B767F9BA1471105C.JPEG",
    "cantidad_archivos": 1,
    "archivos_fuente": [
      "Pictures/Fototeca de Fotos.photoslibrary/resources/derivatives/8/8F47FC45-5DFB-4C11-962A-3B767F9BA147_1_105_c.jpeg"
    ],
    "ultima_modificacion": "2025-08-01 01:01:03.630790"
  },
  "8c81c24686d24c71b225832f53f42f421105c.jpeg": {
    "app_sintetizada": "8C81C24686D24C71B225832F53F42F421105C.JPEG",
    "cantidad_archivos": 1,
    "archivos_fuente": [
      "Pictures/Fototeca de Fotos.photoslibrary/resources/derivatives/8/8C81C246-86D2-4C71-B225-832F53F42F42_1_105_c.jpeg"
    ],
    "ultima_modificacion": "2025-08-01 01:01:03.630970"
  },
  "863c9c098926402bb9c5b8cac28c5f191105c.jpeg": {
    "app_sintetizada": "863C9C098926402BB9C5B8CAC28C5F191105C.JPEG",
    "cantidad_archivos": 1,
    "archivos_fuente": [
      "Pictures/Fototeca de Fotos.photoslibrary/resources/derivatives/8/863C9C09-8926-402B-B9C5-B8CAC28C5F19_1_105_c.jpeg"
    ],
    "ultima_modificacion": "2025-08-01 01:01:03.631195"
  },
  "8225c4b542b6441ca80a293f534d96ed.thm": {
    "app_sintetizada": "8225C4B542B6441CA80A293F534D96ED.THM",
    "cantidad_archivos": 1,
    "archivos_fuente": [
      "Pictures/Fototeca de Fotos.photoslibrary/resources/derivatives/8/8225C4B5-42B6-441C-A80A-293F534D96ED.THM"
    ],
    "ultima_modificacion": "2025-08-01 01:01:03.631480"
  },
  "827440882d584f389b379cd0a76ee2281105c.jpeg": {
    "app_sintetizada": "827440882D584F389B379CD0A76EE2281105C.JPEG",
    "cantidad_archivos": 1,
    "archivos_fuente": [
      "Pictures/Fototeca de Fotos.photoslibrary/resources/derivatives/8/82744088-2D58-4F38-9B37-9CD0A76EE228_1_105_c.jpeg"
    ],
    "ultima_modificacion": "2025-08-01 01:01:03.631681"
  },
  "804ba8cc3497484b93542f88eb5c7f901105c.jpeg": {
    "app_sintetizada": "804BA8CC3497484B93542F88EB5C7F901105C.JPEG",
    "cantidad_archivos": 1,
    "archivos_fuente": [
      "Pictures/Fototeca de Fotos.photoslibrary/resources/derivatives/8/804BA8CC-3497-484B-9354-2F88EB5C7F90_1_105_c.jpeg"
    ],
    "ultima_modificacion": "2025-08-01 01:01:03.631862"
  },
  "81c8d15bfb08439697ed54a6c8f132641105c.jpeg": {
    "app_sintetizada": "81C8D15BFB08439697ED54A6C8F132641105C.JPEG",
    "cantidad_archivos": 1,
    "archivos_fuente": [
      "Pictures/Fototeca de Fotos.photoslibrary/resources/derivatives/8/81C8D15B-FB08-4396-97ED-54A6C8F13264_1_105_c.jpeg"
    ],
    "ultima_modificacion": "2025-08-01 01:01:03.632045"
  },
  "8d750026a5214e30816899b244f407121100o.jpeg": {
    "app_sintetizada": "8D750026A5214E30816899B244F407121100O.JPEG",
    "cantidad_archivos": 1,
    "archivos_fuente": [
      "Pictures/Fototeca de Fotos.photoslibrary/resources/derivatives/8/8D750026-A521-4E30-8168-99B244F40712_1_100_o.jpeg"
    ],
    "ultima_modificacion": "2025-08-01 01:01:03.632230"
  },
  "8476cc045f974d218b0a54afadb1a3531105c.jpeg": {
    "app_sintetizada": "8476CC045F974D218B0A54AFADB1A3531105C.JPEG",
    "cantidad_archivos": 1,
    "archivos_fuente": [
      "Pictures/Fototeca de Fotos.photoslibrary/resources/derivatives/8/8476CC04-5F97-4D21-8B0A-54AFADB1A353_1_105_c.jpeg"
    ],
    "ultima_modificacion": "2025-08-01 01:01:03.632412"
  },
  "882ed4c4db6d490490f54d90468d7c421105c.jpeg": {
    "app_sintetizada": "882ED4C4DB6D490490F54D90468D7C421105C.JPEG",
    "cantidad_archivos": 1,
    "archivos_fuente": [
      "Pictures/Fototeca de Fotos.photoslibrary/resources/derivatives/8/882ED4C4-DB6D-4904-90F5-4D90468D7C42_1_105_c.jpeg"
    ],
    "ultima_modificacion": "2025-08-01 01:01:03.632596"
  },
  "8a8f348e8bda460b9046c575b7dd0ee9.thm": {
    "app_sintetizada": "8A8F348E8BDA460B9046C575B7DD0EE9.THM",
    "cantidad_archivos": 1,
    "archivos_fuente": [
      "Pictures/Fototeca de Fotos.photoslibrary/resources/derivatives/8/8A8F348E-8BDA-460B-9046-C575B7DD0EE9.THM"
    ],
    "ultima_modificacion": "2025-08-01 01:01:03.632781"
  },
  "84a7d96c587b4ca199423f8373ab59181105c.jpeg": {
    "app_sintetizada": "84A7D96C587B4CA199423F8373AB59181105C.JPEG",
    "cantidad_archivos": 1,
    "archivos_fuente": [
      "Pictures/Fototeca de Fotos.photoslibrary/resources/derivatives/8/84A7D96C-587B-4CA1-9942-3F8373AB5918_1_105_c.jpeg"
    ],
    "ultima_modificacion": "2025-08-01 01:01:03.632965"
  },
  "8fe5a3684c7a49ae881c83bb5682a8391105c.jpeg": {
    "app_sintetizada": "8FE5A3684C7A49AE881C83BB5682A8391105C.JPEG",
    "cantidad_archivos": 1,
    "archivos_fuente": [
      "Pictures/Fototeca de Fotos.photoslibrary/resources/derivatives/8/8FE5A368-4C7A-49AE-881C-83BB5682A839_1_105_c.jpeg"
    ],
    "ultima_modificacion": "2025-08-01 01:01:03.633290"
  },
  "8a6f2363ddd14635be3073a9655359c21105c.jpeg": {
    "app_sintetizada": "8A6F2363DDD14635BE3073A9655359C21105C.JPEG",
    "cantidad_archivos": 1,
    "archivos_fuente": [
      "Pictures/Fototeca de Fotos.photoslibrary/resources/derivatives/8/8A6F2363-DDD1-4635-BE30-73A9655359C2_1_105_c.jpeg"
    ],
    "ultima_modificacion": "2025-08-01 01:01:03.633487"
  },
  "8c3640f6d2b84417a6dae16daeca79d21105c.jpeg": {
    "app_sintetizada": "8C3640F6D2B84417A6DAE16DAECA79D21105C.JPEG",
    "cantidad_archivos": 1,
    "archivos_fuente": [
      "Pictures/Fototeca de Fotos.photoslibrary/resources/derivatives/8/8C3640F6-D2B8-4417-A6DA-E16DAECA79D2_1_105_c.jpeg"
    ],
    "ultima_modificacion": "2025-08-01 01:01:03.633669"
  },
  "83ef71e29c0b43dd806989fce4b818ec1105c.jpeg": {
    "app_sintetizada": "83EF71E29C0B43DD806989FCE4B818EC1105C.JPEG",
    "cantidad_archivos": 1,
    "archivos_fuente": [
      "Pictures/Fototeca de Fotos.photoslibrary/resources/derivatives/8/83EF71E2-9C0B-43DD-8069-89FCE4B818EC_1_105_c.jpeg"
    ],
    "ultima_modificacion": "2025-08-01 01:01:03.633848"
  },
  "8b83e80390104005a71059c4ff16572d1105c.jpeg": {
    "app_sintetizada": "8B83E80390104005A71059C4FF16572D1105C.JPEG",
    "cantidad_archivos": 1,
    "archivos_fuente": [
      "Pictures/Fototeca de Fotos.photoslibrary/resources/derivatives/8/8B83E803-9010-4005-A710-59C4FF16572D_1_105_c.jpeg"
    ],
    "ultima_modificacion": "2025-08-01 01:01:03.634034"
  },
  "82b4e5fdc9a14bbd97bd24c152b2fcd81105c.jpeg": {
    "app_sintetizada": "82B4E5FDC9A14BBD97BD24C152B2FCD81105C.JPEG",
    "cantidad_archivos": 1,
    "archivos_fuente": [
      "Pictures/Fototeca de Fotos.photoslibrary/resources/derivatives/8/82B4E5FD-C9A1-4BBD-97BD-24C152B2FCD8_1_105_c.jpeg"
    ],
    "ultima_modificacion": "2025-08-01 01:01:03.634224"
  },
  "8eeeb693534841eaa3cc081f71d130351105c.jpeg": {
    "app_sintetizada": "8EEEB693534841EAA3CC081F71D130351105C.JPEG",
    "cantidad_archivos": 1,
    "archivos_fuente": [
      "Pictures/Fototeca de Fotos.photoslibrary/resources/derivatives/8/8EEEB693-5348-41EA-A3CC-081F71D13035_1_105_c.jpeg"
    ],
    "ultima_modificacion": "2025-08-01 01:01:03.634444"
  },
  "8e6b5cca769945f1917dea20cb73b9301105c.jpeg": {
    "app_sintetizada": "8E6B5CCA769945F1917DEA20CB73B9301105C.JPEG",
    "cantidad_archivos": 1,
    "archivos_fuente": [
      "Pictures/Fototeca de Fotos.photoslibrary/resources/derivatives/8/8E6B5CCA-7699-45F1-917D-EA20CB73B930_1_105_c.jpeg"
    ],
    "ultima_modificacion": "2025-08-01 01:01:03.634690"
  },
  "842564e8442346a49a5ff46f2e6740a41105c.jpeg": {
    "app_sintetizada": "842564E8442346A49A5FF46F2E6740A41105C.JPEG",
    "cantidad_archivos": 1,
    "archivos_fuente": [
      "Pictures/Fototeca de Fotos.photoslibrary/resources/derivatives/8/842564E8-4423-46A4-9A5F-F46F2E6740A4_1_105_c.jpeg"
    ],
    "ultima_modificacion": "2025-08-01 01:01:03.634984"
  },
  "88e53e7b0e0244f2a3c776bb7b587db31102o.jpeg": {
    "app_sintetizada": "88E53E7B0E0244F2A3C776BB7B587DB31102O.JPEG",
    "cantidad_archivos": 1,
    "archivos_fuente": [
      "Pictures/Fototeca de Fotos.photoslibrary/resources/derivatives/8/88E53E7B-0E02-44F2-A3C7-76BB7B587DB3_1_102_o.jpeg"
    ],
    "ultima_modificacion": "2025-08-01 01:01:03.635181"
  },
  "84aeabe8a95a4427954071150b1d90201105c.jpeg": {
    "app_sintetizada": "84AEABE8A95A4427954071150B1D90201105C.JPEG",
    "cantidad_archivos": 1,
    "archivos_fuente": [
      "Pictures/Fototeca de Fotos.photoslibrary/resources/derivatives/8/84AEABE8-A95A-4427-9540-71150B1D9020_1_105_c.jpeg"
    ],
    "ultima_modificacion": "2025-08-01 01:01:03.635358"
  },
  "86f2199c1580479da96871c83db6702e1105c.jpeg": {
    "app_sintetizada": "86F2199C1580479DA96871C83DB6702E1105C.JPEG",
    "cantidad_archivos": 1,
    "archivos_fuente": [
      "Pictures/Fototeca de Fotos.photoslibrary/resources/derivatives/8/86F2199C-1580-479D-A968-71C83DB6702E_1_105_c.jpeg"
    ],
    "ultima_modificacion": "2025-08-01 01:01:03.635530"
  },
  "886fdaba0e0844d1864233df53a05e621105c.jpeg": {
    "app_sintetizada": "886FDABA0E0844D1864233DF53A05E621105C.JPEG",
    "cantidad_archivos": 1,
    "archivos_fuente": [
      "Pictures/Fototeca de Fotos.photoslibrary/resources/derivatives/8/886FDABA-0E08-44D1-8642-33DF53A05E62_1_105_c.jpeg"
    ],
    "ultima_modificacion": "2025-08-01 01:01:03.635710"
  },
  "88649d995ebe4b018cf6e8cac212b4141105c.jpeg": {
    "app_sintetizada": "88649D995EBE4B018CF6E8CAC212B4141105C.JPEG",
    "cantidad_archivos": 1,
    "archivos_fuente": [
      "Pictures/Fototeca de Fotos.photoslibrary/resources/derivatives/8/88649D99-5EBE-4B01-8CF6-E8CAC212B414_1_105_c.jpeg"
    ],
    "ultima_modificacion": "2025-08-01 01:01:03.635987"
  },
  "870bdc8afbaa4674a31b5bd92827f2e31105c.jpeg": {
    "app_sintetizada": "870BDC8AFBAA4674A31B5BD92827F2E31105C.JPEG",
    "cantidad_archivos": 1,
    "archivos_fuente": [
      "Pictures/Fototeca de Fotos.photoslibrary/resources/derivatives/8/870BDC8A-FBAA-4674-A31B-5BD92827F2E3_1_105_c.jpeg"
    ],
    "ultima_modificacion": "2025-08-01 01:01:03.636248"
  },
  "85d811ea6b274c3ba0df3672a6a39dcf1105c.jpeg": {
    "app_sintetizada": "85D811EA6B274C3BA0DF3672A6A39DCF1105C.JPEG",
    "cantidad_archivos": 1,
    "archivos_fuente": [
      "Pictures/Fototeca de Fotos.photoslibrary/resources/derivatives/8/85D811EA-6B27-4C3B-A0DF-3672A6A39DCF_1_105_c.jpeg"
    ],
    "ultima_modificacion": "2025-08-01 01:01:03.636521"
  },
  "8b0549fc2bf243c0b42d6fb78457a4f21105c.jpeg": {
    "app_sintetizada": "8B0549FC2BF243C0B42D6FB78457A4F21105C.JPEG",
    "cantidad_archivos": 1,
    "archivos_fuente": [
      "Pictures/Fototeca de Fotos.photoslibrary/resources/derivatives/8/8B0549FC-2BF2-43C0-B42D-6FB78457A4F2_1_105_c.jpeg"
    ],
    "ultima_modificacion": "2025-08-01 01:01:03.636795"
  },
  "84af7f8fa01344d1811b8b3bf17a23f8.thm": {
    "app_sintetizada": "84AF7F8FA01344D1811B8B3BF17A23F8.THM",
    "cantidad_archivos": 1,
    "archivos_fuente": [
      "Pictures/Fototeca de Fotos.photoslibrary/resources/derivatives/8/84AF7F8F-A013-44D1-811B-8B3BF17A23F8.THM"
    ],
    "ultima_modificacion": "2025-08-01 01:01:03.637049"
  },
  "815742ffaa66447c867263df70befe381105c.jpeg": {
    "app_sintetizada": "815742FFAA66447C867263DF70BEFE381105C.JPEG",
    "cantidad_archivos": 1,
    "archivos_fuente": [
      "Pictures/Fototeca de Fotos.photoslibrary/resources/derivatives/8/815742FF-AA66-447C-8672-63DF70BEFE38_1_105_c.jpeg"
    ],
    "ultima_modificacion": "2025-08-01 01:01:03.637308"
  },
  "868ce011fb3e45eda1a5ac2d19d8cdbe1105c.jpeg": {
    "app_sintetizada": "868CE011FB3E45EDA1A5AC2D19D8CDBE1105C.JPEG",
    "cantidad_archivos": 1,
    "archivos_fuente": [
      "Pictures/Fototeca de Fotos.photoslibrary/resources/derivatives/8/868CE011-FB3E-45ED-A1A5-AC2D19D8CDBE_1_105_c.jpeg"
    ],
    "ultima_modificacion": "2025-08-01 01:01:03.637545"
  },
  "8857b5a021a94434886d6b00c41230721105c.jpeg": {
    "app_sintetizada": "8857B5A021A94434886D6B00C41230721105C.JPEG",
    "cantidad_archivos": 1,
    "archivos_fuente": [
      "Pictures/Fototeca de Fotos.photoslibrary/resources/derivatives/8/8857B5A0-21A9-4434-886D-6B00C4123072_1_105_c.jpeg"
    ],
    "ultima_modificacion": "2025-08-01 01:01:03.637802"
  },
  "8176a32a4cb943398a58a82ebf574d97.thm": {
    "app_sintetizada": "8176A32A4CB943398A58A82EBF574D97.THM",
    "cantidad_archivos": 1,
    "archivos_fuente": [
      "Pictures/Fototeca de Fotos.photoslibrary/resources/derivatives/8/8176A32A-4CB9-4339-8A58-A82EBF574D97.THM"
    ],
    "ultima_modificacion": "2025-08-01 01:01:03.638079"
  },
  "8d87e6bf01f14e7a9099a8b1884207071105c.jpeg": {
    "app_sintetizada": "8D87E6BF01F14E7A9099A8B1884207071105C.JPEG",
    "cantidad_archivos": 1,
    "archivos_fuente": [
      "Pictures/Fototeca de Fotos.photoslibrary/resources/derivatives/8/8D87E6BF-01F1-4E7A-9099-A8B188420707_1_105_c.jpeg"
    ],
    "ultima_modificacion": "2025-08-01 01:01:03.638328"
  },
  "8c87470c3f734f258fe370a2208b3a32.thm": {
    "app_sintetizada": "8C87470C3F734F258FE370A2208B3A32.THM",
    "cantidad_archivos": 1,
    "archivos_fuente": [
      "Pictures/Fototeca de Fotos.photoslibrary/resources/derivatives/8/8C87470C-3F73-4F25-8FE3-70A2208B3A32.THM"
    ],
    "ultima_modificacion": "2025-08-01 01:01:03.638596"
  },
  "871de70626b04371a9a1da139c85823a1105c.jpeg": {
    "app_sintetizada": "871DE70626B04371A9A1DA139C85823A1105C.JPEG",
    "cantidad_archivos": 1,
    "archivos_fuente": [
      "Pictures/Fototeca de Fotos.photoslibrary/resources/derivatives/8/871DE706-26B0-4371-A9A1-DA139C85823A_1_105_c.jpeg"
    ],
    "ultima_modificacion": "2025-08-01 01:01:03.638868"
  },
  "8b86aad70e3642279a3322fd361012571105c.jpeg": {
    "app_sintetizada": "8B86AAD70E3642279A3322FD361012571105C.JPEG",
    "cantidad_archivos": 1,
    "archivos_fuente": [
      "Pictures/Fototeca de Fotos.photoslibrary/resources/derivatives/8/8B86AAD7-0E36-4227-9A33-22FD36101257_1_105_c.jpeg"
    ],
    "ultima_modificacion": "2025-08-01 01:01:03.639138"
  },
  "81335a7a429c48e6bfd6c5d6c45816871105c.jpeg": {
    "app_sintetizada": "81335A7A429C48E6BFD6C5D6C45816871105C.JPEG",
    "cantidad_archivos": 1,
    "archivos_fuente": [
      "Pictures/Fototeca de Fotos.photoslibrary/resources/derivatives/8/81335A7A-429C-48E6-BFD6-C5D6C4581687_1_105_c.jpeg"
    ],
    "ultima_modificacion": "2025-08-01 01:01:03.639404"
  },
  "822d3415d5044e45b7777fc79f38cb541105c.jpeg": {
    "app_sintetizada": "822D3415D5044E45B7777FC79F38CB541105C.JPEG",
    "cantidad_archivos": 1,
    "archivos_fuente": [
      "Pictures/Fototeca de Fotos.photoslibrary/resources/derivatives/8/822D3415-D504-4E45-B777-7FC79F38CB54_1_105_c.jpeg"
    ],
    "ultima_modificacion": "2025-08-01 01:01:03.639681"
  },
  "8e78ae04061747369365404c6bcc4f251105c.jpeg": {
    "app_sintetizada": "8E78AE04061747369365404C6BCC4F251105C.JPEG",
    "cantidad_archivos": 1,
    "archivos_fuente": [
      "Pictures/Fototeca de Fotos.photoslibrary/resources/derivatives/8/8E78AE04-0617-4736-9365-404C6BCC4F25_1_105_c.jpeg"
    ],
    "ultima_modificacion": "2025-08-01 01:01:03.639951"
  },
  "826d5730492346cdb2dd6d3ceb416f161105c.jpeg": {
    "app_sintetizada": "826D5730492346CDB2DD6D3CEB416F161105C.JPEG",
    "cantidad_archivos": 1,
    "archivos_fuente": [
      "Pictures/Fototeca de Fotos.photoslibrary/resources/derivatives/8/826D5730-4923-46CD-B2DD-6D3CEB416F16_1_105_c.jpeg"
    ],
    "ultima_modificacion": "2025-08-01 01:01:03.640228"
  },
  "8f5c288dcf1b4c7c89c53978de6cebc71105c.jpeg": {
    "app_sintetizada": "8F5C288DCF1B4C7C89C53978DE6CEBC71105C.JPEG",
    "cantidad_archivos": 1,
    "archivos_fuente": [
      "Pictures/Fototeca de Fotos.photoslibrary/resources/derivatives/8/8F5C288D-CF1B-4C7C-89C5-3978DE6CEBC7_1_105_c.jpeg"
    ],
    "ultima_modificacion": "2025-08-01 01:01:03.640490"
  },
  "825d2722bd4a469e8c133e9dd0b0f2a51105c.jpeg": {
    "app_sintetizada": "825D2722BD4A469E8C133E9DD0B0F2A51105C.JPEG",
    "cantidad_archivos": 1,
    "archivos_fuente": [
      "Pictures/Fototeca de Fotos.photoslibrary/resources/derivatives/8/825D2722-BD4A-469E-8C13-3E9DD0B0F2A5_1_105_c.jpeg"
    ],
    "ultima_modificacion": "2025-08-01 01:01:03.640769"
  },
  "81d1a2d16624416f832241a62a2612061105c.jpeg": {
    "app_sintetizada": "81D1A2D16624416F832241A62A2612061105C.JPEG",
    "cantidad_archivos": 1,
    "archivos_fuente": [
      "Pictures/Fototeca de Fotos.photoslibrary/resources/derivatives/8/81D1A2D1-6624-416F-8322-41A62A261206_1_105_c.jpeg"
    ],
    "ultima_modificacion": "2025-08-01 01:01:03.641048"
  },
  "89de0825585e48ed8d61a3d52f44be681105c.jpeg": {
    "app_sintetizada": "89DE0825585E48ED8D61A3D52F44BE681105C.JPEG",
    "cantidad_archivos": 1,
    "archivos_fuente": [
      "Pictures/Fototeca de Fotos.photoslibrary/resources/derivatives/8/89DE0825-585E-48ED-8D61-A3D52F44BE68_1_105_c.jpeg"
    ],
    "ultima_modificacion": "2025-08-01 01:01:03.641320"
  },
  "8052959ca5f44912a72fb9b3b28c04681105c.jpeg": {
    "app_sintetizada": "8052959CA5F44912A72FB9B3B28C04681105C.JPEG",
    "cantidad_archivos": 1,
    "archivos_fuente": [
      "Pictures/Fototeca de Fotos.photoslibrary/resources/derivatives/8/8052959C-A5F4-4912-A72F-B9B3B28C0468_1_105_c.jpeg"
    ],
    "ultima_modificacion": "2025-08-01 01:01:03.641580"
  },
  "8a9475e8ae7a492fa35da556c49727791105c.jpeg": {
    "app_sintetizada": "8A9475E8AE7A492FA35DA556C49727791105C.JPEG",
    "cantidad_archivos": 1,
    "archivos_fuente": [
      "Pictures/Fototeca de Fotos.photoslibrary/resources/derivatives/8/8A9475E8-AE7A-492F-A35D-A556C4972779_1_105_c.jpeg"
    ],
    "ultima_modificacion": "2025-08-01 01:01:03.641845"
  },
  "8e74c08c69ac4e9088a044cdbee41a141105c.jpeg": {
    "app_sintetizada": "8E74C08C69AC4E9088A044CDBEE41A141105C.JPEG",
    "cantidad_archivos": 1,
    "archivos_fuente": [
      "Pictures/Fototeca de Fotos.photoslibrary/resources/derivatives/8/8E74C08C-69AC-4E90-88A0-44CDBEE41A14_1_105_c.jpeg"
    ],
    "ultima_modificacion": "2025-08-01 01:01:03.642101"
  },
  "82f5f05314b14ce59dd6350ca0f886971105c.jpeg": {
    "app_sintetizada": "82F5F05314B14CE59DD6350CA0F886971105C.JPEG",
    "cantidad_archivos": 1,
    "archivos_fuente": [
      "Pictures/Fototeca de Fotos.photoslibrary/resources/derivatives/8/82F5F053-14B1-4CE5-9DD6-350CA0F88697_1_105_c.jpeg"
    ],
    "ultima_modificacion": "2025-08-01 01:01:03.642387"
  },
  "89fd905ef1b94a4a95cfc39f690ab9271105c.jpeg": {
    "app_sintetizada": "89FD905EF1B94A4A95CFC39F690AB9271105C.JPEG",
    "cantidad_archivos": 1,
    "archivos_fuente": [
      "Pictures/Fototeca de Fotos.photoslibrary/resources/derivatives/8/89FD905E-F1B9-4A4A-95CF-C39F690AB927_1_105_c.jpeg"
    ],
    "ultima_modificacion": "2025-08-01 01:01:03.642657"
  },
  "8a840ac470a649a9990f8addecc267b01105c.jpeg": {
    "app_sintetizada": "8A840AC470A649A9990F8ADDECC267B01105C.JPEG",
    "cantidad_archivos": 1,
    "archivos_fuente": [
      "Pictures/Fototeca de Fotos.photoslibrary/resources/derivatives/8/8A840AC4-70A6-49A9-990F-8ADDECC267B0_1_105_c.jpeg"
    ],
    "ultima_modificacion": "2025-08-01 01:01:03.642956"
  },
  "8e83727567b245c18b607bffb076813a1105c.jpeg": {
    "app_sintetizada": "8E83727567B245C18B607BFFB076813A1105C.JPEG",
    "cantidad_archivos": 1,
    "archivos_fuente": [
      "Pictures/Fototeca de Fotos.photoslibrary/resources/derivatives/8/8E837275-67B2-45C1-8B60-7BFFB076813A_1_105_c.jpeg"
    ],
    "ultima_modificacion": "2025-08-01 01:01:03.643281"
  },
  "82141c0e25b84334b2065b73efae55511105c.jpeg": {
    "app_sintetizada": "82141C0E25B84334B2065B73EFAE55511105C.JPEG",
    "cantidad_archivos": 1,
    "archivos_fuente": [
      "Pictures/Fototeca de Fotos.photoslibrary/resources/derivatives/8/82141C0E-25B8-4334-B206-5B73EFAE5551_1_105_c.jpeg"
    ],
    "ultima_modificacion": "2025-08-01 01:01:03.643582"
  },
  "8c659d76cb9d45b699cbd749aeff1d261105c.jpeg": {
    "app_sintetizada": "8C659D76CB9D45B699CBD749AEFF1D261105C.JPEG",
    "cantidad_archivos": 1,
    "archivos_fuente": [
      "Pictures/Fototeca de Fotos.photoslibrary/resources/derivatives/8/8C659D76-CB9D-45B6-99CB-D749AEFF1D26_1_105_c.jpeg"
    ],
    "ultima_modificacion": "2025-08-01 01:01:03.643865"
  },
  "86341c94d6b74d96b5ca127e4c61a1cd1105c.jpeg": {
    "app_sintetizada": "86341C94D6B74D96B5CA127E4C61A1CD1105C.JPEG",
    "cantidad_archivos": 1,
    "archivos_fuente": [
      "Pictures/Fototeca de Fotos.photoslibrary/resources/derivatives/8/86341C94-D6B7-4D96-B5CA-127E4C61A1CD_1_105_c.jpeg"
    ],
    "ultima_modificacion": "2025-08-01 01:01:03.644151"
  }
}