{
  "ad7d9c9c5c5647e1a3c5184870ae07b91105c.jpeg": {
    "app_sintetizada": "AD7D9C9C5C5647E1A3C5184870AE07B91105C.JPEG",
    "cantidad_archivos": 1,
    "archivos_fuente": [
      "Pictures/Fototeca de Fotos.photoslibrary/resources/derivatives/A/AD7D9C9C-5C56-47E1-A3C5-184870AE07B9_1_105_c.jpeg"
    ],
    "ultima_modificacion": "2025-08-01 01:01:03.805304"
  },
  "a0b1b5ac5cd848e4979afb6285b70ca11105c.jpeg": {
    "app_sintetizada": "A0B1B5AC5CD848E4979AFB6285B70CA11105C.JPEG",
    "cantidad_archivos": 1,
    "archivos_fuente": [
      "Pictures/Fototeca de Fotos.photoslibrary/resources/derivatives/A/A0B1B5AC-5CD8-48E4-979A-FB6285B70CA1_1_105_c.jpeg"
    ],
    "ultima_modificacion": "2025-08-01 01:01:03.805589"
  },
  "a0f64d45971e4b16b37680d311be64651105c.jpeg": {
    "app_sintetizada": "A0F64D45971E4B16B37680D311BE64651105C.JPEG",
    "cantidad_archivos": 1,
    "archivos_fuente": [
      "Pictures/Fototeca de Fotos.photoslibrary/resources/derivatives/A/A0F64D45-971E-4B16-B376-80D311BE6465_1_105_c.jpeg"
    ],
    "ultima_modificacion": "2025-08-01 01:01:03.805917"
  },
  "a1f1a88f56eb49e8bb34c3e65cbb89541105c.jpeg": {
    "app_sintetizada": "A1F1A88F56EB49E8BB34C3E65CBB89541105C.JPEG",
    "cantidad_archivos": 1,
    "archivos_fuente": [
      "Pictures/Fototeca de Fotos.photoslibrary/resources/derivatives/A/A1F1A88F-56EB-49E8-BB34-C3E65CBB8954_1_105_c.jpeg"
    ],
    "ultima_modificacion": "2025-08-01 01:01:03.806220"
  },
  "a0c38540115f4699becc95e4b683be3b1105c.jpeg": {
    "app_sintetizada": "A0C38540115F4699BECC95E4B683BE3B1105C.JPEG",
    "cantidad_archivos": 1,
    "archivos_fuente": [
      "Pictures/Fototeca de Fotos.photoslibrary/resources/derivatives/A/A0C38540-115F-4699-BECC-95E4B683BE3B_1_105_c.jpeg"
    ],
    "ultima_modificacion": "2025-08-01 01:01:03.806550"
  },
  "a8ed7387bd9d44649ab2a5c383d28ca01105c.jpeg": {
    "app_sintetizada": "A8ED7387BD9D44649AB2A5C383D28CA01105C.JPEG",
    "cantidad_archivos": 1,
    "archivos_fuente": [
      "Pictures/Fototeca de Fotos.photoslibrary/resources/derivatives/A/A8ED7387-BD9D-4464-9AB2-A5C383D28CA0_1_105_c.jpeg"
    ],
    "ultima_modificacion": "2025-08-01 01:01:03.806869"
  },
  "a31852d8612947a3bc75274e5fc853031105c.jpeg": {
    "app_sintetizada": "A31852D8612947A3BC75274E5FC853031105C.JPEG",
    "cantidad_archivos": 1,
    "archivos_fuente": [
      "Pictures/Fototeca de Fotos.photoslibrary/resources/derivatives/A/A31852D8-6129-47A3-BC75-274E5FC85303_1_105_c.jpeg"
    ],
    "ultima_modificacion": "2025-08-01 01:01:03.807171"
  },
  "a27c6487227a4b82887f4b9d152c7ffb1105c.jpeg": {
    "app_sintetizada": "A27C6487227A4B82887F4B9D152C7FFB1105C.JPEG",
    "cantidad_archivos": 1,
    "archivos_fuente": [
      "Pictures/Fototeca de Fotos.photoslibrary/resources/derivatives/A/A27C6487-227A-4B82-887F-4B9D152C7FFB_1_105_c.jpeg"
    ],
    "ultima_modificacion": "2025-08-01 01:01:03.807497"
  },
  "a8571fd5d00c4646b8a19a3350066d1b1105c.jpeg": {
    "app_sintetizada": "A8571FD5D00C4646B8A19A3350066D1B1105C.JPEG",
    "cantidad_archivos": 1,
    "archivos_fuente": [
      "Pictures/Fototeca de Fotos.photoslibrary/resources/derivatives/A/A8571FD5-D00C-4646-B8A1-9A3350066D1B_1_105_c.jpeg"
    ],
    "ultima_modificacion": "2025-08-01 01:01:03.807800"
  },
  "a8240085a17945bf9fe309adc1b0b87d1105c.jpeg": {
    "app_sintetizada": "A8240085A17945BF9FE309ADC1B0B87D1105C.JPEG",
    "cantidad_archivos": 1,
    "archivos_fuente": [
      "Pictures/Fototeca de Fotos.photoslibrary/resources/derivatives/A/A8240085-A179-45BF-9FE3-09ADC1B0B87D_1_105_c.jpeg"
    ],
    "ultima_modificacion": "2025-08-01 01:01:03.808106"
  },
  "a03dea57614b4e75a193dcad88250f241105c.jpeg": {
    "app_sintetizada": "A03DEA57614B4E75A193DCAD88250F241105C.JPEG",
    "cantidad_archivos": 1,
    "archivos_fuente": [
      "Pictures/Fototeca de Fotos.photoslibrary/resources/derivatives/A/A03DEA57-614B-4E75-A193-DCAD88250F24_1_105_c.jpeg"
    ],
    "ultima_modificacion": "2025-08-01 01:01:03.808400"
  },
  "a7fd4a6898674d29b3a219b4120aeb141105c.jpeg": {
    "app_sintetizada": "A7FD4A6898674D29B3A219B4120AEB141105C.JPEG",
    "cantidad_archivos": 1,
    "archivos_fuente": [
      "Pictures/Fototeca de Fotos.photoslibrary/resources/derivatives/A/A7FD4A68-9867-4D29-B3A2-19B4120AEB14_1_105_c.jpeg"
    ],
    "ultima_modificacion": "2025-08-01 01:01:03.808715"
  },
  "a8fb1b08210c4df89b76d97797e0ffb91105c.jpeg": {
    "app_sintetizada": "A8FB1B08210C4DF89B76D97797E0FFB91105C.JPEG",
    "cantidad_archivos": 1,
    "archivos_fuente": [
      "Pictures/Fototeca de Fotos.photoslibrary/resources/derivatives/A/A8FB1B08-210C-4DF8-9B76-D97797E0FFB9_1_105_c.jpeg"
    ],
    "ultima_modificacion": "2025-08-01 01:01:03.809027"
  },
  "a5c8f84a72c54d1ea6640a3e30f6011b1105c.jpeg": {
    "app_sintetizada": "A5C8F84A72C54D1EA6640A3E30F6011B1105C.JPEG",
    "cantidad_archivos": 1,
    "archivos_fuente": [
      "Pictures/Fototeca de Fotos.photoslibrary/resources/derivatives/A/A5C8F84A-72C5-4D1E-A664-0A3E30F6011B_1_105_c.jpeg"
    ],
    "ultima_modificacion": "2025-08-01 01:01:03.809388"
  },
  "a9c728b3908c4beb869bfb64474111c31105c.jpeg": {
    "app_sintetizada": "A9C728B3908C4BEB869BFB64474111C31105C.JPEG",
    "cantidad_archivos": 1,
    "archivos_fuente": [
      "Pictures/Fototeca de Fotos.photoslibrary/resources/derivatives/A/A9C728B3-908C-4BEB-869B-FB64474111C3_1_105_c.jpeg"
    ],
    "ultima_modificacion": "2025-08-01 01:01:03.809695"
  },
  "a596c794007f4fc4af954d2ec4592c361105c.jpeg": {
    "app_sintetizada": "A596C794007F4FC4AF954D2EC4592C361105C.JPEG",
    "cantidad_archivos": 1,
    "archivos_fuente": [
      "Pictures/Fototeca de Fotos.photoslibrary/resources/derivatives/A/A596C794-007F-4FC4-AF95-4D2EC4592C36_1_105_c.jpeg"
    ],
    "ultima_modificacion": "2025-08-01 01:01:03.810018"
  },
  "adfc519fee5d4e24b2b23444072ef4f01105c.jpeg": {
    "app_sintetizada": "ADFC519FEE5D4E24B2B23444072EF4F01105C.JPEG",
    "cantidad_archivos": 1,
    "archivos_fuente": [
      "Pictures/Fototeca de Fotos.photoslibrary/resources/derivatives/A/ADFC519F-EE5D-4E24-B2B2-3444072EF4F0_1_105_c.jpeg"
    ],
    "ultima_modificacion": "2025-08-01 01:01:03.810343"
  },
  "a2daa1f8c49e44cb86a25fe8e6e7e2fd1105c.jpeg": {
    "app_sintetizada": "A2DAA1F8C49E44CB86A25FE8E6E7E2FD1105C.JPEG",
    "cantidad_archivos": 1,
    "archivos_fuente": [
      "Pictures/Fototeca de Fotos.photoslibrary/resources/derivatives/A/A2DAA1F8-C49E-44CB-86A2-5FE8E6E7E2FD_1_105_c.jpeg"
    ],
    "ultima_modificacion": "2025-08-01 01:01:03.810711"
  },
  "a22e6ea154c544dda11b3ed92c816e551105c.jpeg": {
    "app_sintetizada": "A22E6EA154C544DDA11B3ED92C816E551105C.JPEG",
    "cantidad_archivos": 1,
    "archivos_fuente": [
      "Pictures/Fototeca de Fotos.photoslibrary/resources/derivatives/A/A22E6EA1-54C5-44DD-A11B-3ED92C816E55_1_105_c.jpeg"
    ],
    "ultima_modificacion": "2025-08-01 01:01:03.810991"
  },
  "af4f31e5b148412388f056390472694a.thm": {
    "app_sintetizada": "AF4F31E5B148412388F056390472694A.THM",
    "cantidad_archivos": 1,
    "archivos_fuente": [
      "Pictures/Fototeca de Fotos.photoslibrary/resources/derivatives/A/AF4F31E5-B148-4123-88F0-56390472694A.THM"
    ],
    "ultima_modificacion": "2025-08-01 01:01:03.811240"
  },
  "a320b1b114344a9899fdf3eb5986c9d21105c.jpeg": {
    "app_sintetizada": "A320B1B114344A9899FDF3EB5986C9D21105C.JPEG",
    "cantidad_archivos": 1,
    "archivos_fuente": [
      "Pictures/Fototeca de Fotos.photoslibrary/resources/derivatives/A/A320B1B1-1434-4A98-99FD-F3EB5986C9D2_1_105_c.jpeg"
    ],
    "ultima_modificacion": "2025-08-01 01:01:03.811544"
  },
  "aeb75272d03042619a424616d814fe4a1102o.jpeg": {
    "app_sintetizada": "AEB75272D03042619A424616D814FE4A1102O.JPEG",
    "cantidad_archivos": 1,
    "archivos_fuente": [
      "Pictures/Fototeca de Fotos.photoslibrary/resources/derivatives/A/AEB75272-D030-4261-9A42-4616D814FE4A_1_102_o.jpeg"
    ],
    "ultima_modificacion": "2025-08-01 01:01:03.811779"
  },
  "a5fcf363c18f46fd95d39eb522760f671105c.jpeg": {
    "app_sintetizada": "A5FCF363C18F46FD95D39EB522760F671105C.JPEG",
    "cantidad_archivos": 1,
    "archivos_fuente": [
      "Pictures/Fototeca de Fotos.photoslibrary/resources/derivatives/A/A5FCF363-C18F-46FD-95D3-9EB522760F67_1_105_c.jpeg"
    ],
    "ultima_modificacion": "2025-08-01 01:01:03.812021"
  },
  "ad37119673e9413c9f9cffd17fd733771105c.jpeg": {
    "app_sintetizada": "AD37119673E9413C9F9CFFD17FD733771105C.JPEG",
    "cantidad_archivos": 1,
    "archivos_fuente": [
      "Pictures/Fototeca de Fotos.photoslibrary/resources/derivatives/A/AD371196-73E9-413C-9F9C-FFD17FD73377_1_105_c.jpeg"
    ],
    "ultima_modificacion": "2025-08-01 01:01:03.812249"
  },
  "a29a76826f2440e4ab4d20d76c7b896c.thm": {
    "app_sintetizada": "A29A76826F2440E4AB4D20D76C7B896C.THM",
    "cantidad_archivos": 1,
    "archivos_fuente": [
      "Pictures/Fototeca de Fotos.photoslibrary/resources/derivatives/A/A29A7682-6F24-40E4-AB4D-20D76C7B896C.THM"
    ],
    "ultima_modificacion": "2025-08-01 01:01:03.812526"
  },
  "ac1d7c2a8a43442ca83565dcea9179ec1105c.jpeg": {
    "app_sintetizada": "AC1D7C2A8A43442CA83565DCEA9179EC1105C.JPEG",
    "cantidad_archivos": 1,
    "archivos_fuente": [
      "Pictures/Fototeca de Fotos.photoslibrary/resources/derivatives/A/AC1D7C2A-8A43-442C-A835-65DCEA9179EC_1_105_c.jpeg"
    ],
    "ultima_modificacion": "2025-08-01 01:01:03.812757"
  },
  "ad675a1ba8984b05b802fea525d1423a1105c.jpeg": {
    "app_sintetizada": "AD675A1BA8984B05B802FEA525D1423A1105C.JPEG",
    "cantidad_archivos": 1,
    "archivos_fuente": [
      "Pictures/Fototeca de Fotos.photoslibrary/resources/derivatives/A/AD675A1B-A898-4B05-B802-FEA525D1423A_1_105_c.jpeg"
    ],
    "ultima_modificacion": "2025-08-01 01:01:03.813077"
  },
  "a23e9fe3f38345afaa17ea6fb2d3b4311105c.jpeg": {
    "app_sintetizada": "A23E9FE3F38345AFAA17EA6FB2D3B4311105C.JPEG",
    "cantidad_archivos": 1,
    "archivos_fuente": [
      "Pictures/Fototeca de Fotos.photoslibrary/resources/derivatives/A/A23E9FE3-F383-45AF-AA17-EA6FB2D3B431_1_105_c.jpeg"
    ],
    "ultima_modificacion": "2025-08-01 01:01:03.813340"
  },
  "a99ad4c1a9ce46e38253e28ae6f014a71105c.jpeg": {
    "app_sintetizada": "A99AD4C1A9CE46E38253E28AE6F014A71105C.JPEG",
    "cantidad_archivos": 1,
    "archivos_fuente": [
      "Pictures/Fototeca de Fotos.photoslibrary/resources/derivatives/A/A99AD4C1-A9CE-46E3-8253-E28AE6F014A7_1_105_c.jpeg"
    ],
    "ultima_modificacion": "2025-08-01 01:01:03.813639"
  },
  "ab838187bde84d2eb1efac98069bd2131105c.jpeg": {
    "app_sintetizada": "AB838187BDE84D2EB1EFAC98069BD2131105C.JPEG",
    "cantidad_archivos": 1,
    "archivos_fuente": [
      "Pictures/Fototeca de Fotos.photoslibrary/resources/derivatives/A/AB838187-BDE8-4D2E-B1EF-AC98069BD213_1_105_c.jpeg"
    ],
    "ultima_modificacion": "2025-08-01 01:01:03.813891"
  },
  "a2d6480bc48648caa17e10fb1ac9f54a1105c.jpeg": {
    "app_sintetizada": "A2D6480BC48648CAA17E10FB1AC9F54A1105C.JPEG",
    "cantidad_archivos": 1,
    "archivos_fuente": [
      "Pictures/Fototeca de Fotos.photoslibrary/resources/derivatives/A/A2D6480B-C486-48CA-A17E-10FB1AC9F54A_1_105_c.jpeg"
    ],
    "ultima_modificacion": "2025-08-01 01:01:03.814115"
  },
  "a9ad48b7d9754133b0c26d4570b4f1bc1105c.jpeg": {
    "app_sintetizada": "A9AD48B7D9754133B0C26D4570B4F1BC1105C.JPEG",
    "cantidad_archivos": 1,
    "archivos_fuente": [
      "Pictures/Fototeca de Fotos.photoslibrary/resources/derivatives/A/A9AD48B7-D975-4133-B0C2-6D4570B4F1BC_1_105_c.jpeg"
    ],
    "ultima_modificacion": "2025-08-01 01:01:03.814371"
  },
  "addd04f6bb7f4c4aac98a2d0e5480fe31105c.jpeg": {
    "app_sintetizada": "ADDD04F6BB7F4C4AAC98A2D0E5480FE31105C.JPEG",
    "cantidad_archivos": 1,
    "archivos_fuente": [
      "Pictures/Fototeca de Fotos.photoslibrary/resources/derivatives/A/ADDD04F6-BB7F-4C4A-AC98-A2D0E5480FE3_1_105_c.jpeg"
    ],
    "ultima_modificacion": "2025-08-01 01:01:03.814617"
  },
  "a6093a91de7541fabe4fc9a25e1cda551105c.jpeg": {
    "app_sintetizada": "A6093A91DE7541FABE4FC9A25E1CDA551105C.JPEG",
    "cantidad_archivos": 1,
    "archivos_fuente": [
      "Pictures/Fototeca de Fotos.photoslibrary/resources/derivatives/A/A6093A91-DE75-41FA-BE4F-C9A25E1CDA55_1_105_c.jpeg"
    ],
    "ultima_modificacion": "2025-08-01 01:01:03.814949"
  },
  "a0b2b950c0da4d46bda3ea32e85579681105c.jpeg": {
    "app_sintetizada": "A0B2B950C0DA4D46BDA3EA32E85579681105C.JPEG",
    "cantidad_archivos": 1,
    "archivos_fuente": [
      "Pictures/Fototeca de Fotos.photoslibrary/resources/derivatives/A/A0B2B950-C0DA-4D46-BDA3-EA32E8557968_1_105_c.jpeg"
    ],
    "ultima_modificacion": "2025-08-01 01:01:03.815200"
  },
  "a675fd4450af425099a796630b9ef3481105c.jpeg": {
    "app_sintetizada": "A675FD4450AF425099A796630B9EF3481105C.JPEG",
    "cantidad_archivos": 1,
    "archivos_fuente": [
      "Pictures/Fototeca de Fotos.photoslibrary/resources/derivatives/A/A675FD44-50AF-4250-99A7-96630B9EF348_1_105_c.jpeg"
    ],
    "ultima_modificacion": "2025-08-01 01:01:03.815493"
  },
  "a4a67c8fccde447e8dee11a3f6f5ead41102o.jpeg": {
    "app_sintetizada": "A4A67C8FCCDE447E8DEE11A3F6F5EAD41102O.JPEG",
    "cantidad_archivos": 1,
    "archivos_fuente": [
      "Pictures/Fototeca de Fotos.photoslibrary/resources/derivatives/A/A4A67C8F-CCDE-447E-8DEE-11A3F6F5EAD4_1_102_o.jpeg"
    ],
    "ultima_modificacion": "2025-08-01 01:01:03.815719"
  },
  "a6d89740278b4de38f643661f67c70eb1105c.jpeg": {
    "app_sintetizada": "A6D89740278B4DE38F643661F67C70EB1105C.JPEG",
    "cantidad_archivos": 1,
    "archivos_fuente": [
      "Pictures/Fototeca de Fotos.photoslibrary/resources/derivatives/A/A6D89740-278B-4DE3-8F64-3661F67C70EB_1_105_c.jpeg"
    ],
    "ultima_modificacion": "2025-08-01 01:01:03.815937"
  },
  "aed6359e737147b0a8dc261b1bbf94be1105c.jpeg": {
    "app_sintetizada": "AED6359E737147B0A8DC261B1BBF94BE1105C.JPEG",
    "cantidad_archivos": 1,
    "archivos_fuente": [
      "Pictures/Fototeca de Fotos.photoslibrary/resources/derivatives/A/AED6359E-7371-47B0-A8DC-261B1BBF94BE_1_105_c.jpeg"
    ],
    "ultima_modificacion": "2025-08-01 01:01:03.816127"
  },
  "acc20a05712a474482759f1fad820486.thm": {
    "app_sintetizada": "ACC20A05712A474482759F1FAD820486.THM",
    "cantidad_archivos": 1,
    "archivos_fuente": [
      "Pictures/Fototeca de Fotos.photoslibrary/resources/derivatives/A/ACC20A05-712A-4744-8275-9F1FAD820486.THM"
    ],
    "ultima_modificacion": "2025-08-01 01:01:03.816320"
  },
  "a2271ac17a834e8ba46ee72f3096df2e1105c.jpeg": {
    "app_sintetizada": "A2271AC17A834E8BA46EE72F3096DF2E1105C.JPEG",
    "cantidad_archivos": 1,
    "archivos_fuente": [
      "Pictures/Fototeca de Fotos.photoslibrary/resources/derivatives/A/A2271AC1-7A83-4E8B-A46E-E72F3096DF2E_1_105_c.jpeg"
    ],
    "ultima_modificacion": "2025-08-01 01:01:03.816505"
  },
  "abca7bbf336e4357a16ba109aeafb7c71105c.jpeg": {
    "app_sintetizada": "ABCA7BBF336E4357A16BA109AEAFB7C71105C.JPEG",
    "cantidad_archivos": 1,
    "archivos_fuente": [
      "Pictures/Fototeca de Fotos.photoslibrary/resources/derivatives/A/ABCA7BBF-336E-4357-A16B-A109AEAFB7C7_1_105_c.jpeg"
    ],
    "ultima_modificacion": "2025-08-01 01:01:03.816695"
  },
  "a94263d36678476da90bdd0d1987cacf1105c.jpeg": {
    "app_sintetizada": "A94263D36678476DA90BDD0D1987CACF1105C.JPEG",
    "cantidad_archivos": 1,
    "archivos_fuente": [
      "Pictures/Fototeca de Fotos.photoslibrary/resources/derivatives/A/A94263D3-6678-476D-A90B-DD0D1987CACF_1_105_c.jpeg"
    ],
    "ultima_modificacion": "2025-08-01 01:01:03.816876"
  },
  "a7953868318f4e28bffb8f281eb5ff631105c.jpeg": {
    "app_sintetizada": "A7953868318F4E28BFFB8F281EB5FF631105C.JPEG",
    "cantidad_archivos": 1,
    "archivos_fuente": [
      "Pictures/Fototeca de Fotos.photoslibrary/resources/derivatives/A/A7953868-318F-4E28-BFFB-8F281EB5FF63_1_105_c.jpeg"
    ],
    "ultima_modificacion": "2025-08-01 01:01:03.817125"
  },
  "a314f11c75cf43148a751a2fdab6107d1105c.jpeg": {
    "app_sintetizada": "A314F11C75CF43148A751A2FDAB6107D1105C.JPEG",
    "cantidad_archivos": 1,
    "archivos_fuente": [
      "Pictures/Fototeca de Fotos.photoslibrary/resources/derivatives/A/A314F11C-75CF-4314-8A75-1A2FDAB6107D_1_105_c.jpeg"
    ],
    "ultima_modificacion": "2025-08-01 01:01:03.817415"
  },
  "a2a90de434dc4b4182ad9a1c3487e6d51105c.jpeg": {
    "app_sintetizada": "A2A90DE434DC4B4182AD9A1C3487E6D51105C.JPEG",
    "cantidad_archivos": 1,
    "archivos_fuente": [
      "Pictures/Fototeca de Fotos.photoslibrary/resources/derivatives/A/A2A90DE4-34DC-4B41-82AD-9A1C3487E6D5_1_105_c.jpeg"
    ],
    "ultima_modificacion": "2025-08-01 01:01:03.817672"
  },
  "a758ede48e7c44e393d637022db42e931105c.jpeg": {
    "app_sintetizada": "A758EDE48E7C44E393D637022DB42E931105C.JPEG",
    "cantidad_archivos": 1,
    "archivos_fuente": [
      "Pictures/Fototeca de Fotos.photoslibrary/resources/derivatives/A/A758EDE4-8E7C-44E3-93D6-37022DB42E93_1_105_c.jpeg"
    ],
    "ultima_modificacion": "2025-08-01 01:01:03.817908"
  },
  "a875fe168de24ac5a83b32a3a42e5a8f1105c.jpeg": {
    "app_sintetizada": "A875FE168DE24AC5A83B32A3A42E5A8F1105C.JPEG",
    "cantidad_archivos": 1,
    "archivos_fuente": [
      "Pictures/Fototeca de Fotos.photoslibrary/resources/derivatives/A/A875FE16-8DE2-4AC5-A83B-32A3A42E5A8F_1_105_c.jpeg"
    ],
    "ultima_modificacion": "2025-08-01 01:01:03.818156"
  },
  "aeee66e4a3144d009e9def498ce6930e1105c.jpeg": {
    "app_sintetizada": "AEEE66E4A3144D009E9DEF498CE6930E1105C.JPEG",
    "cantidad_archivos": 1,
    "archivos_fuente": [
      "Pictures/Fototeca de Fotos.photoslibrary/resources/derivatives/A/AEEE66E4-A314-4D00-9E9D-EF498CE6930E_1_105_c.jpeg"
    ],
    "ultima_modificacion": "2025-08-01 01:01:03.818405"
  },
  "a026972642644d94b368f24631b324471105c.jpeg": {
    "app_sintetizada": "A026972642644D94B368F24631B324471105C.JPEG",
    "cantidad_archivos": 1,
    "archivos_fuente": [
      "Pictures/Fototeca de Fotos.photoslibrary/resources/derivatives/A/A0269726-4264-4D94-B368-F24631B32447_1_105_c.jpeg"
    ],
    "ultima_modificacion": "2025-08-01 01:01:03.818643"
  },
  "a7d9fdaa7d134ff5a02d47f2f67841b7.thm": {
    "app_sintetizada": "A7D9FDAA7D134FF5A02D47F2F67841B7.THM",
    "cantidad_archivos": 1,
    "archivos_fuente": [
      "Pictures/Fototeca de Fotos.photoslibrary/resources/derivatives/A/A7D9FDAA-7D13-4FF5-A02D-47F2F67841B7.THM"
    ],
    "ultima_modificacion": "2025-08-01 01:01:03.818902"
  },
  "a588a3108981426c8940dea592de67071105c.jpeg": {
    "app_sintetizada": "A588A3108981426C8940DEA592DE67071105C.JPEG",
    "cantidad_archivos": 1,
    "archivos_fuente": [
      "Pictures/Fototeca de Fotos.photoslibrary/resources/derivatives/A/A588A310-8981-426C-8940-DEA592DE6707_1_105_c.jpeg"
    ],
    "ultima_modificacion": "2025-08-01 01:01:03.819141"
  },
  "ae48c649fd214be7925cf44d016dbed91105c.jpeg": {
    "app_sintetizada": "AE48C649FD214BE7925CF44D016DBED91105C.JPEG",
    "cantidad_archivos": 1,
    "archivos_fuente": [
      "Pictures/Fototeca de Fotos.photoslibrary/resources/derivatives/A/AE48C649-FD21-4BE7-925C-F44D016DBED9_1_105_c.jpeg"
    ],
    "ultima_modificacion": "2025-08-01 01:01:03.819476"
  },
  "a70a15fc17b54190bc2ceda7c68f16a21105c.jpeg": {
    "app_sintetizada": "A70A15FC17B54190BC2CEDA7C68F16A21105C.JPEG",
    "cantidad_archivos": 1,
    "archivos_fuente": [
      "Pictures/Fototeca de Fotos.photoslibrary/resources/derivatives/A/A70A15FC-17B5-4190-BC2C-EDA7C68F16A2_1_105_c.jpeg"
    ],
    "ultima_modificacion": "2025-08-01 01:01:03.819714"
  },
  "a2060bf97e244ae08073f76f9a015f6e1105c.jpeg": {
    "app_sintetizada": "A2060BF97E244AE08073F76F9A015F6E1105C.JPEG",
    "cantidad_archivos": 1,
    "archivos_fuente": [
      "Pictures/Fototeca de Fotos.photoslibrary/resources/derivatives/A/A2060BF9-7E24-4AE0-8073-F76F9A015F6E_1_105_c.jpeg"
    ],
    "ultima_modificacion": "2025-08-01 01:01:03.819932"
  },
  "aab19b63785945ac9ae02089999d26eb1105c.jpeg": {
    "app_sintetizada": "AAB19B63785945AC9AE02089999D26EB1105C.JPEG",
    "cantidad_archivos": 1,
    "archivos_fuente": [
      "Pictures/Fototeca de Fotos.photoslibrary/resources/derivatives/A/AAB19B63-7859-45AC-9AE0-2089999D26EB_1_105_c.jpeg"
    ],
    "ultima_modificacion": "2025-08-01 01:01:03.820140"
  },
  "a874143975154db0bc2827aeeea725431105c.jpeg": {
    "app_sintetizada": "A874143975154DB0BC2827AEEEA725431105C.JPEG",
    "cantidad_archivos": 1,
    "archivos_fuente": [
      "Pictures/Fototeca de Fotos.photoslibrary/resources/derivatives/A/A8741439-7515-4DB0-BC28-27AEEEA72543_1_105_c.jpeg"
    ],
    "ultima_modificacion": "2025-08-01 01:01:03.820332"
  },
  "a5f635db6a604b94ae39a27cd6481e8d1105c.jpeg": {
    "app_sintetizada": "A5F635DB6A604B94AE39A27CD6481E8D1105C.JPEG",
    "cantidad_archivos": 1,
    "archivos_fuente": [
      "Pictures/Fototeca de Fotos.photoslibrary/resources/derivatives/A/A5F635DB-6A60-4B94-AE39-A27CD6481E8D_1_105_c.jpeg"
    ],
    "ultima_modificacion": "2025-08-01 01:01:03.820543"
  },
  "a0d7d7e3f18644568949c1f1c406874e1105c.jpeg": {
    "app_sintetizada": "A0D7D7E3F18644568949C1F1C406874E1105C.JPEG",
    "cantidad_archivos": 1,
    "archivos_fuente": [
      "Pictures/Fototeca de Fotos.photoslibrary/resources/derivatives/A/A0D7D7E3-F186-4456-8949-C1F1C406874E_1_105_c.jpeg"
    ],
    "ultima_modificacion": "2025-08-01 01:01:03.820777"
  },
  "a87b02ec216f412297180c1a8fdaf701.thm": {
    "app_sintetizada": "A87B02EC216F412297180C1A8FDAF701.THM",
    "cantidad_archivos": 1,
    "archivos_fuente": [
      "Pictures/Fototeca de Fotos.photoslibrary/resources/derivatives/A/A87B02EC-216F-4122-9718-0C1A8FDAF701.THM"
    ],
    "ultima_modificacion": "2025-08-01 01:01:03.821031"
  },
  "abd51a19d259400b821470f889976fac1105c.jpeg": {
    "app_sintetizada": "ABD51A19D259400B821470F889976FAC1105C.JPEG",
    "cantidad_archivos": 1,
    "archivos_fuente": [
      "Pictures/Fototeca de Fotos.photoslibrary/resources/derivatives/A/ABD51A19-D259-400B-8214-70F889976FAC_1_105_c.jpeg"
    ],
    "ultima_modificacion": "2025-08-01 01:01:03.821304"
  },
  "a0e5a432032541869f3a280dcd4fcc5e1105c.jpeg": {
    "app_sintetizada": "A0E5A432032541869F3A280DCD4FCC5E1105C.JPEG",
    "cantidad_archivos": 1,
    "archivos_fuente": [
      "Pictures/Fototeca de Fotos.photoslibrary/resources/derivatives/A/A0E5A432-0325-4186-9F3A-280DCD4FCC5E_1_105_c.jpeg"
    ],
    "ultima_modificacion": "2025-08-01 01:01:03.821644"
  },
  "a3de443cbf8e4da0b1bfa5a173b1ba6f1105c.jpeg": {
    "app_sintetizada": "A3DE443CBF8E4DA0B1BFA5A173B1BA6F1105C.JPEG",
    "cantidad_archivos": 1,
    "archivos_fuente": [
      "Pictures/Fototeca de Fotos.photoslibrary/resources/derivatives/A/A3DE443C-BF8E-4DA0-B1BF-A5A173B1BA6F_1_105_c.jpeg"
    ],
    "ultima_modificacion": "2025-08-01 01:01:03.821920"
  },
  "af66565004a8485cb084663f04872be81105c.jpeg": {
    "app_sintetizada": "AF66565004A8485CB084663F04872BE81105C.JPEG",
    "cantidad_archivos": 1,
    "archivos_fuente": [
      "Pictures/Fototeca de Fotos.photoslibrary/resources/derivatives/A/AF665650-04A8-485C-B084-663F04872BE8_1_105_c.jpeg"
    ],
    "ultima_modificacion": "2025-08-01 01:01:03.822178"
  },
  "a5dc2b9d4ae641638f5dae080535d7271105c.jpeg": {
    "app_sintetizada": "A5DC2B9D4AE641638F5DAE080535D7271105C.JPEG",
    "cantidad_archivos": 1,
    "archivos_fuente": [
      "Pictures/Fototeca de Fotos.photoslibrary/resources/derivatives/A/A5DC2B9D-4AE6-4163-8F5D-AE080535D727_1_105_c.jpeg"
    ],
    "ultima_modificacion": "2025-08-01 01:01:03.822424"
  },
  "adf8197251fd4cb9ac6b5125a395b7f91105c.jpeg": {
    "app_sintetizada": "ADF8197251FD4CB9AC6B5125A395B7F91105C.JPEG",
    "cantidad_archivos": 1,
    "archivos_fuente": [
      "Pictures/Fototeca de Fotos.photoslibrary/resources/derivatives/A/ADF81972-51FD-4CB9-AC6B-5125A395B7F9_1_105_c.jpeg"
    ],
    "ultima_modificacion": "2025-08-01 01:01:03.822665"
  },
  "ad79bd77defd443b99cfe5a50362c3f41105c.jpeg": {
    "app_sintetizada": "AD79BD77DEFD443B99CFE5A50362C3F41105C.JPEG",
    "cantidad_archivos": 1,
    "archivos_fuente": [
      "Pictures/Fototeca de Fotos.photoslibrary/resources/derivatives/A/AD79BD77-DEFD-443B-99CF-E5A50362C3F4_1_105_c.jpeg"
    ],
    "ultima_modificacion": "2025-08-01 01:01:03.822981"
  },
  "a9d5ae739862400e824021b0ff16efee1105c.jpeg": {
    "app_sintetizada": "A9D5AE739862400E824021B0FF16EFEE1105C.JPEG",
    "cantidad_archivos": 1,
    "archivos_fuente": [
      "Pictures/Fototeca de Fotos.photoslibrary/resources/derivatives/A/A9D5AE73-9862-400E-8240-21B0FF16EFEE_1_105_c.jpeg"
    ],
    "ultima_modificacion": "2025-08-01 01:01:03.823203"
  },
  "aefa3fe37a3b4ef388170814745065b91105c.jpeg": {
    "app_sintetizada": "AEFA3FE37A3B4EF388170814745065B91105C.JPEG",
    "cantidad_archivos": 1,
    "archivos_fuente": [
      "Pictures/Fototeca de Fotos.photoslibrary/resources/derivatives/A/AEFA3FE3-7A3B-4EF3-8817-0814745065B9_1_105_c.jpeg"
    ],
    "ultima_modificacion": "2025-08-01 01:01:03.823497"
  },
  "ab5229eed3474fbdbb9146ee37f8d5b21105c.jpeg": {
    "app_sintetizada": "AB5229EED3474FBDBB9146EE37F8D5B21105C.JPEG",
    "cantidad_archivos": 1,
    "archivos_fuente": [
      "Pictures/Fototeca de Fotos.photoslibrary/resources/derivatives/A/AB5229EE-D347-4FBD-BB91-46EE37F8D5B2_1_105_c.jpeg"
    ],
    "ultima_modificacion": "2025-08-01 01:01:03.823837"
  },
  "a93ef16f783549d8801db00a4911130b1105c.jpeg": {
    "app_sintetizada": "A93EF16F783549D8801DB00A4911130B1105C.JPEG",
    "cantidad_archivos": 1,
    "archivos_fuente": [
      "Pictures/Fototeca de Fotos.photoslibrary/resources/derivatives/A/A93EF16F-7835-49D8-801D-B00A4911130B_1_105_c.jpeg"
    ],
    "ultima_modificacion": "2025-08-01 01:01:03.824127"
  },
  "ac287b014e7945dc9ee1e13197d04d2e1105c.jpeg": {
    "app_sintetizada": "AC287B014E7945DC9EE1E13197D04D2E1105C.JPEG",
    "cantidad_archivos": 1,
    "archivos_fuente": [
      "Pictures/Fototeca de Fotos.photoslibrary/resources/derivatives/A/AC287B01-4E79-45DC-9EE1-E13197D04D2E_1_105_c.jpeg"
    ],
    "ultima_modificacion": "2025-08-01 01:01:03.824367"
  },
  "afe4afb6e3a04b14b2dd5c8bac364de41105c.jpeg": {
    "app_sintetizada": "AFE4AFB6E3A04B14B2DD5C8BAC364DE41105C.JPEG",
    "cantidad_archivos": 1,
    "archivos_fuente": [
      "Pictures/Fototeca de Fotos.photoslibrary/resources/derivatives/A/AFE4AFB6-E3A0-4B14-B2DD-5C8BAC364DE4_1_105_c.jpeg"
    ],
    "ultima_modificacion": "2025-08-01 01:01:03.824598"
  },
  "af85f73b0e054de091aed539364f96d81105c.jpeg": {
    "app_sintetizada": "AF85F73B0E054DE091AED539364F96D81105C.JPEG",
    "cantidad_archivos": 1,
    "archivos_fuente": [
      "Pictures/Fototeca de Fotos.photoslibrary/resources/derivatives/A/AF85F73B-0E05-4DE0-91AE-D539364F96D8_1_105_c.jpeg"
    ],
    "ultima_modificacion": "2025-08-01 01:01:03.824869"
  },
  "a4bb39ec68394bbb93b1f928f1062ec51105c.jpeg": {
    "app_sintetizada": "A4BB39EC68394BBB93B1F928F1062EC51105C.JPEG",
    "cantidad_archivos": 1,
    "archivos_fuente": [
      "Pictures/Fototeca de Fotos.photoslibrary/resources/derivatives/A/A4BB39EC-6839-4BBB-93B1-F928F1062EC5_1_105_c.jpeg"
    ],
    "ultima_modificacion": "2025-08-01 01:01:03.825076"
  },
  "a5988ef913664ed78f1bf70716f95c981105c.jpeg": {
    "app_sintetizada": "A5988EF913664ED78F1BF70716F95C981105C.JPEG",
    "cantidad_archivos": 1,
    "archivos_fuente": [
      "Pictures/Fototeca de Fotos.photoslibrary/resources/derivatives/A/A5988EF9-1366-4ED7-8F1B-F70716F95C98_1_105_c.jpeg"
    ],
    "ultima_modificacion": "2025-08-01 01:01:03.825268"
  },
  "afe698e2de7b4b91ba9c0d5e54d090a01105c.jpeg": {
    "app_sintetizada": "AFE698E2DE7B4B91BA9C0D5E54D090A01105C.JPEG",
    "cantidad_archivos": 1,
    "archivos_fuente": [
      "Pictures/Fototeca de Fotos.photoslibrary/resources/derivatives/A/AFE698E2-DE7B-4B91-BA9C-0D5E54D090A0_1_105_c.jpeg"
    ],
    "ultima_modificacion": "2025-08-01 01:01:03.825451"
  },
  "ab7ccf6cc16f458ca58f6eb56bc8004c1105c.jpeg": {
    "app_sintetizada": "AB7CCF6CC16F458CA58F6EB56BC8004C1105C.JPEG",
    "cantidad_archivos": 1,
    "archivos_fuente": [
      "Pictures/Fototeca de Fotos.photoslibrary/resources/derivatives/A/AB7CCF6C-C16F-458C-A58F-6EB56BC8004C_1_105_c.jpeg"
    ],
    "ultima_modificacion": "2025-08-01 01:01:03.825640"
  },
  "ae09017b34904b7595bd6d7422f628651105c.jpeg": {
    "app_sintetizada": "AE09017B34904B7595BD6D7422F628651105C.JPEG",
    "cantidad_archivos": 1,
    "archivos_fuente": [
      "Pictures/Fototeca de Fotos.photoslibrary/resources/derivatives/A/AE09017B-3490-4B75-95BD-6D7422F62865_1_105_c.jpeg"
    ],
    "ultima_modificacion": "2025-08-01 01:01:03.825838"
  },
  "a472db4723b2480dbcfbdfa472c79dc81105c.jpeg": {
    "app_sintetizada": "A472DB4723B2480DBCFBDFA472C79DC81105C.JPEG",
    "cantidad_archivos": 1,
    "archivos_fuente": [
      "Pictures/Fototeca de Fotos.photoslibrary/resources/derivatives/A/A472DB47-23B2-480D-BCFB-DFA472C79DC8_1_105_c.jpeg"
    ],
    "ultima_modificacion": "2025-08-01 01:01:03.826132"
  },
  "ad2d27e158744f7f86e414b325b70ac41105c.jpeg": {
    "app_sintetizada": "AD2D27E158744F7F86E414B325B70AC41105C.JPEG",
    "cantidad_archivos": 1,
    "archivos_fuente": [
      "Pictures/Fototeca de Fotos.photoslibrary/resources/derivatives/A/AD2D27E1-5874-4F7F-86E4-14B325B70AC4_1_105_c.jpeg"
    ],
    "ultima_modificacion": "2025-08-01 01:01:03.826345"
  },
  "a50b38e638854951b7a0bd9f1f5e2d901105c.jpeg": {
    "app_sintetizada": "A50B38E638854951B7A0BD9F1F5E2D901105C.JPEG",
    "cantidad_archivos": 1,
    "archivos_fuente": [
      "Pictures/Fototeca de Fotos.photoslibrary/resources/derivatives/A/A50B38E6-3885-4951-B7A0-BD9F1F5E2D90_1_105_c.jpeg"
    ],
    "ultima_modificacion": "2025-08-01 01:01:03.826560"
  },
  "a7a76e423ab549a2aab4c6895ffaa98b1105c.jpeg": {
    "app_sintetizada": "A7A76E423AB549A2AAB4C6895FFAA98B1105C.JPEG",
    "cantidad_archivos": 1,
    "archivos_fuente": [
      "Pictures/Fototeca de Fotos.photoslibrary/resources/derivatives/A/A7A76E42-3AB5-49A2-AAB4-C6895FFAA98B_1_105_c.jpeg"
    ],
    "ultima_modificacion": "2025-08-01 01:01:03.826770"
  },
  "aa15859c30e14ce9bc9bf29437eafba01105c.jpeg": {
    "app_sintetizada": "AA15859C30E14CE9BC9BF29437EAFBA01105C.JPEG",
    "cantidad_archivos": 1,
    "archivos_fuente": [
      "Pictures/Fototeca de Fotos.photoslibrary/resources/derivatives/A/AA15859C-30E1-4CE9-BC9B-F29437EAFBA0_1_105_c.jpeg"
    ],
    "ultima_modificacion": "2025-08-01 01:01:03.826956"
  },
  "a59e2afd8e5f4ae4ae78b7616f26e0761105c.jpeg": {
    "app_sintetizada": "A59E2AFD8E5F4AE4AE78B7616F26E0761105C.JPEG",
    "cantidad_archivos": 1,
    "archivos_fuente": [
      "Pictures/Fototeca de Fotos.photoslibrary/resources/derivatives/A/A59E2AFD-8E5F-4AE4-AE78-B7616F26E076_1_105_c.jpeg"
    ],
    "ultima_modificacion": "2025-08-01 01:01:03.827188"
  },
  "a5607bc41aa7460a93c8b4a8230b536d1105c.jpeg": {
    "app_sintetizada": "A5607BC41AA7460A93C8B4A8230B536D1105C.JPEG",
    "cantidad_archivos": 1,
    "archivos_fuente": [
      "Pictures/Fototeca de Fotos.photoslibrary/resources/derivatives/A/A5607BC4-1AA7-460A-93C8-B4A8230B536D_1_105_c.jpeg"
    ],
    "ultima_modificacion": "2025-08-01 01:01:03.827452"
  },
  "ac90dd7ba14f48ee95b85d07c54860d21105c.jpeg": {
    "app_sintetizada": "AC90DD7BA14F48EE95B85D07C54860D21105C.JPEG",
    "cantidad_archivos": 1,
    "archivos_fuente": [
      "Pictures/Fototeca de Fotos.photoslibrary/resources/derivatives/A/AC90DD7B-A14F-48EE-95B8-5D07C54860D2_1_105_c.jpeg"
    ],
    "ultima_modificacion": "2025-08-01 01:01:03.827677"
  },
  "ac11bf9bfcf747b3b2d29b6e6c42dfb71105c.jpeg": {
    "app_sintetizada": "AC11BF9BFCF747B3B2D29B6E6C42DFB71105C.JPEG",
    "cantidad_archivos": 1,
    "archivos_fuente": [
      "Pictures/Fototeca de Fotos.photoslibrary/resources/derivatives/A/AC11BF9B-FCF7-47B3-B2D2-9B6E6C42DFB7_1_105_c.jpeg"
    ],
    "ultima_modificacion": "2025-08-01 01:01:03.828041"
  },
  "aefcfef7d4fd46459863d4b8d17183b91105c.jpeg": {
    "app_sintetizada": "AEFCFEF7D4FD46459863D4B8D17183B91105C.JPEG",
    "cantidad_archivos": 1,
    "archivos_fuente": [
      "Pictures/Fototeca de Fotos.photoslibrary/resources/derivatives/A/AEFCFEF7-D4FD-4645-9863-D4B8D17183B9_1_105_c.jpeg"
    ],
    "ultima_modificacion": "2025-08-01 01:01:03.828288"
  },
  "a1778629fd59427fa62d398ab5e577fa1105c.jpeg": {
    "app_sintetizada": "A1778629FD59427FA62D398AB5E577FA1105C.JPEG",
    "cantidad_archivos": 1,
    "archivos_fuente": [
      "Pictures/Fototeca de Fotos.photoslibrary/resources/derivatives/A/A1778629-FD59-427F-A62D-398AB5E577FA_1_105_c.jpeg"
    ],
    "ultima_modificacion": "2025-08-01 01:01:03.828778"
  },
  "adbe0b25409c4188a19328375946c25b1105c.jpeg": {
    "app_sintetizada": "ADBE0B25409C4188A19328375946C25B1105C.JPEG",
    "cantidad_archivos": 1,
    "archivos_fuente": [
      "Pictures/Fototeca de Fotos.photoslibrary/resources/derivatives/A/ADBE0B25-409C-4188-A193-28375946C25B_1_105_c.jpeg"
    ],
    "ultima_modificacion": "2025-08-01 01:01:03.829390"
  },
  "a490322fcf024d4ba7902339ccc868e2.thm": {
    "app_sintetizada": "A490322FCF024D4BA7902339CCC868E2.THM",
    "cantidad_archivos": 1,
    "archivos_fuente": [
      "Pictures/Fototeca de Fotos.photoslibrary/resources/derivatives/A/A490322F-CF02-4D4B-A790-2339CCC868E2.THM"
    ],
    "ultima_modificacion": "2025-08-01 01:01:03.829714"
  },
  "a6d42c938fa14ecdb29e9f0b7df882ee1102o.jpeg": {
    "app_sintetizada": "A6D42C938FA14ECDB29E9F0B7DF882EE1102O.JPEG",
    "cantidad_archivos": 1,
    "archivos_fuente": [
      "Pictures/Fototeca de Fotos.photoslibrary/resources/derivatives/A/A6D42C93-8FA1-4ECD-B29E-9F0B7DF882EE_1_102_o.jpeg"
    ],
    "ultima_modificacion": "2025-08-01 01:01:03.829944"
  },
  "a170694ed5c7410f91791f5eb9f70a99.thm": {
    "app_sintetizada": "A170694ED5C7410F91791F5EB9F70A99.THM",
    "cantidad_archivos": 1,
    "archivos_fuente": [
      "Pictures/Fototeca de Fotos.photoslibrary/resources/derivatives/A/A170694E-D5C7-410F-9179-1F5EB9F70A99.THM"
    ],
    "ultima_modificacion": "2025-08-01 01:01:03.830186"
  },
  "a15153d65d6e48e788500f7d9e2b60b3.thm": {
    "app_sintetizada": "A15153D65D6E48E788500F7D9E2B60B3.THM",
    "cantidad_archivos": 1,
    "archivos_fuente": [
      "Pictures/Fototeca de Fotos.photoslibrary/resources/derivatives/A/A15153D6-5D6E-48E7-8850-0F7D9E2B60B3.THM"
    ],
    "ultima_modificacion": "2025-08-01 01:01:03.830387"
  },
  "a1e133663669443cae8ab90280a896d21105c.jpeg": {
    "app_sintetizada": "A1E133663669443CAE8AB90280A896D21105C.JPEG",
    "cantidad_archivos": 1,
    "archivos_fuente": [
      "Pictures/Fototeca de Fotos.photoslibrary/resources/derivatives/A/A1E13366-3669-443C-AE8A-B90280A896D2_1_105_c.jpeg"
    ],
    "ultima_modificacion": "2025-08-01 01:01:03.830608"
  },
  "a375f900c8df429bbf7cd4d858cd22d31105c.jpeg": {
    "app_sintetizada": "A375F900C8DF429BBF7CD4D858CD22D31105C.JPEG",
    "cantidad_archivos": 1,
    "archivos_fuente": [
      "Pictures/Fototeca de Fotos.photoslibrary/resources/derivatives/A/A375F900-C8DF-429B-BF7C-D4D858CD22D3_1_105_c.jpeg"
    ],
    "ultima_modificacion": "2025-08-01 01:01:03.830911"
  },
  "ac68fa8e10184782975d4f182b3db3371105c.jpeg": {
    "app_sintetizada": "AC68FA8E10184782975D4F182B3DB3371105C.JPEG",
    "cantidad_archivos": 1,
    "archivos_fuente": [
      "Pictures/Fototeca de Fotos.photoslibrary/resources/derivatives/A/AC68FA8E-1018-4782-975D-4F182B3DB337_1_105_c.jpeg"
    ],
    "ultima_modificacion": "2025-08-01 01:01:03.831137"
  },
  "afa73d1ca64f4eeaa347de80ac95aa971105c.jpeg": {
    "app_sintetizada": "AFA73D1CA64F4EEAA347DE80AC95AA971105C.JPEG",
    "cantidad_archivos": 1,
    "archivos_fuente": [
      "Pictures/Fototeca de Fotos.photoslibrary/resources/derivatives/A/AFA73D1C-A64F-4EEA-A347-DE80AC95AA97_1_105_c.jpeg"
    ],
    "ultima_modificacion": "2025-08-01 01:01:03.831329"
  },
  "a470ed2724d44833b5936b1781b9b5c21105c.jpeg": {
    "app_sintetizada": "A470ED2724D44833B5936B1781B9B5C21105C.JPEG",
    "cantidad_archivos": 1,
    "archivos_fuente": [
      "Pictures/Fototeca de Fotos.photoslibrary/resources/derivatives/A/A470ED27-24D4-4833-B593-6B1781B9B5C2_1_105_c.jpeg"
    ],
    "ultima_modificacion": "2025-08-01 01:01:03.831518"
  }
}