{
  "f8ba77a893174e40bf545f7b11ebe850.thm": {
    "app_sintetizada": "F8BA77A893174E40BF545F7B11EBE850.THM",
    "cantidad_archivos": 1,
    "archivos_fuente": [
      "Pictures/Fototeca de Fotos.photoslibrary/resources/derivatives/F/F8BA77A8-9317-4E40-BF54-5F7B11EBE850.THM"
    ],
    "ultima_modificacion": "2025-08-01 01:01:05.135559"
  },
  "f4864c92c1e4482a996523a96549156e1105c.jpeg": {
    "app_sintetizada": "F4864C92C1E4482A996523A96549156E1105C.JPEG",
    "cantidad_archivos": 1,
    "archivos_fuente": [
      "Pictures/Fototeca de Fotos.photoslibrary/resources/derivatives/F/F4864C92-C1E4-482A-9965-23A96549156E_1_105_c.jpeg"
    ],
    "ultima_modificacion": "2025-08-01 01:01:05.135807"
  },
  "fadd8d401acd4fe98ed37244c378ffbe1105c.jpeg": {
    "app_sintetizada": "FADD8D401ACD4FE98ED37244C378FFBE1105C.JPEG",
    "cantidad_archivos": 1,
    "archivos_fuente": [
      "Pictures/Fototeca de Fotos.photoslibrary/resources/derivatives/F/FADD8D40-1ACD-4FE9-8ED3-7244C378FFBE_1_105_c.jpeg"
    ],
    "ultima_modificacion": "2025-08-01 01:01:05.136100"
  },
  "fd63137af519443fae571ee15f7c4a6c1105c.jpeg": {
    "app_sintetizada": "FD63137AF519443FAE571EE15F7C4A6C1105C.JPEG",
    "cantidad_archivos": 1,
    "archivos_fuente": [
      "Pictures/Fototeca de Fotos.photoslibrary/resources/derivatives/F/FD63137A-F519-443F-AE57-1EE15F7C4A6C_1_105_c.jpeg"
    ],
    "ultima_modificacion": "2025-08-01 01:01:05.136447"
  },
  "fdbc7c2db6ed437d9cbebcb05fe254511105c.jpeg": {
    "app_sintetizada": "FDBC7C2DB6ED437D9CBEBCB05FE254511105C.JPEG",
    "cantidad_archivos": 1,
    "archivos_fuente": [
      "Pictures/Fototeca de Fotos.photoslibrary/resources/derivatives/F/FDBC7C2D-B6ED-437D-9CBE-BCB05FE25451_1_105_c.jpeg"
    ],
    "ultima_modificacion": "2025-08-01 01:01:05.136770"
  },
  "f3c3251818c04c2099dfee129477e27d1105c.jpeg": {
    "app_sintetizada": "F3C3251818C04C2099DFEE129477E27D1105C.JPEG",
    "cantidad_archivos": 1,
    "archivos_fuente": [
      "Pictures/Fototeca de Fotos.photoslibrary/resources/derivatives/F/F3C32518-18C0-4C20-99DF-EE129477E27D_1_105_c.jpeg"
    ],
    "ultima_modificacion": "2025-08-01 01:01:05.137053"
  },
  "f5dd934539df490489ece17f04d11a7e1105c.jpeg": {
    "app_sintetizada": "F5DD934539DF490489ECE17F04D11A7E1105C.JPEG",
    "cantidad_archivos": 1,
    "archivos_fuente": [
      "Pictures/Fototeca de Fotos.photoslibrary/resources/derivatives/F/F5DD9345-39DF-4904-89EC-E17F04D11A7E_1_105_c.jpeg"
    ],
    "ultima_modificacion": "2025-08-01 01:01:05.137342"
  },
  "fee85b7a90e248a8a10fab35960f6f0d1105c.jpeg": {
    "app_sintetizada": "FEE85B7A90E248A8A10FAB35960F6F0D1105C.JPEG",
    "cantidad_archivos": 1,
    "archivos_fuente": [
      "Pictures/Fototeca de Fotos.photoslibrary/resources/derivatives/F/FEE85B7A-90E2-48A8-A10F-AB35960F6F0D_1_105_c.jpeg"
    ],
    "ultima_modificacion": "2025-08-01 01:01:05.137630"
  },
  "f2c325bcc4734a568c8d8a06ba97e5461105c.jpeg": {
    "app_sintetizada": "F2C325BCC4734A568C8D8A06BA97E5461105C.JPEG",
    "cantidad_archivos": 1,
    "archivos_fuente": [
      "Pictures/Fototeca de Fotos.photoslibrary/resources/derivatives/F/F2C325BC-C473-4A56-8C8D-8A06BA97E546_1_105_c.jpeg"
    ],
    "ultima_modificacion": "2025-08-01 01:01:05.137914"
  },
  "f3cdbd25b8e54a7293e8620b50bdc0661105c.jpeg": {
    "app_sintetizada": "F3CDBD25B8E54A7293E8620B50BDC0661105C.JPEG",
    "cantidad_archivos": 1,
    "archivos_fuente": [
      "Pictures/Fototeca de Fotos.photoslibrary/resources/derivatives/F/F3CDBD25-B8E5-4A72-93E8-620B50BDC066_1_105_c.jpeg"
    ],
    "ultima_modificacion": "2025-08-01 01:01:05.138197"
  },
  "f9d866a603cf4849a8154d5964d0e1c71105c.jpeg": {
    "app_sintetizada": "F9D866A603CF4849A8154D5964D0E1C71105C.JPEG",
    "cantidad_archivos": 1,
    "archivos_fuente": [
      "Pictures/Fototeca de Fotos.photoslibrary/resources/derivatives/F/F9D866A6-03CF-4849-A815-4D5964D0E1C7_1_105_c.jpeg"
    ],
    "ultima_modificacion": "2025-08-01 01:01:05.138480"
  },
  "fd5e67ef5c654b758e6f5ec3f59a1d341105c.jpeg": {
    "app_sintetizada": "FD5E67EF5C654B758E6F5EC3F59A1D341105C.JPEG",
    "cantidad_archivos": 1,
    "archivos_fuente": [
      "Pictures/Fototeca de Fotos.photoslibrary/resources/derivatives/F/FD5E67EF-5C65-4B75-8E6F-5EC3F59A1D34_1_105_c.jpeg"
    ],
    "ultima_modificacion": "2025-08-01 01:01:05.138757"
  },
  "f1851c938fc44df79f5982162ad802601105c.jpeg": {
    "app_sintetizada": "F1851C938FC44DF79F5982162AD802601105C.JPEG",
    "cantidad_archivos": 1,
    "archivos_fuente": [
      "Pictures/Fototeca de Fotos.photoslibrary/resources/derivatives/F/F1851C93-8FC4-4DF7-9F59-82162AD80260_1_105_c.jpeg"
    ],
    "ultima_modificacion": "2025-08-01 01:01:05.139066"
  },
  "fb202b07d25a40f6af74ff8ee0bc6c561105c.jpeg": {
    "app_sintetizada": "FB202B07D25A40F6AF74FF8EE0BC6C561105C.JPEG",
    "cantidad_archivos": 1,
    "archivos_fuente": [
      "Pictures/Fototeca de Fotos.photoslibrary/resources/derivatives/F/FB202B07-D25A-40F6-AF74-FF8EE0BC6C56_1_105_c.jpeg"
    ],
    "ultima_modificacion": "2025-08-01 01:01:05.139366"
  },
  "f9700a9cc2f145b09fb18e4792cb148a1105c.jpeg": {
    "app_sintetizada": "F9700A9CC2F145B09FB18E4792CB148A1105C.JPEG",
    "cantidad_archivos": 1,
    "archivos_fuente": [
      "Pictures/Fototeca de Fotos.photoslibrary/resources/derivatives/F/F9700A9C-C2F1-45B0-9FB1-8E4792CB148A_1_105_c.jpeg"
    ],
    "ultima_modificacion": "2025-08-01 01:01:05.139654"
  },
  "f2f0f0bcffc4463eb5a3d2bdd501b36c1105c.jpeg": {
    "app_sintetizada": "F2F0F0BCFFC4463EB5A3D2BDD501B36C1105C.JPEG",
    "cantidad_archivos": 1,
    "archivos_fuente": [
      "Pictures/Fototeca de Fotos.photoslibrary/resources/derivatives/F/F2F0F0BC-FFC4-463E-B5A3-D2BDD501B36C_1_105_c.jpeg"
    ],
    "ultima_modificacion": "2025-08-01 01:01:05.139951"
  },
  "fe02972f4c87476da3383abd2c04d5e41105c.jpeg": {
    "app_sintetizada": "FE02972F4C87476DA3383ABD2C04D5E41105C.JPEG",
    "cantidad_archivos": 1,
    "archivos_fuente": [
      "Pictures/Fototeca de Fotos.photoslibrary/resources/derivatives/F/FE02972F-4C87-476D-A338-3ABD2C04D5E4_1_105_c.jpeg"
    ],
    "ultima_modificacion": "2025-08-01 01:01:05.140449"
  },
  "f92f1dc01e204fe690f2f3b78e47e2261105c.jpeg": {
    "app_sintetizada": "F92F1DC01E204FE690F2F3B78E47E2261105C.JPEG",
    "cantidad_archivos": 1,
    "archivos_fuente": [
      "Pictures/Fototeca de Fotos.photoslibrary/resources/derivatives/F/F92F1DC0-1E20-4FE6-90F2-F3B78E47E226_1_105_c.jpeg"
    ],
    "ultima_modificacion": "2025-08-01 01:01:05.141143"
  },
  "f18745a45aa740bf9d02e030f843da2d1105c.jpeg": {
    "app_sintetizada": "F18745A45AA740BF9D02E030F843DA2D1105C.JPEG",
    "cantidad_archivos": 1,
    "archivos_fuente": [
      "Pictures/Fototeca de Fotos.photoslibrary/resources/derivatives/F/F18745A4-5AA7-40BF-9D02-E030F843DA2D_1_105_c.jpeg"
    ],
    "ultima_modificacion": "2025-08-01 01:01:05.141988"
  },
  "f09da7b84df54aa3a33fe9240f7ca61a1105c.jpeg": {
    "app_sintetizada": "F09DA7B84DF54AA3A33FE9240F7CA61A1105C.JPEG",
    "cantidad_archivos": 1,
    "archivos_fuente": [
      "Pictures/Fototeca de Fotos.photoslibrary/resources/derivatives/F/F09DA7B8-4DF5-4AA3-A33F-E9240F7CA61A_1_105_c.jpeg"
    ],
    "ultima_modificacion": "2025-08-01 01:01:05.142406"
  },
  "f74655d560a84ae8b3d2e51a2e5564991105c.jpeg": {
    "app_sintetizada": "F74655D560A84AE8B3D2E51A2E5564991105C.JPEG",
    "cantidad_archivos": 1,
    "archivos_fuente": [
      "Pictures/Fototeca de Fotos.photoslibrary/resources/derivatives/F/F74655D5-60A8-4AE8-B3D2-E51A2E556499_1_105_c.jpeg"
    ],
    "ultima_modificacion": "2025-08-01 01:01:05.144115"
  },
  "ff8d0db6fecc455fb75f481e7d5220d21105c.jpeg": {
    "app_sintetizada": "FF8D0DB6FECC455FB75F481E7D5220D21105C.JPEG",
    "cantidad_archivos": 1,
    "archivos_fuente": [
      "Pictures/Fototeca de Fotos.photoslibrary/resources/derivatives/F/FF8D0DB6-FECC-455F-B75F-481E7D5220D2_1_105_c.jpeg"
    ],
    "ultima_modificacion": "2025-08-01 01:01:05.144742"
  },
  "fd3037275d7e40349a3927102f2098311105c.jpeg": {
    "app_sintetizada": "FD3037275D7E40349A3927102F2098311105C.JPEG",
    "cantidad_archivos": 1,
    "archivos_fuente": [
      "Pictures/Fototeca de Fotos.photoslibrary/resources/derivatives/F/FD303727-5D7E-4034-9A39-27102F209831_1_105_c.jpeg"
    ],
    "ultima_modificacion": "2025-08-01 01:01:05.145085"
  },
  "f3456cb77d69412491eba223a53dbf181105c.jpeg": {
    "app_sintetizada": "F3456CB77D69412491EBA223A53DBF181105C.JPEG",
    "cantidad_archivos": 1,
    "archivos_fuente": [
      "Pictures/Fototeca de Fotos.photoslibrary/resources/derivatives/F/F3456CB7-7D69-4124-91EB-A223A53DBF18_1_105_c.jpeg"
    ],
    "ultima_modificacion": "2025-08-01 01:01:05.145724"
  },
  "fceb66f7ec764a7f930641ddff8aa7941105c.jpeg": {
    "app_sintetizada": "FCEB66F7EC764A7F930641DDFF8AA7941105C.JPEG",
    "cantidad_archivos": 1,
    "archivos_fuente": [
      "Pictures/Fototeca de Fotos.photoslibrary/resources/derivatives/F/FCEB66F7-EC76-4A7F-9306-41DDFF8AA794_1_105_c.jpeg"
    ],
    "ultima_modificacion": "2025-08-01 01:01:05.146384"
  },
  "f2b11d0acf8d4c10adea310733dc9e601105c.jpeg": {
    "app_sintetizada": "F2B11D0ACF8D4C10ADEA310733DC9E601105C.JPEG",
    "cantidad_archivos": 1,
    "archivos_fuente": [
      "Pictures/Fototeca de Fotos.photoslibrary/resources/derivatives/F/F2B11D0A-CF8D-4C10-ADEA-310733DC9E60_1_105_c.jpeg"
    ],
    "ultima_modificacion": "2025-08-01 01:01:05.146821"
  },
  "f0eb0f6924a24a93ab284790e2f28ec31105c.jpeg": {
    "app_sintetizada": "F0EB0F6924A24A93AB284790E2F28EC31105C.JPEG",
    "cantidad_archivos": 1,
    "archivos_fuente": [
      "Pictures/Fototeca de Fotos.photoslibrary/resources/derivatives/F/F0EB0F69-24A2-4A93-AB28-4790E2F28EC3_1_105_c.jpeg"
    ],
    "ultima_modificacion": "2025-08-01 01:01:05.147295"
  },
  "fadcf4d458ea4f9a9d09696aa030cb441105c.jpeg": {
    "app_sintetizada": "FADCF4D458EA4F9A9D09696AA030CB441105C.JPEG",
    "cantidad_archivos": 1,
    "archivos_fuente": [
      "Pictures/Fototeca de Fotos.photoslibrary/resources/derivatives/F/FADCF4D4-58EA-4F9A-9D09-696AA030CB44_1_105_c.jpeg"
    ],
    "ultima_modificacion": "2025-08-01 01:01:05.147635"
  },
  "f4fb7ca662df4ed79254b3ea792077a41105c.jpeg": {
    "app_sintetizada": "F4FB7CA662DF4ED79254B3EA792077A41105C.JPEG",
    "cantidad_archivos": 1,
    "archivos_fuente": [
      "Pictures/Fototeca de Fotos.photoslibrary/resources/derivatives/F/F4FB7CA6-62DF-4ED7-9254-B3EA792077A4_1_105_c.jpeg"
    ],
    "ultima_modificacion": "2025-08-01 01:01:05.147957"
  },
  "f6ca8dedb0cf4e988c21d3f06407cb101105c.jpeg": {
    "app_sintetizada": "F6CA8DEDB0CF4E988C21D3F06407CB101105C.JPEG",
    "cantidad_archivos": 1,
    "archivos_fuente": [
      "Pictures/Fototeca de Fotos.photoslibrary/resources/derivatives/F/F6CA8DED-B0CF-4E98-8C21-D3F06407CB10_1_105_c.jpeg"
    ],
    "ultima_modificacion": "2025-08-01 01:01:05.148313"
  },
  "f27df8186e92474ba4b2b7a32883ef6f.thm": {
    "app_sintetizada": "F27DF8186E92474BA4B2B7A32883EF6F.THM",
    "cantidad_archivos": 1,
    "archivos_fuente": [
      "Pictures/Fototeca de Fotos.photoslibrary/resources/derivatives/F/F27DF818-6E92-474B-A4B2-B7A32883EF6F.THM"
    ],
    "ultima_modificacion": "2025-08-01 01:01:05.148626"
  },
  "fd7a22a053334e65967e09a5e77e8c991105c.jpeg": {
    "app_sintetizada": "FD7A22A053334E65967E09A5E77E8C991105C.JPEG",
    "cantidad_archivos": 1,
    "archivos_fuente": [
      "Pictures/Fototeca de Fotos.photoslibrary/resources/derivatives/F/FD7A22A0-5333-4E65-967E-09A5E77E8C99_1_105_c.jpeg"
    ],
    "ultima_modificacion": "2025-08-01 01:01:05.149273"
  },
  "f9c70c8873fd433db42d872a13f5d5ca1105c.jpeg": {
    "app_sintetizada": "F9C70C8873FD433DB42D872A13F5D5CA1105C.JPEG",
    "cantidad_archivos": 1,
    "archivos_fuente": [
      "Pictures/Fototeca de Fotos.photoslibrary/resources/derivatives/F/F9C70C88-73FD-433D-B42D-872A13F5D5CA_1_105_c.jpeg"
    ],
    "ultima_modificacion": "2025-08-01 01:01:05.149969"
  },
  "fc9727bf04c347beba714bda282bdc2c1105c.jpeg": {
    "app_sintetizada": "FC9727BF04C347BEBA714BDA282BDC2C1105C.JPEG",
    "cantidad_archivos": 1,
    "archivos_fuente": [
      "Pictures/Fototeca de Fotos.photoslibrary/resources/derivatives/F/FC9727BF-04C3-47BE-BA71-4BDA282BDC2C_1_105_c.jpeg"
    ],
    "ultima_modificacion": "2025-08-01 01:01:05.150406"
  },
  "f0c0d83994844e67b6e8185219b062d61105c.jpeg": {
    "app_sintetizada": "F0C0D83994844E67B6E8185219B062D61105C.JPEG",
    "cantidad_archivos": 1,
    "archivos_fuente": [
      "Pictures/Fototeca de Fotos.photoslibrary/resources/derivatives/F/F0C0D839-9484-4E67-B6E8-185219B062D6_1_105_c.jpeg"
    ],
    "ultima_modificacion": "2025-08-01 01:01:05.150755"
  },
  "fc319a6e4e734322a70051d0e4bab2e81105c.jpeg": {
    "app_sintetizada": "FC319A6E4E734322A70051D0E4BAB2E81105C.JPEG",
    "cantidad_archivos": 1,
    "archivos_fuente": [
      "Pictures/Fototeca de Fotos.photoslibrary/resources/derivatives/F/FC319A6E-4E73-4322-A700-51D0E4BAB2E8_1_105_c.jpeg"
    ],
    "ultima_modificacion": "2025-08-01 01:01:05.151160"
  },
  "f75ea97945cb4a9b981a8825c8a466771102o.jpeg": {
    "app_sintetizada": "F75EA97945CB4A9B981A8825C8A466771102O.JPEG",
    "cantidad_archivos": 1,
    "archivos_fuente": [
      "Pictures/Fototeca de Fotos.photoslibrary/resources/derivatives/F/F75EA979-45CB-4A9B-981A-8825C8A46677_1_102_o.jpeg"
    ],
    "ultima_modificacion": "2025-08-01 01:01:05.151479"
  },
  "fcea7da1a79e4f56a3fc7a749ad5cfa21105c.jpeg": {
    "app_sintetizada": "FCEA7DA1A79E4F56A3FC7A749AD5CFA21105C.JPEG",
    "cantidad_archivos": 1,
    "archivos_fuente": [
      "Pictures/Fototeca de Fotos.photoslibrary/resources/derivatives/F/FCEA7DA1-A79E-4F56-A3FC-7A749AD5CFA2_1_105_c.jpeg"
    ],
    "ultima_modificacion": "2025-08-01 01:01:05.151769"
  },
  "f0da45929b294d4eafe8eb7a757c1d471105c.jpeg": {
    "app_sintetizada": "F0DA45929B294D4EAFE8EB7A757C1D471105C.JPEG",
    "cantidad_archivos": 1,
    "archivos_fuente": [
      "Pictures/Fototeca de Fotos.photoslibrary/resources/derivatives/F/F0DA4592-9B29-4D4E-AFE8-EB7A757C1D47_1_105_c.jpeg"
    ],
    "ultima_modificacion": "2025-08-01 01:01:05.152073"
  },
  "fe57e2e4267443c8963fb9f8d877e71a.thm": {
    "app_sintetizada": "FE57E2E4267443C8963FB9F8D877E71A.THM",
    "cantidad_archivos": 1,
    "archivos_fuente": [
      "Pictures/Fototeca de Fotos.photoslibrary/resources/derivatives/F/FE57E2E4-2674-43C8-963F-B9F8D877E71A.THM"
    ],
    "ultima_modificacion": "2025-08-01 01:01:05.152392"
  },
  "feabf3d98bbe413e926bd72dd8eaf63d1105c.jpeg": {
    "app_sintetizada": "FEABF3D98BBE413E926BD72DD8EAF63D1105C.JPEG",
    "cantidad_archivos": 1,
    "archivos_fuente": [
      "Pictures/Fototeca de Fotos.photoslibrary/resources/derivatives/F/FEABF3D9-8BBE-413E-926B-D72DD8EAF63D_1_105_c.jpeg"
    ],
    "ultima_modificacion": "2025-08-01 01:01:05.152704"
  },
  "f1081cc968f2464594bddf838d94b9961105c.jpeg": {
    "app_sintetizada": "F1081CC968F2464594BDDF838D94B9961105C.JPEG",
    "cantidad_archivos": 1,
    "archivos_fuente": [
      "Pictures/Fototeca de Fotos.photoslibrary/resources/derivatives/F/F1081CC9-68F2-4645-94BD-DF838D94B996_1_105_c.jpeg"
    ],
    "ultima_modificacion": "2025-08-01 01:01:05.152999"
  },
  "f84dd31030654d33b62404c86752a9981105c.jpeg": {
    "app_sintetizada": "F84DD31030654D33B62404C86752A9981105C.JPEG",
    "cantidad_archivos": 1,
    "archivos_fuente": [
      "Pictures/Fototeca de Fotos.photoslibrary/resources/derivatives/F/F84DD310-3065-4D33-B624-04C86752A998_1_105_c.jpeg"
    ],
    "ultima_modificacion": "2025-08-01 01:01:05.153279"
  },
  "f4f081d286404a9895e429f702fdf7611105c.jpeg": {
    "app_sintetizada": "F4F081D286404A9895E429F702FDF7611105C.JPEG",
    "cantidad_archivos": 1,
    "archivos_fuente": [
      "Pictures/Fototeca de Fotos.photoslibrary/resources/derivatives/F/F4F081D2-8640-4A98-95E4-29F702FDF761_1_105_c.jpeg"
    ],
    "ultima_modificacion": "2025-08-01 01:01:05.153591"
  },
  "ff92cff4cc10443d9f2df58250974f661105c.jpeg": {
    "app_sintetizada": "FF92CFF4CC10443D9F2DF58250974F661105C.JPEG",
    "cantidad_archivos": 1,
    "archivos_fuente": [
      "Pictures/Fototeca de Fotos.photoslibrary/resources/derivatives/F/FF92CFF4-CC10-443D-9F2D-F58250974F66_1_105_c.jpeg"
    ],
    "ultima_modificacion": "2025-08-01 01:01:05.153908"
  },
  "f67478a3225a469596ec4b33fe81fa851105c.jpeg": {
    "app_sintetizada": "F67478A3225A469596EC4B33FE81FA851105C.JPEG",
    "cantidad_archivos": 1,
    "archivos_fuente": [
      "Pictures/Fototeca de Fotos.photoslibrary/resources/derivatives/F/F67478A3-225A-4695-96EC-4B33FE81FA85_1_105_c.jpeg"
    ],
    "ultima_modificacion": "2025-08-01 01:01:05.154227"
  },
  "f5ec40bc52af4b14b9d02e59696d6db21105c.jpeg": {
    "app_sintetizada": "F5EC40BC52AF4B14B9D02E59696D6DB21105C.JPEG",
    "cantidad_archivos": 1,
    "archivos_fuente": [
      "Pictures/Fototeca de Fotos.photoslibrary/resources/derivatives/F/F5EC40BC-52AF-4B14-B9D0-2E59696D6DB2_1_105_c.jpeg"
    ],
    "ultima_modificacion": "2025-08-01 01:01:05.154548"
  },
  "fb73cd5190a141e781fd4d4b9db51d8c1105c.jpeg": {
    "app_sintetizada": "FB73CD5190A141E781FD4D4B9DB51D8C1105C.JPEG",
    "cantidad_archivos": 1,
    "archivos_fuente": [
      "Pictures/Fototeca de Fotos.photoslibrary/resources/derivatives/F/FB73CD51-90A1-41E7-81FD-4D4B9DB51D8C_1_105_c.jpeg"
    ],
    "ultima_modificacion": "2025-08-01 01:01:05.154869"
  },
  "f9f9354e49fd432596ec64a1e112f0ed1105c.jpeg": {
    "app_sintetizada": "F9F9354E49FD432596EC64A1E112F0ED1105C.JPEG",
    "cantidad_archivos": 1,
    "archivos_fuente": [
      "Pictures/Fototeca de Fotos.photoslibrary/resources/derivatives/F/F9F9354E-49FD-4325-96EC-64A1E112F0ED_1_105_c.jpeg"
    ],
    "ultima_modificacion": "2025-08-01 01:01:05.155187"
  },
  "fc3738871acd4b608ffc50240b558a311105c.jpeg": {
    "app_sintetizada": "FC3738871ACD4B608FFC50240B558A311105C.JPEG",
    "cantidad_archivos": 1,
    "archivos_fuente": [
      "Pictures/Fototeca de Fotos.photoslibrary/resources/derivatives/F/FC373887-1ACD-4B60-8FFC-50240B558A31_1_105_c.jpeg"
    ],
    "ultima_modificacion": "2025-08-01 01:01:05.155509"
  },
  "fbca277766724e389209dd39bc1fb906.thm": {
    "app_sintetizada": "FBCA277766724E389209DD39BC1FB906.THM",
    "cantidad_archivos": 1,
    "archivos_fuente": [
      "Pictures/Fototeca de Fotos.photoslibrary/resources/derivatives/F/FBCA2777-6672-4E38-9209-DD39BC1FB906.THM"
    ],
    "ultima_modificacion": "2025-08-01 01:01:05.155810"
  },
  "f06e9026babd4f219bc51059505b8a7a1105c.jpeg": {
    "app_sintetizada": "F06E9026BABD4F219BC51059505B8A7A1105C.JPEG",
    "cantidad_archivos": 1,
    "archivos_fuente": [
      "Pictures/Fototeca de Fotos.photoslibrary/resources/derivatives/F/F06E9026-BABD-4F21-9BC5-1059505B8A7A_1_105_c.jpeg"
    ],
    "ultima_modificacion": "2025-08-01 01:01:05.156151"
  },
  "f629f6b241614514bedbf08b3a4419bb1105c.jpeg": {
    "app_sintetizada": "F629F6B241614514BEDBF08B3A4419BB1105C.JPEG",
    "cantidad_archivos": 1,
    "archivos_fuente": [
      "Pictures/Fototeca de Fotos.photoslibrary/resources/derivatives/F/F629F6B2-4161-4514-BEDB-F08B3A4419BB_1_105_c.jpeg"
    ],
    "ultima_modificacion": "2025-08-01 01:01:05.156463"
  },
  "f963b1084d88401c9822248a6394a0101105c.jpeg": {
    "app_sintetizada": "F963B1084D88401C9822248A6394A0101105C.JPEG",
    "cantidad_archivos": 1,
    "archivos_fuente": [
      "Pictures/Fototeca de Fotos.photoslibrary/resources/derivatives/F/F963B108-4D88-401C-9822-248A6394A010_1_105_c.jpeg"
    ],
    "ultima_modificacion": "2025-08-01 01:01:05.156859"
  },
  "f1e2190645294dadb782690834a3b5751105c.jpeg": {
    "app_sintetizada": "F1E2190645294DADB782690834A3B5751105C.JPEG",
    "cantidad_archivos": 1,
    "archivos_fuente": [
      "Pictures/Fototeca de Fotos.photoslibrary/resources/derivatives/F/F1E21906-4529-4DAD-B782-690834A3B575_1_105_c.jpeg"
    ],
    "ultima_modificacion": "2025-08-01 01:01:05.157537"
  },
  "f40244ec0da94f57a50204a71c254c1c1105c.jpeg": {
    "app_sintetizada": "F40244EC0DA94F57A50204A71C254C1C1105C.JPEG",
    "cantidad_archivos": 1,
    "archivos_fuente": [
      "Pictures/Fototeca de Fotos.photoslibrary/resources/derivatives/F/F40244EC-0DA9-4F57-A502-04A71C254C1C_1_105_c.jpeg"
    ],
    "ultima_modificacion": "2025-08-01 01:01:05.158604"
  },
  "f5b678edc4e44a7485bad741f2b6617a1105c.jpeg": {
    "app_sintetizada": "F5B678EDC4E44A7485BAD741F2B6617A1105C.JPEG",
    "cantidad_archivos": 1,
    "archivos_fuente": [
      "Pictures/Fototeca de Fotos.photoslibrary/resources/derivatives/F/F5B678ED-C4E4-4A74-85BA-D741F2B6617A_1_105_c.jpeg"
    ],
    "ultima_modificacion": "2025-08-01 01:01:05.159009"
  },
  "fbb5c7eeefa54d8d9bc6c1ff45b3e0841105c.jpeg": {
    "app_sintetizada": "FBB5C7EEEFA54D8D9BC6C1FF45B3E0841105C.JPEG",
    "cantidad_archivos": 1,
    "archivos_fuente": [
      "Pictures/Fototeca de Fotos.photoslibrary/resources/derivatives/F/FBB5C7EE-EFA5-4D8D-9BC6-C1FF45B3E084_1_105_c.jpeg"
    ],
    "ultima_modificacion": "2025-08-01 01:01:05.159403"
  },
  "ff9e8f10685a49d2adf01315eef706f91105c.jpeg": {
    "app_sintetizada": "FF9E8F10685A49D2ADF01315EEF706F91105C.JPEG",
    "cantidad_archivos": 1,
    "archivos_fuente": [
      "Pictures/Fototeca de Fotos.photoslibrary/resources/derivatives/F/FF9E8F10-685A-49D2-ADF0-1315EEF706F9_1_105_c.jpeg"
    ],
    "ultima_modificacion": "2025-08-01 01:01:05.159757"
  },
  "fbda7e5f85a645568a512cb0425affca1105c.jpeg": {
    "app_sintetizada": "FBDA7E5F85A645568A512CB0425AFFCA1105C.JPEG",
    "cantidad_archivos": 1,
    "archivos_fuente": [
      "Pictures/Fototeca de Fotos.photoslibrary/resources/derivatives/F/FBDA7E5F-85A6-4556-8A51-2CB0425AFFCA_1_105_c.jpeg"
    ],
    "ultima_modificacion": "2025-08-01 01:01:05.160084"
  },
  "fb2ed5e94bdd4f0aaaa8cdf3299c453b1102o.jpeg": {
    "app_sintetizada": "FB2ED5E94BDD4F0AAAA8CDF3299C453B1102O.JPEG",
    "cantidad_archivos": 1,
    "archivos_fuente": [
      "Pictures/Fototeca de Fotos.photoslibrary/resources/derivatives/F/FB2ED5E9-4BDD-4F0A-AAA8-CDF3299C453B_1_102_o.jpeg"
    ],
    "ultima_modificacion": "2025-08-01 01:01:05.160438"
  },
  "f7fffb525d8b4dbead3d489b39a75ee01105c.jpeg": {
    "app_sintetizada": "F7FFFB525D8B4DBEAD3D489B39A75EE01105C.JPEG",
    "cantidad_archivos": 1,
    "archivos_fuente": [
      "Pictures/Fototeca de Fotos.photoslibrary/resources/derivatives/F/F7FFFB52-5D8B-4DBE-AD3D-489B39A75EE0_1_105_c.jpeg"
    ],
    "ultima_modificacion": "2025-08-01 01:01:05.160807"
  },
  "faf54c3980a5469585f17281175f935f1105c.jpeg": {
    "app_sintetizada": "FAF54C3980A5469585F17281175F935F1105C.JPEG",
    "cantidad_archivos": 1,
    "archivos_fuente": [
      "Pictures/Fototeca de Fotos.photoslibrary/resources/derivatives/F/FAF54C39-80A5-4695-85F1-7281175F935F_1_105_c.jpeg"
    ],
    "ultima_modificacion": "2025-08-01 01:01:05.161167"
  },
  "f637205a7c7f4ecbafbd1b3ff5d275881105c.jpeg": {
    "app_sintetizada": "F637205A7C7F4ECBAFBD1B3FF5D275881105C.JPEG",
    "cantidad_archivos": 1,
    "archivos_fuente": [
      "Pictures/Fototeca de Fotos.photoslibrary/resources/derivatives/F/F637205A-7C7F-4ECB-AFBD-1B3FF5D27588_1_105_c.jpeg"
    ],
    "ultima_modificacion": "2025-08-01 01:01:05.161456"
  },
  "f1c7b7adc3ee4f4f9afb792debee8a48.thm": {
    "app_sintetizada": "F1C7B7ADC3EE4F4F9AFB792DEBEE8A48.THM",
    "cantidad_archivos": 1,
    "archivos_fuente": [
      "Pictures/Fototeca de Fotos.photoslibrary/resources/derivatives/F/F1C7B7AD-C3EE-4F4F-9AFB-792DEBEE8A48.THM"
    ],
    "ultima_modificacion": "2025-08-01 01:01:05.161722"
  },
  "fa25ef0061cf4d0b905eb3cd895e77061105c.jpeg": {
    "app_sintetizada": "FA25EF0061CF4D0B905EB3CD895E77061105C.JPEG",
    "cantidad_archivos": 1,
    "archivos_fuente": [
      "Pictures/Fototeca de Fotos.photoslibrary/resources/derivatives/F/FA25EF00-61CF-4D0B-905E-B3CD895E7706_1_105_c.jpeg"
    ],
    "ultima_modificacion": "2025-08-01 01:01:05.162041"
  },
  "f8fec8ca16164283921ad905733fb71d1105c.jpeg": {
    "app_sintetizada": "F8FEC8CA16164283921AD905733FB71D1105C.JPEG",
    "cantidad_archivos": 1,
    "archivos_fuente": [
      "Pictures/Fototeca de Fotos.photoslibrary/resources/derivatives/F/F8FEC8CA-1616-4283-921A-D905733FB71D_1_105_c.jpeg"
    ],
    "ultima_modificacion": "2025-08-01 01:01:05.162301"
  },
  "f371de24e3e5469b9e6cc52be3312d501105c.jpeg": {
    "app_sintetizada": "F371DE24E3E5469B9E6CC52BE3312D501105C.JPEG",
    "cantidad_archivos": 1,
    "archivos_fuente": [
      "Pictures/Fototeca de Fotos.photoslibrary/resources/derivatives/F/F371DE24-E3E5-469B-9E6C-C52BE3312D50_1_105_c.jpeg"
    ],
    "ultima_modificacion": "2025-08-01 01:01:05.162607"
  },
  "f13588ddd0624b6f9cfe879f4936ded2.thm": {
    "app_sintetizada": "F13588DDD0624B6F9CFE879F4936DED2.THM",
    "cantidad_archivos": 1,
    "archivos_fuente": [
      "Pictures/Fototeca de Fotos.photoslibrary/resources/derivatives/F/F13588DD-D062-4B6F-9CFE-879F4936DED2.THM"
    ],
    "ultima_modificacion": "2025-08-01 01:01:05.163320"
  },
  "f95815191a6b4117b141a3ce01d0f94d1105c.jpeg": {
    "app_sintetizada": "F95815191A6B4117B141A3CE01D0F94D1105C.JPEG",
    "cantidad_archivos": 1,
    "archivos_fuente": [
      "Pictures/Fototeca de Fotos.photoslibrary/resources/derivatives/F/F9581519-1A6B-4117-B141-A3CE01D0F94D_1_105_c.jpeg"
    ],
    "ultima_modificacion": "2025-08-01 01:01:05.163768"
  },
  "f11c0133f76e4822b678c64e81121f2e1105c.jpeg": {
    "app_sintetizada": "F11C0133F76E4822B678C64E81121F2E1105C.JPEG",
    "cantidad_archivos": 1,
    "archivos_fuente": [
      "Pictures/Fototeca de Fotos.photoslibrary/resources/derivatives/F/F11C0133-F76E-4822-B678-C64E81121F2E_1_105_c.jpeg"
    ],
    "ultima_modificacion": "2025-08-01 01:01:05.164144"
  },
  "f5806f0f5fa74b539701045a684ea7e8.thm": {
    "app_sintetizada": "F5806F0F5FA74B539701045A684EA7E8.THM",
    "cantidad_archivos": 1,
    "archivos_fuente": [
      "Pictures/Fototeca de Fotos.photoslibrary/resources/derivatives/F/F5806F0F-5FA7-4B53-9701-045A684EA7E8.THM"
    ],
    "ultima_modificacion": "2025-08-01 01:01:05.164532"
  },
  "fd014cd3e05c4a7ebd53ba58ac6fbaab1105c.jpeg": {
    "app_sintetizada": "FD014CD3E05C4A7EBD53BA58AC6FBAAB1105C.JPEG",
    "cantidad_archivos": 1,
    "archivos_fuente": [
      "Pictures/Fototeca de Fotos.photoslibrary/resources/derivatives/F/FD014CD3-E05C-4A7E-BD53-BA58AC6FBAAB_1_105_c.jpeg"
    ],
    "ultima_modificacion": "2025-08-01 01:01:05.164929"
  },
  "f4b699e582684cab8bfe1af8e437dadc1105c.jpeg": {
    "app_sintetizada": "F4B699E582684CAB8BFE1AF8E437DADC1105C.JPEG",
    "cantidad_archivos": 1,
    "archivos_fuente": [
      "Pictures/Fototeca de Fotos.photoslibrary/resources/derivatives/F/F4B699E5-8268-4CAB-8BFE-1AF8E437DADC_1_105_c.jpeg"
    ],
    "ultima_modificacion": "2025-08-01 01:01:05.165400"
  },
  "fb7ee668f5234652b713c6c01d9987a41105c.jpeg": {
    "app_sintetizada": "FB7EE668F5234652B713C6C01D9987A41105C.JPEG",
    "cantidad_archivos": 1,
    "archivos_fuente": [
      "Pictures/Fototeca de Fotos.photoslibrary/resources/derivatives/F/FB7EE668-F523-4652-B713-C6C01D9987A4_1_105_c.jpeg"
    ],
    "ultima_modificacion": "2025-08-01 01:01:05.165706"
  },
  "f60025a31047416e85206c4ea1664fa41105c.jpeg": {
    "app_sintetizada": "F60025A31047416E85206C4EA1664FA41105C.JPEG",
    "cantidad_archivos": 1,
    "archivos_fuente": [
      "Pictures/Fototeca de Fotos.photoslibrary/resources/derivatives/F/F60025A3-1047-416E-8520-6C4EA1664FA4_1_105_c.jpeg"
    ],
    "ultima_modificacion": "2025-08-01 01:01:05.166337"
  },
  "f08c78bf0ad64f3ab924cc9d39a22e3d1105c.jpeg": {
    "app_sintetizada": "F08C78BF0AD64F3AB924CC9D39A22E3D1105C.JPEG",
    "cantidad_archivos": 1,
    "archivos_fuente": [
      "Pictures/Fototeca de Fotos.photoslibrary/resources/derivatives/F/F08C78BF-0AD6-4F3A-B924-CC9D39A22E3D_1_105_c.jpeg"
    ],
    "ultima_modificacion": "2025-08-01 01:01:05.166846"
  },
  "fda6159636fc48b1b291053622e8c52d1105c.jpeg": {
    "app_sintetizada": "FDA6159636FC48B1B291053622E8C52D1105C.JPEG",
    "cantidad_archivos": 1,
    "archivos_fuente": [
      "Pictures/Fototeca de Fotos.photoslibrary/resources/derivatives/F/FDA61596-36FC-48B1-B291-053622E8C52D_1_105_c.jpeg"
    ],
    "ultima_modificacion": "2025-08-01 01:01:05.167180"
  },
  "f7429c5351f74baca6b212042a5840031105c.jpeg": {
    "app_sintetizada": "F7429C5351F74BACA6B212042A5840031105C.JPEG",
    "cantidad_archivos": 1,
    "archivos_fuente": [
      "Pictures/Fototeca de Fotos.photoslibrary/resources/derivatives/F/F7429C53-51F7-4BAC-A6B2-12042A584003_1_105_c.jpeg"
    ],
    "ultima_modificacion": "2025-08-01 01:01:05.167460"
  },
  "feab1a452f064b4e897b9cd249c244db1105c.jpeg": {
    "app_sintetizada": "FEAB1A452F064B4E897B9CD249C244DB1105C.JPEG",
    "cantidad_archivos": 1,
    "archivos_fuente": [
      "Pictures/Fototeca de Fotos.photoslibrary/resources/derivatives/F/FEAB1A45-2F06-4B4E-897B-9CD249C244DB_1_105_c.jpeg"
    ],
    "ultima_modificacion": "2025-08-01 01:01:05.167806"
  },
  "f40b2f93c0e9496ab7ac65ce0c6e0f9e1105c.jpeg": {
    "app_sintetizada": "F40B2F93C0E9496AB7AC65CE0C6E0F9E1105C.JPEG",
    "cantidad_archivos": 1,
    "archivos_fuente": [
      "Pictures/Fototeca de Fotos.photoslibrary/resources/derivatives/F/F40B2F93-C0E9-496A-B7AC-65CE0C6E0F9E_1_105_c.jpeg"
    ],
    "ultima_modificacion": "2025-08-01 01:01:05.168080"
  },
  "f462018890a24098b65ca5df5a6bdf831105c.jpeg": {
    "app_sintetizada": "F462018890A24098B65CA5DF5A6BDF831105C.JPEG",
    "cantidad_archivos": 1,
    "archivos_fuente": [
      "Pictures/Fototeca de Fotos.photoslibrary/resources/derivatives/F/F4620188-90A2-4098-B65C-A5DF5A6BDF83_1_105_c.jpeg"
    ],
    "ultima_modificacion": "2025-08-01 01:01:05.168387"
  },
  "f60df6797c6c4b5ea97df164da0285771105c.jpeg": {
    "app_sintetizada": "F60DF6797C6C4B5EA97DF164DA0285771105C.JPEG",
    "cantidad_archivos": 1,
    "archivos_fuente": [
      "Pictures/Fototeca de Fotos.photoslibrary/resources/derivatives/F/F60DF679-7C6C-4B5E-A97D-F164DA028577_1_105_c.jpeg"
    ],
    "ultima_modificacion": "2025-08-01 01:01:05.168640"
  },
  "ffa60f93f1f945949c95f7dd8a62e6101105c.jpeg": {
    "app_sintetizada": "FFA60F93F1F945949C95F7DD8A62E6101105C.JPEG",
    "cantidad_archivos": 1,
    "archivos_fuente": [
      "Pictures/Fototeca de Fotos.photoslibrary/resources/derivatives/F/FFA60F93-F1F9-4594-9C95-F7DD8A62E610_1_105_c.jpeg"
    ],
    "ultima_modificacion": "2025-08-01 01:01:05.168887"
  },
  "f1b5381bf9d8492f9d149d8407240dc91105c.jpeg": {
    "app_sintetizada": "F1B5381BF9D8492F9D149D8407240DC91105C.JPEG",
    "cantidad_archivos": 1,
    "archivos_fuente": [
      "Pictures/Fototeca de Fotos.photoslibrary/resources/derivatives/F/F1B5381B-F9D8-492F-9D14-9D8407240DC9_1_105_c.jpeg"
    ],
    "ultima_modificacion": "2025-08-01 01:01:05.169200"
  },
  "f2a5b6b9799a41248f8779b7f95626281105c.jpeg": {
    "app_sintetizada": "F2A5B6B9799A41248F8779B7F95626281105C.JPEG",
    "cantidad_archivos": 1,
    "archivos_fuente": [
      "Pictures/Fototeca de Fotos.photoslibrary/resources/derivatives/F/F2A5B6B9-799A-4124-8F87-79B7F9562628_1_105_c.jpeg"
    ],
    "ultima_modificacion": "2025-08-01 01:01:05.169540"
  },
  "f12a9e6f49eb4e6da1cbe2e137940f3d1105c.jpeg": {
    "app_sintetizada": "F12A9E6F49EB4E6DA1CBE2E137940F3D1105C.JPEG",
    "cantidad_archivos": 1,
    "archivos_fuente": [
      "Pictures/Fototeca de Fotos.photoslibrary/resources/derivatives/F/F12A9E6F-49EB-4E6D-A1CB-E2E137940F3D_1_105_c.jpeg"
    ],
    "ultima_modificacion": "2025-08-01 01:01:05.169817"
  },
  "fe5bca0fcff444b7b476bd4ee173a01e1105c.jpeg": {
    "app_sintetizada": "FE5BCA0FCFF444B7B476BD4EE173A01E1105C.JPEG",
    "cantidad_archivos": 1,
    "archivos_fuente": [
      "Pictures/Fototeca de Fotos.photoslibrary/resources/derivatives/F/FE5BCA0F-CFF4-44B7-B476-BD4EE173A01E_1_105_c.jpeg"
    ],
    "ultima_modificacion": "2025-08-01 01:01:05.170089"
  },
  "f31b511accfe4209b40e82b9205e7732.thm": {
    "app_sintetizada": "F31B511ACCFE4209B40E82B9205E7732.THM",
    "cantidad_archivos": 1,
    "archivos_fuente": [
      "Pictures/Fototeca de Fotos.photoslibrary/resources/derivatives/F/F31B511A-CCFE-4209-B40E-82B9205E7732.THM"
    ],
    "ultima_modificacion": "2025-08-01 01:01:05.170369"
  },
  "f98ded94729e491a82a928980bc7218b1105c.jpeg": {
    "app_sintetizada": "F98DED94729E491A82A928980BC7218B1105C.JPEG",
    "cantidad_archivos": 1,
    "archivos_fuente": [
      "Pictures/Fototeca de Fotos.photoslibrary/resources/derivatives/F/F98DED94-729E-491A-82A9-28980BC7218B_1_105_c.jpeg"
    ],
    "ultima_modificacion": "2025-08-01 01:01:05.170617"
  },
  "fe89c804bae64813bd18ca21aa0a0d5b1105c.jpeg": {
    "app_sintetizada": "FE89C804BAE64813BD18CA21AA0A0D5B1105C.JPEG",
    "cantidad_archivos": 1,
    "archivos_fuente": [
      "Pictures/Fototeca de Fotos.photoslibrary/resources/derivatives/F/FE89C804-BAE6-4813-BD18-CA21AA0A0D5B_1_105_c.jpeg"
    ],
    "ultima_modificacion": "2025-08-01 01:01:05.170858"
  },
  "f2a3232f78584ffc896f3f335406378c1105c.jpeg": {
    "app_sintetizada": "F2A3232F78584FFC896F3F335406378C1105C.JPEG",
    "cantidad_archivos": 1,
    "archivos_fuente": [
      "Pictures/Fototeca de Fotos.photoslibrary/resources/derivatives/F/F2A3232F-7858-4FFC-896F-3F335406378C_1_105_c.jpeg"
    ],
    "ultima_modificacion": "2025-08-01 01:01:05.171185"
  },
  "fd0820fbe1ea46b0ae00196bdff94c501105c.jpeg": {
    "app_sintetizada": "FD0820FBE1EA46B0AE00196BDFF94C501105C.JPEG",
    "cantidad_archivos": 1,
    "archivos_fuente": [
      "Pictures/Fototeca de Fotos.photoslibrary/resources/derivatives/F/FD0820FB-E1EA-46B0-AE00-196BDFF94C50_1_105_c.jpeg"
    ],
    "ultima_modificacion": "2025-08-01 01:01:05.171421"
  },
  "f3d75c504954434c99c893eb757594d91105c.jpeg": {
    "app_sintetizada": "F3D75C504954434C99C893EB757594D91105C.JPEG",
    "cantidad_archivos": 1,
    "archivos_fuente": [
      "Pictures/Fototeca de Fotos.photoslibrary/resources/derivatives/F/F3D75C50-4954-434C-99C8-93EB757594D9_1_105_c.jpeg"
    ],
    "ultima_modificacion": "2025-08-01 01:01:05.171709"
  },
  "fb40a1ecdde34cae815013dc4aa33b5f1105c.jpeg": {
    "app_sintetizada": "FB40A1ECDDE34CAE815013DC4AA33B5F1105C.JPEG",
    "cantidad_archivos": 1,
    "archivos_fuente": [
      "Pictures/Fototeca de Fotos.photoslibrary/resources/derivatives/F/FB40A1EC-DDE3-4CAE-8150-13DC4AA33B5F_1_105_c.jpeg"
    ],
    "ultima_modificacion": "2025-08-01 01:01:05.171959"
  },
  "f29d6fbc7c12469ebba3151c3574c63a1105c.jpeg": {
    "app_sintetizada": "F29D6FBC7C12469EBBA3151C3574C63A1105C.JPEG",
    "cantidad_archivos": 1,
    "archivos_fuente": [
      "Pictures/Fototeca de Fotos.photoslibrary/resources/derivatives/F/F29D6FBC-7C12-469E-BBA3-151C3574C63A_1_105_c.jpeg"
    ],
    "ultima_modificacion": "2025-08-01 01:01:05.172195"
  },
  "fbdc5f3ff67c4d90a4c264098dad52ad1105c.jpeg": {
    "app_sintetizada": "FBDC5F3FF67C4D90A4C264098DAD52AD1105C.JPEG",
    "cantidad_archivos": 1,
    "archivos_fuente": [
      "Pictures/Fototeca de Fotos.photoslibrary/resources/derivatives/F/FBDC5F3F-F67C-4D90-A4C2-64098DAD52AD_1_105_c.jpeg"
    ],
    "ultima_modificacion": "2025-08-01 01:01:05.172498"
  },
  "f9fa034f357b4c68a33cae7491f7a3cc1105c.jpeg": {
    "app_sintetizada": "F9FA034F357B4C68A33CAE7491F7A3CC1105C.JPEG",
    "cantidad_archivos": 1,
    "archivos_fuente": [
      "Pictures/Fototeca de Fotos.photoslibrary/resources/derivatives/F/F9FA034F-357B-4C68-A33C-AE7491F7A3CC_1_105_c.jpeg"
    ],
    "ultima_modificacion": "2025-08-01 01:01:05.172865"
  },
  "fe89218930884c8bbda0650b1d1b58911105c.jpeg": {
    "app_sintetizada": "FE89218930884C8BBDA0650B1D1B58911105C.JPEG",
    "cantidad_archivos": 1,
    "archivos_fuente": [
      "Pictures/Fototeca de Fotos.photoslibrary/resources/derivatives/F/FE892189-3088-4C8B-BDA0-650B1D1B5891_1_105_c.jpeg"
    ],
    "ultima_modificacion": "2025-08-01 01:01:05.173633"
  },
  "ff13c06911e14f44a7882aefbf6447cc1105c.jpeg": {
    "app_sintetizada": "FF13C06911E14F44A7882AEFBF6447CC1105C.JPEG",
    "cantidad_archivos": 1,
    "archivos_fuente": [
      "Pictures/Fototeca de Fotos.photoslibrary/resources/derivatives/F/FF13C069-11E1-4F44-A788-2AEFBF6447CC_1_105_c.jpeg"
    ],
    "ultima_modificacion": "2025-08-01 01:01:05.174478"
  }
}