{
  "f1257dc507004544aea4493669b476dc1105c.jpeg": {
    "app_sintetizada": "F1257DC507004544AEA4493669B476DC1105C.JPEG",
    "cantidad_archivos": 1,
    "archivos_fuente": [
      "Pictures/Fototeca de Fotos.photoslibrary/resources/derivatives/F/F1257DC5-0700-4544-AEA4-493669B476DC_1_105_c.jpeg"
    ],
    "ultima_modificacion": "2025-08-01 01:01:04.934381"
  },
  "f7ce0947f98d4fbb96ffc1130cd541001105c.jpeg": {
    "app_sintetizada": "F7CE0947F98D4FBB96FFC1130CD541001105C.JPEG",
    "cantidad_archivos": 1,
    "archivos_fuente": [
      "Pictures/Fototeca de Fotos.photoslibrary/resources/derivatives/F/F7CE0947-F98D-4FBB-96FF-C1130CD54100_1_105_c.jpeg"
    ],
    "ultima_modificacion": "2025-08-01 01:01:04.934680"
  },
  "fbebbd72d5e541afbf5228883fe811f71105c.jpeg": {
    "app_sintetizada": "FBEBBD72D5E541AFBF5228883FE811F71105C.JPEG",
    "cantidad_archivos": 1,
    "archivos_fuente": [
      "Pictures/Fototeca de Fotos.photoslibrary/resources/derivatives/F/FBEBBD72-D5E5-41AF-BF52-28883FE811F7_1_105_c.jpeg"
    ],
    "ultima_modificacion": "2025-08-01 01:01:04.934969"
  },
  "ff48aca7e3cc4270aeccf9e82cfbd8591105c.jpeg": {
    "app_sintetizada": "FF48ACA7E3CC4270AECCF9E82CFBD8591105C.JPEG",
    "cantidad_archivos": 1,
    "archivos_fuente": [
      "Pictures/Fototeca de Fotos.photoslibrary/resources/derivatives/F/FF48ACA7-E3CC-4270-AECC-F9E82CFBD859_1_105_c.jpeg"
    ],
    "ultima_modificacion": "2025-08-01 01:01:04.935258"
  },
  "f5b449c2b86140a48034e1dffd92dbb51105c.jpeg": {
    "app_sintetizada": "F5B449C2B86140A48034E1DFFD92DBB51105C.JPEG",
    "cantidad_archivos": 1,
    "archivos_fuente": [
      "Pictures/Fototeca de Fotos.photoslibrary/resources/derivatives/F/F5B449C2-B861-40A4-8034-E1DFFD92DBB5_1_105_c.jpeg"
    ],
    "ultima_modificacion": "2025-08-01 01:01:04.935554"
  },
  "fbd3af11e30843cd9c983c4702c2af6d1105c.jpeg": {
    "app_sintetizada": "FBD3AF11E30843CD9C983C4702C2AF6D1105C.JPEG",
    "cantidad_archivos": 1,
    "archivos_fuente": [
      "Pictures/Fototeca de Fotos.photoslibrary/resources/derivatives/F/FBD3AF11-E308-43CD-9C98-3C4702C2AF6D_1_105_c.jpeg"
    ],
    "ultima_modificacion": "2025-08-01 01:01:04.935843"
  },
  "f9d92be4ec244e30a71bf37fe2d833521105c.jpeg": {
    "app_sintetizada": "F9D92BE4EC244E30A71BF37FE2D833521105C.JPEG",
    "cantidad_archivos": 1,
    "archivos_fuente": [
      "Pictures/Fototeca de Fotos.photoslibrary/resources/derivatives/F/F9D92BE4-EC24-4E30-A71B-F37FE2D83352_1_105_c.jpeg"
    ],
    "ultima_modificacion": "2025-08-01 01:01:04.936178"
  },
  "f16e01c4118e42bbb2495231f982148e1105c.jpeg": {
    "app_sintetizada": "F16E01C4118E42BBB2495231F982148E1105C.JPEG",
    "cantidad_archivos": 1,
    "archivos_fuente": [
      "Pictures/Fototeca de Fotos.photoslibrary/resources/derivatives/F/F16E01C4-118E-42BB-B249-5231F982148E_1_105_c.jpeg"
    ],
    "ultima_modificacion": "2025-08-01 01:01:04.936478"
  },
  "f3c2f3cd892c482cab1b9fd02060ea081105c.jpeg": {
    "app_sintetizada": "F3C2F3CD892C482CAB1B9FD02060EA081105C.JPEG",
    "cantidad_archivos": 1,
    "archivos_fuente": [
      "Pictures/Fototeca de Fotos.photoslibrary/resources/derivatives/F/F3C2F3CD-892C-482C-AB1B-9FD02060EA08_1_105_c.jpeg"
    ],
    "ultima_modificacion": "2025-08-01 01:01:04.936758"
  },
  "f1df828a61294517a8e9b7600ab4a6131105c.jpeg": {
    "app_sintetizada": "F1DF828A61294517A8E9B7600AB4A6131105C.JPEG",
    "cantidad_archivos": 1,
    "archivos_fuente": [
      "Pictures/Fototeca de Fotos.photoslibrary/resources/derivatives/F/F1DF828A-6129-4517-A8E9-B7600AB4A613_1_105_c.jpeg"
    ],
    "ultima_modificacion": "2025-08-01 01:01:04.937063"
  },
  "f9409d6e8a384eefbc156af39c2c802c1105c.jpeg": {
    "app_sintetizada": "F9409D6E8A384EEFBC156AF39C2C802C1105C.JPEG",
    "cantidad_archivos": 1,
    "archivos_fuente": [
      "Pictures/Fototeca de Fotos.photoslibrary/resources/derivatives/F/F9409D6E-8A38-4EEF-BC15-6AF39C2C802C_1_105_c.jpeg"
    ],
    "ultima_modificacion": "2025-08-01 01:01:04.937351"
  },
  "fe8f2546023c46b1b433c08acc99ef721105c.jpeg": {
    "app_sintetizada": "FE8F2546023C46B1B433C08ACC99EF721105C.JPEG",
    "cantidad_archivos": 1,
    "archivos_fuente": [
      "Pictures/Fototeca de Fotos.photoslibrary/resources/derivatives/F/FE8F2546-023C-46B1-B433-C08ACC99EF72_1_105_c.jpeg"
    ],
    "ultima_modificacion": "2025-08-01 01:01:04.937644"
  },
  "fe4294c96ea1432cb800f4553caf41ff1105c.jpeg": {
    "app_sintetizada": "FE4294C96EA1432CB800F4553CAF41FF1105C.JPEG",
    "cantidad_archivos": 1,
    "archivos_fuente": [
      "Pictures/Fototeca de Fotos.photoslibrary/resources/derivatives/F/FE4294C9-6EA1-432C-B800-F4553CAF41FF_1_105_c.jpeg"
    ],
    "ultima_modificacion": "2025-08-01 01:01:04.937961"
  },
  "fc0bd9b786a5454d9bff428f098f33f31105c.jpeg": {
    "app_sintetizada": "FC0BD9B786A5454D9BFF428F098F33F31105C.JPEG",
    "cantidad_archivos": 1,
    "archivos_fuente": [
      "Pictures/Fototeca de Fotos.photoslibrary/resources/derivatives/F/FC0BD9B7-86A5-454D-9BFF-428F098F33F3_1_105_c.jpeg"
    ],
    "ultima_modificacion": "2025-08-01 01:01:04.938335"
  },
  "fdd97db4936d47d597893a2a3cf5529b1105c.jpeg": {
    "app_sintetizada": "FDD97DB4936D47D597893A2A3CF5529B1105C.JPEG",
    "cantidad_archivos": 1,
    "archivos_fuente": [
      "Pictures/Fototeca de Fotos.photoslibrary/resources/derivatives/F/FDD97DB4-936D-47D5-9789-3A2A3CF5529B_1_105_c.jpeg"
    ],
    "ultima_modificacion": "2025-08-01 01:01:04.938703"
  },
  "fe56636a2a274efb81782bb8f14466b01105c.jpeg": {
    "app_sintetizada": "FE56636A2A274EFB81782BB8F14466B01105C.JPEG",
    "cantidad_archivos": 1,
    "archivos_fuente": [
      "Pictures/Fototeca de Fotos.photoslibrary/resources/derivatives/F/FE56636A-2A27-4EFB-8178-2BB8F14466B0_1_105_c.jpeg"
    ],
    "ultima_modificacion": "2025-08-01 01:01:04.939003"
  },
  "fc12ff691de741379c2ba1753386a5f81105c.jpeg": {
    "app_sintetizada": "FC12FF691DE741379C2BA1753386A5F81105C.JPEG",
    "cantidad_archivos": 1,
    "archivos_fuente": [
      "Pictures/Fototeca de Fotos.photoslibrary/resources/derivatives/F/FC12FF69-1DE7-4137-9C2B-A1753386A5F8_1_105_c.jpeg"
    ],
    "ultima_modificacion": "2025-08-01 01:01:04.939294"
  },
  "f0dc33cc40264fca9042200f24f74b111105c.jpeg": {
    "app_sintetizada": "F0DC33CC40264FCA9042200F24F74B111105C.JPEG",
    "cantidad_archivos": 1,
    "archivos_fuente": [
      "Pictures/Fototeca de Fotos.photoslibrary/resources/derivatives/F/F0DC33CC-4026-4FCA-9042-200F24F74B11_1_105_c.jpeg"
    ],
    "ultima_modificacion": "2025-08-01 01:01:04.939582"
  },
  "f21b1736555f4623b6d44c3706e381cd1105c.jpeg": {
    "app_sintetizada": "F21B1736555F4623B6D44C3706E381CD1105C.JPEG",
    "cantidad_archivos": 1,
    "archivos_fuente": [
      "Pictures/Fototeca de Fotos.photoslibrary/resources/derivatives/F/F21B1736-555F-4623-B6D4-4C3706E381CD_1_105_c.jpeg"
    ],
    "ultima_modificacion": "2025-08-01 01:01:04.939867"
  },
  "fffd7069acd04a8798dca88a419991d71105c.jpeg": {
    "app_sintetizada": "FFFD7069ACD04A8798DCA88A419991D71105C.JPEG",
    "cantidad_archivos": 1,
    "archivos_fuente": [
      "Pictures/Fototeca de Fotos.photoslibrary/resources/derivatives/F/FFFD7069-ACD0-4A87-98DC-A88A419991D7_1_105_c.jpeg"
    ],
    "ultima_modificacion": "2025-08-01 01:01:04.940216"
  },
  "f63f036cc579458a971a29d9007883da1105c.jpeg": {
    "app_sintetizada": "F63F036CC579458A971A29D9007883DA1105C.JPEG",
    "cantidad_archivos": 1,
    "archivos_fuente": [
      "Pictures/Fototeca de Fotos.photoslibrary/resources/derivatives/F/F63F036C-C579-458A-971A-29D9007883DA_1_105_c.jpeg"
    ],
    "ultima_modificacion": "2025-08-01 01:01:04.940522"
  },
  "f31fc2fb68fd4e938b2b8eebe246fcc61105c.jpeg": {
    "app_sintetizada": "F31FC2FB68FD4E938B2B8EEBE246FCC61105C.JPEG",
    "cantidad_archivos": 1,
    "archivos_fuente": [
      "Pictures/Fototeca de Fotos.photoslibrary/resources/derivatives/F/F31FC2FB-68FD-4E93-8B2B-8EEBE246FCC6_1_105_c.jpeg"
    ],
    "ultima_modificacion": "2025-08-01 01:01:04.940865"
  },
  "f21ebc4813f046278ab0f2d0c05c50581105c.jpeg": {
    "app_sintetizada": "F21EBC4813F046278AB0F2D0C05C50581105C.JPEG",
    "cantidad_archivos": 1,
    "archivos_fuente": [
      "Pictures/Fototeca de Fotos.photoslibrary/resources/derivatives/F/F21EBC48-13F0-4627-8AB0-F2D0C05C5058_1_105_c.jpeg"
    ],
    "ultima_modificacion": "2025-08-01 01:01:04.941256"
  },
  "fc5db420de664cefb64e3faa2ab50ef11105c.jpeg": {
    "app_sintetizada": "FC5DB420DE664CEFB64E3FAA2AB50EF11105C.JPEG",
    "cantidad_archivos": 1,
    "archivos_fuente": [
      "Pictures/Fototeca de Fotos.photoslibrary/resources/derivatives/F/FC5DB420-DE66-4CEF-B64E-3FAA2AB50EF1_1_105_c.jpeg"
    ],
    "ultima_modificacion": "2025-08-01 01:01:04.941636"
  },
  "f12bb6b3e6cc4b738c57c328e024c9de1105c.jpeg": {
    "app_sintetizada": "F12BB6B3E6CC4B738C57C328E024C9DE1105C.JPEG",
    "cantidad_archivos": 1,
    "archivos_fuente": [
      "Pictures/Fototeca de Fotos.photoslibrary/resources/derivatives/F/F12BB6B3-E6CC-4B73-8C57-C328E024C9DE_1_105_c.jpeg"
    ],
    "ultima_modificacion": "2025-08-01 01:01:04.942216"
  },
  "f679f89c81e6483a9bf8edc4db9476091105c.jpeg": {
    "app_sintetizada": "F679F89C81E6483A9BF8EDC4DB9476091105C.JPEG",
    "cantidad_archivos": 1,
    "archivos_fuente": [
      "Pictures/Fototeca de Fotos.photoslibrary/resources/derivatives/F/F679F89C-81E6-483A-9BF8-EDC4DB947609_1_105_c.jpeg"
    ],
    "ultima_modificacion": "2025-08-01 01:01:04.942714"
  },
  "f0c6098b4d814278904f515dd8bd64941105c.jpeg": {
    "app_sintetizada": "F0C6098B4D814278904F515DD8BD64941105C.JPEG",
    "cantidad_archivos": 1,
    "archivos_fuente": [
      "Pictures/Fototeca de Fotos.photoslibrary/resources/derivatives/F/F0C6098B-4D81-4278-904F-515DD8BD6494_1_105_c.jpeg"
    ],
    "ultima_modificacion": "2025-08-01 01:01:04.943438"
  },
  "f33c0547f4954bddb3d0d734f316b7c31105c.jpeg": {
    "app_sintetizada": "F33C0547F4954BDDB3D0D734F316B7C31105C.JPEG",
    "cantidad_archivos": 1,
    "archivos_fuente": [
      "Pictures/Fototeca de Fotos.photoslibrary/resources/derivatives/F/F33C0547-F495-4BDD-B3D0-D734F316B7C3_1_105_c.jpeg"
    ],
    "ultima_modificacion": "2025-08-01 01:01:04.943815"
  },
  "f1d14862e55643c3a0f43ebc217af1821105c.jpeg": {
    "app_sintetizada": "F1D14862E55643C3A0F43EBC217AF1821105C.JPEG",
    "cantidad_archivos": 1,
    "archivos_fuente": [
      "Pictures/Fototeca de Fotos.photoslibrary/resources/derivatives/F/F1D14862-E556-43C3-A0F4-3EBC217AF182_1_105_c.jpeg"
    ],
    "ultima_modificacion": "2025-08-01 01:01:04.944143"
  },
  "f2b39113461a480cb3c6b7c07a8749861105c.jpeg": {
    "app_sintetizada": "F2B39113461A480CB3C6B7C07A8749861105C.JPEG",
    "cantidad_archivos": 1,
    "archivos_fuente": [
      "Pictures/Fototeca de Fotos.photoslibrary/resources/derivatives/F/F2B39113-461A-480C-B3C6-B7C07A874986_1_105_c.jpeg"
    ],
    "ultima_modificacion": "2025-08-01 01:01:04.944491"
  },
  "ffaa706e5587450c828738b0ff9fa33e1105c.jpeg": {
    "app_sintetizada": "FFAA706E5587450C828738B0FF9FA33E1105C.JPEG",
    "cantidad_archivos": 1,
    "archivos_fuente": [
      "Pictures/Fototeca de Fotos.photoslibrary/resources/derivatives/F/FFAA706E-5587-450C-8287-38B0FF9FA33E_1_105_c.jpeg"
    ],
    "ultima_modificacion": "2025-08-01 01:01:04.944832"
  },
  "fedebcaf10b144c9b0db2992fbb1fbbb1105c.jpeg": {
    "app_sintetizada": "FEDEBCAF10B144C9B0DB2992FBB1FBBB1105C.JPEG",
    "cantidad_archivos": 1,
    "archivos_fuente": [
      "Pictures/Fototeca de Fotos.photoslibrary/resources/derivatives/F/FEDEBCAF-10B1-44C9-B0DB-2992FBB1FBBB_1_105_c.jpeg"
    ],
    "ultima_modificacion": "2025-08-01 01:01:04.945124"
  },
  "fe653d2815394e9c90f505e03a08f0c61105c.jpeg": {
    "app_sintetizada": "FE653D2815394E9C90F505E03A08F0C61105C.JPEG",
    "cantidad_archivos": 1,
    "archivos_fuente": [
      "Pictures/Fototeca de Fotos.photoslibrary/resources/derivatives/F/FE653D28-1539-4E9C-90F5-05E03A08F0C6_1_105_c.jpeg"
    ],
    "ultima_modificacion": "2025-08-01 01:01:04.945405"
  },
  "fc82aec209ce4904987ea7f006014a121105c.jpeg": {
    "app_sintetizada": "FC82AEC209CE4904987EA7F006014A121105C.JPEG",
    "cantidad_archivos": 1,
    "archivos_fuente": [
      "Pictures/Fototeca de Fotos.photoslibrary/resources/derivatives/F/FC82AEC2-09CE-4904-987E-A7F006014A12_1_105_c.jpeg"
    ],
    "ultima_modificacion": "2025-08-01 01:01:04.945708"
  },
  "ff5602411ca748f2bf95d0f7d9d3f2ba1105c.jpeg": {
    "app_sintetizada": "FF5602411CA748F2BF95D0F7D9D3F2BA1105C.JPEG",
    "cantidad_archivos": 1,
    "archivos_fuente": [
      "Pictures/Fototeca de Fotos.photoslibrary/resources/derivatives/F/FF560241-1CA7-48F2-BF95-D0F7D9D3F2BA_1_105_c.jpeg"
    ],
    "ultima_modificacion": "2025-08-01 01:01:04.946059"
  },
  "fef92515749e43e28ec96c019fcd73e31105c.jpeg": {
    "app_sintetizada": "FEF92515749E43E28EC96C019FCD73E31105C.JPEG",
    "cantidad_archivos": 1,
    "archivos_fuente": [
      "Pictures/Fototeca de Fotos.photoslibrary/resources/derivatives/F/FEF92515-749E-43E2-8EC9-6C019FCD73E3_1_105_c.jpeg"
    ],
    "ultima_modificacion": "2025-08-01 01:01:04.946395"
  },
  "fbb24db8cd63462a863e2795bee0a210.thm": {
    "app_sintetizada": "FBB24DB8CD63462A863E2795BEE0A210.THM",
    "cantidad_archivos": 1,
    "archivos_fuente": [
      "Pictures/Fototeca de Fotos.photoslibrary/resources/derivatives/F/FBB24DB8-CD63-462A-863E-2795BEE0A210.THM"
    ],
    "ultima_modificacion": "2025-08-01 01:01:04.946884"
  },
  "fb84d9542bc64e67af101ca1d7ff2e381105c.jpeg": {
    "app_sintetizada": "FB84D9542BC64E67AF101CA1D7FF2E381105C.JPEG",
    "cantidad_archivos": 1,
    "archivos_fuente": [
      "Pictures/Fototeca de Fotos.photoslibrary/resources/derivatives/F/FB84D954-2BC6-4E67-AF10-1CA1D7FF2E38_1_105_c.jpeg"
    ],
    "ultima_modificacion": "2025-08-01 01:01:04.947516"
  },
  "f8566184829f42e6a4fa50f360e6c4651105c.jpeg": {
    "app_sintetizada": "F8566184829F42E6A4FA50F360E6C4651105C.JPEG",
    "cantidad_archivos": 1,
    "archivos_fuente": [
      "Pictures/Fototeca de Fotos.photoslibrary/resources/derivatives/F/F8566184-829F-42E6-A4FA-50F360E6C465_1_105_c.jpeg"
    ],
    "ultima_modificacion": "2025-08-01 01:01:04.948117"
  },
  "fe734ec3346b4eb6a2e1e9b62644571e1105c.jpeg": {
    "app_sintetizada": "FE734EC3346B4EB6A2E1E9B62644571E1105C.JPEG",
    "cantidad_archivos": 1,
    "archivos_fuente": [
      "Pictures/Fototeca de Fotos.photoslibrary/resources/derivatives/F/FE734EC3-346B-4EB6-A2E1-E9B62644571E_1_105_c.jpeg"
    ],
    "ultima_modificacion": "2025-08-01 01:01:04.948693"
  },
  "f25c96f215bb42f8afb0f947af6971801105c.jpeg": {
    "app_sintetizada": "F25C96F215BB42F8AFB0F947AF6971801105C.JPEG",
    "cantidad_archivos": 1,
    "archivos_fuente": [
      "Pictures/Fototeca de Fotos.photoslibrary/resources/derivatives/F/F25C96F2-15BB-42F8-AFB0-F947AF697180_1_105_c.jpeg"
    ],
    "ultima_modificacion": "2025-08-01 01:01:04.949204"
  },
  "fc97ed01c2894096844261d3a26a5a401105c.jpeg": {
    "app_sintetizada": "FC97ED01C2894096844261D3A26A5A401105C.JPEG",
    "cantidad_archivos": 1,
    "archivos_fuente": [
      "Pictures/Fototeca de Fotos.photoslibrary/resources/derivatives/F/FC97ED01-C289-4096-8442-61D3A26A5A40_1_105_c.jpeg"
    ],
    "ultima_modificacion": "2025-08-01 01:01:04.949721"
  },
  "fdd6c08782f8460baa6543f9bc64d2471105c.jpeg": {
    "app_sintetizada": "FDD6C08782F8460BAA6543F9BC64D2471105C.JPEG",
    "cantidad_archivos": 1,
    "archivos_fuente": [
      "Pictures/Fototeca de Fotos.photoslibrary/resources/derivatives/F/FDD6C087-82F8-460B-AA65-43F9BC64D247_1_105_c.jpeg"
    ],
    "ultima_modificacion": "2025-08-01 01:01:04.950119"
  },
  "fc2e55b796dd492c8df2531f1bb08b471105c.jpeg": {
    "app_sintetizada": "FC2E55B796DD492C8DF2531F1BB08B471105C.JPEG",
    "cantidad_archivos": 1,
    "archivos_fuente": [
      "Pictures/Fototeca de Fotos.photoslibrary/resources/derivatives/F/FC2E55B7-96DD-492C-8DF2-531F1BB08B47_1_105_c.jpeg"
    ],
    "ultima_modificacion": "2025-08-01 01:01:04.950442"
  },
  "f3f629c686f04e9faa386f55475c6a3f1105c.jpeg": {
    "app_sintetizada": "F3F629C686F04E9FAA386F55475C6A3F1105C.JPEG",
    "cantidad_archivos": 1,
    "archivos_fuente": [
      "Pictures/Fototeca de Fotos.photoslibrary/resources/derivatives/F/F3F629C6-86F0-4E9F-AA38-6F55475C6A3F_1_105_c.jpeg"
    ],
    "ultima_modificacion": "2025-08-01 01:01:04.950749"
  },
  "fd9dbb22a02a4a1995837bf59fe3f50c1105c.jpeg": {
    "app_sintetizada": "FD9DBB22A02A4A1995837BF59FE3F50C1105C.JPEG",
    "cantidad_archivos": 1,
    "archivos_fuente": [
      "Pictures/Fototeca de Fotos.photoslibrary/resources/derivatives/F/FD9DBB22-A02A-4A19-9583-7BF59FE3F50C_1_105_c.jpeg"
    ],
    "ultima_modificacion": "2025-08-01 01:01:04.951123"
  },
  "f44c5a3ef91a4bfdb9abf2a86fdec9c11105c.jpeg": {
    "app_sintetizada": "F44C5A3EF91A4BFDB9ABF2A86FDEC9C11105C.JPEG",
    "cantidad_archivos": 1,
    "archivos_fuente": [
      "Pictures/Fototeca de Fotos.photoslibrary/resources/derivatives/F/F44C5A3E-F91A-4BFD-B9AB-F2A86FDEC9C1_1_105_c.jpeg"
    ],
    "ultima_modificacion": "2025-08-01 01:01:04.951468"
  },
  "fe8a90913af24c00a2fede3df6699af81105c.jpeg": {
    "app_sintetizada": "FE8A90913AF24C00A2FEDE3DF6699AF81105C.JPEG",
    "cantidad_archivos": 1,
    "archivos_fuente": [
      "Pictures/Fototeca de Fotos.photoslibrary/resources/derivatives/F/FE8A9091-3AF2-4C00-A2FE-DE3DF6699AF8_1_105_c.jpeg"
    ],
    "ultima_modificacion": "2025-08-01 01:01:04.951805"
  },
  "f888a3feecca4e52a04a41022e2b6ec41105c.jpeg": {
    "app_sintetizada": "F888A3FEECCA4E52A04A41022E2B6EC41105C.JPEG",
    "cantidad_archivos": 1,
    "archivos_fuente": [
      "Pictures/Fototeca de Fotos.photoslibrary/resources/derivatives/F/F888A3FE-ECCA-4E52-A04A-41022E2B6EC4_1_105_c.jpeg"
    ],
    "ultima_modificacion": "2025-08-01 01:01:04.952130"
  },
  "ffc6c04d313148ee8497856569e83b3c.thm": {
    "app_sintetizada": "FFC6C04D313148EE8497856569E83B3C.THM",
    "cantidad_archivos": 1,
    "archivos_fuente": [
      "Pictures/Fototeca de Fotos.photoslibrary/resources/derivatives/F/FFC6C04D-3131-48EE-8497-856569E83B3C.THM"
    ],
    "ultima_modificacion": "2025-08-01 01:01:04.952476"
  },
  "f57db1b9616c411cbbd0c589196f56f31105c.jpeg": {
    "app_sintetizada": "F57DB1B9616C411CBBD0C589196F56F31105C.JPEG",
    "cantidad_archivos": 1,
    "archivos_fuente": [
      "Pictures/Fototeca de Fotos.photoslibrary/resources/derivatives/F/F57DB1B9-616C-411C-BBD0-C589196F56F3_1_105_c.jpeg"
    ],
    "ultima_modificacion": "2025-08-01 01:01:04.952790"
  },
  "fb03533601294283b1f5b3d2c646d7721105c.jpeg": {
    "app_sintetizada": "FB03533601294283B1F5B3D2C646D7721105C.JPEG",
    "cantidad_archivos": 1,
    "archivos_fuente": [
      "Pictures/Fototeca de Fotos.photoslibrary/resources/derivatives/F/FB035336-0129-4283-B1F5-B3D2C646D772_1_105_c.jpeg"
    ],
    "ultima_modificacion": "2025-08-01 01:01:04.953111"
  },
  "f02343d52935452fa772b31f6e1e95f71105c.jpeg": {
    "app_sintetizada": "F02343D52935452FA772B31F6E1E95F71105C.JPEG",
    "cantidad_archivos": 1,
    "archivos_fuente": [
      "Pictures/Fototeca de Fotos.photoslibrary/resources/derivatives/F/F02343D5-2935-452F-A772-B31F6E1E95F7_1_105_c.jpeg"
    ],
    "ultima_modificacion": "2025-08-01 01:01:04.953469"
  },
  "f44ddc6df462417eb57de8206fb566961105c.jpeg": {
    "app_sintetizada": "F44DDC6DF462417EB57DE8206FB566961105C.JPEG",
    "cantidad_archivos": 1,
    "archivos_fuente": [
      "Pictures/Fototeca de Fotos.photoslibrary/resources/derivatives/F/F44DDC6D-F462-417E-B57D-E8206FB56696_1_105_c.jpeg"
    ],
    "ultima_modificacion": "2025-08-01 01:01:04.953810"
  },
  "f4ac19b2280443319fc18e2f9d71ccbc1105c.jpeg": {
    "app_sintetizada": "F4AC19B2280443319FC18E2F9D71CCBC1105C.JPEG",
    "cantidad_archivos": 1,
    "archivos_fuente": [
      "Pictures/Fototeca de Fotos.photoslibrary/resources/derivatives/F/F4AC19B2-2804-4331-9FC1-8E2F9D71CCBC_1_105_c.jpeg"
    ],
    "ultima_modificacion": "2025-08-01 01:01:04.954101"
  },
  "f3802d24ff544dfda8947eca7e67de971105c.jpeg": {
    "app_sintetizada": "F3802D24FF544DFDA8947ECA7E67DE971105C.JPEG",
    "cantidad_archivos": 1,
    "archivos_fuente": [
      "Pictures/Fototeca de Fotos.photoslibrary/resources/derivatives/F/F3802D24-FF54-4DFD-A894-7ECA7E67DE97_1_105_c.jpeg"
    ],
    "ultima_modificacion": "2025-08-01 01:01:04.954397"
  },
  "f74fe401a0424f2e84d3814b410dc02c1105c.jpeg": {
    "app_sintetizada": "F74FE401A0424F2E84D3814B410DC02C1105C.JPEG",
    "cantidad_archivos": 1,
    "archivos_fuente": [
      "Pictures/Fototeca de Fotos.photoslibrary/resources/derivatives/F/F74FE401-A042-4F2E-84D3-814B410DC02C_1_105_c.jpeg"
    ],
    "ultima_modificacion": "2025-08-01 01:01:04.954660"
  },
  "f3726f344a3c40dc8d0bc5b9b81309821105c.jpeg": {
    "app_sintetizada": "F3726F344A3C40DC8D0BC5B9B81309821105C.JPEG",
    "cantidad_archivos": 1,
    "archivos_fuente": [
      "Pictures/Fototeca de Fotos.photoslibrary/resources/derivatives/F/F3726F34-4A3C-40DC-8D0B-C5B9B8130982_1_105_c.jpeg"
    ],
    "ultima_modificacion": "2025-08-01 01:01:04.954966"
  },
  "faecb5f1ded340b08f541e7f552f06b21105c.jpeg": {
    "app_sintetizada": "FAECB5F1DED340B08F541E7F552F06B21105C.JPEG",
    "cantidad_archivos": 1,
    "archivos_fuente": [
      "Pictures/Fototeca de Fotos.photoslibrary/resources/derivatives/F/FAECB5F1-DED3-40B0-8F54-1E7F552F06B2_1_105_c.jpeg"
    ],
    "ultima_modificacion": "2025-08-01 01:01:04.955266"
  },
  "f2941d0a84f94254a5e151bcc22c5fc11102o.jpeg": {
    "app_sintetizada": "F2941D0A84F94254A5E151BCC22C5FC11102O.JPEG",
    "cantidad_archivos": 1,
    "archivos_fuente": [
      "Pictures/Fototeca de Fotos.photoslibrary/resources/derivatives/F/F2941D0A-84F9-4254-A5E1-51BCC22C5FC1_1_102_o.jpeg"
    ],
    "ultima_modificacion": "2025-08-01 01:01:04.955545"
  },
  "f71a71c9a8bd47328d3caacfa0c30a271105c.jpeg": {
    "app_sintetizada": "F71A71C9A8BD47328D3CAACFA0C30A271105C.JPEG",
    "cantidad_archivos": 1,
    "archivos_fuente": [
      "Pictures/Fototeca de Fotos.photoslibrary/resources/derivatives/F/F71A71C9-A8BD-4732-8D3C-AACFA0C30A27_1_105_c.jpeg"
    ],
    "ultima_modificacion": "2025-08-01 01:01:04.955832"
  },
  "f6a9062a1bd44115b5974cbe51755e341105c.jpeg": {
    "app_sintetizada": "F6A9062A1BD44115B5974CBE51755E341105C.JPEG",
    "cantidad_archivos": 1,
    "archivos_fuente": [
      "Pictures/Fototeca de Fotos.photoslibrary/resources/derivatives/F/F6A9062A-1BD4-4115-B597-4CBE51755E34_1_105_c.jpeg"
    ],
    "ultima_modificacion": "2025-08-01 01:01:04.956174"
  },
  "fed48d9c497c4ee5be771575d800136e1105c.jpeg": {
    "app_sintetizada": "FED48D9C497C4EE5BE771575D800136E1105C.JPEG",
    "cantidad_archivos": 1,
    "archivos_fuente": [
      "Pictures/Fototeca de Fotos.photoslibrary/resources/derivatives/F/FED48D9C-497C-4EE5-BE77-1575D800136E_1_105_c.jpeg"
    ],
    "ultima_modificacion": "2025-08-01 01:01:04.956515"
  },
  "fe822369da6744e58bbb210268e0c3541105c.jpeg": {
    "app_sintetizada": "FE822369DA6744E58BBB210268E0C3541105C.JPEG",
    "cantidad_archivos": 1,
    "archivos_fuente": [
      "Pictures/Fototeca de Fotos.photoslibrary/resources/derivatives/F/FE822369-DA67-44E5-8BBB-210268E0C354_1_105_c.jpeg"
    ],
    "ultima_modificacion": "2025-08-01 01:01:04.956812"
  },
  "f61233958c234f8e84fc38a5352ee2051105c.jpeg": {
    "app_sintetizada": "F61233958C234F8E84FC38A5352EE2051105C.JPEG",
    "cantidad_archivos": 1,
    "archivos_fuente": [
      "Pictures/Fototeca de Fotos.photoslibrary/resources/derivatives/F/F6123395-8C23-4F8E-84FC-38A5352EE205_1_105_c.jpeg"
    ],
    "ultima_modificacion": "2025-08-01 01:01:04.957087"
  },
  "f8be3ae6b3aa451a96dcb372f0eebe851105c.jpeg": {
    "app_sintetizada": "F8BE3AE6B3AA451A96DCB372F0EEBE851105C.JPEG",
    "cantidad_archivos": 1,
    "archivos_fuente": [
      "Pictures/Fototeca de Fotos.photoslibrary/resources/derivatives/F/F8BE3AE6-B3AA-451A-96DC-B372F0EEBE85_1_105_c.jpeg"
    ],
    "ultima_modificacion": "2025-08-01 01:01:04.957382"
  },
  "fa37e62ea64b46c9addd92cc8e04c2531105c.jpeg": {
    "app_sintetizada": "FA37E62EA64B46C9ADDD92CC8E04C2531105C.JPEG",
    "cantidad_archivos": 1,
    "archivos_fuente": [
      "Pictures/Fototeca de Fotos.photoslibrary/resources/derivatives/F/FA37E62E-A64B-46C9-ADDD-92CC8E04C253_1_105_c.jpeg"
    ],
    "ultima_modificacion": "2025-08-01 01:01:04.957770"
  },
  "f230792e4e6f4a0b9310cef24f3612c01105c.jpeg": {
    "app_sintetizada": "F230792E4E6F4A0B9310CEF24F3612C01105C.JPEG",
    "cantidad_archivos": 1,
    "archivos_fuente": [
      "Pictures/Fototeca de Fotos.photoslibrary/resources/derivatives/F/F230792E-4E6F-4A0B-9310-CEF24F3612C0_1_105_c.jpeg"
    ],
    "ultima_modificacion": "2025-08-01 01:01:04.958280"
  },
  "f9aaf2b681fd40168987f2a5ec9ec1b61105c.jpeg": {
    "app_sintetizada": "F9AAF2B681FD40168987F2A5EC9EC1B61105C.JPEG",
    "cantidad_archivos": 1,
    "archivos_fuente": [
      "Pictures/Fototeca de Fotos.photoslibrary/resources/derivatives/F/F9AAF2B6-81FD-4016-8987-F2A5EC9EC1B6_1_105_c.jpeg"
    ],
    "ultima_modificacion": "2025-08-01 01:01:04.959196"
  },
  "f65796e8ec7244d2953423f451e0f9fd1105c.jpeg": {
    "app_sintetizada": "F65796E8EC7244D2953423F451E0F9FD1105C.JPEG",
    "cantidad_archivos": 1,
    "archivos_fuente": [
      "Pictures/Fototeca de Fotos.photoslibrary/resources/derivatives/F/F65796E8-EC72-44D2-9534-23F451E0F9FD_1_105_c.jpeg"
    ],
    "ultima_modificacion": "2025-08-01 01:01:04.959921"
  },
  "fba5ce5fd0144ba3a1f51ba9be7aea741105c.jpeg": {
    "app_sintetizada": "FBA5CE5FD0144BA3A1F51BA9BE7AEA741105C.JPEG",
    "cantidad_archivos": 1,
    "archivos_fuente": [
      "Pictures/Fototeca de Fotos.photoslibrary/resources/derivatives/F/FBA5CE5F-D014-4BA3-A1F5-1BA9BE7AEA74_1_105_c.jpeg"
    ],
    "ultima_modificacion": "2025-08-01 01:01:04.960311"
  },
  "f524cb748c8a4fcbaf1269cd9c7b4ede1105c.jpeg": {
    "app_sintetizada": "F524CB748C8A4FCBAF1269CD9C7B4EDE1105C.JPEG",
    "cantidad_archivos": 1,
    "archivos_fuente": [
      "Pictures/Fototeca de Fotos.photoslibrary/resources/derivatives/F/F524CB74-8C8A-4FCB-AF12-69CD9C7B4EDE_1_105_c.jpeg"
    ],
    "ultima_modificacion": "2025-08-01 01:01:04.960641"
  },
  "f38d7d2b2ce4409db34ac997669c56d41105c.jpeg": {
    "app_sintetizada": "F38D7D2B2CE4409DB34AC997669C56D41105C.JPEG",
    "cantidad_archivos": 1,
    "archivos_fuente": [
      "Pictures/Fototeca de Fotos.photoslibrary/resources/derivatives/F/F38D7D2B-2CE4-409D-B34A-C997669C56D4_1_105_c.jpeg"
    ],
    "ultima_modificacion": "2025-08-01 01:01:04.960976"
  },
  "f1c37ff5c9bb4f72989a92de55d5c6f81105c.jpeg": {
    "app_sintetizada": "F1C37FF5C9BB4F72989A92DE55D5C6F81105C.JPEG",
    "cantidad_archivos": 1,
    "archivos_fuente": [
      "Pictures/Fototeca de Fotos.photoslibrary/resources/derivatives/F/F1C37FF5-C9BB-4F72-989A-92DE55D5C6F8_1_105_c.jpeg"
    ],
    "ultima_modificacion": "2025-08-01 01:01:04.961262"
  },
  "f056f1df57dd4a479b967d5cd12b5adb1105c.jpeg": {
    "app_sintetizada": "F056F1DF57DD4A479B967D5CD12B5ADB1105C.JPEG",
    "cantidad_archivos": 1,
    "archivos_fuente": [
      "Pictures/Fototeca de Fotos.photoslibrary/resources/derivatives/F/F056F1DF-57DD-4A47-9B96-7D5CD12B5ADB_1_105_c.jpeg"
    ],
    "ultima_modificacion": "2025-08-01 01:01:04.961551"
  },
  "f47d8e30ba6a4c8ab9d3161ea06ff911.thm": {
    "app_sintetizada": "F47D8E30BA6A4C8AB9D3161EA06FF911.THM",
    "cantidad_archivos": 1,
    "archivos_fuente": [
      "Pictures/Fototeca de Fotos.photoslibrary/resources/derivatives/F/F47D8E30-BA6A-4C8A-B9D3-161EA06FF911.THM"
    ],
    "ultima_modificacion": "2025-08-01 01:01:04.961861"
  },
  "fe22418c5ad443f9be266024d879adfc1105c.jpeg": {
    "app_sintetizada": "FE22418C5AD443F9BE266024D879ADFC1105C.JPEG",
    "cantidad_archivos": 1,
    "archivos_fuente": [
      "Pictures/Fototeca de Fotos.photoslibrary/resources/derivatives/F/FE22418C-5AD4-43F9-BE26-6024D879ADFC_1_105_c.jpeg"
    ],
    "ultima_modificacion": "2025-08-01 01:01:04.962203"
  },
  "f15fc8a2039746f4997af1d14d157ca61105c.jpeg": {
    "app_sintetizada": "F15FC8A2039746F4997AF1D14D157CA61105C.JPEG",
    "cantidad_archivos": 1,
    "archivos_fuente": [
      "Pictures/Fototeca de Fotos.photoslibrary/resources/derivatives/F/F15FC8A2-0397-46F4-997A-F1D14D157CA6_1_105_c.jpeg"
    ],
    "ultima_modificacion": "2025-08-01 01:01:04.962487"
  },
  "fbd6e6292323472282464c133dfc94371105c.jpeg": {
    "app_sintetizada": "FBD6E6292323472282464C133DFC94371105C.JPEG",
    "cantidad_archivos": 1,
    "archivos_fuente": [
      "Pictures/Fototeca de Fotos.photoslibrary/resources/derivatives/F/FBD6E629-2323-4722-8246-4C133DFC9437_1_105_c.jpeg"
    ],
    "ultima_modificacion": "2025-08-01 01:01:04.962793"
  },
  "f8bc7b2f3ac34e5ab2d04cbb70a6aa571105c.jpeg": {
    "app_sintetizada": "F8BC7B2F3AC34E5AB2D04CBB70A6AA571105C.JPEG",
    "cantidad_archivos": 1,
    "archivos_fuente": [
      "Pictures/Fototeca de Fotos.photoslibrary/resources/derivatives/F/F8BC7B2F-3AC3-4E5A-B2D0-4CBB70A6AA57_1_105_c.jpeg"
    ],
    "ultima_modificacion": "2025-08-01 01:01:04.963052"
  },
  "fd5a75bf7c05486f83540fe305b021501105c.jpeg": {
    "app_sintetizada": "FD5A75BF7C05486F83540FE305B021501105C.JPEG",
    "cantidad_archivos": 1,
    "archivos_fuente": [
      "Pictures/Fototeca de Fotos.photoslibrary/resources/derivatives/F/FD5A75BF-7C05-486F-8354-0FE305B02150_1_105_c.jpeg"
    ],
    "ultima_modificacion": "2025-08-01 01:01:04.963365"
  },
  "fcf08cff1dee497c9e65a16b722227791105c.jpeg": {
    "app_sintetizada": "FCF08CFF1DEE497C9E65A16B722227791105C.JPEG",
    "cantidad_archivos": 1,
    "archivos_fuente": [
      "Pictures/Fototeca de Fotos.photoslibrary/resources/derivatives/F/FCF08CFF-1DEE-497C-9E65-A16B72222779_1_105_c.jpeg"
    ],
    "ultima_modificacion": "2025-08-01 01:01:04.963622"
  },
  "f588e4ea8c7845138ff58dbe0841a7381105c.jpeg": {
    "app_sintetizada": "F588E4EA8C7845138FF58DBE0841A7381105C.JPEG",
    "cantidad_archivos": 1,
    "archivos_fuente": [
      "Pictures/Fototeca de Fotos.photoslibrary/resources/derivatives/F/F588E4EA-8C78-4513-8FF5-8DBE0841A738_1_105_c.jpeg"
    ],
    "ultima_modificacion": "2025-08-01 01:01:04.963935"
  },
  "fe0129f1ae05438e8b349074c6376f4c1105c.jpeg": {
    "app_sintetizada": "FE0129F1AE05438E8B349074C6376F4C1105C.JPEG",
    "cantidad_archivos": 1,
    "archivos_fuente": [
      "Pictures/Fototeca de Fotos.photoslibrary/resources/derivatives/F/FE0129F1-AE05-438E-8B34-9074C6376F4C_1_105_c.jpeg"
    ],
    "ultima_modificacion": "2025-08-01 01:01:04.964184"
  },
  "f894eb5510c749d599fe1a31c0eb95b21105c.jpeg": {
    "app_sintetizada": "F894EB5510C749D599FE1A31C0EB95B21105C.JPEG",
    "cantidad_archivos": 1,
    "archivos_fuente": [
      "Pictures/Fototeca de Fotos.photoslibrary/resources/derivatives/F/F894EB55-10C7-49D5-99FE-1A31C0EB95B2_1_105_c.jpeg"
    ],
    "ultima_modificacion": "2025-08-01 01:01:04.964467"
  },
  "fd6a52b00c8c46d1a5f9873c9b2c6bfe1105c.jpeg": {
    "app_sintetizada": "FD6A52B00C8C46D1A5F9873C9B2C6BFE1105C.JPEG",
    "cantidad_archivos": 1,
    "archivos_fuente": [
      "Pictures/Fototeca de Fotos.photoslibrary/resources/derivatives/F/FD6A52B0-0C8C-46D1-A5F9-873C9B2C6BFE_1_105_c.jpeg"
    ],
    "ultima_modificacion": "2025-08-01 01:01:04.964717"
  },
  "f7f07c64d5284fdca541dc836acf0d011105c.jpeg": {
    "app_sintetizada": "F7F07C64D5284FDCA541DC836ACF0D011105C.JPEG",
    "cantidad_archivos": 1,
    "archivos_fuente": [
      "Pictures/Fototeca de Fotos.photoslibrary/resources/derivatives/F/F7F07C64-D528-4FDC-A541-DC836ACF0D01_1_105_c.jpeg"
    ],
    "ultima_modificacion": "2025-08-01 01:01:04.965055"
  },
  "f634691302484352bcd62c194dc8f6f21105c.jpeg": {
    "app_sintetizada": "F634691302484352BCD62C194DC8F6F21105C.JPEG",
    "cantidad_archivos": 1,
    "archivos_fuente": [
      "Pictures/Fototeca de Fotos.photoslibrary/resources/derivatives/F/F6346913-0248-4352-BCD6-2C194DC8F6F2_1_105_c.jpeg"
    ],
    "ultima_modificacion": "2025-08-01 01:01:04.965297"
  },
  "fab6935a17714c19a797a64353e33e701105c.jpeg": {
    "app_sintetizada": "FAB6935A17714C19A797A64353E33E701105C.JPEG",
    "cantidad_archivos": 1,
    "archivos_fuente": [
      "Pictures/Fototeca de Fotos.photoslibrary/resources/derivatives/F/FAB6935A-1771-4C19-A797-A64353E33E70_1_105_c.jpeg"
    ],
    "ultima_modificacion": "2025-08-01 01:01:04.965583"
  },
  "f4edeb3917ec4a20b5e1545246a130931105c.jpeg": {
    "app_sintetizada": "F4EDEB3917EC4A20B5E1545246A130931105C.JPEG",
    "cantidad_archivos": 1,
    "archivos_fuente": [
      "Pictures/Fototeca de Fotos.photoslibrary/resources/derivatives/F/F4EDEB39-17EC-4A20-B5E1-545246A13093_1_105_c.jpeg"
    ],
    "ultima_modificacion": "2025-08-01 01:01:04.965832"
  },
  "fa97df6a7aae41859c850882b0a7a56a.thm": {
    "app_sintetizada": "FA97DF6A7AAE41859C850882B0A7A56A.THM",
    "cantidad_archivos": 1,
    "archivos_fuente": [
      "Pictures/Fototeca de Fotos.photoslibrary/resources/derivatives/F/FA97DF6A-7AAE-4185-9C85-0882B0A7A56A.THM"
    ],
    "ultima_modificacion": "2025-08-01 01:01:04.966209"
  },
  "f3840b59a32f42878bea206a9bed18801105c.jpeg": {
    "app_sintetizada": "F3840B59A32F42878BEA206A9BED18801105C.JPEG",
    "cantidad_archivos": 1,
    "archivos_fuente": [
      "Pictures/Fototeca de Fotos.photoslibrary/resources/derivatives/F/F3840B59-A32F-4287-8BEA-206A9BED1880_1_105_c.jpeg"
    ],
    "ultima_modificacion": "2025-08-01 01:01:04.966456"
  },
  "ff428e14e3994915967ea780925ea0971105c.jpeg": {
    "app_sintetizada": "FF428E14E3994915967EA780925EA0971105C.JPEG",
    "cantidad_archivos": 1,
    "archivos_fuente": [
      "Pictures/Fototeca de Fotos.photoslibrary/resources/derivatives/F/FF428E14-E399-4915-967E-A780925EA097_1_105_c.jpeg"
    ],
    "ultima_modificacion": "2025-08-01 01:01:04.966699"
  },
  "f29084ad4f99426fa60f9dceb45a86f81105c.jpeg": {
    "app_sintetizada": "F29084AD4F99426FA60F9DCEB45A86F81105C.JPEG",
    "cantidad_archivos": 1,
    "archivos_fuente": [
      "Pictures/Fototeca de Fotos.photoslibrary/resources/derivatives/F/F29084AD-4F99-426F-A60F-9DCEB45A86F8_1_105_c.jpeg"
    ],
    "ultima_modificacion": "2025-08-01 01:01:04.966988"
  },
  "f710e97bba0949d2b24e0af6878b2a001105c.jpeg": {
    "app_sintetizada": "F710E97BBA0949D2B24E0AF6878B2A001105C.JPEG",
    "cantidad_archivos": 1,
    "archivos_fuente": [
      "Pictures/Fototeca de Fotos.photoslibrary/resources/derivatives/F/F710E97B-BA09-49D2-B24E-0AF6878B2A00_1_105_c.jpeg"
    ],
    "ultima_modificacion": "2025-08-01 01:01:04.967360"
  },
  "f11a46d6d8d449bb98d412e494c969c21105c.jpeg": {
    "app_sintetizada": "F11A46D6D8D449BB98D412E494C969C21105C.JPEG",
    "cantidad_archivos": 1,
    "archivos_fuente": [
      "Pictures/Fototeca de Fotos.photoslibrary/resources/derivatives/F/F11A46D6-D8D4-49BB-98D4-12E494C969C2_1_105_c.jpeg"
    ],
    "ultima_modificacion": "2025-08-01 01:01:04.967640"
  },
  "f4df2834fdb645bba1b789df604917e61105c.jpeg": {
    "app_sintetizada": "F4DF2834FDB645BBA1B789DF604917E61105C.JPEG",
    "cantidad_archivos": 1,
    "archivos_fuente": [
      "Pictures/Fototeca de Fotos.photoslibrary/resources/derivatives/F/F4DF2834-FDB6-45BB-A1B7-89DF604917E6_1_105_c.jpeg"
    ],
    "ultima_modificacion": "2025-08-01 01:01:04.967876"
  },
  "f39c950118a543fab6d00cb0a17084051105c.jpeg": {
    "app_sintetizada": "F39C950118A543FAB6D00CB0A17084051105C.JPEG",
    "cantidad_archivos": 1,
    "archivos_fuente": [
      "Pictures/Fototeca de Fotos.photoslibrary/resources/derivatives/F/F39C9501-18A5-43FA-B6D0-0CB0A1708405_1_105_c.jpeg"
    ],
    "ultima_modificacion": "2025-08-01 01:01:04.968228"
  },
  "fc0cde07fa4e457fba51cc5931a127b01105c.jpeg": {
    "app_sintetizada": "FC0CDE07FA4E457FBA51CC5931A127B01105C.JPEG",
    "cantidad_archivos": 1,
    "archivos_fuente": [
      "Pictures/Fototeca de Fotos.photoslibrary/resources/derivatives/F/FC0CDE07-FA4E-457F-BA51-CC5931A127B0_1_105_c.jpeg"
    ],
    "ultima_modificacion": "2025-08-01 01:01:04.968605"
  },
  "fff17f4b35a6408f83b7c965f1d23d8e1105c.jpeg": {
    "app_sintetizada": "FFF17F4B35A6408F83B7C965F1D23D8E1105C.JPEG",
    "cantidad_archivos": 1,
    "archivos_fuente": [
      "Pictures/Fototeca de Fotos.photoslibrary/resources/derivatives/F/FFF17F4B-35A6-408F-83B7-C965F1D23D8E_1_105_c.jpeg"
    ],
    "ultima_modificacion": "2025-08-01 01:01:04.968947"
  }
}