{
  "a2f313d5a2fd45f9a2a70d344c23d0d01105c.jpeg": {
    "app_sintetizada": "A2F313D5A2FD45F9A2A70D344C23D0D01105C.JPEG",
    "cantidad_archivos": 1,
    "archivos_fuente": [
      "Pictures/Fototeca de Fotos.photoslibrary/resources/derivatives/A/A2F313D5-A2FD-45F9-A2A7-0D344C23D0D0_1_105_c.jpeg"
    ],
    "ultima_modificacion": "2025-08-01 01:01:04.110280"
  },
  "ae7a640eed6d41e596914444473c6c0d1105c.jpeg": {
    "app_sintetizada": "AE7A640EED6D41E596914444473C6C0D1105C.JPEG",
    "cantidad_archivos": 1,
    "archivos_fuente": [
      "Pictures/Fototeca de Fotos.photoslibrary/resources/derivatives/A/AE7A640E-ED6D-41E5-9691-4444473C6C0D_1_105_c.jpeg"
    ],
    "ultima_modificacion": "2025-08-01 01:01:04.110590"
  },
  "a73cb9e1fe6c44118f87ecb2bb65f8b3.thm": {
    "app_sintetizada": "A73CB9E1FE6C44118F87ECB2BB65F8B3.THM",
    "cantidad_archivos": 1,
    "archivos_fuente": [
      "Pictures/Fototeca de Fotos.photoslibrary/resources/derivatives/A/A73CB9E1-FE6C-4411-8F87-ECB2BB65F8B3.THM"
    ],
    "ultima_modificacion": "2025-08-01 01:01:04.110939"
  },
  "adc5b7ff91be40a38d2f3d4a2c3e8ecb1105c.jpeg": {
    "app_sintetizada": "ADC5B7FF91BE40A38D2F3D4A2C3E8ECB1105C.JPEG",
    "cantidad_archivos": 1,
    "archivos_fuente": [
      "Pictures/Fototeca de Fotos.photoslibrary/resources/derivatives/A/ADC5B7FF-91BE-40A3-8D2F-3D4A2C3E8ECB_1_105_c.jpeg"
    ],
    "ultima_modificacion": "2025-08-01 01:01:04.111190"
  },
  "ac83f19bb64545ae96407c25f88735f31105c.jpeg": {
    "app_sintetizada": "AC83F19BB64545AE96407C25F88735F31105C.JPEG",
    "cantidad_archivos": 1,
    "archivos_fuente": [
      "Pictures/Fototeca de Fotos.photoslibrary/resources/derivatives/A/AC83F19B-B645-45AE-9640-7C25F88735F3_1_105_c.jpeg"
    ],
    "ultima_modificacion": "2025-08-01 01:01:04.111517"
  },
  "aee66ab2042f48b88ea2ccbb612bfdb91105c.jpeg": {
    "app_sintetizada": "AEE66AB2042F48B88EA2CCBB612BFDB91105C.JPEG",
    "cantidad_archivos": 1,
    "archivos_fuente": [
      "Pictures/Fototeca de Fotos.photoslibrary/resources/derivatives/A/AEE66AB2-042F-48B8-8EA2-CCBB612BFDB9_1_105_c.jpeg"
    ],
    "ultima_modificacion": "2025-08-01 01:01:04.111801"
  },
  "a55e1b7039724ddd9f9b23db4fe231371105c.jpeg": {
    "app_sintetizada": "A55E1B7039724DDD9F9B23DB4FE231371105C.JPEG",
    "cantidad_archivos": 1,
    "archivos_fuente": [
      "Pictures/Fototeca de Fotos.photoslibrary/resources/derivatives/A/A55E1B70-3972-4DDD-9F9B-23DB4FE23137_1_105_c.jpeg"
    ],
    "ultima_modificacion": "2025-08-01 01:01:04.112141"
  },
  "aec3555220c84deb941b801925874ef31105c.jpeg": {
    "app_sintetizada": "AEC3555220C84DEB941B801925874EF31105C.JPEG",
    "cantidad_archivos": 1,
    "archivos_fuente": [
      "Pictures/Fototeca de Fotos.photoslibrary/resources/derivatives/A/AEC35552-20C8-4DEB-941B-801925874EF3_1_105_c.jpeg"
    ],
    "ultima_modificacion": "2025-08-01 01:01:04.112398"
  },
  "a10cc03d652c477393122cf40ebe76f51105c.jpeg": {
    "app_sintetizada": "A10CC03D652C477393122CF40EBE76F51105C.JPEG",
    "cantidad_archivos": 1,
    "archivos_fuente": [
      "Pictures/Fototeca de Fotos.photoslibrary/resources/derivatives/A/A10CC03D-652C-4773-9312-2CF40EBE76F5_1_105_c.jpeg"
    ],
    "ultima_modificacion": "2025-08-01 01:01:04.112654"
  },
  "a959ccbd94a74fbea52dbb6a7f27f3ad1105c.jpeg": {
    "app_sintetizada": "A959CCBD94A74FBEA52DBB6A7F27F3AD1105C.JPEG",
    "cantidad_archivos": 1,
    "archivos_fuente": [
      "Pictures/Fototeca de Fotos.photoslibrary/resources/derivatives/A/A959CCBD-94A7-4FBE-A52D-BB6A7F27F3AD_1_105_c.jpeg"
    ],
    "ultima_modificacion": "2025-08-01 01:01:04.112907"
  },
  "aef6fa7aa4d3422096dc97846dd0a1c5.thm": {
    "app_sintetizada": "AEF6FA7AA4D3422096DC97846DD0A1C5.THM",
    "cantidad_archivos": 1,
    "archivos_fuente": [
      "Pictures/Fototeca de Fotos.photoslibrary/resources/derivatives/A/AEF6FA7A-A4D3-4220-96DC-97846DD0A1C5.THM"
    ],
    "ultima_modificacion": "2025-08-01 01:01:04.113186"
  },
  "a9c5b82bb8414d02b5f7e83055c3cacc1105c.jpeg": {
    "app_sintetizada": "A9C5B82BB8414D02B5F7E83055C3CACC1105C.JPEG",
    "cantidad_archivos": 1,
    "archivos_fuente": [
      "Pictures/Fototeca de Fotos.photoslibrary/resources/derivatives/A/A9C5B82B-B841-4D02-B5F7-E83055C3CACC_1_105_c.jpeg"
    ],
    "ultima_modificacion": "2025-08-01 01:01:04.113419"
  },
  "ab821a3799804a2ab7d4bd9adfaae3f81105c.jpeg": {
    "app_sintetizada": "AB821A3799804A2AB7D4BD9ADFAAE3F81105C.JPEG",
    "cantidad_archivos": 1,
    "archivos_fuente": [
      "Pictures/Fototeca de Fotos.photoslibrary/resources/derivatives/A/AB821A37-9980-4A2A-B7D4-BD9ADFAAE3F8_1_105_c.jpeg"
    ],
    "ultima_modificacion": "2025-08-01 01:01:04.113624"
  },
  "a3029bbcf34e43d3834a8000c7cf8cc11105c.jpeg": {
    "app_sintetizada": "A3029BBCF34E43D3834A8000C7CF8CC11105C.JPEG",
    "cantidad_archivos": 1,
    "archivos_fuente": [
      "Pictures/Fototeca de Fotos.photoslibrary/resources/derivatives/A/A3029BBC-F34E-43D3-834A-8000C7CF8CC1_1_105_c.jpeg"
    ],
    "ultima_modificacion": "2025-08-01 01:01:04.113866"
  },
  "af3573cbdec445a38c8bf101885af48e1105c.jpeg": {
    "app_sintetizada": "AF3573CBDEC445A38C8BF101885AF48E1105C.JPEG",
    "cantidad_archivos": 1,
    "archivos_fuente": [
      "Pictures/Fototeca de Fotos.photoslibrary/resources/derivatives/A/AF3573CB-DEC4-45A3-8C8B-F101885AF48E_1_105_c.jpeg"
    ],
    "ultima_modificacion": "2025-08-01 01:01:04.114186"
  },
  "abc4b0348c934c5a99a3840a6901b7c21105c.jpeg": {
    "app_sintetizada": "ABC4B0348C934C5A99A3840A6901B7C21105C.JPEG",
    "cantidad_archivos": 1,
    "archivos_fuente": [
      "Pictures/Fototeca de Fotos.photoslibrary/resources/derivatives/A/ABC4B034-8C93-4C5A-99A3-840A6901B7C2_1_105_c.jpeg"
    ],
    "ultima_modificacion": "2025-08-01 01:01:04.114525"
  },
  "a71df13a959444b2b6998b4ad8da22741105c.jpeg": {
    "app_sintetizada": "A71DF13A959444B2B6998B4AD8DA22741105C.JPEG",
    "cantidad_archivos": 1,
    "archivos_fuente": [
      "Pictures/Fototeca de Fotos.photoslibrary/resources/derivatives/A/A71DF13A-9594-44B2-B699-8B4AD8DA2274_1_105_c.jpeg"
    ],
    "ultima_modificacion": "2025-08-01 01:01:04.116167"
  },
  "aad46c102e8e40c985d1eaae99bbb1e91105c.jpeg": {
    "app_sintetizada": "AAD46C102E8E40C985D1EAAE99BBB1E91105C.JPEG",
    "cantidad_archivos": 1,
    "archivos_fuente": [
      "Pictures/Fototeca de Fotos.photoslibrary/resources/derivatives/A/AAD46C10-2E8E-40C9-85D1-EAAE99BBB1E9_1_105_c.jpeg"
    ],
    "ultima_modificacion": "2025-08-01 01:01:04.116563"
  },
  "a4a94aa799374ccba6341a5aab33cd021105c.jpeg": {
    "app_sintetizada": "A4A94AA799374CCBA6341A5AAB33CD021105C.JPEG",
    "cantidad_archivos": 1,
    "archivos_fuente": [
      "Pictures/Fototeca de Fotos.photoslibrary/resources/derivatives/A/A4A94AA7-9937-4CCB-A634-1A5AAB33CD02_1_105_c.jpeg"
    ],
    "ultima_modificacion": "2025-08-01 01:01:04.116849"
  },
  "a31e92bdec0448c2bf439ae3fcaf4611.thm": {
    "app_sintetizada": "A31E92BDEC0448C2BF439AE3FCAF4611.THM",
    "cantidad_archivos": 1,
    "archivos_fuente": [
      "Pictures/Fototeca de Fotos.photoslibrary/resources/derivatives/A/A31E92BD-EC04-48C2-BF43-9AE3FCAF4611.THM"
    ],
    "ultima_modificacion": "2025-08-01 01:01:04.117186"
  },
  "a7ccf08156e342c58b45bd22a8aa75331105c.jpeg": {
    "app_sintetizada": "A7CCF08156E342C58B45BD22A8AA75331105C.JPEG",
    "cantidad_archivos": 1,
    "archivos_fuente": [
      "Pictures/Fototeca de Fotos.photoslibrary/resources/derivatives/A/A7CCF081-56E3-42C5-8B45-BD22A8AA7533_1_105_c.jpeg"
    ],
    "ultima_modificacion": "2025-08-01 01:01:04.117527"
  },
  "a380c0af6b84412b9151923e35ab3b3c1105c.jpeg": {
    "app_sintetizada": "A380C0AF6B84412B9151923E35AB3B3C1105C.JPEG",
    "cantidad_archivos": 1,
    "archivos_fuente": [
      "Pictures/Fototeca de Fotos.photoslibrary/resources/derivatives/A/A380C0AF-6B84-412B-9151-923E35AB3B3C_1_105_c.jpeg"
    ],
    "ultima_modificacion": "2025-08-01 01:01:04.117854"
  },
  "a023211d050042aab9d3800b3beff5291105c.jpeg": {
    "app_sintetizada": "A023211D050042AAB9D3800B3BEFF5291105C.JPEG",
    "cantidad_archivos": 1,
    "archivos_fuente": [
      "Pictures/Fototeca de Fotos.photoslibrary/resources/derivatives/A/A023211D-0500-42AA-B9D3-800B3BEFF529_1_105_c.jpeg"
    ],
    "ultima_modificacion": "2025-08-01 01:01:04.118106"
  },
  "a9ab956d130143829a716d3879fe99151105c.jpeg": {
    "app_sintetizada": "A9AB956D130143829A716D3879FE99151105C.JPEG",
    "cantidad_archivos": 1,
    "archivos_fuente": [
      "Pictures/Fototeca de Fotos.photoslibrary/resources/derivatives/A/A9AB956D-1301-4382-9A71-6D3879FE9915_1_105_c.jpeg"
    ],
    "ultima_modificacion": "2025-08-01 01:01:04.118332"
  },
  "aa8e41c4b3bf461ba943c916e24284361105c.jpeg": {
    "app_sintetizada": "AA8E41C4B3BF461BA943C916E24284361105C.JPEG",
    "cantidad_archivos": 1,
    "archivos_fuente": [
      "Pictures/Fototeca de Fotos.photoslibrary/resources/derivatives/A/AA8E41C4-B3BF-461B-A943-C916E2428436_1_105_c.jpeg"
    ],
    "ultima_modificacion": "2025-08-01 01:01:04.118547"
  },
  "aee58e6ee8f94368adca9c87eb39ed121105c.jpeg": {
    "app_sintetizada": "AEE58E6EE8F94368ADCA9C87EB39ED121105C.JPEG",
    "cantidad_archivos": 1,
    "archivos_fuente": [
      "Pictures/Fototeca de Fotos.photoslibrary/resources/derivatives/A/AEE58E6E-E8F9-4368-ADCA-9C87EB39ED12_1_105_c.jpeg"
    ],
    "ultima_modificacion": "2025-08-01 01:01:04.118741"
  },
  "aa000b0ae47e43d7b5ffbc9a17caf8871105c.jpeg": {
    "app_sintetizada": "AA000B0AE47E43D7B5FFBC9A17CAF8871105C.JPEG",
    "cantidad_archivos": 1,
    "archivos_fuente": [
      "Pictures/Fototeca de Fotos.photoslibrary/resources/derivatives/A/AA000B0A-E47E-43D7-B5FF-BC9A17CAF887_1_105_c.jpeg"
    ],
    "ultima_modificacion": "2025-08-01 01:01:04.118964"
  },
  "a763a031c2794954a3714168c32edd1a1105c.jpeg": {
    "app_sintetizada": "A763A031C2794954A3714168C32EDD1A1105C.JPEG",
    "cantidad_archivos": 1,
    "archivos_fuente": [
      "Pictures/Fototeca de Fotos.photoslibrary/resources/derivatives/A/A763A031-C279-4954-A371-4168C32EDD1A_1_105_c.jpeg"
    ],
    "ultima_modificacion": "2025-08-01 01:01:04.119222"
  },
  "ad04f71aba8844d2bed354610a7393f41105c.jpeg": {
    "app_sintetizada": "AD04F71ABA8844D2BED354610A7393F41105C.JPEG",
    "cantidad_archivos": 1,
    "archivos_fuente": [
      "Pictures/Fototeca de Fotos.photoslibrary/resources/derivatives/A/AD04F71A-BA88-44D2-BED3-54610A7393F4_1_105_c.jpeg"
    ],
    "ultima_modificacion": "2025-08-01 01:01:04.119553"
  },
  "a873f0d25fd247cc9f2f93121c4416521105c.jpeg": {
    "app_sintetizada": "A873F0D25FD247CC9F2F93121C4416521105C.JPEG",
    "cantidad_archivos": 1,
    "archivos_fuente": [
      "Pictures/Fototeca de Fotos.photoslibrary/resources/derivatives/A/A873F0D2-5FD2-47CC-9F2F-93121C441652_1_105_c.jpeg"
    ],
    "ultima_modificacion": "2025-08-01 01:01:04.119787"
  },
  "a0ac657925d941819e4c327a43e19b0d1105c.jpeg": {
    "app_sintetizada": "A0AC657925D941819E4C327A43E19B0D1105C.JPEG",
    "cantidad_archivos": 1,
    "archivos_fuente": [
      "Pictures/Fototeca de Fotos.photoslibrary/resources/derivatives/A/A0AC6579-25D9-4181-9E4C-327A43E19B0D_1_105_c.jpeg"
    ],
    "ultima_modificacion": "2025-08-01 01:01:04.120041"
  },
  "a73f393cf2d64abf9c72aa783f7ac54a1100o.jpeg": {
    "app_sintetizada": "A73F393CF2D64ABF9C72AA783F7AC54A1100O.JPEG",
    "cantidad_archivos": 1,
    "archivos_fuente": [
      "Pictures/Fototeca de Fotos.photoslibrary/resources/derivatives/A/A73F393C-F2D6-4ABF-9C72-AA783F7AC54A_1_100_o.jpeg"
    ],
    "ultima_modificacion": "2025-08-01 01:01:04.120381"
  },
  "a20befe2552549a3bf070f52f754e8331105c.jpeg": {
    "app_sintetizada": "A20BEFE2552549A3BF070F52F754E8331105C.JPEG",
    "cantidad_archivos": 1,
    "archivos_fuente": [
      "Pictures/Fototeca de Fotos.photoslibrary/resources/derivatives/A/A20BEFE2-5525-49A3-BF07-0F52F754E833_1_105_c.jpeg"
    ],
    "ultima_modificacion": "2025-08-01 01:01:04.120625"
  },
  "a455f6652b51496fb9e1beff51f824b61105c.jpeg": {
    "app_sintetizada": "A455F6652B51496FB9E1BEFF51F824B61105C.JPEG",
    "cantidad_archivos": 1,
    "archivos_fuente": [
      "Pictures/Fototeca de Fotos.photoslibrary/resources/derivatives/A/A455F665-2B51-496F-B9E1-BEFF51F824B6_1_105_c.jpeg"
    ],
    "ultima_modificacion": "2025-08-01 01:01:04.120862"
  },
  "aa02f9b82fed4b1f98b64e77244dd2651105c.jpeg": {
    "app_sintetizada": "AA02F9B82FED4B1F98B64E77244DD2651105C.JPEG",
    "cantidad_archivos": 1,
    "archivos_fuente": [
      "Pictures/Fototeca de Fotos.photoslibrary/resources/derivatives/A/AA02F9B8-2FED-4B1F-98B6-4E77244DD265_1_105_c.jpeg"
    ],
    "ultima_modificacion": "2025-08-01 01:01:04.121095"
  },
  "a98ad5b353a4484d904b4f6f4867a4b81105c.jpeg": {
    "app_sintetizada": "A98AD5B353A4484D904B4F6F4867A4B81105C.JPEG",
    "cantidad_archivos": 1,
    "archivos_fuente": [
      "Pictures/Fototeca de Fotos.photoslibrary/resources/derivatives/A/A98AD5B3-53A4-484D-904B-4F6F4867A4B8_1_105_c.jpeg"
    ],
    "ultima_modificacion": "2025-08-01 01:01:04.121292"
  },
  "aa8aec0b9b4b468a97a0779f1bfe606c1105c.jpeg": {
    "app_sintetizada": "AA8AEC0B9B4B468A97A0779F1BFE606C1105C.JPEG",
    "cantidad_archivos": 1,
    "archivos_fuente": [
      "Pictures/Fototeca de Fotos.photoslibrary/resources/derivatives/A/AA8AEC0B-9B4B-468A-97A0-779F1BFE606C_1_105_c.jpeg"
    ],
    "ultima_modificacion": "2025-08-01 01:01:04.121496"
  },
  "a04f3183048743fc99d061917f2f43221105c.jpeg": {
    "app_sintetizada": "A04F3183048743FC99D061917F2F43221105C.JPEG",
    "cantidad_archivos": 1,
    "archivos_fuente": [
      "Pictures/Fototeca de Fotos.photoslibrary/resources/derivatives/A/A04F3183-0487-43FC-99D0-61917F2F4322_1_105_c.jpeg"
    ],
    "ultima_modificacion": "2025-08-01 01:01:04.121687"
  },
  "aafb3806ba114736a06b3aecaebda23c1105c.jpeg": {
    "app_sintetizada": "AAFB3806BA114736A06B3AECAEBDA23C1105C.JPEG",
    "cantidad_archivos": 1,
    "archivos_fuente": [
      "Pictures/Fototeca de Fotos.photoslibrary/resources/derivatives/A/AAFB3806-BA11-4736-A06B-3AECAEBDA23C_1_105_c.jpeg"
    ],
    "ultima_modificacion": "2025-08-01 01:01:04.121892"
  },
  "afbe8bcefb4d4e3a886a905b3ec149321105c.jpeg": {
    "app_sintetizada": "AFBE8BCEFB4D4E3A886A905B3EC149321105C.JPEG",
    "cantidad_archivos": 1,
    "archivos_fuente": [
      "Pictures/Fototeca de Fotos.photoslibrary/resources/derivatives/A/AFBE8BCE-FB4D-4E3A-886A-905B3EC14932_1_105_c.jpeg"
    ],
    "ultima_modificacion": "2025-08-01 01:01:04.122073"
  },
  "a2666e67455c4bcaa407fe08cfdc91e31105c.jpeg": {
    "app_sintetizada": "A2666E67455C4BCAA407FE08CFDC91E31105C.JPEG",
    "cantidad_archivos": 1,
    "archivos_fuente": [
      "Pictures/Fototeca de Fotos.photoslibrary/resources/derivatives/A/A2666E67-455C-4BCA-A407-FE08CFDC91E3_1_105_c.jpeg"
    ],
    "ultima_modificacion": "2025-08-01 01:01:04.122249"
  },
  "a7c31c6ef45f48b9a0c52e116225a3841105c.jpeg": {
    "app_sintetizada": "A7C31C6EF45F48B9A0C52E116225A3841105C.JPEG",
    "cantidad_archivos": 1,
    "archivos_fuente": [
      "Pictures/Fototeca de Fotos.photoslibrary/resources/derivatives/A/A7C31C6E-F45F-48B9-A0C5-2E116225A384_1_105_c.jpeg"
    ],
    "ultima_modificacion": "2025-08-01 01:01:04.122432"
  },
  "a7b08e74c0304367a69f6076f9c7425b1105c.jpeg": {
    "app_sintetizada": "A7B08E74C0304367A69F6076F9C7425B1105C.JPEG",
    "cantidad_archivos": 1,
    "archivos_fuente": [
      "Pictures/Fototeca de Fotos.photoslibrary/resources/derivatives/A/A7B08E74-C030-4367-A69F-6076F9C7425B_1_105_c.jpeg"
    ],
    "ultima_modificacion": "2025-08-01 01:01:04.122616"
  },
  "ae8f46a98ffc48edbb9fbde8a3e47b401105c.jpeg": {
    "app_sintetizada": "AE8F46A98FFC48EDBB9FBDE8A3E47B401105C.JPEG",
    "cantidad_archivos": 1,
    "archivos_fuente": [
      "Pictures/Fototeca de Fotos.photoslibrary/resources/derivatives/A/AE8F46A9-8FFC-48ED-BB9F-BDE8A3E47B40_1_105_c.jpeg"
    ],
    "ultima_modificacion": "2025-08-01 01:01:04.122803"
  },
  "a10504b5a53341c4ab0684751a7886401105c.jpeg": {
    "app_sintetizada": "A10504B5A53341C4AB0684751A7886401105C.JPEG",
    "cantidad_archivos": 1,
    "archivos_fuente": [
      "Pictures/Fototeca de Fotos.photoslibrary/resources/derivatives/A/A10504B5-A533-41C4-AB06-84751A788640_1_105_c.jpeg"
    ],
    "ultima_modificacion": "2025-08-01 01:01:04.122995"
  },
  "a010dedab79747158705611b0c485c571105c.jpeg": {
    "app_sintetizada": "A010DEDAB79747158705611B0C485C571105C.JPEG",
    "cantidad_archivos": 1,
    "archivos_fuente": [
      "Pictures/Fototeca de Fotos.photoslibrary/resources/derivatives/A/A010DEDA-B797-4715-8705-611B0C485C57_1_105_c.jpeg"
    ],
    "ultima_modificacion": "2025-08-01 01:01:04.123178"
  },
  "ae405e08a7f3484c9647770e5e6065651105c.jpeg": {
    "app_sintetizada": "AE405E08A7F3484C9647770E5E6065651105C.JPEG",
    "cantidad_archivos": 1,
    "archivos_fuente": [
      "Pictures/Fototeca de Fotos.photoslibrary/resources/derivatives/A/AE405E08-A7F3-484C-9647-770E5E606565_1_105_c.jpeg"
    ],
    "ultima_modificacion": "2025-08-01 01:01:04.123366"
  },
  "a78f7d4155d543f18d69af258ae00af31105c.jpeg": {
    "app_sintetizada": "A78F7D4155D543F18D69AF258AE00AF31105C.JPEG",
    "cantidad_archivos": 1,
    "archivos_fuente": [
      "Pictures/Fototeca de Fotos.photoslibrary/resources/derivatives/A/A78F7D41-55D5-43F1-8D69-AF258AE00AF3_1_105_c.jpeg"
    ],
    "ultima_modificacion": "2025-08-01 01:01:04.123684"
  },
  "af2b7ca1de4d4c9dba9e75ec813a5974.thm": {
    "app_sintetizada": "AF2B7CA1DE4D4C9DBA9E75EC813A5974.THM",
    "cantidad_archivos": 1,
    "archivos_fuente": [
      "Pictures/Fototeca de Fotos.photoslibrary/resources/derivatives/A/AF2B7CA1-DE4D-4C9D-BA9E-75EC813A5974.THM"
    ],
    "ultima_modificacion": "2025-08-01 01:01:04.124042"
  },
  "ae825ed721434d6fb3c6f334a735e5031105c.jpeg": {
    "app_sintetizada": "AE825ED721434D6FB3C6F334A735E5031105C.JPEG",
    "cantidad_archivos": 1,
    "archivos_fuente": [
      "Pictures/Fototeca de Fotos.photoslibrary/resources/derivatives/A/AE825ED7-2143-4D6F-B3C6-F334A735E503_1_105_c.jpeg"
    ],
    "ultima_modificacion": "2025-08-01 01:01:04.124268"
  },
  "a49177fd5f0c429a860e226a061934771105c.jpeg": {
    "app_sintetizada": "A49177FD5F0C429A860E226A061934771105C.JPEG",
    "cantidad_archivos": 1,
    "archivos_fuente": [
      "Pictures/Fototeca de Fotos.photoslibrary/resources/derivatives/A/A49177FD-5F0C-429A-860E-226A06193477_1_105_c.jpeg"
    ],
    "ultima_modificacion": "2025-08-01 01:01:04.124580"
  },
  "ab0656de48ef47b68aeb0452a0c2ceec.thm": {
    "app_sintetizada": "AB0656DE48EF47B68AEB0452A0C2CEEC.THM",
    "cantidad_archivos": 1,
    "archivos_fuente": [
      "Pictures/Fototeca de Fotos.photoslibrary/resources/derivatives/A/AB0656DE-48EF-47B6-8AEB-0452A0C2CEEC.THM"
    ],
    "ultima_modificacion": "2025-08-01 01:01:04.124792"
  },
  "ad19fbd209c2464b9466e2a0aa52708c1102o.jpeg": {
    "app_sintetizada": "AD19FBD209C2464B9466E2A0AA52708C1102O.JPEG",
    "cantidad_archivos": 1,
    "archivos_fuente": [
      "Pictures/Fototeca de Fotos.photoslibrary/resources/derivatives/A/AD19FBD2-09C2-464B-9466-E2A0AA52708C_1_102_o.jpeg"
    ],
    "ultima_modificacion": "2025-08-01 01:01:04.124993"
  },
  "a4a2b1f6772b4449a8a0e6492d79d8361105c.jpeg": {
    "app_sintetizada": "A4A2B1F6772B4449A8A0E6492D79D8361105C.JPEG",
    "cantidad_archivos": 1,
    "archivos_fuente": [
      "Pictures/Fototeca de Fotos.photoslibrary/resources/derivatives/A/A4A2B1F6-772B-4449-A8A0-E6492D79D836_1_105_c.jpeg"
    ],
    "ultima_modificacion": "2025-08-01 01:01:04.125188"
  },
  "ade968c37e754dcd9f6aa06a43e0f2f91105c.jpeg": {
    "app_sintetizada": "ADE968C37E754DCD9F6AA06A43E0F2F91105C.JPEG",
    "cantidad_archivos": 1,
    "archivos_fuente": [
      "Pictures/Fototeca de Fotos.photoslibrary/resources/derivatives/A/ADE968C3-7E75-4DCD-9F6A-A06A43E0F2F9_1_105_c.jpeg"
    ],
    "ultima_modificacion": "2025-08-01 01:01:04.125387"
  },
  "a7550ddbe3bb4847af40bcd5bd63f67b1105c.jpeg": {
    "app_sintetizada": "A7550DDBE3BB4847AF40BCD5BD63F67B1105C.JPEG",
    "cantidad_archivos": 1,
    "archivos_fuente": [
      "Pictures/Fototeca de Fotos.photoslibrary/resources/derivatives/A/A7550DDB-E3BB-4847-AF40-BCD5BD63F67B_1_105_c.jpeg"
    ],
    "ultima_modificacion": "2025-08-01 01:01:04.125582"
  },
  "ad67350cb4cf46d8ad01e94fdba9c8251105c.jpeg": {
    "app_sintetizada": "AD67350CB4CF46D8AD01E94FDBA9C8251105C.JPEG",
    "cantidad_archivos": 1,
    "archivos_fuente": [
      "Pictures/Fototeca de Fotos.photoslibrary/resources/derivatives/A/AD67350C-B4CF-46D8-AD01-E94FDBA9C825_1_105_c.jpeg"
    ],
    "ultima_modificacion": "2025-08-01 01:01:04.125774"
  },
  "af663fb0e97942e8902659887b91a4a1.thm": {
    "app_sintetizada": "AF663FB0E97942E8902659887B91A4A1.THM",
    "cantidad_archivos": 1,
    "archivos_fuente": [
      "Pictures/Fototeca de Fotos.photoslibrary/resources/derivatives/A/AF663FB0-E979-42E8-9026-59887B91A4A1.THM"
    ],
    "ultima_modificacion": "2025-08-01 01:01:04.125955"
  },
  "a78b1c86dfee463a9b70bb64eb6e29ed.thm": {
    "app_sintetizada": "A78B1C86DFEE463A9B70BB64EB6E29ED.THM",
    "cantidad_archivos": 1,
    "archivos_fuente": [
      "Pictures/Fototeca de Fotos.photoslibrary/resources/derivatives/A/A78B1C86-DFEE-463A-9B70-BB64EB6E29ED.THM"
    ],
    "ultima_modificacion": "2025-08-01 01:01:04.126138"
  },
  "aa97e37f5c3b4e4885f6a980d6dfe3d21105c.jpeg": {
    "app_sintetizada": "AA97E37F5C3B4E4885F6A980D6DFE3D21105C.JPEG",
    "cantidad_archivos": 1,
    "archivos_fuente": [
      "Pictures/Fototeca de Fotos.photoslibrary/resources/derivatives/A/AA97E37F-5C3B-4E48-85F6-A980D6DFE3D2_1_105_c.jpeg"
    ],
    "ultima_modificacion": "2025-08-01 01:01:04.126319"
  },
  "a0348112dea0422bb076189455d56244.thm": {
    "app_sintetizada": "A0348112DEA0422BB076189455D56244.THM",
    "cantidad_archivos": 1,
    "archivos_fuente": [
      "Pictures/Fototeca de Fotos.photoslibrary/resources/derivatives/A/A0348112-DEA0-422B-B076-189455D56244.THM"
    ],
    "ultima_modificacion": "2025-08-01 01:01:04.126508"
  },
  "a008ddd3c58d46afb3abefeae781fd121105c.jpeg": {
    "app_sintetizada": "A008DDD3C58D46AFB3ABEFEAE781FD121105C.JPEG",
    "cantidad_archivos": 1,
    "archivos_fuente": [
      "Pictures/Fototeca de Fotos.photoslibrary/resources/derivatives/A/A008DDD3-C58D-46AF-B3AB-EFEAE781FD12_1_105_c.jpeg"
    ],
    "ultima_modificacion": "2025-08-01 01:01:04.126688"
  },
  "a97c2eb87d8a4ee7a4277e007929e0cf1105c.jpeg": {
    "app_sintetizada": "A97C2EB87D8A4EE7A4277E007929E0CF1105C.JPEG",
    "cantidad_archivos": 1,
    "archivos_fuente": [
      "Pictures/Fototeca de Fotos.photoslibrary/resources/derivatives/A/A97C2EB8-7D8A-4EE7-A427-7E007929E0CF_1_105_c.jpeg"
    ],
    "ultima_modificacion": "2025-08-01 01:01:04.126869"
  },
  "ac8ae40b2f3c43b5bb2c860d9a43afe91105c.jpeg": {
    "app_sintetizada": "AC8AE40B2F3C43B5BB2C860D9A43AFE91105C.JPEG",
    "cantidad_archivos": 1,
    "archivos_fuente": [
      "Pictures/Fototeca de Fotos.photoslibrary/resources/derivatives/A/AC8AE40B-2F3C-43B5-BB2C-860D9A43AFE9_1_105_c.jpeg"
    ],
    "ultima_modificacion": "2025-08-01 01:01:04.127059"
  },
  "aaa0786aef694711adad758c3291d0c01105c.jpeg": {
    "app_sintetizada": "AAA0786AEF694711ADAD758C3291D0C01105C.JPEG",
    "cantidad_archivos": 1,
    "archivos_fuente": [
      "Pictures/Fototeca de Fotos.photoslibrary/resources/derivatives/A/AAA0786A-EF69-4711-ADAD-758C3291D0C0_1_105_c.jpeg"
    ],
    "ultima_modificacion": "2025-08-01 01:01:04.127280"
  },
  "abfa7b8807af4a56955179b24cae4ea41105c.jpeg": {
    "app_sintetizada": "ABFA7B8807AF4A56955179B24CAE4EA41105C.JPEG",
    "cantidad_archivos": 1,
    "archivos_fuente": [
      "Pictures/Fototeca de Fotos.photoslibrary/resources/derivatives/A/ABFA7B88-07AF-4A56-9551-79B24CAE4EA4_1_105_c.jpeg"
    ],
    "ultima_modificacion": "2025-08-01 01:01:04.127558"
  },
  "a2b2653b946c448fb1e0ab9a1adf01fc.thm": {
    "app_sintetizada": "A2B2653B946C448FB1E0AB9A1ADF01FC.THM",
    "cantidad_archivos": 1,
    "archivos_fuente": [
      "Pictures/Fototeca de Fotos.photoslibrary/resources/derivatives/A/A2B2653B-946C-448F-B1E0-AB9A1ADF01FC.THM"
    ],
    "ultima_modificacion": "2025-08-01 01:01:04.127755"
  },
  "a52d875ee32e4a6d80ad9bc8101e78ef1105c.jpeg": {
    "app_sintetizada": "A52D875EE32E4A6D80AD9BC8101E78EF1105C.JPEG",
    "cantidad_archivos": 1,
    "archivos_fuente": [
      "Pictures/Fototeca de Fotos.photoslibrary/resources/derivatives/A/A52D875E-E32E-4A6D-80AD-9BC8101E78EF_1_105_c.jpeg"
    ],
    "ultima_modificacion": "2025-08-01 01:01:04.127967"
  },
  "a9e6f1cda58b4e36b9925806d98447b71105c.jpeg": {
    "app_sintetizada": "A9E6F1CDA58B4E36B9925806D98447B71105C.JPEG",
    "cantidad_archivos": 1,
    "archivos_fuente": [
      "Pictures/Fototeca de Fotos.photoslibrary/resources/derivatives/A/A9E6F1CD-A58B-4E36-B992-5806D98447B7_1_105_c.jpeg"
    ],
    "ultima_modificacion": "2025-08-01 01:01:04.128216"
  },
  "acd59f852ed54f85919831b231e23aff1100o.jpeg": {
    "app_sintetizada": "ACD59F852ED54F85919831B231E23AFF1100O.JPEG",
    "cantidad_archivos": 1,
    "archivos_fuente": [
      "Pictures/Fototeca de Fotos.photoslibrary/resources/derivatives/A/ACD59F85-2ED5-4F85-9198-31B231E23AFF_1_100_o.jpeg"
    ],
    "ultima_modificacion": "2025-08-01 01:01:04.128435"
  },
  "a8cd6ec93f654e76b9db61a07c5110b51105c.jpeg": {
    "app_sintetizada": "A8CD6EC93F654E76B9DB61A07C5110B51105C.JPEG",
    "cantidad_archivos": 1,
    "archivos_fuente": [
      "Pictures/Fototeca de Fotos.photoslibrary/resources/derivatives/A/A8CD6EC9-3F65-4E76-B9DB-61A07C5110B5_1_105_c.jpeg"
    ],
    "ultima_modificacion": "2025-08-01 01:01:04.128637"
  },
  "a43d5810178b4684990cdc79fa2df1041105c.jpeg": {
    "app_sintetizada": "A43D5810178B4684990CDC79FA2DF1041105C.JPEG",
    "cantidad_archivos": 1,
    "archivos_fuente": [
      "Pictures/Fototeca de Fotos.photoslibrary/resources/derivatives/A/A43D5810-178B-4684-990C-DC79FA2DF104_1_105_c.jpeg"
    ],
    "ultima_modificacion": "2025-08-01 01:01:04.128818"
  },
  "a5f1f9c7b9e2472988ce3628605e56591105c.jpeg": {
    "app_sintetizada": "A5F1F9C7B9E2472988CE3628605E56591105C.JPEG",
    "cantidad_archivos": 1,
    "archivos_fuente": [
      "Pictures/Fototeca de Fotos.photoslibrary/resources/derivatives/A/A5F1F9C7-B9E2-4729-88CE-3628605E5659_1_105_c.jpeg"
    ],
    "ultima_modificacion": "2025-08-01 01:01:04.129000"
  },
  "af81daa5576e48c7a7c5a9be29c9ef111105c.jpeg": {
    "app_sintetizada": "AF81DAA5576E48C7A7C5A9BE29C9EF111105C.JPEG",
    "cantidad_archivos": 1,
    "archivos_fuente": [
      "Pictures/Fototeca de Fotos.photoslibrary/resources/derivatives/A/AF81DAA5-576E-48C7-A7C5-A9BE29C9EF11_1_105_c.jpeg"
    ],
    "ultima_modificacion": "2025-08-01 01:01:04.129181"
  },
  "a14b9b5b3ae54009b46bc42472a5b0081105c.jpeg": {
    "app_sintetizada": "A14B9B5B3AE54009B46BC42472A5B0081105C.JPEG",
    "cantidad_archivos": 1,
    "archivos_fuente": [
      "Pictures/Fototeca de Fotos.photoslibrary/resources/derivatives/A/A14B9B5B-3AE5-4009-B46B-C42472A5B008_1_105_c.jpeg"
    ],
    "ultima_modificacion": "2025-08-01 01:01:04.129362"
  },
  "a7b6ac99006b4045a27360d7115238871105c.jpeg": {
    "app_sintetizada": "A7B6AC99006B4045A27360D7115238871105C.JPEG",
    "cantidad_archivos": 1,
    "archivos_fuente": [
      "Pictures/Fototeca de Fotos.photoslibrary/resources/derivatives/A/A7B6AC99-006B-4045-A273-60D711523887_1_105_c.jpeg"
    ],
    "ultima_modificacion": "2025-08-01 01:01:04.129538"
  },
  "a84a70a246ae4ea882e321d33880735a1105c.jpeg": {
    "app_sintetizada": "A84A70A246AE4EA882E321D33880735A1105C.JPEG",
    "cantidad_archivos": 1,
    "archivos_fuente": [
      "Pictures/Fototeca de Fotos.photoslibrary/resources/derivatives/A/A84A70A2-46AE-4EA8-82E3-21D33880735A_1_105_c.jpeg"
    ],
    "ultima_modificacion": "2025-08-01 01:01:04.129728"
  },
  "a6ff9fa118c345fc8d4d5097e5ed12c21105c.jpeg": {
    "app_sintetizada": "A6FF9FA118C345FC8D4D5097E5ED12C21105C.JPEG",
    "cantidad_archivos": 1,
    "archivos_fuente": [
      "Pictures/Fototeca de Fotos.photoslibrary/resources/derivatives/A/A6FF9FA1-18C3-45FC-8D4D-5097E5ED12C2_1_105_c.jpeg"
    ],
    "ultima_modificacion": "2025-08-01 01:01:04.129908"
  },
  "ac6baa65cde040b3840f2b160ba2781e1105c.jpeg": {
    "app_sintetizada": "AC6BAA65CDE040B3840F2B160BA2781E1105C.JPEG",
    "cantidad_archivos": 1,
    "archivos_fuente": [
      "Pictures/Fototeca de Fotos.photoslibrary/resources/derivatives/A/AC6BAA65-CDE0-40B3-840F-2B160BA2781E_1_105_c.jpeg"
    ],
    "ultima_modificacion": "2025-08-01 01:01:04.130091"
  },
  "ab1e3742fbfd45bc92ee6dca33e08289.thm": {
    "app_sintetizada": "AB1E3742FBFD45BC92EE6DCA33E08289.THM",
    "cantidad_archivos": 1,
    "archivos_fuente": [
      "Pictures/Fototeca de Fotos.photoslibrary/resources/derivatives/A/AB1E3742-FBFD-45BC-92EE-6DCA33E08289.THM"
    ],
    "ultima_modificacion": "2025-08-01 01:01:04.130271"
  },
  "a9a0ad3cb7144d648c48b8aa1bedb0b21105c.jpeg": {
    "app_sintetizada": "A9A0AD3CB7144D648C48B8AA1BEDB0B21105C.JPEG",
    "cantidad_archivos": 1,
    "archivos_fuente": [
      "Pictures/Fototeca de Fotos.photoslibrary/resources/derivatives/A/A9A0AD3C-B714-4D64-8C48-B8AA1BEDB0B2_1_105_c.jpeg"
    ],
    "ultima_modificacion": "2025-08-01 01:01:04.130554"
  },
  "a3f09c84bbe04cffbe8f5d6eeb48ead71105c.jpeg": {
    "app_sintetizada": "A3F09C84BBE04CFFBE8F5D6EEB48EAD71105C.JPEG",
    "cantidad_archivos": 1,
    "archivos_fuente": [
      "Pictures/Fototeca de Fotos.photoslibrary/resources/derivatives/A/A3F09C84-BBE0-4CFF-BE8F-5D6EEB48EAD7_1_105_c.jpeg"
    ],
    "ultima_modificacion": "2025-08-01 01:01:04.130786"
  },
  "ab4c3f8256e5477fbbe2a6d1ade491941105c.jpeg": {
    "app_sintetizada": "AB4C3F8256E5477FBBE2A6D1ADE491941105C.JPEG",
    "cantidad_archivos": 1,
    "archivos_fuente": [
      "Pictures/Fototeca de Fotos.photoslibrary/resources/derivatives/A/AB4C3F82-56E5-477F-BBE2-A6D1ADE49194_1_105_c.jpeg"
    ],
    "ultima_modificacion": "2025-08-01 01:01:04.131010"
  },
  "a101aa46ddd84803a58a0afe5a373a581105c.jpeg": {
    "app_sintetizada": "A101AA46DDD84803A58A0AFE5A373A581105C.JPEG",
    "cantidad_archivos": 1,
    "archivos_fuente": [
      "Pictures/Fototeca de Fotos.photoslibrary/resources/derivatives/A/A101AA46-DDD8-4803-A58A-0AFE5A373A58_1_105_c.jpeg"
    ],
    "ultima_modificacion": "2025-08-01 01:01:04.131309"
  },
  "ae798ea975434458ad072bdae29621351105c.jpeg": {
    "app_sintetizada": "AE798EA975434458AD072BDAE29621351105C.JPEG",
    "cantidad_archivos": 1,
    "archivos_fuente": [
      "Pictures/Fototeca de Fotos.photoslibrary/resources/derivatives/A/AE798EA9-7543-4458-AD07-2BDAE2962135_1_105_c.jpeg"
    ],
    "ultima_modificacion": "2025-08-01 01:01:04.131514"
  },
  "a2bb1643a04740ea8d12d05c950272c61105c.jpeg": {
    "app_sintetizada": "A2BB1643A04740EA8D12D05C950272C61105C.JPEG",
    "cantidad_archivos": 1,
    "archivos_fuente": [
      "Pictures/Fototeca de Fotos.photoslibrary/resources/derivatives/A/A2BB1643-A047-40EA-8D12-D05C950272C6_1_105_c.jpeg"
    ],
    "ultima_modificacion": "2025-08-01 01:01:04.131703"
  },
  "af1a54352dd1483da04df92d5b2ee5391105c.jpeg": {
    "app_sintetizada": "AF1A54352DD1483DA04DF92D5B2EE5391105C.JPEG",
    "cantidad_archivos": 1,
    "archivos_fuente": [
      "Pictures/Fototeca de Fotos.photoslibrary/resources/derivatives/A/AF1A5435-2DD1-483D-A04D-F92D5B2EE539_1_105_c.jpeg"
    ],
    "ultima_modificacion": "2025-08-01 01:01:04.131975"
  },
  "aaa483f9f0314c5fb43ff12c5deffd291105c.jpeg": {
    "app_sintetizada": "AAA483F9F0314C5FB43FF12C5DEFFD291105C.JPEG",
    "cantidad_archivos": 1,
    "archivos_fuente": [
      "Pictures/Fototeca de Fotos.photoslibrary/resources/derivatives/A/AAA483F9-F031-4C5F-B43F-F12C5DEFFD29_1_105_c.jpeg"
    ],
    "ultima_modificacion": "2025-08-01 01:01:04.132254"
  },
  "a97952aa0e9a4d0281f8aeaa08bef1e21105c.jpeg": {
    "app_sintetizada": "A97952AA0E9A4D0281F8AEAA08BEF1E21105C.JPEG",
    "cantidad_archivos": 1,
    "archivos_fuente": [
      "Pictures/Fototeca de Fotos.photoslibrary/resources/derivatives/A/A97952AA-0E9A-4D02-81F8-AEAA08BEF1E2_1_105_c.jpeg"
    ],
    "ultima_modificacion": "2025-08-01 01:01:04.132478"
  },
  "ac95495914fb43118115f5369e06b9461105c.jpeg": {
    "app_sintetizada": "AC95495914FB43118115F5369E06B9461105C.JPEG",
    "cantidad_archivos": 1,
    "archivos_fuente": [
      "Pictures/Fototeca de Fotos.photoslibrary/resources/derivatives/A/AC954959-14FB-4311-8115-F5369E06B946_1_105_c.jpeg"
    ],
    "ultima_modificacion": "2025-08-01 01:01:04.132677"
  },
  "a26652e946ae4c769087f5af88f7b9c91105c.jpeg": {
    "app_sintetizada": "A26652E946AE4C769087F5AF88F7B9C91105C.JPEG",
    "cantidad_archivos": 1,
    "archivos_fuente": [
      "Pictures/Fototeca de Fotos.photoslibrary/resources/derivatives/A/A26652E9-46AE-4C76-9087-F5AF88F7B9C9_1_105_c.jpeg"
    ],
    "ultima_modificacion": "2025-08-01 01:01:04.132860"
  },
  "ab4c16ebd4e947c89b4bc73ee816c6411105c.jpeg": {
    "app_sintetizada": "AB4C16EBD4E947C89B4BC73EE816C6411105C.JPEG",
    "cantidad_archivos": 1,
    "archivos_fuente": [
      "Pictures/Fototeca de Fotos.photoslibrary/resources/derivatives/A/AB4C16EB-D4E9-47C8-9B4B-C73EE816C641_1_105_c.jpeg"
    ],
    "ultima_modificacion": "2025-08-01 01:01:04.133039"
  },
  "a223f766b395402fb0509e8324ddb8fa1105c.jpeg": {
    "app_sintetizada": "A223F766B395402FB0509E8324DDB8FA1105C.JPEG",
    "cantidad_archivos": 1,
    "archivos_fuente": [
      "Pictures/Fototeca de Fotos.photoslibrary/resources/derivatives/A/A223F766-B395-402F-B050-9E8324DDB8FA_1_105_c.jpeg"
    ],
    "ultima_modificacion": "2025-08-01 01:01:04.133218"
  },
  "a9b21d53322e4f038983386326921bda1105c.jpeg": {
    "app_sintetizada": "A9B21D53322E4F038983386326921BDA1105C.JPEG",
    "cantidad_archivos": 1,
    "archivos_fuente": [
      "Pictures/Fototeca de Fotos.photoslibrary/resources/derivatives/A/A9B21D53-322E-4F03-8983-386326921BDA_1_105_c.jpeg"
    ],
    "ultima_modificacion": "2025-08-01 01:01:04.133433"
  },
  "a22d4c365c314368889525e1ddb8dcdb1105c.jpeg": {
    "app_sintetizada": "A22D4C365C314368889525E1DDB8DCDB1105C.JPEG",
    "cantidad_archivos": 1,
    "archivos_fuente": [
      "Pictures/Fototeca de Fotos.photoslibrary/resources/derivatives/A/A22D4C36-5C31-4368-8895-25E1DDB8DCDB_1_105_c.jpeg"
    ],
    "ultima_modificacion": "2025-08-01 01:01:04.133663"
  },
  "ab9e1f03ad5544b3a91ef528e9a688a8.thm": {
    "app_sintetizada": "AB9E1F03AD5544B3A91EF528E9A688A8.THM",
    "cantidad_archivos": 1,
    "archivos_fuente": [
      "Pictures/Fototeca de Fotos.photoslibrary/resources/derivatives/A/AB9E1F03-AD55-44B3-A91E-F528E9A688A8.THM"
    ],
    "ultima_modificacion": "2025-08-01 01:01:04.133860"
  },
  "af51143af0b3455c88fb37123b4c8adb1105c.jpeg": {
    "app_sintetizada": "AF51143AF0B3455C88FB37123B4C8ADB1105C.JPEG",
    "cantidad_archivos": 1,
    "archivos_fuente": [
      "Pictures/Fototeca de Fotos.photoslibrary/resources/derivatives/A/AF51143A-F0B3-455C-88FB-37123B4C8ADB_1_105_c.jpeg"
    ],
    "ultima_modificacion": "2025-08-01 01:01:04.134107"
  },
  "a5988ef913664ed78f1bf70716f95c98.thm": {
    "app_sintetizada": "A5988EF913664ED78F1BF70716F95C98.THM",
    "cantidad_archivos": 1,
    "archivos_fuente": [
      "Pictures/Fototeca de Fotos.photoslibrary/resources/derivatives/A/A5988EF9-1366-4ED7-8F1B-F70716F95C98.THM"
    ],
    "ultima_modificacion": "2025-08-01 01:01:04.134414"
  },
  "ad7791576a6a4c9e98ef63075c6fed251105c.jpeg": {
    "app_sintetizada": "AD7791576A6A4C9E98EF63075C6FED251105C.JPEG",
    "cantidad_archivos": 1,
    "archivos_fuente": [
      "Pictures/Fototeca de Fotos.photoslibrary/resources/derivatives/A/AD779157-6A6A-4C9E-98EF-63075C6FED25_1_105_c.jpeg"
    ],
    "ultima_modificacion": "2025-08-01 01:01:04.134624"
  },
  "a1d83cba60094ce39fe244989c01b3e21105c.jpeg": {
    "app_sintetizada": "A1D83CBA60094CE39FE244989C01B3E21105C.JPEG",
    "cantidad_archivos": 1,
    "archivos_fuente": [
      "Pictures/Fototeca de Fotos.photoslibrary/resources/derivatives/A/A1D83CBA-6009-4CE3-9FE2-44989C01B3E2_1_105_c.jpeg"
    ],
    "ultima_modificacion": "2025-08-01 01:01:04.134842"
  }
}