{
  "80d6c0de31fd48e09ac5808d564a98e41105c.jpeg": {
    "app_sintetizada": "80D6C0DE31FD48E09AC5808D564A98E41105C.JPEG",
    "cantidad_archivos": 1,
    "archivos_fuente": [
      "Pictures/Fototeca de Fotos.photoslibrary/resources/derivatives/8/80D6C0DE-31FD-48E0-9AC5-808D564A98E4_1_105_c.jpeg"
    ],
    "ultima_modificacion": "2025-08-01 01:01:03.245265"
  },
  "8b3dd234d7a7498692b5690ee8ae8beb1105c.jpeg": {
    "app_sintetizada": "8B3DD234D7A7498692B5690EE8AE8BEB1105C.JPEG",
    "cantidad_archivos": 1,
    "archivos_fuente": [
      "Pictures/Fototeca de Fotos.photoslibrary/resources/derivatives/8/8B3DD234-D7A7-4986-92B5-690EE8AE8BEB_1_105_c.jpeg"
    ],
    "ultima_modificacion": "2025-08-01 01:01:03.245556"
  },
  "899eb54d76ed4d04a24bf775cf8740811102o.jpeg": {
    "app_sintetizada": "899EB54D76ED4D04A24BF775CF8740811102O.JPEG",
    "cantidad_archivos": 1,
    "archivos_fuente": [
      "Pictures/Fototeca de Fotos.photoslibrary/resources/derivatives/8/899EB54D-76ED-4D04-A24B-F775CF874081_1_102_o.jpeg"
    ],
    "ultima_modificacion": "2025-08-01 01:01:03.245872"
  },
  "805d8de95e774437babea4640a3c12e11105c.jpeg": {
    "app_sintetizada": "805D8DE95E774437BABEA4640A3C12E11105C.JPEG",
    "cantidad_archivos": 1,
    "archivos_fuente": [
      "Pictures/Fototeca de Fotos.photoslibrary/resources/derivatives/8/805D8DE9-5E77-4437-BABE-A4640A3C12E1_1_105_c.jpeg"
    ],
    "ultima_modificacion": "2025-08-01 01:01:03.246164"
  },
  "825a4c00c4f14043ab9c0c11a81587291105c.jpeg": {
    "app_sintetizada": "825A4C00C4F14043AB9C0C11A81587291105C.JPEG",
    "cantidad_archivos": 1,
    "archivos_fuente": [
      "Pictures/Fototeca de Fotos.photoslibrary/resources/derivatives/8/825A4C00-C4F1-4043-AB9C-0C11A8158729_1_105_c.jpeg"
    ],
    "ultima_modificacion": "2025-08-01 01:01:03.246470"
  },
  "83d95155ce90496382027e8ac03b8d911105c.jpeg": {
    "app_sintetizada": "83D95155CE90496382027E8AC03B8D911105C.JPEG",
    "cantidad_archivos": 1,
    "archivos_fuente": [
      "Pictures/Fototeca de Fotos.photoslibrary/resources/derivatives/8/83D95155-CE90-4963-8202-7E8AC03B8D91_1_105_c.jpeg"
    ],
    "ultima_modificacion": "2025-08-01 01:01:03.246754"
  },
  "8c7ec4c0e0c44f3792b98c0885e116261105c.jpeg": {
    "app_sintetizada": "8C7EC4C0E0C44F3792B98C0885E116261105C.JPEG",
    "cantidad_archivos": 1,
    "archivos_fuente": [
      "Pictures/Fototeca de Fotos.photoslibrary/resources/derivatives/8/8C7EC4C0-E0C4-4F37-92B9-8C0885E11626_1_105_c.jpeg"
    ],
    "ultima_modificacion": "2025-08-01 01:01:03.247057"
  },
  "842d0158fb7644a8ad2d17676cdd1bf41105c.jpeg": {
    "app_sintetizada": "842D0158FB7644A8AD2D17676CDD1BF41105C.JPEG",
    "cantidad_archivos": 1,
    "archivos_fuente": [
      "Pictures/Fototeca de Fotos.photoslibrary/resources/derivatives/8/842D0158-FB76-44A8-AD2D-17676CDD1BF4_1_105_c.jpeg"
    ],
    "ultima_modificacion": "2025-08-01 01:01:03.247356"
  },
  "8aee6d82167d48ada252088a1974f3201105c.jpeg": {
    "app_sintetizada": "8AEE6D82167D48ADA252088A1974F3201105C.JPEG",
    "cantidad_archivos": 1,
    "archivos_fuente": [
      "Pictures/Fototeca de Fotos.photoslibrary/resources/derivatives/8/8AEE6D82-167D-48AD-A252-088A1974F320_1_105_c.jpeg"
    ],
    "ultima_modificacion": "2025-08-01 01:01:03.247638"
  },
  "8da7790de3b44f808f6dfe8e9fddd1361105c.jpeg": {
    "app_sintetizada": "8DA7790DE3B44F808F6DFE8E9FDDD1361105C.JPEG",
    "cantidad_archivos": 1,
    "archivos_fuente": [
      "Pictures/Fototeca de Fotos.photoslibrary/resources/derivatives/8/8DA7790D-E3B4-4F80-8F6D-FE8E9FDDD136_1_105_c.jpeg"
    ],
    "ultima_modificacion": "2025-08-01 01:01:03.247943"
  },
  "810fb902291547d3b65c0b856f32fa0c1105c.jpeg": {
    "app_sintetizada": "810FB902291547D3B65C0B856F32FA0C1105C.JPEG",
    "cantidad_archivos": 1,
    "archivos_fuente": [
      "Pictures/Fototeca de Fotos.photoslibrary/resources/derivatives/8/810FB902-2915-47D3-B65C-0B856F32FA0C_1_105_c.jpeg"
    ],
    "ultima_modificacion": "2025-08-01 01:01:03.248218"
  },
  "847b7e9233d840408b5f901eb9ee24451105c.jpeg": {
    "app_sintetizada": "847B7E9233D840408B5F901EB9EE24451105C.JPEG",
    "cantidad_archivos": 1,
    "archivos_fuente": [
      "Pictures/Fototeca de Fotos.photoslibrary/resources/derivatives/8/847B7E92-33D8-4040-8B5F-901EB9EE2445_1_105_c.jpeg"
    ],
    "ultima_modificacion": "2025-08-01 01:01:03.248507"
  },
  "8e9c85d4f6c64e2787b5f4b4c30b1ca01105c.jpeg": {
    "app_sintetizada": "8E9C85D4F6C64E2787B5F4B4C30B1CA01105C.JPEG",
    "cantidad_archivos": 1,
    "archivos_fuente": [
      "Pictures/Fototeca de Fotos.photoslibrary/resources/derivatives/8/8E9C85D4-F6C6-4E27-87B5-F4B4C30B1CA0_1_105_c.jpeg"
    ],
    "ultima_modificacion": "2025-08-01 01:01:03.248790"
  },
  "8ee8a1f235204995a3822f11bebdf6111105c.jpeg": {
    "app_sintetizada": "8EE8A1F235204995A3822F11BEBDF6111105C.JPEG",
    "cantidad_archivos": 1,
    "archivos_fuente": [
      "Pictures/Fototeca de Fotos.photoslibrary/resources/derivatives/8/8EE8A1F2-3520-4995-A382-2F11BEBDF611_1_105_c.jpeg"
    ],
    "ultima_modificacion": "2025-08-01 01:01:03.249074"
  },
  "8b05c6c88abd429899ef4190262e608c1105c.jpeg": {
    "app_sintetizada": "8B05C6C88ABD429899EF4190262E608C1105C.JPEG",
    "cantidad_archivos": 1,
    "archivos_fuente": [
      "Pictures/Fototeca de Fotos.photoslibrary/resources/derivatives/8/8B05C6C8-8ABD-4298-99EF-4190262E608C_1_105_c.jpeg"
    ],
    "ultima_modificacion": "2025-08-01 01:01:03.249355"
  },
  "8a761ca1f4564a3eb9eb47e67d5ee50a1105c.jpeg": {
    "app_sintetizada": "8A761CA1F4564A3EB9EB47E67D5EE50A1105C.JPEG",
    "cantidad_archivos": 1,
    "archivos_fuente": [
      "Pictures/Fototeca de Fotos.photoslibrary/resources/derivatives/8/8A761CA1-F456-4A3E-B9EB-47E67D5EE50A_1_105_c.jpeg"
    ],
    "ultima_modificacion": "2025-08-01 01:01:03.249673"
  },
  "8e24418bee6f4ae598f8f99db1eebcf41105c.jpeg": {
    "app_sintetizada": "8E24418BEE6F4AE598F8F99DB1EEBCF41105C.JPEG",
    "cantidad_archivos": 1,
    "archivos_fuente": [
      "Pictures/Fototeca de Fotos.photoslibrary/resources/derivatives/8/8E24418B-EE6F-4AE5-98F8-F99DB1EEBCF4_1_105_c.jpeg"
    ],
    "ultima_modificacion": "2025-08-01 01:01:03.249981"
  },
  "813043f5dc9d4b23a3c875f26e9364d61102o.jpeg": {
    "app_sintetizada": "813043F5DC9D4B23A3C875F26E9364D61102O.JPEG",
    "cantidad_archivos": 1,
    "archivos_fuente": [
      "Pictures/Fototeca de Fotos.photoslibrary/resources/derivatives/8/813043F5-DC9D-4B23-A3C8-75F26E9364D6_1_102_o.jpeg"
    ],
    "ultima_modificacion": "2025-08-01 01:01:03.250289"
  },
  "8ea1a0b271c94a8fa0d163e651420f89.thm": {
    "app_sintetizada": "8EA1A0B271C94A8FA0D163E651420F89.THM",
    "cantidad_archivos": 1,
    "archivos_fuente": [
      "Pictures/Fototeca de Fotos.photoslibrary/resources/derivatives/8/8EA1A0B2-71C9-4A8F-A0D1-63E651420F89.THM"
    ],
    "ultima_modificacion": "2025-08-01 01:01:03.250576"
  },
  "867ddff4ac29443bbad9904e1873a6521105c.jpeg": {
    "app_sintetizada": "867DDFF4AC29443BBAD9904E1873A6521105C.JPEG",
    "cantidad_archivos": 1,
    "archivos_fuente": [
      "Pictures/Fototeca de Fotos.photoslibrary/resources/derivatives/8/867DDFF4-AC29-443B-BAD9-904E1873A652_1_105_c.jpeg"
    ],
    "ultima_modificacion": "2025-08-01 01:01:03.250870"
  },
  "88b0b9f1259a46e197424d8a69b696c81105c.jpeg": {
    "app_sintetizada": "88B0B9F1259A46E197424D8A69B696C81105C.JPEG",
    "cantidad_archivos": 1,
    "archivos_fuente": [
      "Pictures/Fototeca de Fotos.photoslibrary/resources/derivatives/8/88B0B9F1-259A-46E1-9742-4D8A69B696C8_1_105_c.jpeg"
    ],
    "ultima_modificacion": "2025-08-01 01:01:03.251192"
  },
  "8ac2b5a88e4c4b79a36b0ae38866c5501105c.jpeg": {
    "app_sintetizada": "8AC2B5A88E4C4B79A36B0AE38866C5501105C.JPEG",
    "cantidad_archivos": 1,
    "archivos_fuente": [
      "Pictures/Fototeca de Fotos.photoslibrary/resources/derivatives/8/8AC2B5A8-8E4C-4B79-A36B-0AE38866C550_1_105_c.jpeg"
    ],
    "ultima_modificacion": "2025-08-01 01:01:03.251528"
  },
  "89e279693e6c4bc7bca8d7a8f5c2790d.thm": {
    "app_sintetizada": "89E279693E6C4BC7BCA8D7A8F5C2790D.THM",
    "cantidad_archivos": 1,
    "archivos_fuente": [
      "Pictures/Fototeca de Fotos.photoslibrary/resources/derivatives/8/89E27969-3E6C-4BC7-BCA8-D7A8F5C2790D.THM"
    ],
    "ultima_modificacion": "2025-08-01 01:01:03.251827"
  },
  "8d1a6bb0e25d4f00ac8c06951e03d1791105c.jpeg": {
    "app_sintetizada": "8D1A6BB0E25D4F00AC8C06951E03D1791105C.JPEG",
    "cantidad_archivos": 1,
    "archivos_fuente": [
      "Pictures/Fototeca de Fotos.photoslibrary/resources/derivatives/8/8D1A6BB0-E25D-4F00-AC8C-06951E03D179_1_105_c.jpeg"
    ],
    "ultima_modificacion": "2025-08-01 01:01:03.252140"
  },
  "85b3bee32306467f99dfd1989e7614f51105c.jpeg": {
    "app_sintetizada": "85B3BEE32306467F99DFD1989E7614F51105C.JPEG",
    "cantidad_archivos": 1,
    "archivos_fuente": [
      "Pictures/Fototeca de Fotos.photoslibrary/resources/derivatives/8/85B3BEE3-2306-467F-99DF-D1989E7614F5_1_105_c.jpeg"
    ],
    "ultima_modificacion": "2025-08-01 01:01:03.252460"
  },
  "86a22b26748248c68d83524f6655f4aa1105c.jpeg": {
    "app_sintetizada": "86A22B26748248C68D83524F6655F4AA1105C.JPEG",
    "cantidad_archivos": 1,
    "archivos_fuente": [
      "Pictures/Fototeca de Fotos.photoslibrary/resources/derivatives/8/86A22B26-7482-48C6-8D83-524F6655F4AA_1_105_c.jpeg"
    ],
    "ultima_modificacion": "2025-08-01 01:01:03.252759"
  },
  "8c28428f69594de29c6cad494beb1a3e1105c.jpeg": {
    "app_sintetizada": "8C28428F69594DE29C6CAD494BEB1A3E1105C.JPEG",
    "cantidad_archivos": 1,
    "archivos_fuente": [
      "Pictures/Fototeca de Fotos.photoslibrary/resources/derivatives/8/8C28428F-6959-4DE2-9C6C-AD494BEB1A3E_1_105_c.jpeg"
    ],
    "ultima_modificacion": "2025-08-01 01:01:03.253054"
  },
  "818872182480423381e6f5d90fd520fd1105c.jpeg": {
    "app_sintetizada": "818872182480423381E6F5D90FD520FD1105C.JPEG",
    "cantidad_archivos": 1,
    "archivos_fuente": [
      "Pictures/Fototeca de Fotos.photoslibrary/resources/derivatives/8/81887218-2480-4233-81E6-F5D90FD520FD_1_105_c.jpeg"
    ],
    "ultima_modificacion": "2025-08-01 01:01:03.253349"
  },
  "81c09e7882f741628d3cf9b8337aca751105c.jpeg": {
    "app_sintetizada": "81C09E7882F741628D3CF9B8337ACA751105C.JPEG",
    "cantidad_archivos": 1,
    "archivos_fuente": [
      "Pictures/Fototeca de Fotos.photoslibrary/resources/derivatives/8/81C09E78-82F7-4162-8D3C-F9B8337ACA75_1_105_c.jpeg"
    ],
    "ultima_modificacion": "2025-08-01 01:01:03.253663"
  },
  "8ba3d34f768044c1ab6eee5f20d00f5a1105c.jpeg": {
    "app_sintetizada": "8BA3D34F768044C1AB6EEE5F20D00F5A1105C.JPEG",
    "cantidad_archivos": 1,
    "archivos_fuente": [
      "Pictures/Fototeca de Fotos.photoslibrary/resources/derivatives/8/8BA3D34F-7680-44C1-AB6E-EE5F20D00F5A_1_105_c.jpeg"
    ],
    "ultima_modificacion": "2025-08-01 01:01:03.253966"
  },
  "8796d6af7d3d4e7b8732f323a3dcad921105c.jpeg": {
    "app_sintetizada": "8796D6AF7D3D4E7B8732F323A3DCAD921105C.JPEG",
    "cantidad_archivos": 1,
    "archivos_fuente": [
      "Pictures/Fototeca de Fotos.photoslibrary/resources/derivatives/8/8796D6AF-7D3D-4E7B-8732-F323A3DCAD92_1_105_c.jpeg"
    ],
    "ultima_modificacion": "2025-08-01 01:01:03.254271"
  },
  "8bf672a362574eb09f3724745ab9c1eb1105c.jpeg": {
    "app_sintetizada": "8BF672A362574EB09F3724745AB9C1EB1105C.JPEG",
    "cantidad_archivos": 1,
    "archivos_fuente": [
      "Pictures/Fototeca de Fotos.photoslibrary/resources/derivatives/8/8BF672A3-6257-4EB0-9F37-24745AB9C1EB_1_105_c.jpeg"
    ],
    "ultima_modificacion": "2025-08-01 01:01:03.254687"
  },
  "8b6228e7a28847d493d881fa1a9ac6f61105c.jpeg": {
    "app_sintetizada": "8B6228E7A28847D493D881FA1A9AC6F61105C.JPEG",
    "cantidad_archivos": 1,
    "archivos_fuente": [
      "Pictures/Fototeca de Fotos.photoslibrary/resources/derivatives/8/8B6228E7-A288-47D4-93D8-81FA1A9AC6F6_1_105_c.jpeg"
    ],
    "ultima_modificacion": "2025-08-01 01:01:03.254999"
  },
  "864eb627751d409ca6ed69c7a2f3007e1105c.jpeg": {
    "app_sintetizada": "864EB627751D409CA6ED69C7A2F3007E1105C.JPEG",
    "cantidad_archivos": 1,
    "archivos_fuente": [
      "Pictures/Fototeca de Fotos.photoslibrary/resources/derivatives/8/864EB627-751D-409C-A6ED-69C7A2F3007E_1_105_c.jpeg"
    ],
    "ultima_modificacion": "2025-08-01 01:01:03.255296"
  },
  "89cbcdcd1f54438ca356b15d8e7b4218.thm": {
    "app_sintetizada": "89CBCDCD1F54438CA356B15D8E7B4218.THM",
    "cantidad_archivos": 1,
    "archivos_fuente": [
      "Pictures/Fototeca de Fotos.photoslibrary/resources/derivatives/8/89CBCDCD-1F54-438C-A356-B15D8E7B4218.THM"
    ],
    "ultima_modificacion": "2025-08-01 01:01:03.255600"
  },
  "830da8d49f61469d9268bda0a8d58adf1105c.jpeg": {
    "app_sintetizada": "830DA8D49F61469D9268BDA0A8D58ADF1105C.JPEG",
    "cantidad_archivos": 1,
    "archivos_fuente": [
      "Pictures/Fototeca de Fotos.photoslibrary/resources/derivatives/8/830DA8D4-9F61-469D-9268-BDA0A8D58ADF_1_105_c.jpeg"
    ],
    "ultima_modificacion": "2025-08-01 01:01:03.255911"
  },
  "88e2c076b365402db0bace6ee4c152041105c.jpeg": {
    "app_sintetizada": "88E2C076B365402DB0BACE6EE4C152041105C.JPEG",
    "cantidad_archivos": 1,
    "archivos_fuente": [
      "Pictures/Fototeca de Fotos.photoslibrary/resources/derivatives/8/88E2C076-B365-402D-B0BA-CE6EE4C15204_1_105_c.jpeg"
    ],
    "ultima_modificacion": "2025-08-01 01:01:03.256248"
  },
  "80298b2879834edbaed7b475700c98f71105c.jpeg": {
    "app_sintetizada": "80298B2879834EDBAED7B475700C98F71105C.JPEG",
    "cantidad_archivos": 1,
    "archivos_fuente": [
      "Pictures/Fototeca de Fotos.photoslibrary/resources/derivatives/8/80298B28-7983-4EDB-AED7-B475700C98F7_1_105_c.jpeg"
    ],
    "ultima_modificacion": "2025-08-01 01:01:03.256629"
  },
  "8298309afc07499abfa7ff227dce5061.thm": {
    "app_sintetizada": "8298309AFC07499ABFA7FF227DCE5061.THM",
    "cantidad_archivos": 1,
    "archivos_fuente": [
      "Pictures/Fototeca de Fotos.photoslibrary/resources/derivatives/8/8298309A-FC07-499A-BFA7-FF227DCE5061.THM"
    ],
    "ultima_modificacion": "2025-08-01 01:01:03.256936"
  },
  "8b62a854f84b4aea84c41ed038d70d691105c.jpeg": {
    "app_sintetizada": "8B62A854F84B4AEA84C41ED038D70D691105C.JPEG",
    "cantidad_archivos": 1,
    "archivos_fuente": [
      "Pictures/Fototeca de Fotos.photoslibrary/resources/derivatives/8/8B62A854-F84B-4AEA-84C4-1ED038D70D69_1_105_c.jpeg"
    ],
    "ultima_modificacion": "2025-08-01 01:01:03.257246"
  },
  "80a4de3f13664dfe82392c01e6b863a81105c.jpeg": {
    "app_sintetizada": "80A4DE3F13664DFE82392C01E6B863A81105C.JPEG",
    "cantidad_archivos": 1,
    "archivos_fuente": [
      "Pictures/Fototeca de Fotos.photoslibrary/resources/derivatives/8/80A4DE3F-1366-4DFE-8239-2C01E6B863A8_1_105_c.jpeg"
    ],
    "ultima_modificacion": "2025-08-01 01:01:03.257605"
  },
  "81855d788ef74a0b8a7f6163056732d81105c.jpeg": {
    "app_sintetizada": "81855D788EF74A0B8A7F6163056732D81105C.JPEG",
    "cantidad_archivos": 1,
    "archivos_fuente": [
      "Pictures/Fototeca de Fotos.photoslibrary/resources/derivatives/8/81855D78-8EF7-4A0B-8A7F-6163056732D8_1_105_c.jpeg"
    ],
    "ultima_modificacion": "2025-08-01 01:01:03.257916"
  },
  "8dc080f80e6a4e45a2e252c2905b7f741105c.jpeg": {
    "app_sintetizada": "8DC080F80E6A4E45A2E252C2905B7F741105C.JPEG",
    "cantidad_archivos": 1,
    "archivos_fuente": [
      "Pictures/Fototeca de Fotos.photoslibrary/resources/derivatives/8/8DC080F8-0E6A-4E45-A2E2-52C2905B7F74_1_105_c.jpeg"
    ],
    "ultima_modificacion": "2025-08-01 01:01:03.258270"
  },
  "81161aa9c16549458dbe4c5044212d491105c.jpeg": {
    "app_sintetizada": "81161AA9C16549458DBE4C5044212D491105C.JPEG",
    "cantidad_archivos": 1,
    "archivos_fuente": [
      "Pictures/Fototeca de Fotos.photoslibrary/resources/derivatives/8/81161AA9-C165-4945-8DBE-4C5044212D49_1_105_c.jpeg"
    ],
    "ultima_modificacion": "2025-08-01 01:01:03.258640"
  },
  "8ba3748abde346a59775e0b921fdeb871105c.jpeg": {
    "app_sintetizada": "8BA3748ABDE346A59775E0B921FDEB871105C.JPEG",
    "cantidad_archivos": 1,
    "archivos_fuente": [
      "Pictures/Fototeca de Fotos.photoslibrary/resources/derivatives/8/8BA3748A-BDE3-46A5-9775-E0B921FDEB87_1_105_c.jpeg"
    ],
    "ultima_modificacion": "2025-08-01 01:01:03.258978"
  },
  "89e664a644214d8b9b9206c521dd08e51105c.jpeg": {
    "app_sintetizada": "89E664A644214D8B9B9206C521DD08E51105C.JPEG",
    "cantidad_archivos": 1,
    "archivos_fuente": [
      "Pictures/Fototeca de Fotos.photoslibrary/resources/derivatives/8/89E664A6-4421-4D8B-9B92-06C521DD08E5_1_105_c.jpeg"
    ],
    "ultima_modificacion": "2025-08-01 01:01:03.259279"
  },
  "8d7ab6fb0a714e8e858f480ecb25a33d1105c.jpeg": {
    "app_sintetizada": "8D7AB6FB0A714E8E858F480ECB25A33D1105C.JPEG",
    "cantidad_archivos": 1,
    "archivos_fuente": [
      "Pictures/Fototeca de Fotos.photoslibrary/resources/derivatives/8/8D7AB6FB-0A71-4E8E-858F-480ECB25A33D_1_105_c.jpeg"
    ],
    "ultima_modificacion": "2025-08-01 01:01:03.259592"
  },
  "8823f863d90c4ec6b046ab2efea941c21105c.jpeg": {
    "app_sintetizada": "8823F863D90C4EC6B046AB2EFEA941C21105C.JPEG",
    "cantidad_archivos": 1,
    "archivos_fuente": [
      "Pictures/Fototeca de Fotos.photoslibrary/resources/derivatives/8/8823F863-D90C-4EC6-B046-AB2EFEA941C2_1_105_c.jpeg"
    ],
    "ultima_modificacion": "2025-08-01 01:01:03.259977"
  },
  "8a646497dd5448718638470d99512182.thm": {
    "app_sintetizada": "8A646497DD5448718638470D99512182.THM",
    "cantidad_archivos": 1,
    "archivos_fuente": [
      "Pictures/Fototeca de Fotos.photoslibrary/resources/derivatives/8/8A646497-DD54-4871-8638-470D99512182.THM"
    ],
    "ultima_modificacion": "2025-08-01 01:01:03.260304"
  },
  "8f58817899484292b1d7651ec1daf0f01105c.jpeg": {
    "app_sintetizada": "8F58817899484292B1D7651EC1DAF0F01105C.JPEG",
    "cantidad_archivos": 1,
    "archivos_fuente": [
      "Pictures/Fototeca de Fotos.photoslibrary/resources/derivatives/8/8F588178-9948-4292-B1D7-651EC1DAF0F0_1_105_c.jpeg"
    ],
    "ultima_modificacion": "2025-08-01 01:01:03.260623"
  },
  "8eefb55579a347e79c940ebdcb8062e31105c.jpeg": {
    "app_sintetizada": "8EEFB55579A347E79C940EBDCB8062E31105C.JPEG",
    "cantidad_archivos": 1,
    "archivos_fuente": [
      "Pictures/Fototeca de Fotos.photoslibrary/resources/derivatives/8/8EEFB555-79A3-47E7-9C94-0EBDCB8062E3_1_105_c.jpeg"
    ],
    "ultima_modificacion": "2025-08-01 01:01:03.260904"
  },
  "8501b43d02d441edbe9e8125bf3d45101105c.jpeg": {
    "app_sintetizada": "8501B43D02D441EDBE9E8125BF3D45101105C.JPEG",
    "cantidad_archivos": 1,
    "archivos_fuente": [
      "Pictures/Fototeca de Fotos.photoslibrary/resources/derivatives/8/8501B43D-02D4-41ED-BE9E-8125BF3D4510_1_105_c.jpeg"
    ],
    "ultima_modificacion": "2025-08-01 01:01:03.261197"
  },
  "8b419b1eb0204110b4dc4b62519919721105c.jpeg": {
    "app_sintetizada": "8B419B1EB0204110B4DC4B62519919721105C.JPEG",
    "cantidad_archivos": 1,
    "archivos_fuente": [
      "Pictures/Fototeca de Fotos.photoslibrary/resources/derivatives/8/8B419B1E-B020-4110-B4DC-4B6251991972_1_105_c.jpeg"
    ],
    "ultima_modificacion": "2025-08-01 01:01:03.261455"
  },
  "8ca0038fb32e4278b7893f33c04e94241105c.jpeg": {
    "app_sintetizada": "8CA0038FB32E4278B7893F33C04E94241105C.JPEG",
    "cantidad_archivos": 1,
    "archivos_fuente": [
      "Pictures/Fototeca de Fotos.photoslibrary/resources/derivatives/8/8CA0038F-B32E-4278-B789-3F33C04E9424_1_105_c.jpeg"
    ],
    "ultima_modificacion": "2025-08-01 01:01:03.261793"
  },
  "8594c14b0c8b478a90883ea068a649a01105c.jpeg": {
    "app_sintetizada": "8594C14B0C8B478A90883EA068A649A01105C.JPEG",
    "cantidad_archivos": 1,
    "archivos_fuente": [
      "Pictures/Fototeca de Fotos.photoslibrary/resources/derivatives/8/8594C14B-0C8B-478A-9088-3EA068A649A0_1_105_c.jpeg"
    ],
    "ultima_modificacion": "2025-08-01 01:01:03.262060"
  },
  "820c688ef6484b369eee1cfc2fb8b8e61105c.jpeg": {
    "app_sintetizada": "820C688EF6484B369EEE1CFC2FB8B8E61105C.JPEG",
    "cantidad_archivos": 1,
    "archivos_fuente": [
      "Pictures/Fototeca de Fotos.photoslibrary/resources/derivatives/8/820C688E-F648-4B36-9EEE-1CFC2FB8B8E6_1_105_c.jpeg"
    ],
    "ultima_modificacion": "2025-08-01 01:01:03.262372"
  },
  "8ee7e62b9dc84a09bdb061d277124ef41105c.jpeg": {
    "app_sintetizada": "8EE7E62B9DC84A09BDB061D277124EF41105C.JPEG",
    "cantidad_archivos": 1,
    "archivos_fuente": [
      "Pictures/Fototeca de Fotos.photoslibrary/resources/derivatives/8/8EE7E62B-9DC8-4A09-BDB0-61D277124EF4_1_105_c.jpeg"
    ],
    "ultima_modificacion": "2025-08-01 01:01:03.262727"
  },
  "899015e446c748cb8b24c12824e575971105c.jpeg": {
    "app_sintetizada": "899015E446C748CB8B24C12824E575971105C.JPEG",
    "cantidad_archivos": 1,
    "archivos_fuente": [
      "Pictures/Fototeca de Fotos.photoslibrary/resources/derivatives/8/899015E4-46C7-48CB-8B24-C12824E57597_1_105_c.jpeg"
    ],
    "ultima_modificacion": "2025-08-01 01:01:03.262996"
  },
  "829e8e86d6a5488fb281627ffe98287b1105c.jpeg": {
    "app_sintetizada": "829E8E86D6A5488FB281627FFE98287B1105C.JPEG",
    "cantidad_archivos": 1,
    "archivos_fuente": [
      "Pictures/Fototeca de Fotos.photoslibrary/resources/derivatives/8/829E8E86-D6A5-488F-B281-627FFE98287B_1_105_c.jpeg"
    ],
    "ultima_modificacion": "2025-08-01 01:01:03.263304"
  },
  "8f74d03298c54672bdbba3f3715ee68d1105c.jpeg": {
    "app_sintetizada": "8F74D03298C54672BDBBA3F3715EE68D1105C.JPEG",
    "cantidad_archivos": 1,
    "archivos_fuente": [
      "Pictures/Fototeca de Fotos.photoslibrary/resources/derivatives/8/8F74D032-98C5-4672-BDBB-A3F3715EE68D_1_105_c.jpeg"
    ],
    "ultima_modificacion": "2025-08-01 01:01:03.263609"
  },
  "8f5339f40b904e50a0e76e68ad12ed201105c.jpeg": {
    "app_sintetizada": "8F5339F40B904E50A0E76E68AD12ED201105C.JPEG",
    "cantidad_archivos": 1,
    "archivos_fuente": [
      "Pictures/Fototeca de Fotos.photoslibrary/resources/derivatives/8/8F5339F4-0B90-4E50-A0E7-6E68AD12ED20_1_105_c.jpeg"
    ],
    "ultima_modificacion": "2025-08-01 01:01:03.263911"
  },
  "87f97ed5754845579f8213ecf30411f01100o.jpeg": {
    "app_sintetizada": "87F97ED5754845579F8213ECF30411F01100O.JPEG",
    "cantidad_archivos": 1,
    "archivos_fuente": [
      "Pictures/Fototeca de Fotos.photoslibrary/resources/derivatives/8/87F97ED5-7548-4557-9F82-13ECF30411F0_1_100_o.jpeg"
    ],
    "ultima_modificacion": "2025-08-01 01:01:03.264226"
  },
  "8ffe380effe041408cf86063cdad7b341105c.jpeg": {
    "app_sintetizada": "8FFE380EFFE041408CF86063CDAD7B341105C.JPEG",
    "cantidad_archivos": 1,
    "archivos_fuente": [
      "Pictures/Fototeca de Fotos.photoslibrary/resources/derivatives/8/8FFE380E-FFE0-4140-8CF8-6063CDAD7B34_1_105_c.jpeg"
    ],
    "ultima_modificacion": "2025-08-01 01:01:03.264518"
  },
  "8a5a6db0b92747d0b7905ac8ec1151d61105c.jpeg": {
    "app_sintetizada": "8A5A6DB0B92747D0B7905AC8EC1151D61105C.JPEG",
    "cantidad_archivos": 1,
    "archivos_fuente": [
      "Pictures/Fototeca de Fotos.photoslibrary/resources/derivatives/8/8A5A6DB0-B927-47D0-B790-5AC8EC1151D6_1_105_c.jpeg"
    ],
    "ultima_modificacion": "2025-08-01 01:01:03.264766"
  },
  "8d722ac0a8564fa080e6b9bbc2ea44551105c.jpeg": {
    "app_sintetizada": "8D722AC0A8564FA080E6B9BBC2EA44551105C.JPEG",
    "cantidad_archivos": 1,
    "archivos_fuente": [
      "Pictures/Fototeca de Fotos.photoslibrary/resources/derivatives/8/8D722AC0-A856-4FA0-80E6-B9BBC2EA4455_1_105_c.jpeg"
    ],
    "ultima_modificacion": "2025-08-01 01:01:03.265032"
  },
  "802515ee90ea406bbce58250ba24609e1105c.jpeg": {
    "app_sintetizada": "802515EE90EA406BBCE58250BA24609E1105C.JPEG",
    "cantidad_archivos": 1,
    "archivos_fuente": [
      "Pictures/Fototeca de Fotos.photoslibrary/resources/derivatives/8/802515EE-90EA-406B-BCE5-8250BA24609E_1_105_c.jpeg"
    ],
    "ultima_modificacion": "2025-08-01 01:01:03.265364"
  },
  "86b8fce71e2749e98ce1b24633f626091100o.jpeg": {
    "app_sintetizada": "86B8FCE71E2749E98CE1B24633F626091100O.JPEG",
    "cantidad_archivos": 1,
    "archivos_fuente": [
      "Pictures/Fototeca de Fotos.photoslibrary/resources/derivatives/8/86B8FCE7-1E27-49E9-8CE1-B24633F62609_1_100_o.jpeg"
    ],
    "ultima_modificacion": "2025-08-01 01:01:03.265588"
  },
  "80eb51d8365146b7a4552c1de97130971105c.jpeg": {
    "app_sintetizada": "80EB51D8365146B7A4552C1DE97130971105C.JPEG",
    "cantidad_archivos": 1,
    "archivos_fuente": [
      "Pictures/Fototeca de Fotos.photoslibrary/resources/derivatives/8/80EB51D8-3651-46B7-A455-2C1DE9713097_1_105_c.jpeg"
    ],
    "ultima_modificacion": "2025-08-01 01:01:03.265794"
  },
  "8b570c38bec94400a2dde156aa1f325f1105c.jpeg": {
    "app_sintetizada": "8B570C38BEC94400A2DDE156AA1F325F1105C.JPEG",
    "cantidad_archivos": 1,
    "archivos_fuente": [
      "Pictures/Fototeca de Fotos.photoslibrary/resources/derivatives/8/8B570C38-BEC9-4400-A2DD-E156AA1F325F_1_105_c.jpeg"
    ],
    "ultima_modificacion": "2025-08-01 01:01:03.266009"
  },
  "89df8f0bcd4a49349064eab75361fa831105c.jpeg": {
    "app_sintetizada": "89DF8F0BCD4A49349064EAB75361FA831105C.JPEG",
    "cantidad_archivos": 1,
    "archivos_fuente": [
      "Pictures/Fototeca de Fotos.photoslibrary/resources/derivatives/8/89DF8F0B-CD4A-4934-9064-EAB75361FA83_1_105_c.jpeg"
    ],
    "ultima_modificacion": "2025-08-01 01:01:03.266208"
  },
  "8a39827b8d174453b78c2c31d06aa28f1105c.jpeg": {
    "app_sintetizada": "8A39827B8D174453B78C2C31D06AA28F1105C.JPEG",
    "cantidad_archivos": 1,
    "archivos_fuente": [
      "Pictures/Fototeca de Fotos.photoslibrary/resources/derivatives/8/8A39827B-8D17-4453-B78C-2C31D06AA28F_1_105_c.jpeg"
    ],
    "ultima_modificacion": "2025-08-01 01:01:03.266427"
  },
  "8db3460c5a2f4eda906ed6baa39201a21105c.jpeg": {
    "app_sintetizada": "8DB3460C5A2F4EDA906ED6BAA39201A21105C.JPEG",
    "cantidad_archivos": 1,
    "archivos_fuente": [
      "Pictures/Fototeca de Fotos.photoslibrary/resources/derivatives/8/8DB3460C-5A2F-4EDA-906E-D6BAA39201A2_1_105_c.jpeg"
    ],
    "ultima_modificacion": "2025-08-01 01:01:03.266739"
  },
  "885a580625f7442b8da35978bb51e53e1105c.jpeg": {
    "app_sintetizada": "885A580625F7442B8DA35978BB51E53E1105C.JPEG",
    "cantidad_archivos": 1,
    "archivos_fuente": [
      "Pictures/Fototeca de Fotos.photoslibrary/resources/derivatives/8/885A5806-25F7-442B-8DA3-5978BB51E53E_1_105_c.jpeg"
    ],
    "ultima_modificacion": "2025-08-01 01:01:03.267051"
  },
  "8f12f803e62d4868abae0ef3c13d4ea91105c.jpeg": {
    "app_sintetizada": "8F12F803E62D4868ABAE0EF3C13D4EA91105C.JPEG",
    "cantidad_archivos": 1,
    "archivos_fuente": [
      "Pictures/Fototeca de Fotos.photoslibrary/resources/derivatives/8/8F12F803-E62D-4868-ABAE-0EF3C13D4EA9_1_105_c.jpeg"
    ],
    "ultima_modificacion": "2025-08-01 01:01:03.267374"
  },
  "8e50175c454b4abea30dca631190742c1105c.jpeg": {
    "app_sintetizada": "8E50175C454B4ABEA30DCA631190742C1105C.JPEG",
    "cantidad_archivos": 1,
    "archivos_fuente": [
      "Pictures/Fototeca de Fotos.photoslibrary/resources/derivatives/8/8E50175C-454B-4ABE-A30D-CA631190742C_1_105_c.jpeg"
    ],
    "ultima_modificacion": "2025-08-01 01:01:03.267629"
  },
  "8d2f98403bf44eefb8ec9955212499da1105c.jpeg": {
    "app_sintetizada": "8D2F98403BF44EEFB8EC9955212499DA1105C.JPEG",
    "cantidad_archivos": 1,
    "archivos_fuente": [
      "Pictures/Fototeca de Fotos.photoslibrary/resources/derivatives/8/8D2F9840-3BF4-4EEF-B8EC-9955212499DA_1_105_c.jpeg"
    ],
    "ultima_modificacion": "2025-08-01 01:01:03.267870"
  },
  "84260315af274b95a96ce4efa1f398071105c.jpeg": {
    "app_sintetizada": "84260315AF274B95A96CE4EFA1F398071105C.JPEG",
    "cantidad_archivos": 1,
    "archivos_fuente": [
      "Pictures/Fototeca de Fotos.photoslibrary/resources/derivatives/8/84260315-AF27-4B95-A96C-E4EFA1F39807_1_105_c.jpeg"
    ],
    "ultima_modificacion": "2025-08-01 01:01:03.268147"
  },
  "88f119faafb441c9a92f622c070c7197.thm": {
    "app_sintetizada": "88F119FAAFB441C9A92F622C070C7197.THM",
    "cantidad_archivos": 1,
    "archivos_fuente": [
      "Pictures/Fototeca de Fotos.photoslibrary/resources/derivatives/8/88F119FA-AFB4-41C9-A92F-622C070C7197.THM"
    ],
    "ultima_modificacion": "2025-08-01 01:01:03.268377"
  },
  "8e2c6d7bd206454ab9bc01614115b0cc1105c.jpeg": {
    "app_sintetizada": "8E2C6D7BD206454AB9BC01614115B0CC1105C.JPEG",
    "cantidad_archivos": 1,
    "archivos_fuente": [
      "Pictures/Fototeca de Fotos.photoslibrary/resources/derivatives/8/8E2C6D7B-D206-454A-B9BC-01614115B0CC_1_105_c.jpeg"
    ],
    "ultima_modificacion": "2025-08-01 01:01:03.268584"
  },
  "8528ad7ab26e4494a4eac7b10cd16aab1105c.jpeg": {
    "app_sintetizada": "8528AD7AB26E4494A4EAC7B10CD16AAB1105C.JPEG",
    "cantidad_archivos": 1,
    "archivos_fuente": [
      "Pictures/Fototeca de Fotos.photoslibrary/resources/derivatives/8/8528AD7A-B26E-4494-A4EA-C7B10CD16AAB_1_105_c.jpeg"
    ],
    "ultima_modificacion": "2025-08-01 01:01:03.268781"
  },
  "8e2e6ddc26c94b48b2c4a1a3473ed19e.thm": {
    "app_sintetizada": "8E2E6DDC26C94B48B2C4A1A3473ED19E.THM",
    "cantidad_archivos": 1,
    "archivos_fuente": [
      "Pictures/Fototeca de Fotos.photoslibrary/resources/derivatives/8/8E2E6DDC-26C9-4B48-B2C4-A1A3473ED19E.THM"
    ],
    "ultima_modificacion": "2025-08-01 01:01:03.268978"
  },
  "88e73d9a401b4d31ab188c1f435ac15d1105c.jpeg": {
    "app_sintetizada": "88E73D9A401B4D31AB188C1F435AC15D1105C.JPEG",
    "cantidad_archivos": 1,
    "archivos_fuente": [
      "Pictures/Fototeca de Fotos.photoslibrary/resources/derivatives/8/88E73D9A-401B-4D31-AB18-8C1F435AC15D_1_105_c.jpeg"
    ],
    "ultima_modificacion": "2025-08-01 01:01:03.269164"
  },
  "8f0c3edf96984484a13a7d33b90661431105c.jpeg": {
    "app_sintetizada": "8F0C3EDF96984484A13A7D33B90661431105C.JPEG",
    "cantidad_archivos": 1,
    "archivos_fuente": [
      "Pictures/Fototeca de Fotos.photoslibrary/resources/derivatives/8/8F0C3EDF-9698-4484-A13A-7D33B9066143_1_105_c.jpeg"
    ],
    "ultima_modificacion": "2025-08-01 01:01:03.269354"
  },
  "8d0addc66aff48378bca7c87dc05e1101105c.jpeg": {
    "app_sintetizada": "8D0ADDC66AFF48378BCA7C87DC05E1101105C.JPEG",
    "cantidad_archivos": 1,
    "archivos_fuente": [
      "Pictures/Fototeca de Fotos.photoslibrary/resources/derivatives/8/8D0ADDC6-6AFF-4837-8BCA-7C87DC05E110_1_105_c.jpeg"
    ],
    "ultima_modificacion": "2025-08-01 01:01:03.269541"
  },
  "865435a237a44e668a61b759d437c53c1105c.jpeg": {
    "app_sintetizada": "865435A237A44E668A61B759D437C53C1105C.JPEG",
    "cantidad_archivos": 1,
    "archivos_fuente": [
      "Pictures/Fototeca de Fotos.photoslibrary/resources/derivatives/8/865435A2-37A4-4E66-8A61-B759D437C53C_1_105_c.jpeg"
    ],
    "ultima_modificacion": "2025-08-01 01:01:03.269736"
  },
  "86dee01c17c24dc4aeb6753bc7465d781105c.jpeg": {
    "app_sintetizada": "86DEE01C17C24DC4AEB6753BC7465D781105C.JPEG",
    "cantidad_archivos": 1,
    "archivos_fuente": [
      "Pictures/Fototeca de Fotos.photoslibrary/resources/derivatives/8/86DEE01C-17C2-4DC4-AEB6-753BC7465D78_1_105_c.jpeg"
    ],
    "ultima_modificacion": "2025-08-01 01:01:03.269919"
  },
  "8cdf25665b8549ca9b896a0af43fefc21105c.jpeg": {
    "app_sintetizada": "8CDF25665B8549CA9B896A0AF43FEFC21105C.JPEG",
    "cantidad_archivos": 1,
    "archivos_fuente": [
      "Pictures/Fototeca de Fotos.photoslibrary/resources/derivatives/8/8CDF2566-5B85-49CA-9B89-6A0AF43FEFC2_1_105_c.jpeg"
    ],
    "ultima_modificacion": "2025-08-01 01:01:03.270112"
  },
  "825bf73fd48e46afa4e1033d8e0fac601105c.jpeg": {
    "app_sintetizada": "825BF73FD48E46AFA4E1033D8E0FAC601105C.JPEG",
    "cantidad_archivos": 1,
    "archivos_fuente": [
      "Pictures/Fototeca de Fotos.photoslibrary/resources/derivatives/8/825BF73F-D48E-46AF-A4E1-033D8E0FAC60_1_105_c.jpeg"
    ],
    "ultima_modificacion": "2025-08-01 01:01:03.270321"
  },
  "81da0bfb7f2d446d9f662b7e193e8d421105c.jpeg": {
    "app_sintetizada": "81DA0BFB7F2D446D9F662B7E193E8D421105C.JPEG",
    "cantidad_archivos": 1,
    "archivos_fuente": [
      "Pictures/Fototeca de Fotos.photoslibrary/resources/derivatives/8/81DA0BFB-7F2D-446D-9F66-2B7E193E8D42_1_105_c.jpeg"
    ],
    "ultima_modificacion": "2025-08-01 01:01:03.270629"
  },
  "85ed00a94f3a4e259fce1279e203246c.thm": {
    "app_sintetizada": "85ED00A94F3A4E259FCE1279E203246C.THM",
    "cantidad_archivos": 1,
    "archivos_fuente": [
      "Pictures/Fototeca de Fotos.photoslibrary/resources/derivatives/8/85ED00A9-4F3A-4E25-9FCE-1279E203246C.THM"
    ],
    "ultima_modificacion": "2025-08-01 01:01:03.270927"
  },
  "817f8e308d464afdb85212d1649b6af21105c.jpeg": {
    "app_sintetizada": "817F8E308D464AFDB85212D1649B6AF21105C.JPEG",
    "cantidad_archivos": 1,
    "archivos_fuente": [
      "Pictures/Fototeca de Fotos.photoslibrary/resources/derivatives/8/817F8E30-8D46-4AFD-B852-12D1649B6AF2_1_105_c.jpeg"
    ],
    "ultima_modificacion": "2025-08-01 01:01:03.271210"
  },
  "816dfc8a88d24b8c9d97da710b4f5fec1105c.jpeg": {
    "app_sintetizada": "816DFC8A88D24B8C9D97DA710B4F5FEC1105C.JPEG",
    "cantidad_archivos": 1,
    "archivos_fuente": [
      "Pictures/Fototeca de Fotos.photoslibrary/resources/derivatives/8/816DFC8A-88D2-4B8C-9D97-DA710B4F5FEC_1_105_c.jpeg"
    ],
    "ultima_modificacion": "2025-08-01 01:01:03.271441"
  },
  "8a84fa03f6c84b1c9370487d724bd9161105c.jpeg": {
    "app_sintetizada": "8A84FA03F6C84B1C9370487D724BD9161105C.JPEG",
    "cantidad_archivos": 1,
    "archivos_fuente": [
      "Pictures/Fototeca de Fotos.photoslibrary/resources/derivatives/8/8A84FA03-F6C8-4B1C-9370-487D724BD916_1_105_c.jpeg"
    ],
    "ultima_modificacion": "2025-08-01 01:01:03.271679"
  },
  "8a2fa368aad34351a752183c0902e4c71105c.jpeg": {
    "app_sintetizada": "8A2FA368AAD34351A752183C0902E4C71105C.JPEG",
    "cantidad_archivos": 1,
    "archivos_fuente": [
      "Pictures/Fototeca de Fotos.photoslibrary/resources/derivatives/8/8A2FA368-AAD3-4351-A752-183C0902E4C7_1_105_c.jpeg"
    ],
    "ultima_modificacion": "2025-08-01 01:01:03.271870"
  },
  "83b7a410b74c4b34a2fc12d2c41a21d51105c.jpeg": {
    "app_sintetizada": "83B7A410B74C4B34A2FC12D2C41A21D51105C.JPEG",
    "cantidad_archivos": 1,
    "archivos_fuente": [
      "Pictures/Fototeca de Fotos.photoslibrary/resources/derivatives/8/83B7A410-B74C-4B34-A2FC-12D2C41A21D5_1_105_c.jpeg"
    ],
    "ultima_modificacion": "2025-08-01 01:01:03.272058"
  },
  "882d472de2434608b738af381e8faaf11105c.jpeg": {
    "app_sintetizada": "882D472DE2434608B738AF381E8FAAF11105C.JPEG",
    "cantidad_archivos": 1,
    "archivos_fuente": [
      "Pictures/Fototeca de Fotos.photoslibrary/resources/derivatives/8/882D472D-E243-4608-B738-AF381E8FAAF1_1_105_c.jpeg"
    ],
    "ultima_modificacion": "2025-08-01 01:01:03.272340"
  },
  "89fc0bb71452459f8c9013ae7604def01105c.jpeg": {
    "app_sintetizada": "89FC0BB71452459F8C9013AE7604DEF01105C.JPEG",
    "cantidad_archivos": 1,
    "archivos_fuente": [
      "Pictures/Fototeca de Fotos.photoslibrary/resources/derivatives/8/89FC0BB7-1452-459F-8C90-13AE7604DEF0_1_105_c.jpeg"
    ],
    "ultima_modificacion": "2025-08-01 01:01:03.272627"
  },
  "839bd049e390404fbd8e81ce1e14ac641105c.jpeg": {
    "app_sintetizada": "839BD049E390404FBD8E81CE1E14AC641105C.JPEG",
    "cantidad_archivos": 1,
    "archivos_fuente": [
      "Pictures/Fototeca de Fotos.photoslibrary/resources/derivatives/8/839BD049-E390-404F-BD8E-81CE1E14AC64_1_105_c.jpeg"
    ],
    "ultima_modificacion": "2025-08-01 01:01:03.272876"
  },
  "80c4b7e49517458fb67f8d30da8d34ae1105c.jpeg": {
    "app_sintetizada": "80C4B7E49517458FB67F8D30DA8D34AE1105C.JPEG",
    "cantidad_archivos": 1,
    "archivos_fuente": [
      "Pictures/Fototeca de Fotos.photoslibrary/resources/derivatives/8/80C4B7E4-9517-458F-B67F-8D30DA8D34AE_1_105_c.jpeg"
    ],
    "ultima_modificacion": "2025-08-01 01:01:03.273082"
  },
  "83f9ac0986df444ab37852c5c0e630ff1105c.jpeg": {
    "app_sintetizada": "83F9AC0986DF444AB37852C5C0E630FF1105C.JPEG",
    "cantidad_archivos": 1,
    "archivos_fuente": [
      "Pictures/Fototeca de Fotos.photoslibrary/resources/derivatives/8/83F9AC09-86DF-444A-B378-52C5C0E630FF_1_105_c.jpeg"
    ],
    "ultima_modificacion": "2025-08-01 01:01:03.273289"
  }
}