{
  "88776bcd80674e23bc7984ca3769a5871105c.jpeg": {
    "app_sintetizada": "88776BCD80674E23BC7984CA3769A5871105C.JPEG",
    "cantidad_archivos": 1,
    "archivos_fuente": [
      "Pictures/Fototeca de Fotos.photoslibrary/resources/derivatives/8/88776BCD-8067-4E23-BC79-84CA3769A587_1_105_c.jpeg"
    ],
    "ultima_modificacion": "2025-08-01 01:01:03.325916"
  },
  "8a14e8b0736848feb22f98a21fe34c631105c.jpeg": {
    "app_sintetizada": "8A14E8B0736848FEB22F98A21FE34C631105C.JPEG",
    "cantidad_archivos": 1,
    "archivos_fuente": [
      "Pictures/Fototeca de Fotos.photoslibrary/resources/derivatives/8/8A14E8B0-7368-48FE-B22F-98A21FE34C63_1_105_c.jpeg"
    ],
    "ultima_modificacion": "2025-08-01 01:01:03.326180"
  },
  "82a4cfad356f43b78234398f7ac7d4071105c.jpeg": {
    "app_sintetizada": "82A4CFAD356F43B78234398F7AC7D4071105C.JPEG",
    "cantidad_archivos": 1,
    "archivos_fuente": [
      "Pictures/Fototeca de Fotos.photoslibrary/resources/derivatives/8/82A4CFAD-356F-43B7-8234-398F7AC7D407_1_105_c.jpeg"
    ],
    "ultima_modificacion": "2025-08-01 01:01:03.326379"
  },
  "841942ccc17845adaf446212160d02ee1105c.jpeg": {
    "app_sintetizada": "841942CCC17845ADAF446212160D02EE1105C.JPEG",
    "cantidad_archivos": 1,
    "archivos_fuente": [
      "Pictures/Fototeca de Fotos.photoslibrary/resources/derivatives/8/841942CC-C178-45AD-AF44-6212160D02EE_1_105_c.jpeg"
    ],
    "ultima_modificacion": "2025-08-01 01:01:03.326563"
  },
  "892d7fcc0b4843aa811b676c6cd59d481105c.jpeg": {
    "app_sintetizada": "892D7FCC0B4843AA811B676C6CD59D481105C.JPEG",
    "cantidad_archivos": 1,
    "archivos_fuente": [
      "Pictures/Fototeca de Fotos.photoslibrary/resources/derivatives/8/892D7FCC-0B48-43AA-811B-676C6CD59D48_1_105_c.jpeg"
    ],
    "ultima_modificacion": "2025-08-01 01:01:03.326744"
  },
  "8311cd05c9dd4f18867529a83538fdef1105c.jpeg": {
    "app_sintetizada": "8311CD05C9DD4F18867529A83538FDEF1105C.JPEG",
    "cantidad_archivos": 1,
    "archivos_fuente": [
      "Pictures/Fototeca de Fotos.photoslibrary/resources/derivatives/8/8311CD05-C9DD-4F18-8675-29A83538FDEF_1_105_c.jpeg"
    ],
    "ultima_modificacion": "2025-08-01 01:01:03.326951"
  },
  "819e7d91f9f646789520e5a4147221201105c.jpeg": {
    "app_sintetizada": "819E7D91F9F646789520E5A4147221201105C.JPEG",
    "cantidad_archivos": 1,
    "archivos_fuente": [
      "Pictures/Fototeca de Fotos.photoslibrary/resources/derivatives/8/819E7D91-F9F6-4678-9520-E5A414722120_1_105_c.jpeg"
    ],
    "ultima_modificacion": "2025-08-01 01:01:03.327220"
  },
  "81ec2425560c47828783d58c922e12491105c.jpeg": {
    "app_sintetizada": "81EC2425560C47828783D58C922E12491105C.JPEG",
    "cantidad_archivos": 1,
    "archivos_fuente": [
      "Pictures/Fototeca de Fotos.photoslibrary/resources/derivatives/8/81EC2425-560C-4782-8783-D58C922E1249_1_105_c.jpeg"
    ],
    "ultima_modificacion": "2025-08-01 01:01:03.327447"
  },
  "80b65ed4db4f427a8e9753b0af5fb8671105c.jpeg": {
    "app_sintetizada": "80B65ED4DB4F427A8E9753B0AF5FB8671105C.JPEG",
    "cantidad_archivos": 1,
    "archivos_fuente": [
      "Pictures/Fototeca de Fotos.photoslibrary/resources/derivatives/8/80B65ED4-DB4F-427A-8E97-53B0AF5FB867_1_105_c.jpeg"
    ],
    "ultima_modificacion": "2025-08-01 01:01:03.327685"
  },
  "8e0c972312674cc086b53010975ef8fe1105c.jpeg": {
    "app_sintetizada": "8E0C972312674CC086B53010975EF8FE1105C.JPEG",
    "cantidad_archivos": 1,
    "archivos_fuente": [
      "Pictures/Fototeca de Fotos.photoslibrary/resources/derivatives/8/8E0C9723-1267-4CC0-86B5-3010975EF8FE_1_105_c.jpeg"
    ],
    "ultima_modificacion": "2025-08-01 01:01:03.327908"
  },
  "8baa85bafbb146b8afbe37d4dda37bfa1105c.jpeg": {
    "app_sintetizada": "8BAA85BAFBB146B8AFBE37D4DDA37BFA1105C.JPEG",
    "cantidad_archivos": 1,
    "archivos_fuente": [
      "Pictures/Fototeca de Fotos.photoslibrary/resources/derivatives/8/8BAA85BA-FBB1-46B8-AFBE-37D4DDA37BFA_1_105_c.jpeg"
    ],
    "ultima_modificacion": "2025-08-01 01:01:03.328233"
  },
  "8eca306083c34134ad3b4260237d7a271105c.jpeg": {
    "app_sintetizada": "8ECA306083C34134AD3B4260237D7A271105C.JPEG",
    "cantidad_archivos": 1,
    "archivos_fuente": [
      "Pictures/Fototeca de Fotos.photoslibrary/resources/derivatives/8/8ECA3060-83C3-4134-AD3B-4260237D7A27_1_105_c.jpeg"
    ],
    "ultima_modificacion": "2025-08-01 01:01:03.328475"
  },
  "82389c7627b34d27a8e2389850ae5e011105c.jpeg": {
    "app_sintetizada": "82389C7627B34D27A8E2389850AE5E011105C.JPEG",
    "cantidad_archivos": 1,
    "archivos_fuente": [
      "Pictures/Fototeca de Fotos.photoslibrary/resources/derivatives/8/82389C76-27B3-4D27-A8E2-389850AE5E01_1_105_c.jpeg"
    ],
    "ultima_modificacion": "2025-08-01 01:01:03.328695"
  },
  "8af21fa707ff41b1bb0e6039907843421105c.jpeg": {
    "app_sintetizada": "8AF21FA707FF41B1BB0E6039907843421105C.JPEG",
    "cantidad_archivos": 1,
    "archivos_fuente": [
      "Pictures/Fototeca de Fotos.photoslibrary/resources/derivatives/8/8AF21FA7-07FF-41B1-BB0E-603990784342_1_105_c.jpeg"
    ],
    "ultima_modificacion": "2025-08-01 01:01:03.328889"
  },
  "89122dc542ea403dbe68fca20bfa059c1105c.jpeg": {
    "app_sintetizada": "89122DC542EA403DBE68FCA20BFA059C1105C.JPEG",
    "cantidad_archivos": 1,
    "archivos_fuente": [
      "Pictures/Fototeca de Fotos.photoslibrary/resources/derivatives/8/89122DC5-42EA-403D-BE68-FCA20BFA059C_1_105_c.jpeg"
    ],
    "ultima_modificacion": "2025-08-01 01:01:03.329074"
  },
  "8f39c2aa51e9461dbbb83079e628b0141105c.jpeg": {
    "app_sintetizada": "8F39C2AA51E9461DBBB83079E628B0141105C.JPEG",
    "cantidad_archivos": 1,
    "archivos_fuente": [
      "Pictures/Fototeca de Fotos.photoslibrary/resources/derivatives/8/8F39C2AA-51E9-461D-BBB8-3079E628B014_1_105_c.jpeg"
    ],
    "ultima_modificacion": "2025-08-01 01:01:03.329254"
  },
  "84f1f61bf81e460c85dccaa3732061af1105c.jpeg": {
    "app_sintetizada": "84F1F61BF81E460C85DCCAA3732061AF1105C.JPEG",
    "cantidad_archivos": 1,
    "archivos_fuente": [
      "Pictures/Fototeca de Fotos.photoslibrary/resources/derivatives/8/84F1F61B-F81E-460C-85DC-CAA3732061AF_1_105_c.jpeg"
    ],
    "ultima_modificacion": "2025-08-01 01:01:03.329443"
  },
  "8cc3b035deda4b69b13c43c8111933921105c.jpeg": {
    "app_sintetizada": "8CC3B035DEDA4B69B13C43C8111933921105C.JPEG",
    "cantidad_archivos": 1,
    "archivos_fuente": [
      "Pictures/Fototeca de Fotos.photoslibrary/resources/derivatives/8/8CC3B035-DEDA-4B69-B13C-43C811193392_1_105_c.jpeg"
    ],
    "ultima_modificacion": "2025-08-01 01:01:03.329635"
  },
  "897367addf544cba9f96f09e88a7611e1105c.jpeg": {
    "app_sintetizada": "897367ADDF544CBA9F96F09E88A7611E1105C.JPEG",
    "cantidad_archivos": 1,
    "archivos_fuente": [
      "Pictures/Fototeca de Fotos.photoslibrary/resources/derivatives/8/897367AD-DF54-4CBA-9F96-F09E88A7611E_1_105_c.jpeg"
    ],
    "ultima_modificacion": "2025-08-01 01:01:03.329823"
  },
  "88fd3dd026c8478683ab680de468b0c41105c.jpeg": {
    "app_sintetizada": "88FD3DD026C8478683AB680DE468B0C41105C.JPEG",
    "cantidad_archivos": 1,
    "archivos_fuente": [
      "Pictures/Fototeca de Fotos.photoslibrary/resources/derivatives/8/88FD3DD0-26C8-4786-83AB-680DE468B0C4_1_105_c.jpeg"
    ],
    "ultima_modificacion": "2025-08-01 01:01:03.330012"
  },
  "86575bd181754dffa375177cb4572d531105c.jpeg": {
    "app_sintetizada": "86575BD181754DFFA375177CB4572D531105C.JPEG",
    "cantidad_archivos": 1,
    "archivos_fuente": [
      "Pictures/Fototeca de Fotos.photoslibrary/resources/derivatives/8/86575BD1-8175-4DFF-A375-177CB4572D53_1_105_c.jpeg"
    ],
    "ultima_modificacion": "2025-08-01 01:01:03.330183"
  },
  "8c4e0c0a12e040aa929dd1cfd0108d091105c.jpeg": {
    "app_sintetizada": "8C4E0C0A12E040AA929DD1CFD0108D091105C.JPEG",
    "cantidad_archivos": 1,
    "archivos_fuente": [
      "Pictures/Fototeca de Fotos.photoslibrary/resources/derivatives/8/8C4E0C0A-12E0-40AA-929D-D1CFD0108D09_1_105_c.jpeg"
    ],
    "ultima_modificacion": "2025-08-01 01:01:03.330362"
  },
  "8c5f09f4539e4fb0bff2d5118342d3ba1105c.jpeg": {
    "app_sintetizada": "8C5F09F4539E4FB0BFF2D5118342D3BA1105C.JPEG",
    "cantidad_archivos": 1,
    "archivos_fuente": [
      "Pictures/Fototeca de Fotos.photoslibrary/resources/derivatives/8/8C5F09F4-539E-4FB0-BFF2-D5118342D3BA_1_105_c.jpeg"
    ],
    "ultima_modificacion": "2025-08-01 01:01:03.330532"
  },
  "831c5ab37f034da992d9c18238420c981105c.jpeg": {
    "app_sintetizada": "831C5AB37F034DA992D9C18238420C981105C.JPEG",
    "cantidad_archivos": 1,
    "archivos_fuente": [
      "Pictures/Fototeca de Fotos.photoslibrary/resources/derivatives/8/831C5AB3-7F03-4DA9-92D9-C18238420C98_1_105_c.jpeg"
    ],
    "ultima_modificacion": "2025-08-01 01:01:03.330705"
  },
  "830968f444654e548c1c08f94f8fe8da.thm": {
    "app_sintetizada": "830968F444654E548C1C08F94F8FE8DA.THM",
    "cantidad_archivos": 1,
    "archivos_fuente": [
      "Pictures/Fototeca de Fotos.photoslibrary/resources/derivatives/8/830968F4-4465-4E54-8C1C-08F94F8FE8DA.THM"
    ],
    "ultima_modificacion": "2025-08-01 01:01:03.330883"
  },
  "88124953749f4c0784a3544921be140f1105c.jpeg": {
    "app_sintetizada": "88124953749F4C0784A3544921BE140F1105C.JPEG",
    "cantidad_archivos": 1,
    "archivos_fuente": [
      "Pictures/Fototeca de Fotos.photoslibrary/resources/derivatives/8/88124953-749F-4C07-84A3-544921BE140F_1_105_c.jpeg"
    ],
    "ultima_modificacion": "2025-08-01 01:01:03.331068"
  },
  "88e53e7b0e0244f2a3c776bb7b587db3.thm": {
    "app_sintetizada": "88E53E7B0E0244F2A3C776BB7B587DB3.THM",
    "cantidad_archivos": 1,
    "archivos_fuente": [
      "Pictures/Fototeca de Fotos.photoslibrary/resources/derivatives/8/88E53E7B-0E02-44F2-A3C7-76BB7B587DB3.THM"
    ],
    "ultima_modificacion": "2025-08-01 01:01:03.331275"
  },
  "848064a4aea04d88b6552c07660f37311105c.jpeg": {
    "app_sintetizada": "848064A4AEA04D88B6552C07660F37311105C.JPEG",
    "cantidad_archivos": 1,
    "archivos_fuente": [
      "Pictures/Fototeca de Fotos.photoslibrary/resources/derivatives/8/848064A4-AEA0-4D88-B655-2C07660F3731_1_105_c.jpeg"
    ],
    "ultima_modificacion": "2025-08-01 01:01:03.331566"
  },
  "84f9b2cf66494281a16325ebe6240a6a1105c.jpeg": {
    "app_sintetizada": "84F9B2CF66494281A16325EBE6240A6A1105C.JPEG",
    "cantidad_archivos": 1,
    "archivos_fuente": [
      "Pictures/Fototeca de Fotos.photoslibrary/resources/derivatives/8/84F9B2CF-6649-4281-A163-25EBE6240A6A_1_105_c.jpeg"
    ],
    "ultima_modificacion": "2025-08-01 01:01:03.331801"
  },
  "87bb54a7de96431cbf3742dd0d80c0e2.thm": {
    "app_sintetizada": "87BB54A7DE96431CBF3742DD0D80C0E2.THM",
    "cantidad_archivos": 1,
    "archivos_fuente": [
      "Pictures/Fototeca de Fotos.photoslibrary/resources/derivatives/8/87BB54A7-DE96-431C-BF37-42DD0D80C0E2.THM"
    ],
    "ultima_modificacion": "2025-08-01 01:01:03.332009"
  },
  "880a0bcda6194eebac3d9df3bbfa62791102o.jpeg": {
    "app_sintetizada": "880A0BCDA6194EEBAC3D9DF3BBFA62791102O.JPEG",
    "cantidad_archivos": 1,
    "archivos_fuente": [
      "Pictures/Fototeca de Fotos.photoslibrary/resources/derivatives/8/880A0BCD-A619-4EEB-AC3D-9DF3BBFA6279_1_102_o.jpeg"
    ],
    "ultima_modificacion": "2025-08-01 01:01:03.332192"
  },
  "89fd241ca2474ccbaddf0c59718530371105c.jpeg": {
    "app_sintetizada": "89FD241CA2474CCBADDF0C59718530371105C.JPEG",
    "cantidad_archivos": 1,
    "archivos_fuente": [
      "Pictures/Fototeca de Fotos.photoslibrary/resources/derivatives/8/89FD241C-A247-4CCB-ADDF-0C5971853037_1_105_c.jpeg"
    ],
    "ultima_modificacion": "2025-08-01 01:01:03.332372"
  },
  "8c752ed0919540bba2724d7f2445a2401105c.jpeg": {
    "app_sintetizada": "8C752ED0919540BBA2724D7F2445A2401105C.JPEG",
    "cantidad_archivos": 1,
    "archivos_fuente": [
      "Pictures/Fototeca de Fotos.photoslibrary/resources/derivatives/8/8C752ED0-9195-40BB-A272-4D7F2445A240_1_105_c.jpeg"
    ],
    "ultima_modificacion": "2025-08-01 01:01:03.332550"
  },
  "8820e3d1cbbc42ca80d9263a0cbc0e891105c.jpeg": {
    "app_sintetizada": "8820E3D1CBBC42CA80D9263A0CBC0E891105C.JPEG",
    "cantidad_archivos": 1,
    "archivos_fuente": [
      "Pictures/Fototeca de Fotos.photoslibrary/resources/derivatives/8/8820E3D1-CBBC-42CA-80D9-263A0CBC0E89_1_105_c.jpeg"
    ],
    "ultima_modificacion": "2025-08-01 01:01:03.332725"
  },
  "8236ab90cc4a454395d340e96225ef671105c.jpeg": {
    "app_sintetizada": "8236AB90CC4A454395D340E96225EF671105C.JPEG",
    "cantidad_archivos": 1,
    "archivos_fuente": [
      "Pictures/Fototeca de Fotos.photoslibrary/resources/derivatives/8/8236AB90-CC4A-4543-95D3-40E96225EF67_1_105_c.jpeg"
    ],
    "ultima_modificacion": "2025-08-01 01:01:03.332903"
  },
  "8b4508c680e142a9987d88a55b9fd0c81105c.jpeg": {
    "app_sintetizada": "8B4508C680E142A9987D88A55B9FD0C81105C.JPEG",
    "cantidad_archivos": 1,
    "archivos_fuente": [
      "Pictures/Fototeca de Fotos.photoslibrary/resources/derivatives/8/8B4508C6-80E1-42A9-987D-88A55B9FD0C8_1_105_c.jpeg"
    ],
    "ultima_modificacion": "2025-08-01 01:01:03.333081"
  },
  "8bc667127ba04604948a902b634a8a901105c.jpeg": {
    "app_sintetizada": "8BC667127BA04604948A902B634A8A901105C.JPEG",
    "cantidad_archivos": 1,
    "archivos_fuente": [
      "Pictures/Fototeca de Fotos.photoslibrary/resources/derivatives/8/8BC66712-7BA0-4604-948A-902B634A8A90_1_105_c.jpeg"
    ],
    "ultima_modificacion": "2025-08-01 01:01:03.333299"
  },
  "88099ffc50ee448da6ca019cae6019741105c.jpeg": {
    "app_sintetizada": "88099FFC50EE448DA6CA019CAE6019741105C.JPEG",
    "cantidad_archivos": 1,
    "archivos_fuente": [
      "Pictures/Fototeca de Fotos.photoslibrary/resources/derivatives/8/88099FFC-50EE-448D-A6CA-019CAE601974_1_105_c.jpeg"
    ],
    "ultima_modificacion": "2025-08-01 01:01:03.333592"
  },
  "864a0add29434c2a8e390893debbb7671105c.jpeg": {
    "app_sintetizada": "864A0ADD29434C2A8E390893DEBBB7671105C.JPEG",
    "cantidad_archivos": 1,
    "archivos_fuente": [
      "Pictures/Fototeca de Fotos.photoslibrary/resources/derivatives/8/864A0ADD-2943-4C2A-8E39-0893DEBBB767_1_105_c.jpeg"
    ],
    "ultima_modificacion": "2025-08-01 01:01:03.333811"
  },
  "84263f3952b34ad2900b837cd2f0eb961105c.jpeg": {
    "app_sintetizada": "84263F3952B34AD2900B837CD2F0EB961105C.JPEG",
    "cantidad_archivos": 1,
    "archivos_fuente": [
      "Pictures/Fototeca de Fotos.photoslibrary/resources/derivatives/8/84263F39-52B3-4AD2-900B-837CD2F0EB96_1_105_c.jpeg"
    ],
    "ultima_modificacion": "2025-08-01 01:01:03.334027"
  },
  "8877a7f0b22e418cbde3df8e5d8e5f101105c.jpeg": {
    "app_sintetizada": "8877A7F0B22E418CBDE3DF8E5D8E5F101105C.JPEG",
    "cantidad_archivos": 1,
    "archivos_fuente": [
      "Pictures/Fototeca de Fotos.photoslibrary/resources/derivatives/8/8877A7F0-B22E-418C-BDE3-DF8E5D8E5F10_1_105_c.jpeg"
    ],
    "ultima_modificacion": "2025-08-01 01:01:03.334293"
  },
  "86a7b173775740568aa9f3fe006f4c0a1105c.jpeg": {
    "app_sintetizada": "86A7B173775740568AA9F3FE006F4C0A1105C.JPEG",
    "cantidad_archivos": 1,
    "archivos_fuente": [
      "Pictures/Fototeca de Fotos.photoslibrary/resources/derivatives/8/86A7B173-7757-4056-8AA9-F3FE006F4C0A_1_105_c.jpeg"
    ],
    "ultima_modificacion": "2025-08-01 01:01:03.334507"
  },
  "891b19644fd24d9989dde85a975afb231105c.jpeg": {
    "app_sintetizada": "891B19644FD24D9989DDE85A975AFB231105C.JPEG",
    "cantidad_archivos": 1,
    "archivos_fuente": [
      "Pictures/Fototeca de Fotos.photoslibrary/resources/derivatives/8/891B1964-4FD2-4D99-89DD-E85A975AFB23_1_105_c.jpeg"
    ],
    "ultima_modificacion": "2025-08-01 01:01:03.334768"
  },
  "8dbe10d91dc64d67884f30446b8bfe2c1105c.jpeg": {
    "app_sintetizada": "8DBE10D91DC64D67884F30446B8BFE2C1105C.JPEG",
    "cantidad_archivos": 1,
    "archivos_fuente": [
      "Pictures/Fototeca de Fotos.photoslibrary/resources/derivatives/8/8DBE10D9-1DC6-4D67-884F-30446B8BFE2C_1_105_c.jpeg"
    ],
    "ultima_modificacion": "2025-08-01 01:01:03.335104"
  },
  "8199449966e046ec9f9085781b35fe341105c.jpeg": {
    "app_sintetizada": "8199449966E046EC9F9085781B35FE341105C.JPEG",
    "cantidad_archivos": 1,
    "archivos_fuente": [
      "Pictures/Fototeca de Fotos.photoslibrary/resources/derivatives/8/81994499-66E0-46EC-9F90-85781B35FE34_1_105_c.jpeg"
    ],
    "ultima_modificacion": "2025-08-01 01:01:03.335319"
  },
  "8ee28d97c70a4044a2f1e4d67f096cbf1105c.jpeg": {
    "app_sintetizada": "8EE28D97C70A4044A2F1E4D67F096CBF1105C.JPEG",
    "cantidad_archivos": 1,
    "archivos_fuente": [
      "Pictures/Fototeca de Fotos.photoslibrary/resources/derivatives/8/8EE28D97-C70A-4044-A2F1-E4D67F096CBF_1_105_c.jpeg"
    ],
    "ultima_modificacion": "2025-08-01 01:01:03.335568"
  },
  "8240d15479394560a53ebabe921b558d1100o.jpeg": {
    "app_sintetizada": "8240D15479394560A53EBABE921B558D1100O.JPEG",
    "cantidad_archivos": 1,
    "archivos_fuente": [
      "Pictures/Fototeca de Fotos.photoslibrary/resources/derivatives/8/8240D154-7939-4560-A53E-BABE921B558D_1_100_o.jpeg"
    ],
    "ultima_modificacion": "2025-08-01 01:01:03.335818"
  },
  "83927ef3bbeb47f9b045237fc74b91ae1105c.jpeg": {
    "app_sintetizada": "83927EF3BBEB47F9B045237FC74B91AE1105C.JPEG",
    "cantidad_archivos": 1,
    "archivos_fuente": [
      "Pictures/Fototeca de Fotos.photoslibrary/resources/derivatives/8/83927EF3-BBEB-47F9-B045-237FC74B91AE_1_105_c.jpeg"
    ],
    "ultima_modificacion": "2025-08-01 01:01:03.336097"
  },
  "82ea466155ed4265a00d3d734f3cde111105c.jpeg": {
    "app_sintetizada": "82EA466155ED4265A00D3D734F3CDE111105C.JPEG",
    "cantidad_archivos": 1,
    "archivos_fuente": [
      "Pictures/Fototeca de Fotos.photoslibrary/resources/derivatives/8/82EA4661-55ED-4265-A00D-3D734F3CDE11_1_105_c.jpeg"
    ],
    "ultima_modificacion": "2025-08-01 01:01:03.336376"
  },
  "8a3b08fef1364c228527b9c97dc53da21105c.jpeg": {
    "app_sintetizada": "8A3B08FEF1364C228527B9C97DC53DA21105C.JPEG",
    "cantidad_archivos": 1,
    "archivos_fuente": [
      "Pictures/Fototeca de Fotos.photoslibrary/resources/derivatives/8/8A3B08FE-F136-4C22-8527-B9C97DC53DA2_1_105_c.jpeg"
    ],
    "ultima_modificacion": "2025-08-01 01:01:03.336655"
  },
  "832c35ebe27b4752a238c2468ea9cde21105c.jpeg": {
    "app_sintetizada": "832C35EBE27B4752A238C2468EA9CDE21105C.JPEG",
    "cantidad_archivos": 1,
    "archivos_fuente": [
      "Pictures/Fototeca de Fotos.photoslibrary/resources/derivatives/8/832C35EB-E27B-4752-A238-C2468EA9CDE2_1_105_c.jpeg"
    ],
    "ultima_modificacion": "2025-08-01 01:01:03.336924"
  },
  "87b3720c1f1842d2b2908923e028f7301105c.jpeg": {
    "app_sintetizada": "87B3720C1F1842D2B2908923E028F7301105C.JPEG",
    "cantidad_archivos": 1,
    "archivos_fuente": [
      "Pictures/Fototeca de Fotos.photoslibrary/resources/derivatives/8/87B3720C-1F18-42D2-B290-8923E028F730_1_105_c.jpeg"
    ],
    "ultima_modificacion": "2025-08-01 01:01:03.337225"
  },
  "85ad8464f417439bb958425f12b9d9251100o.jpeg": {
    "app_sintetizada": "85AD8464F417439BB958425F12B9D9251100O.JPEG",
    "cantidad_archivos": 1,
    "archivos_fuente": [
      "Pictures/Fototeca de Fotos.photoslibrary/resources/derivatives/8/85AD8464-F417-439B-B958-425F12B9D925_1_100_o.jpeg"
    ],
    "ultima_modificacion": "2025-08-01 01:01:03.337495"
  },
  "8122eff2d0514997843d874534e96d031105c.jpeg": {
    "app_sintetizada": "8122EFF2D0514997843D874534E96D031105C.JPEG",
    "cantidad_archivos": 1,
    "archivos_fuente": [
      "Pictures/Fototeca de Fotos.photoslibrary/resources/derivatives/8/8122EFF2-D051-4997-843D-874534E96D03_1_105_c.jpeg"
    ],
    "ultima_modificacion": "2025-08-01 01:01:03.337769"
  },
  "8931442db5e444dd930f21266905566c1105c.jpeg": {
    "app_sintetizada": "8931442DB5E444DD930F21266905566C1105C.JPEG",
    "cantidad_archivos": 1,
    "archivos_fuente": [
      "Pictures/Fototeca de Fotos.photoslibrary/resources/derivatives/8/8931442D-B5E4-44DD-930F-21266905566C_1_105_c.jpeg"
    ],
    "ultima_modificacion": "2025-08-01 01:01:03.338043"
  },
  "803a04ae9ef244cbbd32ccdcedccb076.thm": {
    "app_sintetizada": "803A04AE9EF244CBBD32CCDCEDCCB076.THM",
    "cantidad_archivos": 1,
    "archivos_fuente": [
      "Pictures/Fototeca de Fotos.photoslibrary/resources/derivatives/8/803A04AE-9EF2-44CB-BD32-CCDCEDCCB076.THM"
    ],
    "ultima_modificacion": "2025-08-01 01:01:03.338314"
  },
  "867fc680b62e4e599f1597c6a1e65cd01105c.jpeg": {
    "app_sintetizada": "867FC680B62E4E599F1597C6A1E65CD01105C.JPEG",
    "cantidad_archivos": 1,
    "archivos_fuente": [
      "Pictures/Fototeca de Fotos.photoslibrary/resources/derivatives/8/867FC680-B62E-4E59-9F15-97C6A1E65CD0_1_105_c.jpeg"
    ],
    "ultima_modificacion": "2025-08-01 01:01:03.338588"
  },
  "849c8127265a49a4b33bcbe2a19e02be1105c.jpeg": {
    "app_sintetizada": "849C8127265A49A4B33BCBE2A19E02BE1105C.JPEG",
    "cantidad_archivos": 1,
    "archivos_fuente": [
      "Pictures/Fototeca de Fotos.photoslibrary/resources/derivatives/8/849C8127-265A-49A4-B33B-CBE2A19E02BE_1_105_c.jpeg"
    ],
    "ultima_modificacion": "2025-08-01 01:01:03.338852"
  },
  "822dfc8a5f464ad0a91cd19cd21283521105c.jpeg": {
    "app_sintetizada": "822DFC8A5F464AD0A91CD19CD21283521105C.JPEG",
    "cantidad_archivos": 1,
    "archivos_fuente": [
      "Pictures/Fototeca de Fotos.photoslibrary/resources/derivatives/8/822DFC8A-5F46-4AD0-A91C-D19CD2128352_1_105_c.jpeg"
    ],
    "ultima_modificacion": "2025-08-01 01:01:03.339118"
  },
  "8f40e0b324574e26af6cbd1edfa5172c1105c.jpeg": {
    "app_sintetizada": "8F40E0B324574E26AF6CBD1EDFA5172C1105C.JPEG",
    "cantidad_archivos": 1,
    "archivos_fuente": [
      "Pictures/Fototeca de Fotos.photoslibrary/resources/derivatives/8/8F40E0B3-2457-4E26-AF6C-BD1EDFA5172C_1_105_c.jpeg"
    ],
    "ultima_modificacion": "2025-08-01 01:01:03.339441"
  },
  "89d37e49f9c1438cb88d78647379cf091105c.jpeg": {
    "app_sintetizada": "89D37E49F9C1438CB88D78647379CF091105C.JPEG",
    "cantidad_archivos": 1,
    "archivos_fuente": [
      "Pictures/Fototeca de Fotos.photoslibrary/resources/derivatives/8/89D37E49-F9C1-438C-B88D-78647379CF09_1_105_c.jpeg"
    ],
    "ultima_modificacion": "2025-08-01 01:01:03.339744"
  },
  "8f9fffa01d134dcb853f28fa49f0238f1105c.jpeg": {
    "app_sintetizada": "8F9FFFA01D134DCB853F28FA49F0238F1105C.JPEG",
    "cantidad_archivos": 1,
    "archivos_fuente": [
      "Pictures/Fototeca de Fotos.photoslibrary/resources/derivatives/8/8F9FFFA0-1D13-4DCB-853F-28FA49F0238F_1_105_c.jpeg"
    ],
    "ultima_modificacion": "2025-08-01 01:01:03.340029"
  },
  "8045fd5a3a1a44a0880f8e75bdfe86101105c.jpeg": {
    "app_sintetizada": "8045FD5A3A1A44A0880F8E75BDFE86101105C.JPEG",
    "cantidad_archivos": 1,
    "archivos_fuente": [
      "Pictures/Fototeca de Fotos.photoslibrary/resources/derivatives/8/8045FD5A-3A1A-44A0-880F-8E75BDFE8610_1_105_c.jpeg"
    ],
    "ultima_modificacion": "2025-08-01 01:01:03.340314"
  },
  "8f01951a62024177b7c9c39ac6cf8e581105c.jpeg": {
    "app_sintetizada": "8F01951A62024177B7C9C39AC6CF8E581105C.JPEG",
    "cantidad_archivos": 1,
    "archivos_fuente": [
      "Pictures/Fototeca de Fotos.photoslibrary/resources/derivatives/8/8F01951A-6202-4177-B7C9-C39AC6CF8E58_1_105_c.jpeg"
    ],
    "ultima_modificacion": "2025-08-01 01:01:03.340583"
  },
  "848d37d5ad8a4d6698fb70f0d6a75996.thm": {
    "app_sintetizada": "848D37D5AD8A4D6698FB70F0D6A75996.THM",
    "cantidad_archivos": 1,
    "archivos_fuente": [
      "Pictures/Fototeca de Fotos.photoslibrary/resources/derivatives/8/848D37D5-AD8A-4D66-98FB-70F0D6A75996.THM"
    ],
    "ultima_modificacion": "2025-08-01 01:01:03.340899"
  },
  "8cc971091bfc4028b2186e2e0039fcc2.thm": {
    "app_sintetizada": "8CC971091BFC4028B2186E2E0039FCC2.THM",
    "cantidad_archivos": 1,
    "archivos_fuente": [
      "Pictures/Fototeca de Fotos.photoslibrary/resources/derivatives/8/8CC97109-1BFC-4028-B218-6E2E0039FCC2.THM"
    ],
    "ultima_modificacion": "2025-08-01 01:01:03.341183"
  },
  "8ed3725612814111af7d85cc8fa751e61105c.jpeg": {
    "app_sintetizada": "8ED3725612814111AF7D85CC8FA751E61105C.JPEG",
    "cantidad_archivos": 1,
    "archivos_fuente": [
      "Pictures/Fototeca de Fotos.photoslibrary/resources/derivatives/8/8ED37256-1281-4111-AF7D-85CC8FA751E6_1_105_c.jpeg"
    ],
    "ultima_modificacion": "2025-08-01 01:01:03.341467"
  },
  "82ded7f9a1e74ff9980b2299dbc1307b1105c.jpeg": {
    "app_sintetizada": "82DED7F9A1E74FF9980B2299DBC1307B1105C.JPEG",
    "cantidad_archivos": 1,
    "archivos_fuente": [
      "Pictures/Fototeca de Fotos.photoslibrary/resources/derivatives/8/82DED7F9-A1E7-4FF9-980B-2299DBC1307B_1_105_c.jpeg"
    ],
    "ultima_modificacion": "2025-08-01 01:01:03.341821"
  },
  "8ad0d5f796fb4e9bbb64ce969976b1fa1105c.jpeg": {
    "app_sintetizada": "8AD0D5F796FB4E9BBB64CE969976B1FA1105C.JPEG",
    "cantidad_archivos": 1,
    "archivos_fuente": [
      "Pictures/Fototeca de Fotos.photoslibrary/resources/derivatives/8/8AD0D5F7-96FB-4E9B-BB64-CE969976B1FA_1_105_c.jpeg"
    ],
    "ultima_modificacion": "2025-08-01 01:01:03.342106"
  },
  "8c86071a6a5146208e699c7def80716d1105c.jpeg": {
    "app_sintetizada": "8C86071A6A5146208E699C7DEF80716D1105C.JPEG",
    "cantidad_archivos": 1,
    "archivos_fuente": [
      "Pictures/Fototeca de Fotos.photoslibrary/resources/derivatives/8/8C86071A-6A51-4620-8E69-9C7DEF80716D_1_105_c.jpeg"
    ],
    "ultima_modificacion": "2025-08-01 01:01:03.342372"
  },
  "8c8a129b15594a37b447fb7d90d60a5c1105c.jpeg": {
    "app_sintetizada": "8C8A129B15594A37B447FB7D90D60A5C1105C.JPEG",
    "cantidad_archivos": 1,
    "archivos_fuente": [
      "Pictures/Fototeca de Fotos.photoslibrary/resources/derivatives/8/8C8A129B-1559-4A37-B447-FB7D90D60A5C_1_105_c.jpeg"
    ],
    "ultima_modificacion": "2025-08-01 01:01:03.342678"
  },
  "86220f466bb94f66a112e9b2e7ca6db91105c.jpeg": {
    "app_sintetizada": "86220F466BB94F66A112E9B2E7CA6DB91105C.JPEG",
    "cantidad_archivos": 1,
    "archivos_fuente": [
      "Pictures/Fototeca de Fotos.photoslibrary/resources/derivatives/8/86220F46-6BB9-4F66-A112-E9B2E7CA6DB9_1_105_c.jpeg"
    ],
    "ultima_modificacion": "2025-08-01 01:01:03.342989"
  },
  "898cd505016b46978ab244ed0d6bd5471105c.jpeg": {
    "app_sintetizada": "898CD505016B46978AB244ED0D6BD5471105C.JPEG",
    "cantidad_archivos": 1,
    "archivos_fuente": [
      "Pictures/Fototeca de Fotos.photoslibrary/resources/derivatives/8/898CD505-016B-4697-8AB2-44ED0D6BD547_1_105_c.jpeg"
    ],
    "ultima_modificacion": "2025-08-01 01:01:03.343291"
  },
  "8d00a424c26d45ca88d5d6164d6318461105c.jpeg": {
    "app_sintetizada": "8D00A424C26D45CA88D5D6164D6318461105C.JPEG",
    "cantidad_archivos": 1,
    "archivos_fuente": [
      "Pictures/Fototeca de Fotos.photoslibrary/resources/derivatives/8/8D00A424-C26D-45CA-88D5-D6164D631846_1_105_c.jpeg"
    ],
    "ultima_modificacion": "2025-08-01 01:01:03.343578"
  },
  "81dae60968274e37b55c8906a4c6a6241105c.jpeg": {
    "app_sintetizada": "81DAE60968274E37B55C8906A4C6A6241105C.JPEG",
    "cantidad_archivos": 1,
    "archivos_fuente": [
      "Pictures/Fototeca de Fotos.photoslibrary/resources/derivatives/8/81DAE609-6827-4E37-B55C-8906A4C6A624_1_105_c.jpeg"
    ],
    "ultima_modificacion": "2025-08-01 01:01:03.343859"
  },
  "863421b865f742daae29e7e54e78d6c51105c.jpeg": {
    "app_sintetizada": "863421B865F742DAAE29E7E54E78D6C51105C.JPEG",
    "cantidad_archivos": 1,
    "archivos_fuente": [
      "Pictures/Fototeca de Fotos.photoslibrary/resources/derivatives/8/863421B8-65F7-42DA-AE29-E7E54E78D6C5_1_105_c.jpeg"
    ],
    "ultima_modificacion": "2025-08-01 01:01:03.344165"
  },
  "8ba1b110ad394e74a03395b9a8d9ee261105c.jpeg": {
    "app_sintetizada": "8BA1B110AD394E74A03395B9A8D9EE261105C.JPEG",
    "cantidad_archivos": 1,
    "archivos_fuente": [
      "Pictures/Fototeca de Fotos.photoslibrary/resources/derivatives/8/8BA1B110-AD39-4E74-A033-95B9A8D9EE26_1_105_c.jpeg"
    ],
    "ultima_modificacion": "2025-08-01 01:01:03.344444"
  },
  "864efbbd1ff443aaac8634c3729768001105c.jpeg": {
    "app_sintetizada": "864EFBBD1FF443AAAC8634C3729768001105C.JPEG",
    "cantidad_archivos": 1,
    "archivos_fuente": [
      "Pictures/Fototeca de Fotos.photoslibrary/resources/derivatives/8/864EFBBD-1FF4-43AA-AC86-34C372976800_1_105_c.jpeg"
    ],
    "ultima_modificacion": "2025-08-01 01:01:03.344697"
  },
  "86ba8c9e049248729462c6358ca71dcf1105c.jpeg": {
    "app_sintetizada": "86BA8C9E049248729462C6358CA71DCF1105C.JPEG",
    "cantidad_archivos": 1,
    "archivos_fuente": [
      "Pictures/Fototeca de Fotos.photoslibrary/resources/derivatives/8/86BA8C9E-0492-4872-9462-C6358CA71DCF_1_105_c.jpeg"
    ],
    "ultima_modificacion": "2025-08-01 01:01:03.345014"
  },
  "8a4c57e989fe44b7b5e4cdffddce08ab1105c.jpeg": {
    "app_sintetizada": "8A4C57E989FE44B7B5E4CDFFDDCE08AB1105C.JPEG",
    "cantidad_archivos": 1,
    "archivos_fuente": [
      "Pictures/Fototeca de Fotos.photoslibrary/resources/derivatives/8/8A4C57E9-89FE-44B7-B5E4-CDFFDDCE08AB_1_105_c.jpeg"
    ],
    "ultima_modificacion": "2025-08-01 01:01:03.345329"
  },
  "80d51d70931244df8d6a8a9dde14eb45.thm": {
    "app_sintetizada": "80D51D70931244DF8D6A8A9DDE14EB45.THM",
    "cantidad_archivos": 1,
    "archivos_fuente": [
      "Pictures/Fototeca de Fotos.photoslibrary/resources/derivatives/8/80D51D70-9312-44DF-8D6A-8A9DDE14EB45.THM"
    ],
    "ultima_modificacion": "2025-08-01 01:01:03.345634"
  },
  "82cb96bc6fb3420e8636a265063d7c5e1105c.jpeg": {
    "app_sintetizada": "82CB96BC6FB3420E8636A265063D7C5E1105C.JPEG",
    "cantidad_archivos": 1,
    "archivos_fuente": [
      "Pictures/Fototeca de Fotos.photoslibrary/resources/derivatives/8/82CB96BC-6FB3-420E-8636-A265063D7C5E_1_105_c.jpeg"
    ],
    "ultima_modificacion": "2025-08-01 01:01:03.345941"
  },
  "8bb05945ff234a768b46f8e9317030271105c.jpeg": {
    "app_sintetizada": "8BB05945FF234A768B46F8E9317030271105C.JPEG",
    "cantidad_archivos": 1,
    "archivos_fuente": [
      "Pictures/Fototeca de Fotos.photoslibrary/resources/derivatives/8/8BB05945-FF23-4A76-8B46-F8E931703027_1_105_c.jpeg"
    ],
    "ultima_modificacion": "2025-08-01 01:01:03.346248"
  },
  "8772ea322fac4bdb937b8bde90d606481105c.jpeg": {
    "app_sintetizada": "8772EA322FAC4BDB937B8BDE90D606481105C.JPEG",
    "cantidad_archivos": 1,
    "archivos_fuente": [
      "Pictures/Fototeca de Fotos.photoslibrary/resources/derivatives/8/8772EA32-2FAC-4BDB-937B-8BDE90D60648_1_105_c.jpeg"
    ],
    "ultima_modificacion": "2025-08-01 01:01:03.346620"
  },
  "8eddc3ee816342b8bcfaaca2ed9bce561105c.jpeg": {
    "app_sintetizada": "8EDDC3EE816342B8BCFAACA2ED9BCE561105C.JPEG",
    "cantidad_archivos": 1,
    "archivos_fuente": [
      "Pictures/Fototeca de Fotos.photoslibrary/resources/derivatives/8/8EDDC3EE-8163-42B8-BCFA-ACA2ED9BCE56_1_105_c.jpeg"
    ],
    "ultima_modificacion": "2025-08-01 01:01:03.346929"
  },
  "893443e4b5bb44c4a235f665a4d6d86c1105c.jpeg": {
    "app_sintetizada": "893443E4B5BB44C4A235F665A4D6D86C1105C.JPEG",
    "cantidad_archivos": 1,
    "archivos_fuente": [
      "Pictures/Fototeca de Fotos.photoslibrary/resources/derivatives/8/893443E4-B5BB-44C4-A235-F665A4D6D86C_1_105_c.jpeg"
    ],
    "ultima_modificacion": "2025-08-01 01:01:03.347234"
  },
  "8981514765e34f678ba1ff971712449f1105c.jpeg": {
    "app_sintetizada": "8981514765E34F678BA1FF971712449F1105C.JPEG",
    "cantidad_archivos": 1,
    "archivos_fuente": [
      "Pictures/Fototeca de Fotos.photoslibrary/resources/derivatives/8/89815147-65E3-4F67-8BA1-FF971712449F_1_105_c.jpeg"
    ],
    "ultima_modificacion": "2025-08-01 01:01:03.347533"
  },
  "801377cd2b4e40d098da80f523e02a7b1105c.jpeg": {
    "app_sintetizada": "801377CD2B4E40D098DA80F523E02A7B1105C.JPEG",
    "cantidad_archivos": 1,
    "archivos_fuente": [
      "Pictures/Fototeca de Fotos.photoslibrary/resources/derivatives/8/801377CD-2B4E-40D0-98DA-80F523E02A7B_1_105_c.jpeg"
    ],
    "ultima_modificacion": "2025-08-01 01:01:03.347847"
  },
  "8540985904b04333a2cd22da02bbafcd1105c.jpeg": {
    "app_sintetizada": "8540985904B04333A2CD22DA02BBAFCD1105C.JPEG",
    "cantidad_archivos": 1,
    "archivos_fuente": [
      "Pictures/Fototeca de Fotos.photoslibrary/resources/derivatives/8/85409859-04B0-4333-A2CD-22DA02BBAFCD_1_105_c.jpeg"
    ],
    "ultima_modificacion": "2025-08-01 01:01:03.348173"
  },
  "8a89e1d190b84012987e0708e1463eee1105c.jpeg": {
    "app_sintetizada": "8A89E1D190B84012987E0708E1463EEE1105C.JPEG",
    "cantidad_archivos": 1,
    "archivos_fuente": [
      "Pictures/Fototeca de Fotos.photoslibrary/resources/derivatives/8/8A89E1D1-90B8-4012-987E-0708E1463EEE_1_105_c.jpeg"
    ],
    "ultima_modificacion": "2025-08-01 01:01:03.348484"
  },
  "837615dcabc048b9a896cd0d8d942bb81105c.jpeg": {
    "app_sintetizada": "837615DCABC048B9A896CD0D8D942BB81105C.JPEG",
    "cantidad_archivos": 1,
    "archivos_fuente": [
      "Pictures/Fototeca de Fotos.photoslibrary/resources/derivatives/8/837615DC-ABC0-48B9-A896-CD0D8D942BB8_1_105_c.jpeg"
    ],
    "ultima_modificacion": "2025-08-01 01:01:03.348788"
  },
  "8aeccd709c2c4865a8dad14f2ae695691105c.jpeg": {
    "app_sintetizada": "8AECCD709C2C4865A8DAD14F2AE695691105C.JPEG",
    "cantidad_archivos": 1,
    "archivos_fuente": [
      "Pictures/Fototeca de Fotos.photoslibrary/resources/derivatives/8/8AECCD70-9C2C-4865-A8DA-D14F2AE69569_1_105_c.jpeg"
    ],
    "ultima_modificacion": "2025-08-01 01:01:03.349054"
  },
  "85dac5cf12b54266a517c2f87e22b74a1105c.jpeg": {
    "app_sintetizada": "85DAC5CF12B54266A517C2F87E22B74A1105C.JPEG",
    "cantidad_archivos": 1,
    "archivos_fuente": [
      "Pictures/Fototeca de Fotos.photoslibrary/resources/derivatives/8/85DAC5CF-12B5-4266-A517-C2F87E22B74A_1_105_c.jpeg"
    ],
    "ultima_modificacion": "2025-08-01 01:01:03.349343"
  },
  "8dcbaf348ff44457924a4bde7becdb821105c.jpeg": {
    "app_sintetizada": "8DCBAF348FF44457924A4BDE7BECDB821105C.JPEG",
    "cantidad_archivos": 1,
    "archivos_fuente": [
      "Pictures/Fototeca de Fotos.photoslibrary/resources/derivatives/8/8DCBAF34-8FF4-4457-924A-4BDE7BECDB82_1_105_c.jpeg"
    ],
    "ultima_modificacion": "2025-08-01 01:01:03.349646"
  },
  "855baa92de5f439b85729bbbe9cfed7b1105c.jpeg": {
    "app_sintetizada": "855BAA92DE5F439B85729BBBE9CFED7B1105C.JPEG",
    "cantidad_archivos": 1,
    "archivos_fuente": [
      "Pictures/Fototeca de Fotos.photoslibrary/resources/derivatives/8/855BAA92-DE5F-439B-8572-9BBBE9CFED7B_1_105_c.jpeg"
    ],
    "ultima_modificacion": "2025-08-01 01:01:03.349927"
  },
  "8c846a98f2064f338ac90b041b8a19b5.thm": {
    "app_sintetizada": "8C846A98F2064F338AC90B041B8A19B5.THM",
    "cantidad_archivos": 1,
    "archivos_fuente": [
      "Pictures/Fototeca de Fotos.photoslibrary/resources/derivatives/8/8C846A98-F206-4F33-8AC9-0B041B8A19B5.THM"
    ],
    "ultima_modificacion": "2025-08-01 01:01:03.350206"
  },
  "89f998ddeb0c4f7bae16197faa8b1c911105c.jpeg": {
    "app_sintetizada": "89F998DDEB0C4F7BAE16197FAA8B1C911105C.JPEG",
    "cantidad_archivos": 1,
    "archivos_fuente": [
      "Pictures/Fototeca de Fotos.photoslibrary/resources/derivatives/8/89F998DD-EB0C-4F7B-AE16-197FAA8B1C91_1_105_c.jpeg"
    ],
    "ultima_modificacion": "2025-08-01 01:01:03.350513"
  },
  "8cf0dc61efcd4c5c97f08a043b7253171105c.jpeg": {
    "app_sintetizada": "8CF0DC61EFCD4C5C97F08A043B7253171105C.JPEG",
    "cantidad_archivos": 1,
    "archivos_fuente": [
      "Pictures/Fototeca de Fotos.photoslibrary/resources/derivatives/8/8CF0DC61-EFCD-4C5C-97F0-8A043B725317_1_105_c.jpeg"
    ],
    "ultima_modificacion": "2025-08-01 01:01:03.350870"
  },
  "83406d5e61a144049630295e1e0828c11105c.jpeg": {
    "app_sintetizada": "83406D5E61A144049630295E1E0828C11105C.JPEG",
    "cantidad_archivos": 1,
    "archivos_fuente": [
      "Pictures/Fototeca de Fotos.photoslibrary/resources/derivatives/8/83406D5E-61A1-4404-9630-295E1E0828C1_1_105_c.jpeg"
    ],
    "ultima_modificacion": "2025-08-01 01:01:03.351146"
  },
  "8309c3e1ddc642b89214a2fd90d1a0ab1105c.jpeg": {
    "app_sintetizada": "8309C3E1DDC642B89214A2FD90D1A0AB1105C.JPEG",
    "cantidad_archivos": 1,
    "archivos_fuente": [
      "Pictures/Fototeca de Fotos.photoslibrary/resources/derivatives/8/8309C3E1-DDC6-42B8-9214-A2FD90D1A0AB_1_105_c.jpeg"
    ],
    "ultima_modificacion": "2025-08-01 01:01:03.351431"
  }
}