{
  "968ab9167d6844a38fe438a5cbfd30c745005c.jpeg": {
    "app_sintetizada": "968AB9167D6844A38FE438A5CBFD30C745005C.JPEG",
    "cantidad_archivos": 1,
    "archivos_fuente": [
      "Pictures/Fototeca de Fotos.photoslibrary/resources/derivatives/masters/9/968AB916-7D68-44A3-8FE4-38A5CBFD30C7_4_5005_c.jpeg"
    ],
    "ultima_modificacion": "2025-08-01 01:01:05.423642"
  },
  "96becf937f294875ba64ccf27efcc1a945005c.jpeg": {
    "app_sintetizada": "96BECF937F294875BA64CCF27EFCC1A945005C.JPEG",
    "cantidad_archivos": 1,
    "archivos_fuente": [
      "Pictures/Fototeca de Fotos.photoslibrary/resources/derivatives/masters/9/96BECF93-7F29-4875-BA64-CCF27EFCC1A9_4_5005_c.jpeg"
    ],
    "ultima_modificacion": "2025-08-01 01:01:05.423968"
  },
  "9c02c3df043843e78ced991dbd4ebff345005c.jpeg": {
    "app_sintetizada": "9C02C3DF043843E78CED991DBD4EBFF345005C.JPEG",
    "cantidad_archivos": 1,
    "archivos_fuente": [
      "Pictures/Fototeca de Fotos.photoslibrary/resources/derivatives/masters/9/9C02C3DF-0438-43E7-8CED-991DBD4EBFF3_4_5005_c.jpeg"
    ],
    "ultima_modificacion": "2025-08-01 01:01:05.424316"
  },
  "9b59691b8f1746ec83c117f075144ed845005c.jpeg": {
    "app_sintetizada": "9B59691B8F1746EC83C117F075144ED845005C.JPEG",
    "cantidad_archivos": 1,
    "archivos_fuente": [
      "Pictures/Fototeca de Fotos.photoslibrary/resources/derivatives/masters/9/9B59691B-8F17-46EC-83C1-17F075144ED8_4_5005_c.jpeg"
    ],
    "ultima_modificacion": "2025-08-01 01:01:05.424642"
  },
  "966a5032cb2c4d1599cd2f42b0b6f65e45005c.jpeg": {
    "app_sintetizada": "966A5032CB2C4D1599CD2F42B0B6F65E45005C.JPEG",
    "cantidad_archivos": 1,
    "archivos_fuente": [
      "Pictures/Fototeca de Fotos.photoslibrary/resources/derivatives/masters/9/966A5032-CB2C-4D15-99CD-2F42B0B6F65E_4_5005_c.jpeg"
    ],
    "ultima_modificacion": "2025-08-01 01:01:05.424922"
  },
  "94f8713d7e104b1aa9f6505fe940b46545005c.jpeg": {
    "app_sintetizada": "94F8713D7E104B1AA9F6505FE940B46545005C.JPEG",
    "cantidad_archivos": 1,
    "archivos_fuente": [
      "Pictures/Fototeca de Fotos.photoslibrary/resources/derivatives/masters/9/94F8713D-7E10-4B1A-A9F6-505FE940B465_4_5005_c.jpeg"
    ],
    "ultima_modificacion": "2025-08-01 01:01:05.425176"
  },
  "9ea2895363aa4a059d0c7cc04e12614e45005c.jpeg": {
    "app_sintetizada": "9EA2895363AA4A059D0C7CC04E12614E45005C.JPEG",
    "cantidad_archivos": 1,
    "archivos_fuente": [
      "Pictures/Fototeca de Fotos.photoslibrary/resources/derivatives/masters/9/9EA28953-63AA-4A05-9D0C-7CC04E12614E_4_5005_c.jpeg"
    ],
    "ultima_modificacion": "2025-08-01 01:01:05.425483"
  },
  "9798154a36c44cb597aee074f33f27ab45005c.jpeg": {
    "app_sintetizada": "9798154A36C44CB597AEE074F33F27AB45005C.JPEG",
    "cantidad_archivos": 1,
    "archivos_fuente": [
      "Pictures/Fototeca de Fotos.photoslibrary/resources/derivatives/masters/9/9798154A-36C4-4CB5-97AE-E074F33F27AB_4_5005_c.jpeg"
    ],
    "ultima_modificacion": "2025-08-01 01:01:05.425776"
  },
  "92dc3e32212349058eaff1e5632b0cf645005c.jpeg": {
    "app_sintetizada": "92DC3E32212349058EAFF1E5632B0CF645005C.JPEG",
    "cantidad_archivos": 1,
    "archivos_fuente": [
      "Pictures/Fototeca de Fotos.photoslibrary/resources/derivatives/masters/9/92DC3E32-2123-4905-8EAF-F1E5632B0CF6_4_5005_c.jpeg"
    ],
    "ultima_modificacion": "2025-08-01 01:01:05.426426"
  },
  "963deee3c2014b709b43872452d82b9445005c.jpeg": {
    "app_sintetizada": "963DEEE3C2014B709B43872452D82B9445005C.JPEG",
    "cantidad_archivos": 1,
    "archivos_fuente": [
      "Pictures/Fototeca de Fotos.photoslibrary/resources/derivatives/masters/9/963DEEE3-C201-4B70-9B43-872452D82B94_4_5005_c.jpeg"
    ],
    "ultima_modificacion": "2025-08-01 01:01:05.427160"
  },
  "97cf48292597421d9f52e31fe6e3975445005c.jpeg": {
    "app_sintetizada": "97CF48292597421D9F52E31FE6E3975445005C.JPEG",
    "cantidad_archivos": 1,
    "archivos_fuente": [
      "Pictures/Fototeca de Fotos.photoslibrary/resources/derivatives/masters/9/97CF4829-2597-421D-9F52-E31FE6E39754_4_5005_c.jpeg"
    ],
    "ultima_modificacion": "2025-08-01 01:01:05.427457"
  },
  "9718a909c929465684286e27769d2a8845005c.jpeg": {
    "app_sintetizada": "9718A909C929465684286E27769D2A8845005C.JPEG",
    "cantidad_archivos": 1,
    "archivos_fuente": [
      "Pictures/Fototeca de Fotos.photoslibrary/resources/derivatives/masters/9/9718A909-C929-4656-8428-6E27769D2A88_4_5005_c.jpeg"
    ],
    "ultima_modificacion": "2025-08-01 01:01:05.427765"
  },
  "9844423ba82041ee837d06198fc39a4745005c.jpeg": {
    "app_sintetizada": "9844423BA82041EE837D06198FC39A4745005C.JPEG",
    "cantidad_archivos": 1,
    "archivos_fuente": [
      "Pictures/Fototeca de Fotos.photoslibrary/resources/derivatives/masters/9/9844423B-A820-41EE-837D-06198FC39A47_4_5005_c.jpeg"
    ],
    "ultima_modificacion": "2025-08-01 01:01:05.428023"
  },
  "9092a016b8b94ab19c093cb7a4933fef45005c.jpeg": {
    "app_sintetizada": "9092A016B8B94AB19C093CB7A4933FEF45005C.JPEG",
    "cantidad_archivos": 1,
    "archivos_fuente": [
      "Pictures/Fototeca de Fotos.photoslibrary/resources/derivatives/masters/9/9092A016-B8B9-4AB1-9C09-3CB7A4933FEF_4_5005_c.jpeg"
    ],
    "ultima_modificacion": "2025-08-01 01:01:05.428268"
  },
  "9f83a0353a254165b7caa32b1ad7021945005c.jpeg": {
    "app_sintetizada": "9F83A0353A254165B7CAA32B1AD7021945005C.JPEG",
    "cantidad_archivos": 1,
    "archivos_fuente": [
      "Pictures/Fototeca de Fotos.photoslibrary/resources/derivatives/masters/9/9F83A035-3A25-4165-B7CA-A32B1AD70219_4_5005_c.jpeg"
    ],
    "ultima_modificacion": "2025-08-01 01:01:05.429953"
  },
  "9f0050ab7f874712a96d68bdfd04dd3c45005c.jpeg": {
    "app_sintetizada": "9F0050AB7F874712A96D68BDFD04DD3C45005C.JPEG",
    "cantidad_archivos": 1,
    "archivos_fuente": [
      "Pictures/Fototeca de Fotos.photoslibrary/resources/derivatives/masters/9/9F0050AB-7F87-4712-A96D-68BDFD04DD3C_4_5005_c.jpeg"
    ],
    "ultima_modificacion": "2025-08-01 01:01:05.430595"
  },
  "9c9abccacc834f7ba79866944e9179be45005c.jpeg": {
    "app_sintetizada": "9C9ABCCACC834F7BA79866944E9179BE45005C.JPEG",
    "cantidad_archivos": 1,
    "archivos_fuente": [
      "Pictures/Fototeca de Fotos.photoslibrary/resources/derivatives/masters/9/9C9ABCCA-CC83-4F7B-A798-66944E9179BE_4_5005_c.jpeg"
    ],
    "ultima_modificacion": "2025-08-01 01:01:05.431465"
  },
  "980b35d551a6456bbc94fd8b1babaf3b45005c.jpeg": {
    "app_sintetizada": "980B35D551A6456BBC94FD8B1BABAF3B45005C.JPEG",
    "cantidad_archivos": 1,
    "archivos_fuente": [
      "Pictures/Fototeca de Fotos.photoslibrary/resources/derivatives/masters/9/980B35D5-51A6-456B-BC94-FD8B1BABAF3B_4_5005_c.jpeg"
    ],
    "ultima_modificacion": "2025-08-01 01:01:05.431809"
  },
  "9e0ed15557c7412cbeef74191267203d45005c.jpeg": {
    "app_sintetizada": "9E0ED15557C7412CBEEF74191267203D45005C.JPEG",
    "cantidad_archivos": 1,
    "archivos_fuente": [
      "Pictures/Fototeca de Fotos.photoslibrary/resources/derivatives/masters/9/9E0ED155-57C7-412C-BEEF-74191267203D_4_5005_c.jpeg"
    ],
    "ultima_modificacion": "2025-08-01 01:01:05.432074"
  },
  "975945a0b91b4a65a5c029351d12bfb645005c.jpeg": {
    "app_sintetizada": "975945A0B91B4A65A5C029351D12BFB645005C.JPEG",
    "cantidad_archivos": 1,
    "archivos_fuente": [
      "Pictures/Fototeca de Fotos.photoslibrary/resources/derivatives/masters/9/975945A0-B91B-4A65-A5C0-29351D12BFB6_4_5005_c.jpeg"
    ],
    "ultima_modificacion": "2025-08-01 01:01:05.432339"
  },
  "9a39a455ea93446bbc1257bfda9d778945005c.jpeg": {
    "app_sintetizada": "9A39A455EA93446BBC1257BFDA9D778945005C.JPEG",
    "cantidad_archivos": 1,
    "archivos_fuente": [
      "Pictures/Fototeca de Fotos.photoslibrary/resources/derivatives/masters/9/9A39A455-EA93-446B-BC12-57BFDA9D7789_4_5005_c.jpeg"
    ],
    "ultima_modificacion": "2025-08-01 01:01:05.432604"
  },
  "987d07f8bd5841e793a77eb103daed3145005c.jpeg": {
    "app_sintetizada": "987D07F8BD5841E793A77EB103DAED3145005C.JPEG",
    "cantidad_archivos": 1,
    "archivos_fuente": [
      "Pictures/Fototeca de Fotos.photoslibrary/resources/derivatives/masters/9/987D07F8-BD58-41E7-93A7-7EB103DAED31_4_5005_c.jpeg"
    ],
    "ultima_modificacion": "2025-08-01 01:01:05.432861"
  },
  "9bee4d26684e4112a514aa126deb552d45005c.jpeg": {
    "app_sintetizada": "9BEE4D26684E4112A514AA126DEB552D45005C.JPEG",
    "cantidad_archivos": 1,
    "archivos_fuente": [
      "Pictures/Fototeca de Fotos.photoslibrary/resources/derivatives/masters/9/9BEE4D26-684E-4112-A514-AA126DEB552D_4_5005_c.jpeg"
    ],
    "ultima_modificacion": "2025-08-01 01:01:05.433242"
  },
  "9f5a42cdcbb64abbbde06ffa4bc67c5245005c.jpeg": {
    "app_sintetizada": "9F5A42CDCBB64ABBBDE06FFA4BC67C5245005C.JPEG",
    "cantidad_archivos": 1,
    "archivos_fuente": [
      "Pictures/Fototeca de Fotos.photoslibrary/resources/derivatives/masters/9/9F5A42CD-CBB6-4ABB-BDE0-6FFA4BC67C52_4_5005_c.jpeg"
    ],
    "ultima_modificacion": "2025-08-01 01:01:05.433576"
  },
  "9124db9e36364c85a6be8f2aca2ddc3845005c.jpeg": {
    "app_sintetizada": "9124DB9E36364C85A6BE8F2ACA2DDC3845005C.JPEG",
    "cantidad_archivos": 1,
    "archivos_fuente": [
      "Pictures/Fototeca de Fotos.photoslibrary/resources/derivatives/masters/9/9124DB9E-3636-4C85-A6BE-8F2ACA2DDC38_4_5005_c.jpeg"
    ],
    "ultima_modificacion": "2025-08-01 01:01:05.433840"
  },
  "91946e196bda4b2cb537a5f9da0f0f8c45005c.jpeg": {
    "app_sintetizada": "91946E196BDA4B2CB537A5F9DA0F0F8C45005C.JPEG",
    "cantidad_archivos": 1,
    "archivos_fuente": [
      "Pictures/Fototeca de Fotos.photoslibrary/resources/derivatives/masters/9/91946E19-6BDA-4B2C-B537-A5F9DA0F0F8C_4_5005_c.jpeg"
    ],
    "ultima_modificacion": "2025-08-01 01:01:05.434167"
  },
  "9b9a1556d8294e709757d6d2fcb6c2ea45005c.jpeg": {
    "app_sintetizada": "9B9A1556D8294E709757D6D2FCB6C2EA45005C.JPEG",
    "cantidad_archivos": 1,
    "archivos_fuente": [
      "Pictures/Fototeca de Fotos.photoslibrary/resources/derivatives/masters/9/9B9A1556-D829-4E70-9757-D6D2FCB6C2EA_4_5005_c.jpeg"
    ],
    "ultima_modificacion": "2025-08-01 01:01:05.434478"
  },
  "99e0538cbacb47c5987499fde08b034845005c.jpeg": {
    "app_sintetizada": "99E0538CBACB47C5987499FDE08B034845005C.JPEG",
    "cantidad_archivos": 1,
    "archivos_fuente": [
      "Pictures/Fototeca de Fotos.photoslibrary/resources/derivatives/masters/9/99E0538C-BACB-47C5-9874-99FDE08B0348_4_5005_c.jpeg"
    ],
    "ultima_modificacion": "2025-08-01 01:01:05.435276"
  },
  "9970fed4a617439db7e994582a721b7945005c.jpeg": {
    "app_sintetizada": "9970FED4A617439DB7E994582A721B7945005C.JPEG",
    "cantidad_archivos": 1,
    "archivos_fuente": [
      "Pictures/Fototeca de Fotos.photoslibrary/resources/derivatives/masters/9/9970FED4-A617-439D-B7E9-94582A721B79_4_5005_c.jpeg"
    ],
    "ultima_modificacion": "2025-08-01 01:01:05.435937"
  },
  "951b50123ae34e878bbe83977a2e4bdf45005c.jpeg": {
    "app_sintetizada": "951B50123AE34E878BBE83977A2E4BDF45005C.JPEG",
    "cantidad_archivos": 1,
    "archivos_fuente": [
      "Pictures/Fototeca de Fotos.photoslibrary/resources/derivatives/masters/9/951B5012-3AE3-4E87-8BBE-83977A2E4BDF_4_5005_c.jpeg"
    ],
    "ultima_modificacion": "2025-08-01 01:01:05.436320"
  },
  "9da2d52f77494226804db9c06b0b07ac45005c.jpeg": {
    "app_sintetizada": "9DA2D52F77494226804DB9C06B0B07AC45005C.JPEG",
    "cantidad_archivos": 1,
    "archivos_fuente": [
      "Pictures/Fototeca de Fotos.photoslibrary/resources/derivatives/masters/9/9DA2D52F-7749-4226-804D-B9C06B0B07AC_4_5005_c.jpeg"
    ],
    "ultima_modificacion": "2025-08-01 01:01:05.436914"
  },
  "9c319e7360b04bb6a59a585e0e7bcb3d45005c.jpeg": {
    "app_sintetizada": "9C319E7360B04BB6A59A585E0E7BCB3D45005C.JPEG",
    "cantidad_archivos": 1,
    "archivos_fuente": [
      "Pictures/Fototeca de Fotos.photoslibrary/resources/derivatives/masters/9/9C319E73-60B0-4BB6-A59A-585E0E7BCB3D_4_5005_c.jpeg"
    ],
    "ultima_modificacion": "2025-08-01 01:01:05.437261"
  },
  "9ea80fe4074844179702a98e317df53045005c.jpeg": {
    "app_sintetizada": "9EA80FE4074844179702A98E317DF53045005C.JPEG",
    "cantidad_archivos": 1,
    "archivos_fuente": [
      "Pictures/Fototeca de Fotos.photoslibrary/resources/derivatives/masters/9/9EA80FE4-0748-4417-9702-A98E317DF530_4_5005_c.jpeg"
    ],
    "ultima_modificacion": "2025-08-01 01:01:05.437569"
  },
  "9243d7cc75274865a0bf69977ef509ad45005c.jpeg": {
    "app_sintetizada": "9243D7CC75274865A0BF69977EF509AD45005C.JPEG",
    "cantidad_archivos": 1,
    "archivos_fuente": [
      "Pictures/Fototeca de Fotos.photoslibrary/resources/derivatives/masters/9/9243D7CC-7527-4865-A0BF-69977EF509AD_4_5005_c.jpeg"
    ],
    "ultima_modificacion": "2025-08-01 01:01:05.437934"
  },
  "93fb734fcd24453087a46f9e645c80fe45005c.jpeg": {
    "app_sintetizada": "93FB734FCD24453087A46F9E645C80FE45005C.JPEG",
    "cantidad_archivos": 1,
    "archivos_fuente": [
      "Pictures/Fototeca de Fotos.photoslibrary/resources/derivatives/masters/9/93FB734F-CD24-4530-87A4-6F9E645C80FE_4_5005_c.jpeg"
    ],
    "ultima_modificacion": "2025-08-01 01:01:05.438252"
  },
  "978c91247e854723b22fcc556bd2591e45005c.jpeg": {
    "app_sintetizada": "978C91247E854723B22FCC556BD2591E45005C.JPEG",
    "cantidad_archivos": 1,
    "archivos_fuente": [
      "Pictures/Fototeca de Fotos.photoslibrary/resources/derivatives/masters/9/978C9124-7E85-4723-B22F-CC556BD2591E_4_5005_c.jpeg"
    ],
    "ultima_modificacion": "2025-08-01 01:01:05.438557"
  },
  "95f1c6c7ddf64733bc6621253b360fee45005c.jpeg": {
    "app_sintetizada": "95F1C6C7DDF64733BC6621253B360FEE45005C.JPEG",
    "cantidad_archivos": 1,
    "archivos_fuente": [
      "Pictures/Fototeca de Fotos.photoslibrary/resources/derivatives/masters/9/95F1C6C7-DDF6-4733-BC66-21253B360FEE_4_5005_c.jpeg"
    ],
    "ultima_modificacion": "2025-08-01 01:01:05.438849"
  },
  "99f63ff711934169b17d62b0b075a2fd45005c.jpeg": {
    "app_sintetizada": "99F63FF711934169B17D62B0B075A2FD45005C.JPEG",
    "cantidad_archivos": 1,
    "archivos_fuente": [
      "Pictures/Fototeca de Fotos.photoslibrary/resources/derivatives/masters/9/99F63FF7-1193-4169-B17D-62B0B075A2FD_4_5005_c.jpeg"
    ],
    "ultima_modificacion": "2025-08-01 01:01:05.439154"
  },
  "9e4677200ea648b587b64b806417f9df45005c.jpeg": {
    "app_sintetizada": "9E4677200EA648B587B64B806417F9DF45005C.JPEG",
    "cantidad_archivos": 1,
    "archivos_fuente": [
      "Pictures/Fototeca de Fotos.photoslibrary/resources/derivatives/masters/9/9E467720-0EA6-48B5-87B6-4B806417F9DF_4_5005_c.jpeg"
    ],
    "ultima_modificacion": "2025-08-01 01:01:05.439462"
  },
  "9304b536025647a2bfe556bcb5ae916045005c.jpeg": {
    "app_sintetizada": "9304B536025647A2BFE556BCB5AE916045005C.JPEG",
    "cantidad_archivos": 1,
    "archivos_fuente": [
      "Pictures/Fototeca de Fotos.photoslibrary/resources/derivatives/masters/9/9304B536-0256-47A2-BFE5-56BCB5AE9160_4_5005_c.jpeg"
    ],
    "ultima_modificacion": "2025-08-01 01:01:05.439785"
  },
  "9165296ed07e41c581f497330f761fc145005c.jpeg": {
    "app_sintetizada": "9165296ED07E41C581F497330F761FC145005C.JPEG",
    "cantidad_archivos": 1,
    "archivos_fuente": [
      "Pictures/Fototeca de Fotos.photoslibrary/resources/derivatives/masters/9/9165296E-D07E-41C5-81F4-97330F761FC1_4_5005_c.jpeg"
    ],
    "ultima_modificacion": "2025-08-01 01:01:05.440120"
  },
  "9f99dfd6fa7247289b5afddf826041ab45005c.jpeg": {
    "app_sintetizada": "9F99DFD6FA7247289B5AFDDF826041AB45005C.JPEG",
    "cantidad_archivos": 1,
    "archivos_fuente": [
      "Pictures/Fototeca de Fotos.photoslibrary/resources/derivatives/masters/9/9F99DFD6-FA72-4728-9B5A-FDDF826041AB_4_5005_c.jpeg"
    ],
    "ultima_modificacion": "2025-08-01 01:01:05.440435"
  },
  "92e38c8e0a5648c3ab54c99957374c3d45005c.jpeg": {
    "app_sintetizada": "92E38C8E0A5648C3AB54C99957374C3D45005C.JPEG",
    "cantidad_archivos": 1,
    "archivos_fuente": [
      "Pictures/Fototeca de Fotos.photoslibrary/resources/derivatives/masters/9/92E38C8E-0A56-48C3-AB54-C99957374C3D_4_5005_c.jpeg"
    ],
    "ultima_modificacion": "2025-08-01 01:01:05.440751"
  },
  "93059252a0134c57a13b0fcff29969c845005c.jpeg": {
    "app_sintetizada": "93059252A0134C57A13B0FCFF29969C845005C.JPEG",
    "cantidad_archivos": 1,
    "archivos_fuente": [
      "Pictures/Fototeca de Fotos.photoslibrary/resources/derivatives/masters/9/93059252-A013-4C57-A13B-0FCFF29969C8_4_5005_c.jpeg"
    ],
    "ultima_modificacion": "2025-08-01 01:01:05.441074"
  },
  "9b16d8849d8748f297b152867e92aca245005c.jpeg": {
    "app_sintetizada": "9B16D8849D8748F297B152867E92ACA245005C.JPEG",
    "cantidad_archivos": 1,
    "archivos_fuente": [
      "Pictures/Fototeca de Fotos.photoslibrary/resources/derivatives/masters/9/9B16D884-9D87-48F2-97B1-52867E92ACA2_4_5005_c.jpeg"
    ],
    "ultima_modificacion": "2025-08-01 01:01:05.441384"
  },
  "9cb4319abe8d4e399758cc5942c09fc845005c.jpeg": {
    "app_sintetizada": "9CB4319ABE8D4E399758CC5942C09FC845005C.JPEG",
    "cantidad_archivos": 1,
    "archivos_fuente": [
      "Pictures/Fototeca de Fotos.photoslibrary/resources/derivatives/masters/9/9CB4319A-BE8D-4E39-9758-CC5942C09FC8_4_5005_c.jpeg"
    ],
    "ultima_modificacion": "2025-08-01 01:01:05.441689"
  },
  "9176405330d24ca59d8452e0b458f44d45005c.jpeg": {
    "app_sintetizada": "9176405330D24CA59D8452E0B458F44D45005C.JPEG",
    "cantidad_archivos": 1,
    "archivos_fuente": [
      "Pictures/Fototeca de Fotos.photoslibrary/resources/derivatives/masters/9/91764053-30D2-4CA5-9D84-52E0B458F44D_4_5005_c.jpeg"
    ],
    "ultima_modificacion": "2025-08-01 01:01:05.441981"
  },
  "9ec659d0cd0547a0b0eca9b761c61f9145005c.jpeg": {
    "app_sintetizada": "9EC659D0CD0547A0B0ECA9B761C61F9145005C.JPEG",
    "cantidad_archivos": 1,
    "archivos_fuente": [
      "Pictures/Fototeca de Fotos.photoslibrary/resources/derivatives/masters/9/9EC659D0-CD05-47A0-B0EC-A9B761C61F91_4_5005_c.jpeg"
    ],
    "ultima_modificacion": "2025-08-01 01:01:05.442330"
  },
  "9e9369876b384c978c43588fc1260f3a45005c.jpeg": {
    "app_sintetizada": "9E9369876B384C978C43588FC1260F3A45005C.JPEG",
    "cantidad_archivos": 1,
    "archivos_fuente": [
      "Pictures/Fototeca de Fotos.photoslibrary/resources/derivatives/masters/9/9E936987-6B38-4C97-8C43-588FC1260F3A_4_5005_c.jpeg"
    ],
    "ultima_modificacion": "2025-08-01 01:01:05.442866"
  },
  "9db06ec094d8487f9cf2ba257e50379445005c.jpeg": {
    "app_sintetizada": "9DB06EC094D8487F9CF2BA257E50379445005C.JPEG",
    "cantidad_archivos": 1,
    "archivos_fuente": [
      "Pictures/Fototeca de Fotos.photoslibrary/resources/derivatives/masters/9/9DB06EC0-94D8-487F-9CF2-BA257E503794_4_5005_c.jpeg"
    ],
    "ultima_modificacion": "2025-08-01 01:01:05.443510"
  },
  "9c4ef717efc9465b9f6e3b76072fcd6245005c.jpeg": {
    "app_sintetizada": "9C4EF717EFC9465B9F6E3B76072FCD6245005C.JPEG",
    "cantidad_archivos": 1,
    "archivos_fuente": [
      "Pictures/Fototeca de Fotos.photoslibrary/resources/derivatives/masters/9/9C4EF717-EFC9-465B-9F6E-3B76072FCD62_4_5005_c.jpeg"
    ],
    "ultima_modificacion": "2025-08-01 01:01:05.443849"
  },
  "9055452ec70345bebb66ec1e45cca78245005c.jpeg": {
    "app_sintetizada": "9055452EC70345BEBB66EC1E45CCA78245005C.JPEG",
    "cantidad_archivos": 1,
    "archivos_fuente": [
      "Pictures/Fototeca de Fotos.photoslibrary/resources/derivatives/masters/9/9055452E-C703-45BE-BB66-EC1E45CCA782_4_5005_c.jpeg"
    ],
    "ultima_modificacion": "2025-08-01 01:01:05.444349"
  },
  "99e04eaa1e2c406f99f0c5eaf5723aac45005c.jpeg": {
    "app_sintetizada": "99E04EAA1E2C406F99F0C5EAF5723AAC45005C.JPEG",
    "cantidad_archivos": 1,
    "archivos_fuente": [
      "Pictures/Fototeca de Fotos.photoslibrary/resources/derivatives/masters/9/99E04EAA-1E2C-406F-99F0-C5EAF5723AAC_4_5005_c.jpeg"
    ],
    "ultima_modificacion": "2025-08-01 01:01:05.444810"
  },
  "9d09a897dce041c78e5f0c243951c3a545005c.jpeg": {
    "app_sintetizada": "9D09A897DCE041C78E5F0C243951C3A545005C.JPEG",
    "cantidad_archivos": 1,
    "archivos_fuente": [
      "Pictures/Fototeca de Fotos.photoslibrary/resources/derivatives/masters/9/9D09A897-DCE0-41C7-8E5F-0C243951C3A5_4_5005_c.jpeg"
    ],
    "ultima_modificacion": "2025-08-01 01:01:05.445886"
  },
  "9cb962881a5b4c1982161ec5b2666ddf45005c.jpeg": {
    "app_sintetizada": "9CB962881A5B4C1982161EC5B2666DDF45005C.JPEG",
    "cantidad_archivos": 1,
    "archivos_fuente": [
      "Pictures/Fototeca de Fotos.photoslibrary/resources/derivatives/masters/9/9CB96288-1A5B-4C19-8216-1EC5B2666DDF_4_5005_c.jpeg"
    ],
    "ultima_modificacion": "2025-08-01 01:01:05.446753"
  },
  "9f3888bd202040eabb8397a7e773efa145005c.jpeg": {
    "app_sintetizada": "9F3888BD202040EABB8397A7E773EFA145005C.JPEG",
    "cantidad_archivos": 1,
    "archivos_fuente": [
      "Pictures/Fototeca de Fotos.photoslibrary/resources/derivatives/masters/9/9F3888BD-2020-40EA-BB83-97A7E773EFA1_4_5005_c.jpeg"
    ],
    "ultima_modificacion": "2025-08-01 01:01:05.447370"
  },
  "9a3d207124904bf390bc0c33961be7fb45005c.jpeg": {
    "app_sintetizada": "9A3D207124904BF390BC0C33961BE7FB45005C.JPEG",
    "cantidad_archivos": 1,
    "archivos_fuente": [
      "Pictures/Fototeca de Fotos.photoslibrary/resources/derivatives/masters/9/9A3D2071-2490-4BF3-90BC-0C33961BE7FB_4_5005_c.jpeg"
    ],
    "ultima_modificacion": "2025-08-01 01:01:05.447737"
  },
  "9285d220e5d64719bcd0eccd47a61c6d45005c.jpeg": {
    "app_sintetizada": "9285D220E5D64719BCD0ECCD47A61C6D45005C.JPEG",
    "cantidad_archivos": 1,
    "archivos_fuente": [
      "Pictures/Fototeca de Fotos.photoslibrary/resources/derivatives/masters/9/9285D220-E5D6-4719-BCD0-ECCD47A61C6D_4_5005_c.jpeg"
    ],
    "ultima_modificacion": "2025-08-01 01:01:05.448071"
  },
  "9efa035b069b48f7b11ec2f5ecdba86a45005c.jpeg": {
    "app_sintetizada": "9EFA035B069B48F7B11EC2F5ECDBA86A45005C.JPEG",
    "cantidad_archivos": 1,
    "archivos_fuente": [
      "Pictures/Fototeca de Fotos.photoslibrary/resources/derivatives/masters/9/9EFA035B-069B-48F7-B11E-C2F5ECDBA86A_4_5005_c.jpeg"
    ],
    "ultima_modificacion": "2025-08-01 01:01:05.448406"
  },
  "9c17e86f8f3b4d5aaf2877df0fbcfeed45005c.jpeg": {
    "app_sintetizada": "9C17E86F8F3B4D5AAF2877DF0FBCFEED45005C.JPEG",
    "cantidad_archivos": 1,
    "archivos_fuente": [
      "Pictures/Fototeca de Fotos.photoslibrary/resources/derivatives/masters/9/9C17E86F-8F3B-4D5A-AF28-77DF0FBCFEED_4_5005_c.jpeg"
    ],
    "ultima_modificacion": "2025-08-01 01:01:05.448742"
  },
  "9bc861f6beb64ed380342c53d67280f345005c.jpeg": {
    "app_sintetizada": "9BC861F6BEB64ED380342C53D67280F345005C.JPEG",
    "cantidad_archivos": 1,
    "archivos_fuente": [
      "Pictures/Fototeca de Fotos.photoslibrary/resources/derivatives/masters/9/9BC861F6-BEB6-4ED3-8034-2C53D67280F3_4_5005_c.jpeg"
    ],
    "ultima_modificacion": "2025-08-01 01:01:05.449063"
  },
  "904c6a7168214ec9a4b7cf71e120eff345005c.jpeg": {
    "app_sintetizada": "904C6A7168214EC9A4B7CF71E120EFF345005C.JPEG",
    "cantidad_archivos": 1,
    "archivos_fuente": [
      "Pictures/Fototeca de Fotos.photoslibrary/resources/derivatives/masters/9/904C6A71-6821-4EC9-A4B7-CF71E120EFF3_4_5005_c.jpeg"
    ],
    "ultima_modificacion": "2025-08-01 01:01:05.449378"
  },
  "936b60306a684b75a55320815276036445005c.jpeg": {
    "app_sintetizada": "936B60306A684B75A55320815276036445005C.JPEG",
    "cantidad_archivos": 1,
    "archivos_fuente": [
      "Pictures/Fototeca de Fotos.photoslibrary/resources/derivatives/masters/9/936B6030-6A68-4B75-A553-208152760364_4_5005_c.jpeg"
    ],
    "ultima_modificacion": "2025-08-01 01:01:05.449666"
  },
  "926265b257cb43969dd620daa3f0e62f45005c.jpeg": {
    "app_sintetizada": "926265B257CB43969DD620DAA3F0E62F45005C.JPEG",
    "cantidad_archivos": 1,
    "archivos_fuente": [
      "Pictures/Fototeca de Fotos.photoslibrary/resources/derivatives/masters/9/926265B2-57CB-4396-9DD6-20DAA3F0E62F_4_5005_c.jpeg"
    ],
    "ultima_modificacion": "2025-08-01 01:01:05.449969"
  },
  "9ff994bbff314d9b92ff8d63f28e59cd45005c.jpeg": {
    "app_sintetizada": "9FF994BBFF314D9B92FF8D63F28E59CD45005C.JPEG",
    "cantidad_archivos": 1,
    "archivos_fuente": [
      "Pictures/Fototeca de Fotos.photoslibrary/resources/derivatives/masters/9/9FF994BB-FF31-4D9B-92FF-8D63F28E59CD_4_5005_c.jpeg"
    ],
    "ultima_modificacion": "2025-08-01 01:01:05.450464"
  },
  "96ac2f5160f04205b316d2db3ceb623645005c.jpeg": {
    "app_sintetizada": "96AC2F5160F04205B316D2DB3CEB623645005C.JPEG",
    "cantidad_archivos": 1,
    "archivos_fuente": [
      "Pictures/Fototeca de Fotos.photoslibrary/resources/derivatives/masters/9/96AC2F51-60F0-4205-B316-D2DB3CEB6236_4_5005_c.jpeg"
    ],
    "ultima_modificacion": "2025-08-01 01:01:05.450859"
  },
  "94ea0bddee2a43458c5937250cad69a045005c.jpeg": {
    "app_sintetizada": "94EA0BDDEE2A43458C5937250CAD69A045005C.JPEG",
    "cantidad_archivos": 1,
    "archivos_fuente": [
      "Pictures/Fototeca de Fotos.photoslibrary/resources/derivatives/masters/9/94EA0BDD-EE2A-4345-8C59-37250CAD69A0_4_5005_c.jpeg"
    ],
    "ultima_modificacion": "2025-08-01 01:01:05.451525"
  },
  "9a96ba468b9e4e1daed6bea93670603d45005c.jpeg": {
    "app_sintetizada": "9A96BA468B9E4E1DAED6BEA93670603D45005C.JPEG",
    "cantidad_archivos": 1,
    "archivos_fuente": [
      "Pictures/Fototeca de Fotos.photoslibrary/resources/derivatives/masters/9/9A96BA46-8B9E-4E1D-AED6-BEA93670603D_4_5005_c.jpeg"
    ],
    "ultima_modificacion": "2025-08-01 01:01:05.452370"
  },
  "97377f45933646938aad2ae50c9049a245005c.jpeg": {
    "app_sintetizada": "97377F45933646938AAD2AE50C9049A245005C.JPEG",
    "cantidad_archivos": 1,
    "archivos_fuente": [
      "Pictures/Fototeca de Fotos.photoslibrary/resources/derivatives/masters/9/97377F45-9336-4693-8AAD-2AE50C9049A2_4_5005_c.jpeg"
    ],
    "ultima_modificacion": "2025-08-01 01:01:05.452838"
  },
  "9635303c218140e7b75010e3ff3967e945005c.jpeg": {
    "app_sintetizada": "9635303C218140E7B75010E3FF3967E945005C.JPEG",
    "cantidad_archivos": 1,
    "archivos_fuente": [
      "Pictures/Fototeca de Fotos.photoslibrary/resources/derivatives/masters/9/9635303C-2181-40E7-B750-10E3FF3967E9_4_5005_c.jpeg"
    ],
    "ultima_modificacion": "2025-08-01 01:01:05.453188"
  },
  "9a1895f489564c8db2e382459e217d2845005c.jpeg": {
    "app_sintetizada": "9A1895F489564C8DB2E382459E217D2845005C.JPEG",
    "cantidad_archivos": 1,
    "archivos_fuente": [
      "Pictures/Fototeca de Fotos.photoslibrary/resources/derivatives/masters/9/9A1895F4-8956-4C8D-B2E3-82459E217D28_4_5005_c.jpeg"
    ],
    "ultima_modificacion": "2025-08-01 01:01:05.453544"
  },
  "98bb1fbdc42e42e8b1943226695e424c45005c.jpeg": {
    "app_sintetizada": "98BB1FBDC42E42E8B1943226695E424C45005C.JPEG",
    "cantidad_archivos": 1,
    "archivos_fuente": [
      "Pictures/Fototeca de Fotos.photoslibrary/resources/derivatives/masters/9/98BB1FBD-C42E-42E8-B194-3226695E424C_4_5005_c.jpeg"
    ],
    "ultima_modificacion": "2025-08-01 01:01:05.453900"
  },
  "90799b4b969140e2a832b4f299cf35d145005c.jpeg": {
    "app_sintetizada": "90799B4B969140E2A832B4F299CF35D145005C.JPEG",
    "cantidad_archivos": 1,
    "archivos_fuente": [
      "Pictures/Fototeca de Fotos.photoslibrary/resources/derivatives/masters/9/90799B4B-9691-40E2-A832-B4F299CF35D1_4_5005_c.jpeg"
    ],
    "ultima_modificacion": "2025-08-01 01:01:05.454235"
  },
  "92287c67c30341b98c0c19a401e96e3f45005c.jpeg": {
    "app_sintetizada": "92287C67C30341B98C0C19A401E96E3F45005C.JPEG",
    "cantidad_archivos": 1,
    "archivos_fuente": [
      "Pictures/Fototeca de Fotos.photoslibrary/resources/derivatives/masters/9/92287C67-C303-41B9-8C0C-19A401E96E3F_4_5005_c.jpeg"
    ],
    "ultima_modificacion": "2025-08-01 01:01:05.454555"
  },
  "984fa0f8e7074404be31e1efc67b317c45005c.jpeg": {
    "app_sintetizada": "984FA0F8E7074404BE31E1EFC67B317C45005C.JPEG",
    "cantidad_archivos": 1,
    "archivos_fuente": [
      "Pictures/Fototeca de Fotos.photoslibrary/resources/derivatives/masters/9/984FA0F8-E707-4404-BE31-E1EFC67B317C_4_5005_c.jpeg"
    ],
    "ultima_modificacion": "2025-08-01 01:01:05.454892"
  },
  "9df8ada349a441ea96d65399b065966745005c.jpeg": {
    "app_sintetizada": "9DF8ADA349A441EA96D65399B065966745005C.JPEG",
    "cantidad_archivos": 1,
    "archivos_fuente": [
      "Pictures/Fototeca de Fotos.photoslibrary/resources/derivatives/masters/9/9DF8ADA3-49A4-41EA-96D6-5399B0659667_4_5005_c.jpeg"
    ],
    "ultima_modificacion": "2025-08-01 01:01:05.455210"
  },
  "9fec24aba87641008c8183d2110d16d045005c.jpeg": {
    "app_sintetizada": "9FEC24ABA87641008C8183D2110D16D045005C.JPEG",
    "cantidad_archivos": 1,
    "archivos_fuente": [
      "Pictures/Fototeca de Fotos.photoslibrary/resources/derivatives/masters/9/9FEC24AB-A876-4100-8C81-83D2110D16D0_4_5005_c.jpeg"
    ],
    "ultima_modificacion": "2025-08-01 01:01:05.455517"
  },
  "970b8ceb93aa452db549a8a8bd2044c545005c.jpeg": {
    "app_sintetizada": "970B8CEB93AA452DB549A8A8BD2044C545005C.JPEG",
    "cantidad_archivos": 1,
    "archivos_fuente": [
      "Pictures/Fototeca de Fotos.photoslibrary/resources/derivatives/masters/9/970B8CEB-93AA-452D-B549-A8A8BD2044C5_4_5005_c.jpeg"
    ],
    "ultima_modificacion": "2025-08-01 01:01:05.455823"
  },
  "9eaf609597fb46f38538febd2075374b45005c.jpeg": {
    "app_sintetizada": "9EAF609597FB46F38538FEBD2075374B45005C.JPEG",
    "cantidad_archivos": 1,
    "archivos_fuente": [
      "Pictures/Fototeca de Fotos.photoslibrary/resources/derivatives/masters/9/9EAF6095-97FB-46F3-8538-FEBD2075374B_4_5005_c.jpeg"
    ],
    "ultima_modificacion": "2025-08-01 01:01:05.456170"
  },
  "9ef9f6326bac443fb260b800f945417245005c.jpeg": {
    "app_sintetizada": "9EF9F6326BAC443FB260B800F945417245005C.JPEG",
    "cantidad_archivos": 1,
    "archivos_fuente": [
      "Pictures/Fototeca de Fotos.photoslibrary/resources/derivatives/masters/9/9EF9F632-6BAC-443F-B260-B800F9454172_4_5005_c.jpeg"
    ],
    "ultima_modificacion": "2025-08-01 01:01:05.456488"
  },
  "977db49c013e48359f8716e19135b56645005c.jpeg": {
    "app_sintetizada": "977DB49C013E48359F8716E19135B56645005C.JPEG",
    "cantidad_archivos": 1,
    "archivos_fuente": [
      "Pictures/Fototeca de Fotos.photoslibrary/resources/derivatives/masters/9/977DB49C-013E-4835-9F87-16E19135B566_4_5005_c.jpeg"
    ],
    "ultima_modificacion": "2025-08-01 01:01:05.456790"
  },
  "9517952414374034b8f3bf4078c993fc45005c.jpeg": {
    "app_sintetizada": "9517952414374034B8F3BF4078C993FC45005C.JPEG",
    "cantidad_archivos": 1,
    "archivos_fuente": [
      "Pictures/Fototeca de Fotos.photoslibrary/resources/derivatives/masters/9/95179524-1437-4034-B8F3-BF4078C993FC_4_5005_c.jpeg"
    ],
    "ultima_modificacion": "2025-08-01 01:01:05.457109"
  },
  "912207668c6d4a4a883b33117f60e57345005c.jpeg": {
    "app_sintetizada": "912207668C6D4A4A883B33117F60E57345005C.JPEG",
    "cantidad_archivos": 1,
    "archivos_fuente": [
      "Pictures/Fototeca de Fotos.photoslibrary/resources/derivatives/masters/9/91220766-8C6D-4A4A-883B-33117F60E573_4_5005_c.jpeg"
    ],
    "ultima_modificacion": "2025-08-01 01:01:05.457417"
  },
  "95501cf6fe34421795868d2c309606a745005c.jpeg": {
    "app_sintetizada": "95501CF6FE34421795868D2C309606A745005C.JPEG",
    "cantidad_archivos": 1,
    "archivos_fuente": [
      "Pictures/Fototeca de Fotos.photoslibrary/resources/derivatives/masters/9/95501CF6-FE34-4217-9586-8D2C309606A7_4_5005_c.jpeg"
    ],
    "ultima_modificacion": "2025-08-01 01:01:05.457740"
  },
  "949327fce0174d73b78839dfbb8e9e9445005c.jpeg": {
    "app_sintetizada": "949327FCE0174D73B78839DFBB8E9E9445005C.JPEG",
    "cantidad_archivos": 1,
    "archivos_fuente": [
      "Pictures/Fototeca de Fotos.photoslibrary/resources/derivatives/masters/9/949327FC-E017-4D73-B788-39DFBB8E9E94_4_5005_c.jpeg"
    ],
    "ultima_modificacion": "2025-08-01 01:01:05.458056"
  },
  "92cc988566c948d2b1d44aab9f3d862745005c.jpeg": {
    "app_sintetizada": "92CC988566C948D2B1D44AAB9F3D862745005C.JPEG",
    "cantidad_archivos": 1,
    "archivos_fuente": [
      "Pictures/Fototeca de Fotos.photoslibrary/resources/derivatives/masters/9/92CC9885-66C9-48D2-B1D4-4AAB9F3D8627_4_5005_c.jpeg"
    ],
    "ultima_modificacion": "2025-08-01 01:01:05.458375"
  },
  "909be293a80c4508ac4da8df0953284545005c.jpeg": {
    "app_sintetizada": "909BE293A80C4508AC4DA8DF0953284545005C.JPEG",
    "cantidad_archivos": 1,
    "archivos_fuente": [
      "Pictures/Fototeca de Fotos.photoslibrary/resources/derivatives/masters/9/909BE293-A80C-4508-AC4D-A8DF09532845_4_5005_c.jpeg"
    ],
    "ultima_modificacion": "2025-08-01 01:01:05.458800"
  },
  "96a51e7380064255a0d8b93e1d68272a45005c.jpeg": {
    "app_sintetizada": "96A51E7380064255A0D8B93E1D68272A45005C.JPEG",
    "cantidad_archivos": 1,
    "archivos_fuente": [
      "Pictures/Fototeca de Fotos.photoslibrary/resources/derivatives/masters/9/96A51E73-8006-4255-A0D8-B93E1D68272A_4_5005_c.jpeg"
    ],
    "ultima_modificacion": "2025-08-01 01:01:05.460078"
  },
  "920d8797a2d74e5c800321dbb8a1f25145005c.jpeg": {
    "app_sintetizada": "920D8797A2D74E5C800321DBB8A1F25145005C.JPEG",
    "cantidad_archivos": 1,
    "archivos_fuente": [
      "Pictures/Fototeca de Fotos.photoslibrary/resources/derivatives/masters/9/920D8797-A2D7-4E5C-8003-21DBB8A1F251_4_5005_c.jpeg"
    ],
    "ultima_modificacion": "2025-08-01 01:01:05.460533"
  },
  "927b76a54b5845f5861cd0476ad83b8045005c.jpeg": {
    "app_sintetizada": "927B76A54B5845F5861CD0476AD83B8045005C.JPEG",
    "cantidad_archivos": 1,
    "archivos_fuente": [
      "Pictures/Fototeca de Fotos.photoslibrary/resources/derivatives/masters/9/927B76A5-4B58-45F5-861C-D0476AD83B80_4_5005_c.jpeg"
    ],
    "ultima_modificacion": "2025-08-01 01:01:05.461039"
  },
  "9248a33ec104451a8594adb5d9d0298a45005c.jpeg": {
    "app_sintetizada": "9248A33EC104451A8594ADB5D9D0298A45005C.JPEG",
    "cantidad_archivos": 1,
    "archivos_fuente": [
      "Pictures/Fototeca de Fotos.photoslibrary/resources/derivatives/masters/9/9248A33E-C104-451A-8594-ADB5D9D0298A_4_5005_c.jpeg"
    ],
    "ultima_modificacion": "2025-08-01 01:01:05.461829"
  },
  "930caedbd28e47f49e38d07c1c224a3945005c.jpeg": {
    "app_sintetizada": "930CAEDBD28E47F49E38D07C1C224A3945005C.JPEG",
    "cantidad_archivos": 1,
    "archivos_fuente": [
      "Pictures/Fototeca de Fotos.photoslibrary/resources/derivatives/masters/9/930CAEDB-D28E-47F4-9E38-D07C1C224A39_4_5005_c.jpeg"
    ],
    "ultima_modificacion": "2025-08-01 01:01:05.462148"
  },
  "96ef205cec20463fafadac2b58e4b3bb45005c.jpeg": {
    "app_sintetizada": "96EF205CEC20463FAFADAC2B58E4B3BB45005C.JPEG",
    "cantidad_archivos": 1,
    "archivos_fuente": [
      "Pictures/Fototeca de Fotos.photoslibrary/resources/derivatives/masters/9/96EF205C-EC20-463F-AFAD-AC2B58E4B3BB_4_5005_c.jpeg"
    ],
    "ultima_modificacion": "2025-08-01 01:01:05.462450"
  },
  "9e66d3892dd04c44983662e157979d3745005c.jpeg": {
    "app_sintetizada": "9E66D3892DD04C44983662E157979D3745005C.JPEG",
    "cantidad_archivos": 1,
    "archivos_fuente": [
      "Pictures/Fototeca de Fotos.photoslibrary/resources/derivatives/masters/9/9E66D389-2DD0-4C44-9836-62E157979D37_4_5005_c.jpeg"
    ],
    "ultima_modificacion": "2025-08-01 01:01:05.462936"
  },
  "9fd0778f54394e7a9a6264a7e44596dc45005c.jpeg": {
    "app_sintetizada": "9FD0778F54394E7A9A6264A7E44596DC45005C.JPEG",
    "cantidad_archivos": 1,
    "archivos_fuente": [
      "Pictures/Fototeca de Fotos.photoslibrary/resources/derivatives/masters/9/9FD0778F-5439-4E7A-9A62-64A7E44596DC_4_5005_c.jpeg"
    ],
    "ultima_modificacion": "2025-08-01 01:01:05.463366"
  },
  "9be0bc0d2d874580810fdd5cbe8f06ed45005c.jpeg": {
    "app_sintetizada": "9BE0BC0D2D874580810FDD5CBE8F06ED45005C.JPEG",
    "cantidad_archivos": 1,
    "archivos_fuente": [
      "Pictures/Fototeca de Fotos.photoslibrary/resources/derivatives/masters/9/9BE0BC0D-2D87-4580-810F-DD5CBE8F06ED_4_5005_c.jpeg"
    ],
    "ultima_modificacion": "2025-08-01 01:01:05.463749"
  },
  "9e78064bb53a46c0b8e62c5c8baa082a45005c.jpeg": {
    "app_sintetizada": "9E78064BB53A46C0B8E62C5C8BAA082A45005C.JPEG",
    "cantidad_archivos": 1,
    "archivos_fuente": [
      "Pictures/Fototeca de Fotos.photoslibrary/resources/derivatives/masters/9/9E78064B-B53A-46C0-B8E6-2C5C8BAA082A_4_5005_c.jpeg"
    ],
    "ultima_modificacion": "2025-08-01 01:01:05.464255"
  },
  "96a50eef259e44738d18319709005ca145005c.jpeg": {
    "app_sintetizada": "96A50EEF259E44738D18319709005CA145005C.JPEG",
    "cantidad_archivos": 1,
    "archivos_fuente": [
      "Pictures/Fototeca de Fotos.photoslibrary/resources/derivatives/masters/9/96A50EEF-259E-4473-8D18-319709005CA1_4_5005_c.jpeg"
    ],
    "ultima_modificacion": "2025-08-01 01:01:05.464635"
  },
  "9f349c02b15646de9987ae8ba0fbf68145005c.jpeg": {
    "app_sintetizada": "9F349C02B15646DE9987AE8BA0FBF68145005C.JPEG",
    "cantidad_archivos": 1,
    "archivos_fuente": [
      "Pictures/Fototeca de Fotos.photoslibrary/resources/derivatives/masters/9/9F349C02-B156-46DE-9987-AE8BA0FBF681_4_5005_c.jpeg"
    ],
    "ultima_modificacion": "2025-08-01 01:01:05.464919"
  },
  "982a1157f5a64683bc857fa4b7a8d85745005c.jpeg": {
    "app_sintetizada": "982A1157F5A64683BC857FA4B7A8D85745005C.JPEG",
    "cantidad_archivos": 1,
    "archivos_fuente": [
      "Pictures/Fototeca de Fotos.photoslibrary/resources/derivatives/masters/9/982A1157-F5A6-4683-BC85-7FA4B7A8D857_4_5005_c.jpeg"
    ],
    "ultima_modificacion": "2025-08-01 01:01:05.465179"
  }
}