{
  "00bd3eab60d24fd19853408f3d5368431105c.jpeg": {
    "app_sintetizada": "00BD3EAB60D24FD19853408F3D5368431105C.JPEG",
    "cantidad_archivos": 1,
    "archivos_fuente": [
      "Pictures/Fototeca de Fotos.photoslibrary/resources/derivatives/0/00BD3EAB-60D2-4FD1-9853-408F3D536843_1_105_c.jpeg"
    ],
    "ultima_modificacion": "2025-08-01 01:01:00.397179"
  },
  "08d334129b6e427daf44b9791e2f3a371105c.jpeg": {
    "app_sintetizada": "08D334129B6E427DAF44B9791E2F3A371105C.JPEG",
    "cantidad_archivos": 1,
    "archivos_fuente": [
      "Pictures/Fototeca de Fotos.photoslibrary/resources/derivatives/0/08D33412-9B6E-427D-AF44-B9791E2F3A37_1_105_c.jpeg"
    ],
    "ultima_modificacion": "2025-08-01 01:01:00.397475"
  },
  "06e0046be532482895914a17811749f51105c.jpeg": {
    "app_sintetizada": "06E0046BE532482895914A17811749F51105C.JPEG",
    "cantidad_archivos": 1,
    "archivos_fuente": [
      "Pictures/Fototeca de Fotos.photoslibrary/resources/derivatives/0/06E0046B-E532-4828-9591-4A17811749F5_1_105_c.jpeg"
    ],
    "ultima_modificacion": "2025-08-01 01:01:00.397752"
  },
  "002c9aab2920466f8f1604b295e050ee.thm": {
    "app_sintetizada": "002C9AAB2920466F8F1604B295E050EE.THM",
    "cantidad_archivos": 1,
    "archivos_fuente": [
      "Pictures/Fototeca de Fotos.photoslibrary/resources/derivatives/0/002C9AAB-2920-466F-8F16-04B295E050EE.THM"
    ],
    "ultima_modificacion": "2025-08-01 01:01:00.398034"
  },
  "0d50e4900fd9431bbcba9a5c412414031105c.jpeg": {
    "app_sintetizada": "0D50E4900FD9431BBCBA9A5C412414031105C.JPEG",
    "cantidad_archivos": 1,
    "archivos_fuente": [
      "Pictures/Fototeca de Fotos.photoslibrary/resources/derivatives/0/0D50E490-0FD9-431B-BCBA-9A5C41241403_1_105_c.jpeg"
    ],
    "ultima_modificacion": "2025-08-01 01:01:00.398312"
  },
  "09d4fb4129cd490e807e86158358c1841105c.jpeg": {
    "app_sintetizada": "09D4FB4129CD490E807E86158358C1841105C.JPEG",
    "cantidad_archivos": 1,
    "archivos_fuente": [
      "Pictures/Fototeca de Fotos.photoslibrary/resources/derivatives/0/09D4FB41-29CD-490E-807E-86158358C184_1_105_c.jpeg"
    ],
    "ultima_modificacion": "2025-08-01 01:01:00.398596"
  },
  "0781f97dc6ea44178d1c9921338237ed1105c.jpeg": {
    "app_sintetizada": "0781F97DC6EA44178D1C9921338237ED1105C.JPEG",
    "cantidad_archivos": 1,
    "archivos_fuente": [
      "Pictures/Fototeca de Fotos.photoslibrary/resources/derivatives/0/0781F97D-C6EA-4417-8D1C-9921338237ED_1_105_c.jpeg"
    ],
    "ultima_modificacion": "2025-08-01 01:01:00.398869"
  },
  "070759f4444f4f4b827cedd184c466ef1105c.jpeg": {
    "app_sintetizada": "070759F4444F4F4B827CEDD184C466EF1105C.JPEG",
    "cantidad_archivos": 1,
    "archivos_fuente": [
      "Pictures/Fototeca de Fotos.photoslibrary/resources/derivatives/0/070759F4-444F-4F4B-827C-EDD184C466EF_1_105_c.jpeg"
    ],
    "ultima_modificacion": "2025-08-01 01:01:00.399134"
  },
  "0e6100b948a843bd85fb67460ce254141105c.jpeg": {
    "app_sintetizada": "0E6100B948A843BD85FB67460CE254141105C.JPEG",
    "cantidad_archivos": 1,
    "archivos_fuente": [
      "Pictures/Fototeca de Fotos.photoslibrary/resources/derivatives/0/0E6100B9-48A8-43BD-85FB-67460CE25414_1_105_c.jpeg"
    ],
    "ultima_modificacion": "2025-08-01 01:01:00.399400"
  },
  "0bb486f5ba5c4942b445de854c14b7861105c.jpeg": {
    "app_sintetizada": "0BB486F5BA5C4942B445DE854C14B7861105C.JPEG",
    "cantidad_archivos": 1,
    "archivos_fuente": [
      "Pictures/Fototeca de Fotos.photoslibrary/resources/derivatives/0/0BB486F5-BA5C-4942-B445-DE854C14B786_1_105_c.jpeg"
    ],
    "ultima_modificacion": "2025-08-01 01:01:00.399657"
  },
  "057aca5fadc74e12b15541755f4263901105c.jpeg": {
    "app_sintetizada": "057ACA5FADC74E12B15541755F4263901105C.JPEG",
    "cantidad_archivos": 1,
    "archivos_fuente": [
      "Pictures/Fototeca de Fotos.photoslibrary/resources/derivatives/0/057ACA5F-ADC7-4E12-B155-41755F426390_1_105_c.jpeg"
    ],
    "ultima_modificacion": "2025-08-01 01:01:00.399950"
  },
  "0b9f2b225f334385a9acaf36f02f48c01105c.jpeg": {
    "app_sintetizada": "0B9F2B225F334385A9ACAF36F02F48C01105C.JPEG",
    "cantidad_archivos": 1,
    "archivos_fuente": [
      "Pictures/Fototeca de Fotos.photoslibrary/resources/derivatives/0/0B9F2B22-5F33-4385-A9AC-AF36F02F48C0_1_105_c.jpeg"
    ],
    "ultima_modificacion": "2025-08-01 01:01:00.400211"
  },
  "02f0566b918647f4b34971cb24f908581105c.jpeg": {
    "app_sintetizada": "02F0566B918647F4B34971CB24F908581105C.JPEG",
    "cantidad_archivos": 1,
    "archivos_fuente": [
      "Pictures/Fototeca de Fotos.photoslibrary/resources/derivatives/0/02F0566B-9186-47F4-B349-71CB24F90858_1_105_c.jpeg"
    ],
    "ultima_modificacion": "2025-08-01 01:01:00.400485"
  },
  "02fbc7fea3024b0382bb4f05baf443cf.thm": {
    "app_sintetizada": "02FBC7FEA3024B0382BB4F05BAF443CF.THM",
    "cantidad_archivos": 1,
    "archivos_fuente": [
      "Pictures/Fototeca de Fotos.photoslibrary/resources/derivatives/0/02FBC7FE-A302-4B03-82BB-4F05BAF443CF.THM"
    ],
    "ultima_modificacion": "2025-08-01 01:01:00.400780"
  },
  "041a265a277f4479acdf9281ee049c311105c.jpeg": {
    "app_sintetizada": "041A265A277F4479ACDF9281EE049C311105C.JPEG",
    "cantidad_archivos": 1,
    "archivos_fuente": [
      "Pictures/Fototeca de Fotos.photoslibrary/resources/derivatives/0/041A265A-277F-4479-ACDF-9281EE049C31_1_105_c.jpeg"
    ],
    "ultima_modificacion": "2025-08-01 01:01:00.401059"
  },
  "0625e3b5a28e426db32aae7e4f146ef61105c.jpeg": {
    "app_sintetizada": "0625E3B5A28E426DB32AAE7E4F146EF61105C.JPEG",
    "cantidad_archivos": 1,
    "archivos_fuente": [
      "Pictures/Fototeca de Fotos.photoslibrary/resources/derivatives/0/0625E3B5-A28E-426D-B32A-AE7E4F146EF6_1_105_c.jpeg"
    ],
    "ultima_modificacion": "2025-08-01 01:01:00.401345"
  },
  "080b97e010f5402ba931c3741469299e1105c.jpeg": {
    "app_sintetizada": "080B97E010F5402BA931C3741469299E1105C.JPEG",
    "cantidad_archivos": 1,
    "archivos_fuente": [
      "Pictures/Fototeca de Fotos.photoslibrary/resources/derivatives/0/080B97E0-10F5-402B-A931-C3741469299E_1_105_c.jpeg"
    ],
    "ultima_modificacion": "2025-08-01 01:01:00.401926"
  },
  "0ef5ae5a01814631ad5efe5c628a986d1105c.jpeg": {
    "app_sintetizada": "0EF5AE5A01814631AD5EFE5C628A986D1105C.JPEG",
    "cantidad_archivos": 1,
    "archivos_fuente": [
      "Pictures/Fototeca de Fotos.photoslibrary/resources/derivatives/0/0EF5AE5A-0181-4631-AD5E-FE5C628A986D_1_105_c.jpeg"
    ],
    "ultima_modificacion": "2025-08-01 01:01:00.402205"
  },
  "0aee083ae357440da6ceb5ed1300ad531105c.jpeg": {
    "app_sintetizada": "0AEE083AE357440DA6CEB5ED1300AD531105C.JPEG",
    "cantidad_archivos": 1,
    "archivos_fuente": [
      "Pictures/Fototeca de Fotos.photoslibrary/resources/derivatives/0/0AEE083A-E357-440D-A6CE-B5ED1300AD53_1_105_c.jpeg"
    ],
    "ultima_modificacion": "2025-08-01 01:01:00.402481"
  },
  "0cf04ea868ee4805b1fc5cd2a42bcd451105c.jpeg": {
    "app_sintetizada": "0CF04EA868EE4805B1FC5CD2A42BCD451105C.JPEG",
    "cantidad_archivos": 1,
    "archivos_fuente": [
      "Pictures/Fototeca de Fotos.photoslibrary/resources/derivatives/0/0CF04EA8-68EE-4805-B1FC-5CD2A42BCD45_1_105_c.jpeg"
    ],
    "ultima_modificacion": "2025-08-01 01:01:00.402797"
  },
  "0cd677786360464188d50b6ddc95de201105c.jpeg": {
    "app_sintetizada": "0CD677786360464188D50B6DDC95DE201105C.JPEG",
    "cantidad_archivos": 1,
    "archivos_fuente": [
      "Pictures/Fototeca de Fotos.photoslibrary/resources/derivatives/0/0CD67778-6360-4641-88D5-0B6DDC95DE20_1_105_c.jpeg"
    ],
    "ultima_modificacion": "2025-08-01 01:01:00.403067"
  },
  "0448ce766fb54e27b72ef8ac47db6b3e1105c.jpeg": {
    "app_sintetizada": "0448CE766FB54E27B72EF8AC47DB6B3E1105C.JPEG",
    "cantidad_archivos": 1,
    "archivos_fuente": [
      "Pictures/Fototeca de Fotos.photoslibrary/resources/derivatives/0/0448CE76-6FB5-4E27-B72E-F8AC47DB6B3E_1_105_c.jpeg"
    ],
    "ultima_modificacion": "2025-08-01 01:01:00.403365"
  },
  "0da3334e09d04ce38d1d1989b1df1ccd1105c.jpeg": {
    "app_sintetizada": "0DA3334E09D04CE38D1D1989B1DF1CCD1105C.JPEG",
    "cantidad_archivos": 1,
    "archivos_fuente": [
      "Pictures/Fototeca de Fotos.photoslibrary/resources/derivatives/0/0DA3334E-09D0-4CE3-8D1D-1989B1DF1CCD_1_105_c.jpeg"
    ],
    "ultima_modificacion": "2025-08-01 01:01:00.403651"
  },
  "06832ce37bf04f8d9a7aa144bda9cc1c1105c.jpeg": {
    "app_sintetizada": "06832CE37BF04F8D9A7AA144BDA9CC1C1105C.JPEG",
    "cantidad_archivos": 1,
    "archivos_fuente": [
      "Pictures/Fototeca de Fotos.photoslibrary/resources/derivatives/0/06832CE3-7BF0-4F8D-9A7A-A144BDA9CC1C_1_105_c.jpeg"
    ],
    "ultima_modificacion": "2025-08-01 01:01:00.403971"
  },
  "06f5c4e4df6b4e94be98ebeec264ea7a1105c.jpeg": {
    "app_sintetizada": "06F5C4E4DF6B4E94BE98EBEEC264EA7A1105C.JPEG",
    "cantidad_archivos": 1,
    "archivos_fuente": [
      "Pictures/Fototeca de Fotos.photoslibrary/resources/derivatives/0/06F5C4E4-DF6B-4E94-BE98-EBEEC264EA7A_1_105_c.jpeg"
    ],
    "ultima_modificacion": "2025-08-01 01:01:00.404309"
  },
  "0ac4c411f2494639a3314713d5a6fd141105c.jpeg": {
    "app_sintetizada": "0AC4C411F2494639A3314713D5A6FD141105C.JPEG",
    "cantidad_archivos": 1,
    "archivos_fuente": [
      "Pictures/Fototeca de Fotos.photoslibrary/resources/derivatives/0/0AC4C411-F249-4639-A331-4713D5A6FD14_1_105_c.jpeg"
    ],
    "ultima_modificacion": "2025-08-01 01:01:00.404613"
  },
  "0342260f199b40a19a98cd209d668d401105c.jpeg": {
    "app_sintetizada": "0342260F199B40A19A98CD209D668D401105C.JPEG",
    "cantidad_archivos": 1,
    "archivos_fuente": [
      "Pictures/Fototeca de Fotos.photoslibrary/resources/derivatives/0/0342260F-199B-40A1-9A98-CD209D668D40_1_105_c.jpeg"
    ],
    "ultima_modificacion": "2025-08-01 01:01:00.404918"
  },
  "0bab0364f4324c788364b2c93463f65e1105c.jpeg": {
    "app_sintetizada": "0BAB0364F4324C788364B2C93463F65E1105C.JPEG",
    "cantidad_archivos": 1,
    "archivos_fuente": [
      "Pictures/Fototeca de Fotos.photoslibrary/resources/derivatives/0/0BAB0364-F432-4C78-8364-B2C93463F65E_1_105_c.jpeg"
    ],
    "ultima_modificacion": "2025-08-01 01:01:00.405207"
  },
  "0a87f7f46fc145ca97b959c473d515551105c.jpeg": {
    "app_sintetizada": "0A87F7F46FC145CA97B959C473D515551105C.JPEG",
    "cantidad_archivos": 1,
    "archivos_fuente": [
      "Pictures/Fototeca de Fotos.photoslibrary/resources/derivatives/0/0A87F7F4-6FC1-45CA-97B9-59C473D51555_1_105_c.jpeg"
    ],
    "ultima_modificacion": "2025-08-01 01:01:00.405475"
  },
  "0951237cd80641df8d2a64119120eb161105c.jpeg": {
    "app_sintetizada": "0951237CD80641DF8D2A64119120EB161105C.JPEG",
    "cantidad_archivos": 1,
    "archivos_fuente": [
      "Pictures/Fototeca de Fotos.photoslibrary/resources/derivatives/0/0951237C-D806-41DF-8D2A-64119120EB16_1_105_c.jpeg"
    ],
    "ultima_modificacion": "2025-08-01 01:01:00.405763"
  },
  "0870eb58c8a84f879a33b28d5c0670f61105c.jpeg": {
    "app_sintetizada": "0870EB58C8A84F879A33B28D5C0670F61105C.JPEG",
    "cantidad_archivos": 1,
    "archivos_fuente": [
      "Pictures/Fototeca de Fotos.photoslibrary/resources/derivatives/0/0870EB58-C8A8-4F87-9A33-B28D5C0670F6_1_105_c.jpeg"
    ],
    "ultima_modificacion": "2025-08-01 01:01:00.406073"
  },
  "072cfda1dd194405ac9ff600e88dba811105c.jpeg": {
    "app_sintetizada": "072CFDA1DD194405AC9FF600E88DBA811105C.JPEG",
    "cantidad_archivos": 1,
    "archivos_fuente": [
      "Pictures/Fototeca de Fotos.photoslibrary/resources/derivatives/0/072CFDA1-DD19-4405-AC9F-F600E88DBA81_1_105_c.jpeg"
    ],
    "ultima_modificacion": "2025-08-01 01:01:00.406360"
  },
  "08f700045977496494ab295309b966431105c.jpeg": {
    "app_sintetizada": "08F700045977496494AB295309B966431105C.JPEG",
    "cantidad_archivos": 1,
    "archivos_fuente": [
      "Pictures/Fototeca de Fotos.photoslibrary/resources/derivatives/0/08F70004-5977-4964-94AB-295309B96643_1_105_c.jpeg"
    ],
    "ultima_modificacion": "2025-08-01 01:01:00.406657"
  },
  "091f1bb407b24eb5881e7718f675f945.thm": {
    "app_sintetizada": "091F1BB407B24EB5881E7718F675F945.THM",
    "cantidad_archivos": 1,
    "archivos_fuente": [
      "Pictures/Fototeca de Fotos.photoslibrary/resources/derivatives/0/091F1BB4-07B2-4EB5-881E-7718F675F945.THM"
    ],
    "ultima_modificacion": "2025-08-01 01:01:00.406986"
  },
  "0d8bc3ca69de43df9f2db65ac2758f731105c.jpeg": {
    "app_sintetizada": "0D8BC3CA69DE43DF9F2DB65AC2758F731105C.JPEG",
    "cantidad_archivos": 1,
    "archivos_fuente": [
      "Pictures/Fototeca de Fotos.photoslibrary/resources/derivatives/0/0D8BC3CA-69DE-43DF-9F2D-B65AC2758F73_1_105_c.jpeg"
    ],
    "ultima_modificacion": "2025-08-01 01:01:00.407272"
  },
  "0418bddbcfb84b668c652338fd2534911105c.jpeg": {
    "app_sintetizada": "0418BDDBCFB84B668C652338FD2534911105C.JPEG",
    "cantidad_archivos": 1,
    "archivos_fuente": [
      "Pictures/Fototeca de Fotos.photoslibrary/resources/derivatives/0/0418BDDB-CFB8-4B66-8C65-2338FD253491_1_105_c.jpeg"
    ],
    "ultima_modificacion": "2025-08-01 01:01:00.407563"
  },
  "0454fabae417418fb867752001d18ec91105c.jpeg": {
    "app_sintetizada": "0454FABAE417418FB867752001D18EC91105C.JPEG",
    "cantidad_archivos": 1,
    "archivos_fuente": [
      "Pictures/Fototeca de Fotos.photoslibrary/resources/derivatives/0/0454FABA-E417-418F-B867-752001D18EC9_1_105_c.jpeg"
    ],
    "ultima_modificacion": "2025-08-01 01:01:00.407894"
  },
  "0db95431acc341a08812c4fb0695a1a91105c.jpeg": {
    "app_sintetizada": "0DB95431ACC341A08812C4FB0695A1A91105C.JPEG",
    "cantidad_archivos": 1,
    "archivos_fuente": [
      "Pictures/Fototeca de Fotos.photoslibrary/resources/derivatives/0/0DB95431-ACC3-41A0-8812-C4FB0695A1A9_1_105_c.jpeg"
    ],
    "ultima_modificacion": "2025-08-01 01:01:00.408269"
  },
  "086b7ec7088047d19b975d30a634bc4a1105c.jpeg": {
    "app_sintetizada": "086B7EC7088047D19B975D30A634BC4A1105C.JPEG",
    "cantidad_archivos": 1,
    "archivos_fuente": [
      "Pictures/Fototeca de Fotos.photoslibrary/resources/derivatives/0/086B7EC7-0880-47D1-9B97-5D30A634BC4A_1_105_c.jpeg"
    ],
    "ultima_modificacion": "2025-08-01 01:01:00.408574"
  },
  "0bdbc0333d6947458733c5b3473a73d21105c.jpeg": {
    "app_sintetizada": "0BDBC0333D6947458733C5B3473A73D21105C.JPEG",
    "cantidad_archivos": 1,
    "archivos_fuente": [
      "Pictures/Fototeca de Fotos.photoslibrary/resources/derivatives/0/0BDBC033-3D69-4745-8733-C5B3473A73D2_1_105_c.jpeg"
    ],
    "ultima_modificacion": "2025-08-01 01:01:00.408869"
  },
  "08f3ff34e7a0495888b6b4459079b9191105c.jpeg": {
    "app_sintetizada": "08F3FF34E7A0495888B6B4459079B9191105C.JPEG",
    "cantidad_archivos": 1,
    "archivos_fuente": [
      "Pictures/Fototeca de Fotos.photoslibrary/resources/derivatives/0/08F3FF34-E7A0-4958-88B6-B4459079B919_1_105_c.jpeg"
    ],
    "ultima_modificacion": "2025-08-01 01:01:00.409147"
  },
  "027f34d5be2a41f99d26eb81ed7c17f51105c.jpeg": {
    "app_sintetizada": "027F34D5BE2A41F99D26EB81ED7C17F51105C.JPEG",
    "cantidad_archivos": 1,
    "archivos_fuente": [
      "Pictures/Fototeca de Fotos.photoslibrary/resources/derivatives/0/027F34D5-BE2A-41F9-9D26-EB81ED7C17F5_1_105_c.jpeg"
    ],
    "ultima_modificacion": "2025-08-01 01:01:00.409443"
  },
  "077c709ca4394722bd56e8feb64b91141105c.jpeg": {
    "app_sintetizada": "077C709CA4394722BD56E8FEB64B91141105C.JPEG",
    "cantidad_archivos": 1,
    "archivos_fuente": [
      "Pictures/Fototeca de Fotos.photoslibrary/resources/derivatives/0/077C709C-A439-4722-BD56-E8FEB64B9114_1_105_c.jpeg"
    ],
    "ultima_modificacion": "2025-08-01 01:01:00.409752"
  },
  "00e4b3ba90b544e8aec4776d4bf459f41105c.jpeg": {
    "app_sintetizada": "00E4B3BA90B544E8AEC4776D4BF459F41105C.JPEG",
    "cantidad_archivos": 1,
    "archivos_fuente": [
      "Pictures/Fototeca de Fotos.photoslibrary/resources/derivatives/0/00E4B3BA-90B5-44E8-AEC4-776D4BF459F4_1_105_c.jpeg"
    ],
    "ultima_modificacion": "2025-08-01 01:01:00.410069"
  },
  "0c99c8740dda445fbede0b97b8c1d33b1105c.jpeg": {
    "app_sintetizada": "0C99C8740DDA445FBEDE0B97B8C1D33B1105C.JPEG",
    "cantidad_archivos": 1,
    "archivos_fuente": [
      "Pictures/Fototeca de Fotos.photoslibrary/resources/derivatives/0/0C99C874-0DDA-445F-BEDE-0B97B8C1D33B_1_105_c.jpeg"
    ],
    "ultima_modificacion": "2025-08-01 01:01:00.410413"
  },
  "0c9c383c2bb04290a071e97e805925451105c.jpeg": {
    "app_sintetizada": "0C9C383C2BB04290A071E97E805925451105C.JPEG",
    "cantidad_archivos": 1,
    "archivos_fuente": [
      "Pictures/Fototeca de Fotos.photoslibrary/resources/derivatives/0/0C9C383C-2BB0-4290-A071-E97E80592545_1_105_c.jpeg"
    ],
    "ultima_modificacion": "2025-08-01 01:01:00.410762"
  },
  "0ddff13e61184a4dac9f12f7144b16d91105c.jpeg": {
    "app_sintetizada": "0DDFF13E61184A4DAC9F12F7144B16D91105C.JPEG",
    "cantidad_archivos": 1,
    "archivos_fuente": [
      "Pictures/Fototeca de Fotos.photoslibrary/resources/derivatives/0/0DDFF13E-6118-4A4D-AC9F-12F7144B16D9_1_105_c.jpeg"
    ],
    "ultima_modificacion": "2025-08-01 01:01:00.411032"
  },
  "036ebf5b46574843926e0414fea9b7cc1105c.jpeg": {
    "app_sintetizada": "036EBF5B46574843926E0414FEA9B7CC1105C.JPEG",
    "cantidad_archivos": 1,
    "archivos_fuente": [
      "Pictures/Fototeca de Fotos.photoslibrary/resources/derivatives/0/036EBF5B-4657-4843-926E-0414FEA9B7CC_1_105_c.jpeg"
    ],
    "ultima_modificacion": "2025-08-01 01:01:00.411276"
  },
  "014103e05b1647cdb8d2bd7b7f4451801105c.jpeg": {
    "app_sintetizada": "014103E05B1647CDB8D2BD7B7F4451801105C.JPEG",
    "cantidad_archivos": 1,
    "archivos_fuente": [
      "Pictures/Fototeca de Fotos.photoslibrary/resources/derivatives/0/014103E0-5B16-47CD-B8D2-BD7B7F445180_1_105_c.jpeg"
    ],
    "ultima_modificacion": "2025-08-01 01:01:00.411492"
  },
  "06521aebf1574913930c8298ce052eaa1105c.jpeg": {
    "app_sintetizada": "06521AEBF1574913930C8298CE052EAA1105C.JPEG",
    "cantidad_archivos": 1,
    "archivos_fuente": [
      "Pictures/Fototeca de Fotos.photoslibrary/resources/derivatives/0/06521AEB-F157-4913-930C-8298CE052EAA_1_105_c.jpeg"
    ],
    "ultima_modificacion": "2025-08-01 01:01:00.411702"
  },
  "01b62dfe86a74db6bb948f871e8ee84a1100o.jpeg": {
    "app_sintetizada": "01B62DFE86A74DB6BB948F871E8EE84A1100O.JPEG",
    "cantidad_archivos": 1,
    "archivos_fuente": [
      "Pictures/Fototeca de Fotos.photoslibrary/resources/derivatives/0/01B62DFE-86A7-4DB6-BB94-8F871E8EE84A_1_100_o.jpeg"
    ],
    "ultima_modificacion": "2025-08-01 01:01:00.411896"
  },
  "0680346295d24edf96d7d0fed94739f41105c.jpeg": {
    "app_sintetizada": "0680346295D24EDF96D7D0FED94739F41105C.JPEG",
    "cantidad_archivos": 1,
    "archivos_fuente": [
      "Pictures/Fototeca de Fotos.photoslibrary/resources/derivatives/0/06803462-95D2-4EDF-96D7-D0FED94739F4_1_105_c.jpeg"
    ],
    "ultima_modificacion": "2025-08-01 01:01:00.412096"
  },
  "002342f903d44f4a981eba32883c90121105c.jpeg": {
    "app_sintetizada": "002342F903D44F4A981EBA32883C90121105C.JPEG",
    "cantidad_archivos": 1,
    "archivos_fuente": [
      "Pictures/Fototeca de Fotos.photoslibrary/resources/derivatives/0/002342F9-03D4-4F4A-981E-BA32883C9012_1_105_c.jpeg"
    ],
    "ultima_modificacion": "2025-08-01 01:01:00.412331"
  },
  "0578deeb6a054afdb915bbd90710c2001105c.jpeg": {
    "app_sintetizada": "0578DEEB6A054AFDB915BBD90710C2001105C.JPEG",
    "cantidad_archivos": 1,
    "archivos_fuente": [
      "Pictures/Fototeca de Fotos.photoslibrary/resources/derivatives/0/0578DEEB-6A05-4AFD-B915-BBD90710C200_1_105_c.jpeg"
    ],
    "ultima_modificacion": "2025-08-01 01:01:00.412664"
  },
  "08cb8b0fa47348a494eed3f7bd76683d1105c.jpeg": {
    "app_sintetizada": "08CB8B0FA47348A494EED3F7BD76683D1105C.JPEG",
    "cantidad_archivos": 1,
    "archivos_fuente": [
      "Pictures/Fototeca de Fotos.photoslibrary/resources/derivatives/0/08CB8B0F-A473-48A4-94EE-D3F7BD76683D_1_105_c.jpeg"
    ],
    "ultima_modificacion": "2025-08-01 01:01:00.412959"
  },
  "0092ebfddc9a4319bd1ebfc0bba3a3781105c.jpeg": {
    "app_sintetizada": "0092EBFDDC9A4319BD1EBFC0BBA3A3781105C.JPEG",
    "cantidad_archivos": 1,
    "archivos_fuente": [
      "Pictures/Fototeca de Fotos.photoslibrary/resources/derivatives/0/0092EBFD-DC9A-4319-BD1E-BFC0BBA3A378_1_105_c.jpeg"
    ],
    "ultima_modificacion": "2025-08-01 01:01:00.413210"
  },
  "0375a0aeaa27402ba4d3f9f7aeeed78d1105c.jpeg": {
    "app_sintetizada": "0375A0AEAA27402BA4D3F9F7AEEED78D1105C.JPEG",
    "cantidad_archivos": 1,
    "archivos_fuente": [
      "Pictures/Fototeca de Fotos.photoslibrary/resources/derivatives/0/0375A0AE-AA27-402B-A4D3-F9F7AEEED78D_1_105_c.jpeg"
    ],
    "ultima_modificacion": "2025-08-01 01:01:00.413446"
  },
  "021290222dbe4dd1ae44efdbd84379081105c.jpeg": {
    "app_sintetizada": "021290222DBE4DD1AE44EFDBD84379081105C.JPEG",
    "cantidad_archivos": 1,
    "archivos_fuente": [
      "Pictures/Fototeca de Fotos.photoslibrary/resources/derivatives/0/02129022-2DBE-4DD1-AE44-EFDBD8437908_1_105_c.jpeg"
    ],
    "ultima_modificacion": "2025-08-01 01:01:00.413698"
  },
  "0d4cc82479a947f69a8efd7432e9f4951105c.jpeg": {
    "app_sintetizada": "0D4CC82479A947F69A8EFD7432E9F4951105C.JPEG",
    "cantidad_archivos": 1,
    "archivos_fuente": [
      "Pictures/Fototeca de Fotos.photoslibrary/resources/derivatives/0/0D4CC824-79A9-47F6-9A8E-FD7432E9F495_1_105_c.jpeg"
    ],
    "ultima_modificacion": "2025-08-01 01:01:00.413973"
  },
  "088aecb7d2af47e5854ecb77ed9616921105c.jpeg": {
    "app_sintetizada": "088AECB7D2AF47E5854ECB77ED9616921105C.JPEG",
    "cantidad_archivos": 1,
    "archivos_fuente": [
      "Pictures/Fototeca de Fotos.photoslibrary/resources/derivatives/0/088AECB7-D2AF-47E5-854E-CB77ED961692_1_105_c.jpeg"
    ],
    "ultima_modificacion": "2025-08-01 01:01:00.414224"
  },
  "0a89d67a79d7420e8dfadf997107980d1105c.jpeg": {
    "app_sintetizada": "0A89D67A79D7420E8DFADF997107980D1105C.JPEG",
    "cantidad_archivos": 1,
    "archivos_fuente": [
      "Pictures/Fototeca de Fotos.photoslibrary/resources/derivatives/0/0A89D67A-79D7-420E-8DFA-DF997107980D_1_105_c.jpeg"
    ],
    "ultima_modificacion": "2025-08-01 01:01:00.414486"
  },
  "0e1191e36e5445ddb0429b4e3f1f0aae1105c.jpeg": {
    "app_sintetizada": "0E1191E36E5445DDB0429B4E3F1F0AAE1105C.JPEG",
    "cantidad_archivos": 1,
    "archivos_fuente": [
      "Pictures/Fototeca de Fotos.photoslibrary/resources/derivatives/0/0E1191E3-6E54-45DD-B042-9B4E3F1F0AAE_1_105_c.jpeg"
    ],
    "ultima_modificacion": "2025-08-01 01:01:00.414743"
  },
  "0e49ed288de544cf899a5141b947bda61105c.jpeg": {
    "app_sintetizada": "0E49ED288DE544CF899A5141B947BDA61105C.JPEG",
    "cantidad_archivos": 1,
    "archivos_fuente": [
      "Pictures/Fototeca de Fotos.photoslibrary/resources/derivatives/0/0E49ED28-8DE5-44CF-899A-5141B947BDA6_1_105_c.jpeg"
    ],
    "ultima_modificacion": "2025-08-01 01:01:00.415017"
  },
  "0c22610c952e42ccae257a31569f115e1105c.jpeg": {
    "app_sintetizada": "0C22610C952E42CCAE257A31569F115E1105C.JPEG",
    "cantidad_archivos": 1,
    "archivos_fuente": [
      "Pictures/Fototeca de Fotos.photoslibrary/resources/derivatives/0/0C22610C-952E-42CC-AE25-7A31569F115E_1_105_c.jpeg"
    ],
    "ultima_modificacion": "2025-08-01 01:01:00.415375"
  },
  "049cd1ae47364055965532dd746741cc1105c.jpeg": {
    "app_sintetizada": "049CD1AE47364055965532DD746741CC1105C.JPEG",
    "cantidad_archivos": 1,
    "archivos_fuente": [
      "Pictures/Fototeca de Fotos.photoslibrary/resources/derivatives/0/049CD1AE-4736-4055-9655-32DD746741CC_1_105_c.jpeg"
    ],
    "ultima_modificacion": "2025-08-01 01:01:00.415604"
  },
  "034476561ec14c71b45fdc3bc27f05251105c.jpeg": {
    "app_sintetizada": "034476561EC14C71B45FDC3BC27F05251105C.JPEG",
    "cantidad_archivos": 1,
    "archivos_fuente": [
      "Pictures/Fototeca de Fotos.photoslibrary/resources/derivatives/0/03447656-1EC1-4C71-B45F-DC3BC27F0525_1_105_c.jpeg"
    ],
    "ultima_modificacion": "2025-08-01 01:01:00.415808"
  },
  "0ee4b5a19a9344b49be6af15445736501105c.jpeg": {
    "app_sintetizada": "0EE4B5A19A9344B49BE6AF15445736501105C.JPEG",
    "cantidad_archivos": 1,
    "archivos_fuente": [
      "Pictures/Fototeca de Fotos.photoslibrary/resources/derivatives/0/0EE4B5A1-9A93-44B4-9BE6-AF1544573650_1_105_c.jpeg"
    ],
    "ultima_modificacion": "2025-08-01 01:01:00.416023"
  },
  "0450c5a0ea5b488fbfafcadb83033c8e1105c.jpeg": {
    "app_sintetizada": "0450C5A0EA5B488FBFAFCADB83033C8E1105C.JPEG",
    "cantidad_archivos": 1,
    "archivos_fuente": [
      "Pictures/Fototeca de Fotos.photoslibrary/resources/derivatives/0/0450C5A0-EA5B-488F-BFAF-CADB83033C8E_1_105_c.jpeg"
    ],
    "ultima_modificacion": "2025-08-01 01:01:00.416218"
  },
  "0fd1d1d40a384d6795213759e39771ae1105c.jpeg": {
    "app_sintetizada": "0FD1D1D40A384D6795213759E39771AE1105C.JPEG",
    "cantidad_archivos": 1,
    "archivos_fuente": [
      "Pictures/Fototeca de Fotos.photoslibrary/resources/derivatives/0/0FD1D1D4-0A38-4D67-9521-3759E39771AE_1_105_c.jpeg"
    ],
    "ultima_modificacion": "2025-08-01 01:01:00.416410"
  },
  "0390f835733441a3b5214a6648d22fb41105c.jpeg": {
    "app_sintetizada": "0390F835733441A3B5214A6648D22FB41105C.JPEG",
    "cantidad_archivos": 1,
    "archivos_fuente": [
      "Pictures/Fototeca de Fotos.photoslibrary/resources/derivatives/0/0390F835-7334-41A3-B521-4A6648D22FB4_1_105_c.jpeg"
    ],
    "ultima_modificacion": "2025-08-01 01:01:00.416622"
  },
  "01b68fd6db4d4568a9ba9efdc3bc29211105c.jpeg": {
    "app_sintetizada": "01B68FD6DB4D4568A9BA9EFDC3BC29211105C.JPEG",
    "cantidad_archivos": 1,
    "archivos_fuente": [
      "Pictures/Fototeca de Fotos.photoslibrary/resources/derivatives/0/01B68FD6-DB4D-4568-A9BA-9EFDC3BC2921_1_105_c.jpeg"
    ],
    "ultima_modificacion": "2025-08-01 01:01:00.416944"
  },
  "09fd64e15581436ba06fc702978395031105c.jpeg": {
    "app_sintetizada": "09FD64E15581436BA06FC702978395031105C.JPEG",
    "cantidad_archivos": 1,
    "archivos_fuente": [
      "Pictures/Fototeca de Fotos.photoslibrary/resources/derivatives/0/09FD64E1-5581-436B-A06F-C70297839503_1_105_c.jpeg"
    ],
    "ultima_modificacion": "2025-08-01 01:01:00.417309"
  },
  "01171425e11a454da213af5ea29cb7791105c.jpeg": {
    "app_sintetizada": "01171425E11A454DA213AF5EA29CB7791105C.JPEG",
    "cantidad_archivos": 1,
    "archivos_fuente": [
      "Pictures/Fototeca de Fotos.photoslibrary/resources/derivatives/0/01171425-E11A-454D-A213-AF5EA29CB779_1_105_c.jpeg"
    ],
    "ultima_modificacion": "2025-08-01 01:01:00.417541"
  },
  "0a7c6f5950c847109c68598d4042e9c41105c.jpeg": {
    "app_sintetizada": "0A7C6F5950C847109C68598D4042E9C41105C.JPEG",
    "cantidad_archivos": 1,
    "archivos_fuente": [
      "Pictures/Fototeca de Fotos.photoslibrary/resources/derivatives/0/0A7C6F59-50C8-4710-9C68-598D4042E9C4_1_105_c.jpeg"
    ],
    "ultima_modificacion": "2025-08-01 01:01:00.417812"
  },
  "062e12ce81534f768981086b34750df41100o.jpeg": {
    "app_sintetizada": "062E12CE81534F768981086B34750DF41100O.JPEG",
    "cantidad_archivos": 1,
    "archivos_fuente": [
      "Pictures/Fototeca de Fotos.photoslibrary/resources/derivatives/0/062E12CE-8153-4F76-8981-086B34750DF4_1_100_o.jpeg"
    ],
    "ultima_modificacion": "2025-08-01 01:01:00.418044"
  },
  "05b28a82ec21447d960d04ea2b2a56fa1105c.jpeg": {
    "app_sintetizada": "05B28A82EC21447D960D04EA2B2A56FA1105C.JPEG",
    "cantidad_archivos": 1,
    "archivos_fuente": [
      "Pictures/Fototeca de Fotos.photoslibrary/resources/derivatives/0/05B28A82-EC21-447D-960D-04EA2B2A56FA_1_105_c.jpeg"
    ],
    "ultima_modificacion": "2025-08-01 01:01:00.418279"
  },
  "09d9dcf3fbb84d1cb88a2686efac90421105c.jpeg": {
    "app_sintetizada": "09D9DCF3FBB84D1CB88A2686EFAC90421105C.JPEG",
    "cantidad_archivos": 1,
    "archivos_fuente": [
      "Pictures/Fototeca de Fotos.photoslibrary/resources/derivatives/0/09D9DCF3-FBB8-4D1C-B88A-2686EFAC9042_1_105_c.jpeg"
    ],
    "ultima_modificacion": "2025-08-01 01:01:00.418578"
  },
  "01e5af247af54d6e8f0dfe3495288b5f1105c.jpeg": {
    "app_sintetizada": "01E5AF247AF54D6E8F0DFE3495288B5F1105C.JPEG",
    "cantidad_archivos": 1,
    "archivos_fuente": [
      "Pictures/Fototeca de Fotos.photoslibrary/resources/derivatives/0/01E5AF24-7AF5-4D6E-8F0D-FE3495288B5F_1_105_c.jpeg"
    ],
    "ultima_modificacion": "2025-08-01 01:01:00.418795"
  },
  "0309ed6eb28f41469975c61467209e9f1105c.jpeg": {
    "app_sintetizada": "0309ED6EB28F41469975C61467209E9F1105C.JPEG",
    "cantidad_archivos": 1,
    "archivos_fuente": [
      "Pictures/Fototeca de Fotos.photoslibrary/resources/derivatives/0/0309ED6E-B28F-4146-9975-C61467209E9F_1_105_c.jpeg"
    ],
    "ultima_modificacion": "2025-08-01 01:01:00.419003"
  },
  "0aba73edaf314385acc08e719a435ab71105c.jpeg": {
    "app_sintetizada": "0ABA73EDAF314385ACC08E719A435AB71105C.JPEG",
    "cantidad_archivos": 1,
    "archivos_fuente": [
      "Pictures/Fototeca de Fotos.photoslibrary/resources/derivatives/0/0ABA73ED-AF31-4385-ACC0-8E719A435AB7_1_105_c.jpeg"
    ],
    "ultima_modificacion": "2025-08-01 01:01:00.419194"
  },
  "0a33304cd9c34caa9e892282dca5f9321105c.jpeg": {
    "app_sintetizada": "0A33304CD9C34CAA9E892282DCA5F9321105C.JPEG",
    "cantidad_archivos": 1,
    "archivos_fuente": [
      "Pictures/Fototeca de Fotos.photoslibrary/resources/derivatives/0/0A33304C-D9C3-4CAA-9E89-2282DCA5F932_1_105_c.jpeg"
    ],
    "ultima_modificacion": "2025-08-01 01:01:00.419452"
  },
  "0ce0ed3e132941048c13bd2dffb79a2c1105c.jpeg": {
    "app_sintetizada": "0CE0ED3E132941048C13BD2DFFB79A2C1105C.JPEG",
    "cantidad_archivos": 1,
    "archivos_fuente": [
      "Pictures/Fototeca de Fotos.photoslibrary/resources/derivatives/0/0CE0ED3E-1329-4104-8C13-BD2DFFB79A2C_1_105_c.jpeg"
    ],
    "ultima_modificacion": "2025-08-01 01:01:00.419676"
  },
  "061db27756e1472c96691c00f465398c1105c.jpeg": {
    "app_sintetizada": "061DB27756E1472C96691C00F465398C1105C.JPEG",
    "cantidad_archivos": 1,
    "archivos_fuente": [
      "Pictures/Fototeca de Fotos.photoslibrary/resources/derivatives/0/061DB277-56E1-472C-9669-1C00F465398C_1_105_c.jpeg"
    ],
    "ultima_modificacion": "2025-08-01 01:01:00.419861"
  },
  "0225543c0d244085acf9a5485948659b1105c.jpeg": {
    "app_sintetizada": "0225543C0D244085ACF9A5485948659B1105C.JPEG",
    "cantidad_archivos": 1,
    "archivos_fuente": [
      "Pictures/Fototeca de Fotos.photoslibrary/resources/derivatives/0/0225543C-0D24-4085-ACF9-A5485948659B_1_105_c.jpeg"
    ],
    "ultima_modificacion": "2025-08-01 01:01:00.420040"
  },
  "05aa47e6ea344d0daf9d9f0c4286a4331105c.jpeg": {
    "app_sintetizada": "05AA47E6EA344D0DAF9D9F0C4286A4331105C.JPEG",
    "cantidad_archivos": 1,
    "archivos_fuente": [
      "Pictures/Fototeca de Fotos.photoslibrary/resources/derivatives/0/05AA47E6-EA34-4D0D-AF9D-9F0C4286A433_1_105_c.jpeg"
    ],
    "ultima_modificacion": "2025-08-01 01:01:00.420236"
  },
  "04758fb0112a49c995f968bc6529b37b1105c.jpeg": {
    "app_sintetizada": "04758FB0112A49C995F968BC6529B37B1105C.JPEG",
    "cantidad_archivos": 1,
    "archivos_fuente": [
      "Pictures/Fototeca de Fotos.photoslibrary/resources/derivatives/0/04758FB0-112A-49C9-95F9-68BC6529B37B_1_105_c.jpeg"
    ],
    "ultima_modificacion": "2025-08-01 01:01:00.420418"
  },
  "027778dac1e548a3ae0e82dd8595865a1105c.jpeg": {
    "app_sintetizada": "027778DAC1E548A3AE0E82DD8595865A1105C.JPEG",
    "cantidad_archivos": 1,
    "archivos_fuente": [
      "Pictures/Fototeca de Fotos.photoslibrary/resources/derivatives/0/027778DA-C1E5-48A3-AE0E-82DD8595865A_1_105_c.jpeg"
    ],
    "ultima_modificacion": "2025-08-01 01:01:00.420595"
  },
  "08574fab79414aa3bf5ab0cb82ad78391105c.jpeg": {
    "app_sintetizada": "08574FAB79414AA3BF5AB0CB82AD78391105C.JPEG",
    "cantidad_archivos": 1,
    "archivos_fuente": [
      "Pictures/Fototeca de Fotos.photoslibrary/resources/derivatives/0/08574FAB-7941-4AA3-BF5A-B0CB82AD7839_1_105_c.jpeg"
    ],
    "ultima_modificacion": "2025-08-01 01:01:00.420856"
  },
  "0ade687ab5c44e0bac3375e7ccad73c21105c.jpeg": {
    "app_sintetizada": "0ADE687AB5C44E0BAC3375E7CCAD73C21105C.JPEG",
    "cantidad_archivos": 1,
    "archivos_fuente": [
      "Pictures/Fototeca de Fotos.photoslibrary/resources/derivatives/0/0ADE687A-B5C4-4E0B-AC33-75E7CCAD73C2_1_105_c.jpeg"
    ],
    "ultima_modificacion": "2025-08-01 01:01:00.421124"
  },
  "099229d3ffd941c3a69f7496bf740d101105c.jpeg": {
    "app_sintetizada": "099229D3FFD941C3A69F7496BF740D101105C.JPEG",
    "cantidad_archivos": 1,
    "archivos_fuente": [
      "Pictures/Fototeca de Fotos.photoslibrary/resources/derivatives/0/099229D3-FFD9-41C3-A69F-7496BF740D10_1_105_c.jpeg"
    ],
    "ultima_modificacion": "2025-08-01 01:01:00.421349"
  },
  "0b092aef38894d37bca6be28390c75181105c.jpeg": {
    "app_sintetizada": "0B092AEF38894D37BCA6BE28390C75181105C.JPEG",
    "cantidad_archivos": 1,
    "archivos_fuente": [
      "Pictures/Fototeca de Fotos.photoslibrary/resources/derivatives/0/0B092AEF-3889-4D37-BCA6-BE28390C7518_1_105_c.jpeg"
    ],
    "ultima_modificacion": "2025-08-01 01:01:00.421554"
  },
  "0dc7e7ffcc27457a8ff33d6876572fce1105c.jpeg": {
    "app_sintetizada": "0DC7E7FFCC27457A8FF33D6876572FCE1105C.JPEG",
    "cantidad_archivos": 1,
    "archivos_fuente": [
      "Pictures/Fototeca de Fotos.photoslibrary/resources/derivatives/0/0DC7E7FF-CC27-457A-8FF3-3D6876572FCE_1_105_c.jpeg"
    ],
    "ultima_modificacion": "2025-08-01 01:01:00.421747"
  },
  "08f1472e9cc043f69df902d8af0f825b1105c.jpeg": {
    "app_sintetizada": "08F1472E9CC043F69DF902D8AF0F825B1105C.JPEG",
    "cantidad_archivos": 1,
    "archivos_fuente": [
      "Pictures/Fototeca de Fotos.photoslibrary/resources/derivatives/0/08F1472E-9CC0-43F6-9DF9-02D8AF0F825B_1_105_c.jpeg"
    ],
    "ultima_modificacion": "2025-08-01 01:01:00.421951"
  },
  "0bd270a2cfc94efcbc641878a5a23a05.thm": {
    "app_sintetizada": "0BD270A2CFC94EFCBC641878A5A23A05.THM",
    "cantidad_archivos": 1,
    "archivos_fuente": [
      "Pictures/Fototeca de Fotos.photoslibrary/resources/derivatives/0/0BD270A2-CFC9-4EFC-BC64-1878A5A23A05.THM"
    ],
    "ultima_modificacion": "2025-08-01 01:01:00.422131"
  },
  "00510e1ac0d449ae97f48c55ca4fd52e1105c.jpeg": {
    "app_sintetizada": "00510E1AC0D449AE97F48C55CA4FD52E1105C.JPEG",
    "cantidad_archivos": 1,
    "archivos_fuente": [
      "Pictures/Fototeca de Fotos.photoslibrary/resources/derivatives/0/00510E1A-C0D4-49AE-97F4-8C55CA4FD52E_1_105_c.jpeg"
    ],
    "ultima_modificacion": "2025-08-01 01:01:00.422315"
  },
  "07493b84fdc34a34a2d6386c87b0a05c1105c.jpeg": {
    "app_sintetizada": "07493B84FDC34A34A2D6386C87B0A05C1105C.JPEG",
    "cantidad_archivos": 1,
    "archivos_fuente": [
      "Pictures/Fototeca de Fotos.photoslibrary/resources/derivatives/0/07493B84-FDC3-4A34-A2D6-386C87B0A05C_1_105_c.jpeg"
    ],
    "ultima_modificacion": "2025-08-01 01:01:00.422499"
  },
  "0e6dace350c3405bbd42d6cbd183992f1100o.jpeg": {
    "app_sintetizada": "0E6DACE350C3405BBD42D6CBD183992F1100O.JPEG",
    "cantidad_archivos": 1,
    "archivos_fuente": [
      "Pictures/Fototeca de Fotos.photoslibrary/resources/derivatives/0/0E6DACE3-50C3-405B-BD42-D6CBD183992F_1_100_o.jpeg"
    ],
    "ultima_modificacion": "2025-08-01 01:01:00.422675"
  },
  "04b73181f0164142a130b26522e797fb1105c.jpeg": {
    "app_sintetizada": "04B73181F0164142A130B26522E797FB1105C.JPEG",
    "cantidad_archivos": 1,
    "archivos_fuente": [
      "Pictures/Fototeca de Fotos.photoslibrary/resources/derivatives/0/04B73181-F016-4142-A130-B26522E797FB_1_105_c.jpeg"
    ],
    "ultima_modificacion": "2025-08-01 01:01:00.422867"
  },
  "003107f391b14c06b7f31703881d85e01105c.jpeg": {
    "app_sintetizada": "003107F391B14C06B7F31703881D85E01105C.JPEG",
    "cantidad_archivos": 1,
    "archivos_fuente": [
      "Pictures/Fototeca de Fotos.photoslibrary/resources/derivatives/0/003107F3-91B1-4C06-B7F3-1703881D85E0_1_105_c.jpeg"
    ],
    "ultima_modificacion": "2025-08-01 01:01:00.423198"
  },
  "031d62a5350f4432bdd2db1bbc4a02b61105c.jpeg": {
    "app_sintetizada": "031D62A5350F4432BDD2DB1BBC4A02B61105C.JPEG",
    "cantidad_archivos": 1,
    "archivos_fuente": [
      "Pictures/Fototeca de Fotos.photoslibrary/resources/derivatives/0/031D62A5-350F-4432-BDD2-DB1BBC4A02B6_1_105_c.jpeg"
    ],
    "ultima_modificacion": "2025-08-01 01:01:00.423440"
  }
}