{
  "90d2db544809495f8ec0ce3836c179671105c.jpeg": {
    "app_sintetizada": "90D2DB544809495F8EC0CE3836C179671105C.JPEG",
    "cantidad_archivos": 1,
    "archivos_fuente": [
      "Pictures/Fototeca de Fotos.photoslibrary/resources/derivatives/9/90D2DB54-4809-495F-8EC0-CE3836C17967_1_105_c.jpeg"
    ],
    "ultima_modificacion": "2025-08-01 01:01:00.213492"
  },
  "9bf867e3561b446696f82f292ac5c5c41105c.jpeg": {
    "app_sintetizada": "9BF867E3561B446696F82F292AC5C5C41105C.JPEG",
    "cantidad_archivos": 1,
    "archivos_fuente": [
      "Pictures/Fototeca de Fotos.photoslibrary/resources/derivatives/9/9BF867E3-561B-4466-96F8-2F292AC5C5C4_1_105_c.jpeg"
    ],
    "ultima_modificacion": "2025-08-01 01:01:00.213741"
  },
  "923bd4752e35429492cd08e44a46677b1105c.jpeg": {
    "app_sintetizada": "923BD4752E35429492CD08E44A46677B1105C.JPEG",
    "cantidad_archivos": 1,
    "archivos_fuente": [
      "Pictures/Fototeca de Fotos.photoslibrary/resources/derivatives/9/923BD475-2E35-4294-92CD-08E44A46677B_1_105_c.jpeg"
    ],
    "ultima_modificacion": "2025-08-01 01:01:00.214024"
  },
  "9541699d7af544c5aebc294c7f7b4f2f1105c.jpeg": {
    "app_sintetizada": "9541699D7AF544C5AEBC294C7F7B4F2F1105C.JPEG",
    "cantidad_archivos": 1,
    "archivos_fuente": [
      "Pictures/Fototeca de Fotos.photoslibrary/resources/derivatives/9/9541699D-7AF5-44C5-AEBC-294C7F7B4F2F_1_105_c.jpeg"
    ],
    "ultima_modificacion": "2025-08-01 01:01:00.214245"
  },
  "9f8f38b6d1bb4954ab2cbc119a594fd01105c.jpeg": {
    "app_sintetizada": "9F8F38B6D1BB4954AB2CBC119A594FD01105C.JPEG",
    "cantidad_archivos": 1,
    "archivos_fuente": [
      "Pictures/Fototeca de Fotos.photoslibrary/resources/derivatives/9/9F8F38B6-D1BB-4954-AB2C-BC119A594FD0_1_105_c.jpeg"
    ],
    "ultima_modificacion": "2025-08-01 01:01:00.214447"
  },
  "9fe63228c4d64d74ab0e34d783dbe4a81105c.jpeg": {
    "app_sintetizada": "9FE63228C4D64D74AB0E34D783DBE4A81105C.JPEG",
    "cantidad_archivos": 1,
    "archivos_fuente": [
      "Pictures/Fototeca de Fotos.photoslibrary/resources/derivatives/9/9FE63228-C4D6-4D74-AB0E-34D783DBE4A8_1_105_c.jpeg"
    ],
    "ultima_modificacion": "2025-08-01 01:01:00.214679"
  },
  "91688e7eb4af4162ab38af1e9b62641c1105c.jpeg": {
    "app_sintetizada": "91688E7EB4AF4162AB38AF1E9B62641C1105C.JPEG",
    "cantidad_archivos": 1,
    "archivos_fuente": [
      "Pictures/Fototeca de Fotos.photoslibrary/resources/derivatives/9/91688E7E-B4AF-4162-AB38-AF1E9B62641C_1_105_c.jpeg"
    ],
    "ultima_modificacion": "2025-08-01 01:01:00.214913"
  },
  "9ade2ecccb51438f9482872bf86845221105c.jpeg": {
    "app_sintetizada": "9ADE2ECCCB51438F9482872BF86845221105C.JPEG",
    "cantidad_archivos": 1,
    "archivos_fuente": [
      "Pictures/Fototeca de Fotos.photoslibrary/resources/derivatives/9/9ADE2ECC-CB51-438F-9482-872BF8684522_1_105_c.jpeg"
    ],
    "ultima_modificacion": "2025-08-01 01:01:00.215109"
  },
  "9a3ac60712e34c279304ff00fa58908a1105c.jpeg": {
    "app_sintetizada": "9A3AC60712E34C279304FF00FA58908A1105C.JPEG",
    "cantidad_archivos": 1,
    "archivos_fuente": [
      "Pictures/Fototeca de Fotos.photoslibrary/resources/derivatives/9/9A3AC607-12E3-4C27-9304-FF00FA58908A_1_105_c.jpeg"
    ],
    "ultima_modificacion": "2025-08-01 01:01:00.215307"
  },
  "982c384085f84c0eb44f1c3ae86ad82c1105c.jpeg": {
    "app_sintetizada": "982C384085F84C0EB44F1C3AE86AD82C1105C.JPEG",
    "cantidad_archivos": 1,
    "archivos_fuente": [
      "Pictures/Fototeca de Fotos.photoslibrary/resources/derivatives/9/982C3840-85F8-4C0E-B44F-1C3AE86AD82C_1_105_c.jpeg"
    ],
    "ultima_modificacion": "2025-08-01 01:01:00.215500"
  },
  "9d91fdb8307b4513b023c76ff6419fe61105c.jpeg": {
    "app_sintetizada": "9D91FDB8307B4513B023C76FF6419FE61105C.JPEG",
    "cantidad_archivos": 1,
    "archivos_fuente": [
      "Pictures/Fototeca de Fotos.photoslibrary/resources/derivatives/9/9D91FDB8-307B-4513-B023-C76FF6419FE6_1_105_c.jpeg"
    ],
    "ultima_modificacion": "2025-08-01 01:01:00.215694"
  },
  "905f0efbc7414c28a106cc78b0e787a61105c.jpeg": {
    "app_sintetizada": "905F0EFBC7414C28A106CC78B0E787A61105C.JPEG",
    "cantidad_archivos": 1,
    "archivos_fuente": [
      "Pictures/Fototeca de Fotos.photoslibrary/resources/derivatives/9/905F0EFB-C741-4C28-A106-CC78B0E787A6_1_105_c.jpeg"
    ],
    "ultima_modificacion": "2025-08-01 01:01:00.215889"
  },
  "95f9574c1b0045d2945c7057e17a81c91105c.jpeg": {
    "app_sintetizada": "95F9574C1B0045D2945C7057E17A81C91105C.JPEG",
    "cantidad_archivos": 1,
    "archivos_fuente": [
      "Pictures/Fototeca de Fotos.photoslibrary/resources/derivatives/9/95F9574C-1B00-45D2-945C-7057E17A81C9_1_105_c.jpeg"
    ],
    "ultima_modificacion": "2025-08-01 01:01:00.216101"
  },
  "9c60c9b60dd44396aee7213971db96cd1105c.jpeg": {
    "app_sintetizada": "9C60C9B60DD44396AEE7213971DB96CD1105C.JPEG",
    "cantidad_archivos": 1,
    "archivos_fuente": [
      "Pictures/Fototeca de Fotos.photoslibrary/resources/derivatives/9/9C60C9B6-0DD4-4396-AEE7-213971DB96CD_1_105_c.jpeg"
    ],
    "ultima_modificacion": "2025-08-01 01:01:00.216355"
  },
  "98d8a630042046a994cada0a37705a5a1100o.jpeg": {
    "app_sintetizada": "98D8A630042046A994CADA0A37705A5A1100O.JPEG",
    "cantidad_archivos": 1,
    "archivos_fuente": [
      "Pictures/Fototeca de Fotos.photoslibrary/resources/derivatives/9/98D8A630-0420-46A9-94CA-DA0A37705A5A_1_100_o.jpeg"
    ],
    "ultima_modificacion": "2025-08-01 01:01:00.216675"
  },
  "9ccda5bad90b4794a4cd47eb6e85204f1105c.jpeg": {
    "app_sintetizada": "9CCDA5BAD90B4794A4CD47EB6E85204F1105C.JPEG",
    "cantidad_archivos": 1,
    "archivos_fuente": [
      "Pictures/Fototeca de Fotos.photoslibrary/resources/derivatives/9/9CCDA5BA-D90B-4794-A4CD-47EB6E85204F_1_105_c.jpeg"
    ],
    "ultima_modificacion": "2025-08-01 01:01:00.216981"
  },
  "96e6918ac9b84f0e8bf69a97a4b0a33f1105c.jpeg": {
    "app_sintetizada": "96E6918AC9B84F0E8BF69A97A4B0A33F1105C.JPEG",
    "cantidad_archivos": 1,
    "archivos_fuente": [
      "Pictures/Fototeca de Fotos.photoslibrary/resources/derivatives/9/96E6918A-C9B8-4F0E-8BF6-9A97A4B0A33F_1_105_c.jpeg"
    ],
    "ultima_modificacion": "2025-08-01 01:01:00.217306"
  },
  "96c62ae7398b4b5e8deb57240213678a1105c.jpeg": {
    "app_sintetizada": "96C62AE7398B4B5E8DEB57240213678A1105C.JPEG",
    "cantidad_archivos": 1,
    "archivos_fuente": [
      "Pictures/Fototeca de Fotos.photoslibrary/resources/derivatives/9/96C62AE7-398B-4B5E-8DEB-57240213678A_1_105_c.jpeg"
    ],
    "ultima_modificacion": "2025-08-01 01:01:00.217549"
  },
  "93394f9395244ee18a541b6d3954d88e1105c.jpeg": {
    "app_sintetizada": "93394F9395244EE18A541B6D3954D88E1105C.JPEG",
    "cantidad_archivos": 1,
    "archivos_fuente": [
      "Pictures/Fototeca de Fotos.photoslibrary/resources/derivatives/9/93394F93-9524-4EE1-8A54-1B6D3954D88E_1_105_c.jpeg"
    ],
    "ultima_modificacion": "2025-08-01 01:01:00.217797"
  },
  "936da20ef41a42a2a7d2d9114aea4dce1105c.jpeg": {
    "app_sintetizada": "936DA20EF41A42A2A7D2D9114AEA4DCE1105C.JPEG",
    "cantidad_archivos": 1,
    "archivos_fuente": [
      "Pictures/Fototeca de Fotos.photoslibrary/resources/derivatives/9/936DA20E-F41A-42A2-A7D2-D9114AEA4DCE_1_105_c.jpeg"
    ],
    "ultima_modificacion": "2025-08-01 01:01:00.218068"
  },
  "93ae88d03bae47bd910fbd96c56e29d01105c.jpeg": {
    "app_sintetizada": "93AE88D03BAE47BD910FBD96C56E29D01105C.JPEG",
    "cantidad_archivos": 1,
    "archivos_fuente": [
      "Pictures/Fototeca de Fotos.photoslibrary/resources/derivatives/9/93AE88D0-3BAE-47BD-910F-BD96C56E29D0_1_105_c.jpeg"
    ],
    "ultima_modificacion": "2025-08-01 01:01:00.218320"
  },
  "9cac9bec386b451391ac6b56fc4992df1105c.jpeg": {
    "app_sintetizada": "9CAC9BEC386B451391AC6B56FC4992DF1105C.JPEG",
    "cantidad_archivos": 1,
    "archivos_fuente": [
      "Pictures/Fototeca de Fotos.photoslibrary/resources/derivatives/9/9CAC9BEC-386B-4513-91AC-6B56FC4992DF_1_105_c.jpeg"
    ],
    "ultima_modificacion": "2025-08-01 01:01:00.218547"
  },
  "936b60306a684b75a5532081527603641105c.jpeg": {
    "app_sintetizada": "936B60306A684B75A5532081527603641105C.JPEG",
    "cantidad_archivos": 1,
    "archivos_fuente": [
      "Pictures/Fototeca de Fotos.photoslibrary/resources/derivatives/9/936B6030-6A68-4B75-A553-208152760364_1_105_c.jpeg"
    ],
    "ultima_modificacion": "2025-08-01 01:01:00.218785"
  },
  "93ade41252bf4cf99c5e0dbc83b9b4b21105c.jpeg": {
    "app_sintetizada": "93ADE41252BF4CF99C5E0DBC83B9B4B21105C.JPEG",
    "cantidad_archivos": 1,
    "archivos_fuente": [
      "Pictures/Fototeca de Fotos.photoslibrary/resources/derivatives/9/93ADE412-52BF-4CF9-9C5E-0DBC83B9B4B2_1_105_c.jpeg"
    ],
    "ultima_modificacion": "2025-08-01 01:01:00.218999"
  },
  "9131a1d483c24e078cfa0fc59462a5b81105c.jpeg": {
    "app_sintetizada": "9131A1D483C24E078CFA0FC59462A5B81105C.JPEG",
    "cantidad_archivos": 1,
    "archivos_fuente": [
      "Pictures/Fototeca de Fotos.photoslibrary/resources/derivatives/9/9131A1D4-83C2-4E07-8CFA-0FC59462A5B8_1_105_c.jpeg"
    ],
    "ultima_modificacion": "2025-08-01 01:01:00.219198"
  },
  "97b35020319848909f90a319464469ca1105c.jpeg": {
    "app_sintetizada": "97B35020319848909F90A319464469CA1105C.JPEG",
    "cantidad_archivos": 1,
    "archivos_fuente": [
      "Pictures/Fototeca de Fotos.photoslibrary/resources/derivatives/9/97B35020-3198-4890-9F90-A319464469CA_1_105_c.jpeg"
    ],
    "ultima_modificacion": "2025-08-01 01:01:00.219394"
  },
  "9727173100f54a5087627a80d19367ee1105c.jpeg": {
    "app_sintetizada": "9727173100F54A5087627A80D19367EE1105C.JPEG",
    "cantidad_archivos": 1,
    "archivos_fuente": [
      "Pictures/Fototeca de Fotos.photoslibrary/resources/derivatives/9/97271731-00F5-4A50-8762-7A80D19367EE_1_105_c.jpeg"
    ],
    "ultima_modificacion": "2025-08-01 01:01:00.219591"
  },
  "90562bbcca964ec8ad139a853efef9261105c.jpeg": {
    "app_sintetizada": "90562BBCCA964EC8AD139A853EFEF9261105C.JPEG",
    "cantidad_archivos": 1,
    "archivos_fuente": [
      "Pictures/Fototeca de Fotos.photoslibrary/resources/derivatives/9/90562BBC-CA96-4EC8-AD13-9A853EFEF926_1_105_c.jpeg"
    ],
    "ultima_modificacion": "2025-08-01 01:01:00.219773"
  },
  "963fa4337f654b7c9c5f477438af2b6b1105c.jpeg": {
    "app_sintetizada": "963FA4337F654B7C9C5F477438AF2B6B1105C.JPEG",
    "cantidad_archivos": 1,
    "archivos_fuente": [
      "Pictures/Fototeca de Fotos.photoslibrary/resources/derivatives/9/963FA433-7F65-4B7C-9C5F-477438AF2B6B_1_105_c.jpeg"
    ],
    "ultima_modificacion": "2025-08-01 01:01:00.219953"
  },
  "9fc535cdfd524ebeadcf31aa1454d9bf1105c.jpeg": {
    "app_sintetizada": "9FC535CDFD524EBEADCF31AA1454D9BF1105C.JPEG",
    "cantidad_archivos": 1,
    "archivos_fuente": [
      "Pictures/Fototeca de Fotos.photoslibrary/resources/derivatives/9/9FC535CD-FD52-4EBE-ADCF-31AA1454D9BF_1_105_c.jpeg"
    ],
    "ultima_modificacion": "2025-08-01 01:01:00.220133"
  },
  "9497d84e738d49eb999ba55054f533541105c.jpeg": {
    "app_sintetizada": "9497D84E738D49EB999BA55054F533541105C.JPEG",
    "cantidad_archivos": 1,
    "archivos_fuente": [
      "Pictures/Fototeca de Fotos.photoslibrary/resources/derivatives/9/9497D84E-738D-49EB-999B-A55054F53354_1_105_c.jpeg"
    ],
    "ultima_modificacion": "2025-08-01 01:01:00.220320"
  },
  "9113a3e50acf4455b8b8c188129cf2c41105c.jpeg": {
    "app_sintetizada": "9113A3E50ACF4455B8B8C188129CF2C41105C.JPEG",
    "cantidad_archivos": 1,
    "archivos_fuente": [
      "Pictures/Fototeca de Fotos.photoslibrary/resources/derivatives/9/9113A3E5-0ACF-4455-B8B8-C188129CF2C4_1_105_c.jpeg"
    ],
    "ultima_modificacion": "2025-08-01 01:01:00.220532"
  },
  "94aa6f2f96d64916a0098fb18e45b37a1105c.jpeg": {
    "app_sintetizada": "94AA6F2F96D64916A0098FB18E45B37A1105C.JPEG",
    "cantidad_archivos": 1,
    "archivos_fuente": [
      "Pictures/Fototeca de Fotos.photoslibrary/resources/derivatives/9/94AA6F2F-96D6-4916-A009-8FB18E45B37A_1_105_c.jpeg"
    ],
    "ultima_modificacion": "2025-08-01 01:01:00.220774"
  },
  "9e451d94ee244dc5ad60eb8acaf269e31105c.jpeg": {
    "app_sintetizada": "9E451D94EE244DC5AD60EB8ACAF269E31105C.JPEG",
    "cantidad_archivos": 1,
    "archivos_fuente": [
      "Pictures/Fototeca de Fotos.photoslibrary/resources/derivatives/9/9E451D94-EE24-4DC5-AD60-EB8ACAF269E3_1_105_c.jpeg"
    ],
    "ultima_modificacion": "2025-08-01 01:01:00.221145"
  },
  "9591f6512e4a45b9ada95af9d99d13401105c.jpeg": {
    "app_sintetizada": "9591F6512E4A45B9ADA95AF9D99D13401105C.JPEG",
    "cantidad_archivos": 1,
    "archivos_fuente": [
      "Pictures/Fototeca de Fotos.photoslibrary/resources/derivatives/9/9591F651-2E4A-45B9-ADA9-5AF9D99D1340_1_105_c.jpeg"
    ],
    "ultima_modificacion": "2025-08-01 01:01:00.221406"
  },
  "91be7dc2d2944ad495ef0eb5a35574c21105c.jpeg": {
    "app_sintetizada": "91BE7DC2D2944AD495EF0EB5A35574C21105C.JPEG",
    "cantidad_archivos": 1,
    "archivos_fuente": [
      "Pictures/Fototeca de Fotos.photoslibrary/resources/derivatives/9/91BE7DC2-D294-4AD4-95EF-0EB5A35574C2_1_105_c.jpeg"
    ],
    "ultima_modificacion": "2025-08-01 01:01:00.221645"
  },
  "9db9aa8709d7470793fa6640ed9319c51105c.jpeg": {
    "app_sintetizada": "9DB9AA8709D7470793FA6640ED9319C51105C.JPEG",
    "cantidad_archivos": 1,
    "archivos_fuente": [
      "Pictures/Fototeca de Fotos.photoslibrary/resources/derivatives/9/9DB9AA87-09D7-4707-93FA-6640ED9319C5_1_105_c.jpeg"
    ],
    "ultima_modificacion": "2025-08-01 01:01:00.221853"
  },
  "96885d930bf344c385ab980dd41ea3711105c.jpeg": {
    "app_sintetizada": "96885D930BF344C385AB980DD41EA3711105C.JPEG",
    "cantidad_archivos": 1,
    "archivos_fuente": [
      "Pictures/Fototeca de Fotos.photoslibrary/resources/derivatives/9/96885D93-0BF3-44C3-85AB-980DD41EA371_1_105_c.jpeg"
    ],
    "ultima_modificacion": "2025-08-01 01:01:00.222052"
  },
  "917df9a5218d455587e0fbe0a462bf001105c.jpeg": {
    "app_sintetizada": "917DF9A5218D455587E0FBE0A462BF001105C.JPEG",
    "cantidad_archivos": 1,
    "archivos_fuente": [
      "Pictures/Fototeca de Fotos.photoslibrary/resources/derivatives/9/917DF9A5-218D-4555-87E0-FBE0A462BF00_1_105_c.jpeg"
    ],
    "ultima_modificacion": "2025-08-01 01:01:00.222257"
  },
  "935d75f50dd746c695a842cdfe1d74bb1105c.jpeg": {
    "app_sintetizada": "935D75F50DD746C695A842CDFE1D74BB1105C.JPEG",
    "cantidad_archivos": 1,
    "archivos_fuente": [
      "Pictures/Fototeca de Fotos.photoslibrary/resources/derivatives/9/935D75F5-0DD7-46C6-95A8-42CDFE1D74BB_1_105_c.jpeg"
    ],
    "ultima_modificacion": "2025-08-01 01:01:00.222455"
  },
  "91b6040e7bf140c8ac45342c17e55ec41102o.jpeg": {
    "app_sintetizada": "91B6040E7BF140C8AC45342C17E55EC41102O.JPEG",
    "cantidad_archivos": 1,
    "archivos_fuente": [
      "Pictures/Fototeca de Fotos.photoslibrary/resources/derivatives/9/91B6040E-7BF1-40C8-AC45-342C17E55EC4_1_102_o.jpeg"
    ],
    "ultima_modificacion": "2025-08-01 01:01:00.222657"
  },
  "96d4004846f44f4db99d68008453bed91105c.jpeg": {
    "app_sintetizada": "96D4004846F44F4DB99D68008453BED91105C.JPEG",
    "cantidad_archivos": 1,
    "archivos_fuente": [
      "Pictures/Fototeca de Fotos.photoslibrary/resources/derivatives/9/96D40048-46F4-4F4D-B99D-68008453BED9_1_105_c.jpeg"
    ],
    "ultima_modificacion": "2025-08-01 01:01:00.222851"
  },
  "95c2501ac55946b2944c377afb80f2c01105c.jpeg": {
    "app_sintetizada": "95C2501AC55946B2944C377AFB80F2C01105C.JPEG",
    "cantidad_archivos": 1,
    "archivos_fuente": [
      "Pictures/Fototeca de Fotos.photoslibrary/resources/derivatives/9/95C2501A-C559-46B2-944C-377AFB80F2C0_1_105_c.jpeg"
    ],
    "ultima_modificacion": "2025-08-01 01:01:00.223051"
  },
  "971346424fb74021a0cc0ebf06974ccb1105c.jpeg": {
    "app_sintetizada": "971346424FB74021A0CC0EBF06974CCB1105C.JPEG",
    "cantidad_archivos": 1,
    "archivos_fuente": [
      "Pictures/Fototeca de Fotos.photoslibrary/resources/derivatives/9/97134642-4FB7-4021-A0CC-0EBF06974CCB_1_105_c.jpeg"
    ],
    "ultima_modificacion": "2025-08-01 01:01:00.223230"
  },
  "9cc68d1fb79446a1b418a365a1707b0c1105c.jpeg": {
    "app_sintetizada": "9CC68D1FB79446A1B418A365A1707B0C1105C.JPEG",
    "cantidad_archivos": 1,
    "archivos_fuente": [
      "Pictures/Fototeca de Fotos.photoslibrary/resources/derivatives/9/9CC68D1F-B794-46A1-B418-A365A1707B0C_1_105_c.jpeg"
    ],
    "ultima_modificacion": "2025-08-01 01:01:00.223419"
  },
  "99ba8869ec3c4ee292f91e110d39ea401105c.jpeg": {
    "app_sintetizada": "99BA8869EC3C4EE292F91E110D39EA401105C.JPEG",
    "cantidad_archivos": 1,
    "archivos_fuente": [
      "Pictures/Fototeca de Fotos.photoslibrary/resources/derivatives/9/99BA8869-EC3C-4EE2-92F9-1E110D39EA40_1_105_c.jpeg"
    ],
    "ultima_modificacion": "2025-08-01 01:01:00.223605"
  },
  "91d070c98a1d4959a476c955c9fc0b911105c.jpeg": {
    "app_sintetizada": "91D070C98A1D4959A476C955C9FC0B911105C.JPEG",
    "cantidad_archivos": 1,
    "archivos_fuente": [
      "Pictures/Fototeca de Fotos.photoslibrary/resources/derivatives/9/91D070C9-8A1D-4959-A476-C955C9FC0B91_1_105_c.jpeg"
    ],
    "ultima_modificacion": "2025-08-01 01:01:00.223814"
  },
  "9ec54c40e1004f2baca0a663fcc189d8.thm": {
    "app_sintetizada": "9EC54C40E1004F2BACA0A663FCC189D8.THM",
    "cantidad_archivos": 1,
    "archivos_fuente": [
      "Pictures/Fototeca de Fotos.photoslibrary/resources/derivatives/9/9EC54C40-E100-4F2B-ACA0-A663FCC189D8.THM"
    ],
    "ultima_modificacion": "2025-08-01 01:01:00.223991"
  },
  "9122ccb8312f44a4a4edaa5f1bb58ca81105c.jpeg": {
    "app_sintetizada": "9122CCB8312F44A4A4EDAA5F1BB58CA81105C.JPEG",
    "cantidad_archivos": 1,
    "archivos_fuente": [
      "Pictures/Fototeca de Fotos.photoslibrary/resources/derivatives/9/9122CCB8-312F-44A4-A4ED-AA5F1BB58CA8_1_105_c.jpeg"
    ],
    "ultima_modificacion": "2025-08-01 01:01:00.224166"
  },
  "95d3e918ce6d4ce7abb80e479da6a08f1105c.jpeg": {
    "app_sintetizada": "95D3E918CE6D4CE7ABB80E479DA6A08F1105C.JPEG",
    "cantidad_archivos": 1,
    "archivos_fuente": [
      "Pictures/Fototeca de Fotos.photoslibrary/resources/derivatives/9/95D3E918-CE6D-4CE7-ABB8-0E479DA6A08F_1_105_c.jpeg"
    ],
    "ultima_modificacion": "2025-08-01 01:01:00.224490"
  },
  "9d5bf2c764804e548a8745f4f1053edb1105c.jpeg": {
    "app_sintetizada": "9D5BF2C764804E548A8745F4F1053EDB1105C.JPEG",
    "cantidad_archivos": 1,
    "archivos_fuente": [
      "Pictures/Fototeca de Fotos.photoslibrary/resources/derivatives/9/9D5BF2C7-6480-4E54-8A87-45F4F1053EDB_1_105_c.jpeg"
    ],
    "ultima_modificacion": "2025-08-01 01:01:00.224860"
  },
  "9b1ff066bf9e4652a200d2e359e63a591105c.jpeg": {
    "app_sintetizada": "9B1FF066BF9E4652A200D2E359E63A591105C.JPEG",
    "cantidad_archivos": 1,
    "archivos_fuente": [
      "Pictures/Fototeca de Fotos.photoslibrary/resources/derivatives/9/9B1FF066-BF9E-4652-A200-D2E359E63A59_1_105_c.jpeg"
    ],
    "ultima_modificacion": "2025-08-01 01:01:00.225195"
  },
  "9c101114196b4e3c83e82d30d6f75f4b1105c.jpeg": {
    "app_sintetizada": "9C101114196B4E3C83E82D30D6F75F4B1105C.JPEG",
    "cantidad_archivos": 1,
    "archivos_fuente": [
      "Pictures/Fototeca de Fotos.photoslibrary/resources/derivatives/9/9C101114-196B-4E3C-83E8-2D30D6F75F4B_1_105_c.jpeg"
    ],
    "ultima_modificacion": "2025-08-01 01:01:00.225397"
  },
  "9a3d207124904bf390bc0c33961be7fb1105c.jpeg": {
    "app_sintetizada": "9A3D207124904BF390BC0C33961BE7FB1105C.JPEG",
    "cantidad_archivos": 1,
    "archivos_fuente": [
      "Pictures/Fototeca de Fotos.photoslibrary/resources/derivatives/9/9A3D2071-2490-4BF3-90BC-0C33961BE7FB_1_105_c.jpeg"
    ],
    "ultima_modificacion": "2025-08-01 01:01:00.225598"
  },
  "9c03cf80012e42c18d34a732e0166df61105c.jpeg": {
    "app_sintetizada": "9C03CF80012E42C18D34A732E0166DF61105C.JPEG",
    "cantidad_archivos": 1,
    "archivos_fuente": [
      "Pictures/Fototeca de Fotos.photoslibrary/resources/derivatives/9/9C03CF80-012E-42C1-8D34-A732E0166DF6_1_105_c.jpeg"
    ],
    "ultima_modificacion": "2025-08-01 01:01:00.225799"
  },
  "9a7fefe762e44c07b57e9c5d00a289641105c.jpeg": {
    "app_sintetizada": "9A7FEFE762E44C07B57E9C5D00A289641105C.JPEG",
    "cantidad_archivos": 1,
    "archivos_fuente": [
      "Pictures/Fototeca de Fotos.photoslibrary/resources/derivatives/9/9A7FEFE7-62E4-4C07-B57E-9C5D00A28964_1_105_c.jpeg"
    ],
    "ultima_modificacion": "2025-08-01 01:01:00.226016"
  },
  "9bf520711b36496f90c2810d4f9635ac.thm": {
    "app_sintetizada": "9BF520711B36496F90C2810D4F9635AC.THM",
    "cantidad_archivos": 1,
    "archivos_fuente": [
      "Pictures/Fototeca de Fotos.photoslibrary/resources/derivatives/9/9BF52071-1B36-496F-90C2-810D4F9635AC.THM"
    ],
    "ultima_modificacion": "2025-08-01 01:01:00.226293"
  },
  "9165296ed07e41c581f497330f761fc11105c.jpeg": {
    "app_sintetizada": "9165296ED07E41C581F497330F761FC11105C.JPEG",
    "cantidad_archivos": 1,
    "archivos_fuente": [
      "Pictures/Fototeca de Fotos.photoslibrary/resources/derivatives/9/9165296E-D07E-41C5-81F4-97330F761FC1_1_105_c.jpeg"
    ],
    "ultima_modificacion": "2025-08-01 01:01:00.226524"
  },
  "96db6956f9e54041adfbf3727cf7bb5c1105c.jpeg": {
    "app_sintetizada": "96DB6956F9E54041ADFBF3727CF7BB5C1105C.JPEG",
    "cantidad_archivos": 1,
    "archivos_fuente": [
      "Pictures/Fototeca de Fotos.photoslibrary/resources/derivatives/9/96DB6956-F9E5-4041-ADFB-F3727CF7BB5C_1_105_c.jpeg"
    ],
    "ultima_modificacion": "2025-08-01 01:01:00.226773"
  },
  "9f8f6ea895b544eb867ff39dd65574fb1105c.jpeg": {
    "app_sintetizada": "9F8F6EA895B544EB867FF39DD65574FB1105C.JPEG",
    "cantidad_archivos": 1,
    "archivos_fuente": [
      "Pictures/Fototeca de Fotos.photoslibrary/resources/derivatives/9/9F8F6EA8-95B5-44EB-867F-F39DD65574FB_1_105_c.jpeg"
    ],
    "ultima_modificacion": "2025-08-01 01:01:00.227049"
  },
  "967256ac3ba64dcd9990ec091d9f31d81105c.jpeg": {
    "app_sintetizada": "967256AC3BA64DCD9990EC091D9F31D81105C.JPEG",
    "cantidad_archivos": 1,
    "archivos_fuente": [
      "Pictures/Fototeca de Fotos.photoslibrary/resources/derivatives/9/967256AC-3BA6-4DCD-9990-EC091D9F31D8_1_105_c.jpeg"
    ],
    "ultima_modificacion": "2025-08-01 01:01:00.227281"
  },
  "94597a3f706f4ab7a29868e52da8817e1105c.jpeg": {
    "app_sintetizada": "94597A3F706F4AB7A29868E52DA8817E1105C.JPEG",
    "cantidad_archivos": 1,
    "archivos_fuente": [
      "Pictures/Fototeca de Fotos.photoslibrary/resources/derivatives/9/94597A3F-706F-4AB7-A298-68E52DA8817E_1_105_c.jpeg"
    ],
    "ultima_modificacion": "2025-08-01 01:01:00.227489"
  },
  "950b95c101e34a9eb1e48a78a7dd2e1d1105c.jpeg": {
    "app_sintetizada": "950B95C101E34A9EB1E48A78A7DD2E1D1105C.JPEG",
    "cantidad_archivos": 1,
    "archivos_fuente": [
      "Pictures/Fototeca de Fotos.photoslibrary/resources/derivatives/9/950B95C1-01E3-4A9E-B1E4-8A78A7DD2E1D_1_105_c.jpeg"
    ],
    "ultima_modificacion": "2025-08-01 01:01:00.227751"
  },
  "99cec19e933a438db8b15d8e5ec28a8b1105c.jpeg": {
    "app_sintetizada": "99CEC19E933A438DB8B15D8E5EC28A8B1105C.JPEG",
    "cantidad_archivos": 1,
    "archivos_fuente": [
      "Pictures/Fototeca de Fotos.photoslibrary/resources/derivatives/9/99CEC19E-933A-438D-B8B1-5D8E5EC28A8B_1_105_c.jpeg"
    ],
    "ultima_modificacion": "2025-08-01 01:01:00.227959"
  },
  "9631af2aa1d54650b4360234844aa4221105c.jpeg": {
    "app_sintetizada": "9631AF2AA1D54650B4360234844AA4221105C.JPEG",
    "cantidad_archivos": 1,
    "archivos_fuente": [
      "Pictures/Fototeca de Fotos.photoslibrary/resources/derivatives/9/9631AF2A-A1D5-4650-B436-0234844AA422_1_105_c.jpeg"
    ],
    "ultima_modificacion": "2025-08-01 01:01:00.228159"
  },
  "98403b2281f54d4eb72ea3b41976ee5c1105c.jpeg": {
    "app_sintetizada": "98403B2281F54D4EB72EA3B41976EE5C1105C.JPEG",
    "cantidad_archivos": 1,
    "archivos_fuente": [
      "Pictures/Fototeca de Fotos.photoslibrary/resources/derivatives/9/98403B22-81F5-4D4E-B72E-A3B41976EE5C_1_105_c.jpeg"
    ],
    "ultima_modificacion": "2025-08-01 01:01:00.228402"
  },
  "9c3508b3cd784ceeb4d3548fe58cb2ff.thm": {
    "app_sintetizada": "9C3508B3CD784CEEB4D3548FE58CB2FF.THM",
    "cantidad_archivos": 1,
    "archivos_fuente": [
      "Pictures/Fototeca de Fotos.photoslibrary/resources/derivatives/9/9C3508B3-CD78-4CEE-B4D3-548FE58CB2FF.THM"
    ],
    "ultima_modificacion": "2025-08-01 01:01:00.228699"
  },
  "9cabc2f2a4f14098a8fa433845bc07701105c.jpeg": {
    "app_sintetizada": "9CABC2F2A4F14098A8FA433845BC07701105C.JPEG",
    "cantidad_archivos": 1,
    "archivos_fuente": [
      "Pictures/Fototeca de Fotos.photoslibrary/resources/derivatives/9/9CABC2F2-A4F1-4098-A8FA-433845BC0770_1_105_c.jpeg"
    ],
    "ultima_modificacion": "2025-08-01 01:01:00.228991"
  },
  "930bc75a734a4bb29ce53273d45f8e25.thm": {
    "app_sintetizada": "930BC75A734A4BB29CE53273D45F8E25.THM",
    "cantidad_archivos": 1,
    "archivos_fuente": [
      "Pictures/Fototeca de Fotos.photoslibrary/resources/derivatives/9/930BC75A-734A-4BB2-9CE5-3273D45F8E25.THM"
    ],
    "ultima_modificacion": "2025-08-01 01:01:00.229235"
  },
  "992269f7d5544fcd892be6f43108c5ba1105c.jpeg": {
    "app_sintetizada": "992269F7D5544FCD892BE6F43108C5BA1105C.JPEG",
    "cantidad_archivos": 1,
    "archivos_fuente": [
      "Pictures/Fototeca de Fotos.photoslibrary/resources/derivatives/9/992269F7-D554-4FCD-892B-E6F43108C5BA_1_105_c.jpeg"
    ],
    "ultima_modificacion": "2025-08-01 01:01:00.229454"
  },
  "91864ed96c524d338f688effae93706f1105c.jpeg": {
    "app_sintetizada": "91864ED96C524D338F688EFFAE93706F1105C.JPEG",
    "cantidad_archivos": 1,
    "archivos_fuente": [
      "Pictures/Fototeca de Fotos.photoslibrary/resources/derivatives/9/91864ED9-6C52-4D33-8F68-8EFFAE93706F_1_105_c.jpeg"
    ],
    "ultima_modificacion": "2025-08-01 01:01:00.229763"
  },
  "98d0d12d66f6440f9f07b65310a709981105c.jpeg": {
    "app_sintetizada": "98D0D12D66F6440F9F07B65310A709981105C.JPEG",
    "cantidad_archivos": 1,
    "archivos_fuente": [
      "Pictures/Fototeca de Fotos.photoslibrary/resources/derivatives/9/98D0D12D-66F6-440F-9F07-B65310A70998_1_105_c.jpeg"
    ],
    "ultima_modificacion": "2025-08-01 01:01:00.229962"
  },
  "9443bc9b2aa54f88be1b30357417ca7c1105c.jpeg": {
    "app_sintetizada": "9443BC9B2AA54F88BE1B30357417CA7C1105C.JPEG",
    "cantidad_archivos": 1,
    "archivos_fuente": [
      "Pictures/Fototeca de Fotos.photoslibrary/resources/derivatives/9/9443BC9B-2AA5-4F88-BE1B-30357417CA7C_1_105_c.jpeg"
    ],
    "ultima_modificacion": "2025-08-01 01:01:00.230153"
  },
  "9d958bc9755c413aa942e8acdd53d94a1105c.jpeg": {
    "app_sintetizada": "9D958BC9755C413AA942E8ACDD53D94A1105C.JPEG",
    "cantidad_archivos": 1,
    "archivos_fuente": [
      "Pictures/Fototeca de Fotos.photoslibrary/resources/derivatives/9/9D958BC9-755C-413A-A942-E8ACDD53D94A_1_105_c.jpeg"
    ],
    "ultima_modificacion": "2025-08-01 01:01:00.230325"
  },
  "9947a47c33ff4c9d82a4f82f6b583c0b1105c.jpeg": {
    "app_sintetizada": "9947A47C33FF4C9D82A4F82F6B583C0B1105C.JPEG",
    "cantidad_archivos": 1,
    "archivos_fuente": [
      "Pictures/Fototeca de Fotos.photoslibrary/resources/derivatives/9/9947A47C-33FF-4C9D-82A4-F82F6B583C0B_1_105_c.jpeg"
    ],
    "ultima_modificacion": "2025-08-01 01:01:00.230504"
  },
  "9a92ffc136564200b393b5324111db061105c.jpeg": {
    "app_sintetizada": "9A92FFC136564200B393B5324111DB061105C.JPEG",
    "cantidad_archivos": 1,
    "archivos_fuente": [
      "Pictures/Fototeca de Fotos.photoslibrary/resources/derivatives/9/9A92FFC1-3656-4200-B393-B5324111DB06_1_105_c.jpeg"
    ],
    "ultima_modificacion": "2025-08-01 01:01:00.230683"
  },
  "9229a3219a81411e9299be129d94847d1105c.jpeg": {
    "app_sintetizada": "9229A3219A81411E9299BE129D94847D1105C.JPEG",
    "cantidad_archivos": 1,
    "archivos_fuente": [
      "Pictures/Fototeca de Fotos.photoslibrary/resources/derivatives/9/9229A321-9A81-411E-9299-BE129D94847D_1_105_c.jpeg"
    ],
    "ultima_modificacion": "2025-08-01 01:01:00.230852"
  },
  "9743f9425ce1485c97af920a09deeff21105c.jpeg": {
    "app_sintetizada": "9743F9425CE1485C97AF920A09DEEFF21105C.JPEG",
    "cantidad_archivos": 1,
    "archivos_fuente": [
      "Pictures/Fototeca de Fotos.photoslibrary/resources/derivatives/9/9743F942-5CE1-485C-97AF-920A09DEEFF2_1_105_c.jpeg"
    ],
    "ultima_modificacion": "2025-08-01 01:01:00.231019"
  },
  "9ddb7465d359477682a8298b5e22f9a31105c.jpeg": {
    "app_sintetizada": "9DDB7465D359477682A8298B5E22F9A31105C.JPEG",
    "cantidad_archivos": 1,
    "archivos_fuente": [
      "Pictures/Fototeca de Fotos.photoslibrary/resources/derivatives/9/9DDB7465-D359-4776-82A8-298B5E22F9A3_1_105_c.jpeg"
    ],
    "ultima_modificacion": "2025-08-01 01:01:00.231193"
  },
  "942667cfbcef434a9e3a4a593f15102a1105c.jpeg": {
    "app_sintetizada": "942667CFBCEF434A9E3A4A593F15102A1105C.JPEG",
    "cantidad_archivos": 1,
    "archivos_fuente": [
      "Pictures/Fototeca de Fotos.photoslibrary/resources/derivatives/9/942667CF-BCEF-434A-9E3A-4A593F15102A_1_105_c.jpeg"
    ],
    "ultima_modificacion": "2025-08-01 01:01:00.231360"
  },
  "9bdc6acd15ed4b1db9902fe007f8e7151105c.jpeg": {
    "app_sintetizada": "9BDC6ACD15ED4B1DB9902FE007F8E7151105C.JPEG",
    "cantidad_archivos": 1,
    "archivos_fuente": [
      "Pictures/Fototeca de Fotos.photoslibrary/resources/derivatives/9/9BDC6ACD-15ED-4B1D-B990-2FE007F8E715_1_105_c.jpeg"
    ],
    "ultima_modificacion": "2025-08-01 01:01:00.231542"
  },
  "90c1836d30ff4a229c56706cf6247f3c1105c.jpeg": {
    "app_sintetizada": "90C1836D30FF4A229C56706CF6247F3C1105C.JPEG",
    "cantidad_archivos": 1,
    "archivos_fuente": [
      "Pictures/Fototeca de Fotos.photoslibrary/resources/derivatives/9/90C1836D-30FF-4A22-9C56-706CF6247F3C_1_105_c.jpeg"
    ],
    "ultima_modificacion": "2025-08-01 01:01:00.231721"
  },
  "91d06efd2bb4414e82bb8090cbd848bf1105c.jpeg": {
    "app_sintetizada": "91D06EFD2BB4414E82BB8090CBD848BF1105C.JPEG",
    "cantidad_archivos": 1,
    "archivos_fuente": [
      "Pictures/Fototeca de Fotos.photoslibrary/resources/derivatives/9/91D06EFD-2BB4-414E-82BB-8090CBD848BF_1_105_c.jpeg"
    ],
    "ultima_modificacion": "2025-08-01 01:01:00.231954"
  },
  "9dac301809d54fc2b05e3a48fc4e8bc01105c.jpeg": {
    "app_sintetizada": "9DAC301809D54FC2B05E3A48FC4E8BC01105C.JPEG",
    "cantidad_archivos": 1,
    "archivos_fuente": [
      "Pictures/Fototeca de Fotos.photoslibrary/resources/derivatives/9/9DAC3018-09D5-4FC2-B05E-3A48FC4E8BC0_1_105_c.jpeg"
    ],
    "ultima_modificacion": "2025-08-01 01:01:00.232233"
  },
  "9f559dde93604a758f60a0d078cba4131105c.jpeg": {
    "app_sintetizada": "9F559DDE93604A758F60A0D078CBA4131105C.JPEG",
    "cantidad_archivos": 1,
    "archivos_fuente": [
      "Pictures/Fototeca de Fotos.photoslibrary/resources/derivatives/9/9F559DDE-9360-4A75-8F60-A0D078CBA413_1_105_c.jpeg"
    ],
    "ultima_modificacion": "2025-08-01 01:01:00.232510"
  },
  "93ec285af47c452fb1f97876c9829b541105c.jpeg": {
    "app_sintetizada": "93EC285AF47C452FB1F97876C9829B541105C.JPEG",
    "cantidad_archivos": 1,
    "archivos_fuente": [
      "Pictures/Fototeca de Fotos.photoslibrary/resources/derivatives/9/93EC285A-F47C-452F-B1F9-7876C9829B54_1_105_c.jpeg"
    ],
    "ultima_modificacion": "2025-08-01 01:01:00.232734"
  },
  "9166f3dc185a4650b595cb3238262aea1105c.jpeg": {
    "app_sintetizada": "9166F3DC185A4650B595CB3238262AEA1105C.JPEG",
    "cantidad_archivos": 1,
    "archivos_fuente": [
      "Pictures/Fototeca de Fotos.photoslibrary/resources/derivatives/9/9166F3DC-185A-4650-B595-CB3238262AEA_1_105_c.jpeg"
    ],
    "ultima_modificacion": "2025-08-01 01:01:00.233043"
  },
  "973903861e4c4155b31a76c20323d82b1100o.jpeg": {
    "app_sintetizada": "973903861E4C4155B31A76C20323D82B1100O.JPEG",
    "cantidad_archivos": 1,
    "archivos_fuente": [
      "Pictures/Fototeca de Fotos.photoslibrary/resources/derivatives/9/97390386-1E4C-4155-B31A-76C20323D82B_1_100_o.jpeg"
    ],
    "ultima_modificacion": "2025-08-01 01:01:00.233346"
  },
  "984fb7d1231a4dd4943b3cec5bb928db1105c.jpeg": {
    "app_sintetizada": "984FB7D1231A4DD4943B3CEC5BB928DB1105C.JPEG",
    "cantidad_archivos": 1,
    "archivos_fuente": [
      "Pictures/Fototeca de Fotos.photoslibrary/resources/derivatives/9/984FB7D1-231A-4DD4-943B-3CEC5BB928DB_1_105_c.jpeg"
    ],
    "ultima_modificacion": "2025-08-01 01:01:00.233624"
  },
  "95f3690fe81141f9b5d14ada1154b01a1105c.jpeg": {
    "app_sintetizada": "95F3690FE81141F9B5D14ADA1154B01A1105C.JPEG",
    "cantidad_archivos": 1,
    "archivos_fuente": [
      "Pictures/Fototeca de Fotos.photoslibrary/resources/derivatives/9/95F3690F-E811-41F9-B5D1-4ADA1154B01A_1_105_c.jpeg"
    ],
    "ultima_modificacion": "2025-08-01 01:01:00.233830"
  },
  "908c2c7769944524bbfcd10c5da325fb.thm": {
    "app_sintetizada": "908C2C7769944524BBFCD10C5DA325FB.THM",
    "cantidad_archivos": 1,
    "archivos_fuente": [
      "Pictures/Fototeca de Fotos.photoslibrary/resources/derivatives/9/908C2C77-6994-4524-BBFC-D10C5DA325FB.THM"
    ],
    "ultima_modificacion": "2025-08-01 01:01:00.234042"
  },
  "985395bf3c5445d394571ca0653216761105c.jpeg": {
    "app_sintetizada": "985395BF3C5445D394571CA0653216761105C.JPEG",
    "cantidad_archivos": 1,
    "archivos_fuente": [
      "Pictures/Fototeca de Fotos.photoslibrary/resources/derivatives/9/985395BF-3C54-45D3-9457-1CA065321676_1_105_c.jpeg"
    ],
    "ultima_modificacion": "2025-08-01 01:01:00.234248"
  },
  "93f1eba0b0a248f2a5c0b38a9c9109cf1105c.jpeg": {
    "app_sintetizada": "93F1EBA0B0A248F2A5C0B38A9C9109CF1105C.JPEG",
    "cantidad_archivos": 1,
    "archivos_fuente": [
      "Pictures/Fototeca de Fotos.photoslibrary/resources/derivatives/9/93F1EBA0-B0A2-48F2-A5C0-B38A9C9109CF_1_105_c.jpeg"
    ],
    "ultima_modificacion": "2025-08-01 01:01:00.234510"
  },
  "9e167c8c17104420b66ec97be9a3832b1105c.jpeg": {
    "app_sintetizada": "9E167C8C17104420B66EC97BE9A3832B1105C.JPEG",
    "cantidad_archivos": 1,
    "archivos_fuente": [
      "Pictures/Fototeca de Fotos.photoslibrary/resources/derivatives/9/9E167C8C-1710-4420-B66E-C97BE9A3832B_1_105_c.jpeg"
    ],
    "ultima_modificacion": "2025-08-01 01:01:00.234793"
  },
  "9a05106175ab45fb855223ab05036bd91105c.jpeg": {
    "app_sintetizada": "9A05106175AB45FB855223AB05036BD91105C.JPEG",
    "cantidad_archivos": 1,
    "archivos_fuente": [
      "Pictures/Fototeca de Fotos.photoslibrary/resources/derivatives/9/9A051061-75AB-45FB-8552-23AB05036BD9_1_105_c.jpeg"
    ],
    "ultima_modificacion": "2025-08-01 01:01:00.235012"
  },
  "99257c471bb94b8f891afedf7abc5b231105c.jpeg": {
    "app_sintetizada": "99257C471BB94B8F891AFEDF7ABC5B231105C.JPEG",
    "cantidad_archivos": 1,
    "archivos_fuente": [
      "Pictures/Fototeca de Fotos.photoslibrary/resources/derivatives/9/99257C47-1BB9-4B8F-891A-FEDF7ABC5B23_1_105_c.jpeg"
    ],
    "ultima_modificacion": "2025-08-01 01:01:00.235264"
  },
  "9c6781e41d9b4424ae0433bc78a8ecb71105c.jpeg": {
    "app_sintetizada": "9C6781E41D9B4424AE0433BC78A8ECB71105C.JPEG",
    "cantidad_archivos": 1,
    "archivos_fuente": [
      "Pictures/Fototeca de Fotos.photoslibrary/resources/derivatives/9/9C6781E4-1D9B-4424-AE04-33BC78A8ECB7_1_105_c.jpeg"
    ],
    "ultima_modificacion": "2025-08-01 01:01:00.235473"
  },
  "968794f0c53246a5be0fd109ec4296711105c.jpeg": {
    "app_sintetizada": "968794F0C53246A5BE0FD109EC4296711105C.JPEG",
    "cantidad_archivos": 1,
    "archivos_fuente": [
      "Pictures/Fototeca de Fotos.photoslibrary/resources/derivatives/9/968794F0-C532-46A5-BE0F-D109EC429671_1_105_c.jpeg"
    ],
    "ultima_modificacion": "2025-08-01 01:01:00.235729"
  },
  "99e04eaa1e2c406f99f0c5eaf5723aac1105c.jpeg": {
    "app_sintetizada": "99E04EAA1E2C406F99F0C5EAF5723AAC1105C.JPEG",
    "cantidad_archivos": 1,
    "archivos_fuente": [
      "Pictures/Fototeca de Fotos.photoslibrary/resources/derivatives/9/99E04EAA-1E2C-406F-99F0-C5EAF5723AAC_1_105_c.jpeg"
    ],
    "ultima_modificacion": "2025-08-01 01:01:00.236000"
  },
  "971e5586411f461999857621b8a51d611105c.jpeg": {
    "app_sintetizada": "971E5586411F461999857621B8A51D611105C.JPEG",
    "cantidad_archivos": 1,
    "archivos_fuente": [
      "Pictures/Fototeca de Fotos.photoslibrary/resources/derivatives/9/971E5586-411F-4619-9985-7621B8A51D61_1_105_c.jpeg"
    ],
    "ultima_modificacion": "2025-08-01 01:01:00.236274"
  }
}