{
  "99ef2b565d2048b58cd38014211bcce31105c.jpeg": {
    "app_sintetizada": "99EF2B565D2048B58CD38014211BCCE31105C.JPEG",
    "cantidad_archivos": 1,
    "archivos_fuente": [
      "Pictures/Fototeca de Fotos.photoslibrary/resources/derivatives/9/99EF2B56-5D20-48B5-8CD3-8014211BCCE3_1_105_c.jpeg"
    ],
    "ultima_modificacion": "2025-08-01 01:01:00.292974"
  },
  "9d33021061364f4fa9d6339ee7bab5cb1105c.jpeg": {
    "app_sintetizada": "9D33021061364F4FA9D6339EE7BAB5CB1105C.JPEG",
    "cantidad_archivos": 1,
    "archivos_fuente": [
      "Pictures/Fototeca de Fotos.photoslibrary/resources/derivatives/9/9D330210-6136-4F4F-A9D6-339EE7BAB5CB_1_105_c.jpeg"
    ],
    "ultima_modificacion": "2025-08-01 01:01:00.293293"
  },
  "95d078bdd5494989bdb40a4b513376411105c.jpeg": {
    "app_sintetizada": "95D078BDD5494989BDB40A4B513376411105C.JPEG",
    "cantidad_archivos": 1,
    "archivos_fuente": [
      "Pictures/Fototeca de Fotos.photoslibrary/resources/derivatives/9/95D078BD-D549-4989-BDB4-0A4B51337641_1_105_c.jpeg"
    ],
    "ultima_modificacion": "2025-08-01 01:01:00.293619"
  },
  "9705c35762334f088929982881f555da1105c.jpeg": {
    "app_sintetizada": "9705C35762334F088929982881F555DA1105C.JPEG",
    "cantidad_archivos": 1,
    "archivos_fuente": [
      "Pictures/Fototeca de Fotos.photoslibrary/resources/derivatives/9/9705C357-6233-4F08-8929-982881F555DA_1_105_c.jpeg"
    ],
    "ultima_modificacion": "2025-08-01 01:01:00.293970"
  },
  "9973386af70746daa6c21d264eac9b8a1105c.jpeg": {
    "app_sintetizada": "9973386AF70746DAA6C21D264EAC9B8A1105C.JPEG",
    "cantidad_archivos": 1,
    "archivos_fuente": [
      "Pictures/Fototeca de Fotos.photoslibrary/resources/derivatives/9/9973386A-F707-46DA-A6C2-1D264EAC9B8A_1_105_c.jpeg"
    ],
    "ultima_modificacion": "2025-08-01 01:01:00.294379"
  },
  "9ae7130fd0cc42758564b1ec9f86e37b1105c.jpeg": {
    "app_sintetizada": "9AE7130FD0CC42758564B1EC9F86E37B1105C.JPEG",
    "cantidad_archivos": 1,
    "archivos_fuente": [
      "Pictures/Fototeca de Fotos.photoslibrary/resources/derivatives/9/9AE7130F-D0CC-4275-8564-B1EC9F86E37B_1_105_c.jpeg"
    ],
    "ultima_modificacion": "2025-08-01 01:01:00.294724"
  },
  "96620b3c48d946c69bf18e3ca0fc5d411105c.jpeg": {
    "app_sintetizada": "96620B3C48D946C69BF18E3CA0FC5D411105C.JPEG",
    "cantidad_archivos": 1,
    "archivos_fuente": [
      "Pictures/Fototeca de Fotos.photoslibrary/resources/derivatives/9/96620B3C-48D9-46C6-9BF1-8E3CA0FC5D41_1_105_c.jpeg"
    ],
    "ultima_modificacion": "2025-08-01 01:01:00.295044"
  },
  "9cbe54d6a3bf4a11952e4210a743761a1105c.jpeg": {
    "app_sintetizada": "9CBE54D6A3BF4A11952E4210A743761A1105C.JPEG",
    "cantidad_archivos": 1,
    "archivos_fuente": [
      "Pictures/Fototeca de Fotos.photoslibrary/resources/derivatives/9/9CBE54D6-A3BF-4A11-952E-4210A743761A_1_105_c.jpeg"
    ],
    "ultima_modificacion": "2025-08-01 01:01:00.295822"
  },
  "9c03c7b430a04ec3a258c93fb6d87c2a1105c.jpeg": {
    "app_sintetizada": "9C03C7B430A04EC3A258C93FB6D87C2A1105C.JPEG",
    "cantidad_archivos": 1,
    "archivos_fuente": [
      "Pictures/Fototeca de Fotos.photoslibrary/resources/derivatives/9/9C03C7B4-30A0-4EC3-A258-C93FB6D87C2A_1_105_c.jpeg"
    ],
    "ultima_modificacion": "2025-08-01 01:01:00.296293"
  },
  "9852eb1531a94e30a2159d604d8a873c1105c.jpeg": {
    "app_sintetizada": "9852EB1531A94E30A2159D604D8A873C1105C.JPEG",
    "cantidad_archivos": 1,
    "archivos_fuente": [
      "Pictures/Fototeca de Fotos.photoslibrary/resources/derivatives/9/9852EB15-31A9-4E30-A215-9D604D8A873C_1_105_c.jpeg"
    ],
    "ultima_modificacion": "2025-08-01 01:01:00.296666"
  },
  "9f14408efcf94f86b87f5ab9d19e398c1105c.jpeg": {
    "app_sintetizada": "9F14408EFCF94F86B87F5AB9D19E398C1105C.JPEG",
    "cantidad_archivos": 1,
    "archivos_fuente": [
      "Pictures/Fototeca de Fotos.photoslibrary/resources/derivatives/9/9F14408E-FCF9-4F86-B87F-5AB9D19E398C_1_105_c.jpeg"
    ],
    "ultima_modificacion": "2025-08-01 01:01:00.296980"
  },
  "9abc5d7f492842558a8a49f5b72855a41105c.jpeg": {
    "app_sintetizada": "9ABC5D7F492842558A8A49F5B72855A41105C.JPEG",
    "cantidad_archivos": 1,
    "archivos_fuente": [
      "Pictures/Fototeca de Fotos.photoslibrary/resources/derivatives/9/9ABC5D7F-4928-4255-8A8A-49F5B72855A4_1_105_c.jpeg"
    ],
    "ultima_modificacion": "2025-08-01 01:01:00.297335"
  },
  "9c84c7897956430ca5a6c54f528c3dbe1105c.jpeg": {
    "app_sintetizada": "9C84C7897956430CA5A6C54F528C3DBE1105C.JPEG",
    "cantidad_archivos": 1,
    "archivos_fuente": [
      "Pictures/Fototeca de Fotos.photoslibrary/resources/derivatives/9/9C84C789-7956-430C-A5A6-C54F528C3DBE_1_105_c.jpeg"
    ],
    "ultima_modificacion": "2025-08-01 01:01:00.297662"
  },
  "933fde22a905404899ea40c80a21ac5e1105c.jpeg": {
    "app_sintetizada": "933FDE22A905404899EA40C80A21AC5E1105C.JPEG",
    "cantidad_archivos": 1,
    "archivos_fuente": [
      "Pictures/Fototeca de Fotos.photoslibrary/resources/derivatives/9/933FDE22-A905-4048-99EA-40C80A21AC5E_1_105_c.jpeg"
    ],
    "ultima_modificacion": "2025-08-01 01:01:00.297975"
  },
  "950d8acfef914572befeb0f1321f4d541105c.jpeg": {
    "app_sintetizada": "950D8ACFEF914572BEFEB0F1321F4D541105C.JPEG",
    "cantidad_archivos": 1,
    "archivos_fuente": [
      "Pictures/Fototeca de Fotos.photoslibrary/resources/derivatives/9/950D8ACF-EF91-4572-BEFE-B0F1321F4D54_1_105_c.jpeg"
    ],
    "ultima_modificacion": "2025-08-01 01:01:00.298281"
  },
  "9db82b33c6c242329aff6c6f9ea6ff601105c.jpeg": {
    "app_sintetizada": "9DB82B33C6C242329AFF6C6F9EA6FF601105C.JPEG",
    "cantidad_archivos": 1,
    "archivos_fuente": [
      "Pictures/Fototeca de Fotos.photoslibrary/resources/derivatives/9/9DB82B33-C6C2-4232-9AFF-6C6F9EA6FF60_1_105_c.jpeg"
    ],
    "ultima_modificacion": "2025-08-01 01:01:00.298597"
  },
  "9bc7cef5615b4a8a948d27c09f38b1661105c.jpeg": {
    "app_sintetizada": "9BC7CEF5615B4A8A948D27C09F38B1661105C.JPEG",
    "cantidad_archivos": 1,
    "archivos_fuente": [
      "Pictures/Fototeca de Fotos.photoslibrary/resources/derivatives/9/9BC7CEF5-615B-4A8A-948D-27C09F38B166_1_105_c.jpeg"
    ],
    "ultima_modificacion": "2025-08-01 01:01:00.298900"
  },
  "9a6e56470cff49fdad75d53f9d4815201105c.jpeg": {
    "app_sintetizada": "9A6E56470CFF49FDAD75D53F9D4815201105C.JPEG",
    "cantidad_archivos": 1,
    "archivos_fuente": [
      "Pictures/Fototeca de Fotos.photoslibrary/resources/derivatives/9/9A6E5647-0CFF-49FD-AD75-D53F9D481520_1_105_c.jpeg"
    ],
    "ultima_modificacion": "2025-08-01 01:01:00.299179"
  },
  "9e37dea7d77042529f312839db39a94d1105c.jpeg": {
    "app_sintetizada": "9E37DEA7D77042529F312839DB39A94D1105C.JPEG",
    "cantidad_archivos": 1,
    "archivos_fuente": [
      "Pictures/Fototeca de Fotos.photoslibrary/resources/derivatives/9/9E37DEA7-D770-4252-9F31-2839DB39A94D_1_105_c.jpeg"
    ],
    "ultima_modificacion": "2025-08-01 01:01:00.299472"
  },
  "96df436f10714516b79223ebe562ebc6.thm": {
    "app_sintetizada": "96DF436F10714516B79223EBE562EBC6.THM",
    "cantidad_archivos": 1,
    "archivos_fuente": [
      "Pictures/Fototeca de Fotos.photoslibrary/resources/derivatives/9/96DF436F-1071-4516-B792-23EBE562EBC6.THM"
    ],
    "ultima_modificacion": "2025-08-01 01:01:00.299790"
  },
  "9ec659d0cd0547a0b0eca9b761c61f911105c.jpeg": {
    "app_sintetizada": "9EC659D0CD0547A0B0ECA9B761C61F911105C.JPEG",
    "cantidad_archivos": 1,
    "archivos_fuente": [
      "Pictures/Fototeca de Fotos.photoslibrary/resources/derivatives/9/9EC659D0-CD05-47A0-B0EC-A9B761C61F91_1_105_c.jpeg"
    ],
    "ultima_modificacion": "2025-08-01 01:01:00.300066"
  },
  "97acb38f02d04c51a2e3c9ca2d32715a1105c.jpeg": {
    "app_sintetizada": "97ACB38F02D04C51A2E3C9CA2D32715A1105C.JPEG",
    "cantidad_archivos": 1,
    "archivos_fuente": [
      "Pictures/Fototeca de Fotos.photoslibrary/resources/derivatives/9/97ACB38F-02D0-4C51-A2E3-C9CA2D32715A_1_105_c.jpeg"
    ],
    "ultima_modificacion": "2025-08-01 01:01:00.300379"
  },
  "9e34028297164599b1ccf351420f2e011102o.jpeg": {
    "app_sintetizada": "9E34028297164599B1CCF351420F2E011102O.JPEG",
    "cantidad_archivos": 1,
    "archivos_fuente": [
      "Pictures/Fototeca de Fotos.photoslibrary/resources/derivatives/9/9E340282-9716-4599-B1CC-F351420F2E01_1_102_o.jpeg"
    ],
    "ultima_modificacion": "2025-08-01 01:01:00.300683"
  },
  "91c04d20e20843c6a6b39b11cb57936a1105c.jpeg": {
    "app_sintetizada": "91C04D20E20843C6A6B39B11CB57936A1105C.JPEG",
    "cantidad_archivos": 1,
    "archivos_fuente": [
      "Pictures/Fototeca de Fotos.photoslibrary/resources/derivatives/9/91C04D20-E208-43C6-A6B3-9B11CB57936A_1_105_c.jpeg"
    ],
    "ultima_modificacion": "2025-08-01 01:01:00.300984"
  },
  "97570dff87da46e58a608aa69645b6f91105c.jpeg": {
    "app_sintetizada": "97570DFF87DA46E58A608AA69645B6F91105C.JPEG",
    "cantidad_archivos": 1,
    "archivos_fuente": [
      "Pictures/Fototeca de Fotos.photoslibrary/resources/derivatives/9/97570DFF-87DA-46E5-8A60-8AA69645B6F9_1_105_c.jpeg"
    ],
    "ultima_modificacion": "2025-08-01 01:01:00.301283"
  },
  "9d55c0e47ba0446d99ee06e0f3f69f241105c.jpeg": {
    "app_sintetizada": "9D55C0E47BA0446D99EE06E0F3F69F241105C.JPEG",
    "cantidad_archivos": 1,
    "archivos_fuente": [
      "Pictures/Fototeca de Fotos.photoslibrary/resources/derivatives/9/9D55C0E4-7BA0-446D-99EE-06E0F3F69F24_1_105_c.jpeg"
    ],
    "ultima_modificacion": "2025-08-01 01:01:00.301586"
  },
  "9db2c1de7fb440b4ac1bbde5762ab5d01105c.jpeg": {
    "app_sintetizada": "9DB2C1DE7FB440B4AC1BBDE5762AB5D01105C.JPEG",
    "cantidad_archivos": 1,
    "archivos_fuente": [
      "Pictures/Fototeca de Fotos.photoslibrary/resources/derivatives/9/9DB2C1DE-7FB4-40B4-AC1B-BDE5762AB5D0_1_105_c.jpeg"
    ],
    "ultima_modificacion": "2025-08-01 01:01:00.301880"
  },
  "9b39f3ef59a14b2588f38eebcaecc9061105c.jpeg": {
    "app_sintetizada": "9B39F3EF59A14B2588F38EEBCAECC9061105C.JPEG",
    "cantidad_archivos": 1,
    "archivos_fuente": [
      "Pictures/Fototeca de Fotos.photoslibrary/resources/derivatives/9/9B39F3EF-59A1-4B25-88F3-8EEBCAECC906_1_105_c.jpeg"
    ],
    "ultima_modificacion": "2025-08-01 01:01:00.302213"
  },
  "99705128c1704ed68ef1123e174edc5e1105c.jpeg": {
    "app_sintetizada": "99705128C1704ED68EF1123E174EDC5E1105C.JPEG",
    "cantidad_archivos": 1,
    "archivos_fuente": [
      "Pictures/Fototeca de Fotos.photoslibrary/resources/derivatives/9/99705128-C170-4ED6-8EF1-123E174EDC5E_1_105_c.jpeg"
    ],
    "ultima_modificacion": "2025-08-01 01:01:00.302532"
  },
  "901ab7b1b60146a6af118fe0bf55bd711105c.jpeg": {
    "app_sintetizada": "901AB7B1B60146A6AF118FE0BF55BD711105C.JPEG",
    "cantidad_archivos": 1,
    "archivos_fuente": [
      "Pictures/Fototeca de Fotos.photoslibrary/resources/derivatives/9/901AB7B1-B601-46A6-AF11-8FE0BF55BD71_1_105_c.jpeg"
    ],
    "ultima_modificacion": "2025-08-01 01:01:00.302834"
  },
  "9dd9f45bd7614b4299f7c203cd8ff9d91105c.jpeg": {
    "app_sintetizada": "9DD9F45BD7614B4299F7C203CD8FF9D91105C.JPEG",
    "cantidad_archivos": 1,
    "archivos_fuente": [
      "Pictures/Fototeca de Fotos.photoslibrary/resources/derivatives/9/9DD9F45B-D761-4B42-99F7-C203CD8FF9D9_1_105_c.jpeg"
    ],
    "ultima_modificacion": "2025-08-01 01:01:00.303140"
  },
  "94630c954954413e88b80b86252b08971105c.jpeg": {
    "app_sintetizada": "94630C954954413E88B80B86252B08971105C.JPEG",
    "cantidad_archivos": 1,
    "archivos_fuente": [
      "Pictures/Fototeca de Fotos.photoslibrary/resources/derivatives/9/94630C95-4954-413E-88B8-0B86252B0897_1_105_c.jpeg"
    ],
    "ultima_modificacion": "2025-08-01 01:01:00.303434"
  },
  "96f38fd8093e49f5be335a5c6705d6e5.thm": {
    "app_sintetizada": "96F38FD8093E49F5BE335A5C6705D6E5.THM",
    "cantidad_archivos": 1,
    "archivos_fuente": [
      "Pictures/Fototeca de Fotos.photoslibrary/resources/derivatives/9/96F38FD8-093E-49F5-BE33-5A5C6705D6E5.THM"
    ],
    "ultima_modificacion": "2025-08-01 01:01:00.303731"
  },
  "9b9b93b0dd9f471593a551bfcb1b474a1105c.jpeg": {
    "app_sintetizada": "9B9B93B0DD9F471593A551BFCB1B474A1105C.JPEG",
    "cantidad_archivos": 1,
    "archivos_fuente": [
      "Pictures/Fototeca de Fotos.photoslibrary/resources/derivatives/9/9B9B93B0-DD9F-4715-93A5-51BFCB1B474A_1_105_c.jpeg"
    ],
    "ultima_modificacion": "2025-08-01 01:01:00.304015"
  },
  "96be2b4dddc84157bdb071a0e5c685d61105c.jpeg": {
    "app_sintetizada": "96BE2B4DDDC84157BDB071A0E5C685D61105C.JPEG",
    "cantidad_archivos": 1,
    "archivos_fuente": [
      "Pictures/Fototeca de Fotos.photoslibrary/resources/derivatives/9/96BE2B4D-DDC8-4157-BDB0-71A0E5C685D6_1_105_c.jpeg"
    ],
    "ultima_modificacion": "2025-08-01 01:01:00.304362"
  },
  "94b6b29861e24096bd447010508fdae71105c.jpeg": {
    "app_sintetizada": "94B6B29861E24096BD447010508FDAE71105C.JPEG",
    "cantidad_archivos": 1,
    "archivos_fuente": [
      "Pictures/Fototeca de Fotos.photoslibrary/resources/derivatives/9/94B6B298-61E2-4096-BD44-7010508FDAE7_1_105_c.jpeg"
    ],
    "ultima_modificacion": "2025-08-01 01:01:00.304675"
  },
  "95c1f74eea4741c28105ca93d7f29c76.thm": {
    "app_sintetizada": "95C1F74EEA4741C28105CA93D7F29C76.THM",
    "cantidad_archivos": 1,
    "archivos_fuente": [
      "Pictures/Fototeca de Fotos.photoslibrary/resources/derivatives/9/95C1F74E-EA47-41C2-8105-CA93D7F29C76.THM"
    ],
    "ultima_modificacion": "2025-08-01 01:01:00.304997"
  },
  "99028c870399458f843cb1016d3166fa1105c.jpeg": {
    "app_sintetizada": "99028C870399458F843CB1016D3166FA1105C.JPEG",
    "cantidad_archivos": 1,
    "archivos_fuente": [
      "Pictures/Fototeca de Fotos.photoslibrary/resources/derivatives/9/99028C87-0399-458F-843C-B1016D3166FA_1_105_c.jpeg"
    ],
    "ultima_modificacion": "2025-08-01 01:01:00.305305"
  },
  "953833d77045484bb6a69e06138e05f9.thm": {
    "app_sintetizada": "953833D77045484BB6A69E06138E05F9.THM",
    "cantidad_archivos": 1,
    "archivos_fuente": [
      "Pictures/Fototeca de Fotos.photoslibrary/resources/derivatives/9/953833D7-7045-484B-B6A6-9E06138E05F9.THM"
    ],
    "ultima_modificacion": "2025-08-01 01:01:00.305642"
  },
  "94b99c978d7b44e4a886dfb65434c5ae1105c.jpeg": {
    "app_sintetizada": "94B99C978D7B44E4A886DFB65434C5AE1105C.JPEG",
    "cantidad_archivos": 1,
    "archivos_fuente": [
      "Pictures/Fototeca de Fotos.photoslibrary/resources/derivatives/9/94B99C97-8D7B-44E4-A886-DFB65434C5AE_1_105_c.jpeg"
    ],
    "ultima_modificacion": "2025-08-01 01:01:00.306023"
  },
  "920dfa5a1fd2475bafad3e37231b66c21105c.jpeg": {
    "app_sintetizada": "920DFA5A1FD2475BAFAD3E37231B66C21105C.JPEG",
    "cantidad_archivos": 1,
    "archivos_fuente": [
      "Pictures/Fototeca de Fotos.photoslibrary/resources/derivatives/9/920DFA5A-1FD2-475B-AFAD-3E37231B66C2_1_105_c.jpeg"
    ],
    "ultima_modificacion": "2025-08-01 01:01:00.306335"
  },
  "919418b10b304b3f9c2abbb38a028d8b1105c.jpeg": {
    "app_sintetizada": "919418B10B304B3F9C2ABBB38A028D8B1105C.JPEG",
    "cantidad_archivos": 1,
    "archivos_fuente": [
      "Pictures/Fototeca de Fotos.photoslibrary/resources/derivatives/9/919418B1-0B30-4B3F-9C2A-BBB38A028D8B_1_105_c.jpeg"
    ],
    "ultima_modificacion": "2025-08-01 01:01:00.306717"
  },
  "956d5ab6fd6f4021a60e27992a6005d71105c.jpeg": {
    "app_sintetizada": "956D5AB6FD6F4021A60E27992A6005D71105C.JPEG",
    "cantidad_archivos": 1,
    "archivos_fuente": [
      "Pictures/Fototeca de Fotos.photoslibrary/resources/derivatives/9/956D5AB6-FD6F-4021-A60E-27992A6005D7_1_105_c.jpeg"
    ],
    "ultima_modificacion": "2025-08-01 01:01:00.307028"
  },
  "97590431e1a24efb848f078ed47056211105c.jpeg": {
    "app_sintetizada": "97590431E1A24EFB848F078ED47056211105C.JPEG",
    "cantidad_archivos": 1,
    "archivos_fuente": [
      "Pictures/Fototeca de Fotos.photoslibrary/resources/derivatives/9/97590431-E1A2-4EFB-848F-078ED4705621_1_105_c.jpeg"
    ],
    "ultima_modificacion": "2025-08-01 01:01:00.307327"
  },
  "921cce9721b94588b8f5b669402f0fde1105c.jpeg": {
    "app_sintetizada": "921CCE9721B94588B8F5B669402F0FDE1105C.JPEG",
    "cantidad_archivos": 1,
    "archivos_fuente": [
      "Pictures/Fototeca de Fotos.photoslibrary/resources/derivatives/9/921CCE97-21B9-4588-B8F5-B669402F0FDE_1_105_c.jpeg"
    ],
    "ultima_modificacion": "2025-08-01 01:01:00.307648"
  },
  "96d1808e761f49ad97c4a9c8e48788fa1105c.jpeg": {
    "app_sintetizada": "96D1808E761F49AD97C4A9C8E48788FA1105C.JPEG",
    "cantidad_archivos": 1,
    "archivos_fuente": [
      "Pictures/Fototeca de Fotos.photoslibrary/resources/derivatives/9/96D1808E-761F-49AD-97C4-A9C8E48788FA_1_105_c.jpeg"
    ],
    "ultima_modificacion": "2025-08-01 01:01:00.307976"
  },
  "9bdf7168410b4026ab36fa4e130e11941105c.jpeg": {
    "app_sintetizada": "9BDF7168410B4026AB36FA4E130E11941105C.JPEG",
    "cantidad_archivos": 1,
    "archivos_fuente": [
      "Pictures/Fototeca de Fotos.photoslibrary/resources/derivatives/9/9BDF7168-410B-4026-AB36-FA4E130E1194_1_105_c.jpeg"
    ],
    "ultima_modificacion": "2025-08-01 01:01:00.308307"
  },
  "9b40f4c1770040a1815bd7860c2550671102o.jpeg": {
    "app_sintetizada": "9B40F4C1770040A1815BD7860C2550671102O.JPEG",
    "cantidad_archivos": 1,
    "archivos_fuente": [
      "Pictures/Fototeca de Fotos.photoslibrary/resources/derivatives/9/9B40F4C1-7700-40A1-815B-D7860C255067_1_102_o.jpeg"
    ],
    "ultima_modificacion": "2025-08-01 01:01:00.308634"
  },
  "979a1945b11c4254bbd670ef3512fc001105c.jpeg": {
    "app_sintetizada": "979A1945B11C4254BBD670EF3512FC001105C.JPEG",
    "cantidad_archivos": 1,
    "archivos_fuente": [
      "Pictures/Fototeca de Fotos.photoslibrary/resources/derivatives/9/979A1945-B11C-4254-BBD6-70EF3512FC00_1_105_c.jpeg"
    ],
    "ultima_modificacion": "2025-08-01 01:01:00.308944"
  },
  "9d774167b3114e9590346293452676611105c.jpeg": {
    "app_sintetizada": "9D774167B3114E9590346293452676611105C.JPEG",
    "cantidad_archivos": 1,
    "archivos_fuente": [
      "Pictures/Fototeca de Fotos.photoslibrary/resources/derivatives/9/9D774167-B311-4E95-9034-629345267661_1_105_c.jpeg"
    ],
    "ultima_modificacion": "2025-08-01 01:01:00.309225"
  },
  "979224d5a196421f9dc5327628ed122b1105c.jpeg": {
    "app_sintetizada": "979224D5A196421F9DC5327628ED122B1105C.JPEG",
    "cantidad_archivos": 1,
    "archivos_fuente": [
      "Pictures/Fototeca de Fotos.photoslibrary/resources/derivatives/9/979224D5-A196-421F-9DC5-327628ED122B_1_105_c.jpeg"
    ],
    "ultima_modificacion": "2025-08-01 01:01:00.309537"
  },
  "9ec2b9fa01e4406593c80841f3c348981105c.jpeg": {
    "app_sintetizada": "9EC2B9FA01E4406593C80841F3C348981105C.JPEG",
    "cantidad_archivos": 1,
    "archivos_fuente": [
      "Pictures/Fototeca de Fotos.photoslibrary/resources/derivatives/9/9EC2B9FA-01E4-4065-93C8-0841F3C34898_1_105_c.jpeg"
    ],
    "ultima_modificacion": "2025-08-01 01:01:00.309848"
  },
  "9179562b822c4df9b080823b2bdef6651105c.jpeg": {
    "app_sintetizada": "9179562B822C4DF9B080823B2BDEF6651105C.JPEG",
    "cantidad_archivos": 1,
    "archivos_fuente": [
      "Pictures/Fototeca de Fotos.photoslibrary/resources/derivatives/9/9179562B-822C-4DF9-B080-823B2BDEF665_1_105_c.jpeg"
    ],
    "ultima_modificacion": "2025-08-01 01:01:00.310185"
  },
  "98e2ca50dda44e88937a89f60abc3baf1105c.jpeg": {
    "app_sintetizada": "98E2CA50DDA44E88937A89F60ABC3BAF1105C.JPEG",
    "cantidad_archivos": 1,
    "archivos_fuente": [
      "Pictures/Fototeca de Fotos.photoslibrary/resources/derivatives/9/98E2CA50-DDA4-4E88-937A-89F60ABC3BAF_1_105_c.jpeg"
    ],
    "ultima_modificacion": "2025-08-01 01:01:00.310491"
  },
  "978b84c9541945efb53c1189e93472711102o.jpeg": {
    "app_sintetizada": "978B84C9541945EFB53C1189E93472711102O.JPEG",
    "cantidad_archivos": 1,
    "archivos_fuente": [
      "Pictures/Fototeca de Fotos.photoslibrary/resources/derivatives/9/978B84C9-5419-45EF-B53C-1189E9347271_1_102_o.jpeg"
    ],
    "ultima_modificacion": "2025-08-01 01:01:00.310753"
  },
  "987d07f8bd5841e793a77eb103daed311105c.jpeg": {
    "app_sintetizada": "987D07F8BD5841E793A77EB103DAED311105C.JPEG",
    "cantidad_archivos": 1,
    "archivos_fuente": [
      "Pictures/Fototeca de Fotos.photoslibrary/resources/derivatives/9/987D07F8-BD58-41E7-93A7-7EB103DAED31_1_105_c.jpeg"
    ],
    "ultima_modificacion": "2025-08-01 01:01:00.311001"
  },
  "9bd21088d8194b77b3451c7be8b87fb31105c.jpeg": {
    "app_sintetizada": "9BD21088D8194B77B3451C7BE8B87FB31105C.JPEG",
    "cantidad_archivos": 1,
    "archivos_fuente": [
      "Pictures/Fototeca de Fotos.photoslibrary/resources/derivatives/9/9BD21088-D819-4B77-B345-1C7BE8B87FB3_1_105_c.jpeg"
    ],
    "ultima_modificacion": "2025-08-01 01:01:00.311254"
  },
  "9cea5e3f10ee4ee384ab52a7e9c4dd4b1105c.jpeg": {
    "app_sintetizada": "9CEA5E3F10EE4EE384AB52A7E9C4DD4B1105C.JPEG",
    "cantidad_archivos": 1,
    "archivos_fuente": [
      "Pictures/Fototeca de Fotos.photoslibrary/resources/derivatives/9/9CEA5E3F-10EE-4EE3-84AB-52A7E9C4DD4B_1_105_c.jpeg"
    ],
    "ultima_modificacion": "2025-08-01 01:01:00.311506"
  },
  "968a60f1905e4be89918110bf36570101105c.jpeg": {
    "app_sintetizada": "968A60F1905E4BE89918110BF36570101105C.JPEG",
    "cantidad_archivos": 1,
    "archivos_fuente": [
      "Pictures/Fototeca de Fotos.photoslibrary/resources/derivatives/9/968A60F1-905E-4BE8-9918-110BF3657010_1_105_c.jpeg"
    ],
    "ultima_modificacion": "2025-08-01 01:01:00.311780"
  },
  "9338c41e7f6f4b23ae41ff7f32d20dfe1105c.jpeg": {
    "app_sintetizada": "9338C41E7F6F4B23AE41FF7F32D20DFE1105C.JPEG",
    "cantidad_archivos": 1,
    "archivos_fuente": [
      "Pictures/Fototeca de Fotos.photoslibrary/resources/derivatives/9/9338C41E-7F6F-4B23-AE41-FF7F32D20DFE_1_105_c.jpeg"
    ],
    "ultima_modificacion": "2025-08-01 01:01:00.312112"
  },
  "95b708acd1b548d6809097fdc4f12a321105c.jpeg": {
    "app_sintetizada": "95B708ACD1B548D6809097FDC4F12A321105C.JPEG",
    "cantidad_archivos": 1,
    "archivos_fuente": [
      "Pictures/Fototeca de Fotos.photoslibrary/resources/derivatives/9/95B708AC-D1B5-48D6-8090-97FDC4F12A32_1_105_c.jpeg"
    ],
    "ultima_modificacion": "2025-08-01 01:01:00.312365"
  },
  "97c28385ee2347859de561a7cbaffff61105c.jpeg": {
    "app_sintetizada": "97C28385EE2347859DE561A7CBAFFFF61105C.JPEG",
    "cantidad_archivos": 1,
    "archivos_fuente": [
      "Pictures/Fototeca de Fotos.photoslibrary/resources/derivatives/9/97C28385-EE23-4785-9DE5-61A7CBAFFFF6_1_105_c.jpeg"
    ],
    "ultima_modificacion": "2025-08-01 01:01:00.312733"
  },
  "93a84212e84f4ed4b3527b90a7f0a23b1105c.jpeg": {
    "app_sintetizada": "93A84212E84F4ED4B3527B90A7F0A23B1105C.JPEG",
    "cantidad_archivos": 1,
    "archivos_fuente": [
      "Pictures/Fototeca de Fotos.photoslibrary/resources/derivatives/9/93A84212-E84F-4ED4-B352-7B90A7F0A23B_1_105_c.jpeg"
    ],
    "ultima_modificacion": "2025-08-01 01:01:00.312995"
  },
  "9d997d7a68f249d1948fea15d6d798e91105c.jpeg": {
    "app_sintetizada": "9D997D7A68F249D1948FEA15D6D798E91105C.JPEG",
    "cantidad_archivos": 1,
    "archivos_fuente": [
      "Pictures/Fototeca de Fotos.photoslibrary/resources/derivatives/9/9D997D7A-68F2-49D1-948F-EA15D6D798E9_1_105_c.jpeg"
    ],
    "ultima_modificacion": "2025-08-01 01:01:00.313386"
  },
  "9935f2190ac84e0eb4fe28158c1ffd671105c.jpeg": {
    "app_sintetizada": "9935F2190AC84E0EB4FE28158C1FFD671105C.JPEG",
    "cantidad_archivos": 1,
    "archivos_fuente": [
      "Pictures/Fototeca de Fotos.photoslibrary/resources/derivatives/9/9935F219-0AC8-4E0E-B4FE-28158C1FFD67_1_105_c.jpeg"
    ],
    "ultima_modificacion": "2025-08-01 01:01:00.313642"
  },
  "92044cfcfa62406da03d308d5b8b77c71105c.jpeg": {
    "app_sintetizada": "92044CFCFA62406DA03D308D5B8B77C71105C.JPEG",
    "cantidad_archivos": 1,
    "archivos_fuente": [
      "Pictures/Fototeca de Fotos.photoslibrary/resources/derivatives/9/92044CFC-FA62-406D-A03D-308D5B8B77C7_1_105_c.jpeg"
    ],
    "ultima_modificacion": "2025-08-01 01:01:00.313892"
  },
  "9d02beca03944ded943bdba19c4039371105c.jpeg": {
    "app_sintetizada": "9D02BECA03944DED943BDBA19C4039371105C.JPEG",
    "cantidad_archivos": 1,
    "archivos_fuente": [
      "Pictures/Fototeca de Fotos.photoslibrary/resources/derivatives/9/9D02BECA-0394-4DED-943B-DBA19C403937_1_105_c.jpeg"
    ],
    "ultima_modificacion": "2025-08-01 01:01:00.314146"
  },
  "9ad6b3bb6e244113bd4f9b20e38c6f891105c.jpeg": {
    "app_sintetizada": "9AD6B3BB6E244113BD4F9B20E38C6F891105C.JPEG",
    "cantidad_archivos": 1,
    "archivos_fuente": [
      "Pictures/Fototeca de Fotos.photoslibrary/resources/derivatives/9/9AD6B3BB-6E24-4113-BD4F-9B20E38C6F89_1_105_c.jpeg"
    ],
    "ultima_modificacion": "2025-08-01 01:01:00.314394"
  },
  "9dd2cf3225fe4260b193aa94533e4a741105c.jpeg": {
    "app_sintetizada": "9DD2CF3225FE4260B193AA94533E4A741105C.JPEG",
    "cantidad_archivos": 1,
    "archivos_fuente": [
      "Pictures/Fototeca de Fotos.photoslibrary/resources/derivatives/9/9DD2CF32-25FE-4260-B193-AA94533E4A74_1_105_c.jpeg"
    ],
    "ultima_modificacion": "2025-08-01 01:01:00.314658"
  },
  "9e2a76235a774d3692944b362deb5826.thm": {
    "app_sintetizada": "9E2A76235A774D3692944B362DEB5826.THM",
    "cantidad_archivos": 1,
    "archivos_fuente": [
      "Pictures/Fototeca de Fotos.photoslibrary/resources/derivatives/9/9E2A7623-5A77-4D36-9294-4B362DEB5826.THM"
    ],
    "ultima_modificacion": "2025-08-01 01:01:00.314923"
  },
  "9d3cecf07016472b93c2a699f7dee0cb1105c.jpeg": {
    "app_sintetizada": "9D3CECF07016472B93C2A699F7DEE0CB1105C.JPEG",
    "cantidad_archivos": 1,
    "archivos_fuente": [
      "Pictures/Fototeca de Fotos.photoslibrary/resources/derivatives/9/9D3CECF0-7016-472B-93C2-A699F7DEE0CB_1_105_c.jpeg"
    ],
    "ultima_modificacion": "2025-08-01 01:01:00.315235"
  },
  "9a50481eee034fd9a0a8e75afdd836d61105c.jpeg": {
    "app_sintetizada": "9A50481EEE034FD9A0A8E75AFDD836D61105C.JPEG",
    "cantidad_archivos": 1,
    "archivos_fuente": [
      "Pictures/Fototeca de Fotos.photoslibrary/resources/derivatives/9/9A50481E-EE03-4FD9-A0A8-E75AFDD836D6_1_105_c.jpeg"
    ],
    "ultima_modificacion": "2025-08-01 01:01:00.315460"
  },
  "9f90db5c779541d8a20bfb00941566891105c.jpeg": {
    "app_sintetizada": "9F90DB5C779541D8A20BFB00941566891105C.JPEG",
    "cantidad_archivos": 1,
    "archivos_fuente": [
      "Pictures/Fototeca de Fotos.photoslibrary/resources/derivatives/9/9F90DB5C-7795-41D8-A20B-FB0094156689_1_105_c.jpeg"
    ],
    "ultima_modificacion": "2025-08-01 01:01:00.315673"
  },
  "9d246ebb8f984cc9a34cb4dac3139b5e1105c.jpeg": {
    "app_sintetizada": "9D246EBB8F984CC9A34CB4DAC3139B5E1105C.JPEG",
    "cantidad_archivos": 1,
    "archivos_fuente": [
      "Pictures/Fototeca de Fotos.photoslibrary/resources/derivatives/9/9D246EBB-8F98-4CC9-A34C-B4DAC3139B5E_1_105_c.jpeg"
    ],
    "ultima_modificacion": "2025-08-01 01:01:00.315893"
  },
  "9ab4697ebbda4eb1a84f582e390b05a41105c.jpeg": {
    "app_sintetizada": "9AB4697EBBDA4EB1A84F582E390B05A41105C.JPEG",
    "cantidad_archivos": 1,
    "archivos_fuente": [
      "Pictures/Fototeca de Fotos.photoslibrary/resources/derivatives/9/9AB4697E-BBDA-4EB1-A84F-582E390B05A4_1_105_c.jpeg"
    ],
    "ultima_modificacion": "2025-08-01 01:01:00.316083"
  },
  "9e5b1cf38fb547d9957abcfa8901fc9a.thm": {
    "app_sintetizada": "9E5B1CF38FB547D9957ABCFA8901FC9A.THM",
    "cantidad_archivos": 1,
    "archivos_fuente": [
      "Pictures/Fototeca de Fotos.photoslibrary/resources/derivatives/9/9E5B1CF3-8FB5-47D9-957A-BCFA8901FC9A.THM"
    ],
    "ultima_modificacion": "2025-08-01 01:01:00.316275"
  },
  "97dd76fd63634e7a9355f8ab4b348bd61105c.jpeg": {
    "app_sintetizada": "97DD76FD63634E7A9355F8AB4B348BD61105C.JPEG",
    "cantidad_archivos": 1,
    "archivos_fuente": [
      "Pictures/Fototeca de Fotos.photoslibrary/resources/derivatives/9/97DD76FD-6363-4E7A-9355-F8AB4B348BD6_1_105_c.jpeg"
    ],
    "ultima_modificacion": "2025-08-01 01:01:00.316463"
  },
  "9068aaf7b11f4f4daabb462de6fc7e72.thm": {
    "app_sintetizada": "9068AAF7B11F4F4DAABB462DE6FC7E72.THM",
    "cantidad_archivos": 1,
    "archivos_fuente": [
      "Pictures/Fototeca de Fotos.photoslibrary/resources/derivatives/9/9068AAF7-B11F-4F4D-AABB-462DE6FC7E72.THM"
    ],
    "ultima_modificacion": "2025-08-01 01:01:00.316660"
  },
  "939d9f42ab794615bd063c96250add0f1105c.jpeg": {
    "app_sintetizada": "939D9F42AB794615BD063C96250ADD0F1105C.JPEG",
    "cantidad_archivos": 1,
    "archivos_fuente": [
      "Pictures/Fototeca de Fotos.photoslibrary/resources/derivatives/9/939D9F42-AB79-4615-BD06-3C96250ADD0F_1_105_c.jpeg"
    ],
    "ultima_modificacion": "2025-08-01 01:01:00.316843"
  },
  "996dbfcde5fc4f36a141b5057fac9f361105c.jpeg": {
    "app_sintetizada": "996DBFCDE5FC4F36A141B5057FAC9F361105C.JPEG",
    "cantidad_archivos": 1,
    "archivos_fuente": [
      "Pictures/Fototeca de Fotos.photoslibrary/resources/derivatives/9/996DBFCD-E5FC-4F36-A141-B5057FAC9F36_1_105_c.jpeg"
    ],
    "ultima_modificacion": "2025-08-01 01:01:00.317080"
  },
  "99e731db7315416d938af510bec528311105c.jpeg": {
    "app_sintetizada": "99E731DB7315416D938AF510BEC528311105C.JPEG",
    "cantidad_archivos": 1,
    "archivos_fuente": [
      "Pictures/Fototeca de Fotos.photoslibrary/resources/derivatives/9/99E731DB-7315-416D-938A-F510BEC52831_1_105_c.jpeg"
    ],
    "ultima_modificacion": "2025-08-01 01:01:00.317341"
  },
  "90478919c5634cf383fb3709d56d82c61105c.jpeg": {
    "app_sintetizada": "90478919C5634CF383FB3709D56D82C61105C.JPEG",
    "cantidad_archivos": 1,
    "archivos_fuente": [
      "Pictures/Fototeca de Fotos.photoslibrary/resources/derivatives/9/90478919-C563-4CF3-83FB-3709D56D82C6_1_105_c.jpeg"
    ],
    "ultima_modificacion": "2025-08-01 01:01:00.317557"
  },
  "9624542fc043499e989781b7902b3be11105c.jpeg": {
    "app_sintetizada": "9624542FC043499E989781B7902B3BE11105C.JPEG",
    "cantidad_archivos": 1,
    "archivos_fuente": [
      "Pictures/Fototeca de Fotos.photoslibrary/resources/derivatives/9/9624542F-C043-499E-9897-81B7902B3BE1_1_105_c.jpeg"
    ],
    "ultima_modificacion": "2025-08-01 01:01:00.317814"
  },
  "98c6827b12954883aeb751ddadf7867c1105c.jpeg": {
    "app_sintetizada": "98C6827B12954883AEB751DDADF7867C1105C.JPEG",
    "cantidad_archivos": 1,
    "archivos_fuente": [
      "Pictures/Fototeca de Fotos.photoslibrary/resources/derivatives/9/98C6827B-1295-4883-AEB7-51DDADF7867C_1_105_c.jpeg"
    ],
    "ultima_modificacion": "2025-08-01 01:01:00.318046"
  },
  "9a7a48ec38c64a38ada9aa5bf4a19ba61105c.jpeg": {
    "app_sintetizada": "9A7A48EC38C64A38ADA9AA5BF4A19BA61105C.JPEG",
    "cantidad_archivos": 1,
    "archivos_fuente": [
      "Pictures/Fototeca de Fotos.photoslibrary/resources/derivatives/9/9A7A48EC-38C6-4A38-ADA9-AA5BF4A19BA6_1_105_c.jpeg"
    ],
    "ultima_modificacion": "2025-08-01 01:01:00.318294"
  },
  "94ee6600fbda47369899b5ff884d2bfe.thm": {
    "app_sintetizada": "94EE6600FBDA47369899B5FF884D2BFE.THM",
    "cantidad_archivos": 1,
    "archivos_fuente": [
      "Pictures/Fototeca de Fotos.photoslibrary/resources/derivatives/9/94EE6600-FBDA-4736-9899-B5FF884D2BFE.THM"
    ],
    "ultima_modificacion": "2025-08-01 01:01:00.318538"
  },
  "9e4a6ca0e5744c3da88e95a9541aeefe1105c.jpeg": {
    "app_sintetizada": "9E4A6CA0E5744C3DA88E95A9541AEEFE1105C.JPEG",
    "cantidad_archivos": 1,
    "archivos_fuente": [
      "Pictures/Fototeca de Fotos.photoslibrary/resources/derivatives/9/9E4A6CA0-E574-4C3D-A88E-95A9541AEEFE_1_105_c.jpeg"
    ],
    "ultima_modificacion": "2025-08-01 01:01:00.318791"
  },
  "99a30e001e954b5dbd427abc5d7f531a1105c.jpeg": {
    "app_sintetizada": "99A30E001E954B5DBD427ABC5D7F531A1105C.JPEG",
    "cantidad_archivos": 1,
    "archivos_fuente": [
      "Pictures/Fototeca de Fotos.photoslibrary/resources/derivatives/9/99A30E00-1E95-4B5D-BD42-7ABC5D7F531A_1_105_c.jpeg"
    ],
    "ultima_modificacion": "2025-08-01 01:01:00.319005"
  },
  "96834b3c9a27461ba93b5c5b9e4758a81105c.jpeg": {
    "app_sintetizada": "96834B3C9A27461BA93B5C5B9E4758A81105C.JPEG",
    "cantidad_archivos": 1,
    "archivos_fuente": [
      "Pictures/Fototeca de Fotos.photoslibrary/resources/derivatives/9/96834B3C-9A27-461B-A93B-5C5B9E4758A8_1_105_c.jpeg"
    ],
    "ultima_modificacion": "2025-08-01 01:01:00.319210"
  },
  "93d049140b7b4e90a176d224470ef9961105c.jpeg": {
    "app_sintetizada": "93D049140B7B4E90A176D224470EF9961105C.JPEG",
    "cantidad_archivos": 1,
    "archivos_fuente": [
      "Pictures/Fototeca de Fotos.photoslibrary/resources/derivatives/9/93D04914-0B7B-4E90-A176-D224470EF996_1_105_c.jpeg"
    ],
    "ultima_modificacion": "2025-08-01 01:01:00.319402"
  },
  "99d844af90f04c0c949530ac34ec8f4e1105c.jpeg": {
    "app_sintetizada": "99D844AF90F04C0C949530AC34EC8F4E1105C.JPEG",
    "cantidad_archivos": 1,
    "archivos_fuente": [
      "Pictures/Fototeca de Fotos.photoslibrary/resources/derivatives/9/99D844AF-90F0-4C0C-9495-30AC34EC8F4E_1_105_c.jpeg"
    ],
    "ultima_modificacion": "2025-08-01 01:01:00.319591"
  },
  "912a6fbbd57547c587f744a448be16a61105c.jpeg": {
    "app_sintetizada": "912A6FBBD57547C587F744A448BE16A61105C.JPEG",
    "cantidad_archivos": 1,
    "archivos_fuente": [
      "Pictures/Fototeca de Fotos.photoslibrary/resources/derivatives/9/912A6FBB-D575-47C5-87F7-44A448BE16A6_1_105_c.jpeg"
    ],
    "ultima_modificacion": "2025-08-01 01:01:00.319775"
  },
  "9a79ae282c4f45b392604d04f49bcaa81105c.jpeg": {
    "app_sintetizada": "9A79AE282C4F45B392604D04F49BCAA81105C.JPEG",
    "cantidad_archivos": 1,
    "archivos_fuente": [
      "Pictures/Fototeca de Fotos.photoslibrary/resources/derivatives/9/9A79AE28-2C4F-45B3-9260-4D04F49BCAA8_1_105_c.jpeg"
    ],
    "ultima_modificacion": "2025-08-01 01:01:00.319953"
  },
  "9446786bec6d4a42b2dee4d63a78cdf31105c.jpeg": {
    "app_sintetizada": "9446786BEC6D4A42B2DEE4D63A78CDF31105C.JPEG",
    "cantidad_archivos": 1,
    "archivos_fuente": [
      "Pictures/Fototeca de Fotos.photoslibrary/resources/derivatives/9/9446786B-EC6D-4A42-B2DE-E4D63A78CDF3_1_105_c.jpeg"
    ],
    "ultima_modificacion": "2025-08-01 01:01:00.320134"
  },
  "9ed67aebef6c4424bd349ff5923dd0f91105c.jpeg": {
    "app_sintetizada": "9ED67AEBEF6C4424BD349FF5923DD0F91105C.JPEG",
    "cantidad_archivos": 1,
    "archivos_fuente": [
      "Pictures/Fototeca de Fotos.photoslibrary/resources/derivatives/9/9ED67AEB-EF6C-4424-BD34-9FF5923DD0F9_1_105_c.jpeg"
    ],
    "ultima_modificacion": "2025-08-01 01:01:00.320326"
  },
  "9ae937fc50484adcb22459ba49e71c0e1105c.jpeg": {
    "app_sintetizada": "9AE937FC50484ADCB22459BA49E71C0E1105C.JPEG",
    "cantidad_archivos": 1,
    "archivos_fuente": [
      "Pictures/Fototeca de Fotos.photoslibrary/resources/derivatives/9/9AE937FC-5048-4ADC-B224-59BA49E71C0E_1_105_c.jpeg"
    ],
    "ultima_modificacion": "2025-08-01 01:01:00.320516"
  },
  "9a7cd1c95dd84f04bc2c96087cf85fa6.thm": {
    "app_sintetizada": "9A7CD1C95DD84F04BC2C96087CF85FA6.THM",
    "cantidad_archivos": 1,
    "archivos_fuente": [
      "Pictures/Fototeca de Fotos.photoslibrary/resources/derivatives/9/9A7CD1C9-5DD8-4F04-BC2C-96087CF85FA6.THM"
    ],
    "ultima_modificacion": "2025-08-01 01:01:00.320716"
  },
  "933967f50b7246789561930e795b155e1105c.jpeg": {
    "app_sintetizada": "933967F50B7246789561930E795B155E1105C.JPEG",
    "cantidad_archivos": 1,
    "archivos_fuente": [
      "Pictures/Fototeca de Fotos.photoslibrary/resources/derivatives/9/933967F5-0B72-4678-9561-930E795B155E_1_105_c.jpeg"
    ],
    "ultima_modificacion": "2025-08-01 01:01:00.320894"
  },
  "98f46589c54648eebd688abb05f6ef8c1105c.jpeg": {
    "app_sintetizada": "98F46589C54648EEBD688ABB05F6EF8C1105C.JPEG",
    "cantidad_archivos": 1,
    "archivos_fuente": [
      "Pictures/Fototeca de Fotos.photoslibrary/resources/derivatives/9/98F46589-C546-48EE-BD68-8ABB05F6EF8C_1_105_c.jpeg"
    ],
    "ultima_modificacion": "2025-08-01 01:01:00.321071"
  },
  "95a8e661b4c64f638a537f922e2d3c5e1105c.jpeg": {
    "app_sintetizada": "95A8E661B4C64F638A537F922E2D3C5E1105C.JPEG",
    "cantidad_archivos": 1,
    "archivos_fuente": [
      "Pictures/Fototeca de Fotos.photoslibrary/resources/derivatives/9/95A8E661-B4C6-4F63-8A53-7F922E2D3C5E_1_105_c.jpeg"
    ],
    "ultima_modificacion": "2025-08-01 01:01:00.321265"
  }
}