{
  "9ed3ea31ba1f4ad783f4bb147902e7ac1105c.jpeg": {
    "app_sintetizada": "9ED3EA31BA1F4AD783F4BB147902E7AC1105C.JPEG",
    "cantidad_archivos": 1,
    "archivos_fuente": [
      "Pictures/Fototeca de Fotos.photoslibrary/resources/derivatives/9/9ED3EA31-BA1F-4AD7-83F4-BB147902E7AC_1_105_c.jpeg"
    ],
    "ultima_modificacion": "2025-08-01 01:01:00.158477"
  },
  "9c8e68c5df8d427eae09323ef0f6693c1105c.jpeg": {
    "app_sintetizada": "9C8E68C5DF8D427EAE09323EF0F6693C1105C.JPEG",
    "cantidad_archivos": 1,
    "archivos_fuente": [
      "Pictures/Fototeca de Fotos.photoslibrary/resources/derivatives/9/9C8E68C5-DF8D-427E-AE09-323EF0F6693C_1_105_c.jpeg"
    ],
    "ultima_modificacion": "2025-08-01 01:01:00.158753"
  },
  "90e87f6200dd4efbb2582678ab270c511105c.jpeg": {
    "app_sintetizada": "90E87F6200DD4EFBB2582678AB270C511105C.JPEG",
    "cantidad_archivos": 1,
    "archivos_fuente": [
      "Pictures/Fototeca de Fotos.photoslibrary/resources/derivatives/9/90E87F62-00DD-4EFB-B258-2678AB270C51_1_105_c.jpeg"
    ],
    "ultima_modificacion": "2025-08-01 01:01:00.159056"
  },
  "9e7f43afa53543f59815c91c270b12611105c.jpeg": {
    "app_sintetizada": "9E7F43AFA53543F59815C91C270B12611105C.JPEG",
    "cantidad_archivos": 1,
    "archivos_fuente": [
      "Pictures/Fototeca de Fotos.photoslibrary/resources/derivatives/9/9E7F43AF-A535-43F5-9815-C91C270B1261_1_105_c.jpeg"
    ],
    "ultima_modificacion": "2025-08-01 01:01:00.159329"
  },
  "93ebfe7504014f75ac0611f5c0a425ab1105c.jpeg": {
    "app_sintetizada": "93EBFE7504014F75AC0611F5C0A425AB1105C.JPEG",
    "cantidad_archivos": 1,
    "archivos_fuente": [
      "Pictures/Fototeca de Fotos.photoslibrary/resources/derivatives/9/93EBFE75-0401-4F75-AC06-11F5C0A425AB_1_105_c.jpeg"
    ],
    "ultima_modificacion": "2025-08-01 01:01:00.159598"
  },
  "9f3888bd202040eabb8397a7e773efa11105c.jpeg": {
    "app_sintetizada": "9F3888BD202040EABB8397A7E773EFA11105C.JPEG",
    "cantidad_archivos": 1,
    "archivos_fuente": [
      "Pictures/Fototeca de Fotos.photoslibrary/resources/derivatives/9/9F3888BD-2020-40EA-BB83-97A7E773EFA1_1_105_c.jpeg"
    ],
    "ultima_modificacion": "2025-08-01 01:01:00.159876"
  },
  "9cacba76cd434eb7865b518ea553feac1105c.jpeg": {
    "app_sintetizada": "9CACBA76CD434EB7865B518EA553FEAC1105C.JPEG",
    "cantidad_archivos": 1,
    "archivos_fuente": [
      "Pictures/Fototeca de Fotos.photoslibrary/resources/derivatives/9/9CACBA76-CD43-4EB7-865B-518EA553FEAC_1_105_c.jpeg"
    ],
    "ultima_modificacion": "2025-08-01 01:01:00.160152"
  },
  "941cc314b8b04c1ab6f9f6f4705c7589.thm": {
    "app_sintetizada": "941CC314B8B04C1AB6F9F6F4705C7589.THM",
    "cantidad_archivos": 1,
    "archivos_fuente": [
      "Pictures/Fototeca de Fotos.photoslibrary/resources/derivatives/9/941CC314-B8B0-4C1A-B6F9-F6F4705C7589.THM"
    ],
    "ultima_modificacion": "2025-08-01 01:01:00.160462"
  },
  "97365b5985104e92b410325a039dc8591105c.jpeg": {
    "app_sintetizada": "97365B5985104E92B410325A039DC8591105C.JPEG",
    "cantidad_archivos": 1,
    "archivos_fuente": [
      "Pictures/Fototeca de Fotos.photoslibrary/resources/derivatives/9/97365B59-8510-4E92-B410-325A039DC859_1_105_c.jpeg"
    ],
    "ultima_modificacion": "2025-08-01 01:01:00.160756"
  },
  "9436fd2f7cb647b0be5f4ab10f3dc32d1105c.jpeg": {
    "app_sintetizada": "9436FD2F7CB647B0BE5F4AB10F3DC32D1105C.JPEG",
    "cantidad_archivos": 1,
    "archivos_fuente": [
      "Pictures/Fototeca de Fotos.photoslibrary/resources/derivatives/9/9436FD2F-7CB6-47B0-BE5F-4AB10F3DC32D_1_105_c.jpeg"
    ],
    "ultima_modificacion": "2025-08-01 01:01:00.161102"
  },
  "945befaa674b44c584d86a4ceda030c01105c.jpeg": {
    "app_sintetizada": "945BEFAA674B44C584D86A4CEDA030C01105C.JPEG",
    "cantidad_archivos": 1,
    "archivos_fuente": [
      "Pictures/Fototeca de Fotos.photoslibrary/resources/derivatives/9/945BEFAA-674B-44C5-84D8-6A4CEDA030C0_1_105_c.jpeg"
    ],
    "ultima_modificacion": "2025-08-01 01:01:00.161382"
  },
  "99fa80e16f5f453ba4dfde116b2bbac21105c.jpeg": {
    "app_sintetizada": "99FA80E16F5F453BA4DFDE116B2BBAC21105C.JPEG",
    "cantidad_archivos": 1,
    "archivos_fuente": [
      "Pictures/Fototeca de Fotos.photoslibrary/resources/derivatives/9/99FA80E1-6F5F-453B-A4DF-DE116B2BBAC2_1_105_c.jpeg"
    ],
    "ultima_modificacion": "2025-08-01 01:01:00.161680"
  },
  "9a60992699444a4680bfd6122184592f1105c.jpeg": {
    "app_sintetizada": "9A60992699444A4680BFD6122184592F1105C.JPEG",
    "cantidad_archivos": 1,
    "archivos_fuente": [
      "Pictures/Fototeca de Fotos.photoslibrary/resources/derivatives/9/9A609926-9944-4A46-80BF-D6122184592F_1_105_c.jpeg"
    ],
    "ultima_modificacion": "2025-08-01 01:01:00.162079"
  },
  "949f54ef57414d2c9fae749a92f1c0d51105c.jpeg": {
    "app_sintetizada": "949F54EF57414D2C9FAE749A92F1C0D51105C.JPEG",
    "cantidad_archivos": 1,
    "archivos_fuente": [
      "Pictures/Fototeca de Fotos.photoslibrary/resources/derivatives/9/949F54EF-5741-4D2C-9FAE-749A92F1C0D5_1_105_c.jpeg"
    ],
    "ultima_modificacion": "2025-08-01 01:01:00.162335"
  },
  "968a82111c284b688f8652177096101b1105c.jpeg": {
    "app_sintetizada": "968A82111C284B688F8652177096101B1105C.JPEG",
    "cantidad_archivos": 1,
    "archivos_fuente": [
      "Pictures/Fototeca de Fotos.photoslibrary/resources/derivatives/9/968A8211-1C28-4B68-8F86-52177096101B_1_105_c.jpeg"
    ],
    "ultima_modificacion": "2025-08-01 01:01:00.162700"
  },
  "9a6bb4756a9b4958ad4bfcdcd12706dc1105c.jpeg": {
    "app_sintetizada": "9A6BB4756A9B4958AD4BFCDCD12706DC1105C.JPEG",
    "cantidad_archivos": 1,
    "archivos_fuente": [
      "Pictures/Fototeca de Fotos.photoslibrary/resources/derivatives/9/9A6BB475-6A9B-4958-AD4B-FCDCD12706DC_1_105_c.jpeg"
    ],
    "ultima_modificacion": "2025-08-01 01:01:00.163034"
  },
  "946fef38fe0c47f3b8aa0a3ba62088be1105c.jpeg": {
    "app_sintetizada": "946FEF38FE0C47F3B8AA0A3BA62088BE1105C.JPEG",
    "cantidad_archivos": 1,
    "archivos_fuente": [
      "Pictures/Fototeca de Fotos.photoslibrary/resources/derivatives/9/946FEF38-FE0C-47F3-B8AA-0A3BA62088BE_1_105_c.jpeg"
    ],
    "ultima_modificacion": "2025-08-01 01:01:00.163285"
  },
  "9951affc81d34f729f446aa1c53277e6.thm": {
    "app_sintetizada": "9951AFFC81D34F729F446AA1C53277E6.THM",
    "cantidad_archivos": 1,
    "archivos_fuente": [
      "Pictures/Fototeca de Fotos.photoslibrary/resources/derivatives/9/9951AFFC-81D3-4F72-9F44-6AA1C53277E6.THM"
    ],
    "ultima_modificacion": "2025-08-01 01:01:00.163525"
  },
  "94ce495fe2fb4422a26dff7f028cf7a21105c.jpeg": {
    "app_sintetizada": "94CE495FE2FB4422A26DFF7F028CF7A21105C.JPEG",
    "cantidad_archivos": 1,
    "archivos_fuente": [
      "Pictures/Fototeca de Fotos.photoslibrary/resources/derivatives/9/94CE495F-E2FB-4422-A26D-FF7F028CF7A2_1_105_c.jpeg"
    ],
    "ultima_modificacion": "2025-08-01 01:01:00.163799"
  },
  "90c9806016154c43908950d38587f6ad.thm": {
    "app_sintetizada": "90C9806016154C43908950D38587F6AD.THM",
    "cantidad_archivos": 1,
    "archivos_fuente": [
      "Pictures/Fototeca de Fotos.photoslibrary/resources/derivatives/9/90C98060-1615-4C43-9089-50D38587F6AD.THM"
    ],
    "ultima_modificacion": "2025-08-01 01:01:00.164179"
  },
  "9cb9067a8def4a6a8894b10f21fea06e1105c.jpeg": {
    "app_sintetizada": "9CB9067A8DEF4A6A8894B10F21FEA06E1105C.JPEG",
    "cantidad_archivos": 1,
    "archivos_fuente": [
      "Pictures/Fototeca de Fotos.photoslibrary/resources/derivatives/9/9CB9067A-8DEF-4A6A-8894-B10F21FEA06E_1_105_c.jpeg"
    ],
    "ultima_modificacion": "2025-08-01 01:01:00.164420"
  },
  "9460d343c7e64d9e963d544b53026de6.thm": {
    "app_sintetizada": "9460D343C7E64D9E963D544B53026DE6.THM",
    "cantidad_archivos": 1,
    "archivos_fuente": [
      "Pictures/Fototeca de Fotos.photoslibrary/resources/derivatives/9/9460D343-C7E6-4D9E-963D-544B53026DE6.THM"
    ],
    "ultima_modificacion": "2025-08-01 01:01:00.164644"
  },
  "9e59312888ec49169c79248502a4d4ef1105c.jpeg": {
    "app_sintetizada": "9E59312888EC49169C79248502A4D4EF1105C.JPEG",
    "cantidad_archivos": 1,
    "archivos_fuente": [
      "Pictures/Fototeca de Fotos.photoslibrary/resources/derivatives/9/9E593128-88EC-4916-9C79-248502A4D4EF_1_105_c.jpeg"
    ],
    "ultima_modificacion": "2025-08-01 01:01:00.164858"
  },
  "99f70c930f4f45039ea2aacab75db5711105c.jpeg": {
    "app_sintetizada": "99F70C930F4F45039EA2AACAB75DB5711105C.JPEG",
    "cantidad_archivos": 1,
    "archivos_fuente": [
      "Pictures/Fototeca de Fotos.photoslibrary/resources/derivatives/9/99F70C93-0F4F-4503-9EA2-AACAB75DB571_1_105_c.jpeg"
    ],
    "ultima_modificacion": "2025-08-01 01:01:00.165053"
  },
  "970527e5204e4f11a3a4705bc399c6951105c.jpeg": {
    "app_sintetizada": "970527E5204E4F11A3A4705BC399C6951105C.JPEG",
    "cantidad_archivos": 1,
    "archivos_fuente": [
      "Pictures/Fototeca de Fotos.photoslibrary/resources/derivatives/9/970527E5-204E-4F11-A3A4-705BC399C695_1_105_c.jpeg"
    ],
    "ultima_modificacion": "2025-08-01 01:01:00.165241"
  },
  "93677d54e98b4f7c96a0a669df1d8dd71105c.jpeg": {
    "app_sintetizada": "93677D54E98B4F7C96A0A669DF1D8DD71105C.JPEG",
    "cantidad_archivos": 1,
    "archivos_fuente": [
      "Pictures/Fototeca de Fotos.photoslibrary/resources/derivatives/9/93677D54-E98B-4F7C-96A0-A669DF1D8DD7_1_105_c.jpeg"
    ],
    "ultima_modificacion": "2025-08-01 01:01:00.165426"
  },
  "995268e6c42141a183666cd30feacbfe1105c.jpeg": {
    "app_sintetizada": "995268E6C42141A183666CD30FEACBFE1105C.JPEG",
    "cantidad_archivos": 1,
    "archivos_fuente": [
      "Pictures/Fototeca de Fotos.photoslibrary/resources/derivatives/9/995268E6-C421-41A1-8366-6CD30FEACBFE_1_105_c.jpeg"
    ],
    "ultima_modificacion": "2025-08-01 01:01:00.165610"
  },
  "92cc40f0ae784cc9a309b33b0b68ac02.thm": {
    "app_sintetizada": "92CC40F0AE784CC9A309B33B0B68AC02.THM",
    "cantidad_archivos": 1,
    "archivos_fuente": [
      "Pictures/Fototeca de Fotos.photoslibrary/resources/derivatives/9/92CC40F0-AE78-4CC9-A309-B33B0B68AC02.THM"
    ],
    "ultima_modificacion": "2025-08-01 01:01:00.165812"
  },
  "9d26c667fb074176854e59b51193c92d1105c.jpeg": {
    "app_sintetizada": "9D26C667FB074176854E59B51193C92D1105C.JPEG",
    "cantidad_archivos": 1,
    "archivos_fuente": [
      "Pictures/Fototeca de Fotos.photoslibrary/resources/derivatives/9/9D26C667-FB07-4176-854E-59B51193C92D_1_105_c.jpeg"
    ],
    "ultima_modificacion": "2025-08-01 01:01:00.166088"
  },
  "919c5378aef44ada8489b9ef8e0f1cfb.thm": {
    "app_sintetizada": "919C5378AEF44ADA8489B9EF8E0F1CFB.THM",
    "cantidad_archivos": 1,
    "archivos_fuente": [
      "Pictures/Fototeca de Fotos.photoslibrary/resources/derivatives/9/919C5378-AEF4-4ADA-8489-B9EF8E0F1CFB.THM"
    ],
    "ultima_modificacion": "2025-08-01 01:01:00.166366"
  },
  "9031a8fc883a45d4b099a0fe89bbafd11105c.jpeg": {
    "app_sintetizada": "9031A8FC883A45D4B099A0FE89BBAFD11105C.JPEG",
    "cantidad_archivos": 1,
    "archivos_fuente": [
      "Pictures/Fototeca de Fotos.photoslibrary/resources/derivatives/9/9031A8FC-883A-45D4-B099-A0FE89BBAFD1_1_105_c.jpeg"
    ],
    "ultima_modificacion": "2025-08-01 01:01:00.166610"
  },
  "97fb0116a24840af9fe8cac91678214d1105c.jpeg": {
    "app_sintetizada": "97FB0116A24840AF9FE8CAC91678214D1105C.JPEG",
    "cantidad_archivos": 1,
    "archivos_fuente": [
      "Pictures/Fototeca de Fotos.photoslibrary/resources/derivatives/9/97FB0116-A248-40AF-9FE8-CAC91678214D_1_105_c.jpeg"
    ],
    "ultima_modificacion": "2025-08-01 01:01:00.166865"
  },
  "9b80225554d344d28ae1281b8ec3b3e61105c.jpeg": {
    "app_sintetizada": "9B80225554D344D28AE1281B8EC3B3E61105C.JPEG",
    "cantidad_archivos": 1,
    "archivos_fuente": [
      "Pictures/Fototeca de Fotos.photoslibrary/resources/derivatives/9/9B802255-54D3-44D2-8AE1-281B8EC3B3E6_1_105_c.jpeg"
    ],
    "ultima_modificacion": "2025-08-01 01:01:00.167101"
  },
  "9234b7890d1d4ef194b9db2381d38ba61105c.jpeg": {
    "app_sintetizada": "9234B7890D1D4EF194B9DB2381D38BA61105C.JPEG",
    "cantidad_archivos": 1,
    "archivos_fuente": [
      "Pictures/Fototeca de Fotos.photoslibrary/resources/derivatives/9/9234B789-0D1D-4EF1-94B9-DB2381D38BA6_1_105_c.jpeg"
    ],
    "ultima_modificacion": "2025-08-01 01:01:00.167339"
  },
  "9de28541d45b4375a2f60fba74baf2ad1105c.jpeg": {
    "app_sintetizada": "9DE28541D45B4375A2F60FBA74BAF2AD1105C.JPEG",
    "cantidad_archivos": 1,
    "archivos_fuente": [
      "Pictures/Fototeca de Fotos.photoslibrary/resources/derivatives/9/9DE28541-D45B-4375-A2F6-0FBA74BAF2AD_1_105_c.jpeg"
    ],
    "ultima_modificacion": "2025-08-01 01:01:00.167575"
  },
  "97e7071c413a4e0d980117728aa017b81102o.jpeg": {
    "app_sintetizada": "97E7071C413A4E0D980117728AA017B81102O.JPEG",
    "cantidad_archivos": 1,
    "archivos_fuente": [
      "Pictures/Fototeca de Fotos.photoslibrary/resources/derivatives/9/97E7071C-413A-4E0D-9801-17728AA017B8_1_102_o.jpeg"
    ],
    "ultima_modificacion": "2025-08-01 01:01:00.167818"
  },
  "93441cc92b384dedb6b853db73ee17a51105c.jpeg": {
    "app_sintetizada": "93441CC92B384DEDB6B853DB73EE17A51105C.JPEG",
    "cantidad_archivos": 1,
    "archivos_fuente": [
      "Pictures/Fototeca de Fotos.photoslibrary/resources/derivatives/9/93441CC9-2B38-4DED-B6B8-53DB73EE17A5_1_105_c.jpeg"
    ],
    "ultima_modificacion": "2025-08-01 01:01:00.168044"
  },
  "9e55d19338ef4401a00761714b2c1b3c1105c.jpeg": {
    "app_sintetizada": "9E55D19338EF4401A00761714B2C1B3C1105C.JPEG",
    "cantidad_archivos": 1,
    "archivos_fuente": [
      "Pictures/Fototeca de Fotos.photoslibrary/resources/derivatives/9/9E55D193-38EF-4401-A007-61714B2C1B3C_1_105_c.jpeg"
    ],
    "ultima_modificacion": "2025-08-01 01:01:00.168361"
  },
  "9b3e9020d6224861846303da72f013431105c.jpeg": {
    "app_sintetizada": "9B3E9020D6224861846303DA72F013431105C.JPEG",
    "cantidad_archivos": 1,
    "archivos_fuente": [
      "Pictures/Fototeca de Fotos.photoslibrary/resources/derivatives/9/9B3E9020-D622-4861-8463-03DA72F01343_1_105_c.jpeg"
    ],
    "ultima_modificacion": "2025-08-01 01:01:00.168568"
  },
  "920d03a26f89491bb0be25b1e2e3bf351105c.jpeg": {
    "app_sintetizada": "920D03A26F89491BB0BE25B1E2E3BF351105C.JPEG",
    "cantidad_archivos": 1,
    "archivos_fuente": [
      "Pictures/Fototeca de Fotos.photoslibrary/resources/derivatives/9/920D03A2-6F89-491B-B0BE-25B1E2E3BF35_1_105_c.jpeg"
    ],
    "ultima_modificacion": "2025-08-01 01:01:00.168752"
  },
  "9c3c7cabb2df45e2b3b2d93d9d9fae461105c.jpeg": {
    "app_sintetizada": "9C3C7CABB2DF45E2B3B2D93D9D9FAE461105C.JPEG",
    "cantidad_archivos": 1,
    "archivos_fuente": [
      "Pictures/Fototeca de Fotos.photoslibrary/resources/derivatives/9/9C3C7CAB-B2DF-45E2-B3B2-D93D9D9FAE46_1_105_c.jpeg"
    ],
    "ultima_modificacion": "2025-08-01 01:01:00.168929"
  },
  "9312f94f42c748bc976b5c754a6d00d21105c.jpeg": {
    "app_sintetizada": "9312F94F42C748BC976B5C754A6D00D21105C.JPEG",
    "cantidad_archivos": 1,
    "archivos_fuente": [
      "Pictures/Fototeca de Fotos.photoslibrary/resources/derivatives/9/9312F94F-42C7-48BC-976B-5C754A6D00D2_1_105_c.jpeg"
    ],
    "ultima_modificacion": "2025-08-01 01:01:00.169118"
  },
  "99460c7a853b4f3594917fe5b0b3dfe21105c.jpeg": {
    "app_sintetizada": "99460C7A853B4F3594917FE5B0B3DFE21105C.JPEG",
    "cantidad_archivos": 1,
    "archivos_fuente": [
      "Pictures/Fototeca de Fotos.photoslibrary/resources/derivatives/9/99460C7A-853B-4F35-9491-7FE5B0B3DFE2_1_105_c.jpeg"
    ],
    "ultima_modificacion": "2025-08-01 01:01:00.169294"
  },
  "908c2c7769944524bbfcd10c5da325fb1105c.jpeg": {
    "app_sintetizada": "908C2C7769944524BBFCD10C5DA325FB1105C.JPEG",
    "cantidad_archivos": 1,
    "archivos_fuente": [
      "Pictures/Fototeca de Fotos.photoslibrary/resources/derivatives/9/908C2C77-6994-4524-BBFC-D10C5DA325FB_1_105_c.jpeg"
    ],
    "ultima_modificacion": "2025-08-01 01:01:00.169484"
  },
  "995dadcf2ef2494ca6b5d54e3bfd72a91105c.jpeg": {
    "app_sintetizada": "995DADCF2EF2494CA6B5D54E3BFD72A91105C.JPEG",
    "cantidad_archivos": 1,
    "archivos_fuente": [
      "Pictures/Fototeca de Fotos.photoslibrary/resources/derivatives/9/995DADCF-2EF2-494C-A6B5-D54E3BFD72A9_1_105_c.jpeg"
    ],
    "ultima_modificacion": "2025-08-01 01:01:00.169661"
  },
  "9db9666dc6d04e9c9989cad94640b0ae1105c.jpeg": {
    "app_sintetizada": "9DB9666DC6D04E9C9989CAD94640B0AE1105C.JPEG",
    "cantidad_archivos": 1,
    "archivos_fuente": [
      "Pictures/Fototeca de Fotos.photoslibrary/resources/derivatives/9/9DB9666D-C6D0-4E9C-9989-CAD94640B0AE_1_105_c.jpeg"
    ],
    "ultima_modificacion": "2025-08-01 01:01:00.169901"
  },
  "93d8276ff28741d49bca471048896f481105c.jpeg": {
    "app_sintetizada": "93D8276FF28741D49BCA471048896F481105C.JPEG",
    "cantidad_archivos": 1,
    "archivos_fuente": [
      "Pictures/Fototeca de Fotos.photoslibrary/resources/derivatives/9/93D8276F-F287-41D4-9BCA-471048896F48_1_105_c.jpeg"
    ],
    "ultima_modificacion": "2025-08-01 01:01:00.170196"
  },
  "96362d76d68e4a66a15722c8fd0534fd1105c.jpeg": {
    "app_sintetizada": "96362D76D68E4A66A15722C8FD0534FD1105C.JPEG",
    "cantidad_archivos": 1,
    "archivos_fuente": [
      "Pictures/Fototeca de Fotos.photoslibrary/resources/derivatives/9/96362D76-D68E-4A66-A157-22C8FD0534FD_1_105_c.jpeg"
    ],
    "ultima_modificacion": "2025-08-01 01:01:00.170413"
  },
  "95f3690fe81141f9b5d14ada1154b01a.thm": {
    "app_sintetizada": "95F3690FE81141F9B5D14ADA1154B01A.THM",
    "cantidad_archivos": 1,
    "archivos_fuente": [
      "Pictures/Fototeca de Fotos.photoslibrary/resources/derivatives/9/95F3690F-E811-41F9-B5D1-4ADA1154B01A.THM"
    ],
    "ultima_modificacion": "2025-08-01 01:01:00.170620"
  },
  "947cda94ea854ad18dc149ca8520ad651105c.jpeg": {
    "app_sintetizada": "947CDA94EA854AD18DC149CA8520AD651105C.JPEG",
    "cantidad_archivos": 1,
    "archivos_fuente": [
      "Pictures/Fototeca de Fotos.photoslibrary/resources/derivatives/9/947CDA94-EA85-4AD1-8DC1-49CA8520AD65_1_105_c.jpeg"
    ],
    "ultima_modificacion": "2025-08-01 01:01:00.170809"
  },
  "9b3d41e715644eafa5278af6aa186cd41105c.jpeg": {
    "app_sintetizada": "9B3D41E715644EAFA5278AF6AA186CD41105C.JPEG",
    "cantidad_archivos": 1,
    "archivos_fuente": [
      "Pictures/Fototeca de Fotos.photoslibrary/resources/derivatives/9/9B3D41E7-1564-4EAF-A527-8AF6AA186CD4_1_105_c.jpeg"
    ],
    "ultima_modificacion": "2025-08-01 01:01:00.171104"
  },
  "93875ff966ee474fbd1ac5025ac0213e1100o.jpeg": {
    "app_sintetizada": "93875FF966EE474FBD1AC5025AC0213E1100O.JPEG",
    "cantidad_archivos": 1,
    "archivos_fuente": [
      "Pictures/Fototeca de Fotos.photoslibrary/resources/derivatives/9/93875FF9-66EE-474F-BD1A-C5025AC0213E_1_100_o.jpeg"
    ],
    "ultima_modificacion": "2025-08-01 01:01:00.171323"
  },
  "9faa278596524619a065f26cc37397f01105c.jpeg": {
    "app_sintetizada": "9FAA278596524619A065F26CC37397F01105C.JPEG",
    "cantidad_archivos": 1,
    "archivos_fuente": [
      "Pictures/Fototeca de Fotos.photoslibrary/resources/derivatives/9/9FAA2785-9652-4619-A065-F26CC37397F0_1_105_c.jpeg"
    ],
    "ultima_modificacion": "2025-08-01 01:01:00.171519"
  },
  "9002561e55a94af28e78e107a5f3231b1105c.jpeg": {
    "app_sintetizada": "9002561E55A94AF28E78E107A5F3231B1105C.JPEG",
    "cantidad_archivos": 1,
    "archivos_fuente": [
      "Pictures/Fototeca de Fotos.photoslibrary/resources/derivatives/9/9002561E-55A9-4AF2-8E78-E107A5F3231B_1_105_c.jpeg"
    ],
    "ultima_modificacion": "2025-08-01 01:01:00.171714"
  },
  "9ac79a912c814c36b0a6603d4c26c62b1105c.jpeg": {
    "app_sintetizada": "9AC79A912C814C36B0A6603D4C26C62B1105C.JPEG",
    "cantidad_archivos": 1,
    "archivos_fuente": [
      "Pictures/Fototeca de Fotos.photoslibrary/resources/derivatives/9/9AC79A91-2C81-4C36-B0A6-603D4C26C62B_1_105_c.jpeg"
    ],
    "ultima_modificacion": "2025-08-01 01:01:00.171912"
  },
  "9e8fb009c4a94329abe6899025d9171c1105c.jpeg": {
    "app_sintetizada": "9E8FB009C4A94329ABE6899025D9171C1105C.JPEG",
    "cantidad_archivos": 1,
    "archivos_fuente": [
      "Pictures/Fototeca de Fotos.photoslibrary/resources/derivatives/9/9E8FB009-C4A9-4329-ABE6-899025D9171C_1_105_c.jpeg"
    ],
    "ultima_modificacion": "2025-08-01 01:01:00.172140"
  },
  "9635303c218140e7b75010e3ff3967e91105c.jpeg": {
    "app_sintetizada": "9635303C218140E7B75010E3FF3967E91105C.JPEG",
    "cantidad_archivos": 1,
    "archivos_fuente": [
      "Pictures/Fototeca de Fotos.photoslibrary/resources/derivatives/9/9635303C-2181-40E7-B750-10E3FF3967E9_1_105_c.jpeg"
    ],
    "ultima_modificacion": "2025-08-01 01:01:00.172430"
  },
  "9180dbc3b1ed434fa65a1293185114971105c.jpeg": {
    "app_sintetizada": "9180DBC3B1ED434FA65A1293185114971105C.JPEG",
    "cantidad_archivos": 1,
    "archivos_fuente": [
      "Pictures/Fototeca de Fotos.photoslibrary/resources/derivatives/9/9180DBC3-B1ED-434F-A65A-129318511497_1_105_c.jpeg"
    ],
    "ultima_modificacion": "2025-08-01 01:01:00.172668"
  },
  "9c665a646c57423393f6d043cc33993d1105c.jpeg": {
    "app_sintetizada": "9C665A646C57423393F6D043CC33993D1105C.JPEG",
    "cantidad_archivos": 1,
    "archivos_fuente": [
      "Pictures/Fototeca de Fotos.photoslibrary/resources/derivatives/9/9C665A64-6C57-4233-93F6-D043CC33993D_1_105_c.jpeg"
    ],
    "ultima_modificacion": "2025-08-01 01:01:00.172885"
  },
  "9fcc9bdca061462a864a8c7012d179ec1105c.jpeg": {
    "app_sintetizada": "9FCC9BDCA061462A864A8C7012D179EC1105C.JPEG",
    "cantidad_archivos": 1,
    "archivos_fuente": [
      "Pictures/Fototeca de Fotos.photoslibrary/resources/derivatives/9/9FCC9BDC-A061-462A-864A-8C7012D179EC_1_105_c.jpeg"
    ],
    "ultima_modificacion": "2025-08-01 01:01:00.173067"
  },
  "9f3098d924454e7c8ffdb2a83caf77111100o.jpeg": {
    "app_sintetizada": "9F3098D924454E7C8FFDB2A83CAF77111100O.JPEG",
    "cantidad_archivos": 1,
    "archivos_fuente": [
      "Pictures/Fototeca de Fotos.photoslibrary/resources/derivatives/9/9F3098D9-2445-4E7C-8FFD-B2A83CAF7711_1_100_o.jpeg"
    ],
    "ultima_modificacion": "2025-08-01 01:01:00.173358"
  },
  "906e29d50f8c46bc81654384d685b2851105c.jpeg": {
    "app_sintetizada": "906E29D50F8C46BC81654384D685B2851105C.JPEG",
    "cantidad_archivos": 1,
    "archivos_fuente": [
      "Pictures/Fototeca de Fotos.photoslibrary/resources/derivatives/9/906E29D5-0F8C-46BC-8165-4384D685B285_1_105_c.jpeg"
    ],
    "ultima_modificacion": "2025-08-01 01:01:00.173676"
  },
  "9b588a2174364e4e8486a918c8855bc61105c.jpeg": {
    "app_sintetizada": "9B588A2174364E4E8486A918C8855BC61105C.JPEG",
    "cantidad_archivos": 1,
    "archivos_fuente": [
      "Pictures/Fototeca de Fotos.photoslibrary/resources/derivatives/9/9B588A21-7436-4E4E-8486-A918C8855BC6_1_105_c.jpeg"
    ],
    "ultima_modificacion": "2025-08-01 01:01:00.173903"
  },
  "9e177469276d4d818492d53212368bc2.thm": {
    "app_sintetizada": "9E177469276D4D818492D53212368BC2.THM",
    "cantidad_archivos": 1,
    "archivos_fuente": [
      "Pictures/Fototeca de Fotos.photoslibrary/resources/derivatives/9/9E177469-276D-4D81-8492-D53212368BC2.THM"
    ],
    "ultima_modificacion": "2025-08-01 01:01:00.174103"
  },
  "94225b1854c34342a6033a355b0d5e2a1105c.jpeg": {
    "app_sintetizada": "94225B1854C34342A6033A355B0D5E2A1105C.JPEG",
    "cantidad_archivos": 1,
    "archivos_fuente": [
      "Pictures/Fototeca de Fotos.photoslibrary/resources/derivatives/9/94225B18-54C3-4342-A603-3A355B0D5E2A_1_105_c.jpeg"
    ],
    "ultima_modificacion": "2025-08-01 01:01:00.174298"
  },
  "95ff191b19294098ae4e87ad6edd8b3e1105c.jpeg": {
    "app_sintetizada": "95FF191B19294098AE4E87AD6EDD8B3E1105C.JPEG",
    "cantidad_archivos": 1,
    "archivos_fuente": [
      "Pictures/Fototeca de Fotos.photoslibrary/resources/derivatives/9/95FF191B-1929-4098-AE4E-87AD6EDD8B3E_1_105_c.jpeg"
    ],
    "ultima_modificacion": "2025-08-01 01:01:00.174491"
  },
  "9318c276944c48ffba7d081590d5c8da1105c.jpeg": {
    "app_sintetizada": "9318C276944C48FFBA7D081590D5C8DA1105C.JPEG",
    "cantidad_archivos": 1,
    "archivos_fuente": [
      "Pictures/Fototeca de Fotos.photoslibrary/resources/derivatives/9/9318C276-944C-48FF-BA7D-081590D5C8DA_1_105_c.jpeg"
    ],
    "ultima_modificacion": "2025-08-01 01:01:00.174681"
  },
  "98e12e34dedd4b9aa27c91839a64eafc1105c.jpeg": {
    "app_sintetizada": "98E12E34DEDD4B9AA27C91839A64EAFC1105C.JPEG",
    "cantidad_archivos": 1,
    "archivos_fuente": [
      "Pictures/Fototeca de Fotos.photoslibrary/resources/derivatives/9/98E12E34-DEDD-4B9A-A27C-91839A64EAFC_1_105_c.jpeg"
    ],
    "ultima_modificacion": "2025-08-01 01:01:00.174866"
  },
  "9a39d8be9eab4cdf973b1e6ae10ea8841105c.jpeg": {
    "app_sintetizada": "9A39D8BE9EAB4CDF973B1E6AE10EA8841105C.JPEG",
    "cantidad_archivos": 1,
    "archivos_fuente": [
      "Pictures/Fototeca de Fotos.photoslibrary/resources/derivatives/9/9A39D8BE-9EAB-4CDF-973B-1E6AE10EA884_1_105_c.jpeg"
    ],
    "ultima_modificacion": "2025-08-01 01:01:00.175052"
  },
  "909a4c48eba04338b4d1a3618b69cfae.thm": {
    "app_sintetizada": "909A4C48EBA04338B4D1A3618B69CFAE.THM",
    "cantidad_archivos": 1,
    "archivos_fuente": [
      "Pictures/Fototeca de Fotos.photoslibrary/resources/derivatives/9/909A4C48-EBA0-4338-B4D1-A3618B69CFAE.THM"
    ],
    "ultima_modificacion": "2025-08-01 01:01:00.175253"
  },
  "95181f3de5bf4cec9fdd73f30013a0171105c.jpeg": {
    "app_sintetizada": "95181F3DE5BF4CEC9FDD73F30013A0171105C.JPEG",
    "cantidad_archivos": 1,
    "archivos_fuente": [
      "Pictures/Fototeca de Fotos.photoslibrary/resources/derivatives/9/95181F3D-E5BF-4CEC-9FDD-73F30013A017_1_105_c.jpeg"
    ],
    "ultima_modificacion": "2025-08-01 01:01:00.175443"
  },
  "95337e08822f420899440a7a2d75a24a1105c.jpeg": {
    "app_sintetizada": "95337E08822F420899440A7A2D75A24A1105C.JPEG",
    "cantidad_archivos": 1,
    "archivos_fuente": [
      "Pictures/Fototeca de Fotos.photoslibrary/resources/derivatives/9/95337E08-822F-4208-9944-0A7A2D75A24A_1_105_c.jpeg"
    ],
    "ultima_modificacion": "2025-08-01 01:01:00.175701"
  },
  "92e50151424245318e1909061fe224201105c.jpeg": {
    "app_sintetizada": "92E50151424245318E1909061FE224201105C.JPEG",
    "cantidad_archivos": 1,
    "archivos_fuente": [
      "Pictures/Fototeca de Fotos.photoslibrary/resources/derivatives/9/92E50151-4242-4531-8E19-09061FE22420_1_105_c.jpeg"
    ],
    "ultima_modificacion": "2025-08-01 01:01:00.175980"
  },
  "956055006b7843a2b4141612bd5955831105c.jpeg": {
    "app_sintetizada": "956055006B7843A2B4141612BD5955831105C.JPEG",
    "cantidad_archivos": 1,
    "archivos_fuente": [
      "Pictures/Fototeca de Fotos.photoslibrary/resources/derivatives/9/95605500-6B78-43A2-B414-1612BD595583_1_105_c.jpeg"
    ],
    "ultima_modificacion": "2025-08-01 01:01:00.176281"
  },
  "9cb7856559624773b2d38a2bb3817ddb1105c.jpeg": {
    "app_sintetizada": "9CB7856559624773B2D38A2BB3817DDB1105C.JPEG",
    "cantidad_archivos": 1,
    "archivos_fuente": [
      "Pictures/Fototeca de Fotos.photoslibrary/resources/derivatives/9/9CB78565-5962-4773-B2D3-8A2BB3817DDB_1_105_c.jpeg"
    ],
    "ultima_modificacion": "2025-08-01 01:01:00.176536"
  },
  "9fec24aba87641008c8183d2110d16d01102o.jpeg": {
    "app_sintetizada": "9FEC24ABA87641008C8183D2110D16D01102O.JPEG",
    "cantidad_archivos": 1,
    "archivos_fuente": [
      "Pictures/Fototeca de Fotos.photoslibrary/resources/derivatives/9/9FEC24AB-A876-4100-8C81-83D2110D16D0_1_102_o.jpeg"
    ],
    "ultima_modificacion": "2025-08-01 01:01:00.176838"
  },
  "965d3f376c5f4f719b3b8c3f002adbcb1102o.jpeg": {
    "app_sintetizada": "965D3F376C5F4F719B3B8C3F002ADBCB1102O.JPEG",
    "cantidad_archivos": 1,
    "archivos_fuente": [
      "Pictures/Fototeca de Fotos.photoslibrary/resources/derivatives/9/965D3F37-6C5F-4F71-9B3B-8C3F002ADBCB_1_102_o.jpeg"
    ],
    "ultima_modificacion": "2025-08-01 01:01:00.177050"
  },
  "927fd917f79241eab0a36917b226a752.thm": {
    "app_sintetizada": "927FD917F79241EAB0A36917B226A752.THM",
    "cantidad_archivos": 1,
    "archivos_fuente": [
      "Pictures/Fototeca de Fotos.photoslibrary/resources/derivatives/9/927FD917-F792-41EA-B0A3-6917B226A752.THM"
    ],
    "ultima_modificacion": "2025-08-01 01:01:00.177248"
  },
  "9594702dfb95495fbffb1aae48d938741105c.jpeg": {
    "app_sintetizada": "9594702DFB95495FBFFB1AAE48D938741105C.JPEG",
    "cantidad_archivos": 1,
    "archivos_fuente": [
      "Pictures/Fototeca de Fotos.photoslibrary/resources/derivatives/9/9594702D-FB95-495F-BFFB-1AAE48D93874_1_105_c.jpeg"
    ],
    "ultima_modificacion": "2025-08-01 01:01:00.177429"
  },
  "9aa87837470747019c86d4dd497b72c71105c.jpeg": {
    "app_sintetizada": "9AA87837470747019C86D4DD497B72C71105C.JPEG",
    "cantidad_archivos": 1,
    "archivos_fuente": [
      "Pictures/Fototeca de Fotos.photoslibrary/resources/derivatives/9/9AA87837-4707-4701-9C86-D4DD497B72C7_1_105_c.jpeg"
    ],
    "ultima_modificacion": "2025-08-01 01:01:00.177625"
  },
  "911cc57364fb49d6a99e8d21da5fac7c1105c.jpeg": {
    "app_sintetizada": "911CC57364FB49D6A99E8D21DA5FAC7C1105C.JPEG",
    "cantidad_archivos": 1,
    "archivos_fuente": [
      "Pictures/Fototeca de Fotos.photoslibrary/resources/derivatives/9/911CC573-64FB-49D6-A99E-8D21DA5FAC7C_1_105_c.jpeg"
    ],
    "ultima_modificacion": "2025-08-01 01:01:00.177803"
  },
  "9bb0936994964924be29d10601df67b91105c.jpeg": {
    "app_sintetizada": "9BB0936994964924BE29D10601DF67B91105C.JPEG",
    "cantidad_archivos": 1,
    "archivos_fuente": [
      "Pictures/Fototeca de Fotos.photoslibrary/resources/derivatives/9/9BB09369-9496-4924-BE29-D10601DF67B9_1_105_c.jpeg"
    ],
    "ultima_modificacion": "2025-08-01 01:01:00.178003"
  },
  "997a896491f041b8a859cf3d8da373d01105c.jpeg": {
    "app_sintetizada": "997A896491F041B8A859CF3D8DA373D01105C.JPEG",
    "cantidad_archivos": 1,
    "archivos_fuente": [
      "Pictures/Fototeca de Fotos.photoslibrary/resources/derivatives/9/997A8964-91F0-41B8-A859-CF3D8DA373D0_1_105_c.jpeg"
    ],
    "ultima_modificacion": "2025-08-01 01:01:00.178282"
  },
  "9577db4b36e942239ed26ccfb128ab461105c.jpeg": {
    "app_sintetizada": "9577DB4B36E942239ED26CCFB128AB461105C.JPEG",
    "cantidad_archivos": 1,
    "archivos_fuente": [
      "Pictures/Fototeca de Fotos.photoslibrary/resources/derivatives/9/9577DB4B-36E9-4223-9ED2-6CCFB128AB46_1_105_c.jpeg"
    ],
    "ultima_modificacion": "2025-08-01 01:01:00.178499"
  },
  "92671eabc3604e0c929f53dd8da171df1105c.jpeg": {
    "app_sintetizada": "92671EABC3604E0C929F53DD8DA171DF1105C.JPEG",
    "cantidad_archivos": 1,
    "archivos_fuente": [
      "Pictures/Fototeca de Fotos.photoslibrary/resources/derivatives/9/92671EAB-C360-4E0C-929F-53DD8DA171DF_1_105_c.jpeg"
    ],
    "ultima_modificacion": "2025-08-01 01:01:00.178730"
  },
  "9b2b311243dd427ca5fa4a28a058fb82.thm": {
    "app_sintetizada": "9B2B311243DD427CA5FA4A28A058FB82.THM",
    "cantidad_archivos": 1,
    "archivos_fuente": [
      "Pictures/Fototeca de Fotos.photoslibrary/resources/derivatives/9/9B2B3112-43DD-427C-A5FA-4A28A058FB82.THM"
    ],
    "ultima_modificacion": "2025-08-01 01:01:00.178964"
  },
  "953a518afa97442a86e337f09079c5991105c.jpeg": {
    "app_sintetizada": "953A518AFA97442A86E337F09079C5991105C.JPEG",
    "cantidad_archivos": 1,
    "archivos_fuente": [
      "Pictures/Fototeca de Fotos.photoslibrary/resources/derivatives/9/953A518A-FA97-442A-86E3-37F09079C599_1_105_c.jpeg"
    ],
    "ultima_modificacion": "2025-08-01 01:01:00.179146"
  },
  "97516dd428e7464895cf8218632e301d1105c.jpeg": {
    "app_sintetizada": "97516DD428E7464895CF8218632E301D1105C.JPEG",
    "cantidad_archivos": 1,
    "archivos_fuente": [
      "Pictures/Fototeca de Fotos.photoslibrary/resources/derivatives/9/97516DD4-28E7-4648-95CF-8218632E301D_1_105_c.jpeg"
    ],
    "ultima_modificacion": "2025-08-01 01:01:00.179330"
  },
  "9b144fe81fde4f619c602ec5469b99f61105c.jpeg": {
    "app_sintetizada": "9B144FE81FDE4F619C602EC5469B99F61105C.JPEG",
    "cantidad_archivos": 1,
    "archivos_fuente": [
      "Pictures/Fototeca de Fotos.photoslibrary/resources/derivatives/9/9B144FE8-1FDE-4F61-9C60-2EC5469B99F6_1_105_c.jpeg"
    ],
    "ultima_modificacion": "2025-08-01 01:01:00.179535"
  },
  "91e4fdb7121548feaac403178fc4ff961105c.jpeg": {
    "app_sintetizada": "91E4FDB7121548FEAAC403178FC4FF961105C.JPEG",
    "cantidad_archivos": 1,
    "archivos_fuente": [
      "Pictures/Fototeca de Fotos.photoslibrary/resources/derivatives/9/91E4FDB7-1215-48FE-AAC4-03178FC4FF96_1_105_c.jpeg"
    ],
    "ultima_modificacion": "2025-08-01 01:01:00.180143"
  },
  "946a0340ff1c4d509c9a09413e94e54b1105c.jpeg": {
    "app_sintetizada": "946A0340FF1C4D509C9A09413E94E54B1105C.JPEG",
    "cantidad_archivos": 1,
    "archivos_fuente": [
      "Pictures/Fototeca de Fotos.photoslibrary/resources/derivatives/9/946A0340-FF1C-4D50-9C9A-09413E94E54B_1_105_c.jpeg"
    ],
    "ultima_modificacion": "2025-08-01 01:01:00.180530"
  },
  "9105f7aa016042d7a4ae5397b2a51744.thm": {
    "app_sintetizada": "9105F7AA016042D7A4AE5397B2A51744.THM",
    "cantidad_archivos": 1,
    "archivos_fuente": [
      "Pictures/Fototeca de Fotos.photoslibrary/resources/derivatives/9/9105F7AA-0160-42D7-A4AE-5397B2A51744.THM"
    ],
    "ultima_modificacion": "2025-08-01 01:01:00.180738"
  },
  "9e06a2678b094379ab92b6ba1a1f966a1105c.jpeg": {
    "app_sintetizada": "9E06A2678B094379AB92B6BA1A1F966A1105C.JPEG",
    "cantidad_archivos": 1,
    "archivos_fuente": [
      "Pictures/Fototeca de Fotos.photoslibrary/resources/derivatives/9/9E06A267-8B09-4379-AB92-B6BA1A1F966A_1_105_c.jpeg"
    ],
    "ultima_modificacion": "2025-08-01 01:01:00.180922"
  },
  "9d583ec59605420694a5a00b3666436e1105c.jpeg": {
    "app_sintetizada": "9D583EC59605420694A5A00B3666436E1105C.JPEG",
    "cantidad_archivos": 1,
    "archivos_fuente": [
      "Pictures/Fototeca de Fotos.photoslibrary/resources/derivatives/9/9D583EC5-9605-4206-94A5-A00B3666436E_1_105_c.jpeg"
    ],
    "ultima_modificacion": "2025-08-01 01:01:00.181097"
  },
  "978c91247e854723b22fcc556bd2591e1105c.jpeg": {
    "app_sintetizada": "978C91247E854723B22FCC556BD2591E1105C.JPEG",
    "cantidad_archivos": 1,
    "archivos_fuente": [
      "Pictures/Fototeca de Fotos.photoslibrary/resources/derivatives/9/978C9124-7E85-4723-B22F-CC556BD2591E_1_105_c.jpeg"
    ],
    "ultima_modificacion": "2025-08-01 01:01:00.181280"
  },
  "90abe6b6f06e4042b7277aac366a06811105c.jpeg": {
    "app_sintetizada": "90ABE6B6F06E4042B7277AAC366A06811105C.JPEG",
    "cantidad_archivos": 1,
    "archivos_fuente": [
      "Pictures/Fototeca de Fotos.photoslibrary/resources/derivatives/9/90ABE6B6-F06E-4042-B727-7AAC366A0681_1_105_c.jpeg"
    ],
    "ultima_modificacion": "2025-08-01 01:01:00.181461"
  },
  "9679b2b749854ce595498b12cb495b01.thm": {
    "app_sintetizada": "9679B2B749854CE595498B12CB495B01.THM",
    "cantidad_archivos": 1,
    "archivos_fuente": [
      "Pictures/Fototeca de Fotos.photoslibrary/resources/derivatives/9/9679B2B7-4985-4CE5-9549-8B12CB495B01.THM"
    ],
    "ultima_modificacion": "2025-08-01 01:01:00.181633"
  },
  "959429547ebf4a168d3105b0b2a3684a1105c.jpeg": {
    "app_sintetizada": "959429547EBF4A168D3105B0B2A3684A1105C.JPEG",
    "cantidad_archivos": 1,
    "archivos_fuente": [
      "Pictures/Fototeca de Fotos.photoslibrary/resources/derivatives/9/95942954-7EBF-4A16-8D31-05B0B2A3684A_1_105_c.jpeg"
    ],
    "ultima_modificacion": "2025-08-01 01:01:00.181802"
  },
  "9c166899aba54720ba4c785f2d8c96ba1105c.jpeg": {
    "app_sintetizada": "9C166899ABA54720BA4C785F2D8C96BA1105C.JPEG",
    "cantidad_archivos": 1,
    "archivos_fuente": [
      "Pictures/Fototeca de Fotos.photoslibrary/resources/derivatives/9/9C166899-ABA5-4720-BA4C-785F2D8C96BA_1_105_c.jpeg"
    ],
    "ultima_modificacion": "2025-08-01 01:01:00.181977"
  },
  "93b7ef9613b349cb86e7e12a4fb31d7b1105c.jpeg": {
    "app_sintetizada": "93B7EF9613B349CB86E7E12A4FB31D7B1105C.JPEG",
    "cantidad_archivos": 1,
    "archivos_fuente": [
      "Pictures/Fototeca de Fotos.photoslibrary/resources/derivatives/9/93B7EF96-13B3-49CB-86E7-E12A4FB31D7B_1_105_c.jpeg"
    ],
    "ultima_modificacion": "2025-08-01 01:01:00.182158"
  }
}