{
  "0b937892393f4da797c7baef54843daf1105c.jpeg": {
    "app_sintetizada": "0B937892393F4DA797C7BAEF54843DAF1105C.JPEG",
    "cantidad_archivos": 1,
    "archivos_fuente": [
      "Pictures/Fototeca de Fotos.photoslibrary/resources/derivatives/0/0B937892-393F-4DA7-97C7-BAEF54843DAF_1_105_c.jpeg"
    ],
    "ultima_modificacion": "2025-08-01 01:01:00.502205"
  },
  "0681029ad3804902b7086536a394aa1a1105c.jpeg": {
    "app_sintetizada": "0681029AD3804902B7086536A394AA1A1105C.JPEG",
    "cantidad_archivos": 1,
    "archivos_fuente": [
      "Pictures/Fototeca de Fotos.photoslibrary/resources/derivatives/0/0681029A-D380-4902-B708-6536A394AA1A_1_105_c.jpeg"
    ],
    "ultima_modificacion": "2025-08-01 01:01:00.502493"
  },
  "00ab431620a7400185f849f254aefcf31105c.jpeg": {
    "app_sintetizada": "00AB431620A7400185F849F254AEFCF31105C.JPEG",
    "cantidad_archivos": 1,
    "archivos_fuente": [
      "Pictures/Fototeca de Fotos.photoslibrary/resources/derivatives/0/00AB4316-20A7-4001-85F8-49F254AEFCF3_1_105_c.jpeg"
    ],
    "ultima_modificacion": "2025-08-01 01:01:00.502800"
  },
  "061a3d48ef1147d0b056e5dc94170e2f1105c.jpeg": {
    "app_sintetizada": "061A3D48EF1147D0B056E5DC94170E2F1105C.JPEG",
    "cantidad_archivos": 1,
    "archivos_fuente": [
      "Pictures/Fototeca de Fotos.photoslibrary/resources/derivatives/0/061A3D48-EF11-47D0-B056-E5DC94170E2F_1_105_c.jpeg"
    ],
    "ultima_modificacion": "2025-08-01 01:01:00.503107"
  },
  "04a464dcf6d649449b1a76a1ff6a66791105c.jpeg": {
    "app_sintetizada": "04A464DCF6D649449B1A76A1FF6A66791105C.JPEG",
    "cantidad_archivos": 1,
    "archivos_fuente": [
      "Pictures/Fototeca de Fotos.photoslibrary/resources/derivatives/0/04A464DC-F6D6-4944-9B1A-76A1FF6A6679_1_105_c.jpeg"
    ],
    "ultima_modificacion": "2025-08-01 01:01:00.503405"
  },
  "0645e86399da497f9f0b5a56501b9cde1105c.jpeg": {
    "app_sintetizada": "0645E86399DA497F9F0B5A56501B9CDE1105C.JPEG",
    "cantidad_archivos": 1,
    "archivos_fuente": [
      "Pictures/Fototeca de Fotos.photoslibrary/resources/derivatives/0/0645E863-99DA-497F-9F0B-5A56501B9CDE_1_105_c.jpeg"
    ],
    "ultima_modificacion": "2025-08-01 01:01:00.503693"
  },
  "03abe31aff5445e5990d93ae8dafea871105c.jpeg": {
    "app_sintetizada": "03ABE31AFF5445E5990D93AE8DAFEA871105C.JPEG",
    "cantidad_archivos": 1,
    "archivos_fuente": [
      "Pictures/Fototeca de Fotos.photoslibrary/resources/derivatives/0/03ABE31A-FF54-45E5-990D-93AE8DAFEA87_1_105_c.jpeg"
    ],
    "ultima_modificacion": "2025-08-01 01:01:00.504009"
  },
  "0875b8686927452a8350db7d74ee92ee1105c.jpeg": {
    "app_sintetizada": "0875B8686927452A8350DB7D74EE92EE1105C.JPEG",
    "cantidad_archivos": 1,
    "archivos_fuente": [
      "Pictures/Fototeca de Fotos.photoslibrary/resources/derivatives/0/0875B868-6927-452A-8350-DB7D74EE92EE_1_105_c.jpeg"
    ],
    "ultima_modificacion": "2025-08-01 01:01:00.504312"
  },
  "0219ddaf25e74bddb3a4c3906487d49d1105c.jpeg": {
    "app_sintetizada": "0219DDAF25E74BDDB3A4C3906487D49D1105C.JPEG",
    "cantidad_archivos": 1,
    "archivos_fuente": [
      "Pictures/Fototeca de Fotos.photoslibrary/resources/derivatives/0/0219DDAF-25E7-4BDD-B3A4-C3906487D49D_1_105_c.jpeg"
    ],
    "ultima_modificacion": "2025-08-01 01:01:00.504610"
  },
  "0c20fb34033e45dea6640966773af5be1105c.jpeg": {
    "app_sintetizada": "0C20FB34033E45DEA6640966773AF5BE1105C.JPEG",
    "cantidad_archivos": 1,
    "archivos_fuente": [
      "Pictures/Fototeca de Fotos.photoslibrary/resources/derivatives/0/0C20FB34-033E-45DE-A664-0966773AF5BE_1_105_c.jpeg"
    ],
    "ultima_modificacion": "2025-08-01 01:01:00.504929"
  },
  "077868d376514d96b5b5545c4dcb781b1105c.jpeg": {
    "app_sintetizada": "077868D376514D96B5B5545C4DCB781B1105C.JPEG",
    "cantidad_archivos": 1,
    "archivos_fuente": [
      "Pictures/Fototeca de Fotos.photoslibrary/resources/derivatives/0/077868D3-7651-4D96-B5B5-545C4DCB781B_1_105_c.jpeg"
    ],
    "ultima_modificacion": "2025-08-01 01:01:00.505231"
  },
  "0bea95c949bd4e418dc6357e2cb5ca221105c.jpeg": {
    "app_sintetizada": "0BEA95C949BD4E418DC6357E2CB5CA221105C.JPEG",
    "cantidad_archivos": 1,
    "archivos_fuente": [
      "Pictures/Fototeca de Fotos.photoslibrary/resources/derivatives/0/0BEA95C9-49BD-4E41-8DC6-357E2CB5CA22_1_105_c.jpeg"
    ],
    "ultima_modificacion": "2025-08-01 01:01:00.505560"
  },
  "081a1427e15346ada35353fa2eddf3cc1105c.jpeg": {
    "app_sintetizada": "081A1427E15346ADA35353FA2EDDF3CC1105C.JPEG",
    "cantidad_archivos": 1,
    "archivos_fuente": [
      "Pictures/Fototeca de Fotos.photoslibrary/resources/derivatives/0/081A1427-E153-46AD-A353-53FA2EDDF3CC_1_105_c.jpeg"
    ],
    "ultima_modificacion": "2025-08-01 01:01:00.505882"
  },
  "01860927a36a4b1f87339d5e2e7debcf1105c.jpeg": {
    "app_sintetizada": "01860927A36A4B1F87339D5E2E7DEBCF1105C.JPEG",
    "cantidad_archivos": 1,
    "archivos_fuente": [
      "Pictures/Fototeca de Fotos.photoslibrary/resources/derivatives/0/01860927-A36A-4B1F-8733-9D5E2E7DEBCF_1_105_c.jpeg"
    ],
    "ultima_modificacion": "2025-08-01 01:01:00.506201"
  },
  "094b783f66534f8c8858e6c59f9dfc6e1105c.jpeg": {
    "app_sintetizada": "094B783F66534F8C8858E6C59F9DFC6E1105C.JPEG",
    "cantidad_archivos": 1,
    "archivos_fuente": [
      "Pictures/Fototeca de Fotos.photoslibrary/resources/derivatives/0/094B783F-6653-4F8C-8858-E6C59F9DFC6E_1_105_c.jpeg"
    ],
    "ultima_modificacion": "2025-08-01 01:01:00.506489"
  },
  "012961c2a0b94e3fac0557a1539e774b1105c.jpeg": {
    "app_sintetizada": "012961C2A0B94E3FAC0557A1539E774B1105C.JPEG",
    "cantidad_archivos": 1,
    "archivos_fuente": [
      "Pictures/Fototeca de Fotos.photoslibrary/resources/derivatives/0/012961C2-A0B9-4E3F-AC05-57A1539E774B_1_105_c.jpeg"
    ],
    "ultima_modificacion": "2025-08-01 01:01:00.506757"
  },
  "08fa2278670c4193a034408460ecb1841105c.jpeg": {
    "app_sintetizada": "08FA2278670C4193A034408460ECB1841105C.JPEG",
    "cantidad_archivos": 1,
    "archivos_fuente": [
      "Pictures/Fototeca de Fotos.photoslibrary/resources/derivatives/0/08FA2278-670C-4193-A034-408460ECB184_1_105_c.jpeg"
    ],
    "ultima_modificacion": "2025-08-01 01:01:00.507070"
  },
  "03d5c3dc5f5a4e388085a989d8c771c01105c.jpeg": {
    "app_sintetizada": "03D5C3DC5F5A4E388085A989D8C771C01105C.JPEG",
    "cantidad_archivos": 1,
    "archivos_fuente": [
      "Pictures/Fototeca de Fotos.photoslibrary/resources/derivatives/0/03D5C3DC-5F5A-4E38-8085-A989D8C771C0_1_105_c.jpeg"
    ],
    "ultima_modificacion": "2025-08-01 01:01:00.507351"
  },
  "0b991bb09c704e8fba66a253e8fddae01105c.jpeg": {
    "app_sintetizada": "0B991BB09C704E8FBA66A253E8FDDAE01105C.JPEG",
    "cantidad_archivos": 1,
    "archivos_fuente": [
      "Pictures/Fototeca de Fotos.photoslibrary/resources/derivatives/0/0B991BB0-9C70-4E8F-BA66-A253E8FDDAE0_1_105_c.jpeg"
    ],
    "ultima_modificacion": "2025-08-01 01:01:00.507672"
  },
  "0711b4761ee848f280bbb30a50d4da3c1105c.jpeg": {
    "app_sintetizada": "0711B4761EE848F280BBB30A50D4DA3C1105C.JPEG",
    "cantidad_archivos": 1,
    "archivos_fuente": [
      "Pictures/Fototeca de Fotos.photoslibrary/resources/derivatives/0/0711B476-1EE8-48F2-80BB-B30A50D4DA3C_1_105_c.jpeg"
    ],
    "ultima_modificacion": "2025-08-01 01:01:00.507957"
  },
  "019680ee89034454bd2863270813ed7e1105c.jpeg": {
    "app_sintetizada": "019680EE89034454BD2863270813ED7E1105C.JPEG",
    "cantidad_archivos": 1,
    "archivos_fuente": [
      "Pictures/Fototeca de Fotos.photoslibrary/resources/derivatives/0/019680EE-8903-4454-BD28-63270813ED7E_1_105_c.jpeg"
    ],
    "ultima_modificacion": "2025-08-01 01:01:00.508256"
  },
  "08c3030350fe427cb1c344df7599c7c3.thm": {
    "app_sintetizada": "08C3030350FE427CB1C344DF7599C7C3.THM",
    "cantidad_archivos": 1,
    "archivos_fuente": [
      "Pictures/Fototeca de Fotos.photoslibrary/resources/derivatives/0/08C30303-50FE-427C-B1C3-44DF7599C7C3.THM"
    ],
    "ultima_modificacion": "2025-08-01 01:01:00.508536"
  },
  "0a1ec83fb1de4ff89975336b20d7bc531105c.jpeg": {
    "app_sintetizada": "0A1EC83FB1DE4FF89975336B20D7BC531105C.JPEG",
    "cantidad_archivos": 1,
    "archivos_fuente": [
      "Pictures/Fototeca de Fotos.photoslibrary/resources/derivatives/0/0A1EC83F-B1DE-4FF8-9975-336B20D7BC53_1_105_c.jpeg"
    ],
    "ultima_modificacion": "2025-08-01 01:01:00.508851"
  },
  "0c057a41ffa147b2a5e5c45f68d393581105c.jpeg": {
    "app_sintetizada": "0C057A41FFA147B2A5E5C45F68D393581105C.JPEG",
    "cantidad_archivos": 1,
    "archivos_fuente": [
      "Pictures/Fototeca de Fotos.photoslibrary/resources/derivatives/0/0C057A41-FFA1-47B2-A5E5-C45F68D39358_1_105_c.jpeg"
    ],
    "ultima_modificacion": "2025-08-01 01:01:00.509159"
  },
  "06dd261744b6463fa312295e04647ce51105c.jpeg": {
    "app_sintetizada": "06DD261744B6463FA312295E04647CE51105C.JPEG",
    "cantidad_archivos": 1,
    "archivos_fuente": [
      "Pictures/Fototeca de Fotos.photoslibrary/resources/derivatives/0/06DD2617-44B6-463F-A312-295E04647CE5_1_105_c.jpeg"
    ],
    "ultima_modificacion": "2025-08-01 01:01:00.509510"
  },
  "0e1bac9733734d8da5a64c3e0a5f39b01105c.jpeg": {
    "app_sintetizada": "0E1BAC9733734D8DA5A64C3E0A5F39B01105C.JPEG",
    "cantidad_archivos": 1,
    "archivos_fuente": [
      "Pictures/Fototeca de Fotos.photoslibrary/resources/derivatives/0/0E1BAC97-3373-4D8D-A5A6-4C3E0A5F39B0_1_105_c.jpeg"
    ],
    "ultima_modificacion": "2025-08-01 01:01:00.509881"
  },
  "081af85616384696825541390adc17e51105c.jpeg": {
    "app_sintetizada": "081AF85616384696825541390ADC17E51105C.JPEG",
    "cantidad_archivos": 1,
    "archivos_fuente": [
      "Pictures/Fototeca de Fotos.photoslibrary/resources/derivatives/0/081AF856-1638-4696-8255-41390ADC17E5_1_105_c.jpeg"
    ],
    "ultima_modificacion": "2025-08-01 01:01:00.510195"
  },
  "028a583ec98a4cd1995073bd408ef0af1105c.jpeg": {
    "app_sintetizada": "028A583EC98A4CD1995073BD408EF0AF1105C.JPEG",
    "cantidad_archivos": 1,
    "archivos_fuente": [
      "Pictures/Fototeca de Fotos.photoslibrary/resources/derivatives/0/028A583E-C98A-4CD1-9950-73BD408EF0AF_1_105_c.jpeg"
    ],
    "ultima_modificacion": "2025-08-01 01:01:00.510492"
  },
  "03dc0a792b72415483102edde1e0e1ef1102o.jpeg": {
    "app_sintetizada": "03DC0A792B72415483102EDDE1E0E1EF1102O.JPEG",
    "cantidad_archivos": 1,
    "archivos_fuente": [
      "Pictures/Fototeca de Fotos.photoslibrary/resources/derivatives/0/03DC0A79-2B72-4154-8310-2EDDE1E0E1EF_1_102_o.jpeg"
    ],
    "ultima_modificacion": "2025-08-01 01:01:00.510825"
  },
  "02cf206f1d874ed59f142b204944e5431105c.jpeg": {
    "app_sintetizada": "02CF206F1D874ED59F142B204944E5431105C.JPEG",
    "cantidad_archivos": 1,
    "archivos_fuente": [
      "Pictures/Fototeca de Fotos.photoslibrary/resources/derivatives/0/02CF206F-1D87-4ED5-9F14-2B204944E543_1_105_c.jpeg"
    ],
    "ultima_modificacion": "2025-08-01 01:01:00.511080"
  },
  "0bbd2048bac74dffab939001413d32b6.thm": {
    "app_sintetizada": "0BBD2048BAC74DFFAB939001413D32B6.THM",
    "cantidad_archivos": 1,
    "archivos_fuente": [
      "Pictures/Fototeca de Fotos.photoslibrary/resources/derivatives/0/0BBD2048-BAC7-4DFF-AB93-9001413D32B6.THM"
    ],
    "ultima_modificacion": "2025-08-01 01:01:00.511355"
  },
  "0a18787381224b68a9d9dec5eb823c961105c.jpeg": {
    "app_sintetizada": "0A18787381224B68A9D9DEC5EB823C961105C.JPEG",
    "cantidad_archivos": 1,
    "archivos_fuente": [
      "Pictures/Fototeca de Fotos.photoslibrary/resources/derivatives/0/0A187873-8122-4B68-A9D9-DEC5EB823C96_1_105_c.jpeg"
    ],
    "ultima_modificacion": "2025-08-01 01:01:00.511602"
  },
  "0e74323a45a04dcca3b9242aafce848a1105c.jpeg": {
    "app_sintetizada": "0E74323A45A04DCCA3B9242AAFCE848A1105C.JPEG",
    "cantidad_archivos": 1,
    "archivos_fuente": [
      "Pictures/Fototeca de Fotos.photoslibrary/resources/derivatives/0/0E74323A-45A0-4DCC-A3B9-242AAFCE848A_1_105_c.jpeg"
    ],
    "ultima_modificacion": "2025-08-01 01:01:00.511897"
  },
  "07fbacca3fa548b5bb575f45abd4f6b81105c.jpeg": {
    "app_sintetizada": "07FBACCA3FA548B5BB575F45ABD4F6B81105C.JPEG",
    "cantidad_archivos": 1,
    "archivos_fuente": [
      "Pictures/Fototeca de Fotos.photoslibrary/resources/derivatives/0/07FBACCA-3FA5-48B5-BB57-5F45ABD4F6B8_1_105_c.jpeg"
    ],
    "ultima_modificacion": "2025-08-01 01:01:00.512142"
  },
  "0b1fd4b17b7642e9809b744fcb89dd851105c.jpeg": {
    "app_sintetizada": "0B1FD4B17B7642E9809B744FCB89DD851105C.JPEG",
    "cantidad_archivos": 1,
    "archivos_fuente": [
      "Pictures/Fototeca de Fotos.photoslibrary/resources/derivatives/0/0B1FD4B1-7B76-42E9-809B-744FCB89DD85_1_105_c.jpeg"
    ],
    "ultima_modificacion": "2025-08-01 01:01:00.512406"
  },
  "00a726f56e5e463fb69a463c92abeb921105c.jpeg": {
    "app_sintetizada": "00A726F56E5E463FB69A463C92ABEB921105C.JPEG",
    "cantidad_archivos": 1,
    "archivos_fuente": [
      "Pictures/Fototeca de Fotos.photoslibrary/resources/derivatives/0/00A726F5-6E5E-463F-B69A-463C92ABEB92_1_105_c.jpeg"
    ],
    "ultima_modificacion": "2025-08-01 01:01:00.512650"
  },
  "0d55b5b704b74b838b028295beb6f29b1100o.jpeg": {
    "app_sintetizada": "0D55B5B704B74B838B028295BEB6F29B1100O.JPEG",
    "cantidad_archivos": 1,
    "archivos_fuente": [
      "Pictures/Fototeca de Fotos.photoslibrary/resources/derivatives/0/0D55B5B7-04B7-4B83-8B02-8295BEB6F29B_1_100_o.jpeg"
    ],
    "ultima_modificacion": "2025-08-01 01:01:00.512961"
  },
  "00ed2208251b40fbbc3f2ea29d2b63b41105c.jpeg": {
    "app_sintetizada": "00ED2208251B40FBBC3F2EA29D2B63B41105C.JPEG",
    "cantidad_archivos": 1,
    "archivos_fuente": [
      "Pictures/Fototeca de Fotos.photoslibrary/resources/derivatives/0/00ED2208-251B-40FB-BC3F-2EA29D2B63B4_1_105_c.jpeg"
    ],
    "ultima_modificacion": "2025-08-01 01:01:00.513227"
  },
  "07b2458787204b18ad5c1ad2ab259f571105c.jpeg": {
    "app_sintetizada": "07B2458787204B18AD5C1AD2AB259F571105C.JPEG",
    "cantidad_archivos": 1,
    "archivos_fuente": [
      "Pictures/Fototeca de Fotos.photoslibrary/resources/derivatives/0/07B24587-8720-4B18-AD5C-1AD2AB259F57_1_105_c.jpeg"
    ],
    "ultima_modificacion": "2025-08-01 01:01:00.513507"
  },
  "0a6402def1f04721829dc9aa51b2a6c41105c.jpeg": {
    "app_sintetizada": "0A6402DEF1F04721829DC9AA51B2A6C41105C.JPEG",
    "cantidad_archivos": 1,
    "archivos_fuente": [
      "Pictures/Fototeca de Fotos.photoslibrary/resources/derivatives/0/0A6402DE-F1F0-4721-829D-C9AA51B2A6C4_1_105_c.jpeg"
    ],
    "ultima_modificacion": "2025-08-01 01:01:00.514337"
  },
  "01dcf56554dd483aafd0ab7ab7baebf51105c.jpeg": {
    "app_sintetizada": "01DCF56554DD483AAFD0AB7AB7BAEBF51105C.JPEG",
    "cantidad_archivos": 1,
    "archivos_fuente": [
      "Pictures/Fototeca de Fotos.photoslibrary/resources/derivatives/0/01DCF565-54DD-483A-AFD0-AB7AB7BAEBF5_1_105_c.jpeg"
    ],
    "ultima_modificacion": "2025-08-01 01:01:00.514693"
  },
  "05ab39f6fcc442aca57590c6afe751d01105c.jpeg": {
    "app_sintetizada": "05AB39F6FCC442ACA57590C6AFE751D01105C.JPEG",
    "cantidad_archivos": 1,
    "archivos_fuente": [
      "Pictures/Fototeca de Fotos.photoslibrary/resources/derivatives/0/05AB39F6-FCC4-42AC-A575-90C6AFE751D0_1_105_c.jpeg"
    ],
    "ultima_modificacion": "2025-08-01 01:01:00.514991"
  },
  "0c0bee4db3624eddb1939331bfad567b1102o.jpeg": {
    "app_sintetizada": "0C0BEE4DB3624EDDB1939331BFAD567B1102O.JPEG",
    "cantidad_archivos": 1,
    "archivos_fuente": [
      "Pictures/Fototeca de Fotos.photoslibrary/resources/derivatives/0/0C0BEE4D-B362-4EDD-B193-9331BFAD567B_1_102_o.jpeg"
    ],
    "ultima_modificacion": "2025-08-01 01:01:00.515250"
  },
  "03e2f8d82e50489391eac9f80286e9471105c.jpeg": {
    "app_sintetizada": "03E2F8D82E50489391EAC9F80286E9471105C.JPEG",
    "cantidad_archivos": 1,
    "archivos_fuente": [
      "Pictures/Fototeca de Fotos.photoslibrary/resources/derivatives/0/03E2F8D8-2E50-4893-91EA-C9F80286E947_1_105_c.jpeg"
    ],
    "ultima_modificacion": "2025-08-01 01:01:00.515500"
  },
  "0acea324d003473b9787fff7ad0709931105c.jpeg": {
    "app_sintetizada": "0ACEA324D003473B9787FFF7AD0709931105C.JPEG",
    "cantidad_archivos": 1,
    "archivos_fuente": [
      "Pictures/Fototeca de Fotos.photoslibrary/resources/derivatives/0/0ACEA324-D003-473B-9787-FFF7AD070993_1_105_c.jpeg"
    ],
    "ultima_modificacion": "2025-08-01 01:01:00.515893"
  },
  "0d5739f0fdef4c5e992162ab4ce481fd1105c.jpeg": {
    "app_sintetizada": "0D5739F0FDEF4C5E992162AB4CE481FD1105C.JPEG",
    "cantidad_archivos": 1,
    "archivos_fuente": [
      "Pictures/Fototeca de Fotos.photoslibrary/resources/derivatives/0/0D5739F0-FDEF-4C5E-9921-62AB4CE481FD_1_105_c.jpeg"
    ],
    "ultima_modificacion": "2025-08-01 01:01:00.516211"
  },
  "0fc8e2bba5cf4fc1ba90ed7803bad2f1.thm": {
    "app_sintetizada": "0FC8E2BBA5CF4FC1BA90ED7803BAD2F1.THM",
    "cantidad_archivos": 1,
    "archivos_fuente": [
      "Pictures/Fototeca de Fotos.photoslibrary/resources/derivatives/0/0FC8E2BB-A5CF-4FC1-BA90-ED7803BAD2F1.THM"
    ],
    "ultima_modificacion": "2025-08-01 01:01:00.516474"
  },
  "013bf10d7aa34e88ab139610bca6b1221105c.jpeg": {
    "app_sintetizada": "013BF10D7AA34E88AB139610BCA6B1221105C.JPEG",
    "cantidad_archivos": 1,
    "archivos_fuente": [
      "Pictures/Fototeca de Fotos.photoslibrary/resources/derivatives/0/013BF10D-7AA3-4E88-AB13-9610BCA6B122_1_105_c.jpeg"
    ],
    "ultima_modificacion": "2025-08-01 01:01:00.516764"
  },
  "09620165af4b4a2a87499c19c018e9da1105c.jpeg": {
    "app_sintetizada": "09620165AF4B4A2A87499C19C018E9DA1105C.JPEG",
    "cantidad_archivos": 1,
    "archivos_fuente": [
      "Pictures/Fototeca de Fotos.photoslibrary/resources/derivatives/0/09620165-AF4B-4A2A-8749-9C19C018E9DA_1_105_c.jpeg"
    ],
    "ultima_modificacion": "2025-08-01 01:01:00.516986"
  },
  "083acfbb8da348b6a9572b6227301b4e1105c.jpeg": {
    "app_sintetizada": "083ACFBB8DA348B6A9572B6227301B4E1105C.JPEG",
    "cantidad_archivos": 1,
    "archivos_fuente": [
      "Pictures/Fototeca de Fotos.photoslibrary/resources/derivatives/0/083ACFBB-8DA3-48B6-A957-2B6227301B4E_1_105_c.jpeg"
    ],
    "ultima_modificacion": "2025-08-01 01:01:00.517186"
  },
  "040672373b744c3585513851742e20f51105c.jpeg": {
    "app_sintetizada": "040672373B744C3585513851742E20F51105C.JPEG",
    "cantidad_archivos": 1,
    "archivos_fuente": [
      "Pictures/Fototeca de Fotos.photoslibrary/resources/derivatives/0/04067237-3B74-4C35-8551-3851742E20F5_1_105_c.jpeg"
    ],
    "ultima_modificacion": "2025-08-01 01:01:00.517401"
  },
  "0605553b4a7e4fb0a86808deb69e9d591105c.jpeg": {
    "app_sintetizada": "0605553B4A7E4FB0A86808DEB69E9D591105C.JPEG",
    "cantidad_archivos": 1,
    "archivos_fuente": [
      "Pictures/Fototeca de Fotos.photoslibrary/resources/derivatives/0/0605553B-4A7E-4FB0-A868-08DEB69E9D59_1_105_c.jpeg"
    ],
    "ultima_modificacion": "2025-08-01 01:01:00.517602"
  },
  "0fafba71b3a14118a917da18266841c61105c.jpeg": {
    "app_sintetizada": "0FAFBA71B3A14118A917DA18266841C61105C.JPEG",
    "cantidad_archivos": 1,
    "archivos_fuente": [
      "Pictures/Fototeca de Fotos.photoslibrary/resources/derivatives/0/0FAFBA71-B3A1-4118-A917-DA18266841C6_1_105_c.jpeg"
    ],
    "ultima_modificacion": "2025-08-01 01:01:00.517851"
  },
  "05ab49c418ca4a758c14f9de2d619a221105c.jpeg": {
    "app_sintetizada": "05AB49C418CA4A758C14F9DE2D619A221105C.JPEG",
    "cantidad_archivos": 1,
    "archivos_fuente": [
      "Pictures/Fototeca de Fotos.photoslibrary/resources/derivatives/0/05AB49C4-18CA-4A75-8C14-F9DE2D619A22_1_105_c.jpeg"
    ],
    "ultima_modificacion": "2025-08-01 01:01:00.518205"
  },
  "05cdd58230df496bb6f1e2e7e7cf46921105c.jpeg": {
    "app_sintetizada": "05CDD58230DF496BB6F1E2E7E7CF46921105C.JPEG",
    "cantidad_archivos": 1,
    "archivos_fuente": [
      "Pictures/Fototeca de Fotos.photoslibrary/resources/derivatives/0/05CDD582-30DF-496B-B6F1-E2E7E7CF4692_1_105_c.jpeg"
    ],
    "ultima_modificacion": "2025-08-01 01:01:00.518419"
  },
  "07252e7cdf324287bf6c76a9e3a53f241105c.jpeg": {
    "app_sintetizada": "07252E7CDF324287BF6C76A9E3A53F241105C.JPEG",
    "cantidad_archivos": 1,
    "archivos_fuente": [
      "Pictures/Fototeca de Fotos.photoslibrary/resources/derivatives/0/07252E7C-DF32-4287-BF6C-76A9E3A53F24_1_105_c.jpeg"
    ],
    "ultima_modificacion": "2025-08-01 01:01:00.518622"
  },
  "0d9e55240912493182d47e0da686902e1105c.jpeg": {
    "app_sintetizada": "0D9E55240912493182D47E0DA686902E1105C.JPEG",
    "cantidad_archivos": 1,
    "archivos_fuente": [
      "Pictures/Fototeca de Fotos.photoslibrary/resources/derivatives/0/0D9E5524-0912-4931-82D4-7E0DA686902E_1_105_c.jpeg"
    ],
    "ultima_modificacion": "2025-08-01 01:01:00.518815"
  },
  "0043e846768e442284df9f56791c10321105c.jpeg": {
    "app_sintetizada": "0043E846768E442284DF9F56791C10321105C.JPEG",
    "cantidad_archivos": 1,
    "archivos_fuente": [
      "Pictures/Fototeca de Fotos.photoslibrary/resources/derivatives/0/0043E846-768E-4422-84DF-9F56791C1032_1_105_c.jpeg"
    ],
    "ultima_modificacion": "2025-08-01 01:01:00.519004"
  },
  "0091d0a227db41c8bbe6332b7c0c2bed1105c.jpeg": {
    "app_sintetizada": "0091D0A227DB41C8BBE6332B7C0C2BED1105C.JPEG",
    "cantidad_archivos": 1,
    "archivos_fuente": [
      "Pictures/Fototeca de Fotos.photoslibrary/resources/derivatives/0/0091D0A2-27DB-41C8-BBE6-332B7C0C2BED_1_105_c.jpeg"
    ],
    "ultima_modificacion": "2025-08-01 01:01:00.519192"
  },
  "0732996be7c04941a0e0d92b16a51a641105c.jpeg": {
    "app_sintetizada": "0732996BE7C04941A0E0D92B16A51A641105C.JPEG",
    "cantidad_archivos": 1,
    "archivos_fuente": [
      "Pictures/Fototeca de Fotos.photoslibrary/resources/derivatives/0/0732996B-E7C0-4941-A0E0-D92B16A51A64_1_105_c.jpeg"
    ],
    "ultima_modificacion": "2025-08-01 01:01:00.519388"
  },
  "0449a9bffb3d4da1b5e7aa20ea78bfbb1105c.jpeg": {
    "app_sintetizada": "0449A9BFFB3D4DA1B5E7AA20EA78BFBB1105C.JPEG",
    "cantidad_archivos": 1,
    "archivos_fuente": [
      "Pictures/Fototeca de Fotos.photoslibrary/resources/derivatives/0/0449A9BF-FB3D-4DA1-B5E7-AA20EA78BFBB_1_105_c.jpeg"
    ],
    "ultima_modificacion": "2025-08-01 01:01:00.519645"
  },
  "012fbc4f7aba4c0b9291a686252545b81105c.jpeg": {
    "app_sintetizada": "012FBC4F7ABA4C0B9291A686252545B81105C.JPEG",
    "cantidad_archivos": 1,
    "archivos_fuente": [
      "Pictures/Fototeca de Fotos.photoslibrary/resources/derivatives/0/012FBC4F-7ABA-4C0B-9291-A686252545B8_1_105_c.jpeg"
    ],
    "ultima_modificacion": "2025-08-01 01:01:00.519935"
  },
  "075da6ae36684c86af70c7cbf76210451105c.jpeg": {
    "app_sintetizada": "075DA6AE36684C86AF70C7CBF76210451105C.JPEG",
    "cantidad_archivos": 1,
    "archivos_fuente": [
      "Pictures/Fototeca de Fotos.photoslibrary/resources/derivatives/0/075DA6AE-3668-4C86-AF70-C7CBF7621045_1_105_c.jpeg"
    ],
    "ultima_modificacion": "2025-08-01 01:01:00.520171"
  },
  "0b9b7f4078f0422ca52f4f4d4f6d78a91105c.jpeg": {
    "app_sintetizada": "0B9B7F4078F0422CA52F4F4D4F6D78A91105C.JPEG",
    "cantidad_archivos": 1,
    "archivos_fuente": [
      "Pictures/Fototeca de Fotos.photoslibrary/resources/derivatives/0/0B9B7F40-78F0-422C-A52F-4F4D4F6D78A9_1_105_c.jpeg"
    ],
    "ultima_modificacion": "2025-08-01 01:01:00.520423"
  },
  "0ad5b4984531408cb06e9abc78d6c1971105c.jpeg": {
    "app_sintetizada": "0AD5B4984531408CB06E9ABC78D6C1971105C.JPEG",
    "cantidad_archivos": 1,
    "archivos_fuente": [
      "Pictures/Fototeca de Fotos.photoslibrary/resources/derivatives/0/0AD5B498-4531-408C-B06E-9ABC78D6C197_1_105_c.jpeg"
    ],
    "ultima_modificacion": "2025-08-01 01:01:00.520760"
  },
  "0f59b6ff426c4195b41e23378a0782d21105c.jpeg": {
    "app_sintetizada": "0F59B6FF426C4195B41E23378A0782D21105C.JPEG",
    "cantidad_archivos": 1,
    "archivos_fuente": [
      "Pictures/Fototeca de Fotos.photoslibrary/resources/derivatives/0/0F59B6FF-426C-4195-B41E-23378A0782D2_1_105_c.jpeg"
    ],
    "ultima_modificacion": "2025-08-01 01:01:00.521082"
  },
  "0ec19b895e444f42958ff7c7e04ab9a81105c.jpeg": {
    "app_sintetizada": "0EC19B895E444F42958FF7C7E04AB9A81105C.JPEG",
    "cantidad_archivos": 1,
    "archivos_fuente": [
      "Pictures/Fototeca de Fotos.photoslibrary/resources/derivatives/0/0EC19B89-5E44-4F42-958F-F7C7E04AB9A8_1_105_c.jpeg"
    ],
    "ultima_modificacion": "2025-08-01 01:01:00.521296"
  },
  "0aa52b832d9a412797431392f97c4ce71105c.jpeg": {
    "app_sintetizada": "0AA52B832D9A412797431392F97C4CE71105C.JPEG",
    "cantidad_archivos": 1,
    "archivos_fuente": [
      "Pictures/Fototeca de Fotos.photoslibrary/resources/derivatives/0/0AA52B83-2D9A-4127-9743-1392F97C4CE7_1_105_c.jpeg"
    ],
    "ultima_modificacion": "2025-08-01 01:01:00.521499"
  },
  "076809e1b31e45c2a9809e55a7ede1241105c.jpeg": {
    "app_sintetizada": "076809E1B31E45C2A9809E55A7EDE1241105C.JPEG",
    "cantidad_archivos": 1,
    "archivos_fuente": [
      "Pictures/Fototeca de Fotos.photoslibrary/resources/derivatives/0/076809E1-B31E-45C2-A980-9E55A7EDE124_1_105_c.jpeg"
    ],
    "ultima_modificacion": "2025-08-01 01:01:00.521683"
  },
  "0752442802834554b47f55e890ed920f1105c.jpeg": {
    "app_sintetizada": "0752442802834554B47F55E890ED920F1105C.JPEG",
    "cantidad_archivos": 1,
    "archivos_fuente": [
      "Pictures/Fototeca de Fotos.photoslibrary/resources/derivatives/0/07524428-0283-4554-B47F-55E890ED920F_1_105_c.jpeg"
    ],
    "ultima_modificacion": "2025-08-01 01:01:00.521861"
  },
  "0b5e519e7c2243ba9ef7aa4e73f6f89b1105c.jpeg": {
    "app_sintetizada": "0B5E519E7C2243BA9EF7AA4E73F6F89B1105C.JPEG",
    "cantidad_archivos": 1,
    "archivos_fuente": [
      "Pictures/Fototeca de Fotos.photoslibrary/resources/derivatives/0/0B5E519E-7C22-43BA-9EF7-AA4E73F6F89B_1_105_c.jpeg"
    ],
    "ultima_modificacion": "2025-08-01 01:01:00.522070"
  },
  "07fe879d023842dea6c1bb57b79111151105c.jpeg": {
    "app_sintetizada": "07FE879D023842DEA6C1BB57B79111151105C.JPEG",
    "cantidad_archivos": 1,
    "archivos_fuente": [
      "Pictures/Fototeca de Fotos.photoslibrary/resources/derivatives/0/07FE879D-0238-42DE-A6C1-BB57B7911115_1_105_c.jpeg"
    ],
    "ultima_modificacion": "2025-08-01 01:01:00.522250"
  },
  "01ab00214c8a4a47957f44e99f547b9d1105c.jpeg": {
    "app_sintetizada": "01AB00214C8A4A47957F44E99F547B9D1105C.JPEG",
    "cantidad_archivos": 1,
    "archivos_fuente": [
      "Pictures/Fototeca de Fotos.photoslibrary/resources/derivatives/0/01AB0021-4C8A-4A47-957F-44E99F547B9D_1_105_c.jpeg"
    ],
    "ultima_modificacion": "2025-08-01 01:01:00.522440"
  },
  "0a715308d6224456be10c0c69674c8291105c.jpeg": {
    "app_sintetizada": "0A715308D6224456BE10C0C69674C8291105C.JPEG",
    "cantidad_archivos": 1,
    "archivos_fuente": [
      "Pictures/Fototeca de Fotos.photoslibrary/resources/derivatives/0/0A715308-D622-4456-BE10-C0C69674C829_1_105_c.jpeg"
    ],
    "ultima_modificacion": "2025-08-01 01:01:00.522616"
  },
  "0a54587bcc5e4f3887674ae30d914e461105c.jpeg": {
    "app_sintetizada": "0A54587BCC5E4F3887674AE30D914E461105C.JPEG",
    "cantidad_archivos": 1,
    "archivos_fuente": [
      "Pictures/Fototeca de Fotos.photoslibrary/resources/derivatives/0/0A54587B-CC5E-4F38-8767-4AE30D914E46_1_105_c.jpeg"
    ],
    "ultima_modificacion": "2025-08-01 01:01:00.522810"
  },
  "0c46ee9df6d544f39f02b00046d1e5291105c.jpeg": {
    "app_sintetizada": "0C46EE9DF6D544F39F02B00046D1E5291105C.JPEG",
    "cantidad_archivos": 1,
    "archivos_fuente": [
      "Pictures/Fototeca de Fotos.photoslibrary/resources/derivatives/0/0C46EE9D-F6D5-44F3-9F02-B00046D1E529_1_105_c.jpeg"
    ],
    "ultima_modificacion": "2025-08-01 01:01:00.523087"
  },
  "0ded153d738d4ce7899b7ccb3a8693621105c.jpeg": {
    "app_sintetizada": "0DED153D738D4CE7899B7CCB3A8693621105C.JPEG",
    "cantidad_archivos": 1,
    "archivos_fuente": [
      "Pictures/Fototeca de Fotos.photoslibrary/resources/derivatives/0/0DED153D-738D-4CE7-899B-7CCB3A869362_1_105_c.jpeg"
    ],
    "ultima_modificacion": "2025-08-01 01:01:00.523317"
  },
  "00cef8d62f084275a2feddd6dfab36681105c.jpeg": {
    "app_sintetizada": "00CEF8D62F084275A2FEDDD6DFAB36681105C.JPEG",
    "cantidad_archivos": 1,
    "archivos_fuente": [
      "Pictures/Fototeca de Fotos.photoslibrary/resources/derivatives/0/00CEF8D6-2F08-4275-A2FE-DDD6DFAB3668_1_105_c.jpeg"
    ],
    "ultima_modificacion": "2025-08-01 01:01:00.523665"
  },
  "01ab1bcc31414dbe8db5dbf739ed29761105c.jpeg": {
    "app_sintetizada": "01AB1BCC31414DBE8DB5DBF739ED29761105C.JPEG",
    "cantidad_archivos": 1,
    "archivos_fuente": [
      "Pictures/Fototeca de Fotos.photoslibrary/resources/derivatives/0/01AB1BCC-3141-4DBE-8DB5-DBF739ED2976_1_105_c.jpeg"
    ],
    "ultima_modificacion": "2025-08-01 01:01:00.523967"
  },
  "043ddde508e84252be5cb23ac2be48f81105c.jpeg": {
    "app_sintetizada": "043DDDE508E84252BE5CB23AC2BE48F81105C.JPEG",
    "cantidad_archivos": 1,
    "archivos_fuente": [
      "Pictures/Fototeca de Fotos.photoslibrary/resources/derivatives/0/043DDDE5-08E8-4252-BE5C-B23AC2BE48F8_1_105_c.jpeg"
    ],
    "ultima_modificacion": "2025-08-01 01:01:00.524235"
  },
  "0dd1e066b5fc48de86413c8a480268981105c.jpeg": {
    "app_sintetizada": "0DD1E066B5FC48DE86413C8A480268981105C.JPEG",
    "cantidad_archivos": 1,
    "archivos_fuente": [
      "Pictures/Fototeca de Fotos.photoslibrary/resources/derivatives/0/0DD1E066-B5FC-48DE-8641-3C8A48026898_1_105_c.jpeg"
    ],
    "ultima_modificacion": "2025-08-01 01:01:00.524528"
  },
  "0844e4bef4004252a731f443790790d11105c.jpeg": {
    "app_sintetizada": "0844E4BEF4004252A731F443790790D11105C.JPEG",
    "cantidad_archivos": 1,
    "archivos_fuente": [
      "Pictures/Fototeca de Fotos.photoslibrary/resources/derivatives/0/0844E4BE-F400-4252-A731-F443790790D1_1_105_c.jpeg"
    ],
    "ultima_modificacion": "2025-08-01 01:01:00.524781"
  },
  "057aea9bc0ba48a8a2bc239c9b9134fa1105c.jpeg": {
    "app_sintetizada": "057AEA9BC0BA48A8A2BC239C9B9134FA1105C.JPEG",
    "cantidad_archivos": 1,
    "archivos_fuente": [
      "Pictures/Fototeca de Fotos.photoslibrary/resources/derivatives/0/057AEA9B-C0BA-48A8-A2BC-239C9B9134FA_1_105_c.jpeg"
    ],
    "ultima_modificacion": "2025-08-01 01:01:00.524993"
  },
  "04ec0c2f11fd4e2899dc293cdf694db1.thm": {
    "app_sintetizada": "04EC0C2F11FD4E2899DC293CDF694DB1.THM",
    "cantidad_archivos": 1,
    "archivos_fuente": [
      "Pictures/Fototeca de Fotos.photoslibrary/resources/derivatives/0/04EC0C2F-11FD-4E28-99DC-293CDF694DB1.THM"
    ],
    "ultima_modificacion": "2025-08-01 01:01:00.525193"
  },
  "0cdd9789a44e4bcd9c0d75372ec4f604.thm": {
    "app_sintetizada": "0CDD9789A44E4BCD9C0D75372EC4F604.THM",
    "cantidad_archivos": 1,
    "archivos_fuente": [
      "Pictures/Fototeca de Fotos.photoslibrary/resources/derivatives/0/0CDD9789-A44E-4BCD-9C0D-75372EC4F604.THM"
    ],
    "ultima_modificacion": "2025-08-01 01:01:00.525387"
  },
  "077044b5303b485c8baa0dff975d6b331105c.jpeg": {
    "app_sintetizada": "077044B5303B485C8BAA0DFF975D6B331105C.JPEG",
    "cantidad_archivos": 1,
    "archivos_fuente": [
      "Pictures/Fototeca de Fotos.photoslibrary/resources/derivatives/0/077044B5-303B-485C-8BAA-0DFF975D6B33_1_105_c.jpeg"
    ],
    "ultima_modificacion": "2025-08-01 01:01:00.525572"
  },
  "0707096de56644039e7c53602aa95b151105c.jpeg": {
    "app_sintetizada": "0707096DE56644039E7C53602AA95B151105C.JPEG",
    "cantidad_archivos": 1,
    "archivos_fuente": [
      "Pictures/Fototeca de Fotos.photoslibrary/resources/derivatives/0/0707096D-E566-4403-9E7C-53602AA95B15_1_105_c.jpeg"
    ],
    "ultima_modificacion": "2025-08-01 01:01:00.525760"
  },
  "022a4833655149ab88ac611cac293a74.thm": {
    "app_sintetizada": "022A4833655149AB88AC611CAC293A74.THM",
    "cantidad_archivos": 1,
    "archivos_fuente": [
      "Pictures/Fototeca de Fotos.photoslibrary/resources/derivatives/0/022A4833-6551-49AB-88AC-611CAC293A74.THM"
    ],
    "ultima_modificacion": "2025-08-01 01:01:00.526027"
  },
  "004f80a2bbd840b69d99aca8399cfe631105c.jpeg": {
    "app_sintetizada": "004F80A2BBD840B69D99ACA8399CFE631105C.JPEG",
    "cantidad_archivos": 1,
    "archivos_fuente": [
      "Pictures/Fototeca de Fotos.photoslibrary/resources/derivatives/0/004F80A2-BBD8-40B6-9D99-ACA8399CFE63_1_105_c.jpeg"
    ],
    "ultima_modificacion": "2025-08-01 01:01:00.526297"
  },
  "01139af164ab4cb9907c17ba414d4ad41105c.jpeg": {
    "app_sintetizada": "01139AF164AB4CB9907C17BA414D4AD41105C.JPEG",
    "cantidad_archivos": 1,
    "archivos_fuente": [
      "Pictures/Fototeca de Fotos.photoslibrary/resources/derivatives/0/01139AF1-64AB-4CB9-907C-17BA414D4AD4_1_105_c.jpeg"
    ],
    "ultima_modificacion": "2025-08-01 01:01:00.526505"
  },
  "0894428e8b624dd7be50484a30f35b431105c.jpeg": {
    "app_sintetizada": "0894428E8B624DD7BE50484A30F35B431105C.JPEG",
    "cantidad_archivos": 1,
    "archivos_fuente": [
      "Pictures/Fototeca de Fotos.photoslibrary/resources/derivatives/0/0894428E-8B62-4DD7-BE50-484A30F35B43_1_105_c.jpeg"
    ],
    "ultima_modificacion": "2025-08-01 01:01:00.526706"
  },
  "03df9e1b0d154d5bb0ecabdf5d77d8741102o.jpeg": {
    "app_sintetizada": "03DF9E1B0D154D5BB0ECABDF5D77D8741102O.JPEG",
    "cantidad_archivos": 1,
    "archivos_fuente": [
      "Pictures/Fototeca de Fotos.photoslibrary/resources/derivatives/0/03DF9E1B-0D15-4D5B-B0EC-ABDF5D77D874_1_102_o.jpeg"
    ],
    "ultima_modificacion": "2025-08-01 01:01:00.526928"
  },
  "088c3c8e75bb430e9bb019bb2b4b1f581105c.jpeg": {
    "app_sintetizada": "088C3C8E75BB430E9BB019BB2B4B1F581105C.JPEG",
    "cantidad_archivos": 1,
    "archivos_fuente": [
      "Pictures/Fototeca de Fotos.photoslibrary/resources/derivatives/0/088C3C8E-75BB-430E-9BB0-19BB2B4B1F58_1_105_c.jpeg"
    ],
    "ultima_modificacion": "2025-08-01 01:01:00.527196"
  },
  "0f5617d5ac004978b6e659e8e2cc2a2b1105c.jpeg": {
    "app_sintetizada": "0F5617D5AC004978B6E659E8E2CC2A2B1105C.JPEG",
    "cantidad_archivos": 1,
    "archivos_fuente": [
      "Pictures/Fototeca de Fotos.photoslibrary/resources/derivatives/0/0F5617D5-AC00-4978-B6E6-59E8E2CC2A2B_1_105_c.jpeg"
    ],
    "ultima_modificacion": "2025-08-01 01:01:00.527487"
  },
  "0e05cebc9934404d9cba683f07085df11105c.jpeg": {
    "app_sintetizada": "0E05CEBC9934404D9CBA683F07085DF11105C.JPEG",
    "cantidad_archivos": 1,
    "archivos_fuente": [
      "Pictures/Fototeca de Fotos.photoslibrary/resources/derivatives/0/0E05CEBC-9934-404D-9CBA-683F07085DF1_1_105_c.jpeg"
    ],
    "ultima_modificacion": "2025-08-01 01:01:00.527715"
  },
  "03f14aef2e894b2a8c72a6be7c68d27b1105c.jpeg": {
    "app_sintetizada": "03F14AEF2E894B2A8C72A6BE7C68D27B1105C.JPEG",
    "cantidad_archivos": 1,
    "archivos_fuente": [
      "Pictures/Fototeca de Fotos.photoslibrary/resources/derivatives/0/03F14AEF-2E89-4B2A-8C72-A6BE7C68D27B_1_105_c.jpeg"
    ],
    "ultima_modificacion": "2025-08-01 01:01:00.527920"
  },
  "0089ec9820014a428e4f54ae6a7e99c41105c.jpeg": {
    "app_sintetizada": "0089EC9820014A428E4F54AE6A7E99C41105C.JPEG",
    "cantidad_archivos": 1,
    "archivos_fuente": [
      "Pictures/Fototeca de Fotos.photoslibrary/resources/derivatives/0/0089EC98-2001-4A42-8E4F-54AE6A7E99C4_1_105_c.jpeg"
    ],
    "ultima_modificacion": "2025-08-01 01:01:00.528114"
  },
  "088970e527b9498d871224937986fbb9.thm": {
    "app_sintetizada": "088970E527B9498D871224937986FBB9.THM",
    "cantidad_archivos": 1,
    "archivos_fuente": [
      "Pictures/Fototeca de Fotos.photoslibrary/resources/derivatives/0/088970E5-27B9-498D-8712-24937986FBB9.THM"
    ],
    "ultima_modificacion": "2025-08-01 01:01:00.528305"
  },
  "07f372284ab540b49e84e6d272ae2c231105c.jpeg": {
    "app_sintetizada": "07F372284AB540B49E84E6D272AE2C231105C.JPEG",
    "cantidad_archivos": 1,
    "archivos_fuente": [
      "Pictures/Fototeca de Fotos.photoslibrary/resources/derivatives/0/07F37228-4AB5-40B4-9E84-E6D272AE2C23_1_105_c.jpeg"
    ],
    "ultima_modificacion": "2025-08-01 01:01:00.528491"
  },
  "0b2bc4a82dcd4a479196f0af1e04871d1105c.jpeg": {
    "app_sintetizada": "0B2BC4A82DCD4A479196F0AF1E04871D1105C.JPEG",
    "cantidad_archivos": 1,
    "archivos_fuente": [
      "Pictures/Fototeca de Fotos.photoslibrary/resources/derivatives/0/0B2BC4A8-2DCD-4A47-9196-F0AF1E04871D_1_105_c.jpeg"
    ],
    "ultima_modificacion": "2025-08-01 01:01:00.528674"
  }
}