{
  "9dc72fbeb7d14dcfbe3d0d80754603291105c.jpeg": {
    "app_sintetizada": "9DC72FBEB7D14DCFBE3D0D80754603291105C.JPEG",
    "cantidad_archivos": 1,
    "archivos_fuente": [
      "Pictures/Fototeca de Fotos.photoslibrary/resources/derivatives/9/9DC72FBE-B7D1-4DCF-BE3D-0D8075460329_1_105_c.jpeg"
    ],
    "ultima_modificacion": "2025-08-01 01:01:00.051280"
  },
  "949327fce0174d73b78839dfbb8e9e941105c.jpeg": {
    "app_sintetizada": "949327FCE0174D73B78839DFBB8E9E941105C.JPEG",
    "cantidad_archivos": 1,
    "archivos_fuente": [
      "Pictures/Fototeca de Fotos.photoslibrary/resources/derivatives/9/949327FC-E017-4D73-B788-39DFBB8E9E94_1_105_c.jpeg"
    ],
    "ultima_modificacion": "2025-08-01 01:01:00.051600"
  },
  "9d9a84edb6ce415fae1a33d2c2962fc01105c.jpeg": {
    "app_sintetizada": "9D9A84EDB6CE415FAE1A33D2C2962FC01105C.JPEG",
    "cantidad_archivos": 1,
    "archivos_fuente": [
      "Pictures/Fototeca de Fotos.photoslibrary/resources/derivatives/9/9D9A84ED-B6CE-415F-AE1A-33D2C2962FC0_1_105_c.jpeg"
    ],
    "ultima_modificacion": "2025-08-01 01:01:00.051909"
  },
  "98e1c96c4f46474a98a4004bb87c0a201105c.jpeg": {
    "app_sintetizada": "98E1C96C4F46474A98A4004BB87C0A201105C.JPEG",
    "cantidad_archivos": 1,
    "archivos_fuente": [
      "Pictures/Fototeca de Fotos.photoslibrary/resources/derivatives/9/98E1C96C-4F46-474A-98A4-004BB87C0A20_1_105_c.jpeg"
    ],
    "ultima_modificacion": "2025-08-01 01:01:00.052216"
  },
  "99c8e7afeef0449981d80b5e4540bea81105c.jpeg": {
    "app_sintetizada": "99C8E7AFEEF0449981D80B5E4540BEA81105C.JPEG",
    "cantidad_archivos": 1,
    "archivos_fuente": [
      "Pictures/Fototeca de Fotos.photoslibrary/resources/derivatives/9/99C8E7AF-EEF0-4499-81D8-0B5E4540BEA8_1_105_c.jpeg"
    ],
    "ultima_modificacion": "2025-08-01 01:01:00.052509"
  },
  "91b087fa8ff84076b19b115699723b8b.thm": {
    "app_sintetizada": "91B087FA8FF84076B19B115699723B8B.THM",
    "cantidad_archivos": 1,
    "archivos_fuente": [
      "Pictures/Fototeca de Fotos.photoslibrary/resources/derivatives/9/91B087FA-8FF8-4076-B19B-115699723B8B.THM"
    ],
    "ultima_modificacion": "2025-08-01 01:01:00.052814"
  },
  "94e6df89a9604546a4dfee5a09f201ac1105c.jpeg": {
    "app_sintetizada": "94E6DF89A9604546A4DFEE5A09F201AC1105C.JPEG",
    "cantidad_archivos": 1,
    "archivos_fuente": [
      "Pictures/Fototeca de Fotos.photoslibrary/resources/derivatives/9/94E6DF89-A960-4546-A4DF-EE5A09F201AC_1_105_c.jpeg"
    ],
    "ultima_modificacion": "2025-08-01 01:01:00.053132"
  },
  "92a6cb68e530456da6226aa41b4cd8321105c.jpeg": {
    "app_sintetizada": "92A6CB68E530456DA6226AA41B4CD8321105C.JPEG",
    "cantidad_archivos": 1,
    "archivos_fuente": [
      "Pictures/Fototeca de Fotos.photoslibrary/resources/derivatives/9/92A6CB68-E530-456D-A622-6AA41B4CD832_1_105_c.jpeg"
    ],
    "ultima_modificacion": "2025-08-01 01:01:00.053433"
  },
  "9234c31b0fe444138485e72f3517bd861105c.jpeg": {
    "app_sintetizada": "9234C31B0FE444138485E72F3517BD861105C.JPEG",
    "cantidad_archivos": 1,
    "archivos_fuente": [
      "Pictures/Fototeca de Fotos.photoslibrary/resources/derivatives/9/9234C31B-0FE4-4413-8485-E72F3517BD86_1_105_c.jpeg"
    ],
    "ultima_modificacion": "2025-08-01 01:01:00.053734"
  },
  "9bb7372a26a24fa0a3e51f5844365e671105c.jpeg": {
    "app_sintetizada": "9BB7372A26A24FA0A3E51F5844365E671105C.JPEG",
    "cantidad_archivos": 1,
    "archivos_fuente": [
      "Pictures/Fototeca de Fotos.photoslibrary/resources/derivatives/9/9BB7372A-26A2-4FA0-A3E5-1F5844365E67_1_105_c.jpeg"
    ],
    "ultima_modificacion": "2025-08-01 01:01:00.054037"
  },
  "9533a6262ef746fbb1aad944b2f96bc31105c.jpeg": {
    "app_sintetizada": "9533A6262EF746FBB1AAD944B2F96BC31105C.JPEG",
    "cantidad_archivos": 1,
    "archivos_fuente": [
      "Pictures/Fototeca de Fotos.photoslibrary/resources/derivatives/9/9533A626-2EF7-46FB-B1AA-D944B2F96BC3_1_105_c.jpeg"
    ],
    "ultima_modificacion": "2025-08-01 01:01:00.054313"
  },
  "98c911b0914a407bb07bae9ef11b802b1105c.jpeg": {
    "app_sintetizada": "98C911B0914A407BB07BAE9EF11B802B1105C.JPEG",
    "cantidad_archivos": 1,
    "archivos_fuente": [
      "Pictures/Fototeca de Fotos.photoslibrary/resources/derivatives/9/98C911B0-914A-407B-B07B-AE9EF11B802B_1_105_c.jpeg"
    ],
    "ultima_modificacion": "2025-08-01 01:01:00.054601"
  },
  "9093fbc800db4c81a6aebdaccacad148.thm": {
    "app_sintetizada": "9093FBC800DB4C81A6AEBDACCACAD148.THM",
    "cantidad_archivos": 1,
    "archivos_fuente": [
      "Pictures/Fototeca de Fotos.photoslibrary/resources/derivatives/9/9093FBC8-00DB-4C81-A6AE-BDACCACAD148.THM"
    ],
    "ultima_modificacion": "2025-08-01 01:01:00.054900"
  },
  "95f8077c4835465c91e797c5991a8f851102o.jpeg": {
    "app_sintetizada": "95F8077C4835465C91E797C5991A8F851102O.JPEG",
    "cantidad_archivos": 1,
    "archivos_fuente": [
      "Pictures/Fototeca de Fotos.photoslibrary/resources/derivatives/9/95F8077C-4835-465C-91E7-97C5991A8F85_1_102_o.jpeg"
    ],
    "ultima_modificacion": "2025-08-01 01:01:00.055222"
  },
  "9c561b6a1b564c94b789be02e466a8131105c.jpeg": {
    "app_sintetizada": "9C561B6A1B564C94B789BE02E466A8131105C.JPEG",
    "cantidad_archivos": 1,
    "archivos_fuente": [
      "Pictures/Fototeca de Fotos.photoslibrary/resources/derivatives/9/9C561B6A-1B56-4C94-B789-BE02E466A813_1_105_c.jpeg"
    ],
    "ultima_modificacion": "2025-08-01 01:01:00.055595"
  },
  "96594daba6084a19b6fde534386c28381105c.jpeg": {
    "app_sintetizada": "96594DABA6084A19B6FDE534386C28381105C.JPEG",
    "cantidad_archivos": 1,
    "archivos_fuente": [
      "Pictures/Fototeca de Fotos.photoslibrary/resources/derivatives/9/96594DAB-A608-4A19-B6FD-E534386C2838_1_105_c.jpeg"
    ],
    "ultima_modificacion": "2025-08-01 01:01:00.055913"
  },
  "9a80bc03e37240138a946f1442d08daa1105c.jpeg": {
    "app_sintetizada": "9A80BC03E37240138A946F1442D08DAA1105C.JPEG",
    "cantidad_archivos": 1,
    "archivos_fuente": [
      "Pictures/Fototeca de Fotos.photoslibrary/resources/derivatives/9/9A80BC03-E372-4013-8A94-6F1442D08DAA_1_105_c.jpeg"
    ],
    "ultima_modificacion": "2025-08-01 01:01:00.056282"
  },
  "9d25b122e3ac4fb68a9391bc511676ad1105c.jpeg": {
    "app_sintetizada": "9D25B122E3AC4FB68A9391BC511676AD1105C.JPEG",
    "cantidad_archivos": 1,
    "archivos_fuente": [
      "Pictures/Fototeca de Fotos.photoslibrary/resources/derivatives/9/9D25B122-E3AC-4FB6-8A93-91BC511676AD_1_105_c.jpeg"
    ],
    "ultima_modificacion": "2025-08-01 01:01:00.056590"
  },
  "935b47f54bb44c42979034719ec4f67e1105c.jpeg": {
    "app_sintetizada": "935B47F54BB44C42979034719EC4F67E1105C.JPEG",
    "cantidad_archivos": 1,
    "archivos_fuente": [
      "Pictures/Fototeca de Fotos.photoslibrary/resources/derivatives/9/935B47F5-4BB4-4C42-9790-34719EC4F67E_1_105_c.jpeg"
    ],
    "ultima_modificacion": "2025-08-01 01:01:00.056892"
  },
  "9b1222163b544b76bd8994b804d89c211105c.jpeg": {
    "app_sintetizada": "9B1222163B544B76BD8994B804D89C211105C.JPEG",
    "cantidad_archivos": 1,
    "archivos_fuente": [
      "Pictures/Fototeca de Fotos.photoslibrary/resources/derivatives/9/9B122216-3B54-4B76-BD89-94B804D89C21_1_105_c.jpeg"
    ],
    "ultima_modificacion": "2025-08-01 01:01:00.057177"
  },
  "965d3f376c5f4f719b3b8c3f002adbcb1105c.jpeg": {
    "app_sintetizada": "965D3F376C5F4F719B3B8C3F002ADBCB1105C.JPEG",
    "cantidad_archivos": 1,
    "archivos_fuente": [
      "Pictures/Fototeca de Fotos.photoslibrary/resources/derivatives/9/965D3F37-6C5F-4F71-9B3B-8C3F002ADBCB_1_105_c.jpeg"
    ],
    "ultima_modificacion": "2025-08-01 01:01:00.057489"
  },
  "9a428655ae4e46449baf7df1636163f21105c.jpeg": {
    "app_sintetizada": "9A428655AE4E46449BAF7DF1636163F21105C.JPEG",
    "cantidad_archivos": 1,
    "archivos_fuente": [
      "Pictures/Fototeca de Fotos.photoslibrary/resources/derivatives/9/9A428655-AE4E-4644-9BAF-7DF1636163F2_1_105_c.jpeg"
    ],
    "ultima_modificacion": "2025-08-01 01:01:00.057797"
  },
  "914a0091e4b44f2c98c665870c125be61102o.jpeg": {
    "app_sintetizada": "914A0091E4B44F2C98C665870C125BE61102O.JPEG",
    "cantidad_archivos": 1,
    "archivos_fuente": [
      "Pictures/Fototeca de Fotos.photoslibrary/resources/derivatives/9/914A0091-E4B4-4F2C-98C6-65870C125BE6_1_102_o.jpeg"
    ],
    "ultima_modificacion": "2025-08-01 01:01:00.058102"
  },
  "96a51e7380064255a0d8b93e1d68272a1105c.jpeg": {
    "app_sintetizada": "96A51E7380064255A0D8B93E1D68272A1105C.JPEG",
    "cantidad_archivos": 1,
    "archivos_fuente": [
      "Pictures/Fototeca de Fotos.photoslibrary/resources/derivatives/9/96A51E73-8006-4255-A0D8-B93E1D68272A_1_105_c.jpeg"
    ],
    "ultima_modificacion": "2025-08-01 01:01:00.058407"
  },
  "929cb7ee0f484014be4fbb0b4caeca211105c.jpeg": {
    "app_sintetizada": "929CB7EE0F484014BE4FBB0B4CAECA211105C.JPEG",
    "cantidad_archivos": 1,
    "archivos_fuente": [
      "Pictures/Fototeca de Fotos.photoslibrary/resources/derivatives/9/929CB7EE-0F48-4014-BE4F-BB0B4CAECA21_1_105_c.jpeg"
    ],
    "ultima_modificacion": "2025-08-01 01:01:00.058724"
  },
  "9b6fd15948e445089cb93fbc37fc23f31105c.jpeg": {
    "app_sintetizada": "9B6FD15948E445089CB93FBC37FC23F31105C.JPEG",
    "cantidad_archivos": 1,
    "archivos_fuente": [
      "Pictures/Fototeca de Fotos.photoslibrary/resources/derivatives/9/9B6FD159-48E4-4508-9CB9-3FBC37FC23F3_1_105_c.jpeg"
    ],
    "ultima_modificacion": "2025-08-01 01:01:00.059046"
  },
  "90ace0799ecb4347a32a5ca491b3be821105c.jpeg": {
    "app_sintetizada": "90ACE0799ECB4347A32A5CA491B3BE821105C.JPEG",
    "cantidad_archivos": 1,
    "archivos_fuente": [
      "Pictures/Fototeca de Fotos.photoslibrary/resources/derivatives/9/90ACE079-9ECB-4347-A32A-5CA491B3BE82_1_105_c.jpeg"
    ],
    "ultima_modificacion": "2025-08-01 01:01:00.059398"
  },
  "96caae6ff80e429ea2355f3ca3e5cb3c1105c.jpeg": {
    "app_sintetizada": "96CAAE6FF80E429EA2355F3CA3E5CB3C1105C.JPEG",
    "cantidad_archivos": 1,
    "archivos_fuente": [
      "Pictures/Fototeca de Fotos.photoslibrary/resources/derivatives/9/96CAAE6F-F80E-429E-A235-5F3CA3E5CB3C_1_105_c.jpeg"
    ],
    "ultima_modificacion": "2025-08-01 01:01:00.059713"
  },
  "993d688b8f354df1bc7e8eb2556735d01105c.jpeg": {
    "app_sintetizada": "993D688B8F354DF1BC7E8EB2556735D01105C.JPEG",
    "cantidad_archivos": 1,
    "archivos_fuente": [
      "Pictures/Fototeca de Fotos.photoslibrary/resources/derivatives/9/993D688B-8F35-4DF1-BC7E-8EB2556735D0_1_105_c.jpeg"
    ],
    "ultima_modificacion": "2025-08-01 01:01:00.060044"
  },
  "954c35e2153e4fc58715aaa2ed2b511e1105c.jpeg": {
    "app_sintetizada": "954C35E2153E4FC58715AAA2ED2B511E1105C.JPEG",
    "cantidad_archivos": 1,
    "archivos_fuente": [
      "Pictures/Fototeca de Fotos.photoslibrary/resources/derivatives/9/954C35E2-153E-4FC5-8715-AAA2ED2B511E_1_105_c.jpeg"
    ],
    "ultima_modificacion": "2025-08-01 01:01:00.060352"
  },
  "9a60cf16812a4a24aa83feed6e6038ae.thm": {
    "app_sintetizada": "9A60CF16812A4A24AA83FEED6E6038AE.THM",
    "cantidad_archivos": 1,
    "archivos_fuente": [
      "Pictures/Fototeca de Fotos.photoslibrary/resources/derivatives/9/9A60CF16-812A-4A24-AA83-FEED6E6038AE.THM"
    ],
    "ultima_modificacion": "2025-08-01 01:01:00.060662"
  },
  "93340c189cb2465f997c95580d8369f21105c.jpeg": {
    "app_sintetizada": "93340C189CB2465F997C95580D8369F21105C.JPEG",
    "cantidad_archivos": 1,
    "archivos_fuente": [
      "Pictures/Fototeca de Fotos.photoslibrary/resources/derivatives/9/93340C18-9CB2-465F-997C-95580D8369F2_1_105_c.jpeg"
    ],
    "ultima_modificacion": "2025-08-01 01:01:00.060924"
  },
  "99b20a848e1e4280bb846c1cf72a43151105c.jpeg": {
    "app_sintetizada": "99B20A848E1E4280BB846C1CF72A43151105C.JPEG",
    "cantidad_archivos": 1,
    "archivos_fuente": [
      "Pictures/Fototeca de Fotos.photoslibrary/resources/derivatives/9/99B20A84-8E1E-4280-BB84-6C1CF72A4315_1_105_c.jpeg"
    ],
    "ultima_modificacion": "2025-08-01 01:01:00.061198"
  },
  "92688ad1abc0434c8867810838e43b8a1105c.jpeg": {
    "app_sintetizada": "92688AD1ABC0434C8867810838E43B8A1105C.JPEG",
    "cantidad_archivos": 1,
    "archivos_fuente": [
      "Pictures/Fototeca de Fotos.photoslibrary/resources/derivatives/9/92688AD1-ABC0-434C-8867-810838E43B8A_1_105_c.jpeg"
    ],
    "ultima_modificacion": "2025-08-01 01:01:00.061464"
  },
  "93059252a0134c57a13b0fcff29969c8.thm": {
    "app_sintetizada": "93059252A0134C57A13B0FCFF29969C8.THM",
    "cantidad_archivos": 1,
    "archivos_fuente": [
      "Pictures/Fototeca de Fotos.photoslibrary/resources/derivatives/9/93059252-A013-4C57-A13B-0FCFF29969C8.THM"
    ],
    "ultima_modificacion": "2025-08-01 01:01:00.061810"
  },
  "9532d923c4c9438c8d1c86c2021513c01105c.jpeg": {
    "app_sintetizada": "9532D923C4C9438C8D1C86C2021513C01105C.JPEG",
    "cantidad_archivos": 1,
    "archivos_fuente": [
      "Pictures/Fototeca de Fotos.photoslibrary/resources/derivatives/9/9532D923-C4C9-438C-8D1C-86C2021513C0_1_105_c.jpeg"
    ],
    "ultima_modificacion": "2025-08-01 01:01:00.062081"
  },
  "96f3192711a34d248386e24e9a2075151105c.jpeg": {
    "app_sintetizada": "96F3192711A34D248386E24E9A2075151105C.JPEG",
    "cantidad_archivos": 1,
    "archivos_fuente": [
      "Pictures/Fototeca de Fotos.photoslibrary/resources/derivatives/9/96F31927-11A3-4D24-8386-E24E9A207515_1_105_c.jpeg"
    ],
    "ultima_modificacion": "2025-08-01 01:01:00.062349"
  },
  "9271391248574ce791f8ea05e8230db91105c.jpeg": {
    "app_sintetizada": "9271391248574CE791F8EA05E8230DB91105C.JPEG",
    "cantidad_archivos": 1,
    "archivos_fuente": [
      "Pictures/Fototeca de Fotos.photoslibrary/resources/derivatives/9/92713912-4857-4CE7-91F8-EA05E8230DB9_1_105_c.jpeg"
    ],
    "ultima_modificacion": "2025-08-01 01:01:00.062611"
  },
  "9cc4b49b5ff843cebf050f2b0a1d58221105c.jpeg": {
    "app_sintetizada": "9CC4B49B5FF843CEBF050F2B0A1D58221105C.JPEG",
    "cantidad_archivos": 1,
    "archivos_fuente": [
      "Pictures/Fototeca de Fotos.photoslibrary/resources/derivatives/9/9CC4B49B-5FF8-43CE-BF05-0F2B0A1D5822_1_105_c.jpeg"
    ],
    "ultima_modificacion": "2025-08-01 01:01:00.062875"
  },
  "9f7bfc8ff2b9468ab822e6abb847e7641105c.jpeg": {
    "app_sintetizada": "9F7BFC8FF2B9468AB822E6ABB847E7641105C.JPEG",
    "cantidad_archivos": 1,
    "archivos_fuente": [
      "Pictures/Fototeca de Fotos.photoslibrary/resources/derivatives/9/9F7BFC8F-F2B9-468A-B822-E6ABB847E764_1_105_c.jpeg"
    ],
    "ultima_modificacion": "2025-08-01 01:01:00.063159"
  },
  "984e800218974d9faf4e8f02102f27cb1101o.jpeg": {
    "app_sintetizada": "984E800218974D9FAF4E8F02102F27CB1101O.JPEG",
    "cantidad_archivos": 1,
    "archivos_fuente": [
      "Pictures/Fototeca de Fotos.photoslibrary/resources/derivatives/9/984E8002-1897-4D9F-AF4E-8F02102F27CB_1_101_o.jpeg"
    ],
    "ultima_modificacion": "2025-08-01 01:01:00.063451"
  },
  "990b4e5469dc42199b19b9e0d18f09ba1105c.jpeg": {
    "app_sintetizada": "990B4E5469DC42199B19B9E0D18F09BA1105C.JPEG",
    "cantidad_archivos": 1,
    "archivos_fuente": [
      "Pictures/Fototeca de Fotos.photoslibrary/resources/derivatives/9/990B4E54-69DC-4219-9B19-B9E0D18F09BA_1_105_c.jpeg"
    ],
    "ultima_modificacion": "2025-08-01 01:01:00.063709"
  },
  "9660a97466244a85a87cc708b86c62ef1105c.jpeg": {
    "app_sintetizada": "9660A97466244A85A87CC708B86C62EF1105C.JPEG",
    "cantidad_archivos": 1,
    "archivos_fuente": [
      "Pictures/Fototeca de Fotos.photoslibrary/resources/derivatives/9/9660A974-6624-4A85-A87C-C708B86C62EF_1_105_c.jpeg"
    ],
    "ultima_modificacion": "2025-08-01 01:01:00.063963"
  },
  "946ad9e1d1dc451081520ffc24ecdf971105c.jpeg": {
    "app_sintetizada": "946AD9E1D1DC451081520FFC24ECDF971105C.JPEG",
    "cantidad_archivos": 1,
    "archivos_fuente": [
      "Pictures/Fototeca de Fotos.photoslibrary/resources/derivatives/9/946AD9E1-D1DC-4510-8152-0FFC24ECDF97_1_105_c.jpeg"
    ],
    "ultima_modificacion": "2025-08-01 01:01:00.064214"
  },
  "9cedda3c75c443e898fe1cae5a994d5b.thm": {
    "app_sintetizada": "9CEDDA3C75C443E898FE1CAE5A994D5B.THM",
    "cantidad_archivos": 1,
    "archivos_fuente": [
      "Pictures/Fototeca de Fotos.photoslibrary/resources/derivatives/9/9CEDDA3C-75C4-43E8-98FE-1CAE5A994D5B.THM"
    ],
    "ultima_modificacion": "2025-08-01 01:01:00.064505"
  },
  "9f6a78e1bb9a45fe9986cf36bacd38c81105c.jpeg": {
    "app_sintetizada": "9F6A78E1BB9A45FE9986CF36BACD38C81105C.JPEG",
    "cantidad_archivos": 1,
    "archivos_fuente": [
      "Pictures/Fototeca de Fotos.photoslibrary/resources/derivatives/9/9F6A78E1-BB9A-45FE-9986-CF36BACD38C8_1_105_c.jpeg"
    ],
    "ultima_modificacion": "2025-08-01 01:01:00.064727"
  },
  "92633be652b64686b4e03f30ede9fe7d1105c.jpeg": {
    "app_sintetizada": "92633BE652B64686B4E03F30EDE9FE7D1105C.JPEG",
    "cantidad_archivos": 1,
    "archivos_fuente": [
      "Pictures/Fototeca de Fotos.photoslibrary/resources/derivatives/9/92633BE6-52B6-4686-B4E0-3F30EDE9FE7D_1_105_c.jpeg"
    ],
    "ultima_modificacion": "2025-08-01 01:01:00.064937"
  },
  "95aff3d34b60432e8001171a53b07a8b.thm": {
    "app_sintetizada": "95AFF3D34B60432E8001171A53B07A8B.THM",
    "cantidad_archivos": 1,
    "archivos_fuente": [
      "Pictures/Fototeca de Fotos.photoslibrary/resources/derivatives/9/95AFF3D3-4B60-432E-8001-171A53B07A8B.THM"
    ],
    "ultima_modificacion": "2025-08-01 01:01:00.065166"
  },
  "91f128ee4d9d4a02b3ca0ac1bda16c0f1105c.jpeg": {
    "app_sintetizada": "91F128EE4D9D4A02B3CA0AC1BDA16C0F1105C.JPEG",
    "cantidad_archivos": 1,
    "archivos_fuente": [
      "Pictures/Fototeca de Fotos.photoslibrary/resources/derivatives/9/91F128EE-4D9D-4A02-B3CA-0AC1BDA16C0F_1_105_c.jpeg"
    ],
    "ultima_modificacion": "2025-08-01 01:01:00.065354"
  },
  "9690025270fc4f5fad2a5b002edb83611100o.jpeg": {
    "app_sintetizada": "9690025270FC4F5FAD2A5B002EDB83611100O.JPEG",
    "cantidad_archivos": 1,
    "archivos_fuente": [
      "Pictures/Fototeca de Fotos.photoslibrary/resources/derivatives/9/96900252-70FC-4F5F-AD2A-5B002EDB8361_1_100_o.jpeg"
    ],
    "ultima_modificacion": "2025-08-01 01:01:00.065534"
  },
  "9929695647964499a0c2d5d70099c2f51105c.jpeg": {
    "app_sintetizada": "9929695647964499A0C2D5D70099C2F51105C.JPEG",
    "cantidad_archivos": 1,
    "archivos_fuente": [
      "Pictures/Fototeca de Fotos.photoslibrary/resources/derivatives/9/99296956-4796-4499-A0C2-D5D70099C2F5_1_105_c.jpeg"
    ],
    "ultima_modificacion": "2025-08-01 01:01:00.065803"
  },
  "96e7a98cfcc449ef92e90cac99865f091105c.jpeg": {
    "app_sintetizada": "96E7A98CFCC449EF92E90CAC99865F091105C.JPEG",
    "cantidad_archivos": 1,
    "archivos_fuente": [
      "Pictures/Fototeca de Fotos.photoslibrary/resources/derivatives/9/96E7A98C-FCC4-49EF-92E9-0CAC99865F09_1_105_c.jpeg"
    ],
    "ultima_modificacion": "2025-08-01 01:01:00.066086"
  },
  "9b17e4b836bc4c93b0b19468820153921105c.jpeg": {
    "app_sintetizada": "9B17E4B836BC4C93B0B19468820153921105C.JPEG",
    "cantidad_archivos": 1,
    "archivos_fuente": [
      "Pictures/Fototeca de Fotos.photoslibrary/resources/derivatives/9/9B17E4B8-36BC-4C93-B0B1-946882015392_1_105_c.jpeg"
    ],
    "ultima_modificacion": "2025-08-01 01:01:00.066335"
  },
  "90bde728117344d78765e472b79a30b01105c.jpeg": {
    "app_sintetizada": "90BDE728117344D78765E472B79A30B01105C.JPEG",
    "cantidad_archivos": 1,
    "archivos_fuente": [
      "Pictures/Fototeca de Fotos.photoslibrary/resources/derivatives/9/90BDE728-1173-44D7-8765-E472B79A30B0_1_105_c.jpeg"
    ],
    "ultima_modificacion": "2025-08-01 01:01:00.066543"
  },
  "990816c7ab4647929235347fe15f9ba41105c.jpeg": {
    "app_sintetizada": "990816C7AB4647929235347FE15F9BA41105C.JPEG",
    "cantidad_archivos": 1,
    "archivos_fuente": [
      "Pictures/Fototeca de Fotos.photoslibrary/resources/derivatives/9/990816C7-AB46-4792-9235-347FE15F9BA4_1_105_c.jpeg"
    ],
    "ultima_modificacion": "2025-08-01 01:01:00.066738"
  },
  "98eec02f715446e1a5af6a4d28b4b0dd1105c.jpeg": {
    "app_sintetizada": "98EEC02F715446E1A5AF6A4D28B4B0DD1105C.JPEG",
    "cantidad_archivos": 1,
    "archivos_fuente": [
      "Pictures/Fototeca de Fotos.photoslibrary/resources/derivatives/9/98EEC02F-7154-46E1-A5AF-6A4D28B4B0DD_1_105_c.jpeg"
    ],
    "ultima_modificacion": "2025-08-01 01:01:00.066942"
  },
  "99c962e102604eefa29095f3e4929dd61105c.jpeg": {
    "app_sintetizada": "99C962E102604EEFA29095F3E4929DD61105C.JPEG",
    "cantidad_archivos": 1,
    "archivos_fuente": [
      "Pictures/Fototeca de Fotos.photoslibrary/resources/derivatives/9/99C962E1-0260-4EEF-A290-95F3E4929DD6_1_105_c.jpeg"
    ],
    "ultima_modificacion": "2025-08-01 01:01:00.067121"
  },
  "91527d7507ba48d7a639e1e36e59078c1105c.jpeg": {
    "app_sintetizada": "91527D7507BA48D7A639E1E36E59078C1105C.JPEG",
    "cantidad_archivos": 1,
    "archivos_fuente": [
      "Pictures/Fototeca de Fotos.photoslibrary/resources/derivatives/9/91527D75-07BA-48D7-A639-E1E36E59078C_1_105_c.jpeg"
    ],
    "ultima_modificacion": "2025-08-01 01:01:00.067297"
  },
  "9c42416d4c8e47288eb6b633537161691105c.jpeg": {
    "app_sintetizada": "9C42416D4C8E47288EB6B633537161691105C.JPEG",
    "cantidad_archivos": 1,
    "archivos_fuente": [
      "Pictures/Fototeca de Fotos.photoslibrary/resources/derivatives/9/9C42416D-4C8E-4728-8EB6-B63353716169_1_105_c.jpeg"
    ],
    "ultima_modificacion": "2025-08-01 01:01:00.067496"
  },
  "93ba61b560be4bdaace00f332ada0b77.thm": {
    "app_sintetizada": "93BA61B560BE4BDAACE00F332ADA0B77.THM",
    "cantidad_archivos": 1,
    "archivos_fuente": [
      "Pictures/Fototeca de Fotos.photoslibrary/resources/derivatives/9/93BA61B5-60BE-4BDA-ACE0-0F332ADA0B77.THM"
    ],
    "ultima_modificacion": "2025-08-01 01:01:00.067784"
  },
  "9528b1da0da94c52889be3a273ae06b81105c.jpeg": {
    "app_sintetizada": "9528B1DA0DA94C52889BE3A273AE06B81105C.JPEG",
    "cantidad_archivos": 1,
    "archivos_fuente": [
      "Pictures/Fototeca de Fotos.photoslibrary/resources/derivatives/9/9528B1DA-0DA9-4C52-889B-E3A273AE06B8_1_105_c.jpeg"
    ],
    "ultima_modificacion": "2025-08-01 01:01:00.068256"
  },
  "9b2f1db9188248cf96b244d158bb7a721105c.jpeg": {
    "app_sintetizada": "9B2F1DB9188248CF96B244D158BB7A721105C.JPEG",
    "cantidad_archivos": 1,
    "archivos_fuente": [
      "Pictures/Fototeca de Fotos.photoslibrary/resources/derivatives/9/9B2F1DB9-1882-48CF-96B2-44D158BB7A72_1_105_c.jpeg"
    ],
    "ultima_modificacion": "2025-08-01 01:01:00.068488"
  },
  "9436e91a824b4cedb94ca6cbc237f7651105c.jpeg": {
    "app_sintetizada": "9436E91A824B4CEDB94CA6CBC237F7651105C.JPEG",
    "cantidad_archivos": 1,
    "archivos_fuente": [
      "Pictures/Fototeca de Fotos.photoslibrary/resources/derivatives/9/9436E91A-824B-4CED-B94C-A6CBC237F765_1_105_c.jpeg"
    ],
    "ultima_modificacion": "2025-08-01 01:01:00.068718"
  },
  "9b9a1556d8294e709757d6d2fcb6c2ea1105c.jpeg": {
    "app_sintetizada": "9B9A1556D8294E709757D6D2FCB6C2EA1105C.JPEG",
    "cantidad_archivos": 1,
    "archivos_fuente": [
      "Pictures/Fototeca de Fotos.photoslibrary/resources/derivatives/9/9B9A1556-D829-4E70-9757-D6D2FCB6C2EA_1_105_c.jpeg"
    ],
    "ultima_modificacion": "2025-08-01 01:01:00.068985"
  },
  "9d082965f2d94d03a8e3b35874d582b91105c.jpeg": {
    "app_sintetizada": "9D082965F2D94D03A8E3B35874D582B91105C.JPEG",
    "cantidad_archivos": 1,
    "archivos_fuente": [
      "Pictures/Fototeca de Fotos.photoslibrary/resources/derivatives/9/9D082965-F2D9-4D03-A8E3-B35874D582B9_1_105_c.jpeg"
    ],
    "ultima_modificacion": "2025-08-01 01:01:00.069224"
  },
  "92d0d32cf0cb4e95b4fc44e4e2e2dbc2.thm": {
    "app_sintetizada": "92D0D32CF0CB4E95B4FC44E4E2E2DBC2.THM",
    "cantidad_archivos": 1,
    "archivos_fuente": [
      "Pictures/Fototeca de Fotos.photoslibrary/resources/derivatives/9/92D0D32C-F0CB-4E95-B4FC-44E4E2E2DBC2.THM"
    ],
    "ultima_modificacion": "2025-08-01 01:01:00.069547"
  },
  "94acaa41ec914a06a3a4f5aec1ba29741105c.jpeg": {
    "app_sintetizada": "94ACAA41EC914A06A3A4F5AEC1BA29741105C.JPEG",
    "cantidad_archivos": 1,
    "archivos_fuente": [
      "Pictures/Fototeca de Fotos.photoslibrary/resources/derivatives/9/94ACAA41-EC91-4A06-A3A4-F5AEC1BA2974_1_105_c.jpeg"
    ],
    "ultima_modificacion": "2025-08-01 01:01:00.069774"
  },
  "9331209e6e01425c9bc56611230405e51105c.jpeg": {
    "app_sintetizada": "9331209E6E01425C9BC56611230405E51105C.JPEG",
    "cantidad_archivos": 1,
    "archivos_fuente": [
      "Pictures/Fototeca de Fotos.photoslibrary/resources/derivatives/9/9331209E-6E01-425C-9BC5-6611230405E5_1_105_c.jpeg"
    ],
    "ultima_modificacion": "2025-08-01 01:01:00.070003"
  },
  "91b6f9f3e7b14c06a1861a1eda2dc036.thm": {
    "app_sintetizada": "91B6F9F3E7B14C06A1861A1EDA2DC036.THM",
    "cantidad_archivos": 1,
    "archivos_fuente": [
      "Pictures/Fototeca de Fotos.photoslibrary/resources/derivatives/9/91B6F9F3-E7B1-4C06-A186-1A1EDA2DC036.THM"
    ],
    "ultima_modificacion": "2025-08-01 01:01:00.070236"
  },
  "9afd322f83334260a4aa41b9b66807fe.thm": {
    "app_sintetizada": "9AFD322F83334260A4AA41B9B66807FE.THM",
    "cantidad_archivos": 1,
    "archivos_fuente": [
      "Pictures/Fototeca de Fotos.photoslibrary/resources/derivatives/9/9AFD322F-8333-4260-A4AA-41B9B66807FE.THM"
    ],
    "ultima_modificacion": "2025-08-01 01:01:00.070471"
  },
  "9daeae0cb2164a1aa5724aff0a459693.thm": {
    "app_sintetizada": "9DAEAE0CB2164A1AA5724AFF0A459693.THM",
    "cantidad_archivos": 1,
    "archivos_fuente": [
      "Pictures/Fototeca de Fotos.photoslibrary/resources/derivatives/9/9DAEAE0C-B216-4A1A-A572-4AFF0A459693.THM"
    ],
    "ultima_modificacion": "2025-08-01 01:01:00.070755"
  },
  "9b40f4c1770040a1815bd7860c255067.thm": {
    "app_sintetizada": "9B40F4C1770040A1815BD7860C255067.THM",
    "cantidad_archivos": 1,
    "archivos_fuente": [
      "Pictures/Fototeca de Fotos.photoslibrary/resources/derivatives/9/9B40F4C1-7700-40A1-815B-D7860C255067.THM"
    ],
    "ultima_modificacion": "2025-08-01 01:01:00.071001"
  },
  "9b334a093fa540a49fdd4c44fa36aa3c1105c.jpeg": {
    "app_sintetizada": "9B334A093FA540A49FDD4C44FA36AA3C1105C.JPEG",
    "cantidad_archivos": 1,
    "archivos_fuente": [
      "Pictures/Fototeca de Fotos.photoslibrary/resources/derivatives/9/9B334A09-3FA5-40A4-9FDD-4C44FA36AA3C_1_105_c.jpeg"
    ],
    "ultima_modificacion": "2025-08-01 01:01:00.071229"
  },
  "96221853064b4aeb9c2fbbd1c429dccd1105c.jpeg": {
    "app_sintetizada": "96221853064B4AEB9C2FBBD1C429DCCD1105C.JPEG",
    "cantidad_archivos": 1,
    "archivos_fuente": [
      "Pictures/Fototeca de Fotos.photoslibrary/resources/derivatives/9/96221853-064B-4AEB-9C2F-BBD1C429DCCD_1_105_c.jpeg"
    ],
    "ultima_modificacion": "2025-08-01 01:01:00.071471"
  },
  "93c1a5eb78d04e3c920bfa93dae2885b1102o.jpeg": {
    "app_sintetizada": "93C1A5EB78D04E3C920BFA93DAE2885B1102O.JPEG",
    "cantidad_archivos": 1,
    "archivos_fuente": [
      "Pictures/Fototeca de Fotos.photoslibrary/resources/derivatives/9/93C1A5EB-78D0-4E3C-920B-FA93DAE2885B_1_102_o.jpeg"
    ],
    "ultima_modificacion": "2025-08-01 01:01:00.071755"
  },
  "9bf5686352ef4c7e90f4ca5a05535d851105c.jpeg": {
    "app_sintetizada": "9BF5686352EF4C7E90F4CA5A05535D851105C.JPEG",
    "cantidad_archivos": 1,
    "archivos_fuente": [
      "Pictures/Fototeca de Fotos.photoslibrary/resources/derivatives/9/9BF56863-52EF-4C7E-90F4-CA5A05535D85_1_105_c.jpeg"
    ],
    "ultima_modificacion": "2025-08-01 01:01:00.071980"
  },
  "9ac89f7a22ac44f68a18dc8436d0bd861105c.jpeg": {
    "app_sintetizada": "9AC89F7A22AC44F68A18DC8436D0BD861105C.JPEG",
    "cantidad_archivos": 1,
    "archivos_fuente": [
      "Pictures/Fototeca de Fotos.photoslibrary/resources/derivatives/9/9AC89F7A-22AC-44F6-8A18-DC8436D0BD86_1_105_c.jpeg"
    ],
    "ultima_modificacion": "2025-08-01 01:01:00.072250"
  },
  "9950d6605b5842aeb83a1aabb3c483731105c.jpeg": {
    "app_sintetizada": "9950D6605B5842AEB83A1AABB3C483731105C.JPEG",
    "cantidad_archivos": 1,
    "archivos_fuente": [
      "Pictures/Fototeca de Fotos.photoslibrary/resources/derivatives/9/9950D660-5B58-42AE-B83A-1AABB3C48373_1_105_c.jpeg"
    ],
    "ultima_modificacion": "2025-08-01 01:01:00.072540"
  },
  "9192654f14a6459d92ccd92a73fe615b1105c.jpeg": {
    "app_sintetizada": "9192654F14A6459D92CCD92A73FE615B1105C.JPEG",
    "cantidad_archivos": 1,
    "archivos_fuente": [
      "Pictures/Fototeca de Fotos.photoslibrary/resources/derivatives/9/9192654F-14A6-459D-92CC-D92A73FE615B_1_105_c.jpeg"
    ],
    "ultima_modificacion": "2025-08-01 01:01:00.072776"
  },
  "99d1b2d6991a4cfaada95fe2aadb1e111105c.jpeg": {
    "app_sintetizada": "99D1B2D6991A4CFAADA95FE2AADB1E111105C.JPEG",
    "cantidad_archivos": 1,
    "archivos_fuente": [
      "Pictures/Fototeca de Fotos.photoslibrary/resources/derivatives/9/99D1B2D6-991A-4CFA-ADA9-5FE2AADB1E11_1_105_c.jpeg"
    ],
    "ultima_modificacion": "2025-08-01 01:01:00.073025"
  },
  "94079cca011941879c5d8a0b49900c67.thm": {
    "app_sintetizada": "94079CCA011941879C5D8A0B49900C67.THM",
    "cantidad_archivos": 1,
    "archivos_fuente": [
      "Pictures/Fototeca de Fotos.photoslibrary/resources/derivatives/9/94079CCA-0119-4187-9C5D-8A0B49900C67.THM"
    ],
    "ultima_modificacion": "2025-08-01 01:01:00.073340"
  },
  "984edc426a9a4b588a9f8e2815c862861105c.jpeg": {
    "app_sintetizada": "984EDC426A9A4B588A9F8E2815C862861105C.JPEG",
    "cantidad_archivos": 1,
    "archivos_fuente": [
      "Pictures/Fototeca de Fotos.photoslibrary/resources/derivatives/9/984EDC42-6A9A-4B58-8A9F-8E2815C86286_1_105_c.jpeg"
    ],
    "ultima_modificacion": "2025-08-01 01:01:00.073549"
  },
  "9509f0341b8049719279c191d0254c931105c.jpeg": {
    "app_sintetizada": "9509F0341B8049719279C191D0254C931105C.JPEG",
    "cantidad_archivos": 1,
    "archivos_fuente": [
      "Pictures/Fototeca de Fotos.photoslibrary/resources/derivatives/9/9509F034-1B80-4971-9279-C191D0254C93_1_105_c.jpeg"
    ],
    "ultima_modificacion": "2025-08-01 01:01:00.073739"
  },
  "9e04d50ec54e4594b956b77967d1bf421105c.jpeg": {
    "app_sintetizada": "9E04D50EC54E4594B956B77967D1BF421105C.JPEG",
    "cantidad_archivos": 1,
    "archivos_fuente": [
      "Pictures/Fototeca de Fotos.photoslibrary/resources/derivatives/9/9E04D50E-C54E-4594-B956-B77967D1BF42_1_105_c.jpeg"
    ],
    "ultima_modificacion": "2025-08-01 01:01:00.073929"
  },
  "903e3de8b00f4351be92153710be22891105c.jpeg": {
    "app_sintetizada": "903E3DE8B00F4351BE92153710BE22891105C.JPEG",
    "cantidad_archivos": 1,
    "archivos_fuente": [
      "Pictures/Fototeca de Fotos.photoslibrary/resources/derivatives/9/903E3DE8-B00F-4351-BE92-153710BE2289_1_105_c.jpeg"
    ],
    "ultima_modificacion": "2025-08-01 01:01:00.074106"
  },
  "9ab124f5a86a4de6b10c2ef4314678141105c.jpeg": {
    "app_sintetizada": "9AB124F5A86A4DE6B10C2EF4314678141105C.JPEG",
    "cantidad_archivos": 1,
    "archivos_fuente": [
      "Pictures/Fototeca de Fotos.photoslibrary/resources/derivatives/9/9AB124F5-A86A-4DE6-B10C-2EF431467814_1_105_c.jpeg"
    ],
    "ultima_modificacion": "2025-08-01 01:01:00.074296"
  },
  "90f428e6e9d94fb4b2c5c1500cc0a1521105c.jpeg": {
    "app_sintetizada": "90F428E6E9D94FB4B2C5C1500CC0A1521105C.JPEG",
    "cantidad_archivos": 1,
    "archivos_fuente": [
      "Pictures/Fototeca de Fotos.photoslibrary/resources/derivatives/9/90F428E6-E9D9-4FB4-B2C5-C1500CC0A152_1_105_c.jpeg"
    ],
    "ultima_modificacion": "2025-08-01 01:01:00.074481"
  },
  "91095ec9b8d9496da2b45620a7f9db961105c.jpeg": {
    "app_sintetizada": "91095EC9B8D9496DA2B45620A7F9DB961105C.JPEG",
    "cantidad_archivos": 1,
    "archivos_fuente": [
      "Pictures/Fototeca de Fotos.photoslibrary/resources/derivatives/9/91095EC9-B8D9-496D-A2B4-5620A7F9DB96_1_105_c.jpeg"
    ],
    "ultima_modificacion": "2025-08-01 01:01:00.074669"
  },
  "95b5ab026cf54ab2891194627fe876051105c.jpeg": {
    "app_sintetizada": "95B5AB026CF54AB2891194627FE876051105C.JPEG",
    "cantidad_archivos": 1,
    "archivos_fuente": [
      "Pictures/Fototeca de Fotos.photoslibrary/resources/derivatives/9/95B5AB02-6CF5-4AB2-8911-94627FE87605_1_105_c.jpeg"
    ],
    "ultima_modificacion": "2025-08-01 01:01:00.074841"
  },
  "9fd6750ba7bb4a559929193cab05f2511105c.jpeg": {
    "app_sintetizada": "9FD6750BA7BB4A559929193CAB05F2511105C.JPEG",
    "cantidad_archivos": 1,
    "archivos_fuente": [
      "Pictures/Fototeca de Fotos.photoslibrary/resources/derivatives/9/9FD6750B-A7BB-4A55-9929-193CAB05F251_1_105_c.jpeg"
    ],
    "ultima_modificacion": "2025-08-01 01:01:00.075032"
  },
  "98ca7b793b284e188efec3be9602ca401105c.jpeg": {
    "app_sintetizada": "98CA7B793B284E188EFEC3BE9602CA401105C.JPEG",
    "cantidad_archivos": 1,
    "archivos_fuente": [
      "Pictures/Fototeca de Fotos.photoslibrary/resources/derivatives/9/98CA7B79-3B28-4E18-8EFE-C3BE9602CA40_1_105_c.jpeg"
    ],
    "ultima_modificacion": "2025-08-01 01:01:00.075202"
  },
  "9edf90ffb48b48afb6e4a2f6148c59cf1105c.jpeg": {
    "app_sintetizada": "9EDF90FFB48B48AFB6E4A2F6148C59CF1105C.JPEG",
    "cantidad_archivos": 1,
    "archivos_fuente": [
      "Pictures/Fototeca de Fotos.photoslibrary/resources/derivatives/9/9EDF90FF-B48B-48AF-B6E4-A2F6148C59CF_1_105_c.jpeg"
    ],
    "ultima_modificacion": "2025-08-01 01:01:00.075412"
  },
  "94de09351d814bb6b869577eb110b3021105c.jpeg": {
    "app_sintetizada": "94DE09351D814BB6B869577EB110B3021105C.JPEG",
    "cantidad_archivos": 1,
    "archivos_fuente": [
      "Pictures/Fototeca de Fotos.photoslibrary/resources/derivatives/9/94DE0935-1D81-4BB6-B869-577EB110B302_1_105_c.jpeg"
    ],
    "ultima_modificacion": "2025-08-01 01:01:00.075650"
  },
  "950489be66474b5d94425b70d36ddcc11105c.jpeg": {
    "app_sintetizada": "950489BE66474B5D94425B70D36DDCC11105C.JPEG",
    "cantidad_archivos": 1,
    "archivos_fuente": [
      "Pictures/Fototeca de Fotos.photoslibrary/resources/derivatives/9/950489BE-6647-4B5D-9442-5B70D36DDCC1_1_105_c.jpeg"
    ],
    "ultima_modificacion": "2025-08-01 01:01:00.075964"
  },
  "9e615bb4eed44c8d906f6c7cf8e4d2851105c.jpeg": {
    "app_sintetizada": "9E615BB4EED44C8D906F6C7CF8E4D2851105C.JPEG",
    "cantidad_archivos": 1,
    "archivos_fuente": [
      "Pictures/Fototeca de Fotos.photoslibrary/resources/derivatives/9/9E615BB4-EED4-4C8D-906F-6C7CF8E4D285_1_105_c.jpeg"
    ],
    "ultima_modificacion": "2025-08-01 01:01:00.076193"
  },
  "9e9369876b384c978c43588fc1260f3a1105c.jpeg": {
    "app_sintetizada": "9E9369876B384C978C43588FC1260F3A1105C.JPEG",
    "cantidad_archivos": 1,
    "archivos_fuente": [
      "Pictures/Fototeca de Fotos.photoslibrary/resources/derivatives/9/9E936987-6B38-4C97-8C43-588FC1260F3A_1_105_c.jpeg"
    ],
    "ultima_modificacion": "2025-08-01 01:01:00.076398"
  },
  "9bfd928bc8444a3eb69e90891e18f8431105c.jpeg": {
    "app_sintetizada": "9BFD928BC8444A3EB69E90891E18F8431105C.JPEG",
    "cantidad_archivos": 1,
    "archivos_fuente": [
      "Pictures/Fototeca de Fotos.photoslibrary/resources/derivatives/9/9BFD928B-C844-4A3E-B69E-90891E18F843_1_105_c.jpeg"
    ],
    "ultima_modificacion": "2025-08-01 01:01:00.076617"
  },
  "9c07e3c1876946c2bb2047f87118be5c1105c.jpeg": {
    "app_sintetizada": "9C07E3C1876946C2BB2047F87118BE5C1105C.JPEG",
    "cantidad_archivos": 1,
    "archivos_fuente": [
      "Pictures/Fototeca de Fotos.photoslibrary/resources/derivatives/9/9C07E3C1-8769-46C2-BB20-47F87118BE5C_1_105_c.jpeg"
    ],
    "ultima_modificacion": "2025-08-01 01:01:00.076975"
  },
  "9d91002ba5aa4a428c240989f081d7eb1105c.jpeg": {
    "app_sintetizada": "9D91002BA5AA4A428C240989F081D7EB1105C.JPEG",
    "cantidad_archivos": 1,
    "archivos_fuente": [
      "Pictures/Fototeca de Fotos.photoslibrary/resources/derivatives/9/9D91002B-A5AA-4A42-8C24-0989F081D7EB_1_105_c.jpeg"
    ],
    "ultima_modificacion": "2025-08-01 01:01:00.077291"
  },
  "94da90c64366442fb3c40b58040d27681105c.jpeg": {
    "app_sintetizada": "94DA90C64366442FB3C40B58040D27681105C.JPEG",
    "cantidad_archivos": 1,
    "archivos_fuente": [
      "Pictures/Fototeca de Fotos.photoslibrary/resources/derivatives/9/94DA90C6-4366-442F-B3C4-0B58040D2768_1_105_c.jpeg"
    ],
    "ultima_modificacion": "2025-08-01 01:01:00.077568"
  }
}