{
  "4fe28993393243c00": {
    "app_sintetizada": "4FE28993393243C00",
    "cantidad_archivos": 1,
    "archivos_fuente": [
      "Library/Caches/Google/Chrome/Default/Cache/Cache_Data/4fe28993393243c0_0"
    ],
    "ultima_modificacion": "2025-08-01 01:02:00.697596"
  },
  "c8567818c7336be90": {
    "app_sintetizada": "C8567818C7336BE90",
    "cantidad_archivos": 1,
    "archivos_fuente": [
      "Library/Caches/Google/Chrome/Default/Cache/Cache_Data/c8567818c7336be9_0"
    ],
    "ultima_modificacion": "2025-08-01 01:02:00.697961"
  },
  "c31ecc944de5e6280": {
    "app_sintetizada": "C31ECC944DE5E6280",
    "cantidad_archivos": 1,
    "archivos_fuente": [
      "Library/Caches/Google/Chrome/Default/Cache/Cache_Data/c31ecc944de5e628_0"
    ],
    "ultima_modificacion": "2025-08-01 01:02:00.698285"
  },
  "dd1651d6771d53bb0": {
    "app_sintetizada": "DD1651D6771D53BB0",
    "cantidad_archivos": 1,
    "archivos_fuente": [
      "Library/Caches/Google/Chrome/Default/Cache/Cache_Data/dd1651d6771d53bb_0"
    ],
    "ultima_modificacion": "2025-08-01 01:02:00.698608"
  },
  "1f2683a0a1cb66a30": {
    "app_sintetizada": "1F2683A0A1CB66A30",
    "cantidad_archivos": 1,
    "archivos_fuente": [
      "Library/Caches/Google/Chrome/Default/Cache/Cache_Data/1f2683a0a1cb66a3_0"
    ],
    "ultima_modificacion": "2025-08-01 01:02:00.698951"
  },
  "b24c9be1a87036760": {
    "app_sintetizada": "B24C9BE1A87036760",
    "cantidad_archivos": 1,
    "archivos_fuente": [
      "Library/Caches/Google/Chrome/Default/Cache/Cache_Data/b24c9be1a8703676_0"
    ],
    "ultima_modificacion": "2025-08-01 01:02:00.699293"
  },
  "f8e1a6b8bdfb91530": {
    "app_sintetizada": "F8E1A6B8BDFB91530",
    "cantidad_archivos": 1,
    "archivos_fuente": [
      "Library/Caches/Google/Chrome/Default/Cache/Cache_Data/f8e1a6b8bdfb9153_0"
    ],
    "ultima_modificacion": "2025-08-01 01:02:00.699633"
  },
  "0a7c17df127dcd730": {
    "app_sintetizada": "0A7C17DF127DCD730",
    "cantidad_archivos": 1,
    "archivos_fuente": [
      "Library/Caches/Google/Chrome/Default/Cache/Cache_Data/0a7c17df127dcd73_0"
    ],
    "ultima_modificacion": "2025-08-01 01:02:00.700122"
  },
  "75ee86ae55a9c7150": {
    "app_sintetizada": "75EE86AE55A9C7150",
    "cantidad_archivos": 1,
    "archivos_fuente": [
      "Library/Caches/Google/Chrome/Default/Cache/Cache_Data/75ee86ae55a9c715_0"
    ],
    "ultima_modificacion": "2025-08-01 01:02:00.700502"
  },
  "0ac4c0a79820e7d60": {
    "app_sintetizada": "0AC4C0A79820E7D60",
    "cantidad_archivos": 1,
    "archivos_fuente": [
      "Library/Caches/Google/Chrome/Default/Cache/Cache_Data/0ac4c0a79820e7d6_0"
    ],
    "ultima_modificacion": "2025-08-01 01:02:00.700850"
  },
  "f971cb7936a74b920": {
    "app_sintetizada": "F971CB7936A74B920",
    "cantidad_archivos": 1,
    "archivos_fuente": [
      "Library/Caches/Google/Chrome/Default/Cache/Cache_Data/f971cb7936a74b92_0"
    ],
    "ultima_modificacion": "2025-08-01 01:02:00.701207"
  },
  "ca6e46add56eade20": {
    "app_sintetizada": "CA6E46ADD56EADE20",
    "cantidad_archivos": 1,
    "archivos_fuente": [
      "Library/Caches/Google/Chrome/Default/Cache/Cache_Data/ca6e46add56eade2_0"
    ],
    "ultima_modificacion": "2025-08-01 01:02:00.701576"
  },
  "80cb11e3ff3178530": {
    "app_sintetizada": "80CB11E3FF3178530",
    "cantidad_archivos": 1,
    "archivos_fuente": [
      "Library/Caches/Google/Chrome/Default/Cache/Cache_Data/80cb11e3ff317853_0"
    ],
    "ultima_modificacion": "2025-08-01 01:02:00.703024"
  },
  "cab7cd54395525440": {
    "app_sintetizada": "CAB7CD54395525440",
    "cantidad_archivos": 1,
    "archivos_fuente": [
      "Library/Caches/Google/Chrome/Default/Cache/Cache_Data/cab7cd5439552544_0"
    ],
    "ultima_modificacion": "2025-08-01 01:02:00.703527"
  },
  "5fac2366ed061d900": {
    "app_sintetizada": "5FAC2366ED061D900",
    "cantidad_archivos": 1,
    "archivos_fuente": [
      "Library/Caches/Google/Chrome/Default/Cache/Cache_Data/5fac2366ed061d90_0"
    ],
    "ultima_modificacion": "2025-08-01 01:02:00.703983"
  },
  "a9bcd3f77c16d34e0": {
    "app_sintetizada": "A9BCD3F77C16D34E0",
    "cantidad_archivos": 1,
    "archivos_fuente": [
      "Library/Caches/Google/Chrome/Default/Cache/Cache_Data/a9bcd3f77c16d34e_0"
    ],
    "ultima_modificacion": "2025-08-01 01:02:00.704440"
  },
  "634a2f1eab6199d10": {
    "app_sintetizada": "634A2F1EAB6199D10",
    "cantidad_archivos": 1,
    "archivos_fuente": [
      "Library/Caches/Google/Chrome/Default/Cache/Cache_Data/634a2f1eab6199d1_0"
    ],
    "ultima_modificacion": "2025-08-01 01:02:00.704852"
  },
  "ced80fcd0eba85810": {
    "app_sintetizada": "CED80FCD0EBA85810",
    "cantidad_archivos": 1,
    "archivos_fuente": [
      "Library/Caches/Google/Chrome/Default/Cache/Cache_Data/ced80fcd0eba8581_0"
    ],
    "ultima_modificacion": "2025-08-01 01:02:00.705287"
  },
  "d7562d2670c0c0f40": {
    "app_sintetizada": "D7562D2670C0C0F40",
    "cantidad_archivos": 1,
    "archivos_fuente": [
      "Library/Caches/Google/Chrome/Default/Cache/Cache_Data/d7562d2670c0c0f4_0"
    ],
    "ultima_modificacion": "2025-08-01 01:02:00.705641"
  },
  "47de83256848b1680": {
    "app_sintetizada": "47DE83256848B1680",
    "cantidad_archivos": 1,
    "archivos_fuente": [
      "Library/Caches/Google/Chrome/Default/Cache/Cache_Data/47de83256848b168_0"
    ],
    "ultima_modificacion": "2025-08-01 01:02:00.705995"
  },
  "be843f056b0de0f70": {
    "app_sintetizada": "BE843F056B0DE0F70",
    "cantidad_archivos": 1,
    "archivos_fuente": [
      "Library/Caches/Google/Chrome/Default/Cache/Cache_Data/be843f056b0de0f7_0"
    ],
    "ultima_modificacion": "2025-08-01 01:02:00.706337"
  },
  "1b82bb84872091900": {
    "app_sintetizada": "1B82BB84872091900",
    "cantidad_archivos": 1,
    "archivos_fuente": [
      "Library/Caches/Google/Chrome/Default/Cache/Cache_Data/1b82bb8487209190_0"
    ],
    "ultima_modificacion": "2025-08-01 01:02:00.706673"
  },
  "b775c617871d5ae30": {
    "app_sintetizada": "B775C617871D5AE30",
    "cantidad_archivos": 1,
    "archivos_fuente": [
      "Library/Caches/Google/Chrome/Default/Cache/Cache_Data/b775c617871d5ae3_0"
    ],
    "ultima_modificacion": "2025-08-01 01:02:00.707207"
  },
  "56edaf1fa4595d7a0": {
    "app_sintetizada": "56EDAF1FA4595D7A0",
    "cantidad_archivos": 1,
    "archivos_fuente": [
      "Library/Caches/Google/Chrome/Default/Cache/Cache_Data/56edaf1fa4595d7a_0"
    ],
    "ultima_modificacion": "2025-08-01 01:02:00.707587"
  },
  "26387ab8fac1faba0": {
    "app_sintetizada": "26387AB8FAC1FABA0",
    "cantidad_archivos": 1,
    "archivos_fuente": [
      "Library/Caches/Google/Chrome/Default/Cache/Cache_Data/26387ab8fac1faba_0"
    ],
    "ultima_modificacion": "2025-08-01 01:02:00.708283"
  },
  "bb2ffdd7e2f30c450": {
    "app_sintetizada": "BB2FFDD7E2F30C450",
    "cantidad_archivos": 1,
    "archivos_fuente": [
      "Library/Caches/Google/Chrome/Default/Cache/Cache_Data/bb2ffdd7e2f30c45_0"
    ],
    "ultima_modificacion": "2025-08-01 01:02:00.708700"
  },
  "d6b22947766fee340": {
    "app_sintetizada": "D6B22947766FEE340",
    "cantidad_archivos": 1,
    "archivos_fuente": [
      "Library/Caches/Google/Chrome/Default/Cache/Cache_Data/d6b22947766fee34_0"
    ],
    "ultima_modificacion": "2025-08-01 01:02:00.709048"
  },
  "19bf18b888088de80": {
    "app_sintetizada": "19BF18B888088DE80",
    "cantidad_archivos": 1,
    "archivos_fuente": [
      "Library/Caches/Google/Chrome/Default/Cache/Cache_Data/19bf18b888088de8_0"
    ],
    "ultima_modificacion": "2025-08-01 01:02:00.709375"
  },
  "86132346f55c489a0": {
    "app_sintetizada": "86132346F55C489A0",
    "cantidad_archivos": 1,
    "archivos_fuente": [
      "Library/Caches/Google/Chrome/Default/Cache/Cache_Data/86132346f55c489a_0"
    ],
    "ultima_modificacion": "2025-08-01 01:02:00.709702"
  },
  "5d264e06831abc3e0": {
    "app_sintetizada": "5D264E06831ABC3E0",
    "cantidad_archivos": 1,
    "archivos_fuente": [
      "Library/Caches/Google/Chrome/Default/Cache/Cache_Data/5d264e06831abc3e_0"
    ],
    "ultima_modificacion": "2025-08-01 01:02:00.710034"
  },
  "073ac7daab1653280": {
    "app_sintetizada": "073AC7DAAB1653280",
    "cantidad_archivos": 1,
    "archivos_fuente": [
      "Library/Caches/Google/Chrome/Default/Cache/Cache_Data/073ac7daab165328_0"
    ],
    "ultima_modificacion": "2025-08-01 01:02:00.710353"
  },
  "f48ec98a411853d30": {
    "app_sintetizada": "F48EC98A411853D30",
    "cantidad_archivos": 1,
    "archivos_fuente": [
      "Library/Caches/Google/Chrome/Default/Cache/Cache_Data/f48ec98a411853d3_0"
    ],
    "ultima_modificacion": "2025-08-01 01:02:00.710713"
  },
  "5c3724c4abdf44c60": {
    "app_sintetizada": "5C3724C4ABDF44C60",
    "cantidad_archivos": 1,
    "archivos_fuente": [
      "Library/Caches/Google/Chrome/Default/Cache/Cache_Data/5c3724c4abdf44c6_0"
    ],
    "ultima_modificacion": "2025-08-01 01:02:00.711050"
  },
  "8b31b3924c152efe0": {
    "app_sintetizada": "8B31B3924C152EFE0",
    "cantidad_archivos": 1,
    "archivos_fuente": [
      "Library/Caches/Google/Chrome/Default/Cache/Cache_Data/8b31b3924c152efe_0"
    ],
    "ultima_modificacion": "2025-08-01 01:02:00.711379"
  },
  "2f9c4e15411827e50": {
    "app_sintetizada": "2F9C4E15411827E50",
    "cantidad_archivos": 1,
    "archivos_fuente": [
      "Library/Caches/Google/Chrome/Default/Cache/Cache_Data/2f9c4e15411827e5_0"
    ],
    "ultima_modificacion": "2025-08-01 01:02:00.711825"
  },
  "6f5f3562d87391d60": {
    "app_sintetizada": "6F5F3562D87391D60",
    "cantidad_archivos": 1,
    "archivos_fuente": [
      "Library/Caches/Google/Chrome/Default/Cache/Cache_Data/6f5f3562d87391d6_0"
    ],
    "ultima_modificacion": "2025-08-01 01:02:00.712191"
  },
  "353acf4b589de8fc0": {
    "app_sintetizada": "353ACF4B589DE8FC0",
    "cantidad_archivos": 1,
    "archivos_fuente": [
      "Library/Caches/Google/Chrome/Default/Cache/Cache_Data/353acf4b589de8fc_0"
    ],
    "ultima_modificacion": "2025-08-01 01:02:00.712544"
  },
  "c1370efafe0298210": {
    "app_sintetizada": "C1370EFAFE0298210",
    "cantidad_archivos": 1,
    "archivos_fuente": [
      "Library/Caches/Google/Chrome/Default/Cache/Cache_Data/c1370efafe029821_0"
    ],
    "ultima_modificacion": "2025-08-01 01:02:00.713014"
  },
  "ebcc0c35d43462840": {
    "app_sintetizada": "EBCC0C35D43462840",
    "cantidad_archivos": 1,
    "archivos_fuente": [
      "Library/Caches/Google/Chrome/Default/Cache/Cache_Data/ebcc0c35d4346284_0"
    ],
    "ultima_modificacion": "2025-08-01 01:02:00.713444"
  },
  "929ff4b2082166ee0": {
    "app_sintetizada": "929FF4B2082166EE0",
    "cantidad_archivos": 1,
    "archivos_fuente": [
      "Library/Caches/Google/Chrome/Default/Cache/Cache_Data/929ff4b2082166ee_0"
    ],
    "ultima_modificacion": "2025-08-01 01:02:00.713811"
  },
  "bdd7b87d0117e8920": {
    "app_sintetizada": "BDD7B87D0117E8920",
    "cantidad_archivos": 1,
    "archivos_fuente": [
      "Library/Caches/Google/Chrome/Default/Cache/Cache_Data/bdd7b87d0117e892_0"
    ],
    "ultima_modificacion": "2025-08-01 01:02:00.714150"
  },
  "8f22797fbc2dc07e0": {
    "app_sintetizada": "8F22797FBC2DC07E0",
    "cantidad_archivos": 1,
    "archivos_fuente": [
      "Library/Caches/Google/Chrome/Default/Cache/Cache_Data/8f22797fbc2dc07e_0"
    ],
    "ultima_modificacion": "2025-08-01 01:02:00.714431"
  },
  "12f1fe7712a462170": {
    "app_sintetizada": "12F1FE7712A462170",
    "cantidad_archivos": 1,
    "archivos_fuente": [
      "Library/Caches/Google/Chrome/Default/Cache/Cache_Data/12f1fe7712a46217_0"
    ],
    "ultima_modificacion": "2025-08-01 01:02:00.714815"
  },
  "6f8ca033aa89560f0": {
    "app_sintetizada": "6F8CA033AA89560F0",
    "cantidad_archivos": 1,
    "archivos_fuente": [
      "Library/Caches/Google/Chrome/Default/Cache/Cache_Data/6f8ca033aa89560f_0"
    ],
    "ultima_modificacion": "2025-08-01 01:02:00.715168"
  },
  "55e8b72e81ff9ea60": {
    "app_sintetizada": "55E8B72E81FF9EA60",
    "cantidad_archivos": 1,
    "archivos_fuente": [
      "Library/Caches/Google/Chrome/Default/Cache/Cache_Data/55e8b72e81ff9ea6_0"
    ],
    "ultima_modificacion": "2025-08-01 01:02:00.715472"
  },
  "67dbd083167391d50": {
    "app_sintetizada": "67DBD083167391D50",
    "cantidad_archivos": 1,
    "archivos_fuente": [
      "Library/Caches/Google/Chrome/Default/Cache/Cache_Data/67dbd083167391d5_0"
    ],
    "ultima_modificacion": "2025-08-01 01:02:00.715788"
  },
  "2058b0dc5ef8f9560": {
    "app_sintetizada": "2058B0DC5EF8F9560",
    "cantidad_archivos": 1,
    "archivos_fuente": [
      "Library/Caches/Google/Chrome/Default/Cache/Cache_Data/2058b0dc5ef8f956_0"
    ],
    "ultima_modificacion": "2025-08-01 01:02:00.716089"
  },
  "0593bdfd800f1eef0": {
    "app_sintetizada": "0593BDFD800F1EEF0",
    "cantidad_archivos": 1,
    "archivos_fuente": [
      "Library/Caches/Google/Chrome/Default/Cache/Cache_Data/0593bdfd800f1eef_0"
    ],
    "ultima_modificacion": "2025-08-01 01:02:00.716366"
  },
  "f03b005f729805480": {
    "app_sintetizada": "F03B005F729805480",
    "cantidad_archivos": 1,
    "archivos_fuente": [
      "Library/Caches/Google/Chrome/Default/Cache/Cache_Data/f03b005f72980548_0"
    ],
    "ultima_modificacion": "2025-08-01 01:02:00.716647"
  },
  "518592604d67ecef0": {
    "app_sintetizada": "518592604D67ECEF0",
    "cantidad_archivos": 1,
    "archivos_fuente": [
      "Library/Caches/Google/Chrome/Default/Cache/Cache_Data/518592604d67ecef_0"
    ],
    "ultima_modificacion": "2025-08-01 01:02:00.717013"
  },
  "92fc514e3a0917240": {
    "app_sintetizada": "92FC514E3A0917240",
    "cantidad_archivos": 1,
    "archivos_fuente": [
      "Library/Caches/Google/Chrome/Default/Cache/Cache_Data/92fc514e3a091724_0"
    ],
    "ultima_modificacion": "2025-08-01 01:02:00.717286"
  },
  "20663557341d3c230": {
    "app_sintetizada": "20663557341D3C230",
    "cantidad_archivos": 1,
    "archivos_fuente": [
      "Library/Caches/Google/Chrome/Default/Cache/Cache_Data/20663557341d3c23_0"
    ],
    "ultima_modificacion": "2025-08-01 01:02:00.717567"
  },
  "71485539c1c6f1a40": {
    "app_sintetizada": "71485539C1C6F1A40",
    "cantidad_archivos": 1,
    "archivos_fuente": [
      "Library/Caches/Google/Chrome/Default/Cache/Cache_Data/71485539c1c6f1a4_0"
    ],
    "ultima_modificacion": "2025-08-01 01:02:00.717840"
  },
  "83244cac610bf3ce0": {
    "app_sintetizada": "83244CAC610BF3CE0",
    "cantidad_archivos": 1,
    "archivos_fuente": [
      "Library/Caches/Google/Chrome/Default/Cache/Cache_Data/83244cac610bf3ce_0"
    ],
    "ultima_modificacion": "2025-08-01 01:02:00.718120"
  },
  "74d27d13fe515e370": {
    "app_sintetizada": "74D27D13FE515E370",
    "cantidad_archivos": 1,
    "archivos_fuente": [
      "Library/Caches/Google/Chrome/Default/Cache/Cache_Data/74d27d13fe515e37_0"
    ],
    "ultima_modificacion": "2025-08-01 01:02:00.718410"
  },
  "4eb8dc01043772be0": {
    "app_sintetizada": "4EB8DC01043772BE0",
    "cantidad_archivos": 1,
    "archivos_fuente": [
      "Library/Caches/Google/Chrome/Default/Cache/Cache_Data/4eb8dc01043772be_0"
    ],
    "ultima_modificacion": "2025-08-01 01:02:00.718701"
  },
  "6483f3ceb5d17ebf0": {
    "app_sintetizada": "6483F3CEB5D17EBF0",
    "cantidad_archivos": 1,
    "archivos_fuente": [
      "Library/Caches/Google/Chrome/Default/Cache/Cache_Data/6483f3ceb5d17ebf_0"
    ],
    "ultima_modificacion": "2025-08-01 01:02:00.719012"
  },
  "475e5130fc9722a00": {
    "app_sintetizada": "475E5130FC9722A00",
    "cantidad_archivos": 1,
    "archivos_fuente": [
      "Library/Caches/Google/Chrome/Default/Cache/Cache_Data/475e5130fc9722a0_0"
    ],
    "ultima_modificacion": "2025-08-01 01:02:00.719274"
  },
  "77cf1ee0410f20380": {
    "app_sintetizada": "77CF1EE0410F20380",
    "cantidad_archivos": 1,
    "archivos_fuente": [
      "Library/Caches/Google/Chrome/Default/Cache/Cache_Data/77cf1ee0410f2038_0"
    ],
    "ultima_modificacion": "2025-08-01 01:02:00.719570"
  },
  "ca92915f7b6e7be20": {
    "app_sintetizada": "CA92915F7B6E7BE20",
    "cantidad_archivos": 1,
    "archivos_fuente": [
      "Library/Caches/Google/Chrome/Default/Cache/Cache_Data/ca92915f7b6e7be2_0"
    ],
    "ultima_modificacion": "2025-08-01 01:02:00.721763"
  },
  "acf2c98b563978230": {
    "app_sintetizada": "ACF2C98B563978230",
    "cantidad_archivos": 1,
    "archivos_fuente": [
      "Library/Caches/Google/Chrome/Default/Cache/Cache_Data/acf2c98b56397823_0"
    ],
    "ultima_modificacion": "2025-08-01 01:02:00.722080"
  },
  "52945ad9c68942740": {
    "app_sintetizada": "52945AD9C68942740",
    "cantidad_archivos": 1,
    "archivos_fuente": [
      "Library/Caches/Google/Chrome/Default/Cache/Cache_Data/52945ad9c6894274_0"
    ],
    "ultima_modificacion": "2025-08-01 01:02:00.722339"
  },
  "47d74d8cb555204b0": {
    "app_sintetizada": "47D74D8CB555204B0",
    "cantidad_archivos": 1,
    "archivos_fuente": [
      "Library/Caches/Google/Chrome/Default/Cache/Cache_Data/47d74d8cb555204b_0"
    ],
    "ultima_modificacion": "2025-08-01 01:02:00.722635"
  },
  "acf92fa51224b6970": {
    "app_sintetizada": "ACF92FA51224B6970",
    "cantidad_archivos": 1,
    "archivos_fuente": [
      "Library/Caches/Google/Chrome/Default/Cache/Cache_Data/acf92fa51224b697_0"
    ],
    "ultima_modificacion": "2025-08-01 01:02:00.723000"
  },
  "9539308fe47d5fcd0": {
    "app_sintetizada": "9539308FE47D5FCD0",
    "cantidad_archivos": 1,
    "archivos_fuente": [
      "Library/Caches/Google/Chrome/Default/Cache/Cache_Data/9539308fe47d5fcd_0"
    ],
    "ultima_modificacion": "2025-08-01 01:02:00.723392"
  },
  "4f642538a07f12040": {
    "app_sintetizada": "4F642538A07F12040",
    "cantidad_archivos": 1,
    "archivos_fuente": [
      "Library/Caches/Google/Chrome/Default/Cache/Cache_Data/4f642538a07f1204_0"
    ],
    "ultima_modificacion": "2025-08-01 01:02:00.723874"
  },
  "19707810af3cb0ab0": {
    "app_sintetizada": "19707810AF3CB0AB0",
    "cantidad_archivos": 1,
    "archivos_fuente": [
      "Library/Caches/Google/Chrome/Default/Cache/Cache_Data/19707810af3cb0ab_0"
    ],
    "ultima_modificacion": "2025-08-01 01:02:00.724556"
  },
  "e7a9d4ee5885e7a90": {
    "app_sintetizada": "E7A9D4EE5885E7A90",
    "cantidad_archivos": 1,
    "archivos_fuente": [
      "Library/Caches/Google/Chrome/Default/Cache/Cache_Data/e7a9d4ee5885e7a9_0"
    ],
    "ultima_modificacion": "2025-08-01 01:02:00.725680"
  },
  "c5536cc2130297a70": {
    "app_sintetizada": "C5536CC2130297A70",
    "cantidad_archivos": 1,
    "archivos_fuente": [
      "Library/Caches/Google/Chrome/Default/Cache/Cache_Data/c5536cc2130297a7_0"
    ],
    "ultima_modificacion": "2025-08-01 01:02:00.726021"
  },
  "38234776ed8bf3880": {
    "app_sintetizada": "38234776ED8BF3880",
    "cantidad_archivos": 1,
    "archivos_fuente": [
      "Library/Caches/Google/Chrome/Default/Cache/Cache_Data/38234776ed8bf388_0"
    ],
    "ultima_modificacion": "2025-08-01 01:02:00.726296"
  },
  "435316f2ae3e847e0": {
    "app_sintetizada": "435316F2AE3E847E0",
    "cantidad_archivos": 1,
    "archivos_fuente": [
      "Library/Caches/Google/Chrome/Default/Cache/Cache_Data/435316f2ae3e847e_0"
    ],
    "ultima_modificacion": "2025-08-01 01:02:00.726582"
  },
  "3cec37a1c865fc850": {
    "app_sintetizada": "3CEC37A1C865FC850",
    "cantidad_archivos": 1,
    "archivos_fuente": [
      "Library/Caches/Google/Chrome/Default/Cache/Cache_Data/3cec37a1c865fc85_0"
    ],
    "ultima_modificacion": "2025-08-01 01:02:00.726848"
  },
  "46f44920d2158a940": {
    "app_sintetizada": "46F44920D2158A940",
    "cantidad_archivos": 1,
    "archivos_fuente": [
      "Library/Caches/Google/Chrome/Default/Cache/Cache_Data/46f44920d2158a94_0"
    ],
    "ultima_modificacion": "2025-08-01 01:02:00.727202"
  },
  "ca8c33bbfb1693f80": {
    "app_sintetizada": "CA8C33BBFB1693F80",
    "cantidad_archivos": 1,
    "archivos_fuente": [
      "Library/Caches/Google/Chrome/Default/Cache/Cache_Data/ca8c33bbfb1693f8_0"
    ],
    "ultima_modificacion": "2025-08-01 01:02:00.727464"
  },
  "75facd416609d7b10": {
    "app_sintetizada": "75FACD416609D7B10",
    "cantidad_archivos": 1,
    "archivos_fuente": [
      "Library/Caches/Google/Chrome/Default/Cache/Cache_Data/75facd416609d7b1_0"
    ],
    "ultima_modificacion": "2025-08-01 01:02:00.727763"
  },
  "a0df5f2d30550ad50": {
    "app_sintetizada": "A0DF5F2D30550AD50",
    "cantidad_archivos": 1,
    "archivos_fuente": [
      "Library/Caches/Google/Chrome/Default/Cache/Cache_Data/a0df5f2d30550ad5_0"
    ],
    "ultima_modificacion": "2025-08-01 01:02:00.728033"
  },
  "25f52858fb392b4c0": {
    "app_sintetizada": "25F52858FB392B4C0",
    "cantidad_archivos": 1,
    "archivos_fuente": [
      "Library/Caches/Google/Chrome/Default/Cache/Cache_Data/25f52858fb392b4c_0"
    ],
    "ultima_modificacion": "2025-08-01 01:02:00.728334"
  },
  "0b0ae99db595a48b0": {
    "app_sintetizada": "0B0AE99DB595A48B0",
    "cantidad_archivos": 1,
    "archivos_fuente": [
      "Library/Caches/Google/Chrome/Default/Cache/Cache_Data/0b0ae99db595a48b_0"
    ],
    "ultima_modificacion": "2025-08-01 01:02:00.728604"
  },
  "314704f22b99352f0": {
    "app_sintetizada": "314704F22B99352F0",
    "cantidad_archivos": 1,
    "archivos_fuente": [
      "Library/Caches/Google/Chrome/Default/Cache/Cache_Data/314704f22b99352f_0"
    ],
    "ultima_modificacion": "2025-08-01 01:02:00.728877"
  },
  "196bc03bd83fc0900": {
    "app_sintetizada": "196BC03BD83FC0900",
    "cantidad_archivos": 1,
    "archivos_fuente": [
      "Library/Caches/Google/Chrome/Default/Cache/Cache_Data/196bc03bd83fc090_0"
    ],
    "ultima_modificacion": "2025-08-01 01:02:00.729253"
  },
  "80fdf03332fcd9860": {
    "app_sintetizada": "80FDF03332FCD9860",
    "cantidad_archivos": 1,
    "archivos_fuente": [
      "Library/Caches/Google/Chrome/Default/Cache/Cache_Data/80fdf03332fcd986_0"
    ],
    "ultima_modificacion": "2025-08-01 01:02:00.729620"
  },
  "63460799d6d72f740": {
    "app_sintetizada": "63460799D6D72F740",
    "cantidad_archivos": 1,
    "archivos_fuente": [
      "Library/Caches/Google/Chrome/Default/Cache/Cache_Data/63460799d6d72f74_0"
    ],
    "ultima_modificacion": "2025-08-01 01:02:00.729938"
  },
  "67a9bec0398f269b0": {
    "app_sintetizada": "67A9BEC0398F269B0",
    "cantidad_archivos": 1,
    "archivos_fuente": [
      "Library/Caches/Google/Chrome/Default/Cache/Cache_Data/67a9bec0398f269b_0"
    ],
    "ultima_modificacion": "2025-08-01 01:02:00.730206"
  },
  "1661007f390e7bc40": {
    "app_sintetizada": "1661007F390E7BC40",
    "cantidad_archivos": 1,
    "archivos_fuente": [
      "Library/Caches/Google/Chrome/Default/Cache/Cache_Data/1661007f390e7bc4_0"
    ],
    "ultima_modificacion": "2025-08-01 01:02:00.730547"
  },
  "cba2ae9acb53ce180": {
    "app_sintetizada": "CBA2AE9ACB53CE180",
    "cantidad_archivos": 1,
    "archivos_fuente": [
      "Library/Caches/Google/Chrome/Default/Cache/Cache_Data/cba2ae9acb53ce18_0"
    ],
    "ultima_modificacion": "2025-08-01 01:02:00.730917"
  },
  "27628cdb2a34d67c0": {
    "app_sintetizada": "27628CDB2A34D67C0",
    "cantidad_archivos": 1,
    "archivos_fuente": [
      "Library/Caches/Google/Chrome/Default/Cache/Cache_Data/27628cdb2a34d67c_0"
    ],
    "ultima_modificacion": "2025-08-01 01:02:00.731198"
  },
  "98dfa5a11aeb41590": {
    "app_sintetizada": "98DFA5A11AEB41590",
    "cantidad_archivos": 1,
    "archivos_fuente": [
      "Library/Caches/Google/Chrome/Default/Cache/Cache_Data/98dfa5a11aeb4159_0"
    ],
    "ultima_modificacion": "2025-08-01 01:02:00.731542"
  },
  "7a1a8e6b66d58cbf0": {
    "app_sintetizada": "7A1A8E6B66D58CBF0",
    "cantidad_archivos": 1,
    "archivos_fuente": [
      "Library/Caches/Google/Chrome/Default/Cache/Cache_Data/7a1a8e6b66d58cbf_0"
    ],
    "ultima_modificacion": "2025-08-01 01:02:00.731808"
  },
  "3831ac26f6f9a26d0": {
    "app_sintetizada": "3831AC26F6F9A26D0",
    "cantidad_archivos": 1,
    "archivos_fuente": [
      "Library/Caches/Google/Chrome/Default/Cache/Cache_Data/3831ac26f6f9a26d_0"
    ],
    "ultima_modificacion": "2025-08-01 01:02:00.732064"
  },
  "7033cc3156a5dd0a0": {
    "app_sintetizada": "7033CC3156A5DD0A0",
    "cantidad_archivos": 1,
    "archivos_fuente": [
      "Library/Caches/Google/Chrome/Default/Cache/Cache_Data/7033cc3156a5dd0a_0"
    ],
    "ultima_modificacion": "2025-08-01 01:02:00.732321"
  },
  "e8a8d4f309750b6f0": {
    "app_sintetizada": "E8A8D4F309750B6F0",
    "cantidad_archivos": 1,
    "archivos_fuente": [
      "Library/Caches/Google/Chrome/Default/Cache/Cache_Data/e8a8d4f309750b6f_0"
    ],
    "ultima_modificacion": "2025-08-01 01:02:00.732626"
  },
  "7d941b2553e456d60": {
    "app_sintetizada": "7D941B2553E456D60",
    "cantidad_archivos": 1,
    "archivos_fuente": [
      "Library/Caches/Google/Chrome/Default/Cache/Cache_Data/7d941b2553e456d6_0"
    ],
    "ultima_modificacion": "2025-08-01 01:02:00.732880"
  },
  "6ac372d4b96f736d0": {
    "app_sintetizada": "6AC372D4B96F736D0",
    "cantidad_archivos": 1,
    "archivos_fuente": [
      "Library/Caches/Google/Chrome/Default/Cache/Cache_Data/6ac372d4b96f736d_0"
    ],
    "ultima_modificacion": "2025-08-01 01:02:00.733186"
  },
  "6a86868eb7f863eb0": {
    "app_sintetizada": "6A86868EB7F863EB0",
    "cantidad_archivos": 1,
    "archivos_fuente": [
      "Library/Caches/Google/Chrome/Default/Cache/Cache_Data/6a86868eb7f863eb_0"
    ],
    "ultima_modificacion": "2025-08-01 01:02:00.733437"
  },
  "b5d708c5d770a65b0": {
    "app_sintetizada": "B5D708C5D770A65B0",
    "cantidad_archivos": 1,
    "archivos_fuente": [
      "Library/Caches/Google/Chrome/Default/Cache/Cache_Data/b5d708c5d770a65b_0"
    ],
    "ultima_modificacion": "2025-08-01 01:02:00.733736"
  },
  "0a3a0c26a88972080": {
    "app_sintetizada": "0A3A0C26A88972080",
    "cantidad_archivos": 1,
    "archivos_fuente": [
      "Library/Caches/Google/Chrome/Default/Cache/Cache_Data/0a3a0c26a8897208_0"
    ],
    "ultima_modificacion": "2025-08-01 01:02:00.733979"
  },
  "98bd95a8d465d7d10": {
    "app_sintetizada": "98BD95A8D465D7D10",
    "cantidad_archivos": 1,
    "archivos_fuente": [
      "Library/Caches/Google/Chrome/Default/Cache/Cache_Data/98bd95a8d465d7d1_0"
    ],
    "ultima_modificacion": "2025-08-01 01:02:00.734229"
  },
  "8194b41168491c920": {
    "app_sintetizada": "8194B41168491C920",
    "cantidad_archivos": 1,
    "archivos_fuente": [
      "Library/Caches/Google/Chrome/Default/Cache/Cache_Data/8194b41168491c92_0"
    ],
    "ultima_modificacion": "2025-08-01 01:02:00.734465"
  },
  "cdf45b2cc8cf34c80": {
    "app_sintetizada": "CDF45B2CC8CF34C80",
    "cantidad_archivos": 1,
    "archivos_fuente": [
      "Library/Caches/Google/Chrome/Default/Cache/Cache_Data/cdf45b2cc8cf34c8_0"
    ],
    "ultima_modificacion": "2025-08-01 01:02:00.734814"
  },
  "d300244501c9b9690": {
    "app_sintetizada": "D300244501C9B9690",
    "cantidad_archivos": 1,
    "archivos_fuente": [
      "Library/Caches/Google/Chrome/Default/Cache/Cache_Data/d300244501c9b969_0"
    ],
    "ultima_modificacion": "2025-08-01 01:02:00.735061"
  }
}