{
  "257b9ada9582cd590": {
    "app_sintetizada": "257B9ADA9582CD590",
    "cantidad_archivos": 1,
    "archivos_fuente": [
      "Library/Caches/Google/Chrome/Default/Cache/Cache_Data/257b9ada9582cd59_0"
    ],
    "ultima_modificacion": "2025-08-01 01:02:01.509366"
  },
  "2f6c57aac06db2ed0": {
    "app_sintetizada": "2F6C57AAC06DB2ED0",
    "cantidad_archivos": 1,
    "archivos_fuente": [
      "Library/Caches/Google/Chrome/Default/Cache/Cache_Data/2f6c57aac06db2ed_0"
    ],
    "ultima_modificacion": "2025-08-01 01:02:01.509724"
  },
  "08f545318e20fc570": {
    "app_sintetizada": "08F545318E20FC570",
    "cantidad_archivos": 1,
    "archivos_fuente": [
      "Library/Caches/Google/Chrome/Default/Cache/Cache_Data/08f545318e20fc57_0"
    ],
    "ultima_modificacion": "2025-08-01 01:02:01.510107"
  },
  "094786ecae04fcf20": {
    "app_sintetizada": "094786ECAE04FCF20",
    "cantidad_archivos": 1,
    "archivos_fuente": [
      "Library/Caches/Google/Chrome/Default/Cache/Cache_Data/094786ecae04fcf2_0"
    ],
    "ultima_modificacion": "2025-08-01 01:02:01.510487"
  },
  "56961528a34d988a0": {
    "app_sintetizada": "56961528A34D988A0",
    "cantidad_archivos": 1,
    "archivos_fuente": [
      "Library/Caches/Google/Chrome/Default/Cache/Cache_Data/56961528a34d988a_0"
    ],
    "ultima_modificacion": "2025-08-01 01:02:01.510867"
  },
  "35d8307ae5cd34b50": {
    "app_sintetizada": "35D8307AE5CD34B50",
    "cantidad_archivos": 1,
    "archivos_fuente": [
      "Library/Caches/Google/Chrome/Default/Cache/Cache_Data/35d8307ae5cd34b5_0"
    ],
    "ultima_modificacion": "2025-08-01 01:02:01.511246"
  },
  "97cfbeef8d4f56020": {
    "app_sintetizada": "97CFBEEF8D4F56020",
    "cantidad_archivos": 1,
    "archivos_fuente": [
      "Library/Caches/Google/Chrome/Default/Cache/Cache_Data/97cfbeef8d4f5602_0"
    ],
    "ultima_modificacion": "2025-08-01 01:02:01.511593"
  },
  "67d089016fde85430": {
    "app_sintetizada": "67D089016FDE85430",
    "cantidad_archivos": 1,
    "archivos_fuente": [
      "Library/Caches/Google/Chrome/Default/Cache/Cache_Data/67d089016fde8543_0"
    ],
    "ultima_modificacion": "2025-08-01 01:02:01.511953"
  },
  "5f472d5e53367c460": {
    "app_sintetizada": "5F472D5E53367C460",
    "cantidad_archivos": 1,
    "archivos_fuente": [
      "Library/Caches/Google/Chrome/Default/Cache/Cache_Data/5f472d5e53367c46_0"
    ],
    "ultima_modificacion": "2025-08-01 01:02:01.512301"
  },
  "71e2798bca71816e0": {
    "app_sintetizada": "71E2798BCA71816E0",
    "cantidad_archivos": 1,
    "archivos_fuente": [
      "Library/Caches/Google/Chrome/Default/Cache/Cache_Data/71e2798bca71816e_0"
    ],
    "ultima_modificacion": "2025-08-01 01:02:01.512710"
  },
  "f03e1fb3b982cb610": {
    "app_sintetizada": "F03E1FB3B982CB610",
    "cantidad_archivos": 1,
    "archivos_fuente": [
      "Library/Caches/Google/Chrome/Default/Cache/Cache_Data/f03e1fb3b982cb61_0"
    ],
    "ultima_modificacion": "2025-08-01 01:02:01.512987"
  },
  "bf576b7a15d0b11a0": {
    "app_sintetizada": "BF576B7A15D0B11A0",
    "cantidad_archivos": 1,
    "archivos_fuente": [
      "Library/Caches/Google/Chrome/Default/Cache/Cache_Data/bf576b7a15d0b11a_0"
    ],
    "ultima_modificacion": "2025-08-01 01:02:01.513271"
  },
  "36c294bcaeb8cfa00": {
    "app_sintetizada": "36C294BCAEB8CFA00",
    "cantidad_archivos": 1,
    "archivos_fuente": [
      "Library/Caches/Google/Chrome/Default/Cache/Cache_Data/36c294bcaeb8cfa0_0"
    ],
    "ultima_modificacion": "2025-08-01 01:02:01.513659"
  },
  "e0e30571c5ca3b860": {
    "app_sintetizada": "E0E30571C5CA3B860",
    "cantidad_archivos": 1,
    "archivos_fuente": [
      "Library/Caches/Google/Chrome/Default/Cache/Cache_Data/e0e30571c5ca3b86_0"
    ],
    "ultima_modificacion": "2025-08-01 01:02:01.514031"
  },
  "80be02e30f882a360": {
    "app_sintetizada": "80BE02E30F882A360",
    "cantidad_archivos": 1,
    "archivos_fuente": [
      "Library/Caches/Google/Chrome/Default/Cache/Cache_Data/80be02e30f882a36_0"
    ],
    "ultima_modificacion": "2025-08-01 01:02:01.514316"
  },
  "c5c6db7d6e69e6bc0": {
    "app_sintetizada": "C5C6DB7D6E69E6BC0",
    "cantidad_archivos": 1,
    "archivos_fuente": [
      "Library/Caches/Google/Chrome/Default/Cache/Cache_Data/c5c6db7d6e69e6bc_0"
    ],
    "ultima_modificacion": "2025-08-01 01:02:01.514596"
  },
  "da8a2b5bd0564c590": {
    "app_sintetizada": "DA8A2B5BD0564C590",
    "cantidad_archivos": 1,
    "archivos_fuente": [
      "Library/Caches/Google/Chrome/Default/Cache/Cache_Data/da8a2b5bd0564c59_0"
    ],
    "ultima_modificacion": "2025-08-01 01:02:01.514870"
  },
  "6ecff411ebdd076c0": {
    "app_sintetizada": "6ECFF411EBDD076C0",
    "cantidad_archivos": 1,
    "archivos_fuente": [
      "Library/Caches/Google/Chrome/Default/Cache/Cache_Data/6ecff411ebdd076c_0"
    ],
    "ultima_modificacion": "2025-08-01 01:02:01.515139"
  },
  "1b73841159fcff990": {
    "app_sintetizada": "1B73841159FCFF990",
    "cantidad_archivos": 1,
    "archivos_fuente": [
      "Library/Caches/Google/Chrome/Default/Cache/Cache_Data/1b73841159fcff99_0"
    ],
    "ultima_modificacion": "2025-08-01 01:02:01.515405"
  },
  "0021290fb12959ff0": {
    "app_sintetizada": "0021290FB12959FF0",
    "cantidad_archivos": 1,
    "archivos_fuente": [
      "Library/Caches/Google/Chrome/Default/Cache/Cache_Data/0021290fb12959ff_0"
    ],
    "ultima_modificacion": "2025-08-01 01:02:01.515703"
  },
  "0fd223d4f0e3b3130": {
    "app_sintetizada": "0FD223D4F0E3B3130",
    "cantidad_archivos": 1,
    "archivos_fuente": [
      "Library/Caches/Google/Chrome/Default/Cache/Cache_Data/0fd223d4f0e3b313_0"
    ],
    "ultima_modificacion": "2025-08-01 01:02:01.515960"
  },
  "dc1404f24003a9300": {
    "app_sintetizada": "DC1404F24003A9300",
    "cantidad_archivos": 1,
    "archivos_fuente": [
      "Library/Caches/Google/Chrome/Default/Cache/Cache_Data/dc1404f24003a930_0"
    ],
    "ultima_modificacion": "2025-08-01 01:02:01.516318"
  },
  "83f4a0d8424caa2f0": {
    "app_sintetizada": "83F4A0D8424CAA2F0",
    "cantidad_archivos": 1,
    "archivos_fuente": [
      "Library/Caches/Google/Chrome/Default/Cache/Cache_Data/83f4a0d8424caa2f_0"
    ],
    "ultima_modificacion": "2025-08-01 01:02:01.516575"
  },
  "25d0cab3072b4ec10": {
    "app_sintetizada": "25D0CAB3072B4EC10",
    "cantidad_archivos": 1,
    "archivos_fuente": [
      "Library/Caches/Google/Chrome/Default/Cache/Cache_Data/25d0cab3072b4ec1_0"
    ],
    "ultima_modificacion": "2025-08-01 01:02:01.516875"
  },
  "d987fdf5dde781d30": {
    "app_sintetizada": "D987FDF5DDE781D30",
    "cantidad_archivos": 1,
    "archivos_fuente": [
      "Library/Caches/Google/Chrome/Default/Cache/Cache_Data/d987fdf5dde781d3_0"
    ],
    "ultima_modificacion": "2025-08-01 01:02:01.517132"
  },
  "ecd83fc9844319a00": {
    "app_sintetizada": "ECD83FC9844319A00",
    "cantidad_archivos": 1,
    "archivos_fuente": [
      "Library/Caches/Google/Chrome/Default/Cache/Cache_Data/ecd83fc9844319a0_0"
    ],
    "ultima_modificacion": "2025-08-01 01:02:01.517428"
  },
  "841a47e71478cc3d0": {
    "app_sintetizada": "841A47E71478CC3D0",
    "cantidad_archivos": 1,
    "archivos_fuente": [
      "Library/Caches/Google/Chrome/Default/Cache/Cache_Data/841a47e71478cc3d_0"
    ],
    "ultima_modificacion": "2025-08-01 01:02:01.517695"
  },
  "b0b51f532017ffe80": {
    "app_sintetizada": "B0B51F532017FFE80",
    "cantidad_archivos": 1,
    "archivos_fuente": [
      "Library/Caches/Google/Chrome/Default/Cache/Cache_Data/b0b51f532017ffe8_0"
    ],
    "ultima_modificacion": "2025-08-01 01:02:01.517977"
  },
  "32197f6430c40bc10": {
    "app_sintetizada": "32197F6430C40BC10",
    "cantidad_archivos": 1,
    "archivos_fuente": [
      "Library/Caches/Google/Chrome/Default/Cache/Cache_Data/32197f6430c40bc1_0"
    ],
    "ultima_modificacion": "2025-08-01 01:02:01.518313"
  },
  "7a4c8cbc8077b6760": {
    "app_sintetizada": "7A4C8CBC8077B6760",
    "cantidad_archivos": 1,
    "archivos_fuente": [
      "Library/Caches/Google/Chrome/Default/Cache/Cache_Data/7a4c8cbc8077b676_0"
    ],
    "ultima_modificacion": "2025-08-01 01:02:01.518618"
  },
  "b92b6960b12468c90": {
    "app_sintetizada": "B92B6960B12468C90",
    "cantidad_archivos": 1,
    "archivos_fuente": [
      "Library/Caches/Google/Chrome/Default/Cache/Cache_Data/b92b6960b12468c9_0"
    ],
    "ultima_modificacion": "2025-08-01 01:02:01.518901"
  },
  "17dc62d7597108d20": {
    "app_sintetizada": "17DC62D7597108D20",
    "cantidad_archivos": 1,
    "archivos_fuente": [
      "Library/Caches/Google/Chrome/Default/Cache/Cache_Data/17dc62d7597108d2_0"
    ],
    "ultima_modificacion": "2025-08-01 01:02:01.519169"
  },
  "8052d8412ef6bcd50": {
    "app_sintetizada": "8052D8412EF6BCD50",
    "cantidad_archivos": 1,
    "archivos_fuente": [
      "Library/Caches/Google/Chrome/Default/Cache/Cache_Data/8052d8412ef6bcd5_0"
    ],
    "ultima_modificacion": "2025-08-01 01:02:01.519453"
  },
  "15d9e3540ee23abf0": {
    "app_sintetizada": "15D9E3540EE23ABF0",
    "cantidad_archivos": 1,
    "archivos_fuente": [
      "Library/Caches/Google/Chrome/Default/Cache/Cache_Data/15d9e3540ee23abf_0"
    ],
    "ultima_modificacion": "2025-08-01 01:02:01.519810"
  },
  "799cd38905c2315e0": {
    "app_sintetizada": "799CD38905C2315E0",
    "cantidad_archivos": 1,
    "archivos_fuente": [
      "Library/Caches/Google/Chrome/Default/Cache/Cache_Data/799cd38905c2315e_0"
    ],
    "ultima_modificacion": "2025-08-01 01:02:01.520054"
  },
  "e8b9ad182cfe50f80": {
    "app_sintetizada": "E8B9AD182CFE50F80",
    "cantidad_archivos": 1,
    "archivos_fuente": [
      "Library/Caches/Google/Chrome/Default/Cache/Cache_Data/e8b9ad182cfe50f8_0"
    ],
    "ultima_modificacion": "2025-08-01 01:02:01.520400"
  },
  "c43e5c10386839470": {
    "app_sintetizada": "C43E5C10386839470",
    "cantidad_archivos": 1,
    "archivos_fuente": [
      "Library/Caches/Google/Chrome/Default/Cache/Cache_Data/c43e5c1038683947_0"
    ],
    "ultima_modificacion": "2025-08-01 01:02:01.520796"
  },
  "58c527c9f5a370920": {
    "app_sintetizada": "58C527C9F5A370920",
    "cantidad_archivos": 1,
    "archivos_fuente": [
      "Library/Caches/Google/Chrome/Default/Cache/Cache_Data/58c527c9f5a37092_0"
    ],
    "ultima_modificacion": "2025-08-01 01:02:01.521115"
  },
  "33c51fbafb341f0c0": {
    "app_sintetizada": "33C51FBAFB341F0C0",
    "cantidad_archivos": 1,
    "archivos_fuente": [
      "Library/Caches/Google/Chrome/Default/Cache/Cache_Data/33c51fbafb341f0c_0"
    ],
    "ultima_modificacion": "2025-08-01 01:02:01.521677"
  },
  "16271d194168ce180": {
    "app_sintetizada": "16271D194168CE180",
    "cantidad_archivos": 1,
    "archivos_fuente": [
      "Library/Caches/Google/Chrome/Default/Cache/Cache_Data/16271d194168ce18_0"
    ],
    "ultima_modificacion": "2025-08-01 01:02:01.521995"
  },
  "21acedf152f036350": {
    "app_sintetizada": "21ACEDF152F036350",
    "cantidad_archivos": 1,
    "archivos_fuente": [
      "Library/Caches/Google/Chrome/Default/Cache/Cache_Data/21acedf152f03635_0"
    ],
    "ultima_modificacion": "2025-08-01 01:02:01.522258"
  },
  "12adb08b5ee7fbc70": {
    "app_sintetizada": "12ADB08B5EE7FBC70",
    "cantidad_archivos": 1,
    "archivos_fuente": [
      "Library/Caches/Google/Chrome/Default/Cache/Cache_Data/12adb08b5ee7fbc7_0"
    ],
    "ultima_modificacion": "2025-08-01 01:02:01.522509"
  },
  "1841096ce8e564910": {
    "app_sintetizada": "1841096CE8E564910",
    "cantidad_archivos": 1,
    "archivos_fuente": [
      "Library/Caches/Google/Chrome/Default/Cache/Cache_Data/1841096ce8e56491_0"
    ],
    "ultima_modificacion": "2025-08-01 01:02:01.522774"
  },
  "ac68df77f6ee2fa30": {
    "app_sintetizada": "AC68DF77F6EE2FA30",
    "cantidad_archivos": 1,
    "archivos_fuente": [
      "Library/Caches/Google/Chrome/Default/Cache/Cache_Data/ac68df77f6ee2fa3_0"
    ],
    "ultima_modificacion": "2025-08-01 01:02:01.523028"
  },
  "0385505438d3f0c20": {
    "app_sintetizada": "0385505438D3F0C20",
    "cantidad_archivos": 1,
    "archivos_fuente": [
      "Library/Caches/Google/Chrome/Default/Cache/Cache_Data/0385505438d3f0c2_0"
    ],
    "ultima_modificacion": "2025-08-01 01:02:01.523387"
  },
  "d94f0426c78f11d10": {
    "app_sintetizada": "D94F0426C78F11D10",
    "cantidad_archivos": 1,
    "archivos_fuente": [
      "Library/Caches/Google/Chrome/Default/Cache/Cache_Data/d94f0426c78f11d1_0"
    ],
    "ultima_modificacion": "2025-08-01 01:02:01.523806"
  },
  "e388164514011ff30": {
    "app_sintetizada": "E388164514011FF30",
    "cantidad_archivos": 1,
    "archivos_fuente": [
      "Library/Caches/Google/Chrome/Default/Cache/Cache_Data/e388164514011ff3_0"
    ],
    "ultima_modificacion": "2025-08-01 01:02:01.524058"
  },
  "bbce5472122edd8e0": {
    "app_sintetizada": "BBCE5472122EDD8E0",
    "cantidad_archivos": 1,
    "archivos_fuente": [
      "Library/Caches/Google/Chrome/Default/Cache/Cache_Data/bbce5472122edd8e_0"
    ],
    "ultima_modificacion": "2025-08-01 01:02:01.524309"
  },
  "8a114e0a16143cf40": {
    "app_sintetizada": "8A114E0A16143CF40",
    "cantidad_archivos": 1,
    "archivos_fuente": [
      "Library/Caches/Google/Chrome/Default/Cache/Cache_Data/8a114e0a16143cf4_0"
    ],
    "ultima_modificacion": "2025-08-01 01:02:01.524551"
  },
  "220fcc083f0a4b8c0": {
    "app_sintetizada": "220FCC083F0A4B8C0",
    "cantidad_archivos": 1,
    "archivos_fuente": [
      "Library/Caches/Google/Chrome/Default/Cache/Cache_Data/220fcc083f0a4b8c_0"
    ],
    "ultima_modificacion": "2025-08-01 01:02:01.524804"
  },
  "cb61245222c888900": {
    "app_sintetizada": "CB61245222C888900",
    "cantidad_archivos": 1,
    "archivos_fuente": [
      "Library/Caches/Google/Chrome/Default/Cache/Cache_Data/cb61245222c88890_0"
    ],
    "ultima_modificacion": "2025-08-01 01:02:01.525055"
  },
  "6b08a062fd2dd0d50": {
    "app_sintetizada": "6B08A062FD2DD0D50",
    "cantidad_archivos": 1,
    "archivos_fuente": [
      "Library/Caches/Google/Chrome/Default/Cache/Cache_Data/6b08a062fd2dd0d5_0"
    ],
    "ultima_modificacion": "2025-08-01 01:02:01.525265"
  },
  "7e2bdab21ed701080": {
    "app_sintetizada": "7E2BDAB21ED701080",
    "cantidad_archivos": 1,
    "archivos_fuente": [
      "Library/Caches/Google/Chrome/Default/Cache/Cache_Data/7e2bdab21ed70108_0"
    ],
    "ultima_modificacion": "2025-08-01 01:02:01.525465"
  },
  "6d88cb663c27bd2b0": {
    "app_sintetizada": "6D88CB663C27BD2B0",
    "cantidad_archivos": 1,
    "archivos_fuente": [
      "Library/Caches/Google/Chrome/Default/Cache/Cache_Data/6d88cb663c27bd2b_0"
    ],
    "ultima_modificacion": "2025-08-01 01:02:01.525669"
  },
  "2f74ee8a6ec4341e0": {
    "app_sintetizada": "2F74EE8A6EC4341E0",
    "cantidad_archivos": 1,
    "archivos_fuente": [
      "Library/Caches/Google/Chrome/Default/Cache/Cache_Data/2f74ee8a6ec4341e_0"
    ],
    "ultima_modificacion": "2025-08-01 01:02:01.525865"
  },
  "ac3ae989f441b5070": {
    "app_sintetizada": "AC3AE989F441B5070",
    "cantidad_archivos": 1,
    "archivos_fuente": [
      "Library/Caches/Google/Chrome/Default/Cache/Cache_Data/ac3ae989f441b507_0"
    ],
    "ultima_modificacion": "2025-08-01 01:02:01.526060"
  },
  "96d5d20cc648e2800": {
    "app_sintetizada": "96D5D20CC648E2800",
    "cantidad_archivos": 1,
    "archivos_fuente": [
      "Library/Caches/Google/Chrome/Default/Cache/Cache_Data/96d5d20cc648e280_0"
    ],
    "ultima_modificacion": "2025-08-01 01:02:01.526290"
  },
  "63968a8e2c8437270": {
    "app_sintetizada": "63968A8E2C8437270",
    "cantidad_archivos": 1,
    "archivos_fuente": [
      "Library/Caches/Google/Chrome/Default/Cache/Cache_Data/63968a8e2c843727_0"
    ],
    "ultima_modificacion": "2025-08-01 01:02:01.526574"
  },
  "8ad24080691102210": {
    "app_sintetizada": "8AD24080691102210",
    "cantidad_archivos": 1,
    "archivos_fuente": [
      "Library/Caches/Google/Chrome/Default/Cache/Cache_Data/8ad2408069110221_0"
    ],
    "ultima_modificacion": "2025-08-01 01:02:01.526826"
  },
  "afa7a8fb8dec45d10": {
    "app_sintetizada": "AFA7A8FB8DEC45D10",
    "cantidad_archivos": 1,
    "archivos_fuente": [
      "Library/Caches/Google/Chrome/Default/Cache/Cache_Data/afa7a8fb8dec45d1_0"
    ],
    "ultima_modificacion": "2025-08-01 01:02:01.527080"
  },
  "61a734af0b66b3f60": {
    "app_sintetizada": "61A734AF0B66B3F60",
    "cantidad_archivos": 1,
    "archivos_fuente": [
      "Library/Caches/Google/Chrome/Default/Cache/Cache_Data/61a734af0b66b3f6_0"
    ],
    "ultima_modificacion": "2025-08-01 01:02:01.527363"
  },
  "9ebfd8cd25a906d90": {
    "app_sintetizada": "9EBFD8CD25A906D90",
    "cantidad_archivos": 1,
    "archivos_fuente": [
      "Library/Caches/Google/Chrome/Default/Cache/Cache_Data/9ebfd8cd25a906d9_0"
    ],
    "ultima_modificacion": "2025-08-01 01:02:01.527605"
  },
  "1270f13e77e237890": {
    "app_sintetizada": "1270F13E77E237890",
    "cantidad_archivos": 1,
    "archivos_fuente": [
      "Library/Caches/Google/Chrome/Default/Cache/Cache_Data/1270f13e77e23789_0"
    ],
    "ultima_modificacion": "2025-08-01 01:02:01.527878"
  },
  "a4aa225139b8895e0": {
    "app_sintetizada": "A4AA225139B8895E0",
    "cantidad_archivos": 1,
    "archivos_fuente": [
      "Library/Caches/Google/Chrome/Default/Cache/Cache_Data/a4aa225139b8895e_0"
    ],
    "ultima_modificacion": "2025-08-01 01:02:01.528134"
  },
  "349542fd5bf9801b0": {
    "app_sintetizada": "349542FD5BF9801B0",
    "cantidad_archivos": 1,
    "archivos_fuente": [
      "Library/Caches/Google/Chrome/Default/Cache/Cache_Data/349542fd5bf9801b_0"
    ],
    "ultima_modificacion": "2025-08-01 01:02:01.528352"
  },
  "a477525679f9a0cb0": {
    "app_sintetizada": "A477525679F9A0CB0",
    "cantidad_archivos": 1,
    "archivos_fuente": [
      "Library/Caches/Google/Chrome/Default/Cache/Cache_Data/a477525679f9a0cb_0"
    ],
    "ultima_modificacion": "2025-08-01 01:02:01.528555"
  },
  "28a9c863e498a05e0": {
    "app_sintetizada": "28A9C863E498A05E0",
    "cantidad_archivos": 1,
    "archivos_fuente": [
      "Library/Caches/Google/Chrome/Default/Cache/Cache_Data/28a9c863e498a05e_0"
    ],
    "ultima_modificacion": "2025-08-01 01:02:01.528758"
  },
  "f6527406e1fff4a70": {
    "app_sintetizada": "F6527406E1FFF4A70",
    "cantidad_archivos": 1,
    "archivos_fuente": [
      "Library/Caches/Google/Chrome/Default/Cache/Cache_Data/f6527406e1fff4a7_0"
    ],
    "ultima_modificacion": "2025-08-01 01:02:01.528953"
  },
  "949eb237566612420": {
    "app_sintetizada": "949EB237566612420",
    "cantidad_archivos": 1,
    "archivos_fuente": [
      "Library/Caches/Google/Chrome/Default/Cache/Cache_Data/949eb23756661242_0"
    ],
    "ultima_modificacion": "2025-08-01 01:02:01.529172"
  },
  "c83dc787b6b2d5d30": {
    "app_sintetizada": "C83DC787B6B2D5D30",
    "cantidad_archivos": 1,
    "archivos_fuente": [
      "Library/Caches/Google/Chrome/Default/Cache/Cache_Data/c83dc787b6b2d5d3_0"
    ],
    "ultima_modificacion": "2025-08-01 01:02:01.529389"
  },
  "4c6ee67ba00f2cd40": {
    "app_sintetizada": "4C6EE67BA00F2CD40",
    "cantidad_archivos": 1,
    "archivos_fuente": [
      "Library/Caches/Google/Chrome/Default/Cache/Cache_Data/4c6ee67ba00f2cd4_0"
    ],
    "ultima_modificacion": "2025-08-01 01:02:01.529601"
  },
  "af19e738c9d682ca0": {
    "app_sintetizada": "AF19E738C9D682CA0",
    "cantidad_archivos": 1,
    "archivos_fuente": [
      "Library/Caches/Google/Chrome/Default/Cache/Cache_Data/af19e738c9d682ca_0"
    ],
    "ultima_modificacion": "2025-08-01 01:02:01.529864"
  },
  "5c861c16db61899d0": {
    "app_sintetizada": "5C861C16DB61899D0",
    "cantidad_archivos": 1,
    "archivos_fuente": [
      "Library/Caches/Google/Chrome/Default/Cache/Cache_Data/5c861c16db61899d_0"
    ],
    "ultima_modificacion": "2025-08-01 01:02:01.530066"
  },
  "1b08f5502c509dc00": {
    "app_sintetizada": "1B08F5502C509DC00",
    "cantidad_archivos": 1,
    "archivos_fuente": [
      "Library/Caches/Google/Chrome/Default/Cache/Cache_Data/1b08f5502c509dc0_0"
    ],
    "ultima_modificacion": "2025-08-01 01:02:01.530259"
  },
  "5129a2e75f31c5f00": {
    "app_sintetizada": "5129A2E75F31C5F00",
    "cantidad_archivos": 1,
    "archivos_fuente": [
      "Library/Caches/Google/Chrome/Default/Cache/Cache_Data/5129a2e75f31c5f0_0"
    ],
    "ultima_modificacion": "2025-08-01 01:02:01.530452"
  },
  "208e8319ec9bb2e70": {
    "app_sintetizada": "208E8319EC9BB2E70",
    "cantidad_archivos": 1,
    "archivos_fuente": [
      "Library/Caches/Google/Chrome/Default/Cache/Cache_Data/208e8319ec9bb2e7_0"
    ],
    "ultima_modificacion": "2025-08-01 01:02:01.530644"
  },
  "ca0756af274aacd30": {
    "app_sintetizada": "CA0756AF274AACD30",
    "cantidad_archivos": 1,
    "archivos_fuente": [
      "Library/Caches/Google/Chrome/Default/Cache/Cache_Data/ca0756af274aacd3_0"
    ],
    "ultima_modificacion": "2025-08-01 01:02:01.530896"
  },
  "0c1b7155733737f30": {
    "app_sintetizada": "0C1B7155733737F30",
    "cantidad_archivos": 1,
    "archivos_fuente": [
      "Library/Caches/Google/Chrome/Default/Cache/Cache_Data/0c1b7155733737f3_0"
    ],
    "ultima_modificacion": "2025-08-01 01:02:01.531150"
  },
  "9ef736b1058f9c300": {
    "app_sintetizada": "9EF736B1058F9C300",
    "cantidad_archivos": 1,
    "archivos_fuente": [
      "Library/Caches/Google/Chrome/Default/Cache/Cache_Data/9ef736b1058f9c30_0"
    ],
    "ultima_modificacion": "2025-08-01 01:02:01.531402"
  },
  "5b1bb4fbe6a584da0": {
    "app_sintetizada": "5B1BB4FBE6A584DA0",
    "cantidad_archivos": 1,
    "archivos_fuente": [
      "Library/Caches/Google/Chrome/Default/Cache/Cache_Data/5b1bb4fbe6a584da_0"
    ],
    "ultima_modificacion": "2025-08-01 01:02:01.531730"
  },
  "dcb183bdc38d5d820": {
    "app_sintetizada": "DCB183BDC38D5D820",
    "cantidad_archivos": 1,
    "archivos_fuente": [
      "Library/Caches/Google/Chrome/Default/Cache/Cache_Data/dcb183bdc38d5d82_0"
    ],
    "ultima_modificacion": "2025-08-01 01:02:01.532267"
  },
  "97a3b20cbd0186060": {
    "app_sintetizada": "97A3B20CBD0186060",
    "cantidad_archivos": 1,
    "archivos_fuente": [
      "Library/Caches/Google/Chrome/Default/Cache/Cache_Data/97a3b20cbd018606_0"
    ],
    "ultima_modificacion": "2025-08-01 01:02:01.532599"
  },
  "1dac15512faf072b0": {
    "app_sintetizada": "1DAC15512FAF072B0",
    "cantidad_archivos": 1,
    "archivos_fuente": [
      "Library/Caches/Google/Chrome/Default/Cache/Cache_Data/1dac15512faf072b_0"
    ],
    "ultima_modificacion": "2025-08-01 01:02:01.532864"
  },
  "5ba33751b0dd564b0": {
    "app_sintetizada": "5BA33751B0DD564B0",
    "cantidad_archivos": 1,
    "archivos_fuente": [
      "Library/Caches/Google/Chrome/Default/Cache/Cache_Data/5ba33751b0dd564b_0"
    ],
    "ultima_modificacion": "2025-08-01 01:02:01.533132"
  },
  "e30a9baa1f9454220": {
    "app_sintetizada": "E30A9BAA1F9454220",
    "cantidad_archivos": 1,
    "archivos_fuente": [
      "Library/Caches/Google/Chrome/Default/Cache/Cache_Data/e30a9baa1f945422_0"
    ],
    "ultima_modificacion": "2025-08-01 01:02:01.533422"
  },
  "36d5b69a29dfe7680": {
    "app_sintetizada": "36D5B69A29DFE7680",
    "cantidad_archivos": 1,
    "archivos_fuente": [
      "Library/Caches/Google/Chrome/Default/Cache/Cache_Data/36d5b69a29dfe768_0"
    ],
    "ultima_modificacion": "2025-08-01 01:02:01.533893"
  },
  "28d07d11953d17110": {
    "app_sintetizada": "28D07D11953D17110",
    "cantidad_archivos": 1,
    "archivos_fuente": [
      "Library/Caches/Google/Chrome/Default/Cache/Cache_Data/28d07d11953d1711_0"
    ],
    "ultima_modificacion": "2025-08-01 01:02:01.534201"
  },
  "202f650d773ccd090": {
    "app_sintetizada": "202F650D773CCD090",
    "cantidad_archivos": 1,
    "archivos_fuente": [
      "Library/Caches/Google/Chrome/Default/Cache/Cache_Data/202f650d773ccd09_0"
    ],
    "ultima_modificacion": "2025-08-01 01:02:01.534458"
  },
  "08fb0f53289aed840": {
    "app_sintetizada": "08FB0F53289AED840",
    "cantidad_archivos": 1,
    "archivos_fuente": [
      "Library/Caches/Google/Chrome/Default/Cache/Cache_Data/08fb0f53289aed84_0"
    ],
    "ultima_modificacion": "2025-08-01 01:02:01.534750"
  },
  "c62863db37ecab6b0": {
    "app_sintetizada": "C62863DB37ECAB6B0",
    "cantidad_archivos": 1,
    "archivos_fuente": [
      "Library/Caches/Google/Chrome/Default/Cache/Cache_Data/c62863db37ecab6b_0"
    ],
    "ultima_modificacion": "2025-08-01 01:02:01.534983"
  },
  "0a8bd7af2c4ea04b0": {
    "app_sintetizada": "0A8BD7AF2C4EA04B0",
    "cantidad_archivos": 1,
    "archivos_fuente": [
      "Library/Caches/Google/Chrome/Default/Cache/Cache_Data/0a8bd7af2c4ea04b_0"
    ],
    "ultima_modificacion": "2025-08-01 01:02:01.535191"
  },
  "1e2dc2f5e3e7665b0": {
    "app_sintetizada": "1E2DC2F5E3E7665B0",
    "cantidad_archivos": 1,
    "archivos_fuente": [
      "Library/Caches/Google/Chrome/Default/Cache/Cache_Data/1e2dc2f5e3e7665b_0"
    ],
    "ultima_modificacion": "2025-08-01 01:02:01.535394"
  },
  "1a5c4630f4b8ab160": {
    "app_sintetizada": "1A5C4630F4B8AB160",
    "cantidad_archivos": 1,
    "archivos_fuente": [
      "Library/Caches/Google/Chrome/Default/Cache/Cache_Data/1a5c4630f4b8ab16_0"
    ],
    "ultima_modificacion": "2025-08-01 01:02:01.535621"
  },
  "9a13770bf069e90c0": {
    "app_sintetizada": "9A13770BF069E90C0",
    "cantidad_archivos": 1,
    "archivos_fuente": [
      "Library/Caches/Google/Chrome/Default/Cache/Cache_Data/9a13770bf069e90c_0"
    ],
    "ultima_modificacion": "2025-08-01 01:02:01.535913"
  },
  "696aa451f908ef5b0": {
    "app_sintetizada": "696AA451F908EF5B0",
    "cantidad_archivos": 1,
    "archivos_fuente": [
      "Library/Caches/Google/Chrome/Default/Cache/Cache_Data/696aa451f908ef5b_0"
    ],
    "ultima_modificacion": "2025-08-01 01:02:01.536176"
  },
  "1e8b19dd10b91b750": {
    "app_sintetizada": "1E8B19DD10B91B750",
    "cantidad_archivos": 1,
    "archivos_fuente": [
      "Library/Caches/Google/Chrome/Default/Cache/Cache_Data/1e8b19dd10b91b75_0"
    ],
    "ultima_modificacion": "2025-08-01 01:02:01.536468"
  },
  "fe8d283127fe0ce40": {
    "app_sintetizada": "FE8D283127FE0CE40",
    "cantidad_archivos": 1,
    "archivos_fuente": [
      "Library/Caches/Google/Chrome/Default/Cache/Cache_Data/fe8d283127fe0ce4_0"
    ],
    "ultima_modificacion": "2025-08-01 01:02:01.536718"
  },
  "ffad1c46cf3732040": {
    "app_sintetizada": "FFAD1C46CF3732040",
    "cantidad_archivos": 1,
    "archivos_fuente": [
      "Library/Caches/Google/Chrome/Default/Cache/Cache_Data/ffad1c46cf373204_0"
    ],
    "ultima_modificacion": "2025-08-01 01:02:01.537016"
  },
  "9426d3a7cb5760bf0": {
    "app_sintetizada": "9426D3A7CB5760BF0",
    "cantidad_archivos": 1,
    "archivos_fuente": [
      "Library/Caches/Google/Chrome/Default/Cache/Cache_Data/9426d3a7cb5760bf_0"
    ],
    "ultima_modificacion": "2025-08-01 01:02:01.537270"
  },
  "6be75e4b07a2ed630": {
    "app_sintetizada": "6BE75E4B07A2ED630",
    "cantidad_archivos": 1,
    "archivos_fuente": [
      "Library/Caches/Google/Chrome/Default/Cache/Cache_Data/6be75e4b07a2ed63_0"
    ],
    "ultima_modificacion": "2025-08-01 01:02:01.537549"
  }
}