{
  "~wrs{de1ca026eda01149bb54a6961236a3b1}": {
    "app_sintetizada": "~WRS{DE1CA026EDA01149BB54A6961236A3B1}",
    "cantidad_archivos": 1,
    "archivos_fuente": [
      "Library/Containers/com.microsoft.Word/Data/Library/Application Support/Microsoft/Temp/~WRS{DE1CA026-EDA0-1149-BB54-A6961236A3B1}"
    ],
    "ultima_modificacion": "2025-08-01 01:01:54.919381"
  },
  "~wrs{1d448270b2d07c449910207d9f1643ad}": {
    "app_sintetizada": "~WRS{1D448270B2D07C449910207D9F1643AD}",
    "cantidad_archivos": 1,
    "archivos_fuente": [
      "Library/Containers/com.microsoft.Word/Data/Library/Application Support/Microsoft/Temp/~WRS{1D448270-B2D0-7C44-9910-207D9F1643AD}"
    ],
    "ultima_modificacion": "2025-08-01 01:01:54.919653"
  },
  "~wrs{06021553802e524d946623d1fcde96ff}": {
    "app_sintetizada": "~WRS{06021553802E524D946623D1FCDE96FF}",
    "cantidad_archivos": 1,
    "archivos_fuente": [
      "Library/Containers/com.microsoft.Word/Data/Library/Application Support/Microsoft/Temp/~WRS{06021553-802E-524D-9466-23D1FCDE96FF}"
    ],
    "ultima_modificacion": "2025-08-01 01:01:54.920030"
  },
  "~wrs{34c125183ef9644da19b9dc407e3f1db}": {
    "app_sintetizada": "~WRS{34C125183EF9644DA19B9DC407E3F1DB}",
    "cantidad_archivos": 1,
    "archivos_fuente": [
      "Library/Containers/com.microsoft.Word/Data/Library/Application Support/Microsoft/Temp/~WRS{34C12518-3EF9-644D-A19B-9DC407E3F1DB}"
    ],
    "ultima_modificacion": "2025-08-01 01:01:54.920312"
  },
  "~wrs{860520c8f0934542b15f9c5053a0f338}": {
    "app_sintetizada": "~WRS{860520C8F0934542B15F9C5053A0F338}",
    "cantidad_archivos": 1,
    "archivos_fuente": [
      "Library/Containers/com.microsoft.Word/Data/Library/Application Support/Microsoft/Temp/~WRS{860520C8-F093-4542-B15F-9C5053A0F338}"
    ],
    "ultima_modificacion": "2025-08-01 01:01:54.920689"
  },
  "~wrs{501a7836fd885542aa34af677cf71df8}": {
    "app_sintetizada": "~WRS{501A7836FD885542AA34AF677CF71DF8}",
    "cantidad_archivos": 1,
    "archivos_fuente": [
      "Library/Containers/com.microsoft.Word/Data/Library/Application Support/Microsoft/Temp/~WRS{501A7836-FD88-5542-AA34-AF677CF71DF8}"
    ],
    "ultima_modificacion": "2025-08-01 01:01:54.921048"
  },
  "~wrs{1501f9c7f850484a937c5c24776e8a9d}": {
    "app_sintetizada": "~WRS{1501F9C7F850484A937C5C24776E8A9D}",
    "cantidad_archivos": 1,
    "archivos_fuente": [
      "Library/Containers/com.microsoft.Word/Data/Library/Application Support/Microsoft/Temp/~WRS{1501F9C7-F850-484A-937C-5C24776E8A9D}"
    ],
    "ultima_modificacion": "2025-08-01 01:01:54.921309"
  },
  "~wrs{9f4722a303e1c2429b93427c1f04503b}": {
    "app_sintetizada": "~WRS{9F4722A303E1C2429B93427C1F04503B}",
    "cantidad_archivos": 1,
    "archivos_fuente": [
      "Library/Containers/com.microsoft.Word/Data/Library/Application Support/Microsoft/Temp/~WRS{9F4722A3-03E1-C242-9B93-427C1F04503B}"
    ],
    "ultima_modificacion": "2025-08-01 01:01:54.921564"
  },
  "~wrs{3cb0c01d956a3846b802eff4020ea2b3}": {
    "app_sintetizada": "~WRS{3CB0C01D956A3846B802EFF4020EA2B3}",
    "cantidad_archivos": 1,
    "archivos_fuente": [
      "Library/Containers/com.microsoft.Word/Data/Library/Application Support/Microsoft/Temp/~WRS{3CB0C01D-956A-3846-B802-EFF4020EA2B3}"
    ],
    "ultima_modificacion": "2025-08-01 01:01:54.921830"
  },
  "~wrs{2dfcef356e3eb044951206222ef9ef8d}": {
    "app_sintetizada": "~WRS{2DFCEF356E3EB044951206222EF9EF8D}",
    "cantidad_archivos": 1,
    "archivos_fuente": [
      "Library/Containers/com.microsoft.Word/Data/Library/Application Support/Microsoft/Temp/~WRS{2DFCEF35-6E3E-B044-9512-06222EF9EF8D}"
    ],
    "ultima_modificacion": "2025-08-01 01:01:54.922128"
  },
  "~wrs{f1733dfe52717f489eb1a74a04243250}": {
    "app_sintetizada": "~WRS{F1733DFE52717F489EB1A74A04243250}",
    "cantidad_archivos": 1,
    "archivos_fuente": [
      "Library/Containers/com.microsoft.Word/Data/Library/Application Support/Microsoft/Temp/~WRS{F1733DFE-5271-7F48-9EB1-A74A04243250}"
    ],
    "ultima_modificacion": "2025-08-01 01:01:54.922388"
  },
  "~wrs{2292b04808b42d468c1fb7151ad1510f}": {
    "app_sintetizada": "~WRS{2292B04808B42D468C1FB7151AD1510F}",
    "cantidad_archivos": 1,
    "archivos_fuente": [
      "Library/Containers/com.microsoft.Word/Data/Library/Application Support/Microsoft/Temp/~WRS{2292B048-08B4-2D46-8C1F-B7151AD1510F}"
    ],
    "ultima_modificacion": "2025-08-01 01:01:54.922697"
  },
  "~wrs{747ca7edd0c673498150d4284bd50689}": {
    "app_sintetizada": "~WRS{747CA7EDD0C673498150D4284BD50689}",
    "cantidad_archivos": 1,
    "archivos_fuente": [
      "Library/Containers/com.microsoft.Word/Data/Library/Application Support/Microsoft/Temp/~WRS{747CA7ED-D0C6-7349-8150-D4284BD50689}"
    ],
    "ultima_modificacion": "2025-08-01 01:01:54.922958"
  },
  "~wrs{2cf219e0e1306c498541020fac2932df}": {
    "app_sintetizada": "~WRS{2CF219E0E1306C498541020FAC2932DF}",
    "cantidad_archivos": 1,
    "archivos_fuente": [
      "Library/Containers/com.microsoft.Word/Data/Library/Application Support/Microsoft/Temp/~WRS{2CF219E0-E130-6C49-8541-020FAC2932DF}"
    ],
    "ultima_modificacion": "2025-08-01 01:01:54.923311"
  },
  "~wrf{22d41ae0fa0e244c9ed50b2e4f27c4e7}": {
    "app_sintetizada": "~WRF{22D41AE0FA0E244C9ED50B2E4F27C4E7}",
    "cantidad_archivos": 1,
    "archivos_fuente": [
      "Library/Containers/com.microsoft.Word/Data/Library/Application Support/Microsoft/Temp/~WRF{22D41AE0-FA0E-244C-9ED5-0B2E4F27C4E7}"
    ],
    "ultima_modificacion": "2025-08-01 01:01:54.923584"
  },
  "~wrs{40f091aaf65c65418b2a315913b37963}": {
    "app_sintetizada": "~WRS{40F091AAF65C65418B2A315913B37963}",
    "cantidad_archivos": 1,
    "archivos_fuente": [
      "Library/Containers/com.microsoft.Word/Data/Library/Application Support/Microsoft/Temp/~WRS{40F091AA-F65C-6541-8B2A-315913B37963}"
    ],
    "ultima_modificacion": "2025-08-01 01:01:54.923900"
  },
  "~wrs{7782a5ea73fa1d4aaeeafcdd153a0221}": {
    "app_sintetizada": "~WRS{7782A5EA73FA1D4AAEEAFCDD153A0221}",
    "cantidad_archivos": 1,
    "archivos_fuente": [
      "Library/Containers/com.microsoft.Word/Data/Library/Application Support/Microsoft/Temp/~WRS{7782A5EA-73FA-1D4A-AEEA-FCDD153A0221}"
    ],
    "ultima_modificacion": "2025-08-01 01:01:54.924181"
  },
  "~wrs{c3167d75631eeb42845b53aefcaa44e0}": {
    "app_sintetizada": "~WRS{C3167D75631EEB42845B53AEFCAA44E0}",
    "cantidad_archivos": 1,
    "archivos_fuente": [
      "Library/Containers/com.microsoft.Word/Data/Library/Application Support/Microsoft/Temp/~WRS{C3167D75-631E-EB42-845B-53AEFCAA44E0}"
    ],
    "ultima_modificacion": "2025-08-01 01:01:54.924484"
  },
  "~wrs{ccaf61730976c24f906b681b48aa5594}": {
    "app_sintetizada": "~WRS{CCAF61730976C24F906B681B48AA5594}",
    "cantidad_archivos": 1,
    "archivos_fuente": [
      "Library/Containers/com.microsoft.Word/Data/Library/Application Support/Microsoft/Temp/~WRS{CCAF6173-0976-C24F-906B-681B48AA5594}"
    ],
    "ultima_modificacion": "2025-08-01 01:01:54.924755"
  },
  "~wrs{11f1887626e22843a11a7115b33556b4}": {
    "app_sintetizada": "~WRS{11F1887626E22843A11A7115B33556B4}",
    "cantidad_archivos": 1,
    "archivos_fuente": [
      "Library/Containers/com.microsoft.Word/Data/Library/Application Support/Microsoft/Temp/~WRS{11F18876-26E2-2843-A11A-7115B33556B4}"
    ],
    "ultima_modificacion": "2025-08-01 01:01:54.925023"
  },
  "~wrs{2de265a8d34082429ec992a9ecb85699}": {
    "app_sintetizada": "~WRS{2DE265A8D34082429EC992A9ECB85699}",
    "cantidad_archivos": 1,
    "archivos_fuente": [
      "Library/Containers/com.microsoft.Word/Data/Library/Application Support/Microsoft/Temp/~WRS{2DE265A8-D340-8242-9EC9-92A9ECB85699}"
    ],
    "ultima_modificacion": "2025-08-01 01:01:54.925285"
  },
  "~wrs{1098e1f28f0f354c9093b1e5b4b181e5}": {
    "app_sintetizada": "~WRS{1098E1F28F0F354C9093B1E5B4B181E5}",
    "cantidad_archivos": 1,
    "archivos_fuente": [
      "Library/Containers/com.microsoft.Word/Data/Library/Application Support/Microsoft/Temp/~WRS{1098E1F2-8F0F-354C-9093-B1E5B4B181E5}"
    ],
    "ultima_modificacion": "2025-08-01 01:01:54.925646"
  },
  "~wrs{c3c56e4e2e48f44faa9e6ceb654b1453}": {
    "app_sintetizada": "~WRS{C3C56E4E2E48F44FAA9E6CEB654B1453}",
    "cantidad_archivos": 1,
    "archivos_fuente": [
      "Library/Containers/com.microsoft.Word/Data/Library/Application Support/Microsoft/Temp/~WRS{C3C56E4E-2E48-F44F-AA9E-6CEB654B1453}"
    ],
    "ultima_modificacion": "2025-08-01 01:01:54.926044"
  },
  "~wrs{a8337fb78b31b94b83c5663b421d51da}": {
    "app_sintetizada": "~WRS{A8337FB78B31B94B83C5663B421D51DA}",
    "cantidad_archivos": 1,
    "archivos_fuente": [
      "Library/Containers/com.microsoft.Word/Data/Library/Application Support/Microsoft/Temp/~WRS{A8337FB7-8B31-B94B-83C5-663B421D51DA}"
    ],
    "ultima_modificacion": "2025-08-01 01:01:54.926474"
  },
  "~wrs{8837e838fb5101498a0568aff7f679b4}": {
    "app_sintetizada": "~WRS{8837E838FB5101498A0568AFF7F679B4}",
    "cantidad_archivos": 1,
    "archivos_fuente": [
      "Library/Containers/com.microsoft.Word/Data/Library/Application Support/Microsoft/Temp/~WRS{8837E838-FB51-0149-8A05-68AFF7F679B4}"
    ],
    "ultima_modificacion": "2025-08-01 01:01:54.926737"
  },
  "~wrs{ee116be527561d459915c69d8d83fdde}": {
    "app_sintetizada": "~WRS{EE116BE527561D459915C69D8D83FDDE}",
    "cantidad_archivos": 1,
    "archivos_fuente": [
      "Library/Containers/com.microsoft.Word/Data/Library/Application Support/Microsoft/Temp/~WRS{EE116BE5-2756-1D45-9915-C69D8D83FDDE}"
    ],
    "ultima_modificacion": "2025-08-01 01:01:54.927044"
  },
  "~wrs{9836100a9d7ebc4982cd458bdf161045}": {
    "app_sintetizada": "~WRS{9836100A9D7EBC4982CD458BDF161045}",
    "cantidad_archivos": 1,
    "archivos_fuente": [
      "Library/Containers/com.microsoft.Word/Data/Library/Application Support/Microsoft/Temp/~WRS{9836100A-9D7E-BC49-82CD-458BDF161045}"
    ],
    "ultima_modificacion": "2025-08-01 01:01:54.927297"
  },
  "~wrs{abfbc0ebfbadb246a6a6ba61645ed5c4}": {
    "app_sintetizada": "~WRS{ABFBC0EBFBADB246A6A6BA61645ED5C4}",
    "cantidad_archivos": 1,
    "archivos_fuente": [
      "Library/Containers/com.microsoft.Word/Data/Library/Application Support/Microsoft/Temp/~WRS{ABFBC0EB-FBAD-B246-A6A6-BA61645ED5C4}"
    ],
    "ultima_modificacion": "2025-08-01 01:01:54.927621"
  },
  "~wrs{e555ca7fff2e9c40b0ea656ae610bea8}": {
    "app_sintetizada": "~WRS{E555CA7FFF2E9C40B0EA656AE610BEA8}",
    "cantidad_archivos": 1,
    "archivos_fuente": [
      "Library/Containers/com.microsoft.Word/Data/Library/Application Support/Microsoft/Temp/~WRS{E555CA7F-FF2E-9C40-B0EA-656AE610BEA8}"
    ],
    "ultima_modificacion": "2025-08-01 01:01:54.927895"
  },
  "~wrs{af33200e76040d479fbcb5bc253f2183}": {
    "app_sintetizada": "~WRS{AF33200E76040D479FBCB5BC253F2183}",
    "cantidad_archivos": 1,
    "archivos_fuente": [
      "Library/Containers/com.microsoft.Word/Data/Library/Application Support/Microsoft/Temp/~WRS{AF33200E-7604-0D47-9FBC-B5BC253F2183}"
    ],
    "ultima_modificacion": "2025-08-01 01:01:54.928194"
  },
  "~wrs{f0af68a4adf8b74fbc6f8590dfede886}": {
    "app_sintetizada": "~WRS{F0AF68A4ADF8B74FBC6F8590DFEDE886}",
    "cantidad_archivos": 1,
    "archivos_fuente": [
      "Library/Containers/com.microsoft.Word/Data/Library/Application Support/Microsoft/Temp/~WRS{F0AF68A4-ADF8-B74F-BC6F-8590DFEDE886}"
    ],
    "ultima_modificacion": "2025-08-01 01:01:54.928443"
  },
  "~wrs{d8af417fcbbc584eb67d84e89b6ed5a4}": {
    "app_sintetizada": "~WRS{D8AF417FCBBC584EB67D84E89B6ED5A4}",
    "cantidad_archivos": 1,
    "archivos_fuente": [
      "Library/Containers/com.microsoft.Word/Data/Library/Application Support/Microsoft/Temp/~WRS{D8AF417F-CBBC-584E-B67D-84E89B6ED5A4}"
    ],
    "ultima_modificacion": "2025-08-01 01:01:54.928692"
  },
  "~wrs{0e75d2d789a91a45b2f2d5b0508134ec}": {
    "app_sintetizada": "~WRS{0E75D2D789A91A45B2F2D5B0508134EC}",
    "cantidad_archivos": 1,
    "archivos_fuente": [
      "Library/Containers/com.microsoft.Word/Data/Library/Application Support/Microsoft/Temp/~WRS{0E75D2D7-89A9-1A45-B2F2-D5B0508134EC}"
    ],
    "ultima_modificacion": "2025-08-01 01:01:54.928935"
  },
  "~wrs{eed741f32122a7478eb56631032fdc52}": {
    "app_sintetizada": "~WRS{EED741F32122A7478EB56631032FDC52}",
    "cantidad_archivos": 1,
    "archivos_fuente": [
      "Library/Containers/com.microsoft.Word/Data/Library/Application Support/Microsoft/Temp/~WRS{EED741F3-2122-A747-8EB5-6631032FDC52}"
    ],
    "ultima_modificacion": "2025-08-01 01:01:54.929187"
  },
  "~wrs{c433face1f579d468520664974f26105}": {
    "app_sintetizada": "~WRS{C433FACE1F579D468520664974F26105}",
    "cantidad_archivos": 1,
    "archivos_fuente": [
      "Library/Containers/com.microsoft.Word/Data/Library/Application Support/Microsoft/Temp/~WRS{C433FACE-1F57-9D46-8520-664974F26105}"
    ],
    "ultima_modificacion": "2025-08-01 01:01:54.929534"
  },
  "~wrs{ade243c993f0d74285dd60700fa0c26f}": {
    "app_sintetizada": "~WRS{ADE243C993F0D74285DD60700FA0C26F}",
    "cantidad_archivos": 1,
    "archivos_fuente": [
      "Library/Containers/com.microsoft.Word/Data/Library/Application Support/Microsoft/Temp/~WRS{ADE243C9-93F0-D742-85DD-60700FA0C26F}"
    ],
    "ultima_modificacion": "2025-08-01 01:01:54.929821"
  },
  "~wrs{b5b367685d3f6f4e9a3b3521b11b9443}": {
    "app_sintetizada": "~WRS{B5B367685D3F6F4E9A3B3521B11B9443}",
    "cantidad_archivos": 1,
    "archivos_fuente": [
      "Library/Containers/com.microsoft.Word/Data/Library/Application Support/Microsoft/Temp/~WRS{B5B36768-5D3F-6F4E-9A3B-3521B11B9443}"
    ],
    "ultima_modificacion": "2025-08-01 01:01:54.930085"
  },
  "~wrs{7d8248a0fa302348953bd9450145611d}": {
    "app_sintetizada": "~WRS{7D8248A0FA302348953BD9450145611D}",
    "cantidad_archivos": 1,
    "archivos_fuente": [
      "Library/Containers/com.microsoft.Word/Data/Library/Application Support/Microsoft/Temp/~WRS{7D8248A0-FA30-2348-953B-D9450145611D}"
    ],
    "ultima_modificacion": "2025-08-01 01:01:54.930347"
  },
  "~wrs{f6c481d6142dde43a4ce5b3fdc329673}": {
    "app_sintetizada": "~WRS{F6C481D6142DDE43A4CE5B3FDC329673}",
    "cantidad_archivos": 1,
    "archivos_fuente": [
      "Library/Containers/com.microsoft.Word/Data/Library/Application Support/Microsoft/Temp/~WRS{F6C481D6-142D-DE43-A4CE-5B3FDC329673}"
    ],
    "ultima_modificacion": "2025-08-01 01:01:54.930674"
  },
  "~wrs{93b5c0799261b644a1b3566724925b3c}": {
    "app_sintetizada": "~WRS{93B5C0799261B644A1B3566724925B3C}",
    "cantidad_archivos": 1,
    "archivos_fuente": [
      "Library/Containers/com.microsoft.Word/Data/Library/Application Support/Microsoft/Temp/~WRS{93B5C079-9261-B644-A1B3-566724925B3C}"
    ],
    "ultima_modificacion": "2025-08-01 01:01:54.931066"
  },
  "~wrs{56ea928befd48648ac906f3916d188b4}": {
    "app_sintetizada": "~WRS{56EA928BEFD48648AC906F3916D188B4}",
    "cantidad_archivos": 1,
    "archivos_fuente": [
      "Library/Containers/com.microsoft.Word/Data/Library/Application Support/Microsoft/Temp/~WRS{56EA928B-EFD4-8648-AC90-6F3916D188B4}"
    ],
    "ultima_modificacion": "2025-08-01 01:01:54.931419"
  },
  "~wrs{191460963ce0cd45bc55dd64c81d8a44}": {
    "app_sintetizada": "~WRS{191460963CE0CD45BC55DD64C81D8A44}",
    "cantidad_archivos": 1,
    "archivos_fuente": [
      "Library/Containers/com.microsoft.Word/Data/Library/Application Support/Microsoft/Temp/~WRS{19146096-3CE0-CD45-BC55-DD64C81D8A44}"
    ],
    "ultima_modificacion": "2025-08-01 01:01:54.931710"
  },
  "~wrs{875ebcede464d64ca8079cfcb5eeec28}": {
    "app_sintetizada": "~WRS{875EBCEDE464D64CA8079CFCB5EEEC28}",
    "cantidad_archivos": 1,
    "archivos_fuente": [
      "Library/Containers/com.microsoft.Word/Data/Library/Application Support/Microsoft/Temp/~WRS{875EBCED-E464-D64C-A807-9CFCB5EEEC28}"
    ],
    "ultima_modificacion": "2025-08-01 01:01:54.932018"
  },
  "~wrs{d92e754f7be4f34e8e6981486def3ce0}": {
    "app_sintetizada": "~WRS{D92E754F7BE4F34E8E6981486DEF3CE0}",
    "cantidad_archivos": 1,
    "archivos_fuente": [
      "Library/Containers/com.microsoft.Word/Data/Library/Application Support/Microsoft/Temp/~WRS{D92E754F-7BE4-F34E-8E69-81486DEF3CE0}"
    ],
    "ultima_modificacion": "2025-08-01 01:01:54.932277"
  },
  "~wrs{45b3fa314e3ca349bd23ea31844328a1}": {
    "app_sintetizada": "~WRS{45B3FA314E3CA349BD23EA31844328A1}",
    "cantidad_archivos": 1,
    "archivos_fuente": [
      "Library/Containers/com.microsoft.Word/Data/Library/Application Support/Microsoft/Temp/~WRS{45B3FA31-4E3C-A349-BD23-EA31844328A1}"
    ],
    "ultima_modificacion": "2025-08-01 01:01:54.932562"
  },
  "~wrs{b65e0e3955b3aa488c8f2b3966e36a38}": {
    "app_sintetizada": "~WRS{B65E0E3955B3AA488C8F2B3966E36A38}",
    "cantidad_archivos": 1,
    "archivos_fuente": [
      "Library/Containers/com.microsoft.Word/Data/Library/Application Support/Microsoft/Temp/~WRS{B65E0E39-55B3-AA48-8C8F-2B3966E36A38}"
    ],
    "ultima_modificacion": "2025-08-01 01:01:54.932827"
  },
  "~wrs{486109b9f7f39d44a28513a607f4530b}": {
    "app_sintetizada": "~WRS{486109B9F7F39D44A28513A607F4530B}",
    "cantidad_archivos": 1,
    "archivos_fuente": [
      "Library/Containers/com.microsoft.Word/Data/Library/Application Support/Microsoft/Temp/~WRS{486109B9-F7F3-9D44-A285-13A607F4530B}"
    ],
    "ultima_modificacion": "2025-08-01 01:01:54.933078"
  },
  "~wrs{25631d3f06838840a3008c1916818727}": {
    "app_sintetizada": "~WRS{25631D3F06838840A3008C1916818727}",
    "cantidad_archivos": 1,
    "archivos_fuente": [
      "Library/Containers/com.microsoft.Word/Data/Library/Application Support/Microsoft/Temp/~WRS{25631D3F-0683-8840-A300-8C1916818727}"
    ],
    "ultima_modificacion": "2025-08-01 01:01:54.933334"
  },
  "~wrs{9a396e0578d10f4ea8aa2988e6f25447}": {
    "app_sintetizada": "~WRS{9A396E0578D10F4EA8AA2988E6F25447}",
    "cantidad_archivos": 1,
    "archivos_fuente": [
      "Library/Containers/com.microsoft.Word/Data/Library/Application Support/Microsoft/Temp/~WRS{9A396E05-78D1-0F4E-A8AA-2988E6F25447}"
    ],
    "ultima_modificacion": "2025-08-01 01:01:54.933587"
  },
  "~wrs{e68e6d85bd9233418903e0cb46d0f86a}": {
    "app_sintetizada": "~WRS{E68E6D85BD9233418903E0CB46D0F86A}",
    "cantidad_archivos": 1,
    "archivos_fuente": [
      "Library/Containers/com.microsoft.Word/Data/Library/Application Support/Microsoft/Temp/~WRS{E68E6D85-BD92-3341-8903-E0CB46D0F86A}"
    ],
    "ultima_modificacion": "2025-08-01 01:01:54.933837"
  },
  "~wrs{955df52e751d1343af753e321b6abd27}": {
    "app_sintetizada": "~WRS{955DF52E751D1343AF753E321B6ABD27}",
    "cantidad_archivos": 1,
    "archivos_fuente": [
      "Library/Containers/com.microsoft.Word/Data/Library/Application Support/Microsoft/Temp/~WRS{955DF52E-751D-1343-AF75-3E321B6ABD27}"
    ],
    "ultima_modificacion": "2025-08-01 01:01:54.934104"
  },
  "~wrs{bf0f70306e695841aa92c4df5e002198}": {
    "app_sintetizada": "~WRS{BF0F70306E695841AA92C4DF5E002198}",
    "cantidad_archivos": 1,
    "archivos_fuente": [
      "Library/Containers/com.microsoft.Word/Data/Library/Application Support/Microsoft/Temp/~WRS{BF0F7030-6E69-5841-AA92-C4DF5E002198}"
    ],
    "ultima_modificacion": "2025-08-01 01:01:54.934376"
  },
  "~wrs{c2246377a26b2a41b17f8a58787e029b}": {
    "app_sintetizada": "~WRS{C2246377A26B2A41B17F8A58787E029B}",
    "cantidad_archivos": 1,
    "archivos_fuente": [
      "Library/Containers/com.microsoft.Word/Data/Library/Application Support/Microsoft/Temp/~WRS{C2246377-A26B-2A41-B17F-8A58787E029B}"
    ],
    "ultima_modificacion": "2025-08-01 01:01:54.934614"
  },
  "~wrs{d961ed44119a2240a90c3bb37d7b20ff}": {
    "app_sintetizada": "~WRS{D961ED44119A2240A90C3BB37D7B20FF}",
    "cantidad_archivos": 1,
    "archivos_fuente": [
      "Library/Containers/com.microsoft.Word/Data/Library/Application Support/Microsoft/Temp/~WRS{D961ED44-119A-2240-A90C-3BB37D7B20FF}"
    ],
    "ultima_modificacion": "2025-08-01 01:01:54.934855"
  },
  "~wrs{86db9d121b0a7e48ba355d8e7083cda4}": {
    "app_sintetizada": "~WRS{86DB9D121B0A7E48BA355D8E7083CDA4}",
    "cantidad_archivos": 1,
    "archivos_fuente": [
      "Library/Containers/com.microsoft.Word/Data/Library/Application Support/Microsoft/Temp/~WRS{86DB9D12-1B0A-7E48-BA35-5D8E7083CDA4}"
    ],
    "ultima_modificacion": "2025-08-01 01:01:54.935182"
  },
  "~wrs{ff748afae7f23d40bb3107e70a3d50df}": {
    "app_sintetizada": "~WRS{FF748AFAE7F23D40BB3107E70A3D50DF}",
    "cantidad_archivos": 1,
    "archivos_fuente": [
      "Library/Containers/com.microsoft.Word/Data/Library/Application Support/Microsoft/Temp/~WRS{FF748AFA-E7F2-3D40-BB31-07E70A3D50DF}"
    ],
    "ultima_modificacion": "2025-08-01 01:01:54.935402"
  },
  "~wrs{cb62934485262b4081134092e39d781a}": {
    "app_sintetizada": "~WRS{CB62934485262B4081134092E39D781A}",
    "cantidad_archivos": 1,
    "archivos_fuente": [
      "Library/Containers/com.microsoft.Word/Data/Library/Application Support/Microsoft/Temp/~WRS{CB629344-8526-2B40-8113-4092E39D781A}"
    ],
    "ultima_modificacion": "2025-08-01 01:01:54.935690"
  },
  "~wrs{0801af4fe04c1241a5b638a26281936f}": {
    "app_sintetizada": "~WRS{0801AF4FE04C1241A5B638A26281936F}",
    "cantidad_archivos": 1,
    "archivos_fuente": [
      "Library/Containers/com.microsoft.Word/Data/Library/Application Support/Microsoft/Temp/~WRS{0801AF4F-E04C-1241-A5B6-38A26281936F}"
    ],
    "ultima_modificacion": "2025-08-01 01:01:54.936003"
  },
  "~wrs{5a86c1de9a6f04418fac7e379950a7fa}": {
    "app_sintetizada": "~WRS{5A86C1DE9A6F04418FAC7E379950A7FA}",
    "cantidad_archivos": 1,
    "archivos_fuente": [
      "Library/Containers/com.microsoft.Word/Data/Library/Application Support/Microsoft/Temp/~WRS{5A86C1DE-9A6F-0441-8FAC-7E379950A7FA}"
    ],
    "ultima_modificacion": "2025-08-01 01:01:54.936248"
  },
  "~wrs{f5a3050ad681f2458cf620eecf432d92}": {
    "app_sintetizada": "~WRS{F5A3050AD681F2458CF620EECF432D92}",
    "cantidad_archivos": 1,
    "archivos_fuente": [
      "Library/Containers/com.microsoft.Word/Data/Library/Application Support/Microsoft/Temp/~WRS{F5A3050A-D681-F245-8CF6-20EECF432D92}"
    ],
    "ultima_modificacion": "2025-08-01 01:01:54.936489"
  },
  "~wrs{3d07a1191f8cee4bb408b4dbe6bb5f75}": {
    "app_sintetizada": "~WRS{3D07A1191F8CEE4BB408B4DBE6BB5F75}",
    "cantidad_archivos": 1,
    "archivos_fuente": [
      "Library/Containers/com.microsoft.Word/Data/Library/Application Support/Microsoft/Temp/~WRS{3D07A119-1F8C-EE4B-B408-B4DBE6BB5F75}"
    ],
    "ultima_modificacion": "2025-08-01 01:01:54.936778"
  },
  "~wrs{9095022a31d72448b54f9ae736e5c157}": {
    "app_sintetizada": "~WRS{9095022A31D72448B54F9AE736E5C157}",
    "cantidad_archivos": 1,
    "archivos_fuente": [
      "Library/Containers/com.microsoft.Word/Data/Library/Application Support/Microsoft/Temp/~WRS{9095022A-31D7-2448-B54F-9AE736E5C157}"
    ],
    "ultima_modificacion": "2025-08-01 01:01:54.937018"
  },
  "~wrs{c02b457bebf09c4d8afb8a75a5c558a9}": {
    "app_sintetizada": "~WRS{C02B457BEBF09C4D8AFB8A75A5C558A9}",
    "cantidad_archivos": 1,
    "archivos_fuente": [
      "Library/Containers/com.microsoft.Word/Data/Library/Application Support/Microsoft/Temp/~WRS{C02B457B-EBF0-9C4D-8AFB-8A75A5C558A9}"
    ],
    "ultima_modificacion": "2025-08-01 01:01:54.937394"
  },
  "~wrs{51fd47eb5dbe3649924f4d796d9b87b8}": {
    "app_sintetizada": "~WRS{51FD47EB5DBE3649924F4D796D9B87B8}",
    "cantidad_archivos": 1,
    "archivos_fuente": [
      "Library/Containers/com.microsoft.Word/Data/Library/Application Support/Microsoft/Temp/~WRS{51FD47EB-5DBE-3649-924F-4D796D9B87B8}"
    ],
    "ultima_modificacion": "2025-08-01 01:01:54.937728"
  },
  "~wrs{3c49691ad13d6b46914d4f52b1e23da0}": {
    "app_sintetizada": "~WRS{3C49691AD13D6B46914D4F52B1E23DA0}",
    "cantidad_archivos": 1,
    "archivos_fuente": [
      "Library/Containers/com.microsoft.Word/Data/Library/Application Support/Microsoft/Temp/~WRS{3C49691A-D13D-6B46-914D-4F52B1E23DA0}"
    ],
    "ultima_modificacion": "2025-08-01 01:01:54.938073"
  },
  "~wrs{1234a24f31b6654cba1415b7e0be1020}": {
    "app_sintetizada": "~WRS{1234A24F31B6654CBA1415B7E0BE1020}",
    "cantidad_archivos": 1,
    "archivos_fuente": [
      "Library/Containers/com.microsoft.Word/Data/Library/Application Support/Microsoft/Temp/~WRS{1234A24F-31B6-654C-BA14-15B7E0BE1020}"
    ],
    "ultima_modificacion": "2025-08-01 01:01:54.938433"
  },
  "~wrs{8447c78b9220bd4cad15003fab1a1fa0}": {
    "app_sintetizada": "~WRS{8447C78B9220BD4CAD15003FAB1A1FA0}",
    "cantidad_archivos": 1,
    "archivos_fuente": [
      "Library/Containers/com.microsoft.Word/Data/Library/Application Support/Microsoft/Temp/~WRS{8447C78B-9220-BD4C-AD15-003FAB1A1FA0}"
    ],
    "ultima_modificacion": "2025-08-01 01:01:54.938846"
  },
  "~wrs{1c2815a857569b4a9074f09d6ac8816d}": {
    "app_sintetizada": "~WRS{1C2815A857569B4A9074F09D6AC8816D}",
    "cantidad_archivos": 1,
    "archivos_fuente": [
      "Library/Containers/com.microsoft.Word/Data/Library/Application Support/Microsoft/Temp/~WRS{1C2815A8-5756-9B4A-9074-F09D6AC8816D}"
    ],
    "ultima_modificacion": "2025-08-01 01:01:54.939310"
  },
  "~wrs{d4d231a208cf0f44b31aff078802151a}": {
    "app_sintetizada": "~WRS{D4D231A208CF0F44B31AFF078802151A}",
    "cantidad_archivos": 1,
    "archivos_fuente": [
      "Library/Containers/com.microsoft.Word/Data/Library/Application Support/Microsoft/Temp/~WRS{D4D231A2-08CF-0F44-B31A-FF078802151A}"
    ],
    "ultima_modificacion": "2025-08-01 01:01:54.939702"
  },
  "~wrs{f872c4d2df846042845d8531d44ea906}": {
    "app_sintetizada": "~WRS{F872C4D2DF846042845D8531D44EA906}",
    "cantidad_archivos": 1,
    "archivos_fuente": [
      "Library/Containers/com.microsoft.Word/Data/Library/Application Support/Microsoft/Temp/~WRS{F872C4D2-DF84-6042-845D-8531D44EA906}"
    ],
    "ultima_modificacion": "2025-08-01 01:01:54.940052"
  },
  "~wrs{c132199f7592ab459e54306d6bb5ccd0}": {
    "app_sintetizada": "~WRS{C132199F7592AB459E54306D6BB5CCD0}",
    "cantidad_archivos": 1,
    "archivos_fuente": [
      "Library/Containers/com.microsoft.Word/Data/Library/Application Support/Microsoft/Temp/~WRS{C132199F-7592-AB45-9E54-306D6BB5CCD0}"
    ],
    "ultima_modificacion": "2025-08-01 01:01:54.940389"
  },
  "~wrs{55ea9b646ae0b240a463691f891cad1c}": {
    "app_sintetizada": "~WRS{55EA9B646AE0B240A463691F891CAD1C}",
    "cantidad_archivos": 1,
    "archivos_fuente": [
      "Library/Containers/com.microsoft.Word/Data/Library/Application Support/Microsoft/Temp/~WRS{55EA9B64-6AE0-B240-A463-691F891CAD1C}"
    ],
    "ultima_modificacion": "2025-08-01 01:01:54.940747"
  },
  "~wrs{0ff6fe7c345f3540bb72aafcad52059b}": {
    "app_sintetizada": "~WRS{0FF6FE7C345F3540BB72AAFCAD52059B}",
    "cantidad_archivos": 1,
    "archivos_fuente": [
      "Library/Containers/com.microsoft.Word/Data/Library/Application Support/Microsoft/Temp/~WRS{0FF6FE7C-345F-3540-BB72-AAFCAD52059B}"
    ],
    "ultima_modificacion": "2025-08-01 01:01:54.941137"
  },
  "~wrs{c22a9cb214bb234b855a344e38b223f9}": {
    "app_sintetizada": "~WRS{C22A9CB214BB234B855A344E38B223F9}",
    "cantidad_archivos": 1,
    "archivos_fuente": [
      "Library/Containers/com.microsoft.Word/Data/Library/Application Support/Microsoft/Temp/~WRS{C22A9CB2-14BB-234B-855A-344E38B223F9}"
    ],
    "ultima_modificacion": "2025-08-01 01:01:54.941541"
  },
  "~wrs{f215bfb4ff41824291c5992a20b30e81}": {
    "app_sintetizada": "~WRS{F215BFB4FF41824291C5992A20B30E81}",
    "cantidad_archivos": 1,
    "archivos_fuente": [
      "Library/Containers/com.microsoft.Word/Data/Library/Application Support/Microsoft/Temp/~WRS{F215BFB4-FF41-8242-91C5-992A20B30E81}"
    ],
    "ultima_modificacion": "2025-08-01 01:01:54.941906"
  },
  "~wrs{33f6915a40e8f74d954872e75c1495d3}": {
    "app_sintetizada": "~WRS{33F6915A40E8F74D954872E75C1495D3}",
    "cantidad_archivos": 1,
    "archivos_fuente": [
      "Library/Containers/com.microsoft.Word/Data/Library/Application Support/Microsoft/Temp/~WRS{33F6915A-40E8-F74D-9548-72E75C1495D3}"
    ],
    "ultima_modificacion": "2025-08-01 01:01:54.942287"
  },
  "~wrs{a67473e4c82d3f4597fce0c6c6d864a7}": {
    "app_sintetizada": "~WRS{A67473E4C82D3F4597FCE0C6C6D864A7}",
    "cantidad_archivos": 1,
    "archivos_fuente": [
      "Library/Containers/com.microsoft.Word/Data/Library/Application Support/Microsoft/Temp/~WRS{A67473E4-C82D-3F45-97FC-E0C6C6D864A7}"
    ],
    "ultima_modificacion": "2025-08-01 01:01:54.942681"
  },
  "~wrs{a08ef232d191944780e750a9a6e60c5b}": {
    "app_sintetizada": "~WRS{A08EF232D191944780E750A9A6E60C5B}",
    "cantidad_archivos": 1,
    "archivos_fuente": [
      "Library/Containers/com.microsoft.Word/Data/Library/Application Support/Microsoft/Temp/~WRS{A08EF232-D191-9447-80E7-50A9A6E60C5B}"
    ],
    "ultima_modificacion": "2025-08-01 01:01:54.943069"
  },
  "~wrs{aa505e74ad59724191b0cd21b67d5e34}": {
    "app_sintetizada": "~WRS{AA505E74AD59724191B0CD21B67D5E34}",
    "cantidad_archivos": 1,
    "archivos_fuente": [
      "Library/Containers/com.microsoft.Word/Data/Library/Application Support/Microsoft/Temp/~WRS{AA505E74-AD59-7241-91B0-CD21B67D5E34}"
    ],
    "ultima_modificacion": "2025-08-01 01:01:54.943537"
  },
  "~wrs{b49f5431f949cc4faf5cbee3b656f61f}": {
    "app_sintetizada": "~WRS{B49F5431F949CC4FAF5CBEE3B656F61F}",
    "cantidad_archivos": 1,
    "archivos_fuente": [
      "Library/Containers/com.microsoft.Word/Data/Library/Application Support/Microsoft/Temp/~WRS{B49F5431-F949-CC4F-AF5C-BEE3B656F61F}"
    ],
    "ultima_modificacion": "2025-08-01 01:01:54.943953"
  },
  "~wrs{77a278c77728f641803310b97c0503b5}": {
    "app_sintetizada": "~WRS{77A278C77728F641803310B97C0503B5}",
    "cantidad_archivos": 1,
    "archivos_fuente": [
      "Library/Containers/com.microsoft.Word/Data/Library/Application Support/Microsoft/Temp/~WRS{77A278C7-7728-F641-8033-10B97C0503B5}"
    ],
    "ultima_modificacion": "2025-08-01 01:01:54.944380"
  },
  "~wrs{265986c10af56746a137721fe1250e32}": {
    "app_sintetizada": "~WRS{265986C10AF56746A137721FE1250E32}",
    "cantidad_archivos": 1,
    "archivos_fuente": [
      "Library/Containers/com.microsoft.Word/Data/Library/Application Support/Microsoft/Temp/~WRS{265986C1-0AF5-6746-A137-721FE1250E32}"
    ],
    "ultima_modificacion": "2025-08-01 01:01:54.944770"
  },
  "~wrs{12e10b709f31a54587d20b7aeb4e5256}": {
    "app_sintetizada": "~WRS{12E10B709F31A54587D20B7AEB4E5256}",
    "cantidad_archivos": 1,
    "archivos_fuente": [
      "Library/Containers/com.microsoft.Word/Data/Library/Application Support/Microsoft/Temp/~WRS{12E10B70-9F31-A545-87D2-0B7AEB4E5256}"
    ],
    "ultima_modificacion": "2025-08-01 01:01:54.945133"
  },
  "~wrs{6a34ddce5bb03b4cb4cea820eca3d4fa}": {
    "app_sintetizada": "~WRS{6A34DDCE5BB03B4CB4CEA820ECA3D4FA}",
    "cantidad_archivos": 1,
    "archivos_fuente": [
      "Library/Containers/com.microsoft.Word/Data/Library/Application Support/Microsoft/Temp/~WRS{6A34DDCE-5BB0-3B4C-B4CE-A820ECA3D4FA}"
    ],
    "ultima_modificacion": "2025-08-01 01:01:54.945495"
  },
  "~wrs{77580c15962d0945a87b454b27667226}": {
    "app_sintetizada": "~WRS{77580C15962D0945A87B454B27667226}",
    "cantidad_archivos": 1,
    "archivos_fuente": [
      "Library/Containers/com.microsoft.Word/Data/Library/Application Support/Microsoft/Temp/~WRS{77580C15-962D-0945-A87B-454B27667226}"
    ],
    "ultima_modificacion": "2025-08-01 01:01:54.945857"
  },
  "~wrs{dc3cee373309fc40bfebe67da420a91c}": {
    "app_sintetizada": "~WRS{DC3CEE373309FC40BFEBE67DA420A91C}",
    "cantidad_archivos": 1,
    "archivos_fuente": [
      "Library/Containers/com.microsoft.Word/Data/Library/Application Support/Microsoft/Temp/~WRS{DC3CEE37-3309-FC40-BFEB-E67DA420A91C}"
    ],
    "ultima_modificacion": "2025-08-01 01:01:54.946202"
  },
  "~wrs{b705051901b2794781a38a0992694fe2}": {
    "app_sintetizada": "~WRS{B705051901B2794781A38A0992694FE2}",
    "cantidad_archivos": 1,
    "archivos_fuente": [
      "Library/Containers/com.microsoft.Word/Data/Library/Application Support/Microsoft/Temp/~WRS{B7050519-01B2-7947-81A3-8A0992694FE2}"
    ],
    "ultima_modificacion": "2025-08-01 01:01:54.946551"
  },
  "~wrs{f21044aed8902d408af5efda2d8ca94e}": {
    "app_sintetizada": "~WRS{F21044AED8902D408AF5EFDA2D8CA94E}",
    "cantidad_archivos": 1,
    "archivos_fuente": [
      "Library/Containers/com.microsoft.Word/Data/Library/Application Support/Microsoft/Temp/~WRS{F21044AE-D890-2D40-8AF5-EFDA2D8CA94E}"
    ],
    "ultima_modificacion": "2025-08-01 01:01:54.946891"
  },
  "~wrs{a0580bdf8f6db448a0173ff284b74b3d}": {
    "app_sintetizada": "~WRS{A0580BDF8F6DB448A0173FF284B74B3D}",
    "cantidad_archivos": 1,
    "archivos_fuente": [
      "Library/Containers/com.microsoft.Word/Data/Library/Application Support/Microsoft/Temp/~WRS{A0580BDF-8F6D-B448-A017-3FF284B74B3D}"
    ],
    "ultima_modificacion": "2025-08-01 01:01:54.947279"
  },
  "~wrs{6be02b00f68b0f4d907921585e76e98c}": {
    "app_sintetizada": "~WRS{6BE02B00F68B0F4D907921585E76E98C}",
    "cantidad_archivos": 1,
    "archivos_fuente": [
      "Library/Containers/com.microsoft.Word/Data/Library/Application Support/Microsoft/Temp/~WRS{6BE02B00-F68B-0F4D-9079-21585E76E98C}"
    ],
    "ultima_modificacion": "2025-08-01 01:01:54.947703"
  },
  "~wrs{9a8fabe265a2024db0ee317347f0c706}": {
    "app_sintetizada": "~WRS{9A8FABE265A2024DB0EE317347F0C706}",
    "cantidad_archivos": 1,
    "archivos_fuente": [
      "Library/Containers/com.microsoft.Word/Data/Library/Application Support/Microsoft/Temp/~WRS{9A8FABE2-65A2-024D-B0EE-317347F0C706}"
    ],
    "ultima_modificacion": "2025-08-01 01:01:54.948099"
  },
  "~wrs{6066c57b2c9f224c87f02cc04fb2c068}": {
    "app_sintetizada": "~WRS{6066C57B2C9F224C87F02CC04FB2C068}",
    "cantidad_archivos": 1,
    "archivos_fuente": [
      "Library/Containers/com.microsoft.Word/Data/Library/Application Support/Microsoft/Temp/~WRS{6066C57B-2C9F-224C-87F0-2CC04FB2C068}"
    ],
    "ultima_modificacion": "2025-08-01 01:01:54.948496"
  },
  "~wrs{de4b26807c157643991024afe8bf0182}": {
    "app_sintetizada": "~WRS{DE4B26807C157643991024AFE8BF0182}",
    "cantidad_archivos": 1,
    "archivos_fuente": [
      "Library/Containers/com.microsoft.Word/Data/Library/Application Support/Microsoft/Temp/~WRS{DE4B2680-7C15-7643-9910-24AFE8BF0182}"
    ],
    "ultima_modificacion": "2025-08-01 01:01:54.948853"
  },
  "~wrs{169fe9ff7a539d4099820ca03e45fbdd}": {
    "app_sintetizada": "~WRS{169FE9FF7A539D4099820CA03E45FBDD}",
    "cantidad_archivos": 1,
    "archivos_fuente": [
      "Library/Containers/com.microsoft.Word/Data/Library/Application Support/Microsoft/Temp/~WRS{169FE9FF-7A53-9D40-9982-0CA03E45FBDD}"
    ],
    "ultima_modificacion": "2025-08-01 01:01:54.949225"
  },
  "~wrs{909b90948f9c1744ba1979353aee451a}": {
    "app_sintetizada": "~WRS{909B90948F9C1744BA1979353AEE451A}",
    "cantidad_archivos": 1,
    "archivos_fuente": [
      "Library/Containers/com.microsoft.Word/Data/Library/Application Support/Microsoft/Temp/~WRS{909B9094-8F9C-1744-BA19-79353AEE451A}"
    ],
    "ultima_modificacion": "2025-08-01 01:01:54.949605"
  },
  "~wrs{e1b88bbc42862a468a85e9d50e45ab43}": {
    "app_sintetizada": "~WRS{E1B88BBC42862A468A85E9D50E45AB43}",
    "cantidad_archivos": 1,
    "archivos_fuente": [
      "Library/Containers/com.microsoft.Word/Data/Library/Application Support/Microsoft/Temp/~WRS{E1B88BBC-4286-2A46-8A85-E9D50E45AB43}"
    ],
    "ultima_modificacion": "2025-08-01 01:01:54.949982"
  },
  "~wrs{c46ff8477d66f74abb5e0d18f34dee94}": {
    "app_sintetizada": "~WRS{C46FF8477D66F74ABB5E0D18F34DEE94}",
    "cantidad_archivos": 1,
    "archivos_fuente": [
      "Library/Containers/com.microsoft.Word/Data/Library/Application Support/Microsoft/Temp/~WRS{C46FF847-7D66-F74A-BB5E-0D18F34DEE94}"
    ],
    "ultima_modificacion": "2025-08-01 01:01:54.950364"
  },
  "~wrs{03ffc2afd15dc34a85b12a14d8f15cd7}": {
    "app_sintetizada": "~WRS{03FFC2AFD15DC34A85B12A14D8F15CD7}",
    "cantidad_archivos": 1,
    "archivos_fuente": [
      "Library/Containers/com.microsoft.Word/Data/Library/Application Support/Microsoft/Temp/~WRS{03FFC2AF-D15D-C34A-85B1-2A14D8F15CD7}"
    ],
    "ultima_modificacion": "2025-08-01 01:01:54.950732"
  },
  "~wrs{fbcb13c68c3e2c439628da78f19e42ae}": {
    "app_sintetizada": "~WRS{FBCB13C68C3E2C439628DA78F19E42AE}",
    "cantidad_archivos": 1,
    "archivos_fuente": [
      "Library/Containers/com.microsoft.Word/Data/Library/Application Support/Microsoft/Temp/~WRS{FBCB13C6-8C3E-2C43-9628-DA78F19E42AE}"
    ],
    "ultima_modificacion": "2025-08-01 01:01:54.951099"
  },
  "~wrs{6dfd2e6c9eae0142ae0f5ea51409835f}": {
    "app_sintetizada": "~WRS{6DFD2E6C9EAE0142AE0F5EA51409835F}",
    "cantidad_archivos": 1,
    "archivos_fuente": [
      "Library/Containers/com.microsoft.Word/Data/Library/Application Support/Microsoft/Temp/~WRS{6DFD2E6C-9EAE-0142-AE0F-5EA51409835F}"
    ],
    "ultima_modificacion": "2025-08-01 01:01:54.951461"
  }
}