{
  "d3de57622fdd9af40": {
    "app_sintetizada": "D3DE57622FDD9AF40",
    "cantidad_archivos": 1,
    "archivos_fuente": [
      "Library/Caches/Google/Chrome/Default/Cache/Cache_Data/d3de57622fdd9af4_0"
    ],
    "ultima_modificacion": "2025-08-01 01:01:58.964654"
  },
  "179fc6db1050c7690": {
    "app_sintetizada": "179FC6DB1050C7690",
    "cantidad_archivos": 1,
    "archivos_fuente": [
      "Library/Caches/Google/Chrome/Default/Cache/Cache_Data/179fc6db1050c769_0"
    ],
    "ultima_modificacion": "2025-08-01 01:01:58.964895"
  },
  "511399569f87f1750": {
    "app_sintetizada": "511399569F87F1750",
    "cantidad_archivos": 1,
    "archivos_fuente": [
      "Library/Caches/Google/Chrome/Default/Cache/Cache_Data/511399569f87f175_0"
    ],
    "ultima_modificacion": "2025-08-01 01:01:58.965238"
  },
  "70fa69fc854e19820": {
    "app_sintetizada": "70FA69FC854E19820",
    "cantidad_archivos": 1,
    "archivos_fuente": [
      "Library/Caches/Google/Chrome/Default/Cache/Cache_Data/70fa69fc854e1982_0"
    ],
    "ultima_modificacion": "2025-08-01 01:01:58.965522"
  },
  "e05ace14b0c881fe0": {
    "app_sintetizada": "E05ACE14B0C881FE0",
    "cantidad_archivos": 1,
    "archivos_fuente": [
      "Library/Caches/Google/Chrome/Default/Cache/Cache_Data/e05ace14b0c881fe_0"
    ],
    "ultima_modificacion": "2025-08-01 01:01:58.965777"
  },
  "7ce2d8c045454f290": {
    "app_sintetizada": "7CE2D8C045454F290",
    "cantidad_archivos": 1,
    "archivos_fuente": [
      "Library/Caches/Google/Chrome/Default/Cache/Cache_Data/7ce2d8c045454f29_0"
    ],
    "ultima_modificacion": "2025-08-01 01:01:58.966040"
  },
  "4cd25aab543d38b60": {
    "app_sintetizada": "4CD25AAB543D38B60",
    "cantidad_archivos": 1,
    "archivos_fuente": [
      "Library/Caches/Google/Chrome/Default/Cache/Cache_Data/4cd25aab543d38b6_0"
    ],
    "ultima_modificacion": "2025-08-01 01:01:58.966413"
  },
  "5bfe94690dd293ab0": {
    "app_sintetizada": "5BFE94690DD293AB0",
    "cantidad_archivos": 1,
    "archivos_fuente": [
      "Library/Caches/Google/Chrome/Default/Cache/Cache_Data/5bfe94690dd293ab_0"
    ],
    "ultima_modificacion": "2025-08-01 01:01:58.966682"
  },
  "b6d0ccd6af8904d70": {
    "app_sintetizada": "B6D0CCD6AF8904D70",
    "cantidad_archivos": 1,
    "archivos_fuente": [
      "Library/Caches/Google/Chrome/Default/Cache/Cache_Data/b6d0ccd6af8904d7_0"
    ],
    "ultima_modificacion": "2025-08-01 01:01:58.966939"
  },
  "7703f9b5694cf7160": {
    "app_sintetizada": "7703F9B5694CF7160",
    "cantidad_archivos": 1,
    "archivos_fuente": [
      "Library/Caches/Google/Chrome/Default/Cache/Cache_Data/7703f9b5694cf716_0"
    ],
    "ultima_modificacion": "2025-08-01 01:01:58.967197"
  },
  "dc4e27f37a440a060": {
    "app_sintetizada": "DC4E27F37A440A060",
    "cantidad_archivos": 1,
    "archivos_fuente": [
      "Library/Caches/Google/Chrome/Default/Cache/Cache_Data/dc4e27f37a440a06_0"
    ],
    "ultima_modificacion": "2025-08-01 01:01:58.967508"
  },
  "f1474af8c45cf1cd0": {
    "app_sintetizada": "F1474AF8C45CF1CD0",
    "cantidad_archivos": 1,
    "archivos_fuente": [
      "Library/Caches/Google/Chrome/Default/Cache/Cache_Data/f1474af8c45cf1cd_0"
    ],
    "ultima_modificacion": "2025-08-01 01:01:58.967770"
  },
  "f89283328ab5fcbd0": {
    "app_sintetizada": "F89283328AB5FCBD0",
    "cantidad_archivos": 1,
    "archivos_fuente": [
      "Library/Caches/Google/Chrome/Default/Cache/Cache_Data/f89283328ab5fcbd_0"
    ],
    "ultima_modificacion": "2025-08-01 01:01:58.968069"
  },
  "1fcdd8c9898c21380": {
    "app_sintetizada": "1FCDD8C9898C21380",
    "cantidad_archivos": 1,
    "archivos_fuente": [
      "Library/Caches/Google/Chrome/Default/Cache/Cache_Data/1fcdd8c9898c2138_0"
    ],
    "ultima_modificacion": "2025-08-01 01:01:58.968328"
  },
  "ef7caf5b9dfa29be0": {
    "app_sintetizada": "EF7CAF5B9DFA29BE0",
    "cantidad_archivos": 1,
    "archivos_fuente": [
      "Library/Caches/Google/Chrome/Default/Cache/Cache_Data/ef7caf5b9dfa29be_0"
    ],
    "ultima_modificacion": "2025-08-01 01:01:58.968603"
  },
  "3a1351705e72ba270": {
    "app_sintetizada": "3A1351705E72BA270",
    "cantidad_archivos": 1,
    "archivos_fuente": [
      "Library/Caches/Google/Chrome/Default/Cache/Cache_Data/3a1351705e72ba27_0"
    ],
    "ultima_modificacion": "2025-08-01 01:01:58.968893"
  },
  "5ba905b8fa3ae1190": {
    "app_sintetizada": "5BA905B8FA3AE1190",
    "cantidad_archivos": 1,
    "archivos_fuente": [
      "Library/Caches/Google/Chrome/Default/Cache/Cache_Data/5ba905b8fa3ae119_0"
    ],
    "ultima_modificacion": "2025-08-01 01:01:58.969147"
  },
  "e0e935c8664891ae0": {
    "app_sintetizada": "E0E935C8664891AE0",
    "cantidad_archivos": 1,
    "archivos_fuente": [
      "Library/Caches/Google/Chrome/Default/Cache/Cache_Data/e0e935c8664891ae_0"
    ],
    "ultima_modificacion": "2025-08-01 01:01:58.969409"
  },
  "02055d44750b39d20": {
    "app_sintetizada": "02055D44750B39D20",
    "cantidad_archivos": 1,
    "archivos_fuente": [
      "Library/Caches/Google/Chrome/Default/Cache/Cache_Data/02055d44750b39d2_0"
    ],
    "ultima_modificacion": "2025-08-01 01:01:58.969670"
  },
  "8ff1e540694876b00": {
    "app_sintetizada": "8FF1E540694876B00",
    "cantidad_archivos": 1,
    "archivos_fuente": [
      "Library/Caches/Google/Chrome/Default/Cache/Cache_Data/8ff1e540694876b0_0"
    ],
    "ultima_modificacion": "2025-08-01 01:01:58.970019"
  },
  "76785f3f06b18d660": {
    "app_sintetizada": "76785F3F06B18D660",
    "cantidad_archivos": 1,
    "archivos_fuente": [
      "Library/Caches/Google/Chrome/Default/Cache/Cache_Data/76785f3f06b18d66_0"
    ],
    "ultima_modificacion": "2025-08-01 01:01:58.970260"
  },
  "2dea9c3997b996110": {
    "app_sintetizada": "2DEA9C3997B996110",
    "cantidad_archivos": 1,
    "archivos_fuente": [
      "Library/Caches/Google/Chrome/Default/Cache/Cache_Data/2dea9c3997b99611_0"
    ],
    "ultima_modificacion": "2025-08-01 01:01:58.970586"
  },
  "790f412d142153ec0": {
    "app_sintetizada": "790F412D142153EC0",
    "cantidad_archivos": 1,
    "archivos_fuente": [
      "Library/Caches/Google/Chrome/Default/Cache/Cache_Data/790f412d142153ec_0"
    ],
    "ultima_modificacion": "2025-08-01 01:01:58.970842"
  },
  "92d0b7686d13d1ba0": {
    "app_sintetizada": "92D0B7686D13D1BA0",
    "cantidad_archivos": 1,
    "archivos_fuente": [
      "Library/Caches/Google/Chrome/Default/Cache/Cache_Data/92d0b7686d13d1ba_0"
    ],
    "ultima_modificacion": "2025-08-01 01:01:58.971132"
  },
  "33fa239df8b95c6b0": {
    "app_sintetizada": "33FA239DF8B95C6B0",
    "cantidad_archivos": 1,
    "archivos_fuente": [
      "Library/Caches/Google/Chrome/Default/Cache/Cache_Data/33fa239df8b95c6b_0"
    ],
    "ultima_modificacion": "2025-08-01 01:01:58.971366"
  },
  "a3d5007168414a820": {
    "app_sintetizada": "A3D5007168414A820",
    "cantidad_archivos": 1,
    "archivos_fuente": [
      "Library/Caches/Google/Chrome/Default/Cache/Cache_Data/a3d5007168414a82_0"
    ],
    "ultima_modificacion": "2025-08-01 01:01:58.971590"
  },
  "e71d2e82dba0c48a0": {
    "app_sintetizada": "E71D2E82DBA0C48A0",
    "cantidad_archivos": 1,
    "archivos_fuente": [
      "Library/Caches/Google/Chrome/Default/Cache/Cache_Data/e71d2e82dba0c48a_0"
    ],
    "ultima_modificacion": "2025-08-01 01:01:58.971784"
  },
  "3a7adfea4a30d7020": {
    "app_sintetizada": "3A7ADFEA4A30D7020",
    "cantidad_archivos": 1,
    "archivos_fuente": [
      "Library/Caches/Google/Chrome/Default/Cache/Cache_Data/3a7adfea4a30d702_0"
    ],
    "ultima_modificacion": "2025-08-01 01:01:58.971976"
  },
  "d02dd37712179d9b0": {
    "app_sintetizada": "D02DD37712179D9B0",
    "cantidad_archivos": 1,
    "archivos_fuente": [
      "Library/Caches/Google/Chrome/Default/Cache/Cache_Data/d02dd37712179d9b_0"
    ],
    "ultima_modificacion": "2025-08-01 01:01:58.972167"
  },
  "0b8287dfc750b1330": {
    "app_sintetizada": "0B8287DFC750B1330",
    "cantidad_archivos": 1,
    "archivos_fuente": [
      "Library/Caches/Google/Chrome/Default/Cache/Cache_Data/0b8287dfc750b133_0"
    ],
    "ultima_modificacion": "2025-08-01 01:01:58.972352"
  },
  "b0133f94159f4e670": {
    "app_sintetizada": "B0133F94159F4E670",
    "cantidad_archivos": 1,
    "archivos_fuente": [
      "Library/Caches/Google/Chrome/Default/Cache/Cache_Data/b0133f94159f4e67_0"
    ],
    "ultima_modificacion": "2025-08-01 01:01:58.972542"
  },
  "f9a1c8292c8d52410": {
    "app_sintetizada": "F9A1C8292C8D52410",
    "cantidad_archivos": 1,
    "archivos_fuente": [
      "Library/Caches/Google/Chrome/Default/Cache/Cache_Data/f9a1c8292c8d5241_0"
    ],
    "ultima_modificacion": "2025-08-01 01:01:58.972749"
  },
  "17dfca4039c4d4f60": {
    "app_sintetizada": "17DFCA4039C4D4F60",
    "cantidad_archivos": 1,
    "archivos_fuente": [
      "Library/Caches/Google/Chrome/Default/Cache/Cache_Data/17dfca4039c4d4f6_0"
    ],
    "ultima_modificacion": "2025-08-01 01:01:58.973015"
  },
  "2506705f8c82963b0": {
    "app_sintetizada": "2506705F8C82963B0",
    "cantidad_archivos": 1,
    "archivos_fuente": [
      "Library/Caches/Google/Chrome/Default/Cache/Cache_Data/2506705f8c82963b_0"
    ],
    "ultima_modificacion": "2025-08-01 01:01:58.973264"
  },
  "0d274d56a033e3520": {
    "app_sintetizada": "0D274D56A033E3520",
    "cantidad_archivos": 1,
    "archivos_fuente": [
      "Library/Caches/Google/Chrome/Default/Cache/Cache_Data/0d274d56a033e352_0"
    ],
    "ultima_modificacion": "2025-08-01 01:01:58.973478"
  },
  "d0b90c7ae0e33d2f0": {
    "app_sintetizada": "D0B90C7AE0E33D2F0",
    "cantidad_archivos": 1,
    "archivos_fuente": [
      "Library/Caches/Google/Chrome/Default/Cache/Cache_Data/d0b90c7ae0e33d2f_0"
    ],
    "ultima_modificacion": "2025-08-01 01:01:58.973731"
  },
  "69ebca766216b39b0": {
    "app_sintetizada": "69EBCA766216B39B0",
    "cantidad_archivos": 1,
    "archivos_fuente": [
      "Library/Caches/Google/Chrome/Default/Cache/Cache_Data/69ebca766216b39b_0"
    ],
    "ultima_modificacion": "2025-08-01 01:01:58.974064"
  },
  "625edfbcf6be10f90": {
    "app_sintetizada": "625EDFBCF6BE10F90",
    "cantidad_archivos": 1,
    "archivos_fuente": [
      "Library/Caches/Google/Chrome/Default/Cache/Cache_Data/625edfbcf6be10f9_0"
    ],
    "ultima_modificacion": "2025-08-01 01:01:58.974313"
  },
  "06a43210e5a3b12b0": {
    "app_sintetizada": "06A43210E5A3B12B0",
    "cantidad_archivos": 1,
    "archivos_fuente": [
      "Library/Caches/Google/Chrome/Default/Cache/Cache_Data/06a43210e5a3b12b_0"
    ],
    "ultima_modificacion": "2025-08-01 01:01:58.974572"
  },
  "25ca4666e60166c80": {
    "app_sintetizada": "25CA4666E60166C80",
    "cantidad_archivos": 1,
    "archivos_fuente": [
      "Library/Caches/Google/Chrome/Default/Cache/Cache_Data/25ca4666e60166c8_0"
    ],
    "ultima_modificacion": "2025-08-01 01:01:58.974813"
  },
  "478c2f4e2a5bb90b0": {
    "app_sintetizada": "478C2F4E2A5BB90B0",
    "cantidad_archivos": 1,
    "archivos_fuente": [
      "Library/Caches/Google/Chrome/Default/Cache/Cache_Data/478c2f4e2a5bb90b_0"
    ],
    "ultima_modificacion": "2025-08-01 01:01:58.975155"
  },
  "072cb4822e5d72460": {
    "app_sintetizada": "072CB4822E5D72460",
    "cantidad_archivos": 1,
    "archivos_fuente": [
      "Library/Caches/Google/Chrome/Default/Cache/Cache_Data/072cb4822e5d7246_0"
    ],
    "ultima_modificacion": "2025-08-01 01:01:58.975489"
  },
  "9804d978b00a0b020": {
    "app_sintetizada": "9804D978B00A0B020",
    "cantidad_archivos": 1,
    "archivos_fuente": [
      "Library/Caches/Google/Chrome/Default/Cache/Cache_Data/9804d978b00a0b02_0"
    ],
    "ultima_modificacion": "2025-08-01 01:01:58.975754"
  },
  "895b9ac7e65e6fee0": {
    "app_sintetizada": "895B9AC7E65E6FEE0",
    "cantidad_archivos": 1,
    "archivos_fuente": [
      "Library/Caches/Google/Chrome/Default/Cache/Cache_Data/895b9ac7e65e6fee_0"
    ],
    "ultima_modificacion": "2025-08-01 01:01:58.976032"
  },
  "c02ec1669a956d280": {
    "app_sintetizada": "C02EC1669A956D280",
    "cantidad_archivos": 1,
    "archivos_fuente": [
      "Library/Caches/Google/Chrome/Default/Cache/Cache_Data/c02ec1669a956d28_0"
    ],
    "ultima_modificacion": "2025-08-01 01:01:58.976267"
  },
  "bcdcde735cdcffa50": {
    "app_sintetizada": "BCDCDE735CDCFFA50",
    "cantidad_archivos": 1,
    "archivos_fuente": [
      "Library/Caches/Google/Chrome/Default/Cache/Cache_Data/bcdcde735cdcffa5_0"
    ],
    "ultima_modificacion": "2025-08-01 01:01:58.976503"
  },
  "31887df3ded03aa10": {
    "app_sintetizada": "31887DF3DED03AA10",
    "cantidad_archivos": 1,
    "archivos_fuente": [
      "Library/Caches/Google/Chrome/Default/Cache/Cache_Data/31887df3ded03aa1_0"
    ],
    "ultima_modificacion": "2025-08-01 01:01:58.976754"
  },
  "ef5f2ab229f3f3290": {
    "app_sintetizada": "EF5F2AB229F3F3290",
    "cantidad_archivos": 1,
    "archivos_fuente": [
      "Library/Caches/Google/Chrome/Default/Cache/Cache_Data/ef5f2ab229f3f329_0"
    ],
    "ultima_modificacion": "2025-08-01 01:01:58.976957"
  },
  "06f17a092d74d66f0": {
    "app_sintetizada": "06F17A092D74D66F0",
    "cantidad_archivos": 1,
    "archivos_fuente": [
      "Library/Caches/Google/Chrome/Default/Cache/Cache_Data/06f17a092d74d66f_0"
    ],
    "ultima_modificacion": "2025-08-01 01:01:58.977146"
  },
  "da8b8194b5db02080": {
    "app_sintetizada": "DA8B8194B5DB02080",
    "cantidad_archivos": 1,
    "archivos_fuente": [
      "Library/Caches/Google/Chrome/Default/Cache/Cache_Data/da8b8194b5db0208_0"
    ],
    "ultima_modificacion": "2025-08-01 01:01:58.977332"
  },
  "4ec3c06c1f6627520": {
    "app_sintetizada": "4EC3C06C1F6627520",
    "cantidad_archivos": 1,
    "archivos_fuente": [
      "Library/Caches/Google/Chrome/Default/Cache/Cache_Data/4ec3c06c1f662752_0"
    ],
    "ultima_modificacion": "2025-08-01 01:01:58.977535"
  },
  "2a6db5b40243f5ce0": {
    "app_sintetizada": "2A6DB5B40243F5CE0",
    "cantidad_archivos": 1,
    "archivos_fuente": [
      "Library/Caches/Google/Chrome/Default/Cache/Cache_Data/2a6db5b40243f5ce_0"
    ],
    "ultima_modificacion": "2025-08-01 01:01:58.977717"
  },
  "73060b85887df9160": {
    "app_sintetizada": "73060B85887DF9160",
    "cantidad_archivos": 1,
    "archivos_fuente": [
      "Library/Caches/Google/Chrome/Default/Cache/Cache_Data/73060b85887df916_0"
    ],
    "ultima_modificacion": "2025-08-01 01:01:58.977896"
  },
  "b7a2302391dc291f0": {
    "app_sintetizada": "B7A2302391DC291F0",
    "cantidad_archivos": 1,
    "archivos_fuente": [
      "Library/Caches/Google/Chrome/Default/Cache/Cache_Data/b7a2302391dc291f_0"
    ],
    "ultima_modificacion": "2025-08-01 01:01:58.978114"
  },
  "6dd3136b997a4dbe0": {
    "app_sintetizada": "6DD3136B997A4DBE0",
    "cantidad_archivos": 1,
    "archivos_fuente": [
      "Library/Caches/Google/Chrome/Default/Cache/Cache_Data/6dd3136b997a4dbe_0"
    ],
    "ultima_modificacion": "2025-08-01 01:01:58.978420"
  },
  "49504e517400323d0": {
    "app_sintetizada": "49504E517400323D0",
    "cantidad_archivos": 1,
    "archivos_fuente": [
      "Library/Caches/Google/Chrome/Default/Cache/Cache_Data/49504e517400323d_0"
    ],
    "ultima_modificacion": "2025-08-01 01:01:58.978644"
  },
  "9897e7d0dcbd5a9a0": {
    "app_sintetizada": "9897E7D0DCBD5A9A0",
    "cantidad_archivos": 1,
    "archivos_fuente": [
      "Library/Caches/Google/Chrome/Default/Cache/Cache_Data/9897e7d0dcbd5a9a_0"
    ],
    "ultima_modificacion": "2025-08-01 01:01:58.978836"
  },
  "f57ec4f4f558aaec0": {
    "app_sintetizada": "F57EC4F4F558AAEC0",
    "cantidad_archivos": 1,
    "archivos_fuente": [
      "Library/Caches/Google/Chrome/Default/Cache/Cache_Data/f57ec4f4f558aaec_0"
    ],
    "ultima_modificacion": "2025-08-01 01:01:58.979075"
  },
  "250ea3922c9ba2090": {
    "app_sintetizada": "250EA3922C9BA2090",
    "cantidad_archivos": 1,
    "archivos_fuente": [
      "Library/Caches/Google/Chrome/Default/Cache/Cache_Data/250ea3922c9ba209_0"
    ],
    "ultima_modificacion": "2025-08-01 01:01:58.979362"
  },
  "9bf545a2b1ad470f0": {
    "app_sintetizada": "9BF545A2B1AD470F0",
    "cantidad_archivos": 1,
    "archivos_fuente": [
      "Library/Caches/Google/Chrome/Default/Cache/Cache_Data/9bf545a2b1ad470f_0"
    ],
    "ultima_modificacion": "2025-08-01 01:01:58.979677"
  },
  "6651e25e8c8b653f0": {
    "app_sintetizada": "6651E25E8C8B653F0",
    "cantidad_archivos": 1,
    "archivos_fuente": [
      "Library/Caches/Google/Chrome/Default/Cache/Cache_Data/6651e25e8c8b653f_0"
    ],
    "ultima_modificacion": "2025-08-01 01:01:58.979922"
  },
  "df8fa0e57204e3810": {
    "app_sintetizada": "DF8FA0E57204E3810",
    "cantidad_archivos": 1,
    "archivos_fuente": [
      "Library/Caches/Google/Chrome/Default/Cache/Cache_Data/df8fa0e57204e381_0"
    ],
    "ultima_modificacion": "2025-08-01 01:01:58.980148"
  },
  "8e3ef1965557ab240": {
    "app_sintetizada": "8E3EF1965557AB240",
    "cantidad_archivos": 1,
    "archivos_fuente": [
      "Library/Caches/Google/Chrome/Default/Cache/Cache_Data/8e3ef1965557ab24_0"
    ],
    "ultima_modificacion": "2025-08-01 01:01:58.980349"
  },
  "383fca09211007850": {
    "app_sintetizada": "383FCA09211007850",
    "cantidad_archivos": 1,
    "archivos_fuente": [
      "Library/Caches/Google/Chrome/Default/Cache/Cache_Data/383fca0921100785_0"
    ],
    "ultima_modificacion": "2025-08-01 01:01:58.980542"
  },
  "774fab3ab280770b0": {
    "app_sintetizada": "774FAB3AB280770B0",
    "cantidad_archivos": 1,
    "archivos_fuente": [
      "Library/Caches/Google/Chrome/Default/Cache/Cache_Data/774fab3ab280770b_0"
    ],
    "ultima_modificacion": "2025-08-01 01:01:58.980747"
  },
  "95ed0d5d80621b120": {
    "app_sintetizada": "95ED0D5D80621B120",
    "cantidad_archivos": 1,
    "archivos_fuente": [
      "Library/Caches/Google/Chrome/Default/Cache/Cache_Data/95ed0d5d80621b12_0"
    ],
    "ultima_modificacion": "2025-08-01 01:01:58.980945"
  },
  "3ee4bd3a6a1203820": {
    "app_sintetizada": "3EE4BD3A6A1203820",
    "cantidad_archivos": 1,
    "archivos_fuente": [
      "Library/Caches/Google/Chrome/Default/Cache/Cache_Data/3ee4bd3a6a120382_0"
    ],
    "ultima_modificacion": "2025-08-01 01:01:58.981134"
  },
  "d7189d8f019830370": {
    "app_sintetizada": "D7189D8F019830370",
    "cantidad_archivos": 1,
    "archivos_fuente": [
      "Library/Caches/Google/Chrome/Default/Cache/Cache_Data/d7189d8f01983037_0"
    ],
    "ultima_modificacion": "2025-08-01 01:01:58.981328"
  },
  "2debd0ad8a9de6890": {
    "app_sintetizada": "2DEBD0AD8A9DE6890",
    "cantidad_archivos": 1,
    "archivos_fuente": [
      "Library/Caches/Google/Chrome/Default/Cache/Cache_Data/2debd0ad8a9de689_0"
    ],
    "ultima_modificacion": "2025-08-01 01:01:58.981517"
  },
  "a4a452228d7fb3d10": {
    "app_sintetizada": "A4A452228D7FB3D10",
    "cantidad_archivos": 1,
    "archivos_fuente": [
      "Library/Caches/Google/Chrome/Default/Cache/Cache_Data/a4a452228d7fb3d1_0"
    ],
    "ultima_modificacion": "2025-08-01 01:01:58.981712"
  },
  "db4ac1495b0e1d620": {
    "app_sintetizada": "DB4AC1495B0E1D620",
    "cantidad_archivos": 1,
    "archivos_fuente": [
      "Library/Caches/Google/Chrome/Default/Cache/Cache_Data/db4ac1495b0e1d62_0"
    ],
    "ultima_modificacion": "2025-08-01 01:01:58.981890"
  },
  "f27865dbeea2a1360": {
    "app_sintetizada": "F27865DBEEA2A1360",
    "cantidad_archivos": 1,
    "archivos_fuente": [
      "Library/Caches/Google/Chrome/Default/Cache/Cache_Data/f27865dbeea2a136_0"
    ],
    "ultima_modificacion": "2025-08-01 01:01:58.982073"
  },
  "8b8d3fbd5478016c0": {
    "app_sintetizada": "8B8D3FBD5478016C0",
    "cantidad_archivos": 1,
    "archivos_fuente": [
      "Library/Caches/Google/Chrome/Default/Cache/Cache_Data/8b8d3fbd5478016c_0"
    ],
    "ultima_modificacion": "2025-08-01 01:01:58.982262"
  },
  "37d5d4297d00ab490": {
    "app_sintetizada": "37D5D4297D00AB490",
    "cantidad_archivos": 1,
    "archivos_fuente": [
      "Library/Caches/Google/Chrome/Default/Cache/Cache_Data/37d5d4297d00ab49_0"
    ],
    "ultima_modificacion": "2025-08-01 01:01:58.982466"
  },
  "a89e9e1d476aa9650": {
    "app_sintetizada": "A89E9E1D476AA9650",
    "cantidad_archivos": 1,
    "archivos_fuente": [
      "Library/Caches/Google/Chrome/Default/Cache/Cache_Data/a89e9e1d476aa965_0"
    ],
    "ultima_modificacion": "2025-08-01 01:01:58.982745"
  },
  "58089a8a4ff16bad0": {
    "app_sintetizada": "58089A8A4FF16BAD0",
    "cantidad_archivos": 1,
    "archivos_fuente": [
      "Library/Caches/Google/Chrome/Default/Cache/Cache_Data/58089a8a4ff16bad_0"
    ],
    "ultima_modificacion": "2025-08-01 01:01:58.983078"
  },
  "7f4c961eacc494090": {
    "app_sintetizada": "7F4C961EACC494090",
    "cantidad_archivos": 1,
    "archivos_fuente": [
      "Library/Caches/Google/Chrome/Default/Cache/Cache_Data/7f4c961eacc49409_0"
    ],
    "ultima_modificacion": "2025-08-01 01:01:58.983346"
  },
  "f8c058f3ec0c1a170": {
    "app_sintetizada": "F8C058F3EC0C1A170",
    "cantidad_archivos": 1,
    "archivos_fuente": [
      "Library/Caches/Google/Chrome/Default/Cache/Cache_Data/f8c058f3ec0c1a17_0"
    ],
    "ultima_modificacion": "2025-08-01 01:01:58.983657"
  },
  "c64d10b20fe2c5120": {
    "app_sintetizada": "C64D10B20FE2C5120",
    "cantidad_archivos": 1,
    "archivos_fuente": [
      "Library/Caches/Google/Chrome/Default/Cache/Cache_Data/c64d10b20fe2c512_0"
    ],
    "ultima_modificacion": "2025-08-01 01:01:58.983919"
  },
  "1c10c232251cc8890": {
    "app_sintetizada": "1C10C232251CC8890",
    "cantidad_archivos": 1,
    "archivos_fuente": [
      "Library/Caches/Google/Chrome/Default/Cache/Cache_Data/1c10c232251cc889_0"
    ],
    "ultima_modificacion": "2025-08-01 01:01:58.984140"
  },
  "6bf1a1fe50db93bb0": {
    "app_sintetizada": "6BF1A1FE50DB93BB0",
    "cantidad_archivos": 1,
    "archivos_fuente": [
      "Library/Caches/Google/Chrome/Default/Cache/Cache_Data/6bf1a1fe50db93bb_0"
    ],
    "ultima_modificacion": "2025-08-01 01:01:58.984343"
  },
  "a45d7cb2ecef44a80": {
    "app_sintetizada": "A45D7CB2ECEF44A80",
    "cantidad_archivos": 1,
    "archivos_fuente": [
      "Library/Caches/Google/Chrome/Default/Cache/Cache_Data/a45d7cb2ecef44a8_0"
    ],
    "ultima_modificacion": "2025-08-01 01:01:58.984553"
  },
  "db6c4d8a91905cd90": {
    "app_sintetizada": "DB6C4D8A91905CD90",
    "cantidad_archivos": 1,
    "archivos_fuente": [
      "Library/Caches/Google/Chrome/Default/Cache/Cache_Data/db6c4d8a91905cd9_0"
    ],
    "ultima_modificacion": "2025-08-01 01:01:58.984762"
  },
  "d41d9a0b9d4595ec0": {
    "app_sintetizada": "D41D9A0B9D4595EC0",
    "cantidad_archivos": 1,
    "archivos_fuente": [
      "Library/Caches/Google/Chrome/Default/Cache/Cache_Data/d41d9a0b9d4595ec_0"
    ],
    "ultima_modificacion": "2025-08-01 01:01:58.984954"
  },
  "e013b05640642d690": {
    "app_sintetizada": "E013B05640642D690",
    "cantidad_archivos": 1,
    "archivos_fuente": [
      "Library/Caches/Google/Chrome/Default/Cache/Cache_Data/e013b05640642d69_0"
    ],
    "ultima_modificacion": "2025-08-01 01:01:58.985154"
  },
  "99b5b9eabea0583b0": {
    "app_sintetizada": "99B5B9EABEA0583B0",
    "cantidad_archivos": 1,
    "archivos_fuente": [
      "Library/Caches/Google/Chrome/Default/Cache/Cache_Data/99b5b9eabea0583b_0"
    ],
    "ultima_modificacion": "2025-08-01 01:01:58.985356"
  },
  "3f1c70a650e240b60": {
    "app_sintetizada": "3F1C70A650E240B60",
    "cantidad_archivos": 1,
    "archivos_fuente": [
      "Library/Caches/Google/Chrome/Default/Cache/Cache_Data/3f1c70a650e240b6_0"
    ],
    "ultima_modificacion": "2025-08-01 01:01:58.985608"
  },
  "88f4c3799f8955ac0": {
    "app_sintetizada": "88F4C3799F8955AC0",
    "cantidad_archivos": 1,
    "archivos_fuente": [
      "Library/Caches/Google/Chrome/Default/Cache/Cache_Data/88f4c3799f8955ac_0"
    ],
    "ultima_modificacion": "2025-08-01 01:01:58.985914"
  },
  "f79ac5703e9976130": {
    "app_sintetizada": "F79AC5703E9976130",
    "cantidad_archivos": 1,
    "archivos_fuente": [
      "Library/Caches/Google/Chrome/Default/Cache/Cache_Data/f79ac5703e997613_0"
    ],
    "ultima_modificacion": "2025-08-01 01:01:58.986176"
  },
  "f526cfd3a7ff38270": {
    "app_sintetizada": "F526CFD3A7FF38270",
    "cantidad_archivos": 1,
    "archivos_fuente": [
      "Library/Caches/Google/Chrome/Default/Cache/Cache_Data/f526cfd3a7ff3827_0"
    ],
    "ultima_modificacion": "2025-08-01 01:01:58.986431"
  },
  "a129f425a8bba88d0": {
    "app_sintetizada": "A129F425A8BBA88D0",
    "cantidad_archivos": 1,
    "archivos_fuente": [
      "Library/Caches/Google/Chrome/Default/Cache/Cache_Data/a129f425a8bba88d_0"
    ],
    "ultima_modificacion": "2025-08-01 01:01:58.986675"
  },
  "e57a531be53349570": {
    "app_sintetizada": "E57A531BE53349570",
    "cantidad_archivos": 1,
    "archivos_fuente": [
      "Library/Caches/Google/Chrome/Default/Cache/Cache_Data/e57a531be5334957_0"
    ],
    "ultima_modificacion": "2025-08-01 01:01:58.986929"
  },
  "2d5ca472ed5297de0": {
    "app_sintetizada": "2D5CA472ED5297DE0",
    "cantidad_archivos": 1,
    "archivos_fuente": [
      "Library/Caches/Google/Chrome/Default/Cache/Cache_Data/2d5ca472ed5297de_0"
    ],
    "ultima_modificacion": "2025-08-01 01:01:58.987172"
  },
  "f51162713033b6a90": {
    "app_sintetizada": "F51162713033B6A90",
    "cantidad_archivos": 1,
    "archivos_fuente": [
      "Library/Caches/Google/Chrome/Default/Cache/Cache_Data/f51162713033b6a9_0"
    ],
    "ultima_modificacion": "2025-08-01 01:01:58.987487"
  },
  "2b9b111ae8898d400": {
    "app_sintetizada": "2B9B111AE8898D400",
    "cantidad_archivos": 1,
    "archivos_fuente": [
      "Library/Caches/Google/Chrome/Default/Cache/Cache_Data/2b9b111ae8898d40_0"
    ],
    "ultima_modificacion": "2025-08-01 01:01:58.987815"
  },
  "d8999092f588dffa0": {
    "app_sintetizada": "D8999092F588DFFA0",
    "cantidad_archivos": 1,
    "archivos_fuente": [
      "Library/Caches/Google/Chrome/Default/Cache/Cache_Data/d8999092f588dffa_0"
    ],
    "ultima_modificacion": "2025-08-01 01:01:58.988106"
  },
  "2448caa42b27e8dc0": {
    "app_sintetizada": "2448CAA42B27E8DC0",
    "cantidad_archivos": 1,
    "archivos_fuente": [
      "Library/Caches/Google/Chrome/Default/Cache/Cache_Data/2448caa42b27e8dc_0"
    ],
    "ultima_modificacion": "2025-08-01 01:01:58.988403"
  },
  "7f43c0000a3aa06e0": {
    "app_sintetizada": "7F43C0000A3AA06E0",
    "cantidad_archivos": 1,
    "archivos_fuente": [
      "Library/Caches/Google/Chrome/Default/Cache/Cache_Data/7f43c0000a3aa06e_0"
    ],
    "ultima_modificacion": "2025-08-01 01:01:58.988772"
  },
  "be60f082a57654350": {
    "app_sintetizada": "BE60F082A57654350",
    "cantidad_archivos": 1,
    "archivos_fuente": [
      "Library/Caches/Google/Chrome/Default/Cache/Cache_Data/be60f082a5765435_0"
    ],
    "ultima_modificacion": "2025-08-01 01:01:58.989080"
  },
  "f4bbc4cddcfedddf0": {
    "app_sintetizada": "F4BBC4CDDCFEDDDF0",
    "cantidad_archivos": 1,
    "archivos_fuente": [
      "Library/Caches/Google/Chrome/Default/Cache/Cache_Data/f4bbc4cddcfedddf_0"
    ],
    "ultima_modificacion": "2025-08-01 01:01:58.989400"
  }
}