{
  "00000708alejandro": {
    "app_sintetizada": "00000708ALEJANDRO",
    "cantidad_archivos": 5,
    "archivos_fuente": [
      "Library/Mobile Documents/.Trash/AUTOMATIZACIO\u0301N AGENDA /procesar_pacientes_zip/pacientes_chats/WhatsApp Chat - Anastasia 2/00000708-Alejandro Nachari \ud83d\udc9c.vcf",
      "Library/Mobile Documents/.Trash/AUTOMATIZACIO\u0301N AGENDA /procesar_pacientes_zip/pacientes_chats/WhatsApp Chat - Anastasia 3/00000708-Alejandro Nachari \ud83d\udc9c.vcf",
      "Library/Mobile Documents/.Trash/AUTOMATIZACIO\u0301N AGENDA /procesar_pacientes_zip/pacientes_chats/WhatsApp Chat - Anastasia/00000708-Alejandro Nachari \ud83d\udc9c.vcf",
      "Library/Mobile Documents/.Trash/WhatsApp Chat - Anastasia 4.54.45\u202fp.\u00a0m./00000708-Alejandro Nachari \ud83d\udc9c.vcf",
      "Library/Mobile Documents/.Trash/WhatsApp Chat - Anastasia/00000708-Alejandro Nachari \ud83d\udc9c.vcf"
    ],
    "ultima_modificacion": "2025-08-01 01:01:51.045984"
  },
  "procesarchatzip.py": {
    "app_sintetizada": "PROCESARCHATZIP.PY",
    "cantidad_archivos": 1,
    "archivos_fuente": [
      "Library/Mobile Documents/.Trash/procesar_chat_zip./procesar_chat_zip.py .rtf"
    ],
    "ultima_modificacion": "2025-08-01 01:01:51.046316"
  },
  "alias": {
    "app_sintetizada": "ALIAS",
    "cantidad_archivos": 13,
    "archivos_fuente": [
      "Library/Mobile Documents/.Trash/Escritorio - MacBook Air de Catalina/Alias de Macintosh HD 2",
      "Library/Mobile Documents/.Trash/Escritorio - MacBook Air de Catalina/Alias de Macintosh HD 5",
      "Library/Mobile Documents/.Trash/Escritorio - MacBook Air de Catalina/Alias de Macintosh HD 4",
      "Library/Mobile Documents/.Trash/Escritorio - MacBook Air de Catalina/Alias de Macintosh HD 3",
      "Library/Mobile Documents/.Trash/Escritorio - MacBook Air de Catalina/Alias de script",
      "Library/Mobile Documents/.Trash/Escritorio - MacBook Air de Catalina/Alias de agenda_clinica_app-2",
      "Library/Mobile Documents/.Trash/Escritorio - MacBook Air de Catalina/Alias de chat exportados pacientes",
      "Library/Mobile Documents/.Trash/Escritorio - MacBook Air de Catalina/Alias de Macintosh HD",
      "Library/Mobile Documents/.Trash/Escritorio - MacBook Air de Catalina/Alias de disco duro",
      "Library/Mobile Documents/.Trash/Escritorio - MacBook Air de Catalina/Alias de Wondershare Recoverit Installer",
      "Library/Mobile Documents/.Trash/Escritorio - MacBook Air de Catalina/Alias de MEMORYCATA 2",
      "Library/Mobile Documents/.Trash/Escritorio - MacBook Air de Catalina/Alias de MEMORYCATA",
      "Library/Mobile Documents/.Trash/Escritorio - MacBook Air de Catalina/otros/Alias de Data Recovery Wizard Installer"
    ],
    "ultima_modificacion": "2025-08-01 01:01:51.046650"
  },
  "boletaap.docx": {
    "app_sintetizada": "BOLETAAP.DOCX",
    "cantidad_archivos": 1,
    "archivos_fuente": [
      "Library/Mobile Documents/.Trash/Escritorio - MacBook Air de Catalina/BOLETAAP.docx"
    ],
    "ultima_modificacion": "2025-08-01 01:01:51.047009"
  },
  "wondershare": {
    "app_sintetizada": "WONDERSHARE",
    "cantidad_archivos": 1,
    "archivos_fuente": [
      "Library/Mobile Documents/.Trash/Escritorio - MacBook Air de Catalina/Wondershare Recoverit Installer"
    ],
    "ultima_modificacion": "2025-08-01 01:01:51.047478"
  },
  "memorycata": {
    "app_sintetizada": "MEMORYCATA",
    "cantidad_archivos": 1,
    "archivos_fuente": [
      "Library/Mobile Documents/.Trash/Escritorio - MacBook Air de Catalina/MEMORYCATA"
    ],
    "ultima_modificacion": "2025-08-01 01:01:51.047831"
  },
  "macintosh": {
    "app_sintetizada": "MACINTOSH",
    "cantidad_archivos": 2,
    "archivos_fuente": [
      "Library/Mobile Documents/.Trash/Escritorio - MacBook Air de Catalina/Macintosh HD",
      "Library/Mobile Documents/.Trash/Escritorio - MacBook Air de Catalina/otros/Macintosh HD"
    ],
    "ultima_modificacion": "2025-08-01 01:01:51.048173"
  },
  "chatgptpastelicon.icns": {
    "app_sintetizada": "CHATGPTPASTELICON.ICNS",
    "cantidad_archivos": 1,
    "archivos_fuente": [
      "Library/Mobile Documents/.Trash/Escritorio - MacBook Air de Catalina/ChatGPT_Pastel_Icon.icns"
    ],
    "ultima_modificacion": "2025-08-01 01:01:51.048716"
  },
  "agendaclinicaapp2": {
    "app_sintetizada": "AGENDACLINICAAPP2",
    "cantidad_archivos": 1,
    "archivos_fuente": [
      "Library/Mobile Documents/.Trash/Escritorio - MacBook Air de Catalina/agenda_clinica_app-2"
    ],
    "ultima_modificacion": "2025-08-01 01:01:51.049150"
  },
  "~$sisecosistemadivergentementecopiaoriginal": {
    "app_sintetizada": "~$SISECOSISTEMADIVERGENTEMENTECOPIAORIGINAL",
    "cantidad_archivos": 1,
    "archivos_fuente": [
      "Library/Mobile Documents/.Trash/Escritorio - MacBook Air de Catalina/~$SIS_ECOSISTEMA_DIVERGENTEMENTE_COPIA_ORIGINAL (1).docx"
    ],
    "ultima_modificacion": "2025-08-01 01:01:51.049522"
  },
  "mis": {
    "app_sintetizada": "MIS",
    "cantidad_archivos": 1,
    "archivos_fuente": [
      "Library/Mobile Documents/.Trash/Escritorio - MacBook Air de Catalina/Manifestaciones/MIS MANIFESTACIONES.docx"
    ],
    "ultima_modificacion": "2025-08-01 01:01:51.050078"
  },
  "~$no": {
    "app_sintetizada": "~$NO",
    "cantidad_archivos": 1,
    "archivos_fuente": [
      "Library/Mobile Documents/.Trash/Escritorio - MacBook Air de Catalina/Manifestaciones/~$NO LOTO.docx"
    ],
    "ultima_modificacion": "2025-08-01 01:01:51.050637"
  },
  "kino": {
    "app_sintetizada": "KINO",
    "cantidad_archivos": 5,
    "archivos_fuente": [
      "Library/Mobile Documents/.Trash/Escritorio - MacBook Air de Catalina/Manifestaciones/KINO LOTO.docx",
      "Library/Containers/com.microsoft.Powerpoint/Data/Library/Application Support/Microsoft/FontPreviewCache/es-MX/Kino MTRegular\ud83d\udc6a2.png",
      "Library/Containers/com.microsoft.Word/Data/Library/Application Support/Microsoft/FontPreviewCache/es-ES/Kino MTRegular\ud83d\udc6a2.png",
      "Library/Containers/com.microsoft.Word/Data/Library/Application Support/Microsoft/FontPreviewCache/es-MX/Kino MTRegular\ud83d\udc6a2.png",
      "Library/Containers/com.microsoft.Excel/Data/Library/Application Support/Microsoft/FontPreviewCache/es-MX/Kino MTRegular\ud83d\udc6a2.png"
    ],
    "ultima_modificacion": "2025-08-01 01:01:51.051185"
  },
  "~$oyectos": {
    "app_sintetizada": "~$OYECTOS",
    "cantidad_archivos": 1,
    "archivos_fuente": [
      "Library/Mobile Documents/.Trash/Escritorio - MacBook Air de Catalina/PROYECTOS DIVERGENTES/~$oyectos neurodivergencia chat gpt .docx"
    ],
    "ultima_modificacion": "2025-08-01 01:01:51.051974"
  },
  "distribucionparticipacionperfilesdivergentemente.docx": {
    "app_sintetizada": "DISTRIBUCIONPARTICIPACIONPERFILESDIVERGENTEMENTE.DOCX",
    "cantidad_archivos": 1,
    "archivos_fuente": [
      "Library/Mobile Documents/.Trash/Escritorio - MacBook Air de Catalina/PROYECTOS DIVERGENTES/Distribucion_Participacion_Perfiles_DIVERGENTEMENTE.docx"
    ],
    "ultima_modificacion": "2025-08-01 01:01:51.052334"
  },
  "ofertaclaudianeurodivergencia.docx": {
    "app_sintetizada": "OFERTACLAUDIANEURODIVERGENCIA.DOCX",
    "cantidad_archivos": 1,
    "archivos_fuente": [
      "Library/Mobile Documents/.Trash/Escritorio - MacBook Air de Catalina/PROYECTOS DIVERGENTES/Oferta_Claudia_Neurodivergencia.docx"
    ],
    "ultima_modificacion": "2025-08-01 01:01:51.052758"
  },
  "bienvenida": {
    "app_sintetizada": "BIENVENIDA",
    "cantidad_archivos": 2,
    "archivos_fuente": [
      "Library/Mobile Documents/.Trash/Escritorio - MacBook Air de Catalina/PROYECTOS DIVERGENTES/Bienvenida y Entrenamiento GPT.docx",
      "Library/Mobile Documents/.Trash/Escritorio - MacBook Air de Catalina/PROYECTOS DIVERGENTES/Bienvenida y Entrenamiento GPT.pdf"
    ],
    "ultima_modificacion": "2025-08-01 01:01:51.053081"
  },
  "ble": {
    "app_sintetizada": "BLE",
    "cantidad_archivos": 1,
    "archivos_fuente": [
      "Library/Mobile Documents/.Trash/Escritorio - MacBook Air de Catalina/PROYECTOS DIVERGENTES/ble neuro revisaar .docx"
    ],
    "ultima_modificacion": "2025-08-01 01:01:51.053489"
  },
  "informecomercialneurodivergenciaintegral.docx": {
    "app_sintetizada": "INFORMECOMERCIALNEURODIVERGENCIAINTEGRAL.DOCX",
    "cantidad_archivos": 1,
    "archivos_fuente": [
      "Library/Mobile Documents/.Trash/Escritorio - MacBook Air de Catalina/PROYECTOS DIVERGENTES/Informe_Comercial_Neurodivergencia_Integral.docx"
    ],
    "ultima_modificacion": "2025-08-01 01:01:51.053846"
  },
  "~$rnaling.docx": {
    "app_sintetizada": "~$RNALING.DOCX",
    "cantidad_archivos": 2,
    "archivos_fuente": [
      "Library/Mobile Documents/.Trash/Escritorio - MacBook Air de Catalina/PROYECTOS DIVERGENTES/~$RNALING.docx",
      "Library/Mobile Documents/.Trash/Escritorio - MacBook Air de Catalina/DIVER GENTE MENTE /~$RNALING.docx"
    ],
    "ultima_modificacion": "2025-08-01 01:01:51.054397"
  },
  "documentoconstitucionneurodivergenciaintegral.docx": {
    "app_sintetizada": "DOCUMENTOCONSTITUCIONNEURODIVERGENCIAINTEGRAL.DOCX",
    "cantidad_archivos": 1,
    "archivos_fuente": [
      "Library/Mobile Documents/.Trash/Escritorio - MacBook Air de Catalina/PROYECTOS DIVERGENTES/Documento_Constitucion_Neurodivergencia_Integral.docx"
    ],
    "ultima_modificacion": "2025-08-01 01:01:51.054847"
  },
  "~$ia": {
    "app_sintetizada": "~$IA",
    "cantidad_archivos": 1,
    "archivos_fuente": [
      "Library/Mobile Documents/.Trash/Escritorio - MacBook Air de Catalina/PROYECTOS DIVERGENTES/~$IA NEUROTIPOS COMBINADOS.docx  .docx"
    ],
    "ultima_modificacion": "2025-08-01 01:01:51.055272"
  },
  "borrado": {
    "app_sintetizada": "BORRADO",
    "cantidad_archivos": 2,
    "archivos_fuente": [
      "Library/Mobile Documents/.Trash/Escritorio - MacBook Air de Catalina/PROYECTOS DIVERGENTES/Borrado 1 Resumen Ejecutivo.docx",
      "Library/Mobile Documents/.Trash/Escritorio - MacBook Air de Catalina/PROYECTOS DIVERGENTES/POSTULACIO\u0301N A FONDOS /Borrado 1 Resumen Ejecutivo.docx"
    ],
    "ultima_modificacion": "2025-08-01 01:01:51.055625"
  },
  "~$cumentoconstitucionneurodivergenciaintegral.docx": {
    "app_sintetizada": "~$CUMENTOCONSTITUCIONNEURODIVERGENCIAINTEGRAL.DOCX",
    "cantidad_archivos": 2,
    "archivos_fuente": [
      "Library/Mobile Documents/.Trash/Escritorio - MacBook Air de Catalina/PROYECTOS DIVERGENTES/~$cumento_Constitucion_Neurodivergencia_Integral.docx",
      "Downloads/~$cumento_Constitucion_Neurodivergencia_Integral.docx"
    ],
    "ultima_modificacion": "2025-08-01 01:01:51.055944"
  },
  "~$stribucionparticipacionperfilesdivergentemente.docx": {
    "app_sintetizada": "~$STRIBUCIONPARTICIPACIONPERFILESDIVERGENTEMENTE.DOCX",
    "cantidad_archivos": 2,
    "archivos_fuente": [
      "Library/Mobile Documents/.Trash/Escritorio - MacBook Air de Catalina/PROYECTOS DIVERGENTES/~$stribucion_Participacion_Perfiles_DIVERGENTEMENTE.docx",
      "Downloads/~$stribucion_Participacion_Perfiles_DIVERGENTEMENTE.docx"
    ],
    "ultima_modificacion": "2025-08-01 01:01:51.056293"
  },
  "estructuraparticipacionrolesdivergentemente.docx": {
    "app_sintetizada": "ESTRUCTURAPARTICIPACIONROLESDIVERGENTEMENTE.DOCX",
    "cantidad_archivos": 1,
    "archivos_fuente": [
      "Library/Mobile Documents/.Trash/Escritorio - MacBook Air de Catalina/PROYECTOS DIVERGENTES/Estructura_Participacion_Roles_DIVERGENTEMENTE.docx"
    ],
    "ultima_modificacion": "2025-08-01 01:01:51.056661"
  },
  "tareas": {
    "app_sintetizada": "TAREAS",
    "cantidad_archivos": 2,
    "archivos_fuente": [
      "Library/Mobile Documents/.Trash/Escritorio - MacBook Air de Catalina/PROYECTOS DIVERGENTES/TAREAS PENDIENTES PARA APLICACIO\u0301N.docx",
      "Library/Mobile Documents/.Trash/Escritorio - MacBook Air de Catalina/DIVER GENTE MENTE /TAREAS PENDIENTES PARA APLICACIO\u0301N.docx"
    ],
    "ultima_modificacion": "2025-08-01 01:01:51.057028"
  },
  "oferta": {
    "app_sintetizada": "OFERTA",
    "cantidad_archivos": 1,
    "archivos_fuente": [
      "Library/Mobile Documents/.Trash/Escritorio - MacBook Air de Catalina/PROYECTOS DIVERGENTES/oferta claudia y miguel gpt pro.docx"
    ],
    "ultima_modificacion": "2025-08-01 01:01:51.057404"
  },
  "proyectos": {
    "app_sintetizada": "PROYECTOS",
    "cantidad_archivos": 1,
    "archivos_fuente": [
      "Library/Mobile Documents/.Trash/Escritorio - MacBook Air de Catalina/PROYECTOS DIVERGENTES/proyectos neurodivergencia chat gpt .docx"
    ],
    "ultima_modificacion": "2025-08-01 01:01:51.057748"
  },
  "~$rco": {
    "app_sintetizada": "~$RCO",
    "cantidad_archivos": 1,
    "archivos_fuente": [
      "Library/Mobile Documents/.Trash/Escritorio - MacBook Air de Catalina/PROYECTOS DIVERGENTES/~$rco Filoso\u0301fico y Fundacional.docx"
    ],
    "ultima_modificacion": "2025-08-01 01:01:51.058069"
  },
  "diariamente.pdf": {
    "app_sintetizada": "DIARIAMENTE.PDF",
    "cantidad_archivos": 1,
    "archivos_fuente": [
      "Library/Mobile Documents/.Trash/Escritorio - MacBook Air de Catalina/PROYECTOS DIVERGENTES/DiariaMente.pdf"
    ],
    "ultima_modificacion": "2025-08-01 01:01:51.058396"
  },
  "participacion": {
    "app_sintetizada": "PARTICIPACION",
    "cantidad_archivos": 1,
    "archivos_fuente": [
      "Library/Mobile Documents/.Trash/Escritorio - MacBook Air de Catalina/PROYECTOS DIVERGENTES/participacion por proyectos divergentemente.jpg"
    ],
    "ultima_modificacion": "2025-08-01 01:01:51.058787"
  },
  "marco": {
    "app_sintetizada": "MARCO",
    "cantidad_archivos": 1,
    "archivos_fuente": [
      "Library/Mobile Documents/.Trash/Escritorio - MacBook Air de Catalina/PROYECTOS DIVERGENTES/Marco Filoso\u0301fico y Fundacional.docx"
    ],
    "ultima_modificacion": "2025-08-01 01:01:51.059197"
  },
  "jurnaling.docx": {
    "app_sintetizada": "JURNALING.DOCX",
    "cantidad_archivos": 2,
    "archivos_fuente": [
      "Library/Mobile Documents/.Trash/Escritorio - MacBook Air de Catalina/PROYECTOS DIVERGENTES/POSTULACIO\u0301N A FONDOS /JURNALING.docx",
      "Library/Mobile Documents/.Trash/Escritorio - MacBook Air de Catalina/DIVER GENTE MENTE /JURNALING.docx"
    ],
    "ultima_modificacion": "2025-08-01 01:01:51.059663"
  },
  "presupuesto,": {
    "app_sintetizada": "PRESUPUESTO,",
    "cantidad_archivos": 1,
    "archivos_fuente": [
      "Library/Mobile Documents/.Trash/Escritorio - MacBook Air de Catalina/PROYECTOS DIVERGENTES/POSTULACIO\u0301N A FONDOS /Presupuesto, carta de compromiso y documentaciones varias.docx"
    ],
    "ultima_modificacion": "2025-08-01 01:01:51.060099"
  },
  "~$enda": {
    "app_sintetizada": "~$ENDA",
    "cantidad_archivos": 1,
    "archivos_fuente": [
      "Library/Mobile Documents/.Trash/Escritorio - MacBook Air de Catalina/PROYECTOS DIVERGENTES/POSTULACIO\u0301N A FONDOS /~$ENDA NEURODIVERGENTE.docx"
    ],
    "ultima_modificacion": "2025-08-01 01:01:51.060506"
  },
  "requerimientos": {
    "app_sintetizada": "REQUERIMIENTOS",
    "cantidad_archivos": 1,
    "archivos_fuente": [
      "Library/Mobile Documents/.Trash/Escritorio - MacBook Air de Catalina/PROYECTOS DIVERGENTES/POSTULACIO\u0301N A FONDOS /Requerimientos de la Propuesta T\u00e9cnica y Comercial del Proyecto.docx"
    ],
    "ultima_modificacion": "2025-08-01 01:01:51.060827"
  },
  "integracio\u0301n": {
    "app_sintetizada": "INTEGRACIO\u0301N",
    "cantidad_archivos": 1,
    "archivos_fuente": [
      "Library/Mobile Documents/.Trash/Escritorio - MacBook Air de Catalina/PROYECTOS DIVERGENTES/DIVERGENTE Y NEURO INTEGRAL/INTEGRACIO\u0301N DIVERGENTEMENTE.docx"
    ],
    "ultima_modificacion": "2025-08-01 01:01:51.061156"
  },
  "tesisecosistemadivergentementecopiaoriginal": {
    "app_sintetizada": "TESISECOSISTEMADIVERGENTEMENTECOPIAORIGINAL",
    "cantidad_archivos": 1,
    "archivos_fuente": [
      "Library/Mobile Documents/.Trash/Escritorio - MacBook Air de Catalina/PROYECTOS DIVERGENTES/INTEGRACIO\u0301N DIVERGENTEMENTE/TESIS_ECOSISTEMA_DIVERGENTEMENTE_COPIA_ORIGINAL (1).docx"
    ],
    "ultima_modificacion": "2025-08-01 01:01:51.061527"
  },
  "~$pia": {
    "app_sintetizada": "~$PIA",
    "cantidad_archivos": 3,
    "archivos_fuente": [
      "Library/Mobile Documents/.Trash/Escritorio - MacBook Air de Catalina/PROYECTOS DIVERGENTES/INTEGRACIO\u0301N DIVERGENTEMENTE/~$pia de seguridad de INTEGRACIO\u0301N DIVERGENTEMENTE.docx",
      "Library/Mobile Documents/.Trash/Escritorio - MacBook Air de Catalina/TU PSICO\u0301LOGA FAV/~$pia de vacaciones cata ultimo .docx",
      "Library/Mobile Documents/.Trash/Escritorio - MacBook Air de Catalina/otros/mn56ty 6/~$pia de seguridad de NEURODIVERGENCIA EN MUJERES 2024.docx"
    ],
    "ultima_modificacion": "2025-08-01 01:01:51.061894"
  },
  "extracto.pdf": {
    "app_sintetizada": "EXTRACTO.PDF",
    "cantidad_archivos": 1,
    "archivos_fuente": [
      "Library/Mobile Documents/.Trash/Escritorio - MacBook Air de Catalina/Sociedad /extracto.pdf"
    ],
    "ultima_modificacion": "2025-08-01 01:01:51.062252"
  },
  "examen": {
    "app_sintetizada": "EXAMEN",
    "cantidad_archivos": 1,
    "archivos_fuente": [
      "Library/Mobile Documents/.Trash/Escritorio - MacBook Air de Catalina/Sociedad /examen (1).docx"
    ],
    "ultima_modificacion": "2025-08-01 01:01:51.062585"
  },
  "rol": {
    "app_sintetizada": "ROL",
    "cantidad_archivos": 2,
    "archivos_fuente": [
      "Library/Mobile Documents/.Trash/Escritorio - MacBook Air de Catalina/Sociedad /rol unico tributario.pdf",
      "Library/Mobile Documents/.Trash/Escritorio - MacBook Air de Catalina/Sociedad /rol unico tributario alejandro.pdf"
    ],
    "ultima_modificacion": "2025-08-01 01:01:51.062915"
  },
  "constitucio\u0301n": {
    "app_sintetizada": "CONSTITUCIO\u0301N",
    "cantidad_archivos": 1,
    "archivos_fuente": [
      "Library/Mobile Documents/.Trash/Escritorio - MacBook Air de Catalina/Sociedad /constitucio\u0301n de SPA.pdf"
    ],
    "ultima_modificacion": "2025-08-01 01:01:51.063290"
  },
  "diario": {
    "app_sintetizada": "DIARIO",
    "cantidad_archivos": 1,
    "archivos_fuente": [
      "Library/Mobile Documents/.Trash/Escritorio - MacBook Air de Catalina/Sociedad /diario oficial rep 1539.pdf"
    ],
    "ultima_modificacion": "2025-08-01 01:01:51.063736"
  },
  "examen.docx": {
    "app_sintetizada": "EXAMEN.DOCX",
    "cantidad_archivos": 1,
    "archivos_fuente": [
      "Library/Mobile Documents/.Trash/Escritorio - MacBook Air de Catalina/Sociedad /examen.docx"
    ],
    "ultima_modificacion": "2025-08-01 01:01:51.064081"
  },
  "dda": {
    "app_sintetizada": "DDA",
    "cantidad_archivos": 1,
    "archivos_fuente": [
      "Library/Mobile Documents/.Trash/Escritorio - MacBook Air de Catalina/Sociedad /DDA CUIDADO PERSONAL Y ALIMENTOS kds (2).pdf"
    ],
    "ultima_modificacion": "2025-08-01 01:01:51.064430"
  },
  "ajuste": {
    "app_sintetizada": "AJUSTE",
    "cantidad_archivos": 1,
    "archivos_fuente": [
      "Library/Mobile Documents/.Trash/Escritorio - MacBook Air de Catalina/TU PSICO\u0301LOGA FAV/AJUSTE VALOR CONSULTA .jpg"
    ],
    "ultima_modificacion": "2025-08-01 01:01:51.064770"
  },
  "registro": {
    "app_sintetizada": "REGISTRO",
    "cantidad_archivos": 3,
    "archivos_fuente": [
      "Library/Mobile Documents/.Trash/Escritorio - MacBook Air de Catalina/TU PSICO\u0301LOGA FAV/REGISTRO DIARIO.dotx",
      "Library/Group Containers/UBF8T346G9.Office/User Content.localized/Templates.localized/REGISTRO DIARIO.dotx",
      "Documents/Documentos - MacBook Air de Catalina/Alejandro/Registro Florencia 13.docx"
    ],
    "ultima_modificacion": "2025-08-01 01:01:51.065077"
  },
  "~$caciones": {
    "app_sintetizada": "~$CACIONES",
    "cantidad_archivos": 1,
    "archivos_fuente": [
      "Library/Mobile Documents/.Trash/Escritorio - MacBook Air de Catalina/TU PSICO\u0301LOGA FAV/~$caciones cata ultimo .docx"
    ],
    "ultima_modificacion": "2025-08-01 01:01:51.065432"
  },
  "encuadrado.png": {
    "app_sintetizada": "ENCUADRADO.PNG",
    "cantidad_archivos": 1,
    "archivos_fuente": [
      "Library/Mobile Documents/.Trash/Escritorio - MacBook Air de Catalina/TU PSICO\u0301LOGA FAV/ENCUADRADO.png"
    ],
    "ultima_modificacion": "2025-08-01 01:01:51.065704"
  },
  "script.docx": {
    "app_sintetizada": "SCRIPT.DOCX",
    "cantidad_archivos": 1,
    "archivos_fuente": [
      "Library/Mobile Documents/.Trash/Escritorio - MacBook Air de Catalina/script/script.docx"
    ],
    "ultima_modificacion": "2025-08-01 01:01:51.066010"
  },
  "scriptgmailpacientes.py.txt": {
    "app_sintetizada": "SCRIPTGMAILPACIENTES.PY.TXT",
    "cantidad_archivos": 1,
    "archivos_fuente": [
      "Library/Mobile Documents/.Trash/Escritorio - MacBook Air de Catalina/script/script_gmail_pacientes.py.txt"
    ],
    "ultima_modificacion": "2025-08-01 01:01:51.066256"
  },
  "propuesta": {
    "app_sintetizada": "PROPUESTA",
    "cantidad_archivos": 3,
    "archivos_fuente": [
      "Library/Mobile Documents/.Trash/Escritorio - MacBook Air de Catalina/GUIA NEUROTIPOS/PROPUESTA DE PARTICIPACIO\u0301N EN.docx",
      "Library/Mobile Documents/.Trash/Escritorio - MacBook Air de Catalina/otros/mn56ty 6/PROPUESTA Disen\u0303o Tienda Online y Posicionamiento Web SEO:SEM.pdf",
      "Documents/Documentos - MacBook Air de Catalina/propuesta capacitacio\u0301n CEAPSI .docx"
    ],
    "ultima_modificacion": "2025-08-01 01:01:51.066523"
  },
  "~$vergentemente": {
    "app_sintetizada": "~$VERGENTEMENTE",
    "cantidad_archivos": 1,
    "archivos_fuente": [
      "Library/Mobile Documents/.Trash/Escritorio - MacBook Air de Catalina/GUIA NEUROTIPOS/~$VERGENTEMENTE REFRESH.docx"
    ],
    "ultima_modificacion": "2025-08-01 01:01:51.066883"
  },
  "en": {
    "app_sintetizada": "EN",
    "cantidad_archivos": 2,
    "archivos_fuente": [
      "Library/Mobile Documents/.Trash/Escritorio - MacBook Air de Catalina/GUIA NEUROTIPOS/En el marco de la estructura organizacional de Neurodivergencia Integral.docx",
      "Downloads/EN HIPERFOCOND 777.docx"
    ],
    "ultima_modificacion": "2025-08-01 01:01:51.067196"
  },
  "permisos": {
    "app_sintetizada": "PERMISOS",
    "cantidad_archivos": 1,
    "archivos_fuente": [
      "Library/Mobile Documents/.Trash/Escritorio - MacBook Air de Catalina/DIVER GENTE MENTE /PERMISOS Y PATENTES NEURODIVERGENCIA INTEGRAL .docx"
    ],
    "ultima_modificacion": "2025-08-01 01:01:51.067552"
  },
  "~$urodivergencia": {
    "app_sintetizada": "~$URODIVERGENCIA",
    "cantidad_archivos": 1,
    "archivos_fuente": [
      "Library/Mobile Documents/.Trash/Escritorio - MacBook Air de Catalina/DIVER GENTE MENTE /~$URODIVERGENCIA Y NEUROTIPOS COMBINADOS 2025.docx"
    ],
    "ultima_modificacion": "2025-08-01 01:01:51.067883"
  },
  "renatta.rtf": {
    "app_sintetizada": "RENATTA.RTF",
    "cantidad_archivos": 1,
    "archivos_fuente": [
      "Library/Mobile Documents/.Trash/Escritorio - MacBook Air de Catalina/otros/renatta.rtf"
    ],
    "ultima_modificacion": "2025-08-01 01:01:51.068183"
  },
  "maria": {
    "app_sintetizada": "MARIA",
    "cantidad_archivos": 5,
    "archivos_fuente": [
      "Library/Mobile Documents/.Trash/Escritorio - MacBook Air de Catalina/otros/maria jose\u0301 ferrer .rtf",
      "Documents/Documentos - MacBook Air de Catalina/maria jose\u0301 .rtf",
      "Documents/Documentos - MacBook Air de Catalina/maria eugenia salgado .rtf",
      "Documents/Documentos - MacBook Air de Catalina/maria jose.rtf",
      "Documents/Documentos - MacBook Air de Catalina/maria jose yan\u0303ez.rtf"
    ],
    "ultima_modificacion": "2025-08-01 01:01:51.068553"
  },
  "~$letas": {
    "app_sintetizada": "~$LETAS",
    "cantidad_archivos": 1,
    "archivos_fuente": [
      "Library/Mobile Documents/.Trash/Escritorio - MacBook Air de Catalina/otros/~$letas diciembre enero.rtf"
    ],
    "ultima_modificacion": "2025-08-01 01:01:51.068913"
  },
  "respuestas": {
    "app_sintetizada": "RESPUESTAS",
    "cantidad_archivos": 1,
    "archivos_fuente": [
      "Library/Mobile Documents/.Trash/Escritorio - MacBook Air de Catalina/otros/respuestas wtap pacientes.rtf"
    ],
    "ultima_modificacion": "2025-08-01 01:01:51.069321"
  },
  "hugo": {
    "app_sintetizada": "HUGO",
    "cantidad_archivos": 1,
    "archivos_fuente": [
      "Library/Mobile Documents/.Trash/Escritorio - MacBook Air de Catalina/otros/hugo leiva.rtf"
    ],
    "ultima_modificacion": "2025-08-01 01:01:51.069662"
  },
  "data": {
    "app_sintetizada": "DATA",
    "cantidad_archivos": 3,
    "archivos_fuente": [
      "Library/Mobile Documents/.Trash/Escritorio - MacBook Air de Catalina/otros/Data Recovery Wizard Installer",
      "Library/Containers/com.fiplab.goforfacebook/Data/Library/Application Support/.fiplab/data",
      "Library/Containers/com.fiplab.goforinstagram/Data/Library/Application Support/.fiplab/data"
    ],
    "ultima_modificacion": "2025-08-01 01:01:51.069910"
  },
  "fernanda": {
    "app_sintetizada": "FERNANDA",
    "cantidad_archivos": 6,
    "archivos_fuente": [
      "Library/Mobile Documents/.Trash/Escritorio - MacBook Air de Catalina/otros/fernanda arcos mama.docx",
      "Documents/Documentos - MacBook Air de Catalina/fernanda balladares .rtf",
      "Documents/Documentos - MacBook Air de Catalina/Fernanda arcos.rtf",
      "Documents/Documentos - MacBook Air de Catalina/fernanda perez.rtf",
      "Documents/Documentos - MacBook Air de Catalina/fernanda toma\u0301s sch.rtf",
      "Downloads/salida/Fernanda Arcos H_chat.txt"
    ],
    "ultima_modificacion": "2025-08-01 01:01:51.070171"
  },
  "normal.dotm": {
    "app_sintetizada": "NORMAL.DOTM",
    "cantidad_archivos": 2,
    "archivos_fuente": [
      "Library/Mobile Documents/.Trash/Escritorio - MacBook Air de Catalina/otros/Normal.dotm",
      "Library/Group Containers/UBF8T346G9.Office/User Content.localized/Templates.localized/Normal.dotm"
    ],
    "ultima_modificacion": "2025-08-01 01:01:51.070491"
  },
  "sence": {
    "app_sintetizada": "SENCE",
    "cantidad_archivos": 1,
    "archivos_fuente": [
      "Library/Mobile Documents/.Trash/Escritorio - MacBook Air de Catalina/otros/mn56ty 6/Sence Otec Talleres y capacitaciones_241210_224130.pdf"
    ],
    "ultima_modificacion": "2025-08-01 01:01:51.070852"
  },
  "instrucciones": {
    "app_sintetizada": "INSTRUCCIONES",
    "cantidad_archivos": 1,
    "archivos_fuente": [
      "Library/Mobile Documents/.Trash/Escritorio - MacBook Air de Catalina/otros/mn56ty 6/Instrucciones Detalladas para el Registro de Propi_241210_160832.pdf"
    ],
    "ultima_modificacion": "2025-08-01 01:01:51.071176"
  },
  "enlace": {
    "app_sintetizada": "ENLACE",
    "cantidad_archivos": 1,
    "archivos_fuente": [
      "Library/Mobile Documents/.Trash/Escritorio - MacBook Air de Catalina/otros/mn56ty 6/ENLACE A DROPBOX.rtf"
    ],
    "ultima_modificacion": "2025-08-01 01:01:51.071452"
  },
  "itinerario": {
    "app_sintetizada": "ITINERARIO",
    "cantidad_archivos": 1,
    "archivos_fuente": [
      "Library/Mobile Documents/.Trash/Escritorio - MacBook Air de Catalina/otros/mn56ty 6/Itinerario Final Encuentros Neuro Diversos.pdf"
    ],
    "ultima_modificacion": "2025-08-01 01:01:51.071786"
  },
  "tdahadulto": {
    "app_sintetizada": "TDAHADULTO",
    "cantidad_archivos": 1,
    "archivos_fuente": [
      "Library/Mobile Documents/.Trash/Escritorio - MacBook Air de Catalina/otros/mn56ty 6/TDAH-ADULTO CAARS.pdf"
    ],
    "ultima_modificacion": "2025-08-01 01:01:51.072542"
  },
  "descripcion": {
    "app_sintetizada": "DESCRIPCION",
    "cantidad_archivos": 1,
    "archivos_fuente": [
      "Library/Mobile Documents/.Trash/Escritorio - MacBook Air de Catalina/otros/mn56ty 6/Descripcion Innova Social, propuesta Neuroconectados y analisis de elegibilidad.pdf"
    ],
    "ultima_modificacion": "2025-08-01 01:01:51.072899"
  },
  "install": {
    "app_sintetizada": "INSTALL",
    "cantidad_archivos": 2,
    "archivos_fuente": [
      "Library/Mobile Documents/.Trash/Escritorio - MacBook Air de Catalina/disco duro/Install SanDisk Software for Windows.exe",
      "Library/Mobile Documents/.Trash/Escritorio - MacBook Air de Catalina/disco duro/Install SanDisk Software for Mac.dmg"
    ],
    "ultima_modificacion": "2025-08-01 01:01:51.073180"
  },
  "fichatecnicadivergenta.docx": {
    "app_sintetizada": "FICHATECNICADIVERGENTA.DOCX",
    "cantidad_archivos": 1,
    "archivos_fuente": [
      "Library/Mobile Documents/.Trash/Escritorio - MacBook Air de Catalina/disco duro/FICHA_TECNICA_DIVERGENTA.docx"
    ],
    "ultima_modificacion": "2025-08-01 01:01:51.073442"
  },
  "sandisksecureaccessv3.01win.exe": {
    "app_sintetizada": "SANDISKSECUREACCESSV3.01WIN.EXE",
    "cantidad_archivos": 1,
    "archivos_fuente": [
      "Library/Mobile Documents/.Trash/Escritorio - MacBook Air de Catalina/disco duro/SanDiskSecureAccessV3.01_win.exe"
    ],
    "ultima_modificacion": "2025-08-01 01:01:51.073699"
  },
  "sandisksecureaccessv3.0qsg.pdf": {
    "app_sintetizada": "SANDISKSECUREACCESSV3.0QSG.PDF",
    "cantidad_archivos": 1,
    "archivos_fuente": [
      "Library/Mobile Documents/.Trash/Escritorio - MacBook Air de Catalina/disco duro/SanDiskSecureAccess/SanDiskSecureAccessV3.0_QSG.PDF"
    ],
    "ultima_modificacion": "2025-08-01 01:01:51.073948"
  },
  "downloadformacsandisksecureaccessv3.01.pdf": {
    "app_sintetizada": "DOWNLOADFORMACSANDISKSECUREACCESSV3.01.PDF",
    "cantidad_archivos": 1,
    "archivos_fuente": [
      "Library/Mobile Documents/.Trash/Escritorio - MacBook Air de Catalina/disco duro/SanDiskSecureAccess/DownloadForMac_SanDiskSecureAccessV3.01.pdf"
    ],
    "ultima_modificacion": "2025-08-01 01:01:51.074187"
  },
  "packedrefs": {
    "app_sintetizada": "PACKEDREFS",
    "cantidad_archivos": 2,
    "archivos_fuente": [
      "Library/Mobile Documents/.Trash/Escritorio - MacBook Air de Catalina/disco duro/agenda_clinica_app-2/.git/packed-refs",
      "MENTALIA/.git/packed-refs"
    ],
    "ultima_modificacion": "2025-08-01 01:01:51.074641"
  },
  "pack4c571440704d028e555ff33ba7f461789d3d0408.pack": {
    "app_sintetizada": "PACK4C571440704D028E555FF33BA7F461789D3D0408.PACK",
    "cantidad_archivos": 1,
    "archivos_fuente": [
      "Library/Mobile Documents/.Trash/Escritorio - MacBook Air de Catalina/disco duro/agenda_clinica_app-2/.git/objects/pack/pack-4c571440704d028e555ff33ba7f461789d3d0408.pack"
    ],
    "ultima_modificacion": "2025-08-01 01:01:51.075037"
  },
  "pack4c571440704d028e555ff33ba7f461789d3d0408.idx": {
    "app_sintetizada": "PACK4C571440704D028E555FF33BA7F461789D3D0408.IDX",
    "cantidad_archivos": 1,
    "archivos_fuente": [
      "Library/Mobile Documents/.Trash/Escritorio - MacBook Air de Catalina/disco duro/agenda_clinica_app-2/.git/objects/pack/pack-4c571440704d028e555ff33ba7f461789d3d0408.idx"
    ],
    "ultima_modificacion": "2025-08-01 01:01:51.075428"
  },
  "8d6884dec271273ee1f930926abdb10f9767ff": {
    "app_sintetizada": "8D6884DEC271273EE1F930926ABDB10F9767FF",
    "cantidad_archivos": 1,
    "archivos_fuente": [
      "Library/Mobile Documents/.Trash/Escritorio - MacBook Air de Catalina/disco duro/agenda_clinica_app-2/.git/objects/01/8d6884dec271273ee1f930926abdb10f9767ff"
    ],
    "ultima_modificacion": "2025-08-01 01:01:51.075759"
  },
  "ee77b44f0e8024e5020f48ad1db046dc78496c": {
    "app_sintetizada": "EE77B44F0E8024E5020F48AD1DB046DC78496C",
    "cantidad_archivos": 1,
    "archivos_fuente": [
      "Library/Mobile Documents/.Trash/Escritorio - MacBook Air de Catalina/disco duro/agenda_clinica_app-2/.git/objects/de/ee77b44f0e8024e5020f48ad1db046dc78496c"
    ],
    "ultima_modificacion": "2025-08-01 01:01:51.076153"
  },
  "8be51e74ff90999f9d117061d818b8b0e7e2d4": {
    "app_sintetizada": "8BE51E74FF90999F9D117061D818B8B0E7E2D4",
    "cantidad_archivos": 1,
    "archivos_fuente": [
      "Library/Mobile Documents/.Trash/Escritorio - MacBook Air de Catalina/disco duro/agenda_clinica_app-2/.git/objects/e0/8be51e74ff90999f9d117061d818b8b0e7e2d4"
    ],
    "ultima_modificacion": "2025-08-01 01:01:51.076484"
  },
  "index.tsx": {
    "app_sintetizada": "INDEX.TSX",
    "cantidad_archivos": 2,
    "archivos_fuente": [
      "Library/Mobile Documents/.Trash/Escritorio - MacBook Air de Catalina/disco duro/agenda_clinica_app-2/pages/index.tsx",
      "Library/Mobile Documents/.Trash/Escritorio - MacBook Air de Catalina/disco duro/agenda_clinica_app-2/pages/pages/index.tsx"
    ],
    "ultima_modificacion": "2025-08-01 01:01:51.076776"
  },
  "diagnosisclassification.tsx": {
    "app_sintetizada": "DIAGNOSISCLASSIFICATION.TSX",
    "cantidad_archivos": 1,
    "archivos_fuente": [
      "Library/Mobile Documents/.Trash/Escritorio - MacBook Air de Catalina/disco duro/agenda_clinica_app-2/src/components/classification/DiagnosisClassification.tsx"
    ],
    "ultima_modificacion": "2025-08-01 01:01:51.077072"
  },
  "webpayintegration.tsx": {
    "app_sintetizada": "WEBPAYINTEGRATION.TSX",
    "cantidad_archivos": 1,
    "archivos_fuente": [
      "Library/Mobile Documents/.Trash/Escritorio - MacBook Air de Catalina/disco duro/agenda_clinica_app-2/src/components/payments/WebpayIntegration.tsx"
    ],
    "ultima_modificacion": "2025-08-01 01:01:51.077344"
  },
  "navigation.tsx": {
    "app_sintetizada": "NAVIGATION.TSX",
    "cantidad_archivos": 1,
    "archivos_fuente": [
      "Library/Mobile Documents/.Trash/Escritorio - MacBook Air de Catalina/disco duro/agenda_clinica_app-2/src/components/layout/Navigation.tsx"
    ],
    "ultima_modificacion": "2025-08-01 01:01:51.077631"
  },
  "digitaltestlibrary.tsx": {
    "app_sintetizada": "DIGITALTESTLIBRARY.TSX",
    "cantidad_archivos": 1,
    "archivos_fuente": [
      "Library/Mobile Documents/.Trash/Escritorio - MacBook Air de Catalina/disco duro/agenda_clinica_app-2/src/components/tests/DigitalTestLibrary.tsx"
    ],
    "ultima_modificacion": "2025-08-01 01:01:51.077941"
  },
  "accountingmanagementsystem.tsx": {
    "app_sintetizada": "ACCOUNTINGMANAGEMENTSYSTEM.TSX",
    "cantidad_archivos": 1,
    "archivos_fuente": [
      "Library/Mobile Documents/.Trash/Escritorio - MacBook Air de Catalina/disco duro/agenda_clinica_app-2/src/components/admin/AccountingManagementSystem.tsx"
    ],
    "ultima_modificacion": "2025-08-01 01:01:51.078288"
  },
  "gesalertsystem.tsx": {
    "app_sintetizada": "GESALERTSYSTEM.TSX",
    "cantidad_archivos": 1,
    "archivos_fuente": [
      "Library/Mobile Documents/.Trash/Escritorio - MacBook Air de Catalina/disco duro/agenda_clinica_app-2/src/components/ges/GESAlertSystem.tsx"
    ],
    "ultima_modificacion": "2025-08-01 01:01:51.078642"
  },
  "certificategenerator.tsx": {
    "app_sintetizada": "CERTIFICATEGENERATOR.TSX",
    "cantidad_archivos": 1,
    "archivos_fuente": [
      "Library/Mobile Documents/.Trash/Escritorio - MacBook Air de Catalina/disco duro/agenda_clinica_app-2/src/components/certificates/CertificateGenerator.tsx"
    ],
    "ultima_modificacion": "2025-08-01 01:01:51.078945"
  },
  "portabilitycontext.tsx": {
    "app_sintetizada": "PORTABILITYCONTEXT.TSX",
    "cantidad_archivos": 1,
    "archivos_fuente": [
      "Library/Mobile Documents/.Trash/Escritorio - MacBook Air de Catalina/disco duro/agenda_clinica_app-2/src/components/portability/PortabilityContext.tsx"
    ],
    "ultima_modificacion": "2025-08-01 01:01:51.079320"
  },
  "portabilitydashboard.tsx": {
    "app_sintetizada": "PORTABILITYDASHBOARD.TSX",
    "cantidad_archivos": 1,
    "archivos_fuente": [
      "Library/Mobile Documents/.Trash/Escritorio - MacBook Air de Catalina/disco duro/agenda_clinica_app-2/src/components/portability/PortabilityDashboard.tsx"
    ],
    "ultima_modificacion": "2025-08-01 01:01:51.079684"
  },
  "qrcodescanner.tsx": {
    "app_sintetizada": "QRCODESCANNER.TSX",
    "cantidad_archivos": 1,
    "archivos_fuente": [
      "Library/Mobile Documents/.Trash/Escritorio - MacBook Air de Catalina/disco duro/agenda_clinica_app-2/src/components/portability/QRCodeScanner.tsx"
    ],
    "ultima_modificacion": "2025-08-01 01:01:51.080048"
  },
  "qrcodegenerator.tsx": {
    "app_sintetizada": "QRCODEGENERATOR.TSX",
    "cantidad_archivos": 1,
    "archivos_fuente": [
      "Library/Mobile Documents/.Trash/Escritorio - MacBook Air de Catalina/disco duro/agenda_clinica_app-2/src/components/portability/QRCodeGenerator.tsx"
    ],
    "ultima_modificacion": "2025-08-01 01:01:51.080371"
  },
  "autosaveform.tsx": {
    "app_sintetizada": "AUTOSAVEFORM.TSX",
    "cantidad_archivos": 1,
    "archivos_fuente": [
      "Library/Mobile Documents/.Trash/Escritorio - MacBook Air de Catalina/disco duro/agenda_clinica_app-2/src/components/clinical/AutosaveForm.tsx"
    ],
    "ultima_modificacion": "2025-08-01 01:01:51.080737"
  },
  "aisuggestionsystem.tsx": {
    "app_sintetizada": "AISUGGESTIONSYSTEM.TSX",
    "cantidad_archivos": 1,
    "archivos_fuente": [
      "Library/Mobile Documents/.Trash/Escritorio - MacBook Air de Catalina/disco duro/agenda_clinica_app-2/src/components/clinical/AISuggestionSystem.tsx"
    ],
    "ultima_modificacion": "2025-08-01 01:01:51.081013"
  },
  "sessionrecorder.tsx": {
    "app_sintetizada": "SESSIONRECORDER.TSX",
    "cantidad_archivos": 1,
    "archivos_fuente": [
      "Library/Mobile Documents/.Trash/Escritorio - MacBook Air de Catalina/disco duro/agenda_clinica_app-2/src/components/clinical/SessionRecorder.tsx"
    ],
    "ultima_modificacion": "2025-08-01 01:01:51.081321"
  },
  "electronicprescriptionsystem.tsx": {
    "app_sintetizada": "ELECTRONICPRESCRIPTIONSYSTEM.TSX",
    "cantidad_archivos": 1,
    "archivos_fuente": [
      "Library/Mobile Documents/.Trash/Escritorio - MacBook Air de Catalina/disco duro/agenda_clinica_app-2/src/components/prescriptions/ElectronicPrescriptionSystem.tsx"
    ],
    "ultima_modificacion": "2025-08-01 01:01:51.081616"
  },
  "clients.plist": {
    "app_sintetizada": "CLIENTS.PLIST",
    "cantidad_archivos": 1,
    "archivos_fuente": [
      "Library/PubSub/Clients.plist"
    ],
    "ultima_modificacion": "2025-08-01 01:01:51.081928"
  }
}