{
  "f07e97336b754e4d94a4a61329223c06:abperson.abcdp": {
    "app_sintetizada": "F07E97336B754E4D94A4A61329223C06:ABPERSON.ABCDP",
    "cantidad_archivos": 1,
    "archivos_fuente": [
      "Library/Application Support/AddressBook/Sources/09AE88BC-62E0-40DE-B231-E4067BB75204/Metadata/F07E9733-6B75-4E4D-94A4-A61329223C06:ABPerson.abcdp"
    ],
    "ultima_modificacion": "2025-08-01 01:01:44.027352"
  },
  "8df2c1608d2c4432accff3cbb57e46d6:abperson.abcdp": {
    "app_sintetizada": "8DF2C1608D2C4432ACCFF3CBB57E46D6:ABPERSON.ABCDP",
    "cantidad_archivos": 1,
    "archivos_fuente": [
      "Library/Application Support/AddressBook/Sources/09AE88BC-62E0-40DE-B231-E4067BB75204/Metadata/8DF2C160-8D2C-4432-ACCF-F3CBB57E46D6:ABPerson.abcdp"
    ],
    "ultima_modificacion": "2025-08-01 01:01:44.027598"
  },
  "c8eb0d202e80462b91225080436ca4d6:abperson.abcdp": {
    "app_sintetizada": "C8EB0D202E80462B91225080436CA4D6:ABPERSON.ABCDP",
    "cantidad_archivos": 1,
    "archivos_fuente": [
      "Library/Application Support/AddressBook/Sources/09AE88BC-62E0-40DE-B231-E4067BB75204/Metadata/C8EB0D20-2E80-462B-9122-5080436CA4D6:ABPerson.abcdp"
    ],
    "ultima_modificacion": "2025-08-01 01:01:44.027826"
  },
  "e67d874e0ce740c08a008e0d41c26447:abperson.abcdp": {
    "app_sintetizada": "E67D874E0CE740C08A008E0D41C26447:ABPERSON.ABCDP",
    "cantidad_archivos": 1,
    "archivos_fuente": [
      "Library/Application Support/AddressBook/Sources/09AE88BC-62E0-40DE-B231-E4067BB75204/Metadata/E67D874E-0CE7-40C0-8A00-8E0D41C26447:ABPerson.abcdp"
    ],
    "ultima_modificacion": "2025-08-01 01:01:44.028029"
  },
  "b242915d53ff48639bf83c389a3889aa:abperson.abcdp": {
    "app_sintetizada": "B242915D53FF48639BF83C389A3889AA:ABPERSON.ABCDP",
    "cantidad_archivos": 1,
    "archivos_fuente": [
      "Library/Application Support/AddressBook/Sources/09AE88BC-62E0-40DE-B231-E4067BB75204/Metadata/B242915D-53FF-4863-9BF8-3C389A3889AA:ABPerson.abcdp"
    ],
    "ultima_modificacion": "2025-08-01 01:01:44.028250"
  },
  "e6834afe06b64cdfb158b0dbe758812d:abperson.abcdp": {
    "app_sintetizada": "E6834AFE06B64CDFB158B0DBE758812D:ABPERSON.ABCDP",
    "cantidad_archivos": 1,
    "archivos_fuente": [
      "Library/Application Support/AddressBook/Sources/09AE88BC-62E0-40DE-B231-E4067BB75204/Metadata/E6834AFE-06B6-4CDF-B158-B0DBE758812D:ABPerson.abcdp"
    ],
    "ultima_modificacion": "2025-08-01 01:01:44.028450"
  },
  "2863ed6196ab4ef9be7fa4dde6b6a3c3:abperson.abcdp": {
    "app_sintetizada": "2863ED6196AB4EF9BE7FA4DDE6B6A3C3:ABPERSON.ABCDP",
    "cantidad_archivos": 1,
    "archivos_fuente": [
      "Library/Application Support/AddressBook/Sources/09AE88BC-62E0-40DE-B231-E4067BB75204/Metadata/2863ED61-96AB-4EF9-BE7F-A4DDE6B6A3C3:ABPerson.abcdp"
    ],
    "ultima_modificacion": "2025-08-01 01:01:44.028651"
  },
  "dd9b9fb1cad34f4b8c79415d155dfb3e:abperson.abcdp": {
    "app_sintetizada": "DD9B9FB1CAD34F4B8C79415D155DFB3E:ABPERSON.ABCDP",
    "cantidad_archivos": 1,
    "archivos_fuente": [
      "Library/Application Support/AddressBook/Sources/09AE88BC-62E0-40DE-B231-E4067BB75204/Metadata/DD9B9FB1-CAD3-4F4B-8C79-415D155DFB3E:ABPerson.abcdp"
    ],
    "ultima_modificacion": "2025-08-01 01:01:44.028843"
  },
  "b3f9f5a03aab45caadb3d853148f5e75:abperson.abcdp": {
    "app_sintetizada": "B3F9F5A03AAB45CAADB3D853148F5E75:ABPERSON.ABCDP",
    "cantidad_archivos": 1,
    "archivos_fuente": [
      "Library/Application Support/AddressBook/Sources/09AE88BC-62E0-40DE-B231-E4067BB75204/Metadata/B3F9F5A0-3AAB-45CA-ADB3-D853148F5E75:ABPerson.abcdp"
    ],
    "ultima_modificacion": "2025-08-01 01:01:44.029112"
  },
  "cd413cc619b641eeba371efda451c08d:abperson.abcdp": {
    "app_sintetizada": "CD413CC619B641EEBA371EFDA451C08D:ABPERSON.ABCDP",
    "cantidad_archivos": 1,
    "archivos_fuente": [
      "Library/Application Support/AddressBook/Sources/09AE88BC-62E0-40DE-B231-E4067BB75204/Metadata/CD413CC6-19B6-41EE-BA37-1EFDA451C08D:ABPerson.abcdp"
    ],
    "ultima_modificacion": "2025-08-01 01:01:44.029414"
  },
  "0c744208ae53421492c519dad7730f8d:abperson.abcdp": {
    "app_sintetizada": "0C744208AE53421492C519DAD7730F8D:ABPERSON.ABCDP",
    "cantidad_archivos": 1,
    "archivos_fuente": [
      "Library/Application Support/AddressBook/Sources/09AE88BC-62E0-40DE-B231-E4067BB75204/Metadata/0C744208-AE53-4214-92C5-19DAD7730F8D:ABPerson.abcdp"
    ],
    "ultima_modificacion": "2025-08-01 01:01:44.029680"
  },
  "d9255ff3ea6f41a3ae9e649b1011115d:abperson.abcdp": {
    "app_sintetizada": "D9255FF3EA6F41A3AE9E649B1011115D:ABPERSON.ABCDP",
    "cantidad_archivos": 1,
    "archivos_fuente": [
      "Library/Application Support/AddressBook/Sources/09AE88BC-62E0-40DE-B231-E4067BB75204/Metadata/D9255FF3-EA6F-41A3-AE9E-649B1011115D:ABPerson.abcdp"
    ],
    "ultima_modificacion": "2025-08-01 01:01:44.030026"
  },
  "24c11e045bcf4571b295059ca63d80f3:abperson.abcdp": {
    "app_sintetizada": "24C11E045BCF4571B295059CA63D80F3:ABPERSON.ABCDP",
    "cantidad_archivos": 1,
    "archivos_fuente": [
      "Library/Application Support/AddressBook/Sources/09AE88BC-62E0-40DE-B231-E4067BB75204/Metadata/24C11E04-5BCF-4571-B295-059CA63D80F3:ABPerson.abcdp"
    ],
    "ultima_modificacion": "2025-08-01 01:01:44.030287"
  },
  "18c864068c974bc39db64e38d5b4dc93:abperson.abcdp": {
    "app_sintetizada": "18C864068C974BC39DB64E38D5B4DC93:ABPERSON.ABCDP",
    "cantidad_archivos": 1,
    "archivos_fuente": [
      "Library/Application Support/AddressBook/Sources/09AE88BC-62E0-40DE-B231-E4067BB75204/Metadata/18C86406-8C97-4BC3-9DB6-4E38D5B4DC93:ABPerson.abcdp"
    ],
    "ultima_modificacion": "2025-08-01 01:01:44.030594"
  },
  "e91dcbf310844735b2c46adc0977e4bb:abperson.abcdp": {
    "app_sintetizada": "E91DCBF310844735B2C46ADC0977E4BB:ABPERSON.ABCDP",
    "cantidad_archivos": 1,
    "archivos_fuente": [
      "Library/Application Support/AddressBook/Sources/09AE88BC-62E0-40DE-B231-E4067BB75204/Metadata/E91DCBF3-1084-4735-B2C4-6ADC0977E4BB:ABPerson.abcdp"
    ],
    "ultima_modificacion": "2025-08-01 01:01:44.030855"
  },
  "cdb4f44beabf49a1b5da6a23cfed81b4:abperson.abcdp": {
    "app_sintetizada": "CDB4F44BEABF49A1B5DA6A23CFED81B4:ABPERSON.ABCDP",
    "cantidad_archivos": 1,
    "archivos_fuente": [
      "Library/Application Support/AddressBook/Sources/09AE88BC-62E0-40DE-B231-E4067BB75204/Metadata/CDB4F44B-EABF-49A1-B5DA-6A23CFED81B4:ABPerson.abcdp"
    ],
    "ultima_modificacion": "2025-08-01 01:01:44.031110"
  },
  "071821894ef54ce79845cb33b31f4db7:abperson.abcdp": {
    "app_sintetizada": "071821894EF54CE79845CB33B31F4DB7:ABPERSON.ABCDP",
    "cantidad_archivos": 1,
    "archivos_fuente": [
      "Library/Application Support/AddressBook/Sources/09AE88BC-62E0-40DE-B231-E4067BB75204/Metadata/07182189-4EF5-4CE7-9845-CB33B31F4DB7:ABPerson.abcdp"
    ],
    "ultima_modificacion": "2025-08-01 01:01:44.031407"
  },
  "7be245cc41394b32bd7101389519e84e:abperson.abcdp": {
    "app_sintetizada": "7BE245CC41394B32BD7101389519E84E:ABPERSON.ABCDP",
    "cantidad_archivos": 1,
    "archivos_fuente": [
      "Library/Application Support/AddressBook/Sources/09AE88BC-62E0-40DE-B231-E4067BB75204/Metadata/7BE245CC-4139-4B32-BD71-01389519E84E:ABPerson.abcdp"
    ],
    "ultima_modificacion": "2025-08-01 01:01:44.031652"
  },
  "d8165cbc23224585946f9e2cb9231f03:abperson.abcdp": {
    "app_sintetizada": "D8165CBC23224585946F9E2CB9231F03:ABPERSON.ABCDP",
    "cantidad_archivos": 1,
    "archivos_fuente": [
      "Library/Application Support/AddressBook/Sources/09AE88BC-62E0-40DE-B231-E4067BB75204/Metadata/D8165CBC-2322-4585-946F-9E2CB9231F03:ABPerson.abcdp"
    ],
    "ultima_modificacion": "2025-08-01 01:01:44.031988"
  },
  "b255084d83cd4ce0ae0fd48b6f16377d:abperson.abcdp": {
    "app_sintetizada": "B255084D83CD4CE0AE0FD48B6F16377D:ABPERSON.ABCDP",
    "cantidad_archivos": 1,
    "archivos_fuente": [
      "Library/Application Support/AddressBook/Sources/09AE88BC-62E0-40DE-B231-E4067BB75204/Metadata/B255084D-83CD-4CE0-AE0F-D48B6F16377D:ABPerson.abcdp"
    ],
    "ultima_modificacion": "2025-08-01 01:01:44.032237"
  },
  "61242a45313b4b90b005dfdaaff9ab83:abperson.abcdp": {
    "app_sintetizada": "61242A45313B4B90B005DFDAAFF9AB83:ABPERSON.ABCDP",
    "cantidad_archivos": 1,
    "archivos_fuente": [
      "Library/Application Support/AddressBook/Sources/09AE88BC-62E0-40DE-B231-E4067BB75204/Metadata/61242A45-313B-4B90-B005-DFDAAFF9AB83:ABPerson.abcdp"
    ],
    "ultima_modificacion": "2025-08-01 01:01:44.032436"
  },
  "6dcfd03471c24404a35208463a5ad4cb:abperson.abcdp": {
    "app_sintetizada": "6DCFD03471C24404A35208463A5AD4CB:ABPERSON.ABCDP",
    "cantidad_archivos": 1,
    "archivos_fuente": [
      "Library/Application Support/AddressBook/Sources/09AE88BC-62E0-40DE-B231-E4067BB75204/Metadata/6DCFD034-71C2-4404-A352-08463A5AD4CB:ABPerson.abcdp"
    ],
    "ultima_modificacion": "2025-08-01 01:01:44.032633"
  },
  "bf0136b11be0428d9c48f8bd3d6e8673:abperson.abcdp": {
    "app_sintetizada": "BF0136B11BE0428D9C48F8BD3D6E8673:ABPERSON.ABCDP",
    "cantidad_archivos": 1,
    "archivos_fuente": [
      "Library/Application Support/AddressBook/Sources/09AE88BC-62E0-40DE-B231-E4067BB75204/Metadata/BF0136B1-1BE0-428D-9C48-F8BD3D6E8673:ABPerson.abcdp"
    ],
    "ultima_modificacion": "2025-08-01 01:01:44.032833"
  },
  "48d51fb5fc4d4765ba8af12a9a6653eb:abperson.abcdp": {
    "app_sintetizada": "48D51FB5FC4D4765BA8AF12A9A6653EB:ABPERSON.ABCDP",
    "cantidad_archivos": 1,
    "archivos_fuente": [
      "Library/Application Support/AddressBook/Sources/09AE88BC-62E0-40DE-B231-E4067BB75204/Metadata/48D51FB5-FC4D-4765-BA8A-F12A9A6653EB:ABPerson.abcdp"
    ],
    "ultima_modificacion": "2025-08-01 01:01:44.033033"
  },
  "97e35afdc8414794926493e1c9beeca4:abperson.abcdp": {
    "app_sintetizada": "97E35AFDC8414794926493E1C9BEECA4:ABPERSON.ABCDP",
    "cantidad_archivos": 1,
    "archivos_fuente": [
      "Library/Application Support/AddressBook/Sources/09AE88BC-62E0-40DE-B231-E4067BB75204/Metadata/97E35AFD-C841-4794-9264-93E1C9BEECA4:ABPerson.abcdp"
    ],
    "ultima_modificacion": "2025-08-01 01:01:44.033292"
  },
  "d3b1496c65634cdda0110ac0f050da7e:abperson.abcdp": {
    "app_sintetizada": "D3B1496C65634CDDA0110AC0F050DA7E:ABPERSON.ABCDP",
    "cantidad_archivos": 1,
    "archivos_fuente": [
      "Library/Application Support/AddressBook/Sources/09AE88BC-62E0-40DE-B231-E4067BB75204/Metadata/D3B1496C-6563-4CDD-A011-0AC0F050DA7E:ABPerson.abcdp"
    ],
    "ultima_modificacion": "2025-08-01 01:01:44.033588"
  },
  "240e3e2bab9b4a5fb49370449e50fb43:abperson.abcdp": {
    "app_sintetizada": "240E3E2BAB9B4A5FB49370449E50FB43:ABPERSON.ABCDP",
    "cantidad_archivos": 1,
    "archivos_fuente": [
      "Library/Application Support/AddressBook/Sources/09AE88BC-62E0-40DE-B231-E4067BB75204/Metadata/240E3E2B-AB9B-4A5F-B493-70449E50FB43:ABPerson.abcdp"
    ],
    "ultima_modificacion": "2025-08-01 01:01:44.033854"
  },
  "0ffec308dc944ef1a64d46df3da212ea:abperson.abcdp": {
    "app_sintetizada": "0FFEC308DC944EF1A64D46DF3DA212EA:ABPERSON.ABCDP",
    "cantidad_archivos": 1,
    "archivos_fuente": [
      "Library/Application Support/AddressBook/Sources/09AE88BC-62E0-40DE-B231-E4067BB75204/Metadata/0FFEC308-DC94-4EF1-A64D-46DF3DA212EA:ABPerson.abcdp"
    ],
    "ultima_modificacion": "2025-08-01 01:01:44.034155"
  },
  "2985630d86a8409f873b0647df6afd63:abperson.abcdp": {
    "app_sintetizada": "2985630D86A8409F873B0647DF6AFD63:ABPERSON.ABCDP",
    "cantidad_archivos": 1,
    "archivos_fuente": [
      "Library/Application Support/AddressBook/Sources/09AE88BC-62E0-40DE-B231-E4067BB75204/Metadata/2985630D-86A8-409F-873B-0647DF6AFD63:ABPerson.abcdp"
    ],
    "ultima_modificacion": "2025-08-01 01:01:44.034468"
  },
  "2221c3abb98b481392ad47de9c569797:abperson.abcdp": {
    "app_sintetizada": "2221C3ABB98B481392AD47DE9C569797:ABPERSON.ABCDP",
    "cantidad_archivos": 1,
    "archivos_fuente": [
      "Library/Application Support/AddressBook/Sources/09AE88BC-62E0-40DE-B231-E4067BB75204/Metadata/2221C3AB-B98B-4813-92AD-47DE9C569797:ABPerson.abcdp"
    ],
    "ultima_modificacion": "2025-08-01 01:01:44.034776"
  },
  "b2c2d5441af14943aa5b0bfb7c67fec0:abperson.abcdp": {
    "app_sintetizada": "B2C2D5441AF14943AA5B0BFB7C67FEC0:ABPERSON.ABCDP",
    "cantidad_archivos": 1,
    "archivos_fuente": [
      "Library/Application Support/AddressBook/Sources/09AE88BC-62E0-40DE-B231-E4067BB75204/Metadata/B2C2D544-1AF1-4943-AA5B-0BFB7C67FEC0:ABPerson.abcdp"
    ],
    "ultima_modificacion": "2025-08-01 01:01:44.035066"
  },
  "0993ad59469946fb97dfc4b8461733e9:abperson.abcdp": {
    "app_sintetizada": "0993AD59469946FB97DFC4B8461733E9:ABPERSON.ABCDP",
    "cantidad_archivos": 1,
    "archivos_fuente": [
      "Library/Application Support/AddressBook/Sources/09AE88BC-62E0-40DE-B231-E4067BB75204/Metadata/0993AD59-4699-46FB-97DF-C4B8461733E9:ABPerson.abcdp"
    ],
    "ultima_modificacion": "2025-08-01 01:01:44.035393"
  },
  "d3f6360a9f214183a26c74a978febdd8:abperson.abcdp": {
    "app_sintetizada": "D3F6360A9F214183A26C74A978FEBDD8:ABPERSON.ABCDP",
    "cantidad_archivos": 1,
    "archivos_fuente": [
      "Library/Application Support/AddressBook/Sources/09AE88BC-62E0-40DE-B231-E4067BB75204/Metadata/D3F6360A-9F21-4183-A26C-74A978FEBDD8:ABPerson.abcdp"
    ],
    "ultima_modificacion": "2025-08-01 01:01:44.035694"
  },
  "0641ce145682478eb8883a803d7e93b7:abperson.abcdp": {
    "app_sintetizada": "0641CE145682478EB8883A803D7E93B7:ABPERSON.ABCDP",
    "cantidad_archivos": 1,
    "archivos_fuente": [
      "Library/Application Support/AddressBook/Sources/09AE88BC-62E0-40DE-B231-E4067BB75204/Metadata/0641CE14-5682-478E-B888-3A803D7E93B7:ABPerson.abcdp"
    ],
    "ultima_modificacion": "2025-08-01 01:01:44.035960"
  },
  "4bc5c67e9a334de5a55e96ee82a17a6c:abperson.abcdp": {
    "app_sintetizada": "4BC5C67E9A334DE5A55E96EE82A17A6C:ABPERSON.ABCDP",
    "cantidad_archivos": 1,
    "archivos_fuente": [
      "Library/Application Support/AddressBook/Sources/09AE88BC-62E0-40DE-B231-E4067BB75204/Metadata/4BC5C67E-9A33-4DE5-A55E-96EE82A17A6C:ABPerson.abcdp"
    ],
    "ultima_modificacion": "2025-08-01 01:01:44.036231"
  },
  "95751be19a6e48339e998b3f12d86d74:abperson.abcdp": {
    "app_sintetizada": "95751BE19A6E48339E998B3F12D86D74:ABPERSON.ABCDP",
    "cantidad_archivos": 1,
    "archivos_fuente": [
      "Library/Application Support/AddressBook/Sources/09AE88BC-62E0-40DE-B231-E4067BB75204/Metadata/95751BE1-9A6E-4833-9E99-8B3F12D86D74:ABPerson.abcdp"
    ],
    "ultima_modificacion": "2025-08-01 01:01:44.036487"
  },
  "866c0b56bb0d4061afdc23a04872ebfe:abperson.abcdp": {
    "app_sintetizada": "866C0B56BB0D4061AFDC23A04872EBFE:ABPERSON.ABCDP",
    "cantidad_archivos": 1,
    "archivos_fuente": [
      "Library/Application Support/AddressBook/Sources/09AE88BC-62E0-40DE-B231-E4067BB75204/Metadata/866C0B56-BB0D-4061-AFDC-23A04872EBFE:ABPerson.abcdp"
    ],
    "ultima_modificacion": "2025-08-01 01:01:44.036824"
  },
  "81c7ede2eae747a98d4c06335833c329:abperson.abcdp": {
    "app_sintetizada": "81C7EDE2EAE747A98D4C06335833C329:ABPERSON.ABCDP",
    "cantidad_archivos": 1,
    "archivos_fuente": [
      "Library/Application Support/AddressBook/Sources/09AE88BC-62E0-40DE-B231-E4067BB75204/Metadata/81C7EDE2-EAE7-47A9-8D4C-06335833C329:ABPerson.abcdp"
    ],
    "ultima_modificacion": "2025-08-01 01:01:44.037135"
  },
  "07e5cfe9f18e4a278d99e0b45b2b8f4c:abperson.abcdp": {
    "app_sintetizada": "07E5CFE9F18E4A278D99E0B45B2B8F4C:ABPERSON.ABCDP",
    "cantidad_archivos": 1,
    "archivos_fuente": [
      "Library/Application Support/AddressBook/Sources/09AE88BC-62E0-40DE-B231-E4067BB75204/Metadata/07E5CFE9-F18E-4A27-8D99-E0B45B2B8F4C:ABPerson.abcdp"
    ],
    "ultima_modificacion": "2025-08-01 01:01:44.037435"
  },
  "a41b1e4763e144da8bf7080ddac33da3:abperson.abcdp": {
    "app_sintetizada": "A41B1E4763E144DA8BF7080DDAC33DA3:ABPERSON.ABCDP",
    "cantidad_archivos": 1,
    "archivos_fuente": [
      "Library/Application Support/AddressBook/Sources/09AE88BC-62E0-40DE-B231-E4067BB75204/Metadata/A41B1E47-63E1-44DA-8BF7-080DDAC33DA3:ABPerson.abcdp"
    ],
    "ultima_modificacion": "2025-08-01 01:01:44.037726"
  },
  "e9efbc8b3cdc4e5a8b7436059d6e106e:abperson.abcdp": {
    "app_sintetizada": "E9EFBC8B3CDC4E5A8B7436059D6E106E:ABPERSON.ABCDP",
    "cantidad_archivos": 1,
    "archivos_fuente": [
      "Library/Application Support/AddressBook/Sources/09AE88BC-62E0-40DE-B231-E4067BB75204/Metadata/E9EFBC8B-3CDC-4E5A-8B74-36059D6E106E:ABPerson.abcdp"
    ],
    "ultima_modificacion": "2025-08-01 01:01:44.038012"
  },
  "bc997cca1da249158960b3f6d55d2183:abperson.abcdp": {
    "app_sintetizada": "BC997CCA1DA249158960B3F6D55D2183:ABPERSON.ABCDP",
    "cantidad_archivos": 1,
    "archivos_fuente": [
      "Library/Application Support/AddressBook/Sources/09AE88BC-62E0-40DE-B231-E4067BB75204/Metadata/BC997CCA-1DA2-4915-8960-B3F6D55D2183:ABPerson.abcdp"
    ],
    "ultima_modificacion": "2025-08-01 01:01:44.038324"
  },
  "7969f2fad3eb46bf9add1cc0d91eb09a:abperson.abcdp": {
    "app_sintetizada": "7969F2FAD3EB46BF9ADD1CC0D91EB09A:ABPERSON.ABCDP",
    "cantidad_archivos": 1,
    "archivos_fuente": [
      "Library/Application Support/AddressBook/Sources/09AE88BC-62E0-40DE-B231-E4067BB75204/Metadata/7969F2FA-D3EB-46BF-9ADD-1CC0D91EB09A:ABPerson.abcdp"
    ],
    "ultima_modificacion": "2025-08-01 01:01:44.038674"
  },
  "18c044e8bdd246069568b79e13060165:abperson.abcdp": {
    "app_sintetizada": "18C044E8BDD246069568B79E13060165:ABPERSON.ABCDP",
    "cantidad_archivos": 1,
    "archivos_fuente": [
      "Library/Application Support/AddressBook/Sources/09AE88BC-62E0-40DE-B231-E4067BB75204/Metadata/18C044E8-BDD2-4606-9568-B79E13060165:ABPerson.abcdp"
    ],
    "ultima_modificacion": "2025-08-01 01:01:44.039053"
  },
  "76d1a7243aae48949b691ace1f20b12b:abperson.abcdp": {
    "app_sintetizada": "76D1A7243AAE48949B691ACE1F20B12B:ABPERSON.ABCDP",
    "cantidad_archivos": 1,
    "archivos_fuente": [
      "Library/Application Support/AddressBook/Sources/09AE88BC-62E0-40DE-B231-E4067BB75204/Metadata/76D1A724-3AAE-4894-9B69-1ACE1F20B12B:ABPerson.abcdp"
    ],
    "ultima_modificacion": "2025-08-01 01:01:44.039358"
  },
  "f71c252f5418459db7f4572e70c5a30d:abperson.abcdp": {
    "app_sintetizada": "F71C252F5418459DB7F4572E70C5A30D:ABPERSON.ABCDP",
    "cantidad_archivos": 1,
    "archivos_fuente": [
      "Library/Application Support/AddressBook/Sources/09AE88BC-62E0-40DE-B231-E4067BB75204/Metadata/F71C252F-5418-459D-B7F4-572E70C5A30D:ABPerson.abcdp"
    ],
    "ultima_modificacion": "2025-08-01 01:01:44.039714"
  },
  "a5c0f3c5581545c3b495d0aec2000609:abperson.abcdp": {
    "app_sintetizada": "A5C0F3C5581545C3B495D0AEC2000609:ABPERSON.ABCDP",
    "cantidad_archivos": 1,
    "archivos_fuente": [
      "Library/Application Support/AddressBook/Sources/09AE88BC-62E0-40DE-B231-E4067BB75204/Metadata/A5C0F3C5-5815-45C3-B495-D0AEC2000609:ABPerson.abcdp"
    ],
    "ultima_modificacion": "2025-08-01 01:01:44.040035"
  },
  "18a92e7b29a540f7a4221b7fa31651e3:abperson.abcdp": {
    "app_sintetizada": "18A92E7B29A540F7A4221B7FA31651E3:ABPERSON.ABCDP",
    "cantidad_archivos": 1,
    "archivos_fuente": [
      "Library/Application Support/AddressBook/Sources/09AE88BC-62E0-40DE-B231-E4067BB75204/Metadata/18A92E7B-29A5-40F7-A422-1B7FA31651E3:ABPerson.abcdp"
    ],
    "ultima_modificacion": "2025-08-01 01:01:44.040369"
  },
  "6f66c3f2f1fa43dba2aa4bd67e01635e:abperson.abcdp": {
    "app_sintetizada": "6F66C3F2F1FA43DBA2AA4BD67E01635E:ABPERSON.ABCDP",
    "cantidad_archivos": 1,
    "archivos_fuente": [
      "Library/Application Support/AddressBook/Sources/09AE88BC-62E0-40DE-B231-E4067BB75204/Metadata/6F66C3F2-F1FA-43DB-A2AA-4BD67E01635E:ABPerson.abcdp"
    ],
    "ultima_modificacion": "2025-08-01 01:01:44.040695"
  },
  "e612a4d0875b498f8c991bad222a0ed2:abperson.abcdp": {
    "app_sintetizada": "E612A4D0875B498F8C991BAD222A0ED2:ABPERSON.ABCDP",
    "cantidad_archivos": 1,
    "archivos_fuente": [
      "Library/Application Support/AddressBook/Sources/09AE88BC-62E0-40DE-B231-E4067BB75204/Metadata/E612A4D0-875B-498F-8C99-1BAD222A0ED2:ABPerson.abcdp"
    ],
    "ultima_modificacion": "2025-08-01 01:01:44.040984"
  },
  "d4900f74173f472aabd4c9d40f06c7e9:abperson.abcdp": {
    "app_sintetizada": "D4900F74173F472AABD4C9D40F06C7E9:ABPERSON.ABCDP",
    "cantidad_archivos": 1,
    "archivos_fuente": [
      "Library/Application Support/AddressBook/Sources/09AE88BC-62E0-40DE-B231-E4067BB75204/Metadata/D4900F74-173F-472A-ABD4-C9D40F06C7E9:ABPerson.abcdp"
    ],
    "ultima_modificacion": "2025-08-01 01:01:44.041260"
  },
  "6bc21fd932fe4b78a43e867ca79101ed:abperson.abcdp": {
    "app_sintetizada": "6BC21FD932FE4B78A43E867CA79101ED:ABPERSON.ABCDP",
    "cantidad_archivos": 1,
    "archivos_fuente": [
      "Library/Application Support/AddressBook/Sources/09AE88BC-62E0-40DE-B231-E4067BB75204/Metadata/6BC21FD9-32FE-4B78-A43E-867CA79101ED:ABPerson.abcdp"
    ],
    "ultima_modificacion": "2025-08-01 01:01:44.041550"
  },
  "e9e1d856c8e8495885f58ea40fcd1afe:abperson.abcdp": {
    "app_sintetizada": "E9E1D856C8E8495885F58EA40FCD1AFE:ABPERSON.ABCDP",
    "cantidad_archivos": 1,
    "archivos_fuente": [
      "Library/Application Support/AddressBook/Sources/09AE88BC-62E0-40DE-B231-E4067BB75204/Metadata/E9E1D856-C8E8-4958-85F5-8EA40FCD1AFE:ABPerson.abcdp"
    ],
    "ultima_modificacion": "2025-08-01 01:01:44.041871"
  },
  "19840f8317ec45a1a36e19d4bca5aed1:abperson.abcdp": {
    "app_sintetizada": "19840F8317EC45A1A36E19D4BCA5AED1:ABPERSON.ABCDP",
    "cantidad_archivos": 1,
    "archivos_fuente": [
      "Library/Application Support/AddressBook/Sources/09AE88BC-62E0-40DE-B231-E4067BB75204/Metadata/19840F83-17EC-45A1-A36E-19D4BCA5AED1:ABPerson.abcdp"
    ],
    "ultima_modificacion": "2025-08-01 01:01:44.042168"
  },
  "2d8a530358474280b7ddf828e97d5d22:abperson.abcdp": {
    "app_sintetizada": "2D8A530358474280B7DDF828E97D5D22:ABPERSON.ABCDP",
    "cantidad_archivos": 1,
    "archivos_fuente": [
      "Library/Application Support/AddressBook/Sources/09AE88BC-62E0-40DE-B231-E4067BB75204/Metadata/2D8A5303-5847-4280-B7DD-F828E97D5D22:ABPerson.abcdp"
    ],
    "ultima_modificacion": "2025-08-01 01:01:44.042447"
  },
  "8e7eebafa84340d7958a486312ff9714:abperson.abcdp": {
    "app_sintetizada": "8E7EEBAFA84340D7958A486312FF9714:ABPERSON.ABCDP",
    "cantidad_archivos": 1,
    "archivos_fuente": [
      "Library/Application Support/AddressBook/Sources/09AE88BC-62E0-40DE-B231-E4067BB75204/Metadata/8E7EEBAF-A843-40D7-958A-486312FF9714:ABPerson.abcdp"
    ],
    "ultima_modificacion": "2025-08-01 01:01:44.042761"
  },
  "bdeaf0344b7c4c1a89dbbff42e1c3bc2:abperson.abcdp": {
    "app_sintetizada": "BDEAF0344B7C4C1A89DBBFF42E1C3BC2:ABPERSON.ABCDP",
    "cantidad_archivos": 1,
    "archivos_fuente": [
      "Library/Application Support/AddressBook/Sources/09AE88BC-62E0-40DE-B231-E4067BB75204/Metadata/BDEAF034-4B7C-4C1A-89DB-BFF42E1C3BC2:ABPerson.abcdp"
    ],
    "ultima_modificacion": "2025-08-01 01:01:44.043071"
  },
  "ca34b8d7057b4039a44b601ae572de95:abperson.abcdp": {
    "app_sintetizada": "CA34B8D7057B4039A44B601AE572DE95:ABPERSON.ABCDP",
    "cantidad_archivos": 1,
    "archivos_fuente": [
      "Library/Application Support/AddressBook/Sources/09AE88BC-62E0-40DE-B231-E4067BB75204/Metadata/CA34B8D7-057B-4039-A44B-601AE572DE95:ABPerson.abcdp"
    ],
    "ultima_modificacion": "2025-08-01 01:01:44.043401"
  },
  "ad1efcbbec15448c99f802cc292a8b4c:abperson.abcdp": {
    "app_sintetizada": "AD1EFCBBEC15448C99F802CC292A8B4C:ABPERSON.ABCDP",
    "cantidad_archivos": 1,
    "archivos_fuente": [
      "Library/Application Support/AddressBook/Sources/09AE88BC-62E0-40DE-B231-E4067BB75204/Metadata/AD1EFCBB-EC15-448C-99F8-02CC292A8B4C:ABPerson.abcdp"
    ],
    "ultima_modificacion": "2025-08-01 01:01:44.043700"
  },
  "966f3ab48e9f4e21a798adfb1bf7b498:abperson.abcdp": {
    "app_sintetizada": "966F3AB48E9F4E21A798ADFB1BF7B498:ABPERSON.ABCDP",
    "cantidad_archivos": 1,
    "archivos_fuente": [
      "Library/Application Support/AddressBook/Sources/09AE88BC-62E0-40DE-B231-E4067BB75204/Metadata/966F3AB4-8E9F-4E21-A798-ADFB1BF7B498:ABPerson.abcdp"
    ],
    "ultima_modificacion": "2025-08-01 01:01:44.044022"
  },
  "c98cc0752e6a45dfaa198075d957ba40:abperson.abcdp": {
    "app_sintetizada": "C98CC0752E6A45DFAA198075D957BA40:ABPERSON.ABCDP",
    "cantidad_archivos": 1,
    "archivos_fuente": [
      "Library/Application Support/AddressBook/Sources/09AE88BC-62E0-40DE-B231-E4067BB75204/Metadata/C98CC075-2E6A-45DF-AA19-8075D957BA40:ABPerson.abcdp"
    ],
    "ultima_modificacion": "2025-08-01 01:01:44.044376"
  },
  "a3a3a55115514eef96ce98bc1298e376:abperson.abcdp": {
    "app_sintetizada": "A3A3A55115514EEF96CE98BC1298E376:ABPERSON.ABCDP",
    "cantidad_archivos": 1,
    "archivos_fuente": [
      "Library/Application Support/AddressBook/Sources/09AE88BC-62E0-40DE-B231-E4067BB75204/Metadata/A3A3A551-1551-4EEF-96CE-98BC1298E376:ABPerson.abcdp"
    ],
    "ultima_modificacion": "2025-08-01 01:01:44.044720"
  },
  "90c9c1bb4441416aab84a0b8a4ee58a7:abperson.abcdp": {
    "app_sintetizada": "90C9C1BB4441416AAB84A0B8A4EE58A7:ABPERSON.ABCDP",
    "cantidad_archivos": 1,
    "archivos_fuente": [
      "Library/Application Support/AddressBook/Sources/09AE88BC-62E0-40DE-B231-E4067BB75204/Metadata/90C9C1BB-4441-416A-AB84-A0B8A4EE58A7:ABPerson.abcdp"
    ],
    "ultima_modificacion": "2025-08-01 01:01:44.045018"
  },
  "335c7377016340058201a1f01464d776:abperson.abcdp": {
    "app_sintetizada": "335C7377016340058201A1F01464D776:ABPERSON.ABCDP",
    "cantidad_archivos": 1,
    "archivos_fuente": [
      "Library/Application Support/AddressBook/Sources/09AE88BC-62E0-40DE-B231-E4067BB75204/Metadata/335C7377-0163-4005-8201-A1F01464D776:ABPerson.abcdp"
    ],
    "ultima_modificacion": "2025-08-01 01:01:44.045316"
  },
  "f6d38b7a4d69494ba46561c11f7014b6:abperson.abcdp": {
    "app_sintetizada": "F6D38B7A4D69494BA46561C11F7014B6:ABPERSON.ABCDP",
    "cantidad_archivos": 1,
    "archivos_fuente": [
      "Library/Application Support/AddressBook/Sources/09AE88BC-62E0-40DE-B231-E4067BB75204/Metadata/F6D38B7A-4D69-494B-A465-61C11F7014B6:ABPerson.abcdp"
    ],
    "ultima_modificacion": "2025-08-01 01:01:44.045628"
  },
  "d0f00372ef934f64bb8688e201620321:abperson.abcdp": {
    "app_sintetizada": "D0F00372EF934F64BB8688E201620321:ABPERSON.ABCDP",
    "cantidad_archivos": 1,
    "archivos_fuente": [
      "Library/Application Support/AddressBook/Sources/09AE88BC-62E0-40DE-B231-E4067BB75204/Metadata/D0F00372-EF93-4F64-BB86-88E201620321:ABPerson.abcdp"
    ],
    "ultima_modificacion": "2025-08-01 01:01:44.045939"
  },
  "b835a57f902b4fcf83d7574dce69fede:abperson.abcdp": {
    "app_sintetizada": "B835A57F902B4FCF83D7574DCE69FEDE:ABPERSON.ABCDP",
    "cantidad_archivos": 1,
    "archivos_fuente": [
      "Library/Application Support/AddressBook/Sources/09AE88BC-62E0-40DE-B231-E4067BB75204/Metadata/B835A57F-902B-4FCF-83D7-574DCE69FEDE:ABPerson.abcdp"
    ],
    "ultima_modificacion": "2025-08-01 01:01:44.046267"
  },
  "e6b3313e84864f14b16768ee2648f890:abperson.abcdp": {
    "app_sintetizada": "E6B3313E84864F14B16768EE2648F890:ABPERSON.ABCDP",
    "cantidad_archivos": 1,
    "archivos_fuente": [
      "Library/Application Support/AddressBook/Sources/09AE88BC-62E0-40DE-B231-E4067BB75204/Metadata/E6B3313E-8486-4F14-B167-68EE2648F890:ABPerson.abcdp"
    ],
    "ultima_modificacion": "2025-08-01 01:01:44.046593"
  },
  "9a66b95ed8bb4210a43d842f534c5f6e:abperson.abcdp": {
    "app_sintetizada": "9A66B95ED8BB4210A43D842F534C5F6E:ABPERSON.ABCDP",
    "cantidad_archivos": 1,
    "archivos_fuente": [
      "Library/Application Support/AddressBook/Sources/09AE88BC-62E0-40DE-B231-E4067BB75204/Metadata/9A66B95E-D8BB-4210-A43D-842F534C5F6E:ABPerson.abcdp"
    ],
    "ultima_modificacion": "2025-08-01 01:01:44.046914"
  },
  "5685927183864495b60f2b57c1dbc457:abperson.abcdp": {
    "app_sintetizada": "5685927183864495B60F2B57C1DBC457:ABPERSON.ABCDP",
    "cantidad_archivos": 1,
    "archivos_fuente": [
      "Library/Application Support/AddressBook/Sources/09AE88BC-62E0-40DE-B231-E4067BB75204/Metadata/56859271-8386-4495-B60F-2B57C1DBC457:ABPerson.abcdp"
    ],
    "ultima_modificacion": "2025-08-01 01:01:44.047231"
  },
  "1df1a03d2ea842e5a4e561198ee5b39d:abperson.abcdp": {
    "app_sintetizada": "1DF1A03D2EA842E5A4E561198EE5B39D:ABPERSON.ABCDP",
    "cantidad_archivos": 1,
    "archivos_fuente": [
      "Library/Application Support/AddressBook/Sources/09AE88BC-62E0-40DE-B231-E4067BB75204/Metadata/1DF1A03D-2EA8-42E5-A4E5-61198EE5B39D:ABPerson.abcdp"
    ],
    "ultima_modificacion": "2025-08-01 01:01:44.047573"
  },
  "bd44d7c4c2a44007a5ce3055678130f0:abperson.abcdp": {
    "app_sintetizada": "BD44D7C4C2A44007A5CE3055678130F0:ABPERSON.ABCDP",
    "cantidad_archivos": 1,
    "archivos_fuente": [
      "Library/Application Support/AddressBook/Sources/09AE88BC-62E0-40DE-B231-E4067BB75204/Metadata/BD44D7C4-C2A4-4007-A5CE-3055678130F0:ABPerson.abcdp"
    ],
    "ultima_modificacion": "2025-08-01 01:01:44.047900"
  },
  "0c0beeda1c9441289b3557fabdef6856:abperson.abcdp": {
    "app_sintetizada": "0C0BEEDA1C9441289B3557FABDEF6856:ABPERSON.ABCDP",
    "cantidad_archivos": 1,
    "archivos_fuente": [
      "Library/Application Support/AddressBook/Sources/09AE88BC-62E0-40DE-B231-E4067BB75204/Metadata/0C0BEEDA-1C94-4128-9B35-57FABDEF6856:ABPerson.abcdp"
    ],
    "ultima_modificacion": "2025-08-01 01:01:44.048224"
  },
  "e1519e57f2c747ee9f1434925a6a6305:abperson.abcdp": {
    "app_sintetizada": "E1519E57F2C747EE9F1434925A6A6305:ABPERSON.ABCDP",
    "cantidad_archivos": 1,
    "archivos_fuente": [
      "Library/Application Support/AddressBook/Sources/09AE88BC-62E0-40DE-B231-E4067BB75204/Metadata/E1519E57-F2C7-47EE-9F14-34925A6A6305:ABPerson.abcdp"
    ],
    "ultima_modificacion": "2025-08-01 01:01:44.048525"
  },
  "38b1239cd12743fe89a74cb82d7bfc33:abperson.abcdp": {
    "app_sintetizada": "38B1239CD12743FE89A74CB82D7BFC33:ABPERSON.ABCDP",
    "cantidad_archivos": 1,
    "archivos_fuente": [
      "Library/Application Support/AddressBook/Sources/09AE88BC-62E0-40DE-B231-E4067BB75204/Metadata/38B1239C-D127-43FE-89A7-4CB82D7BFC33:ABPerson.abcdp"
    ],
    "ultima_modificacion": "2025-08-01 01:01:44.048844"
  },
  "5886168ccc814fe98a0fcead01a2fcb0:abperson.abcdp": {
    "app_sintetizada": "5886168CCC814FE98A0FCEAD01A2FCB0:ABPERSON.ABCDP",
    "cantidad_archivos": 1,
    "archivos_fuente": [
      "Library/Application Support/AddressBook/Sources/09AE88BC-62E0-40DE-B231-E4067BB75204/Metadata/5886168C-CC81-4FE9-8A0F-CEAD01A2FCB0:ABPerson.abcdp"
    ],
    "ultima_modificacion": "2025-08-01 01:01:44.049181"
  },
  "2c57bd78762a48a694a344e6b256db9f:abperson.abcdp": {
    "app_sintetizada": "2C57BD78762A48A694A344E6B256DB9F:ABPERSON.ABCDP",
    "cantidad_archivos": 1,
    "archivos_fuente": [
      "Library/Application Support/AddressBook/Sources/09AE88BC-62E0-40DE-B231-E4067BB75204/Metadata/2C57BD78-762A-48A6-94A3-44E6B256DB9F:ABPerson.abcdp"
    ],
    "ultima_modificacion": "2025-08-01 01:01:44.049550"
  },
  "d2f475c6a9934c84a9a501c21d6b554a:abperson.abcdp": {
    "app_sintetizada": "D2F475C6A9934C84A9A501C21D6B554A:ABPERSON.ABCDP",
    "cantidad_archivos": 1,
    "archivos_fuente": [
      "Library/Application Support/AddressBook/Sources/09AE88BC-62E0-40DE-B231-E4067BB75204/Metadata/D2F475C6-A993-4C84-A9A5-01C21D6B554A:ABPerson.abcdp"
    ],
    "ultima_modificacion": "2025-08-01 01:01:44.049888"
  },
  "abe791efa978451fa13fba6edca6c3e2:abperson.abcdp": {
    "app_sintetizada": "ABE791EFA978451FA13FBA6EDCA6C3E2:ABPERSON.ABCDP",
    "cantidad_archivos": 1,
    "archivos_fuente": [
      "Library/Application Support/AddressBook/Sources/09AE88BC-62E0-40DE-B231-E4067BB75204/Metadata/ABE791EF-A978-451F-A13F-BA6EDCA6C3E2:ABPerson.abcdp"
    ],
    "ultima_modificacion": "2025-08-01 01:01:44.050216"
  },
  "f2b0f10003344545b4082574d44dd8bf:abperson.abcdp": {
    "app_sintetizada": "F2B0F10003344545B4082574D44DD8BF:ABPERSON.ABCDP",
    "cantidad_archivos": 1,
    "archivos_fuente": [
      "Library/Application Support/AddressBook/Sources/09AE88BC-62E0-40DE-B231-E4067BB75204/Metadata/F2B0F100-0334-4545-B408-2574D44DD8BF:ABPerson.abcdp"
    ],
    "ultima_modificacion": "2025-08-01 01:01:44.050578"
  },
  "a4005d60c50b43798f730ed70d90a047:abperson.abcdp": {
    "app_sintetizada": "A4005D60C50B43798F730ED70D90A047:ABPERSON.ABCDP",
    "cantidad_archivos": 1,
    "archivos_fuente": [
      "Library/Application Support/AddressBook/Sources/09AE88BC-62E0-40DE-B231-E4067BB75204/Metadata/A4005D60-C50B-4379-8F73-0ED70D90A047:ABPerson.abcdp"
    ],
    "ultima_modificacion": "2025-08-01 01:01:44.050888"
  },
  "e48fe9a974214c2e8bb2a144b86e11cb:abperson.abcdp": {
    "app_sintetizada": "E48FE9A974214C2E8BB2A144B86E11CB:ABPERSON.ABCDP",
    "cantidad_archivos": 1,
    "archivos_fuente": [
      "Library/Application Support/AddressBook/Sources/09AE88BC-62E0-40DE-B231-E4067BB75204/Metadata/E48FE9A9-7421-4C2E-8BB2-A144B86E11CB:ABPerson.abcdp"
    ],
    "ultima_modificacion": "2025-08-01 01:01:44.051176"
  },
  "f20a6d5972b64753bafda082b134862a:abperson.abcdp": {
    "app_sintetizada": "F20A6D5972B64753BAFDA082B134862A:ABPERSON.ABCDP",
    "cantidad_archivos": 1,
    "archivos_fuente": [
      "Library/Application Support/AddressBook/Sources/09AE88BC-62E0-40DE-B231-E4067BB75204/Metadata/F20A6D59-72B6-4753-BAFD-A082B134862A:ABPerson.abcdp"
    ],
    "ultima_modificacion": "2025-08-01 01:01:44.051482"
  },
  "7f1543bc3bba4a3f9a4f20495fe28ae5:abperson.abcdp": {
    "app_sintetizada": "7F1543BC3BBA4A3F9A4F20495FE28AE5:ABPERSON.ABCDP",
    "cantidad_archivos": 1,
    "archivos_fuente": [
      "Library/Application Support/AddressBook/Sources/09AE88BC-62E0-40DE-B231-E4067BB75204/Metadata/7F1543BC-3BBA-4A3F-9A4F-20495FE28AE5:ABPerson.abcdp"
    ],
    "ultima_modificacion": "2025-08-01 01:01:44.051808"
  },
  "f4c792a5f4884cafb3bd108042630d4f:abperson.abcdp": {
    "app_sintetizada": "F4C792A5F4884CAFB3BD108042630D4F:ABPERSON.ABCDP",
    "cantidad_archivos": 1,
    "archivos_fuente": [
      "Library/Application Support/AddressBook/Sources/09AE88BC-62E0-40DE-B231-E4067BB75204/Metadata/F4C792A5-F488-4CAF-B3BD-108042630D4F:ABPerson.abcdp"
    ],
    "ultima_modificacion": "2025-08-01 01:01:44.052155"
  },
  "c15d6decc3c245dab49fa46c1648830b:abperson.abcdp": {
    "app_sintetizada": "C15D6DECC3C245DAB49FA46C1648830B:ABPERSON.ABCDP",
    "cantidad_archivos": 1,
    "archivos_fuente": [
      "Library/Application Support/AddressBook/Sources/09AE88BC-62E0-40DE-B231-E4067BB75204/Metadata/C15D6DEC-C3C2-45DA-B49F-A46C1648830B:ABPerson.abcdp"
    ],
    "ultima_modificacion": "2025-08-01 01:01:44.052471"
  },
  "959b2ff24b754ade95d10b2bfdc0339e:abperson.abcdp": {
    "app_sintetizada": "959B2FF24B754ADE95D10B2BFDC0339E:ABPERSON.ABCDP",
    "cantidad_archivos": 1,
    "archivos_fuente": [
      "Library/Application Support/AddressBook/Sources/09AE88BC-62E0-40DE-B231-E4067BB75204/Metadata/959B2FF2-4B75-4ADE-95D1-0B2BFDC0339E:ABPerson.abcdp"
    ],
    "ultima_modificacion": "2025-08-01 01:01:44.052779"
  },
  "b359b0ac23314a4397a8db9173b500ef:abperson.abcdp": {
    "app_sintetizada": "B359B0AC23314A4397A8DB9173B500EF:ABPERSON.ABCDP",
    "cantidad_archivos": 1,
    "archivos_fuente": [
      "Library/Application Support/AddressBook/Sources/09AE88BC-62E0-40DE-B231-E4067BB75204/Metadata/B359B0AC-2331-4A43-97A8-DB9173B500EF:ABPerson.abcdp"
    ],
    "ultima_modificacion": "2025-08-01 01:01:44.053090"
  },
  "d4f8162e792f4446a4857e778569af47:abperson.abcdp": {
    "app_sintetizada": "D4F8162E792F4446A4857E778569AF47:ABPERSON.ABCDP",
    "cantidad_archivos": 1,
    "archivos_fuente": [
      "Library/Application Support/AddressBook/Sources/09AE88BC-62E0-40DE-B231-E4067BB75204/Metadata/D4F8162E-792F-4446-A485-7E778569AF47:ABPerson.abcdp"
    ],
    "ultima_modificacion": "2025-08-01 01:01:44.053407"
  },
  "69a6073dd964414abb2c38cda5f4fbf2:abperson.abcdp": {
    "app_sintetizada": "69A6073DD964414ABB2C38CDA5F4FBF2:ABPERSON.ABCDP",
    "cantidad_archivos": 1,
    "archivos_fuente": [
      "Library/Application Support/AddressBook/Sources/09AE88BC-62E0-40DE-B231-E4067BB75204/Metadata/69A6073D-D964-414A-BB2C-38CDA5F4FBF2:ABPerson.abcdp"
    ],
    "ultima_modificacion": "2025-08-01 01:01:44.053718"
  },
  "6630acf5a9914e22af59bf09603ac3a9:abperson.abcdp": {
    "app_sintetizada": "6630ACF5A9914E22AF59BF09603AC3A9:ABPERSON.ABCDP",
    "cantidad_archivos": 1,
    "archivos_fuente": [
      "Library/Application Support/AddressBook/Sources/09AE88BC-62E0-40DE-B231-E4067BB75204/Metadata/6630ACF5-A991-4E22-AF59-BF09603AC3A9:ABPerson.abcdp"
    ],
    "ultima_modificacion": "2025-08-01 01:01:44.054031"
  },
  "b7af34a8f1f846d7bee5eb2ade58f243:abperson.abcdp": {
    "app_sintetizada": "B7AF34A8F1F846D7BEE5EB2ADE58F243:ABPERSON.ABCDP",
    "cantidad_archivos": 1,
    "archivos_fuente": [
      "Library/Application Support/AddressBook/Sources/09AE88BC-62E0-40DE-B231-E4067BB75204/Metadata/B7AF34A8-F1F8-46D7-BEE5-EB2ADE58F243:ABPerson.abcdp"
    ],
    "ultima_modificacion": "2025-08-01 01:01:44.054358"
  },
  "e2f96cc35ec94306b1552ad8198d802f:abperson.abcdp": {
    "app_sintetizada": "E2F96CC35EC94306B1552AD8198D802F:ABPERSON.ABCDP",
    "cantidad_archivos": 1,
    "archivos_fuente": [
      "Library/Application Support/AddressBook/Sources/09AE88BC-62E0-40DE-B231-E4067BB75204/Metadata/E2F96CC3-5EC9-4306-B155-2AD8198D802F:ABPerson.abcdp"
    ],
    "ultima_modificacion": "2025-08-01 01:01:44.054699"
  },
  "42950cd4944a456eb60668e01708ebc5:abperson.abcdp": {
    "app_sintetizada": "42950CD4944A456EB60668E01708EBC5:ABPERSON.ABCDP",
    "cantidad_archivos": 1,
    "archivos_fuente": [
      "Library/Application Support/AddressBook/Sources/09AE88BC-62E0-40DE-B231-E4067BB75204/Metadata/42950CD4-944A-456E-B606-68E01708EBC5:ABPerson.abcdp"
    ],
    "ultima_modificacion": "2025-08-01 01:01:44.055012"
  },
  "e4fa54f4105f4f94aeb5f92d46912922:abperson.abcdp": {
    "app_sintetizada": "E4FA54F4105F4F94AEB5F92D46912922:ABPERSON.ABCDP",
    "cantidad_archivos": 1,
    "archivos_fuente": [
      "Library/Application Support/AddressBook/Sources/09AE88BC-62E0-40DE-B231-E4067BB75204/Metadata/E4FA54F4-105F-4F94-AEB5-F92D46912922:ABPerson.abcdp"
    ],
    "ultima_modificacion": "2025-08-01 01:01:44.055332"
  },
  "895d3ffd1dff43b79371112d268d661e:abperson.abcdp": {
    "app_sintetizada": "895D3FFD1DFF43B79371112D268D661E:ABPERSON.ABCDP",
    "cantidad_archivos": 1,
    "archivos_fuente": [
      "Library/Application Support/AddressBook/Sources/09AE88BC-62E0-40DE-B231-E4067BB75204/Metadata/895D3FFD-1DFF-43B7-9371-112D268D661E:ABPerson.abcdp"
    ],
    "ultima_modificacion": "2025-08-01 01:01:44.055621"
  },
  "38ed40bcba564ef5bea509e49331c997:abperson.abcdp": {
    "app_sintetizada": "38ED40BCBA564EF5BEA509E49331C997:ABPERSON.ABCDP",
    "cantidad_archivos": 1,
    "archivos_fuente": [
      "Library/Application Support/AddressBook/Sources/09AE88BC-62E0-40DE-B231-E4067BB75204/Metadata/38ED40BC-BA56-4EF5-BEA5-09E49331C997:ABPerson.abcdp"
    ],
    "ultima_modificacion": "2025-08-01 01:01:44.055927"
  },
  "e8a596bb82264edab63939df69fd8bd1:abperson.abcdp": {
    "app_sintetizada": "E8A596BB82264EDAB63939DF69FD8BD1:ABPERSON.ABCDP",
    "cantidad_archivos": 1,
    "archivos_fuente": [
      "Library/Application Support/AddressBook/Sources/09AE88BC-62E0-40DE-B231-E4067BB75204/Metadata/E8A596BB-8226-4EDA-B639-39DF69FD8BD1:ABPerson.abcdp"
    ],
    "ultima_modificacion": "2025-08-01 01:01:44.056235"
  },
  "863a94f2cf41482fb3add535eeafcb6c:abperson.abcdp": {
    "app_sintetizada": "863A94F2CF41482FB3ADD535EEAFCB6C:ABPERSON.ABCDP",
    "cantidad_archivos": 1,
    "archivos_fuente": [
      "Library/Application Support/AddressBook/Sources/09AE88BC-62E0-40DE-B231-E4067BB75204/Metadata/863A94F2-CF41-482F-B3AD-D535EEAFCB6C:ABPerson.abcdp"
    ],
    "ultima_modificacion": "2025-08-01 01:01:44.056562"
  },
  "5dcb016b22114e0f8f689e41b4d95dfa:abperson.abcdp": {
    "app_sintetizada": "5DCB016B22114E0F8F689E41B4D95DFA:ABPERSON.ABCDP",
    "cantidad_archivos": 1,
    "archivos_fuente": [
      "Library/Application Support/AddressBook/Sources/09AE88BC-62E0-40DE-B231-E4067BB75204/Metadata/5DCB016B-2211-4E0F-8F68-9E41B4D95DFA:ABPerson.abcdp"
    ],
    "ultima_modificacion": "2025-08-01 01:01:44.056868"
  }
}