{
  "ff6564a800b289060": {
    "app_sintetizada": "FF6564A800B289060",
    "cantidad_archivos": 1,
    "archivos_fuente": [
      "Library/Caches/Google/Chrome/Default/Cache/Cache_Data/ff6564a800b28906_0"
    ],
    "ultima_modificacion": "2025-08-01 01:01:58.812566"
  },
  "4e81d429459e494e0": {
    "app_sintetizada": "4E81D429459E494E0",
    "cantidad_archivos": 1,
    "archivos_fuente": [
      "Library/Caches/Google/Chrome/Default/Cache/Cache_Data/4e81d429459e494e_0"
    ],
    "ultima_modificacion": "2025-08-01 01:01:58.812854"
  },
  "aa6bbb1097f882fa0": {
    "app_sintetizada": "AA6BBB1097F882FA0",
    "cantidad_archivos": 1,
    "archivos_fuente": [
      "Library/Caches/Google/Chrome/Default/Cache/Cache_Data/aa6bbb1097f882fa_0"
    ],
    "ultima_modificacion": "2025-08-01 01:01:58.813168"
  },
  "d810e30bde8777dc0": {
    "app_sintetizada": "D810E30BDE8777DC0",
    "cantidad_archivos": 1,
    "archivos_fuente": [
      "Library/Caches/Google/Chrome/Default/Cache/Cache_Data/d810e30bde8777dc_0"
    ],
    "ultima_modificacion": "2025-08-01 01:01:58.813484"
  },
  "a059a1140f9fb35e0": {
    "app_sintetizada": "A059A1140F9FB35E0",
    "cantidad_archivos": 1,
    "archivos_fuente": [
      "Library/Caches/Google/Chrome/Default/Cache/Cache_Data/a059a1140f9fb35e_0"
    ],
    "ultima_modificacion": "2025-08-01 01:01:58.813812"
  },
  "bbd969babd5a434b0": {
    "app_sintetizada": "BBD969BABD5A434B0",
    "cantidad_archivos": 1,
    "archivos_fuente": [
      "Library/Caches/Google/Chrome/Default/Cache/Cache_Data/bbd969babd5a434b_0"
    ],
    "ultima_modificacion": "2025-08-01 01:01:58.814082"
  },
  "4b6884895dea15420": {
    "app_sintetizada": "4B6884895DEA15420",
    "cantidad_archivos": 1,
    "archivos_fuente": [
      "Library/Caches/Google/Chrome/Default/Cache/Cache_Data/4b6884895dea1542_0"
    ],
    "ultima_modificacion": "2025-08-01 01:01:58.814322"
  },
  "f773d725886c4e9c0": {
    "app_sintetizada": "F773D725886C4E9C0",
    "cantidad_archivos": 1,
    "archivos_fuente": [
      "Library/Caches/Google/Chrome/Default/Cache/Cache_Data/f773d725886c4e9c_0"
    ],
    "ultima_modificacion": "2025-08-01 01:01:58.814554"
  },
  "dec0f0c6835263110": {
    "app_sintetizada": "DEC0F0C6835263110",
    "cantidad_archivos": 1,
    "archivos_fuente": [
      "Library/Caches/Google/Chrome/Default/Cache/Cache_Data/dec0f0c683526311_0"
    ],
    "ultima_modificacion": "2025-08-01 01:01:58.814776"
  },
  "53faa396d98e0ce30": {
    "app_sintetizada": "53FAA396D98E0CE30",
    "cantidad_archivos": 1,
    "archivos_fuente": [
      "Library/Caches/Google/Chrome/Default/Cache/Cache_Data/53faa396d98e0ce3_0"
    ],
    "ultima_modificacion": "2025-08-01 01:01:58.815031"
  },
  "9864963b9e17a1710": {
    "app_sintetizada": "9864963B9E17A1710",
    "cantidad_archivos": 1,
    "archivos_fuente": [
      "Library/Caches/Google/Chrome/Default/Cache/Cache_Data/9864963b9e17a171_0"
    ],
    "ultima_modificacion": "2025-08-01 01:01:58.815275"
  },
  "330d3ead4995d5aa0": {
    "app_sintetizada": "330D3EAD4995D5AA0",
    "cantidad_archivos": 1,
    "archivos_fuente": [
      "Library/Caches/Google/Chrome/Default/Cache/Cache_Data/330d3ead4995d5aa_0"
    ],
    "ultima_modificacion": "2025-08-01 01:01:58.815514"
  },
  "cdf5db48f6d081330": {
    "app_sintetizada": "CDF5DB48F6D081330",
    "cantidad_archivos": 1,
    "archivos_fuente": [
      "Library/Caches/Google/Chrome/Default/Cache/Cache_Data/cdf5db48f6d08133_0"
    ],
    "ultima_modificacion": "2025-08-01 01:01:58.815998"
  },
  "9a2220a543853a610": {
    "app_sintetizada": "9A2220A543853A610",
    "cantidad_archivos": 1,
    "archivos_fuente": [
      "Library/Caches/Google/Chrome/Default/Cache/Cache_Data/9a2220a543853a61_0"
    ],
    "ultima_modificacion": "2025-08-01 01:01:58.816313"
  },
  "47578e0499ff89760": {
    "app_sintetizada": "47578E0499FF89760",
    "cantidad_archivos": 1,
    "archivos_fuente": [
      "Library/Caches/Google/Chrome/Default/Cache/Cache_Data/47578e0499ff8976_0"
    ],
    "ultima_modificacion": "2025-08-01 01:01:58.816641"
  },
  "f4d82bdb0d2a21ec0": {
    "app_sintetizada": "F4D82BDB0D2A21EC0",
    "cantidad_archivos": 1,
    "archivos_fuente": [
      "Library/Caches/Google/Chrome/Default/Cache/Cache_Data/f4d82bdb0d2a21ec_0"
    ],
    "ultima_modificacion": "2025-08-01 01:01:58.816925"
  },
  "95f4e5bcbc69bf0b0": {
    "app_sintetizada": "95F4E5BCBC69BF0B0",
    "cantidad_archivos": 1,
    "archivos_fuente": [
      "Library/Caches/Google/Chrome/Default/Cache/Cache_Data/95f4e5bcbc69bf0b_0"
    ],
    "ultima_modificacion": "2025-08-01 01:01:58.817189"
  },
  "93b60105470f37110": {
    "app_sintetizada": "93B60105470F37110",
    "cantidad_archivos": 1,
    "archivos_fuente": [
      "Library/Caches/Google/Chrome/Default/Cache/Cache_Data/93b60105470f3711_0"
    ],
    "ultima_modificacion": "2025-08-01 01:01:58.817454"
  },
  "d525e9a97f21fda30": {
    "app_sintetizada": "D525E9A97F21FDA30",
    "cantidad_archivos": 1,
    "archivos_fuente": [
      "Library/Caches/Google/Chrome/Default/Cache/Cache_Data/d525e9a97f21fda3_0"
    ],
    "ultima_modificacion": "2025-08-01 01:01:58.817781"
  },
  "366acce746c530200": {
    "app_sintetizada": "366ACCE746C530200",
    "cantidad_archivos": 1,
    "archivos_fuente": [
      "Library/Caches/Google/Chrome/Default/Cache/Cache_Data/366acce746c53020_0"
    ],
    "ultima_modificacion": "2025-08-01 01:01:58.818061"
  },
  "d023c702868772550": {
    "app_sintetizada": "D023C702868772550",
    "cantidad_archivos": 1,
    "archivos_fuente": [
      "Library/Caches/Google/Chrome/Default/Cache/Cache_Data/d023c70286877255_0"
    ],
    "ultima_modificacion": "2025-08-01 01:01:58.818290"
  },
  "a6a238240847c2bc0": {
    "app_sintetizada": "A6A238240847C2BC0",
    "cantidad_archivos": 1,
    "archivos_fuente": [
      "Library/Caches/Google/Chrome/Default/Cache/Cache_Data/a6a238240847c2bc_0"
    ],
    "ultima_modificacion": "2025-08-01 01:01:58.818520"
  },
  "080b36fbf65949e90": {
    "app_sintetizada": "080B36FBF65949E90",
    "cantidad_archivos": 1,
    "archivos_fuente": [
      "Library/Caches/Google/Chrome/Default/Cache/Cache_Data/080b36fbf65949e9_0"
    ],
    "ultima_modificacion": "2025-08-01 01:01:58.818781"
  },
  "9ec9e11e9b130b270": {
    "app_sintetizada": "9EC9E11E9B130B270",
    "cantidad_archivos": 1,
    "archivos_fuente": [
      "Library/Caches/Google/Chrome/Default/Cache/Cache_Data/9ec9e11e9b130b27_0"
    ],
    "ultima_modificacion": "2025-08-01 01:01:58.819031"
  },
  "831a93bc1efe8ff20": {
    "app_sintetizada": "831A93BC1EFE8FF20",
    "cantidad_archivos": 1,
    "archivos_fuente": [
      "Library/Caches/Google/Chrome/Default/Cache/Cache_Data/831a93bc1efe8ff2_0"
    ],
    "ultima_modificacion": "2025-08-01 01:01:58.819368"
  },
  "decea364287547260": {
    "app_sintetizada": "DECEA364287547260",
    "cantidad_archivos": 1,
    "archivos_fuente": [
      "Library/Caches/Google/Chrome/Default/Cache/Cache_Data/decea36428754726_0"
    ],
    "ultima_modificacion": "2025-08-01 01:01:58.819592"
  },
  "79295407ce6cbfe30": {
    "app_sintetizada": "79295407CE6CBFE30",
    "cantidad_archivos": 1,
    "archivos_fuente": [
      "Library/Caches/Google/Chrome/Default/Cache/Cache_Data/79295407ce6cbfe3_0"
    ],
    "ultima_modificacion": "2025-08-01 01:01:58.819802"
  },
  "80bdbf1b47f1864a0": {
    "app_sintetizada": "80BDBF1B47F1864A0",
    "cantidad_archivos": 1,
    "archivos_fuente": [
      "Library/Caches/Google/Chrome/Default/Cache/Cache_Data/80bdbf1b47f1864a_0"
    ],
    "ultima_modificacion": "2025-08-01 01:01:58.820007"
  },
  "c4ffa7d3ce58eead0": {
    "app_sintetizada": "C4FFA7D3CE58EEAD0",
    "cantidad_archivos": 1,
    "archivos_fuente": [
      "Library/Caches/Google/Chrome/Default/Cache/Cache_Data/c4ffa7d3ce58eead_0"
    ],
    "ultima_modificacion": "2025-08-01 01:01:58.820197"
  },
  "33e2a6e01e11e3a00": {
    "app_sintetizada": "33E2A6E01E11E3A00",
    "cantidad_archivos": 1,
    "archivos_fuente": [
      "Library/Caches/Google/Chrome/Default/Cache/Cache_Data/33e2a6e01e11e3a0_0"
    ],
    "ultima_modificacion": "2025-08-01 01:01:58.820452"
  },
  "368e3dcdee8931160": {
    "app_sintetizada": "368E3DCDEE8931160",
    "cantidad_archivos": 1,
    "archivos_fuente": [
      "Library/Caches/Google/Chrome/Default/Cache/Cache_Data/368e3dcdee893116_0"
    ],
    "ultima_modificacion": "2025-08-01 01:01:58.820778"
  },
  "8977d915dea94e7cs": {
    "app_sintetizada": "8977D915DEA94E7CS",
    "cantidad_archivos": 1,
    "archivos_fuente": [
      "Library/Caches/Google/Chrome/Default/Cache/Cache_Data/8977d915dea94e7c_s"
    ],
    "ultima_modificacion": "2025-08-01 01:01:58.821038"
  },
  "1a0f73629989a4040": {
    "app_sintetizada": "1A0F73629989A4040",
    "cantidad_archivos": 1,
    "archivos_fuente": [
      "Library/Caches/Google/Chrome/Default/Cache/Cache_Data/1a0f73629989a404_0"
    ],
    "ultima_modificacion": "2025-08-01 01:01:58.821294"
  },
  "6a5139bc985a70bd0": {
    "app_sintetizada": "6A5139BC985A70BD0",
    "cantidad_archivos": 1,
    "archivos_fuente": [
      "Library/Caches/Google/Chrome/Default/Cache/Cache_Data/6a5139bc985a70bd_0"
    ],
    "ultima_modificacion": "2025-08-01 01:01:58.821552"
  },
  "a507ccb4dad0d8690": {
    "app_sintetizada": "A507CCB4DAD0D8690",
    "cantidad_archivos": 1,
    "archivos_fuente": [
      "Library/Caches/Google/Chrome/Default/Cache/Cache_Data/a507ccb4dad0d869_0"
    ],
    "ultima_modificacion": "2025-08-01 01:01:58.821853"
  },
  "c44fa6d3a138db730": {
    "app_sintetizada": "C44FA6D3A138DB730",
    "cantidad_archivos": 1,
    "archivos_fuente": [
      "Library/Caches/Google/Chrome/Default/Cache/Cache_Data/c44fa6d3a138db73_0"
    ],
    "ultima_modificacion": "2025-08-01 01:01:58.822116"
  },
  "a543db6af31c3d5f0": {
    "app_sintetizada": "A543DB6AF31C3D5F0",
    "cantidad_archivos": 1,
    "archivos_fuente": [
      "Library/Caches/Google/Chrome/Default/Cache/Cache_Data/a543db6af31c3d5f_0"
    ],
    "ultima_modificacion": "2025-08-01 01:01:58.822370"
  },
  "903e0e5da14ce8ea0": {
    "app_sintetizada": "903E0E5DA14CE8EA0",
    "cantidad_archivos": 1,
    "archivos_fuente": [
      "Library/Caches/Google/Chrome/Default/Cache/Cache_Data/903e0e5da14ce8ea_0"
    ],
    "ultima_modificacion": "2025-08-01 01:01:58.822625"
  },
  "79246515039885050": {
    "app_sintetizada": "79246515039885050",
    "cantidad_archivos": 1,
    "archivos_fuente": [
      "Library/Caches/Google/Chrome/Default/Cache/Cache_Data/7924651503988505_0"
    ],
    "ultima_modificacion": "2025-08-01 01:01:58.822978"
  },
  "bcc56842fe9468db0": {
    "app_sintetizada": "BCC56842FE9468DB0",
    "cantidad_archivos": 1,
    "archivos_fuente": [
      "Library/Caches/Google/Chrome/Default/Cache/Cache_Data/bcc56842fe9468db_0"
    ],
    "ultima_modificacion": "2025-08-01 01:01:58.823346"
  },
  "63b35fff688b7a0a0": {
    "app_sintetizada": "63B35FFF688B7A0A0",
    "cantidad_archivos": 1,
    "archivos_fuente": [
      "Library/Caches/Google/Chrome/Default/Cache/Cache_Data/63b35fff688b7a0a_0"
    ],
    "ultima_modificacion": "2025-08-01 01:01:58.823620"
  },
  "499a4654661d487a0": {
    "app_sintetizada": "499A4654661D487A0",
    "cantidad_archivos": 1,
    "archivos_fuente": [
      "Library/Caches/Google/Chrome/Default/Cache/Cache_Data/499a4654661d487a_0"
    ],
    "ultima_modificacion": "2025-08-01 01:01:58.823877"
  },
  "1be704edb65535820": {
    "app_sintetizada": "1BE704EDB65535820",
    "cantidad_archivos": 1,
    "archivos_fuente": [
      "Library/Caches/Google/Chrome/Default/Cache/Cache_Data/1be704edb6553582_0"
    ],
    "ultima_modificacion": "2025-08-01 01:01:58.824215"
  },
  "94beb479f39473230": {
    "app_sintetizada": "94BEB479F39473230",
    "cantidad_archivos": 1,
    "archivos_fuente": [
      "Library/Caches/Google/Chrome/Default/Cache/Cache_Data/94beb479f3947323_0"
    ],
    "ultima_modificacion": "2025-08-01 01:01:58.824446"
  },
  "c85202a7a320b2bf0": {
    "app_sintetizada": "C85202A7A320B2BF0",
    "cantidad_archivos": 1,
    "archivos_fuente": [
      "Library/Caches/Google/Chrome/Default/Cache/Cache_Data/c85202a7a320b2bf_0"
    ],
    "ultima_modificacion": "2025-08-01 01:01:58.824681"
  },
  "d751b7f4678e9e900": {
    "app_sintetizada": "D751B7F4678E9E900",
    "cantidad_archivos": 1,
    "archivos_fuente": [
      "Library/Caches/Google/Chrome/Default/Cache/Cache_Data/d751b7f4678e9e90_0"
    ],
    "ultima_modificacion": "2025-08-01 01:01:58.824937"
  },
  "6cfa72609f7a1f060": {
    "app_sintetizada": "6CFA72609F7A1F060",
    "cantidad_archivos": 1,
    "archivos_fuente": [
      "Library/Caches/Google/Chrome/Default/Cache/Cache_Data/6cfa72609f7a1f06_0"
    ],
    "ultima_modificacion": "2025-08-01 01:01:58.825296"
  },
  "4c10dd1aed0505280": {
    "app_sintetizada": "4C10DD1AED0505280",
    "cantidad_archivos": 1,
    "archivos_fuente": [
      "Library/Caches/Google/Chrome/Default/Cache/Cache_Data/4c10dd1aed050528_0"
    ],
    "ultima_modificacion": "2025-08-01 01:01:58.825633"
  },
  "d874496ece74b99d0": {
    "app_sintetizada": "D874496ECE74B99D0",
    "cantidad_archivos": 1,
    "archivos_fuente": [
      "Library/Caches/Google/Chrome/Default/Cache/Cache_Data/d874496ece74b99d_0"
    ],
    "ultima_modificacion": "2025-08-01 01:01:58.825902"
  },
  "345fac96e9809cda0": {
    "app_sintetizada": "345FAC96E9809CDA0",
    "cantidad_archivos": 1,
    "archivos_fuente": [
      "Library/Caches/Google/Chrome/Default/Cache/Cache_Data/345fac96e9809cda_0"
    ],
    "ultima_modificacion": "2025-08-01 01:01:58.826152"
  },
  "fb376716c03cb4040": {
    "app_sintetizada": "FB376716C03CB4040",
    "cantidad_archivos": 1,
    "archivos_fuente": [
      "Library/Caches/Google/Chrome/Default/Cache/Cache_Data/fb376716c03cb404_0"
    ],
    "ultima_modificacion": "2025-08-01 01:01:58.826437"
  },
  "07b6bfc4a517339a0": {
    "app_sintetizada": "07B6BFC4A517339A0",
    "cantidad_archivos": 1,
    "archivos_fuente": [
      "Library/Caches/Google/Chrome/Default/Cache/Cache_Data/07b6bfc4a517339a_0"
    ],
    "ultima_modificacion": "2025-08-01 01:01:58.826741"
  },
  "7e77e83ea421849c0": {
    "app_sintetizada": "7E77E83EA421849C0",
    "cantidad_archivos": 1,
    "archivos_fuente": [
      "Library/Caches/Google/Chrome/Default/Cache/Cache_Data/7e77e83ea421849c_0"
    ],
    "ultima_modificacion": "2025-08-01 01:01:58.826981"
  },
  "927d608e54eb711e0": {
    "app_sintetizada": "927D608E54EB711E0",
    "cantidad_archivos": 1,
    "archivos_fuente": [
      "Library/Caches/Google/Chrome/Default/Cache/Cache_Data/927d608e54eb711e_0"
    ],
    "ultima_modificacion": "2025-08-01 01:01:58.827197"
  },
  "5bf0502b410f7c6e0": {
    "app_sintetizada": "5BF0502B410F7C6E0",
    "cantidad_archivos": 1,
    "archivos_fuente": [
      "Library/Caches/Google/Chrome/Default/Cache/Cache_Data/5bf0502b410f7c6e_0"
    ],
    "ultima_modificacion": "2025-08-01 01:01:58.827404"
  },
  "23cf54c396d279360": {
    "app_sintetizada": "23CF54C396D279360",
    "cantidad_archivos": 1,
    "archivos_fuente": [
      "Library/Caches/Google/Chrome/Default/Cache/Cache_Data/23cf54c396d27936_0"
    ],
    "ultima_modificacion": "2025-08-01 01:01:58.827608"
  },
  "ef6034c437a7193e0": {
    "app_sintetizada": "EF6034C437A7193E0",
    "cantidad_archivos": 1,
    "archivos_fuente": [
      "Library/Caches/Google/Chrome/Default/Cache/Cache_Data/ef6034c437a7193e_0"
    ],
    "ultima_modificacion": "2025-08-01 01:01:58.827801"
  },
  "f80285fb35f0adfc0": {
    "app_sintetizada": "F80285FB35F0ADFC0",
    "cantidad_archivos": 1,
    "archivos_fuente": [
      "Library/Caches/Google/Chrome/Default/Cache/Cache_Data/f80285fb35f0adfc_0"
    ],
    "ultima_modificacion": "2025-08-01 01:01:58.828023"
  },
  "a995373e161f492b0": {
    "app_sintetizada": "A995373E161F492B0",
    "cantidad_archivos": 1,
    "archivos_fuente": [
      "Library/Caches/Google/Chrome/Default/Cache/Cache_Data/a995373e161f492b_0"
    ],
    "ultima_modificacion": "2025-08-01 01:01:58.828283"
  },
  "3ed97be42bb3fba20": {
    "app_sintetizada": "3ED97BE42BB3FBA20",
    "cantidad_archivos": 1,
    "archivos_fuente": [
      "Library/Caches/Google/Chrome/Default/Cache/Cache_Data/3ed97be42bb3fba2_0"
    ],
    "ultima_modificacion": "2025-08-01 01:01:58.828509"
  },
  "a301d2d28203c45f0": {
    "app_sintetizada": "A301D2D28203C45F0",
    "cantidad_archivos": 1,
    "archivos_fuente": [
      "Library/Caches/Google/Chrome/Default/Cache/Cache_Data/a301d2d28203c45f_0"
    ],
    "ultima_modificacion": "2025-08-01 01:01:58.828715"
  },
  "85fed9d79f89a3af0": {
    "app_sintetizada": "85FED9D79F89A3AF0",
    "cantidad_archivos": 1,
    "archivos_fuente": [
      "Library/Caches/Google/Chrome/Default/Cache/Cache_Data/85fed9d79f89a3af_0"
    ],
    "ultima_modificacion": "2025-08-01 01:01:58.828914"
  },
  "5436fd10fd9af1d20": {
    "app_sintetizada": "5436FD10FD9AF1D20",
    "cantidad_archivos": 1,
    "archivos_fuente": [
      "Library/Caches/Google/Chrome/Default/Cache/Cache_Data/5436fd10fd9af1d2_0"
    ],
    "ultima_modificacion": "2025-08-01 01:01:58.829102"
  },
  "f6a687bcfc58f4da0": {
    "app_sintetizada": "F6A687BCFC58F4DA0",
    "cantidad_archivos": 1,
    "archivos_fuente": [
      "Library/Caches/Google/Chrome/Default/Cache/Cache_Data/f6a687bcfc58f4da_0"
    ],
    "ultima_modificacion": "2025-08-01 01:01:58.829288"
  },
  "21ae62457def25f00": {
    "app_sintetizada": "21AE62457DEF25F00",
    "cantidad_archivos": 1,
    "archivos_fuente": [
      "Library/Caches/Google/Chrome/Default/Cache/Cache_Data/21ae62457def25f0_0"
    ],
    "ultima_modificacion": "2025-08-01 01:01:58.829474"
  },
  "1719d19871d892020": {
    "app_sintetizada": "1719D19871D892020",
    "cantidad_archivos": 1,
    "archivos_fuente": [
      "Library/Caches/Google/Chrome/Default/Cache/Cache_Data/1719d19871d89202_0"
    ],
    "ultima_modificacion": "2025-08-01 01:01:58.829662"
  },
  "b75434bf5fb73b6c0": {
    "app_sintetizada": "B75434BF5FB73B6C0",
    "cantidad_archivos": 1,
    "archivos_fuente": [
      "Library/Caches/Google/Chrome/Default/Cache/Cache_Data/b75434bf5fb73b6c_0"
    ],
    "ultima_modificacion": "2025-08-01 01:01:58.829939"
  },
  "da1a9056d606a1370": {
    "app_sintetizada": "DA1A9056D606A1370",
    "cantidad_archivos": 1,
    "archivos_fuente": [
      "Library/Caches/Google/Chrome/Default/Cache/Cache_Data/da1a9056d606a137_0"
    ],
    "ultima_modificacion": "2025-08-01 01:01:58.830245"
  },
  "202ba50cbefb15b60": {
    "app_sintetizada": "202BA50CBEFB15B60",
    "cantidad_archivos": 1,
    "archivos_fuente": [
      "Library/Caches/Google/Chrome/Default/Cache/Cache_Data/202ba50cbefb15b6_0"
    ],
    "ultima_modificacion": "2025-08-01 01:01:58.830555"
  },
  "3a72ae2d2adae8570": {
    "app_sintetizada": "3A72AE2D2ADAE8570",
    "cantidad_archivos": 1,
    "archivos_fuente": [
      "Library/Caches/Google/Chrome/Default/Cache/Cache_Data/3a72ae2d2adae857_0"
    ],
    "ultima_modificacion": "2025-08-01 01:01:58.830830"
  },
  "fad5d4bcf8ef482c0": {
    "app_sintetizada": "FAD5D4BCF8EF482C0",
    "cantidad_archivos": 1,
    "archivos_fuente": [
      "Library/Caches/Google/Chrome/Default/Cache/Cache_Data/fad5d4bcf8ef482c_0"
    ],
    "ultima_modificacion": "2025-08-01 01:01:58.831125"
  },
  "3ef261394d7dcdaa0": {
    "app_sintetizada": "3EF261394D7DCDAA0",
    "cantidad_archivos": 1,
    "archivos_fuente": [
      "Library/Caches/Google/Chrome/Default/Cache/Cache_Data/3ef261394d7dcdaa_0"
    ],
    "ultima_modificacion": "2025-08-01 01:01:58.831359"
  },
  "952f206c43732acb0": {
    "app_sintetizada": "952F206C43732ACB0",
    "cantidad_archivos": 1,
    "archivos_fuente": [
      "Library/Caches/Google/Chrome/Default/Cache/Cache_Data/952f206c43732acb_0"
    ],
    "ultima_modificacion": "2025-08-01 01:01:58.831596"
  },
  "d7cfc20fa2b282a30": {
    "app_sintetizada": "D7CFC20FA2B282A30",
    "cantidad_archivos": 1,
    "archivos_fuente": [
      "Library/Caches/Google/Chrome/Default/Cache/Cache_Data/d7cfc20fa2b282a3_0"
    ],
    "ultima_modificacion": "2025-08-01 01:01:58.831855"
  },
  "5316abc60d1dacda0": {
    "app_sintetizada": "5316ABC60D1DACDA0",
    "cantidad_archivos": 1,
    "archivos_fuente": [
      "Library/Caches/Google/Chrome/Default/Cache/Cache_Data/5316abc60d1dacda_0"
    ],
    "ultima_modificacion": "2025-08-01 01:01:58.832099"
  },
  "fdc4383f59b7503d0": {
    "app_sintetizada": "FDC4383F59B7503D0",
    "cantidad_archivos": 1,
    "archivos_fuente": [
      "Library/Caches/Google/Chrome/Default/Cache/Cache_Data/fdc4383f59b7503d_0"
    ],
    "ultima_modificacion": "2025-08-01 01:01:58.832387"
  },
  "4bdacff469acb66f0": {
    "app_sintetizada": "4BDACFF469ACB66F0",
    "cantidad_archivos": 1,
    "archivos_fuente": [
      "Library/Caches/Google/Chrome/Default/Cache/Cache_Data/4bdacff469acb66f_0"
    ],
    "ultima_modificacion": "2025-08-01 01:01:58.832715"
  },
  "558e7534ec2068c10": {
    "app_sintetizada": "558E7534EC2068C10",
    "cantidad_archivos": 1,
    "archivos_fuente": [
      "Library/Caches/Google/Chrome/Default/Cache/Cache_Data/558e7534ec2068c1_0"
    ],
    "ultima_modificacion": "2025-08-01 01:01:58.832979"
  },
  "21d3e469a1ae0cef0": {
    "app_sintetizada": "21D3E469A1AE0CEF0",
    "cantidad_archivos": 1,
    "archivos_fuente": [
      "Library/Caches/Google/Chrome/Default/Cache/Cache_Data/21d3e469a1ae0cef_0"
    ],
    "ultima_modificacion": "2025-08-01 01:01:58.833313"
  },
  "4285f6217299c2f30": {
    "app_sintetizada": "4285F6217299C2F30",
    "cantidad_archivos": 1,
    "archivos_fuente": [
      "Library/Caches/Google/Chrome/Default/Cache/Cache_Data/4285f6217299c2f3_0"
    ],
    "ultima_modificacion": "2025-08-01 01:01:58.833570"
  },
  "c7e7dd5fc38bfafd0": {
    "app_sintetizada": "C7E7DD5FC38BFAFD0",
    "cantidad_archivos": 1,
    "archivos_fuente": [
      "Library/Caches/Google/Chrome/Default/Cache/Cache_Data/c7e7dd5fc38bfafd_0"
    ],
    "ultima_modificacion": "2025-08-01 01:01:58.833907"
  },
  "c985279f8ac2447e0": {
    "app_sintetizada": "C985279F8AC2447E0",
    "cantidad_archivos": 1,
    "archivos_fuente": [
      "Library/Caches/Google/Chrome/Default/Cache/Cache_Data/c985279f8ac2447e_0"
    ],
    "ultima_modificacion": "2025-08-01 01:01:58.834131"
  },
  "cd30b971ba2435e40": {
    "app_sintetizada": "CD30B971BA2435E40",
    "cantidad_archivos": 1,
    "archivos_fuente": [
      "Library/Caches/Google/Chrome/Default/Cache/Cache_Data/cd30b971ba2435e4_0"
    ],
    "ultima_modificacion": "2025-08-01 01:01:58.834342"
  },
  "d3b1e2d956311ae90": {
    "app_sintetizada": "D3B1E2D956311AE90",
    "cantidad_archivos": 1,
    "archivos_fuente": [
      "Library/Caches/Google/Chrome/Default/Cache/Cache_Data/d3b1e2d956311ae9_0"
    ],
    "ultima_modificacion": "2025-08-01 01:01:58.834590"
  },
  "33e7c9a67ac4344e0": {
    "app_sintetizada": "33E7C9A67AC4344E0",
    "cantidad_archivos": 1,
    "archivos_fuente": [
      "Library/Caches/Google/Chrome/Default/Cache/Cache_Data/33e7c9a67ac4344e_0"
    ],
    "ultima_modificacion": "2025-08-01 01:01:58.834906"
  },
  "da0eef7633e4f18c0": {
    "app_sintetizada": "DA0EEF7633E4F18C0",
    "cantidad_archivos": 1,
    "archivos_fuente": [
      "Library/Caches/Google/Chrome/Default/Cache/Cache_Data/da0eef7633e4f18c_0"
    ],
    "ultima_modificacion": "2025-08-01 01:01:58.835160"
  },
  "807ffd0df9c9d3f10": {
    "app_sintetizada": "807FFD0DF9C9D3F10",
    "cantidad_archivos": 1,
    "archivos_fuente": [
      "Library/Caches/Google/Chrome/Default/Cache/Cache_Data/807ffd0df9c9d3f1_0"
    ],
    "ultima_modificacion": "2025-08-01 01:01:58.835387"
  },
  "4bfa5e3e108fdf5c0": {
    "app_sintetizada": "4BFA5E3E108FDF5C0",
    "cantidad_archivos": 1,
    "archivos_fuente": [
      "Library/Caches/Google/Chrome/Default/Cache/Cache_Data/4bfa5e3e108fdf5c_0"
    ],
    "ultima_modificacion": "2025-08-01 01:01:58.835646"
  },
  "9fd1721a04aecc6d0": {
    "app_sintetizada": "9FD1721A04AECC6D0",
    "cantidad_archivos": 1,
    "archivos_fuente": [
      "Library/Caches/Google/Chrome/Default/Cache/Cache_Data/9fd1721a04aecc6d_0"
    ],
    "ultima_modificacion": "2025-08-01 01:01:58.835889"
  },
  "e5be0410f9d9441e0": {
    "app_sintetizada": "E5BE0410F9D9441E0",
    "cantidad_archivos": 1,
    "archivos_fuente": [
      "Library/Caches/Google/Chrome/Default/Cache/Cache_Data/e5be0410f9d9441e_0"
    ],
    "ultima_modificacion": "2025-08-01 01:01:58.836087"
  },
  "1e2aed3c7a886f0b0": {
    "app_sintetizada": "1E2AED3C7A886F0B0",
    "cantidad_archivos": 1,
    "archivos_fuente": [
      "Library/Caches/Google/Chrome/Default/Cache/Cache_Data/1e2aed3c7a886f0b_0"
    ],
    "ultima_modificacion": "2025-08-01 01:01:58.836274"
  },
  "642c59aa830bf97b0": {
    "app_sintetizada": "642C59AA830BF97B0",
    "cantidad_archivos": 1,
    "archivos_fuente": [
      "Library/Caches/Google/Chrome/Default/Cache/Cache_Data/642c59aa830bf97b_0"
    ],
    "ultima_modificacion": "2025-08-01 01:01:58.836466"
  },
  "97657579d278944a0": {
    "app_sintetizada": "97657579D278944A0",
    "cantidad_archivos": 1,
    "archivos_fuente": [
      "Library/Caches/Google/Chrome/Default/Cache/Cache_Data/97657579d278944a_0"
    ],
    "ultima_modificacion": "2025-08-01 01:01:58.836661"
  },
  "994a8277cc038bdd0": {
    "app_sintetizada": "994A8277CC038BDD0",
    "cantidad_archivos": 1,
    "archivos_fuente": [
      "Library/Caches/Google/Chrome/Default/Cache/Cache_Data/994a8277cc038bdd_0"
    ],
    "ultima_modificacion": "2025-08-01 01:01:58.836844"
  },
  "ed586eb4fbb66ace0": {
    "app_sintetizada": "ED586EB4FBB66ACE0",
    "cantidad_archivos": 1,
    "archivos_fuente": [
      "Library/Caches/Google/Chrome/Default/Cache/Cache_Data/ed586eb4fbb66ace_0"
    ],
    "ultima_modificacion": "2025-08-01 01:01:58.837028"
  },
  "8b6fd8d32d8b159f0": {
    "app_sintetizada": "8B6FD8D32D8B159F0",
    "cantidad_archivos": 1,
    "archivos_fuente": [
      "Library/Caches/Google/Chrome/Default/Cache/Cache_Data/8b6fd8d32d8b159f_0"
    ],
    "ultima_modificacion": "2025-08-01 01:01:58.837216"
  },
  "b362f23c0df8570a0": {
    "app_sintetizada": "B362F23C0DF8570A0",
    "cantidad_archivos": 1,
    "archivos_fuente": [
      "Library/Caches/Google/Chrome/Default/Cache/Cache_Data/b362f23c0df8570a_0"
    ],
    "ultima_modificacion": "2025-08-01 01:01:58.837485"
  },
  "81651c17d878aed30": {
    "app_sintetizada": "81651C17D878AED30",
    "cantidad_archivos": 1,
    "archivos_fuente": [
      "Library/Caches/Google/Chrome/Default/Cache/Cache_Data/81651c17d878aed3_0"
    ],
    "ultima_modificacion": "2025-08-01 01:01:58.837786"
  },
  "0271ef91d9916e700": {
    "app_sintetizada": "0271EF91D9916E700",
    "cantidad_archivos": 1,
    "archivos_fuente": [
      "Library/Caches/Google/Chrome/Default/Cache/Cache_Data/0271ef91d9916e70_0"
    ],
    "ultima_modificacion": "2025-08-01 01:01:58.838070"
  },
  "ec1b4f8243b99bcc0": {
    "app_sintetizada": "EC1B4F8243B99BCC0",
    "cantidad_archivos": 1,
    "archivos_fuente": [
      "Library/Caches/Google/Chrome/Default/Cache/Cache_Data/ec1b4f8243b99bcc_0"
    ],
    "ultima_modificacion": "2025-08-01 01:01:58.838363"
  }
}