{
  "~wrs{c0b3594202acb44fb23ed82547921d60}": {
    "app_sintetizada": "~WRS{C0B3594202ACB44FB23ED82547921D60}",
    "cantidad_archivos": 1,
    "archivos_fuente": [
      "Library/Containers/com.microsoft.Word/Data/Library/Application Support/Microsoft/Temp/~WRS{C0B35942-02AC-B44F-B23E-D82547921D60}"
    ],
    "ultima_modificacion": "2025-08-01 01:01:52.659775"
  },
  "~wrs{811b7873534d934c8b8b4bb192770b38}": {
    "app_sintetizada": "~WRS{811B7873534D934C8B8B4BB192770B38}",
    "cantidad_archivos": 1,
    "archivos_fuente": [
      "Library/Containers/com.microsoft.Word/Data/Library/Application Support/Microsoft/Temp/~WRS{811B7873-534D-934C-8B8B-4BB192770B38}"
    ],
    "ultima_modificacion": "2025-08-01 01:01:52.660116"
  },
  "~wrs{758c107593731646b7e6542321fad7f9}": {
    "app_sintetizada": "~WRS{758C107593731646B7E6542321FAD7F9}",
    "cantidad_archivos": 1,
    "archivos_fuente": [
      "Library/Containers/com.microsoft.Word/Data/Library/Application Support/Microsoft/Temp/~WRS{758C1075-9373-1646-B7E6-542321FAD7F9}"
    ],
    "ultima_modificacion": "2025-08-01 01:01:52.660465"
  },
  "~wrs{f279ff387b503d4f8cbe4d617c7891b9}": {
    "app_sintetizada": "~WRS{F279FF387B503D4F8CBE4D617C7891B9}",
    "cantidad_archivos": 1,
    "archivos_fuente": [
      "Library/Containers/com.microsoft.Word/Data/Library/Application Support/Microsoft/Temp/~WRS{F279FF38-7B50-3D4F-8CBE-4D617C7891B9}"
    ],
    "ultima_modificacion": "2025-08-01 01:01:52.660800"
  },
  "~wrs{8c095f7cb93a824bb0aab1d83fd7c74b}": {
    "app_sintetizada": "~WRS{8C095F7CB93A824BB0AAB1D83FD7C74B}",
    "cantidad_archivos": 1,
    "archivos_fuente": [
      "Library/Containers/com.microsoft.Word/Data/Library/Application Support/Microsoft/Temp/~WRS{8C095F7C-B93A-824B-B0AA-B1D83FD7C74B}"
    ],
    "ultima_modificacion": "2025-08-01 01:01:52.661140"
  },
  "~wrs{11ecf557c9d4124098ee91b31649087e}": {
    "app_sintetizada": "~WRS{11ECF557C9D4124098EE91B31649087E}",
    "cantidad_archivos": 1,
    "archivos_fuente": [
      "Library/Containers/com.microsoft.Word/Data/Library/Application Support/Microsoft/Temp/~WRS{11ECF557-C9D4-1240-98EE-91B31649087E}"
    ],
    "ultima_modificacion": "2025-08-01 01:01:52.661470"
  },
  "~wrs{32f8bad906e3dc499eb2cdd056cd4922}": {
    "app_sintetizada": "~WRS{32F8BAD906E3DC499EB2CDD056CD4922}",
    "cantidad_archivos": 1,
    "archivos_fuente": [
      "Library/Containers/com.microsoft.Word/Data/Library/Application Support/Microsoft/Temp/~WRS{32F8BAD9-06E3-DC49-9EB2-CDD056CD4922}"
    ],
    "ultima_modificacion": "2025-08-01 01:01:52.661817"
  },
  "~wrs{a498af035e55d5429c6944d4c10ff497}": {
    "app_sintetizada": "~WRS{A498AF035E55D5429C6944D4C10FF497}",
    "cantidad_archivos": 1,
    "archivos_fuente": [
      "Library/Containers/com.microsoft.Word/Data/Library/Application Support/Microsoft/Temp/~WRS{A498AF03-5E55-D542-9C69-44D4C10FF497}"
    ],
    "ultima_modificacion": "2025-08-01 01:01:52.662171"
  },
  "~wrs{6e14729cd4f5b84384d7819136c2091d}": {
    "app_sintetizada": "~WRS{6E14729CD4F5B84384D7819136C2091D}",
    "cantidad_archivos": 1,
    "archivos_fuente": [
      "Library/Containers/com.microsoft.Word/Data/Library/Application Support/Microsoft/Temp/~WRS{6E14729C-D4F5-B843-84D7-819136C2091D}"
    ],
    "ultima_modificacion": "2025-08-01 01:01:52.662545"
  },
  "~wrs{619675f1d7f04a45ab5348b289ce17bb}": {
    "app_sintetizada": "~WRS{619675F1D7F04A45AB5348B289CE17BB}",
    "cantidad_archivos": 1,
    "archivos_fuente": [
      "Library/Containers/com.microsoft.Word/Data/Library/Application Support/Microsoft/Temp/~WRS{619675F1-D7F0-4A45-AB53-48B289CE17BB}"
    ],
    "ultima_modificacion": "2025-08-01 01:01:52.662888"
  },
  "~wrs{c7c4f878963d7e43a11fa5a572b96d82}": {
    "app_sintetizada": "~WRS{C7C4F878963D7E43A11FA5A572B96D82}",
    "cantidad_archivos": 1,
    "archivos_fuente": [
      "Library/Containers/com.microsoft.Word/Data/Library/Application Support/Microsoft/Temp/~WRS{C7C4F878-963D-7E43-A11F-A5A572B96D82}"
    ],
    "ultima_modificacion": "2025-08-01 01:01:52.663149"
  },
  "~wrs{78b781401ec2f64f99d0a99d67315fe2}": {
    "app_sintetizada": "~WRS{78B781401EC2F64F99D0A99D67315FE2}",
    "cantidad_archivos": 1,
    "archivos_fuente": [
      "Library/Containers/com.microsoft.Word/Data/Library/Application Support/Microsoft/Temp/~WRS{78B78140-1EC2-F64F-99D0-A99D67315FE2}"
    ],
    "ultima_modificacion": "2025-08-01 01:01:52.663429"
  },
  "~wrs{bbcfb7babd48ab4d98dc2d22085fbe66}": {
    "app_sintetizada": "~WRS{BBCFB7BABD48AB4D98DC2D22085FBE66}",
    "cantidad_archivos": 1,
    "archivos_fuente": [
      "Library/Containers/com.microsoft.Word/Data/Library/Application Support/Microsoft/Temp/~WRS{BBCFB7BA-BD48-AB4D-98DC-2D22085FBE66}"
    ],
    "ultima_modificacion": "2025-08-01 01:01:52.663760"
  },
  "~wrs{00ffdf37a907f3469d330365f5464e4e}": {
    "app_sintetizada": "~WRS{00FFDF37A907F3469D330365F5464E4E}",
    "cantidad_archivos": 1,
    "archivos_fuente": [
      "Library/Containers/com.microsoft.Word/Data/Library/Application Support/Microsoft/Temp/~WRS{00FFDF37-A907-F346-9D33-0365F5464E4E}"
    ],
    "ultima_modificacion": "2025-08-01 01:01:52.664037"
  },
  "~wrs{689507dc8e3da143b02294024daefd92}": {
    "app_sintetizada": "~WRS{689507DC8E3DA143B02294024DAEFD92}",
    "cantidad_archivos": 1,
    "archivos_fuente": [
      "Library/Containers/com.microsoft.Word/Data/Library/Application Support/Microsoft/Temp/~WRS{689507DC-8E3D-A143-B022-94024DAEFD92}"
    ],
    "ultima_modificacion": "2025-08-01 01:01:52.664311"
  },
  "~wrs{1b243e2966eee544aa970ee4ef4a385d}": {
    "app_sintetizada": "~WRS{1B243E2966EEE544AA970EE4EF4A385D}",
    "cantidad_archivos": 1,
    "archivos_fuente": [
      "Library/Containers/com.microsoft.Word/Data/Library/Application Support/Microsoft/Temp/~WRS{1B243E29-66EE-E544-AA97-0EE4EF4A385D}"
    ],
    "ultima_modificacion": "2025-08-01 01:01:52.664593"
  },
  "~wrs{327bc8abde83f44482c40fbe3b7a844a}": {
    "app_sintetizada": "~WRS{327BC8ABDE83F44482C40FBE3B7A844A}",
    "cantidad_archivos": 1,
    "archivos_fuente": [
      "Library/Containers/com.microsoft.Word/Data/Library/Application Support/Microsoft/Temp/~WRS{327BC8AB-DE83-F444-82C4-0FBE3B7A844A}"
    ],
    "ultima_modificacion": "2025-08-01 01:01:52.664881"
  },
  "~wrs{4853f480732da0438a53f2b7789f4c7e}": {
    "app_sintetizada": "~WRS{4853F480732DA0438A53F2B7789F4C7E}",
    "cantidad_archivos": 1,
    "archivos_fuente": [
      "Library/Containers/com.microsoft.Word/Data/Library/Application Support/Microsoft/Temp/~WRS{4853F480-732D-A043-8A53-F2B7789F4C7E}"
    ],
    "ultima_modificacion": "2025-08-01 01:01:52.665253"
  },
  "~wrs{6c171652b691c7409be65baccc858a27}": {
    "app_sintetizada": "~WRS{6C171652B691C7409BE65BACCC858A27}",
    "cantidad_archivos": 1,
    "archivos_fuente": [
      "Library/Containers/com.microsoft.Word/Data/Library/Application Support/Microsoft/Temp/~WRS{6C171652-B691-C740-9BE6-5BACCC858A27}"
    ],
    "ultima_modificacion": "2025-08-01 01:01:52.665547"
  },
  "~wrs{5515b29cd033714d84aa5c0ba9aaa2f6}": {
    "app_sintetizada": "~WRS{5515B29CD033714D84AA5C0BA9AAA2F6}",
    "cantidad_archivos": 1,
    "archivos_fuente": [
      "Library/Containers/com.microsoft.Word/Data/Library/Application Support/Microsoft/Temp/~WRS{5515B29C-D033-714D-84AA-5C0BA9AAA2F6}"
    ],
    "ultima_modificacion": "2025-08-01 01:01:52.665802"
  },
  "~wrs{b0c91eadf0ffc345a8f330ab92b25e70}": {
    "app_sintetizada": "~WRS{B0C91EADF0FFC345A8F330AB92B25E70}",
    "cantidad_archivos": 1,
    "archivos_fuente": [
      "Library/Containers/com.microsoft.Word/Data/Library/Application Support/Microsoft/Temp/~WRS{B0C91EAD-F0FF-C345-A8F3-30AB92B25E70}"
    ],
    "ultima_modificacion": "2025-08-01 01:01:52.666078"
  },
  "~wrs{425e7099c0e18044a33897dfe86387dc}": {
    "app_sintetizada": "~WRS{425E7099C0E18044A33897DFE86387DC}",
    "cantidad_archivos": 1,
    "archivos_fuente": [
      "Library/Containers/com.microsoft.Word/Data/Library/Application Support/Microsoft/Temp/~WRS{425E7099-C0E1-8044-A338-97DFE86387DC}"
    ],
    "ultima_modificacion": "2025-08-01 01:01:52.666358"
  },
  "~wrs{9f6cd2b28f3079468e5d714b44f7fad3}": {
    "app_sintetizada": "~WRS{9F6CD2B28F3079468E5D714B44F7FAD3}",
    "cantidad_archivos": 1,
    "archivos_fuente": [
      "Library/Containers/com.microsoft.Word/Data/Library/Application Support/Microsoft/Temp/~WRS{9F6CD2B2-8F30-7946-8E5D-714B44F7FAD3}"
    ],
    "ultima_modificacion": "2025-08-01 01:01:52.666650"
  },
  "~wrs{4f9b5d3e2caa9848b15d1017298375c4}": {
    "app_sintetizada": "~WRS{4F9B5D3E2CAA9848B15D1017298375C4}",
    "cantidad_archivos": 1,
    "archivos_fuente": [
      "Library/Containers/com.microsoft.Word/Data/Library/Application Support/Microsoft/Temp/~WRS{4F9B5D3E-2CAA-9848-B15D-1017298375C4}"
    ],
    "ultima_modificacion": "2025-08-01 01:01:52.667020"
  },
  "~wrs{a0116d85719f2146b80d9272a8086e76}": {
    "app_sintetizada": "~WRS{A0116D85719F2146B80D9272A8086E76}",
    "cantidad_archivos": 1,
    "archivos_fuente": [
      "Library/Containers/com.microsoft.Word/Data/Library/Application Support/Microsoft/Temp/~WRS{A0116D85-719F-2146-B80D-9272A8086E76}"
    ],
    "ultima_modificacion": "2025-08-01 01:01:52.667357"
  },
  "~wrs{95e8713e341cbf419487e841e2a34c1b}": {
    "app_sintetizada": "~WRS{95E8713E341CBF419487E841E2A34C1B}",
    "cantidad_archivos": 1,
    "archivos_fuente": [
      "Library/Containers/com.microsoft.Word/Data/Library/Application Support/Microsoft/Temp/~WRS{95E8713E-341C-BF41-9487-E841E2A34C1B}"
    ],
    "ultima_modificacion": "2025-08-01 01:01:52.667615"
  },
  "~wrs{6f8289dce3bb9743bd2a04196d9e38df}": {
    "app_sintetizada": "~WRS{6F8289DCE3BB9743BD2A04196D9E38DF}",
    "cantidad_archivos": 1,
    "archivos_fuente": [
      "Library/Containers/com.microsoft.Word/Data/Library/Application Support/Microsoft/Temp/~WRS{6F8289DC-E3BB-9743-BD2A-04196D9E38DF}"
    ],
    "ultima_modificacion": "2025-08-01 01:01:52.667963"
  },
  "~wrs{b721c1cbdf16e5408ae6788993c9f8aa}": {
    "app_sintetizada": "~WRS{B721C1CBDF16E5408AE6788993C9F8AA}",
    "cantidad_archivos": 1,
    "archivos_fuente": [
      "Library/Containers/com.microsoft.Word/Data/Library/Application Support/Microsoft/Temp/~WRS{B721C1CB-DF16-E540-8AE6-788993C9F8AA}"
    ],
    "ultima_modificacion": "2025-08-01 01:01:52.668230"
  },
  "~wrs{e851cae6896d97418c67fae148048b08}": {
    "app_sintetizada": "~WRS{E851CAE6896D97418C67FAE148048B08}",
    "cantidad_archivos": 1,
    "archivos_fuente": [
      "Library/Containers/com.microsoft.Word/Data/Library/Application Support/Microsoft/Temp/~WRS{E851CAE6-896D-9741-8C67-FAE148048B08}"
    ],
    "ultima_modificacion": "2025-08-01 01:01:52.668498"
  },
  "~wrs{51e9243e67dcf64792ec562d44be8105}": {
    "app_sintetizada": "~WRS{51E9243E67DCF64792EC562D44BE8105}",
    "cantidad_archivos": 1,
    "archivos_fuente": [
      "Library/Containers/com.microsoft.Word/Data/Library/Application Support/Microsoft/Temp/~WRS{51E9243E-67DC-F647-92EC-562D44BE8105}"
    ],
    "ultima_modificacion": "2025-08-01 01:01:52.668808"
  },
  "~wrs{5788dd2fecf1e642b4d9c1889f71f2b7}": {
    "app_sintetizada": "~WRS{5788DD2FECF1E642B4D9C1889F71F2B7}",
    "cantidad_archivos": 1,
    "archivos_fuente": [
      "Library/Containers/com.microsoft.Word/Data/Library/Application Support/Microsoft/Temp/~WRS{5788DD2F-ECF1-E642-B4D9-C1889F71F2B7}"
    ],
    "ultima_modificacion": "2025-08-01 01:01:52.669065"
  },
  "~wrs{3fb0d8339f82494f9c1f4086999bb438}": {
    "app_sintetizada": "~WRS{3FB0D8339F82494F9C1F4086999BB438}",
    "cantidad_archivos": 1,
    "archivos_fuente": [
      "Library/Containers/com.microsoft.Word/Data/Library/Application Support/Microsoft/Temp/~WRS{3FB0D833-9F82-494F-9C1F-4086999BB438}"
    ],
    "ultima_modificacion": "2025-08-01 01:01:52.669335"
  },
  "~wrs{c6276b80bc84c8409d02488c136532bb}": {
    "app_sintetizada": "~WRS{C6276B80BC84C8409D02488C136532BB}",
    "cantidad_archivos": 1,
    "archivos_fuente": [
      "Library/Containers/com.microsoft.Word/Data/Library/Application Support/Microsoft/Temp/~WRS{C6276B80-BC84-C840-9D02-488C136532BB}"
    ],
    "ultima_modificacion": "2025-08-01 01:01:52.669594"
  },
  "~wrs{bf0d91882d306a46889089f8c0e3a402}": {
    "app_sintetizada": "~WRS{BF0D91882D306A46889089F8C0E3A402}",
    "cantidad_archivos": 1,
    "archivos_fuente": [
      "Library/Containers/com.microsoft.Word/Data/Library/Application Support/Microsoft/Temp/~WRS{BF0D9188-2D30-6A46-8890-89F8C0E3A402}"
    ],
    "ultima_modificacion": "2025-08-01 01:01:52.669854"
  },
  "~wrs{3530fbbafeff6c4cb55004c4d595a750}": {
    "app_sintetizada": "~WRS{3530FBBAFEFF6C4CB55004C4D595A750}",
    "cantidad_archivos": 1,
    "archivos_fuente": [
      "Library/Containers/com.microsoft.Word/Data/Library/Application Support/Microsoft/Temp/~WRS{3530FBBA-FEFF-6C4C-B550-04C4D595A750}"
    ],
    "ultima_modificacion": "2025-08-01 01:01:52.670123"
  },
  "~wrs{578adbc37f76394193c86e941cbb5119}": {
    "app_sintetizada": "~WRS{578ADBC37F76394193C86E941CBB5119}",
    "cantidad_archivos": 1,
    "archivos_fuente": [
      "Library/Containers/com.microsoft.Word/Data/Library/Application Support/Microsoft/Temp/~WRS{578ADBC3-7F76-3941-93C8-6E941CBB5119}"
    ],
    "ultima_modificacion": "2025-08-01 01:01:52.670433"
  },
  "~wrs{f1894675c24357419a47ed7ad772786c}": {
    "app_sintetizada": "~WRS{F1894675C24357419A47ED7AD772786C}",
    "cantidad_archivos": 1,
    "archivos_fuente": [
      "Library/Containers/com.microsoft.Word/Data/Library/Application Support/Microsoft/Temp/~WRS{F1894675-C243-5741-9A47-ED7AD772786C}"
    ],
    "ultima_modificacion": "2025-08-01 01:01:52.670698"
  },
  "~wrs{a7957a421e657c4ba4fb28122cbdca6d}": {
    "app_sintetizada": "~WRS{A7957A421E657C4BA4FB28122CBDCA6D}",
    "cantidad_archivos": 1,
    "archivos_fuente": [
      "Library/Containers/com.microsoft.Word/Data/Library/Application Support/Microsoft/Temp/~WRS{A7957A42-1E65-7C4B-A4FB-28122CBDCA6D}"
    ],
    "ultima_modificacion": "2025-08-01 01:01:52.670959"
  },
  "~wrs{7f94b67417eca84c9f6c02933dd78c2b}": {
    "app_sintetizada": "~WRS{7F94B67417ECA84C9F6C02933DD78C2B}",
    "cantidad_archivos": 1,
    "archivos_fuente": [
      "Library/Containers/com.microsoft.Word/Data/Library/Application Support/Microsoft/Temp/~WRS{7F94B674-17EC-A84C-9F6C-02933DD78C2B}"
    ],
    "ultima_modificacion": "2025-08-01 01:01:52.671330"
  },
  "~wrs{cda666eeca4fb948a58bf114d2003466}": {
    "app_sintetizada": "~WRS{CDA666EECA4FB948A58BF114D2003466}",
    "cantidad_archivos": 1,
    "archivos_fuente": [
      "Library/Containers/com.microsoft.Word/Data/Library/Application Support/Microsoft/Temp/~WRS{CDA666EE-CA4F-B948-A58B-F114D2003466}"
    ],
    "ultima_modificacion": "2025-08-01 01:01:52.671611"
  },
  "~wrs{e2d73dbe3cc1724a8ebbc1c20c96c1f0}": {
    "app_sintetizada": "~WRS{E2D73DBE3CC1724A8EBBC1C20C96C1F0}",
    "cantidad_archivos": 1,
    "archivos_fuente": [
      "Library/Containers/com.microsoft.Word/Data/Library/Application Support/Microsoft/Temp/~WRS{E2D73DBE-3CC1-724A-8EBB-C1C20C96C1F0}"
    ],
    "ultima_modificacion": "2025-08-01 01:01:52.671892"
  },
  "~wrs{061d1a23f47b1b46bed741e5826015dd}": {
    "app_sintetizada": "~WRS{061D1A23F47B1B46BED741E5826015DD}",
    "cantidad_archivos": 1,
    "archivos_fuente": [
      "Library/Containers/com.microsoft.Word/Data/Library/Application Support/Microsoft/Temp/~WRS{061D1A23-F47B-1B46-BED7-41E5826015DD}"
    ],
    "ultima_modificacion": "2025-08-01 01:01:52.672109"
  },
  "~wrs{7f730cb94e281c4abf3fcab236e953a8}": {
    "app_sintetizada": "~WRS{7F730CB94E281C4ABF3FCAB236E953A8}",
    "cantidad_archivos": 1,
    "archivos_fuente": [
      "Library/Containers/com.microsoft.Word/Data/Library/Application Support/Microsoft/Temp/~WRS{7F730CB9-4E28-1C4A-BF3F-CAB236E953A8}"
    ],
    "ultima_modificacion": "2025-08-01 01:01:52.672327"
  },
  "~wrs{e109cea8bfd401468ad203770d470376}": {
    "app_sintetizada": "~WRS{E109CEA8BFD401468AD203770D470376}",
    "cantidad_archivos": 1,
    "archivos_fuente": [
      "Library/Containers/com.microsoft.Word/Data/Library/Application Support/Microsoft/Temp/~WRS{E109CEA8-BFD4-0146-8AD2-03770D470376}"
    ],
    "ultima_modificacion": "2025-08-01 01:01:52.672539"
  },
  "~wrs{b4fa358d830080468c6672beaf0d1c47}": {
    "app_sintetizada": "~WRS{B4FA358D830080468C6672BEAF0D1C47}",
    "cantidad_archivos": 1,
    "archivos_fuente": [
      "Library/Containers/com.microsoft.Word/Data/Library/Application Support/Microsoft/Temp/~WRS{B4FA358D-8300-8046-8C66-72BEAF0D1C47}"
    ],
    "ultima_modificacion": "2025-08-01 01:01:52.672773"
  },
  "~wrs{f5beeaf6d8b5d848bd5354a6a5a9388b}": {
    "app_sintetizada": "~WRS{F5BEEAF6D8B5D848BD5354A6A5A9388B}",
    "cantidad_archivos": 1,
    "archivos_fuente": [
      "Library/Containers/com.microsoft.Word/Data/Library/Application Support/Microsoft/Temp/~WRS{F5BEEAF6-D8B5-D848-BD53-54A6A5A9388B}"
    ],
    "ultima_modificacion": "2025-08-01 01:01:52.673029"
  },
  "~wrs{e25018febd2db84ab2c949e0be735065}": {
    "app_sintetizada": "~WRS{E25018FEBD2DB84AB2C949E0BE735065}",
    "cantidad_archivos": 1,
    "archivos_fuente": [
      "Library/Containers/com.microsoft.Word/Data/Library/Application Support/Microsoft/Temp/~WRS{E25018FE-BD2D-B84A-B2C9-49E0BE735065}"
    ],
    "ultima_modificacion": "2025-08-01 01:01:52.673323"
  },
  "~wrs{8403b8673259ad4baf2d4d8b4aeb42c6}": {
    "app_sintetizada": "~WRS{8403B8673259AD4BAF2D4D8B4AEB42C6}",
    "cantidad_archivos": 1,
    "archivos_fuente": [
      "Library/Containers/com.microsoft.Word/Data/Library/Application Support/Microsoft/Temp/~WRS{8403B867-3259-AD4B-AF2D-4D8B4AEB42C6}"
    ],
    "ultima_modificacion": "2025-08-01 01:01:52.673587"
  },
  "~wrs{d953d75c59db58429e3a6440bb26de3e}": {
    "app_sintetizada": "~WRS{D953D75C59DB58429E3A6440BB26DE3E}",
    "cantidad_archivos": 1,
    "archivos_fuente": [
      "Library/Containers/com.microsoft.Word/Data/Library/Application Support/Microsoft/Temp/~WRS{D953D75C-59DB-5842-9E3A-6440BB26DE3E}"
    ],
    "ultima_modificacion": "2025-08-01 01:01:52.673854"
  },
  "~wrs{11afe6aea3ed64428df6e4f3894ee638}": {
    "app_sintetizada": "~WRS{11AFE6AEA3ED64428DF6E4F3894EE638}",
    "cantidad_archivos": 1,
    "archivos_fuente": [
      "Library/Containers/com.microsoft.Word/Data/Library/Application Support/Microsoft/Temp/~WRS{11AFE6AE-A3ED-6442-8DF6-E4F3894EE638}"
    ],
    "ultima_modificacion": "2025-08-01 01:01:52.674122"
  },
  "~wrs{95c9f0bec6d19240ba75e7e6eeb8b616}": {
    "app_sintetizada": "~WRS{95C9F0BEC6D19240BA75E7E6EEB8B616}",
    "cantidad_archivos": 1,
    "archivos_fuente": [
      "Library/Containers/com.microsoft.Word/Data/Library/Application Support/Microsoft/Temp/~WRS{95C9F0BE-C6D1-9240-BA75-E7E6EEB8B616}"
    ],
    "ultima_modificacion": "2025-08-01 01:01:52.674476"
  },
  "~wrs{f87f3ef6c0071548a9b940a25e041e0a}": {
    "app_sintetizada": "~WRS{F87F3EF6C0071548A9B940A25E041E0A}",
    "cantidad_archivos": 1,
    "archivos_fuente": [
      "Library/Containers/com.microsoft.Word/Data/Library/Application Support/Microsoft/Temp/~WRS{F87F3EF6-C007-1548-A9B9-40A25E041E0A}"
    ],
    "ultima_modificacion": "2025-08-01 01:01:52.674730"
  },
  "~wrs{07784ac94e35d141b9cd03ca21b895ec}": {
    "app_sintetizada": "~WRS{07784AC94E35D141B9CD03CA21B895EC}",
    "cantidad_archivos": 1,
    "archivos_fuente": [
      "Library/Containers/com.microsoft.Word/Data/Library/Application Support/Microsoft/Temp/~WRS{07784AC9-4E35-D141-B9CD-03CA21B895EC}"
    ],
    "ultima_modificacion": "2025-08-01 01:01:52.675112"
  },
  "~wrs{f44bb812d3e12f45885791edf82dda89}": {
    "app_sintetizada": "~WRS{F44BB812D3E12F45885791EDF82DDA89}",
    "cantidad_archivos": 1,
    "archivos_fuente": [
      "Library/Containers/com.microsoft.Word/Data/Library/Application Support/Microsoft/Temp/~WRS{F44BB812-D3E1-2F45-8857-91EDF82DDA89}"
    ],
    "ultima_modificacion": "2025-08-01 01:01:52.675364"
  },
  "~wrs{328d5b6c13fa0f48b4879d3432c72bbe}": {
    "app_sintetizada": "~WRS{328D5B6C13FA0F48B4879D3432C72BBE}",
    "cantidad_archivos": 1,
    "archivos_fuente": [
      "Library/Containers/com.microsoft.Word/Data/Library/Application Support/Microsoft/Temp/~WRS{328D5B6C-13FA-0F48-B487-9D3432C72BBE}"
    ],
    "ultima_modificacion": "2025-08-01 01:01:52.675607"
  },
  "~wrs{0ca5f7af6f4ea948b3b5cb4f7061dc21}": {
    "app_sintetizada": "~WRS{0CA5F7AF6F4EA948B3B5CB4F7061DC21}",
    "cantidad_archivos": 1,
    "archivos_fuente": [
      "Library/Containers/com.microsoft.Word/Data/Library/Application Support/Microsoft/Temp/~WRS{0CA5F7AF-6F4E-A948-B3B5-CB4F7061DC21}"
    ],
    "ultima_modificacion": "2025-08-01 01:01:52.675894"
  },
  "~wrs{8385a7a847983242955f41ab373ba670}": {
    "app_sintetizada": "~WRS{8385A7A847983242955F41AB373BA670}",
    "cantidad_archivos": 1,
    "archivos_fuente": [
      "Library/Containers/com.microsoft.Word/Data/Library/Application Support/Microsoft/Temp/~WRS{8385A7A8-4798-3242-955F-41AB373BA670}"
    ],
    "ultima_modificacion": "2025-08-01 01:01:52.676198"
  },
  "~wrs{7dc19038fe85324ba2fcf5ef570dd73e}": {
    "app_sintetizada": "~WRS{7DC19038FE85324BA2FCF5EF570DD73E}",
    "cantidad_archivos": 1,
    "archivos_fuente": [
      "Library/Containers/com.microsoft.Word/Data/Library/Application Support/Microsoft/Temp/~WRS{7DC19038-FE85-324B-A2FC-F5EF570DD73E}"
    ],
    "ultima_modificacion": "2025-08-01 01:01:52.676562"
  },
  "~wrs{f7b45249e0d22a4da2480b5d18524f21}": {
    "app_sintetizada": "~WRS{F7B45249E0D22A4DA2480B5D18524F21}",
    "cantidad_archivos": 1,
    "archivos_fuente": [
      "Library/Containers/com.microsoft.Word/Data/Library/Application Support/Microsoft/Temp/~WRS{F7B45249-E0D2-2A4D-A248-0B5D18524F21}"
    ],
    "ultima_modificacion": "2025-08-01 01:01:52.676835"
  },
  "~wrs{9741a32150ece84fb94ab7879bd2fbc9}": {
    "app_sintetizada": "~WRS{9741A32150ECE84FB94AB7879BD2FBC9}",
    "cantidad_archivos": 1,
    "archivos_fuente": [
      "Library/Containers/com.microsoft.Word/Data/Library/Application Support/Microsoft/Temp/~WRS{9741A321-50EC-E84F-B94A-B7879BD2FBC9}"
    ],
    "ultima_modificacion": "2025-08-01 01:01:52.677133"
  },
  "~wrs{243f7c57d1338d4bba33fc3b54b31300}": {
    "app_sintetizada": "~WRS{243F7C57D1338D4BBA33FC3B54B31300}",
    "cantidad_archivos": 1,
    "archivos_fuente": [
      "Library/Containers/com.microsoft.Word/Data/Library/Application Support/Microsoft/Temp/~WRS{243F7C57-D133-8D4B-BA33-FC3B54B31300}"
    ],
    "ultima_modificacion": "2025-08-01 01:01:52.677361"
  },
  "~wrs{5e0be11adae69947b75fdde52c8b5c1b}": {
    "app_sintetizada": "~WRS{5E0BE11ADAE69947B75FDDE52C8B5C1B}",
    "cantidad_archivos": 1,
    "archivos_fuente": [
      "Library/Containers/com.microsoft.Word/Data/Library/Application Support/Microsoft/Temp/~WRS{5E0BE11A-DAE6-9947-B75F-DDE52C8B5C1B}"
    ],
    "ultima_modificacion": "2025-08-01 01:01:52.677575"
  },
  "~wrs{ba952de1250acb49b54f10ac18c1e246}": {
    "app_sintetizada": "~WRS{BA952DE1250ACB49B54F10AC18C1E246}",
    "cantidad_archivos": 1,
    "archivos_fuente": [
      "Library/Containers/com.microsoft.Word/Data/Library/Application Support/Microsoft/Temp/~WRS{BA952DE1-250A-CB49-B54F-10AC18C1E246}"
    ],
    "ultima_modificacion": "2025-08-01 01:01:52.677776"
  },
  "~wrs{3be0a4c0bf4032448fdbf848bb7edbea}": {
    "app_sintetizada": "~WRS{3BE0A4C0BF4032448FDBF848BB7EDBEA}",
    "cantidad_archivos": 1,
    "archivos_fuente": [
      "Library/Containers/com.microsoft.Word/Data/Library/Application Support/Microsoft/Temp/~WRS{3BE0A4C0-BF40-3244-8FDB-F848BB7EDBEA}"
    ],
    "ultima_modificacion": "2025-08-01 01:01:52.677979"
  },
  "~wrs{052d2ba7de27dc4b98e34b69233290bc}": {
    "app_sintetizada": "~WRS{052D2BA7DE27DC4B98E34B69233290BC}",
    "cantidad_archivos": 1,
    "archivos_fuente": [
      "Library/Containers/com.microsoft.Word/Data/Library/Application Support/Microsoft/Temp/~WRS{052D2BA7-DE27-DC4B-98E3-4B69233290BC}"
    ],
    "ultima_modificacion": "2025-08-01 01:01:52.678248"
  },
  "~wrs{da3b2556a95b4748a6dd97ec83ea2565}": {
    "app_sintetizada": "~WRS{DA3B2556A95B4748A6DD97EC83EA2565}",
    "cantidad_archivos": 1,
    "archivos_fuente": [
      "Library/Containers/com.microsoft.Word/Data/Library/Application Support/Microsoft/Temp/~WRS{DA3B2556-A95B-4748-A6DD-97EC83EA2565}"
    ],
    "ultima_modificacion": "2025-08-01 01:01:52.678459"
  },
  "~wrs{6f5401d73bec0d429a9c517242f27ef6}": {
    "app_sintetizada": "~WRS{6F5401D73BEC0D429A9C517242F27EF6}",
    "cantidad_archivos": 1,
    "archivos_fuente": [
      "Library/Containers/com.microsoft.Word/Data/Library/Application Support/Microsoft/Temp/~WRS{6F5401D7-3BEC-0D42-9A9C-517242F27EF6}"
    ],
    "ultima_modificacion": "2025-08-01 01:01:52.678648"
  },
  "~wrs{a64b6081d5e6704e88602e68b1ce360b}": {
    "app_sintetizada": "~WRS{A64B6081D5E6704E88602E68B1CE360B}",
    "cantidad_archivos": 1,
    "archivos_fuente": [
      "Library/Containers/com.microsoft.Word/Data/Library/Application Support/Microsoft/Temp/~WRS{A64B6081-D5E6-704E-8860-2E68B1CE360B}"
    ],
    "ultima_modificacion": "2025-08-01 01:01:52.678845"
  },
  "~wrs{6168177f51e76d40818984cb2a3ec4c6}": {
    "app_sintetizada": "~WRS{6168177F51E76D40818984CB2A3EC4C6}",
    "cantidad_archivos": 1,
    "archivos_fuente": [
      "Library/Containers/com.microsoft.Word/Data/Library/Application Support/Microsoft/Temp/~WRS{6168177F-51E7-6D40-8189-84CB2A3EC4C6}"
    ],
    "ultima_modificacion": "2025-08-01 01:01:52.679042"
  },
  "~wrf{5fe80f555eecca4c81f97f656d699f12}": {
    "app_sintetizada": "~WRF{5FE80F555EECCA4C81F97F656D699F12}",
    "cantidad_archivos": 1,
    "archivos_fuente": [
      "Library/Containers/com.microsoft.Word/Data/Library/Application Support/Microsoft/Temp/~WRF{5FE80F55-5EEC-CA4C-81F9-7F656D699F12}"
    ],
    "ultima_modificacion": "2025-08-01 01:01:52.679227"
  },
  "~wrs{8f67e304bbcb824ab3ad16b25d844bc9}": {
    "app_sintetizada": "~WRS{8F67E304BBCB824AB3AD16B25D844BC9}",
    "cantidad_archivos": 1,
    "archivos_fuente": [
      "Library/Containers/com.microsoft.Word/Data/Library/Application Support/Microsoft/Temp/~WRS{8F67E304-BBCB-824A-B3AD-16B25D844BC9}"
    ],
    "ultima_modificacion": "2025-08-01 01:01:52.679421"
  },
  "~wrs{11aa5ed38e757848abc364054fb6ec3a}": {
    "app_sintetizada": "~WRS{11AA5ED38E757848ABC364054FB6EC3A}",
    "cantidad_archivos": 1,
    "archivos_fuente": [
      "Library/Containers/com.microsoft.Word/Data/Library/Application Support/Microsoft/Temp/~WRS{11AA5ED3-8E75-7848-ABC3-64054FB6EC3A}"
    ],
    "ultima_modificacion": "2025-08-01 01:01:52.679642"
  },
  "~wrs{d4cc0880e14a8b458aa61cbd8a24e77e}": {
    "app_sintetizada": "~WRS{D4CC0880E14A8B458AA61CBD8A24E77E}",
    "cantidad_archivos": 1,
    "archivos_fuente": [
      "Library/Containers/com.microsoft.Word/Data/Library/Application Support/Microsoft/Temp/~WRS{D4CC0880-E14A-8B45-8AA6-1CBD8A24E77E}"
    ],
    "ultima_modificacion": "2025-08-01 01:01:52.679982"
  },
  "~wrs{c5b89ef055b3664d891344573fcfb27b}": {
    "app_sintetizada": "~WRS{C5B89EF055B3664D891344573FCFB27B}",
    "cantidad_archivos": 1,
    "archivos_fuente": [
      "Library/Containers/com.microsoft.Word/Data/Library/Application Support/Microsoft/Temp/~WRS{C5B89EF0-55B3-664D-8913-44573FCFB27B}"
    ],
    "ultima_modificacion": "2025-08-01 01:01:52.680205"
  },
  "~wrs{f0eea46fd29a9242b43a3666e43e6213}": {
    "app_sintetizada": "~WRS{F0EEA46FD29A9242B43A3666E43E6213}",
    "cantidad_archivos": 1,
    "archivos_fuente": [
      "Library/Containers/com.microsoft.Word/Data/Library/Application Support/Microsoft/Temp/~WRS{F0EEA46F-D29A-9242-B43A-3666E43E6213}"
    ],
    "ultima_modificacion": "2025-08-01 01:01:52.680438"
  },
  "~wrs{1154d7e2972a404b95a0e3d837ec7223}": {
    "app_sintetizada": "~WRS{1154D7E2972A404B95A0E3D837EC7223}",
    "cantidad_archivos": 1,
    "archivos_fuente": [
      "Library/Containers/com.microsoft.Word/Data/Library/Application Support/Microsoft/Temp/~WRS{1154D7E2-972A-404B-95A0-E3D837EC7223}"
    ],
    "ultima_modificacion": "2025-08-01 01:01:52.680663"
  },
  "~wrs{14773f24aa811b48b705e612fd7979fb}": {
    "app_sintetizada": "~WRS{14773F24AA811B48B705E612FD7979FB}",
    "cantidad_archivos": 1,
    "archivos_fuente": [
      "Library/Containers/com.microsoft.Word/Data/Library/Application Support/Microsoft/Temp/~WRS{14773F24-AA81-1B48-B705-E612FD7979FB}"
    ],
    "ultima_modificacion": "2025-08-01 01:01:52.680930"
  },
  "~wrs{0252a8a29912c042b0e124ce0bce453d}": {
    "app_sintetizada": "~WRS{0252A8A29912C042B0E124CE0BCE453D}",
    "cantidad_archivos": 1,
    "archivos_fuente": [
      "Library/Containers/com.microsoft.Word/Data/Library/Application Support/Microsoft/Temp/~WRS{0252A8A2-9912-C042-B0E1-24CE0BCE453D}"
    ],
    "ultima_modificacion": "2025-08-01 01:01:52.681155"
  },
  "~wrs{49db5af20da3844e976a22513027ee3f}": {
    "app_sintetizada": "~WRS{49DB5AF20DA3844E976A22513027EE3F}",
    "cantidad_archivos": 1,
    "archivos_fuente": [
      "Library/Containers/com.microsoft.Word/Data/Library/Application Support/Microsoft/Temp/~WRS{49DB5AF2-0DA3-844E-976A-22513027EE3F}"
    ],
    "ultima_modificacion": "2025-08-01 01:01:52.681383"
  },
  "~wrs{833a4b5c0bf99149b4040e444a947a61}": {
    "app_sintetizada": "~WRS{833A4B5C0BF99149B4040E444A947A61}",
    "cantidad_archivos": 1,
    "archivos_fuente": [
      "Library/Containers/com.microsoft.Word/Data/Library/Application Support/Microsoft/Temp/~WRS{833A4B5C-0BF9-9149-B404-0E444A947A61}"
    ],
    "ultima_modificacion": "2025-08-01 01:01:52.681610"
  },
  "~wrs{14d1753645978142b2026f6982736b6d}": {
    "app_sintetizada": "~WRS{14D1753645978142B2026F6982736B6D}",
    "cantidad_archivos": 1,
    "archivos_fuente": [
      "Library/Containers/com.microsoft.Word/Data/Library/Application Support/Microsoft/Temp/~WRS{14D17536-4597-8142-B202-6F6982736B6D}"
    ],
    "ultima_modificacion": "2025-08-01 01:01:52.681931"
  },
  "~wrs{e707606e84f6fe409df6a6d5b0e786fc}": {
    "app_sintetizada": "~WRS{E707606E84F6FE409DF6A6D5B0E786FC}",
    "cantidad_archivos": 1,
    "archivos_fuente": [
      "Library/Containers/com.microsoft.Word/Data/Library/Application Support/Microsoft/Temp/~WRS{E707606E-84F6-FE40-9DF6-A6D5B0E786FC}"
    ],
    "ultima_modificacion": "2025-08-01 01:01:52.682253"
  },
  "~wrs{b9671a959508134db1e8e60aa6641008}": {
    "app_sintetizada": "~WRS{B9671A959508134DB1E8E60AA6641008}",
    "cantidad_archivos": 1,
    "archivos_fuente": [
      "Library/Containers/com.microsoft.Word/Data/Library/Application Support/Microsoft/Temp/~WRS{B9671A95-9508-134D-B1E8-E60AA6641008}"
    ],
    "ultima_modificacion": "2025-08-01 01:01:52.682485"
  },
  "~wrs{5178b8689e773940a156061682be7390}": {
    "app_sintetizada": "~WRS{5178B8689E773940A156061682BE7390}",
    "cantidad_archivos": 1,
    "archivos_fuente": [
      "Library/Containers/com.microsoft.Word/Data/Library/Application Support/Microsoft/Temp/~WRS{5178B868-9E77-3940-A156-061682BE7390}"
    ],
    "ultima_modificacion": "2025-08-01 01:01:52.682751"
  },
  "~wrs{0ad33944c41ec449a699952e352779fc}": {
    "app_sintetizada": "~WRS{0AD33944C41EC449A699952E352779FC}",
    "cantidad_archivos": 1,
    "archivos_fuente": [
      "Library/Containers/com.microsoft.Word/Data/Library/Application Support/Microsoft/Temp/~WRS{0AD33944-C41E-C449-A699-952E352779FC}"
    ],
    "ultima_modificacion": "2025-08-01 01:01:52.682976"
  },
  "~wrs{b864bcc19227fc4bb97b6a39e2206ef2}": {
    "app_sintetizada": "~WRS{B864BCC19227FC4BB97B6A39E2206EF2}",
    "cantidad_archivos": 1,
    "archivos_fuente": [
      "Library/Containers/com.microsoft.Word/Data/Library/Application Support/Microsoft/Temp/~WRS{B864BCC1-9227-FC4B-B97B-6A39E2206EF2}"
    ],
    "ultima_modificacion": "2025-08-01 01:01:52.683234"
  },
  "~wrs{204a39fa2dd9c44c9f68c383046b2411}": {
    "app_sintetizada": "~WRS{204A39FA2DD9C44C9F68C383046B2411}",
    "cantidad_archivos": 1,
    "archivos_fuente": [
      "Library/Containers/com.microsoft.Word/Data/Library/Application Support/Microsoft/Temp/~WRS{204A39FA-2DD9-C44C-9F68-C383046B2411}"
    ],
    "ultima_modificacion": "2025-08-01 01:01:52.683481"
  },
  "~wrs{58abaca7c2b0a84e948f6675e1a9cfc6}": {
    "app_sintetizada": "~WRS{58ABACA7C2B0A84E948F6675E1A9CFC6}",
    "cantidad_archivos": 1,
    "archivos_fuente": [
      "Library/Containers/com.microsoft.Word/Data/Library/Application Support/Microsoft/Temp/~WRS{58ABACA7-C2B0-A84E-948F-6675E1A9CFC6}"
    ],
    "ultima_modificacion": "2025-08-01 01:01:52.683703"
  },
  "~wrs{0f2408c88c78aa418357699a7ada939e}": {
    "app_sintetizada": "~WRS{0F2408C88C78AA418357699A7ADA939E}",
    "cantidad_archivos": 1,
    "archivos_fuente": [
      "Library/Containers/com.microsoft.Word/Data/Library/Application Support/Microsoft/Temp/~WRS{0F2408C8-8C78-AA41-8357-699A7ADA939E}"
    ],
    "ultima_modificacion": "2025-08-01 01:01:52.683932"
  },
  "~wrs{7184eff4ec00404aa193ef9275af90b3}": {
    "app_sintetizada": "~WRS{7184EFF4EC00404AA193EF9275AF90B3}",
    "cantidad_archivos": 1,
    "archivos_fuente": [
      "Library/Containers/com.microsoft.Word/Data/Library/Application Support/Microsoft/Temp/~WRS{7184EFF4-EC00-404A-A193-EF9275AF90B3}"
    ],
    "ultima_modificacion": "2025-08-01 01:01:52.684186"
  },
  "~wrs{a4165643da23c84f9397b0e602361cb8}": {
    "app_sintetizada": "~WRS{A4165643DA23C84F9397B0E602361CB8}",
    "cantidad_archivos": 1,
    "archivos_fuente": [
      "Library/Containers/com.microsoft.Word/Data/Library/Application Support/Microsoft/Temp/~WRS{A4165643-DA23-C84F-9397-B0E602361CB8}"
    ],
    "ultima_modificacion": "2025-08-01 01:01:52.684428"
  },
  "~wrs{1559b294ce8ba8428df88ef66a54dcbb}": {
    "app_sintetizada": "~WRS{1559B294CE8BA8428DF88EF66A54DCBB}",
    "cantidad_archivos": 1,
    "archivos_fuente": [
      "Library/Containers/com.microsoft.Word/Data/Library/Application Support/Microsoft/Temp/~WRS{1559B294-CE8B-A842-8DF8-8EF66A54DCBB}"
    ],
    "ultima_modificacion": "2025-08-01 01:01:52.684633"
  },
  "~wrs{833eead7f238b748897c214d1493c7d0}": {
    "app_sintetizada": "~WRS{833EEAD7F238B748897C214D1493C7D0}",
    "cantidad_archivos": 1,
    "archivos_fuente": [
      "Library/Containers/com.microsoft.Word/Data/Library/Application Support/Microsoft/Temp/~WRS{833EEAD7-F238-B748-897C-214D1493C7D0}"
    ],
    "ultima_modificacion": "2025-08-01 01:01:52.684827"
  },
  "~wrs{1934f3bc40ab5c43bd292c1345f8b7ea}": {
    "app_sintetizada": "~WRS{1934F3BC40AB5C43BD292C1345F8B7EA}",
    "cantidad_archivos": 1,
    "archivos_fuente": [
      "Library/Containers/com.microsoft.Word/Data/Library/Application Support/Microsoft/Temp/~WRS{1934F3BC-40AB-5C43-BD29-2C1345F8B7EA}"
    ],
    "ultima_modificacion": "2025-08-01 01:01:52.685010"
  },
  "~wrs{241cb73a6c511746af0ddde06f508076}": {
    "app_sintetizada": "~WRS{241CB73A6C511746AF0DDDE06F508076}",
    "cantidad_archivos": 1,
    "archivos_fuente": [
      "Library/Containers/com.microsoft.Word/Data/Library/Application Support/Microsoft/Temp/~WRS{241CB73A-6C51-1746-AF0D-DDE06F508076}"
    ],
    "ultima_modificacion": "2025-08-01 01:01:52.685203"
  },
  "~wrs{377f0b9d0856ed428e0ddd428a534df7}": {
    "app_sintetizada": "~WRS{377F0B9D0856ED428E0DDD428A534DF7}",
    "cantidad_archivos": 1,
    "archivos_fuente": [
      "Library/Containers/com.microsoft.Word/Data/Library/Application Support/Microsoft/Temp/~WRS{377F0B9D-0856-ED42-8E0D-DD428A534DF7}"
    ],
    "ultima_modificacion": "2025-08-01 01:01:52.685400"
  },
  "~wrs{7b8ee2e06069864d8f4e7fb3ed9e4f3f}": {
    "app_sintetizada": "~WRS{7B8EE2E06069864D8F4E7FB3ED9E4F3F}",
    "cantidad_archivos": 1,
    "archivos_fuente": [
      "Library/Containers/com.microsoft.Word/Data/Library/Application Support/Microsoft/Temp/~WRS{7B8EE2E0-6069-864D-8F4E-7FB3ED9E4F3F}"
    ],
    "ultima_modificacion": "2025-08-01 01:01:52.685580"
  },
  "~wrs{832028f18d0d69428eeb8fe092de2f2e}": {
    "app_sintetizada": "~WRS{832028F18D0D69428EEB8FE092DE2F2E}",
    "cantidad_archivos": 1,
    "archivos_fuente": [
      "Library/Containers/com.microsoft.Word/Data/Library/Application Support/Microsoft/Temp/~WRS{832028F1-8D0D-6942-8EEB-8FE092DE2F2E}"
    ],
    "ultima_modificacion": "2025-08-01 01:01:52.685840"
  },
  "~wrs{b00fff2290217946bcaf66a0dd346142}": {
    "app_sintetizada": "~WRS{B00FFF2290217946BCAF66A0DD346142}",
    "cantidad_archivos": 1,
    "archivos_fuente": [
      "Library/Containers/com.microsoft.Word/Data/Library/Application Support/Microsoft/Temp/~WRS{B00FFF22-9021-7946-BCAF-66A0DD346142}"
    ],
    "ultima_modificacion": "2025-08-01 01:01:52.686075"
  },
  "~wrs{f6e0e818eb8acd46b51e81bdd3e6b9cc}": {
    "app_sintetizada": "~WRS{F6E0E818EB8ACD46B51E81BDD3E6B9CC}",
    "cantidad_archivos": 1,
    "archivos_fuente": [
      "Library/Containers/com.microsoft.Word/Data/Library/Application Support/Microsoft/Temp/~WRS{F6E0E818-EB8A-CD46-B51E-81BDD3E6B9CC}"
    ],
    "ultima_modificacion": "2025-08-01 01:01:52.686389"
  }
}