{
  "be40a1410f8d24980": {
    "app_sintetizada": "BE40A1410F8D24980",
    "cantidad_archivos": 1,
    "archivos_fuente": [
      "Library/Caches/Google/Chrome/Default/Cache/Cache_Data/be40a1410f8d2498_0"
    ],
    "ultima_modificacion": "2025-08-01 01:02:00.898093"
  },
  "838726fe8bf8bcf70": {
    "app_sintetizada": "838726FE8BF8BCF70",
    "cantidad_archivos": 1,
    "archivos_fuente": [
      "Library/Caches/Google/Chrome/Default/Cache/Cache_Data/838726fe8bf8bcf7_0"
    ],
    "ultima_modificacion": "2025-08-01 01:02:00.898429"
  },
  "a373129b5a764c460": {
    "app_sintetizada": "A373129B5A764C460",
    "cantidad_archivos": 1,
    "archivos_fuente": [
      "Library/Caches/Google/Chrome/Default/Cache/Cache_Data/a373129b5a764c46_0"
    ],
    "ultima_modificacion": "2025-08-01 01:02:00.898766"
  },
  "b821dad0225f0d210": {
    "app_sintetizada": "B821DAD0225F0D210",
    "cantidad_archivos": 1,
    "archivos_fuente": [
      "Library/Caches/Google/Chrome/Default/Cache/Cache_Data/b821dad0225f0d21_0"
    ],
    "ultima_modificacion": "2025-08-01 01:02:00.899144"
  },
  "ffde682a0fa6a6620": {
    "app_sintetizada": "FFDE682A0FA6A6620",
    "cantidad_archivos": 1,
    "archivos_fuente": [
      "Library/Caches/Google/Chrome/Default/Cache/Cache_Data/ffde682a0fa6a662_0"
    ],
    "ultima_modificacion": "2025-08-01 01:02:00.899487"
  },
  "51ae0842a85a20120": {
    "app_sintetizada": "51AE0842A85A20120",
    "cantidad_archivos": 1,
    "archivos_fuente": [
      "Library/Caches/Google/Chrome/Default/Cache/Cache_Data/51ae0842a85a2012_0"
    ],
    "ultima_modificacion": "2025-08-01 01:02:00.899815"
  },
  "b72d4a5b7c7cde340": {
    "app_sintetizada": "B72D4A5B7C7CDE340",
    "cantidad_archivos": 1,
    "archivos_fuente": [
      "Library/Caches/Google/Chrome/Default/Cache/Cache_Data/b72d4a5b7c7cde34_0"
    ],
    "ultima_modificacion": "2025-08-01 01:02:00.900167"
  },
  "814d34a3c122cd270": {
    "app_sintetizada": "814D34A3C122CD270",
    "cantidad_archivos": 1,
    "archivos_fuente": [
      "Library/Caches/Google/Chrome/Default/Cache/Cache_Data/814d34a3c122cd27_0"
    ],
    "ultima_modificacion": "2025-08-01 01:02:00.900541"
  },
  "92cf8beecbac8abc0": {
    "app_sintetizada": "92CF8BEECBAC8ABC0",
    "cantidad_archivos": 1,
    "archivos_fuente": [
      "Library/Caches/Google/Chrome/Default/Cache/Cache_Data/92cf8beecbac8abc_0"
    ],
    "ultima_modificacion": "2025-08-01 01:02:00.900893"
  },
  "1c7c7c3952a1f8d60": {
    "app_sintetizada": "1C7C7C3952A1F8D60",
    "cantidad_archivos": 1,
    "archivos_fuente": [
      "Library/Caches/Google/Chrome/Default/Cache/Cache_Data/1c7c7c3952a1f8d6_0"
    ],
    "ultima_modificacion": "2025-08-01 01:02:00.901266"
  },
  "c341bf9bfd19b3d20": {
    "app_sintetizada": "C341BF9BFD19B3D20",
    "cantidad_archivos": 1,
    "archivos_fuente": [
      "Library/Caches/Google/Chrome/Default/Cache/Cache_Data/c341bf9bfd19b3d2_0"
    ],
    "ultima_modificacion": "2025-08-01 01:02:00.901640"
  },
  "1c1335c513c447080": {
    "app_sintetizada": "1C1335C513C447080",
    "cantidad_archivos": 1,
    "archivos_fuente": [
      "Library/Caches/Google/Chrome/Default/Cache/Cache_Data/1c1335c513c44708_0"
    ],
    "ultima_modificacion": "2025-08-01 01:02:00.902026"
  },
  "f004a55176b7773e0": {
    "app_sintetizada": "F004A55176B7773E0",
    "cantidad_archivos": 1,
    "archivos_fuente": [
      "Library/Caches/Google/Chrome/Default/Cache/Cache_Data/f004a55176b7773e_0"
    ],
    "ultima_modificacion": "2025-08-01 01:02:00.902436"
  },
  "7a9282e4325ed2170": {
    "app_sintetizada": "7A9282E4325ED2170",
    "cantidad_archivos": 1,
    "archivos_fuente": [
      "Library/Caches/Google/Chrome/Default/Cache/Cache_Data/7a9282e4325ed217_0"
    ],
    "ultima_modificacion": "2025-08-01 01:02:00.902821"
  },
  "f3ae6d372773585a0": {
    "app_sintetizada": "F3AE6D372773585A0",
    "cantidad_archivos": 1,
    "archivos_fuente": [
      "Library/Caches/Google/Chrome/Default/Cache/Cache_Data/f3ae6d372773585a_0"
    ],
    "ultima_modificacion": "2025-08-01 01:02:00.903230"
  },
  "5121065b93136d560": {
    "app_sintetizada": "5121065B93136D560",
    "cantidad_archivos": 1,
    "archivos_fuente": [
      "Library/Caches/Google/Chrome/Default/Cache/Cache_Data/5121065b93136d56_0"
    ],
    "ultima_modificacion": "2025-08-01 01:02:00.903648"
  },
  "65a6075c9dfba5780": {
    "app_sintetizada": "65A6075C9DFBA5780",
    "cantidad_archivos": 1,
    "archivos_fuente": [
      "Library/Caches/Google/Chrome/Default/Cache/Cache_Data/65a6075c9dfba578_0"
    ],
    "ultima_modificacion": "2025-08-01 01:02:00.904071"
  },
  "eda1c01f5f86e3c80": {
    "app_sintetizada": "EDA1C01F5F86E3C80",
    "cantidad_archivos": 1,
    "archivos_fuente": [
      "Library/Caches/Google/Chrome/Default/Cache/Cache_Data/eda1c01f5f86e3c8_0"
    ],
    "ultima_modificacion": "2025-08-01 01:02:00.904766"
  },
  "c3454cd42b8638740": {
    "app_sintetizada": "C3454CD42B8638740",
    "cantidad_archivos": 1,
    "archivos_fuente": [
      "Library/Caches/Google/Chrome/Default/Cache/Cache_Data/c3454cd42b863874_0"
    ],
    "ultima_modificacion": "2025-08-01 01:02:00.906538"
  },
  "3822793640fa5c160": {
    "app_sintetizada": "3822793640FA5C160",
    "cantidad_archivos": 1,
    "archivos_fuente": [
      "Library/Caches/Google/Chrome/Default/Cache/Cache_Data/3822793640fa5c16_0"
    ],
    "ultima_modificacion": "2025-08-01 01:02:00.907275"
  },
  "d0a6d31e9083047b0": {
    "app_sintetizada": "D0A6D31E9083047B0",
    "cantidad_archivos": 1,
    "archivos_fuente": [
      "Library/Caches/Google/Chrome/Default/Cache/Cache_Data/d0a6d31e9083047b_0"
    ],
    "ultima_modificacion": "2025-08-01 01:02:00.907790"
  },
  "73e4088da9e06c0c0": {
    "app_sintetizada": "73E4088DA9E06C0C0",
    "cantidad_archivos": 1,
    "archivos_fuente": [
      "Library/Caches/Google/Chrome/Default/Cache/Cache_Data/73e4088da9e06c0c_0"
    ],
    "ultima_modificacion": "2025-08-01 01:02:00.908402"
  },
  "2a4c9b474aeaed0d0": {
    "app_sintetizada": "2A4C9B474AEAED0D0",
    "cantidad_archivos": 1,
    "archivos_fuente": [
      "Library/Caches/Google/Chrome/Default/Cache/Cache_Data/2a4c9b474aeaed0d_0"
    ],
    "ultima_modificacion": "2025-08-01 01:02:00.909282"
  },
  "a73a48b290c285b10": {
    "app_sintetizada": "A73A48B290C285B10",
    "cantidad_archivos": 1,
    "archivos_fuente": [
      "Library/Caches/Google/Chrome/Default/Cache/Cache_Data/a73a48b290c285b1_0"
    ],
    "ultima_modificacion": "2025-08-01 01:02:00.909685"
  },
  "ca80f803b420906a0": {
    "app_sintetizada": "CA80F803B420906A0",
    "cantidad_archivos": 1,
    "archivos_fuente": [
      "Library/Caches/Google/Chrome/Default/Cache/Cache_Data/ca80f803b420906a_0"
    ],
    "ultima_modificacion": "2025-08-01 01:02:00.910046"
  },
  "b2919b794756daa70": {
    "app_sintetizada": "B2919B794756DAA70",
    "cantidad_archivos": 1,
    "archivos_fuente": [
      "Library/Caches/Google/Chrome/Default/Cache/Cache_Data/b2919b794756daa7_0"
    ],
    "ultima_modificacion": "2025-08-01 01:02:00.910399"
  },
  "262d0816edb6e7fe0": {
    "app_sintetizada": "262D0816EDB6E7FE0",
    "cantidad_archivos": 1,
    "archivos_fuente": [
      "Library/Caches/Google/Chrome/Default/Cache/Cache_Data/262d0816edb6e7fe_0"
    ],
    "ultima_modificacion": "2025-08-01 01:02:00.910755"
  },
  "1b3866ad65f918a50": {
    "app_sintetizada": "1B3866AD65F918A50",
    "cantidad_archivos": 1,
    "archivos_fuente": [
      "Library/Caches/Google/Chrome/Default/Cache/Cache_Data/1b3866ad65f918a5_0"
    ],
    "ultima_modificacion": "2025-08-01 01:02:00.911110"
  },
  "1c1cb0b99e50062f0": {
    "app_sintetizada": "1C1CB0B99E50062F0",
    "cantidad_archivos": 1,
    "archivos_fuente": [
      "Library/Caches/Google/Chrome/Default/Cache/Cache_Data/1c1cb0b99e50062f_0"
    ],
    "ultima_modificacion": "2025-08-01 01:02:00.911454"
  },
  "8474659cb3c109c80": {
    "app_sintetizada": "8474659CB3C109C80",
    "cantidad_archivos": 1,
    "archivos_fuente": [
      "Library/Caches/Google/Chrome/Default/Cache/Cache_Data/8474659cb3c109c8_0"
    ],
    "ultima_modificacion": "2025-08-01 01:02:00.911788"
  },
  "a6518594ad70ea760": {
    "app_sintetizada": "A6518594AD70EA760",
    "cantidad_archivos": 1,
    "archivos_fuente": [
      "Library/Caches/Google/Chrome/Default/Cache/Cache_Data/a6518594ad70ea76_0"
    ],
    "ultima_modificacion": "2025-08-01 01:02:00.912117"
  },
  "f5992e835df910500": {
    "app_sintetizada": "F5992E835DF910500",
    "cantidad_archivos": 1,
    "archivos_fuente": [
      "Library/Caches/Google/Chrome/Default/Cache/Cache_Data/f5992e835df91050_0"
    ],
    "ultima_modificacion": "2025-08-01 01:02:00.912466"
  },
  "347d3e1dd18d7a460": {
    "app_sintetizada": "347D3E1DD18D7A460",
    "cantidad_archivos": 1,
    "archivos_fuente": [
      "Library/Caches/Google/Chrome/Default/Cache/Cache_Data/347d3e1dd18d7a46_0"
    ],
    "ultima_modificacion": "2025-08-01 01:02:00.912794"
  },
  "6a111c0ad70afebf0": {
    "app_sintetizada": "6A111C0AD70AFEBF0",
    "cantidad_archivos": 1,
    "archivos_fuente": [
      "Library/Caches/Google/Chrome/Default/Cache/Cache_Data/6a111c0ad70afebf_0"
    ],
    "ultima_modificacion": "2025-08-01 01:02:00.913134"
  },
  "d606bc472cf0b7c90": {
    "app_sintetizada": "D606BC472CF0B7C90",
    "cantidad_archivos": 1,
    "archivos_fuente": [
      "Library/Caches/Google/Chrome/Default/Cache/Cache_Data/d606bc472cf0b7c9_0"
    ],
    "ultima_modificacion": "2025-08-01 01:02:00.913475"
  },
  "5538d8d0cd172fcc0": {
    "app_sintetizada": "5538D8D0CD172FCC0",
    "cantidad_archivos": 1,
    "archivos_fuente": [
      "Library/Caches/Google/Chrome/Default/Cache/Cache_Data/5538d8d0cd172fcc_0"
    ],
    "ultima_modificacion": "2025-08-01 01:02:00.913755"
  },
  "18f66fc3b55ee8720": {
    "app_sintetizada": "18F66FC3B55EE8720",
    "cantidad_archivos": 1,
    "archivos_fuente": [
      "Library/Caches/Google/Chrome/Default/Cache/Cache_Data/18f66fc3b55ee872_0"
    ],
    "ultima_modificacion": "2025-08-01 01:02:00.914076"
  },
  "0eb4a718db4076390": {
    "app_sintetizada": "0EB4A718DB4076390",
    "cantidad_archivos": 1,
    "archivos_fuente": [
      "Library/Caches/Google/Chrome/Default/Cache/Cache_Data/0eb4a718db407639_0"
    ],
    "ultima_modificacion": "2025-08-01 01:02:00.914343"
  },
  "9fa3ad81d84216da0": {
    "app_sintetizada": "9FA3AD81D84216DA0",
    "cantidad_archivos": 1,
    "archivos_fuente": [
      "Library/Caches/Google/Chrome/Default/Cache/Cache_Data/9fa3ad81d84216da_0"
    ],
    "ultima_modificacion": "2025-08-01 01:02:00.914650"
  },
  "abec85d4b03c0ab00": {
    "app_sintetizada": "ABEC85D4B03C0AB00",
    "cantidad_archivos": 1,
    "archivos_fuente": [
      "Library/Caches/Google/Chrome/Default/Cache/Cache_Data/abec85d4b03c0ab0_0"
    ],
    "ultima_modificacion": "2025-08-01 01:02:00.914918"
  },
  "3087187c441cd86e0": {
    "app_sintetizada": "3087187C441CD86E0",
    "cantidad_archivos": 1,
    "archivos_fuente": [
      "Library/Caches/Google/Chrome/Default/Cache/Cache_Data/3087187c441cd86e_0"
    ],
    "ultima_modificacion": "2025-08-01 01:02:00.915226"
  },
  "247bb054ef563e210": {
    "app_sintetizada": "247BB054EF563E210",
    "cantidad_archivos": 1,
    "archivos_fuente": [
      "Library/Caches/Google/Chrome/Default/Cache/Cache_Data/247bb054ef563e21_0"
    ],
    "ultima_modificacion": "2025-08-01 01:02:00.915545"
  },
  "2c2606e27a56ba940": {
    "app_sintetizada": "2C2606E27A56BA940",
    "cantidad_archivos": 1,
    "archivos_fuente": [
      "Library/Caches/Google/Chrome/Default/Cache/Cache_Data/2c2606e27a56ba94_0"
    ],
    "ultima_modificacion": "2025-08-01 01:02:00.915919"
  },
  "179f5b5bef9cee640": {
    "app_sintetizada": "179F5B5BEF9CEE640",
    "cantidad_archivos": 1,
    "archivos_fuente": [
      "Library/Caches/Google/Chrome/Default/Cache/Cache_Data/179f5b5bef9cee64_0"
    ],
    "ultima_modificacion": "2025-08-01 01:02:00.916267"
  },
  "31c34f92ad0fadcc0": {
    "app_sintetizada": "31C34F92AD0FADCC0",
    "cantidad_archivos": 1,
    "archivos_fuente": [
      "Library/Caches/Google/Chrome/Default/Cache/Cache_Data/31c34f92ad0fadcc_0"
    ],
    "ultima_modificacion": "2025-08-01 01:02:00.916544"
  },
  "040202ef1072a0c90": {
    "app_sintetizada": "040202EF1072A0C90",
    "cantidad_archivos": 1,
    "archivos_fuente": [
      "Library/Caches/Google/Chrome/Default/Cache/Cache_Data/040202ef1072a0c9_0"
    ],
    "ultima_modificacion": "2025-08-01 01:02:00.916892"
  },
  "fe50f523728e1c340": {
    "app_sintetizada": "FE50F523728E1C340",
    "cantidad_archivos": 1,
    "archivos_fuente": [
      "Library/Caches/Google/Chrome/Default/Cache/Cache_Data/fe50f523728e1c34_0"
    ],
    "ultima_modificacion": "2025-08-01 01:02:00.917156"
  },
  "eccb1c4affeafb080": {
    "app_sintetizada": "ECCB1C4AFFEAFB080",
    "cantidad_archivos": 1,
    "archivos_fuente": [
      "Library/Caches/Google/Chrome/Default/Cache/Cache_Data/eccb1c4affeafb08_0"
    ],
    "ultima_modificacion": "2025-08-01 01:02:00.917434"
  },
  "65ce9eec88e727cb0": {
    "app_sintetizada": "65CE9EEC88E727CB0",
    "cantidad_archivos": 1,
    "archivos_fuente": [
      "Library/Caches/Google/Chrome/Default/Cache/Cache_Data/65ce9eec88e727cb_0"
    ],
    "ultima_modificacion": "2025-08-01 01:02:00.917709"
  },
  "e3997a63419455620": {
    "app_sintetizada": "E3997A63419455620",
    "cantidad_archivos": 1,
    "archivos_fuente": [
      "Library/Caches/Google/Chrome/Default/Cache/Cache_Data/e3997a6341945562_0"
    ],
    "ultima_modificacion": "2025-08-01 01:02:00.918007"
  },
  "ddc3feaf087792d50": {
    "app_sintetizada": "DDC3FEAF087792D50",
    "cantidad_archivos": 1,
    "archivos_fuente": [
      "Library/Caches/Google/Chrome/Default/Cache/Cache_Data/ddc3feaf087792d5_0"
    ],
    "ultima_modificacion": "2025-08-01 01:02:00.918263"
  },
  "b683c21956c8903f0": {
    "app_sintetizada": "B683C21956C8903F0",
    "cantidad_archivos": 1,
    "archivos_fuente": [
      "Library/Caches/Google/Chrome/Default/Cache/Cache_Data/b683c21956c8903f_0"
    ],
    "ultima_modificacion": "2025-08-01 01:02:00.918572"
  },
  "c79d02c66e2779f80": {
    "app_sintetizada": "C79D02C66E2779F80",
    "cantidad_archivos": 1,
    "archivos_fuente": [
      "Library/Caches/Google/Chrome/Default/Cache/Cache_Data/c79d02c66e2779f8_0"
    ],
    "ultima_modificacion": "2025-08-01 01:02:00.918829"
  },
  "428420045b796ac10": {
    "app_sintetizada": "428420045B796AC10",
    "cantidad_archivos": 1,
    "archivos_fuente": [
      "Library/Caches/Google/Chrome/Default/Cache/Cache_Data/428420045b796ac1_0"
    ],
    "ultima_modificacion": "2025-08-01 01:02:00.919131"
  },
  "afc8e706387c95b20": {
    "app_sintetizada": "AFC8E706387C95B20",
    "cantidad_archivos": 1,
    "archivos_fuente": [
      "Library/Caches/Google/Chrome/Default/Cache/Cache_Data/afc8e706387c95b2_0"
    ],
    "ultima_modificacion": "2025-08-01 01:02:00.919385"
  },
  "d29240b2022d18290": {
    "app_sintetizada": "D29240B2022D18290",
    "cantidad_archivos": 1,
    "archivos_fuente": [
      "Library/Caches/Google/Chrome/Default/Cache/Cache_Data/d29240b2022d1829_0"
    ],
    "ultima_modificacion": "2025-08-01 01:02:00.938061"
  },
  "af0bf1def65ab1760": {
    "app_sintetizada": "AF0BF1DEF65AB1760",
    "cantidad_archivos": 1,
    "archivos_fuente": [
      "Library/Caches/Google/Chrome/Default/Cache/Cache_Data/af0bf1def65ab176_0"
    ],
    "ultima_modificacion": "2025-08-01 01:02:00.943316"
  },
  "fb8c358c260b97c00": {
    "app_sintetizada": "FB8C358C260B97C00",
    "cantidad_archivos": 1,
    "archivos_fuente": [
      "Library/Caches/Google/Chrome/Default/Cache/Cache_Data/fb8c358c260b97c0_0"
    ],
    "ultima_modificacion": "2025-08-01 01:02:00.943774"
  },
  "3debb9dca49364af0": {
    "app_sintetizada": "3DEBB9DCA49364AF0",
    "cantidad_archivos": 1,
    "archivos_fuente": [
      "Library/Caches/Google/Chrome/Default/Cache/Cache_Data/3debb9dca49364af_0"
    ],
    "ultima_modificacion": "2025-08-01 01:02:00.949204"
  },
  "98efb7a4ec60deff0": {
    "app_sintetizada": "98EFB7A4EC60DEFF0",
    "cantidad_archivos": 1,
    "archivos_fuente": [
      "Library/Caches/Google/Chrome/Default/Cache/Cache_Data/98efb7a4ec60deff_0"
    ],
    "ultima_modificacion": "2025-08-01 01:02:00.949784"
  },
  "3b137829a713117d0": {
    "app_sintetizada": "3B137829A713117D0",
    "cantidad_archivos": 1,
    "archivos_fuente": [
      "Library/Caches/Google/Chrome/Default/Cache/Cache_Data/3b137829a713117d_0"
    ],
    "ultima_modificacion": "2025-08-01 01:02:00.951436"
  },
  "d3a9aee2f15f10c70": {
    "app_sintetizada": "D3A9AEE2F15F10C70",
    "cantidad_archivos": 1,
    "archivos_fuente": [
      "Library/Caches/Google/Chrome/Default/Cache/Cache_Data/d3a9aee2f15f10c7_0"
    ],
    "ultima_modificacion": "2025-08-01 01:02:00.951824"
  },
  "9e4e2239129bc4790": {
    "app_sintetizada": "9E4E2239129BC4790",
    "cantidad_archivos": 1,
    "archivos_fuente": [
      "Library/Caches/Google/Chrome/Default/Cache/Cache_Data/9e4e2239129bc479_0"
    ],
    "ultima_modificacion": "2025-08-01 01:02:00.953422"
  },
  "3d34d2e7eb9e315c0": {
    "app_sintetizada": "3D34D2E7EB9E315C0",
    "cantidad_archivos": 1,
    "archivos_fuente": [
      "Library/Caches/Google/Chrome/Default/Cache/Cache_Data/3d34d2e7eb9e315c_0"
    ],
    "ultima_modificacion": "2025-08-01 01:02:00.953995"
  },
  "4b6b992d327914c00": {
    "app_sintetizada": "4B6B992D327914C00",
    "cantidad_archivos": 1,
    "archivos_fuente": [
      "Library/Caches/Google/Chrome/Default/Cache/Cache_Data/4b6b992d327914c0_0"
    ],
    "ultima_modificacion": "2025-08-01 01:02:00.957431"
  },
  "6134ebad5bd591a10": {
    "app_sintetizada": "6134EBAD5BD591A10",
    "cantidad_archivos": 1,
    "archivos_fuente": [
      "Library/Caches/Google/Chrome/Default/Cache/Cache_Data/6134ebad5bd591a1_0"
    ],
    "ultima_modificacion": "2025-08-01 01:02:00.958476"
  },
  "68f98498281dff570": {
    "app_sintetizada": "68F98498281DFF570",
    "cantidad_archivos": 1,
    "archivos_fuente": [
      "Library/Caches/Google/Chrome/Default/Cache/Cache_Data/68f98498281dff57_0"
    ],
    "ultima_modificacion": "2025-08-01 01:02:00.958833"
  },
  "ccb6c3fb2aa6dc880": {
    "app_sintetizada": "CCB6C3FB2AA6DC880",
    "cantidad_archivos": 1,
    "archivos_fuente": [
      "Library/Caches/Google/Chrome/Default/Cache/Cache_Data/ccb6c3fb2aa6dc88_0"
    ],
    "ultima_modificacion": "2025-08-01 01:02:00.959194"
  },
  "9c5f8d2df1224d350": {
    "app_sintetizada": "9C5F8D2DF1224D350",
    "cantidad_archivos": 1,
    "archivos_fuente": [
      "Library/Caches/Google/Chrome/Default/Cache/Cache_Data/9c5f8d2df1224d35_0"
    ],
    "ultima_modificacion": "2025-08-01 01:02:00.959602"
  },
  "9bc6b988cc2b18090": {
    "app_sintetizada": "9BC6B988CC2B18090",
    "cantidad_archivos": 1,
    "archivos_fuente": [
      "Library/Caches/Google/Chrome/Default/Cache/Cache_Data/9bc6b988cc2b1809_0"
    ],
    "ultima_modificacion": "2025-08-01 01:02:00.960015"
  },
  "16fad378840090390": {
    "app_sintetizada": "16FAD378840090390",
    "cantidad_archivos": 1,
    "archivos_fuente": [
      "Library/Caches/Google/Chrome/Default/Cache/Cache_Data/16fad37884009039_0"
    ],
    "ultima_modificacion": "2025-08-01 01:02:00.960389"
  },
  "c4a0f831caf67f4f0": {
    "app_sintetizada": "C4A0F831CAF67F4F0",
    "cantidad_archivos": 1,
    "archivos_fuente": [
      "Library/Caches/Google/Chrome/Default/Cache/Cache_Data/c4a0f831caf67f4f_0"
    ],
    "ultima_modificacion": "2025-08-01 01:02:00.960736"
  },
  "1c24bfaa0de851150": {
    "app_sintetizada": "1C24BFAA0DE851150",
    "cantidad_archivos": 1,
    "archivos_fuente": [
      "Library/Caches/Google/Chrome/Default/Cache/Cache_Data/1c24bfaa0de85115_0"
    ],
    "ultima_modificacion": "2025-08-01 01:02:00.961092"
  },
  "0f3d8585c5e1c14c0": {
    "app_sintetizada": "0F3D8585C5E1C14C0",
    "cantidad_archivos": 1,
    "archivos_fuente": [
      "Library/Caches/Google/Chrome/Default/Cache/Cache_Data/0f3d8585c5e1c14c_0"
    ],
    "ultima_modificacion": "2025-08-01 01:02:00.961468"
  },
  "e33b1c9c6f51675c0": {
    "app_sintetizada": "E33B1C9C6F51675C0",
    "cantidad_archivos": 1,
    "archivos_fuente": [
      "Library/Caches/Google/Chrome/Default/Cache/Cache_Data/e33b1c9c6f51675c_0"
    ],
    "ultima_modificacion": "2025-08-01 01:02:00.961844"
  },
  "2286e31e117008cf0": {
    "app_sintetizada": "2286E31E117008CF0",
    "cantidad_archivos": 1,
    "archivos_fuente": [
      "Library/Caches/Google/Chrome/Default/Cache/Cache_Data/2286e31e117008cf_0"
    ],
    "ultima_modificacion": "2025-08-01 01:02:00.962196"
  },
  "21e422891078232c0": {
    "app_sintetizada": "21E422891078232C0",
    "cantidad_archivos": 1,
    "archivos_fuente": [
      "Library/Caches/Google/Chrome/Default/Cache/Cache_Data/21e422891078232c_0"
    ],
    "ultima_modificacion": "2025-08-01 01:02:00.962538"
  },
  "aea61d2f4689edfd0": {
    "app_sintetizada": "AEA61D2F4689EDFD0",
    "cantidad_archivos": 1,
    "archivos_fuente": [
      "Library/Caches/Google/Chrome/Default/Cache/Cache_Data/aea61d2f4689edfd_0"
    ],
    "ultima_modificacion": "2025-08-01 01:02:00.962891"
  },
  "ca4b1d0f7aa482920": {
    "app_sintetizada": "CA4B1D0F7AA482920",
    "cantidad_archivos": 1,
    "archivos_fuente": [
      "Library/Caches/Google/Chrome/Default/Cache/Cache_Data/ca4b1d0f7aa48292_0"
    ],
    "ultima_modificacion": "2025-08-01 01:02:00.963155"
  },
  "53f4883beb297c960": {
    "app_sintetizada": "53F4883BEB297C960",
    "cantidad_archivos": 1,
    "archivos_fuente": [
      "Library/Caches/Google/Chrome/Default/Cache/Cache_Data/53f4883beb297c96_0"
    ],
    "ultima_modificacion": "2025-08-01 01:02:00.963428"
  },
  "6373978e133b440a0": {
    "app_sintetizada": "6373978E133B440A0",
    "cantidad_archivos": 1,
    "archivos_fuente": [
      "Library/Caches/Google/Chrome/Default/Cache/Cache_Data/6373978e133b440a_0"
    ],
    "ultima_modificacion": "2025-08-01 01:02:00.963769"
  },
  "52b369c802c5c3f70": {
    "app_sintetizada": "52B369C802C5C3F70",
    "cantidad_archivos": 1,
    "archivos_fuente": [
      "Library/Caches/Google/Chrome/Default/Cache/Cache_Data/52b369c802c5c3f7_0"
    ],
    "ultima_modificacion": "2025-08-01 01:02:00.964064"
  },
  "7af3d0d586cc70500": {
    "app_sintetizada": "7AF3D0D586CC70500",
    "cantidad_archivos": 1,
    "archivos_fuente": [
      "Library/Caches/Google/Chrome/Default/Cache/Cache_Data/7af3d0d586cc7050_0"
    ],
    "ultima_modificacion": "2025-08-01 01:02:00.964397"
  },
  "88746f517af171cb0": {
    "app_sintetizada": "88746F517AF171CB0",
    "cantidad_archivos": 1,
    "archivos_fuente": [
      "Library/Caches/Google/Chrome/Default/Cache/Cache_Data/88746f517af171cb_0"
    ],
    "ultima_modificacion": "2025-08-01 01:02:00.964696"
  },
  "0ff42ad200ed56310": {
    "app_sintetizada": "0FF42AD200ED56310",
    "cantidad_archivos": 1,
    "archivos_fuente": [
      "Library/Caches/Google/Chrome/Default/Cache/Cache_Data/0ff42ad200ed5631_0"
    ],
    "ultima_modificacion": "2025-08-01 01:02:00.965022"
  },
  "f8e0627dbbefcb630": {
    "app_sintetizada": "F8E0627DBBEFCB630",
    "cantidad_archivos": 1,
    "archivos_fuente": [
      "Library/Caches/Google/Chrome/Default/Cache/Cache_Data/f8e0627dbbefcb63_0"
    ],
    "ultima_modificacion": "2025-08-01 01:02:00.965411"
  },
  "d625685cdd37827a0": {
    "app_sintetizada": "D625685CDD37827A0",
    "cantidad_archivos": 1,
    "archivos_fuente": [
      "Library/Caches/Google/Chrome/Default/Cache/Cache_Data/d625685cdd37827a_0"
    ],
    "ultima_modificacion": "2025-08-01 01:02:00.965713"
  },
  "bedc5d0d8ab2bcb20": {
    "app_sintetizada": "BEDC5D0D8AB2BCB20",
    "cantidad_archivos": 1,
    "archivos_fuente": [
      "Library/Caches/Google/Chrome/Default/Cache/Cache_Data/bedc5d0d8ab2bcb2_0"
    ],
    "ultima_modificacion": "2025-08-01 01:02:00.966001"
  },
  "2264f5ed90afc2dd0": {
    "app_sintetizada": "2264F5ED90AFC2DD0",
    "cantidad_archivos": 1,
    "archivos_fuente": [
      "Library/Caches/Google/Chrome/Default/Cache/Cache_Data/2264f5ed90afc2dd_0"
    ],
    "ultima_modificacion": "2025-08-01 01:02:00.966374"
  },
  "eddb7146f83fa654s": {
    "app_sintetizada": "EDDB7146F83FA654S",
    "cantidad_archivos": 1,
    "archivos_fuente": [
      "Library/Caches/Google/Chrome/Default/Cache/Cache_Data/eddb7146f83fa654_s"
    ],
    "ultima_modificacion": "2025-08-01 01:02:00.966659"
  },
  "d89b743e510b07330": {
    "app_sintetizada": "D89B743E510B07330",
    "cantidad_archivos": 1,
    "archivos_fuente": [
      "Library/Caches/Google/Chrome/Default/Cache/Cache_Data/d89b743e510b0733_0"
    ],
    "ultima_modificacion": "2025-08-01 01:02:00.966921"
  },
  "aecf63b12f36dd320": {
    "app_sintetizada": "AECF63B12F36DD320",
    "cantidad_archivos": 1,
    "archivos_fuente": [
      "Library/Caches/Google/Chrome/Default/Cache/Cache_Data/aecf63b12f36dd32_0"
    ],
    "ultima_modificacion": "2025-08-01 01:02:00.967266"
  },
  "833a1fe03be437af0": {
    "app_sintetizada": "833A1FE03BE437AF0",
    "cantidad_archivos": 1,
    "archivos_fuente": [
      "Library/Caches/Google/Chrome/Default/Cache/Cache_Data/833a1fe03be437af_0"
    ],
    "ultima_modificacion": "2025-08-01 01:02:00.967530"
  },
  "3ec7cde8197d859d0": {
    "app_sintetizada": "3EC7CDE8197D859D0",
    "cantidad_archivos": 1,
    "archivos_fuente": [
      "Library/Caches/Google/Chrome/Default/Cache/Cache_Data/3ec7cde8197d859d_0"
    ],
    "ultima_modificacion": "2025-08-01 01:02:00.967837"
  },
  "7969d797bd368fb40": {
    "app_sintetizada": "7969D797BD368FB40",
    "cantidad_archivos": 1,
    "archivos_fuente": [
      "Library/Caches/Google/Chrome/Default/Cache/Cache_Data/7969d797bd368fb4_0"
    ],
    "ultima_modificacion": "2025-08-01 01:02:00.968093"
  },
  "1debc03ffcf42aae0": {
    "app_sintetizada": "1DEBC03FFCF42AAE0",
    "cantidad_archivos": 1,
    "archivos_fuente": [
      "Library/Caches/Google/Chrome/Default/Cache/Cache_Data/1debc03ffcf42aae_0"
    ],
    "ultima_modificacion": "2025-08-01 01:02:00.968370"
  },
  "10420f2979c7ae700": {
    "app_sintetizada": "10420F2979C7AE700",
    "cantidad_archivos": 1,
    "archivos_fuente": [
      "Library/Caches/Google/Chrome/Default/Cache/Cache_Data/10420f2979c7ae70_0"
    ],
    "ultima_modificacion": "2025-08-01 01:02:00.968637"
  },
  "68e784e0f69704970": {
    "app_sintetizada": "68E784E0F69704970",
    "cantidad_archivos": 1,
    "archivos_fuente": [
      "Library/Caches/Google/Chrome/Default/Cache/Cache_Data/68e784e0f6970497_0"
    ],
    "ultima_modificacion": "2025-08-01 01:02:00.968900"
  },
  "2b3c1ced60d998cb0": {
    "app_sintetizada": "2B3C1CED60D998CB0",
    "cantidad_archivos": 1,
    "archivos_fuente": [
      "Library/Caches/Google/Chrome/Default/Cache/Cache_Data/2b3c1ced60d998cb_0"
    ],
    "ultima_modificacion": "2025-08-01 01:02:00.969163"
  },
  "abd09d107401e6410": {
    "app_sintetizada": "ABD09D107401E6410",
    "cantidad_archivos": 1,
    "archivos_fuente": [
      "Library/Caches/Google/Chrome/Default/Cache/Cache_Data/abd09d107401e641_0"
    ],
    "ultima_modificacion": "2025-08-01 01:02:00.969423"
  }
}