{
  "videoplaybackstrings44.6d1972f9.chunk.js": {
    "app_sintetizada": "VIDEOPLAYBACKSTRINGS44.6D1972F9.CHUNK.JS",
    "cantidad_archivos": 1,
    "archivos_fuente": [
      "Library/Group Containers/UBF8T346G9.Office/SolutionPackages/b123e3b2b659a4dead01e20274159d66/PackageResources/fluidhost/static/js/VideoPlaybackStrings44.6d1972f9.chunk.js"
    ],
    "ultima_modificacion": "2025-08-01 01:01:51.835209"
  },
  "shareservicestrings9.4b144c86.chunk.js": {
    "app_sintetizada": "SHARESERVICESTRINGS9.4B144C86.CHUNK.JS",
    "cantidad_archivos": 1,
    "archivos_fuente": [
      "Library/Group Containers/UBF8T346G9.Office/SolutionPackages/b123e3b2b659a4dead01e20274159d66/PackageResources/fluidhost/static/js/shareServiceStrings9.4b144c86.chunk.js"
    ],
    "ultima_modificacion": "2025-08-01 01:01:51.835480"
  },
  "19347.39bdf0ee.chunk.js": {
    "app_sintetizada": "19347.39BDF0EE.CHUNK.JS",
    "cantidad_archivos": 1,
    "archivos_fuente": [
      "Library/Group Containers/UBF8T346G9.Office/SolutionPackages/b123e3b2b659a4dead01e20274159d66/PackageResources/fluidhost/static/js/19347.39bdf0ee.chunk.js"
    ],
    "ultima_modificacion": "2025-08-01 01:01:51.835816"
  },
  "informationprotectionstrings15.a7b8ed93.chunk.js": {
    "app_sintetizada": "INFORMATIONPROTECTIONSTRINGS15.A7B8ED93.CHUNK.JS",
    "cantidad_archivos": 1,
    "archivos_fuente": [
      "Library/Group Containers/UBF8T346G9.Office/SolutionPackages/b123e3b2b659a4dead01e20274159d66/PackageResources/fluidhost/static/js/InformationProtectionStrings15.a7b8ed93.chunk.js"
    ],
    "ultima_modificacion": "2025-08-01 01:01:51.836145"
  },
  "3201.d55edb60.chunk.js": {
    "app_sintetizada": "3201.D55EDB60.CHUNK.JS",
    "cantidad_archivos": 1,
    "archivos_fuente": [
      "Library/Group Containers/UBF8T346G9.Office/SolutionPackages/b123e3b2b659a4dead01e20274159d66/PackageResources/fluidhost/static/js/3201.d55edb60.chunk.js"
    ],
    "ultima_modificacion": "2025-08-01 01:01:51.836510"
  },
  "gaieplexstringsjson.3399d235.chunk.js": {
    "app_sintetizada": "GAIEPLEXSTRINGSJSON.3399D235.CHUNK.JS",
    "cantidad_archivos": 1,
    "archivos_fuente": [
      "Library/Group Containers/UBF8T346G9.Office/SolutionPackages/b123e3b2b659a4dead01e20274159d66/PackageResources/fluidhost/static/js/ga-ie-plex-strings-json.3399d235.chunk.js"
    ],
    "ultima_modificacion": "2025-08-01 01:01:51.836856"
  },
  "92970.491eda47.chunk.js": {
    "app_sintetizada": "92970.491EDA47.CHUNK.JS",
    "cantidad_archivos": 1,
    "archivos_fuente": [
      "Library/Group Containers/UBF8T346G9.Office/SolutionPackages/b123e3b2b659a4dead01e20274159d66/PackageResources/fluidhost/static/js/92970.491eda47.chunk.js"
    ],
    "ultima_modificacion": "2025-08-01 01:01:51.837196"
  },
  "shareservicestrings11.68483bc3.chunk.js": {
    "app_sintetizada": "SHARESERVICESTRINGS11.68483BC3.CHUNK.JS",
    "cantidad_archivos": 1,
    "archivos_fuente": [
      "Library/Group Containers/UBF8T346G9.Office/SolutionPackages/b123e3b2b659a4dead01e20274159d66/PackageResources/fluidhost/static/js/shareServiceStrings11.68483bc3.chunk.js"
    ],
    "ultima_modificacion": "2025-08-01 01:01:51.837564"
  },
  "hostuxstrings43.ec4bd4e4.chunk.js": {
    "app_sintetizada": "HOSTUXSTRINGS43.EC4BD4E4.CHUNK.JS",
    "cantidad_archivos": 1,
    "archivos_fuente": [
      "Library/Group Containers/UBF8T346G9.Office/SolutionPackages/b123e3b2b659a4dead01e20274159d66/PackageResources/fluidhost/static/js/hostUxStrings43.ec4bd4e4.chunk.js"
    ],
    "ultima_modificacion": "2025-08-01 01:01:51.838048"
  },
  "59508.687f1b0b.chunk.js": {
    "app_sintetizada": "59508.687F1B0B.CHUNK.JS",
    "cantidad_archivos": 1,
    "archivos_fuente": [
      "Library/Group Containers/UBF8T346G9.Office/SolutionPackages/b123e3b2b659a4dead01e20274159d66/PackageResources/fluidhost/static/js/59508.687f1b0b.chunk.js"
    ],
    "ultima_modificacion": "2025-08-01 01:01:51.838411"
  },
  "hostuxstrings49.b49b1898.chunk.js": {
    "app_sintetizada": "HOSTUXSTRINGS49.B49B1898.CHUNK.JS",
    "cantidad_archivos": 1,
    "archivos_fuente": [
      "Library/Group Containers/UBF8T346G9.Office/SolutionPackages/b123e3b2b659a4dead01e20274159d66/PackageResources/fluidhost/static/js/hostUxStrings49.b49b1898.chunk.js"
    ],
    "ultima_modificacion": "2025-08-01 01:01:51.838755"
  },
  "hostuxstrings7.c185d25b.chunk.js": {
    "app_sintetizada": "HOSTUXSTRINGS7.C185D25B.CHUNK.JS",
    "cantidad_archivos": 1,
    "archivos_fuente": [
      "Library/Group Containers/UBF8T346G9.Office/SolutionPackages/b123e3b2b659a4dead01e20274159d66/PackageResources/fluidhost/static/js/hostUxStrings7.c185d25b.chunk.js"
    ],
    "ultima_modificacion": "2025-08-01 01:01:51.840335"
  },
  "cardloopstringsisjson.30222245.chunk.js": {
    "app_sintetizada": "CARDLOOPSTRINGSISJSON.30222245.CHUNK.JS",
    "cantidad_archivos": 1,
    "archivos_fuente": [
      "Library/Group Containers/UBF8T346G9.Office/SolutionPackages/b123e3b2b659a4dead01e20274159d66/PackageResources/fluidhost/static/js/cardloopstrings_is-json.30222245.chunk.js"
    ],
    "ultima_modificacion": "2025-08-01 01:01:51.840988"
  },
  "ptptplexstringsjson.8033f558.chunk.js": {
    "app_sintetizada": "PTPTPLEXSTRINGSJSON.8033F558.CHUNK.JS",
    "cantidad_archivos": 1,
    "archivos_fuente": [
      "Library/Group Containers/UBF8T346G9.Office/SolutionPackages/b123e3b2b659a4dead01e20274159d66/PackageResources/fluidhost/static/js/pt-pt-plex-strings-json.8033f558.chunk.js"
    ],
    "ultima_modificacion": "2025-08-01 01:01:51.841397"
  },
  "videoplaybackstrings69.f995eb4e.chunk.js": {
    "app_sintetizada": "VIDEOPLAYBACKSTRINGS69.F995EB4E.CHUNK.JS",
    "cantidad_archivos": 1,
    "archivos_fuente": [
      "Library/Group Containers/UBF8T346G9.Office/SolutionPackages/b123e3b2b659a4dead01e20274159d66/PackageResources/fluidhost/static/js/VideoPlaybackStrings69.f995eb4e.chunk.js"
    ],
    "ultima_modificacion": "2025-08-01 01:01:51.841810"
  },
  "informationprotectionstrings24.34fd4f17.chunk.js": {
    "app_sintetizada": "INFORMATIONPROTECTIONSTRINGS24.34FD4F17.CHUNK.JS",
    "cantidad_archivos": 1,
    "archivos_fuente": [
      "Library/Group Containers/UBF8T346G9.Office/SolutionPackages/b123e3b2b659a4dead01e20274159d66/PackageResources/fluidhost/static/js/InformationProtectionStrings24.34fd4f17.chunk.js"
    ],
    "ultima_modificacion": "2025-08-01 01:01:51.842348"
  },
  "41717.3f0933e2.chunk.js": {
    "app_sintetizada": "41717.3F0933E2.CHUNK.JS",
    "cantidad_archivos": 1,
    "archivos_fuente": [
      "Library/Group Containers/UBF8T346G9.Office/SolutionPackages/b123e3b2b659a4dead01e20274159d66/PackageResources/fluidhost/static/js/41717.3f0933e2.chunk.js"
    ],
    "ultima_modificacion": "2025-08-01 01:01:51.842757"
  },
  "driveitemmodule.9f5b70f3.chunk.js": {
    "app_sintetizada": "DRIVEITEMMODULE.9F5B70F3.CHUNK.JS",
    "cantidad_archivos": 1,
    "archivos_fuente": [
      "Library/Group Containers/UBF8T346G9.Office/SolutionPackages/b123e3b2b659a4dead01e20274159d66/PackageResources/fluidhost/static/js/driveitemmodule.9f5b70f3.chunk.js"
    ],
    "ultima_modificacion": "2025-08-01 01:01:51.843104"
  },
  "videoplaybackstrings70.7dcef79c.chunk.js": {
    "app_sintetizada": "VIDEOPLAYBACKSTRINGS70.7DCEF79C.CHUNK.JS",
    "cantidad_archivos": 1,
    "archivos_fuente": [
      "Library/Group Containers/UBF8T346G9.Office/SolutionPackages/b123e3b2b659a4dead01e20274159d66/PackageResources/fluidhost/static/js/VideoPlaybackStrings70.7dcef79c.chunk.js"
    ],
    "ultima_modificacion": "2025-08-01 01:01:51.843467"
  },
  "tsgraphodataapi.384916b9.chunk.js": {
    "app_sintetizada": "TSGRAPHODATAAPI.384916B9.CHUNK.JS",
    "cantidad_archivos": 1,
    "archivos_fuente": [
      "Library/Group Containers/UBF8T346G9.Office/SolutionPackages/b123e3b2b659a4dead01e20274159d66/PackageResources/fluidhost/static/js/tsgraphodataapi.384916b9.chunk.js"
    ],
    "ultima_modificacion": "2025-08-01 01:01:51.843851"
  },
  "esplexstringsjson.d120837a.chunk.js": {
    "app_sintetizada": "ESPLEXSTRINGSJSON.D120837A.CHUNK.JS",
    "cantidad_archivos": 1,
    "archivos_fuente": [
      "Library/Group Containers/UBF8T346G9.Office/SolutionPackages/b123e3b2b659a4dead01e20274159d66/PackageResources/fluidhost/static/js/es-plex-strings-json.d120837a.chunk.js"
    ],
    "ultima_modificacion": "2025-08-01 01:01:51.844210"
  },
  "videoplaybackstrings6.a09aeb52.chunk.js": {
    "app_sintetizada": "VIDEOPLAYBACKSTRINGS6.A09AEB52.CHUNK.JS",
    "cantidad_archivos": 1,
    "archivos_fuente": [
      "Library/Group Containers/UBF8T346G9.Office/SolutionPackages/b123e3b2b659a4dead01e20274159d66/PackageResources/fluidhost/static/js/VideoPlaybackStrings6.a09aeb52.chunk.js"
    ],
    "ultima_modificacion": "2025-08-01 01:01:51.844618"
  },
  "hostuxstrings42.4e12413d.chunk.js": {
    "app_sintetizada": "HOSTUXSTRINGS42.4E12413D.CHUNK.JS",
    "cantidad_archivos": 1,
    "archivos_fuente": [
      "Library/Group Containers/UBF8T346G9.Office/SolutionPackages/b123e3b2b659a4dead01e20274159d66/PackageResources/fluidhost/static/js/hostUxStrings42.4e12413d.chunk.js"
    ],
    "ultima_modificacion": "2025-08-01 01:01:51.845254"
  },
  "skplexstringsjson.dec2fb86.chunk.js": {
    "app_sintetizada": "SKPLEXSTRINGSJSON.DEC2FB86.CHUNK.JS",
    "cantidad_archivos": 1,
    "archivos_fuente": [
      "Library/Group Containers/UBF8T346G9.Office/SolutionPackages/b123e3b2b659a4dead01e20274159d66/PackageResources/fluidhost/static/js/sk-plex-strings-json.dec2fb86.chunk.js"
    ],
    "ultima_modificacion": "2025-08-01 01:01:51.845680"
  },
  "hostuxstrings47.591e4dc7.chunk.js": {
    "app_sintetizada": "HOSTUXSTRINGS47.591E4DC7.CHUNK.JS",
    "cantidad_archivos": 1,
    "archivos_fuente": [
      "Library/Group Containers/UBF8T346G9.Office/SolutionPackages/b123e3b2b659a4dead01e20274159d66/PackageResources/fluidhost/static/js/hostUxStrings47.591e4dc7.chunk.js"
    ],
    "ultima_modificacion": "2025-08-01 01:01:51.846075"
  },
  "cardloopstringssljson.bcd3544e.chunk.js": {
    "app_sintetizada": "CARDLOOPSTRINGSSLJSON.BCD3544E.CHUNK.JS",
    "cantidad_archivos": 1,
    "archivos_fuente": [
      "Library/Group Containers/UBF8T346G9.Office/SolutionPackages/b123e3b2b659a4dead01e20274159d66/PackageResources/fluidhost/static/js/cardloopstrings_sl-json.bcd3544e.chunk.js"
    ],
    "ultima_modificacion": "2025-08-01 01:01:51.846506"
  },
  "informationprotectionstrings13.feb3cb53.chunk.js": {
    "app_sintetizada": "INFORMATIONPROTECTIONSTRINGS13.FEB3CB53.CHUNK.JS",
    "cantidad_archivos": 1,
    "archivos_fuente": [
      "Library/Group Containers/UBF8T346G9.Office/SolutionPackages/b123e3b2b659a4dead01e20274159d66/PackageResources/fluidhost/static/js/InformationProtectionStrings13.feb3cb53.chunk.js"
    ],
    "ultima_modificacion": "2025-08-01 01:01:51.846870"
  },
  "genericlinkstrings36.389697d6.chunk.js": {
    "app_sintetizada": "GENERICLINKSTRINGS36.389697D6.CHUNK.JS",
    "cantidad_archivos": 1,
    "archivos_fuente": [
      "Library/Group Containers/UBF8T346G9.Office/SolutionPackages/b123e3b2b659a4dead01e20274159d66/PackageResources/fluidhost/static/js/genericLinkStrings36.389697d6.chunk.js"
    ],
    "ultima_modificacion": "2025-08-01 01:01:51.848389"
  },
  "shareservicestrings21.5134ef1a.chunk.js": {
    "app_sintetizada": "SHARESERVICESTRINGS21.5134EF1A.CHUNK.JS",
    "cantidad_archivos": 1,
    "archivos_fuente": [
      "Library/Group Containers/UBF8T346G9.Office/SolutionPackages/b123e3b2b659a4dead01e20274159d66/PackageResources/fluidhost/static/js/shareServiceStrings21.5134ef1a.chunk.js"
    ],
    "ultima_modificacion": "2025-08-01 01:01:51.849186"
  },
  "videoplaybackstrings66.c4932de9.chunk.js": {
    "app_sintetizada": "VIDEOPLAYBACKSTRINGS66.C4932DE9.CHUNK.JS",
    "cantidad_archivos": 1,
    "archivos_fuente": [
      "Library/Group Containers/UBF8T346G9.Office/SolutionPackages/b123e3b2b659a4dead01e20274159d66/PackageResources/fluidhost/static/js/VideoPlaybackStrings66.c4932de9.chunk.js"
    ],
    "ultima_modificacion": "2025-08-01 01:01:51.849636"
  },
  "videoplaybackstrings61.d3f32f77.chunk.js": {
    "app_sintetizada": "VIDEOPLAYBACKSTRINGS61.D3F32F77.CHUNK.JS",
    "cantidad_archivos": 1,
    "archivos_fuente": [
      "Library/Group Containers/UBF8T346G9.Office/SolutionPackages/b123e3b2b659a4dead01e20274159d66/PackageResources/fluidhost/static/js/VideoPlaybackStrings61.d3f32f77.chunk.js"
    ],
    "ultima_modificacion": "2025-08-01 01:01:51.850091"
  },
  "loopappdialogs.02b2a19e.chunk.js": {
    "app_sintetizada": "LOOPAPPDIALOGS.02B2A19E.CHUNK.JS",
    "cantidad_archivos": 1,
    "archivos_fuente": [
      "Library/Group Containers/UBF8T346G9.Office/SolutionPackages/b123e3b2b659a4dead01e20274159d66/PackageResources/fluidhost/static/js/loopappdialogs.02b2a19e.chunk.js"
    ],
    "ultima_modificacion": "2025-08-01 01:01:51.850554"
  },
  "cardloopstringskajson.2e8ac0d8.chunk.js": {
    "app_sintetizada": "CARDLOOPSTRINGSKAJSON.2E8AC0D8.CHUNK.JS",
    "cantidad_archivos": 1,
    "archivos_fuente": [
      "Library/Group Containers/UBF8T346G9.Office/SolutionPackages/b123e3b2b659a4dead01e20274159d66/PackageResources/fluidhost/static/js/cardloopstrings_ka-json.2e8ac0d8.chunk.js"
    ],
    "ultima_modificacion": "2025-08-01 01:01:51.851085"
  },
  "itplexstringsjson.86414de8.chunk.js": {
    "app_sintetizada": "ITPLEXSTRINGSJSON.86414DE8.CHUNK.JS",
    "cantidad_archivos": 1,
    "archivos_fuente": [
      "Library/Group Containers/UBF8T346G9.Office/SolutionPackages/b123e3b2b659a4dead01e20274159d66/PackageResources/fluidhost/static/js/it-plex-strings-json.86414de8.chunk.js"
    ],
    "ultima_modificacion": "2025-08-01 01:01:51.851956"
  },
  "cardloopstringsbninjson.42d80f73.chunk.js": {
    "app_sintetizada": "CARDLOOPSTRINGSBNINJSON.42D80F73.CHUNK.JS",
    "cantidad_archivos": 1,
    "archivos_fuente": [
      "Library/Group Containers/UBF8T346G9.Office/SolutionPackages/b123e3b2b659a4dead01e20274159d66/PackageResources/fluidhost/static/js/cardloopstrings_bn-in-json.42d80f73.chunk.js"
    ],
    "ultima_modificacion": "2025-08-01 01:01:51.852402"
  },
  "52326.89b278e9.chunk.js": {
    "app_sintetizada": "52326.89B278E9.CHUNK.JS",
    "cantidad_archivos": 1,
    "archivos_fuente": [
      "Library/Group Containers/UBF8T346G9.Office/SolutionPackages/b123e3b2b659a4dead01e20274159d66/PackageResources/fluidhost/static/js/52326.89b278e9.chunk.js"
    ],
    "ultima_modificacion": "2025-08-01 01:01:51.854077"
  },
  "shareservicestrings56.805fc2b0.chunk.js": {
    "app_sintetizada": "SHARESERVICESTRINGS56.805FC2B0.CHUNK.JS",
    "cantidad_archivos": 1,
    "archivos_fuente": [
      "Library/Group Containers/UBF8T346G9.Office/SolutionPackages/b123e3b2b659a4dead01e20274159d66/PackageResources/fluidhost/static/js/shareServiceStrings56.805fc2b0.chunk.js"
    ],
    "ultima_modificacion": "2025-08-01 01:01:51.854550"
  },
  "informationprotectionstrings74.c40daa29.chunk.js": {
    "app_sintetizada": "INFORMATIONPROTECTIONSTRINGS74.C40DAA29.CHUNK.JS",
    "cantidad_archivos": 1,
    "archivos_fuente": [
      "Library/Group Containers/UBF8T346G9.Office/SolutionPackages/b123e3b2b659a4dead01e20274159d66/PackageResources/fluidhost/static/js/InformationProtectionStrings74.c40daa29.chunk.js"
    ],
    "ultima_modificacion": "2025-08-01 01:01:51.855010"
  },
  "cardloopstringscajson.0f4dc581.chunk.js": {
    "app_sintetizada": "CARDLOOPSTRINGSCAJSON.0F4DC581.CHUNK.JS",
    "cantidad_archivos": 1,
    "archivos_fuente": [
      "Library/Group Containers/UBF8T346G9.Office/SolutionPackages/b123e3b2b659a4dead01e20274159d66/PackageResources/fluidhost/static/js/cardloopstrings_ca-json.0f4dc581.chunk.js"
    ],
    "ultima_modificacion": "2025-08-01 01:01:51.855425"
  },
  "informationprotectionstrings47.d5c4bb98.chunk.js": {
    "app_sintetizada": "INFORMATIONPROTECTIONSTRINGS47.D5C4BB98.CHUNK.JS",
    "cantidad_archivos": 1,
    "archivos_fuente": [
      "Library/Group Containers/UBF8T346G9.Office/SolutionPackages/b123e3b2b659a4dead01e20274159d66/PackageResources/fluidhost/static/js/InformationProtectionStrings47.d5c4bb98.chunk.js"
    ],
    "ultima_modificacion": "2025-08-01 01:01:51.855837"
  },
  "informationprotectionstrings64.2aeb37d6.chunk.js": {
    "app_sintetizada": "INFORMATIONPROTECTIONSTRINGS64.2AEB37D6.CHUNK.JS",
    "cantidad_archivos": 1,
    "archivos_fuente": [
      "Library/Group Containers/UBF8T346G9.Office/SolutionPackages/b123e3b2b659a4dead01e20274159d66/PackageResources/fluidhost/static/js/InformationProtectionStrings64.2aeb37d6.chunk.js"
    ],
    "ultima_modificacion": "2025-08-01 01:01:51.856246"
  },
  "asinplexstringsjson.34e5d7cc.chunk.js": {
    "app_sintetizada": "ASINPLEXSTRINGSJSON.34E5D7CC.CHUNK.JS",
    "cantidad_archivos": 1,
    "archivos_fuente": [
      "Library/Group Containers/UBF8T346G9.Office/SolutionPackages/b123e3b2b659a4dead01e20274159d66/PackageResources/fluidhost/static/js/as-in-plex-strings-json.34e5d7cc.chunk.js"
    ],
    "ultima_modificacion": "2025-08-01 01:01:51.856605"
  },
  "userac.f438bb90.chunk.js": {
    "app_sintetizada": "USERAC.F438BB90.CHUNK.JS",
    "cantidad_archivos": 1,
    "archivos_fuente": [
      "Library/Group Containers/UBF8T346G9.Office/SolutionPackages/b123e3b2b659a4dead01e20274159d66/PackageResources/fluidhost/static/js/userac.f438bb90.chunk.js"
    ],
    "ultima_modificacion": "2025-08-01 01:01:51.856982"
  },
  "shareservicestrings81.02c103a8.chunk.js": {
    "app_sintetizada": "SHARESERVICESTRINGS81.02C103A8.CHUNK.JS",
    "cantidad_archivos": 1,
    "archivos_fuente": [
      "Library/Group Containers/UBF8T346G9.Office/SolutionPackages/b123e3b2b659a4dead01e20274159d66/PackageResources/fluidhost/static/js/shareServiceStrings81.02c103a8.chunk.js"
    ],
    "ultima_modificacion": "2025-08-01 01:01:51.857385"
  },
  "informationprotectionstrings52.cad5cecc.chunk.js": {
    "app_sintetizada": "INFORMATIONPROTECTIONSTRINGS52.CAD5CECC.CHUNK.JS",
    "cantidad_archivos": 1,
    "archivos_fuente": [
      "Library/Group Containers/UBF8T346G9.Office/SolutionPackages/b123e3b2b659a4dead01e20274159d66/PackageResources/fluidhost/static/js/InformationProtectionStrings52.cad5cecc.chunk.js"
    ],
    "ultima_modificacion": "2025-08-01 01:01:51.857806"
  },
  "genericlinkstrings35.b0311407.chunk.js": {
    "app_sintetizada": "GENERICLINKSTRINGS35.B0311407.CHUNK.JS",
    "cantidad_archivos": 1,
    "archivos_fuente": [
      "Library/Group Containers/UBF8T346G9.Office/SolutionPackages/b123e3b2b659a4dead01e20274159d66/PackageResources/fluidhost/static/js/genericLinkStrings35.b0311407.chunk.js"
    ],
    "ultima_modificacion": "2025-08-01 01:01:51.858198"
  },
  "plannercomponent.7b17a25e.chunk.js": {
    "app_sintetizada": "PLANNERCOMPONENT.7B17A25E.CHUNK.JS",
    "cantidad_archivos": 1,
    "archivos_fuente": [
      "Library/Group Containers/UBF8T346G9.Office/SolutionPackages/b123e3b2b659a4dead01e20274159d66/PackageResources/fluidhost/static/js/PlannerComponent.7b17a25e.chunk.js"
    ],
    "ultima_modificacion": "2025-08-01 01:01:51.858619"
  },
  "cardloopstringsnojson.374f1e10.chunk.js": {
    "app_sintetizada": "CARDLOOPSTRINGSNOJSON.374F1E10.CHUNK.JS",
    "cantidad_archivos": 1,
    "archivos_fuente": [
      "Library/Group Containers/UBF8T346G9.Office/SolutionPackages/b123e3b2b659a4dead01e20274159d66/PackageResources/fluidhost/static/js/cardloopstrings_no-json.374f1e10.chunk.js"
    ],
    "ultima_modificacion": "2025-08-01 01:01:51.859016"
  },
  "videoplaybackstrings5.f03d0587.chunk.js": {
    "app_sintetizada": "VIDEOPLAYBACKSTRINGS5.F03D0587.CHUNK.JS",
    "cantidad_archivos": 1,
    "archivos_fuente": [
      "Library/Group Containers/UBF8T346G9.Office/SolutionPackages/b123e3b2b659a4dead01e20274159d66/PackageResources/fluidhost/static/js/VideoPlaybackStrings5.f03d0587.chunk.js"
    ],
    "ultima_modificacion": "2025-08-01 01:01:51.859398"
  },
  "hostuxstrings29.1619da92.chunk.js": {
    "app_sintetizada": "HOSTUXSTRINGS29.1619DA92.CHUNK.JS",
    "cantidad_archivos": 1,
    "archivos_fuente": [
      "Library/Group Containers/UBF8T346G9.Office/SolutionPackages/b123e3b2b659a4dead01e20274159d66/PackageResources/fluidhost/static/js/hostUxStrings29.1619da92.chunk.js"
    ],
    "ultima_modificacion": "2025-08-01 01:01:51.859765"
  },
  "informationprotectionstrings14.34a0c87f.chunk.js": {
    "app_sintetizada": "INFORMATIONPROTECTIONSTRINGS14.34A0C87F.CHUNK.JS",
    "cantidad_archivos": 1,
    "archivos_fuente": [
      "Library/Group Containers/UBF8T346G9.Office/SolutionPackages/b123e3b2b659a4dead01e20274159d66/PackageResources/fluidhost/static/js/InformationProtectionStrings14.34a0c87f.chunk.js"
    ],
    "ultima_modificacion": "2025-08-01 01:01:51.860103"
  },
  "uzlatnuzplexstringsjson.700e25bd.chunk.js": {
    "app_sintetizada": "UZLATNUZPLEXSTRINGSJSON.700E25BD.CHUNK.JS",
    "cantidad_archivos": 1,
    "archivos_fuente": [
      "Library/Group Containers/UBF8T346G9.Office/SolutionPackages/b123e3b2b659a4dead01e20274159d66/PackageResources/fluidhost/static/js/uz-latn-uz-plex-strings-json.700e25bd.chunk.js"
    ],
    "ultima_modificacion": "2025-08-01 01:01:51.860465"
  },
  "cardloopstringszhhansjson.c6f16485.chunk.js": {
    "app_sintetizada": "CARDLOOPSTRINGSZHHANSJSON.C6F16485.CHUNK.JS",
    "cantidad_archivos": 1,
    "archivos_fuente": [
      "Library/Group Containers/UBF8T346G9.Office/SolutionPackages/b123e3b2b659a4dead01e20274159d66/PackageResources/fluidhost/static/js/cardloopstrings_zh-hans-json.c6f16485.chunk.js"
    ],
    "ultima_modificacion": "2025-08-01 01:01:51.860834"
  },
  "informationprotectionstrings54.c338f894.chunk.js": {
    "app_sintetizada": "INFORMATIONPROTECTIONSTRINGS54.C338F894.CHUNK.JS",
    "cantidad_archivos": 1,
    "archivos_fuente": [
      "Library/Group Containers/UBF8T346G9.Office/SolutionPackages/b123e3b2b659a4dead01e20274159d66/PackageResources/fluidhost/static/js/InformationProtectionStrings54.c338f894.chunk.js"
    ],
    "ultima_modificacion": "2025-08-01 01:01:51.861210"
  },
  "7691.6a94eb2a.chunk.js": {
    "app_sintetizada": "7691.6A94EB2A.CHUNK.JS",
    "cantidad_archivos": 1,
    "archivos_fuente": [
      "Library/Group Containers/UBF8T346G9.Office/SolutionPackages/b123e3b2b659a4dead01e20274159d66/PackageResources/fluidhost/static/js/7691.6a94eb2a.chunk.js"
    ],
    "ultima_modificacion": "2025-08-01 01:01:51.861588"
  },
  "videoplaybackstrings8.69b56005.chunk.js": {
    "app_sintetizada": "VIDEOPLAYBACKSTRINGS8.69B56005.CHUNK.JS",
    "cantidad_archivos": 1,
    "archivos_fuente": [
      "Library/Group Containers/UBF8T346G9.Office/SolutionPackages/b123e3b2b659a4dead01e20274159d66/PackageResources/fluidhost/static/js/VideoPlaybackStrings8.69b56005.chunk.js"
    ],
    "ultima_modificacion": "2025-08-01 01:01:51.861961"
  },
  "genericlinkstrings78.50560c49.chunk.js": {
    "app_sintetizada": "GENERICLINKSTRINGS78.50560C49.CHUNK.JS",
    "cantidad_archivos": 1,
    "archivos_fuente": [
      "Library/Group Containers/UBF8T346G9.Office/SolutionPackages/b123e3b2b659a4dead01e20274159d66/PackageResources/fluidhost/static/js/genericLinkStrings78.50560c49.chunk.js"
    ],
    "ultima_modificacion": "2025-08-01 01:01:51.862347"
  },
  "hostuxstrings54.0fe5ada7.chunk.js": {
    "app_sintetizada": "HOSTUXSTRINGS54.0FE5ADA7.CHUNK.JS",
    "cantidad_archivos": 1,
    "archivos_fuente": [
      "Library/Group Containers/UBF8T346G9.Office/SolutionPackages/b123e3b2b659a4dead01e20274159d66/PackageResources/fluidhost/static/js/hostUxStrings54.0fe5ada7.chunk.js"
    ],
    "ultima_modificacion": "2025-08-01 01:01:51.862728"
  },
  "shareservicestrings22.95fadcc4.chunk.js": {
    "app_sintetizada": "SHARESERVICESTRINGS22.95FADCC4.CHUNK.JS",
    "cantidad_archivos": 1,
    "archivos_fuente": [
      "Library/Group Containers/UBF8T346G9.Office/SolutionPackages/b123e3b2b659a4dead01e20274159d66/PackageResources/fluidhost/static/js/shareServiceStrings22.95fadcc4.chunk.js"
    ],
    "ultima_modificacion": "2025-08-01 01:01:51.863244"
  },
  "videoplaybackstrings38.51f3d695.chunk.js": {
    "app_sintetizada": "VIDEOPLAYBACKSTRINGS38.51F3D695.CHUNK.JS",
    "cantidad_archivos": 1,
    "archivos_fuente": [
      "Library/Group Containers/UBF8T346G9.Office/SolutionPackages/b123e3b2b659a4dead01e20274159d66/PackageResources/fluidhost/static/js/VideoPlaybackStrings38.51f3d695.chunk.js"
    ],
    "ultima_modificacion": "2025-08-01 01:01:51.863610"
  },
  "apppoweredtasksection.76b3ce5c.chunk.js": {
    "app_sintetizada": "APPPOWEREDTASKSECTION.76B3CE5C.CHUNK.JS",
    "cantidad_archivos": 1,
    "archivos_fuente": [
      "Library/Group Containers/UBF8T346G9.Office/SolutionPackages/b123e3b2b659a4dead01e20274159d66/PackageResources/fluidhost/static/js/apppoweredtasksection.76b3ce5c.chunk.js"
    ],
    "ultima_modificacion": "2025-08-01 01:01:51.863912"
  },
  "qpsplocmplexstringsjson.a92ef0e9.chunk.js": {
    "app_sintetizada": "QPSPLOCMPLEXSTRINGSJSON.A92EF0E9.CHUNK.JS",
    "cantidad_archivos": 1,
    "archivos_fuente": [
      "Library/Group Containers/UBF8T346G9.Office/SolutionPackages/b123e3b2b659a4dead01e20274159d66/PackageResources/fluidhost/static/js/qps-plocm-plex-strings-json.a92ef0e9.chunk.js"
    ],
    "ultima_modificacion": "2025-08-01 01:01:51.864191"
  },
  "17323.b0ea822b.chunk.js": {
    "app_sintetizada": "17323.B0EA822B.CHUNK.JS",
    "cantidad_archivos": 1,
    "archivos_fuente": [
      "Library/Group Containers/UBF8T346G9.Office/SolutionPackages/b123e3b2b659a4dead01e20274159d66/PackageResources/fluidhost/static/js/17323.b0ea822b.chunk.js"
    ],
    "ultima_modificacion": "2025-08-01 01:01:51.864504"
  },
  "videoplaybackstrings53.e7e0161b.chunk.js": {
    "app_sintetizada": "VIDEOPLAYBACKSTRINGS53.E7E0161B.CHUNK.JS",
    "cantidad_archivos": 1,
    "archivos_fuente": [
      "Library/Group Containers/UBF8T346G9.Office/SolutionPackages/b123e3b2b659a4dead01e20274159d66/PackageResources/fluidhost/static/js/VideoPlaybackStrings53.e7e0161b.chunk.js"
    ],
    "ultima_modificacion": "2025-08-01 01:01:51.864818"
  },
  "genericlinkstrings30.e56e2e83.chunk.js": {
    "app_sintetizada": "GENERICLINKSTRINGS30.E56E2E83.CHUNK.JS",
    "cantidad_archivos": 1,
    "archivos_fuente": [
      "Library/Group Containers/UBF8T346G9.Office/SolutionPackages/b123e3b2b659a4dead01e20274159d66/PackageResources/fluidhost/static/js/genericLinkStrings30.e56e2e83.chunk.js"
    ],
    "ultima_modificacion": "2025-08-01 01:01:51.865176"
  },
  "cardloopstringscsjson.dbc3e55c.chunk.js": {
    "app_sintetizada": "CARDLOOPSTRINGSCSJSON.DBC3E55C.CHUNK.JS",
    "cantidad_archivos": 1,
    "archivos_fuente": [
      "Library/Group Containers/UBF8T346G9.Office/SolutionPackages/b123e3b2b659a4dead01e20274159d66/PackageResources/fluidhost/static/js/cardloopstrings_cs-json.dbc3e55c.chunk.js"
    ],
    "ultima_modificacion": "2025-08-01 01:01:51.865491"
  },
  "56295.1429c05b.chunk.js": {
    "app_sintetizada": "56295.1429C05B.CHUNK.JS",
    "cantidad_archivos": 1,
    "archivos_fuente": [
      "Library/Group Containers/UBF8T346G9.Office/SolutionPackages/b123e3b2b659a4dead01e20274159d66/PackageResources/fluidhost/static/js/56295.1429c05b.chunk.js"
    ],
    "ultima_modificacion": "2025-08-01 01:01:51.865841"
  },
  "shareservicestrings51.12e12b69.chunk.js": {
    "app_sintetizada": "SHARESERVICESTRINGS51.12E12B69.CHUNK.JS",
    "cantidad_archivos": 1,
    "archivos_fuente": [
      "Library/Group Containers/UBF8T346G9.Office/SolutionPackages/b123e3b2b659a4dead01e20274159d66/PackageResources/fluidhost/static/js/shareServiceStrings51.12e12b69.chunk.js"
    ],
    "ultima_modificacion": "2025-08-01 01:01:51.866230"
  },
  "genericlinkstrings71.c0dc370f.chunk.js": {
    "app_sintetizada": "GENERICLINKSTRINGS71.C0DC370F.CHUNK.JS",
    "cantidad_archivos": 1,
    "archivos_fuente": [
      "Library/Group Containers/UBF8T346G9.Office/SolutionPackages/b123e3b2b659a4dead01e20274159d66/PackageResources/fluidhost/static/js/genericLinkStrings71.c0dc370f.chunk.js"
    ],
    "ultima_modificacion": "2025-08-01 01:01:51.866591"
  },
  "videoplaybackstrings2.8ca357d0.chunk.js": {
    "app_sintetizada": "VIDEOPLAYBACKSTRINGS2.8CA357D0.CHUNK.JS",
    "cantidad_archivos": 1,
    "archivos_fuente": [
      "Library/Group Containers/UBF8T346G9.Office/SolutionPackages/b123e3b2b659a4dead01e20274159d66/PackageResources/fluidhost/static/js/VideoPlaybackStrings2.8ca357d0.chunk.js"
    ],
    "ultima_modificacion": "2025-08-01 01:01:51.866925"
  },
  "fluidhostvideoloop.46028f60.chunk.js": {
    "app_sintetizada": "FLUIDHOSTVIDEOLOOP.46028F60.CHUNK.JS",
    "cantidad_archivos": 1,
    "archivos_fuente": [
      "Library/Group Containers/UBF8T346G9.Office/SolutionPackages/b123e3b2b659a4dead01e20274159d66/PackageResources/fluidhost/static/js/fluidHost-videoLoop.46028f60.chunk.js"
    ],
    "ultima_modificacion": "2025-08-01 01:01:51.867305"
  },
  "shareservicestrings36.c7114ae6.chunk.js": {
    "app_sintetizada": "SHARESERVICESTRINGS36.C7114AE6.CHUNK.JS",
    "cantidad_archivos": 1,
    "archivos_fuente": [
      "Library/Group Containers/UBF8T346G9.Office/SolutionPackages/b123e3b2b659a4dead01e20274159d66/PackageResources/fluidhost/static/js/shareServiceStrings36.c7114ae6.chunk.js"
    ],
    "ultima_modificacion": "2025-08-01 01:01:51.867666"
  },
  "notificationmodule.659f5592.chunk.js": {
    "app_sintetizada": "NOTIFICATIONMODULE.659F5592.CHUNK.JS",
    "cantidad_archivos": 1,
    "archivos_fuente": [
      "Library/Group Containers/UBF8T346G9.Office/SolutionPackages/b123e3b2b659a4dead01e20274159d66/PackageResources/fluidhost/static/js/notificationmodule.659f5592.chunk.js"
    ],
    "ultima_modificacion": "2025-08-01 01:01:51.867966"
  },
  "cardloopstringscaesvalenciajson.3130413b.chunk.js": {
    "app_sintetizada": "CARDLOOPSTRINGSCAESVALENCIAJSON.3130413B.CHUNK.JS",
    "cantidad_archivos": 1,
    "archivos_fuente": [
      "Library/Group Containers/UBF8T346G9.Office/SolutionPackages/b123e3b2b659a4dead01e20274159d66/PackageResources/fluidhost/static/js/cardloopstrings_ca-es-valencia-json.3130413b.chunk.js"
    ],
    "ultima_modificacion": "2025-08-01 01:01:51.868301"
  },
  "tenantmodule.5f795c41.chunk.js": {
    "app_sintetizada": "TENANTMODULE.5F795C41.CHUNK.JS",
    "cantidad_archivos": 1,
    "archivos_fuente": [
      "Library/Group Containers/UBF8T346G9.Office/SolutionPackages/b123e3b2b659a4dead01e20274159d66/PackageResources/fluidhost/static/js/tenantmodule.5f795c41.chunk.js"
    ],
    "ultima_modificacion": "2025-08-01 01:01:51.868718"
  },
  "32870.e379689c.chunk.js": {
    "app_sintetizada": "32870.E379689C.CHUNK.JS",
    "cantidad_archivos": 1,
    "archivos_fuente": [
      "Library/Group Containers/UBF8T346G9.Office/SolutionPackages/b123e3b2b659a4dead01e20274159d66/PackageResources/fluidhost/static/js/32870.e379689c.chunk.js"
    ],
    "ultima_modificacion": "2025-08-01 01:01:51.869054"
  },
  "plannerinsertioncomponent.e0088522.chunk.js": {
    "app_sintetizada": "PLANNERINSERTIONCOMPONENT.E0088522.CHUNK.JS",
    "cantidad_archivos": 1,
    "archivos_fuente": [
      "Library/Group Containers/UBF8T346G9.Office/SolutionPackages/b123e3b2b659a4dead01e20274159d66/PackageResources/fluidhost/static/js/PlannerInsertionComponent.e0088522.chunk.js"
    ],
    "ultima_modificacion": "2025-08-01 01:01:51.869338"
  },
  "shareservicestrings50.374a5094.chunk.js": {
    "app_sintetizada": "SHARESERVICESTRINGS50.374A5094.CHUNK.JS",
    "cantidad_archivos": 1,
    "archivos_fuente": [
      "Library/Group Containers/UBF8T346G9.Office/SolutionPackages/b123e3b2b659a4dead01e20274159d66/PackageResources/fluidhost/static/js/shareServiceStrings50.374a5094.chunk.js"
    ],
    "ultima_modificacion": "2025-08-01 01:01:51.869569"
  },
  "elplexstringsjson.30b7cc26.chunk.js": {
    "app_sintetizada": "ELPLEXSTRINGSJSON.30B7CC26.CHUNK.JS",
    "cantidad_archivos": 1,
    "archivos_fuente": [
      "Library/Group Containers/UBF8T346G9.Office/SolutionPackages/b123e3b2b659a4dead01e20274159d66/PackageResources/fluidhost/static/js/el-plex-strings-json.30b7cc26.chunk.js"
    ],
    "ultima_modificacion": "2025-08-01 01:01:51.869893"
  },
  "informationprotectionstrings2.74d7d9ae.chunk.js": {
    "app_sintetizada": "INFORMATIONPROTECTIONSTRINGS2.74D7D9AE.CHUNK.JS",
    "cantidad_archivos": 1,
    "archivos_fuente": [
      "Library/Group Containers/UBF8T346G9.Office/SolutionPackages/b123e3b2b659a4dead01e20274159d66/PackageResources/fluidhost/static/js/InformationProtectionStrings2.74d7d9ae.chunk.js"
    ],
    "ultima_modificacion": "2025-08-01 01:01:51.870187"
  },
  "fluidhostodsp.f905f14a.chunk.js": {
    "app_sintetizada": "FLUIDHOSTODSP.F905F14A.CHUNK.JS",
    "cantidad_archivos": 1,
    "archivos_fuente": [
      "Library/Group Containers/UBF8T346G9.Office/SolutionPackages/b123e3b2b659a4dead01e20274159d66/PackageResources/fluidhost/static/js/fluidHost-odsp.f905f14a.chunk.js"
    ],
    "ultima_modificacion": "2025-08-01 01:01:51.870516"
  },
  "85902.296ac372.chunk.js": {
    "app_sintetizada": "85902.296AC372.CHUNK.JS",
    "cantidad_archivos": 1,
    "archivos_fuente": [
      "Library/Group Containers/UBF8T346G9.Office/SolutionPackages/b123e3b2b659a4dead01e20274159d66/PackageResources/fluidhost/static/js/85902.296ac372.chunk.js"
    ],
    "ultima_modificacion": "2025-08-01 01:01:51.870956"
  },
  "cardloopstringskojson.5971fa1b.chunk.js": {
    "app_sintetizada": "CARDLOOPSTRINGSKOJSON.5971FA1B.CHUNK.JS",
    "cantidad_archivos": 1,
    "archivos_fuente": [
      "Library/Group Containers/UBF8T346G9.Office/SolutionPackages/b123e3b2b659a4dead01e20274159d66/PackageResources/fluidhost/static/js/cardloopstrings_ko-json.5971fa1b.chunk.js"
    ],
    "ultima_modificacion": "2025-08-01 01:01:51.871382"
  },
  "26922.fd3f9751.chunk.js": {
    "app_sintetizada": "26922.FD3F9751.CHUNK.JS",
    "cantidad_archivos": 1,
    "archivos_fuente": [
      "Library/Group Containers/UBF8T346G9.Office/SolutionPackages/b123e3b2b659a4dead01e20274159d66/PackageResources/fluidhost/static/js/26922.fd3f9751.chunk.js"
    ],
    "ultima_modificacion": "2025-08-01 01:01:51.871702"
  },
  "shareservicestrings26.c7f6951d.chunk.js": {
    "app_sintetizada": "SHARESERVICESTRINGS26.C7F6951D.CHUNK.JS",
    "cantidad_archivos": 1,
    "archivos_fuente": [
      "Library/Group Containers/UBF8T346G9.Office/SolutionPackages/b123e3b2b659a4dead01e20274159d66/PackageResources/fluidhost/static/js/shareServiceStrings26.c7f6951d.chunk.js"
    ],
    "ultima_modificacion": "2025-08-01 01:01:51.871991"
  },
  "hostuxstrings38.473c246a.chunk.js": {
    "app_sintetizada": "HOSTUXSTRINGS38.473C246A.CHUNK.JS",
    "cantidad_archivos": 1,
    "archivos_fuente": [
      "Library/Group Containers/UBF8T346G9.Office/SolutionPackages/b123e3b2b659a4dead01e20274159d66/PackageResources/fluidhost/static/js/hostUxStrings38.473c246a.chunk.js"
    ],
    "ultima_modificacion": "2025-08-01 01:01:51.872388"
  },
  "shareservicestrings18.fbed26f1.chunk.js": {
    "app_sintetizada": "SHARESERVICESTRINGS18.FBED26F1.CHUNK.JS",
    "cantidad_archivos": 1,
    "archivos_fuente": [
      "Library/Group Containers/UBF8T346G9.Office/SolutionPackages/b123e3b2b659a4dead01e20274159d66/PackageResources/fluidhost/static/js/shareServiceStrings18.fbed26f1.chunk.js"
    ],
    "ultima_modificacion": "2025-08-01 01:01:51.872711"
  },
  "cardloopstringsmrjson.e0ebe9a5.chunk.js": {
    "app_sintetizada": "CARDLOOPSTRINGSMRJSON.E0EBE9A5.CHUNK.JS",
    "cantidad_archivos": 1,
    "archivos_fuente": [
      "Library/Group Containers/UBF8T346G9.Office/SolutionPackages/b123e3b2b659a4dead01e20274159d66/PackageResources/fluidhost/static/js/cardloopstrings_mr-json.e0ebe9a5.chunk.js"
    ],
    "ultima_modificacion": "2025-08-01 01:01:51.873047"
  },
  "informationprotectionstrings10.60d2dc56.chunk.js": {
    "app_sintetizada": "INFORMATIONPROTECTIONSTRINGS10.60D2DC56.CHUNK.JS",
    "cantidad_archivos": 1,
    "archivos_fuente": [
      "Library/Group Containers/UBF8T346G9.Office/SolutionPackages/b123e3b2b659a4dead01e20274159d66/PackageResources/fluidhost/static/js/InformationProtectionStrings10.60d2dc56.chunk.js"
    ],
    "ultima_modificacion": "2025-08-01 01:01:51.873333"
  },
  "videoplaybackstrings51.ff658012.chunk.js": {
    "app_sintetizada": "VIDEOPLAYBACKSTRINGS51.FF658012.CHUNK.JS",
    "cantidad_archivos": 1,
    "archivos_fuente": [
      "Library/Group Containers/UBF8T346G9.Office/SolutionPackages/b123e3b2b659a4dead01e20274159d66/PackageResources/fluidhost/static/js/VideoPlaybackStrings51.ff658012.chunk.js"
    ],
    "ultima_modificacion": "2025-08-01 01:01:51.873668"
  },
  "paplexstringsjson.caa983ff.chunk.js": {
    "app_sintetizada": "PAPLEXSTRINGSJSON.CAA983FF.CHUNK.JS",
    "cantidad_archivos": 1,
    "archivos_fuente": [
      "Library/Group Containers/UBF8T346G9.Office/SolutionPackages/b123e3b2b659a4dead01e20274159d66/PackageResources/fluidhost/static/js/pa-plex-strings-json.caa983ff.chunk.js"
    ],
    "ultima_modificacion": "2025-08-01 01:01:51.874002"
  },
  "shareservicestrings47.5ac30849.chunk.js": {
    "app_sintetizada": "SHARESERVICESTRINGS47.5AC30849.CHUNK.JS",
    "cantidad_archivos": 1,
    "archivos_fuente": [
      "Library/Group Containers/UBF8T346G9.Office/SolutionPackages/b123e3b2b659a4dead01e20274159d66/PackageResources/fluidhost/static/js/shareServiceStrings47.5ac30849.chunk.js"
    ],
    "ultima_modificacion": "2025-08-01 01:01:51.874306"
  },
  "72567.c88505f3.chunk.js": {
    "app_sintetizada": "72567.C88505F3.CHUNK.JS",
    "cantidad_archivos": 1,
    "archivos_fuente": [
      "Library/Group Containers/UBF8T346G9.Office/SolutionPackages/b123e3b2b659a4dead01e20274159d66/PackageResources/fluidhost/static/js/72567.c88505f3.chunk.js"
    ],
    "ultima_modificacion": "2025-08-01 01:01:51.874598"
  },
  "shareservicestrings58.a04ea059.chunk.js": {
    "app_sintetizada": "SHARESERVICESTRINGS58.A04EA059.CHUNK.JS",
    "cantidad_archivos": 1,
    "archivos_fuente": [
      "Library/Group Containers/UBF8T346G9.Office/SolutionPackages/b123e3b2b659a4dead01e20274159d66/PackageResources/fluidhost/static/js/shareServiceStrings58.a04ea059.chunk.js"
    ],
    "ultima_modificacion": "2025-08-01 01:01:51.874873"
  },
  "videoplaybackstrings82.e6caccad.chunk.js": {
    "app_sintetizada": "VIDEOPLAYBACKSTRINGS82.E6CACCAD.CHUNK.JS",
    "cantidad_archivos": 1,
    "archivos_fuente": [
      "Library/Group Containers/UBF8T346G9.Office/SolutionPackages/b123e3b2b659a4dead01e20274159d66/PackageResources/fluidhost/static/js/VideoPlaybackStrings82.e6caccad.chunk.js"
    ],
    "ultima_modificacion": "2025-08-01 01:01:51.875179"
  },
  "shareservicestrings6.f9f516bb.chunk.js": {
    "app_sintetizada": "SHARESERVICESTRINGS6.F9F516BB.CHUNK.JS",
    "cantidad_archivos": 1,
    "archivos_fuente": [
      "Library/Group Containers/UBF8T346G9.Office/SolutionPackages/b123e3b2b659a4dead01e20274159d66/PackageResources/fluidhost/static/js/shareServiceStrings6.f9f516bb.chunk.js"
    ],
    "ultima_modificacion": "2025-08-01 01:01:51.875583"
  },
  "shareservicestrings78.9d895ddf.chunk.js": {
    "app_sintetizada": "SHARESERVICESTRINGS78.9D895DDF.CHUNK.JS",
    "cantidad_archivos": 1,
    "archivos_fuente": [
      "Library/Group Containers/UBF8T346G9.Office/SolutionPackages/b123e3b2b659a4dead01e20274159d66/PackageResources/fluidhost/static/js/shareServiceStrings78.9d895ddf.chunk.js"
    ],
    "ultima_modificacion": "2025-08-01 01:01:51.875898"
  },
  "koplexstringsjson.15f871f9.chunk.js": {
    "app_sintetizada": "KOPLEXSTRINGSJSON.15F871F9.CHUNK.JS",
    "cantidad_archivos": 1,
    "archivos_fuente": [
      "Library/Group Containers/UBF8T346G9.Office/SolutionPackages/b123e3b2b659a4dead01e20274159d66/PackageResources/fluidhost/static/js/ko-plex-strings-json.15f871f9.chunk.js"
    ],
    "ultima_modificacion": "2025-08-01 01:01:51.876535"
  },
  "cardloopstringsswjson.b7760b05.chunk.js": {
    "app_sintetizada": "CARDLOOPSTRINGSSWJSON.B7760B05.CHUNK.JS",
    "cantidad_archivos": 1,
    "archivos_fuente": [
      "Library/Group Containers/UBF8T346G9.Office/SolutionPackages/b123e3b2b659a4dead01e20274159d66/PackageResources/fluidhost/static/js/cardloopstrings_sw-json.b7760b05.chunk.js"
    ],
    "ultima_modificacion": "2025-08-01 01:01:51.876917"
  },
  "videoplaybackstrings41.f8cada36.chunk.js": {
    "app_sintetizada": "VIDEOPLAYBACKSTRINGS41.F8CADA36.CHUNK.JS",
    "cantidad_archivos": 1,
    "archivos_fuente": [
      "Library/Group Containers/UBF8T346G9.Office/SolutionPackages/b123e3b2b659a4dead01e20274159d66/PackageResources/fluidhost/static/js/VideoPlaybackStrings41.f8cada36.chunk.js"
    ],
    "ultima_modificacion": "2025-08-01 01:01:51.877366"
  }
}