{
  "47c62f3ed5ccaada0": {
    "app_sintetizada": "47C62F3ED5CCAADA0",
    "cantidad_archivos": 1,
    "archivos_fuente": [
      "Library/Caches/Google/Chrome/Default/Cache/Cache_Data/47c62f3ed5ccaada_0"
    ],
    "ultima_modificacion": "2025-08-01 01:01:58.201364"
  },
  "29ae389fbb88fd9d0": {
    "app_sintetizada": "29AE389FBB88FD9D0",
    "cantidad_archivos": 1,
    "archivos_fuente": [
      "Library/Caches/Google/Chrome/Default/Cache/Cache_Data/29ae389fbb88fd9d_0"
    ],
    "ultima_modificacion": "2025-08-01 01:01:58.201677"
  },
  "00c0193f3a12104a0": {
    "app_sintetizada": "00C0193F3A12104A0",
    "cantidad_archivos": 1,
    "archivos_fuente": [
      "Library/Caches/Google/Chrome/Default/Cache/Cache_Data/00c0193f3a12104a_0"
    ],
    "ultima_modificacion": "2025-08-01 01:01:58.201988"
  },
  "314a5fde4440db430": {
    "app_sintetizada": "314A5FDE4440DB430",
    "cantidad_archivos": 1,
    "archivos_fuente": [
      "Library/Caches/Google/Chrome/Default/Cache/Cache_Data/314a5fde4440db43_0"
    ],
    "ultima_modificacion": "2025-08-01 01:01:58.202308"
  },
  "0b1bc35c162f125f0": {
    "app_sintetizada": "0B1BC35C162F125F0",
    "cantidad_archivos": 1,
    "archivos_fuente": [
      "Library/Caches/Google/Chrome/Default/Cache/Cache_Data/0b1bc35c162f125f_0"
    ],
    "ultima_modificacion": "2025-08-01 01:01:58.202628"
  },
  "838f3a549e2584af0": {
    "app_sintetizada": "838F3A549E2584AF0",
    "cantidad_archivos": 1,
    "archivos_fuente": [
      "Library/Caches/Google/Chrome/Default/Cache/Cache_Data/838f3a549e2584af_0"
    ],
    "ultima_modificacion": "2025-08-01 01:01:58.202936"
  },
  "162783a204375f030": {
    "app_sintetizada": "162783A204375F030",
    "cantidad_archivos": 1,
    "archivos_fuente": [
      "Library/Caches/Google/Chrome/Default/Cache/Cache_Data/162783a204375f03_0"
    ],
    "ultima_modificacion": "2025-08-01 01:01:58.203253"
  },
  "07aecae2a829518e0": {
    "app_sintetizada": "07AECAE2A829518E0",
    "cantidad_archivos": 1,
    "archivos_fuente": [
      "Library/Caches/Google/Chrome/Default/Cache/Cache_Data/07aecae2a829518e_0"
    ],
    "ultima_modificacion": "2025-08-01 01:01:58.203558"
  },
  "747cf649795291cc0": {
    "app_sintetizada": "747CF649795291CC0",
    "cantidad_archivos": 1,
    "archivos_fuente": [
      "Library/Caches/Google/Chrome/Default/Cache/Cache_Data/747cf649795291cc_0"
    ],
    "ultima_modificacion": "2025-08-01 01:01:58.203868"
  },
  "f6b2192350e82d760": {
    "app_sintetizada": "F6B2192350E82D760",
    "cantidad_archivos": 1,
    "archivos_fuente": [
      "Library/Caches/Google/Chrome/Default/Cache/Cache_Data/f6b2192350e82d76_0"
    ],
    "ultima_modificacion": "2025-08-01 01:01:58.204187"
  },
  "706fdcb0268399520": {
    "app_sintetizada": "706FDCB0268399520",
    "cantidad_archivos": 1,
    "archivos_fuente": [
      "Library/Caches/Google/Chrome/Default/Cache/Cache_Data/706fdcb026839952_0"
    ],
    "ultima_modificacion": "2025-08-01 01:01:58.204492"
  },
  "33ef063f1d4439aa0": {
    "app_sintetizada": "33EF063F1D4439AA0",
    "cantidad_archivos": 1,
    "archivos_fuente": [
      "Library/Caches/Google/Chrome/Default/Cache/Cache_Data/33ef063f1d4439aa_0"
    ],
    "ultima_modificacion": "2025-08-01 01:01:58.204818"
  },
  "9125a7bf2869db9f0": {
    "app_sintetizada": "9125A7BF2869DB9F0",
    "cantidad_archivos": 1,
    "archivos_fuente": [
      "Library/Caches/Google/Chrome/Default/Cache/Cache_Data/9125a7bf2869db9f_0"
    ],
    "ultima_modificacion": "2025-08-01 01:01:58.205173"
  },
  "3cc9890367ea25ed0": {
    "app_sintetizada": "3CC9890367EA25ED0",
    "cantidad_archivos": 1,
    "archivos_fuente": [
      "Library/Caches/Google/Chrome/Default/Cache/Cache_Data/3cc9890367ea25ed_0"
    ],
    "ultima_modificacion": "2025-08-01 01:01:58.205500"
  },
  "d33961064e635f690": {
    "app_sintetizada": "D33961064E635F690",
    "cantidad_archivos": 1,
    "archivos_fuente": [
      "Library/Caches/Google/Chrome/Default/Cache/Cache_Data/d33961064e635f69_0"
    ],
    "ultima_modificacion": "2025-08-01 01:01:58.205800"
  },
  "97411a3dd3e5ce600": {
    "app_sintetizada": "97411A3DD3E5CE600",
    "cantidad_archivos": 1,
    "archivos_fuente": [
      "Library/Caches/Google/Chrome/Default/Cache/Cache_Data/97411a3dd3e5ce60_0"
    ],
    "ultima_modificacion": "2025-08-01 01:01:58.206089"
  },
  "8121d979a96c01b20": {
    "app_sintetizada": "8121D979A96C01B20",
    "cantidad_archivos": 1,
    "archivos_fuente": [
      "Library/Caches/Google/Chrome/Default/Cache/Cache_Data/8121d979a96c01b2_0"
    ],
    "ultima_modificacion": "2025-08-01 01:01:58.206396"
  },
  "1c797d1e60674f860": {
    "app_sintetizada": "1C797D1E60674F860",
    "cantidad_archivos": 1,
    "archivos_fuente": [
      "Library/Caches/Google/Chrome/Default/Cache/Cache_Data/1c797d1e60674f86_0"
    ],
    "ultima_modificacion": "2025-08-01 01:01:58.206745"
  },
  "528a2bded6e720ca0": {
    "app_sintetizada": "528A2BDED6E720CA0",
    "cantidad_archivos": 1,
    "archivos_fuente": [
      "Library/Caches/Google/Chrome/Default/Cache/Cache_Data/528a2bded6e720ca_0"
    ],
    "ultima_modificacion": "2025-08-01 01:01:58.207075"
  },
  "d39e312a88a37c450": {
    "app_sintetizada": "D39E312A88A37C450",
    "cantidad_archivos": 1,
    "archivos_fuente": [
      "Library/Caches/Google/Chrome/Default/Cache/Cache_Data/d39e312a88a37c45_0"
    ],
    "ultima_modificacion": "2025-08-01 01:01:58.207404"
  },
  "ae6978b890431d6f0": {
    "app_sintetizada": "AE6978B890431D6F0",
    "cantidad_archivos": 1,
    "archivos_fuente": [
      "Library/Caches/Google/Chrome/Default/Cache/Cache_Data/ae6978b890431d6f_0"
    ],
    "ultima_modificacion": "2025-08-01 01:01:58.207716"
  },
  "560e109412bf3dd00": {
    "app_sintetizada": "560E109412BF3DD00",
    "cantidad_archivos": 1,
    "archivos_fuente": [
      "Library/Caches/Google/Chrome/Default/Cache/Cache_Data/560e109412bf3dd0_0"
    ],
    "ultima_modificacion": "2025-08-01 01:01:58.208025"
  },
  "9380326273e9df130": {
    "app_sintetizada": "9380326273E9DF130",
    "cantidad_archivos": 1,
    "archivos_fuente": [
      "Library/Caches/Google/Chrome/Default/Cache/Cache_Data/9380326273e9df13_0"
    ],
    "ultima_modificacion": "2025-08-01 01:01:58.208338"
  },
  "124eb13f90ae4b870": {
    "app_sintetizada": "124EB13F90AE4B870",
    "cantidad_archivos": 1,
    "archivos_fuente": [
      "Library/Caches/Google/Chrome/Default/Cache/Cache_Data/124eb13f90ae4b87_0"
    ],
    "ultima_modificacion": "2025-08-01 01:01:58.208629"
  },
  "3477eed982112f990": {
    "app_sintetizada": "3477EED982112F990",
    "cantidad_archivos": 1,
    "archivos_fuente": [
      "Library/Caches/Google/Chrome/Default/Cache/Cache_Data/3477eed982112f99_0"
    ],
    "ultima_modificacion": "2025-08-01 01:01:58.208930"
  },
  "6de73e49c1dea7df0": {
    "app_sintetizada": "6DE73E49C1DEA7DF0",
    "cantidad_archivos": 1,
    "archivos_fuente": [
      "Library/Caches/Google/Chrome/Default/Cache/Cache_Data/6de73e49c1dea7df_0"
    ],
    "ultima_modificacion": "2025-08-01 01:01:58.209246"
  },
  "edc2efefdf9688050": {
    "app_sintetizada": "EDC2EFEFDF9688050",
    "cantidad_archivos": 1,
    "archivos_fuente": [
      "Library/Caches/Google/Chrome/Default/Cache/Cache_Data/edc2efefdf968805_0"
    ],
    "ultima_modificacion": "2025-08-01 01:01:58.209546"
  },
  "5f262dd1a215b13d0": {
    "app_sintetizada": "5F262DD1A215B13D0",
    "cantidad_archivos": 1,
    "archivos_fuente": [
      "Library/Caches/Google/Chrome/Default/Cache/Cache_Data/5f262dd1a215b13d_0"
    ],
    "ultima_modificacion": "2025-08-01 01:01:58.209870"
  },
  "019408e30fdd51770": {
    "app_sintetizada": "019408E30FDD51770",
    "cantidad_archivos": 1,
    "archivos_fuente": [
      "Library/Caches/Google/Chrome/Default/Cache/Cache_Data/019408e30fdd5177_0"
    ],
    "ultima_modificacion": "2025-08-01 01:01:58.210209"
  },
  "3ac0a9e8ad24974e0": {
    "app_sintetizada": "3AC0A9E8AD24974E0",
    "cantidad_archivos": 1,
    "archivos_fuente": [
      "Library/Caches/Google/Chrome/Default/Cache/Cache_Data/3ac0a9e8ad24974e_0"
    ],
    "ultima_modificacion": "2025-08-01 01:01:58.210518"
  },
  "a07a31c657fb63b20": {
    "app_sintetizada": "A07A31C657FB63B20",
    "cantidad_archivos": 1,
    "archivos_fuente": [
      "Library/Caches/Google/Chrome/Default/Cache/Cache_Data/a07a31c657fb63b2_0"
    ],
    "ultima_modificacion": "2025-08-01 01:01:58.210817"
  },
  "00b4ca17e9fe14bb0": {
    "app_sintetizada": "00B4CA17E9FE14BB0",
    "cantidad_archivos": 1,
    "archivos_fuente": [
      "Library/Caches/Google/Chrome/Default/Cache/Cache_Data/00b4ca17e9fe14bb_0"
    ],
    "ultima_modificacion": "2025-08-01 01:01:58.211120"
  },
  "dafe13ce5ee869500": {
    "app_sintetizada": "DAFE13CE5EE869500",
    "cantidad_archivos": 1,
    "archivos_fuente": [
      "Library/Caches/Google/Chrome/Default/Cache/Cache_Data/dafe13ce5ee86950_0"
    ],
    "ultima_modificacion": "2025-08-01 01:01:58.211424"
  },
  "22f588f41415da990": {
    "app_sintetizada": "22F588F41415DA990",
    "cantidad_archivos": 1,
    "archivos_fuente": [
      "Library/Caches/Google/Chrome/Default/Cache/Cache_Data/22f588f41415da99_0"
    ],
    "ultima_modificacion": "2025-08-01 01:01:58.211741"
  },
  "b14469b1a8be1ea80": {
    "app_sintetizada": "B14469B1A8BE1EA80",
    "cantidad_archivos": 1,
    "archivos_fuente": [
      "Library/Caches/Google/Chrome/Default/Cache/Cache_Data/b14469b1a8be1ea8_0"
    ],
    "ultima_modificacion": "2025-08-01 01:01:58.212058"
  },
  "21c8e8ce32af1deb0": {
    "app_sintetizada": "21C8E8CE32AF1DEB0",
    "cantidad_archivos": 1,
    "archivos_fuente": [
      "Library/Caches/Google/Chrome/Default/Cache/Cache_Data/21c8e8ce32af1deb_0"
    ],
    "ultima_modificacion": "2025-08-01 01:01:58.212370"
  },
  "cf340701a7942cb50": {
    "app_sintetizada": "CF340701A7942CB50",
    "cantidad_archivos": 1,
    "archivos_fuente": [
      "Library/Caches/Google/Chrome/Default/Cache/Cache_Data/cf340701a7942cb5_0"
    ],
    "ultima_modificacion": "2025-08-01 01:01:58.212665"
  },
  "32232f3a7e76136f0": {
    "app_sintetizada": "32232F3A7E76136F0",
    "cantidad_archivos": 1,
    "archivos_fuente": [
      "Library/Caches/Google/Chrome/Default/Cache/Cache_Data/32232f3a7e76136f_0"
    ],
    "ultima_modificacion": "2025-08-01 01:01:58.213001"
  },
  "24adfeef7183a65a0": {
    "app_sintetizada": "24ADFEEF7183A65A0",
    "cantidad_archivos": 1,
    "archivos_fuente": [
      "Library/Caches/Google/Chrome/Default/Cache/Cache_Data/24adfeef7183a65a_0"
    ],
    "ultima_modificacion": "2025-08-01 01:01:58.213246"
  },
  "662df060360a6fc60": {
    "app_sintetizada": "662DF060360A6FC60",
    "cantidad_archivos": 1,
    "archivos_fuente": [
      "Library/Caches/Google/Chrome/Default/Cache/Cache_Data/662df060360a6fc6_0"
    ],
    "ultima_modificacion": "2025-08-01 01:01:58.213508"
  },
  "5679d20b38a4b5890": {
    "app_sintetizada": "5679D20B38A4B5890",
    "cantidad_archivos": 1,
    "archivos_fuente": [
      "Library/Caches/Google/Chrome/Default/Cache/Cache_Data/5679d20b38a4b589_0"
    ],
    "ultima_modificacion": "2025-08-01 01:01:58.213832"
  },
  "4b649801c8dcb6cf0": {
    "app_sintetizada": "4B649801C8DCB6CF0",
    "cantidad_archivos": 1,
    "archivos_fuente": [
      "Library/Caches/Google/Chrome/Default/Cache/Cache_Data/4b649801c8dcb6cf_0"
    ],
    "ultima_modificacion": "2025-08-01 01:01:58.214105"
  },
  "97444afe2fd963ac0": {
    "app_sintetizada": "97444AFE2FD963AC0",
    "cantidad_archivos": 1,
    "archivos_fuente": [
      "Library/Caches/Google/Chrome/Default/Cache/Cache_Data/97444afe2fd963ac_0"
    ],
    "ultima_modificacion": "2025-08-01 01:01:58.214399"
  },
  "82e159922b29b5560": {
    "app_sintetizada": "82E159922B29B5560",
    "cantidad_archivos": 1,
    "archivos_fuente": [
      "Library/Caches/Google/Chrome/Default/Cache/Cache_Data/82e159922b29b556_0"
    ],
    "ultima_modificacion": "2025-08-01 01:01:58.214668"
  },
  "40c173b04ac763540": {
    "app_sintetizada": "40C173B04AC763540",
    "cantidad_archivos": 1,
    "archivos_fuente": [
      "Library/Caches/Google/Chrome/Default/Cache/Cache_Data/40c173b04ac76354_0"
    ],
    "ultima_modificacion": "2025-08-01 01:01:58.215033"
  },
  "4383889a2c76f8720": {
    "app_sintetizada": "4383889A2C76F8720",
    "cantidad_archivos": 1,
    "archivos_fuente": [
      "Library/Caches/Google/Chrome/Default/Cache/Cache_Data/4383889a2c76f872_0"
    ],
    "ultima_modificacion": "2025-08-01 01:01:58.215430"
  },
  "f2e8a667008560870": {
    "app_sintetizada": "F2E8A667008560870",
    "cantidad_archivos": 1,
    "archivos_fuente": [
      "Library/Caches/Google/Chrome/Default/Cache/Cache_Data/f2e8a66700856087_0"
    ],
    "ultima_modificacion": "2025-08-01 01:01:58.215725"
  },
  "0b19d095bf94bf9d0": {
    "app_sintetizada": "0B19D095BF94BF9D0",
    "cantidad_archivos": 1,
    "archivos_fuente": [
      "Library/Caches/Google/Chrome/Default/Cache/Cache_Data/0b19d095bf94bf9d_0"
    ],
    "ultima_modificacion": "2025-08-01 01:01:58.216029"
  },
  "35dabaa3cdb971090": {
    "app_sintetizada": "35DABAA3CDB971090",
    "cantidad_archivos": 1,
    "archivos_fuente": [
      "Library/Caches/Google/Chrome/Default/Cache/Cache_Data/35dabaa3cdb97109_0"
    ],
    "ultima_modificacion": "2025-08-01 01:01:58.216295"
  },
  "c3c20a155c4d4cf50": {
    "app_sintetizada": "C3C20A155C4D4CF50",
    "cantidad_archivos": 1,
    "archivos_fuente": [
      "Library/Caches/Google/Chrome/Default/Cache/Cache_Data/c3c20a155c4d4cf5_0"
    ],
    "ultima_modificacion": "2025-08-01 01:01:58.216666"
  },
  "152e0566ba36d5a00": {
    "app_sintetizada": "152E0566BA36D5A00",
    "cantidad_archivos": 1,
    "archivos_fuente": [
      "Library/Caches/Google/Chrome/Default/Cache/Cache_Data/152e0566ba36d5a0_0"
    ],
    "ultima_modificacion": "2025-08-01 01:01:58.216935"
  },
  "c6b44db281e4fabe0": {
    "app_sintetizada": "C6B44DB281E4FABE0",
    "cantidad_archivos": 1,
    "archivos_fuente": [
      "Library/Caches/Google/Chrome/Default/Cache/Cache_Data/c6b44db281e4fabe_0"
    ],
    "ultima_modificacion": "2025-08-01 01:01:58.217218"
  },
  "2726cbefc96892560": {
    "app_sintetizada": "2726CBEFC96892560",
    "cantidad_archivos": 1,
    "archivos_fuente": [
      "Library/Caches/Google/Chrome/Default/Cache/Cache_Data/2726cbefc9689256_0"
    ],
    "ultima_modificacion": "2025-08-01 01:01:58.217536"
  },
  "4c3b7d03bf6cdb6c0": {
    "app_sintetizada": "4C3B7D03BF6CDB6C0",
    "cantidad_archivos": 1,
    "archivos_fuente": [
      "Library/Caches/Google/Chrome/Default/Cache/Cache_Data/4c3b7d03bf6cdb6c_0"
    ],
    "ultima_modificacion": "2025-08-01 01:01:58.217814"
  },
  "028c13841a87869d0": {
    "app_sintetizada": "028C13841A87869D0",
    "cantidad_archivos": 1,
    "archivos_fuente": [
      "Library/Caches/Google/Chrome/Default/Cache/Cache_Data/028c13841a87869d_0"
    ],
    "ultima_modificacion": "2025-08-01 01:01:58.218113"
  },
  "e854d1257e3acb5e0": {
    "app_sintetizada": "E854D1257E3ACB5E0",
    "cantidad_archivos": 1,
    "archivos_fuente": [
      "Library/Caches/Google/Chrome/Default/Cache/Cache_Data/e854d1257e3acb5e_0"
    ],
    "ultima_modificacion": "2025-08-01 01:01:58.218355"
  },
  "f1b95668db40f85d0": {
    "app_sintetizada": "F1B95668DB40F85D0",
    "cantidad_archivos": 1,
    "archivos_fuente": [
      "Library/Caches/Google/Chrome/Default/Cache/Cache_Data/f1b95668db40f85d_0"
    ],
    "ultima_modificacion": "2025-08-01 01:01:58.218578"
  },
  "e47feaa7ea2df7800": {
    "app_sintetizada": "E47FEAA7EA2DF7800",
    "cantidad_archivos": 1,
    "archivos_fuente": [
      "Library/Caches/Google/Chrome/Default/Cache/Cache_Data/e47feaa7ea2df780_0"
    ],
    "ultima_modificacion": "2025-08-01 01:01:58.218801"
  },
  "a4ee0faeb257c4260": {
    "app_sintetizada": "A4EE0FAEB257C4260",
    "cantidad_archivos": 1,
    "archivos_fuente": [
      "Library/Caches/Google/Chrome/Default/Cache/Cache_Data/a4ee0faeb257c426_0"
    ],
    "ultima_modificacion": "2025-08-01 01:01:58.219078"
  },
  "9e0ce046819f976d0": {
    "app_sintetizada": "9E0CE046819F976D0",
    "cantidad_archivos": 1,
    "archivos_fuente": [
      "Library/Caches/Google/Chrome/Default/Cache/Cache_Data/9e0ce046819f976d_0"
    ],
    "ultima_modificacion": "2025-08-01 01:01:58.219352"
  },
  "6da5f0ab3c9bffe80": {
    "app_sintetizada": "6DA5F0AB3C9BFFE80",
    "cantidad_archivos": 1,
    "archivos_fuente": [
      "Library/Caches/Google/Chrome/Default/Cache/Cache_Data/6da5f0ab3c9bffe8_0"
    ],
    "ultima_modificacion": "2025-08-01 01:01:58.219621"
  },
  "736c6d481a2503b30": {
    "app_sintetizada": "736C6D481A2503B30",
    "cantidad_archivos": 1,
    "archivos_fuente": [
      "Library/Caches/Google/Chrome/Default/Cache/Cache_Data/736c6d481a2503b3_0"
    ],
    "ultima_modificacion": "2025-08-01 01:01:58.220042"
  },
  "d56b513d59dc2cab0": {
    "app_sintetizada": "D56B513D59DC2CAB0",
    "cantidad_archivos": 1,
    "archivos_fuente": [
      "Library/Caches/Google/Chrome/Default/Cache/Cache_Data/d56b513d59dc2cab_0"
    ],
    "ultima_modificacion": "2025-08-01 01:01:58.220383"
  },
  "2c8aa203a7f193520": {
    "app_sintetizada": "2C8AA203A7F193520",
    "cantidad_archivos": 1,
    "archivos_fuente": [
      "Library/Caches/Google/Chrome/Default/Cache/Cache_Data/2c8aa203a7f19352_0"
    ],
    "ultima_modificacion": "2025-08-01 01:01:58.220649"
  },
  "eeed7fd0457db3030": {
    "app_sintetizada": "EEED7FD0457DB3030",
    "cantidad_archivos": 1,
    "archivos_fuente": [
      "Library/Caches/Google/Chrome/Default/Cache/Cache_Data/eeed7fd0457db303_0"
    ],
    "ultima_modificacion": "2025-08-01 01:01:58.220902"
  },
  "d462d5731ab1b7cf0": {
    "app_sintetizada": "D462D5731AB1B7CF0",
    "cantidad_archivos": 1,
    "archivos_fuente": [
      "Library/Caches/Google/Chrome/Default/Cache/Cache_Data/d462d5731ab1b7cf_0"
    ],
    "ultima_modificacion": "2025-08-01 01:01:58.221154"
  },
  "faccf6a39c4583560": {
    "app_sintetizada": "FACCF6A39C4583560",
    "cantidad_archivos": 1,
    "archivos_fuente": [
      "Library/Caches/Google/Chrome/Default/Cache/Cache_Data/faccf6a39c458356_0"
    ],
    "ultima_modificacion": "2025-08-01 01:01:58.221408"
  },
  "41b8fbb53cf44c200": {
    "app_sintetizada": "41B8FBB53CF44C200",
    "cantidad_archivos": 1,
    "archivos_fuente": [
      "Library/Caches/Google/Chrome/Default/Cache/Cache_Data/41b8fbb53cf44c20_0"
    ],
    "ultima_modificacion": "2025-08-01 01:01:58.221699"
  },
  "bf1cec3fb24e9bb90": {
    "app_sintetizada": "BF1CEC3FB24E9BB90",
    "cantidad_archivos": 1,
    "archivos_fuente": [
      "Library/Caches/Google/Chrome/Default/Cache/Cache_Data/bf1cec3fb24e9bb9_0"
    ],
    "ultima_modificacion": "2025-08-01 01:01:58.221929"
  },
  "ab14b797e1d1a0d90": {
    "app_sintetizada": "AB14B797E1D1A0D90",
    "cantidad_archivos": 1,
    "archivos_fuente": [
      "Library/Caches/Google/Chrome/Default/Cache/Cache_Data/ab14b797e1d1a0d9_0"
    ],
    "ultima_modificacion": "2025-08-01 01:01:58.222137"
  },
  "baeda742824ec9970": {
    "app_sintetizada": "BAEDA742824EC9970",
    "cantidad_archivos": 1,
    "archivos_fuente": [
      "Library/Caches/Google/Chrome/Default/Cache/Cache_Data/baeda742824ec997_0"
    ],
    "ultima_modificacion": "2025-08-01 01:01:58.222342"
  },
  "ce4db897cb134c800": {
    "app_sintetizada": "CE4DB897CB134C800",
    "cantidad_archivos": 1,
    "archivos_fuente": [
      "Library/Caches/Google/Chrome/Default/Cache/Cache_Data/ce4db897cb134c80_0"
    ],
    "ultima_modificacion": "2025-08-01 01:01:58.222539"
  },
  "87d5b604a40c2d8f0": {
    "app_sintetizada": "87D5B604A40C2D8F0",
    "cantidad_archivos": 1,
    "archivos_fuente": [
      "Library/Caches/Google/Chrome/Default/Cache/Cache_Data/87d5b604a40c2d8f_0"
    ],
    "ultima_modificacion": "2025-08-01 01:01:58.222735"
  },
  "e9b5d2bbbd4bf94b0": {
    "app_sintetizada": "E9B5D2BBBD4BF94B0",
    "cantidad_archivos": 1,
    "archivos_fuente": [
      "Library/Caches/Google/Chrome/Default/Cache/Cache_Data/e9b5d2bbbd4bf94b_0"
    ],
    "ultima_modificacion": "2025-08-01 01:01:58.222940"
  },
  "888e0e24e52d6bab0": {
    "app_sintetizada": "888E0E24E52D6BAB0",
    "cantidad_archivos": 1,
    "archivos_fuente": [
      "Library/Caches/Google/Chrome/Default/Cache/Cache_Data/888e0e24e52d6bab_0"
    ],
    "ultima_modificacion": "2025-08-01 01:01:58.223168"
  },
  "24faabb3af4935850": {
    "app_sintetizada": "24FAABB3AF4935850",
    "cantidad_archivos": 1,
    "archivos_fuente": [
      "Library/Caches/Google/Chrome/Default/Cache/Cache_Data/24faabb3af493585_0"
    ],
    "ultima_modificacion": "2025-08-01 01:01:58.223508"
  },
  "28a04e9e9acda9c50": {
    "app_sintetizada": "28A04E9E9ACDA9C50",
    "cantidad_archivos": 1,
    "archivos_fuente": [
      "Library/Caches/Google/Chrome/Default/Cache/Cache_Data/28a04e9e9acda9c5_0"
    ],
    "ultima_modificacion": "2025-08-01 01:01:58.223742"
  },
  "1d0efa6bec3e372b0": {
    "app_sintetizada": "1D0EFA6BEC3E372B0",
    "cantidad_archivos": 1,
    "archivos_fuente": [
      "Library/Caches/Google/Chrome/Default/Cache/Cache_Data/1d0efa6bec3e372b_0"
    ],
    "ultima_modificacion": "2025-08-01 01:01:58.223950"
  },
  "e6d04fb22717486f0": {
    "app_sintetizada": "E6D04FB22717486F0",
    "cantidad_archivos": 1,
    "archivos_fuente": [
      "Library/Caches/Google/Chrome/Default/Cache/Cache_Data/e6d04fb22717486f_0"
    ],
    "ultima_modificacion": "2025-08-01 01:01:58.224260"
  },
  "c852e44c8a001e830": {
    "app_sintetizada": "C852E44C8A001E830",
    "cantidad_archivos": 1,
    "archivos_fuente": [
      "Library/Caches/Google/Chrome/Default/Cache/Cache_Data/c852e44c8a001e83_0"
    ],
    "ultima_modificacion": "2025-08-01 01:01:58.224601"
  },
  "d3057d2f8ef341ec0": {
    "app_sintetizada": "D3057D2F8EF341EC0",
    "cantidad_archivos": 1,
    "archivos_fuente": [
      "Library/Caches/Google/Chrome/Default/Cache/Cache_Data/d3057d2f8ef341ec_0"
    ],
    "ultima_modificacion": "2025-08-01 01:01:58.224863"
  },
  "0e3d615b3625b3c50": {
    "app_sintetizada": "0E3D615B3625B3C50",
    "cantidad_archivos": 1,
    "archivos_fuente": [
      "Library/Caches/Google/Chrome/Default/Cache/Cache_Data/0e3d615b3625b3c5_0"
    ],
    "ultima_modificacion": "2025-08-01 01:01:58.225106"
  },
  "bc6897bdf088792d0": {
    "app_sintetizada": "BC6897BDF088792D0",
    "cantidad_archivos": 1,
    "archivos_fuente": [
      "Library/Caches/Google/Chrome/Default/Cache/Cache_Data/bc6897bdf088792d_0"
    ],
    "ultima_modificacion": "2025-08-01 01:01:58.225359"
  },
  "7afd78dd2e6995050": {
    "app_sintetizada": "7AFD78DD2E6995050",
    "cantidad_archivos": 1,
    "archivos_fuente": [
      "Library/Caches/Google/Chrome/Default/Cache/Cache_Data/7afd78dd2e699505_0"
    ],
    "ultima_modificacion": "2025-08-01 01:01:58.225611"
  },
  "d40ecb901e9ced330": {
    "app_sintetizada": "D40ECB901E9CED330",
    "cantidad_archivos": 1,
    "archivos_fuente": [
      "Library/Caches/Google/Chrome/Default/Cache/Cache_Data/d40ecb901e9ced33_0"
    ],
    "ultima_modificacion": "2025-08-01 01:01:58.225938"
  },
  "9dab6668d447b6180": {
    "app_sintetizada": "9DAB6668D447B6180",
    "cantidad_archivos": 1,
    "archivos_fuente": [
      "Library/Caches/Google/Chrome/Default/Cache/Cache_Data/9dab6668d447b618_0"
    ],
    "ultima_modificacion": "2025-08-01 01:01:58.226202"
  },
  "9600a77793ef97a40": {
    "app_sintetizada": "9600A77793EF97A40",
    "cantidad_archivos": 1,
    "archivos_fuente": [
      "Library/Caches/Google/Chrome/Default/Cache/Cache_Data/9600a77793ef97a4_0"
    ],
    "ultima_modificacion": "2025-08-01 01:01:58.226454"
  },
  "14facf750f123a580": {
    "app_sintetizada": "14FACF750F123A580",
    "cantidad_archivos": 1,
    "archivos_fuente": [
      "Library/Caches/Google/Chrome/Default/Cache/Cache_Data/14facf750f123a58_0"
    ],
    "ultima_modificacion": "2025-08-01 01:01:58.226808"
  },
  "1a1020c7912e36130": {
    "app_sintetizada": "1A1020C7912E36130",
    "cantidad_archivos": 1,
    "archivos_fuente": [
      "Library/Caches/Google/Chrome/Default/Cache/Cache_Data/1a1020c7912e3613_0"
    ],
    "ultima_modificacion": "2025-08-01 01:01:58.227043"
  },
  "1c0aedd78e9e449d0": {
    "app_sintetizada": "1C0AEDD78E9E449D0",
    "cantidad_archivos": 1,
    "archivos_fuente": [
      "Library/Caches/Google/Chrome/Default/Cache/Cache_Data/1c0aedd78e9e449d_0"
    ],
    "ultima_modificacion": "2025-08-01 01:01:58.227324"
  },
  "7092192001e258ab0": {
    "app_sintetizada": "7092192001E258AB0",
    "cantidad_archivos": 1,
    "archivos_fuente": [
      "Library/Caches/Google/Chrome/Default/Cache/Cache_Data/7092192001e258ab_0"
    ],
    "ultima_modificacion": "2025-08-01 01:01:58.227543"
  },
  "25f6f8f1dd2f91740": {
    "app_sintetizada": "25F6F8F1DD2F91740",
    "cantidad_archivos": 1,
    "archivos_fuente": [
      "Library/Caches/Google/Chrome/Default/Cache/Cache_Data/25f6f8f1dd2f9174_0"
    ],
    "ultima_modificacion": "2025-08-01 01:01:58.227759"
  },
  "8f45d0821dfda4500": {
    "app_sintetizada": "8F45D0821DFDA4500",
    "cantidad_archivos": 1,
    "archivos_fuente": [
      "Library/Caches/Google/Chrome/Default/Cache/Cache_Data/8f45d0821dfda450_0"
    ],
    "ultima_modificacion": "2025-08-01 01:01:58.228039"
  },
  "b9ea2a025d1577580": {
    "app_sintetizada": "B9EA2A025D1577580",
    "cantidad_archivos": 1,
    "archivos_fuente": [
      "Library/Caches/Google/Chrome/Default/Cache/Cache_Data/b9ea2a025d157758_0"
    ],
    "ultima_modificacion": "2025-08-01 01:01:58.228256"
  },
  "935bb180e62693770": {
    "app_sintetizada": "935BB180E62693770",
    "cantidad_archivos": 1,
    "archivos_fuente": [
      "Library/Caches/Google/Chrome/Default/Cache/Cache_Data/935bb180e6269377_0"
    ],
    "ultima_modificacion": "2025-08-01 01:01:58.228482"
  },
  "e4e94ff378b12f3b0": {
    "app_sintetizada": "E4E94FF378B12F3B0",
    "cantidad_archivos": 1,
    "archivos_fuente": [
      "Library/Caches/Google/Chrome/Default/Cache/Cache_Data/e4e94ff378b12f3b_0"
    ],
    "ultima_modificacion": "2025-08-01 01:01:58.228762"
  },
  "e5eb781f0b0004350": {
    "app_sintetizada": "E5EB781F0B0004350",
    "cantidad_archivos": 1,
    "archivos_fuente": [
      "Library/Caches/Google/Chrome/Default/Cache/Cache_Data/e5eb781f0b000435_0"
    ],
    "ultima_modificacion": "2025-08-01 01:01:58.229045"
  },
  "a6c22a8e90de3ef60": {
    "app_sintetizada": "A6C22A8E90DE3EF60",
    "cantidad_archivos": 1,
    "archivos_fuente": [
      "Library/Caches/Google/Chrome/Default/Cache/Cache_Data/a6c22a8e90de3ef6_0"
    ],
    "ultima_modificacion": "2025-08-01 01:01:58.229253"
  },
  "bbb5e31d4ffed37a0": {
    "app_sintetizada": "BBB5E31D4FFED37A0",
    "cantidad_archivos": 1,
    "archivos_fuente": [
      "Library/Caches/Google/Chrome/Default/Cache/Cache_Data/bbb5e31d4ffed37a_0"
    ],
    "ultima_modificacion": "2025-08-01 01:01:58.229507"
  },
  "bd8c774f93cc66420": {
    "app_sintetizada": "BD8C774F93CC66420",
    "cantidad_archivos": 1,
    "archivos_fuente": [
      "Library/Caches/Google/Chrome/Default/Cache/Cache_Data/bd8c774f93cc6642_0"
    ],
    "ultima_modificacion": "2025-08-01 01:01:58.229732"
  }
}