{
  "05d287f7a77624800": {
    "app_sintetizada": "05D287F7A77624800",
    "cantidad_archivos": 1,
    "archivos_fuente": [
      "Library/Caches/Google/Chrome/Default/Cache/Cache_Data/05d287f7a7762480_0"
    ],
    "ultima_modificacion": "2025-08-01 01:02:02.427763"
  },
  "cfe2576c215ac0e70": {
    "app_sintetizada": "CFE2576C215AC0E70",
    "cantidad_archivos": 1,
    "archivos_fuente": [
      "Library/Caches/Google/Chrome/Default/Cache/Cache_Data/cfe2576c215ac0e7_0"
    ],
    "ultima_modificacion": "2025-08-01 01:02:02.428188"
  },
  "65076c42e15351290": {
    "app_sintetizada": "65076C42E15351290",
    "cantidad_archivos": 1,
    "archivos_fuente": [
      "Library/Caches/Google/Chrome/Default/Cache/Cache_Data/65076c42e1535129_0"
    ],
    "ultima_modificacion": "2025-08-01 01:02:02.429182"
  },
  "97e937f32e4048160": {
    "app_sintetizada": "97E937F32E4048160",
    "cantidad_archivos": 1,
    "archivos_fuente": [
      "Library/Caches/Google/Chrome/Default/Cache/Cache_Data/97e937f32e404816_0"
    ],
    "ultima_modificacion": "2025-08-01 01:02:02.429964"
  },
  "f3ff18ea916ea6490": {
    "app_sintetizada": "F3FF18EA916EA6490",
    "cantidad_archivos": 1,
    "archivos_fuente": [
      "Library/Caches/Google/Chrome/Default/Cache/Cache_Data/f3ff18ea916ea649_0"
    ],
    "ultima_modificacion": "2025-08-01 01:02:02.430734"
  },
  "8b6f092939bd20770": {
    "app_sintetizada": "8B6F092939BD20770",
    "cantidad_archivos": 1,
    "archivos_fuente": [
      "Library/Caches/Google/Chrome/Default/Cache/Cache_Data/8b6f092939bd2077_0"
    ],
    "ultima_modificacion": "2025-08-01 01:02:02.431016"
  },
  "bf04e1b10c23dacb0": {
    "app_sintetizada": "BF04E1B10C23DACB0",
    "cantidad_archivos": 1,
    "archivos_fuente": [
      "Library/Caches/Google/Chrome/Default/Cache/Cache_Data/bf04e1b10c23dacb_0"
    ],
    "ultima_modificacion": "2025-08-01 01:02:02.431373"
  },
  "84d18da8155dcfb90": {
    "app_sintetizada": "84D18DA8155DCFB90",
    "cantidad_archivos": 1,
    "archivos_fuente": [
      "Library/Caches/Google/Chrome/Default/Cache/Cache_Data/84d18da8155dcfb9_0"
    ],
    "ultima_modificacion": "2025-08-01 01:02:02.431632"
  },
  "6b1dad133c7510f90": {
    "app_sintetizada": "6B1DAD133C7510F90",
    "cantidad_archivos": 1,
    "archivos_fuente": [
      "Library/Caches/Google/Chrome/Default/Cache/Cache_Data/6b1dad133c7510f9_0"
    ],
    "ultima_modificacion": "2025-08-01 01:02:02.431903"
  },
  "8174536cbe8c4e5a0": {
    "app_sintetizada": "8174536CBE8C4E5A0",
    "cantidad_archivos": 1,
    "archivos_fuente": [
      "Library/Caches/Google/Chrome/Default/Cache/Cache_Data/8174536cbe8c4e5a_0"
    ],
    "ultima_modificacion": "2025-08-01 01:02:02.432246"
  },
  "eddd9706bf27f5250": {
    "app_sintetizada": "EDDD9706BF27F5250",
    "cantidad_archivos": 1,
    "archivos_fuente": [
      "Library/Caches/Google/Chrome/Default/Cache/Cache_Data/eddd9706bf27f525_0"
    ],
    "ultima_modificacion": "2025-08-01 01:02:02.432599"
  },
  "1faf5c1a602da7920": {
    "app_sintetizada": "1FAF5C1A602DA7920",
    "cantidad_archivos": 1,
    "archivos_fuente": [
      "Library/Caches/Google/Chrome/Default/Cache/Cache_Data/1faf5c1a602da792_0"
    ],
    "ultima_modificacion": "2025-08-01 01:02:02.432872"
  },
  "58126b7dc4ed5c140": {
    "app_sintetizada": "58126B7DC4ED5C140",
    "cantidad_archivos": 1,
    "archivos_fuente": [
      "Library/Caches/Google/Chrome/Default/Cache/Cache_Data/58126b7dc4ed5c14_0"
    ],
    "ultima_modificacion": "2025-08-01 01:02:02.433205"
  },
  "53bc33fc79ecc4c30": {
    "app_sintetizada": "53BC33FC79ECC4C30",
    "cantidad_archivos": 1,
    "archivos_fuente": [
      "Library/Caches/Google/Chrome/Default/Cache/Cache_Data/53bc33fc79ecc4c3_0"
    ],
    "ultima_modificacion": "2025-08-01 01:02:02.433534"
  },
  "c6194eb69066bd830": {
    "app_sintetizada": "C6194EB69066BD830",
    "cantidad_archivos": 1,
    "archivos_fuente": [
      "Library/Caches/Google/Chrome/Default/Cache/Cache_Data/c6194eb69066bd83_0"
    ],
    "ultima_modificacion": "2025-08-01 01:02:02.433833"
  },
  "2eb4e41687005f620": {
    "app_sintetizada": "2EB4E41687005F620",
    "cantidad_archivos": 1,
    "archivos_fuente": [
      "Library/Caches/Google/Chrome/Default/Cache/Cache_Data/2eb4e41687005f62_0"
    ],
    "ultima_modificacion": "2025-08-01 01:02:02.434085"
  },
  "3c8c4329ce24ad460": {
    "app_sintetizada": "3C8C4329CE24AD460",
    "cantidad_archivos": 1,
    "archivos_fuente": [
      "Library/Caches/Google/Chrome/Default/Cache/Cache_Data/3c8c4329ce24ad46_0"
    ],
    "ultima_modificacion": "2025-08-01 01:02:02.434332"
  },
  "ea1b7ad25a2586b50": {
    "app_sintetizada": "EA1B7AD25A2586B50",
    "cantidad_archivos": 1,
    "archivos_fuente": [
      "Library/Caches/Google/Chrome/Default/Cache/Cache_Data/ea1b7ad25a2586b5_0"
    ],
    "ultima_modificacion": "2025-08-01 01:02:02.434568"
  },
  "84c4316b4b3dc7e40": {
    "app_sintetizada": "84C4316B4B3DC7E40",
    "cantidad_archivos": 1,
    "archivos_fuente": [
      "Library/Caches/Google/Chrome/Default/Cache/Cache_Data/84c4316b4b3dc7e4_0"
    ],
    "ultima_modificacion": "2025-08-01 01:02:02.434780"
  },
  "5adf97bdf7b92bd10": {
    "app_sintetizada": "5ADF97BDF7B92BD10",
    "cantidad_archivos": 1,
    "archivos_fuente": [
      "Library/Caches/Google/Chrome/Default/Cache/Cache_Data/5adf97bdf7b92bd1_0"
    ],
    "ultima_modificacion": "2025-08-01 01:02:02.434987"
  },
  "8884438c9d2ef1780": {
    "app_sintetizada": "8884438C9D2EF1780",
    "cantidad_archivos": 1,
    "archivos_fuente": [
      "Library/Caches/Google/Chrome/Default/Cache/Cache_Data/8884438c9d2ef178_0"
    ],
    "ultima_modificacion": "2025-08-01 01:02:02.435200"
  },
  "2d8b5e96d5c3f3260": {
    "app_sintetizada": "2D8B5E96D5C3F3260",
    "cantidad_archivos": 1,
    "archivos_fuente": [
      "Library/Caches/Google/Chrome/Default/Cache/Cache_Data/2d8b5e96d5c3f326_0"
    ],
    "ultima_modificacion": "2025-08-01 01:02:02.435415"
  },
  "522253fa653abd550": {
    "app_sintetizada": "522253FA653ABD550",
    "cantidad_archivos": 1,
    "archivos_fuente": [
      "Library/Caches/Google/Chrome/Default/Cache/Cache_Data/522253fa653abd55_0"
    ],
    "ultima_modificacion": "2025-08-01 01:02:02.435729"
  },
  "c5f82dfc3c8bfbc10": {
    "app_sintetizada": "C5F82DFC3C8BFBC10",
    "cantidad_archivos": 1,
    "archivos_fuente": [
      "Library/Caches/Google/Chrome/Default/Cache/Cache_Data/c5f82dfc3c8bfbc1_0"
    ],
    "ultima_modificacion": "2025-08-01 01:02:02.436222"
  },
  "2f232d43739515fc0": {
    "app_sintetizada": "2F232D43739515FC0",
    "cantidad_archivos": 1,
    "archivos_fuente": [
      "Library/Caches/Google/Chrome/Default/Cache/Cache_Data/2f232d43739515fc_0"
    ],
    "ultima_modificacion": "2025-08-01 01:02:02.438961"
  },
  "2155976483a57e8b0": {
    "app_sintetizada": "2155976483A57E8B0",
    "cantidad_archivos": 1,
    "archivos_fuente": [
      "Library/Caches/Google/Chrome/Default/Cache/Cache_Data/2155976483a57e8b_0"
    ],
    "ultima_modificacion": "2025-08-01 01:02:02.440135"
  },
  "38c413d435eb66970": {
    "app_sintetizada": "38C413D435EB66970",
    "cantidad_archivos": 1,
    "archivos_fuente": [
      "Library/Caches/Google/Chrome/Default/Cache/Cache_Data/38c413d435eb6697_0"
    ],
    "ultima_modificacion": "2025-08-01 01:02:02.440700"
  },
  "cbb3f1872b0331590": {
    "app_sintetizada": "CBB3F1872B0331590",
    "cantidad_archivos": 1,
    "archivos_fuente": [
      "Library/Caches/Google/Chrome/Default/Cache/Cache_Data/cbb3f1872b033159_0"
    ],
    "ultima_modificacion": "2025-08-01 01:02:02.441155"
  },
  "05530efff14801ab0": {
    "app_sintetizada": "05530EFFF14801AB0",
    "cantidad_archivos": 1,
    "archivos_fuente": [
      "Library/Caches/Google/Chrome/Default/Cache/Cache_Data/05530efff14801ab_0"
    ],
    "ultima_modificacion": "2025-08-01 01:02:02.441514"
  },
  "f06fdbe781b0daa20": {
    "app_sintetizada": "F06FDBE781B0DAA20",
    "cantidad_archivos": 1,
    "archivos_fuente": [
      "Library/Caches/Google/Chrome/Default/Cache/Cache_Data/f06fdbe781b0daa2_0"
    ],
    "ultima_modificacion": "2025-08-01 01:02:02.441856"
  },
  "4e452bb512b6a6b90": {
    "app_sintetizada": "4E452BB512B6A6B90",
    "cantidad_archivos": 1,
    "archivos_fuente": [
      "Library/Caches/Google/Chrome/Default/Cache/Cache_Data/4e452bb512b6a6b9_0"
    ],
    "ultima_modificacion": "2025-08-01 01:02:02.442171"
  },
  "988a121e2d1300c80": {
    "app_sintetizada": "988A121E2D1300C80",
    "cantidad_archivos": 1,
    "archivos_fuente": [
      "Library/Caches/Google/Chrome/Default/Cache/Cache_Data/988a121e2d1300c8_0"
    ],
    "ultima_modificacion": "2025-08-01 01:02:02.442475"
  },
  "b75c456f0c6f5ef60": {
    "app_sintetizada": "B75C456F0C6F5EF60",
    "cantidad_archivos": 1,
    "archivos_fuente": [
      "Library/Caches/Google/Chrome/Default/Cache/Cache_Data/b75c456f0c6f5ef6_0"
    ],
    "ultima_modificacion": "2025-08-01 01:02:02.442772"
  },
  "d21601b87a7f6a5d0": {
    "app_sintetizada": "D21601B87A7F6A5D0",
    "cantidad_archivos": 1,
    "archivos_fuente": [
      "Library/Caches/Google/Chrome/Default/Cache/Cache_Data/d21601b87a7f6a5d_0"
    ],
    "ultima_modificacion": "2025-08-01 01:02:02.443073"
  },
  "37a1ac022b0c73110": {
    "app_sintetizada": "37A1AC022B0C73110",
    "cantidad_archivos": 1,
    "archivos_fuente": [
      "Library/Caches/Google/Chrome/Default/Cache/Cache_Data/37a1ac022b0c7311_0"
    ],
    "ultima_modificacion": "2025-08-01 01:02:02.443382"
  },
  "3d227cda2a861c360": {
    "app_sintetizada": "3D227CDA2A861C360",
    "cantidad_archivos": 1,
    "archivos_fuente": [
      "Library/Caches/Google/Chrome/Default/Cache/Cache_Data/3d227cda2a861c36_0"
    ],
    "ultima_modificacion": "2025-08-01 01:02:02.443711"
  },
  "ee23fcee00ed83b80": {
    "app_sintetizada": "EE23FCEE00ED83B80",
    "cantidad_archivos": 1,
    "archivos_fuente": [
      "Library/Caches/Google/Chrome/Default/Cache/Cache_Data/ee23fcee00ed83b8_0"
    ],
    "ultima_modificacion": "2025-08-01 01:02:02.444099"
  },
  "f8ff04c4331918c10": {
    "app_sintetizada": "F8FF04C4331918C10",
    "cantidad_archivos": 1,
    "archivos_fuente": [
      "Library/Caches/Google/Chrome/Default/Cache/Cache_Data/f8ff04c4331918c1_0"
    ],
    "ultima_modificacion": "2025-08-01 01:02:02.444575"
  },
  "f879470d473f348f0": {
    "app_sintetizada": "F879470D473F348F0",
    "cantidad_archivos": 1,
    "archivos_fuente": [
      "Library/Caches/Google/Chrome/Default/Cache/Cache_Data/f879470d473f348f_0"
    ],
    "ultima_modificacion": "2025-08-01 01:02:02.445343"
  },
  "4186b905989ac1010": {
    "app_sintetizada": "4186B905989AC1010",
    "cantidad_archivos": 1,
    "archivos_fuente": [
      "Library/Caches/Google/Chrome/Default/Cache/Cache_Data/4186b905989ac101_0"
    ],
    "ultima_modificacion": "2025-08-01 01:02:02.445938"
  },
  "68c8f73c43307e190": {
    "app_sintetizada": "68C8F73C43307E190",
    "cantidad_archivos": 1,
    "archivos_fuente": [
      "Library/Caches/Google/Chrome/Default/Cache/Cache_Data/68c8f73c43307e19_0"
    ],
    "ultima_modificacion": "2025-08-01 01:02:02.446602"
  },
  "8c72f07caf3155ce0": {
    "app_sintetizada": "8C72F07CAF3155CE0",
    "cantidad_archivos": 1,
    "archivos_fuente": [
      "Library/Caches/Google/Chrome/Default/Cache/Cache_Data/8c72f07caf3155ce_0"
    ],
    "ultima_modificacion": "2025-08-01 01:02:02.447012"
  },
  "8ab5aa6901332fa60": {
    "app_sintetizada": "8AB5AA6901332FA60",
    "cantidad_archivos": 1,
    "archivos_fuente": [
      "Library/Caches/Google/Chrome/Default/Cache/Cache_Data/8ab5aa6901332fa6_0"
    ],
    "ultima_modificacion": "2025-08-01 01:02:02.447387"
  },
  "a2857efb4e16a6f70": {
    "app_sintetizada": "A2857EFB4E16A6F70",
    "cantidad_archivos": 1,
    "archivos_fuente": [
      "Library/Caches/Google/Chrome/Default/Cache/Cache_Data/a2857efb4e16a6f7_0"
    ],
    "ultima_modificacion": "2025-08-01 01:02:02.447704"
  },
  "efa12fafd9294d400": {
    "app_sintetizada": "EFA12FAFD9294D400",
    "cantidad_archivos": 1,
    "archivos_fuente": [
      "Library/Caches/Google/Chrome/Default/Cache/Cache_Data/efa12fafd9294d40_0"
    ],
    "ultima_modificacion": "2025-08-01 01:02:02.448037"
  },
  "7ef238e7e5b609f90": {
    "app_sintetizada": "7EF238E7E5B609F90",
    "cantidad_archivos": 1,
    "archivos_fuente": [
      "Library/Caches/Google/Chrome/Default/Cache/Cache_Data/7ef238e7e5b609f9_0"
    ],
    "ultima_modificacion": "2025-08-01 01:02:02.448355"
  },
  "121f96be881845eb0": {
    "app_sintetizada": "121F96BE881845EB0",
    "cantidad_archivos": 1,
    "archivos_fuente": [
      "Library/Caches/Google/Chrome/Default/Cache/Cache_Data/121f96be881845eb_0"
    ],
    "ultima_modificacion": "2025-08-01 01:02:02.448683"
  },
  "9930daaaf9a133340": {
    "app_sintetizada": "9930DAAAF9A133340",
    "cantidad_archivos": 1,
    "archivos_fuente": [
      "Library/Caches/Google/Chrome/Default/Cache/Cache_Data/9930daaaf9a13334_0"
    ],
    "ultima_modificacion": "2025-08-01 01:02:02.449015"
  },
  "51a2312f3216d34f0": {
    "app_sintetizada": "51A2312F3216D34F0",
    "cantidad_archivos": 1,
    "archivos_fuente": [
      "Library/Caches/Google/Chrome/Default/Cache/Cache_Data/51a2312f3216d34f_0"
    ],
    "ultima_modificacion": "2025-08-01 01:02:02.449347"
  },
  "0652777cfb7aa8790": {
    "app_sintetizada": "0652777CFB7AA8790",
    "cantidad_archivos": 1,
    "archivos_fuente": [
      "Library/Caches/Google/Chrome/Default/Cache/Cache_Data/0652777cfb7aa879_0"
    ],
    "ultima_modificacion": "2025-08-01 01:02:02.449671"
  },
  "dfc7b0cfd144d1420": {
    "app_sintetizada": "DFC7B0CFD144D1420",
    "cantidad_archivos": 1,
    "archivos_fuente": [
      "Library/Caches/Google/Chrome/Default/Cache/Cache_Data/dfc7b0cfd144d142_0"
    ],
    "ultima_modificacion": "2025-08-01 01:02:02.450141"
  },
  "a8174a20a3ded29d0": {
    "app_sintetizada": "A8174A20A3DED29D0",
    "cantidad_archivos": 1,
    "archivos_fuente": [
      "Library/Caches/Google/Chrome/Default/Cache/Cache_Data/a8174a20a3ded29d_0"
    ],
    "ultima_modificacion": "2025-08-01 01:02:02.450471"
  },
  "08cbf04b9e4ed33c0": {
    "app_sintetizada": "08CBF04B9E4ED33C0",
    "cantidad_archivos": 1,
    "archivos_fuente": [
      "Library/Caches/Google/Chrome/Default/Cache/Cache_Data/08cbf04b9e4ed33c_0"
    ],
    "ultima_modificacion": "2025-08-01 01:02:02.450806"
  },
  "518fddb53ecbc7030": {
    "app_sintetizada": "518FDDB53ECBC7030",
    "cantidad_archivos": 1,
    "archivos_fuente": [
      "Library/Caches/Google/Chrome/Default/Cache/Cache_Data/518fddb53ecbc703_0"
    ],
    "ultima_modificacion": "2025-08-01 01:02:02.451174"
  },
  "410fc1d4aeba7a7f0": {
    "app_sintetizada": "410FC1D4AEBA7A7F0",
    "cantidad_archivos": 1,
    "archivos_fuente": [
      "Library/Caches/Google/Chrome/Default/Cache/Cache_Data/410fc1d4aeba7a7f_0"
    ],
    "ultima_modificacion": "2025-08-01 01:02:02.451501"
  },
  "5cae84a02c972c4d0": {
    "app_sintetizada": "5CAE84A02C972C4D0",
    "cantidad_archivos": 1,
    "archivos_fuente": [
      "Library/Caches/Google/Chrome/Default/Cache/Cache_Data/5cae84a02c972c4d_0"
    ],
    "ultima_modificacion": "2025-08-01 01:02:02.451931"
  },
  "63db8628c26e1fef0": {
    "app_sintetizada": "63DB8628C26E1FEF0",
    "cantidad_archivos": 1,
    "archivos_fuente": [
      "Library/Caches/Google/Chrome/Default/Cache/Cache_Data/63db8628c26e1fef_0"
    ],
    "ultima_modificacion": "2025-08-01 01:02:02.452539"
  },
  "8f283296c05ab9210": {
    "app_sintetizada": "8F283296C05AB9210",
    "cantidad_archivos": 1,
    "archivos_fuente": [
      "Library/Caches/Google/Chrome/Default/Cache/Cache_Data/8f283296c05ab921_0"
    ],
    "ultima_modificacion": "2025-08-01 01:02:02.453933"
  },
  "befb9aaa3a4dec180": {
    "app_sintetizada": "BEFB9AAA3A4DEC180",
    "cantidad_archivos": 1,
    "archivos_fuente": [
      "Library/Caches/Google/Chrome/Default/Cache/Cache_Data/befb9aaa3a4dec18_0"
    ],
    "ultima_modificacion": "2025-08-01 01:02:02.457701"
  },
  "3f512b15bdbde8650": {
    "app_sintetizada": "3F512B15BDBDE8650",
    "cantidad_archivos": 1,
    "archivos_fuente": [
      "Library/Caches/Google/Chrome/Default/Cache/Cache_Data/3f512b15bdbde865_0"
    ],
    "ultima_modificacion": "2025-08-01 01:02:02.458548"
  },
  "cac588340b28bef60": {
    "app_sintetizada": "CAC588340B28BEF60",
    "cantidad_archivos": 1,
    "archivos_fuente": [
      "Library/Caches/Google/Chrome/Default/Cache/Cache_Data/cac588340b28bef6_0"
    ],
    "ultima_modificacion": "2025-08-01 01:02:02.459015"
  },
  "4651203d382236fc0": {
    "app_sintetizada": "4651203D382236FC0",
    "cantidad_archivos": 1,
    "archivos_fuente": [
      "Library/Caches/Google/Chrome/Default/Cache/Cache_Data/4651203d382236fc_0"
    ],
    "ultima_modificacion": "2025-08-01 01:02:02.459398"
  },
  "d6a4e668c6b6bab50": {
    "app_sintetizada": "D6A4E668C6B6BAB50",
    "cantidad_archivos": 1,
    "archivos_fuente": [
      "Library/Caches/Google/Chrome/Default/Cache/Cache_Data/d6a4e668c6b6bab5_0"
    ],
    "ultima_modificacion": "2025-08-01 01:02:02.459751"
  },
  "f99b70bb284cb14e0": {
    "app_sintetizada": "F99B70BB284CB14E0",
    "cantidad_archivos": 1,
    "archivos_fuente": [
      "Library/Caches/Google/Chrome/Default/Cache/Cache_Data/f99b70bb284cb14e_0"
    ],
    "ultima_modificacion": "2025-08-01 01:02:02.460076"
  },
  "d2eedf1780f65c3e0": {
    "app_sintetizada": "D2EEDF1780F65C3E0",
    "cantidad_archivos": 1,
    "archivos_fuente": [
      "Library/Caches/Google/Chrome/Default/Cache/Cache_Data/d2eedf1780f65c3e_0"
    ],
    "ultima_modificacion": "2025-08-01 01:02:02.460423"
  },
  "e1afdcd854ccc2950": {
    "app_sintetizada": "E1AFDCD854CCC2950",
    "cantidad_archivos": 1,
    "archivos_fuente": [
      "Library/Caches/Google/Chrome/Default/Cache/Cache_Data/e1afdcd854ccc295_0"
    ],
    "ultima_modificacion": "2025-08-01 01:02:02.461038"
  },
  "6dc1f47350d912840": {
    "app_sintetizada": "6DC1F47350D912840",
    "cantidad_archivos": 1,
    "archivos_fuente": [
      "Library/Caches/Google/Chrome/Default/Cache/Cache_Data/6dc1f47350d91284_0"
    ],
    "ultima_modificacion": "2025-08-01 01:02:02.461877"
  },
  "ea5fa1c606c7beb30": {
    "app_sintetizada": "EA5FA1C606C7BEB30",
    "cantidad_archivos": 1,
    "archivos_fuente": [
      "Library/Caches/Google/Chrome/Default/Cache/Cache_Data/ea5fa1c606c7beb3_0"
    ],
    "ultima_modificacion": "2025-08-01 01:02:02.462796"
  },
  "8cfe8ae7489340730": {
    "app_sintetizada": "8CFE8AE7489340730",
    "cantidad_archivos": 1,
    "archivos_fuente": [
      "Library/Caches/Google/Chrome/Default/Cache/Cache_Data/8cfe8ae748934073_0"
    ],
    "ultima_modificacion": "2025-08-01 01:02:02.463391"
  },
  "5a48996e45698aa70": {
    "app_sintetizada": "5A48996E45698AA70",
    "cantidad_archivos": 1,
    "archivos_fuente": [
      "Library/Caches/Google/Chrome/Default/Cache/Cache_Data/5a48996e45698aa7_0"
    ],
    "ultima_modificacion": "2025-08-01 01:02:02.463743"
  },
  "4ce3d7cae50ccddf0": {
    "app_sintetizada": "4CE3D7CAE50CCDDF0",
    "cantidad_archivos": 1,
    "archivos_fuente": [
      "Library/Caches/Google/Chrome/Default/Cache/Cache_Data/4ce3d7cae50ccddf_0"
    ],
    "ultima_modificacion": "2025-08-01 01:02:02.464067"
  },
  "3df24bf8cd08cb470": {
    "app_sintetizada": "3DF24BF8CD08CB470",
    "cantidad_archivos": 1,
    "archivos_fuente": [
      "Library/Caches/Google/Chrome/Default/Cache/Cache_Data/3df24bf8cd08cb47_0"
    ],
    "ultima_modificacion": "2025-08-01 01:02:02.464341"
  },
  "1dab9719e654edd10": {
    "app_sintetizada": "1DAB9719E654EDD10",
    "cantidad_archivos": 1,
    "archivos_fuente": [
      "Library/Caches/Google/Chrome/Default/Cache/Cache_Data/1dab9719e654edd1_0"
    ],
    "ultima_modificacion": "2025-08-01 01:02:02.464610"
  },
  "c0dbd552ffdb42dc0": {
    "app_sintetizada": "C0DBD552FFDB42DC0",
    "cantidad_archivos": 1,
    "archivos_fuente": [
      "Library/Caches/Google/Chrome/Default/Cache/Cache_Data/c0dbd552ffdb42dc_0"
    ],
    "ultima_modificacion": "2025-08-01 01:02:02.464896"
  },
  "ef9f79073399d8110": {
    "app_sintetizada": "EF9F79073399D8110",
    "cantidad_archivos": 1,
    "archivos_fuente": [
      "Library/Caches/Google/Chrome/Default/Cache/Cache_Data/ef9f79073399d811_0"
    ],
    "ultima_modificacion": "2025-08-01 01:02:02.465312"
  },
  "8db548ee186f14590": {
    "app_sintetizada": "8DB548EE186F14590",
    "cantidad_archivos": 1,
    "archivos_fuente": [
      "Library/Caches/Google/Chrome/Default/Cache/Cache_Data/8db548ee186f1459_0"
    ],
    "ultima_modificacion": "2025-08-01 01:02:02.465675"
  },
  "f4eeaee11d076c0f0": {
    "app_sintetizada": "F4EEAEE11D076C0F0",
    "cantidad_archivos": 1,
    "archivos_fuente": [
      "Library/Caches/Google/Chrome/Default/Cache/Cache_Data/f4eeaee11d076c0f_0"
    ],
    "ultima_modificacion": "2025-08-01 01:02:02.465968"
  },
  "01f667115b8883cf0": {
    "app_sintetizada": "01F667115B8883CF0",
    "cantidad_archivos": 1,
    "archivos_fuente": [
      "Library/Caches/Google/Chrome/Default/Cache/Cache_Data/01f667115b8883cf_0"
    ],
    "ultima_modificacion": "2025-08-01 01:02:02.466237"
  },
  "19357aad7a3dfe2b0": {
    "app_sintetizada": "19357AAD7A3DFE2B0",
    "cantidad_archivos": 1,
    "archivos_fuente": [
      "Library/Caches/Google/Chrome/Default/Cache/Cache_Data/19357aad7a3dfe2b_0"
    ],
    "ultima_modificacion": "2025-08-01 01:02:02.466551"
  },
  "0e474b2e9d3277330": {
    "app_sintetizada": "0E474B2E9D3277330",
    "cantidad_archivos": 1,
    "archivos_fuente": [
      "Library/Caches/Google/Chrome/Default/Cache/Cache_Data/0e474b2e9d327733_0"
    ],
    "ultima_modificacion": "2025-08-01 01:02:02.466895"
  },
  "280b6217b3a66ed10": {
    "app_sintetizada": "280B6217B3A66ED10",
    "cantidad_archivos": 1,
    "archivos_fuente": [
      "Library/Caches/Google/Chrome/Default/Cache/Cache_Data/280b6217b3a66ed1_0"
    ],
    "ultima_modificacion": "2025-08-01 01:02:02.467242"
  },
  "2d16831084f66be50": {
    "app_sintetizada": "2D16831084F66BE50",
    "cantidad_archivos": 1,
    "archivos_fuente": [
      "Library/Caches/Google/Chrome/Default/Cache/Cache_Data/2d16831084f66be5_0"
    ],
    "ultima_modificacion": "2025-08-01 01:02:02.467577"
  },
  "81137d4a05e685020": {
    "app_sintetizada": "81137D4A05E685020",
    "cantidad_archivos": 1,
    "archivos_fuente": [
      "Library/Caches/Google/Chrome/Default/Cache/Cache_Data/81137d4a05e68502_0"
    ],
    "ultima_modificacion": "2025-08-01 01:02:02.467932"
  },
  "98a8e318c9b960790": {
    "app_sintetizada": "98A8E318C9B960790",
    "cantidad_archivos": 1,
    "archivos_fuente": [
      "Library/Caches/Google/Chrome/Default/Cache/Cache_Data/98a8e318c9b96079_0"
    ],
    "ultima_modificacion": "2025-08-01 01:02:02.468489"
  },
  "f86c5ab68bf6815e0": {
    "app_sintetizada": "F86C5AB68BF6815E0",
    "cantidad_archivos": 1,
    "archivos_fuente": [
      "Library/Caches/Google/Chrome/Default/Cache/Cache_Data/f86c5ab68bf6815e_0"
    ],
    "ultima_modificacion": "2025-08-01 01:02:02.468922"
  },
  "eb862405a198094b0": {
    "app_sintetizada": "EB862405A198094B0",
    "cantidad_archivos": 1,
    "archivos_fuente": [
      "Library/Caches/Google/Chrome/Default/Cache/Cache_Data/eb862405a198094b_0"
    ],
    "ultima_modificacion": "2025-08-01 01:02:02.469342"
  },
  "7a05cac3b87e26c30": {
    "app_sintetizada": "7A05CAC3B87E26C30",
    "cantidad_archivos": 1,
    "archivos_fuente": [
      "Library/Caches/Google/Chrome/Default/Cache/Cache_Data/7a05cac3b87e26c3_0"
    ],
    "ultima_modificacion": "2025-08-01 01:02:02.473060"
  },
  "3e13d3cb5776fb380": {
    "app_sintetizada": "3E13D3CB5776FB380",
    "cantidad_archivos": 1,
    "archivos_fuente": [
      "Library/Caches/Google/Chrome/Default/Cache/Cache_Data/3e13d3cb5776fb38_0"
    ],
    "ultima_modificacion": "2025-08-01 01:02:02.473521"
  },
  "de4325c074d0906f0": {
    "app_sintetizada": "DE4325C074D0906F0",
    "cantidad_archivos": 1,
    "archivos_fuente": [
      "Library/Caches/Google/Chrome/Default/Cache/Cache_Data/de4325c074d0906f_0"
    ],
    "ultima_modificacion": "2025-08-01 01:02:02.473885"
  },
  "bf107a7d8706929d0": {
    "app_sintetizada": "BF107A7D8706929D0",
    "cantidad_archivos": 1,
    "archivos_fuente": [
      "Library/Caches/Google/Chrome/Default/Cache/Cache_Data/bf107a7d8706929d_0"
    ],
    "ultima_modificacion": "2025-08-01 01:02:02.474243"
  },
  "1306d7dbf271f7ac0": {
    "app_sintetizada": "1306D7DBF271F7AC0",
    "cantidad_archivos": 1,
    "archivos_fuente": [
      "Library/Caches/Google/Chrome/Default/Cache/Cache_Data/1306d7dbf271f7ac_0"
    ],
    "ultima_modificacion": "2025-08-01 01:02:02.474555"
  },
  "0f2341a6749c9cdd0": {
    "app_sintetizada": "0F2341A6749C9CDD0",
    "cantidad_archivos": 1,
    "archivos_fuente": [
      "Library/Caches/Google/Chrome/Default/Cache/Cache_Data/0f2341a6749c9cdd_0"
    ],
    "ultima_modificacion": "2025-08-01 01:02:02.474952"
  },
  "fd3bf2a68511c6c80": {
    "app_sintetizada": "FD3BF2A68511C6C80",
    "cantidad_archivos": 1,
    "archivos_fuente": [
      "Library/Caches/Google/Chrome/Default/Cache/Cache_Data/fd3bf2a68511c6c8_0"
    ],
    "ultima_modificacion": "2025-08-01 01:02:02.475244"
  },
  "e3984648a905a6700": {
    "app_sintetizada": "E3984648A905A6700",
    "cantidad_archivos": 1,
    "archivos_fuente": [
      "Library/Caches/Google/Chrome/Default/Cache/Cache_Data/e3984648a905a670_0"
    ],
    "ultima_modificacion": "2025-08-01 01:02:02.475519"
  },
  "3d035ed4f6fa568f0": {
    "app_sintetizada": "3D035ED4F6FA568F0",
    "cantidad_archivos": 1,
    "archivos_fuente": [
      "Library/Caches/Google/Chrome/Default/Cache/Cache_Data/3d035ed4f6fa568f_0"
    ],
    "ultima_modificacion": "2025-08-01 01:02:02.475857"
  },
  "745a2f50a31712bd0": {
    "app_sintetizada": "745A2F50A31712BD0",
    "cantidad_archivos": 1,
    "archivos_fuente": [
      "Library/Caches/Google/Chrome/Default/Cache/Cache_Data/745a2f50a31712bd_0"
    ],
    "ultima_modificacion": "2025-08-01 01:02:02.476124"
  },
  "02624bbc4e07dc7a0": {
    "app_sintetizada": "02624BBC4E07DC7A0",
    "cantidad_archivos": 1,
    "archivos_fuente": [
      "Library/Caches/Google/Chrome/Default/Cache/Cache_Data/02624bbc4e07dc7a_0"
    ],
    "ultima_modificacion": "2025-08-01 01:02:02.476436"
  },
  "fc6941940e41e69a0": {
    "app_sintetizada": "FC6941940E41E69A0",
    "cantidad_archivos": 1,
    "archivos_fuente": [
      "Library/Caches/Google/Chrome/Default/Cache/Cache_Data/fc6941940e41e69a_0"
    ],
    "ultima_modificacion": "2025-08-01 01:02:02.476702"
  },
  "4c3eb0a2dd1bd9300": {
    "app_sintetizada": "4C3EB0A2DD1BD9300",
    "cantidad_archivos": 1,
    "archivos_fuente": [
      "Library/Caches/Google/Chrome/Default/Cache/Cache_Data/4c3eb0a2dd1bd930_0"
    ],
    "ultima_modificacion": "2025-08-01 01:02:02.477064"
  },
  "6539ae3c99296f3c0": {
    "app_sintetizada": "6539AE3C99296F3C0",
    "cantidad_archivos": 1,
    "archivos_fuente": [
      "Library/Caches/Google/Chrome/Default/Cache/Cache_Data/6539ae3c99296f3c_0"
    ],
    "ultima_modificacion": "2025-08-01 01:02:02.477587"
  }
}