{
  "lifecyclemethods.d.ts.map": {
    "app_sintetizada": "LIFECYCLEMETHODS.D.TS.MAP",
    "cantidad_archivos": 2,
    "archivos_fuente": [
      "Library/CloudStorage/Dropbox/APPS HIPERFOCO.CL/AGENDAS CLINICAS CENTROS SALUD PUBLICOS Y PRIVADOS/agenda-clinica-interoperable/node_modules/eslint-plugin-react/lib/util/lifecycleMethods.d.ts.map",
      "Library/CloudStorage/Dropbox/APPS HIPERFOCO.CL/AGENDAS CLINICAS CENTROS SALUD PUBLICOS Y PRIVADOS/AGENDA CLINICA PORTABLE E INTEROPERAPLE/AGENDA CLI\u0301NICA INTEROPERABLE/agenda-clinica-interoperable/node_modules/eslint-plugin-react/lib/util/lifecycleMethods.d.ts.map"
    ],
    "ultima_modificacion": "2025-08-01 01:01:47.548035"
  },
  "propwrapper.js": {
    "app_sintetizada": "PROPWRAPPER.JS",
    "cantidad_archivos": 4,
    "archivos_fuente": [
      "Library/CloudStorage/Dropbox/APPS HIPERFOCO.CL/AGENDAS CLINICAS CENTROS SALUD PUBLICOS Y PRIVADOS/agenda-clinica-interoperable/node_modules/eslint-plugin-react/lib/util/propWrapper.js",
      "Library/CloudStorage/Dropbox/APPS HIPERFOCO.CL/AGENDAS CLINICAS CENTROS SALUD PUBLICOS Y PRIVADOS/AGENDA CLINICA PORTABLE E INTEROPERAPLE/AGENDA CLI\u0301NICA INTEROPERABLE/agenda-clinica-interoperable/node_modules/eslint-plugin-react/lib/util/propWrapper.js",
      "Library/CloudStorage/Dropbox/MENTALIA_BUTTON_INSTALLER_KIT_SIGNABLE/MENTALIA_LOCAL_DEPLOY/mentalia_memory_core/propWrapper.js",
      "Library/CloudStorage/Dropbox/RSII FINAL/mentalia_memory_core/propWrapper.js"
    ],
    "ultima_modificacion": "2025-08-01 01:01:47.548399"
  },
  "defaultprops.d.ts": {
    "app_sintetizada": "DEFAULTPROPS.D.TS",
    "cantidad_archivos": 2,
    "archivos_fuente": [
      "Library/CloudStorage/Dropbox/APPS HIPERFOCO.CL/AGENDAS CLINICAS CENTROS SALUD PUBLICOS Y PRIVADOS/agenda-clinica-interoperable/node_modules/eslint-plugin-react/lib/util/defaultProps.d.ts",
      "Library/CloudStorage/Dropbox/APPS HIPERFOCO.CL/AGENDAS CLINICAS CENTROS SALUD PUBLICOS Y PRIVADOS/AGENDA CLINICA PORTABLE E INTEROPERAPLE/AGENDA CLI\u0301NICA INTEROPERABLE/agenda-clinica-interoperable/node_modules/eslint-plugin-react/lib/util/defaultProps.d.ts"
    ],
    "ultima_modificacion": "2025-08-01 01:01:47.548848"
  },
  "componentutil.d.ts": {
    "app_sintetizada": "COMPONENTUTIL.D.TS",
    "cantidad_archivos": 2,
    "archivos_fuente": [
      "Library/CloudStorage/Dropbox/APPS HIPERFOCO.CL/AGENDAS CLINICAS CENTROS SALUD PUBLICOS Y PRIVADOS/agenda-clinica-interoperable/node_modules/eslint-plugin-react/lib/util/componentUtil.d.ts",
      "Library/CloudStorage/Dropbox/APPS HIPERFOCO.CL/AGENDAS CLINICAS CENTROS SALUD PUBLICOS Y PRIVADOS/AGENDA CLINICA PORTABLE E INTEROPERAPLE/AGENDA CLI\u0301NICA INTEROPERABLE/agenda-clinica-interoperable/node_modules/eslint-plugin-react/lib/util/componentUtil.d.ts"
    ],
    "ultima_modificacion": "2025-08-01 01:01:47.552399"
  },
  "components.d.ts": {
    "app_sintetizada": "COMPONENTS.D.TS",
    "cantidad_archivos": 2,
    "archivos_fuente": [
      "Library/CloudStorage/Dropbox/APPS HIPERFOCO.CL/AGENDAS CLINICAS CENTROS SALUD PUBLICOS Y PRIVADOS/agenda-clinica-interoperable/node_modules/eslint-plugin-react/lib/util/Components.d.ts",
      "Library/CloudStorage/Dropbox/APPS HIPERFOCO.CL/AGENDAS CLINICAS CENTROS SALUD PUBLICOS Y PRIVADOS/AGENDA CLINICA PORTABLE E INTEROPERAPLE/AGENDA CLI\u0301NICA INTEROPERABLE/agenda-clinica-interoperable/node_modules/eslint-plugin-react/lib/util/Components.d.ts"
    ],
    "ultima_modificacion": "2025-08-01 01:01:47.552826"
  },
  "isfirstlettercapitalized.d.ts.map": {
    "app_sintetizada": "ISFIRSTLETTERCAPITALIZED.D.TS.MAP",
    "cantidad_archivos": 2,
    "archivos_fuente": [
      "Library/CloudStorage/Dropbox/APPS HIPERFOCO.CL/AGENDAS CLINICAS CENTROS SALUD PUBLICOS Y PRIVADOS/agenda-clinica-interoperable/node_modules/eslint-plugin-react/lib/util/isFirstLetterCapitalized.d.ts.map",
      "Library/CloudStorage/Dropbox/APPS HIPERFOCO.CL/AGENDAS CLINICAS CENTROS SALUD PUBLICOS Y PRIVADOS/AGENDA CLINICA PORTABLE E INTEROPERAPLE/AGENDA CLI\u0301NICA INTEROPERABLE/agenda-clinica-interoperable/node_modules/eslint-plugin-react/lib/util/isFirstLetterCapitalized.d.ts.map"
    ],
    "ultima_modificacion": "2025-08-01 01:01:47.553480"
  },
  "proptypessort.d.ts": {
    "app_sintetizada": "PROPTYPESSORT.D.TS",
    "cantidad_archivos": 2,
    "archivos_fuente": [
      "Library/CloudStorage/Dropbox/APPS HIPERFOCO.CL/AGENDAS CLINICAS CENTROS SALUD PUBLICOS Y PRIVADOS/agenda-clinica-interoperable/node_modules/eslint-plugin-react/lib/util/propTypesSort.d.ts",
      "Library/CloudStorage/Dropbox/APPS HIPERFOCO.CL/AGENDAS CLINICAS CENTROS SALUD PUBLICOS Y PRIVADOS/AGENDA CLINICA PORTABLE E INTEROPERAPLE/AGENDA CLI\u0301NICA INTEROPERABLE/agenda-clinica-interoperable/node_modules/eslint-plugin-react/lib/util/propTypesSort.d.ts"
    ],
    "ultima_modificacion": "2025-08-01 01:01:47.553868"
  },
  "props.d.ts": {
    "app_sintetizada": "PROPS.D.TS",
    "cantidad_archivos": 2,
    "archivos_fuente": [
      "Library/CloudStorage/Dropbox/APPS HIPERFOCO.CL/AGENDAS CLINICAS CENTROS SALUD PUBLICOS Y PRIVADOS/agenda-clinica-interoperable/node_modules/eslint-plugin-react/lib/util/props.d.ts",
      "Library/CloudStorage/Dropbox/APPS HIPERFOCO.CL/AGENDAS CLINICAS CENTROS SALUD PUBLICOS Y PRIVADOS/AGENDA CLINICA PORTABLE E INTEROPERAPLE/AGENDA CLI\u0301NICA INTEROPERABLE/agenda-clinica-interoperable/node_modules/eslint-plugin-react/lib/util/props.d.ts"
    ],
    "ultima_modificacion": "2025-08-01 01:01:47.554226"
  },
  "components.d.ts.map": {
    "app_sintetizada": "COMPONENTS.D.TS.MAP",
    "cantidad_archivos": 2,
    "archivos_fuente": [
      "Library/CloudStorage/Dropbox/APPS HIPERFOCO.CL/AGENDAS CLINICAS CENTROS SALUD PUBLICOS Y PRIVADOS/agenda-clinica-interoperable/node_modules/eslint-plugin-react/lib/util/Components.d.ts.map",
      "Library/CloudStorage/Dropbox/APPS HIPERFOCO.CL/AGENDAS CLINICAS CENTROS SALUD PUBLICOS Y PRIVADOS/AGENDA CLINICA PORTABLE E INTEROPERAPLE/AGENDA CLI\u0301NICA INTEROPERABLE/agenda-clinica-interoperable/node_modules/eslint-plugin-react/lib/util/Components.d.ts.map"
    ],
    "ultima_modificacion": "2025-08-01 01:01:47.554574"
  },
  "iscreateelement.d.ts.map": {
    "app_sintetizada": "ISCREATEELEMENT.D.TS.MAP",
    "cantidad_archivos": 2,
    "archivos_fuente": [
      "Library/CloudStorage/Dropbox/APPS HIPERFOCO.CL/AGENDAS CLINICAS CENTROS SALUD PUBLICOS Y PRIVADOS/agenda-clinica-interoperable/node_modules/eslint-plugin-react/lib/util/isCreateElement.d.ts.map",
      "Library/CloudStorage/Dropbox/APPS HIPERFOCO.CL/AGENDAS CLINICAS CENTROS SALUD PUBLICOS Y PRIVADOS/AGENDA CLINICA PORTABLE E INTEROPERAPLE/AGENDA CLI\u0301NICA INTEROPERABLE/agenda-clinica-interoperable/node_modules/eslint-plugin-react/lib/util/isCreateElement.d.ts.map"
    ],
    "ultima_modificacion": "2025-08-01 01:01:47.554914"
  },
  "lifecyclemethods.js": {
    "app_sintetizada": "LIFECYCLEMETHODS.JS",
    "cantidad_archivos": 4,
    "archivos_fuente": [
      "Library/CloudStorage/Dropbox/APPS HIPERFOCO.CL/AGENDAS CLINICAS CENTROS SALUD PUBLICOS Y PRIVADOS/agenda-clinica-interoperable/node_modules/eslint-plugin-react/lib/util/lifecycleMethods.js",
      "Library/CloudStorage/Dropbox/APPS HIPERFOCO.CL/AGENDAS CLINICAS CENTROS SALUD PUBLICOS Y PRIVADOS/AGENDA CLINICA PORTABLE E INTEROPERAPLE/AGENDA CLI\u0301NICA INTEROPERABLE/agenda-clinica-interoperable/node_modules/eslint-plugin-react/lib/util/lifecycleMethods.js",
      "Library/CloudStorage/Dropbox/MENTALIA_BUTTON_INSTALLER_KIT_SIGNABLE/MENTALIA_LOCAL_DEPLOY/mentalia_memory_core/lifecycleMethods.js",
      "Library/CloudStorage/Dropbox/RSII FINAL/mentalia_memory_core/lifecycleMethods.js"
    ],
    "ultima_modificacion": "2025-08-01 01:01:47.555290"
  },
  "iscreatecontext.d.ts": {
    "app_sintetizada": "ISCREATECONTEXT.D.TS",
    "cantidad_archivos": 2,
    "archivos_fuente": [
      "Library/CloudStorage/Dropbox/APPS HIPERFOCO.CL/AGENDAS CLINICAS CENTROS SALUD PUBLICOS Y PRIVADOS/agenda-clinica-interoperable/node_modules/eslint-plugin-react/lib/util/isCreateContext.d.ts",
      "Library/CloudStorage/Dropbox/APPS HIPERFOCO.CL/AGENDAS CLINICAS CENTROS SALUD PUBLICOS Y PRIVADOS/AGENDA CLINICA PORTABLE E INTEROPERAPLE/AGENDA CLI\u0301NICA INTEROPERABLE/agenda-clinica-interoperable/node_modules/eslint-plugin-react/lib/util/isCreateContext.d.ts"
    ],
    "ultima_modificacion": "2025-08-01 01:01:47.555635"
  },
  "lifecyclemethods.d.ts": {
    "app_sintetizada": "LIFECYCLEMETHODS.D.TS",
    "cantidad_archivos": 2,
    "archivos_fuente": [
      "Library/CloudStorage/Dropbox/APPS HIPERFOCO.CL/AGENDAS CLINICAS CENTROS SALUD PUBLICOS Y PRIVADOS/agenda-clinica-interoperable/node_modules/eslint-plugin-react/lib/util/lifecycleMethods.d.ts",
      "Library/CloudStorage/Dropbox/APPS HIPERFOCO.CL/AGENDAS CLINICAS CENTROS SALUD PUBLICOS Y PRIVADOS/AGENDA CLINICA PORTABLE E INTEROPERAPLE/AGENDA CLI\u0301NICA INTEROPERABLE/agenda-clinica-interoperable/node_modules/eslint-plugin-react/lib/util/lifecycleMethods.d.ts"
    ],
    "ultima_modificacion": "2025-08-01 01:01:47.555987"
  },
  "log.d.ts.map": {
    "app_sintetizada": "LOG.D.TS.MAP",
    "cantidad_archivos": 2,
    "archivos_fuente": [
      "Library/CloudStorage/Dropbox/APPS HIPERFOCO.CL/AGENDAS CLINICAS CENTROS SALUD PUBLICOS Y PRIVADOS/agenda-clinica-interoperable/node_modules/eslint-plugin-react/lib/util/log.d.ts.map",
      "Library/CloudStorage/Dropbox/APPS HIPERFOCO.CL/AGENDAS CLINICAS CENTROS SALUD PUBLICOS Y PRIVADOS/AGENDA CLINICA PORTABLE E INTEROPERAPLE/AGENDA CLI\u0301NICA INTEROPERABLE/agenda-clinica-interoperable/node_modules/eslint-plugin-react/lib/util/log.d.ts.map"
    ],
    "ultima_modificacion": "2025-08-01 01:01:47.556321"
  },
  "linkcomponents.d.ts": {
    "app_sintetizada": "LINKCOMPONENTS.D.TS",
    "cantidad_archivos": 2,
    "archivos_fuente": [
      "Library/CloudStorage/Dropbox/APPS HIPERFOCO.CL/AGENDAS CLINICAS CENTROS SALUD PUBLICOS Y PRIVADOS/agenda-clinica-interoperable/node_modules/eslint-plugin-react/lib/util/linkComponents.d.ts",
      "Library/CloudStorage/Dropbox/APPS HIPERFOCO.CL/AGENDAS CLINICAS CENTROS SALUD PUBLICOS Y PRIVADOS/AGENDA CLINICA PORTABLE E INTEROPERAPLE/AGENDA CLI\u0301NICA INTEROPERABLE/agenda-clinica-interoperable/node_modules/eslint-plugin-react/lib/util/linkComponents.d.ts"
    ],
    "ultima_modificacion": "2025-08-01 01:01:47.556653"
  },
  "annotations.d.ts": {
    "app_sintetizada": "ANNOTATIONS.D.TS",
    "cantidad_archivos": 2,
    "archivos_fuente": [
      "Library/CloudStorage/Dropbox/APPS HIPERFOCO.CL/AGENDAS CLINICAS CENTROS SALUD PUBLICOS Y PRIVADOS/agenda-clinica-interoperable/node_modules/eslint-plugin-react/lib/util/annotations.d.ts",
      "Library/CloudStorage/Dropbox/APPS HIPERFOCO.CL/AGENDAS CLINICAS CENTROS SALUD PUBLICOS Y PRIVADOS/AGENDA CLINICA PORTABLE E INTEROPERAPLE/AGENDA CLI\u0301NICA INTEROPERABLE/agenda-clinica-interoperable/node_modules/eslint-plugin-react/lib/util/annotations.d.ts"
    ],
    "ultima_modificacion": "2025-08-01 01:01:47.557075"
  },
  "componentutil.d.ts.map": {
    "app_sintetizada": "COMPONENTUTIL.D.TS.MAP",
    "cantidad_archivos": 2,
    "archivos_fuente": [
      "Library/CloudStorage/Dropbox/APPS HIPERFOCO.CL/AGENDAS CLINICAS CENTROS SALUD PUBLICOS Y PRIVADOS/agenda-clinica-interoperable/node_modules/eslint-plugin-react/lib/util/componentUtil.d.ts.map",
      "Library/CloudStorage/Dropbox/APPS HIPERFOCO.CL/AGENDAS CLINICAS CENTROS SALUD PUBLICOS Y PRIVADOS/AGENDA CLINICA PORTABLE E INTEROPERAPLE/AGENDA CLI\u0301NICA INTEROPERABLE/agenda-clinica-interoperable/node_modules/eslint-plugin-react/lib/util/componentUtil.d.ts.map"
    ],
    "ultima_modificacion": "2025-08-01 01:01:47.558850"
  },
  "message.d.ts": {
    "app_sintetizada": "MESSAGE.D.TS",
    "cantidad_archivos": 2,
    "archivos_fuente": [
      "Library/CloudStorage/Dropbox/APPS HIPERFOCO.CL/AGENDAS CLINICAS CENTROS SALUD PUBLICOS Y PRIVADOS/agenda-clinica-interoperable/node_modules/eslint-plugin-react/lib/util/message.d.ts",
      "Library/CloudStorage/Dropbox/APPS HIPERFOCO.CL/AGENDAS CLINICAS CENTROS SALUD PUBLICOS Y PRIVADOS/AGENDA CLINICA PORTABLE E INTEROPERAPLE/AGENDA CLI\u0301NICA INTEROPERABLE/agenda-clinica-interoperable/node_modules/eslint-plugin-react/lib/util/message.d.ts"
    ],
    "ultima_modificacion": "2025-08-01 01:01:47.559278"
  },
  "jsxnobind.js": {
    "app_sintetizada": "JSXNOBIND.JS",
    "cantidad_archivos": 4,
    "archivos_fuente": [
      "Library/CloudStorage/Dropbox/APPS HIPERFOCO.CL/AGENDAS CLINICAS CENTROS SALUD PUBLICOS Y PRIVADOS/agenda-clinica-interoperable/node_modules/eslint-plugin-react/lib/rules/jsx-no-bind.js",
      "Library/CloudStorage/Dropbox/APPS HIPERFOCO.CL/AGENDAS CLINICAS CENTROS SALUD PUBLICOS Y PRIVADOS/AGENDA CLINICA PORTABLE E INTEROPERAPLE/AGENDA CLI\u0301NICA INTEROPERABLE/agenda-clinica-interoperable/node_modules/eslint-plugin-react/lib/rules/jsx-no-bind.js",
      "Library/CloudStorage/Dropbox/MENTALIA_BUTTON_INSTALLER_KIT_SIGNABLE/MENTALIA_LOCAL_DEPLOY/mentalia_memory_core/jsx-no-bind.js",
      "Library/CloudStorage/Dropbox/RSII FINAL/mentalia_memory_core/jsx-no-bind.js"
    ],
    "ultima_modificacion": "2025-08-01 01:01:47.559607"
  },
  "stylepropobject.js": {
    "app_sintetizada": "STYLEPROPOBJECT.JS",
    "cantidad_archivos": 4,
    "archivos_fuente": [
      "Library/CloudStorage/Dropbox/APPS HIPERFOCO.CL/AGENDAS CLINICAS CENTROS SALUD PUBLICOS Y PRIVADOS/agenda-clinica-interoperable/node_modules/eslint-plugin-react/lib/rules/style-prop-object.js",
      "Library/CloudStorage/Dropbox/APPS HIPERFOCO.CL/AGENDAS CLINICAS CENTROS SALUD PUBLICOS Y PRIVADOS/AGENDA CLINICA PORTABLE E INTEROPERAPLE/AGENDA CLI\u0301NICA INTEROPERABLE/agenda-clinica-interoperable/node_modules/eslint-plugin-react/lib/rules/style-prop-object.js",
      "Library/CloudStorage/Dropbox/MENTALIA_BUTTON_INSTALLER_KIT_SIGNABLE/MENTALIA_LOCAL_DEPLOY/mentalia_memory_core/style-prop-object.js",
      "Library/CloudStorage/Dropbox/RSII FINAL/mentalia_memory_core/style-prop-object.js"
    ],
    "ultima_modificacion": "2025-08-01 01:01:47.560010"
  },
  "nowillupdatesetstate.d.ts.map": {
    "app_sintetizada": "NOWILLUPDATESETSTATE.D.TS.MAP",
    "cantidad_archivos": 2,
    "archivos_fuente": [
      "Library/CloudStorage/Dropbox/APPS HIPERFOCO.CL/AGENDAS CLINICAS CENTROS SALUD PUBLICOS Y PRIVADOS/agenda-clinica-interoperable/node_modules/eslint-plugin-react/lib/rules/no-will-update-set-state.d.ts.map",
      "Library/CloudStorage/Dropbox/APPS HIPERFOCO.CL/AGENDAS CLINICAS CENTROS SALUD PUBLICOS Y PRIVADOS/AGENDA CLINICA PORTABLE E INTEROPERAPLE/AGENDA CLI\u0301NICA INTEROPERABLE/agenda-clinica-interoperable/node_modules/eslint-plugin-react/lib/rules/no-will-update-set-state.d.ts.map"
    ],
    "ultima_modificacion": "2025-08-01 01:01:47.560331"
  },
  "preferes6class.d.ts.map": {
    "app_sintetizada": "PREFERES6CLASS.D.TS.MAP",
    "cantidad_archivos": 2,
    "archivos_fuente": [
      "Library/CloudStorage/Dropbox/APPS HIPERFOCO.CL/AGENDAS CLINICAS CENTROS SALUD PUBLICOS Y PRIVADOS/agenda-clinica-interoperable/node_modules/eslint-plugin-react/lib/rules/prefer-es6-class.d.ts.map",
      "Library/CloudStorage/Dropbox/APPS HIPERFOCO.CL/AGENDAS CLINICAS CENTROS SALUD PUBLICOS Y PRIVADOS/AGENDA CLINICA PORTABLE E INTEROPERAPLE/AGENDA CLI\u0301NICA INTEROPERABLE/agenda-clinica-interoperable/node_modules/eslint-plugin-react/lib/rules/prefer-es6-class.d.ts.map"
    ],
    "ultima_modificacion": "2025-08-01 01:01:47.560686"
  },
  "jsxpropsnospreading.d.ts": {
    "app_sintetizada": "JSXPROPSNOSPREADING.D.TS",
    "cantidad_archivos": 2,
    "archivos_fuente": [
      "Library/CloudStorage/Dropbox/APPS HIPERFOCO.CL/AGENDAS CLINICAS CENTROS SALUD PUBLICOS Y PRIVADOS/agenda-clinica-interoperable/node_modules/eslint-plugin-react/lib/rules/jsx-props-no-spreading.d.ts",
      "Library/CloudStorage/Dropbox/APPS HIPERFOCO.CL/AGENDAS CLINICAS CENTROS SALUD PUBLICOS Y PRIVADOS/AGENDA CLINICA PORTABLE E INTEROPERAPLE/AGENDA CLI\u0301NICA INTEROPERABLE/agenda-clinica-interoperable/node_modules/eslint-plugin-react/lib/rules/jsx-props-no-spreading.d.ts"
    ],
    "ultima_modificacion": "2025-08-01 01:01:47.561117"
  },
  "requireoptimization.d.ts.map": {
    "app_sintetizada": "REQUIREOPTIMIZATION.D.TS.MAP",
    "cantidad_archivos": 2,
    "archivos_fuente": [
      "Library/CloudStorage/Dropbox/APPS HIPERFOCO.CL/AGENDAS CLINICAS CENTROS SALUD PUBLICOS Y PRIVADOS/agenda-clinica-interoperable/node_modules/eslint-plugin-react/lib/rules/require-optimization.d.ts.map",
      "Library/CloudStorage/Dropbox/APPS HIPERFOCO.CL/AGENDAS CLINICAS CENTROS SALUD PUBLICOS Y PRIVADOS/AGENDA CLINICA PORTABLE E INTEROPERAPLE/AGENDA CLI\u0301NICA INTEROPERABLE/agenda-clinica-interoperable/node_modules/eslint-plugin-react/lib/rules/require-optimization.d.ts.map"
    ],
    "ultima_modificacion": "2025-08-01 01:01:47.561494"
  },
  "jsxnocommenttextnodes.js": {
    "app_sintetizada": "JSXNOCOMMENTTEXTNODES.JS",
    "cantidad_archivos": 4,
    "archivos_fuente": [
      "Library/CloudStorage/Dropbox/APPS HIPERFOCO.CL/AGENDAS CLINICAS CENTROS SALUD PUBLICOS Y PRIVADOS/agenda-clinica-interoperable/node_modules/eslint-plugin-react/lib/rules/jsx-no-comment-textnodes.js",
      "Library/CloudStorage/Dropbox/APPS HIPERFOCO.CL/AGENDAS CLINICAS CENTROS SALUD PUBLICOS Y PRIVADOS/AGENDA CLINICA PORTABLE E INTEROPERAPLE/AGENDA CLI\u0301NICA INTEROPERABLE/agenda-clinica-interoperable/node_modules/eslint-plugin-react/lib/rules/jsx-no-comment-textnodes.js",
      "Library/CloudStorage/Dropbox/MENTALIA_BUTTON_INSTALLER_KIT_SIGNABLE/MENTALIA_LOCAL_DEPLOY/mentalia_memory_core/jsx-no-comment-textnodes.js",
      "Library/CloudStorage/Dropbox/RSII FINAL/mentalia_memory_core/jsx-no-comment-textnodes.js"
    ],
    "ultima_modificacion": "2025-08-01 01:01:47.561900"
  },
  "nounsafe.d.ts": {
    "app_sintetizada": "NOUNSAFE.D.TS",
    "cantidad_archivos": 2,
    "archivos_fuente": [
      "Library/CloudStorage/Dropbox/APPS HIPERFOCO.CL/AGENDAS CLINICAS CENTROS SALUD PUBLICOS Y PRIVADOS/agenda-clinica-interoperable/node_modules/eslint-plugin-react/lib/rules/no-unsafe.d.ts",
      "Library/CloudStorage/Dropbox/APPS HIPERFOCO.CL/AGENDAS CLINICAS CENTROS SALUD PUBLICOS Y PRIVADOS/AGENDA CLINICA PORTABLE E INTEROPERAPLE/AGENDA CLI\u0301NICA INTEROPERABLE/agenda-clinica-interoperable/node_modules/eslint-plugin-react/lib/rules/no-unsafe.d.ts"
    ],
    "ultima_modificacion": "2025-08-01 01:01:47.562359"
  },
  "jsxmaxpropsperline.js": {
    "app_sintetizada": "JSXMAXPROPSPERLINE.JS",
    "cantidad_archivos": 4,
    "archivos_fuente": [
      "Library/CloudStorage/Dropbox/APPS HIPERFOCO.CL/AGENDAS CLINICAS CENTROS SALUD PUBLICOS Y PRIVADOS/agenda-clinica-interoperable/node_modules/eslint-plugin-react/lib/rules/jsx-max-props-per-line.js",
      "Library/CloudStorage/Dropbox/APPS HIPERFOCO.CL/AGENDAS CLINICAS CENTROS SALUD PUBLICOS Y PRIVADOS/AGENDA CLINICA PORTABLE E INTEROPERAPLE/AGENDA CLI\u0301NICA INTEROPERABLE/agenda-clinica-interoperable/node_modules/eslint-plugin-react/lib/rules/jsx-max-props-per-line.js",
      "Library/CloudStorage/Dropbox/MENTALIA_BUTTON_INSTALLER_KIT_SIGNABLE/MENTALIA_LOCAL_DEPLOY/mentalia_memory_core/jsx-max-props-per-line.js",
      "Library/CloudStorage/Dropbox/RSII FINAL/mentalia_memory_core/jsx-max-props-per-line.js"
    ],
    "ultima_modificacion": "2025-08-01 01:01:47.562691"
  },
  "jsxclosingbracketlocation.js": {
    "app_sintetizada": "JSXCLOSINGBRACKETLOCATION.JS",
    "cantidad_archivos": 4,
    "archivos_fuente": [
      "Library/CloudStorage/Dropbox/APPS HIPERFOCO.CL/AGENDAS CLINICAS CENTROS SALUD PUBLICOS Y PRIVADOS/agenda-clinica-interoperable/node_modules/eslint-plugin-react/lib/rules/jsx-closing-bracket-location.js",
      "Library/CloudStorage/Dropbox/APPS HIPERFOCO.CL/AGENDAS CLINICAS CENTROS SALUD PUBLICOS Y PRIVADOS/AGENDA CLINICA PORTABLE E INTEROPERAPLE/AGENDA CLI\u0301NICA INTEROPERABLE/agenda-clinica-interoperable/node_modules/eslint-plugin-react/lib/rules/jsx-closing-bracket-location.js",
      "Library/CloudStorage/Dropbox/MENTALIA_BUTTON_INSTALLER_KIT_SIGNABLE/MENTALIA_LOCAL_DEPLOY/mentalia_memory_core/jsx-closing-bracket-location.js",
      "Library/CloudStorage/Dropbox/RSII FINAL/mentalia_memory_core/jsx-closing-bracket-location.js"
    ],
    "ultima_modificacion": "2025-08-01 01:01:47.563090"
  },
  "nofinddomnode.d.ts": {
    "app_sintetizada": "NOFINDDOMNODE.D.TS",
    "cantidad_archivos": 2,
    "archivos_fuente": [
      "Library/CloudStorage/Dropbox/APPS HIPERFOCO.CL/AGENDAS CLINICAS CENTROS SALUD PUBLICOS Y PRIVADOS/agenda-clinica-interoperable/node_modules/eslint-plugin-react/lib/rules/no-find-dom-node.d.ts",
      "Library/CloudStorage/Dropbox/APPS HIPERFOCO.CL/AGENDAS CLINICAS CENTROS SALUD PUBLICOS Y PRIVADOS/AGENDA CLINICA PORTABLE E INTEROPERAPLE/AGENDA CLI\u0301NICA INTEROPERABLE/agenda-clinica-interoperable/node_modules/eslint-plugin-react/lib/rules/no-find-dom-node.d.ts"
    ],
    "ultima_modificacion": "2025-08-01 01:01:47.563372"
  },
  "noarrowfunctionlifecycle.d.ts.map": {
    "app_sintetizada": "NOARROWFUNCTIONLIFECYCLE.D.TS.MAP",
    "cantidad_archivos": 2,
    "archivos_fuente": [
      "Library/CloudStorage/Dropbox/APPS HIPERFOCO.CL/AGENDAS CLINICAS CENTROS SALUD PUBLICOS Y PRIVADOS/agenda-clinica-interoperable/node_modules/eslint-plugin-react/lib/rules/no-arrow-function-lifecycle.d.ts.map",
      "Library/CloudStorage/Dropbox/APPS HIPERFOCO.CL/AGENDAS CLINICAS CENTROS SALUD PUBLICOS Y PRIVADOS/AGENDA CLINICA PORTABLE E INTEROPERAPLE/AGENDA CLI\u0301NICA INTEROPERABLE/agenda-clinica-interoperable/node_modules/eslint-plugin-react/lib/rules/no-arrow-function-lifecycle.d.ts.map"
    ],
    "ultima_modificacion": "2025-08-01 01:01:47.563619"
  },
  "notypos.d.ts": {
    "app_sintetizada": "NOTYPOS.D.TS",
    "cantidad_archivos": 2,
    "archivos_fuente": [
      "Library/CloudStorage/Dropbox/APPS HIPERFOCO.CL/AGENDAS CLINICAS CENTROS SALUD PUBLICOS Y PRIVADOS/agenda-clinica-interoperable/node_modules/eslint-plugin-react/lib/rules/no-typos.d.ts",
      "Library/CloudStorage/Dropbox/APPS HIPERFOCO.CL/AGENDAS CLINICAS CENTROS SALUD PUBLICOS Y PRIVADOS/AGENDA CLINICA PORTABLE E INTEROPERAPLE/AGENDA CLI\u0301NICA INTEROPERABLE/agenda-clinica-interoperable/node_modules/eslint-plugin-react/lib/rules/no-typos.d.ts"
    ],
    "ultima_modificacion": "2025-08-01 01:01:47.563846"
  },
  "jsxnoundef.d.ts": {
    "app_sintetizada": "JSXNOUNDEF.D.TS",
    "cantidad_archivos": 2,
    "archivos_fuente": [
      "Library/CloudStorage/Dropbox/APPS HIPERFOCO.CL/AGENDAS CLINICAS CENTROS SALUD PUBLICOS Y PRIVADOS/agenda-clinica-interoperable/node_modules/eslint-plugin-react/lib/rules/jsx-no-undef.d.ts",
      "Library/CloudStorage/Dropbox/APPS HIPERFOCO.CL/AGENDAS CLINICAS CENTROS SALUD PUBLICOS Y PRIVADOS/AGENDA CLINICA PORTABLE E INTEROPERAPLE/AGENDA CLI\u0301NICA INTEROPERABLE/agenda-clinica-interoperable/node_modules/eslint-plugin-react/lib/rules/jsx-no-undef.d.ts"
    ],
    "ultima_modificacion": "2025-08-01 01:01:47.564062"
  },
  "jsxsortdefaultprops.js": {
    "app_sintetizada": "JSXSORTDEFAULTPROPS.JS",
    "cantidad_archivos": 4,
    "archivos_fuente": [
      "Library/CloudStorage/Dropbox/APPS HIPERFOCO.CL/AGENDAS CLINICAS CENTROS SALUD PUBLICOS Y PRIVADOS/agenda-clinica-interoperable/node_modules/eslint-plugin-react/lib/rules/jsx-sort-default-props.js",
      "Library/CloudStorage/Dropbox/APPS HIPERFOCO.CL/AGENDAS CLINICAS CENTROS SALUD PUBLICOS Y PRIVADOS/AGENDA CLINICA PORTABLE E INTEROPERAPLE/AGENDA CLI\u0301NICA INTEROPERABLE/agenda-clinica-interoperable/node_modules/eslint-plugin-react/lib/rules/jsx-sort-default-props.js",
      "Library/CloudStorage/Dropbox/MENTALIA_BUTTON_INSTALLER_KIT_SIGNABLE/MENTALIA_LOCAL_DEPLOY/mentalia_memory_core/jsx-sort-default-props.js",
      "Library/CloudStorage/Dropbox/RSII FINAL/mentalia_memory_core/jsx-sort-default-props.js"
    ],
    "ultima_modificacion": "2025-08-01 01:01:47.564324"
  },
  "nounsafe.js": {
    "app_sintetizada": "NOUNSAFE.JS",
    "cantidad_archivos": 4,
    "archivos_fuente": [
      "Library/CloudStorage/Dropbox/APPS HIPERFOCO.CL/AGENDAS CLINICAS CENTROS SALUD PUBLICOS Y PRIVADOS/agenda-clinica-interoperable/node_modules/eslint-plugin-react/lib/rules/no-unsafe.js",
      "Library/CloudStorage/Dropbox/APPS HIPERFOCO.CL/AGENDAS CLINICAS CENTROS SALUD PUBLICOS Y PRIVADOS/AGENDA CLINICA PORTABLE E INTEROPERAPLE/AGENDA CLI\u0301NICA INTEROPERABLE/agenda-clinica-interoperable/node_modules/eslint-plugin-react/lib/rules/no-unsafe.js",
      "Library/CloudStorage/Dropbox/MENTALIA_BUTTON_INSTALLER_KIT_SIGNABLE/MENTALIA_LOCAL_DEPLOY/mentalia_memory_core/no-unsafe.js",
      "Library/CloudStorage/Dropbox/RSII FINAL/mentalia_memory_core/no-unsafe.js"
    ],
    "ultima_modificacion": "2025-08-01 01:01:47.564670"
  },
  "forwardrefusesref.d.ts": {
    "app_sintetizada": "FORWARDREFUSESREF.D.TS",
    "cantidad_archivos": 2,
    "archivos_fuente": [
      "Library/CloudStorage/Dropbox/APPS HIPERFOCO.CL/AGENDAS CLINICAS CENTROS SALUD PUBLICOS Y PRIVADOS/agenda-clinica-interoperable/node_modules/eslint-plugin-react/lib/rules/forward-ref-uses-ref.d.ts",
      "Library/CloudStorage/Dropbox/APPS HIPERFOCO.CL/AGENDAS CLINICAS CENTROS SALUD PUBLICOS Y PRIVADOS/AGENDA CLINICA PORTABLE E INTEROPERAPLE/AGENDA CLI\u0301NICA INTEROPERABLE/agenda-clinica-interoperable/node_modules/eslint-plugin-react/lib/rules/forward-ref-uses-ref.d.ts"
    ],
    "ultima_modificacion": "2025-08-01 01:01:47.565219"
  },
  "sortdefaultprops.js": {
    "app_sintetizada": "SORTDEFAULTPROPS.JS",
    "cantidad_archivos": 4,
    "archivos_fuente": [
      "Library/CloudStorage/Dropbox/APPS HIPERFOCO.CL/AGENDAS CLINICAS CENTROS SALUD PUBLICOS Y PRIVADOS/agenda-clinica-interoperable/node_modules/eslint-plugin-react/lib/rules/sort-default-props.js",
      "Library/CloudStorage/Dropbox/APPS HIPERFOCO.CL/AGENDAS CLINICAS CENTROS SALUD PUBLICOS Y PRIVADOS/AGENDA CLINICA PORTABLE E INTEROPERAPLE/AGENDA CLI\u0301NICA INTEROPERABLE/agenda-clinica-interoperable/node_modules/eslint-plugin-react/lib/rules/sort-default-props.js",
      "Library/CloudStorage/Dropbox/MENTALIA_BUTTON_INSTALLER_KIT_SIGNABLE/MENTALIA_LOCAL_DEPLOY/mentalia_memory_core/sort-default-props.js",
      "Library/CloudStorage/Dropbox/RSII FINAL/mentalia_memory_core/sort-default-props.js"
    ],
    "ultima_modificacion": "2025-08-01 01:01:47.566057"
  },
  "preferreadonlyprops.d.ts": {
    "app_sintetizada": "PREFERREADONLYPROPS.D.TS",
    "cantidad_archivos": 2,
    "archivos_fuente": [
      "Library/CloudStorage/Dropbox/APPS HIPERFOCO.CL/AGENDAS CLINICAS CENTROS SALUD PUBLICOS Y PRIVADOS/agenda-clinica-interoperable/node_modules/eslint-plugin-react/lib/rules/prefer-read-only-props.d.ts",
      "Library/CloudStorage/Dropbox/APPS HIPERFOCO.CL/AGENDAS CLINICAS CENTROS SALUD PUBLICOS Y PRIVADOS/AGENDA CLINICA PORTABLE E INTEROPERAPLE/AGENDA CLI\u0301NICA INTEROPERABLE/agenda-clinica-interoperable/node_modules/eslint-plugin-react/lib/rules/prefer-read-only-props.d.ts"
    ],
    "ultima_modificacion": "2025-08-01 01:01:47.567004"
  },
  "jsxnocommenttextnodes.d.ts": {
    "app_sintetizada": "JSXNOCOMMENTTEXTNODES.D.TS",
    "cantidad_archivos": 2,
    "archivos_fuente": [
      "Library/CloudStorage/Dropbox/APPS HIPERFOCO.CL/AGENDAS CLINICAS CENTROS SALUD PUBLICOS Y PRIVADOS/agenda-clinica-interoperable/node_modules/eslint-plugin-react/lib/rules/jsx-no-comment-textnodes.d.ts",
      "Library/CloudStorage/Dropbox/APPS HIPERFOCO.CL/AGENDAS CLINICAS CENTROS SALUD PUBLICOS Y PRIVADOS/AGENDA CLINICA PORTABLE E INTEROPERAPLE/AGENDA CLI\u0301NICA INTEROPERABLE/agenda-clinica-interoperable/node_modules/eslint-plugin-react/lib/rules/jsx-no-comment-textnodes.d.ts"
    ],
    "ultima_modificacion": "2025-08-01 01:01:47.567282"
  },
  "jsxbooleanvalue.js": {
    "app_sintetizada": "JSXBOOLEANVALUE.JS",
    "cantidad_archivos": 4,
    "archivos_fuente": [
      "Library/CloudStorage/Dropbox/APPS HIPERFOCO.CL/AGENDAS CLINICAS CENTROS SALUD PUBLICOS Y PRIVADOS/agenda-clinica-interoperable/node_modules/eslint-plugin-react/lib/rules/jsx-boolean-value.js",
      "Library/CloudStorage/Dropbox/APPS HIPERFOCO.CL/AGENDAS CLINICAS CENTROS SALUD PUBLICOS Y PRIVADOS/AGENDA CLINICA PORTABLE E INTEROPERAPLE/AGENDA CLI\u0301NICA INTEROPERABLE/agenda-clinica-interoperable/node_modules/eslint-plugin-react/lib/rules/jsx-boolean-value.js",
      "Library/CloudStorage/Dropbox/MENTALIA_BUTTON_INSTALLER_KIT_SIGNABLE/MENTALIA_LOCAL_DEPLOY/mentalia_memory_core/jsx-boolean-value.js",
      "Library/CloudStorage/Dropbox/RSII FINAL/mentalia_memory_core/jsx-boolean-value.js"
    ],
    "ultima_modificacion": "2025-08-01 01:01:47.567518"
  },
  "reactinjsxscope.d.ts.map": {
    "app_sintetizada": "REACTINJSXSCOPE.D.TS.MAP",
    "cantidad_archivos": 2,
    "archivos_fuente": [
      "Library/CloudStorage/Dropbox/APPS HIPERFOCO.CL/AGENDAS CLINICAS CENTROS SALUD PUBLICOS Y PRIVADOS/agenda-clinica-interoperable/node_modules/eslint-plugin-react/lib/rules/react-in-jsx-scope.d.ts.map",
      "Library/CloudStorage/Dropbox/APPS HIPERFOCO.CL/AGENDAS CLINICAS CENTROS SALUD PUBLICOS Y PRIVADOS/AGENDA CLINICA PORTABLE E INTEROPERAPLE/AGENDA CLI\u0301NICA INTEROPERABLE/agenda-clinica-interoperable/node_modules/eslint-plugin-react/lib/rules/react-in-jsx-scope.d.ts.map"
    ],
    "ultima_modificacion": "2025-08-01 01:01:47.567782"
  },
  "jsxclosingbracketlocation.d.ts": {
    "app_sintetizada": "JSXCLOSINGBRACKETLOCATION.D.TS",
    "cantidad_archivos": 2,
    "archivos_fuente": [
      "Library/CloudStorage/Dropbox/APPS HIPERFOCO.CL/AGENDAS CLINICAS CENTROS SALUD PUBLICOS Y PRIVADOS/agenda-clinica-interoperable/node_modules/eslint-plugin-react/lib/rules/jsx-closing-bracket-location.d.ts",
      "Library/CloudStorage/Dropbox/APPS HIPERFOCO.CL/AGENDAS CLINICAS CENTROS SALUD PUBLICOS Y PRIVADOS/AGENDA CLINICA PORTABLE E INTEROPERAPLE/AGENDA CLI\u0301NICA INTEROPERABLE/agenda-clinica-interoperable/node_modules/eslint-plugin-react/lib/rules/jsx-closing-bracket-location.d.ts"
    ],
    "ultima_modificacion": "2025-08-01 01:01:47.568119"
  },
  "nounusedproptypes.js": {
    "app_sintetizada": "NOUNUSEDPROPTYPES.JS",
    "cantidad_archivos": 4,
    "archivos_fuente": [
      "Library/CloudStorage/Dropbox/APPS HIPERFOCO.CL/AGENDAS CLINICAS CENTROS SALUD PUBLICOS Y PRIVADOS/agenda-clinica-interoperable/node_modules/eslint-plugin-react/lib/rules/no-unused-prop-types.js",
      "Library/CloudStorage/Dropbox/APPS HIPERFOCO.CL/AGENDAS CLINICAS CENTROS SALUD PUBLICOS Y PRIVADOS/AGENDA CLINICA PORTABLE E INTEROPERAPLE/AGENDA CLI\u0301NICA INTEROPERABLE/agenda-clinica-interoperable/node_modules/eslint-plugin-react/lib/rules/no-unused-prop-types.js",
      "Library/CloudStorage/Dropbox/MENTALIA_BUTTON_INSTALLER_KIT_SIGNABLE/MENTALIA_LOCAL_DEPLOY/mentalia_memory_core/no-unused-prop-types.js",
      "Library/CloudStorage/Dropbox/RSII FINAL/mentalia_memory_core/no-unused-prop-types.js"
    ],
    "ultima_modificacion": "2025-08-01 01:01:47.568361"
  },
  "selfclosingcomp.d.ts": {
    "app_sintetizada": "SELFCLOSINGCOMP.D.TS",
    "cantidad_archivos": 2,
    "archivos_fuente": [
      "Library/CloudStorage/Dropbox/APPS HIPERFOCO.CL/AGENDAS CLINICAS CENTROS SALUD PUBLICOS Y PRIVADOS/agenda-clinica-interoperable/node_modules/eslint-plugin-react/lib/rules/self-closing-comp.d.ts",
      "Library/CloudStorage/Dropbox/APPS HIPERFOCO.CL/AGENDAS CLINICAS CENTROS SALUD PUBLICOS Y PRIVADOS/AGENDA CLINICA PORTABLE E INTEROPERAPLE/AGENDA CLI\u0301NICA INTEROPERABLE/agenda-clinica-interoperable/node_modules/eslint-plugin-react/lib/rules/self-closing-comp.d.ts"
    ],
    "ultima_modificacion": "2025-08-01 01:01:47.568601"
  },
  "sortcomp.js": {
    "app_sintetizada": "SORTCOMP.JS",
    "cantidad_archivos": 4,
    "archivos_fuente": [
      "Library/CloudStorage/Dropbox/APPS HIPERFOCO.CL/AGENDAS CLINICAS CENTROS SALUD PUBLICOS Y PRIVADOS/agenda-clinica-interoperable/node_modules/eslint-plugin-react/lib/rules/sort-comp.js",
      "Library/CloudStorage/Dropbox/APPS HIPERFOCO.CL/AGENDAS CLINICAS CENTROS SALUD PUBLICOS Y PRIVADOS/AGENDA CLINICA PORTABLE E INTEROPERAPLE/AGENDA CLI\u0301NICA INTEROPERABLE/agenda-clinica-interoperable/node_modules/eslint-plugin-react/lib/rules/sort-comp.js",
      "Library/CloudStorage/Dropbox/MENTALIA_BUTTON_INSTALLER_KIT_SIGNABLE/MENTALIA_LOCAL_DEPLOY/mentalia_memory_core/sort-comp.js",
      "Library/CloudStorage/Dropbox/RSII FINAL/mentalia_memory_core/sort-comp.js"
    ],
    "ultima_modificacion": "2025-08-01 01:01:47.568820"
  },
  "jsxpropsnomultispaces.d.ts": {
    "app_sintetizada": "JSXPROPSNOMULTISPACES.D.TS",
    "cantidad_archivos": 2,
    "archivos_fuente": [
      "Library/CloudStorage/Dropbox/APPS HIPERFOCO.CL/AGENDAS CLINICAS CENTROS SALUD PUBLICOS Y PRIVADOS/agenda-clinica-interoperable/node_modules/eslint-plugin-react/lib/rules/jsx-props-no-multi-spaces.d.ts",
      "Library/CloudStorage/Dropbox/APPS HIPERFOCO.CL/AGENDAS CLINICAS CENTROS SALUD PUBLICOS Y PRIVADOS/AGENDA CLINICA PORTABLE E INTEROPERAPLE/AGENDA CLI\u0301NICA INTEROPERABLE/agenda-clinica-interoperable/node_modules/eslint-plugin-react/lib/rules/jsx-props-no-multi-spaces.d.ts"
    ],
    "ultima_modificacion": "2025-08-01 01:01:47.569050"
  },
  "nofinddomnode.js": {
    "app_sintetizada": "NOFINDDOMNODE.JS",
    "cantidad_archivos": 4,
    "archivos_fuente": [
      "Library/CloudStorage/Dropbox/APPS HIPERFOCO.CL/AGENDAS CLINICAS CENTROS SALUD PUBLICOS Y PRIVADOS/agenda-clinica-interoperable/node_modules/eslint-plugin-react/lib/rules/no-find-dom-node.js",
      "Library/CloudStorage/Dropbox/APPS HIPERFOCO.CL/AGENDAS CLINICAS CENTROS SALUD PUBLICOS Y PRIVADOS/AGENDA CLINICA PORTABLE E INTEROPERAPLE/AGENDA CLI\u0301NICA INTEROPERABLE/agenda-clinica-interoperable/node_modules/eslint-plugin-react/lib/rules/no-find-dom-node.js",
      "Library/CloudStorage/Dropbox/MENTALIA_BUTTON_INSTALLER_KIT_SIGNABLE/MENTALIA_LOCAL_DEPLOY/mentalia_memory_core/no-find-dom-node.js",
      "Library/CloudStorage/Dropbox/RSII FINAL/mentalia_memory_core/no-find-dom-node.js"
    ],
    "ultima_modificacion": "2025-08-01 01:01:47.569341"
  },
  "functioncomponentdefinition.d.ts.map": {
    "app_sintetizada": "FUNCTIONCOMPONENTDEFINITION.D.TS.MAP",
    "cantidad_archivos": 2,
    "archivos_fuente": [
      "Library/CloudStorage/Dropbox/APPS HIPERFOCO.CL/AGENDAS CLINICAS CENTROS SALUD PUBLICOS Y PRIVADOS/agenda-clinica-interoperable/node_modules/eslint-plugin-react/lib/rules/function-component-definition.d.ts.map",
      "Library/CloudStorage/Dropbox/APPS HIPERFOCO.CL/AGENDAS CLINICAS CENTROS SALUD PUBLICOS Y PRIVADOS/AGENDA CLINICA PORTABLE E INTEROPERAPLE/AGENDA CLI\u0301NICA INTEROPERABLE/agenda-clinica-interoperable/node_modules/eslint-plugin-react/lib/rules/function-component-definition.d.ts.map"
    ],
    "ultima_modificacion": "2025-08-01 01:01:47.569574"
  },
  "nomulticomp.js": {
    "app_sintetizada": "NOMULTICOMP.JS",
    "cantidad_archivos": 4,
    "archivos_fuente": [
      "Library/CloudStorage/Dropbox/APPS HIPERFOCO.CL/AGENDAS CLINICAS CENTROS SALUD PUBLICOS Y PRIVADOS/agenda-clinica-interoperable/node_modules/eslint-plugin-react/lib/rules/no-multi-comp.js",
      "Library/CloudStorage/Dropbox/APPS HIPERFOCO.CL/AGENDAS CLINICAS CENTROS SALUD PUBLICOS Y PRIVADOS/AGENDA CLINICA PORTABLE E INTEROPERAPLE/AGENDA CLI\u0301NICA INTEROPERABLE/agenda-clinica-interoperable/node_modules/eslint-plugin-react/lib/rules/no-multi-comp.js",
      "Library/CloudStorage/Dropbox/MENTALIA_BUTTON_INSTALLER_KIT_SIGNABLE/MENTALIA_LOCAL_DEPLOY/mentalia_memory_core/no-multi-comp.js",
      "Library/CloudStorage/Dropbox/RSII FINAL/mentalia_memory_core/no-multi-comp.js"
    ],
    "ultima_modificacion": "2025-08-01 01:01:47.569796"
  },
  "requiredefaultprops.d.ts.map": {
    "app_sintetizada": "REQUIREDEFAULTPROPS.D.TS.MAP",
    "cantidad_archivos": 2,
    "archivos_fuente": [
      "Library/CloudStorage/Dropbox/APPS HIPERFOCO.CL/AGENDAS CLINICAS CENTROS SALUD PUBLICOS Y PRIVADOS/agenda-clinica-interoperable/node_modules/eslint-plugin-react/lib/rules/require-default-props.d.ts.map",
      "Library/CloudStorage/Dropbox/APPS HIPERFOCO.CL/AGENDAS CLINICAS CENTROS SALUD PUBLICOS Y PRIVADOS/AGENDA CLINICA PORTABLE E INTEROPERAPLE/AGENDA CLI\u0301NICA INTEROPERABLE/agenda-clinica-interoperable/node_modules/eslint-plugin-react/lib/rules/require-default-props.d.ts.map"
    ],
    "ultima_modificacion": "2025-08-01 01:01:47.570010"
  },
  "nodidmountsetstate.d.ts": {
    "app_sintetizada": "NODIDMOUNTSETSTATE.D.TS",
    "cantidad_archivos": 2,
    "archivos_fuente": [
      "Library/CloudStorage/Dropbox/APPS HIPERFOCO.CL/AGENDAS CLINICAS CENTROS SALUD PUBLICOS Y PRIVADOS/agenda-clinica-interoperable/node_modules/eslint-plugin-react/lib/rules/no-did-mount-set-state.d.ts",
      "Library/CloudStorage/Dropbox/APPS HIPERFOCO.CL/AGENDAS CLINICAS CENTROS SALUD PUBLICOS Y PRIVADOS/AGENDA CLINICA PORTABLE E INTEROPERAPLE/AGENDA CLI\u0301NICA INTEROPERABLE/agenda-clinica-interoperable/node_modules/eslint-plugin-react/lib/rules/no-did-mount-set-state.d.ts"
    ],
    "ultima_modificacion": "2025-08-01 01:01:47.570227"
  },
  "nostringrefs.d.ts.map": {
    "app_sintetizada": "NOSTRINGREFS.D.TS.MAP",
    "cantidad_archivos": 2,
    "archivos_fuente": [
      "Library/CloudStorage/Dropbox/APPS HIPERFOCO.CL/AGENDAS CLINICAS CENTROS SALUD PUBLICOS Y PRIVADOS/agenda-clinica-interoperable/node_modules/eslint-plugin-react/lib/rules/no-string-refs.d.ts.map",
      "Library/CloudStorage/Dropbox/APPS HIPERFOCO.CL/AGENDAS CLINICAS CENTROS SALUD PUBLICOS Y PRIVADOS/AGENDA CLINICA PORTABLE E INTEROPERAPLE/AGENDA CLI\u0301NICA INTEROPERABLE/agenda-clinica-interoperable/node_modules/eslint-plugin-react/lib/rules/no-string-refs.d.ts.map"
    ],
    "ultima_modificacion": "2025-08-01 01:01:47.570559"
  },
  "nounsafe.d.ts.map": {
    "app_sintetizada": "NOUNSAFE.D.TS.MAP",
    "cantidad_archivos": 2,
    "archivos_fuente": [
      "Library/CloudStorage/Dropbox/APPS HIPERFOCO.CL/AGENDAS CLINICAS CENTROS SALUD PUBLICOS Y PRIVADOS/agenda-clinica-interoperable/node_modules/eslint-plugin-react/lib/rules/no-unsafe.d.ts.map",
      "Library/CloudStorage/Dropbox/APPS HIPERFOCO.CL/AGENDAS CLINICAS CENTROS SALUD PUBLICOS Y PRIVADOS/AGENDA CLINICA PORTABLE E INTEROPERAPLE/AGENDA CLI\u0301NICA INTEROPERABLE/agenda-clinica-interoperable/node_modules/eslint-plugin-react/lib/rules/no-unsafe.d.ts.map"
    ],
    "ultima_modificacion": "2025-08-01 01:01:47.570874"
  },
  "sortproptypes.d.ts": {
    "app_sintetizada": "SORTPROPTYPES.D.TS",
    "cantidad_archivos": 2,
    "archivos_fuente": [
      "Library/CloudStorage/Dropbox/APPS HIPERFOCO.CL/AGENDAS CLINICAS CENTROS SALUD PUBLICOS Y PRIVADOS/agenda-clinica-interoperable/node_modules/eslint-plugin-react/lib/rules/sort-prop-types.d.ts",
      "Library/CloudStorage/Dropbox/APPS HIPERFOCO.CL/AGENDAS CLINICAS CENTROS SALUD PUBLICOS Y PRIVADOS/AGENDA CLINICA PORTABLE E INTEROPERAPLE/AGENDA CLI\u0301NICA INTEROPERABLE/agenda-clinica-interoperable/node_modules/eslint-plugin-react/lib/rules/sort-prop-types.d.ts"
    ],
    "ultima_modificacion": "2025-08-01 01:01:47.571264"
  },
  "nosetstate.d.ts": {
    "app_sintetizada": "NOSETSTATE.D.TS",
    "cantidad_archivos": 2,
    "archivos_fuente": [
      "Library/CloudStorage/Dropbox/APPS HIPERFOCO.CL/AGENDAS CLINICAS CENTROS SALUD PUBLICOS Y PRIVADOS/agenda-clinica-interoperable/node_modules/eslint-plugin-react/lib/rules/no-set-state.d.ts",
      "Library/CloudStorage/Dropbox/APPS HIPERFOCO.CL/AGENDAS CLINICAS CENTROS SALUD PUBLICOS Y PRIVADOS/AGENDA CLINICA PORTABLE E INTEROPERAPLE/AGENDA CLI\u0301NICA INTEROPERABLE/agenda-clinica-interoperable/node_modules/eslint-plugin-react/lib/rules/no-set-state.d.ts"
    ],
    "ultima_modificacion": "2025-08-01 01:01:47.571551"
  },
  "jsxwrapmultilines.d.ts": {
    "app_sintetizada": "JSXWRAPMULTILINES.D.TS",
    "cantidad_archivos": 2,
    "archivos_fuente": [
      "Library/CloudStorage/Dropbox/APPS HIPERFOCO.CL/AGENDAS CLINICAS CENTROS SALUD PUBLICOS Y PRIVADOS/agenda-clinica-interoperable/node_modules/eslint-plugin-react/lib/rules/jsx-wrap-multilines.d.ts",
      "Library/CloudStorage/Dropbox/APPS HIPERFOCO.CL/AGENDAS CLINICAS CENTROS SALUD PUBLICOS Y PRIVADOS/AGENDA CLINICA PORTABLE E INTEROPERAPLE/AGENDA CLI\u0301NICA INTEROPERABLE/agenda-clinica-interoperable/node_modules/eslint-plugin-react/lib/rules/jsx-wrap-multilines.d.ts"
    ],
    "ultima_modificacion": "2025-08-01 01:01:47.571789"
  },
  "jsxclosingtaglocation.js": {
    "app_sintetizada": "JSXCLOSINGTAGLOCATION.JS",
    "cantidad_archivos": 4,
    "archivos_fuente": [
      "Library/CloudStorage/Dropbox/APPS HIPERFOCO.CL/AGENDAS CLINICAS CENTROS SALUD PUBLICOS Y PRIVADOS/agenda-clinica-interoperable/node_modules/eslint-plugin-react/lib/rules/jsx-closing-tag-location.js",
      "Library/CloudStorage/Dropbox/APPS HIPERFOCO.CL/AGENDAS CLINICAS CENTROS SALUD PUBLICOS Y PRIVADOS/AGENDA CLINICA PORTABLE E INTEROPERAPLE/AGENDA CLI\u0301NICA INTEROPERABLE/agenda-clinica-interoperable/node_modules/eslint-plugin-react/lib/rules/jsx-closing-tag-location.js",
      "Library/CloudStorage/Dropbox/MENTALIA_BUTTON_INSTALLER_KIT_SIGNABLE/MENTALIA_LOCAL_DEPLOY/mentalia_memory_core/jsx-closing-tag-location.js",
      "Library/CloudStorage/Dropbox/RSII FINAL/mentalia_memory_core/jsx-closing-tag-location.js"
    ],
    "ultima_modificacion": "2025-08-01 01:01:47.572040"
  },
  "jsxindentprops.d.ts.map": {
    "app_sintetizada": "JSXINDENTPROPS.D.TS.MAP",
    "cantidad_archivos": 2,
    "archivos_fuente": [
      "Library/CloudStorage/Dropbox/APPS HIPERFOCO.CL/AGENDAS CLINICAS CENTROS SALUD PUBLICOS Y PRIVADOS/agenda-clinica-interoperable/node_modules/eslint-plugin-react/lib/rules/jsx-indent-props.d.ts.map",
      "Library/CloudStorage/Dropbox/APPS HIPERFOCO.CL/AGENDAS CLINICAS CENTROS SALUD PUBLICOS Y PRIVADOS/AGENDA CLINICA PORTABLE E INTEROPERAPLE/AGENDA CLI\u0301NICA INTEROPERABLE/agenda-clinica-interoperable/node_modules/eslint-plugin-react/lib/rules/jsx-indent-props.d.ts.map"
    ],
    "ultima_modificacion": "2025-08-01 01:01:47.572271"
  },
  "nounusedstate.js": {
    "app_sintetizada": "NOUNUSEDSTATE.JS",
    "cantidad_archivos": 4,
    "archivos_fuente": [
      "Library/CloudStorage/Dropbox/APPS HIPERFOCO.CL/AGENDAS CLINICAS CENTROS SALUD PUBLICOS Y PRIVADOS/agenda-clinica-interoperable/node_modules/eslint-plugin-react/lib/rules/no-unused-state.js",
      "Library/CloudStorage/Dropbox/APPS HIPERFOCO.CL/AGENDAS CLINICAS CENTROS SALUD PUBLICOS Y PRIVADOS/AGENDA CLINICA PORTABLE E INTEROPERAPLE/AGENDA CLI\u0301NICA INTEROPERABLE/agenda-clinica-interoperable/node_modules/eslint-plugin-react/lib/rules/no-unused-state.js",
      "Library/CloudStorage/Dropbox/MENTALIA_BUTTON_INSTALLER_KIT_SIGNABLE/MENTALIA_LOCAL_DEPLOY/mentalia_memory_core/no-unused-state.js",
      "Library/CloudStorage/Dropbox/RSII FINAL/mentalia_memory_core/no-unused-state.js"
    ],
    "ultima_modificacion": "2025-08-01 01:01:47.572479"
  },
  "noarrayindexkey.d.ts": {
    "app_sintetizada": "NOARRAYINDEXKEY.D.TS",
    "cantidad_archivos": 2,
    "archivos_fuente": [
      "Library/CloudStorage/Dropbox/APPS HIPERFOCO.CL/AGENDAS CLINICAS CENTROS SALUD PUBLICOS Y PRIVADOS/agenda-clinica-interoperable/node_modules/eslint-plugin-react/lib/rules/no-array-index-key.d.ts",
      "Library/CloudStorage/Dropbox/APPS HIPERFOCO.CL/AGENDAS CLINICAS CENTROS SALUD PUBLICOS Y PRIVADOS/AGENDA CLINICA PORTABLE E INTEROPERAPLE/AGENDA CLI\u0301NICA INTEROPERABLE/agenda-clinica-interoperable/node_modules/eslint-plugin-react/lib/rules/no-array-index-key.d.ts"
    ],
    "ultima_modificacion": "2025-08-01 01:01:47.572689"
  },
  "nosetstate.d.ts.map": {
    "app_sintetizada": "NOSETSTATE.D.TS.MAP",
    "cantidad_archivos": 2,
    "archivos_fuente": [
      "Library/CloudStorage/Dropbox/APPS HIPERFOCO.CL/AGENDAS CLINICAS CENTROS SALUD PUBLICOS Y PRIVADOS/agenda-clinica-interoperable/node_modules/eslint-plugin-react/lib/rules/no-set-state.d.ts.map",
      "Library/CloudStorage/Dropbox/APPS HIPERFOCO.CL/AGENDAS CLINICAS CENTROS SALUD PUBLICOS Y PRIVADOS/AGENDA CLINICA PORTABLE E INTEROPERAPLE/AGENDA CLI\u0301NICA INTEROPERABLE/agenda-clinica-interoperable/node_modules/eslint-plugin-react/lib/rules/no-set-state.d.ts.map"
    ],
    "ultima_modificacion": "2025-08-01 01:01:47.572899"
  },
  "jsxchildelementspacing.d.ts": {
    "app_sintetizada": "JSXCHILDELEMENTSPACING.D.TS",
    "cantidad_archivos": 2,
    "archivos_fuente": [
      "Library/CloudStorage/Dropbox/APPS HIPERFOCO.CL/AGENDAS CLINICAS CENTROS SALUD PUBLICOS Y PRIVADOS/agenda-clinica-interoperable/node_modules/eslint-plugin-react/lib/rules/jsx-child-element-spacing.d.ts",
      "Library/CloudStorage/Dropbox/APPS HIPERFOCO.CL/AGENDAS CLINICAS CENTROS SALUD PUBLICOS Y PRIVADOS/AGENDA CLINICA PORTABLE E INTEROPERAPLE/AGENDA CLI\u0301NICA INTEROPERABLE/agenda-clinica-interoperable/node_modules/eslint-plugin-react/lib/rules/jsx-child-element-spacing.d.ts"
    ],
    "ultima_modificacion": "2025-08-01 01:01:47.573126"
  },
  "jsxnoundef.d.ts.map": {
    "app_sintetizada": "JSXNOUNDEF.D.TS.MAP",
    "cantidad_archivos": 2,
    "archivos_fuente": [
      "Library/CloudStorage/Dropbox/APPS HIPERFOCO.CL/AGENDAS CLINICAS CENTROS SALUD PUBLICOS Y PRIVADOS/agenda-clinica-interoperable/node_modules/eslint-plugin-react/lib/rules/jsx-no-undef.d.ts.map",
      "Library/CloudStorage/Dropbox/APPS HIPERFOCO.CL/AGENDAS CLINICAS CENTROS SALUD PUBLICOS Y PRIVADOS/AGENDA CLINICA PORTABLE E INTEROPERAPLE/AGENDA CLI\u0301NICA INTEROPERABLE/agenda-clinica-interoperable/node_modules/eslint-plugin-react/lib/rules/jsx-no-undef.d.ts.map"
    ],
    "ultima_modificacion": "2025-08-01 01:01:47.573394"
  },
  "jsxclosingtaglocation.d.ts.map": {
    "app_sintetizada": "JSXCLOSINGTAGLOCATION.D.TS.MAP",
    "cantidad_archivos": 2,
    "archivos_fuente": [
      "Library/CloudStorage/Dropbox/APPS HIPERFOCO.CL/AGENDAS CLINICAS CENTROS SALUD PUBLICOS Y PRIVADOS/agenda-clinica-interoperable/node_modules/eslint-plugin-react/lib/rules/jsx-closing-tag-location.d.ts.map",
      "Library/CloudStorage/Dropbox/APPS HIPERFOCO.CL/AGENDAS CLINICAS CENTROS SALUD PUBLICOS Y PRIVADOS/AGENDA CLINICA PORTABLE E INTEROPERAPLE/AGENDA CLI\u0301NICA INTEROPERABLE/agenda-clinica-interoperable/node_modules/eslint-plugin-react/lib/rules/jsx-closing-tag-location.d.ts.map"
    ],
    "ultima_modificacion": "2025-08-01 01:01:47.573717"
  },
  "jsxspacebeforeclosing.d.ts.map": {
    "app_sintetizada": "JSXSPACEBEFORECLOSING.D.TS.MAP",
    "cantidad_archivos": 2,
    "archivos_fuente": [
      "Library/CloudStorage/Dropbox/APPS HIPERFOCO.CL/AGENDAS CLINICAS CENTROS SALUD PUBLICOS Y PRIVADOS/agenda-clinica-interoperable/node_modules/eslint-plugin-react/lib/rules/jsx-space-before-closing.d.ts.map",
      "Library/CloudStorage/Dropbox/APPS HIPERFOCO.CL/AGENDAS CLINICAS CENTROS SALUD PUBLICOS Y PRIVADOS/AGENDA CLINICA PORTABLE E INTEROPERAPLE/AGENDA CLI\u0301NICA INTEROPERABLE/agenda-clinica-interoperable/node_modules/eslint-plugin-react/lib/rules/jsx-space-before-closing.d.ts.map"
    ],
    "ultima_modificacion": "2025-08-01 01:01:47.574553"
  },
  "sortdefaultprops.d.ts.map": {
    "app_sintetizada": "SORTDEFAULTPROPS.D.TS.MAP",
    "cantidad_archivos": 2,
    "archivos_fuente": [
      "Library/CloudStorage/Dropbox/APPS HIPERFOCO.CL/AGENDAS CLINICAS CENTROS SALUD PUBLICOS Y PRIVADOS/agenda-clinica-interoperable/node_modules/eslint-plugin-react/lib/rules/sort-default-props.d.ts.map",
      "Library/CloudStorage/Dropbox/APPS HIPERFOCO.CL/AGENDAS CLINICAS CENTROS SALUD PUBLICOS Y PRIVADOS/AGENDA CLINICA PORTABLE E INTEROPERAPLE/AGENDA CLI\u0301NICA INTEROPERABLE/agenda-clinica-interoperable/node_modules/eslint-plugin-react/lib/rules/sort-default-props.d.ts.map"
    ],
    "ultima_modificacion": "2025-08-01 01:01:47.575351"
  },
  "forbidcomponentprops.js": {
    "app_sintetizada": "FORBIDCOMPONENTPROPS.JS",
    "cantidad_archivos": 4,
    "archivos_fuente": [
      "Library/CloudStorage/Dropbox/APPS HIPERFOCO.CL/AGENDAS CLINICAS CENTROS SALUD PUBLICOS Y PRIVADOS/agenda-clinica-interoperable/node_modules/eslint-plugin-react/lib/rules/forbid-component-props.js",
      "Library/CloudStorage/Dropbox/APPS HIPERFOCO.CL/AGENDAS CLINICAS CENTROS SALUD PUBLICOS Y PRIVADOS/AGENDA CLINICA PORTABLE E INTEROPERAPLE/AGENDA CLI\u0301NICA INTEROPERABLE/agenda-clinica-interoperable/node_modules/eslint-plugin-react/lib/rules/forbid-component-props.js",
      "Library/CloudStorage/Dropbox/MENTALIA_BUTTON_INSTALLER_KIT_SIGNABLE/MENTALIA_LOCAL_DEPLOY/mentalia_memory_core/forbid-component-props.js",
      "Library/CloudStorage/Dropbox/RSII FINAL/mentalia_memory_core/forbid-component-props.js"
    ],
    "ultima_modificacion": "2025-08-01 01:01:47.575633"
  },
  "jsxkey.d.ts": {
    "app_sintetizada": "JSXKEY.D.TS",
    "cantidad_archivos": 2,
    "archivos_fuente": [
      "Library/CloudStorage/Dropbox/APPS HIPERFOCO.CL/AGENDAS CLINICAS CENTROS SALUD PUBLICOS Y PRIVADOS/agenda-clinica-interoperable/node_modules/eslint-plugin-react/lib/rules/jsx-key.d.ts",
      "Library/CloudStorage/Dropbox/APPS HIPERFOCO.CL/AGENDAS CLINICAS CENTROS SALUD PUBLICOS Y PRIVADOS/AGENDA CLINICA PORTABLE E INTEROPERAPLE/AGENDA CLI\u0301NICA INTEROPERABLE/agenda-clinica-interoperable/node_modules/eslint-plugin-react/lib/rules/jsx-key.d.ts"
    ],
    "ultima_modificacion": "2025-08-01 01:01:47.575883"
  },
  "hookusestate.d.ts.map": {
    "app_sintetizada": "HOOKUSESTATE.D.TS.MAP",
    "cantidad_archivos": 2,
    "archivos_fuente": [
      "Library/CloudStorage/Dropbox/APPS HIPERFOCO.CL/AGENDAS CLINICAS CENTROS SALUD PUBLICOS Y PRIVADOS/agenda-clinica-interoperable/node_modules/eslint-plugin-react/lib/rules/hook-use-state.d.ts.map",
      "Library/CloudStorage/Dropbox/APPS HIPERFOCO.CL/AGENDAS CLINICAS CENTROS SALUD PUBLICOS Y PRIVADOS/AGENDA CLINICA PORTABLE E INTEROPERAPLE/AGENDA CLI\u0301NICA INTEROPERABLE/agenda-clinica-interoperable/node_modules/eslint-plugin-react/lib/rules/hook-use-state.d.ts.map"
    ],
    "ultima_modificacion": "2025-08-01 01:01:47.576229"
  },
  "jsxfirstpropnewline.d.ts": {
    "app_sintetizada": "JSXFIRSTPROPNEWLINE.D.TS",
    "cantidad_archivos": 2,
    "archivos_fuente": [
      "Library/CloudStorage/Dropbox/APPS HIPERFOCO.CL/AGENDAS CLINICAS CENTROS SALUD PUBLICOS Y PRIVADOS/agenda-clinica-interoperable/node_modules/eslint-plugin-react/lib/rules/jsx-first-prop-new-line.d.ts",
      "Library/CloudStorage/Dropbox/APPS HIPERFOCO.CL/AGENDAS CLINICAS CENTROS SALUD PUBLICOS Y PRIVADOS/AGENDA CLINICA PORTABLE E INTEROPERAPLE/AGENDA CLI\u0301NICA INTEROPERABLE/agenda-clinica-interoperable/node_modules/eslint-plugin-react/lib/rules/jsx-first-prop-new-line.d.ts"
    ],
    "ultima_modificacion": "2025-08-01 01:01:47.576488"
  },
  "displayname.d.ts.map": {
    "app_sintetizada": "DISPLAYNAME.D.TS.MAP",
    "cantidad_archivos": 2,
    "archivos_fuente": [
      "Library/CloudStorage/Dropbox/APPS HIPERFOCO.CL/AGENDAS CLINICAS CENTROS SALUD PUBLICOS Y PRIVADOS/agenda-clinica-interoperable/node_modules/eslint-plugin-react/lib/rules/display-name.d.ts.map",
      "Library/CloudStorage/Dropbox/APPS HIPERFOCO.CL/AGENDAS CLINICAS CENTROS SALUD PUBLICOS Y PRIVADOS/AGENDA CLINICA PORTABLE E INTEROPERAPLE/AGENDA CLI\u0301NICA INTEROPERABLE/agenda-clinica-interoperable/node_modules/eslint-plugin-react/lib/rules/display-name.d.ts.map"
    ],
    "ultima_modificacion": "2025-08-01 01:01:47.576781"
  },
  "staticpropertyplacement.d.ts": {
    "app_sintetizada": "STATICPROPERTYPLACEMENT.D.TS",
    "cantidad_archivos": 2,
    "archivos_fuente": [
      "Library/CloudStorage/Dropbox/APPS HIPERFOCO.CL/AGENDAS CLINICAS CENTROS SALUD PUBLICOS Y PRIVADOS/agenda-clinica-interoperable/node_modules/eslint-plugin-react/lib/rules/static-property-placement.d.ts",
      "Library/CloudStorage/Dropbox/APPS HIPERFOCO.CL/AGENDAS CLINICAS CENTROS SALUD PUBLICOS Y PRIVADOS/AGENDA CLINICA PORTABLE E INTEROPERAPLE/AGENDA CLI\u0301NICA INTEROPERABLE/agenda-clinica-interoperable/node_modules/eslint-plugin-react/lib/rules/static-property-placement.d.ts"
    ],
    "ultima_modificacion": "2025-08-01 01:01:47.577034"
  },
  "jsxbooleanvalue.d.ts.map": {
    "app_sintetizada": "JSXBOOLEANVALUE.D.TS.MAP",
    "cantidad_archivos": 2,
    "archivos_fuente": [
      "Library/CloudStorage/Dropbox/APPS HIPERFOCO.CL/AGENDAS CLINICAS CENTROS SALUD PUBLICOS Y PRIVADOS/agenda-clinica-interoperable/node_modules/eslint-plugin-react/lib/rules/jsx-boolean-value.d.ts.map",
      "Library/CloudStorage/Dropbox/APPS HIPERFOCO.CL/AGENDAS CLINICAS CENTROS SALUD PUBLICOS Y PRIVADOS/AGENDA CLINICA PORTABLE E INTEROPERAPLE/AGENDA CLI\u0301NICA INTEROPERABLE/agenda-clinica-interoperable/node_modules/eslint-plugin-react/lib/rules/jsx-boolean-value.d.ts.map"
    ],
    "ultima_modificacion": "2025-08-01 01:01:47.577345"
  },
  "iframemissingsandbox.d.ts.map": {
    "app_sintetizada": "IFRAMEMISSINGSANDBOX.D.TS.MAP",
    "cantidad_archivos": 2,
    "archivos_fuente": [
      "Library/CloudStorage/Dropbox/APPS HIPERFOCO.CL/AGENDAS CLINICAS CENTROS SALUD PUBLICOS Y PRIVADOS/agenda-clinica-interoperable/node_modules/eslint-plugin-react/lib/rules/iframe-missing-sandbox.d.ts.map",
      "Library/CloudStorage/Dropbox/APPS HIPERFOCO.CL/AGENDAS CLINICAS CENTROS SALUD PUBLICOS Y PRIVADOS/AGENDA CLINICA PORTABLE E INTEROPERAPLE/AGENDA CLI\u0301NICA INTEROPERABLE/agenda-clinica-interoperable/node_modules/eslint-plugin-react/lib/rules/iframe-missing-sandbox.d.ts.map"
    ],
    "ultima_modificacion": "2025-08-01 01:01:47.577607"
  },
  "forbidelements.js": {
    "app_sintetizada": "FORBIDELEMENTS.JS",
    "cantidad_archivos": 4,
    "archivos_fuente": [
      "Library/CloudStorage/Dropbox/APPS HIPERFOCO.CL/AGENDAS CLINICAS CENTROS SALUD PUBLICOS Y PRIVADOS/agenda-clinica-interoperable/node_modules/eslint-plugin-react/lib/rules/forbid-elements.js",
      "Library/CloudStorage/Dropbox/APPS HIPERFOCO.CL/AGENDAS CLINICAS CENTROS SALUD PUBLICOS Y PRIVADOS/AGENDA CLINICA PORTABLE E INTEROPERAPLE/AGENDA CLI\u0301NICA INTEROPERABLE/agenda-clinica-interoperable/node_modules/eslint-plugin-react/lib/rules/forbid-elements.js",
      "Library/CloudStorage/Dropbox/MENTALIA_BUTTON_INSTALLER_KIT_SIGNABLE/MENTALIA_LOCAL_DEPLOY/mentalia_memory_core/forbid-elements.js",
      "Library/CloudStorage/Dropbox/RSII FINAL/mentalia_memory_core/forbid-elements.js"
    ],
    "ultima_modificacion": "2025-08-01 01:01:47.577910"
  },
  "jsxsortdefaultprops.d.ts.map": {
    "app_sintetizada": "JSXSORTDEFAULTPROPS.D.TS.MAP",
    "cantidad_archivos": 2,
    "archivos_fuente": [
      "Library/CloudStorage/Dropbox/APPS HIPERFOCO.CL/AGENDAS CLINICAS CENTROS SALUD PUBLICOS Y PRIVADOS/agenda-clinica-interoperable/node_modules/eslint-plugin-react/lib/rules/jsx-sort-default-props.d.ts.map",
      "Library/CloudStorage/Dropbox/APPS HIPERFOCO.CL/AGENDAS CLINICAS CENTROS SALUD PUBLICOS Y PRIVADOS/AGENDA CLINICA PORTABLE E INTEROPERAPLE/AGENDA CLI\u0301NICA INTEROPERABLE/agenda-clinica-interoperable/node_modules/eslint-plugin-react/lib/rules/jsx-sort-default-props.d.ts.map"
    ],
    "ultima_modificacion": "2025-08-01 01:01:47.578174"
  },
  "jsxpropsnospreadmulti.d.ts.map": {
    "app_sintetizada": "JSXPROPSNOSPREADMULTI.D.TS.MAP",
    "cantidad_archivos": 2,
    "archivos_fuente": [
      "Library/CloudStorage/Dropbox/APPS HIPERFOCO.CL/AGENDAS CLINICAS CENTROS SALUD PUBLICOS Y PRIVADOS/agenda-clinica-interoperable/node_modules/eslint-plugin-react/lib/rules/jsx-props-no-spread-multi.d.ts.map",
      "Library/CloudStorage/Dropbox/APPS HIPERFOCO.CL/AGENDAS CLINICAS CENTROS SALUD PUBLICOS Y PRIVADOS/AGENDA CLINICA PORTABLE E INTEROPERAPLE/AGENDA CLI\u0301NICA INTEROPERABLE/agenda-clinica-interoperable/node_modules/eslint-plugin-react/lib/rules/jsx-props-no-spread-multi.d.ts.map"
    ],
    "ultima_modificacion": "2025-08-01 01:01:47.578429"
  },
  "functioncomponentdefinition.js": {
    "app_sintetizada": "FUNCTIONCOMPONENTDEFINITION.JS",
    "cantidad_archivos": 4,
    "archivos_fuente": [
      "Library/CloudStorage/Dropbox/APPS HIPERFOCO.CL/AGENDAS CLINICAS CENTROS SALUD PUBLICOS Y PRIVADOS/agenda-clinica-interoperable/node_modules/eslint-plugin-react/lib/rules/function-component-definition.js",
      "Library/CloudStorage/Dropbox/APPS HIPERFOCO.CL/AGENDAS CLINICAS CENTROS SALUD PUBLICOS Y PRIVADOS/AGENDA CLINICA PORTABLE E INTEROPERAPLE/AGENDA CLI\u0301NICA INTEROPERABLE/agenda-clinica-interoperable/node_modules/eslint-plugin-react/lib/rules/function-component-definition.js",
      "Library/CloudStorage/Dropbox/MENTALIA_BUTTON_INSTALLER_KIT_SIGNABLE/MENTALIA_LOCAL_DEPLOY/mentalia_memory_core/function-component-definition.js",
      "Library/CloudStorage/Dropbox/RSII FINAL/mentalia_memory_core/function-component-definition.js"
    ],
    "ultima_modificacion": "2025-08-01 01:01:47.578683"
  },
  "jsxoneexpressionperline.d.ts.map": {
    "app_sintetizada": "JSXONEEXPRESSIONPERLINE.D.TS.MAP",
    "cantidad_archivos": 2,
    "archivos_fuente": [
      "Library/CloudStorage/Dropbox/APPS HIPERFOCO.CL/AGENDAS CLINICAS CENTROS SALUD PUBLICOS Y PRIVADOS/agenda-clinica-interoperable/node_modules/eslint-plugin-react/lib/rules/jsx-one-expression-per-line.d.ts.map",
      "Library/CloudStorage/Dropbox/APPS HIPERFOCO.CL/AGENDAS CLINICAS CENTROS SALUD PUBLICOS Y PRIVADOS/AGENDA CLINICA PORTABLE E INTEROPERAPLE/AGENDA CLI\u0301NICA INTEROPERABLE/agenda-clinica-interoperable/node_modules/eslint-plugin-react/lib/rules/jsx-one-expression-per-line.d.ts.map"
    ],
    "ultima_modificacion": "2025-08-01 01:01:47.578948"
  },
  "jsxoneexpressionperline.js": {
    "app_sintetizada": "JSXONEEXPRESSIONPERLINE.JS",
    "cantidad_archivos": 4,
    "archivos_fuente": [
      "Library/CloudStorage/Dropbox/APPS HIPERFOCO.CL/AGENDAS CLINICAS CENTROS SALUD PUBLICOS Y PRIVADOS/agenda-clinica-interoperable/node_modules/eslint-plugin-react/lib/rules/jsx-one-expression-per-line.js",
      "Library/CloudStorage/Dropbox/APPS HIPERFOCO.CL/AGENDAS CLINICAS CENTROS SALUD PUBLICOS Y PRIVADOS/AGENDA CLINICA PORTABLE E INTEROPERAPLE/AGENDA CLI\u0301NICA INTEROPERABLE/agenda-clinica-interoperable/node_modules/eslint-plugin-react/lib/rules/jsx-one-expression-per-line.js",
      "Library/CloudStorage/Dropbox/MENTALIA_BUTTON_INSTALLER_KIT_SIGNABLE/MENTALIA_LOCAL_DEPLOY/mentalia_memory_core/jsx-one-expression-per-line.js",
      "Library/CloudStorage/Dropbox/RSII FINAL/mentalia_memory_core/jsx-one-expression-per-line.js"
    ],
    "ultima_modificacion": "2025-08-01 01:01:47.579301"
  },
  "destructuringassignment.js": {
    "app_sintetizada": "DESTRUCTURINGASSIGNMENT.JS",
    "cantidad_archivos": 4,
    "archivos_fuente": [
      "Library/CloudStorage/Dropbox/APPS HIPERFOCO.CL/AGENDAS CLINICAS CENTROS SALUD PUBLICOS Y PRIVADOS/agenda-clinica-interoperable/node_modules/eslint-plugin-react/lib/rules/destructuring-assignment.js",
      "Library/CloudStorage/Dropbox/APPS HIPERFOCO.CL/AGENDAS CLINICAS CENTROS SALUD PUBLICOS Y PRIVADOS/AGENDA CLINICA PORTABLE E INTEROPERAPLE/AGENDA CLI\u0301NICA INTEROPERABLE/agenda-clinica-interoperable/node_modules/eslint-plugin-react/lib/rules/destructuring-assignment.js",
      "Library/CloudStorage/Dropbox/MENTALIA_BUTTON_INSTALLER_KIT_SIGNABLE/MENTALIA_LOCAL_DEPLOY/mentalia_memory_core/destructuring-assignment.js",
      "Library/CloudStorage/Dropbox/RSII FINAL/mentalia_memory_core/destructuring-assignment.js"
    ],
    "ultima_modificacion": "2025-08-01 01:01:47.579546"
  },
  "jsxnewline.d.ts.map": {
    "app_sintetizada": "JSXNEWLINE.D.TS.MAP",
    "cantidad_archivos": 2,
    "archivos_fuente": [
      "Library/CloudStorage/Dropbox/APPS HIPERFOCO.CL/AGENDAS CLINICAS CENTROS SALUD PUBLICOS Y PRIVADOS/agenda-clinica-interoperable/node_modules/eslint-plugin-react/lib/rules/jsx-newline.d.ts.map",
      "Library/CloudStorage/Dropbox/APPS HIPERFOCO.CL/AGENDAS CLINICAS CENTROS SALUD PUBLICOS Y PRIVADOS/AGENDA CLINICA PORTABLE E INTEROPERAPLE/AGENDA CLI\u0301NICA INTEROPERABLE/agenda-clinica-interoperable/node_modules/eslint-plugin-react/lib/rules/jsx-newline.d.ts.map"
    ],
    "ultima_modificacion": "2025-08-01 01:01:47.579865"
  },
  "destructuringassignment.d.ts": {
    "app_sintetizada": "DESTRUCTURINGASSIGNMENT.D.TS",
    "cantidad_archivos": 2,
    "archivos_fuente": [
      "Library/CloudStorage/Dropbox/APPS HIPERFOCO.CL/AGENDAS CLINICAS CENTROS SALUD PUBLICOS Y PRIVADOS/agenda-clinica-interoperable/node_modules/eslint-plugin-react/lib/rules/destructuring-assignment.d.ts",
      "Library/CloudStorage/Dropbox/APPS HIPERFOCO.CL/AGENDAS CLINICAS CENTROS SALUD PUBLICOS Y PRIVADOS/AGENDA CLINICA PORTABLE E INTEROPERAPLE/AGENDA CLI\u0301NICA INTEROPERABLE/agenda-clinica-interoperable/node_modules/eslint-plugin-react/lib/rules/destructuring-assignment.d.ts"
    ],
    "ultima_modificacion": "2025-08-01 01:01:47.580208"
  },
  "nounusedproptypes.d.ts.map": {
    "app_sintetizada": "NOUNUSEDPROPTYPES.D.TS.MAP",
    "cantidad_archivos": 2,
    "archivos_fuente": [
      "Library/CloudStorage/Dropbox/APPS HIPERFOCO.CL/AGENDAS CLINICAS CENTROS SALUD PUBLICOS Y PRIVADOS/agenda-clinica-interoperable/node_modules/eslint-plugin-react/lib/rules/no-unused-prop-types.d.ts.map",
      "Library/CloudStorage/Dropbox/APPS HIPERFOCO.CL/AGENDAS CLINICAS CENTROS SALUD PUBLICOS Y PRIVADOS/AGENDA CLINICA PORTABLE E INTEROPERAPLE/AGENDA CLI\u0301NICA INTEROPERABLE/agenda-clinica-interoperable/node_modules/eslint-plugin-react/lib/rules/no-unused-prop-types.d.ts.map"
    ],
    "ultima_modificacion": "2025-08-01 01:01:47.580522"
  },
  "noismounted.js": {
    "app_sintetizada": "NOISMOUNTED.JS",
    "cantidad_archivos": 4,
    "archivos_fuente": [
      "Library/CloudStorage/Dropbox/APPS HIPERFOCO.CL/AGENDAS CLINICAS CENTROS SALUD PUBLICOS Y PRIVADOS/agenda-clinica-interoperable/node_modules/eslint-plugin-react/lib/rules/no-is-mounted.js",
      "Library/CloudStorage/Dropbox/APPS HIPERFOCO.CL/AGENDAS CLINICAS CENTROS SALUD PUBLICOS Y PRIVADOS/AGENDA CLINICA PORTABLE E INTEROPERAPLE/AGENDA CLI\u0301NICA INTEROPERABLE/agenda-clinica-interoperable/node_modules/eslint-plugin-react/lib/rules/no-is-mounted.js",
      "Library/CloudStorage/Dropbox/MENTALIA_BUTTON_INSTALLER_KIT_SIGNABLE/MENTALIA_LOCAL_DEPLOY/mentalia_memory_core/no-is-mounted.js",
      "Library/CloudStorage/Dropbox/RSII FINAL/mentalia_memory_core/no-is-mounted.js"
    ],
    "ultima_modificacion": "2025-08-01 01:01:47.580773"
  },
  "jsxpropsnospreading.js": {
    "app_sintetizada": "JSXPROPSNOSPREADING.JS",
    "cantidad_archivos": 4,
    "archivos_fuente": [
      "Library/CloudStorage/Dropbox/APPS HIPERFOCO.CL/AGENDAS CLINICAS CENTROS SALUD PUBLICOS Y PRIVADOS/agenda-clinica-interoperable/node_modules/eslint-plugin-react/lib/rules/jsx-props-no-spreading.js",
      "Library/CloudStorage/Dropbox/APPS HIPERFOCO.CL/AGENDAS CLINICAS CENTROS SALUD PUBLICOS Y PRIVADOS/AGENDA CLINICA PORTABLE E INTEROPERAPLE/AGENDA CLI\u0301NICA INTEROPERABLE/agenda-clinica-interoperable/node_modules/eslint-plugin-react/lib/rules/jsx-props-no-spreading.js",
      "Library/CloudStorage/Dropbox/MENTALIA_BUTTON_INSTALLER_KIT_SIGNABLE/MENTALIA_LOCAL_DEPLOY/mentalia_memory_core/jsx-props-no-spreading.js",
      "Library/CloudStorage/Dropbox/RSII FINAL/mentalia_memory_core/jsx-props-no-spreading.js"
    ],
    "ultima_modificacion": "2025-08-01 01:01:47.581054"
  },
  "functioncomponentdefinition.d.ts": {
    "app_sintetizada": "FUNCTIONCOMPONENTDEFINITION.D.TS",
    "cantidad_archivos": 2,
    "archivos_fuente": [
      "Library/CloudStorage/Dropbox/APPS HIPERFOCO.CL/AGENDAS CLINICAS CENTROS SALUD PUBLICOS Y PRIVADOS/agenda-clinica-interoperable/node_modules/eslint-plugin-react/lib/rules/function-component-definition.d.ts",
      "Library/CloudStorage/Dropbox/APPS HIPERFOCO.CL/AGENDAS CLINICAS CENTROS SALUD PUBLICOS Y PRIVADOS/AGENDA CLINICA PORTABLE E INTEROPERAPLE/AGENDA CLI\u0301NICA INTEROPERABLE/agenda-clinica-interoperable/node_modules/eslint-plugin-react/lib/rules/function-component-definition.d.ts"
    ],
    "ultima_modificacion": "2025-08-01 01:01:47.581426"
  },
  "nothisinsfc.js": {
    "app_sintetizada": "NOTHISINSFC.JS",
    "cantidad_archivos": 4,
    "archivos_fuente": [
      "Library/CloudStorage/Dropbox/APPS HIPERFOCO.CL/AGENDAS CLINICAS CENTROS SALUD PUBLICOS Y PRIVADOS/agenda-clinica-interoperable/node_modules/eslint-plugin-react/lib/rules/no-this-in-sfc.js",
      "Library/CloudStorage/Dropbox/APPS HIPERFOCO.CL/AGENDAS CLINICAS CENTROS SALUD PUBLICOS Y PRIVADOS/AGENDA CLINICA PORTABLE E INTEROPERAPLE/AGENDA CLI\u0301NICA INTEROPERABLE/agenda-clinica-interoperable/node_modules/eslint-plugin-react/lib/rules/no-this-in-sfc.js",
      "Library/CloudStorage/Dropbox/MENTALIA_BUTTON_INSTALLER_KIT_SIGNABLE/MENTALIA_LOCAL_DEPLOY/mentalia_memory_core/no-this-in-sfc.js",
      "Library/CloudStorage/Dropbox/RSII FINAL/mentalia_memory_core/no-this-in-sfc.js"
    ],
    "ultima_modificacion": "2025-08-01 01:01:47.581753"
  },
  "jsxcurlyspacing.d.ts": {
    "app_sintetizada": "JSXCURLYSPACING.D.TS",
    "cantidad_archivos": 2,
    "archivos_fuente": [
      "Library/CloudStorage/Dropbox/APPS HIPERFOCO.CL/AGENDAS CLINICAS CENTROS SALUD PUBLICOS Y PRIVADOS/agenda-clinica-interoperable/node_modules/eslint-plugin-react/lib/rules/jsx-curly-spacing.d.ts",
      "Library/CloudStorage/Dropbox/APPS HIPERFOCO.CL/AGENDAS CLINICAS CENTROS SALUD PUBLICOS Y PRIVADOS/AGENDA CLINICA PORTABLE E INTEROPERAPLE/AGENDA CLI\u0301NICA INTEROPERABLE/agenda-clinica-interoperable/node_modules/eslint-plugin-react/lib/rules/jsx-curly-spacing.d.ts"
    ],
    "ultima_modificacion": "2025-08-01 01:01:47.582344"
  },
  "nodirectmutationstate.js": {
    "app_sintetizada": "NODIRECTMUTATIONSTATE.JS",
    "cantidad_archivos": 4,
    "archivos_fuente": [
      "Library/CloudStorage/Dropbox/APPS HIPERFOCO.CL/AGENDAS CLINICAS CENTROS SALUD PUBLICOS Y PRIVADOS/agenda-clinica-interoperable/node_modules/eslint-plugin-react/lib/rules/no-direct-mutation-state.js",
      "Library/CloudStorage/Dropbox/APPS HIPERFOCO.CL/AGENDAS CLINICAS CENTROS SALUD PUBLICOS Y PRIVADOS/AGENDA CLINICA PORTABLE E INTEROPERAPLE/AGENDA CLI\u0301NICA INTEROPERABLE/agenda-clinica-interoperable/node_modules/eslint-plugin-react/lib/rules/no-direct-mutation-state.js",
      "Library/CloudStorage/Dropbox/MENTALIA_BUTTON_INSTALLER_KIT_SIGNABLE/MENTALIA_LOCAL_DEPLOY/mentalia_memory_core/no-direct-mutation-state.js",
      "Library/CloudStorage/Dropbox/RSII FINAL/mentalia_memory_core/no-direct-mutation-state.js"
    ],
    "ultima_modificacion": "2025-08-01 01:01:47.582646"
  },
  "jsxcurlynewline.d.ts": {
    "app_sintetizada": "JSXCURLYNEWLINE.D.TS",
    "cantidad_archivos": 2,
    "archivos_fuente": [
      "Library/CloudStorage/Dropbox/APPS HIPERFOCO.CL/AGENDAS CLINICAS CENTROS SALUD PUBLICOS Y PRIVADOS/agenda-clinica-interoperable/node_modules/eslint-plugin-react/lib/rules/jsx-curly-newline.d.ts",
      "Library/CloudStorage/Dropbox/APPS HIPERFOCO.CL/AGENDAS CLINICAS CENTROS SALUD PUBLICOS Y PRIVADOS/AGENDA CLINICA PORTABLE E INTEROPERAPLE/AGENDA CLI\u0301NICA INTEROPERABLE/agenda-clinica-interoperable/node_modules/eslint-plugin-react/lib/rules/jsx-curly-newline.d.ts"
    ],
    "ultima_modificacion": "2025-08-01 01:01:47.583012"
  },
  "nowillupdatesetstate.js": {
    "app_sintetizada": "NOWILLUPDATESETSTATE.JS",
    "cantidad_archivos": 4,
    "archivos_fuente": [
      "Library/CloudStorage/Dropbox/APPS HIPERFOCO.CL/AGENDAS CLINICAS CENTROS SALUD PUBLICOS Y PRIVADOS/agenda-clinica-interoperable/node_modules/eslint-plugin-react/lib/rules/no-will-update-set-state.js",
      "Library/CloudStorage/Dropbox/APPS HIPERFOCO.CL/AGENDAS CLINICAS CENTROS SALUD PUBLICOS Y PRIVADOS/AGENDA CLINICA PORTABLE E INTEROPERAPLE/AGENDA CLI\u0301NICA INTEROPERABLE/agenda-clinica-interoperable/node_modules/eslint-plugin-react/lib/rules/no-will-update-set-state.js",
      "Library/CloudStorage/Dropbox/MENTALIA_BUTTON_INSTALLER_KIT_SIGNABLE/MENTALIA_LOCAL_DEPLOY/mentalia_memory_core/no-will-update-set-state.js",
      "Library/CloudStorage/Dropbox/RSII FINAL/mentalia_memory_core/no-will-update-set-state.js"
    ],
    "ultima_modificacion": "2025-08-01 01:01:47.583279"
  },
  "jsxcurlynewline.d.ts.map": {
    "app_sintetizada": "JSXCURLYNEWLINE.D.TS.MAP",
    "cantidad_archivos": 2,
    "archivos_fuente": [
      "Library/CloudStorage/Dropbox/APPS HIPERFOCO.CL/AGENDAS CLINICAS CENTROS SALUD PUBLICOS Y PRIVADOS/agenda-clinica-interoperable/node_modules/eslint-plugin-react/lib/rules/jsx-curly-newline.d.ts.map",
      "Library/CloudStorage/Dropbox/APPS HIPERFOCO.CL/AGENDAS CLINICAS CENTROS SALUD PUBLICOS Y PRIVADOS/AGENDA CLINICA PORTABLE E INTEROPERAPLE/AGENDA CLI\u0301NICA INTEROPERABLE/agenda-clinica-interoperable/node_modules/eslint-plugin-react/lib/rules/jsx-curly-newline.d.ts.map"
    ],
    "ultima_modificacion": "2025-08-01 01:01:47.583584"
  },
  "forbidcomponentprops.d.ts.map": {
    "app_sintetizada": "FORBIDCOMPONENTPROPS.D.TS.MAP",
    "cantidad_archivos": 2,
    "archivos_fuente": [
      "Library/CloudStorage/Dropbox/APPS HIPERFOCO.CL/AGENDAS CLINICAS CENTROS SALUD PUBLICOS Y PRIVADOS/agenda-clinica-interoperable/node_modules/eslint-plugin-react/lib/rules/forbid-component-props.d.ts.map",
      "Library/CloudStorage/Dropbox/APPS HIPERFOCO.CL/AGENDAS CLINICAS CENTROS SALUD PUBLICOS Y PRIVADOS/AGENDA CLINICA PORTABLE E INTEROPERAPLE/AGENDA CLI\u0301NICA INTEROPERABLE/agenda-clinica-interoperable/node_modules/eslint-plugin-react/lib/rules/forbid-component-props.d.ts.map"
    ],
    "ultima_modificacion": "2025-08-01 01:01:47.583845"
  },
  "noarrowfunctionlifecycle.js": {
    "app_sintetizada": "NOARROWFUNCTIONLIFECYCLE.JS",
    "cantidad_archivos": 4,
    "archivos_fuente": [
      "Library/CloudStorage/Dropbox/APPS HIPERFOCO.CL/AGENDAS CLINICAS CENTROS SALUD PUBLICOS Y PRIVADOS/agenda-clinica-interoperable/node_modules/eslint-plugin-react/lib/rules/no-arrow-function-lifecycle.js",
      "Library/CloudStorage/Dropbox/APPS HIPERFOCO.CL/AGENDAS CLINICAS CENTROS SALUD PUBLICOS Y PRIVADOS/AGENDA CLINICA PORTABLE E INTEROPERAPLE/AGENDA CLI\u0301NICA INTEROPERABLE/agenda-clinica-interoperable/node_modules/eslint-plugin-react/lib/rules/no-arrow-function-lifecycle.js",
      "Library/CloudStorage/Dropbox/MENTALIA_BUTTON_INSTALLER_KIT_SIGNABLE/MENTALIA_LOCAL_DEPLOY/mentalia_memory_core/no-arrow-function-lifecycle.js",
      "Library/CloudStorage/Dropbox/RSII FINAL/mentalia_memory_core/no-arrow-function-lifecycle.js"
    ],
    "ultima_modificacion": "2025-08-01 01:01:47.584109"
  },
  "preferstatelessfunction.js": {
    "app_sintetizada": "PREFERSTATELESSFUNCTION.JS",
    "cantidad_archivos": 4,
    "archivos_fuente": [
      "Library/CloudStorage/Dropbox/APPS HIPERFOCO.CL/AGENDAS CLINICAS CENTROS SALUD PUBLICOS Y PRIVADOS/agenda-clinica-interoperable/node_modules/eslint-plugin-react/lib/rules/prefer-stateless-function.js",
      "Library/CloudStorage/Dropbox/APPS HIPERFOCO.CL/AGENDAS CLINICAS CENTROS SALUD PUBLICOS Y PRIVADOS/AGENDA CLINICA PORTABLE E INTEROPERAPLE/AGENDA CLI\u0301NICA INTEROPERABLE/agenda-clinica-interoperable/node_modules/eslint-plugin-react/lib/rules/prefer-stateless-function.js",
      "Library/CloudStorage/Dropbox/MENTALIA_BUTTON_INSTALLER_KIT_SIGNABLE/MENTALIA_LOCAL_DEPLOY/mentalia_memory_core/prefer-stateless-function.js",
      "Library/CloudStorage/Dropbox/RSII FINAL/mentalia_memory_core/prefer-stateless-function.js"
    ],
    "ultima_modificacion": "2025-08-01 01:01:47.584408"
  },
  "jsxindent.d.ts": {
    "app_sintetizada": "JSXINDENT.D.TS",
    "cantidad_archivos": 2,
    "archivos_fuente": [
      "Library/CloudStorage/Dropbox/APPS HIPERFOCO.CL/AGENDAS CLINICAS CENTROS SALUD PUBLICOS Y PRIVADOS/agenda-clinica-interoperable/node_modules/eslint-plugin-react/lib/rules/jsx-indent.d.ts",
      "Library/CloudStorage/Dropbox/APPS HIPERFOCO.CL/AGENDAS CLINICAS CENTROS SALUD PUBLICOS Y PRIVADOS/AGENDA CLINICA PORTABLE E INTEROPERAPLE/AGENDA CLI\u0301NICA INTEROPERABLE/agenda-clinica-interoperable/node_modules/eslint-plugin-react/lib/rules/jsx-indent.d.ts"
    ],
    "ultima_modificacion": "2025-08-01 01:01:47.584660"
  },
  "jsxfragments.d.ts.map": {
    "app_sintetizada": "JSXFRAGMENTS.D.TS.MAP",
    "cantidad_archivos": 2,
    "archivos_fuente": [
      "Library/CloudStorage/Dropbox/APPS HIPERFOCO.CL/AGENDAS CLINICAS CENTROS SALUD PUBLICOS Y PRIVADOS/agenda-clinica-interoperable/node_modules/eslint-plugin-react/lib/rules/jsx-fragments.d.ts.map",
      "Library/CloudStorage/Dropbox/APPS HIPERFOCO.CL/AGENDAS CLINICAS CENTROS SALUD PUBLICOS Y PRIVADOS/AGENDA CLINICA PORTABLE E INTEROPERAPLE/AGENDA CLI\u0301NICA INTEROPERABLE/agenda-clinica-interoperable/node_modules/eslint-plugin-react/lib/rules/jsx-fragments.d.ts.map"
    ],
    "ultima_modificacion": "2025-08-01 01:01:47.584912"
  },
  "buttonhastype.d.ts.map": {
    "app_sintetizada": "BUTTONHASTYPE.D.TS.MAP",
    "cantidad_archivos": 2,
    "archivos_fuente": [
      "Library/CloudStorage/Dropbox/APPS HIPERFOCO.CL/AGENDAS CLINICAS CENTROS SALUD PUBLICOS Y PRIVADOS/agenda-clinica-interoperable/node_modules/eslint-plugin-react/lib/rules/button-has-type.d.ts.map",
      "Library/CloudStorage/Dropbox/APPS HIPERFOCO.CL/AGENDAS CLINICAS CENTROS SALUD PUBLICOS Y PRIVADOS/AGENDA CLINICA PORTABLE E INTEROPERAPLE/AGENDA CLI\u0301NICA INTEROPERABLE/agenda-clinica-interoperable/node_modules/eslint-plugin-react/lib/rules/button-has-type.d.ts.map"
    ],
    "ultima_modificacion": "2025-08-01 01:01:47.585278"
  },
  "noredundantshouldcomponentupdate.d.ts.map": {
    "app_sintetizada": "NOREDUNDANTSHOULDCOMPONENTUPDATE.D.TS.MAP",
    "cantidad_archivos": 2,
    "archivos_fuente": [
      "Library/CloudStorage/Dropbox/APPS HIPERFOCO.CL/AGENDAS CLINICAS CENTROS SALUD PUBLICOS Y PRIVADOS/agenda-clinica-interoperable/node_modules/eslint-plugin-react/lib/rules/no-redundant-should-component-update.d.ts.map",
      "Library/CloudStorage/Dropbox/APPS HIPERFOCO.CL/AGENDAS CLINICAS CENTROS SALUD PUBLICOS Y PRIVADOS/AGENDA CLINICA PORTABLE E INTEROPERAPLE/AGENDA CLI\u0301NICA INTEROPERABLE/agenda-clinica-interoperable/node_modules/eslint-plugin-react/lib/rules/no-redundant-should-component-update.d.ts.map"
    ],
    "ultima_modificacion": "2025-08-01 01:01:47.585645"
  },
  "forbidcomponentprops.d.ts": {
    "app_sintetizada": "FORBIDCOMPONENTPROPS.D.TS",
    "cantidad_archivos": 2,
    "archivos_fuente": [
      "Library/CloudStorage/Dropbox/APPS HIPERFOCO.CL/AGENDAS CLINICAS CENTROS SALUD PUBLICOS Y PRIVADOS/agenda-clinica-interoperable/node_modules/eslint-plugin-react/lib/rules/forbid-component-props.d.ts",
      "Library/CloudStorage/Dropbox/APPS HIPERFOCO.CL/AGENDAS CLINICAS CENTROS SALUD PUBLICOS Y PRIVADOS/AGENDA CLINICA PORTABLE E INTEROPERAPLE/AGENDA CLI\u0301NICA INTEROPERABLE/agenda-clinica-interoperable/node_modules/eslint-plugin-react/lib/rules/forbid-component-props.d.ts"
    ],
    "ultima_modificacion": "2025-08-01 01:01:47.585932"
  }
}