{
  "003e37711dd840ef9a3c5b2e14e9e717:abperson.abcdp": {
    "app_sintetizada": "003E37711DD840EF9A3C5B2E14E9E717:ABPERSON.ABCDP",
    "cantidad_archivos": 1,
    "archivos_fuente": [
      "Library/Application Support/AddressBook/Sources/09AE88BC-62E0-40DE-B231-E4067BB75204/Metadata/003E3771-1DD8-40EF-9A3C-5B2E14E9E717:ABPerson.abcdp"
    ],
    "ultima_modificacion": "2025-08-01 01:01:43.879217"
  },
  "32d5e14efa3f4e78807cd29c7d3387a3:abperson.abcdp": {
    "app_sintetizada": "32D5E14EFA3F4E78807CD29C7D3387A3:ABPERSON.ABCDP",
    "cantidad_archivos": 1,
    "archivos_fuente": [
      "Library/Application Support/AddressBook/Sources/09AE88BC-62E0-40DE-B231-E4067BB75204/Metadata/32D5E14E-FA3F-4E78-807C-D29C7D3387A3:ABPerson.abcdp"
    ],
    "ultima_modificacion": "2025-08-01 01:01:43.879460"
  },
  "ff2c385c936745ca8d62e4295a294e38:abperson.abcdp": {
    "app_sintetizada": "FF2C385C936745CA8D62E4295A294E38:ABPERSON.ABCDP",
    "cantidad_archivos": 1,
    "archivos_fuente": [
      "Library/Application Support/AddressBook/Sources/09AE88BC-62E0-40DE-B231-E4067BB75204/Metadata/FF2C385C-9367-45CA-8D62-E4295A294E38:ABPerson.abcdp"
    ],
    "ultima_modificacion": "2025-08-01 01:01:43.879863"
  },
  "2f9c6a51e8b74609855d522539427611:abperson.abcdp": {
    "app_sintetizada": "2F9C6A51E8B74609855D522539427611:ABPERSON.ABCDP",
    "cantidad_archivos": 1,
    "archivos_fuente": [
      "Library/Application Support/AddressBook/Sources/09AE88BC-62E0-40DE-B231-E4067BB75204/Metadata/2F9C6A51-E8B7-4609-855D-522539427611:ABPerson.abcdp"
    ],
    "ultima_modificacion": "2025-08-01 01:01:43.880185"
  },
  "7bd40836bb6f4c3d8a026b298327825d:abperson.abcdp": {
    "app_sintetizada": "7BD40836BB6F4C3D8A026B298327825D:ABPERSON.ABCDP",
    "cantidad_archivos": 1,
    "archivos_fuente": [
      "Library/Application Support/AddressBook/Sources/09AE88BC-62E0-40DE-B231-E4067BB75204/Metadata/7BD40836-BB6F-4C3D-8A02-6B298327825D:ABPerson.abcdp"
    ],
    "ultima_modificacion": "2025-08-01 01:01:43.880455"
  },
  "ee5f51648a1541a183b38511070160ce:abperson.abcdp": {
    "app_sintetizada": "EE5F51648A1541A183B38511070160CE:ABPERSON.ABCDP",
    "cantidad_archivos": 1,
    "archivos_fuente": [
      "Library/Application Support/AddressBook/Sources/09AE88BC-62E0-40DE-B231-E4067BB75204/Metadata/EE5F5164-8A15-41A1-83B3-8511070160CE:ABPerson.abcdp"
    ],
    "ultima_modificacion": "2025-08-01 01:01:43.880711"
  },
  "72433d295ec6404b898673e09ef1d965:abperson.abcdp": {
    "app_sintetizada": "72433D295EC6404B898673E09EF1D965:ABPERSON.ABCDP",
    "cantidad_archivos": 1,
    "archivos_fuente": [
      "Library/Application Support/AddressBook/Sources/09AE88BC-62E0-40DE-B231-E4067BB75204/Metadata/72433D29-5EC6-404B-8986-73E09EF1D965:ABPerson.abcdp"
    ],
    "ultima_modificacion": "2025-08-01 01:01:43.880978"
  },
  "12b2979bce7b4a4bbc9cf1e372998919:abperson.abcdp": {
    "app_sintetizada": "12B2979BCE7B4A4BBC9CF1E372998919:ABPERSON.ABCDP",
    "cantidad_archivos": 1,
    "archivos_fuente": [
      "Library/Application Support/AddressBook/Sources/09AE88BC-62E0-40DE-B231-E4067BB75204/Metadata/12B2979B-CE7B-4A4B-BC9C-F1E372998919:ABPerson.abcdp"
    ],
    "ultima_modificacion": "2025-08-01 01:01:43.881227"
  },
  "605395e820f941809ffc71cf3b27599c:abperson.abcdp": {
    "app_sintetizada": "605395E820F941809FFC71CF3B27599C:ABPERSON.ABCDP",
    "cantidad_archivos": 1,
    "archivos_fuente": [
      "Library/Application Support/AddressBook/Sources/09AE88BC-62E0-40DE-B231-E4067BB75204/Metadata/605395E8-20F9-4180-9FFC-71CF3B27599C:ABPerson.abcdp"
    ],
    "ultima_modificacion": "2025-08-01 01:01:43.881477"
  },
  "c257772283e94bd0a10afa71746fd9a4:abperson.abcdp": {
    "app_sintetizada": "C257772283E94BD0A10AFA71746FD9A4:ABPERSON.ABCDP",
    "cantidad_archivos": 1,
    "archivos_fuente": [
      "Library/Application Support/AddressBook/Sources/09AE88BC-62E0-40DE-B231-E4067BB75204/Metadata/C2577722-83E9-4BD0-A10A-FA71746FD9A4:ABPerson.abcdp"
    ],
    "ultima_modificacion": "2025-08-01 01:01:43.881759"
  },
  "4451cc186dce4851a9668c48d3912694:abperson.abcdp": {
    "app_sintetizada": "4451CC186DCE4851A9668C48D3912694:ABPERSON.ABCDP",
    "cantidad_archivos": 1,
    "archivos_fuente": [
      "Library/Application Support/AddressBook/Sources/09AE88BC-62E0-40DE-B231-E4067BB75204/Metadata/4451CC18-6DCE-4851-A966-8C48D3912694:ABPerson.abcdp"
    ],
    "ultima_modificacion": "2025-08-01 01:01:43.882003"
  },
  "c2daa3acf92e445e925a43e5fcf7a324:abinfo.abcdi": {
    "app_sintetizada": "C2DAA3ACF92E445E925A43E5FCF7A324:ABINFO.ABCDI",
    "cantidad_archivos": 1,
    "archivos_fuente": [
      "Library/Application Support/AddressBook/Sources/09AE88BC-62E0-40DE-B231-E4067BB75204/Metadata/C2DAA3AC-F92E-445E-925A-43E5FCF7A324:ABInfo.abcdi"
    ],
    "ultima_modificacion": "2025-08-01 01:01:43.882274"
  },
  "1b3e9435c83048dfb7e9eff0bf454e12:abperson.abcdp": {
    "app_sintetizada": "1B3E9435C83048DFB7E9EFF0BF454E12:ABPERSON.ABCDP",
    "cantidad_archivos": 1,
    "archivos_fuente": [
      "Library/Application Support/AddressBook/Sources/09AE88BC-62E0-40DE-B231-E4067BB75204/Metadata/1B3E9435-C830-48DF-B7E9-EFF0BF454E12:ABPerson.abcdp"
    ],
    "ultima_modificacion": "2025-08-01 01:01:43.882536"
  },
  "3f6c77186ffc439a9f99a250f6c0b6fb:abperson.abcdp": {
    "app_sintetizada": "3F6C77186FFC439A9F99A250F6C0B6FB:ABPERSON.ABCDP",
    "cantidad_archivos": 1,
    "archivos_fuente": [
      "Library/Application Support/AddressBook/Sources/09AE88BC-62E0-40DE-B231-E4067BB75204/Metadata/3F6C7718-6FFC-439A-9F99-A250F6C0B6FB:ABPerson.abcdp"
    ],
    "ultima_modificacion": "2025-08-01 01:01:43.882778"
  },
  "c5e02cbb5f8b41418e7895917e98eee6:abperson.abcdp": {
    "app_sintetizada": "C5E02CBB5F8B41418E7895917E98EEE6:ABPERSON.ABCDP",
    "cantidad_archivos": 1,
    "archivos_fuente": [
      "Library/Application Support/AddressBook/Sources/09AE88BC-62E0-40DE-B231-E4067BB75204/Metadata/C5E02CBB-5F8B-4141-8E78-95917E98EEE6:ABPerson.abcdp"
    ],
    "ultima_modificacion": "2025-08-01 01:01:43.883035"
  },
  "aa1126c4e83f41e296430d9c0d611b79:abperson.abcdp": {
    "app_sintetizada": "AA1126C4E83F41E296430D9C0D611B79:ABPERSON.ABCDP",
    "cantidad_archivos": 1,
    "archivos_fuente": [
      "Library/Application Support/AddressBook/Sources/09AE88BC-62E0-40DE-B231-E4067BB75204/Metadata/AA1126C4-E83F-41E2-9643-0D9C0D611B79:ABPerson.abcdp"
    ],
    "ultima_modificacion": "2025-08-01 01:01:43.883381"
  },
  "5328093b7d474456af89ea51884f01c0:abperson.abcdp": {
    "app_sintetizada": "5328093B7D474456AF89EA51884F01C0:ABPERSON.ABCDP",
    "cantidad_archivos": 1,
    "archivos_fuente": [
      "Library/Application Support/AddressBook/Sources/09AE88BC-62E0-40DE-B231-E4067BB75204/Metadata/5328093B-7D47-4456-AF89-EA51884F01C0:ABPerson.abcdp"
    ],
    "ultima_modificacion": "2025-08-01 01:01:43.883604"
  },
  "f88dc61088e14cbc8d2b4e73832bfc65:abperson.abcdp": {
    "app_sintetizada": "F88DC61088E14CBC8D2B4E73832BFC65:ABPERSON.ABCDP",
    "cantidad_archivos": 1,
    "archivos_fuente": [
      "Library/Application Support/AddressBook/Sources/09AE88BC-62E0-40DE-B231-E4067BB75204/Metadata/F88DC610-88E1-4CBC-8D2B-4E73832BFC65:ABPerson.abcdp"
    ],
    "ultima_modificacion": "2025-08-01 01:01:43.883819"
  },
  "606eec3281c944d8a5d8a80edef46d61:abperson.abcdp": {
    "app_sintetizada": "606EEC3281C944D8A5D8A80EDEF46D61:ABPERSON.ABCDP",
    "cantidad_archivos": 1,
    "archivos_fuente": [
      "Library/Application Support/AddressBook/Sources/09AE88BC-62E0-40DE-B231-E4067BB75204/Metadata/606EEC32-81C9-44D8-A5D8-A80EDEF46D61:ABPerson.abcdp"
    ],
    "ultima_modificacion": "2025-08-01 01:01:43.884040"
  },
  "5a04171393f544599a8df858a91a881f:abperson.abcdp": {
    "app_sintetizada": "5A04171393F544599A8DF858A91A881F:ABPERSON.ABCDP",
    "cantidad_archivos": 1,
    "archivos_fuente": [
      "Library/Application Support/AddressBook/Sources/09AE88BC-62E0-40DE-B231-E4067BB75204/Metadata/5A041713-93F5-4459-9A8D-F858A91A881F:ABPerson.abcdp"
    ],
    "ultima_modificacion": "2025-08-01 01:01:43.884237"
  },
  "6e3d96973b5e4cb398ad7ce7bd5549f2:abperson.abcdp": {
    "app_sintetizada": "6E3D96973B5E4CB398AD7CE7BD5549F2:ABPERSON.ABCDP",
    "cantidad_archivos": 1,
    "archivos_fuente": [
      "Library/Application Support/AddressBook/Sources/09AE88BC-62E0-40DE-B231-E4067BB75204/Metadata/6E3D9697-3B5E-4CB3-98AD-7CE7BD5549F2:ABPerson.abcdp"
    ],
    "ultima_modificacion": "2025-08-01 01:01:43.884442"
  },
  "e61f3ad6f42b41f888040a15683c4b37:abperson.abcdp": {
    "app_sintetizada": "E61F3AD6F42B41F888040A15683C4B37:ABPERSON.ABCDP",
    "cantidad_archivos": 1,
    "archivos_fuente": [
      "Library/Application Support/AddressBook/Sources/09AE88BC-62E0-40DE-B231-E4067BB75204/Metadata/E61F3AD6-F42B-41F8-8804-0A15683C4B37:ABPerson.abcdp"
    ],
    "ultima_modificacion": "2025-08-01 01:01:43.884632"
  },
  "b5ccf9f20b604aa1b15514a34cebcb69:abperson.abcdp": {
    "app_sintetizada": "B5CCF9F20B604AA1B15514A34CEBCB69:ABPERSON.ABCDP",
    "cantidad_archivos": 1,
    "archivos_fuente": [
      "Library/Application Support/AddressBook/Sources/09AE88BC-62E0-40DE-B231-E4067BB75204/Metadata/B5CCF9F2-0B60-4AA1-B155-14A34CEBCB69:ABPerson.abcdp"
    ],
    "ultima_modificacion": "2025-08-01 01:01:43.884832"
  },
  "53c19a229b2447a582cf7c112cd73146:abperson.abcdp": {
    "app_sintetizada": "53C19A229B2447A582CF7C112CD73146:ABPERSON.ABCDP",
    "cantidad_archivos": 1,
    "archivos_fuente": [
      "Library/Application Support/AddressBook/Sources/09AE88BC-62E0-40DE-B231-E4067BB75204/Metadata/53C19A22-9B24-47A5-82CF-7C112CD73146:ABPerson.abcdp"
    ],
    "ultima_modificacion": "2025-08-01 01:01:43.885037"
  },
  "455db348622c4905afe107049852acad:abperson.abcdp": {
    "app_sintetizada": "455DB348622C4905AFE107049852ACAD:ABPERSON.ABCDP",
    "cantidad_archivos": 1,
    "archivos_fuente": [
      "Library/Application Support/AddressBook/Sources/09AE88BC-62E0-40DE-B231-E4067BB75204/Metadata/455DB348-622C-4905-AFE1-07049852ACAD:ABPerson.abcdp"
    ],
    "ultima_modificacion": "2025-08-01 01:01:43.885245"
  },
  "5dc1527be3914bb7ab05f6120d1a4767:abperson.abcdp": {
    "app_sintetizada": "5DC1527BE3914BB7AB05F6120D1A4767:ABPERSON.ABCDP",
    "cantidad_archivos": 1,
    "archivos_fuente": [
      "Library/Application Support/AddressBook/Sources/09AE88BC-62E0-40DE-B231-E4067BB75204/Metadata/5DC1527B-E391-4BB7-AB05-F6120D1A4767:ABPerson.abcdp"
    ],
    "ultima_modificacion": "2025-08-01 01:01:43.885479"
  },
  "52af18ee11ae403286727508c14a102a:abperson.abcdp": {
    "app_sintetizada": "52AF18EE11AE403286727508C14A102A:ABPERSON.ABCDP",
    "cantidad_archivos": 1,
    "archivos_fuente": [
      "Library/Application Support/AddressBook/Sources/09AE88BC-62E0-40DE-B231-E4067BB75204/Metadata/52AF18EE-11AE-4032-8672-7508C14A102A:ABPerson.abcdp"
    ],
    "ultima_modificacion": "2025-08-01 01:01:43.885782"
  },
  "98d2a1b5e94e4439a557823d8539550e:abperson.abcdp": {
    "app_sintetizada": "98D2A1B5E94E4439A557823D8539550E:ABPERSON.ABCDP",
    "cantidad_archivos": 1,
    "archivos_fuente": [
      "Library/Application Support/AddressBook/Sources/09AE88BC-62E0-40DE-B231-E4067BB75204/Metadata/98D2A1B5-E94E-4439-A557-823D8539550E:ABPerson.abcdp"
    ],
    "ultima_modificacion": "2025-08-01 01:01:43.886006"
  },
  "f093665d88814e4198a607b28eca4da6:abperson.abcdp": {
    "app_sintetizada": "F093665D88814E4198A607B28ECA4DA6:ABPERSON.ABCDP",
    "cantidad_archivos": 1,
    "archivos_fuente": [
      "Library/Application Support/AddressBook/Sources/09AE88BC-62E0-40DE-B231-E4067BB75204/Metadata/F093665D-8881-4E41-98A6-07B28ECA4DA6:ABPerson.abcdp"
    ],
    "ultima_modificacion": "2025-08-01 01:01:43.886298"
  },
  "3f65ac685e984217870c66b04710c724:abperson.abcdp": {
    "app_sintetizada": "3F65AC685E984217870C66B04710C724:ABPERSON.ABCDP",
    "cantidad_archivos": 1,
    "archivos_fuente": [
      "Library/Application Support/AddressBook/Sources/09AE88BC-62E0-40DE-B231-E4067BB75204/Metadata/3F65AC68-5E98-4217-870C-66B04710C724:ABPerson.abcdp"
    ],
    "ultima_modificacion": "2025-08-01 01:01:43.886520"
  },
  "896157b6cd4247a496051c805d1bb0b8:abperson.abcdp": {
    "app_sintetizada": "896157B6CD4247A496051C805D1BB0B8:ABPERSON.ABCDP",
    "cantidad_archivos": 1,
    "archivos_fuente": [
      "Library/Application Support/AddressBook/Sources/09AE88BC-62E0-40DE-B231-E4067BB75204/Metadata/896157B6-CD42-47A4-9605-1C805D1BB0B8:ABPerson.abcdp"
    ],
    "ultima_modificacion": "2025-08-01 01:01:43.886758"
  },
  "59df8147bbd3471fbe1bc5e635209ac6:abperson.abcdp": {
    "app_sintetizada": "59DF8147BBD3471FBE1BC5E635209AC6:ABPERSON.ABCDP",
    "cantidad_archivos": 1,
    "archivos_fuente": [
      "Library/Application Support/AddressBook/Sources/09AE88BC-62E0-40DE-B231-E4067BB75204/Metadata/59DF8147-BBD3-471F-BE1B-C5E635209AC6:ABPerson.abcdp"
    ],
    "ultima_modificacion": "2025-08-01 01:01:43.887062"
  },
  "cc61a47778e3477ea5d0b8a7272e42c1:abperson.abcdp": {
    "app_sintetizada": "CC61A47778E3477EA5D0B8A7272E42C1:ABPERSON.ABCDP",
    "cantidad_archivos": 1,
    "archivos_fuente": [
      "Library/Application Support/AddressBook/Sources/09AE88BC-62E0-40DE-B231-E4067BB75204/Metadata/CC61A477-78E3-477E-A5D0-B8A7272E42C1:ABPerson.abcdp"
    ],
    "ultima_modificacion": "2025-08-01 01:01:43.887366"
  },
  "2473069302b241ea8bb4c76b0fa355a1:abperson.abcdp": {
    "app_sintetizada": "2473069302B241EA8BB4C76B0FA355A1:ABPERSON.ABCDP",
    "cantidad_archivos": 1,
    "archivos_fuente": [
      "Library/Application Support/AddressBook/Sources/09AE88BC-62E0-40DE-B231-E4067BB75204/Metadata/24730693-02B2-41EA-8BB4-C76B0FA355A1:ABPerson.abcdp"
    ],
    "ultima_modificacion": "2025-08-01 01:01:43.887665"
  },
  "32fd4ec2a95040e1a376cdedf0d9da51:abperson.abcdp": {
    "app_sintetizada": "32FD4EC2A95040E1A376CDEDF0D9DA51:ABPERSON.ABCDP",
    "cantidad_archivos": 1,
    "archivos_fuente": [
      "Library/Application Support/AddressBook/Sources/09AE88BC-62E0-40DE-B231-E4067BB75204/Metadata/32FD4EC2-A950-40E1-A376-CDEDF0D9DA51:ABPerson.abcdp"
    ],
    "ultima_modificacion": "2025-08-01 01:01:43.887968"
  },
  "f859b05b26784612ac3e2ead97bcbcc2:abperson.abcdp": {
    "app_sintetizada": "F859B05B26784612AC3E2EAD97BCBCC2:ABPERSON.ABCDP",
    "cantidad_archivos": 1,
    "archivos_fuente": [
      "Library/Application Support/AddressBook/Sources/09AE88BC-62E0-40DE-B231-E4067BB75204/Metadata/F859B05B-2678-4612-AC3E-2EAD97BCBCC2:ABPerson.abcdp"
    ],
    "ultima_modificacion": "2025-08-01 01:01:43.888265"
  },
  "e29bfb727b1f4230b02e86c2542f963e:abperson.abcdp": {
    "app_sintetizada": "E29BFB727B1F4230B02E86C2542F963E:ABPERSON.ABCDP",
    "cantidad_archivos": 1,
    "archivos_fuente": [
      "Library/Application Support/AddressBook/Sources/09AE88BC-62E0-40DE-B231-E4067BB75204/Metadata/E29BFB72-7B1F-4230-B02E-86C2542F963E:ABPerson.abcdp"
    ],
    "ultima_modificacion": "2025-08-01 01:01:43.888564"
  },
  "68709821b1f64bffbd306b451a4267a8:abperson.abcdp": {
    "app_sintetizada": "68709821B1F64BFFBD306B451A4267A8:ABPERSON.ABCDP",
    "cantidad_archivos": 1,
    "archivos_fuente": [
      "Library/Application Support/AddressBook/Sources/09AE88BC-62E0-40DE-B231-E4067BB75204/Metadata/68709821-B1F6-4BFF-BD30-6B451A4267A8:ABPerson.abcdp"
    ],
    "ultima_modificacion": "2025-08-01 01:01:43.888872"
  },
  "ef1064c9517344da87a5fe311026889d:abperson.abcdp": {
    "app_sintetizada": "EF1064C9517344DA87A5FE311026889D:ABPERSON.ABCDP",
    "cantidad_archivos": 1,
    "archivos_fuente": [
      "Library/Application Support/AddressBook/Sources/09AE88BC-62E0-40DE-B231-E4067BB75204/Metadata/EF1064C9-5173-44DA-87A5-FE311026889D:ABPerson.abcdp"
    ],
    "ultima_modificacion": "2025-08-01 01:01:43.889185"
  },
  "9b6167caf1ea4d83ad3637b8fd07672a:abperson.abcdp": {
    "app_sintetizada": "9B6167CAF1EA4D83AD3637B8FD07672A:ABPERSON.ABCDP",
    "cantidad_archivos": 1,
    "archivos_fuente": [
      "Library/Application Support/AddressBook/Sources/09AE88BC-62E0-40DE-B231-E4067BB75204/Metadata/9B6167CA-F1EA-4D83-AD36-37B8FD07672A:ABPerson.abcdp"
    ],
    "ultima_modificacion": "2025-08-01 01:01:43.889544"
  },
  "4187a892f3ff46a6817ffe27d05a6058:abperson.abcdp": {
    "app_sintetizada": "4187A892F3FF46A6817FFE27D05A6058:ABPERSON.ABCDP",
    "cantidad_archivos": 1,
    "archivos_fuente": [
      "Library/Application Support/AddressBook/Sources/09AE88BC-62E0-40DE-B231-E4067BB75204/Metadata/4187A892-F3FF-46A6-817F-FE27D05A6058:ABPerson.abcdp"
    ],
    "ultima_modificacion": "2025-08-01 01:01:43.889862"
  },
  "06b68511f19f49ea8e271a3709452212:abperson.abcdp": {
    "app_sintetizada": "06B68511F19F49EA8E271A3709452212:ABPERSON.ABCDP",
    "cantidad_archivos": 1,
    "archivos_fuente": [
      "Library/Application Support/AddressBook/Sources/09AE88BC-62E0-40DE-B231-E4067BB75204/Metadata/06B68511-F19F-49EA-8E27-1A3709452212:ABPerson.abcdp"
    ],
    "ultima_modificacion": "2025-08-01 01:01:43.890187"
  },
  "e8010656ec2f4b9aa0a407ce00afdb2f:abperson.abcdp": {
    "app_sintetizada": "E8010656EC2F4B9AA0A407CE00AFDB2F:ABPERSON.ABCDP",
    "cantidad_archivos": 1,
    "archivos_fuente": [
      "Library/Application Support/AddressBook/Sources/09AE88BC-62E0-40DE-B231-E4067BB75204/Metadata/E8010656-EC2F-4B9A-A0A4-07CE00AFDB2F:ABPerson.abcdp"
    ],
    "ultima_modificacion": "2025-08-01 01:01:43.890537"
  },
  "df6ab7a1a39247458d1853d44f1750d9:abperson.abcdp": {
    "app_sintetizada": "DF6AB7A1A39247458D1853D44F1750D9:ABPERSON.ABCDP",
    "cantidad_archivos": 1,
    "archivos_fuente": [
      "Library/Application Support/AddressBook/Sources/09AE88BC-62E0-40DE-B231-E4067BB75204/Metadata/DF6AB7A1-A392-4745-8D18-53D44F1750D9:ABPerson.abcdp"
    ],
    "ultima_modificacion": "2025-08-01 01:01:43.890865"
  },
  "0b8aecf0e4a943a48cf8968a5a6bc9f1:abperson.abcdp": {
    "app_sintetizada": "0B8AECF0E4A943A48CF8968A5A6BC9F1:ABPERSON.ABCDP",
    "cantidad_archivos": 1,
    "archivos_fuente": [
      "Library/Application Support/AddressBook/Sources/09AE88BC-62E0-40DE-B231-E4067BB75204/Metadata/0B8AECF0-E4A9-43A4-8CF8-968A5A6BC9F1:ABPerson.abcdp"
    ],
    "ultima_modificacion": "2025-08-01 01:01:43.891209"
  },
  "712d8dae664749028b96d72329cc651f:abperson.abcdp": {
    "app_sintetizada": "712D8DAE664749028B96D72329CC651F:ABPERSON.ABCDP",
    "cantidad_archivos": 1,
    "archivos_fuente": [
      "Library/Application Support/AddressBook/Sources/09AE88BC-62E0-40DE-B231-E4067BB75204/Metadata/712D8DAE-6647-4902-8B96-D72329CC651F:ABPerson.abcdp"
    ],
    "ultima_modificacion": "2025-08-01 01:01:43.891523"
  },
  "ec7ea16f47364432a4acd986ffa7f1ea:abperson.abcdp": {
    "app_sintetizada": "EC7EA16F47364432A4ACD986FFA7F1EA:ABPERSON.ABCDP",
    "cantidad_archivos": 1,
    "archivos_fuente": [
      "Library/Application Support/AddressBook/Sources/09AE88BC-62E0-40DE-B231-E4067BB75204/Metadata/EC7EA16F-4736-4432-A4AC-D986FFA7F1EA:ABPerson.abcdp"
    ],
    "ultima_modificacion": "2025-08-01 01:01:43.891802"
  },
  "dd3fb9143942474f9d820893f3fde366:abperson.abcdp": {
    "app_sintetizada": "DD3FB9143942474F9D820893F3FDE366:ABPERSON.ABCDP",
    "cantidad_archivos": 1,
    "archivos_fuente": [
      "Library/Application Support/AddressBook/Sources/09AE88BC-62E0-40DE-B231-E4067BB75204/Metadata/DD3FB914-3942-474F-9D82-0893F3FDE366:ABPerson.abcdp"
    ],
    "ultima_modificacion": "2025-08-01 01:01:43.892134"
  },
  "8a62e3c7549f47a4902e928508e4f494:abperson.abcdp": {
    "app_sintetizada": "8A62E3C7549F47A4902E928508E4F494:ABPERSON.ABCDP",
    "cantidad_archivos": 1,
    "archivos_fuente": [
      "Library/Application Support/AddressBook/Sources/09AE88BC-62E0-40DE-B231-E4067BB75204/Metadata/8A62E3C7-549F-47A4-902E-928508E4F494:ABPerson.abcdp"
    ],
    "ultima_modificacion": "2025-08-01 01:01:43.892465"
  },
  "b49f64cca5254c2caec2af2c00e2e1c1:abperson.abcdp": {
    "app_sintetizada": "B49F64CCA5254C2CAEC2AF2C00E2E1C1:ABPERSON.ABCDP",
    "cantidad_archivos": 1,
    "archivos_fuente": [
      "Library/Application Support/AddressBook/Sources/09AE88BC-62E0-40DE-B231-E4067BB75204/Metadata/B49F64CC-A525-4C2C-AEC2-AF2C00E2E1C1:ABPerson.abcdp"
    ],
    "ultima_modificacion": "2025-08-01 01:01:43.892775"
  },
  "3336147a2b824f698765a8aaacca1b4d:abperson.abcdp": {
    "app_sintetizada": "3336147A2B824F698765A8AAACCA1B4D:ABPERSON.ABCDP",
    "cantidad_archivos": 1,
    "archivos_fuente": [
      "Library/Application Support/AddressBook/Sources/09AE88BC-62E0-40DE-B231-E4067BB75204/Metadata/3336147A-2B82-4F69-8765-A8AAACCA1B4D:ABPerson.abcdp"
    ],
    "ultima_modificacion": "2025-08-01 01:01:43.893097"
  },
  "99e9458ed33e484badf4e2577918ab43:abperson.abcdp": {
    "app_sintetizada": "99E9458ED33E484BADF4E2577918AB43:ABPERSON.ABCDP",
    "cantidad_archivos": 1,
    "archivos_fuente": [
      "Library/Application Support/AddressBook/Sources/09AE88BC-62E0-40DE-B231-E4067BB75204/Metadata/99E9458E-D33E-484B-ADF4-E2577918AB43:ABPerson.abcdp"
    ],
    "ultima_modificacion": "2025-08-01 01:01:43.893482"
  },
  "d49bddbdc3204a39a9f35fc414902a3b:abperson.abcdp": {
    "app_sintetizada": "D49BDDBDC3204A39A9F35FC414902A3B:ABPERSON.ABCDP",
    "cantidad_archivos": 1,
    "archivos_fuente": [
      "Library/Application Support/AddressBook/Sources/09AE88BC-62E0-40DE-B231-E4067BB75204/Metadata/D49BDDBD-C320-4A39-A9F3-5FC414902A3B:ABPerson.abcdp"
    ],
    "ultima_modificacion": "2025-08-01 01:01:43.893822"
  },
  "25fcc3b508be40ed9a8776ae1b9d9272:abperson.abcdp": {
    "app_sintetizada": "25FCC3B508BE40ED9A8776AE1B9D9272:ABPERSON.ABCDP",
    "cantidad_archivos": 1,
    "archivos_fuente": [
      "Library/Application Support/AddressBook/Sources/09AE88BC-62E0-40DE-B231-E4067BB75204/Metadata/25FCC3B5-08BE-40ED-9A87-76AE1B9D9272:ABPerson.abcdp"
    ],
    "ultima_modificacion": "2025-08-01 01:01:43.894132"
  },
  "241886df01804ab9a937c9bf636fecfb:abperson.abcdp": {
    "app_sintetizada": "241886DF01804AB9A937C9BF636FECFB:ABPERSON.ABCDP",
    "cantidad_archivos": 1,
    "archivos_fuente": [
      "Library/Application Support/AddressBook/Sources/09AE88BC-62E0-40DE-B231-E4067BB75204/Metadata/241886DF-0180-4AB9-A937-C9BF636FECFB:ABPerson.abcdp"
    ],
    "ultima_modificacion": "2025-08-01 01:01:43.894443"
  },
  "03279cc7abae4cb3b35abb1a9275d5c6:abperson.abcdp": {
    "app_sintetizada": "03279CC7ABAE4CB3B35ABB1A9275D5C6:ABPERSON.ABCDP",
    "cantidad_archivos": 1,
    "archivos_fuente": [
      "Library/Application Support/AddressBook/Sources/09AE88BC-62E0-40DE-B231-E4067BB75204/Metadata/03279CC7-ABAE-4CB3-B35A-BB1A9275D5C6:ABPerson.abcdp"
    ],
    "ultima_modificacion": "2025-08-01 01:01:43.894757"
  },
  "10c6723dd5d54fadb4fdddd1d8594764:abperson.abcdp": {
    "app_sintetizada": "10C6723DD5D54FADB4FDDDD1D8594764:ABPERSON.ABCDP",
    "cantidad_archivos": 1,
    "archivos_fuente": [
      "Library/Application Support/AddressBook/Sources/09AE88BC-62E0-40DE-B231-E4067BB75204/Metadata/10C6723D-D5D5-4FAD-B4FD-DDD1D8594764:ABPerson.abcdp"
    ],
    "ultima_modificacion": "2025-08-01 01:01:43.895121"
  },
  "42df28bb087f47e6be1bc9801cb1f358:abperson.abcdp": {
    "app_sintetizada": "42DF28BB087F47E6BE1BC9801CB1F358:ABPERSON.ABCDP",
    "cantidad_archivos": 1,
    "archivos_fuente": [
      "Library/Application Support/AddressBook/Sources/09AE88BC-62E0-40DE-B231-E4067BB75204/Metadata/42DF28BB-087F-47E6-BE1B-C9801CB1F358:ABPerson.abcdp"
    ],
    "ultima_modificacion": "2025-08-01 01:01:43.895449"
  },
  "5bd0f143d16847aa98294fb6f959fa34:abperson.abcdp": {
    "app_sintetizada": "5BD0F143D16847AA98294FB6F959FA34:ABPERSON.ABCDP",
    "cantidad_archivos": 1,
    "archivos_fuente": [
      "Library/Application Support/AddressBook/Sources/09AE88BC-62E0-40DE-B231-E4067BB75204/Metadata/5BD0F143-D168-47AA-9829-4FB6F959FA34:ABPerson.abcdp"
    ],
    "ultima_modificacion": "2025-08-01 01:01:43.895760"
  },
  "4d0260f7ab4245bd8f995c93f830787d:abperson.abcdp": {
    "app_sintetizada": "4D0260F7AB4245BD8F995C93F830787D:ABPERSON.ABCDP",
    "cantidad_archivos": 1,
    "archivos_fuente": [
      "Library/Application Support/AddressBook/Sources/09AE88BC-62E0-40DE-B231-E4067BB75204/Metadata/4D0260F7-AB42-45BD-8F99-5C93F830787D:ABPerson.abcdp"
    ],
    "ultima_modificacion": "2025-08-01 01:01:43.896103"
  },
  "1c844ce3b6004b909ea4e1749a62db4a:abperson.abcdp": {
    "app_sintetizada": "1C844CE3B6004B909EA4E1749A62DB4A:ABPERSON.ABCDP",
    "cantidad_archivos": 1,
    "archivos_fuente": [
      "Library/Application Support/AddressBook/Sources/09AE88BC-62E0-40DE-B231-E4067BB75204/Metadata/1C844CE3-B600-4B90-9EA4-E1749A62DB4A:ABPerson.abcdp"
    ],
    "ultima_modificacion": "2025-08-01 01:01:43.896414"
  },
  "746a376e32e24268bc879cefdaed89bd:abperson.abcdp": {
    "app_sintetizada": "746A376E32E24268BC879CEFDAED89BD:ABPERSON.ABCDP",
    "cantidad_archivos": 1,
    "archivos_fuente": [
      "Library/Application Support/AddressBook/Sources/09AE88BC-62E0-40DE-B231-E4067BB75204/Metadata/746A376E-32E2-4268-BC87-9CEFDAED89BD:ABPerson.abcdp"
    ],
    "ultima_modificacion": "2025-08-01 01:01:43.896768"
  },
  "54780808350540e1a72166eefddd6ea0:abperson.abcdp": {
    "app_sintetizada": "54780808350540E1A72166EEFDDD6EA0:ABPERSON.ABCDP",
    "cantidad_archivos": 1,
    "archivos_fuente": [
      "Library/Application Support/AddressBook/Sources/09AE88BC-62E0-40DE-B231-E4067BB75204/Metadata/54780808-3505-40E1-A721-66EEFDDD6EA0:ABPerson.abcdp"
    ],
    "ultima_modificacion": "2025-08-01 01:01:43.897157"
  },
  "99ebaa1448df4038975a85d7192921b7:abperson.abcdp": {
    "app_sintetizada": "99EBAA1448DF4038975A85D7192921B7:ABPERSON.ABCDP",
    "cantidad_archivos": 1,
    "archivos_fuente": [
      "Library/Application Support/AddressBook/Sources/09AE88BC-62E0-40DE-B231-E4067BB75204/Metadata/99EBAA14-48DF-4038-975A-85D7192921B7:ABPerson.abcdp"
    ],
    "ultima_modificacion": "2025-08-01 01:01:43.897477"
  },
  "516b2d6cf2a44457b3745ef828a3745d:abperson.abcdp": {
    "app_sintetizada": "516B2D6CF2A44457B3745EF828A3745D:ABPERSON.ABCDP",
    "cantidad_archivos": 1,
    "archivos_fuente": [
      "Library/Application Support/AddressBook/Sources/09AE88BC-62E0-40DE-B231-E4067BB75204/Metadata/516B2D6C-F2A4-4457-B374-5EF828A3745D:ABPerson.abcdp"
    ],
    "ultima_modificacion": "2025-08-01 01:01:43.897806"
  },
  "2d83d5608abe40588ace167cc59928c3:abperson.abcdp": {
    "app_sintetizada": "2D83D5608ABE40588ACE167CC59928C3:ABPERSON.ABCDP",
    "cantidad_archivos": 1,
    "archivos_fuente": [
      "Library/Application Support/AddressBook/Sources/09AE88BC-62E0-40DE-B231-E4067BB75204/Metadata/2D83D560-8ABE-4058-8ACE-167CC59928C3:ABPerson.abcdp"
    ],
    "ultima_modificacion": "2025-08-01 01:01:43.898119"
  },
  "78cc4150261c4838a91a36445c05e973:abperson.abcdp": {
    "app_sintetizada": "78CC4150261C4838A91A36445C05E973:ABPERSON.ABCDP",
    "cantidad_archivos": 1,
    "archivos_fuente": [
      "Library/Application Support/AddressBook/Sources/09AE88BC-62E0-40DE-B231-E4067BB75204/Metadata/78CC4150-261C-4838-A91A-36445C05E973:ABPerson.abcdp"
    ],
    "ultima_modificacion": "2025-08-01 01:01:43.898432"
  },
  "1372e8d01a9645568241884970144eb4:abperson.abcdp": {
    "app_sintetizada": "1372E8D01A9645568241884970144EB4:ABPERSON.ABCDP",
    "cantidad_archivos": 1,
    "archivos_fuente": [
      "Library/Application Support/AddressBook/Sources/09AE88BC-62E0-40DE-B231-E4067BB75204/Metadata/1372E8D0-1A96-4556-8241-884970144EB4:ABPerson.abcdp"
    ],
    "ultima_modificacion": "2025-08-01 01:01:43.898784"
  },
  "27fb2fd5cd404d659510545e161da72e:abperson.abcdp": {
    "app_sintetizada": "27FB2FD5CD404D659510545E161DA72E:ABPERSON.ABCDP",
    "cantidad_archivos": 1,
    "archivos_fuente": [
      "Library/Application Support/AddressBook/Sources/09AE88BC-62E0-40DE-B231-E4067BB75204/Metadata/27FB2FD5-CD40-4D65-9510-545E161DA72E:ABPerson.abcdp"
    ],
    "ultima_modificacion": "2025-08-01 01:01:43.899119"
  },
  "64217a5c1baf495891336e8249cf07e6:abperson.abcdp": {
    "app_sintetizada": "64217A5C1BAF495891336E8249CF07E6:ABPERSON.ABCDP",
    "cantidad_archivos": 1,
    "archivos_fuente": [
      "Library/Application Support/AddressBook/Sources/09AE88BC-62E0-40DE-B231-E4067BB75204/Metadata/64217A5C-1BAF-4958-9133-6E8249CF07E6:ABPerson.abcdp"
    ],
    "ultima_modificacion": "2025-08-01 01:01:43.899447"
  },
  "7cb5964c22ca4feca70393659663b9b4:abperson.abcdp": {
    "app_sintetizada": "7CB5964C22CA4FECA70393659663B9B4:ABPERSON.ABCDP",
    "cantidad_archivos": 1,
    "archivos_fuente": [
      "Library/Application Support/AddressBook/Sources/09AE88BC-62E0-40DE-B231-E4067BB75204/Metadata/7CB5964C-22CA-4FEC-A703-93659663B9B4:ABPerson.abcdp"
    ],
    "ultima_modificacion": "2025-08-01 01:01:43.899785"
  },
  "5aff2bbd0e274eefa4b403735342f2e6:abperson.abcdp": {
    "app_sintetizada": "5AFF2BBD0E274EEFA4B403735342F2E6:ABPERSON.ABCDP",
    "cantidad_archivos": 1,
    "archivos_fuente": [
      "Library/Application Support/AddressBook/Sources/09AE88BC-62E0-40DE-B231-E4067BB75204/Metadata/5AFF2BBD-0E27-4EEF-A4B4-03735342F2E6:ABPerson.abcdp"
    ],
    "ultima_modificacion": "2025-08-01 01:01:43.900106"
  },
  "4531ea40e6ea41d18686eea852ae6960:abperson.abcdp": {
    "app_sintetizada": "4531EA40E6EA41D18686EEA852AE6960:ABPERSON.ABCDP",
    "cantidad_archivos": 1,
    "archivos_fuente": [
      "Library/Application Support/AddressBook/Sources/09AE88BC-62E0-40DE-B231-E4067BB75204/Metadata/4531EA40-E6EA-41D1-8686-EEA852AE6960:ABPerson.abcdp"
    ],
    "ultima_modificacion": "2025-08-01 01:01:43.900430"
  },
  "9fcfd8ee196a47049d7f68c97917f268:abperson.abcdp": {
    "app_sintetizada": "9FCFD8EE196A47049D7F68C97917F268:ABPERSON.ABCDP",
    "cantidad_archivos": 1,
    "archivos_fuente": [
      "Library/Application Support/AddressBook/Sources/09AE88BC-62E0-40DE-B231-E4067BB75204/Metadata/9FCFD8EE-196A-4704-9D7F-68C97917F268:ABPerson.abcdp"
    ],
    "ultima_modificacion": "2025-08-01 01:01:43.900783"
  },
  "e121e31fa2bf4a82bead4688e0427262:abperson.abcdp": {
    "app_sintetizada": "E121E31FA2BF4A82BEAD4688E0427262:ABPERSON.ABCDP",
    "cantidad_archivos": 1,
    "archivos_fuente": [
      "Library/Application Support/AddressBook/Sources/09AE88BC-62E0-40DE-B231-E4067BB75204/Metadata/E121E31F-A2BF-4A82-BEAD-4688E0427262:ABPerson.abcdp"
    ],
    "ultima_modificacion": "2025-08-01 01:01:43.901126"
  },
  "763058d60d8947c19bb652716c748db4:abperson.abcdp": {
    "app_sintetizada": "763058D60D8947C19BB652716C748DB4:ABPERSON.ABCDP",
    "cantidad_archivos": 1,
    "archivos_fuente": [
      "Library/Application Support/AddressBook/Sources/09AE88BC-62E0-40DE-B231-E4067BB75204/Metadata/763058D6-0D89-47C1-9BB6-52716C748DB4:ABPerson.abcdp"
    ],
    "ultima_modificacion": "2025-08-01 01:01:43.901446"
  },
  "56f5418f0f964bfb91c798875fc8dc42:abperson.abcdp": {
    "app_sintetizada": "56F5418F0F964BFB91C798875FC8DC42:ABPERSON.ABCDP",
    "cantidad_archivos": 1,
    "archivos_fuente": [
      "Library/Application Support/AddressBook/Sources/09AE88BC-62E0-40DE-B231-E4067BB75204/Metadata/56F5418F-0F96-4BFB-91C7-98875FC8DC42:ABPerson.abcdp"
    ],
    "ultima_modificacion": "2025-08-01 01:01:43.901749"
  },
  "01e6bc83be674fbf9916e9a4c0526001:abperson.abcdp": {
    "app_sintetizada": "01E6BC83BE674FBF9916E9A4C0526001:ABPERSON.ABCDP",
    "cantidad_archivos": 1,
    "archivos_fuente": [
      "Library/Application Support/AddressBook/Sources/09AE88BC-62E0-40DE-B231-E4067BB75204/Metadata/01E6BC83-BE67-4FBF-9916-E9A4C0526001:ABPerson.abcdp"
    ],
    "ultima_modificacion": "2025-08-01 01:01:43.902083"
  },
  "91e387fe90f14d96862b19083fea9605:abperson.abcdp": {
    "app_sintetizada": "91E387FE90F14D96862B19083FEA9605:ABPERSON.ABCDP",
    "cantidad_archivos": 1,
    "archivos_fuente": [
      "Library/Application Support/AddressBook/Sources/09AE88BC-62E0-40DE-B231-E4067BB75204/Metadata/91E387FE-90F1-4D96-862B-19083FEA9605:ABPerson.abcdp"
    ],
    "ultima_modificacion": "2025-08-01 01:01:43.902442"
  },
  "63ef8437bf064f45a5ef0545b863b59f:abperson.abcdp": {
    "app_sintetizada": "63EF8437BF064F45A5EF0545B863B59F:ABPERSON.ABCDP",
    "cantidad_archivos": 1,
    "archivos_fuente": [
      "Library/Application Support/AddressBook/Sources/09AE88BC-62E0-40DE-B231-E4067BB75204/Metadata/63EF8437-BF06-4F45-A5EF-0545B863B59F:ABPerson.abcdp"
    ],
    "ultima_modificacion": "2025-08-01 01:01:43.902789"
  },
  "4a9ef5f0775944fcb3e43d56ccbaa099:abperson.abcdp": {
    "app_sintetizada": "4A9EF5F0775944FCB3E43D56CCBAA099:ABPERSON.ABCDP",
    "cantidad_archivos": 1,
    "archivos_fuente": [
      "Library/Application Support/AddressBook/Sources/09AE88BC-62E0-40DE-B231-E4067BB75204/Metadata/4A9EF5F0-7759-44FC-B3E4-3D56CCBAA099:ABPerson.abcdp"
    ],
    "ultima_modificacion": "2025-08-01 01:01:43.903122"
  },
  "3aa187d9a5f244faa3bbef2cb27cdae1:abperson.abcdp": {
    "app_sintetizada": "3AA187D9A5F244FAA3BBEF2CB27CDAE1:ABPERSON.ABCDP",
    "cantidad_archivos": 1,
    "archivos_fuente": [
      "Library/Application Support/AddressBook/Sources/09AE88BC-62E0-40DE-B231-E4067BB75204/Metadata/3AA187D9-A5F2-44FA-A3BB-EF2CB27CDAE1:ABPerson.abcdp"
    ],
    "ultima_modificacion": "2025-08-01 01:01:43.903421"
  },
  "e738075bf5784da884c401dbeaedbad6:abperson.abcdp": {
    "app_sintetizada": "E738075BF5784DA884C401DBEAEDBAD6:ABPERSON.ABCDP",
    "cantidad_archivos": 1,
    "archivos_fuente": [
      "Library/Application Support/AddressBook/Sources/09AE88BC-62E0-40DE-B231-E4067BB75204/Metadata/E738075B-F578-4DA8-84C4-01DBEAEDBAD6:ABPerson.abcdp"
    ],
    "ultima_modificacion": "2025-08-01 01:01:43.903733"
  },
  "b19b55a42d5b404588144c1739ab2457:abperson.abcdp": {
    "app_sintetizada": "B19B55A42D5B404588144C1739AB2457:ABPERSON.ABCDP",
    "cantidad_archivos": 1,
    "archivos_fuente": [
      "Library/Application Support/AddressBook/Sources/09AE88BC-62E0-40DE-B231-E4067BB75204/Metadata/B19B55A4-2D5B-4045-8814-4C1739AB2457:ABPerson.abcdp"
    ],
    "ultima_modificacion": "2025-08-01 01:01:43.904045"
  },
  "0125ad773a11402392c4951886a61cad:abperson.abcdp": {
    "app_sintetizada": "0125AD773A11402392C4951886A61CAD:ABPERSON.ABCDP",
    "cantidad_archivos": 1,
    "archivos_fuente": [
      "Library/Application Support/AddressBook/Sources/09AE88BC-62E0-40DE-B231-E4067BB75204/Metadata/0125AD77-3A11-4023-92C4-951886A61CAD:ABPerson.abcdp"
    ],
    "ultima_modificacion": "2025-08-01 01:01:43.904376"
  },
  "cf47048e9cf0468ca041370a0500f9c4:abperson.abcdp": {
    "app_sintetizada": "CF47048E9CF0468CA041370A0500F9C4:ABPERSON.ABCDP",
    "cantidad_archivos": 1,
    "archivos_fuente": [
      "Library/Application Support/AddressBook/Sources/09AE88BC-62E0-40DE-B231-E4067BB75204/Metadata/CF47048E-9CF0-468C-A041-370A0500F9C4:ABPerson.abcdp"
    ],
    "ultima_modificacion": "2025-08-01 01:01:43.904678"
  },
  "7e17ac8215334621a61ddafddee29178:abperson.abcdp": {
    "app_sintetizada": "7E17AC8215334621A61DDAFDDEE29178:ABPERSON.ABCDP",
    "cantidad_archivos": 1,
    "archivos_fuente": [
      "Library/Application Support/AddressBook/Sources/09AE88BC-62E0-40DE-B231-E4067BB75204/Metadata/7E17AC82-1533-4621-A61D-DAFDDEE29178:ABPerson.abcdp"
    ],
    "ultima_modificacion": "2025-08-01 01:01:43.904993"
  },
  "572619f98ec94a5cbb9727c208f56c8c:abperson.abcdp": {
    "app_sintetizada": "572619F98EC94A5CBB9727C208F56C8C:ABPERSON.ABCDP",
    "cantidad_archivos": 1,
    "archivos_fuente": [
      "Library/Application Support/AddressBook/Sources/09AE88BC-62E0-40DE-B231-E4067BB75204/Metadata/572619F9-8EC9-4A5C-BB97-27C208F56C8C:ABPerson.abcdp"
    ],
    "ultima_modificacion": "2025-08-01 01:01:43.905308"
  },
  "b106d27dc7c14950816b6731091ad222:abperson.abcdp": {
    "app_sintetizada": "B106D27DC7C14950816B6731091AD222:ABPERSON.ABCDP",
    "cantidad_archivos": 1,
    "archivos_fuente": [
      "Library/Application Support/AddressBook/Sources/09AE88BC-62E0-40DE-B231-E4067BB75204/Metadata/B106D27D-C7C1-4950-816B-6731091AD222:ABPerson.abcdp"
    ],
    "ultima_modificacion": "2025-08-01 01:01:43.905599"
  },
  "04668b77a4924c9e8e46a1236eadc709:abperson.abcdp": {
    "app_sintetizada": "04668B77A4924C9E8E46A1236EADC709:ABPERSON.ABCDP",
    "cantidad_archivos": 1,
    "archivos_fuente": [
      "Library/Application Support/AddressBook/Sources/09AE88BC-62E0-40DE-B231-E4067BB75204/Metadata/04668B77-A492-4C9E-8E46-A1236EADC709:ABPerson.abcdp"
    ],
    "ultima_modificacion": "2025-08-01 01:01:43.905936"
  },
  "d83b3a53054e49e3a5c4b11b9268af40:abperson.abcdp": {
    "app_sintetizada": "D83B3A53054E49E3A5C4B11B9268AF40:ABPERSON.ABCDP",
    "cantidad_archivos": 1,
    "archivos_fuente": [
      "Library/Application Support/AddressBook/Sources/09AE88BC-62E0-40DE-B231-E4067BB75204/Metadata/D83B3A53-054E-49E3-A5C4-B11B9268AF40:ABPerson.abcdp"
    ],
    "ultima_modificacion": "2025-08-01 01:01:43.906261"
  },
  "b93207d9e0fa4f6db1fcd92437c070c3:abperson.abcdp": {
    "app_sintetizada": "B93207D9E0FA4F6DB1FCD92437C070C3:ABPERSON.ABCDP",
    "cantidad_archivos": 1,
    "archivos_fuente": [
      "Library/Application Support/AddressBook/Sources/09AE88BC-62E0-40DE-B231-E4067BB75204/Metadata/B93207D9-E0FA-4F6D-B1FC-D92437C070C3:ABPerson.abcdp"
    ],
    "ultima_modificacion": "2025-08-01 01:01:43.906584"
  },
  "e9528914526c45c38c9e9f785e96a244:abperson.abcdp": {
    "app_sintetizada": "E9528914526C45C38C9E9F785E96A244:ABPERSON.ABCDP",
    "cantidad_archivos": 1,
    "archivos_fuente": [
      "Library/Application Support/AddressBook/Sources/09AE88BC-62E0-40DE-B231-E4067BB75204/Metadata/E9528914-526C-45C3-8C9E-9F785E96A244:ABPerson.abcdp"
    ],
    "ultima_modificacion": "2025-08-01 01:01:43.906909"
  },
  "1e1d2815d7d04cda808d09937f40d5e2:abperson.abcdp": {
    "app_sintetizada": "1E1D2815D7D04CDA808D09937F40D5E2:ABPERSON.ABCDP",
    "cantidad_archivos": 1,
    "archivos_fuente": [
      "Library/Application Support/AddressBook/Sources/09AE88BC-62E0-40DE-B231-E4067BB75204/Metadata/1E1D2815-D7D0-4CDA-808D-09937F40D5E2:ABPerson.abcdp"
    ],
    "ultima_modificacion": "2025-08-01 01:01:43.907233"
  },
  "183da0c1e98244ebac736a4dc6124e6c:abperson.abcdp": {
    "app_sintetizada": "183DA0C1E98244EBAC736A4DC6124E6C:ABPERSON.ABCDP",
    "cantidad_archivos": 1,
    "archivos_fuente": [
      "Library/Application Support/AddressBook/Sources/09AE88BC-62E0-40DE-B231-E4067BB75204/Metadata/183DA0C1-E982-44EB-AC73-6A4DC6124E6C:ABPerson.abcdp"
    ],
    "ultima_modificacion": "2025-08-01 01:01:43.907546"
  },
  "7c4d96dc7bbc4cf4afc7b6bfad0a46f1:abperson.abcdp": {
    "app_sintetizada": "7C4D96DC7BBC4CF4AFC7B6BFAD0A46F1:ABPERSON.ABCDP",
    "cantidad_archivos": 1,
    "archivos_fuente": [
      "Library/Application Support/AddressBook/Sources/09AE88BC-62E0-40DE-B231-E4067BB75204/Metadata/7C4D96DC-7BBC-4CF4-AFC7-B6BFAD0A46F1:ABPerson.abcdp"
    ],
    "ultima_modificacion": "2025-08-01 01:01:43.907905"
  },
  "ee7a77d8f53e4d7588fd51d212239eb6:abperson.abcdp": {
    "app_sintetizada": "EE7A77D8F53E4D7588FD51D212239EB6:ABPERSON.ABCDP",
    "cantidad_archivos": 1,
    "archivos_fuente": [
      "Library/Application Support/AddressBook/Sources/09AE88BC-62E0-40DE-B231-E4067BB75204/Metadata/EE7A77D8-F53E-4D75-88FD-51D212239EB6:ABPerson.abcdp"
    ],
    "ultima_modificacion": "2025-08-01 01:01:43.908224"
  },
  "b31b292f68bf435281b45ac3c5bda82e:abperson.abcdp": {
    "app_sintetizada": "B31B292F68BF435281B45AC3C5BDA82E:ABPERSON.ABCDP",
    "cantidad_archivos": 1,
    "archivos_fuente": [
      "Library/Application Support/AddressBook/Sources/09AE88BC-62E0-40DE-B231-E4067BB75204/Metadata/B31B292F-68BF-4352-81B4-5AC3C5BDA82E:ABPerson.abcdp"
    ],
    "ultima_modificacion": "2025-08-01 01:01:43.908566"
  },
  "f9950077e4b64966806f8fc88b1c6ade:abperson.abcdp": {
    "app_sintetizada": "F9950077E4B64966806F8FC88B1C6ADE:ABPERSON.ABCDP",
    "cantidad_archivos": 1,
    "archivos_fuente": [
      "Library/Application Support/AddressBook/Sources/09AE88BC-62E0-40DE-B231-E4067BB75204/Metadata/F9950077-E4B6-4966-806F-8FC88B1C6ADE:ABPerson.abcdp"
    ],
    "ultima_modificacion": "2025-08-01 01:01:43.908907"
  },
  "1b51607792944a95b6485f8111df1987:abperson.abcdp": {
    "app_sintetizada": "1B51607792944A95B6485F8111DF1987:ABPERSON.ABCDP",
    "cantidad_archivos": 1,
    "archivos_fuente": [
      "Library/Application Support/AddressBook/Sources/09AE88BC-62E0-40DE-B231-E4067BB75204/Metadata/1B516077-9294-4A95-B648-5F8111DF1987:ABPerson.abcdp"
    ],
    "ultima_modificacion": "2025-08-01 01:01:43.909254"
  }
}