{
  "57397.c01d2eb7.chunk.js": {
    "app_sintetizada": "57397.C01D2EB7.CHUNK.JS",
    "cantidad_archivos": 1,
    "archivos_fuente": [
      "Library/Group Containers/UBF8T346G9.Office/SolutionPackages/b123e3b2b659a4dead01e20274159d66/PackageResources/fluidhost/static/js/57397.c01d2eb7.chunk.js"
    ],
    "ultima_modificacion": "2025-08-01 01:01:51.668352"
  },
  "7374.3035317b.chunk.js": {
    "app_sintetizada": "7374.3035317B.CHUNK.JS",
    "cantidad_archivos": 1,
    "archivos_fuente": [
      "Library/Group Containers/UBF8T346G9.Office/SolutionPackages/b123e3b2b659a4dead01e20274159d66/PackageResources/fluidhost/static/js/7374.3035317b.chunk.js"
    ],
    "ultima_modificacion": "2025-08-01 01:01:51.668679"
  },
  "videoplaybackstrings55.26b9b78e.chunk.js": {
    "app_sintetizada": "VIDEOPLAYBACKSTRINGS55.26B9B78E.CHUNK.JS",
    "cantidad_archivos": 1,
    "archivos_fuente": [
      "Library/Group Containers/UBF8T346G9.Office/SolutionPackages/b123e3b2b659a4dead01e20274159d66/PackageResources/fluidhost/static/js/VideoPlaybackStrings55.26b9b78e.chunk.js"
    ],
    "ultima_modificacion": "2025-08-01 01:01:51.669007"
  },
  "informationprotectionstrings28.c7500fa7.chunk.js": {
    "app_sintetizada": "INFORMATIONPROTECTIONSTRINGS28.C7500FA7.CHUNK.JS",
    "cantidad_archivos": 1,
    "archivos_fuente": [
      "Library/Group Containers/UBF8T346G9.Office/SolutionPackages/b123e3b2b659a4dead01e20274159d66/PackageResources/fluidhost/static/js/InformationProtectionStrings28.c7500fa7.chunk.js"
    ],
    "ultima_modificacion": "2025-08-01 01:01:51.669285"
  },
  "cardloopstringssrjson.316013bc.chunk.js": {
    "app_sintetizada": "CARDLOOPSTRINGSSRJSON.316013BC.CHUNK.JS",
    "cantidad_archivos": 1,
    "archivos_fuente": [
      "Library/Group Containers/UBF8T346G9.Office/SolutionPackages/b123e3b2b659a4dead01e20274159d66/PackageResources/fluidhost/static/js/cardloopstrings_sr-json.316013bc.chunk.js"
    ],
    "ultima_modificacion": "2025-08-01 01:01:51.669588"
  },
  "sharepointshareservice.bc4c24d2.chunk.js": {
    "app_sintetizada": "SHAREPOINTSHARESERVICE.BC4C24D2.CHUNK.JS",
    "cantidad_archivos": 1,
    "archivos_fuente": [
      "Library/Group Containers/UBF8T346G9.Office/SolutionPackages/b123e3b2b659a4dead01e20274159d66/PackageResources/fluidhost/static/js/SharepointShareService.bc4c24d2.chunk.js"
    ],
    "ultima_modificacion": "2025-08-01 01:01:51.669913"
  },
  "planarchivedstateview.34dc0817.chunk.js": {
    "app_sintetizada": "PLANARCHIVEDSTATEVIEW.34DC0817.CHUNK.JS",
    "cantidad_archivos": 1,
    "archivos_fuente": [
      "Library/Group Containers/UBF8T346G9.Office/SolutionPackages/b123e3b2b659a4dead01e20274159d66/PackageResources/fluidhost/static/js/planarchivedstateview.34dc0817.chunk.js"
    ],
    "ultima_modificacion": "2025-08-01 01:01:51.670283"
  },
  "hostuxstrings83.b7978672.chunk.js": {
    "app_sintetizada": "HOSTUXSTRINGS83.B7978672.CHUNK.JS",
    "cantidad_archivos": 1,
    "archivos_fuente": [
      "Library/Group Containers/UBF8T346G9.Office/SolutionPackages/b123e3b2b659a4dead01e20274159d66/PackageResources/fluidhost/static/js/hostUxStrings83.b7978672.chunk.js"
    ],
    "ultima_modificacion": "2025-08-01 01:01:51.670572"
  },
  "informationprotectionstrings66.705073e3.chunk.js": {
    "app_sintetizada": "INFORMATIONPROTECTIONSTRINGS66.705073E3.CHUNK.JS",
    "cantidad_archivos": 1,
    "archivos_fuente": [
      "Library/Group Containers/UBF8T346G9.Office/SolutionPackages/b123e3b2b659a4dead01e20274159d66/PackageResources/fluidhost/static/js/InformationProtectionStrings66.705073e3.chunk.js"
    ],
    "ultima_modificacion": "2025-08-01 01:01:51.670829"
  },
  "videoplaybackstrings35.e1af4613.chunk.js": {
    "app_sintetizada": "VIDEOPLAYBACKSTRINGS35.E1AF4613.CHUNK.JS",
    "cantidad_archivos": 1,
    "archivos_fuente": [
      "Library/Group Containers/UBF8T346G9.Office/SolutionPackages/b123e3b2b659a4dead01e20274159d66/PackageResources/fluidhost/static/js/VideoPlaybackStrings35.e1af4613.chunk.js"
    ],
    "ultima_modificacion": "2025-08-01 01:01:51.671125"
  },
  "79450.a70b5825.chunk.js": {
    "app_sintetizada": "79450.A70B5825.CHUNK.JS",
    "cantidad_archivos": 1,
    "archivos_fuente": [
      "Library/Group Containers/UBF8T346G9.Office/SolutionPackages/b123e3b2b659a4dead01e20274159d66/PackageResources/fluidhost/static/js/79450.a70b5825.chunk.js"
    ],
    "ultima_modificacion": "2025-08-01 01:01:51.671448"
  },
  "urplexstringsjson.31e09227.chunk.js": {
    "app_sintetizada": "URPLEXSTRINGSJSON.31E09227.CHUNK.JS",
    "cantidad_archivos": 1,
    "archivos_fuente": [
      "Library/Group Containers/UBF8T346G9.Office/SolutionPackages/b123e3b2b659a4dead01e20274159d66/PackageResources/fluidhost/static/js/ur-plex-strings-json.31e09227.chunk.js"
    ],
    "ultima_modificacion": "2025-08-01 01:01:51.671709"
  },
  "cardloopstringsetjson.170813d5.chunk.js": {
    "app_sintetizada": "CARDLOOPSTRINGSETJSON.170813D5.CHUNK.JS",
    "cantidad_archivos": 1,
    "archivos_fuente": [
      "Library/Group Containers/UBF8T346G9.Office/SolutionPackages/b123e3b2b659a4dead01e20274159d66/PackageResources/fluidhost/static/js/cardloopstrings_et-json.170813d5.chunk.js"
    ],
    "ultima_modificacion": "2025-08-01 01:01:51.671972"
  },
  "videoplaybackstrings37.ac590c8e.chunk.js": {
    "app_sintetizada": "VIDEOPLAYBACKSTRINGS37.AC590C8E.CHUNK.JS",
    "cantidad_archivos": 1,
    "archivos_fuente": [
      "Library/Group Containers/UBF8T346G9.Office/SolutionPackages/b123e3b2b659a4dead01e20274159d66/PackageResources/fluidhost/static/js/VideoPlaybackStrings37.ac590c8e.chunk.js"
    ],
    "ultima_modificacion": "2025-08-01 01:01:51.672249"
  },
  "genericlinkstrings69.365fe64f.chunk.js": {
    "app_sintetizada": "GENERICLINKSTRINGS69.365FE64F.CHUNK.JS",
    "cantidad_archivos": 1,
    "archivos_fuente": [
      "Library/Group Containers/UBF8T346G9.Office/SolutionPackages/b123e3b2b659a4dead01e20274159d66/PackageResources/fluidhost/static/js/genericLinkStrings69.365fe64f.chunk.js"
    ],
    "ultima_modificacion": "2025-08-01 01:01:51.672663"
  },
  "srcyrlbaplexstringsjson.040742b7.chunk.js": {
    "app_sintetizada": "SRCYRLBAPLEXSTRINGSJSON.040742B7.CHUNK.JS",
    "cantidad_archivos": 1,
    "archivos_fuente": [
      "Library/Group Containers/UBF8T346G9.Office/SolutionPackages/b123e3b2b659a4dead01e20274159d66/PackageResources/fluidhost/static/js/sr-cyrl-ba-plex-strings-json.040742b7.chunk.js"
    ],
    "ultima_modificacion": "2025-08-01 01:01:51.672939"
  },
  "informationprotectionstrings53.8b519a69.chunk.js": {
    "app_sintetizada": "INFORMATIONPROTECTIONSTRINGS53.8B519A69.CHUNK.JS",
    "cantidad_archivos": 1,
    "archivos_fuente": [
      "Library/Group Containers/UBF8T346G9.Office/SolutionPackages/b123e3b2b659a4dead01e20274159d66/PackageResources/fluidhost/static/js/InformationProtectionStrings53.8b519a69.chunk.js"
    ],
    "ultima_modificacion": "2025-08-01 01:01:51.673288"
  },
  "videoplaybackstrings79.f89c2390.chunk.js": {
    "app_sintetizada": "VIDEOPLAYBACKSTRINGS79.F89C2390.CHUNK.JS",
    "cantidad_archivos": 1,
    "archivos_fuente": [
      "Library/Group Containers/UBF8T346G9.Office/SolutionPackages/b123e3b2b659a4dead01e20274159d66/PackageResources/fluidhost/static/js/VideoPlaybackStrings79.f89c2390.chunk.js"
    ],
    "ultima_modificacion": "2025-08-01 01:01:51.673559"
  },
  "trplexstringsjson.2c48372c.chunk.js": {
    "app_sintetizada": "TRPLEXSTRINGSJSON.2C48372C.CHUNK.JS",
    "cantidad_archivos": 1,
    "archivos_fuente": [
      "Library/Group Containers/UBF8T346G9.Office/SolutionPackages/b123e3b2b659a4dead01e20274159d66/PackageResources/fluidhost/static/js/tr-plex-strings-json.2c48372c.chunk.js"
    ],
    "ultima_modificacion": "2025-08-01 01:01:51.673814"
  },
  "genericlinkstrings18.b2b16796.chunk.js": {
    "app_sintetizada": "GENERICLINKSTRINGS18.B2B16796.CHUNK.JS",
    "cantidad_archivos": 1,
    "archivos_fuente": [
      "Library/Group Containers/UBF8T346G9.Office/SolutionPackages/b123e3b2b659a4dead01e20274159d66/PackageResources/fluidhost/static/js/genericLinkStrings18.b2b16796.chunk.js"
    ],
    "ultima_modificacion": "2025-08-01 01:01:51.674087"
  },
  "cardloopstringssqjson.5cc393c2.chunk.js": {
    "app_sintetizada": "CARDLOOPSTRINGSSQJSON.5CC393C2.CHUNK.JS",
    "cantidad_archivos": 1,
    "archivos_fuente": [
      "Library/Group Containers/UBF8T346G9.Office/SolutionPackages/b123e3b2b659a4dead01e20274159d66/PackageResources/fluidhost/static/js/cardloopstrings_sq-json.5cc393c2.chunk.js"
    ],
    "ultima_modificacion": "2025-08-01 01:01:51.674311"
  },
  "66390.42f07539.chunk.js": {
    "app_sintetizada": "66390.42F07539.CHUNK.JS",
    "cantidad_archivos": 1,
    "archivos_fuente": [
      "Library/Group Containers/UBF8T346G9.Office/SolutionPackages/b123e3b2b659a4dead01e20274159d66/PackageResources/fluidhost/static/js/66390.42f07539.chunk.js"
    ],
    "ultima_modificacion": "2025-08-01 01:01:51.674522"
  },
  "informationprotectionstrings55.82b4ddc9.chunk.js": {
    "app_sintetizada": "INFORMATIONPROTECTIONSTRINGS55.82B4DDC9.CHUNK.JS",
    "cantidad_archivos": 1,
    "archivos_fuente": [
      "Library/Group Containers/UBF8T346G9.Office/SolutionPackages/b123e3b2b659a4dead01e20274159d66/PackageResources/fluidhost/static/js/InformationProtectionStrings55.82b4ddc9.chunk.js"
    ],
    "ultima_modificacion": "2025-08-01 01:01:51.674726"
  },
  "tenantservice.3f8de0ef.chunk.js": {
    "app_sintetizada": "TENANTSERVICE.3F8DE0EF.CHUNK.JS",
    "cantidad_archivos": 1,
    "archivos_fuente": [
      "Library/Group Containers/UBF8T346G9.Office/SolutionPackages/b123e3b2b659a4dead01e20274159d66/PackageResources/fluidhost/static/js/tenantservice.3f8de0ef.chunk.js"
    ],
    "ultima_modificacion": "2025-08-01 01:01:51.674944"
  },
  "46548.c6b67e9c.chunk.js": {
    "app_sintetizada": "46548.C6B67E9C.CHUNK.JS",
    "cantidad_archivos": 1,
    "archivos_fuente": [
      "Library/Group Containers/UBF8T346G9.Office/SolutionPackages/b123e3b2b659a4dead01e20274159d66/PackageResources/fluidhost/static/js/46548.c6b67e9c.chunk.js"
    ],
    "ultima_modificacion": "2025-08-01 01:01:51.675146"
  },
  "videoplaybackstrings57.f54b0ec2.chunk.js": {
    "app_sintetizada": "VIDEOPLAYBACKSTRINGS57.F54B0EC2.CHUNK.JS",
    "cantidad_archivos": 1,
    "archivos_fuente": [
      "Library/Group Containers/UBF8T346G9.Office/SolutionPackages/b123e3b2b659a4dead01e20274159d66/PackageResources/fluidhost/static/js/VideoPlaybackStrings57.f54b0ec2.chunk.js"
    ],
    "ultima_modificacion": "2025-08-01 01:01:51.675358"
  },
  "cardloopstringstejson.72e48e72.chunk.js": {
    "app_sintetizada": "CARDLOOPSTRINGSTEJSON.72E48E72.CHUNK.JS",
    "cantidad_archivos": 1,
    "archivos_fuente": [
      "Library/Group Containers/UBF8T346G9.Office/SolutionPackages/b123e3b2b659a4dead01e20274159d66/PackageResources/fluidhost/static/js/cardloopstrings_te-json.72e48e72.chunk.js"
    ],
    "ultima_modificacion": "2025-08-01 01:01:51.675557"
  },
  "41514.f32f009d.chunk.js": {
    "app_sintetizada": "41514.F32F009D.CHUNK.JS",
    "cantidad_archivos": 1,
    "archivos_fuente": [
      "Library/Group Containers/UBF8T346G9.Office/SolutionPackages/b123e3b2b659a4dead01e20274159d66/PackageResources/fluidhost/static/js/41514.f32f009d.chunk.js"
    ],
    "ultima_modificacion": "2025-08-01 01:01:51.675753"
  },
  "isplexstringsjson.0b9e4bbc.chunk.js": {
    "app_sintetizada": "ISPLEXSTRINGSJSON.0B9E4BBC.CHUNK.JS",
    "cantidad_archivos": 1,
    "archivos_fuente": [
      "Library/Group Containers/UBF8T346G9.Office/SolutionPackages/b123e3b2b659a4dead01e20274159d66/PackageResources/fluidhost/static/js/is-plex-strings-json.0b9e4bbc.chunk.js"
    ],
    "ultima_modificacion": "2025-08-01 01:01:51.675947"
  },
  "5891.c180baa8.chunk.js": {
    "app_sintetizada": "5891.C180BAA8.CHUNK.JS",
    "cantidad_archivos": 1,
    "archivos_fuente": [
      "Library/Group Containers/UBF8T346G9.Office/SolutionPackages/b123e3b2b659a4dead01e20274159d66/PackageResources/fluidhost/static/js/5891.c180baa8.chunk.js"
    ],
    "ultima_modificacion": "2025-08-01 01:01:51.676169"
  },
  "genericlinkstrings84.397a76c5.chunk.js": {
    "app_sintetizada": "GENERICLINKSTRINGS84.397A76C5.CHUNK.JS",
    "cantidad_archivos": 1,
    "archivos_fuente": [
      "Library/Group Containers/UBF8T346G9.Office/SolutionPackages/b123e3b2b659a4dead01e20274159d66/PackageResources/fluidhost/static/js/genericLinkStrings84.397a76c5.chunk.js"
    ],
    "ultima_modificacion": "2025-08-01 01:01:51.676432"
  },
  "hostuxstrings59.2087df35.chunk.js": {
    "app_sintetizada": "HOSTUXSTRINGS59.2087DF35.CHUNK.JS",
    "cantidad_archivos": 1,
    "archivos_fuente": [
      "Library/Group Containers/UBF8T346G9.Office/SolutionPackages/b123e3b2b659a4dead01e20274159d66/PackageResources/fluidhost/static/js/hostUxStrings59.2087df35.chunk.js"
    ],
    "ultima_modificacion": "2025-08-01 01:01:51.676779"
  },
  "sharedialog.4a7274bc.chunk.js": {
    "app_sintetizada": "SHAREDIALOG.4A7274BC.CHUNK.JS",
    "cantidad_archivos": 1,
    "archivos_fuente": [
      "Library/Group Containers/UBF8T346G9.Office/SolutionPackages/b123e3b2b659a4dead01e20274159d66/PackageResources/fluidhost/static/js/shareDialog.4a7274bc.chunk.js"
    ],
    "ultima_modificacion": "2025-08-01 01:01:51.677081"
  },
  "hostuxstrings20.1acb8447.chunk.js": {
    "app_sintetizada": "HOSTUXSTRINGS20.1ACB8447.CHUNK.JS",
    "cantidad_archivos": 1,
    "archivos_fuente": [
      "Library/Group Containers/UBF8T346G9.Office/SolutionPackages/b123e3b2b659a4dead01e20274159d66/PackageResources/fluidhost/static/js/hostUxStrings20.1acb8447.chunk.js"
    ],
    "ultima_modificacion": "2025-08-01 01:01:51.677354"
  },
  "videoplaybackstrings83.e094877f.chunk.js": {
    "app_sintetizada": "VIDEOPLAYBACKSTRINGS83.E094877F.CHUNK.JS",
    "cantidad_archivos": 1,
    "archivos_fuente": [
      "Library/Group Containers/UBF8T346G9.Office/SolutionPackages/b123e3b2b659a4dead01e20274159d66/PackageResources/fluidhost/static/js/VideoPlaybackStrings83.e094877f.chunk.js"
    ],
    "ultima_modificacion": "2025-08-01 01:01:51.677661"
  },
  "videoplaybackstrings40.43e42eab.chunk.js": {
    "app_sintetizada": "VIDEOPLAYBACKSTRINGS40.43E42EAB.CHUNK.JS",
    "cantidad_archivos": 1,
    "archivos_fuente": [
      "Library/Group Containers/UBF8T346G9.Office/SolutionPackages/b123e3b2b659a4dead01e20274159d66/PackageResources/fluidhost/static/js/VideoPlaybackStrings40.43e42eab.chunk.js"
    ],
    "ultima_modificacion": "2025-08-01 01:01:51.677958"
  },
  "14183.c860a302.chunk.js": {
    "app_sintetizada": "14183.C860A302.CHUNK.JS",
    "cantidad_archivos": 1,
    "archivos_fuente": [
      "Library/Group Containers/UBF8T346G9.Office/SolutionPackages/b123e3b2b659a4dead01e20274159d66/PackageResources/fluidhost/static/js/14183.c860a302.chunk.js"
    ],
    "ultima_modificacion": "2025-08-01 01:01:51.678242"
  },
  "heplexstringsjson.326f8f8b.chunk.js": {
    "app_sintetizada": "HEPLEXSTRINGSJSON.326F8F8B.CHUNK.JS",
    "cantidad_archivos": 1,
    "archivos_fuente": [
      "Library/Group Containers/UBF8T346G9.Office/SolutionPackages/b123e3b2b659a4dead01e20274159d66/PackageResources/fluidhost/static/js/he-plex-strings-json.326f8f8b.chunk.js"
    ],
    "ultima_modificacion": "2025-08-01 01:01:51.678587"
  },
  "slplexstringsjson.cbdc5182.chunk.js": {
    "app_sintetizada": "SLPLEXSTRINGSJSON.CBDC5182.CHUNK.JS",
    "cantidad_archivos": 1,
    "archivos_fuente": [
      "Library/Group Containers/UBF8T346G9.Office/SolutionPackages/b123e3b2b659a4dead01e20274159d66/PackageResources/fluidhost/static/js/sl-plex-strings-json.cbdc5182.chunk.js"
    ],
    "ultima_modificacion": "2025-08-01 01:01:51.678857"
  },
  "genericlinkstrings14.e950b7a5.chunk.js": {
    "app_sintetizada": "GENERICLINKSTRINGS14.E950B7A5.CHUNK.JS",
    "cantidad_archivos": 1,
    "archivos_fuente": [
      "Library/Group Containers/UBF8T346G9.Office/SolutionPackages/b123e3b2b659a4dead01e20274159d66/PackageResources/fluidhost/static/js/genericLinkStrings14.e950b7a5.chunk.js"
    ],
    "ultima_modificacion": "2025-08-01 01:01:51.679106"
  },
  "videoplaybackstrings63.d7bd2b71.chunk.js": {
    "app_sintetizada": "VIDEOPLAYBACKSTRINGS63.D7BD2B71.CHUNK.JS",
    "cantidad_archivos": 1,
    "archivos_fuente": [
      "Library/Group Containers/UBF8T346G9.Office/SolutionPackages/b123e3b2b659a4dead01e20274159d66/PackageResources/fluidhost/static/js/VideoPlaybackStrings63.d7bd2b71.chunk.js"
    ],
    "ultima_modificacion": "2025-08-01 01:01:51.679375"
  },
  "informationprotectionstrings31.3857d03b.chunk.js": {
    "app_sintetizada": "INFORMATIONPROTECTIONSTRINGS31.3857D03B.CHUNK.JS",
    "cantidad_archivos": 1,
    "archivos_fuente": [
      "Library/Group Containers/UBF8T346G9.Office/SolutionPackages/b123e3b2b659a4dead01e20274159d66/PackageResources/fluidhost/static/js/InformationProtectionStrings31.3857d03b.chunk.js"
    ],
    "ultima_modificacion": "2025-08-01 01:01:51.679662"
  },
  "hostuxstrings26.e3a6cb93.chunk.js": {
    "app_sintetizada": "HOSTUXSTRINGS26.E3A6CB93.CHUNK.JS",
    "cantidad_archivos": 1,
    "archivos_fuente": [
      "Library/Group Containers/UBF8T346G9.Office/SolutionPackages/b123e3b2b659a4dead01e20274159d66/PackageResources/fluidhost/static/js/hostUxStrings26.e3a6cb93.chunk.js"
    ],
    "ultima_modificacion": "2025-08-01 01:01:51.679909"
  },
  "informationprotectionstrings0.30b0b48b.chunk.js": {
    "app_sintetizada": "INFORMATIONPROTECTIONSTRINGS0.30B0B48B.CHUNK.JS",
    "cantidad_archivos": 1,
    "archivos_fuente": [
      "Library/Group Containers/UBF8T346G9.Office/SolutionPackages/b123e3b2b659a4dead01e20274159d66/PackageResources/fluidhost/static/js/InformationProtectionStrings0.30b0b48b.chunk.js"
    ],
    "ultima_modificacion": "2025-08-01 01:01:51.680116"
  },
  "11072.9f891a55.chunk.js": {
    "app_sintetizada": "11072.9F891A55.CHUNK.JS",
    "cantidad_archivos": 1,
    "archivos_fuente": [
      "Library/Group Containers/UBF8T346G9.Office/SolutionPackages/b123e3b2b659a4dead01e20274159d66/PackageResources/fluidhost/static/js/11072.9f891a55.chunk.js"
    ],
    "ultima_modificacion": "2025-08-01 01:01:51.680341"
  },
  "shareservicestrings32.21a04e5e.chunk.js": {
    "app_sintetizada": "SHARESERVICESTRINGS32.21A04E5E.CHUNK.JS",
    "cantidad_archivos": 1,
    "archivos_fuente": [
      "Library/Group Containers/UBF8T346G9.Office/SolutionPackages/b123e3b2b659a4dead01e20274159d66/PackageResources/fluidhost/static/js/shareServiceStrings32.21a04e5e.chunk.js"
    ],
    "ultima_modificacion": "2025-08-01 01:01:51.680597"
  },
  "hostuxstrings67.bdfe2ab9.chunk.js": {
    "app_sintetizada": "HOSTUXSTRINGS67.BDFE2AB9.CHUNK.JS",
    "cantidad_archivos": 1,
    "archivos_fuente": [
      "Library/Group Containers/UBF8T346G9.Office/SolutionPackages/b123e3b2b659a4dead01e20274159d66/PackageResources/fluidhost/static/js/hostUxStrings67.bdfe2ab9.chunk.js"
    ],
    "ultima_modificacion": "2025-08-01 01:01:51.680822"
  },
  "genericlinkstrings24.b427c302.chunk.js": {
    "app_sintetizada": "GENERICLINKSTRINGS24.B427C302.CHUNK.JS",
    "cantidad_archivos": 1,
    "archivos_fuente": [
      "Library/Group Containers/UBF8T346G9.Office/SolutionPackages/b123e3b2b659a4dead01e20274159d66/PackageResources/fluidhost/static/js/genericLinkStrings24.b427c302.chunk.js"
    ],
    "ultima_modificacion": "2025-08-01 01:01:51.681059"
  },
  "informationprotectionstrings79.d3fb1ff3.chunk.js": {
    "app_sintetizada": "INFORMATIONPROTECTIONSTRINGS79.D3FB1FF3.CHUNK.JS",
    "cantidad_archivos": 1,
    "archivos_fuente": [
      "Library/Group Containers/UBF8T346G9.Office/SolutionPackages/b123e3b2b659a4dead01e20274159d66/PackageResources/fluidhost/static/js/InformationProtectionStrings79.d3fb1ff3.chunk.js"
    ],
    "ultima_modificacion": "2025-08-01 01:01:51.681405"
  },
  "hostuxstrings19.ca8a0073.chunk.js": {
    "app_sintetizada": "HOSTUXSTRINGS19.CA8A0073.CHUNK.JS",
    "cantidad_archivos": 1,
    "archivos_fuente": [
      "Library/Group Containers/UBF8T346G9.Office/SolutionPackages/b123e3b2b659a4dead01e20274159d66/PackageResources/fluidhost/static/js/hostUxStrings19.ca8a0073.chunk.js"
    ],
    "ultima_modificacion": "2025-08-01 01:01:51.681645"
  },
  "96444.cfb31c5a.chunk.js": {
    "app_sintetizada": "96444.CFB31C5A.CHUNK.JS",
    "cantidad_archivos": 1,
    "archivos_fuente": [
      "Library/Group Containers/UBF8T346G9.Office/SolutionPackages/b123e3b2b659a4dead01e20274159d66/PackageResources/fluidhost/static/js/96444.cfb31c5a.chunk.js"
    ],
    "ultima_modificacion": "2025-08-01 01:01:51.681933"
  },
  "53312.0d8c468a.chunk.js": {
    "app_sintetizada": "53312.0D8C468A.CHUNK.JS",
    "cantidad_archivos": 1,
    "archivos_fuente": [
      "Library/Group Containers/UBF8T346G9.Office/SolutionPackages/b123e3b2b659a4dead01e20274159d66/PackageResources/fluidhost/static/js/53312.0d8c468a.chunk.js"
    ],
    "ultima_modificacion": "2025-08-01 01:01:51.682230"
  },
  "genericlinkstrings50.f763254b.chunk.js": {
    "app_sintetizada": "GENERICLINKSTRINGS50.F763254B.CHUNK.JS",
    "cantidad_archivos": 1,
    "archivos_fuente": [
      "Library/Group Containers/UBF8T346G9.Office/SolutionPackages/b123e3b2b659a4dead01e20274159d66/PackageResources/fluidhost/static/js/genericLinkStrings50.f763254b.chunk.js"
    ],
    "ultima_modificacion": "2025-08-01 01:01:51.682433"
  },
  "68212.b872c8bb.chunk.js.license.txt": {
    "app_sintetizada": "68212.B872C8BB.CHUNK.JS.LICENSE.TXT",
    "cantidad_archivos": 1,
    "archivos_fuente": [
      "Library/Group Containers/UBF8T346G9.Office/SolutionPackages/b123e3b2b659a4dead01e20274159d66/PackageResources/fluidhost/static/js/68212.b872c8bb.chunk.js.LICENSE.txt"
    ],
    "ultima_modificacion": "2025-08-01 01:01:51.682668"
  },
  "videoplaybackstrings32.051d9790.chunk.js": {
    "app_sintetizada": "VIDEOPLAYBACKSTRINGS32.051D9790.CHUNK.JS",
    "cantidad_archivos": 1,
    "archivos_fuente": [
      "Library/Group Containers/UBF8T346G9.Office/SolutionPackages/b123e3b2b659a4dead01e20274159d66/PackageResources/fluidhost/static/js/VideoPlaybackStrings32.051d9790.chunk.js"
    ],
    "ultima_modificacion": "2025-08-01 01:01:51.682871"
  },
  "cardloopstringsfajson.bc9e064c.chunk.js": {
    "app_sintetizada": "CARDLOOPSTRINGSFAJSON.BC9E064C.CHUNK.JS",
    "cantidad_archivos": 1,
    "archivos_fuente": [
      "Library/Group Containers/UBF8T346G9.Office/SolutionPackages/b123e3b2b659a4dead01e20274159d66/PackageResources/fluidhost/static/js/cardloopstrings_fa-json.bc9e064c.chunk.js"
    ],
    "ultima_modificacion": "2025-08-01 01:01:51.683071"
  },
  "cardloopstringsidjson.7a2835b0.chunk.js": {
    "app_sintetizada": "CARDLOOPSTRINGSIDJSON.7A2835B0.CHUNK.JS",
    "cantidad_archivos": 1,
    "archivos_fuente": [
      "Library/Group Containers/UBF8T346G9.Office/SolutionPackages/b123e3b2b659a4dead01e20274159d66/PackageResources/fluidhost/static/js/cardloopstrings_id-json.7a2835b0.chunk.js"
    ],
    "ultima_modificacion": "2025-08-01 01:01:51.683260"
  },
  "informationprotectionstrings27.584a87cf.chunk.js": {
    "app_sintetizada": "INFORMATIONPROTECTIONSTRINGS27.584A87CF.CHUNK.JS",
    "cantidad_archivos": 1,
    "archivos_fuente": [
      "Library/Group Containers/UBF8T346G9.Office/SolutionPackages/b123e3b2b659a4dead01e20274159d66/PackageResources/fluidhost/static/js/InformationProtectionStrings27.584a87cf.chunk.js"
    ],
    "ultima_modificacion": "2025-08-01 01:01:51.683445"
  },
  "informationprotectionstrings75.2337d790.chunk.js": {
    "app_sintetizada": "INFORMATIONPROTECTIONSTRINGS75.2337D790.CHUNK.JS",
    "cantidad_archivos": 1,
    "archivos_fuente": [
      "Library/Group Containers/UBF8T346G9.Office/SolutionPackages/b123e3b2b659a4dead01e20274159d66/PackageResources/fluidhost/static/js/InformationProtectionStrings75.2337d790.chunk.js"
    ],
    "ultima_modificacion": "2025-08-01 01:01:51.683734"
  },
  "69110.4e922c11.chunk.js": {
    "app_sintetizada": "69110.4E922C11.CHUNK.JS",
    "cantidad_archivos": 1,
    "archivos_fuente": [
      "Library/Group Containers/UBF8T346G9.Office/SolutionPackages/b123e3b2b659a4dead01e20274159d66/PackageResources/fluidhost/static/js/69110.4e922c11.chunk.js"
    ],
    "ultima_modificacion": "2025-08-01 01:01:51.683997"
  },
  "shareservicestrings23.f891e96e.chunk.js": {
    "app_sintetizada": "SHARESERVICESTRINGS23.F891E96E.CHUNK.JS",
    "cantidad_archivos": 1,
    "archivos_fuente": [
      "Library/Group Containers/UBF8T346G9.Office/SolutionPackages/b123e3b2b659a4dead01e20274159d66/PackageResources/fluidhost/static/js/shareServiceStrings23.f891e96e.chunk.js"
    ],
    "ultima_modificacion": "2025-08-01 01:01:51.684205"
  },
  "sharepointnotificationservice.8214ec30.chunk.js": {
    "app_sintetizada": "SHAREPOINTNOTIFICATIONSERVICE.8214EC30.CHUNK.JS",
    "cantidad_archivos": 1,
    "archivos_fuente": [
      "Library/Group Containers/UBF8T346G9.Office/SolutionPackages/b123e3b2b659a4dead01e20274159d66/PackageResources/fluidhost/static/js/SharepointNotificationService.8214ec30.chunk.js"
    ],
    "ultima_modificacion": "2025-08-01 01:01:51.684440"
  },
  "uilayoutac.b6f1bb82.chunk.js": {
    "app_sintetizada": "UILAYOUTAC.B6F1BB82.CHUNK.JS",
    "cantidad_archivos": 1,
    "archivos_fuente": [
      "Library/Group Containers/UBF8T346G9.Office/SolutionPackages/b123e3b2b659a4dead01e20274159d66/PackageResources/fluidhost/static/js/uilayoutac.b6f1bb82.chunk.js"
    ],
    "ultima_modificacion": "2025-08-01 01:01:51.684795"
  },
  "mlplexstringsjson.b8283078.chunk.js": {
    "app_sintetizada": "MLPLEXSTRINGSJSON.B8283078.CHUNK.JS",
    "cantidad_archivos": 1,
    "archivos_fuente": [
      "Library/Group Containers/UBF8T346G9.Office/SolutionPackages/b123e3b2b659a4dead01e20274159d66/PackageResources/fluidhost/static/js/ml-plex-strings-json.b8283078.chunk.js"
    ],
    "ultima_modificacion": "2025-08-01 01:01:51.685039"
  },
  "taplexstringsjson.ffa9b723.chunk.js": {
    "app_sintetizada": "TAPLEXSTRINGSJSON.FFA9B723.CHUNK.JS",
    "cantidad_archivos": 1,
    "archivos_fuente": [
      "Library/Group Containers/UBF8T346G9.Office/SolutionPackages/b123e3b2b659a4dead01e20274159d66/PackageResources/fluidhost/static/js/ta-plex-strings-json.ffa9b723.chunk.js"
    ],
    "ultima_modificacion": "2025-08-01 01:01:51.685292"
  },
  "hostuxstrings79.f49b8a66.chunk.js": {
    "app_sintetizada": "HOSTUXSTRINGS79.F49B8A66.CHUNK.JS",
    "cantidad_archivos": 1,
    "archivos_fuente": [
      "Library/Group Containers/UBF8T346G9.Office/SolutionPackages/b123e3b2b659a4dead01e20274159d66/PackageResources/fluidhost/static/js/hostUxStrings79.f49b8a66.chunk.js"
    ],
    "ultima_modificacion": "2025-08-01 01:01:51.685542"
  },
  "informationprotectionstrings5.539949de.chunk.js": {
    "app_sintetizada": "INFORMATIONPROTECTIONSTRINGS5.539949DE.CHUNK.JS",
    "cantidad_archivos": 1,
    "archivos_fuente": [
      "Library/Group Containers/UBF8T346G9.Office/SolutionPackages/b123e3b2b659a4dead01e20274159d66/PackageResources/fluidhost/static/js/InformationProtectionStrings5.539949de.chunk.js"
    ],
    "ultima_modificacion": "2025-08-01 01:01:51.685836"
  },
  "hostuxstrings48.14b5ae7f.chunk.js": {
    "app_sintetizada": "HOSTUXSTRINGS48.14B5AE7F.CHUNK.JS",
    "cantidad_archivos": 1,
    "archivos_fuente": [
      "Library/Group Containers/UBF8T346G9.Office/SolutionPackages/b123e3b2b659a4dead01e20274159d66/PackageResources/fluidhost/static/js/hostUxStrings48.14b5ae7f.chunk.js"
    ],
    "ultima_modificacion": "2025-08-01 01:01:51.686078"
  },
  "genericlinkstrings40.30281c0d.chunk.js": {
    "app_sintetizada": "GENERICLINKSTRINGS40.30281C0D.CHUNK.JS",
    "cantidad_archivos": 1,
    "archivos_fuente": [
      "Library/Group Containers/UBF8T346G9.Office/SolutionPackages/b123e3b2b659a4dead01e20274159d66/PackageResources/fluidhost/static/js/genericLinkStrings40.30281c0d.chunk.js"
    ],
    "ultima_modificacion": "2025-08-01 01:01:51.686479"
  },
  "cardloopstringshijson.49208d9a.chunk.js": {
    "app_sintetizada": "CARDLOOPSTRINGSHIJSON.49208D9A.CHUNK.JS",
    "cantidad_archivos": 1,
    "archivos_fuente": [
      "Library/Group Containers/UBF8T346G9.Office/SolutionPackages/b123e3b2b659a4dead01e20274159d66/PackageResources/fluidhost/static/js/cardloopstrings_hi-json.49208d9a.chunk.js"
    ],
    "ultima_modificacion": "2025-08-01 01:01:51.686741"
  },
  "genericlinkstrings1.d2dd5ff2.chunk.js": {
    "app_sintetizada": "GENERICLINKSTRINGS1.D2DD5FF2.CHUNK.JS",
    "cantidad_archivos": 1,
    "archivos_fuente": [
      "Library/Group Containers/UBF8T346G9.Office/SolutionPackages/b123e3b2b659a4dead01e20274159d66/PackageResources/fluidhost/static/js/genericLinkStrings1.d2dd5ff2.chunk.js"
    ],
    "ultima_modificacion": "2025-08-01 01:01:51.687032"
  },
  "hostuxstrings5.e77e4346.chunk.js": {
    "app_sintetizada": "HOSTUXSTRINGS5.E77E4346.CHUNK.JS",
    "cantidad_archivos": 1,
    "archivos_fuente": [
      "Library/Group Containers/UBF8T346G9.Office/SolutionPackages/b123e3b2b659a4dead01e20274159d66/PackageResources/fluidhost/static/js/hostUxStrings5.e77e4346.chunk.js"
    ],
    "ultima_modificacion": "2025-08-01 01:01:51.687306"
  },
  "genericlinkstrings43.3d12454c.chunk.js": {
    "app_sintetizada": "GENERICLINKSTRINGS43.3D12454C.CHUNK.JS",
    "cantidad_archivos": 1,
    "archivos_fuente": [
      "Library/Group Containers/UBF8T346G9.Office/SolutionPackages/b123e3b2b659a4dead01e20274159d66/PackageResources/fluidhost/static/js/genericLinkStrings43.3d12454c.chunk.js"
    ],
    "ultima_modificacion": "2025-08-01 01:01:51.687602"
  },
  "videoplaybackstrings0.92482127.chunk.js": {
    "app_sintetizada": "VIDEOPLAYBACKSTRINGS0.92482127.CHUNK.JS",
    "cantidad_archivos": 1,
    "archivos_fuente": [
      "Library/Group Containers/UBF8T346G9.Office/SolutionPackages/b123e3b2b659a4dead01e20274159d66/PackageResources/fluidhost/static/js/VideoPlaybackStrings0.92482127.chunk.js"
    ],
    "ultima_modificacion": "2025-08-01 01:01:51.687972"
  },
  "informationprotectionstrings17.97939c02.chunk.js": {
    "app_sintetizada": "INFORMATIONPROTECTIONSTRINGS17.97939C02.CHUNK.JS",
    "cantidad_archivos": 1,
    "archivos_fuente": [
      "Library/Group Containers/UBF8T346G9.Office/SolutionPackages/b123e3b2b659a4dead01e20274159d66/PackageResources/fluidhost/static/js/InformationProtectionStrings17.97939c02.chunk.js"
    ],
    "ultima_modificacion": "2025-08-01 01:01:51.688428"
  },
  "cardloopstringsengbjson.279b3c84.chunk.js": {
    "app_sintetizada": "CARDLOOPSTRINGSENGBJSON.279B3C84.CHUNK.JS",
    "cantidad_archivos": 1,
    "archivos_fuente": [
      "Library/Group Containers/UBF8T346G9.Office/SolutionPackages/b123e3b2b659a4dead01e20274159d66/PackageResources/fluidhost/static/js/cardloopstrings_en-gb-json.279b3c84.chunk.js"
    ],
    "ultima_modificacion": "2025-08-01 01:01:51.688793"
  },
  "hostuxstrings45.70a5c15c.chunk.js": {
    "app_sintetizada": "HOSTUXSTRINGS45.70A5C15C.CHUNK.JS",
    "cantidad_archivos": 1,
    "archivos_fuente": [
      "Library/Group Containers/UBF8T346G9.Office/SolutionPackages/b123e3b2b659a4dead01e20274159d66/PackageResources/fluidhost/static/js/hostUxStrings45.70a5c15c.chunk.js"
    ],
    "ultima_modificacion": "2025-08-01 01:01:51.689119"
  },
  "12156.bc925d77.chunk.js": {
    "app_sintetizada": "12156.BC925D77.CHUNK.JS",
    "cantidad_archivos": 1,
    "archivos_fuente": [
      "Library/Group Containers/UBF8T346G9.Office/SolutionPackages/b123e3b2b659a4dead01e20274159d66/PackageResources/fluidhost/static/js/12156.bc925d77.chunk.js"
    ],
    "ultima_modificacion": "2025-08-01 01:01:51.689443"
  },
  "videoplaybackstrings42.439eedb8.chunk.js": {
    "app_sintetizada": "VIDEOPLAYBACKSTRINGS42.439EEDB8.CHUNK.JS",
    "cantidad_archivos": 1,
    "archivos_fuente": [
      "Library/Group Containers/UBF8T346G9.Office/SolutionPackages/b123e3b2b659a4dead01e20274159d66/PackageResources/fluidhost/static/js/VideoPlaybackStrings42.439eedb8.chunk.js"
    ],
    "ultima_modificacion": "2025-08-01 01:01:51.689808"
  },
  "5899.7ee75721.chunk.js.license.txt": {
    "app_sintetizada": "5899.7EE75721.CHUNK.JS.LICENSE.TXT",
    "cantidad_archivos": 1,
    "archivos_fuente": [
      "Library/Group Containers/UBF8T346G9.Office/SolutionPackages/b123e3b2b659a4dead01e20274159d66/PackageResources/fluidhost/static/js/5899.7ee75721.chunk.js.LICENSE.txt"
    ],
    "ultima_modificacion": "2025-08-01 01:01:51.690148"
  },
  "shareservicestrings52.a3c15f72.chunk.js": {
    "app_sintetizada": "SHARESERVICESTRINGS52.A3C15F72.CHUNK.JS",
    "cantidad_archivos": 1,
    "archivos_fuente": [
      "Library/Group Containers/UBF8T346G9.Office/SolutionPackages/b123e3b2b659a4dead01e20274159d66/PackageResources/fluidhost/static/js/shareServiceStrings52.a3c15f72.chunk.js"
    ],
    "ultima_modificacion": "2025-08-01 01:01:51.690447"
  },
  "98595.cda3b347.chunk.js": {
    "app_sintetizada": "98595.CDA3B347.CHUNK.JS",
    "cantidad_archivos": 1,
    "archivos_fuente": [
      "Library/Group Containers/UBF8T346G9.Office/SolutionPackages/b123e3b2b659a4dead01e20274159d66/PackageResources/fluidhost/static/js/98595.cda3b347.chunk.js"
    ],
    "ultima_modificacion": "2025-08-01 01:01:51.690753"
  },
  "10672.a1e1cca8.chunk.js": {
    "app_sintetizada": "10672.A1E1CCA8.CHUNK.JS",
    "cantidad_archivos": 1,
    "archivos_fuente": [
      "Library/Group Containers/UBF8T346G9.Office/SolutionPackages/b123e3b2b659a4dead01e20274159d66/PackageResources/fluidhost/static/js/10672.a1e1cca8.chunk.js"
    ],
    "ultima_modificacion": "2025-08-01 01:01:51.691046"
  },
  "58888.657da5f2.chunk.js": {
    "app_sintetizada": "58888.657DA5F2.CHUNK.JS",
    "cantidad_archivos": 1,
    "archivos_fuente": [
      "Library/Group Containers/UBF8T346G9.Office/SolutionPackages/b123e3b2b659a4dead01e20274159d66/PackageResources/fluidhost/static/js/58888.657da5f2.chunk.js"
    ],
    "ultima_modificacion": "2025-08-01 01:01:51.691360"
  },
  "38428.30e40dd6.chunk.js": {
    "app_sintetizada": "38428.30E40DD6.CHUNK.JS",
    "cantidad_archivos": 1,
    "archivos_fuente": [
      "Library/Group Containers/UBF8T346G9.Office/SolutionPackages/b123e3b2b659a4dead01e20274159d66/PackageResources/fluidhost/static/js/38428.30e40dd6.chunk.js"
    ],
    "ultima_modificacion": "2025-08-01 01:01:51.691654"
  },
  "69698.997502e6.chunk.js": {
    "app_sintetizada": "69698.997502E6.CHUNK.JS",
    "cantidad_archivos": 1,
    "archivos_fuente": [
      "Library/Group Containers/UBF8T346G9.Office/SolutionPackages/b123e3b2b659a4dead01e20274159d66/PackageResources/fluidhost/static/js/69698.997502e6.chunk.js"
    ],
    "ultima_modificacion": "2025-08-01 01:01:51.691942"
  },
  "usermodule.174f6eef.chunk.js": {
    "app_sintetizada": "USERMODULE.174F6EEF.CHUNK.JS",
    "cantidad_archivos": 1,
    "archivos_fuente": [
      "Library/Group Containers/UBF8T346G9.Office/SolutionPackages/b123e3b2b659a4dead01e20274159d66/PackageResources/fluidhost/static/js/usermodule.174f6eef.chunk.js"
    ],
    "ultima_modificacion": "2025-08-01 01:01:51.692256"
  },
  "9858.b74e7c43.chunk.js": {
    "app_sintetizada": "9858.B74E7C43.CHUNK.JS",
    "cantidad_archivos": 1,
    "archivos_fuente": [
      "Library/Group Containers/UBF8T346G9.Office/SolutionPackages/b123e3b2b659a4dead01e20274159d66/PackageResources/fluidhost/static/js/9858.b74e7c43.chunk.js"
    ],
    "ultima_modificacion": "2025-08-01 01:01:51.692589"
  },
  "20559.7a785589.chunk.js": {
    "app_sintetizada": "20559.7A785589.CHUNK.JS",
    "cantidad_archivos": 1,
    "archivos_fuente": [
      "Library/Group Containers/UBF8T346G9.Office/SolutionPackages/b123e3b2b659a4dead01e20274159d66/PackageResources/fluidhost/static/js/20559.7a785589.chunk.js"
    ],
    "ultima_modificacion": "2025-08-01 01:01:51.692982"
  },
  "ametplexstringsjson.b678a0a4.chunk.js": {
    "app_sintetizada": "AMETPLEXSTRINGSJSON.B678A0A4.CHUNK.JS",
    "cantidad_archivos": 1,
    "archivos_fuente": [
      "Library/Group Containers/UBF8T346G9.Office/SolutionPackages/b123e3b2b659a4dead01e20274159d66/PackageResources/fluidhost/static/js/am-et-plex-strings-json.b678a0a4.chunk.js"
    ],
    "ultima_modificacion": "2025-08-01 01:01:51.693304"
  },
  "videoplaybackstrings84.6ab6ef6d.chunk.js": {
    "app_sintetizada": "VIDEOPLAYBACKSTRINGS84.6AB6EF6D.CHUNK.JS",
    "cantidad_archivos": 1,
    "archivos_fuente": [
      "Library/Group Containers/UBF8T346G9.Office/SolutionPackages/b123e3b2b659a4dead01e20274159d66/PackageResources/fluidhost/static/js/VideoPlaybackStrings84.6ab6ef6d.chunk.js"
    ],
    "ultima_modificacion": "2025-08-01 01:01:51.693675"
  },
  "cardloopstringsminzjson.c5e6e698.chunk.js": {
    "app_sintetizada": "CARDLOOPSTRINGSMINZJSON.C5E6E698.CHUNK.JS",
    "cantidad_archivos": 1,
    "archivos_fuente": [
      "Library/Group Containers/UBF8T346G9.Office/SolutionPackages/b123e3b2b659a4dead01e20274159d66/PackageResources/fluidhost/static/js/cardloopstrings_mi-nz-json.c5e6e698.chunk.js"
    ],
    "ultima_modificacion": "2025-08-01 01:01:51.694161"
  },
  "hostuxstrings51.8585791b.chunk.js": {
    "app_sintetizada": "HOSTUXSTRINGS51.8585791B.CHUNK.JS",
    "cantidad_archivos": 1,
    "archivos_fuente": [
      "Library/Group Containers/UBF8T346G9.Office/SolutionPackages/b123e3b2b659a4dead01e20274159d66/PackageResources/fluidhost/static/js/hostUxStrings51.8585791b.chunk.js"
    ],
    "ultima_modificacion": "2025-08-01 01:01:51.694848"
  },
  "informationprotectionstrings43.e95444be.chunk.js": {
    "app_sintetizada": "INFORMATIONPROTECTIONSTRINGS43.E95444BE.CHUNK.JS",
    "cantidad_archivos": 1,
    "archivos_fuente": [
      "Library/Group Containers/UBF8T346G9.Office/SolutionPackages/b123e3b2b659a4dead01e20274159d66/PackageResources/fluidhost/static/js/InformationProtectionStrings43.e95444be.chunk.js"
    ],
    "ultima_modificacion": "2025-08-01 01:01:51.695173"
  },
  "cardloopstringsfiljson.7ab60d0e.chunk.js": {
    "app_sintetizada": "CARDLOOPSTRINGSFILJSON.7AB60D0E.CHUNK.JS",
    "cantidad_archivos": 1,
    "archivos_fuente": [
      "Library/Group Containers/UBF8T346G9.Office/SolutionPackages/b123e3b2b659a4dead01e20274159d66/PackageResources/fluidhost/static/js/cardloopstrings_fil-json.7ab60d0e.chunk.js"
    ],
    "ultima_modificacion": "2025-08-01 01:01:51.695581"
  },
  "cardloopstringsmsjson.8a6fd5ef.chunk.js": {
    "app_sintetizada": "CARDLOOPSTRINGSMSJSON.8A6FD5EF.CHUNK.JS",
    "cantidad_archivos": 1,
    "archivos_fuente": [
      "Library/Group Containers/UBF8T346G9.Office/SolutionPackages/b123e3b2b659a4dead01e20274159d66/PackageResources/fluidhost/static/js/cardloopstrings_ms-json.8a6fd5ef.chunk.js"
    ],
    "ultima_modificacion": "2025-08-01 01:01:51.696031"
  },
  "hostuxstrings73.1b0a1bda.chunk.js": {
    "app_sintetizada": "HOSTUXSTRINGS73.1B0A1BDA.CHUNK.JS",
    "cantidad_archivos": 1,
    "archivos_fuente": [
      "Library/Group Containers/UBF8T346G9.Office/SolutionPackages/b123e3b2b659a4dead01e20274159d66/PackageResources/fluidhost/static/js/hostUxStrings73.1b0a1bda.chunk.js"
    ],
    "ultima_modificacion": "2025-08-01 01:01:51.696388"
  },
  "cardloopstringsquzpejson.b6b5ef22.chunk.js": {
    "app_sintetizada": "CARDLOOPSTRINGSQUZPEJSON.B6B5EF22.CHUNK.JS",
    "cantidad_archivos": 1,
    "archivos_fuente": [
      "Library/Group Containers/UBF8T346G9.Office/SolutionPackages/b123e3b2b659a4dead01e20274159d66/PackageResources/fluidhost/static/js/cardloopstrings_quz-pe-json.b6b5ef22.chunk.js"
    ],
    "ultima_modificacion": "2025-08-01 01:01:51.696682"
  },
  "genericlinkstrings57.267f488a.chunk.js": {
    "app_sintetizada": "GENERICLINKSTRINGS57.267F488A.CHUNK.JS",
    "cantidad_archivos": 1,
    "archivos_fuente": [
      "Library/Group Containers/UBF8T346G9.Office/SolutionPackages/b123e3b2b659a4dead01e20274159d66/PackageResources/fluidhost/static/js/genericLinkStrings57.267f488a.chunk.js"
    ],
    "ultima_modificacion": "2025-08-01 01:01:51.696981"
  },
  "genericlinkstrings70.00909551.chunk.js": {
    "app_sintetizada": "GENERICLINKSTRINGS70.00909551.CHUNK.JS",
    "cantidad_archivos": 1,
    "archivos_fuente": [
      "Library/Group Containers/UBF8T346G9.Office/SolutionPackages/b123e3b2b659a4dead01e20274159d66/PackageResources/fluidhost/static/js/genericLinkStrings70.00909551.chunk.js"
    ],
    "ultima_modificacion": "2025-08-01 01:01:51.697311"
  }
}