{
  "67816628a07ee6f00": {
    "app_sintetizada": "67816628A07EE6F00",
    "cantidad_archivos": 1,
    "archivos_fuente": [
      "Library/Caches/Google/Chrome/Default/Cache/Cache_Data/67816628a07ee6f0_0"
    ],
    "ultima_modificacion": "2025-08-01 01:01:59.344436"
  },
  "20776a3092ef1b1c0": {
    "app_sintetizada": "20776A3092EF1B1C0",
    "cantidad_archivos": 1,
    "archivos_fuente": [
      "Library/Caches/Google/Chrome/Default/Cache/Cache_Data/20776a3092ef1b1c_0"
    ],
    "ultima_modificacion": "2025-08-01 01:01:59.344970"
  },
  "ee3ac839ac3e6eb20": {
    "app_sintetizada": "EE3AC839AC3E6EB20",
    "cantidad_archivos": 1,
    "archivos_fuente": [
      "Library/Caches/Google/Chrome/Default/Cache/Cache_Data/ee3ac839ac3e6eb2_0"
    ],
    "ultima_modificacion": "2025-08-01 01:01:59.345455"
  },
  "f058a3d98df7b6af0": {
    "app_sintetizada": "F058A3D98DF7B6AF0",
    "cantidad_archivos": 1,
    "archivos_fuente": [
      "Library/Caches/Google/Chrome/Default/Cache/Cache_Data/f058a3d98df7b6af_0"
    ],
    "ultima_modificacion": "2025-08-01 01:01:59.345889"
  },
  "82eb5dcdb200b2c60": {
    "app_sintetizada": "82EB5DCDB200B2C60",
    "cantidad_archivos": 1,
    "archivos_fuente": [
      "Library/Caches/Google/Chrome/Default/Cache/Cache_Data/82eb5dcdb200b2c6_0"
    ],
    "ultima_modificacion": "2025-08-01 01:01:59.346364"
  },
  "b3abcf2cb7cf10e30": {
    "app_sintetizada": "B3ABCF2CB7CF10E30",
    "cantidad_archivos": 1,
    "archivos_fuente": [
      "Library/Caches/Google/Chrome/Default/Cache/Cache_Data/b3abcf2cb7cf10e3_0"
    ],
    "ultima_modificacion": "2025-08-01 01:01:59.346810"
  },
  "965aee0c3bd298310": {
    "app_sintetizada": "965AEE0C3BD298310",
    "cantidad_archivos": 1,
    "archivos_fuente": [
      "Library/Caches/Google/Chrome/Default/Cache/Cache_Data/965aee0c3bd29831_0"
    ],
    "ultima_modificacion": "2025-08-01 01:01:59.347190"
  },
  "2f292840d48c8f5b0": {
    "app_sintetizada": "2F292840D48C8F5B0",
    "cantidad_archivos": 1,
    "archivos_fuente": [
      "Library/Caches/Google/Chrome/Default/Cache/Cache_Data/2f292840d48c8f5b_0"
    ],
    "ultima_modificacion": "2025-08-01 01:01:59.347495"
  },
  "d51d249f5a8d91590": {
    "app_sintetizada": "D51D249F5A8D91590",
    "cantidad_archivos": 1,
    "archivos_fuente": [
      "Library/Caches/Google/Chrome/Default/Cache/Cache_Data/d51d249f5a8d9159_0"
    ],
    "ultima_modificacion": "2025-08-01 01:01:59.347928"
  },
  "454c0edda4f31fec0": {
    "app_sintetizada": "454C0EDDA4F31FEC0",
    "cantidad_archivos": 1,
    "archivos_fuente": [
      "Library/Caches/Google/Chrome/Default/Cache/Cache_Data/454c0edda4f31fec_0"
    ],
    "ultima_modificacion": "2025-08-01 01:01:59.348267"
  },
  "5e997bc524561b580": {
    "app_sintetizada": "5E997BC524561B580",
    "cantidad_archivos": 1,
    "archivos_fuente": [
      "Library/Caches/Google/Chrome/Default/Cache/Cache_Data/5e997bc524561b58_0"
    ],
    "ultima_modificacion": "2025-08-01 01:01:59.348599"
  },
  "32bd21b212f8865e0": {
    "app_sintetizada": "32BD21B212F8865E0",
    "cantidad_archivos": 1,
    "archivos_fuente": [
      "Library/Caches/Google/Chrome/Default/Cache/Cache_Data/32bd21b212f8865e_0"
    ],
    "ultima_modificacion": "2025-08-01 01:01:59.348975"
  },
  "3f71cf687bec1ef70": {
    "app_sintetizada": "3F71CF687BEC1EF70",
    "cantidad_archivos": 1,
    "archivos_fuente": [
      "Library/Caches/Google/Chrome/Default/Cache/Cache_Data/3f71cf687bec1ef7_0"
    ],
    "ultima_modificacion": "2025-08-01 01:01:59.349345"
  },
  "88b9a7c67eeb30c90": {
    "app_sintetizada": "88B9A7C67EEB30C90",
    "cantidad_archivos": 1,
    "archivos_fuente": [
      "Library/Caches/Google/Chrome/Default/Cache/Cache_Data/88b9a7c67eeb30c9_0"
    ],
    "ultima_modificacion": "2025-08-01 01:01:59.349669"
  },
  "967d304e94c13ecc0": {
    "app_sintetizada": "967D304E94C13ECC0",
    "cantidad_archivos": 1,
    "archivos_fuente": [
      "Library/Caches/Google/Chrome/Default/Cache/Cache_Data/967d304e94c13ecc_0"
    ],
    "ultima_modificacion": "2025-08-01 01:01:59.350066"
  },
  "46843022b22fe2160": {
    "app_sintetizada": "46843022B22FE2160",
    "cantidad_archivos": 1,
    "archivos_fuente": [
      "Library/Caches/Google/Chrome/Default/Cache/Cache_Data/46843022b22fe216_0"
    ],
    "ultima_modificacion": "2025-08-01 01:01:59.350969"
  },
  "870aff89df6e3b3d0": {
    "app_sintetizada": "870AFF89DF6E3B3D0",
    "cantidad_archivos": 1,
    "archivos_fuente": [
      "Library/Caches/Google/Chrome/Default/Cache/Cache_Data/870aff89df6e3b3d_0"
    ],
    "ultima_modificacion": "2025-08-01 01:01:59.351684"
  },
  "0cf94f2914615b9d0": {
    "app_sintetizada": "0CF94F2914615B9D0",
    "cantidad_archivos": 1,
    "archivos_fuente": [
      "Library/Caches/Google/Chrome/Default/Cache/Cache_Data/0cf94f2914615b9d_0"
    ],
    "ultima_modificacion": "2025-08-01 01:01:59.352076"
  },
  "55027c17105b6ed40": {
    "app_sintetizada": "55027C17105B6ED40",
    "cantidad_archivos": 1,
    "archivos_fuente": [
      "Library/Caches/Google/Chrome/Default/Cache/Cache_Data/55027c17105b6ed4_0"
    ],
    "ultima_modificacion": "2025-08-01 01:01:59.352411"
  },
  "53b445c29d94b4300": {
    "app_sintetizada": "53B445C29D94B4300",
    "cantidad_archivos": 1,
    "archivos_fuente": [
      "Library/Caches/Google/Chrome/Default/Cache/Cache_Data/53b445c29d94b430_0"
    ],
    "ultima_modificacion": "2025-08-01 01:01:59.352848"
  },
  "dc577fd9333d38a00": {
    "app_sintetizada": "DC577FD9333D38A00",
    "cantidad_archivos": 1,
    "archivos_fuente": [
      "Library/Caches/Google/Chrome/Default/Cache/Cache_Data/dc577fd9333d38a0_0"
    ],
    "ultima_modificacion": "2025-08-01 01:01:59.353238"
  },
  "ec9cd0ecd83361a40": {
    "app_sintetizada": "EC9CD0ECD83361A40",
    "cantidad_archivos": 1,
    "archivos_fuente": [
      "Library/Caches/Google/Chrome/Default/Cache/Cache_Data/ec9cd0ecd83361a4_0"
    ],
    "ultima_modificacion": "2025-08-01 01:01:59.353644"
  },
  "06f734aa10c237a10": {
    "app_sintetizada": "06F734AA10C237A10",
    "cantidad_archivos": 1,
    "archivos_fuente": [
      "Library/Caches/Google/Chrome/Default/Cache/Cache_Data/06f734aa10c237a1_0"
    ],
    "ultima_modificacion": "2025-08-01 01:01:59.354068"
  },
  "aedc5b845827d3470": {
    "app_sintetizada": "AEDC5B845827D3470",
    "cantidad_archivos": 1,
    "archivos_fuente": [
      "Library/Caches/Google/Chrome/Default/Cache/Cache_Data/aedc5b845827d347_0"
    ],
    "ultima_modificacion": "2025-08-01 01:01:59.354430"
  },
  "15983974b6e5e79f0": {
    "app_sintetizada": "15983974B6E5E79F0",
    "cantidad_archivos": 1,
    "archivos_fuente": [
      "Library/Caches/Google/Chrome/Default/Cache/Cache_Data/15983974b6e5e79f_0"
    ],
    "ultima_modificacion": "2025-08-01 01:01:59.354856"
  },
  "41f44f4ef83b50fc0": {
    "app_sintetizada": "41F44F4EF83B50FC0",
    "cantidad_archivos": 1,
    "archivos_fuente": [
      "Library/Caches/Google/Chrome/Default/Cache/Cache_Data/41f44f4ef83b50fc_0"
    ],
    "ultima_modificacion": "2025-08-01 01:01:59.355194"
  },
  "b8763a3d19b3daaa0": {
    "app_sintetizada": "B8763A3D19B3DAAA0",
    "cantidad_archivos": 1,
    "archivos_fuente": [
      "Library/Caches/Google/Chrome/Default/Cache/Cache_Data/b8763a3d19b3daaa_0"
    ],
    "ultima_modificacion": "2025-08-01 01:01:59.355615"
  },
  "dd4d3d08a2c5a1460": {
    "app_sintetizada": "DD4D3D08A2C5A1460",
    "cantidad_archivos": 1,
    "archivos_fuente": [
      "Library/Caches/Google/Chrome/Default/Cache/Cache_Data/dd4d3d08a2c5a146_0"
    ],
    "ultima_modificacion": "2025-08-01 01:01:59.355954"
  },
  "64936eb83c4ab41b0": {
    "app_sintetizada": "64936EB83C4AB41B0",
    "cantidad_archivos": 1,
    "archivos_fuente": [
      "Library/Caches/Google/Chrome/Default/Cache/Cache_Data/64936eb83c4ab41b_0"
    ],
    "ultima_modificacion": "2025-08-01 01:01:59.356307"
  },
  "62b3ef625b4bfc8a0": {
    "app_sintetizada": "62B3EF625B4BFC8A0",
    "cantidad_archivos": 1,
    "archivos_fuente": [
      "Library/Caches/Google/Chrome/Default/Cache/Cache_Data/62b3ef625b4bfc8a_0"
    ],
    "ultima_modificacion": "2025-08-01 01:01:59.356687"
  },
  "13a6d872a7a761f00": {
    "app_sintetizada": "13A6D872A7A761F00",
    "cantidad_archivos": 1,
    "archivos_fuente": [
      "Library/Caches/Google/Chrome/Default/Cache/Cache_Data/13a6d872a7a761f0_0"
    ],
    "ultima_modificacion": "2025-08-01 01:01:59.357129"
  },
  "53b25f5f4669e9c80": {
    "app_sintetizada": "53B25F5F4669E9C80",
    "cantidad_archivos": 1,
    "archivos_fuente": [
      "Library/Caches/Google/Chrome/Default/Cache/Cache_Data/53b25f5f4669e9c8_0"
    ],
    "ultima_modificacion": "2025-08-01 01:01:59.357488"
  },
  "70ffe22aae4f0adb0": {
    "app_sintetizada": "70FFE22AAE4F0ADB0",
    "cantidad_archivos": 1,
    "archivos_fuente": [
      "Library/Caches/Google/Chrome/Default/Cache/Cache_Data/70ffe22aae4f0adb_0"
    ],
    "ultima_modificacion": "2025-08-01 01:01:59.357858"
  },
  "1a2d1b881e57f6760": {
    "app_sintetizada": "1A2D1B881E57F6760",
    "cantidad_archivos": 1,
    "archivos_fuente": [
      "Library/Caches/Google/Chrome/Default/Cache/Cache_Data/1a2d1b881e57f676_0"
    ],
    "ultima_modificacion": "2025-08-01 01:01:59.358275"
  },
  "fda62b075075ed8c0": {
    "app_sintetizada": "FDA62B075075ED8C0",
    "cantidad_archivos": 1,
    "archivos_fuente": [
      "Library/Caches/Google/Chrome/Default/Cache/Cache_Data/fda62b075075ed8c_0"
    ],
    "ultima_modificacion": "2025-08-01 01:01:59.358681"
  },
  "0780c17de9b1e4390": {
    "app_sintetizada": "0780C17DE9B1E4390",
    "cantidad_archivos": 1,
    "archivos_fuente": [
      "Library/Caches/Google/Chrome/Default/Cache/Cache_Data/0780c17de9b1e439_0"
    ],
    "ultima_modificacion": "2025-08-01 01:01:59.359057"
  },
  "f9905cc31f2c49610": {
    "app_sintetizada": "F9905CC31F2C49610",
    "cantidad_archivos": 1,
    "archivos_fuente": [
      "Library/Caches/Google/Chrome/Default/Cache/Cache_Data/f9905cc31f2c4961_0"
    ],
    "ultima_modificacion": "2025-08-01 01:01:59.359546"
  },
  "afb9874b4b2299c60": {
    "app_sintetizada": "AFB9874B4B2299C60",
    "cantidad_archivos": 1,
    "archivos_fuente": [
      "Library/Caches/Google/Chrome/Default/Cache/Cache_Data/afb9874b4b2299c6_0"
    ],
    "ultima_modificacion": "2025-08-01 01:01:59.359870"
  },
  "25f8c5b2d87899e50": {
    "app_sintetizada": "25F8C5B2D87899E50",
    "cantidad_archivos": 1,
    "archivos_fuente": [
      "Library/Caches/Google/Chrome/Default/Cache/Cache_Data/25f8c5b2d87899e5_0"
    ],
    "ultima_modificacion": "2025-08-01 01:01:59.360165"
  },
  "e50ca7272ee1b0700": {
    "app_sintetizada": "E50CA7272EE1B0700",
    "cantidad_archivos": 1,
    "archivos_fuente": [
      "Library/Caches/Google/Chrome/Default/Cache/Cache_Data/e50ca7272ee1b070_0"
    ],
    "ultima_modificacion": "2025-08-01 01:01:59.360450"
  },
  "3882b4dc01b5d01a0": {
    "app_sintetizada": "3882B4DC01B5D01A0",
    "cantidad_archivos": 1,
    "archivos_fuente": [
      "Library/Caches/Google/Chrome/Default/Cache/Cache_Data/3882b4dc01b5d01a_0"
    ],
    "ultima_modificacion": "2025-08-01 01:01:59.360736"
  },
  "1d0d155b60b12de50": {
    "app_sintetizada": "1D0D155B60B12DE50",
    "cantidad_archivos": 1,
    "archivos_fuente": [
      "Library/Caches/Google/Chrome/Default/Cache/Cache_Data/1d0d155b60b12de5_0"
    ],
    "ultima_modificacion": "2025-08-01 01:01:59.361013"
  },
  "afca2bb06eb30dc60": {
    "app_sintetizada": "AFCA2BB06EB30DC60",
    "cantidad_archivos": 1,
    "archivos_fuente": [
      "Library/Caches/Google/Chrome/Default/Cache/Cache_Data/afca2bb06eb30dc6_0"
    ],
    "ultima_modificacion": "2025-08-01 01:01:59.361317"
  },
  "3541c87024a510240": {
    "app_sintetizada": "3541C87024A510240",
    "cantidad_archivos": 1,
    "archivos_fuente": [
      "Library/Caches/Google/Chrome/Default/Cache/Cache_Data/3541c87024a51024_0"
    ],
    "ultima_modificacion": "2025-08-01 01:01:59.361624"
  },
  "b0164bb46d2fe5310": {
    "app_sintetizada": "B0164BB46D2FE5310",
    "cantidad_archivos": 1,
    "archivos_fuente": [
      "Library/Caches/Google/Chrome/Default/Cache/Cache_Data/b0164bb46d2fe531_0"
    ],
    "ultima_modificacion": "2025-08-01 01:01:59.362044"
  },
  "210ceefccb2c68f00": {
    "app_sintetizada": "210CEEFCCB2C68F00",
    "cantidad_archivos": 1,
    "archivos_fuente": [
      "Library/Caches/Google/Chrome/Default/Cache/Cache_Data/210ceefccb2c68f0_0"
    ],
    "ultima_modificacion": "2025-08-01 01:01:59.362376"
  },
  "6ff57c5f605580da0": {
    "app_sintetizada": "6FF57C5F605580DA0",
    "cantidad_archivos": 1,
    "archivos_fuente": [
      "Library/Caches/Google/Chrome/Default/Cache/Cache_Data/6ff57c5f605580da_0"
    ],
    "ultima_modificacion": "2025-08-01 01:01:59.362693"
  },
  "5829658146068a3f0": {
    "app_sintetizada": "5829658146068A3F0",
    "cantidad_archivos": 1,
    "archivos_fuente": [
      "Library/Caches/Google/Chrome/Default/Cache/Cache_Data/5829658146068a3f_0"
    ],
    "ultima_modificacion": "2025-08-01 01:01:59.363056"
  },
  "c88c3050333ec5d90": {
    "app_sintetizada": "C88C3050333EC5D90",
    "cantidad_archivos": 1,
    "archivos_fuente": [
      "Library/Caches/Google/Chrome/Default/Cache/Cache_Data/c88c3050333ec5d9_0"
    ],
    "ultima_modificacion": "2025-08-01 01:01:59.363343"
  },
  "b2519aa3b95fb5130": {
    "app_sintetizada": "B2519AA3B95FB5130",
    "cantidad_archivos": 1,
    "archivos_fuente": [
      "Library/Caches/Google/Chrome/Default/Cache/Cache_Data/b2519aa3b95fb513_0"
    ],
    "ultima_modificacion": "2025-08-01 01:01:59.363602"
  },
  "bf655733071dd0480": {
    "app_sintetizada": "BF655733071DD0480",
    "cantidad_archivos": 1,
    "archivos_fuente": [
      "Library/Caches/Google/Chrome/Default/Cache/Cache_Data/bf655733071dd048_0"
    ],
    "ultima_modificacion": "2025-08-01 01:01:59.363940"
  },
  "399057163441af1f0": {
    "app_sintetizada": "399057163441AF1F0",
    "cantidad_archivos": 1,
    "archivos_fuente": [
      "Library/Caches/Google/Chrome/Default/Cache/Cache_Data/399057163441af1f_0"
    ],
    "ultima_modificacion": "2025-08-01 01:01:59.364205"
  },
  "00ac9b8b53ab50ec0": {
    "app_sintetizada": "00AC9B8B53AB50EC0",
    "cantidad_archivos": 1,
    "archivos_fuente": [
      "Library/Caches/Google/Chrome/Default/Cache/Cache_Data/00ac9b8b53ab50ec_0"
    ],
    "ultima_modificacion": "2025-08-01 01:01:59.364474"
  },
  "a2dc813eab5f12570": {
    "app_sintetizada": "A2DC813EAB5F12570",
    "cantidad_archivos": 1,
    "archivos_fuente": [
      "Library/Caches/Google/Chrome/Default/Cache/Cache_Data/a2dc813eab5f1257_0"
    ],
    "ultima_modificacion": "2025-08-01 01:01:59.364786"
  },
  "1f43cf344d53d9e70": {
    "app_sintetizada": "1F43CF344D53D9E70",
    "cantidad_archivos": 1,
    "archivos_fuente": [
      "Library/Caches/Google/Chrome/Default/Cache/Cache_Data/1f43cf344d53d9e7_0"
    ],
    "ultima_modificacion": "2025-08-01 01:01:59.365090"
  },
  "08ebc9aa4db3217b0": {
    "app_sintetizada": "08EBC9AA4DB3217B0",
    "cantidad_archivos": 1,
    "archivos_fuente": [
      "Library/Caches/Google/Chrome/Default/Cache/Cache_Data/08ebc9aa4db3217b_0"
    ],
    "ultima_modificacion": "2025-08-01 01:01:59.365348"
  },
  "046f0c87d85d238a0": {
    "app_sintetizada": "046F0C87D85D238A0",
    "cantidad_archivos": 1,
    "archivos_fuente": [
      "Library/Caches/Google/Chrome/Default/Cache/Cache_Data/046f0c87d85d238a_0"
    ],
    "ultima_modificacion": "2025-08-01 01:01:59.365611"
  },
  "afddb9d206d049fc0": {
    "app_sintetizada": "AFDDB9D206D049FC0",
    "cantidad_archivos": 1,
    "archivos_fuente": [
      "Library/Caches/Google/Chrome/Default/Cache/Cache_Data/afddb9d206d049fc_0"
    ],
    "ultima_modificacion": "2025-08-01 01:01:59.365875"
  },
  "335bca203327b3350": {
    "app_sintetizada": "335BCA203327B3350",
    "cantidad_archivos": 1,
    "archivos_fuente": [
      "Library/Caches/Google/Chrome/Default/Cache/Cache_Data/335bca203327b335_0"
    ],
    "ultima_modificacion": "2025-08-01 01:01:59.366130"
  },
  "e3264c6da19b82f70": {
    "app_sintetizada": "E3264C6DA19B82F70",
    "cantidad_archivos": 1,
    "archivos_fuente": [
      "Library/Caches/Google/Chrome/Default/Cache/Cache_Data/e3264c6da19b82f7_0"
    ],
    "ultima_modificacion": "2025-08-01 01:01:59.366484"
  },
  "410b462752e39cbb0": {
    "app_sintetizada": "410B462752E39CBB0",
    "cantidad_archivos": 1,
    "archivos_fuente": [
      "Library/Caches/Google/Chrome/Default/Cache/Cache_Data/410b462752e39cbb_0"
    ],
    "ultima_modificacion": "2025-08-01 01:01:59.366738"
  },
  "275657b6b76f78770": {
    "app_sintetizada": "275657B6B76F78770",
    "cantidad_archivos": 1,
    "archivos_fuente": [
      "Library/Caches/Google/Chrome/Default/Cache/Cache_Data/275657b6b76f7877_0"
    ],
    "ultima_modificacion": "2025-08-01 01:01:59.367003"
  },
  "b1ea048f0cadac160": {
    "app_sintetizada": "B1EA048F0CADAC160",
    "cantidad_archivos": 1,
    "archivos_fuente": [
      "Library/Caches/Google/Chrome/Default/Cache/Cache_Data/b1ea048f0cadac16_0"
    ],
    "ultima_modificacion": "2025-08-01 01:01:59.367370"
  },
  "4d6af18195fe62630": {
    "app_sintetizada": "4D6AF18195FE62630",
    "cantidad_archivos": 1,
    "archivos_fuente": [
      "Library/Caches/Google/Chrome/Default/Cache/Cache_Data/4d6af18195fe6263_0"
    ],
    "ultima_modificacion": "2025-08-01 01:01:59.367698"
  },
  "ebf5785d5e1945550": {
    "app_sintetizada": "EBF5785D5E1945550",
    "cantidad_archivos": 1,
    "archivos_fuente": [
      "Library/Caches/Google/Chrome/Default/Cache/Cache_Data/ebf5785d5e194555_0"
    ],
    "ultima_modificacion": "2025-08-01 01:01:59.367959"
  },
  "87c27ec4ea3958b00": {
    "app_sintetizada": "87C27EC4EA3958B00",
    "cantidad_archivos": 1,
    "archivos_fuente": [
      "Library/Caches/Google/Chrome/Default/Cache/Cache_Data/87c27ec4ea3958b0_0"
    ],
    "ultima_modificacion": "2025-08-01 01:01:59.368237"
  },
  "a8e7bcac16806bf20": {
    "app_sintetizada": "A8E7BCAC16806BF20",
    "cantidad_archivos": 1,
    "archivos_fuente": [
      "Library/Caches/Google/Chrome/Default/Cache/Cache_Data/a8e7bcac16806bf2_0"
    ],
    "ultima_modificacion": "2025-08-01 01:01:59.368476"
  },
  "444d8515283d37b30": {
    "app_sintetizada": "444D8515283D37B30",
    "cantidad_archivos": 1,
    "archivos_fuente": [
      "Library/Caches/Google/Chrome/Default/Cache/Cache_Data/444d8515283d37b3_0"
    ],
    "ultima_modificacion": "2025-08-01 01:01:59.368745"
  },
  "aa6a1c1ef004c69a0": {
    "app_sintetizada": "AA6A1C1EF004C69A0",
    "cantidad_archivos": 1,
    "archivos_fuente": [
      "Library/Caches/Google/Chrome/Default/Cache/Cache_Data/aa6a1c1ef004c69a_0"
    ],
    "ultima_modificacion": "2025-08-01 01:01:59.368996"
  },
  "842f852a95b5737b0": {
    "app_sintetizada": "842F852A95B5737B0",
    "cantidad_archivos": 1,
    "archivos_fuente": [
      "Library/Caches/Google/Chrome/Default/Cache/Cache_Data/842f852a95b5737b_0"
    ],
    "ultima_modificacion": "2025-08-01 01:01:59.369253"
  },
  "edf7945f3970d2720": {
    "app_sintetizada": "EDF7945F3970D2720",
    "cantidad_archivos": 1,
    "archivos_fuente": [
      "Library/Caches/Google/Chrome/Default/Cache/Cache_Data/edf7945f3970d272_0"
    ],
    "ultima_modificacion": "2025-08-01 01:01:59.369591"
  },
  "30f28d395125f4d80": {
    "app_sintetizada": "30F28D395125F4D80",
    "cantidad_archivos": 1,
    "archivos_fuente": [
      "Library/Caches/Google/Chrome/Default/Cache/Cache_Data/30f28d395125f4d8_0"
    ],
    "ultima_modificacion": "2025-08-01 01:01:59.369837"
  },
  "0029c9b7cee66fba0": {
    "app_sintetizada": "0029C9B7CEE66FBA0",
    "cantidad_archivos": 1,
    "archivos_fuente": [
      "Library/Caches/Google/Chrome/Default/Cache/Cache_Data/0029c9b7cee66fba_0"
    ],
    "ultima_modificacion": "2025-08-01 01:01:59.370064"
  },
  "45c942e5174cd5aa0": {
    "app_sintetizada": "45C942E5174CD5AA0",
    "cantidad_archivos": 1,
    "archivos_fuente": [
      "Library/Caches/Google/Chrome/Default/Cache/Cache_Data/45c942e5174cd5aa_0"
    ],
    "ultima_modificacion": "2025-08-01 01:01:59.370273"
  },
  "bd2d542cefbf258a0": {
    "app_sintetizada": "BD2D542CEFBF258A0",
    "cantidad_archivos": 1,
    "archivos_fuente": [
      "Library/Caches/Google/Chrome/Default/Cache/Cache_Data/bd2d542cefbf258a_0"
    ],
    "ultima_modificacion": "2025-08-01 01:01:59.370477"
  },
  "340915909f482ea20": {
    "app_sintetizada": "340915909F482EA20",
    "cantidad_archivos": 1,
    "archivos_fuente": [
      "Library/Caches/Google/Chrome/Default/Cache/Cache_Data/340915909f482ea2_0"
    ],
    "ultima_modificacion": "2025-08-01 01:01:59.370673"
  },
  "005cdb123c8195510": {
    "app_sintetizada": "005CDB123C8195510",
    "cantidad_archivos": 1,
    "archivos_fuente": [
      "Library/Caches/Google/Chrome/Default/Cache/Cache_Data/005cdb123c819551_0"
    ],
    "ultima_modificacion": "2025-08-01 01:01:59.370872"
  },
  "77e5c261e4acc04f0": {
    "app_sintetizada": "77E5C261E4ACC04F0",
    "cantidad_archivos": 1,
    "archivos_fuente": [
      "Library/Caches/Google/Chrome/Default/Cache/Cache_Data/77e5c261e4acc04f_0"
    ],
    "ultima_modificacion": "2025-08-01 01:01:59.371081"
  },
  "25211f9a62b6cac20": {
    "app_sintetizada": "25211F9A62B6CAC20",
    "cantidad_archivos": 1,
    "archivos_fuente": [
      "Library/Caches/Google/Chrome/Default/Cache/Cache_Data/25211f9a62b6cac2_0"
    ],
    "ultima_modificacion": "2025-08-01 01:01:59.371277"
  },
  "876bbd618aaeec0d0": {
    "app_sintetizada": "876BBD618AAEEC0D0",
    "cantidad_archivos": 1,
    "archivos_fuente": [
      "Library/Caches/Google/Chrome/Default/Cache/Cache_Data/876bbd618aaeec0d_0"
    ],
    "ultima_modificacion": "2025-08-01 01:01:59.371577"
  },
  "6bbc6cde5b1338980": {
    "app_sintetizada": "6BBC6CDE5B1338980",
    "cantidad_archivos": 1,
    "archivos_fuente": [
      "Library/Caches/Google/Chrome/Default/Cache/Cache_Data/6bbc6cde5b133898_0"
    ],
    "ultima_modificacion": "2025-08-01 01:01:59.371901"
  },
  "504595d7aa7c540f0": {
    "app_sintetizada": "504595D7AA7C540F0",
    "cantidad_archivos": 1,
    "archivos_fuente": [
      "Library/Caches/Google/Chrome/Default/Cache/Cache_Data/504595d7aa7c540f_0"
    ],
    "ultima_modificacion": "2025-08-01 01:01:59.372164"
  },
  "5e659102bffb313f0": {
    "app_sintetizada": "5E659102BFFB313F0",
    "cantidad_archivos": 1,
    "archivos_fuente": [
      "Library/Caches/Google/Chrome/Default/Cache/Cache_Data/5e659102bffb313f_0"
    ],
    "ultima_modificacion": "2025-08-01 01:01:59.372379"
  },
  "0daf0b17f80c4ceb0": {
    "app_sintetizada": "0DAF0B17F80C4CEB0",
    "cantidad_archivos": 1,
    "archivos_fuente": [
      "Library/Caches/Google/Chrome/Default/Cache/Cache_Data/0daf0b17f80c4ceb_0"
    ],
    "ultima_modificacion": "2025-08-01 01:01:59.372586"
  },
  "a2a5502e370c550f0": {
    "app_sintetizada": "A2A5502E370C550F0",
    "cantidad_archivos": 1,
    "archivos_fuente": [
      "Library/Caches/Google/Chrome/Default/Cache/Cache_Data/a2a5502e370c550f_0"
    ],
    "ultima_modificacion": "2025-08-01 01:01:59.372794"
  },
  "466f991744f7bf470": {
    "app_sintetizada": "466F991744F7BF470",
    "cantidad_archivos": 1,
    "archivos_fuente": [
      "Library/Caches/Google/Chrome/Default/Cache/Cache_Data/466f991744f7bf47_0"
    ],
    "ultima_modificacion": "2025-08-01 01:01:59.373007"
  },
  "383ae643aa5739e90": {
    "app_sintetizada": "383AE643AA5739E90",
    "cantidad_archivos": 1,
    "archivos_fuente": [
      "Library/Caches/Google/Chrome/Default/Cache/Cache_Data/383ae643aa5739e9_0"
    ],
    "ultima_modificacion": "2025-08-01 01:01:59.373211"
  },
  "9d6c062a4b83e6f60": {
    "app_sintetizada": "9D6C062A4B83E6F60",
    "cantidad_archivos": 1,
    "archivos_fuente": [
      "Library/Caches/Google/Chrome/Default/Cache/Cache_Data/9d6c062a4b83e6f6_0"
    ],
    "ultima_modificacion": "2025-08-01 01:01:59.373445"
  },
  "cbc2952a4c09c0770": {
    "app_sintetizada": "CBC2952A4C09C0770",
    "cantidad_archivos": 1,
    "archivos_fuente": [
      "Library/Caches/Google/Chrome/Default/Cache/Cache_Data/cbc2952a4c09c077_0"
    ],
    "ultima_modificacion": "2025-08-01 01:01:59.373751"
  },
  "b65ce52c2d8bb42b0": {
    "app_sintetizada": "B65CE52C2D8BB42B0",
    "cantidad_archivos": 1,
    "archivos_fuente": [
      "Library/Caches/Google/Chrome/Default/Cache/Cache_Data/b65ce52c2d8bb42b_0"
    ],
    "ultima_modificacion": "2025-08-01 01:01:59.374015"
  },
  "b8078641d6cf96d30": {
    "app_sintetizada": "B8078641D6CF96D30",
    "cantidad_archivos": 1,
    "archivos_fuente": [
      "Library/Caches/Google/Chrome/Default/Cache/Cache_Data/b8078641d6cf96d3_0"
    ],
    "ultima_modificacion": "2025-08-01 01:01:59.374282"
  },
  "889c3b79cc956e6b0": {
    "app_sintetizada": "889C3B79CC956E6B0",
    "cantidad_archivos": 1,
    "archivos_fuente": [
      "Library/Caches/Google/Chrome/Default/Cache/Cache_Data/889c3b79cc956e6b_0"
    ],
    "ultima_modificacion": "2025-08-01 01:01:59.374535"
  },
  "5d44dc9e4a48c2bc0": {
    "app_sintetizada": "5D44DC9E4A48C2BC0",
    "cantidad_archivos": 1,
    "archivos_fuente": [
      "Library/Caches/Google/Chrome/Default/Cache/Cache_Data/5d44dc9e4a48c2bc_0"
    ],
    "ultima_modificacion": "2025-08-01 01:01:59.374893"
  },
  "e65bcce02af759910": {
    "app_sintetizada": "E65BCCE02AF759910",
    "cantidad_archivos": 1,
    "archivos_fuente": [
      "Library/Caches/Google/Chrome/Default/Cache/Cache_Data/e65bcce02af75991_0"
    ],
    "ultima_modificacion": "2025-08-01 01:01:59.375230"
  },
  "e84a2ed4d9a579630": {
    "app_sintetizada": "E84A2ED4D9A579630",
    "cantidad_archivos": 1,
    "archivos_fuente": [
      "Library/Caches/Google/Chrome/Default/Cache/Cache_Data/e84a2ed4d9a57963_0"
    ],
    "ultima_modificacion": "2025-08-01 01:01:59.375505"
  },
  "926d0138ee9e93330": {
    "app_sintetizada": "926D0138EE9E93330",
    "cantidad_archivos": 1,
    "archivos_fuente": [
      "Library/Caches/Google/Chrome/Default/Cache/Cache_Data/926d0138ee9e9333_0"
    ],
    "ultima_modificacion": "2025-08-01 01:01:59.375773"
  },
  "514d06a24e8de4300": {
    "app_sintetizada": "514D06A24E8DE4300",
    "cantidad_archivos": 1,
    "archivos_fuente": [
      "Library/Caches/Google/Chrome/Default/Cache/Cache_Data/514d06a24e8de430_0"
    ],
    "ultima_modificacion": "2025-08-01 01:01:59.375985"
  },
  "dbeefec78e8474680": {
    "app_sintetizada": "DBEEFEC78E8474680",
    "cantidad_archivos": 1,
    "archivos_fuente": [
      "Library/Caches/Google/Chrome/Default/Cache/Cache_Data/dbeefec78e847468_0"
    ],
    "ultima_modificacion": "2025-08-01 01:01:59.376186"
  },
  "340ce1e6c3e692870": {
    "app_sintetizada": "340CE1E6C3E692870",
    "cantidad_archivos": 1,
    "archivos_fuente": [
      "Library/Caches/Google/Chrome/Default/Cache/Cache_Data/340ce1e6c3e69287_0"
    ],
    "ultima_modificacion": "2025-08-01 01:01:59.376393"
  },
  "64dfdb1acb72e28e0": {
    "app_sintetizada": "64DFDB1ACB72E28E0",
    "cantidad_archivos": 1,
    "archivos_fuente": [
      "Library/Caches/Google/Chrome/Default/Cache/Cache_Data/64dfdb1acb72e28e_0"
    ],
    "ultima_modificacion": "2025-08-01 01:01:59.376588"
  }
}