{
  "b7e867a418e523580": {
    "app_sintetizada": "B7E867A418E523580",
    "cantidad_archivos": 1,
    "archivos_fuente": [
      "Library/Caches/Google/Chrome/Default/Cache/Cache_Data/b7e867a418e52358_0"
    ],
    "ultima_modificacion": "2025-08-01 01:01:59.376778"
  },
  "4ad00c6a4f9779020": {
    "app_sintetizada": "4AD00C6A4F9779020",
    "cantidad_archivos": 1,
    "archivos_fuente": [
      "Library/Caches/Google/Chrome/Default/Cache/Cache_Data/4ad00c6a4f977902_0"
    ],
    "ultima_modificacion": "2025-08-01 01:01:59.376968"
  },
  "323cdf8e2da9395a0": {
    "app_sintetizada": "323CDF8E2DA9395A0",
    "cantidad_archivos": 1,
    "archivos_fuente": [
      "Library/Caches/Google/Chrome/Default/Cache/Cache_Data/323cdf8e2da9395a_0"
    ],
    "ultima_modificacion": "2025-08-01 01:01:59.377152"
  },
  "ebf871917dbc70440": {
    "app_sintetizada": "EBF871917DBC70440",
    "cantidad_archivos": 1,
    "archivos_fuente": [
      "Library/Caches/Google/Chrome/Default/Cache/Cache_Data/ebf871917dbc7044_0"
    ],
    "ultima_modificacion": "2025-08-01 01:01:59.377341"
  },
  "53e79c04d95892dd0": {
    "app_sintetizada": "53E79C04D95892DD0",
    "cantidad_archivos": 1,
    "archivos_fuente": [
      "Library/Caches/Google/Chrome/Default/Cache/Cache_Data/53e79c04d95892dd_0"
    ],
    "ultima_modificacion": "2025-08-01 01:01:59.377553"
  },
  "ed9726f96bf9c3cc0": {
    "app_sintetizada": "ED9726F96BF9C3CC0",
    "cantidad_archivos": 1,
    "archivos_fuente": [
      "Library/Caches/Google/Chrome/Default/Cache/Cache_Data/ed9726f96bf9c3cc_0"
    ],
    "ultima_modificacion": "2025-08-01 01:01:59.377949"
  },
  "161ac6e31e0866910": {
    "app_sintetizada": "161AC6E31E0866910",
    "cantidad_archivos": 1,
    "archivos_fuente": [
      "Library/Caches/Google/Chrome/Default/Cache/Cache_Data/161ac6e31e086691_0"
    ],
    "ultima_modificacion": "2025-08-01 01:01:59.378205"
  },
  "877c79dbffea36230": {
    "app_sintetizada": "877C79DBFFEA36230",
    "cantidad_archivos": 1,
    "archivos_fuente": [
      "Library/Caches/Google/Chrome/Default/Cache/Cache_Data/877c79dbffea3623_0"
    ],
    "ultima_modificacion": "2025-08-01 01:01:59.378443"
  },
  "a8810fc378a552290": {
    "app_sintetizada": "A8810FC378A552290",
    "cantidad_archivos": 1,
    "archivos_fuente": [
      "Library/Caches/Google/Chrome/Default/Cache/Cache_Data/a8810fc378a55229_0"
    ],
    "ultima_modificacion": "2025-08-01 01:01:59.378785"
  },
  "0d018186f160df7a0": {
    "app_sintetizada": "0D018186F160DF7A0",
    "cantidad_archivos": 1,
    "archivos_fuente": [
      "Library/Caches/Google/Chrome/Default/Cache/Cache_Data/0d018186f160df7a_0"
    ],
    "ultima_modificacion": "2025-08-01 01:01:59.379016"
  },
  "89b132626594b3370": {
    "app_sintetizada": "89B132626594B3370",
    "cantidad_archivos": 1,
    "archivos_fuente": [
      "Library/Caches/Google/Chrome/Default/Cache/Cache_Data/89b132626594b337_0"
    ],
    "ultima_modificacion": "2025-08-01 01:01:59.379229"
  },
  "9af08dfe2182d80a0": {
    "app_sintetizada": "9AF08DFE2182D80A0",
    "cantidad_archivos": 1,
    "archivos_fuente": [
      "Library/Caches/Google/Chrome/Default/Cache/Cache_Data/9af08dfe2182d80a_0"
    ],
    "ultima_modificacion": "2025-08-01 01:01:59.379423"
  },
  "e43a471782be84180": {
    "app_sintetizada": "E43A471782BE84180",
    "cantidad_archivos": 1,
    "archivos_fuente": [
      "Library/Caches/Google/Chrome/Default/Cache/Cache_Data/e43a471782be8418_0"
    ],
    "ultima_modificacion": "2025-08-01 01:01:59.379621"
  },
  "fd98d845e9f60d070": {
    "app_sintetizada": "FD98D845E9F60D070",
    "cantidad_archivos": 1,
    "archivos_fuente": [
      "Library/Caches/Google/Chrome/Default/Cache/Cache_Data/fd98d845e9f60d07_0"
    ],
    "ultima_modificacion": "2025-08-01 01:01:59.379839"
  },
  "6ed344a1b82d42e00": {
    "app_sintetizada": "6ED344A1B82D42E00",
    "cantidad_archivos": 1,
    "archivos_fuente": [
      "Library/Caches/Google/Chrome/Default/Cache/Cache_Data/6ed344a1b82d42e0_0"
    ],
    "ultima_modificacion": "2025-08-01 01:01:59.380123"
  },
  "49f5cb6bb3d5e69d0": {
    "app_sintetizada": "49F5CB6BB3D5E69D0",
    "cantidad_archivos": 1,
    "archivos_fuente": [
      "Library/Caches/Google/Chrome/Default/Cache/Cache_Data/49f5cb6bb3d5e69d_0"
    ],
    "ultima_modificacion": "2025-08-01 01:01:59.380356"
  },
  "11478ed0ce6a509f0": {
    "app_sintetizada": "11478ED0CE6A509F0",
    "cantidad_archivos": 1,
    "archivos_fuente": [
      "Library/Caches/Google/Chrome/Default/Cache/Cache_Data/11478ed0ce6a509f_0"
    ],
    "ultima_modificacion": "2025-08-01 01:01:59.380587"
  },
  "547a6e3e4a037c210": {
    "app_sintetizada": "547A6E3E4A037C210",
    "cantidad_archivos": 1,
    "archivos_fuente": [
      "Library/Caches/Google/Chrome/Default/Cache/Cache_Data/547a6e3e4a037c21_0"
    ],
    "ultima_modificacion": "2025-08-01 01:01:59.380806"
  },
  "ce7a2d9979e181b00": {
    "app_sintetizada": "CE7A2D9979E181B00",
    "cantidad_archivos": 1,
    "archivos_fuente": [
      "Library/Caches/Google/Chrome/Default/Cache/Cache_Data/ce7a2d9979e181b0_0"
    ],
    "ultima_modificacion": "2025-08-01 01:01:59.381008"
  },
  "b0e398000c7a64d80": {
    "app_sintetizada": "B0E398000C7A64D80",
    "cantidad_archivos": 1,
    "archivos_fuente": [
      "Library/Caches/Google/Chrome/Default/Cache/Cache_Data/b0e398000c7a64d8_0"
    ],
    "ultima_modificacion": "2025-08-01 01:01:59.381205"
  },
  "3774aecd61c921340": {
    "app_sintetizada": "3774AECD61C921340",
    "cantidad_archivos": 1,
    "archivos_fuente": [
      "Library/Caches/Google/Chrome/Default/Cache/Cache_Data/3774aecd61c92134_0"
    ],
    "ultima_modificacion": "2025-08-01 01:01:59.381394"
  },
  "e7a3a3883840119c0": {
    "app_sintetizada": "E7A3A3883840119C0",
    "cantidad_archivos": 1,
    "archivos_fuente": [
      "Library/Caches/Google/Chrome/Default/Cache/Cache_Data/e7a3a3883840119c_0"
    ],
    "ultima_modificacion": "2025-08-01 01:01:59.381675"
  },
  "269a7bff595940de0": {
    "app_sintetizada": "269A7BFF595940DE0",
    "cantidad_archivos": 1,
    "archivos_fuente": [
      "Library/Caches/Google/Chrome/Default/Cache/Cache_Data/269a7bff595940de_0"
    ],
    "ultima_modificacion": "2025-08-01 01:01:59.381984"
  },
  "ca0c95ef2862a6130": {
    "app_sintetizada": "CA0C95EF2862A6130",
    "cantidad_archivos": 1,
    "archivos_fuente": [
      "Library/Caches/Google/Chrome/Default/Cache/Cache_Data/ca0c95ef2862a613_0"
    ],
    "ultima_modificacion": "2025-08-01 01:01:59.382231"
  },
  "803e9bdc20245aeb0": {
    "app_sintetizada": "803E9BDC20245AEB0",
    "cantidad_archivos": 1,
    "archivos_fuente": [
      "Library/Caches/Google/Chrome/Default/Cache/Cache_Data/803e9bdc20245aeb_0"
    ],
    "ultima_modificacion": "2025-08-01 01:01:59.382546"
  },
  "ea38c128ad1350ad0": {
    "app_sintetizada": "EA38C128AD1350AD0",
    "cantidad_archivos": 1,
    "archivos_fuente": [
      "Library/Caches/Google/Chrome/Default/Cache/Cache_Data/ea38c128ad1350ad_0"
    ],
    "ultima_modificacion": "2025-08-01 01:01:59.382767"
  },
  "8cbd432685bc122a0": {
    "app_sintetizada": "8CBD432685BC122A0",
    "cantidad_archivos": 1,
    "archivos_fuente": [
      "Library/Caches/Google/Chrome/Default/Cache/Cache_Data/8cbd432685bc122a_0"
    ],
    "ultima_modificacion": "2025-08-01 01:01:59.382965"
  },
  "abd70e2d82ca1bbd0": {
    "app_sintetizada": "ABD70E2D82CA1BBD0",
    "cantidad_archivos": 1,
    "archivos_fuente": [
      "Library/Caches/Google/Chrome/Default/Cache/Cache_Data/abd70e2d82ca1bbd_0"
    ],
    "ultima_modificacion": "2025-08-01 01:01:59.383151"
  },
  "89c1219faa3c30450": {
    "app_sintetizada": "89C1219FAA3C30450",
    "cantidad_archivos": 1,
    "archivos_fuente": [
      "Library/Caches/Google/Chrome/Default/Cache/Cache_Data/89c1219faa3c3045_0"
    ],
    "ultima_modificacion": "2025-08-01 01:01:59.383335"
  },
  "7c081d57867c92680": {
    "app_sintetizada": "7C081D57867C92680",
    "cantidad_archivos": 1,
    "archivos_fuente": [
      "Library/Caches/Google/Chrome/Default/Cache/Cache_Data/7c081d57867c9268_0"
    ],
    "ultima_modificacion": "2025-08-01 01:01:59.383546"
  },
  "0fd85f69f50164f30": {
    "app_sintetizada": "0FD85F69F50164F30",
    "cantidad_archivos": 1,
    "archivos_fuente": [
      "Library/Caches/Google/Chrome/Default/Cache/Cache_Data/0fd85f69f50164f3_0"
    ],
    "ultima_modificacion": "2025-08-01 01:01:59.383721"
  },
  "865d682c5ade83220": {
    "app_sintetizada": "865D682C5ADE83220",
    "cantidad_archivos": 1,
    "archivos_fuente": [
      "Library/Caches/Google/Chrome/Default/Cache/Cache_Data/865d682c5ade8322_0"
    ],
    "ultima_modificacion": "2025-08-01 01:01:59.383902"
  },
  "7cbfbb4cb38ad0350": {
    "app_sintetizada": "7CBFBB4CB38AD0350",
    "cantidad_archivos": 1,
    "archivos_fuente": [
      "Library/Caches/Google/Chrome/Default/Cache/Cache_Data/7cbfbb4cb38ad035_0"
    ],
    "ultima_modificacion": "2025-08-01 01:01:59.384081"
  },
  "983d855ac83d7d590": {
    "app_sintetizada": "983D855AC83D7D590",
    "cantidad_archivos": 1,
    "archivos_fuente": [
      "Library/Caches/Google/Chrome/Default/Cache/Cache_Data/983d855ac83d7d59_0"
    ],
    "ultima_modificacion": "2025-08-01 01:01:59.384322"
  },
  "9e242917a85d1d110": {
    "app_sintetizada": "9E242917A85D1D110",
    "cantidad_archivos": 1,
    "archivos_fuente": [
      "Library/Caches/Google/Chrome/Default/Cache/Cache_Data/9e242917a85d1d11_0"
    ],
    "ultima_modificacion": "2025-08-01 01:01:59.384598"
  },
  "d09b252ef3c36df40": {
    "app_sintetizada": "D09B252EF3C36DF40",
    "cantidad_archivos": 1,
    "archivos_fuente": [
      "Library/Caches/Google/Chrome/Default/Cache/Cache_Data/d09b252ef3c36df4_0"
    ],
    "ultima_modificacion": "2025-08-01 01:01:59.384882"
  },
  "e19ea3f4df3b16d20": {
    "app_sintetizada": "E19EA3F4DF3B16D20",
    "cantidad_archivos": 1,
    "archivos_fuente": [
      "Library/Caches/Google/Chrome/Default/Cache/Cache_Data/e19ea3f4df3b16d2_0"
    ],
    "ultima_modificacion": "2025-08-01 01:01:59.385094"
  },
  "f57b351924d1d8840": {
    "app_sintetizada": "F57B351924D1D8840",
    "cantidad_archivos": 1,
    "archivos_fuente": [
      "Library/Caches/Google/Chrome/Default/Cache/Cache_Data/f57b351924d1d884_0"
    ],
    "ultima_modificacion": "2025-08-01 01:01:59.385292"
  },
  "06341c37310c2a810": {
    "app_sintetizada": "06341C37310C2A810",
    "cantidad_archivos": 1,
    "archivos_fuente": [
      "Library/Caches/Google/Chrome/Default/Cache/Cache_Data/06341c37310c2a81_0"
    ],
    "ultima_modificacion": "2025-08-01 01:01:59.385497"
  },
  "d8f08971377e42ff0": {
    "app_sintetizada": "D8F08971377E42FF0",
    "cantidad_archivos": 1,
    "archivos_fuente": [
      "Library/Caches/Google/Chrome/Default/Cache/Cache_Data/d8f08971377e42ff_0"
    ],
    "ultima_modificacion": "2025-08-01 01:01:59.385709"
  },
  "796ee5648a0679730": {
    "app_sintetizada": "796EE5648A0679730",
    "cantidad_archivos": 1,
    "archivos_fuente": [
      "Library/Caches/Google/Chrome/Default/Cache/Cache_Data/796ee5648a067973_0"
    ],
    "ultima_modificacion": "2025-08-01 01:01:59.385946"
  },
  "7dfaf821253054260": {
    "app_sintetizada": "7DFAF821253054260",
    "cantidad_archivos": 1,
    "archivos_fuente": [
      "Library/Caches/Google/Chrome/Default/Cache/Cache_Data/7dfaf82125305426_0"
    ],
    "ultima_modificacion": "2025-08-01 01:01:59.386164"
  },
  "069c4b9c665f11d20": {
    "app_sintetizada": "069C4B9C665F11D20",
    "cantidad_archivos": 1,
    "archivos_fuente": [
      "Library/Caches/Google/Chrome/Default/Cache/Cache_Data/069c4b9c665f11d2_0"
    ],
    "ultima_modificacion": "2025-08-01 01:01:59.386369"
  },
  "75e85fa1f8497ad00": {
    "app_sintetizada": "75E85FA1F8497AD00",
    "cantidad_archivos": 1,
    "archivos_fuente": [
      "Library/Caches/Google/Chrome/Default/Cache/Cache_Data/75e85fa1f8497ad0_0"
    ],
    "ultima_modificacion": "2025-08-01 01:01:59.386561"
  },
  "1685aa55cc31bd160": {
    "app_sintetizada": "1685AA55CC31BD160",
    "cantidad_archivos": 1,
    "archivos_fuente": [
      "Library/Caches/Google/Chrome/Default/Cache/Cache_Data/1685aa55cc31bd16_0"
    ],
    "ultima_modificacion": "2025-08-01 01:01:59.386755"
  },
  "1c28cffd48979ffd0": {
    "app_sintetizada": "1C28CFFD48979FFD0",
    "cantidad_archivos": 1,
    "archivos_fuente": [
      "Library/Caches/Google/Chrome/Default/Cache/Cache_Data/1c28cffd48979ffd_0"
    ],
    "ultima_modificacion": "2025-08-01 01:01:59.386941"
  },
  "3fdc646ff89080d60": {
    "app_sintetizada": "3FDC646FF89080D60",
    "cantidad_archivos": 1,
    "archivos_fuente": [
      "Library/Caches/Google/Chrome/Default/Cache/Cache_Data/3fdc646ff89080d6_0"
    ],
    "ultima_modificacion": "2025-08-01 01:01:59.387123"
  },
  "8709bb1161c0d5de0": {
    "app_sintetizada": "8709BB1161C0D5DE0",
    "cantidad_archivos": 1,
    "archivos_fuente": [
      "Library/Caches/Google/Chrome/Default/Cache/Cache_Data/8709bb1161c0d5de_0"
    ],
    "ultima_modificacion": "2025-08-01 01:01:59.387304"
  },
  "c46ab53f062bb8260": {
    "app_sintetizada": "C46AB53F062BB8260",
    "cantidad_archivos": 1,
    "archivos_fuente": [
      "Library/Caches/Google/Chrome/Default/Cache/Cache_Data/c46ab53f062bb826_0"
    ],
    "ultima_modificacion": "2025-08-01 01:01:59.388143"
  },
  "fab08d37a41d284a0": {
    "app_sintetizada": "FAB08D37A41D284A0",
    "cantidad_archivos": 1,
    "archivos_fuente": [
      "Library/Caches/Google/Chrome/Default/Cache/Cache_Data/fab08d37a41d284a_0"
    ],
    "ultima_modificacion": "2025-08-01 01:01:59.388627"
  },
  "ebc53a6a7ddf62e80": {
    "app_sintetizada": "EBC53A6A7DDF62E80",
    "cantidad_archivos": 1,
    "archivos_fuente": [
      "Library/Caches/Google/Chrome/Default/Cache/Cache_Data/ebc53a6a7ddf62e8_0"
    ],
    "ultima_modificacion": "2025-08-01 01:01:59.389017"
  },
  "904da2281346cdd20": {
    "app_sintetizada": "904DA2281346CDD20",
    "cantidad_archivos": 1,
    "archivos_fuente": [
      "Library/Caches/Google/Chrome/Default/Cache/Cache_Data/904da2281346cdd2_0"
    ],
    "ultima_modificacion": "2025-08-01 01:01:59.389422"
  },
  "b554f0eebdd31ecb0": {
    "app_sintetizada": "B554F0EEBDD31ECB0",
    "cantidad_archivos": 1,
    "archivos_fuente": [
      "Library/Caches/Google/Chrome/Default/Cache/Cache_Data/b554f0eebdd31ecb_0"
    ],
    "ultima_modificacion": "2025-08-01 01:01:59.389791"
  },
  "8c2dcfaedd4eb8130": {
    "app_sintetizada": "8C2DCFAEDD4EB8130",
    "cantidad_archivos": 1,
    "archivos_fuente": [
      "Library/Caches/Google/Chrome/Default/Cache/Cache_Data/8c2dcfaedd4eb813_0"
    ],
    "ultima_modificacion": "2025-08-01 01:01:59.390095"
  },
  "369e7876cea0ea760": {
    "app_sintetizada": "369E7876CEA0EA760",
    "cantidad_archivos": 1,
    "archivos_fuente": [
      "Library/Caches/Google/Chrome/Default/Cache/Cache_Data/369e7876cea0ea76_0"
    ],
    "ultima_modificacion": "2025-08-01 01:01:59.390376"
  },
  "48b586814b6f11ab0": {
    "app_sintetizada": "48B586814B6F11AB0",
    "cantidad_archivos": 1,
    "archivos_fuente": [
      "Library/Caches/Google/Chrome/Default/Cache/Cache_Data/48b586814b6f11ab_0"
    ],
    "ultima_modificacion": "2025-08-01 01:01:59.390646"
  },
  "141bde8ee55569d80": {
    "app_sintetizada": "141BDE8EE55569D80",
    "cantidad_archivos": 1,
    "archivos_fuente": [
      "Library/Caches/Google/Chrome/Default/Cache/Cache_Data/141bde8ee55569d8_0"
    ],
    "ultima_modificacion": "2025-08-01 01:01:59.390907"
  },
  "dc76d7ad8f7d87e90": {
    "app_sintetizada": "DC76D7AD8F7D87E90",
    "cantidad_archivos": 1,
    "archivos_fuente": [
      "Library/Caches/Google/Chrome/Default/Cache/Cache_Data/dc76d7ad8f7d87e9_0"
    ],
    "ultima_modificacion": "2025-08-01 01:01:59.391177"
  },
  "b8c431d86e0c89e30": {
    "app_sintetizada": "B8C431D86E0C89E30",
    "cantidad_archivos": 1,
    "archivos_fuente": [
      "Library/Caches/Google/Chrome/Default/Cache/Cache_Data/b8c431d86e0c89e3_0"
    ],
    "ultima_modificacion": "2025-08-01 01:01:59.391441"
  },
  "ea228c557f27d2a70": {
    "app_sintetizada": "EA228C557F27D2A70",
    "cantidad_archivos": 1,
    "archivos_fuente": [
      "Library/Caches/Google/Chrome/Default/Cache/Cache_Data/ea228c557f27d2a7_0"
    ],
    "ultima_modificacion": "2025-08-01 01:01:59.391843"
  },
  "30431bcdc82c3d7d0": {
    "app_sintetizada": "30431BCDC82C3D7D0",
    "cantidad_archivos": 1,
    "archivos_fuente": [
      "Library/Caches/Google/Chrome/Default/Cache/Cache_Data/30431bcdc82c3d7d_0"
    ],
    "ultima_modificacion": "2025-08-01 01:01:59.392344"
  },
  "c124167cc686ad3c0": {
    "app_sintetizada": "C124167CC686AD3C0",
    "cantidad_archivos": 1,
    "archivos_fuente": [
      "Library/Caches/Google/Chrome/Default/Cache/Cache_Data/c124167cc686ad3c_0"
    ],
    "ultima_modificacion": "2025-08-01 01:01:59.392645"
  },
  "db6497d0c8b17d9e0": {
    "app_sintetizada": "DB6497D0C8B17D9E0",
    "cantidad_archivos": 1,
    "archivos_fuente": [
      "Library/Caches/Google/Chrome/Default/Cache/Cache_Data/db6497d0c8b17d9e_0"
    ],
    "ultima_modificacion": "2025-08-01 01:01:59.392925"
  },
  "d4545086ead3b8590": {
    "app_sintetizada": "D4545086EAD3B8590",
    "cantidad_archivos": 1,
    "archivos_fuente": [
      "Library/Caches/Google/Chrome/Default/Cache/Cache_Data/d4545086ead3b859_0"
    ],
    "ultima_modificacion": "2025-08-01 01:01:59.393195"
  },
  "297737b41400e0cc0": {
    "app_sintetizada": "297737B41400E0CC0",
    "cantidad_archivos": 1,
    "archivos_fuente": [
      "Library/Caches/Google/Chrome/Default/Cache/Cache_Data/297737b41400e0cc_0"
    ],
    "ultima_modificacion": "2025-08-01 01:01:59.393470"
  },
  "23cc89e8c4b8fcf40": {
    "app_sintetizada": "23CC89E8C4B8FCF40",
    "cantidad_archivos": 1,
    "archivos_fuente": [
      "Library/Caches/Google/Chrome/Default/Cache/Cache_Data/23cc89e8c4b8fcf4_0"
    ],
    "ultima_modificacion": "2025-08-01 01:01:59.393748"
  },
  "d860717dd440e5c70": {
    "app_sintetizada": "D860717DD440E5C70",
    "cantidad_archivos": 1,
    "archivos_fuente": [
      "Library/Caches/Google/Chrome/Default/Cache/Cache_Data/d860717dd440e5c7_0"
    ],
    "ultima_modificacion": "2025-08-01 01:01:59.394026"
  },
  "e1e07d4644661f820": {
    "app_sintetizada": "E1E07D4644661F820",
    "cantidad_archivos": 1,
    "archivos_fuente": [
      "Library/Caches/Google/Chrome/Default/Cache/Cache_Data/e1e07d4644661f82_0"
    ],
    "ultima_modificacion": "2025-08-01 01:01:59.394412"
  },
  "18a6bc27f062bf580": {
    "app_sintetizada": "18A6BC27F062BF580",
    "cantidad_archivos": 1,
    "archivos_fuente": [
      "Library/Caches/Google/Chrome/Default/Cache/Cache_Data/18a6bc27f062bf58_0"
    ],
    "ultima_modificacion": "2025-08-01 01:01:59.394733"
  },
  "59e04d793853561e0": {
    "app_sintetizada": "59E04D793853561E0",
    "cantidad_archivos": 1,
    "archivos_fuente": [
      "Library/Caches/Google/Chrome/Default/Cache/Cache_Data/59e04d793853561e_0"
    ],
    "ultima_modificacion": "2025-08-01 01:01:59.395044"
  },
  "360c173309798fe90": {
    "app_sintetizada": "360C173309798FE90",
    "cantidad_archivos": 1,
    "archivos_fuente": [
      "Library/Caches/Google/Chrome/Default/Cache/Cache_Data/360c173309798fe9_0"
    ],
    "ultima_modificacion": "2025-08-01 01:01:59.395336"
  },
  "51d7d45326e178a30": {
    "app_sintetizada": "51D7D45326E178A30",
    "cantidad_archivos": 1,
    "archivos_fuente": [
      "Library/Caches/Google/Chrome/Default/Cache/Cache_Data/51d7d45326e178a3_0"
    ],
    "ultima_modificacion": "2025-08-01 01:01:59.395640"
  },
  "80dc63d5dd2b38900": {
    "app_sintetizada": "80DC63D5DD2B38900",
    "cantidad_archivos": 1,
    "archivos_fuente": [
      "Library/Caches/Google/Chrome/Default/Cache/Cache_Data/80dc63d5dd2b3890_0"
    ],
    "ultima_modificacion": "2025-08-01 01:01:59.395958"
  },
  "66efbd71d81101e30": {
    "app_sintetizada": "66EFBD71D81101E30",
    "cantidad_archivos": 1,
    "archivos_fuente": [
      "Library/Caches/Google/Chrome/Default/Cache/Cache_Data/66efbd71d81101e3_0"
    ],
    "ultima_modificacion": "2025-08-01 01:01:59.396269"
  },
  "fe38972a0657bb870": {
    "app_sintetizada": "FE38972A0657BB870",
    "cantidad_archivos": 1,
    "archivos_fuente": [
      "Library/Caches/Google/Chrome/Default/Cache/Cache_Data/fe38972a0657bb87_0"
    ],
    "ultima_modificacion": "2025-08-01 01:01:59.396601"
  },
  "fd212a2de22341390": {
    "app_sintetizada": "FD212A2DE22341390",
    "cantidad_archivos": 1,
    "archivos_fuente": [
      "Library/Caches/Google/Chrome/Default/Cache/Cache_Data/fd212a2de2234139_0"
    ],
    "ultima_modificacion": "2025-08-01 01:01:59.396904"
  },
  "04fe09f67ed607310": {
    "app_sintetizada": "04FE09F67ED607310",
    "cantidad_archivos": 1,
    "archivos_fuente": [
      "Library/Caches/Google/Chrome/Default/Cache/Cache_Data/04fe09f67ed60731_0"
    ],
    "ultima_modificacion": "2025-08-01 01:01:59.397205"
  },
  "d648e5dd07689c6e0": {
    "app_sintetizada": "D648E5DD07689C6E0",
    "cantidad_archivos": 1,
    "archivos_fuente": [
      "Library/Caches/Google/Chrome/Default/Cache/Cache_Data/d648e5dd07689c6e_0"
    ],
    "ultima_modificacion": "2025-08-01 01:01:59.397487"
  },
  "6dae5781c36932700": {
    "app_sintetizada": "6DAE5781C36932700",
    "cantidad_archivos": 1,
    "archivos_fuente": [
      "Library/Caches/Google/Chrome/Default/Cache/Cache_Data/6dae5781c3693270_0"
    ],
    "ultima_modificacion": "2025-08-01 01:01:59.397775"
  },
  "eec5b714ae47ead00": {
    "app_sintetizada": "EEC5B714AE47EAD00",
    "cantidad_archivos": 1,
    "archivos_fuente": [
      "Library/Caches/Google/Chrome/Default/Cache/Cache_Data/eec5b714ae47ead0_0"
    ],
    "ultima_modificacion": "2025-08-01 01:01:59.398058"
  },
  "6142b7527b8962690": {
    "app_sintetizada": "6142B7527B8962690",
    "cantidad_archivos": 1,
    "archivos_fuente": [
      "Library/Caches/Google/Chrome/Default/Cache/Cache_Data/6142b7527b896269_0"
    ],
    "ultima_modificacion": "2025-08-01 01:01:59.398363"
  },
  "269147ba4a7f215c0": {
    "app_sintetizada": "269147BA4A7F215C0",
    "cantidad_archivos": 1,
    "archivos_fuente": [
      "Library/Caches/Google/Chrome/Default/Cache/Cache_Data/269147ba4a7f215c_0"
    ],
    "ultima_modificacion": "2025-08-01 01:01:59.398652"
  },
  "f02267e3441f23040": {
    "app_sintetizada": "F02267E3441F23040",
    "cantidad_archivos": 1,
    "archivos_fuente": [
      "Library/Caches/Google/Chrome/Default/Cache/Cache_Data/f02267e3441f2304_0"
    ],
    "ultima_modificacion": "2025-08-01 01:01:59.398940"
  },
  "c575be414a88efc20": {
    "app_sintetizada": "C575BE414A88EFC20",
    "cantidad_archivos": 1,
    "archivos_fuente": [
      "Library/Caches/Google/Chrome/Default/Cache/Cache_Data/c575be414a88efc2_0"
    ],
    "ultima_modificacion": "2025-08-01 01:01:59.399238"
  },
  "7b042df58804f1200": {
    "app_sintetizada": "7B042DF58804F1200",
    "cantidad_archivos": 1,
    "archivos_fuente": [
      "Library/Caches/Google/Chrome/Default/Cache/Cache_Data/7b042df58804f120_0"
    ],
    "ultima_modificacion": "2025-08-01 01:01:59.399559"
  },
  "a74cbf12e6b6bc6d0": {
    "app_sintetizada": "A74CBF12E6B6BC6D0",
    "cantidad_archivos": 1,
    "archivos_fuente": [
      "Library/Caches/Google/Chrome/Default/Cache/Cache_Data/a74cbf12e6b6bc6d_0"
    ],
    "ultima_modificacion": "2025-08-01 01:01:59.399949"
  },
  "dd153288b29f63620": {
    "app_sintetizada": "DD153288B29F63620",
    "cantidad_archivos": 1,
    "archivos_fuente": [
      "Library/Caches/Google/Chrome/Default/Cache/Cache_Data/dd153288b29f6362_0"
    ],
    "ultima_modificacion": "2025-08-01 01:01:59.400265"
  },
  "0a2e419fe43d19ac0": {
    "app_sintetizada": "0A2E419FE43D19AC0",
    "cantidad_archivos": 1,
    "archivos_fuente": [
      "Library/Caches/Google/Chrome/Default/Cache/Cache_Data/0a2e419fe43d19ac_0"
    ],
    "ultima_modificacion": "2025-08-01 01:01:59.400585"
  },
  "74f95bd35b1c6b5f0": {
    "app_sintetizada": "74F95BD35B1C6B5F0",
    "cantidad_archivos": 1,
    "archivos_fuente": [
      "Library/Caches/Google/Chrome/Default/Cache/Cache_Data/74f95bd35b1c6b5f_0"
    ],
    "ultima_modificacion": "2025-08-01 01:01:59.400910"
  },
  "2960a663a49a02df0": {
    "app_sintetizada": "2960A663A49A02DF0",
    "cantidad_archivos": 1,
    "archivos_fuente": [
      "Library/Caches/Google/Chrome/Default/Cache/Cache_Data/2960a663a49a02df_0"
    ],
    "ultima_modificacion": "2025-08-01 01:01:59.401239"
  },
  "6d26c32e3a24722e0": {
    "app_sintetizada": "6D26C32E3A24722E0",
    "cantidad_archivos": 1,
    "archivos_fuente": [
      "Library/Caches/Google/Chrome/Default/Cache/Cache_Data/6d26c32e3a24722e_0"
    ],
    "ultima_modificacion": "2025-08-01 01:01:59.401586"
  },
  "d098644f57849f7b0": {
    "app_sintetizada": "D098644F57849F7B0",
    "cantidad_archivos": 1,
    "archivos_fuente": [
      "Library/Caches/Google/Chrome/Default/Cache/Cache_Data/d098644f57849f7b_0"
    ],
    "ultima_modificacion": "2025-08-01 01:01:59.401936"
  },
  "c0603bbc1935fdff0": {
    "app_sintetizada": "C0603BBC1935FDFF0",
    "cantidad_archivos": 1,
    "archivos_fuente": [
      "Library/Caches/Google/Chrome/Default/Cache/Cache_Data/c0603bbc1935fdff_0"
    ],
    "ultima_modificacion": "2025-08-01 01:01:59.402263"
  },
  "d38a0e3c79f552970": {
    "app_sintetizada": "D38A0E3C79F552970",
    "cantidad_archivos": 1,
    "archivos_fuente": [
      "Library/Caches/Google/Chrome/Default/Cache/Cache_Data/d38a0e3c79f55297_0"
    ],
    "ultima_modificacion": "2025-08-01 01:01:59.402577"
  },
  "8c25336ebf98041b0": {
    "app_sintetizada": "8C25336EBF98041B0",
    "cantidad_archivos": 1,
    "archivos_fuente": [
      "Library/Caches/Google/Chrome/Default/Cache/Cache_Data/8c25336ebf98041b_0"
    ],
    "ultima_modificacion": "2025-08-01 01:01:59.402893"
  },
  "359cca7f77f339320": {
    "app_sintetizada": "359CCA7F77F339320",
    "cantidad_archivos": 1,
    "archivos_fuente": [
      "Library/Caches/Google/Chrome/Default/Cache/Cache_Data/359cca7f77f33932_0"
    ],
    "ultima_modificacion": "2025-08-01 01:01:59.403217"
  },
  "db6b3b8ca155b8170": {
    "app_sintetizada": "DB6B3B8CA155B8170",
    "cantidad_archivos": 1,
    "archivos_fuente": [
      "Library/Caches/Google/Chrome/Default/Cache/Cache_Data/db6b3b8ca155b817_0"
    ],
    "ultima_modificacion": "2025-08-01 01:01:59.403522"
  },
  "244b737eed1048b00": {
    "app_sintetizada": "244B737EED1048B00",
    "cantidad_archivos": 1,
    "archivos_fuente": [
      "Library/Caches/Google/Chrome/Default/Cache/Cache_Data/244b737eed1048b0_0"
    ],
    "ultima_modificacion": "2025-08-01 01:01:59.403834"
  },
  "ce4908f61fd41dd30": {
    "app_sintetizada": "CE4908F61FD41DD30",
    "cantidad_archivos": 1,
    "archivos_fuente": [
      "Library/Caches/Google/Chrome/Default/Cache/Cache_Data/ce4908f61fd41dd3_0"
    ],
    "ultima_modificacion": "2025-08-01 01:01:59.404134"
  },
  "54c60e3eed5831120": {
    "app_sintetizada": "54C60E3EED5831120",
    "cantidad_archivos": 1,
    "archivos_fuente": [
      "Library/Caches/Google/Chrome/Default/Cache/Cache_Data/54c60e3eed583112_0"
    ],
    "ultima_modificacion": "2025-08-01 01:01:59.404429"
  }
}