{
  "39e58e744e22091f0": {
    "app_sintetizada": "39E58E744E22091F0",
    "cantidad_archivos": 1,
    "archivos_fuente": [
      "Library/Caches/Google/Chrome/Default/Cache/Cache_Data/39e58e744e22091f_0"
    ],
    "ultima_modificacion": "2025-08-01 01:02:02.265282"
  },
  "0d9f0aa828c2a3c10": {
    "app_sintetizada": "0D9F0AA828C2A3C10",
    "cantidad_archivos": 1,
    "archivos_fuente": [
      "Library/Caches/Google/Chrome/Default/Cache/Cache_Data/0d9f0aa828c2a3c1_0"
    ],
    "ultima_modificacion": "2025-08-01 01:02:02.265554"
  },
  "ed28f43fe3221afc0": {
    "app_sintetizada": "ED28F43FE3221AFC0",
    "cantidad_archivos": 1,
    "archivos_fuente": [
      "Library/Caches/Google/Chrome/Default/Cache/Cache_Data/ed28f43fe3221afc_0"
    ],
    "ultima_modificacion": "2025-08-01 01:02:02.265905"
  },
  "c05f9c6d6498d18e0": {
    "app_sintetizada": "C05F9C6D6498D18E0",
    "cantidad_archivos": 1,
    "archivos_fuente": [
      "Library/Caches/Google/Chrome/Default/Cache/Cache_Data/c05f9c6d6498d18e_0"
    ],
    "ultima_modificacion": "2025-08-01 01:02:02.266178"
  },
  "6e78017a3028cf7a0": {
    "app_sintetizada": "6E78017A3028CF7A0",
    "cantidad_archivos": 1,
    "archivos_fuente": [
      "Library/Caches/Google/Chrome/Default/Cache/Cache_Data/6e78017a3028cf7a_0"
    ],
    "ultima_modificacion": "2025-08-01 01:02:02.266493"
  },
  "69218bd2e364fee20": {
    "app_sintetizada": "69218BD2E364FEE20",
    "cantidad_archivos": 1,
    "archivos_fuente": [
      "Library/Caches/Google/Chrome/Default/Cache/Cache_Data/69218bd2e364fee2_0"
    ],
    "ultima_modificacion": "2025-08-01 01:02:02.266890"
  },
  "11c40f111a5085bf0": {
    "app_sintetizada": "11C40F111A5085BF0",
    "cantidad_archivos": 1,
    "archivos_fuente": [
      "Library/Caches/Google/Chrome/Default/Cache/Cache_Data/11c40f111a5085bf_0"
    ],
    "ultima_modificacion": "2025-08-01 01:02:02.267225"
  },
  "30a2c6a6c53acfb70": {
    "app_sintetizada": "30A2C6A6C53ACFB70",
    "cantidad_archivos": 1,
    "archivos_fuente": [
      "Library/Caches/Google/Chrome/Default/Cache/Cache_Data/30a2c6a6c53acfb7_0"
    ],
    "ultima_modificacion": "2025-08-01 01:02:02.267523"
  },
  "a1fff1599961e7b70": {
    "app_sintetizada": "A1FFF1599961E7B70",
    "cantidad_archivos": 1,
    "archivos_fuente": [
      "Library/Caches/Google/Chrome/Default/Cache/Cache_Data/a1fff1599961e7b7_0"
    ],
    "ultima_modificacion": "2025-08-01 01:02:02.267775"
  },
  "f2ffa6c05fa8ab590": {
    "app_sintetizada": "F2FFA6C05FA8AB590",
    "cantidad_archivos": 1,
    "archivos_fuente": [
      "Library/Caches/Google/Chrome/Default/Cache/Cache_Data/f2ffa6c05fa8ab59_0"
    ],
    "ultima_modificacion": "2025-08-01 01:02:02.268018"
  },
  "ee5cb1e80f56058a0": {
    "app_sintetizada": "EE5CB1E80F56058A0",
    "cantidad_archivos": 1,
    "archivos_fuente": [
      "Library/Caches/Google/Chrome/Default/Cache/Cache_Data/ee5cb1e80f56058a_0"
    ],
    "ultima_modificacion": "2025-08-01 01:02:02.268313"
  },
  "22c9f5fb302f17660": {
    "app_sintetizada": "22C9F5FB302F17660",
    "cantidad_archivos": 1,
    "archivos_fuente": [
      "Library/Caches/Google/Chrome/Default/Cache/Cache_Data/22c9f5fb302f1766_0"
    ],
    "ultima_modificacion": "2025-08-01 01:02:02.268607"
  },
  "bb979671465813b20": {
    "app_sintetizada": "BB979671465813B20",
    "cantidad_archivos": 1,
    "archivos_fuente": [
      "Library/Caches/Google/Chrome/Default/Cache/Cache_Data/bb979671465813b2_0"
    ],
    "ultima_modificacion": "2025-08-01 01:02:02.268837"
  },
  "f35af5e08d96189e0": {
    "app_sintetizada": "F35AF5E08D96189E0",
    "cantidad_archivos": 1,
    "archivos_fuente": [
      "Library/Caches/Google/Chrome/Default/Cache/Cache_Data/f35af5e08d96189e_0"
    ],
    "ultima_modificacion": "2025-08-01 01:02:02.269086"
  },
  "0db45eb01c8d75c20": {
    "app_sintetizada": "0DB45EB01C8D75C20",
    "cantidad_archivos": 1,
    "archivos_fuente": [
      "Library/Caches/Google/Chrome/Default/Cache/Cache_Data/0db45eb01c8d75c2_0"
    ],
    "ultima_modificacion": "2025-08-01 01:02:02.269344"
  },
  "22889926bf135dec0": {
    "app_sintetizada": "22889926BF135DEC0",
    "cantidad_archivos": 1,
    "archivos_fuente": [
      "Library/Caches/Google/Chrome/Default/Cache/Cache_Data/22889926bf135dec_0"
    ],
    "ultima_modificacion": "2025-08-01 01:02:02.272122"
  },
  "66cf273189ef266d0": {
    "app_sintetizada": "66CF273189EF266D0",
    "cantidad_archivos": 1,
    "archivos_fuente": [
      "Library/Caches/Google/Chrome/Default/Cache/Cache_Data/66cf273189ef266d_0"
    ],
    "ultima_modificacion": "2025-08-01 01:02:02.273920"
  },
  "5f3a16e0550b43590": {
    "app_sintetizada": "5F3A16E0550B43590",
    "cantidad_archivos": 1,
    "archivos_fuente": [
      "Library/Caches/Google/Chrome/Default/Cache/Cache_Data/5f3a16e0550b4359_0"
    ],
    "ultima_modificacion": "2025-08-01 01:02:02.274312"
  },
  "8b2911ee7046019f0": {
    "app_sintetizada": "8B2911EE7046019F0",
    "cantidad_archivos": 1,
    "archivos_fuente": [
      "Library/Caches/Google/Chrome/Default/Cache/Cache_Data/8b2911ee7046019f_0"
    ],
    "ultima_modificacion": "2025-08-01 01:02:02.274604"
  },
  "81ea23700812ab8f0": {
    "app_sintetizada": "81EA23700812AB8F0",
    "cantidad_archivos": 1,
    "archivos_fuente": [
      "Library/Caches/Google/Chrome/Default/Cache/Cache_Data/81ea23700812ab8f_0"
    ],
    "ultima_modificacion": "2025-08-01 01:02:02.275242"
  },
  "ea2207f5fafb6d870": {
    "app_sintetizada": "EA2207F5FAFB6D870",
    "cantidad_archivos": 1,
    "archivos_fuente": [
      "Library/Caches/Google/Chrome/Default/Cache/Cache_Data/ea2207f5fafb6d87_0"
    ],
    "ultima_modificacion": "2025-08-01 01:02:02.276001"
  },
  "bf074cdcc1b2b6460": {
    "app_sintetizada": "BF074CDCC1B2B6460",
    "cantidad_archivos": 1,
    "archivos_fuente": [
      "Library/Caches/Google/Chrome/Default/Cache/Cache_Data/bf074cdcc1b2b646_0"
    ],
    "ultima_modificacion": "2025-08-01 01:02:02.276295"
  },
  "bf536eb15d9f13fe0": {
    "app_sintetizada": "BF536EB15D9F13FE0",
    "cantidad_archivos": 1,
    "archivos_fuente": [
      "Library/Caches/Google/Chrome/Default/Cache/Cache_Data/bf536eb15d9f13fe_0"
    ],
    "ultima_modificacion": "2025-08-01 01:02:02.276740"
  },
  "d10daaefb66d01ff0": {
    "app_sintetizada": "D10DAAEFB66D01FF0",
    "cantidad_archivos": 1,
    "archivos_fuente": [
      "Library/Caches/Google/Chrome/Default/Cache/Cache_Data/d10daaefb66d01ff_0"
    ],
    "ultima_modificacion": "2025-08-01 01:02:02.277098"
  },
  "309d42597fd837ef0": {
    "app_sintetizada": "309D42597FD837EF0",
    "cantidad_archivos": 1,
    "archivos_fuente": [
      "Library/Caches/Google/Chrome/Default/Cache/Cache_Data/309d42597fd837ef_0"
    ],
    "ultima_modificacion": "2025-08-01 01:02:02.277409"
  },
  "902061cb9e55893a0": {
    "app_sintetizada": "902061CB9E55893A0",
    "cantidad_archivos": 1,
    "archivos_fuente": [
      "Library/Caches/Google/Chrome/Default/Cache/Cache_Data/902061cb9e55893a_0"
    ],
    "ultima_modificacion": "2025-08-01 01:02:02.277700"
  },
  "aba4c537e25f2fc60": {
    "app_sintetizada": "ABA4C537E25F2FC60",
    "cantidad_archivos": 1,
    "archivos_fuente": [
      "Library/Caches/Google/Chrome/Default/Cache/Cache_Data/aba4c537e25f2fc6_0"
    ],
    "ultima_modificacion": "2025-08-01 01:02:02.278012"
  },
  "4ec2f52026b294120": {
    "app_sintetizada": "4EC2F52026B294120",
    "cantidad_archivos": 1,
    "archivos_fuente": [
      "Library/Caches/Google/Chrome/Default/Cache/Cache_Data/4ec2f52026b29412_0"
    ],
    "ultima_modificacion": "2025-08-01 01:02:02.278286"
  },
  "6faa76307a10c57e0": {
    "app_sintetizada": "6FAA76307A10C57E0",
    "cantidad_archivos": 1,
    "archivos_fuente": [
      "Library/Caches/Google/Chrome/Default/Cache/Cache_Data/6faa76307a10c57e_0"
    ],
    "ultima_modificacion": "2025-08-01 01:02:02.278552"
  },
  "255b507c0a3d01df0": {
    "app_sintetizada": "255B507C0A3D01DF0",
    "cantidad_archivos": 1,
    "archivos_fuente": [
      "Library/Caches/Google/Chrome/Default/Cache/Cache_Data/255b507c0a3d01df_0"
    ],
    "ultima_modificacion": "2025-08-01 01:02:02.278879"
  },
  "945a6bb3b1bdabdc0": {
    "app_sintetizada": "945A6BB3B1BDABDC0",
    "cantidad_archivos": 1,
    "archivos_fuente": [
      "Library/Caches/Google/Chrome/Default/Cache/Cache_Data/945a6bb3b1bdabdc_0"
    ],
    "ultima_modificacion": "2025-08-01 01:02:02.279133"
  },
  "33ed293ff36c60fc0": {
    "app_sintetizada": "33ED293FF36C60FC0",
    "cantidad_archivos": 1,
    "archivos_fuente": [
      "Library/Caches/Google/Chrome/Default/Cache/Cache_Data/33ed293ff36c60fc_0"
    ],
    "ultima_modificacion": "2025-08-01 01:02:02.279477"
  },
  "10a8df52d27f61fa0": {
    "app_sintetizada": "10A8DF52D27F61FA0",
    "cantidad_archivos": 1,
    "archivos_fuente": [
      "Library/Caches/Google/Chrome/Default/Cache/Cache_Data/10a8df52d27f61fa_0"
    ],
    "ultima_modificacion": "2025-08-01 01:02:02.279730"
  },
  "405037133b753ba90": {
    "app_sintetizada": "405037133B753BA90",
    "cantidad_archivos": 1,
    "archivos_fuente": [
      "Library/Caches/Google/Chrome/Default/Cache/Cache_Data/405037133b753ba9_0"
    ],
    "ultima_modificacion": "2025-08-01 01:02:02.279991"
  },
  "dc49780ed0141ee60": {
    "app_sintetizada": "DC49780ED0141EE60",
    "cantidad_archivos": 1,
    "archivos_fuente": [
      "Library/Caches/Google/Chrome/Default/Cache/Cache_Data/dc49780ed0141ee6_0"
    ],
    "ultima_modificacion": "2025-08-01 01:02:02.280248"
  },
  "e913f4e0f8f381230": {
    "app_sintetizada": "E913F4E0F8F381230",
    "cantidad_archivos": 1,
    "archivos_fuente": [
      "Library/Caches/Google/Chrome/Default/Cache/Cache_Data/e913f4e0f8f38123_0"
    ],
    "ultima_modificacion": "2025-08-01 01:02:02.280509"
  },
  "b48fd2e5bfd31a570": {
    "app_sintetizada": "B48FD2E5BFD31A570",
    "cantidad_archivos": 1,
    "archivos_fuente": [
      "Library/Caches/Google/Chrome/Default/Cache/Cache_Data/b48fd2e5bfd31a57_0"
    ],
    "ultima_modificacion": "2025-08-01 01:02:02.280768"
  },
  "28bbf058946f7ef30": {
    "app_sintetizada": "28BBF058946F7EF30",
    "cantidad_archivos": 1,
    "archivos_fuente": [
      "Library/Caches/Google/Chrome/Default/Cache/Cache_Data/28bbf058946f7ef3_0"
    ],
    "ultima_modificacion": "2025-08-01 01:02:02.281076"
  },
  "f7d4d33577f469820": {
    "app_sintetizada": "F7D4D33577F469820",
    "cantidad_archivos": 1,
    "archivos_fuente": [
      "Library/Caches/Google/Chrome/Default/Cache/Cache_Data/f7d4d33577f46982_0"
    ],
    "ultima_modificacion": "2025-08-01 01:02:02.281339"
  },
  "8f393582ed2515520": {
    "app_sintetizada": "8F393582ED2515520",
    "cantidad_archivos": 1,
    "archivos_fuente": [
      "Library/Caches/Google/Chrome/Default/Cache/Cache_Data/8f393582ed251552_0"
    ],
    "ultima_modificacion": "2025-08-01 01:02:02.281646"
  },
  "78c0c72012b598360": {
    "app_sintetizada": "78C0C72012B598360",
    "cantidad_archivos": 1,
    "archivos_fuente": [
      "Library/Caches/Google/Chrome/Default/Cache/Cache_Data/78c0c72012b59836_0"
    ],
    "ultima_modificacion": "2025-08-01 01:02:02.281956"
  },
  "f85705a36df9bcae0": {
    "app_sintetizada": "F85705A36DF9BCAE0",
    "cantidad_archivos": 1,
    "archivos_fuente": [
      "Library/Caches/Google/Chrome/Default/Cache/Cache_Data/f85705a36df9bcae_0"
    ],
    "ultima_modificacion": "2025-08-01 01:02:02.282240"
  },
  "b21f9418d07d07800": {
    "app_sintetizada": "B21F9418D07D07800",
    "cantidad_archivos": 1,
    "archivos_fuente": [
      "Library/Caches/Google/Chrome/Default/Cache/Cache_Data/b21f9418d07d0780_0"
    ],
    "ultima_modificacion": "2025-08-01 01:02:02.282489"
  },
  "a6874e472958607d0": {
    "app_sintetizada": "A6874E472958607D0",
    "cantidad_archivos": 1,
    "archivos_fuente": [
      "Library/Caches/Google/Chrome/Default/Cache/Cache_Data/a6874e472958607d_0"
    ],
    "ultima_modificacion": "2025-08-01 01:02:02.282828"
  },
  "70bfa6d1387c4c5c0": {
    "app_sintetizada": "70BFA6D1387C4C5C0",
    "cantidad_archivos": 1,
    "archivos_fuente": [
      "Library/Caches/Google/Chrome/Default/Cache/Cache_Data/70bfa6d1387c4c5c_0"
    ],
    "ultima_modificacion": "2025-08-01 01:02:02.283081"
  },
  "d6e392d8026347920": {
    "app_sintetizada": "D6E392D8026347920",
    "cantidad_archivos": 1,
    "archivos_fuente": [
      "Library/Caches/Google/Chrome/Default/Cache/Cache_Data/d6e392d802634792_0"
    ],
    "ultima_modificacion": "2025-08-01 01:02:02.283382"
  },
  "d8d6fc10cae8c3bc0": {
    "app_sintetizada": "D8D6FC10CAE8C3BC0",
    "cantidad_archivos": 1,
    "archivos_fuente": [
      "Library/Caches/Google/Chrome/Default/Cache/Cache_Data/d8d6fc10cae8c3bc_0"
    ],
    "ultima_modificacion": "2025-08-01 01:02:02.283651"
  },
  "a7fddaed2a72afe80": {
    "app_sintetizada": "A7FDDAED2A72AFE80",
    "cantidad_archivos": 1,
    "archivos_fuente": [
      "Library/Caches/Google/Chrome/Default/Cache/Cache_Data/a7fddaed2a72afe8_0"
    ],
    "ultima_modificacion": "2025-08-01 01:02:02.283891"
  },
  "cac3e13c3b0239230": {
    "app_sintetizada": "CAC3E13C3B0239230",
    "cantidad_archivos": 1,
    "archivos_fuente": [
      "Library/Caches/Google/Chrome/Default/Cache/Cache_Data/cac3e13c3b023923_0"
    ],
    "ultima_modificacion": "2025-08-01 01:02:02.284104"
  },
  "e7fca027d363335d0": {
    "app_sintetizada": "E7FCA027D363335D0",
    "cantidad_archivos": 1,
    "archivos_fuente": [
      "Library/Caches/Google/Chrome/Default/Cache/Cache_Data/e7fca027d363335d_0"
    ],
    "ultima_modificacion": "2025-08-01 01:02:02.284332"
  },
  "e7ec8952e883f0bf0": {
    "app_sintetizada": "E7EC8952E883F0BF0",
    "cantidad_archivos": 1,
    "archivos_fuente": [
      "Library/Caches/Google/Chrome/Default/Cache/Cache_Data/e7ec8952e883f0bf_0"
    ],
    "ultima_modificacion": "2025-08-01 01:02:02.284562"
  },
  "e3f1d438c94e8f090": {
    "app_sintetizada": "E3F1D438C94E8F090",
    "cantidad_archivos": 1,
    "archivos_fuente": [
      "Library/Caches/Google/Chrome/Default/Cache/Cache_Data/e3f1d438c94e8f09_0"
    ],
    "ultima_modificacion": "2025-08-01 01:02:02.284782"
  },
  "6d9adecb78b05c1b0": {
    "app_sintetizada": "6D9ADECB78B05C1B0",
    "cantidad_archivos": 1,
    "archivos_fuente": [
      "Library/Caches/Google/Chrome/Default/Cache/Cache_Data/6d9adecb78b05c1b_0"
    ],
    "ultima_modificacion": "2025-08-01 01:02:02.284996"
  },
  "6b3a677f61ee47940": {
    "app_sintetizada": "6B3A677F61EE47940",
    "cantidad_archivos": 1,
    "archivos_fuente": [
      "Library/Caches/Google/Chrome/Default/Cache/Cache_Data/6b3a677f61ee4794_0"
    ],
    "ultima_modificacion": "2025-08-01 01:02:02.285201"
  },
  "88f4268176f5d9530": {
    "app_sintetizada": "88F4268176F5D9530",
    "cantidad_archivos": 1,
    "archivos_fuente": [
      "Library/Caches/Google/Chrome/Default/Cache/Cache_Data/88f4268176f5d953_0"
    ],
    "ultima_modificacion": "2025-08-01 01:02:02.285403"
  },
  "ba8b197635edcba10": {
    "app_sintetizada": "BA8B197635EDCBA10",
    "cantidad_archivos": 1,
    "archivos_fuente": [
      "Library/Caches/Google/Chrome/Default/Cache/Cache_Data/ba8b197635edcba1_0"
    ],
    "ultima_modificacion": "2025-08-01 01:02:02.285641"
  },
  "b736f7e553a610de0": {
    "app_sintetizada": "B736F7E553A610DE0",
    "cantidad_archivos": 1,
    "archivos_fuente": [
      "Library/Caches/Google/Chrome/Default/Cache/Cache_Data/b736f7e553a610de_0"
    ],
    "ultima_modificacion": "2025-08-01 01:02:02.286317"
  },
  "42eb339e6a40c0c90": {
    "app_sintetizada": "42EB339E6A40C0C90",
    "cantidad_archivos": 1,
    "archivos_fuente": [
      "Library/Caches/Google/Chrome/Default/Cache/Cache_Data/42eb339e6a40c0c9_0"
    ],
    "ultima_modificacion": "2025-08-01 01:02:02.288762"
  },
  "b9343ade966b46e60": {
    "app_sintetizada": "B9343ADE966B46E60",
    "cantidad_archivos": 1,
    "archivos_fuente": [
      "Library/Caches/Google/Chrome/Default/Cache/Cache_Data/b9343ade966b46e6_0"
    ],
    "ultima_modificacion": "2025-08-01 01:02:02.289700"
  },
  "7f39667991020ca60": {
    "app_sintetizada": "7F39667991020CA60",
    "cantidad_archivos": 1,
    "archivos_fuente": [
      "Library/Caches/Google/Chrome/Default/Cache/Cache_Data/7f39667991020ca6_0"
    ],
    "ultima_modificacion": "2025-08-01 01:02:02.290251"
  },
  "98733555410ede430": {
    "app_sintetizada": "98733555410EDE430",
    "cantidad_archivos": 1,
    "archivos_fuente": [
      "Library/Caches/Google/Chrome/Default/Cache/Cache_Data/98733555410ede43_0"
    ],
    "ultima_modificacion": "2025-08-01 01:02:02.290612"
  },
  "da38b35c0d2af4cb0": {
    "app_sintetizada": "DA38B35C0D2AF4CB0",
    "cantidad_archivos": 1,
    "archivos_fuente": [
      "Library/Caches/Google/Chrome/Default/Cache/Cache_Data/da38b35c0d2af4cb_0"
    ],
    "ultima_modificacion": "2025-08-01 01:02:02.290938"
  },
  "c4fd2cc6a4d79b1c0": {
    "app_sintetizada": "C4FD2CC6A4D79B1C0",
    "cantidad_archivos": 1,
    "archivos_fuente": [
      "Library/Caches/Google/Chrome/Default/Cache/Cache_Data/c4fd2cc6a4d79b1c_0"
    ],
    "ultima_modificacion": "2025-08-01 01:02:02.291304"
  },
  "af3d88da8bc61dd70": {
    "app_sintetizada": "AF3D88DA8BC61DD70",
    "cantidad_archivos": 1,
    "archivos_fuente": [
      "Library/Caches/Google/Chrome/Default/Cache/Cache_Data/af3d88da8bc61dd7_0"
    ],
    "ultima_modificacion": "2025-08-01 01:02:02.291656"
  },
  "3a82e5f2305e15a10": {
    "app_sintetizada": "3A82E5F2305E15A10",
    "cantidad_archivos": 1,
    "archivos_fuente": [
      "Library/Caches/Google/Chrome/Default/Cache/Cache_Data/3a82e5f2305e15a1_0"
    ],
    "ultima_modificacion": "2025-08-01 01:02:02.315345"
  },
  "ca6f3f03949a6a7b0": {
    "app_sintetizada": "CA6F3F03949A6A7B0",
    "cantidad_archivos": 1,
    "archivos_fuente": [
      "Library/Caches/Google/Chrome/Default/Cache/Cache_Data/ca6f3f03949a6a7b_0"
    ],
    "ultima_modificacion": "2025-08-01 01:02:02.315763"
  },
  "4648fb8b9d4ffa2d0": {
    "app_sintetizada": "4648FB8B9D4FFA2D0",
    "cantidad_archivos": 1,
    "archivos_fuente": [
      "Library/Caches/Google/Chrome/Default/Cache/Cache_Data/4648fb8b9d4ffa2d_0"
    ],
    "ultima_modificacion": "2025-08-01 01:02:02.316092"
  },
  "302ca46eb9d81d130": {
    "app_sintetizada": "302CA46EB9D81D130",
    "cantidad_archivos": 1,
    "archivos_fuente": [
      "Library/Caches/Google/Chrome/Default/Cache/Cache_Data/302ca46eb9d81d13_0"
    ],
    "ultima_modificacion": "2025-08-01 01:02:02.316418"
  },
  "fa246c78ffdd84f10": {
    "app_sintetizada": "FA246C78FFDD84F10",
    "cantidad_archivos": 1,
    "archivos_fuente": [
      "Library/Caches/Google/Chrome/Default/Cache/Cache_Data/fa246c78ffdd84f1_0"
    ],
    "ultima_modificacion": "2025-08-01 01:02:02.316846"
  },
  "5ac0b520de1f99d80": {
    "app_sintetizada": "5AC0B520DE1F99D80",
    "cantidad_archivos": 1,
    "archivos_fuente": [
      "Library/Caches/Google/Chrome/Default/Cache/Cache_Data/5ac0b520de1f99d8_0"
    ],
    "ultima_modificacion": "2025-08-01 01:02:02.317201"
  },
  "ccd1d57afb8f84680": {
    "app_sintetizada": "CCD1D57AFB8F84680",
    "cantidad_archivos": 1,
    "archivos_fuente": [
      "Library/Caches/Google/Chrome/Default/Cache/Cache_Data/ccd1d57afb8f8468_0"
    ],
    "ultima_modificacion": "2025-08-01 01:02:02.317543"
  },
  "727e8e36bc146cd20": {
    "app_sintetizada": "727E8E36BC146CD20",
    "cantidad_archivos": 1,
    "archivos_fuente": [
      "Library/Caches/Google/Chrome/Default/Cache/Cache_Data/727e8e36bc146cd2_0"
    ],
    "ultima_modificacion": "2025-08-01 01:02:02.317876"
  },
  "bbd469a5b13cff490": {
    "app_sintetizada": "BBD469A5B13CFF490",
    "cantidad_archivos": 1,
    "archivos_fuente": [
      "Library/Caches/Google/Chrome/Default/Cache/Cache_Data/bbd469a5b13cff49_0"
    ],
    "ultima_modificacion": "2025-08-01 01:02:02.318490"
  },
  "814566b3d2b601eb0": {
    "app_sintetizada": "814566B3D2B601EB0",
    "cantidad_archivos": 1,
    "archivos_fuente": [
      "Library/Caches/Google/Chrome/Default/Cache/Cache_Data/814566b3d2b601eb_0"
    ],
    "ultima_modificacion": "2025-08-01 01:02:02.318990"
  },
  "6e414d8dbd9ef9850": {
    "app_sintetizada": "6E414D8DBD9EF9850",
    "cantidad_archivos": 1,
    "archivos_fuente": [
      "Library/Caches/Google/Chrome/Default/Cache/Cache_Data/6e414d8dbd9ef985_0"
    ],
    "ultima_modificacion": "2025-08-01 01:02:02.319321"
  },
  "1798ac33567b1f810": {
    "app_sintetizada": "1798AC33567B1F810",
    "cantidad_archivos": 1,
    "archivos_fuente": [
      "Library/Caches/Google/Chrome/Default/Cache/Cache_Data/1798ac33567b1f81_0"
    ],
    "ultima_modificacion": "2025-08-01 01:02:02.319913"
  },
  "12846ac29d4b45da0": {
    "app_sintetizada": "12846AC29D4B45DA0",
    "cantidad_archivos": 1,
    "archivos_fuente": [
      "Library/Caches/Google/Chrome/Default/Cache/Cache_Data/12846ac29d4b45da_0"
    ],
    "ultima_modificacion": "2025-08-01 01:02:02.329222"
  },
  "018ba77b3af66d900": {
    "app_sintetizada": "018BA77B3AF66D900",
    "cantidad_archivos": 1,
    "archivos_fuente": [
      "Library/Caches/Google/Chrome/Default/Cache/Cache_Data/018ba77b3af66d90_0"
    ],
    "ultima_modificacion": "2025-08-01 01:02:02.330565"
  },
  "fda5b53b07a32f750": {
    "app_sintetizada": "FDA5B53B07A32F750",
    "cantidad_archivos": 1,
    "archivos_fuente": [
      "Library/Caches/Google/Chrome/Default/Cache/Cache_Data/fda5b53b07a32f75_0"
    ],
    "ultima_modificacion": "2025-08-01 01:02:02.330852"
  },
  "cd3dd479ccc865610": {
    "app_sintetizada": "CD3DD479CCC865610",
    "cantidad_archivos": 1,
    "archivos_fuente": [
      "Library/Caches/Google/Chrome/Default/Cache/Cache_Data/cd3dd479ccc86561_0"
    ],
    "ultima_modificacion": "2025-08-01 01:02:02.331775"
  },
  "e84fcd898e4e86370": {
    "app_sintetizada": "E84FCD898E4E86370",
    "cantidad_archivos": 1,
    "archivos_fuente": [
      "Library/Caches/Google/Chrome/Default/Cache/Cache_Data/e84fcd898e4e8637_0"
    ],
    "ultima_modificacion": "2025-08-01 01:02:02.332038"
  },
  "e02cb9aee288436a0": {
    "app_sintetizada": "E02CB9AEE288436A0",
    "cantidad_archivos": 1,
    "archivos_fuente": [
      "Library/Caches/Google/Chrome/Default/Cache/Cache_Data/e02cb9aee288436a_0"
    ],
    "ultima_modificacion": "2025-08-01 01:02:02.333816"
  },
  "1f5dead16a127fea0": {
    "app_sintetizada": "1F5DEAD16A127FEA0",
    "cantidad_archivos": 1,
    "archivos_fuente": [
      "Library/Caches/Google/Chrome/Default/Cache/Cache_Data/1f5dead16a127fea_0"
    ],
    "ultima_modificacion": "2025-08-01 01:02:02.334601"
  },
  "233ae5a7737dfddd0": {
    "app_sintetizada": "233AE5A7737DFDDD0",
    "cantidad_archivos": 1,
    "archivos_fuente": [
      "Library/Caches/Google/Chrome/Default/Cache/Cache_Data/233ae5a7737dfddd_0"
    ],
    "ultima_modificacion": "2025-08-01 01:02:02.334891"
  },
  "87d88f5ee2c6e2b30": {
    "app_sintetizada": "87D88F5EE2C6E2B30",
    "cantidad_archivos": 1,
    "archivos_fuente": [
      "Library/Caches/Google/Chrome/Default/Cache/Cache_Data/87d88f5ee2c6e2b3_0"
    ],
    "ultima_modificacion": "2025-08-01 01:02:02.335144"
  },
  "3f2a357a1765d8fc0": {
    "app_sintetizada": "3F2A357A1765D8FC0",
    "cantidad_archivos": 1,
    "archivos_fuente": [
      "Library/Caches/Google/Chrome/Default/Cache/Cache_Data/3f2a357a1765d8fc_0"
    ],
    "ultima_modificacion": "2025-08-01 01:02:02.335371"
  },
  "e138ad82c40a7cb80": {
    "app_sintetizada": "E138AD82C40A7CB80",
    "cantidad_archivos": 1,
    "archivos_fuente": [
      "Library/Caches/Google/Chrome/Default/Cache/Cache_Data/e138ad82c40a7cb8_0"
    ],
    "ultima_modificacion": "2025-08-01 01:02:02.335600"
  },
  "b4f1556c0e1718840": {
    "app_sintetizada": "B4F1556C0E1718840",
    "cantidad_archivos": 1,
    "archivos_fuente": [
      "Library/Caches/Google/Chrome/Default/Cache/Cache_Data/b4f1556c0e171884_0"
    ],
    "ultima_modificacion": "2025-08-01 01:02:02.335915"
  },
  "628e08399474614d0": {
    "app_sintetizada": "628E08399474614D0",
    "cantidad_archivos": 1,
    "archivos_fuente": [
      "Library/Caches/Google/Chrome/Default/Cache/Cache_Data/628e08399474614d_0"
    ],
    "ultima_modificacion": "2025-08-01 01:02:02.336163"
  },
  "79559b9beea545da0": {
    "app_sintetizada": "79559B9BEEA545DA0",
    "cantidad_archivos": 1,
    "archivos_fuente": [
      "Library/Caches/Google/Chrome/Default/Cache/Cache_Data/79559b9beea545da_0"
    ],
    "ultima_modificacion": "2025-08-01 01:02:02.336702"
  },
  "b51bb256fd18af460": {
    "app_sintetizada": "B51BB256FD18AF460",
    "cantidad_archivos": 1,
    "archivos_fuente": [
      "Library/Caches/Google/Chrome/Default/Cache/Cache_Data/b51bb256fd18af46_0"
    ],
    "ultima_modificacion": "2025-08-01 01:02:02.339591"
  },
  "14cbfd4808d2edfa0": {
    "app_sintetizada": "14CBFD4808D2EDFA0",
    "cantidad_archivos": 1,
    "archivos_fuente": [
      "Library/Caches/Google/Chrome/Default/Cache/Cache_Data/14cbfd4808d2edfa_0"
    ],
    "ultima_modificacion": "2025-08-01 01:02:02.340483"
  },
  "369c125e6a12ea620": {
    "app_sintetizada": "369C125E6A12EA620",
    "cantidad_archivos": 1,
    "archivos_fuente": [
      "Library/Caches/Google/Chrome/Default/Cache/Cache_Data/369c125e6a12ea62_0"
    ],
    "ultima_modificacion": "2025-08-01 01:02:02.340873"
  },
  "daf0cb944749e2de0": {
    "app_sintetizada": "DAF0CB944749E2DE0",
    "cantidad_archivos": 1,
    "archivos_fuente": [
      "Library/Caches/Google/Chrome/Default/Cache/Cache_Data/daf0cb944749e2de_0"
    ],
    "ultima_modificacion": "2025-08-01 01:02:02.341192"
  },
  "4cb79fc99437c1e60": {
    "app_sintetizada": "4CB79FC99437C1E60",
    "cantidad_archivos": 1,
    "archivos_fuente": [
      "Library/Caches/Google/Chrome/Default/Cache/Cache_Data/4cb79fc99437c1e6_0"
    ],
    "ultima_modificacion": "2025-08-01 01:02:02.341504"
  },
  "92e7706e740d4c760": {
    "app_sintetizada": "92E7706E740D4C760",
    "cantidad_archivos": 1,
    "archivos_fuente": [
      "Library/Caches/Google/Chrome/Default/Cache/Cache_Data/92e7706e740d4c76_0"
    ],
    "ultima_modificacion": "2025-08-01 01:02:02.341869"
  },
  "2e18716bd626f3960": {
    "app_sintetizada": "2E18716BD626F3960",
    "cantidad_archivos": 1,
    "archivos_fuente": [
      "Library/Caches/Google/Chrome/Default/Cache/Cache_Data/2e18716bd626f396_0"
    ],
    "ultima_modificacion": "2025-08-01 01:02:02.342211"
  },
  "c61354442c9fdd540": {
    "app_sintetizada": "C61354442C9FDD540",
    "cantidad_archivos": 1,
    "archivos_fuente": [
      "Library/Caches/Google/Chrome/Default/Cache/Cache_Data/c61354442c9fdd54_0"
    ],
    "ultima_modificacion": "2025-08-01 01:02:02.342539"
  },
  "f93e8405445c89be0": {
    "app_sintetizada": "F93E8405445C89BE0",
    "cantidad_archivos": 1,
    "archivos_fuente": [
      "Library/Caches/Google/Chrome/Default/Cache/Cache_Data/f93e8405445c89be_0"
    ],
    "ultima_modificacion": "2025-08-01 01:02:02.342844"
  },
  "764297aa43300b1d0": {
    "app_sintetizada": "764297AA43300B1D0",
    "cantidad_archivos": 1,
    "archivos_fuente": [
      "Library/Caches/Google/Chrome/Default/Cache/Cache_Data/764297aa43300b1d_0"
    ],
    "ultima_modificacion": "2025-08-01 01:02:02.343185"
  }
}