{
  "fc0d829e63124c8d8b60665da323269c": {
    "app_sintetizada": "FC0D829E63124C8D8B60665DA323269C",
    "cantidad_archivos": 1,
    "archivos_fuente": [
      "Library/Containers/net.whatsapp.WhatsApp.ServiceExtension/Data/tmp/documents/FC0D829E-6312-4C8D-8B60-665DA323269C"
    ],
    "ultima_modificacion": "2025-08-01 01:01:56.735232"
  },
  "ef9cd52624ec4ef39858894729c8bf14.jpeg": {
    "app_sintetizada": "EF9CD52624EC4EF39858894729C8BF14.JPEG",
    "cantidad_archivos": 1,
    "archivos_fuente": [
      "Library/Containers/net.whatsapp.WhatsApp.ServiceExtension/Data/tmp/documents/EF9CD526-24EC-4EF3-9858-894729C8BF14.jpeg"
    ],
    "ultima_modificacion": "2025-08-01 01:01:56.735429"
  },
  "9f1faf8805cb44ae96d5b94a08e6840c.png": {
    "app_sintetizada": "9F1FAF8805CB44AE96D5B94A08E6840C.PNG",
    "cantidad_archivos": 1,
    "archivos_fuente": [
      "Library/Containers/net.whatsapp.WhatsApp.ServiceExtension/Data/tmp/documents/9F1FAF88-05CB-44AE-96D5-B94A08E6840C.png"
    ],
    "ultima_modificacion": "2025-08-01 01:01:56.735643"
  },
  "137094d0b98246d59a0f3011c6f93ed5.png": {
    "app_sintetizada": "137094D0B98246D59A0F3011C6F93ED5.PNG",
    "cantidad_archivos": 1,
    "archivos_fuente": [
      "Library/Containers/net.whatsapp.WhatsApp.ServiceExtension/Data/tmp/documents/137094D0-B982-46D5-9A0F-3011C6F93ED5.png"
    ],
    "ultima_modificacion": "2025-08-01 01:01:56.735876"
  },
  "7b541a8f1a2e4b0b9fad5280791c2bcd": {
    "app_sintetizada": "7B541A8F1A2E4B0B9FAD5280791C2BCD",
    "cantidad_archivos": 1,
    "archivos_fuente": [
      "Library/Containers/net.whatsapp.WhatsApp.ServiceExtension/Data/tmp/documents/7B541A8F-1A2E-4B0B-9FAD-5280791C2BCD"
    ],
    "ultima_modificacion": "2025-08-01 01:01:56.736139"
  },
  "a30aa29ba49c4d1abe0bb39e9c9e36b5": {
    "app_sintetizada": "A30AA29BA49C4D1ABE0BB39E9C9E36B5",
    "cantidad_archivos": 1,
    "archivos_fuente": [
      "Library/Containers/net.whatsapp.WhatsApp.ServiceExtension/Data/tmp/documents/A30AA29B-A49C-4D1A-BE0B-B39E9C9E36B5"
    ],
    "ultima_modificacion": "2025-08-01 01:01:56.736410"
  },
  "a8279cf72beb4ad48b9bb89a581d06a9.jpeg": {
    "app_sintetizada": "A8279CF72BEB4AD48B9BB89A581D06A9.JPEG",
    "cantidad_archivos": 1,
    "archivos_fuente": [
      "Library/Containers/net.whatsapp.WhatsApp.ServiceExtension/Data/tmp/documents/A8279CF7-2BEB-4AD4-8B9B-B89A581D06A9.jpeg"
    ],
    "ultima_modificacion": "2025-08-01 01:01:56.736675"
  },
  "75541e233b0440fab15d1230a3c1ba6d": {
    "app_sintetizada": "75541E233B0440FAB15D1230A3C1BA6D",
    "cantidad_archivos": 1,
    "archivos_fuente": [
      "Library/Containers/net.whatsapp.WhatsApp.ServiceExtension/Data/tmp/documents/75541E23-3B04-40FA-B15D-1230A3C1BA6D"
    ],
    "ultima_modificacion": "2025-08-01 01:01:56.737076"
  },
  "65650fbbd5a0421aa733f6c962e684cd.jpeg": {
    "app_sintetizada": "65650FBBD5A0421AA733F6C962E684CD.JPEG",
    "cantidad_archivos": 1,
    "archivos_fuente": [
      "Library/Containers/net.whatsapp.WhatsApp.ServiceExtension/Data/tmp/documents/65650FBB-D5A0-421A-A733-F6C962E684CD.jpeg"
    ],
    "ultima_modificacion": "2025-08-01 01:01:56.737409"
  },
  "fd891b322e964c0284fac1c174a308af": {
    "app_sintetizada": "FD891B322E964C0284FAC1C174A308AF",
    "cantidad_archivos": 1,
    "archivos_fuente": [
      "Library/Containers/net.whatsapp.WhatsApp.ServiceExtension/Data/tmp/documents/FD891B32-2E96-4C02-84FA-C1C174A308AF"
    ],
    "ultima_modificacion": "2025-08-01 01:01:56.737757"
  },
  "e24b078c86e44bdb8bdeea098cc69489.jpeg": {
    "app_sintetizada": "E24B078C86E44BDB8BDEEA098CC69489.JPEG",
    "cantidad_archivos": 1,
    "archivos_fuente": [
      "Library/Containers/net.whatsapp.WhatsApp.ServiceExtension/Data/tmp/documents/E24B078C-86E4-4BDB-8BDE-EA098CC69489.jpeg"
    ],
    "ultima_modificacion": "2025-08-01 01:01:56.738151"
  },
  "c208d300e3fc4bbda6d19edda2afc9ff.jpeg": {
    "app_sintetizada": "C208D300E3FC4BBDA6D19EDDA2AFC9FF.JPEG",
    "cantidad_archivos": 1,
    "archivos_fuente": [
      "Library/Containers/net.whatsapp.WhatsApp.ServiceExtension/Data/tmp/documents/C208D300-E3FC-4BBD-A6D1-9EDDA2AFC9FF.jpeg"
    ],
    "ultima_modificacion": "2025-08-01 01:01:56.738495"
  },
  "com.apple.sirimetricsworker.plist": {
    "app_sintetizada": "COM.APPLE.SIRIMETRICSWORKER.PLIST",
    "cantidad_archivos": 1,
    "archivos_fuente": [
      "Library/Containers/com.apple.siri.metrics.MetricsExtension/Data/Library/Preferences/com.apple.SiriMetricsWorker.plist"
    ],
    "ultima_modificacion": "2025-08-01 01:01:56.738803"
  },
  "com.apple.siri.siritodayextension.plist": {
    "app_sintetizada": "COM.APPLE.SIRI.SIRITODAYEXTENSION.PLIST",
    "cantidad_archivos": 1,
    "archivos_fuente": [
      "Library/Containers/com.apple.Siri.SiriTodayExtension/Data/Library/Preferences/com.apple.Siri.SiriTodayExtension.plist"
    ],
    "ultima_modificacion": "2025-08-01 01:01:56.739135"
  },
  "backupcontrolfile": {
    "app_sintetizada": "BACKUPCONTROLFILE",
    "cantidad_archivos": 1,
    "archivos_fuente": [
      "Library/Containers/net.whatsapp.WhatsApp/Data/Library/backup_control_file"
    ],
    "ultima_modificacion": "2025-08-01 01:01:56.739467"
  },
  "networkusage.data": {
    "app_sintetizada": "NETWORKUSAGE.DATA",
    "cantidad_archivos": 1,
    "archivos_fuente": [
      "Library/Containers/net.whatsapp.WhatsApp/Data/Library/network-usage.data"
    ],
    "ultima_modificacion": "2025-08-01 01:01:56.739752"
  },
  "optimisticupload.state": {
    "app_sintetizada": "OPTIMISTICUPLOAD.STATE",
    "cantidad_archivos": 1,
    "archivos_fuente": [
      "Library/Containers/net.whatsapp.WhatsApp/Data/Library/optimistic-upload.state"
    ],
    "ultima_modificacion": "2025-08-01 01:01:56.740041"
  },
  "historysynccompanionpersistentstate": {
    "app_sintetizada": "HISTORYSYNCCOMPANIONPERSISTENTSTATE",
    "cantidad_archivos": 1,
    "archivos_fuente": [
      "Library/Containers/net.whatsapp.WhatsApp/Data/Library/Application Support/history-sync-companion-persistent-state"
    ],
    "ultima_modificacion": "2025-08-01 01:01:56.740355"
  },
  "historysynccompanioninitialsynclastmessageorderids": {
    "app_sintetizada": "HISTORYSYNCCOMPANIONINITIALSYNCLASTMESSAGEORDERIDS",
    "cantidad_archivos": 1,
    "archivos_fuente": [
      "Library/Containers/net.whatsapp.WhatsApp/Data/Library/Application Support/history-sync-companion-initial-sync-last-message-order-ids"
    ],
    "ultima_modificacion": "2025-08-01 01:01:56.740660"
  },
  "lastlifecyclesessionid": {
    "app_sintetizada": "LASTLIFECYCLESESSIONID",
    "cantidad_archivos": 1,
    "archivos_fuente": [
      "Library/Containers/net.whatsapp.WhatsApp/Data/Library/Application Support/lifecycle/last_lifecycle_session_id"
    ],
    "ultima_modificacion": "2025-08-01 01:01:56.740988"
  },
  "d24295dbeaf44189b58629d4ad5d53b3": {
    "app_sintetizada": "D24295DBEAF44189B58629D4AD5D53B3",
    "cantidad_archivos": 1,
    "archivos_fuente": [
      "Library/Containers/net.whatsapp.WhatsApp/Data/Library/Application Support/AppExit/TerminationInfo/D24295DB-EAF4-4189-B586-29D4AD5D53B3"
    ],
    "ultima_modificacion": "2025-08-01 01:01:56.741282"
  },
  "14336c4931124060a77d56bb25a18c31": {
    "app_sintetizada": "14336C4931124060A77D56BB25A18C31",
    "cantidad_archivos": 1,
    "archivos_fuente": [
      "Library/Containers/net.whatsapp.WhatsApp/Data/Library/Application Support/AppExit/TerminationInfo/14336C49-3112-4060-A77D-56BB25A18C31"
    ],
    "ultima_modificacion": "2025-08-01 01:01:56.741646"
  },
  "f27eb60a80a44e9d811074e7ff8b8b04": {
    "app_sintetizada": "F27EB60A80A44E9D811074E7FF8B8B04",
    "cantidad_archivos": 1,
    "archivos_fuente": [
      "Library/Containers/net.whatsapp.WhatsApp/Data/Library/Application Support/AppExit/TerminationInfo/F27EB60A-80A4-4E9D-8110-74E7FF8B8B04"
    ],
    "ultima_modificacion": "2025-08-01 01:01:56.742001"
  },
  "2eb05db2201249cd8a8dfaab01f67852": {
    "app_sintetizada": "2EB05DB2201249CD8A8DFAAB01F67852",
    "cantidad_archivos": 1,
    "archivos_fuente": [
      "Library/Containers/net.whatsapp.WhatsApp/Data/Library/Application Support/AppExit/TerminationInfo/2EB05DB2-2012-49CD-8A8D-FAAB01F67852"
    ],
    "ultima_modificacion": "2025-08-01 01:01:56.742362"
  },
  "c12f05b1c51a4b72b2c8c55b290ef26a": {
    "app_sintetizada": "C12F05B1C51A4B72B2C8C55B290EF26A",
    "cantidad_archivos": 1,
    "archivos_fuente": [
      "Library/Containers/net.whatsapp.WhatsApp/Data/Library/Application Support/AppExit/TerminationInfo/C12F05B1-C51A-4B72-B2C8-C55B290EF26A"
    ],
    "ultima_modificacion": "2025-08-01 01:01:56.742721"
  },
  "aaff36a5843b478eb00a466680bf8058": {
    "app_sintetizada": "AAFF36A5843B478EB00A466680BF8058",
    "cantidad_archivos": 1,
    "archivos_fuente": [
      "Library/Containers/net.whatsapp.WhatsApp/Data/Library/Application Support/AppExit/TerminationInfo/AAFF36A5-843B-478E-B00A-466680BF8058"
    ],
    "ultima_modificacion": "2025-08-01 01:01:56.743074"
  },
  "87bc17ec447a4824980bb1e6012ee92f": {
    "app_sintetizada": "87BC17EC447A4824980BB1E6012EE92F",
    "cantidad_archivos": 1,
    "archivos_fuente": [
      "Library/Containers/net.whatsapp.WhatsApp/Data/Library/Application Support/AppExit/TerminationInfo/87BC17EC-447A-4824-980B-B1E6012EE92F"
    ],
    "ultima_modificacion": "2025-08-01 01:01:56.743447"
  },
  "035c4a4fe7084048a0504eb156ff88f5": {
    "app_sintetizada": "035C4A4FE7084048A0504EB156FF88F5",
    "cantidad_archivos": 1,
    "archivos_fuente": [
      "Library/Containers/net.whatsapp.WhatsApp/Data/Library/Application Support/AppExit/TerminationInfo/035C4A4F-E708-4048-A050-4EB156FF88F5"
    ],
    "ultima_modificacion": "2025-08-01 01:01:56.743792"
  },
  "81315223edd042a0aa7ac2fce6718a22": {
    "app_sintetizada": "81315223EDD042A0AA7AC2FCE6718A22",
    "cantidad_archivos": 1,
    "archivos_fuente": [
      "Library/Containers/net.whatsapp.WhatsApp/Data/Library/Application Support/AppExit/TerminationInfo/81315223-EDD0-42A0-AA7A-C2FCE6718A22"
    ],
    "ultima_modificacion": "2025-08-01 01:01:56.744166"
  },
  "688d4e9bbf9342d9b41ecb18e1b0da1a": {
    "app_sintetizada": "688D4E9BBF9342D9B41ECB18E1B0DA1A",
    "cantidad_archivos": 1,
    "archivos_fuente": [
      "Library/Containers/net.whatsapp.WhatsApp/Data/Library/Application Support/AppExit/TerminationInfo/688D4E9B-BF93-42D9-B41E-CB18E1B0DA1A"
    ],
    "ultima_modificacion": "2025-08-01 01:01:56.744476"
  },
  "c54f12d2a2bb449198c809a6fa97ee6e": {
    "app_sintetizada": "C54F12D2A2BB449198C809A6FA97EE6E",
    "cantidad_archivos": 1,
    "archivos_fuente": [
      "Library/Containers/net.whatsapp.WhatsApp/Data/Library/Application Support/AppExit/TerminationInfo/C54F12D2-A2BB-4491-98C8-09A6FA97EE6E"
    ],
    "ultima_modificacion": "2025-08-01 01:01:56.744783"
  },
  "9fe143578af14a4da5711edb0e0cb1c8": {
    "app_sintetizada": "9FE143578AF14A4DA5711EDB0E0CB1C8",
    "cantidad_archivos": 1,
    "archivos_fuente": [
      "Library/Containers/net.whatsapp.WhatsApp/Data/Library/Application Support/AppExit/TerminationInfo/9FE14357-8AF1-4A4D-A571-1EDB0E0CB1C8"
    ],
    "ultima_modificacion": "2025-08-01 01:01:56.745088"
  },
  "d38a5f13b5594cc685d28093aee34f4b": {
    "app_sintetizada": "D38A5F13B5594CC685D28093AEE34F4B",
    "cantidad_archivos": 1,
    "archivos_fuente": [
      "Library/Containers/net.whatsapp.WhatsApp/Data/Library/Application Support/AppExit/TerminationInfo/D38A5F13-B559-4CC6-85D2-8093AEE34F4B"
    ],
    "ultima_modificacion": "2025-08-01 01:01:56.745402"
  },
  "fbanalyticsunifiedeventstore.sqliteshm": {
    "app_sintetizada": "FBANALYTICSUNIFIEDEVENTSTORE.SQLITESHM",
    "cantidad_archivos": 1,
    "archivos_fuente": [
      "Library/Containers/net.whatsapp.WhatsApp/Data/Library/Application Support/net.whatsapp.WhatsApp/analytics/unified_micro_batch/FBAnalyticsUnifiedEventStore.sqlite-shm"
    ],
    "ultima_modificacion": "2025-08-01 01:01:56.745750"
  },
  "fbanalyticsunifiedeventstore.sqlitewal": {
    "app_sintetizada": "FBANALYTICSUNIFIEDEVENTSTORE.SQLITEWAL",
    "cantidad_archivos": 1,
    "archivos_fuente": [
      "Library/Containers/net.whatsapp.WhatsApp/Data/Library/Application Support/net.whatsapp.WhatsApp/analytics/unified_micro_batch/FBAnalyticsUnifiedEventStore.sqlite-wal"
    ],
    "ultima_modificacion": "2025-08-01 01:01:56.746083"
  },
  "fbanalyticsunifiedeventstore.sqlite": {
    "app_sintetizada": "FBANALYTICSUNIFIEDEVENTSTORE.SQLITE",
    "cantidad_archivos": 1,
    "archivos_fuente": [
      "Library/Containers/net.whatsapp.WhatsApp/Data/Library/Application Support/net.whatsapp.WhatsApp/analytics/unified_micro_batch/FBAnalyticsUnifiedEventStore.sqlite"
    ],
    "ultima_modificacion": "2025-08-01 01:01:56.746390"
  },
  "applicationstatus.mmap.v1": {
    "app_sintetizada": "APPLICATIONSTATUS.MMAP.V1",
    "cantidad_archivos": 1,
    "archivos_fuente": [
      "Library/Containers/net.whatsapp.WhatsApp/Data/Library/Application Support/AppHealth/application_status.mmap.v1"
    ],
    "ultima_modificacion": "2025-08-01 01:01:56.746736"
  },
  "assets.db": {
    "app_sintetizada": "ASSETS.DB",
    "cantidad_archivos": 1,
    "archivos_fuente": [
      "Library/Containers/net.whatsapp.WhatsApp/Data/Library/Application Support/executorchcoreml/assets.db"
    ],
    "ultima_modificacion": "2025-08-01 01:01:56.747058"
  },
  "assets.dbwal": {
    "app_sintetizada": "ASSETS.DBWAL",
    "cantidad_archivos": 1,
    "archivos_fuente": [
      "Library/Containers/net.whatsapp.WhatsApp/Data/Library/Application Support/executorchcoreml/assets.db-wal"
    ],
    "ultima_modificacion": "2025-08-01 01:01:56.747388"
  },
  "assets.dbshm": {
    "app_sintetizada": "ASSETS.DBSHM",
    "cantidad_archivos": 1,
    "archivos_fuente": [
      "Library/Containers/net.whatsapp.WhatsApp/Data/Library/Application Support/executorchcoreml/assets.db-shm"
    ],
    "ultima_modificacion": "2025-08-01 01:01:56.747684"
  },
  "appstatesyncchatsyncedlids.plist": {
    "app_sintetizada": "APPSTATESYNCCHATSYNCEDLIDS.PLIST",
    "cantidad_archivos": 1,
    "archivos_fuente": [
      "Library/Containers/net.whatsapp.WhatsApp/Data/Library/Preferences/AppStateSyncChatSyncedLids.plist"
    ],
    "ultima_modificacion": "2025-08-01 01:01:56.748049"
  },
  "net.whatsapp.whatsapp.plist": {
    "app_sintetizada": "NET.WHATSAPP.WHATSAPP.PLIST",
    "cantidad_archivos": 1,
    "archivos_fuente": [
      "Library/Containers/net.whatsapp.WhatsApp/Data/Library/Preferences/net.whatsapp.WhatsApp.plist"
    ],
    "ultima_modificacion": "2025-08-01 01:01:56.748390"
  },
  "uitextinputcontextidentifiers.plist": {
    "app_sintetizada": "UITEXTINPUTCONTEXTIDENTIFIERS.PLIST",
    "cantidad_archivos": 1,
    "archivos_fuente": [
      "Library/Containers/net.whatsapp.WhatsApp/Data/Library/Preferences/UITextInputContextIdentifiers.plist"
    ],
    "ultima_modificacion": "2025-08-01 01:01:56.748743"
  },
  "tracking.sqlitejournal": {
    "app_sintetizada": "TRACKING.SQLITEJOURNAL",
    "cantidad_archivos": 1,
    "archivos_fuente": [
      "Library/Containers/net.whatsapp.WhatsApp/Data/Library/Orphaned/Tracking.sqlite-journal"
    ],
    "ultima_modificacion": "2025-08-01 01:01:56.749163"
  },
  "tracking.sqlite": {
    "app_sintetizada": "TRACKING.SQLITE",
    "cantidad_archivos": 1,
    "archivos_fuente": [
      "Library/Containers/net.whatsapp.WhatsApp/Data/Library/Orphaned/Tracking.sqlite"
    ],
    "ultima_modificacion": "2025-08-01 01:01:56.749593"
  },
  "accountsyncprblocklist": {
    "app_sintetizada": "ACCOUNTSYNCPRBLOCKLIST",
    "cantidad_archivos": 1,
    "archivos_fuente": [
      "Library/Containers/net.whatsapp.WhatsApp/Data/Library/PersistentRequests/AccountSyncPR_blocklist"
    ],
    "ultima_modificacion": "2025-08-01 01:01:56.750345"
  },
  "56956234842@s.whatsapp.net3a1f33f238be39a8b0fc00.jpg": {
    "app_sintetizada": "56956234842@S.WHATSAPP.NET3A1F33F238BE39A8B0FC00.JPG",
    "cantidad_archivos": 1,
    "archivos_fuente": [
      "Library/Containers/net.whatsapp.WhatsApp/Data/Library/Caches/ChatMedia/56956234842@s.whatsapp.net/56956234842@s.whatsapp.net_3A1F33F238BE39A8B0FC_0_0.jpg"
    ],
    "ultima_modificacion": "2025-08-01 01:01:56.750826"
  },
  "8e8594f9982c4227a6bd4430bbb69623.jpg": {
    "app_sintetizada": "8E8594F9982C4227A6BD4430BBB69623.JPG",
    "cantidad_archivos": 1,
    "archivos_fuente": [
      "Library/Containers/net.whatsapp.WhatsApp/Data/Library/Caches/ChatMedia/56974979665@s.whatsapp.net/8e8594f9-982c-4227-a6bd-4430bbb69623.jpg"
    ],
    "ultima_modificacion": "2025-08-01 01:01:56.751633"
  },
  "23c0d227ba35469b9cd76c793164f899.jpg": {
    "app_sintetizada": "23C0D227BA35469B9CD76C793164F899.JPG",
    "cantidad_archivos": 1,
    "archivos_fuente": [
      "Library/Containers/net.whatsapp.WhatsApp/Data/Library/Caches/ChatMedia/56992879602@s.whatsapp.net/23c0d227-ba35-469b-9cd7-6c793164f899.jpg"
    ],
    "ultima_modificacion": "2025-08-01 01:01:56.752249"
  },
  "4ae6d57a992c42899d6357a98bd97bea.jpg": {
    "app_sintetizada": "4AE6D57A992C42899D6357A98BD97BEA.JPG",
    "cantidad_archivos": 1,
    "archivos_fuente": [
      "Library/Containers/net.whatsapp.WhatsApp/Data/Library/Caches/ChatMedia/56992879602@s.whatsapp.net/4ae6d57a-992c-4289-9d63-57a98bd97bea.jpg"
    ],
    "ultima_modificacion": "2025-08-01 01:01:56.753016"
  },
  "56940331906@s.whatsapp.net36028c4d59833950abd3d5befca8ff7400.jpg": {
    "app_sintetizada": "56940331906@S.WHATSAPP.NET36028C4D59833950ABD3D5BEFCA8FF7400.JPG",
    "cantidad_archivos": 1,
    "archivos_fuente": [
      "Library/Containers/net.whatsapp.WhatsApp/Data/Library/Caches/ChatMedia/56940331906@s.whatsapp.net/56940331906@s.whatsapp.net_36028C4D59833950ABD3D5BEFCA8FF74_0_0.jpg"
    ],
    "ultima_modificacion": "2025-08-01 01:01:56.753491"
  },
  "d763e402218940e892916e931a5b98e4.jpg": {
    "app_sintetizada": "D763E402218940E892916E931A5B98E4.JPG",
    "cantidad_archivos": 1,
    "archivos_fuente": [
      "Library/Containers/net.whatsapp.WhatsApp/Data/Library/Caches/ChatMedia/56942263082@s.whatsapp.net/d763e402-2189-40e8-9291-6e931a5b98e4.jpg"
    ],
    "ultima_modificacion": "2025-08-01 01:01:56.754065"
  },
  "c493e58232c42287b349465e6a454021highres.jpg": {
    "app_sintetizada": "C493E58232C42287B349465E6A454021HIGHRES.JPG",
    "cantidad_archivos": 1,
    "archivos_fuente": [
      "Library/Containers/net.whatsapp.WhatsApp/Data/Library/Caches/LinkThumbnail/56956234842@s.whatsapp.net/c493e58232c42287b349465e6a454021-highRes.jpg"
    ],
    "ultima_modificacion": "2025-08-01 01:01:56.754461"
  },
  "93b13479ec3f8f8ad25ece277341d587highres.jpg": {
    "app_sintetizada": "93B13479EC3F8F8AD25ECE277341D587HIGHRES.JPG",
    "cantidad_archivos": 1,
    "archivos_fuente": [
      "Library/Containers/net.whatsapp.WhatsApp/Data/Library/Caches/LinkThumbnail/56983781898@s.whatsapp.net/93b13479ec3f8f8ad25ece277341d587-highRes.jpg"
    ],
    "ultima_modificacion": "2025-08-01 01:01:56.754859"
  },
  "6d86aeff40c926b73b6399073b5bb2fbhighres.jpg": {
    "app_sintetizada": "6D86AEFF40C926B73B6399073B5BB2FBHIGHRES.JPG",
    "cantidad_archivos": 1,
    "archivos_fuente": [
      "Library/Containers/net.whatsapp.WhatsApp/Data/Library/Caches/LinkThumbnail/56998953036@s.whatsapp.net/6d86aeff40c926b73b6399073b5bb2fb-highRes.jpg"
    ],
    "ultima_modificacion": "2025-08-01 01:01:56.755236"
  },
  "b9ca3af9191bbdb97811bef1da7c4aefhighres.jpg": {
    "app_sintetizada": "B9CA3AF9191BBDB97811BEF1DA7C4AEFHIGHRES.JPG",
    "cantidad_archivos": 1,
    "archivos_fuente": [
      "Library/Containers/net.whatsapp.WhatsApp/Data/Library/Caches/LinkThumbnail/56998953036@s.whatsapp.net/b9ca3af9191bbdb97811bef1da7c4aef-highRes.jpg"
    ],
    "ultima_modificacion": "2025-08-01 01:01:56.755584"
  },
  "e6f95d7822b3e064d7ab11c6e7788775highres.jpg": {
    "app_sintetizada": "E6F95D7822B3E064D7AB11C6E7788775HIGHRES.JPG",
    "cantidad_archivos": 1,
    "archivos_fuente": [
      "Library/Containers/net.whatsapp.WhatsApp/Data/Library/Caches/LinkThumbnail/56998953036@s.whatsapp.net/e6f95d7822b3e064d7ab11c6e7788775-highRes.jpg"
    ],
    "ultima_modificacion": "2025-08-01 01:01:56.756011"
  },
  "8c21d2d403d674da26eab34e3005b4dbhighres.jpg": {
    "app_sintetizada": "8C21D2D403D674DA26EAB34E3005B4DBHIGHRES.JPG",
    "cantidad_archivos": 1,
    "archivos_fuente": [
      "Library/Containers/net.whatsapp.WhatsApp/Data/Library/Caches/LinkThumbnail/56940331906@s.whatsapp.net/8c21d2d403d674da26eab34e3005b4db-highRes.jpg"
    ],
    "ultima_modificacion": "2025-08-01 01:01:56.756372"
  },
  "e7a701a48c06b5a3fed16baf55e9fafehighres.jpg": {
    "app_sintetizada": "E7A701A48C06B5A3FED16BAF55E9FAFEHIGHRES.JPG",
    "cantidad_archivos": 1,
    "archivos_fuente": [
      "Library/Containers/net.whatsapp.WhatsApp/Data/Library/Caches/LinkThumbnail/56961941240@s.whatsapp.net/e7a701a48c06b5a3fed16baf55e9fafe-highRes.jpg"
    ],
    "ultima_modificacion": "2025-08-01 01:01:56.756722"
  },
  "8e1c729d17686219e01d56a8ba533471highres.jpg": {
    "app_sintetizada": "8E1C729D17686219E01D56A8BA533471HIGHRES.JPG",
    "cantidad_archivos": 1,
    "archivos_fuente": [
      "Library/Containers/net.whatsapp.WhatsApp/Data/Library/Caches/LinkThumbnail/56961941240@s.whatsapp.net/8e1c729d17686219e01d56a8ba533471-highRes.jpg"
    ],
    "ultima_modificacion": "2025-08-01 01:01:56.757098"
  },
  "07e221ce120ce081289aada47be32b55highres.jpg": {
    "app_sintetizada": "07E221CE120CE081289AADA47BE32B55HIGHRES.JPG",
    "cantidad_archivos": 1,
    "archivos_fuente": [
      "Library/Containers/net.whatsapp.WhatsApp/Data/Library/Caches/LinkThumbnail/56961620323@s.whatsapp.net/07e221ce120ce081289aada47be32b55-highRes.jpg"
    ],
    "ultima_modificacion": "2025-08-01 01:01:56.757530"
  },
  "1552925271564917877.png": {
    "app_sintetizada": "1552925271564917877.PNG",
    "cantidad_archivos": 1,
    "archivos_fuente": [
      "Library/Containers/net.whatsapp.WhatsApp/Data/Library/Caches/spotlight-profile-v2/1552925271564917877.png"
    ],
    "ultima_modificacion": "2025-08-01 01:01:56.757995"
  },
  "14279083744784041505.png": {
    "app_sintetizada": "14279083744784041505.PNG",
    "cantidad_archivos": 1,
    "archivos_fuente": [
      "Library/Containers/net.whatsapp.WhatsApp/Data/Library/Caches/spotlight-profile-v2/14279083744784041505.png"
    ],
    "ultima_modificacion": "2025-08-01 01:01:56.758451"
  },
  "15436423991067184420.png": {
    "app_sintetizada": "15436423991067184420.PNG",
    "cantidad_archivos": 1,
    "archivos_fuente": [
      "Library/Containers/net.whatsapp.WhatsApp/Data/Library/Caches/spotlight-profile-v2/15436423991067184420.png"
    ],
    "ultima_modificacion": "2025-08-01 01:01:56.758784"
  },
  "7571430935130023291.png": {
    "app_sintetizada": "7571430935130023291.PNG",
    "cantidad_archivos": 1,
    "archivos_fuente": [
      "Library/Containers/net.whatsapp.WhatsApp/Data/Library/Caches/spotlight-profile-v2/7571430935130023291.png"
    ],
    "ultima_modificacion": "2025-08-01 01:01:56.759130"
  },
  "4768465013862204437.png": {
    "app_sintetizada": "4768465013862204437.PNG",
    "cantidad_archivos": 1,
    "archivos_fuente": [
      "Library/Containers/net.whatsapp.WhatsApp/Data/Library/Caches/spotlight-profile-v2/4768465013862204437.png"
    ],
    "ultima_modificacion": "2025-08-01 01:01:56.759500"
  },
  "4552630066960809064.png": {
    "app_sintetizada": "4552630066960809064.PNG",
    "cantidad_archivos": 1,
    "archivos_fuente": [
      "Library/Containers/net.whatsapp.WhatsApp/Data/Library/Caches/spotlight-profile-v2/4552630066960809064.png"
    ],
    "ultima_modificacion": "2025-08-01 01:01:56.759843"
  },
  "7738806535155367055.png": {
    "app_sintetizada": "7738806535155367055.PNG",
    "cantidad_archivos": 1,
    "archivos_fuente": [
      "Library/Containers/net.whatsapp.WhatsApp/Data/Library/Caches/spotlight-profile-v2/7738806535155367055.png"
    ],
    "ultima_modificacion": "2025-08-01 01:01:56.760190"
  },
  "6101620929958069147.png": {
    "app_sintetizada": "6101620929958069147.PNG",
    "cantidad_archivos": 1,
    "archivos_fuente": [
      "Library/Containers/net.whatsapp.WhatsApp/Data/Library/Caches/spotlight-profile-v2/6101620929958069147.png"
    ],
    "ultima_modificacion": "2025-08-01 01:01:56.760539"
  },
  "12682445019351076136.png": {
    "app_sintetizada": "12682445019351076136.PNG",
    "cantidad_archivos": 1,
    "archivos_fuente": [
      "Library/Containers/net.whatsapp.WhatsApp/Data/Library/Caches/spotlight-profile-v2/12682445019351076136.png"
    ],
    "ultima_modificacion": "2025-08-01 01:01:56.760892"
  },
  "8615189899485148438.png": {
    "app_sintetizada": "8615189899485148438.PNG",
    "cantidad_archivos": 1,
    "archivos_fuente": [
      "Library/Containers/net.whatsapp.WhatsApp/Data/Library/Caches/spotlight-profile-v2/8615189899485148438.png"
    ],
    "ultima_modificacion": "2025-08-01 01:01:56.761262"
  },
  "8301196606887928736.png": {
    "app_sintetizada": "8301196606887928736.PNG",
    "cantidad_archivos": 1,
    "archivos_fuente": [
      "Library/Containers/net.whatsapp.WhatsApp/Data/Library/Caches/spotlight-profile-v2/8301196606887928736.png"
    ],
    "ultima_modificacion": "2025-08-01 01:01:56.761608"
  },
  "12100393209734365981.png": {
    "app_sintetizada": "12100393209734365981.PNG",
    "cantidad_archivos": 1,
    "archivos_fuente": [
      "Library/Containers/net.whatsapp.WhatsApp/Data/Library/Caches/spotlight-profile-v2/12100393209734365981.png"
    ],
    "ultima_modificacion": "2025-08-01 01:01:56.761958"
  },
  "12444257990913408805.png": {
    "app_sintetizada": "12444257990913408805.PNG",
    "cantidad_archivos": 1,
    "archivos_fuente": [
      "Library/Containers/net.whatsapp.WhatsApp/Data/Library/Caches/spotlight-profile-v2/12444257990913408805.png"
    ],
    "ultima_modificacion": "2025-08-01 01:01:56.762290"
  },
  "13369871407346757024.png": {
    "app_sintetizada": "13369871407346757024.PNG",
    "cantidad_archivos": 1,
    "archivos_fuente": [
      "Library/Containers/net.whatsapp.WhatsApp/Data/Library/Caches/spotlight-profile-v2/13369871407346757024.png"
    ],
    "ultima_modificacion": "2025-08-01 01:01:56.762645"
  },
  "5112092071990096432.png": {
    "app_sintetizada": "5112092071990096432.PNG",
    "cantidad_archivos": 1,
    "archivos_fuente": [
      "Library/Containers/net.whatsapp.WhatsApp/Data/Library/Caches/spotlight-profile-v2/5112092071990096432.png"
    ],
    "ultima_modificacion": "2025-08-01 01:01:56.762935"
  },
  "14165442373023771298.png": {
    "app_sintetizada": "14165442373023771298.PNG",
    "cantidad_archivos": 1,
    "archivos_fuente": [
      "Library/Containers/net.whatsapp.WhatsApp/Data/Library/Caches/spotlight-profile-v2/14165442373023771298.png"
    ],
    "ultima_modificacion": "2025-08-01 01:01:56.763240"
  },
  "13994301792550988701.png": {
    "app_sintetizada": "13994301792550988701.PNG",
    "cantidad_archivos": 1,
    "archivos_fuente": [
      "Library/Containers/net.whatsapp.WhatsApp/Data/Library/Caches/spotlight-profile-v2/13994301792550988701.png"
    ],
    "ultima_modificacion": "2025-08-01 01:01:56.763538"
  },
  "8410858720195769753.png": {
    "app_sintetizada": "8410858720195769753.PNG",
    "cantidad_archivos": 1,
    "archivos_fuente": [
      "Library/Containers/net.whatsapp.WhatsApp/Data/Library/Caches/spotlight-profile-v2/8410858720195769753.png"
    ],
    "ultima_modificacion": "2025-08-01 01:01:56.763872"
  },
  "6174998036559917987.png": {
    "app_sintetizada": "6174998036559917987.PNG",
    "cantidad_archivos": 1,
    "archivos_fuente": [
      "Library/Containers/net.whatsapp.WhatsApp/Data/Library/Caches/spotlight-profile-v2/6174998036559917987.png"
    ],
    "ultima_modificacion": "2025-08-01 01:01:56.764407"
  },
  "18071999370217885073.png": {
    "app_sintetizada": "18071999370217885073.PNG",
    "cantidad_archivos": 1,
    "archivos_fuente": [
      "Library/Containers/net.whatsapp.WhatsApp/Data/Library/Caches/spotlight-profile-v2/18071999370217885073.png"
    ],
    "ultima_modificacion": "2025-08-01 01:01:56.764729"
  },
  "248049542402337308.png": {
    "app_sintetizada": "248049542402337308.PNG",
    "cantidad_archivos": 1,
    "archivos_fuente": [
      "Library/Containers/net.whatsapp.WhatsApp/Data/Library/Caches/spotlight-profile-v2/248049542402337308.png"
    ],
    "ultima_modificacion": "2025-08-01 01:01:56.765036"
  },
  "9894256282717185063.png": {
    "app_sintetizada": "9894256282717185063.PNG",
    "cantidad_archivos": 1,
    "archivos_fuente": [
      "Library/Containers/net.whatsapp.WhatsApp/Data/Library/Caches/spotlight-profile-v2/9894256282717185063.png"
    ],
    "ultima_modificacion": "2025-08-01 01:01:56.765373"
  },
  "17086991177875452528.png": {
    "app_sintetizada": "17086991177875452528.PNG",
    "cantidad_archivos": 1,
    "archivos_fuente": [
      "Library/Containers/net.whatsapp.WhatsApp/Data/Library/Caches/spotlight-profile-v2/17086991177875452528.png"
    ],
    "ultima_modificacion": "2025-08-01 01:01:56.765701"
  },
  "17573701621048623262.png": {
    "app_sintetizada": "17573701621048623262.PNG",
    "cantidad_archivos": 1,
    "archivos_fuente": [
      "Library/Containers/net.whatsapp.WhatsApp/Data/Library/Caches/spotlight-profile-v2/17573701621048623262.png"
    ],
    "ultima_modificacion": "2025-08-01 01:01:56.765953"
  },
  "13010292802301856555.png": {
    "app_sintetizada": "13010292802301856555.PNG",
    "cantidad_archivos": 1,
    "archivos_fuente": [
      "Library/Containers/net.whatsapp.WhatsApp/Data/Library/Caches/spotlight-profile-v2/13010292802301856555.png"
    ],
    "ultima_modificacion": "2025-08-01 01:01:56.766216"
  },
  "1826462477313002528.png": {
    "app_sintetizada": "1826462477313002528.PNG",
    "cantidad_archivos": 1,
    "archivos_fuente": [
      "Library/Containers/net.whatsapp.WhatsApp/Data/Library/Caches/spotlight-profile-v2/1826462477313002528.png"
    ],
    "ultima_modificacion": "2025-08-01 01:01:56.766456"
  },
  "16212234346458481778.png": {
    "app_sintetizada": "16212234346458481778.PNG",
    "cantidad_archivos": 1,
    "archivos_fuente": [
      "Library/Containers/net.whatsapp.WhatsApp/Data/Library/Caches/spotlight-profile-v2/16212234346458481778.png"
    ],
    "ultima_modificacion": "2025-08-01 01:01:56.766690"
  },
  "10229022732266769822.png": {
    "app_sintetizada": "10229022732266769822.PNG",
    "cantidad_archivos": 1,
    "archivos_fuente": [
      "Library/Containers/net.whatsapp.WhatsApp/Data/Library/Caches/spotlight-profile-v2/10229022732266769822.png"
    ],
    "ultima_modificacion": "2025-08-01 01:01:56.766922"
  },
  "11496003485841695788.png": {
    "app_sintetizada": "11496003485841695788.PNG",
    "cantidad_archivos": 1,
    "archivos_fuente": [
      "Library/Containers/net.whatsapp.WhatsApp/Data/Library/Caches/spotlight-profile-v2/11496003485841695788.png"
    ],
    "ultima_modificacion": "2025-08-01 01:01:56.767145"
  },
  "16309785864536611240.png": {
    "app_sintetizada": "16309785864536611240.PNG",
    "cantidad_archivos": 1,
    "archivos_fuente": [
      "Library/Containers/net.whatsapp.WhatsApp/Data/Library/Caches/spotlight-profile-v2/16309785864536611240.png"
    ],
    "ultima_modificacion": "2025-08-01 01:01:56.767389"
  },
  "8700237331782872869.png": {
    "app_sintetizada": "8700237331782872869.PNG",
    "cantidad_archivos": 1,
    "archivos_fuente": [
      "Library/Containers/net.whatsapp.WhatsApp/Data/Library/Caches/spotlight-profile-v2/8700237331782872869.png"
    ],
    "ultima_modificacion": "2025-08-01 01:01:56.767633"
  },
  "3382996380279120416.png": {
    "app_sintetizada": "3382996380279120416.PNG",
    "cantidad_archivos": 1,
    "archivos_fuente": [
      "Library/Containers/net.whatsapp.WhatsApp/Data/Library/Caches/spotlight-profile-v2/3382996380279120416.png"
    ],
    "ultima_modificacion": "2025-08-01 01:01:56.767963"
  },
  "5479921812201311142.png": {
    "app_sintetizada": "5479921812201311142.PNG",
    "cantidad_archivos": 1,
    "archivos_fuente": [
      "Library/Containers/net.whatsapp.WhatsApp/Data/Library/Caches/spotlight-profile-v2/5479921812201311142.png"
    ],
    "ultima_modificacion": "2025-08-01 01:01:56.768248"
  },
  "13514521472524175006.png": {
    "app_sintetizada": "13514521472524175006.PNG",
    "cantidad_archivos": 1,
    "archivos_fuente": [
      "Library/Containers/net.whatsapp.WhatsApp/Data/Library/Caches/spotlight-profile-v2/13514521472524175006.png"
    ],
    "ultima_modificacion": "2025-08-01 01:01:56.768530"
  },
  "9201089162580176237.png": {
    "app_sintetizada": "9201089162580176237.PNG",
    "cantidad_archivos": 1,
    "archivos_fuente": [
      "Library/Containers/net.whatsapp.WhatsApp/Data/Library/Caches/spotlight-profile-v2/9201089162580176237.png"
    ],
    "ultima_modificacion": "2025-08-01 01:01:56.768913"
  },
  "17197918447586695964.png": {
    "app_sintetizada": "17197918447586695964.PNG",
    "cantidad_archivos": 1,
    "archivos_fuente": [
      "Library/Containers/net.whatsapp.WhatsApp/Data/Library/Caches/spotlight-profile-v2/17197918447586695964.png"
    ],
    "ultima_modificacion": "2025-08-01 01:01:56.769272"
  },
  "4528620122390384668.png": {
    "app_sintetizada": "4528620122390384668.PNG",
    "cantidad_archivos": 1,
    "archivos_fuente": [
      "Library/Containers/net.whatsapp.WhatsApp/Data/Library/Caches/spotlight-profile-v2/4528620122390384668.png"
    ],
    "ultima_modificacion": "2025-08-01 01:01:56.769651"
  },
  "1685078988460015270.png": {
    "app_sintetizada": "1685078988460015270.PNG",
    "cantidad_archivos": 1,
    "archivos_fuente": [
      "Library/Containers/net.whatsapp.WhatsApp/Data/Library/Caches/spotlight-profile-v2/1685078988460015270.png"
    ],
    "ultima_modificacion": "2025-08-01 01:01:56.769941"
  },
  "2699000373028302743.png": {
    "app_sintetizada": "2699000373028302743.PNG",
    "cantidad_archivos": 1,
    "archivos_fuente": [
      "Library/Containers/net.whatsapp.WhatsApp/Data/Library/Caches/spotlight-profile-v2/2699000373028302743.png"
    ],
    "ultima_modificacion": "2025-08-01 01:01:56.770224"
  }
}