{
  "20211025": {
    "app_sintetizada": "20211025",
    "cantidad_archivos": 4,
    "archivos_fuente": [
      "Library/CloudStorage/Dropbox/Cargas de ca\u0301mara/2021-10-25 08.51.08.jpg",
      "Library/CloudStorage/Dropbox/Cargas de ca\u0301mara/2021-10-25 08.51.03.jpg",
      "Library/CloudStorage/Dropbox/Cargas de ca\u0301mara/2021-10-25 08.51.11.jpg",
      "Library/CloudStorage/Dropbox/Cargas de ca\u0301mara/2021-10-25 21.28.53.jpg"
    ],
    "ultima_modificacion": "2025-08-01 01:01:49.369742"
  },
  "20210129": {
    "app_sintetizada": "20210129",
    "cantidad_archivos": 2,
    "archivos_fuente": [
      "Library/CloudStorage/Dropbox/Cargas de ca\u0301mara/2021-01-29 20.20.15.jpg",
      "Library/CloudStorage/Dropbox/Cargas de ca\u0301mara/2021-01-29 20.20.11.jpg"
    ],
    "ultima_modificacion": "2025-08-01 01:01:49.370058"
  },
  "20200314": {
    "app_sintetizada": "20200314",
    "cantidad_archivos": 2,
    "archivos_fuente": [
      "Library/CloudStorage/Dropbox/Cargas de ca\u0301mara/2020-03-14 17.04.32.jpg",
      "Library/CloudStorage/Dropbox/Cargas de ca\u0301mara/2020-03-14 14.29.01.jpg"
    ],
    "ultima_modificacion": "2025-08-01 01:01:49.370393"
  },
  "20240913": {
    "app_sintetizada": "20240913",
    "cantidad_archivos": 3,
    "archivos_fuente": [
      "Library/CloudStorage/Dropbox/Cargas de ca\u0301mara/2024-09-13 11.42.16.png",
      "Library/CloudStorage/Dropbox/Cargas de ca\u0301mara/2024-09-13 11.42.04.png",
      "Library/CloudStorage/Dropbox/Cargas de ca\u0301mara/2024-09-13 10.12.48.png"
    ],
    "ultima_modificacion": "2025-08-01 01:01:49.370717"
  },
  "20191023": {
    "app_sintetizada": "20191023",
    "cantidad_archivos": 6,
    "archivos_fuente": [
      "Library/CloudStorage/Dropbox/Cargas de ca\u0301mara/2019-10-23 23.11.29.jpg",
      "Library/CloudStorage/Dropbox/Cargas de ca\u0301mara/2019-10-23 19.09.18.jpg",
      "Library/CloudStorage/Dropbox/Cargas de ca\u0301mara/2019-10-23 18.33.50.jpg",
      "Library/CloudStorage/Dropbox/Cargas de ca\u0301mara/2019-10-23 18.30.28.jpg",
      "Library/CloudStorage/Dropbox/Cargas de ca\u0301mara/2019-10-23 13.46.17.jpg",
      "Library/CloudStorage/Dropbox/Cargas de ca\u0301mara/2019-10-23 23.11.41.jpg"
    ],
    "ultima_modificacion": "2025-08-01 01:01:49.371017"
  },
  "20190809": {
    "app_sintetizada": "20190809",
    "cantidad_archivos": 6,
    "archivos_fuente": [
      "Library/CloudStorage/Dropbox/Cargas de ca\u0301mara/2019-08-09 23.27.08.jpg",
      "Library/CloudStorage/Dropbox/Cargas de ca\u0301mara/2019-08-09 23.27.24.jpg",
      "Library/CloudStorage/Dropbox/Cargas de ca\u0301mara/2019-08-09 23.27.30.jpg",
      "Library/CloudStorage/Dropbox/Cargas de ca\u0301mara/2019-08-09 23.27.15.jpg",
      "Library/CloudStorage/Dropbox/Cargas de ca\u0301mara/2019-08-09 23.27.12.jpg",
      "Library/CloudStorage/Dropbox/Cargas de ca\u0301mara/2019-08-09 12.57.58.jpg"
    ],
    "ultima_modificacion": "2025-08-01 01:01:49.371363"
  },
  "20230626": {
    "app_sintetizada": "20230626",
    "cantidad_archivos": 2,
    "archivos_fuente": [
      "Library/CloudStorage/Dropbox/Cargas de ca\u0301mara/2023-06-26 10.54.59.jpg",
      "Library/CloudStorage/Dropbox/Cargas de ca\u0301mara/2023-06-26 11.55.04.jpg"
    ],
    "ultima_modificacion": "2025-08-01 01:01:49.371728"
  },
  "20250118": {
    "app_sintetizada": "20250118",
    "cantidad_archivos": 3,
    "archivos_fuente": [
      "Library/CloudStorage/Dropbox/Cargas de ca\u0301mara/2025-01-18 16.21.26.png",
      "Library/CloudStorage/Dropbox/Cargas de ca\u0301mara/2025-01-18 16.21.16.png",
      "Library/CloudStorage/Dropbox/Cargas de ca\u0301mara/2025-01-18 19.06.04.jpg"
    ],
    "ultima_modificacion": "2025-08-01 01:01:49.372047"
  },
  "20250303": {
    "app_sintetizada": "20250303",
    "cantidad_archivos": 1,
    "archivos_fuente": [
      "Library/CloudStorage/Dropbox/Cargas de ca\u0301mara/2025-03-03 10.31.42.png"
    ],
    "ultima_modificacion": "2025-08-01 01:01:49.372369"
  },
  "20241130": {
    "app_sintetizada": "20241130",
    "cantidad_archivos": 3,
    "archivos_fuente": [
      "Library/CloudStorage/Dropbox/Cargas de ca\u0301mara/2024-11-30 20.17.21.jpg",
      "Library/CloudStorage/Dropbox/Cargas de ca\u0301mara/2024-11-30 20.17.27.jpg",
      "Library/CloudStorage/Dropbox/Cargas de ca\u0301mara/2024-11-30 08.41.17.jpg"
    ],
    "ultima_modificacion": "2025-08-01 01:01:49.372636"
  },
  "20191120": {
    "app_sintetizada": "20191120",
    "cantidad_archivos": 5,
    "archivos_fuente": [
      "Library/CloudStorage/Dropbox/Cargas de ca\u0301mara/2019-11-20 20.13.49.jpg",
      "Library/CloudStorage/Dropbox/Cargas de ca\u0301mara/2019-11-20 17.16.02.jpg",
      "Library/CloudStorage/Dropbox/Cargas de ca\u0301mara/2019-11-20 17.16.00.jpg",
      "Library/CloudStorage/Dropbox/Cargas de ca\u0301mara/2019-11-20 17.15.44.jpg",
      "Library/CloudStorage/Dropbox/Cargas de ca\u0301mara/2019-11-20 17.16.08.jpg"
    ],
    "ultima_modificacion": "2025-08-01 01:01:49.372986"
  },
  "20220323": {
    "app_sintetizada": "20220323",
    "cantidad_archivos": 1,
    "archivos_fuente": [
      "Library/CloudStorage/Dropbox/Cargas de ca\u0301mara/2022-03-23 08.55.48.jpg"
    ],
    "ultima_modificacion": "2025-08-01 01:01:49.373242"
  },
  "20230328": {
    "app_sintetizada": "20230328",
    "cantidad_archivos": 4,
    "archivos_fuente": [
      "Library/CloudStorage/Dropbox/Cargas de ca\u0301mara/2023-03-28 18.58.22.jpg",
      "Library/CloudStorage/Dropbox/Cargas de ca\u0301mara/2023-03-28 15.56.38.jpg",
      "Library/CloudStorage/Dropbox/Cargas de ca\u0301mara/2023-03-28 15.56.39.jpg",
      "Library/CloudStorage/Dropbox/Cargas de ca\u0301mara/2023-03-28 14.22.44.jpg"
    ],
    "ultima_modificacion": "2025-08-01 01:01:49.373574"
  },
  "20230511": {
    "app_sintetizada": "20230511",
    "cantidad_archivos": 1,
    "archivos_fuente": [
      "Library/CloudStorage/Dropbox/Cargas de ca\u0301mara/2023-05-11 09.56.23.jpg"
    ],
    "ultima_modificacion": "2025-08-01 01:01:49.373828"
  },
  "20250112": {
    "app_sintetizada": "20250112",
    "cantidad_archivos": 2,
    "archivos_fuente": [
      "Library/CloudStorage/Dropbox/Cargas de ca\u0301mara/2025-01-12 17.00.07.jpg",
      "Library/CloudStorage/Dropbox/Cargas de ca\u0301mara/2025-01-12 16.58.01.jpg"
    ],
    "ultima_modificacion": "2025-08-01 01:01:49.374184"
  },
  "20221216": {
    "app_sintetizada": "20221216",
    "cantidad_archivos": 1,
    "archivos_fuente": [
      "Library/CloudStorage/Dropbox/Cargas de ca\u0301mara/2022-12-16 08.56.14.jpg"
    ],
    "ultima_modificacion": "2025-08-01 01:01:49.374522"
  },
  "20210603": {
    "app_sintetizada": "20210603",
    "cantidad_archivos": 2,
    "archivos_fuente": [
      "Library/CloudStorage/Dropbox/Cargas de ca\u0301mara/2021-06-03 12.54.28.jpg",
      "Library/CloudStorage/Dropbox/Cargas de ca\u0301mara/2021-06-03 12.54.31.jpg"
    ],
    "ultima_modificacion": "2025-08-01 01:01:49.374806"
  },
  "20200410": {
    "app_sintetizada": "20200410",
    "cantidad_archivos": 1,
    "archivos_fuente": [
      "Library/CloudStorage/Dropbox/Cargas de ca\u0301mara/2020-04-10 11.06.28.jpg"
    ],
    "ultima_modificacion": "2025-08-01 01:01:49.375026"
  },
  "20210513": {
    "app_sintetizada": "20210513",
    "cantidad_archivos": 2,
    "archivos_fuente": [
      "Library/CloudStorage/Dropbox/Cargas de ca\u0301mara/2021-05-13 12.40.02.png",
      "Library/CloudStorage/Dropbox/Cargas de ca\u0301mara/2021-05-13 21.08.07.png"
    ],
    "ultima_modificacion": "2025-08-01 01:01:49.375298"
  },
  "20170518": {
    "app_sintetizada": "20170518",
    "cantidad_archivos": 1,
    "archivos_fuente": [
      "Library/CloudStorage/Dropbox/Cargas de ca\u0301mara/2017-05-18 13.54.04.jpg"
    ],
    "ultima_modificacion": "2025-08-01 01:01:49.375534"
  },
  "20250519": {
    "app_sintetizada": "20250519",
    "cantidad_archivos": 3,
    "archivos_fuente": [
      "Library/CloudStorage/Dropbox/Cargas de ca\u0301mara/2025-05-19 14.00.12.jpg",
      "Library/CloudStorage/Dropbox/Cargas de ca\u0301mara/2025-05-19 19.35.55.jpg",
      "Library/CloudStorage/Dropbox/Cargas de ca\u0301mara/2025-05-19 14.06.18.jpg"
    ],
    "ultima_modificacion": "2025-08-01 01:01:49.375744"
  },
  "20200527": {
    "app_sintetizada": "20200527",
    "cantidad_archivos": 4,
    "archivos_fuente": [
      "Library/CloudStorage/Dropbox/Cargas de ca\u0301mara/2020-05-27 13.37.17.jpg",
      "Library/CloudStorage/Dropbox/Cargas de ca\u0301mara/2020-05-27 13.18.26.jpg",
      "Library/CloudStorage/Dropbox/Cargas de ca\u0301mara/2020-05-27 13.37.11.jpg",
      "Library/CloudStorage/Dropbox/Cargas de ca\u0301mara/2020-05-27 13.37.17-1.jpg"
    ],
    "ultima_modificacion": "2025-08-01 01:01:49.376013"
  },
  "20240817": {
    "app_sintetizada": "20240817",
    "cantidad_archivos": 2,
    "archivos_fuente": [
      "Library/CloudStorage/Dropbox/Cargas de ca\u0301mara/2024-08-17 17.13.31.png",
      "Library/CloudStorage/Dropbox/Cargas de ca\u0301mara/2024-08-17 14.13.43.png"
    ],
    "ultima_modificacion": "2025-08-01 01:01:49.376283"
  },
  "20250320": {
    "app_sintetizada": "20250320",
    "cantidad_archivos": 3,
    "archivos_fuente": [
      "Library/CloudStorage/Dropbox/Cargas de ca\u0301mara/2025-03-20 03.35.41.png",
      "Library/CloudStorage/Dropbox/Cargas de ca\u0301mara/2025-03-20 20.01.27.jpg",
      "Library/CloudStorage/Dropbox/Cargas de ca\u0301mara/2025-03-20 03.35.39.png"
    ],
    "ultima_modificacion": "2025-08-01 01:01:49.376568"
  },
  "20220920": {
    "app_sintetizada": "20220920",
    "cantidad_archivos": 1,
    "archivos_fuente": [
      "Library/CloudStorage/Dropbox/Cargas de ca\u0301mara/2022-09-20 16.14.49.jpg"
    ],
    "ultima_modificacion": "2025-08-01 01:01:49.376857"
  },
  "20210820": {
    "app_sintetizada": "20210820",
    "cantidad_archivos": 4,
    "archivos_fuente": [
      "Library/CloudStorage/Dropbox/Cargas de ca\u0301mara/2021-08-20 18.45.52.jpg",
      "Library/CloudStorage/Dropbox/Cargas de ca\u0301mara/2021-08-20 20.35.28.jpg",
      "Library/CloudStorage/Dropbox/Cargas de ca\u0301mara/2021-08-20 20.29.07.jpg",
      "Library/CloudStorage/Dropbox/Cargas de ca\u0301mara/2021-08-20 18.45.39.jpg"
    ],
    "ultima_modificacion": "2025-08-01 01:01:49.377178"
  },
  "20240921": {
    "app_sintetizada": "20240921",
    "cantidad_archivos": 7,
    "archivos_fuente": [
      "Library/CloudStorage/Dropbox/Cargas de ca\u0301mara/2024-09-21 19.11.58.jpg",
      "Library/CloudStorage/Dropbox/Cargas de ca\u0301mara/2024-09-21 19.11.47.jpg",
      "Library/CloudStorage/Dropbox/Cargas de ca\u0301mara/2024-09-21 19.11.53.jpg",
      "Library/CloudStorage/Dropbox/Cargas de ca\u0301mara/2024-09-21 19.11.52.jpg",
      "Library/CloudStorage/Dropbox/Cargas de ca\u0301mara/2024-09-21 19.11.46.jpg",
      "Library/CloudStorage/Dropbox/Cargas de ca\u0301mara/2024-09-21 19.12.01.jpg",
      "Library/CloudStorage/Dropbox/Cargas de ca\u0301mara/2024-09-21 19.11.56.jpg"
    ],
    "ultima_modificacion": "2025-08-01 01:01:49.377552"
  },
  "20220622": {
    "app_sintetizada": "20220622",
    "cantidad_archivos": 1,
    "archivos_fuente": [
      "Library/CloudStorage/Dropbox/Cargas de ca\u0301mara/2022-06-22 10.40.16.png"
    ],
    "ultima_modificacion": "2025-08-01 01:01:49.377850"
  },
  "20210119": {
    "app_sintetizada": "20210119",
    "cantidad_archivos": 1,
    "archivos_fuente": [
      "Library/CloudStorage/Dropbox/Cargas de ca\u0301mara/2021-01-19 17.41.43.jpg"
    ],
    "ultima_modificacion": "2025-08-01 01:01:49.378096"
  },
  "20231015": {
    "app_sintetizada": "20231015",
    "cantidad_archivos": 4,
    "archivos_fuente": [
      "Library/CloudStorage/Dropbox/Cargas de ca\u0301mara/2023-10-15 17.08.02.jpg",
      "Library/CloudStorage/Dropbox/Cargas de ca\u0301mara/2023-10-15 17.08.06.jpg",
      "Library/CloudStorage/Dropbox/Cargas de ca\u0301mara/2023-10-15 17.08.05.jpg",
      "Library/CloudStorage/Dropbox/Cargas de ca\u0301mara/2023-10-15 18.23.26.jpg"
    ],
    "ultima_modificacion": "2025-08-01 01:01:49.378348"
  },
  "20200423": {
    "app_sintetizada": "20200423",
    "cantidad_archivos": 4,
    "archivos_fuente": [
      "Library/CloudStorage/Dropbox/Cargas de ca\u0301mara/2020-04-23 20.33.30.jpg",
      "Library/CloudStorage/Dropbox/Cargas de ca\u0301mara/2020-04-23 19.27.07.jpg",
      "Library/CloudStorage/Dropbox/Cargas de ca\u0301mara/2020-04-23 13.21.38.jpg",
      "Library/CloudStorage/Dropbox/Cargas de ca\u0301mara/2020-04-23 15.37.02.jpg"
    ],
    "ultima_modificacion": "2025-08-01 01:01:49.378654"
  },
  "20210711": {
    "app_sintetizada": "20210711",
    "cantidad_archivos": 5,
    "archivos_fuente": [
      "Library/CloudStorage/Dropbox/Cargas de ca\u0301mara/2021-07-11 14.33.13.jpg",
      "Library/CloudStorage/Dropbox/Cargas de ca\u0301mara/2021-07-11 14.33.01.jpg",
      "Library/CloudStorage/Dropbox/Cargas de ca\u0301mara/2021-07-11 14.33.36.jpg",
      "Library/CloudStorage/Dropbox/Cargas de ca\u0301mara/2021-07-11 14.33.52.jpg",
      "Library/CloudStorage/Dropbox/Cargas de ca\u0301mara/2021-07-11 14.33.54.jpg"
    ],
    "ultima_modificacion": "2025-08-01 01:01:49.379118"
  },
  "20210713": {
    "app_sintetizada": "20210713",
    "cantidad_archivos": 1,
    "archivos_fuente": [
      "Library/CloudStorage/Dropbox/Cargas de ca\u0301mara/2021-07-13 19.00.12.jpg"
    ],
    "ultima_modificacion": "2025-08-01 01:01:49.379489"
  },
  "20180206": {
    "app_sintetizada": "20180206",
    "cantidad_archivos": 7,
    "archivos_fuente": [
      "Library/CloudStorage/Dropbox/Cargas de ca\u0301mara/2018-02-06 19.15.50.jpg",
      "Library/CloudStorage/Dropbox/Cargas de ca\u0301mara/2018-02-06 19.13.08.jpg",
      "Library/CloudStorage/Dropbox/Cargas de ca\u0301mara/2018-02-06 19.13.07.jpg",
      "Library/CloudStorage/Dropbox/Cargas de ca\u0301mara/2018-02-06 19.14.32.jpg",
      "Library/CloudStorage/Dropbox/Cargas de ca\u0301mara/2018-02-06 19.13.05.jpg",
      "Library/CloudStorage/Dropbox/Cargas de ca\u0301mara/2018-02-06 19.15.49.jpg",
      "Library/CloudStorage/Dropbox/Cargas de ca\u0301mara/2018-02-06 19.13.17.jpg"
    ],
    "ultima_modificacion": "2025-08-01 01:01:49.379869"
  },
  "20230529": {
    "app_sintetizada": "20230529",
    "cantidad_archivos": 7,
    "archivos_fuente": [
      "Library/CloudStorage/Dropbox/Cargas de ca\u0301mara/2023-05-29 10.00.09.jpg",
      "Library/CloudStorage/Dropbox/Cargas de ca\u0301mara/2023-05-29 09.59.32.jpg",
      "Library/CloudStorage/Dropbox/Cargas de ca\u0301mara/2023-05-29 10.00.10.jpg",
      "Library/CloudStorage/Dropbox/Cargas de ca\u0301mara/2023-05-29 10.00.05.jpg",
      "Library/CloudStorage/Dropbox/Cargas de ca\u0301mara/2023-05-29 10.00.07.jpg",
      "Library/CloudStorage/Dropbox/Cargas de ca\u0301mara/2023-05-29 11.33.09.jpg",
      "Library/CloudStorage/Dropbox/Cargas de ca\u0301mara/2023-05-29 11.33.08.jpg"
    ],
    "ultima_modificacion": "2025-08-01 01:01:49.380158"
  },
  "20250317": {
    "app_sintetizada": "20250317",
    "cantidad_archivos": 2,
    "archivos_fuente": [
      "Library/CloudStorage/Dropbox/Cargas de ca\u0301mara/2025-03-17 23.43.13.jpg",
      "Library/CloudStorage/Dropbox/Cargas de ca\u0301mara/2025-03-17 23.43.15.jpg"
    ],
    "ultima_modificacion": "2025-08-01 01:01:49.380473"
  },
  "20220212": {
    "app_sintetizada": "20220212",
    "cantidad_archivos": 3,
    "archivos_fuente": [
      "Library/CloudStorage/Dropbox/Cargas de ca\u0301mara/2022-02-12 09.22.05.jpg",
      "Library/CloudStorage/Dropbox/Cargas de ca\u0301mara/2022-02-12 12.59.21.jpg",
      "Library/CloudStorage/Dropbox/Cargas de ca\u0301mara/2022-02-12 09.22.03.jpg"
    ],
    "ultima_modificacion": "2025-08-01 01:01:49.380736"
  },
  "20190113": {
    "app_sintetizada": "20190113",
    "cantidad_archivos": 6,
    "archivos_fuente": [
      "Library/CloudStorage/Dropbox/Cargas de ca\u0301mara/2019-01-13 22.22.51.jpg",
      "Library/CloudStorage/Dropbox/Cargas de ca\u0301mara/2019-01-13 22.23.00.jpg",
      "Library/CloudStorage/Dropbox/Cargas de ca\u0301mara/2019-01-13 22.22.49.jpg",
      "Library/CloudStorage/Dropbox/Cargas de ca\u0301mara/2019-01-13 18.12.19.png",
      "Library/CloudStorage/Dropbox/Cargas de ca\u0301mara/2019-01-13 22.22.10.jpg",
      "Library/CloudStorage/Dropbox/Cargas de ca\u0301mara/2019-01-13 22.22.12.jpg"
    ],
    "ultima_modificacion": "2025-08-01 01:01:49.381004"
  },
  "20200119": {
    "app_sintetizada": "20200119",
    "cantidad_archivos": 1,
    "archivos_fuente": [
      "Library/CloudStorage/Dropbox/Cargas de ca\u0301mara/2020-01-19 12.42.13.jpg"
    ],
    "ultima_modificacion": "2025-08-01 01:01:49.381282"
  },
  "20200719": {
    "app_sintetizada": "20200719",
    "cantidad_archivos": 1,
    "archivos_fuente": [
      "Library/CloudStorage/Dropbox/Cargas de ca\u0301mara/2020-07-19 13.28.09.png"
    ],
    "ultima_modificacion": "2025-08-01 01:01:49.381542"
  },
  "20240211": {
    "app_sintetizada": "20240211",
    "cantidad_archivos": 8,
    "archivos_fuente": [
      "Library/CloudStorage/Dropbox/Cargas de ca\u0301mara/2024-02-11 16.05.17.jpg",
      "Library/CloudStorage/Dropbox/Cargas de ca\u0301mara/2024-02-11 16.05.12.jpg",
      "Library/CloudStorage/Dropbox/Cargas de ca\u0301mara/2024-02-11 16.05.10.jpg",
      "Library/CloudStorage/Dropbox/Cargas de ca\u0301mara/2024-02-11 16.05.08.jpg",
      "Library/CloudStorage/Dropbox/Cargas de ca\u0301mara/2024-02-11 16.05.21.jpg",
      "Library/CloudStorage/Dropbox/Cargas de ca\u0301mara/2024-02-11 16.05.23.jpg",
      "Library/CloudStorage/Dropbox/Cargas de ca\u0301mara/2024-02-11 16.05.26.jpg",
      "Library/CloudStorage/Dropbox/Cargas de ca\u0301mara/2024-02-11 16.05.24.jpg"
    ],
    "ultima_modificacion": "2025-08-01 01:01:49.381798"
  },
  "20220330": {
    "app_sintetizada": "20220330",
    "cantidad_archivos": 1,
    "archivos_fuente": [
      "Library/CloudStorage/Dropbox/Cargas de ca\u0301mara/2022-03-30 17.33.52.jpg"
    ],
    "ultima_modificacion": "2025-08-01 01:01:49.382061"
  },
  "20200918": {
    "app_sintetizada": "20200918",
    "cantidad_archivos": 11,
    "archivos_fuente": [
      "Library/CloudStorage/Dropbox/Cargas de ca\u0301mara/2020-09-18 14.02.35.jpg",
      "Library/CloudStorage/Dropbox/Cargas de ca\u0301mara/2020-09-18 14.02.09.jpg",
      "Library/CloudStorage/Dropbox/Cargas de ca\u0301mara/2020-09-18 14.02.31.jpg",
      "Library/CloudStorage/Dropbox/Cargas de ca\u0301mara/2020-09-18 14.02.24.jpg",
      "Library/CloudStorage/Dropbox/Cargas de ca\u0301mara/2020-09-18 14.05.37.jpg",
      "Library/CloudStorage/Dropbox/Cargas de ca\u0301mara/2020-09-18 14.02.14.jpg",
      "Library/CloudStorage/Dropbox/Cargas de ca\u0301mara/2020-09-18 14.02.28.jpg",
      "Library/CloudStorage/Dropbox/Cargas de ca\u0301mara/2020-09-18 14.02.11.jpg",
      "Library/CloudStorage/Dropbox/Cargas de ca\u0301mara/2020-09-18 09.18.42.jpg",
      "Library/CloudStorage/Dropbox/Cargas de ca\u0301mara/2020-09-18 14.05.55.jpg",
      "Library/CloudStorage/Dropbox/Cargas de ca\u0301mara/2020-09-18 09.18.41.jpg"
    ],
    "ultima_modificacion": "2025-08-01 01:01:49.382364"
  },
  "20200526": {
    "app_sintetizada": "20200526",
    "cantidad_archivos": 4,
    "archivos_fuente": [
      "Library/CloudStorage/Dropbox/Cargas de ca\u0301mara/2020-05-26 13.24.44.jpg",
      "Library/CloudStorage/Dropbox/Cargas de ca\u0301mara/2020-05-26 14.21.21.jpg",
      "Library/CloudStorage/Dropbox/Cargas de ca\u0301mara/2020-05-26 14.21.57.jpg",
      "Library/CloudStorage/Dropbox/Cargas de ca\u0301mara/2020-05-26 14.21.55.jpg"
    ],
    "ultima_modificacion": "2025-08-01 01:01:49.382604"
  },
  "20190202": {
    "app_sintetizada": "20190202",
    "cantidad_archivos": 2,
    "archivos_fuente": [
      "Library/CloudStorage/Dropbox/Cargas de ca\u0301mara/2019-02-02 14.08.40-1.jpg",
      "Library/CloudStorage/Dropbox/Cargas de ca\u0301mara/2019-02-02 14.08.40.jpg"
    ],
    "ultima_modificacion": "2025-08-01 01:01:49.382887"
  },
  "20200716": {
    "app_sintetizada": "20200716",
    "cantidad_archivos": 11,
    "archivos_fuente": [
      "Library/CloudStorage/Dropbox/Cargas de ca\u0301mara/2020-07-16 22.29.48.jpg",
      "Library/CloudStorage/Dropbox/Cargas de ca\u0301mara/2020-07-16 22.25.49.jpg",
      "Library/CloudStorage/Dropbox/Cargas de ca\u0301mara/2020-07-16 22.26.02.jpg",
      "Library/CloudStorage/Dropbox/Cargas de ca\u0301mara/2020-07-16 22.25.46.jpg",
      "Library/CloudStorage/Dropbox/Cargas de ca\u0301mara/2020-07-16 22.26.01.jpg",
      "Library/CloudStorage/Dropbox/Cargas de ca\u0301mara/2020-07-16 22.25.50.jpg",
      "Library/CloudStorage/Dropbox/Cargas de ca\u0301mara/2020-07-16 22.25.54.jpg",
      "Library/CloudStorage/Dropbox/Cargas de ca\u0301mara/2020-07-16 22.26.39.jpg",
      "Library/CloudStorage/Dropbox/Cargas de ca\u0301mara/2020-07-16 22.30.06.jpg",
      "Library/CloudStorage/Dropbox/Cargas de ca\u0301mara/2020-07-16 22.25.36.jpg",
      "Library/CloudStorage/Dropbox/Cargas de ca\u0301mara/2020-07-16 22.29.09.jpg"
    ],
    "ultima_modificacion": "2025-08-01 01:01:49.383128"
  },
  "20230411": {
    "app_sintetizada": "20230411",
    "cantidad_archivos": 2,
    "archivos_fuente": [
      "Library/CloudStorage/Dropbox/Cargas de ca\u0301mara/2023-04-11 08.30.11.jpg",
      "Library/CloudStorage/Dropbox/Cargas de ca\u0301mara/2023-04-11 08.30.06.jpg"
    ],
    "ultima_modificacion": "2025-08-01 01:01:49.383489"
  },
  "20201116": {
    "app_sintetizada": "20201116",
    "cantidad_archivos": 5,
    "archivos_fuente": [
      "Library/CloudStorage/Dropbox/Cargas de ca\u0301mara/2020-11-16 12.31.30.jpg",
      "Library/CloudStorage/Dropbox/Cargas de ca\u0301mara/2020-11-16 12.26.37.jpg",
      "Library/CloudStorage/Dropbox/Cargas de ca\u0301mara/2020-11-16 12.27.10.jpg",
      "Library/CloudStorage/Dropbox/Cargas de ca\u0301mara/2020-11-16 22.43.29.png",
      "Library/CloudStorage/Dropbox/Cargas de ca\u0301mara/2020-11-16 12.27.03.jpg"
    ],
    "ultima_modificacion": "2025-08-01 01:01:49.383739"
  },
  "20210123": {
    "app_sintetizada": "20210123",
    "cantidad_archivos": 3,
    "archivos_fuente": [
      "Library/CloudStorage/Dropbox/Cargas de ca\u0301mara/2021-01-23 22.21.49.jpg",
      "Library/CloudStorage/Dropbox/Cargas de ca\u0301mara/2021-01-23 22.21.45.jpg",
      "Library/CloudStorage/Dropbox/Cargas de ca\u0301mara/2021-01-23 22.21.41.jpg"
    ],
    "ultima_modificacion": "2025-08-01 01:01:49.384039"
  },
  "20180817": {
    "app_sintetizada": "20180817",
    "cantidad_archivos": 2,
    "archivos_fuente": [
      "Library/CloudStorage/Dropbox/Cargas de ca\u0301mara/2018-08-17 19.17.42.jpg",
      "Library/CloudStorage/Dropbox/Cargas de ca\u0301mara/2018-08-17 11.36.42.jpg"
    ],
    "ultima_modificacion": "2025-08-01 01:01:49.384322"
  },
  "20210511": {
    "app_sintetizada": "20210511",
    "cantidad_archivos": 2,
    "archivos_fuente": [
      "Library/CloudStorage/Dropbox/Cargas de ca\u0301mara/2021-05-11 09.01.29.jpg",
      "Library/CloudStorage/Dropbox/Cargas de ca\u0301mara/2021-05-11 11.35.43.jpg"
    ],
    "ultima_modificacion": "2025-08-01 01:01:49.384616"
  },
  "20220903": {
    "app_sintetizada": "20220903",
    "cantidad_archivos": 6,
    "archivos_fuente": [
      "Library/CloudStorage/Dropbox/Cargas de ca\u0301mara/2022-09-03 15.09.17.jpg",
      "Library/CloudStorage/Dropbox/Cargas de ca\u0301mara/2022-09-03 00.02.54.jpg",
      "Library/CloudStorage/Dropbox/Cargas de ca\u0301mara/2022-09-03 15.09.16.jpg",
      "Library/CloudStorage/Dropbox/Cargas de ca\u0301mara/2022-09-03 15.09.15.jpg",
      "Library/CloudStorage/Dropbox/Cargas de ca\u0301mara/2022-09-03 15.09.30.jpg",
      "Library/CloudStorage/Dropbox/Cargas de ca\u0301mara/2022-09-03 15.09.31.jpg"
    ],
    "ultima_modificacion": "2025-08-01 01:01:49.384949"
  },
  "20230104": {
    "app_sintetizada": "20230104",
    "cantidad_archivos": 7,
    "archivos_fuente": [
      "Library/CloudStorage/Dropbox/Cargas de ca\u0301mara/2023-01-04 11.04.27.jpg",
      "Library/CloudStorage/Dropbox/Cargas de ca\u0301mara/2023-01-04 16.32.57.jpg",
      "Library/CloudStorage/Dropbox/Cargas de ca\u0301mara/2023-01-04 16.32.59.jpg",
      "Library/CloudStorage/Dropbox/Cargas de ca\u0301mara/2023-01-04 13.31.28.jpg",
      "Library/CloudStorage/Dropbox/Cargas de ca\u0301mara/2023-01-04 18.51.55.jpg",
      "Library/CloudStorage/Dropbox/Cargas de ca\u0301mara/2023-01-04 18.52.04.jpg",
      "Library/CloudStorage/Dropbox/Cargas de ca\u0301mara/2023-01-04 08.59.10.png"
    ],
    "ultima_modificacion": "2025-08-01 01:01:49.385220"
  },
  "20190916": {
    "app_sintetizada": "20190916",
    "cantidad_archivos": 2,
    "archivos_fuente": [
      "Library/CloudStorage/Dropbox/Cargas de ca\u0301mara/2019-09-16 14.15.00.jpg",
      "Library/CloudStorage/Dropbox/Cargas de ca\u0301mara/2019-09-16 14.40.15.jpg"
    ],
    "ultima_modificacion": "2025-08-01 01:01:49.385512"
  },
  "20240113": {
    "app_sintetizada": "20240113",
    "cantidad_archivos": 1,
    "archivos_fuente": [
      "Library/CloudStorage/Dropbox/Cargas de ca\u0301mara/2024-01-13 19.01.41.jpg"
    ],
    "ultima_modificacion": "2025-08-01 01:01:49.385783"
  },
  "20221208": {
    "app_sintetizada": "20221208",
    "cantidad_archivos": 9,
    "archivos_fuente": [
      "Library/CloudStorage/Dropbox/Cargas de ca\u0301mara/2022-12-08 14.21.20.png",
      "Library/CloudStorage/Dropbox/Cargas de ca\u0301mara/2022-12-08 13.12.49.png",
      "Library/CloudStorage/Dropbox/Cargas de ca\u0301mara/2022-12-08 14.11.56.png",
      "Library/CloudStorage/Dropbox/Cargas de ca\u0301mara/2022-12-08 08.46.52.jpg",
      "Library/CloudStorage/Dropbox/Cargas de ca\u0301mara/2022-12-08 08.46.50.jpg",
      "Library/CloudStorage/Dropbox/Cargas de ca\u0301mara/2022-12-08 13.13.00.png",
      "Library/CloudStorage/Dropbox/Cargas de ca\u0301mara/2022-12-08 08.46.55.jpg",
      "Library/CloudStorage/Dropbox/Cargas de ca\u0301mara/2022-12-08 13.12.54.png",
      "Library/CloudStorage/Dropbox/Cargas de ca\u0301mara/2022-12-08 14.16.36.png"
    ],
    "ultima_modificacion": "2025-08-01 01:01:49.386036"
  },
  "20220612": {
    "app_sintetizada": "20220612",
    "cantidad_archivos": 2,
    "archivos_fuente": [
      "Library/CloudStorage/Dropbox/Cargas de ca\u0301mara/2022-06-12 16.04.40.jpg",
      "Library/CloudStorage/Dropbox/Cargas de ca\u0301mara/2022-06-12 16.04.40-1.jpg"
    ],
    "ultima_modificacion": "2025-08-01 01:01:49.386266"
  },
  "20211003": {
    "app_sintetizada": "20211003",
    "cantidad_archivos": 1,
    "archivos_fuente": [
      "Library/CloudStorage/Dropbox/Cargas de ca\u0301mara/2021-10-03 12.24.47.jpg"
    ],
    "ultima_modificacion": "2025-08-01 01:01:49.386571"
  },
  "20220927": {
    "app_sintetizada": "20220927",
    "cantidad_archivos": 1,
    "archivos_fuente": [
      "Library/CloudStorage/Dropbox/Cargas de ca\u0301mara/2022-09-27 08.08.07.jpg"
    ],
    "ultima_modificacion": "2025-08-01 01:01:49.386812"
  },
  "20230131": {
    "app_sintetizada": "20230131",
    "cantidad_archivos": 3,
    "archivos_fuente": [
      "Library/CloudStorage/Dropbox/Cargas de ca\u0301mara/2023-01-31 17.58.27.jpg",
      "Library/CloudStorage/Dropbox/Cargas de ca\u0301mara/2023-01-31 07.56.23.jpg",
      "Library/CloudStorage/Dropbox/Cargas de ca\u0301mara/2023-01-31 07.56.30.jpg"
    ],
    "ultima_modificacion": "2025-08-01 01:01:49.387104"
  },
  "20220126": {
    "app_sintetizada": "20220126",
    "cantidad_archivos": 1,
    "archivos_fuente": [
      "Library/CloudStorage/Dropbox/Cargas de ca\u0301mara/2022-01-26 10.40.36.png"
    ],
    "ultima_modificacion": "2025-08-01 01:01:49.387431"
  },
  "20241226": {
    "app_sintetizada": "20241226",
    "cantidad_archivos": 2,
    "archivos_fuente": [
      "Library/CloudStorage/Dropbox/Cargas de ca\u0301mara/2024-12-26 23.48.29.jpg",
      "Library/CloudStorage/Dropbox/Cargas de ca\u0301mara/2024-12-26 09.12.15.png"
    ],
    "ultima_modificacion": "2025-08-01 01:01:49.387861"
  },
  "20220603": {
    "app_sintetizada": "20220603",
    "cantidad_archivos": 2,
    "archivos_fuente": [
      "Library/CloudStorage/Dropbox/Cargas de ca\u0301mara/2022-06-03 18.16.56.jpg",
      "Library/CloudStorage/Dropbox/Cargas de ca\u0301mara/2022-06-03 18.16.58.jpg"
    ],
    "ultima_modificacion": "2025-08-01 01:01:49.388186"
  },
  "20211125": {
    "app_sintetizada": "20211125",
    "cantidad_archivos": 5,
    "archivos_fuente": [
      "Library/CloudStorage/Dropbox/Cargas de ca\u0301mara/2021-11-25 17.11.59.jpg",
      "Library/CloudStorage/Dropbox/Cargas de ca\u0301mara/2021-11-25 17.11.55.jpg",
      "Library/CloudStorage/Dropbox/Cargas de ca\u0301mara/2021-11-25 17.11.50.jpg",
      "Library/CloudStorage/Dropbox/Cargas de ca\u0301mara/2021-11-25 17.12.00.jpg",
      "Library/CloudStorage/Dropbox/Cargas de ca\u0301mara/2021-11-25 17.11.46.jpg"
    ],
    "ultima_modificacion": "2025-08-01 01:01:49.388483"
  },
  "20210107": {
    "app_sintetizada": "20210107",
    "cantidad_archivos": 2,
    "archivos_fuente": [
      "Library/CloudStorage/Dropbox/Cargas de ca\u0301mara/2021-01-07 20.09.20.jpg",
      "Library/CloudStorage/Dropbox/Cargas de ca\u0301mara/2021-01-07 20.03.42.jpg"
    ],
    "ultima_modificacion": "2025-08-01 01:01:49.388819"
  },
  "20210722": {
    "app_sintetizada": "20210722",
    "cantidad_archivos": 2,
    "archivos_fuente": [
      "Library/CloudStorage/Dropbox/Cargas de ca\u0301mara/2021-07-22 11.53.44.jpg",
      "Library/CloudStorage/Dropbox/Cargas de ca\u0301mara/2021-07-22 11.53.49.jpg"
    ],
    "ultima_modificacion": "2025-08-01 01:01:49.389155"
  },
  "20191224": {
    "app_sintetizada": "20191224",
    "cantidad_archivos": 7,
    "archivos_fuente": [
      "Library/CloudStorage/Dropbox/Cargas de ca\u0301mara/2019-12-24 10.41.06.jpg",
      "Library/CloudStorage/Dropbox/Cargas de ca\u0301mara/2019-12-24 09.28.40.jpg",
      "Library/CloudStorage/Dropbox/Cargas de ca\u0301mara/2019-12-24 10.24.47.png",
      "Library/CloudStorage/Dropbox/Cargas de ca\u0301mara/2019-12-24 11.14.34.jpg",
      "Library/CloudStorage/Dropbox/Cargas de ca\u0301mara/2019-12-24 10.42.15.jpg",
      "Library/CloudStorage/Dropbox/Cargas de ca\u0301mara/2019-12-24 20.42.24.jpg",
      "Library/CloudStorage/Dropbox/Cargas de ca\u0301mara/2019-12-24 09.28.24.jpg"
    ],
    "ultima_modificacion": "2025-08-01 01:01:49.389481"
  },
  "20240924": {
    "app_sintetizada": "20240924",
    "cantidad_archivos": 2,
    "archivos_fuente": [
      "Library/CloudStorage/Dropbox/Cargas de ca\u0301mara/2024-09-24 09.04.36.png",
      "Library/CloudStorage/Dropbox/Cargas de ca\u0301mara/2024-09-24 11.00.15.png"
    ],
    "ultima_modificacion": "2025-08-01 01:01:49.389879"
  },
  "20250122": {
    "app_sintetizada": "20250122",
    "cantidad_archivos": 4,
    "archivos_fuente": [
      "Library/CloudStorage/Dropbox/Cargas de ca\u0301mara/2025-01-22 21.08.43.jpg",
      "Library/CloudStorage/Dropbox/Cargas de ca\u0301mara/2025-01-22 19.53.52.jpg",
      "Library/CloudStorage/Dropbox/Cargas de ca\u0301mara/2025-01-22 21.07.41.jpg",
      "Library/CloudStorage/Dropbox/Cargas de ca\u0301mara/2025-01-22 21.07.41-1.jpg"
    ],
    "ultima_modificacion": "2025-08-01 01:01:49.390309"
  },
  "20200305": {
    "app_sintetizada": "20200305",
    "cantidad_archivos": 1,
    "archivos_fuente": [
      "Library/CloudStorage/Dropbox/Cargas de ca\u0301mara/2020-03-05 20.57.21.jpg"
    ],
    "ultima_modificacion": "2025-08-01 01:01:49.390624"
  },
  "20191015": {
    "app_sintetizada": "20191015",
    "cantidad_archivos": 3,
    "archivos_fuente": [
      "Library/CloudStorage/Dropbox/Cargas de ca\u0301mara/2019-10-15 21.59.28.jpg",
      "Library/CloudStorage/Dropbox/Cargas de ca\u0301mara/2019-10-15 21.55.26.jpg",
      "Library/CloudStorage/Dropbox/Cargas de ca\u0301mara/2019-10-15 21.54.11.jpg"
    ],
    "ultima_modificacion": "2025-08-01 01:01:49.390931"
  },
  "20210314": {
    "app_sintetizada": "20210314",
    "cantidad_archivos": 11,
    "archivos_fuente": [
      "Library/CloudStorage/Dropbox/Cargas de ca\u0301mara/2021-03-14 17.53.14.jpg",
      "Library/CloudStorage/Dropbox/Cargas de ca\u0301mara/2021-03-14 08.43.15.jpg",
      "Library/CloudStorage/Dropbox/Cargas de ca\u0301mara/2021-03-14 08.14.04.jpg",
      "Library/CloudStorage/Dropbox/Cargas de ca\u0301mara/2021-03-14 08.14.06.jpg",
      "Library/CloudStorage/Dropbox/Cargas de ca\u0301mara/2021-03-14 08.43.17.jpg",
      "Library/CloudStorage/Dropbox/Cargas de ca\u0301mara/2021-03-14 08.14.09.jpg",
      "Library/CloudStorage/Dropbox/Cargas de ca\u0301mara/2021-03-14 08.14.21.jpg",
      "Library/CloudStorage/Dropbox/Cargas de ca\u0301mara/2021-03-14 08.00.50.jpg",
      "Library/CloudStorage/Dropbox/Cargas de ca\u0301mara/2021-03-14 08.00.46.jpg",
      "Library/CloudStorage/Dropbox/Cargas de ca\u0301mara/2021-03-14 08.00.31.jpg",
      "Library/CloudStorage/Dropbox/Cargas de ca\u0301mara/2021-03-14 08.43.40.jpg"
    ],
    "ultima_modificacion": "2025-08-01 01:01:49.391240"
  },
  "20190520": {
    "app_sintetizada": "20190520",
    "cantidad_archivos": 3,
    "archivos_fuente": [
      "Library/CloudStorage/Dropbox/Cargas de ca\u0301mara/2019-05-20 15.54.46.jpg",
      "Library/CloudStorage/Dropbox/Cargas de ca\u0301mara/2019-05-20 15.54.51.jpg",
      "Library/CloudStorage/Dropbox/Cargas de ca\u0301mara/2019-05-20 16.36.11.jpg"
    ],
    "ultima_modificacion": "2025-08-01 01:01:49.391521"
  },
  "20170807": {
    "app_sintetizada": "20170807",
    "cantidad_archivos": 4,
    "archivos_fuente": [
      "Library/CloudStorage/Dropbox/Cargas de ca\u0301mara/2017-08-07 18.55.00.jpg",
      "Library/CloudStorage/Dropbox/Cargas de ca\u0301mara/2017-08-07 20.37.43.png",
      "Library/CloudStorage/Dropbox/Cargas de ca\u0301mara/2017-08-07 14.28.50.jpg",
      "Library/CloudStorage/Dropbox/Cargas de ca\u0301mara/2017-08-07 11.39.34.png"
    ],
    "ultima_modificacion": "2025-08-01 01:01:49.391804"
  },
  "20200623": {
    "app_sintetizada": "20200623",
    "cantidad_archivos": 5,
    "archivos_fuente": [
      "Library/CloudStorage/Dropbox/Cargas de ca\u0301mara/2020-06-23 19.02.41.jpg",
      "Library/CloudStorage/Dropbox/Cargas de ca\u0301mara/2020-06-23 15.19.11.jpg",
      "Library/CloudStorage/Dropbox/Cargas de ca\u0301mara/2020-06-23 15.19.09.jpg",
      "Library/CloudStorage/Dropbox/Cargas de ca\u0301mara/2020-06-23 15.14.48.jpg",
      "Library/CloudStorage/Dropbox/Cargas de ca\u0301mara/2020-06-23 15.19.26.jpg"
    ],
    "ultima_modificacion": "2025-08-01 01:01:49.392128"
  },
  "20210525": {
    "app_sintetizada": "20210525",
    "cantidad_archivos": 2,
    "archivos_fuente": [
      "Library/CloudStorage/Dropbox/Cargas de ca\u0301mara/2021-05-25 13.44.03.png",
      "Library/CloudStorage/Dropbox/Cargas de ca\u0301mara/2021-05-25 14.49.11.jpg"
    ],
    "ultima_modificacion": "2025-08-01 01:01:49.392456"
  },
  "20231214": {
    "app_sintetizada": "20231214",
    "cantidad_archivos": 9,
    "archivos_fuente": [
      "Library/CloudStorage/Dropbox/Cargas de ca\u0301mara/2023-12-14 14.26.49.jpg",
      "Library/CloudStorage/Dropbox/Cargas de ca\u0301mara/2023-12-14 14.26.48.jpg",
      "Library/CloudStorage/Dropbox/Cargas de ca\u0301mara/2023-12-14 14.26.52.jpg",
      "Library/CloudStorage/Dropbox/Cargas de ca\u0301mara/2023-12-14 14.26.53.jpg",
      "Library/CloudStorage/Dropbox/Cargas de ca\u0301mara/2023-12-14 14.26.50.jpg",
      "Library/CloudStorage/Dropbox/Cargas de ca\u0301mara/2023-12-14 14.26.54.jpg",
      "Library/CloudStorage/Dropbox/Cargas de ca\u0301mara/2023-12-14 14.26.55.jpg",
      "Library/CloudStorage/Dropbox/Cargas de ca\u0301mara/2023-12-14 19.28.51.jpg",
      "Library/CloudStorage/Dropbox/Cargas de ca\u0301mara/2023-12-14 13.57.45.png"
    ],
    "ultima_modificacion": "2025-08-01 01:01:49.392955"
  },
  "20191228": {
    "app_sintetizada": "20191228",
    "cantidad_archivos": 2,
    "archivos_fuente": [
      "Library/CloudStorage/Dropbox/Cargas de ca\u0301mara/2019-12-28 08.58.27.jpg",
      "Library/CloudStorage/Dropbox/Cargas de ca\u0301mara/2019-12-28 08.37.01.jpg"
    ],
    "ultima_modificacion": "2025-08-01 01:01:49.393290"
  },
  "20170702": {
    "app_sintetizada": "20170702",
    "cantidad_archivos": 1,
    "archivos_fuente": [
      "Library/CloudStorage/Dropbox/Cargas de ca\u0301mara/2017-07-02 11.17.53.jpg"
    ],
    "ultima_modificacion": "2025-08-01 01:01:49.393629"
  },
  "20220524": {
    "app_sintetizada": "20220524",
    "cantidad_archivos": 4,
    "archivos_fuente": [
      "Library/CloudStorage/Dropbox/Cargas de ca\u0301mara/2022-05-24 21.28.08.jpg",
      "Library/CloudStorage/Dropbox/Cargas de ca\u0301mara/2022-05-24 11.02.30.jpg",
      "Library/CloudStorage/Dropbox/Cargas de ca\u0301mara/2022-05-24 11.02.35.jpg",
      "Library/CloudStorage/Dropbox/Cargas de ca\u0301mara/2022-05-24 11.02.41.jpg"
    ],
    "ultima_modificacion": "2025-08-01 01:01:49.393980"
  },
  "20171211": {
    "app_sintetizada": "20171211",
    "cantidad_archivos": 1,
    "archivos_fuente": [
      "Library/CloudStorage/Dropbox/Cargas de ca\u0301mara/2017-12-11 22.44.49.jpg"
    ],
    "ultima_modificacion": "2025-08-01 01:01:49.394367"
  },
  "20181208": {
    "app_sintetizada": "20181208",
    "cantidad_archivos": 8,
    "archivos_fuente": [
      "Library/CloudStorage/Dropbox/Cargas de ca\u0301mara/2018-12-08 02.59.39.jpg",
      "Library/CloudStorage/Dropbox/Cargas de ca\u0301mara/2018-12-08 02.59.41-1.jpg",
      "Library/CloudStorage/Dropbox/Cargas de ca\u0301mara/2018-12-08 02.59.36.jpg",
      "Library/CloudStorage/Dropbox/Cargas de ca\u0301mara/2018-12-08 02.59.34.jpg",
      "Library/CloudStorage/Dropbox/Cargas de ca\u0301mara/2018-12-08 02.59.24.jpg",
      "Library/CloudStorage/Dropbox/Cargas de ca\u0301mara/2018-12-08 02.59.26.jpg",
      "Library/CloudStorage/Dropbox/Cargas de ca\u0301mara/2018-12-08 02.59.32.jpg",
      "Library/CloudStorage/Dropbox/Cargas de ca\u0301mara/2018-12-08 02.59.41.jpg"
    ],
    "ultima_modificacion": "2025-08-01 01:01:49.394751"
  },
  "20191105": {
    "app_sintetizada": "20191105",
    "cantidad_archivos": 1,
    "archivos_fuente": [
      "Library/CloudStorage/Dropbox/Cargas de ca\u0301mara/2019-11-05 13.12.27.jpg"
    ],
    "ultima_modificacion": "2025-08-01 01:01:49.395111"
  },
  "20230516": {
    "app_sintetizada": "20230516",
    "cantidad_archivos": 1,
    "archivos_fuente": [
      "Library/CloudStorage/Dropbox/Cargas de ca\u0301mara/2023-05-16 08.16.59.jpg"
    ],
    "ultima_modificacion": "2025-08-01 01:01:49.395542"
  },
  "20200309": {
    "app_sintetizada": "20200309",
    "cantidad_archivos": 2,
    "archivos_fuente": [
      "Library/CloudStorage/Dropbox/Cargas de ca\u0301mara/2020-03-09 16.13.19.jpg",
      "Library/CloudStorage/Dropbox/Cargas de ca\u0301mara/2020-03-09 16.13.06.jpg"
    ],
    "ultima_modificacion": "2025-08-01 01:01:49.395902"
  },
  "20240602": {
    "app_sintetizada": "20240602",
    "cantidad_archivos": 10,
    "archivos_fuente": [
      "Library/CloudStorage/Dropbox/Cargas de ca\u0301mara/2024-06-02 00.28.27.jpg",
      "Library/CloudStorage/Dropbox/Cargas de ca\u0301mara/2024-06-02 00.38.04.jpg",
      "Library/CloudStorage/Dropbox/Cargas de ca\u0301mara/2024-06-02 00.28.28.jpg",
      "Library/CloudStorage/Dropbox/Cargas de ca\u0301mara/2024-06-02 00.38.05.jpg",
      "Library/CloudStorage/Dropbox/Cargas de ca\u0301mara/2024-06-02 00.38.07.jpg",
      "Library/CloudStorage/Dropbox/Cargas de ca\u0301mara/2024-06-02 00.38.17.jpg",
      "Library/CloudStorage/Dropbox/Cargas de ca\u0301mara/2024-06-02 00.38.01.jpg",
      "Library/CloudStorage/Dropbox/Cargas de ca\u0301mara/2024-06-02 00.38.15.jpg",
      "Library/CloudStorage/Dropbox/Cargas de ca\u0301mara/2024-06-02 00.38.00.jpg",
      "Library/CloudStorage/Dropbox/Cargas de ca\u0301mara/2024-06-02 15.44.54.jpg"
    ],
    "ultima_modificacion": "2025-08-01 01:01:49.396233"
  },
  "20220309": {
    "app_sintetizada": "20220309",
    "cantidad_archivos": 2,
    "archivos_fuente": [
      "Library/CloudStorage/Dropbox/Cargas de ca\u0301mara/2022-03-09 08.15.15.jpg",
      "Library/CloudStorage/Dropbox/Cargas de ca\u0301mara/2022-03-09 08.13.19.jpg"
    ],
    "ultima_modificacion": "2025-08-01 01:01:49.396612"
  },
  "20191211": {
    "app_sintetizada": "20191211",
    "cantidad_archivos": 2,
    "archivos_fuente": [
      "Library/CloudStorage/Dropbox/Cargas de ca\u0301mara/2019-12-11 21.31.08.jpg",
      "Library/CloudStorage/Dropbox/Cargas de ca\u0301mara/2019-12-11 20.53.30.jpg"
    ],
    "ultima_modificacion": "2025-08-01 01:01:49.397028"
  },
  "20200212": {
    "app_sintetizada": "20200212",
    "cantidad_archivos": 2,
    "archivos_fuente": [
      "Library/CloudStorage/Dropbox/Cargas de ca\u0301mara/2020-02-12 13.22.29.jpg",
      "Library/CloudStorage/Dropbox/Cargas de ca\u0301mara/2020-02-12 10.58.55.jpg"
    ],
    "ultima_modificacion": "2025-08-01 01:01:49.397354"
  },
  "20200331": {
    "app_sintetizada": "20200331",
    "cantidad_archivos": 1,
    "archivos_fuente": [
      "Library/CloudStorage/Dropbox/Cargas de ca\u0301mara/2020-03-31 20.24.14.jpg"
    ],
    "ultima_modificacion": "2025-08-01 01:01:49.397666"
  },
  "20221121": {
    "app_sintetizada": "20221121",
    "cantidad_archivos": 6,
    "archivos_fuente": [
      "Library/CloudStorage/Dropbox/Cargas de ca\u0301mara/2022-11-21 20.04.37.jpg",
      "Library/CloudStorage/Dropbox/Cargas de ca\u0301mara/2022-11-21 20.39.37.jpg",
      "Library/CloudStorage/Dropbox/Cargas de ca\u0301mara/2022-11-21 20.40.23.jpg",
      "Library/CloudStorage/Dropbox/Cargas de ca\u0301mara/2022-11-21 20.40.34.jpg",
      "Library/CloudStorage/Dropbox/Cargas de ca\u0301mara/2022-11-21 20.40.30.jpg",
      "Library/CloudStorage/Dropbox/Cargas de ca\u0301mara/2022-11-21 20.40.27.jpg"
    ],
    "ultima_modificacion": "2025-08-01 01:01:49.397982"
  },
  "20200612": {
    "app_sintetizada": "20200612",
    "cantidad_archivos": 1,
    "archivos_fuente": [
      "Library/CloudStorage/Dropbox/Cargas de ca\u0301mara/2020-06-12 10.36.15.jpg"
    ],
    "ultima_modificacion": "2025-08-01 01:01:49.398292"
  },
  "20171118": {
    "app_sintetizada": "20171118",
    "cantidad_archivos": 5,
    "archivos_fuente": [
      "Library/CloudStorage/Dropbox/Cargas de ca\u0301mara/2017-11-18 15.14.05.jpg",
      "Library/CloudStorage/Dropbox/Cargas de ca\u0301mara/2017-11-18 15.11.09.jpg",
      "Library/CloudStorage/Dropbox/Cargas de ca\u0301mara/2017-11-18 15.14.07.jpg",
      "Library/CloudStorage/Dropbox/Cargas de ca\u0301mara/2017-11-18 15.14.09.jpg",
      "Library/CloudStorage/Dropbox/Cargas de ca\u0301mara/2017-11-18 15.11.00.jpg"
    ],
    "ultima_modificacion": "2025-08-01 01:01:49.398614"
  },
  "20200211": {
    "app_sintetizada": "20200211",
    "cantidad_archivos": 1,
    "archivos_fuente": [
      "Library/CloudStorage/Dropbox/Cargas de ca\u0301mara/2020-02-11 17.38.01.jpg"
    ],
    "ultima_modificacion": "2025-08-01 01:01:49.398942"
  },
  "20220114": {
    "app_sintetizada": "20220114",
    "cantidad_archivos": 4,
    "archivos_fuente": [
      "Library/CloudStorage/Dropbox/Cargas de ca\u0301mara/2022-01-14 11.35.12.jpg",
      "Library/CloudStorage/Dropbox/Cargas de ca\u0301mara/2022-01-14 20.38.15.jpg",
      "Library/CloudStorage/Dropbox/Cargas de ca\u0301mara/2022-01-14 11.35.11.jpg",
      "Library/CloudStorage/Dropbox/Cargas de ca\u0301mara/2022-01-14 20.38.35.jpg"
    ],
    "ultima_modificacion": "2025-08-01 01:01:49.399266"
  },
  "20210204": {
    "app_sintetizada": "20210204",
    "cantidad_archivos": 5,
    "archivos_fuente": [
      "Library/CloudStorage/Dropbox/Cargas de ca\u0301mara/2021-02-04 15.06.00.jpg",
      "Library/CloudStorage/Dropbox/Cargas de ca\u0301mara/2021-02-04 16.05.59.jpg",
      "Library/CloudStorage/Dropbox/Cargas de ca\u0301mara/2021-02-04 16.06.07.jpg",
      "Library/CloudStorage/Dropbox/Cargas de ca\u0301mara/2021-02-04 16.06.04.jpg",
      "Library/CloudStorage/Dropbox/Cargas de ca\u0301mara/2021-02-04 16.06.02.jpg"
    ],
    "ultima_modificacion": "2025-08-01 01:01:49.399864"
  },
  "20201230": {
    "app_sintetizada": "20201230",
    "cantidad_archivos": 4,
    "archivos_fuente": [
      "Library/CloudStorage/Dropbox/Cargas de ca\u0301mara/2020-12-30 11.51.21.jpg",
      "Library/CloudStorage/Dropbox/Cargas de ca\u0301mara/2020-12-30 14.02.58.jpg",
      "Library/CloudStorage/Dropbox/Cargas de ca\u0301mara/2020-12-30 14.02.55.jpg",
      "Library/CloudStorage/Dropbox/Cargas de ca\u0301mara/2020-12-30 14.02.30.jpg"
    ],
    "ultima_modificacion": "2025-08-01 01:01:49.400198"
  },
  "20191202": {
    "app_sintetizada": "20191202",
    "cantidad_archivos": 8,
    "archivos_fuente": [
      "Library/CloudStorage/Dropbox/Cargas de ca\u0301mara/2019-12-02 18.56.37.jpg",
      "Library/CloudStorage/Dropbox/Cargas de ca\u0301mara/2019-12-02 18.22.35.jpg",
      "Library/CloudStorage/Dropbox/Cargas de ca\u0301mara/2019-12-02 18.22.36.jpg",
      "Library/CloudStorage/Dropbox/Cargas de ca\u0301mara/2019-12-02 18.22.44.jpg",
      "Library/CloudStorage/Dropbox/Cargas de ca\u0301mara/2019-12-02 18.22.45.jpg",
      "Library/CloudStorage/Dropbox/Cargas de ca\u0301mara/2019-12-02 21.30.30.jpg",
      "Library/CloudStorage/Dropbox/Cargas de ca\u0301mara/2019-12-02 21.30.32.jpg",
      "Library/CloudStorage/Dropbox/Cargas de ca\u0301mara/2019-12-02 18.22.47.jpg"
    ],
    "ultima_modificacion": "2025-08-01 01:01:49.400515"
  },
  "20170826": {
    "app_sintetizada": "20170826",
    "cantidad_archivos": 3,
    "archivos_fuente": [
      "Library/CloudStorage/Dropbox/Cargas de ca\u0301mara/2017-08-26 09.33.32.jpg",
      "Library/CloudStorage/Dropbox/Cargas de ca\u0301mara/2017-08-26 21.44.26.jpg",
      "Library/CloudStorage/Dropbox/Cargas de ca\u0301mara/2017-08-26 08.33.39.jpg"
    ],
    "ultima_modificacion": "2025-08-01 01:01:49.400852"
  },
  "20240714": {
    "app_sintetizada": "20240714",
    "cantidad_archivos": 2,
    "archivos_fuente": [
      "Library/CloudStorage/Dropbox/Cargas de ca\u0301mara/2024-07-14 15.36.28.jpg",
      "Library/CloudStorage/Dropbox/Cargas de ca\u0301mara/2024-07-14 15.33.24.jpg"
    ],
    "ultima_modificacion": "2025-08-01 01:01:49.401189"
  }
}