{
  "~wrs{94223af5f8c9774e98b1ba9de0e362a9}": {
    "app_sintetizada": "~WRS{94223AF5F8C9774E98B1BA9DE0E362A9}",
    "cantidad_archivos": 1,
    "archivos_fuente": [
      "Library/Containers/com.microsoft.Word/Data/Library/Application Support/Microsoft/Temp/~WRS{94223AF5-F8C9-774E-98B1-BA9DE0E362A9}"
    ],
    "ultima_modificacion": "2025-08-01 01:01:53.347899"
  },
  "~wrs{6c1c112c26b59e41ad5a0a26c57abdc6}": {
    "app_sintetizada": "~WRS{6C1C112C26B59E41AD5A0A26C57ABDC6}",
    "cantidad_archivos": 1,
    "archivos_fuente": [
      "Library/Containers/com.microsoft.Word/Data/Library/Application Support/Microsoft/Temp/~WRS{6C1C112C-26B5-9E41-AD5A-0A26C57ABDC6}"
    ],
    "ultima_modificacion": "2025-08-01 01:01:53.348291"
  },
  "~wrs{c91f32001fa8ec4fb02fd6daf7aa3428}": {
    "app_sintetizada": "~WRS{C91F32001FA8EC4FB02FD6DAF7AA3428}",
    "cantidad_archivos": 1,
    "archivos_fuente": [
      "Library/Containers/com.microsoft.Word/Data/Library/Application Support/Microsoft/Temp/~WRS{C91F3200-1FA8-EC4F-B02F-D6DAF7AA3428}"
    ],
    "ultima_modificacion": "2025-08-01 01:01:53.348681"
  },
  "~wrs{802b57772adb794ebc8d6589dc672d21}": {
    "app_sintetizada": "~WRS{802B57772ADB794EBC8D6589DC672D21}",
    "cantidad_archivos": 1,
    "archivos_fuente": [
      "Library/Containers/com.microsoft.Word/Data/Library/Application Support/Microsoft/Temp/~WRS{802B5777-2ADB-794E-BC8D-6589DC672D21}"
    ],
    "ultima_modificacion": "2025-08-01 01:01:53.349035"
  },
  "~wrs{73a52bb58b55ab44af7596572568c637}": {
    "app_sintetizada": "~WRS{73A52BB58B55AB44AF7596572568C637}",
    "cantidad_archivos": 1,
    "archivos_fuente": [
      "Library/Containers/com.microsoft.Word/Data/Library/Application Support/Microsoft/Temp/~WRS{73A52BB5-8B55-AB44-AF75-96572568C637}"
    ],
    "ultima_modificacion": "2025-08-01 01:01:53.349445"
  },
  "~wrs{541d730dbef5e24da6e01885dabca8f2}": {
    "app_sintetizada": "~WRS{541D730DBEF5E24DA6E01885DABCA8F2}",
    "cantidad_archivos": 1,
    "archivos_fuente": [
      "Library/Containers/com.microsoft.Word/Data/Library/Application Support/Microsoft/Temp/~WRS{541D730D-BEF5-E24D-A6E0-1885DABCA8F2}"
    ],
    "ultima_modificacion": "2025-08-01 01:01:53.349793"
  },
  "~wrs{444d1fe017d08d4aa1e3da475fc59c0b}": {
    "app_sintetizada": "~WRS{444D1FE017D08D4AA1E3DA475FC59C0B}",
    "cantidad_archivos": 1,
    "archivos_fuente": [
      "Library/Containers/com.microsoft.Word/Data/Library/Application Support/Microsoft/Temp/~WRS{444D1FE0-17D0-8D4A-A1E3-DA475FC59C0B}"
    ],
    "ultima_modificacion": "2025-08-01 01:01:53.350139"
  },
  "~wrs{30c7aacc34e05b4c9b934b2b933d2bbf}": {
    "app_sintetizada": "~WRS{30C7AACC34E05B4C9B934B2B933D2BBF}",
    "cantidad_archivos": 1,
    "archivos_fuente": [
      "Library/Containers/com.microsoft.Word/Data/Library/Application Support/Microsoft/Temp/~WRS{30C7AACC-34E0-5B4C-9B93-4B2B933D2BBF}"
    ],
    "ultima_modificacion": "2025-08-01 01:01:53.350467"
  },
  "~wrs{da833c009d50c74aae49d2e3d0571d3f}": {
    "app_sintetizada": "~WRS{DA833C009D50C74AAE49D2E3D0571D3F}",
    "cantidad_archivos": 1,
    "archivos_fuente": [
      "Library/Containers/com.microsoft.Word/Data/Library/Application Support/Microsoft/Temp/~WRS{DA833C00-9D50-C74A-AE49-D2E3D0571D3F}"
    ],
    "ultima_modificacion": "2025-08-01 01:01:53.350789"
  },
  "~wrs{a129cba3fb8ed247a60c3e80140a47b4}": {
    "app_sintetizada": "~WRS{A129CBA3FB8ED247A60C3E80140A47B4}",
    "cantidad_archivos": 1,
    "archivos_fuente": [
      "Library/Containers/com.microsoft.Word/Data/Library/Application Support/Microsoft/Temp/~WRS{A129CBA3-FB8E-D247-A60C-3E80140A47B4}"
    ],
    "ultima_modificacion": "2025-08-01 01:01:53.351082"
  },
  "~wrs{943cdc13dc58024390ba25578d20bbdc}": {
    "app_sintetizada": "~WRS{943CDC13DC58024390BA25578D20BBDC}",
    "cantidad_archivos": 1,
    "archivos_fuente": [
      "Library/Containers/com.microsoft.Word/Data/Library/Application Support/Microsoft/Temp/~WRS{943CDC13-DC58-0243-90BA-25578D20BBDC}"
    ],
    "ultima_modificacion": "2025-08-01 01:01:53.351426"
  },
  "~wrs{fbcbae662a3766479913dd77a38516f0}": {
    "app_sintetizada": "~WRS{FBCBAE662A3766479913DD77A38516F0}",
    "cantidad_archivos": 1,
    "archivos_fuente": [
      "Library/Containers/com.microsoft.Word/Data/Library/Application Support/Microsoft/Temp/~WRS{FBCBAE66-2A37-6647-9913-DD77A38516F0}"
    ],
    "ultima_modificacion": "2025-08-01 01:01:53.351800"
  },
  "~wrs{5359122faff9904193951b35c8a863bd}": {
    "app_sintetizada": "~WRS{5359122FAFF9904193951B35C8A863BD}",
    "cantidad_archivos": 1,
    "archivos_fuente": [
      "Library/Containers/com.microsoft.Word/Data/Library/Application Support/Microsoft/Temp/~WRS{5359122F-AFF9-9041-9395-1B35C8A863BD}"
    ],
    "ultima_modificacion": "2025-08-01 01:01:53.352136"
  },
  "~wrs{01ea4e8c1ea23a449e04cd347bed746f}": {
    "app_sintetizada": "~WRS{01EA4E8C1EA23A449E04CD347BED746F}",
    "cantidad_archivos": 1,
    "archivos_fuente": [
      "Library/Containers/com.microsoft.Word/Data/Library/Application Support/Microsoft/Temp/~WRS{01EA4E8C-1EA2-3A44-9E04-CD347BED746F}"
    ],
    "ultima_modificacion": "2025-08-01 01:01:53.352499"
  },
  "~wrs{aef1ccbbb97d154999532c4728fbf84e}": {
    "app_sintetizada": "~WRS{AEF1CCBBB97D154999532C4728FBF84E}",
    "cantidad_archivos": 1,
    "archivos_fuente": [
      "Library/Containers/com.microsoft.Word/Data/Library/Application Support/Microsoft/Temp/~WRS{AEF1CCBB-B97D-1549-9953-2C4728FBF84E}"
    ],
    "ultima_modificacion": "2025-08-01 01:01:53.352827"
  },
  "~wrs{968041fb13b1c74eafd62be68d5ee53c}": {
    "app_sintetizada": "~WRS{968041FB13B1C74EAFD62BE68D5EE53C}",
    "cantidad_archivos": 1,
    "archivos_fuente": [
      "Library/Containers/com.microsoft.Word/Data/Library/Application Support/Microsoft/Temp/~WRS{968041FB-13B1-C74E-AFD6-2BE68D5EE53C}"
    ],
    "ultima_modificacion": "2025-08-01 01:01:53.353160"
  },
  "~wrs{517b31f7cf660a4bb7dc7a82c3b7de7c}": {
    "app_sintetizada": "~WRS{517B31F7CF660A4BB7DC7A82C3B7DE7C}",
    "cantidad_archivos": 1,
    "archivos_fuente": [
      "Library/Containers/com.microsoft.Word/Data/Library/Application Support/Microsoft/Temp/~WRS{517B31F7-CF66-0A4B-B7DC-7A82C3B7DE7C}"
    ],
    "ultima_modificacion": "2025-08-01 01:01:53.353515"
  },
  "~wrs{7b01c5bd492fe54e85d74eebda8c1427}": {
    "app_sintetizada": "~WRS{7B01C5BD492FE54E85D74EEBDA8C1427}",
    "cantidad_archivos": 1,
    "archivos_fuente": [
      "Library/Containers/com.microsoft.Word/Data/Library/Application Support/Microsoft/Temp/~WRS{7B01C5BD-492F-E54E-85D7-4EEBDA8C1427}"
    ],
    "ultima_modificacion": "2025-08-01 01:01:53.353865"
  },
  "~wrs{6c051289eeb7c64d9982025c8833e4ba}": {
    "app_sintetizada": "~WRS{6C051289EEB7C64D9982025C8833E4BA}",
    "cantidad_archivos": 1,
    "archivos_fuente": [
      "Library/Containers/com.microsoft.Word/Data/Library/Application Support/Microsoft/Temp/~WRS{6C051289-EEB7-C64D-9982-025C8833E4BA}"
    ],
    "ultima_modificacion": "2025-08-01 01:01:53.354381"
  },
  "~wrs{8297222876c6a244827d719a07c5b190}": {
    "app_sintetizada": "~WRS{8297222876C6A244827D719A07C5B190}",
    "cantidad_archivos": 1,
    "archivos_fuente": [
      "Library/Containers/com.microsoft.Word/Data/Library/Application Support/Microsoft/Temp/~WRS{82972228-76C6-A244-827D-719A07C5B190}"
    ],
    "ultima_modificacion": "2025-08-01 01:01:53.354725"
  },
  "~wrs{5aaed162f12c0d4a8c228cdf4d35cdf4}": {
    "app_sintetizada": "~WRS{5AAED162F12C0D4A8C228CDF4D35CDF4}",
    "cantidad_archivos": 1,
    "archivos_fuente": [
      "Library/Containers/com.microsoft.Word/Data/Library/Application Support/Microsoft/Temp/~WRS{5AAED162-F12C-0D4A-8C22-8CDF4D35CDF4}"
    ],
    "ultima_modificacion": "2025-08-01 01:01:53.355066"
  },
  "~wrs{d3409ceba59fce4a8866e01d2113582b}": {
    "app_sintetizada": "~WRS{D3409CEBA59FCE4A8866E01D2113582B}",
    "cantidad_archivos": 1,
    "archivos_fuente": [
      "Library/Containers/com.microsoft.Word/Data/Library/Application Support/Microsoft/Temp/~WRS{D3409CEB-A59F-CE4A-8866-E01D2113582B}"
    ],
    "ultima_modificacion": "2025-08-01 01:01:53.355414"
  },
  "~wrf{2e5f30f1d3affd44953e0d2fa45d16c0}": {
    "app_sintetizada": "~WRF{2E5F30F1D3AFFD44953E0D2FA45D16C0}",
    "cantidad_archivos": 1,
    "archivos_fuente": [
      "Library/Containers/com.microsoft.Word/Data/Library/Application Support/Microsoft/Temp/~WRF{2E5F30F1-D3AF-FD44-953E-0D2FA45D16C0}"
    ],
    "ultima_modificacion": "2025-08-01 01:01:53.355785"
  },
  "~wrs{a89497c6d3e51849a64b290d996ba8a5}": {
    "app_sintetizada": "~WRS{A89497C6D3E51849A64B290D996BA8A5}",
    "cantidad_archivos": 1,
    "archivos_fuente": [
      "Library/Containers/com.microsoft.Word/Data/Library/Application Support/Microsoft/Temp/~WRS{A89497C6-D3E5-1849-A64B-290D996BA8A5}"
    ],
    "ultima_modificacion": "2025-08-01 01:01:53.356140"
  },
  "~wrs{17fc61b22c88514f951648f6907d3d89}": {
    "app_sintetizada": "~WRS{17FC61B22C88514F951648F6907D3D89}",
    "cantidad_archivos": 1,
    "archivos_fuente": [
      "Library/Containers/com.microsoft.Word/Data/Library/Application Support/Microsoft/Temp/~WRS{17FC61B2-2C88-514F-9516-48F6907D3D89}"
    ],
    "ultima_modificacion": "2025-08-01 01:01:53.356505"
  },
  "~wrs{98871fa2fd774b4e83fb7ce2c4462036}": {
    "app_sintetizada": "~WRS{98871FA2FD774B4E83FB7CE2C4462036}",
    "cantidad_archivos": 1,
    "archivos_fuente": [
      "Library/Containers/com.microsoft.Word/Data/Library/Application Support/Microsoft/Temp/~WRS{98871FA2-FD77-4B4E-83FB-7CE2C4462036}"
    ],
    "ultima_modificacion": "2025-08-01 01:01:53.356838"
  },
  "~wrs{fce2439139259a4b85aba23a4161ff97}": {
    "app_sintetizada": "~WRS{FCE2439139259A4B85ABA23A4161FF97}",
    "cantidad_archivos": 1,
    "archivos_fuente": [
      "Library/Containers/com.microsoft.Word/Data/Library/Application Support/Microsoft/Temp/~WRS{FCE24391-3925-9A4B-85AB-A23A4161FF97}"
    ],
    "ultima_modificacion": "2025-08-01 01:01:53.357195"
  },
  "~wrs{d2ebe5c1566f864cac544ceaddd57f04}": {
    "app_sintetizada": "~WRS{D2EBE5C1566F864CAC544CEADDD57F04}",
    "cantidad_archivos": 1,
    "archivos_fuente": [
      "Library/Containers/com.microsoft.Word/Data/Library/Application Support/Microsoft/Temp/~WRS{D2EBE5C1-566F-864C-AC54-4CEADDD57F04}"
    ],
    "ultima_modificacion": "2025-08-01 01:01:53.357527"
  },
  "~wrs{74211c048e4ad24a9ea6f6f0f0dd2521}": {
    "app_sintetizada": "~WRS{74211C048E4AD24A9EA6F6F0F0DD2521}",
    "cantidad_archivos": 1,
    "archivos_fuente": [
      "Library/Containers/com.microsoft.Word/Data/Library/Application Support/Microsoft/Temp/~WRS{74211C04-8E4A-D24A-9EA6-F6F0F0DD2521}"
    ],
    "ultima_modificacion": "2025-08-01 01:01:53.357904"
  },
  "~wrs{80383299a8a902478522ee5f331c05c1}": {
    "app_sintetizada": "~WRS{80383299A8A902478522EE5F331C05C1}",
    "cantidad_archivos": 1,
    "archivos_fuente": [
      "Library/Containers/com.microsoft.Word/Data/Library/Application Support/Microsoft/Temp/~WRS{80383299-A8A9-0247-8522-EE5F331C05C1}"
    ],
    "ultima_modificacion": "2025-08-01 01:01:53.358252"
  },
  "~wrs{53b3387dfd3dd84ea4d5ee29cfe06d2a}": {
    "app_sintetizada": "~WRS{53B3387DFD3DD84EA4D5EE29CFE06D2A}",
    "cantidad_archivos": 1,
    "archivos_fuente": [
      "Library/Containers/com.microsoft.Word/Data/Library/Application Support/Microsoft/Temp/~WRS{53B3387D-FD3D-D84E-A4D5-EE29CFE06D2A}"
    ],
    "ultima_modificacion": "2025-08-01 01:01:53.358574"
  },
  "~wrs{17a3f7248d9eef4ba8b621de791e931a}": {
    "app_sintetizada": "~WRS{17A3F7248D9EEF4BA8B621DE791E931A}",
    "cantidad_archivos": 1,
    "archivos_fuente": [
      "Library/Containers/com.microsoft.Word/Data/Library/Application Support/Microsoft/Temp/~WRS{17A3F724-8D9E-EF4B-A8B6-21DE791E931A}"
    ],
    "ultima_modificacion": "2025-08-01 01:01:53.358912"
  },
  "~wrs{2efb7f410456814091bc5463f3bde556}": {
    "app_sintetizada": "~WRS{2EFB7F410456814091BC5463F3BDE556}",
    "cantidad_archivos": 1,
    "archivos_fuente": [
      "Library/Containers/com.microsoft.Word/Data/Library/Application Support/Microsoft/Temp/~WRS{2EFB7F41-0456-8140-91BC-5463F3BDE556}"
    ],
    "ultima_modificacion": "2025-08-01 01:01:53.359247"
  },
  "~wrs{a4390902b09e814c8de71fb5d29de105}": {
    "app_sintetizada": "~WRS{A4390902B09E814C8DE71FB5D29DE105}",
    "cantidad_archivos": 1,
    "archivos_fuente": [
      "Library/Containers/com.microsoft.Word/Data/Library/Application Support/Microsoft/Temp/~WRS{A4390902-B09E-814C-8DE7-1FB5D29DE105}"
    ],
    "ultima_modificacion": "2025-08-01 01:01:53.359579"
  },
  "~wrs{d4dec99e4ad7e74b964e03b426f21f87}": {
    "app_sintetizada": "~WRS{D4DEC99E4AD7E74B964E03B426F21F87}",
    "cantidad_archivos": 1,
    "archivos_fuente": [
      "Library/Containers/com.microsoft.Word/Data/Library/Application Support/Microsoft/Temp/~WRS{D4DEC99E-4AD7-E74B-964E-03B426F21F87}"
    ],
    "ultima_modificacion": "2025-08-01 01:01:53.359909"
  },
  "~wrs{91da678195ba994cadd6d4f70a599ba5}": {
    "app_sintetizada": "~WRS{91DA678195BA994CADD6D4F70A599BA5}",
    "cantidad_archivos": 1,
    "archivos_fuente": [
      "Library/Containers/com.microsoft.Word/Data/Library/Application Support/Microsoft/Temp/~WRS{91DA6781-95BA-994C-ADD6-D4F70A599BA5}"
    ],
    "ultima_modificacion": "2025-08-01 01:01:53.360286"
  },
  "~wrs{0bff7d0214d3274689588a0c368d71eb}": {
    "app_sintetizada": "~WRS{0BFF7D0214D3274689588A0C368D71EB}",
    "cantidad_archivos": 1,
    "archivos_fuente": [
      "Library/Containers/com.microsoft.Word/Data/Library/Application Support/Microsoft/Temp/~WRS{0BFF7D02-14D3-2746-8958-8A0C368D71EB}"
    ],
    "ultima_modificacion": "2025-08-01 01:01:53.360647"
  },
  "~wrs{4615d2b1136e734a8495e5749a19ce27}": {
    "app_sintetizada": "~WRS{4615D2B1136E734A8495E5749A19CE27}",
    "cantidad_archivos": 1,
    "archivos_fuente": [
      "Library/Containers/com.microsoft.Word/Data/Library/Application Support/Microsoft/Temp/~WRS{4615D2B1-136E-734A-8495-E5749A19CE27}"
    ],
    "ultima_modificacion": "2025-08-01 01:01:53.361009"
  },
  "~wrs{1d722cfb2e88e04e8d38b955c479c105}": {
    "app_sintetizada": "~WRS{1D722CFB2E88E04E8D38B955C479C105}",
    "cantidad_archivos": 1,
    "archivos_fuente": [
      "Library/Containers/com.microsoft.Word/Data/Library/Application Support/Microsoft/Temp/~WRS{1D722CFB-2E88-E04E-8D38-B955C479C105}"
    ],
    "ultima_modificacion": "2025-08-01 01:01:53.361368"
  },
  "~wrs{a927a80695fe904c9056a7a846c4ce38}": {
    "app_sintetizada": "~WRS{A927A80695FE904C9056A7A846C4CE38}",
    "cantidad_archivos": 1,
    "archivos_fuente": [
      "Library/Containers/com.microsoft.Word/Data/Library/Application Support/Microsoft/Temp/~WRS{A927A806-95FE-904C-9056-A7A846C4CE38}"
    ],
    "ultima_modificacion": "2025-08-01 01:01:53.361754"
  },
  "~wrs{a39af41c89041f4183e7a016c470f934}": {
    "app_sintetizada": "~WRS{A39AF41C89041F4183E7A016C470F934}",
    "cantidad_archivos": 1,
    "archivos_fuente": [
      "Library/Containers/com.microsoft.Word/Data/Library/Application Support/Microsoft/Temp/~WRS{A39AF41C-8904-1F41-83E7-A016C470F934}"
    ],
    "ultima_modificacion": "2025-08-01 01:01:53.362139"
  },
  "~wrs{572fe05f25f506469c15e8154cbf585b}": {
    "app_sintetizada": "~WRS{572FE05F25F506469C15E8154CBF585B}",
    "cantidad_archivos": 1,
    "archivos_fuente": [
      "Library/Containers/com.microsoft.Word/Data/Library/Application Support/Microsoft/Temp/~WRS{572FE05F-25F5-0646-9C15-E8154CBF585B}"
    ],
    "ultima_modificacion": "2025-08-01 01:01:53.362476"
  },
  "~wrs{6b31201aa40ba64aab0d67c5b5c173fd}": {
    "app_sintetizada": "~WRS{6B31201AA40BA64AAB0D67C5B5C173FD}",
    "cantidad_archivos": 1,
    "archivos_fuente": [
      "Library/Containers/com.microsoft.Word/Data/Library/Application Support/Microsoft/Temp/~WRS{6B31201A-A40B-A64A-AB0D-67C5B5C173FD}"
    ],
    "ultima_modificacion": "2025-08-01 01:01:53.362766"
  },
  "~wrs{47476a84b77fa04dac9435e1687b74e1}": {
    "app_sintetizada": "~WRS{47476A84B77FA04DAC9435E1687B74E1}",
    "cantidad_archivos": 1,
    "archivos_fuente": [
      "Library/Containers/com.microsoft.Word/Data/Library/Application Support/Microsoft/Temp/~WRS{47476A84-B77F-A04D-AC94-35E1687B74E1}"
    ],
    "ultima_modificacion": "2025-08-01 01:01:53.363077"
  },
  "~wrs{2bca2415cffc8d4a838132366dd161c9}": {
    "app_sintetizada": "~WRS{2BCA2415CFFC8D4A838132366DD161C9}",
    "cantidad_archivos": 1,
    "archivos_fuente": [
      "Library/Containers/com.microsoft.Word/Data/Library/Application Support/Microsoft/Temp/~WRS{2BCA2415-CFFC-8D4A-8381-32366DD161C9}"
    ],
    "ultima_modificacion": "2025-08-01 01:01:53.363340"
  },
  "~wrs{132797d2ebd22847b5860c024cac64c2}": {
    "app_sintetizada": "~WRS{132797D2EBD22847B5860C024CAC64C2}",
    "cantidad_archivos": 1,
    "archivos_fuente": [
      "Library/Containers/com.microsoft.Word/Data/Library/Application Support/Microsoft/Temp/~WRS{132797D2-EBD2-2847-B586-0C024CAC64C2}"
    ],
    "ultima_modificacion": "2025-08-01 01:01:53.363653"
  },
  "~wrs{d692140a3700c8449ae1d08017e49a76}": {
    "app_sintetizada": "~WRS{D692140A3700C8449AE1D08017E49A76}",
    "cantidad_archivos": 1,
    "archivos_fuente": [
      "Library/Containers/com.microsoft.Word/Data/Library/Application Support/Microsoft/Temp/~WRS{D692140A-3700-C844-9AE1-D08017E49A76}"
    ],
    "ultima_modificacion": "2025-08-01 01:01:53.363920"
  },
  "~wrs{1148fc8f1bd2fb44a4252e61d5440cbc}": {
    "app_sintetizada": "~WRS{1148FC8F1BD2FB44A4252E61D5440CBC}",
    "cantidad_archivos": 1,
    "archivos_fuente": [
      "Library/Containers/com.microsoft.Word/Data/Library/Application Support/Microsoft/Temp/~WRS{1148FC8F-1BD2-FB44-A425-2E61D5440CBC}"
    ],
    "ultima_modificacion": "2025-08-01 01:01:53.364218"
  },
  "~wrs{3cb137b5292f8746aa7973a963665543}": {
    "app_sintetizada": "~WRS{3CB137B5292F8746AA7973A963665543}",
    "cantidad_archivos": 1,
    "archivos_fuente": [
      "Library/Containers/com.microsoft.Word/Data/Library/Application Support/Microsoft/Temp/~WRS{3CB137B5-292F-8746-AA79-73A963665543}"
    ],
    "ultima_modificacion": "2025-08-01 01:01:53.364501"
  },
  "~wrs{4196480101711849882a110132def8fa}": {
    "app_sintetizada": "~WRS{4196480101711849882A110132DEF8FA}",
    "cantidad_archivos": 1,
    "archivos_fuente": [
      "Library/Containers/com.microsoft.Word/Data/Library/Application Support/Microsoft/Temp/~WRS{41964801-0171-1849-882A-110132DEF8FA}"
    ],
    "ultima_modificacion": "2025-08-01 01:01:53.364766"
  },
  "~wrs{377e30b0a21b014f8fa19a2db5476f0f}": {
    "app_sintetizada": "~WRS{377E30B0A21B014F8FA19A2DB5476F0F}",
    "cantidad_archivos": 1,
    "archivos_fuente": [
      "Library/Containers/com.microsoft.Word/Data/Library/Application Support/Microsoft/Temp/~WRS{377E30B0-A21B-014F-8FA1-9A2DB5476F0F}"
    ],
    "ultima_modificacion": "2025-08-01 01:01:53.365025"
  },
  "~wrs{911bfc3f4bd7394699905410d214e9cd}": {
    "app_sintetizada": "~WRS{911BFC3F4BD7394699905410D214E9CD}",
    "cantidad_archivos": 1,
    "archivos_fuente": [
      "Library/Containers/com.microsoft.Word/Data/Library/Application Support/Microsoft/Temp/~WRS{911BFC3F-4BD7-3946-9990-5410D214E9CD}"
    ],
    "ultima_modificacion": "2025-08-01 01:01:53.365322"
  },
  "~wrs{7543b2245234a942a128d62e02652577}": {
    "app_sintetizada": "~WRS{7543B2245234A942A128D62E02652577}",
    "cantidad_archivos": 1,
    "archivos_fuente": [
      "Library/Containers/com.microsoft.Word/Data/Library/Application Support/Microsoft/Temp/~WRS{7543B224-5234-A942-A128-D62E02652577}"
    ],
    "ultima_modificacion": "2025-08-01 01:01:53.365601"
  },
  "~wrs{e55dbd10b3ef464c9fc5fb5f922929d4}": {
    "app_sintetizada": "~WRS{E55DBD10B3EF464C9FC5FB5F922929D4}",
    "cantidad_archivos": 1,
    "archivos_fuente": [
      "Library/Containers/com.microsoft.Word/Data/Library/Application Support/Microsoft/Temp/~WRS{E55DBD10-B3EF-464C-9FC5-FB5F922929D4}"
    ],
    "ultima_modificacion": "2025-08-01 01:01:53.365935"
  },
  "~wrs{9d29152f890fe64ca84d266f8e77fddf}": {
    "app_sintetizada": "~WRS{9D29152F890FE64CA84D266F8E77FDDF}",
    "cantidad_archivos": 1,
    "archivos_fuente": [
      "Library/Containers/com.microsoft.Word/Data/Library/Application Support/Microsoft/Temp/~WRS{9D29152F-890F-E64C-A84D-266F8E77FDDF}"
    ],
    "ultima_modificacion": "2025-08-01 01:01:53.366214"
  },
  "~wrs{5ff13fb12fcc2f45a18021c8a9e80242}": {
    "app_sintetizada": "~WRS{5FF13FB12FCC2F45A18021C8A9E80242}",
    "cantidad_archivos": 1,
    "archivos_fuente": [
      "Library/Containers/com.microsoft.Word/Data/Library/Application Support/Microsoft/Temp/~WRS{5FF13FB1-2FCC-2F45-A180-21C8A9E80242}"
    ],
    "ultima_modificacion": "2025-08-01 01:01:53.366518"
  },
  "~wrs{eb4849d1494d8047962d31a0960e50e7}": {
    "app_sintetizada": "~WRS{EB4849D1494D8047962D31A0960E50E7}",
    "cantidad_archivos": 1,
    "archivos_fuente": [
      "Library/Containers/com.microsoft.Word/Data/Library/Application Support/Microsoft/Temp/~WRS{EB4849D1-494D-8047-962D-31A0960E50E7}"
    ],
    "ultima_modificacion": "2025-08-01 01:01:53.366792"
  },
  "~wrs{3b22e7befaedd64d899c34dd94249346}": {
    "app_sintetizada": "~WRS{3B22E7BEFAEDD64D899C34DD94249346}",
    "cantidad_archivos": 1,
    "archivos_fuente": [
      "Library/Containers/com.microsoft.Word/Data/Library/Application Support/Microsoft/Temp/~WRS{3B22E7BE-FAED-D64D-899C-34DD94249346}"
    ],
    "ultima_modificacion": "2025-08-01 01:01:53.367048"
  },
  "~wrs{1a83fa25729d9b439880dfab7ecfbeb8}": {
    "app_sintetizada": "~WRS{1A83FA25729D9B439880DFAB7ECFBEB8}",
    "cantidad_archivos": 1,
    "archivos_fuente": [
      "Library/Containers/com.microsoft.Word/Data/Library/Application Support/Microsoft/Temp/~WRS{1A83FA25-729D-9B43-9880-DFAB7ECFBEB8}"
    ],
    "ultima_modificacion": "2025-08-01 01:01:53.367316"
  },
  "~wrs{5d7409830d30014c8b9fab68a68cac48}": {
    "app_sintetizada": "~WRS{5D7409830D30014C8B9FAB68A68CAC48}",
    "cantidad_archivos": 1,
    "archivos_fuente": [
      "Library/Containers/com.microsoft.Word/Data/Library/Application Support/Microsoft/Temp/~WRS{5D740983-0D30-014C-8B9F-AB68A68CAC48}"
    ],
    "ultima_modificacion": "2025-08-01 01:01:53.367663"
  },
  "~wrs{4d51d82be8b9324995446684b99263e5}": {
    "app_sintetizada": "~WRS{4D51D82BE8B9324995446684B99263E5}",
    "cantidad_archivos": 1,
    "archivos_fuente": [
      "Library/Containers/com.microsoft.Word/Data/Library/Application Support/Microsoft/Temp/~WRS{4D51D82B-E8B9-3249-9544-6684B99263E5}"
    ],
    "ultima_modificacion": "2025-08-01 01:01:53.367924"
  },
  "~wrs{50b4d5eea8a92644a8a239c06743d2e1}": {
    "app_sintetizada": "~WRS{50B4D5EEA8A92644A8A239C06743D2E1}",
    "cantidad_archivos": 1,
    "archivos_fuente": [
      "Library/Containers/com.microsoft.Word/Data/Library/Application Support/Microsoft/Temp/~WRS{50B4D5EE-A8A9-2644-A8A2-39C06743D2E1}"
    ],
    "ultima_modificacion": "2025-08-01 01:01:53.368186"
  },
  "~wrs{c5512911e6ba09488f4e1c3823c8bbb6}": {
    "app_sintetizada": "~WRS{C5512911E6BA09488F4E1C3823C8BBB6}",
    "cantidad_archivos": 1,
    "archivos_fuente": [
      "Library/Containers/com.microsoft.Word/Data/Library/Application Support/Microsoft/Temp/~WRS{C5512911-E6BA-0948-8F4E-1C3823C8BBB6}"
    ],
    "ultima_modificacion": "2025-08-01 01:01:53.368459"
  },
  "~wrs{453f9d656cd24b46ad109cd3bd52fd03}": {
    "app_sintetizada": "~WRS{453F9D656CD24B46AD109CD3BD52FD03}",
    "cantidad_archivos": 1,
    "archivos_fuente": [
      "Library/Containers/com.microsoft.Word/Data/Library/Application Support/Microsoft/Temp/~WRS{453F9D65-6CD2-4B46-AD10-9CD3BD52FD03}"
    ],
    "ultima_modificacion": "2025-08-01 01:01:53.368749"
  },
  "~wrs{5ab4f7f9435f8f489feec5423d2d5f52}": {
    "app_sintetizada": "~WRS{5AB4F7F9435F8F489FEEC5423D2D5F52}",
    "cantidad_archivos": 1,
    "archivos_fuente": [
      "Library/Containers/com.microsoft.Word/Data/Library/Application Support/Microsoft/Temp/~WRS{5AB4F7F9-435F-8F48-9FEE-C5423D2D5F52}"
    ],
    "ultima_modificacion": "2025-08-01 01:01:53.368995"
  },
  "~wrs{4d4fd0e374d29345976f6864bbe54f1f}": {
    "app_sintetizada": "~WRS{4D4FD0E374D29345976F6864BBE54F1F}",
    "cantidad_archivos": 1,
    "archivos_fuente": [
      "Library/Containers/com.microsoft.Word/Data/Library/Application Support/Microsoft/Temp/~WRS{4D4FD0E3-74D2-9345-976F-6864BBE54F1F}"
    ],
    "ultima_modificacion": "2025-08-01 01:01:53.369286"
  },
  "~wrs{2ea614bd265eae4aa22001094b43b907}": {
    "app_sintetizada": "~WRS{2EA614BD265EAE4AA22001094B43B907}",
    "cantidad_archivos": 1,
    "archivos_fuente": [
      "Library/Containers/com.microsoft.Word/Data/Library/Application Support/Microsoft/Temp/~WRS{2EA614BD-265E-AE4A-A220-01094B43B907}"
    ],
    "ultima_modificacion": "2025-08-01 01:01:53.369551"
  },
  "~wrs{65535d6aadfbd942afb0842622554e0c}": {
    "app_sintetizada": "~WRS{65535D6AADFBD942AFB0842622554E0C}",
    "cantidad_archivos": 1,
    "archivos_fuente": [
      "Library/Containers/com.microsoft.Word/Data/Library/Application Support/Microsoft/Temp/~WRS{65535D6A-ADFB-D942-AFB0-842622554E0C}"
    ],
    "ultima_modificacion": "2025-08-01 01:01:53.369799"
  },
  "~wrs{07df8f852766ab4f805ee3ae65d2e96e}": {
    "app_sintetizada": "~WRS{07DF8F852766AB4F805EE3AE65D2E96E}",
    "cantidad_archivos": 1,
    "archivos_fuente": [
      "Library/Containers/com.microsoft.Word/Data/Library/Application Support/Microsoft/Temp/~WRS{07DF8F85-2766-AB4F-805E-E3AE65D2E96E}"
    ],
    "ultima_modificacion": "2025-08-01 01:01:53.370105"
  },
  "~wrs{c0a379fd5487fb4ba191e809ecbc3b8a}": {
    "app_sintetizada": "~WRS{C0A379FD5487FB4BA191E809ECBC3B8A}",
    "cantidad_archivos": 1,
    "archivos_fuente": [
      "Library/Containers/com.microsoft.Word/Data/Library/Application Support/Microsoft/Temp/~WRS{C0A379FD-5487-FB4B-A191-E809ECBC3B8A}"
    ],
    "ultima_modificacion": "2025-08-01 01:01:53.370446"
  },
  "~wrs{2aca7acbcd10d145b30ebfba89d99cf3}": {
    "app_sintetizada": "~WRS{2ACA7ACBCD10D145B30EBFBA89D99CF3}",
    "cantidad_archivos": 1,
    "archivos_fuente": [
      "Library/Containers/com.microsoft.Word/Data/Library/Application Support/Microsoft/Temp/~WRS{2ACA7ACB-CD10-D145-B30E-BFBA89D99CF3}"
    ],
    "ultima_modificacion": "2025-08-01 01:01:53.370709"
  },
  "~wrs{064eb24e6caeab4ea6f7526d3e67bbdf}": {
    "app_sintetizada": "~WRS{064EB24E6CAEAB4EA6F7526D3E67BBDF}",
    "cantidad_archivos": 1,
    "archivos_fuente": [
      "Library/Containers/com.microsoft.Word/Data/Library/Application Support/Microsoft/Temp/~WRS{064EB24E-6CAE-AB4E-A6F7-526D3E67BBDF}"
    ],
    "ultima_modificacion": "2025-08-01 01:01:53.370958"
  },
  "~wrs{0bf4de2d68a0014fa5cd3d1175027e35}": {
    "app_sintetizada": "~WRS{0BF4DE2D68A0014FA5CD3D1175027E35}",
    "cantidad_archivos": 1,
    "archivos_fuente": [
      "Library/Containers/com.microsoft.Word/Data/Library/Application Support/Microsoft/Temp/~WRS{0BF4DE2D-68A0-014F-A5CD-3D1175027E35}"
    ],
    "ultima_modificacion": "2025-08-01 01:01:53.371213"
  },
  "~wrs{9a6a2f58c7c8f549b2013ec73679d51d}": {
    "app_sintetizada": "~WRS{9A6A2F58C7C8F549B2013EC73679D51D}",
    "cantidad_archivos": 1,
    "archivos_fuente": [
      "Library/Containers/com.microsoft.Word/Data/Library/Application Support/Microsoft/Temp/~WRS{9A6A2F58-C7C8-F549-B201-3EC73679D51D}"
    ],
    "ultima_modificacion": "2025-08-01 01:01:53.371464"
  },
  "~wrs{47e3574d94e61a4fb6a3a066ddb64612}": {
    "app_sintetizada": "~WRS{47E3574D94E61A4FB6A3A066DDB64612}",
    "cantidad_archivos": 1,
    "archivos_fuente": [
      "Library/Containers/com.microsoft.Word/Data/Library/Application Support/Microsoft/Temp/~WRS{47E3574D-94E6-1A4F-B6A3-A066DDB64612}"
    ],
    "ultima_modificacion": "2025-08-01 01:01:53.371803"
  },
  "~wrs{463a95cb20fa7f4e83da35f4342a2d4d}": {
    "app_sintetizada": "~WRS{463A95CB20FA7F4E83DA35F4342A2D4D}",
    "cantidad_archivos": 1,
    "archivos_fuente": [
      "Library/Containers/com.microsoft.Word/Data/Library/Application Support/Microsoft/Temp/~WRS{463A95CB-20FA-7F4E-83DA-35F4342A2D4D}"
    ],
    "ultima_modificacion": "2025-08-01 01:01:53.372051"
  },
  "~wrs{7d0fb6a9ee7a4045a27a399e7b928508}": {
    "app_sintetizada": "~WRS{7D0FB6A9EE7A4045A27A399E7B928508}",
    "cantidad_archivos": 1,
    "archivos_fuente": [
      "Library/Containers/com.microsoft.Word/Data/Library/Application Support/Microsoft/Temp/~WRS{7D0FB6A9-EE7A-4045-A27A-399E7B928508}"
    ],
    "ultima_modificacion": "2025-08-01 01:01:53.372301"
  },
  "~wrs{ced3d407635e4740aa6952177b439635}": {
    "app_sintetizada": "~WRS{CED3D407635E4740AA6952177B439635}",
    "cantidad_archivos": 1,
    "archivos_fuente": [
      "Library/Containers/com.microsoft.Word/Data/Library/Application Support/Microsoft/Temp/~WRS{CED3D407-635E-4740-AA69-52177B439635}"
    ],
    "ultima_modificacion": "2025-08-01 01:01:53.372598"
  },
  "~wrs{29d33a79b9cf3d49926656ac4c9869e7}": {
    "app_sintetizada": "~WRS{29D33A79B9CF3D49926656AC4C9869E7}",
    "cantidad_archivos": 1,
    "archivos_fuente": [
      "Library/Containers/com.microsoft.Word/Data/Library/Application Support/Microsoft/Temp/~WRS{29D33A79-B9CF-3D49-9266-56AC4C9869E7}"
    ],
    "ultima_modificacion": "2025-08-01 01:01:53.372864"
  },
  "~wrs{f3f5045e8bcf534b8024ebb996a7c8f2}": {
    "app_sintetizada": "~WRS{F3F5045E8BCF534B8024EBB996A7C8F2}",
    "cantidad_archivos": 1,
    "archivos_fuente": [
      "Library/Containers/com.microsoft.Word/Data/Library/Application Support/Microsoft/Temp/~WRS{F3F5045E-8BCF-534B-8024-EBB996A7C8F2}"
    ],
    "ultima_modificacion": "2025-08-01 01:01:53.373115"
  },
  "~wrs{2698d225ebf73a4ba811c075040c7a6d}": {
    "app_sintetizada": "~WRS{2698D225EBF73A4BA811C075040C7A6D}",
    "cantidad_archivos": 1,
    "archivos_fuente": [
      "Library/Containers/com.microsoft.Word/Data/Library/Application Support/Microsoft/Temp/~WRS{2698D225-EBF7-3A4B-A811-C075040C7A6D}"
    ],
    "ultima_modificacion": "2025-08-01 01:01:53.373369"
  },
  "~wrs{652e345a9039e04d9b94c3649352a35e}": {
    "app_sintetizada": "~WRS{652E345A9039E04D9B94C3649352A35E}",
    "cantidad_archivos": 1,
    "archivos_fuente": [
      "Library/Containers/com.microsoft.Word/Data/Library/Application Support/Microsoft/Temp/~WRS{652E345A-9039-E04D-9B94-C3649352A35E}"
    ],
    "ultima_modificacion": "2025-08-01 01:01:53.373663"
  },
  "~wrs{b0026f41d19d914fa6a0766a53f6801d}": {
    "app_sintetizada": "~WRS{B0026F41D19D914FA6A0766A53F6801D}",
    "cantidad_archivos": 1,
    "archivos_fuente": [
      "Library/Containers/com.microsoft.Word/Data/Library/Application Support/Microsoft/Temp/~WRS{B0026F41-D19D-914F-A6A0-766A53F6801D}"
    ],
    "ultima_modificacion": "2025-08-01 01:01:53.373911"
  },
  "~wrs{542997f0cc034b45a73d2932973b54fa}": {
    "app_sintetizada": "~WRS{542997F0CC034B45A73D2932973B54FA}",
    "cantidad_archivos": 1,
    "archivos_fuente": [
      "Library/Containers/com.microsoft.Word/Data/Library/Application Support/Microsoft/Temp/~WRS{542997F0-CC03-4B45-A73D-2932973B54FA}"
    ],
    "ultima_modificacion": "2025-08-01 01:01:53.374203"
  },
  "~wrs{6125d8a06510764b8b68f8491f2aebb2}": {
    "app_sintetizada": "~WRS{6125D8A06510764B8B68F8491F2AEBB2}",
    "cantidad_archivos": 1,
    "archivos_fuente": [
      "Library/Containers/com.microsoft.Word/Data/Library/Application Support/Microsoft/Temp/~WRS{6125D8A0-6510-764B-8B68-F8491F2AEBB2}"
    ],
    "ultima_modificacion": "2025-08-01 01:01:53.374448"
  },
  "~wrs{7b43196aa3c8354086f272adce209337}": {
    "app_sintetizada": "~WRS{7B43196AA3C8354086F272ADCE209337}",
    "cantidad_archivos": 1,
    "archivos_fuente": [
      "Library/Containers/com.microsoft.Word/Data/Library/Application Support/Microsoft/Temp/~WRS{7B43196A-A3C8-3540-86F2-72ADCE209337}"
    ],
    "ultima_modificacion": "2025-08-01 01:01:53.374756"
  },
  "~wrs{23303920eef5b643bf416e4ab0e1b6fb}": {
    "app_sintetizada": "~WRS{23303920EEF5B643BF416E4AB0E1B6FB}",
    "cantidad_archivos": 1,
    "archivos_fuente": [
      "Library/Containers/com.microsoft.Word/Data/Library/Application Support/Microsoft/Temp/~WRS{23303920-EEF5-B643-BF41-6E4AB0E1B6FB}"
    ],
    "ultima_modificacion": "2025-08-01 01:01:53.375091"
  },
  "~wrs{b8ee669b02456c4eb421f0a33f2de503}": {
    "app_sintetizada": "~WRS{B8EE669B02456C4EB421F0A33F2DE503}",
    "cantidad_archivos": 1,
    "archivos_fuente": [
      "Library/Containers/com.microsoft.Word/Data/Library/Application Support/Microsoft/Temp/~WRS{B8EE669B-0245-6C4E-B421-F0A33F2DE503}"
    ],
    "ultima_modificacion": "2025-08-01 01:01:53.375368"
  },
  "~wrs{f342e1606538f3449fb44132f3b4b77b}": {
    "app_sintetizada": "~WRS{F342E1606538F3449FB44132F3B4B77B}",
    "cantidad_archivos": 1,
    "archivos_fuente": [
      "Library/Containers/com.microsoft.Word/Data/Library/Application Support/Microsoft/Temp/~WRS{F342E160-6538-F344-9FB4-4132F3B4B77B}"
    ],
    "ultima_modificacion": "2025-08-01 01:01:53.375733"
  },
  "~wrs{35e3b86319e83141b8a1cc35a4e3bfd0}": {
    "app_sintetizada": "~WRS{35E3B86319E83141B8A1CC35A4E3BFD0}",
    "cantidad_archivos": 1,
    "archivos_fuente": [
      "Library/Containers/com.microsoft.Word/Data/Library/Application Support/Microsoft/Temp/~WRS{35E3B863-19E8-3141-B8A1-CC35A4E3BFD0}"
    ],
    "ultima_modificacion": "2025-08-01 01:01:53.375982"
  },
  "~wrs{05f8ec5f856b3c41b5ef72c4c64a7129}": {
    "app_sintetizada": "~WRS{05F8EC5F856B3C41B5EF72C4C64A7129}",
    "cantidad_archivos": 1,
    "archivos_fuente": [
      "Library/Containers/com.microsoft.Word/Data/Library/Application Support/Microsoft/Temp/~WRS{05F8EC5F-856B-3C41-B5EF-72C4C64A7129}"
    ],
    "ultima_modificacion": "2025-08-01 01:01:53.376235"
  },
  "~wrs{219d31cbfad921488d76cf84045360d4}": {
    "app_sintetizada": "~WRS{219D31CBFAD921488D76CF84045360D4}",
    "cantidad_archivos": 1,
    "archivos_fuente": [
      "Library/Containers/com.microsoft.Word/Data/Library/Application Support/Microsoft/Temp/~WRS{219D31CB-FAD9-2148-8D76-CF84045360D4}"
    ],
    "ultima_modificacion": "2025-08-01 01:01:53.376531"
  },
  "~wrs{e982577c0d851e4796395d71149ffb30}": {
    "app_sintetizada": "~WRS{E982577C0D851E4796395D71149FFB30}",
    "cantidad_archivos": 1,
    "archivos_fuente": [
      "Library/Containers/com.microsoft.Word/Data/Library/Application Support/Microsoft/Temp/~WRS{E982577C-0D85-1E47-9639-5D71149FFB30}"
    ],
    "ultima_modificacion": "2025-08-01 01:01:53.376758"
  },
  "~wrs{34bbc2506141424bac23344c2b792d19}": {
    "app_sintetizada": "~WRS{34BBC2506141424BAC23344C2B792D19}",
    "cantidad_archivos": 1,
    "archivos_fuente": [
      "Library/Containers/com.microsoft.Word/Data/Library/Application Support/Microsoft/Temp/~WRS{34BBC250-6141-424B-AC23-344C2B792D19}"
    ],
    "ultima_modificacion": "2025-08-01 01:01:53.376966"
  },
  "~wrs{22e35fbf12c3fc478b07715c8a61ea36}": {
    "app_sintetizada": "~WRS{22E35FBF12C3FC478B07715C8A61EA36}",
    "cantidad_archivos": 1,
    "archivos_fuente": [
      "Library/Containers/com.microsoft.Word/Data/Library/Application Support/Microsoft/Temp/~WRS{22E35FBF-12C3-FC47-8B07-715C8A61EA36}"
    ],
    "ultima_modificacion": "2025-08-01 01:01:53.377267"
  },
  "~wrs{b40de5f604dc474fb8889b77a1c3441f}": {
    "app_sintetizada": "~WRS{B40DE5F604DC474FB8889B77A1C3441F}",
    "cantidad_archivos": 1,
    "archivos_fuente": [
      "Library/Containers/com.microsoft.Word/Data/Library/Application Support/Microsoft/Temp/~WRS{B40DE5F6-04DC-474F-B888-9B77A1C3441F}"
    ],
    "ultima_modificacion": "2025-08-01 01:01:53.377575"
  },
  "~wrs{97659439e065164a8b0d915d6843689f}": {
    "app_sintetizada": "~WRS{97659439E065164A8B0D915D6843689F}",
    "cantidad_archivos": 1,
    "archivos_fuente": [
      "Library/Containers/com.microsoft.Word/Data/Library/Application Support/Microsoft/Temp/~WRS{97659439-E065-164A-8B0D-915D6843689F}"
    ],
    "ultima_modificacion": "2025-08-01 01:01:53.377920"
  },
  "~wrs{3d8a0cc8f2b7cf429aad4bba1713564b}": {
    "app_sintetizada": "~WRS{3D8A0CC8F2B7CF429AAD4BBA1713564B}",
    "cantidad_archivos": 1,
    "archivos_fuente": [
      "Library/Containers/com.microsoft.Word/Data/Library/Application Support/Microsoft/Temp/~WRS{3D8A0CC8-F2B7-CF42-9AAD-4BBA1713564B}"
    ],
    "ultima_modificacion": "2025-08-01 01:01:53.378162"
  },
  "~wrs{47a2892cf6a8f94bbbeafe82d0165457}": {
    "app_sintetizada": "~WRS{47A2892CF6A8F94BBBEAFE82D0165457}",
    "cantidad_archivos": 1,
    "archivos_fuente": [
      "Library/Containers/com.microsoft.Word/Data/Library/Application Support/Microsoft/Temp/~WRS{47A2892C-F6A8-F94B-BBEA-FE82D0165457}"
    ],
    "ultima_modificacion": "2025-08-01 01:01:53.378385"
  },
  "~wrs{c220043235d2284aac7bcf8e806aca64}": {
    "app_sintetizada": "~WRS{C220043235D2284AAC7BCF8E806ACA64}",
    "cantidad_archivos": 1,
    "archivos_fuente": [
      "Library/Containers/com.microsoft.Word/Data/Library/Application Support/Microsoft/Temp/~WRS{C2200432-35D2-284A-AC7B-CF8E806ACA64}"
    ],
    "ultima_modificacion": "2025-08-01 01:01:53.378587"
  }
}