{
  "{798bc7f782ad5b43a8fd7c6a4d4de385}": {
    "app_sintetizada": "{798BC7F782AD5B43A8FD7C6A4D4DE385}",
    "cantidad_archivos": 1,
    "archivos_fuente": [
      "Library/Containers/com.microsoft.Word/Data/Library/Application Support/Microsoft/Office/16.0/Document/Thumbnails/{798BC7F7-82AD-5B43-A8FD-7C6A4D4DE385}"
    ],
    "ultima_modificacion": "2025-08-01 01:01:55.838400"
  },
  "{5ff313f21c255d4ba87c209f41c6f256}": {
    "app_sintetizada": "{5FF313F21C255D4BA87C209F41C6F256}",
    "cantidad_archivos": 1,
    "archivos_fuente": [
      "Library/Containers/com.microsoft.Word/Data/Library/Application Support/Microsoft/Office/16.0/Document/Thumbnails/{5FF313F2-1C25-5D4B-A87C-209F41C6F256}"
    ],
    "ultima_modificacion": "2025-08-01 01:01:55.839365"
  },
  "{7f16ca6a8e31424d88f129e0a6d5567e}": {
    "app_sintetizada": "{7F16CA6A8E31424D88F129E0A6D5567E}",
    "cantidad_archivos": 1,
    "archivos_fuente": [
      "Library/Containers/com.microsoft.Word/Data/Library/Application Support/Microsoft/Office/16.0/Document/Thumbnails/{7F16CA6A-8E31-424D-88F1-29E0A6D5567E}"
    ],
    "ultima_modificacion": "2025-08-01 01:01:55.839742"
  },
  "{9850d90eb76bfb479a57e48e8fcd0d34}": {
    "app_sintetizada": "{9850D90EB76BFB479A57E48E8FCD0D34}",
    "cantidad_archivos": 1,
    "archivos_fuente": [
      "Library/Containers/com.microsoft.Word/Data/Library/Application Support/Microsoft/Office/16.0/Document/Thumbnails/{9850D90E-B76B-FB47-9A57-E48E8FCD0D34}"
    ],
    "ultima_modificacion": "2025-08-01 01:01:55.842995"
  },
  "{9b66949a54cfa74287ed6709b4782fab}": {
    "app_sintetizada": "{9B66949A54CFA74287ED6709B4782FAB}",
    "cantidad_archivos": 1,
    "archivos_fuente": [
      "Library/Containers/com.microsoft.Word/Data/Library/Application Support/Microsoft/Office/16.0/Document/Thumbnails/{9B66949A-54CF-A742-87ED-6709B4782FAB}"
    ],
    "ultima_modificacion": "2025-08-01 01:01:55.844391"
  },
  "{b00523beee7db745883ef06a913acb39}": {
    "app_sintetizada": "{B00523BEEE7DB745883EF06A913ACB39}",
    "cantidad_archivos": 1,
    "archivos_fuente": [
      "Library/Containers/com.microsoft.Word/Data/Library/Application Support/Microsoft/Office/16.0/Document/Thumbnails/{B00523BE-EE7D-B745-883E-F06A913ACB39}"
    ],
    "ultima_modificacion": "2025-08-01 01:01:55.844799"
  },
  "{aaa5836367818e4c8b0c0dc4bd7afe76}": {
    "app_sintetizada": "{AAA5836367818E4C8B0C0DC4BD7AFE76}",
    "cantidad_archivos": 1,
    "archivos_fuente": [
      "Library/Containers/com.microsoft.Word/Data/Library/Application Support/Microsoft/Office/16.0/Document/Thumbnails/{AAA58363-6781-8E4C-8B0C-0DC4BD7AFE76}"
    ],
    "ultima_modificacion": "2025-08-01 01:01:55.846648"
  },
  "{8c69360acb9f6d46b708f5e978b81c03}": {
    "app_sintetizada": "{8C69360ACB9F6D46B708F5E978B81C03}",
    "cantidad_archivos": 1,
    "archivos_fuente": [
      "Library/Containers/com.microsoft.Word/Data/Library/Application Support/Microsoft/Office/16.0/Document/Thumbnails/{8C69360A-CB9F-6D46-B708-F5E978B81C03}"
    ],
    "ultima_modificacion": "2025-08-01 01:01:55.847036"
  },
  "{ce39996d44ff9f4f8e4cd1c334f1ff60}": {
    "app_sintetizada": "{CE39996D44FF9F4F8E4CD1C334F1FF60}",
    "cantidad_archivos": 1,
    "archivos_fuente": [
      "Library/Containers/com.microsoft.Word/Data/Library/Application Support/Microsoft/Office/16.0/Document/Thumbnails/{CE39996D-44FF-9F4F-8E4C-D1C334F1FF60}"
    ],
    "ultima_modificacion": "2025-08-01 01:01:55.848970"
  },
  "{f0bb01b879bd0b4bacde2f1b0b1cfe0b}": {
    "app_sintetizada": "{F0BB01B879BD0B4BACDE2F1B0B1CFE0B}",
    "cantidad_archivos": 1,
    "archivos_fuente": [
      "Library/Containers/com.microsoft.Word/Data/Library/Application Support/Microsoft/Office/16.0/Document/Thumbnails/{F0BB01B8-79BD-0B4B-ACDE-2F1B0B1CFE0B}"
    ],
    "ultima_modificacion": "2025-08-01 01:01:55.849408"
  },
  "{38f343766a35be48a3084ccb45383255}": {
    "app_sintetizada": "{38F343766A35BE48A3084CCB45383255}",
    "cantidad_archivos": 1,
    "archivos_fuente": [
      "Library/Containers/com.microsoft.Word/Data/Library/Application Support/Microsoft/Office/16.0/Document/Thumbnails/{38F34376-6A35-BE48-A308-4CCB45383255}"
    ],
    "ultima_modificacion": "2025-08-01 01:01:55.851047"
  },
  "{ecbc3ef84759db4b992e8b355d54fc4c}": {
    "app_sintetizada": "{ECBC3EF84759DB4B992E8B355D54FC4C}",
    "cantidad_archivos": 1,
    "archivos_fuente": [
      "Library/Containers/com.microsoft.Word/Data/Library/Application Support/Microsoft/Office/16.0/Document/Thumbnails/{ECBC3EF8-4759-DB4B-992E-8B355D54FC4C}"
    ],
    "ultima_modificacion": "2025-08-01 01:01:55.851420"
  },
  "{a799f46aeff62e4a9613026906267f80}": {
    "app_sintetizada": "{A799F46AEFF62E4A9613026906267F80}",
    "cantidad_archivos": 1,
    "archivos_fuente": [
      "Library/Containers/com.microsoft.Word/Data/Library/Application Support/Microsoft/Office/16.0/Document/Thumbnails/{A799F46A-EFF6-2E4A-9613-026906267F80}"
    ],
    "ultima_modificacion": "2025-08-01 01:01:55.854868"
  },
  "{723499a534d9144aa62a88ea1e3a7785}": {
    "app_sintetizada": "{723499A534D9144AA62A88EA1E3A7785}",
    "cantidad_archivos": 1,
    "archivos_fuente": [
      "Library/Containers/com.microsoft.Word/Data/Library/Application Support/Microsoft/Office/16.0/Document/Thumbnails/{723499A5-34D9-144A-A62A-88EA1E3A7785}"
    ],
    "ultima_modificacion": "2025-08-01 01:01:55.855861"
  },
  "{18bfdc1e488f1145badee54f1573de8d}": {
    "app_sintetizada": "{18BFDC1E488F1145BADEE54F1573DE8D}",
    "cantidad_archivos": 1,
    "archivos_fuente": [
      "Library/Containers/com.microsoft.Word/Data/Library/Application Support/Microsoft/Office/16.0/Document/Thumbnails/{18BFDC1E-488F-1145-BADE-E54F1573DE8D}"
    ],
    "ultima_modificacion": "2025-08-01 01:01:55.856282"
  },
  "{dec36b9feb17d541bf94634edb726407}": {
    "app_sintetizada": "{DEC36B9FEB17D541BF94634EDB726407}",
    "cantidad_archivos": 1,
    "archivos_fuente": [
      "Library/Containers/com.microsoft.Word/Data/Library/Application Support/Microsoft/Office/16.0/Document/Thumbnails/{DEC36B9F-EB17-D541-BF94-634EDB726407}"
    ],
    "ultima_modificacion": "2025-08-01 01:01:55.856724"
  },
  "{86fac57415de2e40a8854e63e10c3e19}": {
    "app_sintetizada": "{86FAC57415DE2E40A8854E63E10C3E19}",
    "cantidad_archivos": 1,
    "archivos_fuente": [
      "Library/Containers/com.microsoft.Word/Data/Library/Application Support/Microsoft/Office/16.0/Document/Thumbnails/{86FAC574-15DE-2E40-A885-4E63E10C3E19}"
    ],
    "ultima_modificacion": "2025-08-01 01:01:55.857115"
  },
  "{0c732a71e9128848b93f0ae05a489018}": {
    "app_sintetizada": "{0C732A71E9128848B93F0AE05A489018}",
    "cantidad_archivos": 1,
    "archivos_fuente": [
      "Library/Containers/com.microsoft.Word/Data/Library/Application Support/Microsoft/Office/16.0/Document/Thumbnails/{0C732A71-E912-8848-B93F-0AE05A489018}"
    ],
    "ultima_modificacion": "2025-08-01 01:01:55.857511"
  },
  "{5e7202a305879c4290e0b894e72e629d}": {
    "app_sintetizada": "{5E7202A305879C4290E0B894E72E629D}",
    "cantidad_archivos": 1,
    "archivos_fuente": [
      "Library/Containers/com.microsoft.Word/Data/Library/Application Support/Microsoft/Office/16.0/Document/Thumbnails/{5E7202A3-0587-9C42-90E0-B894E72E629D}"
    ],
    "ultima_modificacion": "2025-08-01 01:01:55.857879"
  },
  "{ce4222c4d708cb45b0b4395662aba6fa}": {
    "app_sintetizada": "{CE4222C4D708CB45B0B4395662ABA6FA}",
    "cantidad_archivos": 1,
    "archivos_fuente": [
      "Library/Containers/com.microsoft.Word/Data/Library/Application Support/Microsoft/Office/16.0/Document/Thumbnails/{CE4222C4-D708-CB45-B0B4-395662ABA6FA}"
    ],
    "ultima_modificacion": "2025-08-01 01:01:55.858254"
  },
  "{67b4d744d445e2499ca69a14e2135f3d}": {
    "app_sintetizada": "{67B4D744D445E2499CA69A14E2135F3D}",
    "cantidad_archivos": 1,
    "archivos_fuente": [
      "Library/Containers/com.microsoft.Word/Data/Library/Application Support/Microsoft/Office/16.0/Document/Thumbnails/{67B4D744-D445-E249-9CA6-9A14E2135F3D}"
    ],
    "ultima_modificacion": "2025-08-01 01:01:55.858608"
  },
  "{c2780c06fdcd9343905c5e0883692858}": {
    "app_sintetizada": "{C2780C06FDCD9343905C5E0883692858}",
    "cantidad_archivos": 1,
    "archivos_fuente": [
      "Library/Containers/com.microsoft.Word/Data/Library/Application Support/Microsoft/Office/16.0/Document/Thumbnails/{C2780C06-FDCD-9343-905C-5E0883692858}"
    ],
    "ultima_modificacion": "2025-08-01 01:01:55.858979"
  },
  "{7b3e621577a05f438adff39992143ca2}": {
    "app_sintetizada": "{7B3E621577A05F438ADFF39992143CA2}",
    "cantidad_archivos": 1,
    "archivos_fuente": [
      "Library/Containers/com.microsoft.Word/Data/Library/Application Support/Microsoft/Office/16.0/Document/Thumbnails/{7B3E6215-77A0-5F43-8ADF-F39992143CA2}"
    ],
    "ultima_modificacion": "2025-08-01 01:01:55.859361"
  },
  "{576fbd0b4122c84baf968e4744d95313}": {
    "app_sintetizada": "{576FBD0B4122C84BAF968E4744D95313}",
    "cantidad_archivos": 1,
    "archivos_fuente": [
      "Library/Containers/com.microsoft.Word/Data/Library/Application Support/Microsoft/Office/16.0/Document/Thumbnails/{576FBD0B-4122-C84B-AF96-8E4744D95313}"
    ],
    "ultima_modificacion": "2025-08-01 01:01:55.859710"
  },
  "{85deb81fa3fa444faee89bd4d4f77892}": {
    "app_sintetizada": "{85DEB81FA3FA444FAEE89BD4D4F77892}",
    "cantidad_archivos": 1,
    "archivos_fuente": [
      "Library/Containers/com.microsoft.Word/Data/Library/Application Support/Microsoft/Office/16.0/Document/Thumbnails/{85DEB81F-A3FA-444F-AEE8-9BD4D4F77892}"
    ],
    "ultima_modificacion": "2025-08-01 01:01:55.860072"
  },
  "{f819ae4488447244b382485b9b78d20c}": {
    "app_sintetizada": "{F819AE4488447244B382485B9B78D20C}",
    "cantidad_archivos": 1,
    "archivos_fuente": [
      "Library/Containers/com.microsoft.Word/Data/Library/Application Support/Microsoft/Office/16.0/Document/Thumbnails/{F819AE44-8844-7244-B382-485B9B78D20C}"
    ],
    "ultima_modificacion": "2025-08-01 01:01:55.860392"
  },
  "{51735936bc80134fb55eb025fc8bd214}": {
    "app_sintetizada": "{51735936BC80134FB55EB025FC8BD214}",
    "cantidad_archivos": 1,
    "archivos_fuente": [
      "Library/Containers/com.microsoft.Word/Data/Library/Application Support/Microsoft/Office/16.0/Document/Thumbnails/{51735936-BC80-134F-B55E-B025FC8BD214}"
    ],
    "ultima_modificacion": "2025-08-01 01:01:55.860753"
  },
  "{88fd7f11c0b4a248bff9fb9fc88fddee}": {
    "app_sintetizada": "{88FD7F11C0B4A248BFF9FB9FC88FDDEE}",
    "cantidad_archivos": 1,
    "archivos_fuente": [
      "Library/Containers/com.microsoft.Word/Data/Library/Application Support/Microsoft/Office/16.0/Document/Thumbnails/{88FD7F11-C0B4-A248-BFF9-FB9FC88FDDEE}"
    ],
    "ultima_modificacion": "2025-08-01 01:01:55.861105"
  },
  "{ad3fa6ce59613e4e935f4f4cefb5b5ad}": {
    "app_sintetizada": "{AD3FA6CE59613E4E935F4F4CEFB5B5AD}",
    "cantidad_archivos": 1,
    "archivos_fuente": [
      "Library/Containers/com.microsoft.Word/Data/Library/Application Support/Microsoft/Office/16.0/Document/Thumbnails/{AD3FA6CE-5961-3E4E-935F-4F4CEFB5B5AD}"
    ],
    "ultima_modificacion": "2025-08-01 01:01:55.861517"
  },
  "{702a0400d3cacb498f2bdf1c07c80dc4}": {
    "app_sintetizada": "{702A0400D3CACB498F2BDF1C07C80DC4}",
    "cantidad_archivos": 1,
    "archivos_fuente": [
      "Library/Containers/com.microsoft.Word/Data/Library/Application Support/Microsoft/Office/16.0/Document/Thumbnails/{702A0400-D3CA-CB49-8F2B-DF1C07C80DC4}"
    ],
    "ultima_modificacion": "2025-08-01 01:01:55.861867"
  },
  "{66f832b3c9c00f4b83ced192a6b64aa3}": {
    "app_sintetizada": "{66F832B3C9C00F4B83CED192A6B64AA3}",
    "cantidad_archivos": 1,
    "archivos_fuente": [
      "Library/Containers/com.microsoft.Word/Data/Library/Application Support/Microsoft/Office/16.0/Document/Thumbnails/{66F832B3-C9C0-0F4B-83CE-D192A6B64AA3}"
    ],
    "ultima_modificacion": "2025-08-01 01:01:55.862218"
  },
  "{944a606c57c80e429b47f2ed06b4a1e7}": {
    "app_sintetizada": "{944A606C57C80E429B47F2ED06B4A1E7}",
    "cantidad_archivos": 1,
    "archivos_fuente": [
      "Library/Containers/com.microsoft.Word/Data/Library/Application Support/Microsoft/Office/16.0/Document/Thumbnails/{944A606C-57C8-0E42-9B47-F2ED06B4A1E7}"
    ],
    "ultima_modificacion": "2025-08-01 01:01:55.862557"
  },
  "{d3c0a61aea08014f9ae0f856bfdf6680}": {
    "app_sintetizada": "{D3C0A61AEA08014F9AE0F856BFDF6680}",
    "cantidad_archivos": 1,
    "archivos_fuente": [
      "Library/Containers/com.microsoft.Word/Data/Library/Application Support/Microsoft/Office/16.0/Document/Thumbnails/{D3C0A61A-EA08-014F-9AE0-F856BFDF6680}"
    ],
    "ultima_modificacion": "2025-08-01 01:01:55.862859"
  },
  "{d3692a105462a7469e4300ae66a5a4f1}": {
    "app_sintetizada": "{D3692A105462A7469E4300AE66A5A4F1}",
    "cantidad_archivos": 1,
    "archivos_fuente": [
      "Library/Containers/com.microsoft.Word/Data/Library/Application Support/Microsoft/Office/16.0/Document/Thumbnails/{D3692A10-5462-A746-9E43-00AE66A5A4F1}"
    ],
    "ultima_modificacion": "2025-08-01 01:01:55.863216"
  },
  "{acb28a7027ffe64783697bc3017f5ea1}": {
    "app_sintetizada": "{ACB28A7027FFE64783697BC3017F5EA1}",
    "cantidad_archivos": 1,
    "archivos_fuente": [
      "Library/Containers/com.microsoft.Word/Data/Library/Application Support/Microsoft/Office/16.0/Document/Thumbnails/{ACB28A70-27FF-E647-8369-7BC3017F5EA1}"
    ],
    "ultima_modificacion": "2025-08-01 01:01:55.863542"
  },
  "{8a0e371c1656e7468693f091f35e77df}": {
    "app_sintetizada": "{8A0E371C1656E7468693F091F35E77DF}",
    "cantidad_archivos": 1,
    "archivos_fuente": [
      "Library/Containers/com.microsoft.Word/Data/Library/Application Support/Microsoft/Office/16.0/Document/Thumbnails/{8A0E371C-1656-E746-8693-F091F35E77DF}"
    ],
    "ultima_modificacion": "2025-08-01 01:01:55.863885"
  },
  "{03b4e6419ee7ca419499b99470616411}": {
    "app_sintetizada": "{03B4E6419EE7CA419499B99470616411}",
    "cantidad_archivos": 1,
    "archivos_fuente": [
      "Library/Containers/com.microsoft.Word/Data/Library/Application Support/Microsoft/Office/16.0/Document/Thumbnails/{03B4E641-9EE7-CA41-9499-B99470616411}"
    ],
    "ultima_modificacion": "2025-08-01 01:01:55.864237"
  },
  "{4d7e85ba8e1c494386945bca48124338}": {
    "app_sintetizada": "{4D7E85BA8E1C494386945BCA48124338}",
    "cantidad_archivos": 1,
    "archivos_fuente": [
      "Library/Containers/com.microsoft.Word/Data/Library/Application Support/Microsoft/Office/16.0/Document/Thumbnails/{4D7E85BA-8E1C-4943-8694-5BCA48124338}"
    ],
    "ultima_modificacion": "2025-08-01 01:01:55.864544"
  },
  "{0166bf7c6d3267489c6ad7150a2d7b3f}": {
    "app_sintetizada": "{0166BF7C6D3267489C6AD7150A2D7B3F}",
    "cantidad_archivos": 1,
    "archivos_fuente": [
      "Library/Containers/com.microsoft.Word/Data/Library/Application Support/Microsoft/Office/16.0/Document/Thumbnails/{0166BF7C-6D32-6748-9C6A-D7150A2D7B3F}"
    ],
    "ultima_modificacion": "2025-08-01 01:01:55.864776"
  },
  "{a1e789d06accba4fa52fdc6bf783573a}": {
    "app_sintetizada": "{A1E789D06ACCBA4FA52FDC6BF783573A}",
    "cantidad_archivos": 1,
    "archivos_fuente": [
      "Library/Containers/com.microsoft.Word/Data/Library/Application Support/Microsoft/Office/16.0/Document/Thumbnails/{A1E789D0-6ACC-BA4F-A52F-DC6BF783573A}"
    ],
    "ultima_modificacion": "2025-08-01 01:01:55.865323"
  },
  "{3577808ec682654fa16c92a185cdb06a}": {
    "app_sintetizada": "{3577808EC682654FA16C92A185CDB06A}",
    "cantidad_archivos": 1,
    "archivos_fuente": [
      "Library/Containers/com.microsoft.Word/Data/Library/Application Support/Microsoft/Office/16.0/Document/Thumbnails/{3577808E-C682-654F-A16C-92A185CDB06A}"
    ],
    "ultima_modificacion": "2025-08-01 01:01:55.866300"
  },
  "{ea9da25aa11e2c4ab7f9eddf3b5f220e}": {
    "app_sintetizada": "{EA9DA25AA11E2C4AB7F9EDDF3B5F220E}",
    "cantidad_archivos": 1,
    "archivos_fuente": [
      "Library/Containers/com.microsoft.Word/Data/Library/Application Support/Microsoft/Office/16.0/Document/Thumbnails/{EA9DA25A-A11E-2C4A-B7F9-EDDF3B5F220E}"
    ],
    "ultima_modificacion": "2025-08-01 01:01:55.866681"
  },
  "{7afb8ee06bbef941b8844ee8835ba381}": {
    "app_sintetizada": "{7AFB8EE06BBEF941B8844EE8835BA381}",
    "cantidad_archivos": 1,
    "archivos_fuente": [
      "Library/Containers/com.microsoft.Word/Data/Library/Application Support/Microsoft/Office/16.0/Document/Thumbnails/{7AFB8EE0-6BBE-F941-B884-4EE8835BA381}"
    ],
    "ultima_modificacion": "2025-08-01 01:01:55.867055"
  },
  "{09d960e508119b408cf548cdca64bbcc}": {
    "app_sintetizada": "{09D960E508119B408CF548CDCA64BBCC}",
    "cantidad_archivos": 1,
    "archivos_fuente": [
      "Library/Containers/com.microsoft.Word/Data/Library/Application Support/Microsoft/Office/16.0/Document/Thumbnails/{09D960E5-0811-9B40-8CF5-48CDCA64BBCC}"
    ],
    "ultima_modificacion": "2025-08-01 01:01:55.867546"
  },
  "{ec5e192e6e4fc142920b46e9ca3f2087}": {
    "app_sintetizada": "{EC5E192E6E4FC142920B46E9CA3F2087}",
    "cantidad_archivos": 1,
    "archivos_fuente": [
      "Library/Containers/com.microsoft.Word/Data/Library/Application Support/Microsoft/Office/16.0/Document/Thumbnails/{EC5E192E-6E4F-C142-920B-46E9CA3F2087}"
    ],
    "ultima_modificacion": "2025-08-01 01:01:55.867972"
  },
  "{4ea85d9958ecb74bbbc4f04dad1ba69d}": {
    "app_sintetizada": "{4EA85D9958ECB74BBBC4F04DAD1BA69D}",
    "cantidad_archivos": 1,
    "archivos_fuente": [
      "Library/Containers/com.microsoft.Word/Data/Library/Application Support/Microsoft/Office/16.0/Document/Thumbnails/{4EA85D99-58EC-B74B-BBC4-F04DAD1BA69D}"
    ],
    "ultima_modificacion": "2025-08-01 01:01:55.868527"
  },
  "{750750c1f4e7ee48a4aa5abc3dd46721}": {
    "app_sintetizada": "{750750C1F4E7EE48A4AA5ABC3DD46721}",
    "cantidad_archivos": 1,
    "archivos_fuente": [
      "Library/Containers/com.microsoft.Word/Data/Library/Application Support/Microsoft/Office/16.0/Document/Thumbnails/{750750C1-F4E7-EE48-A4AA-5ABC3DD46721}"
    ],
    "ultima_modificacion": "2025-08-01 01:01:55.868841"
  },
  "{79758f5a0542db4d85dd0e4adb7b76fd}": {
    "app_sintetizada": "{79758F5A0542DB4D85DD0E4ADB7B76FD}",
    "cantidad_archivos": 1,
    "archivos_fuente": [
      "Library/Containers/com.microsoft.Word/Data/Library/Application Support/Microsoft/Office/16.0/Document/Thumbnails/{79758F5A-0542-DB4D-85DD-0E4ADB7B76FD}"
    ],
    "ultima_modificacion": "2025-08-01 01:01:55.869222"
  },
  "{6de275ff172e17468060c9ccbcfb206b}": {
    "app_sintetizada": "{6DE275FF172E17468060C9CCBCFB206B}",
    "cantidad_archivos": 1,
    "archivos_fuente": [
      "Library/Containers/com.microsoft.Word/Data/Library/Application Support/Microsoft/Office/16.0/Document/Thumbnails/{6DE275FF-172E-1746-8060-C9CCBCFB206B}"
    ],
    "ultima_modificacion": "2025-08-01 01:01:55.869533"
  },
  "{a8a42fc3cb904043ac975bcf9d151e50}": {
    "app_sintetizada": "{A8A42FC3CB904043AC975BCF9D151E50}",
    "cantidad_archivos": 1,
    "archivos_fuente": [
      "Library/Containers/com.microsoft.Word/Data/Library/Application Support/Microsoft/Office/16.0/Document/Thumbnails/{A8A42FC3-CB90-4043-AC97-5BCF9D151E50}"
    ],
    "ultima_modificacion": "2025-08-01 01:01:55.869916"
  },
  "{a655373152305d40809770f67d01dc95}": {
    "app_sintetizada": "{A655373152305D40809770F67D01DC95}",
    "cantidad_archivos": 1,
    "archivos_fuente": [
      "Library/Containers/com.microsoft.Word/Data/Library/Application Support/Microsoft/Office/16.0/Document/Thumbnails/{A6553731-5230-5D40-8097-70F67D01DC95}"
    ],
    "ultima_modificacion": "2025-08-01 01:01:55.870296"
  },
  "{6288cd7528676a4a85788b8b6ea0a801}": {
    "app_sintetizada": "{6288CD7528676A4A85788B8B6EA0A801}",
    "cantidad_archivos": 1,
    "archivos_fuente": [
      "Library/Containers/com.microsoft.Word/Data/Library/Application Support/Microsoft/Office/16.0/Document/Thumbnails/{6288CD75-2867-6A4A-8578-8B8B6EA0A801}"
    ],
    "ultima_modificacion": "2025-08-01 01:01:55.870674"
  },
  "{fc69cded4c89e64f90a78b8365095b07}": {
    "app_sintetizada": "{FC69CDED4C89E64F90A78B8365095B07}",
    "cantidad_archivos": 1,
    "archivos_fuente": [
      "Library/Containers/com.microsoft.Word/Data/Library/Application Support/Microsoft/Office/16.0/Document/Thumbnails/{FC69CDED-4C89-E64F-90A7-8B8365095B07}"
    ],
    "ultima_modificacion": "2025-08-01 01:01:55.871153"
  },
  "{dc3edfe2d2cc504fa0ea655b39ffae63}": {
    "app_sintetizada": "{DC3EDFE2D2CC504FA0EA655B39FFAE63}",
    "cantidad_archivos": 1,
    "archivos_fuente": [
      "Library/Containers/com.microsoft.Word/Data/Library/Application Support/Microsoft/Office/16.0/Document/Thumbnails/{DC3EDFE2-D2CC-504F-A0EA-655B39FFAE63}"
    ],
    "ultima_modificacion": "2025-08-01 01:01:55.871549"
  },
  "{e2f475d549a0f84d962c272745cc218a}": {
    "app_sintetizada": "{E2F475D549A0F84D962C272745CC218A}",
    "cantidad_archivos": 1,
    "archivos_fuente": [
      "Library/Containers/com.microsoft.Word/Data/Library/Application Support/Microsoft/Office/16.0/Document/Thumbnails/{E2F475D5-49A0-F84D-962C-272745CC218A}"
    ],
    "ultima_modificacion": "2025-08-01 01:01:55.871882"
  },
  "{ed6d93d1fa13584682721b9d0b306c6d}": {
    "app_sintetizada": "{ED6D93D1FA13584682721B9D0B306C6D}",
    "cantidad_archivos": 1,
    "archivos_fuente": [
      "Library/Containers/com.microsoft.Word/Data/Library/Application Support/Microsoft/Office/16.0/Document/Thumbnails/{ED6D93D1-FA13-5846-8272-1B9D0B306C6D}"
    ],
    "ultima_modificacion": "2025-08-01 01:01:55.872301"
  },
  "{b7c978de2226954f858541ec74cafbec}": {
    "app_sintetizada": "{B7C978DE2226954F858541EC74CAFBEC}",
    "cantidad_archivos": 1,
    "archivos_fuente": [
      "Library/Containers/com.microsoft.Word/Data/Library/Application Support/Microsoft/Office/16.0/Document/Thumbnails/{B7C978DE-2226-954F-8585-41EC74CAFBEC}"
    ],
    "ultima_modificacion": "2025-08-01 01:01:55.872737"
  },
  "{c6ac3ce10068e5438763e86c9f462cf4}": {
    "app_sintetizada": "{C6AC3CE10068E5438763E86C9F462CF4}",
    "cantidad_archivos": 1,
    "archivos_fuente": [
      "Library/Containers/com.microsoft.Word/Data/Library/Application Support/Microsoft/Office/16.0/Document/Thumbnails/{C6AC3CE1-0068-E543-8763-E86C9F462CF4}"
    ],
    "ultima_modificacion": "2025-08-01 01:01:55.873080"
  },
  "{fc5cacd5fe6a6146821e8768aa4e38db}": {
    "app_sintetizada": "{FC5CACD5FE6A6146821E8768AA4E38DB}",
    "cantidad_archivos": 1,
    "archivos_fuente": [
      "Library/Containers/com.microsoft.Word/Data/Library/Application Support/Microsoft/Office/16.0/Document/Thumbnails/{FC5CACD5-FE6A-6146-821E-8768AA4E38DB}"
    ],
    "ultima_modificacion": "2025-08-01 01:01:55.873396"
  },
  "{490da3a033f3854eaba66ec04dc6af0b}": {
    "app_sintetizada": "{490DA3A033F3854EABA66EC04DC6AF0B}",
    "cantidad_archivos": 1,
    "archivos_fuente": [
      "Library/Containers/com.microsoft.Word/Data/Library/Application Support/Microsoft/Office/16.0/Document/Thumbnails/{490DA3A0-33F3-854E-ABA6-6EC04DC6AF0B}"
    ],
    "ultima_modificacion": "2025-08-01 01:01:55.873724"
  },
  "{3c838a1b9808dd4fb7bb5547170debae}": {
    "app_sintetizada": "{3C838A1B9808DD4FB7BB5547170DEBAE}",
    "cantidad_archivos": 1,
    "archivos_fuente": [
      "Library/Containers/com.microsoft.Word/Data/Library/Application Support/Microsoft/Office/16.0/Document/Thumbnails/{3C838A1B-9808-DD4F-B7BB-5547170DEBAE}"
    ],
    "ultima_modificacion": "2025-08-01 01:01:55.874073"
  },
  "{ced206d839e27c488ada7d15aded9386}": {
    "app_sintetizada": "{CED206D839E27C488ADA7D15ADED9386}",
    "cantidad_archivos": 1,
    "archivos_fuente": [
      "Library/Containers/com.microsoft.Word/Data/Library/Application Support/Microsoft/Office/16.0/Document/Thumbnails/{CED206D8-39E2-7C48-8ADA-7D15ADED9386}"
    ],
    "ultima_modificacion": "2025-08-01 01:01:55.874363"
  },
  "{1043e39d64fb5f4a8abee1470204d75a}": {
    "app_sintetizada": "{1043E39D64FB5F4A8ABEE1470204D75A}",
    "cantidad_archivos": 1,
    "archivos_fuente": [
      "Library/Containers/com.microsoft.Word/Data/Library/Application Support/Microsoft/Office/16.0/Document/Thumbnails/{1043E39D-64FB-5F4A-8ABE-E1470204D75A}"
    ],
    "ultima_modificacion": "2025-08-01 01:01:55.874670"
  },
  "{8f9dc0ab1ca2294b81e9ce2f9424101a}": {
    "app_sintetizada": "{8F9DC0AB1CA2294B81E9CE2F9424101A}",
    "cantidad_archivos": 1,
    "archivos_fuente": [
      "Library/Containers/com.microsoft.Word/Data/Library/Application Support/Microsoft/Office/16.0/Document/Thumbnails/{8F9DC0AB-1CA2-294B-81E9-CE2F9424101A}"
    ],
    "ultima_modificacion": "2025-08-01 01:01:55.874951"
  },
  "{a92dbf2fc007fb4fb1bf71a85198f9da}": {
    "app_sintetizada": "{A92DBF2FC007FB4FB1BF71A85198F9DA}",
    "cantidad_archivos": 1,
    "archivos_fuente": [
      "Library/Containers/com.microsoft.Word/Data/Library/Application Support/Microsoft/Office/16.0/Document/Thumbnails/{A92DBF2F-C007-FB4F-B1BF-71A85198F9DA}"
    ],
    "ultima_modificacion": "2025-08-01 01:01:55.875370"
  },
  "{92cc4682674a14448f237840f98edb68}": {
    "app_sintetizada": "{92CC4682674A14448F237840F98EDB68}",
    "cantidad_archivos": 1,
    "archivos_fuente": [
      "Library/Containers/com.microsoft.Word/Data/Library/Application Support/Microsoft/Office/16.0/Document/Thumbnails/{92CC4682-674A-1444-8F23-7840F98EDB68}"
    ],
    "ultima_modificacion": "2025-08-01 01:01:55.875690"
  },
  "{772b8636d9cf37479968d6af158485dd}": {
    "app_sintetizada": "{772B8636D9CF37479968D6AF158485DD}",
    "cantidad_archivos": 1,
    "archivos_fuente": [
      "Library/Containers/com.microsoft.Word/Data/Library/Application Support/Microsoft/Office/16.0/Document/Thumbnails/{772B8636-D9CF-3747-9968-D6AF158485DD}"
    ],
    "ultima_modificacion": "2025-08-01 01:01:55.876004"
  },
  "{5ad205c44898064e9a7d7220f0378875}": {
    "app_sintetizada": "{5AD205C44898064E9A7D7220F0378875}",
    "cantidad_archivos": 1,
    "archivos_fuente": [
      "Library/Containers/com.microsoft.Word/Data/Library/Application Support/Microsoft/Office/16.0/Document/Thumbnails/{5AD205C4-4898-064E-9A7D-7220F0378875}"
    ],
    "ultima_modificacion": "2025-08-01 01:01:55.876280"
  },
  "{95464c01741e5347b7dcb19799dec99a}": {
    "app_sintetizada": "{95464C01741E5347B7DCB19799DEC99A}",
    "cantidad_archivos": 1,
    "archivos_fuente": [
      "Library/Containers/com.microsoft.Word/Data/Library/Application Support/Microsoft/Office/16.0/Document/Thumbnails/{95464C01-741E-5347-B7DC-B19799DEC99A}"
    ],
    "ultima_modificacion": "2025-08-01 01:01:55.876567"
  },
  "{ae0d682073245849b74efc443fe96f23}": {
    "app_sintetizada": "{AE0D682073245849B74EFC443FE96F23}",
    "cantidad_archivos": 1,
    "archivos_fuente": [
      "Library/Containers/com.microsoft.Word/Data/Library/Application Support/Microsoft/Office/16.0/Document/Thumbnails/{AE0D6820-7324-5849-B74E-FC443FE96F23}"
    ],
    "ultima_modificacion": "2025-08-01 01:01:55.876864"
  },
  "{e2acbc9183a9174782bb2be05916ed27}": {
    "app_sintetizada": "{E2ACBC9183A9174782BB2BE05916ED27}",
    "cantidad_archivos": 1,
    "archivos_fuente": [
      "Library/Containers/com.microsoft.Word/Data/Library/Application Support/Microsoft/Office/16.0/Document/Thumbnails/{E2ACBC91-83A9-1747-82BB-2BE05916ED27}"
    ],
    "ultima_modificacion": "2025-08-01 01:01:55.877129"
  },
  "{387c9f6c04c5a943981955598d33e138}": {
    "app_sintetizada": "{387C9F6C04C5A943981955598D33E138}",
    "cantidad_archivos": 1,
    "archivos_fuente": [
      "Library/Containers/com.microsoft.Word/Data/Library/Application Support/Microsoft/Office/16.0/Document/Thumbnails/{387C9F6C-04C5-A943-9819-55598D33E138}"
    ],
    "ultima_modificacion": "2025-08-01 01:01:55.877385"
  },
  "{0a55199d063d9a4582fb6470ee5e0e7c}": {
    "app_sintetizada": "{0A55199D063D9A4582FB6470EE5E0E7C}",
    "cantidad_archivos": 1,
    "archivos_fuente": [
      "Library/Containers/com.microsoft.Word/Data/Library/Application Support/Microsoft/Office/16.0/Document/Thumbnails/{0A55199D-063D-9A45-82FB-6470EE5E0E7C}"
    ],
    "ultima_modificacion": "2025-08-01 01:01:55.877750"
  },
  "{0e158b91f613fb4eafb0aeb91ebaab0f}": {
    "app_sintetizada": "{0E158B91F613FB4EAFB0AEB91EBAAB0F}",
    "cantidad_archivos": 1,
    "archivos_fuente": [
      "Library/Containers/com.microsoft.Word/Data/Library/Application Support/Microsoft/Office/16.0/Document/Thumbnails/{0E158B91-F613-FB4E-AFB0-AEB91EBAAB0F}"
    ],
    "ultima_modificacion": "2025-08-01 01:01:55.877985"
  },
  "{8625937fd694fe4d850a93c34ba766f7}": {
    "app_sintetizada": "{8625937FD694FE4D850A93C34BA766F7}",
    "cantidad_archivos": 1,
    "archivos_fuente": [
      "Library/Containers/com.microsoft.Word/Data/Library/Application Support/Microsoft/Office/16.0/Document/Thumbnails/{8625937F-D694-FE4D-850A-93C34BA766F7}"
    ],
    "ultima_modificacion": "2025-08-01 01:01:55.878208"
  },
  "{97a19b15ef49c54aa0d7d64a81101b98}": {
    "app_sintetizada": "{97A19B15EF49C54AA0D7D64A81101B98}",
    "cantidad_archivos": 1,
    "archivos_fuente": [
      "Library/Containers/com.microsoft.Word/Data/Library/Application Support/Microsoft/Office/16.0/Document/Thumbnails/{97A19B15-EF49-C54A-A0D7-D64A81101B98}"
    ],
    "ultima_modificacion": "2025-08-01 01:01:55.878413"
  },
  "{2e3aa209281f3e42b9d9f9df3065b321}": {
    "app_sintetizada": "{2E3AA209281F3E42B9D9F9DF3065B321}",
    "cantidad_archivos": 1,
    "archivos_fuente": [
      "Library/Containers/com.microsoft.Word/Data/Library/Application Support/Microsoft/Office/16.0/Document/Thumbnails/{2E3AA209-281F-3E42-B9D9-F9DF3065B321}"
    ],
    "ultima_modificacion": "2025-08-01 01:01:55.878728"
  },
  "{b473dbf058b43743b850aad092909ed3}": {
    "app_sintetizada": "{B473DBF058B43743B850AAD092909ED3}",
    "cantidad_archivos": 1,
    "archivos_fuente": [
      "Library/Containers/com.microsoft.Word/Data/Library/Application Support/Microsoft/Office/16.0/Document/Thumbnails/{B473DBF0-58B4-3743-B850-AAD092909ED3}"
    ],
    "ultima_modificacion": "2025-08-01 01:01:55.879046"
  },
  "{fca7063d4b0bce4bb9acd59d3f250acd}": {
    "app_sintetizada": "{FCA7063D4B0BCE4BB9ACD59D3F250ACD}",
    "cantidad_archivos": 1,
    "archivos_fuente": [
      "Library/Containers/com.microsoft.Word/Data/Library/Application Support/Microsoft/Office/16.0/Document/Thumbnails/{FCA7063D-4B0B-CE4B-B9AC-D59D3F250ACD}"
    ],
    "ultima_modificacion": "2025-08-01 01:01:55.879350"
  },
  "{568aeeb35f3f7b4ab9437c336908250e}": {
    "app_sintetizada": "{568AEEB35F3F7B4AB9437C336908250E}",
    "cantidad_archivos": 1,
    "archivos_fuente": [
      "Library/Containers/com.microsoft.Word/Data/Library/Application Support/Microsoft/Office/16.0/Document/Thumbnails/{568AEEB3-5F3F-7B4A-B943-7C336908250E}"
    ],
    "ultima_modificacion": "2025-08-01 01:01:55.879615"
  },
  "{633ca96e283f85418795c0b6b5079f94}": {
    "app_sintetizada": "{633CA96E283F85418795C0B6B5079F94}",
    "cantidad_archivos": 1,
    "archivos_fuente": [
      "Library/Containers/com.microsoft.Word/Data/Library/Application Support/Microsoft/Office/16.0/Document/Thumbnails/{633CA96E-283F-8541-8795-C0B6B5079F94}"
    ],
    "ultima_modificacion": "2025-08-01 01:01:55.879980"
  },
  "{d4e27764aec03446884e55b816e297e4}": {
    "app_sintetizada": "{D4E27764AEC03446884E55B816E297E4}",
    "cantidad_archivos": 1,
    "archivos_fuente": [
      "Library/Containers/com.microsoft.Word/Data/Library/Application Support/Microsoft/Office/16.0/Document/Thumbnails/{D4E27764-AEC0-3446-884E-55B816E297E4}"
    ],
    "ultima_modificacion": "2025-08-01 01:01:55.880326"
  },
  "{f0a1e5569c9ae74aae301c5b08d47fda}": {
    "app_sintetizada": "{F0A1E5569C9AE74AAE301C5B08D47FDA}",
    "cantidad_archivos": 1,
    "archivos_fuente": [
      "Library/Containers/com.microsoft.Word/Data/Library/Application Support/Microsoft/Office/16.0/Document/Thumbnails/{F0A1E556-9C9A-E74A-AE30-1C5B08D47FDA}"
    ],
    "ultima_modificacion": "2025-08-01 01:01:55.880604"
  },
  "{0aaa3079de955344b2cb200547cc8c21}": {
    "app_sintetizada": "{0AAA3079DE955344B2CB200547CC8C21}",
    "cantidad_archivos": 1,
    "archivos_fuente": [
      "Library/Containers/com.microsoft.Word/Data/Library/Application Support/Microsoft/Office/16.0/Document/Thumbnails/{0AAA3079-DE95-5344-B2CB-200547CC8C21}"
    ],
    "ultima_modificacion": "2025-08-01 01:01:55.880859"
  },
  "{083e62545906f24cb24d295a82430692}": {
    "app_sintetizada": "{083E62545906F24CB24D295A82430692}",
    "cantidad_archivos": 1,
    "archivos_fuente": [
      "Library/Containers/com.microsoft.Word/Data/Library/Application Support/Microsoft/Office/16.0/Document/Thumbnails/{083E6254-5906-F24C-B24D-295A82430692}"
    ],
    "ultima_modificacion": "2025-08-01 01:01:55.881221"
  },
  "{d499e01e78281646b3b56b26e07c8bbd}": {
    "app_sintetizada": "{D499E01E78281646B3B56B26E07C8BBD}",
    "cantidad_archivos": 1,
    "archivos_fuente": [
      "Library/Containers/com.microsoft.Word/Data/Library/Application Support/Microsoft/Office/16.0/Document/Thumbnails/{D499E01E-7828-1646-B3B5-6B26E07C8BBD}"
    ],
    "ultima_modificacion": "2025-08-01 01:01:55.881473"
  },
  "{7151248e7903164f89032ec71708a9ef}": {
    "app_sintetizada": "{7151248E7903164F89032EC71708A9EF}",
    "cantidad_archivos": 1,
    "archivos_fuente": [
      "Library/Containers/com.microsoft.Word/Data/Library/Application Support/Microsoft/Office/16.0/Document/Thumbnails/{7151248E-7903-164F-8903-2EC71708A9EF}"
    ],
    "ultima_modificacion": "2025-08-01 01:01:55.881773"
  },
  "{f54c72f2e27721449f82fab0cbcda5c1}": {
    "app_sintetizada": "{F54C72F2E27721449F82FAB0CBCDA5C1}",
    "cantidad_archivos": 1,
    "archivos_fuente": [
      "Library/Containers/com.microsoft.Word/Data/Library/Application Support/Microsoft/Office/16.0/Document/Thumbnails/{F54C72F2-E277-2144-9F82-FAB0CBCDA5C1}"
    ],
    "ultima_modificacion": "2025-08-01 01:01:55.882046"
  },
  "{6603f2d6b085074e9de2950682359371}": {
    "app_sintetizada": "{6603F2D6B085074E9DE2950682359371}",
    "cantidad_archivos": 1,
    "archivos_fuente": [
      "Library/Containers/com.microsoft.Word/Data/Library/Application Support/Microsoft/Office/16.0/Document/Thumbnails/{6603F2D6-B085-074E-9DE2-950682359371}"
    ],
    "ultima_modificacion": "2025-08-01 01:01:55.882306"
  },
  "{86bbdd4bcc26b64db73b57eb81b1ed67}": {
    "app_sintetizada": "{86BBDD4BCC26B64DB73B57EB81B1ED67}",
    "cantidad_archivos": 1,
    "archivos_fuente": [
      "Library/Containers/com.microsoft.Word/Data/Library/Application Support/Microsoft/Office/16.0/Document/Thumbnails/{86BBDD4B-CC26-B64D-B73B-57EB81B1ED67}"
    ],
    "ultima_modificacion": "2025-08-01 01:01:55.882600"
  },
  "{81a321e153561942bf1ec5976972f699}": {
    "app_sintetizada": "{81A321E153561942BF1EC5976972F699}",
    "cantidad_archivos": 1,
    "archivos_fuente": [
      "Library/Containers/com.microsoft.Word/Data/Library/Application Support/Microsoft/Office/16.0/Document/Thumbnails/{81A321E1-5356-1942-BF1E-C5976972F699}"
    ],
    "ultima_modificacion": "2025-08-01 01:01:55.882819"
  },
  "{85b4b52aeae37345a7b4d364101f7a7d}": {
    "app_sintetizada": "{85B4B52AEAE37345A7B4D364101F7A7D}",
    "cantidad_archivos": 1,
    "archivos_fuente": [
      "Library/Containers/com.microsoft.Word/Data/Library/Application Support/Microsoft/Office/16.0/Document/Thumbnails/{85B4B52A-EAE3-7345-A7B4-D364101F7A7D}"
    ],
    "ultima_modificacion": "2025-08-01 01:01:55.883016"
  },
  "{42a54cd8fcf72f4e8b731dabfc2164e7}": {
    "app_sintetizada": "{42A54CD8FCF72F4E8B731DABFC2164E7}",
    "cantidad_archivos": 1,
    "archivos_fuente": [
      "Library/Containers/com.microsoft.Word/Data/Library/Application Support/Microsoft/Office/16.0/Document/Thumbnails/{42A54CD8-FCF7-2F4E-8B73-1DABFC2164E7}"
    ],
    "ultima_modificacion": "2025-08-01 01:01:55.883207"
  },
  "{8da3ea24c6f93f439ec57ce33b924098}": {
    "app_sintetizada": "{8DA3EA24C6F93F439EC57CE33B924098}",
    "cantidad_archivos": 1,
    "archivos_fuente": [
      "Library/Containers/com.microsoft.Word/Data/Library/Application Support/Microsoft/Office/16.0/Document/Thumbnails/{8DA3EA24-C6F9-3F43-9EC5-7CE33B924098}"
    ],
    "ultima_modificacion": "2025-08-01 01:01:55.883396"
  },
  "{a0128e6ec5924e46adefb9100ced5044}": {
    "app_sintetizada": "{A0128E6EC5924E46ADEFB9100CED5044}",
    "cantidad_archivos": 1,
    "archivos_fuente": [
      "Library/Containers/com.microsoft.Word/Data/Library/Application Support/Microsoft/Office/16.0/Document/Thumbnails/{A0128E6E-C592-4E46-ADEF-B9100CED5044}"
    ],
    "ultima_modificacion": "2025-08-01 01:01:55.883609"
  },
  "{b1255b751368b34596d5eb42f4336a72}": {
    "app_sintetizada": "{B1255B751368B34596D5EB42F4336A72}",
    "cantidad_archivos": 1,
    "archivos_fuente": [
      "Library/Containers/com.microsoft.Word/Data/Library/Application Support/Microsoft/Office/16.0/Document/Thumbnails/{B1255B75-1368-B345-96D5-EB42F4336A72}"
    ],
    "ultima_modificacion": "2025-08-01 01:01:55.883796"
  },
  "{2becf64884c7544dbe1ddfedda601595}": {
    "app_sintetizada": "{2BECF64884C7544DBE1DDFEDDA601595}",
    "cantidad_archivos": 1,
    "archivos_fuente": [
      "Library/Containers/com.microsoft.Word/Data/Library/Application Support/Microsoft/Office/16.0/Document/Thumbnails/{2BECF648-84C7-544D-BE1D-DFEDDA601595}"
    ],
    "ultima_modificacion": "2025-08-01 01:01:55.883989"
  },
  "{e09b4558b014d54982834e0c5d1342f9}": {
    "app_sintetizada": "{E09B4558B014D54982834E0C5D1342F9}",
    "cantidad_archivos": 1,
    "archivos_fuente": [
      "Library/Containers/com.microsoft.Word/Data/Library/Application Support/Microsoft/Office/16.0/Document/Thumbnails/{E09B4558-B014-D549-8283-4E0C5D1342F9}"
    ],
    "ultima_modificacion": "2025-08-01 01:01:55.884220"
  },
  "{85a8c9a5ef5c284c819de22a54c800c8}": {
    "app_sintetizada": "{85A8C9A5EF5C284C819DE22A54C800C8}",
    "cantidad_archivos": 1,
    "archivos_fuente": [
      "Library/Containers/com.microsoft.Word/Data/Library/Application Support/Microsoft/Office/16.0/Document/Thumbnails/{85A8C9A5-EF5C-284C-819D-E22A54C800C8}"
    ],
    "ultima_modificacion": "2025-08-01 01:01:55.884520"
  },
  "{f359fc61a9015546a0a3a719cdf47431}": {
    "app_sintetizada": "{F359FC61A9015546A0A3A719CDF47431}",
    "cantidad_archivos": 1,
    "archivos_fuente": [
      "Library/Containers/com.microsoft.Word/Data/Library/Application Support/Microsoft/Office/16.0/Document/Thumbnails/{F359FC61-A901-5546-A0A3-A719CDF47431}"
    ],
    "ultima_modificacion": "2025-08-01 01:01:55.884815"
  }
}