{
  "~wrs{ca29c24dd4966a4cbf5c48d72eb298a5}": {
    "app_sintetizada": "~WRS{CA29C24DD4966A4CBF5C48D72EB298A5}",
    "cantidad_archivos": 1,
    "archivos_fuente": [
      "Library/Containers/com.microsoft.Word/Data/Library/Application Support/Microsoft/Temp/~WRS{CA29C24D-D496-6A4C-BF5C-48D72EB298A5}"
    ],
    "ultima_modificacion": "2025-08-01 01:01:54.554535"
  },
  "~wrs{765fb43becc4bd4eafa061c130a48de9}": {
    "app_sintetizada": "~WRS{765FB43BECC4BD4EAFA061C130A48DE9}",
    "cantidad_archivos": 1,
    "archivos_fuente": [
      "Library/Containers/com.microsoft.Word/Data/Library/Application Support/Microsoft/Temp/~WRS{765FB43B-ECC4-BD4E-AFA0-61C130A48DE9}"
    ],
    "ultima_modificacion": "2025-08-01 01:01:54.554866"
  },
  "~wrs{ed1ac63dfe524742815e22b1fd806553}": {
    "app_sintetizada": "~WRS{ED1AC63DFE524742815E22B1FD806553}",
    "cantidad_archivos": 1,
    "archivos_fuente": [
      "Library/Containers/com.microsoft.Word/Data/Library/Application Support/Microsoft/Temp/~WRS{ED1AC63D-FE52-4742-815E-22B1FD806553}"
    ],
    "ultima_modificacion": "2025-08-01 01:01:54.555188"
  },
  "~wrs{715d1b3ffb082c41b3e25c31c0365ef7}": {
    "app_sintetizada": "~WRS{715D1B3FFB082C41B3E25C31C0365EF7}",
    "cantidad_archivos": 1,
    "archivos_fuente": [
      "Library/Containers/com.microsoft.Word/Data/Library/Application Support/Microsoft/Temp/~WRS{715D1B3F-FB08-2C41-B3E2-5C31C0365EF7}"
    ],
    "ultima_modificacion": "2025-08-01 01:01:54.555504"
  },
  "~wrs{3e7de8652545044fbf24e222c3c58093}": {
    "app_sintetizada": "~WRS{3E7DE8652545044FBF24E222C3C58093}",
    "cantidad_archivos": 1,
    "archivos_fuente": [
      "Library/Containers/com.microsoft.Word/Data/Library/Application Support/Microsoft/Temp/~WRS{3E7DE865-2545-044F-BF24-E222C3C58093}"
    ],
    "ultima_modificacion": "2025-08-01 01:01:54.555839"
  },
  "~wrs{efb38e130024024282f5f3ea8a6f673c}": {
    "app_sintetizada": "~WRS{EFB38E130024024282F5F3EA8A6F673C}",
    "cantidad_archivos": 1,
    "archivos_fuente": [
      "Library/Containers/com.microsoft.Word/Data/Library/Application Support/Microsoft/Temp/~WRS{EFB38E13-0024-0242-82F5-F3EA8A6F673C}"
    ],
    "ultima_modificacion": "2025-08-01 01:01:54.556150"
  },
  "~wrs{07747f12b0d01245aec238bb8f508f1c}": {
    "app_sintetizada": "~WRS{07747F12B0D01245AEC238BB8F508F1C}",
    "cantidad_archivos": 1,
    "archivos_fuente": [
      "Library/Containers/com.microsoft.Word/Data/Library/Application Support/Microsoft/Temp/~WRS{07747F12-B0D0-1245-AEC2-38BB8F508F1C}"
    ],
    "ultima_modificacion": "2025-08-01 01:01:54.556497"
  },
  "~wrs{aa6184acf0373a4fabae0b7abe980d98}": {
    "app_sintetizada": "~WRS{AA6184ACF0373A4FABAE0B7ABE980D98}",
    "cantidad_archivos": 1,
    "archivos_fuente": [
      "Library/Containers/com.microsoft.Word/Data/Library/Application Support/Microsoft/Temp/~WRS{AA6184AC-F037-3A4F-ABAE-0B7ABE980D98}"
    ],
    "ultima_modificacion": "2025-08-01 01:01:54.556840"
  },
  "~wrs{12e25ba4723170438e1720160a80490e}": {
    "app_sintetizada": "~WRS{12E25BA4723170438E1720160A80490E}",
    "cantidad_archivos": 1,
    "archivos_fuente": [
      "Library/Containers/com.microsoft.Word/Data/Library/Application Support/Microsoft/Temp/~WRS{12E25BA4-7231-7043-8E17-20160A80490E}"
    ],
    "ultima_modificacion": "2025-08-01 01:01:54.557212"
  },
  "~wrs{078ea5952a66c24ebc5757eeceda3384}": {
    "app_sintetizada": "~WRS{078EA5952A66C24EBC5757EECEDA3384}",
    "cantidad_archivos": 1,
    "archivos_fuente": [
      "Library/Containers/com.microsoft.Word/Data/Library/Application Support/Microsoft/Temp/~WRS{078EA595-2A66-C24E-BC57-57EECEDA3384}"
    ],
    "ultima_modificacion": "2025-08-01 01:01:54.557548"
  },
  "~wrs{0a72ab0a99b1f949948a3ed234d41678}": {
    "app_sintetizada": "~WRS{0A72AB0A99B1F949948A3ED234D41678}",
    "cantidad_archivos": 1,
    "archivos_fuente": [
      "Library/Containers/com.microsoft.Word/Data/Library/Application Support/Microsoft/Temp/~WRS{0A72AB0A-99B1-F949-948A-3ED234D41678}"
    ],
    "ultima_modificacion": "2025-08-01 01:01:54.557888"
  },
  "~wrs{922f5315ba3d664bbcbabfaa7509c2c0}": {
    "app_sintetizada": "~WRS{922F5315BA3D664BBCBABFAA7509C2C0}",
    "cantidad_archivos": 1,
    "archivos_fuente": [
      "Library/Containers/com.microsoft.Word/Data/Library/Application Support/Microsoft/Temp/~WRS{922F5315-BA3D-664B-BCBA-BFAA7509C2C0}"
    ],
    "ultima_modificacion": "2025-08-01 01:01:54.558246"
  },
  "~wrs{2c5decbbd9b4a2408a32a511b95fafef}": {
    "app_sintetizada": "~WRS{2C5DECBBD9B4A2408A32A511B95FAFEF}",
    "cantidad_archivos": 1,
    "archivos_fuente": [
      "Library/Containers/com.microsoft.Word/Data/Library/Application Support/Microsoft/Temp/~WRS{2C5DECBB-D9B4-A240-8A32-A511B95FAFEF}"
    ],
    "ultima_modificacion": "2025-08-01 01:01:54.558651"
  },
  "~wrs{eed177d6cbbddd4cbd5078608472a103}": {
    "app_sintetizada": "~WRS{EED177D6CBBDDD4CBD5078608472A103}",
    "cantidad_archivos": 1,
    "archivos_fuente": [
      "Library/Containers/com.microsoft.Word/Data/Library/Application Support/Microsoft/Temp/~WRS{EED177D6-CBBD-DD4C-BD50-78608472A103}"
    ],
    "ultima_modificacion": "2025-08-01 01:01:54.559040"
  },
  "~wrs{d2785a4061889d4baf01c277d549cec5}": {
    "app_sintetizada": "~WRS{D2785A4061889D4BAF01C277D549CEC5}",
    "cantidad_archivos": 1,
    "archivos_fuente": [
      "Library/Containers/com.microsoft.Word/Data/Library/Application Support/Microsoft/Temp/~WRS{D2785A40-6188-9D4B-AF01-C277D549CEC5}"
    ],
    "ultima_modificacion": "2025-08-01 01:01:54.559412"
  },
  "~wrs{2c29215a307b6f418ee6e4c528c74730}": {
    "app_sintetizada": "~WRS{2C29215A307B6F418EE6E4C528C74730}",
    "cantidad_archivos": 1,
    "archivos_fuente": [
      "Library/Containers/com.microsoft.Word/Data/Library/Application Support/Microsoft/Temp/~WRS{2C29215A-307B-6F41-8EE6-E4C528C74730}"
    ],
    "ultima_modificacion": "2025-08-01 01:01:54.559859"
  },
  "~wrs{59f0a40d6bb5684fa2cbc57e0c87c160}": {
    "app_sintetizada": "~WRS{59F0A40D6BB5684FA2CBC57E0C87C160}",
    "cantidad_archivos": 1,
    "archivos_fuente": [
      "Library/Containers/com.microsoft.Word/Data/Library/Application Support/Microsoft/Temp/~WRS{59F0A40D-6BB5-684F-A2CB-C57E0C87C160}"
    ],
    "ultima_modificacion": "2025-08-01 01:01:54.560185"
  },
  "~wrs{3c58e01f8e999c42883aeaf20b1f52b3}": {
    "app_sintetizada": "~WRS{3C58E01F8E999C42883AEAF20B1F52B3}",
    "cantidad_archivos": 1,
    "archivos_fuente": [
      "Library/Containers/com.microsoft.Word/Data/Library/Application Support/Microsoft/Temp/~WRS{3C58E01F-8E99-9C42-883A-EAF20B1F52B3}"
    ],
    "ultima_modificacion": "2025-08-01 01:01:54.560605"
  },
  "~wrs{2d02ccd642ec2245bc8b6419e1a2744e}": {
    "app_sintetizada": "~WRS{2D02CCD642EC2245BC8B6419E1A2744E}",
    "cantidad_archivos": 1,
    "archivos_fuente": [
      "Library/Containers/com.microsoft.Word/Data/Library/Application Support/Microsoft/Temp/~WRS{2D02CCD6-42EC-2245-BC8B-6419E1A2744E}"
    ],
    "ultima_modificacion": "2025-08-01 01:01:54.560987"
  },
  "~wrs{d5f0b89e4fec4c4ebb48e940252ea128}": {
    "app_sintetizada": "~WRS{D5F0B89E4FEC4C4EBB48E940252EA128}",
    "cantidad_archivos": 1,
    "archivos_fuente": [
      "Library/Containers/com.microsoft.Word/Data/Library/Application Support/Microsoft/Temp/~WRS{D5F0B89E-4FEC-4C4E-BB48-E940252EA128}"
    ],
    "ultima_modificacion": "2025-08-01 01:01:54.561363"
  },
  "~wrs{17634188d1fdd0409c0e69e2db91d7b9}": {
    "app_sintetizada": "~WRS{17634188D1FDD0409C0E69E2DB91D7B9}",
    "cantidad_archivos": 1,
    "archivos_fuente": [
      "Library/Containers/com.microsoft.Word/Data/Library/Application Support/Microsoft/Temp/~WRS{17634188-D1FD-D040-9C0E-69E2DB91D7B9}"
    ],
    "ultima_modificacion": "2025-08-01 01:01:54.561713"
  },
  "~wrs{ab6a840791c85441a424b6efbb2ac077}": {
    "app_sintetizada": "~WRS{AB6A840791C85441A424B6EFBB2AC077}",
    "cantidad_archivos": 1,
    "archivos_fuente": [
      "Library/Containers/com.microsoft.Word/Data/Library/Application Support/Microsoft/Temp/~WRS{AB6A8407-91C8-5441-A424-B6EFBB2AC077}"
    ],
    "ultima_modificacion": "2025-08-01 01:01:54.562043"
  },
  "~wrs{53be8b375fe782418a9b1d20c8aecc2a}": {
    "app_sintetizada": "~WRS{53BE8B375FE782418A9B1D20C8AECC2A}",
    "cantidad_archivos": 1,
    "archivos_fuente": [
      "Library/Containers/com.microsoft.Word/Data/Library/Application Support/Microsoft/Temp/~WRS{53BE8B37-5FE7-8241-8A9B-1D20C8AECC2A}"
    ],
    "ultima_modificacion": "2025-08-01 01:01:54.562482"
  },
  "~wrs{388be2d8596bfa46863120a98c284a06}": {
    "app_sintetizada": "~WRS{388BE2D8596BFA46863120A98C284A06}",
    "cantidad_archivos": 1,
    "archivos_fuente": [
      "Library/Containers/com.microsoft.Word/Data/Library/Application Support/Microsoft/Temp/~WRS{388BE2D8-596B-FA46-8631-20A98C284A06}"
    ],
    "ultima_modificacion": "2025-08-01 01:01:54.562833"
  },
  "~wrs{11e6a6cfcf43b4419bfee2c79afbef5f}": {
    "app_sintetizada": "~WRS{11E6A6CFCF43B4419BFEE2C79AFBEF5F}",
    "cantidad_archivos": 1,
    "archivos_fuente": [
      "Library/Containers/com.microsoft.Word/Data/Library/Application Support/Microsoft/Temp/~WRS{11E6A6CF-CF43-B441-9BFE-E2C79AFBEF5F}"
    ],
    "ultima_modificacion": "2025-08-01 01:01:54.563211"
  },
  "~wrs{6db63233cc7b7241bcb0ee6b79a86e0d}": {
    "app_sintetizada": "~WRS{6DB63233CC7B7241BCB0EE6B79A86E0D}",
    "cantidad_archivos": 1,
    "archivos_fuente": [
      "Library/Containers/com.microsoft.Word/Data/Library/Application Support/Microsoft/Temp/~WRS{6DB63233-CC7B-7241-BCB0-EE6B79A86E0D}"
    ],
    "ultima_modificacion": "2025-08-01 01:01:54.563491"
  },
  "~wrs{f5dc96c6ad6ad1408cfdd1e9909efbde}": {
    "app_sintetizada": "~WRS{F5DC96C6AD6AD1408CFDD1E9909EFBDE}",
    "cantidad_archivos": 1,
    "archivos_fuente": [
      "Library/Containers/com.microsoft.Word/Data/Library/Application Support/Microsoft/Temp/~WRS{F5DC96C6-AD6A-D140-8CFD-D1E9909EFBDE}"
    ],
    "ultima_modificacion": "2025-08-01 01:01:54.563771"
  },
  "~wrs{852875b95e7a8f4f92b401125753c485}": {
    "app_sintetizada": "~WRS{852875B95E7A8F4F92B401125753C485}",
    "cantidad_archivos": 1,
    "archivos_fuente": [
      "Library/Containers/com.microsoft.Word/Data/Library/Application Support/Microsoft/Temp/~WRS{852875B9-5E7A-8F4F-92B4-01125753C485}"
    ],
    "ultima_modificacion": "2025-08-01 01:01:54.564030"
  },
  "~wrs{10f79ca0bd37e0409670e1dedd642d0e}": {
    "app_sintetizada": "~WRS{10F79CA0BD37E0409670E1DEDD642D0E}",
    "cantidad_archivos": 1,
    "archivos_fuente": [
      "Library/Containers/com.microsoft.Word/Data/Library/Application Support/Microsoft/Temp/~WRS{10F79CA0-BD37-E040-9670-E1DEDD642D0E}"
    ],
    "ultima_modificacion": "2025-08-01 01:01:54.564302"
  },
  "~wrs{966c553fd549da4fa9bb19f779cacb15}": {
    "app_sintetizada": "~WRS{966C553FD549DA4FA9BB19F779CACB15}",
    "cantidad_archivos": 1,
    "archivos_fuente": [
      "Library/Containers/com.microsoft.Word/Data/Library/Application Support/Microsoft/Temp/~WRS{966C553F-D549-DA4F-A9BB-19F779CACB15}"
    ],
    "ultima_modificacion": "2025-08-01 01:01:54.564598"
  },
  "~wrs{e6d5f085cc33ad4ca5467901e17d2e3d}": {
    "app_sintetizada": "~WRS{E6D5F085CC33AD4CA5467901E17D2E3D}",
    "cantidad_archivos": 1,
    "archivos_fuente": [
      "Library/Containers/com.microsoft.Word/Data/Library/Application Support/Microsoft/Temp/~WRS{E6D5F085-CC33-AD4C-A546-7901E17D2E3D}"
    ],
    "ultima_modificacion": "2025-08-01 01:01:54.564860"
  },
  "~wrs{d9771925420c894f8e4669fe99f15a22}": {
    "app_sintetizada": "~WRS{D9771925420C894F8E4669FE99F15A22}",
    "cantidad_archivos": 1,
    "archivos_fuente": [
      "Library/Containers/com.microsoft.Word/Data/Library/Application Support/Microsoft/Temp/~WRS{D9771925-420C-894F-8E46-69FE99F15A22}"
    ],
    "ultima_modificacion": "2025-08-01 01:01:54.565161"
  },
  "~wrs{476457571577a3439bfb1011344db079}": {
    "app_sintetizada": "~WRS{476457571577A3439BFB1011344DB079}",
    "cantidad_archivos": 1,
    "archivos_fuente": [
      "Library/Containers/com.microsoft.Word/Data/Library/Application Support/Microsoft/Temp/~WRS{47645757-1577-A343-9BFB-1011344DB079}"
    ],
    "ultima_modificacion": "2025-08-01 01:01:54.565422"
  },
  "~wrs{85e1c42b04cd51409478d3ab6987ed5b}": {
    "app_sintetizada": "~WRS{85E1C42B04CD51409478D3AB6987ED5B}",
    "cantidad_archivos": 1,
    "archivos_fuente": [
      "Library/Containers/com.microsoft.Word/Data/Library/Application Support/Microsoft/Temp/~WRS{85E1C42B-04CD-5140-9478-D3AB6987ED5B}"
    ],
    "ultima_modificacion": "2025-08-01 01:01:54.565726"
  },
  "~wrs{e92f74714075574393b35b381d4d9ab4}": {
    "app_sintetizada": "~WRS{E92F74714075574393B35B381D4D9AB4}",
    "cantidad_archivos": 1,
    "archivos_fuente": [
      "Library/Containers/com.microsoft.Word/Data/Library/Application Support/Microsoft/Temp/~WRS{E92F7471-4075-5743-93B3-5B381D4D9AB4}"
    ],
    "ultima_modificacion": "2025-08-01 01:01:54.565983"
  },
  "~wrs{69207cf5f7a40a4c9fc5569112b43604}": {
    "app_sintetizada": "~WRS{69207CF5F7A40A4C9FC5569112B43604}",
    "cantidad_archivos": 1,
    "archivos_fuente": [
      "Library/Containers/com.microsoft.Word/Data/Library/Application Support/Microsoft/Temp/~WRS{69207CF5-F7A4-0A4C-9FC5-569112B43604}"
    ],
    "ultima_modificacion": "2025-08-01 01:01:54.566245"
  },
  "~wrs{b9f97dca94a0bf449bff340d7d932170}": {
    "app_sintetizada": "~WRS{B9F97DCA94A0BF449BFF340D7D932170}",
    "cantidad_archivos": 1,
    "archivos_fuente": [
      "Library/Containers/com.microsoft.Word/Data/Library/Application Support/Microsoft/Temp/~WRS{B9F97DCA-94A0-BF44-9BFF-340D7D932170}"
    ],
    "ultima_modificacion": "2025-08-01 01:01:54.566609"
  },
  "~wrs{0e94646521f7e244994b5e6b66282e0c}": {
    "app_sintetizada": "~WRS{0E94646521F7E244994B5E6B66282E0C}",
    "cantidad_archivos": 1,
    "archivos_fuente": [
      "Library/Containers/com.microsoft.Word/Data/Library/Application Support/Microsoft/Temp/~WRS{0E946465-21F7-E244-994B-5E6B66282E0C}"
    ],
    "ultima_modificacion": "2025-08-01 01:01:54.566864"
  },
  "~wrs{4b2079299752254f8a4c07dee9751296}": {
    "app_sintetizada": "~WRS{4B2079299752254F8A4C07DEE9751296}",
    "cantidad_archivos": 1,
    "archivos_fuente": [
      "Library/Containers/com.microsoft.Word/Data/Library/Application Support/Microsoft/Temp/~WRS{4B207929-9752-254F-8A4C-07DEE9751296}"
    ],
    "ultima_modificacion": "2025-08-01 01:01:54.567130"
  },
  "~wrs{15894de883478046bb20434627128105}": {
    "app_sintetizada": "~WRS{15894DE883478046BB20434627128105}",
    "cantidad_archivos": 1,
    "archivos_fuente": [
      "Library/Containers/com.microsoft.Word/Data/Library/Application Support/Microsoft/Temp/~WRS{15894DE8-8347-8046-BB20-434627128105}"
    ],
    "ultima_modificacion": "2025-08-01 01:01:54.567500"
  },
  "~wrs{0c7f6ce107a7674692cfd5749365d152}": {
    "app_sintetizada": "~WRS{0C7F6CE107A7674692CFD5749365D152}",
    "cantidad_archivos": 1,
    "archivos_fuente": [
      "Library/Containers/com.microsoft.Word/Data/Library/Application Support/Microsoft/Temp/~WRS{0C7F6CE1-07A7-6746-92CF-D5749365D152}"
    ],
    "ultima_modificacion": "2025-08-01 01:01:54.567758"
  },
  "~wrs{6ba9b5588a4e8f43bf31eaa3febde665}": {
    "app_sintetizada": "~WRS{6BA9B5588A4E8F43BF31EAA3FEBDE665}",
    "cantidad_archivos": 1,
    "archivos_fuente": [
      "Library/Containers/com.microsoft.Word/Data/Library/Application Support/Microsoft/Temp/~WRS{6BA9B558-8A4E-8F43-BF31-EAA3FEBDE665}"
    ],
    "ultima_modificacion": "2025-08-01 01:01:54.568048"
  },
  "~wrs{ee1b8692d62fee4c8224f6a68b69c45c}": {
    "app_sintetizada": "~WRS{EE1B8692D62FEE4C8224F6A68B69C45C}",
    "cantidad_archivos": 1,
    "archivos_fuente": [
      "Library/Containers/com.microsoft.Word/Data/Library/Application Support/Microsoft/Temp/~WRS{EE1B8692-D62F-EE4C-8224-F6A68B69C45C}"
    ],
    "ultima_modificacion": "2025-08-01 01:01:54.568302"
  },
  "~wrs{114b429c195e7f4f9a4d38b8fd7f0efc}": {
    "app_sintetizada": "~WRS{114B429C195E7F4F9A4D38B8FD7F0EFC}",
    "cantidad_archivos": 1,
    "archivos_fuente": [
      "Library/Containers/com.microsoft.Word/Data/Library/Application Support/Microsoft/Temp/~WRS{114B429C-195E-7F4F-9A4D-38B8FD7F0EFC}"
    ],
    "ultima_modificacion": "2025-08-01 01:01:54.568587"
  },
  "~wrs{97dc611b4105eb48af26ed693bda77a6}": {
    "app_sintetizada": "~WRS{97DC611B4105EB48AF26ED693BDA77A6}",
    "cantidad_archivos": 1,
    "archivos_fuente": [
      "Library/Containers/com.microsoft.Word/Data/Library/Application Support/Microsoft/Temp/~WRS{97DC611B-4105-EB48-AF26-ED693BDA77A6}"
    ],
    "ultima_modificacion": "2025-08-01 01:01:54.568838"
  },
  "~wrs{d1ae02747a7fb74e8983ab355bcf3ec9}": {
    "app_sintetizada": "~WRS{D1AE02747A7FB74E8983AB355BCF3EC9}",
    "cantidad_archivos": 1,
    "archivos_fuente": [
      "Library/Containers/com.microsoft.Word/Data/Library/Application Support/Microsoft/Temp/~WRS{D1AE0274-7A7F-B74E-8983-AB355BCF3EC9}"
    ],
    "ultima_modificacion": "2025-08-01 01:01:54.569139"
  },
  "~wrs{0737912de9b34547bc0379f53a440b6a}": {
    "app_sintetizada": "~WRS{0737912DE9B34547BC0379F53A440B6A}",
    "cantidad_archivos": 1,
    "archivos_fuente": [
      "Library/Containers/com.microsoft.Word/Data/Library/Application Support/Microsoft/Temp/~WRS{0737912D-E9B3-4547-BC03-79F53A440B6A}"
    ],
    "ultima_modificacion": "2025-08-01 01:01:54.569402"
  },
  "~wrs{cfb473f6562e5e4b9f0cedddec19ec00}": {
    "app_sintetizada": "~WRS{CFB473F6562E5E4B9F0CEDDDEC19EC00}",
    "cantidad_archivos": 1,
    "archivos_fuente": [
      "Library/Containers/com.microsoft.Word/Data/Library/Application Support/Microsoft/Temp/~WRS{CFB473F6-562E-5E4B-9F0C-EDDDEC19EC00}"
    ],
    "ultima_modificacion": "2025-08-01 01:01:54.569740"
  },
  "~wrs{e59950d114a96d4abc10ad74cc205898}": {
    "app_sintetizada": "~WRS{E59950D114A96D4ABC10AD74CC205898}",
    "cantidad_archivos": 1,
    "archivos_fuente": [
      "Library/Containers/com.microsoft.Word/Data/Library/Application Support/Microsoft/Temp/~WRS{E59950D1-14A9-6D4A-BC10-AD74CC205898}"
    ],
    "ultima_modificacion": "2025-08-01 01:01:54.570072"
  },
  "~wrs{8b6fcee647847d4abeba1a15d87bc1ee}": {
    "app_sintetizada": "~WRS{8B6FCEE647847D4ABEBA1A15D87BC1EE}",
    "cantidad_archivos": 1,
    "archivos_fuente": [
      "Library/Containers/com.microsoft.Word/Data/Library/Application Support/Microsoft/Temp/~WRS{8B6FCEE6-4784-7D4A-BEBA-1A15D87BC1EE}"
    ],
    "ultima_modificacion": "2025-08-01 01:01:54.570372"
  },
  "~wrs{7819ef0e1504f742b70e378a9f18de57}": {
    "app_sintetizada": "~WRS{7819EF0E1504F742B70E378A9F18DE57}",
    "cantidad_archivos": 1,
    "archivos_fuente": [
      "Library/Containers/com.microsoft.Word/Data/Library/Application Support/Microsoft/Temp/~WRS{7819EF0E-1504-F742-B70E-378A9F18DE57}"
    ],
    "ultima_modificacion": "2025-08-01 01:01:54.570627"
  },
  "~wrs{79ad1eec393ccf419f0cbd75d0f027a2}": {
    "app_sintetizada": "~WRS{79AD1EEC393CCF419F0CBD75D0F027A2}",
    "cantidad_archivos": 1,
    "archivos_fuente": [
      "Library/Containers/com.microsoft.Word/Data/Library/Application Support/Microsoft/Temp/~WRS{79AD1EEC-393C-CF41-9F0C-BD75D0F027A2}"
    ],
    "ultima_modificacion": "2025-08-01 01:01:54.570903"
  },
  "~wrs{63fe8b34725f8f44a132288f2c627b1e}": {
    "app_sintetizada": "~WRS{63FE8B34725F8F44A132288F2C627B1E}",
    "cantidad_archivos": 1,
    "archivos_fuente": [
      "Library/Containers/com.microsoft.Word/Data/Library/Application Support/Microsoft/Temp/~WRS{63FE8B34-725F-8F44-A132-288F2C627B1E}"
    ],
    "ultima_modificacion": "2025-08-01 01:01:54.571146"
  },
  "~wrs{341374fb65f1fe47af20a51eb2f90a46}": {
    "app_sintetizada": "~WRS{341374FB65F1FE47AF20A51EB2F90A46}",
    "cantidad_archivos": 1,
    "archivos_fuente": [
      "Library/Containers/com.microsoft.Word/Data/Library/Application Support/Microsoft/Temp/~WRS{341374FB-65F1-FE47-AF20-A51EB2F90A46}"
    ],
    "ultima_modificacion": "2025-08-01 01:01:54.571419"
  },
  "~wrs{f24d1cc2b35d9f43a39e999eb734d981}": {
    "app_sintetizada": "~WRS{F24D1CC2B35D9F43A39E999EB734D981}",
    "cantidad_archivos": 1,
    "archivos_fuente": [
      "Library/Containers/com.microsoft.Word/Data/Library/Application Support/Microsoft/Temp/~WRS{F24D1CC2-B35D-9F43-A39E-999EB734D981}"
    ],
    "ultima_modificacion": "2025-08-01 01:01:54.571673"
  },
  "~wrs{34ed3386919feb4caf3ba7164734037d}": {
    "app_sintetizada": "~WRS{34ED3386919FEB4CAF3BA7164734037D}",
    "cantidad_archivos": 1,
    "archivos_fuente": [
      "Library/Containers/com.microsoft.Word/Data/Library/Application Support/Microsoft/Temp/~WRS{34ED3386-919F-EB4C-AF3B-A7164734037D}"
    ],
    "ultima_modificacion": "2025-08-01 01:01:54.571926"
  },
  "~wrs{4fb578c1efec4948adfd5d91434edc4f}": {
    "app_sintetizada": "~WRS{4FB578C1EFEC4948ADFD5D91434EDC4F}",
    "cantidad_archivos": 1,
    "archivos_fuente": [
      "Library/Containers/com.microsoft.Word/Data/Library/Application Support/Microsoft/Temp/~WRS{4FB578C1-EFEC-4948-ADFD-5D91434EDC4F}"
    ],
    "ultima_modificacion": "2025-08-01 01:01:54.572321"
  },
  "~wrs{0935f4c5a75d7a4c97afcd464f8d6054}": {
    "app_sintetizada": "~WRS{0935F4C5A75D7A4C97AFCD464F8D6054}",
    "cantidad_archivos": 1,
    "archivos_fuente": [
      "Library/Containers/com.microsoft.Word/Data/Library/Application Support/Microsoft/Temp/~WRS{0935F4C5-A75D-7A4C-97AF-CD464F8D6054}"
    ],
    "ultima_modificacion": "2025-08-01 01:01:54.572620"
  },
  "~wrs{bceb38e863c06b47a3aab86eea33937f}": {
    "app_sintetizada": "~WRS{BCEB38E863C06B47A3AAB86EEA33937F}",
    "cantidad_archivos": 1,
    "archivos_fuente": [
      "Library/Containers/com.microsoft.Word/Data/Library/Application Support/Microsoft/Temp/~WRS{BCEB38E8-63C0-6B47-A3AA-B86EEA33937F}"
    ],
    "ultima_modificacion": "2025-08-01 01:01:54.572875"
  },
  "~wrs{ba7938742d128742a85b89e752b30cae}": {
    "app_sintetizada": "~WRS{BA7938742D128742A85B89E752B30CAE}",
    "cantidad_archivos": 1,
    "archivos_fuente": [
      "Library/Containers/com.microsoft.Word/Data/Library/Application Support/Microsoft/Temp/~WRS{BA793874-2D12-8742-A85B-89E752B30CAE}"
    ],
    "ultima_modificacion": "2025-08-01 01:01:54.573125"
  },
  "~wrs{cdc225368cce4a4c94eff15dd835aa95}": {
    "app_sintetizada": "~WRS{CDC225368CCE4A4C94EFF15DD835AA95}",
    "cantidad_archivos": 1,
    "archivos_fuente": [
      "Library/Containers/com.microsoft.Word/Data/Library/Application Support/Microsoft/Temp/~WRS{CDC22536-8CCE-4A4C-94EF-F15DD835AA95}"
    ],
    "ultima_modificacion": "2025-08-01 01:01:54.573370"
  },
  "~wrs{482102c94f1bfd42b4eabb3b0baa8f9e}": {
    "app_sintetizada": "~WRS{482102C94F1BFD42B4EABB3B0BAA8F9E}",
    "cantidad_archivos": 1,
    "archivos_fuente": [
      "Library/Containers/com.microsoft.Word/Data/Library/Application Support/Microsoft/Temp/~WRS{482102C9-4F1B-FD42-B4EA-BB3B0BAA8F9E}"
    ],
    "ultima_modificacion": "2025-08-01 01:01:54.573615"
  },
  "~wrs{26669b0f237de24185da188d904d8eed}": {
    "app_sintetizada": "~WRS{26669B0F237DE24185DA188D904D8EED}",
    "cantidad_archivos": 1,
    "archivos_fuente": [
      "Library/Containers/com.microsoft.Word/Data/Library/Application Support/Microsoft/Temp/~WRS{26669B0F-237D-E241-85DA-188D904D8EED}"
    ],
    "ultima_modificacion": "2025-08-01 01:01:54.573901"
  },
  "~wrs{9950358321299e4ba8348b524fbae1a9}": {
    "app_sintetizada": "~WRS{9950358321299E4BA8348B524FBAE1A9}",
    "cantidad_archivos": 1,
    "archivos_fuente": [
      "Library/Containers/com.microsoft.Word/Data/Library/Application Support/Microsoft/Temp/~WRS{99503583-2129-9E4B-A834-8B524FBAE1A9}"
    ],
    "ultima_modificacion": "2025-08-01 01:01:54.574147"
  },
  "~wrs{5b9d759551abb840afeca2a6ec7ae6ab}": {
    "app_sintetizada": "~WRS{5B9D759551ABB840AFECA2A6EC7AE6AB}",
    "cantidad_archivos": 1,
    "archivos_fuente": [
      "Library/Containers/com.microsoft.Word/Data/Library/Application Support/Microsoft/Temp/~WRS{5B9D7595-51AB-B840-AFEC-A2A6EC7AE6AB}"
    ],
    "ultima_modificacion": "2025-08-01 01:01:54.574398"
  },
  "~wrs{5de6ae590c49334da41e04bec96d676d}": {
    "app_sintetizada": "~WRS{5DE6AE590C49334DA41E04BEC96D676D}",
    "cantidad_archivos": 1,
    "archivos_fuente": [
      "Library/Containers/com.microsoft.Word/Data/Library/Application Support/Microsoft/Temp/~WRS{5DE6AE59-0C49-334D-A41E-04BEC96D676D}"
    ],
    "ultima_modificacion": "2025-08-01 01:01:54.574683"
  },
  "~wrs{f976de03c7643c4ab524ea46334a5824}": {
    "app_sintetizada": "~WRS{F976DE03C7643C4AB524EA46334A5824}",
    "cantidad_archivos": 1,
    "archivos_fuente": [
      "Library/Containers/com.microsoft.Word/Data/Library/Application Support/Microsoft/Temp/~WRS{F976DE03-C764-3C4A-B524-EA46334A5824}"
    ],
    "ultima_modificacion": "2025-08-01 01:01:54.574936"
  },
  "~wrs{e7effd674e0766408f523e8248aedd3b}": {
    "app_sintetizada": "~WRS{E7EFFD674E0766408F523E8248AEDD3B}",
    "cantidad_archivos": 1,
    "archivos_fuente": [
      "Library/Containers/com.microsoft.Word/Data/Library/Application Support/Microsoft/Temp/~WRS{E7EFFD67-4E07-6640-8F52-3E8248AEDD3B}"
    ],
    "ultima_modificacion": "2025-08-01 01:01:54.575258"
  },
  "~wrs{e2745c375f259c449ec2b79977210f32}": {
    "app_sintetizada": "~WRS{E2745C375F259C449EC2B79977210F32}",
    "cantidad_archivos": 1,
    "archivos_fuente": [
      "Library/Containers/com.microsoft.Word/Data/Library/Application Support/Microsoft/Temp/~WRS{E2745C37-5F25-9C44-9EC2-B79977210F32}"
    ],
    "ultima_modificacion": "2025-08-01 01:01:54.575482"
  },
  "~wrs{a18d11ad4dbaa449bb348e19321f0797}": {
    "app_sintetizada": "~WRS{A18D11AD4DBAA449BB348E19321F0797}",
    "cantidad_archivos": 1,
    "archivos_fuente": [
      "Library/Containers/com.microsoft.Word/Data/Library/Application Support/Microsoft/Temp/~WRS{A18D11AD-4DBA-A449-BB34-8E19321F0797}"
    ],
    "ultima_modificacion": "2025-08-01 01:01:54.575708"
  },
  "~wrs{b734beb3114d814fa74a6f442f7ae616}": {
    "app_sintetizada": "~WRS{B734BEB3114D814FA74A6F442F7AE616}",
    "cantidad_archivos": 1,
    "archivos_fuente": [
      "Library/Containers/com.microsoft.Word/Data/Library/Application Support/Microsoft/Temp/~WRS{B734BEB3-114D-814F-A74A-6F442F7AE616}"
    ],
    "ultima_modificacion": "2025-08-01 01:01:54.575902"
  },
  "~wrs{1c681515ab39c34aa3fe82decb4db05c}": {
    "app_sintetizada": "~WRS{1C681515AB39C34AA3FE82DECB4DB05C}",
    "cantidad_archivos": 1,
    "archivos_fuente": [
      "Library/Containers/com.microsoft.Word/Data/Library/Application Support/Microsoft/Temp/~WRS{1C681515-AB39-C34A-A3FE-82DECB4DB05C}"
    ],
    "ultima_modificacion": "2025-08-01 01:01:54.576096"
  },
  "~wrs{921c50c742b5a145a51e499cebf664b8}": {
    "app_sintetizada": "~WRS{921C50C742B5A145A51E499CEBF664B8}",
    "cantidad_archivos": 1,
    "archivos_fuente": [
      "Library/Containers/com.microsoft.Word/Data/Library/Application Support/Microsoft/Temp/~WRS{921C50C7-42B5-A145-A51E-499CEBF664B8}"
    ],
    "ultima_modificacion": "2025-08-01 01:01:54.576284"
  },
  "~wrs{2e5f9923c43e37448ecd0e1abcf8d2fe}": {
    "app_sintetizada": "~WRS{2E5F9923C43E37448ECD0E1ABCF8D2FE}",
    "cantidad_archivos": 1,
    "archivos_fuente": [
      "Library/Containers/com.microsoft.Word/Data/Library/Application Support/Microsoft/Temp/~WRS{2E5F9923-C43E-3744-8ECD-0E1ABCF8D2FE}"
    ],
    "ultima_modificacion": "2025-08-01 01:01:54.576556"
  },
  "~wrs{16fd1330229250429688ad569c208c4d}": {
    "app_sintetizada": "~WRS{16FD1330229250429688AD569C208C4D}",
    "cantidad_archivos": 1,
    "archivos_fuente": [
      "Library/Containers/com.microsoft.Word/Data/Library/Application Support/Microsoft/Temp/~WRS{16FD1330-2292-5042-9688-AD569C208C4D}"
    ],
    "ultima_modificacion": "2025-08-01 01:01:54.576861"
  },
  "~wrs{6b3b858770a16c4587a5c5443769f633}": {
    "app_sintetizada": "~WRS{6B3B858770A16C4587A5C5443769F633}",
    "cantidad_archivos": 1,
    "archivos_fuente": [
      "Library/Containers/com.microsoft.Word/Data/Library/Application Support/Microsoft/Temp/~WRS{6B3B8587-70A1-6C45-87A5-C5443769F633}"
    ],
    "ultima_modificacion": "2025-08-01 01:01:54.577117"
  },
  "~wrs{30980012aad95241bf7e681ab2ae4a65}": {
    "app_sintetizada": "~WRS{30980012AAD95241BF7E681AB2AE4A65}",
    "cantidad_archivos": 1,
    "archivos_fuente": [
      "Library/Containers/com.microsoft.Word/Data/Library/Application Support/Microsoft/Temp/~WRS{30980012-AAD9-5241-BF7E-681AB2AE4A65}"
    ],
    "ultima_modificacion": "2025-08-01 01:01:54.577455"
  },
  "~wrs{289657bb2a6a1240996d0e485d6ef21a}": {
    "app_sintetizada": "~WRS{289657BB2A6A1240996D0E485D6EF21A}",
    "cantidad_archivos": 1,
    "archivos_fuente": [
      "Library/Containers/com.microsoft.Word/Data/Library/Application Support/Microsoft/Temp/~WRS{289657BB-2A6A-1240-996D-0E485D6EF21A}"
    ],
    "ultima_modificacion": "2025-08-01 01:01:54.577697"
  },
  "~wrs{67a34c77c645674385c3b22537307a19}": {
    "app_sintetizada": "~WRS{67A34C77C645674385C3B22537307A19}",
    "cantidad_archivos": 1,
    "archivos_fuente": [
      "Library/Containers/com.microsoft.Word/Data/Library/Application Support/Microsoft/Temp/~WRS{67A34C77-C645-6743-85C3-B22537307A19}"
    ],
    "ultima_modificacion": "2025-08-01 01:01:54.577954"
  },
  "~wrs{28179eacfe176a40806d749618a517e5}": {
    "app_sintetizada": "~WRS{28179EACFE176A40806D749618A517E5}",
    "cantidad_archivos": 1,
    "archivos_fuente": [
      "Library/Containers/com.microsoft.Word/Data/Library/Application Support/Microsoft/Temp/~WRS{28179EAC-FE17-6A40-806D-749618A517E5}"
    ],
    "ultima_modificacion": "2025-08-01 01:01:54.578205"
  },
  "~wrs{11d45616c18c344284d231664d996f84}": {
    "app_sintetizada": "~WRS{11D45616C18C344284D231664D996F84}",
    "cantidad_archivos": 1,
    "archivos_fuente": [
      "Library/Containers/com.microsoft.Word/Data/Library/Application Support/Microsoft/Temp/~WRS{11D45616-C18C-3442-84D2-31664D996F84}"
    ],
    "ultima_modificacion": "2025-08-01 01:01:54.578495"
  },
  "~wrs{0b013851b53b9843ba33c51a2581840d}": {
    "app_sintetizada": "~WRS{0B013851B53B9843BA33C51A2581840D}",
    "cantidad_archivos": 1,
    "archivos_fuente": [
      "Library/Containers/com.microsoft.Word/Data/Library/Application Support/Microsoft/Temp/~WRS{0B013851-B53B-9843-BA33-C51A2581840D}"
    ],
    "ultima_modificacion": "2025-08-01 01:01:54.578739"
  },
  "~wrs{f70edf337d207642bfbb9481d4e9e06b}": {
    "app_sintetizada": "~WRS{F70EDF337D207642BFBB9481D4E9E06B}",
    "cantidad_archivos": 1,
    "archivos_fuente": [
      "Library/Containers/com.microsoft.Word/Data/Library/Application Support/Microsoft/Temp/~WRS{F70EDF33-7D20-7642-BFBB-9481D4E9E06B}"
    ],
    "ultima_modificacion": "2025-08-01 01:01:54.579012"
  },
  "~wrs{f94a16a632f8084dbb7dc15a1fb8a3ae}": {
    "app_sintetizada": "~WRS{F94A16A632F8084DBB7DC15A1FB8A3AE}",
    "cantidad_archivos": 1,
    "archivos_fuente": [
      "Library/Containers/com.microsoft.Word/Data/Library/Application Support/Microsoft/Temp/~WRS{F94A16A6-32F8-084D-BB7D-C15A1FB8A3AE}"
    ],
    "ultima_modificacion": "2025-08-01 01:01:54.579230"
  },
  "~wrs{1251481bc7fb524488d6b429846dfeb1}": {
    "app_sintetizada": "~WRS{1251481BC7FB524488D6B429846DFEB1}",
    "cantidad_archivos": 1,
    "archivos_fuente": [
      "Library/Containers/com.microsoft.Word/Data/Library/Application Support/Microsoft/Temp/~WRS{1251481B-C7FB-5244-88D6-B429846DFEB1}"
    ],
    "ultima_modificacion": "2025-08-01 01:01:54.579490"
  },
  "~wrs{af74f7f9699a824e881eec5a16e33673}": {
    "app_sintetizada": "~WRS{AF74F7F9699A824E881EEC5A16E33673}",
    "cantidad_archivos": 1,
    "archivos_fuente": [
      "Library/Containers/com.microsoft.Word/Data/Library/Application Support/Microsoft/Temp/~WRS{AF74F7F9-699A-824E-881E-EC5A16E33673}"
    ],
    "ultima_modificacion": "2025-08-01 01:01:54.579731"
  },
  "~wrs{edd4b176f41d6a44b50c3d9b3b3e7e05}": {
    "app_sintetizada": "~WRS{EDD4B176F41D6A44B50C3D9B3B3E7E05}",
    "cantidad_archivos": 1,
    "archivos_fuente": [
      "Library/Containers/com.microsoft.Word/Data/Library/Application Support/Microsoft/Temp/~WRS{EDD4B176-F41D-6A44-B50C-3D9B3B3E7E05}"
    ],
    "ultima_modificacion": "2025-08-01 01:01:54.579949"
  },
  "~wrs{419e243ced7c384688093ceb1bd554b6}": {
    "app_sintetizada": "~WRS{419E243CED7C384688093CEB1BD554B6}",
    "cantidad_archivos": 1,
    "archivos_fuente": [
      "Library/Containers/com.microsoft.Word/Data/Library/Application Support/Microsoft/Temp/~WRS{419E243C-ED7C-3846-8809-3CEB1BD554B6}"
    ],
    "ultima_modificacion": "2025-08-01 01:01:54.580164"
  },
  "~wrs{063fc71ed5bb404d8017a5c822d472e3}": {
    "app_sintetizada": "~WRS{063FC71ED5BB404D8017A5C822D472E3}",
    "cantidad_archivos": 1,
    "archivos_fuente": [
      "Library/Containers/com.microsoft.Word/Data/Library/Application Support/Microsoft/Temp/~WRS{063FC71E-D5BB-404D-8017-A5C822D472E3}"
    ],
    "ultima_modificacion": "2025-08-01 01:01:54.580426"
  },
  "~wrs{0f660e776d2ca84a90c8da5918f606a4}": {
    "app_sintetizada": "~WRS{0F660E776D2CA84A90C8DA5918F606A4}",
    "cantidad_archivos": 1,
    "archivos_fuente": [
      "Library/Containers/com.microsoft.Word/Data/Library/Application Support/Microsoft/Temp/~WRS{0F660E77-6D2C-A84A-90C8-DA5918F606A4}"
    ],
    "ultima_modificacion": "2025-08-01 01:01:54.580758"
  },
  "~wrs{0357bca7a71c9e4d90acdf621e61abc1}": {
    "app_sintetizada": "~WRS{0357BCA7A71C9E4D90ACDF621E61ABC1}",
    "cantidad_archivos": 1,
    "archivos_fuente": [
      "Library/Containers/com.microsoft.Word/Data/Library/Application Support/Microsoft/Temp/~WRS{0357BCA7-A71C-9E4D-90AC-DF621E61ABC1}"
    ],
    "ultima_modificacion": "2025-08-01 01:01:54.581013"
  },
  "~wrs{31e8c7d868f9f544b14c114a921194cc}": {
    "app_sintetizada": "~WRS{31E8C7D868F9F544B14C114A921194CC}",
    "cantidad_archivos": 1,
    "archivos_fuente": [
      "Library/Containers/com.microsoft.Word/Data/Library/Application Support/Microsoft/Temp/~WRS{31E8C7D8-68F9-F544-B14C-114A921194CC}"
    ],
    "ultima_modificacion": "2025-08-01 01:01:54.581336"
  },
  "~wrs{1bc40d0ad8409f47bb72899ca5ad6931}": {
    "app_sintetizada": "~WRS{1BC40D0AD8409F47BB72899CA5AD6931}",
    "cantidad_archivos": 1,
    "archivos_fuente": [
      "Library/Containers/com.microsoft.Word/Data/Library/Application Support/Microsoft/Temp/~WRS{1BC40D0A-D840-9F47-BB72-899CA5AD6931}"
    ],
    "ultima_modificacion": "2025-08-01 01:01:54.581558"
  },
  "~wrs{e2dc961c5d270b45916c3cfcd4bd13a8}": {
    "app_sintetizada": "~WRS{E2DC961C5D270B45916C3CFCD4BD13A8}",
    "cantidad_archivos": 1,
    "archivos_fuente": [
      "Library/Containers/com.microsoft.Word/Data/Library/Application Support/Microsoft/Temp/~WRS{E2DC961C-5D27-0B45-916C-3CFCD4BD13A8}"
    ],
    "ultima_modificacion": "2025-08-01 01:01:54.581856"
  },
  "~wrs{2ea2cb0e5ad49d42a1da6b0d8572d4c6}": {
    "app_sintetizada": "~WRS{2EA2CB0E5AD49D42A1DA6B0D8572D4C6}",
    "cantidad_archivos": 1,
    "archivos_fuente": [
      "Library/Containers/com.microsoft.Word/Data/Library/Application Support/Microsoft/Temp/~WRS{2EA2CB0E-5AD4-9D42-A1DA-6B0D8572D4C6}"
    ],
    "ultima_modificacion": "2025-08-01 01:01:54.582079"
  },
  "~wrs{f952e03cbc34154c8ff791adb6c9e91d}": {
    "app_sintetizada": "~WRS{F952E03CBC34154C8FF791ADB6C9E91D}",
    "cantidad_archivos": 1,
    "archivos_fuente": [
      "Library/Containers/com.microsoft.Word/Data/Library/Application Support/Microsoft/Temp/~WRS{F952E03C-BC34-154C-8FF7-91ADB6C9E91D}"
    ],
    "ultima_modificacion": "2025-08-01 01:01:54.582305"
  },
  "~wrs{119579c3cd4b1b4296ac15c4d14f4c86}": {
    "app_sintetizada": "~WRS{119579C3CD4B1B4296AC15C4D14F4C86}",
    "cantidad_archivos": 1,
    "archivos_fuente": [
      "Library/Containers/com.microsoft.Word/Data/Library/Application Support/Microsoft/Temp/~WRS{119579C3-CD4B-1B42-96AC-15C4D14F4C86}"
    ],
    "ultima_modificacion": "2025-08-01 01:01:54.582518"
  },
  "~wrs{704768e35ece8d47a87b2ae98270b4dd}": {
    "app_sintetizada": "~WRS{704768E35ECE8D47A87B2AE98270B4DD}",
    "cantidad_archivos": 1,
    "archivos_fuente": [
      "Library/Containers/com.microsoft.Word/Data/Library/Application Support/Microsoft/Temp/~WRS{704768E3-5ECE-8D47-A87B-2AE98270B4DD}"
    ],
    "ultima_modificacion": "2025-08-01 01:01:54.582764"
  },
  "~wrs{a0cea23047e4be46bff4f0db649dc811}": {
    "app_sintetizada": "~WRS{A0CEA23047E4BE46BFF4F0DB649DC811}",
    "cantidad_archivos": 1,
    "archivos_fuente": [
      "Library/Containers/com.microsoft.Word/Data/Library/Application Support/Microsoft/Temp/~WRS{A0CEA230-47E4-BE46-BFF4-F0DB649DC811}"
    ],
    "ultima_modificacion": "2025-08-01 01:01:54.583001"
  },
  "~wrs{8d6413699516ac4da0c0450eb00d9e54}": {
    "app_sintetizada": "~WRS{8D6413699516AC4DA0C0450EB00D9E54}",
    "cantidad_archivos": 1,
    "archivos_fuente": [
      "Library/Containers/com.microsoft.Word/Data/Library/Application Support/Microsoft/Temp/~WRS{8D641369-9516-AC4D-A0C0-450EB00D9E54}"
    ],
    "ultima_modificacion": "2025-08-01 01:01:54.583276"
  }
}