{
  "loadjsconfig.d.ts": {
    "app_sintetizada": "LOADJSCONFIG.D.TS",
    "cantidad_archivos": 2,
    "archivos_fuente": [
      "Library/CloudStorage/Dropbox/APPS HIPERFOCO.CL/AGENDAS CLINICAS CENTROS SALUD PUBLICOS Y PRIVADOS/agenda-clinica-interoperable/node_modules/next/dist/build/load-jsconfig.d.ts",
      "Library/CloudStorage/Dropbox/APPS HIPERFOCO.CL/AGENDAS CLINICAS CENTROS SALUD PUBLICOS Y PRIVADOS/AGENDA CLINICA PORTABLE E INTEROPERAPLE/AGENDA CLI\u0301NICA INTEROPERABLE/agenda-clinica-interoperable/node_modules/next/dist/build/load-jsconfig.d.ts"
    ],
    "ultima_modificacion": "2025-08-01 01:01:45.664963"
  },
  "handleentrypoints.d.ts": {
    "app_sintetizada": "HANDLEENTRYPOINTS.D.TS",
    "cantidad_archivos": 2,
    "archivos_fuente": [
      "Library/CloudStorage/Dropbox/APPS HIPERFOCO.CL/AGENDAS CLINICAS CENTROS SALUD PUBLICOS Y PRIVADOS/agenda-clinica-interoperable/node_modules/next/dist/build/handle-entrypoints.d.ts",
      "Library/CloudStorage/Dropbox/APPS HIPERFOCO.CL/AGENDAS CLINICAS CENTROS SALUD PUBLICOS Y PRIVADOS/AGENDA CLINICA PORTABLE E INTEROPERAPLE/AGENDA CLI\u0301NICA INTEROPERABLE/agenda-clinica-interoperable/node_modules/next/dist/build/handle-entrypoints.d.ts"
    ],
    "ultima_modificacion": "2025-08-01 01:01:45.665222"
  },
  "handleexternals.d.ts": {
    "app_sintetizada": "HANDLEEXTERNALS.D.TS",
    "cantidad_archivos": 2,
    "archivos_fuente": [
      "Library/CloudStorage/Dropbox/APPS HIPERFOCO.CL/AGENDAS CLINICAS CENTROS SALUD PUBLICOS Y PRIVADOS/agenda-clinica-interoperable/node_modules/next/dist/build/handle-externals.d.ts",
      "Library/CloudStorage/Dropbox/APPS HIPERFOCO.CL/AGENDAS CLINICAS CENTROS SALUD PUBLICOS Y PRIVADOS/AGENDA CLINICA PORTABLE E INTEROPERAPLE/AGENDA CLI\u0301NICA INTEROPERABLE/agenda-clinica-interoperable/node_modules/next/dist/build/handle-externals.d.ts"
    ],
    "ultima_modificacion": "2025-08-01 01:01:45.665521"
  },
  "transpileconfig.d.ts": {
    "app_sintetizada": "TRANSPILECONFIG.D.TS",
    "cantidad_archivos": 2,
    "archivos_fuente": [
      "Library/CloudStorage/Dropbox/APPS HIPERFOCO.CL/AGENDAS CLINICAS CENTROS SALUD PUBLICOS Y PRIVADOS/agenda-clinica-interoperable/node_modules/next/dist/build/next-config-ts/transpile-config.d.ts",
      "Library/CloudStorage/Dropbox/APPS HIPERFOCO.CL/AGENDAS CLINICAS CENTROS SALUD PUBLICOS Y PRIVADOS/AGENDA CLINICA PORTABLE E INTEROPERAPLE/AGENDA CLI\u0301NICA INTEROPERABLE/agenda-clinica-interoperable/node_modules/next/dist/build/next-config-ts/transpile-config.d.ts"
    ],
    "ultima_modificacion": "2025-08-01 01:01:45.665790"
  },
  "pages.d.ts": {
    "app_sintetizada": "PAGES.D.TS",
    "cantidad_archivos": 6,
    "archivos_fuente": [
      "Library/CloudStorage/Dropbox/APPS HIPERFOCO.CL/AGENDAS CLINICAS CENTROS SALUD PUBLICOS Y PRIVADOS/agenda-clinica-interoperable/node_modules/next/dist/build/static-paths/pages.d.ts",
      "Library/CloudStorage/Dropbox/APPS HIPERFOCO.CL/AGENDAS CLINICAS CENTROS SALUD PUBLICOS Y PRIVADOS/agenda-clinica-interoperable/node_modules/next/dist/build/templates/pages.d.ts",
      "Library/CloudStorage/Dropbox/APPS HIPERFOCO.CL/AGENDAS CLINICAS CENTROS SALUD PUBLICOS Y PRIVADOS/agenda-clinica-interoperable/node_modules/next/dist/export/routes/pages.d.ts",
      "Library/CloudStorage/Dropbox/APPS HIPERFOCO.CL/AGENDAS CLINICAS CENTROS SALUD PUBLICOS Y PRIVADOS/AGENDA CLINICA PORTABLE E INTEROPERAPLE/AGENDA CLI\u0301NICA INTEROPERABLE/agenda-clinica-interoperable/node_modules/next/dist/build/static-paths/pages.d.ts",
      "Library/CloudStorage/Dropbox/APPS HIPERFOCO.CL/AGENDAS CLINICAS CENTROS SALUD PUBLICOS Y PRIVADOS/AGENDA CLINICA PORTABLE E INTEROPERAPLE/AGENDA CLI\u0301NICA INTEROPERABLE/agenda-clinica-interoperable/node_modules/next/dist/build/templates/pages.d.ts",
      "Library/CloudStorage/Dropbox/APPS HIPERFOCO.CL/AGENDAS CLINICAS CENTROS SALUD PUBLICOS Y PRIVADOS/AGENDA CLINICA PORTABLE E INTEROPERAPLE/AGENDA CLI\u0301NICA INTEROPERABLE/agenda-clinica-interoperable/node_modules/next/dist/export/routes/pages.d.ts"
    ],
    "ultima_modificacion": "2025-08-01 01:01:45.666109"
  },
  "getpagestaticinfo.d.ts": {
    "app_sintetizada": "GETPAGESTATICINFO.D.TS",
    "cantidad_archivos": 2,
    "archivos_fuente": [
      "Library/CloudStorage/Dropbox/APPS HIPERFOCO.CL/AGENDAS CLINICAS CENTROS SALUD PUBLICOS Y PRIVADOS/agenda-clinica-interoperable/node_modules/next/dist/build/analysis/get-page-static-info.d.ts",
      "Library/CloudStorage/Dropbox/APPS HIPERFOCO.CL/AGENDAS CLINICAS CENTROS SALUD PUBLICOS Y PRIVADOS/AGENDA CLINICA PORTABLE E INTEROPERAPLE/AGENDA CLI\u0301NICA INTEROPERABLE/agenda-clinica-interoperable/node_modules/next/dist/build/analysis/get-page-static-info.d.ts"
    ],
    "ultima_modificacion": "2025-08-01 01:01:45.666369"
  },
  "extractconstvalue.d.ts": {
    "app_sintetizada": "EXTRACTCONSTVALUE.D.TS",
    "cantidad_archivos": 2,
    "archivos_fuente": [
      "Library/CloudStorage/Dropbox/APPS HIPERFOCO.CL/AGENDAS CLINICAS CENTROS SALUD PUBLICOS Y PRIVADOS/agenda-clinica-interoperable/node_modules/next/dist/build/analysis/extract-const-value.d.ts",
      "Library/CloudStorage/Dropbox/APPS HIPERFOCO.CL/AGENDAS CLINICAS CENTROS SALUD PUBLICOS Y PRIVADOS/AGENDA CLINICA PORTABLE E INTEROPERAPLE/AGENDA CLI\u0301NICA INTEROPERABLE/agenda-clinica-interoperable/node_modules/next/dist/build/analysis/extract-const-value.d.ts"
    ],
    "ultima_modificacion": "2025-08-01 01:01:45.666593"
  },
  "parsemodule.d.ts": {
    "app_sintetizada": "PARSEMODULE.D.TS",
    "cantidad_archivos": 2,
    "archivos_fuente": [
      "Library/CloudStorage/Dropbox/APPS HIPERFOCO.CL/AGENDAS CLINICAS CENTROS SALUD PUBLICOS Y PRIVADOS/agenda-clinica-interoperable/node_modules/next/dist/build/analysis/parse-module.d.ts",
      "Library/CloudStorage/Dropbox/APPS HIPERFOCO.CL/AGENDAS CLINICAS CENTROS SALUD PUBLICOS Y PRIVADOS/AGENDA CLINICA PORTABLE E INTEROPERAPLE/AGENDA CLI\u0301NICA INTEROPERABLE/agenda-clinica-interoperable/node_modules/next/dist/build/analysis/parse-module.d.ts"
    ],
    "ultima_modificacion": "2025-08-01 01:01:45.666817"
  },
  "middlewareconfig.d.ts": {
    "app_sintetizada": "MIDDLEWARECONFIG.D.TS",
    "cantidad_archivos": 2,
    "archivos_fuente": [
      "Library/CloudStorage/Dropbox/APPS HIPERFOCO.CL/AGENDAS CLINICAS CENTROS SALUD PUBLICOS Y PRIVADOS/agenda-clinica-interoperable/node_modules/next/dist/build/segment-config/middleware/middleware-config.d.ts",
      "Library/CloudStorage/Dropbox/APPS HIPERFOCO.CL/AGENDAS CLINICAS CENTROS SALUD PUBLICOS Y PRIVADOS/AGENDA CLINICA PORTABLE E INTEROPERAPLE/AGENDA CLI\u0301NICA INTEROPERABLE/agenda-clinica-interoperable/node_modules/next/dist/build/segment-config/middleware/middleware-config.d.ts"
    ],
    "ultima_modificacion": "2025-08-01 01:01:45.667033"
  },
  "appsegments.d.ts": {
    "app_sintetizada": "APPSEGMENTS.D.TS",
    "cantidad_archivos": 2,
    "archivos_fuente": [
      "Library/CloudStorage/Dropbox/APPS HIPERFOCO.CL/AGENDAS CLINICAS CENTROS SALUD PUBLICOS Y PRIVADOS/agenda-clinica-interoperable/node_modules/next/dist/build/segment-config/app/app-segments.d.ts",
      "Library/CloudStorage/Dropbox/APPS HIPERFOCO.CL/AGENDAS CLINICAS CENTROS SALUD PUBLICOS Y PRIVADOS/AGENDA CLINICA PORTABLE E INTEROPERAPLE/AGENDA CLI\u0301NICA INTEROPERABLE/agenda-clinica-interoperable/node_modules/next/dist/build/segment-config/app/app-segments.d.ts"
    ],
    "ultima_modificacion": "2025-08-01 01:01:45.667255"
  },
  "collectrootparamkeys.d.ts": {
    "app_sintetizada": "COLLECTROOTPARAMKEYS.D.TS",
    "cantidad_archivos": 2,
    "archivos_fuente": [
      "Library/CloudStorage/Dropbox/APPS HIPERFOCO.CL/AGENDAS CLINICAS CENTROS SALUD PUBLICOS Y PRIVADOS/agenda-clinica-interoperable/node_modules/next/dist/build/segment-config/app/collect-root-param-keys.d.ts",
      "Library/CloudStorage/Dropbox/APPS HIPERFOCO.CL/AGENDAS CLINICAS CENTROS SALUD PUBLICOS Y PRIVADOS/AGENDA CLINICA PORTABLE E INTEROPERAPLE/AGENDA CLI\u0301NICA INTEROPERABLE/agenda-clinica-interoperable/node_modules/next/dist/build/segment-config/app/collect-root-param-keys.d.ts"
    ],
    "ultima_modificacion": "2025-08-01 01:01:45.667534"
  },
  "appsegmentconfig.d.ts": {
    "app_sintetizada": "APPSEGMENTCONFIG.D.TS",
    "cantidad_archivos": 2,
    "archivos_fuente": [
      "Library/CloudStorage/Dropbox/APPS HIPERFOCO.CL/AGENDAS CLINICAS CENTROS SALUD PUBLICOS Y PRIVADOS/agenda-clinica-interoperable/node_modules/next/dist/build/segment-config/app/app-segment-config.d.ts",
      "Library/CloudStorage/Dropbox/APPS HIPERFOCO.CL/AGENDAS CLINICAS CENTROS SALUD PUBLICOS Y PRIVADOS/AGENDA CLINICA PORTABLE E INTEROPERAPLE/AGENDA CLI\u0301NICA INTEROPERABLE/agenda-clinica-interoperable/node_modules/next/dist/build/segment-config/app/app-segment-config.d.ts"
    ],
    "ultima_modificacion": "2025-08-01 01:01:45.667863"
  },
  "pagessegmentconfig.d.ts": {
    "app_sintetizada": "PAGESSEGMENTCONFIG.D.TS",
    "cantidad_archivos": 2,
    "archivos_fuente": [
      "Library/CloudStorage/Dropbox/APPS HIPERFOCO.CL/AGENDAS CLINICAS CENTROS SALUD PUBLICOS Y PRIVADOS/agenda-clinica-interoperable/node_modules/next/dist/build/segment-config/pages/pages-segment-config.d.ts",
      "Library/CloudStorage/Dropbox/APPS HIPERFOCO.CL/AGENDAS CLINICAS CENTROS SALUD PUBLICOS Y PRIVADOS/AGENDA CLINICA PORTABLE E INTEROPERAPLE/AGENDA CLI\u0301NICA INTEROPERABLE/agenda-clinica-interoperable/node_modules/next/dist/build/segment-config/pages/pages-segment-config.d.ts"
    ],
    "ultima_modificacion": "2025-08-01 01:01:45.668129"
  },
  "store.d.ts": {
    "app_sintetizada": "STORE.D.TS",
    "cantidad_archivos": 2,
    "archivos_fuente": [
      "Library/CloudStorage/Dropbox/APPS HIPERFOCO.CL/AGENDAS CLINICAS CENTROS SALUD PUBLICOS Y PRIVADOS/agenda-clinica-interoperable/node_modules/next/dist/build/output/store.d.ts",
      "Library/CloudStorage/Dropbox/APPS HIPERFOCO.CL/AGENDAS CLINICAS CENTROS SALUD PUBLICOS Y PRIVADOS/AGENDA CLINICA PORTABLE E INTEROPERAPLE/AGENDA CLI\u0301NICA INTEROPERABLE/agenda-clinica-interoperable/node_modules/next/dist/build/output/store.d.ts"
    ],
    "ultima_modificacion": "2025-08-01 01:01:45.668351"
  },
  "log.d.ts": {
    "app_sintetizada": "LOG.D.TS",
    "cantidad_archivos": 4,
    "archivos_fuente": [
      "Library/CloudStorage/Dropbox/APPS HIPERFOCO.CL/AGENDAS CLINICAS CENTROS SALUD PUBLICOS Y PRIVADOS/agenda-clinica-interoperable/node_modules/next/dist/build/output/log.d.ts",
      "Library/CloudStorage/Dropbox/APPS HIPERFOCO.CL/AGENDAS CLINICAS CENTROS SALUD PUBLICOS Y PRIVADOS/agenda-clinica-interoperable/node_modules/eslint-plugin-react/lib/util/log.d.ts",
      "Library/CloudStorage/Dropbox/APPS HIPERFOCO.CL/AGENDAS CLINICAS CENTROS SALUD PUBLICOS Y PRIVADOS/AGENDA CLINICA PORTABLE E INTEROPERAPLE/AGENDA CLI\u0301NICA INTEROPERABLE/agenda-clinica-interoperable/node_modules/next/dist/build/output/log.d.ts",
      "Library/CloudStorage/Dropbox/APPS HIPERFOCO.CL/AGENDAS CLINICAS CENTROS SALUD PUBLICOS Y PRIVADOS/AGENDA CLINICA PORTABLE E INTEROPERAPLE/AGENDA CLI\u0301NICA INTEROPERABLE/agenda-clinica-interoperable/node_modules/eslint-plugin-react/lib/util/log.d.ts"
    ],
    "ultima_modificacion": "2025-08-01 01:01:45.668557"
  },
  "format.d.ts": {
    "app_sintetizada": "FORMAT.D.TS",
    "cantidad_archivos": 4,
    "archivos_fuente": [
      "Library/CloudStorage/Dropbox/APPS HIPERFOCO.CL/AGENDAS CLINICAS CENTROS SALUD PUBLICOS Y PRIVADOS/agenda-clinica-interoperable/node_modules/next/dist/build/output/format.d.ts",
      "Library/CloudStorage/Dropbox/APPS HIPERFOCO.CL/AGENDAS CLINICAS CENTROS SALUD PUBLICOS Y PRIVADOS/agenda-clinica-interoperable/node_modules/@typescript-eslint/eslint-plugin/dist/rules/naming-convention-utils/format.d.ts",
      "Library/CloudStorage/Dropbox/APPS HIPERFOCO.CL/AGENDAS CLINICAS CENTROS SALUD PUBLICOS Y PRIVADOS/AGENDA CLINICA PORTABLE E INTEROPERAPLE/AGENDA CLI\u0301NICA INTEROPERABLE/agenda-clinica-interoperable/node_modules/next/dist/build/output/format.d.ts",
      "Library/CloudStorage/Dropbox/APPS HIPERFOCO.CL/AGENDAS CLINICAS CENTROS SALUD PUBLICOS Y PRIVADOS/AGENDA CLINICA PORTABLE E INTEROPERAPLE/AGENDA CLI\u0301NICA INTEROPERABLE/agenda-clinica-interoperable/node_modules/@typescript-eslint/eslint-plugin/dist/rules/naming-convention-utils/format.d.ts"
    ],
    "ultima_modificacion": "2025-08-01 01:01:45.668785"
  },
  "impl.d.ts": {
    "app_sintetizada": "IMPL.D.TS",
    "cantidad_archivos": 4,
    "archivos_fuente": [
      "Library/CloudStorage/Dropbox/APPS HIPERFOCO.CL/AGENDAS CLINICAS CENTROS SALUD PUBLICOS Y PRIVADOS/agenda-clinica-interoperable/node_modules/next/dist/build/webpack-build/impl.d.ts",
      "Library/CloudStorage/Dropbox/APPS HIPERFOCO.CL/AGENDAS CLINICAS CENTROS SALUD PUBLICOS Y PRIVADOS/agenda-clinica-interoperable/node_modules/next/dist/build/turbopack-build/impl.d.ts",
      "Library/CloudStorage/Dropbox/APPS HIPERFOCO.CL/AGENDAS CLINICAS CENTROS SALUD PUBLICOS Y PRIVADOS/AGENDA CLINICA PORTABLE E INTEROPERAPLE/AGENDA CLI\u0301NICA INTEROPERABLE/agenda-clinica-interoperable/node_modules/next/dist/build/webpack-build/impl.d.ts",
      "Library/CloudStorage/Dropbox/APPS HIPERFOCO.CL/AGENDAS CLINICAS CENTROS SALUD PUBLICOS Y PRIVADOS/AGENDA CLINICA PORTABLE E INTEROPERAPLE/AGENDA CLI\u0301NICA INTEROPERABLE/agenda-clinica-interoperable/node_modules/next/dist/build/turbopack-build/impl.d.ts"
    ],
    "ultima_modificacion": "2025-08-01 01:01:45.669128"
  },
  "result.d.ts": {
    "app_sintetizada": "RESULT.D.TS",
    "cantidad_archivos": 6,
    "archivos_fuente": [
      "Library/CloudStorage/Dropbox/APPS HIPERFOCO.CL/AGENDAS CLINICAS CENTROS SALUD PUBLICOS Y PRIVADOS/agenda-clinica-interoperable/node_modules/next/dist/build/turborepo-access-trace/result.d.ts",
      "Library/CloudStorage/Dropbox/APPS HIPERFOCO.CL/AGENDAS CLINICAS CENTROS SALUD PUBLICOS Y PRIVADOS/agenda-clinica-interoperable/node_modules/next/node_modules/postcss/lib/result.d.ts",
      "Library/CloudStorage/Dropbox/APPS HIPERFOCO.CL/AGENDAS CLINICAS CENTROS SALUD PUBLICOS Y PRIVADOS/agenda-clinica-interoperable/node_modules/postcss/lib/result.d.ts",
      "Library/CloudStorage/Dropbox/APPS HIPERFOCO.CL/AGENDAS CLINICAS CENTROS SALUD PUBLICOS Y PRIVADOS/AGENDA CLINICA PORTABLE E INTEROPERAPLE/AGENDA CLI\u0301NICA INTEROPERABLE/agenda-clinica-interoperable/node_modules/next/dist/build/turborepo-access-trace/result.d.ts",
      "Library/CloudStorage/Dropbox/APPS HIPERFOCO.CL/AGENDAS CLINICAS CENTROS SALUD PUBLICOS Y PRIVADOS/AGENDA CLINICA PORTABLE E INTEROPERAPLE/AGENDA CLI\u0301NICA INTEROPERABLE/agenda-clinica-interoperable/node_modules/next/node_modules/postcss/lib/result.d.ts",
      "Library/CloudStorage/Dropbox/APPS HIPERFOCO.CL/AGENDAS CLINICAS CENTROS SALUD PUBLICOS Y PRIVADOS/AGENDA CLINICA PORTABLE E INTEROPERAPLE/AGENDA CLI\u0301NICA INTEROPERABLE/agenda-clinica-interoperable/node_modules/postcss/lib/result.d.ts"
    ],
    "ultima_modificacion": "2025-08-01 01:01:45.669385"
  },
  "env.d.ts": {
    "app_sintetizada": "ENV.D.TS",
    "cantidad_archivos": 5,
    "archivos_fuente": [
      "Library/CloudStorage/Dropbox/APPS HIPERFOCO.CL/AGENDAS CLINICAS CENTROS SALUD PUBLICOS Y PRIVADOS/agenda-clinica-interoperable/node_modules/next/dist/build/turborepo-access-trace/env.d.ts",
      "Library/CloudStorage/Dropbox/APPS HIPERFOCO.CL/AGENDAS CLINICAS CENTROS SALUD PUBLICOS Y PRIVADOS/agenda-clinica-interoperable/node_modules/set-function-length/env.d.ts",
      "Library/CloudStorage/Dropbox/APPS HIPERFOCO.CL/AGENDAS CLINICAS CENTROS SALUD PUBLICOS Y PRIVADOS/AGENDA CLINICA PORTABLE E INTEROPERAPLE/AGENDA CLI\u0301NICA INTEROPERABLE/agenda-clinica-interoperable/node_modules/next/dist/build/turborepo-access-trace/env.d.ts",
      "Library/CloudStorage/Dropbox/APPS HIPERFOCO.CL/AGENDAS CLINICAS CENTROS SALUD PUBLICOS Y PRIVADOS/AGENDA CLINICA PORTABLE E INTEROPERAPLE/AGENDA CLI\u0301NICA INTEROPERABLE/agenda-clinica-interoperable/node_modules/set-function-length/env.d.ts",
      "Library/CloudStorage/Dropbox/DIVERGENTEMENTE/home 10/ubuntu/agenda_clinica_demo/env.d.ts"
    ],
    "ultima_modificacion": "2025-08-01 01:01:45.669786"
  },
  "tcp.d.ts": {
    "app_sintetizada": "TCP.D.TS",
    "cantidad_archivos": 2,
    "archivos_fuente": [
      "Library/CloudStorage/Dropbox/APPS HIPERFOCO.CL/AGENDAS CLINICAS CENTROS SALUD PUBLICOS Y PRIVADOS/agenda-clinica-interoperable/node_modules/next/dist/build/turborepo-access-trace/tcp.d.ts",
      "Library/CloudStorage/Dropbox/APPS HIPERFOCO.CL/AGENDAS CLINICAS CENTROS SALUD PUBLICOS Y PRIVADOS/AGENDA CLINICA PORTABLE E INTEROPERAPLE/AGENDA CLI\u0301NICA INTEROPERABLE/agenda-clinica-interoperable/node_modules/next/dist/build/turborepo-access-trace/tcp.d.ts"
    ],
    "ultima_modificacion": "2025-08-01 01:01:45.670061"
  },
  "options.d.ts": {
    "app_sintetizada": "OPTIONS.D.TS",
    "cantidad_archivos": 6,
    "archivos_fuente": [
      "Library/CloudStorage/Dropbox/APPS HIPERFOCO.CL/AGENDAS CLINICAS CENTROS SALUD PUBLICOS Y PRIVADOS/agenda-clinica-interoperable/node_modules/next/dist/build/swc/options.d.ts",
      "Library/CloudStorage/Dropbox/APPS HIPERFOCO.CL/AGENDAS CLINICAS CENTROS SALUD PUBLICOS Y PRIVADOS/agenda-clinica-interoperable/node_modules/tsconfig-paths/lib/options.d.ts",
      "Library/CloudStorage/Dropbox/APPS HIPERFOCO.CL/AGENDAS CLINICAS CENTROS SALUD PUBLICOS Y PRIVADOS/agenda-clinica-interoperable/node_modules/zod-to-json-schema/dist/types/Options.d.ts",
      "Library/CloudStorage/Dropbox/APPS HIPERFOCO.CL/AGENDAS CLINICAS CENTROS SALUD PUBLICOS Y PRIVADOS/AGENDA CLINICA PORTABLE E INTEROPERAPLE/AGENDA CLI\u0301NICA INTEROPERABLE/agenda-clinica-interoperable/node_modules/next/dist/build/swc/options.d.ts",
      "Library/CloudStorage/Dropbox/APPS HIPERFOCO.CL/AGENDAS CLINICAS CENTROS SALUD PUBLICOS Y PRIVADOS/AGENDA CLINICA PORTABLE E INTEROPERAPLE/AGENDA CLI\u0301NICA INTEROPERABLE/agenda-clinica-interoperable/node_modules/tsconfig-paths/lib/options.d.ts",
      "Library/CloudStorage/Dropbox/APPS HIPERFOCO.CL/AGENDAS CLINICAS CENTROS SALUD PUBLICOS Y PRIVADOS/AGENDA CLINICA PORTABLE E INTEROPERAPLE/AGENDA CLI\u0301NICA INTEROPERABLE/agenda-clinica-interoperable/node_modules/zod-to-json-schema/dist/types/Options.d.ts"
    ],
    "ultima_modificacion": "2025-08-01 01:01:45.670377"
  },
  "jesttransformer.d.ts": {
    "app_sintetizada": "JESTTRANSFORMER.D.TS",
    "cantidad_archivos": 2,
    "archivos_fuente": [
      "Library/CloudStorage/Dropbox/APPS HIPERFOCO.CL/AGENDAS CLINICAS CENTROS SALUD PUBLICOS Y PRIVADOS/agenda-clinica-interoperable/node_modules/next/dist/build/swc/jest-transformer.d.ts",
      "Library/CloudStorage/Dropbox/APPS HIPERFOCO.CL/AGENDAS CLINICAS CENTROS SALUD PUBLICOS Y PRIVADOS/AGENDA CLINICA PORTABLE E INTEROPERAPLE/AGENDA CLI\u0301NICA INTEROPERABLE/agenda-clinica-interoperable/node_modules/next/dist/build/swc/jest-transformer.d.ts"
    ],
    "ultima_modificacion": "2025-08-01 01:01:45.670715"
  },
  "stringifyrequest.d.ts": {
    "app_sintetizada": "STRINGIFYREQUEST.D.TS",
    "cantidad_archivos": 2,
    "archivos_fuente": [
      "Library/CloudStorage/Dropbox/APPS HIPERFOCO.CL/AGENDAS CLINICAS CENTROS SALUD PUBLICOS Y PRIVADOS/agenda-clinica-interoperable/node_modules/next/dist/build/webpack/stringify-request.d.ts",
      "Library/CloudStorage/Dropbox/APPS HIPERFOCO.CL/AGENDAS CLINICAS CENTROS SALUD PUBLICOS Y PRIVADOS/AGENDA CLINICA PORTABLE E INTEROPERAPLE/AGENDA CLI\u0301NICA INTEROPERABLE/agenda-clinica-interoperable/node_modules/next/dist/build/webpack/stringify-request.d.ts"
    ],
    "ultima_modificacion": "2025-08-01 01:01:45.671014"
  },
  "base.d.ts": {
    "app_sintetizada": "BASE.D.TS",
    "cantidad_archivos": 8,
    "archivos_fuente": [
      "Library/CloudStorage/Dropbox/APPS HIPERFOCO.CL/AGENDAS CLINICAS CENTROS SALUD PUBLICOS Y PRIVADOS/agenda-clinica-interoperable/node_modules/next/dist/build/webpack/config/blocks/base.d.ts",
      "Library/CloudStorage/Dropbox/APPS HIPERFOCO.CL/AGENDAS CLINICAS CENTROS SALUD PUBLICOS Y PRIVADOS/agenda-clinica-interoperable/node_modules/next/dist/client/components/react-dev-overlay/ui/styles/base.d.ts",
      "Library/CloudStorage/Dropbox/APPS HIPERFOCO.CL/AGENDAS CLINICAS CENTROS SALUD PUBLICOS Y PRIVADOS/agenda-clinica-interoperable/node_modules/@typescript-eslint/eslint-plugin/dist/configs/flat/base.d.ts",
      "Library/CloudStorage/Dropbox/APPS HIPERFOCO.CL/AGENDAS CLINICAS CENTROS SALUD PUBLICOS Y PRIVADOS/agenda-clinica-interoperable/node_modules/@typescript-eslint/eslint-plugin/dist/configs/eslintrc/base.d.ts",
      "Library/CloudStorage/Dropbox/APPS HIPERFOCO.CL/AGENDAS CLINICAS CENTROS SALUD PUBLICOS Y PRIVADOS/AGENDA CLINICA PORTABLE E INTEROPERAPLE/AGENDA CLI\u0301NICA INTEROPERABLE/agenda-clinica-interoperable/node_modules/next/dist/build/webpack/config/blocks/base.d.ts",
      "Library/CloudStorage/Dropbox/APPS HIPERFOCO.CL/AGENDAS CLINICAS CENTROS SALUD PUBLICOS Y PRIVADOS/AGENDA CLINICA PORTABLE E INTEROPERAPLE/AGENDA CLI\u0301NICA INTEROPERABLE/agenda-clinica-interoperable/node_modules/next/dist/client/components/react-dev-overlay/ui/styles/base.d.ts",
      "Library/CloudStorage/Dropbox/APPS HIPERFOCO.CL/AGENDAS CLINICAS CENTROS SALUD PUBLICOS Y PRIVADOS/AGENDA CLINICA PORTABLE E INTEROPERAPLE/AGENDA CLI\u0301NICA INTEROPERABLE/agenda-clinica-interoperable/node_modules/@typescript-eslint/eslint-plugin/dist/configs/flat/base.d.ts",
      "Library/CloudStorage/Dropbox/APPS HIPERFOCO.CL/AGENDAS CLINICAS CENTROS SALUD PUBLICOS Y PRIVADOS/AGENDA CLINICA PORTABLE E INTEROPERAPLE/AGENDA CLI\u0301NICA INTEROPERABLE/agenda-clinica-interoperable/node_modules/@typescript-eslint/eslint-plugin/dist/configs/eslintrc/base.d.ts"
    ],
    "ultima_modificacion": "2025-08-01 01:01:45.671263"
  },
  "nextfont.d.ts": {
    "app_sintetizada": "NEXTFONT.D.TS",
    "cantidad_archivos": 2,
    "archivos_fuente": [
      "Library/CloudStorage/Dropbox/APPS HIPERFOCO.CL/AGENDAS CLINICAS CENTROS SALUD PUBLICOS Y PRIVADOS/agenda-clinica-interoperable/node_modules/next/dist/build/webpack/config/blocks/css/loaders/next-font.d.ts",
      "Library/CloudStorage/Dropbox/APPS HIPERFOCO.CL/AGENDAS CLINICAS CENTROS SALUD PUBLICOS Y PRIVADOS/AGENDA CLINICA PORTABLE E INTEROPERAPLE/AGENDA CLI\u0301NICA INTEROPERABLE/agenda-clinica-interoperable/node_modules/next/dist/build/webpack/config/blocks/css/loaders/next-font.d.ts"
    ],
    "ultima_modificacion": "2025-08-01 01:01:45.671515"
  },
  "getcssmodulelocalident.d.ts": {
    "app_sintetizada": "GETCSSMODULELOCALIDENT.D.TS",
    "cantidad_archivos": 2,
    "archivos_fuente": [
      "Library/CloudStorage/Dropbox/APPS HIPERFOCO.CL/AGENDAS CLINICAS CENTROS SALUD PUBLICOS Y PRIVADOS/agenda-clinica-interoperable/node_modules/next/dist/build/webpack/config/blocks/css/loaders/getCssModuleLocalIdent.d.ts",
      "Library/CloudStorage/Dropbox/APPS HIPERFOCO.CL/AGENDAS CLINICAS CENTROS SALUD PUBLICOS Y PRIVADOS/AGENDA CLINICA PORTABLE E INTEROPERAPLE/AGENDA CLI\u0301NICA INTEROPERABLE/agenda-clinica-interoperable/node_modules/next/dist/build/webpack/config/blocks/css/loaders/getCssModuleLocalIdent.d.ts"
    ],
    "ultima_modificacion": "2025-08-01 01:01:45.671814"
  },
  "modules.d.ts": {
    "app_sintetizada": "MODULES.D.TS",
    "cantidad_archivos": 2,
    "archivos_fuente": [
      "Library/CloudStorage/Dropbox/APPS HIPERFOCO.CL/AGENDAS CLINICAS CENTROS SALUD PUBLICOS Y PRIVADOS/agenda-clinica-interoperable/node_modules/next/dist/build/webpack/config/blocks/css/loaders/modules.d.ts",
      "Library/CloudStorage/Dropbox/APPS HIPERFOCO.CL/AGENDAS CLINICAS CENTROS SALUD PUBLICOS Y PRIVADOS/AGENDA CLINICA PORTABLE E INTEROPERAPLE/AGENDA CLI\u0301NICA INTEROPERABLE/agenda-clinica-interoperable/node_modules/next/dist/build/webpack/config/blocks/css/loaders/modules.d.ts"
    ],
    "ultima_modificacion": "2025-08-01 01:01:45.672076"
  },
  "fileresolve.d.ts": {
    "app_sintetizada": "FILERESOLVE.D.TS",
    "cantidad_archivos": 2,
    "archivos_fuente": [
      "Library/CloudStorage/Dropbox/APPS HIPERFOCO.CL/AGENDAS CLINICAS CENTROS SALUD PUBLICOS Y PRIVADOS/agenda-clinica-interoperable/node_modules/next/dist/build/webpack/config/blocks/css/loaders/file-resolve.d.ts",
      "Library/CloudStorage/Dropbox/APPS HIPERFOCO.CL/AGENDAS CLINICAS CENTROS SALUD PUBLICOS Y PRIVADOS/AGENDA CLINICA PORTABLE E INTEROPERAPLE/AGENDA CLI\u0301NICA INTEROPERABLE/agenda-clinica-interoperable/node_modules/next/dist/build/webpack/config/blocks/css/loaders/file-resolve.d.ts"
    ],
    "ultima_modificacion": "2025-08-01 01:01:45.672414"
  },
  "nextjsrequirecachehotreloader.d.ts": {
    "app_sintetizada": "NEXTJSREQUIRECACHEHOTRELOADER.D.TS",
    "cantidad_archivos": 2,
    "archivos_fuente": [
      "Library/CloudStorage/Dropbox/APPS HIPERFOCO.CL/AGENDAS CLINICAS CENTROS SALUD PUBLICOS Y PRIVADOS/agenda-clinica-interoperable/node_modules/next/dist/build/webpack/plugins/nextjs-require-cache-hot-reloader.d.ts",
      "Library/CloudStorage/Dropbox/APPS HIPERFOCO.CL/AGENDAS CLINICAS CENTROS SALUD PUBLICOS Y PRIVADOS/AGENDA CLINICA PORTABLE E INTEROPERAPLE/AGENDA CLI\u0301NICA INTEROPERABLE/agenda-clinica-interoperable/node_modules/next/dist/build/webpack/plugins/nextjs-require-cache-hot-reloader.d.ts"
    ],
    "ultima_modificacion": "2025-08-01 01:01:45.672776"
  },
  "jsconfigpathsplugin.d.ts": {
    "app_sintetizada": "JSCONFIGPATHSPLUGIN.D.TS",
    "cantidad_archivos": 2,
    "archivos_fuente": [
      "Library/CloudStorage/Dropbox/APPS HIPERFOCO.CL/AGENDAS CLINICAS CENTROS SALUD PUBLICOS Y PRIVADOS/agenda-clinica-interoperable/node_modules/next/dist/build/webpack/plugins/jsconfig-paths-plugin.d.ts",
      "Library/CloudStorage/Dropbox/APPS HIPERFOCO.CL/AGENDAS CLINICAS CENTROS SALUD PUBLICOS Y PRIVADOS/AGENDA CLINICA PORTABLE E INTEROPERAPLE/AGENDA CLI\u0301NICA INTEROPERABLE/agenda-clinica-interoperable/node_modules/next/dist/build/webpack/plugins/jsconfig-paths-plugin.d.ts"
    ],
    "ultima_modificacion": "2025-08-01 01:01:45.673052"
  },
  "profilingplugin.d.ts": {
    "app_sintetizada": "PROFILINGPLUGIN.D.TS",
    "cantidad_archivos": 2,
    "archivos_fuente": [
      "Library/CloudStorage/Dropbox/APPS HIPERFOCO.CL/AGENDAS CLINICAS CENTROS SALUD PUBLICOS Y PRIVADOS/agenda-clinica-interoperable/node_modules/next/dist/build/webpack/plugins/profiling-plugin.d.ts",
      "Library/CloudStorage/Dropbox/APPS HIPERFOCO.CL/AGENDAS CLINICAS CENTROS SALUD PUBLICOS Y PRIVADOS/AGENDA CLINICA PORTABLE E INTEROPERAPLE/AGENDA CLI\u0301NICA INTEROPERABLE/agenda-clinica-interoperable/node_modules/next/dist/build/webpack/plugins/profiling-plugin.d.ts"
    ],
    "ultima_modificacion": "2025-08-01 01:01:45.673336"
  },
  "devtoolsignorelistplugin.d.ts": {
    "app_sintetizada": "DEVTOOLSIGNORELISTPLUGIN.D.TS",
    "cantidad_archivos": 2,
    "archivos_fuente": [
      "Library/CloudStorage/Dropbox/APPS HIPERFOCO.CL/AGENDAS CLINICAS CENTROS SALUD PUBLICOS Y PRIVADOS/agenda-clinica-interoperable/node_modules/next/dist/build/webpack/plugins/devtools-ignore-list-plugin.d.ts",
      "Library/CloudStorage/Dropbox/APPS HIPERFOCO.CL/AGENDAS CLINICAS CENTROS SALUD PUBLICOS Y PRIVADOS/AGENDA CLINICA PORTABLE E INTEROPERAPLE/AGENDA CLI\u0301NICA INTEROPERABLE/agenda-clinica-interoperable/node_modules/next/dist/build/webpack/plugins/devtools-ignore-list-plugin.d.ts"
    ],
    "ultima_modificacion": "2025-08-01 01:01:45.673687"
  },
  "minicssextractplugin.d.ts": {
    "app_sintetizada": "MINICSSEXTRACTPLUGIN.D.TS",
    "cantidad_archivos": 2,
    "archivos_fuente": [
      "Library/CloudStorage/Dropbox/APPS HIPERFOCO.CL/AGENDAS CLINICAS CENTROS SALUD PUBLICOS Y PRIVADOS/agenda-clinica-interoperable/node_modules/next/dist/build/webpack/plugins/mini-css-extract-plugin.d.ts",
      "Library/CloudStorage/Dropbox/APPS HIPERFOCO.CL/AGENDAS CLINICAS CENTROS SALUD PUBLICOS Y PRIVADOS/AGENDA CLINICA PORTABLE E INTEROPERAPLE/AGENDA CLI\u0301NICA INTEROPERABLE/agenda-clinica-interoperable/node_modules/next/dist/build/webpack/plugins/mini-css-extract-plugin.d.ts"
    ],
    "ultima_modificacion": "2025-08-01 01:01:45.673944"
  },
  "memorywithgccacheplugin.d.ts": {
    "app_sintetizada": "MEMORYWITHGCCACHEPLUGIN.D.TS",
    "cantidad_archivos": 2,
    "archivos_fuente": [
      "Library/CloudStorage/Dropbox/APPS HIPERFOCO.CL/AGENDAS CLINICAS CENTROS SALUD PUBLICOS Y PRIVADOS/agenda-clinica-interoperable/node_modules/next/dist/build/webpack/plugins/memory-with-gc-cache-plugin.d.ts",
      "Library/CloudStorage/Dropbox/APPS HIPERFOCO.CL/AGENDAS CLINICAS CENTROS SALUD PUBLICOS Y PRIVADOS/AGENDA CLINICA PORTABLE E INTEROPERAPLE/AGENDA CLI\u0301NICA INTEROPERABLE/agenda-clinica-interoperable/node_modules/next/dist/build/webpack/plugins/memory-with-gc-cache-plugin.d.ts"
    ],
    "ultima_modificacion": "2025-08-01 01:01:45.674204"
  },
  "defineenvplugin.d.ts": {
    "app_sintetizada": "DEFINEENVPLUGIN.D.TS",
    "cantidad_archivos": 2,
    "archivos_fuente": [
      "Library/CloudStorage/Dropbox/APPS HIPERFOCO.CL/AGENDAS CLINICAS CENTROS SALUD PUBLICOS Y PRIVADOS/agenda-clinica-interoperable/node_modules/next/dist/build/webpack/plugins/define-env-plugin.d.ts",
      "Library/CloudStorage/Dropbox/APPS HIPERFOCO.CL/AGENDAS CLINICAS CENTROS SALUD PUBLICOS Y PRIVADOS/AGENDA CLINICA PORTABLE E INTEROPERAPLE/AGENDA CLI\u0301NICA INTEROPERABLE/agenda-clinica-interoperable/node_modules/next/dist/build/webpack/plugins/define-env-plugin.d.ts"
    ],
    "ultima_modificacion": "2025-08-01 01:01:45.674453"
  },
  "nexttraceentrypointsplugin.d.ts": {
    "app_sintetizada": "NEXTTRACEENTRYPOINTSPLUGIN.D.TS",
    "cantidad_archivos": 2,
    "archivos_fuente": [
      "Library/CloudStorage/Dropbox/APPS HIPERFOCO.CL/AGENDAS CLINICAS CENTROS SALUD PUBLICOS Y PRIVADOS/agenda-clinica-interoperable/node_modules/next/dist/build/webpack/plugins/next-trace-entrypoints-plugin.d.ts",
      "Library/CloudStorage/Dropbox/APPS HIPERFOCO.CL/AGENDAS CLINICAS CENTROS SALUD PUBLICOS Y PRIVADOS/AGENDA CLINICA PORTABLE E INTEROPERAPLE/AGENDA CLI\u0301NICA INTEROPERABLE/agenda-clinica-interoperable/node_modules/next/dist/build/webpack/plugins/next-trace-entrypoints-plugin.d.ts"
    ],
    "ultima_modificacion": "2025-08-01 01:01:45.674706"
  },
  "copyfileplugin.d.ts": {
    "app_sintetizada": "COPYFILEPLUGIN.D.TS",
    "cantidad_archivos": 2,
    "archivos_fuente": [
      "Library/CloudStorage/Dropbox/APPS HIPERFOCO.CL/AGENDAS CLINICAS CENTROS SALUD PUBLICOS Y PRIVADOS/agenda-clinica-interoperable/node_modules/next/dist/build/webpack/plugins/copy-file-plugin.d.ts",
      "Library/CloudStorage/Dropbox/APPS HIPERFOCO.CL/AGENDAS CLINICAS CENTROS SALUD PUBLICOS Y PRIVADOS/AGENDA CLINICA PORTABLE E INTEROPERAPLE/AGENDA CLI\u0301NICA INTEROPERABLE/agenda-clinica-interoperable/node_modules/next/dist/build/webpack/plugins/copy-file-plugin.d.ts"
    ],
    "ultima_modificacion": "2025-08-01 01:01:45.674989"
  },
  "subresourceintegrityplugin.d.ts": {
    "app_sintetizada": "SUBRESOURCEINTEGRITYPLUGIN.D.TS",
    "cantidad_archivos": 2,
    "archivos_fuente": [
      "Library/CloudStorage/Dropbox/APPS HIPERFOCO.CL/AGENDAS CLINICAS CENTROS SALUD PUBLICOS Y PRIVADOS/agenda-clinica-interoperable/node_modules/next/dist/build/webpack/plugins/subresource-integrity-plugin.d.ts",
      "Library/CloudStorage/Dropbox/APPS HIPERFOCO.CL/AGENDAS CLINICAS CENTROS SALUD PUBLICOS Y PRIVADOS/AGENDA CLINICA PORTABLE E INTEROPERAPLE/AGENDA CLI\u0301NICA INTEROPERABLE/agenda-clinica-interoperable/node_modules/next/dist/build/webpack/plugins/subresource-integrity-plugin.d.ts"
    ],
    "ultima_modificacion": "2025-08-01 01:01:45.675235"
  },
  "csschunkingplugin.d.ts": {
    "app_sintetizada": "CSSCHUNKINGPLUGIN.D.TS",
    "cantidad_archivos": 2,
    "archivos_fuente": [
      "Library/CloudStorage/Dropbox/APPS HIPERFOCO.CL/AGENDAS CLINICAS CENTROS SALUD PUBLICOS Y PRIVADOS/agenda-clinica-interoperable/node_modules/next/dist/build/webpack/plugins/css-chunking-plugin.d.ts",
      "Library/CloudStorage/Dropbox/APPS HIPERFOCO.CL/AGENDAS CLINICAS CENTROS SALUD PUBLICOS Y PRIVADOS/AGENDA CLINICA PORTABLE E INTEROPERAPLE/AGENDA CLI\u0301NICA INTEROPERABLE/agenda-clinica-interoperable/node_modules/next/dist/build/webpack/plugins/css-chunking-plugin.d.ts"
    ],
    "ultima_modificacion": "2025-08-01 01:01:45.675521"
  },
  "nextfontmanifestplugin.d.ts": {
    "app_sintetizada": "NEXTFONTMANIFESTPLUGIN.D.TS",
    "cantidad_archivos": 2,
    "archivos_fuente": [
      "Library/CloudStorage/Dropbox/APPS HIPERFOCO.CL/AGENDAS CLINICAS CENTROS SALUD PUBLICOS Y PRIVADOS/agenda-clinica-interoperable/node_modules/next/dist/build/webpack/plugins/next-font-manifest-plugin.d.ts",
      "Library/CloudStorage/Dropbox/APPS HIPERFOCO.CL/AGENDAS CLINICAS CENTROS SALUD PUBLICOS Y PRIVADOS/AGENDA CLINICA PORTABLE E INTEROPERAPLE/AGENDA CLI\u0301NICA INTEROPERABLE/agenda-clinica-interoperable/node_modules/next/dist/build/webpack/plugins/next-font-manifest-plugin.d.ts"
    ],
    "ultima_modificacion": "2025-08-01 01:01:45.675775"
  },
  "middlewareplugin.d.ts": {
    "app_sintetizada": "MIDDLEWAREPLUGIN.D.TS",
    "cantidad_archivos": 2,
    "archivos_fuente": [
      "Library/CloudStorage/Dropbox/APPS HIPERFOCO.CL/AGENDAS CLINICAS CENTROS SALUD PUBLICOS Y PRIVADOS/agenda-clinica-interoperable/node_modules/next/dist/build/webpack/plugins/middleware-plugin.d.ts",
      "Library/CloudStorage/Dropbox/APPS HIPERFOCO.CL/AGENDAS CLINICAS CENTROS SALUD PUBLICOS Y PRIVADOS/AGENDA CLINICA PORTABLE E INTEROPERAPLE/AGENDA CLI\u0301NICA INTEROPERABLE/agenda-clinica-interoperable/node_modules/next/dist/build/webpack/plugins/middleware-plugin.d.ts"
    ],
    "ultima_modificacion": "2025-08-01 01:01:45.676078"
  },
  "rspackprofilingplugin.d.ts": {
    "app_sintetizada": "RSPACKPROFILINGPLUGIN.D.TS",
    "cantidad_archivos": 2,
    "archivos_fuente": [
      "Library/CloudStorage/Dropbox/APPS HIPERFOCO.CL/AGENDAS CLINICAS CENTROS SALUD PUBLICOS Y PRIVADOS/agenda-clinica-interoperable/node_modules/next/dist/build/webpack/plugins/rspack-profiling-plugin.d.ts",
      "Library/CloudStorage/Dropbox/APPS HIPERFOCO.CL/AGENDAS CLINICAS CENTROS SALUD PUBLICOS Y PRIVADOS/AGENDA CLINICA PORTABLE E INTEROPERAPLE/AGENDA CLI\u0301NICA INTEROPERABLE/agenda-clinica-interoperable/node_modules/next/dist/build/webpack/plugins/rspack-profiling-plugin.d.ts"
    ],
    "ultima_modificacion": "2025-08-01 01:01:45.676319"
  },
  "slowmoduledetectionplugin.d.ts": {
    "app_sintetizada": "SLOWMODULEDETECTIONPLUGIN.D.TS",
    "cantidad_archivos": 2,
    "archivos_fuente": [
      "Library/CloudStorage/Dropbox/APPS HIPERFOCO.CL/AGENDAS CLINICAS CENTROS SALUD PUBLICOS Y PRIVADOS/agenda-clinica-interoperable/node_modules/next/dist/build/webpack/plugins/slow-module-detection-plugin.d.ts",
      "Library/CloudStorage/Dropbox/APPS HIPERFOCO.CL/AGENDAS CLINICAS CENTROS SALUD PUBLICOS Y PRIVADOS/AGENDA CLINICA PORTABLE E INTEROPERAPLE/AGENDA CLI\u0301NICA INTEROPERABLE/agenda-clinica-interoperable/node_modules/next/dist/build/webpack/plugins/slow-module-detection-plugin.d.ts"
    ],
    "ultima_modificacion": "2025-08-01 01:01:45.676535"
  },
  "flightcliententryplugin.d.ts": {
    "app_sintetizada": "FLIGHTCLIENTENTRYPLUGIN.D.TS",
    "cantidad_archivos": 2,
    "archivos_fuente": [
      "Library/CloudStorage/Dropbox/APPS HIPERFOCO.CL/AGENDAS CLINICAS CENTROS SALUD PUBLICOS Y PRIVADOS/agenda-clinica-interoperable/node_modules/next/dist/build/webpack/plugins/flight-client-entry-plugin.d.ts",
      "Library/CloudStorage/Dropbox/APPS HIPERFOCO.CL/AGENDAS CLINICAS CENTROS SALUD PUBLICOS Y PRIVADOS/AGENDA CLINICA PORTABLE E INTEROPERAPLE/AGENDA CLI\u0301NICA INTEROPERABLE/agenda-clinica-interoperable/node_modules/next/dist/build/webpack/plugins/flight-client-entry-plugin.d.ts"
    ],
    "ultima_modificacion": "2025-08-01 01:01:45.676727"
  },
  "appbuildmanifestplugin.d.ts": {
    "app_sintetizada": "APPBUILDMANIFESTPLUGIN.D.TS",
    "cantidad_archivos": 2,
    "archivos_fuente": [
      "Library/CloudStorage/Dropbox/APPS HIPERFOCO.CL/AGENDAS CLINICAS CENTROS SALUD PUBLICOS Y PRIVADOS/agenda-clinica-interoperable/node_modules/next/dist/build/webpack/plugins/app-build-manifest-plugin.d.ts",
      "Library/CloudStorage/Dropbox/APPS HIPERFOCO.CL/AGENDAS CLINICAS CENTROS SALUD PUBLICOS Y PRIVADOS/AGENDA CLINICA PORTABLE E INTEROPERAPLE/AGENDA CLI\u0301NICA INTEROPERABLE/agenda-clinica-interoperable/node_modules/next/dist/build/webpack/plugins/app-build-manifest-plugin.d.ts"
    ],
    "ultima_modificacion": "2025-08-01 01:01:45.676937"
  },
  "rspackflightcliententryplugin.d.ts": {
    "app_sintetizada": "RSPACKFLIGHTCLIENTENTRYPLUGIN.D.TS",
    "cantidad_archivos": 2,
    "archivos_fuente": [
      "Library/CloudStorage/Dropbox/APPS HIPERFOCO.CL/AGENDAS CLINICAS CENTROS SALUD PUBLICOS Y PRIVADOS/agenda-clinica-interoperable/node_modules/next/dist/build/webpack/plugins/rspack-flight-client-entry-plugin.d.ts",
      "Library/CloudStorage/Dropbox/APPS HIPERFOCO.CL/AGENDAS CLINICAS CENTROS SALUD PUBLICOS Y PRIVADOS/AGENDA CLINICA PORTABLE E INTEROPERAPLE/AGENDA CLI\u0301NICA INTEROPERABLE/agenda-clinica-interoperable/node_modules/next/dist/build/webpack/plugins/rspack-flight-client-entry-plugin.d.ts"
    ],
    "ultima_modificacion": "2025-08-01 01:01:45.677249"
  },
  "pagesmanifestplugin.d.ts": {
    "app_sintetizada": "PAGESMANIFESTPLUGIN.D.TS",
    "cantidad_archivos": 2,
    "archivos_fuente": [
      "Library/CloudStorage/Dropbox/APPS HIPERFOCO.CL/AGENDAS CLINICAS CENTROS SALUD PUBLICOS Y PRIVADOS/agenda-clinica-interoperable/node_modules/next/dist/build/webpack/plugins/pages-manifest-plugin.d.ts",
      "Library/CloudStorage/Dropbox/APPS HIPERFOCO.CL/AGENDAS CLINICAS CENTROS SALUD PUBLICOS Y PRIVADOS/AGENDA CLINICA PORTABLE E INTEROPERAPLE/AGENDA CLI\u0301NICA INTEROPERABLE/agenda-clinica-interoperable/node_modules/next/dist/build/webpack/plugins/pages-manifest-plugin.d.ts"
    ],
    "ultima_modificacion": "2025-08-01 01:01:45.677570"
  },
  "optionalpeerdependencyresolveplugin.d.ts": {
    "app_sintetizada": "OPTIONALPEERDEPENDENCYRESOLVEPLUGIN.D.TS",
    "cantidad_archivos": 2,
    "archivos_fuente": [
      "Library/CloudStorage/Dropbox/APPS HIPERFOCO.CL/AGENDAS CLINICAS CENTROS SALUD PUBLICOS Y PRIVADOS/agenda-clinica-interoperable/node_modules/next/dist/build/webpack/plugins/optional-peer-dependency-resolve-plugin.d.ts",
      "Library/CloudStorage/Dropbox/APPS HIPERFOCO.CL/AGENDAS CLINICAS CENTROS SALUD PUBLICOS Y PRIVADOS/AGENDA CLINICA PORTABLE E INTEROPERAPLE/AGENDA CLI\u0301NICA INTEROPERABLE/agenda-clinica-interoperable/node_modules/next/dist/build/webpack/plugins/optional-peer-dependency-resolve-plugin.d.ts"
    ],
    "ultima_modificacion": "2025-08-01 01:01:45.677878"
  },
  "buildmanifestplugin.d.ts": {
    "app_sintetizada": "BUILDMANIFESTPLUGIN.D.TS",
    "cantidad_archivos": 2,
    "archivos_fuente": [
      "Library/CloudStorage/Dropbox/APPS HIPERFOCO.CL/AGENDAS CLINICAS CENTROS SALUD PUBLICOS Y PRIVADOS/agenda-clinica-interoperable/node_modules/next/dist/build/webpack/plugins/build-manifest-plugin.d.ts",
      "Library/CloudStorage/Dropbox/APPS HIPERFOCO.CL/AGENDAS CLINICAS CENTROS SALUD PUBLICOS Y PRIVADOS/AGENDA CLINICA PORTABLE E INTEROPERAPLE/AGENDA CLI\u0301NICA INTEROPERABLE/agenda-clinica-interoperable/node_modules/next/dist/build/webpack/plugins/build-manifest-plugin.d.ts"
    ],
    "ultima_modificacion": "2025-08-01 01:01:45.678155"
  },
  "cssminimizerplugin.d.ts": {
    "app_sintetizada": "CSSMINIMIZERPLUGIN.D.TS",
    "cantidad_archivos": 2,
    "archivos_fuente": [
      "Library/CloudStorage/Dropbox/APPS HIPERFOCO.CL/AGENDAS CLINICAS CENTROS SALUD PUBLICOS Y PRIVADOS/agenda-clinica-interoperable/node_modules/next/dist/build/webpack/plugins/css-minimizer-plugin.d.ts",
      "Library/CloudStorage/Dropbox/APPS HIPERFOCO.CL/AGENDAS CLINICAS CENTROS SALUD PUBLICOS Y PRIVADOS/AGENDA CLINICA PORTABLE E INTEROPERAPLE/AGENDA CLI\u0301NICA INTEROPERABLE/agenda-clinica-interoperable/node_modules/next/dist/build/webpack/plugins/css-minimizer-plugin.d.ts"
    ],
    "ultima_modificacion": "2025-08-01 01:01:45.678380"
  },
  "flightmanifestplugin.d.ts": {
    "app_sintetizada": "FLIGHTMANIFESTPLUGIN.D.TS",
    "cantidad_archivos": 2,
    "archivos_fuente": [
      "Library/CloudStorage/Dropbox/APPS HIPERFOCO.CL/AGENDAS CLINICAS CENTROS SALUD PUBLICOS Y PRIVADOS/agenda-clinica-interoperable/node_modules/next/dist/build/webpack/plugins/flight-manifest-plugin.d.ts",
      "Library/CloudStorage/Dropbox/APPS HIPERFOCO.CL/AGENDAS CLINICAS CENTROS SALUD PUBLICOS Y PRIVADOS/AGENDA CLINICA PORTABLE E INTEROPERAPLE/AGENDA CLI\u0301NICA INTEROPERABLE/agenda-clinica-interoperable/node_modules/next/dist/build/webpack/plugins/flight-manifest-plugin.d.ts"
    ],
    "ultima_modificacion": "2025-08-01 01:01:45.678598"
  },
  "reactloadableplugin.d.ts": {
    "app_sintetizada": "REACTLOADABLEPLUGIN.D.TS",
    "cantidad_archivos": 4,
    "archivos_fuente": [
      "Library/CloudStorage/Dropbox/APPS HIPERFOCO.CL/AGENDAS CLINICAS CENTROS SALUD PUBLICOS Y PRIVADOS/agenda-clinica-interoperable/node_modules/next/dist/build/webpack/plugins/react-loadable-plugin.d.ts",
      "Library/CloudStorage/Dropbox/APPS HIPERFOCO.CL/AGENDAS CLINICAS CENTROS SALUD PUBLICOS Y PRIVADOS/agenda-clinica-interoperable/node_modules/next/dist/build/babel/plugins/react-loadable-plugin.d.ts",
      "Library/CloudStorage/Dropbox/APPS HIPERFOCO.CL/AGENDAS CLINICAS CENTROS SALUD PUBLICOS Y PRIVADOS/AGENDA CLINICA PORTABLE E INTEROPERAPLE/AGENDA CLI\u0301NICA INTEROPERABLE/agenda-clinica-interoperable/node_modules/next/dist/build/webpack/plugins/react-loadable-plugin.d.ts",
      "Library/CloudStorage/Dropbox/APPS HIPERFOCO.CL/AGENDAS CLINICAS CENTROS SALUD PUBLICOS Y PRIVADOS/AGENDA CLINICA PORTABLE E INTEROPERAPLE/AGENDA CLI\u0301NICA INTEROPERABLE/agenda-clinica-interoperable/node_modules/next/dist/build/babel/plugins/react-loadable-plugin.d.ts"
    ],
    "ultima_modificacion": "2025-08-01 01:01:45.678796"
  },
  "evalsourcemapdevtoolplugin.d.ts": {
    "app_sintetizada": "EVALSOURCEMAPDEVTOOLPLUGIN.D.TS",
    "cantidad_archivos": 2,
    "archivos_fuente": [
      "Library/CloudStorage/Dropbox/APPS HIPERFOCO.CL/AGENDAS CLINICAS CENTROS SALUD PUBLICOS Y PRIVADOS/agenda-clinica-interoperable/node_modules/next/dist/build/webpack/plugins/eval-source-map-dev-tool-plugin.d.ts",
      "Library/CloudStorage/Dropbox/APPS HIPERFOCO.CL/AGENDAS CLINICAS CENTROS SALUD PUBLICOS Y PRIVADOS/AGENDA CLINICA PORTABLE E INTEROPERAPLE/AGENDA CLI\u0301NICA INTEROPERABLE/agenda-clinica-interoperable/node_modules/next/dist/build/webpack/plugins/eval-source-map-dev-tool-plugin.d.ts"
    ],
    "ultima_modificacion": "2025-08-01 01:01:45.679000"
  },
  "nextdropclientpageplugin.d.ts": {
    "app_sintetizada": "NEXTDROPCLIENTPAGEPLUGIN.D.TS",
    "cantidad_archivos": 2,
    "archivos_fuente": [
      "Library/CloudStorage/Dropbox/APPS HIPERFOCO.CL/AGENDAS CLINICAS CENTROS SALUD PUBLICOS Y PRIVADOS/agenda-clinica-interoperable/node_modules/next/dist/build/webpack/plugins/next-drop-client-page-plugin.d.ts",
      "Library/CloudStorage/Dropbox/APPS HIPERFOCO.CL/AGENDAS CLINICAS CENTROS SALUD PUBLICOS Y PRIVADOS/AGENDA CLINICA PORTABLE E INTEROPERAPLE/AGENDA CLI\u0301NICA INTEROPERABLE/agenda-clinica-interoperable/node_modules/next/dist/build/webpack/plugins/next-drop-client-page-plugin.d.ts"
    ],
    "ultima_modificacion": "2025-08-01 01:01:45.679196"
  },
  "updatetelemetryloadercontextfromswc.d.ts": {
    "app_sintetizada": "UPDATETELEMETRYLOADERCONTEXTFROMSWC.D.TS",
    "cantidad_archivos": 2,
    "archivos_fuente": [
      "Library/CloudStorage/Dropbox/APPS HIPERFOCO.CL/AGENDAS CLINICAS CENTROS SALUD PUBLICOS Y PRIVADOS/agenda-clinica-interoperable/node_modules/next/dist/build/webpack/plugins/telemetry-plugin/update-telemetry-loader-context-from-swc.d.ts",
      "Library/CloudStorage/Dropbox/APPS HIPERFOCO.CL/AGENDAS CLINICAS CENTROS SALUD PUBLICOS Y PRIVADOS/AGENDA CLINICA PORTABLE E INTEROPERAPLE/AGENDA CLI\u0301NICA INTEROPERABLE/agenda-clinica-interoperable/node_modules/next/dist/build/webpack/plugins/telemetry-plugin/update-telemetry-loader-context-from-swc.d.ts"
    ],
    "ultima_modificacion": "2025-08-01 01:01:45.679373"
  },
  "usecachetrackerutils.d.ts": {
    "app_sintetizada": "USECACHETRACKERUTILS.D.TS",
    "cantidad_archivos": 2,
    "archivos_fuente": [
      "Library/CloudStorage/Dropbox/APPS HIPERFOCO.CL/AGENDAS CLINICAS CENTROS SALUD PUBLICOS Y PRIVADOS/agenda-clinica-interoperable/node_modules/next/dist/build/webpack/plugins/telemetry-plugin/use-cache-tracker-utils.d.ts",
      "Library/CloudStorage/Dropbox/APPS HIPERFOCO.CL/AGENDAS CLINICAS CENTROS SALUD PUBLICOS Y PRIVADOS/AGENDA CLINICA PORTABLE E INTEROPERAPLE/AGENDA CLI\u0301NICA INTEROPERABLE/agenda-clinica-interoperable/node_modules/next/dist/build/webpack/plugins/telemetry-plugin/use-cache-tracker-utils.d.ts"
    ],
    "ultima_modificacion": "2025-08-01 01:01:45.679560"
  },
  "telemetryplugin.d.ts": {
    "app_sintetizada": "TELEMETRYPLUGIN.D.TS",
    "cantidad_archivos": 2,
    "archivos_fuente": [
      "Library/CloudStorage/Dropbox/APPS HIPERFOCO.CL/AGENDAS CLINICAS CENTROS SALUD PUBLICOS Y PRIVADOS/agenda-clinica-interoperable/node_modules/next/dist/build/webpack/plugins/telemetry-plugin/telemetry-plugin.d.ts",
      "Library/CloudStorage/Dropbox/APPS HIPERFOCO.CL/AGENDAS CLINICAS CENTROS SALUD PUBLICOS Y PRIVADOS/AGENDA CLINICA PORTABLE E INTEROPERAPLE/AGENDA CLI\u0301NICA INTEROPERABLE/agenda-clinica-interoperable/node_modules/next/dist/build/webpack/plugins/telemetry-plugin/telemetry-plugin.d.ts"
    ],
    "ultima_modificacion": "2025-08-01 01:01:45.679952"
  },
  "parsenotfounderror.d.ts": {
    "app_sintetizada": "PARSENOTFOUNDERROR.D.TS",
    "cantidad_archivos": 2,
    "archivos_fuente": [
      "Library/CloudStorage/Dropbox/APPS HIPERFOCO.CL/AGENDAS CLINICAS CENTROS SALUD PUBLICOS Y PRIVADOS/agenda-clinica-interoperable/node_modules/next/dist/build/webpack/plugins/wellknown-errors-plugin/parseNotFoundError.d.ts",
      "Library/CloudStorage/Dropbox/APPS HIPERFOCO.CL/AGENDAS CLINICAS CENTROS SALUD PUBLICOS Y PRIVADOS/AGENDA CLINICA PORTABLE E INTEROPERAPLE/AGENDA CLI\u0301NICA INTEROPERABLE/agenda-clinica-interoperable/node_modules/next/dist/build/webpack/plugins/wellknown-errors-plugin/parseNotFoundError.d.ts"
    ],
    "ultima_modificacion": "2025-08-01 01:01:45.680133"
  },
  "webpackmoduleerror.d.ts": {
    "app_sintetizada": "WEBPACKMODULEERROR.D.TS",
    "cantidad_archivos": 2,
    "archivos_fuente": [
      "Library/CloudStorage/Dropbox/APPS HIPERFOCO.CL/AGENDAS CLINICAS CENTROS SALUD PUBLICOS Y PRIVADOS/agenda-clinica-interoperable/node_modules/next/dist/build/webpack/plugins/wellknown-errors-plugin/webpackModuleError.d.ts",
      "Library/CloudStorage/Dropbox/APPS HIPERFOCO.CL/AGENDAS CLINICAS CENTROS SALUD PUBLICOS Y PRIVADOS/AGENDA CLINICA PORTABLE E INTEROPERAPLE/AGENDA CLI\u0301NICA INTEROPERABLE/agenda-clinica-interoperable/node_modules/next/dist/build/webpack/plugins/wellknown-errors-plugin/webpackModuleError.d.ts"
    ],
    "ultima_modificacion": "2025-08-01 01:01:45.680359"
  },
  "parsecss.d.ts": {
    "app_sintetizada": "PARSECSS.D.TS",
    "cantidad_archivos": 2,
    "archivos_fuente": [
      "Library/CloudStorage/Dropbox/APPS HIPERFOCO.CL/AGENDAS CLINICAS CENTROS SALUD PUBLICOS Y PRIVADOS/agenda-clinica-interoperable/node_modules/next/dist/build/webpack/plugins/wellknown-errors-plugin/parseCss.d.ts",
      "Library/CloudStorage/Dropbox/APPS HIPERFOCO.CL/AGENDAS CLINICAS CENTROS SALUD PUBLICOS Y PRIVADOS/AGENDA CLINICA PORTABLE E INTEROPERAPLE/AGENDA CLI\u0301NICA INTEROPERABLE/agenda-clinica-interoperable/node_modules/next/dist/build/webpack/plugins/wellknown-errors-plugin/parseCss.d.ts"
    ],
    "ultima_modificacion": "2025-08-01 01:01:45.680597"
  },
  "parsenextapploadererror.d.ts": {
    "app_sintetizada": "PARSENEXTAPPLOADERERROR.D.TS",
    "cantidad_archivos": 2,
    "archivos_fuente": [
      "Library/CloudStorage/Dropbox/APPS HIPERFOCO.CL/AGENDAS CLINICAS CENTROS SALUD PUBLICOS Y PRIVADOS/agenda-clinica-interoperable/node_modules/next/dist/build/webpack/plugins/wellknown-errors-plugin/parseNextAppLoaderError.d.ts",
      "Library/CloudStorage/Dropbox/APPS HIPERFOCO.CL/AGENDAS CLINICAS CENTROS SALUD PUBLICOS Y PRIVADOS/AGENDA CLINICA PORTABLE E INTEROPERAPLE/AGENDA CLI\u0301NICA INTEROPERABLE/agenda-clinica-interoperable/node_modules/next/dist/build/webpack/plugins/wellknown-errors-plugin/parseNextAppLoaderError.d.ts"
    ],
    "ultima_modificacion": "2025-08-01 01:01:45.680836"
  },
  "parsescss.d.ts": {
    "app_sintetizada": "PARSESCSS.D.TS",
    "cantidad_archivos": 2,
    "archivos_fuente": [
      "Library/CloudStorage/Dropbox/APPS HIPERFOCO.CL/AGENDAS CLINICAS CENTROS SALUD PUBLICOS Y PRIVADOS/agenda-clinica-interoperable/node_modules/next/dist/build/webpack/plugins/wellknown-errors-plugin/parseScss.d.ts",
      "Library/CloudStorage/Dropbox/APPS HIPERFOCO.CL/AGENDAS CLINICAS CENTROS SALUD PUBLICOS Y PRIVADOS/AGENDA CLINICA PORTABLE E INTEROPERAPLE/AGENDA CLI\u0301NICA INTEROPERABLE/agenda-clinica-interoperable/node_modules/next/dist/build/webpack/plugins/wellknown-errors-plugin/parseScss.d.ts"
    ],
    "ultima_modificacion": "2025-08-01 01:01:45.681089"
  },
  "parsebabel.d.ts": {
    "app_sintetizada": "PARSEBABEL.D.TS",
    "cantidad_archivos": 2,
    "archivos_fuente": [
      "Library/CloudStorage/Dropbox/APPS HIPERFOCO.CL/AGENDAS CLINICAS CENTROS SALUD PUBLICOS Y PRIVADOS/agenda-clinica-interoperable/node_modules/next/dist/build/webpack/plugins/wellknown-errors-plugin/parseBabel.d.ts",
      "Library/CloudStorage/Dropbox/APPS HIPERFOCO.CL/AGENDAS CLINICAS CENTROS SALUD PUBLICOS Y PRIVADOS/AGENDA CLINICA PORTABLE E INTEROPERAPLE/AGENDA CLI\u0301NICA INTEROPERABLE/agenda-clinica-interoperable/node_modules/next/dist/build/webpack/plugins/wellknown-errors-plugin/parseBabel.d.ts"
    ],
    "ultima_modificacion": "2025-08-01 01:01:45.681413"
  },
  "getmoduletrace.d.ts": {
    "app_sintetizada": "GETMODULETRACE.D.TS",
    "cantidad_archivos": 2,
    "archivos_fuente": [
      "Library/CloudStorage/Dropbox/APPS HIPERFOCO.CL/AGENDAS CLINICAS CENTROS SALUD PUBLICOS Y PRIVADOS/agenda-clinica-interoperable/node_modules/next/dist/build/webpack/plugins/wellknown-errors-plugin/getModuleTrace.d.ts",
      "Library/CloudStorage/Dropbox/APPS HIPERFOCO.CL/AGENDAS CLINICAS CENTROS SALUD PUBLICOS Y PRIVADOS/AGENDA CLINICA PORTABLE E INTEROPERAPLE/AGENDA CLI\u0301NICA INTEROPERABLE/agenda-clinica-interoperable/node_modules/next/dist/build/webpack/plugins/wellknown-errors-plugin/getModuleTrace.d.ts"
    ],
    "ultima_modificacion": "2025-08-01 01:01:45.681724"
  },
  "simplewebpackerror.d.ts": {
    "app_sintetizada": "SIMPLEWEBPACKERROR.D.TS",
    "cantidad_archivos": 2,
    "archivos_fuente": [
      "Library/CloudStorage/Dropbox/APPS HIPERFOCO.CL/AGENDAS CLINICAS CENTROS SALUD PUBLICOS Y PRIVADOS/agenda-clinica-interoperable/node_modules/next/dist/build/webpack/plugins/wellknown-errors-plugin/simpleWebpackError.d.ts",
      "Library/CloudStorage/Dropbox/APPS HIPERFOCO.CL/AGENDAS CLINICAS CENTROS SALUD PUBLICOS Y PRIVADOS/AGENDA CLINICA PORTABLE E INTEROPERAPLE/AGENDA CLI\u0301NICA INTEROPERABLE/agenda-clinica-interoperable/node_modules/next/dist/build/webpack/plugins/wellknown-errors-plugin/simpleWebpackError.d.ts"
    ],
    "ultima_modificacion": "2025-08-01 01:01:45.682029"
  },
  "parsenextinvalidimporterror.d.ts": {
    "app_sintetizada": "PARSENEXTINVALIDIMPORTERROR.D.TS",
    "cantidad_archivos": 2,
    "archivos_fuente": [
      "Library/CloudStorage/Dropbox/APPS HIPERFOCO.CL/AGENDAS CLINICAS CENTROS SALUD PUBLICOS Y PRIVADOS/agenda-clinica-interoperable/node_modules/next/dist/build/webpack/plugins/wellknown-errors-plugin/parseNextInvalidImportError.d.ts",
      "Library/CloudStorage/Dropbox/APPS HIPERFOCO.CL/AGENDAS CLINICAS CENTROS SALUD PUBLICOS Y PRIVADOS/AGENDA CLINICA PORTABLE E INTEROPERAPLE/AGENDA CLI\u0301NICA INTEROPERABLE/agenda-clinica-interoperable/node_modules/next/dist/build/webpack/plugins/wellknown-errors-plugin/parseNextInvalidImportError.d.ts"
    ],
    "ultima_modificacion": "2025-08-01 01:01:45.682284"
  },
  "parsedynamiccodeevaluationerror.d.ts": {
    "app_sintetizada": "PARSEDYNAMICCODEEVALUATIONERROR.D.TS",
    "cantidad_archivos": 2,
    "archivos_fuente": [
      "Library/CloudStorage/Dropbox/APPS HIPERFOCO.CL/AGENDAS CLINICAS CENTROS SALUD PUBLICOS Y PRIVADOS/agenda-clinica-interoperable/node_modules/next/dist/build/webpack/plugins/wellknown-errors-plugin/parse-dynamic-code-evaluation-error.d.ts",
      "Library/CloudStorage/Dropbox/APPS HIPERFOCO.CL/AGENDAS CLINICAS CENTROS SALUD PUBLICOS Y PRIVADOS/AGENDA CLINICA PORTABLE E INTEROPERAPLE/AGENDA CLI\u0301NICA INTEROPERABLE/agenda-clinica-interoperable/node_modules/next/dist/build/webpack/plugins/wellknown-errors-plugin/parse-dynamic-code-evaluation-error.d.ts"
    ],
    "ultima_modificacion": "2025-08-01 01:01:45.682523"
  },
  "parsenextfonterror.d.ts": {
    "app_sintetizada": "PARSENEXTFONTERROR.D.TS",
    "cantidad_archivos": 2,
    "archivos_fuente": [
      "Library/CloudStorage/Dropbox/APPS HIPERFOCO.CL/AGENDAS CLINICAS CENTROS SALUD PUBLICOS Y PRIVADOS/agenda-clinica-interoperable/node_modules/next/dist/build/webpack/plugins/wellknown-errors-plugin/parseNextFontError.d.ts",
      "Library/CloudStorage/Dropbox/APPS HIPERFOCO.CL/AGENDAS CLINICAS CENTROS SALUD PUBLICOS Y PRIVADOS/AGENDA CLINICA PORTABLE E INTEROPERAPLE/AGENDA CLI\u0301NICA INTEROPERABLE/agenda-clinica-interoperable/node_modules/next/dist/build/webpack/plugins/wellknown-errors-plugin/parseNextFontError.d.ts"
    ],
    "ultima_modificacion": "2025-08-01 01:01:45.682759"
  },
  "nextmetadatarouteloader.d.ts": {
    "app_sintetizada": "NEXTMETADATAROUTELOADER.D.TS",
    "cantidad_archivos": 2,
    "archivos_fuente": [
      "Library/CloudStorage/Dropbox/APPS HIPERFOCO.CL/AGENDAS CLINICAS CENTROS SALUD PUBLICOS Y PRIVADOS/agenda-clinica-interoperable/node_modules/next/dist/build/webpack/loaders/next-metadata-route-loader.d.ts",
      "Library/CloudStorage/Dropbox/APPS HIPERFOCO.CL/AGENDAS CLINICAS CENTROS SALUD PUBLICOS Y PRIVADOS/AGENDA CLINICA PORTABLE E INTEROPERAPLE/AGENDA CLI\u0301NICA INTEROPERABLE/agenda-clinica-interoperable/node_modules/next/dist/build/webpack/loaders/next-metadata-route-loader.d.ts"
    ],
    "ultima_modificacion": "2025-08-01 01:01:45.683015"
  },
  "nextmiddlewareassetloader.d.ts": {
    "app_sintetizada": "NEXTMIDDLEWAREASSETLOADER.D.TS",
    "cantidad_archivos": 2,
    "archivos_fuente": [
      "Library/CloudStorage/Dropbox/APPS HIPERFOCO.CL/AGENDAS CLINICAS CENTROS SALUD PUBLICOS Y PRIVADOS/agenda-clinica-interoperable/node_modules/next/dist/build/webpack/loaders/next-middleware-asset-loader.d.ts",
      "Library/CloudStorage/Dropbox/APPS HIPERFOCO.CL/AGENDAS CLINICAS CENTROS SALUD PUBLICOS Y PRIVADOS/AGENDA CLINICA PORTABLE E INTEROPERAPLE/AGENDA CLI\u0301NICA INTEROPERABLE/agenda-clinica-interoperable/node_modules/next/dist/build/webpack/loaders/next-middleware-asset-loader.d.ts"
    ],
    "ultima_modificacion": "2025-08-01 01:01:45.683255"
  },
  "nextflightcssloader.d.ts": {
    "app_sintetizada": "NEXTFLIGHTCSSLOADER.D.TS",
    "cantidad_archivos": 2,
    "archivos_fuente": [
      "Library/CloudStorage/Dropbox/APPS HIPERFOCO.CL/AGENDAS CLINICAS CENTROS SALUD PUBLICOS Y PRIVADOS/agenda-clinica-interoperable/node_modules/next/dist/build/webpack/loaders/next-flight-css-loader.d.ts",
      "Library/CloudStorage/Dropbox/APPS HIPERFOCO.CL/AGENDAS CLINICAS CENTROS SALUD PUBLICOS Y PRIVADOS/AGENDA CLINICA PORTABLE E INTEROPERAPLE/AGENDA CLI\u0301NICA INTEROPERABLE/agenda-clinica-interoperable/node_modules/next/dist/build/webpack/loaders/next-flight-css-loader.d.ts"
    ],
    "ultima_modificacion": "2025-08-01 01:01:45.683527"
  },
  "nextflightactionentryloader.d.ts": {
    "app_sintetizada": "NEXTFLIGHTACTIONENTRYLOADER.D.TS",
    "cantidad_archivos": 2,
    "archivos_fuente": [
      "Library/CloudStorage/Dropbox/APPS HIPERFOCO.CL/AGENDAS CLINICAS CENTROS SALUD PUBLICOS Y PRIVADOS/agenda-clinica-interoperable/node_modules/next/dist/build/webpack/loaders/next-flight-action-entry-loader.d.ts",
      "Library/CloudStorage/Dropbox/APPS HIPERFOCO.CL/AGENDAS CLINICAS CENTROS SALUD PUBLICOS Y PRIVADOS/AGENDA CLINICA PORTABLE E INTEROPERAPLE/AGENDA CLI\u0301NICA INTEROPERABLE/agenda-clinica-interoperable/node_modules/next/dist/build/webpack/loaders/next-flight-action-entry-loader.d.ts"
    ],
    "ultima_modificacion": "2025-08-01 01:01:45.683762"
  },
  "modularizeimportloader.d.ts": {
    "app_sintetizada": "MODULARIZEIMPORTLOADER.D.TS",
    "cantidad_archivos": 2,
    "archivos_fuente": [
      "Library/CloudStorage/Dropbox/APPS HIPERFOCO.CL/AGENDAS CLINICAS CENTROS SALUD PUBLICOS Y PRIVADOS/agenda-clinica-interoperable/node_modules/next/dist/build/webpack/loaders/modularize-import-loader.d.ts",
      "Library/CloudStorage/Dropbox/APPS HIPERFOCO.CL/AGENDAS CLINICAS CENTROS SALUD PUBLICOS Y PRIVADOS/AGENDA CLINICA PORTABLE E INTEROPERAPLE/AGENDA CLI\u0301NICA INTEROPERABLE/agenda-clinica-interoperable/node_modules/next/dist/build/webpack/loaders/modularize-import-loader.d.ts"
    ],
    "ultima_modificacion": "2025-08-01 01:01:45.683977"
  },
  "nextflightserverreferenceproxyloader.d.ts": {
    "app_sintetizada": "NEXTFLIGHTSERVERREFERENCEPROXYLOADER.D.TS",
    "cantidad_archivos": 2,
    "archivos_fuente": [
      "Library/CloudStorage/Dropbox/APPS HIPERFOCO.CL/AGENDAS CLINICAS CENTROS SALUD PUBLICOS Y PRIVADOS/agenda-clinica-interoperable/node_modules/next/dist/build/webpack/loaders/next-flight-server-reference-proxy-loader.d.ts",
      "Library/CloudStorage/Dropbox/APPS HIPERFOCO.CL/AGENDAS CLINICAS CENTROS SALUD PUBLICOS Y PRIVADOS/AGENDA CLINICA PORTABLE E INTEROPERAPLE/AGENDA CLI\u0301NICA INTEROPERABLE/agenda-clinica-interoperable/node_modules/next/dist/build/webpack/loaders/next-flight-server-reference-proxy-loader.d.ts"
    ],
    "ultima_modificacion": "2025-08-01 01:01:45.684175"
  },
  "getmodulebuildinfo.d.ts": {
    "app_sintetizada": "GETMODULEBUILDINFO.D.TS",
    "cantidad_archivos": 2,
    "archivos_fuente": [
      "Library/CloudStorage/Dropbox/APPS HIPERFOCO.CL/AGENDAS CLINICAS CENTROS SALUD PUBLICOS Y PRIVADOS/agenda-clinica-interoperable/node_modules/next/dist/build/webpack/loaders/get-module-build-info.d.ts",
      "Library/CloudStorage/Dropbox/APPS HIPERFOCO.CL/AGENDAS CLINICAS CENTROS SALUD PUBLICOS Y PRIVADOS/AGENDA CLINICA PORTABLE E INTEROPERAPLE/AGENDA CLI\u0301NICA INTEROPERABLE/agenda-clinica-interoperable/node_modules/next/dist/build/webpack/loaders/get-module-build-info.d.ts"
    ],
    "ultima_modificacion": "2025-08-01 01:01:45.684369"
  },
  "emptyloader.d.ts": {
    "app_sintetizada": "EMPTYLOADER.D.TS",
    "cantidad_archivos": 2,
    "archivos_fuente": [
      "Library/CloudStorage/Dropbox/APPS HIPERFOCO.CL/AGENDAS CLINICAS CENTROS SALUD PUBLICOS Y PRIVADOS/agenda-clinica-interoperable/node_modules/next/dist/build/webpack/loaders/empty-loader.d.ts",
      "Library/CloudStorage/Dropbox/APPS HIPERFOCO.CL/AGENDAS CLINICAS CENTROS SALUD PUBLICOS Y PRIVADOS/AGENDA CLINICA PORTABLE E INTEROPERAPLE/AGENDA CLI\u0301NICA INTEROPERABLE/agenda-clinica-interoperable/node_modules/next/dist/build/webpack/loaders/empty-loader.d.ts"
    ],
    "ultima_modificacion": "2025-08-01 01:01:45.684555"
  },
  "nextedgefunctionloader.d.ts": {
    "app_sintetizada": "NEXTEDGEFUNCTIONLOADER.D.TS",
    "cantidad_archivos": 2,
    "archivos_fuente": [
      "Library/CloudStorage/Dropbox/APPS HIPERFOCO.CL/AGENDAS CLINICAS CENTROS SALUD PUBLICOS Y PRIVADOS/agenda-clinica-interoperable/node_modules/next/dist/build/webpack/loaders/next-edge-function-loader.d.ts",
      "Library/CloudStorage/Dropbox/APPS HIPERFOCO.CL/AGENDAS CLINICAS CENTROS SALUD PUBLICOS Y PRIVADOS/AGENDA CLINICA PORTABLE E INTEROPERAPLE/AGENDA CLI\u0301NICA INTEROPERABLE/agenda-clinica-interoperable/node_modules/next/dist/build/webpack/loaders/next-edge-function-loader.d.ts"
    ],
    "ultima_modificacion": "2025-08-01 01:01:45.684740"
  },
  "nextswcloader.d.ts": {
    "app_sintetizada": "NEXTSWCLOADER.D.TS",
    "cantidad_archivos": 2,
    "archivos_fuente": [
      "Library/CloudStorage/Dropbox/APPS HIPERFOCO.CL/AGENDAS CLINICAS CENTROS SALUD PUBLICOS Y PRIVADOS/agenda-clinica-interoperable/node_modules/next/dist/build/webpack/loaders/next-swc-loader.d.ts",
      "Library/CloudStorage/Dropbox/APPS HIPERFOCO.CL/AGENDAS CLINICAS CENTROS SALUD PUBLICOS Y PRIVADOS/AGENDA CLINICA PORTABLE E INTEROPERAPLE/AGENDA CLI\u0301NICA INTEROPERABLE/agenda-clinica-interoperable/node_modules/next/dist/build/webpack/loaders/next-swc-loader.d.ts"
    ],
    "ultima_modificacion": "2025-08-01 01:01:45.684934"
  },
  "nextclientpagesloader.d.ts": {
    "app_sintetizada": "NEXTCLIENTPAGESLOADER.D.TS",
    "cantidad_archivos": 2,
    "archivos_fuente": [
      "Library/CloudStorage/Dropbox/APPS HIPERFOCO.CL/AGENDAS CLINICAS CENTROS SALUD PUBLICOS Y PRIVADOS/agenda-clinica-interoperable/node_modules/next/dist/build/webpack/loaders/next-client-pages-loader.d.ts",
      "Library/CloudStorage/Dropbox/APPS HIPERFOCO.CL/AGENDAS CLINICAS CENTROS SALUD PUBLICOS Y PRIVADOS/AGENDA CLINICA PORTABLE E INTEROPERAPLE/AGENDA CLI\u0301NICA INTEROPERABLE/agenda-clinica-interoperable/node_modules/next/dist/build/webpack/loaders/next-client-pages-loader.d.ts"
    ],
    "ultima_modificacion": "2025-08-01 01:01:45.685118"
  },
  "nextinvalidimporterrorloader.d.ts": {
    "app_sintetizada": "NEXTINVALIDIMPORTERRORLOADER.D.TS",
    "cantidad_archivos": 2,
    "archivos_fuente": [
      "Library/CloudStorage/Dropbox/APPS HIPERFOCO.CL/AGENDAS CLINICAS CENTROS SALUD PUBLICOS Y PRIVADOS/agenda-clinica-interoperable/node_modules/next/dist/build/webpack/loaders/next-invalid-import-error-loader.d.ts",
      "Library/CloudStorage/Dropbox/APPS HIPERFOCO.CL/AGENDAS CLINICAS CENTROS SALUD PUBLICOS Y PRIVADOS/AGENDA CLINICA PORTABLE E INTEROPERAPLE/AGENDA CLI\u0301NICA INTEROPERABLE/agenda-clinica-interoperable/node_modules/next/dist/build/webpack/loaders/next-invalid-import-error-loader.d.ts"
    ],
    "ultima_modificacion": "2025-08-01 01:01:45.685338"
  },
  "nextflightcliententryloader.d.ts": {
    "app_sintetizada": "NEXTFLIGHTCLIENTENTRYLOADER.D.TS",
    "cantidad_archivos": 2,
    "archivos_fuente": [
      "Library/CloudStorage/Dropbox/APPS HIPERFOCO.CL/AGENDAS CLINICAS CENTROS SALUD PUBLICOS Y PRIVADOS/agenda-clinica-interoperable/node_modules/next/dist/build/webpack/loaders/next-flight-client-entry-loader.d.ts",
      "Library/CloudStorage/Dropbox/APPS HIPERFOCO.CL/AGENDAS CLINICAS CENTROS SALUD PUBLICOS Y PRIVADOS/AGENDA CLINICA PORTABLE E INTEROPERAPLE/AGENDA CLI\u0301NICA INTEROPERABLE/agenda-clinica-interoperable/node_modules/next/dist/build/webpack/loaders/next-flight-client-entry-loader.d.ts"
    ],
    "ultima_modificacion": "2025-08-01 01:01:45.685649"
  },
  "nextmetadataimageloader.d.ts": {
    "app_sintetizada": "NEXTMETADATAIMAGELOADER.D.TS",
    "cantidad_archivos": 2,
    "archivos_fuente": [
      "Library/CloudStorage/Dropbox/APPS HIPERFOCO.CL/AGENDAS CLINICAS CENTROS SALUD PUBLICOS Y PRIVADOS/agenda-clinica-interoperable/node_modules/next/dist/build/webpack/loaders/next-metadata-image-loader.d.ts",
      "Library/CloudStorage/Dropbox/APPS HIPERFOCO.CL/AGENDAS CLINICAS CENTROS SALUD PUBLICOS Y PRIVADOS/AGENDA CLINICA PORTABLE E INTEROPERAPLE/AGENDA CLI\u0301NICA INTEROPERABLE/agenda-clinica-interoperable/node_modules/next/dist/build/webpack/loaders/next-metadata-image-loader.d.ts"
    ],
    "ultima_modificacion": "2025-08-01 01:01:45.685886"
  },
  "nextmiddlewareloader.d.ts": {
    "app_sintetizada": "NEXTMIDDLEWARELOADER.D.TS",
    "cantidad_archivos": 2,
    "archivos_fuente": [
      "Library/CloudStorage/Dropbox/APPS HIPERFOCO.CL/AGENDAS CLINICAS CENTROS SALUD PUBLICOS Y PRIVADOS/agenda-clinica-interoperable/node_modules/next/dist/build/webpack/loaders/next-middleware-loader.d.ts",
      "Library/CloudStorage/Dropbox/APPS HIPERFOCO.CL/AGENDAS CLINICAS CENTROS SALUD PUBLICOS Y PRIVADOS/AGENDA CLINICA PORTABLE E INTEROPERAPLE/AGENDA CLI\u0301NICA INTEROPERABLE/agenda-clinica-interoperable/node_modules/next/dist/build/webpack/loaders/next-middleware-loader.d.ts"
    ],
    "ultima_modificacion": "2025-08-01 01:01:45.686116"
  },
  "nextmiddlewarewasmloader.d.ts": {
    "app_sintetizada": "NEXTMIDDLEWAREWASMLOADER.D.TS",
    "cantidad_archivos": 2,
    "archivos_fuente": [
      "Library/CloudStorage/Dropbox/APPS HIPERFOCO.CL/AGENDAS CLINICAS CENTROS SALUD PUBLICOS Y PRIVADOS/agenda-clinica-interoperable/node_modules/next/dist/build/webpack/loaders/next-middleware-wasm-loader.d.ts",
      "Library/CloudStorage/Dropbox/APPS HIPERFOCO.CL/AGENDAS CLINICAS CENTROS SALUD PUBLICOS Y PRIVADOS/AGENDA CLINICA PORTABLE E INTEROPERAPLE/AGENDA CLI\u0301NICA INTEROPERABLE/agenda-clinica-interoperable/node_modules/next/dist/build/webpack/loaders/next-middleware-wasm-loader.d.ts"
    ],
    "ultima_modificacion": "2025-08-01 01:01:45.686332"
  },
  "nexterrorbrowserbinaryloader.d.ts": {
    "app_sintetizada": "NEXTERRORBROWSERBINARYLOADER.D.TS",
    "cantidad_archivos": 2,
    "archivos_fuente": [
      "Library/CloudStorage/Dropbox/APPS HIPERFOCO.CL/AGENDAS CLINICAS CENTROS SALUD PUBLICOS Y PRIVADOS/agenda-clinica-interoperable/node_modules/next/dist/build/webpack/loaders/next-error-browser-binary-loader.d.ts",
      "Library/CloudStorage/Dropbox/APPS HIPERFOCO.CL/AGENDAS CLINICAS CENTROS SALUD PUBLICOS Y PRIVADOS/AGENDA CLINICA PORTABLE E INTEROPERAPLE/AGENDA CLI\u0301NICA INTEROPERABLE/agenda-clinica-interoperable/node_modules/next/dist/build/webpack/loaders/next-error-browser-binary-loader.d.ts"
    ],
    "ultima_modificacion": "2025-08-01 01:01:45.686541"
  },
  "errorloader.d.ts": {
    "app_sintetizada": "ERRORLOADER.D.TS",
    "cantidad_archivos": 2,
    "archivos_fuente": [
      "Library/CloudStorage/Dropbox/APPS HIPERFOCO.CL/AGENDAS CLINICAS CENTROS SALUD PUBLICOS Y PRIVADOS/agenda-clinica-interoperable/node_modules/next/dist/build/webpack/loaders/error-loader.d.ts",
      "Library/CloudStorage/Dropbox/APPS HIPERFOCO.CL/AGENDAS CLINICAS CENTROS SALUD PUBLICOS Y PRIVADOS/AGENDA CLINICA PORTABLE E INTEROPERAPLE/AGENDA CLI\u0301NICA INTEROPERABLE/agenda-clinica-interoperable/node_modules/next/dist/build/webpack/loaders/error-loader.d.ts"
    ],
    "ultima_modificacion": "2025-08-01 01:01:45.686735"
  },
  "nextflightclientmoduleloader.d.ts": {
    "app_sintetizada": "NEXTFLIGHTCLIENTMODULELOADER.D.TS",
    "cantidad_archivos": 2,
    "archivos_fuente": [
      "Library/CloudStorage/Dropbox/APPS HIPERFOCO.CL/AGENDAS CLINICAS CENTROS SALUD PUBLICOS Y PRIVADOS/agenda-clinica-interoperable/node_modules/next/dist/build/webpack/loaders/next-flight-client-module-loader.d.ts",
      "Library/CloudStorage/Dropbox/APPS HIPERFOCO.CL/AGENDAS CLINICAS CENTROS SALUD PUBLICOS Y PRIVADOS/AGENDA CLINICA PORTABLE E INTEROPERAPLE/AGENDA CLI\u0301NICA INTEROPERABLE/agenda-clinica-interoperable/node_modules/next/dist/build/webpack/loaders/next-flight-client-module-loader.d.ts"
    ],
    "ultima_modificacion": "2025-08-01 01:01:45.686979"
  },
  "nextbarrelloader.d.ts": {
    "app_sintetizada": "NEXTBARRELLOADER.D.TS",
    "cantidad_archivos": 2,
    "archivos_fuente": [
      "Library/CloudStorage/Dropbox/APPS HIPERFOCO.CL/AGENDAS CLINICAS CENTROS SALUD PUBLICOS Y PRIVADOS/agenda-clinica-interoperable/node_modules/next/dist/build/webpack/loaders/next-barrel-loader.d.ts",
      "Library/CloudStorage/Dropbox/APPS HIPERFOCO.CL/AGENDAS CLINICAS CENTROS SALUD PUBLICOS Y PRIVADOS/AGENDA CLINICA PORTABLE E INTEROPERAPLE/AGENDA CLI\u0301NICA INTEROPERABLE/agenda-clinica-interoperable/node_modules/next/dist/build/webpack/loaders/next-barrel-loader.d.ts"
    ],
    "ultima_modificacion": "2025-08-01 01:01:45.687277"
  },
  "csssyntaxerror.d.ts": {
    "app_sintetizada": "CSSSYNTAXERROR.D.TS",
    "cantidad_archivos": 6,
    "archivos_fuente": [
      "Library/CloudStorage/Dropbox/APPS HIPERFOCO.CL/AGENDAS CLINICAS CENTROS SALUD PUBLICOS Y PRIVADOS/agenda-clinica-interoperable/node_modules/next/dist/build/webpack/loaders/css-loader/src/CssSyntaxError.d.ts",
      "Library/CloudStorage/Dropbox/APPS HIPERFOCO.CL/AGENDAS CLINICAS CENTROS SALUD PUBLICOS Y PRIVADOS/agenda-clinica-interoperable/node_modules/next/node_modules/postcss/lib/css-syntax-error.d.ts",
      "Library/CloudStorage/Dropbox/APPS HIPERFOCO.CL/AGENDAS CLINICAS CENTROS SALUD PUBLICOS Y PRIVADOS/agenda-clinica-interoperable/node_modules/postcss/lib/css-syntax-error.d.ts",
      "Library/CloudStorage/Dropbox/APPS HIPERFOCO.CL/AGENDAS CLINICAS CENTROS SALUD PUBLICOS Y PRIVADOS/AGENDA CLINICA PORTABLE E INTEROPERAPLE/AGENDA CLI\u0301NICA INTEROPERABLE/agenda-clinica-interoperable/node_modules/next/dist/build/webpack/loaders/css-loader/src/CssSyntaxError.d.ts",
      "Library/CloudStorage/Dropbox/APPS HIPERFOCO.CL/AGENDAS CLINICAS CENTROS SALUD PUBLICOS Y PRIVADOS/AGENDA CLINICA PORTABLE E INTEROPERAPLE/AGENDA CLI\u0301NICA INTEROPERABLE/agenda-clinica-interoperable/node_modules/next/node_modules/postcss/lib/css-syntax-error.d.ts",
      "Library/CloudStorage/Dropbox/APPS HIPERFOCO.CL/AGENDAS CLINICAS CENTROS SALUD PUBLICOS Y PRIVADOS/AGENDA CLINICA PORTABLE E INTEROPERAPLE/AGENDA CLI\u0301NICA INTEROPERABLE/agenda-clinica-interoperable/node_modules/postcss/lib/css-syntax-error.d.ts"
    ],
    "ultima_modificacion": "2025-08-01 01:01:45.687600"
  },
  "camelcase.d.ts": {
    "app_sintetizada": "CAMELCASE.D.TS",
    "cantidad_archivos": 2,
    "archivos_fuente": [
      "Library/CloudStorage/Dropbox/APPS HIPERFOCO.CL/AGENDAS CLINICAS CENTROS SALUD PUBLICOS Y PRIVADOS/agenda-clinica-interoperable/node_modules/next/dist/build/webpack/loaders/css-loader/src/camelcase.d.ts",
      "Library/CloudStorage/Dropbox/APPS HIPERFOCO.CL/AGENDAS CLINICAS CENTROS SALUD PUBLICOS Y PRIVADOS/AGENDA CLINICA PORTABLE E INTEROPERAPLE/AGENDA CLI\u0301NICA INTEROPERABLE/agenda-clinica-interoperable/node_modules/next/dist/build/webpack/loaders/css-loader/src/camelcase.d.ts"
    ],
    "ultima_modificacion": "2025-08-01 01:01:45.687869"
  },
  "postcssimportparser.d.ts": {
    "app_sintetizada": "POSTCSSIMPORTPARSER.D.TS",
    "cantidad_archivos": 2,
    "archivos_fuente": [
      "Library/CloudStorage/Dropbox/APPS HIPERFOCO.CL/AGENDAS CLINICAS CENTROS SALUD PUBLICOS Y PRIVADOS/agenda-clinica-interoperable/node_modules/next/dist/build/webpack/loaders/css-loader/src/plugins/postcss-import-parser.d.ts",
      "Library/CloudStorage/Dropbox/APPS HIPERFOCO.CL/AGENDAS CLINICAS CENTROS SALUD PUBLICOS Y PRIVADOS/AGENDA CLINICA PORTABLE E INTEROPERAPLE/AGENDA CLI\u0301NICA INTEROPERABLE/agenda-clinica-interoperable/node_modules/next/dist/build/webpack/loaders/css-loader/src/plugins/postcss-import-parser.d.ts"
    ],
    "ultima_modificacion": "2025-08-01 01:01:45.688149"
  },
  "postcssicssparser.d.ts": {
    "app_sintetizada": "POSTCSSICSSPARSER.D.TS",
    "cantidad_archivos": 2,
    "archivos_fuente": [
      "Library/CloudStorage/Dropbox/APPS HIPERFOCO.CL/AGENDAS CLINICAS CENTROS SALUD PUBLICOS Y PRIVADOS/agenda-clinica-interoperable/node_modules/next/dist/build/webpack/loaders/css-loader/src/plugins/postcss-icss-parser.d.ts",
      "Library/CloudStorage/Dropbox/APPS HIPERFOCO.CL/AGENDAS CLINICAS CENTROS SALUD PUBLICOS Y PRIVADOS/AGENDA CLINICA PORTABLE E INTEROPERAPLE/AGENDA CLI\u0301NICA INTEROPERABLE/agenda-clinica-interoperable/node_modules/next/dist/build/webpack/loaders/css-loader/src/plugins/postcss-icss-parser.d.ts"
    ],
    "ultima_modificacion": "2025-08-01 01:01:45.688435"
  },
  "postcssurlparser.d.ts": {
    "app_sintetizada": "POSTCSSURLPARSER.D.TS",
    "cantidad_archivos": 2,
    "archivos_fuente": [
      "Library/CloudStorage/Dropbox/APPS HIPERFOCO.CL/AGENDAS CLINICAS CENTROS SALUD PUBLICOS Y PRIVADOS/agenda-clinica-interoperable/node_modules/next/dist/build/webpack/loaders/css-loader/src/plugins/postcss-url-parser.d.ts",
      "Library/CloudStorage/Dropbox/APPS HIPERFOCO.CL/AGENDAS CLINICAS CENTROS SALUD PUBLICOS Y PRIVADOS/AGENDA CLINICA PORTABLE E INTEROPERAPLE/AGENDA CLI\u0301NICA INTEROPERABLE/agenda-clinica-interoperable/node_modules/next/dist/build/webpack/loaders/css-loader/src/plugins/postcss-url-parser.d.ts"
    ],
    "ultima_modificacion": "2025-08-01 01:01:45.688730"
  },
  "api.d.ts": {
    "app_sintetizada": "API.D.TS",
    "cantidad_archivos": 4,
    "archivos_fuente": [
      "Library/CloudStorage/Dropbox/APPS HIPERFOCO.CL/AGENDAS CLINICAS CENTROS SALUD PUBLICOS Y PRIVADOS/agenda-clinica-interoperable/node_modules/next/dist/build/webpack/loaders/css-loader/src/runtime/api.d.ts",
      "Library/CloudStorage/Dropbox/APPS HIPERFOCO.CL/AGENDAS CLINICAS CENTROS SALUD PUBLICOS Y PRIVADOS/agenda-clinica-interoperable/node_modules/undici-types/api.d.ts",
      "Library/CloudStorage/Dropbox/APPS HIPERFOCO.CL/AGENDAS CLINICAS CENTROS SALUD PUBLICOS Y PRIVADOS/AGENDA CLINICA PORTABLE E INTEROPERAPLE/AGENDA CLI\u0301NICA INTEROPERABLE/agenda-clinica-interoperable/node_modules/next/dist/build/webpack/loaders/css-loader/src/runtime/api.d.ts",
      "Library/CloudStorage/Dropbox/APPS HIPERFOCO.CL/AGENDAS CLINICAS CENTROS SALUD PUBLICOS Y PRIVADOS/AGENDA CLINICA PORTABLE E INTEROPERAPLE/AGENDA CLI\u0301NICA INTEROPERABLE/agenda-clinica-interoperable/node_modules/undici-types/api.d.ts"
    ],
    "ultima_modificacion": "2025-08-01 01:01:45.689028"
  },
  "geturl.d.ts": {
    "app_sintetizada": "GETURL.D.TS",
    "cantidad_archivos": 2,
    "archivos_fuente": [
      "Library/CloudStorage/Dropbox/APPS HIPERFOCO.CL/AGENDAS CLINICAS CENTROS SALUD PUBLICOS Y PRIVADOS/agenda-clinica-interoperable/node_modules/next/dist/build/webpack/loaders/css-loader/src/runtime/getUrl.d.ts",
      "Library/CloudStorage/Dropbox/APPS HIPERFOCO.CL/AGENDAS CLINICAS CENTROS SALUD PUBLICOS Y PRIVADOS/AGENDA CLINICA PORTABLE E INTEROPERAPLE/AGENDA CLI\u0301NICA INTEROPERABLE/agenda-clinica-interoperable/node_modules/next/dist/build/webpack/loaders/css-loader/src/runtime/getUrl.d.ts"
    ],
    "ultima_modificacion": "2025-08-01 01:01:45.689293"
  },
  "postcssnextfont.d.ts": {
    "app_sintetizada": "POSTCSSNEXTFONT.D.TS",
    "cantidad_archivos": 2,
    "archivos_fuente": [
      "Library/CloudStorage/Dropbox/APPS HIPERFOCO.CL/AGENDAS CLINICAS CENTROS SALUD PUBLICOS Y PRIVADOS/agenda-clinica-interoperable/node_modules/next/dist/build/webpack/loaders/next-font-loader/postcss-next-font.d.ts",
      "Library/CloudStorage/Dropbox/APPS HIPERFOCO.CL/AGENDAS CLINICAS CENTROS SALUD PUBLICOS Y PRIVADOS/AGENDA CLINICA PORTABLE E INTEROPERAPLE/AGENDA CLI\u0301NICA INTEROPERABLE/agenda-clinica-interoperable/node_modules/next/dist/build/webpack/loaders/next-font-loader/postcss-next-font.d.ts"
    ],
    "ultima_modificacion": "2025-08-01 01:01:45.689591"
  },
  "createapproutecode.d.ts": {
    "app_sintetizada": "CREATEAPPROUTECODE.D.TS",
    "cantidad_archivos": 2,
    "archivos_fuente": [
      "Library/CloudStorage/Dropbox/APPS HIPERFOCO.CL/AGENDAS CLINICAS CENTROS SALUD PUBLICOS Y PRIVADOS/agenda-clinica-interoperable/node_modules/next/dist/build/webpack/loaders/next-app-loader/create-app-route-code.d.ts",
      "Library/CloudStorage/Dropbox/APPS HIPERFOCO.CL/AGENDAS CLINICAS CENTROS SALUD PUBLICOS Y PRIVADOS/AGENDA CLINICA PORTABLE E INTEROPERAPLE/AGENDA CLI\u0301NICA INTEROPERABLE/agenda-clinica-interoperable/node_modules/next/dist/build/webpack/loaders/next-app-loader/create-app-route-code.d.ts"
    ],
    "ultima_modificacion": "2025-08-01 01:01:45.689890"
  },
  "injectstylesintostyletag.d.ts": {
    "app_sintetizada": "INJECTSTYLESINTOSTYLETAG.D.TS",
    "cantidad_archivos": 2,
    "archivos_fuente": [
      "Library/CloudStorage/Dropbox/APPS HIPERFOCO.CL/AGENDAS CLINICAS CENTROS SALUD PUBLICOS Y PRIVADOS/agenda-clinica-interoperable/node_modules/next/dist/build/webpack/loaders/next-style-loader/runtime/injectStylesIntoStyleTag.d.ts",
      "Library/CloudStorage/Dropbox/APPS HIPERFOCO.CL/AGENDAS CLINICAS CENTROS SALUD PUBLICOS Y PRIVADOS/AGENDA CLINICA PORTABLE E INTEROPERAPLE/AGENDA CLI\u0301NICA INTEROPERABLE/agenda-clinica-interoperable/node_modules/next/dist/build/webpack/loaders/next-style-loader/runtime/injectStylesIntoStyleTag.d.ts"
    ],
    "ultima_modificacion": "2025-08-01 01:01:45.690170"
  },
  "injectstylesintolinktag.d.ts": {
    "app_sintetizada": "INJECTSTYLESINTOLINKTAG.D.TS",
    "cantidad_archivos": 2,
    "archivos_fuente": [
      "Library/CloudStorage/Dropbox/APPS HIPERFOCO.CL/AGENDAS CLINICAS CENTROS SALUD PUBLICOS Y PRIVADOS/agenda-clinica-interoperable/node_modules/next/dist/build/webpack/loaders/next-style-loader/runtime/injectStylesIntoLinkTag.d.ts",
      "Library/CloudStorage/Dropbox/APPS HIPERFOCO.CL/AGENDAS CLINICAS CENTROS SALUD PUBLICOS Y PRIVADOS/AGENDA CLINICA PORTABLE E INTEROPERAPLE/AGENDA CLI\u0301NICA INTEROPERABLE/agenda-clinica-interoperable/node_modules/next/dist/build/webpack/loaders/next-style-loader/runtime/injectStylesIntoLinkTag.d.ts"
    ],
    "ultima_modificacion": "2025-08-01 01:01:45.690462"
  },
  "isequallocals.d.ts": {
    "app_sintetizada": "ISEQUALLOCALS.D.TS",
    "cantidad_archivos": 2,
    "archivos_fuente": [
      "Library/CloudStorage/Dropbox/APPS HIPERFOCO.CL/AGENDAS CLINICAS CENTROS SALUD PUBLICOS Y PRIVADOS/agenda-clinica-interoperable/node_modules/next/dist/build/webpack/loaders/next-style-loader/runtime/isEqualLocals.d.ts",
      "Library/CloudStorage/Dropbox/APPS HIPERFOCO.CL/AGENDAS CLINICAS CENTROS SALUD PUBLICOS Y PRIVADOS/AGENDA CLINICA PORTABLE E INTEROPERAPLE/AGENDA CLI\u0301NICA INTEROPERABLE/agenda-clinica-interoperable/node_modules/next/dist/build/webpack/loaders/next-style-loader/runtime/isEqualLocals.d.ts"
    ],
    "ultima_modificacion": "2025-08-01 01:01:45.690735"
  }
}