{
  "c9c1749aecbb491f85622b59192ee3de": {
    "app_sintetizada": "C9C1749AECBB491F85622B59192EE3DE",
    "cantidad_archivos": 1,
    "archivos_fuente": [
      "Library/Containers/com.apple.geod/Data/tmp/C9C1749A-ECBB-491F-8562-2B59192EE3DE"
    ],
    "ultima_modificacion": "2025-08-01 01:01:56.261591"
  },
  "0c78b3607998426aa7616f95e7c75316": {
    "app_sintetizada": "0C78B3607998426AA7616F95E7C75316",
    "cantidad_archivos": 1,
    "archivos_fuente": [
      "Library/Containers/com.apple.geod/Data/tmp/0C78B360-7998-426A-A761-6F95E7C75316"
    ],
    "ultima_modificacion": "2025-08-01 01:01:56.261936"
  },
  "db6e307dd8424adbaaadf5814cb3a18f": {
    "app_sintetizada": "DB6E307DD8424ADBAAADF5814CB3A18F",
    "cantidad_archivos": 1,
    "archivos_fuente": [
      "Library/Containers/com.apple.geod/Data/tmp/DB6E307D-D842-4ADB-AAAD-F5814CB3A18F"
    ],
    "ultima_modificacion": "2025-08-01 01:01:56.262287"
  },
  "ed7d0206e0c14763bc0c2fe77b35d1bd": {
    "app_sintetizada": "ED7D0206E0C14763BC0C2FE77B35D1BD",
    "cantidad_archivos": 1,
    "archivos_fuente": [
      "Library/Containers/com.apple.geod/Data/tmp/ED7D0206-E0C1-4763-BC0C-2FE77B35D1BD"
    ],
    "ultima_modificacion": "2025-08-01 01:01:56.263019"
  },
  "bc2e38c372b84f929cbc279a3464cdf3": {
    "app_sintetizada": "BC2E38C372B84F929CBC279A3464CDF3",
    "cantidad_archivos": 1,
    "archivos_fuente": [
      "Library/Containers/com.apple.geod/Data/tmp/BC2E38C3-72B8-4F92-9CBC-279A3464CDF3"
    ],
    "ultima_modificacion": "2025-08-01 01:01:56.263286"
  },
  "c697344eaab946119e3518d6ff760ca1": {
    "app_sintetizada": "C697344EAAB946119E3518D6FF760CA1",
    "cantidad_archivos": 1,
    "archivos_fuente": [
      "Library/Containers/com.apple.geod/Data/tmp/C697344E-AAB9-4611-9E35-18D6FF760CA1"
    ],
    "ultima_modificacion": "2025-08-01 01:01:56.263556"
  },
  "41284fcc952144d3b8880fa8fde27017": {
    "app_sintetizada": "41284FCC952144D3B8880FA8FDE27017",
    "cantidad_archivos": 1,
    "archivos_fuente": [
      "Library/Containers/com.apple.geod/Data/tmp/41284FCC-9521-44D3-B888-0FA8FDE27017"
    ],
    "ultima_modificacion": "2025-08-01 01:01:56.263828"
  },
  "e7f6db23f0554069be353a356d184fb8": {
    "app_sintetizada": "E7F6DB23F0554069BE353A356D184FB8",
    "cantidad_archivos": 1,
    "archivos_fuente": [
      "Library/Containers/com.apple.geod/Data/tmp/E7F6DB23-F055-4069-BE35-3A356D184FB8"
    ],
    "ultima_modificacion": "2025-08-01 01:01:56.264204"
  },
  "5d63a2b3fe204b21999d7310f991c9d9": {
    "app_sintetizada": "5D63A2B3FE204B21999D7310F991C9D9",
    "cantidad_archivos": 1,
    "archivos_fuente": [
      "Library/Containers/com.apple.geod/Data/tmp/5D63A2B3-FE20-4B21-999D-7310F991C9D9"
    ],
    "ultima_modificacion": "2025-08-01 01:01:56.264501"
  },
  "8eaacc7a410d4a259953b1cdfe27d9ea": {
    "app_sintetizada": "8EAACC7A410D4A259953B1CDFE27D9EA",
    "cantidad_archivos": 1,
    "archivos_fuente": [
      "Library/Containers/com.apple.geod/Data/tmp/8EAACC7A-410D-4A25-9953-B1CDFE27D9EA"
    ],
    "ultima_modificacion": "2025-08-01 01:01:56.264899"
  },
  "5ad3ca0340e8436c9286cc201dc9ad16": {
    "app_sintetizada": "5AD3CA0340E8436C9286CC201DC9AD16",
    "cantidad_archivos": 1,
    "archivos_fuente": [
      "Library/Containers/com.apple.geod/Data/tmp/5AD3CA03-40E8-436C-9286-CC201DC9AD16"
    ],
    "ultima_modificacion": "2025-08-01 01:01:56.265151"
  },
  "5bb4887478c641f8b2695206cb6a9d9c": {
    "app_sintetizada": "5BB4887478C641F8B2695206CB6A9D9C",
    "cantidad_archivos": 1,
    "archivos_fuente": [
      "Library/Containers/com.apple.geod/Data/tmp/5BB48874-78C6-41F8-B269-5206CB6A9D9C"
    ],
    "ultima_modificacion": "2025-08-01 01:01:56.265446"
  },
  "cea1850a18bf407db17c08bb3db7c004": {
    "app_sintetizada": "CEA1850A18BF407DB17C08BB3DB7C004",
    "cantidad_archivos": 1,
    "archivos_fuente": [
      "Library/Containers/com.apple.geod/Data/tmp/CEA1850A-18BF-407D-B17C-08BB3DB7C004"
    ],
    "ultima_modificacion": "2025-08-01 01:01:56.265719"
  },
  "a70d6c07b2b741c3a1996e4b3e79d192": {
    "app_sintetizada": "A70D6C07B2B741C3A1996E4B3E79D192",
    "cantidad_archivos": 1,
    "archivos_fuente": [
      "Library/Containers/com.apple.geod/Data/tmp/A70D6C07-B2B7-41C3-A199-6E4B3E79D192"
    ],
    "ultima_modificacion": "2025-08-01 01:01:56.266044"
  },
  "8f96d7a68fcb4ae2ae8c0383a917131f": {
    "app_sintetizada": "8F96D7A68FCB4AE2AE8C0383A917131F",
    "cantidad_archivos": 1,
    "archivos_fuente": [
      "Library/Containers/com.apple.geod/Data/tmp/8F96D7A6-8FCB-4AE2-AE8C-0383A917131F"
    ],
    "ultima_modificacion": "2025-08-01 01:01:56.266310"
  },
  "59e3bec5f80a4d5d918a9f84f943a417": {
    "app_sintetizada": "59E3BEC5F80A4D5D918A9F84F943A417",
    "cantidad_archivos": 1,
    "archivos_fuente": [
      "Library/Containers/com.apple.geod/Data/tmp/59E3BEC5-F80A-4D5D-918A-9F84F943A417"
    ],
    "ultima_modificacion": "2025-08-01 01:01:56.266631"
  },
  "5515c672c40140a4954cd46311a84abe": {
    "app_sintetizada": "5515C672C40140A4954CD46311A84ABE",
    "cantidad_archivos": 1,
    "archivos_fuente": [
      "Library/Containers/com.apple.geod/Data/tmp/5515C672-C401-40A4-954C-D46311A84ABE"
    ],
    "ultima_modificacion": "2025-08-01 01:01:56.266863"
  },
  "600410f1bc5a4c3ba3030cb5eaa40b0c": {
    "app_sintetizada": "600410F1BC5A4C3BA3030CB5EAA40B0C",
    "cantidad_archivos": 1,
    "archivos_fuente": [
      "Library/Containers/com.apple.geod/Data/tmp/600410F1-BC5A-4C3B-A303-0CB5EAA40B0C"
    ],
    "ultima_modificacion": "2025-08-01 01:01:56.267075"
  },
  "6321ef6ca23144638e8cd3e99f43343a": {
    "app_sintetizada": "6321EF6CA23144638E8CD3E99F43343A",
    "cantidad_archivos": 1,
    "archivos_fuente": [
      "Library/Containers/com.apple.geod/Data/tmp/6321EF6C-A231-4463-8E8C-D3E99F43343A"
    ],
    "ultima_modificacion": "2025-08-01 01:01:56.267280"
  },
  "91b4dc6a4d3f416f9eae7470f761e3c1": {
    "app_sintetizada": "91B4DC6A4D3F416F9EAE7470F761E3C1",
    "cantidad_archivos": 1,
    "archivos_fuente": [
      "Library/Containers/com.apple.geod/Data/tmp/91B4DC6A-4D3F-416F-9EAE-7470F761E3C1"
    ],
    "ultima_modificacion": "2025-08-01 01:01:56.267484"
  },
  "d25d6f38cc1540de94a2bbc20ca10da1": {
    "app_sintetizada": "D25D6F38CC1540DE94A2BBC20CA10DA1",
    "cantidad_archivos": 1,
    "archivos_fuente": [
      "Library/Containers/com.apple.geod/Data/tmp/D25D6F38-CC15-40DE-94A2-BBC20CA10DA1"
    ],
    "ultima_modificacion": "2025-08-01 01:01:56.267728"
  },
  "69e656005d544faab2eb311314264e31": {
    "app_sintetizada": "69E656005D544FAAB2EB311314264E31",
    "cantidad_archivos": 1,
    "archivos_fuente": [
      "Library/Containers/com.apple.geod/Data/tmp/69E65600-5D54-4FAA-B2EB-311314264E31"
    ],
    "ultima_modificacion": "2025-08-01 01:01:56.268005"
  },
  "48f0abc84b944d4da9625f04ffc67ec2": {
    "app_sintetizada": "48F0ABC84B944D4DA9625F04FFC67EC2",
    "cantidad_archivos": 1,
    "archivos_fuente": [
      "Library/Containers/com.apple.geod/Data/tmp/48F0ABC8-4B94-4D4D-A962-5F04FFC67EC2"
    ],
    "ultima_modificacion": "2025-08-01 01:01:56.268271"
  },
  "8c813269e55643efb9164c6c1918a2d9": {
    "app_sintetizada": "8C813269E55643EFB9164C6C1918A2D9",
    "cantidad_archivos": 1,
    "archivos_fuente": [
      "Library/Containers/com.apple.geod/Data/tmp/8C813269-E556-43EF-B916-4C6C1918A2D9"
    ],
    "ultima_modificacion": "2025-08-01 01:01:56.268532"
  },
  "3fdd4b432ff445e884a150ac1476edcc": {
    "app_sintetizada": "3FDD4B432FF445E884A150AC1476EDCC",
    "cantidad_archivos": 1,
    "archivos_fuente": [
      "Library/Containers/com.apple.geod/Data/tmp/3FDD4B43-2FF4-45E8-84A1-50AC1476EDCC"
    ],
    "ultima_modificacion": "2025-08-01 01:01:56.268799"
  },
  "919a536be8134556914b32a34d3fe6ba": {
    "app_sintetizada": "919A536BE8134556914B32A34D3FE6BA",
    "cantidad_archivos": 1,
    "archivos_fuente": [
      "Library/Containers/com.apple.geod/Data/tmp/919A536B-E813-4556-914B-32A34D3FE6BA"
    ],
    "ultima_modificacion": "2025-08-01 01:01:56.269128"
  },
  "47706677da7045be9645fc1c3c21629a": {
    "app_sintetizada": "47706677DA7045BE9645FC1C3C21629A",
    "cantidad_archivos": 1,
    "archivos_fuente": [
      "Library/Containers/com.apple.geod/Data/tmp/47706677-DA70-45BE-9645-FC1C3C21629A"
    ],
    "ultima_modificacion": "2025-08-01 01:01:56.269478"
  },
  "aacc9ee67ed14ebea6e730b1c65f4140": {
    "app_sintetizada": "AACC9EE67ED14EBEA6E730B1C65F4140",
    "cantidad_archivos": 1,
    "archivos_fuente": [
      "Library/Containers/com.apple.geod/Data/tmp/AACC9EE6-7ED1-4EBE-A6E7-30B1C65F4140"
    ],
    "ultima_modificacion": "2025-08-01 01:01:56.269771"
  },
  "bd2baf9031e941758e8c2a22074496a8": {
    "app_sintetizada": "BD2BAF9031E941758E8C2A22074496A8",
    "cantidad_archivos": 1,
    "archivos_fuente": [
      "Library/Containers/com.apple.geod/Data/tmp/BD2BAF90-31E9-4175-8E8C-2A22074496A8"
    ],
    "ultima_modificacion": "2025-08-01 01:01:56.270004"
  },
  "326c8d9f13b146ef9bf6054d1ee4eee1": {
    "app_sintetizada": "326C8D9F13B146EF9BF6054D1EE4EEE1",
    "cantidad_archivos": 1,
    "archivos_fuente": [
      "Library/Containers/com.apple.geod/Data/tmp/326C8D9F-13B1-46EF-9BF6-054D1EE4EEE1"
    ],
    "ultima_modificacion": "2025-08-01 01:01:56.270247"
  },
  "9fee1301d3124406a3803f83dad07648": {
    "app_sintetizada": "9FEE1301D3124406A3803F83DAD07648",
    "cantidad_archivos": 1,
    "archivos_fuente": [
      "Library/Containers/com.apple.geod/Data/tmp/9FEE1301-D312-4406-A380-3F83DAD07648"
    ],
    "ultima_modificacion": "2025-08-01 01:01:56.270500"
  },
  "1e58951f6f364db29c9e08fa05392c4c": {
    "app_sintetizada": "1E58951F6F364DB29C9E08FA05392C4C",
    "cantidad_archivos": 1,
    "archivos_fuente": [
      "Library/Containers/com.apple.geod/Data/tmp/1E58951F-6F36-4DB2-9C9E-08FA05392C4C"
    ],
    "ultima_modificacion": "2025-08-01 01:01:56.270715"
  },
  "fec3eab55a0f4e1bba8305369bba8537": {
    "app_sintetizada": "FEC3EAB55A0F4E1BBA8305369BBA8537",
    "cantidad_archivos": 1,
    "archivos_fuente": [
      "Library/Containers/com.apple.geod/Data/tmp/FEC3EAB5-5A0F-4E1B-BA83-05369BBA8537"
    ],
    "ultima_modificacion": "2025-08-01 01:01:56.270937"
  },
  "f1ee7c61b2d04f6e9bd25cc6bc8a2a35": {
    "app_sintetizada": "F1EE7C61B2D04F6E9BD25CC6BC8A2A35",
    "cantidad_archivos": 1,
    "archivos_fuente": [
      "Library/Containers/com.apple.geod/Data/tmp/F1EE7C61-B2D0-4F6E-9BD2-5CC6BC8A2A35"
    ],
    "ultima_modificacion": "2025-08-01 01:01:56.271154"
  },
  "7d61fe23c6974247ac3ce26e2c40f2ef": {
    "app_sintetizada": "7D61FE23C6974247AC3CE26E2C40F2EF",
    "cantidad_archivos": 1,
    "archivos_fuente": [
      "Library/Containers/com.apple.geod/Data/tmp/7D61FE23-C697-4247-AC3C-E26E2C40F2EF"
    ],
    "ultima_modificacion": "2025-08-01 01:01:56.271360"
  },
  "188977a0a60148d08286d4169b2df413": {
    "app_sintetizada": "188977A0A60148D08286D4169B2DF413",
    "cantidad_archivos": 1,
    "archivos_fuente": [
      "Library/Containers/com.apple.geod/Data/tmp/188977A0-A601-48D0-8286-D4169B2DF413"
    ],
    "ultima_modificacion": "2025-08-01 01:01:56.271572"
  },
  "7c4e1fc149ca4b0698f35b891e700736": {
    "app_sintetizada": "7C4E1FC149CA4B0698F35B891E700736",
    "cantidad_archivos": 1,
    "archivos_fuente": [
      "Library/Containers/com.apple.geod/Data/tmp/7C4E1FC1-49CA-4B06-98F3-5B891E700736"
    ],
    "ultima_modificacion": "2025-08-01 01:01:56.271788"
  },
  "6c7df0f3badc492b8463eb542009a0c2": {
    "app_sintetizada": "6C7DF0F3BADC492B8463EB542009A0C2",
    "cantidad_archivos": 1,
    "archivos_fuente": [
      "Library/Containers/com.apple.geod/Data/tmp/6C7DF0F3-BADC-492B-8463-EB542009A0C2"
    ],
    "ultima_modificacion": "2025-08-01 01:01:56.271993"
  },
  "379dbb148c2644a8ba4e57ff6ab82c21": {
    "app_sintetizada": "379DBB148C2644A8BA4E57FF6AB82C21",
    "cantidad_archivos": 1,
    "archivos_fuente": [
      "Library/Containers/com.apple.geod/Data/tmp/379DBB14-8C26-44A8-BA4E-57FF6AB82C21"
    ],
    "ultima_modificacion": "2025-08-01 01:01:56.272209"
  },
  "c17311f91035431880ec15f13d888ebe": {
    "app_sintetizada": "C17311F91035431880EC15F13D888EBE",
    "cantidad_archivos": 1,
    "archivos_fuente": [
      "Library/Containers/com.apple.geod/Data/tmp/C17311F9-1035-4318-80EC-15F13D888EBE"
    ],
    "ultima_modificacion": "2025-08-01 01:01:56.272775"
  },
  "6f51b2470814404f82c0de5c2efe31ba": {
    "app_sintetizada": "6F51B2470814404F82C0DE5C2EFE31BA",
    "cantidad_archivos": 1,
    "archivos_fuente": [
      "Library/Containers/com.apple.geod/Data/tmp/6F51B247-0814-404F-82C0-DE5C2EFE31BA"
    ],
    "ultima_modificacion": "2025-08-01 01:01:56.273026"
  },
  "aac6465b084a4fefb1fd0d2883c3610d": {
    "app_sintetizada": "AAC6465B084A4FEFB1FD0D2883C3610D",
    "cantidad_archivos": 1,
    "archivos_fuente": [
      "Library/Containers/com.apple.geod/Data/tmp/AAC6465B-084A-4FEF-B1FD-0D2883C3610D"
    ],
    "ultima_modificacion": "2025-08-01 01:01:56.273423"
  },
  "7acfef2558814877b5776ab50b7dd6e8": {
    "app_sintetizada": "7ACFEF2558814877B5776AB50B7DD6E8",
    "cantidad_archivos": 1,
    "archivos_fuente": [
      "Library/Containers/com.apple.geod/Data/tmp/7ACFEF25-5881-4877-B577-6AB50B7DD6E8"
    ],
    "ultima_modificacion": "2025-08-01 01:01:56.273781"
  },
  "3dbd905a18bf4eab894ca1b255c25bcb": {
    "app_sintetizada": "3DBD905A18BF4EAB894CA1B255C25BCB",
    "cantidad_archivos": 1,
    "archivos_fuente": [
      "Library/Containers/com.apple.geod/Data/tmp/3DBD905A-18BF-4EAB-894C-A1B255C25BCB"
    ],
    "ultima_modificacion": "2025-08-01 01:01:56.274019"
  },
  "7f39278d44494129b74637167245b6dd": {
    "app_sintetizada": "7F39278D44494129B74637167245B6DD",
    "cantidad_archivos": 1,
    "archivos_fuente": [
      "Library/Containers/com.apple.geod/Data/tmp/7F39278D-4449-4129-B746-37167245B6DD"
    ],
    "ultima_modificacion": "2025-08-01 01:01:56.274321"
  },
  "7755f116b64d4275a572b55c364589f5": {
    "app_sintetizada": "7755F116B64D4275A572B55C364589F5",
    "cantidad_archivos": 1,
    "archivos_fuente": [
      "Library/Containers/com.apple.geod/Data/tmp/7755F116-B64D-4275-A572-B55C364589F5"
    ],
    "ultima_modificacion": "2025-08-01 01:01:56.274574"
  },
  "4ded8ffb2cc1460a8fac3f02fa6ee8f4": {
    "app_sintetizada": "4DED8FFB2CC1460A8FAC3F02FA6EE8F4",
    "cantidad_archivos": 1,
    "archivos_fuente": [
      "Library/Containers/com.apple.geod/Data/tmp/4DED8FFB-2CC1-460A-8FAC-3F02FA6EE8F4"
    ],
    "ultima_modificacion": "2025-08-01 01:01:56.274840"
  },
  "899f73e67f5c4b679ad9871355388a9d": {
    "app_sintetizada": "899F73E67F5C4B679AD9871355388A9D",
    "cantidad_archivos": 1,
    "archivos_fuente": [
      "Library/Containers/com.apple.geod/Data/tmp/899F73E6-7F5C-4B67-9AD9-871355388A9D"
    ],
    "ultima_modificacion": "2025-08-01 01:01:56.275143"
  },
  "aaa75255d72745fcafefb69c5d4c25b6": {
    "app_sintetizada": "AAA75255D72745FCAFEFB69C5D4C25B6",
    "cantidad_archivos": 1,
    "archivos_fuente": [
      "Library/Containers/com.apple.geod/Data/tmp/AAA75255-D727-45FC-AFEF-B69C5D4C25B6"
    ],
    "ultima_modificacion": "2025-08-01 01:01:56.275382"
  },
  "9c797ebe00bc4023a479fa53703b833b": {
    "app_sintetizada": "9C797EBE00BC4023A479FA53703B833B",
    "cantidad_archivos": 1,
    "archivos_fuente": [
      "Library/Containers/com.apple.geod/Data/tmp/9C797EBE-00BC-4023-A479-FA53703B833B"
    ],
    "ultima_modificacion": "2025-08-01 01:01:56.275595"
  },
  "6563af0ed0ac46af8ee566d6522d8d84": {
    "app_sintetizada": "6563AF0ED0AC46AF8EE566D6522D8D84",
    "cantidad_archivos": 1,
    "archivos_fuente": [
      "Library/Containers/com.apple.geod/Data/tmp/6563AF0E-D0AC-46AF-8EE5-66D6522D8D84"
    ],
    "ultima_modificacion": "2025-08-01 01:01:56.275797"
  },
  "cd0db2a23b9f439496d1a514e98f8801": {
    "app_sintetizada": "CD0DB2A23B9F439496D1A514E98F8801",
    "cantidad_archivos": 1,
    "archivos_fuente": [
      "Library/Containers/com.apple.geod/Data/tmp/CD0DB2A2-3B9F-4394-96D1-A514E98F8801"
    ],
    "ultima_modificacion": "2025-08-01 01:01:56.275997"
  },
  "8eb4eea35cbe40e6b678bcc5e4a74d3e": {
    "app_sintetizada": "8EB4EEA35CBE40E6B678BCC5E4A74D3E",
    "cantidad_archivos": 1,
    "archivos_fuente": [
      "Library/Containers/com.apple.geod/Data/tmp/8EB4EEA3-5CBE-40E6-B678-BCC5E4A74D3E"
    ],
    "ultima_modificacion": "2025-08-01 01:01:56.276198"
  },
  "63bbc11d05c44daab06e73480d867797": {
    "app_sintetizada": "63BBC11D05C44DAAB06E73480D867797",
    "cantidad_archivos": 1,
    "archivos_fuente": [
      "Library/Containers/com.apple.geod/Data/tmp/63BBC11D-05C4-4DAA-B06E-73480D867797"
    ],
    "ultima_modificacion": "2025-08-01 01:01:56.276392"
  },
  "377ddcb219f54c47820b6fcc88ba4d4f": {
    "app_sintetizada": "377DDCB219F54C47820B6FCC88BA4D4F",
    "cantidad_archivos": 1,
    "archivos_fuente": [
      "Library/Containers/com.apple.geod/Data/tmp/377DDCB2-19F5-4C47-820B-6FCC88BA4D4F"
    ],
    "ultima_modificacion": "2025-08-01 01:01:56.276601"
  },
  "58de3346790948fb8160c7d31d4ab062": {
    "app_sintetizada": "58DE3346790948FB8160C7D31D4AB062",
    "cantidad_archivos": 1,
    "archivos_fuente": [
      "Library/Containers/com.apple.geod/Data/tmp/58DE3346-7909-48FB-8160-C7D31D4AB062"
    ],
    "ultima_modificacion": "2025-08-01 01:01:56.276787"
  },
  "440e66a9db4240b4953b82b5ea6d8915": {
    "app_sintetizada": "440E66A9DB4240B4953B82B5EA6D8915",
    "cantidad_archivos": 1,
    "archivos_fuente": [
      "Library/Containers/com.apple.geod/Data/tmp/440E66A9-DB42-40B4-953B-82B5EA6D8915"
    ],
    "ultima_modificacion": "2025-08-01 01:01:56.276994"
  },
  "491ffcb244f343518dda9d7d800d2975": {
    "app_sintetizada": "491FFCB244F343518DDA9D7D800D2975",
    "cantidad_archivos": 1,
    "archivos_fuente": [
      "Library/Containers/com.apple.geod/Data/tmp/491FFCB2-44F3-4351-8DDA-9D7D800D2975"
    ],
    "ultima_modificacion": "2025-08-01 01:01:56.277187"
  },
  "1f10cb0b73df4621857e4bb468612782": {
    "app_sintetizada": "1F10CB0B73DF4621857E4BB468612782",
    "cantidad_archivos": 1,
    "archivos_fuente": [
      "Library/Containers/com.apple.geod/Data/tmp/1F10CB0B-73DF-4621-857E-4BB468612782"
    ],
    "ultima_modificacion": "2025-08-01 01:01:56.277442"
  },
  "1947837d6e3f484794c633fda3c59d78": {
    "app_sintetizada": "1947837D6E3F484794C633FDA3C59D78",
    "cantidad_archivos": 1,
    "archivos_fuente": [
      "Library/Containers/com.apple.geod/Data/tmp/1947837D-6E3F-4847-94C6-33FDA3C59D78"
    ],
    "ultima_modificacion": "2025-08-01 01:01:56.277769"
  },
  "2f0d2ab0c7794e6c99a92760b482b960": {
    "app_sintetizada": "2F0D2AB0C7794E6C99A92760B482B960",
    "cantidad_archivos": 1,
    "archivos_fuente": [
      "Library/Containers/com.apple.geod/Data/tmp/2F0D2AB0-C779-4E6C-99A9-2760B482B960"
    ],
    "ultima_modificacion": "2025-08-01 01:01:56.278020"
  },
  "5482cd5e23e54d5888e1340feffcf9ee": {
    "app_sintetizada": "5482CD5E23E54D5888E1340FEFFCF9EE",
    "cantidad_archivos": 1,
    "archivos_fuente": [
      "Library/Containers/com.apple.geod/Data/tmp/5482CD5E-23E5-4D58-88E1-340FEFFCF9EE"
    ],
    "ultima_modificacion": "2025-08-01 01:01:56.278228"
  },
  "b175075b32a249d4bfd551021ad552ab": {
    "app_sintetizada": "B175075B32A249D4BFD551021AD552AB",
    "cantidad_archivos": 1,
    "archivos_fuente": [
      "Library/Containers/com.apple.geod/Data/tmp/B175075B-32A2-49D4-BFD5-51021AD552AB"
    ],
    "ultima_modificacion": "2025-08-01 01:01:56.278429"
  },
  "b4136fdaab404a0397b65ac8e5970207": {
    "app_sintetizada": "B4136FDAAB404A0397B65AC8E5970207",
    "cantidad_archivos": 1,
    "archivos_fuente": [
      "Library/Containers/com.apple.geod/Data/tmp/B4136FDA-AB40-4A03-97B6-5AC8E5970207"
    ],
    "ultima_modificacion": "2025-08-01 01:01:56.278638"
  },
  "f7447677885a443bb1d4c5385c125ed6": {
    "app_sintetizada": "F7447677885A443BB1D4C5385C125ED6",
    "cantidad_archivos": 1,
    "archivos_fuente": [
      "Library/Containers/com.apple.geod/Data/tmp/F7447677-885A-443B-B1D4-C5385C125ED6"
    ],
    "ultima_modificacion": "2025-08-01 01:01:56.278844"
  },
  "1c4a4c69e1ee4235ac7166a727ed8e1f": {
    "app_sintetizada": "1C4A4C69E1EE4235AC7166A727ED8E1F",
    "cantidad_archivos": 1,
    "archivos_fuente": [
      "Library/Containers/com.apple.geod/Data/tmp/1C4A4C69-E1EE-4235-AC71-66A727ED8E1F"
    ],
    "ultima_modificacion": "2025-08-01 01:01:56.279032"
  },
  "a1f5d487653b45d486910b57cb648e56": {
    "app_sintetizada": "A1F5D487653B45D486910B57CB648E56",
    "cantidad_archivos": 1,
    "archivos_fuente": [
      "Library/Containers/com.apple.geod/Data/tmp/A1F5D487-653B-45D4-8691-0B57CB648E56"
    ],
    "ultima_modificacion": "2025-08-01 01:01:56.279232"
  },
  "50dfe1fbb24348408de1420f89db1a9f": {
    "app_sintetizada": "50DFE1FBB24348408DE1420F89DB1A9F",
    "cantidad_archivos": 1,
    "archivos_fuente": [
      "Library/Containers/com.apple.geod/Data/tmp/50DFE1FB-B243-4840-8DE1-420F89DB1A9F"
    ],
    "ultima_modificacion": "2025-08-01 01:01:56.279424"
  },
  "69571eb1b79d475388d283e0b5a74ee6": {
    "app_sintetizada": "69571EB1B79D475388D283E0B5A74EE6",
    "cantidad_archivos": 1,
    "archivos_fuente": [
      "Library/Containers/com.apple.geod/Data/tmp/69571EB1-B79D-4753-88D2-83E0B5A74EE6"
    ],
    "ultima_modificacion": "2025-08-01 01:01:56.279624"
  },
  "49e2c947568d493c9a1109c3d7a1f43e": {
    "app_sintetizada": "49E2C947568D493C9A1109C3D7A1F43E",
    "cantidad_archivos": 1,
    "archivos_fuente": [
      "Library/Containers/com.apple.geod/Data/tmp/49E2C947-568D-493C-9A11-09C3D7A1F43E"
    ],
    "ultima_modificacion": "2025-08-01 01:01:56.279829"
  },
  "49f35c5cd30e4168a8a8a8f7e41e767f": {
    "app_sintetizada": "49F35C5CD30E4168A8A8A8F7E41E767F",
    "cantidad_archivos": 1,
    "archivos_fuente": [
      "Library/Containers/com.apple.geod/Data/tmp/49F35C5C-D30E-4168-A8A8-A8F7E41E767F"
    ],
    "ultima_modificacion": "2025-08-01 01:01:56.280016"
  },
  "5f4178ddf9254cdca900bdfb7cc17d22": {
    "app_sintetizada": "5F4178DDF9254CDCA900BDFB7CC17D22",
    "cantidad_archivos": 1,
    "archivos_fuente": [
      "Library/Containers/com.apple.geod/Data/tmp/5F4178DD-F925-4CDC-A900-BDFB7CC17D22"
    ],
    "ultima_modificacion": "2025-08-01 01:01:56.280251"
  },
  "dc3126c889bb4616aa3f29b62b72c029": {
    "app_sintetizada": "DC3126C889BB4616AA3F29B62B72C029",
    "cantidad_archivos": 1,
    "archivos_fuente": [
      "Library/Containers/com.apple.geod/Data/tmp/DC3126C8-89BB-4616-AA3F-29B62B72C029"
    ],
    "ultima_modificacion": "2025-08-01 01:01:56.280537"
  },
  "4e445fa06e7a466ca0ff3adef7158720": {
    "app_sintetizada": "4E445FA06E7A466CA0FF3ADEF7158720",
    "cantidad_archivos": 1,
    "archivos_fuente": [
      "Library/Containers/com.apple.geod/Data/tmp/4E445FA0-6E7A-466C-A0FF-3ADEF7158720"
    ],
    "ultima_modificacion": "2025-08-01 01:01:56.280805"
  },
  "c11dd48e7e7343debd3a7676a1545db0": {
    "app_sintetizada": "C11DD48E7E7343DEBD3A7676A1545DB0",
    "cantidad_archivos": 1,
    "archivos_fuente": [
      "Library/Containers/com.apple.geod/Data/tmp/C11DD48E-7E73-43DE-BD3A-7676A1545DB0"
    ],
    "ultima_modificacion": "2025-08-01 01:01:56.281049"
  },
  "44a4e18e7c51406abf80bc8c01c1ea22": {
    "app_sintetizada": "44A4E18E7C51406ABF80BC8C01C1EA22",
    "cantidad_archivos": 1,
    "archivos_fuente": [
      "Library/Containers/com.apple.geod/Data/tmp/44A4E18E-7C51-406A-BF80-BC8C01C1EA22"
    ],
    "ultima_modificacion": "2025-08-01 01:01:56.281386"
  },
  "cb4ce0251c57448ba9e7b2851faeb934": {
    "app_sintetizada": "CB4CE0251C57448BA9E7B2851FAEB934",
    "cantidad_archivos": 1,
    "archivos_fuente": [
      "Library/Containers/com.apple.geod/Data/tmp/CB4CE025-1C57-448B-A9E7-B2851FAEB934"
    ],
    "ultima_modificacion": "2025-08-01 01:01:56.281617"
  },
  "9053f8607ac0420b9313a1066b4234c6": {
    "app_sintetizada": "9053F8607AC0420B9313A1066B4234C6",
    "cantidad_archivos": 1,
    "archivos_fuente": [
      "Library/Containers/com.apple.geod/Data/tmp/9053F860-7AC0-420B-9313-A1066B4234C6"
    ],
    "ultima_modificacion": "2025-08-01 01:01:56.281833"
  },
  "fc8482df98704c94a3cdde5aa1864091": {
    "app_sintetizada": "FC8482DF98704C94A3CDDE5AA1864091",
    "cantidad_archivos": 1,
    "archivos_fuente": [
      "Library/Containers/com.apple.geod/Data/tmp/FC8482DF-9870-4C94-A3CD-DE5AA1864091"
    ],
    "ultima_modificacion": "2025-08-01 01:01:56.282033"
  },
  "66d1809bd876460f9b2c2a15dd67e478": {
    "app_sintetizada": "66D1809BD876460F9B2C2A15DD67E478",
    "cantidad_archivos": 1,
    "archivos_fuente": [
      "Library/Containers/com.apple.geod/Data/tmp/66D1809B-D876-460F-9B2C-2A15DD67E478"
    ],
    "ultima_modificacion": "2025-08-01 01:01:56.282333"
  },
  "2fe4d40840e74de18bbd92dc382294f1": {
    "app_sintetizada": "2FE4D40840E74DE18BBD92DC382294F1",
    "cantidad_archivos": 1,
    "archivos_fuente": [
      "Library/Containers/com.apple.geod/Data/tmp/2FE4D408-40E7-4DE1-8BBD-92DC382294F1"
    ],
    "ultima_modificacion": "2025-08-01 01:01:56.282683"
  },
  "5ba5d047cea948c5b95e31ead4ccaa6c": {
    "app_sintetizada": "5BA5D047CEA948C5B95E31EAD4CCAA6C",
    "cantidad_archivos": 1,
    "archivos_fuente": [
      "Library/Containers/com.apple.geod/Data/tmp/5BA5D047-CEA9-48C5-B95E-31EAD4CCAA6C"
    ],
    "ultima_modificacion": "2025-08-01 01:01:56.283128"
  },
  "6aa35fa34ba74c4baed6ef7cce01be2b": {
    "app_sintetizada": "6AA35FA34BA74C4BAED6EF7CCE01BE2B",
    "cantidad_archivos": 1,
    "archivos_fuente": [
      "Library/Containers/com.apple.geod/Data/tmp/6AA35FA3-4BA7-4C4B-AED6-EF7CCE01BE2B"
    ],
    "ultima_modificacion": "2025-08-01 01:01:56.284301"
  },
  "6c17de73994e4eafb49e43a2eca223cd": {
    "app_sintetizada": "6C17DE73994E4EAFB49E43A2ECA223CD",
    "cantidad_archivos": 1,
    "archivos_fuente": [
      "Library/Containers/com.apple.geod/Data/tmp/6C17DE73-994E-4EAF-B49E-43A2ECA223CD"
    ],
    "ultima_modificacion": "2025-08-01 01:01:56.284630"
  },
  "ae3408e91aeb471e9d06b28598113002": {
    "app_sintetizada": "AE3408E91AEB471E9D06B28598113002",
    "cantidad_archivos": 1,
    "archivos_fuente": [
      "Library/Containers/com.apple.geod/Data/tmp/AE3408E9-1AEB-471E-9D06-B28598113002"
    ],
    "ultima_modificacion": "2025-08-01 01:01:56.284889"
  },
  "64efaec4f3ec46569bd3c1294f25c8a1": {
    "app_sintetizada": "64EFAEC4F3EC46569BD3C1294F25C8A1",
    "cantidad_archivos": 1,
    "archivos_fuente": [
      "Library/Containers/com.apple.geod/Data/tmp/64EFAEC4-F3EC-4656-9BD3-C1294F25C8A1"
    ],
    "ultima_modificacion": "2025-08-01 01:01:56.285182"
  },
  "d244447b934b4b67b1d26b6b631c58cf": {
    "app_sintetizada": "D244447B934B4B67B1D26B6B631C58CF",
    "cantidad_archivos": 1,
    "archivos_fuente": [
      "Library/Containers/com.apple.geod/Data/tmp/D244447B-934B-4B67-B1D2-6B6B631C58CF"
    ],
    "ultima_modificacion": "2025-08-01 01:01:56.285489"
  },
  "4abb34e2d1b945b4a182887f29047c38": {
    "app_sintetizada": "4ABB34E2D1B945B4A182887F29047C38",
    "cantidad_archivos": 1,
    "archivos_fuente": [
      "Library/Containers/com.apple.geod/Data/tmp/4ABB34E2-D1B9-45B4-A182-887F29047C38"
    ],
    "ultima_modificacion": "2025-08-01 01:01:56.285750"
  },
  "1be6e78976f3475fa8d6da9d61f64d4b": {
    "app_sintetizada": "1BE6E78976F3475FA8D6DA9D61F64D4B",
    "cantidad_archivos": 1,
    "archivos_fuente": [
      "Library/Containers/com.apple.geod/Data/tmp/1BE6E789-76F3-475F-A8D6-DA9D61F64D4B"
    ],
    "ultima_modificacion": "2025-08-01 01:01:56.286091"
  },
  "d9fdacde4c6e428db6d2458b32aa5bf6": {
    "app_sintetizada": "D9FDACDE4C6E428DB6D2458B32AA5BF6",
    "cantidad_archivos": 1,
    "archivos_fuente": [
      "Library/Containers/com.apple.geod/Data/tmp/D9FDACDE-4C6E-428D-B6D2-458B32AA5BF6"
    ],
    "ultima_modificacion": "2025-08-01 01:01:56.286369"
  },
  "f64101fcf6704aabb0cd0de5981e2fb2": {
    "app_sintetizada": "F64101FCF6704AABB0CD0DE5981E2FB2",
    "cantidad_archivos": 1,
    "archivos_fuente": [
      "Library/Containers/com.apple.geod/Data/tmp/F64101FC-F670-4AAB-B0CD-0DE5981E2FB2"
    ],
    "ultima_modificacion": "2025-08-01 01:01:56.286586"
  },
  "1d74787d36e54ead9541181ca0c96b4f": {
    "app_sintetizada": "1D74787D36E54EAD9541181CA0C96B4F",
    "cantidad_archivos": 1,
    "archivos_fuente": [
      "Library/Containers/com.apple.geod/Data/tmp/1D74787D-36E5-4EAD-9541-181CA0C96B4F"
    ],
    "ultima_modificacion": "2025-08-01 01:01:56.286798"
  },
  "343ee266f5f64a249b0b5e284806b1c0": {
    "app_sintetizada": "343EE266F5F64A249B0B5E284806B1C0",
    "cantidad_archivos": 1,
    "archivos_fuente": [
      "Library/Containers/com.apple.geod/Data/tmp/343EE266-F5F6-4A24-9B0B-5E284806B1C0"
    ],
    "ultima_modificacion": "2025-08-01 01:01:56.287008"
  },
  "3e63eae7418440ba9b40b77765352ec1": {
    "app_sintetizada": "3E63EAE7418440BA9B40B77765352EC1",
    "cantidad_archivos": 1,
    "archivos_fuente": [
      "Library/Containers/com.apple.geod/Data/tmp/3E63EAE7-4184-40BA-9B40-B77765352EC1"
    ],
    "ultima_modificacion": "2025-08-01 01:01:56.287235"
  },
  "b13a03073bc44d2a8675ae163814c5e7": {
    "app_sintetizada": "B13A03073BC44D2A8675AE163814C5E7",
    "cantidad_archivos": 1,
    "archivos_fuente": [
      "Library/Containers/com.apple.geod/Data/tmp/B13A0307-3BC4-4D2A-8675-AE163814C5E7"
    ],
    "ultima_modificacion": "2025-08-01 01:01:56.293458"
  },
  "584b32dbfa4f409896b958427b91b870": {
    "app_sintetizada": "584B32DBFA4F409896B958427B91B870",
    "cantidad_archivos": 1,
    "archivos_fuente": [
      "Library/Containers/com.apple.geod/Data/tmp/584B32DB-FA4F-4098-96B9-58427B91B870"
    ],
    "ultima_modificacion": "2025-08-01 01:01:56.298957"
  },
  "2eeaa50b71ff4e9abe5cb334b92dca04": {
    "app_sintetizada": "2EEAA50B71FF4E9ABE5CB334B92DCA04",
    "cantidad_archivos": 1,
    "archivos_fuente": [
      "Library/Containers/com.apple.geod/Data/tmp/2EEAA50B-71FF-4E9A-BE5C-B334B92DCA04"
    ],
    "ultima_modificacion": "2025-08-01 01:01:56.299445"
  },
  "057add5e04254b698baad0effe76c844": {
    "app_sintetizada": "057ADD5E04254B698BAAD0EFFE76C844",
    "cantidad_archivos": 1,
    "archivos_fuente": [
      "Library/Containers/com.apple.geod/Data/tmp/057ADD5E-0425-4B69-8BAA-D0EFFE76C844"
    ],
    "ultima_modificacion": "2025-08-01 01:01:56.299803"
  },
  "0be5ac06fd6947ac935a974d88ca5e94": {
    "app_sintetizada": "0BE5AC06FD6947AC935A974D88CA5E94",
    "cantidad_archivos": 1,
    "archivos_fuente": [
      "Library/Containers/com.apple.geod/Data/tmp/0BE5AC06-FD69-47AC-935A-974D88CA5E94"
    ],
    "ultima_modificacion": "2025-08-01 01:01:56.300587"
  },
  "df71057ef01249d09786cc3c777ceb16": {
    "app_sintetizada": "DF71057EF01249D09786CC3C777CEB16",
    "cantidad_archivos": 1,
    "archivos_fuente": [
      "Library/Containers/com.apple.geod/Data/tmp/DF71057E-F012-49D0-9786-CC3C777CEB16"
    ],
    "ultima_modificacion": "2025-08-01 01:01:56.301158"
  }
}