{
  "2be92e028dcb41969151a23e87c2a705:abperson.abcdp": {
    "app_sintetizada": "2BE92E028DCB41969151A23E87C2A705:ABPERSON.ABCDP",
    "cantidad_archivos": 1,
    "archivos_fuente": [
      "Library/Application Support/AddressBook/Sources/09AE88BC-62E0-40DE-B231-E4067BB75204/Metadata/2BE92E02-8DCB-4196-9151-A23E87C2A705:ABPerson.abcdp"
    ],
    "ultima_modificacion": "2025-08-01 01:01:44.057178"
  },
  "817a9910f67d4274a3dbc119d110c107:abperson.abcdp": {
    "app_sintetizada": "817A9910F67D4274A3DBC119D110C107:ABPERSON.ABCDP",
    "cantidad_archivos": 1,
    "archivos_fuente": [
      "Library/Application Support/AddressBook/Sources/09AE88BC-62E0-40DE-B231-E4067BB75204/Metadata/817A9910-F67D-4274-A3DB-C119D110C107:ABPerson.abcdp"
    ],
    "ultima_modificacion": "2025-08-01 01:01:44.057510"
  },
  "3461db9dee174485a414d0877546e4cb:abperson.abcdp": {
    "app_sintetizada": "3461DB9DEE174485A414D0877546E4CB:ABPERSON.ABCDP",
    "cantidad_archivos": 1,
    "archivos_fuente": [
      "Library/Application Support/AddressBook/Sources/09AE88BC-62E0-40DE-B231-E4067BB75204/Metadata/3461DB9D-EE17-4485-A414-D0877546E4CB:ABPerson.abcdp"
    ],
    "ultima_modificacion": "2025-08-01 01:01:44.057860"
  },
  "c5f825ab97a9490899a314f5384519cd:abperson.abcdp": {
    "app_sintetizada": "C5F825AB97A9490899A314F5384519CD:ABPERSON.ABCDP",
    "cantidad_archivos": 1,
    "archivos_fuente": [
      "Library/Application Support/AddressBook/Sources/09AE88BC-62E0-40DE-B231-E4067BB75204/Metadata/C5F825AB-97A9-4908-99A3-14F5384519CD:ABPerson.abcdp"
    ],
    "ultima_modificacion": "2025-08-01 01:01:44.058198"
  },
  "66bd62708bb842288ca5127c2eb140a1:abperson.abcdp": {
    "app_sintetizada": "66BD62708BB842288CA5127C2EB140A1:ABPERSON.ABCDP",
    "cantidad_archivos": 1,
    "archivos_fuente": [
      "Library/Application Support/AddressBook/Sources/09AE88BC-62E0-40DE-B231-E4067BB75204/Metadata/66BD6270-8BB8-4228-8CA5-127C2EB140A1:ABPerson.abcdp"
    ],
    "ultima_modificacion": "2025-08-01 01:01:44.058524"
  },
  "4f118837746a413ea51e42dc7446c4d4:abperson.abcdp": {
    "app_sintetizada": "4F118837746A413EA51E42DC7446C4D4:ABPERSON.ABCDP",
    "cantidad_archivos": 1,
    "archivos_fuente": [
      "Library/Application Support/AddressBook/Sources/09AE88BC-62E0-40DE-B231-E4067BB75204/Metadata/4F118837-746A-413E-A51E-42DC7446C4D4:ABPerson.abcdp"
    ],
    "ultima_modificacion": "2025-08-01 01:01:44.058842"
  },
  "4f4872821e2142959dc51e11e4beef1a:abperson.abcdp": {
    "app_sintetizada": "4F4872821E2142959DC51E11E4BEEF1A:ABPERSON.ABCDP",
    "cantidad_archivos": 1,
    "archivos_fuente": [
      "Library/Application Support/AddressBook/Sources/09AE88BC-62E0-40DE-B231-E4067BB75204/Metadata/4F487282-1E21-4295-9DC5-1E11E4BEEF1A:ABPerson.abcdp"
    ],
    "ultima_modificacion": "2025-08-01 01:01:44.059146"
  },
  "45de13d020c84b6181846d760c2ecf68:abperson.abcdp": {
    "app_sintetizada": "45DE13D020C84B6181846D760C2ECF68:ABPERSON.ABCDP",
    "cantidad_archivos": 1,
    "archivos_fuente": [
      "Library/Application Support/AddressBook/Sources/09AE88BC-62E0-40DE-B231-E4067BB75204/Metadata/45DE13D0-20C8-4B61-8184-6D760C2ECF68:ABPerson.abcdp"
    ],
    "ultima_modificacion": "2025-08-01 01:01:44.059469"
  },
  "a8896b1d9014490992e3d9f54992e98b:abperson.abcdp": {
    "app_sintetizada": "A8896B1D9014490992E3D9F54992E98B:ABPERSON.ABCDP",
    "cantidad_archivos": 1,
    "archivos_fuente": [
      "Library/Application Support/AddressBook/Sources/09AE88BC-62E0-40DE-B231-E4067BB75204/Metadata/A8896B1D-9014-4909-92E3-D9F54992E98B:ABPerson.abcdp"
    ],
    "ultima_modificacion": "2025-08-01 01:01:44.059795"
  },
  "aaf2aaf8e90b40a2ba472efd69e0a926:abperson.abcdp": {
    "app_sintetizada": "AAF2AAF8E90B40A2BA472EFD69E0A926:ABPERSON.ABCDP",
    "cantidad_archivos": 1,
    "archivos_fuente": [
      "Library/Application Support/AddressBook/Sources/09AE88BC-62E0-40DE-B231-E4067BB75204/Metadata/AAF2AAF8-E90B-40A2-BA47-2EFD69E0A926:ABPerson.abcdp"
    ],
    "ultima_modificacion": "2025-08-01 01:01:44.060163"
  },
  "d99ab10738b245e89baaa4c6f832ce12:abperson.abcdp": {
    "app_sintetizada": "D99AB10738B245E89BAAA4C6F832CE12:ABPERSON.ABCDP",
    "cantidad_archivos": 1,
    "archivos_fuente": [
      "Library/Application Support/AddressBook/Sources/09AE88BC-62E0-40DE-B231-E4067BB75204/Metadata/D99AB107-38B2-45E8-9BAA-A4C6F832CE12:ABPerson.abcdp"
    ],
    "ultima_modificacion": "2025-08-01 01:01:44.060494"
  },
  "3735fcb9f63f46abb86021ebc64b1deb:abperson.abcdp": {
    "app_sintetizada": "3735FCB9F63F46ABB86021EBC64B1DEB:ABPERSON.ABCDP",
    "cantidad_archivos": 1,
    "archivos_fuente": [
      "Library/Application Support/AddressBook/Sources/09AE88BC-62E0-40DE-B231-E4067BB75204/Metadata/3735FCB9-F63F-46AB-B860-21EBC64B1DEB:ABPerson.abcdp"
    ],
    "ultima_modificacion": "2025-08-01 01:01:44.060803"
  },
  "71c888e90c434f41b73f98ec05608aa3:abperson.abcdp": {
    "app_sintetizada": "71C888E90C434F41B73F98EC05608AA3:ABPERSON.ABCDP",
    "cantidad_archivos": 1,
    "archivos_fuente": [
      "Library/Application Support/AddressBook/Sources/09AE88BC-62E0-40DE-B231-E4067BB75204/Metadata/71C888E9-0C43-4F41-B73F-98EC05608AA3:ABPerson.abcdp"
    ],
    "ultima_modificacion": "2025-08-01 01:01:44.061170"
  },
  "29946b17ee7b421f84e0ed5e18ab869d:abperson.abcdp": {
    "app_sintetizada": "29946B17EE7B421F84E0ED5E18AB869D:ABPERSON.ABCDP",
    "cantidad_archivos": 1,
    "archivos_fuente": [
      "Library/Application Support/AddressBook/Sources/09AE88BC-62E0-40DE-B231-E4067BB75204/Metadata/29946B17-EE7B-421F-84E0-ED5E18AB869D:ABPerson.abcdp"
    ],
    "ultima_modificacion": "2025-08-01 01:01:44.061530"
  },
  "9c4f4297952545cc8b27c37672f91e08:abperson.abcdp": {
    "app_sintetizada": "9C4F4297952545CC8B27C37672F91E08:ABPERSON.ABCDP",
    "cantidad_archivos": 1,
    "archivos_fuente": [
      "Library/Application Support/AddressBook/Sources/09AE88BC-62E0-40DE-B231-E4067BB75204/Metadata/9C4F4297-9525-45CC-8B27-C37672F91E08:ABPerson.abcdp"
    ],
    "ultima_modificacion": "2025-08-01 01:01:44.061846"
  },
  "557f42290e004bba9c1d78de932d00ea:abperson.abcdp": {
    "app_sintetizada": "557F42290E004BBA9C1D78DE932D00EA:ABPERSON.ABCDP",
    "cantidad_archivos": 1,
    "archivos_fuente": [
      "Library/Application Support/AddressBook/Sources/09AE88BC-62E0-40DE-B231-E4067BB75204/Metadata/557F4229-0E00-4BBA-9C1D-78DE932D00EA:ABPerson.abcdp"
    ],
    "ultima_modificacion": "2025-08-01 01:01:44.062198"
  },
  "4d227579b9a648a2aff8ebe676136bb1:abperson.abcdp": {
    "app_sintetizada": "4D227579B9A648A2AFF8EBE676136BB1:ABPERSON.ABCDP",
    "cantidad_archivos": 1,
    "archivos_fuente": [
      "Library/Application Support/AddressBook/Sources/09AE88BC-62E0-40DE-B231-E4067BB75204/Metadata/4D227579-B9A6-48A2-AFF8-EBE676136BB1:ABPerson.abcdp"
    ],
    "ultima_modificacion": "2025-08-01 01:01:44.062475"
  },
  "024c1cdea8b6461c99b0aacd271e39fa:abperson.abcdp": {
    "app_sintetizada": "024C1CDEA8B6461C99B0AACD271E39FA:ABPERSON.ABCDP",
    "cantidad_archivos": 1,
    "archivos_fuente": [
      "Library/Application Support/AddressBook/Sources/09AE88BC-62E0-40DE-B231-E4067BB75204/Metadata/024C1CDE-A8B6-461C-99B0-AACD271E39FA:ABPerson.abcdp"
    ],
    "ultima_modificacion": "2025-08-01 01:01:44.062730"
  },
  "993a94fab8d640179ad9f9abf03b192d:abperson.abcdp": {
    "app_sintetizada": "993A94FAB8D640179AD9F9ABF03B192D:ABPERSON.ABCDP",
    "cantidad_archivos": 1,
    "archivos_fuente": [
      "Library/Application Support/AddressBook/Sources/09AE88BC-62E0-40DE-B231-E4067BB75204/Metadata/993A94FA-B8D6-4017-9AD9-F9ABF03B192D:ABPerson.abcdp"
    ],
    "ultima_modificacion": "2025-08-01 01:01:44.063045"
  },
  "a137ebdef2df407d98b35f7f5031b9e6:abperson.abcdp": {
    "app_sintetizada": "A137EBDEF2DF407D98B35F7F5031B9E6:ABPERSON.ABCDP",
    "cantidad_archivos": 1,
    "archivos_fuente": [
      "Library/Application Support/AddressBook/Sources/09AE88BC-62E0-40DE-B231-E4067BB75204/Metadata/A137EBDE-F2DF-407D-98B3-5F7F5031B9E6:ABPerson.abcdp"
    ],
    "ultima_modificacion": "2025-08-01 01:01:44.063299"
  },
  "6e06db61c99b49548eaf431286472f46:abperson.abcdp": {
    "app_sintetizada": "6E06DB61C99B49548EAF431286472F46:ABPERSON.ABCDP",
    "cantidad_archivos": 1,
    "archivos_fuente": [
      "Library/Application Support/AddressBook/Sources/09AE88BC-62E0-40DE-B231-E4067BB75204/Metadata/6E06DB61-C99B-4954-8EAF-431286472F46:ABPerson.abcdp"
    ],
    "ultima_modificacion": "2025-08-01 01:01:44.063591"
  },
  "6ac86c5c170145bbb7ba362afa503e4f:abperson.abcdp": {
    "app_sintetizada": "6AC86C5C170145BBB7BA362AFA503E4F:ABPERSON.ABCDP",
    "cantidad_archivos": 1,
    "archivos_fuente": [
      "Library/Application Support/AddressBook/Sources/09AE88BC-62E0-40DE-B231-E4067BB75204/Metadata/6AC86C5C-1701-45BB-B7BA-362AFA503E4F:ABPerson.abcdp"
    ],
    "ultima_modificacion": "2025-08-01 01:01:44.063866"
  },
  "940dfb45f9c94421938c2801d55b9063:abperson.abcdp": {
    "app_sintetizada": "940DFB45F9C94421938C2801D55B9063:ABPERSON.ABCDP",
    "cantidad_archivos": 1,
    "archivos_fuente": [
      "Library/Application Support/AddressBook/Sources/09AE88BC-62E0-40DE-B231-E4067BB75204/Metadata/940DFB45-F9C9-4421-938C-2801D55B9063:ABPerson.abcdp"
    ],
    "ultima_modificacion": "2025-08-01 01:01:44.064174"
  },
  "dae5659aa9a94480bab5cb7192ab3295:abperson.abcdp": {
    "app_sintetizada": "DAE5659AA9A94480BAB5CB7192AB3295:ABPERSON.ABCDP",
    "cantidad_archivos": 1,
    "archivos_fuente": [
      "Library/Application Support/AddressBook/Sources/09AE88BC-62E0-40DE-B231-E4067BB75204/Metadata/DAE5659A-A9A9-4480-BAB5-CB7192AB3295:ABPerson.abcdp"
    ],
    "ultima_modificacion": "2025-08-01 01:01:44.064431"
  },
  "06885f4cc1da4bf4b184f2c4b9670f95:abperson.abcdp": {
    "app_sintetizada": "06885F4CC1DA4BF4B184F2C4B9670F95:ABPERSON.ABCDP",
    "cantidad_archivos": 1,
    "archivos_fuente": [
      "Library/Application Support/AddressBook/Sources/09AE88BC-62E0-40DE-B231-E4067BB75204/Metadata/06885F4C-C1DA-4BF4-B184-F2C4B9670F95:ABPerson.abcdp"
    ],
    "ultima_modificacion": "2025-08-01 01:01:44.064791"
  },
  "61634795abf5489f9100ac009558fae9:abperson.abcdp": {
    "app_sintetizada": "61634795ABF5489F9100AC009558FAE9:ABPERSON.ABCDP",
    "cantidad_archivos": 1,
    "archivos_fuente": [
      "Library/Application Support/AddressBook/Sources/09AE88BC-62E0-40DE-B231-E4067BB75204/Metadata/61634795-ABF5-489F-9100-AC009558FAE9:ABPerson.abcdp"
    ],
    "ultima_modificacion": "2025-08-01 01:01:44.065069"
  },
  "7728fbf68dc14a06bc68dcd2d8988c52:abperson.abcdp": {
    "app_sintetizada": "7728FBF68DC14A06BC68DCD2D8988C52:ABPERSON.ABCDP",
    "cantidad_archivos": 1,
    "archivos_fuente": [
      "Library/Application Support/AddressBook/Sources/09AE88BC-62E0-40DE-B231-E4067BB75204/Metadata/7728FBF6-8DC1-4A06-BC68-DCD2D8988C52:ABPerson.abcdp"
    ],
    "ultima_modificacion": "2025-08-01 01:01:44.065397"
  },
  "702bebe33f6d4308ad526445cd4d71e6:abperson.abcdp": {
    "app_sintetizada": "702BEBE33F6D4308AD526445CD4D71E6:ABPERSON.ABCDP",
    "cantidad_archivos": 1,
    "archivos_fuente": [
      "Library/Application Support/AddressBook/Sources/09AE88BC-62E0-40DE-B231-E4067BB75204/Metadata/702BEBE3-3F6D-4308-AD52-6445CD4D71E6:ABPerson.abcdp"
    ],
    "ultima_modificacion": "2025-08-01 01:01:44.065648"
  },
  "c2bf2b5fb23f4992b0ec493790879da6:abperson.abcdp": {
    "app_sintetizada": "C2BF2B5FB23F4992B0EC493790879DA6:ABPERSON.ABCDP",
    "cantidad_archivos": 1,
    "archivos_fuente": [
      "Library/Application Support/AddressBook/Sources/09AE88BC-62E0-40DE-B231-E4067BB75204/Metadata/C2BF2B5F-B23F-4992-B0EC-493790879DA6:ABPerson.abcdp"
    ],
    "ultima_modificacion": "2025-08-01 01:01:44.065878"
  },
  "d4c6e8e0e808433c8bfda9874e67f05a:abperson.abcdp": {
    "app_sintetizada": "D4C6E8E0E808433C8BFDA9874E67F05A:ABPERSON.ABCDP",
    "cantidad_archivos": 1,
    "archivos_fuente": [
      "Library/Application Support/AddressBook/Sources/09AE88BC-62E0-40DE-B231-E4067BB75204/Metadata/D4C6E8E0-E808-433C-8BFD-A9874E67F05A:ABPerson.abcdp"
    ],
    "ultima_modificacion": "2025-08-01 01:01:44.066101"
  },
  "aad58d705536470ebeba393791eff9e8:abperson.abcdp": {
    "app_sintetizada": "AAD58D705536470EBEBA393791EFF9E8:ABPERSON.ABCDP",
    "cantidad_archivos": 1,
    "archivos_fuente": [
      "Library/Application Support/AddressBook/Sources/09AE88BC-62E0-40DE-B231-E4067BB75204/Metadata/AAD58D70-5536-470E-BEBA-393791EFF9E8:ABPerson.abcdp"
    ],
    "ultima_modificacion": "2025-08-01 01:01:44.066319"
  },
  "4f2d08bd9e7f4f1d85176ef373134121:abperson.abcdp": {
    "app_sintetizada": "4F2D08BD9E7F4F1D85176EF373134121:ABPERSON.ABCDP",
    "cantidad_archivos": 1,
    "archivos_fuente": [
      "Library/Application Support/AddressBook/Sources/09AE88BC-62E0-40DE-B231-E4067BB75204/Metadata/4F2D08BD-9E7F-4F1D-8517-6EF373134121:ABPerson.abcdp"
    ],
    "ultima_modificacion": "2025-08-01 01:01:44.066528"
  },
  "359eb04e34b742958447b836efbaa8a9:abperson.abcdp": {
    "app_sintetizada": "359EB04E34B742958447B836EFBAA8A9:ABPERSON.ABCDP",
    "cantidad_archivos": 1,
    "archivos_fuente": [
      "Library/Application Support/AddressBook/Sources/09AE88BC-62E0-40DE-B231-E4067BB75204/Metadata/359EB04E-34B7-4295-8447-B836EFBAA8A9:ABPerson.abcdp"
    ],
    "ultima_modificacion": "2025-08-01 01:01:44.066759"
  },
  "a2d656e4e70b4e6ab9371e8c3c9456f8:abperson.abcdp": {
    "app_sintetizada": "A2D656E4E70B4E6AB9371E8C3C9456F8:ABPERSON.ABCDP",
    "cantidad_archivos": 1,
    "archivos_fuente": [
      "Library/Application Support/AddressBook/Sources/09AE88BC-62E0-40DE-B231-E4067BB75204/Metadata/A2D656E4-E70B-4E6A-B937-1E8C3C9456F8:ABPerson.abcdp"
    ],
    "ultima_modificacion": "2025-08-01 01:01:44.066987"
  },
  "c8902eb9dcb74d5fa7a27c0e5e2a7184:abperson.abcdp": {
    "app_sintetizada": "C8902EB9DCB74D5FA7A27C0E5E2A7184:ABPERSON.ABCDP",
    "cantidad_archivos": 1,
    "archivos_fuente": [
      "Library/Application Support/AddressBook/Sources/09AE88BC-62E0-40DE-B231-E4067BB75204/Metadata/C8902EB9-DCB7-4D5F-A7A2-7C0E5E2A7184:ABPerson.abcdp"
    ],
    "ultima_modificacion": "2025-08-01 01:01:44.067260"
  },
  "023e280b4abf448990b86b91a7f21f35:abperson.abcdp": {
    "app_sintetizada": "023E280B4ABF448990B86B91A7F21F35:ABPERSON.ABCDP",
    "cantidad_archivos": 1,
    "archivos_fuente": [
      "Library/Application Support/AddressBook/Sources/09AE88BC-62E0-40DE-B231-E4067BB75204/Metadata/023E280B-4ABF-4489-90B8-6B91A7F21F35:ABPerson.abcdp"
    ],
    "ultima_modificacion": "2025-08-01 01:01:44.067524"
  },
  "d6f7fb38762f49869827fe834c6248ca:abperson.abcdp": {
    "app_sintetizada": "D6F7FB38762F49869827FE834C6248CA:ABPERSON.ABCDP",
    "cantidad_archivos": 1,
    "archivos_fuente": [
      "Library/Application Support/AddressBook/Sources/09AE88BC-62E0-40DE-B231-E4067BB75204/Metadata/D6F7FB38-762F-4986-9827-FE834C6248CA:ABPerson.abcdp"
    ],
    "ultima_modificacion": "2025-08-01 01:01:44.067888"
  },
  "d331396f3ecf4aaa9c08629d5d9dc52a:abperson.abcdp": {
    "app_sintetizada": "D331396F3ECF4AAA9C08629D5D9DC52A:ABPERSON.ABCDP",
    "cantidad_archivos": 1,
    "archivos_fuente": [
      "Library/Application Support/AddressBook/Sources/09AE88BC-62E0-40DE-B231-E4067BB75204/Metadata/D331396F-3ECF-4AAA-9C08-629D5D9DC52A:ABPerson.abcdp"
    ],
    "ultima_modificacion": "2025-08-01 01:01:44.068123"
  },
  "73c4453b4fcb4cfab40238ed4d13e2d3:abperson.abcdp": {
    "app_sintetizada": "73C4453B4FCB4CFAB40238ED4D13E2D3:ABPERSON.ABCDP",
    "cantidad_archivos": 1,
    "archivos_fuente": [
      "Library/Application Support/AddressBook/Sources/09AE88BC-62E0-40DE-B231-E4067BB75204/Metadata/73C4453B-4FCB-4CFA-B402-38ED4D13E2D3:ABPerson.abcdp"
    ],
    "ultima_modificacion": "2025-08-01 01:01:44.068337"
  },
  "5811f043fc2c459d8350d3bc3f13d9f1:abperson.abcdp": {
    "app_sintetizada": "5811F043FC2C459D8350D3BC3F13D9F1:ABPERSON.ABCDP",
    "cantidad_archivos": 1,
    "archivos_fuente": [
      "Library/Application Support/AddressBook/Sources/09AE88BC-62E0-40DE-B231-E4067BB75204/Metadata/5811F043-FC2C-459D-8350-D3BC3F13D9F1:ABPerson.abcdp"
    ],
    "ultima_modificacion": "2025-08-01 01:01:44.068584"
  },
  "a7069f11f3b84e3c93fa3268891d9606:abperson.abcdp": {
    "app_sintetizada": "A7069F11F3B84E3C93FA3268891D9606:ABPERSON.ABCDP",
    "cantidad_archivos": 1,
    "archivos_fuente": [
      "Library/Application Support/AddressBook/Sources/09AE88BC-62E0-40DE-B231-E4067BB75204/Metadata/A7069F11-F3B8-4E3C-93FA-3268891D9606:ABPerson.abcdp"
    ],
    "ultima_modificacion": "2025-08-01 01:01:44.068851"
  },
  "1aef2358f5c04bc9a5afa0c12a2d2fb7:abperson.abcdp": {
    "app_sintetizada": "1AEF2358F5C04BC9A5AFA0C12A2D2FB7:ABPERSON.ABCDP",
    "cantidad_archivos": 1,
    "archivos_fuente": [
      "Library/Application Support/AddressBook/Sources/09AE88BC-62E0-40DE-B231-E4067BB75204/Metadata/1AEF2358-F5C0-4BC9-A5AF-A0C12A2D2FB7:ABPerson.abcdp"
    ],
    "ultima_modificacion": "2025-08-01 01:01:44.069117"
  },
  "cd57a7c61ea049cc9a151e8e0150c76e:abperson.abcdp": {
    "app_sintetizada": "CD57A7C61EA049CC9A151E8E0150C76E:ABPERSON.ABCDP",
    "cantidad_archivos": 1,
    "archivos_fuente": [
      "Library/Application Support/AddressBook/Sources/09AE88BC-62E0-40DE-B231-E4067BB75204/Metadata/CD57A7C6-1EA0-49CC-9A15-1E8E0150C76E:ABPerson.abcdp"
    ],
    "ultima_modificacion": "2025-08-01 01:01:44.069442"
  },
  "725dee9195fc4eaa9a1606e04ba38385:abperson.abcdp": {
    "app_sintetizada": "725DEE9195FC4EAA9A1606E04BA38385:ABPERSON.ABCDP",
    "cantidad_archivos": 1,
    "archivos_fuente": [
      "Library/Application Support/AddressBook/Sources/09AE88BC-62E0-40DE-B231-E4067BB75204/Metadata/725DEE91-95FC-4EAA-9A16-06E04BA38385:ABPerson.abcdp"
    ],
    "ultima_modificacion": "2025-08-01 01:01:44.069780"
  },
  "91d1183ac31b4a0887ba3348af9fdb92:abperson.abcdp": {
    "app_sintetizada": "91D1183AC31B4A0887BA3348AF9FDB92:ABPERSON.ABCDP",
    "cantidad_archivos": 1,
    "archivos_fuente": [
      "Library/Application Support/AddressBook/Sources/09AE88BC-62E0-40DE-B231-E4067BB75204/Metadata/91D1183A-C31B-4A08-87BA-3348AF9FDB92:ABPerson.abcdp"
    ],
    "ultima_modificacion": "2025-08-01 01:01:44.070050"
  },
  "6a0e04ab5e2a43c99dd3512c54d112f4:abperson.abcdp": {
    "app_sintetizada": "6A0E04AB5E2A43C99DD3512C54D112F4:ABPERSON.ABCDP",
    "cantidad_archivos": 1,
    "archivos_fuente": [
      "Library/Application Support/AddressBook/Sources/09AE88BC-62E0-40DE-B231-E4067BB75204/Metadata/6A0E04AB-5E2A-43C9-9DD3-512C54D112F4:ABPerson.abcdp"
    ],
    "ultima_modificacion": "2025-08-01 01:01:44.070320"
  },
  "d6b0b0a573dd47389287e68b9901964f:abperson.abcdp": {
    "app_sintetizada": "D6B0B0A573DD47389287E68B9901964F:ABPERSON.ABCDP",
    "cantidad_archivos": 1,
    "archivos_fuente": [
      "Library/Application Support/AddressBook/Sources/09AE88BC-62E0-40DE-B231-E4067BB75204/Metadata/D6B0B0A5-73DD-4738-9287-E68B9901964F:ABPerson.abcdp"
    ],
    "ultima_modificacion": "2025-08-01 01:01:44.070574"
  },
  "bbe4f595de66450c86277e6bbe24ea20:abperson.abcdp": {
    "app_sintetizada": "BBE4F595DE66450C86277E6BBE24EA20:ABPERSON.ABCDP",
    "cantidad_archivos": 1,
    "archivos_fuente": [
      "Library/Application Support/AddressBook/Sources/09AE88BC-62E0-40DE-B231-E4067BB75204/Metadata/BBE4F595-DE66-450C-8627-7E6BBE24EA20:ABPerson.abcdp"
    ],
    "ultima_modificacion": "2025-08-01 01:01:44.070831"
  },
  "bbb473b0845744d59ff49dc204bbabb2:abperson.abcdp": {
    "app_sintetizada": "BBB473B0845744D59FF49DC204BBABB2:ABPERSON.ABCDP",
    "cantidad_archivos": 1,
    "archivos_fuente": [
      "Library/Application Support/AddressBook/Sources/09AE88BC-62E0-40DE-B231-E4067BB75204/Metadata/BBB473B0-8457-44D5-9FF4-9DC204BBABB2:ABPerson.abcdp"
    ],
    "ultima_modificacion": "2025-08-01 01:01:44.071086"
  },
  "82d82dd0f17e429a9d56f6fab6fc588d:abperson.abcdp": {
    "app_sintetizada": "82D82DD0F17E429A9D56F6FAB6FC588D:ABPERSON.ABCDP",
    "cantidad_archivos": 1,
    "archivos_fuente": [
      "Library/Application Support/AddressBook/Sources/09AE88BC-62E0-40DE-B231-E4067BB75204/Metadata/82D82DD0-F17E-429A-9D56-F6FAB6FC588D:ABPerson.abcdp"
    ],
    "ultima_modificacion": "2025-08-01 01:01:44.071422"
  },
  "3d7760944cf748ce81e1bd3845e9962c:abperson.abcdp": {
    "app_sintetizada": "3D7760944CF748CE81E1BD3845E9962C:ABPERSON.ABCDP",
    "cantidad_archivos": 1,
    "archivos_fuente": [
      "Library/Application Support/AddressBook/Sources/09AE88BC-62E0-40DE-B231-E4067BB75204/Metadata/3D776094-4CF7-48CE-81E1-BD3845E9962C:ABPerson.abcdp"
    ],
    "ultima_modificacion": "2025-08-01 01:01:44.071681"
  },
  "046a9fdf40664b719f7d386d7c2c3abc:abperson.abcdp": {
    "app_sintetizada": "046A9FDF40664B719F7D386D7C2C3ABC:ABPERSON.ABCDP",
    "cantidad_archivos": 1,
    "archivos_fuente": [
      "Library/Application Support/AddressBook/Sources/09AE88BC-62E0-40DE-B231-E4067BB75204/Metadata/046A9FDF-4066-4B71-9F7D-386D7C2C3ABC:ABPerson.abcdp"
    ],
    "ultima_modificacion": "2025-08-01 01:01:44.071975"
  },
  "110aaa8e2dc340c5902878ec5191db39:abperson.abcdp": {
    "app_sintetizada": "110AAA8E2DC340C5902878EC5191DB39:ABPERSON.ABCDP",
    "cantidad_archivos": 1,
    "archivos_fuente": [
      "Library/Application Support/AddressBook/Sources/09AE88BC-62E0-40DE-B231-E4067BB75204/Metadata/110AAA8E-2DC3-40C5-9028-78EC5191DB39:ABPerson.abcdp"
    ],
    "ultima_modificacion": "2025-08-01 01:01:44.072270"
  },
  "7d561dc443ee4328baff0ca4acca6625:abperson.abcdp": {
    "app_sintetizada": "7D561DC443EE4328BAFF0CA4ACCA6625:ABPERSON.ABCDP",
    "cantidad_archivos": 1,
    "archivos_fuente": [
      "Library/Application Support/AddressBook/Sources/09AE88BC-62E0-40DE-B231-E4067BB75204/Metadata/7D561DC4-43EE-4328-BAFF-0CA4ACCA6625:ABPerson.abcdp"
    ],
    "ultima_modificacion": "2025-08-01 01:01:44.072490"
  },
  "15415c6cd4454d7986a4ade9464ce7d6:abperson.abcdp": {
    "app_sintetizada": "15415C6CD4454D7986A4ADE9464CE7D6:ABPERSON.ABCDP",
    "cantidad_archivos": 1,
    "archivos_fuente": [
      "Library/Application Support/AddressBook/Sources/09AE88BC-62E0-40DE-B231-E4067BB75204/Metadata/15415C6C-D445-4D79-86A4-ADE9464CE7D6:ABPerson.abcdp"
    ],
    "ultima_modificacion": "2025-08-01 01:01:44.072698"
  },
  "348183ad550441809ad707d78b12e423:abperson.abcdp": {
    "app_sintetizada": "348183AD550441809AD707D78B12E423:ABPERSON.ABCDP",
    "cantidad_archivos": 1,
    "archivos_fuente": [
      "Library/Application Support/AddressBook/Sources/09AE88BC-62E0-40DE-B231-E4067BB75204/Metadata/348183AD-5504-4180-9AD7-07D78B12E423:ABPerson.abcdp"
    ],
    "ultima_modificacion": "2025-08-01 01:01:44.072908"
  },
  "1f6ef8a75c604eac95409da2d41c3a1f:abperson.abcdp": {
    "app_sintetizada": "1F6EF8A75C604EAC95409DA2D41C3A1F:ABPERSON.ABCDP",
    "cantidad_archivos": 1,
    "archivos_fuente": [
      "Library/Application Support/AddressBook/Sources/09AE88BC-62E0-40DE-B231-E4067BB75204/Metadata/1F6EF8A7-5C60-4EAC-9540-9DA2D41C3A1F:ABPerson.abcdp"
    ],
    "ultima_modificacion": "2025-08-01 01:01:44.073105"
  },
  "4fe01453fb30421e89e6f3235e330294:abperson.abcdp": {
    "app_sintetizada": "4FE01453FB30421E89E6F3235E330294:ABPERSON.ABCDP",
    "cantidad_archivos": 1,
    "archivos_fuente": [
      "Library/Application Support/AddressBook/Sources/09AE88BC-62E0-40DE-B231-E4067BB75204/Metadata/4FE01453-FB30-421E-89E6-F3235E330294:ABPerson.abcdp"
    ],
    "ultima_modificacion": "2025-08-01 01:01:44.073332"
  },
  "d0b4b4cb01ad471286fee2ccabbd3b54:abperson.abcdp": {
    "app_sintetizada": "D0B4B4CB01AD471286FEE2CCABBD3B54:ABPERSON.ABCDP",
    "cantidad_archivos": 1,
    "archivos_fuente": [
      "Library/Application Support/AddressBook/Sources/09AE88BC-62E0-40DE-B231-E4067BB75204/Metadata/D0B4B4CB-01AD-4712-86FE-E2CCABBD3B54:ABPerson.abcdp"
    ],
    "ultima_modificacion": "2025-08-01 01:01:44.073675"
  },
  "756ee9f92a09476a9e8adaf4061de10c:abperson.abcdp": {
    "app_sintetizada": "756EE9F92A09476A9E8ADAF4061DE10C:ABPERSON.ABCDP",
    "cantidad_archivos": 1,
    "archivos_fuente": [
      "Library/Application Support/AddressBook/Sources/09AE88BC-62E0-40DE-B231-E4067BB75204/Metadata/756EE9F9-2A09-476A-9E8A-DAF4061DE10C:ABPerson.abcdp"
    ],
    "ultima_modificacion": "2025-08-01 01:01:44.073943"
  },
  "ed346a4f8d5d4b31b2a744b6368c2105:abperson.abcdp": {
    "app_sintetizada": "ED346A4F8D5D4B31B2A744B6368C2105:ABPERSON.ABCDP",
    "cantidad_archivos": 1,
    "archivos_fuente": [
      "Library/Application Support/AddressBook/Sources/09AE88BC-62E0-40DE-B231-E4067BB75204/Metadata/ED346A4F-8D5D-4B31-B2A7-44B6368C2105:ABPerson.abcdp"
    ],
    "ultima_modificacion": "2025-08-01 01:01:44.074185"
  },
  "032ad095ac81452fb0ee2056654a2020:abperson.abcdp": {
    "app_sintetizada": "032AD095AC81452FB0EE2056654A2020:ABPERSON.ABCDP",
    "cantidad_archivos": 1,
    "archivos_fuente": [
      "Library/Application Support/AddressBook/Sources/09AE88BC-62E0-40DE-B231-E4067BB75204/Metadata/032AD095-AC81-452F-B0EE-2056654A2020:ABPerson.abcdp"
    ],
    "ultima_modificacion": "2025-08-01 01:01:44.074475"
  },
  "f14c9d610bca402c871f4ec6826f8a5e:abperson.abcdp": {
    "app_sintetizada": "F14C9D610BCA402C871F4EC6826F8A5E:ABPERSON.ABCDP",
    "cantidad_archivos": 1,
    "archivos_fuente": [
      "Library/Application Support/AddressBook/Sources/09AE88BC-62E0-40DE-B231-E4067BB75204/Metadata/F14C9D61-0BCA-402C-871F-4EC6826F8A5E:ABPerson.abcdp"
    ],
    "ultima_modificacion": "2025-08-01 01:01:44.074800"
  },
  "a6b194f0ba0e45bfbb5e62bd683fa3a8:abperson.abcdp": {
    "app_sintetizada": "A6B194F0BA0E45BFBB5E62BD683FA3A8:ABPERSON.ABCDP",
    "cantidad_archivos": 1,
    "archivos_fuente": [
      "Library/Application Support/AddressBook/Sources/09AE88BC-62E0-40DE-B231-E4067BB75204/Metadata/A6B194F0-BA0E-45BF-BB5E-62BD683FA3A8:ABPerson.abcdp"
    ],
    "ultima_modificacion": "2025-08-01 01:01:44.075060"
  },
  "d4dcc22f132f41d89dd624180543c1fe:abperson.abcdp": {
    "app_sintetizada": "D4DCC22F132F41D89DD624180543C1FE:ABPERSON.ABCDP",
    "cantidad_archivos": 1,
    "archivos_fuente": [
      "Library/Application Support/AddressBook/Sources/09AE88BC-62E0-40DE-B231-E4067BB75204/Metadata/D4DCC22F-132F-41D8-9DD6-24180543C1FE:ABPerson.abcdp"
    ],
    "ultima_modificacion": "2025-08-01 01:01:44.075329"
  },
  "2d2f01b5121c49cea78503b873baafb1:abperson.abcdp": {
    "app_sintetizada": "2D2F01B5121C49CEA78503B873BAAFB1:ABPERSON.ABCDP",
    "cantidad_archivos": 1,
    "archivos_fuente": [
      "Library/Application Support/AddressBook/Sources/09AE88BC-62E0-40DE-B231-E4067BB75204/Metadata/2D2F01B5-121C-49CE-A785-03B873BAAFB1:ABPerson.abcdp"
    ],
    "ultima_modificacion": "2025-08-01 01:01:44.075677"
  },
  "5b625a82eba24c799c0048e995c9fc6c:abperson.abcdp": {
    "app_sintetizada": "5B625A82EBA24C799C0048E995C9FC6C:ABPERSON.ABCDP",
    "cantidad_archivos": 1,
    "archivos_fuente": [
      "Library/Application Support/AddressBook/Sources/09AE88BC-62E0-40DE-B231-E4067BB75204/Metadata/5B625A82-EBA2-4C79-9C00-48E995C9FC6C:ABPerson.abcdp"
    ],
    "ultima_modificacion": "2025-08-01 01:01:44.075901"
  },
  "548e63e89acd4b1d8b2bb7624eef9f99:abperson.abcdp": {
    "app_sintetizada": "548E63E89ACD4B1D8B2BB7624EEF9F99:ABPERSON.ABCDP",
    "cantidad_archivos": 1,
    "archivos_fuente": [
      "Library/Application Support/AddressBook/Sources/09AE88BC-62E0-40DE-B231-E4067BB75204/Metadata/548E63E8-9ACD-4B1D-8B2B-B7624EEF9F99:ABPerson.abcdp"
    ],
    "ultima_modificacion": "2025-08-01 01:01:44.076121"
  },
  "f24fb5afd4a24bc0acad217f7695700b:abperson.abcdp": {
    "app_sintetizada": "F24FB5AFD4A24BC0ACAD217F7695700B:ABPERSON.ABCDP",
    "cantidad_archivos": 1,
    "archivos_fuente": [
      "Library/Application Support/AddressBook/Sources/09AE88BC-62E0-40DE-B231-E4067BB75204/Metadata/F24FB5AF-D4A2-4BC0-ACAD-217F7695700B:ABPerson.abcdp"
    ],
    "ultima_modificacion": "2025-08-01 01:01:44.076333"
  },
  "50f078c05ba946b4ac0cf3c6d7044cec:abperson.abcdp": {
    "app_sintetizada": "50F078C05BA946B4AC0CF3C6D7044CEC:ABPERSON.ABCDP",
    "cantidad_archivos": 1,
    "archivos_fuente": [
      "Library/Application Support/AddressBook/Sources/09AE88BC-62E0-40DE-B231-E4067BB75204/Metadata/50F078C0-5BA9-46B4-AC0C-F3C6D7044CEC:ABPerson.abcdp"
    ],
    "ultima_modificacion": "2025-08-01 01:01:44.076546"
  },
  "63ad68171be240bfa8c53d3a2213de3e:abperson.abcdp": {
    "app_sintetizada": "63AD68171BE240BFA8C53D3A2213DE3E:ABPERSON.ABCDP",
    "cantidad_archivos": 1,
    "archivos_fuente": [
      "Library/Application Support/AddressBook/Sources/09AE88BC-62E0-40DE-B231-E4067BB75204/Metadata/63AD6817-1BE2-40BF-A8C5-3D3A2213DE3E:ABPerson.abcdp"
    ],
    "ultima_modificacion": "2025-08-01 01:01:44.076754"
  },
  "b10f3b2d64bd4cf0aaec4a29dfc1154e:abperson.abcdp": {
    "app_sintetizada": "B10F3B2D64BD4CF0AAEC4A29DFC1154E:ABPERSON.ABCDP",
    "cantidad_archivos": 1,
    "archivos_fuente": [
      "Library/Application Support/AddressBook/Sources/09AE88BC-62E0-40DE-B231-E4067BB75204/Metadata/B10F3B2D-64BD-4CF0-AAEC-4A29DFC1154E:ABPerson.abcdp"
    ],
    "ultima_modificacion": "2025-08-01 01:01:44.076976"
  },
  "481414f9d47a4df38ba8dca6e6194cd2:abperson.abcdp": {
    "app_sintetizada": "481414F9D47A4DF38BA8DCA6E6194CD2:ABPERSON.ABCDP",
    "cantidad_archivos": 1,
    "archivos_fuente": [
      "Library/Application Support/AddressBook/Sources/09AE88BC-62E0-40DE-B231-E4067BB75204/Metadata/481414F9-D47A-4DF3-8BA8-DCA6E6194CD2:ABPerson.abcdp"
    ],
    "ultima_modificacion": "2025-08-01 01:01:44.077268"
  },
  "ffa876cc3ac8411db05231d1722d7ae8:abperson.abcdp": {
    "app_sintetizada": "FFA876CC3AC8411DB05231D1722D7AE8:ABPERSON.ABCDP",
    "cantidad_archivos": 1,
    "archivos_fuente": [
      "Library/Application Support/AddressBook/Sources/09AE88BC-62E0-40DE-B231-E4067BB75204/Metadata/FFA876CC-3AC8-411D-B052-31D1722D7AE8:ABPerson.abcdp"
    ],
    "ultima_modificacion": "2025-08-01 01:01:44.077560"
  },
  "9d804949bafb4fb09196cf16ccff5cc5:abperson.abcdp": {
    "app_sintetizada": "9D804949BAFB4FB09196CF16CCFF5CC5:ABPERSON.ABCDP",
    "cantidad_archivos": 1,
    "archivos_fuente": [
      "Library/Application Support/AddressBook/Sources/09AE88BC-62E0-40DE-B231-E4067BB75204/Metadata/9D804949-BAFB-4FB0-9196-CF16CCFF5CC5:ABPerson.abcdp"
    ],
    "ultima_modificacion": "2025-08-01 01:01:44.077853"
  },
  "3f61219137fc4945a3e0bb081579f123:abperson.abcdp": {
    "app_sintetizada": "3F61219137FC4945A3E0BB081579F123:ABPERSON.ABCDP",
    "cantidad_archivos": 1,
    "archivos_fuente": [
      "Library/Application Support/AddressBook/Sources/09AE88BC-62E0-40DE-B231-E4067BB75204/Metadata/3F612191-37FC-4945-A3E0-BB081579F123:ABPerson.abcdp"
    ],
    "ultima_modificacion": "2025-08-01 01:01:44.078095"
  },
  "575950d5cb6241afaae372bed2bf9350:abperson.abcdp": {
    "app_sintetizada": "575950D5CB6241AFAAE372BED2BF9350:ABPERSON.ABCDP",
    "cantidad_archivos": 1,
    "archivos_fuente": [
      "Library/Application Support/AddressBook/Sources/09AE88BC-62E0-40DE-B231-E4067BB75204/Metadata/575950D5-CB62-41AF-AAE3-72BED2BF9350:ABPerson.abcdp"
    ],
    "ultima_modificacion": "2025-08-01 01:01:44.078325"
  },
  "fb5388ef712d4a3cbce29879361480b7:abperson.abcdp": {
    "app_sintetizada": "FB5388EF712D4A3CBCE29879361480B7:ABPERSON.ABCDP",
    "cantidad_archivos": 1,
    "archivos_fuente": [
      "Library/Application Support/AddressBook/Sources/09AE88BC-62E0-40DE-B231-E4067BB75204/Metadata/FB5388EF-712D-4A3C-BCE2-9879361480B7:ABPerson.abcdp"
    ],
    "ultima_modificacion": "2025-08-01 01:01:44.078521"
  },
  "d322702c8a0c46b78492e073769d61f2:abperson.abcdp": {
    "app_sintetizada": "D322702C8A0C46B78492E073769D61F2:ABPERSON.ABCDP",
    "cantidad_archivos": 1,
    "archivos_fuente": [
      "Library/Application Support/AddressBook/Sources/09AE88BC-62E0-40DE-B231-E4067BB75204/Metadata/D322702C-8A0C-46B7-8492-E073769D61F2:ABPerson.abcdp"
    ],
    "ultima_modificacion": "2025-08-01 01:01:44.078793"
  },
  "f1400ac977fd4064ba8e333ca6fcac11:abperson.abcdp": {
    "app_sintetizada": "F1400AC977FD4064BA8E333CA6FCAC11:ABPERSON.ABCDP",
    "cantidad_archivos": 1,
    "archivos_fuente": [
      "Library/Application Support/AddressBook/Sources/09AE88BC-62E0-40DE-B231-E4067BB75204/Metadata/F1400AC9-77FD-4064-BA8E-333CA6FCAC11:ABPerson.abcdp"
    ],
    "ultima_modificacion": "2025-08-01 01:01:44.079120"
  },
  "18b678d26ae54cc78a67ab69fd9180d2:abperson.abcdp": {
    "app_sintetizada": "18B678D26AE54CC78A67AB69FD9180D2:ABPERSON.ABCDP",
    "cantidad_archivos": 1,
    "archivos_fuente": [
      "Library/Application Support/AddressBook/Sources/09AE88BC-62E0-40DE-B231-E4067BB75204/Metadata/18B678D2-6AE5-4CC7-8A67-AB69FD9180D2:ABPerson.abcdp"
    ],
    "ultima_modificacion": "2025-08-01 01:01:44.079360"
  },
  "1de4279baa4b4114a5aa2e4761364ebd:abperson.abcdp": {
    "app_sintetizada": "1DE4279BAA4B4114A5AA2E4761364EBD:ABPERSON.ABCDP",
    "cantidad_archivos": 1,
    "archivos_fuente": [
      "Library/Application Support/AddressBook/Sources/09AE88BC-62E0-40DE-B231-E4067BB75204/Metadata/1DE4279B-AA4B-4114-A5AA-2E4761364EBD:ABPerson.abcdp"
    ],
    "ultima_modificacion": "2025-08-01 01:01:44.079609"
  },
  "9703bf6aa3494b569eaa6648f0eefebe:abperson.abcdp": {
    "app_sintetizada": "9703BF6AA3494B569EAA6648F0EEFEBE:ABPERSON.ABCDP",
    "cantidad_archivos": 1,
    "archivos_fuente": [
      "Library/Application Support/AddressBook/Sources/09AE88BC-62E0-40DE-B231-E4067BB75204/Metadata/9703BF6A-A349-4B56-9EAA-6648F0EEFEBE:ABPerson.abcdp"
    ],
    "ultima_modificacion": "2025-08-01 01:01:44.079841"
  },
  "a83848d7e0864fc4abdc4058aa1a7931:abperson.abcdp": {
    "app_sintetizada": "A83848D7E0864FC4ABDC4058AA1A7931:ABPERSON.ABCDP",
    "cantidad_archivos": 1,
    "archivos_fuente": [
      "Library/Application Support/AddressBook/Sources/09AE88BC-62E0-40DE-B231-E4067BB75204/Metadata/A83848D7-E086-4FC4-ABDC-4058AA1A7931:ABPerson.abcdp"
    ],
    "ultima_modificacion": "2025-08-01 01:01:44.080096"
  },
  "b2f182efd96e49118025d3005cd00c3d:abperson.abcdp": {
    "app_sintetizada": "B2F182EFD96E49118025D3005CD00C3D:ABPERSON.ABCDP",
    "cantidad_archivos": 1,
    "archivos_fuente": [
      "Library/Application Support/AddressBook/Sources/09AE88BC-62E0-40DE-B231-E4067BB75204/Metadata/B2F182EF-D96E-4911-8025-D3005CD00C3D:ABPerson.abcdp"
    ],
    "ultima_modificacion": "2025-08-01 01:01:44.080349"
  },
  "65bd7df02dfb4af787eae7cac2110cd2:abperson.abcdp": {
    "app_sintetizada": "65BD7DF02DFB4AF787EAE7CAC2110CD2:ABPERSON.ABCDP",
    "cantidad_archivos": 1,
    "archivos_fuente": [
      "Library/Application Support/AddressBook/Sources/09AE88BC-62E0-40DE-B231-E4067BB75204/Metadata/65BD7DF0-2DFB-4AF7-87EA-E7CAC2110CD2:ABPerson.abcdp"
    ],
    "ultima_modificacion": "2025-08-01 01:01:44.080734"
  },
  "ea9084eccaa7497a98a6646dabefa4e4:abperson.abcdp": {
    "app_sintetizada": "EA9084ECCAA7497A98A6646DABEFA4E4:ABPERSON.ABCDP",
    "cantidad_archivos": 1,
    "archivos_fuente": [
      "Library/Application Support/AddressBook/Sources/09AE88BC-62E0-40DE-B231-E4067BB75204/Metadata/EA9084EC-CAA7-497A-98A6-646DABEFA4E4:ABPerson.abcdp"
    ],
    "ultima_modificacion": "2025-08-01 01:01:44.081002"
  },
  "a79d1edddb7345b9a03a40e51f85ddac:abperson.abcdp": {
    "app_sintetizada": "A79D1EDDDB7345B9A03A40E51F85DDAC:ABPERSON.ABCDP",
    "cantidad_archivos": 1,
    "archivos_fuente": [
      "Library/Application Support/AddressBook/Sources/09AE88BC-62E0-40DE-B231-E4067BB75204/Metadata/A79D1EDD-DB73-45B9-A03A-40E51F85DDAC:ABPerson.abcdp"
    ],
    "ultima_modificacion": "2025-08-01 01:01:44.081226"
  },
  "8f068dda05cd470a94f0cffc8b9dd1eb:abperson.abcdp": {
    "app_sintetizada": "8F068DDA05CD470A94F0CFFC8B9DD1EB:ABPERSON.ABCDP",
    "cantidad_archivos": 1,
    "archivos_fuente": [
      "Library/Application Support/AddressBook/Sources/09AE88BC-62E0-40DE-B231-E4067BB75204/Metadata/8F068DDA-05CD-470A-94F0-CFFC8B9DD1EB:ABPerson.abcdp"
    ],
    "ultima_modificacion": "2025-08-01 01:01:44.081421"
  },
  "07ecaac965e041a0b26ff7c346604a4b:abperson.abcdp": {
    "app_sintetizada": "07ECAAC965E041A0B26FF7C346604A4B:ABPERSON.ABCDP",
    "cantidad_archivos": 1,
    "archivos_fuente": [
      "Library/Application Support/AddressBook/Sources/09AE88BC-62E0-40DE-B231-E4067BB75204/Metadata/07ECAAC9-65E0-41A0-B26F-F7C346604A4B:ABPerson.abcdp"
    ],
    "ultima_modificacion": "2025-08-01 01:01:44.081620"
  },
  "48d38288cb0d44a085defbfd254c6937:abperson.abcdp": {
    "app_sintetizada": "48D38288CB0D44A085DEFBFD254C6937:ABPERSON.ABCDP",
    "cantidad_archivos": 1,
    "archivos_fuente": [
      "Library/Application Support/AddressBook/Sources/09AE88BC-62E0-40DE-B231-E4067BB75204/Metadata/48D38288-CB0D-44A0-85DE-FBFD254C6937:ABPerson.abcdp"
    ],
    "ultima_modificacion": "2025-08-01 01:01:44.081801"
  },
  "70491fd86a0b457a891db2485a3f4d4e:abperson.abcdp": {
    "app_sintetizada": "70491FD86A0B457A891DB2485A3F4D4E:ABPERSON.ABCDP",
    "cantidad_archivos": 1,
    "archivos_fuente": [
      "Library/Application Support/AddressBook/Sources/09AE88BC-62E0-40DE-B231-E4067BB75204/Metadata/70491FD8-6A0B-457A-891D-B2485A3F4D4E:ABPerson.abcdp"
    ],
    "ultima_modificacion": "2025-08-01 01:01:44.081980"
  },
  "0263f293df89459b8dd4c23a0b584345:abperson.abcdp": {
    "app_sintetizada": "0263F293DF89459B8DD4C23A0B584345:ABPERSON.ABCDP",
    "cantidad_archivos": 1,
    "archivos_fuente": [
      "Library/Application Support/AddressBook/Sources/09AE88BC-62E0-40DE-B231-E4067BB75204/Metadata/0263F293-DF89-459B-8DD4-C23A0B584345:ABPerson.abcdp"
    ],
    "ultima_modificacion": "2025-08-01 01:01:44.082170"
  },
  "039ca1a859cf472d90233820714d495d:abperson.abcdp": {
    "app_sintetizada": "039CA1A859CF472D90233820714D495D:ABPERSON.ABCDP",
    "cantidad_archivos": 1,
    "archivos_fuente": [
      "Library/Application Support/AddressBook/Sources/09AE88BC-62E0-40DE-B231-E4067BB75204/Metadata/039CA1A8-59CF-472D-9023-3820714D495D:ABPerson.abcdp"
    ],
    "ultima_modificacion": "2025-08-01 01:01:44.082349"
  },
  "bad162ee480c49599b13583e6447978d:abperson.abcdp": {
    "app_sintetizada": "BAD162EE480C49599B13583E6447978D:ABPERSON.ABCDP",
    "cantidad_archivos": 1,
    "archivos_fuente": [
      "Library/Application Support/AddressBook/Sources/09AE88BC-62E0-40DE-B231-E4067BB75204/Metadata/BAD162EE-480C-4959-9B13-583E6447978D:ABPerson.abcdp"
    ],
    "ultima_modificacion": "2025-08-01 01:01:44.082543"
  },
  "7f300aa4f7a64090af6739f322b7cb51:abperson.abcdp": {
    "app_sintetizada": "7F300AA4F7A64090AF6739F322B7CB51:ABPERSON.ABCDP",
    "cantidad_archivos": 1,
    "archivos_fuente": [
      "Library/Application Support/AddressBook/Sources/09AE88BC-62E0-40DE-B231-E4067BB75204/Metadata/7F300AA4-F7A6-4090-AF67-39F322B7CB51:ABPerson.abcdp"
    ],
    "ultima_modificacion": "2025-08-01 01:01:44.082732"
  },
  "c7921184d0b648a2b14b865651d720b7:abperson.abcdp": {
    "app_sintetizada": "C7921184D0B648A2B14B865651D720B7:ABPERSON.ABCDP",
    "cantidad_archivos": 1,
    "archivos_fuente": [
      "Library/Application Support/AddressBook/Sources/09AE88BC-62E0-40DE-B231-E4067BB75204/Metadata/C7921184-D0B6-48A2-B14B-865651D720B7:ABPerson.abcdp"
    ],
    "ultima_modificacion": "2025-08-01 01:01:44.082906"
  },
  "f5bfad4a01ca4aac89eb729b27be16a4:abperson.abcdp": {
    "app_sintetizada": "F5BFAD4A01CA4AAC89EB729B27BE16A4:ABPERSON.ABCDP",
    "cantidad_archivos": 1,
    "archivos_fuente": [
      "Library/Application Support/AddressBook/Sources/09AE88BC-62E0-40DE-B231-E4067BB75204/Metadata/F5BFAD4A-01CA-4AAC-89EB-729B27BE16A4:ABPerson.abcdp"
    ],
    "ultima_modificacion": "2025-08-01 01:01:44.083084"
  },
  "5d799d294b3d4ae4a08bcd5964be8f18:abperson.abcdp": {
    "app_sintetizada": "5D799D294B3D4AE4A08BCD5964BE8F18:ABPERSON.ABCDP",
    "cantidad_archivos": 1,
    "archivos_fuente": [
      "Library/Application Support/AddressBook/Sources/09AE88BC-62E0-40DE-B231-E4067BB75204/Metadata/5D799D29-4B3D-4AE4-A08B-CD5964BE8F18:ABPerson.abcdp"
    ],
    "ultima_modificacion": "2025-08-01 01:01:44.083269"
  },
  "d3c39a4e0dc14005869b4daaf249cb4c:abperson.abcdp": {
    "app_sintetizada": "D3C39A4E0DC14005869B4DAAF249CB4C:ABPERSON.ABCDP",
    "cantidad_archivos": 1,
    "archivos_fuente": [
      "Library/Application Support/AddressBook/Sources/09AE88BC-62E0-40DE-B231-E4067BB75204/Metadata/D3C39A4E-0DC1-4005-869B-4DAAF249CB4C:ABPerson.abcdp"
    ],
    "ultima_modificacion": "2025-08-01 01:01:44.083480"
  }
}