{
  "shareservicestrings35.9e4d446a.chunk.js": {
    "app_sintetizada": "SHARESERVICESTRINGS35.9E4D446A.CHUNK.JS",
    "cantidad_archivos": 1,
    "archivos_fuente": [
      "Library/Group Containers/UBF8T346G9.Office/SolutionPackages/b123e3b2b659a4dead01e20274159d66/PackageResources/fluidhost/static/js/shareServiceStrings35.9e4d446a.chunk.js"
    ],
    "ultima_modificacion": "2025-08-01 01:01:51.877676"
  },
  "apppoweredtaskicon.f40426e04dd052c36d5680c36edff932.svg": {
    "app_sintetizada": "APPPOWEREDTASKICON.F40426E04DD052C36D5680C36EDFF932.SVG",
    "cantidad_archivos": 1,
    "archivos_fuente": [
      "Library/Group Containers/UBF8T346G9.Office/SolutionPackages/b123e3b2b659a4dead01e20274159d66/PackageResources/fluidhost/static/media/app-powered-task-icon.f40426e04dd052c36d5680c36edff932.svg"
    ],
    "ultima_modificacion": "2025-08-01 01:01:51.878035"
  },
  "pagescolor.46e8e68b3ffce5dca9e57d12726d2c4e.svg": {
    "app_sintetizada": "PAGESCOLOR.46E8E68B3FFCE5DCA9E57D12726D2C4E.SVG",
    "cantidad_archivos": 1,
    "archivos_fuente": [
      "Library/Group Containers/UBF8T346G9.Office/SolutionPackages/b123e3b2b659a4dead01e20274159d66/PackageResources/fluidhost/static/media/PagesColor.46e8e68b3ffce5dca9e57d12726d2c4e.svg"
    ],
    "ultima_modificacion": "2025-08-01 01:01:51.878365"
  },
  "projectcompact.59bcd799f39ec525b0ae788e56986656.svg": {
    "app_sintetizada": "PROJECTCOMPACT.59BCD799F39EC525B0AE788E56986656.SVG",
    "cantidad_archivos": 1,
    "archivos_fuente": [
      "Library/Group Containers/UBF8T346G9.Office/SolutionPackages/b123e3b2b659a4dead01e20274159d66/PackageResources/fluidhost/static/media/project-compact.59bcd799f39ec525b0ae788e56986656.svg"
    ],
    "ultima_modificacion": "2025-08-01 01:01:51.878699"
  },
  "loopicon.d0dcfb527662122bcfd60b3c35b0023e.svg": {
    "app_sintetizada": "LOOPICON.D0DCFB527662122BCFD60B3C35B0023E.SVG",
    "cantidad_archivos": 1,
    "archivos_fuente": [
      "Library/Group Containers/UBF8T346G9.Office/SolutionPackages/b123e3b2b659a4dead01e20274159d66/PackageResources/fluidhost/static/media/LoopIcon.d0dcfb527662122bcfd60b3c35b0023e.svg"
    ],
    "ultima_modificacion": "2025-08-01 01:01:51.879089"
  },
  "pagelink.1de33afeee6d9060cd1ec3d65daa21de.svg": {
    "app_sintetizada": "PAGELINK.1DE33AFEEE6D9060CD1EC3D65DAA21DE.SVG",
    "cantidad_archivos": 1,
    "archivos_fuente": [
      "Library/Group Containers/UBF8T346G9.Office/SolutionPackages/b123e3b2b659a4dead01e20274159d66/PackageResources/fluidhost/static/media/pagelink.1de33afeee6d9060cd1ec3d65daa21de.svg"
    ],
    "ultima_modificacion": "2025-08-01 01:01:51.879415"
  },
  "excel.5755b0882af324f379b68a764bc43a91.svg": {
    "app_sintetizada": "EXCEL.5755B0882AF324F379B68A764BC43A91.SVG",
    "cantidad_archivos": 1,
    "archivos_fuente": [
      "Library/Group Containers/UBF8T346G9.Office/SolutionPackages/b123e3b2b659a4dead01e20274159d66/PackageResources/fluidhost/static/media/excel.5755b0882af324f379b68a764bc43a91.svg"
    ],
    "ultima_modificacion": "2025-08-01 01:01:51.879756"
  },
  "searchexclamationmark1x.978db8a04cbf6f2330f1.png": {
    "app_sintetizada": "SEARCHEXCLAMATIONMARK1X.978DB8A04CBF6F2330F1.PNG",
    "cantidad_archivos": 1,
    "archivos_fuente": [
      "Library/Group Containers/UBF8T346G9.Office/SolutionPackages/b123e3b2b659a4dead01e20274159d66/PackageResources/fluidhost/static/media/search-exclamationmark-1x.978db8a04cbf6f2330f1.png"
    ],
    "ultima_modificacion": "2025-08-01 01:01:51.880011"
  },
  "personcircledismissdark.ecaa4be43607c724d663.png": {
    "app_sintetizada": "PERSONCIRCLEDISMISSDARK.ECAA4BE43607C724D663.PNG",
    "cantidad_archivos": 1,
    "archivos_fuente": [
      "Library/Group Containers/UBF8T346G9.Office/SolutionPackages/b123e3b2b659a4dead01e20274159d66/PackageResources/fluidhost/static/media/person-circle-dismiss-dark.ecaa4be43607c724d663.png"
    ],
    "ultima_modificacion": "2025-08-01 01:01:51.880347"
  },
  "lightbackgroundold.f5416049e2f7d9abee2b5d9386b6fe77.svg": {
    "app_sintetizada": "LIGHTBACKGROUNDOLD.F5416049E2F7D9ABEE2B5D9386B6FE77.SVG",
    "cantidad_archivos": 1,
    "archivos_fuente": [
      "Library/Group Containers/UBF8T346G9.Office/SolutionPackages/b123e3b2b659a4dead01e20274159d66/PackageResources/fluidhost/static/media/LightBackground_Old.f5416049e2f7d9abee2b5d9386b6fe77.svg"
    ],
    "ultima_modificacion": "2025-08-01 01:01:51.880887"
  },
  "wlcompletionsound.13a69e47a3545eb5ac81.mp3": {
    "app_sintetizada": "WLCOMPLETIONSOUND.13A69E47A3545EB5AC81.MP3",
    "cantidad_archivos": 1,
    "archivos_fuente": [
      "Library/Group Containers/UBF8T346G9.Office/SolutionPackages/b123e3b2b659a4dead01e20274159d66/PackageResources/fluidhost/static/media/wl_completion_sound.13a69e47a3545eb5ac81.mp3"
    ],
    "ultima_modificacion": "2025-08-01 01:01:51.881304"
  },
  "loopinsertplannoplans.103217b5d81879ad1cfd.webp": {
    "app_sintetizada": "LOOPINSERTPLANNOPLANS.103217B5D81879AD1CFD.WEBP",
    "cantidad_archivos": 1,
    "archivos_fuente": [
      "Library/Group Containers/UBF8T346G9.Office/SolutionPackages/b123e3b2b659a4dead01e20274159d66/PackageResources/fluidhost/static/media/loop-insert-plan-no-plans.103217b5d81879ad1cfd.webp"
    ],
    "ultima_modificacion": "2025-08-01 01:01:51.881641"
  },
  "whiteboardicon.ea1dce1be83f9d980f32d1c08d0f0fa4.svg": {
    "app_sintetizada": "WHITEBOARDICON.EA1DCE1BE83F9D980F32D1C08D0F0FA4.SVG",
    "cantidad_archivos": 1,
    "archivos_fuente": [
      "Library/Group Containers/UBF8T346G9.Office/SolutionPackages/b123e3b2b659a4dead01e20274159d66/PackageResources/fluidhost/static/media/whiteboardIcon.ea1dce1be83f9d980f32d1c08d0f0fa4.svg"
    ],
    "ultima_modificacion": "2025-08-01 01:01:51.882037"
  },
  "clipchamp.f238a1e3ec2d7781ad0ae88e90c4b956.svg": {
    "app_sintetizada": "CLIPCHAMP.F238A1E3EC2D7781AD0AE88E90C4B956.SVG",
    "cantidad_archivos": 1,
    "archivos_fuente": [
      "Library/Group Containers/UBF8T346G9.Office/SolutionPackages/b123e3b2b659a4dead01e20274159d66/PackageResources/fluidhost/static/media/clipchamp.f238a1e3ec2d7781ad0ae88e90c4b956.svg"
    ],
    "ultima_modificacion": "2025-08-01 01:01:51.882602"
  },
  "deletionbuttonicon.80f5ce574ca3c45d5391359cba5840b0.svg": {
    "app_sintetizada": "DELETIONBUTTONICON.80F5CE574CA3C45D5391359CBA5840B0.SVG",
    "cantidad_archivos": 1,
    "archivos_fuente": [
      "Library/Group Containers/UBF8T346G9.Office/SolutionPackages/b123e3b2b659a4dead01e20274159d66/PackageResources/fluidhost/static/media/deletionButtonIcon.80f5ce574ca3c45d5391359cba5840b0.svg"
    ],
    "ultima_modificacion": "2025-08-01 01:01:51.882920"
  },
  "word.532f427be483128318dcc0194950bc5d.svg": {
    "app_sintetizada": "WORD.532F427BE483128318DCC0194950BC5D.SVG",
    "cantidad_archivos": 1,
    "archivos_fuente": [
      "Library/Group Containers/UBF8T346G9.Office/SolutionPackages/b123e3b2b659a4dead01e20274159d66/PackageResources/fluidhost/static/media/word.532f427be483128318dcc0194950bc5d.svg"
    ],
    "ultima_modificacion": "2025-08-01 01:01:51.883265"
  },
  "planner2.8e27f89bc2da530d3b02140677f5ae78.svg": {
    "app_sintetizada": "PLANNER2.8E27F89BC2DA530D3B02140677F5AE78.SVG",
    "cantidad_archivos": 1,
    "archivos_fuente": [
      "Library/Group Containers/UBF8T346G9.Office/SolutionPackages/b123e3b2b659a4dead01e20274159d66/PackageResources/fluidhost/static/media/planner2.8e27f89bc2da530d3b02140677f5ae78.svg"
    ],
    "ultima_modificacion": "2025-08-01 01:01:51.883631"
  },
  "imagenoresults.c64672fe0472250b12c2380c0688396e.svg": {
    "app_sintetizada": "IMAGENORESULTS.C64672FE0472250B12C2380C0688396E.SVG",
    "cantidad_archivos": 1,
    "archivos_fuente": [
      "Library/Group Containers/UBF8T346G9.Office/SolutionPackages/b123e3b2b659a4dead01e20274159d66/PackageResources/fluidhost/static/media/image-no-results.c64672fe0472250b12c2380c0688396e.svg"
    ],
    "ultima_modificacion": "2025-08-01 01:01:51.883997"
  },
  "fileicon.ab2d0e699f97156e966322ca23970f21.svg": {
    "app_sintetizada": "FILEICON.AB2D0E699F97156E966322CA23970F21.SVG",
    "cantidad_archivos": 1,
    "archivos_fuente": [
      "Library/Group Containers/UBF8T346G9.Office/SolutionPackages/b123e3b2b659a4dead01e20274159d66/PackageResources/fluidhost/static/media/fileIcon.ab2d0e699f97156e966322ca23970f21.svg"
    ],
    "ultima_modificacion": "2025-08-01 01:01:51.884346"
  },
  "sharepoint.bfb441c30511ae2bfe70efdf20d92ecd.svg": {
    "app_sintetizada": "SHAREPOINT.BFB441C30511AE2BFE70EFDF20D92ECD.SVG",
    "cantidad_archivos": 1,
    "archivos_fuente": [
      "Library/Group Containers/UBF8T346G9.Office/SolutionPackages/b123e3b2b659a4dead01e20274159d66/PackageResources/fluidhost/static/media/sharepoint.bfb441c30511ae2bfe70efdf20d92ecd.svg"
    ],
    "ultima_modificacion": "2025-08-01 01:01:51.884742"
  },
  "lightbackground.d93751152f3824d76f84f995fec9752f.svg": {
    "app_sintetizada": "LIGHTBACKGROUND.D93751152F3824D76F84F995FEC9752F.SVG",
    "cantidad_archivos": 1,
    "archivos_fuente": [
      "Library/Group Containers/UBF8T346G9.Office/SolutionPackages/b123e3b2b659a4dead01e20274159d66/PackageResources/fluidhost/static/media/LightBackground.d93751152f3824d76f84f995fec9752f.svg"
    ],
    "ultima_modificacion": "2025-08-01 01:01:51.885109"
  },
  "searchexclamdark.7df65dbbeef20727f66b.png": {
    "app_sintetizada": "SEARCHEXCLAMDARK.7DF65DBBEEF20727F66B.PNG",
    "cantidad_archivos": 1,
    "archivos_fuente": [
      "Library/Group Containers/UBF8T346G9.Office/SolutionPackages/b123e3b2b659a4dead01e20274159d66/PackageResources/fluidhost/static/media/searchExclamDark.7df65dbbeef20727f66b.png"
    ],
    "ultima_modificacion": "2025-08-01 01:01:51.885428"
  },
  "filenoresults.6ec61f36c38a3a40a2e3f8e4d0a783be.svg": {
    "app_sintetizada": "FILENORESULTS.6EC61F36C38A3A40A2E3F8E4D0A783BE.SVG",
    "cantidad_archivos": 1,
    "archivos_fuente": [
      "Library/Group Containers/UBF8T346G9.Office/SolutionPackages/b123e3b2b659a4dead01e20274159d66/PackageResources/fluidhost/static/media/file-no-results.6ec61f36c38a3a40a2e3f8e4d0a783be.svg"
    ],
    "ultima_modificacion": "2025-08-01 01:01:51.885802"
  },
  "darkshimmerloading.5bd608fb2a16127c459c6027848848ce.svg": {
    "app_sintetizada": "DARKSHIMMERLOADING.5BD608FB2A16127C459C6027848848CE.SVG",
    "cantidad_archivos": 1,
    "archivos_fuente": [
      "Library/Group Containers/UBF8T346G9.Office/SolutionPackages/b123e3b2b659a4dead01e20274159d66/PackageResources/fluidhost/static/media/DarkShimmerLoading.5bd608fb2a16127c459c6027848848ce.svg"
    ],
    "ultima_modificacion": "2025-08-01 01:01:51.886202"
  },
  "personcircledismisslight.9cba0563e2a78a02990c.png": {
    "app_sintetizada": "PERSONCIRCLEDISMISSLIGHT.9CBA0563E2A78A02990C.PNG",
    "cantidad_archivos": 1,
    "archivos_fuente": [
      "Library/Group Containers/UBF8T346G9.Office/SolutionPackages/b123e3b2b659a4dead01e20274159d66/PackageResources/fluidhost/static/media/person-circle-dismiss-light.9cba0563e2a78a02990c.png"
    ],
    "ultima_modificacion": "2025-08-01 01:01:51.886579"
  },
  "darkbackground.f9c4b682680f49530d388ba0f2830809.svg": {
    "app_sintetizada": "DARKBACKGROUND.F9C4B682680F49530D388BA0F2830809.SVG",
    "cantidad_archivos": 1,
    "archivos_fuente": [
      "Library/Group Containers/UBF8T346G9.Office/SolutionPackages/b123e3b2b659a4dead01e20274159d66/PackageResources/fluidhost/static/media/DarkBackground.f9c4b682680f49530d388ba0f2830809.svg"
    ],
    "ultima_modificacion": "2025-08-01 01:01:51.886984"
  },
  "loopinsertplanerror.ebfdd5c45a1eb6916c23.webp": {
    "app_sintetizada": "LOOPINSERTPLANERROR.EBFDD5C45A1EB6916C23.WEBP",
    "cantidad_archivos": 1,
    "archivos_fuente": [
      "Library/Group Containers/UBF8T346G9.Office/SolutionPackages/b123e3b2b659a4dead01e20274159d66/PackageResources/fluidhost/static/media/loop-insert-plan-error.ebfdd5c45a1eb6916c23.webp"
    ],
    "ultima_modificacion": "2025-08-01 01:01:51.887316"
  },
  "darkbackgroundold.df15325639cb5218602d4da3c7467955.svg": {
    "app_sintetizada": "DARKBACKGROUNDOLD.DF15325639CB5218602D4DA3C7467955.SVG",
    "cantidad_archivos": 1,
    "archivos_fuente": [
      "Library/Group Containers/UBF8T346G9.Office/SolutionPackages/b123e3b2b659a4dead01e20274159d66/PackageResources/fluidhost/static/media/DarkBackground_Old.df15325639cb5218602d4da3c7467955.svg"
    ],
    "ultima_modificacion": "2025-08-01 01:01:51.887857"
  },
  "taskincomplete.d19760764a0fe53abef66b42efc4605a.svg": {
    "app_sintetizada": "TASKINCOMPLETE.D19760764A0FE53ABEF66B42EFC4605A.SVG",
    "cantidad_archivos": 1,
    "archivos_fuente": [
      "Library/Group Containers/UBF8T346G9.Office/SolutionPackages/b123e3b2b659a4dead01e20274159d66/PackageResources/fluidhost/static/media/task-incomplete.d19760764a0fe53abef66b42efc4605a.svg"
    ],
    "ultima_modificacion": "2025-08-01 01:01:51.888270"
  },
  "teams.68fb46897288bd727f5d80f9340aaa90.svg": {
    "app_sintetizada": "TEAMS.68FB46897288BD727F5D80F9340AAA90.SVG",
    "cantidad_archivos": 1,
    "archivos_fuente": [
      "Library/Group Containers/UBF8T346G9.Office/SolutionPackages/b123e3b2b659a4dead01e20274159d66/PackageResources/fluidhost/static/media/teams.68fb46897288bd727f5d80f9340aaa90.svg"
    ],
    "ultima_modificacion": "2025-08-01 01:01:51.888670"
  },
  "searchexclamationmark2x.549b40243d79af9db6b0.png": {
    "app_sintetizada": "SEARCHEXCLAMATIONMARK2X.549B40243D79AF9DB6B0.PNG",
    "cantidad_archivos": 1,
    "archivos_fuente": [
      "Library/Group Containers/UBF8T346G9.Office/SolutionPackages/b123e3b2b659a4dead01e20274159d66/PackageResources/fluidhost/static/media/search-exclamationmark-2x.549b40243d79af9db6b0.png"
    ],
    "ultima_modificacion": "2025-08-01 01:01:51.889150"
  },
  "planner.513ec4dc85112d1c0cbc2ac68c7d01fe.svg": {
    "app_sintetizada": "PLANNER.513EC4DC85112D1C0CBC2AC68C7D01FE.SVG",
    "cantidad_archivos": 1,
    "archivos_fuente": [
      "Library/Group Containers/UBF8T346G9.Office/SolutionPackages/b123e3b2b659a4dead01e20274159d66/PackageResources/fluidhost/static/media/planner.513ec4dc85112d1c0cbc2ac68c7d01fe.svg"
    ],
    "ultima_modificacion": "2025-08-01 01:01:51.889571"
  },
  "darkshimmerloadingold.e340d47723d2a30dc95ec74facf4f8b6.svg": {
    "app_sintetizada": "DARKSHIMMERLOADINGOLD.E340D47723D2A30DC95EC74FACF4F8B6.SVG",
    "cantidad_archivos": 1,
    "archivos_fuente": [
      "Library/Group Containers/UBF8T346G9.Office/SolutionPackages/b123e3b2b659a4dead01e20274159d66/PackageResources/fluidhost/static/media/DarkShimmerLoading_Old.e340d47723d2a30dc95ec74facf4f8b6.svg"
    ],
    "ultima_modificacion": "2025-08-01 01:01:51.889983"
  },
  "loop.93de592ef0024e1f6060b980f013fe17.svg": {
    "app_sintetizada": "LOOP.93DE592EF0024E1F6060B980F013FE17.SVG",
    "cantidad_archivos": 1,
    "archivos_fuente": [
      "Library/Group Containers/UBF8T346G9.Office/SolutionPackages/b123e3b2b659a4dead01e20274159d66/PackageResources/fluidhost/static/media/loop.93de592ef0024e1f6060b980f013fe17.svg"
    ],
    "ultima_modificacion": "2025-08-01 01:01:51.890352"
  },
  "powerpoint.1f52fe961e02fff909f5557cdbdfbbd2.svg": {
    "app_sintetizada": "POWERPOINT.1F52FE961E02FFF909F5557CDBDFBBD2.SVG",
    "cantidad_archivos": 1,
    "archivos_fuente": [
      "Library/Group Containers/UBF8T346G9.Office/SolutionPackages/b123e3b2b659a4dead01e20274159d66/PackageResources/fluidhost/static/media/powerpoint.1f52fe961e02fff909f5557cdbdfbbd2.svg"
    ],
    "ultima_modificacion": "2025-08-01 01:01:51.890684"
  },
  "stream.7eacf5f14a28dc2803f444c363c72f18.svg": {
    "app_sintetizada": "STREAM.7EACF5F14A28DC2803F444C363C72F18.SVG",
    "cantidad_archivos": 1,
    "archivos_fuente": [
      "Library/Group Containers/UBF8T346G9.Office/SolutionPackages/b123e3b2b659a4dead01e20274159d66/PackageResources/fluidhost/static/media/stream.7eacf5f14a28dc2803f444c363c72f18.svg"
    ],
    "ultima_modificacion": "2025-08-01 01:01:51.891020"
  },
  "searchexclamlight.dea5c5a45aaf17d877e4.png": {
    "app_sintetizada": "SEARCHEXCLAMLIGHT.DEA5C5A45AAF17D877E4.PNG",
    "cantidad_archivos": 1,
    "archivos_fuente": [
      "Library/Group Containers/UBF8T346G9.Office/SolutionPackages/b123e3b2b659a4dead01e20274159d66/PackageResources/fluidhost/static/media/searchExclamLight.dea5c5a45aaf17d877e4.png"
    ],
    "ultima_modificacion": "2025-08-01 01:01:51.891366"
  },
  "lightshimmerloading.838ac9544853d68b3b1b62a5009ecef8.svg": {
    "app_sintetizada": "LIGHTSHIMMERLOADING.838AC9544853D68B3B1B62A5009ECEF8.SVG",
    "cantidad_archivos": 1,
    "archivos_fuente": [
      "Library/Group Containers/UBF8T346G9.Office/SolutionPackages/b123e3b2b659a4dead01e20274159d66/PackageResources/fluidhost/static/media/LightShimmerLoading.838ac9544853d68b3b1b62a5009ecef8.svg"
    ],
    "ultima_modificacion": "2025-08-01 01:01:51.891681"
  },
  "planner.ada07f52318c532dc0d7d68dc36a9b7c.svg": {
    "app_sintetizada": "PLANNER.ADA07F52318C532DC0D7D68DC36A9B7C.SVG",
    "cantidad_archivos": 1,
    "archivos_fuente": [
      "Library/Group Containers/UBF8T346G9.Office/SolutionPackages/b123e3b2b659a4dead01e20274159d66/PackageResources/fluidhost/static/media/planner.ada07f52318c532dc0d7d68dc36a9b7c.svg"
    ],
    "ultima_modificacion": "2025-08-01 01:01:51.892081"
  },
  "lightshimmerloadingold.ea2f880c2eab4e2bba069ba794390732.svg": {
    "app_sintetizada": "LIGHTSHIMMERLOADINGOLD.EA2F880C2EAB4E2BBA069BA794390732.SVG",
    "cantidad_archivos": 1,
    "archivos_fuente": [
      "Library/Group Containers/UBF8T346G9.Office/SolutionPackages/b123e3b2b659a4dead01e20274159d66/PackageResources/fluidhost/static/media/LightShimmerLoading_Old.ea2f880c2eab4e2bba069ba794390732.svg"
    ],
    "ultima_modificacion": "2025-08-01 01:01:51.892459"
  },
  "tourcontentlight.png": {
    "app_sintetizada": "TOURCONTENTLIGHT.PNG",
    "cantidad_archivos": 1,
    "archivos_fuente": [
      "Library/Group Containers/UBF8T346G9.Office/SolutionPackages/56c9373ad3dfa785a10de7e855a5f170/PackageResources/assets/_excel_python_center/assets/tourContent-light.png"
    ],
    "ultima_modificacion": "2025-08-01 01:01:51.892854"
  },
  "pythonexceltipshighcontrastcontroloutput.png": {
    "app_sintetizada": "PYTHONEXCELTIPSHIGHCONTRASTCONTROLOUTPUT.PNG",
    "cantidad_archivos": 1,
    "archivos_fuente": [
      "Library/Group Containers/UBF8T346G9.Office/SolutionPackages/56c9373ad3dfa785a10de7e855a5f170/PackageResources/assets/_excel_python_center/assets/python-excel-tips-high-contrast-control-output.png"
    ],
    "ultima_modificacion": "2025-08-01 01:01:51.893220"
  },
  "pythonexcelobjectsdark.png": {
    "app_sintetizada": "PYTHONEXCELOBJECTSDARK.PNG",
    "cantidad_archivos": 1,
    "archivos_fuente": [
      "Library/Group Containers/UBF8T346G9.Office/SolutionPackages/56c9373ad3dfa785a10de7e855a5f170/PackageResources/assets/_excel_python_center/assets/pythonExcelObjects-dark.png"
    ],
    "ultima_modificacion": "2025-08-01 01:01:51.893583"
  },
  "pythonformulahighcontrast.png": {
    "app_sintetizada": "PYTHONFORMULAHIGHCONTRAST.PNG",
    "cantidad_archivos": 1,
    "archivos_fuente": [
      "Library/Group Containers/UBF8T346G9.Office/SolutionPackages/56c9373ad3dfa785a10de7e855a5f170/PackageResources/assets/_excel_python_center/assets/pythonFormula-highcontrast.png"
    ],
    "ultima_modificacion": "2025-08-01 01:01:51.893927"
  },
  "pythonexceltipsdarkopencards.png": {
    "app_sintetizada": "PYTHONEXCELTIPSDARKOPENCARDS.PNG",
    "cantidad_archivos": 1,
    "archivos_fuente": [
      "Library/Group Containers/UBF8T346G9.Office/SolutionPackages/56c9373ad3dfa785a10de7e855a5f170/PackageResources/assets/_excel_python_center/assets/python-excel-tips-dark-open-cards.png"
    ],
    "ultima_modificacion": "2025-08-01 01:01:51.894280"
  },
  "pythonexcelobjectslight.png": {
    "app_sintetizada": "PYTHONEXCELOBJECTSLIGHT.PNG",
    "cantidad_archivos": 1,
    "archivos_fuente": [
      "Library/Group Containers/UBF8T346G9.Office/SolutionPackages/56c9373ad3dfa785a10de7e855a5f170/PackageResources/assets/_excel_python_center/assets/pythonExcelObjects-light.png"
    ],
    "ultima_modificacion": "2025-08-01 01:01:51.894643"
  },
  "pycarddark.png": {
    "app_sintetizada": "PYCARDDARK.PNG",
    "cantidad_archivos": 1,
    "archivos_fuente": [
      "Library/Group Containers/UBF8T346G9.Office/SolutionPackages/56c9373ad3dfa785a10de7e855a5f170/PackageResources/assets/_excel_python_center/assets/pyCard-dark.png"
    ],
    "ultima_modificacion": "2025-08-01 01:01:51.894948"
  },
  "pythonexceltipslightcontroloutput.png": {
    "app_sintetizada": "PYTHONEXCELTIPSLIGHTCONTROLOUTPUT.PNG",
    "cantidad_archivos": 1,
    "archivos_fuente": [
      "Library/Group Containers/UBF8T346G9.Office/SolutionPackages/56c9373ad3dfa785a10de7e855a5f170/PackageResources/assets/_excel_python_center/assets/python-excel-tips-light-control-output.png"
    ],
    "ultima_modificacion": "2025-08-01 01:01:51.895248"
  },
  "correlationmatrix272.png": {
    "app_sintetizada": "CORRELATIONMATRIX272.PNG",
    "cantidad_archivos": 1,
    "archivos_fuente": [
      "Library/Group Containers/UBF8T346G9.Office/SolutionPackages/56c9373ad3dfa785a10de7e855a5f170/PackageResources/assets/_excel_python_center/assets/correlationMatrix_272.png"
    ],
    "ultima_modificacion": "2025-08-01 01:01:51.895560"
  },
  "pythoneditortiphighcontrast.png": {
    "app_sintetizada": "PYTHONEDITORTIPHIGHCONTRAST.PNG",
    "cantidad_archivos": 1,
    "archivos_fuente": [
      "Library/Group Containers/UBF8T346G9.Office/SolutionPackages/56c9373ad3dfa785a10de7e855a5f170/PackageResources/assets/_excel_python_center/assets/pythonEditorTip-highcontrast.png"
    ],
    "ultima_modificacion": "2025-08-01 01:01:51.895902"
  },
  "pythonexcelobjectshighcontrast.png": {
    "app_sintetizada": "PYTHONEXCELOBJECTSHIGHCONTRAST.PNG",
    "cantidad_archivos": 1,
    "archivos_fuente": [
      "Library/Group Containers/UBF8T346G9.Office/SolutionPackages/56c9373ad3dfa785a10de7e855a5f170/PackageResources/assets/_excel_python_center/assets/pythonExcelObjects-highcontrast.png"
    ],
    "ultima_modificacion": "2025-08-01 01:01:51.896236"
  },
  "pythonexceltipslightopencards.png": {
    "app_sintetizada": "PYTHONEXCELTIPSLIGHTOPENCARDS.PNG",
    "cantidad_archivos": 1,
    "archivos_fuente": [
      "Library/Group Containers/UBF8T346G9.Office/SolutionPackages/56c9373ad3dfa785a10de7e855a5f170/PackageResources/assets/_excel_python_center/assets/python-excel-tips-light-open-cards.png"
    ],
    "ultima_modificacion": "2025-08-01 01:01:51.896537"
  },
  "scatterplot272.png": {
    "app_sintetizada": "SCATTERPLOT272.PNG",
    "cantidad_archivos": 1,
    "archivos_fuente": [
      "Library/Group Containers/UBF8T346G9.Office/SolutionPackages/56c9373ad3dfa785a10de7e855a5f170/PackageResources/assets/_excel_python_center/assets/scatterplot_272.png"
    ],
    "ultima_modificacion": "2025-08-01 01:01:51.896863"
  },
  "pythoneditortiplight.png": {
    "app_sintetizada": "PYTHONEDITORTIPLIGHT.PNG",
    "cantidad_archivos": 1,
    "archivos_fuente": [
      "Library/Group Containers/UBF8T346G9.Office/SolutionPackages/56c9373ad3dfa785a10de7e855a5f170/PackageResources/assets/_excel_python_center/assets/pythonEditorTip-light.png"
    ],
    "ultima_modificacion": "2025-08-01 01:01:51.897193"
  },
  "linearregressionplot272.png": {
    "app_sintetizada": "LINEARREGRESSIONPLOT272.PNG",
    "cantidad_archivos": 1,
    "archivos_fuente": [
      "Library/Group Containers/UBF8T346G9.Office/SolutionPackages/56c9373ad3dfa785a10de7e855a5f170/PackageResources/assets/_excel_python_center/assets/linear_regression_plot_272.png"
    ],
    "ultima_modificacion": "2025-08-01 01:01:51.897511"
  },
  "newpairplot.png": {
    "app_sintetizada": "NEWPAIRPLOT.PNG",
    "cantidad_archivos": 1,
    "archivos_fuente": [
      "Library/Group Containers/UBF8T346G9.Office/SolutionPackages/56c9373ad3dfa785a10de7e855a5f170/PackageResources/assets/_excel_python_center/assets/new_pairplot.png"
    ],
    "ultima_modificacion": "2025-08-01 01:01:51.897852"
  },
  "pandasdescribehighcontrast.png": {
    "app_sintetizada": "PANDASDESCRIBEHIGHCONTRAST.PNG",
    "cantidad_archivos": 1,
    "archivos_fuente": [
      "Library/Group Containers/UBF8T346G9.Office/SolutionPackages/56c9373ad3dfa785a10de7e855a5f170/PackageResources/assets/_excel_python_center/assets/pandasDescribe-highcontrast.png"
    ],
    "ultima_modificacion": "2025-08-01 01:01:51.898197"
  },
  "correlationmatrixhighcontrast.png": {
    "app_sintetizada": "CORRELATIONMATRIXHIGHCONTRAST.PNG",
    "cantidad_archivos": 1,
    "archivos_fuente": [
      "Library/Group Containers/UBF8T346G9.Office/SolutionPackages/56c9373ad3dfa785a10de7e855a5f170/PackageResources/assets/_excel_python_center/assets/correlationMatrix-highcontrast.png"
    ],
    "ultima_modificacion": "2025-08-01 01:01:51.898520"
  },
  "pycardhighcontrast.png": {
    "app_sintetizada": "PYCARDHIGHCONTRAST.PNG",
    "cantidad_archivos": 1,
    "archivos_fuente": [
      "Library/Group Containers/UBF8T346G9.Office/SolutionPackages/56c9373ad3dfa785a10de7e855a5f170/PackageResources/assets/_excel_python_center/assets/pyCard-highcontrast.png"
    ],
    "ultima_modificacion": "2025-08-01 01:01:51.898876"
  },
  "gettingstartedtemplatelight.png": {
    "app_sintetizada": "GETTINGSTARTEDTEMPLATELIGHT.PNG",
    "cantidad_archivos": 1,
    "archivos_fuente": [
      "Library/Group Containers/UBF8T346G9.Office/SolutionPackages/56c9373ad3dfa785a10de7e855a5f170/PackageResources/assets/_excel_python_center/assets/gettingStartedTemplate-light.png"
    ],
    "ultima_modificacion": "2025-08-01 01:01:51.899199"
  },
  "dummyimage3.png": {
    "app_sintetizada": "DUMMYIMAGE3.PNG",
    "cantidad_archivos": 1,
    "archivos_fuente": [
      "Library/Group Containers/UBF8T346G9.Office/SolutionPackages/56c9373ad3dfa785a10de7e855a5f170/PackageResources/assets/_excel_python_center/assets/dummyImage3.png"
    ],
    "ultima_modificacion": "2025-08-01 01:01:51.899517"
  },
  "tourcontentdark.png": {
    "app_sintetizada": "TOURCONTENTDARK.PNG",
    "cantidad_archivos": 1,
    "archivos_fuente": [
      "Library/Group Containers/UBF8T346G9.Office/SolutionPackages/56c9373ad3dfa785a10de7e855a5f170/PackageResources/assets/_excel_python_center/assets/tourContent-dark.png"
    ],
    "ultima_modificacion": "2025-08-01 01:01:51.900032"
  },
  "pycardlight.png": {
    "app_sintetizada": "PYCARDLIGHT.PNG",
    "cantidad_archivos": 1,
    "archivos_fuente": [
      "Library/Group Containers/UBF8T346G9.Office/SolutionPackages/56c9373ad3dfa785a10de7e855a5f170/PackageResources/assets/_excel_python_center/assets/pyCard-light.png"
    ],
    "ultima_modificacion": "2025-08-01 01:01:51.900422"
  },
  "pythonexceltipshighcontrastopencards.png": {
    "app_sintetizada": "PYTHONEXCELTIPSHIGHCONTRASTOPENCARDS.PNG",
    "cantidad_archivos": 1,
    "archivos_fuente": [
      "Library/Group Containers/UBF8T346G9.Office/SolutionPackages/56c9373ad3dfa785a10de7e855a5f170/PackageResources/assets/_excel_python_center/assets/python-excel-tips-high-contrast-open-cards.png"
    ],
    "ultima_modificacion": "2025-08-01 01:01:51.900801"
  },
  "progressbarplaceholder.png": {
    "app_sintetizada": "PROGRESSBARPLACEHOLDER.PNG",
    "cantidad_archivos": 1,
    "archivos_fuente": [
      "Library/Group Containers/UBF8T346G9.Office/SolutionPackages/56c9373ad3dfa785a10de7e855a5f170/PackageResources/assets/_excel_python_center/assets/Progress-bar-placeholder.png"
    ],
    "ultima_modificacion": "2025-08-01 01:01:51.901189"
  },
  "gettingstartedtemplatedark.png": {
    "app_sintetizada": "GETTINGSTARTEDTEMPLATEDARK.PNG",
    "cantidad_archivos": 1,
    "archivos_fuente": [
      "Library/Group Containers/UBF8T346G9.Office/SolutionPackages/56c9373ad3dfa785a10de7e855a5f170/PackageResources/assets/_excel_python_center/assets/gettingStartedTemplate-dark.png"
    ],
    "ultima_modificacion": "2025-08-01 01:01:51.901540"
  },
  "pythoneditortipdark.png": {
    "app_sintetizada": "PYTHONEDITORTIPDARK.PNG",
    "cantidad_archivos": 1,
    "archivos_fuente": [
      "Library/Group Containers/UBF8T346G9.Office/SolutionPackages/56c9373ad3dfa785a10de7e855a5f170/PackageResources/assets/_excel_python_center/assets/pythonEditorTip-dark.png"
    ],
    "ultima_modificacion": "2025-08-01 01:01:51.901862"
  },
  "pythonformuladark.png": {
    "app_sintetizada": "PYTHONFORMULADARK.PNG",
    "cantidad_archivos": 1,
    "archivos_fuente": [
      "Library/Group Containers/UBF8T346G9.Office/SolutionPackages/56c9373ad3dfa785a10de7e855a5f170/PackageResources/assets/_excel_python_center/assets/pythonFormula-dark.png"
    ],
    "ultima_modificacion": "2025-08-01 01:01:51.902201"
  },
  "pythonexceltipsdarkcontroloutput.png": {
    "app_sintetizada": "PYTHONEXCELTIPSDARKCONTROLOUTPUT.PNG",
    "cantidad_archivos": 1,
    "archivos_fuente": [
      "Library/Group Containers/UBF8T346G9.Office/SolutionPackages/56c9373ad3dfa785a10de7e855a5f170/PackageResources/assets/_excel_python_center/assets/python-excel-tips-dark-control-output.png"
    ],
    "ultima_modificacion": "2025-08-01 01:01:51.902538"
  },
  "pandasdescribe.png": {
    "app_sintetizada": "PANDASDESCRIBE.PNG",
    "cantidad_archivos": 1,
    "archivos_fuente": [
      "Library/Group Containers/UBF8T346G9.Office/SolutionPackages/56c9373ad3dfa785a10de7e855a5f170/PackageResources/assets/_excel_python_center/assets/pandasDescribe.png"
    ],
    "ultima_modificacion": "2025-08-01 01:01:51.902850"
  },
  "pythonformulalight.png": {
    "app_sintetizada": "PYTHONFORMULALIGHT.PNG",
    "cantidad_archivos": 1,
    "archivos_fuente": [
      "Library/Group Containers/UBF8T346G9.Office/SolutionPackages/56c9373ad3dfa785a10de7e855a5f170/PackageResources/assets/_excel_python_center/assets/pythonFormula-light.png"
    ],
    "ultima_modificacion": "2025-08-01 01:01:51.903158"
  },
  "tourcontenthighcontrast.png": {
    "app_sintetizada": "TOURCONTENTHIGHCONTRAST.PNG",
    "cantidad_archivos": 1,
    "archivos_fuente": [
      "Library/Group Containers/UBF8T346G9.Office/SolutionPackages/56c9373ad3dfa785a10de7e855a5f170/PackageResources/assets/_excel_python_center/assets/tourContent-highcontrast.png"
    ],
    "ultima_modificacion": "2025-08-01 01:01:51.903532"
  },
  "gettingstartedtemplatehighcontrast.png": {
    "app_sintetizada": "GETTINGSTARTEDTEMPLATEHIGHCONTRAST.PNG",
    "cantidad_archivos": 1,
    "archivos_fuente": [
      "Library/Group Containers/UBF8T346G9.Office/SolutionPackages/56c9373ad3dfa785a10de7e855a5f170/PackageResources/assets/_excel_python_center/assets/gettingStartedTemplate-high-contrast.png"
    ],
    "ultima_modificacion": "2025-08-01 01:01:51.903909"
  },
  "icon80.png": {
    "app_sintetizada": "ICON80.PNG",
    "cantidad_archivos": 1,
    "archivos_fuente": [
      "Library/Group Containers/UBF8T346G9.Office/SolutionPackages/f2fd1fdc9da7e513f776dcb9293e0732/PackageResources/assets/icon-80.png"
    ],
    "ultima_modificacion": "2025-08-01 01:01:51.904267"
  },
  "placeholdericon.png": {
    "app_sintetizada": "PLACEHOLDERICON.PNG",
    "cantidad_archivos": 1,
    "archivos_fuente": [
      "Library/Group Containers/UBF8T346G9.Office/SolutionPackages/d0744e7ec8b8aa096006eca21ea9d905/PackageResources/placeholderIcon.png"
    ],
    "ultima_modificacion": "2025-08-01 01:01:51.904608"
  },
  "enuswin32.appx": {
    "app_sintetizada": "ENUSWIN32.APPX",
    "cantidad_archivos": 1,
    "archivos_fuente": [
      "Library/Group Containers/UBF8T346G9.Office/SolutionPackages/3829301271b0da0d2c6666c2c2c6f1d7/PackageResources/dist/en-us_win32.appx"
    ],
    "ultima_modificacion": "2025-08-01 01:01:51.904934"
  },
  "excelnavigation.stats.html": {
    "app_sintetizada": "EXCELNAVIGATION.STATS.HTML",
    "cantidad_archivos": 1,
    "archivos_fuente": [
      "Library/Group Containers/UBF8T346G9.Office/SolutionPackages/3829301271b0da0d2c6666c2c2c6f1d7/PackageResources/dist/excel_navigation.stats.html"
    ],
    "ultima_modificacion": "2025-08-01 01:01:51.905241"
  },
  "main.min.js": {
    "app_sintetizada": "MAIN.MIN.JS",
    "cantidad_archivos": 1,
    "archivos_fuente": [
      "Library/Group Containers/UBF8T346G9.Office/SolutionPackages/3829301271b0da0d2c6666c2c2c6f1d7/PackageResources/dist/main.min.js"
    ],
    "ultima_modificacion": "2025-08-01 01:01:51.905612"
  },
  "main.min.js.license.txt": {
    "app_sintetizada": "MAIN.MIN.JS.LICENSE.TXT",
    "cantidad_archivos": 1,
    "archivos_fuente": [
      "Library/Group Containers/UBF8T346G9.Office/SolutionPackages/3829301271b0da0d2c6666c2c2c6f1d7/PackageResources/dist/main.min.js.LICENSE.txt"
    ],
    "ultima_modificacion": "2025-08-01 01:01:51.905958"
  },
  "indexe48e2a6d5e94f1e632a50ff9f2de6265f67fcaa308562c796fc1ad2d44c6d1ce.js": {
    "app_sintetizada": "INDEXE48E2A6D5E94F1E632A50FF9F2DE6265F67FCAA308562C796FC1AD2D44C6D1CE.JS",
    "cantidad_archivos": 1,
    "archivos_fuente": [
      "Library/Group Containers/UBF8T346G9.Office/SolutionPackages/6c5613faf8c0217cfab7b9734205fa/PackageResources/OfflineFiles/index_e48e2a6d5e94f1e632a50ff9f2de6265f67fcaa308562c796fc1ad2d44c6d1ce.js"
    ],
    "ultima_modificacion": "2025-08-01 01:01:51.906392"
  },
  "index1ea4c0d186e23a1c90bd983d1e2a3c9a07688a7e5f8898d6db3af5becc7de364.css": {
    "app_sintetizada": "INDEX1EA4C0D186E23A1C90BD983D1E2A3C9A07688A7E5F8898D6DB3AF5BECC7DE364.CSS",
    "cantidad_archivos": 1,
    "archivos_fuente": [
      "Library/Group Containers/UBF8T346G9.Office/SolutionPackages/6c5613faf8c0217cfab7b9734205fa/PackageResources/OfflineFiles/index_1ea4c0d186e23a1c90bd983d1e2a3c9a07688a7e5f8898d6db3af5becc7de364.css"
    ],
    "ultima_modificacion": "2025-08-01 01:01:51.906766"
  },
  "index.js8a1f057ace0c97542d88b9fdee19261f0ec23d861687eb86d2b3b43793e65d9c.map": {
    "app_sintetizada": "INDEX.JS8A1F057ACE0C97542D88B9FDEE19261F0EC23D861687EB86D2B3B43793E65D9C.MAP",
    "cantidad_archivos": 1,
    "archivos_fuente": [
      "Library/Group Containers/UBF8T346G9.Office/SolutionPackages/6c5613faf8c0217cfab7b9734205fa/PackageResources/OfflineFiles/index.js_8a1f057ace0c97542d88b9fdee19261f0ec23d861687eb86d2b3b43793e65d9c.map"
    ],
    "ultima_modificacion": "2025-08-01 01:01:51.907118"
  },
  "login465c4ba993e3e8360710926a467b231a3941a5f1fdbf8ff2ad2dff86f81dca90.html": {
    "app_sintetizada": "LOGIN465C4BA993E3E8360710926A467B231A3941A5F1FDBF8FF2AD2DFF86F81DCA90.HTML",
    "cantidad_archivos": 1,
    "archivos_fuente": [
      "Library/Group Containers/UBF8T346G9.Office/SolutionPackages/6c5613faf8c0217cfab7b9734205fa/PackageResources/OfflineFiles/login_465c4ba993e3e8360710926a467b231a3941a5f1fdbf8ff2ad2dff86f81dca90.html"
    ],
    "ultima_modificacion": "2025-08-01 01:01:51.907477"
  },
  "index926e219631c075371568895c204bdbc896fd037f2c625f2cb27e0c0eb8a0aace.html": {
    "app_sintetizada": "INDEX926E219631C075371568895C204BDBC896FD037F2C625F2CB27E0C0EB8A0AACE.HTML",
    "cantidad_archivos": 1,
    "archivos_fuente": [
      "Library/Group Containers/UBF8T346G9.Office/SolutionPackages/6c5613faf8c0217cfab7b9734205fa/PackageResources/OfflineFiles/index_926e219631c075371568895c204bdbc896fd037f2c625f2cb27e0c0eb8a0aace.html"
    ],
    "ultima_modificacion": "2025-08-01 01:01:51.907833"
  },
  "icon3265d258829b40aca80ee7ea7b1a015a41d764c16456a4fa2f3873186345ce36e4.png": {
    "app_sintetizada": "ICON3265D258829B40ACA80EE7EA7B1A015A41D764C16456A4FA2F3873186345CE36E4.PNG",
    "cantidad_archivos": 1,
    "archivos_fuente": [
      "Library/Group Containers/UBF8T346G9.Office/SolutionPackages/6c5613faf8c0217cfab7b9734205fa/PackageResources/OfflineFiles/icon-32_65d258829b40aca80ee7ea7b1a015a41d764c16456a4fa2f3873186345ce36e4.png"
    ],
    "ultima_modificacion": "2025-08-01 01:01:51.908304"
  },
  "esmx.strings": {
    "app_sintetizada": "ESMX.STRINGS",
    "cantidad_archivos": 10,
    "archivos_fuente": [
      "Library/Group Containers/UBF8T346G9.Office/User Content.localized/Proofing Tools.localized/.localized/es_MX.strings",
      "Library/Group Containers/UBF8T346G9.Office/User Content.localized/Startup.localized/.localized/es_MX.strings",
      "Library/Group Containers/UBF8T346G9.Office/User Content.localized/Document Elements.localized/.localized/es_MX.strings",
      "Library/Group Containers/UBF8T346G9.Office/User Content.localized/Templates.localized/.localized/es_MX.strings",
      "Library/Group Containers/UBF8T346G9.Office/User Content.localized/.localized/es_MX.strings",
      "Library/Group Containers/UBF8T346G9.Office/User Content.localized/Style Sets.localized/.localized/es_MX.strings",
      "Library/Group Containers/UBF8T346G9.Office/User Content.localized/Chart Templates.localized/.localized/es_MX.strings",
      "Library/Group Containers/UBF8T346G9.Office/User Content.localized/Citations.localized/.localized/es_MX.strings",
      "Library/Group Containers/UBF8T346G9.Office/User Content.localized/Themes.localized/.localized/es_MX.strings",
      "Library/Group Containers/UBF8T346G9.Office/User Content.localized/Add-Ins.localized/.localized/es_MX.strings"
    ],
    "ultima_modificacion": "2025-08-01 01:01:51.908672"
  },
  "normalemail.dotm": {
    "app_sintetizada": "NORMALEMAIL.DOTM",
    "cantidad_archivos": 1,
    "archivos_fuente": [
      "Library/Group Containers/UBF8T346G9.Office/User Content.localized/Templates.localized/NormalEmail.dotm"
    ],
    "ultima_modificacion": "2025-08-01 01:01:51.909010"
  },
  "~$normal.dotm": {
    "app_sintetizada": "~$NORMAL.DOTM",
    "cantidad_archivos": 1,
    "archivos_fuente": [
      "Library/Group Containers/UBF8T346G9.Office/User Content.localized/Templates.localized/~$Normal.dotm"
    ],
    "ultima_modificacion": "2025-08-01 01:01:51.909358"
  },
  "comrpcdbshm": {
    "app_sintetizada": "COMRPCDBSHM",
    "cantidad_archivos": 1,
    "archivos_fuente": [
      "Library/Group Containers/UBF8T346G9.Office/ComRPC32/ComRPCDB-shm"
    ],
    "ultima_modificacion": "2025-08-01 01:01:51.909724"
  },
  "comrpcdbwal": {
    "app_sintetizada": "COMRPCDBWAL",
    "cantidad_archivos": 1,
    "archivos_fuente": [
      "Library/Group Containers/UBF8T346G9.Office/ComRPC32/ComRPCDB-wal"
    ],
    "ultima_modificacion": "2025-08-01 01:01:51.910070"
  },
  "comrpcdb": {
    "app_sintetizada": "COMRPCDB",
    "cantidad_archivos": 1,
    "archivos_fuente": [
      "Library/Group Containers/UBF8T346G9.Office/ComRPC32/ComRPCDB"
    ],
    "ultima_modificacion": "2025-08-01 01:01:51.910430"
  },
  "microsoftregistrationdb1883756687073.reg": {
    "app_sintetizada": "MICROSOFTREGISTRATIONDB1883756687073.REG",
    "cantidad_archivos": 1,
    "archivos_fuente": [
      "Library/Group Containers/UBF8T346G9.Office/MicrosoftRegistrationDB/MicrosoftRegistrationDB_1883756687073.reg"
    ],
    "ultima_modificacion": "2025-08-01 01:01:51.910784"
  },
  "notebooks.plist": {
    "app_sintetizada": "NOTEBOOKS.PLIST",
    "cantidad_archivos": 1,
    "archivos_fuente": [
      "Library/Group Containers/UBF8T346G9.Office/OneNote/ShareExtension/Notebooks.plist"
    ],
    "ultima_modificacion": "2025-08-01 01:01:51.911159"
  },
  "profilepreferences.plist": {
    "app_sintetizada": "PROFILEPREFERENCES.PLIST",
    "cantidad_archivos": 1,
    "archivos_fuente": [
      "Library/Group Containers/UBF8T346G9.Office/Outlook/Outlook 15 Profiles/Main Profile/ProfilePreferences.plist"
    ],
    "ultima_modificacion": "2025-08-01 01:01:51.911540"
  },
  "hxstore.hxd": {
    "app_sintetizada": "HXSTORE.HXD",
    "cantidad_archivos": 1,
    "archivos_fuente": [
      "Library/Group Containers/UBF8T346G9.Office/Outlook/Outlook 15 Profiles/Main Profile/HxStore.hxd"
    ],
    "ultima_modificacion": "2025-08-01 01:01:51.911891"
  },
  "hxstore.lock": {
    "app_sintetizada": "HXSTORE.LOCK",
    "cantidad_archivos": 1,
    "archivos_fuente": [
      "Library/Group Containers/UBF8T346G9.Office/Outlook/Outlook 15 Profiles/Main Profile/HxStore.lock"
    ],
    "ultima_modificacion": "2025-08-01 01:01:51.912218"
  },
  "hxcore.hfl": {
    "app_sintetizada": "HXCORE.HFL",
    "cantidad_archivos": 1,
    "archivos_fuente": [
      "Library/Group Containers/UBF8T346G9.Office/Outlook/Outlook 15 Profiles/Main Profile/hxcore.hfl"
    ],
    "ultima_modificacion": "2025-08-01 01:01:51.912579"
  },
  "hxcoreprevioussession.hfl": {
    "app_sintetizada": "HXCOREPREVIOUSSESSION.HFL",
    "cantidad_archivos": 1,
    "archivos_fuente": [
      "Library/Group Containers/UBF8T346G9.Office/Outlook/Outlook 15 Profiles/Main Profile/hxcore_previous_session.hfl"
    ],
    "ultima_modificacion": "2025-08-01 01:01:51.912849"
  },
  "filesystemloggingcache.log": {
    "app_sintetizada": "FILESYSTEMLOGGINGCACHE.LOG",
    "cantidad_archivos": 1,
    "archivos_fuente": [
      "Library/Group Containers/UBF8T346G9.Office/Outlook/Outlook 15 Profiles/Main Profile/FileSystemLoggingCache.log"
    ],
    "ultima_modificacion": "2025-08-01 01:01:51.913139"
  },
  "preferencessearchindex": {
    "app_sintetizada": "PREFERENCESSEARCHINDEX",
    "cantidad_archivos": 1,
    "archivos_fuente": [
      "Library/Group Containers/UBF8T346G9.Office/Outlook/Outlook 15 Profiles/Main Profile/PreferencesSearchIndex"
    ],
    "ultima_modificacion": "2025-08-01 01:01:51.913404"
  }
}