{
  "ba2ecb65b8f6c86e0": {
    "app_sintetizada": "BA2ECB65B8F6C86E0",
    "cantidad_archivos": 1,
    "archivos_fuente": [
      "Library/Caches/Google/Chrome/Default/Cache/Cache_Data/ba2ecb65b8f6c86e_0"
    ],
    "ultima_modificacion": "2025-08-01 01:02:03.120629"
  },
  "6fd8f80beb889dde0": {
    "app_sintetizada": "6FD8F80BEB889DDE0",
    "cantidad_archivos": 2,
    "archivos_fuente": [
      "Library/Caches/Google/Chrome/Default/Cache/Cache_Data/6fd8f80beb889dde_0",
      "Library/Caches/com.spotify.client/Default/Cache/Cache_Data/6fd8f80beb889dde_0"
    ],
    "ultima_modificacion": "2025-08-01 01:02:03.120917"
  },
  "a5dfbfd02a5bcfca0": {
    "app_sintetizada": "A5DFBFD02A5BCFCA0",
    "cantidad_archivos": 1,
    "archivos_fuente": [
      "Library/Caches/Google/Chrome/Default/Cache/Cache_Data/a5dfbfd02a5bcfca_0"
    ],
    "ultima_modificacion": "2025-08-01 01:02:03.121275"
  },
  "e02c7c68df316e0e0": {
    "app_sintetizada": "E02C7C68DF316E0E0",
    "cantidad_archivos": 1,
    "archivos_fuente": [
      "Library/Caches/Google/Chrome/Default/Cache/Cache_Data/e02c7c68df316e0e_0"
    ],
    "ultima_modificacion": "2025-08-01 01:02:03.121592"
  },
  "1195b53dec2f86d50": {
    "app_sintetizada": "1195B53DEC2F86D50",
    "cantidad_archivos": 1,
    "archivos_fuente": [
      "Library/Caches/Google/Chrome/Default/Cache/Cache_Data/1195b53dec2f86d5_0"
    ],
    "ultima_modificacion": "2025-08-01 01:02:03.122025"
  },
  "5868e4832785826c0": {
    "app_sintetizada": "5868E4832785826C0",
    "cantidad_archivos": 1,
    "archivos_fuente": [
      "Library/Caches/Google/Chrome/Default/Cache/Cache_Data/5868e4832785826c_0"
    ],
    "ultima_modificacion": "2025-08-01 01:02:03.122449"
  },
  "ce597437c4392d7a0": {
    "app_sintetizada": "CE597437C4392D7A0",
    "cantidad_archivos": 1,
    "archivos_fuente": [
      "Library/Caches/Google/Chrome/Default/Cache/Cache_Data/ce597437c4392d7a_0"
    ],
    "ultima_modificacion": "2025-08-01 01:02:03.122877"
  },
  "d28a209300493ec80": {
    "app_sintetizada": "D28A209300493EC80",
    "cantidad_archivos": 1,
    "archivos_fuente": [
      "Library/Caches/Google/Chrome/Default/Cache/Cache_Data/d28a209300493ec8_0"
    ],
    "ultima_modificacion": "2025-08-01 01:02:03.123150"
  },
  "1111495665157f210": {
    "app_sintetizada": "1111495665157F210",
    "cantidad_archivos": 1,
    "archivos_fuente": [
      "Library/Caches/Google/Chrome/Default/Cache/Cache_Data/1111495665157f21_0"
    ],
    "ultima_modificacion": "2025-08-01 01:02:03.123433"
  },
  "781d5d5f03a8dd8f0": {
    "app_sintetizada": "781D5D5F03A8DD8F0",
    "cantidad_archivos": 1,
    "archivos_fuente": [
      "Library/Caches/Google/Chrome/Default/Cache/Cache_Data/781d5d5f03a8dd8f_0"
    ],
    "ultima_modificacion": "2025-08-01 01:02:03.123761"
  },
  "7c3bcebbd5bcc0e80": {
    "app_sintetizada": "7C3BCEBBD5BCC0E80",
    "cantidad_archivos": 1,
    "archivos_fuente": [
      "Library/Caches/Google/Chrome/Default/Cache/Cache_Data/7c3bcebbd5bcc0e8_0"
    ],
    "ultima_modificacion": "2025-08-01 01:02:03.124046"
  },
  "7746351fcacd6ad60": {
    "app_sintetizada": "7746351FCACD6AD60",
    "cantidad_archivos": 1,
    "archivos_fuente": [
      "Library/Caches/Google/Chrome/Default/Cache/Cache_Data/7746351fcacd6ad6_0"
    ],
    "ultima_modificacion": "2025-08-01 01:02:03.124351"
  },
  "f941cf46f5dc8e7f0": {
    "app_sintetizada": "F941CF46F5DC8E7F0",
    "cantidad_archivos": 1,
    "archivos_fuente": [
      "Library/Caches/Google/Chrome/Default/Cache/Cache_Data/f941cf46f5dc8e7f_0"
    ],
    "ultima_modificacion": "2025-08-01 01:02:03.124596"
  },
  "e1cb935722f56d860": {
    "app_sintetizada": "E1CB935722F56D860",
    "cantidad_archivos": 1,
    "archivos_fuente": [
      "Library/Caches/Google/Chrome/Default/Cache/Cache_Data/e1cb935722f56d86_0"
    ],
    "ultima_modificacion": "2025-08-01 01:02:03.124843"
  },
  "bca97c85cfcebee70": {
    "app_sintetizada": "BCA97C85CFCEBEE70",
    "cantidad_archivos": 1,
    "archivos_fuente": [
      "Library/Caches/Google/Chrome/Default/Cache/Cache_Data/bca97c85cfcebee7_0"
    ],
    "ultima_modificacion": "2025-08-01 01:02:03.125105"
  },
  "5a0aea2d5e01b8dc0": {
    "app_sintetizada": "5A0AEA2D5E01B8DC0",
    "cantidad_archivos": 1,
    "archivos_fuente": [
      "Library/Caches/Google/Chrome/Default/Cache/Cache_Data/5a0aea2d5e01b8dc_0"
    ],
    "ultima_modificacion": "2025-08-01 01:02:03.125408"
  },
  "232d2e13257316040": {
    "app_sintetizada": "232D2E13257316040",
    "cantidad_archivos": 1,
    "archivos_fuente": [
      "Library/Caches/Google/Chrome/Default/Cache/Cache_Data/232d2e1325731604_0"
    ],
    "ultima_modificacion": "2025-08-01 01:02:03.125687"
  },
  "e56574bed45e34b30": {
    "app_sintetizada": "E56574BED45E34B30",
    "cantidad_archivos": 1,
    "archivos_fuente": [
      "Library/Caches/Google/Chrome/Default/Cache/Cache_Data/e56574bed45e34b3_0"
    ],
    "ultima_modificacion": "2025-08-01 01:02:03.125982"
  },
  "2a3bf9a7a26019280": {
    "app_sintetizada": "2A3BF9A7A26019280",
    "cantidad_archivos": 1,
    "archivos_fuente": [
      "Library/Caches/Google/Chrome/Default/Cache/Cache_Data/2a3bf9a7a2601928_0"
    ],
    "ultima_modificacion": "2025-08-01 01:02:03.126232"
  },
  "6272b404a1d584850": {
    "app_sintetizada": "6272B404A1D584850",
    "cantidad_archivos": 1,
    "archivos_fuente": [
      "Library/Caches/Google/Chrome/Default/Cache/Cache_Data/6272b404a1d58485_0"
    ],
    "ultima_modificacion": "2025-08-01 01:02:03.126457"
  },
  "95dfcf3de5def5340": {
    "app_sintetizada": "95DFCF3DE5DEF5340",
    "cantidad_archivos": 1,
    "archivos_fuente": [
      "Library/Caches/Google/Chrome/Default/Cache/Cache_Data/95dfcf3de5def534_0"
    ],
    "ultima_modificacion": "2025-08-01 01:02:03.126716"
  },
  "48010347b626ea950": {
    "app_sintetizada": "48010347B626EA950",
    "cantidad_archivos": 1,
    "archivos_fuente": [
      "Library/Caches/Google/Chrome/Default/Cache/Cache_Data/48010347b626ea95_0"
    ],
    "ultima_modificacion": "2025-08-01 01:02:03.127051"
  },
  "56b650924b1f405e0": {
    "app_sintetizada": "56B650924B1F405E0",
    "cantidad_archivos": 1,
    "archivos_fuente": [
      "Library/Caches/Google/Chrome/Default/Cache/Cache_Data/56b650924b1f405e_0"
    ],
    "ultima_modificacion": "2025-08-01 01:02:03.127315"
  },
  "e31376ef9aaddae40": {
    "app_sintetizada": "E31376EF9AADDAE40",
    "cantidad_archivos": 1,
    "archivos_fuente": [
      "Library/Caches/Google/Chrome/Default/Cache/Cache_Data/e31376ef9aaddae4_0"
    ],
    "ultima_modificacion": "2025-08-01 01:02:03.127613"
  },
  "29ef6267f2f57d6c0": {
    "app_sintetizada": "29EF6267F2F57D6C0",
    "cantidad_archivos": 1,
    "archivos_fuente": [
      "Library/Caches/Google/Chrome/Default/Cache/Cache_Data/29ef6267f2f57d6c_0"
    ],
    "ultima_modificacion": "2025-08-01 01:02:03.127861"
  },
  "2b8804f8d49f9b6f0": {
    "app_sintetizada": "2B8804F8D49F9B6F0",
    "cantidad_archivos": 1,
    "archivos_fuente": [
      "Library/Caches/Google/Chrome/Default/Cache/Cache_Data/2b8804f8d49f9b6f_0"
    ],
    "ultima_modificacion": "2025-08-01 01:02:03.128069"
  },
  "9629cc0c9df6c8fc0": {
    "app_sintetizada": "9629CC0C9DF6C8FC0",
    "cantidad_archivos": 1,
    "archivos_fuente": [
      "Library/Caches/Google/Chrome/Default/Cache/Cache_Data/9629cc0c9df6c8fc_0"
    ],
    "ultima_modificacion": "2025-08-01 01:02:03.128263"
  },
  "c8bb59d4ed52d8550": {
    "app_sintetizada": "C8BB59D4ED52D8550",
    "cantidad_archivos": 1,
    "archivos_fuente": [
      "Library/Caches/Google/Chrome/Default/Cache/Cache_Data/c8bb59d4ed52d855_0"
    ],
    "ultima_modificacion": "2025-08-01 01:02:03.128465"
  },
  "8d087f1c4f4fca300": {
    "app_sintetizada": "8D087F1C4F4FCA300",
    "cantidad_archivos": 1,
    "archivos_fuente": [
      "Library/Caches/Google/Chrome/Default/Cache/Cache_Data/8d087f1c4f4fca30_0"
    ],
    "ultima_modificacion": "2025-08-01 01:02:03.128656"
  },
  "743b2c33d66324500": {
    "app_sintetizada": "743B2C33D66324500",
    "cantidad_archivos": 1,
    "archivos_fuente": [
      "Library/Caches/Google/Chrome/Default/Cache/Cache_Data/743b2c33d6632450_0"
    ],
    "ultima_modificacion": "2025-08-01 01:02:03.128872"
  },
  "d293a05917381b430": {
    "app_sintetizada": "D293A05917381B430",
    "cantidad_archivos": 1,
    "archivos_fuente": [
      "Library/Caches/Google/Chrome/Default/Cache/Cache_Data/d293a05917381b43_0"
    ],
    "ultima_modificacion": "2025-08-01 01:02:03.129068"
  },
  "a90a7bf388b185d10": {
    "app_sintetizada": "A90A7BF388B185D10",
    "cantidad_archivos": 1,
    "archivos_fuente": [
      "Library/Caches/Google/Chrome/Default/Cache/Cache_Data/a90a7bf388b185d1_0"
    ],
    "ultima_modificacion": "2025-08-01 01:02:03.129264"
  },
  "63189a92a9c6f29e0": {
    "app_sintetizada": "63189A92A9C6F29E0",
    "cantidad_archivos": 1,
    "archivos_fuente": [
      "Library/Caches/Google/Chrome/Default/Cache/Cache_Data/63189a92a9c6f29e_0"
    ],
    "ultima_modificacion": "2025-08-01 01:02:03.129509"
  },
  "c7cd193e91d3dfb00": {
    "app_sintetizada": "C7CD193E91D3DFB00",
    "cantidad_archivos": 1,
    "archivos_fuente": [
      "Library/Caches/Google/Chrome/Default/Cache/Cache_Data/c7cd193e91d3dfb0_0"
    ],
    "ultima_modificacion": "2025-08-01 01:02:03.129707"
  },
  "43452a1ba9ab23d0s": {
    "app_sintetizada": "43452A1BA9AB23D0S",
    "cantidad_archivos": 1,
    "archivos_fuente": [
      "Library/Caches/Google/Chrome/Default/Cache/Cache_Data/43452a1ba9ab23d0_s"
    ],
    "ultima_modificacion": "2025-08-01 01:02:03.129900"
  },
  "ac346a80863f523e0": {
    "app_sintetizada": "AC346A80863F523E0",
    "cantidad_archivos": 1,
    "archivos_fuente": [
      "Library/Caches/Google/Chrome/Default/Cache/Cache_Data/ac346a80863f523e_0"
    ],
    "ultima_modificacion": "2025-08-01 01:02:03.130103"
  },
  "e0cfb7a0c65cc3d20": {
    "app_sintetizada": "E0CFB7A0C65CC3D20",
    "cantidad_archivos": 1,
    "archivos_fuente": [
      "Library/Caches/Google/Chrome/Default/Cache/Cache_Data/e0cfb7a0c65cc3d2_0"
    ],
    "ultima_modificacion": "2025-08-01 01:02:03.130319"
  },
  "92e3e5078424ba830": {
    "app_sintetizada": "92E3E5078424BA830",
    "cantidad_archivos": 1,
    "archivos_fuente": [
      "Library/Caches/Google/Chrome/Default/Cache/Cache_Data/92e3e5078424ba83_0"
    ],
    "ultima_modificacion": "2025-08-01 01:02:03.130577"
  },
  "19d13bda5e4a25010": {
    "app_sintetizada": "19D13BDA5E4A25010",
    "cantidad_archivos": 1,
    "archivos_fuente": [
      "Library/Caches/Google/Chrome/Default/Cache/Cache_Data/19d13bda5e4a2501_0"
    ],
    "ultima_modificacion": "2025-08-01 01:02:03.130904"
  },
  "c7a8ca1ed76cc0ae0": {
    "app_sintetizada": "C7A8CA1ED76CC0AE0",
    "cantidad_archivos": 1,
    "archivos_fuente": [
      "Library/Caches/Google/Chrome/Default/Cache/Cache_Data/c7a8ca1ed76cc0ae_0"
    ],
    "ultima_modificacion": "2025-08-01 01:02:03.131176"
  },
  "a493883b13da359b0": {
    "app_sintetizada": "A493883B13DA359B0",
    "cantidad_archivos": 1,
    "archivos_fuente": [
      "Library/Caches/Google/Chrome/Default/Cache/Cache_Data/a493883b13da359b_0"
    ],
    "ultima_modificacion": "2025-08-01 01:02:03.131425"
  },
  "59a91332b7e70ea00": {
    "app_sintetizada": "59A91332B7E70EA00",
    "cantidad_archivos": 1,
    "archivos_fuente": [
      "Library/Caches/Google/Chrome/Default/Cache/Cache_Data/59a91332b7e70ea0_0"
    ],
    "ultima_modificacion": "2025-08-01 01:02:03.131654"
  },
  "eaab0f88e09f6bd00": {
    "app_sintetizada": "EAAB0F88E09F6BD00",
    "cantidad_archivos": 1,
    "archivos_fuente": [
      "Library/Caches/Google/Chrome/Default/Cache/Cache_Data/eaab0f88e09f6bd0_0"
    ],
    "ultima_modificacion": "2025-08-01 01:02:03.131982"
  },
  "9ae89b0b315bec8b0": {
    "app_sintetizada": "9AE89B0B315BEC8B0",
    "cantidad_archivos": 1,
    "archivos_fuente": [
      "Library/Caches/Google/Chrome/Default/Cache/Cache_Data/9ae89b0b315bec8b_0"
    ],
    "ultima_modificacion": "2025-08-01 01:02:03.132391"
  },
  "02528da402a91ee50": {
    "app_sintetizada": "02528DA402A91EE50",
    "cantidad_archivos": 1,
    "archivos_fuente": [
      "Library/Caches/Google/Chrome/Default/Cache/Cache_Data/02528da402a91ee5_0"
    ],
    "ultima_modificacion": "2025-08-01 01:02:03.132658"
  },
  "a02c210700a859170": {
    "app_sintetizada": "A02C210700A859170",
    "cantidad_archivos": 1,
    "archivos_fuente": [
      "Library/Caches/Google/Chrome/Default/Cache/Cache_Data/a02c210700a85917_0"
    ],
    "ultima_modificacion": "2025-08-01 01:02:03.132921"
  },
  "ca8a005fc76730730": {
    "app_sintetizada": "CA8A005FC76730730",
    "cantidad_archivos": 1,
    "archivos_fuente": [
      "Library/Caches/Google/Chrome/Default/Cache/Cache_Data/ca8a005fc7673073_0"
    ],
    "ultima_modificacion": "2025-08-01 01:02:03.133233"
  },
  "8d8d41eaf2180e1c0": {
    "app_sintetizada": "8D8D41EAF2180E1C0",
    "cantidad_archivos": 1,
    "archivos_fuente": [
      "Library/Caches/Google/Chrome/Default/Cache/Cache_Data/8d8d41eaf2180e1c_0"
    ],
    "ultima_modificacion": "2025-08-01 01:02:03.133494"
  },
  "9244a65b12c004170": {
    "app_sintetizada": "9244A65B12C004170",
    "cantidad_archivos": 1,
    "archivos_fuente": [
      "Library/Caches/Google/Chrome/Default/Cache/Cache_Data/9244a65b12c00417_0"
    ],
    "ultima_modificacion": "2025-08-01 01:02:03.133767"
  },
  "a5a3d7b7f8feeebf0": {
    "app_sintetizada": "A5A3D7B7F8FEEEBF0",
    "cantidad_archivos": 1,
    "archivos_fuente": [
      "Library/Caches/Google/Chrome/Default/Cache/Cache_Data/a5a3d7b7f8feeebf_0"
    ],
    "ultima_modificacion": "2025-08-01 01:02:03.134019"
  },
  "637ea5e65484da1d0": {
    "app_sintetizada": "637EA5E65484DA1D0",
    "cantidad_archivos": 1,
    "archivos_fuente": [
      "Library/Caches/Google/Chrome/Default/Cache/Cache_Data/637ea5e65484da1d_0"
    ],
    "ultima_modificacion": "2025-08-01 01:02:03.134274"
  },
  "96849bbe7fc77c960": {
    "app_sintetizada": "96849BBE7FC77C960",
    "cantidad_archivos": 1,
    "archivos_fuente": [
      "Library/Caches/Google/Chrome/Default/Cache/Cache_Data/96849bbe7fc77c96_0"
    ],
    "ultima_modificacion": "2025-08-01 01:02:03.134656"
  },
  "12006d29e1b1aab40": {
    "app_sintetizada": "12006D29E1B1AAB40",
    "cantidad_archivos": 1,
    "archivos_fuente": [
      "Library/Caches/Google/Chrome/Default/Cache/Cache_Data/12006d29e1b1aab4_0"
    ],
    "ultima_modificacion": "2025-08-01 01:02:03.134999"
  },
  "de1ddb603a1cbfd10": {
    "app_sintetizada": "DE1DDB603A1CBFD10",
    "cantidad_archivos": 1,
    "archivos_fuente": [
      "Library/Caches/Google/Chrome/Default/Cache/Cache_Data/de1ddb603a1cbfd1_0"
    ],
    "ultima_modificacion": "2025-08-01 01:02:03.135289"
  },
  "61588b684a73c26b0": {
    "app_sintetizada": "61588B684A73C26B0",
    "cantidad_archivos": 1,
    "archivos_fuente": [
      "Library/Caches/Google/Chrome/Default/Cache/Cache_Data/61588b684a73c26b_0"
    ],
    "ultima_modificacion": "2025-08-01 01:02:03.135520"
  },
  "fc152270457362490": {
    "app_sintetizada": "FC152270457362490",
    "cantidad_archivos": 1,
    "archivos_fuente": [
      "Library/Caches/Google/Chrome/Default/Cache/Cache_Data/fc15227045736249_0"
    ],
    "ultima_modificacion": "2025-08-01 01:02:03.135750"
  },
  "8c777c6a34a016da0": {
    "app_sintetizada": "8C777C6A34A016DA0",
    "cantidad_archivos": 1,
    "archivos_fuente": [
      "Library/Caches/Google/Chrome/Default/Cache/Cache_Data/8c777c6a34a016da_0"
    ],
    "ultima_modificacion": "2025-08-01 01:02:03.136050"
  },
  "ed41391b5367f13f0": {
    "app_sintetizada": "ED41391B5367F13F0",
    "cantidad_archivos": 1,
    "archivos_fuente": [
      "Library/Caches/Google/Chrome/Default/Cache/Cache_Data/ed41391b5367f13f_0"
    ],
    "ultima_modificacion": "2025-08-01 01:02:03.136285"
  },
  "fa54aff9696ea9a00": {
    "app_sintetizada": "FA54AFF9696EA9A00",
    "cantidad_archivos": 1,
    "archivos_fuente": [
      "Library/Caches/Google/Chrome/Default/Cache/Cache_Data/fa54aff9696ea9a0_0"
    ],
    "ultima_modificacion": "2025-08-01 01:02:03.136529"
  },
  "71d2c43e0723c6e00": {
    "app_sintetizada": "71D2C43E0723C6E00",
    "cantidad_archivos": 1,
    "archivos_fuente": [
      "Library/Caches/Google/Chrome/Default/Cache/Cache_Data/71d2c43e0723c6e0_0"
    ],
    "ultima_modificacion": "2025-08-01 01:02:03.136850"
  },
  "0f1cddc05779ef350": {
    "app_sintetizada": "0F1CDDC05779EF350",
    "cantidad_archivos": 1,
    "archivos_fuente": [
      "Library/Caches/Google/Chrome/Default/Cache/Cache_Data/0f1cddc05779ef35_0"
    ],
    "ultima_modificacion": "2025-08-01 01:02:03.137191"
  },
  "307037b74050d5a90": {
    "app_sintetizada": "307037B74050D5A90",
    "cantidad_archivos": 1,
    "archivos_fuente": [
      "Library/Caches/Google/Chrome/Default/Cache/Cache_Data/307037b74050d5a9_0"
    ],
    "ultima_modificacion": "2025-08-01 01:02:03.137448"
  },
  "61548ac02db9872e0": {
    "app_sintetizada": "61548AC02DB9872E0",
    "cantidad_archivos": 1,
    "archivos_fuente": [
      "Library/Caches/Google/Chrome/Default/Cache/Cache_Data/61548ac02db9872e_0"
    ],
    "ultima_modificacion": "2025-08-01 01:02:03.137764"
  },
  "3de07b06ba748f0c0": {
    "app_sintetizada": "3DE07B06BA748F0C0",
    "cantidad_archivos": 1,
    "archivos_fuente": [
      "Library/Caches/Google/Chrome/Default/Cache/Cache_Data/3de07b06ba748f0c_0"
    ],
    "ultima_modificacion": "2025-08-01 01:02:03.138056"
  },
  "13bf3057776474070": {
    "app_sintetizada": "13BF3057776474070",
    "cantidad_archivos": 1,
    "archivos_fuente": [
      "Library/Caches/Google/Chrome/Default/Cache/Cache_Data/13bf305777647407_0"
    ],
    "ultima_modificacion": "2025-08-01 01:02:03.138359"
  },
  "ec4162681e5f02650": {
    "app_sintetizada": "EC4162681E5F02650",
    "cantidad_archivos": 1,
    "archivos_fuente": [
      "Library/Caches/Google/Chrome/Default/Cache/Cache_Data/ec4162681e5f0265_0"
    ],
    "ultima_modificacion": "2025-08-01 01:02:03.138718"
  },
  "9869ade35090cf620": {
    "app_sintetizada": "9869ADE35090CF620",
    "cantidad_archivos": 1,
    "archivos_fuente": [
      "Library/Caches/Google/Chrome/Default/Cache/Cache_Data/9869ade35090cf62_0"
    ],
    "ultima_modificacion": "2025-08-01 01:02:03.139217"
  },
  "c8406cd750db8f3a0": {
    "app_sintetizada": "C8406CD750DB8F3A0",
    "cantidad_archivos": 1,
    "archivos_fuente": [
      "Library/Caches/Google/Chrome/Default/Cache/Cache_Data/c8406cd750db8f3a_0"
    ],
    "ultima_modificacion": "2025-08-01 01:02:03.139534"
  },
  "61215e2e8b2ce5170": {
    "app_sintetizada": "61215E2E8B2CE5170",
    "cantidad_archivos": 1,
    "archivos_fuente": [
      "Library/Caches/Google/Chrome/Default/Cache/Cache_Data/61215e2e8b2ce517_0"
    ],
    "ultima_modificacion": "2025-08-01 01:02:03.139869"
  },
  "97f48edd90aadc830": {
    "app_sintetizada": "97F48EDD90AADC830",
    "cantidad_archivos": 1,
    "archivos_fuente": [
      "Library/Caches/Google/Chrome/Default/Cache/Cache_Data/97f48edd90aadc83_0"
    ],
    "ultima_modificacion": "2025-08-01 01:02:03.140204"
  },
  "b9d34b3c9cc5247d0": {
    "app_sintetizada": "B9D34B3C9CC5247D0",
    "cantidad_archivos": 1,
    "archivos_fuente": [
      "Library/Caches/Google/Chrome/Default/Cache/Cache_Data/b9d34b3c9cc5247d_0"
    ],
    "ultima_modificacion": "2025-08-01 01:02:03.140539"
  },
  "95632e1fca7f6b550": {
    "app_sintetizada": "95632E1FCA7F6B550",
    "cantidad_archivos": 1,
    "archivos_fuente": [
      "Library/Caches/Google/Chrome/Default/Cache/Cache_Data/95632e1fca7f6b55_0"
    ],
    "ultima_modificacion": "2025-08-01 01:02:03.140869"
  },
  "cd3de09d950b80e10": {
    "app_sintetizada": "CD3DE09D950B80E10",
    "cantidad_archivos": 1,
    "archivos_fuente": [
      "Library/Caches/Google/Chrome/Default/Cache/Cache_Data/cd3de09d950b80e1_0"
    ],
    "ultima_modificacion": "2025-08-01 01:02:03.141202"
  },
  "d950dc556b19f4470": {
    "app_sintetizada": "D950DC556B19F4470",
    "cantidad_archivos": 1,
    "archivos_fuente": [
      "Library/Caches/Google/Chrome/Default/Cache/Cache_Data/d950dc556b19f447_0"
    ],
    "ultima_modificacion": "2025-08-01 01:02:03.141504"
  },
  "6c6a665d1916b2470": {
    "app_sintetizada": "6C6A665D1916B2470",
    "cantidad_archivos": 1,
    "archivos_fuente": [
      "Library/Caches/Google/Chrome/Default/Cache/Cache_Data/6c6a665d1916b247_0"
    ],
    "ultima_modificacion": "2025-08-01 01:02:03.141815"
  },
  "4a144362c3e55cde0": {
    "app_sintetizada": "4A144362C3E55CDE0",
    "cantidad_archivos": 1,
    "archivos_fuente": [
      "Library/Caches/Google/Chrome/Default/Cache/Cache_Data/4a144362c3e55cde_0"
    ],
    "ultima_modificacion": "2025-08-01 01:02:03.142149"
  },
  "dc48f77c1981a8940": {
    "app_sintetizada": "DC48F77C1981A8940",
    "cantidad_archivos": 1,
    "archivos_fuente": [
      "Library/Caches/Google/Chrome/Default/Cache/Cache_Data/dc48f77c1981a894_0"
    ],
    "ultima_modificacion": "2025-08-01 01:02:03.142467"
  },
  "f8bc0df58af1572d0": {
    "app_sintetizada": "F8BC0DF58AF1572D0",
    "cantidad_archivos": 1,
    "archivos_fuente": [
      "Library/Caches/Google/Chrome/Default/Cache/Cache_Data/f8bc0df58af1572d_0"
    ],
    "ultima_modificacion": "2025-08-01 01:02:03.142794"
  },
  "4b93bdfc1eb895870": {
    "app_sintetizada": "4B93BDFC1EB895870",
    "cantidad_archivos": 1,
    "archivos_fuente": [
      "Library/Caches/Google/Chrome/Default/Cache/Cache_Data/4b93bdfc1eb89587_0"
    ],
    "ultima_modificacion": "2025-08-01 01:02:03.143080"
  },
  "1475560fc45889720": {
    "app_sintetizada": "1475560FC45889720",
    "cantidad_archivos": 1,
    "archivos_fuente": [
      "Library/Caches/Google/Chrome/Default/Cache/Cache_Data/1475560fc4588972_0"
    ],
    "ultima_modificacion": "2025-08-01 01:02:03.143376"
  },
  "93e7b4262e11a36e0": {
    "app_sintetizada": "93E7B4262E11A36E0",
    "cantidad_archivos": 1,
    "archivos_fuente": [
      "Library/Caches/Google/Chrome/Default/Cache/Cache_Data/93e7b4262e11a36e_0"
    ],
    "ultima_modificacion": "2025-08-01 01:02:03.143658"
  },
  "9dfe1a0efb8267c40": {
    "app_sintetizada": "9DFE1A0EFB8267C40",
    "cantidad_archivos": 1,
    "archivos_fuente": [
      "Library/Caches/Google/Chrome/Default/Cache/Cache_Data/9dfe1a0efb8267c4_0"
    ],
    "ultima_modificacion": "2025-08-01 01:02:03.143956"
  },
  "9d21e41f92591a320": {
    "app_sintetizada": "9D21E41F92591A320",
    "cantidad_archivos": 1,
    "archivos_fuente": [
      "Library/Caches/Google/Chrome/Default/Cache/Cache_Data/9d21e41f92591a32_0"
    ],
    "ultima_modificacion": "2025-08-01 01:02:03.144267"
  },
  "4a7608e003ff7f790": {
    "app_sintetizada": "4A7608E003FF7F790",
    "cantidad_archivos": 1,
    "archivos_fuente": [
      "Library/Caches/Google/Chrome/Default/Cache/Cache_Data/4a7608e003ff7f79_0"
    ],
    "ultima_modificacion": "2025-08-01 01:02:03.144554"
  },
  "813cccdb3072a6930": {
    "app_sintetizada": "813CCCDB3072A6930",
    "cantidad_archivos": 1,
    "archivos_fuente": [
      "Library/Caches/Google/Chrome/Default/Cache/Cache_Data/813cccdb3072a693_0"
    ],
    "ultima_modificacion": "2025-08-01 01:02:03.144856"
  },
  "6c28cf58cb96ca520": {
    "app_sintetizada": "6C28CF58CB96CA520",
    "cantidad_archivos": 1,
    "archivos_fuente": [
      "Library/Caches/Google/Chrome/Default/Cache/Cache_Data/6c28cf58cb96ca52_0"
    ],
    "ultima_modificacion": "2025-08-01 01:02:03.145164"
  },
  "8a6729f49724028e0": {
    "app_sintetizada": "8A6729F49724028E0",
    "cantidad_archivos": 1,
    "archivos_fuente": [
      "Library/Caches/Google/Chrome/Default/Cache/Cache_Data/8a6729f49724028e_0"
    ],
    "ultima_modificacion": "2025-08-01 01:02:03.145455"
  },
  "84434296a0e6618d0": {
    "app_sintetizada": "84434296A0E6618D0",
    "cantidad_archivos": 1,
    "archivos_fuente": [
      "Library/Caches/Google/Chrome/Default/Cache/Cache_Data/84434296a0e6618d_0"
    ],
    "ultima_modificacion": "2025-08-01 01:02:03.145746"
  },
  "b9eccb660c5a43a90": {
    "app_sintetizada": "B9ECCB660C5A43A90",
    "cantidad_archivos": 1,
    "archivos_fuente": [
      "Library/Caches/Google/Chrome/Default/Cache/Cache_Data/b9eccb660c5a43a9_0"
    ],
    "ultima_modificacion": "2025-08-01 01:02:03.146066"
  },
  "b01aa3e22ed181180": {
    "app_sintetizada": "B01AA3E22ED181180",
    "cantidad_archivos": 1,
    "archivos_fuente": [
      "Library/Caches/Google/Chrome/Default/Cache/Cache_Data/b01aa3e22ed18118_0"
    ],
    "ultima_modificacion": "2025-08-01 01:02:03.146364"
  },
  "e9b4fc7e5497bcfc0": {
    "app_sintetizada": "E9B4FC7E5497BCFC0",
    "cantidad_archivos": 1,
    "archivos_fuente": [
      "Library/Caches/Google/Chrome/Default/Cache/Cache_Data/e9b4fc7e5497bcfc_0"
    ],
    "ultima_modificacion": "2025-08-01 01:02:03.146664"
  },
  "d96b1a188b0e07bb0": {
    "app_sintetizada": "D96B1A188B0E07BB0",
    "cantidad_archivos": 1,
    "archivos_fuente": [
      "Library/Caches/Google/Chrome/Default/Cache/Cache_Data/d96b1a188b0e07bb_0"
    ],
    "ultima_modificacion": "2025-08-01 01:02:03.146986"
  },
  "0abf28aadf10b0be0": {
    "app_sintetizada": "0ABF28AADF10B0BE0",
    "cantidad_archivos": 1,
    "archivos_fuente": [
      "Library/Caches/Google/Chrome/Default/Cache/Cache_Data/0abf28aadf10b0be_0"
    ],
    "ultima_modificacion": "2025-08-01 01:02:03.147464"
  },
  "ff9da136dbee2f870": {
    "app_sintetizada": "FF9DA136DBEE2F870",
    "cantidad_archivos": 1,
    "archivos_fuente": [
      "Library/Caches/Google/Chrome/Default/Cache/Cache_Data/ff9da136dbee2f87_0"
    ],
    "ultima_modificacion": "2025-08-01 01:02:03.147807"
  },
  "a0b51d1e85c62bbb0": {
    "app_sintetizada": "A0B51D1E85C62BBB0",
    "cantidad_archivos": 1,
    "archivos_fuente": [
      "Library/Caches/Google/Chrome/Default/Cache/Cache_Data/a0b51d1e85c62bbb_0"
    ],
    "ultima_modificacion": "2025-08-01 01:02:03.148158"
  },
  "43649ca77ee4f7450": {
    "app_sintetizada": "43649CA77EE4F7450",
    "cantidad_archivos": 1,
    "archivos_fuente": [
      "Library/Caches/Google/Chrome/Default/Cache/Cache_Data/43649ca77ee4f745_0"
    ],
    "ultima_modificacion": "2025-08-01 01:02:03.148488"
  },
  "cd6f0d0c07c2dd950": {
    "app_sintetizada": "CD6F0D0C07C2DD950",
    "cantidad_archivos": 1,
    "archivos_fuente": [
      "Library/Caches/Google/Chrome/Default/Cache/Cache_Data/cd6f0d0c07c2dd95_0"
    ],
    "ultima_modificacion": "2025-08-01 01:02:03.148798"
  },
  "b082d1136638024c0": {
    "app_sintetizada": "B082D1136638024C0",
    "cantidad_archivos": 1,
    "archivos_fuente": [
      "Library/Caches/Google/Chrome/Default/Cache/Cache_Data/b082d1136638024c_0"
    ],
    "ultima_modificacion": "2025-08-01 01:02:03.149111"
  },
  "7215ba9360a94ae30": {
    "app_sintetizada": "7215BA9360A94AE30",
    "cantidad_archivos": 1,
    "archivos_fuente": [
      "Library/Caches/Google/Chrome/Default/Cache/Cache_Data/7215ba9360a94ae3_0"
    ],
    "ultima_modificacion": "2025-08-01 01:02:03.149425"
  },
  "098cf7d4756e31c00": {
    "app_sintetizada": "098CF7D4756E31C00",
    "cantidad_archivos": 1,
    "archivos_fuente": [
      "Library/Caches/Google/Chrome/Default/Cache/Cache_Data/098cf7d4756e31c0_0"
    ],
    "ultima_modificacion": "2025-08-01 01:02:03.149768"
  }
}