{
  "magicidentifier.d.ts": {
    "app_sintetizada": "MAGICIDENTIFIER.D.TS",
    "cantidad_archivos": 2,
    "archivos_fuente": [
      "Library/CloudStorage/Dropbox/APPS HIPERFOCO.CL/AGENDAS CLINICAS CENTROS SALUD PUBLICOS Y PRIVADOS/agenda-clinica-interoperable/node_modules/next/dist/shared/lib/magic-identifier.d.ts",
      "Library/CloudStorage/Dropbox/APPS HIPERFOCO.CL/AGENDAS CLINICAS CENTROS SALUD PUBLICOS Y PRIVADOS/AGENDA CLINICA PORTABLE E INTEROPERAPLE/AGENDA CLI\u0301NICA INTEROPERABLE/agenda-clinica-interoperable/node_modules/next/dist/shared/lib/magic-identifier.d.ts"
    ],
    "ultima_modificacion": "2025-08-01 01:01:45.538552"
  },
  "canaryonly.d.ts": {
    "app_sintetizada": "CANARYONLY.D.TS",
    "cantidad_archivos": 2,
    "archivos_fuente": [
      "Library/CloudStorage/Dropbox/APPS HIPERFOCO.CL/AGENDAS CLINICAS CENTROS SALUD PUBLICOS Y PRIVADOS/agenda-clinica-interoperable/node_modules/next/dist/shared/lib/canary-only.d.ts",
      "Library/CloudStorage/Dropbox/APPS HIPERFOCO.CL/AGENDAS CLINICAS CENTROS SALUD PUBLICOS Y PRIVADOS/AGENDA CLINICA PORTABLE E INTEROPERAPLE/AGENDA CLI\u0301NICA INTEROPERABLE/agenda-clinica-interoperable/node_modules/next/dist/shared/lib/canary-only.d.ts"
    ],
    "ultima_modificacion": "2025-08-01 01:01:45.538995"
  },
  "approutercontext.sharedruntime.d.ts": {
    "app_sintetizada": "APPROUTERCONTEXT.SHAREDRUNTIME.D.TS",
    "cantidad_archivos": 2,
    "archivos_fuente": [
      "Library/CloudStorage/Dropbox/APPS HIPERFOCO.CL/AGENDAS CLINICAS CENTROS SALUD PUBLICOS Y PRIVADOS/agenda-clinica-interoperable/node_modules/next/dist/shared/lib/app-router-context.shared-runtime.d.ts",
      "Library/CloudStorage/Dropbox/APPS HIPERFOCO.CL/AGENDAS CLINICAS CENTROS SALUD PUBLICOS Y PRIVADOS/AGENDA CLINICA PORTABLE E INTEROPERAPLE/AGENDA CLI\u0301NICA INTEROPERABLE/agenda-clinica-interoperable/node_modules/next/dist/shared/lib/app-router-context.shared-runtime.d.ts"
    ],
    "ultima_modificacion": "2025-08-01 01:01:45.539382"
  },
  "isplainobject.d.ts": {
    "app_sintetizada": "ISPLAINOBJECT.D.TS",
    "cantidad_archivos": 2,
    "archivos_fuente": [
      "Library/CloudStorage/Dropbox/APPS HIPERFOCO.CL/AGENDAS CLINICAS CENTROS SALUD PUBLICOS Y PRIVADOS/agenda-clinica-interoperable/node_modules/next/dist/shared/lib/is-plain-object.d.ts",
      "Library/CloudStorage/Dropbox/APPS HIPERFOCO.CL/AGENDAS CLINICAS CENTROS SALUD PUBLICOS Y PRIVADOS/AGENDA CLINICA PORTABLE E INTEROPERAPLE/AGENDA CLI\u0301NICA INTEROPERABLE/agenda-clinica-interoperable/node_modules/next/dist/shared/lib/is-plain-object.d.ts"
    ],
    "ultima_modificacion": "2025-08-01 01:01:45.539937"
  },
  "invarianterror.d.ts": {
    "app_sintetizada": "INVARIANTERROR.D.TS",
    "cantidad_archivos": 2,
    "archivos_fuente": [
      "Library/CloudStorage/Dropbox/APPS HIPERFOCO.CL/AGENDAS CLINICAS CENTROS SALUD PUBLICOS Y PRIVADOS/agenda-clinica-interoperable/node_modules/next/dist/shared/lib/invariant-error.d.ts",
      "Library/CloudStorage/Dropbox/APPS HIPERFOCO.CL/AGENDAS CLINICAS CENTROS SALUD PUBLICOS Y PRIVADOS/AGENDA CLINICA PORTABLE E INTEROPERAPLE/AGENDA CLI\u0301NICA INTEROPERABLE/agenda-clinica-interoperable/node_modules/next/dist/shared/lib/invariant-error.d.ts"
    ],
    "ultima_modificacion": "2025-08-01 01:01:45.540396"
  },
  "loadablecontext.sharedruntime.d.ts": {
    "app_sintetizada": "LOADABLECONTEXT.SHAREDRUNTIME.D.TS",
    "cantidad_archivos": 2,
    "archivos_fuente": [
      "Library/CloudStorage/Dropbox/APPS HIPERFOCO.CL/AGENDAS CLINICAS CENTROS SALUD PUBLICOS Y PRIVADOS/agenda-clinica-interoperable/node_modules/next/dist/shared/lib/loadable-context.shared-runtime.d.ts",
      "Library/CloudStorage/Dropbox/APPS HIPERFOCO.CL/AGENDAS CLINICAS CENTROS SALUD PUBLICOS Y PRIVADOS/AGENDA CLINICA PORTABLE E INTEROPERAPLE/AGENDA CLI\u0301NICA INTEROPERABLE/agenda-clinica-interoperable/node_modules/next/dist/shared/lib/loadable-context.shared-runtime.d.ts"
    ],
    "ultima_modificacion": "2025-08-01 01:01:45.540774"
  },
  "bloomfilter.d.ts": {
    "app_sintetizada": "BLOOMFILTER.D.TS",
    "cantidad_archivos": 2,
    "archivos_fuente": [
      "Library/CloudStorage/Dropbox/APPS HIPERFOCO.CL/AGENDAS CLINICAS CENTROS SALUD PUBLICOS Y PRIVADOS/agenda-clinica-interoperable/node_modules/next/dist/shared/lib/bloom-filter.d.ts",
      "Library/CloudStorage/Dropbox/APPS HIPERFOCO.CL/AGENDAS CLINICAS CENTROS SALUD PUBLICOS Y PRIVADOS/AGENDA CLINICA PORTABLE E INTEROPERAPLE/AGENDA CLI\u0301NICA INTEROPERABLE/agenda-clinica-interoperable/node_modules/next/dist/shared/lib/bloom-filter.d.ts"
    ],
    "ultima_modificacion": "2025-08-01 01:01:45.541159"
  },
  "loadable.sharedruntime.d.ts": {
    "app_sintetizada": "LOADABLE.SHAREDRUNTIME.D.TS",
    "cantidad_archivos": 2,
    "archivos_fuente": [
      "Library/CloudStorage/Dropbox/APPS HIPERFOCO.CL/AGENDAS CLINICAS CENTROS SALUD PUBLICOS Y PRIVADOS/agenda-clinica-interoperable/node_modules/next/dist/shared/lib/loadable.shared-runtime.d.ts",
      "Library/CloudStorage/Dropbox/APPS HIPERFOCO.CL/AGENDAS CLINICAS CENTROS SALUD PUBLICOS Y PRIVADOS/AGENDA CLINICA PORTABLE E INTEROPERAPLE/AGENDA CLI\u0301NICA INTEROPERABLE/agenda-clinica-interoperable/node_modules/next/dist/shared/lib/loadable.shared-runtime.d.ts"
    ],
    "ultima_modificacion": "2025-08-01 01:01:45.541494"
  },
  "deepreadonly.d.ts": {
    "app_sintetizada": "DEEPREADONLY.D.TS",
    "cantidad_archivos": 2,
    "archivos_fuente": [
      "Library/CloudStorage/Dropbox/APPS HIPERFOCO.CL/AGENDAS CLINICAS CENTROS SALUD PUBLICOS Y PRIVADOS/agenda-clinica-interoperable/node_modules/next/dist/shared/lib/deep-readonly.d.ts",
      "Library/CloudStorage/Dropbox/APPS HIPERFOCO.CL/AGENDAS CLINICAS CENTROS SALUD PUBLICOS Y PRIVADOS/AGENDA CLINICA PORTABLE E INTEROPERAPLE/AGENDA CLI\u0301NICA INTEROPERABLE/agenda-clinica-interoperable/node_modules/next/dist/shared/lib/deep-readonly.d.ts"
    ],
    "ultima_modificacion": "2025-08-01 01:01:45.541812"
  },
  "imageblursvg.d.ts": {
    "app_sintetizada": "IMAGEBLURSVG.D.TS",
    "cantidad_archivos": 2,
    "archivos_fuente": [
      "Library/CloudStorage/Dropbox/APPS HIPERFOCO.CL/AGENDAS CLINICAS CENTROS SALUD PUBLICOS Y PRIVADOS/agenda-clinica-interoperable/node_modules/next/dist/shared/lib/image-blur-svg.d.ts",
      "Library/CloudStorage/Dropbox/APPS HIPERFOCO.CL/AGENDAS CLINICAS CENTROS SALUD PUBLICOS Y PRIVADOS/AGENDA CLINICA PORTABLE E INTEROPERAPLE/AGENDA CLI\u0301NICA INTEROPERABLE/agenda-clinica-interoperable/node_modules/next/dist/shared/lib/image-blur-svg.d.ts"
    ],
    "ultima_modificacion": "2025-08-01 01:01:45.542127"
  },
  "getrspack.d.ts": {
    "app_sintetizada": "GETRSPACK.D.TS",
    "cantidad_archivos": 2,
    "archivos_fuente": [
      "Library/CloudStorage/Dropbox/APPS HIPERFOCO.CL/AGENDAS CLINICAS CENTROS SALUD PUBLICOS Y PRIVADOS/agenda-clinica-interoperable/node_modules/next/dist/shared/lib/get-rspack.d.ts",
      "Library/CloudStorage/Dropbox/APPS HIPERFOCO.CL/AGENDAS CLINICAS CENTROS SALUD PUBLICOS Y PRIVADOS/AGENDA CLINICA PORTABLE E INTEROPERAPLE/AGENDA CLI\u0301NICA INTEROPERABLE/agenda-clinica-interoperable/node_modules/next/dist/shared/lib/get-rspack.d.ts"
    ],
    "ultima_modificacion": "2025-08-01 01:01:45.542439"
  },
  "routercontext.sharedruntime.d.ts": {
    "app_sintetizada": "ROUTERCONTEXT.SHAREDRUNTIME.D.TS",
    "cantidad_archivos": 2,
    "archivos_fuente": [
      "Library/CloudStorage/Dropbox/APPS HIPERFOCO.CL/AGENDAS CLINICAS CENTROS SALUD PUBLICOS Y PRIVADOS/agenda-clinica-interoperable/node_modules/next/dist/shared/lib/router-context.shared-runtime.d.ts",
      "Library/CloudStorage/Dropbox/APPS HIPERFOCO.CL/AGENDAS CLINICAS CENTROS SALUD PUBLICOS Y PRIVADOS/AGENDA CLINICA PORTABLE E INTEROPERAPLE/AGENDA CLI\u0301NICA INTEROPERABLE/agenda-clinica-interoperable/node_modules/next/dist/shared/lib/router-context.shared-runtime.d.ts"
    ],
    "ultima_modificacion": "2025-08-01 01:01:45.542763"
  },
  "serverinsertedhtml.sharedruntime.d.ts": {
    "app_sintetizada": "SERVERINSERTEDHTML.SHAREDRUNTIME.D.TS",
    "cantidad_archivos": 2,
    "archivos_fuente": [
      "Library/CloudStorage/Dropbox/APPS HIPERFOCO.CL/AGENDAS CLINICAS CENTROS SALUD PUBLICOS Y PRIVADOS/agenda-clinica-interoperable/node_modules/next/dist/shared/lib/server-inserted-html.shared-runtime.d.ts",
      "Library/CloudStorage/Dropbox/APPS HIPERFOCO.CL/AGENDAS CLINICAS CENTROS SALUD PUBLICOS Y PRIVADOS/AGENDA CLINICA PORTABLE E INTEROPERAPLE/AGENDA CLI\u0301NICA INTEROPERABLE/agenda-clinica-interoperable/node_modules/next/dist/shared/lib/server-inserted-html.shared-runtime.d.ts"
    ],
    "ultima_modificacion": "2025-08-01 01:01:45.543094"
  },
  "errorsource.d.ts": {
    "app_sintetizada": "ERRORSOURCE.D.TS",
    "cantidad_archivos": 2,
    "archivos_fuente": [
      "Library/CloudStorage/Dropbox/APPS HIPERFOCO.CL/AGENDAS CLINICAS CENTROS SALUD PUBLICOS Y PRIVADOS/agenda-clinica-interoperable/node_modules/next/dist/shared/lib/error-source.d.ts",
      "Library/CloudStorage/Dropbox/APPS HIPERFOCO.CL/AGENDAS CLINICAS CENTROS SALUD PUBLICOS Y PRIVADOS/AGENDA CLINICA PORTABLE E INTEROPERAPLE/AGENDA CLI\u0301NICA INTEROPERABLE/agenda-clinica-interoperable/node_modules/next/dist/shared/lib/error-source.d.ts"
    ],
    "ultima_modificacion": "2025-08-01 01:01:45.543446"
  },
  "hooksclientcontext.sharedruntime.d.ts": {
    "app_sintetizada": "HOOKSCLIENTCONTEXT.SHAREDRUNTIME.D.TS",
    "cantidad_archivos": 2,
    "archivos_fuente": [
      "Library/CloudStorage/Dropbox/APPS HIPERFOCO.CL/AGENDAS CLINICAS CENTROS SALUD PUBLICOS Y PRIVADOS/agenda-clinica-interoperable/node_modules/next/dist/shared/lib/hooks-client-context.shared-runtime.d.ts",
      "Library/CloudStorage/Dropbox/APPS HIPERFOCO.CL/AGENDAS CLINICAS CENTROS SALUD PUBLICOS Y PRIVADOS/AGENDA CLINICA PORTABLE E INTEROPERAPLE/AGENDA CLI\u0301NICA INTEROPERABLE/agenda-clinica-interoperable/node_modules/next/dist/shared/lib/hooks-client-context.shared-runtime.d.ts"
    ],
    "ultima_modificacion": "2025-08-01 01:01:45.543797"
  },
  "getwebpackbundler.d.ts": {
    "app_sintetizada": "GETWEBPACKBUNDLER.D.TS",
    "cantidad_archivos": 2,
    "archivos_fuente": [
      "Library/CloudStorage/Dropbox/APPS HIPERFOCO.CL/AGENDAS CLINICAS CENTROS SALUD PUBLICOS Y PRIVADOS/agenda-clinica-interoperable/node_modules/next/dist/shared/lib/get-webpack-bundler.d.ts",
      "Library/CloudStorage/Dropbox/APPS HIPERFOCO.CL/AGENDAS CLINICAS CENTROS SALUD PUBLICOS Y PRIVADOS/AGENDA CLINICA PORTABLE E INTEROPERAPLE/AGENDA CLI\u0301NICA INTEROPERABLE/agenda-clinica-interoperable/node_modules/next/dist/shared/lib/get-webpack-bundler.d.ts"
    ],
    "ultima_modificacion": "2025-08-01 01:01:45.544139"
  },
  "zod.d.ts": {
    "app_sintetizada": "ZOD.D.TS",
    "cantidad_archivos": 2,
    "archivos_fuente": [
      "Library/CloudStorage/Dropbox/APPS HIPERFOCO.CL/AGENDAS CLINICAS CENTROS SALUD PUBLICOS Y PRIVADOS/agenda-clinica-interoperable/node_modules/next/dist/shared/lib/zod.d.ts",
      "Library/CloudStorage/Dropbox/APPS HIPERFOCO.CL/AGENDAS CLINICAS CENTROS SALUD PUBLICOS Y PRIVADOS/AGENDA CLINICA PORTABLE E INTEROPERAPLE/AGENDA CLI\u0301NICA INTEROPERABLE/agenda-clinica-interoperable/node_modules/next/dist/shared/lib/zod.d.ts"
    ],
    "ultima_modificacion": "2025-08-01 01:01:45.544475"
  },
  "runtimeconfig.external.d.ts": {
    "app_sintetizada": "RUNTIMECONFIG.EXTERNAL.D.TS",
    "cantidad_archivos": 2,
    "archivos_fuente": [
      "Library/CloudStorage/Dropbox/APPS HIPERFOCO.CL/AGENDAS CLINICAS CENTROS SALUD PUBLICOS Y PRIVADOS/agenda-clinica-interoperable/node_modules/next/dist/shared/lib/runtime-config.external.d.ts",
      "Library/CloudStorage/Dropbox/APPS HIPERFOCO.CL/AGENDAS CLINICAS CENTROS SALUD PUBLICOS Y PRIVADOS/AGENDA CLINICA PORTABLE E INTEROPERAPLE/AGENDA CLI\u0301NICA INTEROPERABLE/agenda-clinica-interoperable/node_modules/next/dist/shared/lib/runtime-config.external.d.ts"
    ],
    "ultima_modificacion": "2025-08-01 01:01:45.544827"
  },
  "ampmode.d.ts": {
    "app_sintetizada": "AMPMODE.D.TS",
    "cantidad_archivos": 2,
    "archivos_fuente": [
      "Library/CloudStorage/Dropbox/APPS HIPERFOCO.CL/AGENDAS CLINICAS CENTROS SALUD PUBLICOS Y PRIVADOS/agenda-clinica-interoperable/node_modules/next/dist/shared/lib/amp-mode.d.ts",
      "Library/CloudStorage/Dropbox/APPS HIPERFOCO.CL/AGENDAS CLINICAS CENTROS SALUD PUBLICOS Y PRIVADOS/AGENDA CLINICA PORTABLE E INTEROPERAPLE/AGENDA CLI\u0301NICA INTEROPERABLE/agenda-clinica-interoperable/node_modules/next/dist/shared/lib/amp-mode.d.ts"
    ],
    "ultima_modificacion": "2025-08-01 01:01:45.545224"
  },
  "hash.d.ts": {
    "app_sintetizada": "HASH.D.TS",
    "cantidad_archivos": 4,
    "archivos_fuente": [
      "Library/CloudStorage/Dropbox/APPS HIPERFOCO.CL/AGENDAS CLINICAS CENTROS SALUD PUBLICOS Y PRIVADOS/agenda-clinica-interoperable/node_modules/next/dist/shared/lib/hash.d.ts",
      "Library/CloudStorage/Dropbox/APPS HIPERFOCO.CL/AGENDAS CLINICAS CENTROS SALUD PUBLICOS Y PRIVADOS/agenda-clinica-interoperable/node_modules/eslint-module-utils/hash.d.ts",
      "Library/CloudStorage/Dropbox/APPS HIPERFOCO.CL/AGENDAS CLINICAS CENTROS SALUD PUBLICOS Y PRIVADOS/AGENDA CLINICA PORTABLE E INTEROPERAPLE/AGENDA CLI\u0301NICA INTEROPERABLE/agenda-clinica-interoperable/node_modules/next/dist/shared/lib/hash.d.ts",
      "Library/CloudStorage/Dropbox/APPS HIPERFOCO.CL/AGENDAS CLINICAS CENTROS SALUD PUBLICOS Y PRIVADOS/AGENDA CLINICA PORTABLE E INTEROPERAPLE/AGENDA CLI\u0301NICA INTEROPERABLE/agenda-clinica-interoperable/node_modules/eslint-module-utils/hash.d.ts"
    ],
    "ultima_modificacion": "2025-08-01 01:01:45.545580"
  },
  "isthenable.d.ts": {
    "app_sintetizada": "ISTHENABLE.D.TS",
    "cantidad_archivos": 2,
    "archivos_fuente": [
      "Library/CloudStorage/Dropbox/APPS HIPERFOCO.CL/AGENDAS CLINICAS CENTROS SALUD PUBLICOS Y PRIVADOS/agenda-clinica-interoperable/node_modules/next/dist/shared/lib/is-thenable.d.ts",
      "Library/CloudStorage/Dropbox/APPS HIPERFOCO.CL/AGENDAS CLINICAS CENTROS SALUD PUBLICOS Y PRIVADOS/AGENDA CLINICA PORTABLE E INTEROPERAPLE/AGENDA CLI\u0301NICA INTEROPERABLE/agenda-clinica-interoperable/node_modules/next/dist/shared/lib/is-thenable.d.ts"
    ],
    "ultima_modificacion": "2025-08-01 01:01:45.545917"
  },
  "sideeffect.d.ts": {
    "app_sintetizada": "SIDEEFFECT.D.TS",
    "cantidad_archivos": 2,
    "archivos_fuente": [
      "Library/CloudStorage/Dropbox/APPS HIPERFOCO.CL/AGENDAS CLINICAS CENTROS SALUD PUBLICOS Y PRIVADOS/agenda-clinica-interoperable/node_modules/next/dist/shared/lib/side-effect.d.ts",
      "Library/CloudStorage/Dropbox/APPS HIPERFOCO.CL/AGENDAS CLINICAS CENTROS SALUD PUBLICOS Y PRIVADOS/AGENDA CLINICA PORTABLE E INTEROPERAPLE/AGENDA CLI\u0301NICA INTEROPERABLE/agenda-clinica-interoperable/node_modules/next/dist/shared/lib/side-effect.d.ts"
    ],
    "ultima_modificacion": "2025-08-01 01:01:45.546284"
  },
  "isinternal.d.ts": {
    "app_sintetizada": "ISINTERNAL.D.TS",
    "cantidad_archivos": 2,
    "archivos_fuente": [
      "Library/CloudStorage/Dropbox/APPS HIPERFOCO.CL/AGENDAS CLINICAS CENTROS SALUD PUBLICOS Y PRIVADOS/agenda-clinica-interoperable/node_modules/next/dist/shared/lib/is-internal.d.ts",
      "Library/CloudStorage/Dropbox/APPS HIPERFOCO.CL/AGENDAS CLINICAS CENTROS SALUD PUBLICOS Y PRIVADOS/AGENDA CLINICA PORTABLE E INTEROPERAPLE/AGENDA CLI\u0301NICA INTEROPERABLE/agenda-clinica-interoperable/node_modules/next/dist/shared/lib/is-internal.d.ts"
    ],
    "ultima_modificacion": "2025-08-01 01:01:45.546697"
  },
  "appdynamic.d.ts": {
    "app_sintetizada": "APPDYNAMIC.D.TS",
    "cantidad_archivos": 4,
    "archivos_fuente": [
      "Library/CloudStorage/Dropbox/APPS HIPERFOCO.CL/AGENDAS CLINICAS CENTROS SALUD PUBLICOS Y PRIVADOS/agenda-clinica-interoperable/node_modules/next/dist/shared/lib/app-dynamic.d.ts",
      "Library/CloudStorage/Dropbox/APPS HIPERFOCO.CL/AGENDAS CLINICAS CENTROS SALUD PUBLICOS Y PRIVADOS/agenda-clinica-interoperable/node_modules/next/dist/api/app-dynamic.d.ts",
      "Library/CloudStorage/Dropbox/APPS HIPERFOCO.CL/AGENDAS CLINICAS CENTROS SALUD PUBLICOS Y PRIVADOS/AGENDA CLINICA PORTABLE E INTEROPERAPLE/AGENDA CLI\u0301NICA INTEROPERABLE/agenda-clinica-interoperable/node_modules/next/dist/shared/lib/app-dynamic.d.ts",
      "Library/CloudStorage/Dropbox/APPS HIPERFOCO.CL/AGENDAS CLINICAS CENTROS SALUD PUBLICOS Y PRIVADOS/AGENDA CLINICA PORTABLE E INTEROPERAPLE/AGENDA CLI\u0301NICA INTEROPERABLE/agenda-clinica-interoperable/node_modules/next/dist/api/app-dynamic.d.ts"
    ],
    "ultima_modificacion": "2025-08-01 01:01:45.547103"
  },
  "segment.d.ts": {
    "app_sintetizada": "SEGMENT.D.TS",
    "cantidad_archivos": 2,
    "archivos_fuente": [
      "Library/CloudStorage/Dropbox/APPS HIPERFOCO.CL/AGENDAS CLINICAS CENTROS SALUD PUBLICOS Y PRIVADOS/agenda-clinica-interoperable/node_modules/next/dist/shared/lib/segment.d.ts",
      "Library/CloudStorage/Dropbox/APPS HIPERFOCO.CL/AGENDAS CLINICAS CENTROS SALUD PUBLICOS Y PRIVADOS/AGENDA CLINICA PORTABLE E INTEROPERAPLE/AGENDA CLI\u0301NICA INTEROPERABLE/agenda-clinica-interoperable/node_modules/next/dist/shared/lib/segment.d.ts"
    ],
    "ultima_modificacion": "2025-08-01 01:01:45.547474"
  },
  "escaperegexp.d.ts": {
    "app_sintetizada": "ESCAPEREGEXP.D.TS",
    "cantidad_archivos": 4,
    "archivos_fuente": [
      "Library/CloudStorage/Dropbox/APPS HIPERFOCO.CL/AGENDAS CLINICAS CENTROS SALUD PUBLICOS Y PRIVADOS/agenda-clinica-interoperable/node_modules/next/dist/shared/lib/escape-regexp.d.ts",
      "Library/CloudStorage/Dropbox/APPS HIPERFOCO.CL/AGENDAS CLINICAS CENTROS SALUD PUBLICOS Y PRIVADOS/agenda-clinica-interoperable/node_modules/@typescript-eslint/eslint-plugin/dist/util/escapeRegExp.d.ts",
      "Library/CloudStorage/Dropbox/APPS HIPERFOCO.CL/AGENDAS CLINICAS CENTROS SALUD PUBLICOS Y PRIVADOS/AGENDA CLINICA PORTABLE E INTEROPERAPLE/AGENDA CLI\u0301NICA INTEROPERABLE/agenda-clinica-interoperable/node_modules/next/dist/shared/lib/escape-regexp.d.ts",
      "Library/CloudStorage/Dropbox/APPS HIPERFOCO.CL/AGENDAS CLINICAS CENTROS SALUD PUBLICOS Y PRIVADOS/AGENDA CLINICA PORTABLE E INTEROPERAPLE/AGENDA CLI\u0301NICA INTEROPERABLE/agenda-clinica-interoperable/node_modules/@typescript-eslint/eslint-plugin/dist/util/escapeRegExp.d.ts"
    ],
    "ultima_modificacion": "2025-08-01 01:01:45.547870"
  },
  "getimgprops.d.ts": {
    "app_sintetizada": "GETIMGPROPS.D.TS",
    "cantidad_archivos": 2,
    "archivos_fuente": [
      "Library/CloudStorage/Dropbox/APPS HIPERFOCO.CL/AGENDAS CLINICAS CENTROS SALUD PUBLICOS Y PRIVADOS/agenda-clinica-interoperable/node_modules/next/dist/shared/lib/get-img-props.d.ts",
      "Library/CloudStorage/Dropbox/APPS HIPERFOCO.CL/AGENDAS CLINICAS CENTROS SALUD PUBLICOS Y PRIVADOS/AGENDA CLINICA PORTABLE E INTEROPERAPLE/AGENDA CLI\u0301NICA INTEROPERABLE/agenda-clinica-interoperable/node_modules/next/dist/shared/lib/get-img-props.d.ts"
    ],
    "ultima_modificacion": "2025-08-01 01:01:45.548245"
  },
  "deepfreeze.d.ts": {
    "app_sintetizada": "DEEPFREEZE.D.TS",
    "cantidad_archivos": 2,
    "archivos_fuente": [
      "Library/CloudStorage/Dropbox/APPS HIPERFOCO.CL/AGENDAS CLINICAS CENTROS SALUD PUBLICOS Y PRIVADOS/agenda-clinica-interoperable/node_modules/next/dist/shared/lib/deep-freeze.d.ts",
      "Library/CloudStorage/Dropbox/APPS HIPERFOCO.CL/AGENDAS CLINICAS CENTROS SALUD PUBLICOS Y PRIVADOS/AGENDA CLINICA PORTABLE E INTEROPERAPLE/AGENDA CLI\u0301NICA INTEROPERABLE/agenda-clinica-interoperable/node_modules/next/dist/shared/lib/deep-freeze.d.ts"
    ],
    "ultima_modificacion": "2025-08-01 01:01:45.548610"
  },
  "imageexternal.d.ts": {
    "app_sintetizada": "IMAGEEXTERNAL.D.TS",
    "cantidad_archivos": 2,
    "archivos_fuente": [
      "Library/CloudStorage/Dropbox/APPS HIPERFOCO.CL/AGENDAS CLINICAS CENTROS SALUD PUBLICOS Y PRIVADOS/agenda-clinica-interoperable/node_modules/next/dist/shared/lib/image-external.d.ts",
      "Library/CloudStorage/Dropbox/APPS HIPERFOCO.CL/AGENDAS CLINICAS CENTROS SALUD PUBLICOS Y PRIVADOS/AGENDA CLINICA PORTABLE E INTEROPERAPLE/AGENDA CLI\u0301NICA INTEROPERABLE/agenda-clinica-interoperable/node_modules/next/dist/shared/lib/image-external.d.ts"
    ],
    "ultima_modificacion": "2025-08-01 01:01:45.549008"
  },
  "fnv1a.d.ts": {
    "app_sintetizada": "FNV1A.D.TS",
    "cantidad_archivos": 2,
    "archivos_fuente": [
      "Library/CloudStorage/Dropbox/APPS HIPERFOCO.CL/AGENDAS CLINICAS CENTROS SALUD PUBLICOS Y PRIVADOS/agenda-clinica-interoperable/node_modules/next/dist/shared/lib/fnv1a.d.ts",
      "Library/CloudStorage/Dropbox/APPS HIPERFOCO.CL/AGENDAS CLINICAS CENTROS SALUD PUBLICOS Y PRIVADOS/AGENDA CLINICA PORTABLE E INTEROPERAPLE/AGENDA CLI\u0301NICA INTEROPERABLE/agenda-clinica-interoperable/node_modules/next/dist/shared/lib/fnv1a.d.ts"
    ],
    "ultima_modificacion": "2025-08-01 01:01:45.549372"
  },
  "imageconfigcontext.sharedruntime.d.ts": {
    "app_sintetizada": "IMAGECONFIGCONTEXT.SHAREDRUNTIME.D.TS",
    "cantidad_archivos": 2,
    "archivos_fuente": [
      "Library/CloudStorage/Dropbox/APPS HIPERFOCO.CL/AGENDAS CLINICAS CENTROS SALUD PUBLICOS Y PRIVADOS/agenda-clinica-interoperable/node_modules/next/dist/shared/lib/image-config-context.shared-runtime.d.ts",
      "Library/CloudStorage/Dropbox/APPS HIPERFOCO.CL/AGENDAS CLINICAS CENTROS SALUD PUBLICOS Y PRIVADOS/AGENDA CLINICA PORTABLE E INTEROPERAPLE/AGENDA CLI\u0301NICA INTEROPERABLE/agenda-clinica-interoperable/node_modules/next/dist/shared/lib/image-config-context.shared-runtime.d.ts"
    ],
    "ultima_modificacion": "2025-08-01 01:01:45.549750"
  },
  "encodeuripath.d.ts": {
    "app_sintetizada": "ENCODEURIPATH.D.TS",
    "cantidad_archivos": 2,
    "archivos_fuente": [
      "Library/CloudStorage/Dropbox/APPS HIPERFOCO.CL/AGENDAS CLINICAS CENTROS SALUD PUBLICOS Y PRIVADOS/agenda-clinica-interoperable/node_modules/next/dist/shared/lib/encode-uri-path.d.ts",
      "Library/CloudStorage/Dropbox/APPS HIPERFOCO.CL/AGENDAS CLINICAS CENTROS SALUD PUBLICOS Y PRIVADOS/AGENDA CLINICA PORTABLE E INTEROPERAPLE/AGENDA CLI\u0301NICA INTEROPERABLE/agenda-clinica-interoperable/node_modules/next/dist/shared/lib/encode-uri-path.d.ts"
    ],
    "ultima_modificacion": "2025-08-01 01:01:45.550094"
  },
  "matchlocalpattern.d.ts": {
    "app_sintetizada": "MATCHLOCALPATTERN.D.TS",
    "cantidad_archivos": 2,
    "archivos_fuente": [
      "Library/CloudStorage/Dropbox/APPS HIPERFOCO.CL/AGENDAS CLINICAS CENTROS SALUD PUBLICOS Y PRIVADOS/agenda-clinica-interoperable/node_modules/next/dist/shared/lib/match-local-pattern.d.ts",
      "Library/CloudStorage/Dropbox/APPS HIPERFOCO.CL/AGENDAS CLINICAS CENTROS SALUD PUBLICOS Y PRIVADOS/AGENDA CLINICA PORTABLE E INTEROPERAPLE/AGENDA CLI\u0301NICA INTEROPERABLE/agenda-clinica-interoperable/node_modules/next/dist/shared/lib/match-local-pattern.d.ts"
    ],
    "ultima_modificacion": "2025-08-01 01:01:45.550426"
  },
  "matchremotepattern.d.ts": {
    "app_sintetizada": "MATCHREMOTEPATTERN.D.TS",
    "cantidad_archivos": 2,
    "archivos_fuente": [
      "Library/CloudStorage/Dropbox/APPS HIPERFOCO.CL/AGENDAS CLINICAS CENTROS SALUD PUBLICOS Y PRIVADOS/agenda-clinica-interoperable/node_modules/next/dist/shared/lib/match-remote-pattern.d.ts",
      "Library/CloudStorage/Dropbox/APPS HIPERFOCO.CL/AGENDAS CLINICAS CENTROS SALUD PUBLICOS Y PRIVADOS/AGENDA CLINICA PORTABLE E INTEROPERAPLE/AGENDA CLI\u0301NICA INTEROPERABLE/agenda-clinica-interoperable/node_modules/next/dist/shared/lib/match-remote-pattern.d.ts"
    ],
    "ultima_modificacion": "2025-08-01 01:01:45.550737"
  },
  "imageconfig.d.ts": {
    "app_sintetizada": "IMAGECONFIG.D.TS",
    "cantidad_archivos": 2,
    "archivos_fuente": [
      "Library/CloudStorage/Dropbox/APPS HIPERFOCO.CL/AGENDAS CLINICAS CENTROS SALUD PUBLICOS Y PRIVADOS/agenda-clinica-interoperable/node_modules/next/dist/shared/lib/image-config.d.ts",
      "Library/CloudStorage/Dropbox/APPS HIPERFOCO.CL/AGENDAS CLINICAS CENTROS SALUD PUBLICOS Y PRIVADOS/AGENDA CLINICA PORTABLE E INTEROPERAPLE/AGENDA CLI\u0301NICA INTEROPERABLE/agenda-clinica-interoperable/node_modules/next/dist/shared/lib/image-config.d.ts"
    ],
    "ultima_modificacion": "2025-08-01 01:01:45.551053"
  },
  "ampcontext.sharedruntime.d.ts": {
    "app_sintetizada": "AMPCONTEXT.SHAREDRUNTIME.D.TS",
    "cantidad_archivos": 2,
    "archivos_fuente": [
      "Library/CloudStorage/Dropbox/APPS HIPERFOCO.CL/AGENDAS CLINICAS CENTROS SALUD PUBLICOS Y PRIVADOS/agenda-clinica-interoperable/node_modules/next/dist/shared/lib/amp-context.shared-runtime.d.ts",
      "Library/CloudStorage/Dropbox/APPS HIPERFOCO.CL/AGENDAS CLINICAS CENTROS SALUD PUBLICOS Y PRIVADOS/AGENDA CLINICA PORTABLE E INTEROPERAPLE/AGENDA CLI\u0301NICA INTEROPERABLE/agenda-clinica-interoperable/node_modules/next/dist/shared/lib/amp-context.shared-runtime.d.ts"
    ],
    "ultima_modificacion": "2025-08-01 01:01:45.551369"
  },
  "serverreferenceinfo.d.ts": {
    "app_sintetizada": "SERVERREFERENCEINFO.D.TS",
    "cantidad_archivos": 2,
    "archivos_fuente": [
      "Library/CloudStorage/Dropbox/APPS HIPERFOCO.CL/AGENDAS CLINICAS CENTROS SALUD PUBLICOS Y PRIVADOS/agenda-clinica-interoperable/node_modules/next/dist/shared/lib/server-reference-info.d.ts",
      "Library/CloudStorage/Dropbox/APPS HIPERFOCO.CL/AGENDAS CLINICAS CENTROS SALUD PUBLICOS Y PRIVADOS/AGENDA CLINICA PORTABLE E INTEROPERAPLE/AGENDA CLI\u0301NICA INTEROPERABLE/agenda-clinica-interoperable/node_modules/next/dist/shared/lib/server-reference-info.d.ts"
    ],
    "ultima_modificacion": "2025-08-01 01:01:45.551691"
  },
  "headmanagercontext.sharedruntime.d.ts": {
    "app_sintetizada": "HEADMANAGERCONTEXT.SHAREDRUNTIME.D.TS",
    "cantidad_archivos": 2,
    "archivos_fuente": [
      "Library/CloudStorage/Dropbox/APPS HIPERFOCO.CL/AGENDAS CLINICAS CENTROS SALUD PUBLICOS Y PRIVADOS/agenda-clinica-interoperable/node_modules/next/dist/shared/lib/head-manager-context.shared-runtime.d.ts",
      "Library/CloudStorage/Dropbox/APPS HIPERFOCO.CL/AGENDAS CLINICAS CENTROS SALUD PUBLICOS Y PRIVADOS/AGENDA CLINICA PORTABLE E INTEROPERAPLE/AGENDA CLI\u0301NICA INTEROPERABLE/agenda-clinica-interoperable/node_modules/next/dist/shared/lib/head-manager-context.shared-runtime.d.ts"
    ],
    "ultima_modificacion": "2025-08-01 01:01:45.552015"
  },
  "serverinsertedmetadata.sharedruntime.d.ts": {
    "app_sintetizada": "SERVERINSERTEDMETADATA.SHAREDRUNTIME.D.TS",
    "cantidad_archivos": 2,
    "archivos_fuente": [
      "Library/CloudStorage/Dropbox/APPS HIPERFOCO.CL/AGENDAS CLINICAS CENTROS SALUD PUBLICOS Y PRIVADOS/agenda-clinica-interoperable/node_modules/next/dist/shared/lib/server-inserted-metadata.shared-runtime.d.ts",
      "Library/CloudStorage/Dropbox/APPS HIPERFOCO.CL/AGENDAS CLINICAS CENTROS SALUD PUBLICOS Y PRIVADOS/AGENDA CLINICA PORTABLE E INTEROPERAPLE/AGENDA CLI\u0301NICA INTEROPERABLE/agenda-clinica-interoperable/node_modules/next/dist/shared/lib/server-inserted-metadata.shared-runtime.d.ts"
    ],
    "ultima_modificacion": "2025-08-01 01:01:45.552389"
  },
  "mitt.d.ts": {
    "app_sintetizada": "MITT.D.TS",
    "cantidad_archivos": 2,
    "archivos_fuente": [
      "Library/CloudStorage/Dropbox/APPS HIPERFOCO.CL/AGENDAS CLINICAS CENTROS SALUD PUBLICOS Y PRIVADOS/agenda-clinica-interoperable/node_modules/next/dist/shared/lib/mitt.d.ts",
      "Library/CloudStorage/Dropbox/APPS HIPERFOCO.CL/AGENDAS CLINICAS CENTROS SALUD PUBLICOS Y PRIVADOS/AGENDA CLINICA PORTABLE E INTEROPERAPLE/AGENDA CLI\u0301NICA INTEROPERABLE/agenda-clinica-interoperable/node_modules/next/dist/shared/lib/mitt.d.ts"
    ],
    "ultima_modificacion": "2025-08-01 01:01:45.552733"
  },
  "gethostname.d.ts": {
    "app_sintetizada": "GETHOSTNAME.D.TS",
    "cantidad_archivos": 2,
    "archivos_fuente": [
      "Library/CloudStorage/Dropbox/APPS HIPERFOCO.CL/AGENDAS CLINICAS CENTROS SALUD PUBLICOS Y PRIVADOS/agenda-clinica-interoperable/node_modules/next/dist/shared/lib/get-hostname.d.ts",
      "Library/CloudStorage/Dropbox/APPS HIPERFOCO.CL/AGENDAS CLINICAS CENTROS SALUD PUBLICOS Y PRIVADOS/AGENDA CLINICA PORTABLE E INTEROPERAPLE/AGENDA CLI\u0301NICA INTEROPERABLE/agenda-clinica-interoperable/node_modules/next/dist/shared/lib/get-hostname.d.ts"
    ],
    "ultima_modificacion": "2025-08-01 01:01:45.553086"
  },
  "segmentvalueencoding.d.ts": {
    "app_sintetizada": "SEGMENTVALUEENCODING.D.TS",
    "cantidad_archivos": 2,
    "archivos_fuente": [
      "Library/CloudStorage/Dropbox/APPS HIPERFOCO.CL/AGENDAS CLINICAS CENTROS SALUD PUBLICOS Y PRIVADOS/agenda-clinica-interoperable/node_modules/next/dist/shared/lib/segment-cache/segment-value-encoding.d.ts",
      "Library/CloudStorage/Dropbox/APPS HIPERFOCO.CL/AGENDAS CLINICAS CENTROS SALUD PUBLICOS Y PRIVADOS/AGENDA CLINICA PORTABLE E INTEROPERAPLE/AGENDA CLI\u0301NICA INTEROPERABLE/agenda-clinica-interoperable/node_modules/next/dist/shared/lib/segment-cache/segment-value-encoding.d.ts"
    ],
    "ultima_modificacion": "2025-08-01 01:01:45.553439"
  },
  "absolutepathtopage.d.ts": {
    "app_sintetizada": "ABSOLUTEPATHTOPAGE.D.TS",
    "cantidad_archivos": 2,
    "archivos_fuente": [
      "Library/CloudStorage/Dropbox/APPS HIPERFOCO.CL/AGENDAS CLINICAS CENTROS SALUD PUBLICOS Y PRIVADOS/agenda-clinica-interoperable/node_modules/next/dist/shared/lib/page-path/absolute-path-to-page.d.ts",
      "Library/CloudStorage/Dropbox/APPS HIPERFOCO.CL/AGENDAS CLINICAS CENTROS SALUD PUBLICOS Y PRIVADOS/AGENDA CLINICA PORTABLE E INTEROPERAPLE/AGENDA CLI\u0301NICA INTEROPERABLE/agenda-clinica-interoperable/node_modules/next/dist/shared/lib/page-path/absolute-path-to-page.d.ts"
    ],
    "ultima_modificacion": "2025-08-01 01:01:45.553770"
  },
  "normalizepathsep.d.ts": {
    "app_sintetizada": "NORMALIZEPATHSEP.D.TS",
    "cantidad_archivos": 2,
    "archivos_fuente": [
      "Library/CloudStorage/Dropbox/APPS HIPERFOCO.CL/AGENDAS CLINICAS CENTROS SALUD PUBLICOS Y PRIVADOS/agenda-clinica-interoperable/node_modules/next/dist/shared/lib/page-path/normalize-path-sep.d.ts",
      "Library/CloudStorage/Dropbox/APPS HIPERFOCO.CL/AGENDAS CLINICAS CENTROS SALUD PUBLICOS Y PRIVADOS/AGENDA CLINICA PORTABLE E INTEROPERAPLE/AGENDA CLI\u0301NICA INTEROPERABLE/agenda-clinica-interoperable/node_modules/next/dist/shared/lib/page-path/normalize-path-sep.d.ts"
    ],
    "ultima_modificacion": "2025-08-01 01:01:45.554670"
  },
  "denormalizepagepath.d.ts": {
    "app_sintetizada": "DENORMALIZEPAGEPATH.D.TS",
    "cantidad_archivos": 2,
    "archivos_fuente": [
      "Library/CloudStorage/Dropbox/APPS HIPERFOCO.CL/AGENDAS CLINICAS CENTROS SALUD PUBLICOS Y PRIVADOS/agenda-clinica-interoperable/node_modules/next/dist/shared/lib/page-path/denormalize-page-path.d.ts",
      "Library/CloudStorage/Dropbox/APPS HIPERFOCO.CL/AGENDAS CLINICAS CENTROS SALUD PUBLICOS Y PRIVADOS/AGENDA CLINICA PORTABLE E INTEROPERAPLE/AGENDA CLI\u0301NICA INTEROPERABLE/agenda-clinica-interoperable/node_modules/next/dist/shared/lib/page-path/denormalize-page-path.d.ts"
    ],
    "ultima_modificacion": "2025-08-01 01:01:45.555148"
  },
  "denormalizeapppath.d.ts": {
    "app_sintetizada": "DENORMALIZEAPPPATH.D.TS",
    "cantidad_archivos": 2,
    "archivos_fuente": [
      "Library/CloudStorage/Dropbox/APPS HIPERFOCO.CL/AGENDAS CLINICAS CENTROS SALUD PUBLICOS Y PRIVADOS/agenda-clinica-interoperable/node_modules/next/dist/shared/lib/page-path/denormalize-app-path.d.ts",
      "Library/CloudStorage/Dropbox/APPS HIPERFOCO.CL/AGENDAS CLINICAS CENTROS SALUD PUBLICOS Y PRIVADOS/AGENDA CLINICA PORTABLE E INTEROPERAPLE/AGENDA CLI\u0301NICA INTEROPERABLE/agenda-clinica-interoperable/node_modules/next/dist/shared/lib/page-path/denormalize-app-path.d.ts"
    ],
    "ultima_modificacion": "2025-08-01 01:01:45.555548"
  },
  "removepagepathtail.d.ts": {
    "app_sintetizada": "REMOVEPAGEPATHTAIL.D.TS",
    "cantidad_archivos": 2,
    "archivos_fuente": [
      "Library/CloudStorage/Dropbox/APPS HIPERFOCO.CL/AGENDAS CLINICAS CENTROS SALUD PUBLICOS Y PRIVADOS/agenda-clinica-interoperable/node_modules/next/dist/shared/lib/page-path/remove-page-path-tail.d.ts",
      "Library/CloudStorage/Dropbox/APPS HIPERFOCO.CL/AGENDAS CLINICAS CENTROS SALUD PUBLICOS Y PRIVADOS/AGENDA CLINICA PORTABLE E INTEROPERAPLE/AGENDA CLI\u0301NICA INTEROPERABLE/agenda-clinica-interoperable/node_modules/next/dist/shared/lib/page-path/remove-page-path-tail.d.ts"
    ],
    "ultima_modificacion": "2025-08-01 01:01:45.555921"
  },
  "ensureleadingslash.d.ts": {
    "app_sintetizada": "ENSURELEADINGSLASH.D.TS",
    "cantidad_archivos": 2,
    "archivos_fuente": [
      "Library/CloudStorage/Dropbox/APPS HIPERFOCO.CL/AGENDAS CLINICAS CENTROS SALUD PUBLICOS Y PRIVADOS/agenda-clinica-interoperable/node_modules/next/dist/shared/lib/page-path/ensure-leading-slash.d.ts",
      "Library/CloudStorage/Dropbox/APPS HIPERFOCO.CL/AGENDAS CLINICAS CENTROS SALUD PUBLICOS Y PRIVADOS/AGENDA CLINICA PORTABLE E INTEROPERAPLE/AGENDA CLI\u0301NICA INTEROPERABLE/agenda-clinica-interoperable/node_modules/next/dist/shared/lib/page-path/ensure-leading-slash.d.ts"
    ],
    "ultima_modificacion": "2025-08-01 01:01:45.556266"
  },
  "getpagepaths.d.ts": {
    "app_sintetizada": "GETPAGEPATHS.D.TS",
    "cantidad_archivos": 2,
    "archivos_fuente": [
      "Library/CloudStorage/Dropbox/APPS HIPERFOCO.CL/AGENDAS CLINICAS CENTROS SALUD PUBLICOS Y PRIVADOS/agenda-clinica-interoperable/node_modules/next/dist/shared/lib/page-path/get-page-paths.d.ts",
      "Library/CloudStorage/Dropbox/APPS HIPERFOCO.CL/AGENDAS CLINICAS CENTROS SALUD PUBLICOS Y PRIVADOS/AGENDA CLINICA PORTABLE E INTEROPERAPLE/AGENDA CLI\u0301NICA INTEROPERABLE/agenda-clinica-interoperable/node_modules/next/dist/shared/lib/page-path/get-page-paths.d.ts"
    ],
    "ultima_modificacion": "2025-08-01 01:01:45.556592"
  },
  "normalizepagepath.d.ts": {
    "app_sintetizada": "NORMALIZEPAGEPATH.D.TS",
    "cantidad_archivos": 2,
    "archivos_fuente": [
      "Library/CloudStorage/Dropbox/APPS HIPERFOCO.CL/AGENDAS CLINICAS CENTROS SALUD PUBLICOS Y PRIVADOS/agenda-clinica-interoperable/node_modules/next/dist/shared/lib/page-path/normalize-page-path.d.ts",
      "Library/CloudStorage/Dropbox/APPS HIPERFOCO.CL/AGENDAS CLINICAS CENTROS SALUD PUBLICOS Y PRIVADOS/AGENDA CLINICA PORTABLE E INTEROPERAPLE/AGENDA CLI\u0301NICA INTEROPERABLE/agenda-clinica-interoperable/node_modules/next/dist/shared/lib/page-path/normalize-page-path.d.ts"
    ],
    "ultima_modificacion": "2025-08-01 01:01:45.556914"
  },
  "entrykey.d.ts": {
    "app_sintetizada": "ENTRYKEY.D.TS",
    "cantidad_archivos": 2,
    "archivos_fuente": [
      "Library/CloudStorage/Dropbox/APPS HIPERFOCO.CL/AGENDAS CLINICAS CENTROS SALUD PUBLICOS Y PRIVADOS/agenda-clinica-interoperable/node_modules/next/dist/shared/lib/turbopack/entry-key.d.ts",
      "Library/CloudStorage/Dropbox/APPS HIPERFOCO.CL/AGENDAS CLINICAS CENTROS SALUD PUBLICOS Y PRIVADOS/AGENDA CLINICA PORTABLE E INTEROPERAPLE/AGENDA CLI\u0301NICA INTEROPERABLE/agenda-clinica-interoperable/node_modules/next/dist/shared/lib/turbopack/entry-key.d.ts"
    ],
    "ultima_modificacion": "2025-08-01 01:01:45.557268"
  },
  "erroronce.d.ts": {
    "app_sintetizada": "ERRORONCE.D.TS",
    "cantidad_archivos": 2,
    "archivos_fuente": [
      "Library/CloudStorage/Dropbox/APPS HIPERFOCO.CL/AGENDAS CLINICAS CENTROS SALUD PUBLICOS Y PRIVADOS/agenda-clinica-interoperable/node_modules/next/dist/shared/lib/utils/error-once.d.ts",
      "Library/CloudStorage/Dropbox/APPS HIPERFOCO.CL/AGENDAS CLINICAS CENTROS SALUD PUBLICOS Y PRIVADOS/AGENDA CLINICA PORTABLE E INTEROPERAPLE/AGENDA CLI\u0301NICA INTEROPERABLE/agenda-clinica-interoperable/node_modules/next/dist/shared/lib/utils/error-once.d.ts"
    ],
    "ultima_modificacion": "2025-08-01 01:01:45.557598"
  },
  "reflectutils.d.ts": {
    "app_sintetizada": "REFLECTUTILS.D.TS",
    "cantidad_archivos": 2,
    "archivos_fuente": [
      "Library/CloudStorage/Dropbox/APPS HIPERFOCO.CL/AGENDAS CLINICAS CENTROS SALUD PUBLICOS Y PRIVADOS/agenda-clinica-interoperable/node_modules/next/dist/shared/lib/utils/reflect-utils.d.ts",
      "Library/CloudStorage/Dropbox/APPS HIPERFOCO.CL/AGENDAS CLINICAS CENTROS SALUD PUBLICOS Y PRIVADOS/AGENDA CLINICA PORTABLE E INTEROPERAPLE/AGENDA CLI\u0301NICA INTEROPERABLE/agenda-clinica-interoperable/node_modules/next/dist/shared/lib/utils/reflect-utils.d.ts"
    ],
    "ultima_modificacion": "2025-08-01 01:01:45.557994"
  },
  "warnonce.d.ts": {
    "app_sintetizada": "WARNONCE.D.TS",
    "cantidad_archivos": 2,
    "archivos_fuente": [
      "Library/CloudStorage/Dropbox/APPS HIPERFOCO.CL/AGENDAS CLINICAS CENTROS SALUD PUBLICOS Y PRIVADOS/agenda-clinica-interoperable/node_modules/next/dist/shared/lib/utils/warn-once.d.ts",
      "Library/CloudStorage/Dropbox/APPS HIPERFOCO.CL/AGENDAS CLINICAS CENTROS SALUD PUBLICOS Y PRIVADOS/AGENDA CLINICA PORTABLE E INTEROPERAPLE/AGENDA CLI\u0301NICA INTEROPERABLE/agenda-clinica-interoperable/node_modules/next/dist/shared/lib/utils/warn-once.d.ts"
    ],
    "ultima_modificacion": "2025-08-01 01:01:45.558352"
  },
  "preloadchunks.d.ts": {
    "app_sintetizada": "PRELOADCHUNKS.D.TS",
    "cantidad_archivos": 2,
    "archivos_fuente": [
      "Library/CloudStorage/Dropbox/APPS HIPERFOCO.CL/AGENDAS CLINICAS CENTROS SALUD PUBLICOS Y PRIVADOS/agenda-clinica-interoperable/node_modules/next/dist/shared/lib/lazy-dynamic/preload-chunks.d.ts",
      "Library/CloudStorage/Dropbox/APPS HIPERFOCO.CL/AGENDAS CLINICAS CENTROS SALUD PUBLICOS Y PRIVADOS/AGENDA CLINICA PORTABLE E INTEROPERAPLE/AGENDA CLI\u0301NICA INTEROPERABLE/agenda-clinica-interoperable/node_modules/next/dist/shared/lib/lazy-dynamic/preload-chunks.d.ts"
    ],
    "ultima_modificacion": "2025-08-01 01:01:45.558683"
  },
  "bailouttocsr.d.ts": {
    "app_sintetizada": "BAILOUTTOCSR.D.TS",
    "cantidad_archivos": 2,
    "archivos_fuente": [
      "Library/CloudStorage/Dropbox/APPS HIPERFOCO.CL/AGENDAS CLINICAS CENTROS SALUD PUBLICOS Y PRIVADOS/agenda-clinica-interoperable/node_modules/next/dist/shared/lib/lazy-dynamic/bailout-to-csr.d.ts",
      "Library/CloudStorage/Dropbox/APPS HIPERFOCO.CL/AGENDAS CLINICAS CENTROS SALUD PUBLICOS Y PRIVADOS/AGENDA CLINICA PORTABLE E INTEROPERAPLE/AGENDA CLI\u0301NICA INTEROPERABLE/agenda-clinica-interoperable/node_modules/next/dist/shared/lib/lazy-dynamic/bailout-to-csr.d.ts"
    ],
    "ultima_modificacion": "2025-08-01 01:01:45.559062"
  },
  "dynamicbailouttocsr.d.ts": {
    "app_sintetizada": "DYNAMICBAILOUTTOCSR.D.TS",
    "cantidad_archivos": 2,
    "archivos_fuente": [
      "Library/CloudStorage/Dropbox/APPS HIPERFOCO.CL/AGENDAS CLINICAS CENTROS SALUD PUBLICOS Y PRIVADOS/agenda-clinica-interoperable/node_modules/next/dist/shared/lib/lazy-dynamic/dynamic-bailout-to-csr.d.ts",
      "Library/CloudStorage/Dropbox/APPS HIPERFOCO.CL/AGENDAS CLINICAS CENTROS SALUD PUBLICOS Y PRIVADOS/AGENDA CLINICA PORTABLE E INTEROPERAPLE/AGENDA CLI\u0301NICA INTEROPERABLE/agenda-clinica-interoperable/node_modules/next/dist/shared/lib/lazy-dynamic/dynamic-bailout-to-csr.d.ts"
    ],
    "ultima_modificacion": "2025-08-01 01:01:45.559381"
  },
  "detectdomainlocale.d.ts": {
    "app_sintetizada": "DETECTDOMAINLOCALE.D.TS",
    "cantidad_archivos": 4,
    "archivos_fuente": [
      "Library/CloudStorage/Dropbox/APPS HIPERFOCO.CL/AGENDAS CLINICAS CENTROS SALUD PUBLICOS Y PRIVADOS/agenda-clinica-interoperable/node_modules/next/dist/shared/lib/i18n/detect-domain-locale.d.ts",
      "Library/CloudStorage/Dropbox/APPS HIPERFOCO.CL/AGENDAS CLINICAS CENTROS SALUD PUBLICOS Y PRIVADOS/agenda-clinica-interoperable/node_modules/next/dist/client/detect-domain-locale.d.ts",
      "Library/CloudStorage/Dropbox/APPS HIPERFOCO.CL/AGENDAS CLINICAS CENTROS SALUD PUBLICOS Y PRIVADOS/AGENDA CLINICA PORTABLE E INTEROPERAPLE/AGENDA CLI\u0301NICA INTEROPERABLE/agenda-clinica-interoperable/node_modules/next/dist/shared/lib/i18n/detect-domain-locale.d.ts",
      "Library/CloudStorage/Dropbox/APPS HIPERFOCO.CL/AGENDAS CLINICAS CENTROS SALUD PUBLICOS Y PRIVADOS/AGENDA CLINICA PORTABLE E INTEROPERAPLE/AGENDA CLI\u0301NICA INTEROPERABLE/agenda-clinica-interoperable/node_modules/next/dist/client/detect-domain-locale.d.ts"
    ],
    "ultima_modificacion": "2025-08-01 01:01:45.559716"
  },
  "getlocaleredirect.d.ts": {
    "app_sintetizada": "GETLOCALEREDIRECT.D.TS",
    "cantidad_archivos": 2,
    "archivos_fuente": [
      "Library/CloudStorage/Dropbox/APPS HIPERFOCO.CL/AGENDAS CLINICAS CENTROS SALUD PUBLICOS Y PRIVADOS/agenda-clinica-interoperable/node_modules/next/dist/shared/lib/i18n/get-locale-redirect.d.ts",
      "Library/CloudStorage/Dropbox/APPS HIPERFOCO.CL/AGENDAS CLINICAS CENTROS SALUD PUBLICOS Y PRIVADOS/AGENDA CLINICA PORTABLE E INTEROPERAPLE/AGENDA CLI\u0301NICA INTEROPERABLE/agenda-clinica-interoperable/node_modules/next/dist/shared/lib/i18n/get-locale-redirect.d.ts"
    ],
    "ultima_modificacion": "2025-08-01 01:01:45.560048"
  },
  "normalizelocalepath.d.ts": {
    "app_sintetizada": "NORMALIZELOCALEPATH.D.TS",
    "cantidad_archivos": 4,
    "archivos_fuente": [
      "Library/CloudStorage/Dropbox/APPS HIPERFOCO.CL/AGENDAS CLINICAS CENTROS SALUD PUBLICOS Y PRIVADOS/agenda-clinica-interoperable/node_modules/next/dist/shared/lib/i18n/normalize-locale-path.d.ts",
      "Library/CloudStorage/Dropbox/APPS HIPERFOCO.CL/AGENDAS CLINICAS CENTROS SALUD PUBLICOS Y PRIVADOS/agenda-clinica-interoperable/node_modules/next/dist/client/normalize-locale-path.d.ts",
      "Library/CloudStorage/Dropbox/APPS HIPERFOCO.CL/AGENDAS CLINICAS CENTROS SALUD PUBLICOS Y PRIVADOS/AGENDA CLINICA PORTABLE E INTEROPERAPLE/AGENDA CLI\u0301NICA INTEROPERABLE/agenda-clinica-interoperable/node_modules/next/dist/shared/lib/i18n/normalize-locale-path.d.ts",
      "Library/CloudStorage/Dropbox/APPS HIPERFOCO.CL/AGENDAS CLINICAS CENTROS SALUD PUBLICOS Y PRIVADOS/AGENDA CLINICA PORTABLE E INTEROPERAPLE/AGENDA CLI\u0301NICA INTEROPERABLE/agenda-clinica-interoperable/node_modules/next/dist/client/normalize-locale-path.d.ts"
    ],
    "ultima_modificacion": "2025-08-01 01:01:45.560384"
  },
  "adapters.d.ts": {
    "app_sintetizada": "ADAPTERS.D.TS",
    "cantidad_archivos": 2,
    "archivos_fuente": [
      "Library/CloudStorage/Dropbox/APPS HIPERFOCO.CL/AGENDAS CLINICAS CENTROS SALUD PUBLICOS Y PRIVADOS/agenda-clinica-interoperable/node_modules/next/dist/shared/lib/router/adapters.d.ts",
      "Library/CloudStorage/Dropbox/APPS HIPERFOCO.CL/AGENDAS CLINICAS CENTROS SALUD PUBLICOS Y PRIVADOS/AGENDA CLINICA PORTABLE E INTEROPERAPLE/AGENDA CLI\u0301NICA INTEROPERABLE/agenda-clinica-interoperable/node_modules/next/dist/shared/lib/router/adapters.d.ts"
    ],
    "ultima_modificacion": "2025-08-01 01:01:45.560738"
  },
  "routeregex.d.ts": {
    "app_sintetizada": "ROUTEREGEX.D.TS",
    "cantidad_archivos": 2,
    "archivos_fuente": [
      "Library/CloudStorage/Dropbox/APPS HIPERFOCO.CL/AGENDAS CLINICAS CENTROS SALUD PUBLICOS Y PRIVADOS/agenda-clinica-interoperable/node_modules/next/dist/shared/lib/router/utils/route-regex.d.ts",
      "Library/CloudStorage/Dropbox/APPS HIPERFOCO.CL/AGENDAS CLINICAS CENTROS SALUD PUBLICOS Y PRIVADOS/AGENDA CLINICA PORTABLE E INTEROPERAPLE/AGENDA CLI\u0301NICA INTEROPERABLE/agenda-clinica-interoperable/node_modules/next/dist/shared/lib/router/utils/route-regex.d.ts"
    ],
    "ultima_modificacion": "2025-08-01 01:01:45.561082"
  },
  "removepathprefix.d.ts": {
    "app_sintetizada": "REMOVEPATHPREFIX.D.TS",
    "cantidad_archivos": 2,
    "archivos_fuente": [
      "Library/CloudStorage/Dropbox/APPS HIPERFOCO.CL/AGENDAS CLINICAS CENTROS SALUD PUBLICOS Y PRIVADOS/agenda-clinica-interoperable/node_modules/next/dist/shared/lib/router/utils/remove-path-prefix.d.ts",
      "Library/CloudStorage/Dropbox/APPS HIPERFOCO.CL/AGENDAS CLINICAS CENTROS SALUD PUBLICOS Y PRIVADOS/AGENDA CLINICA PORTABLE E INTEROPERAPLE/AGENDA CLI\u0301NICA INTEROPERABLE/agenda-clinica-interoperable/node_modules/next/dist/shared/lib/router/utils/remove-path-prefix.d.ts"
    ],
    "ultima_modificacion": "2025-08-01 01:01:45.561413"
  },
  "pathmatch.d.ts": {
    "app_sintetizada": "PATHMATCH.D.TS",
    "cantidad_archivos": 2,
    "archivos_fuente": [
      "Library/CloudStorage/Dropbox/APPS HIPERFOCO.CL/AGENDAS CLINICAS CENTROS SALUD PUBLICOS Y PRIVADOS/agenda-clinica-interoperable/node_modules/next/dist/shared/lib/router/utils/path-match.d.ts",
      "Library/CloudStorage/Dropbox/APPS HIPERFOCO.CL/AGENDAS CLINICAS CENTROS SALUD PUBLICOS Y PRIVADOS/AGENDA CLINICA PORTABLE E INTEROPERAPLE/AGENDA CLI\u0301NICA INTEROPERABLE/agenda-clinica-interoperable/node_modules/next/dist/shared/lib/router/utils/path-match.d.ts"
    ],
    "ultima_modificacion": "2025-08-01 01:01:45.561748"
  },
  "isbot.d.ts": {
    "app_sintetizada": "ISBOT.D.TS",
    "cantidad_archivos": 2,
    "archivos_fuente": [
      "Library/CloudStorage/Dropbox/APPS HIPERFOCO.CL/AGENDAS CLINICAS CENTROS SALUD PUBLICOS Y PRIVADOS/agenda-clinica-interoperable/node_modules/next/dist/shared/lib/router/utils/is-bot.d.ts",
      "Library/CloudStorage/Dropbox/APPS HIPERFOCO.CL/AGENDAS CLINICAS CENTROS SALUD PUBLICOS Y PRIVADOS/AGENDA CLINICA PORTABLE E INTEROPERAPLE/AGENDA CLI\u0301NICA INTEROPERABLE/agenda-clinica-interoperable/node_modules/next/dist/shared/lib/router/utils/is-bot.d.ts"
    ],
    "ultima_modificacion": "2025-08-01 01:01:45.562068"
  },
  "aspathtosearchparams.d.ts": {
    "app_sintetizada": "ASPATHTOSEARCHPARAMS.D.TS",
    "cantidad_archivos": 2,
    "archivos_fuente": [
      "Library/CloudStorage/Dropbox/APPS HIPERFOCO.CL/AGENDAS CLINICAS CENTROS SALUD PUBLICOS Y PRIVADOS/agenda-clinica-interoperable/node_modules/next/dist/shared/lib/router/utils/as-path-to-search-params.d.ts",
      "Library/CloudStorage/Dropbox/APPS HIPERFOCO.CL/AGENDAS CLINICAS CENTROS SALUD PUBLICOS Y PRIVADOS/AGENDA CLINICA PORTABLE E INTEROPERAPLE/AGENDA CLI\u0301NICA INTEROPERABLE/agenda-clinica-interoperable/node_modules/next/dist/shared/lib/router/utils/as-path-to-search-params.d.ts"
    ],
    "ultima_modificacion": "2025-08-01 01:01:45.562435"
  },
  "middlewareroutematcher.d.ts": {
    "app_sintetizada": "MIDDLEWAREROUTEMATCHER.D.TS",
    "cantidad_archivos": 2,
    "archivos_fuente": [
      "Library/CloudStorage/Dropbox/APPS HIPERFOCO.CL/AGENDAS CLINICAS CENTROS SALUD PUBLICOS Y PRIVADOS/agenda-clinica-interoperable/node_modules/next/dist/shared/lib/router/utils/middleware-route-matcher.d.ts",
      "Library/CloudStorage/Dropbox/APPS HIPERFOCO.CL/AGENDAS CLINICAS CENTROS SALUD PUBLICOS Y PRIVADOS/AGENDA CLINICA PORTABLE E INTEROPERAPLE/AGENDA CLI\u0301NICA INTEROPERABLE/agenda-clinica-interoperable/node_modules/next/dist/shared/lib/router/utils/middleware-route-matcher.d.ts"
    ],
    "ultima_modificacion": "2025-08-01 01:01:45.579886"
  },
  "getassetpathfromroute.d.ts": {
    "app_sintetizada": "GETASSETPATHFROMROUTE.D.TS",
    "cantidad_archivos": 2,
    "archivos_fuente": [
      "Library/CloudStorage/Dropbox/APPS HIPERFOCO.CL/AGENDAS CLINICAS CENTROS SALUD PUBLICOS Y PRIVADOS/agenda-clinica-interoperable/node_modules/next/dist/shared/lib/router/utils/get-asset-path-from-route.d.ts",
      "Library/CloudStorage/Dropbox/APPS HIPERFOCO.CL/AGENDAS CLINICAS CENTROS SALUD PUBLICOS Y PRIVADOS/AGENDA CLINICA PORTABLE E INTEROPERAPLE/AGENDA CLI\u0301NICA INTEROPERABLE/agenda-clinica-interoperable/node_modules/next/dist/shared/lib/router/utils/get-asset-path-from-route.d.ts"
    ],
    "ultima_modificacion": "2025-08-01 01:01:45.580464"
  },
  "addpathsuffix.d.ts": {
    "app_sintetizada": "ADDPATHSUFFIX.D.TS",
    "cantidad_archivos": 2,
    "archivos_fuente": [
      "Library/CloudStorage/Dropbox/APPS HIPERFOCO.CL/AGENDAS CLINICAS CENTROS SALUD PUBLICOS Y PRIVADOS/agenda-clinica-interoperable/node_modules/next/dist/shared/lib/router/utils/add-path-suffix.d.ts",
      "Library/CloudStorage/Dropbox/APPS HIPERFOCO.CL/AGENDAS CLINICAS CENTROS SALUD PUBLICOS Y PRIVADOS/AGENDA CLINICA PORTABLE E INTEROPERAPLE/AGENDA CLI\u0301NICA INTEROPERABLE/agenda-clinica-interoperable/node_modules/next/dist/shared/lib/router/utils/add-path-suffix.d.ts"
    ],
    "ultima_modificacion": "2025-08-01 01:01:45.581006"
  },
  "pathhasprefix.d.ts": {
    "app_sintetizada": "PATHHASPREFIX.D.TS",
    "cantidad_archivos": 2,
    "archivos_fuente": [
      "Library/CloudStorage/Dropbox/APPS HIPERFOCO.CL/AGENDAS CLINICAS CENTROS SALUD PUBLICOS Y PRIVADOS/agenda-clinica-interoperable/node_modules/next/dist/shared/lib/router/utils/path-has-prefix.d.ts",
      "Library/CloudStorage/Dropbox/APPS HIPERFOCO.CL/AGENDAS CLINICAS CENTROS SALUD PUBLICOS Y PRIVADOS/AGENDA CLINICA PORTABLE E INTEROPERAPLE/AGENDA CLI\u0301NICA INTEROPERABLE/agenda-clinica-interoperable/node_modules/next/dist/shared/lib/router/utils/path-has-prefix.d.ts"
    ],
    "ultima_modificacion": "2025-08-01 01:01:45.581346"
  },
  "islocalurl.d.ts": {
    "app_sintetizada": "ISLOCALURL.D.TS",
    "cantidad_archivos": 2,
    "archivos_fuente": [
      "Library/CloudStorage/Dropbox/APPS HIPERFOCO.CL/AGENDAS CLINICAS CENTROS SALUD PUBLICOS Y PRIVADOS/agenda-clinica-interoperable/node_modules/next/dist/shared/lib/router/utils/is-local-url.d.ts",
      "Library/CloudStorage/Dropbox/APPS HIPERFOCO.CL/AGENDAS CLINICAS CENTROS SALUD PUBLICOS Y PRIVADOS/AGENDA CLINICA PORTABLE E INTEROPERAPLE/AGENDA CLI\u0301NICA INTEROPERABLE/agenda-clinica-interoperable/node_modules/next/dist/shared/lib/router/utils/is-local-url.d.ts"
    ],
    "ultima_modificacion": "2025-08-01 01:01:45.581798"
  },
  "interceptionroutes.d.ts": {
    "app_sintetizada": "INTERCEPTIONROUTES.D.TS",
    "cantidad_archivos": 2,
    "archivos_fuente": [
      "Library/CloudStorage/Dropbox/APPS HIPERFOCO.CL/AGENDAS CLINICAS CENTROS SALUD PUBLICOS Y PRIVADOS/agenda-clinica-interoperable/node_modules/next/dist/shared/lib/router/utils/interception-routes.d.ts",
      "Library/CloudStorage/Dropbox/APPS HIPERFOCO.CL/AGENDAS CLINICAS CENTROS SALUD PUBLICOS Y PRIVADOS/AGENDA CLINICA PORTABLE E INTEROPERAPLE/AGENDA CLI\u0301NICA INTEROPERABLE/agenda-clinica-interoperable/node_modules/next/dist/shared/lib/router/utils/interception-routes.d.ts"
    ],
    "ultima_modificacion": "2025-08-01 01:01:45.582199"
  },
  "getroutefromassetpath.d.ts": {
    "app_sintetizada": "GETROUTEFROMASSETPATH.D.TS",
    "cantidad_archivos": 2,
    "archivos_fuente": [
      "Library/CloudStorage/Dropbox/APPS HIPERFOCO.CL/AGENDAS CLINICAS CENTROS SALUD PUBLICOS Y PRIVADOS/agenda-clinica-interoperable/node_modules/next/dist/shared/lib/router/utils/get-route-from-asset-path.d.ts",
      "Library/CloudStorage/Dropbox/APPS HIPERFOCO.CL/AGENDAS CLINICAS CENTROS SALUD PUBLICOS Y PRIVADOS/AGENDA CLINICA PORTABLE E INTEROPERAPLE/AGENDA CLI\u0301NICA INTEROPERABLE/agenda-clinica-interoperable/node_modules/next/dist/shared/lib/router/utils/get-route-from-asset-path.d.ts"
    ],
    "ultima_modificacion": "2025-08-01 01:01:45.582581"
  },
  "comparestates.d.ts": {
    "app_sintetizada": "COMPARESTATES.D.TS",
    "cantidad_archivos": 2,
    "archivos_fuente": [
      "Library/CloudStorage/Dropbox/APPS HIPERFOCO.CL/AGENDAS CLINICAS CENTROS SALUD PUBLICOS Y PRIVADOS/agenda-clinica-interoperable/node_modules/next/dist/shared/lib/router/utils/compare-states.d.ts",
      "Library/CloudStorage/Dropbox/APPS HIPERFOCO.CL/AGENDAS CLINICAS CENTROS SALUD PUBLICOS Y PRIVADOS/AGENDA CLINICA PORTABLE E INTEROPERAPLE/AGENDA CLI\u0301NICA INTEROPERABLE/agenda-clinica-interoperable/node_modules/next/dist/shared/lib/router/utils/compare-states.d.ts"
    ],
    "ultima_modificacion": "2025-08-01 01:01:45.582931"
  },
  "handlesmoothscroll.d.ts": {
    "app_sintetizada": "HANDLESMOOTHSCROLL.D.TS",
    "cantidad_archivos": 2,
    "archivos_fuente": [
      "Library/CloudStorage/Dropbox/APPS HIPERFOCO.CL/AGENDAS CLINICAS CENTROS SALUD PUBLICOS Y PRIVADOS/agenda-clinica-interoperable/node_modules/next/dist/shared/lib/router/utils/handle-smooth-scroll.d.ts",
      "Library/CloudStorage/Dropbox/APPS HIPERFOCO.CL/AGENDAS CLINICAS CENTROS SALUD PUBLICOS Y PRIVADOS/AGENDA CLINICA PORTABLE E INTEROPERAPLE/AGENDA CLI\u0301NICA INTEROPERABLE/agenda-clinica-interoperable/node_modules/next/dist/shared/lib/router/utils/handle-smooth-scroll.d.ts"
    ],
    "ultima_modificacion": "2025-08-01 01:01:45.583280"
  },
  "interpolateas.d.ts": {
    "app_sintetizada": "INTERPOLATEAS.D.TS",
    "cantidad_archivos": 2,
    "archivos_fuente": [
      "Library/CloudStorage/Dropbox/APPS HIPERFOCO.CL/AGENDAS CLINICAS CENTROS SALUD PUBLICOS Y PRIVADOS/agenda-clinica-interoperable/node_modules/next/dist/shared/lib/router/utils/interpolate-as.d.ts",
      "Library/CloudStorage/Dropbox/APPS HIPERFOCO.CL/AGENDAS CLINICAS CENTROS SALUD PUBLICOS Y PRIVADOS/AGENDA CLINICA PORTABLE E INTEROPERAPLE/AGENDA CLI\u0301NICA INTEROPERABLE/agenda-clinica-interoperable/node_modules/next/dist/shared/lib/router/utils/interpolate-as.d.ts"
    ],
    "ultima_modificacion": "2025-08-01 01:01:45.583714"
  },
  "formaturl.d.ts": {
    "app_sintetizada": "FORMATURL.D.TS",
    "cantidad_archivos": 2,
    "archivos_fuente": [
      "Library/CloudStorage/Dropbox/APPS HIPERFOCO.CL/AGENDAS CLINICAS CENTROS SALUD PUBLICOS Y PRIVADOS/agenda-clinica-interoperable/node_modules/next/dist/shared/lib/router/utils/format-url.d.ts",
      "Library/CloudStorage/Dropbox/APPS HIPERFOCO.CL/AGENDAS CLINICAS CENTROS SALUD PUBLICOS Y PRIVADOS/AGENDA CLINICA PORTABLE E INTEROPERAPLE/AGENDA CLI\u0301NICA INTEROPERABLE/agenda-clinica-interoperable/node_modules/next/dist/shared/lib/router/utils/format-url.d.ts"
    ],
    "ultima_modificacion": "2025-08-01 01:01:45.584141"
  },
  "addpathprefix.d.ts": {
    "app_sintetizada": "ADDPATHPREFIX.D.TS",
    "cantidad_archivos": 2,
    "archivos_fuente": [
      "Library/CloudStorage/Dropbox/APPS HIPERFOCO.CL/AGENDAS CLINICAS CENTROS SALUD PUBLICOS Y PRIVADOS/agenda-clinica-interoperable/node_modules/next/dist/shared/lib/router/utils/add-path-prefix.d.ts",
      "Library/CloudStorage/Dropbox/APPS HIPERFOCO.CL/AGENDAS CLINICAS CENTROS SALUD PUBLICOS Y PRIVADOS/AGENDA CLINICA PORTABLE E INTEROPERAPLE/AGENDA CLI\u0301NICA INTEROPERABLE/agenda-clinica-interoperable/node_modules/next/dist/shared/lib/router/utils/add-path-prefix.d.ts"
    ],
    "ultima_modificacion": "2025-08-01 01:01:45.584522"
  },
  "isdynamic.d.ts": {
    "app_sintetizada": "ISDYNAMIC.D.TS",
    "cantidad_archivos": 2,
    "archivos_fuente": [
      "Library/CloudStorage/Dropbox/APPS HIPERFOCO.CL/AGENDAS CLINICAS CENTROS SALUD PUBLICOS Y PRIVADOS/agenda-clinica-interoperable/node_modules/next/dist/shared/lib/router/utils/is-dynamic.d.ts",
      "Library/CloudStorage/Dropbox/APPS HIPERFOCO.CL/AGENDAS CLINICAS CENTROS SALUD PUBLICOS Y PRIVADOS/AGENDA CLINICA PORTABLE E INTEROPERAPLE/AGENDA CLI\u0301NICA INTEROPERABLE/agenda-clinica-interoperable/node_modules/next/dist/shared/lib/router/utils/is-dynamic.d.ts"
    ],
    "ultima_modificacion": "2025-08-01 01:01:45.584847"
  },
  "formatnextpathnameinfo.d.ts": {
    "app_sintetizada": "FORMATNEXTPATHNAMEINFO.D.TS",
    "cantidad_archivos": 2,
    "archivos_fuente": [
      "Library/CloudStorage/Dropbox/APPS HIPERFOCO.CL/AGENDAS CLINICAS CENTROS SALUD PUBLICOS Y PRIVADOS/agenda-clinica-interoperable/node_modules/next/dist/shared/lib/router/utils/format-next-pathname-info.d.ts",
      "Library/CloudStorage/Dropbox/APPS HIPERFOCO.CL/AGENDAS CLINICAS CENTROS SALUD PUBLICOS Y PRIVADOS/AGENDA CLINICA PORTABLE E INTEROPERAPLE/AGENDA CLI\u0301NICA INTEROPERABLE/agenda-clinica-interoperable/node_modules/next/dist/shared/lib/router/utils/format-next-pathname-info.d.ts"
    ],
    "ultima_modificacion": "2025-08-01 01:01:45.585115"
  },
  "preparedestination.d.ts": {
    "app_sintetizada": "PREPAREDESTINATION.D.TS",
    "cantidad_archivos": 2,
    "archivos_fuente": [
      "Library/CloudStorage/Dropbox/APPS HIPERFOCO.CL/AGENDAS CLINICAS CENTROS SALUD PUBLICOS Y PRIVADOS/agenda-clinica-interoperable/node_modules/next/dist/shared/lib/router/utils/prepare-destination.d.ts",
      "Library/CloudStorage/Dropbox/APPS HIPERFOCO.CL/AGENDAS CLINICAS CENTROS SALUD PUBLICOS Y PRIVADOS/AGENDA CLINICA PORTABLE E INTEROPERAPLE/AGENDA CLI\u0301NICA INTEROPERABLE/agenda-clinica-interoperable/node_modules/next/dist/shared/lib/router/utils/prepare-destination.d.ts"
    ],
    "ultima_modificacion": "2025-08-01 01:01:45.585502"
  },
  "relativizeurl.d.ts": {
    "app_sintetizada": "RELATIVIZEURL.D.TS",
    "cantidad_archivos": 2,
    "archivos_fuente": [
      "Library/CloudStorage/Dropbox/APPS HIPERFOCO.CL/AGENDAS CLINICAS CENTROS SALUD PUBLICOS Y PRIVADOS/agenda-clinica-interoperable/node_modules/next/dist/shared/lib/router/utils/relativize-url.d.ts",
      "Library/CloudStorage/Dropbox/APPS HIPERFOCO.CL/AGENDAS CLINICAS CENTROS SALUD PUBLICOS Y PRIVADOS/AGENDA CLINICA PORTABLE E INTEROPERAPLE/AGENDA CLI\u0301NICA INTEROPERABLE/agenda-clinica-interoperable/node_modules/next/dist/shared/lib/router/utils/relativize-url.d.ts"
    ],
    "ultima_modificacion": "2025-08-01 01:01:45.585855"
  },
  "addlocale.d.ts": {
    "app_sintetizada": "ADDLOCALE.D.TS",
    "cantidad_archivos": 4,
    "archivos_fuente": [
      "Library/CloudStorage/Dropbox/APPS HIPERFOCO.CL/AGENDAS CLINICAS CENTROS SALUD PUBLICOS Y PRIVADOS/agenda-clinica-interoperable/node_modules/next/dist/shared/lib/router/utils/add-locale.d.ts",
      "Library/CloudStorage/Dropbox/APPS HIPERFOCO.CL/AGENDAS CLINICAS CENTROS SALUD PUBLICOS Y PRIVADOS/agenda-clinica-interoperable/node_modules/next/dist/client/add-locale.d.ts",
      "Library/CloudStorage/Dropbox/APPS HIPERFOCO.CL/AGENDAS CLINICAS CENTROS SALUD PUBLICOS Y PRIVADOS/AGENDA CLINICA PORTABLE E INTEROPERAPLE/AGENDA CLI\u0301NICA INTEROPERABLE/agenda-clinica-interoperable/node_modules/next/dist/shared/lib/router/utils/add-locale.d.ts",
      "Library/CloudStorage/Dropbox/APPS HIPERFOCO.CL/AGENDAS CLINICAS CENTROS SALUD PUBLICOS Y PRIVADOS/AGENDA CLINICA PORTABLE E INTEROPERAPLE/AGENDA CLI\u0301NICA INTEROPERABLE/agenda-clinica-interoperable/node_modules/next/dist/client/add-locale.d.ts"
    ],
    "ultima_modificacion": "2025-08-01 01:01:45.586500"
  },
  "parsepath.d.ts": {
    "app_sintetizada": "PARSEPATH.D.TS",
    "cantidad_archivos": 2,
    "archivos_fuente": [
      "Library/CloudStorage/Dropbox/APPS HIPERFOCO.CL/AGENDAS CLINICAS CENTROS SALUD PUBLICOS Y PRIVADOS/agenda-clinica-interoperable/node_modules/next/dist/shared/lib/router/utils/parse-path.d.ts",
      "Library/CloudStorage/Dropbox/APPS HIPERFOCO.CL/AGENDAS CLINICAS CENTROS SALUD PUBLICOS Y PRIVADOS/AGENDA CLINICA PORTABLE E INTEROPERAPLE/AGENDA CLI\u0301NICA INTEROPERABLE/agenda-clinica-interoperable/node_modules/next/dist/shared/lib/router/utils/parse-path.d.ts"
    ],
    "ultima_modificacion": "2025-08-01 01:01:45.586886"
  },
  "parserelativeurl.d.ts": {
    "app_sintetizada": "PARSERELATIVEURL.D.TS",
    "cantidad_archivos": 2,
    "archivos_fuente": [
      "Library/CloudStorage/Dropbox/APPS HIPERFOCO.CL/AGENDAS CLINICAS CENTROS SALUD PUBLICOS Y PRIVADOS/agenda-clinica-interoperable/node_modules/next/dist/shared/lib/router/utils/parse-relative-url.d.ts",
      "Library/CloudStorage/Dropbox/APPS HIPERFOCO.CL/AGENDAS CLINICAS CENTROS SALUD PUBLICOS Y PRIVADOS/AGENDA CLINICA PORTABLE E INTEROPERAPLE/AGENDA CLI\u0301NICA INTEROPERABLE/agenda-clinica-interoperable/node_modules/next/dist/shared/lib/router/utils/parse-relative-url.d.ts"
    ],
    "ultima_modificacion": "2025-08-01 01:01:45.587300"
  },
  "resolverewrites.d.ts": {
    "app_sintetizada": "RESOLVEREWRITES.D.TS",
    "cantidad_archivos": 2,
    "archivos_fuente": [
      "Library/CloudStorage/Dropbox/APPS HIPERFOCO.CL/AGENDAS CLINICAS CENTROS SALUD PUBLICOS Y PRIVADOS/agenda-clinica-interoperable/node_modules/next/dist/shared/lib/router/utils/resolve-rewrites.d.ts",
      "Library/CloudStorage/Dropbox/APPS HIPERFOCO.CL/AGENDAS CLINICAS CENTROS SALUD PUBLICOS Y PRIVADOS/AGENDA CLINICA PORTABLE E INTEROPERAPLE/AGENDA CLI\u0301NICA INTEROPERABLE/agenda-clinica-interoperable/node_modules/next/dist/shared/lib/router/utils/resolve-rewrites.d.ts"
    ],
    "ultima_modificacion": "2025-08-01 01:01:45.587683"
  },
  "getnextpathnameinfo.d.ts": {
    "app_sintetizada": "GETNEXTPATHNAMEINFO.D.TS",
    "cantidad_archivos": 2,
    "archivos_fuente": [
      "Library/CloudStorage/Dropbox/APPS HIPERFOCO.CL/AGENDAS CLINICAS CENTROS SALUD PUBLICOS Y PRIVADOS/agenda-clinica-interoperable/node_modules/next/dist/shared/lib/router/utils/get-next-pathname-info.d.ts",
      "Library/CloudStorage/Dropbox/APPS HIPERFOCO.CL/AGENDAS CLINICAS CENTROS SALUD PUBLICOS Y PRIVADOS/AGENDA CLINICA PORTABLE E INTEROPERAPLE/AGENDA CLI\u0301NICA INTEROPERABLE/agenda-clinica-interoperable/node_modules/next/dist/shared/lib/router/utils/get-next-pathname-info.d.ts"
    ],
    "ultima_modificacion": "2025-08-01 01:01:45.588047"
  },
  "parseurl.d.ts": {
    "app_sintetizada": "PARSEURL.D.TS",
    "cantidad_archivos": 2,
    "archivos_fuente": [
      "Library/CloudStorage/Dropbox/APPS HIPERFOCO.CL/AGENDAS CLINICAS CENTROS SALUD PUBLICOS Y PRIVADOS/agenda-clinica-interoperable/node_modules/next/dist/shared/lib/router/utils/parse-url.d.ts",
      "Library/CloudStorage/Dropbox/APPS HIPERFOCO.CL/AGENDAS CLINICAS CENTROS SALUD PUBLICOS Y PRIVADOS/AGENDA CLINICA PORTABLE E INTEROPERAPLE/AGENDA CLI\u0301NICA INTEROPERABLE/agenda-clinica-interoperable/node_modules/next/dist/shared/lib/router/utils/parse-url.d.ts"
    ],
    "ultima_modificacion": "2025-08-01 01:01:45.588425"
  },
  "omit.d.ts": {
    "app_sintetizada": "OMIT.D.TS",
    "cantidad_archivos": 2,
    "archivos_fuente": [
      "Library/CloudStorage/Dropbox/APPS HIPERFOCO.CL/AGENDAS CLINICAS CENTROS SALUD PUBLICOS Y PRIVADOS/agenda-clinica-interoperable/node_modules/next/dist/shared/lib/router/utils/omit.d.ts",
      "Library/CloudStorage/Dropbox/APPS HIPERFOCO.CL/AGENDAS CLINICAS CENTROS SALUD PUBLICOS Y PRIVADOS/AGENDA CLINICA PORTABLE E INTEROPERAPLE/AGENDA CLI\u0301NICA INTEROPERABLE/agenda-clinica-interoperable/node_modules/next/dist/shared/lib/router/utils/omit.d.ts"
    ],
    "ultima_modificacion": "2025-08-01 01:01:45.588801"
  },
  "sortedroutes.d.ts": {
    "app_sintetizada": "SORTEDROUTES.D.TS",
    "cantidad_archivos": 2,
    "archivos_fuente": [
      "Library/CloudStorage/Dropbox/APPS HIPERFOCO.CL/AGENDAS CLINICAS CENTROS SALUD PUBLICOS Y PRIVADOS/agenda-clinica-interoperable/node_modules/next/dist/shared/lib/router/utils/sorted-routes.d.ts",
      "Library/CloudStorage/Dropbox/APPS HIPERFOCO.CL/AGENDAS CLINICAS CENTROS SALUD PUBLICOS Y PRIVADOS/AGENDA CLINICA PORTABLE E INTEROPERAPLE/AGENDA CLI\u0301NICA INTEROPERABLE/agenda-clinica-interoperable/node_modules/next/dist/shared/lib/router/utils/sorted-routes.d.ts"
    ],
    "ultima_modificacion": "2025-08-01 01:01:45.589171"
  },
  "escapepathdelimiters.d.ts": {
    "app_sintetizada": "ESCAPEPATHDELIMITERS.D.TS",
    "cantidad_archivos": 2,
    "archivos_fuente": [
      "Library/CloudStorage/Dropbox/APPS HIPERFOCO.CL/AGENDAS CLINICAS CENTROS SALUD PUBLICOS Y PRIVADOS/agenda-clinica-interoperable/node_modules/next/dist/shared/lib/router/utils/escape-path-delimiters.d.ts",
      "Library/CloudStorage/Dropbox/APPS HIPERFOCO.CL/AGENDAS CLINICAS CENTROS SALUD PUBLICOS Y PRIVADOS/AGENDA CLINICA PORTABLE E INTEROPERAPLE/AGENDA CLI\u0301NICA INTEROPERABLE/agenda-clinica-interoperable/node_modules/next/dist/shared/lib/router/utils/escape-path-delimiters.d.ts"
    ],
    "ultima_modificacion": "2025-08-01 01:01:45.589525"
  },
  "htmlbots.d.ts": {
    "app_sintetizada": "HTMLBOTS.D.TS",
    "cantidad_archivos": 2,
    "archivos_fuente": [
      "Library/CloudStorage/Dropbox/APPS HIPERFOCO.CL/AGENDAS CLINICAS CENTROS SALUD PUBLICOS Y PRIVADOS/agenda-clinica-interoperable/node_modules/next/dist/shared/lib/router/utils/html-bots.d.ts",
      "Library/CloudStorage/Dropbox/APPS HIPERFOCO.CL/AGENDAS CLINICAS CENTROS SALUD PUBLICOS Y PRIVADOS/AGENDA CLINICA PORTABLE E INTEROPERAPLE/AGENDA CLI\u0301NICA INTEROPERABLE/agenda-clinica-interoperable/node_modules/next/dist/shared/lib/router/utils/html-bots.d.ts"
    ],
    "ultima_modificacion": "2025-08-01 01:01:45.589892"
  },
  "apppaths.d.ts": {
    "app_sintetizada": "APPPATHS.D.TS",
    "cantidad_archivos": 2,
    "archivos_fuente": [
      "Library/CloudStorage/Dropbox/APPS HIPERFOCO.CL/AGENDAS CLINICAS CENTROS SALUD PUBLICOS Y PRIVADOS/agenda-clinica-interoperable/node_modules/next/dist/shared/lib/router/utils/app-paths.d.ts",
      "Library/CloudStorage/Dropbox/APPS HIPERFOCO.CL/AGENDAS CLINICAS CENTROS SALUD PUBLICOS Y PRIVADOS/AGENDA CLINICA PORTABLE E INTEROPERAPLE/AGENDA CLI\u0301NICA INTEROPERABLE/agenda-clinica-interoperable/node_modules/next/dist/shared/lib/router/utils/app-paths.d.ts"
    ],
    "ultima_modificacion": "2025-08-01 01:01:45.590337"
  },
  "removetrailingslash.d.ts": {
    "app_sintetizada": "REMOVETRAILINGSLASH.D.TS",
    "cantidad_archivos": 2,
    "archivos_fuente": [
      "Library/CloudStorage/Dropbox/APPS HIPERFOCO.CL/AGENDAS CLINICAS CENTROS SALUD PUBLICOS Y PRIVADOS/agenda-clinica-interoperable/node_modules/next/dist/shared/lib/router/utils/remove-trailing-slash.d.ts",
      "Library/CloudStorage/Dropbox/APPS HIPERFOCO.CL/AGENDAS CLINICAS CENTROS SALUD PUBLICOS Y PRIVADOS/AGENDA CLINICA PORTABLE E INTEROPERAPLE/AGENDA CLI\u0301NICA INTEROPERABLE/agenda-clinica-interoperable/node_modules/next/dist/shared/lib/router/utils/remove-trailing-slash.d.ts"
    ],
    "ultima_modificacion": "2025-08-01 01:01:45.590706"
  },
  "nextexport.d.ts": {
    "app_sintetizada": "NEXTEXPORT.D.TS",
    "cantidad_archivos": 2,
    "archivos_fuente": [
      "Library/CloudStorage/Dropbox/APPS HIPERFOCO.CL/AGENDAS CLINICAS CENTROS SALUD PUBLICOS Y PRIVADOS/agenda-clinica-interoperable/node_modules/next/dist/cli/next-export.d.ts",
      "Library/CloudStorage/Dropbox/APPS HIPERFOCO.CL/AGENDAS CLINICAS CENTROS SALUD PUBLICOS Y PRIVADOS/AGENDA CLINICA PORTABLE E INTEROPERAPLE/AGENDA CLI\u0301NICA INTEROPERABLE/agenda-clinica-interoperable/node_modules/next/dist/cli/next-export.d.ts"
    ],
    "ultima_modificacion": "2025-08-01 01:01:45.591109"
  },
  "nextlint.d.ts": {
    "app_sintetizada": "NEXTLINT.D.TS",
    "cantidad_archivos": 2,
    "archivos_fuente": [
      "Library/CloudStorage/Dropbox/APPS HIPERFOCO.CL/AGENDAS CLINICAS CENTROS SALUD PUBLICOS Y PRIVADOS/agenda-clinica-interoperable/node_modules/next/dist/cli/next-lint.d.ts",
      "Library/CloudStorage/Dropbox/APPS HIPERFOCO.CL/AGENDAS CLINICAS CENTROS SALUD PUBLICOS Y PRIVADOS/AGENDA CLINICA PORTABLE E INTEROPERAPLE/AGENDA CLI\u0301NICA INTEROPERABLE/agenda-clinica-interoperable/node_modules/next/dist/cli/next-lint.d.ts"
    ],
    "ultima_modificacion": "2025-08-01 01:01:45.591467"
  },
  "nexttest.js.map": {
    "app_sintetizada": "NEXTTEST.JS.MAP",
    "cantidad_archivos": 2,
    "archivos_fuente": [
      "Library/CloudStorage/Dropbox/APPS HIPERFOCO.CL/AGENDAS CLINICAS CENTROS SALUD PUBLICOS Y PRIVADOS/agenda-clinica-interoperable/node_modules/next/dist/cli/next-test.js.map",
      "Library/CloudStorage/Dropbox/APPS HIPERFOCO.CL/AGENDAS CLINICAS CENTROS SALUD PUBLICOS Y PRIVADOS/AGENDA CLINICA PORTABLE E INTEROPERAPLE/AGENDA CLI\u0301NICA INTEROPERABLE/agenda-clinica-interoperable/node_modules/next/dist/cli/next-test.js.map"
    ],
    "ultima_modificacion": "2025-08-01 01:01:45.592965"
  },
  "nexttelemetry.js.map": {
    "app_sintetizada": "NEXTTELEMETRY.JS.MAP",
    "cantidad_archivos": 2,
    "archivos_fuente": [
      "Library/CloudStorage/Dropbox/APPS HIPERFOCO.CL/AGENDAS CLINICAS CENTROS SALUD PUBLICOS Y PRIVADOS/agenda-clinica-interoperable/node_modules/next/dist/cli/next-telemetry.js.map",
      "Library/CloudStorage/Dropbox/APPS HIPERFOCO.CL/AGENDAS CLINICAS CENTROS SALUD PUBLICOS Y PRIVADOS/AGENDA CLINICA PORTABLE E INTEROPERAPLE/AGENDA CLI\u0301NICA INTEROPERABLE/agenda-clinica-interoperable/node_modules/next/dist/cli/next-telemetry.js.map"
    ],
    "ultima_modificacion": "2025-08-01 01:01:45.593345"
  },
  "nextinfo.d.ts": {
    "app_sintetizada": "NEXTINFO.D.TS",
    "cantidad_archivos": 2,
    "archivos_fuente": [
      "Library/CloudStorage/Dropbox/APPS HIPERFOCO.CL/AGENDAS CLINICAS CENTROS SALUD PUBLICOS Y PRIVADOS/agenda-clinica-interoperable/node_modules/next/dist/cli/next-info.d.ts",
      "Library/CloudStorage/Dropbox/APPS HIPERFOCO.CL/AGENDAS CLINICAS CENTROS SALUD PUBLICOS Y PRIVADOS/AGENDA CLINICA PORTABLE E INTEROPERAPLE/AGENDA CLI\u0301NICA INTEROPERABLE/agenda-clinica-interoperable/node_modules/next/dist/cli/next-info.d.ts"
    ],
    "ultima_modificacion": "2025-08-01 01:01:45.595209"
  },
  "nextstart.js": {
    "app_sintetizada": "NEXTSTART.JS",
    "cantidad_archivos": 5,
    "archivos_fuente": [
      "Library/CloudStorage/Dropbox/APPS HIPERFOCO.CL/AGENDAS CLINICAS CENTROS SALUD PUBLICOS Y PRIVADOS/agenda-clinica-interoperable/node_modules/next/dist/cli/next-start.js",
      "Library/CloudStorage/Dropbox/APPS HIPERFOCO.CL/AGENDAS CLINICAS CENTROS SALUD PUBLICOS Y PRIVADOS/AGENDA CLINICA PORTABLE E INTEROPERAPLE/AGENDA CLI\u0301NICA INTEROPERABLE/agenda-clinica-interoperable/node_modules/next/dist/cli/next-start.js",
      "Library/CloudStorage/Dropbox/MENTALIA_BUTTON_INSTALLER_KIT_SIGNABLE/MENTALIA_LOCAL_DEPLOY/mentalia_memory_core/next-start.js",
      "Library/CloudStorage/Dropbox/RSII/MENTALIA/MENTALIA_FULL_ACCESS_ENGINE_FINAL/mentalia_memory_core/next-start.js",
      "Library/CloudStorage/Dropbox/RSII FINAL/mentalia_memory_core/next-start.js"
    ],
    "ultima_modificacion": "2025-08-01 01:01:45.595583"
  }
}