{
  "4b89e1e155d93f050": {
    "app_sintetizada": "4B89E1E155D93F050",
    "cantidad_archivos": 1,
    "archivos_fuente": [
      "Library/Caches/Google/Chrome/Default/Cache/Cache_Data/4b89e1e155d93f05_0"
    ],
    "ultima_modificacion": "2025-08-01 01:02:01.812001"
  },
  "97f58683ba236d1b0": {
    "app_sintetizada": "97F58683BA236D1B0",
    "cantidad_archivos": 1,
    "archivos_fuente": [
      "Library/Caches/Google/Chrome/Default/Cache/Cache_Data/97f58683ba236d1b_0"
    ],
    "ultima_modificacion": "2025-08-01 01:02:01.812227"
  },
  "46a2354c14756b200": {
    "app_sintetizada": "46A2354C14756B200",
    "cantidad_archivos": 1,
    "archivos_fuente": [
      "Library/Caches/Google/Chrome/Default/Cache/Cache_Data/46a2354c14756b20_0"
    ],
    "ultima_modificacion": "2025-08-01 01:02:01.812470"
  },
  "3649da7e6504a1650": {
    "app_sintetizada": "3649DA7E6504A1650",
    "cantidad_archivos": 1,
    "archivos_fuente": [
      "Library/Caches/Google/Chrome/Default/Cache/Cache_Data/3649da7e6504a165_0"
    ],
    "ultima_modificacion": "2025-08-01 01:02:01.812805"
  },
  "571f3705eb0a219d0": {
    "app_sintetizada": "571F3705EB0A219D0",
    "cantidad_archivos": 1,
    "archivos_fuente": [
      "Library/Caches/Google/Chrome/Default/Cache/Cache_Data/571f3705eb0a219d_0"
    ],
    "ultima_modificacion": "2025-08-01 01:02:01.813181"
  },
  "8efb84061d14f1eb0": {
    "app_sintetizada": "8EFB84061D14F1EB0",
    "cantidad_archivos": 1,
    "archivos_fuente": [
      "Library/Caches/Google/Chrome/Default/Cache/Cache_Data/8efb84061d14f1eb_0"
    ],
    "ultima_modificacion": "2025-08-01 01:02:01.813541"
  },
  "47bdc520f7419c2e0": {
    "app_sintetizada": "47BDC520F7419C2E0",
    "cantidad_archivos": 1,
    "archivos_fuente": [
      "Library/Caches/Google/Chrome/Default/Cache/Cache_Data/47bdc520f7419c2e_0"
    ],
    "ultima_modificacion": "2025-08-01 01:02:01.813893"
  },
  "974d6ae2c96bf3a70": {
    "app_sintetizada": "974D6AE2C96BF3A70",
    "cantidad_archivos": 1,
    "archivos_fuente": [
      "Library/Caches/Google/Chrome/Default/Cache/Cache_Data/974d6ae2c96bf3a7_0"
    ],
    "ultima_modificacion": "2025-08-01 01:02:01.814229"
  },
  "6a9f962bfa66a3290": {
    "app_sintetizada": "6A9F962BFA66A3290",
    "cantidad_archivos": 1,
    "archivos_fuente": [
      "Library/Caches/Google/Chrome/Default/Cache/Cache_Data/6a9f962bfa66a329_0"
    ],
    "ultima_modificacion": "2025-08-01 01:02:01.814514"
  },
  "201468318d91f90f0": {
    "app_sintetizada": "201468318D91F90F0",
    "cantidad_archivos": 1,
    "archivos_fuente": [
      "Library/Caches/Google/Chrome/Default/Cache/Cache_Data/201468318d91f90f_0"
    ],
    "ultima_modificacion": "2025-08-01 01:02:01.814791"
  },
  "75cde3b3f50808670": {
    "app_sintetizada": "75CDE3B3F50808670",
    "cantidad_archivos": 1,
    "archivos_fuente": [
      "Library/Caches/Google/Chrome/Default/Cache/Cache_Data/75cde3b3f5080867_0"
    ],
    "ultima_modificacion": "2025-08-01 01:02:01.815080"
  },
  "bacc1ef26c27ae450": {
    "app_sintetizada": "BACC1EF26C27AE450",
    "cantidad_archivos": 1,
    "archivos_fuente": [
      "Library/Caches/Google/Chrome/Default/Cache/Cache_Data/bacc1ef26c27ae45_0"
    ],
    "ultima_modificacion": "2025-08-01 01:02:01.815463"
  },
  "1ba810b4d327cd010": {
    "app_sintetizada": "1BA810B4D327CD010",
    "cantidad_archivos": 1,
    "archivos_fuente": [
      "Library/Caches/Google/Chrome/Default/Cache/Cache_Data/1ba810b4d327cd01_0"
    ],
    "ultima_modificacion": "2025-08-01 01:02:01.815732"
  },
  "a518e283688f4bae0": {
    "app_sintetizada": "A518E283688F4BAE0",
    "cantidad_archivos": 1,
    "archivos_fuente": [
      "Library/Caches/Google/Chrome/Default/Cache/Cache_Data/a518e283688f4bae_0"
    ],
    "ultima_modificacion": "2025-08-01 01:02:01.816057"
  },
  "d743c08c2db036f90": {
    "app_sintetizada": "D743C08C2DB036F90",
    "cantidad_archivos": 1,
    "archivos_fuente": [
      "Library/Caches/Google/Chrome/Default/Cache/Cache_Data/d743c08c2db036f9_0"
    ],
    "ultima_modificacion": "2025-08-01 01:02:01.816328"
  },
  "5ac3da953b874a180": {
    "app_sintetizada": "5AC3DA953B874A180",
    "cantidad_archivos": 1,
    "archivos_fuente": [
      "Library/Caches/Google/Chrome/Default/Cache/Cache_Data/5ac3da953b874a18_0"
    ],
    "ultima_modificacion": "2025-08-01 01:02:01.816607"
  },
  "6bbc406eebb1ad0d0": {
    "app_sintetizada": "6BBC406EEBB1AD0D0",
    "cantidad_archivos": 1,
    "archivos_fuente": [
      "Library/Caches/Google/Chrome/Default/Cache/Cache_Data/6bbc406eebb1ad0d_0"
    ],
    "ultima_modificacion": "2025-08-01 01:02:01.816931"
  },
  "72b8dab9996123480": {
    "app_sintetizada": "72B8DAB9996123480",
    "cantidad_archivos": 1,
    "archivos_fuente": [
      "Library/Caches/Google/Chrome/Default/Cache/Cache_Data/72b8dab999612348_0"
    ],
    "ultima_modificacion": "2025-08-01 01:02:01.817199"
  },
  "0acf26f6c06ee7800": {
    "app_sintetizada": "0ACF26F6C06EE7800",
    "cantidad_archivos": 1,
    "archivos_fuente": [
      "Library/Caches/Google/Chrome/Default/Cache/Cache_Data/0acf26f6c06ee780_0"
    ],
    "ultima_modificacion": "2025-08-01 01:02:01.817463"
  },
  "947672769bbcc5fe0": {
    "app_sintetizada": "947672769BBCC5FE0",
    "cantidad_archivos": 1,
    "archivos_fuente": [
      "Library/Caches/Google/Chrome/Default/Cache/Cache_Data/947672769bbcc5fe_0"
    ],
    "ultima_modificacion": "2025-08-01 01:02:01.817748"
  },
  "280ce4fb3650139b0": {
    "app_sintetizada": "280CE4FB3650139B0",
    "cantidad_archivos": 1,
    "archivos_fuente": [
      "Library/Caches/Google/Chrome/Default/Cache/Cache_Data/280ce4fb3650139b_0"
    ],
    "ultima_modificacion": "2025-08-01 01:02:01.818023"
  },
  "9e4998350871e9040": {
    "app_sintetizada": "9E4998350871E9040",
    "cantidad_archivos": 1,
    "archivos_fuente": [
      "Library/Caches/Google/Chrome/Default/Cache/Cache_Data/9e4998350871e904_0"
    ],
    "ultima_modificacion": "2025-08-01 01:02:01.818301"
  },
  "ae2cec0e1f4fde720": {
    "app_sintetizada": "AE2CEC0E1F4FDE720",
    "cantidad_archivos": 1,
    "archivos_fuente": [
      "Library/Caches/Google/Chrome/Default/Cache/Cache_Data/ae2cec0e1f4fde72_0"
    ],
    "ultima_modificacion": "2025-08-01 01:02:01.818653"
  },
  "8d992a20887356e00": {
    "app_sintetizada": "8D992A20887356E00",
    "cantidad_archivos": 1,
    "archivos_fuente": [
      "Library/Caches/Google/Chrome/Default/Cache/Cache_Data/8d992a20887356e0_0"
    ],
    "ultima_modificacion": "2025-08-01 01:02:01.818952"
  },
  "2be0a4e9235727b70": {
    "app_sintetizada": "2BE0A4E9235727B70",
    "cantidad_archivos": 1,
    "archivos_fuente": [
      "Library/Caches/Google/Chrome/Default/Cache/Cache_Data/2be0a4e9235727b7_0"
    ],
    "ultima_modificacion": "2025-08-01 01:02:01.819188"
  },
  "2c81e38a4bab15eb0": {
    "app_sintetizada": "2C81E38A4BAB15EB0",
    "cantidad_archivos": 1,
    "archivos_fuente": [
      "Library/Caches/Google/Chrome/Default/Cache/Cache_Data/2c81e38a4bab15eb_0"
    ],
    "ultima_modificacion": "2025-08-01 01:02:01.819491"
  },
  "0baef1028399c6bb0": {
    "app_sintetizada": "0BAEF1028399C6BB0",
    "cantidad_archivos": 1,
    "archivos_fuente": [
      "Library/Caches/Google/Chrome/Default/Cache/Cache_Data/0baef1028399c6bb_0"
    ],
    "ultima_modificacion": "2025-08-01 01:02:01.819773"
  },
  "57948db36650f5420": {
    "app_sintetizada": "57948DB36650F5420",
    "cantidad_archivos": 1,
    "archivos_fuente": [
      "Library/Caches/Google/Chrome/Default/Cache/Cache_Data/57948db36650f542_0"
    ],
    "ultima_modificacion": "2025-08-01 01:02:01.820027"
  },
  "e6da4a8a618ba2860": {
    "app_sintetizada": "E6DA4A8A618BA2860",
    "cantidad_archivos": 1,
    "archivos_fuente": [
      "Library/Caches/Google/Chrome/Default/Cache/Cache_Data/e6da4a8a618ba286_0"
    ],
    "ultima_modificacion": "2025-08-01 01:02:01.820236"
  },
  "ff5e853d8f53afb10": {
    "app_sintetizada": "FF5E853D8F53AFB10",
    "cantidad_archivos": 1,
    "archivos_fuente": [
      "Library/Caches/Google/Chrome/Default/Cache/Cache_Data/ff5e853d8f53afb1_0"
    ],
    "ultima_modificacion": "2025-08-01 01:02:01.820456"
  },
  "1e4d476a568b75bf0": {
    "app_sintetizada": "1E4D476A568B75BF0",
    "cantidad_archivos": 1,
    "archivos_fuente": [
      "Library/Caches/Google/Chrome/Default/Cache/Cache_Data/1e4d476a568b75bf_0"
    ],
    "ultima_modificacion": "2025-08-01 01:02:01.820711"
  },
  "92c559d5092f75640": {
    "app_sintetizada": "92C559D5092F75640",
    "cantidad_archivos": 1,
    "archivos_fuente": [
      "Library/Caches/Google/Chrome/Default/Cache/Cache_Data/92c559d5092f7564_0"
    ],
    "ultima_modificacion": "2025-08-01 01:02:01.820985"
  },
  "6133addf10fa5fd00": {
    "app_sintetizada": "6133ADDF10FA5FD00",
    "cantidad_archivos": 1,
    "archivos_fuente": [
      "Library/Caches/Google/Chrome/Default/Cache/Cache_Data/6133addf10fa5fd0_0"
    ],
    "ultima_modificacion": "2025-08-01 01:02:01.821273"
  },
  "33edad3744225fb30": {
    "app_sintetizada": "33EDAD3744225FB30",
    "cantidad_archivos": 1,
    "archivos_fuente": [
      "Library/Caches/Google/Chrome/Default/Cache/Cache_Data/33edad3744225fb3_0"
    ],
    "ultima_modificacion": "2025-08-01 01:02:01.821550"
  },
  "7d767aee7bb07fd80": {
    "app_sintetizada": "7D767AEE7BB07FD80",
    "cantidad_archivos": 1,
    "archivos_fuente": [
      "Library/Caches/Google/Chrome/Default/Cache/Cache_Data/7d767aee7bb07fd8_0"
    ],
    "ultima_modificacion": "2025-08-01 01:02:01.821917"
  },
  "937bf1d16d8666de0": {
    "app_sintetizada": "937BF1D16D8666DE0",
    "cantidad_archivos": 1,
    "archivos_fuente": [
      "Library/Caches/Google/Chrome/Default/Cache/Cache_Data/937bf1d16d8666de_0"
    ],
    "ultima_modificacion": "2025-08-01 01:02:01.822178"
  },
  "2977c6c0f7cec5e00": {
    "app_sintetizada": "2977C6C0F7CEC5E00",
    "cantidad_archivos": 1,
    "archivos_fuente": [
      "Library/Caches/Google/Chrome/Default/Cache/Cache_Data/2977c6c0f7cec5e0_0"
    ],
    "ultima_modificacion": "2025-08-01 01:02:01.822442"
  },
  "656a92d7235fc3a20": {
    "app_sintetizada": "656A92D7235FC3A20",
    "cantidad_archivos": 1,
    "archivos_fuente": [
      "Library/Caches/Google/Chrome/Default/Cache/Cache_Data/656a92d7235fc3a2_0"
    ],
    "ultima_modificacion": "2025-08-01 01:02:01.822714"
  },
  "fc42b36f6a12e84c0": {
    "app_sintetizada": "FC42B36F6A12E84C0",
    "cantidad_archivos": 1,
    "archivos_fuente": [
      "Library/Caches/Google/Chrome/Default/Cache/Cache_Data/fc42b36f6a12e84c_0"
    ],
    "ultima_modificacion": "2025-08-01 01:02:01.823080"
  },
  "7cfaf2c0a7abe2c70": {
    "app_sintetizada": "7CFAF2C0A7ABE2C70",
    "cantidad_archivos": 1,
    "archivos_fuente": [
      "Library/Caches/Google/Chrome/Default/Cache/Cache_Data/7cfaf2c0a7abe2c7_0"
    ],
    "ultima_modificacion": "2025-08-01 01:02:01.823429"
  },
  "e5f1fd3d165ff1fa0": {
    "app_sintetizada": "E5F1FD3D165FF1FA0",
    "cantidad_archivos": 1,
    "archivos_fuente": [
      "Library/Caches/Google/Chrome/Default/Cache/Cache_Data/e5f1fd3d165ff1fa_0"
    ],
    "ultima_modificacion": "2025-08-01 01:02:01.823716"
  },
  "14d14bba015d68880": {
    "app_sintetizada": "14D14BBA015D68880",
    "cantidad_archivos": 1,
    "archivos_fuente": [
      "Library/Caches/Google/Chrome/Default/Cache/Cache_Data/14d14bba015d6888_0"
    ],
    "ultima_modificacion": "2025-08-01 01:02:01.842014"
  },
  "ec04bb43e231ef070": {
    "app_sintetizada": "EC04BB43E231EF070",
    "cantidad_archivos": 1,
    "archivos_fuente": [
      "Library/Caches/Google/Chrome/Default/Cache/Cache_Data/ec04bb43e231ef07_0"
    ],
    "ultima_modificacion": "2025-08-01 01:02:01.842727"
  },
  "8a9e6923c3ccfcca0": {
    "app_sintetizada": "8A9E6923C3CCFCCA0",
    "cantidad_archivos": 1,
    "archivos_fuente": [
      "Library/Caches/Google/Chrome/Default/Cache/Cache_Data/8a9e6923c3ccfcca_0"
    ],
    "ultima_modificacion": "2025-08-01 01:02:01.843510"
  },
  "78417330710f8cff0": {
    "app_sintetizada": "78417330710F8CFF0",
    "cantidad_archivos": 1,
    "archivos_fuente": [
      "Library/Caches/Google/Chrome/Default/Cache/Cache_Data/78417330710f8cff_0"
    ],
    "ultima_modificacion": "2025-08-01 01:02:01.843880"
  },
  "4509ac9efb0961750": {
    "app_sintetizada": "4509AC9EFB0961750",
    "cantidad_archivos": 1,
    "archivos_fuente": [
      "Library/Caches/Google/Chrome/Default/Cache/Cache_Data/4509ac9efb096175_0"
    ],
    "ultima_modificacion": "2025-08-01 01:02:01.844279"
  },
  "5f950a7f9c5c710b0": {
    "app_sintetizada": "5F950A7F9C5C710B0",
    "cantidad_archivos": 1,
    "archivos_fuente": [
      "Library/Caches/Google/Chrome/Default/Cache/Cache_Data/5f950a7f9c5c710b_0"
    ],
    "ultima_modificacion": "2025-08-01 01:02:01.844644"
  },
  "11da29b2749adf9b0": {
    "app_sintetizada": "11DA29B2749ADF9B0",
    "cantidad_archivos": 1,
    "archivos_fuente": [
      "Library/Caches/Google/Chrome/Default/Cache/Cache_Data/11da29b2749adf9b_0"
    ],
    "ultima_modificacion": "2025-08-01 01:02:01.845019"
  },
  "946e638bdff868850": {
    "app_sintetizada": "946E638BDFF868850",
    "cantidad_archivos": 1,
    "archivos_fuente": [
      "Library/Caches/Google/Chrome/Default/Cache/Cache_Data/946e638bdff86885_0"
    ],
    "ultima_modificacion": "2025-08-01 01:02:01.845378"
  },
  "d1974cb86a6fc6bb0": {
    "app_sintetizada": "D1974CB86A6FC6BB0",
    "cantidad_archivos": 1,
    "archivos_fuente": [
      "Library/Caches/Google/Chrome/Default/Cache/Cache_Data/d1974cb86a6fc6bb_0"
    ],
    "ultima_modificacion": "2025-08-01 01:02:01.845761"
  },
  "e7bbfda103720b020": {
    "app_sintetizada": "E7BBFDA103720B020",
    "cantidad_archivos": 1,
    "archivos_fuente": [
      "Library/Caches/Google/Chrome/Default/Cache/Cache_Data/e7bbfda103720b02_0"
    ],
    "ultima_modificacion": "2025-08-01 01:02:01.846076"
  },
  "dfceac497e8ece330": {
    "app_sintetizada": "DFCEAC497E8ECE330",
    "cantidad_archivos": 1,
    "archivos_fuente": [
      "Library/Caches/Google/Chrome/Default/Cache/Cache_Data/dfceac497e8ece33_0"
    ],
    "ultima_modificacion": "2025-08-01 01:02:01.846391"
  },
  "db3294c3afc559820": {
    "app_sintetizada": "DB3294C3AFC559820",
    "cantidad_archivos": 1,
    "archivos_fuente": [
      "Library/Caches/Google/Chrome/Default/Cache/Cache_Data/db3294c3afc55982_0"
    ],
    "ultima_modificacion": "2025-08-01 01:02:01.846708"
  },
  "d7520bc5ddab0ee60": {
    "app_sintetizada": "D7520BC5DDAB0EE60",
    "cantidad_archivos": 1,
    "archivos_fuente": [
      "Library/Caches/Google/Chrome/Default/Cache/Cache_Data/d7520bc5ddab0ee6_0"
    ],
    "ultima_modificacion": "2025-08-01 01:02:01.847028"
  },
  "9ebf88aa84d25f150": {
    "app_sintetizada": "9EBF88AA84D25F150",
    "cantidad_archivos": 1,
    "archivos_fuente": [
      "Library/Caches/Google/Chrome/Default/Cache/Cache_Data/9ebf88aa84d25f15_0"
    ],
    "ultima_modificacion": "2025-08-01 01:02:01.847334"
  },
  "5c9bb4c12f98ac5c0": {
    "app_sintetizada": "5C9BB4C12F98AC5C0",
    "cantidad_archivos": 1,
    "archivos_fuente": [
      "Library/Caches/Google/Chrome/Default/Cache/Cache_Data/5c9bb4c12f98ac5c_0"
    ],
    "ultima_modificacion": "2025-08-01 01:02:01.847766"
  },
  "2f0a3b82e41a5f7b0": {
    "app_sintetizada": "2F0A3B82E41A5F7B0",
    "cantidad_archivos": 1,
    "archivos_fuente": [
      "Library/Caches/Google/Chrome/Default/Cache/Cache_Data/2f0a3b82e41a5f7b_0"
    ],
    "ultima_modificacion": "2025-08-01 01:02:01.848194"
  },
  "1422eb1a38deae530": {
    "app_sintetizada": "1422EB1A38DEAE530",
    "cantidad_archivos": 1,
    "archivos_fuente": [
      "Library/Caches/Google/Chrome/Default/Cache/Cache_Data/1422eb1a38deae53_0"
    ],
    "ultima_modificacion": "2025-08-01 01:02:01.848535"
  },
  "cec13b9893e2164f0": {
    "app_sintetizada": "CEC13B9893E2164F0",
    "cantidad_archivos": 1,
    "archivos_fuente": [
      "Library/Caches/Google/Chrome/Default/Cache/Cache_Data/cec13b9893e2164f_0"
    ],
    "ultima_modificacion": "2025-08-01 01:02:01.849232"
  },
  "4e03e4b6fb55036d0": {
    "app_sintetizada": "4E03E4B6FB55036D0",
    "cantidad_archivos": 1,
    "archivos_fuente": [
      "Library/Caches/Google/Chrome/Default/Cache/Cache_Data/4e03e4b6fb55036d_0"
    ],
    "ultima_modificacion": "2025-08-01 01:02:01.849608"
  },
  "2698b5dfd6a943150": {
    "app_sintetizada": "2698B5DFD6A943150",
    "cantidad_archivos": 1,
    "archivos_fuente": [
      "Library/Caches/Google/Chrome/Default/Cache/Cache_Data/2698b5dfd6a94315_0"
    ],
    "ultima_modificacion": "2025-08-01 01:02:01.852496"
  },
  "585076af64fdf1310": {
    "app_sintetizada": "585076AF64FDF1310",
    "cantidad_archivos": 1,
    "archivos_fuente": [
      "Library/Caches/Google/Chrome/Default/Cache/Cache_Data/585076af64fdf131_0"
    ],
    "ultima_modificacion": "2025-08-01 01:02:01.852956"
  },
  "358ab05cc13f61950": {
    "app_sintetizada": "358AB05CC13F61950",
    "cantidad_archivos": 1,
    "archivos_fuente": [
      "Library/Caches/Google/Chrome/Default/Cache/Cache_Data/358ab05cc13f6195_0"
    ],
    "ultima_modificacion": "2025-08-01 01:02:01.853425"
  },
  "01bd75b67745ff720": {
    "app_sintetizada": "01BD75B67745FF720",
    "cantidad_archivos": 1,
    "archivos_fuente": [
      "Library/Caches/Google/Chrome/Default/Cache/Cache_Data/01bd75b67745ff72_0"
    ],
    "ultima_modificacion": "2025-08-01 01:02:01.854775"
  },
  "c07e17da36971c3e0": {
    "app_sintetizada": "C07E17DA36971C3E0",
    "cantidad_archivos": 1,
    "archivos_fuente": [
      "Library/Caches/Google/Chrome/Default/Cache/Cache_Data/c07e17da36971c3e_0"
    ],
    "ultima_modificacion": "2025-08-01 01:02:01.855142"
  },
  "a974ae61c641876c0": {
    "app_sintetizada": "A974AE61C641876C0",
    "cantidad_archivos": 1,
    "archivos_fuente": [
      "Library/Caches/Google/Chrome/Default/Cache/Cache_Data/a974ae61c641876c_0"
    ],
    "ultima_modificacion": "2025-08-01 01:02:01.856549"
  },
  "938c169fc28c140f0": {
    "app_sintetizada": "938C169FC28C140F0",
    "cantidad_archivos": 1,
    "archivos_fuente": [
      "Library/Caches/Google/Chrome/Default/Cache/Cache_Data/938c169fc28c140f_0"
    ],
    "ultima_modificacion": "2025-08-01 01:02:01.856875"
  },
  "9a882b29f7f3cb280": {
    "app_sintetizada": "9A882B29F7F3CB280",
    "cantidad_archivos": 1,
    "archivos_fuente": [
      "Library/Caches/Google/Chrome/Default/Cache/Cache_Data/9a882b29f7f3cb28_0"
    ],
    "ultima_modificacion": "2025-08-01 01:02:01.857187"
  },
  "998f5192a68433cd0": {
    "app_sintetizada": "998F5192A68433CD0",
    "cantidad_archivos": 1,
    "archivos_fuente": [
      "Library/Caches/Google/Chrome/Default/Cache/Cache_Data/998f5192a68433cd_0"
    ],
    "ultima_modificacion": "2025-08-01 01:02:01.858508"
  },
  "93914bf824ca72740": {
    "app_sintetizada": "93914BF824CA72740",
    "cantidad_archivos": 1,
    "archivos_fuente": [
      "Library/Caches/Google/Chrome/Default/Cache/Cache_Data/93914bf824ca7274_0"
    ],
    "ultima_modificacion": "2025-08-01 01:02:01.858860"
  },
  "a8d774727714191e0": {
    "app_sintetizada": "A8D774727714191E0",
    "cantidad_archivos": 1,
    "archivos_fuente": [
      "Library/Caches/Google/Chrome/Default/Cache/Cache_Data/a8d774727714191e_0"
    ],
    "ultima_modificacion": "2025-08-01 01:02:01.861566"
  },
  "644aa25422270a460": {
    "app_sintetizada": "644AA25422270A460",
    "cantidad_archivos": 1,
    "archivos_fuente": [
      "Library/Caches/Google/Chrome/Default/Cache/Cache_Data/644aa25422270a46_0"
    ],
    "ultima_modificacion": "2025-08-01 01:02:01.862575"
  },
  "388171727c89a1200": {
    "app_sintetizada": "388171727C89A1200",
    "cantidad_archivos": 1,
    "archivos_fuente": [
      "Library/Caches/Google/Chrome/Default/Cache/Cache_Data/388171727c89a120_0"
    ],
    "ultima_modificacion": "2025-08-01 01:02:01.862985"
  },
  "7c55bc2c44c460170": {
    "app_sintetizada": "7C55BC2C44C460170",
    "cantidad_archivos": 1,
    "archivos_fuente": [
      "Library/Caches/Google/Chrome/Default/Cache/Cache_Data/7c55bc2c44c46017_0"
    ],
    "ultima_modificacion": "2025-08-01 01:02:01.863310"
  },
  "55f9dcbdb7d0fead0": {
    "app_sintetizada": "55F9DCBDB7D0FEAD0",
    "cantidad_archivos": 1,
    "archivos_fuente": [
      "Library/Caches/Google/Chrome/Default/Cache/Cache_Data/55f9dcbdb7d0fead_0"
    ],
    "ultima_modificacion": "2025-08-01 01:02:01.863561"
  },
  "fec34cfc26e41c8d0": {
    "app_sintetizada": "FEC34CFC26E41C8D0",
    "cantidad_archivos": 1,
    "archivos_fuente": [
      "Library/Caches/Google/Chrome/Default/Cache/Cache_Data/fec34cfc26e41c8d_0"
    ],
    "ultima_modificacion": "2025-08-01 01:02:01.863826"
  },
  "0525ee0b170242180": {
    "app_sintetizada": "0525EE0B170242180",
    "cantidad_archivos": 1,
    "archivos_fuente": [
      "Library/Caches/Google/Chrome/Default/Cache/Cache_Data/0525ee0b17024218_0"
    ],
    "ultima_modificacion": "2025-08-01 01:02:01.864311"
  },
  "bb9dc67ff7ae355e0": {
    "app_sintetizada": "BB9DC67FF7AE355E0",
    "cantidad_archivos": 1,
    "archivos_fuente": [
      "Library/Caches/Google/Chrome/Default/Cache/Cache_Data/bb9dc67ff7ae355e_0"
    ],
    "ultima_modificacion": "2025-08-01 01:02:01.864585"
  },
  "4470f82822add88f0": {
    "app_sintetizada": "4470F82822ADD88F0",
    "cantidad_archivos": 1,
    "archivos_fuente": [
      "Library/Caches/Google/Chrome/Default/Cache/Cache_Data/4470f82822add88f_0"
    ],
    "ultima_modificacion": "2025-08-01 01:02:01.864896"
  },
  "66288a85e4eaba250": {
    "app_sintetizada": "66288A85E4EABA250",
    "cantidad_archivos": 1,
    "archivos_fuente": [
      "Library/Caches/Google/Chrome/Default/Cache/Cache_Data/66288a85e4eaba25_0"
    ],
    "ultima_modificacion": "2025-08-01 01:02:01.865161"
  },
  "c439c7300b4c5d7a0": {
    "app_sintetizada": "C439C7300B4C5D7A0",
    "cantidad_archivos": 1,
    "archivos_fuente": [
      "Library/Caches/Google/Chrome/Default/Cache/Cache_Data/c439c7300b4c5d7a_0"
    ],
    "ultima_modificacion": "2025-08-01 01:02:01.865463"
  },
  "51bd58b440c563e20": {
    "app_sintetizada": "51BD58B440C563E20",
    "cantidad_archivos": 1,
    "archivos_fuente": [
      "Library/Caches/Google/Chrome/Default/Cache/Cache_Data/51bd58b440c563e2_0"
    ],
    "ultima_modificacion": "2025-08-01 01:02:01.865704"
  },
  "ef2b35a72c6036f10": {
    "app_sintetizada": "EF2B35A72C6036F10",
    "cantidad_archivos": 1,
    "archivos_fuente": [
      "Library/Caches/Google/Chrome/Default/Cache/Cache_Data/ef2b35a72c6036f1_0"
    ],
    "ultima_modificacion": "2025-08-01 01:02:01.865956"
  },
  "fa4b645fd86d32d20": {
    "app_sintetizada": "FA4B645FD86D32D20",
    "cantidad_archivos": 1,
    "archivos_fuente": [
      "Library/Caches/Google/Chrome/Default/Cache/Cache_Data/fa4b645fd86d32d2_0"
    ],
    "ultima_modificacion": "2025-08-01 01:02:01.866318"
  },
  "81c3c1c9440f07f30": {
    "app_sintetizada": "81C3C1C9440F07F30",
    "cantidad_archivos": 1,
    "archivos_fuente": [
      "Library/Caches/Google/Chrome/Default/Cache/Cache_Data/81c3c1c9440f07f3_0"
    ],
    "ultima_modificacion": "2025-08-01 01:02:01.866561"
  },
  "784478e4ee8d551e0": {
    "app_sintetizada": "784478E4EE8D551E0",
    "cantidad_archivos": 1,
    "archivos_fuente": [
      "Library/Caches/Google/Chrome/Default/Cache/Cache_Data/784478e4ee8d551e_0"
    ],
    "ultima_modificacion": "2025-08-01 01:02:01.866824"
  },
  "9addc4dfd6afda3e0": {
    "app_sintetizada": "9ADDC4DFD6AFDA3E0",
    "cantidad_archivos": 1,
    "archivos_fuente": [
      "Library/Caches/Google/Chrome/Default/Cache/Cache_Data/9addc4dfd6afda3e_0"
    ],
    "ultima_modificacion": "2025-08-01 01:02:01.867081"
  },
  "e341bb1dbf3474760": {
    "app_sintetizada": "E341BB1DBF3474760",
    "cantidad_archivos": 1,
    "archivos_fuente": [
      "Library/Caches/Google/Chrome/Default/Cache/Cache_Data/e341bb1dbf347476_0"
    ],
    "ultima_modificacion": "2025-08-01 01:02:01.867385"
  },
  "f11e7508183d0fc50": {
    "app_sintetizada": "F11E7508183D0FC50",
    "cantidad_archivos": 1,
    "archivos_fuente": [
      "Library/Caches/Google/Chrome/Default/Cache/Cache_Data/f11e7508183d0fc5_0"
    ],
    "ultima_modificacion": "2025-08-01 01:02:01.867677"
  },
  "b8989b1553d1e3470": {
    "app_sintetizada": "B8989B1553D1E3470",
    "cantidad_archivos": 1,
    "archivos_fuente": [
      "Library/Caches/Google/Chrome/Default/Cache/Cache_Data/b8989b1553d1e347_0"
    ],
    "ultima_modificacion": "2025-08-01 01:02:01.868039"
  },
  "8a7921cea7ae73800": {
    "app_sintetizada": "8A7921CEA7AE73800",
    "cantidad_archivos": 1,
    "archivos_fuente": [
      "Library/Caches/Google/Chrome/Default/Cache/Cache_Data/8a7921cea7ae7380_0"
    ],
    "ultima_modificacion": "2025-08-01 01:02:01.868300"
  },
  "a34b9e039fa6c0630": {
    "app_sintetizada": "A34B9E039FA6C0630",
    "cantidad_archivos": 1,
    "archivos_fuente": [
      "Library/Caches/Google/Chrome/Default/Cache/Cache_Data/a34b9e039fa6c063_0"
    ],
    "ultima_modificacion": "2025-08-01 01:02:01.868552"
  },
  "2c9bddf1a4fd8afd0": {
    "app_sintetizada": "2C9BDDF1A4FD8AFD0",
    "cantidad_archivos": 1,
    "archivos_fuente": [
      "Library/Caches/Google/Chrome/Default/Cache/Cache_Data/2c9bddf1a4fd8afd_0"
    ],
    "ultima_modificacion": "2025-08-01 01:02:01.868808"
  },
  "487e1b95b53e36c70": {
    "app_sintetizada": "487E1B95B53E36C70",
    "cantidad_archivos": 1,
    "archivos_fuente": [
      "Library/Caches/Google/Chrome/Default/Cache/Cache_Data/487e1b95b53e36c7_0"
    ],
    "ultima_modificacion": "2025-08-01 01:02:01.869072"
  },
  "59e147aef90c60870": {
    "app_sintetizada": "59E147AEF90C60870",
    "cantidad_archivos": 1,
    "archivos_fuente": [
      "Library/Caches/Google/Chrome/Default/Cache/Cache_Data/59e147aef90c6087_0"
    ],
    "ultima_modificacion": "2025-08-01 01:02:01.869328"
  },
  "6659c0398ee618760": {
    "app_sintetizada": "6659C0398EE618760",
    "cantidad_archivos": 1,
    "archivos_fuente": [
      "Library/Caches/Google/Chrome/Default/Cache/Cache_Data/6659c0398ee61876_0"
    ],
    "ultima_modificacion": "2025-08-01 01:02:01.869584"
  },
  "b96701ebf9ea53930": {
    "app_sintetizada": "B96701EBF9EA53930",
    "cantidad_archivos": 1,
    "archivos_fuente": [
      "Library/Caches/Google/Chrome/Default/Cache/Cache_Data/b96701ebf9ea5393_0"
    ],
    "ultima_modificacion": "2025-08-01 01:02:01.869946"
  },
  "e438ae7966463ddd0": {
    "app_sintetizada": "E438AE7966463DDD0",
    "cantidad_archivos": 1,
    "archivos_fuente": [
      "Library/Caches/Google/Chrome/Default/Cache/Cache_Data/e438ae7966463ddd_0"
    ],
    "ultima_modificacion": "2025-08-01 01:02:01.870191"
  },
  "23d7b0371e3409680": {
    "app_sintetizada": "23D7B0371E3409680",
    "cantidad_archivos": 1,
    "archivos_fuente": [
      "Library/Caches/Google/Chrome/Default/Cache/Cache_Data/23d7b0371e340968_0"
    ],
    "ultima_modificacion": "2025-08-01 01:02:01.870486"
  },
  "2457cdd940addd3e0": {
    "app_sintetizada": "2457CDD940ADDD3E0",
    "cantidad_archivos": 1,
    "archivos_fuente": [
      "Library/Caches/Google/Chrome/Default/Cache/Cache_Data/2457cdd940addd3e_0"
    ],
    "ultima_modificacion": "2025-08-01 01:02:01.870733"
  }
}