{
  "syncengine20250709.2322.38494.46.odlsent": {
    "app_sintetizada": "SYNCENGINE20250709.2322.38494.46.ODLSENT",
    "cantidad_archivos": 1,
    "archivos_fuente": [
      "Library/Logs/OneDrive/Personal/SyncEngine-2025-07-09.2322.38494.46.odlsent"
    ],
    "ultima_modificacion": "2025-08-01 01:01:50.587668"
  },
  "syncengine20250711.0523.961.13.odlsent": {
    "app_sintetizada": "SYNCENGINE20250711.0523.961.13.ODLSENT",
    "cantidad_archivos": 1,
    "archivos_fuente": [
      "Library/Logs/OneDrive/Personal/SyncEngine-2025-07-11.0523.961.13.odlsent"
    ],
    "ultima_modificacion": "2025-08-01 01:01:50.588084"
  },
  "syncengine20250708.1727.38494.4.odlsent": {
    "app_sintetizada": "SYNCENGINE20250708.1727.38494.4.ODLSENT",
    "cantidad_archivos": 1,
    "archivos_fuente": [
      "Library/Logs/OneDrive/Personal/SyncEngine-2025-07-08.1727.38494.4.odlsent"
    ],
    "ultima_modificacion": "2025-08-01 01:01:50.588438"
  },
  "syncengine20250715.2258.1005.1.odlsent": {
    "app_sintetizada": "SYNCENGINE20250715.2258.1005.1.ODLSENT",
    "cantidad_archivos": 1,
    "archivos_fuente": [
      "Library/Logs/OneDrive/Personal/SyncEngine-2025-07-15.2258.1005.1.odlsent"
    ],
    "ultima_modificacion": "2025-08-01 01:01:50.588785"
  },
  "syncengine20250702.1427.1000.85.odlsent": {
    "app_sintetizada": "SYNCENGINE20250702.1427.1000.85.ODLSENT",
    "cantidad_archivos": 1,
    "archivos_fuente": [
      "Library/Logs/OneDrive/Personal/SyncEngine-2025-07-02.1427.1000.85.odlsent"
    ],
    "ultima_modificacion": "2025-08-01 01:01:50.589119"
  },
  "syncengine20250712.0656.4012.15.odlsent": {
    "app_sintetizada": "SYNCENGINE20250712.0656.4012.15.ODLSENT",
    "cantidad_archivos": 1,
    "archivos_fuente": [
      "Library/Logs/OneDrive/Personal/SyncEngine-2025-07-12.0656.4012.15.odlsent"
    ],
    "ultima_modificacion": "2025-08-01 01:01:50.589769"
  },
  "syncengine20250718.1615.880.36.odlsent": {
    "app_sintetizada": "SYNCENGINE20250718.1615.880.36.ODLSENT",
    "cantidad_archivos": 1,
    "archivos_fuente": [
      "Library/Logs/OneDrive/Personal/SyncEngine-2025-07-18.1615.880.36.odlsent"
    ],
    "ultima_modificacion": "2025-08-01 01:01:50.590122"
  },
  "syncengine20250711.1019.961.22.odlsent": {
    "app_sintetizada": "SYNCENGINE20250711.1019.961.22.ODLSENT",
    "cantidad_archivos": 1,
    "archivos_fuente": [
      "Library/Logs/OneDrive/Personal/SyncEngine-2025-07-11.1019.961.22.odlsent"
    ],
    "ultima_modificacion": "2025-08-01 01:01:50.590548"
  },
  "syncengine20250711.0625.961.16.odlsent": {
    "app_sintetizada": "SYNCENGINE20250711.0625.961.16.ODLSENT",
    "cantidad_archivos": 1,
    "archivos_fuente": [
      "Library/Logs/OneDrive/Personal/SyncEngine-2025-07-11.0625.961.16.odlsent"
    ],
    "ultima_modificacion": "2025-08-01 01:01:50.590927"
  },
  "syncengine20250711.1655.961.30.odlsent": {
    "app_sintetizada": "SYNCENGINE20250711.1655.961.30.ODLSENT",
    "cantidad_archivos": 1,
    "archivos_fuente": [
      "Library/Logs/OneDrive/Personal/SyncEngine-2025-07-11.1655.961.30.odlsent"
    ],
    "ultima_modificacion": "2025-08-01 01:01:50.591271"
  },
  "syncengine20250714.2251.4477.12.odlsent": {
    "app_sintetizada": "SYNCENGINE20250714.2251.4477.12.ODLSENT",
    "cantidad_archivos": 1,
    "archivos_fuente": [
      "Library/Logs/OneDrive/Personal/SyncEngine-2025-07-14.2251.4477.12.odlsent"
    ],
    "ultima_modificacion": "2025-08-01 01:01:50.591635"
  },
  "syncengine20250721.2157.1223.31.odlsent": {
    "app_sintetizada": "SYNCENGINE20250721.2157.1223.31.ODLSENT",
    "cantidad_archivos": 1,
    "archivos_fuente": [
      "Library/Logs/OneDrive/Personal/SyncEngine-2025-07-21.2157.1223.31.odlsent"
    ],
    "ultima_modificacion": "2025-08-01 01:01:50.591958"
  },
  "syncengine20250722.1928.1119.5.odlsent": {
    "app_sintetizada": "SYNCENGINE20250722.1928.1119.5.ODLSENT",
    "cantidad_archivos": 1,
    "archivos_fuente": [
      "Library/Logs/OneDrive/Personal/SyncEngine-2025-07-22.1928.1119.5.odlsent"
    ],
    "ultima_modificacion": "2025-08-01 01:01:50.592295"
  },
  "syncengine20250708.1511.885.1.odlsent": {
    "app_sintetizada": "SYNCENGINE20250708.1511.885.1.ODLSENT",
    "cantidad_archivos": 1,
    "archivos_fuente": [
      "Library/Logs/OneDrive/Personal/SyncEngine-2025-07-08.1511.885.1.odlsent"
    ],
    "ultima_modificacion": "2025-08-01 01:01:50.592640"
  },
  "syncengine20250725.0915.1108.41.odlsent": {
    "app_sintetizada": "SYNCENGINE20250725.0915.1108.41.ODLSENT",
    "cantidad_archivos": 1,
    "archivos_fuente": [
      "Library/Logs/OneDrive/Personal/SyncEngine-2025-07-25.0915.1108.41.odlsent"
    ],
    "ultima_modificacion": "2025-08-01 01:01:50.593008"
  },
  "syncengine20250718.2142.880.46.odlsent": {
    "app_sintetizada": "SYNCENGINE20250718.2142.880.46.ODLSENT",
    "cantidad_archivos": 1,
    "archivos_fuente": [
      "Library/Logs/OneDrive/Personal/SyncEngine-2025-07-18.2142.880.46.odlsent"
    ],
    "ultima_modificacion": "2025-08-01 01:01:50.593368"
  },
  "syncengine20250714.0248.4012.62.odlsent": {
    "app_sintetizada": "SYNCENGINE20250714.0248.4012.62.ODLSENT",
    "cantidad_archivos": 1,
    "archivos_fuente": [
      "Library/Logs/OneDrive/Personal/SyncEngine-2025-07-14.0248.4012.62.odlsent"
    ],
    "ultima_modificacion": "2025-08-01 01:01:50.593807"
  },
  "syncengine20250718.0836.880.22.odlsent": {
    "app_sintetizada": "SYNCENGINE20250718.0836.880.22.ODLSENT",
    "cantidad_archivos": 1,
    "archivos_fuente": [
      "Library/Logs/OneDrive/Personal/SyncEngine-2025-07-18.0836.880.22.odlsent"
    ],
    "ultima_modificacion": "2025-08-01 01:01:50.594183"
  },
  "syncengine20250716.2030.1005.32.odlsent": {
    "app_sintetizada": "SYNCENGINE20250716.2030.1005.32.ODLSENT",
    "cantidad_archivos": 1,
    "archivos_fuente": [
      "Library/Logs/OneDrive/Personal/SyncEngine-2025-07-16.2030.1005.32.odlsent"
    ],
    "ultima_modificacion": "2025-08-01 01:01:50.594547"
  },
  "syncengine20250723.2142.1096.17.odlsent": {
    "app_sintetizada": "SYNCENGINE20250723.2142.1096.17.ODLSENT",
    "cantidad_archivos": 1,
    "archivos_fuente": [
      "Library/Logs/OneDrive/Personal/SyncEngine-2025-07-23.2142.1096.17.odlsent"
    ],
    "ultima_modificacion": "2025-08-01 01:01:50.594882"
  },
  "syncengine20250719.0018.880.48.odlsent": {
    "app_sintetizada": "SYNCENGINE20250719.0018.880.48.ODLSENT",
    "cantidad_archivos": 1,
    "archivos_fuente": [
      "Library/Logs/OneDrive/Personal/SyncEngine-2025-07-19.0018.880.48.odlsent"
    ],
    "ultima_modificacion": "2025-08-01 01:01:50.595368"
  },
  "syncengine20250711.1221.961.23.odlsent": {
    "app_sintetizada": "SYNCENGINE20250711.1221.961.23.ODLSENT",
    "cantidad_archivos": 1,
    "archivos_fuente": [
      "Library/Logs/OneDrive/Personal/SyncEngine-2025-07-11.1221.961.23.odlsent"
    ],
    "ultima_modificacion": "2025-08-01 01:01:50.595729"
  },
  "syncengine20250712.0246.4012.8.odlsent": {
    "app_sintetizada": "SYNCENGINE20250712.0246.4012.8.ODLSENT",
    "cantidad_archivos": 1,
    "archivos_fuente": [
      "Library/Logs/OneDrive/Personal/SyncEngine-2025-07-12.0246.4012.8.odlsent"
    ],
    "ultima_modificacion": "2025-08-01 01:01:50.596083"
  },
  "syncengine20250710.0213.989.1.odlsent": {
    "app_sintetizada": "SYNCENGINE20250710.0213.989.1.ODLSENT",
    "cantidad_archivos": 1,
    "archivos_fuente": [
      "Library/Logs/OneDrive/Personal/SyncEngine-2025-07-10.0213.989.1.odlsent"
    ],
    "ultima_modificacion": "2025-08-01 01:01:50.596441"
  },
  "syncengine20250726.0522.1105.10.odlsent": {
    "app_sintetizada": "SYNCENGINE20250726.0522.1105.10.ODLSENT",
    "cantidad_archivos": 1,
    "archivos_fuente": [
      "Library/Logs/OneDrive/Personal/SyncEngine-2025-07-26.0522.1105.10.odlsent"
    ],
    "ultima_modificacion": "2025-08-01 01:01:50.596778"
  },
  "syncengine20250727.0646.911.31.odlsent": {
    "app_sintetizada": "SYNCENGINE20250727.0646.911.31.ODLSENT",
    "cantidad_archivos": 1,
    "archivos_fuente": [
      "Library/Logs/OneDrive/Personal/SyncEngine-2025-07-27.0646.911.31.odlsent"
    ],
    "ultima_modificacion": "2025-08-01 01:01:50.597118"
  },
  "syncengine20250730.1706.1198.59.odlsent": {
    "app_sintetizada": "SYNCENGINE20250730.1706.1198.59.ODLSENT",
    "cantidad_archivos": 1,
    "archivos_fuente": [
      "Library/Logs/OneDrive/Personal/SyncEngine-2025-07-30.1706.1198.59.odlsent"
    ],
    "ultima_modificacion": "2025-08-01 01:01:50.597543"
  },
  "syncengine20250715.1856.1158.11.odlsent": {
    "app_sintetizada": "SYNCENGINE20250715.1856.1158.11.ODLSENT",
    "cantidad_archivos": 1,
    "archivos_fuente": [
      "Library/Logs/OneDrive/Personal/SyncEngine-2025-07-15.1856.1158.11.odlsent"
    ],
    "ultima_modificacion": "2025-08-01 01:01:50.597919"
  },
  "syncengine20250731.1616.1198.77.odlsent": {
    "app_sintetizada": "SYNCENGINE20250731.1616.1198.77.ODLSENT",
    "cantidad_archivos": 1,
    "archivos_fuente": [
      "Library/Logs/OneDrive/Personal/SyncEngine-2025-07-31.1616.1198.77.odlsent"
    ],
    "ultima_modificacion": "2025-08-01 01:01:50.598312"
  },
  "syncengine20250724.0053.1096.23.odlsent": {
    "app_sintetizada": "SYNCENGINE20250724.0053.1096.23.ODLSENT",
    "cantidad_archivos": 1,
    "archivos_fuente": [
      "Library/Logs/OneDrive/Personal/SyncEngine-2025-07-24.0053.1096.23.odlsent"
    ],
    "ultima_modificacion": "2025-08-01 01:01:50.598676"
  },
  "syncengine20250727.0904.911.35.odlsent": {
    "app_sintetizada": "SYNCENGINE20250727.0904.911.35.ODLSENT",
    "cantidad_archivos": 1,
    "archivos_fuente": [
      "Library/Logs/OneDrive/Personal/SyncEngine-2025-07-27.0904.911.35.odlsent"
    ],
    "ultima_modificacion": "2025-08-01 01:01:50.599063"
  },
  "syncengine20250718.1048.880.27.odlsent": {
    "app_sintetizada": "SYNCENGINE20250718.1048.880.27.ODLSENT",
    "cantidad_archivos": 1,
    "archivos_fuente": [
      "Library/Logs/OneDrive/Personal/SyncEngine-2025-07-18.1048.880.27.odlsent"
    ],
    "ultima_modificacion": "2025-08-01 01:01:50.599414"
  },
  "syncengine20250709.2208.38494.43.odlsent": {
    "app_sintetizada": "SYNCENGINE20250709.2208.38494.43.ODLSENT",
    "cantidad_archivos": 1,
    "archivos_fuente": [
      "Library/Logs/OneDrive/Personal/SyncEngine-2025-07-09.2208.38494.43.odlsent"
    ],
    "ultima_modificacion": "2025-08-01 01:01:50.599752"
  },
  "syncengine20250707.0420.939.54.odlsent": {
    "app_sintetizada": "SYNCENGINE20250707.0420.939.54.ODLSENT",
    "cantidad_archivos": 1,
    "archivos_fuente": [
      "Library/Logs/OneDrive/Personal/SyncEngine-2025-07-07.0420.939.54.odlsent"
    ],
    "ultima_modificacion": "2025-08-01 01:01:50.600110"
  },
  "syncengine20250703.0311.815.19.odlsent": {
    "app_sintetizada": "SYNCENGINE20250703.0311.815.19.ODLSENT",
    "cantidad_archivos": 1,
    "archivos_fuente": [
      "Library/Logs/OneDrive/Personal/SyncEngine-2025-07-03.0311.815.19.odlsent"
    ],
    "ultima_modificacion": "2025-08-01 01:01:50.600476"
  },
  "syncengine20250719.1550.880.62.odlsent": {
    "app_sintetizada": "SYNCENGINE20250719.1550.880.62.ODLSENT",
    "cantidad_archivos": 1,
    "archivos_fuente": [
      "Library/Logs/OneDrive/Personal/SyncEngine-2025-07-19.1550.880.62.odlsent"
    ],
    "ultima_modificacion": "2025-08-01 01:01:50.600829"
  },
  "syncengine20250725.1021.1108.43.odlsent": {
    "app_sintetizada": "SYNCENGINE20250725.1021.1108.43.ODLSENT",
    "cantidad_archivos": 1,
    "archivos_fuente": [
      "Library/Logs/OneDrive/Personal/SyncEngine-2025-07-25.1021.1108.43.odlsent"
    ],
    "ultima_modificacion": "2025-08-01 01:01:50.601173"
  },
  "syncengine20250703.0757.1054.1.odlsent": {
    "app_sintetizada": "SYNCENGINE20250703.0757.1054.1.ODLSENT",
    "cantidad_archivos": 1,
    "archivos_fuente": [
      "Library/Logs/OneDrive/Personal/SyncEngine-2025-07-03.0757.1054.1.odlsent"
    ],
    "ultima_modificacion": "2025-08-01 01:01:50.601496"
  },
  "syncengine20250703.1856.5442.4.odlsent": {
    "app_sintetizada": "SYNCENGINE20250703.1856.5442.4.ODLSENT",
    "cantidad_archivos": 1,
    "archivos_fuente": [
      "Library/Logs/OneDrive/Personal/SyncEngine-2025-07-03.1856.5442.4.odlsent"
    ],
    "ultima_modificacion": "2025-08-01 01:01:50.601827"
  },
  "syncengine20250705.1434.939.19.odlsent": {
    "app_sintetizada": "SYNCENGINE20250705.1434.939.19.ODLSENT",
    "cantidad_archivos": 1,
    "archivos_fuente": [
      "Library/Logs/OneDrive/Personal/SyncEngine-2025-07-05.1434.939.19.odlsent"
    ],
    "ultima_modificacion": "2025-08-01 01:01:50.602174"
  },
  "syncengine20250702.0408.1000.72.odlsent": {
    "app_sintetizada": "SYNCENGINE20250702.0408.1000.72.ODLSENT",
    "cantidad_archivos": 1,
    "archivos_fuente": [
      "Library/Logs/OneDrive/Personal/SyncEngine-2025-07-02.0408.1000.72.odlsent"
    ],
    "ultima_modificacion": "2025-08-01 01:01:50.602509"
  },
  "syncengine20250728.1845.963.4.odlsent": {
    "app_sintetizada": "SYNCENGINE20250728.1845.963.4.ODLSENT",
    "cantidad_archivos": 1,
    "archivos_fuente": [
      "Library/Logs/OneDrive/Personal/SyncEngine-2025-07-28.1845.963.4.odlsent"
    ],
    "ultima_modificacion": "2025-08-01 01:01:50.602864"
  },
  "syncengine20250716.1618.1005.26.odlsent": {
    "app_sintetizada": "SYNCENGINE20250716.1618.1005.26.ODLSENT",
    "cantidad_archivos": 1,
    "archivos_fuente": [
      "Library/Logs/OneDrive/Personal/SyncEngine-2025-07-16.1618.1005.26.odlsent"
    ],
    "ultima_modificacion": "2025-08-01 01:01:50.603204"
  },
  "syncengine20250726.0654.16361.1.odlsent": {
    "app_sintetizada": "SYNCENGINE20250726.0654.16361.1.ODLSENT",
    "cantidad_archivos": 1,
    "archivos_fuente": [
      "Library/Logs/OneDrive/Personal/SyncEngine-2025-07-26.0654.16361.1.odlsent"
    ],
    "ultima_modificacion": "2025-08-01 01:01:50.603510"
  },
  "syncengine20250703.0637.815.21.odlsent": {
    "app_sintetizada": "SYNCENGINE20250703.0637.815.21.ODLSENT",
    "cantidad_archivos": 1,
    "archivos_fuente": [
      "Library/Logs/OneDrive/Personal/SyncEngine-2025-07-03.0637.815.21.odlsent"
    ],
    "ultima_modificacion": "2025-08-01 01:01:50.603812"
  },
  "syncengine20250726.0655.16361.3.odlsent": {
    "app_sintetizada": "SYNCENGINE20250726.0655.16361.3.ODLSENT",
    "cantidad_archivos": 1,
    "archivos_fuente": [
      "Library/Logs/OneDrive/Personal/SyncEngine-2025-07-26.0655.16361.3.odlsent"
    ],
    "ultima_modificacion": "2025-08-01 01:01:50.604152"
  },
  "syncengine20250731.0306.1198.69.odlsent": {
    "app_sintetizada": "SYNCENGINE20250731.0306.1198.69.ODLSENT",
    "cantidad_archivos": 1,
    "archivos_fuente": [
      "Library/Logs/OneDrive/Personal/SyncEngine-2025-07-31.0306.1198.69.odlsent"
    ],
    "ultima_modificacion": "2025-08-01 01:01:50.604511"
  },
  "syncdiagnostics.log": {
    "app_sintetizada": "SYNCDIAGNOSTICS.LOG",
    "cantidad_archivos": 1,
    "archivos_fuente": [
      "Library/Logs/OneDrive/Personal/SyncDiagnostics.log"
    ],
    "ultima_modificacion": "2025-08-01 01:01:50.604893"
  },
  "syncengine20250717.0851.1005.46.odlsent": {
    "app_sintetizada": "SYNCENGINE20250717.0851.1005.46.ODLSENT",
    "cantidad_archivos": 1,
    "archivos_fuente": [
      "Library/Logs/OneDrive/Personal/SyncEngine-2025-07-17.0851.1005.46.odlsent"
    ],
    "ultima_modificacion": "2025-08-01 01:01:50.605240"
  },
  "syncengine20250715.1352.1158.4.odlsent": {
    "app_sintetizada": "SYNCENGINE20250715.1352.1158.4.ODLSENT",
    "cantidad_archivos": 1,
    "archivos_fuente": [
      "Library/Logs/OneDrive/Personal/SyncEngine-2025-07-15.1352.1158.4.odlsent"
    ],
    "ultima_modificacion": "2025-08-01 01:01:50.605626"
  },
  "syncengine20250718.1615.880.37.odlsent": {
    "app_sintetizada": "SYNCENGINE20250718.1615.880.37.ODLSENT",
    "cantidad_archivos": 1,
    "archivos_fuente": [
      "Library/Logs/OneDrive/Personal/SyncEngine-2025-07-18.1615.880.37.odlsent"
    ],
    "ultima_modificacion": "2025-08-01 01:01:50.606008"
  },
  "syncengine20250726.1729.911.7.odlsent": {
    "app_sintetizada": "SYNCENGINE20250726.1729.911.7.ODLSENT",
    "cantidad_archivos": 1,
    "archivos_fuente": [
      "Library/Logs/OneDrive/Personal/SyncEngine-2025-07-26.1729.911.7.odlsent"
    ],
    "ultima_modificacion": "2025-08-01 01:01:50.606341"
  },
  "syncengine20250709.0855.38494.28.odlsent": {
    "app_sintetizada": "SYNCENGINE20250709.0855.38494.28.ODLSENT",
    "cantidad_archivos": 1,
    "archivos_fuente": [
      "Library/Logs/OneDrive/Personal/SyncEngine-2025-07-09.0855.38494.28.odlsent"
    ],
    "ultima_modificacion": "2025-08-01 01:01:50.606675"
  },
  "syncengine20250722.1928.1119.4.odlsent": {
    "app_sintetizada": "SYNCENGINE20250722.1928.1119.4.ODLSENT",
    "cantidad_archivos": 1,
    "archivos_fuente": [
      "Library/Logs/OneDrive/Personal/SyncEngine-2025-07-22.1928.1119.4.odlsent"
    ],
    "ultima_modificacion": "2025-08-01 01:01:50.607036"
  },
  "syncengine20250711.2020.961.36.odlsent": {
    "app_sintetizada": "SYNCENGINE20250711.2020.961.36.ODLSENT",
    "cantidad_archivos": 1,
    "archivos_fuente": [
      "Library/Logs/OneDrive/Personal/SyncEngine-2025-07-11.2020.961.36.odlsent"
    ],
    "ultima_modificacion": "2025-08-01 01:01:50.607342"
  },
  "syncengine20250719.1856.880.65.odlsent": {
    "app_sintetizada": "SYNCENGINE20250719.1856.880.65.ODLSENT",
    "cantidad_archivos": 1,
    "archivos_fuente": [
      "Library/Logs/OneDrive/Personal/SyncEngine-2025-07-19.1856.880.65.odlsent"
    ],
    "ultima_modificacion": "2025-08-01 01:01:50.607670"
  },
  "syncengine20250727.0754.911.33.odlsent": {
    "app_sintetizada": "SYNCENGINE20250727.0754.911.33.ODLSENT",
    "cantidad_archivos": 1,
    "archivos_fuente": [
      "Library/Logs/OneDrive/Personal/SyncEngine-2025-07-27.0754.911.33.odlsent"
    ],
    "ultima_modificacion": "2025-08-01 01:01:50.608011"
  },
  "syncengine20250703.2134.1095.1.odlsent": {
    "app_sintetizada": "SYNCENGINE20250703.2134.1095.1.ODLSENT",
    "cantidad_archivos": 1,
    "archivos_fuente": [
      "Library/Logs/OneDrive/Personal/SyncEngine-2025-07-03.2134.1095.1.odlsent"
    ],
    "ultima_modificacion": "2025-08-01 01:01:50.608334"
  },
  "syncengine20250715.2235.1158.16.odlsent": {
    "app_sintetizada": "SYNCENGINE20250715.2235.1158.16.ODLSENT",
    "cantidad_archivos": 1,
    "archivos_fuente": [
      "Library/Logs/OneDrive/Personal/SyncEngine-2025-07-15.2235.1158.16.odlsent"
    ],
    "ultima_modificacion": "2025-08-01 01:01:50.608634"
  },
  "syncengine20250709.1233.38494.32.odlsent": {
    "app_sintetizada": "SYNCENGINE20250709.1233.38494.32.ODLSENT",
    "cantidad_archivos": 1,
    "archivos_fuente": [
      "Library/Logs/OneDrive/Personal/SyncEngine-2025-07-09.1233.38494.32.odlsent"
    ],
    "ultima_modificacion": "2025-08-01 01:01:50.608963"
  },
  "syncengine20250713.2248.4012.57.odlsent": {
    "app_sintetizada": "SYNCENGINE20250713.2248.4012.57.ODLSENT",
    "cantidad_archivos": 1,
    "archivos_fuente": [
      "Library/Logs/OneDrive/Personal/SyncEngine-2025-07-13.2248.4012.57.odlsent"
    ],
    "ultima_modificacion": "2025-08-01 01:01:50.609319"
  },
  "syncengine20250726.1414.911.1.odlsent": {
    "app_sintetizada": "SYNCENGINE20250726.1414.911.1.ODLSENT",
    "cantidad_archivos": 1,
    "archivos_fuente": [
      "Library/Logs/OneDrive/Personal/SyncEngine-2025-07-26.1414.911.1.odlsent"
    ],
    "ultima_modificacion": "2025-08-01 01:01:50.609706"
  },
  "syncengine20250715.0100.4477.16.odlsent": {
    "app_sintetizada": "SYNCENGINE20250715.0100.4477.16.ODLSENT",
    "cantidad_archivos": 1,
    "archivos_fuente": [
      "Library/Logs/OneDrive/Personal/SyncEngine-2025-07-15.0100.4477.16.odlsent"
    ],
    "ultima_modificacion": "2025-08-01 01:01:50.610057"
  },
  "syncengine20250704.1330.1095.28.odlsent": {
    "app_sintetizada": "SYNCENGINE20250704.1330.1095.28.ODLSENT",
    "cantidad_archivos": 1,
    "archivos_fuente": [
      "Library/Logs/OneDrive/Personal/SyncEngine-2025-07-04.1330.1095.28.odlsent"
    ],
    "ultima_modificacion": "2025-08-01 01:01:50.610453"
  },
  "syncengine20250729.0231.1198.17.odlsent": {
    "app_sintetizada": "SYNCENGINE20250729.0231.1198.17.ODLSENT",
    "cantidad_archivos": 1,
    "archivos_fuente": [
      "Library/Logs/OneDrive/Personal/SyncEngine-2025-07-29.0231.1198.17.odlsent"
    ],
    "ultima_modificacion": "2025-08-01 01:01:50.610803"
  },
  "syncengine20250713.1923.4012.51.odlsent": {
    "app_sintetizada": "SYNCENGINE20250713.1923.4012.51.ODLSENT",
    "cantidad_archivos": 1,
    "archivos_fuente": [
      "Library/Logs/OneDrive/Personal/SyncEngine-2025-07-13.1923.4012.51.odlsent"
    ],
    "ultima_modificacion": "2025-08-01 01:01:50.611168"
  },
  "syncengine20250719.0018.880.49.odlsent": {
    "app_sintetizada": "SYNCENGINE20250719.0018.880.49.ODLSENT",
    "cantidad_archivos": 1,
    "archivos_fuente": [
      "Library/Logs/OneDrive/Personal/SyncEngine-2025-07-19.0018.880.49.odlsent"
    ],
    "ultima_modificacion": "2025-08-01 01:01:50.611552"
  },
  "syncengine20250704.1512.1095.30.odlsent": {
    "app_sintetizada": "SYNCENGINE20250704.1512.1095.30.ODLSENT",
    "cantidad_archivos": 1,
    "archivos_fuente": [
      "Library/Logs/OneDrive/Personal/SyncEngine-2025-07-04.1512.1095.30.odlsent"
    ],
    "ultima_modificacion": "2025-08-01 01:01:50.611897"
  },
  "syncengine20250718.2142.880.47.odlsent": {
    "app_sintetizada": "SYNCENGINE20250718.2142.880.47.ODLSENT",
    "cantidad_archivos": 1,
    "archivos_fuente": [
      "Library/Logs/OneDrive/Personal/SyncEngine-2025-07-18.2142.880.47.odlsent"
    ],
    "ultima_modificacion": "2025-08-01 01:01:50.612242"
  },
  "syncengine20250725.0915.1108.40.odlsent": {
    "app_sintetizada": "SYNCENGINE20250725.0915.1108.40.ODLSENT",
    "cantidad_archivos": 1,
    "archivos_fuente": [
      "Library/Logs/OneDrive/Personal/SyncEngine-2025-07-25.0915.1108.40.odlsent"
    ],
    "ultima_modificacion": "2025-08-01 01:01:50.612532"
  },
  "syncengine20250713.2348.4012.60.odlsent": {
    "app_sintetizada": "SYNCENGINE20250713.2348.4012.60.ODLSENT",
    "cantidad_archivos": 1,
    "archivos_fuente": [
      "Library/Logs/OneDrive/Personal/SyncEngine-2025-07-13.2348.4012.60.odlsent"
    ],
    "ultima_modificacion": "2025-08-01 01:01:50.612792"
  },
  "syncengine20250710.2253.961.4.odlsent": {
    "app_sintetizada": "SYNCENGINE20250710.2253.961.4.ODLSENT",
    "cantidad_archivos": 1,
    "archivos_fuente": [
      "Library/Logs/OneDrive/Personal/SyncEngine-2025-07-10.2253.961.4.odlsent"
    ],
    "ultima_modificacion": "2025-08-01 01:01:50.613206"
  },
  "syncengine20250727.0022.911.19.odlsent": {
    "app_sintetizada": "SYNCENGINE20250727.0022.911.19.ODLSENT",
    "cantidad_archivos": 1,
    "archivos_fuente": [
      "Library/Logs/OneDrive/Personal/SyncEngine-2025-07-27.0022.911.19.odlsent"
    ],
    "ultima_modificacion": "2025-08-01 01:01:50.613521"
  },
  "syncengine20250723.2142.1096.16.odlsent": {
    "app_sintetizada": "SYNCENGINE20250723.2142.1096.16.ODLSENT",
    "cantidad_archivos": 1,
    "archivos_fuente": [
      "Library/Logs/OneDrive/Personal/SyncEngine-2025-07-23.2142.1096.16.odlsent"
    ],
    "ultima_modificacion": "2025-08-01 01:01:50.613801"
  },
  "syncengine20250730.0324.1198.46.odlsent": {
    "app_sintetizada": "SYNCENGINE20250730.0324.1198.46.ODLSENT",
    "cantidad_archivos": 1,
    "archivos_fuente": [
      "Library/Logs/OneDrive/Personal/SyncEngine-2025-07-30.0324.1198.46.odlsent"
    ],
    "ultima_modificacion": "2025-08-01 01:01:50.614077"
  },
  "syncengine20250718.0836.880.23.odlsent": {
    "app_sintetizada": "SYNCENGINE20250718.0836.880.23.ODLSENT",
    "cantidad_archivos": 1,
    "archivos_fuente": [
      "Library/Logs/OneDrive/Personal/SyncEngine-2025-07-18.0836.880.23.odlsent"
    ],
    "ultima_modificacion": "2025-08-01 01:01:50.614381"
  },
  "syncengine20250722.1438.1223.50.odlsent": {
    "app_sintetizada": "SYNCENGINE20250722.1438.1223.50.ODLSENT",
    "cantidad_archivos": 1,
    "archivos_fuente": [
      "Library/Logs/OneDrive/Personal/SyncEngine-2025-07-22.1438.1223.50.odlsent"
    ],
    "ultima_modificacion": "2025-08-01 01:01:50.614651"
  },
  "syncengine20250731.1616.1198.76.odlsent": {
    "app_sintetizada": "SYNCENGINE20250731.1616.1198.76.ODLSENT",
    "cantidad_archivos": 1,
    "archivos_fuente": [
      "Library/Logs/OneDrive/Personal/SyncEngine-2025-07-31.1616.1198.76.odlsent"
    ],
    "ultima_modificacion": "2025-08-01 01:01:50.614919"
  },
  "syncengine20250730.1706.1198.58.odlsent": {
    "app_sintetizada": "SYNCENGINE20250730.1706.1198.58.ODLSENT",
    "cantidad_archivos": 1,
    "archivos_fuente": [
      "Library/Logs/OneDrive/Personal/SyncEngine-2025-07-30.1706.1198.58.odlsent"
    ],
    "ultima_modificacion": "2025-08-01 01:01:50.615191"
  },
  "syncengine20250715.0710.4477.28.odlsent": {
    "app_sintetizada": "SYNCENGINE20250715.0710.4477.28.ODLSENT",
    "cantidad_archivos": 1,
    "archivos_fuente": [
      "Library/Logs/OneDrive/Personal/SyncEngine-2025-07-15.0710.4477.28.odlsent"
    ],
    "ultima_modificacion": "2025-08-01 01:01:50.615549"
  },
  "syncengine20250714.2043.4477.8.odlsent": {
    "app_sintetizada": "SYNCENGINE20250714.2043.4477.8.ODLSENT",
    "cantidad_archivos": 1,
    "archivos_fuente": [
      "Library/Logs/OneDrive/Personal/SyncEngine-2025-07-14.2043.4477.8.odlsent"
    ],
    "ultima_modificacion": "2025-08-01 01:01:50.615953"
  },
  "syncengine20250801.0056.983.9.odlsent": {
    "app_sintetizada": "SYNCENGINE20250801.0056.983.9.ODLSENT",
    "cantidad_archivos": 1,
    "archivos_fuente": [
      "Library/Logs/OneDrive/Personal/SyncEngine-2025-08-01.0056.983.9.odlsent"
    ],
    "ultima_modificacion": "2025-08-01 01:01:50.616242"
  },
  "syncengine20250724.1414.1108.3.odlsent": {
    "app_sintetizada": "SYNCENGINE20250724.1414.1108.3.ODLSENT",
    "cantidad_archivos": 1,
    "archivos_fuente": [
      "Library/Logs/OneDrive/Personal/SyncEngine-2025-07-24.1414.1108.3.odlsent"
    ],
    "ultima_modificacion": "2025-08-01 01:01:50.616522"
  },
  "syncengine20250718.1048.880.26.odlsent": {
    "app_sintetizada": "SYNCENGINE20250718.1048.880.26.ODLSENT",
    "cantidad_archivos": 1,
    "archivos_fuente": [
      "Library/Logs/OneDrive/Personal/SyncEngine-2025-07-18.1048.880.26.odlsent"
    ],
    "ultima_modificacion": "2025-08-01 01:01:50.616782"
  },
  "syncengine20250724.0053.1096.22.odlsent": {
    "app_sintetizada": "SYNCENGINE20250724.0053.1096.22.ODLSENT",
    "cantidad_archivos": 1,
    "archivos_fuente": [
      "Library/Logs/OneDrive/Personal/SyncEngine-2025-07-24.0053.1096.22.odlsent"
    ],
    "ultima_modificacion": "2025-08-01 01:01:50.617059"
  },
  "syncengine20250713.1823.4012.49.odlsent": {
    "app_sintetizada": "SYNCENGINE20250713.1823.4012.49.ODLSENT",
    "cantidad_archivos": 1,
    "archivos_fuente": [
      "Library/Logs/OneDrive/Personal/SyncEngine-2025-07-13.1823.4012.49.odlsent"
    ],
    "ultima_modificacion": "2025-08-01 01:01:50.617322"
  },
  "syncengine20250711.2122.961.37.odlsent": {
    "app_sintetizada": "SYNCENGINE20250711.2122.961.37.ODLSENT",
    "cantidad_archivos": 1,
    "archivos_fuente": [
      "Library/Logs/OneDrive/Personal/SyncEngine-2025-07-11.2122.961.37.odlsent"
    ],
    "ultima_modificacion": "2025-08-01 01:01:50.617639"
  },
  "syncengine20250707.1355.939.65.odlsent": {
    "app_sintetizada": "SYNCENGINE20250707.1355.939.65.ODLSENT",
    "cantidad_archivos": 1,
    "archivos_fuente": [
      "Library/Logs/OneDrive/Personal/SyncEngine-2025-07-07.1355.939.65.odlsent"
    ],
    "ultima_modificacion": "2025-08-01 01:01:50.617909"
  },
  "syncengine20250728.1330.911.43.odlsent": {
    "app_sintetizada": "SYNCENGINE20250728.1330.911.43.ODLSENT",
    "cantidad_archivos": 1,
    "archivos_fuente": [
      "Library/Logs/OneDrive/Personal/SyncEngine-2025-07-28.1330.911.43.odlsent"
    ],
    "ultima_modificacion": "2025-08-01 01:01:50.618263"
  },
  "syncengine20250715.1556.1158.8.odlsent": {
    "app_sintetizada": "SYNCENGINE20250715.1556.1158.8.ODLSENT",
    "cantidad_archivos": 1,
    "archivos_fuente": [
      "Library/Logs/OneDrive/Personal/SyncEngine-2025-07-15.1556.1158.8.odlsent"
    ],
    "ultima_modificacion": "2025-08-01 01:01:50.618533"
  },
  "syncengine20250711.0158.961.7.odlsent": {
    "app_sintetizada": "SYNCENGINE20250711.0158.961.7.ODLSENT",
    "cantidad_archivos": 1,
    "archivos_fuente": [
      "Library/Logs/OneDrive/Personal/SyncEngine-2025-07-11.0158.961.7.odlsent"
    ],
    "ultima_modificacion": "2025-08-01 01:01:50.618796"
  },
  "syncengine20250712.1336.4012.21.odlsent": {
    "app_sintetizada": "SYNCENGINE20250712.1336.4012.21.ODLSENT",
    "cantidad_archivos": 1,
    "archivos_fuente": [
      "Library/Logs/OneDrive/Personal/SyncEngine-2025-07-12.1336.4012.21.odlsent"
    ],
    "ultima_modificacion": "2025-08-01 01:01:50.619054"
  },
  "syncengine20250724.1144.827.9.odlsent": {
    "app_sintetizada": "SYNCENGINE20250724.1144.827.9.ODLSENT",
    "cantidad_archivos": 1,
    "archivos_fuente": [
      "Library/Logs/OneDrive/Personal/SyncEngine-2025-07-24.1144.827.9.odlsent"
    ],
    "ultima_modificacion": "2025-08-01 01:01:50.619330"
  },
  "syncengine20250724.1404.827.12.odlsent": {
    "app_sintetizada": "SYNCENGINE20250724.1404.827.12.ODLSENT",
    "cantidad_archivos": 1,
    "archivos_fuente": [
      "Library/Logs/OneDrive/Personal/SyncEngine-2025-07-24.1404.827.12.odlsent"
    ],
    "ultima_modificacion": "2025-08-01 01:01:50.619675"
  },
  "syncengine20250726.0757.16361.6.odlsent": {
    "app_sintetizada": "SYNCENGINE20250726.0757.16361.6.ODLSENT",
    "cantidad_archivos": 1,
    "archivos_fuente": [
      "Library/Logs/OneDrive/Personal/SyncEngine-2025-07-26.0757.16361.6.odlsent"
    ],
    "ultima_modificacion": "2025-08-01 01:01:50.619939"
  },
  "syncengine20250710.0215.989.4.odlsent": {
    "app_sintetizada": "SYNCENGINE20250710.0215.989.4.ODLSENT",
    "cantidad_archivos": 1,
    "archivos_fuente": [
      "Library/Logs/OneDrive/Personal/SyncEngine-2025-07-10.0215.989.4.odlsent"
    ],
    "ultima_modificacion": "2025-08-01 01:01:50.620242"
  },
  "syncengine20250707.0105.939.50.odlsent": {
    "app_sintetizada": "SYNCENGINE20250707.0105.939.50.ODLSENT",
    "cantidad_archivos": 1,
    "archivos_fuente": [
      "Library/Logs/OneDrive/Personal/SyncEngine-2025-07-07.0105.939.50.odlsent"
    ],
    "ultima_modificacion": "2025-08-01 01:01:50.620474"
  },
  "syncengine20250707.1601.939.68.odlsent": {
    "app_sintetizada": "SYNCENGINE20250707.1601.939.68.ODLSENT",
    "cantidad_archivos": 1,
    "archivos_fuente": [
      "Library/Logs/OneDrive/Personal/SyncEngine-2025-07-07.1601.939.68.odlsent"
    ],
    "ultima_modificacion": "2025-08-01 01:01:50.620764"
  },
  "syncengine20250730.2145.1198.63.odlsent": {
    "app_sintetizada": "SYNCENGINE20250730.2145.1198.63.ODLSENT",
    "cantidad_archivos": 1,
    "archivos_fuente": [
      "Library/Logs/OneDrive/Personal/SyncEngine-2025-07-30.2145.1198.63.odlsent"
    ],
    "ultima_modificacion": "2025-08-01 01:01:50.620996"
  },
  "syncengine20250718.1931.880.43.odlsent": {
    "app_sintetizada": "SYNCENGINE20250718.1931.880.43.ODLSENT",
    "cantidad_archivos": 1,
    "archivos_fuente": [
      "Library/Logs/OneDrive/Personal/SyncEngine-2025-07-18.1931.880.43.odlsent"
    ],
    "ultima_modificacion": "2025-08-01 01:01:50.621235"
  }
}