{
  "6722961481bdf5190": {
    "app_sintetizada": "6722961481BDF5190",
    "cantidad_archivos": 1,
    "archivos_fuente": [
      "Library/Caches/Google/Chrome/Default/Cache/Cache_Data/6722961481bdf519_0"
    ],
    "ultima_modificacion": "2025-08-01 01:01:59.515710"
  },
  "ae423524c7384bba0": {
    "app_sintetizada": "AE423524C7384BBA0",
    "cantidad_archivos": 1,
    "archivos_fuente": [
      "Library/Caches/Google/Chrome/Default/Cache/Cache_Data/ae423524c7384bba_0"
    ],
    "ultima_modificacion": "2025-08-01 01:01:59.515973"
  },
  "e7138d1248f1c48d0": {
    "app_sintetizada": "E7138D1248F1C48D0",
    "cantidad_archivos": 1,
    "archivos_fuente": [
      "Library/Caches/Google/Chrome/Default/Cache/Cache_Data/e7138d1248f1c48d_0"
    ],
    "ultima_modificacion": "2025-08-01 01:01:59.516381"
  },
  "8db4b03d68c1d1880": {
    "app_sintetizada": "8DB4B03D68C1D1880",
    "cantidad_archivos": 1,
    "archivos_fuente": [
      "Library/Caches/Google/Chrome/Default/Cache/Cache_Data/8db4b03d68c1d188_0"
    ],
    "ultima_modificacion": "2025-08-01 01:01:59.516895"
  },
  "59535ce475aabc9c0": {
    "app_sintetizada": "59535CE475AABC9C0",
    "cantidad_archivos": 1,
    "archivos_fuente": [
      "Library/Caches/Google/Chrome/Default/Cache/Cache_Data/59535ce475aabc9c_0"
    ],
    "ultima_modificacion": "2025-08-01 01:01:59.517214"
  },
  "f68cc036620baeed0": {
    "app_sintetizada": "F68CC036620BAEED0",
    "cantidad_archivos": 1,
    "archivos_fuente": [
      "Library/Caches/Google/Chrome/Default/Cache/Cache_Data/f68cc036620baeed_0"
    ],
    "ultima_modificacion": "2025-08-01 01:01:59.517519"
  },
  "fcf648e185902b0d0": {
    "app_sintetizada": "FCF648E185902B0D0",
    "cantidad_archivos": 1,
    "archivos_fuente": [
      "Library/Caches/Google/Chrome/Default/Cache/Cache_Data/fcf648e185902b0d_0"
    ],
    "ultima_modificacion": "2025-08-01 01:01:59.517790"
  },
  "63083aef11b936c40": {
    "app_sintetizada": "63083AEF11B936C40",
    "cantidad_archivos": 1,
    "archivos_fuente": [
      "Library/Caches/Google/Chrome/Default/Cache/Cache_Data/63083aef11b936c4_0"
    ],
    "ultima_modificacion": "2025-08-01 01:01:59.518142"
  },
  "b36638cf383a5fd70": {
    "app_sintetizada": "B36638CF383A5FD70",
    "cantidad_archivos": 1,
    "archivos_fuente": [
      "Library/Caches/Google/Chrome/Default/Cache/Cache_Data/b36638cf383a5fd7_0"
    ],
    "ultima_modificacion": "2025-08-01 01:01:59.518406"
  },
  "543fa2ec714539e40": {
    "app_sintetizada": "543FA2EC714539E40",
    "cantidad_archivos": 1,
    "archivos_fuente": [
      "Library/Caches/Google/Chrome/Default/Cache/Cache_Data/543fa2ec714539e4_0"
    ],
    "ultima_modificacion": "2025-08-01 01:01:59.518689"
  },
  "a9b76f83096181a60": {
    "app_sintetizada": "A9B76F83096181A60",
    "cantidad_archivos": 1,
    "archivos_fuente": [
      "Library/Caches/Google/Chrome/Default/Cache/Cache_Data/a9b76f83096181a6_0"
    ],
    "ultima_modificacion": "2025-08-01 01:01:59.518981"
  },
  "70d42b3cfa7d5d8f0": {
    "app_sintetizada": "70D42B3CFA7D5D8F0",
    "cantidad_archivos": 1,
    "archivos_fuente": [
      "Library/Caches/Google/Chrome/Default/Cache/Cache_Data/70d42b3cfa7d5d8f_0"
    ],
    "ultima_modificacion": "2025-08-01 01:01:59.519258"
  },
  "8597142a04ebfd4a0": {
    "app_sintetizada": "8597142A04EBFD4A0",
    "cantidad_archivos": 1,
    "archivos_fuente": [
      "Library/Caches/Google/Chrome/Default/Cache/Cache_Data/8597142a04ebfd4a_0"
    ],
    "ultima_modificacion": "2025-08-01 01:01:59.519521"
  },
  "424f3df8465d858c0": {
    "app_sintetizada": "424F3DF8465D858C0",
    "cantidad_archivos": 1,
    "archivos_fuente": [
      "Library/Caches/Google/Chrome/Default/Cache/Cache_Data/424f3df8465d858c_0"
    ],
    "ultima_modificacion": "2025-08-01 01:01:59.519776"
  },
  "eb8a1ffef21b61dd0": {
    "app_sintetizada": "EB8A1FFEF21B61DD0",
    "cantidad_archivos": 1,
    "archivos_fuente": [
      "Library/Caches/Google/Chrome/Default/Cache/Cache_Data/eb8a1ffef21b61dd_0"
    ],
    "ultima_modificacion": "2025-08-01 01:01:59.520028"
  },
  "f626abc128c760e50": {
    "app_sintetizada": "F626ABC128C760E50",
    "cantidad_archivos": 1,
    "archivos_fuente": [
      "Library/Caches/Google/Chrome/Default/Cache/Cache_Data/f626abc128c760e5_0"
    ],
    "ultima_modificacion": "2025-08-01 01:01:59.520285"
  },
  "9666595fea849b050": {
    "app_sintetizada": "9666595FEA849B050",
    "cantidad_archivos": 1,
    "archivos_fuente": [
      "Library/Caches/Google/Chrome/Default/Cache/Cache_Data/9666595fea849b05_0"
    ],
    "ultima_modificacion": "2025-08-01 01:01:59.520575"
  },
  "9609fb496f5861020": {
    "app_sintetizada": "9609FB496F5861020",
    "cantidad_archivos": 1,
    "archivos_fuente": [
      "Library/Caches/Google/Chrome/Default/Cache/Cache_Data/9609fb496f586102_0"
    ],
    "ultima_modificacion": "2025-08-01 01:01:59.520842"
  },
  "5b009c2c3bfee74a0": {
    "app_sintetizada": "5B009C2C3BFEE74A0",
    "cantidad_archivos": 1,
    "archivos_fuente": [
      "Library/Caches/Google/Chrome/Default/Cache/Cache_Data/5b009c2c3bfee74a_0"
    ],
    "ultima_modificacion": "2025-08-01 01:01:59.521096"
  },
  "709d6eed69e51e4b0": {
    "app_sintetizada": "709D6EED69E51E4B0",
    "cantidad_archivos": 1,
    "archivos_fuente": [
      "Library/Caches/Google/Chrome/Default/Cache/Cache_Data/709d6eed69e51e4b_0"
    ],
    "ultima_modificacion": "2025-08-01 01:01:59.521389"
  },
  "e4967615c5f9ffdb0": {
    "app_sintetizada": "E4967615C5F9FFDB0",
    "cantidad_archivos": 1,
    "archivos_fuente": [
      "Library/Caches/Google/Chrome/Default/Cache/Cache_Data/e4967615c5f9ffdb_0"
    ],
    "ultima_modificacion": "2025-08-01 01:01:59.521689"
  },
  "a9db29fcfa4410710": {
    "app_sintetizada": "A9DB29FCFA4410710",
    "cantidad_archivos": 1,
    "archivos_fuente": [
      "Library/Caches/Google/Chrome/Default/Cache/Cache_Data/a9db29fcfa441071_0"
    ],
    "ultima_modificacion": "2025-08-01 01:01:59.522007"
  },
  "c250ccdf548b860c0": {
    "app_sintetizada": "C250CCDF548B860C0",
    "cantidad_archivos": 1,
    "archivos_fuente": [
      "Library/Caches/Google/Chrome/Default/Cache/Cache_Data/c250ccdf548b860c_0"
    ],
    "ultima_modificacion": "2025-08-01 01:01:59.522280"
  },
  "e5dc4c2490b26dd00": {
    "app_sintetizada": "E5DC4C2490B26DD00",
    "cantidad_archivos": 1,
    "archivos_fuente": [
      "Library/Caches/Google/Chrome/Default/Cache/Cache_Data/e5dc4c2490b26dd0_0"
    ],
    "ultima_modificacion": "2025-08-01 01:01:59.522632"
  },
  "d952438ba96d04580": {
    "app_sintetizada": "D952438BA96D04580",
    "cantidad_archivos": 1,
    "archivos_fuente": [
      "Library/Caches/Google/Chrome/Default/Cache/Cache_Data/d952438ba96d0458_0"
    ],
    "ultima_modificacion": "2025-08-01 01:01:59.522894"
  },
  "4201152b4cddab250": {
    "app_sintetizada": "4201152B4CDDAB250",
    "cantidad_archivos": 1,
    "archivos_fuente": [
      "Library/Caches/Google/Chrome/Default/Cache/Cache_Data/4201152b4cddab25_0"
    ],
    "ultima_modificacion": "2025-08-01 01:01:59.523158"
  },
  "e3e1b4113c2894230": {
    "app_sintetizada": "E3E1B4113C2894230",
    "cantidad_archivos": 1,
    "archivos_fuente": [
      "Library/Caches/Google/Chrome/Default/Cache/Cache_Data/e3e1b4113c289423_0"
    ],
    "ultima_modificacion": "2025-08-01 01:01:59.523453"
  },
  "61fce846134b22900": {
    "app_sintetizada": "61FCE846134B22900",
    "cantidad_archivos": 1,
    "archivos_fuente": [
      "Library/Caches/Google/Chrome/Default/Cache/Cache_Data/61fce846134b2290_0"
    ],
    "ultima_modificacion": "2025-08-01 01:01:59.523700"
  },
  "30fee43327f151f00": {
    "app_sintetizada": "30FEE43327F151F00",
    "cantidad_archivos": 1,
    "archivos_fuente": [
      "Library/Caches/Google/Chrome/Default/Cache/Cache_Data/30fee43327f151f0_0"
    ],
    "ultima_modificacion": "2025-08-01 01:01:59.523910"
  },
  "3f28bbce573954a90": {
    "app_sintetizada": "3F28BBCE573954A90",
    "cantidad_archivos": 1,
    "archivos_fuente": [
      "Library/Caches/Google/Chrome/Default/Cache/Cache_Data/3f28bbce573954a9_0"
    ],
    "ultima_modificacion": "2025-08-01 01:01:59.524140"
  },
  "0f9b4bca9594f1130": {
    "app_sintetizada": "0F9B4BCA9594F1130",
    "cantidad_archivos": 1,
    "archivos_fuente": [
      "Library/Caches/Google/Chrome/Default/Cache/Cache_Data/0f9b4bca9594f113_0"
    ],
    "ultima_modificacion": "2025-08-01 01:01:59.524443"
  },
  "15f7752c0e0e649f0": {
    "app_sintetizada": "15F7752C0E0E649F0",
    "cantidad_archivos": 1,
    "archivos_fuente": [
      "Library/Caches/Google/Chrome/Default/Cache/Cache_Data/15f7752c0e0e649f_0"
    ],
    "ultima_modificacion": "2025-08-01 01:01:59.524788"
  },
  "504d0ef515e6ca870": {
    "app_sintetizada": "504D0EF515E6CA870",
    "cantidad_archivos": 1,
    "archivos_fuente": [
      "Library/Caches/Google/Chrome/Default/Cache/Cache_Data/504d0ef515e6ca87_0"
    ],
    "ultima_modificacion": "2025-08-01 01:01:59.525034"
  },
  "5d8acc8fbe7c941a0": {
    "app_sintetizada": "5D8ACC8FBE7C941A0",
    "cantidad_archivos": 1,
    "archivos_fuente": [
      "Library/Caches/Google/Chrome/Default/Cache/Cache_Data/5d8acc8fbe7c941a_0"
    ],
    "ultima_modificacion": "2025-08-01 01:01:59.525244"
  },
  "6fdfcb2a855633f50": {
    "app_sintetizada": "6FDFCB2A855633F50",
    "cantidad_archivos": 1,
    "archivos_fuente": [
      "Library/Caches/Google/Chrome/Default/Cache/Cache_Data/6fdfcb2a855633f5_0"
    ],
    "ultima_modificacion": "2025-08-01 01:01:59.525446"
  },
  "ec969c87996143ad0": {
    "app_sintetizada": "EC969C87996143AD0",
    "cantidad_archivos": 1,
    "archivos_fuente": [
      "Library/Caches/Google/Chrome/Default/Cache/Cache_Data/ec969c87996143ad_0"
    ],
    "ultima_modificacion": "2025-08-01 01:01:59.525637"
  },
  "49dbe559cdcaf35b0": {
    "app_sintetizada": "49DBE559CDCAF35B0",
    "cantidad_archivos": 1,
    "archivos_fuente": [
      "Library/Caches/Google/Chrome/Default/Cache/Cache_Data/49dbe559cdcaf35b_0"
    ],
    "ultima_modificacion": "2025-08-01 01:01:59.525841"
  },
  "9ba9fb32d010176e0": {
    "app_sintetizada": "9BA9FB32D010176E0",
    "cantidad_archivos": 1,
    "archivos_fuente": [
      "Library/Caches/Google/Chrome/Default/Cache/Cache_Data/9ba9fb32d010176e_0"
    ],
    "ultima_modificacion": "2025-08-01 01:01:59.526090"
  },
  "f81acc448ba393ae0": {
    "app_sintetizada": "F81ACC448BA393AE0",
    "cantidad_archivos": 1,
    "archivos_fuente": [
      "Library/Caches/Google/Chrome/Default/Cache/Cache_Data/f81acc448ba393ae_0"
    ],
    "ultima_modificacion": "2025-08-01 01:01:59.526392"
  },
  "2c0d9ed8dcc37f520": {
    "app_sintetizada": "2C0D9ED8DCC37F520",
    "cantidad_archivos": 1,
    "archivos_fuente": [
      "Library/Caches/Google/Chrome/Default/Cache/Cache_Data/2c0d9ed8dcc37f52_0"
    ],
    "ultima_modificacion": "2025-08-01 01:01:59.526638"
  },
  "88c3fe9120dd44fc0": {
    "app_sintetizada": "88C3FE9120DD44FC0",
    "cantidad_archivos": 1,
    "archivos_fuente": [
      "Library/Caches/Google/Chrome/Default/Cache/Cache_Data/88c3fe9120dd44fc_0"
    ],
    "ultima_modificacion": "2025-08-01 01:01:59.526872"
  },
  "c7f834077dbd47170": {
    "app_sintetizada": "C7F834077DBD47170",
    "cantidad_archivos": 1,
    "archivos_fuente": [
      "Library/Caches/Google/Chrome/Default/Cache/Cache_Data/c7f834077dbd4717_0"
    ],
    "ultima_modificacion": "2025-08-01 01:01:59.527106"
  },
  "fc113f37ba7995540": {
    "app_sintetizada": "FC113F37BA7995540",
    "cantidad_archivos": 1,
    "archivos_fuente": [
      "Library/Caches/Google/Chrome/Default/Cache/Cache_Data/fc113f37ba799554_0"
    ],
    "ultima_modificacion": "2025-08-01 01:01:59.527418"
  },
  "b00553ed9b312a7a0": {
    "app_sintetizada": "B00553ED9B312A7A0",
    "cantidad_archivos": 1,
    "archivos_fuente": [
      "Library/Caches/Google/Chrome/Default/Cache/Cache_Data/b00553ed9b312a7a_0"
    ],
    "ultima_modificacion": "2025-08-01 01:01:59.527636"
  },
  "ded888e076c4ce9e0": {
    "app_sintetizada": "DED888E076C4CE9E0",
    "cantidad_archivos": 1,
    "archivos_fuente": [
      "Library/Caches/Google/Chrome/Default/Cache/Cache_Data/ded888e076c4ce9e_0"
    ],
    "ultima_modificacion": "2025-08-01 01:01:59.527838"
  },
  "d0601748e5291c0a0": {
    "app_sintetizada": "D0601748E5291C0A0",
    "cantidad_archivos": 1,
    "archivos_fuente": [
      "Library/Caches/Google/Chrome/Default/Cache/Cache_Data/d0601748e5291c0a_0"
    ],
    "ultima_modificacion": "2025-08-01 01:01:59.528028"
  },
  "7333809b7ed293aa0": {
    "app_sintetizada": "7333809B7ED293AA0",
    "cantidad_archivos": 1,
    "archivos_fuente": [
      "Library/Caches/Google/Chrome/Default/Cache/Cache_Data/7333809b7ed293aa_0"
    ],
    "ultima_modificacion": "2025-08-01 01:01:59.528222"
  },
  "3100d99def0390e30": {
    "app_sintetizada": "3100D99DEF0390E30",
    "cantidad_archivos": 1,
    "archivos_fuente": [
      "Library/Caches/Google/Chrome/Default/Cache/Cache_Data/3100d99def0390e3_0"
    ],
    "ultima_modificacion": "2025-08-01 01:01:59.528405"
  },
  "8d7a3ffc7c5652f80": {
    "app_sintetizada": "8D7A3FFC7C5652F80",
    "cantidad_archivos": 1,
    "archivos_fuente": [
      "Library/Caches/Google/Chrome/Default/Cache/Cache_Data/8d7a3ffc7c5652f8_0"
    ],
    "ultima_modificacion": "2025-08-01 01:01:59.528592"
  },
  "cd9d0a5cc66643690": {
    "app_sintetizada": "CD9D0A5CC66643690",
    "cantidad_archivos": 1,
    "archivos_fuente": [
      "Library/Caches/Google/Chrome/Default/Cache/Cache_Data/cd9d0a5cc6664369_0"
    ],
    "ultima_modificacion": "2025-08-01 01:01:59.528826"
  },
  "fff286f4c3ed43640": {
    "app_sintetizada": "FFF286F4C3ED43640",
    "cantidad_archivos": 1,
    "archivos_fuente": [
      "Library/Caches/Google/Chrome/Default/Cache/Cache_Data/fff286f4c3ed4364_0"
    ],
    "ultima_modificacion": "2025-08-01 01:01:59.529165"
  },
  "85dcf0bd5e9239bd0": {
    "app_sintetizada": "85DCF0BD5E9239BD0",
    "cantidad_archivos": 1,
    "archivos_fuente": [
      "Library/Caches/Google/Chrome/Default/Cache/Cache_Data/85dcf0bd5e9239bd_0"
    ],
    "ultima_modificacion": "2025-08-01 01:01:59.529390"
  },
  "ce8fa8d78514e1070": {
    "app_sintetizada": "CE8FA8D78514E1070",
    "cantidad_archivos": 1,
    "archivos_fuente": [
      "Library/Caches/Google/Chrome/Default/Cache/Cache_Data/ce8fa8d78514e107_0"
    ],
    "ultima_modificacion": "2025-08-01 01:01:59.529623"
  },
  "4344b3c89b82bac70": {
    "app_sintetizada": "4344B3C89B82BAC70",
    "cantidad_archivos": 1,
    "archivos_fuente": [
      "Library/Caches/Google/Chrome/Default/Cache/Cache_Data/4344b3c89b82bac7_0"
    ],
    "ultima_modificacion": "2025-08-01 01:01:59.529863"
  },
  "defca20338b585de0": {
    "app_sintetizada": "DEFCA20338B585DE0",
    "cantidad_archivos": 1,
    "archivos_fuente": [
      "Library/Caches/Google/Chrome/Default/Cache/Cache_Data/defca20338b585de_0"
    ],
    "ultima_modificacion": "2025-08-01 01:01:59.530110"
  },
  "78baeecabf3554f30": {
    "app_sintetizada": "78BAEECABF3554F30",
    "cantidad_archivos": 1,
    "archivos_fuente": [
      "Library/Caches/Google/Chrome/Default/Cache/Cache_Data/78baeecabf3554f3_0"
    ],
    "ultima_modificacion": "2025-08-01 01:01:59.530395"
  },
  "c90652e5adf817ed0": {
    "app_sintetizada": "C90652E5ADF817ED0",
    "cantidad_archivos": 1,
    "archivos_fuente": [
      "Library/Caches/Google/Chrome/Default/Cache/Cache_Data/c90652e5adf817ed_0"
    ],
    "ultima_modificacion": "2025-08-01 01:01:59.530672"
  },
  "32518cfa4d4105a60": {
    "app_sintetizada": "32518CFA4D4105A60",
    "cantidad_archivos": 1,
    "archivos_fuente": [
      "Library/Caches/Google/Chrome/Default/Cache/Cache_Data/32518cfa4d4105a6_0"
    ],
    "ultima_modificacion": "2025-08-01 01:01:59.530925"
  },
  "8dbd1a71004340510": {
    "app_sintetizada": "8DBD1A71004340510",
    "cantidad_archivos": 1,
    "archivos_fuente": [
      "Library/Caches/Google/Chrome/Default/Cache/Cache_Data/8dbd1a7100434051_0"
    ],
    "ultima_modificacion": "2025-08-01 01:01:59.531172"
  },
  "ae3ebec505208e870": {
    "app_sintetizada": "AE3EBEC505208E870",
    "cantidad_archivos": 1,
    "archivos_fuente": [
      "Library/Caches/Google/Chrome/Default/Cache/Cache_Data/ae3ebec505208e87_0"
    ],
    "ultima_modificacion": "2025-08-01 01:01:59.531475"
  },
  "c1f3d3aeec8131120": {
    "app_sintetizada": "C1F3D3AEEC8131120",
    "cantidad_archivos": 1,
    "archivos_fuente": [
      "Library/Caches/Google/Chrome/Default/Cache/Cache_Data/c1f3d3aeec813112_0"
    ],
    "ultima_modificacion": "2025-08-01 01:01:59.531716"
  },
  "df66bad463acf4b70": {
    "app_sintetizada": "DF66BAD463ACF4B70",
    "cantidad_archivos": 1,
    "archivos_fuente": [
      "Library/Caches/Google/Chrome/Default/Cache/Cache_Data/df66bad463acf4b7_0"
    ],
    "ultima_modificacion": "2025-08-01 01:01:59.531947"
  },
  "afed0715f322c76b0": {
    "app_sintetizada": "AFED0715F322C76B0",
    "cantidad_archivos": 1,
    "archivos_fuente": [
      "Library/Caches/Google/Chrome/Default/Cache/Cache_Data/afed0715f322c76b_0"
    ],
    "ultima_modificacion": "2025-08-01 01:01:59.532182"
  },
  "c0d70b5a54ddec380": {
    "app_sintetizada": "C0D70B5A54DDEC380",
    "cantidad_archivos": 1,
    "archivos_fuente": [
      "Library/Caches/Google/Chrome/Default/Cache/Cache_Data/c0d70b5a54ddec38_0"
    ],
    "ultima_modificacion": "2025-08-01 01:01:59.532417"
  },
  "c72ace651820769d0": {
    "app_sintetizada": "C72ACE651820769D0",
    "cantidad_archivos": 1,
    "archivos_fuente": [
      "Library/Caches/Google/Chrome/Default/Cache/Cache_Data/c72ace651820769d_0"
    ],
    "ultima_modificacion": "2025-08-01 01:01:59.532717"
  },
  "77e307d629ee7fb50": {
    "app_sintetizada": "77E307D629EE7FB50",
    "cantidad_archivos": 1,
    "archivos_fuente": [
      "Library/Caches/Google/Chrome/Default/Cache/Cache_Data/77e307d629ee7fb5_0"
    ],
    "ultima_modificacion": "2025-08-01 01:01:59.532923"
  },
  "59ea1f60a29ddcc40": {
    "app_sintetizada": "59EA1F60A29DDCC40",
    "cantidad_archivos": 1,
    "archivos_fuente": [
      "Library/Caches/Google/Chrome/Default/Cache/Cache_Data/59ea1f60a29ddcc4_0"
    ],
    "ultima_modificacion": "2025-08-01 01:01:59.533120"
  },
  "d82f6579608e9d160": {
    "app_sintetizada": "D82F6579608E9D160",
    "cantidad_archivos": 1,
    "archivos_fuente": [
      "Library/Caches/Google/Chrome/Default/Cache/Cache_Data/d82f6579608e9d16_0"
    ],
    "ultima_modificacion": "2025-08-01 01:01:59.533313"
  },
  "a70c7c4da3f902b40": {
    "app_sintetizada": "A70C7C4DA3F902B40",
    "cantidad_archivos": 1,
    "archivos_fuente": [
      "Library/Caches/Google/Chrome/Default/Cache/Cache_Data/a70c7c4da3f902b4_0"
    ],
    "ultima_modificacion": "2025-08-01 01:01:59.533502"
  },
  "60676fe7a77939280": {
    "app_sintetizada": "60676FE7A77939280",
    "cantidad_archivos": 1,
    "archivos_fuente": [
      "Library/Caches/Google/Chrome/Default/Cache/Cache_Data/60676fe7a7793928_0"
    ],
    "ultima_modificacion": "2025-08-01 01:01:59.533681"
  },
  "a4eca3432786df8a0": {
    "app_sintetizada": "A4ECA3432786DF8A0",
    "cantidad_archivos": 1,
    "archivos_fuente": [
      "Library/Caches/Google/Chrome/Default/Cache/Cache_Data/a4eca3432786df8a_0"
    ],
    "ultima_modificacion": "2025-08-01 01:01:59.533859"
  },
  "72b13601a7ca2f290": {
    "app_sintetizada": "72B13601A7CA2F290",
    "cantidad_archivos": 1,
    "archivos_fuente": [
      "Library/Caches/Google/Chrome/Default/Cache/Cache_Data/72b13601a7ca2f29_0"
    ],
    "ultima_modificacion": "2025-08-01 01:01:59.534118"
  },
  "591b53791b6492100": {
    "app_sintetizada": "591B53791B6492100",
    "cantidad_archivos": 1,
    "archivos_fuente": [
      "Library/Caches/Google/Chrome/Default/Cache/Cache_Data/591b53791b649210_0"
    ],
    "ultima_modificacion": "2025-08-01 01:01:59.534420"
  },
  "fb14c4d1b657fc200": {
    "app_sintetizada": "FB14C4D1B657FC200",
    "cantidad_archivos": 1,
    "archivos_fuente": [
      "Library/Caches/Google/Chrome/Default/Cache/Cache_Data/fb14c4d1b657fc20_0"
    ],
    "ultima_modificacion": "2025-08-01 01:01:59.534670"
  },
  "283d942d8ab3966a0": {
    "app_sintetizada": "283D942D8AB3966A0",
    "cantidad_archivos": 1,
    "archivos_fuente": [
      "Library/Caches/Google/Chrome/Default/Cache/Cache_Data/283d942d8ab3966a_0"
    ],
    "ultima_modificacion": "2025-08-01 01:01:59.534943"
  },
  "16a30e1f33badaa30": {
    "app_sintetizada": "16A30E1F33BADAA30",
    "cantidad_archivos": 1,
    "archivos_fuente": [
      "Library/Caches/Google/Chrome/Default/Cache/Cache_Data/16a30e1f33badaa3_0"
    ],
    "ultima_modificacion": "2025-08-01 01:01:59.535229"
  },
  "04b9ce79bb47a4750": {
    "app_sintetizada": "04B9CE79BB47A4750",
    "cantidad_archivos": 1,
    "archivos_fuente": [
      "Library/Caches/Google/Chrome/Default/Cache/Cache_Data/04b9ce79bb47a475_0"
    ],
    "ultima_modificacion": "2025-08-01 01:01:59.535517"
  },
  "c592ad0191db36e20": {
    "app_sintetizada": "C592AD0191DB36E20",
    "cantidad_archivos": 1,
    "archivos_fuente": [
      "Library/Caches/Google/Chrome/Default/Cache/Cache_Data/c592ad0191db36e2_0"
    ],
    "ultima_modificacion": "2025-08-01 01:01:59.535768"
  },
  "786ce4f841b7943e0": {
    "app_sintetizada": "786CE4F841B7943E0",
    "cantidad_archivos": 1,
    "archivos_fuente": [
      "Library/Caches/Google/Chrome/Default/Cache/Cache_Data/786ce4f841b7943e_0"
    ],
    "ultima_modificacion": "2025-08-01 01:01:59.536016"
  },
  "a31d5a653b073bc50": {
    "app_sintetizada": "A31D5A653B073BC50",
    "cantidad_archivos": 1,
    "archivos_fuente": [
      "Library/Caches/Google/Chrome/Default/Cache/Cache_Data/a31d5a653b073bc5_0"
    ],
    "ultima_modificacion": "2025-08-01 01:01:59.536262"
  },
  "73bd0b1086a8c0b60": {
    "app_sintetizada": "73BD0B1086A8C0B60",
    "cantidad_archivos": 1,
    "archivos_fuente": [
      "Library/Caches/Google/Chrome/Default/Cache/Cache_Data/73bd0b1086a8c0b6_0"
    ],
    "ultima_modificacion": "2025-08-01 01:01:59.536499"
  },
  "9cc623c2f46c7d830": {
    "app_sintetizada": "9CC623C2F46C7D830",
    "cantidad_archivos": 1,
    "archivos_fuente": [
      "Library/Caches/Google/Chrome/Default/Cache/Cache_Data/9cc623c2f46c7d83_0"
    ],
    "ultima_modificacion": "2025-08-01 01:01:59.536737"
  },
  "f261b678a33952b50": {
    "app_sintetizada": "F261B678A33952B50",
    "cantidad_archivos": 1,
    "archivos_fuente": [
      "Library/Caches/Google/Chrome/Default/Cache/Cache_Data/f261b678a33952b5_0"
    ],
    "ultima_modificacion": "2025-08-01 01:01:59.537055"
  },
  "3042dc60bd3a05480": {
    "app_sintetizada": "3042DC60BD3A05480",
    "cantidad_archivos": 1,
    "archivos_fuente": [
      "Library/Caches/Google/Chrome/Default/Cache/Cache_Data/3042dc60bd3a0548_0"
    ],
    "ultima_modificacion": "2025-08-01 01:01:59.537279"
  },
  "5eaa537022f785160": {
    "app_sintetizada": "5EAA537022F785160",
    "cantidad_archivos": 1,
    "archivos_fuente": [
      "Library/Caches/Google/Chrome/Default/Cache/Cache_Data/5eaa537022f78516_0"
    ],
    "ultima_modificacion": "2025-08-01 01:01:59.537536"
  },
  "8b5202fb427974c90": {
    "app_sintetizada": "8B5202FB427974C90",
    "cantidad_archivos": 1,
    "archivos_fuente": [
      "Library/Caches/Google/Chrome/Default/Cache/Cache_Data/8b5202fb427974c9_0"
    ],
    "ultima_modificacion": "2025-08-01 01:01:59.537813"
  },
  "568a8d8568476c060": {
    "app_sintetizada": "568A8D8568476C060",
    "cantidad_archivos": 1,
    "archivos_fuente": [
      "Library/Caches/Google/Chrome/Default/Cache/Cache_Data/568a8d8568476c06_0"
    ],
    "ultima_modificacion": "2025-08-01 01:01:59.538126"
  },
  "81827fba0e01adaf0": {
    "app_sintetizada": "81827FBA0E01ADAF0",
    "cantidad_archivos": 1,
    "archivos_fuente": [
      "Library/Caches/Google/Chrome/Default/Cache/Cache_Data/81827fba0e01adaf_0"
    ],
    "ultima_modificacion": "2025-08-01 01:01:59.538424"
  },
  "8b2b80916194aa9c0": {
    "app_sintetizada": "8B2B80916194AA9C0",
    "cantidad_archivos": 1,
    "archivos_fuente": [
      "Library/Caches/Google/Chrome/Default/Cache/Cache_Data/8b2b80916194aa9c_0"
    ],
    "ultima_modificacion": "2025-08-01 01:01:59.538725"
  },
  "1fda218c6b816de60": {
    "app_sintetizada": "1FDA218C6B816DE60",
    "cantidad_archivos": 1,
    "archivos_fuente": [
      "Library/Caches/Google/Chrome/Default/Cache/Cache_Data/1fda218c6b816de6_0"
    ],
    "ultima_modificacion": "2025-08-01 01:01:59.538997"
  },
  "ae686561ed50e9c30": {
    "app_sintetizada": "AE686561ED50E9C30",
    "cantidad_archivos": 1,
    "archivos_fuente": [
      "Library/Caches/Google/Chrome/Default/Cache/Cache_Data/ae686561ed50e9c3_0"
    ],
    "ultima_modificacion": "2025-08-01 01:01:59.539275"
  },
  "afb11c6c1ab5bf0f0": {
    "app_sintetizada": "AFB11C6C1AB5BF0F0",
    "cantidad_archivos": 1,
    "archivos_fuente": [
      "Library/Caches/Google/Chrome/Default/Cache/Cache_Data/afb11c6c1ab5bf0f_0"
    ],
    "ultima_modificacion": "2025-08-01 01:01:59.539559"
  },
  "662c381395d8b3830": {
    "app_sintetizada": "662C381395D8B3830",
    "cantidad_archivos": 1,
    "archivos_fuente": [
      "Library/Caches/Google/Chrome/Default/Cache/Cache_Data/662c381395d8b383_0"
    ],
    "ultima_modificacion": "2025-08-01 01:01:59.539819"
  },
  "e371b9e01bb0ada20": {
    "app_sintetizada": "E371B9E01BB0ADA20",
    "cantidad_archivos": 1,
    "archivos_fuente": [
      "Library/Caches/Google/Chrome/Default/Cache/Cache_Data/e371b9e01bb0ada2_0"
    ],
    "ultima_modificacion": "2025-08-01 01:01:59.540089"
  },
  "78d8b1fd259b77ff0": {
    "app_sintetizada": "78D8B1FD259B77FF0",
    "cantidad_archivos": 1,
    "archivos_fuente": [
      "Library/Caches/Google/Chrome/Default/Cache/Cache_Data/78d8b1fd259b77ff_0"
    ],
    "ultima_modificacion": "2025-08-01 01:01:59.540400"
  },
  "59f8f4253a389cd90": {
    "app_sintetizada": "59F8F4253A389CD90",
    "cantidad_archivos": 1,
    "archivos_fuente": [
      "Library/Caches/Google/Chrome/Default/Cache/Cache_Data/59f8f4253a389cd9_0"
    ],
    "ultima_modificacion": "2025-08-01 01:01:59.540671"
  },
  "dbe6d3282cefccfc0": {
    "app_sintetizada": "DBE6D3282CEFCCFC0",
    "cantidad_archivos": 1,
    "archivos_fuente": [
      "Library/Caches/Google/Chrome/Default/Cache/Cache_Data/dbe6d3282cefccfc_0"
    ],
    "ultima_modificacion": "2025-08-01 01:01:59.540955"
  },
  "9302e9713ae0307b0": {
    "app_sintetizada": "9302E9713AE0307B0",
    "cantidad_archivos": 1,
    "archivos_fuente": [
      "Library/Caches/Google/Chrome/Default/Cache/Cache_Data/9302e9713ae0307b_0"
    ],
    "ultima_modificacion": "2025-08-01 01:01:59.541224"
  },
  "377fdf55082bc0a90": {
    "app_sintetizada": "377FDF55082BC0A90",
    "cantidad_archivos": 1,
    "archivos_fuente": [
      "Library/Caches/Google/Chrome/Default/Cache/Cache_Data/377fdf55082bc0a9_0"
    ],
    "ultima_modificacion": "2025-08-01 01:01:59.541502"
  },
  "48ae2cb42b41d0280": {
    "app_sintetizada": "48AE2CB42B41D0280",
    "cantidad_archivos": 1,
    "archivos_fuente": [
      "Library/Caches/Google/Chrome/Default/Cache/Cache_Data/48ae2cb42b41d028_0"
    ],
    "ultima_modificacion": "2025-08-01 01:01:59.541806"
  }
}