{
  "oraculonddocumentomaestro": {
    "app_sintetizada": "ORACULONDDOCUMENTOMAESTRO",
    "cantidad_archivos": 1,
    "archivos_fuente": [
      "Library/CloudStorage/Dropbox/SALUD MENTAL/ORACULO/OraculoNdDocumentoMaestro (1).txt"
    ],
    "ultima_modificacion": "2025-08-01 01:01:48.640078"
  },
  "validadorexcelmacros.ts": {
    "app_sintetizada": "VALIDADOREXCELMACROS.TS",
    "cantidad_archivos": 3,
    "archivos_fuente": [
      "Library/CloudStorage/Dropbox/AUDITORIA_INTELIGENTE_MENTALIA 2/src/Validador_Excel_Macros.ts",
      "Downloads/ECOSISTEMA_MENTALIA_FINAL/AUDITORIA_INTELIGENTE/AUDITORIA_INTELIGENTE_MENTALIA/src/Validador_Excel_Macros.ts",
      "Downloads/ECOSISTEMA_MENTALIA_FINAL 2/AUDITORIA_INTELIGENTE/AUDITORIA_INTELIGENTE_MENTALIA/src/Validador_Excel_Macros.ts"
    ],
    "ultima_modificacion": "2025-08-01 01:01:48.640474"
  },
  "indexadorsoporte.ts": {
    "app_sintetizada": "INDEXADORSOPORTE.TS",
    "cantidad_archivos": 3,
    "archivos_fuente": [
      "Library/CloudStorage/Dropbox/AUDITORIA_INTELIGENTE_MENTALIA 2/src/Indexador_Soporte.ts",
      "Downloads/ECOSISTEMA_MENTALIA_FINAL/AUDITORIA_INTELIGENTE/AUDITORIA_INTELIGENTE_MENTALIA/src/Indexador_Soporte.ts",
      "Downloads/ECOSISTEMA_MENTALIA_FINAL 2/AUDITORIA_INTELIGENTE/AUDITORIA_INTELIGENTE_MENTALIA/src/Indexador_Soporte.ts"
    ],
    "ultima_modificacion": "2025-08-01 01:01:48.640803"
  },
  "analizadorcarpetafinanciera.ts": {
    "app_sintetizada": "ANALIZADORCARPETAFINANCIERA.TS",
    "cantidad_archivos": 3,
    "archivos_fuente": [
      "Library/CloudStorage/Dropbox/AUDITORIA_INTELIGENTE_MENTALIA 2/src/Analizador_Carpeta_Financiera.ts",
      "Downloads/ECOSISTEMA_MENTALIA_FINAL/AUDITORIA_INTELIGENTE/AUDITORIA_INTELIGENTE_MENTALIA/src/Analizador_Carpeta_Financiera.ts",
      "Downloads/ECOSISTEMA_MENTALIA_FINAL 2/AUDITORIA_INTELIGENTE/AUDITORIA_INTELIGENTE_MENTALIA/src/Analizador_Carpeta_Financiera.ts"
    ],
    "ultima_modificacion": "2025-08-01 01:01:48.641140"
  },
  "verificadorfirmaspdf.ts": {
    "app_sintetizada": "VERIFICADORFIRMASPDF.TS",
    "cantidad_archivos": 3,
    "archivos_fuente": [
      "Library/CloudStorage/Dropbox/AUDITORIA_INTELIGENTE_MENTALIA 2/src/Verificador_Firmas_PDF.ts",
      "Downloads/ECOSISTEMA_MENTALIA_FINAL/AUDITORIA_INTELIGENTE/AUDITORIA_INTELIGENTE_MENTALIA/src/Verificador_Firmas_PDF.ts",
      "Downloads/ECOSISTEMA_MENTALIA_FINAL 2/AUDITORIA_INTELIGENTE/AUDITORIA_INTELIGENTE_MENTALIA/src/Verificador_Firmas_PDF.ts"
    ],
    "ultima_modificacion": "2025-08-01 01:01:48.641493"
  },
  "reportadorresultados.ts": {
    "app_sintetizada": "REPORTADORRESULTADOS.TS",
    "cantidad_archivos": 3,
    "archivos_fuente": [
      "Library/CloudStorage/Dropbox/AUDITORIA_INTELIGENTE_MENTALIA 2/src/Reportador_Resultados.ts",
      "Downloads/ECOSISTEMA_MENTALIA_FINAL/AUDITORIA_INTELIGENTE/AUDITORIA_INTELIGENTE_MENTALIA/src/Reportador_Resultados.ts",
      "Downloads/ECOSISTEMA_MENTALIA_FINAL 2/AUDITORIA_INTELIGENTE/AUDITORIA_INTELIGENTE_MENTALIA/src/Reportador_Resultados.ts"
    ],
    "ultima_modificacion": "2025-08-01 01:01:48.641812"
  },
  "render.yaml": {
    "app_sintetizada": "RENDER.YAML",
    "cantidad_archivos": 1,
    "archivos_fuente": [
      "Library/CloudStorage/Dropbox/APPS CATA 7:7:2025/render.yaml"
    ],
    "ultima_modificacion": "2025-08-01 01:01:48.642148"
  },
  "ecommercevisualblock.png": {
    "app_sintetizada": "ECOMMERCEVISUALBLOCK.PNG",
    "cantidad_archivos": 2,
    "archivos_fuente": [
      "Library/CloudStorage/Dropbox/APPS CATA 7:7:2025/eCommerce_Visual_Block.png",
      "Library/CloudStorage/Dropbox/E- COMMERCE/eCommerce_Visual_Block.png"
    ],
    "ultima_modificacion": "2025-08-01 01:01:48.642634"
  },
  "untitled.png": {
    "app_sintetizada": "UNTITLED.PNG",
    "cantidad_archivos": 1,
    "archivos_fuente": [
      "Library/CloudStorage/Dropbox/APPS CATA 7:7:2025/Untitled.png"
    ],
    "ultima_modificacion": "2025-08-01 01:01:48.643553"
  },
  "qrbluexpansionv6j.png": {
    "app_sintetizada": "QRBLUEXPANSIONV6J.PNG",
    "cantidad_archivos": 1,
    "archivos_fuente": [
      "Library/CloudStorage/Dropbox/APPS CATA 7:7:2025/QR_BLU_EXPANSION_v6J.png"
    ],
    "ultima_modificacion": "2025-08-01 01:01:48.643974"
  },
  "landingbluv6j.html": {
    "app_sintetizada": "LANDINGBLUV6J.HTML",
    "cantidad_archivos": 1,
    "archivos_fuente": [
      "Library/CloudStorage/Dropbox/APPS CATA 7:7:2025/LANDING_BLU_v6J.html"
    ],
    "ultima_modificacion": "2025-08-01 01:01:48.644338"
  },
  "hyperfocojournalingnd.db": {
    "app_sintetizada": "HYPERFOCOJOURNALINGND.DB",
    "cantidad_archivos": 1,
    "archivos_fuente": [
      "Library/CloudStorage/Dropbox/APPS CATA 7:7:2025/journaling-nd-completo-ejecutable/backend/database/hyperfoco_journaling_nd.db"
    ],
    "ultima_modificacion": "2025-08-01 01:01:48.644757"
  },
  "hyperfocoperfilndapp.db": {
    "app_sintetizada": "HYPERFOCOPERFILNDAPP.DB",
    "cantidad_archivos": 3,
    "archivos_fuente": [
      "Library/CloudStorage/Dropbox/APPS CATA 7:7:2025/perfil-nd-app-completo-ejecutable/backend/database/hyperfoco_perfil_nd_app.db",
      "Downloads/ECOSISTEMA_MENTALIA_FINAL/PERFIL_ND/PERFIL_ND_MENTALIA/backend/database/hyperfoco_perfil_nd_app.db",
      "Downloads/ECOSISTEMA_MENTALIA_FINAL 2/PERFIL_ND/PERFIL_ND_MENTALIA/backend/database/hyperfoco_perfil_nd_app.db"
    ],
    "ultima_modificacion": "2025-08-01 01:01:48.645170"
  },
  "examengradoapp.html": {
    "app_sintetizada": "EXAMENGRADOAPP.HTML",
    "cantidad_archivos": 1,
    "archivos_fuente": [
      "Library/CloudStorage/Dropbox/APPS CATA 7:7:2025/EXAMENGRADO_v1_REGENERADO/EXAMENGRADO_APP.html"
    ],
    "ultima_modificacion": "2025-08-01 01:01:48.645690"
  },
  "hyperfocoperfilnd.db": {
    "app_sintetizada": "HYPERFOCOPERFILND.DB",
    "cantidad_archivos": 1,
    "archivos_fuente": [
      "Library/CloudStorage/Dropbox/APPS CATA 7:7:2025/perfil-nd-hub-completo-ejecutable/backend/database/hyperfoco_perfil_nd.db"
    ],
    "ultima_modificacion": "2025-08-01 01:01:48.646126"
  },
  "~$ntro": {
    "app_sintetizada": "~$NTRO",
    "cantidad_archivos": 2,
    "archivos_fuente": [
      "Library/CloudStorage/Dropbox/Mental salud/Prestaciones, disen\u0303o pagina web/~$NTRO DE SALUD MENTAL BOSQUEJO.docx",
      "Library/Mobile Documents/com~apple~CloudDocs/Downloads/~$ntro de Salud Mental Neurodivergencia Integral. PERFIL DE CARGO docx.docx"
    ],
    "ultima_modificacion": "2025-08-01 01:01:48.646527"
  },
  "~$inica": {
    "app_sintetizada": "~$INICA",
    "cantidad_archivos": 1,
    "archivos_fuente": [
      "Library/CloudStorage/Dropbox/Mental salud/Prestaciones, disen\u0303o pagina web/~$INICA DE CORTA ESTADIA DE SALUD MENTAL.docx"
    ],
    "ultima_modificacion": "2025-08-01 01:01:48.646999"
  },
  "~$reas": {
    "app_sintetizada": "~$REAS",
    "cantidad_archivos": 1,
    "archivos_fuente": [
      "Library/CloudStorage/Dropbox/Mental salud/pendientes cata/~$REAS PENDIENTES CATA.docx"
    ],
    "ultima_modificacion": "2025-08-01 01:01:48.647477"
  },
  "~$ndientes": {
    "app_sintetizada": "~$NDIENTES",
    "cantidad_archivos": 2,
    "archivos_fuente": [
      "Library/CloudStorage/Dropbox/Mental salud/pendientes cata/~$NDIENTES REUNION SALUD MENTAL .docx",
      "Downloads/~$ndientes ABRIL .docx"
    ],
    "ultima_modificacion": "2025-08-01 01:01:48.648401"
  },
  "~$sumen": {
    "app_sintetizada": "~$SUMEN",
    "cantidad_archivos": 2,
    "archivos_fuente": [
      "Library/CloudStorage/Dropbox/Mental salud/pendientes cata/~$SUMEN TAREAS CENTRO SALUD MENTAL.docx",
      "Downloads/~$SUMEN PENDIENTES CENTRO .docx"
    ],
    "ultima_modificacion": "2025-08-01 01:01:48.649128"
  },
  "~$diagrama": {
    "app_sintetizada": "~$DIAGRAMA",
    "cantidad_archivos": 1,
    "archivos_fuente": [
      "Library/CloudStorage/Dropbox/Mental salud/Planificacion/~$Diagrama de Gantt simple.xlsx"
    ],
    "ultima_modificacion": "2025-08-01 01:01:48.649642"
  },
  "0000249920250409t185641z727685application.pdf": {
    "app_sintetizada": "0000249920250409T185641Z727685APPLICATION.PDF",
    "cantidad_archivos": 3,
    "archivos_fuente": [
      "Library/CloudStorage/Dropbox/E- COMMERCE/00002499-2025-04-09T185641Z-727685-application.pdf",
      "Library/CloudStorage/Dropbox/AUTOMATIZACIO\u0301N AGENDA/procesar_pacientes_zip/pacientes_chats/WhatsApp Chat - Daniela Maite/00002499-2025-04-09T185641Z-727685-application.pdf",
      "Library/Mobile Documents/.Trash/AUTOMATIZACIO\u0301N AGENDA /procesar_pacientes_zip/pacientes_chats/WhatsApp Chat - Daniela Maite/00002499-2025-04-09T185641Z-727685-application.pdf"
    ],
    "ultima_modificacion": "2025-08-01 01:01:48.650013"
  },
  "main.url": {
    "app_sintetizada": "MAIN.URL",
    "cantidad_archivos": 1,
    "archivos_fuente": [
      "Library/CloudStorage/Dropbox/MENTALIA UNIVERSE/main.url"
    ],
    "ultima_modificacion": "2025-08-01 01:01:48.650384"
  },
  "mentaliauniversezipsfuncionalescompletos.zip": {
    "app_sintetizada": "MENTALIAUNIVERSEZIPSFUNCIONALESCOMPLETOS.ZIP",
    "cantidad_archivos": 2,
    "archivos_fuente": [
      "Library/CloudStorage/Dropbox/MENTALIA UNIVERSE/MENTALIA_UNIVERSE_ZIPS_FUNCIONALES_COMPLETOS.zip",
      "MENTALIA/MENTALIA_UNIVERSE_ZIPS_FUNCIONALES_COMPLETOS.zip"
    ],
    "ultima_modificacion": "2025-08-01 01:01:48.650729"
  },
  "esquemajerrquicodetesisyarquitectura.csv": {
    "app_sintetizada": "ESQUEMAJERRQUICODETESISYARQUITECTURA.CSV",
    "cantidad_archivos": 1,
    "archivos_fuente": [
      "Library/CloudStorage/Dropbox/MENTALIA UNIVERSE/Esquema_Jer_rquico_de_Tesis_y_Arquitectura.csv"
    ],
    "ultima_modificacion": "2025-08-01 01:01:48.651143"
  },
  "universo": {
    "app_sintetizada": "UNIVERSO",
    "cantidad_archivos": 1,
    "archivos_fuente": [
      "Library/CloudStorage/Dropbox/MENTALIA UNIVERSE/UNIVERSO MENTALIA.zip"
    ],
    "ultima_modificacion": "2025-08-01 01:01:48.651525"
  },
  "mentaliareestructurado.zip": {
    "app_sintetizada": "MENTALIAREESTRUCTURADO.ZIP",
    "cantidad_archivos": 2,
    "archivos_fuente": [
      "Library/CloudStorage/Dropbox/MENTALIA UNIVERSE/MENTAL_IA_REESTRUCTURADO.zip",
      "MENTALIA/MENTAL_IA_REESTRUCTURADO.zip"
    ],
    "ultima_modificacion": "2025-08-01 01:01:48.652209"
  },
  "mentaliauniversoconsolidadofinal.zip": {
    "app_sintetizada": "MENTALIAUNIVERSOCONSOLIDADOFINAL.ZIP",
    "cantidad_archivos": 1,
    "archivos_fuente": [
      "Library/CloudStorage/Dropbox/MENTALIA UNIVERSE/MENTALIA_UNIVERSO_CONSOLIDADO_FINAL.zip"
    ],
    "ultima_modificacion": "2025-08-01 01:01:48.653185"
  },
  "mentalizacioniareestructurado.zip": {
    "app_sintetizada": "MENTALIZACIONIAREESTRUCTURADO.ZIP",
    "cantidad_archivos": 1,
    "archivos_fuente": [
      "Library/CloudStorage/Dropbox/MENTALIA UNIVERSE/MENTALIZACION_IA_REESTRUCTURADO.zip"
    ],
    "ultima_modificacion": "2025-08-01 01:01:48.653558"
  },
  "sistemas": {
    "app_sintetizada": "SISTEMAS",
    "cantidad_archivos": 2,
    "archivos_fuente": [
      "Library/CloudStorage/Dropbox/MENTALIA UNIVERSE/4 SISTEMAS MENTALIA/SISTEMAS MENTALIA 2.zip",
      "Library/CloudStorage/Dropbox/MENTALIA UNIVERSE/4 SISTEMAS MENTALIA/SISTEMAS MENTALIA.zip"
    ],
    "ultima_modificacion": "2025-08-01 01:01:48.654811"
  },
  "multiverso": {
    "app_sintetizada": "MULTIVERSO",
    "cantidad_archivos": 1,
    "archivos_fuente": [
      "Library/CloudStorage/Dropbox/MENTALIA UNIVERSE/4 SISTEMAS MENTALIA/SISTEMAS MENTALIA/MULTIVERSO INCLUSIVO.zip"
    ],
    "ultima_modificacion": "2025-08-01 01:01:48.655522"
  },
  "spoiler": {
    "app_sintetizada": "SPOILER",
    "cantidad_archivos": 1,
    "archivos_fuente": [
      "Library/CloudStorage/Dropbox/MENTALIA UNIVERSE/4 SISTEMAS MENTALIA/SISTEMAS MENTALIA/SPOILER ALERT NARCISISTA.zip"
    ],
    "ultima_modificacion": "2025-08-01 01:01:48.655923"
  },
  "salud": {
    "app_sintetizada": "SALUD",
    "cantidad_archivos": 1,
    "archivos_fuente": [
      "Library/CloudStorage/Dropbox/MENTALIA UNIVERSE/4 SISTEMAS MENTALIA/SISTEMAS MENTALIA/SALUD MENTAL-IA.zip"
    ],
    "ultima_modificacion": "2025-08-01 01:01:48.656329"
  },
  "comunicacio\u0301n": {
    "app_sintetizada": "COMUNICACIO\u0301N",
    "cantidad_archivos": 1,
    "archivos_fuente": [
      "Library/CloudStorage/Dropbox/MENTALIA UNIVERSE/4 SISTEMAS MENTALIA/SISTEMAS MENTALIA 2/COMUNICACIO\u0301N E INTERACCIO\u0301N SOCIAL MENTAL-IA.zip"
    ],
    "ultima_modificacion": "2025-08-01 01:01:48.656687"
  },
  "gestion": {
    "app_sintetizada": "GESTION",
    "cantidad_archivos": 1,
    "archivos_fuente": [
      "Library/CloudStorage/Dropbox/MENTALIA UNIVERSE/4 SISTEMAS MENTALIA/SISTEMAS MENTALIA 2/GESTION LABORAL INDEPENDIENTE MENTAL-IA.zip"
    ],
    "ultima_modificacion": "2025-08-01 01:01:48.657064"
  },
  "agendas": {
    "app_sintetizada": "AGENDAS",
    "cantidad_archivos": 1,
    "archivos_fuente": [
      "Library/CloudStorage/Dropbox/MENTALIA UNIVERSE/4 SISTEMAS MENTALIA/SISTEMAS MENTALIA 2/AGENDAS CLINICAS MENTAL-IA.zip"
    ],
    "ultima_modificacion": "2025-08-01 01:01:48.657414"
  },
  "inclusion": {
    "app_sintetizada": "INCLUSION",
    "cantidad_archivos": 1,
    "archivos_fuente": [
      "Library/CloudStorage/Dropbox/MENTALIA UNIVERSE/4 SISTEMAS MENTALIA/SISTEMAS MENTALIA 2/INCLUSION LABORAL NEURODIVERGENTE MENTAL-IA.zip"
    ],
    "ultima_modificacion": "2025-08-01 01:01:48.657741"
  },
  "spoileralerttoxicosdeploy.zip": {
    "app_sintetizada": "SPOILERALERTTOXICOSDEPLOY.ZIP",
    "cantidad_archivos": 1,
    "archivos_fuente": [
      "Library/CloudStorage/Dropbox/MENTALIA UNIVERSE/MENTALIA_UNIVERSE_ZIPS_FUNCIONALES_COMPLETOS/MENTALIA_ZIPS_FUNCIONALES/SPOILER_ALERT_TOXICOS_DEPLOY.zip"
    ],
    "ultima_modificacion": "2025-08-01 01:01:48.658055"
  },
  "signlinklenguasenasdeploy.zip": {
    "app_sintetizada": "SIGNLINKLENGUASENASDEPLOY.ZIP",
    "cantidad_archivos": 1,
    "archivos_fuente": [
      "Library/CloudStorage/Dropbox/MENTALIA UNIVERSE/MENTALIA_UNIVERSE_ZIPS_FUNCIONALES_COMPLETOS/MENTALIA_ZIPS_FUNCIONALES/SIGN_LINK_LENGUA_SENAS_DEPLOY.zip"
    ],
    "ultima_modificacion": "2025-08-01 01:01:48.658428"
  },
  "blusupervisoramultimodaldeploy.zip": {
    "app_sintetizada": "BLUSUPERVISORAMULTIMODALDEPLOY.ZIP",
    "cantidad_archivos": 1,
    "archivos_fuente": [
      "Library/CloudStorage/Dropbox/MENTALIA UNIVERSE/MENTALIA_UNIVERSE_ZIPS_FUNCIONALES_COMPLETOS/MENTALIA_ZIPS_FUNCIONALES/BLU_SUPERVISORA_MULTIMODAL_DEPLOY.zip"
    ],
    "ultima_modificacion": "2025-08-01 01:01:48.658771"
  },
  "4multiverso.zip": {
    "app_sintetizada": "4MULTIVERSO.ZIP",
    "cantidad_archivos": 1,
    "archivos_fuente": [
      "Library/CloudStorage/Dropbox/MENTALIA UNIVERSE/MENTALIA_UNIVERSO_CONSOLIDADO_FINAL/ZIPS_REESTRUCTURADOS/4_MULTIVERSO.zip"
    ],
    "ultima_modificacion": "2025-08-01 01:01:48.659108"
  },
  "3bots.zip": {
    "app_sintetizada": "3BOTS.ZIP",
    "cantidad_archivos": 1,
    "archivos_fuente": [
      "Library/CloudStorage/Dropbox/MENTALIA UNIVERSE/MENTALIA_UNIVERSO_CONSOLIDADO_FINAL/ZIPS_REESTRUCTURADOS/3_BOTS.zip"
    ],
    "ultima_modificacion": "2025-08-01 01:01:48.659693"
  },
  "2mentalizacion.zip": {
    "app_sintetizada": "2MENTALIZACION.ZIP",
    "cantidad_archivos": 1,
    "archivos_fuente": [
      "Library/CloudStorage/Dropbox/MENTALIA UNIVERSE/MENTALIA_UNIVERSO_CONSOLIDADO_FINAL/ZIPS_REESTRUCTURADOS/2_MENTALIZACION.zip"
    ],
    "ultima_modificacion": "2025-08-01 01:01:48.660079"
  },
  "1mentalia.zip": {
    "app_sintetizada": "1MENTALIA.ZIP",
    "cantidad_archivos": 1,
    "archivos_fuente": [
      "Library/CloudStorage/Dropbox/MENTALIA UNIVERSE/MENTALIA_UNIVERSO_CONSOLIDADO_FINAL/ZIPS_REESTRUCTURADOS/1_MENTAL-IA.zip"
    ],
    "ultima_modificacion": "2025-08-01 01:01:48.660443"
  },
  "\u2261\u0192\u00baa\u0301bibliotecaderasgosparabotsniveldios.pdf": {
    "app_sintetizada": "\u2261\u0191\u00baA\u0301BIBLIOTECADERASGOSPARABOTSNIVELDIOS.PDF",
    "cantidad_archivos": 1,
    "archivos_fuente": [
      "Library/CloudStorage/Dropbox/MENTALIA UNIVERSE/MENTALIA_UNIVERSO_CONSOLIDADO_FINAL/DOCUMENTOS_MAESTROS_ACTUALIZADOS/\u2261\u0192\u00baa\u0301_BIBLIOTECA_DE_RASGOS_PARA_BOTS_NIVEL_DIOS.pdf"
    ],
    "ultima_modificacion": "2025-08-01 01:01:48.660811"
  },
  "\u2261\u0192o\u0302i\u0308consolidadofinalarchivo.zip+archivo2.zip+secp1.0.pdf": {
    "app_sintetizada": "\u2261\u0191O\u0302I\u0308CONSOLIDADOFINALARCHIVO.ZIP+ARCHIVO2.ZIP+SECP1.0.PDF",
    "cantidad_archivos": 1,
    "archivos_fuente": [
      "Library/CloudStorage/Dropbox/MENTALIA UNIVERSE/MENTALIA_UNIVERSO_CONSOLIDADO_FINAL/DOCUMENTOS_MAESTROS_ACTUALIZADOS/\u2261\u0192o\u0302i\u0308_CONSOLIDADO_FINAL_-_ARCHIVO.ZIP_+_ARCHIVO2.ZIP_+_SECP_1.0.pdf"
    ],
    "ultima_modificacion": "2025-08-01 01:01:48.661613"
  },
  "gui\u2560u\u0308a": {
    "app_sintetizada": "GUI\u2560U\u0308A",
    "cantidad_archivos": 1,
    "archivos_fuente": [
      "Library/CloudStorage/Dropbox/MENTALIA UNIVERSE/MENTALIA_UNIVERSO_CONSOLIDADO_FINAL/DOCUMENTOS_MAESTROS_ACTUALIZADOS/GUI\u2560u\u0308A DE IMPLEMENTACIO\u2560u\u0308N RUNPOD - ECOSISTEMA MENTALIA.pdf"
    ],
    "ultima_modificacion": "2025-08-01 01:01:48.662405"
  },
  "botmaker": {
    "app_sintetizada": "BOTMAKER",
    "cantidad_archivos": 2,
    "archivos_fuente": [
      "Library/CloudStorage/Dropbox/MENTALIA UNIVERSE/2 MENTALIZACION MULTIDIMENSIONAL 2/Archivo 2/ BOTMAKER MENTAL-IA.zip",
      "MENTALIA/ BOTMAKER MENTAL-IA.zip"
    ],
    "ultima_modificacion": "2025-08-01 01:01:48.662999"
  },
  "mentalizaion": {
    "app_sintetizada": "MENTALIZAION",
    "cantidad_archivos": 1,
    "archivos_fuente": [
      "Library/CloudStorage/Dropbox/MENTALIA UNIVERSE/2 MENTALIZACION MULTIDIMENSIONAL/MENTALIZAION MULTIDIMENSIONAL2.zip"
    ],
    "ultima_modificacion": "2025-08-01 01:01:48.663356"
  },
  "lwscreenshot": {
    "app_sintetizada": "LWSCREENSHOT",
    "cantidad_archivos": 1,
    "archivos_fuente": [
      "Library/CloudStorage/Dropbox/Capturas de pantalla/LWScreenShot 2025-06-14 at 8.38.40\u202fp.\u00a0m..png"
    ],
    "ultima_modificacion": "2025-08-01 01:01:48.663740"
  },
  "~$perfoco": {
    "app_sintetizada": "~$PERFOCO",
    "cantidad_archivos": 1,
    "archivos_fuente": [
      "Library/CloudStorage/Dropbox/APPS MOOD HIPERFOCO/~$PERFOCO Y ECSOSISTEMA 6 JULIO.docx"
    ],
    "ultima_modificacion": "2025-08-01 01:01:48.664120"
  },
  "auditoriainteligentedeploy.zip": {
    "app_sintetizada": "AUDITORIAINTELIGENTEDEPLOY.ZIP",
    "cantidad_archivos": 3,
    "archivos_fuente": [
      "Library/CloudStorage/Dropbox/RSII FINAL/AUDITORIA_INTELIGENTE_DEPLOY.zip",
      "Library/CloudStorage/Dropbox/RSII FINAL/ECOSISTEMA_FINAL_COMPLETO/SISTEMAS_EMPRESARIALES/AUDITORIA_INTELIGENTE_DEPLOY.zip",
      "Downloads/TRABAJO_COMPLETO_3_DIAS/zips_reorganizados/ZIPS_FINALES/MENTALIA_ECOSISTEMA/AUDITORIA_INTELIGENTE_DEPLOY.zip"
    ],
    "ultima_modificacion": "2025-08-01 01:01:48.664481"
  },
  "ecosistemafinalcompletorsiimentalia.zip": {
    "app_sintetizada": "ECOSISTEMAFINALCOMPLETORSIIMENTALIA.ZIP",
    "cantidad_archivos": 1,
    "archivos_fuente": [
      "Library/CloudStorage/Dropbox/RSII FINAL/ECOSISTEMA_FINAL_COMPLETO_RSII_MENTALIA.zip"
    ],
    "ultima_modificacion": "2025-08-01 01:01:48.664824"
  },
  "rsiidocumentomaestrofinal.docx": {
    "app_sintetizada": "RSIIDOCUMENTOMAESTROFINAL.DOCX",
    "cantidad_archivos": 1,
    "archivos_fuente": [
      "Library/CloudStorage/Dropbox/RSII FINAL/RSII_DOCUMENTO_MAESTRO_FINAL.docx"
    ],
    "ultima_modificacion": "2025-08-01 01:01:48.665164"
  },
  "lanzarlistarzips.bat": {
    "app_sintetizada": "LANZARLISTARZIPS.BAT",
    "cantidad_archivos": 4,
    "archivos_fuente": [
      "Library/CloudStorage/Dropbox/RSII FINAL/lanzar_listar_zips.bat",
      "Library/CloudStorage/Dropbox/RSII FINAL/listador_ultra_zips_full/lanzar_listar_zips.bat",
      "Library/Mobile Documents/.Trash/lanzar_listar_zips.bat",
      "Library/Mobile Documents/.Trash/lanzar_listar_zips.bat 4.54.24\u202fp.\u00a0m."
    ],
    "ultima_modificacion": "2025-08-01 01:01:48.665562"
  },
  "scriptorganizadorrsiicompleto.zip": {
    "app_sintetizada": "SCRIPTORGANIZADORRSIICOMPLETO.ZIP",
    "cantidad_archivos": 1,
    "archivos_fuente": [
      "Library/CloudStorage/Dropbox/RSII FINAL/SCRIPT_ORGANIZADOR_RSII_COMPLETO.zip"
    ],
    "ultima_modificacion": "2025-08-01 01:01:48.665951"
  },
  "rsiimoduletemplatehtml.zip": {
    "app_sintetizada": "RSIIMODULETEMPLATEHTML.ZIP",
    "cantidad_archivos": 2,
    "archivos_fuente": [
      "Library/CloudStorage/Dropbox/RSII FINAL/RSII_MODULE_TEMPLATE_HTML.zip",
      "Library/CloudStorage/Dropbox/RSII FINAL/ECOSISTEMA_FINAL_COMPLETO/RSII_CORE/RSII_MODULE_TEMPLATE_HTML.zip"
    ],
    "ultima_modificacion": "2025-08-01 01:01:48.666328"
  },
  "cvnddeploy.zip": {
    "app_sintetizada": "CVNDDEPLOY.ZIP",
    "cantidad_archivos": 1,
    "archivos_fuente": [
      "Library/CloudStorage/Dropbox/RSII FINAL/CV_ND_DEPLOY.zip"
    ],
    "ultima_modificacion": "2025-08-01 01:01:48.666723"
  },
  "mentaliadeployinstitucional.zip": {
    "app_sintetizada": "MENTALIADEPLOYINSTITUCIONAL.ZIP",
    "cantidad_archivos": 1,
    "archivos_fuente": [
      "Library/CloudStorage/Dropbox/RSII FINAL/MENTALIA_DEPLOY_INSTITUCIONAL.zip"
    ],
    "ultima_modificacion": "2025-08-01 01:01:48.667110"
  },
  "mentaliaproyeccionfinanciera2025.xlsx": {
    "app_sintetizada": "MENTALIAPROYECCIONFINANCIERA2025.XLSX",
    "cantidad_archivos": 1,
    "archivos_fuente": [
      "Library/CloudStorage/Dropbox/RSII FINAL/Mentalia_Proyeccion_Financiera_2025.xlsx"
    ],
    "ultima_modificacion": "2025-08-01 01:01:48.667617"
  },
  "rsiitesisbloque1mentalialimpio.docx": {
    "app_sintetizada": "RSIITESISBLOQUE1MENTALIALIMPIO.DOCX",
    "cantidad_archivos": 2,
    "archivos_fuente": [
      "Library/CloudStorage/Dropbox/RSII FINAL/RSII_TESIS_BLOQUE_1_MENTALIA_LIMPIO.docx",
      "Library/CloudStorage/Dropbox/RSII FINAL/ECOSISTEMA_FINAL_COMPLETO/DOCUMENTACION_MAESTRA/RSII_TESIS_BLOQUE_1_MENTALIA_LIMPIO.docx"
    ],
    "ultima_modificacion": "2025-08-01 01:01:48.667984"
  },
  "logoseditablescanvaparafabi.zip": {
    "app_sintetizada": "LOGOSEDITABLESCANVAPARAFABI.ZIP",
    "cantidad_archivos": 2,
    "archivos_fuente": [
      "Library/CloudStorage/Dropbox/RSII FINAL/LOGOS_EDITABLES_CANVA_PARA_FABI.zip",
      "Downloads/LOGOS_EDITABLES_CANVA_PARA_FABI.zip"
    ],
    "ultima_modificacion": "2025-08-01 01:01:48.668423"
  },
  "autoexploradornddeploy.zip": {
    "app_sintetizada": "AUTOEXPLORADORNDDEPLOY.ZIP",
    "cantidad_archivos": 2,
    "archivos_fuente": [
      "Library/CloudStorage/Dropbox/RSII FINAL/AUTOEXPLORADOR_ND_DEPLOY.zip",
      "Downloads/TRABAJO_COMPLETO_3_DIAS/zips_reorganizados/ZIPS_FINALES/MENTALIA_ECOSISTEMA/AUTOEXPLORADOR_ND_DEPLOY.zip"
    ],
    "ultima_modificacion": "2025-08-01 01:01:48.668741"
  },
  "listadorultrazipsfull.zip": {
    "app_sintetizada": "LISTADORULTRAZIPSFULL.ZIP",
    "cantidad_archivos": 2,
    "archivos_fuente": [
      "Library/CloudStorage/Dropbox/RSII FINAL/listador_ultra_zips_full.zip",
      "Library/Mobile Documents/.Trash/listador_ultra_zips_full.zip"
    ],
    "ultima_modificacion": "2025-08-01 01:01:48.669076"
  },
  "ecommersnddeploy.zip": {
    "app_sintetizada": "ECOMMERSNDDEPLOY.ZIP",
    "cantidad_archivos": 3,
    "archivos_fuente": [
      "Library/CloudStorage/Dropbox/RSII FINAL/ECOMMERS_ND_DEPLOY.zip",
      "Library/CloudStorage/Dropbox/RSII FINAL/ECOSISTEMA_FINAL_COMPLETO/SISTEMAS_EMPRESARIALES/ECOMMERS_ND_DEPLOY.zip",
      "Downloads/TRABAJO_COMPLETO_3_DIAS/zips_reorganizados/ZIPS_FINALES/MENTALIA_ECOSISTEMA/ECOMMERS_ND_DEPLOY.zip"
    ],
    "ultima_modificacion": "2025-08-01 01:01:48.669439"
  },
  "rsiitesismaestraresumenejecutivo.docx": {
    "app_sintetizada": "RSIITESISMAESTRARESUMENEJECUTIVO.DOCX",
    "cantidad_archivos": 2,
    "archivos_fuente": [
      "Library/CloudStorage/Dropbox/RSII FINAL/RSII_TESIS_MAESTRA_RESUMEN_EJECUTIVO.docx",
      "Library/CloudStorage/Dropbox/RSII FINAL/ECOSISTEMA_FINAL_COMPLETO/DOCUMENTACION_MAESTRA/RSII_TESIS_MAESTRA_RESUMEN_EJECUTIVO.docx"
    ],
    "ultima_modificacion": "2025-08-01 01:01:48.669801"
  },
  "inventariocompletoglobalcorregido.docx": {
    "app_sintetizada": "INVENTARIOCOMPLETOGLOBALCORREGIDO.DOCX",
    "cantidad_archivos": 2,
    "archivos_fuente": [
      "Library/CloudStorage/Dropbox/RSII FINAL/INVENTARIO_COMPLETO_GLOBAL_CORREGIDO.docx",
      "Downloads/INVENTARIO_COMPLETO_GLOBAL_CORREGIDO.docx"
    ],
    "ultima_modificacion": "2025-08-01 01:01:48.670160"
  },
  "cuadrocomparativodecriteriosfinancierossaas.csv": {
    "app_sintetizada": "CUADROCOMPARATIVODECRITERIOSFINANCIEROSSAAS.CSV",
    "cantidad_archivos": 1,
    "archivos_fuente": [
      "Library/CloudStorage/Dropbox/RSII FINAL/Cuadro_Comparativo_de_Criterios_Financieros_SaaS.csv"
    ],
    "ultima_modificacion": "2025-08-01 01:01:48.670518"
  },
  "rsiitotaldeployv2.zip": {
    "app_sintetizada": "RSIITOTALDEPLOYV2.ZIP",
    "cantidad_archivos": 2,
    "archivos_fuente": [
      "Library/CloudStorage/Dropbox/RSII FINAL/RSII_TOTAL_DEPLOY_v2.zip",
      "Library/CloudStorage/Dropbox/RSII FINAL/ECOSISTEMA_FINAL_COMPLETO/RSII_CORE/RSII_TOTAL_DEPLOY_v2.zip"
    ],
    "ultima_modificacion": "2025-08-01 01:01:48.670891"
  },
  "rsiiserverdemo.mp4": {
    "app_sintetizada": "RSIISERVERDEMO.MP4",
    "cantidad_archivos": 2,
    "archivos_fuente": [
      "Library/CloudStorage/Dropbox/RSII FINAL/RSII_SERVER_DEMO.mp4",
      "Library/CloudStorage/Dropbox/RSII FINAL/ECOSISTEMA_FINAL_COMPLETO/RSII_CORE/RSII_SERVER_DEMO.mp4"
    ],
    "ultima_modificacion": "2025-08-01 01:01:48.671307"
  },
  "mentaliaentregablesrealesconfirmados.zip": {
    "app_sintetizada": "MENTALIAENTREGABLESREALESCONFIRMADOS.ZIP",
    "cantidad_archivos": 1,
    "archivos_fuente": [
      "Library/CloudStorage/Dropbox/RSII FINAL/MENTALIA_ENTREGABLES_REALES_CONFIRMADOS.zip"
    ],
    "ultima_modificacion": "2025-08-01 01:01:48.671664"
  },
  "rsiimoduletemplate.zip": {
    "app_sintetizada": "RSIIMODULETEMPLATE.ZIP",
    "cantidad_archivos": 2,
    "archivos_fuente": [
      "Library/CloudStorage/Dropbox/RSII FINAL/RSII_MODULE_TEMPLATE.zip",
      "Library/CloudStorage/Dropbox/RSII FINAL/ECOSISTEMA_FINAL_COMPLETO/RSII_CORE/RSII_MODULE_TEMPLATE.zip"
    ],
    "ultima_modificacion": "2025-08-01 01:01:48.672051"
  },
  "certificadopsicologicomodelokatherine.docx": {
    "app_sintetizada": "CERTIFICADOPSICOLOGICOMODELOKATHERINE.DOCX",
    "cantidad_archivos": 1,
    "archivos_fuente": [
      "Library/CloudStorage/Dropbox/RSII FINAL/Certificado_Psicologico_Modelo_Katherine.docx"
    ],
    "ultima_modificacion": "2025-08-01 01:01:48.672335"
  },
  "boletaappdeploy.zip": {
    "app_sintetizada": "BOLETAAPPDEPLOY.ZIP",
    "cantidad_archivos": 2,
    "archivos_fuente": [
      "Library/CloudStorage/Dropbox/RSII FINAL/BOLETAAPP_DEPLOY.zip",
      "Library/CloudStorage/Dropbox/RSII FINAL/ECOSISTEMA_FINAL_COMPLETO/SISTEMAS_EMPRESARIALES/BOLETAAPP_DEPLOY.zip"
    ],
    "ultima_modificacion": "2025-08-01 01:01:48.672582"
  },
  "mentalialaunchdeployinstitucional.command": {
    "app_sintetizada": "MENTALIALAUNCHDEPLOYINSTITUCIONAL.COMMAND",
    "cantidad_archivos": 1,
    "archivos_fuente": [
      "Library/CloudStorage/Dropbox/RSII FINAL/MENTALIA_LAUNCH_DEPLOY_INSTITUCIONAL.command"
    ],
    "ultima_modificacion": "2025-08-01 01:01:48.672820"
  },
  "antecedentes.docx": {
    "app_sintetizada": "ANTECEDENTES.DOCX",
    "cantidad_archivos": 1,
    "archivos_fuente": [
      "Library/CloudStorage/Dropbox/RSII FINAL/Antecedentes.docx"
    ],
    "ultima_modificacion": "2025-08-01 01:01:48.673058"
  },
  "rsiitotaldeployfinalv6.zip": {
    "app_sintetizada": "RSIITOTALDEPLOYFINALV6.ZIP",
    "cantidad_archivos": 2,
    "archivos_fuente": [
      "Library/CloudStorage/Dropbox/RSII FINAL/RSII_TOTAL_DEPLOY_FINAL_v6.zip",
      "Library/CloudStorage/Dropbox/RSII FINAL/ECOSISTEMA_FINAL_COMPLETO/RSII_CORE/RSII_TOTAL_DEPLOY_FINAL_v6.zip"
    ],
    "ultima_modificacion": "2025-08-01 01:01:48.673453"
  },
  "scriptorganizadorrsiiinteligente.sh": {
    "app_sintetizada": "SCRIPTORGANIZADORRSIIINTELIGENTE.SH",
    "cantidad_archivos": 1,
    "archivos_fuente": [
      "Library/CloudStorage/Dropbox/RSII FINAL/SCRIPT_ORGANIZADOR_RSII_INTELIGENTE.sh"
    ],
    "ultima_modificacion": "2025-08-01 01:01:48.673776"
  },
  "lanzarlistarzips.command": {
    "app_sintetizada": "LANZARLISTARZIPS.COMMAND",
    "cantidad_archivos": 3,
    "archivos_fuente": [
      "Library/CloudStorage/Dropbox/RSII FINAL/lanzar_listar_zips.command",
      "Library/CloudStorage/Dropbox/RSII FINAL/listador_ultra_zips_full/lanzar_listar_zips.command",
      "Library/Mobile Documents/.Trash/lanzar_listar_zips.command"
    ],
    "ultima_modificacion": "2025-08-01 01:01:48.674253"
  },
  "m6881c4ba9990819191c769a39cbb6db2.url": {
    "app_sintetizada": "M6881C4BA9990819191C769A39CBB6DB2.URL",
    "cantidad_archivos": 1,
    "archivos_fuente": [
      "Library/CloudStorage/Dropbox/RSII FINAL/m_6881c4ba9990819191c769a39cbb6db2.url"
    ],
    "ultima_modificacion": "2025-08-01 01:01:48.674674"
  },
  "reportegeneralmentaliarsiiproyecto.txt": {
    "app_sintetizada": "REPORTEGENERALMENTALIARSIIPROYECTO.TXT",
    "cantidad_archivos": 1,
    "archivos_fuente": [
      "Library/CloudStorage/Dropbox/RSII FINAL/REPORTE_GENERAL_MENTALIA_RSII_PROYECTO.txt"
    ],
    "ultima_modificacion": "2025-08-01 01:01:48.675062"
  },
  "rsiitotaldeploy.zip": {
    "app_sintetizada": "RSIITOTALDEPLOY.ZIP",
    "cantidad_archivos": 2,
    "archivos_fuente": [
      "Library/CloudStorage/Dropbox/RSII FINAL/RSII_TOTAL_DEPLOY.zip",
      "Library/CloudStorage/Dropbox/RSII FINAL/ECOSISTEMA_FINAL_COMPLETO/RSII_CORE/RSII_TOTAL_DEPLOY.zip"
    ],
    "ultima_modificacion": "2025-08-01 01:01:48.675382"
  },
  "journalingnddeploy.zip": {
    "app_sintetizada": "JOURNALINGNDDEPLOY.ZIP",
    "cantidad_archivos": 2,
    "archivos_fuente": [
      "Library/CloudStorage/Dropbox/RSII FINAL/JOURNALING_ND_DEPLOY.zip",
      "Downloads/TRABAJO_COMPLETO_3_DIAS/zips_reorganizados/ZIPS_FINALES/MENTALIA_ECOSISTEMA/JOURNALING_ND_DEPLOY.zip"
    ],
    "ultima_modificacion": "2025-08-01 01:01:48.675750"
  },
  "launchfai2025renombradoclean.command": {
    "app_sintetizada": "LAUNCHFAI2025RENOMBRADOCLEAN.COMMAND",
    "cantidad_archivos": 1,
    "archivos_fuente": [
      "Library/CloudStorage/Dropbox/RSII FINAL/LAUNCH_FAI_2025_RENOMBRADO_CLEAN.command"
    ],
    "ultima_modificacion": "2025-08-01 01:01:48.676156"
  },
  "justiciadeploy.zip": {
    "app_sintetizada": "JUSTICIADEPLOY.ZIP",
    "cantidad_archivos": 2,
    "archivos_fuente": [
      "Library/CloudStorage/Dropbox/RSII FINAL/JUSTIC_IA_DEPLOY.zip",
      "Library/CloudStorage/Dropbox/RSII FINAL/ECOSISTEMA_FINAL_COMPLETO/SISTEMAS_LEGALES/JUSTIC_IA_DEPLOY.zip"
    ],
    "ultima_modificacion": "2025-08-01 01:01:48.676512"
  },
  "~$sismaestrafinalcondespachodigital.docx": {
    "app_sintetizada": "~$SISMAESTRAFINALCONDESPACHODIGITAL.DOCX",
    "cantidad_archivos": 2,
    "archivos_fuente": [
      "Library/CloudStorage/Dropbox/RSII FINAL/~$SIS_MAESTRA_FINAL_CON_DESPACHO_DIGITAL.docx",
      "Downloads/~$SIS_MAESTRA_FINAL_CON_DESPACHO_DIGITAL.docx"
    ],
    "ultima_modificacion": "2025-08-01 01:01:48.676942"
  },
  "m6881c0fd59d081919f75cf02c6ee8fd5.url": {
    "app_sintetizada": "M6881C0FD59D081919F75CF02C6EE8FD5.URL",
    "cantidad_archivos": 1,
    "archivos_fuente": [
      "Library/CloudStorage/Dropbox/RSII FINAL/m_6881c0fd59d081919f75cf02c6ee8fd5.url"
    ],
    "ultima_modificacion": "2025-08-01 01:01:48.677768"
  },
  "rsiiserverdemoconverted.mov": {
    "app_sintetizada": "RSIISERVERDEMOCONVERTED.MOV",
    "cantidad_archivos": 2,
    "archivos_fuente": [
      "Library/CloudStorage/Dropbox/RSII FINAL/RSII_SERVER_DEMO_CONVERTED.mov",
      "Library/CloudStorage/Dropbox/RSII FINAL/ECOSISTEMA_FINAL_COMPLETO/RSII_CORE/RSII_SERVER_DEMO_CONVERTED.mov"
    ],
    "ultima_modificacion": "2025-08-01 01:01:48.678237"
  },
  "apiboletas.ts": {
    "app_sintetizada": "APIBOLETAS.TS",
    "cantidad_archivos": 1,
    "archivos_fuente": [
      "Library/CloudStorage/Dropbox/RSII FINAL/BOLETAAPP_DEPLOY/api_boletas.ts"
    ],
    "ultima_modificacion": "2025-08-01 01:01:48.679054"
  },
  "authsii.ts": {
    "app_sintetizada": "AUTHSII.TS",
    "cantidad_archivos": 1,
    "archivos_fuente": [
      "Library/CloudStorage/Dropbox/RSII FINAL/BOLETAAPP_DEPLOY/auth_sii.ts"
    ],
    "ultima_modificacion": "2025-08-01 01:01:48.679529"
  },
  "dashboardboleta.tsx": {
    "app_sintetizada": "DASHBOARDBOLETA.TSX",
    "cantidad_archivos": 1,
    "archivos_fuente": [
      "Library/CloudStorage/Dropbox/RSII FINAL/BOLETAAPP_DEPLOY/dashboard_boleta.tsx"
    ],
    "ultima_modificacion": "2025-08-01 01:01:48.679921"
  },
  "launchmentalia50bots.command": {
    "app_sintetizada": "LAUNCHMENTALIA50BOTS.COMMAND",
    "cantidad_archivos": 1,
    "archivos_fuente": [
      "Library/CloudStorage/Dropbox/RSII FINAL/MENTALIA_CREWAI_DEPLOY_RENOMBRADO/LAUNCH_MENTALIA_50BOTS.command"
    ],
    "ultima_modificacion": "2025-08-01 01:01:48.680279"
  },
  "respaldoenero.zip": {
    "app_sintetizada": "RESPALDOENERO.ZIP",
    "cantidad_archivos": 2,
    "archivos_fuente": [
      "Library/CloudStorage/Dropbox/RSII FINAL/paquete_mision_zip_mac/respaldo_enero.zip",
      "Library/Mobile Documents/.Trash/respaldo_enero.zip"
    ],
    "ultima_modificacion": "2025-08-01 01:01:48.680638"
  },
  "datosclientes.zip": {
    "app_sintetizada": "DATOSCLIENTES.ZIP",
    "cantidad_archivos": 2,
    "archivos_fuente": [
      "Library/CloudStorage/Dropbox/RSII FINAL/paquete_mision_zip_mac/datos_clientes.zip",
      "Library/Mobile Documents/.Trash/datos_clientes.zip"
    ],
    "ultima_modificacion": "2025-08-01 01:01:48.681014"
  },
  "lanzador.command": {
    "app_sintetizada": "LANZADOR.COMMAND",
    "cantidad_archivos": 2,
    "archivos_fuente": [
      "Library/CloudStorage/Dropbox/RSII FINAL/paquete_mision_zip_mac/lanzador.command",
      "Library/Mobile Documents/.Trash/lanzador.command"
    ],
    "ultima_modificacion": "2025-08-01 01:01:48.681307"
  },
  "listadozips.xlsx": {
    "app_sintetizada": "LISTADOZIPS.XLSX",
    "cantidad_archivos": 2,
    "archivos_fuente": [
      "Library/CloudStorage/Dropbox/RSII FINAL/paquete_mision_zip_mac/listado_zips.xlsx",
      "Library/Mobile Documents/.Trash/listado_zips.xlsx"
    ],
    "ultima_modificacion": "2025-08-01 01:01:48.681597"
  },
  "reportefinanzas.zip": {
    "app_sintetizada": "REPORTEFINANZAS.ZIP",
    "cantidad_archivos": 2,
    "archivos_fuente": [
      "Library/CloudStorage/Dropbox/RSII FINAL/paquete_mision_zip_mac/reporte_finanzas.zip",
      "Library/Mobile Documents/.Trash/reporte_finanzas.zip"
    ],
    "ultima_modificacion": "2025-08-01 01:01:48.681989"
  },
  "readmeconsolidacion.docx": {
    "app_sintetizada": "READMECONSOLIDACION.DOCX",
    "cantidad_archivos": 1,
    "archivos_fuente": [
      "Library/CloudStorage/Dropbox/RSII FINAL/MENTALIA_ENTREGABLES_REALES_CONFIRMADOS/MENTALIA_FINAL_WORD/README_CONSOLIDACION.docx"
    ],
    "ultima_modificacion": "2025-08-01 01:01:48.682307"
  },
  "bibliotecarasgosbotsniveldiosactualizada.docx": {
    "app_sintetizada": "BIBLIOTECARASGOSBOTSNIVELDIOSACTUALIZADA.DOCX",
    "cantidad_archivos": 1,
    "archivos_fuente": [
      "Library/CloudStorage/Dropbox/RSII FINAL/MENTALIA_ENTREGABLES_REALES_CONFIRMADOS/MENTALIA_FINAL_WORD/BIBLIOTECA_RASGOS_BOTS_NIVEL_DIOS_ACTUALIZADA.docx"
    ],
    "ultima_modificacion": "2025-08-01 01:01:48.682714"
  },
  "analisisarchivosnuevos.docx": {
    "app_sintetizada": "ANALISISARCHIVOSNUEVOS.DOCX",
    "cantidad_archivos": 1,
    "archivos_fuente": [
      "Library/CloudStorage/Dropbox/RSII FINAL/MENTALIA_ENTREGABLES_REALES_CONFIRMADOS/MENTALIA_FINAL_WORD/ANALISIS_ARCHIVOS_NUEVOS.docx"
    ],
    "ultima_modificacion": "2025-08-01 01:01:48.683090"
  }
}