{
  "com.apple.screentimeagent.plist": {
    "app_sintetizada": "COM.APPLE.SCREENTIMEAGENT.PLIST",
    "cantidad_archivos": 2,
    "archivos_fuente": [
      "Library/Containers/com.apple.ScreenTimeAgent/Data/Library/Preferences/com.apple.ScreenTimeAgent.plist",
      "Library/Containers/com.apple.secinitd/Data/Library/Preferences/com.apple.ScreenTimeAgent.plist"
    ],
    "ultima_modificacion": "2025-08-01 01:01:52.039627"
  },
  "lighthousebitacoraframework.plist": {
    "app_sintetizada": "LIGHTHOUSEBITACORAFRAMEWORK.PLIST",
    "cantidad_archivos": 1,
    "archivos_fuente": [
      "Library/Containers/com.apple.LighthouseBitacoraFramework.BitacoraWorker/Data/Library/Preferences/LighthouseBitacoraFramework.plist"
    ],
    "ultima_modificacion": "2025-08-01 01:01:52.039985"
  },
  "systemmedium344.00w164.00h20.00r0f0.00t0.00l0.00b0.00t.chronotimeline": {
    "app_sintetizada": "SYSTEMMEDIUM344.00W164.00H20.00R0F0.00T0.00L0.00B0.00T.CHRONOTIMELINE",
    "cantidad_archivos": 22,
    "archivos_fuente": [
      "Library/Containers/com.apple.Home.HomeEnergyWidgets/Data/SystemData/com.apple.chrono/placeholders/EnergyForecastWidget/systemMedium----344.00w--164.00h--20.00r--0f--0.00t-0.00l-0.00b0.00t.chrono-timeline",
      "Library/Containers/com.apple.weather.widget/Data/SystemData/com.apple.chrono/placeholders/com.apple.weather/systemMedium----344.00w--164.00h--20.00r--0f--0.00t-0.00l-0.00b0.00t.chrono-timeline",
      "Library/Containers/com.apple.iCal.CalendarWidgetExtension/Data/SystemData/com.apple.chrono/placeholders/com.apple.CalendarWidget.CalendarUpNextWidget/systemMedium----344.00w--164.00h--20.00r--0f--0.00t-0.00l-0.00b0.00t.chrono-timeline",
      "Library/Containers/com.apple.tips.Widget/Data/SystemData/com.apple.chrono/placeholders/com.apple.tips/systemMedium----344.00w--164.00h--20.00r--0f--0.00t-0.00l-0.00b0.00t.chrono-timeline",
      "Library/Containers/com.apple.reminders.WidgetExtension/Data/SystemData/com.apple.chrono/placeholders/com.apple.reminders.widget/systemMedium----344.00w--164.00h--20.00r--0f--0.00t-0.00l-0.00b0.00t.chrono-timeline",
      "Library/Containers/com.apple.clock.WorldClockWidget/Data/SystemData/com.apple.chrono/placeholders/com.apple.mobiletimer.WorldClock/systemMedium----344.00w--164.00h--20.00r--0f--0.00t-0.00l-0.00b0.00t.chrono-timeline",
      "Library/Containers/com.apple.findmy.FindMyWidgetPeople/Data/SystemData/com.apple.chrono/placeholders/com.apple.findmy.FindMyWidgetPeople/systemMedium----344.00w--164.00h--20.00r--0f--0.00t-0.00l-0.00b0.00t.chrono-timeline",
      "Library/Containers/com.apple.PeopleViewService.PeopleWidget-macOS/Data/SystemData/com.apple.chrono/placeholders/MultipleContactWidget_macOS/systemMedium----344.00w--164.00h--20.00r--0f--0.00t-0.00l-0.00b0.00t.chrono-timeline",
      "Library/Containers/com.apple.ScreenTimeWidgetApplication.ScreenTimeWidgetExtension/Data/SystemData/com.apple.chrono/placeholders/com.apple.ScreenTimeWidgetApplication/systemMedium----344.00w--164.00h--20.00r--0f--0.00t-0.00l-0.00b0.00t.chrono-timeline",
      "Library/Containers/com.apple.Photos.PhotosReliveWidget/Data/SystemData/com.apple.chrono/placeholders/com.apple.Photos.PhotosReliveWidget/systemMedium----344.00w--164.00h--20.00r--0f--0.00t-0.00l-0.00b0.00t.chrono-timeline",
      "Library/Containers/com.apple.Photos.PhotosReliveWidget/Data/SystemData/com.apple.chrono/placeholders/com.apple.Photos.PhotosReliveWidget.collections/systemMedium----344.00w--164.00h--20.00r--0f--0.00t-0.00l-0.00b0.00t.chrono-timeline",
      "Library/Containers/com.microsoft.Excel.widgetextension/Data/SystemData/com.apple.chrono/placeholders/FileListWidget/systemMedium----344.00w--164.00h--20.00r--0f--0.00t-0.00l-0.00b0.00t.chrono-timeline",
      "Library/Containers/com.apple.shortcuts.ShortcutsWidget/Data/SystemData/com.apple.chrono/placeholders/ShortcutsFolderWidget/systemMedium----344.00w--164.00h--20.00r--0f--0.00t-0.00l-0.00b0.00t.chrono-timeline",
      "Library/Containers/com.apple.Batteries.BatteriesAvocadoWidgetExtension/Data/SystemData/com.apple.chrono/placeholders/BatteriesAvocadoWidget/systemMedium----344.00w--164.00h--20.00r--0f--0.00t-0.00l-0.00b0.00t.chrono-timeline",
      "Library/Containers/com.apple.findmy.FindMyWidgetItems/Data/SystemData/com.apple.chrono/placeholders/com.apple.findmy.FindMyWidgetItems/systemMedium----344.00w--164.00h--20.00r--0f--0.00t-0.00l-0.00b0.00t.chrono-timeline",
      "Library/Containers/com.apple.stocks.widget/Data/SystemData/com.apple.chrono/placeholders/detail/systemMedium----344.00w--164.00h--20.00r--0f--0.00t-0.00l-0.00b0.00t.chrono-timeline",
      "Library/Containers/com.apple.stocks.widget/Data/SystemData/com.apple.chrono/placeholders/overview/systemMedium----344.00w--164.00h--20.00r--0f--0.00t-0.00l-0.00b0.00t.chrono-timeline",
      "Library/Containers/com.apple.Notes.WidgetExtension/Data/SystemData/com.apple.chrono/placeholders/com.apple.Notes.FolderWidget/systemMedium----344.00w--164.00h--20.00r--0f--0.00t-0.00l-0.00b0.00t.chrono-timeline",
      "Library/Containers/com.apple.Safari.SafariWidgetExtension/Data/SystemData/com.apple.chrono/placeholders/ReadingListWidget/systemMedium----344.00w--164.00h--20.00r--0f--0.00t-0.00l-0.00b0.00t.chrono-timeline",
      "Library/Containers/com.apple.Home.HomeWidget.Interactive/Data/SystemData/com.apple.chrono/placeholders/com.apple.Home.widget.interactive/systemMedium----344.00w--164.00h--20.00r--0f--0.00t-0.00l-0.00b0.00t.chrono-timeline",
      "Library/Containers/com.microsoft.Word.widgetextension/Data/SystemData/com.apple.chrono/placeholders/FileListWidget/systemMedium----344.00w--164.00h--20.00r--0f--0.00t-0.00l-0.00b0.00t.chrono-timeline",
      "Library/Containers/com.apple.podcasts.widget/Data/SystemData/com.apple.chrono/placeholders/com.apple.podcasts.widget.upnext/systemMedium----344.00w--164.00h--20.00r--0f--0.00t-0.00l-0.00b0.00t.chrono-timeline"
    ],
    "ultima_modificacion": "2025-08-01 01:01:52.040320"
  },
  "systemsmall164.00w164.00h20.00r0f0.00t0.00l0.00b0.00t.chronotimeline": {
    "app_sintetizada": "SYSTEMSMALL164.00W164.00H20.00R0F0.00T0.00L0.00B0.00T.CHRONOTIMELINE",
    "cantidad_archivos": 34,
    "archivos_fuente": [
      "Library/Containers/com.apple.Home.HomeEnergyWidgets/Data/SystemData/com.apple.chrono/placeholders/EnergyForecastWidget/systemSmall----164.00w--164.00h--20.00r--0f--0.00t-0.00l-0.00b0.00t.chrono-timeline",
      "Library/Containers/com.apple.weather.widget/Data/SystemData/com.apple.chrono/placeholders/com.apple.weather/systemSmall----164.00w--164.00h--20.00r--0f--0.00t-0.00l-0.00b0.00t.chrono-timeline",
      "Library/Containers/com.apple.iCal.CalendarWidgetExtension/Data/SystemData/com.apple.chrono/placeholders/com.apple.CalendarWidget.CalendarDateWidget/systemSmall----164.00w--164.00h--20.00r--0f--0.00t-0.00l-0.00b0.00t.chrono-timeline",
      "Library/Containers/com.apple.iCal.CalendarWidgetExtension/Data/SystemData/com.apple.chrono/placeholders/com.apple.CalendarWidget.CalendarUpNextWidget/systemSmall----164.00w--164.00h--20.00r--0f--0.00t-0.00l-0.00b0.00t.chrono-timeline",
      "Library/Containers/com.apple.iCal.CalendarWidgetExtension/Data/SystemData/com.apple.chrono/placeholders/com.apple.CalendarWidget.CalendarMonthWidget/systemSmall----164.00w--164.00h--20.00r--0f--0.00t-0.00l-0.00b0.00t.chrono-timeline",
      "Library/Containers/com.apple.tips.Widget/Data/SystemData/com.apple.chrono/placeholders/com.apple.tips/systemSmall----164.00w--164.00h--20.00r--0f--0.00t-0.00l-0.00b0.00t.chrono-timeline",
      "Library/Containers/com.apple.reminders.WidgetExtension/Data/SystemData/com.apple.chrono/placeholders/com.apple.reminders.widget/systemSmall----164.00w--164.00h--20.00r--0f--0.00t-0.00l-0.00b0.00t.chrono-timeline",
      "Library/Containers/com.apple.clock.WorldClockWidget/Data/SystemData/com.apple.chrono/placeholders/com.apple.mobiletimer.digital.city/systemSmall----164.00w--164.00h--20.00r--0f--0.00t-0.00l-0.00b0.00t.chrono-timeline",
      "Library/Containers/com.apple.clock.WorldClockWidget/Data/SystemData/com.apple.chrono/placeholders/com.apple.mobiletimer.City/systemSmall----164.00w--164.00h--20.00r--0f--0.00t-0.00l-0.00b0.00t.chrono-timeline",
      "Library/Containers/com.apple.clock.WorldClockWidget/Data/SystemData/com.apple.chrono/placeholders/com.apple.mobiletimer.NonNumeralCity/systemSmall----164.00w--164.00h--20.00r--0f--0.00t-0.00l-0.00b0.00t.chrono-timeline",
      "Library/Containers/com.apple.clock.WorldClockWidget/Data/SystemData/com.apple.chrono/placeholders/com.apple.mobiletimer.clock.digital/systemSmall----164.00w--164.00h--20.00r--0f--0.00t-0.00l-0.00b0.00t.chrono-timeline",
      "Library/Containers/com.apple.clock.WorldClockWidget/Data/SystemData/com.apple.chrono/placeholders/com.apple.mobiletimer.WorldClock/systemSmall----164.00w--164.00h--20.00r--0f--0.00t-0.00l-0.00b0.00t.chrono-timeline",
      "Library/Containers/com.apple.clock.WorldClockWidget/Data/SystemData/com.apple.chrono/placeholders/com.apple.mobiletimer.datetime/systemSmall----164.00w--164.00h--20.00r--0f--0.00t-0.00l-0.00b0.00t.chrono-timeline",
      "Library/Containers/com.apple.clock.WorldClockWidget/Data/SystemData/com.apple.chrono/placeholders/com.apple.mobiletimer.square/systemSmall----164.00w--164.00h--20.00r--0f--0.00t-0.00l-0.00b0.00t.chrono-timeline",
      "Library/Containers/com.apple.clock.WorldClockWidget/Data/SystemData/com.apple.chrono/placeholders/com.apple.mobiletimer.SquareCity/systemSmall----164.00w--164.00h--20.00r--0f--0.00t-0.00l-0.00b0.00t.chrono-timeline",
      "Library/Containers/com.apple.clock.WorldClockWidget/Data/SystemData/com.apple.chrono/placeholders/com.apple.mobiletimer.nonumeral/systemSmall----164.00w--164.00h--20.00r--0f--0.00t-0.00l-0.00b0.00t.chrono-timeline",
      "Library/Containers/com.apple.findmy.FindMyWidgetPeople/Data/SystemData/com.apple.chrono/placeholders/com.apple.findmy.FindMyWidgetPeople/systemSmall----164.00w--164.00h--20.00r--0f--0.00t-0.00l-0.00b0.00t.chrono-timeline",
      "Library/Containers/com.apple.PeopleViewService.PeopleWidget-macOS/Data/SystemData/com.apple.chrono/placeholders/SingleContactWidget_macOS/systemSmall----164.00w--164.00h--20.00r--0f--0.00t-0.00l-0.00b0.00t.chrono-timeline",
      "Library/Containers/com.apple.ScreenTimeWidgetApplication.ScreenTimeWidgetExtension/Data/SystemData/com.apple.chrono/placeholders/com.apple.ScreenTimeWidgetApplication/systemSmall----164.00w--164.00h--20.00r--0f--0.00t-0.00l-0.00b0.00t.chrono-timeline",
      "Library/Containers/com.apple.Photos.PhotosReliveWidget/Data/SystemData/com.apple.chrono/placeholders/com.apple.Photos.PhotosReliveWidget/systemSmall----164.00w--164.00h--20.00r--0f--0.00t-0.00l-0.00b0.00t.chrono-timeline",
      "Library/Containers/com.apple.Photos.PhotosReliveWidget/Data/SystemData/com.apple.chrono/placeholders/com.apple.Photos.PhotosReliveWidget.collections/systemSmall----164.00w--164.00h--20.00r--0f--0.00t-0.00l-0.00b0.00t.chrono-timeline",
      "Library/Containers/com.microsoft.Excel.widgetextension/Data/SystemData/com.apple.chrono/placeholders/FileListWidget/systemSmall----164.00w--164.00h--20.00r--0f--0.00t-0.00l-0.00b0.00t.chrono-timeline",
      "Library/Containers/com.apple.shortcuts.ShortcutsWidget/Data/SystemData/com.apple.chrono/placeholders/RunShortcutWidget/systemSmall----164.00w--164.00h--20.00r--0f--0.00t-0.00l-0.00b0.00t.chrono-timeline",
      "Library/Containers/com.apple.shortcuts.ShortcutsWidget/Data/SystemData/com.apple.chrono/placeholders/ShortcutsFolderWidget/systemSmall----164.00w--164.00h--20.00r--0f--0.00t-0.00l-0.00b0.00t.chrono-timeline",
      "Library/Containers/com.apple.Batteries.BatteriesAvocadoWidgetExtension/Data/SystemData/com.apple.chrono/placeholders/BatteriesAvocadoWidget/systemSmall----164.00w--164.00h--20.00r--0f--0.00t-0.00l-0.00b0.00t.chrono-timeline",
      "Library/Containers/com.apple.findmy.FindMyWidgetItems/Data/SystemData/com.apple.chrono/placeholders/com.apple.findmy.FindMyWidgetItems/systemSmall----164.00w--164.00h--20.00r--0f--0.00t-0.00l-0.00b0.00t.chrono-timeline",
      "Library/Containers/com.apple.stocks.widget/Data/SystemData/com.apple.chrono/placeholders/detail/systemSmall----164.00w--164.00h--20.00r--0f--0.00t-0.00l-0.00b0.00t.chrono-timeline",
      "Library/Containers/com.apple.stocks.widget/Data/SystemData/com.apple.chrono/placeholders/overview/systemSmall----164.00w--164.00h--20.00r--0f--0.00t-0.00l-0.00b0.00t.chrono-timeline",
      "Library/Containers/com.apple.Notes.WidgetExtension/Data/SystemData/com.apple.chrono/placeholders/com.apple.Notes.FolderWidget/systemSmall----164.00w--164.00h--20.00r--0f--0.00t-0.00l-0.00b0.00t.chrono-timeline",
      "Library/Containers/com.apple.Notes.WidgetExtension/Data/SystemData/com.apple.chrono/placeholders/com.apple.Notes.NoteWidget/systemSmall----164.00w--164.00h--20.00r--0f--0.00t-0.00l-0.00b0.00t.chrono-timeline",
      "Library/Containers/com.apple.Safari.SafariWidgetExtension/Data/SystemData/com.apple.chrono/placeholders/ReadingListWidget/systemSmall----164.00w--164.00h--20.00r--0f--0.00t-0.00l-0.00b0.00t.chrono-timeline",
      "Library/Containers/com.apple.Home.HomeWidget.Interactive/Data/SystemData/com.apple.chrono/placeholders/com.apple.Home.widget.interactive/systemSmall----164.00w--164.00h--20.00r--0f--0.00t-0.00l-0.00b0.00t.chrono-timeline",
      "Library/Containers/com.microsoft.Word.widgetextension/Data/SystemData/com.apple.chrono/placeholders/FileListWidget/systemSmall----164.00w--164.00h--20.00r--0f--0.00t-0.00l-0.00b0.00t.chrono-timeline",
      "Library/Containers/com.apple.podcasts.widget/Data/SystemData/com.apple.chrono/placeholders/com.apple.podcasts.widget.upnext/systemSmall----164.00w--164.00h--20.00r--0f--0.00t-0.00l-0.00b0.00t.chrono-timeline"
    ],
    "ultima_modificacion": "2025-08-01 01:01:52.040664"
  },
  "com.apple.weather.sensitive.plist": {
    "app_sintetizada": "COM.APPLE.WEATHER.SENSITIVE.PLIST",
    "cantidad_archivos": 1,
    "archivos_fuente": [
      "Library/Containers/com.apple.weather.widget/Data/Library/Preferences/com.apple.weather.sensitive.plist"
    ],
    "ultima_modificacion": "2025-08-01 01:01:52.041013"
  },
  "com.apple.weather.widget.plist": {
    "app_sintetizada": "COM.APPLE.WEATHER.WIDGET.PLIST",
    "cantidad_archivos": 1,
    "archivos_fuente": [
      "Library/Containers/com.apple.weather.widget/Data/Library/Preferences/com.apple.weather.widget.plist"
    ],
    "ultima_modificacion": "2025-08-01 01:01:52.041353"
  },
  "com.apple.weather": {
    "app_sintetizada": "COM.APPLE.WEATHER",
    "cantidad_archivos": 4,
    "archivos_fuente": [
      "Library/Containers/com.apple.weather.widget/Data/Library/SyncedPreferences/com.apple.kvs/ChangeTokens/EndToEndEncryption/WeatherWidget/com.apple.weather",
      "Library/Containers/com.apple.Maps/Data/Library/SyncedPreferences/com.apple.kvs/ChangeTokens/EndToEndEncryption/Maps/com.apple.weather",
      "Library/Containers/com.apple.weather.WeatherIntents/Data/Library/SyncedPreferences/com.apple.kvs/ChangeTokens/NoEncryption/WeatherIntents/com.apple.weather",
      "Library/Containers/com.apple.weather.WeatherIntents/Data/Library/SyncedPreferences/com.apple.kvs/ChangeTokens/EndToEndEncryption/WeatherIntents/com.apple.weather"
    ],
    "ultima_modificacion": "2025-08-01 01:01:52.041659"
  },
  "locationquerygeocodecachefolder": {
    "app_sintetizada": "LOCATIONQUERYGEOCODECACHEFOLDER",
    "cantidad_archivos": 1,
    "archivos_fuente": [
      "Library/Containers/com.apple.weather.widget/Data/Documents/locationQueryGeocodeCacheFolder"
    ],
    "ultima_modificacion": "2025-08-01 01:01:52.041976"
  },
  "systemsmall3470667414981951387164.00w164.00h20.00r.chronotimeline": {
    "app_sintetizada": "SYSTEMSMALL3470667414981951387164.00W164.00H20.00R.CHRONOTIMELINE",
    "cantidad_archivos": 1,
    "archivos_fuente": [
      "Library/Containers/com.apple.weather.widget/Data/SystemData/com.apple.chrono/snapshot/com.apple.weather/systemSmall---3470667414981951387--164.00w--164.00h--20.00r.chrono-timeline"
    ],
    "ultima_modificacion": "2025-08-01 01:01:52.042306"
  },
  "systemsmall1133300387933467919164.00w164.00h20.00r.chronotimeline": {
    "app_sintetizada": "SYSTEMSMALL1133300387933467919164.00W164.00H20.00R.CHRONOTIMELINE",
    "cantidad_archivos": 1,
    "archivos_fuente": [
      "Library/Containers/com.apple.weather.widget/Data/SystemData/com.apple.chrono/snapshot/com.apple.weather/systemSmall--1133300387933467919--164.00w--164.00h--20.00r.chrono-timeline"
    ],
    "ultima_modificacion": "2025-08-01 01:01:52.042650"
  },
  "systemlarge344.00w344.00h20.00r0f0.00t0.00l0.00b0.00t.chronotimeline": {
    "app_sintetizada": "SYSTEMLARGE344.00W344.00H20.00R0F0.00T0.00L0.00B0.00T.CHRONOTIMELINE",
    "cantidad_archivos": 18,
    "archivos_fuente": [
      "Library/Containers/com.apple.weather.widget/Data/SystemData/com.apple.chrono/placeholders/com.apple.weather/systemLarge----344.00w--344.00h--20.00r--0f--0.00t-0.00l-0.00b0.00t.chrono-timeline",
      "Library/Containers/com.apple.iCal.CalendarWidgetExtension/Data/SystemData/com.apple.chrono/placeholders/com.apple.CalendarWidget.CalendarUpNextWidget/systemLarge----344.00w--344.00h--20.00r--0f--0.00t-0.00l-0.00b0.00t.chrono-timeline",
      "Library/Containers/com.apple.iCal.CalendarWidgetExtension/Data/SystemData/com.apple.chrono/placeholders/com.apple.CalendarWidget.CalendarListWidget/systemLarge----344.00w--344.00h--20.00r--0f--0.00t-0.00l-0.00b0.00t.chrono-timeline",
      "Library/Containers/com.apple.tips.Widget/Data/SystemData/com.apple.chrono/placeholders/com.apple.tips/systemLarge----344.00w--344.00h--20.00r--0f--0.00t-0.00l-0.00b0.00t.chrono-timeline",
      "Library/Containers/com.apple.reminders.WidgetExtension/Data/SystemData/com.apple.chrono/placeholders/com.apple.reminders.widget/systemLarge----344.00w--344.00h--20.00r--0f--0.00t-0.00l-0.00b0.00t.chrono-timeline",
      "Library/Containers/com.apple.PeopleViewService.PeopleWidget-macOS/Data/SystemData/com.apple.chrono/placeholders/MultipleContactWidget_macOS/systemLarge----344.00w--344.00h--20.00r--0f--0.00t-0.00l-0.00b0.00t.chrono-timeline",
      "Library/Containers/com.apple.ScreenTimeWidgetApplication.ScreenTimeWidgetExtension/Data/SystemData/com.apple.chrono/placeholders/com.apple.ScreenTimeWidgetApplication/systemLarge----344.00w--344.00h--20.00r--0f--0.00t-0.00l-0.00b0.00t.chrono-timeline",
      "Library/Containers/com.apple.Photos.PhotosReliveWidget/Data/SystemData/com.apple.chrono/placeholders/com.apple.Photos.PhotosReliveWidget/systemLarge----344.00w--344.00h--20.00r--0f--0.00t-0.00l-0.00b0.00t.chrono-timeline",
      "Library/Containers/com.apple.Photos.PhotosReliveWidget/Data/SystemData/com.apple.chrono/placeholders/com.apple.Photos.PhotosReliveWidget.collections/systemLarge----344.00w--344.00h--20.00r--0f--0.00t-0.00l-0.00b0.00t.chrono-timeline",
      "Library/Containers/com.microsoft.Excel.widgetextension/Data/SystemData/com.apple.chrono/placeholders/FileListWidget/systemLarge----344.00w--344.00h--20.00r--0f--0.00t-0.00l-0.00b0.00t.chrono-timeline",
      "Library/Containers/com.apple.shortcuts.ShortcutsWidget/Data/SystemData/com.apple.chrono/placeholders/ShortcutsFolderWidget/systemLarge----344.00w--344.00h--20.00r--0f--0.00t-0.00l-0.00b0.00t.chrono-timeline",
      "Library/Containers/com.apple.Batteries.BatteriesAvocadoWidgetExtension/Data/SystemData/com.apple.chrono/placeholders/BatteriesAvocadoWidget/systemLarge----344.00w--344.00h--20.00r--0f--0.00t-0.00l-0.00b0.00t.chrono-timeline",
      "Library/Containers/com.apple.stocks.widget/Data/SystemData/com.apple.chrono/placeholders/detail/systemLarge----344.00w--344.00h--20.00r--0f--0.00t-0.00l-0.00b0.00t.chrono-timeline",
      "Library/Containers/com.apple.stocks.widget/Data/SystemData/com.apple.chrono/placeholders/overview/systemLarge----344.00w--344.00h--20.00r--0f--0.00t-0.00l-0.00b0.00t.chrono-timeline",
      "Library/Containers/com.apple.Notes.WidgetExtension/Data/SystemData/com.apple.chrono/placeholders/com.apple.Notes.FolderWidget/systemLarge----344.00w--344.00h--20.00r--0f--0.00t-0.00l-0.00b0.00t.chrono-timeline",
      "Library/Containers/com.apple.Safari.SafariWidgetExtension/Data/SystemData/com.apple.chrono/placeholders/ReadingListWidget/systemLarge----344.00w--344.00h--20.00r--0f--0.00t-0.00l-0.00b0.00t.chrono-timeline",
      "Library/Containers/com.microsoft.Word.widgetextension/Data/SystemData/com.apple.chrono/placeholders/FileListWidget/systemLarge----344.00w--344.00h--20.00r--0f--0.00t-0.00l-0.00b0.00t.chrono-timeline",
      "Library/Containers/com.apple.podcasts.widget/Data/SystemData/com.apple.chrono/placeholders/com.apple.podcasts.widget.upnext/systemLarge----344.00w--344.00h--20.00r--0f--0.00t-0.00l-0.00b0.00t.chrono-timeline"
    ],
    "ultima_modificacion": "2025-08-01 01:01:52.043007"
  },
  "com.apple.calculator.plist": {
    "app_sintetizada": "COM.APPLE.CALCULATOR.PLIST",
    "cantidad_archivos": 1,
    "archivos_fuente": [
      "Library/Containers/com.apple.calculator/Data/Library/Preferences/com.apple.calculator.plist"
    ],
    "ultima_modificacion": "2025-08-01 01:01:52.043349"
  },
  "com.apple.ncplugin.weather.plist": {
    "app_sintetizada": "COM.APPLE.NCPLUGIN.WEATHER.PLIST",
    "cantidad_archivos": 2,
    "archivos_fuente": [
      "Library/Containers/com.apple.ncplugin.weather/Data/Library/Preferences/com.apple.ncplugin.weather.plist",
      "Library/Containers/com.apple.ncplugin.weather/Data/Library/SyncedPreferences/com.apple.ncplugin.weather.plist"
    ],
    "ultima_modificacion": "2025-08-01 01:01:52.043665"
  },
  "com.apple.systempreferences.spotlightindexextension.plist": {
    "app_sintetizada": "COM.APPLE.SYSTEMPREFERENCES.SPOTLIGHTINDEXEXTENSION.PLIST",
    "cantidad_archivos": 1,
    "archivos_fuente": [
      "Library/Containers/com.apple.systempreferences.SpotlightIndexExtension/Data/Library/Preferences/com.apple.systempreferences.SpotlightIndexExtension.plist"
    ],
    "ultima_modificacion": "2025-08-01 01:01:52.043992"
  },
  "cache.plist": {
    "app_sintetizada": "CACHE.PLIST",
    "cantidad_archivos": 4,
    "archivos_fuente": [
      "Library/Containers/com.apple.iWork.Numbers/Data/Library/Application Support/Collaboration/com.apple.iWork/Cache.plist",
      "Library/Containers/com.apple.iWork.Keynote/Data/Library/Application Support/Collaboration/com.apple.iWork/Cache.plist",
      "Library/Containers/com.apple.iWork.Pages/Data/Library/Application Support/Collaboration/com.apple.iWork/Cache.plist",
      "Library/Caches/PassKit/cache.plist"
    ],
    "ultima_modificacion": "2025-08-01 01:01:52.044312"
  },
  "remotestringses419.plist": {
    "app_sintetizada": "REMOTESTRINGSES419.PLIST",
    "cantidad_archivos": 3,
    "archivos_fuente": [
      "Library/Containers/com.apple.iWork.Numbers/Data/Library/Application Support/RemoteStrings/RemoteStrings_es_419.plist",
      "Library/Containers/com.apple.iWork.Keynote/Data/Library/Application Support/RemoteStrings/RemoteStrings_es_419.plist",
      "Library/Containers/com.apple.iWork.Pages/Data/Library/Application Support/RemoteStrings/RemoteStrings_es_419.plist"
    ],
    "ultima_modificacion": "2025-08-01 01:01:52.044654"
  },
  "com.apple.iwork.numbers.plist": {
    "app_sintetizada": "COM.APPLE.IWORK.NUMBERS.PLIST",
    "cantidad_archivos": 2,
    "archivos_fuente": [
      "Library/Containers/com.apple.iWork.Numbers/Data/Library/Preferences/com.apple.iWork.Numbers.plist",
      "Library/Containers/com.apple.iWork.Numbers/Data/Library/SyncedPreferences/com.apple.iWork.Numbers.plist"
    ],
    "ultima_modificacion": "2025-08-01 01:01:52.045001"
  },
  "com.apple.iwork": {
    "app_sintetizada": "COM.APPLE.IWORK",
    "cantidad_archivos": 3,
    "archivos_fuente": [
      "Library/Containers/com.apple.iWork.Numbers/Data/Library/SyncedPreferences/com.apple.kvs/ChangeTokens/NoEncryption/Numbers/com.apple.iWork",
      "Library/Containers/com.apple.iWork.Keynote/Data/Library/SyncedPreferences/com.apple.kvs/ChangeTokens/NoEncryption/Keynote/com.apple.iWork",
      "Library/Containers/com.apple.iWork.Pages/Data/Library/SyncedPreferences/com.apple.kvs/ChangeTokens/NoEncryption/Pages/com.apple.iWork"
    ],
    "ultima_modificacion": "2025-08-01 01:01:52.045323"
  },
  "com.apple.quicklook.quicklookuiservice.plist": {
    "app_sintetizada": "COM.APPLE.QUICKLOOK.QUICKLOOKUISERVICE.PLIST",
    "cantidad_archivos": 1,
    "archivos_fuente": [
      "Library/Containers/com.apple.quicklook.QuickLookUIService/Data/Library/Preferences/com.apple.quicklook.QuickLookUIService.plist"
    ],
    "ultima_modificacion": "2025-08-01 01:01:52.045616"
  },
  "com.apple.cloudsharing.spihelper.plist": {
    "app_sintetizada": "COM.APPLE.CLOUDSHARING.SPIHELPER.PLIST",
    "cantidad_archivos": 1,
    "archivos_fuente": [
      "Library/Containers/com.apple.CloudSharing.SPIHelper/Data/Library/Preferences/com.apple.CloudSharing.SPIHelper.plist"
    ],
    "ultima_modificacion": "2025-08-01 01:01:52.045910"
  },
  "currentconditions.plist": {
    "app_sintetizada": "CURRENTCONDITIONS.PLIST",
    "cantidad_archivos": 1,
    "archivos_fuente": [
      "Library/Containers/com.apple.WeatherKitService/Data/Library/Caches/com.apple.WeatherKitService/current_conditions.plist"
    ],
    "ultima_modificacion": "2025-08-01 01:01:52.046213"
  },
  "dailyforecasts.plist": {
    "app_sintetizada": "DAILYFORECASTS.PLIST",
    "cantidad_archivos": 1,
    "archivos_fuente": [
      "Library/Containers/com.apple.WeatherKitService/Data/Library/Caches/com.apple.WeatherKitService/daily_forecasts.plist"
    ],
    "ultima_modificacion": "2025-08-01 01:01:52.046523"
  },
  "almanacdata.plist": {
    "app_sintetizada": "ALMANACDATA.PLIST",
    "cantidad_archivos": 1,
    "archivos_fuente": [
      "Library/Containers/com.apple.WeatherKitService/Data/Library/Caches/com.apple.WeatherKitService/almanac_data.plist"
    ],
    "ultima_modificacion": "2025-08-01 01:01:52.046830"
  },
  "locations.plist": {
    "app_sintetizada": "LOCATIONS.PLIST",
    "cantidad_archivos": 1,
    "archivos_fuente": [
      "Library/Containers/com.apple.WeatherKitService/Data/Library/Caches/com.apple.WeatherKitService/locations.plist"
    ],
    "ultima_modificacion": "2025-08-01 01:01:52.047123"
  },
  "wuglocations.plist": {
    "app_sintetizada": "WUGLOCATIONS.PLIST",
    "cantidad_archivos": 1,
    "archivos_fuente": [
      "Library/Containers/com.apple.WeatherKitService/Data/Library/Caches/com.apple.WeatherKitService/wug_locations.plist"
    ],
    "ultima_modificacion": "2025-08-01 01:01:52.047428"
  },
  "historicaldata.plist": {
    "app_sintetizada": "HISTORICALDATA.PLIST",
    "cantidad_archivos": 1,
    "archivos_fuente": [
      "Library/Containers/com.apple.WeatherKitService/Data/Library/Caches/com.apple.WeatherKitService/historical_data.plist"
    ],
    "ultima_modificacion": "2025-08-01 01:01:52.047717"
  },
  "hourlyforecasts.plist": {
    "app_sintetizada": "HOURLYFORECASTS.PLIST",
    "cantidad_archivos": 1,
    "archivos_fuente": [
      "Library/Containers/com.apple.WeatherKitService/Data/Library/Caches/com.apple.WeatherKitService/hourly_forecasts.plist"
    ],
    "ultima_modificacion": "2025-08-01 01:01:52.048048"
  },
  "05a7edb8c9104d7c88b33cfb34515425": {
    "app_sintetizada": "05A7EDB8C9104D7C88B33CFB34515425",
    "cantidad_archivos": 1,
    "archivos_fuente": [
      "Library/Containers/com.apple.WeatherKitService/Data/Library/Caches/com.apple.WeatherKitService/fsCachedData/05A7EDB8-C910-4D7C-88B3-3CFB34515425"
    ],
    "ultima_modificacion": "2025-08-01 01:01:52.048366"
  },
  "5515313b8e1a4f269ae4bf5844ed3dda": {
    "app_sintetizada": "5515313B8E1A4F269AE4BF5844ED3DDA",
    "cantidad_archivos": 1,
    "archivos_fuente": [
      "Library/Containers/com.apple.WeatherKitService/Data/Library/Caches/com.apple.WeatherKitService/fsCachedData/5515313B-8E1A-4F26-9AE4-BF5844ED3DDA"
    ],
    "ultima_modificacion": "2025-08-01 01:01:52.048700"
  },
  "406457f0087c43bc9dc689dd7aa8bc85": {
    "app_sintetizada": "406457F0087C43BC9DC689DD7AA8BC85",
    "cantidad_archivos": 1,
    "archivos_fuente": [
      "Library/Containers/com.apple.WeatherKitService/Data/Library/Caches/com.apple.WeatherKitService/fsCachedData/406457F0-087C-43BC-9DC6-89DD7AA8BC85"
    ],
    "ultima_modificacion": "2025-08-01 01:01:52.049026"
  },
  "7c9089ee00e840fb922d5efac2ecf694": {
    "app_sintetizada": "7C9089EE00E840FB922D5EFAC2ECF694",
    "cantidad_archivos": 1,
    "archivos_fuente": [
      "Library/Containers/com.apple.WeatherKitService/Data/Library/Caches/com.apple.WeatherKitService/fsCachedData/7C9089EE-00E8-40FB-922D-5EFAC2ECF694"
    ],
    "ultima_modificacion": "2025-08-01 01:01:52.049461"
  },
  "a05771b7d85f45b78c89890f39592bea": {
    "app_sintetizada": "A05771B7D85F45B78C89890F39592BEA",
    "cantidad_archivos": 1,
    "archivos_fuente": [
      "Library/Containers/com.apple.WeatherKitService/Data/Library/Caches/com.apple.WeatherKitService/fsCachedData/A05771B7-D85F-45B7-8C89-890F39592BEA"
    ],
    "ultima_modificacion": "2025-08-01 01:01:52.049886"
  },
  "systemsmall9068424113396816522164.00w164.00h20.00r.chronotimeline": {
    "app_sintetizada": "SYSTEMSMALL9068424113396816522164.00W164.00H20.00R.CHRONOTIMELINE",
    "cantidad_archivos": 1,
    "archivos_fuente": [
      "Library/Containers/com.apple.iCal.CalendarWidgetExtension/Data/SystemData/com.apple.chrono/snapshot/com.apple.CalendarWidget.CalendarWidget/systemSmall---9068424113396816522--164.00w--164.00h--20.00r.chrono-timeline"
    ],
    "ultima_modificacion": "2025-08-01 01:01:52.050261"
  },
  "systemextralarge704.00w344.00h20.00r0f0.00t0.00l0.00b0.00t.chronotimeline": {
    "app_sintetizada": "SYSTEMEXTRALARGE704.00W344.00H20.00R0F0.00T0.00L0.00B0.00T.CHRONOTIMELINE",
    "cantidad_archivos": 8,
    "archivos_fuente": [
      "Library/Containers/com.apple.iCal.CalendarWidgetExtension/Data/SystemData/com.apple.chrono/placeholders/com.apple.CalendarWidget.CalendarUpNextWidget/systemExtraLarge----704.00w--344.00h--20.00r--0f--0.00t-0.00l-0.00b0.00t.chrono-timeline",
      "Library/Containers/com.apple.PeopleViewService.PeopleWidget-macOS/Data/SystemData/com.apple.chrono/placeholders/MultipleContactWidget_macOS/systemExtraLarge----704.00w--344.00h--20.00r--0f--0.00t-0.00l-0.00b0.00t.chrono-timeline",
      "Library/Containers/com.apple.Photos.PhotosReliveWidget/Data/SystemData/com.apple.chrono/placeholders/com.apple.Photos.PhotosReliveWidget/systemExtraLarge----704.00w--344.00h--20.00r--0f--0.00t-0.00l-0.00b0.00t.chrono-timeline",
      "Library/Containers/com.apple.Photos.PhotosReliveWidget/Data/SystemData/com.apple.chrono/placeholders/com.apple.Photos.PhotosReliveWidget.collections/systemExtraLarge----704.00w--344.00h--20.00r--0f--0.00t-0.00l-0.00b0.00t.chrono-timeline",
      "Library/Containers/com.microsoft.Excel.widgetextension/Data/SystemData/com.apple.chrono/placeholders/FileListWidget/systemExtraLarge----704.00w--344.00h--20.00r--0f--0.00t-0.00l-0.00b0.00t.chrono-timeline",
      "Library/Containers/com.apple.shortcuts.ShortcutsWidget/Data/SystemData/com.apple.chrono/placeholders/ShortcutsFolderWidget/systemExtraLarge----704.00w--344.00h--20.00r--0f--0.00t-0.00l-0.00b0.00t.chrono-timeline",
      "Library/Containers/com.microsoft.Word.widgetextension/Data/SystemData/com.apple.chrono/placeholders/FileListWidget/systemExtraLarge----704.00w--344.00h--20.00r--0f--0.00t-0.00l-0.00b0.00t.chrono-timeline",
      "Library/Containers/com.apple.podcasts.widget/Data/SystemData/com.apple.chrono/placeholders/com.apple.podcasts.widget.upnext/systemExtraLarge----704.00w--344.00h--20.00r--0f--0.00t-0.00l-0.00b0.00t.chrono-timeline"
    ],
    "ultima_modificacion": "2025-08-01 01:01:52.050652"
  },
  "com.apple.contacts.donationagent.plist": {
    "app_sintetizada": "COM.APPLE.CONTACTS.DONATIONAGENT.PLIST",
    "cantidad_archivos": 1,
    "archivos_fuente": [
      "Library/Containers/com.apple.contacts.donation-agent/Data/Library/Preferences/com.apple.contacts.donation-agent.plist"
    ],
    "ultima_modificacion": "2025-08-01 01:01:52.051041"
  },
  "bundleversions.plist": {
    "app_sintetizada": "BUNDLEVERSIONS.PLIST",
    "cantidad_archivos": 1,
    "archivos_fuente": [
      "Library/Containers/com.apple.contacts.donation-agent/Data/Library/Contacts/Donations/bundle_versions.plist"
    ],
    "ultima_modificacion": "2025-08-01 01:01:52.051393"
  },
  "donations.plist": {
    "app_sintetizada": "DONATIONS.PLIST",
    "cantidad_archivos": 1,
    "archivos_fuente": [
      "Library/Containers/com.apple.contacts.donation-agent/Data/Library/Contacts/Donations/donations.plist"
    ],
    "ultima_modificacion": "2025-08-01 01:01:52.051744"
  },
  "com.apple.coresuggestions": {
    "app_sintetizada": "COM.APPLE.CORESUGGESTIONS",
    "cantidad_archivos": 1,
    "archivos_fuente": [
      "Library/Containers/com.apple.contacts.donation-agent/Data/Library/SyncedPreferences/com.apple.kvs/ChangeTokens/NoEncryption/contactsdonationagent/com.apple.CoreSuggestions"
    ],
    "ultima_modificacion": "2025-08-01 01:01:52.052086"
  },
  "accessrights.plist": {
    "app_sintetizada": "ACCESSRIGHTS.PLIST",
    "cantidad_archivos": 1,
    "archivos_fuente": [
      "Library/Containers/com.apple.photolibraryd/Data/Library/Application Support/AccessRights.plist"
    ],
    "ultima_modificacion": "2025-08-01 01:01:52.052444"
  },
  "com.apple.photolibraryd.plist": {
    "app_sintetizada": "COM.APPLE.PHOTOLIBRARYD.PLIST",
    "cantidad_archivos": 1,
    "archivos_fuente": [
      "Library/Containers/com.apple.photolibraryd/Data/Library/Preferences/com.apple.photolibraryd.plist"
    ],
    "ultima_modificacion": "2025-08-01 01:01:52.052775"
  },
  "group.com.apple.photolibraryd.private.plist": {
    "app_sintetizada": "GROUP.COM.APPLE.PHOTOLIBRARYD.PRIVATE.PLIST",
    "cantidad_archivos": 1,
    "archivos_fuente": [
      "Library/Containers/com.apple.photolibraryd/Data/Library/Preferences/group.com.apple.photolibraryd.private.plist"
    ],
    "ultima_modificacion": "2025-08-01 01:01:52.053118"
  },
  "com.apple.camera.plist": {
    "app_sintetizada": "COM.APPLE.CAMERA.PLIST",
    "cantidad_archivos": 1,
    "archivos_fuente": [
      "Library/Containers/com.apple.photolibraryd/Data/Library/Preferences/com.apple.camera.plist"
    ],
    "ultima_modificacion": "2025-08-01 01:01:52.053489"
  },
  "pfscenetaxonomydata.index": {
    "app_sintetizada": "PFSCENETAXONOMYDATA.INDEX",
    "cantidad_archivos": 4,
    "archivos_fuente": [
      "Library/Containers/com.apple.photolibraryd/Data/Library/Caches/PFSceneTaxonomyData.index",
      "Library/Containers/com.apple.photoanalysisd/Data/Library/Caches/PFSceneTaxonomyData.index",
      "Library/Containers/com.apple.mediaanalysisd/Data/Library/Caches/PFSceneTaxonomyData.index",
      "Library/Caches/PFSceneTaxonomyData.index"
    ],
    "ultima_modificacion": "2025-08-01 01:01:52.053851"
  },
  "pfscenetaxonomydata84.index": {
    "app_sintetizada": "PFSCENETAXONOMYDATA84.INDEX",
    "cantidad_archivos": 2,
    "archivos_fuente": [
      "Library/Containers/com.apple.photolibraryd/Data/Library/Caches/PFSceneTaxonomyData_84.index",
      "Library/Containers/com.apple.photoanalysisd/Data/Library/Caches/PFSceneTaxonomyData_84.index"
    ],
    "ultima_modificacion": "2025-08-01 01:01:52.054229"
  },
  "pftimezonedata.index": {
    "app_sintetizada": "PFTIMEZONEDATA.INDEX",
    "cantidad_archivos": 2,
    "archivos_fuente": [
      "Library/Containers/com.apple.photolibraryd/Data/Library/Caches/PFTimeZoneData.index",
      "Library/Containers/com.apple.Photos.Migration/Data/Library/Caches/PFTimeZoneData.index"
    ],
    "ultima_modificacion": "2025-08-01 01:01:52.054715"
  },
  "notificationtempimagepluncategoryinterestingmemory102cb5d7316e40f8898452a865624b80.jpg": {
    "app_sintetizada": "NOTIFICATIONTEMPIMAGEPLUNCATEGORYINTERESTINGMEMORY102CB5D7316E40F8898452A865624B80.JPG",
    "cantidad_archivos": 1,
    "archivos_fuente": [
      "Library/Containers/com.apple.photolibraryd/Data/tmp/notificationTempImage_PLUNCategoryInterestingMemory_102CB5D7-316E-40F8-8984-52A865624B80.jpg"
    ],
    "ultima_modificacion": "2025-08-01 01:01:52.055124"
  },
  "notificationtempimagepluncategoryinterestingmemory45e02d3310324c1a8c6a9ee3f69a27d9.jpg": {
    "app_sintetizada": "NOTIFICATIONTEMPIMAGEPLUNCATEGORYINTERESTINGMEMORY45E02D3310324C1A8C6A9EE3F69A27D9.JPG",
    "cantidad_archivos": 1,
    "archivos_fuente": [
      "Library/Containers/com.apple.photolibraryd/Data/tmp/notificationTempImage_PLUNCategoryInterestingMemory_45E02D33-1032-4C1A-8C6A-9EE3F69A27D9.jpg"
    ],
    "ultima_modificacion": "2025-08-01 01:01:52.055598"
  },
  "notificationtempimagepluncategoryinterestingmemoryc73976d89499460f8fc1c5526d93f4b8.jpg": {
    "app_sintetizada": "NOTIFICATIONTEMPIMAGEPLUNCATEGORYINTERESTINGMEMORYC73976D89499460F8FC1C5526D93F4B8.JPG",
    "cantidad_archivos": 1,
    "archivos_fuente": [
      "Library/Containers/com.apple.photolibraryd/Data/tmp/notificationTempImage_PLUNCategoryInterestingMemory_C73976D8-9499-460F-8FC1-C5526D93F4B8.jpg"
    ],
    "ultima_modificacion": "2025-08-01 01:01:52.055948"
  },
  "notificationtempimagepluncategoryinterestingmemoryec1084cd483346cab5ed995f71fd1deb.jpg": {
    "app_sintetizada": "NOTIFICATIONTEMPIMAGEPLUNCATEGORYINTERESTINGMEMORYEC1084CD483346CAB5ED995F71FD1DEB.JPG",
    "cantidad_archivos": 1,
    "archivos_fuente": [
      "Library/Containers/com.apple.photolibraryd/Data/tmp/notificationTempImage_PLUNCategoryInterestingMemory_EC1084CD-4833-46CA-B5ED-995F71FD1DEB.jpg"
    ],
    "ultima_modificacion": "2025-08-01 01:01:52.056351"
  },
  "notificationtempimagepluncategoryinterestingmemory93d80a2b4e9d4a19adae20adf0e80b36.jpg": {
    "app_sintetizada": "NOTIFICATIONTEMPIMAGEPLUNCATEGORYINTERESTINGMEMORY93D80A2B4E9D4A19ADAE20ADF0E80B36.JPG",
    "cantidad_archivos": 1,
    "archivos_fuente": [
      "Library/Containers/com.apple.photolibraryd/Data/tmp/notificationTempImage_PLUNCategoryInterestingMemory_93D80A2B-4E9D-4A19-ADAE-20ADF0E80B36.jpg"
    ],
    "ultima_modificacion": "2025-08-01 01:01:52.056753"
  },
  "notificationtempimagepluncategoryinterestingmemoryc894d40fc5ec466dadb6afe9d0f8166b.jpg": {
    "app_sintetizada": "NOTIFICATIONTEMPIMAGEPLUNCATEGORYINTERESTINGMEMORYC894D40FC5EC466DADB6AFE9D0F8166B.JPG",
    "cantidad_archivos": 1,
    "archivos_fuente": [
      "Library/Containers/com.apple.photolibraryd/Data/tmp/notificationTempImage_PLUNCategoryInterestingMemory_C894D40F-C5EC-466D-ADB6-AFE9D0F8166B.jpg"
    ],
    "ultima_modificacion": "2025-08-01 01:01:52.057131"
  },
  "notificationtempimagepluncategoryinterestingmemorydb7df6e303c14dd49f21e520ac3b4b42.jpg": {
    "app_sintetizada": "NOTIFICATIONTEMPIMAGEPLUNCATEGORYINTERESTINGMEMORYDB7DF6E303C14DD49F21E520AC3B4B42.JPG",
    "cantidad_archivos": 1,
    "archivos_fuente": [
      "Library/Containers/com.apple.photolibraryd/Data/tmp/notificationTempImage_PLUNCategoryInterestingMemory_DB7DF6E3-03C1-4DD4-9F21-E520AC3B4B42.jpg"
    ],
    "ultima_modificacion": "2025-08-01 01:01:52.057468"
  },
  "notificationtempimagepluncategoryinterestingmemory140ac87d45554099812f46fced86801c.jpg": {
    "app_sintetizada": "NOTIFICATIONTEMPIMAGEPLUNCATEGORYINTERESTINGMEMORY140AC87D45554099812F46FCED86801C.JPG",
    "cantidad_archivos": 1,
    "archivos_fuente": [
      "Library/Containers/com.apple.photolibraryd/Data/tmp/notificationTempImage_PLUNCategoryInterestingMemory_140AC87D-4555-4099-812F-46FCED86801C.jpg"
    ],
    "ultima_modificacion": "2025-08-01 01:01:52.057779"
  },
  "notificationtempimagepluncategoryinterestingmemory505070a266ed4c8c9788b0c0dcfaa738.jpg": {
    "app_sintetizada": "NOTIFICATIONTEMPIMAGEPLUNCATEGORYINTERESTINGMEMORY505070A266ED4C8C9788B0C0DCFAA738.JPG",
    "cantidad_archivos": 1,
    "archivos_fuente": [
      "Library/Containers/com.apple.photolibraryd/Data/tmp/notificationTempImage_PLUNCategoryInterestingMemory_505070A2-66ED-4C8C-9788-B0C0DCFAA738.jpg"
    ],
    "ultima_modificacion": "2025-08-01 01:01:52.058124"
  },
  "render.6362cfa9a2de4e7693482897ba179592.jpeg": {
    "app_sintetizada": "RENDER.6362CFA9A2DE4E7693482897BA179592.JPEG",
    "cantidad_archivos": 1,
    "archivos_fuente": [
      "Library/Containers/com.apple.photolibraryd/Data/tmp/TemporaryItems/render.6362CFA9-A2DE-4E76-9348-2897BA179592.jpeg"
    ],
    "ultima_modificacion": "2025-08-01 01:01:52.058494"
  },
  "render.8541026ce8df4ba292b8d84a21f9c769.jpeg": {
    "app_sintetizada": "RENDER.8541026CE8DF4BA292B8D84A21F9C769.JPEG",
    "cantidad_archivos": 1,
    "archivos_fuente": [
      "Library/Containers/com.apple.photolibraryd/Data/tmp/TemporaryItems/render.8541026C-E8DF-4BA2-92B8-D84A21F9C769.jpeg"
    ],
    "ultima_modificacion": "2025-08-01 01:01:52.058824"
  },
  "render.2313a1d0af81450b94044cfedd441f89.jpeg": {
    "app_sintetizada": "RENDER.2313A1D0AF81450B94044CFEDD441F89.JPEG",
    "cantidad_archivos": 1,
    "archivos_fuente": [
      "Library/Containers/com.apple.photolibraryd/Data/tmp/TemporaryItems/render.2313A1D0-AF81-450B-9404-4CFEDD441F89.jpeg"
    ],
    "ultima_modificacion": "2025-08-01 01:01:52.059149"
  },
  "podcasttitlenamesdatatable.tdb": {
    "app_sintetizada": "PODCASTTITLENAMESDATATABLE.TDB",
    "cantidad_archivos": 1,
    "archivos_fuente": [
      "Library/Containers/com.apple.siri.media-indexer/Data/podcasttitlenamesdataTable.tdb"
    ],
    "ultima_modificacion": "2025-08-01 01:01:52.059802"
  },
  "genrenamesdatatable.tdb": {
    "app_sintetizada": "GENRENAMESDATATABLE.TDB",
    "cantidad_archivos": 1,
    "archivos_fuente": [
      "Library/Containers/com.apple.siri.media-indexer/Data/genrenamesdataTable.tdb"
    ],
    "ultima_modificacion": "2025-08-01 01:01:52.061831"
  },
  "composernamesfinaltable.tdb": {
    "app_sintetizada": "COMPOSERNAMESFINALTABLE.TDB",
    "cantidad_archivos": 1,
    "archivos_fuente": [
      "Library/Containers/com.apple.siri.media-indexer/Data/composernamesfinalTable.tdb"
    ],
    "ultima_modificacion": "2025-08-01 01:01:52.062168"
  },
  "mediatitlesfinaltable.tdb": {
    "app_sintetizada": "MEDIATITLESFINALTABLE.TDB",
    "cantidad_archivos": 1,
    "archivos_fuente": [
      "Library/Containers/com.apple.siri.media-indexer/Data/mediatitlesfinalTable.tdb"
    ],
    "ultima_modificacion": "2025-08-01 01:01:52.062528"
  },
  "mediatitlesdatatable.tdb": {
    "app_sintetizada": "MEDIATITLESDATATABLE.TDB",
    "cantidad_archivos": 1,
    "archivos_fuente": [
      "Library/Containers/com.apple.siri.media-indexer/Data/mediatitlesdataTable.tdb"
    ],
    "ultima_modificacion": "2025-08-01 01:01:52.062887"
  },
  "artistnamesfinaltable.tdb": {
    "app_sintetizada": "ARTISTNAMESFINALTABLE.TDB",
    "cantidad_archivos": 1,
    "archivos_fuente": [
      "Library/Containers/com.apple.siri.media-indexer/Data/artistnamesfinalTable.tdb"
    ],
    "ultima_modificacion": "2025-08-01 01:01:52.063230"
  },
  "genrenamesfinaltable.tdb": {
    "app_sintetizada": "GENRENAMESFINALTABLE.TDB",
    "cantidad_archivos": 1,
    "archivos_fuente": [
      "Library/Containers/com.apple.siri.media-indexer/Data/genrenamesfinalTable.tdb"
    ],
    "ultima_modificacion": "2025-08-01 01:01:52.063628"
  },
  "playlistnamesfinaltable.tdb": {
    "app_sintetizada": "PLAYLISTNAMESFINALTABLE.TDB",
    "cantidad_archivos": 1,
    "archivos_fuente": [
      "Library/Containers/com.apple.siri.media-indexer/Data/playlistnamesfinalTable.tdb"
    ],
    "ultima_modificacion": "2025-08-01 01:01:52.063998"
  },
  "mediatitlesedgetable.tdb": {
    "app_sintetizada": "MEDIATITLESEDGETABLE.TDB",
    "cantidad_archivos": 1,
    "archivos_fuente": [
      "Library/Containers/com.apple.siri.media-indexer/Data/mediatitlesedgeTable.tdb"
    ],
    "ultima_modificacion": "2025-08-01 01:01:52.064321"
  },
  "genrenamesedgetable.tdb": {
    "app_sintetizada": "GENRENAMESEDGETABLE.TDB",
    "cantidad_archivos": 1,
    "archivos_fuente": [
      "Library/Containers/com.apple.siri.media-indexer/Data/genrenamesedgeTable.tdb"
    ],
    "ultima_modificacion": "2025-08-01 01:01:52.064647"
  },
  "podcasttitlenamesedgetable.tdb": {
    "app_sintetizada": "PODCASTTITLENAMESEDGETABLE.TDB",
    "cantidad_archivos": 1,
    "archivos_fuente": [
      "Library/Containers/com.apple.siri.media-indexer/Data/podcasttitlenamesedgeTable.tdb"
    ],
    "ultima_modificacion": "2025-08-01 01:01:52.064984"
  },
  "albumartistnamesedgetable.tdb": {
    "app_sintetizada": "ALBUMARTISTNAMESEDGETABLE.TDB",
    "cantidad_archivos": 1,
    "archivos_fuente": [
      "Library/Containers/com.apple.siri.media-indexer/Data/albumartistnamesedgeTable.tdb"
    ],
    "ultima_modificacion": "2025-08-01 01:01:52.065324"
  },
  "composernamesedgetable.tdb": {
    "app_sintetizada": "COMPOSERNAMESEDGETABLE.TDB",
    "cantidad_archivos": 1,
    "archivos_fuente": [
      "Library/Containers/com.apple.siri.media-indexer/Data/composernamesedgeTable.tdb"
    ],
    "ultima_modificacion": "2025-08-01 01:01:52.066080"
  },
  "podcasttitlenamesfinaltable.tdb": {
    "app_sintetizada": "PODCASTTITLENAMESFINALTABLE.TDB",
    "cantidad_archivos": 1,
    "archivos_fuente": [
      "Library/Containers/com.apple.siri.media-indexer/Data/podcasttitlenamesfinalTable.tdb"
    ],
    "ultima_modificacion": "2025-08-01 01:01:52.066402"
  },
  "albumtitlesdatatable.tdb": {
    "app_sintetizada": "ALBUMTITLESDATATABLE.TDB",
    "cantidad_archivos": 1,
    "archivos_fuente": [
      "Library/Containers/com.apple.siri.media-indexer/Data/albumtitlesdataTable.tdb"
    ],
    "ultima_modificacion": "2025-08-01 01:01:52.066692"
  },
  "artistnamesedgetable.tdb": {
    "app_sintetizada": "ARTISTNAMESEDGETABLE.TDB",
    "cantidad_archivos": 1,
    "archivos_fuente": [
      "Library/Containers/com.apple.siri.media-indexer/Data/artistnamesedgeTable.tdb"
    ],
    "ultima_modificacion": "2025-08-01 01:01:52.067029"
  },
  "playlistnamesedgetable.tdb": {
    "app_sintetizada": "PLAYLISTNAMESEDGETABLE.TDB",
    "cantidad_archivos": 1,
    "archivos_fuente": [
      "Library/Containers/com.apple.siri.media-indexer/Data/playlistnamesedgeTable.tdb"
    ],
    "ultima_modificacion": "2025-08-01 01:01:52.067318"
  },
  "playlistnamesdatatable.tdb": {
    "app_sintetizada": "PLAYLISTNAMESDATATABLE.TDB",
    "cantidad_archivos": 1,
    "archivos_fuente": [
      "Library/Containers/com.apple.siri.media-indexer/Data/playlistnamesdataTable.tdb"
    ],
    "ultima_modificacion": "2025-08-01 01:01:52.067651"
  },
  "albumartistnamesfinaltable.tdb": {
    "app_sintetizada": "ALBUMARTISTNAMESFINALTABLE.TDB",
    "cantidad_archivos": 1,
    "archivos_fuente": [
      "Library/Containers/com.apple.siri.media-indexer/Data/albumartistnamesfinalTable.tdb"
    ],
    "ultima_modificacion": "2025-08-01 01:01:52.067995"
  },
  "artistnamesdatatable.tdb": {
    "app_sintetizada": "ARTISTNAMESDATATABLE.TDB",
    "cantidad_archivos": 1,
    "archivos_fuente": [
      "Library/Containers/com.apple.siri.media-indexer/Data/artistnamesdataTable.tdb"
    ],
    "ultima_modificacion": "2025-08-01 01:01:52.068277"
  },
  "albumtitlesedgetable.tdb": {
    "app_sintetizada": "ALBUMTITLESEDGETABLE.TDB",
    "cantidad_archivos": 1,
    "archivos_fuente": [
      "Library/Containers/com.apple.siri.media-indexer/Data/albumtitlesedgeTable.tdb"
    ],
    "ultima_modificacion": "2025-08-01 01:01:52.068584"
  },
  "composernamesdatatable.tdb": {
    "app_sintetizada": "COMPOSERNAMESDATATABLE.TDB",
    "cantidad_archivos": 1,
    "archivos_fuente": [
      "Library/Containers/com.apple.siri.media-indexer/Data/composernamesdataTable.tdb"
    ],
    "ultima_modificacion": "2025-08-01 01:01:52.068859"
  },
  "albumartistnamesdatatable.tdb": {
    "app_sintetizada": "ALBUMARTISTNAMESDATATABLE.TDB",
    "cantidad_archivos": 1,
    "archivos_fuente": [
      "Library/Containers/com.apple.siri.media-indexer/Data/albumartistnamesdataTable.tdb"
    ],
    "ultima_modificacion": "2025-08-01 01:01:52.069192"
  },
  "albumtitlesfinaltable.tdb": {
    "app_sintetizada": "ALBUMTITLESFINALTABLE.TDB",
    "cantidad_archivos": 1,
    "archivos_fuente": [
      "Library/Containers/com.apple.siri.media-indexer/Data/albumtitlesfinalTable.tdb"
    ],
    "ultima_modificacion": "2025-08-01 01:01:52.069484"
  },
  "com.apple.siri.mediaindexer.plist": {
    "app_sintetizada": "COM.APPLE.SIRI.MEDIAINDEXER.PLIST",
    "cantidad_archivos": 1,
    "archivos_fuente": [
      "Library/Containers/com.apple.siri.media-indexer/Data/Library/Preferences/com.apple.siri.media-indexer.plist"
    ],
    "ultima_modificacion": "2025-08-01 01:01:52.069752"
  },
  "com.apple.bkagentservice.plist": {
    "app_sintetizada": "COM.APPLE.BKAGENTSERVICE.PLIST",
    "cantidad_archivos": 1,
    "archivos_fuente": [
      "Library/Containers/com.apple.BKAgentService/Data/Library/Preferences/com.apple.BKAgentService.plist"
    ],
    "ultima_modificacion": "2025-08-01 01:01:52.070177"
  },
  "books.plist": {
    "app_sintetizada": "BOOKS.PLIST",
    "cantidad_archivos": 1,
    "archivos_fuente": [
      "Library/Containers/com.apple.BKAgentService/Data/Documents/iBooks/Books/Books.plist"
    ],
    "ultima_modificacion": "2025-08-01 01:01:52.071101"
  },
  "daemon.sqliteshm": {
    "app_sintetizada": "DAEMON.SQLITESHM",
    "cantidad_archivos": 1,
    "archivos_fuente": [
      "Library/Containers/com.apple.mediastream.mstreamd/Data/Library/MediaStream/albumshare/Daemon.sqlite-shm"
    ],
    "ultima_modificacion": "2025-08-01 01:01:52.071492"
  },
  "daemon.sqlitewal": {
    "app_sintetizada": "DAEMON.SQLITEWAL",
    "cantidad_archivos": 1,
    "archivos_fuente": [
      "Library/Containers/com.apple.mediastream.mstreamd/Data/Library/MediaStream/albumshare/Daemon.sqlite-wal"
    ],
    "ultima_modificacion": "2025-08-01 01:01:52.071822"
  },
  "daemon.sqlite": {
    "app_sintetizada": "DAEMON.SQLITE",
    "cantidad_archivos": 1,
    "archivos_fuente": [
      "Library/Containers/com.apple.mediastream.mstreamd/Data/Library/MediaStream/albumshare/Daemon.sqlite"
    ],
    "ultima_modificacion": "2025-08-01 01:01:52.072103"
  },
  "model.sqliteshm": {
    "app_sintetizada": "MODEL.SQLITESHM",
    "cantidad_archivos": 1,
    "archivos_fuente": [
      "Library/Containers/com.apple.mediastream.mstreamd/Data/Library/MediaStream/albumshare/10943199294+17292724760534453326/Model.sqlite-shm"
    ],
    "ultima_modificacion": "2025-08-01 01:01:52.072378"
  },
  "model.sqlitewal": {
    "app_sintetizada": "MODEL.SQLITEWAL",
    "cantidad_archivos": 1,
    "archivos_fuente": [
      "Library/Containers/com.apple.mediastream.mstreamd/Data/Library/MediaStream/albumshare/10943199294+17292724760534453326/Model.sqlite-wal"
    ],
    "ultima_modificacion": "2025-08-01 01:01:52.072655"
  },
  "personid.sqlite": {
    "app_sintetizada": "PERSONID.SQLITE",
    "cantidad_archivos": 1,
    "archivos_fuente": [
      "Library/Containers/com.apple.mediastream.mstreamd/Data/Library/MediaStream/albumshare/10943199294+17292724760534453326/PersonID.sqlite"
    ],
    "ultima_modificacion": "2025-08-01 01:01:52.072923"
  },
  "personid.sqlitewal": {
    "app_sintetizada": "PERSONID.SQLITEWAL",
    "cantidad_archivos": 1,
    "archivos_fuente": [
      "Library/Containers/com.apple.mediastream.mstreamd/Data/Library/MediaStream/albumshare/10943199294+17292724760534453326/PersonID.sqlite-wal"
    ],
    "ultima_modificacion": "2025-08-01 01:01:52.073188"
  },
  "personid.sqliteshm": {
    "app_sintetizada": "PERSONID.SQLITESHM",
    "cantidad_archivos": 1,
    "archivos_fuente": [
      "Library/Containers/com.apple.mediastream.mstreamd/Data/Library/MediaStream/albumshare/10943199294+17292724760534453326/PersonID.sqlite-shm"
    ],
    "ultima_modificacion": "2025-08-01 01:01:52.073489"
  },
  "model.sqlite": {
    "app_sintetizada": "MODEL.SQLITE",
    "cantidad_archivos": 1,
    "archivos_fuente": [
      "Library/Containers/com.apple.mediastream.mstreamd/Data/Library/MediaStream/albumshare/10943199294+17292724760534453326/Model.sqlite"
    ],
    "ultima_modificacion": "2025-08-01 01:01:52.073759"
  },
  "chunkstoredatabase": {
    "app_sintetizada": "CHUNKSTOREDATABASE",
    "cantidad_archivos": 1,
    "archivos_fuente": [
      "Library/Containers/com.apple.mediastream.mstreamd/Data/Library/MediaStream/albumshare/10943199294+17292724760534453326/mmcs-pub/.cs/ChunkStoreDatabase"
    ],
    "ultima_modificacion": "2025-08-01 01:01:52.074079"
  },
  "chunkstoredatabasewal": {
    "app_sintetizada": "CHUNKSTOREDATABASEWAL",
    "cantidad_archivos": 1,
    "archivos_fuente": [
      "Library/Containers/com.apple.mediastream.mstreamd/Data/Library/MediaStream/albumshare/10943199294+17292724760534453326/mmcs-pub/.cs/ChunkStoreDatabase-wal"
    ],
    "ultima_modificacion": "2025-08-01 01:01:52.074427"
  },
  "at3dpreferences.plist": {
    "app_sintetizada": "AT3DPREFERENCES.PLIST",
    "cantidad_archivos": 1,
    "archivos_fuente": [
      "Library/Containers/maccatalyst.com.gelysoft.Archi-Touch-3D/Data/Library/Preferences/AT3DPreferences.plist"
    ],
    "ultima_modificacion": "2025-08-01 01:01:52.074883"
  },
  "maccatalyst.com.gelysoft.architouch3d.plist": {
    "app_sintetizada": "MACCATALYST.COM.GELYSOFT.ARCHITOUCH3D.PLIST",
    "cantidad_archivos": 1,
    "archivos_fuente": [
      "Library/Containers/maccatalyst.com.gelysoft.Archi-Touch-3D/Data/Library/Preferences/maccatalyst.com.gelysoft.Archi-Touch-3D.plist"
    ],
    "ultima_modificacion": "2025-08-01 01:01:52.077394"
  },
  "at3dusage.plist": {
    "app_sintetizada": "AT3DUSAGE.PLIST",
    "cantidad_archivos": 1,
    "archivos_fuente": [
      "Library/Containers/maccatalyst.com.gelysoft.Archi-Touch-3D/Data/Library/Preferences/AT3DUsage.plist"
    ],
    "ultima_modificacion": "2025-08-01 01:01:52.078253"
  },
  "es30helpimportedplans.pdf": {
    "app_sintetizada": "ES30HELPIMPORTEDPLANS.PDF",
    "cantidad_archivos": 1,
    "archivos_fuente": [
      "Library/Containers/maccatalyst.com.gelysoft.Archi-Touch-3D/Data/Library/HelpFilesMac/ES_30_help_importedplans.pdf"
    ],
    "ultima_modificacion": "2025-08-01 01:01:52.078782"
  },
  "es30helproof.pdf": {
    "app_sintetizada": "ES30HELPROOF.PDF",
    "cantidad_archivos": 1,
    "archivos_fuente": [
      "Library/Containers/maccatalyst.com.gelysoft.Archi-Touch-3D/Data/Library/HelpFilesMac/ES_30_help_roof.pdf"
    ],
    "ultima_modificacion": "2025-08-01 01:01:52.080115"
  }
}