{
  "referencetracker.d.ts": {
    "app_sintetizada": "REFERENCETRACKER.D.TS",
    "cantidad_archivos": 2,
    "archivos_fuente": [
      "Library/CloudStorage/Dropbox/APPS HIPERFOCO.CL/AGENDAS CLINICAS CENTROS SALUD PUBLICOS Y PRIVADOS/agenda-clinica-interoperable/node_modules/@typescript-eslint/utils/dist/ast-utils/eslint-utils/ReferenceTracker.d.ts",
      "Library/CloudStorage/Dropbox/APPS HIPERFOCO.CL/AGENDAS CLINICAS CENTROS SALUD PUBLICOS Y PRIVADOS/AGENDA CLINICA PORTABLE E INTEROPERAPLE/AGENDA CLI\u0301NICA INTEROPERABLE/agenda-clinica-interoperable/node_modules/@typescript-eslint/utils/dist/ast-utils/eslint-utils/ReferenceTracker.d.ts"
    ],
    "ultima_modificacion": "2025-08-01 01:01:46.255610"
  },
  "referencetracker.js": {
    "app_sintetizada": "REFERENCETRACKER.JS",
    "cantidad_archivos": 5,
    "archivos_fuente": [
      "Library/CloudStorage/Dropbox/APPS HIPERFOCO.CL/AGENDAS CLINICAS CENTROS SALUD PUBLICOS Y PRIVADOS/agenda-clinica-interoperable/node_modules/@typescript-eslint/utils/dist/ast-utils/eslint-utils/ReferenceTracker.js",
      "Library/CloudStorage/Dropbox/APPS HIPERFOCO.CL/AGENDAS CLINICAS CENTROS SALUD PUBLICOS Y PRIVADOS/AGENDA CLINICA PORTABLE E INTEROPERAPLE/AGENDA CLI\u0301NICA INTEROPERABLE/agenda-clinica-interoperable/node_modules/@typescript-eslint/utils/dist/ast-utils/eslint-utils/ReferenceTracker.js",
      "Library/CloudStorage/Dropbox/MENTALIA_BUTTON_INSTALLER_KIT_SIGNABLE/MENTALIA_LOCAL_DEPLOY/mentalia_memory_core/ReferenceTracker.js",
      "Library/CloudStorage/Dropbox/RSII/MENTALIA/MENTALIA_FULL_ACCESS_ENGINE_FINAL/mentalia_memory_core/ReferenceTracker.js",
      "Library/CloudStorage/Dropbox/RSII FINAL/mentalia_memory_core/ReferenceTracker.js"
    ],
    "ultima_modificacion": "2025-08-01 01:01:46.255967"
  },
  "astutilities.d.ts.map": {
    "app_sintetizada": "ASTUTILITIES.D.TS.MAP",
    "cantidad_archivos": 2,
    "archivos_fuente": [
      "Library/CloudStorage/Dropbox/APPS HIPERFOCO.CL/AGENDAS CLINICAS CENTROS SALUD PUBLICOS Y PRIVADOS/agenda-clinica-interoperable/node_modules/@typescript-eslint/utils/dist/ast-utils/eslint-utils/astUtilities.d.ts.map",
      "Library/CloudStorage/Dropbox/APPS HIPERFOCO.CL/AGENDAS CLINICAS CENTROS SALUD PUBLICOS Y PRIVADOS/AGENDA CLINICA PORTABLE E INTEROPERAPLE/AGENDA CLI\u0301NICA INTEROPERABLE/agenda-clinica-interoperable/node_modules/@typescript-eslint/utils/dist/ast-utils/eslint-utils/astUtilities.d.ts.map"
    ],
    "ultima_modificacion": "2025-08-01 01:01:46.256307"
  },
  "patternmatcher.js": {
    "app_sintetizada": "PATTERNMATCHER.JS",
    "cantidad_archivos": 5,
    "archivos_fuente": [
      "Library/CloudStorage/Dropbox/APPS HIPERFOCO.CL/AGENDAS CLINICAS CENTROS SALUD PUBLICOS Y PRIVADOS/agenda-clinica-interoperable/node_modules/@typescript-eslint/utils/dist/ast-utils/eslint-utils/PatternMatcher.js",
      "Library/CloudStorage/Dropbox/APPS HIPERFOCO.CL/AGENDAS CLINICAS CENTROS SALUD PUBLICOS Y PRIVADOS/AGENDA CLINICA PORTABLE E INTEROPERAPLE/AGENDA CLI\u0301NICA INTEROPERABLE/agenda-clinica-interoperable/node_modules/@typescript-eslint/utils/dist/ast-utils/eslint-utils/PatternMatcher.js",
      "Library/CloudStorage/Dropbox/MENTALIA_BUTTON_INSTALLER_KIT_SIGNABLE/MENTALIA_LOCAL_DEPLOY/mentalia_memory_core/PatternMatcher.js",
      "Library/CloudStorage/Dropbox/RSII/MENTALIA/MENTALIA_FULL_ACCESS_ENGINE_FINAL/mentalia_memory_core/PatternMatcher.js",
      "Library/CloudStorage/Dropbox/RSII FINAL/mentalia_memory_core/PatternMatcher.js"
    ],
    "ultima_modificacion": "2025-08-01 01:01:46.256705"
  },
  "scopeanalysis.d.ts.map": {
    "app_sintetizada": "SCOPEANALYSIS.D.TS.MAP",
    "cantidad_archivos": 2,
    "archivos_fuente": [
      "Library/CloudStorage/Dropbox/APPS HIPERFOCO.CL/AGENDAS CLINICAS CENTROS SALUD PUBLICOS Y PRIVADOS/agenda-clinica-interoperable/node_modules/@typescript-eslint/utils/dist/ast-utils/eslint-utils/scopeAnalysis.d.ts.map",
      "Library/CloudStorage/Dropbox/APPS HIPERFOCO.CL/AGENDAS CLINICAS CENTROS SALUD PUBLICOS Y PRIVADOS/AGENDA CLINICA PORTABLE E INTEROPERAPLE/AGENDA CLI\u0301NICA INTEROPERABLE/agenda-clinica-interoperable/node_modules/@typescript-eslint/utils/dist/ast-utils/eslint-utils/scopeAnalysis.d.ts.map"
    ],
    "ultima_modificacion": "2025-08-01 01:01:46.257053"
  },
  "eslint.d.ts": {
    "app_sintetizada": "ESLINT.D.TS",
    "cantidad_archivos": 4,
    "archivos_fuente": [
      "Library/CloudStorage/Dropbox/APPS HIPERFOCO.CL/AGENDAS CLINICAS CENTROS SALUD PUBLICOS Y PRIVADOS/agenda-clinica-interoperable/node_modules/@typescript-eslint/utils/dist/ts-eslint/ESLint.d.ts",
      "Library/CloudStorage/Dropbox/APPS HIPERFOCO.CL/AGENDAS CLINICAS CENTROS SALUD PUBLICOS Y PRIVADOS/agenda-clinica-interoperable/node_modules/eslint-plugin-react/lib/util/eslint.d.ts",
      "Library/CloudStorage/Dropbox/APPS HIPERFOCO.CL/AGENDAS CLINICAS CENTROS SALUD PUBLICOS Y PRIVADOS/AGENDA CLINICA PORTABLE E INTEROPERAPLE/AGENDA CLI\u0301NICA INTEROPERABLE/agenda-clinica-interoperable/node_modules/@typescript-eslint/utils/dist/ts-eslint/ESLint.d.ts",
      "Library/CloudStorage/Dropbox/APPS HIPERFOCO.CL/AGENDAS CLINICAS CENTROS SALUD PUBLICOS Y PRIVADOS/AGENDA CLINICA PORTABLE E INTEROPERAPLE/AGENDA CLI\u0301NICA INTEROPERABLE/agenda-clinica-interoperable/node_modules/eslint-plugin-react/lib/util/eslint.d.ts"
    ],
    "ultima_modificacion": "2025-08-01 01:01:46.257393"
  },
  "linter.d.ts": {
    "app_sintetizada": "LINTER.D.TS",
    "cantidad_archivos": 2,
    "archivos_fuente": [
      "Library/CloudStorage/Dropbox/APPS HIPERFOCO.CL/AGENDAS CLINICAS CENTROS SALUD PUBLICOS Y PRIVADOS/agenda-clinica-interoperable/node_modules/@typescript-eslint/utils/dist/ts-eslint/Linter.d.ts",
      "Library/CloudStorage/Dropbox/APPS HIPERFOCO.CL/AGENDAS CLINICAS CENTROS SALUD PUBLICOS Y PRIVADOS/AGENDA CLINICA PORTABLE E INTEROPERAPLE/AGENDA CLI\u0301NICA INTEROPERABLE/agenda-clinica-interoperable/node_modules/@typescript-eslint/utils/dist/ts-eslint/Linter.d.ts"
    ],
    "ultima_modificacion": "2025-08-01 01:01:46.257721"
  },
  "eslint.js": {
    "app_sintetizada": "ESLINT.JS",
    "cantidad_archivos": 11,
    "archivos_fuente": [
      "Library/CloudStorage/Dropbox/APPS HIPERFOCO.CL/AGENDAS CLINICAS CENTROS SALUD PUBLICOS Y PRIVADOS/agenda-clinica-interoperable/node_modules/@typescript-eslint/utils/dist/ts-eslint/ESLint.js",
      "Library/CloudStorage/Dropbox/APPS HIPERFOCO.CL/AGENDAS CLINICAS CENTROS SALUD PUBLICOS Y PRIVADOS/agenda-clinica-interoperable/node_modules/eslint/bin/eslint.js",
      "Library/CloudStorage/Dropbox/APPS HIPERFOCO.CL/AGENDAS CLINICAS CENTROS SALUD PUBLICOS Y PRIVADOS/agenda-clinica-interoperable/node_modules/eslint/lib/eslint/eslint.js",
      "Library/CloudStorage/Dropbox/APPS HIPERFOCO.CL/AGENDAS CLINICAS CENTROS SALUD PUBLICOS Y PRIVADOS/agenda-clinica-interoperable/node_modules/eslint-plugin-react/lib/util/eslint.js",
      "Library/CloudStorage/Dropbox/APPS HIPERFOCO.CL/AGENDAS CLINICAS CENTROS SALUD PUBLICOS Y PRIVADOS/AGENDA CLINICA PORTABLE E INTEROPERAPLE/AGENDA CLI\u0301NICA INTEROPERABLE/agenda-clinica-interoperable/node_modules/@typescript-eslint/utils/dist/ts-eslint/ESLint.js",
      "Library/CloudStorage/Dropbox/APPS HIPERFOCO.CL/AGENDAS CLINICAS CENTROS SALUD PUBLICOS Y PRIVADOS/AGENDA CLINICA PORTABLE E INTEROPERAPLE/AGENDA CLI\u0301NICA INTEROPERABLE/agenda-clinica-interoperable/node_modules/eslint/bin/eslint.js",
      "Library/CloudStorage/Dropbox/APPS HIPERFOCO.CL/AGENDAS CLINICAS CENTROS SALUD PUBLICOS Y PRIVADOS/AGENDA CLINICA PORTABLE E INTEROPERAPLE/AGENDA CLI\u0301NICA INTEROPERABLE/agenda-clinica-interoperable/node_modules/eslint/lib/eslint/eslint.js",
      "Library/CloudStorage/Dropbox/APPS HIPERFOCO.CL/AGENDAS CLINICAS CENTROS SALUD PUBLICOS Y PRIVADOS/AGENDA CLINICA PORTABLE E INTEROPERAPLE/AGENDA CLI\u0301NICA INTEROPERABLE/agenda-clinica-interoperable/node_modules/eslint-plugin-react/lib/util/eslint.js",
      "Library/CloudStorage/Dropbox/MENTALIA_BUTTON_INSTALLER_KIT_SIGNABLE/MENTALIA_LOCAL_DEPLOY/mentalia_memory_core/ESLint.js",
      "Library/CloudStorage/Dropbox/RSII/MENTALIA/MENTALIA_FULL_ACCESS_ENGINE_FINAL/mentalia_memory_core/ESLint.js",
      "Library/CloudStorage/Dropbox/RSII FINAL/mentalia_memory_core/ESLint.js"
    ],
    "ultima_modificacion": "2025-08-01 01:01:46.258149"
  },
  "sourcecode.js": {
    "app_sintetizada": "SOURCECODE.JS",
    "cantidad_archivos": 9,
    "archivos_fuente": [
      "Library/CloudStorage/Dropbox/APPS HIPERFOCO.CL/AGENDAS CLINICAS CENTROS SALUD PUBLICOS Y PRIVADOS/agenda-clinica-interoperable/node_modules/@typescript-eslint/utils/dist/ts-eslint/SourceCode.js",
      "Library/CloudStorage/Dropbox/APPS HIPERFOCO.CL/AGENDAS CLINICAS CENTROS SALUD PUBLICOS Y PRIVADOS/agenda-clinica-interoperable/node_modules/eslint/lib/languages/js/source-code/source-code.js",
      "Library/CloudStorage/Dropbox/APPS HIPERFOCO.CL/AGENDAS CLINICAS CENTROS SALUD PUBLICOS Y PRIVADOS/AGENDA CLINICA PORTABLE E INTEROPERAPLE/AGENDA CLI\u0301NICA INTEROPERABLE/agenda-clinica-interoperable/node_modules/@typescript-eslint/utils/dist/ts-eslint/SourceCode.js",
      "Library/CloudStorage/Dropbox/APPS HIPERFOCO.CL/AGENDAS CLINICAS CENTROS SALUD PUBLICOS Y PRIVADOS/AGENDA CLINICA PORTABLE E INTEROPERAPLE/AGENDA CLI\u0301NICA INTEROPERABLE/agenda-clinica-interoperable/node_modules/eslint/lib/languages/js/source-code/source-code.js",
      "Library/CloudStorage/Dropbox/MENTALIA_BUTTON_INSTALLER_KIT_SIGNABLE/MENTALIA_LOCAL_DEPLOY/mentalia_memory_core/SourceCode.js",
      "Library/CloudStorage/Dropbox/MENTALIA_BUTTON_INSTALLER_KIT_SIGNABLE/MENTALIA_LOCAL_DEPLOY/mentalia_memory_core/source-code.js",
      "Library/CloudStorage/Dropbox/RSII/MENTALIA/MENTALIA_FULL_ACCESS_ENGINE_FINAL/mentalia_memory_core/SourceCode.js",
      "Library/CloudStorage/Dropbox/RSII FINAL/mentalia_memory_core/SourceCode.js",
      "Library/CloudStorage/Dropbox/RSII FINAL/mentalia_memory_core/source-code.js"
    ],
    "ultima_modificacion": "2025-08-01 01:01:46.258485"
  },
  "linter.d.ts.map": {
    "app_sintetizada": "LINTER.D.TS.MAP",
    "cantidad_archivos": 2,
    "archivos_fuente": [
      "Library/CloudStorage/Dropbox/APPS HIPERFOCO.CL/AGENDAS CLINICAS CENTROS SALUD PUBLICOS Y PRIVADOS/agenda-clinica-interoperable/node_modules/@typescript-eslint/utils/dist/ts-eslint/Linter.d.ts.map",
      "Library/CloudStorage/Dropbox/APPS HIPERFOCO.CL/AGENDAS CLINICAS CENTROS SALUD PUBLICOS Y PRIVADOS/AGENDA CLINICA PORTABLE E INTEROPERAPLE/AGENDA CLI\u0301NICA INTEROPERABLE/agenda-clinica-interoperable/node_modules/@typescript-eslint/utils/dist/ts-eslint/Linter.d.ts.map"
    ],
    "ultima_modificacion": "2025-08-01 01:01:46.258973"
  },
  "config.d.ts.map": {
    "app_sintetizada": "CONFIG.D.TS.MAP",
    "cantidad_archivos": 2,
    "archivos_fuente": [
      "Library/CloudStorage/Dropbox/APPS HIPERFOCO.CL/AGENDAS CLINICAS CENTROS SALUD PUBLICOS Y PRIVADOS/agenda-clinica-interoperable/node_modules/@typescript-eslint/utils/dist/ts-eslint/Config.d.ts.map",
      "Library/CloudStorage/Dropbox/APPS HIPERFOCO.CL/AGENDAS CLINICAS CENTROS SALUD PUBLICOS Y PRIVADOS/AGENDA CLINICA PORTABLE E INTEROPERAPLE/AGENDA CLI\u0301NICA INTEROPERABLE/agenda-clinica-interoperable/node_modules/@typescript-eslint/utils/dist/ts-eslint/Config.d.ts.map"
    ],
    "ultima_modificacion": "2025-08-01 01:01:46.259334"
  },
  "scope.d.ts": {
    "app_sintetizada": "SCOPE.D.TS",
    "cantidad_archivos": 4,
    "archivos_fuente": [
      "Library/CloudStorage/Dropbox/APPS HIPERFOCO.CL/AGENDAS CLINICAS CENTROS SALUD PUBLICOS Y PRIVADOS/agenda-clinica-interoperable/node_modules/@typescript-eslint/utils/dist/ts-eslint/Scope.d.ts",
      "Library/CloudStorage/Dropbox/APPS HIPERFOCO.CL/AGENDAS CLINICAS CENTROS SALUD PUBLICOS Y PRIVADOS/agenda-clinica-interoperable/node_modules/@typescript-eslint/scope-manager/dist/scope/Scope.d.ts",
      "Library/CloudStorage/Dropbox/APPS HIPERFOCO.CL/AGENDAS CLINICAS CENTROS SALUD PUBLICOS Y PRIVADOS/AGENDA CLINICA PORTABLE E INTEROPERAPLE/AGENDA CLI\u0301NICA INTEROPERABLE/agenda-clinica-interoperable/node_modules/@typescript-eslint/utils/dist/ts-eslint/Scope.d.ts",
      "Library/CloudStorage/Dropbox/APPS HIPERFOCO.CL/AGENDAS CLINICAS CENTROS SALUD PUBLICOS Y PRIVADOS/AGENDA CLINICA PORTABLE E INTEROPERAPLE/AGENDA CLI\u0301NICA INTEROPERABLE/agenda-clinica-interoperable/node_modules/@typescript-eslint/scope-manager/dist/scope/Scope.d.ts"
    ],
    "ultima_modificacion": "2025-08-01 01:01:46.260026"
  },
  "ruletester.d.ts": {
    "app_sintetizada": "RULETESTER.D.TS",
    "cantidad_archivos": 2,
    "archivos_fuente": [
      "Library/CloudStorage/Dropbox/APPS HIPERFOCO.CL/AGENDAS CLINICAS CENTROS SALUD PUBLICOS Y PRIVADOS/agenda-clinica-interoperable/node_modules/@typescript-eslint/utils/dist/ts-eslint/RuleTester.d.ts",
      "Library/CloudStorage/Dropbox/APPS HIPERFOCO.CL/AGENDAS CLINICAS CENTROS SALUD PUBLICOS Y PRIVADOS/AGENDA CLINICA PORTABLE E INTEROPERAPLE/AGENDA CLI\u0301NICA INTEROPERABLE/agenda-clinica-interoperable/node_modules/@typescript-eslint/utils/dist/ts-eslint/RuleTester.d.ts"
    ],
    "ultima_modificacion": "2025-08-01 01:01:46.260503"
  },
  "rule.d.ts.map": {
    "app_sintetizada": "RULE.D.TS.MAP",
    "cantidad_archivos": 2,
    "archivos_fuente": [
      "Library/CloudStorage/Dropbox/APPS HIPERFOCO.CL/AGENDAS CLINICAS CENTROS SALUD PUBLICOS Y PRIVADOS/agenda-clinica-interoperable/node_modules/@typescript-eslint/utils/dist/ts-eslint/Rule.d.ts.map",
      "Library/CloudStorage/Dropbox/APPS HIPERFOCO.CL/AGENDAS CLINICAS CENTROS SALUD PUBLICOS Y PRIVADOS/AGENDA CLINICA PORTABLE E INTEROPERAPLE/AGENDA CLI\u0301NICA INTEROPERABLE/agenda-clinica-interoperable/node_modules/@typescript-eslint/utils/dist/ts-eslint/Rule.d.ts.map"
    ],
    "ultima_modificacion": "2025-08-01 01:01:46.260853"
  },
  "ruletester.js": {
    "app_sintetizada": "RULETESTER.JS",
    "cantidad_archivos": 10,
    "archivos_fuente": [
      "Library/CloudStorage/Dropbox/APPS HIPERFOCO.CL/AGENDAS CLINICAS CENTROS SALUD PUBLICOS Y PRIVADOS/agenda-clinica-interoperable/node_modules/@typescript-eslint/utils/dist/ts-eslint/RuleTester.js",
      "Library/CloudStorage/Dropbox/APPS HIPERFOCO.CL/AGENDAS CLINICAS CENTROS SALUD PUBLICOS Y PRIVADOS/agenda-clinica-interoperable/node_modules/eslint/lib/rule-tester/rule-tester.js",
      "Library/CloudStorage/Dropbox/APPS HIPERFOCO.CL/AGENDAS CLINICAS CENTROS SALUD PUBLICOS Y PRIVADOS/AGENDA CLINICA PORTABLE E INTEROPERAPLE/AGENDA CLI\u0301NICA INTEROPERABLE/agenda-clinica-interoperable/node_modules/@typescript-eslint/utils/dist/ts-eslint/RuleTester.js",
      "Library/CloudStorage/Dropbox/APPS HIPERFOCO.CL/AGENDAS CLINICAS CENTROS SALUD PUBLICOS Y PRIVADOS/AGENDA CLINICA PORTABLE E INTEROPERAPLE/AGENDA CLI\u0301NICA INTEROPERABLE/agenda-clinica-interoperable/node_modules/eslint/lib/rule-tester/rule-tester.js",
      "Library/CloudStorage/Dropbox/MENTALIA_BUTTON_INSTALLER_KIT_SIGNABLE/MENTALIA_LOCAL_DEPLOY/mentalia_memory_core/RuleTester.js",
      "Library/CloudStorage/Dropbox/MENTALIA_BUTTON_INSTALLER_KIT_SIGNABLE/MENTALIA_LOCAL_DEPLOY/mentalia_memory_core/rule-tester.js",
      "Library/CloudStorage/Dropbox/RSII/MENTALIA/MENTALIA_FULL_ACCESS_ENGINE_FINAL/mentalia_memory_core/RuleTester.js",
      "Library/CloudStorage/Dropbox/RSII/MENTALIA/MENTALIA_FULL_ACCESS_ENGINE_FINAL/mentalia_memory_core/rule-tester.js",
      "Library/CloudStorage/Dropbox/RSII FINAL/mentalia_memory_core/RuleTester.js",
      "Library/CloudStorage/Dropbox/RSII FINAL/mentalia_memory_core/rule-tester.js"
    ],
    "ultima_modificacion": "2025-08-01 01:01:46.261248"
  },
  "ruletester.d.ts.map": {
    "app_sintetizada": "RULETESTER.D.TS.MAP",
    "cantidad_archivos": 2,
    "archivos_fuente": [
      "Library/CloudStorage/Dropbox/APPS HIPERFOCO.CL/AGENDAS CLINICAS CENTROS SALUD PUBLICOS Y PRIVADOS/agenda-clinica-interoperable/node_modules/@typescript-eslint/utils/dist/ts-eslint/RuleTester.d.ts.map",
      "Library/CloudStorage/Dropbox/APPS HIPERFOCO.CL/AGENDAS CLINICAS CENTROS SALUD PUBLICOS Y PRIVADOS/AGENDA CLINICA PORTABLE E INTEROPERAPLE/AGENDA CLI\u0301NICA INTEROPERABLE/agenda-clinica-interoperable/node_modules/@typescript-eslint/utils/dist/ts-eslint/RuleTester.d.ts.map"
    ],
    "ultima_modificacion": "2025-08-01 01:01:46.262011"
  },
  "sourcecode.d.ts.map": {
    "app_sintetizada": "SOURCECODE.D.TS.MAP",
    "cantidad_archivos": 2,
    "archivos_fuente": [
      "Library/CloudStorage/Dropbox/APPS HIPERFOCO.CL/AGENDAS CLINICAS CENTROS SALUD PUBLICOS Y PRIVADOS/agenda-clinica-interoperable/node_modules/@typescript-eslint/utils/dist/ts-eslint/SourceCode.d.ts.map",
      "Library/CloudStorage/Dropbox/APPS HIPERFOCO.CL/AGENDAS CLINICAS CENTROS SALUD PUBLICOS Y PRIVADOS/AGENDA CLINICA PORTABLE E INTEROPERAPLE/AGENDA CLI\u0301NICA INTEROPERABLE/agenda-clinica-interoperable/node_modules/@typescript-eslint/utils/dist/ts-eslint/SourceCode.d.ts.map"
    ],
    "ultima_modificacion": "2025-08-01 01:01:46.262413"
  },
  "linter.js": {
    "app_sintetizada": "LINTER.JS",
    "cantidad_archivos": 7,
    "archivos_fuente": [
      "Library/CloudStorage/Dropbox/APPS HIPERFOCO.CL/AGENDAS CLINICAS CENTROS SALUD PUBLICOS Y PRIVADOS/agenda-clinica-interoperable/node_modules/@typescript-eslint/utils/dist/ts-eslint/Linter.js",
      "Library/CloudStorage/Dropbox/APPS HIPERFOCO.CL/AGENDAS CLINICAS CENTROS SALUD PUBLICOS Y PRIVADOS/agenda-clinica-interoperable/node_modules/eslint/lib/linter/linter.js",
      "Library/CloudStorage/Dropbox/APPS HIPERFOCO.CL/AGENDAS CLINICAS CENTROS SALUD PUBLICOS Y PRIVADOS/AGENDA CLINICA PORTABLE E INTEROPERAPLE/AGENDA CLI\u0301NICA INTEROPERABLE/agenda-clinica-interoperable/node_modules/@typescript-eslint/utils/dist/ts-eslint/Linter.js",
      "Library/CloudStorage/Dropbox/APPS HIPERFOCO.CL/AGENDAS CLINICAS CENTROS SALUD PUBLICOS Y PRIVADOS/AGENDA CLINICA PORTABLE E INTEROPERAPLE/AGENDA CLI\u0301NICA INTEROPERABLE/agenda-clinica-interoperable/node_modules/eslint/lib/linter/linter.js",
      "Library/CloudStorage/Dropbox/MENTALIA_BUTTON_INSTALLER_KIT_SIGNABLE/MENTALIA_LOCAL_DEPLOY/mentalia_memory_core/Linter.js",
      "Library/CloudStorage/Dropbox/RSII/MENTALIA/MENTALIA_FULL_ACCESS_ENGINE_FINAL/mentalia_memory_core/Linter.js",
      "Library/CloudStorage/Dropbox/RSII FINAL/mentalia_memory_core/Linter.js"
    ],
    "ultima_modificacion": "2025-08-01 01:01:46.262732"
  },
  "scope.d.ts.map": {
    "app_sintetizada": "SCOPE.D.TS.MAP",
    "cantidad_archivos": 4,
    "archivos_fuente": [
      "Library/CloudStorage/Dropbox/APPS HIPERFOCO.CL/AGENDAS CLINICAS CENTROS SALUD PUBLICOS Y PRIVADOS/agenda-clinica-interoperable/node_modules/@typescript-eslint/utils/dist/ts-eslint/Scope.d.ts.map",
      "Library/CloudStorage/Dropbox/APPS HIPERFOCO.CL/AGENDAS CLINICAS CENTROS SALUD PUBLICOS Y PRIVADOS/agenda-clinica-interoperable/node_modules/@typescript-eslint/scope-manager/dist/scope/Scope.d.ts.map",
      "Library/CloudStorage/Dropbox/APPS HIPERFOCO.CL/AGENDAS CLINICAS CENTROS SALUD PUBLICOS Y PRIVADOS/AGENDA CLINICA PORTABLE E INTEROPERAPLE/AGENDA CLI\u0301NICA INTEROPERABLE/agenda-clinica-interoperable/node_modules/@typescript-eslint/utils/dist/ts-eslint/Scope.d.ts.map",
      "Library/CloudStorage/Dropbox/APPS HIPERFOCO.CL/AGENDAS CLINICAS CENTROS SALUD PUBLICOS Y PRIVADOS/AGENDA CLINICA PORTABLE E INTEROPERAPLE/AGENDA CLI\u0301NICA INTEROPERABLE/agenda-clinica-interoperable/node_modules/@typescript-eslint/scope-manager/dist/scope/Scope.d.ts.map"
    ],
    "ultima_modificacion": "2025-08-01 01:01:46.263003"
  },
  "sourcecode.d.ts": {
    "app_sintetizada": "SOURCECODE.D.TS",
    "cantidad_archivos": 2,
    "archivos_fuente": [
      "Library/CloudStorage/Dropbox/APPS HIPERFOCO.CL/AGENDAS CLINICAS CENTROS SALUD PUBLICOS Y PRIVADOS/agenda-clinica-interoperable/node_modules/@typescript-eslint/utils/dist/ts-eslint/SourceCode.d.ts",
      "Library/CloudStorage/Dropbox/APPS HIPERFOCO.CL/AGENDAS CLINICAS CENTROS SALUD PUBLICOS Y PRIVADOS/AGENDA CLINICA PORTABLE E INTEROPERAPLE/AGENDA CLI\u0301NICA INTEROPERABLE/agenda-clinica-interoperable/node_modules/@typescript-eslint/utils/dist/ts-eslint/SourceCode.d.ts"
    ],
    "ultima_modificacion": "2025-08-01 01:01:46.263281"
  },
  "processor.d.ts.map": {
    "app_sintetizada": "PROCESSOR.D.TS.MAP",
    "cantidad_archivos": 2,
    "archivos_fuente": [
      "Library/CloudStorage/Dropbox/APPS HIPERFOCO.CL/AGENDAS CLINICAS CENTROS SALUD PUBLICOS Y PRIVADOS/agenda-clinica-interoperable/node_modules/@typescript-eslint/utils/dist/ts-eslint/Processor.d.ts.map",
      "Library/CloudStorage/Dropbox/APPS HIPERFOCO.CL/AGENDAS CLINICAS CENTROS SALUD PUBLICOS Y PRIVADOS/AGENDA CLINICA PORTABLE E INTEROPERAPLE/AGENDA CLI\u0301NICA INTEROPERABLE/agenda-clinica-interoperable/node_modules/@typescript-eslint/utils/dist/ts-eslint/Processor.d.ts.map"
    ],
    "ultima_modificacion": "2025-08-01 01:01:46.263683"
  },
  "eslint.d.ts.map": {
    "app_sintetizada": "ESLINT.D.TS.MAP",
    "cantidad_archivos": 4,
    "archivos_fuente": [
      "Library/CloudStorage/Dropbox/APPS HIPERFOCO.CL/AGENDAS CLINICAS CENTROS SALUD PUBLICOS Y PRIVADOS/agenda-clinica-interoperable/node_modules/@typescript-eslint/utils/dist/ts-eslint/ESLint.d.ts.map",
      "Library/CloudStorage/Dropbox/APPS HIPERFOCO.CL/AGENDAS CLINICAS CENTROS SALUD PUBLICOS Y PRIVADOS/agenda-clinica-interoperable/node_modules/eslint-plugin-react/lib/util/eslint.d.ts.map",
      "Library/CloudStorage/Dropbox/APPS HIPERFOCO.CL/AGENDAS CLINICAS CENTROS SALUD PUBLICOS Y PRIVADOS/AGENDA CLINICA PORTABLE E INTEROPERAPLE/AGENDA CLI\u0301NICA INTEROPERABLE/agenda-clinica-interoperable/node_modules/@typescript-eslint/utils/dist/ts-eslint/ESLint.d.ts.map",
      "Library/CloudStorage/Dropbox/APPS HIPERFOCO.CL/AGENDAS CLINICAS CENTROS SALUD PUBLICOS Y PRIVADOS/AGENDA CLINICA PORTABLE E INTEROPERAPLE/AGENDA CLI\u0301NICA INTEROPERABLE/agenda-clinica-interoperable/node_modules/eslint-plugin-react/lib/util/eslint.d.ts.map"
    ],
    "ultima_modificacion": "2025-08-01 01:01:46.263984"
  },
  "flateslint.d.ts": {
    "app_sintetizada": "FLATESLINT.D.TS",
    "cantidad_archivos": 2,
    "archivos_fuente": [
      "Library/CloudStorage/Dropbox/APPS HIPERFOCO.CL/AGENDAS CLINICAS CENTROS SALUD PUBLICOS Y PRIVADOS/agenda-clinica-interoperable/node_modules/@typescript-eslint/utils/dist/ts-eslint/eslint/FlatESLint.d.ts",
      "Library/CloudStorage/Dropbox/APPS HIPERFOCO.CL/AGENDAS CLINICAS CENTROS SALUD PUBLICOS Y PRIVADOS/AGENDA CLINICA PORTABLE E INTEROPERAPLE/AGENDA CLI\u0301NICA INTEROPERABLE/agenda-clinica-interoperable/node_modules/@typescript-eslint/utils/dist/ts-eslint/eslint/FlatESLint.d.ts"
    ],
    "ultima_modificacion": "2025-08-01 01:01:46.264249"
  },
  "eslintshared.d.ts.map": {
    "app_sintetizada": "ESLINTSHARED.D.TS.MAP",
    "cantidad_archivos": 2,
    "archivos_fuente": [
      "Library/CloudStorage/Dropbox/APPS HIPERFOCO.CL/AGENDAS CLINICAS CENTROS SALUD PUBLICOS Y PRIVADOS/agenda-clinica-interoperable/node_modules/@typescript-eslint/utils/dist/ts-eslint/eslint/ESLintShared.d.ts.map",
      "Library/CloudStorage/Dropbox/APPS HIPERFOCO.CL/AGENDAS CLINICAS CENTROS SALUD PUBLICOS Y PRIVADOS/AGENDA CLINICA PORTABLE E INTEROPERAPLE/AGENDA CLI\u0301NICA INTEROPERABLE/agenda-clinica-interoperable/node_modules/@typescript-eslint/utils/dist/ts-eslint/eslint/ESLintShared.d.ts.map"
    ],
    "ultima_modificacion": "2025-08-01 01:01:46.264519"
  },
  "eslintshared.js": {
    "app_sintetizada": "ESLINTSHARED.JS",
    "cantidad_archivos": 5,
    "archivos_fuente": [
      "Library/CloudStorage/Dropbox/APPS HIPERFOCO.CL/AGENDAS CLINICAS CENTROS SALUD PUBLICOS Y PRIVADOS/agenda-clinica-interoperable/node_modules/@typescript-eslint/utils/dist/ts-eslint/eslint/ESLintShared.js",
      "Library/CloudStorage/Dropbox/APPS HIPERFOCO.CL/AGENDAS CLINICAS CENTROS SALUD PUBLICOS Y PRIVADOS/AGENDA CLINICA PORTABLE E INTEROPERAPLE/AGENDA CLI\u0301NICA INTEROPERABLE/agenda-clinica-interoperable/node_modules/@typescript-eslint/utils/dist/ts-eslint/eslint/ESLintShared.js",
      "Library/CloudStorage/Dropbox/MENTALIA_BUTTON_INSTALLER_KIT_SIGNABLE/MENTALIA_LOCAL_DEPLOY/mentalia_memory_core/ESLintShared.js",
      "Library/CloudStorage/Dropbox/RSII/MENTALIA/MENTALIA_FULL_ACCESS_ENGINE_FINAL/mentalia_memory_core/ESLintShared.js",
      "Library/CloudStorage/Dropbox/RSII FINAL/mentalia_memory_core/ESLintShared.js"
    ],
    "ultima_modificacion": "2025-08-01 01:01:46.264783"
  },
  "flateslint.js": {
    "app_sintetizada": "FLATESLINT.JS",
    "cantidad_archivos": 5,
    "archivos_fuente": [
      "Library/CloudStorage/Dropbox/APPS HIPERFOCO.CL/AGENDAS CLINICAS CENTROS SALUD PUBLICOS Y PRIVADOS/agenda-clinica-interoperable/node_modules/@typescript-eslint/utils/dist/ts-eslint/eslint/FlatESLint.js",
      "Library/CloudStorage/Dropbox/APPS HIPERFOCO.CL/AGENDAS CLINICAS CENTROS SALUD PUBLICOS Y PRIVADOS/AGENDA CLINICA PORTABLE E INTEROPERAPLE/AGENDA CLI\u0301NICA INTEROPERABLE/agenda-clinica-interoperable/node_modules/@typescript-eslint/utils/dist/ts-eslint/eslint/FlatESLint.js",
      "Library/CloudStorage/Dropbox/MENTALIA_BUTTON_INSTALLER_KIT_SIGNABLE/MENTALIA_LOCAL_DEPLOY/mentalia_memory_core/FlatESLint.js",
      "Library/CloudStorage/Dropbox/RSII/MENTALIA/MENTALIA_FULL_ACCESS_ENGINE_FINAL/mentalia_memory_core/FlatESLint.js",
      "Library/CloudStorage/Dropbox/RSII FINAL/mentalia_memory_core/FlatESLint.js"
    ],
    "ultima_modificacion": "2025-08-01 01:01:46.265060"
  },
  "legacyeslint.d.ts.map": {
    "app_sintetizada": "LEGACYESLINT.D.TS.MAP",
    "cantidad_archivos": 2,
    "archivos_fuente": [
      "Library/CloudStorage/Dropbox/APPS HIPERFOCO.CL/AGENDAS CLINICAS CENTROS SALUD PUBLICOS Y PRIVADOS/agenda-clinica-interoperable/node_modules/@typescript-eslint/utils/dist/ts-eslint/eslint/LegacyESLint.d.ts.map",
      "Library/CloudStorage/Dropbox/APPS HIPERFOCO.CL/AGENDAS CLINICAS CENTROS SALUD PUBLICOS Y PRIVADOS/AGENDA CLINICA PORTABLE E INTEROPERAPLE/AGENDA CLI\u0301NICA INTEROPERABLE/agenda-clinica-interoperable/node_modules/@typescript-eslint/utils/dist/ts-eslint/eslint/LegacyESLint.d.ts.map"
    ],
    "ultima_modificacion": "2025-08-01 01:01:46.287376"
  },
  "legacyeslint.d.ts": {
    "app_sintetizada": "LEGACYESLINT.D.TS",
    "cantidad_archivos": 2,
    "archivos_fuente": [
      "Library/CloudStorage/Dropbox/APPS HIPERFOCO.CL/AGENDAS CLINICAS CENTROS SALUD PUBLICOS Y PRIVADOS/agenda-clinica-interoperable/node_modules/@typescript-eslint/utils/dist/ts-eslint/eslint/LegacyESLint.d.ts",
      "Library/CloudStorage/Dropbox/APPS HIPERFOCO.CL/AGENDAS CLINICAS CENTROS SALUD PUBLICOS Y PRIVADOS/AGENDA CLINICA PORTABLE E INTEROPERAPLE/AGENDA CLI\u0301NICA INTEROPERABLE/agenda-clinica-interoperable/node_modules/@typescript-eslint/utils/dist/ts-eslint/eslint/LegacyESLint.d.ts"
    ],
    "ultima_modificacion": "2025-08-01 01:01:46.287886"
  },
  "eslintshared.d.ts": {
    "app_sintetizada": "ESLINTSHARED.D.TS",
    "cantidad_archivos": 2,
    "archivos_fuente": [
      "Library/CloudStorage/Dropbox/APPS HIPERFOCO.CL/AGENDAS CLINICAS CENTROS SALUD PUBLICOS Y PRIVADOS/agenda-clinica-interoperable/node_modules/@typescript-eslint/utils/dist/ts-eslint/eslint/ESLintShared.d.ts",
      "Library/CloudStorage/Dropbox/APPS HIPERFOCO.CL/AGENDAS CLINICAS CENTROS SALUD PUBLICOS Y PRIVADOS/AGENDA CLINICA PORTABLE E INTEROPERAPLE/AGENDA CLI\u0301NICA INTEROPERABLE/agenda-clinica-interoperable/node_modules/@typescript-eslint/utils/dist/ts-eslint/eslint/ESLintShared.d.ts"
    ],
    "ultima_modificacion": "2025-08-01 01:01:46.288244"
  },
  "legacyeslint.js": {
    "app_sintetizada": "LEGACYESLINT.JS",
    "cantidad_archivos": 9,
    "archivos_fuente": [
      "Library/CloudStorage/Dropbox/APPS HIPERFOCO.CL/AGENDAS CLINICAS CENTROS SALUD PUBLICOS Y PRIVADOS/agenda-clinica-interoperable/node_modules/@typescript-eslint/utils/dist/ts-eslint/eslint/LegacyESLint.js",
      "Library/CloudStorage/Dropbox/APPS HIPERFOCO.CL/AGENDAS CLINICAS CENTROS SALUD PUBLICOS Y PRIVADOS/agenda-clinica-interoperable/node_modules/eslint/lib/eslint/legacy-eslint.js",
      "Library/CloudStorage/Dropbox/APPS HIPERFOCO.CL/AGENDAS CLINICAS CENTROS SALUD PUBLICOS Y PRIVADOS/AGENDA CLINICA PORTABLE E INTEROPERAPLE/AGENDA CLI\u0301NICA INTEROPERABLE/agenda-clinica-interoperable/node_modules/@typescript-eslint/utils/dist/ts-eslint/eslint/LegacyESLint.js",
      "Library/CloudStorage/Dropbox/APPS HIPERFOCO.CL/AGENDAS CLINICAS CENTROS SALUD PUBLICOS Y PRIVADOS/AGENDA CLINICA PORTABLE E INTEROPERAPLE/AGENDA CLI\u0301NICA INTEROPERABLE/agenda-clinica-interoperable/node_modules/eslint/lib/eslint/legacy-eslint.js",
      "Library/CloudStorage/Dropbox/MENTALIA_BUTTON_INSTALLER_KIT_SIGNABLE/MENTALIA_LOCAL_DEPLOY/mentalia_memory_core/LegacyESLint.js",
      "Library/CloudStorage/Dropbox/MENTALIA_BUTTON_INSTALLER_KIT_SIGNABLE/MENTALIA_LOCAL_DEPLOY/mentalia_memory_core/legacy-eslint.js",
      "Library/CloudStorage/Dropbox/RSII/MENTALIA/MENTALIA_FULL_ACCESS_ENGINE_FINAL/mentalia_memory_core/LegacyESLint.js",
      "Library/CloudStorage/Dropbox/RSII FINAL/mentalia_memory_core/LegacyESLint.js",
      "Library/CloudStorage/Dropbox/RSII FINAL/mentalia_memory_core/legacy-eslint.js"
    ],
    "ultima_modificacion": "2025-08-01 01:01:46.288598"
  },
  "flateslint.d.ts.map": {
    "app_sintetizada": "FLATESLINT.D.TS.MAP",
    "cantidad_archivos": 2,
    "archivos_fuente": [
      "Library/CloudStorage/Dropbox/APPS HIPERFOCO.CL/AGENDAS CLINICAS CENTROS SALUD PUBLICOS Y PRIVADOS/agenda-clinica-interoperable/node_modules/@typescript-eslint/utils/dist/ts-eslint/eslint/FlatESLint.d.ts.map",
      "Library/CloudStorage/Dropbox/APPS HIPERFOCO.CL/AGENDAS CLINICAS CENTROS SALUD PUBLICOS Y PRIVADOS/AGENDA CLINICA PORTABLE E INTEROPERAPLE/AGENDA CLI\u0301NICA INTEROPERABLE/agenda-clinica-interoperable/node_modules/@typescript-eslint/utils/dist/ts-eslint/eslint/FlatESLint.d.ts.map"
    ],
    "ultima_modificacion": "2025-08-01 01:01:46.288914"
  },
  "getsourcefileofnode.d.ts": {
    "app_sintetizada": "GETSOURCEFILEOFNODE.D.TS",
    "cantidad_archivos": 2,
    "archivos_fuente": [
      "Library/CloudStorage/Dropbox/APPS HIPERFOCO.CL/AGENDAS CLINICAS CENTROS SALUD PUBLICOS Y PRIVADOS/agenda-clinica-interoperable/node_modules/@typescript-eslint/type-utils/dist/getSourceFileOfNode.d.ts",
      "Library/CloudStorage/Dropbox/APPS HIPERFOCO.CL/AGENDAS CLINICAS CENTROS SALUD PUBLICOS Y PRIVADOS/AGENDA CLINICA PORTABLE E INTEROPERAPLE/AGENDA CLI\u0301NICA INTEROPERABLE/agenda-clinica-interoperable/node_modules/@typescript-eslint/type-utils/dist/getSourceFileOfNode.d.ts"
    ],
    "ultima_modificacion": "2025-08-01 01:01:46.289221"
  },
  "isunsafeassignment.d.ts.map": {
    "app_sintetizada": "ISUNSAFEASSIGNMENT.D.TS.MAP",
    "cantidad_archivos": 2,
    "archivos_fuente": [
      "Library/CloudStorage/Dropbox/APPS HIPERFOCO.CL/AGENDAS CLINICAS CENTROS SALUD PUBLICOS Y PRIVADOS/agenda-clinica-interoperable/node_modules/@typescript-eslint/type-utils/dist/isUnsafeAssignment.d.ts.map",
      "Library/CloudStorage/Dropbox/APPS HIPERFOCO.CL/AGENDAS CLINICAS CENTROS SALUD PUBLICOS Y PRIVADOS/AGENDA CLINICA PORTABLE E INTEROPERAPLE/AGENDA CLI\u0301NICA INTEROPERABLE/agenda-clinica-interoperable/node_modules/@typescript-eslint/type-utils/dist/isUnsafeAssignment.d.ts.map"
    ],
    "ultima_modificacion": "2025-08-01 01:01:46.289532"
  },
  "requiresquoting.js": {
    "app_sintetizada": "REQUIRESQUOTING.JS",
    "cantidad_archivos": 5,
    "archivos_fuente": [
      "Library/CloudStorage/Dropbox/APPS HIPERFOCO.CL/AGENDAS CLINICAS CENTROS SALUD PUBLICOS Y PRIVADOS/agenda-clinica-interoperable/node_modules/@typescript-eslint/type-utils/dist/requiresQuoting.js",
      "Library/CloudStorage/Dropbox/APPS HIPERFOCO.CL/AGENDAS CLINICAS CENTROS SALUD PUBLICOS Y PRIVADOS/AGENDA CLINICA PORTABLE E INTEROPERAPLE/AGENDA CLI\u0301NICA INTEROPERABLE/agenda-clinica-interoperable/node_modules/@typescript-eslint/type-utils/dist/requiresQuoting.js",
      "Library/CloudStorage/Dropbox/MENTALIA_BUTTON_INSTALLER_KIT_SIGNABLE/MENTALIA_LOCAL_DEPLOY/mentalia_memory_core/requiresQuoting.js",
      "Library/CloudStorage/Dropbox/RSII/MENTALIA/MENTALIA_FULL_ACCESS_ENGINE_FINAL/mentalia_memory_core/requiresQuoting.js",
      "Library/CloudStorage/Dropbox/RSII FINAL/mentalia_memory_core/requiresQuoting.js"
    ],
    "ultima_modificacion": "2025-08-01 01:01:46.289859"
  },
  "propertytypes.js": {
    "app_sintetizada": "PROPERTYTYPES.JS",
    "cantidad_archivos": 5,
    "archivos_fuente": [
      "Library/CloudStorage/Dropbox/APPS HIPERFOCO.CL/AGENDAS CLINICAS CENTROS SALUD PUBLICOS Y PRIVADOS/agenda-clinica-interoperable/node_modules/@typescript-eslint/type-utils/dist/propertyTypes.js",
      "Library/CloudStorage/Dropbox/APPS HIPERFOCO.CL/AGENDAS CLINICAS CENTROS SALUD PUBLICOS Y PRIVADOS/AGENDA CLINICA PORTABLE E INTEROPERAPLE/AGENDA CLI\u0301NICA INTEROPERABLE/agenda-clinica-interoperable/node_modules/@typescript-eslint/type-utils/dist/propertyTypes.js",
      "Library/CloudStorage/Dropbox/MENTALIA_BUTTON_INSTALLER_KIT_SIGNABLE/MENTALIA_LOCAL_DEPLOY/mentalia_memory_core/propertyTypes.js",
      "Library/CloudStorage/Dropbox/RSII/MENTALIA/MENTALIA_FULL_ACCESS_ENGINE_FINAL/mentalia_memory_core/propertyTypes.js",
      "Library/CloudStorage/Dropbox/RSII FINAL/mentalia_memory_core/propertyTypes.js"
    ],
    "ultima_modificacion": "2025-08-01 01:01:46.290206"
  },
  "getcontextualtype.d.ts": {
    "app_sintetizada": "GETCONTEXTUALTYPE.D.TS",
    "cantidad_archivos": 2,
    "archivos_fuente": [
      "Library/CloudStorage/Dropbox/APPS HIPERFOCO.CL/AGENDAS CLINICAS CENTROS SALUD PUBLICOS Y PRIVADOS/agenda-clinica-interoperable/node_modules/@typescript-eslint/type-utils/dist/getContextualType.d.ts",
      "Library/CloudStorage/Dropbox/APPS HIPERFOCO.CL/AGENDAS CLINICAS CENTROS SALUD PUBLICOS Y PRIVADOS/AGENDA CLINICA PORTABLE E INTEROPERAPLE/AGENDA CLI\u0301NICA INTEROPERABLE/agenda-clinica-interoperable/node_modules/@typescript-eslint/type-utils/dist/getContextualType.d.ts"
    ],
    "ultima_modificacion": "2025-08-01 01:01:46.290561"
  },
  "istypereadonly.js": {
    "app_sintetizada": "ISTYPEREADONLY.JS",
    "cantidad_archivos": 5,
    "archivos_fuente": [
      "Library/CloudStorage/Dropbox/APPS HIPERFOCO.CL/AGENDAS CLINICAS CENTROS SALUD PUBLICOS Y PRIVADOS/agenda-clinica-interoperable/node_modules/@typescript-eslint/type-utils/dist/isTypeReadonly.js",
      "Library/CloudStorage/Dropbox/APPS HIPERFOCO.CL/AGENDAS CLINICAS CENTROS SALUD PUBLICOS Y PRIVADOS/AGENDA CLINICA PORTABLE E INTEROPERAPLE/AGENDA CLI\u0301NICA INTEROPERABLE/agenda-clinica-interoperable/node_modules/@typescript-eslint/type-utils/dist/isTypeReadonly.js",
      "Library/CloudStorage/Dropbox/MENTALIA_BUTTON_INSTALLER_KIT_SIGNABLE/MENTALIA_LOCAL_DEPLOY/mentalia_memory_core/isTypeReadonly.js",
      "Library/CloudStorage/Dropbox/RSII/MENTALIA/MENTALIA_FULL_ACCESS_ENGINE_FINAL/mentalia_memory_core/isTypeReadonly.js",
      "Library/CloudStorage/Dropbox/RSII FINAL/mentalia_memory_core/isTypeReadonly.js"
    ],
    "ultima_modificacion": "2025-08-01 01:01:46.290910"
  },
  "typeorvaluespecifier.js": {
    "app_sintetizada": "TYPEORVALUESPECIFIER.JS",
    "cantidad_archivos": 5,
    "archivos_fuente": [
      "Library/CloudStorage/Dropbox/APPS HIPERFOCO.CL/AGENDAS CLINICAS CENTROS SALUD PUBLICOS Y PRIVADOS/agenda-clinica-interoperable/node_modules/@typescript-eslint/type-utils/dist/TypeOrValueSpecifier.js",
      "Library/CloudStorage/Dropbox/APPS HIPERFOCO.CL/AGENDAS CLINICAS CENTROS SALUD PUBLICOS Y PRIVADOS/AGENDA CLINICA PORTABLE E INTEROPERAPLE/AGENDA CLI\u0301NICA INTEROPERABLE/agenda-clinica-interoperable/node_modules/@typescript-eslint/type-utils/dist/TypeOrValueSpecifier.js",
      "Library/CloudStorage/Dropbox/MENTALIA_BUTTON_INSTALLER_KIT_SIGNABLE/MENTALIA_LOCAL_DEPLOY/mentalia_memory_core/TypeOrValueSpecifier.js",
      "Library/CloudStorage/Dropbox/RSII/MENTALIA/MENTALIA_FULL_ACCESS_ENGINE_FINAL/mentalia_memory_core/TypeOrValueSpecifier.js",
      "Library/CloudStorage/Dropbox/RSII FINAL/mentalia_memory_core/TypeOrValueSpecifier.js"
    ],
    "ultima_modificacion": "2025-08-01 01:01:46.293014"
  },
  "getdeclaration.js": {
    "app_sintetizada": "GETDECLARATION.JS",
    "cantidad_archivos": 5,
    "archivos_fuente": [
      "Library/CloudStorage/Dropbox/APPS HIPERFOCO.CL/AGENDAS CLINICAS CENTROS SALUD PUBLICOS Y PRIVADOS/agenda-clinica-interoperable/node_modules/@typescript-eslint/type-utils/dist/getDeclaration.js",
      "Library/CloudStorage/Dropbox/APPS HIPERFOCO.CL/AGENDAS CLINICAS CENTROS SALUD PUBLICOS Y PRIVADOS/AGENDA CLINICA PORTABLE E INTEROPERAPLE/AGENDA CLI\u0301NICA INTEROPERABLE/agenda-clinica-interoperable/node_modules/@typescript-eslint/type-utils/dist/getDeclaration.js",
      "Library/CloudStorage/Dropbox/MENTALIA_BUTTON_INSTALLER_KIT_SIGNABLE/MENTALIA_LOCAL_DEPLOY/mentalia_memory_core/getDeclaration.js",
      "Library/CloudStorage/Dropbox/RSII/MENTALIA/MENTALIA_FULL_ACCESS_ENGINE_FINAL/mentalia_memory_core/getDeclaration.js",
      "Library/CloudStorage/Dropbox/RSII FINAL/mentalia_memory_core/getDeclaration.js"
    ],
    "ultima_modificacion": "2025-08-01 01:01:46.294041"
  },
  "istypereadonly.d.ts.map": {
    "app_sintetizada": "ISTYPEREADONLY.D.TS.MAP",
    "cantidad_archivos": 2,
    "archivos_fuente": [
      "Library/CloudStorage/Dropbox/APPS HIPERFOCO.CL/AGENDAS CLINICAS CENTROS SALUD PUBLICOS Y PRIVADOS/agenda-clinica-interoperable/node_modules/@typescript-eslint/type-utils/dist/isTypeReadonly.d.ts.map",
      "Library/CloudStorage/Dropbox/APPS HIPERFOCO.CL/AGENDAS CLINICAS CENTROS SALUD PUBLICOS Y PRIVADOS/AGENDA CLINICA PORTABLE E INTEROPERAPLE/AGENDA CLI\u0301NICA INTEROPERABLE/agenda-clinica-interoperable/node_modules/@typescript-eslint/type-utils/dist/isTypeReadonly.d.ts.map"
    ],
    "ultima_modificacion": "2025-08-01 01:01:46.294428"
  },
  "propertytypes.d.ts.map": {
    "app_sintetizada": "PROPERTYTYPES.D.TS.MAP",
    "cantidad_archivos": 2,
    "archivos_fuente": [
      "Library/CloudStorage/Dropbox/APPS HIPERFOCO.CL/AGENDAS CLINICAS CENTROS SALUD PUBLICOS Y PRIVADOS/agenda-clinica-interoperable/node_modules/@typescript-eslint/type-utils/dist/propertyTypes.d.ts.map",
      "Library/CloudStorage/Dropbox/APPS HIPERFOCO.CL/AGENDAS CLINICAS CENTROS SALUD PUBLICOS Y PRIVADOS/AGENDA CLINICA PORTABLE E INTEROPERAPLE/AGENDA CLI\u0301NICA INTEROPERABLE/agenda-clinica-interoperable/node_modules/@typescript-eslint/type-utils/dist/propertyTypes.d.ts.map"
    ],
    "ultima_modificacion": "2025-08-01 01:01:46.294883"
  },
  "requiresquoting.d.ts.map": {
    "app_sintetizada": "REQUIRESQUOTING.D.TS.MAP",
    "cantidad_archivos": 2,
    "archivos_fuente": [
      "Library/CloudStorage/Dropbox/APPS HIPERFOCO.CL/AGENDAS CLINICAS CENTROS SALUD PUBLICOS Y PRIVADOS/agenda-clinica-interoperable/node_modules/@typescript-eslint/type-utils/dist/requiresQuoting.d.ts.map",
      "Library/CloudStorage/Dropbox/APPS HIPERFOCO.CL/AGENDAS CLINICAS CENTROS SALUD PUBLICOS Y PRIVADOS/AGENDA CLINICA PORTABLE E INTEROPERAPLE/AGENDA CLI\u0301NICA INTEROPERABLE/agenda-clinica-interoperable/node_modules/@typescript-eslint/type-utils/dist/requiresQuoting.d.ts.map"
    ],
    "ultima_modificacion": "2025-08-01 01:01:46.295266"
  },
  "getconstrainedtypeatlocation.d.ts.map": {
    "app_sintetizada": "GETCONSTRAINEDTYPEATLOCATION.D.TS.MAP",
    "cantidad_archivos": 2,
    "archivos_fuente": [
      "Library/CloudStorage/Dropbox/APPS HIPERFOCO.CL/AGENDAS CLINICAS CENTROS SALUD PUBLICOS Y PRIVADOS/agenda-clinica-interoperable/node_modules/@typescript-eslint/type-utils/dist/getConstrainedTypeAtLocation.d.ts.map",
      "Library/CloudStorage/Dropbox/APPS HIPERFOCO.CL/AGENDAS CLINICAS CENTROS SALUD PUBLICOS Y PRIVADOS/AGENDA CLINICA PORTABLE E INTEROPERAPLE/AGENDA CLI\u0301NICA INTEROPERABLE/agenda-clinica-interoperable/node_modules/@typescript-eslint/type-utils/dist/getConstrainedTypeAtLocation.d.ts.map"
    ],
    "ultima_modificacion": "2025-08-01 01:01:46.295971"
  },
  "issymbolfromdefaultlibrary.d.ts": {
    "app_sintetizada": "ISSYMBOLFROMDEFAULTLIBRARY.D.TS",
    "cantidad_archivos": 2,
    "archivos_fuente": [
      "Library/CloudStorage/Dropbox/APPS HIPERFOCO.CL/AGENDAS CLINICAS CENTROS SALUD PUBLICOS Y PRIVADOS/agenda-clinica-interoperable/node_modules/@typescript-eslint/type-utils/dist/isSymbolFromDefaultLibrary.d.ts",
      "Library/CloudStorage/Dropbox/APPS HIPERFOCO.CL/AGENDAS CLINICAS CENTROS SALUD PUBLICOS Y PRIVADOS/AGENDA CLINICA PORTABLE E INTEROPERAPLE/AGENDA CLI\u0301NICA INTEROPERABLE/agenda-clinica-interoperable/node_modules/@typescript-eslint/type-utils/dist/isSymbolFromDefaultLibrary.d.ts"
    ],
    "ultima_modificacion": "2025-08-01 01:01:46.296486"
  },
  "getconstrainedtypeatlocation.js": {
    "app_sintetizada": "GETCONSTRAINEDTYPEATLOCATION.JS",
    "cantidad_archivos": 5,
    "archivos_fuente": [
      "Library/CloudStorage/Dropbox/APPS HIPERFOCO.CL/AGENDAS CLINICAS CENTROS SALUD PUBLICOS Y PRIVADOS/agenda-clinica-interoperable/node_modules/@typescript-eslint/type-utils/dist/getConstrainedTypeAtLocation.js",
      "Library/CloudStorage/Dropbox/APPS HIPERFOCO.CL/AGENDAS CLINICAS CENTROS SALUD PUBLICOS Y PRIVADOS/AGENDA CLINICA PORTABLE E INTEROPERAPLE/AGENDA CLI\u0301NICA INTEROPERABLE/agenda-clinica-interoperable/node_modules/@typescript-eslint/type-utils/dist/getConstrainedTypeAtLocation.js",
      "Library/CloudStorage/Dropbox/MENTALIA_BUTTON_INSTALLER_KIT_SIGNABLE/MENTALIA_LOCAL_DEPLOY/mentalia_memory_core/getConstrainedTypeAtLocation.js",
      "Library/CloudStorage/Dropbox/RSII/MENTALIA/MENTALIA_FULL_ACCESS_ENGINE_FINAL/mentalia_memory_core/getConstrainedTypeAtLocation.js",
      "Library/CloudStorage/Dropbox/RSII FINAL/mentalia_memory_core/getConstrainedTypeAtLocation.js"
    ],
    "ultima_modificacion": "2025-08-01 01:01:46.296831"
  },
  "gettypename.d.ts": {
    "app_sintetizada": "GETTYPENAME.D.TS",
    "cantidad_archivos": 2,
    "archivos_fuente": [
      "Library/CloudStorage/Dropbox/APPS HIPERFOCO.CL/AGENDAS CLINICAS CENTROS SALUD PUBLICOS Y PRIVADOS/agenda-clinica-interoperable/node_modules/@typescript-eslint/type-utils/dist/getTypeName.d.ts",
      "Library/CloudStorage/Dropbox/APPS HIPERFOCO.CL/AGENDAS CLINICAS CENTROS SALUD PUBLICOS Y PRIVADOS/AGENDA CLINICA PORTABLE E INTEROPERAPLE/AGENDA CLI\u0301NICA INTEROPERABLE/agenda-clinica-interoperable/node_modules/@typescript-eslint/type-utils/dist/getTypeName.d.ts"
    ],
    "ultima_modificacion": "2025-08-01 01:01:46.297206"
  },
  "getconstrainedtypeatlocation.d.ts": {
    "app_sintetizada": "GETCONSTRAINEDTYPEATLOCATION.D.TS",
    "cantidad_archivos": 2,
    "archivos_fuente": [
      "Library/CloudStorage/Dropbox/APPS HIPERFOCO.CL/AGENDAS CLINICAS CENTROS SALUD PUBLICOS Y PRIVADOS/agenda-clinica-interoperable/node_modules/@typescript-eslint/type-utils/dist/getConstrainedTypeAtLocation.d.ts",
      "Library/CloudStorage/Dropbox/APPS HIPERFOCO.CL/AGENDAS CLINICAS CENTROS SALUD PUBLICOS Y PRIVADOS/AGENDA CLINICA PORTABLE E INTEROPERAPLE/AGENDA CLI\u0301NICA INTEROPERABLE/agenda-clinica-interoperable/node_modules/@typescript-eslint/type-utils/dist/getConstrainedTypeAtLocation.d.ts"
    ],
    "ultima_modificacion": "2025-08-01 01:01:46.297600"
  },
  "getdeclaration.d.ts": {
    "app_sintetizada": "GETDECLARATION.D.TS",
    "cantidad_archivos": 2,
    "archivos_fuente": [
      "Library/CloudStorage/Dropbox/APPS HIPERFOCO.CL/AGENDAS CLINICAS CENTROS SALUD PUBLICOS Y PRIVADOS/agenda-clinica-interoperable/node_modules/@typescript-eslint/type-utils/dist/getDeclaration.d.ts",
      "Library/CloudStorage/Dropbox/APPS HIPERFOCO.CL/AGENDAS CLINICAS CENTROS SALUD PUBLICOS Y PRIVADOS/AGENDA CLINICA PORTABLE E INTEROPERAPLE/AGENDA CLI\u0301NICA INTEROPERABLE/agenda-clinica-interoperable/node_modules/@typescript-eslint/type-utils/dist/getDeclaration.d.ts"
    ],
    "ultima_modificacion": "2025-08-01 01:01:46.297986"
  },
  "discriminateanytype.js": {
    "app_sintetizada": "DISCRIMINATEANYTYPE.JS",
    "cantidad_archivos": 5,
    "archivos_fuente": [
      "Library/CloudStorage/Dropbox/APPS HIPERFOCO.CL/AGENDAS CLINICAS CENTROS SALUD PUBLICOS Y PRIVADOS/agenda-clinica-interoperable/node_modules/@typescript-eslint/type-utils/dist/discriminateAnyType.js",
      "Library/CloudStorage/Dropbox/APPS HIPERFOCO.CL/AGENDAS CLINICAS CENTROS SALUD PUBLICOS Y PRIVADOS/AGENDA CLINICA PORTABLE E INTEROPERAPLE/AGENDA CLI\u0301NICA INTEROPERABLE/agenda-clinica-interoperable/node_modules/@typescript-eslint/type-utils/dist/discriminateAnyType.js",
      "Library/CloudStorage/Dropbox/MENTALIA_BUTTON_INSTALLER_KIT_SIGNABLE/MENTALIA_LOCAL_DEPLOY/mentalia_memory_core/discriminateAnyType.js",
      "Library/CloudStorage/Dropbox/RSII/MENTALIA/MENTALIA_FULL_ACCESS_ENGINE_FINAL/mentalia_memory_core/discriminateAnyType.js",
      "Library/CloudStorage/Dropbox/RSII FINAL/mentalia_memory_core/discriminateAnyType.js"
    ],
    "ultima_modificacion": "2025-08-01 01:01:46.298315"
  },
  "getdeclaration.d.ts.map": {
    "app_sintetizada": "GETDECLARATION.D.TS.MAP",
    "cantidad_archivos": 2,
    "archivos_fuente": [
      "Library/CloudStorage/Dropbox/APPS HIPERFOCO.CL/AGENDAS CLINICAS CENTROS SALUD PUBLICOS Y PRIVADOS/agenda-clinica-interoperable/node_modules/@typescript-eslint/type-utils/dist/getDeclaration.d.ts.map",
      "Library/CloudStorage/Dropbox/APPS HIPERFOCO.CL/AGENDAS CLINICAS CENTROS SALUD PUBLICOS Y PRIVADOS/AGENDA CLINICA PORTABLE E INTEROPERAPLE/AGENDA CLI\u0301NICA INTEROPERABLE/agenda-clinica-interoperable/node_modules/@typescript-eslint/type-utils/dist/getDeclaration.d.ts.map"
    ],
    "ultima_modificacion": "2025-08-01 01:01:46.299834"
  },
  "issymbolfromdefaultlibrary.d.ts.map": {
    "app_sintetizada": "ISSYMBOLFROMDEFAULTLIBRARY.D.TS.MAP",
    "cantidad_archivos": 2,
    "archivos_fuente": [
      "Library/CloudStorage/Dropbox/APPS HIPERFOCO.CL/AGENDAS CLINICAS CENTROS SALUD PUBLICOS Y PRIVADOS/agenda-clinica-interoperable/node_modules/@typescript-eslint/type-utils/dist/isSymbolFromDefaultLibrary.d.ts.map",
      "Library/CloudStorage/Dropbox/APPS HIPERFOCO.CL/AGENDAS CLINICAS CENTROS SALUD PUBLICOS Y PRIVADOS/AGENDA CLINICA PORTABLE E INTEROPERAPLE/AGENDA CLI\u0301NICA INTEROPERABLE/agenda-clinica-interoperable/node_modules/@typescript-eslint/type-utils/dist/isSymbolFromDefaultLibrary.d.ts.map"
    ],
    "ultima_modificacion": "2025-08-01 01:01:46.300332"
  },
  "gettypename.d.ts.map": {
    "app_sintetizada": "GETTYPENAME.D.TS.MAP",
    "cantidad_archivos": 2,
    "archivos_fuente": [
      "Library/CloudStorage/Dropbox/APPS HIPERFOCO.CL/AGENDAS CLINICAS CENTROS SALUD PUBLICOS Y PRIVADOS/agenda-clinica-interoperable/node_modules/@typescript-eslint/type-utils/dist/getTypeName.d.ts.map",
      "Library/CloudStorage/Dropbox/APPS HIPERFOCO.CL/AGENDAS CLINICAS CENTROS SALUD PUBLICOS Y PRIVADOS/AGENDA CLINICA PORTABLE E INTEROPERAPLE/AGENDA CLI\u0301NICA INTEROPERABLE/agenda-clinica-interoperable/node_modules/@typescript-eslint/type-utils/dist/getTypeName.d.ts.map"
    ],
    "ultima_modificacion": "2025-08-01 01:01:46.301847"
  },
  "containsalltypesbyname.d.ts.map": {
    "app_sintetizada": "CONTAINSALLTYPESBYNAME.D.TS.MAP",
    "cantidad_archivos": 2,
    "archivos_fuente": [
      "Library/CloudStorage/Dropbox/APPS HIPERFOCO.CL/AGENDAS CLINICAS CENTROS SALUD PUBLICOS Y PRIVADOS/agenda-clinica-interoperable/node_modules/@typescript-eslint/type-utils/dist/containsAllTypesByName.d.ts.map",
      "Library/CloudStorage/Dropbox/APPS HIPERFOCO.CL/AGENDAS CLINICAS CENTROS SALUD PUBLICOS Y PRIVADOS/AGENDA CLINICA PORTABLE E INTEROPERAPLE/AGENDA CLI\u0301NICA INTEROPERABLE/agenda-clinica-interoperable/node_modules/@typescript-eslint/type-utils/dist/containsAllTypesByName.d.ts.map"
    ],
    "ultima_modificacion": "2025-08-01 01:01:46.302275"
  },
  "issymbolfromdefaultlibrary.js": {
    "app_sintetizada": "ISSYMBOLFROMDEFAULTLIBRARY.JS",
    "cantidad_archivos": 5,
    "archivos_fuente": [
      "Library/CloudStorage/Dropbox/APPS HIPERFOCO.CL/AGENDAS CLINICAS CENTROS SALUD PUBLICOS Y PRIVADOS/agenda-clinica-interoperable/node_modules/@typescript-eslint/type-utils/dist/isSymbolFromDefaultLibrary.js",
      "Library/CloudStorage/Dropbox/APPS HIPERFOCO.CL/AGENDAS CLINICAS CENTROS SALUD PUBLICOS Y PRIVADOS/AGENDA CLINICA PORTABLE E INTEROPERAPLE/AGENDA CLI\u0301NICA INTEROPERABLE/agenda-clinica-interoperable/node_modules/@typescript-eslint/type-utils/dist/isSymbolFromDefaultLibrary.js",
      "Library/CloudStorage/Dropbox/MENTALIA_BUTTON_INSTALLER_KIT_SIGNABLE/MENTALIA_LOCAL_DEPLOY/mentalia_memory_core/isSymbolFromDefaultLibrary.js",
      "Library/CloudStorage/Dropbox/RSII/MENTALIA/MENTALIA_FULL_ACCESS_ENGINE_FINAL/mentalia_memory_core/isSymbolFromDefaultLibrary.js",
      "Library/CloudStorage/Dropbox/RSII FINAL/mentalia_memory_core/isSymbolFromDefaultLibrary.js"
    ],
    "ultima_modificacion": "2025-08-01 01:01:46.303529"
  },
  "gettypename.js": {
    "app_sintetizada": "GETTYPENAME.JS",
    "cantidad_archivos": 5,
    "archivos_fuente": [
      "Library/CloudStorage/Dropbox/APPS HIPERFOCO.CL/AGENDAS CLINICAS CENTROS SALUD PUBLICOS Y PRIVADOS/agenda-clinica-interoperable/node_modules/@typescript-eslint/type-utils/dist/getTypeName.js",
      "Library/CloudStorage/Dropbox/APPS HIPERFOCO.CL/AGENDAS CLINICAS CENTROS SALUD PUBLICOS Y PRIVADOS/AGENDA CLINICA PORTABLE E INTEROPERAPLE/AGENDA CLI\u0301NICA INTEROPERABLE/agenda-clinica-interoperable/node_modules/@typescript-eslint/type-utils/dist/getTypeName.js",
      "Library/CloudStorage/Dropbox/MENTALIA_BUTTON_INSTALLER_KIT_SIGNABLE/MENTALIA_LOCAL_DEPLOY/mentalia_memory_core/getTypeName.js",
      "Library/CloudStorage/Dropbox/RSII/MENTALIA/MENTALIA_FULL_ACCESS_ENGINE_FINAL/mentalia_memory_core/getTypeName.js",
      "Library/CloudStorage/Dropbox/RSII FINAL/mentalia_memory_core/getTypeName.js"
    ],
    "ultima_modificacion": "2025-08-01 01:01:46.303872"
  },
  "typeorvaluespecifier.d.ts": {
    "app_sintetizada": "TYPEORVALUESPECIFIER.D.TS",
    "cantidad_archivos": 2,
    "archivos_fuente": [
      "Library/CloudStorage/Dropbox/APPS HIPERFOCO.CL/AGENDAS CLINICAS CENTROS SALUD PUBLICOS Y PRIVADOS/agenda-clinica-interoperable/node_modules/@typescript-eslint/type-utils/dist/TypeOrValueSpecifier.d.ts",
      "Library/CloudStorage/Dropbox/APPS HIPERFOCO.CL/AGENDAS CLINICAS CENTROS SALUD PUBLICOS Y PRIVADOS/AGENDA CLINICA PORTABLE E INTEROPERAPLE/AGENDA CLI\u0301NICA INTEROPERABLE/agenda-clinica-interoperable/node_modules/@typescript-eslint/type-utils/dist/TypeOrValueSpecifier.d.ts"
    ],
    "ultima_modificacion": "2025-08-01 01:01:46.304192"
  },
  "isunsafeassignment.js": {
    "app_sintetizada": "ISUNSAFEASSIGNMENT.JS",
    "cantidad_archivos": 5,
    "archivos_fuente": [
      "Library/CloudStorage/Dropbox/APPS HIPERFOCO.CL/AGENDAS CLINICAS CENTROS SALUD PUBLICOS Y PRIVADOS/agenda-clinica-interoperable/node_modules/@typescript-eslint/type-utils/dist/isUnsafeAssignment.js",
      "Library/CloudStorage/Dropbox/APPS HIPERFOCO.CL/AGENDAS CLINICAS CENTROS SALUD PUBLICOS Y PRIVADOS/AGENDA CLINICA PORTABLE E INTEROPERAPLE/AGENDA CLI\u0301NICA INTEROPERABLE/agenda-clinica-interoperable/node_modules/@typescript-eslint/type-utils/dist/isUnsafeAssignment.js",
      "Library/CloudStorage/Dropbox/MENTALIA_BUTTON_INSTALLER_KIT_SIGNABLE/MENTALIA_LOCAL_DEPLOY/mentalia_memory_core/isUnsafeAssignment.js",
      "Library/CloudStorage/Dropbox/RSII/MENTALIA/MENTALIA_FULL_ACCESS_ENGINE_FINAL/mentalia_memory_core/isUnsafeAssignment.js",
      "Library/CloudStorage/Dropbox/RSII FINAL/mentalia_memory_core/isUnsafeAssignment.js"
    ],
    "ultima_modificacion": "2025-08-01 01:01:46.306219"
  },
  "isunsafeassignment.d.ts": {
    "app_sintetizada": "ISUNSAFEASSIGNMENT.D.TS",
    "cantidad_archivos": 2,
    "archivos_fuente": [
      "Library/CloudStorage/Dropbox/APPS HIPERFOCO.CL/AGENDAS CLINICAS CENTROS SALUD PUBLICOS Y PRIVADOS/agenda-clinica-interoperable/node_modules/@typescript-eslint/type-utils/dist/isUnsafeAssignment.d.ts",
      "Library/CloudStorage/Dropbox/APPS HIPERFOCO.CL/AGENDAS CLINICAS CENTROS SALUD PUBLICOS Y PRIVADOS/AGENDA CLINICA PORTABLE E INTEROPERAPLE/AGENDA CLI\u0301NICA INTEROPERABLE/agenda-clinica-interoperable/node_modules/@typescript-eslint/type-utils/dist/isUnsafeAssignment.d.ts"
    ],
    "ultima_modificacion": "2025-08-01 01:01:46.307196"
  },
  "typeflagutils.d.ts": {
    "app_sintetizada": "TYPEFLAGUTILS.D.TS",
    "cantidad_archivos": 2,
    "archivos_fuente": [
      "Library/CloudStorage/Dropbox/APPS HIPERFOCO.CL/AGENDAS CLINICAS CENTROS SALUD PUBLICOS Y PRIVADOS/agenda-clinica-interoperable/node_modules/@typescript-eslint/type-utils/dist/typeFlagUtils.d.ts",
      "Library/CloudStorage/Dropbox/APPS HIPERFOCO.CL/AGENDAS CLINICAS CENTROS SALUD PUBLICOS Y PRIVADOS/AGENDA CLINICA PORTABLE E INTEROPERAPLE/AGENDA CLI\u0301NICA INTEROPERABLE/agenda-clinica-interoperable/node_modules/@typescript-eslint/type-utils/dist/typeFlagUtils.d.ts"
    ],
    "ultima_modificacion": "2025-08-01 01:01:46.307594"
  },
  "builtinsymbollikes.d.ts": {
    "app_sintetizada": "BUILTINSYMBOLLIKES.D.TS",
    "cantidad_archivos": 2,
    "archivos_fuente": [
      "Library/CloudStorage/Dropbox/APPS HIPERFOCO.CL/AGENDAS CLINICAS CENTROS SALUD PUBLICOS Y PRIVADOS/agenda-clinica-interoperable/node_modules/@typescript-eslint/type-utils/dist/builtinSymbolLikes.d.ts",
      "Library/CloudStorage/Dropbox/APPS HIPERFOCO.CL/AGENDAS CLINICAS CENTROS SALUD PUBLICOS Y PRIVADOS/AGENDA CLINICA PORTABLE E INTEROPERAPLE/AGENDA CLI\u0301NICA INTEROPERABLE/agenda-clinica-interoperable/node_modules/@typescript-eslint/type-utils/dist/builtinSymbolLikes.d.ts"
    ],
    "ultima_modificacion": "2025-08-01 01:01:46.308612"
  },
  "discriminateanytype.d.ts": {
    "app_sintetizada": "DISCRIMINATEANYTYPE.D.TS",
    "cantidad_archivos": 2,
    "archivos_fuente": [
      "Library/CloudStorage/Dropbox/APPS HIPERFOCO.CL/AGENDAS CLINICAS CENTROS SALUD PUBLICOS Y PRIVADOS/agenda-clinica-interoperable/node_modules/@typescript-eslint/type-utils/dist/discriminateAnyType.d.ts",
      "Library/CloudStorage/Dropbox/APPS HIPERFOCO.CL/AGENDAS CLINICAS CENTROS SALUD PUBLICOS Y PRIVADOS/AGENDA CLINICA PORTABLE E INTEROPERAPLE/AGENDA CLI\u0301NICA INTEROPERABLE/agenda-clinica-interoperable/node_modules/@typescript-eslint/type-utils/dist/discriminateAnyType.d.ts"
    ],
    "ultima_modificacion": "2025-08-01 01:01:46.309046"
  },
  "requiresquoting.d.ts": {
    "app_sintetizada": "REQUIRESQUOTING.D.TS",
    "cantidad_archivos": 2,
    "archivos_fuente": [
      "Library/CloudStorage/Dropbox/APPS HIPERFOCO.CL/AGENDAS CLINICAS CENTROS SALUD PUBLICOS Y PRIVADOS/agenda-clinica-interoperable/node_modules/@typescript-eslint/type-utils/dist/requiresQuoting.d.ts",
      "Library/CloudStorage/Dropbox/APPS HIPERFOCO.CL/AGENDAS CLINICAS CENTROS SALUD PUBLICOS Y PRIVADOS/AGENDA CLINICA PORTABLE E INTEROPERAPLE/AGENDA CLI\u0301NICA INTEROPERABLE/agenda-clinica-interoperable/node_modules/@typescript-eslint/type-utils/dist/requiresQuoting.d.ts"
    ],
    "ultima_modificacion": "2025-08-01 01:01:46.309484"
  },
  "istypereadonly.d.ts": {
    "app_sintetizada": "ISTYPEREADONLY.D.TS",
    "cantidad_archivos": 2,
    "archivos_fuente": [
      "Library/CloudStorage/Dropbox/APPS HIPERFOCO.CL/AGENDAS CLINICAS CENTROS SALUD PUBLICOS Y PRIVADOS/agenda-clinica-interoperable/node_modules/@typescript-eslint/type-utils/dist/isTypeReadonly.d.ts",
      "Library/CloudStorage/Dropbox/APPS HIPERFOCO.CL/AGENDAS CLINICAS CENTROS SALUD PUBLICOS Y PRIVADOS/AGENDA CLINICA PORTABLE E INTEROPERAPLE/AGENDA CLI\u0301NICA INTEROPERABLE/agenda-clinica-interoperable/node_modules/@typescript-eslint/type-utils/dist/isTypeReadonly.d.ts"
    ],
    "ultima_modificacion": "2025-08-01 01:01:46.309833"
  },
  "getsourcefileofnode.js": {
    "app_sintetizada": "GETSOURCEFILEOFNODE.JS",
    "cantidad_archivos": 5,
    "archivos_fuente": [
      "Library/CloudStorage/Dropbox/APPS HIPERFOCO.CL/AGENDAS CLINICAS CENTROS SALUD PUBLICOS Y PRIVADOS/agenda-clinica-interoperable/node_modules/@typescript-eslint/type-utils/dist/getSourceFileOfNode.js",
      "Library/CloudStorage/Dropbox/APPS HIPERFOCO.CL/AGENDAS CLINICAS CENTROS SALUD PUBLICOS Y PRIVADOS/AGENDA CLINICA PORTABLE E INTEROPERAPLE/AGENDA CLI\u0301NICA INTEROPERABLE/agenda-clinica-interoperable/node_modules/@typescript-eslint/type-utils/dist/getSourceFileOfNode.js",
      "Library/CloudStorage/Dropbox/MENTALIA_BUTTON_INSTALLER_KIT_SIGNABLE/MENTALIA_LOCAL_DEPLOY/mentalia_memory_core/getSourceFileOfNode.js",
      "Library/CloudStorage/Dropbox/RSII/MENTALIA/MENTALIA_FULL_ACCESS_ENGINE_FINAL/mentalia_memory_core/getSourceFileOfNode.js",
      "Library/CloudStorage/Dropbox/RSII FINAL/mentalia_memory_core/getSourceFileOfNode.js"
    ],
    "ultima_modificacion": "2025-08-01 01:01:46.310142"
  },
  "getsourcefileofnode.d.ts.map": {
    "app_sintetizada": "GETSOURCEFILEOFNODE.D.TS.MAP",
    "cantidad_archivos": 2,
    "archivos_fuente": [
      "Library/CloudStorage/Dropbox/APPS HIPERFOCO.CL/AGENDAS CLINICAS CENTROS SALUD PUBLICOS Y PRIVADOS/agenda-clinica-interoperable/node_modules/@typescript-eslint/type-utils/dist/getSourceFileOfNode.d.ts.map",
      "Library/CloudStorage/Dropbox/APPS HIPERFOCO.CL/AGENDAS CLINICAS CENTROS SALUD PUBLICOS Y PRIVADOS/AGENDA CLINICA PORTABLE E INTEROPERAPLE/AGENDA CLI\u0301NICA INTEROPERABLE/agenda-clinica-interoperable/node_modules/@typescript-eslint/type-utils/dist/getSourceFileOfNode.d.ts.map"
    ],
    "ultima_modificacion": "2025-08-01 01:01:46.310458"
  },
  "builtinsymbollikes.js": {
    "app_sintetizada": "BUILTINSYMBOLLIKES.JS",
    "cantidad_archivos": 5,
    "archivos_fuente": [
      "Library/CloudStorage/Dropbox/APPS HIPERFOCO.CL/AGENDAS CLINICAS CENTROS SALUD PUBLICOS Y PRIVADOS/agenda-clinica-interoperable/node_modules/@typescript-eslint/type-utils/dist/builtinSymbolLikes.js",
      "Library/CloudStorage/Dropbox/APPS HIPERFOCO.CL/AGENDAS CLINICAS CENTROS SALUD PUBLICOS Y PRIVADOS/AGENDA CLINICA PORTABLE E INTEROPERAPLE/AGENDA CLI\u0301NICA INTEROPERABLE/agenda-clinica-interoperable/node_modules/@typescript-eslint/type-utils/dist/builtinSymbolLikes.js",
      "Library/CloudStorage/Dropbox/MENTALIA_BUTTON_INSTALLER_KIT_SIGNABLE/MENTALIA_LOCAL_DEPLOY/mentalia_memory_core/builtinSymbolLikes.js",
      "Library/CloudStorage/Dropbox/RSII/MENTALIA/MENTALIA_FULL_ACCESS_ENGINE_FINAL/mentalia_memory_core/builtinSymbolLikes.js",
      "Library/CloudStorage/Dropbox/RSII FINAL/mentalia_memory_core/builtinSymbolLikes.js"
    ],
    "ultima_modificacion": "2025-08-01 01:01:46.310783"
  },
  "containsalltypesbyname.d.ts": {
    "app_sintetizada": "CONTAINSALLTYPESBYNAME.D.TS",
    "cantidad_archivos": 2,
    "archivos_fuente": [
      "Library/CloudStorage/Dropbox/APPS HIPERFOCO.CL/AGENDAS CLINICAS CENTROS SALUD PUBLICOS Y PRIVADOS/agenda-clinica-interoperable/node_modules/@typescript-eslint/type-utils/dist/containsAllTypesByName.d.ts",
      "Library/CloudStorage/Dropbox/APPS HIPERFOCO.CL/AGENDAS CLINICAS CENTROS SALUD PUBLICOS Y PRIVADOS/AGENDA CLINICA PORTABLE E INTEROPERAPLE/AGENDA CLI\u0301NICA INTEROPERABLE/agenda-clinica-interoperable/node_modules/@typescript-eslint/type-utils/dist/containsAllTypesByName.d.ts"
    ],
    "ultima_modificacion": "2025-08-01 01:01:46.311104"
  },
  "typeflagutils.d.ts.map": {
    "app_sintetizada": "TYPEFLAGUTILS.D.TS.MAP",
    "cantidad_archivos": 2,
    "archivos_fuente": [
      "Library/CloudStorage/Dropbox/APPS HIPERFOCO.CL/AGENDAS CLINICAS CENTROS SALUD PUBLICOS Y PRIVADOS/agenda-clinica-interoperable/node_modules/@typescript-eslint/type-utils/dist/typeFlagUtils.d.ts.map",
      "Library/CloudStorage/Dropbox/APPS HIPERFOCO.CL/AGENDAS CLINICAS CENTROS SALUD PUBLICOS Y PRIVADOS/AGENDA CLINICA PORTABLE E INTEROPERAPLE/AGENDA CLI\u0301NICA INTEROPERABLE/agenda-clinica-interoperable/node_modules/@typescript-eslint/type-utils/dist/typeFlagUtils.d.ts.map"
    ],
    "ultima_modificacion": "2025-08-01 01:01:46.311410"
  },
  "typeorvaluespecifier.d.ts.map": {
    "app_sintetizada": "TYPEORVALUESPECIFIER.D.TS.MAP",
    "cantidad_archivos": 2,
    "archivos_fuente": [
      "Library/CloudStorage/Dropbox/APPS HIPERFOCO.CL/AGENDAS CLINICAS CENTROS SALUD PUBLICOS Y PRIVADOS/agenda-clinica-interoperable/node_modules/@typescript-eslint/type-utils/dist/TypeOrValueSpecifier.d.ts.map",
      "Library/CloudStorage/Dropbox/APPS HIPERFOCO.CL/AGENDAS CLINICAS CENTROS SALUD PUBLICOS Y PRIVADOS/AGENDA CLINICA PORTABLE E INTEROPERAPLE/AGENDA CLI\u0301NICA INTEROPERABLE/agenda-clinica-interoperable/node_modules/@typescript-eslint/type-utils/dist/TypeOrValueSpecifier.d.ts.map"
    ],
    "ultima_modificacion": "2025-08-01 01:01:46.311732"
  },
  "getcontextualtype.js": {
    "app_sintetizada": "GETCONTEXTUALTYPE.JS",
    "cantidad_archivos": 5,
    "archivos_fuente": [
      "Library/CloudStorage/Dropbox/APPS HIPERFOCO.CL/AGENDAS CLINICAS CENTROS SALUD PUBLICOS Y PRIVADOS/agenda-clinica-interoperable/node_modules/@typescript-eslint/type-utils/dist/getContextualType.js",
      "Library/CloudStorage/Dropbox/APPS HIPERFOCO.CL/AGENDAS CLINICAS CENTROS SALUD PUBLICOS Y PRIVADOS/AGENDA CLINICA PORTABLE E INTEROPERAPLE/AGENDA CLI\u0301NICA INTEROPERABLE/agenda-clinica-interoperable/node_modules/@typescript-eslint/type-utils/dist/getContextualType.js",
      "Library/CloudStorage/Dropbox/MENTALIA_BUTTON_INSTALLER_KIT_SIGNABLE/MENTALIA_LOCAL_DEPLOY/mentalia_memory_core/getContextualType.js",
      "Library/CloudStorage/Dropbox/RSII/MENTALIA/MENTALIA_FULL_ACCESS_ENGINE_FINAL/mentalia_memory_core/getContextualType.js",
      "Library/CloudStorage/Dropbox/RSII FINAL/mentalia_memory_core/getContextualType.js"
    ],
    "ultima_modificacion": "2025-08-01 01:01:46.312064"
  },
  "getcontextualtype.d.ts.map": {
    "app_sintetizada": "GETCONTEXTUALTYPE.D.TS.MAP",
    "cantidad_archivos": 2,
    "archivos_fuente": [
      "Library/CloudStorage/Dropbox/APPS HIPERFOCO.CL/AGENDAS CLINICAS CENTROS SALUD PUBLICOS Y PRIVADOS/agenda-clinica-interoperable/node_modules/@typescript-eslint/type-utils/dist/getContextualType.d.ts.map",
      "Library/CloudStorage/Dropbox/APPS HIPERFOCO.CL/AGENDAS CLINICAS CENTROS SALUD PUBLICOS Y PRIVADOS/AGENDA CLINICA PORTABLE E INTEROPERAPLE/AGENDA CLI\u0301NICA INTEROPERABLE/agenda-clinica-interoperable/node_modules/@typescript-eslint/type-utils/dist/getContextualType.d.ts.map"
    ],
    "ultima_modificacion": "2025-08-01 01:01:46.312373"
  },
  "propertytypes.d.ts": {
    "app_sintetizada": "PROPERTYTYPES.D.TS",
    "cantidad_archivos": 2,
    "archivos_fuente": [
      "Library/CloudStorage/Dropbox/APPS HIPERFOCO.CL/AGENDAS CLINICAS CENTROS SALUD PUBLICOS Y PRIVADOS/agenda-clinica-interoperable/node_modules/@typescript-eslint/type-utils/dist/propertyTypes.d.ts",
      "Library/CloudStorage/Dropbox/APPS HIPERFOCO.CL/AGENDAS CLINICAS CENTROS SALUD PUBLICOS Y PRIVADOS/AGENDA CLINICA PORTABLE E INTEROPERAPLE/AGENDA CLI\u0301NICA INTEROPERABLE/agenda-clinica-interoperable/node_modules/@typescript-eslint/type-utils/dist/propertyTypes.d.ts"
    ],
    "ultima_modificacion": "2025-08-01 01:01:46.312673"
  },
  "discriminateanytype.d.ts.map": {
    "app_sintetizada": "DISCRIMINATEANYTYPE.D.TS.MAP",
    "cantidad_archivos": 2,
    "archivos_fuente": [
      "Library/CloudStorage/Dropbox/APPS HIPERFOCO.CL/AGENDAS CLINICAS CENTROS SALUD PUBLICOS Y PRIVADOS/agenda-clinica-interoperable/node_modules/@typescript-eslint/type-utils/dist/discriminateAnyType.d.ts.map",
      "Library/CloudStorage/Dropbox/APPS HIPERFOCO.CL/AGENDAS CLINICAS CENTROS SALUD PUBLICOS Y PRIVADOS/AGENDA CLINICA PORTABLE E INTEROPERAPLE/AGENDA CLI\u0301NICA INTEROPERABLE/agenda-clinica-interoperable/node_modules/@typescript-eslint/type-utils/dist/discriminateAnyType.d.ts.map"
    ],
    "ultima_modificacion": "2025-08-01 01:01:46.312934"
  },
  "builtinsymbollikes.d.ts.map": {
    "app_sintetizada": "BUILTINSYMBOLLIKES.D.TS.MAP",
    "cantidad_archivos": 2,
    "archivos_fuente": [
      "Library/CloudStorage/Dropbox/APPS HIPERFOCO.CL/AGENDAS CLINICAS CENTROS SALUD PUBLICOS Y PRIVADOS/agenda-clinica-interoperable/node_modules/@typescript-eslint/type-utils/dist/builtinSymbolLikes.d.ts.map",
      "Library/CloudStorage/Dropbox/APPS HIPERFOCO.CL/AGENDAS CLINICAS CENTROS SALUD PUBLICOS Y PRIVADOS/AGENDA CLINICA PORTABLE E INTEROPERAPLE/AGENDA CLI\u0301NICA INTEROPERABLE/agenda-clinica-interoperable/node_modules/@typescript-eslint/type-utils/dist/builtinSymbolLikes.d.ts.map"
    ],
    "ultima_modificacion": "2025-08-01 01:01:46.313323"
  },
  "typeflagutils.js": {
    "app_sintetizada": "TYPEFLAGUTILS.JS",
    "cantidad_archivos": 5,
    "archivos_fuente": [
      "Library/CloudStorage/Dropbox/APPS HIPERFOCO.CL/AGENDAS CLINICAS CENTROS SALUD PUBLICOS Y PRIVADOS/agenda-clinica-interoperable/node_modules/@typescript-eslint/type-utils/dist/typeFlagUtils.js",
      "Library/CloudStorage/Dropbox/APPS HIPERFOCO.CL/AGENDAS CLINICAS CENTROS SALUD PUBLICOS Y PRIVADOS/AGENDA CLINICA PORTABLE E INTEROPERAPLE/AGENDA CLI\u0301NICA INTEROPERABLE/agenda-clinica-interoperable/node_modules/@typescript-eslint/type-utils/dist/typeFlagUtils.js",
      "Library/CloudStorage/Dropbox/MENTALIA_BUTTON_INSTALLER_KIT_SIGNABLE/MENTALIA_LOCAL_DEPLOY/mentalia_memory_core/typeFlagUtils.js",
      "Library/CloudStorage/Dropbox/RSII/MENTALIA/MENTALIA_FULL_ACCESS_ENGINE_FINAL/mentalia_memory_core/typeFlagUtils.js",
      "Library/CloudStorage/Dropbox/RSII FINAL/mentalia_memory_core/typeFlagUtils.js"
    ],
    "ultima_modificacion": "2025-08-01 01:01:46.313615"
  },
  "containsalltypesbyname.js": {
    "app_sintetizada": "CONTAINSALLTYPESBYNAME.JS",
    "cantidad_archivos": 5,
    "archivos_fuente": [
      "Library/CloudStorage/Dropbox/APPS HIPERFOCO.CL/AGENDAS CLINICAS CENTROS SALUD PUBLICOS Y PRIVADOS/agenda-clinica-interoperable/node_modules/@typescript-eslint/type-utils/dist/containsAllTypesByName.js",
      "Library/CloudStorage/Dropbox/APPS HIPERFOCO.CL/AGENDAS CLINICAS CENTROS SALUD PUBLICOS Y PRIVADOS/AGENDA CLINICA PORTABLE E INTEROPERAPLE/AGENDA CLI\u0301NICA INTEROPERABLE/agenda-clinica-interoperable/node_modules/@typescript-eslint/type-utils/dist/containsAllTypesByName.js",
      "Library/CloudStorage/Dropbox/MENTALIA_BUTTON_INSTALLER_KIT_SIGNABLE/MENTALIA_LOCAL_DEPLOY/mentalia_memory_core/containsAllTypesByName.js",
      "Library/CloudStorage/Dropbox/RSII/MENTALIA/MENTALIA_FULL_ACCESS_ENGINE_FINAL/mentalia_memory_core/containsAllTypesByName.js",
      "Library/CloudStorage/Dropbox/RSII FINAL/mentalia_memory_core/containsAllTypesByName.js"
    ],
    "ultima_modificacion": "2025-08-01 01:01:46.314057"
  },
  "specifiernamematches.d.ts": {
    "app_sintetizada": "SPECIFIERNAMEMATCHES.D.TS",
    "cantidad_archivos": 2,
    "archivos_fuente": [
      "Library/CloudStorage/Dropbox/APPS HIPERFOCO.CL/AGENDAS CLINICAS CENTROS SALUD PUBLICOS Y PRIVADOS/agenda-clinica-interoperable/node_modules/@typescript-eslint/type-utils/dist/typeOrValueSpecifiers/specifierNameMatches.d.ts",
      "Library/CloudStorage/Dropbox/APPS HIPERFOCO.CL/AGENDAS CLINICAS CENTROS SALUD PUBLICOS Y PRIVADOS/AGENDA CLINICA PORTABLE E INTEROPERAPLE/AGENDA CLI\u0301NICA INTEROPERABLE/agenda-clinica-interoperable/node_modules/@typescript-eslint/type-utils/dist/typeOrValueSpecifiers/specifierNameMatches.d.ts"
    ],
    "ultima_modificacion": "2025-08-01 01:01:46.314428"
  },
  "specifiernamematches.js": {
    "app_sintetizada": "SPECIFIERNAMEMATCHES.JS",
    "cantidad_archivos": 5,
    "archivos_fuente": [
      "Library/CloudStorage/Dropbox/APPS HIPERFOCO.CL/AGENDAS CLINICAS CENTROS SALUD PUBLICOS Y PRIVADOS/agenda-clinica-interoperable/node_modules/@typescript-eslint/type-utils/dist/typeOrValueSpecifiers/specifierNameMatches.js",
      "Library/CloudStorage/Dropbox/APPS HIPERFOCO.CL/AGENDAS CLINICAS CENTROS SALUD PUBLICOS Y PRIVADOS/AGENDA CLINICA PORTABLE E INTEROPERAPLE/AGENDA CLI\u0301NICA INTEROPERABLE/agenda-clinica-interoperable/node_modules/@typescript-eslint/type-utils/dist/typeOrValueSpecifiers/specifierNameMatches.js",
      "Library/CloudStorage/Dropbox/MENTALIA_BUTTON_INSTALLER_KIT_SIGNABLE/MENTALIA_LOCAL_DEPLOY/mentalia_memory_core/specifierNameMatches.js",
      "Library/CloudStorage/Dropbox/RSII/MENTALIA/MENTALIA_FULL_ACCESS_ENGINE_FINAL/mentalia_memory_core/specifierNameMatches.js",
      "Library/CloudStorage/Dropbox/RSII FINAL/mentalia_memory_core/specifierNameMatches.js"
    ],
    "ultima_modificacion": "2025-08-01 01:01:46.314824"
  },
  "typedeclaredinfile.js": {
    "app_sintetizada": "TYPEDECLAREDINFILE.JS",
    "cantidad_archivos": 5,
    "archivos_fuente": [
      "Library/CloudStorage/Dropbox/APPS HIPERFOCO.CL/AGENDAS CLINICAS CENTROS SALUD PUBLICOS Y PRIVADOS/agenda-clinica-interoperable/node_modules/@typescript-eslint/type-utils/dist/typeOrValueSpecifiers/typeDeclaredInFile.js",
      "Library/CloudStorage/Dropbox/APPS HIPERFOCO.CL/AGENDAS CLINICAS CENTROS SALUD PUBLICOS Y PRIVADOS/AGENDA CLINICA PORTABLE E INTEROPERAPLE/AGENDA CLI\u0301NICA INTEROPERABLE/agenda-clinica-interoperable/node_modules/@typescript-eslint/type-utils/dist/typeOrValueSpecifiers/typeDeclaredInFile.js",
      "Library/CloudStorage/Dropbox/MENTALIA_BUTTON_INSTALLER_KIT_SIGNABLE/MENTALIA_LOCAL_DEPLOY/mentalia_memory_core/typeDeclaredInFile.js",
      "Library/CloudStorage/Dropbox/RSII/MENTALIA/MENTALIA_FULL_ACCESS_ENGINE_FINAL/mentalia_memory_core/typeDeclaredInFile.js",
      "Library/CloudStorage/Dropbox/RSII FINAL/mentalia_memory_core/typeDeclaredInFile.js"
    ],
    "ultima_modificacion": "2025-08-01 01:01:46.315393"
  },
  "typedeclaredinpackagedeclarationfile.d.ts.map": {
    "app_sintetizada": "TYPEDECLAREDINPACKAGEDECLARATIONFILE.D.TS.MAP",
    "cantidad_archivos": 2,
    "archivos_fuente": [
      "Library/CloudStorage/Dropbox/APPS HIPERFOCO.CL/AGENDAS CLINICAS CENTROS SALUD PUBLICOS Y PRIVADOS/agenda-clinica-interoperable/node_modules/@typescript-eslint/type-utils/dist/typeOrValueSpecifiers/typeDeclaredInPackageDeclarationFile.d.ts.map",
      "Library/CloudStorage/Dropbox/APPS HIPERFOCO.CL/AGENDAS CLINICAS CENTROS SALUD PUBLICOS Y PRIVADOS/AGENDA CLINICA PORTABLE E INTEROPERAPLE/AGENDA CLI\u0301NICA INTEROPERABLE/agenda-clinica-interoperable/node_modules/@typescript-eslint/type-utils/dist/typeOrValueSpecifiers/typeDeclaredInPackageDeclarationFile.d.ts.map"
    ],
    "ultima_modificacion": "2025-08-01 01:01:46.315719"
  },
  "typedeclaredinpackagedeclarationfile.d.ts": {
    "app_sintetizada": "TYPEDECLAREDINPACKAGEDECLARATIONFILE.D.TS",
    "cantidad_archivos": 2,
    "archivos_fuente": [
      "Library/CloudStorage/Dropbox/APPS HIPERFOCO.CL/AGENDAS CLINICAS CENTROS SALUD PUBLICOS Y PRIVADOS/agenda-clinica-interoperable/node_modules/@typescript-eslint/type-utils/dist/typeOrValueSpecifiers/typeDeclaredInPackageDeclarationFile.d.ts",
      "Library/CloudStorage/Dropbox/APPS HIPERFOCO.CL/AGENDAS CLINICAS CENTROS SALUD PUBLICOS Y PRIVADOS/AGENDA CLINICA PORTABLE E INTEROPERAPLE/AGENDA CLI\u0301NICA INTEROPERABLE/agenda-clinica-interoperable/node_modules/@typescript-eslint/type-utils/dist/typeOrValueSpecifiers/typeDeclaredInPackageDeclarationFile.d.ts"
    ],
    "ultima_modificacion": "2025-08-01 01:01:46.316052"
  },
  "typedeclaredinlib.d.ts": {
    "app_sintetizada": "TYPEDECLAREDINLIB.D.TS",
    "cantidad_archivos": 2,
    "archivos_fuente": [
      "Library/CloudStorage/Dropbox/APPS HIPERFOCO.CL/AGENDAS CLINICAS CENTROS SALUD PUBLICOS Y PRIVADOS/agenda-clinica-interoperable/node_modules/@typescript-eslint/type-utils/dist/typeOrValueSpecifiers/typeDeclaredInLib.d.ts",
      "Library/CloudStorage/Dropbox/APPS HIPERFOCO.CL/AGENDAS CLINICAS CENTROS SALUD PUBLICOS Y PRIVADOS/AGENDA CLINICA PORTABLE E INTEROPERAPLE/AGENDA CLI\u0301NICA INTEROPERABLE/agenda-clinica-interoperable/node_modules/@typescript-eslint/type-utils/dist/typeOrValueSpecifiers/typeDeclaredInLib.d.ts"
    ],
    "ultima_modificacion": "2025-08-01 01:01:46.316315"
  },
  "typedeclaredinlib.d.ts.map": {
    "app_sintetizada": "TYPEDECLAREDINLIB.D.TS.MAP",
    "cantidad_archivos": 2,
    "archivos_fuente": [
      "Library/CloudStorage/Dropbox/APPS HIPERFOCO.CL/AGENDAS CLINICAS CENTROS SALUD PUBLICOS Y PRIVADOS/agenda-clinica-interoperable/node_modules/@typescript-eslint/type-utils/dist/typeOrValueSpecifiers/typeDeclaredInLib.d.ts.map",
      "Library/CloudStorage/Dropbox/APPS HIPERFOCO.CL/AGENDAS CLINICAS CENTROS SALUD PUBLICOS Y PRIVADOS/AGENDA CLINICA PORTABLE E INTEROPERAPLE/AGENDA CLI\u0301NICA INTEROPERABLE/agenda-clinica-interoperable/node_modules/@typescript-eslint/type-utils/dist/typeOrValueSpecifiers/typeDeclaredInLib.d.ts.map"
    ],
    "ultima_modificacion": "2025-08-01 01:01:46.316755"
  },
  "typedeclaredinfile.d.ts.map": {
    "app_sintetizada": "TYPEDECLAREDINFILE.D.TS.MAP",
    "cantidad_archivos": 2,
    "archivos_fuente": [
      "Library/CloudStorage/Dropbox/APPS HIPERFOCO.CL/AGENDAS CLINICAS CENTROS SALUD PUBLICOS Y PRIVADOS/agenda-clinica-interoperable/node_modules/@typescript-eslint/type-utils/dist/typeOrValueSpecifiers/typeDeclaredInFile.d.ts.map",
      "Library/CloudStorage/Dropbox/APPS HIPERFOCO.CL/AGENDAS CLINICAS CENTROS SALUD PUBLICOS Y PRIVADOS/AGENDA CLINICA PORTABLE E INTEROPERAPLE/AGENDA CLI\u0301NICA INTEROPERABLE/agenda-clinica-interoperable/node_modules/@typescript-eslint/type-utils/dist/typeOrValueSpecifiers/typeDeclaredInFile.d.ts.map"
    ],
    "ultima_modificacion": "2025-08-01 01:01:46.316985"
  },
  "typedeclaredinfile.d.ts": {
    "app_sintetizada": "TYPEDECLAREDINFILE.D.TS",
    "cantidad_archivos": 2,
    "archivos_fuente": [
      "Library/CloudStorage/Dropbox/APPS HIPERFOCO.CL/AGENDAS CLINICAS CENTROS SALUD PUBLICOS Y PRIVADOS/agenda-clinica-interoperable/node_modules/@typescript-eslint/type-utils/dist/typeOrValueSpecifiers/typeDeclaredInFile.d.ts",
      "Library/CloudStorage/Dropbox/APPS HIPERFOCO.CL/AGENDAS CLINICAS CENTROS SALUD PUBLICOS Y PRIVADOS/AGENDA CLINICA PORTABLE E INTEROPERAPLE/AGENDA CLI\u0301NICA INTEROPERABLE/agenda-clinica-interoperable/node_modules/@typescript-eslint/type-utils/dist/typeOrValueSpecifiers/typeDeclaredInFile.d.ts"
    ],
    "ultima_modificacion": "2025-08-01 01:01:46.317264"
  },
  "specifiernamematches.d.ts.map": {
    "app_sintetizada": "SPECIFIERNAMEMATCHES.D.TS.MAP",
    "cantidad_archivos": 2,
    "archivos_fuente": [
      "Library/CloudStorage/Dropbox/APPS HIPERFOCO.CL/AGENDAS CLINICAS CENTROS SALUD PUBLICOS Y PRIVADOS/agenda-clinica-interoperable/node_modules/@typescript-eslint/type-utils/dist/typeOrValueSpecifiers/specifierNameMatches.d.ts.map",
      "Library/CloudStorage/Dropbox/APPS HIPERFOCO.CL/AGENDAS CLINICAS CENTROS SALUD PUBLICOS Y PRIVADOS/AGENDA CLINICA PORTABLE E INTEROPERAPLE/AGENDA CLI\u0301NICA INTEROPERABLE/agenda-clinica-interoperable/node_modules/@typescript-eslint/type-utils/dist/typeOrValueSpecifiers/specifierNameMatches.d.ts.map"
    ],
    "ultima_modificacion": "2025-08-01 01:01:46.317623"
  },
  "typedeclaredinpackagedeclarationfile.js": {
    "app_sintetizada": "TYPEDECLAREDINPACKAGEDECLARATIONFILE.JS",
    "cantidad_archivos": 5,
    "archivos_fuente": [
      "Library/CloudStorage/Dropbox/APPS HIPERFOCO.CL/AGENDAS CLINICAS CENTROS SALUD PUBLICOS Y PRIVADOS/agenda-clinica-interoperable/node_modules/@typescript-eslint/type-utils/dist/typeOrValueSpecifiers/typeDeclaredInPackageDeclarationFile.js",
      "Library/CloudStorage/Dropbox/APPS HIPERFOCO.CL/AGENDAS CLINICAS CENTROS SALUD PUBLICOS Y PRIVADOS/AGENDA CLINICA PORTABLE E INTEROPERAPLE/AGENDA CLI\u0301NICA INTEROPERABLE/agenda-clinica-interoperable/node_modules/@typescript-eslint/type-utils/dist/typeOrValueSpecifiers/typeDeclaredInPackageDeclarationFile.js",
      "Library/CloudStorage/Dropbox/MENTALIA_BUTTON_INSTALLER_KIT_SIGNABLE/MENTALIA_LOCAL_DEPLOY/mentalia_memory_core/typeDeclaredInPackageDeclarationFile.js",
      "Library/CloudStorage/Dropbox/RSII/MENTALIA/MENTALIA_FULL_ACCESS_ENGINE_FINAL/mentalia_memory_core/typeDeclaredInPackageDeclarationFile.js",
      "Library/CloudStorage/Dropbox/RSII FINAL/mentalia_memory_core/typeDeclaredInPackageDeclarationFile.js"
    ],
    "ultima_modificacion": "2025-08-01 01:01:46.317896"
  },
  "typedeclaredinlib.js": {
    "app_sintetizada": "TYPEDECLAREDINLIB.JS",
    "cantidad_archivos": 5,
    "archivos_fuente": [
      "Library/CloudStorage/Dropbox/APPS HIPERFOCO.CL/AGENDAS CLINICAS CENTROS SALUD PUBLICOS Y PRIVADOS/agenda-clinica-interoperable/node_modules/@typescript-eslint/type-utils/dist/typeOrValueSpecifiers/typeDeclaredInLib.js",
      "Library/CloudStorage/Dropbox/APPS HIPERFOCO.CL/AGENDAS CLINICAS CENTROS SALUD PUBLICOS Y PRIVADOS/AGENDA CLINICA PORTABLE E INTEROPERAPLE/AGENDA CLI\u0301NICA INTEROPERABLE/agenda-clinica-interoperable/node_modules/@typescript-eslint/type-utils/dist/typeOrValueSpecifiers/typeDeclaredInLib.js",
      "Library/CloudStorage/Dropbox/MENTALIA_BUTTON_INSTALLER_KIT_SIGNABLE/MENTALIA_LOCAL_DEPLOY/mentalia_memory_core/typeDeclaredInLib.js",
      "Library/CloudStorage/Dropbox/RSII/MENTALIA/MENTALIA_FULL_ACCESS_ENGINE_FINAL/mentalia_memory_core/typeDeclaredInLib.js",
      "Library/CloudStorage/Dropbox/RSII FINAL/mentalia_memory_core/typeDeclaredInLib.js"
    ],
    "ultima_modificacion": "2025-08-01 01:01:46.318176"
  },
  "id.d.ts.map": {
    "app_sintetizada": "ID.D.TS.MAP",
    "cantidad_archivos": 2,
    "archivos_fuente": [
      "Library/CloudStorage/Dropbox/APPS HIPERFOCO.CL/AGENDAS CLINICAS CENTROS SALUD PUBLICOS Y PRIVADOS/agenda-clinica-interoperable/node_modules/@typescript-eslint/scope-manager/dist/ID.d.ts.map",
      "Library/CloudStorage/Dropbox/APPS HIPERFOCO.CL/AGENDAS CLINICAS CENTROS SALUD PUBLICOS Y PRIVADOS/AGENDA CLINICA PORTABLE E INTEROPERAPLE/AGENDA CLI\u0301NICA INTEROPERABLE/agenda-clinica-interoperable/node_modules/@typescript-eslint/scope-manager/dist/ID.d.ts.map"
    ],
    "ultima_modificacion": "2025-08-01 01:01:46.318491"
  },
  "analyze.d.ts.map": {
    "app_sintetizada": "ANALYZE.D.TS.MAP",
    "cantidad_archivos": 2,
    "archivos_fuente": [
      "Library/CloudStorage/Dropbox/APPS HIPERFOCO.CL/AGENDAS CLINICAS CENTROS SALUD PUBLICOS Y PRIVADOS/agenda-clinica-interoperable/node_modules/@typescript-eslint/scope-manager/dist/analyze.d.ts.map",
      "Library/CloudStorage/Dropbox/APPS HIPERFOCO.CL/AGENDAS CLINICAS CENTROS SALUD PUBLICOS Y PRIVADOS/AGENDA CLINICA PORTABLE E INTEROPERAPLE/AGENDA CLI\u0301NICA INTEROPERABLE/agenda-clinica-interoperable/node_modules/@typescript-eslint/scope-manager/dist/analyze.d.ts.map"
    ],
    "ultima_modificacion": "2025-08-01 01:01:46.318839"
  },
  "analyze.d.ts": {
    "app_sintetizada": "ANALYZE.D.TS",
    "cantidad_archivos": 2,
    "archivos_fuente": [
      "Library/CloudStorage/Dropbox/APPS HIPERFOCO.CL/AGENDAS CLINICAS CENTROS SALUD PUBLICOS Y PRIVADOS/agenda-clinica-interoperable/node_modules/@typescript-eslint/scope-manager/dist/analyze.d.ts",
      "Library/CloudStorage/Dropbox/APPS HIPERFOCO.CL/AGENDAS CLINICAS CENTROS SALUD PUBLICOS Y PRIVADOS/AGENDA CLINICA PORTABLE E INTEROPERAPLE/AGENDA CLI\u0301NICA INTEROPERABLE/agenda-clinica-interoperable/node_modules/@typescript-eslint/scope-manager/dist/analyze.d.ts"
    ],
    "ultima_modificacion": "2025-08-01 01:01:46.319118"
  },
  "scopemanager.d.ts.map": {
    "app_sintetizada": "SCOPEMANAGER.D.TS.MAP",
    "cantidad_archivos": 2,
    "archivos_fuente": [
      "Library/CloudStorage/Dropbox/APPS HIPERFOCO.CL/AGENDAS CLINICAS CENTROS SALUD PUBLICOS Y PRIVADOS/agenda-clinica-interoperable/node_modules/@typescript-eslint/scope-manager/dist/ScopeManager.d.ts.map",
      "Library/CloudStorage/Dropbox/APPS HIPERFOCO.CL/AGENDAS CLINICAS CENTROS SALUD PUBLICOS Y PRIVADOS/AGENDA CLINICA PORTABLE E INTEROPERAPLE/AGENDA CLI\u0301NICA INTEROPERABLE/agenda-clinica-interoperable/node_modules/@typescript-eslint/scope-manager/dist/ScopeManager.d.ts.map"
    ],
    "ultima_modificacion": "2025-08-01 01:01:46.319381"
  },
  "scopemanager.d.ts": {
    "app_sintetizada": "SCOPEMANAGER.D.TS",
    "cantidad_archivos": 2,
    "archivos_fuente": [
      "Library/CloudStorage/Dropbox/APPS HIPERFOCO.CL/AGENDAS CLINICAS CENTROS SALUD PUBLICOS Y PRIVADOS/agenda-clinica-interoperable/node_modules/@typescript-eslint/scope-manager/dist/ScopeManager.d.ts",
      "Library/CloudStorage/Dropbox/APPS HIPERFOCO.CL/AGENDAS CLINICAS CENTROS SALUD PUBLICOS Y PRIVADOS/AGENDA CLINICA PORTABLE E INTEROPERAPLE/AGENDA CLI\u0301NICA INTEROPERABLE/agenda-clinica-interoperable/node_modules/@typescript-eslint/scope-manager/dist/ScopeManager.d.ts"
    ],
    "ultima_modificacion": "2025-08-01 01:01:46.319699"
  },
  "id.js": {
    "app_sintetizada": "ID.JS",
    "cantidad_archivos": 7,
    "archivos_fuente": [
      "Library/CloudStorage/Dropbox/APPS HIPERFOCO.CL/AGENDAS CLINICAS CENTROS SALUD PUBLICOS Y PRIVADOS/agenda-clinica-interoperable/node_modules/@typescript-eslint/scope-manager/dist/ID.js",
      "Library/CloudStorage/Dropbox/APPS HIPERFOCO.CL/AGENDAS CLINICAS CENTROS SALUD PUBLICOS Y PRIVADOS/agenda-clinica-interoperable/node_modules/caniuse-lite/data/regions/ID.js",
      "Library/CloudStorage/Dropbox/APPS HIPERFOCO.CL/AGENDAS CLINICAS CENTROS SALUD PUBLICOS Y PRIVADOS/AGENDA CLINICA PORTABLE E INTEROPERAPLE/AGENDA CLI\u0301NICA INTEROPERABLE/agenda-clinica-interoperable/node_modules/@typescript-eslint/scope-manager/dist/ID.js",
      "Library/CloudStorage/Dropbox/APPS HIPERFOCO.CL/AGENDAS CLINICAS CENTROS SALUD PUBLICOS Y PRIVADOS/AGENDA CLINICA PORTABLE E INTEROPERAPLE/AGENDA CLI\u0301NICA INTEROPERABLE/agenda-clinica-interoperable/node_modules/caniuse-lite/data/regions/ID.js",
      "Library/CloudStorage/Dropbox/MENTALIA_BUTTON_INSTALLER_KIT_SIGNABLE/MENTALIA_LOCAL_DEPLOY/mentalia_memory_core/ID.js",
      "Library/CloudStorage/Dropbox/RSII/MENTALIA/MENTALIA_FULL_ACCESS_ENGINE_FINAL/mentalia_memory_core/ID.js",
      "Library/CloudStorage/Dropbox/RSII FINAL/mentalia_memory_core/ID.js"
    ],
    "ultima_modificacion": "2025-08-01 01:01:46.319979"
  },
  "analyze.js": {
    "app_sintetizada": "ANALYZE.JS",
    "cantidad_archivos": 5,
    "archivos_fuente": [
      "Library/CloudStorage/Dropbox/APPS HIPERFOCO.CL/AGENDAS CLINICAS CENTROS SALUD PUBLICOS Y PRIVADOS/agenda-clinica-interoperable/node_modules/@typescript-eslint/scope-manager/dist/analyze.js",
      "Library/CloudStorage/Dropbox/APPS HIPERFOCO.CL/AGENDAS CLINICAS CENTROS SALUD PUBLICOS Y PRIVADOS/AGENDA CLINICA PORTABLE E INTEROPERAPLE/AGENDA CLI\u0301NICA INTEROPERABLE/agenda-clinica-interoperable/node_modules/@typescript-eslint/scope-manager/dist/analyze.js",
      "Library/CloudStorage/Dropbox/MENTALIA_BUTTON_INSTALLER_KIT_SIGNABLE/MENTALIA_LOCAL_DEPLOY/mentalia_memory_core/analyze.js",
      "Library/CloudStorage/Dropbox/RSII/MENTALIA/MENTALIA_FULL_ACCESS_ENGINE_FINAL/mentalia_memory_core/analyze.js",
      "Library/CloudStorage/Dropbox/RSII FINAL/mentalia_memory_core/analyze.js"
    ],
    "ultima_modificacion": "2025-08-01 01:01:46.320253"
  },
  "id.d.ts": {
    "app_sintetizada": "ID.D.TS",
    "cantidad_archivos": 2,
    "archivos_fuente": [
      "Library/CloudStorage/Dropbox/APPS HIPERFOCO.CL/AGENDAS CLINICAS CENTROS SALUD PUBLICOS Y PRIVADOS/agenda-clinica-interoperable/node_modules/@typescript-eslint/scope-manager/dist/ID.d.ts",
      "Library/CloudStorage/Dropbox/APPS HIPERFOCO.CL/AGENDAS CLINICAS CENTROS SALUD PUBLICOS Y PRIVADOS/AGENDA CLINICA PORTABLE E INTEROPERAPLE/AGENDA CLI\u0301NICA INTEROPERABLE/agenda-clinica-interoperable/node_modules/@typescript-eslint/scope-manager/dist/ID.d.ts"
    ],
    "ultima_modificacion": "2025-08-01 01:01:46.320552"
  },
  "assert.d.ts.map": {
    "app_sintetizada": "ASSERT.D.TS.MAP",
    "cantidad_archivos": 2,
    "archivos_fuente": [
      "Library/CloudStorage/Dropbox/APPS HIPERFOCO.CL/AGENDAS CLINICAS CENTROS SALUD PUBLICOS Y PRIVADOS/agenda-clinica-interoperable/node_modules/@typescript-eslint/scope-manager/dist/assert.d.ts.map",
      "Library/CloudStorage/Dropbox/APPS HIPERFOCO.CL/AGENDAS CLINICAS CENTROS SALUD PUBLICOS Y PRIVADOS/AGENDA CLINICA PORTABLE E INTEROPERAPLE/AGENDA CLI\u0301NICA INTEROPERABLE/agenda-clinica-interoperable/node_modules/@typescript-eslint/scope-manager/dist/assert.d.ts.map"
    ],
    "ultima_modificacion": "2025-08-01 01:01:46.320809"
  },
  "variablebase.d.ts.map": {
    "app_sintetizada": "VARIABLEBASE.D.TS.MAP",
    "cantidad_archivos": 2,
    "archivos_fuente": [
      "Library/CloudStorage/Dropbox/APPS HIPERFOCO.CL/AGENDAS CLINICAS CENTROS SALUD PUBLICOS Y PRIVADOS/agenda-clinica-interoperable/node_modules/@typescript-eslint/scope-manager/dist/variable/VariableBase.d.ts.map",
      "Library/CloudStorage/Dropbox/APPS HIPERFOCO.CL/AGENDAS CLINICAS CENTROS SALUD PUBLICOS Y PRIVADOS/AGENDA CLINICA PORTABLE E INTEROPERAPLE/AGENDA CLI\u0301NICA INTEROPERABLE/agenda-clinica-interoperable/node_modules/@typescript-eslint/scope-manager/dist/variable/VariableBase.d.ts.map"
    ],
    "ultima_modificacion": "2025-08-01 01:01:46.321084"
  },
  "variable.d.ts.map": {
    "app_sintetizada": "VARIABLE.D.TS.MAP",
    "cantidad_archivos": 4,
    "archivos_fuente": [
      "Library/CloudStorage/Dropbox/APPS HIPERFOCO.CL/AGENDAS CLINICAS CENTROS SALUD PUBLICOS Y PRIVADOS/agenda-clinica-interoperable/node_modules/@typescript-eslint/scope-manager/dist/variable/Variable.d.ts.map",
      "Library/CloudStorage/Dropbox/APPS HIPERFOCO.CL/AGENDAS CLINICAS CENTROS SALUD PUBLICOS Y PRIVADOS/agenda-clinica-interoperable/node_modules/eslint-plugin-react/lib/util/variable.d.ts.map",
      "Library/CloudStorage/Dropbox/APPS HIPERFOCO.CL/AGENDAS CLINICAS CENTROS SALUD PUBLICOS Y PRIVADOS/AGENDA CLINICA PORTABLE E INTEROPERAPLE/AGENDA CLI\u0301NICA INTEROPERABLE/agenda-clinica-interoperable/node_modules/@typescript-eslint/scope-manager/dist/variable/Variable.d.ts.map",
      "Library/CloudStorage/Dropbox/APPS HIPERFOCO.CL/AGENDAS CLINICAS CENTROS SALUD PUBLICOS Y PRIVADOS/AGENDA CLINICA PORTABLE E INTEROPERAPLE/AGENDA CLI\u0301NICA INTEROPERABLE/agenda-clinica-interoperable/node_modules/eslint-plugin-react/lib/util/variable.d.ts.map"
    ],
    "ultima_modificacion": "2025-08-01 01:01:46.321341"
  },
  "variable.d.ts": {
    "app_sintetizada": "VARIABLE.D.TS",
    "cantidad_archivos": 4,
    "archivos_fuente": [
      "Library/CloudStorage/Dropbox/APPS HIPERFOCO.CL/AGENDAS CLINICAS CENTROS SALUD PUBLICOS Y PRIVADOS/agenda-clinica-interoperable/node_modules/@typescript-eslint/scope-manager/dist/variable/Variable.d.ts",
      "Library/CloudStorage/Dropbox/APPS HIPERFOCO.CL/AGENDAS CLINICAS CENTROS SALUD PUBLICOS Y PRIVADOS/agenda-clinica-interoperable/node_modules/eslint-plugin-react/lib/util/variable.d.ts",
      "Library/CloudStorage/Dropbox/APPS HIPERFOCO.CL/AGENDAS CLINICAS CENTROS SALUD PUBLICOS Y PRIVADOS/AGENDA CLINICA PORTABLE E INTEROPERAPLE/AGENDA CLI\u0301NICA INTEROPERABLE/agenda-clinica-interoperable/node_modules/@typescript-eslint/scope-manager/dist/variable/Variable.d.ts",
      "Library/CloudStorage/Dropbox/APPS HIPERFOCO.CL/AGENDAS CLINICAS CENTROS SALUD PUBLICOS Y PRIVADOS/AGENDA CLINICA PORTABLE E INTEROPERAPLE/AGENDA CLI\u0301NICA INTEROPERABLE/agenda-clinica-interoperable/node_modules/eslint-plugin-react/lib/util/variable.d.ts"
    ],
    "ultima_modificacion": "2025-08-01 01:01:46.321598"
  }
}