{
  "7b09c9cd62677cc30": {
    "app_sintetizada": "7B09C9CD62677CC30",
    "cantidad_archivos": 1,
    "archivos_fuente": [
      "Library/Caches/Google/Chrome/Default/Cache/Cache_Data/7b09c9cd62677cc3_0"
    ],
    "ultima_modificacion": "2025-08-01 01:02:00.269116"
  },
  "8eb3798e476d43680": {
    "app_sintetizada": "8EB3798E476D43680",
    "cantidad_archivos": 1,
    "archivos_fuente": [
      "Library/Caches/Google/Chrome/Default/Cache/Cache_Data/8eb3798e476d4368_0"
    ],
    "ultima_modificacion": "2025-08-01 01:02:00.269594"
  },
  "bedc8c314362666d0": {
    "app_sintetizada": "BEDC8C314362666D0",
    "cantidad_archivos": 1,
    "archivos_fuente": [
      "Library/Caches/Google/Chrome/Default/Cache/Cache_Data/bedc8c314362666d_0"
    ],
    "ultima_modificacion": "2025-08-01 01:02:00.269912"
  },
  "da6d00421427fea00": {
    "app_sintetizada": "DA6D00421427FEA00",
    "cantidad_archivos": 1,
    "archivos_fuente": [
      "Library/Caches/Google/Chrome/Default/Cache/Cache_Data/da6d00421427fea0_0"
    ],
    "ultima_modificacion": "2025-08-01 01:02:00.270487"
  },
  "f37599e88e92418b0": {
    "app_sintetizada": "F37599E88E92418B0",
    "cantidad_archivos": 1,
    "archivos_fuente": [
      "Library/Caches/Google/Chrome/Default/Cache/Cache_Data/f37599e88e92418b_0"
    ],
    "ultima_modificacion": "2025-08-01 01:02:00.270773"
  },
  "fbc49aa2f389371f0": {
    "app_sintetizada": "FBC49AA2F389371F0",
    "cantidad_archivos": 1,
    "archivos_fuente": [
      "Library/Caches/Google/Chrome/Default/Cache/Cache_Data/fbc49aa2f389371f_0"
    ],
    "ultima_modificacion": "2025-08-01 01:02:00.271078"
  },
  "fc568029d8356d5a0": {
    "app_sintetizada": "FC568029D8356D5A0",
    "cantidad_archivos": 1,
    "archivos_fuente": [
      "Library/Caches/Google/Chrome/Default/Cache/Cache_Data/fc568029d8356d5a_0"
    ],
    "ultima_modificacion": "2025-08-01 01:02:00.271440"
  },
  "7bb79c06c383ebf30": {
    "app_sintetizada": "7BB79C06C383EBF30",
    "cantidad_archivos": 1,
    "archivos_fuente": [
      "Library/Caches/Google/Chrome/Default/Cache/Cache_Data/7bb79c06c383ebf3_0"
    ],
    "ultima_modificacion": "2025-08-01 01:02:00.271810"
  },
  "cc9e847d6b636aa80": {
    "app_sintetizada": "CC9E847D6B636AA80",
    "cantidad_archivos": 1,
    "archivos_fuente": [
      "Library/Caches/Google/Chrome/Default/Cache/Cache_Data/cc9e847d6b636aa8_0"
    ],
    "ultima_modificacion": "2025-08-01 01:02:00.272106"
  },
  "67a2ba21c1dfd86a0": {
    "app_sintetizada": "67A2BA21C1DFD86A0",
    "cantidad_archivos": 1,
    "archivos_fuente": [
      "Library/Caches/Google/Chrome/Default/Cache/Cache_Data/67a2ba21c1dfd86a_0"
    ],
    "ultima_modificacion": "2025-08-01 01:02:00.272350"
  },
  "fba46e3e313c901e0": {
    "app_sintetizada": "FBA46E3E313C901E0",
    "cantidad_archivos": 1,
    "archivos_fuente": [
      "Library/Caches/Google/Chrome/Default/Cache/Cache_Data/fba46e3e313c901e_0"
    ],
    "ultima_modificacion": "2025-08-01 01:02:00.272611"
  },
  "72c1ea25ea42b0960": {
    "app_sintetizada": "72C1EA25EA42B0960",
    "cantidad_archivos": 1,
    "archivos_fuente": [
      "Library/Caches/Google/Chrome/Default/Cache/Cache_Data/72c1ea25ea42b096_0"
    ],
    "ultima_modificacion": "2025-08-01 01:02:00.272958"
  },
  "38056ee3b801762e0": {
    "app_sintetizada": "38056EE3B801762E0",
    "cantidad_archivos": 1,
    "archivos_fuente": [
      "Library/Caches/Google/Chrome/Default/Cache/Cache_Data/38056ee3b801762e_0"
    ],
    "ultima_modificacion": "2025-08-01 01:02:00.273214"
  },
  "5361ccaffc81cd830": {
    "app_sintetizada": "5361CCAFFC81CD830",
    "cantidad_archivos": 1,
    "archivos_fuente": [
      "Library/Caches/Google/Chrome/Default/Cache/Cache_Data/5361ccaffc81cd83_0"
    ],
    "ultima_modificacion": "2025-08-01 01:02:00.273460"
  },
  "9b35c7749e8052700": {
    "app_sintetizada": "9B35C7749E8052700",
    "cantidad_archivos": 1,
    "archivos_fuente": [
      "Library/Caches/Google/Chrome/Default/Cache/Cache_Data/9b35c7749e805270_0"
    ],
    "ultima_modificacion": "2025-08-01 01:02:00.273707"
  },
  "5cb8fc13e42f99220": {
    "app_sintetizada": "5CB8FC13E42F99220",
    "cantidad_archivos": 1,
    "archivos_fuente": [
      "Library/Caches/Google/Chrome/Default/Cache/Cache_Data/5cb8fc13e42f9922_0"
    ],
    "ultima_modificacion": "2025-08-01 01:02:00.273953"
  },
  "72f34dfdccde15240": {
    "app_sintetizada": "72F34DFDCCDE15240",
    "cantidad_archivos": 1,
    "archivos_fuente": [
      "Library/Caches/Google/Chrome/Default/Cache/Cache_Data/72f34dfdccde1524_0"
    ],
    "ultima_modificacion": "2025-08-01 01:02:00.274198"
  },
  "0aaadca16d3e55bb0": {
    "app_sintetizada": "0AAADCA16D3E55BB0",
    "cantidad_archivos": 1,
    "archivos_fuente": [
      "Library/Caches/Google/Chrome/Default/Cache/Cache_Data/0aaadca16d3e55bb_0"
    ],
    "ultima_modificacion": "2025-08-01 01:02:00.274448"
  },
  "919db67997d7facf0": {
    "app_sintetizada": "919DB67997D7FACF0",
    "cantidad_archivos": 1,
    "archivos_fuente": [
      "Library/Caches/Google/Chrome/Default/Cache/Cache_Data/919db67997d7facf_0"
    ],
    "ultima_modificacion": "2025-08-01 01:02:00.274733"
  },
  "a8d698a627276e530": {
    "app_sintetizada": "A8D698A627276E530",
    "cantidad_archivos": 1,
    "archivos_fuente": [
      "Library/Caches/Google/Chrome/Default/Cache/Cache_Data/a8d698a627276e53_0"
    ],
    "ultima_modificacion": "2025-08-01 01:02:00.274987"
  },
  "4fc848be366994e10": {
    "app_sintetizada": "4FC848BE366994E10",
    "cantidad_archivos": 1,
    "archivos_fuente": [
      "Library/Caches/Google/Chrome/Default/Cache/Cache_Data/4fc848be366994e1_0"
    ],
    "ultima_modificacion": "2025-08-01 01:02:00.275275"
  },
  "5583fcecec4738200": {
    "app_sintetizada": "5583FCECEC4738200",
    "cantidad_archivos": 1,
    "archivos_fuente": [
      "Library/Caches/Google/Chrome/Default/Cache/Cache_Data/5583fcecec473820_0"
    ],
    "ultima_modificacion": "2025-08-01 01:02:00.275517"
  },
  "e073aa4642ff57da0": {
    "app_sintetizada": "E073AA4642FF57DA0",
    "cantidad_archivos": 1,
    "archivos_fuente": [
      "Library/Caches/Google/Chrome/Default/Cache/Cache_Data/e073aa4642ff57da_0"
    ],
    "ultima_modificacion": "2025-08-01 01:02:00.275874"
  },
  "a5ebf2f6507754da0": {
    "app_sintetizada": "A5EBF2F6507754DA0",
    "cantidad_archivos": 1,
    "archivos_fuente": [
      "Library/Caches/Google/Chrome/Default/Cache/Cache_Data/a5ebf2f6507754da_0"
    ],
    "ultima_modificacion": "2025-08-01 01:02:00.276216"
  },
  "c61e6447a0b18a740": {
    "app_sintetizada": "C61E6447A0B18A740",
    "cantidad_archivos": 1,
    "archivos_fuente": [
      "Library/Caches/Google/Chrome/Default/Cache/Cache_Data/c61e6447a0b18a74_0"
    ],
    "ultima_modificacion": "2025-08-01 01:02:00.276488"
  },
  "b2637142616451650": {
    "app_sintetizada": "B2637142616451650",
    "cantidad_archivos": 1,
    "archivos_fuente": [
      "Library/Caches/Google/Chrome/Default/Cache/Cache_Data/b263714261645165_0"
    ],
    "ultima_modificacion": "2025-08-01 01:02:00.276789"
  },
  "3c8fe8619ff359930": {
    "app_sintetizada": "3C8FE8619FF359930",
    "cantidad_archivos": 1,
    "archivos_fuente": [
      "Library/Caches/Google/Chrome/Default/Cache/Cache_Data/3c8fe8619ff35993_0"
    ],
    "ultima_modificacion": "2025-08-01 01:02:00.277050"
  },
  "fd13209beb5d77ef0": {
    "app_sintetizada": "FD13209BEB5D77EF0",
    "cantidad_archivos": 1,
    "archivos_fuente": [
      "Library/Caches/Google/Chrome/Default/Cache/Cache_Data/fd13209beb5d77ef_0"
    ],
    "ultima_modificacion": "2025-08-01 01:02:00.277553"
  },
  "278d86d8d5d2be5b0": {
    "app_sintetizada": "278D86D8D5D2BE5B0",
    "cantidad_archivos": 1,
    "archivos_fuente": [
      "Library/Caches/Google/Chrome/Default/Cache/Cache_Data/278d86d8d5d2be5b_0"
    ],
    "ultima_modificacion": "2025-08-01 01:02:00.277891"
  },
  "a5d8485be09b8fa40": {
    "app_sintetizada": "A5D8485BE09B8FA40",
    "cantidad_archivos": 1,
    "archivos_fuente": [
      "Library/Caches/Google/Chrome/Default/Cache/Cache_Data/a5d8485be09b8fa4_0"
    ],
    "ultima_modificacion": "2025-08-01 01:02:00.278333"
  },
  "cfbecbe403ac8c120": {
    "app_sintetizada": "CFBECBE403AC8C120",
    "cantidad_archivos": 1,
    "archivos_fuente": [
      "Library/Caches/Google/Chrome/Default/Cache/Cache_Data/cfbecbe403ac8c12_0"
    ],
    "ultima_modificacion": "2025-08-01 01:02:00.278635"
  },
  "1d4bef5b4767c2bf0": {
    "app_sintetizada": "1D4BEF5B4767C2BF0",
    "cantidad_archivos": 1,
    "archivos_fuente": [
      "Library/Caches/Google/Chrome/Default/Cache/Cache_Data/1d4bef5b4767c2bf_0"
    ],
    "ultima_modificacion": "2025-08-01 01:02:00.278879"
  },
  "b51313249406dc140": {
    "app_sintetizada": "B51313249406DC140",
    "cantidad_archivos": 1,
    "archivos_fuente": [
      "Library/Caches/Google/Chrome/Default/Cache/Cache_Data/b51313249406dc14_0"
    ],
    "ultima_modificacion": "2025-08-01 01:02:00.279121"
  },
  "78c471375eaeee430": {
    "app_sintetizada": "78C471375EAEEE430",
    "cantidad_archivos": 1,
    "archivos_fuente": [
      "Library/Caches/Google/Chrome/Default/Cache/Cache_Data/78c471375eaeee43_0"
    ],
    "ultima_modificacion": "2025-08-01 01:02:00.279356"
  },
  "4b7f4afdfe88374f0": {
    "app_sintetizada": "4B7F4AFDFE88374F0",
    "cantidad_archivos": 1,
    "archivos_fuente": [
      "Library/Caches/Google/Chrome/Default/Cache/Cache_Data/4b7f4afdfe88374f_0"
    ],
    "ultima_modificacion": "2025-08-01 01:02:00.279599"
  },
  "97d7ae4a9a51947b0": {
    "app_sintetizada": "97D7AE4A9A51947B0",
    "cantidad_archivos": 1,
    "archivos_fuente": [
      "Library/Caches/Google/Chrome/Default/Cache/Cache_Data/97d7ae4a9a51947b_0"
    ],
    "ultima_modificacion": "2025-08-01 01:02:00.279984"
  },
  "42930662a81692dd0": {
    "app_sintetizada": "42930662A81692DD0",
    "cantidad_archivos": 1,
    "archivos_fuente": [
      "Library/Caches/Google/Chrome/Default/Cache/Cache_Data/42930662a81692dd_0"
    ],
    "ultima_modificacion": "2025-08-01 01:02:00.280261"
  },
  "75d103804ac51a840": {
    "app_sintetizada": "75D103804AC51A840",
    "cantidad_archivos": 1,
    "archivos_fuente": [
      "Library/Caches/Google/Chrome/Default/Cache/Cache_Data/75d103804ac51a84_0"
    ],
    "ultima_modificacion": "2025-08-01 01:02:00.280491"
  },
  "0172eb403be42b010": {
    "app_sintetizada": "0172EB403BE42B010",
    "cantidad_archivos": 1,
    "archivos_fuente": [
      "Library/Caches/Google/Chrome/Default/Cache/Cache_Data/0172eb403be42b01_0"
    ],
    "ultima_modificacion": "2025-08-01 01:02:00.280814"
  },
  "dff256e98163f24e0": {
    "app_sintetizada": "DFF256E98163F24E0",
    "cantidad_archivos": 1,
    "archivos_fuente": [
      "Library/Caches/Google/Chrome/Default/Cache/Cache_Data/dff256e98163f24e_0"
    ],
    "ultima_modificacion": "2025-08-01 01:02:00.281136"
  },
  "b17fd1860598aac70": {
    "app_sintetizada": "B17FD1860598AAC70",
    "cantidad_archivos": 1,
    "archivos_fuente": [
      "Library/Caches/Google/Chrome/Default/Cache/Cache_Data/b17fd1860598aac7_0"
    ],
    "ultima_modificacion": "2025-08-01 01:02:00.281425"
  },
  "8342b5672490abdd0": {
    "app_sintetizada": "8342B5672490ABDD0",
    "cantidad_archivos": 1,
    "archivos_fuente": [
      "Library/Caches/Google/Chrome/Default/Cache/Cache_Data/8342b5672490abdd_0"
    ],
    "ultima_modificacion": "2025-08-01 01:02:00.281773"
  },
  "a4881222c6a190900": {
    "app_sintetizada": "A4881222C6A190900",
    "cantidad_archivos": 1,
    "archivos_fuente": [
      "Library/Caches/Google/Chrome/Default/Cache/Cache_Data/a4881222c6a19090_0"
    ],
    "ultima_modificacion": "2025-08-01 01:02:00.282091"
  },
  "d4ad6ba0f65eb1b70": {
    "app_sintetizada": "D4AD6BA0F65EB1B70",
    "cantidad_archivos": 1,
    "archivos_fuente": [
      "Library/Caches/Google/Chrome/Default/Cache/Cache_Data/d4ad6ba0f65eb1b7_0"
    ],
    "ultima_modificacion": "2025-08-01 01:02:00.282767"
  },
  "d3d72497d843bcaa0": {
    "app_sintetizada": "D3D72497D843BCAA0",
    "cantidad_archivos": 1,
    "archivos_fuente": [
      "Library/Caches/Google/Chrome/Default/Cache/Cache_Data/d3d72497d843bcaa_0"
    ],
    "ultima_modificacion": "2025-08-01 01:02:00.283525"
  },
  "a32825df13992a1c0": {
    "app_sintetizada": "A32825DF13992A1C0",
    "cantidad_archivos": 1,
    "archivos_fuente": [
      "Library/Caches/Google/Chrome/Default/Cache/Cache_Data/a32825df13992a1c_0"
    ],
    "ultima_modificacion": "2025-08-01 01:02:00.283903"
  },
  "52142b0754c1dbd70": {
    "app_sintetizada": "52142B0754C1DBD70",
    "cantidad_archivos": 1,
    "archivos_fuente": [
      "Library/Caches/Google/Chrome/Default/Cache/Cache_Data/52142b0754c1dbd7_0"
    ],
    "ultima_modificacion": "2025-08-01 01:02:00.284231"
  },
  "bc13b9a70d57b6b50": {
    "app_sintetizada": "BC13B9A70D57B6B50",
    "cantidad_archivos": 1,
    "archivos_fuente": [
      "Library/Caches/Google/Chrome/Default/Cache/Cache_Data/bc13b9a70d57b6b5_0"
    ],
    "ultima_modificacion": "2025-08-01 01:02:00.284635"
  },
  "e1b6565cab671b150": {
    "app_sintetizada": "E1B6565CAB671B150",
    "cantidad_archivos": 1,
    "archivos_fuente": [
      "Library/Caches/Google/Chrome/Default/Cache/Cache_Data/e1b6565cab671b15_0"
    ],
    "ultima_modificacion": "2025-08-01 01:02:00.285057"
  },
  "dc7ea27ec5136ff00": {
    "app_sintetizada": "DC7EA27EC5136FF00",
    "cantidad_archivos": 1,
    "archivos_fuente": [
      "Library/Caches/Google/Chrome/Default/Cache/Cache_Data/dc7ea27ec5136ff0_0"
    ],
    "ultima_modificacion": "2025-08-01 01:02:00.285584"
  },
  "b05a2dbb02acb4a00": {
    "app_sintetizada": "B05A2DBB02ACB4A00",
    "cantidad_archivos": 1,
    "archivos_fuente": [
      "Library/Caches/Google/Chrome/Default/Cache/Cache_Data/b05a2dbb02acb4a0_0"
    ],
    "ultima_modificacion": "2025-08-01 01:02:00.286548"
  },
  "07292a4729e765160": {
    "app_sintetizada": "07292A4729E765160",
    "cantidad_archivos": 1,
    "archivos_fuente": [
      "Library/Caches/Google/Chrome/Default/Cache/Cache_Data/07292a4729e76516_0"
    ],
    "ultima_modificacion": "2025-08-01 01:02:00.287533"
  },
  "9d698d9295a40b980": {
    "app_sintetizada": "9D698D9295A40B980",
    "cantidad_archivos": 1,
    "archivos_fuente": [
      "Library/Caches/Google/Chrome/Default/Cache/Cache_Data/9d698d9295a40b98_0"
    ],
    "ultima_modificacion": "2025-08-01 01:02:00.288011"
  },
  "8ec6f0a7cfcb2b780": {
    "app_sintetizada": "8EC6F0A7CFCB2B780",
    "cantidad_archivos": 1,
    "archivos_fuente": [
      "Library/Caches/Google/Chrome/Default/Cache/Cache_Data/8ec6f0a7cfcb2b78_0"
    ],
    "ultima_modificacion": "2025-08-01 01:02:00.288393"
  },
  "44c276d7be5708dd0": {
    "app_sintetizada": "44C276D7BE5708DD0",
    "cantidad_archivos": 1,
    "archivos_fuente": [
      "Library/Caches/Google/Chrome/Default/Cache/Cache_Data/44c276d7be5708dd_0"
    ],
    "ultima_modificacion": "2025-08-01 01:02:00.288741"
  },
  "e0ae4dd9f9eb84020": {
    "app_sintetizada": "E0AE4DD9F9EB84020",
    "cantidad_archivos": 1,
    "archivos_fuente": [
      "Library/Caches/Google/Chrome/Default/Cache/Cache_Data/e0ae4dd9f9eb8402_0"
    ],
    "ultima_modificacion": "2025-08-01 01:02:00.289083"
  },
  "1c2282f7b80726020": {
    "app_sintetizada": "1C2282F7B80726020",
    "cantidad_archivos": 1,
    "archivos_fuente": [
      "Library/Caches/Google/Chrome/Default/Cache/Cache_Data/1c2282f7b8072602_0"
    ],
    "ultima_modificacion": "2025-08-01 01:02:00.289474"
  },
  "b3d1a65dc2fba42e0": {
    "app_sintetizada": "B3D1A65DC2FBA42E0",
    "cantidad_archivos": 1,
    "archivos_fuente": [
      "Library/Caches/Google/Chrome/Default/Cache/Cache_Data/b3d1a65dc2fba42e_0"
    ],
    "ultima_modificacion": "2025-08-01 01:02:00.289804"
  },
  "a56a5961c0b0bdfd0": {
    "app_sintetizada": "A56A5961C0B0BDFD0",
    "cantidad_archivos": 1,
    "archivos_fuente": [
      "Library/Caches/Google/Chrome/Default/Cache/Cache_Data/a56a5961c0b0bdfd_0"
    ],
    "ultima_modificacion": "2025-08-01 01:02:00.290121"
  },
  "b45318679d37226f0": {
    "app_sintetizada": "B45318679D37226F0",
    "cantidad_archivos": 1,
    "archivos_fuente": [
      "Library/Caches/Google/Chrome/Default/Cache/Cache_Data/b45318679d37226f_0"
    ],
    "ultima_modificacion": "2025-08-01 01:02:00.290468"
  },
  "6fccc376156f0f710": {
    "app_sintetizada": "6FCCC376156F0F710",
    "cantidad_archivos": 1,
    "archivos_fuente": [
      "Library/Caches/Google/Chrome/Default/Cache/Cache_Data/6fccc376156f0f71_0"
    ],
    "ultima_modificacion": "2025-08-01 01:02:00.290816"
  },
  "00a5eb8820e408860": {
    "app_sintetizada": "00A5EB8820E408860",
    "cantidad_archivos": 1,
    "archivos_fuente": [
      "Library/Caches/Google/Chrome/Default/Cache/Cache_Data/00a5eb8820e40886_0"
    ],
    "ultima_modificacion": "2025-08-01 01:02:00.291151"
  },
  "cb82a032d6d7973b0": {
    "app_sintetizada": "CB82A032D6D7973B0",
    "cantidad_archivos": 1,
    "archivos_fuente": [
      "Library/Caches/Google/Chrome/Default/Cache/Cache_Data/cb82a032d6d7973b_0"
    ],
    "ultima_modificacion": "2025-08-01 01:02:00.291474"
  },
  "e0a3d40a2cfa51df0": {
    "app_sintetizada": "E0A3D40A2CFA51DF0",
    "cantidad_archivos": 1,
    "archivos_fuente": [
      "Library/Caches/Google/Chrome/Default/Cache/Cache_Data/e0a3d40a2cfa51df_0"
    ],
    "ultima_modificacion": "2025-08-01 01:02:00.291828"
  },
  "73f0c9a35e92c00c0": {
    "app_sintetizada": "73F0C9A35E92C00C0",
    "cantidad_archivos": 1,
    "archivos_fuente": [
      "Library/Caches/Google/Chrome/Default/Cache/Cache_Data/73f0c9a35e92c00c_0"
    ],
    "ultima_modificacion": "2025-08-01 01:02:00.292174"
  },
  "21044d35df791f400": {
    "app_sintetizada": "21044D35DF791F400",
    "cantidad_archivos": 1,
    "archivos_fuente": [
      "Library/Caches/Google/Chrome/Default/Cache/Cache_Data/21044d35df791f40_0"
    ],
    "ultima_modificacion": "2025-08-01 01:02:00.292525"
  },
  "0c390d43a772f06f0": {
    "app_sintetizada": "0C390D43A772F06F0",
    "cantidad_archivos": 1,
    "archivos_fuente": [
      "Library/Caches/Google/Chrome/Default/Cache/Cache_Data/0c390d43a772f06f_0"
    ],
    "ultima_modificacion": "2025-08-01 01:02:00.292887"
  },
  "de52967f3069377c0": {
    "app_sintetizada": "DE52967F3069377C0",
    "cantidad_archivos": 1,
    "archivos_fuente": [
      "Library/Caches/Google/Chrome/Default/Cache/Cache_Data/de52967f3069377c_0"
    ],
    "ultima_modificacion": "2025-08-01 01:02:00.293259"
  },
  "d2d987215b1dd7d10": {
    "app_sintetizada": "D2D987215B1DD7D10",
    "cantidad_archivos": 1,
    "archivos_fuente": [
      "Library/Caches/Google/Chrome/Default/Cache/Cache_Data/d2d987215b1dd7d1_0"
    ],
    "ultima_modificacion": "2025-08-01 01:02:00.293614"
  },
  "e04b79f34a059b7d0": {
    "app_sintetizada": "E04B79F34A059B7D0",
    "cantidad_archivos": 1,
    "archivos_fuente": [
      "Library/Caches/Google/Chrome/Default/Cache/Cache_Data/e04b79f34a059b7d_0"
    ],
    "ultima_modificacion": "2025-08-01 01:02:00.293960"
  },
  "2464f9d55c7beb2a0": {
    "app_sintetizada": "2464F9D55C7BEB2A0",
    "cantidad_archivos": 1,
    "archivos_fuente": [
      "Library/Caches/Google/Chrome/Default/Cache/Cache_Data/2464f9d55c7beb2a_0"
    ],
    "ultima_modificacion": "2025-08-01 01:02:00.294310"
  },
  "4d66aad6f9428e3a0": {
    "app_sintetizada": "4D66AAD6F9428E3A0",
    "cantidad_archivos": 1,
    "archivos_fuente": [
      "Library/Caches/Google/Chrome/Default/Cache/Cache_Data/4d66aad6f9428e3a_0"
    ],
    "ultima_modificacion": "2025-08-01 01:02:00.294679"
  },
  "d54f69b3d2fa68f80": {
    "app_sintetizada": "D54F69B3D2FA68F80",
    "cantidad_archivos": 1,
    "archivos_fuente": [
      "Library/Caches/Google/Chrome/Default/Cache/Cache_Data/d54f69b3d2fa68f8_0"
    ],
    "ultima_modificacion": "2025-08-01 01:02:00.295034"
  },
  "1efb4b3e1fc946b20": {
    "app_sintetizada": "1EFB4B3E1FC946B20",
    "cantidad_archivos": 1,
    "archivos_fuente": [
      "Library/Caches/Google/Chrome/Default/Cache/Cache_Data/1efb4b3e1fc946b2_0"
    ],
    "ultima_modificacion": "2025-08-01 01:02:00.295866"
  },
  "1a9b7a3812acd0f80": {
    "app_sintetizada": "1A9B7A3812ACD0F80",
    "cantidad_archivos": 1,
    "archivos_fuente": [
      "Library/Caches/Google/Chrome/Default/Cache/Cache_Data/1a9b7a3812acd0f8_0"
    ],
    "ultima_modificacion": "2025-08-01 01:02:00.296864"
  },
  "40bb4d542c6a6f960": {
    "app_sintetizada": "40BB4D542C6A6F960",
    "cantidad_archivos": 1,
    "archivos_fuente": [
      "Library/Caches/Google/Chrome/Default/Cache/Cache_Data/40bb4d542c6a6f96_0"
    ],
    "ultima_modificacion": "2025-08-01 01:02:00.297322"
  },
  "3a9f1d5cd9cda68f0": {
    "app_sintetizada": "3A9F1D5CD9CDA68F0",
    "cantidad_archivos": 1,
    "archivos_fuente": [
      "Library/Caches/Google/Chrome/Default/Cache/Cache_Data/3a9f1d5cd9cda68f_0"
    ],
    "ultima_modificacion": "2025-08-01 01:02:00.297763"
  },
  "de0130684906526a0": {
    "app_sintetizada": "DE0130684906526A0",
    "cantidad_archivos": 1,
    "archivos_fuente": [
      "Library/Caches/Google/Chrome/Default/Cache/Cache_Data/de0130684906526a_0"
    ],
    "ultima_modificacion": "2025-08-01 01:02:00.298110"
  },
  "ebaa63628b3b62c90": {
    "app_sintetizada": "EBAA63628B3B62C90",
    "cantidad_archivos": 1,
    "archivos_fuente": [
      "Library/Caches/Google/Chrome/Default/Cache/Cache_Data/ebaa63628b3b62c9_0"
    ],
    "ultima_modificacion": "2025-08-01 01:02:00.298494"
  },
  "cfcab5d74a59562e0": {
    "app_sintetizada": "CFCAB5D74A59562E0",
    "cantidad_archivos": 1,
    "archivos_fuente": [
      "Library/Caches/Google/Chrome/Default/Cache/Cache_Data/cfcab5d74a59562e_0"
    ],
    "ultima_modificacion": "2025-08-01 01:02:00.298889"
  },
  "098f4c4a3001cd000": {
    "app_sintetizada": "098F4C4A3001CD000",
    "cantidad_archivos": 1,
    "archivos_fuente": [
      "Library/Caches/Google/Chrome/Default/Cache/Cache_Data/098f4c4a3001cd00_0"
    ],
    "ultima_modificacion": "2025-08-01 01:02:00.299284"
  },
  "d890aaf0b376ff050": {
    "app_sintetizada": "D890AAF0B376FF050",
    "cantidad_archivos": 1,
    "archivos_fuente": [
      "Library/Caches/Google/Chrome/Default/Cache/Cache_Data/d890aaf0b376ff05_0"
    ],
    "ultima_modificacion": "2025-08-01 01:02:00.299686"
  },
  "2a8be86eed05b8040": {
    "app_sintetizada": "2A8BE86EED05B8040",
    "cantidad_archivos": 1,
    "archivos_fuente": [
      "Library/Caches/Google/Chrome/Default/Cache/Cache_Data/2a8be86eed05b804_0"
    ],
    "ultima_modificacion": "2025-08-01 01:02:00.300087"
  },
  "3b2149d4e3d550470": {
    "app_sintetizada": "3B2149D4E3D550470",
    "cantidad_archivos": 1,
    "archivos_fuente": [
      "Library/Caches/Google/Chrome/Default/Cache/Cache_Data/3b2149d4e3d55047_0"
    ],
    "ultima_modificacion": "2025-08-01 01:02:00.300497"
  },
  "f1ad8cfd0a8fa2bf0": {
    "app_sintetizada": "F1AD8CFD0A8FA2BF0",
    "cantidad_archivos": 1,
    "archivos_fuente": [
      "Library/Caches/Google/Chrome/Default/Cache/Cache_Data/f1ad8cfd0a8fa2bf_0"
    ],
    "ultima_modificacion": "2025-08-01 01:02:00.300944"
  },
  "5a30cd8c5169d16c0": {
    "app_sintetizada": "5A30CD8C5169D16C0",
    "cantidad_archivos": 1,
    "archivos_fuente": [
      "Library/Caches/Google/Chrome/Default/Cache/Cache_Data/5a30cd8c5169d16c_0"
    ],
    "ultima_modificacion": "2025-08-01 01:02:00.301312"
  },
  "18255ae1e57db0620": {
    "app_sintetizada": "18255AE1E57DB0620",
    "cantidad_archivos": 1,
    "archivos_fuente": [
      "Library/Caches/Google/Chrome/Default/Cache/Cache_Data/18255ae1e57db062_0"
    ],
    "ultima_modificacion": "2025-08-01 01:02:00.301763"
  },
  "4252166504b6220a0": {
    "app_sintetizada": "4252166504B6220A0",
    "cantidad_archivos": 1,
    "archivos_fuente": [
      "Library/Caches/Google/Chrome/Default/Cache/Cache_Data/4252166504b6220a_0"
    ],
    "ultima_modificacion": "2025-08-01 01:02:00.302374"
  },
  "5614e004d0f5766c0": {
    "app_sintetizada": "5614E004D0F5766C0",
    "cantidad_archivos": 1,
    "archivos_fuente": [
      "Library/Caches/Google/Chrome/Default/Cache/Cache_Data/5614e004d0f5766c_0"
    ],
    "ultima_modificacion": "2025-08-01 01:02:00.303149"
  },
  "44b2d18a3342d0140": {
    "app_sintetizada": "44B2D18A3342D0140",
    "cantidad_archivos": 1,
    "archivos_fuente": [
      "Library/Caches/Google/Chrome/Default/Cache/Cache_Data/44b2d18a3342d014_0"
    ],
    "ultima_modificacion": "2025-08-01 01:02:00.304235"
  },
  "161433e0d9d49c570": {
    "app_sintetizada": "161433E0D9D49C570",
    "cantidad_archivos": 1,
    "archivos_fuente": [
      "Library/Caches/Google/Chrome/Default/Cache/Cache_Data/161433e0d9d49c57_0"
    ],
    "ultima_modificacion": "2025-08-01 01:02:00.304808"
  },
  "6459f10d937750310": {
    "app_sintetizada": "6459F10D937750310",
    "cantidad_archivos": 1,
    "archivos_fuente": [
      "Library/Caches/Google/Chrome/Default/Cache/Cache_Data/6459f10d93775031_0"
    ],
    "ultima_modificacion": "2025-08-01 01:02:00.305264"
  },
  "ebec364c11987a670": {
    "app_sintetizada": "EBEC364C11987A670",
    "cantidad_archivos": 1,
    "archivos_fuente": [
      "Library/Caches/Google/Chrome/Default/Cache/Cache_Data/ebec364c11987a67_0"
    ],
    "ultima_modificacion": "2025-08-01 01:02:00.305618"
  },
  "c39d7421c7efad4e0": {
    "app_sintetizada": "C39D7421C7EFAD4E0",
    "cantidad_archivos": 1,
    "archivos_fuente": [
      "Library/Caches/Google/Chrome/Default/Cache/Cache_Data/c39d7421c7efad4e_0"
    ],
    "ultima_modificacion": "2025-08-01 01:02:00.305929"
  },
  "d07a69f5c80e07c90": {
    "app_sintetizada": "D07A69F5C80E07C90",
    "cantidad_archivos": 1,
    "archivos_fuente": [
      "Library/Caches/Google/Chrome/Default/Cache/Cache_Data/d07a69f5c80e07c9_0"
    ],
    "ultima_modificacion": "2025-08-01 01:02:00.306250"
  },
  "c704b162f0c650470": {
    "app_sintetizada": "C704B162F0C650470",
    "cantidad_archivos": 1,
    "archivos_fuente": [
      "Library/Caches/Google/Chrome/Default/Cache/Cache_Data/c704b162f0c65047_0"
    ],
    "ultima_modificacion": "2025-08-01 01:02:00.306616"
  },
  "eff5fec8edeb1b190": {
    "app_sintetizada": "EFF5FEC8EDEB1B190",
    "cantidad_archivos": 1,
    "archivos_fuente": [
      "Library/Caches/Google/Chrome/Default/Cache/Cache_Data/eff5fec8edeb1b19_0"
    ],
    "ultima_modificacion": "2025-08-01 01:02:00.306975"
  },
  "148b282e7127caf30": {
    "app_sintetizada": "148B282E7127CAF30",
    "cantidad_archivos": 1,
    "archivos_fuente": [
      "Library/Caches/Google/Chrome/Default/Cache/Cache_Data/148b282e7127caf3_0"
    ],
    "ultima_modificacion": "2025-08-01 01:02:00.307316"
  },
  "e1bb2d125e5078220": {
    "app_sintetizada": "E1BB2D125E5078220",
    "cantidad_archivos": 1,
    "archivos_fuente": [
      "Library/Caches/Google/Chrome/Default/Cache/Cache_Data/e1bb2d125e507822_0"
    ],
    "ultima_modificacion": "2025-08-01 01:02:00.307634"
  },
  "73cffb5776d516230": {
    "app_sintetizada": "73CFFB5776D516230",
    "cantidad_archivos": 1,
    "archivos_fuente": [
      "Library/Caches/Google/Chrome/Default/Cache/Cache_Data/73cffb5776d51623_0"
    ],
    "ultima_modificacion": "2025-08-01 01:02:00.307966"
  }
}