{
  "~wrs{2d6a974897c1f740a53d94fffd89d85f}": {
    "app_sintetizada": "~WRS{2D6A974897C1F740A53D94FFFD89D85F}",
    "cantidad_archivos": 1,
    "archivos_fuente": [
      "Library/Containers/com.microsoft.Word/Data/Library/Application Support/Microsoft/Temp/~WRS{2D6A9748-97C1-F740-A53D-94FFFD89D85F}"
    ],
    "ultima_modificacion": "2025-08-01 01:01:54.680489"
  },
  "~wrs{1dd2a65d8a351c4e992c6ead05e98da8}": {
    "app_sintetizada": "~WRS{1DD2A65D8A351C4E992C6EAD05E98DA8}",
    "cantidad_archivos": 1,
    "archivos_fuente": [
      "Library/Containers/com.microsoft.Word/Data/Library/Application Support/Microsoft/Temp/~WRS{1DD2A65D-8A35-1C4E-992C-6EAD05E98DA8}"
    ],
    "ultima_modificacion": "2025-08-01 01:01:54.680936"
  },
  "~wrs{f8a91195b6f8b24789662dde5031fe27}": {
    "app_sintetizada": "~WRS{F8A91195B6F8B24789662DDE5031FE27}",
    "cantidad_archivos": 1,
    "archivos_fuente": [
      "Library/Containers/com.microsoft.Word/Data/Library/Application Support/Microsoft/Temp/~WRS{F8A91195-B6F8-B247-8966-2DDE5031FE27}"
    ],
    "ultima_modificacion": "2025-08-01 01:01:54.681308"
  },
  "~wrs{bd017b3c896b354f9267af4f70c2dcf5}": {
    "app_sintetizada": "~WRS{BD017B3C896B354F9267AF4F70C2DCF5}",
    "cantidad_archivos": 1,
    "archivos_fuente": [
      "Library/Containers/com.microsoft.Word/Data/Library/Application Support/Microsoft/Temp/~WRS{BD017B3C-896B-354F-9267-AF4F70C2DCF5}"
    ],
    "ultima_modificacion": "2025-08-01 01:01:54.681583"
  },
  "~wrs{1e0f6c8e37457846b0aed16cbbbfeced}": {
    "app_sintetizada": "~WRS{1E0F6C8E37457846B0AED16CBBBFECED}",
    "cantidad_archivos": 1,
    "archivos_fuente": [
      "Library/Containers/com.microsoft.Word/Data/Library/Application Support/Microsoft/Temp/~WRS{1E0F6C8E-3745-7846-B0AE-D16CBBBFECED}"
    ],
    "ultima_modificacion": "2025-08-01 01:01:54.681916"
  },
  "~wrs{68c752a6a82d0245bad07d38bf95113a}": {
    "app_sintetizada": "~WRS{68C752A6A82D0245BAD07D38BF95113A}",
    "cantidad_archivos": 1,
    "archivos_fuente": [
      "Library/Containers/com.microsoft.Word/Data/Library/Application Support/Microsoft/Temp/~WRS{68C752A6-A82D-0245-BAD0-7D38BF95113A}"
    ],
    "ultima_modificacion": "2025-08-01 01:01:54.682269"
  },
  "~wrs{5eff8a5ad4e13e42bc35d67f4101092c}": {
    "app_sintetizada": "~WRS{5EFF8A5AD4E13E42BC35D67F4101092C}",
    "cantidad_archivos": 1,
    "archivos_fuente": [
      "Library/Containers/com.microsoft.Word/Data/Library/Application Support/Microsoft/Temp/~WRS{5EFF8A5A-D4E1-3E42-BC35-D67F4101092C}"
    ],
    "ultima_modificacion": "2025-08-01 01:01:54.682630"
  },
  "~wrs{fe0b2075ae64284b8d5e4364ce0fde24}": {
    "app_sintetizada": "~WRS{FE0B2075AE64284B8D5E4364CE0FDE24}",
    "cantidad_archivos": 1,
    "archivos_fuente": [
      "Library/Containers/com.microsoft.Word/Data/Library/Application Support/Microsoft/Temp/~WRS{FE0B2075-AE64-284B-8D5E-4364CE0FDE24}"
    ],
    "ultima_modificacion": "2025-08-01 01:01:54.683113"
  },
  "~wrs{9345d3c82146614f89796cd0e2d90729}": {
    "app_sintetizada": "~WRS{9345D3C82146614F89796CD0E2D90729}",
    "cantidad_archivos": 1,
    "archivos_fuente": [
      "Library/Containers/com.microsoft.Word/Data/Library/Application Support/Microsoft/Temp/~WRS{9345D3C8-2146-614F-8979-6CD0E2D90729}"
    ],
    "ultima_modificacion": "2025-08-01 01:01:54.683693"
  },
  "~wrs{874a286540580c46b73b1aee86e4b5db}": {
    "app_sintetizada": "~WRS{874A286540580C46B73B1AEE86E4B5DB}",
    "cantidad_archivos": 1,
    "archivos_fuente": [
      "Library/Containers/com.microsoft.Word/Data/Library/Application Support/Microsoft/Temp/~WRS{874A2865-4058-0C46-B73B-1AEE86E4B5DB}"
    ],
    "ultima_modificacion": "2025-08-01 01:01:54.684141"
  },
  "~wrs{58d20789452f2a43a39b1717c786a2e7}": {
    "app_sintetizada": "~WRS{58D20789452F2A43A39B1717C786A2E7}",
    "cantidad_archivos": 1,
    "archivos_fuente": [
      "Library/Containers/com.microsoft.Word/Data/Library/Application Support/Microsoft/Temp/~WRS{58D20789-452F-2A43-A39B-1717C786A2E7}"
    ],
    "ultima_modificacion": "2025-08-01 01:01:54.684450"
  },
  "~wrs{855e227d50b2e547b41cccf818d58d5d}": {
    "app_sintetizada": "~WRS{855E227D50B2E547B41CCCF818D58D5D}",
    "cantidad_archivos": 1,
    "archivos_fuente": [
      "Library/Containers/com.microsoft.Word/Data/Library/Application Support/Microsoft/Temp/~WRS{855E227D-50B2-E547-B41C-CCF818D58D5D}"
    ],
    "ultima_modificacion": "2025-08-01 01:01:54.684871"
  },
  "~wrs{ecf71ba0c433b54f9ac559a6b1ded154}": {
    "app_sintetizada": "~WRS{ECF71BA0C433B54F9AC559A6B1DED154}",
    "cantidad_archivos": 1,
    "archivos_fuente": [
      "Library/Containers/com.microsoft.Word/Data/Library/Application Support/Microsoft/Temp/~WRS{ECF71BA0-C433-B54F-9AC5-59A6B1DED154}"
    ],
    "ultima_modificacion": "2025-08-01 01:01:54.685259"
  },
  "~wrs{267352e72733b5429846a9d5cd197575}": {
    "app_sintetizada": "~WRS{267352E72733B5429846A9D5CD197575}",
    "cantidad_archivos": 1,
    "archivos_fuente": [
      "Library/Containers/com.microsoft.Word/Data/Library/Application Support/Microsoft/Temp/~WRS{267352E7-2733-B542-9846-A9D5CD197575}"
    ],
    "ultima_modificacion": "2025-08-01 01:01:54.685578"
  },
  "~wrs{c7392ff4dd81ed4d9452beef5231c3a4}": {
    "app_sintetizada": "~WRS{C7392FF4DD81ED4D9452BEEF5231C3A4}",
    "cantidad_archivos": 1,
    "archivos_fuente": [
      "Library/Containers/com.microsoft.Word/Data/Library/Application Support/Microsoft/Temp/~WRS{C7392FF4-DD81-ED4D-9452-BEEF5231C3A4}"
    ],
    "ultima_modificacion": "2025-08-01 01:01:54.685902"
  },
  "~wrs{48b2e0c339a45c408bcac6cdea1d1211}": {
    "app_sintetizada": "~WRS{48B2E0C339A45C408BCAC6CDEA1D1211}",
    "cantidad_archivos": 1,
    "archivos_fuente": [
      "Library/Containers/com.microsoft.Word/Data/Library/Application Support/Microsoft/Temp/~WRS{48B2E0C3-39A4-5C40-8BCA-C6CDEA1D1211}"
    ],
    "ultima_modificacion": "2025-08-01 01:01:54.686281"
  },
  "~wrs{ce05d5a0ac107240b97b128d71750a36}": {
    "app_sintetizada": "~WRS{CE05D5A0AC107240B97B128D71750A36}",
    "cantidad_archivos": 1,
    "archivos_fuente": [
      "Library/Containers/com.microsoft.Word/Data/Library/Application Support/Microsoft/Temp/~WRS{CE05D5A0-AC10-7240-B97B-128D71750A36}"
    ],
    "ultima_modificacion": "2025-08-01 01:01:54.686617"
  },
  "~wrs{c62cad34d9ed4f40a0cffd0d7ca1d4a0}": {
    "app_sintetizada": "~WRS{C62CAD34D9ED4F40A0CFFD0D7CA1D4A0}",
    "cantidad_archivos": 1,
    "archivos_fuente": [
      "Library/Containers/com.microsoft.Word/Data/Library/Application Support/Microsoft/Temp/~WRS{C62CAD34-D9ED-4F40-A0CF-FD0D7CA1D4A0}"
    ],
    "ultima_modificacion": "2025-08-01 01:01:54.686983"
  },
  "~wrs{fead5422d2ba8f41b0e9b9d32a68a2b9}": {
    "app_sintetizada": "~WRS{FEAD5422D2BA8F41B0E9B9D32A68A2B9}",
    "cantidad_archivos": 1,
    "archivos_fuente": [
      "Library/Containers/com.microsoft.Word/Data/Library/Application Support/Microsoft/Temp/~WRS{FEAD5422-D2BA-8F41-B0E9-B9D32A68A2B9}"
    ],
    "ultima_modificacion": "2025-08-01 01:01:54.687405"
  },
  "~wrs{73713db5fb8999439cccb78775881ea6}": {
    "app_sintetizada": "~WRS{73713DB5FB8999439CCCB78775881EA6}",
    "cantidad_archivos": 1,
    "archivos_fuente": [
      "Library/Containers/com.microsoft.Word/Data/Library/Application Support/Microsoft/Temp/~WRS{73713DB5-FB89-9943-9CCC-B78775881EA6}"
    ],
    "ultima_modificacion": "2025-08-01 01:01:54.687778"
  },
  "~wrs{39e2f6287e80a94cb4db399fbe10b21f}": {
    "app_sintetizada": "~WRS{39E2F6287E80A94CB4DB399FBE10B21F}",
    "cantidad_archivos": 1,
    "archivos_fuente": [
      "Library/Containers/com.microsoft.Word/Data/Library/Application Support/Microsoft/Temp/~WRS{39E2F628-7E80-A94C-B4DB-399FBE10B21F}"
    ],
    "ultima_modificacion": "2025-08-01 01:01:54.688151"
  },
  "~wrs{311e93dde3c3ba418e0a3b961d387f85}": {
    "app_sintetizada": "~WRS{311E93DDE3C3BA418E0A3B961D387F85}",
    "cantidad_archivos": 1,
    "archivos_fuente": [
      "Library/Containers/com.microsoft.Word/Data/Library/Application Support/Microsoft/Temp/~WRS{311E93DD-E3C3-BA41-8E0A-3B961D387F85}"
    ],
    "ultima_modificacion": "2025-08-01 01:01:54.688509"
  },
  "~wrs{a58e9f89b07bd24a91bc4e367c4ff689}": {
    "app_sintetizada": "~WRS{A58E9F89B07BD24A91BC4E367C4FF689}",
    "cantidad_archivos": 1,
    "archivos_fuente": [
      "Library/Containers/com.microsoft.Word/Data/Library/Application Support/Microsoft/Temp/~WRS{A58E9F89-B07B-D24A-91BC-4E367C4FF689}"
    ],
    "ultima_modificacion": "2025-08-01 01:01:54.688863"
  },
  "~wrs{4b9e28c2f6b7b547b50b29a41fc6298c}": {
    "app_sintetizada": "~WRS{4B9E28C2F6B7B547B50B29A41FC6298C}",
    "cantidad_archivos": 1,
    "archivos_fuente": [
      "Library/Containers/com.microsoft.Word/Data/Library/Application Support/Microsoft/Temp/~WRS{4B9E28C2-F6B7-B547-B50B-29A41FC6298C}"
    ],
    "ultima_modificacion": "2025-08-01 01:01:54.689243"
  },
  "~wrs{5900d659b21597408f8819197b1da2c6}": {
    "app_sintetizada": "~WRS{5900D659B21597408F8819197B1DA2C6}",
    "cantidad_archivos": 1,
    "archivos_fuente": [
      "Library/Containers/com.microsoft.Word/Data/Library/Application Support/Microsoft/Temp/~WRS{5900D659-B215-9740-8F88-19197B1DA2C6}"
    ],
    "ultima_modificacion": "2025-08-01 01:01:54.689593"
  },
  "~wrs{604e67e8050a874ab8008e398c191f68}": {
    "app_sintetizada": "~WRS{604E67E8050A874AB8008E398C191F68}",
    "cantidad_archivos": 1,
    "archivos_fuente": [
      "Library/Containers/com.microsoft.Word/Data/Library/Application Support/Microsoft/Temp/~WRS{604E67E8-050A-874A-B800-8E398C191F68}"
    ],
    "ultima_modificacion": "2025-08-01 01:01:54.689965"
  },
  "~wrs{1ceea8020ee6e3408e0125b120c8ce80}": {
    "app_sintetizada": "~WRS{1CEEA8020EE6E3408E0125B120C8CE80}",
    "cantidad_archivos": 1,
    "archivos_fuente": [
      "Library/Containers/com.microsoft.Word/Data/Library/Application Support/Microsoft/Temp/~WRS{1CEEA802-0EE6-E340-8E01-25B120C8CE80}"
    ],
    "ultima_modificacion": "2025-08-01 01:01:54.690299"
  },
  "~wrs{1bfa122b89fa5941b9f4b69b2b2c0400}": {
    "app_sintetizada": "~WRS{1BFA122B89FA5941B9F4B69B2B2C0400}",
    "cantidad_archivos": 1,
    "archivos_fuente": [
      "Library/Containers/com.microsoft.Word/Data/Library/Application Support/Microsoft/Temp/~WRS{1BFA122B-89FA-5941-B9F4-B69B2B2C0400}"
    ],
    "ultima_modificacion": "2025-08-01 01:01:54.690625"
  },
  "~wrs{2ad101b688bcec4884fb6023bd966008}": {
    "app_sintetizada": "~WRS{2AD101B688BCEC4884FB6023BD966008}",
    "cantidad_archivos": 1,
    "archivos_fuente": [
      "Library/Containers/com.microsoft.Word/Data/Library/Application Support/Microsoft/Temp/~WRS{2AD101B6-88BC-EC48-84FB-6023BD966008}"
    ],
    "ultima_modificacion": "2025-08-01 01:01:54.690957"
  },
  "~wrs{ab77bf9dfe414f408afecf2c033f44af}": {
    "app_sintetizada": "~WRS{AB77BF9DFE414F408AFECF2C033F44AF}",
    "cantidad_archivos": 1,
    "archivos_fuente": [
      "Library/Containers/com.microsoft.Word/Data/Library/Application Support/Microsoft/Temp/~WRS{AB77BF9D-FE41-4F40-8AFE-CF2C033F44AF}"
    ],
    "ultima_modificacion": "2025-08-01 01:01:54.691263"
  },
  "~wrs{6592800956723e4bb38ba086dfc97f70}": {
    "app_sintetizada": "~WRS{6592800956723E4BB38BA086DFC97F70}",
    "cantidad_archivos": 1,
    "archivos_fuente": [
      "Library/Containers/com.microsoft.Word/Data/Library/Application Support/Microsoft/Temp/~WRS{65928009-5672-3E4B-B38B-A086DFC97F70}"
    ],
    "ultima_modificacion": "2025-08-01 01:01:54.691580"
  },
  "~wrs{253da2753927af42aaa45f83fffb04c8}": {
    "app_sintetizada": "~WRS{253DA2753927AF42AAA45F83FFFB04C8}",
    "cantidad_archivos": 1,
    "archivos_fuente": [
      "Library/Containers/com.microsoft.Word/Data/Library/Application Support/Microsoft/Temp/~WRS{253DA275-3927-AF42-AAA4-5F83FFFB04C8}"
    ],
    "ultima_modificacion": "2025-08-01 01:01:54.691912"
  },
  "~wrs{d15dcf566628c647b46021a4dcb82b16}": {
    "app_sintetizada": "~WRS{D15DCF566628C647B46021A4DCB82B16}",
    "cantidad_archivos": 1,
    "archivos_fuente": [
      "Library/Containers/com.microsoft.Word/Data/Library/Application Support/Microsoft/Temp/~WRS{D15DCF56-6628-C647-B460-21A4DCB82B16}"
    ],
    "ultima_modificacion": "2025-08-01 01:01:54.692249"
  },
  "~wrs{72725d635c66cc4d8457e363b004ea66}": {
    "app_sintetizada": "~WRS{72725D635C66CC4D8457E363B004EA66}",
    "cantidad_archivos": 1,
    "archivos_fuente": [
      "Library/Containers/com.microsoft.Word/Data/Library/Application Support/Microsoft/Temp/~WRS{72725D63-5C66-CC4D-8457-E363B004EA66}"
    ],
    "ultima_modificacion": "2025-08-01 01:01:54.692707"
  },
  "~wrs{8d64cceade2d2a418ad7ada1d83662e7}": {
    "app_sintetizada": "~WRS{8D64CCEADE2D2A418AD7ADA1D83662E7}",
    "cantidad_archivos": 1,
    "archivos_fuente": [
      "Library/Containers/com.microsoft.Word/Data/Library/Application Support/Microsoft/Temp/~WRS{8D64CCEA-DE2D-2A41-8AD7-ADA1D83662E7}"
    ],
    "ultima_modificacion": "2025-08-01 01:01:54.718616"
  },
  "~wrs{8d1061221e66be4f9de9863e459a3c92}": {
    "app_sintetizada": "~WRS{8D1061221E66BE4F9DE9863E459A3C92}",
    "cantidad_archivos": 1,
    "archivos_fuente": [
      "Library/Containers/com.microsoft.Word/Data/Library/Application Support/Microsoft/Temp/~WRS{8D106122-1E66-BE4F-9DE9-863E459A3C92}"
    ],
    "ultima_modificacion": "2025-08-01 01:01:54.719152"
  },
  "~wrs{d2cf8ef7c336e74eaeefe1ea3da60c89}": {
    "app_sintetizada": "~WRS{D2CF8EF7C336E74EAEEFE1EA3DA60C89}",
    "cantidad_archivos": 1,
    "archivos_fuente": [
      "Library/Containers/com.microsoft.Word/Data/Library/Application Support/Microsoft/Temp/~WRS{D2CF8EF7-C336-E74E-AEEF-E1EA3DA60C89}"
    ],
    "ultima_modificacion": "2025-08-01 01:01:54.719541"
  },
  "~wrs{2fb5191c6ba56d47b71f3f104bf72661}": {
    "app_sintetizada": "~WRS{2FB5191C6BA56D47B71F3F104BF72661}",
    "cantidad_archivos": 1,
    "archivos_fuente": [
      "Library/Containers/com.microsoft.Word/Data/Library/Application Support/Microsoft/Temp/~WRS{2FB5191C-6BA5-6D47-B71F-3F104BF72661}"
    ],
    "ultima_modificacion": "2025-08-01 01:01:54.787980"
  },
  "~wrs{6488d6e59890a04bb9d7339842235c62}": {
    "app_sintetizada": "~WRS{6488D6E59890A04BB9D7339842235C62}",
    "cantidad_archivos": 1,
    "archivos_fuente": [
      "Library/Containers/com.microsoft.Word/Data/Library/Application Support/Microsoft/Temp/~WRS{6488D6E5-9890-A04B-B9D7-339842235C62}"
    ],
    "ultima_modificacion": "2025-08-01 01:01:54.788677"
  },
  "~wrs{1901a3972bede74eae0878e34efc5253}": {
    "app_sintetizada": "~WRS{1901A3972BEDE74EAE0878E34EFC5253}",
    "cantidad_archivos": 1,
    "archivos_fuente": [
      "Library/Containers/com.microsoft.Word/Data/Library/Application Support/Microsoft/Temp/~WRS{1901A397-2BED-E74E-AE08-78E34EFC5253}"
    ],
    "ultima_modificacion": "2025-08-01 01:01:54.789131"
  },
  "~wrs{b8be66fdba7e7d4a81893b9f70e66828}": {
    "app_sintetizada": "~WRS{B8BE66FDBA7E7D4A81893B9F70E66828}",
    "cantidad_archivos": 1,
    "archivos_fuente": [
      "Library/Containers/com.microsoft.Word/Data/Library/Application Support/Microsoft/Temp/~WRS{B8BE66FD-BA7E-7D4A-8189-3B9F70E66828}"
    ],
    "ultima_modificacion": "2025-08-01 01:01:54.789476"
  },
  "~wrs{b5efd83a1038ec46a1b2d1a90c114b5f}": {
    "app_sintetizada": "~WRS{B5EFD83A1038EC46A1B2D1A90C114B5F}",
    "cantidad_archivos": 1,
    "archivos_fuente": [
      "Library/Containers/com.microsoft.Word/Data/Library/Application Support/Microsoft/Temp/~WRS{B5EFD83A-1038-EC46-A1B2-D1A90C114B5F}"
    ],
    "ultima_modificacion": "2025-08-01 01:01:54.789806"
  },
  "~wrs{0dd5c01e5882664397beb1c8a70a60f4}": {
    "app_sintetizada": "~WRS{0DD5C01E5882664397BEB1C8A70A60F4}",
    "cantidad_archivos": 1,
    "archivos_fuente": [
      "Library/Containers/com.microsoft.Word/Data/Library/Application Support/Microsoft/Temp/~WRS{0DD5C01E-5882-6643-97BE-B1C8A70A60F4}"
    ],
    "ultima_modificacion": "2025-08-01 01:01:54.790130"
  },
  "~wrf{262171962c50d34db67e47cb683b7c59}": {
    "app_sintetizada": "~WRF{262171962C50D34DB67E47CB683B7C59}",
    "cantidad_archivos": 1,
    "archivos_fuente": [
      "Library/Containers/com.microsoft.Word/Data/Library/Application Support/Microsoft/Temp/~WRF{26217196-2C50-D34D-B67E-47CB683B7C59}"
    ],
    "ultima_modificacion": "2025-08-01 01:01:54.790469"
  },
  "~wrs{3d340e26f0f6a743acf77a82f25ad23b}": {
    "app_sintetizada": "~WRS{3D340E26F0F6A743ACF77A82F25AD23B}",
    "cantidad_archivos": 1,
    "archivos_fuente": [
      "Library/Containers/com.microsoft.Word/Data/Library/Application Support/Microsoft/Temp/~WRS{3D340E26-F0F6-A743-ACF7-7A82F25AD23B}"
    ],
    "ultima_modificacion": "2025-08-01 01:01:54.790800"
  },
  "~wrs{13b5c18cb29d7a4084af71048e53ab08}": {
    "app_sintetizada": "~WRS{13B5C18CB29D7A4084AF71048E53AB08}",
    "cantidad_archivos": 1,
    "archivos_fuente": [
      "Library/Containers/com.microsoft.Word/Data/Library/Application Support/Microsoft/Temp/~WRS{13B5C18C-B29D-7A40-84AF-71048E53AB08}"
    ],
    "ultima_modificacion": "2025-08-01 01:01:54.791303"
  },
  "~wrs{3874282db6962c4fbe0e140bf0dac0ed}": {
    "app_sintetizada": "~WRS{3874282DB6962C4FBE0E140BF0DAC0ED}",
    "cantidad_archivos": 1,
    "archivos_fuente": [
      "Library/Containers/com.microsoft.Word/Data/Library/Application Support/Microsoft/Temp/~WRS{3874282D-B696-2C4F-BE0E-140BF0DAC0ED}"
    ],
    "ultima_modificacion": "2025-08-01 01:01:54.791685"
  },
  "~wrs{d0749d1d40a39f4197ed9765724cb4df}": {
    "app_sintetizada": "~WRS{D0749D1D40A39F4197ED9765724CB4DF}",
    "cantidad_archivos": 1,
    "archivos_fuente": [
      "Library/Containers/com.microsoft.Word/Data/Library/Application Support/Microsoft/Temp/~WRS{D0749D1D-40A3-9F41-97ED-9765724CB4DF}"
    ],
    "ultima_modificacion": "2025-08-01 01:01:54.792078"
  },
  "~wrs{a79e36db5a9af64091331e908729e3b8}": {
    "app_sintetizada": "~WRS{A79E36DB5A9AF64091331E908729E3B8}",
    "cantidad_archivos": 1,
    "archivos_fuente": [
      "Library/Containers/com.microsoft.Word/Data/Library/Application Support/Microsoft/Temp/~WRS{A79E36DB-5A9A-F640-9133-1E908729E3B8}"
    ],
    "ultima_modificacion": "2025-08-01 01:01:54.792425"
  },
  "~wrs{7f64e6430f119c4ebbeb2edb8f364f43}": {
    "app_sintetizada": "~WRS{7F64E6430F119C4EBBEB2EDB8F364F43}",
    "cantidad_archivos": 1,
    "archivos_fuente": [
      "Library/Containers/com.microsoft.Word/Data/Library/Application Support/Microsoft/Temp/~WRS{7F64E643-0F11-9C4E-BBEB-2EDB8F364F43}"
    ],
    "ultima_modificacion": "2025-08-01 01:01:54.792868"
  },
  "~wrs{7bf59bffb362d9418927b35d8b1c0246}": {
    "app_sintetizada": "~WRS{7BF59BFFB362D9418927B35D8B1C0246}",
    "cantidad_archivos": 1,
    "archivos_fuente": [
      "Library/Containers/com.microsoft.Word/Data/Library/Application Support/Microsoft/Temp/~WRS{7BF59BFF-B362-D941-8927-B35D8B1C0246}"
    ],
    "ultima_modificacion": "2025-08-01 01:01:54.793229"
  },
  "~wrs{306142b1940eda4a9275201da15a93af}": {
    "app_sintetizada": "~WRS{306142B1940EDA4A9275201DA15A93AF}",
    "cantidad_archivos": 1,
    "archivos_fuente": [
      "Library/Containers/com.microsoft.Word/Data/Library/Application Support/Microsoft/Temp/~WRS{306142B1-940E-DA4A-9275-201DA15A93AF}"
    ],
    "ultima_modificacion": "2025-08-01 01:01:54.793553"
  },
  "~wrs{ab1cf6579969604291dcc697dcf03dda}": {
    "app_sintetizada": "~WRS{AB1CF6579969604291DCC697DCF03DDA}",
    "cantidad_archivos": 1,
    "archivos_fuente": [
      "Library/Containers/com.microsoft.Word/Data/Library/Application Support/Microsoft/Temp/~WRS{AB1CF657-9969-6042-91DC-C697DCF03DDA}"
    ],
    "ultima_modificacion": "2025-08-01 01:01:54.793871"
  },
  "~wrs{97ae95a1884e724e8855136a96d4895e}": {
    "app_sintetizada": "~WRS{97AE95A1884E724E8855136A96D4895E}",
    "cantidad_archivos": 1,
    "archivos_fuente": [
      "Library/Containers/com.microsoft.Word/Data/Library/Application Support/Microsoft/Temp/~WRS{97AE95A1-884E-724E-8855-136A96D4895E}"
    ],
    "ultima_modificacion": "2025-08-01 01:01:54.794258"
  },
  "~wrs{079fe07a96b03b4ba81e0da7f47188e6}": {
    "app_sintetizada": "~WRS{079FE07A96B03B4BA81E0DA7F47188E6}",
    "cantidad_archivos": 1,
    "archivos_fuente": [
      "Library/Containers/com.microsoft.Word/Data/Library/Application Support/Microsoft/Temp/~WRS{079FE07A-96B0-3B4B-A81E-0DA7F47188E6}"
    ],
    "ultima_modificacion": "2025-08-01 01:01:54.794815"
  },
  "~wrs{d0bafcd64421694382fce7e6e73ebe49}": {
    "app_sintetizada": "~WRS{D0BAFCD64421694382FCE7E6E73EBE49}",
    "cantidad_archivos": 1,
    "archivos_fuente": [
      "Library/Containers/com.microsoft.Word/Data/Library/Application Support/Microsoft/Temp/~WRS{D0BAFCD6-4421-6943-82FC-E7E6E73EBE49}"
    ],
    "ultima_modificacion": "2025-08-01 01:01:54.795227"
  },
  "~wrs{957208d795e267489eb88be1c425ca27}": {
    "app_sintetizada": "~WRS{957208D795E267489EB88BE1C425CA27}",
    "cantidad_archivos": 1,
    "archivos_fuente": [
      "Library/Containers/com.microsoft.Word/Data/Library/Application Support/Microsoft/Temp/~WRS{957208D7-95E2-6748-9EB8-8BE1C425CA27}"
    ],
    "ultima_modificacion": "2025-08-01 01:01:54.795569"
  },
  "~wrs{8e489fe712caa8458138fb6fe169a3c4}": {
    "app_sintetizada": "~WRS{8E489FE712CAA8458138FB6FE169A3C4}",
    "cantidad_archivos": 1,
    "archivos_fuente": [
      "Library/Containers/com.microsoft.Word/Data/Library/Application Support/Microsoft/Temp/~WRS{8E489FE7-12CA-A845-8138-FB6FE169A3C4}"
    ],
    "ultima_modificacion": "2025-08-01 01:01:54.796739"
  },
  "~wrs{6ed05a4705de444999c44a46868841fc}": {
    "app_sintetizada": "~WRS{6ED05A4705DE444999C44A46868841FC}",
    "cantidad_archivos": 1,
    "archivos_fuente": [
      "Library/Containers/com.microsoft.Word/Data/Library/Application Support/Microsoft/Temp/~WRS{6ED05A47-05DE-4449-99C4-4A46868841FC}"
    ],
    "ultima_modificacion": "2025-08-01 01:01:54.797105"
  },
  "~wrf{f09a8c8aab71a54e81a8b641eb90bd04}": {
    "app_sintetizada": "~WRF{F09A8C8AAB71A54E81A8B641EB90BD04}",
    "cantidad_archivos": 1,
    "archivos_fuente": [
      "Library/Containers/com.microsoft.Word/Data/Library/Application Support/Microsoft/Temp/~WRF{F09A8C8A-AB71-A54E-81A8-B641EB90BD04}"
    ],
    "ultima_modificacion": "2025-08-01 01:01:54.798662"
  },
  "~wrs{17e2e139f9e12346b4c7b167d7549628}": {
    "app_sintetizada": "~WRS{17E2E139F9E12346B4C7B167D7549628}",
    "cantidad_archivos": 1,
    "archivos_fuente": [
      "Library/Containers/com.microsoft.Word/Data/Library/Application Support/Microsoft/Temp/~WRS{17E2E139-F9E1-2346-B4C7-B167D7549628}"
    ],
    "ultima_modificacion": "2025-08-01 01:01:54.800358"
  },
  "~wrs{4668ca724da4cb4fa1082ce0e1155eb9}": {
    "app_sintetizada": "~WRS{4668CA724DA4CB4FA1082CE0E1155EB9}",
    "cantidad_archivos": 1,
    "archivos_fuente": [
      "Library/Containers/com.microsoft.Word/Data/Library/Application Support/Microsoft/Temp/~WRS{4668CA72-4DA4-CB4F-A108-2CE0E1155EB9}"
    ],
    "ultima_modificacion": "2025-08-01 01:01:54.800769"
  },
  "~wrs{b7d772fa5a54564a834bf0e337eef9ca}": {
    "app_sintetizada": "~WRS{B7D772FA5A54564A834BF0E337EEF9CA}",
    "cantidad_archivos": 1,
    "archivos_fuente": [
      "Library/Containers/com.microsoft.Word/Data/Library/Application Support/Microsoft/Temp/~WRS{B7D772FA-5A54-564A-834B-F0E337EEF9CA}"
    ],
    "ultima_modificacion": "2025-08-01 01:01:54.803028"
  },
  "~wrs{6f8f25774adac846b01dfd742c6634f4}": {
    "app_sintetizada": "~WRS{6F8F25774ADAC846B01DFD742C6634F4}",
    "cantidad_archivos": 1,
    "archivos_fuente": [
      "Library/Containers/com.microsoft.Word/Data/Library/Application Support/Microsoft/Temp/~WRS{6F8F2577-4ADA-C846-B01D-FD742C6634F4}"
    ],
    "ultima_modificacion": "2025-08-01 01:01:54.803819"
  },
  "~wrs{4cf33c7327616248baae1e3ec6ede973}": {
    "app_sintetizada": "~WRS{4CF33C7327616248BAAE1E3EC6EDE973}",
    "cantidad_archivos": 1,
    "archivos_fuente": [
      "Library/Containers/com.microsoft.Word/Data/Library/Application Support/Microsoft/Temp/~WRS{4CF33C73-2761-6248-BAAE-1E3EC6EDE973}"
    ],
    "ultima_modificacion": "2025-08-01 01:01:54.804389"
  },
  "~wrs{981946004ff56f43850760884fd35f1c}": {
    "app_sintetizada": "~WRS{981946004FF56F43850760884FD35F1C}",
    "cantidad_archivos": 1,
    "archivos_fuente": [
      "Library/Containers/com.microsoft.Word/Data/Library/Application Support/Microsoft/Temp/~WRS{98194600-4FF5-6F43-8507-60884FD35F1C}"
    ],
    "ultima_modificacion": "2025-08-01 01:01:54.804829"
  },
  "~wrs{6aad6a1a7ca60041a6c2af37bb0da85c}": {
    "app_sintetizada": "~WRS{6AAD6A1A7CA60041A6C2AF37BB0DA85C}",
    "cantidad_archivos": 1,
    "archivos_fuente": [
      "Library/Containers/com.microsoft.Word/Data/Library/Application Support/Microsoft/Temp/~WRS{6AAD6A1A-7CA6-0041-A6C2-AF37BB0DA85C}"
    ],
    "ultima_modificacion": "2025-08-01 01:01:54.805272"
  },
  "~wrs{243aa7be58be274c85cf35b297986c03}": {
    "app_sintetizada": "~WRS{243AA7BE58BE274C85CF35B297986C03}",
    "cantidad_archivos": 1,
    "archivos_fuente": [
      "Library/Containers/com.microsoft.Word/Data/Library/Application Support/Microsoft/Temp/~WRS{243AA7BE-58BE-274C-85CF-35B297986C03}"
    ],
    "ultima_modificacion": "2025-08-01 01:01:54.805599"
  },
  "~wrs{ace3e1530c23b04487c44add0a307e8a}": {
    "app_sintetizada": "~WRS{ACE3E1530C23B04487C44ADD0A307E8A}",
    "cantidad_archivos": 1,
    "archivos_fuente": [
      "Library/Containers/com.microsoft.Word/Data/Library/Application Support/Microsoft/Temp/~WRS{ACE3E153-0C23-B044-87C4-4ADD0A307E8A}"
    ],
    "ultima_modificacion": "2025-08-01 01:01:54.805931"
  },
  "~wrs{93bc1bb9686130419635262449ff4e88}": {
    "app_sintetizada": "~WRS{93BC1BB9686130419635262449FF4E88}",
    "cantidad_archivos": 1,
    "archivos_fuente": [
      "Library/Containers/com.microsoft.Word/Data/Library/Application Support/Microsoft/Temp/~WRS{93BC1BB9-6861-3041-9635-262449FF4E88}"
    ],
    "ultima_modificacion": "2025-08-01 01:01:54.806252"
  },
  "~wrs{c91670b4e437f64f911928e485b3247b}": {
    "app_sintetizada": "~WRS{C91670B4E437F64F911928E485B3247B}",
    "cantidad_archivos": 1,
    "archivos_fuente": [
      "Library/Containers/com.microsoft.Word/Data/Library/Application Support/Microsoft/Temp/~WRS{C91670B4-E437-F64F-9119-28E485B3247B}"
    ],
    "ultima_modificacion": "2025-08-01 01:01:54.806628"
  },
  "~wrs{fbe9e47417304e4ebe2ff95257542d5f}": {
    "app_sintetizada": "~WRS{FBE9E47417304E4EBE2FF95257542D5F}",
    "cantidad_archivos": 1,
    "archivos_fuente": [
      "Library/Containers/com.microsoft.Word/Data/Library/Application Support/Microsoft/Temp/~WRS{FBE9E474-1730-4E4E-BE2F-F95257542D5F}"
    ],
    "ultima_modificacion": "2025-08-01 01:01:54.806966"
  },
  "~wrd1341": {
    "app_sintetizada": "~WRD1341",
    "cantidad_archivos": 1,
    "archivos_fuente": [
      "Library/Containers/com.microsoft.Word/Data/Library/Application Support/Microsoft/Temp/~WRD1341"
    ],
    "ultima_modificacion": "2025-08-01 01:01:54.807281"
  },
  "~wrs{6d8557521760ac4085e737b7f388d5c1}": {
    "app_sintetizada": "~WRS{6D8557521760AC4085E737B7F388D5C1}",
    "cantidad_archivos": 1,
    "archivos_fuente": [
      "Library/Containers/com.microsoft.Word/Data/Library/Application Support/Microsoft/Temp/~WRS{6D855752-1760-AC40-85E7-37B7F388D5C1}"
    ],
    "ultima_modificacion": "2025-08-01 01:01:54.807575"
  },
  "~wrs{344972f5d25b9b4ba1721f7e9bc156f9}": {
    "app_sintetizada": "~WRS{344972F5D25B9B4BA1721F7E9BC156F9}",
    "cantidad_archivos": 1,
    "archivos_fuente": [
      "Library/Containers/com.microsoft.Word/Data/Library/Application Support/Microsoft/Temp/~WRS{344972F5-D25B-9B4B-A172-1F7E9BC156F9}"
    ],
    "ultima_modificacion": "2025-08-01 01:01:54.807868"
  },
  "~wrs{ab5b710dfded8b42abad4b0e8dd8a6b9}": {
    "app_sintetizada": "~WRS{AB5B710DFDED8B42ABAD4B0E8DD8A6B9}",
    "cantidad_archivos": 1,
    "archivos_fuente": [
      "Library/Containers/com.microsoft.Word/Data/Library/Application Support/Microsoft/Temp/~WRS{AB5B710D-FDED-8B42-ABAD-4B0E8DD8A6B9}"
    ],
    "ultima_modificacion": "2025-08-01 01:01:54.808175"
  },
  "~wrs{7242c1244a2337419a18f54852f990b5}": {
    "app_sintetizada": "~WRS{7242C1244A2337419A18F54852F990B5}",
    "cantidad_archivos": 1,
    "archivos_fuente": [
      "Library/Containers/com.microsoft.Word/Data/Library/Application Support/Microsoft/Temp/~WRS{7242C124-4A23-3741-9A18-F54852F990B5}"
    ],
    "ultima_modificacion": "2025-08-01 01:01:54.808465"
  },
  "~wrs{2db91e5f88f5474f9d3e9473e2202bcc}": {
    "app_sintetizada": "~WRS{2DB91E5F88F5474F9D3E9473E2202BCC}",
    "cantidad_archivos": 1,
    "archivos_fuente": [
      "Library/Containers/com.microsoft.Word/Data/Library/Application Support/Microsoft/Temp/~WRS{2DB91E5F-88F5-474F-9D3E-9473E2202BCC}"
    ],
    "ultima_modificacion": "2025-08-01 01:01:54.808812"
  },
  "~wrs{0d2c2a1990bb624cbf2b697f929ca566}": {
    "app_sintetizada": "~WRS{0D2C2A1990BB624CBF2B697F929CA566}",
    "cantidad_archivos": 1,
    "archivos_fuente": [
      "Library/Containers/com.microsoft.Word/Data/Library/Application Support/Microsoft/Temp/~WRS{0D2C2A19-90BB-624C-BF2B-697F929CA566}"
    ],
    "ultima_modificacion": "2025-08-01 01:01:54.809256"
  },
  "~wrs{85be2887f2784b42a5e083a869cb4dac}": {
    "app_sintetizada": "~WRS{85BE2887F2784B42A5E083A869CB4DAC}",
    "cantidad_archivos": 1,
    "archivos_fuente": [
      "Library/Containers/com.microsoft.Word/Data/Library/Application Support/Microsoft/Temp/~WRS{85BE2887-F278-4B42-A5E0-83A869CB4DAC}"
    ],
    "ultima_modificacion": "2025-08-01 01:01:54.809666"
  },
  "~wrs{484da81599d0d3489b4f4b53b8f32ed5}": {
    "app_sintetizada": "~WRS{484DA81599D0D3489B4F4B53B8F32ED5}",
    "cantidad_archivos": 1,
    "archivos_fuente": [
      "Library/Containers/com.microsoft.Word/Data/Library/Application Support/Microsoft/Temp/~WRS{484DA815-99D0-D348-9B4F-4B53B8F32ED5}"
    ],
    "ultima_modificacion": "2025-08-01 01:01:54.810010"
  },
  "~wrs{dc54a963adb4d94d997eb62cb7146f7f}": {
    "app_sintetizada": "~WRS{DC54A963ADB4D94D997EB62CB7146F7F}",
    "cantidad_archivos": 1,
    "archivos_fuente": [
      "Library/Containers/com.microsoft.Word/Data/Library/Application Support/Microsoft/Temp/~WRS{DC54A963-ADB4-D94D-997E-B62CB7146F7F}"
    ],
    "ultima_modificacion": "2025-08-01 01:01:54.810358"
  },
  "~wrs{677a81862f1c4e4c92f5f9829082aeb2}": {
    "app_sintetizada": "~WRS{677A81862F1C4E4C92F5F9829082AEB2}",
    "cantidad_archivos": 1,
    "archivos_fuente": [
      "Library/Containers/com.microsoft.Word/Data/Library/Application Support/Microsoft/Temp/~WRS{677A8186-2F1C-4E4C-92F5-F9829082AEB2}"
    ],
    "ultima_modificacion": "2025-08-01 01:01:54.810675"
  },
  "~wrs{bbfbe508bc1aad46a120070158a3ba62}": {
    "app_sintetizada": "~WRS{BBFBE508BC1AAD46A120070158A3BA62}",
    "cantidad_archivos": 1,
    "archivos_fuente": [
      "Library/Containers/com.microsoft.Word/Data/Library/Application Support/Microsoft/Temp/~WRS{BBFBE508-BC1A-AD46-A120-070158A3BA62}"
    ],
    "ultima_modificacion": "2025-08-01 01:01:54.811015"
  },
  "~wrs{d8c8b9aa81547847947aaa9949535e15}": {
    "app_sintetizada": "~WRS{D8C8B9AA81547847947AAA9949535E15}",
    "cantidad_archivos": 1,
    "archivos_fuente": [
      "Library/Containers/com.microsoft.Word/Data/Library/Application Support/Microsoft/Temp/~WRS{D8C8B9AA-8154-7847-947A-AA9949535E15}"
    ],
    "ultima_modificacion": "2025-08-01 01:01:54.811356"
  },
  "~wrs{bed4580ac7c7f34496de7ceffe0076a8}": {
    "app_sintetizada": "~WRS{BED4580AC7C7F34496DE7CEFFE0076A8}",
    "cantidad_archivos": 1,
    "archivos_fuente": [
      "Library/Containers/com.microsoft.Word/Data/Library/Application Support/Microsoft/Temp/~WRS{BED4580A-C7C7-F344-96DE-7CEFFE0076A8}"
    ],
    "ultima_modificacion": "2025-08-01 01:01:54.811751"
  },
  "~wrs{caa2a623c80eef4e87bc9f9bbff21b8d}": {
    "app_sintetizada": "~WRS{CAA2A623C80EEF4E87BC9F9BBFF21B8D}",
    "cantidad_archivos": 1,
    "archivos_fuente": [
      "Library/Containers/com.microsoft.Word/Data/Library/Application Support/Microsoft/Temp/~WRS{CAA2A623-C80E-EF4E-87BC-9F9BBFF21B8D}"
    ],
    "ultima_modificacion": "2025-08-01 01:01:54.812120"
  },
  "~wrs{7e4bcb4125e38e419b0944426610c290}": {
    "app_sintetizada": "~WRS{7E4BCB4125E38E419B0944426610C290}",
    "cantidad_archivos": 1,
    "archivos_fuente": [
      "Library/Containers/com.microsoft.Word/Data/Library/Application Support/Microsoft/Temp/~WRS{7E4BCB41-25E3-8E41-9B09-44426610C290}"
    ],
    "ultima_modificacion": "2025-08-01 01:01:54.812427"
  },
  "~wrs{96fe55273b12dc449abf155d0139a9bd}": {
    "app_sintetizada": "~WRS{96FE55273B12DC449ABF155D0139A9BD}",
    "cantidad_archivos": 1,
    "archivos_fuente": [
      "Library/Containers/com.microsoft.Word/Data/Library/Application Support/Microsoft/Temp/~WRS{96FE5527-3B12-DC44-9ABF-155D0139A9BD}"
    ],
    "ultima_modificacion": "2025-08-01 01:01:54.812747"
  },
  "~wrs{4252bd69e647a24aa03ad2bd6f9c7ea2}": {
    "app_sintetizada": "~WRS{4252BD69E647A24AA03AD2BD6F9C7EA2}",
    "cantidad_archivos": 1,
    "archivos_fuente": [
      "Library/Containers/com.microsoft.Word/Data/Library/Application Support/Microsoft/Temp/~WRS{4252BD69-E647-A24A-A03A-D2BD6F9C7EA2}"
    ],
    "ultima_modificacion": "2025-08-01 01:01:54.813080"
  },
  "~wrs{624a3f037ac1b7468f60dbd0670e22ca}": {
    "app_sintetizada": "~WRS{624A3F037AC1B7468F60DBD0670E22CA}",
    "cantidad_archivos": 1,
    "archivos_fuente": [
      "Library/Containers/com.microsoft.Word/Data/Library/Application Support/Microsoft/Temp/~WRS{624A3F03-7AC1-B746-8F60-DBD0670E22CA}"
    ],
    "ultima_modificacion": "2025-08-01 01:01:54.813380"
  },
  "~wrs{a9acf3f57032434a98820afb4b9691e2}": {
    "app_sintetizada": "~WRS{A9ACF3F57032434A98820AFB4B9691E2}",
    "cantidad_archivos": 1,
    "archivos_fuente": [
      "Library/Containers/com.microsoft.Word/Data/Library/Application Support/Microsoft/Temp/~WRS{A9ACF3F5-7032-434A-9882-0AFB4B9691E2}"
    ],
    "ultima_modificacion": "2025-08-01 01:01:54.813666"
  },
  "~wrs{39da186de448ae42becd90d00a0323c2}": {
    "app_sintetizada": "~WRS{39DA186DE448AE42BECD90D00A0323C2}",
    "cantidad_archivos": 1,
    "archivos_fuente": [
      "Library/Containers/com.microsoft.Word/Data/Library/Application Support/Microsoft/Temp/~WRS{39DA186D-E448-AE42-BECD-90D00A0323C2}"
    ],
    "ultima_modificacion": "2025-08-01 01:01:54.813964"
  },
  "~wrs{daf76aeb6fa42644bbc5dfbb65b03ab8}": {
    "app_sintetizada": "~WRS{DAF76AEB6FA42644BBC5DFBB65B03AB8}",
    "cantidad_archivos": 1,
    "archivos_fuente": [
      "Library/Containers/com.microsoft.Word/Data/Library/Application Support/Microsoft/Temp/~WRS{DAF76AEB-6FA4-2644-BBC5-DFBB65B03AB8}"
    ],
    "ultima_modificacion": "2025-08-01 01:01:54.814268"
  },
  "~wrs{cbabc8e63f003d48a41d48322a422894}": {
    "app_sintetizada": "~WRS{CBABC8E63F003D48A41D48322A422894}",
    "cantidad_archivos": 1,
    "archivos_fuente": [
      "Library/Containers/com.microsoft.Word/Data/Library/Application Support/Microsoft/Temp/~WRS{CBABC8E6-3F00-3D48-A41D-48322A422894}"
    ],
    "ultima_modificacion": "2025-08-01 01:01:54.814653"
  },
  "~wrs{bb3fbb06dbde1547a7c7014eb51d3c66}": {
    "app_sintetizada": "~WRS{BB3FBB06DBDE1547A7C7014EB51D3C66}",
    "cantidad_archivos": 1,
    "archivos_fuente": [
      "Library/Containers/com.microsoft.Word/Data/Library/Application Support/Microsoft/Temp/~WRS{BB3FBB06-DBDE-1547-A7C7-014EB51D3C66}"
    ],
    "ultima_modificacion": "2025-08-01 01:01:54.814988"
  },
  "~wrs{52c0757557171949a34f52c80d1e2e92}": {
    "app_sintetizada": "~WRS{52C0757557171949A34F52C80D1E2E92}",
    "cantidad_archivos": 1,
    "archivos_fuente": [
      "Library/Containers/com.microsoft.Word/Data/Library/Application Support/Microsoft/Temp/~WRS{52C07575-5717-1949-A34F-52C80D1E2E92}"
    ],
    "ultima_modificacion": "2025-08-01 01:01:54.815235"
  },
  "~wrs{39ae77804d2a564cbd2dd3cb18ecd5ab}": {
    "app_sintetizada": "~WRS{39AE77804D2A564CBD2DD3CB18ECD5AB}",
    "cantidad_archivos": 1,
    "archivos_fuente": [
      "Library/Containers/com.microsoft.Word/Data/Library/Application Support/Microsoft/Temp/~WRS{39AE7780-4D2A-564C-BD2D-D3CB18ECD5AB}"
    ],
    "ultima_modificacion": "2025-08-01 01:01:54.815482"
  },
  "~wrs{7a2428b61f558c4dac392ba8180646bb}": {
    "app_sintetizada": "~WRS{7A2428B61F558C4DAC392BA8180646BB}",
    "cantidad_archivos": 1,
    "archivos_fuente": [
      "Library/Containers/com.microsoft.Word/Data/Library/Application Support/Microsoft/Temp/~WRS{7A2428B6-1F55-8C4D-AC39-2BA8180646BB}"
    ],
    "ultima_modificacion": "2025-08-01 01:01:54.815723"
  },
  "~wrs{2b58341444f2c2438531766428ecde10}": {
    "app_sintetizada": "~WRS{2B58341444F2C2438531766428ECDE10}",
    "cantidad_archivos": 1,
    "archivos_fuente": [
      "Library/Containers/com.microsoft.Word/Data/Library/Application Support/Microsoft/Temp/~WRS{2B583414-44F2-C243-8531-766428ECDE10}"
    ],
    "ultima_modificacion": "2025-08-01 01:01:54.815949"
  }
}