{
  "samsungicon85a6c6ea2c15ba57eaf32060960588c4.png": {
    "app_sintetizada": "SAMSUNGICON85A6C6EA2C15BA57EAF32060960588C4.PNG",
    "cantidad_archivos": 1,
    "archivos_fuente": [
      "Library/Group Containers/UBF8T346G9.Office/SolutionPackages/1061368d6608fea8a5b139a4d81c3def/PackageResources/OfflineFiles/samsungIcon_85a6c6ea2c15ba57eaf32060960588c4.png"
    ],
    "ultima_modificacion": "2025-08-01 01:01:51.328199"
  },
  "mainssr46c487d6d7b13f230c7747eb828cadaf.html": {
    "app_sintetizada": "MAINSSR46C487D6D7B13F230C7747EB828CADAF.HTML",
    "cantidad_archivos": 1,
    "archivos_fuente": [
      "Library/Group Containers/UBF8T346G9.Office/SolutionPackages/1061368d6608fea8a5b139a4d81c3def/PackageResources/OfflineFiles/main_ssr_46c487d6d7b13f230c7747eb828cadaf.html"
    ],
    "ultima_modificacion": "2025-08-01 01:01:51.328461"
  },
  "microsoft.office.smartlookup.ssrb191f4e37cf056035c0f7fdee974c856.js": {
    "app_sintetizada": "MICROSOFT.OFFICE.SMARTLOOKUP.SSRB191F4E37CF056035C0F7FDEE974C856.JS",
    "cantidad_archivos": 1,
    "archivos_fuente": [
      "Library/Group Containers/UBF8T346G9.Office/SolutionPackages/1061368d6608fea8a5b139a4d81c3def/PackageResources/OfflineFiles/microsoft.office.smartlookup.ssr_b191f4e37cf056035c0f7fdee974c856.js"
    ],
    "ultima_modificacion": "2025-08-01 01:01:51.328703"
  },
  "officestrings8b2183a1c5421f28896d536c48435ef0.js": {
    "app_sintetizada": "OFFICESTRINGS8B2183A1C5421F28896D536C48435EF0.JS",
    "cantidad_archivos": 1,
    "archivos_fuente": [
      "Library/Group Containers/UBF8T346G9.Office/SolutionPackages/1061368d6608fea8a5b139a4d81c3def/PackageResources/OfflineFiles/office_strings_8b2183a1c5421f28896d536c48435ef0.js"
    ],
    "ultima_modificacion": "2025-08-01 01:01:51.328990"
  },
  "officestrings3e303795af1ad7a38eb6af53bbc34f81.js": {
    "app_sintetizada": "OFFICESTRINGS3E303795AF1AD7A38EB6AF53BBC34F81.JS",
    "cantidad_archivos": 1,
    "archivos_fuente": [
      "Library/Group Containers/UBF8T346G9.Office/SolutionPackages/1061368d6608fea8a5b139a4d81c3def/PackageResources/OfflineFiles/office_strings_3e303795af1ad7a38eb6af53bbc34f81.js"
    ],
    "ultima_modificacion": "2025-08-01 01:01:51.329344"
  },
  "binglogohr2de4e33e5e7e5a691c3b649f3d4dd57d.png": {
    "app_sintetizada": "BINGLOGOHR2DE4E33E5E7E5A691C3B649F3D4DD57D.PNG",
    "cantidad_archivos": 1,
    "archivos_fuente": [
      "Library/Group Containers/UBF8T346G9.Office/SolutionPackages/1061368d6608fea8a5b139a4d81c3def/PackageResources/OfflineFiles/bing_logo_hr_2de4e33e5e7e5a691c3b649f3d4dd57d.png"
    ],
    "ultima_modificacion": "2025-08-01 01:01:51.329689"
  },
  "officestringsa1c45df64982b948a74de074fc32e6c1.js": {
    "app_sintetizada": "OFFICESTRINGSA1C45DF64982B948A74DE074FC32E6C1.JS",
    "cantidad_archivos": 1,
    "archivos_fuente": [
      "Library/Group Containers/UBF8T346G9.Office/SolutionPackages/1061368d6608fea8a5b139a4d81c3def/PackageResources/OfflineFiles/office_strings_a1c45df64982b948a74de074fc32e6c1.js"
    ],
    "ultima_modificacion": "2025-08-01 01:01:51.330092"
  },
  "officestrings828d1c07bbdf7bf0c9b047883fa85dce.js": {
    "app_sintetizada": "OFFICESTRINGS828D1C07BBDF7BF0C9B047883FA85DCE.JS",
    "cantidad_archivos": 1,
    "archivos_fuente": [
      "Library/Group Containers/UBF8T346G9.Office/SolutionPackages/1061368d6608fea8a5b139a4d81c3def/PackageResources/OfflineFiles/office_strings_828d1c07bbdf7bf0c9b047883fa85dce.js"
    ],
    "ultima_modificacion": "2025-08-01 01:01:51.330479"
  },
  "officestrings82cf8dccf84ac736ac04bb7e599bc596.js": {
    "app_sintetizada": "OFFICESTRINGS82CF8DCCF84AC736AC04BB7E599BC596.JS",
    "cantidad_archivos": 1,
    "archivos_fuente": [
      "Library/Group Containers/UBF8T346G9.Office/SolutionPackages/1061368d6608fea8a5b139a4d81c3def/PackageResources/OfflineFiles/office_strings_82cf8dccf84ac736ac04bb7e599bc596.js"
    ],
    "ultima_modificacion": "2025-08-01 01:01:51.330822"
  },
  "officestringse1e2be1cebfe351ae478a9546de98976.js": {
    "app_sintetizada": "OFFICESTRINGSE1E2BE1CEBFE351AE478A9546DE98976.JS",
    "cantidad_archivos": 1,
    "archivos_fuente": [
      "Library/Group Containers/UBF8T346G9.Office/SolutionPackages/1061368d6608fea8a5b139a4d81c3def/PackageResources/OfflineFiles/office_strings_e1e2be1cebfe351ae478a9546de98976.js"
    ],
    "ultima_modificacion": "2025-08-01 01:01:51.331187"
  },
  "researchericonsbe95867439e0f782d25a113dcf462821a.woff": {
    "app_sintetizada": "RESEARCHERICONSBE95867439E0F782D25A113DCF462821A.WOFF",
    "cantidad_archivos": 1,
    "archivos_fuente": [
      "Library/Group Containers/UBF8T346G9.Office/SolutionPackages/1061368d6608fea8a5b139a4d81c3def/PackageResources/OfflineFiles/researchericonsb_e95867439e0f782d25a113dcf462821a.woff"
    ],
    "ultima_modificacion": "2025-08-01 01:01:51.331616"
  },
  "searchiconfbc2fea530c95f0c74d758bff8a6b1fd.png": {
    "app_sintetizada": "SEARCHICONFBC2FEA530C95F0C74D758BFF8A6B1FD.PNG",
    "cantidad_archivos": 1,
    "archivos_fuente": [
      "Library/Group Containers/UBF8T346G9.Office/SolutionPackages/1061368d6608fea8a5b139a4d81c3def/PackageResources/OfflineFiles/searchIcon_fbc2fea530c95f0c74d758bff8a6b1fd.png"
    ],
    "ultima_modificacion": "2025-08-01 01:01:51.332074"
  },
  "bingiconfeeadb2a8ce8ab1f88a97e90d98892ff.png": {
    "app_sintetizada": "BINGICONFEEADB2A8CE8AB1F88A97E90D98892FF.PNG",
    "cantidad_archivos": 1,
    "archivos_fuente": [
      "Library/Group Containers/UBF8T346G9.Office/SolutionPackages/1061368d6608fea8a5b139a4d81c3def/PackageResources/OfflineFiles/bingIcon_feeadb2a8ce8ab1f88a97e90d98892ff.png"
    ],
    "ultima_modificacion": "2025-08-01 01:01:51.332458"
  },
  "officestrings89314a378424fcee6bf3aa427b90e792.js": {
    "app_sintetizada": "OFFICESTRINGS89314A378424FCEE6BF3AA427B90E792.JS",
    "cantidad_archivos": 1,
    "archivos_fuente": [
      "Library/Group Containers/UBF8T346G9.Office/SolutionPackages/1061368d6608fea8a5b139a4d81c3def/PackageResources/OfflineFiles/office_strings_89314a378424fcee6bf3aa427b90e792.js"
    ],
    "ultima_modificacion": "2025-08-01 01:01:51.332814"
  },
  "smartlookupiconda35b2f1d1041698116a2ddae0f48327.png": {
    "app_sintetizada": "SMARTLOOKUPICONDA35B2F1D1041698116A2DDAE0F48327.PNG",
    "cantidad_archivos": 1,
    "archivos_fuente": [
      "Library/Group Containers/UBF8T346G9.Office/SolutionPackages/1061368d6608fea8a5b139a4d81c3def/PackageResources/OfflineFiles/smartLookupIcon_da35b2f1d1041698116a2ddae0f48327.png"
    ],
    "ultima_modificacion": "2025-08-01 01:01:51.333191"
  },
  "onedriveicon9a7317e3c933f95b3afc03246d36ebc3.png": {
    "app_sintetizada": "ONEDRIVEICON9A7317E3C933F95B3AFC03246D36EBC3.PNG",
    "cantidad_archivos": 1,
    "archivos_fuente": [
      "Library/Group Containers/UBF8T346G9.Office/SolutionPackages/1061368d6608fea8a5b139a4d81c3def/PackageResources/OfflineFiles/oneDriveIcon_9a7317e3c933f95b3afc03246d36ebc3.png"
    ],
    "ultima_modificacion": "2025-08-01 01:01:51.333576"
  },
  "officestrings199ee4d44137aa5267fbe3c0a2edd335.js": {
    "app_sintetizada": "OFFICESTRINGS199EE4D44137AA5267FBE3C0A2EDD335.JS",
    "cantidad_archivos": 1,
    "archivos_fuente": [
      "Library/Group Containers/UBF8T346G9.Office/SolutionPackages/1061368d6608fea8a5b139a4d81c3def/PackageResources/OfflineFiles/office_strings_199ee4d44137aa5267fbe3c0a2edd335.js"
    ],
    "ultima_modificacion": "2025-08-01 01:01:51.333919"
  },
  "bookiconfcbbc341e9278675669f34f98c743680.png": {
    "app_sintetizada": "BOOKICONFCBBC341E9278675669F34F98C743680.PNG",
    "cantidad_archivos": 1,
    "archivos_fuente": [
      "Library/Group Containers/UBF8T346G9.Office/SolutionPackages/1061368d6608fea8a5b139a4d81c3def/PackageResources/OfflineFiles/bookIcon_fcbbc341e9278675669f34f98c743680.png"
    ],
    "ultima_modificacion": "2025-08-01 01:01:51.334231"
  },
  "binglogo4bdfa776ecd5d0e2df4c618625b9a205.png": {
    "app_sintetizada": "BINGLOGO4BDFA776ECD5D0E2DF4C618625B9A205.PNG",
    "cantidad_archivos": 1,
    "archivos_fuente": [
      "Library/Group Containers/UBF8T346G9.Office/SolutionPackages/1061368d6608fea8a5b139a4d81c3def/PackageResources/OfflineFiles/bing_logo_4bdfa776ecd5d0e2df4c618625b9a205.png"
    ],
    "ultima_modificacion": "2025-08-01 01:01:51.334510"
  },
  "officestrings697f96dbfe908df9976ac4b460f6a0cd.js": {
    "app_sintetizada": "OFFICESTRINGS697F96DBFE908DF9976AC4B460F6A0CD.JS",
    "cantidad_archivos": 1,
    "archivos_fuente": [
      "Library/Group Containers/UBF8T346G9.Office/SolutionPackages/1061368d6608fea8a5b139a4d81c3def/PackageResources/OfflineFiles/office_strings_697f96dbfe908df9976ac4b460f6a0cd.js"
    ],
    "ultima_modificacion": "2025-08-01 01:01:51.334738"
  },
  "binglogohra306e33152ccbd76c5bf5c8a348ac4ba.png": {
    "app_sintetizada": "BINGLOGOHRA306E33152CCBD76C5BF5C8A348AC4BA.PNG",
    "cantidad_archivos": 1,
    "archivos_fuente": [
      "Library/Group Containers/UBF8T346G9.Office/SolutionPackages/1061368d6608fea8a5b139a4d81c3def/PackageResources/OfflineFiles/bing_logo_hr_a306e33152ccbd76c5bf5c8a348ac4ba.png"
    ],
    "ultima_modificacion": "2025-08-01 01:01:51.335075"
  },
  "m2colorfulb2e1fc6a95c2aa8faba8cb19e7c9c882.css": {
    "app_sintetizada": "M2COLORFULB2E1FC6A95C2AA8FABA8CB19E7C9C882.CSS",
    "cantidad_archivos": 1,
    "archivos_fuente": [
      "Library/Group Containers/UBF8T346G9.Office/SolutionPackages/1061368d6608fea8a5b139a4d81c3def/PackageResources/OfflineFiles/m2_colorful_b2e1fc6a95c2aa8faba8cb19e7c9c882.css"
    ],
    "ultima_modificacion": "2025-08-01 01:01:51.335393"
  },
  "binglogo63258b0292d3f17af26392290f7e5a53.png": {
    "app_sintetizada": "BINGLOGO63258B0292D3F17AF26392290F7E5A53.PNG",
    "cantidad_archivos": 1,
    "archivos_fuente": [
      "Library/Group Containers/UBF8T346G9.Office/SolutionPackages/1061368d6608fea8a5b139a4d81c3def/PackageResources/OfflineFiles/bing_logo_63258b0292d3f17af26392290f7e5a53.png"
    ],
    "ultima_modificacion": "2025-08-01 01:01:51.335778"
  },
  "topiciconb16037638a4ba876629af99984981887.png": {
    "app_sintetizada": "TOPICICONB16037638A4BA876629AF99984981887.PNG",
    "cantidad_archivos": 1,
    "archivos_fuente": [
      "Library/Group Containers/UBF8T346G9.Office/SolutionPackages/1061368d6608fea8a5b139a4d81c3def/PackageResources/OfflineFiles/topicIcon_b16037638a4ba876629af99984981887.png"
    ],
    "ultima_modificacion": "2025-08-01 01:01:51.336133"
  },
  "onenoteicon83e8346eb9d71b661ec49d3adbab6291.png": {
    "app_sintetizada": "ONENOTEICON83E8346EB9D71B661EC49D3ADBAB6291.PNG",
    "cantidad_archivos": 1,
    "archivos_fuente": [
      "Library/Group Containers/UBF8T346G9.Office/SolutionPackages/1061368d6608fea8a5b139a4d81c3def/PackageResources/OfflineFiles/onenoteIcon_83e8346eb9d71b661ec49d3adbab6291.png"
    ],
    "ultima_modificacion": "2025-08-01 01:01:51.336499"
  },
  "translateicon32x321f2d44713f9f6ab18d3b456732a6cd5c.png": {
    "app_sintetizada": "TRANSLATEICON32X321F2D44713F9F6AB18D3B456732A6CD5C.PNG",
    "cantidad_archivos": 2,
    "archivos_fuente": [
      "Library/Group Containers/UBF8T346G9.Office/SolutionPackages/c7aedd7d37e9a7ab67500f2a96de0154/PackageResources/TranslateIcon32x32_1f2d44713f9f6ab18d3b456732a6cd5c.png",
      "Library/Group Containers/UBF8T346G9.Office/SolutionPackages/c7aedd7d37e9a7ab67500f2a96de0154/PackageResources/OfflineFiles/TranslateIcon32x32_1f2d44713f9f6ab18d3b456732a6cd5c.png"
    ],
    "ultima_modificacion": "2025-08-01 01:01:51.336830"
  },
  "overridemacf76168c82308f7c9849fd2840fe8d259.css": {
    "app_sintetizada": "OVERRIDEMACF76168C82308F7C9849FD2840FE8D259.CSS",
    "cantidad_archivos": 1,
    "archivos_fuente": [
      "Library/Group Containers/UBF8T346G9.Office/SolutionPackages/c7aedd7d37e9a7ab67500f2a96de0154/PackageResources/OfflineFiles/override-mac_f76168c82308f7c9849fd2840fe8d259.css"
    ],
    "ultima_modificacion": "2025-08-01 01:01:51.337076"
  },
  "reactdom.min27a8068f7845b22ea825b6827cfd2b10.js": {
    "app_sintetizada": "REACTDOM.MIN27A8068F7845B22EA825B6827CFD2B10.JS",
    "cantidad_archivos": 1,
    "archivos_fuente": [
      "Library/Group Containers/UBF8T346G9.Office/SolutionPackages/c7aedd7d37e9a7ab67500f2a96de0154/PackageResources/OfflineFiles/react-dom.min_27a8068f7845b22ea825b6827cfd2b10.js"
    ],
    "ultima_modificacion": "2025-08-01 01:01:51.337417"
  },
  "mslogo309b8bcb733f64e790ff5eaa74076fa9.png": {
    "app_sintetizada": "MSLOGO309B8BCB733F64E790FF5EAA74076FA9.PNG",
    "cantidad_archivos": 1,
    "archivos_fuente": [
      "Library/Group Containers/UBF8T346G9.Office/SolutionPackages/c7aedd7d37e9a7ab67500f2a96de0154/PackageResources/OfflineFiles/MSLogo_309b8bcb733f64e790ff5eaa74076fa9.png"
    ],
    "ultima_modificacion": "2025-08-01 01:01:51.337756"
  },
  "react.minf22492ae996884949f5f0e0204796add.js": {
    "app_sintetizada": "REACT.MINF22492AE996884949F5F0E0204796ADD.JS",
    "cantidad_archivos": 1,
    "archivos_fuente": [
      "Library/Group Containers/UBF8T346G9.Office/SolutionPackages/c7aedd7d37e9a7ab67500f2a96de0154/PackageResources/OfflineFiles/react.min_f22492ae996884949f5f0e0204796add.js"
    ],
    "ultima_modificacion": "2025-08-01 01:01:51.338068"
  },
  "segoeuisemiboldadf3bdddb5e8fdd95786966de9f5c041.woff": {
    "app_sintetizada": "SEGOEUISEMIBOLDADF3BDDDB5E8FDD95786966DE9F5C041.WOFF",
    "cantidad_archivos": 1,
    "archivos_fuente": [
      "Library/Group Containers/UBF8T346G9.Office/SolutionPackages/c7aedd7d37e9a7ab67500f2a96de0154/PackageResources/OfflineFiles/segoeui-semibold_adf3bdddb5e8fdd95786966de9f5c041.woff"
    ],
    "ultima_modificacion": "2025-08-01 01:01:51.338395"
  },
  "dropdown.minee47ece9d48d13a62b12e60120b51d46.css": {
    "app_sintetizada": "DROPDOWN.MINEE47ECE9D48D13A62B12E60120B51D46.CSS",
    "cantidad_archivos": 1,
    "archivos_fuente": [
      "Library/Group Containers/UBF8T346G9.Office/SolutionPackages/c7aedd7d37e9a7ab67500f2a96de0154/PackageResources/OfflineFiles/dropdown.min_ee47ece9d48d13a62b12e60120b51d46.css"
    ],
    "ultima_modificacion": "2025-08-01 01:01:51.338732"
  },
  "segoeuilight4b1c012d11ad79108a2eef4959135ba5.woff": {
    "app_sintetizada": "SEGOEUILIGHT4B1C012D11AD79108A2EEF4959135BA5.WOFF",
    "cantidad_archivos": 1,
    "archivos_fuente": [
      "Library/Group Containers/UBF8T346G9.Office/SolutionPackages/c7aedd7d37e9a7ab67500f2a96de0154/PackageResources/OfflineFiles/segoeui-light_4b1c012d11ad79108a2eef4959135ba5.woff"
    ],
    "ultima_modificacion": "2025-08-01 01:01:51.339052"
  },
  "transition.mina0b28cf457c0dd6e141c9c00e504b0de.css": {
    "app_sintetizada": "TRANSITION.MINA0B28CF457C0DD6E141C9C00E504B0DE.CSS",
    "cantidad_archivos": 1,
    "archivos_fuente": [
      "Library/Group Containers/UBF8T346G9.Office/SolutionPackages/c7aedd7d37e9a7ab67500f2a96de0154/PackageResources/OfflineFiles/transition.min_a0b28cf457c0dd6e141c9c00e504b0de.css"
    ],
    "ultima_modificacion": "2025-08-01 01:01:51.339392"
  },
  "index4c9490dec8f0360011c7fa0a50ae6d8c.html": {
    "app_sintetizada": "INDEX4C9490DEC8F0360011C7FA0A50AE6D8C.HTML",
    "cantidad_archivos": 1,
    "archivos_fuente": [
      "Library/Group Containers/UBF8T346G9.Office/SolutionPackages/c7aedd7d37e9a7ab67500f2a96de0154/PackageResources/OfflineFiles/index_4c9490dec8f0360011c7fa0a50ae6d8c.html"
    ],
    "ultima_modificacion": "2025-08-01 01:01:51.339801"
  },
  "segoeuiregularb37aeac7678a117d1c8465480715a4b8.woff": {
    "app_sintetizada": "SEGOEUIREGULARB37AEAC7678A117D1C8465480715A4B8.WOFF",
    "cantidad_archivos": 1,
    "archivos_fuente": [
      "Library/Group Containers/UBF8T346G9.Office/SolutionPackages/c7aedd7d37e9a7ab67500f2a96de0154/PackageResources/OfflineFiles/segoeui-regular_b37aeac7678a117d1c8465480715a4b8.woff"
    ],
    "ultima_modificacion": "2025-08-01 01:01:51.340327"
  },
  "segoeuisemilightb5b989eb23ca971f099562b180324310.woff": {
    "app_sintetizada": "SEGOEUISEMILIGHTB5B989EB23CA971F099562B180324310.WOFF",
    "cantidad_archivos": 1,
    "archivos_fuente": [
      "Library/Group Containers/UBF8T346G9.Office/SolutionPackages/c7aedd7d37e9a7ab67500f2a96de0154/PackageResources/OfflineFiles/segoeui-semilight_b5b989eb23ca971f099562b180324310.woff"
    ],
    "ultima_modificacion": "2025-08-01 01:01:51.340718"
  },
  "fabricmdl2icons2.387902e1ad6fae63779becd982d55fc755.woff": {
    "app_sintetizada": "FABRICMDL2ICONS2.387902E1AD6FAE63779BECD982D55FC755.WOFF",
    "cantidad_archivos": 1,
    "archivos_fuente": [
      "Library/Group Containers/UBF8T346G9.Office/SolutionPackages/c7aedd7d37e9a7ab67500f2a96de0154/PackageResources/OfflineFiles/fabricmdl2icons-2.38_7902e1ad6fae63779becd982d55fc755.woff"
    ],
    "ultima_modificacion": "2025-08-01 01:01:51.341129"
  },
  "translateicon64x644a1bd8d712f9ec5f0da0b0e389dfdc1d.png": {
    "app_sintetizada": "TRANSLATEICON64X644A1BD8D712F9EC5F0DA0B0E389DFDC1D.PNG",
    "cantidad_archivos": 1,
    "archivos_fuente": [
      "Library/Group Containers/UBF8T346G9.Office/SolutionPackages/c7aedd7d37e9a7ab67500f2a96de0154/PackageResources/OfflineFiles/TranslateIcon64x64_4a1bd8d712f9ec5f0da0b0e389dfdc1d.png"
    ],
    "ultima_modificacion": "2025-08-01 01:01:51.341504"
  },
  "jquery.mina9aa74d836a33524bde3e897ad35f5f9.js": {
    "app_sintetizada": "JQUERY.MINA9AA74D836A33524BDE3E897AD35F5F9.JS",
    "cantidad_archivos": 1,
    "archivos_fuente": [
      "Library/Group Containers/UBF8T346G9.Office/SolutionPackages/c7aedd7d37e9a7ab67500f2a96de0154/PackageResources/OfflineFiles/jquery.min_a9aa74d836a33524bde3e897ad35f5f9.js"
    ],
    "ultima_modificacion": "2025-08-01 01:01:51.341832"
  },
  "index8ceba61edb30c637224d774a3b44d863.js": {
    "app_sintetizada": "INDEX8CEBA61EDB30C637224D774A3B44D863.JS",
    "cantidad_archivos": 1,
    "archivos_fuente": [
      "Library/Group Containers/UBF8T346G9.Office/SolutionPackages/c7aedd7d37e9a7ab67500f2a96de0154/PackageResources/OfflineFiles/index_8ceba61edb30c637224d774a3b44d863.js"
    ],
    "ultima_modificacion": "2025-08-01 01:01:51.342200"
  },
  "index0f04b91d96ac2a62fd94dba0e48647d7.css": {
    "app_sintetizada": "INDEX0F04B91D96AC2A62FD94DBA0E48647D7.CSS",
    "cantidad_archivos": 1,
    "archivos_fuente": [
      "Library/Group Containers/UBF8T346G9.Office/SolutionPackages/c7aedd7d37e9a7ab67500f2a96de0154/PackageResources/OfflineFiles/index_0f04b91d96ac2a62fd94dba0e48647d7.css"
    ],
    "ultima_modificacion": "2025-08-01 01:01:51.342565"
  },
  "oteljsf90942484fe888f39964aed114e56a28.js": {
    "app_sintetizada": "OTELJSF90942484FE888F39964AED114E56A28.JS",
    "cantidad_archivos": 3,
    "archivos_fuente": [
      "Library/Group Containers/UBF8T346G9.Office/SolutionPackages/40fe1a36e9ea182fd2b9dc0f861d2b63/PackageResources/OfflineFiles/oteljs_f90942484fe888f39964aed114e56a28.js",
      "Library/Group Containers/UBF8T346G9.Office/SolutionPackages/bf539111bed24d7d88267de3a22d98ce/PackageResources/OfflineFiles/oteljs_f90942484fe888f39964aed114e56a28.js",
      "Library/Group Containers/UBF8T346G9.Office/SolutionPackages/8ea45b3e568c54c92bb2eba9ac191f42/PackageResources/OfflineFiles/oteljs_f90942484fe888f39964aed114e56a28.js"
    ],
    "ultima_modificacion": "2025-08-01 01:01:51.342915"
  },
  "powerpointwin3216.01a83a7908cbb24395227f5ee17575477a.js": {
    "app_sintetizada": "POWERPOINTWIN3216.01A83A7908CBB24395227F5EE17575477A.JS",
    "cantidad_archivos": 2,
    "archivos_fuente": [
      "Library/Group Containers/UBF8T346G9.Office/SolutionPackages/40fe1a36e9ea182fd2b9dc0f861d2b63/PackageResources/OfflineFiles/powerpoint-win32-16.01_a83a7908cbb24395227f5ee17575477a.js",
      "Library/Group Containers/UBF8T346G9.Office/SolutionPackages/8ea45b3e568c54c92bb2eba9ac191f42/PackageResources/OfflineFiles/powerpoint-win32-16.01_a83a7908cbb24395227f5ee17575477a.js"
    ],
    "ultima_modificacion": "2025-08-01 01:01:51.343311"
  },
  "officestrings176f6558dbb440f26decec866f7cb844.js": {
    "app_sintetizada": "OFFICESTRINGS176F6558DBB440F26DECEC866F7CB844.JS",
    "cantidad_archivos": 3,
    "archivos_fuente": [
      "Library/Group Containers/UBF8T346G9.Office/SolutionPackages/40fe1a36e9ea182fd2b9dc0f861d2b63/PackageResources/OfflineFiles/office_strings_176f6558dbb440f26decec866f7cb844.js",
      "Library/Group Containers/UBF8T346G9.Office/SolutionPackages/bf539111bed24d7d88267de3a22d98ce/PackageResources/OfflineFiles/office_strings_176f6558dbb440f26decec866f7cb844.js",
      "Library/Group Containers/UBF8T346G9.Office/SolutionPackages/8ea45b3e568c54c92bb2eba9ac191f42/PackageResources/OfflineFiles/office_strings_176f6558dbb440f26decec866f7cb844.js"
    ],
    "ultima_modificacion": "2025-08-01 01:01:51.343648"
  },
  "wordwin3216.01e27f33a045d1f68178914c9754931b86.js": {
    "app_sintetizada": "WORDWIN3216.01E27F33A045D1F68178914C9754931B86.JS",
    "cantidad_archivos": 1,
    "archivos_fuente": [
      "Library/Group Containers/UBF8T346G9.Office/SolutionPackages/40fe1a36e9ea182fd2b9dc0f861d2b63/PackageResources/OfflineFiles/word-win32-16.01_e27f33a045d1f68178914c9754931b86.js"
    ],
    "ultima_modificacion": "2025-08-01 01:01:51.344049"
  },
  "oteljsagavecc8f80350be7f054cf0bd5d00eb24523.js": {
    "app_sintetizada": "OTELJSAGAVECC8F80350BE7F054CF0BD5D00EB24523.JS",
    "cantidad_archivos": 3,
    "archivos_fuente": [
      "Library/Group Containers/UBF8T346G9.Office/SolutionPackages/40fe1a36e9ea182fd2b9dc0f861d2b63/PackageResources/OfflineFiles/oteljs_agave_cc8f80350be7f054cf0bd5d00eb24523.js",
      "Library/Group Containers/UBF8T346G9.Office/SolutionPackages/bf539111bed24d7d88267de3a22d98ce/PackageResources/OfflineFiles/oteljs_agave_cc8f80350be7f054cf0bd5d00eb24523.js",
      "Library/Group Containers/UBF8T346G9.Office/SolutionPackages/8ea45b3e568c54c92bb2eba9ac191f42/PackageResources/OfflineFiles/oteljs_agave_cc8f80350be7f054cf0bd5d00eb24523.js"
    ],
    "ultima_modificacion": "2025-08-01 01:01:51.344516"
  },
  "officebb798de0be696d51c249fa1360f329b6.js": {
    "app_sintetizada": "OFFICEBB798DE0BE696D51C249FA1360F329B6.JS",
    "cantidad_archivos": 3,
    "archivos_fuente": [
      "Library/Group Containers/UBF8T346G9.Office/SolutionPackages/40fe1a36e9ea182fd2b9dc0f861d2b63/PackageResources/OfflineFiles/office_bb798de0be696d51c249fa1360f329b6.js",
      "Library/Group Containers/UBF8T346G9.Office/SolutionPackages/bf539111bed24d7d88267de3a22d98ce/PackageResources/OfflineFiles/office_bb798de0be696d51c249fa1360f329b6.js",
      "Library/Group Containers/UBF8T346G9.Office/SolutionPackages/8ea45b3e568c54c92bb2eba9ac191f42/PackageResources/OfflineFiles/office_bb798de0be696d51c249fa1360f329b6.js"
    ],
    "ultima_modificacion": "2025-08-01 01:01:51.344869"
  },
  "excelwin3216.0109cc193fd22ac1d80c1688fb6e647114.js": {
    "app_sintetizada": "EXCELWIN3216.0109CC193FD22AC1D80C1688FB6E647114.JS",
    "cantidad_archivos": 2,
    "archivos_fuente": [
      "Library/Group Containers/UBF8T346G9.Office/SolutionPackages/40fe1a36e9ea182fd2b9dc0f861d2b63/PackageResources/OfflineFiles/excel-win32-16.01_09cc193fd22ac1d80c1688fb6e647114.js",
      "Library/Group Containers/UBF8T346G9.Office/SolutionPackages/8ea45b3e568c54c92bb2eba9ac191f42/PackageResources/OfflineFiles/excel-win32-16.01_09cc193fd22ac1d80c1688fb6e647114.js"
    ],
    "ultima_modificacion": "2025-08-01 01:01:51.345222"
  },
  "index.macos.jsbundle.license.txt": {
    "app_sintetizada": "INDEX.MACOS.JSBUNDLE.LICENSE.TXT",
    "cantidad_archivos": 1,
    "archivos_fuente": [
      "Library/Group Containers/UBF8T346G9.Office/SolutionPackages/b5419f0174c792076e7083dc227c2afb/PackageResources/index.macos.jsbundle.LICENSE.txt"
    ],
    "ultima_modificacion": "2025-08-01 01:01:51.345577"
  },
  "tester.macos.jsbundle.license.txt": {
    "app_sintetizada": "TESTER.MACOS.JSBUNDLE.LICENSE.TXT",
    "cantidad_archivos": 1,
    "archivos_fuente": [
      "Library/Group Containers/UBF8T346G9.Office/SolutionPackages/b5419f0174c792076e7083dc227c2afb/PackageResources/tester.macos.jsbundle.LICENSE.txt"
    ],
    "ultima_modificacion": "2025-08-01 01:01:51.345920"
  },
  "officestrings.debug72b13d0d1f23842be5c53457f9236c3b.js": {
    "app_sintetizada": "OFFICESTRINGS.DEBUG72B13D0D1F23842BE5C53457F9236C3B.JS",
    "cantidad_archivos": 1,
    "archivos_fuente": [
      "Library/Group Containers/UBF8T346G9.Office/SolutionPackages/bf539111bed24d7d88267de3a22d98ce/PackageResources/OfflineFiles/office_strings.debug_72b13d0d1f23842be5c53457f9236c3b.js"
    ],
    "ultima_modificacion": "2025-08-01 01:01:51.346256"
  },
  "icon169feca4b4e87ae2f08e67b0b6b531663f.png": {
    "app_sintetizada": "ICON169FECA4B4E87AE2F08E67B0B6B531663F.PNG",
    "cantidad_archivos": 1,
    "archivos_fuente": [
      "Library/Group Containers/UBF8T346G9.Office/SolutionPackages/bf539111bed24d7d88267de3a22d98ce/PackageResources/OfflineFiles/icon-16_9feca4b4e87ae2f08e67b0b6b531663f.png"
    ],
    "ultima_modificacion": "2025-08-01 01:01:51.346622"
  },
  "icon32bf764156187e5f2eaf091edaf462f7ca.png": {
    "app_sintetizada": "ICON32BF764156187E5F2EAF091EDAF462F7CA.PNG",
    "cantidad_archivos": 1,
    "archivos_fuente": [
      "Library/Group Containers/UBF8T346G9.Office/SolutionPackages/bf539111bed24d7d88267de3a22d98ce/PackageResources/OfflineFiles/icon-32_bf764156187e5f2eaf091edaf462f7ca.png"
    ],
    "ultima_modificacion": "2025-08-01 01:01:51.346953"
  },
  "officestrings.debug497d90b1faac7bd44055585720c3d82c.js": {
    "app_sintetizada": "OFFICESTRINGS.DEBUG497D90B1FAAC7BD44055585720C3D82C.JS",
    "cantidad_archivos": 1,
    "archivos_fuente": [
      "Library/Group Containers/UBF8T346G9.Office/SolutionPackages/bf539111bed24d7d88267de3a22d98ce/PackageResources/OfflineFiles/office_strings.debug_497d90b1faac7bd44055585720c3d82c.js"
    ],
    "ultima_modificacion": "2025-08-01 01:01:51.347266"
  },
  "requestsentwaitingicon9c855437fa312cbc53bf1b2b7e477d80.png": {
    "app_sintetizada": "REQUESTSENTWAITINGICON9C855437FA312CBC53BF1B2B7E477D80.PNG",
    "cantidad_archivos": 1,
    "archivos_fuente": [
      "Library/Group Containers/UBF8T346G9.Office/SolutionPackages/bf539111bed24d7d88267de3a22d98ce/PackageResources/OfflineFiles/request-sent-waiting-icon_9c855437fa312cbc53bf1b2b7e477d80.png"
    ],
    "ultima_modificacion": "2025-08-01 01:01:51.347639"
  },
  "genericerroricon0374db4db0fcb54529bdabed4db6853c.png": {
    "app_sintetizada": "GENERICERRORICON0374DB4DB0FCB54529BDABED4DB6853C.PNG",
    "cantidad_archivos": 1,
    "archivos_fuente": [
      "Library/Group Containers/UBF8T346G9.Office/SolutionPackages/bf539111bed24d7d88267de3a22d98ce/PackageResources/OfflineFiles/generic-error-icon_0374db4db0fcb54529bdabed4db6853c.png"
    ],
    "ultima_modificacion": "2025-08-01 01:01:51.348056"
  },
  "indexc2224d7e15543a93fa1db56d01c09c84.html": {
    "app_sintetizada": "INDEXC2224D7E15543A93FA1DB56D01C09C84.HTML",
    "cantidad_archivos": 1,
    "archivos_fuente": [
      "Library/Group Containers/UBF8T346G9.Office/SolutionPackages/bf539111bed24d7d88267de3a22d98ce/PackageResources/OfflineFiles/index_c2224d7e15543a93fa1db56d01c09c84.html"
    ],
    "ultima_modificacion": "2025-08-01 01:01:51.348461"
  },
  "requestsentfulfilledicondfc323d4274da1a0d02a0daa49abe665.png": {
    "app_sintetizada": "REQUESTSENTFULFILLEDICONDFC323D4274DA1A0D02A0DAA49ABE665.PNG",
    "cantidad_archivos": 1,
    "archivos_fuente": [
      "Library/Group Containers/UBF8T346G9.Office/SolutionPackages/bf539111bed24d7d88267de3a22d98ce/PackageResources/OfflineFiles/request-sent-fulfilled-icon_dfc323d4274da1a0d02a0daa49abe665.png"
    ],
    "ultima_modificacion": "2025-08-01 01:01:51.348903"
  },
  "bootstrap.min6dc23c90441eefdba419da30af29595c.css": {
    "app_sintetizada": "BOOTSTRAP.MIN6DC23C90441EEFDBA419DA30AF29595C.CSS",
    "cantidad_archivos": 2,
    "archivos_fuente": [
      "Library/Group Containers/UBF8T346G9.Office/SolutionPackages/bf539111bed24d7d88267de3a22d98ce/PackageResources/OfflineFiles/bootstrap.min_6dc23c90441eefdba419da30af29595c.css",
      "Library/Group Containers/UBF8T346G9.Office/SolutionPackages/8ea45b3e568c54c92bb2eba9ac191f42/PackageResources/OfflineFiles/bootstrap.min_6dc23c90441eefdba419da30af29595c.css"
    ],
    "ultima_modificacion": "2025-08-01 01:01:51.349292"
  },
  "icon80bd89705ed10b98cc0f48f3afff17f0f5.png": {
    "app_sintetizada": "ICON80BD89705ED10B98CC0F48F3AFFF17F0F5.PNG",
    "cantidad_archivos": 1,
    "archivos_fuente": [
      "Library/Group Containers/UBF8T346G9.Office/SolutionPackages/bf539111bed24d7d88267de3a22d98ce/PackageResources/OfflineFiles/icon-80_bd89705ed10b98cc0f48f3afff17f0f5.png"
    ],
    "ultima_modificacion": "2025-08-01 01:01:51.349697"
  },
  "main7476d023449b3c8dde3c31c306feff63.js": {
    "app_sintetizada": "MAIN7476D023449B3C8DDE3C31C306FEFF63.JS",
    "cantidad_archivos": 1,
    "archivos_fuente": [
      "Library/Group Containers/UBF8T346G9.Office/SolutionPackages/bf539111bed24d7d88267de3a22d98ce/PackageResources/OfflineFiles/main_7476d023449b3c8dde3c31c306feff63.js"
    ],
    "ultima_modificacion": "2025-08-01 01:01:51.350091"
  },
  "indexaba6b43f82ac899efa95b3d7c397fff6.ts": {
    "app_sintetizada": "INDEXABA6B43F82AC899EFA95B3D7C397FFF6.TS",
    "cantidad_archivos": 1,
    "archivos_fuente": [
      "Library/Group Containers/UBF8T346G9.Office/SolutionPackages/8ea45b3e568c54c92bb2eba9ac191f42/PackageResources/OfflineFiles/index_aba6b43f82ac899efa95b3d7c397fff6.ts"
    ],
    "ultima_modificacion": "2025-08-01 01:01:51.350441"
  },
  "index61e4175d5e52b897056ec376b0d4b999.html": {
    "app_sintetizada": "INDEX61E4175D5E52B897056EC376B0D4B999.HTML",
    "cantidad_archivos": 1,
    "archivos_fuente": [
      "Library/Group Containers/UBF8T346G9.Office/SolutionPackages/8ea45b3e568c54c92bb2eba9ac191f42/PackageResources/OfflineFiles/index_61e4175d5e52b897056ec376b0d4b999.html"
    ],
    "ultima_modificacion": "2025-08-01 01:01:51.350797"
  },
  "handleimplicitdata977e77f0a4dc60c9e23160929c7f7b96.ts": {
    "app_sintetizada": "HANDLEIMPLICITDATA977E77F0A4DC60C9E23160929C7F7B96.TS",
    "cantidad_archivos": 1,
    "archivos_fuente": [
      "Library/Group Containers/UBF8T346G9.Office/SolutionPackages/8ea45b3e568c54c92bb2eba9ac191f42/PackageResources/OfflineFiles/handleImplicitData_977e77f0a4dc60c9e23160929c7f7b96.ts"
    ],
    "ultima_modificacion": "2025-08-01 01:01:51.351168"
  },
  "osftypes.d41e65df46f137eb6cc0461a347af127c.ts": {
    "app_sintetizada": "OSFTYPES.D41E65DF46F137EB6CC0461A347AF127C.TS",
    "cantidad_archivos": 1,
    "archivos_fuente": [
      "Library/Group Containers/UBF8T346G9.Office/SolutionPackages/8ea45b3e568c54c92bb2eba9ac191f42/PackageResources/OfflineFiles/OsfTypes.d_41e65df46f137eb6cc0461a347af127c.ts"
    ],
    "ultima_modificacion": "2025-08-01 01:01:51.351542"
  },
  "script9214f72137f2a85a8343b17b0b38e2ba.ts": {
    "app_sintetizada": "SCRIPT9214F72137F2A85A8343B17B0B38E2BA.TS",
    "cantidad_archivos": 1,
    "archivos_fuente": [
      "Library/Group Containers/UBF8T346G9.Office/SolutionPackages/8ea45b3e568c54c92bb2eba9ac191f42/PackageResources/OfflineFiles/Script_9214f72137f2a85a8343b17b0b38e2ba.ts"
    ],
    "ultima_modificacion": "2025-08-01 01:01:51.351886"
  },
  "ond0590034a4fa50dd5dfe378288729ffb.png": {
    "app_sintetizada": "OND0590034A4FA50DD5DFE378288729FFB.PNG",
    "cantidad_archivos": 1,
    "archivos_fuente": [
      "Library/Group Containers/UBF8T346G9.Office/SolutionPackages/8ea45b3e568c54c92bb2eba9ac191f42/PackageResources/OfflineFiles/on_d0590034a4fa50dd5dfe378288729ffb.png"
    ],
    "ultima_modificacion": "2025-08-01 01:01:51.352252"
  },
  "logofilled434d5dea20c4e14e80de8294060d5289.png": {
    "app_sintetizada": "LOGOFILLED434D5DEA20C4E14E80DE8294060D5289.PNG",
    "cantidad_archivos": 1,
    "archivos_fuente": [
      "Library/Group Containers/UBF8T346G9.Office/SolutionPackages/8ea45b3e568c54c92bb2eba9ac191f42/PackageResources/OfflineFiles/logo-filled_434d5dea20c4e14e80de8294060d5289.png"
    ],
    "ultima_modificacion": "2025-08-01 01:01:51.352624"
  },
  "powerautomateaddina09aa4a1fbf50af7bb84ce758479b3f0.js": {
    "app_sintetizada": "POWERAUTOMATEADDINA09AA4A1FBF50AF7BB84CE758479B3F0.JS",
    "cantidad_archivos": 1,
    "archivos_fuente": [
      "Library/Group Containers/UBF8T346G9.Office/SolutionPackages/8ea45b3e568c54c92bb2eba9ac191f42/PackageResources/OfflineFiles/powerAutomateAddin_a09aa4a1fbf50af7bb84ce758479b3f0.js"
    ],
    "ultima_modificacion": "2025-08-01 01:01:51.352977"
  },
  "index2e722072f7f31d9dcb1da4123fd4d7478.html": {
    "app_sintetizada": "INDEX2E722072F7F31D9DCB1DA4123FD4D7478.HTML",
    "cantidad_archivos": 1,
    "archivos_fuente": [
      "Library/Group Containers/UBF8T346G9.Office/SolutionPackages/8ea45b3e568c54c92bb2eba9ac191f42/PackageResources/OfflineFiles/index2_e722072f7f31d9dcb1da4123fd4d7478.html"
    ],
    "ultima_modificacion": "2025-08-01 01:01:51.353876"
  },
  "officejsshim1bc86f4c2466f159859adb75134a1481.ts": {
    "app_sintetizada": "OFFICEJSSHIM1BC86F4C2466F159859ADB75134A1481.TS",
    "cantidad_archivos": 1,
    "archivos_fuente": [
      "Library/Group Containers/UBF8T346G9.Office/SolutionPackages/8ea45b3e568c54c92bb2eba9ac191f42/PackageResources/OfflineFiles/officeJSShim_1bc86f4c2466f159859adb75134a1481.ts"
    ],
    "ultima_modificacion": "2025-08-01 01:01:51.354453"
  },
  "aiimage6bd989f714dc18d11992c0ea83630356.png": {
    "app_sintetizada": "AIIMAGE6BD989F714DC18D11992C0EA83630356.PNG",
    "cantidad_archivos": 1,
    "archivos_fuente": [
      "Library/Group Containers/UBF8T346G9.Office/SolutionPackages/8ea45b3e568c54c92bb2eba9ac191f42/PackageResources/OfflineFiles/aiImage_6bd989f714dc18d11992c0ea83630356.png"
    ],
    "ultima_modificacion": "2025-08-01 01:01:51.354828"
  },
  "aiimage5d9354a30168c5d18fbd96626f89aff5.png": {
    "app_sintetizada": "AIIMAGE5D9354A30168C5D18FBD96626F89AFF5.PNG",
    "cantidad_archivos": 1,
    "archivos_fuente": [
      "Library/Group Containers/UBF8T346G9.Office/SolutionPackages/8ea45b3e568c54c92bb2eba9ac191f42/PackageResources/OfflineFiles/aiImage_5d9354a30168c5d18fbd96626f89aff5.png"
    ],
    "ultima_modificacion": "2025-08-01 01:01:51.355175"
  },
  "excel68ec0aa4d32d41d1333aa7055bffab5d.js": {
    "app_sintetizada": "EXCEL68EC0AA4D32D41D1333AA7055BFFAB5D.JS",
    "cantidad_archivos": 1,
    "archivos_fuente": [
      "Library/Group Containers/UBF8T346G9.Office/SolutionPackages/8ea45b3e568c54c92bb2eba9ac191f42/PackageResources/OfflineFiles/excel_68ec0aa4d32d41d1333aa7055bffab5d.js"
    ],
    "ultima_modificacion": "2025-08-01 01:01:51.355501"
  },
  "getexcelthemea3d4886607541428dbb0c53b6fd6ed5a.ts": {
    "app_sintetizada": "GETEXCELTHEMEA3D4886607541428DBB0C53B6FD6ED5A.TS",
    "cantidad_archivos": 1,
    "archivos_fuente": [
      "Library/Group Containers/UBF8T346G9.Office/SolutionPackages/8ea45b3e568c54c92bb2eba9ac191f42/PackageResources/OfflineFiles/getExcelTheme_a3d4886607541428dbb0c53b6fd6ed5a.ts"
    ],
    "ultima_modificacion": "2025-08-01 01:01:51.355915"
  },
  "oteljs7539aac524b2065632a9ebdba388a484.js": {
    "app_sintetizada": "OTELJS7539AAC524B2065632A9EBDBA388A484.JS",
    "cantidad_archivos": 1,
    "archivos_fuente": [
      "Library/Group Containers/UBF8T346G9.Office/SolutionPackages/8ea45b3e568c54c92bb2eba9ac191f42/PackageResources/OfflineFiles/oteljs_7539aac524b2065632a9ebdba388a484.js"
    ],
    "ultima_modificacion": "2025-08-01 01:01:51.356283"
  },
  "icon80d89e5f1b7a598ca251ae6f252ef6c8b1.png": {
    "app_sintetizada": "ICON80D89E5F1B7A598CA251AE6F252EF6C8B1.PNG",
    "cantidad_archivos": 1,
    "archivos_fuente": [
      "Library/Group Containers/UBF8T346G9.Office/SolutionPackages/8ea45b3e568c54c92bb2eba9ac191f42/PackageResources/OfflineFiles/icon-80_d89e5f1b7a598ca251ae6f252ef6c8b1.png"
    ],
    "ultima_modificacion": "2025-08-01 01:01:51.356738"
  },
  "flowicon323272f564b0f9c30011942f7e98d8087bf4.png": {
    "app_sintetizada": "FLOWICON323272F564B0F9C30011942F7E98D8087BF4.PNG",
    "cantidad_archivos": 1,
    "archivos_fuente": [
      "Library/Group Containers/UBF8T346G9.Office/SolutionPackages/8ea45b3e568c54c92bb2eba9ac191f42/PackageResources/OfflineFiles/flow-icon-32-32_72f564b0f9c30011942f7e98d8087bf4.png"
    ],
    "ultima_modificacion": "2025-08-01 01:01:51.357118"
  },
  "recurrencef43ecfa37927636a1e4da7a840922583.ts": {
    "app_sintetizada": "RECURRENCEF43ECFA37927636A1E4DA7A840922583.TS",
    "cantidad_archivos": 1,
    "archivos_fuente": [
      "Library/Group Containers/UBF8T346G9.Office/SolutionPackages/8ea45b3e568c54c92bb2eba9ac191f42/PackageResources/OfflineFiles/recurrence_f43ecfa37927636a1e4da7a840922583.ts"
    ],
    "ultima_modificacion": "2025-08-01 01:01:51.357538"
  },
  "login7f272cf1a9bd218f6a18fa0fd5570f7b.html": {
    "app_sintetizada": "LOGIN7F272CF1A9BD218F6A18FA0FD5570F7B.HTML",
    "cantidad_archivos": 1,
    "archivos_fuente": [
      "Library/Group Containers/UBF8T346G9.Office/SolutionPackages/8ea45b3e568c54c92bb2eba9ac191f42/PackageResources/OfflineFiles/login_7f272cf1a9bd218f6a18fa0fd5570f7b.html"
    ],
    "ultima_modificacion": "2025-08-01 01:01:51.357990"
  },
  "msflowsdk778db73ba37cbce0d0678c0a94475797.js": {
    "app_sintetizada": "MSFLOWSDK778DB73BA37CBCE0D0678C0A94475797.JS",
    "cantidad_archivos": 1,
    "archivos_fuente": [
      "Library/Group Containers/UBF8T346G9.Office/SolutionPackages/8ea45b3e568c54c92bb2eba9ac191f42/PackageResources/OfflineFiles/msflowsdk_778db73ba37cbce0d0678c0a94475797.js"
    ],
    "ultima_modificacion": "2025-08-01 01:01:51.358481"
  },
  "flowicon646467b4a3538a43aa104ed1012e2a9286db.png": {
    "app_sintetizada": "FLOWICON646467B4A3538A43AA104ED1012E2A9286DB.PNG",
    "cantidad_archivos": 1,
    "archivos_fuente": [
      "Library/Group Containers/UBF8T346G9.Office/SolutionPackages/8ea45b3e568c54c92bb2eba9ac191f42/PackageResources/OfflineFiles/flow-icon-64-64_67b4a3538a43aa104ed1012e2a9286db.png"
    ],
    "ultima_modificacion": "2025-08-01 01:01:51.358923"
  },
  "successfulflowcreationpage85b48f47131de750f35bd0fcc6d20162.tsx": {
    "app_sintetizada": "SUCCESSFULFLOWCREATIONPAGE85B48F47131DE750F35BD0FCC6D20162.TSX",
    "cantidad_archivos": 1,
    "archivos_fuente": [
      "Library/Group Containers/UBF8T346G9.Office/SolutionPackages/8ea45b3e568c54c92bb2eba9ac191f42/PackageResources/OfflineFiles/successfulFlowCreationPage_85b48f47131de750f35bd0fcc6d20162.tsx"
    ],
    "ultima_modificacion": "2025-08-01 01:01:51.359576"
  },
  "card4bff16073138e6edb6ef46439f6dd082.png": {
    "app_sintetizada": "CARD4BFF16073138E6EDB6EF46439F6DD082.PNG",
    "cantidad_archivos": 1,
    "archivos_fuente": [
      "Library/Group Containers/UBF8T346G9.Office/SolutionPackages/8ea45b3e568c54c92bb2eba9ac191f42/PackageResources/OfflineFiles/card_4bff16073138e6edb6ef46439f6dd082.png"
    ],
    "ultima_modificacion": "2025-08-01 01:01:51.359995"
  },
  "successfulflowcreationpagestyles.modulec897e6b88459c00d781ee7bec7574b53.css": {
    "app_sintetizada": "SUCCESSFULFLOWCREATIONPAGESTYLES.MODULEC897E6B88459C00D781EE7BEC7574B53.CSS",
    "cantidad_archivos": 1,
    "archivos_fuente": [
      "Library/Group Containers/UBF8T346G9.Office/SolutionPackages/8ea45b3e568c54c92bb2eba9ac191f42/PackageResources/OfflineFiles/successfulFlowCreationPageStyles.module_c897e6b88459c00d781ee7bec7574b53.css"
    ],
    "ultima_modificacion": "2025-08-01 01:01:51.360650"
  },
  "flightsc0a4c9bdf4903a6f63556a8a529d0b6c.ts": {
    "app_sintetizada": "FLIGHTSC0A4C9BDF4903A6F63556A8A529D0B6C.TS",
    "cantidad_archivos": 1,
    "archivos_fuente": [
      "Library/Group Containers/UBF8T346G9.Office/SolutionPackages/8ea45b3e568c54c92bb2eba9ac191f42/PackageResources/OfflineFiles/flights_c0a4c9bdf4903a6f63556a8a529d0b6c.ts"
    ],
    "ultima_modificacion": "2025-08-01 01:01:51.361086"
  },
  "addinad88013ec1ca8dd21e192edbf21578e4.js": {
    "app_sintetizada": "ADDINAD88013EC1CA8DD21E192EDBF21578E4.JS",
    "cantidad_archivos": 1,
    "archivos_fuente": [
      "Library/Group Containers/UBF8T346G9.Office/SolutionPackages/8ea45b3e568c54c92bb2eba9ac191f42/PackageResources/OfflineFiles/addin_ad88013ec1ca8dd21e192edbf21578e4.js"
    ],
    "ultima_modificacion": "2025-08-01 01:01:51.361491"
  },
  "references.d8961e1bddd6f1842fe40d9fb155c5674.ts": {
    "app_sintetizada": "REFERENCES.D8961E1BDDD6F1842FE40D9FB155C5674.TS",
    "cantidad_archivos": 1,
    "archivos_fuente": [
      "Library/Group Containers/UBF8T346G9.Office/SolutionPackages/8ea45b3e568c54c92bb2eba9ac191f42/PackageResources/OfflineFiles/references.d_8961e1bddd6f1842fe40d9fb155c5674.ts"
    ],
    "ultima_modificacion": "2025-08-01 01:01:51.361859"
  },
  "loadflowwidgetd6c7c58241b4bb8eb637666164271b34.ts": {
    "app_sintetizada": "LOADFLOWWIDGETD6C7C58241B4BB8EB637666164271B34.TS",
    "cantidad_archivos": 1,
    "archivos_fuente": [
      "Library/Group Containers/UBF8T346G9.Office/SolutionPackages/8ea45b3e568c54c92bb2eba9ac191f42/PackageResources/OfflineFiles/loadFlowWidget_d6c7c58241b4bb8eb637666164271b34.ts"
    ],
    "ultima_modificacion": "2025-08-01 01:01:51.362242"
  },
  "successfulflowcreationpagestyles.module.css.dd4a09e39bc51c79308580eb007aa0866.ts": {
    "app_sintetizada": "SUCCESSFULFLOWCREATIONPAGESTYLES.MODULE.CSS.DD4A09E39BC51C79308580EB007AA0866.TS",
    "cantidad_archivos": 1,
    "archivos_fuente": [
      "Library/Group Containers/UBF8T346G9.Office/SolutionPackages/8ea45b3e568c54c92bb2eba9ac191f42/PackageResources/OfflineFiles/successfulFlowCreationPageStyles.module.css.d_d4a09e39bc51c79308580eb007aa0866.ts"
    ],
    "ultima_modificacion": "2025-08-01 01:01:51.362577"
  },
  "powerautomateaddin5470e01729e61485ab5e2dd2fc0dd4c3.ts": {
    "app_sintetizada": "POWERAUTOMATEADDIN5470E01729E61485AB5E2DD2FC0DD4C3.TS",
    "cantidad_archivos": 1,
    "archivos_fuente": [
      "Library/Group Containers/UBF8T346G9.Office/SolutionPackages/8ea45b3e568c54c92bb2eba9ac191f42/PackageResources/OfflineFiles/powerAutomateAddin_5470e01729e61485ab5e2dd2fc0dd4c3.ts"
    ],
    "ultima_modificacion": "2025-08-01 01:01:51.363062"
  },
  "offc3c0c79f4e16ab0277b87093e20b3277.png": {
    "app_sintetizada": "OFFC3C0C79F4E16AB0277B87093E20B3277.PNG",
    "cantidad_archivos": 1,
    "archivos_fuente": [
      "Library/Group Containers/UBF8T346G9.Office/SolutionPackages/8ea45b3e568c54c92bb2eba9ac191f42/PackageResources/OfflineFiles/off_c3c0c79f4e16ab0277b87093e20b3277.png"
    ],
    "ultima_modificacion": "2025-08-01 01:01:51.363485"
  },
  "main034fd639556f38ae576ddb3a1f601e7e.js": {
    "app_sintetizada": "MAIN034FD639556F38AE576DDB3A1F601E7E.JS",
    "cantidad_archivos": 1,
    "archivos_fuente": [
      "Library/Group Containers/UBF8T346G9.Office/SolutionPackages/8ea45b3e568c54c92bb2eba9ac191f42/PackageResources/OfflineFiles/main_034fd639556f38ae576ddb3a1f601e7e.js"
    ],
    "ultima_modificacion": "2025-08-01 01:01:51.363853"
  },
  "widgetdonecallback333675d35eeab674687bad92c21104f5.ts": {
    "app_sintetizada": "WIDGETDONECALLBACK333675D35EEAB674687BAD92C21104F5.TS",
    "cantidad_archivos": 1,
    "archivos_fuente": [
      "Library/Group Containers/UBF8T346G9.Office/SolutionPackages/8ea45b3e568c54c92bb2eba9ac191f42/PackageResources/OfflineFiles/WidgetDoneCallback_333675d35eeab674687bad92c21104f5.ts"
    ],
    "ultima_modificacion": "2025-08-01 01:01:51.364222"
  },
  "flowicon16169d00c63861484156be355bc251254f62.png": {
    "app_sintetizada": "FLOWICON16169D00C63861484156BE355BC251254F62.PNG",
    "cantidad_archivos": 1,
    "archivos_fuente": [
      "Library/Group Containers/UBF8T346G9.Office/SolutionPackages/8ea45b3e568c54c92bb2eba9ac191f42/PackageResources/OfflineFiles/flow-icon-16-16_9d00c63861484156be355bc251254f62.png"
    ],
    "ultima_modificacion": "2025-08-01 01:01:51.364607"
  },
  "oteljsagave67fbfe9c50681b505ae27d05df89013e.js": {
    "app_sintetizada": "OTELJSAGAVE67FBFE9C50681B505AE27D05DF89013E.JS",
    "cantidad_archivos": 1,
    "archivos_fuente": [
      "Library/Group Containers/UBF8T346G9.Office/SolutionPackages/8ea45b3e568c54c92bb2eba9ac191f42/PackageResources/OfflineFiles/oteljs_agave_67fbfe9c50681b505ae27d05df89013e.js"
    ],
    "ultima_modificacion": "2025-08-01 01:01:51.364970"
  },
  "excel16x1229543b4f8f3f7f31c9df2599424ec35.png": {
    "app_sintetizada": "EXCEL16X1229543B4F8F3F7F31C9DF2599424EC35.PNG",
    "cantidad_archivos": 1,
    "archivos_fuente": [
      "Library/Group Containers/UBF8T346G9.Office/SolutionPackages/8ea45b3e568c54c92bb2eba9ac191f42/PackageResources/OfflineFiles/excel_16x1_229543b4f8f3f7f31c9df2599424ec35.png"
    ],
    "ultima_modificacion": "2025-08-01 01:01:51.365363"
  },
  "loadtemplateswidgeteb095651ce55d09b5328186f2b1f5fbf.ts": {
    "app_sintetizada": "LOADTEMPLATESWIDGETEB095651CE55D09B5328186F2B1F5FBF.TS",
    "cantidad_archivos": 1,
    "archivos_fuente": [
      "Library/Group Containers/UBF8T346G9.Office/SolutionPackages/8ea45b3e568c54c92bb2eba9ac191f42/PackageResources/OfflineFiles/loadTemplatesWidget_eb095651ce55d09b5328186f2b1f5fbf.ts"
    ],
    "ultima_modificacion": "2025-08-01 01:01:51.365732"
  },
  "showwidgetdb2780b662a4f60e316c6e48e74494be.ts": {
    "app_sintetizada": "SHOWWIDGETDB2780B662A4F60E316C6E48E74494BE.TS",
    "cantidad_archivos": 1,
    "archivos_fuente": [
      "Library/Group Containers/UBF8T346G9.Office/SolutionPackages/8ea45b3e568c54c92bb2eba9ac191f42/PackageResources/OfflineFiles/showWidget_db2780b662a4f60e316c6e48e74494be.ts"
    ],
    "ultima_modificacion": "2025-08-01 01:01:51.366012"
  }
}