{
  "00000670sticker20240430134713.webp": {
    "app_sintetizada": "00000670STICKER20240430134713.WEBP",
    "cantidad_archivos": 2,
    "archivos_fuente": [
      "Library/CloudStorage/Dropbox/AUTOMATIZACIO\u0301N AGENDA/procesar_pacientes_zip/pacientes_chats/WhatsApp Chat - Daniela Maite/00000670-STICKER-2024-04-30-13-47-13.webp",
      "Library/Mobile Documents/.Trash/AUTOMATIZACIO\u0301N AGENDA /procesar_pacientes_zip/pacientes_chats/WhatsApp Chat - Daniela Maite/00000670-STICKER-2024-04-30-13-47-13.webp"
    ],
    "ultima_modificacion": "2025-08-01 01:01:49.696052"
  },
  "00000548photo20240403132009.jpg": {
    "app_sintetizada": "00000548PHOTO20240403132009.JPG",
    "cantidad_archivos": 2,
    "archivos_fuente": [
      "Library/CloudStorage/Dropbox/AUTOMATIZACIO\u0301N AGENDA/procesar_pacientes_zip/pacientes_chats/WhatsApp Chat - Daniela Maite/00000548-PHOTO-2024-04-03-13-20-09.jpg",
      "Library/Mobile Documents/.Trash/AUTOMATIZACIO\u0301N AGENDA /procesar_pacientes_zip/pacientes_chats/WhatsApp Chat - Daniela Maite/00000548-PHOTO-2024-04-03-13-20-09.jpg"
    ],
    "ultima_modificacion": "2025-08-01 01:01:49.696420"
  },
  "00001331ppt": {
    "app_sintetizada": "00001331PPT",
    "cantidad_archivos": 2,
    "archivos_fuente": [
      "Library/CloudStorage/Dropbox/AUTOMATIZACIO\u0301N AGENDA/procesar_pacientes_zip/pacientes_chats/WhatsApp Chat - Daniela Maite/00001331-ppt psicologa .pdf",
      "Library/Mobile Documents/.Trash/AUTOMATIZACIO\u0301N AGENDA /procesar_pacientes_zip/pacientes_chats/WhatsApp Chat - Daniela Maite/00001331-ppt psicologa .pdf"
    ],
    "ultima_modificacion": "2025-08-01 01:01:49.696762"
  },
  "00001538photo20241115123448.jpg": {
    "app_sintetizada": "00001538PHOTO20241115123448.JPG",
    "cantidad_archivos": 2,
    "archivos_fuente": [
      "Library/CloudStorage/Dropbox/AUTOMATIZACIO\u0301N AGENDA/procesar_pacientes_zip/pacientes_chats/WhatsApp Chat - Daniela Maite/00001538-PHOTO-2024-11-15-12-34-48.jpg",
      "Library/Mobile Documents/.Trash/AUTOMATIZACIO\u0301N AGENDA /procesar_pacientes_zip/pacientes_chats/WhatsApp Chat - Daniela Maite/00001538-PHOTO-2024-11-15-12-34-48.jpg"
    ],
    "ultima_modificacion": "2025-08-01 01:01:49.697188"
  },
  "00003093audio20250712233121.opus": {
    "app_sintetizada": "00003093AUDIO20250712233121.OPUS",
    "cantidad_archivos": 2,
    "archivos_fuente": [
      "Library/CloudStorage/Dropbox/AUTOMATIZACIO\u0301N AGENDA/procesar_pacientes_zip/pacientes_chats/WhatsApp Chat - Daniela Maite/00003093-AUDIO-2025-07-12-23-31-21.opus",
      "Library/Mobile Documents/.Trash/AUTOMATIZACIO\u0301N AGENDA /procesar_pacientes_zip/pacientes_chats/WhatsApp Chat - Daniela Maite/00003093-AUDIO-2025-07-12-23-31-21.opus"
    ],
    "ultima_modificacion": "2025-08-01 01:01:49.697590"
  },
  "00003089audio20250712233022.opus": {
    "app_sintetizada": "00003089AUDIO20250712233022.OPUS",
    "cantidad_archivos": 2,
    "archivos_fuente": [
      "Library/CloudStorage/Dropbox/AUTOMATIZACIO\u0301N AGENDA/procesar_pacientes_zip/pacientes_chats/WhatsApp Chat - Daniela Maite/00003089-AUDIO-2025-07-12-23-30-22.opus",
      "Library/Mobile Documents/.Trash/AUTOMATIZACIO\u0301N AGENDA /procesar_pacientes_zip/pacientes_chats/WhatsApp Chat - Daniela Maite/00003089-AUDIO-2025-07-12-23-30-22.opus"
    ],
    "ultima_modificacion": "2025-08-01 01:01:49.697950"
  },
  "00000214photo20240207132037.jpg": {
    "app_sintetizada": "00000214PHOTO20240207132037.JPG",
    "cantidad_archivos": 2,
    "archivos_fuente": [
      "Library/CloudStorage/Dropbox/AUTOMATIZACIO\u0301N AGENDA/procesar_pacientes_zip/pacientes_chats/WhatsApp Chat - Daniela Maite/00000214-PHOTO-2024-02-07-13-20-37.jpg",
      "Library/Mobile Documents/.Trash/AUTOMATIZACIO\u0301N AGENDA /procesar_pacientes_zip/pacientes_chats/WhatsApp Chat - Daniela Maite/00000214-PHOTO-2024-02-07-13-20-37.jpg"
    ],
    "ultima_modificacion": "2025-08-01 01:01:49.698311"
  },
  "00001845sticker20250103163815.webp": {
    "app_sintetizada": "00001845STICKER20250103163815.WEBP",
    "cantidad_archivos": 2,
    "archivos_fuente": [
      "Library/CloudStorage/Dropbox/AUTOMATIZACIO\u0301N AGENDA/procesar_pacientes_zip/pacientes_chats/WhatsApp Chat - Daniela Maite/00001845-STICKER-2025-01-03-16-38-15.webp",
      "Library/Mobile Documents/.Trash/AUTOMATIZACIO\u0301N AGENDA /procesar_pacientes_zip/pacientes_chats/WhatsApp Chat - Daniela Maite/00001845-STICKER-2025-01-03-16-38-15.webp"
    ],
    "ultima_modificacion": "2025-08-01 01:01:49.698645"
  },
  "00002083sticker20250124131754.webp": {
    "app_sintetizada": "00002083STICKER20250124131754.WEBP",
    "cantidad_archivos": 2,
    "archivos_fuente": [
      "Library/CloudStorage/Dropbox/AUTOMATIZACIO\u0301N AGENDA/procesar_pacientes_zip/pacientes_chats/WhatsApp Chat - Daniela Maite/00002083-STICKER-2025-01-24-13-17-54.webp",
      "Library/Mobile Documents/.Trash/AUTOMATIZACIO\u0301N AGENDA /procesar_pacientes_zip/pacientes_chats/WhatsApp Chat - Daniela Maite/00002083-STICKER-2025-01-24-13-17-54.webp"
    ],
    "ultima_modificacion": "2025-08-01 01:01:49.698968"
  },
  "00002370photo20250322153139.jpg": {
    "app_sintetizada": "00002370PHOTO20250322153139.JPG",
    "cantidad_archivos": 2,
    "archivos_fuente": [
      "Library/CloudStorage/Dropbox/AUTOMATIZACIO\u0301N AGENDA/procesar_pacientes_zip/pacientes_chats/WhatsApp Chat - Daniela Maite/00002370-PHOTO-2025-03-22-15-31-39.jpg",
      "Library/Mobile Documents/.Trash/AUTOMATIZACIO\u0301N AGENDA /procesar_pacientes_zip/pacientes_chats/WhatsApp Chat - Daniela Maite/00002370-PHOTO-2025-03-22-15-31-39.jpg"
    ],
    "ultima_modificacion": "2025-08-01 01:01:49.699343"
  },
  "00002890sticker20250615003037.webp": {
    "app_sintetizada": "00002890STICKER20250615003037.WEBP",
    "cantidad_archivos": 2,
    "archivos_fuente": [
      "Library/CloudStorage/Dropbox/AUTOMATIZACIO\u0301N AGENDA/procesar_pacientes_zip/pacientes_chats/WhatsApp Chat - Daniela Maite/00002890-STICKER-2025-06-15-00-30-37.webp",
      "Library/Mobile Documents/.Trash/AUTOMATIZACIO\u0301N AGENDA /procesar_pacientes_zip/pacientes_chats/WhatsApp Chat - Daniela Maite/00002890-STICKER-2025-06-15-00-30-37.webp"
    ],
    "ultima_modificacion": "2025-08-01 01:01:49.699684"
  },
  "00000123sticker20240117104429.webp": {
    "app_sintetizada": "00000123STICKER20240117104429.WEBP",
    "cantidad_archivos": 2,
    "archivos_fuente": [
      "Library/CloudStorage/Dropbox/AUTOMATIZACIO\u0301N AGENDA/procesar_pacientes_zip/pacientes_chats/WhatsApp Chat - Daniela Maite/00000123-STICKER-2024-01-17-10-44-29.webp",
      "Library/Mobile Documents/.Trash/AUTOMATIZACIO\u0301N AGENDA /procesar_pacientes_zip/pacientes_chats/WhatsApp Chat - Daniela Maite/00000123-STICKER-2024-01-17-10-44-29.webp"
    ],
    "ultima_modificacion": "2025-08-01 01:01:49.700028"
  },
  "00001531sticker20241115120013.webp": {
    "app_sintetizada": "00001531STICKER20241115120013.WEBP",
    "cantidad_archivos": 2,
    "archivos_fuente": [
      "Library/CloudStorage/Dropbox/AUTOMATIZACIO\u0301N AGENDA/procesar_pacientes_zip/pacientes_chats/WhatsApp Chat - Daniela Maite/00001531-STICKER-2024-11-15-12-00-13.webp",
      "Library/Mobile Documents/.Trash/AUTOMATIZACIO\u0301N AGENDA /procesar_pacientes_zip/pacientes_chats/WhatsApp Chat - Daniela Maite/00001531-STICKER-2024-11-15-12-00-13.webp"
    ],
    "ultima_modificacion": "2025-08-01 01:01:49.700342"
  },
  "00003118audio20250714120031.opus": {
    "app_sintetizada": "00003118AUDIO20250714120031.OPUS",
    "cantidad_archivos": 2,
    "archivos_fuente": [
      "Library/CloudStorage/Dropbox/AUTOMATIZACIO\u0301N AGENDA/procesar_pacientes_zip/pacientes_chats/WhatsApp Chat - Daniela Maite/00003118-AUDIO-2025-07-14-12-00-31.opus",
      "Library/Mobile Documents/.Trash/AUTOMATIZACIO\u0301N AGENDA /procesar_pacientes_zip/pacientes_chats/WhatsApp Chat - Daniela Maite/00003118-AUDIO-2025-07-14-12-00-31.opus"
    ],
    "ultima_modificacion": "2025-08-01 01:01:49.700667"
  },
  "00002515sticker20250409153104.webp": {
    "app_sintetizada": "00002515STICKER20250409153104.WEBP",
    "cantidad_archivos": 2,
    "archivos_fuente": [
      "Library/CloudStorage/Dropbox/AUTOMATIZACIO\u0301N AGENDA/procesar_pacientes_zip/pacientes_chats/WhatsApp Chat - Daniela Maite/00002515-STICKER-2025-04-09-15-31-04.webp",
      "Library/Mobile Documents/.Trash/AUTOMATIZACIO\u0301N AGENDA /procesar_pacientes_zip/pacientes_chats/WhatsApp Chat - Daniela Maite/00002515-STICKER-2025-04-09-15-31-04.webp"
    ],
    "ultima_modificacion": "2025-08-01 01:01:49.701064"
  },
  "00001537photo20241115123448.jpg": {
    "app_sintetizada": "00001537PHOTO20241115123448.JPG",
    "cantidad_archivos": 2,
    "archivos_fuente": [
      "Library/CloudStorage/Dropbox/AUTOMATIZACIO\u0301N AGENDA/procesar_pacientes_zip/pacientes_chats/WhatsApp Chat - Daniela Maite/00001537-PHOTO-2024-11-15-12-34-48.jpg",
      "Library/Mobile Documents/.Trash/AUTOMATIZACIO\u0301N AGENDA /procesar_pacientes_zip/pacientes_chats/WhatsApp Chat - Daniela Maite/00001537-PHOTO-2024-11-15-12-34-48.jpg"
    ],
    "ultima_modificacion": "2025-08-01 01:01:49.701423"
  },
  "00000947photo20240705140820.jpg": {
    "app_sintetizada": "00000947PHOTO20240705140820.JPG",
    "cantidad_archivos": 2,
    "archivos_fuente": [
      "Library/CloudStorage/Dropbox/AUTOMATIZACIO\u0301N AGENDA/procesar_pacientes_zip/pacientes_chats/WhatsApp Chat - Daniela Maite/00000947-PHOTO-2024-07-05-14-08-20.jpg",
      "Library/Mobile Documents/.Trash/AUTOMATIZACIO\u0301N AGENDA /procesar_pacientes_zip/pacientes_chats/WhatsApp Chat - Daniela Maite/00000947-PHOTO-2024-07-05-14-08-20.jpg"
    ],
    "ultima_modificacion": "2025-08-01 01:01:49.701812"
  },
  "00002264sticker20250306182913.webp": {
    "app_sintetizada": "00002264STICKER20250306182913.WEBP",
    "cantidad_archivos": 2,
    "archivos_fuente": [
      "Library/CloudStorage/Dropbox/AUTOMATIZACIO\u0301N AGENDA/procesar_pacientes_zip/pacientes_chats/WhatsApp Chat - Daniela Maite/00002264-STICKER-2025-03-06-18-29-13.webp",
      "Library/Mobile Documents/.Trash/AUTOMATIZACIO\u0301N AGENDA /procesar_pacientes_zip/pacientes_chats/WhatsApp Chat - Daniela Maite/00002264-STICKER-2025-03-06-18-29-13.webp"
    ],
    "ultima_modificacion": "2025-08-01 01:01:49.702156"
  },
  "00001128photo20240812152644.jpg": {
    "app_sintetizada": "00001128PHOTO20240812152644.JPG",
    "cantidad_archivos": 2,
    "archivos_fuente": [
      "Library/CloudStorage/Dropbox/AUTOMATIZACIO\u0301N AGENDA/procesar_pacientes_zip/pacientes_chats/WhatsApp Chat - Daniela Maite/00001128-PHOTO-2024-08-12-15-26-44.jpg",
      "Library/Mobile Documents/.Trash/AUTOMATIZACIO\u0301N AGENDA /procesar_pacientes_zip/pacientes_chats/WhatsApp Chat - Daniela Maite/00001128-PHOTO-2024-08-12-15-26-44.jpg"
    ],
    "ultima_modificacion": "2025-08-01 01:01:49.702504"
  },
  "00000136photo20240117140938.jpg": {
    "app_sintetizada": "00000136PHOTO20240117140938.JPG",
    "cantidad_archivos": 2,
    "archivos_fuente": [
      "Library/CloudStorage/Dropbox/AUTOMATIZACIO\u0301N AGENDA/procesar_pacientes_zip/pacientes_chats/WhatsApp Chat - Daniela Maite/00000136-PHOTO-2024-01-17-14-09-38.jpg",
      "Library/Mobile Documents/.Trash/AUTOMATIZACIO\u0301N AGENDA /procesar_pacientes_zip/pacientes_chats/WhatsApp Chat - Daniela Maite/00000136-PHOTO-2024-01-17-14-09-38.jpg"
    ],
    "ultima_modificacion": "2025-08-01 01:01:49.702860"
  },
  "00003094audio20250712233127.opus": {
    "app_sintetizada": "00003094AUDIO20250712233127.OPUS",
    "cantidad_archivos": 2,
    "archivos_fuente": [
      "Library/CloudStorage/Dropbox/AUTOMATIZACIO\u0301N AGENDA/procesar_pacientes_zip/pacientes_chats/WhatsApp Chat - Daniela Maite/00003094-AUDIO-2025-07-12-23-31-27.opus",
      "Library/Mobile Documents/.Trash/AUTOMATIZACIO\u0301N AGENDA /procesar_pacientes_zip/pacientes_chats/WhatsApp Chat - Daniela Maite/00003094-AUDIO-2025-07-12-23-31-27.opus"
    ],
    "ultima_modificacion": "2025-08-01 01:01:49.703203"
  },
  "00000264sticker20240220172411.webp": {
    "app_sintetizada": "00000264STICKER20240220172411.WEBP",
    "cantidad_archivos": 2,
    "archivos_fuente": [
      "Library/CloudStorage/Dropbox/AUTOMATIZACIO\u0301N AGENDA/procesar_pacientes_zip/pacientes_chats/WhatsApp Chat - Daniela Maite/00000264-STICKER-2024-02-20-17-24-11.webp",
      "Library/Mobile Documents/.Trash/AUTOMATIZACIO\u0301N AGENDA /procesar_pacientes_zip/pacientes_chats/WhatsApp Chat - Daniela Maite/00000264-STICKER-2024-02-20-17-24-11.webp"
    ],
    "ultima_modificacion": "2025-08-01 01:01:49.703550"
  },
  "00000774audio20240520085911.opus": {
    "app_sintetizada": "00000774AUDIO20240520085911.OPUS",
    "cantidad_archivos": 2,
    "archivos_fuente": [
      "Library/CloudStorage/Dropbox/AUTOMATIZACIO\u0301N AGENDA/procesar_pacientes_zip/pacientes_chats/WhatsApp Chat - Daniela Maite/00000774-AUDIO-2024-05-20-08-59-11.opus",
      "Library/Mobile Documents/.Trash/AUTOMATIZACIO\u0301N AGENDA /procesar_pacientes_zip/pacientes_chats/WhatsApp Chat - Daniela Maite/00000774-AUDIO-2024-05-20-08-59-11.opus"
    ],
    "ultima_modificacion": "2025-08-01 01:01:49.703880"
  },
  "00001292sticker20240828115426.webp": {
    "app_sintetizada": "00001292STICKER20240828115426.WEBP",
    "cantidad_archivos": 2,
    "archivos_fuente": [
      "Library/CloudStorage/Dropbox/AUTOMATIZACIO\u0301N AGENDA/procesar_pacientes_zip/pacientes_chats/WhatsApp Chat - Daniela Maite/00001292-STICKER-2024-08-28-11-54-26.webp",
      "Library/Mobile Documents/.Trash/AUTOMATIZACIO\u0301N AGENDA /procesar_pacientes_zip/pacientes_chats/WhatsApp Chat - Daniela Maite/00001292-STICKER-2024-08-28-11-54-26.webp"
    ],
    "ultima_modificacion": "2025-08-01 01:01:49.704216"
  },
  "00001326photo20240927122643.jpg": {
    "app_sintetizada": "00001326PHOTO20240927122643.JPG",
    "cantidad_archivos": 2,
    "archivos_fuente": [
      "Library/CloudStorage/Dropbox/AUTOMATIZACIO\u0301N AGENDA/procesar_pacientes_zip/pacientes_chats/WhatsApp Chat - Daniela Maite/00001326-PHOTO-2024-09-27-12-26-43.jpg",
      "Library/Mobile Documents/.Trash/AUTOMATIZACIO\u0301N AGENDA /procesar_pacientes_zip/pacientes_chats/WhatsApp Chat - Daniela Maite/00001326-PHOTO-2024-09-27-12-26-43.jpg"
    ],
    "ultima_modificacion": "2025-08-01 01:01:49.704551"
  },
  "00000386sticker20240313132228.webp": {
    "app_sintetizada": "00000386STICKER20240313132228.WEBP",
    "cantidad_archivos": 2,
    "archivos_fuente": [
      "Library/CloudStorage/Dropbox/AUTOMATIZACIO\u0301N AGENDA/procesar_pacientes_zip/pacientes_chats/WhatsApp Chat - Daniela Maite/00000386-STICKER-2024-03-13-13-22-28.webp",
      "Library/Mobile Documents/.Trash/AUTOMATIZACIO\u0301N AGENDA /procesar_pacientes_zip/pacientes_chats/WhatsApp Chat - Daniela Maite/00000386-STICKER-2024-03-13-13-22-28.webp"
    ],
    "ultima_modificacion": "2025-08-01 01:01:49.704921"
  },
  "00001747sticker20241222203723.webp": {
    "app_sintetizada": "00001747STICKER20241222203723.WEBP",
    "cantidad_archivos": 2,
    "archivos_fuente": [
      "Library/CloudStorage/Dropbox/AUTOMATIZACIO\u0301N AGENDA/procesar_pacientes_zip/pacientes_chats/WhatsApp Chat - Daniela Maite/00001747-STICKER-2024-12-22-20-37-23.webp",
      "Library/Mobile Documents/.Trash/AUTOMATIZACIO\u0301N AGENDA /procesar_pacientes_zip/pacientes_chats/WhatsApp Chat - Daniela Maite/00001747-STICKER-2024-12-22-20-37-23.webp"
    ],
    "ultima_modificacion": "2025-08-01 01:01:49.705435"
  },
  "00002969audio20250624183403.opus": {
    "app_sintetizada": "00002969AUDIO20250624183403.OPUS",
    "cantidad_archivos": 2,
    "archivos_fuente": [
      "Library/CloudStorage/Dropbox/AUTOMATIZACIO\u0301N AGENDA/procesar_pacientes_zip/pacientes_chats/WhatsApp Chat - Daniela Maite/00002969-AUDIO-2025-06-24-18-34-03.opus",
      "Library/Mobile Documents/.Trash/AUTOMATIZACIO\u0301N AGENDA /procesar_pacientes_zip/pacientes_chats/WhatsApp Chat - Daniela Maite/00002969-AUDIO-2025-06-24-18-34-03.opus"
    ],
    "ultima_modificacion": "2025-08-01 01:01:49.705803"
  },
  "00000951audio20240708140945.opus": {
    "app_sintetizada": "00000951AUDIO20240708140945.OPUS",
    "cantidad_archivos": 2,
    "archivos_fuente": [
      "Library/CloudStorage/Dropbox/AUTOMATIZACIO\u0301N AGENDA/procesar_pacientes_zip/pacientes_chats/WhatsApp Chat - Daniela Maite/00000951-AUDIO-2024-07-08-14-09-45.opus",
      "Library/Mobile Documents/.Trash/AUTOMATIZACIO\u0301N AGENDA /procesar_pacientes_zip/pacientes_chats/WhatsApp Chat - Daniela Maite/00000951-AUDIO-2024-07-08-14-09-45.opus"
    ],
    "ultima_modificacion": "2025-08-01 01:01:49.706180"
  },
  "00002145sticker20250207162615.webp": {
    "app_sintetizada": "00002145STICKER20250207162615.WEBP",
    "cantidad_archivos": 2,
    "archivos_fuente": [
      "Library/CloudStorage/Dropbox/AUTOMATIZACIO\u0301N AGENDA/procesar_pacientes_zip/pacientes_chats/WhatsApp Chat - Daniela Maite/00002145-STICKER-2025-02-07-16-26-15.webp",
      "Library/Mobile Documents/.Trash/AUTOMATIZACIO\u0301N AGENDA /procesar_pacientes_zip/pacientes_chats/WhatsApp Chat - Daniela Maite/00002145-STICKER-2025-02-07-16-26-15.webp"
    ],
    "ultima_modificacion": "2025-08-01 01:01:49.706562"
  },
  "00002380querido": {
    "app_sintetizada": "00002380QUERIDO",
    "cantidad_archivos": 2,
    "archivos_fuente": [
      "Library/CloudStorage/Dropbox/AUTOMATIZACIO\u0301N AGENDA/procesar_pacientes_zip/pacientes_chats/WhatsApp Chat - Daniela Maite/00002380-Querido universo.docx",
      "Library/Mobile Documents/.Trash/AUTOMATIZACIO\u0301N AGENDA /procesar_pacientes_zip/pacientes_chats/WhatsApp Chat - Daniela Maite/00002380-Querido universo.docx"
    ],
    "ultima_modificacion": "2025-08-01 01:01:49.706927"
  },
  "00001368sticker20241008114241.webp": {
    "app_sintetizada": "00001368STICKER20241008114241.WEBP",
    "cantidad_archivos": 2,
    "archivos_fuente": [
      "Library/CloudStorage/Dropbox/AUTOMATIZACIO\u0301N AGENDA/procesar_pacientes_zip/pacientes_chats/WhatsApp Chat - Daniela Maite/00001368-STICKER-2024-10-08-11-42-41.webp",
      "Library/Mobile Documents/.Trash/AUTOMATIZACIO\u0301N AGENDA /procesar_pacientes_zip/pacientes_chats/WhatsApp Chat - Daniela Maite/00001368-STICKER-2024-10-08-11-42-41.webp"
    ],
    "ultima_modificacion": "2025-08-01 01:01:49.707282"
  },
  "00000909audio20240618150252.opus": {
    "app_sintetizada": "00000909AUDIO20240618150252.OPUS",
    "cantidad_archivos": 2,
    "archivos_fuente": [
      "Library/CloudStorage/Dropbox/AUTOMATIZACIO\u0301N AGENDA/procesar_pacientes_zip/pacientes_chats/WhatsApp Chat - Daniela Maite/00000909-AUDIO-2024-06-18-15-02-52.opus",
      "Library/Mobile Documents/.Trash/AUTOMATIZACIO\u0301N AGENDA /procesar_pacientes_zip/pacientes_chats/WhatsApp Chat - Daniela Maite/00000909-AUDIO-2024-06-18-15-02-52.opus"
    ],
    "ultima_modificacion": "2025-08-01 01:01:49.707638"
  },
  "00002769audio20250525184444.opus": {
    "app_sintetizada": "00002769AUDIO20250525184444.OPUS",
    "cantidad_archivos": 2,
    "archivos_fuente": [
      "Library/CloudStorage/Dropbox/AUTOMATIZACIO\u0301N AGENDA/procesar_pacientes_zip/pacientes_chats/WhatsApp Chat - Daniela Maite/00002769-AUDIO-2025-05-25-18-44-44.opus",
      "Library/Mobile Documents/.Trash/AUTOMATIZACIO\u0301N AGENDA /procesar_pacientes_zip/pacientes_chats/WhatsApp Chat - Daniela Maite/00002769-AUDIO-2025-05-25-18-44-44.opus"
    ],
    "ultima_modificacion": "2025-08-01 01:01:49.707973"
  },
  "00001734sticker20241220210924.webp": {
    "app_sintetizada": "00001734STICKER20241220210924.WEBP",
    "cantidad_archivos": 2,
    "archivos_fuente": [
      "Library/CloudStorage/Dropbox/AUTOMATIZACIO\u0301N AGENDA/procesar_pacientes_zip/pacientes_chats/WhatsApp Chat - Daniela Maite/00001734-STICKER-2024-12-20-21-09-24.webp",
      "Library/Mobile Documents/.Trash/AUTOMATIZACIO\u0301N AGENDA /procesar_pacientes_zip/pacientes_chats/WhatsApp Chat - Daniela Maite/00001734-STICKER-2024-12-20-21-09-24.webp"
    ],
    "ultima_modificacion": "2025-08-01 01:01:49.708325"
  },
  "00002242sticker20250225000012.webp": {
    "app_sintetizada": "00002242STICKER20250225000012.WEBP",
    "cantidad_archivos": 2,
    "archivos_fuente": [
      "Library/CloudStorage/Dropbox/AUTOMATIZACIO\u0301N AGENDA/procesar_pacientes_zip/pacientes_chats/WhatsApp Chat - Daniela Maite/00002242-STICKER-2025-02-25-00-00-12.webp",
      "Library/Mobile Documents/.Trash/AUTOMATIZACIO\u0301N AGENDA /procesar_pacientes_zip/pacientes_chats/WhatsApp Chat - Daniela Maite/00002242-STICKER-2025-02-25-00-00-12.webp"
    ],
    "ultima_modificacion": "2025-08-01 01:01:49.708651"
  },
  "00002360video20250321123932.mp4": {
    "app_sintetizada": "00002360VIDEO20250321123932.MP4",
    "cantidad_archivos": 2,
    "archivos_fuente": [
      "Library/CloudStorage/Dropbox/AUTOMATIZACIO\u0301N AGENDA/procesar_pacientes_zip/pacientes_chats/WhatsApp Chat - Daniela Maite/00002360-VIDEO-2025-03-21-12-39-32.mp4",
      "Library/Mobile Documents/.Trash/AUTOMATIZACIO\u0301N AGENDA /procesar_pacientes_zip/pacientes_chats/WhatsApp Chat - Daniela Maite/00002360-VIDEO-2025-03-21-12-39-32.mp4"
    ],
    "ultima_modificacion": "2025-08-01 01:01:49.708969"
  },
  "00001164photo20240816162605.jpg": {
    "app_sintetizada": "00001164PHOTO20240816162605.JPG",
    "cantidad_archivos": 2,
    "archivos_fuente": [
      "Library/CloudStorage/Dropbox/AUTOMATIZACIO\u0301N AGENDA/procesar_pacientes_zip/pacientes_chats/WhatsApp Chat - Daniela Maite/00001164-PHOTO-2024-08-16-16-26-05.jpg",
      "Library/Mobile Documents/.Trash/AUTOMATIZACIO\u0301N AGENDA /procesar_pacientes_zip/pacientes_chats/WhatsApp Chat - Daniela Maite/00001164-PHOTO-2024-08-16-16-26-05.jpg"
    ],
    "ultima_modificacion": "2025-08-01 01:01:49.709370"
  },
  "00003091audio20250712233050.opus": {
    "app_sintetizada": "00003091AUDIO20250712233050.OPUS",
    "cantidad_archivos": 2,
    "archivos_fuente": [
      "Library/CloudStorage/Dropbox/AUTOMATIZACIO\u0301N AGENDA/procesar_pacientes_zip/pacientes_chats/WhatsApp Chat - Daniela Maite/00003091-AUDIO-2025-07-12-23-30-50.opus",
      "Library/Mobile Documents/.Trash/AUTOMATIZACIO\u0301N AGENDA /procesar_pacientes_zip/pacientes_chats/WhatsApp Chat - Daniela Maite/00003091-AUDIO-2025-07-12-23-30-50.opus"
    ],
    "ultima_modificacion": "2025-08-01 01:01:49.709856"
  },
  "00002539sticker20250409153619.webp": {
    "app_sintetizada": "00002539STICKER20250409153619.WEBP",
    "cantidad_archivos": 2,
    "archivos_fuente": [
      "Library/CloudStorage/Dropbox/AUTOMATIZACIO\u0301N AGENDA/procesar_pacientes_zip/pacientes_chats/WhatsApp Chat - Daniela Maite/00002539-STICKER-2025-04-09-15-36-19.webp",
      "Library/Mobile Documents/.Trash/AUTOMATIZACIO\u0301N AGENDA /procesar_pacientes_zip/pacientes_chats/WhatsApp Chat - Daniela Maite/00002539-STICKER-2025-04-09-15-36-19.webp"
    ],
    "ultima_modificacion": "2025-08-01 01:01:49.710230"
  },
  "00001762audio20241223152816.opus": {
    "app_sintetizada": "00001762AUDIO20241223152816.OPUS",
    "cantidad_archivos": 2,
    "archivos_fuente": [
      "Library/CloudStorage/Dropbox/AUTOMATIZACIO\u0301N AGENDA/procesar_pacientes_zip/pacientes_chats/WhatsApp Chat - Daniela Maite/00001762-AUDIO-2024-12-23-15-28-16.opus",
      "Library/Mobile Documents/.Trash/AUTOMATIZACIO\u0301N AGENDA /procesar_pacientes_zip/pacientes_chats/WhatsApp Chat - Daniela Maite/00001762-AUDIO-2024-12-23-15-28-16.opus"
    ],
    "ultima_modificacion": "2025-08-01 01:01:49.710624"
  },
  "00002159photo20250208014552.jpg": {
    "app_sintetizada": "00002159PHOTO20250208014552.JPG",
    "cantidad_archivos": 2,
    "archivos_fuente": [
      "Library/CloudStorage/Dropbox/AUTOMATIZACIO\u0301N AGENDA/procesar_pacientes_zip/pacientes_chats/WhatsApp Chat - Daniela Maite/00002159-PHOTO-2025-02-08-01-45-52.jpg",
      "Library/Mobile Documents/.Trash/AUTOMATIZACIO\u0301N AGENDA /procesar_pacientes_zip/pacientes_chats/WhatsApp Chat - Daniela Maite/00002159-PHOTO-2025-02-08-01-45-52.jpg"
    ],
    "ultima_modificacion": "2025-08-01 01:01:49.711243"
  },
  "00001305photo20240829171340.jpg": {
    "app_sintetizada": "00001305PHOTO20240829171340.JPG",
    "cantidad_archivos": 2,
    "archivos_fuente": [
      "Library/CloudStorage/Dropbox/AUTOMATIZACIO\u0301N AGENDA/procesar_pacientes_zip/pacientes_chats/WhatsApp Chat - Daniela Maite/00001305-PHOTO-2024-08-29-17-13-40.jpg",
      "Library/Mobile Documents/.Trash/AUTOMATIZACIO\u0301N AGENDA /procesar_pacientes_zip/pacientes_chats/WhatsApp Chat - Daniela Maite/00001305-PHOTO-2024-08-29-17-13-40.jpg"
    ],
    "ultima_modificacion": "2025-08-01 01:01:49.711686"
  },
  "00001116sticker20240810154718.webp": {
    "app_sintetizada": "00001116STICKER20240810154718.WEBP",
    "cantidad_archivos": 2,
    "archivos_fuente": [
      "Library/CloudStorage/Dropbox/AUTOMATIZACIO\u0301N AGENDA/procesar_pacientes_zip/pacientes_chats/WhatsApp Chat - Daniela Maite/00001116-STICKER-2024-08-10-15-47-18.webp",
      "Library/Mobile Documents/.Trash/AUTOMATIZACIO\u0301N AGENDA /procesar_pacientes_zip/pacientes_chats/WhatsApp Chat - Daniela Maite/00001116-STICKER-2024-08-10-15-47-18.webp"
    ],
    "ultima_modificacion": "2025-08-01 01:01:49.712097"
  },
  "00001371audio20241008135750.opus": {
    "app_sintetizada": "00001371AUDIO20241008135750.OPUS",
    "cantidad_archivos": 2,
    "archivos_fuente": [
      "Library/CloudStorage/Dropbox/AUTOMATIZACIO\u0301N AGENDA/procesar_pacientes_zip/pacientes_chats/WhatsApp Chat - Daniela Maite/00001371-AUDIO-2024-10-08-13-57-50.opus",
      "Library/Mobile Documents/.Trash/AUTOMATIZACIO\u0301N AGENDA /procesar_pacientes_zip/pacientes_chats/WhatsApp Chat - Daniela Maite/00001371-AUDIO-2024-10-08-13-57-50.opus"
    ],
    "ultima_modificacion": "2025-08-01 01:01:49.712581"
  },
  "00002136photo20250207132743.jpg": {
    "app_sintetizada": "00002136PHOTO20250207132743.JPG",
    "cantidad_archivos": 2,
    "archivos_fuente": [
      "Library/CloudStorage/Dropbox/AUTOMATIZACIO\u0301N AGENDA/procesar_pacientes_zip/pacientes_chats/WhatsApp Chat - Daniela Maite/00002136-PHOTO-2025-02-07-13-27-43.jpg",
      "Library/Mobile Documents/.Trash/AUTOMATIZACIO\u0301N AGENDA /procesar_pacientes_zip/pacientes_chats/WhatsApp Chat - Daniela Maite/00002136-PHOTO-2025-02-07-13-27-43.jpg"
    ],
    "ultima_modificacion": "2025-08-01 01:01:49.713314"
  },
  "00001082sticker20240730110854.webp": {
    "app_sintetizada": "00001082STICKER20240730110854.WEBP",
    "cantidad_archivos": 2,
    "archivos_fuente": [
      "Library/CloudStorage/Dropbox/AUTOMATIZACIO\u0301N AGENDA/procesar_pacientes_zip/pacientes_chats/WhatsApp Chat - Daniela Maite/00001082-STICKER-2024-07-30-11-08-54.webp",
      "Library/Mobile Documents/.Trash/AUTOMATIZACIO\u0301N AGENDA /procesar_pacientes_zip/pacientes_chats/WhatsApp Chat - Daniela Maite/00001082-STICKER-2024-07-30-11-08-54.webp"
    ],
    "ultima_modificacion": "2025-08-01 01:01:49.715148"
  },
  "00002751sticker20250524172744.webp": {
    "app_sintetizada": "00002751STICKER20250524172744.WEBP",
    "cantidad_archivos": 2,
    "archivos_fuente": [
      "Library/CloudStorage/Dropbox/AUTOMATIZACIO\u0301N AGENDA/procesar_pacientes_zip/pacientes_chats/WhatsApp Chat - Daniela Maite/00002751-STICKER-2025-05-24-17-27-44.webp",
      "Library/Mobile Documents/.Trash/AUTOMATIZACIO\u0301N AGENDA /procesar_pacientes_zip/pacientes_chats/WhatsApp Chat - Daniela Maite/00002751-STICKER-2025-05-24-17-27-44.webp"
    ],
    "ultima_modificacion": "2025-08-01 01:01:49.716107"
  },
  "00000575photo20240410181213.jpg": {
    "app_sintetizada": "00000575PHOTO20240410181213.JPG",
    "cantidad_archivos": 2,
    "archivos_fuente": [
      "Library/CloudStorage/Dropbox/AUTOMATIZACIO\u0301N AGENDA/procesar_pacientes_zip/pacientes_chats/WhatsApp Chat - Daniela Maite/00000575-PHOTO-2024-04-10-18-12-13.jpg",
      "Library/Mobile Documents/.Trash/AUTOMATIZACIO\u0301N AGENDA /procesar_pacientes_zip/pacientes_chats/WhatsApp Chat - Daniela Maite/00000575-PHOTO-2024-04-10-18-12-13.jpg"
    ],
    "ultima_modificacion": "2025-08-01 01:01:49.716662"
  },
  "00002835photo20250529165957.jpg": {
    "app_sintetizada": "00002835PHOTO20250529165957.JPG",
    "cantidad_archivos": 2,
    "archivos_fuente": [
      "Library/CloudStorage/Dropbox/AUTOMATIZACIO\u0301N AGENDA/procesar_pacientes_zip/pacientes_chats/WhatsApp Chat - Daniela Maite/00002835-PHOTO-2025-05-29-16-59-57.jpg",
      "Library/Mobile Documents/.Trash/AUTOMATIZACIO\u0301N AGENDA /procesar_pacientes_zip/pacientes_chats/WhatsApp Chat - Daniela Maite/00002835-PHOTO-2025-05-29-16-59-57.jpg"
    ],
    "ultima_modificacion": "2025-08-01 01:01:49.717077"
  },
  "00002388photo20250327215051.jpg": {
    "app_sintetizada": "00002388PHOTO20250327215051.JPG",
    "cantidad_archivos": 2,
    "archivos_fuente": [
      "Library/CloudStorage/Dropbox/AUTOMATIZACIO\u0301N AGENDA/procesar_pacientes_zip/pacientes_chats/WhatsApp Chat - Daniela Maite/00002388-PHOTO-2025-03-27-21-50-51.jpg",
      "Library/Mobile Documents/.Trash/AUTOMATIZACIO\u0301N AGENDA /procesar_pacientes_zip/pacientes_chats/WhatsApp Chat - Daniela Maite/00002388-PHOTO-2025-03-27-21-50-51.jpg"
    ],
    "ultima_modificacion": "2025-08-01 01:01:49.717577"
  },
  "00000035photo20231212230526.jpg": {
    "app_sintetizada": "00000035PHOTO20231212230526.JPG",
    "cantidad_archivos": 2,
    "archivos_fuente": [
      "Library/CloudStorage/Dropbox/AUTOMATIZACIO\u0301N AGENDA/procesar_pacientes_zip/pacientes_chats/WhatsApp Chat - Daniela Maite/00000035-PHOTO-2023-12-12-23-05-26.jpg",
      "Library/Mobile Documents/.Trash/AUTOMATIZACIO\u0301N AGENDA /procesar_pacientes_zip/pacientes_chats/WhatsApp Chat - Daniela Maite/00000035-PHOTO-2023-12-12-23-05-26.jpg"
    ],
    "ultima_modificacion": "2025-08-01 01:01:49.717975"
  },
  "00002639sticker20250507182124.webp": {
    "app_sintetizada": "00002639STICKER20250507182124.WEBP",
    "cantidad_archivos": 2,
    "archivos_fuente": [
      "Library/CloudStorage/Dropbox/AUTOMATIZACIO\u0301N AGENDA/procesar_pacientes_zip/pacientes_chats/WhatsApp Chat - Daniela Maite/00002639-STICKER-2025-05-07-18-21-24.webp",
      "Library/Mobile Documents/.Trash/AUTOMATIZACIO\u0301N AGENDA /procesar_pacientes_zip/pacientes_chats/WhatsApp Chat - Daniela Maite/00002639-STICKER-2025-05-07-18-21-24.webp"
    ],
    "ultima_modificacion": "2025-08-01 01:01:49.718336"
  },
  "00000190photo20240206140216.jpg": {
    "app_sintetizada": "00000190PHOTO20240206140216.JPG",
    "cantidad_archivos": 2,
    "archivos_fuente": [
      "Library/CloudStorage/Dropbox/AUTOMATIZACIO\u0301N AGENDA/procesar_pacientes_zip/pacientes_chats/WhatsApp Chat - Daniela Maite/00000190-PHOTO-2024-02-06-14-02-16.jpg",
      "Library/Mobile Documents/.Trash/AUTOMATIZACIO\u0301N AGENDA /procesar_pacientes_zip/pacientes_chats/WhatsApp Chat - Daniela Maite/00000190-PHOTO-2024-02-06-14-02-16.jpg"
    ],
    "ultima_modificacion": "2025-08-01 01:01:49.718672"
  },
  "00000159photo20240131084645.jpg": {
    "app_sintetizada": "00000159PHOTO20240131084645.JPG",
    "cantidad_archivos": 2,
    "archivos_fuente": [
      "Library/CloudStorage/Dropbox/AUTOMATIZACIO\u0301N AGENDA/procesar_pacientes_zip/pacientes_chats/WhatsApp Chat - Daniela Maite/00000159-PHOTO-2024-01-31-08-46-45.jpg",
      "Library/Mobile Documents/.Trash/AUTOMATIZACIO\u0301N AGENDA /procesar_pacientes_zip/pacientes_chats/WhatsApp Chat - Daniela Maite/00000159-PHOTO-2024-01-31-08-46-45.jpg"
    ],
    "ultima_modificacion": "2025-08-01 01:01:49.718955"
  },
  "00000400sticker20240313133744.webp": {
    "app_sintetizada": "00000400STICKER20240313133744.WEBP",
    "cantidad_archivos": 2,
    "archivos_fuente": [
      "Library/CloudStorage/Dropbox/AUTOMATIZACIO\u0301N AGENDA/procesar_pacientes_zip/pacientes_chats/WhatsApp Chat - Daniela Maite/00000400-STICKER-2024-03-13-13-37-44.webp",
      "Library/Mobile Documents/.Trash/AUTOMATIZACIO\u0301N AGENDA /procesar_pacientes_zip/pacientes_chats/WhatsApp Chat - Daniela Maite/00000400-STICKER-2024-03-13-13-37-44.webp"
    ],
    "ultima_modificacion": "2025-08-01 01:01:49.719274"
  },
  "00001436audio20241021114356.opus": {
    "app_sintetizada": "00001436AUDIO20241021114356.OPUS",
    "cantidad_archivos": 2,
    "archivos_fuente": [
      "Library/CloudStorage/Dropbox/AUTOMATIZACIO\u0301N AGENDA/procesar_pacientes_zip/pacientes_chats/WhatsApp Chat - Daniela Maite/00001436-AUDIO-2024-10-21-11-43-56.opus",
      "Library/Mobile Documents/.Trash/AUTOMATIZACIO\u0301N AGENDA /procesar_pacientes_zip/pacientes_chats/WhatsApp Chat - Daniela Maite/00001436-AUDIO-2024-10-21-11-43-56.opus"
    ],
    "ultima_modificacion": "2025-08-01 01:01:49.719520"
  },
  "00002296sticker20250310104310.webp": {
    "app_sintetizada": "00002296STICKER20250310104310.WEBP",
    "cantidad_archivos": 2,
    "archivos_fuente": [
      "Library/CloudStorage/Dropbox/AUTOMATIZACIO\u0301N AGENDA/procesar_pacientes_zip/pacientes_chats/WhatsApp Chat - Daniela Maite/00002296-STICKER-2025-03-10-10-43-10.webp",
      "Library/Mobile Documents/.Trash/AUTOMATIZACIO\u0301N AGENDA /procesar_pacientes_zip/pacientes_chats/WhatsApp Chat - Daniela Maite/00002296-STICKER-2025-03-10-10-43-10.webp"
    ],
    "ultima_modificacion": "2025-08-01 01:01:49.719794"
  },
  "00001342video20241003213810.mp4": {
    "app_sintetizada": "00001342VIDEO20241003213810.MP4",
    "cantidad_archivos": 2,
    "archivos_fuente": [
      "Library/CloudStorage/Dropbox/AUTOMATIZACIO\u0301N AGENDA/procesar_pacientes_zip/pacientes_chats/WhatsApp Chat - Daniela Maite/00001342-VIDEO-2024-10-03-21-38-10.mp4",
      "Library/Mobile Documents/.Trash/AUTOMATIZACIO\u0301N AGENDA /procesar_pacientes_zip/pacientes_chats/WhatsApp Chat - Daniela Maite/00001342-VIDEO-2024-10-03-21-38-10.mp4"
    ],
    "ultima_modificacion": "2025-08-01 01:01:49.720165"
  },
  "00002767audio20250524180103.opus": {
    "app_sintetizada": "00002767AUDIO20250524180103.OPUS",
    "cantidad_archivos": 2,
    "archivos_fuente": [
      "Library/CloudStorage/Dropbox/AUTOMATIZACIO\u0301N AGENDA/procesar_pacientes_zip/pacientes_chats/WhatsApp Chat - Daniela Maite/00002767-AUDIO-2025-05-24-18-01-03.opus",
      "Library/Mobile Documents/.Trash/AUTOMATIZACIO\u0301N AGENDA /procesar_pacientes_zip/pacientes_chats/WhatsApp Chat - Daniela Maite/00002767-AUDIO-2025-05-24-18-01-03.opus"
    ],
    "ultima_modificacion": "2025-08-01 01:01:49.720451"
  },
  "00003059photo20250712224907.jpg": {
    "app_sintetizada": "00003059PHOTO20250712224907.JPG",
    "cantidad_archivos": 2,
    "archivos_fuente": [
      "Library/CloudStorage/Dropbox/AUTOMATIZACIO\u0301N AGENDA/procesar_pacientes_zip/pacientes_chats/WhatsApp Chat - Daniela Maite/00003059-PHOTO-2025-07-12-22-49-07.jpg",
      "Library/Mobile Documents/.Trash/AUTOMATIZACIO\u0301N AGENDA /procesar_pacientes_zip/pacientes_chats/WhatsApp Chat - Daniela Maite/00003059-PHOTO-2025-07-12-22-49-07.jpg"
    ],
    "ultima_modificacion": "2025-08-01 01:01:49.720735"
  },
  "00000318sticker20240304003356.webp": {
    "app_sintetizada": "00000318STICKER20240304003356.WEBP",
    "cantidad_archivos": 2,
    "archivos_fuente": [
      "Library/CloudStorage/Dropbox/AUTOMATIZACIO\u0301N AGENDA/procesar_pacientes_zip/pacientes_chats/WhatsApp Chat - Daniela Maite/00000318-STICKER-2024-03-04-00-33-56.webp",
      "Library/Mobile Documents/.Trash/AUTOMATIZACIO\u0301N AGENDA /procesar_pacientes_zip/pacientes_chats/WhatsApp Chat - Daniela Maite/00000318-STICKER-2024-03-04-00-33-56.webp"
    ],
    "ultima_modificacion": "2025-08-01 01:01:49.721018"
  },
  "00003010audio20250701094209.opus": {
    "app_sintetizada": "00003010AUDIO20250701094209.OPUS",
    "cantidad_archivos": 2,
    "archivos_fuente": [
      "Library/CloudStorage/Dropbox/AUTOMATIZACIO\u0301N AGENDA/procesar_pacientes_zip/pacientes_chats/WhatsApp Chat - Daniela Maite/00003010-AUDIO-2025-07-01-09-42-09.opus",
      "Library/Mobile Documents/.Trash/AUTOMATIZACIO\u0301N AGENDA /procesar_pacientes_zip/pacientes_chats/WhatsApp Chat - Daniela Maite/00003010-AUDIO-2025-07-01-09-42-09.opus"
    ],
    "ultima_modificacion": "2025-08-01 01:01:49.721272"
  },
  "00001949sticker20250109152115.webp": {
    "app_sintetizada": "00001949STICKER20250109152115.WEBP",
    "cantidad_archivos": 2,
    "archivos_fuente": [
      "Library/CloudStorage/Dropbox/AUTOMATIZACIO\u0301N AGENDA/procesar_pacientes_zip/pacientes_chats/WhatsApp Chat - Daniela Maite/00001949-STICKER-2025-01-09-15-21-15.webp",
      "Library/Mobile Documents/.Trash/AUTOMATIZACIO\u0301N AGENDA /procesar_pacientes_zip/pacientes_chats/WhatsApp Chat - Daniela Maite/00001949-STICKER-2025-01-09-15-21-15.webp"
    ],
    "ultima_modificacion": "2025-08-01 01:01:49.721546"
  },
  "00002958audio20250624125054.opus": {
    "app_sintetizada": "00002958AUDIO20250624125054.OPUS",
    "cantidad_archivos": 2,
    "archivos_fuente": [
      "Library/CloudStorage/Dropbox/AUTOMATIZACIO\u0301N AGENDA/procesar_pacientes_zip/pacientes_chats/WhatsApp Chat - Daniela Maite/00002958-AUDIO-2025-06-24-12-50-54.opus",
      "Library/Mobile Documents/.Trash/AUTOMATIZACIO\u0301N AGENDA /procesar_pacientes_zip/pacientes_chats/WhatsApp Chat - Daniela Maite/00002958-AUDIO-2025-06-24-12-50-54.opus"
    ],
    "ultima_modificacion": "2025-08-01 01:01:49.721834"
  },
  "00002983audio20250627104437.opus": {
    "app_sintetizada": "00002983AUDIO20250627104437.OPUS",
    "cantidad_archivos": 2,
    "archivos_fuente": [
      "Library/CloudStorage/Dropbox/AUTOMATIZACIO\u0301N AGENDA/procesar_pacientes_zip/pacientes_chats/WhatsApp Chat - Daniela Maite/00002983-AUDIO-2025-06-27-10-44-37.opus",
      "Library/Mobile Documents/.Trash/AUTOMATIZACIO\u0301N AGENDA /procesar_pacientes_zip/pacientes_chats/WhatsApp Chat - Daniela Maite/00002983-AUDIO-2025-06-27-10-44-37.opus"
    ],
    "ultima_modificacion": "2025-08-01 01:01:49.722236"
  },
  "00002147photo20250207232809.jpg": {
    "app_sintetizada": "00002147PHOTO20250207232809.JPG",
    "cantidad_archivos": 2,
    "archivos_fuente": [
      "Library/CloudStorage/Dropbox/AUTOMATIZACIO\u0301N AGENDA/procesar_pacientes_zip/pacientes_chats/WhatsApp Chat - Daniela Maite/00002147-PHOTO-2025-02-07-23-28-09.jpg",
      "Library/Mobile Documents/.Trash/AUTOMATIZACIO\u0301N AGENDA /procesar_pacientes_zip/pacientes_chats/WhatsApp Chat - Daniela Maite/00002147-PHOTO-2025-02-07-23-28-09.jpg"
    ],
    "ultima_modificacion": "2025-08-01 01:01:49.722526"
  },
  "00002161video20250208022127.mp4": {
    "app_sintetizada": "00002161VIDEO20250208022127.MP4",
    "cantidad_archivos": 2,
    "archivos_fuente": [
      "Library/CloudStorage/Dropbox/AUTOMATIZACIO\u0301N AGENDA/procesar_pacientes_zip/pacientes_chats/WhatsApp Chat - Daniela Maite/00002161-VIDEO-2025-02-08-02-21-27.mp4",
      "Library/Mobile Documents/.Trash/AUTOMATIZACIO\u0301N AGENDA /procesar_pacientes_zip/pacientes_chats/WhatsApp Chat - Daniela Maite/00002161-VIDEO-2025-02-08-02-21-27.mp4"
    ],
    "ultima_modificacion": "2025-08-01 01:01:49.722792"
  },
  "00000903sticker20240618112611.webp": {
    "app_sintetizada": "00000903STICKER20240618112611.WEBP",
    "cantidad_archivos": 2,
    "archivos_fuente": [
      "Library/CloudStorage/Dropbox/AUTOMATIZACIO\u0301N AGENDA/procesar_pacientes_zip/pacientes_chats/WhatsApp Chat - Daniela Maite/00000903-STICKER-2024-06-18-11-26-11.webp",
      "Library/Mobile Documents/.Trash/AUTOMATIZACIO\u0301N AGENDA /procesar_pacientes_zip/pacientes_chats/WhatsApp Chat - Daniela Maite/00000903-STICKER-2024-06-18-11-26-11.webp"
    ],
    "ultima_modificacion": "2025-08-01 01:01:49.723071"
  },
  "00001346audio20241004172406.opus": {
    "app_sintetizada": "00001346AUDIO20241004172406.OPUS",
    "cantidad_archivos": 2,
    "archivos_fuente": [
      "Library/CloudStorage/Dropbox/AUTOMATIZACIO\u0301N AGENDA/procesar_pacientes_zip/pacientes_chats/WhatsApp Chat - Daniela Maite/00001346-AUDIO-2024-10-04-17-24-06.opus",
      "Library/Mobile Documents/.Trash/AUTOMATIZACIO\u0301N AGENDA /procesar_pacientes_zip/pacientes_chats/WhatsApp Chat - Daniela Maite/00001346-AUDIO-2024-10-04-17-24-06.opus"
    ],
    "ultima_modificacion": "2025-08-01 01:01:49.723430"
  },
  "00002658sticker20250508155625.webp": {
    "app_sintetizada": "00002658STICKER20250508155625.WEBP",
    "cantidad_archivos": 2,
    "archivos_fuente": [
      "Library/CloudStorage/Dropbox/AUTOMATIZACIO\u0301N AGENDA/procesar_pacientes_zip/pacientes_chats/WhatsApp Chat - Daniela Maite/00002658-STICKER-2025-05-08-15-56-25.webp",
      "Library/Mobile Documents/.Trash/AUTOMATIZACIO\u0301N AGENDA /procesar_pacientes_zip/pacientes_chats/WhatsApp Chat - Daniela Maite/00002658-STICKER-2025-05-08-15-56-25.webp"
    ],
    "ultima_modificacion": "2025-08-01 01:01:49.723691"
  },
  "00001866audio20250106145734.opus": {
    "app_sintetizada": "00001866AUDIO20250106145734.OPUS",
    "cantidad_archivos": 2,
    "archivos_fuente": [
      "Library/CloudStorage/Dropbox/AUTOMATIZACIO\u0301N AGENDA/procesar_pacientes_zip/pacientes_chats/WhatsApp Chat - Daniela Maite/00001866-AUDIO-2025-01-06-14-57-34.opus",
      "Library/Mobile Documents/.Trash/AUTOMATIZACIO\u0301N AGENDA /procesar_pacientes_zip/pacientes_chats/WhatsApp Chat - Daniela Maite/00001866-AUDIO-2025-01-06-14-57-34.opus"
    ],
    "ultima_modificacion": "2025-08-01 01:01:49.723994"
  },
  "00000090photo20231221121026.jpg": {
    "app_sintetizada": "00000090PHOTO20231221121026.JPG",
    "cantidad_archivos": 2,
    "archivos_fuente": [
      "Library/CloudStorage/Dropbox/AUTOMATIZACIO\u0301N AGENDA/procesar_pacientes_zip/pacientes_chats/WhatsApp Chat - Daniela Maite/00000090-PHOTO-2023-12-21-12-10-26.jpg",
      "Library/Mobile Documents/.Trash/AUTOMATIZACIO\u0301N AGENDA /procesar_pacientes_zip/pacientes_chats/WhatsApp Chat - Daniela Maite/00000090-PHOTO-2023-12-21-12-10-26.jpg"
    ],
    "ultima_modificacion": "2025-08-01 01:01:49.724253"
  },
  "00001396audio20241011140917.opus": {
    "app_sintetizada": "00001396AUDIO20241011140917.OPUS",
    "cantidad_archivos": 2,
    "archivos_fuente": [
      "Library/CloudStorage/Dropbox/AUTOMATIZACIO\u0301N AGENDA/procesar_pacientes_zip/pacientes_chats/WhatsApp Chat - Daniela Maite/00001396-AUDIO-2024-10-11-14-09-17.opus",
      "Library/Mobile Documents/.Trash/AUTOMATIZACIO\u0301N AGENDA /procesar_pacientes_zip/pacientes_chats/WhatsApp Chat - Daniela Maite/00001396-AUDIO-2024-10-11-14-09-17.opus"
    ],
    "ultima_modificacion": "2025-08-01 01:01:49.724564"
  },
  "00002443rueda": {
    "app_sintetizada": "00002443RUEDA",
    "cantidad_archivos": 2,
    "archivos_fuente": [
      "Library/CloudStorage/Dropbox/AUTOMATIZACIO\u0301N AGENDA/procesar_pacientes_zip/pacientes_chats/WhatsApp Chat - Daniela Maite/00002443-RUEDA DE EMOCIONES Y GESTIO\u0301N EMOCIONAL.docx",
      "Library/Mobile Documents/.Trash/AUTOMATIZACIO\u0301N AGENDA /procesar_pacientes_zip/pacientes_chats/WhatsApp Chat - Daniela Maite/00002443-RUEDA DE EMOCIONES Y GESTIO\u0301N EMOCIONAL.docx"
    ],
    "ultima_modificacion": "2025-08-01 01:01:49.724820"
  },
  "00001242photo20240823124522.jpg": {
    "app_sintetizada": "00001242PHOTO20240823124522.JPG",
    "cantidad_archivos": 2,
    "archivos_fuente": [
      "Library/CloudStorage/Dropbox/AUTOMATIZACIO\u0301N AGENDA/procesar_pacientes_zip/pacientes_chats/WhatsApp Chat - Daniela Maite/00001242-PHOTO-2024-08-23-12-45-22.jpg",
      "Library/Mobile Documents/.Trash/AUTOMATIZACIO\u0301N AGENDA /procesar_pacientes_zip/pacientes_chats/WhatsApp Chat - Daniela Maite/00001242-PHOTO-2024-08-23-12-45-22.jpg"
    ],
    "ultima_modificacion": "2025-08-01 01:01:49.725075"
  },
  "00002492sticker20250407223507.webp": {
    "app_sintetizada": "00002492STICKER20250407223507.WEBP",
    "cantidad_archivos": 2,
    "archivos_fuente": [
      "Library/CloudStorage/Dropbox/AUTOMATIZACIO\u0301N AGENDA/procesar_pacientes_zip/pacientes_chats/WhatsApp Chat - Daniela Maite/00002492-STICKER-2025-04-07-22-35-07.webp",
      "Library/Mobile Documents/.Trash/AUTOMATIZACIO\u0301N AGENDA /procesar_pacientes_zip/pacientes_chats/WhatsApp Chat - Daniela Maite/00002492-STICKER-2025-04-07-22-35-07.webp"
    ],
    "ultima_modificacion": "2025-08-01 01:01:49.725336"
  },
  "00002022audio20250117143324.opus": {
    "app_sintetizada": "00002022AUDIO20250117143324.OPUS",
    "cantidad_archivos": 2,
    "archivos_fuente": [
      "Library/CloudStorage/Dropbox/AUTOMATIZACIO\u0301N AGENDA/procesar_pacientes_zip/pacientes_chats/WhatsApp Chat - Daniela Maite/00002022-AUDIO-2025-01-17-14-33-24.opus",
      "Library/Mobile Documents/.Trash/AUTOMATIZACIO\u0301N AGENDA /procesar_pacientes_zip/pacientes_chats/WhatsApp Chat - Daniela Maite/00002022-AUDIO-2025-01-17-14-33-24.opus"
    ],
    "ultima_modificacion": "2025-08-01 01:01:49.725598"
  },
  "00001162photo20240816162521.jpg": {
    "app_sintetizada": "00001162PHOTO20240816162521.JPG",
    "cantidad_archivos": 2,
    "archivos_fuente": [
      "Library/CloudStorage/Dropbox/AUTOMATIZACIO\u0301N AGENDA/procesar_pacientes_zip/pacientes_chats/WhatsApp Chat - Daniela Maite/00001162-PHOTO-2024-08-16-16-25-21.jpg",
      "Library/Mobile Documents/.Trash/AUTOMATIZACIO\u0301N AGENDA /procesar_pacientes_zip/pacientes_chats/WhatsApp Chat - Daniela Maite/00001162-PHOTO-2024-08-16-16-25-21.jpg"
    ],
    "ultima_modificacion": "2025-08-01 01:01:49.725991"
  },
  "00002973audio20250624183800.opus": {
    "app_sintetizada": "00002973AUDIO20250624183800.OPUS",
    "cantidad_archivos": 2,
    "archivos_fuente": [
      "Library/CloudStorage/Dropbox/AUTOMATIZACIO\u0301N AGENDA/procesar_pacientes_zip/pacientes_chats/WhatsApp Chat - Daniela Maite/00002973-AUDIO-2025-06-24-18-38-00.opus",
      "Library/Mobile Documents/.Trash/AUTOMATIZACIO\u0301N AGENDA /procesar_pacientes_zip/pacientes_chats/WhatsApp Chat - Daniela Maite/00002973-AUDIO-2025-06-24-18-38-00.opus"
    ],
    "ultima_modificacion": "2025-08-01 01:01:49.726255"
  },
  "00000696sticker20240505180832.webp": {
    "app_sintetizada": "00000696STICKER20240505180832.WEBP",
    "cantidad_archivos": 2,
    "archivos_fuente": [
      "Library/CloudStorage/Dropbox/AUTOMATIZACIO\u0301N AGENDA/procesar_pacientes_zip/pacientes_chats/WhatsApp Chat - Daniela Maite/00000696-STICKER-2024-05-05-18-08-32.webp",
      "Library/Mobile Documents/.Trash/AUTOMATIZACIO\u0301N AGENDA /procesar_pacientes_zip/pacientes_chats/WhatsApp Chat - Daniela Maite/00000696-STICKER-2024-05-05-18-08-32.webp"
    ],
    "ultima_modificacion": "2025-08-01 01:01:49.726559"
  },
  "00001795jaime": {
    "app_sintetizada": "00001795JAIME",
    "cantidad_archivos": 2,
    "archivos_fuente": [
      "Library/CloudStorage/Dropbox/AUTOMATIZACIO\u0301N AGENDA/procesar_pacientes_zip/pacientes_chats/WhatsApp Chat - Daniela Maite/00001795-Jaime Castan\u0303eda.vcf",
      "Library/Mobile Documents/.Trash/AUTOMATIZACIO\u0301N AGENDA /procesar_pacientes_zip/pacientes_chats/WhatsApp Chat - Daniela Maite/00001795-Jaime Castan\u0303eda.vcf"
    ],
    "ultima_modificacion": "2025-08-01 01:01:49.726836"
  },
  "00002770audio20250525184453.opus": {
    "app_sintetizada": "00002770AUDIO20250525184453.OPUS",
    "cantidad_archivos": 2,
    "archivos_fuente": [
      "Library/CloudStorage/Dropbox/AUTOMATIZACIO\u0301N AGENDA/procesar_pacientes_zip/pacientes_chats/WhatsApp Chat - Daniela Maite/00002770-AUDIO-2025-05-25-18-44-53.opus",
      "Library/Mobile Documents/.Trash/AUTOMATIZACIO\u0301N AGENDA /procesar_pacientes_zip/pacientes_chats/WhatsApp Chat - Daniela Maite/00002770-AUDIO-2025-05-25-18-44-53.opus"
    ],
    "ultima_modificacion": "2025-08-01 01:01:49.727108"
  },
  "00001357sticker20241007212935.webp": {
    "app_sintetizada": "00001357STICKER20241007212935.WEBP",
    "cantidad_archivos": 2,
    "archivos_fuente": [
      "Library/CloudStorage/Dropbox/AUTOMATIZACIO\u0301N AGENDA/procesar_pacientes_zip/pacientes_chats/WhatsApp Chat - Daniela Maite/00001357-STICKER-2024-10-07-21-29-35.webp",
      "Library/Mobile Documents/.Trash/AUTOMATIZACIO\u0301N AGENDA /procesar_pacientes_zip/pacientes_chats/WhatsApp Chat - Daniela Maite/00001357-STICKER-2024-10-07-21-29-35.webp"
    ],
    "ultima_modificacion": "2025-08-01 01:01:49.727348"
  },
  "00000971audio20240709122105.opus": {
    "app_sintetizada": "00000971AUDIO20240709122105.OPUS",
    "cantidad_archivos": 2,
    "archivos_fuente": [
      "Library/CloudStorage/Dropbox/AUTOMATIZACIO\u0301N AGENDA/procesar_pacientes_zip/pacientes_chats/WhatsApp Chat - Daniela Maite/00000971-AUDIO-2024-07-09-12-21-05.opus",
      "Library/Mobile Documents/.Trash/AUTOMATIZACIO\u0301N AGENDA /procesar_pacientes_zip/pacientes_chats/WhatsApp Chat - Daniela Maite/00000971-AUDIO-2024-07-09-12-21-05.opus"
    ],
    "ultima_modificacion": "2025-08-01 01:01:49.727571"
  },
  "00001864audio20250106140645.opus": {
    "app_sintetizada": "00001864AUDIO20250106140645.OPUS",
    "cantidad_archivos": 2,
    "archivos_fuente": [
      "Library/CloudStorage/Dropbox/AUTOMATIZACIO\u0301N AGENDA/procesar_pacientes_zip/pacientes_chats/WhatsApp Chat - Daniela Maite/00001864-AUDIO-2025-01-06-14-06-45.opus",
      "Library/Mobile Documents/.Trash/AUTOMATIZACIO\u0301N AGENDA /procesar_pacientes_zip/pacientes_chats/WhatsApp Chat - Daniela Maite/00001864-AUDIO-2025-01-06-14-06-45.opus"
    ],
    "ultima_modificacion": "2025-08-01 01:01:49.727932"
  },
  "00002773audio20250525185531.opus": {
    "app_sintetizada": "00002773AUDIO20250525185531.OPUS",
    "cantidad_archivos": 2,
    "archivos_fuente": [
      "Library/CloudStorage/Dropbox/AUTOMATIZACIO\u0301N AGENDA/procesar_pacientes_zip/pacientes_chats/WhatsApp Chat - Daniela Maite/00002773-AUDIO-2025-05-25-18-55-31.opus",
      "Library/Mobile Documents/.Trash/AUTOMATIZACIO\u0301N AGENDA /procesar_pacientes_zip/pacientes_chats/WhatsApp Chat - Daniela Maite/00002773-AUDIO-2025-05-25-18-55-31.opus"
    ],
    "ultima_modificacion": "2025-08-01 01:01:49.728284"
  },
  "00001664photo20241204134458.jpg": {
    "app_sintetizada": "00001664PHOTO20241204134458.JPG",
    "cantidad_archivos": 2,
    "archivos_fuente": [
      "Library/CloudStorage/Dropbox/AUTOMATIZACIO\u0301N AGENDA/procesar_pacientes_zip/pacientes_chats/WhatsApp Chat - Daniela Maite/00001664-PHOTO-2024-12-04-13-44-58.jpg",
      "Library/Mobile Documents/.Trash/AUTOMATIZACIO\u0301N AGENDA /procesar_pacientes_zip/pacientes_chats/WhatsApp Chat - Daniela Maite/00001664-PHOTO-2024-12-04-13-44-58.jpg"
    ],
    "ultima_modificacion": "2025-08-01 01:01:49.728600"
  },
  "00000304sticker20240301113213.webp": {
    "app_sintetizada": "00000304STICKER20240301113213.WEBP",
    "cantidad_archivos": 2,
    "archivos_fuente": [
      "Library/CloudStorage/Dropbox/AUTOMATIZACIO\u0301N AGENDA/procesar_pacientes_zip/pacientes_chats/WhatsApp Chat - Daniela Maite/00000304-STICKER-2024-03-01-11-32-13.webp",
      "Library/Mobile Documents/.Trash/AUTOMATIZACIO\u0301N AGENDA /procesar_pacientes_zip/pacientes_chats/WhatsApp Chat - Daniela Maite/00000304-STICKER-2024-03-01-11-32-13.webp"
    ],
    "ultima_modificacion": "2025-08-01 01:01:49.728898"
  },
  "00002239sticker20250224235910.webp": {
    "app_sintetizada": "00002239STICKER20250224235910.WEBP",
    "cantidad_archivos": 2,
    "archivos_fuente": [
      "Library/CloudStorage/Dropbox/AUTOMATIZACIO\u0301N AGENDA/procesar_pacientes_zip/pacientes_chats/WhatsApp Chat - Daniela Maite/00002239-STICKER-2025-02-24-23-59-10.webp",
      "Library/Mobile Documents/.Trash/AUTOMATIZACIO\u0301N AGENDA /procesar_pacientes_zip/pacientes_chats/WhatsApp Chat - Daniela Maite/00002239-STICKER-2025-02-24-23-59-10.webp"
    ],
    "ultima_modificacion": "2025-08-01 01:01:49.729169"
  },
  "00002772audio20250525185400.opus": {
    "app_sintetizada": "00002772AUDIO20250525185400.OPUS",
    "cantidad_archivos": 2,
    "archivos_fuente": [
      "Library/CloudStorage/Dropbox/AUTOMATIZACIO\u0301N AGENDA/procesar_pacientes_zip/pacientes_chats/WhatsApp Chat - Daniela Maite/00002772-AUDIO-2025-05-25-18-54-00.opus",
      "Library/Mobile Documents/.Trash/AUTOMATIZACIO\u0301N AGENDA /procesar_pacientes_zip/pacientes_chats/WhatsApp Chat - Daniela Maite/00002772-AUDIO-2025-05-25-18-54-00.opus"
    ],
    "ultima_modificacion": "2025-08-01 01:01:49.729467"
  },
  "00001285audio20240827165658.opus": {
    "app_sintetizada": "00001285AUDIO20240827165658.OPUS",
    "cantidad_archivos": 2,
    "archivos_fuente": [
      "Library/CloudStorage/Dropbox/AUTOMATIZACIO\u0301N AGENDA/procesar_pacientes_zip/pacientes_chats/WhatsApp Chat - Daniela Maite/00001285-AUDIO-2024-08-27-16-56-58.opus",
      "Library/Mobile Documents/.Trash/AUTOMATIZACIO\u0301N AGENDA /procesar_pacientes_zip/pacientes_chats/WhatsApp Chat - Daniela Maite/00001285-AUDIO-2024-08-27-16-56-58.opus"
    ],
    "ultima_modificacion": "2025-08-01 01:01:49.729878"
  },
  "00000600photo20240421152702.jpg": {
    "app_sintetizada": "00000600PHOTO20240421152702.JPG",
    "cantidad_archivos": 2,
    "archivos_fuente": [
      "Library/CloudStorage/Dropbox/AUTOMATIZACIO\u0301N AGENDA/procesar_pacientes_zip/pacientes_chats/WhatsApp Chat - Daniela Maite/00000600-PHOTO-2024-04-21-15-27-02.jpg",
      "Library/Mobile Documents/.Trash/AUTOMATIZACIO\u0301N AGENDA /procesar_pacientes_zip/pacientes_chats/WhatsApp Chat - Daniela Maite/00000600-PHOTO-2024-04-21-15-27-02.jpg"
    ],
    "ultima_modificacion": "2025-08-01 01:01:49.730138"
  },
  "00001340video20241003203748.mp4": {
    "app_sintetizada": "00001340VIDEO20241003203748.MP4",
    "cantidad_archivos": 2,
    "archivos_fuente": [
      "Library/CloudStorage/Dropbox/AUTOMATIZACIO\u0301N AGENDA/procesar_pacientes_zip/pacientes_chats/WhatsApp Chat - Daniela Maite/00001340-VIDEO-2024-10-03-20-37-48.mp4",
      "Library/Mobile Documents/.Trash/AUTOMATIZACIO\u0301N AGENDA /procesar_pacientes_zip/pacientes_chats/WhatsApp Chat - Daniela Maite/00001340-VIDEO-2024-10-03-20-37-48.mp4"
    ],
    "ultima_modificacion": "2025-08-01 01:01:49.730482"
  },
  "00000730audio20240509093057.opus": {
    "app_sintetizada": "00000730AUDIO20240509093057.OPUS",
    "cantidad_archivos": 2,
    "archivos_fuente": [
      "Library/CloudStorage/Dropbox/AUTOMATIZACIO\u0301N AGENDA/procesar_pacientes_zip/pacientes_chats/WhatsApp Chat - Daniela Maite/00000730-AUDIO-2024-05-09-09-30-57.opus",
      "Library/Mobile Documents/.Trash/AUTOMATIZACIO\u0301N AGENDA /procesar_pacientes_zip/pacientes_chats/WhatsApp Chat - Daniela Maite/00000730-AUDIO-2024-05-09-09-30-57.opus"
    ],
    "ultima_modificacion": "2025-08-01 01:01:49.730750"
  },
  "00000517consulta": {
    "app_sintetizada": "00000517CONSULTA",
    "cantidad_archivos": 2,
    "archivos_fuente": [
      "Library/CloudStorage/Dropbox/AUTOMATIZACIO\u0301N AGENDA/procesar_pacientes_zip/pacientes_chats/WhatsApp Chat - Daniela Maite/00000517-Consulta Vitacura.vcf",
      "Library/Mobile Documents/.Trash/AUTOMATIZACIO\u0301N AGENDA /procesar_pacientes_zip/pacientes_chats/WhatsApp Chat - Daniela Maite/00000517-Consulta Vitacura.vcf"
    ],
    "ultima_modificacion": "2025-08-01 01:01:49.731066"
  },
  "00000922photo20240619134818.jpg": {
    "app_sintetizada": "00000922PHOTO20240619134818.JPG",
    "cantidad_archivos": 2,
    "archivos_fuente": [
      "Library/CloudStorage/Dropbox/AUTOMATIZACIO\u0301N AGENDA/procesar_pacientes_zip/pacientes_chats/WhatsApp Chat - Daniela Maite/00000922-PHOTO-2024-06-19-13-48-18.jpg",
      "Library/Mobile Documents/.Trash/AUTOMATIZACIO\u0301N AGENDA /procesar_pacientes_zip/pacientes_chats/WhatsApp Chat - Daniela Maite/00000922-PHOTO-2024-06-19-13-48-18.jpg"
    ],
    "ultima_modificacion": "2025-08-01 01:01:49.731324"
  },
  "00002303sticker20250310115025.webp": {
    "app_sintetizada": "00002303STICKER20250310115025.WEBP",
    "cantidad_archivos": 2,
    "archivos_fuente": [
      "Library/CloudStorage/Dropbox/AUTOMATIZACIO\u0301N AGENDA/procesar_pacientes_zip/pacientes_chats/WhatsApp Chat - Daniela Maite/00002303-STICKER-2025-03-10-11-50-25.webp",
      "Library/Mobile Documents/.Trash/AUTOMATIZACIO\u0301N AGENDA /procesar_pacientes_zip/pacientes_chats/WhatsApp Chat - Daniela Maite/00002303-STICKER-2025-03-10-11-50-25.webp"
    ],
    "ultima_modificacion": "2025-08-01 01:01:49.731613"
  },
  "00001554sticker20241115153305.webp": {
    "app_sintetizada": "00001554STICKER20241115153305.WEBP",
    "cantidad_archivos": 2,
    "archivos_fuente": [
      "Library/CloudStorage/Dropbox/AUTOMATIZACIO\u0301N AGENDA/procesar_pacientes_zip/pacientes_chats/WhatsApp Chat - Daniela Maite/00001554-STICKER-2024-11-15-15-33-05.webp",
      "Library/Mobile Documents/.Trash/AUTOMATIZACIO\u0301N AGENDA /procesar_pacientes_zip/pacientes_chats/WhatsApp Chat - Daniela Maite/00001554-STICKER-2024-11-15-15-33-05.webp"
    ],
    "ultima_modificacion": "2025-08-01 01:01:49.731875"
  },
  "00000134audio20240117134904.opus": {
    "app_sintetizada": "00000134AUDIO20240117134904.OPUS",
    "cantidad_archivos": 2,
    "archivos_fuente": [
      "Library/CloudStorage/Dropbox/AUTOMATIZACIO\u0301N AGENDA/procesar_pacientes_zip/pacientes_chats/WhatsApp Chat - Daniela Maite/00000134-AUDIO-2024-01-17-13-49-04.opus",
      "Library/Mobile Documents/.Trash/AUTOMATIZACIO\u0301N AGENDA /procesar_pacientes_zip/pacientes_chats/WhatsApp Chat - Daniela Maite/00000134-AUDIO-2024-01-17-13-49-04.opus"
    ],
    "ultima_modificacion": "2025-08-01 01:01:49.732126"
  }
}