{
  "7b1f3614c5ec2d6b0": {
    "app_sintetizada": "7B1F3614C5EC2D6B0",
    "cantidad_archivos": 1,
    "archivos_fuente": [
      "Library/Caches/Google/Chrome/Default/Cache/Cache_Data/7b1f3614c5ec2d6b_0"
    ],
    "ultima_modificacion": "2025-08-01 01:02:02.998106"
  },
  "bb8dd09aaf6f63f90": {
    "app_sintetizada": "BB8DD09AAF6F63F90",
    "cantidad_archivos": 1,
    "archivos_fuente": [
      "Library/Caches/Google/Chrome/Default/Cache/Cache_Data/bb8dd09aaf6f63f9_0"
    ],
    "ultima_modificacion": "2025-08-01 01:02:02.998399"
  },
  "719f0d5d78e192780": {
    "app_sintetizada": "719F0D5D78E192780",
    "cantidad_archivos": 1,
    "archivos_fuente": [
      "Library/Caches/Google/Chrome/Default/Cache/Cache_Data/719f0d5d78e19278_0"
    ],
    "ultima_modificacion": "2025-08-01 01:02:02.998697"
  },
  "4f7f06b757d43b800": {
    "app_sintetizada": "4F7F06B757D43B800",
    "cantidad_archivos": 1,
    "archivos_fuente": [
      "Library/Caches/Google/Chrome/Default/Cache/Cache_Data/4f7f06b757d43b80_0"
    ],
    "ultima_modificacion": "2025-08-01 01:02:02.999039"
  },
  "74a7b4c25d9ae0d90": {
    "app_sintetizada": "74A7B4C25D9AE0D90",
    "cantidad_archivos": 1,
    "archivos_fuente": [
      "Library/Caches/Google/Chrome/Default/Cache/Cache_Data/74a7b4c25d9ae0d9_0"
    ],
    "ultima_modificacion": "2025-08-01 01:02:02.999358"
  },
  "b7f0c18eb1b9afd90": {
    "app_sintetizada": "B7F0C18EB1B9AFD90",
    "cantidad_archivos": 1,
    "archivos_fuente": [
      "Library/Caches/Google/Chrome/Default/Cache/Cache_Data/b7f0c18eb1b9afd9_0"
    ],
    "ultima_modificacion": "2025-08-01 01:02:02.999666"
  },
  "424eda3873406ef90": {
    "app_sintetizada": "424EDA3873406EF90",
    "cantidad_archivos": 1,
    "archivos_fuente": [
      "Library/Caches/Google/Chrome/Default/Cache/Cache_Data/424eda3873406ef9_0"
    ],
    "ultima_modificacion": "2025-08-01 01:02:02.999987"
  },
  "c2013ba7086468f00": {
    "app_sintetizada": "C2013BA7086468F00",
    "cantidad_archivos": 1,
    "archivos_fuente": [
      "Library/Caches/Google/Chrome/Default/Cache/Cache_Data/c2013ba7086468f0_0"
    ],
    "ultima_modificacion": "2025-08-01 01:02:03.000413"
  },
  "7cd9a4538a45dab30": {
    "app_sintetizada": "7CD9A4538A45DAB30",
    "cantidad_archivos": 1,
    "archivos_fuente": [
      "Library/Caches/Google/Chrome/Default/Cache/Cache_Data/7cd9a4538a45dab3_0"
    ],
    "ultima_modificacion": "2025-08-01 01:02:03.000753"
  },
  "5943434709c5637c0": {
    "app_sintetizada": "5943434709C5637C0",
    "cantidad_archivos": 1,
    "archivos_fuente": [
      "Library/Caches/Google/Chrome/Default/Cache/Cache_Data/5943434709c5637c_0"
    ],
    "ultima_modificacion": "2025-08-01 01:02:03.001056"
  },
  "7cde0f464215d55e0": {
    "app_sintetizada": "7CDE0F464215D55E0",
    "cantidad_archivos": 1,
    "archivos_fuente": [
      "Library/Caches/Google/Chrome/Default/Cache/Cache_Data/7cde0f464215d55e_0"
    ],
    "ultima_modificacion": "2025-08-01 01:02:03.001372"
  },
  "dba365e607b76e3b0": {
    "app_sintetizada": "DBA365E607B76E3B0",
    "cantidad_archivos": 1,
    "archivos_fuente": [
      "Library/Caches/Google/Chrome/Default/Cache/Cache_Data/dba365e607b76e3b_0"
    ],
    "ultima_modificacion": "2025-08-01 01:02:03.001693"
  },
  "0fedae61fa939b500": {
    "app_sintetizada": "0FEDAE61FA939B500",
    "cantidad_archivos": 1,
    "archivos_fuente": [
      "Library/Caches/Google/Chrome/Default/Cache/Cache_Data/0fedae61fa939b50_0"
    ],
    "ultima_modificacion": "2025-08-01 01:02:03.002007"
  },
  "e5726d45d358a7370": {
    "app_sintetizada": "E5726D45D358A7370",
    "cantidad_archivos": 1,
    "archivos_fuente": [
      "Library/Caches/Google/Chrome/Default/Cache/Cache_Data/e5726d45d358a737_0"
    ],
    "ultima_modificacion": "2025-08-01 01:02:03.002326"
  },
  "fad02f88b08430cc0": {
    "app_sintetizada": "FAD02F88B08430CC0",
    "cantidad_archivos": 1,
    "archivos_fuente": [
      "Library/Caches/Google/Chrome/Default/Cache/Cache_Data/fad02f88b08430cc_0"
    ],
    "ultima_modificacion": "2025-08-01 01:02:03.002663"
  },
  "2a5ef4c316b21a1f0": {
    "app_sintetizada": "2A5EF4C316B21A1F0",
    "cantidad_archivos": 1,
    "archivos_fuente": [
      "Library/Caches/Google/Chrome/Default/Cache/Cache_Data/2a5ef4c316b21a1f_0"
    ],
    "ultima_modificacion": "2025-08-01 01:02:03.002969"
  },
  "9ffa53e8b26394c10": {
    "app_sintetizada": "9FFA53E8B26394C10",
    "cantidad_archivos": 1,
    "archivos_fuente": [
      "Library/Caches/Google/Chrome/Default/Cache/Cache_Data/9ffa53e8b26394c1_0"
    ],
    "ultima_modificacion": "2025-08-01 01:02:03.003271"
  },
  "eb9ff0379aafc7530": {
    "app_sintetizada": "EB9FF0379AAFC7530",
    "cantidad_archivos": 1,
    "archivos_fuente": [
      "Library/Caches/Google/Chrome/Default/Cache/Cache_Data/eb9ff0379aafc753_0"
    ],
    "ultima_modificacion": "2025-08-01 01:02:03.003583"
  },
  "7582254bc06d2d650": {
    "app_sintetizada": "7582254BC06D2D650",
    "cantidad_archivos": 1,
    "archivos_fuente": [
      "Library/Caches/Google/Chrome/Default/Cache/Cache_Data/7582254bc06d2d65_0"
    ],
    "ultima_modificacion": "2025-08-01 01:02:03.003929"
  },
  "26a103d5ac0fe5e90": {
    "app_sintetizada": "26A103D5AC0FE5E90",
    "cantidad_archivos": 1,
    "archivos_fuente": [
      "Library/Caches/Google/Chrome/Default/Cache/Cache_Data/26a103d5ac0fe5e9_0"
    ],
    "ultima_modificacion": "2025-08-01 01:02:03.004261"
  },
  "b7e05cf9bb6eae060": {
    "app_sintetizada": "B7E05CF9BB6EAE060",
    "cantidad_archivos": 1,
    "archivos_fuente": [
      "Library/Caches/Google/Chrome/Default/Cache/Cache_Data/b7e05cf9bb6eae06_0"
    ],
    "ultima_modificacion": "2025-08-01 01:02:03.004578"
  },
  "ca02575406b734d30": {
    "app_sintetizada": "CA02575406B734D30",
    "cantidad_archivos": 1,
    "archivos_fuente": [
      "Library/Caches/Google/Chrome/Default/Cache/Cache_Data/ca02575406b734d3_0"
    ],
    "ultima_modificacion": "2025-08-01 01:02:03.004970"
  },
  "326729482ebb22e90": {
    "app_sintetizada": "326729482EBB22E90",
    "cantidad_archivos": 1,
    "archivos_fuente": [
      "Library/Caches/Google/Chrome/Default/Cache/Cache_Data/326729482ebb22e9_0"
    ],
    "ultima_modificacion": "2025-08-01 01:02:03.005328"
  },
  "981850b600e230e80": {
    "app_sintetizada": "981850B600E230E80",
    "cantidad_archivos": 1,
    "archivos_fuente": [
      "Library/Caches/Google/Chrome/Default/Cache/Cache_Data/981850b600e230e8_0"
    ],
    "ultima_modificacion": "2025-08-01 01:02:03.005679"
  },
  "32f3871516d039130": {
    "app_sintetizada": "32F3871516D039130",
    "cantidad_archivos": 1,
    "archivos_fuente": [
      "Library/Caches/Google/Chrome/Default/Cache/Cache_Data/32f3871516d03913_0"
    ],
    "ultima_modificacion": "2025-08-01 01:02:03.005996"
  },
  "07db416f05aa59420": {
    "app_sintetizada": "07DB416F05AA59420",
    "cantidad_archivos": 1,
    "archivos_fuente": [
      "Library/Caches/Google/Chrome/Default/Cache/Cache_Data/07db416f05aa5942_0"
    ],
    "ultima_modificacion": "2025-08-01 01:02:03.006315"
  },
  "1c3220650dd744c00": {
    "app_sintetizada": "1C3220650DD744C00",
    "cantidad_archivos": 1,
    "archivos_fuente": [
      "Library/Caches/Google/Chrome/Default/Cache/Cache_Data/1c3220650dd744c0_0"
    ],
    "ultima_modificacion": "2025-08-01 01:02:03.006642"
  },
  "6e2cfb9bda6a24070": {
    "app_sintetizada": "6E2CFB9BDA6A24070",
    "cantidad_archivos": 1,
    "archivos_fuente": [
      "Library/Caches/Google/Chrome/Default/Cache/Cache_Data/6e2cfb9bda6a2407_0"
    ],
    "ultima_modificacion": "2025-08-01 01:02:03.006968"
  },
  "8a204057c6ba508f0": {
    "app_sintetizada": "8A204057C6BA508F0",
    "cantidad_archivos": 1,
    "archivos_fuente": [
      "Library/Caches/Google/Chrome/Default/Cache/Cache_Data/8a204057c6ba508f_0"
    ],
    "ultima_modificacion": "2025-08-01 01:02:03.007297"
  },
  "36a102cb420e1e5b0": {
    "app_sintetizada": "36A102CB420E1E5B0",
    "cantidad_archivos": 1,
    "archivos_fuente": [
      "Library/Caches/Google/Chrome/Default/Cache/Cache_Data/36a102cb420e1e5b_0"
    ],
    "ultima_modificacion": "2025-08-01 01:02:03.007615"
  },
  "7986ff7d8af665a00": {
    "app_sintetizada": "7986FF7D8AF665A00",
    "cantidad_archivos": 1,
    "archivos_fuente": [
      "Library/Caches/Google/Chrome/Default/Cache/Cache_Data/7986ff7d8af665a0_0"
    ],
    "ultima_modificacion": "2025-08-01 01:02:03.007943"
  },
  "fbd384a0bec4860d0": {
    "app_sintetizada": "FBD384A0BEC4860D0",
    "cantidad_archivos": 1,
    "archivos_fuente": [
      "Library/Caches/Google/Chrome/Default/Cache/Cache_Data/fbd384a0bec4860d_0"
    ],
    "ultima_modificacion": "2025-08-01 01:02:03.008338"
  },
  "d0e62979d9745ad40": {
    "app_sintetizada": "D0E62979D9745AD40",
    "cantidad_archivos": 1,
    "archivos_fuente": [
      "Library/Caches/Google/Chrome/Default/Cache/Cache_Data/d0e62979d9745ad4_0"
    ],
    "ultima_modificacion": "2025-08-01 01:02:03.008715"
  },
  "d29995fc4b78ddf90": {
    "app_sintetizada": "D29995FC4B78DDF90",
    "cantidad_archivos": 1,
    "archivos_fuente": [
      "Library/Caches/Google/Chrome/Default/Cache/Cache_Data/d29995fc4b78ddf9_0"
    ],
    "ultima_modificacion": "2025-08-01 01:02:03.009043"
  },
  "6bc897751567ee610": {
    "app_sintetizada": "6BC897751567EE610",
    "cantidad_archivos": 1,
    "archivos_fuente": [
      "Library/Caches/Google/Chrome/Default/Cache/Cache_Data/6bc897751567ee61_0"
    ],
    "ultima_modificacion": "2025-08-01 01:02:03.009387"
  },
  "26e58f268f45982c0": {
    "app_sintetizada": "26E58F268F45982C0",
    "cantidad_archivos": 1,
    "archivos_fuente": [
      "Library/Caches/Google/Chrome/Default/Cache/Cache_Data/26e58f268f45982c_0"
    ],
    "ultima_modificacion": "2025-08-01 01:02:03.009750"
  },
  "52ba52229e8bfe280": {
    "app_sintetizada": "52BA52229E8BFE280",
    "cantidad_archivos": 1,
    "archivos_fuente": [
      "Library/Caches/Google/Chrome/Default/Cache/Cache_Data/52ba52229e8bfe28_0"
    ],
    "ultima_modificacion": "2025-08-01 01:02:03.010087"
  },
  "c124f45338f3266e0": {
    "app_sintetizada": "C124F45338F3266E0",
    "cantidad_archivos": 1,
    "archivos_fuente": [
      "Library/Caches/Google/Chrome/Default/Cache/Cache_Data/c124f45338f3266e_0"
    ],
    "ultima_modificacion": "2025-08-01 01:02:03.010425"
  },
  "db0367fa546a4c8a0": {
    "app_sintetizada": "DB0367FA546A4C8A0",
    "cantidad_archivos": 1,
    "archivos_fuente": [
      "Library/Caches/Google/Chrome/Default/Cache/Cache_Data/db0367fa546a4c8a_0"
    ],
    "ultima_modificacion": "2025-08-01 01:02:03.010739"
  },
  "ade0fc5bcac1187b0": {
    "app_sintetizada": "ADE0FC5BCAC1187B0",
    "cantidad_archivos": 1,
    "archivos_fuente": [
      "Library/Caches/Google/Chrome/Default/Cache/Cache_Data/ade0fc5bcac1187b_0"
    ],
    "ultima_modificacion": "2025-08-01 01:02:03.011972"
  },
  "878fb0047606dee90": {
    "app_sintetizada": "878FB0047606DEE90",
    "cantidad_archivos": 1,
    "archivos_fuente": [
      "Library/Caches/Google/Chrome/Default/Cache/Cache_Data/878fb0047606dee9_0"
    ],
    "ultima_modificacion": "2025-08-01 01:02:03.012307"
  },
  "95f0cf8a9ec6c3ba0": {
    "app_sintetizada": "95F0CF8A9EC6C3BA0",
    "cantidad_archivos": 1,
    "archivos_fuente": [
      "Library/Caches/Google/Chrome/Default/Cache/Cache_Data/95f0cf8a9ec6c3ba_0"
    ],
    "ultima_modificacion": "2025-08-01 01:02:03.012670"
  },
  "b416eaa02a8225cf0": {
    "app_sintetizada": "B416EAA02A8225CF0",
    "cantidad_archivos": 1,
    "archivos_fuente": [
      "Library/Caches/Google/Chrome/Default/Cache/Cache_Data/b416eaa02a8225cf_0"
    ],
    "ultima_modificacion": "2025-08-01 01:02:03.013004"
  },
  "29f03273879e53760": {
    "app_sintetizada": "29F03273879E53760",
    "cantidad_archivos": 1,
    "archivos_fuente": [
      "Library/Caches/Google/Chrome/Default/Cache/Cache_Data/29f03273879e5376_0"
    ],
    "ultima_modificacion": "2025-08-01 01:02:03.013282"
  },
  "80e921a53054f15a0": {
    "app_sintetizada": "80E921A53054F15A0",
    "cantidad_archivos": 1,
    "archivos_fuente": [
      "Library/Caches/Google/Chrome/Default/Cache/Cache_Data/80e921a53054f15a_0"
    ],
    "ultima_modificacion": "2025-08-01 01:02:03.013567"
  },
  "5653e183da70370b0": {
    "app_sintetizada": "5653E183DA70370B0",
    "cantidad_archivos": 1,
    "archivos_fuente": [
      "Library/Caches/Google/Chrome/Default/Cache/Cache_Data/5653e183da70370b_0"
    ],
    "ultima_modificacion": "2025-08-01 01:02:03.013960"
  },
  "64d648b259fadebe0": {
    "app_sintetizada": "64D648B259FADEBE0",
    "cantidad_archivos": 1,
    "archivos_fuente": [
      "Library/Caches/Google/Chrome/Default/Cache/Cache_Data/64d648b259fadebe_0"
    ],
    "ultima_modificacion": "2025-08-01 01:02:03.014248"
  },
  "ee423452f7f05f090": {
    "app_sintetizada": "EE423452F7F05F090",
    "cantidad_archivos": 1,
    "archivos_fuente": [
      "Library/Caches/Google/Chrome/Default/Cache/Cache_Data/ee423452f7f05f09_0"
    ],
    "ultima_modificacion": "2025-08-01 01:02:03.014532"
  },
  "303368cd9488ece40": {
    "app_sintetizada": "303368CD9488ECE40",
    "cantidad_archivos": 1,
    "archivos_fuente": [
      "Library/Caches/Google/Chrome/Default/Cache/Cache_Data/303368cd9488ece4_0"
    ],
    "ultima_modificacion": "2025-08-01 01:02:03.014919"
  },
  "a1893ea4156d020c0": {
    "app_sintetizada": "A1893EA4156D020C0",
    "cantidad_archivos": 1,
    "archivos_fuente": [
      "Library/Caches/Google/Chrome/Default/Cache/Cache_Data/a1893ea4156d020c_0"
    ],
    "ultima_modificacion": "2025-08-01 01:02:03.015193"
  },
  "b5bd57b98d55dffb0": {
    "app_sintetizada": "B5BD57B98D55DFFB0",
    "cantidad_archivos": 1,
    "archivos_fuente": [
      "Library/Caches/Google/Chrome/Default/Cache/Cache_Data/b5bd57b98d55dffb_0"
    ],
    "ultima_modificacion": "2025-08-01 01:02:03.015517"
  },
  "4866af10f75b4d140": {
    "app_sintetizada": "4866AF10F75B4D140",
    "cantidad_archivos": 1,
    "archivos_fuente": [
      "Library/Caches/Google/Chrome/Default/Cache/Cache_Data/4866af10f75b4d14_0"
    ],
    "ultima_modificacion": "2025-08-01 01:02:03.015812"
  },
  "6bb448fa8f320ef60": {
    "app_sintetizada": "6BB448FA8F320EF60",
    "cantidad_archivos": 1,
    "archivos_fuente": [
      "Library/Caches/Google/Chrome/Default/Cache/Cache_Data/6bb448fa8f320ef6_0"
    ],
    "ultima_modificacion": "2025-08-01 01:02:03.016080"
  },
  "d163b8a913e0feb80": {
    "app_sintetizada": "D163B8A913E0FEB80",
    "cantidad_archivos": 1,
    "archivos_fuente": [
      "Library/Caches/Google/Chrome/Default/Cache/Cache_Data/d163b8a913e0feb8_0"
    ],
    "ultima_modificacion": "2025-08-01 01:02:03.016405"
  },
  "fed742edf4dfcbf10": {
    "app_sintetizada": "FED742EDF4DFCBF10",
    "cantidad_archivos": 1,
    "archivos_fuente": [
      "Library/Caches/Google/Chrome/Default/Cache/Cache_Data/fed742edf4dfcbf1_0"
    ],
    "ultima_modificacion": "2025-08-01 01:02:03.016767"
  },
  "511a4af15ec9c9230": {
    "app_sintetizada": "511A4AF15EC9C9230",
    "cantidad_archivos": 1,
    "archivos_fuente": [
      "Library/Caches/Google/Chrome/Default/Cache/Cache_Data/511a4af15ec9c923_0"
    ],
    "ultima_modificacion": "2025-08-01 01:02:03.017052"
  },
  "0ed7a3fb1229e8050": {
    "app_sintetizada": "0ED7A3FB1229E8050",
    "cantidad_archivos": 1,
    "archivos_fuente": [
      "Library/Caches/Google/Chrome/Default/Cache/Cache_Data/0ed7a3fb1229e805_0"
    ],
    "ultima_modificacion": "2025-08-01 01:02:03.017327"
  },
  "ccec510a1f5b03890": {
    "app_sintetizada": "CCEC510A1F5B03890",
    "cantidad_archivos": 1,
    "archivos_fuente": [
      "Library/Caches/Google/Chrome/Default/Cache/Cache_Data/ccec510a1f5b0389_0"
    ],
    "ultima_modificacion": "2025-08-01 01:02:03.017635"
  },
  "dde56108d43e56230": {
    "app_sintetizada": "DDE56108D43E56230",
    "cantidad_archivos": 1,
    "archivos_fuente": [
      "Library/Caches/Google/Chrome/Default/Cache/Cache_Data/dde56108d43e5623_0"
    ],
    "ultima_modificacion": "2025-08-01 01:02:03.017899"
  },
  "ca78e9f9d868e3ea0": {
    "app_sintetizada": "CA78E9F9D868E3EA0",
    "cantidad_archivos": 1,
    "archivos_fuente": [
      "Library/Caches/Google/Chrome/Default/Cache/Cache_Data/ca78e9f9d868e3ea_0"
    ],
    "ultima_modificacion": "2025-08-01 01:02:03.018258"
  },
  "fbc713348cf6ebec0": {
    "app_sintetizada": "FBC713348CF6EBEC0",
    "cantidad_archivos": 1,
    "archivos_fuente": [
      "Library/Caches/Google/Chrome/Default/Cache/Cache_Data/fbc713348cf6ebec_0"
    ],
    "ultima_modificacion": "2025-08-01 01:02:03.018519"
  },
  "d290ce92d70bcace0": {
    "app_sintetizada": "D290CE92D70BCACE0",
    "cantidad_archivos": 1,
    "archivos_fuente": [
      "Library/Caches/Google/Chrome/Default/Cache/Cache_Data/d290ce92d70bcace_0"
    ],
    "ultima_modificacion": "2025-08-01 01:02:03.018785"
  },
  "e4d2637f4b02c1b40": {
    "app_sintetizada": "E4D2637F4B02C1B40",
    "cantidad_archivos": 1,
    "archivos_fuente": [
      "Library/Caches/Google/Chrome/Default/Cache/Cache_Data/e4d2637f4b02c1b4_0"
    ],
    "ultima_modificacion": "2025-08-01 01:02:03.019100"
  },
  "971624a22b8ea96e0": {
    "app_sintetizada": "971624A22B8EA96E0",
    "cantidad_archivos": 1,
    "archivos_fuente": [
      "Library/Caches/Google/Chrome/Default/Cache/Cache_Data/971624a22b8ea96e_0"
    ],
    "ultima_modificacion": "2025-08-01 01:02:03.019396"
  },
  "cb5ef0cb0d50765f0": {
    "app_sintetizada": "CB5EF0CB0D50765F0",
    "cantidad_archivos": 1,
    "archivos_fuente": [
      "Library/Caches/Google/Chrome/Default/Cache/Cache_Data/cb5ef0cb0d50765f_0"
    ],
    "ultima_modificacion": "2025-08-01 01:02:03.019683"
  },
  "bfd4cefa7f783e680": {
    "app_sintetizada": "BFD4CEFA7F783E680",
    "cantidad_archivos": 1,
    "archivos_fuente": [
      "Library/Caches/Google/Chrome/Default/Cache/Cache_Data/bfd4cefa7f783e68_0"
    ],
    "ultima_modificacion": "2025-08-01 01:02:03.019934"
  },
  "e97bc60b0063fd600": {
    "app_sintetizada": "E97BC60B0063FD600",
    "cantidad_archivos": 1,
    "archivos_fuente": [
      "Library/Caches/Google/Chrome/Default/Cache/Cache_Data/e97bc60b0063fd60_0"
    ],
    "ultima_modificacion": "2025-08-01 01:02:03.020201"
  },
  "09bdfccbf01c81e10": {
    "app_sintetizada": "09BDFCCBF01C81E10",
    "cantidad_archivos": 1,
    "archivos_fuente": [
      "Library/Caches/Google/Chrome/Default/Cache/Cache_Data/09bdfccbf01c81e1_0"
    ],
    "ultima_modificacion": "2025-08-01 01:02:03.020473"
  },
  "29deccb6e3181f1f0": {
    "app_sintetizada": "29DECCB6E3181F1F0",
    "cantidad_archivos": 1,
    "archivos_fuente": [
      "Library/Caches/Google/Chrome/Default/Cache/Cache_Data/29deccb6e3181f1f_0"
    ],
    "ultima_modificacion": "2025-08-01 01:02:03.020823"
  },
  "01238473fe34c7410": {
    "app_sintetizada": "01238473FE34C7410",
    "cantidad_archivos": 1,
    "archivos_fuente": [
      "Library/Caches/Google/Chrome/Default/Cache/Cache_Data/01238473fe34c741_0"
    ],
    "ultima_modificacion": "2025-08-01 01:02:03.021090"
  },
  "0155c9fc7bf2fe460": {
    "app_sintetizada": "0155C9FC7BF2FE460",
    "cantidad_archivos": 1,
    "archivos_fuente": [
      "Library/Caches/Google/Chrome/Default/Cache/Cache_Data/0155c9fc7bf2fe46_0"
    ],
    "ultima_modificacion": "2025-08-01 01:02:03.021358"
  },
  "2fa72eac7019f0b70": {
    "app_sintetizada": "2FA72EAC7019F0B70",
    "cantidad_archivos": 1,
    "archivos_fuente": [
      "Library/Caches/Google/Chrome/Default/Cache/Cache_Data/2fa72eac7019f0b7_0"
    ],
    "ultima_modificacion": "2025-08-01 01:02:03.021620"
  },
  "dd5a6f858e76dd060": {
    "app_sintetizada": "DD5A6F858E76DD060",
    "cantidad_archivos": 1,
    "archivos_fuente": [
      "Library/Caches/Google/Chrome/Default/Cache/Cache_Data/dd5a6f858e76dd06_0"
    ],
    "ultima_modificacion": "2025-08-01 01:02:03.021913"
  },
  "1c291fbabe4213060": {
    "app_sintetizada": "1C291FBABE4213060",
    "cantidad_archivos": 1,
    "archivos_fuente": [
      "Library/Caches/Google/Chrome/Default/Cache/Cache_Data/1c291fbabe421306_0"
    ],
    "ultima_modificacion": "2025-08-01 01:02:03.022179"
  },
  "9b4dca457d5e1cda0": {
    "app_sintetizada": "9B4DCA457D5E1CDA0",
    "cantidad_archivos": 1,
    "archivos_fuente": [
      "Library/Caches/Google/Chrome/Default/Cache/Cache_Data/9b4dca457d5e1cda_0"
    ],
    "ultima_modificacion": "2025-08-01 01:02:03.022438"
  },
  "eca52655ad2af86c0": {
    "app_sintetizada": "ECA52655AD2AF86C0",
    "cantidad_archivos": 1,
    "archivos_fuente": [
      "Library/Caches/Google/Chrome/Default/Cache/Cache_Data/eca52655ad2af86c_0"
    ],
    "ultima_modificacion": "2025-08-01 01:02:03.022784"
  },
  "e9c68dcdf6a2770d0": {
    "app_sintetizada": "E9C68DCDF6A2770D0",
    "cantidad_archivos": 1,
    "archivos_fuente": [
      "Library/Caches/Google/Chrome/Default/Cache/Cache_Data/e9c68dcdf6a2770d_0"
    ],
    "ultima_modificacion": "2025-08-01 01:02:03.023027"
  },
  "5326882bf369209b0": {
    "app_sintetizada": "5326882BF369209B0",
    "cantidad_archivos": 1,
    "archivos_fuente": [
      "Library/Caches/Google/Chrome/Default/Cache/Cache_Data/5326882bf369209b_0"
    ],
    "ultima_modificacion": "2025-08-01 01:02:03.023229"
  },
  "7efbee8dca660bba0": {
    "app_sintetizada": "7EFBEE8DCA660BBA0",
    "cantidad_archivos": 1,
    "archivos_fuente": [
      "Library/Caches/Google/Chrome/Default/Cache/Cache_Data/7efbee8dca660bba_0"
    ],
    "ultima_modificacion": "2025-08-01 01:02:03.023422"
  },
  "6d4e0472ba6c27790": {
    "app_sintetizada": "6D4E0472BA6C27790",
    "cantidad_archivos": 1,
    "archivos_fuente": [
      "Library/Caches/Google/Chrome/Default/Cache/Cache_Data/6d4e0472ba6c2779_0"
    ],
    "ultima_modificacion": "2025-08-01 01:02:03.023612"
  },
  "fe70698fa4d37bf40": {
    "app_sintetizada": "FE70698FA4D37BF40",
    "cantidad_archivos": 1,
    "archivos_fuente": [
      "Library/Caches/Google/Chrome/Default/Cache/Cache_Data/fe70698fa4d37bf4_0"
    ],
    "ultima_modificacion": "2025-08-01 01:02:03.023823"
  },
  "be1256a9a65478670": {
    "app_sintetizada": "BE1256A9A65478670",
    "cantidad_archivos": 1,
    "archivos_fuente": [
      "Library/Caches/Google/Chrome/Default/Cache/Cache_Data/be1256a9a6547867_0"
    ],
    "ultima_modificacion": "2025-08-01 01:02:03.024027"
  },
  "386245054596b5fc0": {
    "app_sintetizada": "386245054596B5FC0",
    "cantidad_archivos": 1,
    "archivos_fuente": [
      "Library/Caches/Google/Chrome/Default/Cache/Cache_Data/386245054596b5fc_0"
    ],
    "ultima_modificacion": "2025-08-01 01:02:03.024264"
  },
  "992c969124eeba3d0": {
    "app_sintetizada": "992C969124EEBA3D0",
    "cantidad_archivos": 1,
    "archivos_fuente": [
      "Library/Caches/Google/Chrome/Default/Cache/Cache_Data/992c969124eeba3d_0"
    ],
    "ultima_modificacion": "2025-08-01 01:02:03.024573"
  },
  "6ef2549005daca4e0": {
    "app_sintetizada": "6EF2549005DACA4E0",
    "cantidad_archivos": 1,
    "archivos_fuente": [
      "Library/Caches/Google/Chrome/Default/Cache/Cache_Data/6ef2549005daca4e_0"
    ],
    "ultima_modificacion": "2025-08-01 01:02:03.024910"
  },
  "7903bbe3c66cd78c0": {
    "app_sintetizada": "7903BBE3C66CD78C0",
    "cantidad_archivos": 1,
    "archivos_fuente": [
      "Library/Caches/Google/Chrome/Default/Cache/Cache_Data/7903bbe3c66cd78c_0"
    ],
    "ultima_modificacion": "2025-08-01 01:02:03.025226"
  },
  "dae34ac1ade878450": {
    "app_sintetizada": "DAE34AC1ADE878450",
    "cantidad_archivos": 1,
    "archivos_fuente": [
      "Library/Caches/Google/Chrome/Default/Cache/Cache_Data/dae34ac1ade87845_0"
    ],
    "ultima_modificacion": "2025-08-01 01:02:03.025505"
  },
  "3890edd1cddd1d4d0": {
    "app_sintetizada": "3890EDD1CDDD1D4D0",
    "cantidad_archivos": 1,
    "archivos_fuente": [
      "Library/Caches/Google/Chrome/Default/Cache/Cache_Data/3890edd1cddd1d4d_0"
    ],
    "ultima_modificacion": "2025-08-01 01:02:03.025764"
  },
  "7d317d62dc4259610": {
    "app_sintetizada": "7D317D62DC4259610",
    "cantidad_archivos": 1,
    "archivos_fuente": [
      "Library/Caches/Google/Chrome/Default/Cache/Cache_Data/7d317d62dc425961_0"
    ],
    "ultima_modificacion": "2025-08-01 01:02:03.026154"
  },
  "b9f2658bdc4cf31d0": {
    "app_sintetizada": "B9F2658BDC4CF31D0",
    "cantidad_archivos": 1,
    "archivos_fuente": [
      "Library/Caches/Google/Chrome/Default/Cache/Cache_Data/b9f2658bdc4cf31d_0"
    ],
    "ultima_modificacion": "2025-08-01 01:02:03.026412"
  },
  "f19c4612985d552e0": {
    "app_sintetizada": "F19C4612985D552E0",
    "cantidad_archivos": 1,
    "archivos_fuente": [
      "Library/Caches/Google/Chrome/Default/Cache/Cache_Data/f19c4612985d552e_0"
    ],
    "ultima_modificacion": "2025-08-01 01:02:03.026664"
  },
  "51e3c5e5d8d6a1af0": {
    "app_sintetizada": "51E3C5E5D8D6A1AF0",
    "cantidad_archivos": 1,
    "archivos_fuente": [
      "Library/Caches/Google/Chrome/Default/Cache/Cache_Data/51e3c5e5d8d6a1af_0"
    ],
    "ultima_modificacion": "2025-08-01 01:02:03.026967"
  },
  "a5e32c86bfe1ed0c0": {
    "app_sintetizada": "A5E32C86BFE1ED0C0",
    "cantidad_archivos": 1,
    "archivos_fuente": [
      "Library/Caches/Google/Chrome/Default/Cache/Cache_Data/a5e32c86bfe1ed0c_0"
    ],
    "ultima_modificacion": "2025-08-01 01:02:03.027199"
  },
  "66eefade2b79fd320": {
    "app_sintetizada": "66EEFADE2B79FD320",
    "cantidad_archivos": 1,
    "archivos_fuente": [
      "Library/Caches/Google/Chrome/Default/Cache/Cache_Data/66eefade2b79fd32_0"
    ],
    "ultima_modificacion": "2025-08-01 01:02:03.027409"
  },
  "efe9b8f589480da50": {
    "app_sintetizada": "EFE9B8F589480DA50",
    "cantidad_archivos": 1,
    "archivos_fuente": [
      "Library/Caches/Google/Chrome/Default/Cache/Cache_Data/efe9b8f589480da5_0"
    ],
    "ultima_modificacion": "2025-08-01 01:02:03.027626"
  },
  "6235663bdb22168c0": {
    "app_sintetizada": "6235663BDB22168C0",
    "cantidad_archivos": 1,
    "archivos_fuente": [
      "Library/Caches/Google/Chrome/Default/Cache/Cache_Data/6235663bdb22168c_0"
    ],
    "ultima_modificacion": "2025-08-01 01:02:03.027842"
  },
  "fe775611549315830": {
    "app_sintetizada": "FE775611549315830",
    "cantidad_archivos": 1,
    "archivos_fuente": [
      "Library/Caches/Google/Chrome/Default/Cache/Cache_Data/fe77561154931583_0"
    ],
    "ultima_modificacion": "2025-08-01 01:02:03.028045"
  },
  "4e6e4c12841c48cd0": {
    "app_sintetizada": "4E6E4C12841C48CD0",
    "cantidad_archivos": 1,
    "archivos_fuente": [
      "Library/Caches/Google/Chrome/Default/Cache/Cache_Data/4e6e4c12841c48cd_0"
    ],
    "ultima_modificacion": "2025-08-01 01:02:03.028248"
  },
  "f549963c457bbdd90": {
    "app_sintetizada": "F549963C457BBDD90",
    "cantidad_archivos": 1,
    "archivos_fuente": [
      "Library/Caches/Google/Chrome/Default/Cache/Cache_Data/f549963c457bbdd9_0"
    ],
    "ultima_modificacion": "2025-08-01 01:02:03.028454"
  },
  "f910e2905c764ef70": {
    "app_sintetizada": "F910E2905C764EF70",
    "cantidad_archivos": 1,
    "archivos_fuente": [
      "Library/Caches/Google/Chrome/Default/Cache/Cache_Data/f910e2905c764ef7_0"
    ],
    "ultima_modificacion": "2025-08-01 01:02:03.028653"
  }
}