{
  "lib.es5.d.ts": {
    "app_sintetizada": "LIB.ES5.D.TS",
    "cantidad_archivos": 2,
    "archivos_fuente": [
      "Library/CloudStorage/Dropbox/APPS HIPERFOCO.CL/AGENDAS CLINICAS CENTROS SALUD PUBLICOS Y PRIVADOS/agenda-clinica-interoperable/node_modules/typescript/lib/lib.es5.d.ts",
      "Library/CloudStorage/Dropbox/APPS HIPERFOCO.CL/AGENDAS CLINICAS CENTROS SALUD PUBLICOS Y PRIVADOS/AGENDA CLINICA PORTABLE E INTEROPERAPLE/AGENDA CLI\u0301NICA INTEROPERABLE/agenda-clinica-interoperable/node_modules/typescript/lib/lib.es5.d.ts"
    ],
    "ultima_modificacion": "2025-08-01 01:01:46.074880"
  },
  "lib.esnext.d.ts": {
    "app_sintetizada": "LIB.ESNEXT.D.TS",
    "cantidad_archivos": 2,
    "archivos_fuente": [
      "Library/CloudStorage/Dropbox/APPS HIPERFOCO.CL/AGENDAS CLINICAS CENTROS SALUD PUBLICOS Y PRIVADOS/agenda-clinica-interoperable/node_modules/typescript/lib/lib.esnext.d.ts",
      "Library/CloudStorage/Dropbox/APPS HIPERFOCO.CL/AGENDAS CLINICAS CENTROS SALUD PUBLICOS Y PRIVADOS/AGENDA CLINICA PORTABLE E INTEROPERAPLE/AGENDA CLI\u0301NICA INTEROPERABLE/agenda-clinica-interoperable/node_modules/typescript/lib/lib.esnext.d.ts"
    ],
    "ultima_modificacion": "2025-08-01 01:01:46.075154"
  },
  "lib.es2023.intl.d.ts": {
    "app_sintetizada": "LIB.ES2023.INTL.D.TS",
    "cantidad_archivos": 2,
    "archivos_fuente": [
      "Library/CloudStorage/Dropbox/APPS HIPERFOCO.CL/AGENDAS CLINICAS CENTROS SALUD PUBLICOS Y PRIVADOS/agenda-clinica-interoperable/node_modules/typescript/lib/lib.es2023.intl.d.ts",
      "Library/CloudStorage/Dropbox/APPS HIPERFOCO.CL/AGENDAS CLINICAS CENTROS SALUD PUBLICOS Y PRIVADOS/AGENDA CLINICA PORTABLE E INTEROPERAPLE/AGENDA CLI\u0301NICA INTEROPERABLE/agenda-clinica-interoperable/node_modules/typescript/lib/lib.es2023.intl.d.ts"
    ],
    "ultima_modificacion": "2025-08-01 01:01:46.075457"
  },
  "lib.esnext.float16.d.ts": {
    "app_sintetizada": "LIB.ESNEXT.FLOAT16.D.TS",
    "cantidad_archivos": 2,
    "archivos_fuente": [
      "Library/CloudStorage/Dropbox/APPS HIPERFOCO.CL/AGENDAS CLINICAS CENTROS SALUD PUBLICOS Y PRIVADOS/agenda-clinica-interoperable/node_modules/typescript/lib/lib.esnext.float16.d.ts",
      "Library/CloudStorage/Dropbox/APPS HIPERFOCO.CL/AGENDAS CLINICAS CENTROS SALUD PUBLICOS Y PRIVADOS/AGENDA CLINICA PORTABLE E INTEROPERAPLE/AGENDA CLI\u0301NICA INTEROPERABLE/agenda-clinica-interoperable/node_modules/typescript/lib/lib.esnext.float16.d.ts"
    ],
    "ultima_modificacion": "2025-08-01 01:01:46.075753"
  },
  "lib.es2019.array.d.ts": {
    "app_sintetizada": "LIB.ES2019.ARRAY.D.TS",
    "cantidad_archivos": 2,
    "archivos_fuente": [
      "Library/CloudStorage/Dropbox/APPS HIPERFOCO.CL/AGENDAS CLINICAS CENTROS SALUD PUBLICOS Y PRIVADOS/agenda-clinica-interoperable/node_modules/typescript/lib/lib.es2019.array.d.ts",
      "Library/CloudStorage/Dropbox/APPS HIPERFOCO.CL/AGENDAS CLINICAS CENTROS SALUD PUBLICOS Y PRIVADOS/AGENDA CLINICA PORTABLE E INTEROPERAPLE/AGENDA CLI\u0301NICA INTEROPERABLE/agenda-clinica-interoperable/node_modules/typescript/lib/lib.es2019.array.d.ts"
    ],
    "ultima_modificacion": "2025-08-01 01:01:46.076049"
  },
  "lib.es2024.d.ts": {
    "app_sintetizada": "LIB.ES2024.D.TS",
    "cantidad_archivos": 2,
    "archivos_fuente": [
      "Library/CloudStorage/Dropbox/APPS HIPERFOCO.CL/AGENDAS CLINICAS CENTROS SALUD PUBLICOS Y PRIVADOS/agenda-clinica-interoperable/node_modules/typescript/lib/lib.es2024.d.ts",
      "Library/CloudStorage/Dropbox/APPS HIPERFOCO.CL/AGENDAS CLINICAS CENTROS SALUD PUBLICOS Y PRIVADOS/AGENDA CLINICA PORTABLE E INTEROPERAPLE/AGENDA CLI\u0301NICA INTEROPERABLE/agenda-clinica-interoperable/node_modules/typescript/lib/lib.es2024.d.ts"
    ],
    "ultima_modificacion": "2025-08-01 01:01:46.076370"
  },
  "lib.es2016.intl.d.ts": {
    "app_sintetizada": "LIB.ES2016.INTL.D.TS",
    "cantidad_archivos": 2,
    "archivos_fuente": [
      "Library/CloudStorage/Dropbox/APPS HIPERFOCO.CL/AGENDAS CLINICAS CENTROS SALUD PUBLICOS Y PRIVADOS/agenda-clinica-interoperable/node_modules/typescript/lib/lib.es2016.intl.d.ts",
      "Library/CloudStorage/Dropbox/APPS HIPERFOCO.CL/AGENDAS CLINICAS CENTROS SALUD PUBLICOS Y PRIVADOS/AGENDA CLINICA PORTABLE E INTEROPERAPLE/AGENDA CLI\u0301NICA INTEROPERABLE/agenda-clinica-interoperable/node_modules/typescript/lib/lib.es2016.intl.d.ts"
    ],
    "ultima_modificacion": "2025-08-01 01:01:46.076656"
  },
  "lib.es2024.regexp.d.ts": {
    "app_sintetizada": "LIB.ES2024.REGEXP.D.TS",
    "cantidad_archivos": 2,
    "archivos_fuente": [
      "Library/CloudStorage/Dropbox/APPS HIPERFOCO.CL/AGENDAS CLINICAS CENTROS SALUD PUBLICOS Y PRIVADOS/agenda-clinica-interoperable/node_modules/typescript/lib/lib.es2024.regexp.d.ts",
      "Library/CloudStorage/Dropbox/APPS HIPERFOCO.CL/AGENDAS CLINICAS CENTROS SALUD PUBLICOS Y PRIVADOS/AGENDA CLINICA PORTABLE E INTEROPERAPLE/AGENDA CLI\u0301NICA INTEROPERABLE/agenda-clinica-interoperable/node_modules/typescript/lib/lib.es2024.regexp.d.ts"
    ],
    "ultima_modificacion": "2025-08-01 01:01:46.076944"
  },
  "lib.es2020.date.d.ts": {
    "app_sintetizada": "LIB.ES2020.DATE.D.TS",
    "cantidad_archivos": 2,
    "archivos_fuente": [
      "Library/CloudStorage/Dropbox/APPS HIPERFOCO.CL/AGENDAS CLINICAS CENTROS SALUD PUBLICOS Y PRIVADOS/agenda-clinica-interoperable/node_modules/typescript/lib/lib.es2020.date.d.ts",
      "Library/CloudStorage/Dropbox/APPS HIPERFOCO.CL/AGENDAS CLINICAS CENTROS SALUD PUBLICOS Y PRIVADOS/AGENDA CLINICA PORTABLE E INTEROPERAPLE/AGENDA CLI\u0301NICA INTEROPERABLE/agenda-clinica-interoperable/node_modules/typescript/lib/lib.es2020.date.d.ts"
    ],
    "ultima_modificacion": "2025-08-01 01:01:46.077234"
  },
  "lib.webworker.asynciterable.d.ts": {
    "app_sintetizada": "LIB.WEBWORKER.ASYNCITERABLE.D.TS",
    "cantidad_archivos": 2,
    "archivos_fuente": [
      "Library/CloudStorage/Dropbox/APPS HIPERFOCO.CL/AGENDAS CLINICAS CENTROS SALUD PUBLICOS Y PRIVADOS/agenda-clinica-interoperable/node_modules/typescript/lib/lib.webworker.asynciterable.d.ts",
      "Library/CloudStorage/Dropbox/APPS HIPERFOCO.CL/AGENDAS CLINICAS CENTROS SALUD PUBLICOS Y PRIVADOS/AGENDA CLINICA PORTABLE E INTEROPERAPLE/AGENDA CLI\u0301NICA INTEROPERABLE/agenda-clinica-interoperable/node_modules/typescript/lib/lib.webworker.asynciterable.d.ts"
    ],
    "ultima_modificacion": "2025-08-01 01:01:46.077585"
  },
  "lib.es2022.full.d.ts": {
    "app_sintetizada": "LIB.ES2022.FULL.D.TS",
    "cantidad_archivos": 2,
    "archivos_fuente": [
      "Library/CloudStorage/Dropbox/APPS HIPERFOCO.CL/AGENDAS CLINICAS CENTROS SALUD PUBLICOS Y PRIVADOS/agenda-clinica-interoperable/node_modules/typescript/lib/lib.es2022.full.d.ts",
      "Library/CloudStorage/Dropbox/APPS HIPERFOCO.CL/AGENDAS CLINICAS CENTROS SALUD PUBLICOS Y PRIVADOS/AGENDA CLINICA PORTABLE E INTEROPERAPLE/AGENDA CLI\u0301NICA INTEROPERABLE/agenda-clinica-interoperable/node_modules/typescript/lib/lib.es2022.full.d.ts"
    ],
    "ultima_modificacion": "2025-08-01 01:01:46.078098"
  },
  "typingsinstaller.js": {
    "app_sintetizada": "TYPINGSINSTALLER.JS",
    "cantidad_archivos": 10,
    "archivos_fuente": [
      "Library/CloudStorage/Dropbox/APPS HIPERFOCO.CL/AGENDAS CLINICAS CENTROS SALUD PUBLICOS Y PRIVADOS/agenda-clinica-interoperable/node_modules/typescript/lib/_typingsInstaller.js",
      "Library/CloudStorage/Dropbox/APPS HIPERFOCO.CL/AGENDAS CLINICAS CENTROS SALUD PUBLICOS Y PRIVADOS/agenda-clinica-interoperable/node_modules/typescript/lib/typingsInstaller.js",
      "Library/CloudStorage/Dropbox/APPS HIPERFOCO.CL/AGENDAS CLINICAS CENTROS SALUD PUBLICOS Y PRIVADOS/AGENDA CLINICA PORTABLE E INTEROPERAPLE/AGENDA CLI\u0301NICA INTEROPERABLE/agenda-clinica-interoperable/node_modules/typescript/lib/_typingsInstaller.js",
      "Library/CloudStorage/Dropbox/APPS HIPERFOCO.CL/AGENDAS CLINICAS CENTROS SALUD PUBLICOS Y PRIVADOS/AGENDA CLINICA PORTABLE E INTEROPERAPLE/AGENDA CLI\u0301NICA INTEROPERABLE/agenda-clinica-interoperable/node_modules/typescript/lib/typingsInstaller.js",
      "Library/CloudStorage/Dropbox/MENTALIA_BUTTON_INSTALLER_KIT_SIGNABLE/MENTALIA_LOCAL_DEPLOY/mentalia_memory_core/_typingsInstaller.js",
      "Library/CloudStorage/Dropbox/MENTALIA_BUTTON_INSTALLER_KIT_SIGNABLE/MENTALIA_LOCAL_DEPLOY/mentalia_memory_core/typingsInstaller.js",
      "Library/CloudStorage/Dropbox/RSII/MENTALIA/MENTALIA_FULL_ACCESS_ENGINE_FINAL/mentalia_memory_core/_typingsInstaller.js",
      "Library/CloudStorage/Dropbox/RSII/MENTALIA/MENTALIA_FULL_ACCESS_ENGINE_FINAL/mentalia_memory_core/typingsInstaller.js",
      "Library/CloudStorage/Dropbox/RSII FINAL/mentalia_memory_core/_typingsInstaller.js",
      "Library/CloudStorage/Dropbox/RSII FINAL/mentalia_memory_core/typingsInstaller.js"
    ],
    "ultima_modificacion": "2025-08-01 01:01:46.078449"
  },
  "lib.es2017.full.d.ts": {
    "app_sintetizada": "LIB.ES2017.FULL.D.TS",
    "cantidad_archivos": 2,
    "archivos_fuente": [
      "Library/CloudStorage/Dropbox/APPS HIPERFOCO.CL/AGENDAS CLINICAS CENTROS SALUD PUBLICOS Y PRIVADOS/agenda-clinica-interoperable/node_modules/typescript/lib/lib.es2017.full.d.ts",
      "Library/CloudStorage/Dropbox/APPS HIPERFOCO.CL/AGENDAS CLINICAS CENTROS SALUD PUBLICOS Y PRIVADOS/AGENDA CLINICA PORTABLE E INTEROPERAPLE/AGENDA CLI\u0301NICA INTEROPERABLE/agenda-clinica-interoperable/node_modules/typescript/lib/lib.es2017.full.d.ts"
    ],
    "ultima_modificacion": "2025-08-01 01:01:46.078785"
  },
  "lib.es2020.promise.d.ts": {
    "app_sintetizada": "LIB.ES2020.PROMISE.D.TS",
    "cantidad_archivos": 2,
    "archivos_fuente": [
      "Library/CloudStorage/Dropbox/APPS HIPERFOCO.CL/AGENDAS CLINICAS CENTROS SALUD PUBLICOS Y PRIVADOS/agenda-clinica-interoperable/node_modules/typescript/lib/lib.es2020.promise.d.ts",
      "Library/CloudStorage/Dropbox/APPS HIPERFOCO.CL/AGENDAS CLINICAS CENTROS SALUD PUBLICOS Y PRIVADOS/AGENDA CLINICA PORTABLE E INTEROPERAPLE/AGENDA CLI\u0301NICA INTEROPERABLE/agenda-clinica-interoperable/node_modules/typescript/lib/lib.es2020.promise.d.ts"
    ],
    "ultima_modificacion": "2025-08-01 01:01:46.079134"
  },
  "lib.dom.d.ts": {
    "app_sintetizada": "LIB.DOM.D.TS",
    "cantidad_archivos": 2,
    "archivos_fuente": [
      "Library/CloudStorage/Dropbox/APPS HIPERFOCO.CL/AGENDAS CLINICAS CENTROS SALUD PUBLICOS Y PRIVADOS/agenda-clinica-interoperable/node_modules/typescript/lib/lib.dom.d.ts",
      "Library/CloudStorage/Dropbox/APPS HIPERFOCO.CL/AGENDAS CLINICAS CENTROS SALUD PUBLICOS Y PRIVADOS/AGENDA CLINICA PORTABLE E INTEROPERAPLE/AGENDA CLI\u0301NICA INTEROPERABLE/agenda-clinica-interoperable/node_modules/typescript/lib/lib.dom.d.ts"
    ],
    "ultima_modificacion": "2025-08-01 01:01:46.079368"
  },
  "lib.es2023.array.d.ts": {
    "app_sintetizada": "LIB.ES2023.ARRAY.D.TS",
    "cantidad_archivos": 2,
    "archivos_fuente": [
      "Library/CloudStorage/Dropbox/APPS HIPERFOCO.CL/AGENDAS CLINICAS CENTROS SALUD PUBLICOS Y PRIVADOS/agenda-clinica-interoperable/node_modules/typescript/lib/lib.es2023.array.d.ts",
      "Library/CloudStorage/Dropbox/APPS HIPERFOCO.CL/AGENDAS CLINICAS CENTROS SALUD PUBLICOS Y PRIVADOS/AGENDA CLINICA PORTABLE E INTEROPERAPLE/AGENDA CLI\u0301NICA INTEROPERABLE/agenda-clinica-interoperable/node_modules/typescript/lib/lib.es2023.array.d.ts"
    ],
    "ultima_modificacion": "2025-08-01 01:01:46.079947"
  },
  "lib.es2024.sharedmemory.d.ts": {
    "app_sintetizada": "LIB.ES2024.SHAREDMEMORY.D.TS",
    "cantidad_archivos": 2,
    "archivos_fuente": [
      "Library/CloudStorage/Dropbox/APPS HIPERFOCO.CL/AGENDAS CLINICAS CENTROS SALUD PUBLICOS Y PRIVADOS/agenda-clinica-interoperable/node_modules/typescript/lib/lib.es2024.sharedmemory.d.ts",
      "Library/CloudStorage/Dropbox/APPS HIPERFOCO.CL/AGENDAS CLINICAS CENTROS SALUD PUBLICOS Y PRIVADOS/AGENDA CLINICA PORTABLE E INTEROPERAPLE/AGENDA CLI\u0301NICA INTEROPERABLE/agenda-clinica-interoperable/node_modules/typescript/lib/lib.es2024.sharedmemory.d.ts"
    ],
    "ultima_modificacion": "2025-08-01 01:01:46.080446"
  },
  "lib.es2020.symbol.wellknown.d.ts": {
    "app_sintetizada": "LIB.ES2020.SYMBOL.WELLKNOWN.D.TS",
    "cantidad_archivos": 2,
    "archivos_fuente": [
      "Library/CloudStorage/Dropbox/APPS HIPERFOCO.CL/AGENDAS CLINICAS CENTROS SALUD PUBLICOS Y PRIVADOS/agenda-clinica-interoperable/node_modules/typescript/lib/lib.es2020.symbol.wellknown.d.ts",
      "Library/CloudStorage/Dropbox/APPS HIPERFOCO.CL/AGENDAS CLINICAS CENTROS SALUD PUBLICOS Y PRIVADOS/AGENDA CLINICA PORTABLE E INTEROPERAPLE/AGENDA CLI\u0301NICA INTEROPERABLE/agenda-clinica-interoperable/node_modules/typescript/lib/lib.es2020.symbol.wellknown.d.ts"
    ],
    "ultima_modificacion": "2025-08-01 01:01:46.080851"
  },
  "lib.webworker.iterable.d.ts": {
    "app_sintetizada": "LIB.WEBWORKER.ITERABLE.D.TS",
    "cantidad_archivos": 2,
    "archivos_fuente": [
      "Library/CloudStorage/Dropbox/APPS HIPERFOCO.CL/AGENDAS CLINICAS CENTROS SALUD PUBLICOS Y PRIVADOS/agenda-clinica-interoperable/node_modules/typescript/lib/lib.webworker.iterable.d.ts",
      "Library/CloudStorage/Dropbox/APPS HIPERFOCO.CL/AGENDAS CLINICAS CENTROS SALUD PUBLICOS Y PRIVADOS/AGENDA CLINICA PORTABLE E INTEROPERAPLE/AGENDA CLI\u0301NICA INTEROPERABLE/agenda-clinica-interoperable/node_modules/typescript/lib/lib.webworker.iterable.d.ts"
    ],
    "ultima_modificacion": "2025-08-01 01:01:46.081115"
  },
  "lib.es2020.bigint.d.ts": {
    "app_sintetizada": "LIB.ES2020.BIGINT.D.TS",
    "cantidad_archivos": 2,
    "archivos_fuente": [
      "Library/CloudStorage/Dropbox/APPS HIPERFOCO.CL/AGENDAS CLINICAS CENTROS SALUD PUBLICOS Y PRIVADOS/agenda-clinica-interoperable/node_modules/typescript/lib/lib.es2020.bigint.d.ts",
      "Library/CloudStorage/Dropbox/APPS HIPERFOCO.CL/AGENDAS CLINICAS CENTROS SALUD PUBLICOS Y PRIVADOS/AGENDA CLINICA PORTABLE E INTEROPERAPLE/AGENDA CLI\u0301NICA INTEROPERABLE/agenda-clinica-interoperable/node_modules/typescript/lib/lib.es2020.bigint.d.ts"
    ],
    "ultima_modificacion": "2025-08-01 01:01:46.081423"
  },
  "lib.es2020.sharedmemory.d.ts": {
    "app_sintetizada": "LIB.ES2020.SHAREDMEMORY.D.TS",
    "cantidad_archivos": 2,
    "archivos_fuente": [
      "Library/CloudStorage/Dropbox/APPS HIPERFOCO.CL/AGENDAS CLINICAS CENTROS SALUD PUBLICOS Y PRIVADOS/agenda-clinica-interoperable/node_modules/typescript/lib/lib.es2020.sharedmemory.d.ts",
      "Library/CloudStorage/Dropbox/APPS HIPERFOCO.CL/AGENDAS CLINICAS CENTROS SALUD PUBLICOS Y PRIVADOS/AGENDA CLINICA PORTABLE E INTEROPERAPLE/AGENDA CLI\u0301NICA INTEROPERABLE/agenda-clinica-interoperable/node_modules/typescript/lib/lib.es2020.sharedmemory.d.ts"
    ],
    "ultima_modificacion": "2025-08-01 01:01:46.081692"
  },
  "lib.es2021.promise.d.ts": {
    "app_sintetizada": "LIB.ES2021.PROMISE.D.TS",
    "cantidad_archivos": 2,
    "archivos_fuente": [
      "Library/CloudStorage/Dropbox/APPS HIPERFOCO.CL/AGENDAS CLINICAS CENTROS SALUD PUBLICOS Y PRIVADOS/agenda-clinica-interoperable/node_modules/typescript/lib/lib.es2021.promise.d.ts",
      "Library/CloudStorage/Dropbox/APPS HIPERFOCO.CL/AGENDAS CLINICAS CENTROS SALUD PUBLICOS Y PRIVADOS/AGENDA CLINICA PORTABLE E INTEROPERAPLE/AGENDA CLI\u0301NICA INTEROPERABLE/agenda-clinica-interoperable/node_modules/typescript/lib/lib.es2021.promise.d.ts"
    ],
    "ultima_modificacion": "2025-08-01 01:01:46.082008"
  },
  "lib.es2024.full.d.ts": {
    "app_sintetizada": "LIB.ES2024.FULL.D.TS",
    "cantidad_archivos": 2,
    "archivos_fuente": [
      "Library/CloudStorage/Dropbox/APPS HIPERFOCO.CL/AGENDAS CLINICAS CENTROS SALUD PUBLICOS Y PRIVADOS/agenda-clinica-interoperable/node_modules/typescript/lib/lib.es2024.full.d.ts",
      "Library/CloudStorage/Dropbox/APPS HIPERFOCO.CL/AGENDAS CLINICAS CENTROS SALUD PUBLICOS Y PRIVADOS/AGENDA CLINICA PORTABLE E INTEROPERAPLE/AGENDA CLI\u0301NICA INTEROPERABLE/agenda-clinica-interoperable/node_modules/typescript/lib/lib.es2024.full.d.ts"
    ],
    "ultima_modificacion": "2025-08-01 01:01:46.082285"
  },
  "lib.es2022.intl.d.ts": {
    "app_sintetizada": "LIB.ES2022.INTL.D.TS",
    "cantidad_archivos": 2,
    "archivos_fuente": [
      "Library/CloudStorage/Dropbox/APPS HIPERFOCO.CL/AGENDAS CLINICAS CENTROS SALUD PUBLICOS Y PRIVADOS/agenda-clinica-interoperable/node_modules/typescript/lib/lib.es2022.intl.d.ts",
      "Library/CloudStorage/Dropbox/APPS HIPERFOCO.CL/AGENDAS CLINICAS CENTROS SALUD PUBLICOS Y PRIVADOS/AGENDA CLINICA PORTABLE E INTEROPERAPLE/AGENDA CLI\u0301NICA INTEROPERABLE/agenda-clinica-interoperable/node_modules/typescript/lib/lib.es2022.intl.d.ts"
    ],
    "ultima_modificacion": "2025-08-01 01:01:46.082542"
  },
  "lib.es2022.regexp.d.ts": {
    "app_sintetizada": "LIB.ES2022.REGEXP.D.TS",
    "cantidad_archivos": 2,
    "archivos_fuente": [
      "Library/CloudStorage/Dropbox/APPS HIPERFOCO.CL/AGENDAS CLINICAS CENTROS SALUD PUBLICOS Y PRIVADOS/agenda-clinica-interoperable/node_modules/typescript/lib/lib.es2022.regexp.d.ts",
      "Library/CloudStorage/Dropbox/APPS HIPERFOCO.CL/AGENDAS CLINICAS CENTROS SALUD PUBLICOS Y PRIVADOS/AGENDA CLINICA PORTABLE E INTEROPERAPLE/AGENDA CLI\u0301NICA INTEROPERABLE/agenda-clinica-interoperable/node_modules/typescript/lib/lib.es2022.regexp.d.ts"
    ],
    "ultima_modificacion": "2025-08-01 01:01:46.082892"
  },
  "lib.es2017.sharedmemory.d.ts": {
    "app_sintetizada": "LIB.ES2017.SHAREDMEMORY.D.TS",
    "cantidad_archivos": 2,
    "archivos_fuente": [
      "Library/CloudStorage/Dropbox/APPS HIPERFOCO.CL/AGENDAS CLINICAS CENTROS SALUD PUBLICOS Y PRIVADOS/agenda-clinica-interoperable/node_modules/typescript/lib/lib.es2017.sharedmemory.d.ts",
      "Library/CloudStorage/Dropbox/APPS HIPERFOCO.CL/AGENDAS CLINICAS CENTROS SALUD PUBLICOS Y PRIVADOS/AGENDA CLINICA PORTABLE E INTEROPERAPLE/AGENDA CLI\u0301NICA INTEROPERABLE/agenda-clinica-interoperable/node_modules/typescript/lib/lib.es2017.sharedmemory.d.ts"
    ],
    "ultima_modificacion": "2025-08-01 01:01:46.083143"
  },
  "lib.es2017.intl.d.ts": {
    "app_sintetizada": "LIB.ES2017.INTL.D.TS",
    "cantidad_archivos": 2,
    "archivos_fuente": [
      "Library/CloudStorage/Dropbox/APPS HIPERFOCO.CL/AGENDAS CLINICAS CENTROS SALUD PUBLICOS Y PRIVADOS/agenda-clinica-interoperable/node_modules/typescript/lib/lib.es2017.intl.d.ts",
      "Library/CloudStorage/Dropbox/APPS HIPERFOCO.CL/AGENDAS CLINICAS CENTROS SALUD PUBLICOS Y PRIVADOS/AGENDA CLINICA PORTABLE E INTEROPERAPLE/AGENDA CLI\u0301NICA INTEROPERABLE/agenda-clinica-interoperable/node_modules/typescript/lib/lib.es2017.intl.d.ts"
    ],
    "ultima_modificacion": "2025-08-01 01:01:46.083398"
  },
  "lib.webworker.d.ts": {
    "app_sintetizada": "LIB.WEBWORKER.D.TS",
    "cantidad_archivos": 2,
    "archivos_fuente": [
      "Library/CloudStorage/Dropbox/APPS HIPERFOCO.CL/AGENDAS CLINICAS CENTROS SALUD PUBLICOS Y PRIVADOS/agenda-clinica-interoperable/node_modules/typescript/lib/lib.webworker.d.ts",
      "Library/CloudStorage/Dropbox/APPS HIPERFOCO.CL/AGENDAS CLINICAS CENTROS SALUD PUBLICOS Y PRIVADOS/AGENDA CLINICA PORTABLE E INTEROPERAPLE/AGENDA CLI\u0301NICA INTEROPERABLE/agenda-clinica-interoperable/node_modules/typescript/lib/lib.webworker.d.ts"
    ],
    "ultima_modificacion": "2025-08-01 01:01:46.083663"
  },
  "tsserverlibrary.d.ts": {
    "app_sintetizada": "TSSERVERLIBRARY.D.TS",
    "cantidad_archivos": 2,
    "archivos_fuente": [
      "Library/CloudStorage/Dropbox/APPS HIPERFOCO.CL/AGENDAS CLINICAS CENTROS SALUD PUBLICOS Y PRIVADOS/agenda-clinica-interoperable/node_modules/typescript/lib/tsserverlibrary.d.ts",
      "Library/CloudStorage/Dropbox/APPS HIPERFOCO.CL/AGENDAS CLINICAS CENTROS SALUD PUBLICOS Y PRIVADOS/AGENDA CLINICA PORTABLE E INTEROPERAPLE/AGENDA CLI\u0301NICA INTEROPERABLE/agenda-clinica-interoperable/node_modules/typescript/lib/tsserverlibrary.d.ts"
    ],
    "ultima_modificacion": "2025-08-01 01:01:46.083904"
  },
  "lib.es2019.symbol.d.ts": {
    "app_sintetizada": "LIB.ES2019.SYMBOL.D.TS",
    "cantidad_archivos": 2,
    "archivos_fuente": [
      "Library/CloudStorage/Dropbox/APPS HIPERFOCO.CL/AGENDAS CLINICAS CENTROS SALUD PUBLICOS Y PRIVADOS/agenda-clinica-interoperable/node_modules/typescript/lib/lib.es2019.symbol.d.ts",
      "Library/CloudStorage/Dropbox/APPS HIPERFOCO.CL/AGENDAS CLINICAS CENTROS SALUD PUBLICOS Y PRIVADOS/AGENDA CLINICA PORTABLE E INTEROPERAPLE/AGENDA CLI\u0301NICA INTEROPERABLE/agenda-clinica-interoperable/node_modules/typescript/lib/lib.es2019.symbol.d.ts"
    ],
    "ultima_modificacion": "2025-08-01 01:01:46.084157"
  },
  "lib.d.ts": {
    "app_sintetizada": "LIB.D.TS",
    "cantidad_archivos": 8,
    "archivos_fuente": [
      "Library/CloudStorage/Dropbox/APPS HIPERFOCO.CL/AGENDAS CLINICAS CENTROS SALUD PUBLICOS Y PRIVADOS/agenda-clinica-interoperable/node_modules/typescript/lib/lib.d.ts",
      "Library/CloudStorage/Dropbox/APPS HIPERFOCO.CL/AGENDAS CLINICAS CENTROS SALUD PUBLICOS Y PRIVADOS/agenda-clinica-interoperable/node_modules/@typescript-eslint/types/dist/lib.d.ts",
      "Library/CloudStorage/Dropbox/APPS HIPERFOCO.CL/AGENDAS CLINICAS CENTROS SALUD PUBLICOS Y PRIVADOS/agenda-clinica-interoperable/node_modules/@typescript-eslint/scope-manager/dist/lib/lib.d.ts",
      "Library/CloudStorage/Dropbox/APPS HIPERFOCO.CL/AGENDAS CLINICAS CENTROS SALUD PUBLICOS Y PRIVADOS/agenda-clinica-interoperable/node_modules/tailwindcss/dist/lib.d.ts",
      "Library/CloudStorage/Dropbox/APPS HIPERFOCO.CL/AGENDAS CLINICAS CENTROS SALUD PUBLICOS Y PRIVADOS/AGENDA CLINICA PORTABLE E INTEROPERAPLE/AGENDA CLI\u0301NICA INTEROPERABLE/agenda-clinica-interoperable/node_modules/typescript/lib/lib.d.ts",
      "Library/CloudStorage/Dropbox/APPS HIPERFOCO.CL/AGENDAS CLINICAS CENTROS SALUD PUBLICOS Y PRIVADOS/AGENDA CLINICA PORTABLE E INTEROPERAPLE/AGENDA CLI\u0301NICA INTEROPERABLE/agenda-clinica-interoperable/node_modules/@typescript-eslint/types/dist/lib.d.ts",
      "Library/CloudStorage/Dropbox/APPS HIPERFOCO.CL/AGENDAS CLINICAS CENTROS SALUD PUBLICOS Y PRIVADOS/AGENDA CLINICA PORTABLE E INTEROPERAPLE/AGENDA CLI\u0301NICA INTEROPERABLE/agenda-clinica-interoperable/node_modules/@typescript-eslint/scope-manager/dist/lib/lib.d.ts",
      "Library/CloudStorage/Dropbox/APPS HIPERFOCO.CL/AGENDAS CLINICAS CENTROS SALUD PUBLICOS Y PRIVADOS/AGENDA CLINICA PORTABLE E INTEROPERAPLE/AGENDA CLI\u0301NICA INTEROPERABLE/agenda-clinica-interoperable/node_modules/tailwindcss/dist/lib.d.ts"
    ],
    "ultima_modificacion": "2025-08-01 01:01:46.084491"
  },
  "lib.es2018.d.ts": {
    "app_sintetizada": "LIB.ES2018.D.TS",
    "cantidad_archivos": 2,
    "archivos_fuente": [
      "Library/CloudStorage/Dropbox/APPS HIPERFOCO.CL/AGENDAS CLINICAS CENTROS SALUD PUBLICOS Y PRIVADOS/agenda-clinica-interoperable/node_modules/typescript/lib/lib.es2018.d.ts",
      "Library/CloudStorage/Dropbox/APPS HIPERFOCO.CL/AGENDAS CLINICAS CENTROS SALUD PUBLICOS Y PRIVADOS/AGENDA CLINICA PORTABLE E INTEROPERAPLE/AGENDA CLI\u0301NICA INTEROPERABLE/agenda-clinica-interoperable/node_modules/typescript/lib/lib.es2018.d.ts"
    ],
    "ultima_modificacion": "2025-08-01 01:01:46.084832"
  },
  "lib.esnext.full.d.ts": {
    "app_sintetizada": "LIB.ESNEXT.FULL.D.TS",
    "cantidad_archivos": 2,
    "archivos_fuente": [
      "Library/CloudStorage/Dropbox/APPS HIPERFOCO.CL/AGENDAS CLINICAS CENTROS SALUD PUBLICOS Y PRIVADOS/agenda-clinica-interoperable/node_modules/typescript/lib/lib.esnext.full.d.ts",
      "Library/CloudStorage/Dropbox/APPS HIPERFOCO.CL/AGENDAS CLINICAS CENTROS SALUD PUBLICOS Y PRIVADOS/AGENDA CLINICA PORTABLE E INTEROPERAPLE/AGENDA CLI\u0301NICA INTEROPERABLE/agenda-clinica-interoperable/node_modules/typescript/lib/lib.esnext.full.d.ts"
    ],
    "ultima_modificacion": "2025-08-01 01:01:46.085165"
  },
  "lib.es2020.string.d.ts": {
    "app_sintetizada": "LIB.ES2020.STRING.D.TS",
    "cantidad_archivos": 2,
    "archivos_fuente": [
      "Library/CloudStorage/Dropbox/APPS HIPERFOCO.CL/AGENDAS CLINICAS CENTROS SALUD PUBLICOS Y PRIVADOS/agenda-clinica-interoperable/node_modules/typescript/lib/lib.es2020.string.d.ts",
      "Library/CloudStorage/Dropbox/APPS HIPERFOCO.CL/AGENDAS CLINICAS CENTROS SALUD PUBLICOS Y PRIVADOS/AGENDA CLINICA PORTABLE E INTEROPERAPLE/AGENDA CLI\u0301NICA INTEROPERABLE/agenda-clinica-interoperable/node_modules/typescript/lib/lib.es2020.string.d.ts"
    ],
    "ultima_modificacion": "2025-08-01 01:01:46.085428"
  },
  "lib.es2023.full.d.ts": {
    "app_sintetizada": "LIB.ES2023.FULL.D.TS",
    "cantidad_archivos": 2,
    "archivos_fuente": [
      "Library/CloudStorage/Dropbox/APPS HIPERFOCO.CL/AGENDAS CLINICAS CENTROS SALUD PUBLICOS Y PRIVADOS/agenda-clinica-interoperable/node_modules/typescript/lib/lib.es2023.full.d.ts",
      "Library/CloudStorage/Dropbox/APPS HIPERFOCO.CL/AGENDAS CLINICAS CENTROS SALUD PUBLICOS Y PRIVADOS/AGENDA CLINICA PORTABLE E INTEROPERAPLE/AGENDA CLI\u0301NICA INTEROPERABLE/agenda-clinica-interoperable/node_modules/typescript/lib/lib.es2023.full.d.ts"
    ],
    "ultima_modificacion": "2025-08-01 01:01:46.085680"
  },
  "lib.es2018.asyncgenerator.d.ts": {
    "app_sintetizada": "LIB.ES2018.ASYNCGENERATOR.D.TS",
    "cantidad_archivos": 2,
    "archivos_fuente": [
      "Library/CloudStorage/Dropbox/APPS HIPERFOCO.CL/AGENDAS CLINICAS CENTROS SALUD PUBLICOS Y PRIVADOS/agenda-clinica-interoperable/node_modules/typescript/lib/lib.es2018.asyncgenerator.d.ts",
      "Library/CloudStorage/Dropbox/APPS HIPERFOCO.CL/AGENDAS CLINICAS CENTROS SALUD PUBLICOS Y PRIVADOS/AGENDA CLINICA PORTABLE E INTEROPERAPLE/AGENDA CLI\u0301NICA INTEROPERABLE/agenda-clinica-interoperable/node_modules/typescript/lib/lib.es2018.asyncgenerator.d.ts"
    ],
    "ultima_modificacion": "2025-08-01 01:01:46.086059"
  },
  "lib.es2022.d.ts": {
    "app_sintetizada": "LIB.ES2022.D.TS",
    "cantidad_archivos": 2,
    "archivos_fuente": [
      "Library/CloudStorage/Dropbox/APPS HIPERFOCO.CL/AGENDAS CLINICAS CENTROS SALUD PUBLICOS Y PRIVADOS/agenda-clinica-interoperable/node_modules/typescript/lib/lib.es2022.d.ts",
      "Library/CloudStorage/Dropbox/APPS HIPERFOCO.CL/AGENDAS CLINICAS CENTROS SALUD PUBLICOS Y PRIVADOS/AGENDA CLINICA PORTABLE E INTEROPERAPLE/AGENDA CLI\u0301NICA INTEROPERABLE/agenda-clinica-interoperable/node_modules/typescript/lib/lib.es2022.d.ts"
    ],
    "ultima_modificacion": "2025-08-01 01:01:46.086335"
  },
  "lib.es2021.weakref.d.ts": {
    "app_sintetizada": "LIB.ES2021.WEAKREF.D.TS",
    "cantidad_archivos": 2,
    "archivos_fuente": [
      "Library/CloudStorage/Dropbox/APPS HIPERFOCO.CL/AGENDAS CLINICAS CENTROS SALUD PUBLICOS Y PRIVADOS/agenda-clinica-interoperable/node_modules/typescript/lib/lib.es2021.weakref.d.ts",
      "Library/CloudStorage/Dropbox/APPS HIPERFOCO.CL/AGENDAS CLINICAS CENTROS SALUD PUBLICOS Y PRIVADOS/AGENDA CLINICA PORTABLE E INTEROPERAPLE/AGENDA CLI\u0301NICA INTEROPERABLE/agenda-clinica-interoperable/node_modules/typescript/lib/lib.es2021.weakref.d.ts"
    ],
    "ultima_modificacion": "2025-08-01 01:01:46.086572"
  },
  "lib.es2016.full.d.ts": {
    "app_sintetizada": "LIB.ES2016.FULL.D.TS",
    "cantidad_archivos": 2,
    "archivos_fuente": [
      "Library/CloudStorage/Dropbox/APPS HIPERFOCO.CL/AGENDAS CLINICAS CENTROS SALUD PUBLICOS Y PRIVADOS/agenda-clinica-interoperable/node_modules/typescript/lib/lib.es2016.full.d.ts",
      "Library/CloudStorage/Dropbox/APPS HIPERFOCO.CL/AGENDAS CLINICAS CENTROS SALUD PUBLICOS Y PRIVADOS/AGENDA CLINICA PORTABLE E INTEROPERAPLE/AGENDA CLI\u0301NICA INTEROPERABLE/agenda-clinica-interoperable/node_modules/typescript/lib/lib.es2016.full.d.ts"
    ],
    "ultima_modificacion": "2025-08-01 01:01:46.086861"
  },
  "lib.es2017.object.d.ts": {
    "app_sintetizada": "LIB.ES2017.OBJECT.D.TS",
    "cantidad_archivos": 2,
    "archivos_fuente": [
      "Library/CloudStorage/Dropbox/APPS HIPERFOCO.CL/AGENDAS CLINICAS CENTROS SALUD PUBLICOS Y PRIVADOS/agenda-clinica-interoperable/node_modules/typescript/lib/lib.es2017.object.d.ts",
      "Library/CloudStorage/Dropbox/APPS HIPERFOCO.CL/AGENDAS CLINICAS CENTROS SALUD PUBLICOS Y PRIVADOS/AGENDA CLINICA PORTABLE E INTEROPERAPLE/AGENDA CLI\u0301NICA INTEROPERABLE/agenda-clinica-interoperable/node_modules/typescript/lib/lib.es2017.object.d.ts"
    ],
    "ultima_modificacion": "2025-08-01 01:01:46.087187"
  },
  "lib.es2023.d.ts": {
    "app_sintetizada": "LIB.ES2023.D.TS",
    "cantidad_archivos": 2,
    "archivos_fuente": [
      "Library/CloudStorage/Dropbox/APPS HIPERFOCO.CL/AGENDAS CLINICAS CENTROS SALUD PUBLICOS Y PRIVADOS/agenda-clinica-interoperable/node_modules/typescript/lib/lib.es2023.d.ts",
      "Library/CloudStorage/Dropbox/APPS HIPERFOCO.CL/AGENDAS CLINICAS CENTROS SALUD PUBLICOS Y PRIVADOS/AGENDA CLINICA PORTABLE E INTEROPERAPLE/AGENDA CLI\u0301NICA INTEROPERABLE/agenda-clinica-interoperable/node_modules/typescript/lib/lib.es2023.d.ts"
    ],
    "ultima_modificacion": "2025-08-01 01:01:46.087881"
  },
  "watchguard.js": {
    "app_sintetizada": "WATCHGUARD.JS",
    "cantidad_archivos": 5,
    "archivos_fuente": [
      "Library/CloudStorage/Dropbox/APPS HIPERFOCO.CL/AGENDAS CLINICAS CENTROS SALUD PUBLICOS Y PRIVADOS/agenda-clinica-interoperable/node_modules/typescript/lib/watchGuard.js",
      "Library/CloudStorage/Dropbox/APPS HIPERFOCO.CL/AGENDAS CLINICAS CENTROS SALUD PUBLICOS Y PRIVADOS/AGENDA CLINICA PORTABLE E INTEROPERAPLE/AGENDA CLI\u0301NICA INTEROPERABLE/agenda-clinica-interoperable/node_modules/typescript/lib/watchGuard.js",
      "Library/CloudStorage/Dropbox/MENTALIA_BUTTON_INSTALLER_KIT_SIGNABLE/MENTALIA_LOCAL_DEPLOY/mentalia_memory_core/watchGuard.js",
      "Library/CloudStorage/Dropbox/RSII/MENTALIA/MENTALIA_FULL_ACCESS_ENGINE_FINAL/mentalia_memory_core/watchGuard.js",
      "Library/CloudStorage/Dropbox/RSII FINAL/mentalia_memory_core/watchGuard.js"
    ],
    "ultima_modificacion": "2025-08-01 01:01:46.088363"
  },
  "typescript.d.ts": {
    "app_sintetizada": "TYPESCRIPT.D.TS",
    "cantidad_archivos": 2,
    "archivos_fuente": [
      "Library/CloudStorage/Dropbox/APPS HIPERFOCO.CL/AGENDAS CLINICAS CENTROS SALUD PUBLICOS Y PRIVADOS/agenda-clinica-interoperable/node_modules/typescript/lib/typescript.d.ts",
      "Library/CloudStorage/Dropbox/APPS HIPERFOCO.CL/AGENDAS CLINICAS CENTROS SALUD PUBLICOS Y PRIVADOS/AGENDA CLINICA PORTABLE E INTEROPERAPLE/AGENDA CLI\u0301NICA INTEROPERABLE/agenda-clinica-interoperable/node_modules/typescript/lib/typescript.d.ts"
    ],
    "ultima_modificacion": "2025-08-01 01:01:46.088685"
  },
  "lib.es2017.string.d.ts": {
    "app_sintetizada": "LIB.ES2017.STRING.D.TS",
    "cantidad_archivos": 2,
    "archivos_fuente": [
      "Library/CloudStorage/Dropbox/APPS HIPERFOCO.CL/AGENDAS CLINICAS CENTROS SALUD PUBLICOS Y PRIVADOS/agenda-clinica-interoperable/node_modules/typescript/lib/lib.es2017.string.d.ts",
      "Library/CloudStorage/Dropbox/APPS HIPERFOCO.CL/AGENDAS CLINICAS CENTROS SALUD PUBLICOS Y PRIVADOS/AGENDA CLINICA PORTABLE E INTEROPERAPLE/AGENDA CLI\u0301NICA INTEROPERABLE/agenda-clinica-interoperable/node_modules/typescript/lib/lib.es2017.string.d.ts"
    ],
    "ultima_modificacion": "2025-08-01 01:01:46.089106"
  },
  "lib.es2019.d.ts": {
    "app_sintetizada": "LIB.ES2019.D.TS",
    "cantidad_archivos": 2,
    "archivos_fuente": [
      "Library/CloudStorage/Dropbox/APPS HIPERFOCO.CL/AGENDAS CLINICAS CENTROS SALUD PUBLICOS Y PRIVADOS/agenda-clinica-interoperable/node_modules/typescript/lib/lib.es2019.d.ts",
      "Library/CloudStorage/Dropbox/APPS HIPERFOCO.CL/AGENDAS CLINICAS CENTROS SALUD PUBLICOS Y PRIVADOS/AGENDA CLINICA PORTABLE E INTEROPERAPLE/AGENDA CLI\u0301NICA INTEROPERABLE/agenda-clinica-interoperable/node_modules/typescript/lib/lib.es2019.d.ts"
    ],
    "ultima_modificacion": "2025-08-01 01:01:46.089469"
  },
  "lib.webworker.importscripts.d.ts": {
    "app_sintetizada": "LIB.WEBWORKER.IMPORTSCRIPTS.D.TS",
    "cantidad_archivos": 2,
    "archivos_fuente": [
      "Library/CloudStorage/Dropbox/APPS HIPERFOCO.CL/AGENDAS CLINICAS CENTROS SALUD PUBLICOS Y PRIVADOS/agenda-clinica-interoperable/node_modules/typescript/lib/lib.webworker.importscripts.d.ts",
      "Library/CloudStorage/Dropbox/APPS HIPERFOCO.CL/AGENDAS CLINICAS CENTROS SALUD PUBLICOS Y PRIVADOS/AGENDA CLINICA PORTABLE E INTEROPERAPLE/AGENDA CLI\u0301NICA INTEROPERABLE/agenda-clinica-interoperable/node_modules/typescript/lib/lib.webworker.importscripts.d.ts"
    ],
    "ultima_modificacion": "2025-08-01 01:01:46.089811"
  },
  "lib.es2015.symbol.d.ts": {
    "app_sintetizada": "LIB.ES2015.SYMBOL.D.TS",
    "cantidad_archivos": 2,
    "archivos_fuente": [
      "Library/CloudStorage/Dropbox/APPS HIPERFOCO.CL/AGENDAS CLINICAS CENTROS SALUD PUBLICOS Y PRIVADOS/agenda-clinica-interoperable/node_modules/typescript/lib/lib.es2015.symbol.d.ts",
      "Library/CloudStorage/Dropbox/APPS HIPERFOCO.CL/AGENDAS CLINICAS CENTROS SALUD PUBLICOS Y PRIVADOS/AGENDA CLINICA PORTABLE E INTEROPERAPLE/AGENDA CLI\u0301NICA INTEROPERABLE/agenda-clinica-interoperable/node_modules/typescript/lib/lib.es2015.symbol.d.ts"
    ],
    "ultima_modificacion": "2025-08-01 01:01:46.090168"
  },
  "lib.es2017.arraybuffer.d.ts": {
    "app_sintetizada": "LIB.ES2017.ARRAYBUFFER.D.TS",
    "cantidad_archivos": 2,
    "archivos_fuente": [
      "Library/CloudStorage/Dropbox/APPS HIPERFOCO.CL/AGENDAS CLINICAS CENTROS SALUD PUBLICOS Y PRIVADOS/agenda-clinica-interoperable/node_modules/typescript/lib/lib.es2017.arraybuffer.d.ts",
      "Library/CloudStorage/Dropbox/APPS HIPERFOCO.CL/AGENDAS CLINICAS CENTROS SALUD PUBLICOS Y PRIVADOS/AGENDA CLINICA PORTABLE E INTEROPERAPLE/AGENDA CLI\u0301NICA INTEROPERABLE/agenda-clinica-interoperable/node_modules/typescript/lib/lib.es2017.arraybuffer.d.ts"
    ],
    "ultima_modificacion": "2025-08-01 01:01:46.090600"
  },
  "lib.esnext.array.d.ts": {
    "app_sintetizada": "LIB.ESNEXT.ARRAY.D.TS",
    "cantidad_archivos": 2,
    "archivos_fuente": [
      "Library/CloudStorage/Dropbox/APPS HIPERFOCO.CL/AGENDAS CLINICAS CENTROS SALUD PUBLICOS Y PRIVADOS/agenda-clinica-interoperable/node_modules/typescript/lib/lib.esnext.array.d.ts",
      "Library/CloudStorage/Dropbox/APPS HIPERFOCO.CL/AGENDAS CLINICAS CENTROS SALUD PUBLICOS Y PRIVADOS/AGENDA CLINICA PORTABLE E INTEROPERAPLE/AGENDA CLI\u0301NICA INTEROPERABLE/agenda-clinica-interoperable/node_modules/typescript/lib/lib.esnext.array.d.ts"
    ],
    "ultima_modificacion": "2025-08-01 01:01:46.091003"
  },
  "lib.es2015.collection.d.ts": {
    "app_sintetizada": "LIB.ES2015.COLLECTION.D.TS",
    "cantidad_archivos": 2,
    "archivos_fuente": [
      "Library/CloudStorage/Dropbox/APPS HIPERFOCO.CL/AGENDAS CLINICAS CENTROS SALUD PUBLICOS Y PRIVADOS/agenda-clinica-interoperable/node_modules/typescript/lib/lib.es2015.collection.d.ts",
      "Library/CloudStorage/Dropbox/APPS HIPERFOCO.CL/AGENDAS CLINICAS CENTROS SALUD PUBLICOS Y PRIVADOS/AGENDA CLINICA PORTABLE E INTEROPERAPLE/AGENDA CLI\u0301NICA INTEROPERABLE/agenda-clinica-interoperable/node_modules/typescript/lib/lib.es2015.collection.d.ts"
    ],
    "ultima_modificacion": "2025-08-01 01:01:46.091336"
  },
  "lib.es2015.d.ts": {
    "app_sintetizada": "LIB.ES2015.D.TS",
    "cantidad_archivos": 2,
    "archivos_fuente": [
      "Library/CloudStorage/Dropbox/APPS HIPERFOCO.CL/AGENDAS CLINICAS CENTROS SALUD PUBLICOS Y PRIVADOS/agenda-clinica-interoperable/node_modules/typescript/lib/lib.es2015.d.ts",
      "Library/CloudStorage/Dropbox/APPS HIPERFOCO.CL/AGENDAS CLINICAS CENTROS SALUD PUBLICOS Y PRIVADOS/AGENDA CLINICA PORTABLE E INTEROPERAPLE/AGENDA CLI\u0301NICA INTEROPERABLE/agenda-clinica-interoperable/node_modules/typescript/lib/lib.es2015.d.ts"
    ],
    "ultima_modificacion": "2025-08-01 01:01:46.091641"
  },
  "del.js": {
    "app_sintetizada": "DEL.JS",
    "cantidad_archivos": 5,
    "archivos_fuente": [
      "Library/CloudStorage/Dropbox/APPS HIPERFOCO.CL/AGENDAS CLINICAS CENTROS SALUD PUBLICOS Y PRIVADOS/agenda-clinica-interoperable/node_modules/flat-cache/src/del.js",
      "Library/CloudStorage/Dropbox/APPS HIPERFOCO.CL/AGENDAS CLINICAS CENTROS SALUD PUBLICOS Y PRIVADOS/AGENDA CLINICA PORTABLE E INTEROPERAPLE/AGENDA CLI\u0301NICA INTEROPERABLE/agenda-clinica-interoperable/node_modules/flat-cache/src/del.js",
      "Library/CloudStorage/Dropbox/MENTALIA_BUTTON_INSTALLER_KIT_SIGNABLE/MENTALIA_LOCAL_DEPLOY/mentalia_memory_core/del.js",
      "Library/CloudStorage/Dropbox/RSII/MENTALIA/MENTALIA_FULL_ACCESS_ENGINE_FINAL/mentalia_memory_core/del.js",
      "Library/CloudStorage/Dropbox/RSII FINAL/mentalia_memory_core/del.js"
    ],
    "ultima_modificacion": "2025-08-01 01:01:46.091917"
  },
  "inheritsbrowser.js": {
    "app_sintetizada": "INHERITSBROWSER.JS",
    "cantidad_archivos": 5,
    "archivos_fuente": [
      "Library/CloudStorage/Dropbox/APPS HIPERFOCO.CL/AGENDAS CLINICAS CENTROS SALUD PUBLICOS Y PRIVADOS/agenda-clinica-interoperable/node_modules/inherits/inherits_browser.js",
      "Library/CloudStorage/Dropbox/APPS HIPERFOCO.CL/AGENDAS CLINICAS CENTROS SALUD PUBLICOS Y PRIVADOS/AGENDA CLINICA PORTABLE E INTEROPERAPLE/AGENDA CLI\u0301NICA INTEROPERABLE/agenda-clinica-interoperable/node_modules/inherits/inherits_browser.js",
      "Library/CloudStorage/Dropbox/MENTALIA_BUTTON_INSTALLER_KIT_SIGNABLE/MENTALIA_LOCAL_DEPLOY/mentalia_memory_core/inherits_browser.js",
      "Library/CloudStorage/Dropbox/RSII/MENTALIA/MENTALIA_FULL_ACCESS_ENGINE_FINAL/mentalia_memory_core/inherits_browser.js",
      "Library/CloudStorage/Dropbox/RSII FINAL/mentalia_memory_core/inherits_browser.js"
    ],
    "ultima_modificacion": "2025-08-01 01:01:46.092228"
  },
  "dbcsdata.js": {
    "app_sintetizada": "DBCSDATA.JS",
    "cantidad_archivos": 5,
    "archivos_fuente": [
      "Library/CloudStorage/Dropbox/APPS HIPERFOCO.CL/AGENDAS CLINICAS CENTROS SALUD PUBLICOS Y PRIVADOS/agenda-clinica-interoperable/node_modules/iconv-lite/encodings/dbcs-data.js",
      "Library/CloudStorage/Dropbox/APPS HIPERFOCO.CL/AGENDAS CLINICAS CENTROS SALUD PUBLICOS Y PRIVADOS/AGENDA CLINICA PORTABLE E INTEROPERAPLE/AGENDA CLI\u0301NICA INTEROPERABLE/agenda-clinica-interoperable/node_modules/iconv-lite/encodings/dbcs-data.js",
      "Library/CloudStorage/Dropbox/MENTALIA_BUTTON_INSTALLER_KIT_SIGNABLE/MENTALIA_LOCAL_DEPLOY/mentalia_memory_core/dbcs-data.js",
      "Library/CloudStorage/Dropbox/RSII/MENTALIA/MENTALIA_FULL_ACCESS_ENGINE_FINAL/mentalia_memory_core/dbcs-data.js",
      "Library/CloudStorage/Dropbox/RSII FINAL/mentalia_memory_core/dbcs-data.js"
    ],
    "ultima_modificacion": "2025-08-01 01:01:46.092550"
  },
  "dbcscodec.js": {
    "app_sintetizada": "DBCSCODEC.JS",
    "cantidad_archivos": 5,
    "archivos_fuente": [
      "Library/CloudStorage/Dropbox/APPS HIPERFOCO.CL/AGENDAS CLINICAS CENTROS SALUD PUBLICOS Y PRIVADOS/agenda-clinica-interoperable/node_modules/iconv-lite/encodings/dbcs-codec.js",
      "Library/CloudStorage/Dropbox/APPS HIPERFOCO.CL/AGENDAS CLINICAS CENTROS SALUD PUBLICOS Y PRIVADOS/AGENDA CLINICA PORTABLE E INTEROPERAPLE/AGENDA CLI\u0301NICA INTEROPERABLE/agenda-clinica-interoperable/node_modules/iconv-lite/encodings/dbcs-codec.js",
      "Library/CloudStorage/Dropbox/MENTALIA_BUTTON_INSTALLER_KIT_SIGNABLE/MENTALIA_LOCAL_DEPLOY/mentalia_memory_core/dbcs-codec.js",
      "Library/CloudStorage/Dropbox/RSII/MENTALIA/MENTALIA_FULL_ACCESS_ENGINE_FINAL/mentalia_memory_core/dbcs-codec.js",
      "Library/CloudStorage/Dropbox/RSII FINAL/mentalia_memory_core/dbcs-codec.js"
    ],
    "ultima_modificacion": "2025-08-01 01:01:46.092850"
  },
  "internal.js": {
    "app_sintetizada": "INTERNAL.JS",
    "cantidad_archivos": 5,
    "archivos_fuente": [
      "Library/CloudStorage/Dropbox/APPS HIPERFOCO.CL/AGENDAS CLINICAS CENTROS SALUD PUBLICOS Y PRIVADOS/agenda-clinica-interoperable/node_modules/iconv-lite/encodings/internal.js",
      "Library/CloudStorage/Dropbox/APPS HIPERFOCO.CL/AGENDAS CLINICAS CENTROS SALUD PUBLICOS Y PRIVADOS/AGENDA CLINICA PORTABLE E INTEROPERAPLE/AGENDA CLI\u0301NICA INTEROPERABLE/agenda-clinica-interoperable/node_modules/iconv-lite/encodings/internal.js",
      "Library/CloudStorage/Dropbox/MENTALIA_BUTTON_INSTALLER_KIT_SIGNABLE/MENTALIA_LOCAL_DEPLOY/mentalia_memory_core/internal.js",
      "Library/CloudStorage/Dropbox/RSII/MENTALIA/MENTALIA_FULL_ACCESS_ENGINE_FINAL/mentalia_memory_core/internal.js",
      "Library/CloudStorage/Dropbox/RSII FINAL/mentalia_memory_core/internal.js"
    ],
    "ultima_modificacion": "2025-08-01 01:01:46.093174"
  },
  "utf7.js": {
    "app_sintetizada": "UTF7.JS",
    "cantidad_archivos": 5,
    "archivos_fuente": [
      "Library/CloudStorage/Dropbox/APPS HIPERFOCO.CL/AGENDAS CLINICAS CENTROS SALUD PUBLICOS Y PRIVADOS/agenda-clinica-interoperable/node_modules/iconv-lite/encodings/utf7.js",
      "Library/CloudStorage/Dropbox/APPS HIPERFOCO.CL/AGENDAS CLINICAS CENTROS SALUD PUBLICOS Y PRIVADOS/AGENDA CLINICA PORTABLE E INTEROPERAPLE/AGENDA CLI\u0301NICA INTEROPERABLE/agenda-clinica-interoperable/node_modules/iconv-lite/encodings/utf7.js",
      "Library/CloudStorage/Dropbox/MENTALIA_BUTTON_INSTALLER_KIT_SIGNABLE/MENTALIA_LOCAL_DEPLOY/mentalia_memory_core/utf7.js",
      "Library/CloudStorage/Dropbox/RSII/MENTALIA/MENTALIA_FULL_ACCESS_ENGINE_FINAL/mentalia_memory_core/utf7.js",
      "Library/CloudStorage/Dropbox/RSII FINAL/mentalia_memory_core/utf7.js"
    ],
    "ultima_modificacion": "2025-08-01 01:01:46.093483"
  },
  "sbcsdata.js": {
    "app_sintetizada": "SBCSDATA.JS",
    "cantidad_archivos": 5,
    "archivos_fuente": [
      "Library/CloudStorage/Dropbox/APPS HIPERFOCO.CL/AGENDAS CLINICAS CENTROS SALUD PUBLICOS Y PRIVADOS/agenda-clinica-interoperable/node_modules/iconv-lite/encodings/sbcs-data.js",
      "Library/CloudStorage/Dropbox/APPS HIPERFOCO.CL/AGENDAS CLINICAS CENTROS SALUD PUBLICOS Y PRIVADOS/AGENDA CLINICA PORTABLE E INTEROPERAPLE/AGENDA CLI\u0301NICA INTEROPERABLE/agenda-clinica-interoperable/node_modules/iconv-lite/encodings/sbcs-data.js",
      "Library/CloudStorage/Dropbox/MENTALIA_BUTTON_INSTALLER_KIT_SIGNABLE/MENTALIA_LOCAL_DEPLOY/mentalia_memory_core/sbcs-data.js",
      "Library/CloudStorage/Dropbox/RSII/MENTALIA/MENTALIA_FULL_ACCESS_ENGINE_FINAL/mentalia_memory_core/sbcs-data.js",
      "Library/CloudStorage/Dropbox/RSII FINAL/mentalia_memory_core/sbcs-data.js"
    ],
    "ultima_modificacion": "2025-08-01 01:01:46.093774"
  },
  "sbcscodec.js": {
    "app_sintetizada": "SBCSCODEC.JS",
    "cantidad_archivos": 5,
    "archivos_fuente": [
      "Library/CloudStorage/Dropbox/APPS HIPERFOCO.CL/AGENDAS CLINICAS CENTROS SALUD PUBLICOS Y PRIVADOS/agenda-clinica-interoperable/node_modules/iconv-lite/encodings/sbcs-codec.js",
      "Library/CloudStorage/Dropbox/APPS HIPERFOCO.CL/AGENDAS CLINICAS CENTROS SALUD PUBLICOS Y PRIVADOS/AGENDA CLINICA PORTABLE E INTEROPERAPLE/AGENDA CLI\u0301NICA INTEROPERABLE/agenda-clinica-interoperable/node_modules/iconv-lite/encodings/sbcs-codec.js",
      "Library/CloudStorage/Dropbox/MENTALIA_BUTTON_INSTALLER_KIT_SIGNABLE/MENTALIA_LOCAL_DEPLOY/mentalia_memory_core/sbcs-codec.js",
      "Library/CloudStorage/Dropbox/RSII/MENTALIA/MENTALIA_FULL_ACCESS_ENGINE_FINAL/mentalia_memory_core/sbcs-codec.js",
      "Library/CloudStorage/Dropbox/RSII FINAL/mentalia_memory_core/sbcs-codec.js"
    ],
    "ultima_modificacion": "2025-08-01 01:01:46.094091"
  },
  "utf32.js": {
    "app_sintetizada": "UTF32.JS",
    "cantidad_archivos": 5,
    "archivos_fuente": [
      "Library/CloudStorage/Dropbox/APPS HIPERFOCO.CL/AGENDAS CLINICAS CENTROS SALUD PUBLICOS Y PRIVADOS/agenda-clinica-interoperable/node_modules/iconv-lite/encodings/utf32.js",
      "Library/CloudStorage/Dropbox/APPS HIPERFOCO.CL/AGENDAS CLINICAS CENTROS SALUD PUBLICOS Y PRIVADOS/AGENDA CLINICA PORTABLE E INTEROPERAPLE/AGENDA CLI\u0301NICA INTEROPERABLE/agenda-clinica-interoperable/node_modules/iconv-lite/encodings/utf32.js",
      "Library/CloudStorage/Dropbox/MENTALIA_BUTTON_INSTALLER_KIT_SIGNABLE/MENTALIA_LOCAL_DEPLOY/mentalia_memory_core/utf32.js",
      "Library/CloudStorage/Dropbox/RSII/MENTALIA/MENTALIA_FULL_ACCESS_ENGINE_FINAL/mentalia_memory_core/utf32.js",
      "Library/CloudStorage/Dropbox/RSII FINAL/mentalia_memory_core/utf32.js"
    ],
    "ultima_modificacion": "2025-08-01 01:01:46.094703"
  },
  "utf16.js": {
    "app_sintetizada": "UTF16.JS",
    "cantidad_archivos": 5,
    "archivos_fuente": [
      "Library/CloudStorage/Dropbox/APPS HIPERFOCO.CL/AGENDAS CLINICAS CENTROS SALUD PUBLICOS Y PRIVADOS/agenda-clinica-interoperable/node_modules/iconv-lite/encodings/utf16.js",
      "Library/CloudStorage/Dropbox/APPS HIPERFOCO.CL/AGENDAS CLINICAS CENTROS SALUD PUBLICOS Y PRIVADOS/AGENDA CLINICA PORTABLE E INTEROPERAPLE/AGENDA CLI\u0301NICA INTEROPERABLE/agenda-clinica-interoperable/node_modules/iconv-lite/encodings/utf16.js",
      "Library/CloudStorage/Dropbox/MENTALIA_BUTTON_INSTALLER_KIT_SIGNABLE/MENTALIA_LOCAL_DEPLOY/mentalia_memory_core/utf16.js",
      "Library/CloudStorage/Dropbox/RSII/MENTALIA/MENTALIA_FULL_ACCESS_ENGINE_FINAL/mentalia_memory_core/utf16.js",
      "Library/CloudStorage/Dropbox/RSII FINAL/mentalia_memory_core/utf16.js"
    ],
    "ultima_modificacion": "2025-08-01 01:01:46.095047"
  },
  "sbcsdatagenerated.js": {
    "app_sintetizada": "SBCSDATAGENERATED.JS",
    "cantidad_archivos": 5,
    "archivos_fuente": [
      "Library/CloudStorage/Dropbox/APPS HIPERFOCO.CL/AGENDAS CLINICAS CENTROS SALUD PUBLICOS Y PRIVADOS/agenda-clinica-interoperable/node_modules/iconv-lite/encodings/sbcs-data-generated.js",
      "Library/CloudStorage/Dropbox/APPS HIPERFOCO.CL/AGENDAS CLINICAS CENTROS SALUD PUBLICOS Y PRIVADOS/AGENDA CLINICA PORTABLE E INTEROPERAPLE/AGENDA CLI\u0301NICA INTEROPERABLE/agenda-clinica-interoperable/node_modules/iconv-lite/encodings/sbcs-data-generated.js",
      "Library/CloudStorage/Dropbox/MENTALIA_BUTTON_INSTALLER_KIT_SIGNABLE/MENTALIA_LOCAL_DEPLOY/mentalia_memory_core/sbcs-data-generated.js",
      "Library/CloudStorage/Dropbox/RSII/MENTALIA/MENTALIA_FULL_ACCESS_ENGINE_FINAL/mentalia_memory_core/sbcs-data-generated.js",
      "Library/CloudStorage/Dropbox/RSII FINAL/mentalia_memory_core/sbcs-data-generated.js"
    ],
    "ultima_modificacion": "2025-08-01 01:01:46.095491"
  },
  "streams.js": {
    "app_sintetizada": "STREAMS.JS",
    "cantidad_archivos": 7,
    "archivos_fuente": [
      "Library/CloudStorage/Dropbox/APPS HIPERFOCO.CL/AGENDAS CLINICAS CENTROS SALUD PUBLICOS Y PRIVADOS/agenda-clinica-interoperable/node_modules/iconv-lite/lib/streams.js",
      "Library/CloudStorage/Dropbox/APPS HIPERFOCO.CL/AGENDAS CLINICAS CENTROS SALUD PUBLICOS Y PRIVADOS/agenda-clinica-interoperable/node_modules/caniuse-lite/data/features/streams.js",
      "Library/CloudStorage/Dropbox/APPS HIPERFOCO.CL/AGENDAS CLINICAS CENTROS SALUD PUBLICOS Y PRIVADOS/AGENDA CLINICA PORTABLE E INTEROPERAPLE/AGENDA CLI\u0301NICA INTEROPERABLE/agenda-clinica-interoperable/node_modules/iconv-lite/lib/streams.js",
      "Library/CloudStorage/Dropbox/APPS HIPERFOCO.CL/AGENDAS CLINICAS CENTROS SALUD PUBLICOS Y PRIVADOS/AGENDA CLINICA PORTABLE E INTEROPERAPLE/AGENDA CLI\u0301NICA INTEROPERABLE/agenda-clinica-interoperable/node_modules/caniuse-lite/data/features/streams.js",
      "Library/CloudStorage/Dropbox/MENTALIA_BUTTON_INSTALLER_KIT_SIGNABLE/MENTALIA_LOCAL_DEPLOY/mentalia_memory_core/streams.js",
      "Library/CloudStorage/Dropbox/RSII/MENTALIA/MENTALIA_FULL_ACCESS_ENGINE_FINAL/mentalia_memory_core/streams.js",
      "Library/CloudStorage/Dropbox/RSII FINAL/mentalia_memory_core/streams.js"
    ],
    "ultima_modificacion": "2025-08-01 01:01:46.095867"
  },
  "bomhandling.js": {
    "app_sintetizada": "BOMHANDLING.JS",
    "cantidad_archivos": 5,
    "archivos_fuente": [
      "Library/CloudStorage/Dropbox/APPS HIPERFOCO.CL/AGENDAS CLINICAS CENTROS SALUD PUBLICOS Y PRIVADOS/agenda-clinica-interoperable/node_modules/iconv-lite/lib/bom-handling.js",
      "Library/CloudStorage/Dropbox/APPS HIPERFOCO.CL/AGENDAS CLINICAS CENTROS SALUD PUBLICOS Y PRIVADOS/AGENDA CLINICA PORTABLE E INTEROPERAPLE/AGENDA CLI\u0301NICA INTEROPERABLE/agenda-clinica-interoperable/node_modules/iconv-lite/lib/bom-handling.js",
      "Library/CloudStorage/Dropbox/MENTALIA_BUTTON_INSTALLER_KIT_SIGNABLE/MENTALIA_LOCAL_DEPLOY/mentalia_memory_core/bom-handling.js",
      "Library/CloudStorage/Dropbox/RSII/MENTALIA/MENTALIA_FULL_ACCESS_ENGINE_FINAL/mentalia_memory_core/bom-handling.js",
      "Library/CloudStorage/Dropbox/RSII FINAL/mentalia_memory_core/bom-handling.js"
    ],
    "ultima_modificacion": "2025-08-01 01:01:46.096209"
  },
  "vcs.xml": {
    "app_sintetizada": "VCS.XML",
    "cantidad_archivos": 2,
    "archivos_fuente": [
      "Library/CloudStorage/Dropbox/APPS HIPERFOCO.CL/AGENDAS CLINICAS CENTROS SALUD PUBLICOS Y PRIVADOS/agenda-clinica-interoperable/node_modules/iconv-lite/.idea/vcs.xml",
      "Library/CloudStorage/Dropbox/APPS HIPERFOCO.CL/AGENDAS CLINICAS CENTROS SALUD PUBLICOS Y PRIVADOS/AGENDA CLINICA PORTABLE E INTEROPERAPLE/AGENDA CLI\u0301NICA INTEROPERABLE/agenda-clinica-interoperable/node_modules/iconv-lite/.idea/vcs.xml"
    ],
    "ultima_modificacion": "2025-08-01 01:01:46.096533"
  },
  "iconvlite.iml": {
    "app_sintetizada": "ICONVLITE.IML",
    "cantidad_archivos": 2,
    "archivos_fuente": [
      "Library/CloudStorage/Dropbox/APPS HIPERFOCO.CL/AGENDAS CLINICAS CENTROS SALUD PUBLICOS Y PRIVADOS/agenda-clinica-interoperable/node_modules/iconv-lite/.idea/iconv-lite.iml",
      "Library/CloudStorage/Dropbox/APPS HIPERFOCO.CL/AGENDAS CLINICAS CENTROS SALUD PUBLICOS Y PRIVADOS/AGENDA CLINICA PORTABLE E INTEROPERAPLE/AGENDA CLI\u0301NICA INTEROPERABLE/agenda-clinica-interoperable/node_modules/iconv-lite/.idea/iconv-lite.iml"
    ],
    "ultima_modificacion": "2025-08-01 01:01:46.096855"
  },
  "modules.xml": {
    "app_sintetizada": "MODULES.XML",
    "cantidad_archivos": 2,
    "archivos_fuente": [
      "Library/CloudStorage/Dropbox/APPS HIPERFOCO.CL/AGENDAS CLINICAS CENTROS SALUD PUBLICOS Y PRIVADOS/agenda-clinica-interoperable/node_modules/iconv-lite/.idea/modules.xml",
      "Library/CloudStorage/Dropbox/APPS HIPERFOCO.CL/AGENDAS CLINICAS CENTROS SALUD PUBLICOS Y PRIVADOS/AGENDA CLINICA PORTABLE E INTEROPERAPLE/AGENDA CLI\u0301NICA INTEROPERABLE/agenda-clinica-interoperable/node_modules/iconv-lite/.idea/modules.xml"
    ],
    "ultima_modificacion": "2025-08-01 01:01:46.097210"
  },
  "projectdefault.xml": {
    "app_sintetizada": "PROJECTDEFAULT.XML",
    "cantidad_archivos": 2,
    "archivos_fuente": [
      "Library/CloudStorage/Dropbox/APPS HIPERFOCO.CL/AGENDAS CLINICAS CENTROS SALUD PUBLICOS Y PRIVADOS/agenda-clinica-interoperable/node_modules/iconv-lite/.idea/inspectionProfiles/Project_Default.xml",
      "Library/CloudStorage/Dropbox/APPS HIPERFOCO.CL/AGENDAS CLINICAS CENTROS SALUD PUBLICOS Y PRIVADOS/AGENDA CLINICA PORTABLE E INTEROPERAPLE/AGENDA CLI\u0301NICA INTEROPERABLE/agenda-clinica-interoperable/node_modules/iconv-lite/.idea/inspectionProfiles/Project_Default.xml"
    ],
    "ultima_modificacion": "2025-08-01 01:01:46.097546"
  },
  "project.xml": {
    "app_sintetizada": "PROJECT.XML",
    "cantidad_archivos": 2,
    "archivos_fuente": [
      "Library/CloudStorage/Dropbox/APPS HIPERFOCO.CL/AGENDAS CLINICAS CENTROS SALUD PUBLICOS Y PRIVADOS/agenda-clinica-interoperable/node_modules/iconv-lite/.idea/codeStyles/Project.xml",
      "Library/CloudStorage/Dropbox/APPS HIPERFOCO.CL/AGENDAS CLINICAS CENTROS SALUD PUBLICOS Y PRIVADOS/AGENDA CLINICA PORTABLE E INTEROPERAPLE/AGENDA CLI\u0301NICA INTEROPERABLE/agenda-clinica-interoperable/node_modules/iconv-lite/.idea/codeStyles/Project.xml"
    ],
    "ultima_modificacion": "2025-08-01 01:01:46.097935"
  },
  "codestyleconfig.xml": {
    "app_sintetizada": "CODESTYLECONFIG.XML",
    "cantidad_archivos": 2,
    "archivos_fuente": [
      "Library/CloudStorage/Dropbox/APPS HIPERFOCO.CL/AGENDAS CLINICAS CENTROS SALUD PUBLICOS Y PRIVADOS/agenda-clinica-interoperable/node_modules/iconv-lite/.idea/codeStyles/codeStyleConfig.xml",
      "Library/CloudStorage/Dropbox/APPS HIPERFOCO.CL/AGENDAS CLINICAS CENTROS SALUD PUBLICOS Y PRIVADOS/AGENDA CLINICA PORTABLE E INTEROPERAPLE/AGENDA CLI\u0301NICA INTEROPERABLE/agenda-clinica-interoperable/node_modules/iconv-lite/.idea/codeStyles/codeStyleConfig.xml"
    ],
    "ultima_modificacion": "2025-08-01 01:01:46.098387"
  },
  "objectspreadprops.js": {
    "app_sintetizada": "OBJECTSPREADPROPS.JS",
    "cantidad_archivos": 5,
    "archivos_fuente": [
      "Library/CloudStorage/Dropbox/APPS HIPERFOCO.CL/AGENDAS CLINICAS CENTROS SALUD PUBLICOS Y PRIVADOS/agenda-clinica-interoperable/node_modules/@swc/helpers/esm/_object_spread_props.js",
      "Library/CloudStorage/Dropbox/APPS HIPERFOCO.CL/AGENDAS CLINICAS CENTROS SALUD PUBLICOS Y PRIVADOS/AGENDA CLINICA PORTABLE E INTEROPERAPLE/AGENDA CLI\u0301NICA INTEROPERABLE/agenda-clinica-interoperable/node_modules/@swc/helpers/esm/_object_spread_props.js",
      "Library/CloudStorage/Dropbox/MENTALIA_BUTTON_INSTALLER_KIT_SIGNABLE/MENTALIA_LOCAL_DEPLOY/mentalia_memory_core/_object_spread_props.js",
      "Library/CloudStorage/Dropbox/RSII/MENTALIA/MENTALIA_FULL_ACCESS_ENGINE_FINAL/mentalia_memory_core/_object_spread_props.js",
      "Library/CloudStorage/Dropbox/RSII FINAL/mentalia_memory_core/_object_spread_props.js"
    ],
    "ultima_modificacion": "2025-08-01 01:01:46.099269"
  },
  "classapplydescriptorupdate.js": {
    "app_sintetizada": "CLASSAPPLYDESCRIPTORUPDATE.JS",
    "cantidad_archivos": 5,
    "archivos_fuente": [
      "Library/CloudStorage/Dropbox/APPS HIPERFOCO.CL/AGENDAS CLINICAS CENTROS SALUD PUBLICOS Y PRIVADOS/agenda-clinica-interoperable/node_modules/@swc/helpers/esm/_class_apply_descriptor_update.js",
      "Library/CloudStorage/Dropbox/APPS HIPERFOCO.CL/AGENDAS CLINICAS CENTROS SALUD PUBLICOS Y PRIVADOS/AGENDA CLINICA PORTABLE E INTEROPERAPLE/AGENDA CLI\u0301NICA INTEROPERABLE/agenda-clinica-interoperable/node_modules/@swc/helpers/esm/_class_apply_descriptor_update.js",
      "Library/CloudStorage/Dropbox/MENTALIA_BUTTON_INSTALLER_KIT_SIGNABLE/MENTALIA_LOCAL_DEPLOY/mentalia_memory_core/_class_apply_descriptor_update.js",
      "Library/CloudStorage/Dropbox/RSII/MENTALIA/MENTALIA_FULL_ACCESS_ENGINE_FINAL/mentalia_memory_core/_class_apply_descriptor_update.js",
      "Library/CloudStorage/Dropbox/RSII FINAL/mentalia_memory_core/_class_apply_descriptor_update.js"
    ],
    "ultima_modificacion": "2025-08-01 01:01:46.099675"
  },
  "tsmetadata.js": {
    "app_sintetizada": "TSMETADATA.JS",
    "cantidad_archivos": 5,
    "archivos_fuente": [
      "Library/CloudStorage/Dropbox/APPS HIPERFOCO.CL/AGENDAS CLINICAS CENTROS SALUD PUBLICOS Y PRIVADOS/agenda-clinica-interoperable/node_modules/@swc/helpers/esm/_ts_metadata.js",
      "Library/CloudStorage/Dropbox/APPS HIPERFOCO.CL/AGENDAS CLINICAS CENTROS SALUD PUBLICOS Y PRIVADOS/AGENDA CLINICA PORTABLE E INTEROPERAPLE/AGENDA CLI\u0301NICA INTEROPERABLE/agenda-clinica-interoperable/node_modules/@swc/helpers/esm/_ts_metadata.js",
      "Library/CloudStorage/Dropbox/MENTALIA_BUTTON_INSTALLER_KIT_SIGNABLE/MENTALIA_LOCAL_DEPLOY/mentalia_memory_core/_ts_metadata.js",
      "Library/CloudStorage/Dropbox/RSII/MENTALIA/MENTALIA_FULL_ACCESS_ENGINE_FINAL/mentalia_memory_core/_ts_metadata.js",
      "Library/CloudStorage/Dropbox/RSII FINAL/mentalia_memory_core/_ts_metadata.js"
    ],
    "ultima_modificacion": "2025-08-01 01:01:46.100198"
  },
  "classprivatemethodinit.js": {
    "app_sintetizada": "CLASSPRIVATEMETHODINIT.JS",
    "cantidad_archivos": 5,
    "archivos_fuente": [
      "Library/CloudStorage/Dropbox/APPS HIPERFOCO.CL/AGENDAS CLINICAS CENTROS SALUD PUBLICOS Y PRIVADOS/agenda-clinica-interoperable/node_modules/@swc/helpers/esm/_class_private_method_init.js",
      "Library/CloudStorage/Dropbox/APPS HIPERFOCO.CL/AGENDAS CLINICAS CENTROS SALUD PUBLICOS Y PRIVADOS/AGENDA CLINICA PORTABLE E INTEROPERAPLE/AGENDA CLI\u0301NICA INTEROPERABLE/agenda-clinica-interoperable/node_modules/@swc/helpers/esm/_class_private_method_init.js",
      "Library/CloudStorage/Dropbox/MENTALIA_BUTTON_INSTALLER_KIT_SIGNABLE/MENTALIA_LOCAL_DEPLOY/mentalia_memory_core/_class_private_method_init.js",
      "Library/CloudStorage/Dropbox/RSII/MENTALIA/MENTALIA_FULL_ACCESS_ENGINE_FINAL/mentalia_memory_core/_class_private_method_init.js",
      "Library/CloudStorage/Dropbox/RSII FINAL/mentalia_memory_core/_class_private_method_init.js"
    ],
    "ultima_modificacion": "2025-08-01 01:01:46.100569"
  },
  "classprivatefieldinit.js": {
    "app_sintetizada": "CLASSPRIVATEFIELDINIT.JS",
    "cantidad_archivos": 5,
    "archivos_fuente": [
      "Library/CloudStorage/Dropbox/APPS HIPERFOCO.CL/AGENDAS CLINICAS CENTROS SALUD PUBLICOS Y PRIVADOS/agenda-clinica-interoperable/node_modules/@swc/helpers/esm/_class_private_field_init.js",
      "Library/CloudStorage/Dropbox/APPS HIPERFOCO.CL/AGENDAS CLINICAS CENTROS SALUD PUBLICOS Y PRIVADOS/AGENDA CLINICA PORTABLE E INTEROPERAPLE/AGENDA CLI\u0301NICA INTEROPERABLE/agenda-clinica-interoperable/node_modules/@swc/helpers/esm/_class_private_field_init.js",
      "Library/CloudStorage/Dropbox/MENTALIA_BUTTON_INSTALLER_KIT_SIGNABLE/MENTALIA_LOCAL_DEPLOY/mentalia_memory_core/_class_private_field_init.js",
      "Library/CloudStorage/Dropbox/RSII/MENTALIA/MENTALIA_FULL_ACCESS_ENGINE_FINAL/mentalia_memory_core/_class_private_field_init.js",
      "Library/CloudStorage/Dropbox/RSII FINAL/mentalia_memory_core/_class_private_field_init.js"
    ],
    "ultima_modificacion": "2025-08-01 01:01:46.100897"
  },
  "tsdisposeresources.js": {
    "app_sintetizada": "TSDISPOSERESOURCES.JS",
    "cantidad_archivos": 5,
    "archivos_fuente": [
      "Library/CloudStorage/Dropbox/APPS HIPERFOCO.CL/AGENDAS CLINICAS CENTROS SALUD PUBLICOS Y PRIVADOS/agenda-clinica-interoperable/node_modules/@swc/helpers/esm/_ts_dispose_resources.js",
      "Library/CloudStorage/Dropbox/APPS HIPERFOCO.CL/AGENDAS CLINICAS CENTROS SALUD PUBLICOS Y PRIVADOS/AGENDA CLINICA PORTABLE E INTEROPERAPLE/AGENDA CLI\u0301NICA INTEROPERABLE/agenda-clinica-interoperable/node_modules/@swc/helpers/esm/_ts_dispose_resources.js",
      "Library/CloudStorage/Dropbox/MENTALIA_BUTTON_INSTALLER_KIT_SIGNABLE/MENTALIA_LOCAL_DEPLOY/mentalia_memory_core/_ts_dispose_resources.js",
      "Library/CloudStorage/Dropbox/RSII/MENTALIA/MENTALIA_FULL_ACCESS_ENGINE_FINAL/mentalia_memory_core/_ts_dispose_resources.js",
      "Library/CloudStorage/Dropbox/RSII FINAL/mentalia_memory_core/_ts_dispose_resources.js"
    ],
    "ultima_modificacion": "2025-08-01 01:01:46.101221"
  },
  "tsdecorate.js": {
    "app_sintetizada": "TSDECORATE.JS",
    "cantidad_archivos": 5,
    "archivos_fuente": [
      "Library/CloudStorage/Dropbox/APPS HIPERFOCO.CL/AGENDAS CLINICAS CENTROS SALUD PUBLICOS Y PRIVADOS/agenda-clinica-interoperable/node_modules/@swc/helpers/esm/_ts_decorate.js",
      "Library/CloudStorage/Dropbox/APPS HIPERFOCO.CL/AGENDAS CLINICAS CENTROS SALUD PUBLICOS Y PRIVADOS/AGENDA CLINICA PORTABLE E INTEROPERAPLE/AGENDA CLI\u0301NICA INTEROPERABLE/agenda-clinica-interoperable/node_modules/@swc/helpers/esm/_ts_decorate.js",
      "Library/CloudStorage/Dropbox/MENTALIA_BUTTON_INSTALLER_KIT_SIGNABLE/MENTALIA_LOCAL_DEPLOY/mentalia_memory_core/_ts_decorate.js",
      "Library/CloudStorage/Dropbox/RSII/MENTALIA/MENTALIA_FULL_ACCESS_ENGINE_FINAL/mentalia_memory_core/_ts_decorate.js",
      "Library/CloudStorage/Dropbox/RSII FINAL/mentalia_memory_core/_ts_decorate.js"
    ],
    "ultima_modificacion": "2025-08-01 01:01:46.101611"
  },
  "classstaticprivatefieldupdate.js": {
    "app_sintetizada": "CLASSSTATICPRIVATEFIELDUPDATE.JS",
    "cantidad_archivos": 5,
    "archivos_fuente": [
      "Library/CloudStorage/Dropbox/APPS HIPERFOCO.CL/AGENDAS CLINICAS CENTROS SALUD PUBLICOS Y PRIVADOS/agenda-clinica-interoperable/node_modules/@swc/helpers/esm/_class_static_private_field_update.js",
      "Library/CloudStorage/Dropbox/APPS HIPERFOCO.CL/AGENDAS CLINICAS CENTROS SALUD PUBLICOS Y PRIVADOS/AGENDA CLINICA PORTABLE E INTEROPERAPLE/AGENDA CLI\u0301NICA INTEROPERABLE/agenda-clinica-interoperable/node_modules/@swc/helpers/esm/_class_static_private_field_update.js",
      "Library/CloudStorage/Dropbox/MENTALIA_BUTTON_INSTALLER_KIT_SIGNABLE/MENTALIA_LOCAL_DEPLOY/mentalia_memory_core/_class_static_private_field_update.js",
      "Library/CloudStorage/Dropbox/RSII/MENTALIA/MENTALIA_FULL_ACCESS_ENGINE_FINAL/mentalia_memory_core/_class_static_private_field_update.js",
      "Library/CloudStorage/Dropbox/RSII FINAL/mentalia_memory_core/_class_static_private_field_update.js"
    ],
    "ultima_modificacion": "2025-08-01 01:01:46.101933"
  },
  "classstaticprivatefielddestructure.js": {
    "app_sintetizada": "CLASSSTATICPRIVATEFIELDDESTRUCTURE.JS",
    "cantidad_archivos": 5,
    "archivos_fuente": [
      "Library/CloudStorage/Dropbox/APPS HIPERFOCO.CL/AGENDAS CLINICAS CENTROS SALUD PUBLICOS Y PRIVADOS/agenda-clinica-interoperable/node_modules/@swc/helpers/esm/_class_static_private_field_destructure.js",
      "Library/CloudStorage/Dropbox/APPS HIPERFOCO.CL/AGENDAS CLINICAS CENTROS SALUD PUBLICOS Y PRIVADOS/AGENDA CLINICA PORTABLE E INTEROPERAPLE/AGENDA CLI\u0301NICA INTEROPERABLE/agenda-clinica-interoperable/node_modules/@swc/helpers/esm/_class_static_private_field_destructure.js",
      "Library/CloudStorage/Dropbox/MENTALIA_BUTTON_INSTALLER_KIT_SIGNABLE/MENTALIA_LOCAL_DEPLOY/mentalia_memory_core/_class_static_private_field_destructure.js",
      "Library/CloudStorage/Dropbox/RSII/MENTALIA/MENTALIA_FULL_ACCESS_ENGINE_FINAL/mentalia_memory_core/_class_static_private_field_destructure.js",
      "Library/CloudStorage/Dropbox/RSII FINAL/mentalia_memory_core/_class_static_private_field_destructure.js"
    ],
    "ultima_modificacion": "2025-08-01 01:01:46.102407"
  },
  "tsparam.js": {
    "app_sintetizada": "TSPARAM.JS",
    "cantidad_archivos": 5,
    "archivos_fuente": [
      "Library/CloudStorage/Dropbox/APPS HIPERFOCO.CL/AGENDAS CLINICAS CENTROS SALUD PUBLICOS Y PRIVADOS/agenda-clinica-interoperable/node_modules/@swc/helpers/esm/_ts_param.js",
      "Library/CloudStorage/Dropbox/APPS HIPERFOCO.CL/AGENDAS CLINICAS CENTROS SALUD PUBLICOS Y PRIVADOS/AGENDA CLINICA PORTABLE E INTEROPERAPLE/AGENDA CLI\u0301NICA INTEROPERABLE/agenda-clinica-interoperable/node_modules/@swc/helpers/esm/_ts_param.js",
      "Library/CloudStorage/Dropbox/MENTALIA_BUTTON_INSTALLER_KIT_SIGNABLE/MENTALIA_LOCAL_DEPLOY/mentalia_memory_core/_ts_param.js",
      "Library/CloudStorage/Dropbox/RSII/MENTALIA/MENTALIA_FULL_ACCESS_ENGINE_FINAL/mentalia_memory_core/_ts_param.js",
      "Library/CloudStorage/Dropbox/RSII FINAL/mentalia_memory_core/_ts_param.js"
    ],
    "ultima_modificacion": "2025-08-01 01:01:46.102854"
  },
  "tsadddisposableresource.js": {
    "app_sintetizada": "TSADDDISPOSABLERESOURCE.JS",
    "cantidad_archivos": 5,
    "archivos_fuente": [
      "Library/CloudStorage/Dropbox/APPS HIPERFOCO.CL/AGENDAS CLINICAS CENTROS SALUD PUBLICOS Y PRIVADOS/agenda-clinica-interoperable/node_modules/@swc/helpers/esm/_ts_add_disposable_resource.js",
      "Library/CloudStorage/Dropbox/APPS HIPERFOCO.CL/AGENDAS CLINICAS CENTROS SALUD PUBLICOS Y PRIVADOS/AGENDA CLINICA PORTABLE E INTEROPERAPLE/AGENDA CLI\u0301NICA INTEROPERABLE/agenda-clinica-interoperable/node_modules/@swc/helpers/esm/_ts_add_disposable_resource.js",
      "Library/CloudStorage/Dropbox/MENTALIA_BUTTON_INSTALLER_KIT_SIGNABLE/MENTALIA_LOCAL_DEPLOY/mentalia_memory_core/_ts_add_disposable_resource.js",
      "Library/CloudStorage/Dropbox/RSII/MENTALIA/MENTALIA_FULL_ACCESS_ENGINE_FINAL/mentalia_memory_core/_ts_add_disposable_resource.js",
      "Library/CloudStorage/Dropbox/RSII FINAL/mentalia_memory_core/_ts_add_disposable_resource.js"
    ],
    "ultima_modificacion": "2025-08-01 01:01:46.103173"
  },
  "usingctx.js": {
    "app_sintetizada": "USINGCTX.JS",
    "cantidad_archivos": 5,
    "archivos_fuente": [
      "Library/CloudStorage/Dropbox/APPS HIPERFOCO.CL/AGENDAS CLINICAS CENTROS SALUD PUBLICOS Y PRIVADOS/agenda-clinica-interoperable/node_modules/@swc/helpers/esm/_using_ctx.js",
      "Library/CloudStorage/Dropbox/APPS HIPERFOCO.CL/AGENDAS CLINICAS CENTROS SALUD PUBLICOS Y PRIVADOS/AGENDA CLINICA PORTABLE E INTEROPERAPLE/AGENDA CLI\u0301NICA INTEROPERABLE/agenda-clinica-interoperable/node_modules/@swc/helpers/esm/_using_ctx.js",
      "Library/CloudStorage/Dropbox/MENTALIA_BUTTON_INSTALLER_KIT_SIGNABLE/MENTALIA_LOCAL_DEPLOY/mentalia_memory_core/_using_ctx.js",
      "Library/CloudStorage/Dropbox/RSII/MENTALIA/MENTALIA_FULL_ACCESS_ENGINE_FINAL/mentalia_memory_core/_using_ctx.js",
      "Library/CloudStorage/Dropbox/RSII FINAL/mentalia_memory_core/_using_ctx.js"
    ],
    "ultima_modificacion": "2025-08-01 01:01:46.104074"
  },
  "throw.js": {
    "app_sintetizada": "THROW.JS",
    "cantidad_archivos": 5,
    "archivos_fuente": [
      "Library/CloudStorage/Dropbox/APPS HIPERFOCO.CL/AGENDAS CLINICAS CENTROS SALUD PUBLICOS Y PRIVADOS/agenda-clinica-interoperable/node_modules/@swc/helpers/esm/_throw.js",
      "Library/CloudStorage/Dropbox/APPS HIPERFOCO.CL/AGENDAS CLINICAS CENTROS SALUD PUBLICOS Y PRIVADOS/AGENDA CLINICA PORTABLE E INTEROPERAPLE/AGENDA CLI\u0301NICA INTEROPERABLE/agenda-clinica-interoperable/node_modules/@swc/helpers/esm/_throw.js",
      "Library/CloudStorage/Dropbox/MENTALIA_BUTTON_INSTALLER_KIT_SIGNABLE/MENTALIA_LOCAL_DEPLOY/mentalia_memory_core/_throw.js",
      "Library/CloudStorage/Dropbox/RSII/MENTALIA/MENTALIA_FULL_ACCESS_ENGINE_FINAL/mentalia_memory_core/_throw.js",
      "Library/CloudStorage/Dropbox/RSII FINAL/mentalia_memory_core/_throw.js"
    ],
    "ultima_modificacion": "2025-08-01 01:01:46.106085"
  },
  "update.js": {
    "app_sintetizada": "UPDATE.JS",
    "cantidad_archivos": 5,
    "archivos_fuente": [
      "Library/CloudStorage/Dropbox/APPS HIPERFOCO.CL/AGENDAS CLINICAS CENTROS SALUD PUBLICOS Y PRIVADOS/agenda-clinica-interoperable/node_modules/@swc/helpers/esm/_update.js",
      "Library/CloudStorage/Dropbox/APPS HIPERFOCO.CL/AGENDAS CLINICAS CENTROS SALUD PUBLICOS Y PRIVADOS/AGENDA CLINICA PORTABLE E INTEROPERAPLE/AGENDA CLI\u0301NICA INTEROPERABLE/agenda-clinica-interoperable/node_modules/@swc/helpers/esm/_update.js",
      "Library/CloudStorage/Dropbox/MENTALIA_BUTTON_INSTALLER_KIT_SIGNABLE/MENTALIA_LOCAL_DEPLOY/mentalia_memory_core/_update.js",
      "Library/CloudStorage/Dropbox/RSII/MENTALIA/MENTALIA_FULL_ACCESS_ENGINE_FINAL/mentalia_memory_core/_update.js",
      "Library/CloudStorage/Dropbox/RSII FINAL/mentalia_memory_core/_update.js"
    ],
    "ultima_modificacion": "2025-08-01 01:01:46.106569"
  },
  "tsgenerator.js": {
    "app_sintetizada": "TSGENERATOR.JS",
    "cantidad_archivos": 5,
    "archivos_fuente": [
      "Library/CloudStorage/Dropbox/APPS HIPERFOCO.CL/AGENDAS CLINICAS CENTROS SALUD PUBLICOS Y PRIVADOS/agenda-clinica-interoperable/node_modules/@swc/helpers/esm/_ts_generator.js",
      "Library/CloudStorage/Dropbox/APPS HIPERFOCO.CL/AGENDAS CLINICAS CENTROS SALUD PUBLICOS Y PRIVADOS/AGENDA CLINICA PORTABLE E INTEROPERAPLE/AGENDA CLI\u0301NICA INTEROPERABLE/agenda-clinica-interoperable/node_modules/@swc/helpers/esm/_ts_generator.js",
      "Library/CloudStorage/Dropbox/MENTALIA_BUTTON_INSTALLER_KIT_SIGNABLE/MENTALIA_LOCAL_DEPLOY/mentalia_memory_core/_ts_generator.js",
      "Library/CloudStorage/Dropbox/RSII/MENTALIA/MENTALIA_FULL_ACCESS_ENGINE_FINAL/mentalia_memory_core/_ts_generator.js",
      "Library/CloudStorage/Dropbox/RSII FINAL/mentalia_memory_core/_ts_generator.js"
    ],
    "ultima_modificacion": "2025-08-01 01:01:46.107043"
  },
  "classprivatefieldupdate.js": {
    "app_sintetizada": "CLASSPRIVATEFIELDUPDATE.JS",
    "cantidad_archivos": 5,
    "archivos_fuente": [
      "Library/CloudStorage/Dropbox/APPS HIPERFOCO.CL/AGENDAS CLINICAS CENTROS SALUD PUBLICOS Y PRIVADOS/agenda-clinica-interoperable/node_modules/@swc/helpers/esm/_class_private_field_update.js",
      "Library/CloudStorage/Dropbox/APPS HIPERFOCO.CL/AGENDAS CLINICAS CENTROS SALUD PUBLICOS Y PRIVADOS/AGENDA CLINICA PORTABLE E INTEROPERAPLE/AGENDA CLI\u0301NICA INTEROPERABLE/agenda-clinica-interoperable/node_modules/@swc/helpers/esm/_class_private_field_update.js",
      "Library/CloudStorage/Dropbox/MENTALIA_BUTTON_INSTALLER_KIT_SIGNABLE/MENTALIA_LOCAL_DEPLOY/mentalia_memory_core/_class_private_field_update.js",
      "Library/CloudStorage/Dropbox/RSII/MENTALIA/MENTALIA_FULL_ACCESS_ENGINE_FINAL/mentalia_memory_core/_class_private_field_update.js",
      "Library/CloudStorage/Dropbox/RSII FINAL/mentalia_memory_core/_class_private_field_update.js"
    ],
    "ultima_modificacion": "2025-08-01 01:01:46.107366"
  },
  "exportstar.js": {
    "app_sintetizada": "EXPORTSTAR.JS",
    "cantidad_archivos": 5,
    "archivos_fuente": [
      "Library/CloudStorage/Dropbox/APPS HIPERFOCO.CL/AGENDAS CLINICAS CENTROS SALUD PUBLICOS Y PRIVADOS/agenda-clinica-interoperable/node_modules/@swc/helpers/esm/_export_star.js",
      "Library/CloudStorage/Dropbox/APPS HIPERFOCO.CL/AGENDAS CLINICAS CENTROS SALUD PUBLICOS Y PRIVADOS/AGENDA CLINICA PORTABLE E INTEROPERAPLE/AGENDA CLI\u0301NICA INTEROPERABLE/agenda-clinica-interoperable/node_modules/@swc/helpers/esm/_export_star.js",
      "Library/CloudStorage/Dropbox/MENTALIA_BUTTON_INSTALLER_KIT_SIGNABLE/MENTALIA_LOCAL_DEPLOY/mentalia_memory_core/_export_star.js",
      "Library/CloudStorage/Dropbox/RSII/MENTALIA/MENTALIA_FULL_ACCESS_ENGINE_FINAL/mentalia_memory_core/_export_star.js",
      "Library/CloudStorage/Dropbox/RSII FINAL/mentalia_memory_core/_export_star.js"
    ],
    "ultima_modificacion": "2025-08-01 01:01:46.107717"
  },
  "callsuper.js": {
    "app_sintetizada": "CALLSUPER.JS",
    "cantidad_archivos": 5,
    "archivos_fuente": [
      "Library/CloudStorage/Dropbox/APPS HIPERFOCO.CL/AGENDAS CLINICAS CENTROS SALUD PUBLICOS Y PRIVADOS/agenda-clinica-interoperable/node_modules/@swc/helpers/esm/_call_super.js",
      "Library/CloudStorage/Dropbox/APPS HIPERFOCO.CL/AGENDAS CLINICAS CENTROS SALUD PUBLICOS Y PRIVADOS/AGENDA CLINICA PORTABLE E INTEROPERAPLE/AGENDA CLI\u0301NICA INTEROPERABLE/agenda-clinica-interoperable/node_modules/@swc/helpers/esm/_call_super.js",
      "Library/CloudStorage/Dropbox/MENTALIA_BUTTON_INSTALLER_KIT_SIGNABLE/MENTALIA_LOCAL_DEPLOY/mentalia_memory_core/_call_super.js",
      "Library/CloudStorage/Dropbox/RSII/MENTALIA/MENTALIA_FULL_ACCESS_ENGINE_FINAL/mentalia_memory_core/_call_super.js",
      "Library/CloudStorage/Dropbox/RSII FINAL/mentalia_memory_core/_call_super.js"
    ],
    "ultima_modificacion": "2025-08-01 01:01:46.108046"
  },
  "classapplydescriptordestructure.js": {
    "app_sintetizada": "CLASSAPPLYDESCRIPTORDESTRUCTURE.JS",
    "cantidad_archivos": 5,
    "archivos_fuente": [
      "Library/CloudStorage/Dropbox/APPS HIPERFOCO.CL/AGENDAS CLINICAS CENTROS SALUD PUBLICOS Y PRIVADOS/agenda-clinica-interoperable/node_modules/@swc/helpers/esm/_class_apply_descriptor_destructure.js",
      "Library/CloudStorage/Dropbox/APPS HIPERFOCO.CL/AGENDAS CLINICAS CENTROS SALUD PUBLICOS Y PRIVADOS/AGENDA CLINICA PORTABLE E INTEROPERAPLE/AGENDA CLI\u0301NICA INTEROPERABLE/agenda-clinica-interoperable/node_modules/@swc/helpers/esm/_class_apply_descriptor_destructure.js",
      "Library/CloudStorage/Dropbox/MENTALIA_BUTTON_INSTALLER_KIT_SIGNABLE/MENTALIA_LOCAL_DEPLOY/mentalia_memory_core/_class_apply_descriptor_destructure.js",
      "Library/CloudStorage/Dropbox/RSII/MENTALIA/MENTALIA_FULL_ACCESS_ENGINE_FINAL/mentalia_memory_core/_class_apply_descriptor_destructure.js",
      "Library/CloudStorage/Dropbox/RSII FINAL/mentalia_memory_core/_class_apply_descriptor_destructure.js"
    ],
    "ultima_modificacion": "2025-08-01 01:01:46.108377"
  },
  "classprivatefielddestructure.js": {
    "app_sintetizada": "CLASSPRIVATEFIELDDESTRUCTURE.JS",
    "cantidad_archivos": 5,
    "archivos_fuente": [
      "Library/CloudStorage/Dropbox/APPS HIPERFOCO.CL/AGENDAS CLINICAS CENTROS SALUD PUBLICOS Y PRIVADOS/agenda-clinica-interoperable/node_modules/@swc/helpers/esm/_class_private_field_destructure.js",
      "Library/CloudStorage/Dropbox/APPS HIPERFOCO.CL/AGENDAS CLINICAS CENTROS SALUD PUBLICOS Y PRIVADOS/AGENDA CLINICA PORTABLE E INTEROPERAPLE/AGENDA CLI\u0301NICA INTEROPERABLE/agenda-clinica-interoperable/node_modules/@swc/helpers/esm/_class_private_field_destructure.js",
      "Library/CloudStorage/Dropbox/MENTALIA_BUTTON_INSTALLER_KIT_SIGNABLE/MENTALIA_LOCAL_DEPLOY/mentalia_memory_core/_class_private_field_destructure.js",
      "Library/CloudStorage/Dropbox/RSII/MENTALIA/MENTALIA_FULL_ACCESS_ENGINE_FINAL/mentalia_memory_core/_class_private_field_destructure.js",
      "Library/CloudStorage/Dropbox/RSII FINAL/mentalia_memory_core/_class_private_field_destructure.js"
    ],
    "ultima_modificacion": "2025-08-01 01:01:46.108715"
  },
  "tsvalues.js": {
    "app_sintetizada": "TSVALUES.JS",
    "cantidad_archivos": 5,
    "archivos_fuente": [
      "Library/CloudStorage/Dropbox/APPS HIPERFOCO.CL/AGENDAS CLINICAS CENTROS SALUD PUBLICOS Y PRIVADOS/agenda-clinica-interoperable/node_modules/@swc/helpers/esm/_ts_values.js",
      "Library/CloudStorage/Dropbox/APPS HIPERFOCO.CL/AGENDAS CLINICAS CENTROS SALUD PUBLICOS Y PRIVADOS/AGENDA CLINICA PORTABLE E INTEROPERAPLE/AGENDA CLI\u0301NICA INTEROPERABLE/agenda-clinica-interoperable/node_modules/@swc/helpers/esm/_ts_values.js",
      "Library/CloudStorage/Dropbox/MENTALIA_BUTTON_INSTALLER_KIT_SIGNABLE/MENTALIA_LOCAL_DEPLOY/mentalia_memory_core/_ts_values.js",
      "Library/CloudStorage/Dropbox/RSII/MENTALIA/MENTALIA_FULL_ACCESS_ENGINE_FINAL/mentalia_memory_core/_ts_values.js",
      "Library/CloudStorage/Dropbox/RSII FINAL/mentalia_memory_core/_ts_values.js"
    ],
    "ultima_modificacion": "2025-08-01 01:01:46.109095"
  },
  "astgrep.js": {
    "app_sintetizada": "ASTGREP.JS",
    "cantidad_archivos": 5,
    "archivos_fuente": [
      "Library/CloudStorage/Dropbox/APPS HIPERFOCO.CL/AGENDAS CLINICAS CENTROS SALUD PUBLICOS Y PRIVADOS/agenda-clinica-interoperable/node_modules/@swc/helpers/scripts/ast_grep.js",
      "Library/CloudStorage/Dropbox/APPS HIPERFOCO.CL/AGENDAS CLINICAS CENTROS SALUD PUBLICOS Y PRIVADOS/AGENDA CLINICA PORTABLE E INTEROPERAPLE/AGENDA CLI\u0301NICA INTEROPERABLE/agenda-clinica-interoperable/node_modules/@swc/helpers/scripts/ast_grep.js",
      "Library/CloudStorage/Dropbox/MENTALIA_BUTTON_INSTALLER_KIT_SIGNABLE/MENTALIA_LOCAL_DEPLOY/mentalia_memory_core/ast_grep.js",
      "Library/CloudStorage/Dropbox/RSII/MENTALIA/MENTALIA_FULL_ACCESS_ENGINE_FINAL/mentalia_memory_core/ast_grep.js",
      "Library/CloudStorage/Dropbox/RSII FINAL/mentalia_memory_core/ast_grep.js"
    ],
    "ultima_modificacion": "2025-08-01 01:01:46.109439"
  },
  "classstaticprivatefieldspecset.mjs": {
    "app_sintetizada": "CLASSSTATICPRIVATEFIELDSPECSET.MJS",
    "cantidad_archivos": 2,
    "archivos_fuente": [
      "Library/CloudStorage/Dropbox/APPS HIPERFOCO.CL/AGENDAS CLINICAS CENTROS SALUD PUBLICOS Y PRIVADOS/agenda-clinica-interoperable/node_modules/@swc/helpers/src/_class_static_private_field_spec_set.mjs",
      "Library/CloudStorage/Dropbox/APPS HIPERFOCO.CL/AGENDAS CLINICAS CENTROS SALUD PUBLICOS Y PRIVADOS/AGENDA CLINICA PORTABLE E INTEROPERAPLE/AGENDA CLI\u0301NICA INTEROPERABLE/agenda-clinica-interoperable/node_modules/@swc/helpers/src/_class_static_private_field_spec_set.mjs"
    ],
    "ultima_modificacion": "2025-08-01 01:01:46.109778"
  },
  "classprivatemethodget.mjs": {
    "app_sintetizada": "CLASSPRIVATEMETHODGET.MJS",
    "cantidad_archivos": 2,
    "archivos_fuente": [
      "Library/CloudStorage/Dropbox/APPS HIPERFOCO.CL/AGENDAS CLINICAS CENTROS SALUD PUBLICOS Y PRIVADOS/agenda-clinica-interoperable/node_modules/@swc/helpers/src/_class_private_method_get.mjs",
      "Library/CloudStorage/Dropbox/APPS HIPERFOCO.CL/AGENDAS CLINICAS CENTROS SALUD PUBLICOS Y PRIVADOS/AGENDA CLINICA PORTABLE E INTEROPERAPLE/AGENDA CLI\u0301NICA INTEROPERABLE/agenda-clinica-interoperable/node_modules/@swc/helpers/src/_class_private_method_get.mjs"
    ],
    "ultima_modificacion": "2025-08-01 01:01:46.110119"
  },
  "defaults.mjs": {
    "app_sintetizada": "DEFAULTS.MJS",
    "cantidad_archivos": 2,
    "archivos_fuente": [
      "Library/CloudStorage/Dropbox/APPS HIPERFOCO.CL/AGENDAS CLINICAS CENTROS SALUD PUBLICOS Y PRIVADOS/agenda-clinica-interoperable/node_modules/@swc/helpers/src/_defaults.mjs",
      "Library/CloudStorage/Dropbox/APPS HIPERFOCO.CL/AGENDAS CLINICAS CENTROS SALUD PUBLICOS Y PRIVADOS/AGENDA CLINICA PORTABLE E INTEROPERAPLE/AGENDA CLI\u0301NICA INTEROPERABLE/agenda-clinica-interoperable/node_modules/@swc/helpers/src/_defaults.mjs"
    ],
    "ultima_modificacion": "2025-08-01 01:01:46.110454"
  },
  "classprivatefieldget.mjs": {
    "app_sintetizada": "CLASSPRIVATEFIELDGET.MJS",
    "cantidad_archivos": 2,
    "archivos_fuente": [
      "Library/CloudStorage/Dropbox/APPS HIPERFOCO.CL/AGENDAS CLINICAS CENTROS SALUD PUBLICOS Y PRIVADOS/agenda-clinica-interoperable/node_modules/@swc/helpers/src/_class_private_field_get.mjs",
      "Library/CloudStorage/Dropbox/APPS HIPERFOCO.CL/AGENDAS CLINICAS CENTROS SALUD PUBLICOS Y PRIVADOS/AGENDA CLINICA PORTABLE E INTEROPERAPLE/AGENDA CLI\u0301NICA INTEROPERABLE/agenda-clinica-interoperable/node_modules/@swc/helpers/src/_class_private_field_get.mjs"
    ],
    "ultima_modificacion": "2025-08-01 01:01:46.111129"
  },
  "tsgenerator.mjs": {
    "app_sintetizada": "TSGENERATOR.MJS",
    "cantidad_archivos": 2,
    "archivos_fuente": [
      "Library/CloudStorage/Dropbox/APPS HIPERFOCO.CL/AGENDAS CLINICAS CENTROS SALUD PUBLICOS Y PRIVADOS/agenda-clinica-interoperable/node_modules/@swc/helpers/src/_ts_generator.mjs",
      "Library/CloudStorage/Dropbox/APPS HIPERFOCO.CL/AGENDAS CLINICAS CENTROS SALUD PUBLICOS Y PRIVADOS/AGENDA CLINICA PORTABLE E INTEROPERAPLE/AGENDA CLI\u0301NICA INTEROPERABLE/agenda-clinica-interoperable/node_modules/@swc/helpers/src/_ts_generator.mjs"
    ],
    "ultima_modificacion": "2025-08-01 01:01:46.111502"
  },
  "interoprequiredefault.mjs": {
    "app_sintetizada": "INTEROPREQUIREDEFAULT.MJS",
    "cantidad_archivos": 2,
    "archivos_fuente": [
      "Library/CloudStorage/Dropbox/APPS HIPERFOCO.CL/AGENDAS CLINICAS CENTROS SALUD PUBLICOS Y PRIVADOS/agenda-clinica-interoperable/node_modules/@swc/helpers/src/_interop_require_default.mjs",
      "Library/CloudStorage/Dropbox/APPS HIPERFOCO.CL/AGENDAS CLINICAS CENTROS SALUD PUBLICOS Y PRIVADOS/AGENDA CLINICA PORTABLE E INTEROPERAPLE/AGENDA CLI\u0301NICA INTEROPERABLE/agenda-clinica-interoperable/node_modules/@swc/helpers/src/_interop_require_default.mjs"
    ],
    "ultima_modificacion": "2025-08-01 01:01:46.111953"
  },
  "typeof.mjs": {
    "app_sintetizada": "TYPEOF.MJS",
    "cantidad_archivos": 2,
    "archivos_fuente": [
      "Library/CloudStorage/Dropbox/APPS HIPERFOCO.CL/AGENDAS CLINICAS CENTROS SALUD PUBLICOS Y PRIVADOS/agenda-clinica-interoperable/node_modules/@swc/helpers/src/_type_of.mjs",
      "Library/CloudStorage/Dropbox/APPS HIPERFOCO.CL/AGENDAS CLINICAS CENTROS SALUD PUBLICOS Y PRIVADOS/AGENDA CLINICA PORTABLE E INTEROPERAPLE/AGENDA CLI\u0301NICA INTEROPERABLE/agenda-clinica-interoperable/node_modules/@swc/helpers/src/_type_of.mjs"
    ],
    "ultima_modificacion": "2025-08-01 01:01:46.112293"
  },
  "classprivatefieldinit.mjs": {
    "app_sintetizada": "CLASSPRIVATEFIELDINIT.MJS",
    "cantidad_archivos": 2,
    "archivos_fuente": [
      "Library/CloudStorage/Dropbox/APPS HIPERFOCO.CL/AGENDAS CLINICAS CENTROS SALUD PUBLICOS Y PRIVADOS/agenda-clinica-interoperable/node_modules/@swc/helpers/src/_class_private_field_init.mjs",
      "Library/CloudStorage/Dropbox/APPS HIPERFOCO.CL/AGENDAS CLINICAS CENTROS SALUD PUBLICOS Y PRIVADOS/AGENDA CLINICA PORTABLE E INTEROPERAPLE/AGENDA CLI\u0301NICA INTEROPERABLE/agenda-clinica-interoperable/node_modules/@swc/helpers/src/_class_private_field_init.mjs"
    ],
    "ultima_modificacion": "2025-08-01 01:01:46.112605"
  }
}