{
  "2ecc03ad7298fe1c0": {
    "app_sintetizada": "2ECC03AD7298FE1C0",
    "cantidad_archivos": 1,
    "archivos_fuente": [
      "Library/Caches/Google/Chrome/Default/Cache/Cache_Data/2ecc03ad7298fe1c_0"
    ],
    "ultima_modificacion": "2025-08-01 01:02:03.150072"
  },
  "4a0015e5d30e189d0": {
    "app_sintetizada": "4A0015E5D30E189D0",
    "cantidad_archivos": 1,
    "archivos_fuente": [
      "Library/Caches/Google/Chrome/Default/Cache/Cache_Data/4a0015e5d30e189d_0"
    ],
    "ultima_modificacion": "2025-08-01 01:02:03.150358"
  },
  "320f1c4cff8c09bb0": {
    "app_sintetizada": "320F1C4CFF8C09BB0",
    "cantidad_archivos": 1,
    "archivos_fuente": [
      "Library/Caches/Google/Chrome/Default/Cache/Cache_Data/320f1c4cff8c09bb_0"
    ],
    "ultima_modificacion": "2025-08-01 01:02:03.150657"
  },
  "213a2cdb0624b8150": {
    "app_sintetizada": "213A2CDB0624B8150",
    "cantidad_archivos": 1,
    "archivos_fuente": [
      "Library/Caches/Google/Chrome/Default/Cache/Cache_Data/213a2cdb0624b815_0"
    ],
    "ultima_modificacion": "2025-08-01 01:02:03.150968"
  },
  "c1c57d787a269d440": {
    "app_sintetizada": "C1C57D787A269D440",
    "cantidad_archivos": 1,
    "archivos_fuente": [
      "Library/Caches/Google/Chrome/Default/Cache/Cache_Data/c1c57d787a269d44_0"
    ],
    "ultima_modificacion": "2025-08-01 01:02:03.151274"
  },
  "5dd792cb6fbb74d10": {
    "app_sintetizada": "5DD792CB6FBB74D10",
    "cantidad_archivos": 1,
    "archivos_fuente": [
      "Library/Caches/Google/Chrome/Default/Cache/Cache_Data/5dd792cb6fbb74d1_0"
    ],
    "ultima_modificacion": "2025-08-01 01:02:03.151571"
  },
  "710ee65ce3c9bec00": {
    "app_sintetizada": "710EE65CE3C9BEC00",
    "cantidad_archivos": 1,
    "archivos_fuente": [
      "Library/Caches/Google/Chrome/Default/Cache/Cache_Data/710ee65ce3c9bec0_0"
    ],
    "ultima_modificacion": "2025-08-01 01:02:03.151891"
  },
  "199930564e39f0c50": {
    "app_sintetizada": "199930564E39F0C50",
    "cantidad_archivos": 1,
    "archivos_fuente": [
      "Library/Caches/Google/Chrome/Default/Cache/Cache_Data/199930564e39f0c5_0"
    ],
    "ultima_modificacion": "2025-08-01 01:02:03.152198"
  },
  "87943f772d9bbd500": {
    "app_sintetizada": "87943F772D9BBD500",
    "cantidad_archivos": 1,
    "archivos_fuente": [
      "Library/Caches/Google/Chrome/Default/Cache/Cache_Data/87943f772d9bbd50_0"
    ],
    "ultima_modificacion": "2025-08-01 01:02:03.152495"
  },
  "fe03263d2a9c10430": {
    "app_sintetizada": "FE03263D2A9C10430",
    "cantidad_archivos": 1,
    "archivos_fuente": [
      "Library/Caches/Google/Chrome/Default/Cache/Cache_Data/fe03263d2a9c1043_0"
    ],
    "ultima_modificacion": "2025-08-01 01:02:03.152816"
  },
  "185e1f15ede3abd30": {
    "app_sintetizada": "185E1F15EDE3ABD30",
    "cantidad_archivos": 1,
    "archivos_fuente": [
      "Library/Caches/Google/Chrome/Default/Cache/Cache_Data/185e1f15ede3abd3_0"
    ],
    "ultima_modificacion": "2025-08-01 01:02:03.153137"
  },
  "e3941644eab8929bs": {
    "app_sintetizada": "E3941644EAB8929BS",
    "cantidad_archivos": 1,
    "archivos_fuente": [
      "Library/Caches/Google/Chrome/Default/Cache/Cache_Data/e3941644eab8929b_s"
    ],
    "ultima_modificacion": "2025-08-01 01:02:03.153464"
  },
  "077a60a39ecb6c5f0": {
    "app_sintetizada": "077A60A39ECB6C5F0",
    "cantidad_archivos": 1,
    "archivos_fuente": [
      "Library/Caches/Google/Chrome/Default/Cache/Cache_Data/077a60a39ecb6c5f_0"
    ],
    "ultima_modificacion": "2025-08-01 01:02:03.153817"
  },
  "2efab0a3e4a449100": {
    "app_sintetizada": "2EFAB0A3E4A449100",
    "cantidad_archivos": 1,
    "archivos_fuente": [
      "Library/Caches/Google/Chrome/Default/Cache/Cache_Data/2efab0a3e4a44910_0"
    ],
    "ultima_modificacion": "2025-08-01 01:02:03.154179"
  },
  "be044316586267580": {
    "app_sintetizada": "BE044316586267580",
    "cantidad_archivos": 1,
    "archivos_fuente": [
      "Library/Caches/Google/Chrome/Default/Cache/Cache_Data/be04431658626758_0"
    ],
    "ultima_modificacion": "2025-08-01 01:02:03.154506"
  },
  "d1768bd95919aa740": {
    "app_sintetizada": "D1768BD95919AA740",
    "cantidad_archivos": 1,
    "archivos_fuente": [
      "Library/Caches/Google/Chrome/Default/Cache/Cache_Data/d1768bd95919aa74_0"
    ],
    "ultima_modificacion": "2025-08-01 01:02:03.154825"
  },
  "89778e45010c5ac50": {
    "app_sintetizada": "89778E45010C5AC50",
    "cantidad_archivos": 1,
    "archivos_fuente": [
      "Library/Caches/Google/Chrome/Default/Cache/Cache_Data/89778e45010c5ac5_0"
    ],
    "ultima_modificacion": "2025-08-01 01:02:03.155172"
  },
  "3f8016dae5d5a4f60": {
    "app_sintetizada": "3F8016DAE5D5A4F60",
    "cantidad_archivos": 1,
    "archivos_fuente": [
      "Library/Caches/Google/Chrome/Default/Cache/Cache_Data/3f8016dae5d5a4f6_0"
    ],
    "ultima_modificacion": "2025-08-01 01:02:03.155494"
  },
  "904498e986bb0fe80": {
    "app_sintetizada": "904498E986BB0FE80",
    "cantidad_archivos": 1,
    "archivos_fuente": [
      "Library/Caches/Google/Chrome/Default/Cache/Cache_Data/904498e986bb0fe8_0"
    ],
    "ultima_modificacion": "2025-08-01 01:02:03.155805"
  },
  "2dc2efeb6c84e9d70": {
    "app_sintetizada": "2DC2EFEB6C84E9D70",
    "cantidad_archivos": 1,
    "archivos_fuente": [
      "Library/Caches/Google/Chrome/Default/Cache/Cache_Data/2dc2efeb6c84e9d7_0"
    ],
    "ultima_modificacion": "2025-08-01 01:02:03.156117"
  },
  "e0929bd0de69c1d20": {
    "app_sintetizada": "E0929BD0DE69C1D20",
    "cantidad_archivos": 1,
    "archivos_fuente": [
      "Library/Caches/Google/Chrome/Default/Cache/Cache_Data/e0929bd0de69c1d2_0"
    ],
    "ultima_modificacion": "2025-08-01 01:02:03.156418"
  },
  "641d21ae9368aecc0": {
    "app_sintetizada": "641D21AE9368AECC0",
    "cantidad_archivos": 1,
    "archivos_fuente": [
      "Library/Caches/Google/Chrome/Default/Cache/Cache_Data/641d21ae9368aecc_0"
    ],
    "ultima_modificacion": "2025-08-01 01:02:03.156727"
  },
  "39ebcdbd9e458eb70": {
    "app_sintetizada": "39EBCDBD9E458EB70",
    "cantidad_archivos": 1,
    "archivos_fuente": [
      "Library/Caches/Google/Chrome/Default/Cache/Cache_Data/39ebcdbd9e458eb7_0"
    ],
    "ultima_modificacion": "2025-08-01 01:02:03.157049"
  },
  "356470ca11a4d5100": {
    "app_sintetizada": "356470CA11A4D5100",
    "cantidad_archivos": 1,
    "archivos_fuente": [
      "Library/Caches/Google/Chrome/Default/Cache/Cache_Data/356470ca11a4d510_0"
    ],
    "ultima_modificacion": "2025-08-01 01:02:03.157364"
  },
  "9875100e836210400": {
    "app_sintetizada": "9875100E836210400",
    "cantidad_archivos": 1,
    "archivos_fuente": [
      "Library/Caches/Google/Chrome/Default/Cache/Cache_Data/9875100e83621040_0"
    ],
    "ultima_modificacion": "2025-08-01 01:02:03.157687"
  },
  "1f5b815d4209ea8d0": {
    "app_sintetizada": "1F5B815D4209EA8D0",
    "cantidad_archivos": 1,
    "archivos_fuente": [
      "Library/Caches/Google/Chrome/Default/Cache/Cache_Data/1f5b815d4209ea8d_0"
    ],
    "ultima_modificacion": "2025-08-01 01:02:03.158048"
  },
  "36355336a9ead3b00": {
    "app_sintetizada": "36355336A9EAD3B00",
    "cantidad_archivos": 1,
    "archivos_fuente": [
      "Library/Caches/Google/Chrome/Default/Cache/Cache_Data/36355336a9ead3b0_0"
    ],
    "ultima_modificacion": "2025-08-01 01:02:03.158468"
  },
  "0a1c30ada738403c0": {
    "app_sintetizada": "0A1C30ADA738403C0",
    "cantidad_archivos": 1,
    "archivos_fuente": [
      "Library/Caches/Google/Chrome/Default/Cache/Cache_Data/0a1c30ada738403c_0"
    ],
    "ultima_modificacion": "2025-08-01 01:02:03.158832"
  },
  "5a7d19b9842975a30": {
    "app_sintetizada": "5A7D19B9842975A30",
    "cantidad_archivos": 1,
    "archivos_fuente": [
      "Library/Caches/Google/Chrome/Default/Cache/Cache_Data/5a7d19b9842975a3_0"
    ],
    "ultima_modificacion": "2025-08-01 01:02:03.159152"
  },
  "0db148d46540313c0": {
    "app_sintetizada": "0DB148D46540313C0",
    "cantidad_archivos": 1,
    "archivos_fuente": [
      "Library/Caches/Google/Chrome/Default/Cache/Cache_Data/0db148d46540313c_0"
    ],
    "ultima_modificacion": "2025-08-01 01:02:03.159608"
  },
  "f6225bd8cc79e46a0": {
    "app_sintetizada": "F6225BD8CC79E46A0",
    "cantidad_archivos": 1,
    "archivos_fuente": [
      "Library/Caches/Google/Chrome/Default/Cache/Cache_Data/f6225bd8cc79e46a_0"
    ],
    "ultima_modificacion": "2025-08-01 01:02:03.159948"
  },
  "72ba30aff9aae4bd0": {
    "app_sintetizada": "72BA30AFF9AAE4BD0",
    "cantidad_archivos": 1,
    "archivos_fuente": [
      "Library/Caches/Google/Chrome/Default/Cache/Cache_Data/72ba30aff9aae4bd_0"
    ],
    "ultima_modificacion": "2025-08-01 01:02:03.160284"
  },
  "4c976022ef5605d90": {
    "app_sintetizada": "4C976022EF5605D90",
    "cantidad_archivos": 1,
    "archivos_fuente": [
      "Library/Caches/Google/Chrome/Default/Cache/Cache_Data/4c976022ef5605d9_0"
    ],
    "ultima_modificacion": "2025-08-01 01:02:03.160606"
  },
  "2077514bb858007c0": {
    "app_sintetizada": "2077514BB858007C0",
    "cantidad_archivos": 1,
    "archivos_fuente": [
      "Library/Caches/Google/Chrome/Default/Cache/Cache_Data/2077514bb858007c_0"
    ],
    "ultima_modificacion": "2025-08-01 01:02:03.160953"
  },
  "e7cf60e67cec16d40": {
    "app_sintetizada": "E7CF60E67CEC16D40",
    "cantidad_archivos": 1,
    "archivos_fuente": [
      "Library/Caches/Google/Chrome/Default/Cache/Cache_Data/e7cf60e67cec16d4_0"
    ],
    "ultima_modificacion": "2025-08-01 01:02:03.161266"
  },
  "cc31916e19288a450": {
    "app_sintetizada": "CC31916E19288A450",
    "cantidad_archivos": 1,
    "archivos_fuente": [
      "Library/Caches/Google/Chrome/Default/Cache/Cache_Data/cc31916e19288a45_0"
    ],
    "ultima_modificacion": "2025-08-01 01:02:03.161579"
  },
  "c12da545914b4b910": {
    "app_sintetizada": "C12DA545914B4B910",
    "cantidad_archivos": 1,
    "archivos_fuente": [
      "Library/Caches/Google/Chrome/Default/Cache/Cache_Data/c12da545914b4b91_0"
    ],
    "ultima_modificacion": "2025-08-01 01:02:03.161924"
  },
  "2e719f5e5aeca5910": {
    "app_sintetizada": "2E719F5E5AECA5910",
    "cantidad_archivos": 1,
    "archivos_fuente": [
      "Library/Caches/Google/Chrome/Default/Cache/Cache_Data/2e719f5e5aeca591_0"
    ],
    "ultima_modificacion": "2025-08-01 01:02:03.162298"
  },
  "7f2f88f0c6e9c8b10": {
    "app_sintetizada": "7F2F88F0C6E9C8B10",
    "cantidad_archivos": 1,
    "archivos_fuente": [
      "Library/Caches/Google/Chrome/Default/Cache/Cache_Data/7f2f88f0c6e9c8b1_0"
    ],
    "ultima_modificacion": "2025-08-01 01:02:03.162590"
  },
  "57b8ba067a07a34f0": {
    "app_sintetizada": "57B8BA067A07A34F0",
    "cantidad_archivos": 1,
    "archivos_fuente": [
      "Library/Caches/Google/Chrome/Default/Cache/Cache_Data/57b8ba067a07a34f_0"
    ],
    "ultima_modificacion": "2025-08-01 01:02:03.162851"
  },
  "34374c31d80ccfbf0": {
    "app_sintetizada": "34374C31D80CCFBF0",
    "cantidad_archivos": 1,
    "archivos_fuente": [
      "Library/Caches/Google/Chrome/Default/Cache/Cache_Data/34374c31d80ccfbf_0"
    ],
    "ultima_modificacion": "2025-08-01 01:02:03.163152"
  },
  "cebf0a41fc4414830": {
    "app_sintetizada": "CEBF0A41FC4414830",
    "cantidad_archivos": 1,
    "archivos_fuente": [
      "Library/Caches/Google/Chrome/Default/Cache/Cache_Data/cebf0a41fc441483_0"
    ],
    "ultima_modificacion": "2025-08-01 01:02:03.163695"
  },
  "05ee6ae4b5d18d6b0": {
    "app_sintetizada": "05EE6AE4B5D18D6B0",
    "cantidad_archivos": 1,
    "archivos_fuente": [
      "Library/Caches/Google/Chrome/Default/Cache/Cache_Data/05ee6ae4b5d18d6b_0"
    ],
    "ultima_modificacion": "2025-08-01 01:02:03.163986"
  },
  "82a6f101429ac5160": {
    "app_sintetizada": "82A6F101429AC5160",
    "cantidad_archivos": 1,
    "archivos_fuente": [
      "Library/Caches/Google/Chrome/Default/Cache/Cache_Data/82a6f101429ac516_0"
    ],
    "ultima_modificacion": "2025-08-01 01:02:03.164239"
  },
  "1669977af171bbc20": {
    "app_sintetizada": "1669977AF171BBC20",
    "cantidad_archivos": 1,
    "archivos_fuente": [
      "Library/Caches/Google/Chrome/Default/Cache/Cache_Data/1669977af171bbc2_0"
    ],
    "ultima_modificacion": "2025-08-01 01:02:03.164515"
  },
  "d59ec465baf084fa0": {
    "app_sintetizada": "D59EC465BAF084FA0",
    "cantidad_archivos": 1,
    "archivos_fuente": [
      "Library/Caches/Google/Chrome/Default/Cache/Cache_Data/d59ec465baf084fa_0"
    ],
    "ultima_modificacion": "2025-08-01 01:02:03.164817"
  },
  "eecd8ecb6efacce90": {
    "app_sintetizada": "EECD8ECB6EFACCE90",
    "cantidad_archivos": 1,
    "archivos_fuente": [
      "Library/Caches/Google/Chrome/Default/Cache/Cache_Data/eecd8ecb6efacce9_0"
    ],
    "ultima_modificacion": "2025-08-01 01:02:03.165079"
  },
  "4033eb0a48574dc40": {
    "app_sintetizada": "4033EB0A48574DC40",
    "cantidad_archivos": 1,
    "archivos_fuente": [
      "Library/Caches/Google/Chrome/Default/Cache/Cache_Data/4033eb0a48574dc4_0"
    ],
    "ultima_modificacion": "2025-08-01 01:02:03.165438"
  },
  "e3473496a1632d630": {
    "app_sintetizada": "E3473496A1632D630",
    "cantidad_archivos": 1,
    "archivos_fuente": [
      "Library/Caches/Google/Chrome/Default/Cache/Cache_Data/e3473496a1632d63_0"
    ],
    "ultima_modificacion": "2025-08-01 01:02:03.165679"
  },
  "3ac322d9ecb2c62d0": {
    "app_sintetizada": "3AC322D9ECB2C62D0",
    "cantidad_archivos": 1,
    "archivos_fuente": [
      "Library/Caches/Google/Chrome/Default/Cache/Cache_Data/3ac322d9ecb2c62d_0"
    ],
    "ultima_modificacion": "2025-08-01 01:02:03.165931"
  },
  "d2e9ec3ec55a6cd60": {
    "app_sintetizada": "D2E9EC3EC55A6CD60",
    "cantidad_archivos": 1,
    "archivos_fuente": [
      "Library/Caches/Google/Chrome/Default/Cache/Cache_Data/d2e9ec3ec55a6cd6_0"
    ],
    "ultima_modificacion": "2025-08-01 01:02:03.166189"
  },
  "ddb7288f74b0a31b0": {
    "app_sintetizada": "DDB7288F74B0A31B0",
    "cantidad_archivos": 1,
    "archivos_fuente": [
      "Library/Caches/Google/Chrome/Default/Cache/Cache_Data/ddb7288f74b0a31b_0"
    ],
    "ultima_modificacion": "2025-08-01 01:02:03.166480"
  },
  "3fd524df1da88a8a0": {
    "app_sintetizada": "3FD524DF1DA88A8A0",
    "cantidad_archivos": 1,
    "archivos_fuente": [
      "Library/Caches/Google/Chrome/Default/Cache/Cache_Data/3fd524df1da88a8a_0"
    ],
    "ultima_modificacion": "2025-08-01 01:02:03.166734"
  },
  "53c074a1960aa5cc0": {
    "app_sintetizada": "53C074A1960AA5CC0",
    "cantidad_archivos": 1,
    "archivos_fuente": [
      "Library/Caches/Google/Chrome/Default/Cache/Cache_Data/53c074a1960aa5cc_0"
    ],
    "ultima_modificacion": "2025-08-01 01:02:03.166953"
  },
  "6a468a215fd83c380": {
    "app_sintetizada": "6A468A215FD83C380",
    "cantidad_archivos": 1,
    "archivos_fuente": [
      "Library/Caches/Google/Chrome/Default/Cache/Cache_Data/6a468a215fd83c38_0"
    ],
    "ultima_modificacion": "2025-08-01 01:02:03.167159"
  },
  "8576747232cad7b20": {
    "app_sintetizada": "8576747232CAD7B20",
    "cantidad_archivos": 1,
    "archivos_fuente": [
      "Library/Caches/Google/Chrome/Default/Cache/Cache_Data/8576747232cad7b2_0"
    ],
    "ultima_modificacion": "2025-08-01 01:02:03.167364"
  },
  "de044fa09c9072ed0": {
    "app_sintetizada": "DE044FA09C9072ED0",
    "cantidad_archivos": 1,
    "archivos_fuente": [
      "Library/Caches/Google/Chrome/Default/Cache/Cache_Data/de044fa09c9072ed_0"
    ],
    "ultima_modificacion": "2025-08-01 01:02:03.167560"
  },
  "5049f378c6131c630": {
    "app_sintetizada": "5049F378C6131C630",
    "cantidad_archivos": 1,
    "archivos_fuente": [
      "Library/Caches/Google/Chrome/Default/Cache/Cache_Data/5049f378c6131c63_0"
    ],
    "ultima_modificacion": "2025-08-01 01:02:03.167820"
  },
  "4abe1d20577e215b0": {
    "app_sintetizada": "4ABE1D20577E215B0",
    "cantidad_archivos": 1,
    "archivos_fuente": [
      "Library/Caches/Google/Chrome/Default/Cache/Cache_Data/4abe1d20577e215b_0"
    ],
    "ultima_modificacion": "2025-08-01 01:02:03.168130"
  },
  "fcebfdaa20d58f180": {
    "app_sintetizada": "FCEBFDAA20D58F180",
    "cantidad_archivos": 1,
    "archivos_fuente": [
      "Library/Caches/Google/Chrome/Default/Cache/Cache_Data/fcebfdaa20d58f18_0"
    ],
    "ultima_modificacion": "2025-08-01 01:02:03.168393"
  },
  "6db56e6fc70a13370": {
    "app_sintetizada": "6DB56E6FC70A13370",
    "cantidad_archivos": 1,
    "archivos_fuente": [
      "Library/Caches/Google/Chrome/Default/Cache/Cache_Data/6db56e6fc70a1337_0"
    ],
    "ultima_modificacion": "2025-08-01 01:02:03.168636"
  },
  "2db0d6e004ba7a3e0": {
    "app_sintetizada": "2DB0D6E004BA7A3E0",
    "cantidad_archivos": 1,
    "archivos_fuente": [
      "Library/Caches/Google/Chrome/Default/Cache/Cache_Data/2db0d6e004ba7a3e_0"
    ],
    "ultima_modificacion": "2025-08-01 01:02:03.168924"
  },
  "bf7161827c8122ad0": {
    "app_sintetizada": "BF7161827C8122AD0",
    "cantidad_archivos": 1,
    "archivos_fuente": [
      "Library/Caches/Google/Chrome/Default/Cache/Cache_Data/bf7161827c8122ad_0"
    ],
    "ultima_modificacion": "2025-08-01 01:02:03.169197"
  },
  "de3b2772bc07edb60": {
    "app_sintetizada": "DE3B2772BC07EDB60",
    "cantidad_archivos": 1,
    "archivos_fuente": [
      "Library/Caches/Google/Chrome/Default/Cache/Cache_Data/de3b2772bc07edb6_0"
    ],
    "ultima_modificacion": "2025-08-01 01:02:03.169441"
  },
  "db0f864d997ac8a00": {
    "app_sintetizada": "DB0F864D997AC8A00",
    "cantidad_archivos": 1,
    "archivos_fuente": [
      "Library/Caches/Google/Chrome/Default/Cache/Cache_Data/db0f864d997ac8a0_0"
    ],
    "ultima_modificacion": "2025-08-01 01:02:03.169679"
  },
  "eaf6a0e0338e7fba0": {
    "app_sintetizada": "EAF6A0E0338E7FBA0",
    "cantidad_archivos": 1,
    "archivos_fuente": [
      "Library/Caches/Google/Chrome/Default/Cache/Cache_Data/eaf6a0e0338e7fba_0"
    ],
    "ultima_modificacion": "2025-08-01 01:02:03.169888"
  },
  "531fe37361a1a10c0": {
    "app_sintetizada": "531FE37361A1A10C0",
    "cantidad_archivos": 1,
    "archivos_fuente": [
      "Library/Caches/Google/Chrome/Default/Cache/Cache_Data/531fe37361a1a10c_0"
    ],
    "ultima_modificacion": "2025-08-01 01:02:03.170091"
  },
  "c0e17bcc4cc863760": {
    "app_sintetizada": "C0E17BCC4CC863760",
    "cantidad_archivos": 1,
    "archivos_fuente": [
      "Library/Caches/Google/Chrome/Default/Cache/Cache_Data/c0e17bcc4cc86376_0"
    ],
    "ultima_modificacion": "2025-08-01 01:02:03.170295"
  },
  "ee26ee754e2fe97e0": {
    "app_sintetizada": "EE26EE754E2FE97E0",
    "cantidad_archivos": 1,
    "archivos_fuente": [
      "Library/Caches/Google/Chrome/Default/Cache/Cache_Data/ee26ee754e2fe97e_0"
    ],
    "ultima_modificacion": "2025-08-01 01:02:03.170487"
  },
  "2fcc5f14cf50c5370": {
    "app_sintetizada": "2FCC5F14CF50C5370",
    "cantidad_archivos": 1,
    "archivos_fuente": [
      "Library/Caches/Google/Chrome/Default/Cache/Cache_Data/2fcc5f14cf50c537_0"
    ],
    "ultima_modificacion": "2025-08-01 01:02:03.170688"
  },
  "ab7761f03cfb813c0": {
    "app_sintetizada": "AB7761F03CFB813C0",
    "cantidad_archivos": 1,
    "archivos_fuente": [
      "Library/Caches/Google/Chrome/Default/Cache/Cache_Data/ab7761f03cfb813c_0"
    ],
    "ultima_modificacion": "2025-08-01 01:02:03.170933"
  },
  "ea2e73ec5842f3bb0": {
    "app_sintetizada": "EA2E73EC5842F3BB0",
    "cantidad_archivos": 1,
    "archivos_fuente": [
      "Library/Caches/Google/Chrome/Default/Cache/Cache_Data/ea2e73ec5842f3bb_0"
    ],
    "ultima_modificacion": "2025-08-01 01:02:03.171196"
  },
  "28d78348516342fe0": {
    "app_sintetizada": "28D78348516342FE0",
    "cantidad_archivos": 1,
    "archivos_fuente": [
      "Library/Caches/Google/Chrome/Default/Cache/Cache_Data/28d78348516342fe_0"
    ],
    "ultima_modificacion": "2025-08-01 01:02:03.171526"
  },
  "26cda22425b0c9390": {
    "app_sintetizada": "26CDA22425B0C9390",
    "cantidad_archivos": 1,
    "archivos_fuente": [
      "Library/Caches/Google/Chrome/Default/Cache/Cache_Data/26cda22425b0c939_0"
    ],
    "ultima_modificacion": "2025-08-01 01:02:03.171890"
  },
  "f210d725c5706cab0": {
    "app_sintetizada": "F210D725C5706CAB0",
    "cantidad_archivos": 1,
    "archivos_fuente": [
      "Library/Caches/Google/Chrome/Default/Cache/Cache_Data/f210d725c5706cab_0"
    ],
    "ultima_modificacion": "2025-08-01 01:02:03.172280"
  },
  "f65ec3a00394d54a0": {
    "app_sintetizada": "F65EC3A00394D54A0",
    "cantidad_archivos": 1,
    "archivos_fuente": [
      "Library/Caches/Google/Chrome/Default/Cache/Cache_Data/f65ec3a00394d54a_0"
    ],
    "ultima_modificacion": "2025-08-01 01:02:03.172646"
  },
  "01c446ee06522a1b0": {
    "app_sintetizada": "01C446EE06522A1B0",
    "cantidad_archivos": 1,
    "archivos_fuente": [
      "Library/Caches/Google/Chrome/Default/Cache/Cache_Data/01c446ee06522a1b_0"
    ],
    "ultima_modificacion": "2025-08-01 01:02:03.172906"
  },
  "06ec1c2adfae34b10": {
    "app_sintetizada": "06EC1C2ADFAE34B10",
    "cantidad_archivos": 1,
    "archivos_fuente": [
      "Library/Caches/Google/Chrome/Default/Cache/Cache_Data/06ec1c2adfae34b1_0"
    ],
    "ultima_modificacion": "2025-08-01 01:02:03.173160"
  },
  "1c474c39ef49fb9b0": {
    "app_sintetizada": "1C474C39EF49FB9B0",
    "cantidad_archivos": 1,
    "archivos_fuente": [
      "Library/Caches/Google/Chrome/Default/Cache/Cache_Data/1c474c39ef49fb9b_0"
    ],
    "ultima_modificacion": "2025-08-01 01:02:03.173425"
  },
  "faf05c47b093d0a30": {
    "app_sintetizada": "FAF05C47B093D0A30",
    "cantidad_archivos": 1,
    "archivos_fuente": [
      "Library/Caches/Google/Chrome/Default/Cache/Cache_Data/faf05c47b093d0a3_0"
    ],
    "ultima_modificacion": "2025-08-01 01:02:03.173784"
  },
  "16219f313b7ec6a20": {
    "app_sintetizada": "16219F313B7EC6A20",
    "cantidad_archivos": 1,
    "archivos_fuente": [
      "Library/Caches/Google/Chrome/Default/Cache/Cache_Data/16219f313b7ec6a2_0"
    ],
    "ultima_modificacion": "2025-08-01 01:02:03.174057"
  },
  "aaf98ccab9ba18150": {
    "app_sintetizada": "AAF98CCAB9BA18150",
    "cantidad_archivos": 1,
    "archivos_fuente": [
      "Library/Caches/Google/Chrome/Default/Cache/Cache_Data/aaf98ccab9ba1815_0"
    ],
    "ultima_modificacion": "2025-08-01 01:02:03.174325"
  },
  "162020f7c96835730": {
    "app_sintetizada": "162020F7C96835730",
    "cantidad_archivos": 1,
    "archivos_fuente": [
      "Library/Caches/Google/Chrome/Default/Cache/Cache_Data/162020f7c9683573_0"
    ],
    "ultima_modificacion": "2025-08-01 01:02:03.174557"
  },
  "77e8976c0672f8950": {
    "app_sintetizada": "77E8976C0672F8950",
    "cantidad_archivos": 1,
    "archivos_fuente": [
      "Library/Caches/Google/Chrome/Default/Cache/Cache_Data/77e8976c0672f895_0"
    ],
    "ultima_modificacion": "2025-08-01 01:02:03.174793"
  },
  "f7deea625dda1de70": {
    "app_sintetizada": "F7DEEA625DDA1DE70",
    "cantidad_archivos": 1,
    "archivos_fuente": [
      "Library/Caches/Google/Chrome/Default/Cache/Cache_Data/f7deea625dda1de7_0"
    ],
    "ultima_modificacion": "2025-08-01 01:02:03.174996"
  },
  "591a1d49abdb57f10": {
    "app_sintetizada": "591A1D49ABDB57F10",
    "cantidad_archivos": 1,
    "archivos_fuente": [
      "Library/Caches/Google/Chrome/Default/Cache/Cache_Data/591a1d49abdb57f1_0"
    ],
    "ultima_modificacion": "2025-08-01 01:02:03.175189"
  },
  "bec904acf3da20960": {
    "app_sintetizada": "BEC904ACF3DA20960",
    "cantidad_archivos": 1,
    "archivos_fuente": [
      "Library/Caches/Google/Chrome/Default/Cache/Cache_Data/bec904acf3da2096_0"
    ],
    "ultima_modificacion": "2025-08-01 01:02:03.175378"
  },
  "f272db5864994a350": {
    "app_sintetizada": "F272DB5864994A350",
    "cantidad_archivos": 1,
    "archivos_fuente": [
      "Library/Caches/Google/Chrome/Default/Cache/Cache_Data/f272db5864994a35_0"
    ],
    "ultima_modificacion": "2025-08-01 01:02:03.175566"
  },
  "d1e80a59329520200": {
    "app_sintetizada": "D1E80A59329520200",
    "cantidad_archivos": 1,
    "archivos_fuente": [
      "Library/Caches/Google/Chrome/Default/Cache/Cache_Data/d1e80a5932952020_0"
    ],
    "ultima_modificacion": "2025-08-01 01:02:03.175754"
  },
  "0c89d1487db2e1320": {
    "app_sintetizada": "0C89D1487DB2E1320",
    "cantidad_archivos": 1,
    "archivos_fuente": [
      "Library/Caches/Google/Chrome/Default/Cache/Cache_Data/0c89d1487db2e132_0"
    ],
    "ultima_modificacion": "2025-08-01 01:02:03.175959"
  },
  "b555424cc0016d2b0": {
    "app_sintetizada": "B555424CC0016D2B0",
    "cantidad_archivos": 1,
    "archivos_fuente": [
      "Library/Caches/Google/Chrome/Default/Cache/Cache_Data/b555424cc0016d2b_0"
    ],
    "ultima_modificacion": "2025-08-01 01:02:03.176151"
  },
  "9bc34b151dba007d0": {
    "app_sintetizada": "9BC34B151DBA007D0",
    "cantidad_archivos": 1,
    "archivos_fuente": [
      "Library/Caches/Google/Chrome/Default/Cache/Cache_Data/9bc34b151dba007d_0"
    ],
    "ultima_modificacion": "2025-08-01 01:02:03.176351"
  },
  "c7e03e87befda4ba0": {
    "app_sintetizada": "C7E03E87BEFDA4BA0",
    "cantidad_archivos": 1,
    "archivos_fuente": [
      "Library/Caches/Google/Chrome/Default/Cache/Cache_Data/c7e03e87befda4ba_0"
    ],
    "ultima_modificacion": "2025-08-01 01:02:03.176551"
  },
  "5bd14e3fe2892b5b0": {
    "app_sintetizada": "5BD14E3FE2892B5B0",
    "cantidad_archivos": 1,
    "archivos_fuente": [
      "Library/Caches/Google/Chrome/Default/Cache/Cache_Data/5bd14e3fe2892b5b_0"
    ],
    "ultima_modificacion": "2025-08-01 01:02:03.176744"
  },
  "4b42a37dc1c92c4e0": {
    "app_sintetizada": "4B42A37DC1C92C4E0",
    "cantidad_archivos": 1,
    "archivos_fuente": [
      "Library/Caches/Google/Chrome/Default/Cache/Cache_Data/4b42a37dc1c92c4e_0"
    ],
    "ultima_modificacion": "2025-08-01 01:02:03.177031"
  },
  "9fc91c925d24ebb10": {
    "app_sintetizada": "9FC91C925D24EBB10",
    "cantidad_archivos": 1,
    "archivos_fuente": [
      "Library/Caches/Google/Chrome/Default/Cache/Cache_Data/9fc91c925d24ebb1_0"
    ],
    "ultima_modificacion": "2025-08-01 01:02:03.177283"
  },
  "4140515703874cf80": {
    "app_sintetizada": "4140515703874CF80",
    "cantidad_archivos": 1,
    "archivos_fuente": [
      "Library/Caches/Google/Chrome/Default/Cache/Cache_Data/4140515703874cf8_0"
    ],
    "ultima_modificacion": "2025-08-01 01:02:03.177616"
  },
  "680913eae4c98b950": {
    "app_sintetizada": "680913EAE4C98B950",
    "cantidad_archivos": 1,
    "archivos_fuente": [
      "Library/Caches/Google/Chrome/Default/Cache/Cache_Data/680913eae4c98b95_0"
    ],
    "ultima_modificacion": "2025-08-01 01:02:03.177967"
  },
  "0e199221d7a8c3e10": {
    "app_sintetizada": "0E199221D7A8C3E10",
    "cantidad_archivos": 1,
    "archivos_fuente": [
      "Library/Caches/Google/Chrome/Default/Cache/Cache_Data/0e199221d7a8c3e1_0"
    ],
    "ultima_modificacion": "2025-08-01 01:02:03.178234"
  },
  "5330a1c45a0b14fe0": {
    "app_sintetizada": "5330A1C45A0B14FE0",
    "cantidad_archivos": 1,
    "archivos_fuente": [
      "Library/Caches/Google/Chrome/Default/Cache/Cache_Data/5330a1c45a0b14fe_0"
    ],
    "ultima_modificacion": "2025-08-01 01:02:03.178482"
  }
}