{
  "bd67cb32dfd232850": {
    "app_sintetizada": "BD67CB32DFD232850",
    "cantidad_archivos": 1,
    "archivos_fuente": [
      "Library/Caches/Google/Chrome/Default/Cache/Cache_Data/bd67cb32dfd23285_0"
    ],
    "ultima_modificacion": "2025-08-01 01:01:58.339392"
  },
  "8267f89494887a200": {
    "app_sintetizada": "8267F89494887A200",
    "cantidad_archivos": 1,
    "archivos_fuente": [
      "Library/Caches/Google/Chrome/Default/Cache/Cache_Data/8267f89494887a20_0"
    ],
    "ultima_modificacion": "2025-08-01 01:01:58.339665"
  },
  "e68d8bdb5f173dc80": {
    "app_sintetizada": "E68D8BDB5F173DC80",
    "cantidad_archivos": 1,
    "archivos_fuente": [
      "Library/Caches/Google/Chrome/Default/Cache/Cache_Data/e68d8bdb5f173dc8_0"
    ],
    "ultima_modificacion": "2025-08-01 01:01:58.339935"
  },
  "4ac53e0cca2173020": {
    "app_sintetizada": "4AC53E0CCA2173020",
    "cantidad_archivos": 1,
    "archivos_fuente": [
      "Library/Caches/Google/Chrome/Default/Cache/Cache_Data/4ac53e0cca217302_0"
    ],
    "ultima_modificacion": "2025-08-01 01:01:58.340194"
  },
  "f831a6d0a3e5fa9a0": {
    "app_sintetizada": "F831A6D0A3E5FA9A0",
    "cantidad_archivos": 1,
    "archivos_fuente": [
      "Library/Caches/Google/Chrome/Default/Cache/Cache_Data/f831a6d0a3e5fa9a_0"
    ],
    "ultima_modificacion": "2025-08-01 01:01:58.340473"
  },
  "aa806a430b7f90f00": {
    "app_sintetizada": "AA806A430B7F90F00",
    "cantidad_archivos": 1,
    "archivos_fuente": [
      "Library/Caches/Google/Chrome/Default/Cache/Cache_Data/aa806a430b7f90f0_0"
    ],
    "ultima_modificacion": "2025-08-01 01:01:58.340763"
  },
  "80f41cd3c161b9d30": {
    "app_sintetizada": "80F41CD3C161B9D30",
    "cantidad_archivos": 1,
    "archivos_fuente": [
      "Library/Caches/Google/Chrome/Default/Cache/Cache_Data/80f41cd3c161b9d3_0"
    ],
    "ultima_modificacion": "2025-08-01 01:01:58.341045"
  },
  "0e40bf269edc5e790": {
    "app_sintetizada": "0E40BF269EDC5E790",
    "cantidad_archivos": 1,
    "archivos_fuente": [
      "Library/Caches/Google/Chrome/Default/Cache/Cache_Data/0e40bf269edc5e79_0"
    ],
    "ultima_modificacion": "2025-08-01 01:01:58.341331"
  },
  "de852f92ff4d4ef60": {
    "app_sintetizada": "DE852F92FF4D4EF60",
    "cantidad_archivos": 1,
    "archivos_fuente": [
      "Library/Caches/Google/Chrome/Default/Cache/Cache_Data/de852f92ff4d4ef6_0"
    ],
    "ultima_modificacion": "2025-08-01 01:01:58.341628"
  },
  "b1b4bf4bead0dff20": {
    "app_sintetizada": "B1B4BF4BEAD0DFF20",
    "cantidad_archivos": 1,
    "archivos_fuente": [
      "Library/Caches/Google/Chrome/Default/Cache/Cache_Data/b1b4bf4bead0dff2_0"
    ],
    "ultima_modificacion": "2025-08-01 01:01:58.341907"
  },
  "d05cd10108da2e700": {
    "app_sintetizada": "D05CD10108DA2E700",
    "cantidad_archivos": 1,
    "archivos_fuente": [
      "Library/Caches/Google/Chrome/Default/Cache/Cache_Data/d05cd10108da2e70_0"
    ],
    "ultima_modificacion": "2025-08-01 01:01:58.342209"
  },
  "f2c2b351362f32390": {
    "app_sintetizada": "F2C2B351362F32390",
    "cantidad_archivos": 1,
    "archivos_fuente": [
      "Library/Caches/Google/Chrome/Default/Cache/Cache_Data/f2c2b351362f3239_0"
    ],
    "ultima_modificacion": "2025-08-01 01:01:58.342491"
  },
  "7950f551b3ccf4e10": {
    "app_sintetizada": "7950F551B3CCF4E10",
    "cantidad_archivos": 1,
    "archivos_fuente": [
      "Library/Caches/Google/Chrome/Default/Cache/Cache_Data/7950f551b3ccf4e1_0"
    ],
    "ultima_modificacion": "2025-08-01 01:01:58.342777"
  },
  "43069b55440eb8cc0": {
    "app_sintetizada": "43069B55440EB8CC0",
    "cantidad_archivos": 1,
    "archivos_fuente": [
      "Library/Caches/Google/Chrome/Default/Cache/Cache_Data/43069b55440eb8cc_0"
    ],
    "ultima_modificacion": "2025-08-01 01:01:58.343063"
  },
  "7d541fad8c9422be0": {
    "app_sintetizada": "7D541FAD8C9422BE0",
    "cantidad_archivos": 1,
    "archivos_fuente": [
      "Library/Caches/Google/Chrome/Default/Cache/Cache_Data/7d541fad8c9422be_0"
    ],
    "ultima_modificacion": "2025-08-01 01:01:58.343352"
  },
  "3404f9439943541a0": {
    "app_sintetizada": "3404F9439943541A0",
    "cantidad_archivos": 1,
    "archivos_fuente": [
      "Library/Caches/Google/Chrome/Default/Cache/Cache_Data/3404f9439943541a_0"
    ],
    "ultima_modificacion": "2025-08-01 01:01:58.343639"
  },
  "b1a25ec5ce8054b30": {
    "app_sintetizada": "B1A25EC5CE8054B30",
    "cantidad_archivos": 1,
    "archivos_fuente": [
      "Library/Caches/Google/Chrome/Default/Cache/Cache_Data/b1a25ec5ce8054b3_0"
    ],
    "ultima_modificacion": "2025-08-01 01:01:58.344275"
  },
  "9df74b4b4b2b7f660": {
    "app_sintetizada": "9DF74B4B4B2B7F660",
    "cantidad_archivos": 1,
    "archivos_fuente": [
      "Library/Caches/Google/Chrome/Default/Cache/Cache_Data/9df74b4b4b2b7f66_0"
    ],
    "ultima_modificacion": "2025-08-01 01:01:58.344590"
  },
  "4abab3dd64babbae0": {
    "app_sintetizada": "4ABAB3DD64BABBAE0",
    "cantidad_archivos": 1,
    "archivos_fuente": [
      "Library/Caches/Google/Chrome/Default/Cache/Cache_Data/4abab3dd64babbae_0"
    ],
    "ultima_modificacion": "2025-08-01 01:01:58.344921"
  },
  "9ac9f83e5f9443840": {
    "app_sintetizada": "9AC9F83E5F9443840",
    "cantidad_archivos": 1,
    "archivos_fuente": [
      "Library/Caches/Google/Chrome/Default/Cache/Cache_Data/9ac9f83e5f944384_0"
    ],
    "ultima_modificacion": "2025-08-01 01:01:58.345232"
  },
  "6180a1e15be231940": {
    "app_sintetizada": "6180A1E15BE231940",
    "cantidad_archivos": 1,
    "archivos_fuente": [
      "Library/Caches/Google/Chrome/Default/Cache/Cache_Data/6180a1e15be23194_0"
    ],
    "ultima_modificacion": "2025-08-01 01:01:58.345532"
  },
  "e18f6158bb49a84c0": {
    "app_sintetizada": "E18F6158BB49A84C0",
    "cantidad_archivos": 1,
    "archivos_fuente": [
      "Library/Caches/Google/Chrome/Default/Cache/Cache_Data/e18f6158bb49a84c_0"
    ],
    "ultima_modificacion": "2025-08-01 01:01:58.345865"
  },
  "63777bbfcba17c390": {
    "app_sintetizada": "63777BBFCBA17C390",
    "cantidad_archivos": 1,
    "archivos_fuente": [
      "Library/Caches/Google/Chrome/Default/Cache/Cache_Data/63777bbfcba17c39_0"
    ],
    "ultima_modificacion": "2025-08-01 01:01:58.346215"
  },
  "d05d6c818a82f7d30": {
    "app_sintetizada": "D05D6C818A82F7D30",
    "cantidad_archivos": 1,
    "archivos_fuente": [
      "Library/Caches/Google/Chrome/Default/Cache/Cache_Data/d05d6c818a82f7d3_0"
    ],
    "ultima_modificacion": "2025-08-01 01:01:58.346502"
  },
  "a571dd6813b6808b0": {
    "app_sintetizada": "A571DD6813B6808B0",
    "cantidad_archivos": 1,
    "archivos_fuente": [
      "Library/Caches/Google/Chrome/Default/Cache/Cache_Data/a571dd6813b6808b_0"
    ],
    "ultima_modificacion": "2025-08-01 01:01:58.346808"
  },
  "6a4b23d3542452960": {
    "app_sintetizada": "6A4B23D3542452960",
    "cantidad_archivos": 1,
    "archivos_fuente": [
      "Library/Caches/Google/Chrome/Default/Cache/Cache_Data/6a4b23d354245296_0"
    ],
    "ultima_modificacion": "2025-08-01 01:01:58.347127"
  },
  "8f8c5d4ab2e559050": {
    "app_sintetizada": "8F8C5D4AB2E559050",
    "cantidad_archivos": 1,
    "archivos_fuente": [
      "Library/Caches/Google/Chrome/Default/Cache/Cache_Data/8f8c5d4ab2e55905_0"
    ],
    "ultima_modificacion": "2025-08-01 01:01:58.347465"
  },
  "041281da5e02a85d0": {
    "app_sintetizada": "041281DA5E02A85D0",
    "cantidad_archivos": 1,
    "archivos_fuente": [
      "Library/Caches/Google/Chrome/Default/Cache/Cache_Data/041281da5e02a85d_0"
    ],
    "ultima_modificacion": "2025-08-01 01:01:58.347770"
  },
  "05fffcbde53b1f690": {
    "app_sintetizada": "05FFFCBDE53B1F690",
    "cantidad_archivos": 1,
    "archivos_fuente": [
      "Library/Caches/Google/Chrome/Default/Cache/Cache_Data/05fffcbde53b1f69_0"
    ],
    "ultima_modificacion": "2025-08-01 01:01:58.348082"
  },
  "e37f87c00f805a520": {
    "app_sintetizada": "E37F87C00F805A520",
    "cantidad_archivos": 1,
    "archivos_fuente": [
      "Library/Caches/Google/Chrome/Default/Cache/Cache_Data/e37f87c00f805a52_0"
    ],
    "ultima_modificacion": "2025-08-01 01:01:58.348373"
  },
  "bce4c0fd063d0f510": {
    "app_sintetizada": "BCE4C0FD063D0F510",
    "cantidad_archivos": 1,
    "archivos_fuente": [
      "Library/Caches/Google/Chrome/Default/Cache/Cache_Data/bce4c0fd063d0f51_0"
    ],
    "ultima_modificacion": "2025-08-01 01:01:58.348683"
  },
  "bc23d5db4b649c930": {
    "app_sintetizada": "BC23D5DB4B649C930",
    "cantidad_archivos": 1,
    "archivos_fuente": [
      "Library/Caches/Google/Chrome/Default/Cache/Cache_Data/bc23d5db4b649c93_0"
    ],
    "ultima_modificacion": "2025-08-01 01:01:58.348991"
  },
  "6448f3f3b28f3a370": {
    "app_sintetizada": "6448F3F3B28F3A370",
    "cantidad_archivos": 1,
    "archivos_fuente": [
      "Library/Caches/Google/Chrome/Default/Cache/Cache_Data/6448f3f3b28f3a37_0"
    ],
    "ultima_modificacion": "2025-08-01 01:01:58.349319"
  },
  "5b74cdff606f04d30": {
    "app_sintetizada": "5B74CDFF606F04D30",
    "cantidad_archivos": 1,
    "archivos_fuente": [
      "Library/Caches/Google/Chrome/Default/Cache/Cache_Data/5b74cdff606f04d3_0"
    ],
    "ultima_modificacion": "2025-08-01 01:01:58.349670"
  },
  "ec6e21ede79f3df40": {
    "app_sintetizada": "EC6E21EDE79F3DF40",
    "cantidad_archivos": 1,
    "archivos_fuente": [
      "Library/Caches/Google/Chrome/Default/Cache/Cache_Data/ec6e21ede79f3df4_0"
    ],
    "ultima_modificacion": "2025-08-01 01:01:58.350048"
  },
  "b2a03d51219357050": {
    "app_sintetizada": "B2A03D51219357050",
    "cantidad_archivos": 1,
    "archivos_fuente": [
      "Library/Caches/Google/Chrome/Default/Cache/Cache_Data/b2a03d5121935705_0"
    ],
    "ultima_modificacion": "2025-08-01 01:01:58.350557"
  },
  "c54eec18d99e39610": {
    "app_sintetizada": "C54EEC18D99E39610",
    "cantidad_archivos": 1,
    "archivos_fuente": [
      "Library/Caches/Google/Chrome/Default/Cache/Cache_Data/c54eec18d99e3961_0"
    ],
    "ultima_modificacion": "2025-08-01 01:01:58.350878"
  },
  "23fa7a8d545654150": {
    "app_sintetizada": "23FA7A8D545654150",
    "cantidad_archivos": 1,
    "archivos_fuente": [
      "Library/Caches/Google/Chrome/Default/Cache/Cache_Data/23fa7a8d54565415_0"
    ],
    "ultima_modificacion": "2025-08-01 01:01:58.351204"
  },
  "d0e2bd188348afd00": {
    "app_sintetizada": "D0E2BD188348AFD00",
    "cantidad_archivos": 1,
    "archivos_fuente": [
      "Library/Caches/Google/Chrome/Default/Cache/Cache_Data/d0e2bd188348afd0_0"
    ],
    "ultima_modificacion": "2025-08-01 01:01:58.351518"
  },
  "39a56cfbd94b19280": {
    "app_sintetizada": "39A56CFBD94B19280",
    "cantidad_archivos": 1,
    "archivos_fuente": [
      "Library/Caches/Google/Chrome/Default/Cache/Cache_Data/39a56cfbd94b1928_0"
    ],
    "ultima_modificacion": "2025-08-01 01:01:58.351835"
  },
  "affe2b892e3430440": {
    "app_sintetizada": "AFFE2B892E3430440",
    "cantidad_archivos": 1,
    "archivos_fuente": [
      "Library/Caches/Google/Chrome/Default/Cache/Cache_Data/affe2b892e343044_0"
    ],
    "ultima_modificacion": "2025-08-01 01:01:58.352153"
  },
  "d3856ffbec2a85260": {
    "app_sintetizada": "D3856FFBEC2A85260",
    "cantidad_archivos": 1,
    "archivos_fuente": [
      "Library/Caches/Google/Chrome/Default/Cache/Cache_Data/d3856ffbec2a8526_0"
    ],
    "ultima_modificacion": "2025-08-01 01:01:58.352477"
  },
  "9702af0e2bef27080": {
    "app_sintetizada": "9702AF0E2BEF27080",
    "cantidad_archivos": 1,
    "archivos_fuente": [
      "Library/Caches/Google/Chrome/Default/Cache/Cache_Data/9702af0e2bef2708_0"
    ],
    "ultima_modificacion": "2025-08-01 01:01:58.352788"
  },
  "cd65d37c10ab44150": {
    "app_sintetizada": "CD65D37C10AB44150",
    "cantidad_archivos": 1,
    "archivos_fuente": [
      "Library/Caches/Google/Chrome/Default/Cache/Cache_Data/cd65d37c10ab4415_0"
    ],
    "ultima_modificacion": "2025-08-01 01:01:58.353105"
  },
  "3852e858d5f7b82c0": {
    "app_sintetizada": "3852E858D5F7B82C0",
    "cantidad_archivos": 1,
    "archivos_fuente": [
      "Library/Caches/Google/Chrome/Default/Cache/Cache_Data/3852e858d5f7b82c_0"
    ],
    "ultima_modificacion": "2025-08-01 01:01:58.353420"
  },
  "203770cfdacc03470": {
    "app_sintetizada": "203770CFDACC03470",
    "cantidad_archivos": 1,
    "archivos_fuente": [
      "Library/Caches/Google/Chrome/Default/Cache/Cache_Data/203770cfdacc0347_0"
    ],
    "ultima_modificacion": "2025-08-01 01:01:58.353719"
  },
  "20cd79f1b2d3c9530": {
    "app_sintetizada": "20CD79F1B2D3C9530",
    "cantidad_archivos": 1,
    "archivos_fuente": [
      "Library/Caches/Google/Chrome/Default/Cache/Cache_Data/20cd79f1b2d3c953_0"
    ],
    "ultima_modificacion": "2025-08-01 01:01:58.354020"
  },
  "b1fed691a5ca1b910": {
    "app_sintetizada": "B1FED691A5CA1B910",
    "cantidad_archivos": 1,
    "archivos_fuente": [
      "Library/Caches/Google/Chrome/Default/Cache/Cache_Data/b1fed691a5ca1b91_0"
    ],
    "ultima_modificacion": "2025-08-01 01:01:58.354303"
  },
  "289603a7a96cfaad0": {
    "app_sintetizada": "289603A7A96CFAAD0",
    "cantidad_archivos": 1,
    "archivos_fuente": [
      "Library/Caches/Google/Chrome/Default/Cache/Cache_Data/289603a7a96cfaad_0"
    ],
    "ultima_modificacion": "2025-08-01 01:01:58.354602"
  },
  "2e382d7bda2f00750": {
    "app_sintetizada": "2E382D7BDA2F00750",
    "cantidad_archivos": 1,
    "archivos_fuente": [
      "Library/Caches/Google/Chrome/Default/Cache/Cache_Data/2e382d7bda2f0075_0"
    ],
    "ultima_modificacion": "2025-08-01 01:01:58.354940"
  },
  "51ac5c2c185d0b7e0": {
    "app_sintetizada": "51AC5C2C185D0B7E0",
    "cantidad_archivos": 1,
    "archivos_fuente": [
      "Library/Caches/Google/Chrome/Default/Cache/Cache_Data/51ac5c2c185d0b7e_0"
    ],
    "ultima_modificacion": "2025-08-01 01:01:58.355290"
  },
  "6df3e53afadb8df30": {
    "app_sintetizada": "6DF3E53AFADB8DF30",
    "cantidad_archivos": 1,
    "archivos_fuente": [
      "Library/Caches/Google/Chrome/Default/Cache/Cache_Data/6df3e53afadb8df3_0"
    ],
    "ultima_modificacion": "2025-08-01 01:01:58.355613"
  },
  "7f10ea4bae82c7930": {
    "app_sintetizada": "7F10EA4BAE82C7930",
    "cantidad_archivos": 1,
    "archivos_fuente": [
      "Library/Caches/Google/Chrome/Default/Cache/Cache_Data/7f10ea4bae82c793_0"
    ],
    "ultima_modificacion": "2025-08-01 01:01:58.355907"
  },
  "d390007efaf8c2b50": {
    "app_sintetizada": "D390007EFAF8C2B50",
    "cantidad_archivos": 1,
    "archivos_fuente": [
      "Library/Caches/Google/Chrome/Default/Cache/Cache_Data/d390007efaf8c2b5_0"
    ],
    "ultima_modificacion": "2025-08-01 01:01:58.356236"
  },
  "009e50450bc94a900": {
    "app_sintetizada": "009E50450BC94A900",
    "cantidad_archivos": 1,
    "archivos_fuente": [
      "Library/Caches/Google/Chrome/Default/Cache/Cache_Data/009e50450bc94a90_0"
    ],
    "ultima_modificacion": "2025-08-01 01:01:58.356564"
  },
  "cbe20cfdf4c646e30": {
    "app_sintetizada": "CBE20CFDF4C646E30",
    "cantidad_archivos": 1,
    "archivos_fuente": [
      "Library/Caches/Google/Chrome/Default/Cache/Cache_Data/cbe20cfdf4c646e3_0"
    ],
    "ultima_modificacion": "2025-08-01 01:01:58.356915"
  },
  "f175549d82b59c8b0": {
    "app_sintetizada": "F175549D82B59C8B0",
    "cantidad_archivos": 1,
    "archivos_fuente": [
      "Library/Caches/Google/Chrome/Default/Cache/Cache_Data/f175549d82b59c8b_0"
    ],
    "ultima_modificacion": "2025-08-01 01:01:58.357259"
  },
  "699dd9e196ac1db60": {
    "app_sintetizada": "699DD9E196AC1DB60",
    "cantidad_archivos": 1,
    "archivos_fuente": [
      "Library/Caches/Google/Chrome/Default/Cache/Cache_Data/699dd9e196ac1db6_0"
    ],
    "ultima_modificacion": "2025-08-01 01:01:58.357620"
  },
  "3c09ac8254d398f40": {
    "app_sintetizada": "3C09AC8254D398F40",
    "cantidad_archivos": 1,
    "archivos_fuente": [
      "Library/Caches/Google/Chrome/Default/Cache/Cache_Data/3c09ac8254d398f4_0"
    ],
    "ultima_modificacion": "2025-08-01 01:01:58.357945"
  },
  "40a952cc3e8ec2730": {
    "app_sintetizada": "40A952CC3E8EC2730",
    "cantidad_archivos": 1,
    "archivos_fuente": [
      "Library/Caches/Google/Chrome/Default/Cache/Cache_Data/40a952cc3e8ec273_0"
    ],
    "ultima_modificacion": "2025-08-01 01:01:58.358281"
  },
  "d86ca7ab7f0736fa0": {
    "app_sintetizada": "D86CA7AB7F0736FA0",
    "cantidad_archivos": 1,
    "archivos_fuente": [
      "Library/Caches/Google/Chrome/Default/Cache/Cache_Data/d86ca7ab7f0736fa_0"
    ],
    "ultima_modificacion": "2025-08-01 01:01:58.358594"
  },
  "00f7d3e44a421e4d0": {
    "app_sintetizada": "00F7D3E44A421E4D0",
    "cantidad_archivos": 1,
    "archivos_fuente": [
      "Library/Caches/Google/Chrome/Default/Cache/Cache_Data/00f7d3e44a421e4d_0"
    ],
    "ultima_modificacion": "2025-08-01 01:01:58.358919"
  },
  "00d3094e7059b3600": {
    "app_sintetizada": "00D3094E7059B3600",
    "cantidad_archivos": 1,
    "archivos_fuente": [
      "Library/Caches/Google/Chrome/Default/Cache/Cache_Data/00d3094e7059b360_0"
    ],
    "ultima_modificacion": "2025-08-01 01:01:58.359261"
  },
  "da16416507d6a4bf0": {
    "app_sintetizada": "DA16416507D6A4BF0",
    "cantidad_archivos": 1,
    "archivos_fuente": [
      "Library/Caches/Google/Chrome/Default/Cache/Cache_Data/da16416507d6a4bf_0"
    ],
    "ultima_modificacion": "2025-08-01 01:01:58.359573"
  },
  "184d78847ce223820": {
    "app_sintetizada": "184D78847CE223820",
    "cantidad_archivos": 1,
    "archivos_fuente": [
      "Library/Caches/Google/Chrome/Default/Cache/Cache_Data/184d78847ce22382_0"
    ],
    "ultima_modificacion": "2025-08-01 01:01:58.359885"
  },
  "08382fe7799ca5ce0": {
    "app_sintetizada": "08382FE7799CA5CE0",
    "cantidad_archivos": 1,
    "archivos_fuente": [
      "Library/Caches/Google/Chrome/Default/Cache/Cache_Data/08382fe7799ca5ce_0"
    ],
    "ultima_modificacion": "2025-08-01 01:01:58.360198"
  },
  "8cc6b33067eaddcd0": {
    "app_sintetizada": "8CC6B33067EADDCD0",
    "cantidad_archivos": 1,
    "archivos_fuente": [
      "Library/Caches/Google/Chrome/Default/Cache/Cache_Data/8cc6b33067eaddcd_0"
    ],
    "ultima_modificacion": "2025-08-01 01:01:58.360541"
  },
  "8b68581a2cd3d9b10": {
    "app_sintetizada": "8B68581A2CD3D9B10",
    "cantidad_archivos": 1,
    "archivos_fuente": [
      "Library/Caches/Google/Chrome/Default/Cache/Cache_Data/8b68581a2cd3d9b1_0"
    ],
    "ultima_modificacion": "2025-08-01 01:01:58.360862"
  },
  "fae010809c7c595c0": {
    "app_sintetizada": "FAE010809C7C595C0",
    "cantidad_archivos": 1,
    "archivos_fuente": [
      "Library/Caches/Google/Chrome/Default/Cache/Cache_Data/fae010809c7c595c_0"
    ],
    "ultima_modificacion": "2025-08-01 01:01:58.361172"
  },
  "22ab1e5b3e3b2a010": {
    "app_sintetizada": "22AB1E5B3E3B2A010",
    "cantidad_archivos": 1,
    "archivos_fuente": [
      "Library/Caches/Google/Chrome/Default/Cache/Cache_Data/22ab1e5b3e3b2a01_0"
    ],
    "ultima_modificacion": "2025-08-01 01:01:58.361475"
  },
  "b1be87fec1cc1cbb0": {
    "app_sintetizada": "B1BE87FEC1CC1CBB0",
    "cantidad_archivos": 1,
    "archivos_fuente": [
      "Library/Caches/Google/Chrome/Default/Cache/Cache_Data/b1be87fec1cc1cbb_0"
    ],
    "ultima_modificacion": "2025-08-01 01:01:58.361808"
  },
  "555021ad4af0c1ff0": {
    "app_sintetizada": "555021AD4AF0C1FF0",
    "cantidad_archivos": 1,
    "archivos_fuente": [
      "Library/Caches/Google/Chrome/Default/Cache/Cache_Data/555021ad4af0c1ff_0"
    ],
    "ultima_modificacion": "2025-08-01 01:01:58.362125"
  },
  "e7f89ac8bcda100b0": {
    "app_sintetizada": "E7F89AC8BCDA100B0",
    "cantidad_archivos": 1,
    "archivos_fuente": [
      "Library/Caches/Google/Chrome/Default/Cache/Cache_Data/e7f89ac8bcda100b_0"
    ],
    "ultima_modificacion": "2025-08-01 01:01:58.362422"
  },
  "ec0f4f416a02a47c0": {
    "app_sintetizada": "EC0F4F416A02A47C0",
    "cantidad_archivos": 1,
    "archivos_fuente": [
      "Library/Caches/Google/Chrome/Default/Cache/Cache_Data/ec0f4f416a02a47c_0"
    ],
    "ultima_modificacion": "2025-08-01 01:01:58.362678"
  },
  "1d98324e816caa380": {
    "app_sintetizada": "1D98324E816CAA380",
    "cantidad_archivos": 1,
    "archivos_fuente": [
      "Library/Caches/Google/Chrome/Default/Cache/Cache_Data/1d98324e816caa38_0"
    ],
    "ultima_modificacion": "2025-08-01 01:01:58.363017"
  },
  "652f0d075856e8b20": {
    "app_sintetizada": "652F0D075856E8B20",
    "cantidad_archivos": 1,
    "archivos_fuente": [
      "Library/Caches/Google/Chrome/Default/Cache/Cache_Data/652f0d075856e8b2_0"
    ],
    "ultima_modificacion": "2025-08-01 01:01:58.363293"
  },
  "b52ccfde591058210": {
    "app_sintetizada": "B52CCFDE591058210",
    "cantidad_archivos": 1,
    "archivos_fuente": [
      "Library/Caches/Google/Chrome/Default/Cache/Cache_Data/b52ccfde59105821_0"
    ],
    "ultima_modificacion": "2025-08-01 01:01:58.363559"
  },
  "805e7efb4276df0b0": {
    "app_sintetizada": "805E7EFB4276DF0B0",
    "cantidad_archivos": 1,
    "archivos_fuente": [
      "Library/Caches/Google/Chrome/Default/Cache/Cache_Data/805e7efb4276df0b_0"
    ],
    "ultima_modificacion": "2025-08-01 01:01:58.363859"
  },
  "6d50c95087f098d90": {
    "app_sintetizada": "6D50C95087F098D90",
    "cantidad_archivos": 1,
    "archivos_fuente": [
      "Library/Caches/Google/Chrome/Default/Cache/Cache_Data/6d50c95087f098d9_0"
    ],
    "ultima_modificacion": "2025-08-01 01:01:58.364121"
  },
  "708366d0266216000": {
    "app_sintetizada": "708366D0266216000",
    "cantidad_archivos": 1,
    "archivos_fuente": [
      "Library/Caches/Google/Chrome/Default/Cache/Cache_Data/708366d026621600_0"
    ],
    "ultima_modificacion": "2025-08-01 01:01:58.364383"
  },
  "253e47e9fda52ced0": {
    "app_sintetizada": "253E47E9FDA52CED0",
    "cantidad_archivos": 1,
    "archivos_fuente": [
      "Library/Caches/Google/Chrome/Default/Cache/Cache_Data/253e47e9fda52ced_0"
    ],
    "ultima_modificacion": "2025-08-01 01:01:58.364642"
  },
  "f6169059d79a61fa0": {
    "app_sintetizada": "F6169059D79A61FA0",
    "cantidad_archivos": 1,
    "archivos_fuente": [
      "Library/Caches/Google/Chrome/Default/Cache/Cache_Data/f6169059d79a61fa_0"
    ],
    "ultima_modificacion": "2025-08-01 01:01:58.364942"
  },
  "4370b44851b38f810": {
    "app_sintetizada": "4370B44851B38F810",
    "cantidad_archivos": 1,
    "archivos_fuente": [
      "Library/Caches/Google/Chrome/Default/Cache/Cache_Data/4370b44851b38f81_0"
    ],
    "ultima_modificacion": "2025-08-01 01:01:58.365203"
  },
  "7ce9ba361fee944e0": {
    "app_sintetizada": "7CE9BA361FEE944E0",
    "cantidad_archivos": 1,
    "archivos_fuente": [
      "Library/Caches/Google/Chrome/Default/Cache/Cache_Data/7ce9ba361fee944e_0"
    ],
    "ultima_modificacion": "2025-08-01 01:01:58.365560"
  },
  "8fa5ee566ed43c840": {
    "app_sintetizada": "8FA5EE566ED43C840",
    "cantidad_archivos": 1,
    "archivos_fuente": [
      "Library/Caches/Google/Chrome/Default/Cache/Cache_Data/8fa5ee566ed43c84_0"
    ],
    "ultima_modificacion": "2025-08-01 01:01:58.365890"
  },
  "b5069aa9a654c3ca0": {
    "app_sintetizada": "B5069AA9A654C3CA0",
    "cantidad_archivos": 1,
    "archivos_fuente": [
      "Library/Caches/Google/Chrome/Default/Cache/Cache_Data/b5069aa9a654c3ca_0"
    ],
    "ultima_modificacion": "2025-08-01 01:01:58.366156"
  },
  "d455f7c1ae1c55ee0": {
    "app_sintetizada": "D455F7C1AE1C55EE0",
    "cantidad_archivos": 1,
    "archivos_fuente": [
      "Library/Caches/Google/Chrome/Default/Cache/Cache_Data/d455f7c1ae1c55ee_0"
    ],
    "ultima_modificacion": "2025-08-01 01:01:58.366461"
  },
  "0f6bdb18bed27f380": {
    "app_sintetizada": "0F6BDB18BED27F380",
    "cantidad_archivos": 1,
    "archivos_fuente": [
      "Library/Caches/Google/Chrome/Default/Cache/Cache_Data/0f6bdb18bed27f38_0"
    ],
    "ultima_modificacion": "2025-08-01 01:01:58.366724"
  },
  "323b10f3db5dfc8a0": {
    "app_sintetizada": "323B10F3DB5DFC8A0",
    "cantidad_archivos": 1,
    "archivos_fuente": [
      "Library/Caches/Google/Chrome/Default/Cache/Cache_Data/323b10f3db5dfc8a_0"
    ],
    "ultima_modificacion": "2025-08-01 01:01:58.366985"
  },
  "b4dc94b0f2a5a2670": {
    "app_sintetizada": "B4DC94B0F2A5A2670",
    "cantidad_archivos": 1,
    "archivos_fuente": [
      "Library/Caches/Google/Chrome/Default/Cache/Cache_Data/b4dc94b0f2a5a267_0"
    ],
    "ultima_modificacion": "2025-08-01 01:01:58.367307"
  },
  "0da33fbe0f15260a0": {
    "app_sintetizada": "0DA33FBE0F15260A0",
    "cantidad_archivos": 1,
    "archivos_fuente": [
      "Library/Caches/Google/Chrome/Default/Cache/Cache_Data/0da33fbe0f15260a_0"
    ],
    "ultima_modificacion": "2025-08-01 01:01:58.367594"
  },
  "efcb5b827b67c2240": {
    "app_sintetizada": "EFCB5B827B67C2240",
    "cantidad_archivos": 1,
    "archivos_fuente": [
      "Library/Caches/Google/Chrome/Default/Cache/Cache_Data/efcb5b827b67c224_0"
    ],
    "ultima_modificacion": "2025-08-01 01:01:58.367847"
  },
  "9d21bd013d46ce460": {
    "app_sintetizada": "9D21BD013D46CE460",
    "cantidad_archivos": 1,
    "archivos_fuente": [
      "Library/Caches/Google/Chrome/Default/Cache/Cache_Data/9d21bd013d46ce46_0"
    ],
    "ultima_modificacion": "2025-08-01 01:01:58.368067"
  },
  "cd80a04d807f49750": {
    "app_sintetizada": "CD80A04D807F49750",
    "cantidad_archivos": 1,
    "archivos_fuente": [
      "Library/Caches/Google/Chrome/Default/Cache/Cache_Data/cd80a04d807f4975_0"
    ],
    "ultima_modificacion": "2025-08-01 01:01:58.368270"
  },
  "a917adb01accfb580": {
    "app_sintetizada": "A917ADB01ACCFB580",
    "cantidad_archivos": 1,
    "archivos_fuente": [
      "Library/Caches/Google/Chrome/Default/Cache/Cache_Data/a917adb01accfb58_0"
    ],
    "ultima_modificacion": "2025-08-01 01:01:58.368468"
  },
  "752c647c4cb059010": {
    "app_sintetizada": "752C647C4CB059010",
    "cantidad_archivos": 1,
    "archivos_fuente": [
      "Library/Caches/Google/Chrome/Default/Cache/Cache_Data/752c647c4cb05901_0"
    ],
    "ultima_modificacion": "2025-08-01 01:01:58.368673"
  },
  "becfb125737c81880": {
    "app_sintetizada": "BECFB125737C81880",
    "cantidad_archivos": 1,
    "archivos_fuente": [
      "Library/Caches/Google/Chrome/Default/Cache/Cache_Data/becfb125737c8188_0"
    ],
    "ultima_modificacion": "2025-08-01 01:01:58.368887"
  },
  "0945b39aff1325920": {
    "app_sintetizada": "0945B39AFF1325920",
    "cantidad_archivos": 1,
    "archivos_fuente": [
      "Library/Caches/Google/Chrome/Default/Cache/Cache_Data/0945b39aff132592_0"
    ],
    "ultima_modificacion": "2025-08-01 01:01:58.369104"
  },
  "69c7ebcfe1ae82700": {
    "app_sintetizada": "69C7EBCFE1AE82700",
    "cantidad_archivos": 1,
    "archivos_fuente": [
      "Library/Caches/Google/Chrome/Default/Cache/Cache_Data/69c7ebcfe1ae8270_0"
    ],
    "ultima_modificacion": "2025-08-01 01:01:58.369317"
  },
  "d77dbbbc90a649b00": {
    "app_sintetizada": "D77DBBBC90A649B00",
    "cantidad_archivos": 1,
    "archivos_fuente": [
      "Library/Caches/Google/Chrome/Default/Cache/Cache_Data/d77dbbbc90a649b0_0"
    ],
    "ultima_modificacion": "2025-08-01 01:01:58.369691"
  }
}