{
  "d3846433251a1ef10": {
    "app_sintetizada": "D3846433251A1EF10",
    "cantidad_archivos": 1,
    "archivos_fuente": [
      "Library/Caches/Google/Chrome/Default/Cache/Cache_Data/d3846433251a1ef1_0"
    ],
    "ultima_modificacion": "2025-08-01 01:02:03.209381"
  },
  "5b16674c859199dc0": {
    "app_sintetizada": "5B16674C859199DC0",
    "cantidad_archivos": 1,
    "archivos_fuente": [
      "Library/Caches/Google/Chrome/Default/Cache/Cache_Data/5b16674c859199dc_0"
    ],
    "ultima_modificacion": "2025-08-01 01:02:03.209675"
  },
  "a8c53f6fde747bc70": {
    "app_sintetizada": "A8C53F6FDE747BC70",
    "cantidad_archivos": 1,
    "archivos_fuente": [
      "Library/Caches/Google/Chrome/Default/Cache/Cache_Data/a8c53f6fde747bc7_0"
    ],
    "ultima_modificacion": "2025-08-01 01:02:03.209987"
  },
  "794534434a94511e0": {
    "app_sintetizada": "794534434A94511E0",
    "cantidad_archivos": 1,
    "archivos_fuente": [
      "Library/Caches/Google/Chrome/Default/Cache/Cache_Data/794534434a94511e_0"
    ],
    "ultima_modificacion": "2025-08-01 01:02:03.210294"
  },
  "99dc0eccf609f6360": {
    "app_sintetizada": "99DC0ECCF609F6360",
    "cantidad_archivos": 1,
    "archivos_fuente": [
      "Library/Caches/Google/Chrome/Default/Cache/Cache_Data/99dc0eccf609f636_0"
    ],
    "ultima_modificacion": "2025-08-01 01:02:03.210610"
  },
  "9d102db64bf289570": {
    "app_sintetizada": "9D102DB64BF289570",
    "cantidad_archivos": 1,
    "archivos_fuente": [
      "Library/Caches/Google/Chrome/Default/Cache/Cache_Data/9d102db64bf28957_0"
    ],
    "ultima_modificacion": "2025-08-01 01:02:03.210936"
  },
  "6c31f1431ff2456d0": {
    "app_sintetizada": "6C31F1431FF2456D0",
    "cantidad_archivos": 1,
    "archivos_fuente": [
      "Library/Caches/Google/Chrome/Default/Cache/Cache_Data/6c31f1431ff2456d_0"
    ],
    "ultima_modificacion": "2025-08-01 01:02:03.211256"
  },
  "4651b95e0753d2d20": {
    "app_sintetizada": "4651B95E0753D2D20",
    "cantidad_archivos": 1,
    "archivos_fuente": [
      "Library/Caches/Google/Chrome/Default/Cache/Cache_Data/4651b95e0753d2d2_0"
    ],
    "ultima_modificacion": "2025-08-01 01:02:03.211564"
  },
  "8cafaf80ae1ae5f40": {
    "app_sintetizada": "8CAFAF80AE1AE5F40",
    "cantidad_archivos": 1,
    "archivos_fuente": [
      "Library/Caches/Google/Chrome/Default/Cache/Cache_Data/8cafaf80ae1ae5f4_0"
    ],
    "ultima_modificacion": "2025-08-01 01:02:03.211908"
  },
  "a3fa0fcebb5173070": {
    "app_sintetizada": "A3FA0FCEBB5173070",
    "cantidad_archivos": 1,
    "archivos_fuente": [
      "Library/Caches/Google/Chrome/Default/Cache/Cache_Data/a3fa0fcebb517307_0"
    ],
    "ultima_modificacion": "2025-08-01 01:02:03.212247"
  },
  "3653bcbfd2e1d3040": {
    "app_sintetizada": "3653BCBFD2E1D3040",
    "cantidad_archivos": 1,
    "archivos_fuente": [
      "Library/Caches/Google/Chrome/Default/Cache/Cache_Data/3653bcbfd2e1d304_0"
    ],
    "ultima_modificacion": "2025-08-01 01:02:03.212686"
  },
  "f715c83d0bc4d2e30": {
    "app_sintetizada": "F715C83D0BC4D2E30",
    "cantidad_archivos": 1,
    "archivos_fuente": [
      "Library/Caches/Google/Chrome/Default/Cache/Cache_Data/f715c83d0bc4d2e3_0"
    ],
    "ultima_modificacion": "2025-08-01 01:02:03.213103"
  },
  "ca45ed852476c3260": {
    "app_sintetizada": "CA45ED852476C3260",
    "cantidad_archivos": 1,
    "archivos_fuente": [
      "Library/Caches/Google/Chrome/Default/Cache/Cache_Data/ca45ed852476c326_0"
    ],
    "ultima_modificacion": "2025-08-01 01:02:03.213379"
  },
  "2cc3b78a888a206d0": {
    "app_sintetizada": "2CC3B78A888A206D0",
    "cantidad_archivos": 1,
    "archivos_fuente": [
      "Library/Caches/Google/Chrome/Default/Cache/Cache_Data/2cc3b78a888a206d_0"
    ],
    "ultima_modificacion": "2025-08-01 01:02:03.213704"
  },
  "ff51edbe623559810": {
    "app_sintetizada": "FF51EDBE623559810",
    "cantidad_archivos": 1,
    "archivos_fuente": [
      "Library/Caches/Google/Chrome/Default/Cache/Cache_Data/ff51edbe62355981_0"
    ],
    "ultima_modificacion": "2025-08-01 01:02:03.213977"
  },
  "1a60b9ec85dd1ca40": {
    "app_sintetizada": "1A60B9EC85DD1CA40",
    "cantidad_archivos": 1,
    "archivos_fuente": [
      "Library/Caches/Google/Chrome/Default/Cache/Cache_Data/1a60b9ec85dd1ca4_0"
    ],
    "ultima_modificacion": "2025-08-01 01:02:03.214237"
  },
  "89991b0847506a7d0": {
    "app_sintetizada": "89991B0847506A7D0",
    "cantidad_archivos": 1,
    "archivos_fuente": [
      "Library/Caches/Google/Chrome/Default/Cache/Cache_Data/89991b0847506a7d_0"
    ],
    "ultima_modificacion": "2025-08-01 01:02:03.214497"
  },
  "5680c857c838c7560": {
    "app_sintetizada": "5680C857C838C7560",
    "cantidad_archivos": 1,
    "archivos_fuente": [
      "Library/Caches/Google/Chrome/Default/Cache/Cache_Data/5680c857c838c756_0"
    ],
    "ultima_modificacion": "2025-08-01 01:02:03.214768"
  },
  "952e06d3fae61b3c0": {
    "app_sintetizada": "952E06D3FAE61B3C0",
    "cantidad_archivos": 1,
    "archivos_fuente": [
      "Library/Caches/Google/Chrome/Default/Cache/Cache_Data/952e06d3fae61b3c_0"
    ],
    "ultima_modificacion": "2025-08-01 01:02:03.215079"
  },
  "131b7b8716bf7f020": {
    "app_sintetizada": "131B7B8716BF7F020",
    "cantidad_archivos": 1,
    "archivos_fuente": [
      "Library/Caches/Google/Chrome/Default/Cache/Cache_Data/131b7b8716bf7f02_0"
    ],
    "ultima_modificacion": "2025-08-01 01:02:03.215338"
  },
  "6b6699d97c1236fd0": {
    "app_sintetizada": "6B6699D97C1236FD0",
    "cantidad_archivos": 1,
    "archivos_fuente": [
      "Library/Caches/Google/Chrome/Default/Cache/Cache_Data/6b6699d97c1236fd_0"
    ],
    "ultima_modificacion": "2025-08-01 01:02:03.215635"
  },
  "af277e1089eedbcd0": {
    "app_sintetizada": "AF277E1089EEDBCD0",
    "cantidad_archivos": 1,
    "archivos_fuente": [
      "Library/Caches/Google/Chrome/Default/Cache/Cache_Data/af277e1089eedbcd_0"
    ],
    "ultima_modificacion": "2025-08-01 01:02:03.215934"
  },
  "840d1dc0fcdc404c0": {
    "app_sintetizada": "840D1DC0FCDC404C0",
    "cantidad_archivos": 1,
    "archivos_fuente": [
      "Library/Caches/Google/Chrome/Default/Cache/Cache_Data/840d1dc0fcdc404c_0"
    ],
    "ultima_modificacion": "2025-08-01 01:02:03.216342"
  },
  "c1c30e279ad8ceec0": {
    "app_sintetizada": "C1C30E279AD8CEEC0",
    "cantidad_archivos": 1,
    "archivos_fuente": [
      "Library/Caches/Google/Chrome/Default/Cache/Cache_Data/c1c30e279ad8ceec_0"
    ],
    "ultima_modificacion": "2025-08-01 01:02:03.216620"
  },
  "e881cf65ec0926de0": {
    "app_sintetizada": "E881CF65EC0926DE0",
    "cantidad_archivos": 1,
    "archivos_fuente": [
      "Library/Caches/Google/Chrome/Default/Cache/Cache_Data/e881cf65ec0926de_0"
    ],
    "ultima_modificacion": "2025-08-01 01:02:03.216984"
  },
  "eb8f73f5d1a6f89b0": {
    "app_sintetizada": "EB8F73F5D1A6F89B0",
    "cantidad_archivos": 1,
    "archivos_fuente": [
      "Library/Caches/Google/Chrome/Default/Cache/Cache_Data/eb8f73f5d1a6f89b_0"
    ],
    "ultima_modificacion": "2025-08-01 01:02:03.217246"
  },
  "01e2bea343f094be0": {
    "app_sintetizada": "01E2BEA343F094BE0",
    "cantidad_archivos": 1,
    "archivos_fuente": [
      "Library/Caches/Google/Chrome/Default/Cache/Cache_Data/01e2bea343f094be_0"
    ],
    "ultima_modificacion": "2025-08-01 01:02:03.217560"
  },
  "846196626179313c0": {
    "app_sintetizada": "846196626179313C0",
    "cantidad_archivos": 1,
    "archivos_fuente": [
      "Library/Caches/Google/Chrome/Default/Cache/Cache_Data/846196626179313c_0"
    ],
    "ultima_modificacion": "2025-08-01 01:02:03.217819"
  },
  "3391e7e1f9b609470": {
    "app_sintetizada": "3391E7E1F9B609470",
    "cantidad_archivos": 1,
    "archivos_fuente": [
      "Library/Caches/Google/Chrome/Default/Cache/Cache_Data/3391e7e1f9b60947_0"
    ],
    "ultima_modificacion": "2025-08-01 01:02:03.218130"
  },
  "7333213ff4fb05100": {
    "app_sintetizada": "7333213FF4FB05100",
    "cantidad_archivos": 1,
    "archivos_fuente": [
      "Library/Caches/Google/Chrome/Default/Cache/Cache_Data/7333213ff4fb0510_0"
    ],
    "ultima_modificacion": "2025-08-01 01:02:03.218384"
  },
  "0455a1be9830e5d80": {
    "app_sintetizada": "0455A1BE9830E5D80",
    "cantidad_archivos": 1,
    "archivos_fuente": [
      "Library/Caches/Google/Chrome/Default/Cache/Cache_Data/0455a1be9830e5d8_0"
    ],
    "ultima_modificacion": "2025-08-01 01:02:03.218638"
  },
  "74b2fb94318ed4830": {
    "app_sintetizada": "74B2FB94318ED4830",
    "cantidad_archivos": 1,
    "archivos_fuente": [
      "Library/Caches/Google/Chrome/Default/Cache/Cache_Data/74b2fb94318ed483_0"
    ],
    "ultima_modificacion": "2025-08-01 01:02:03.218909"
  },
  "3e19ad7d0b8680290": {
    "app_sintetizada": "3E19AD7D0B8680290",
    "cantidad_archivos": 1,
    "archivos_fuente": [
      "Library/Caches/Google/Chrome/Default/Cache/Cache_Data/3e19ad7d0b868029_0"
    ],
    "ultima_modificacion": "2025-08-01 01:02:03.219196"
  },
  "efe02da31d9549c60": {
    "app_sintetizada": "EFE02DA31D9549C60",
    "cantidad_archivos": 1,
    "archivos_fuente": [
      "Library/Caches/Google/Chrome/Default/Cache/Cache_Data/efe02da31d9549c6_0"
    ],
    "ultima_modificacion": "2025-08-01 01:02:03.219424"
  },
  "a3666549919551360": {
    "app_sintetizada": "A3666549919551360",
    "cantidad_archivos": 1,
    "archivos_fuente": [
      "Library/Caches/Google/Chrome/Default/Cache/Cache_Data/a366654991955136_0"
    ],
    "ultima_modificacion": "2025-08-01 01:02:03.219634"
  },
  "644b8ac6c0e20a2b0": {
    "app_sintetizada": "644B8AC6C0E20A2B0",
    "cantidad_archivos": 1,
    "archivos_fuente": [
      "Library/Caches/Google/Chrome/Default/Cache/Cache_Data/644b8ac6c0e20a2b_0"
    ],
    "ultima_modificacion": "2025-08-01 01:02:03.219837"
  },
  "1b953e2782c2dc6a0": {
    "app_sintetizada": "1B953E2782C2DC6A0",
    "cantidad_archivos": 1,
    "archivos_fuente": [
      "Library/Caches/Google/Chrome/Default/Cache/Cache_Data/1b953e2782c2dc6a_0"
    ],
    "ultima_modificacion": "2025-08-01 01:02:03.220039"
  },
  "0a69ac50c2923eea0": {
    "app_sintetizada": "0A69AC50C2923EEA0",
    "cantidad_archivos": 1,
    "archivos_fuente": [
      "Library/Caches/Google/Chrome/Default/Cache/Cache_Data/0a69ac50c2923eea_0"
    ],
    "ultima_modificacion": "2025-08-01 01:02:03.220332"
  },
  "434a63e8da4deabf0": {
    "app_sintetizada": "434A63E8DA4DEABF0",
    "cantidad_archivos": 1,
    "archivos_fuente": [
      "Library/Caches/Google/Chrome/Default/Cache/Cache_Data/434a63e8da4deabf_0"
    ],
    "ultima_modificacion": "2025-08-01 01:02:03.220679"
  },
  "ea345f491d4f0c3f0": {
    "app_sintetizada": "EA345F491D4F0C3F0",
    "cantidad_archivos": 1,
    "archivos_fuente": [
      "Library/Caches/Google/Chrome/Default/Cache/Cache_Data/ea345f491d4f0c3f_0"
    ],
    "ultima_modificacion": "2025-08-01 01:02:03.221050"
  },
  "f22bf3d3a453576e0": {
    "app_sintetizada": "F22BF3D3A453576E0",
    "cantidad_archivos": 1,
    "archivos_fuente": [
      "Library/Caches/Google/Chrome/Default/Cache/Cache_Data/f22bf3d3a453576e_0"
    ],
    "ultima_modificacion": "2025-08-01 01:02:03.221395"
  },
  "8ee60dcb8e83195a0": {
    "app_sintetizada": "8EE60DCB8E83195A0",
    "cantidad_archivos": 1,
    "archivos_fuente": [
      "Library/Caches/Google/Chrome/Default/Cache/Cache_Data/8ee60dcb8e83195a_0"
    ],
    "ultima_modificacion": "2025-08-01 01:02:03.221650"
  },
  "3fc1f9d7b6771d3e0": {
    "app_sintetizada": "3FC1F9D7B6771D3E0",
    "cantidad_archivos": 1,
    "archivos_fuente": [
      "Library/Caches/Google/Chrome/Default/Cache/Cache_Data/3fc1f9d7b6771d3e_0"
    ],
    "ultima_modificacion": "2025-08-01 01:02:03.221913"
  },
  "cbabc81b5a21c2cb0": {
    "app_sintetizada": "CBABC81B5A21C2CB0",
    "cantidad_archivos": 1,
    "archivos_fuente": [
      "Library/Caches/Google/Chrome/Default/Cache/Cache_Data/cbabc81b5a21c2cb_0"
    ],
    "ultima_modificacion": "2025-08-01 01:02:03.222175"
  },
  "53585adee2e42f310": {
    "app_sintetizada": "53585ADEE2E42F310",
    "cantidad_archivos": 1,
    "archivos_fuente": [
      "Library/Caches/Google/Chrome/Default/Cache/Cache_Data/53585adee2e42f31_0"
    ],
    "ultima_modificacion": "2025-08-01 01:02:03.222468"
  },
  "6fd58292e92d881a0": {
    "app_sintetizada": "6FD58292E92D881A0",
    "cantidad_archivos": 1,
    "archivos_fuente": [
      "Library/Caches/Google/Chrome/Default/Cache/Cache_Data/6fd58292e92d881a_0"
    ],
    "ultima_modificacion": "2025-08-01 01:02:03.222704"
  },
  "0b3e4d74ebeabe270": {
    "app_sintetizada": "0B3E4D74EBEABE270",
    "cantidad_archivos": 1,
    "archivos_fuente": [
      "Library/Caches/Google/Chrome/Default/Cache/Cache_Data/0b3e4d74ebeabe27_0"
    ],
    "ultima_modificacion": "2025-08-01 01:02:03.222940"
  },
  "643ce0224b7165370": {
    "app_sintetizada": "643CE0224B7165370",
    "cantidad_archivos": 1,
    "archivos_fuente": [
      "Library/Caches/Google/Chrome/Default/Cache/Cache_Data/643ce0224b716537_0"
    ],
    "ultima_modificacion": "2025-08-01 01:02:03.223191"
  },
  "88a8a78e95906ebc0": {
    "app_sintetizada": "88A8A78E95906EBC0",
    "cantidad_archivos": 1,
    "archivos_fuente": [
      "Library/Caches/Google/Chrome/Default/Cache/Cache_Data/88a8a78e95906ebc_0"
    ],
    "ultima_modificacion": "2025-08-01 01:02:03.223449"
  },
  "c5d062a724a144be0": {
    "app_sintetizada": "C5D062A724A144BE0",
    "cantidad_archivos": 1,
    "archivos_fuente": [
      "Library/Caches/Google/Chrome/Default/Cache/Cache_Data/c5d062a724a144be_0"
    ],
    "ultima_modificacion": "2025-08-01 01:02:03.223663"
  },
  "ae26d9eb9178f2f00": {
    "app_sintetizada": "AE26D9EB9178F2F00",
    "cantidad_archivos": 1,
    "archivos_fuente": [
      "Library/Caches/Google/Chrome/Default/Cache/Cache_Data/ae26d9eb9178f2f0_0"
    ],
    "ultima_modificacion": "2025-08-01 01:02:03.223879"
  },
  "7b3d9d13ba92e5ca0": {
    "app_sintetizada": "7B3D9D13BA92E5CA0",
    "cantidad_archivos": 1,
    "archivos_fuente": [
      "Library/Caches/Google/Chrome/Default/Cache/Cache_Data/7b3d9d13ba92e5ca_0"
    ],
    "ultima_modificacion": "2025-08-01 01:02:03.224083"
  },
  "3d7ab29694a451500": {
    "app_sintetizada": "3D7AB29694A451500",
    "cantidad_archivos": 1,
    "archivos_fuente": [
      "Library/Caches/Google/Chrome/Default/Cache/Cache_Data/3d7ab29694a45150_0"
    ],
    "ultima_modificacion": "2025-08-01 01:02:03.224272"
  },
  "e81b0d92f8ad8a640": {
    "app_sintetizada": "E81B0D92F8AD8A640",
    "cantidad_archivos": 1,
    "archivos_fuente": [
      "Library/Caches/Google/Chrome/Default/Cache/Cache_Data/e81b0d92f8ad8a64_0"
    ],
    "ultima_modificacion": "2025-08-01 01:02:03.224460"
  },
  "ed4547f2401cad3a0": {
    "app_sintetizada": "ED4547F2401CAD3A0",
    "cantidad_archivos": 1,
    "archivos_fuente": [
      "Library/Caches/Google/Chrome/Default/Cache/Cache_Data/ed4547f2401cad3a_0"
    ],
    "ultima_modificacion": "2025-08-01 01:02:03.224715"
  },
  "3ee3ed7a815995740": {
    "app_sintetizada": "3EE3ED7A815995740",
    "cantidad_archivos": 1,
    "archivos_fuente": [
      "Library/Caches/Google/Chrome/Default/Cache/Cache_Data/3ee3ed7a81599574_0"
    ],
    "ultima_modificacion": "2025-08-01 01:02:03.225006"
  },
  "31a74f2075f05fd80": {
    "app_sintetizada": "31A74F2075F05FD80",
    "cantidad_archivos": 1,
    "archivos_fuente": [
      "Library/Caches/Google/Chrome/Default/Cache/Cache_Data/31a74f2075f05fd8_0"
    ],
    "ultima_modificacion": "2025-08-01 01:02:03.225282"
  },
  "af5d77e4ef79e42f0": {
    "app_sintetizada": "AF5D77E4EF79E42F0",
    "cantidad_archivos": 1,
    "archivos_fuente": [
      "Library/Caches/Google/Chrome/Default/Cache/Cache_Data/af5d77e4ef79e42f_0"
    ],
    "ultima_modificacion": "2025-08-01 01:02:03.225595"
  },
  "efa88848ac1482a00": {
    "app_sintetizada": "EFA88848AC1482A00",
    "cantidad_archivos": 1,
    "archivos_fuente": [
      "Library/Caches/Google/Chrome/Default/Cache/Cache_Data/efa88848ac1482a0_0"
    ],
    "ultima_modificacion": "2025-08-01 01:02:03.225822"
  },
  "1e9d051d0b6464cb0": {
    "app_sintetizada": "1E9D051D0B6464CB0",
    "cantidad_archivos": 1,
    "archivos_fuente": [
      "Library/Caches/Google/Chrome/Default/Cache/Cache_Data/1e9d051d0b6464cb_0"
    ],
    "ultima_modificacion": "2025-08-01 01:02:03.226028"
  },
  "12deceaca33187620": {
    "app_sintetizada": "12DECEACA33187620",
    "cantidad_archivos": 1,
    "archivos_fuente": [
      "Library/Caches/Google/Chrome/Default/Cache/Cache_Data/12deceaca3318762_0"
    ],
    "ultima_modificacion": "2025-08-01 01:02:03.226224"
  },
  "fff9f7782bdf3b740": {
    "app_sintetizada": "FFF9F7782BDF3B740",
    "cantidad_archivos": 1,
    "archivos_fuente": [
      "Library/Caches/Google/Chrome/Default/Cache/Cache_Data/fff9f7782bdf3b74_0"
    ],
    "ultima_modificacion": "2025-08-01 01:02:03.226421"
  },
  "c9f92dfc72a376f70": {
    "app_sintetizada": "C9F92DFC72A376F70",
    "cantidad_archivos": 1,
    "archivos_fuente": [
      "Library/Caches/Google/Chrome/Default/Cache/Cache_Data/c9f92dfc72a376f7_0"
    ],
    "ultima_modificacion": "2025-08-01 01:02:03.226673"
  },
  "c8abb29dcb740f500": {
    "app_sintetizada": "C8ABB29DCB740F500",
    "cantidad_archivos": 1,
    "archivos_fuente": [
      "Library/Caches/Google/Chrome/Default/Cache/Cache_Data/c8abb29dcb740f50_0"
    ],
    "ultima_modificacion": "2025-08-01 01:02:03.226892"
  },
  "aada67a6d4280cda0": {
    "app_sintetizada": "AADA67A6D4280CDA0",
    "cantidad_archivos": 1,
    "archivos_fuente": [
      "Library/Caches/Google/Chrome/Default/Cache/Cache_Data/aada67a6d4280cda_0"
    ],
    "ultima_modificacion": "2025-08-01 01:02:03.227179"
  },
  "5a298935b5d1154f0": {
    "app_sintetizada": "5A298935B5D1154F0",
    "cantidad_archivos": 1,
    "archivos_fuente": [
      "Library/Caches/Google/Chrome/Default/Cache/Cache_Data/5a298935b5d1154f_0"
    ],
    "ultima_modificacion": "2025-08-01 01:02:03.227429"
  },
  "38f7bb30789b5aff0": {
    "app_sintetizada": "38F7BB30789B5AFF0",
    "cantidad_archivos": 1,
    "archivos_fuente": [
      "Library/Caches/Google/Chrome/Default/Cache/Cache_Data/38f7bb30789b5aff_0"
    ],
    "ultima_modificacion": "2025-08-01 01:02:03.227679"
  },
  "540655b19feb1a500": {
    "app_sintetizada": "540655B19FEB1A500",
    "cantidad_archivos": 1,
    "archivos_fuente": [
      "Library/Caches/Google/Chrome/Default/Cache/Cache_Data/540655b19feb1a50_0"
    ],
    "ultima_modificacion": "2025-08-01 01:02:03.227923"
  },
  "2480a0e1aadd24660": {
    "app_sintetizada": "2480A0E1AADD24660",
    "cantidad_archivos": 1,
    "archivos_fuente": [
      "Library/Caches/Google/Chrome/Default/Cache/Cache_Data/2480a0e1aadd2466_0"
    ],
    "ultima_modificacion": "2025-08-01 01:02:03.228171"
  },
  "e49cdaf50d7efb7a0": {
    "app_sintetizada": "E49CDAF50D7EFB7A0",
    "cantidad_archivos": 1,
    "archivos_fuente": [
      "Library/Caches/Google/Chrome/Default/Cache/Cache_Data/e49cdaf50d7efb7a_0"
    ],
    "ultima_modificacion": "2025-08-01 01:02:03.228596"
  },
  "9cbe078738a7f8f00": {
    "app_sintetizada": "9CBE078738A7F8F00",
    "cantidad_archivos": 1,
    "archivos_fuente": [
      "Library/Caches/Google/Chrome/Default/Cache/Cache_Data/9cbe078738a7f8f0_0"
    ],
    "ultima_modificacion": "2025-08-01 01:02:03.228987"
  },
  "6a23f622db14dc9c0": {
    "app_sintetizada": "6A23F622DB14DC9C0",
    "cantidad_archivos": 1,
    "archivos_fuente": [
      "Library/Caches/Google/Chrome/Default/Cache/Cache_Data/6a23f622db14dc9c_0"
    ],
    "ultima_modificacion": "2025-08-01 01:02:03.229250"
  },
  "19bcda47c1eff79e0": {
    "app_sintetizada": "19BCDA47C1EFF79E0",
    "cantidad_archivos": 1,
    "archivos_fuente": [
      "Library/Caches/Google/Chrome/Default/Cache/Cache_Data/19bcda47c1eff79e_0"
    ],
    "ultima_modificacion": "2025-08-01 01:02:03.229512"
  },
  "3f8d0953181b61440": {
    "app_sintetizada": "3F8D0953181B61440",
    "cantidad_archivos": 1,
    "archivos_fuente": [
      "Library/Caches/Google/Chrome/Default/Cache/Cache_Data/3f8d0953181b6144_0"
    ],
    "ultima_modificacion": "2025-08-01 01:02:03.229724"
  },
  "e9dbff3bcd09d66e0": {
    "app_sintetizada": "E9DBFF3BCD09D66E0",
    "cantidad_archivos": 1,
    "archivos_fuente": [
      "Library/Caches/Google/Chrome/Default/Cache/Cache_Data/e9dbff3bcd09d66e_0"
    ],
    "ultima_modificacion": "2025-08-01 01:02:03.229931"
  },
  "b1842017d24324bb0": {
    "app_sintetizada": "B1842017D24324BB0",
    "cantidad_archivos": 1,
    "archivos_fuente": [
      "Library/Caches/Google/Chrome/Default/Cache/Cache_Data/b1842017d24324bb_0"
    ],
    "ultima_modificacion": "2025-08-01 01:02:03.230134"
  },
  "3c5523837d8d00e20": {
    "app_sintetizada": "3C5523837D8D00E20",
    "cantidad_archivos": 1,
    "archivos_fuente": [
      "Library/Caches/Google/Chrome/Default/Cache/Cache_Data/3c5523837d8d00e2_0"
    ],
    "ultima_modificacion": "2025-08-01 01:02:03.230331"
  },
  "1417d18a218eedfc0": {
    "app_sintetizada": "1417D18A218EEDFC0",
    "cantidad_archivos": 1,
    "archivos_fuente": [
      "Library/Caches/Google/Chrome/Default/Cache/Cache_Data/1417d18a218eedfc_0"
    ],
    "ultima_modificacion": "2025-08-01 01:02:03.230533"
  },
  "5f67e45c539c1f900": {
    "app_sintetizada": "5F67E45C539C1F900",
    "cantidad_archivos": 1,
    "archivos_fuente": [
      "Library/Caches/Google/Chrome/Default/Cache/Cache_Data/5f67e45c539c1f90_0"
    ],
    "ultima_modificacion": "2025-08-01 01:02:03.230788"
  },
  "20925bbfe593d42d0": {
    "app_sintetizada": "20925BBFE593D42D0",
    "cantidad_archivos": 1,
    "archivos_fuente": [
      "Library/Caches/Google/Chrome/Default/Cache/Cache_Data/20925bbfe593d42d_0"
    ],
    "ultima_modificacion": "2025-08-01 01:02:03.231105"
  },
  "82077ffc1c1876570": {
    "app_sintetizada": "82077FFC1C1876570",
    "cantidad_archivos": 1,
    "archivos_fuente": [
      "Library/Caches/Google/Chrome/Default/Cache/Cache_Data/82077ffc1c187657_0"
    ],
    "ultima_modificacion": "2025-08-01 01:02:03.231465"
  },
  "ea4be9934cb7b0270": {
    "app_sintetizada": "EA4BE9934CB7B0270",
    "cantidad_archivos": 1,
    "archivos_fuente": [
      "Library/Caches/Google/Chrome/Default/Cache/Cache_Data/ea4be9934cb7b027_0"
    ],
    "ultima_modificacion": "2025-08-01 01:02:03.231783"
  },
  "fa6369dbed082db60": {
    "app_sintetizada": "FA6369DBED082DB60",
    "cantidad_archivos": 1,
    "archivos_fuente": [
      "Library/Caches/Google/Chrome/Default/Cache/Cache_Data/fa6369dbed082db6_0"
    ],
    "ultima_modificacion": "2025-08-01 01:02:03.232110"
  },
  "3cf62a1e9d8da7f20": {
    "app_sintetizada": "3CF62A1E9D8DA7F20",
    "cantidad_archivos": 1,
    "archivos_fuente": [
      "Library/Caches/Google/Chrome/Default/Cache/Cache_Data/3cf62a1e9d8da7f2_0"
    ],
    "ultima_modificacion": "2025-08-01 01:02:03.232391"
  },
  "002e2c15ac9cd71c0": {
    "app_sintetizada": "002E2C15AC9CD71C0",
    "cantidad_archivos": 1,
    "archivos_fuente": [
      "Library/Caches/Google/Chrome/Default/Cache/Cache_Data/002e2c15ac9cd71c_0"
    ],
    "ultima_modificacion": "2025-08-01 01:02:03.232715"
  },
  "dddab7e7864f92330": {
    "app_sintetizada": "DDDAB7E7864F92330",
    "cantidad_archivos": 1,
    "archivos_fuente": [
      "Library/Caches/Google/Chrome/Default/Cache/Cache_Data/dddab7e7864f9233_0"
    ],
    "ultima_modificacion": "2025-08-01 01:02:03.233038"
  },
  "cf7040313d7dd66a0": {
    "app_sintetizada": "CF7040313D7DD66A0",
    "cantidad_archivos": 1,
    "archivos_fuente": [
      "Library/Caches/Google/Chrome/Default/Cache/Cache_Data/cf7040313d7dd66a_0"
    ],
    "ultima_modificacion": "2025-08-01 01:02:03.233386"
  },
  "c875ca3ca6e6bf820": {
    "app_sintetizada": "C875CA3CA6E6BF820",
    "cantidad_archivos": 1,
    "archivos_fuente": [
      "Library/Caches/Google/Chrome/Default/Cache/Cache_Data/c875ca3ca6e6bf82_0"
    ],
    "ultima_modificacion": "2025-08-01 01:02:03.233774"
  },
  "d8db5bca38ce12da0": {
    "app_sintetizada": "D8DB5BCA38CE12DA0",
    "cantidad_archivos": 1,
    "archivos_fuente": [
      "Library/Caches/Google/Chrome/Default/Cache/Cache_Data/d8db5bca38ce12da_0"
    ],
    "ultima_modificacion": "2025-08-01 01:02:03.234128"
  },
  "3b44322b52755e740": {
    "app_sintetizada": "3B44322B52755E740",
    "cantidad_archivos": 1,
    "archivos_fuente": [
      "Library/Caches/Google/Chrome/Default/Cache/Cache_Data/3b44322b52755e74_0"
    ],
    "ultima_modificacion": "2025-08-01 01:02:03.234481"
  },
  "584f401993b9c0820": {
    "app_sintetizada": "584F401993B9C0820",
    "cantidad_archivos": 1,
    "archivos_fuente": [
      "Library/Caches/Google/Chrome/Default/Cache/Cache_Data/584f401993b9c082_0"
    ],
    "ultima_modificacion": "2025-08-01 01:02:03.234892"
  },
  "47c47334f2304df90": {
    "app_sintetizada": "47C47334F2304DF90",
    "cantidad_archivos": 1,
    "archivos_fuente": [
      "Library/Caches/Google/Chrome/Default/Cache/Cache_Data/47c47334f2304df9_0"
    ],
    "ultima_modificacion": "2025-08-01 01:02:03.235300"
  },
  "8ff2a7a95ba92f850": {
    "app_sintetizada": "8FF2A7A95BA92F850",
    "cantidad_archivos": 1,
    "archivos_fuente": [
      "Library/Caches/Google/Chrome/Default/Cache/Cache_Data/8ff2a7a95ba92f85_0"
    ],
    "ultima_modificacion": "2025-08-01 01:02:03.235643"
  },
  "17d73dabf8c8a09b0": {
    "app_sintetizada": "17D73DABF8C8A09B0",
    "cantidad_archivos": 1,
    "archivos_fuente": [
      "Library/Caches/Google/Chrome/Default/Cache/Cache_Data/17d73dabf8c8a09b_0"
    ],
    "ultima_modificacion": "2025-08-01 01:02:03.235875"
  },
  "240f503e0fe5e37f0": {
    "app_sintetizada": "240F503E0FE5E37F0",
    "cantidad_archivos": 1,
    "archivos_fuente": [
      "Library/Caches/Google/Chrome/Default/Cache/Cache_Data/240f503e0fe5e37f_0"
    ],
    "ultima_modificacion": "2025-08-01 01:02:03.236079"
  },
  "ceb1fd5add13db8d0": {
    "app_sintetizada": "CEB1FD5ADD13DB8D0",
    "cantidad_archivos": 1,
    "archivos_fuente": [
      "Library/Caches/Google/Chrome/Default/Cache/Cache_Data/ceb1fd5add13db8d_0"
    ],
    "ultima_modificacion": "2025-08-01 01:02:03.236322"
  },
  "eabea1263b74df740": {
    "app_sintetizada": "EABEA1263B74DF740",
    "cantidad_archivos": 1,
    "archivos_fuente": [
      "Library/Caches/Google/Chrome/Default/Cache/Cache_Data/eabea1263b74df74_0"
    ],
    "ultima_modificacion": "2025-08-01 01:02:03.236644"
  },
  "77c35e0815b5bdce0": {
    "app_sintetizada": "77C35E0815B5BDCE0",
    "cantidad_archivos": 1,
    "archivos_fuente": [
      "Library/Caches/Google/Chrome/Default/Cache/Cache_Data/77c35e0815b5bdce_0"
    ],
    "ultima_modificacion": "2025-08-01 01:02:03.236908"
  },
  "dbd0a077ae2a3ce60": {
    "app_sintetizada": "DBD0A077AE2A3CE60",
    "cantidad_archivos": 1,
    "archivos_fuente": [
      "Library/Caches/Google/Chrome/Default/Cache/Cache_Data/dbd0a077ae2a3ce6_0"
    ],
    "ultima_modificacion": "2025-08-01 01:02:03.237166"
  },
  "f7626917f9d2fd0f0": {
    "app_sintetizada": "F7626917F9D2FD0F0",
    "cantidad_archivos": 1,
    "archivos_fuente": [
      "Library/Caches/Google/Chrome/Default/Cache/Cache_Data/f7626917f9d2fd0f_0"
    ],
    "ultima_modificacion": "2025-08-01 01:02:03.237614"
  }
}