{
  "131bfdb2eee546179ae18571efa1dc32:abperson.abcdp": {
    "app_sintetizada": "131BFDB2EEE546179AE18571EFA1DC32:ABPERSON.ABCDP",
    "cantidad_archivos": 1,
    "archivos_fuente": [
      "Library/Application Support/AddressBook/Sources/09AE88BC-62E0-40DE-B231-E4067BB75204/Metadata/131BFDB2-EEE5-4617-9AE1-8571EFA1DC32:ABPerson.abcdp"
    ],
    "ultima_modificacion": "2025-08-01 01:01:43.850450"
  },
  "998af396310b438e90ed212c34e883f4:abperson.abcdp": {
    "app_sintetizada": "998AF396310B438E90ED212C34E883F4:ABPERSON.ABCDP",
    "cantidad_archivos": 1,
    "archivos_fuente": [
      "Library/Application Support/AddressBook/Sources/09AE88BC-62E0-40DE-B231-E4067BB75204/Metadata/998AF396-310B-438E-90ED-212C34E883F4:ABPerson.abcdp"
    ],
    "ultima_modificacion": "2025-08-01 01:01:43.850745"
  },
  "0c7afdb08cf741969d93a7d8c0d944f5:abperson.abcdp": {
    "app_sintetizada": "0C7AFDB08CF741969D93A7D8C0D944F5:ABPERSON.ABCDP",
    "cantidad_archivos": 1,
    "archivos_fuente": [
      "Library/Application Support/AddressBook/Sources/09AE88BC-62E0-40DE-B231-E4067BB75204/Metadata/0C7AFDB0-8CF7-4196-9D93-A7D8C0D944F5:ABPerson.abcdp"
    ],
    "ultima_modificacion": "2025-08-01 01:01:43.851042"
  },
  "26514304d4544f8a8f8ac64da8e4650a:abperson.abcdp": {
    "app_sintetizada": "26514304D4544F8A8F8AC64DA8E4650A:ABPERSON.ABCDP",
    "cantidad_archivos": 1,
    "archivos_fuente": [
      "Library/Application Support/AddressBook/Sources/09AE88BC-62E0-40DE-B231-E4067BB75204/Metadata/26514304-D454-4F8A-8F8A-C64DA8E4650A:ABPerson.abcdp"
    ],
    "ultima_modificacion": "2025-08-01 01:01:43.851368"
  },
  "20baba3554e745579d590e84c55c366e:abperson.abcdp": {
    "app_sintetizada": "20BABA3554E745579D590E84C55C366E:ABPERSON.ABCDP",
    "cantidad_archivos": 1,
    "archivos_fuente": [
      "Library/Application Support/AddressBook/Sources/09AE88BC-62E0-40DE-B231-E4067BB75204/Metadata/20BABA35-54E7-4557-9D59-0E84C55C366E:ABPerson.abcdp"
    ],
    "ultima_modificacion": "2025-08-01 01:01:43.851677"
  },
  "9db1813a4956410093de3def534be69a:abperson.abcdp": {
    "app_sintetizada": "9DB1813A4956410093DE3DEF534BE69A:ABPERSON.ABCDP",
    "cantidad_archivos": 1,
    "archivos_fuente": [
      "Library/Application Support/AddressBook/Sources/09AE88BC-62E0-40DE-B231-E4067BB75204/Metadata/9DB1813A-4956-4100-93DE-3DEF534BE69A:ABPerson.abcdp"
    ],
    "ultima_modificacion": "2025-08-01 01:01:43.851986"
  },
  "a074a5715cb544639646cfe46c974947:abperson.abcdp": {
    "app_sintetizada": "A074A5715CB544639646CFE46C974947:ABPERSON.ABCDP",
    "cantidad_archivos": 1,
    "archivos_fuente": [
      "Library/Application Support/AddressBook/Sources/09AE88BC-62E0-40DE-B231-E4067BB75204/Metadata/A074A571-5CB5-4463-9646-CFE46C974947:ABPerson.abcdp"
    ],
    "ultima_modificacion": "2025-08-01 01:01:43.852294"
  },
  "0a88daa6a0cd4e0e800521e0cf18c8e1:abperson.abcdp": {
    "app_sintetizada": "0A88DAA6A0CD4E0E800521E0CF18C8E1:ABPERSON.ABCDP",
    "cantidad_archivos": 1,
    "archivos_fuente": [
      "Library/Application Support/AddressBook/Sources/09AE88BC-62E0-40DE-B231-E4067BB75204/Metadata/0A88DAA6-A0CD-4E0E-8005-21E0CF18C8E1:ABPerson.abcdp"
    ],
    "ultima_modificacion": "2025-08-01 01:01:43.852586"
  },
  "2db85954f09d40bc91c0cebb062bd7c8:abperson.abcdp": {
    "app_sintetizada": "2DB85954F09D40BC91C0CEBB062BD7C8:ABPERSON.ABCDP",
    "cantidad_archivos": 1,
    "archivos_fuente": [
      "Library/Application Support/AddressBook/Sources/09AE88BC-62E0-40DE-B231-E4067BB75204/Metadata/2DB85954-F09D-40BC-91C0-CEBB062BD7C8:ABPerson.abcdp"
    ],
    "ultima_modificacion": "2025-08-01 01:01:43.852877"
  },
  "edc9237b8ab344d5b0da31f6d3707d79:abperson.abcdp": {
    "app_sintetizada": "EDC9237B8AB344D5B0DA31F6D3707D79:ABPERSON.ABCDP",
    "cantidad_archivos": 1,
    "archivos_fuente": [
      "Library/Application Support/AddressBook/Sources/09AE88BC-62E0-40DE-B231-E4067BB75204/Metadata/EDC9237B-8AB3-44D5-B0DA-31F6D3707D79:ABPerson.abcdp"
    ],
    "ultima_modificacion": "2025-08-01 01:01:43.853174"
  },
  "2926dbb143fa4c49b15e2d966998dce3:abperson.abcdp": {
    "app_sintetizada": "2926DBB143FA4C49B15E2D966998DCE3:ABPERSON.ABCDP",
    "cantidad_archivos": 1,
    "archivos_fuente": [
      "Library/Application Support/AddressBook/Sources/09AE88BC-62E0-40DE-B231-E4067BB75204/Metadata/2926DBB1-43FA-4C49-B15E-2D966998DCE3:ABPerson.abcdp"
    ],
    "ultima_modificacion": "2025-08-01 01:01:43.853489"
  },
  "5f327c3f97a24c81afcc51efd8274b2a:abperson.abcdp": {
    "app_sintetizada": "5F327C3F97A24C81AFCC51EFD8274B2A:ABPERSON.ABCDP",
    "cantidad_archivos": 1,
    "archivos_fuente": [
      "Library/Application Support/AddressBook/Sources/09AE88BC-62E0-40DE-B231-E4067BB75204/Metadata/5F327C3F-97A2-4C81-AFCC-51EFD8274B2A:ABPerson.abcdp"
    ],
    "ultima_modificacion": "2025-08-01 01:01:43.853798"
  },
  "37cabb5061ee4f0f98c81ed31bb3441d:abperson.abcdp": {
    "app_sintetizada": "37CABB5061EE4F0F98C81ED31BB3441D:ABPERSON.ABCDP",
    "cantidad_archivos": 1,
    "archivos_fuente": [
      "Library/Application Support/AddressBook/Sources/09AE88BC-62E0-40DE-B231-E4067BB75204/Metadata/37CABB50-61EE-4F0F-98C8-1ED31BB3441D:ABPerson.abcdp"
    ],
    "ultima_modificacion": "2025-08-01 01:01:43.854076"
  },
  "6259f3e1ecb046be9dc67fc0243f467f:abperson.abcdp": {
    "app_sintetizada": "6259F3E1ECB046BE9DC67FC0243F467F:ABPERSON.ABCDP",
    "cantidad_archivos": 1,
    "archivos_fuente": [
      "Library/Application Support/AddressBook/Sources/09AE88BC-62E0-40DE-B231-E4067BB75204/Metadata/6259F3E1-ECB0-46BE-9DC6-7FC0243F467F:ABPerson.abcdp"
    ],
    "ultima_modificacion": "2025-08-01 01:01:43.854355"
  },
  "d96d8e0bd4564a10b39af7bda51fc830:abperson.abcdp": {
    "app_sintetizada": "D96D8E0BD4564A10B39AF7BDA51FC830:ABPERSON.ABCDP",
    "cantidad_archivos": 1,
    "archivos_fuente": [
      "Library/Application Support/AddressBook/Sources/09AE88BC-62E0-40DE-B231-E4067BB75204/Metadata/D96D8E0B-D456-4A10-B39A-F7BDA51FC830:ABPerson.abcdp"
    ],
    "ultima_modificacion": "2025-08-01 01:01:43.854664"
  },
  "6ca96f6cb5fc4716968cecaf37845ee4:abperson.abcdp": {
    "app_sintetizada": "6CA96F6CB5FC4716968CECAF37845EE4:ABPERSON.ABCDP",
    "cantidad_archivos": 1,
    "archivos_fuente": [
      "Library/Application Support/AddressBook/Sources/09AE88BC-62E0-40DE-B231-E4067BB75204/Metadata/6CA96F6C-B5FC-4716-968C-ECAF37845EE4:ABPerson.abcdp"
    ],
    "ultima_modificacion": "2025-08-01 01:01:43.854967"
  },
  "c35eb8beb7e44897ba5d6a9f8dd4df99:abperson.abcdp": {
    "app_sintetizada": "C35EB8BEB7E44897BA5D6A9F8DD4DF99:ABPERSON.ABCDP",
    "cantidad_archivos": 1,
    "archivos_fuente": [
      "Library/Application Support/AddressBook/Sources/09AE88BC-62E0-40DE-B231-E4067BB75204/Metadata/C35EB8BE-B7E4-4897-BA5D-6A9F8DD4DF99:ABPerson.abcdp"
    ],
    "ultima_modificacion": "2025-08-01 01:01:43.855304"
  },
  "7906d9c9f7cb440d8d04c48af6c00e47:abperson.abcdp": {
    "app_sintetizada": "7906D9C9F7CB440D8D04C48AF6C00E47:ABPERSON.ABCDP",
    "cantidad_archivos": 1,
    "archivos_fuente": [
      "Library/Application Support/AddressBook/Sources/09AE88BC-62E0-40DE-B231-E4067BB75204/Metadata/7906D9C9-F7CB-440D-8D04-C48AF6C00E47:ABPerson.abcdp"
    ],
    "ultima_modificacion": "2025-08-01 01:01:43.855630"
  },
  "ae8af18fd4bf4ccaa879a3474149e80c:abperson.abcdp": {
    "app_sintetizada": "AE8AF18FD4BF4CCAA879A3474149E80C:ABPERSON.ABCDP",
    "cantidad_archivos": 1,
    "archivos_fuente": [
      "Library/Application Support/AddressBook/Sources/09AE88BC-62E0-40DE-B231-E4067BB75204/Metadata/AE8AF18F-D4BF-4CCA-A879-A3474149E80C:ABPerson.abcdp"
    ],
    "ultima_modificacion": "2025-08-01 01:01:43.855951"
  },
  "40b727f4c01e404d9a335d01ea77bfac:abperson.abcdp": {
    "app_sintetizada": "40B727F4C01E404D9A335D01EA77BFAC:ABPERSON.ABCDP",
    "cantidad_archivos": 1,
    "archivos_fuente": [
      "Library/Application Support/AddressBook/Sources/09AE88BC-62E0-40DE-B231-E4067BB75204/Metadata/40B727F4-C01E-404D-9A33-5D01EA77BFAC:ABPerson.abcdp"
    ],
    "ultima_modificacion": "2025-08-01 01:01:43.856279"
  },
  "76ca4aab7f5b483ab1940e5cd9ce01fb:abperson.abcdp": {
    "app_sintetizada": "76CA4AAB7F5B483AB1940E5CD9CE01FB:ABPERSON.ABCDP",
    "cantidad_archivos": 1,
    "archivos_fuente": [
      "Library/Application Support/AddressBook/Sources/09AE88BC-62E0-40DE-B231-E4067BB75204/Metadata/76CA4AAB-7F5B-483A-B194-0E5CD9CE01FB:ABPerson.abcdp"
    ],
    "ultima_modificacion": "2025-08-01 01:01:43.856622"
  },
  "a9310b92e3fc4f8e968c2e31079fcefd:abperson.abcdp": {
    "app_sintetizada": "A9310B92E3FC4F8E968C2E31079FCEFD:ABPERSON.ABCDP",
    "cantidad_archivos": 1,
    "archivos_fuente": [
      "Library/Application Support/AddressBook/Sources/09AE88BC-62E0-40DE-B231-E4067BB75204/Metadata/A9310B92-E3FC-4F8E-968C-2E31079FCEFD:ABPerson.abcdp"
    ],
    "ultima_modificacion": "2025-08-01 01:01:43.856982"
  },
  "9e6a71bdfa7b43579bafb73211e62af9:abperson.abcdp": {
    "app_sintetizada": "9E6A71BDFA7B43579BAFB73211E62AF9:ABPERSON.ABCDP",
    "cantidad_archivos": 1,
    "archivos_fuente": [
      "Library/Application Support/AddressBook/Sources/09AE88BC-62E0-40DE-B231-E4067BB75204/Metadata/9E6A71BD-FA7B-4357-9BAF-B73211E62AF9:ABPerson.abcdp"
    ],
    "ultima_modificacion": "2025-08-01 01:01:43.857309"
  },
  "ab8e10e499904f26b97720361f5627bf:abperson.abcdp": {
    "app_sintetizada": "AB8E10E499904F26B97720361F5627BF:ABPERSON.ABCDP",
    "cantidad_archivos": 1,
    "archivos_fuente": [
      "Library/Application Support/AddressBook/Sources/09AE88BC-62E0-40DE-B231-E4067BB75204/Metadata/AB8E10E4-9990-4F26-B977-20361F5627BF:ABPerson.abcdp"
    ],
    "ultima_modificacion": "2025-08-01 01:01:43.857648"
  },
  "059c1ed245f74516803cb2a40085b56a:abperson.abcdp": {
    "app_sintetizada": "059C1ED245F74516803CB2A40085B56A:ABPERSON.ABCDP",
    "cantidad_archivos": 1,
    "archivos_fuente": [
      "Library/Application Support/AddressBook/Sources/09AE88BC-62E0-40DE-B231-E4067BB75204/Metadata/059C1ED2-45F7-4516-803C-B2A40085B56A:ABPerson.abcdp"
    ],
    "ultima_modificacion": "2025-08-01 01:01:43.857970"
  },
  "ff9d781d0b6649afb1e560f563679dc3:abperson.abcdp": {
    "app_sintetizada": "FF9D781D0B6649AFB1E560F563679DC3:ABPERSON.ABCDP",
    "cantidad_archivos": 1,
    "archivos_fuente": [
      "Library/Application Support/AddressBook/Sources/09AE88BC-62E0-40DE-B231-E4067BB75204/Metadata/FF9D781D-0B66-49AF-B1E5-60F563679DC3:ABPerson.abcdp"
    ],
    "ultima_modificacion": "2025-08-01 01:01:43.858305"
  },
  "0af038a4220f4a8d8eb478339de87063:abperson.abcdp": {
    "app_sintetizada": "0AF038A4220F4A8D8EB478339DE87063:ABPERSON.ABCDP",
    "cantidad_archivos": 1,
    "archivos_fuente": [
      "Library/Application Support/AddressBook/Sources/09AE88BC-62E0-40DE-B231-E4067BB75204/Metadata/0AF038A4-220F-4A8D-8EB4-78339DE87063:ABPerson.abcdp"
    ],
    "ultima_modificacion": "2025-08-01 01:01:43.858635"
  },
  "064c58bffb13488f9c5af30c882e22d5:abperson.abcdp": {
    "app_sintetizada": "064C58BFFB13488F9C5AF30C882E22D5:ABPERSON.ABCDP",
    "cantidad_archivos": 1,
    "archivos_fuente": [
      "Library/Application Support/AddressBook/Sources/09AE88BC-62E0-40DE-B231-E4067BB75204/Metadata/064C58BF-FB13-488F-9C5A-F30C882E22D5:ABPerson.abcdp"
    ],
    "ultima_modificacion": "2025-08-01 01:01:43.858940"
  },
  "be6402d040ba45aa8b3f7cc6119e699e:abperson.abcdp": {
    "app_sintetizada": "BE6402D040BA45AA8B3F7CC6119E699E:ABPERSON.ABCDP",
    "cantidad_archivos": 1,
    "archivos_fuente": [
      "Library/Application Support/AddressBook/Sources/09AE88BC-62E0-40DE-B231-E4067BB75204/Metadata/BE6402D0-40BA-45AA-8B3F-7CC6119E699E:ABPerson.abcdp"
    ],
    "ultima_modificacion": "2025-08-01 01:01:43.859235"
  },
  "def4660297674ec0a965f6a30a6ab45d:abperson.abcdp": {
    "app_sintetizada": "DEF4660297674EC0A965F6A30A6AB45D:ABPERSON.ABCDP",
    "cantidad_archivos": 1,
    "archivos_fuente": [
      "Library/Application Support/AddressBook/Sources/09AE88BC-62E0-40DE-B231-E4067BB75204/Metadata/DEF46602-9767-4EC0-A965-F6A30A6AB45D:ABPerson.abcdp"
    ],
    "ultima_modificacion": "2025-08-01 01:01:43.859554"
  },
  "6336e8655563494caf9515dfd9cf5d78:abperson.abcdp": {
    "app_sintetizada": "6336E8655563494CAF9515DFD9CF5D78:ABPERSON.ABCDP",
    "cantidad_archivos": 1,
    "archivos_fuente": [
      "Library/Application Support/AddressBook/Sources/09AE88BC-62E0-40DE-B231-E4067BB75204/Metadata/6336E865-5563-494C-AF95-15DFD9CF5D78:ABPerson.abcdp"
    ],
    "ultima_modificacion": "2025-08-01 01:01:43.859903"
  },
  "20f8570312cc40c79a8a0e94edc528d1:abperson.abcdp": {
    "app_sintetizada": "20F8570312CC40C79A8A0E94EDC528D1:ABPERSON.ABCDP",
    "cantidad_archivos": 1,
    "archivos_fuente": [
      "Library/Application Support/AddressBook/Sources/09AE88BC-62E0-40DE-B231-E4067BB75204/Metadata/20F85703-12CC-40C7-9A8A-0E94EDC528D1:ABPerson.abcdp"
    ],
    "ultima_modificacion": "2025-08-01 01:01:43.860225"
  },
  "5583dbc481ea41f8baf7740c1e790e51:abperson.abcdp": {
    "app_sintetizada": "5583DBC481EA41F8BAF7740C1E790E51:ABPERSON.ABCDP",
    "cantidad_archivos": 1,
    "archivos_fuente": [
      "Library/Application Support/AddressBook/Sources/09AE88BC-62E0-40DE-B231-E4067BB75204/Metadata/5583DBC4-81EA-41F8-BAF7-740C1E790E51:ABPerson.abcdp"
    ],
    "ultima_modificacion": "2025-08-01 01:01:43.860556"
  },
  "a6eb14dae5714fd49e0a16d0d3bf2dec:abperson.abcdp": {
    "app_sintetizada": "A6EB14DAE5714FD49E0A16D0D3BF2DEC:ABPERSON.ABCDP",
    "cantidad_archivos": 1,
    "archivos_fuente": [
      "Library/Application Support/AddressBook/Sources/09AE88BC-62E0-40DE-B231-E4067BB75204/Metadata/A6EB14DA-E571-4FD4-9E0A-16D0D3BF2DEC:ABPerson.abcdp"
    ],
    "ultima_modificacion": "2025-08-01 01:01:43.860907"
  },
  "c29f426215ab4a6096823c1b517fb999:abperson.abcdp": {
    "app_sintetizada": "C29F426215AB4A6096823C1B517FB999:ABPERSON.ABCDP",
    "cantidad_archivos": 1,
    "archivos_fuente": [
      "Library/Application Support/AddressBook/Sources/09AE88BC-62E0-40DE-B231-E4067BB75204/Metadata/C29F4262-15AB-4A60-9682-3C1B517FB999:ABPerson.abcdp"
    ],
    "ultima_modificacion": "2025-08-01 01:01:43.861275"
  },
  "5894fb3321144da085f237fcb345a6e6:abperson.abcdp": {
    "app_sintetizada": "5894FB3321144DA085F237FCB345A6E6:ABPERSON.ABCDP",
    "cantidad_archivos": 1,
    "archivos_fuente": [
      "Library/Application Support/AddressBook/Sources/09AE88BC-62E0-40DE-B231-E4067BB75204/Metadata/5894FB33-2114-4DA0-85F2-37FCB345A6E6:ABPerson.abcdp"
    ],
    "ultima_modificacion": "2025-08-01 01:01:43.861570"
  },
  "3141fb4efcf6493287d10c9f421a2e57:abperson.abcdp": {
    "app_sintetizada": "3141FB4EFCF6493287D10C9F421A2E57:ABPERSON.ABCDP",
    "cantidad_archivos": 1,
    "archivos_fuente": [
      "Library/Application Support/AddressBook/Sources/09AE88BC-62E0-40DE-B231-E4067BB75204/Metadata/3141FB4E-FCF6-4932-87D1-0C9F421A2E57:ABPerson.abcdp"
    ],
    "ultima_modificacion": "2025-08-01 01:01:43.861879"
  },
  "f6d0a45581ba4e28b9f803bd81965a55:abperson.abcdp": {
    "app_sintetizada": "F6D0A45581BA4E28B9F803BD81965A55:ABPERSON.ABCDP",
    "cantidad_archivos": 1,
    "archivos_fuente": [
      "Library/Application Support/AddressBook/Sources/09AE88BC-62E0-40DE-B231-E4067BB75204/Metadata/F6D0A455-81BA-4E28-B9F8-03BD81965A55:ABPerson.abcdp"
    ],
    "ultima_modificacion": "2025-08-01 01:01:43.862154"
  },
  "ce15c96bba4b4cf38b53f43b41067907:abperson.abcdp": {
    "app_sintetizada": "CE15C96BBA4B4CF38B53F43B41067907:ABPERSON.ABCDP",
    "cantidad_archivos": 1,
    "archivos_fuente": [
      "Library/Application Support/AddressBook/Sources/09AE88BC-62E0-40DE-B231-E4067BB75204/Metadata/CE15C96B-BA4B-4CF3-8B53-F43B41067907:ABPerson.abcdp"
    ],
    "ultima_modificacion": "2025-08-01 01:01:43.862456"
  },
  "b3b7ee25dba84487a3ca1dbcf4d67534:abperson.abcdp": {
    "app_sintetizada": "B3B7EE25DBA84487A3CA1DBCF4D67534:ABPERSON.ABCDP",
    "cantidad_archivos": 1,
    "archivos_fuente": [
      "Library/Application Support/AddressBook/Sources/09AE88BC-62E0-40DE-B231-E4067BB75204/Metadata/B3B7EE25-DBA8-4487-A3CA-1DBCF4D67534:ABPerson.abcdp"
    ],
    "ultima_modificacion": "2025-08-01 01:01:43.862749"
  },
  "ab6dcba67d714affaac28787226720c3:abperson.abcdp": {
    "app_sintetizada": "AB6DCBA67D714AFFAAC28787226720C3:ABPERSON.ABCDP",
    "cantidad_archivos": 1,
    "archivos_fuente": [
      "Library/Application Support/AddressBook/Sources/09AE88BC-62E0-40DE-B231-E4067BB75204/Metadata/AB6DCBA6-7D71-4AFF-AAC2-8787226720C3:ABPerson.abcdp"
    ],
    "ultima_modificacion": "2025-08-01 01:01:43.863024"
  },
  "60b8b588de54464aadde2fdff3d53a83:abperson.abcdp": {
    "app_sintetizada": "60B8B588DE54464AADDE2FDFF3D53A83:ABPERSON.ABCDP",
    "cantidad_archivos": 1,
    "archivos_fuente": [
      "Library/Application Support/AddressBook/Sources/09AE88BC-62E0-40DE-B231-E4067BB75204/Metadata/60B8B588-DE54-464A-ADDE-2FDFF3D53A83:ABPerson.abcdp"
    ],
    "ultima_modificacion": "2025-08-01 01:01:43.863308"
  },
  "a4e1f18c693642f3aad00df35f851dc9:abperson.abcdp": {
    "app_sintetizada": "A4E1F18C693642F3AAD00DF35F851DC9:ABPERSON.ABCDP",
    "cantidad_archivos": 1,
    "archivos_fuente": [
      "Library/Application Support/AddressBook/Sources/09AE88BC-62E0-40DE-B231-E4067BB75204/Metadata/A4E1F18C-6936-42F3-AAD0-0DF35F851DC9:ABPerson.abcdp"
    ],
    "ultima_modificacion": "2025-08-01 01:01:43.863698"
  },
  "58155dfa61144d7faa37154fae7934d4:abperson.abcdp": {
    "app_sintetizada": "58155DFA61144D7FAA37154FAE7934D4:ABPERSON.ABCDP",
    "cantidad_archivos": 1,
    "archivos_fuente": [
      "Library/Application Support/AddressBook/Sources/09AE88BC-62E0-40DE-B231-E4067BB75204/Metadata/58155DFA-6114-4D7F-AA37-154FAE7934D4:ABPerson.abcdp"
    ],
    "ultima_modificacion": "2025-08-01 01:01:43.863972"
  },
  "47bad525c2e64043a4de8260b52c36e2:abperson.abcdp": {
    "app_sintetizada": "47BAD525C2E64043A4DE8260B52C36E2:ABPERSON.ABCDP",
    "cantidad_archivos": 1,
    "archivos_fuente": [
      "Library/Application Support/AddressBook/Sources/09AE88BC-62E0-40DE-B231-E4067BB75204/Metadata/47BAD525-C2E6-4043-A4DE-8260B52C36E2:ABPerson.abcdp"
    ],
    "ultima_modificacion": "2025-08-01 01:01:43.864298"
  },
  "a57630dd34c7427fbf2955423876fafa:abperson.abcdp": {
    "app_sintetizada": "A57630DD34C7427FBF2955423876FAFA:ABPERSON.ABCDP",
    "cantidad_archivos": 1,
    "archivos_fuente": [
      "Library/Application Support/AddressBook/Sources/09AE88BC-62E0-40DE-B231-E4067BB75204/Metadata/A57630DD-34C7-427F-BF29-55423876FAFA:ABPerson.abcdp"
    ],
    "ultima_modificacion": "2025-08-01 01:01:43.864595"
  },
  "134faf4dd9394ee49d80714541b0d020:abperson.abcdp": {
    "app_sintetizada": "134FAF4DD9394EE49D80714541B0D020:ABPERSON.ABCDP",
    "cantidad_archivos": 1,
    "archivos_fuente": [
      "Library/Application Support/AddressBook/Sources/09AE88BC-62E0-40DE-B231-E4067BB75204/Metadata/134FAF4D-D939-4EE4-9D80-714541B0D020:ABPerson.abcdp"
    ],
    "ultima_modificacion": "2025-08-01 01:01:43.864836"
  },
  "c77a3cb35e4c4e629e4f1c4dbc64fca0:abperson.abcdp": {
    "app_sintetizada": "C77A3CB35E4C4E629E4F1C4DBC64FCA0:ABPERSON.ABCDP",
    "cantidad_archivos": 1,
    "archivos_fuente": [
      "Library/Application Support/AddressBook/Sources/09AE88BC-62E0-40DE-B231-E4067BB75204/Metadata/C77A3CB3-5E4C-4E62-9E4F-1C4DBC64FCA0:ABPerson.abcdp"
    ],
    "ultima_modificacion": "2025-08-01 01:01:43.865074"
  },
  "12648a7ffb804ce185cfb1a4363416f4:abperson.abcdp": {
    "app_sintetizada": "12648A7FFB804CE185CFB1A4363416F4:ABPERSON.ABCDP",
    "cantidad_archivos": 1,
    "archivos_fuente": [
      "Library/Application Support/AddressBook/Sources/09AE88BC-62E0-40DE-B231-E4067BB75204/Metadata/12648A7F-FB80-4CE1-85CF-B1A4363416F4:ABPerson.abcdp"
    ],
    "ultima_modificacion": "2025-08-01 01:01:43.865299"
  },
  "70e5a8b0315b420fb70b7a3a295c1e18:abperson.abcdp": {
    "app_sintetizada": "70E5A8B0315B420FB70B7A3A295C1E18:ABPERSON.ABCDP",
    "cantidad_archivos": 1,
    "archivos_fuente": [
      "Library/Application Support/AddressBook/Sources/09AE88BC-62E0-40DE-B231-E4067BB75204/Metadata/70E5A8B0-315B-420F-B70B-7A3A295C1E18:ABPerson.abcdp"
    ],
    "ultima_modificacion": "2025-08-01 01:01:43.865581"
  },
  "403ebaaa0442440aa895b7bc3b240cc0:abperson.abcdp": {
    "app_sintetizada": "403EBAAA0442440AA895B7BC3B240CC0:ABPERSON.ABCDP",
    "cantidad_archivos": 1,
    "archivos_fuente": [
      "Library/Application Support/AddressBook/Sources/09AE88BC-62E0-40DE-B231-E4067BB75204/Metadata/403EBAAA-0442-440A-A895-B7BC3B240CC0:ABPerson.abcdp"
    ],
    "ultima_modificacion": "2025-08-01 01:01:43.865937"
  },
  "1f100a5e4b194c12bbfa75b4238a399b:abperson.abcdp": {
    "app_sintetizada": "1F100A5E4B194C12BBFA75B4238A399B:ABPERSON.ABCDP",
    "cantidad_archivos": 1,
    "archivos_fuente": [
      "Library/Application Support/AddressBook/Sources/09AE88BC-62E0-40DE-B231-E4067BB75204/Metadata/1F100A5E-4B19-4C12-BBFA-75B4238A399B:ABPerson.abcdp"
    ],
    "ultima_modificacion": "2025-08-01 01:01:43.866230"
  },
  "12e86c0e6f464ae5ba69bc0c35cbf887:abperson.abcdp": {
    "app_sintetizada": "12E86C0E6F464AE5BA69BC0C35CBF887:ABPERSON.ABCDP",
    "cantidad_archivos": 1,
    "archivos_fuente": [
      "Library/Application Support/AddressBook/Sources/09AE88BC-62E0-40DE-B231-E4067BB75204/Metadata/12E86C0E-6F46-4AE5-BA69-BC0C35CBF887:ABPerson.abcdp"
    ],
    "ultima_modificacion": "2025-08-01 01:01:43.866536"
  },
  "939ecbc477e54905a5d47a0a489ddd2f:abperson.abcdp": {
    "app_sintetizada": "939ECBC477E54905A5D47A0A489DDD2F:ABPERSON.ABCDP",
    "cantidad_archivos": 1,
    "archivos_fuente": [
      "Library/Application Support/AddressBook/Sources/09AE88BC-62E0-40DE-B231-E4067BB75204/Metadata/939ECBC4-77E5-4905-A5D4-7A0A489DDD2F:ABPerson.abcdp"
    ],
    "ultima_modificacion": "2025-08-01 01:01:43.866892"
  },
  "95b3838891614a998d745c1571bc1e89:abperson.abcdp": {
    "app_sintetizada": "95B3838891614A998D745C1571BC1E89:ABPERSON.ABCDP",
    "cantidad_archivos": 1,
    "archivos_fuente": [
      "Library/Application Support/AddressBook/Sources/09AE88BC-62E0-40DE-B231-E4067BB75204/Metadata/95B38388-9161-4A99-8D74-5C1571BC1E89:ABPerson.abcdp"
    ],
    "ultima_modificacion": "2025-08-01 01:01:43.867244"
  },
  "f00f3892414d4a2fb9f9f5098783455f:abperson.abcdp": {
    "app_sintetizada": "F00F3892414D4A2FB9F9F5098783455F:ABPERSON.ABCDP",
    "cantidad_archivos": 1,
    "archivos_fuente": [
      "Library/Application Support/AddressBook/Sources/09AE88BC-62E0-40DE-B231-E4067BB75204/Metadata/F00F3892-414D-4A2F-B9F9-F5098783455F:ABPerson.abcdp"
    ],
    "ultima_modificacion": "2025-08-01 01:01:43.867586"
  },
  "ce0316d7a1af4d22b91d29186c68daeb:abperson.abcdp": {
    "app_sintetizada": "CE0316D7A1AF4D22B91D29186C68DAEB:ABPERSON.ABCDP",
    "cantidad_archivos": 1,
    "archivos_fuente": [
      "Library/Application Support/AddressBook/Sources/09AE88BC-62E0-40DE-B231-E4067BB75204/Metadata/CE0316D7-A1AF-4D22-B91D-29186C68DAEB:ABPerson.abcdp"
    ],
    "ultima_modificacion": "2025-08-01 01:01:43.867932"
  },
  "578dd2e7e57c4c2ebd2bb69ef3a54f49:abperson.abcdp": {
    "app_sintetizada": "578DD2E7E57C4C2EBD2BB69EF3A54F49:ABPERSON.ABCDP",
    "cantidad_archivos": 1,
    "archivos_fuente": [
      "Library/Application Support/AddressBook/Sources/09AE88BC-62E0-40DE-B231-E4067BB75204/Metadata/578DD2E7-E57C-4C2E-BD2B-B69EF3A54F49:ABPerson.abcdp"
    ],
    "ultima_modificacion": "2025-08-01 01:01:43.868267"
  },
  "862a00b197e14b598a072aedc068d031:abperson.abcdp": {
    "app_sintetizada": "862A00B197E14B598A072AEDC068D031:ABPERSON.ABCDP",
    "cantidad_archivos": 1,
    "archivos_fuente": [
      "Library/Application Support/AddressBook/Sources/09AE88BC-62E0-40DE-B231-E4067BB75204/Metadata/862A00B1-97E1-4B59-8A07-2AEDC068D031:ABPerson.abcdp"
    ],
    "ultima_modificacion": "2025-08-01 01:01:43.868565"
  },
  "e7b2d8c85cb9441082d21c29cb61ed4d:abperson.abcdp": {
    "app_sintetizada": "E7B2D8C85CB9441082D21C29CB61ED4D:ABPERSON.ABCDP",
    "cantidad_archivos": 1,
    "archivos_fuente": [
      "Library/Application Support/AddressBook/Sources/09AE88BC-62E0-40DE-B231-E4067BB75204/Metadata/E7B2D8C8-5CB9-4410-82D2-1C29CB61ED4D:ABPerson.abcdp"
    ],
    "ultima_modificacion": "2025-08-01 01:01:43.868869"
  },
  "acf9bb19e9ce4c28b57b169c21df477a:abperson.abcdp": {
    "app_sintetizada": "ACF9BB19E9CE4C28B57B169C21DF477A:ABPERSON.ABCDP",
    "cantidad_archivos": 1,
    "archivos_fuente": [
      "Library/Application Support/AddressBook/Sources/09AE88BC-62E0-40DE-B231-E4067BB75204/Metadata/ACF9BB19-E9CE-4C28-B57B-169C21DF477A:ABPerson.abcdp"
    ],
    "ultima_modificacion": "2025-08-01 01:01:43.869114"
  },
  "087a1068b62242b89280acd58c0b1963:abperson.abcdp": {
    "app_sintetizada": "087A1068B62242B89280ACD58C0B1963:ABPERSON.ABCDP",
    "cantidad_archivos": 1,
    "archivos_fuente": [
      "Library/Application Support/AddressBook/Sources/09AE88BC-62E0-40DE-B231-E4067BB75204/Metadata/087A1068-B622-42B8-9280-ACD58C0B1963:ABPerson.abcdp"
    ],
    "ultima_modificacion": "2025-08-01 01:01:43.869350"
  },
  "c1cc44bddd9841149758f273b86fd286:abperson.abcdp": {
    "app_sintetizada": "C1CC44BDDD9841149758F273B86FD286:ABPERSON.ABCDP",
    "cantidad_archivos": 1,
    "archivos_fuente": [
      "Library/Application Support/AddressBook/Sources/09AE88BC-62E0-40DE-B231-E4067BB75204/Metadata/C1CC44BD-DD98-4114-9758-F273B86FD286:ABPerson.abcdp"
    ],
    "ultima_modificacion": "2025-08-01 01:01:43.869562"
  },
  "2ad9f69a2eb4406b9cd4b4e3df0a7b91:abperson.abcdp": {
    "app_sintetizada": "2AD9F69A2EB4406B9CD4B4E3DF0A7B91:ABPERSON.ABCDP",
    "cantidad_archivos": 1,
    "archivos_fuente": [
      "Library/Application Support/AddressBook/Sources/09AE88BC-62E0-40DE-B231-E4067BB75204/Metadata/2AD9F69A-2EB4-406B-9CD4-B4E3DF0A7B91:ABPerson.abcdp"
    ],
    "ultima_modificacion": "2025-08-01 01:01:43.869778"
  },
  "7174abd0d9654ca3a844bc0932fc410e:abperson.abcdp": {
    "app_sintetizada": "7174ABD0D9654CA3A844BC0932FC410E:ABPERSON.ABCDP",
    "cantidad_archivos": 1,
    "archivos_fuente": [
      "Library/Application Support/AddressBook/Sources/09AE88BC-62E0-40DE-B231-E4067BB75204/Metadata/7174ABD0-D965-4CA3-A844-BC0932FC410E:ABPerson.abcdp"
    ],
    "ultima_modificacion": "2025-08-01 01:01:43.870008"
  },
  "113547faab564d43a046df11b7fbb3ed:abperson.abcdp": {
    "app_sintetizada": "113547FAAB564D43A046DF11B7FBB3ED:ABPERSON.ABCDP",
    "cantidad_archivos": 1,
    "archivos_fuente": [
      "Library/Application Support/AddressBook/Sources/09AE88BC-62E0-40DE-B231-E4067BB75204/Metadata/113547FA-AB56-4D43-A046-DF11B7FBB3ED:ABPerson.abcdp"
    ],
    "ultima_modificacion": "2025-08-01 01:01:43.870237"
  },
  "03f9011b041744e98781d96d0b514b62:abperson.abcdp": {
    "app_sintetizada": "03F9011B041744E98781D96D0B514B62:ABPERSON.ABCDP",
    "cantidad_archivos": 1,
    "archivos_fuente": [
      "Library/Application Support/AddressBook/Sources/09AE88BC-62E0-40DE-B231-E4067BB75204/Metadata/03F9011B-0417-44E9-8781-D96D0B514B62:ABPerson.abcdp"
    ],
    "ultima_modificacion": "2025-08-01 01:01:43.870509"
  },
  "a474bf4f1c45488cbc546ac59995eae9:abperson.abcdp": {
    "app_sintetizada": "A474BF4F1C45488CBC546AC59995EAE9:ABPERSON.ABCDP",
    "cantidad_archivos": 1,
    "archivos_fuente": [
      "Library/Application Support/AddressBook/Sources/09AE88BC-62E0-40DE-B231-E4067BB75204/Metadata/A474BF4F-1C45-488C-BC54-6AC59995EAE9:ABPerson.abcdp"
    ],
    "ultima_modificacion": "2025-08-01 01:01:43.870846"
  },
  "ffc3e4d5b5d64af8aa1d2ac918a7636d:abperson.abcdp": {
    "app_sintetizada": "FFC3E4D5B5D64AF8AA1D2AC918A7636D:ABPERSON.ABCDP",
    "cantidad_archivos": 1,
    "archivos_fuente": [
      "Library/Application Support/AddressBook/Sources/09AE88BC-62E0-40DE-B231-E4067BB75204/Metadata/FFC3E4D5-B5D6-4AF8-AA1D-2AC918A7636D:ABPerson.abcdp"
    ],
    "ultima_modificacion": "2025-08-01 01:01:43.871103"
  },
  "4e9d3ef3029647b1a0f228c09b9bef23:abperson.abcdp": {
    "app_sintetizada": "4E9D3EF3029647B1A0F228C09B9BEF23:ABPERSON.ABCDP",
    "cantidad_archivos": 1,
    "archivos_fuente": [
      "Library/Application Support/AddressBook/Sources/09AE88BC-62E0-40DE-B231-E4067BB75204/Metadata/4E9D3EF3-0296-47B1-A0F2-28C09B9BEF23:ABPerson.abcdp"
    ],
    "ultima_modificacion": "2025-08-01 01:01:43.871425"
  },
  "6c4cb9579a7d4dc099d7163804828bcd:abperson.abcdp": {
    "app_sintetizada": "6C4CB9579A7D4DC099D7163804828BCD:ABPERSON.ABCDP",
    "cantidad_archivos": 1,
    "archivos_fuente": [
      "Library/Application Support/AddressBook/Sources/09AE88BC-62E0-40DE-B231-E4067BB75204/Metadata/6C4CB957-9A7D-4DC0-99D7-163804828BCD:ABPerson.abcdp"
    ],
    "ultima_modificacion": "2025-08-01 01:01:43.871734"
  },
  "6bc17b61e131428f9f05b00ceb02142f:abperson.abcdp": {
    "app_sintetizada": "6BC17B61E131428F9F05B00CEB02142F:ABPERSON.ABCDP",
    "cantidad_archivos": 1,
    "archivos_fuente": [
      "Library/Application Support/AddressBook/Sources/09AE88BC-62E0-40DE-B231-E4067BB75204/Metadata/6BC17B61-E131-428F-9F05-B00CEB02142F:ABPerson.abcdp"
    ],
    "ultima_modificacion": "2025-08-01 01:01:43.871997"
  },
  "8cce927ee9014f8a9dbd5e903d2d5bdc:abperson.abcdp": {
    "app_sintetizada": "8CCE927EE9014F8A9DBD5E903D2D5BDC:ABPERSON.ABCDP",
    "cantidad_archivos": 1,
    "archivos_fuente": [
      "Library/Application Support/AddressBook/Sources/09AE88BC-62E0-40DE-B231-E4067BB75204/Metadata/8CCE927E-E901-4F8A-9DBD-5E903D2D5BDC:ABPerson.abcdp"
    ],
    "ultima_modificacion": "2025-08-01 01:01:43.872385"
  },
  "e0d6a2f475cb4ae6b1c2d54813993c7a:abperson.abcdp": {
    "app_sintetizada": "E0D6A2F475CB4AE6B1C2D54813993C7A:ABPERSON.ABCDP",
    "cantidad_archivos": 1,
    "archivos_fuente": [
      "Library/Application Support/AddressBook/Sources/09AE88BC-62E0-40DE-B231-E4067BB75204/Metadata/E0D6A2F4-75CB-4AE6-B1C2-D54813993C7A:ABPerson.abcdp"
    ],
    "ultima_modificacion": "2025-08-01 01:01:43.872669"
  },
  "c3284b2351cd491a9d7bc37b856196ed:abperson.abcdp": {
    "app_sintetizada": "C3284B2351CD491A9D7BC37B856196ED:ABPERSON.ABCDP",
    "cantidad_archivos": 1,
    "archivos_fuente": [
      "Library/Application Support/AddressBook/Sources/09AE88BC-62E0-40DE-B231-E4067BB75204/Metadata/C3284B23-51CD-491A-9D7B-C37B856196ED:ABPerson.abcdp"
    ],
    "ultima_modificacion": "2025-08-01 01:01:43.873060"
  },
  "71508b8b77024476a87b9f63a85e7ce8:abperson.abcdp": {
    "app_sintetizada": "71508B8B77024476A87B9F63A85E7CE8:ABPERSON.ABCDP",
    "cantidad_archivos": 1,
    "archivos_fuente": [
      "Library/Application Support/AddressBook/Sources/09AE88BC-62E0-40DE-B231-E4067BB75204/Metadata/71508B8B-7702-4476-A87B-9F63A85E7CE8:ABPerson.abcdp"
    ],
    "ultima_modificacion": "2025-08-01 01:01:43.873343"
  },
  "6f7d099adcac40db9dbc6429ff9822c2:abperson.abcdp": {
    "app_sintetizada": "6F7D099ADCAC40DB9DBC6429FF9822C2:ABPERSON.ABCDP",
    "cantidad_archivos": 1,
    "archivos_fuente": [
      "Library/Application Support/AddressBook/Sources/09AE88BC-62E0-40DE-B231-E4067BB75204/Metadata/6F7D099A-DCAC-40DB-9DBC-6429FF9822C2:ABPerson.abcdp"
    ],
    "ultima_modificacion": "2025-08-01 01:01:43.873583"
  },
  "6413d9b6cfac4186a7d2783741861a9c:abperson.abcdp": {
    "app_sintetizada": "6413D9B6CFAC4186A7D2783741861A9C:ABPERSON.ABCDP",
    "cantidad_archivos": 1,
    "archivos_fuente": [
      "Library/Application Support/AddressBook/Sources/09AE88BC-62E0-40DE-B231-E4067BB75204/Metadata/6413D9B6-CFAC-4186-A7D2-783741861A9C:ABPerson.abcdp"
    ],
    "ultima_modificacion": "2025-08-01 01:01:43.873805"
  },
  "6ffd23d2892b40c084bb5c91893355d5:abperson.abcdp": {
    "app_sintetizada": "6FFD23D2892B40C084BB5C91893355D5:ABPERSON.ABCDP",
    "cantidad_archivos": 1,
    "archivos_fuente": [
      "Library/Application Support/AddressBook/Sources/09AE88BC-62E0-40DE-B231-E4067BB75204/Metadata/6FFD23D2-892B-40C0-84BB-5C91893355D5:ABPerson.abcdp"
    ],
    "ultima_modificacion": "2025-08-01 01:01:43.874027"
  },
  "5299a4fd5d36455281469254664ee540:abperson.abcdp": {
    "app_sintetizada": "5299A4FD5D36455281469254664EE540:ABPERSON.ABCDP",
    "cantidad_archivos": 1,
    "archivos_fuente": [
      "Library/Application Support/AddressBook/Sources/09AE88BC-62E0-40DE-B231-E4067BB75204/Metadata/5299A4FD-5D36-4552-8146-9254664EE540:ABPerson.abcdp"
    ],
    "ultima_modificacion": "2025-08-01 01:01:43.874264"
  },
  "92bd2b0de45e4a3386a7df6ededd7199:abperson.abcdp": {
    "app_sintetizada": "92BD2B0DE45E4A3386A7DF6EDEDD7199:ABPERSON.ABCDP",
    "cantidad_archivos": 1,
    "archivos_fuente": [
      "Library/Application Support/AddressBook/Sources/09AE88BC-62E0-40DE-B231-E4067BB75204/Metadata/92BD2B0D-E45E-4A33-86A7-DF6EDEDD7199:ABPerson.abcdp"
    ],
    "ultima_modificacion": "2025-08-01 01:01:43.874458"
  },
  "7db3ebb1cdd5414a92f3e7a01b581a03:abperson.abcdp": {
    "app_sintetizada": "7DB3EBB1CDD5414A92F3E7A01B581A03:ABPERSON.ABCDP",
    "cantidad_archivos": 1,
    "archivos_fuente": [
      "Library/Application Support/AddressBook/Sources/09AE88BC-62E0-40DE-B231-E4067BB75204/Metadata/7DB3EBB1-CDD5-414A-92F3-E7A01B581A03:ABPerson.abcdp"
    ],
    "ultima_modificacion": "2025-08-01 01:01:43.874668"
  },
  "08423ef022f64ad0b0724633114e75fa:abperson.abcdp": {
    "app_sintetizada": "08423EF022F64AD0B0724633114E75FA:ABPERSON.ABCDP",
    "cantidad_archivos": 1,
    "archivos_fuente": [
      "Library/Application Support/AddressBook/Sources/09AE88BC-62E0-40DE-B231-E4067BB75204/Metadata/08423EF0-22F6-4AD0-B072-4633114E75FA:ABPerson.abcdp"
    ],
    "ultima_modificacion": "2025-08-01 01:01:43.874862"
  },
  "390ec0b654ed4633af23bf039383343a:abperson.abcdp": {
    "app_sintetizada": "390EC0B654ED4633AF23BF039383343A:ABPERSON.ABCDP",
    "cantidad_archivos": 1,
    "archivos_fuente": [
      "Library/Application Support/AddressBook/Sources/09AE88BC-62E0-40DE-B231-E4067BB75204/Metadata/390EC0B6-54ED-4633-AF23-BF039383343A:ABPerson.abcdp"
    ],
    "ultima_modificacion": "2025-08-01 01:01:43.875051"
  },
  "46c6a106a3c5454d9592023ccad6a8ea:abperson.abcdp": {
    "app_sintetizada": "46C6A106A3C5454D9592023CCAD6A8EA:ABPERSON.ABCDP",
    "cantidad_archivos": 1,
    "archivos_fuente": [
      "Library/Application Support/AddressBook/Sources/09AE88BC-62E0-40DE-B231-E4067BB75204/Metadata/46C6A106-A3C5-454D-9592-023CCAD6A8EA:ABPerson.abcdp"
    ],
    "ultima_modificacion": "2025-08-01 01:01:43.875240"
  },
  "8c196a2dcfde4bf6b5e18ef783c1ffcf:abperson.abcdp": {
    "app_sintetizada": "8C196A2DCFDE4BF6B5E18EF783C1FFCF:ABPERSON.ABCDP",
    "cantidad_archivos": 1,
    "archivos_fuente": [
      "Library/Application Support/AddressBook/Sources/09AE88BC-62E0-40DE-B231-E4067BB75204/Metadata/8C196A2D-CFDE-4BF6-B5E1-8EF783C1FFCF:ABPerson.abcdp"
    ],
    "ultima_modificacion": "2025-08-01 01:01:43.875506"
  },
  "5707cc23e92b470da662ad6bb46552b7:abperson.abcdp": {
    "app_sintetizada": "5707CC23E92B470DA662AD6BB46552B7:ABPERSON.ABCDP",
    "cantidad_archivos": 1,
    "archivos_fuente": [
      "Library/Application Support/AddressBook/Sources/09AE88BC-62E0-40DE-B231-E4067BB75204/Metadata/5707CC23-E92B-470D-A662-AD6BB46552B7:ABPerson.abcdp"
    ],
    "ultima_modificacion": "2025-08-01 01:01:43.875857"
  },
  "e5ff52332dac492e90e4c580fa7498a3:abperson.abcdp": {
    "app_sintetizada": "E5FF52332DAC492E90E4C580FA7498A3:ABPERSON.ABCDP",
    "cantidad_archivos": 1,
    "archivos_fuente": [
      "Library/Application Support/AddressBook/Sources/09AE88BC-62E0-40DE-B231-E4067BB75204/Metadata/E5FF5233-2DAC-492E-90E4-C580FA7498A3:ABPerson.abcdp"
    ],
    "ultima_modificacion": "2025-08-01 01:01:43.876118"
  },
  "960ca4052f28476c9af9a7a23441e683:abperson.abcdp": {
    "app_sintetizada": "960CA4052F28476C9AF9A7A23441E683:ABPERSON.ABCDP",
    "cantidad_archivos": 1,
    "archivos_fuente": [
      "Library/Application Support/AddressBook/Sources/09AE88BC-62E0-40DE-B231-E4067BB75204/Metadata/960CA405-2F28-476C-9AF9-A7A23441E683:ABPerson.abcdp"
    ],
    "ultima_modificacion": "2025-08-01 01:01:43.876332"
  },
  "5eb07b9284c24866a22c0cca1c5342e3:abperson.abcdp": {
    "app_sintetizada": "5EB07B9284C24866A22C0CCA1C5342E3:ABPERSON.ABCDP",
    "cantidad_archivos": 1,
    "archivos_fuente": [
      "Library/Application Support/AddressBook/Sources/09AE88BC-62E0-40DE-B231-E4067BB75204/Metadata/5EB07B92-84C2-4866-A22C-0CCA1C5342E3:ABPerson.abcdp"
    ],
    "ultima_modificacion": "2025-08-01 01:01:43.876548"
  },
  "4f3553a13265469b8bccf51faaa2b033:abperson.abcdp": {
    "app_sintetizada": "4F3553A13265469B8BCCF51FAAA2B033:ABPERSON.ABCDP",
    "cantidad_archivos": 1,
    "archivos_fuente": [
      "Library/Application Support/AddressBook/Sources/09AE88BC-62E0-40DE-B231-E4067BB75204/Metadata/4F3553A1-3265-469B-8BCC-F51FAAA2B033:ABPerson.abcdp"
    ],
    "ultima_modificacion": "2025-08-01 01:01:43.876748"
  },
  "d8abe582856c4a72bc25fb8ed1eb21b9:abperson.abcdp": {
    "app_sintetizada": "D8ABE582856C4A72BC25FB8ED1EB21B9:ABPERSON.ABCDP",
    "cantidad_archivos": 1,
    "archivos_fuente": [
      "Library/Application Support/AddressBook/Sources/09AE88BC-62E0-40DE-B231-E4067BB75204/Metadata/D8ABE582-856C-4A72-BC25-FB8ED1EB21B9:ABPerson.abcdp"
    ],
    "ultima_modificacion": "2025-08-01 01:01:43.876952"
  },
  "c711cb6d4d314986a120d2f839679ca6:abperson.abcdp": {
    "app_sintetizada": "C711CB6D4D314986A120D2F839679CA6:ABPERSON.ABCDP",
    "cantidad_archivos": 1,
    "archivos_fuente": [
      "Library/Application Support/AddressBook/Sources/09AE88BC-62E0-40DE-B231-E4067BB75204/Metadata/C711CB6D-4D31-4986-A120-D2F839679CA6:ABPerson.abcdp"
    ],
    "ultima_modificacion": "2025-08-01 01:01:43.877215"
  },
  "638b177f134445d995c613eed68637b6:abperson.abcdp": {
    "app_sintetizada": "638B177F134445D995C613EED68637B6:ABPERSON.ABCDP",
    "cantidad_archivos": 1,
    "archivos_fuente": [
      "Library/Application Support/AddressBook/Sources/09AE88BC-62E0-40DE-B231-E4067BB75204/Metadata/638B177F-1344-45D9-95C6-13EED68637B6:ABPerson.abcdp"
    ],
    "ultima_modificacion": "2025-08-01 01:01:43.877479"
  },
  "1592173c07b049239f056cb707034906:abperson.abcdp": {
    "app_sintetizada": "1592173C07B049239F056CB707034906:ABPERSON.ABCDP",
    "cantidad_archivos": 1,
    "archivos_fuente": [
      "Library/Application Support/AddressBook/Sources/09AE88BC-62E0-40DE-B231-E4067BB75204/Metadata/1592173C-07B0-4923-9F05-6CB707034906:ABPerson.abcdp"
    ],
    "ultima_modificacion": "2025-08-01 01:01:43.877703"
  },
  "b480d549a02244e18dded08f3a94c6c0:abperson.abcdp": {
    "app_sintetizada": "B480D549A02244E18DDED08F3A94C6C0:ABPERSON.ABCDP",
    "cantidad_archivos": 1,
    "archivos_fuente": [
      "Library/Application Support/AddressBook/Sources/09AE88BC-62E0-40DE-B231-E4067BB75204/Metadata/B480D549-A022-44E1-8DDE-D08F3A94C6C0:ABPerson.abcdp"
    ],
    "ultima_modificacion": "2025-08-01 01:01:43.877913"
  },
  "c7eace2dbcbf4c84bf43af5e240382d9:abperson.abcdp": {
    "app_sintetizada": "C7EACE2DBCBF4C84BF43AF5E240382D9:ABPERSON.ABCDP",
    "cantidad_archivos": 1,
    "archivos_fuente": [
      "Library/Application Support/AddressBook/Sources/09AE88BC-62E0-40DE-B231-E4067BB75204/Metadata/C7EACE2D-BCBF-4C84-BF43-AF5E240382D9:ABPerson.abcdp"
    ],
    "ultima_modificacion": "2025-08-01 01:01:43.878136"
  },
  "bdcae5e1b35a458bad20f0ab22d05c5d:abperson.abcdp": {
    "app_sintetizada": "BDCAE5E1B35A458BAD20F0AB22D05C5D:ABPERSON.ABCDP",
    "cantidad_archivos": 1,
    "archivos_fuente": [
      "Library/Application Support/AddressBook/Sources/09AE88BC-62E0-40DE-B231-E4067BB75204/Metadata/BDCAE5E1-B35A-458B-AD20-F0AB22D05C5D:ABPerson.abcdp"
    ],
    "ultima_modificacion": "2025-08-01 01:01:43.878374"
  },
  "dbd32e2d736349808146260b6a88a7c3:abperson.abcdp": {
    "app_sintetizada": "DBD32E2D736349808146260B6A88A7C3:ABPERSON.ABCDP",
    "cantidad_archivos": 1,
    "archivos_fuente": [
      "Library/Application Support/AddressBook/Sources/09AE88BC-62E0-40DE-B231-E4067BB75204/Metadata/DBD32E2D-7363-4980-8146-260B6A88A7C3:ABPerson.abcdp"
    ],
    "ultima_modificacion": "2025-08-01 01:01:43.878647"
  },
  "099d9860aeef467faf8ed4851248481a:abperson.abcdp": {
    "app_sintetizada": "099D9860AEEF467FAF8ED4851248481A:ABPERSON.ABCDP",
    "cantidad_archivos": 1,
    "archivos_fuente": [
      "Library/Application Support/AddressBook/Sources/09AE88BC-62E0-40DE-B231-E4067BB75204/Metadata/099D9860-AEEF-467F-AF8E-D4851248481A:ABPerson.abcdp"
    ],
    "ultima_modificacion": "2025-08-01 01:01:43.878908"
  }
}