{
  "~wrs{3c3d5985a09c784fa7a72615b32a378e}": {
    "app_sintetizada": "~WRS{3C3D5985A09C784FA7A72615B32A378E}",
    "cantidad_archivos": 1,
    "archivos_fuente": [
      "Library/Containers/com.microsoft.Word/Data/Library/Application Support/Microsoft/Temp/~WRS{3C3D5985-A09C-784F-A7A7-2615B32A378E}"
    ],
    "ultima_modificacion": "2025-08-01 01:01:53.035408"
  },
  "~wrs{0681b6105e36f24d80cc3950979c4435}": {
    "app_sintetizada": "~WRS{0681B6105E36F24D80CC3950979C4435}",
    "cantidad_archivos": 1,
    "archivos_fuente": [
      "Library/Containers/com.microsoft.Word/Data/Library/Application Support/Microsoft/Temp/~WRS{0681B610-5E36-F24D-80CC-3950979C4435}"
    ],
    "ultima_modificacion": "2025-08-01 01:01:53.035674"
  },
  "~wrs{9c1ae26f17ff4742871a4d9fc8ac6e2b}": {
    "app_sintetizada": "~WRS{9C1AE26F17FF4742871A4D9FC8AC6E2B}",
    "cantidad_archivos": 1,
    "archivos_fuente": [
      "Library/Containers/com.microsoft.Word/Data/Library/Application Support/Microsoft/Temp/~WRS{9C1AE26F-17FF-4742-871A-4D9FC8AC6E2B}"
    ],
    "ultima_modificacion": "2025-08-01 01:01:53.035956"
  },
  "~wrs{7b1603376f15ea46b2d09a72d3b34e43}": {
    "app_sintetizada": "~WRS{7B1603376F15EA46B2D09A72D3B34E43}",
    "cantidad_archivos": 1,
    "archivos_fuente": [
      "Library/Containers/com.microsoft.Word/Data/Library/Application Support/Microsoft/Temp/~WRS{7B160337-6F15-EA46-B2D0-9A72D3B34E43}"
    ],
    "ultima_modificacion": "2025-08-01 01:01:53.036276"
  },
  "~wrs{622d2634bbead44ebad843cf0f22fdef}": {
    "app_sintetizada": "~WRS{622D2634BBEAD44EBAD843CF0F22FDEF}",
    "cantidad_archivos": 1,
    "archivos_fuente": [
      "Library/Containers/com.microsoft.Word/Data/Library/Application Support/Microsoft/Temp/~WRS{622D2634-BBEA-D44E-BAD8-43CF0F22FDEF}"
    ],
    "ultima_modificacion": "2025-08-01 01:01:53.036561"
  },
  "~wrs{0e04db916c225845b864f58ee3c1501a}": {
    "app_sintetizada": "~WRS{0E04DB916C225845B864F58EE3C1501A}",
    "cantidad_archivos": 1,
    "archivos_fuente": [
      "Library/Containers/com.microsoft.Word/Data/Library/Application Support/Microsoft/Temp/~WRS{0E04DB91-6C22-5845-B864-F58EE3C1501A}"
    ],
    "ultima_modificacion": "2025-08-01 01:01:53.036852"
  },
  "~wrs{88687f786a88e0479054f8a56eedd64f}": {
    "app_sintetizada": "~WRS{88687F786A88E0479054F8A56EEDD64F}",
    "cantidad_archivos": 1,
    "archivos_fuente": [
      "Library/Containers/com.microsoft.Word/Data/Library/Application Support/Microsoft/Temp/~WRS{88687F78-6A88-E047-9054-F8A56EEDD64F}"
    ],
    "ultima_modificacion": "2025-08-01 01:01:53.037326"
  },
  "~wrs{b273efb9ec9f2b40a84f029484b028aa}": {
    "app_sintetizada": "~WRS{B273EFB9EC9F2B40A84F029484B028AA}",
    "cantidad_archivos": 1,
    "archivos_fuente": [
      "Library/Containers/com.microsoft.Word/Data/Library/Application Support/Microsoft/Temp/~WRS{B273EFB9-EC9F-2B40-A84F-029484B028AA}"
    ],
    "ultima_modificacion": "2025-08-01 01:01:53.037713"
  },
  "~wrs{baaa4c075a9ce74b881642553a22f24b}": {
    "app_sintetizada": "~WRS{BAAA4C075A9CE74B881642553A22F24B}",
    "cantidad_archivos": 1,
    "archivos_fuente": [
      "Library/Containers/com.microsoft.Word/Data/Library/Application Support/Microsoft/Temp/~WRS{BAAA4C07-5A9C-E74B-8816-42553A22F24B}"
    ],
    "ultima_modificacion": "2025-08-01 01:01:53.038096"
  },
  "~wrs{5f78eedc2927394c84feb5ebbdae52d3}": {
    "app_sintetizada": "~WRS{5F78EEDC2927394C84FEB5EBBDAE52D3}",
    "cantidad_archivos": 1,
    "archivos_fuente": [
      "Library/Containers/com.microsoft.Word/Data/Library/Application Support/Microsoft/Temp/~WRS{5F78EEDC-2927-394C-84FE-B5EBBDAE52D3}"
    ],
    "ultima_modificacion": "2025-08-01 01:01:53.038440"
  },
  "~wrs{e21a77998cfdc8499dae749dd33ccd9e}": {
    "app_sintetizada": "~WRS{E21A77998CFDC8499DAE749DD33CCD9E}",
    "cantidad_archivos": 1,
    "archivos_fuente": [
      "Library/Containers/com.microsoft.Word/Data/Library/Application Support/Microsoft/Temp/~WRS{E21A7799-8CFD-C849-9DAE-749DD33CCD9E}"
    ],
    "ultima_modificacion": "2025-08-01 01:01:53.038771"
  },
  "~wrs{d3300539becc0940bd4335ce3e5d2d9a}": {
    "app_sintetizada": "~WRS{D3300539BECC0940BD4335CE3E5D2D9A}",
    "cantidad_archivos": 1,
    "archivos_fuente": [
      "Library/Containers/com.microsoft.Word/Data/Library/Application Support/Microsoft/Temp/~WRS{D3300539-BECC-0940-BD43-35CE3E5D2D9A}"
    ],
    "ultima_modificacion": "2025-08-01 01:01:53.039080"
  },
  "~wrs{2163abf7d39e624694717b4b787285bf}": {
    "app_sintetizada": "~WRS{2163ABF7D39E624694717B4B787285BF}",
    "cantidad_archivos": 1,
    "archivos_fuente": [
      "Library/Containers/com.microsoft.Word/Data/Library/Application Support/Microsoft/Temp/~WRS{2163ABF7-D39E-6246-9471-7B4B787285BF}"
    ],
    "ultima_modificacion": "2025-08-01 01:01:53.039425"
  },
  "~wrs{0892cecf720c784e8a5154282b941582}": {
    "app_sintetizada": "~WRS{0892CECF720C784E8A5154282B941582}",
    "cantidad_archivos": 1,
    "archivos_fuente": [
      "Library/Containers/com.microsoft.Word/Data/Library/Application Support/Microsoft/Temp/~WRS{0892CECF-720C-784E-8A51-54282B941582}"
    ],
    "ultima_modificacion": "2025-08-01 01:01:53.039772"
  },
  "~wrs{95d44dafa5a6994595de0c2e37975852}": {
    "app_sintetizada": "~WRS{95D44DAFA5A6994595DE0C2E37975852}",
    "cantidad_archivos": 1,
    "archivos_fuente": [
      "Library/Containers/com.microsoft.Word/Data/Library/Application Support/Microsoft/Temp/~WRS{95D44DAF-A5A6-9945-95DE-0C2E37975852}"
    ],
    "ultima_modificacion": "2025-08-01 01:01:53.040100"
  },
  "~wrs{dd63df49d7afb84d8cd0690a3f6f7fec}": {
    "app_sintetizada": "~WRS{DD63DF49D7AFB84D8CD0690A3F6F7FEC}",
    "cantidad_archivos": 1,
    "archivos_fuente": [
      "Library/Containers/com.microsoft.Word/Data/Library/Application Support/Microsoft/Temp/~WRS{DD63DF49-D7AF-B84D-8CD0-690A3F6F7FEC}"
    ],
    "ultima_modificacion": "2025-08-01 01:01:53.040440"
  },
  "~wrs{5d83d675c801b54f924fe77a1a350bc7}": {
    "app_sintetizada": "~WRS{5D83D675C801B54F924FE77A1A350BC7}",
    "cantidad_archivos": 1,
    "archivos_fuente": [
      "Library/Containers/com.microsoft.Word/Data/Library/Application Support/Microsoft/Temp/~WRS{5D83D675-C801-B54F-924F-E77A1A350BC7}"
    ],
    "ultima_modificacion": "2025-08-01 01:01:53.040762"
  },
  "~wrs{6bce17c877594c4c8c1b30fcfba9acee}": {
    "app_sintetizada": "~WRS{6BCE17C877594C4C8C1B30FCFBA9ACEE}",
    "cantidad_archivos": 1,
    "archivos_fuente": [
      "Library/Containers/com.microsoft.Word/Data/Library/Application Support/Microsoft/Temp/~WRS{6BCE17C8-7759-4C4C-8C1B-30FCFBA9ACEE}"
    ],
    "ultima_modificacion": "2025-08-01 01:01:53.041107"
  },
  "~wrs{2cf4af361e621847bc8b169d4642e957}": {
    "app_sintetizada": "~WRS{2CF4AF361E621847BC8B169D4642E957}",
    "cantidad_archivos": 1,
    "archivos_fuente": [
      "Library/Containers/com.microsoft.Word/Data/Library/Application Support/Microsoft/Temp/~WRS{2CF4AF36-1E62-1847-BC8B-169D4642E957}"
    ],
    "ultima_modificacion": "2025-08-01 01:01:53.041422"
  },
  "~wrs{da0ba34e812bcc47b49dd225b0aebed0}": {
    "app_sintetizada": "~WRS{DA0BA34E812BCC47B49DD225B0AEBED0}",
    "cantidad_archivos": 1,
    "archivos_fuente": [
      "Library/Containers/com.microsoft.Word/Data/Library/Application Support/Microsoft/Temp/~WRS{DA0BA34E-812B-CC47-B49D-D225B0AEBED0}"
    ],
    "ultima_modificacion": "2025-08-01 01:01:53.041764"
  },
  "~wrs{c674bc1d7b31a946944937aa14fdc89d}": {
    "app_sintetizada": "~WRS{C674BC1D7B31A946944937AA14FDC89D}",
    "cantidad_archivos": 1,
    "archivos_fuente": [
      "Library/Containers/com.microsoft.Word/Data/Library/Application Support/Microsoft/Temp/~WRS{C674BC1D-7B31-A946-9449-37AA14FDC89D}"
    ],
    "ultima_modificacion": "2025-08-01 01:01:53.042091"
  },
  "~wrs{2739065265fac04b9932b75e421cc14b}": {
    "app_sintetizada": "~WRS{2739065265FAC04B9932B75E421CC14B}",
    "cantidad_archivos": 1,
    "archivos_fuente": [
      "Library/Containers/com.microsoft.Word/Data/Library/Application Support/Microsoft/Temp/~WRS{27390652-65FA-C04B-9932-B75E421CC14B}"
    ],
    "ultima_modificacion": "2025-08-01 01:01:53.042418"
  },
  "~wrs{1aff61b7d3eb8d46b35e34295990d444}": {
    "app_sintetizada": "~WRS{1AFF61B7D3EB8D46B35E34295990D444}",
    "cantidad_archivos": 1,
    "archivos_fuente": [
      "Library/Containers/com.microsoft.Word/Data/Library/Application Support/Microsoft/Temp/~WRS{1AFF61B7-D3EB-8D46-B35E-34295990D444}"
    ],
    "ultima_modificacion": "2025-08-01 01:01:53.042747"
  },
  "~wrs{ce40c057cfcb44489287719036f97a31}": {
    "app_sintetizada": "~WRS{CE40C057CFCB44489287719036F97A31}",
    "cantidad_archivos": 1,
    "archivos_fuente": [
      "Library/Containers/com.microsoft.Word/Data/Library/Application Support/Microsoft/Temp/~WRS{CE40C057-CFCB-4448-9287-719036F97A31}"
    ],
    "ultima_modificacion": "2025-08-01 01:01:53.043075"
  },
  "~wrs{5c8bb467129b2640908435b45880ae32}": {
    "app_sintetizada": "~WRS{5C8BB467129B2640908435B45880AE32}",
    "cantidad_archivos": 1,
    "archivos_fuente": [
      "Library/Containers/com.microsoft.Word/Data/Library/Application Support/Microsoft/Temp/~WRS{5C8BB467-129B-2640-9084-35B45880AE32}"
    ],
    "ultima_modificacion": "2025-08-01 01:01:53.043420"
  },
  "~wrs{8703fb123d81ac42817028182f10b8b0}": {
    "app_sintetizada": "~WRS{8703FB123D81AC42817028182F10B8B0}",
    "cantidad_archivos": 1,
    "archivos_fuente": [
      "Library/Containers/com.microsoft.Word/Data/Library/Application Support/Microsoft/Temp/~WRS{8703FB12-3D81-AC42-8170-28182F10B8B0}"
    ],
    "ultima_modificacion": "2025-08-01 01:01:53.043758"
  },
  "~wrs{96653dec2306bc4f812cdcebbeaf33fb}": {
    "app_sintetizada": "~WRS{96653DEC2306BC4F812CDCEBBEAF33FB}",
    "cantidad_archivos": 1,
    "archivos_fuente": [
      "Library/Containers/com.microsoft.Word/Data/Library/Application Support/Microsoft/Temp/~WRS{96653DEC-2306-BC4F-812C-DCEBBEAF33FB}"
    ],
    "ultima_modificacion": "2025-08-01 01:01:53.044081"
  },
  "~wrs{9b586b37e079554fbb936c9c99c95f33}": {
    "app_sintetizada": "~WRS{9B586B37E079554FBB936C9C99C95F33}",
    "cantidad_archivos": 1,
    "archivos_fuente": [
      "Library/Containers/com.microsoft.Word/Data/Library/Application Support/Microsoft/Temp/~WRS{9B586B37-E079-554F-BB93-6C9C99C95F33}"
    ],
    "ultima_modificacion": "2025-08-01 01:01:53.044425"
  },
  "~wrs{eb128a45a07d2e4fa4156482c741136c}": {
    "app_sintetizada": "~WRS{EB128A45A07D2E4FA4156482C741136C}",
    "cantidad_archivos": 1,
    "archivos_fuente": [
      "Library/Containers/com.microsoft.Word/Data/Library/Application Support/Microsoft/Temp/~WRS{EB128A45-A07D-2E4F-A415-6482C741136C}"
    ],
    "ultima_modificacion": "2025-08-01 01:01:53.044816"
  },
  "~wrs{7ea90a1b3499d04686fb56e633767543}": {
    "app_sintetizada": "~WRS{7EA90A1B3499D04686FB56E633767543}",
    "cantidad_archivos": 1,
    "archivos_fuente": [
      "Library/Containers/com.microsoft.Word/Data/Library/Application Support/Microsoft/Temp/~WRS{7EA90A1B-3499-D046-86FB-56E633767543}"
    ],
    "ultima_modificacion": "2025-08-01 01:01:53.045141"
  },
  "~wrs{97d6da265c4294498fbb6a7b664f468b}": {
    "app_sintetizada": "~WRS{97D6DA265C4294498FBB6A7B664F468B}",
    "cantidad_archivos": 1,
    "archivos_fuente": [
      "Library/Containers/com.microsoft.Word/Data/Library/Application Support/Microsoft/Temp/~WRS{97D6DA26-5C42-9449-8FBB-6A7B664F468B}"
    ],
    "ultima_modificacion": "2025-08-01 01:01:53.045474"
  },
  "~wrs{c5c92d193575794fbb4d97fa3a39c14d}": {
    "app_sintetizada": "~WRS{C5C92D193575794FBB4D97FA3A39C14D}",
    "cantidad_archivos": 1,
    "archivos_fuente": [
      "Library/Containers/com.microsoft.Word/Data/Library/Application Support/Microsoft/Temp/~WRS{C5C92D19-3575-794F-BB4D-97FA3A39C14D}"
    ],
    "ultima_modificacion": "2025-08-01 01:01:53.045832"
  },
  "~wrs{b93ac388bf3fb240aa053ba6e800cf60}": {
    "app_sintetizada": "~WRS{B93AC388BF3FB240AA053BA6E800CF60}",
    "cantidad_archivos": 1,
    "archivos_fuente": [
      "Library/Containers/com.microsoft.Word/Data/Library/Application Support/Microsoft/Temp/~WRS{B93AC388-BF3F-B240-AA05-3BA6E800CF60}"
    ],
    "ultima_modificacion": "2025-08-01 01:01:53.046149"
  },
  "~wrs{ca3e0235e18ce549ab2d85f39508990f}": {
    "app_sintetizada": "~WRS{CA3E0235E18CE549AB2D85F39508990F}",
    "cantidad_archivos": 1,
    "archivos_fuente": [
      "Library/Containers/com.microsoft.Word/Data/Library/Application Support/Microsoft/Temp/~WRS{CA3E0235-E18C-E549-AB2D-85F39508990F}"
    ],
    "ultima_modificacion": "2025-08-01 01:01:53.046459"
  },
  "~wrs{1a4086d502343d4dbf7daeead1f9cffa}": {
    "app_sintetizada": "~WRS{1A4086D502343D4DBF7DAEEAD1F9CFFA}",
    "cantidad_archivos": 1,
    "archivos_fuente": [
      "Library/Containers/com.microsoft.Word/Data/Library/Application Support/Microsoft/Temp/~WRS{1A4086D5-0234-3D4D-BF7D-AEEAD1F9CFFA}"
    ],
    "ultima_modificacion": "2025-08-01 01:01:53.046767"
  },
  "~wrs{c2040ac3c3c23a48b5f4f1dcbf01fab8}": {
    "app_sintetizada": "~WRS{C2040AC3C3C23A48B5F4F1DCBF01FAB8}",
    "cantidad_archivos": 1,
    "archivos_fuente": [
      "Library/Containers/com.microsoft.Word/Data/Library/Application Support/Microsoft/Temp/~WRS{C2040AC3-C3C2-3A48-B5F4-F1DCBF01FAB8}"
    ],
    "ultima_modificacion": "2025-08-01 01:01:53.047064"
  },
  "~wrs{91425658424a4b4fb6d658659c5ad275}": {
    "app_sintetizada": "~WRS{91425658424A4B4FB6D658659C5AD275}",
    "cantidad_archivos": 1,
    "archivos_fuente": [
      "Library/Containers/com.microsoft.Word/Data/Library/Application Support/Microsoft/Temp/~WRS{91425658-424A-4B4F-B6D6-58659C5AD275}"
    ],
    "ultima_modificacion": "2025-08-01 01:01:53.047450"
  },
  "~wrs{4c932608db04dd4e8e1b6bd2ba6e1832}": {
    "app_sintetizada": "~WRS{4C932608DB04DD4E8E1B6BD2BA6E1832}",
    "cantidad_archivos": 1,
    "archivos_fuente": [
      "Library/Containers/com.microsoft.Word/Data/Library/Application Support/Microsoft/Temp/~WRS{4C932608-DB04-DD4E-8E1B-6BD2BA6E1832}"
    ],
    "ultima_modificacion": "2025-08-01 01:01:53.047824"
  },
  "~wrs{2dc634bb27d2384d805b76e9a61f379d}": {
    "app_sintetizada": "~WRS{2DC634BB27D2384D805B76E9A61F379D}",
    "cantidad_archivos": 1,
    "archivos_fuente": [
      "Library/Containers/com.microsoft.Word/Data/Library/Application Support/Microsoft/Temp/~WRS{2DC634BB-27D2-384D-805B-76E9A61F379D}"
    ],
    "ultima_modificacion": "2025-08-01 01:01:53.048169"
  },
  "~wrs{49c8edfe4f803a4ab7c76854f82e0e06}": {
    "app_sintetizada": "~WRS{49C8EDFE4F803A4AB7C76854F82E0E06}",
    "cantidad_archivos": 1,
    "archivos_fuente": [
      "Library/Containers/com.microsoft.Word/Data/Library/Application Support/Microsoft/Temp/~WRS{49C8EDFE-4F80-3A4A-B7C7-6854F82E0E06}"
    ],
    "ultima_modificacion": "2025-08-01 01:01:53.048548"
  },
  "~wrs{c8539886b113944a9f351f1b8859906d}": {
    "app_sintetizada": "~WRS{C8539886B113944A9F351F1B8859906D}",
    "cantidad_archivos": 1,
    "archivos_fuente": [
      "Library/Containers/com.microsoft.Word/Data/Library/Application Support/Microsoft/Temp/~WRS{C8539886-B113-944A-9F35-1F1B8859906D}"
    ],
    "ultima_modificacion": "2025-08-01 01:01:53.048901"
  },
  "~wrs{87eb8263c708d940b7175ab80c8bba58}": {
    "app_sintetizada": "~WRS{87EB8263C708D940B7175AB80C8BBA58}",
    "cantidad_archivos": 1,
    "archivos_fuente": [
      "Library/Containers/com.microsoft.Word/Data/Library/Application Support/Microsoft/Temp/~WRS{87EB8263-C708-D940-B717-5AB80C8BBA58}"
    ],
    "ultima_modificacion": "2025-08-01 01:01:53.049245"
  },
  "~wrs{8ef87ca96f2ffa4ebd73af4087471beb}": {
    "app_sintetizada": "~WRS{8EF87CA96F2FFA4EBD73AF4087471BEB}",
    "cantidad_archivos": 1,
    "archivos_fuente": [
      "Library/Containers/com.microsoft.Word/Data/Library/Application Support/Microsoft/Temp/~WRS{8EF87CA9-6F2F-FA4E-BD73-AF4087471BEB}"
    ],
    "ultima_modificacion": "2025-08-01 01:01:53.049583"
  },
  "~wrs{84ab27ebd63da845a1ad3f5998a3735f}": {
    "app_sintetizada": "~WRS{84AB27EBD63DA845A1AD3F5998A3735F}",
    "cantidad_archivos": 1,
    "archivos_fuente": [
      "Library/Containers/com.microsoft.Word/Data/Library/Application Support/Microsoft/Temp/~WRS{84AB27EB-D63D-A845-A1AD-3F5998A3735F}"
    ],
    "ultima_modificacion": "2025-08-01 01:01:53.049988"
  },
  "~wrs{f91cb7c197813943841b95e9a8fd17aa}": {
    "app_sintetizada": "~WRS{F91CB7C197813943841B95E9A8FD17AA}",
    "cantidad_archivos": 1,
    "archivos_fuente": [
      "Library/Containers/com.microsoft.Word/Data/Library/Application Support/Microsoft/Temp/~WRS{F91CB7C1-9781-3943-841B-95E9A8FD17AA}"
    ],
    "ultima_modificacion": "2025-08-01 01:01:53.050333"
  },
  "~wrs{74b32a2bf56ce74fb4210bc8d03ba5c8}": {
    "app_sintetizada": "~WRS{74B32A2BF56CE74FB4210BC8D03BA5C8}",
    "cantidad_archivos": 1,
    "archivos_fuente": [
      "Library/Containers/com.microsoft.Word/Data/Library/Application Support/Microsoft/Temp/~WRS{74B32A2B-F56C-E74F-B421-0BC8D03BA5C8}"
    ],
    "ultima_modificacion": "2025-08-01 01:01:53.050662"
  },
  "~wrs{8c0765f7e0349049ae0b7e700bf5d6f8}": {
    "app_sintetizada": "~WRS{8C0765F7E0349049AE0B7E700BF5D6F8}",
    "cantidad_archivos": 1,
    "archivos_fuente": [
      "Library/Containers/com.microsoft.Word/Data/Library/Application Support/Microsoft/Temp/~WRS{8C0765F7-E034-9049-AE0B-7E700BF5D6F8}"
    ],
    "ultima_modificacion": "2025-08-01 01:01:53.050998"
  },
  "~wrs{764a8a050956c744acf43983e7fde7a4}": {
    "app_sintetizada": "~WRS{764A8A050956C744ACF43983E7FDE7A4}",
    "cantidad_archivos": 1,
    "archivos_fuente": [
      "Library/Containers/com.microsoft.Word/Data/Library/Application Support/Microsoft/Temp/~WRS{764A8A05-0956-C744-ACF4-3983E7FDE7A4}"
    ],
    "ultima_modificacion": "2025-08-01 01:01:53.051326"
  },
  "~wrs{0f0f636895810d488bb62061a140a7a1}": {
    "app_sintetizada": "~WRS{0F0F636895810D488BB62061A140A7A1}",
    "cantidad_archivos": 1,
    "archivos_fuente": [
      "Library/Containers/com.microsoft.Word/Data/Library/Application Support/Microsoft/Temp/~WRS{0F0F6368-9581-0D48-8BB6-2061A140A7A1}"
    ],
    "ultima_modificacion": "2025-08-01 01:01:53.051660"
  },
  "~wrs{71955795b8870547b4a007d92b930ac0}": {
    "app_sintetizada": "~WRS{71955795B8870547B4A007D92B930AC0}",
    "cantidad_archivos": 1,
    "archivos_fuente": [
      "Library/Containers/com.microsoft.Word/Data/Library/Application Support/Microsoft/Temp/~WRS{71955795-B887-0547-B4A0-07D92B930AC0}"
    ],
    "ultima_modificacion": "2025-08-01 01:01:53.051995"
  },
  "~wrs{2fd9a7d9e13e5b4b957be4084ab20179}": {
    "app_sintetizada": "~WRS{2FD9A7D9E13E5B4B957BE4084AB20179}",
    "cantidad_archivos": 1,
    "archivos_fuente": [
      "Library/Containers/com.microsoft.Word/Data/Library/Application Support/Microsoft/Temp/~WRS{2FD9A7D9-E13E-5B4B-957B-E4084AB20179}"
    ],
    "ultima_modificacion": "2025-08-01 01:01:53.052317"
  },
  "~wrs{a82c95830bf5d04d93fe1146d71a6237}": {
    "app_sintetizada": "~WRS{A82C95830BF5D04D93FE1146D71A6237}",
    "cantidad_archivos": 1,
    "archivos_fuente": [
      "Library/Containers/com.microsoft.Word/Data/Library/Application Support/Microsoft/Temp/~WRS{A82C9583-0BF5-D04D-93FE-1146D71A6237}"
    ],
    "ultima_modificacion": "2025-08-01 01:01:53.052664"
  },
  "~wrs{e2f29134cf5caa4a9bcd3362bae7c536}": {
    "app_sintetizada": "~WRS{E2F29134CF5CAA4A9BCD3362BAE7C536}",
    "cantidad_archivos": 1,
    "archivos_fuente": [
      "Library/Containers/com.microsoft.Word/Data/Library/Application Support/Microsoft/Temp/~WRS{E2F29134-CF5C-AA4A-9BCD-3362BAE7C536}"
    ],
    "ultima_modificacion": "2025-08-01 01:01:53.053051"
  },
  "~wrs{c6f3c4286ceece43ac9594256b7d83f5}": {
    "app_sintetizada": "~WRS{C6F3C4286CEECE43AC9594256B7D83F5}",
    "cantidad_archivos": 1,
    "archivos_fuente": [
      "Library/Containers/com.microsoft.Word/Data/Library/Application Support/Microsoft/Temp/~WRS{C6F3C428-6CEE-CE43-AC95-94256B7D83F5}"
    ],
    "ultima_modificacion": "2025-08-01 01:01:53.053433"
  },
  "~wrs{e70f593206d38946895acba7867026b9}": {
    "app_sintetizada": "~WRS{E70F593206D38946895ACBA7867026B9}",
    "cantidad_archivos": 1,
    "archivos_fuente": [
      "Library/Containers/com.microsoft.Word/Data/Library/Application Support/Microsoft/Temp/~WRS{E70F5932-06D3-8946-895A-CBA7867026B9}"
    ],
    "ultima_modificacion": "2025-08-01 01:01:53.053750"
  },
  "~wrs{536f4d303905f04db6289413a329ba30}": {
    "app_sintetizada": "~WRS{536F4D303905F04DB6289413A329BA30}",
    "cantidad_archivos": 1,
    "archivos_fuente": [
      "Library/Containers/com.microsoft.Word/Data/Library/Application Support/Microsoft/Temp/~WRS{536F4D30-3905-F04D-B628-9413A329BA30}"
    ],
    "ultima_modificacion": "2025-08-01 01:01:53.054062"
  },
  "~wrs{60cd0ef79c3dae4784ae2614b4a36429}": {
    "app_sintetizada": "~WRS{60CD0EF79C3DAE4784AE2614B4A36429}",
    "cantidad_archivos": 1,
    "archivos_fuente": [
      "Library/Containers/com.microsoft.Word/Data/Library/Application Support/Microsoft/Temp/~WRS{60CD0EF7-9C3D-AE47-84AE-2614B4A36429}"
    ],
    "ultima_modificacion": "2025-08-01 01:01:53.054368"
  },
  "~wrs{9153926b6d8c8d42b8296b854c9021c3}": {
    "app_sintetizada": "~WRS{9153926B6D8C8D42B8296B854C9021C3}",
    "cantidad_archivos": 1,
    "archivos_fuente": [
      "Library/Containers/com.microsoft.Word/Data/Library/Application Support/Microsoft/Temp/~WRS{9153926B-6D8C-8D42-B829-6B854C9021C3}"
    ],
    "ultima_modificacion": "2025-08-01 01:01:53.054702"
  },
  "~wrs{73ce78a92791a54a85152b3154ab52ce}": {
    "app_sintetizada": "~WRS{73CE78A92791A54A85152B3154AB52CE}",
    "cantidad_archivos": 1,
    "archivos_fuente": [
      "Library/Containers/com.microsoft.Word/Data/Library/Application Support/Microsoft/Temp/~WRS{73CE78A9-2791-A54A-8515-2B3154AB52CE}"
    ],
    "ultima_modificacion": "2025-08-01 01:01:53.055068"
  },
  "~wrs{f155a9105c3f8b43bfa3b1b80894b051}": {
    "app_sintetizada": "~WRS{F155A9105C3F8B43BFA3B1B80894B051}",
    "cantidad_archivos": 1,
    "archivos_fuente": [
      "Library/Containers/com.microsoft.Word/Data/Library/Application Support/Microsoft/Temp/~WRS{F155A910-5C3F-8B43-BFA3-B1B80894B051}"
    ],
    "ultima_modificacion": "2025-08-01 01:01:53.055428"
  },
  "~wrs{8e283a91f7f59f4291b27b1118355a69}": {
    "app_sintetizada": "~WRS{8E283A91F7F59F4291B27B1118355A69}",
    "cantidad_archivos": 1,
    "archivos_fuente": [
      "Library/Containers/com.microsoft.Word/Data/Library/Application Support/Microsoft/Temp/~WRS{8E283A91-F7F5-9F42-91B2-7B1118355A69}"
    ],
    "ultima_modificacion": "2025-08-01 01:01:53.055753"
  },
  "~wrs{a55902d50139b345ac986e893f362047}": {
    "app_sintetizada": "~WRS{A55902D50139B345AC986E893F362047}",
    "cantidad_archivos": 1,
    "archivos_fuente": [
      "Library/Containers/com.microsoft.Word/Data/Library/Application Support/Microsoft/Temp/~WRS{A55902D5-0139-B345-AC98-6E893F362047}"
    ],
    "ultima_modificacion": "2025-08-01 01:01:53.056082"
  },
  "~wrs{d2b0491264811149b3daf1fd55bc44c8}": {
    "app_sintetizada": "~WRS{D2B0491264811149B3DAF1FD55BC44C8}",
    "cantidad_archivos": 1,
    "archivos_fuente": [
      "Library/Containers/com.microsoft.Word/Data/Library/Application Support/Microsoft/Temp/~WRS{D2B04912-6481-1149-B3DA-F1FD55BC44C8}"
    ],
    "ultima_modificacion": "2025-08-01 01:01:53.056417"
  },
  "~wrs{eb6fa75aeee06349a0b7943a4fa779eb}": {
    "app_sintetizada": "~WRS{EB6FA75AEEE06349A0B7943A4FA779EB}",
    "cantidad_archivos": 1,
    "archivos_fuente": [
      "Library/Containers/com.microsoft.Word/Data/Library/Application Support/Microsoft/Temp/~WRS{EB6FA75A-EEE0-6349-A0B7-943A4FA779EB}"
    ],
    "ultima_modificacion": "2025-08-01 01:01:53.056771"
  },
  "~wrs{f64d3fa4e933a048a8dfaee8353ae96c}": {
    "app_sintetizada": "~WRS{F64D3FA4E933A048A8DFAEE8353AE96C}",
    "cantidad_archivos": 1,
    "archivos_fuente": [
      "Library/Containers/com.microsoft.Word/Data/Library/Application Support/Microsoft/Temp/~WRS{F64D3FA4-E933-A048-A8DF-AEE8353AE96C}"
    ],
    "ultima_modificacion": "2025-08-01 01:01:53.057120"
  },
  "~wrs{c5d0efb0c790d94baa70db9be917685e}": {
    "app_sintetizada": "~WRS{C5D0EFB0C790D94BAA70DB9BE917685E}",
    "cantidad_archivos": 1,
    "archivos_fuente": [
      "Library/Containers/com.microsoft.Word/Data/Library/Application Support/Microsoft/Temp/~WRS{C5D0EFB0-C790-D94B-AA70-DB9BE917685E}"
    ],
    "ultima_modificacion": "2025-08-01 01:01:53.057452"
  },
  "~wrs{c556901b9614bd43be363b89c7faf917}": {
    "app_sintetizada": "~WRS{C556901B9614BD43BE363B89C7FAF917}",
    "cantidad_archivos": 1,
    "archivos_fuente": [
      "Library/Containers/com.microsoft.Word/Data/Library/Application Support/Microsoft/Temp/~WRS{C556901B-9614-BD43-BE36-3B89C7FAF917}"
    ],
    "ultima_modificacion": "2025-08-01 01:01:53.057778"
  },
  "~wrs{79e2a10b1f47aa49994c49fc648d7b39}": {
    "app_sintetizada": "~WRS{79E2A10B1F47AA49994C49FC648D7B39}",
    "cantidad_archivos": 1,
    "archivos_fuente": [
      "Library/Containers/com.microsoft.Word/Data/Library/Application Support/Microsoft/Temp/~WRS{79E2A10B-1F47-AA49-994C-49FC648D7B39}"
    ],
    "ultima_modificacion": "2025-08-01 01:01:53.058113"
  },
  "~wrs{f7d931fa881e82478cc825e60aaeb273}": {
    "app_sintetizada": "~WRS{F7D931FA881E82478CC825E60AAEB273}",
    "cantidad_archivos": 1,
    "archivos_fuente": [
      "Library/Containers/com.microsoft.Word/Data/Library/Application Support/Microsoft/Temp/~WRS{F7D931FA-881E-8247-8CC8-25E60AAEB273}"
    ],
    "ultima_modificacion": "2025-08-01 01:01:53.058500"
  },
  "~wrs{421e193675b4534b8329e9ec9a70ffbb}": {
    "app_sintetizada": "~WRS{421E193675B4534B8329E9EC9A70FFBB}",
    "cantidad_archivos": 1,
    "archivos_fuente": [
      "Library/Containers/com.microsoft.Word/Data/Library/Application Support/Microsoft/Temp/~WRS{421E1936-75B4-534B-8329-E9EC9A70FFBB}"
    ],
    "ultima_modificacion": "2025-08-01 01:01:53.058896"
  },
  "~wrs{b38587310955fe4aa31ac0f2735d3967}": {
    "app_sintetizada": "~WRS{B38587310955FE4AA31AC0F2735D3967}",
    "cantidad_archivos": 1,
    "archivos_fuente": [
      "Library/Containers/com.microsoft.Word/Data/Library/Application Support/Microsoft/Temp/~WRS{B3858731-0955-FE4A-A31A-C0F2735D3967}"
    ],
    "ultima_modificacion": "2025-08-01 01:01:53.059273"
  },
  "~wrs{728459f244fdf4469ffb7cc1fc01c9b2}": {
    "app_sintetizada": "~WRS{728459F244FDF4469FFB7CC1FC01C9B2}",
    "cantidad_archivos": 1,
    "archivos_fuente": [
      "Library/Containers/com.microsoft.Word/Data/Library/Application Support/Microsoft/Temp/~WRS{728459F2-44FD-F446-9FFB-7CC1FC01C9B2}"
    ],
    "ultima_modificacion": "2025-08-01 01:01:53.059654"
  },
  "~wrs{d61b3f1446bf53448c322fb8657a7357}": {
    "app_sintetizada": "~WRS{D61B3F1446BF53448C322FB8657A7357}",
    "cantidad_archivos": 1,
    "archivos_fuente": [
      "Library/Containers/com.microsoft.Word/Data/Library/Application Support/Microsoft/Temp/~WRS{D61B3F14-46BF-5344-8C32-2FB8657A7357}"
    ],
    "ultima_modificacion": "2025-08-01 01:01:53.060038"
  },
  "~wrs{c0ac6345f79f3745a14b7c7b4f98449b}": {
    "app_sintetizada": "~WRS{C0AC6345F79F3745A14B7C7B4F98449B}",
    "cantidad_archivos": 1,
    "archivos_fuente": [
      "Library/Containers/com.microsoft.Word/Data/Library/Application Support/Microsoft/Temp/~WRS{C0AC6345-F79F-3745-A14B-7C7B4F98449B}"
    ],
    "ultima_modificacion": "2025-08-01 01:01:53.060389"
  },
  "~wrs{53106a2ec43c894aa05da32eb593b72d}": {
    "app_sintetizada": "~WRS{53106A2EC43C894AA05DA32EB593B72D}",
    "cantidad_archivos": 1,
    "archivos_fuente": [
      "Library/Containers/com.microsoft.Word/Data/Library/Application Support/Microsoft/Temp/~WRS{53106A2E-C43C-894A-A05D-A32EB593B72D}"
    ],
    "ultima_modificacion": "2025-08-01 01:01:53.060748"
  },
  "~wrs{ae0eff0e6064d94db106a0dada1de4ac}": {
    "app_sintetizada": "~WRS{AE0EFF0E6064D94DB106A0DADA1DE4AC}",
    "cantidad_archivos": 1,
    "archivos_fuente": [
      "Library/Containers/com.microsoft.Word/Data/Library/Application Support/Microsoft/Temp/~WRS{AE0EFF0E-6064-D94D-B106-A0DADA1DE4AC}"
    ],
    "ultima_modificacion": "2025-08-01 01:01:53.061086"
  },
  "~wrs{d79261e4e453fe49a7fff7beaf59d17d}": {
    "app_sintetizada": "~WRS{D79261E4E453FE49A7FFF7BEAF59D17D}",
    "cantidad_archivos": 1,
    "archivos_fuente": [
      "Library/Containers/com.microsoft.Word/Data/Library/Application Support/Microsoft/Temp/~WRS{D79261E4-E453-FE49-A7FF-F7BEAF59D17D}"
    ],
    "ultima_modificacion": "2025-08-01 01:01:53.061417"
  },
  "~wrs{739673dad7dc544181bb10b551c21b0b}": {
    "app_sintetizada": "~WRS{739673DAD7DC544181BB10B551C21B0B}",
    "cantidad_archivos": 1,
    "archivos_fuente": [
      "Library/Containers/com.microsoft.Word/Data/Library/Application Support/Microsoft/Temp/~WRS{739673DA-D7DC-5441-81BB-10B551C21B0B}"
    ],
    "ultima_modificacion": "2025-08-01 01:01:53.061762"
  },
  "~wrs{6cb8689a5d735c42b8351a3bb8cd5954}": {
    "app_sintetizada": "~WRS{6CB8689A5D735C42B8351A3BB8CD5954}",
    "cantidad_archivos": 1,
    "archivos_fuente": [
      "Library/Containers/com.microsoft.Word/Data/Library/Application Support/Microsoft/Temp/~WRS{6CB8689A-5D73-5C42-B835-1A3BB8CD5954}"
    ],
    "ultima_modificacion": "2025-08-01 01:01:53.062128"
  },
  "~wrs{7a0e651dff9bf04fac131561f052fe06}": {
    "app_sintetizada": "~WRS{7A0E651DFF9BF04FAC131561F052FE06}",
    "cantidad_archivos": 1,
    "archivos_fuente": [
      "Library/Containers/com.microsoft.Word/Data/Library/Application Support/Microsoft/Temp/~WRS{7A0E651D-FF9B-F04F-AC13-1561F052FE06}"
    ],
    "ultima_modificacion": "2025-08-01 01:01:53.062448"
  },
  "~wrd0005": {
    "app_sintetizada": "~WRD0005",
    "cantidad_archivos": 1,
    "archivos_fuente": [
      "Library/Containers/com.microsoft.Word/Data/Library/Application Support/Microsoft/Temp/~WRD0005"
    ],
    "ultima_modificacion": "2025-08-01 01:01:53.062779"
  },
  "~wrs{d1047dc6a5178140a31e54e3eb5d796e}": {
    "app_sintetizada": "~WRS{D1047DC6A5178140A31E54E3EB5D796E}",
    "cantidad_archivos": 1,
    "archivos_fuente": [
      "Library/Containers/com.microsoft.Word/Data/Library/Application Support/Microsoft/Temp/~WRS{D1047DC6-A517-8140-A31E-54E3EB5D796E}"
    ],
    "ultima_modificacion": "2025-08-01 01:01:53.063153"
  },
  "~wrs{cb687e45a56e1a489983483cc9f8d032}": {
    "app_sintetizada": "~WRS{CB687E45A56E1A489983483CC9F8D032}",
    "cantidad_archivos": 1,
    "archivos_fuente": [
      "Library/Containers/com.microsoft.Word/Data/Library/Application Support/Microsoft/Temp/~WRS{CB687E45-A56E-1A48-9983-483CC9F8D032}"
    ],
    "ultima_modificacion": "2025-08-01 01:01:53.063467"
  },
  "~wrs{5bc68b8f6af1ee42ae4af45abb5632ab}": {
    "app_sintetizada": "~WRS{5BC68B8F6AF1EE42AE4AF45ABB5632AB}",
    "cantidad_archivos": 1,
    "archivos_fuente": [
      "Library/Containers/com.microsoft.Word/Data/Library/Application Support/Microsoft/Temp/~WRS{5BC68B8F-6AF1-EE42-AE4A-F45ABB5632AB}"
    ],
    "ultima_modificacion": "2025-08-01 01:01:53.063765"
  },
  "~wrs{0d1d0b546a305a4f85ec5422cef9fccd}": {
    "app_sintetizada": "~WRS{0D1D0B546A305A4F85EC5422CEF9FCCD}",
    "cantidad_archivos": 1,
    "archivos_fuente": [
      "Library/Containers/com.microsoft.Word/Data/Library/Application Support/Microsoft/Temp/~WRS{0D1D0B54-6A30-5A4F-85EC-5422CEF9FCCD}"
    ],
    "ultima_modificacion": "2025-08-01 01:01:53.064160"
  },
  "~wrs{d2c8c2a7270acb4abce88c0457c6907f}": {
    "app_sintetizada": "~WRS{D2C8C2A7270ACB4ABCE88C0457C6907F}",
    "cantidad_archivos": 1,
    "archivos_fuente": [
      "Library/Containers/com.microsoft.Word/Data/Library/Application Support/Microsoft/Temp/~WRS{D2C8C2A7-270A-CB4A-BCE8-8C0457C6907F}"
    ],
    "ultima_modificacion": "2025-08-01 01:01:53.064503"
  },
  "~wrs{e8b2ad439c21bf41941eb9c559749164}": {
    "app_sintetizada": "~WRS{E8B2AD439C21BF41941EB9C559749164}",
    "cantidad_archivos": 1,
    "archivos_fuente": [
      "Library/Containers/com.microsoft.Word/Data/Library/Application Support/Microsoft/Temp/~WRS{E8B2AD43-9C21-BF41-941E-B9C559749164}"
    ],
    "ultima_modificacion": "2025-08-01 01:01:53.064919"
  },
  "~wrs{3dabca0504422a4a8810d50d17ec0b50}": {
    "app_sintetizada": "~WRS{3DABCA0504422A4A8810D50D17EC0B50}",
    "cantidad_archivos": 1,
    "archivos_fuente": [
      "Library/Containers/com.microsoft.Word/Data/Library/Application Support/Microsoft/Temp/~WRS{3DABCA05-0442-2A4A-8810-D50D17EC0B50}"
    ],
    "ultima_modificacion": "2025-08-01 01:01:53.065230"
  },
  "~wrs{ead38a690be0a244a4a6559665f8d185}": {
    "app_sintetizada": "~WRS{EAD38A690BE0A244A4A6559665F8D185}",
    "cantidad_archivos": 1,
    "archivos_fuente": [
      "Library/Containers/com.microsoft.Word/Data/Library/Application Support/Microsoft/Temp/~WRS{EAD38A69-0BE0-A244-A4A6-559665F8D185}"
    ],
    "ultima_modificacion": "2025-08-01 01:01:53.065516"
  },
  "~wrs{020ca59b0a2ec14389d706a82f6968ae}": {
    "app_sintetizada": "~WRS{020CA59B0A2EC14389D706A82F6968AE}",
    "cantidad_archivos": 1,
    "archivos_fuente": [
      "Library/Containers/com.microsoft.Word/Data/Library/Application Support/Microsoft/Temp/~WRS{020CA59B-0A2E-C143-89D7-06A82F6968AE}"
    ],
    "ultima_modificacion": "2025-08-01 01:01:53.065807"
  },
  "~wrs{17979a98cbdb044ba686bfe6d458436c}": {
    "app_sintetizada": "~WRS{17979A98CBDB044BA686BFE6D458436C}",
    "cantidad_archivos": 1,
    "archivos_fuente": [
      "Library/Containers/com.microsoft.Word/Data/Library/Application Support/Microsoft/Temp/~WRS{17979A98-CBDB-044B-A686-BFE6D458436C}"
    ],
    "ultima_modificacion": "2025-08-01 01:01:53.066091"
  },
  "~wrs{c5275eefd441534882cf71136d525f14}": {
    "app_sintetizada": "~WRS{C5275EEFD441534882CF71136D525F14}",
    "cantidad_archivos": 1,
    "archivos_fuente": [
      "Library/Containers/com.microsoft.Word/Data/Library/Application Support/Microsoft/Temp/~WRS{C5275EEF-D441-5348-82CF-71136D525F14}"
    ],
    "ultima_modificacion": "2025-08-01 01:01:53.066456"
  },
  "~wrs{609234504fb8bc41aac5a2c6b0fb8be2}": {
    "app_sintetizada": "~WRS{609234504FB8BC41AAC5A2C6B0FB8BE2}",
    "cantidad_archivos": 1,
    "archivos_fuente": [
      "Library/Containers/com.microsoft.Word/Data/Library/Application Support/Microsoft/Temp/~WRS{60923450-4FB8-BC41-AAC5-A2C6B0FB8BE2}"
    ],
    "ultima_modificacion": "2025-08-01 01:01:53.066750"
  },
  "~wrs{cb3585b8b9367648834d7d1afe727013}": {
    "app_sintetizada": "~WRS{CB3585B8B9367648834D7D1AFE727013}",
    "cantidad_archivos": 1,
    "archivos_fuente": [
      "Library/Containers/com.microsoft.Word/Data/Library/Application Support/Microsoft/Temp/~WRS{CB3585B8-B936-7648-834D-7D1AFE727013}"
    ],
    "ultima_modificacion": "2025-08-01 01:01:53.067070"
  },
  "~wrs{24e0a44a1628a04084a585d894f0dbbb}": {
    "app_sintetizada": "~WRS{24E0A44A1628A04084A585D894F0DBBB}",
    "cantidad_archivos": 1,
    "archivos_fuente": [
      "Library/Containers/com.microsoft.Word/Data/Library/Application Support/Microsoft/Temp/~WRS{24E0A44A-1628-A040-84A5-85D894F0DBBB}"
    ],
    "ultima_modificacion": "2025-08-01 01:01:53.067364"
  },
  "~wrd1920": {
    "app_sintetizada": "~WRD1920",
    "cantidad_archivos": 1,
    "archivos_fuente": [
      "Library/Containers/com.microsoft.Word/Data/Library/Application Support/Microsoft/Temp/~WRD1920"
    ],
    "ultima_modificacion": "2025-08-01 01:01:53.067639"
  },
  "~wrs{5c2e55b24a7d6844b30161057cb24fbf}": {
    "app_sintetizada": "~WRS{5C2E55B24A7D6844B30161057CB24FBF}",
    "cantidad_archivos": 1,
    "archivos_fuente": [
      "Library/Containers/com.microsoft.Word/Data/Library/Application Support/Microsoft/Temp/~WRS{5C2E55B2-4A7D-6844-B301-61057CB24FBF}"
    ],
    "ultima_modificacion": "2025-08-01 01:01:53.068020"
  },
  "~wrs{0b2cc69299522244a77f2070eb31e625}": {
    "app_sintetizada": "~WRS{0B2CC69299522244A77F2070EB31E625}",
    "cantidad_archivos": 1,
    "archivos_fuente": [
      "Library/Containers/com.microsoft.Word/Data/Library/Application Support/Microsoft/Temp/~WRS{0B2CC692-9952-2244-A77F-2070EB31E625}"
    ],
    "ultima_modificacion": "2025-08-01 01:01:53.068310"
  },
  "~wrs{494bce11b75d9d4a8d9969d44170eaa3}": {
    "app_sintetizada": "~WRS{494BCE11B75D9D4A8D9969D44170EAA3}",
    "cantidad_archivos": 1,
    "archivos_fuente": [
      "Library/Containers/com.microsoft.Word/Data/Library/Application Support/Microsoft/Temp/~WRS{494BCE11-B75D-9D4A-8D99-69D44170EAA3}"
    ],
    "ultima_modificacion": "2025-08-01 01:01:53.068592"
  },
  "~wrs{402c445c356a264bbdc1755e0cb9df71}": {
    "app_sintetizada": "~WRS{402C445C356A264BBDC1755E0CB9DF71}",
    "cantidad_archivos": 1,
    "archivos_fuente": [
      "Library/Containers/com.microsoft.Word/Data/Library/Application Support/Microsoft/Temp/~WRS{402C445C-356A-264B-BDC1-755E0CB9DF71}"
    ],
    "ultima_modificacion": "2025-08-01 01:01:53.068954"
  }
}