{
  "64fe40d94d0ae2380": {
    "app_sintetizada": "64FE40D94D0AE2380",
    "cantidad_archivos": 1,
    "archivos_fuente": [
      "Library/Caches/Google/Chrome/Default/Cache/Cache_Data/64fe40d94d0ae238_0"
    ],
    "ultima_modificacion": "2025-08-01 01:01:59.596800"
  },
  "9d3a478d08e74dfb0": {
    "app_sintetizada": "9D3A478D08E74DFB0",
    "cantidad_archivos": 1,
    "archivos_fuente": [
      "Library/Caches/Google/Chrome/Default/Cache/Cache_Data/9d3a478d08e74dfb_0"
    ],
    "ultima_modificacion": "2025-08-01 01:01:59.597113"
  },
  "2d048f8b1d6dcf780": {
    "app_sintetizada": "2D048F8B1D6DCF780",
    "cantidad_archivos": 1,
    "archivos_fuente": [
      "Library/Caches/Google/Chrome/Default/Cache/Cache_Data/2d048f8b1d6dcf78_0"
    ],
    "ultima_modificacion": "2025-08-01 01:01:59.597391"
  },
  "8c9d73d6e39e30100": {
    "app_sintetizada": "8C9D73D6E39E30100",
    "cantidad_archivos": 1,
    "archivos_fuente": [
      "Library/Caches/Google/Chrome/Default/Cache/Cache_Data/8c9d73d6e39e3010_0"
    ],
    "ultima_modificacion": "2025-08-01 01:01:59.597687"
  },
  "31dfc3db19ab76b60": {
    "app_sintetizada": "31DFC3DB19AB76B60",
    "cantidad_archivos": 1,
    "archivos_fuente": [
      "Library/Caches/Google/Chrome/Default/Cache/Cache_Data/31dfc3db19ab76b6_0"
    ],
    "ultima_modificacion": "2025-08-01 01:01:59.597976"
  },
  "817e5159992397450": {
    "app_sintetizada": "817E5159992397450",
    "cantidad_archivos": 1,
    "archivos_fuente": [
      "Library/Caches/Google/Chrome/Default/Cache/Cache_Data/817e515999239745_0"
    ],
    "ultima_modificacion": "2025-08-01 01:01:59.598255"
  },
  "1d78e5cada70345b0": {
    "app_sintetizada": "1D78E5CADA70345B0",
    "cantidad_archivos": 1,
    "archivos_fuente": [
      "Library/Caches/Google/Chrome/Default/Cache/Cache_Data/1d78e5cada70345b_0"
    ],
    "ultima_modificacion": "2025-08-01 01:01:59.598540"
  },
  "211fbe68077f65020": {
    "app_sintetizada": "211FBE68077F65020",
    "cantidad_archivos": 1,
    "archivos_fuente": [
      "Library/Caches/Google/Chrome/Default/Cache/Cache_Data/211fbe68077f6502_0"
    ],
    "ultima_modificacion": "2025-08-01 01:01:59.598825"
  },
  "95ede4aa64e14edb0": {
    "app_sintetizada": "95EDE4AA64E14EDB0",
    "cantidad_archivos": 1,
    "archivos_fuente": [
      "Library/Caches/Google/Chrome/Default/Cache/Cache_Data/95ede4aa64e14edb_0"
    ],
    "ultima_modificacion": "2025-08-01 01:01:59.599131"
  },
  "54e12557432b09710": {
    "app_sintetizada": "54E12557432B09710",
    "cantidad_archivos": 1,
    "archivos_fuente": [
      "Library/Caches/Google/Chrome/Default/Cache/Cache_Data/54e12557432b0971_0"
    ],
    "ultima_modificacion": "2025-08-01 01:01:59.599404"
  },
  "c6b96d6f334ebb8a0": {
    "app_sintetizada": "C6B96D6F334EBB8A0",
    "cantidad_archivos": 1,
    "archivos_fuente": [
      "Library/Caches/Google/Chrome/Default/Cache/Cache_Data/c6b96d6f334ebb8a_0"
    ],
    "ultima_modificacion": "2025-08-01 01:01:59.599693"
  },
  "b77be4482bc1c2b40": {
    "app_sintetizada": "B77BE4482BC1C2B40",
    "cantidad_archivos": 1,
    "archivos_fuente": [
      "Library/Caches/Google/Chrome/Default/Cache/Cache_Data/b77be4482bc1c2b4_0"
    ],
    "ultima_modificacion": "2025-08-01 01:01:59.600003"
  },
  "3565778447be9aea0": {
    "app_sintetizada": "3565778447BE9AEA0",
    "cantidad_archivos": 1,
    "archivos_fuente": [
      "Library/Caches/Google/Chrome/Default/Cache/Cache_Data/3565778447be9aea_0"
    ],
    "ultima_modificacion": "2025-08-01 01:01:59.600284"
  },
  "6eb5396758ba07030": {
    "app_sintetizada": "6EB5396758BA07030",
    "cantidad_archivos": 1,
    "archivos_fuente": [
      "Library/Caches/Google/Chrome/Default/Cache/Cache_Data/6eb5396758ba0703_0"
    ],
    "ultima_modificacion": "2025-08-01 01:01:59.600566"
  },
  "a0405bbcef7217e00": {
    "app_sintetizada": "A0405BBCEF7217E00",
    "cantidad_archivos": 1,
    "archivos_fuente": [
      "Library/Caches/Google/Chrome/Default/Cache/Cache_Data/a0405bbcef7217e0_0"
    ],
    "ultima_modificacion": "2025-08-01 01:01:59.600877"
  },
  "96ae8816edfc71310": {
    "app_sintetizada": "96AE8816EDFC71310",
    "cantidad_archivos": 1,
    "archivos_fuente": [
      "Library/Caches/Google/Chrome/Default/Cache/Cache_Data/96ae8816edfc7131_0"
    ],
    "ultima_modificacion": "2025-08-01 01:01:59.601169"
  },
  "e9cb20edd4f588ed0": {
    "app_sintetizada": "E9CB20EDD4F588ED0",
    "cantidad_archivos": 1,
    "archivos_fuente": [
      "Library/Caches/Google/Chrome/Default/Cache/Cache_Data/e9cb20edd4f588ed_0"
    ],
    "ultima_modificacion": "2025-08-01 01:01:59.601475"
  },
  "a092a20f2a22a00f0": {
    "app_sintetizada": "A092A20F2A22A00F0",
    "cantidad_archivos": 1,
    "archivos_fuente": [
      "Library/Caches/Google/Chrome/Default/Cache/Cache_Data/a092a20f2a22a00f_0"
    ],
    "ultima_modificacion": "2025-08-01 01:01:59.601802"
  },
  "dac8783ebe001b6c0": {
    "app_sintetizada": "DAC8783EBE001B6C0",
    "cantidad_archivos": 1,
    "archivos_fuente": [
      "Library/Caches/Google/Chrome/Default/Cache/Cache_Data/dac8783ebe001b6c_0"
    ],
    "ultima_modificacion": "2025-08-01 01:01:59.602095"
  },
  "4364834cd9d222530": {
    "app_sintetizada": "4364834CD9D222530",
    "cantidad_archivos": 1,
    "archivos_fuente": [
      "Library/Caches/Google/Chrome/Default/Cache/Cache_Data/4364834cd9d22253_0"
    ],
    "ultima_modificacion": "2025-08-01 01:01:59.602386"
  },
  "35489639e77bf7d10": {
    "app_sintetizada": "35489639E77BF7D10",
    "cantidad_archivos": 1,
    "archivos_fuente": [
      "Library/Caches/Google/Chrome/Default/Cache/Cache_Data/35489639e77bf7d1_0"
    ],
    "ultima_modificacion": "2025-08-01 01:01:59.602695"
  },
  "ac680fd05a94eefa0": {
    "app_sintetizada": "AC680FD05A94EEFA0",
    "cantidad_archivos": 1,
    "archivos_fuente": [
      "Library/Caches/Google/Chrome/Default/Cache/Cache_Data/ac680fd05a94eefa_0"
    ],
    "ultima_modificacion": "2025-08-01 01:01:59.603035"
  },
  "b3056cd3b285eee60": {
    "app_sintetizada": "B3056CD3B285EEE60",
    "cantidad_archivos": 1,
    "archivos_fuente": [
      "Library/Caches/Google/Chrome/Default/Cache/Cache_Data/b3056cd3b285eee6_0"
    ],
    "ultima_modificacion": "2025-08-01 01:01:59.603382"
  },
  "b23344af8e15edae0": {
    "app_sintetizada": "B23344AF8E15EDAE0",
    "cantidad_archivos": 1,
    "archivos_fuente": [
      "Library/Caches/Google/Chrome/Default/Cache/Cache_Data/b23344af8e15edae_0"
    ],
    "ultima_modificacion": "2025-08-01 01:01:59.603706"
  },
  "56ccb49b3b3f118e0": {
    "app_sintetizada": "56CCB49B3B3F118E0",
    "cantidad_archivos": 1,
    "archivos_fuente": [
      "Library/Caches/Google/Chrome/Default/Cache/Cache_Data/56ccb49b3b3f118e_0"
    ],
    "ultima_modificacion": "2025-08-01 01:01:59.604013"
  },
  "a9d384af001c18910": {
    "app_sintetizada": "A9D384AF001C18910",
    "cantidad_archivos": 1,
    "archivos_fuente": [
      "Library/Caches/Google/Chrome/Default/Cache/Cache_Data/a9d384af001c1891_0"
    ],
    "ultima_modificacion": "2025-08-01 01:01:59.604328"
  },
  "8942ec0b550199100": {
    "app_sintetizada": "8942EC0B550199100",
    "cantidad_archivos": 1,
    "archivos_fuente": [
      "Library/Caches/Google/Chrome/Default/Cache/Cache_Data/8942ec0b55019910_0"
    ],
    "ultima_modificacion": "2025-08-01 01:01:59.604637"
  },
  "b9181efd9d56ab0e0": {
    "app_sintetizada": "B9181EFD9D56AB0E0",
    "cantidad_archivos": 1,
    "archivos_fuente": [
      "Library/Caches/Google/Chrome/Default/Cache/Cache_Data/b9181efd9d56ab0e_0"
    ],
    "ultima_modificacion": "2025-08-01 01:01:59.604946"
  },
  "d4c29e778d7f5dae0": {
    "app_sintetizada": "D4C29E778D7F5DAE0",
    "cantidad_archivos": 1,
    "archivos_fuente": [
      "Library/Caches/Google/Chrome/Default/Cache/Cache_Data/d4c29e778d7f5dae_0"
    ],
    "ultima_modificacion": "2025-08-01 01:01:59.605244"
  },
  "3c8cb47deb82e8440": {
    "app_sintetizada": "3C8CB47DEB82E8440",
    "cantidad_archivos": 1,
    "archivos_fuente": [
      "Library/Caches/Google/Chrome/Default/Cache/Cache_Data/3c8cb47deb82e844_0"
    ],
    "ultima_modificacion": "2025-08-01 01:01:59.605560"
  },
  "671f0edad3c075860": {
    "app_sintetizada": "671F0EDAD3C075860",
    "cantidad_archivos": 1,
    "archivos_fuente": [
      "Library/Caches/Google/Chrome/Default/Cache/Cache_Data/671f0edad3c07586_0"
    ],
    "ultima_modificacion": "2025-08-01 01:01:59.605866"
  },
  "de0cb0006950b2aa0": {
    "app_sintetizada": "DE0CB0006950B2AA0",
    "cantidad_archivos": 1,
    "archivos_fuente": [
      "Library/Caches/Google/Chrome/Default/Cache/Cache_Data/de0cb0006950b2aa_0"
    ],
    "ultima_modificacion": "2025-08-01 01:01:59.606159"
  },
  "eefcfac494b17e300": {
    "app_sintetizada": "EEFCFAC494B17E300",
    "cantidad_archivos": 1,
    "archivos_fuente": [
      "Library/Caches/Google/Chrome/Default/Cache/Cache_Data/eefcfac494b17e30_0"
    ],
    "ultima_modificacion": "2025-08-01 01:01:59.606461"
  },
  "99545066fb265a3b0": {
    "app_sintetizada": "99545066FB265A3B0",
    "cantidad_archivos": 1,
    "archivos_fuente": [
      "Library/Caches/Google/Chrome/Default/Cache/Cache_Data/99545066fb265a3b_0"
    ],
    "ultima_modificacion": "2025-08-01 01:01:59.606764"
  },
  "c81096bfea13cc2c0": {
    "app_sintetizada": "C81096BFEA13CC2C0",
    "cantidad_archivos": 1,
    "archivos_fuente": [
      "Library/Caches/Google/Chrome/Default/Cache/Cache_Data/c81096bfea13cc2c_0"
    ],
    "ultima_modificacion": "2025-08-01 01:01:59.607058"
  },
  "09a52a245c08ad670": {
    "app_sintetizada": "09A52A245C08AD670",
    "cantidad_archivos": 1,
    "archivos_fuente": [
      "Library/Caches/Google/Chrome/Default/Cache/Cache_Data/09a52a245c08ad67_0"
    ],
    "ultima_modificacion": "2025-08-01 01:01:59.607367"
  },
  "a0cc9dd03f7101280": {
    "app_sintetizada": "A0CC9DD03F7101280",
    "cantidad_archivos": 1,
    "archivos_fuente": [
      "Library/Caches/Google/Chrome/Default/Cache/Cache_Data/a0cc9dd03f710128_0"
    ],
    "ultima_modificacion": "2025-08-01 01:01:59.607682"
  },
  "a75be4097d2efc840": {
    "app_sintetizada": "A75BE4097D2EFC840",
    "cantidad_archivos": 1,
    "archivos_fuente": [
      "Library/Caches/Google/Chrome/Default/Cache/Cache_Data/a75be4097d2efc84_0"
    ],
    "ultima_modificacion": "2025-08-01 01:01:59.607980"
  },
  "06b48b5368e351c30": {
    "app_sintetizada": "06B48B5368E351C30",
    "cantidad_archivos": 1,
    "archivos_fuente": [
      "Library/Caches/Google/Chrome/Default/Cache/Cache_Data/06b48b5368e351c3_0"
    ],
    "ultima_modificacion": "2025-08-01 01:01:59.608270"
  },
  "31495b494810573f0": {
    "app_sintetizada": "31495B494810573F0",
    "cantidad_archivos": 1,
    "archivos_fuente": [
      "Library/Caches/Google/Chrome/Default/Cache/Cache_Data/31495b494810573f_0"
    ],
    "ultima_modificacion": "2025-08-01 01:01:59.608582"
  },
  "5753ae66fe7d155f0": {
    "app_sintetizada": "5753AE66FE7D155F0",
    "cantidad_archivos": 1,
    "archivos_fuente": [
      "Library/Caches/Google/Chrome/Default/Cache/Cache_Data/5753ae66fe7d155f_0"
    ],
    "ultima_modificacion": "2025-08-01 01:01:59.608885"
  },
  "34db5a2479b158d50": {
    "app_sintetizada": "34DB5A2479B158D50",
    "cantidad_archivos": 1,
    "archivos_fuente": [
      "Library/Caches/Google/Chrome/Default/Cache/Cache_Data/34db5a2479b158d5_0"
    ],
    "ultima_modificacion": "2025-08-01 01:01:59.609195"
  },
  "598b1e31def279c10": {
    "app_sintetizada": "598B1E31DEF279C10",
    "cantidad_archivos": 1,
    "archivos_fuente": [
      "Library/Caches/Google/Chrome/Default/Cache/Cache_Data/598b1e31def279c1_0"
    ],
    "ultima_modificacion": "2025-08-01 01:01:59.609493"
  },
  "0818aa0ebadae6d00": {
    "app_sintetizada": "0818AA0EBADAE6D00",
    "cantidad_archivos": 1,
    "archivos_fuente": [
      "Library/Caches/Google/Chrome/Default/Cache/Cache_Data/0818aa0ebadae6d0_0"
    ],
    "ultima_modificacion": "2025-08-01 01:01:59.609793"
  },
  "da05c2f83f9e564c0": {
    "app_sintetizada": "DA05C2F83F9E564C0",
    "cantidad_archivos": 1,
    "archivos_fuente": [
      "Library/Caches/Google/Chrome/Default/Cache/Cache_Data/da05c2f83f9e564c_0"
    ],
    "ultima_modificacion": "2025-08-01 01:01:59.610083"
  },
  "5229187b4ce9d98c0": {
    "app_sintetizada": "5229187B4CE9D98C0",
    "cantidad_archivos": 1,
    "archivos_fuente": [
      "Library/Caches/Google/Chrome/Default/Cache/Cache_Data/5229187b4ce9d98c_0"
    ],
    "ultima_modificacion": "2025-08-01 01:01:59.610371"
  },
  "9037ec01daba5eb00": {
    "app_sintetizada": "9037EC01DABA5EB00",
    "cantidad_archivos": 1,
    "archivos_fuente": [
      "Library/Caches/Google/Chrome/Default/Cache/Cache_Data/9037ec01daba5eb0_0"
    ],
    "ultima_modificacion": "2025-08-01 01:01:59.610666"
  },
  "3fb4269f217d58240": {
    "app_sintetizada": "3FB4269F217D58240",
    "cantidad_archivos": 1,
    "archivos_fuente": [
      "Library/Caches/Google/Chrome/Default/Cache/Cache_Data/3fb4269f217d5824_0"
    ],
    "ultima_modificacion": "2025-08-01 01:01:59.610962"
  },
  "2bb522614154611a0": {
    "app_sintetizada": "2BB522614154611A0",
    "cantidad_archivos": 1,
    "archivos_fuente": [
      "Library/Caches/Google/Chrome/Default/Cache/Cache_Data/2bb522614154611a_0"
    ],
    "ultima_modificacion": "2025-08-01 01:01:59.611256"
  },
  "dde3504a01f49b860": {
    "app_sintetizada": "DDE3504A01F49B860",
    "cantidad_archivos": 1,
    "archivos_fuente": [
      "Library/Caches/Google/Chrome/Default/Cache/Cache_Data/dde3504a01f49b86_0"
    ],
    "ultima_modificacion": "2025-08-01 01:01:59.611552"
  },
  "c8a62b9c3b12f0810": {
    "app_sintetizada": "C8A62B9C3B12F0810",
    "cantidad_archivos": 1,
    "archivos_fuente": [
      "Library/Caches/Google/Chrome/Default/Cache/Cache_Data/c8a62b9c3b12f081_0"
    ],
    "ultima_modificacion": "2025-08-01 01:01:59.611865"
  },
  "858f82831d64d7500": {
    "app_sintetizada": "858F82831D64D7500",
    "cantidad_archivos": 1,
    "archivos_fuente": [
      "Library/Caches/Google/Chrome/Default/Cache/Cache_Data/858f82831d64d750_0"
    ],
    "ultima_modificacion": "2025-08-01 01:01:59.612181"
  },
  "0233d2a04f47bd110": {
    "app_sintetizada": "0233D2A04F47BD110",
    "cantidad_archivos": 1,
    "archivos_fuente": [
      "Library/Caches/Google/Chrome/Default/Cache/Cache_Data/0233d2a04f47bd11_0"
    ],
    "ultima_modificacion": "2025-08-01 01:01:59.612528"
  },
  "6187abe55b1790d90": {
    "app_sintetizada": "6187ABE55B1790D90",
    "cantidad_archivos": 1,
    "archivos_fuente": [
      "Library/Caches/Google/Chrome/Default/Cache/Cache_Data/6187abe55b1790d9_0"
    ],
    "ultima_modificacion": "2025-08-01 01:01:59.612826"
  },
  "a103a0eab14925450": {
    "app_sintetizada": "A103A0EAB14925450",
    "cantidad_archivos": 1,
    "archivos_fuente": [
      "Library/Caches/Google/Chrome/Default/Cache/Cache_Data/a103a0eab1492545_0"
    ],
    "ultima_modificacion": "2025-08-01 01:01:59.613122"
  },
  "795dcddcf4d424030": {
    "app_sintetizada": "795DCDDCF4D424030",
    "cantidad_archivos": 1,
    "archivos_fuente": [
      "Library/Caches/Google/Chrome/Default/Cache/Cache_Data/795dcddcf4d42403_0"
    ],
    "ultima_modificacion": "2025-08-01 01:01:59.613430"
  },
  "ebc514e5577040b10": {
    "app_sintetizada": "EBC514E5577040B10",
    "cantidad_archivos": 1,
    "archivos_fuente": [
      "Library/Caches/Google/Chrome/Default/Cache/Cache_Data/ebc514e5577040b1_0"
    ],
    "ultima_modificacion": "2025-08-01 01:01:59.613687"
  },
  "525209c0fc183c200": {
    "app_sintetizada": "525209C0FC183C200",
    "cantidad_archivos": 1,
    "archivos_fuente": [
      "Library/Caches/Google/Chrome/Default/Cache/Cache_Data/525209c0fc183c20_0"
    ],
    "ultima_modificacion": "2025-08-01 01:01:59.613962"
  },
  "9b8057559382fe5c0": {
    "app_sintetizada": "9B8057559382FE5C0",
    "cantidad_archivos": 1,
    "archivos_fuente": [
      "Library/Caches/Google/Chrome/Default/Cache/Cache_Data/9b8057559382fe5c_0"
    ],
    "ultima_modificacion": "2025-08-01 01:01:59.614232"
  },
  "7ef179144a1325a00": {
    "app_sintetizada": "7EF179144A1325A00",
    "cantidad_archivos": 1,
    "archivos_fuente": [
      "Library/Caches/Google/Chrome/Default/Cache/Cache_Data/7ef179144a1325a0_0"
    ],
    "ultima_modificacion": "2025-08-01 01:01:59.614500"
  },
  "602121666f9f18eb0": {
    "app_sintetizada": "602121666F9F18EB0",
    "cantidad_archivos": 1,
    "archivos_fuente": [
      "Library/Caches/Google/Chrome/Default/Cache/Cache_Data/602121666f9f18eb_0"
    ],
    "ultima_modificacion": "2025-08-01 01:01:59.614834"
  },
  "739256cdc6b273340": {
    "app_sintetizada": "739256CDC6B273340",
    "cantidad_archivos": 1,
    "archivos_fuente": [
      "Library/Caches/Google/Chrome/Default/Cache/Cache_Data/739256cdc6b27334_0"
    ],
    "ultima_modificacion": "2025-08-01 01:01:59.615096"
  },
  "c337b5a6fd61aa870": {
    "app_sintetizada": "C337B5A6FD61AA870",
    "cantidad_archivos": 1,
    "archivos_fuente": [
      "Library/Caches/Google/Chrome/Default/Cache/Cache_Data/c337b5a6fd61aa87_0"
    ],
    "ultima_modificacion": "2025-08-01 01:01:59.615360"
  },
  "0d19d9b1cbb5907e0": {
    "app_sintetizada": "0D19D9B1CBB5907E0",
    "cantidad_archivos": 1,
    "archivos_fuente": [
      "Library/Caches/Google/Chrome/Default/Cache/Cache_Data/0d19d9b1cbb5907e_0"
    ],
    "ultima_modificacion": "2025-08-01 01:01:59.615626"
  },
  "dc4076b5c8c1ee1c0": {
    "app_sintetizada": "DC4076B5C8C1EE1C0",
    "cantidad_archivos": 1,
    "archivos_fuente": [
      "Library/Caches/Google/Chrome/Default/Cache/Cache_Data/dc4076b5c8c1ee1c_0"
    ],
    "ultima_modificacion": "2025-08-01 01:01:59.615905"
  },
  "2da90bb2d54881350": {
    "app_sintetizada": "2DA90BB2D54881350",
    "cantidad_archivos": 1,
    "archivos_fuente": [
      "Library/Caches/Google/Chrome/Default/Cache/Cache_Data/2da90bb2d5488135_0"
    ],
    "ultima_modificacion": "2025-08-01 01:01:59.616208"
  },
  "0ffb2bc8560caa7f0": {
    "app_sintetizada": "0FFB2BC8560CAA7F0",
    "cantidad_archivos": 1,
    "archivos_fuente": [
      "Library/Caches/Google/Chrome/Default/Cache/Cache_Data/0ffb2bc8560caa7f_0"
    ],
    "ultima_modificacion": "2025-08-01 01:01:59.616477"
  },
  "25ccf5f14fff3bed0": {
    "app_sintetizada": "25CCF5F14FFF3BED0",
    "cantidad_archivos": 1,
    "archivos_fuente": [
      "Library/Caches/Google/Chrome/Default/Cache/Cache_Data/25ccf5f14fff3bed_0"
    ],
    "ultima_modificacion": "2025-08-01 01:01:59.616862"
  },
  "b4c33f52bf294d520": {
    "app_sintetizada": "B4C33F52BF294D520",
    "cantidad_archivos": 1,
    "archivos_fuente": [
      "Library/Caches/Google/Chrome/Default/Cache/Cache_Data/b4c33f52bf294d52_0"
    ],
    "ultima_modificacion": "2025-08-01 01:01:59.617104"
  },
  "d02a34ffb72aac660": {
    "app_sintetizada": "D02A34FFB72AAC660",
    "cantidad_archivos": 1,
    "archivos_fuente": [
      "Library/Caches/Google/Chrome/Default/Cache/Cache_Data/d02a34ffb72aac66_0"
    ],
    "ultima_modificacion": "2025-08-01 01:01:59.617387"
  },
  "de1cbdb9f6810e100": {
    "app_sintetizada": "DE1CBDB9F6810E100",
    "cantidad_archivos": 1,
    "archivos_fuente": [
      "Library/Caches/Google/Chrome/Default/Cache/Cache_Data/de1cbdb9f6810e10_0"
    ],
    "ultima_modificacion": "2025-08-01 01:01:59.617709"
  },
  "6c9ee145e4035c090": {
    "app_sintetizada": "6C9EE145E4035C090",
    "cantidad_archivos": 1,
    "archivos_fuente": [
      "Library/Caches/Google/Chrome/Default/Cache/Cache_Data/6c9ee145e4035c09_0"
    ],
    "ultima_modificacion": "2025-08-01 01:01:59.617984"
  },
  "943197516790ddba0": {
    "app_sintetizada": "943197516790DDBA0",
    "cantidad_archivos": 1,
    "archivos_fuente": [
      "Library/Caches/Google/Chrome/Default/Cache/Cache_Data/943197516790ddba_0"
    ],
    "ultima_modificacion": "2025-08-01 01:01:59.618237"
  },
  "15d18519b25ce7fc0": {
    "app_sintetizada": "15D18519B25CE7FC0",
    "cantidad_archivos": 1,
    "archivos_fuente": [
      "Library/Caches/Google/Chrome/Default/Cache/Cache_Data/15d18519b25ce7fc_0"
    ],
    "ultima_modificacion": "2025-08-01 01:01:59.618484"
  },
  "9be537fdbd127d790": {
    "app_sintetizada": "9BE537FDBD127D790",
    "cantidad_archivos": 1,
    "archivos_fuente": [
      "Library/Caches/Google/Chrome/Default/Cache/Cache_Data/9be537fdbd127d79_0"
    ],
    "ultima_modificacion": "2025-08-01 01:01:59.618700"
  },
  "4c363247beb9d8d30": {
    "app_sintetizada": "4C363247BEB9D8D30",
    "cantidad_archivos": 1,
    "archivos_fuente": [
      "Library/Caches/Google/Chrome/Default/Cache/Cache_Data/4c363247beb9d8d3_0"
    ],
    "ultima_modificacion": "2025-08-01 01:01:59.618929"
  },
  "92696ccb50a5154f0": {
    "app_sintetizada": "92696CCB50A5154F0",
    "cantidad_archivos": 1,
    "archivos_fuente": [
      "Library/Caches/Google/Chrome/Default/Cache/Cache_Data/92696ccb50a5154f_0"
    ],
    "ultima_modificacion": "2025-08-01 01:01:59.619150"
  },
  "17a36b6a96d4c2e10": {
    "app_sintetizada": "17A36B6A96D4C2E10",
    "cantidad_archivos": 1,
    "archivos_fuente": [
      "Library/Caches/Google/Chrome/Default/Cache/Cache_Data/17a36b6a96d4c2e1_0"
    ],
    "ultima_modificacion": "2025-08-01 01:01:59.619363"
  },
  "01be6afbe33e890e0": {
    "app_sintetizada": "01BE6AFBE33E890E0",
    "cantidad_archivos": 1,
    "archivos_fuente": [
      "Library/Caches/Google/Chrome/Default/Cache/Cache_Data/01be6afbe33e890e_0"
    ],
    "ultima_modificacion": "2025-08-01 01:01:59.619580"
  },
  "e6644754aeab0acf0": {
    "app_sintetizada": "E6644754AEAB0ACF0",
    "cantidad_archivos": 1,
    "archivos_fuente": [
      "Library/Caches/Google/Chrome/Default/Cache/Cache_Data/e6644754aeab0acf_0"
    ],
    "ultima_modificacion": "2025-08-01 01:01:59.619794"
  },
  "8ae190d446ea1f990": {
    "app_sintetizada": "8AE190D446EA1F990",
    "cantidad_archivos": 1,
    "archivos_fuente": [
      "Library/Caches/Google/Chrome/Default/Cache/Cache_Data/8ae190d446ea1f99_0"
    ],
    "ultima_modificacion": "2025-08-01 01:01:59.620013"
  },
  "279a9f5585b5fb050": {
    "app_sintetizada": "279A9F5585B5FB050",
    "cantidad_archivos": 1,
    "archivos_fuente": [
      "Library/Caches/Google/Chrome/Default/Cache/Cache_Data/279a9f5585b5fb05_0"
    ],
    "ultima_modificacion": "2025-08-01 01:01:59.620238"
  },
  "b44053e299342eab0": {
    "app_sintetizada": "B44053E299342EAB0",
    "cantidad_archivos": 1,
    "archivos_fuente": [
      "Library/Caches/Google/Chrome/Default/Cache/Cache_Data/b44053e299342eab_0"
    ],
    "ultima_modificacion": "2025-08-01 01:01:59.620451"
  },
  "1bf0c955b3c519d50": {
    "app_sintetizada": "1BF0C955B3C519D50",
    "cantidad_archivos": 1,
    "archivos_fuente": [
      "Library/Caches/Google/Chrome/Default/Cache/Cache_Data/1bf0c955b3c519d5_0"
    ],
    "ultima_modificacion": "2025-08-01 01:01:59.620662"
  },
  "a2e48d157cbf39960": {
    "app_sintetizada": "A2E48D157CBF39960",
    "cantidad_archivos": 1,
    "archivos_fuente": [
      "Library/Caches/Google/Chrome/Default/Cache/Cache_Data/a2e48d157cbf3996_0"
    ],
    "ultima_modificacion": "2025-08-01 01:01:59.620872"
  },
  "58158da58816c4fe0": {
    "app_sintetizada": "58158DA58816C4FE0",
    "cantidad_archivos": 1,
    "archivos_fuente": [
      "Library/Caches/Google/Chrome/Default/Cache/Cache_Data/58158da58816c4fe_0"
    ],
    "ultima_modificacion": "2025-08-01 01:01:59.621089"
  },
  "5f6712329c8400c40": {
    "app_sintetizada": "5F6712329C8400C40",
    "cantidad_archivos": 1,
    "archivos_fuente": [
      "Library/Caches/Google/Chrome/Default/Cache/Cache_Data/5f6712329c8400c4_0"
    ],
    "ultima_modificacion": "2025-08-01 01:01:59.621365"
  },
  "ec517ca44ff9f6e20": {
    "app_sintetizada": "EC517CA44FF9F6E20",
    "cantidad_archivos": 1,
    "archivos_fuente": [
      "Library/Caches/Google/Chrome/Default/Cache/Cache_Data/ec517ca44ff9f6e2_0"
    ],
    "ultima_modificacion": "2025-08-01 01:01:59.621695"
  },
  "9873edb487fd643b0": {
    "app_sintetizada": "9873EDB487FD643B0",
    "cantidad_archivos": 1,
    "archivos_fuente": [
      "Library/Caches/Google/Chrome/Default/Cache/Cache_Data/9873edb487fd643b_0"
    ],
    "ultima_modificacion": "2025-08-01 01:01:59.621951"
  },
  "27303e11f65975520": {
    "app_sintetizada": "27303E11F65975520",
    "cantidad_archivos": 1,
    "archivos_fuente": [
      "Library/Caches/Google/Chrome/Default/Cache/Cache_Data/27303e11f6597552_0"
    ],
    "ultima_modificacion": "2025-08-01 01:01:59.622302"
  },
  "b8df9298f96587af0": {
    "app_sintetizada": "B8DF9298F96587AF0",
    "cantidad_archivos": 1,
    "archivos_fuente": [
      "Library/Caches/Google/Chrome/Default/Cache/Cache_Data/b8df9298f96587af_0"
    ],
    "ultima_modificacion": "2025-08-01 01:01:59.622573"
  },
  "dc256c90d12bd1460": {
    "app_sintetizada": "DC256C90D12BD1460",
    "cantidad_archivos": 1,
    "archivos_fuente": [
      "Library/Caches/Google/Chrome/Default/Cache/Cache_Data/dc256c90d12bd146_0"
    ],
    "ultima_modificacion": "2025-08-01 01:01:59.622954"
  },
  "f42f8c07bb0092890": {
    "app_sintetizada": "F42F8C07BB0092890",
    "cantidad_archivos": 1,
    "archivos_fuente": [
      "Library/Caches/Google/Chrome/Default/Cache/Cache_Data/f42f8c07bb009289_0"
    ],
    "ultima_modificacion": "2025-08-01 01:01:59.623302"
  },
  "bfa142717029453b0": {
    "app_sintetizada": "BFA142717029453B0",
    "cantidad_archivos": 1,
    "archivos_fuente": [
      "Library/Caches/Google/Chrome/Default/Cache/Cache_Data/bfa142717029453b_0"
    ],
    "ultima_modificacion": "2025-08-01 01:01:59.623667"
  },
  "d622cd4d90a8b8300": {
    "app_sintetizada": "D622CD4D90A8B8300",
    "cantidad_archivos": 1,
    "archivos_fuente": [
      "Library/Caches/Google/Chrome/Default/Cache/Cache_Data/d622cd4d90a8b830_0"
    ],
    "ultima_modificacion": "2025-08-01 01:01:59.624003"
  },
  "fab73615b5080c2e0": {
    "app_sintetizada": "FAB73615B5080C2E0",
    "cantidad_archivos": 1,
    "archivos_fuente": [
      "Library/Caches/Google/Chrome/Default/Cache/Cache_Data/fab73615b5080c2e_0"
    ],
    "ultima_modificacion": "2025-08-01 01:01:59.624331"
  },
  "c6b5529c526b82140": {
    "app_sintetizada": "C6B5529C526B82140",
    "cantidad_archivos": 1,
    "archivos_fuente": [
      "Library/Caches/Google/Chrome/Default/Cache/Cache_Data/c6b5529c526b8214_0"
    ],
    "ultima_modificacion": "2025-08-01 01:01:59.624593"
  },
  "008e422fa0799ab20": {
    "app_sintetizada": "008E422FA0799AB20",
    "cantidad_archivos": 1,
    "archivos_fuente": [
      "Library/Caches/Google/Chrome/Default/Cache/Cache_Data/008e422fa0799ab2_0"
    ],
    "ultima_modificacion": "2025-08-01 01:01:59.624857"
  },
  "83c4007ced9ed8d60": {
    "app_sintetizada": "83C4007CED9ED8D60",
    "cantidad_archivos": 1,
    "archivos_fuente": [
      "Library/Caches/Google/Chrome/Default/Cache/Cache_Data/83c4007ced9ed8d6_0"
    ],
    "ultima_modificacion": "2025-08-01 01:01:59.625105"
  },
  "ce2f8f03a71387a10": {
    "app_sintetizada": "CE2F8F03A71387A10",
    "cantidad_archivos": 1,
    "archivos_fuente": [
      "Library/Caches/Google/Chrome/Default/Cache/Cache_Data/ce2f8f03a71387a1_0"
    ],
    "ultima_modificacion": "2025-08-01 01:01:59.625459"
  }
}