{
  "b9e467c568e3b6420": {
    "app_sintetizada": "B9E467C568E3B6420",
    "cantidad_archivos": 1,
    "archivos_fuente": [
      "Library/Caches/Google/Chrome/Default/Cache/Cache_Data/b9e467c568e3b642_0"
    ],
    "ultima_modificacion": "2025-08-01 01:02:03.632033"
  },
  "64be2fc81f6805e10": {
    "app_sintetizada": "64BE2FC81F6805E10",
    "cantidad_archivos": 1,
    "archivos_fuente": [
      "Library/Caches/Google/Chrome/Default/Cache/Cache_Data/64be2fc81f6805e1_0"
    ],
    "ultima_modificacion": "2025-08-01 01:02:03.632235"
  },
  "82eb16da1f5a71920": {
    "app_sintetizada": "82EB16DA1F5A71920",
    "cantidad_archivos": 1,
    "archivos_fuente": [
      "Library/Caches/Google/Chrome/Default/Cache/Cache_Data/82eb16da1f5a7192_0"
    ],
    "ultima_modificacion": "2025-08-01 01:02:03.632526"
  },
  "da7f06074ac424fb0": {
    "app_sintetizada": "DA7F06074AC424FB0",
    "cantidad_archivos": 1,
    "archivos_fuente": [
      "Library/Caches/Google/Chrome/Default/Cache/Cache_Data/da7f06074ac424fb_0"
    ],
    "ultima_modificacion": "2025-08-01 01:02:03.632852"
  },
  "93152e69ac5c19410": {
    "app_sintetizada": "93152E69AC5C19410",
    "cantidad_archivos": 1,
    "archivos_fuente": [
      "Library/Caches/Google/Chrome/Default/Cache/Cache_Data/93152e69ac5c1941_0"
    ],
    "ultima_modificacion": "2025-08-01 01:02:03.633194"
  },
  "fcea357b0d448d510": {
    "app_sintetizada": "FCEA357B0D448D510",
    "cantidad_archivos": 1,
    "archivos_fuente": [
      "Library/Caches/Google/Chrome/Default/Cache/Cache_Data/fcea357b0d448d51_0"
    ],
    "ultima_modificacion": "2025-08-01 01:02:03.633435"
  },
  "12a14d7d7659fedf0": {
    "app_sintetizada": "12A14D7D7659FEDF0",
    "cantidad_archivos": 1,
    "archivos_fuente": [
      "Library/Caches/Google/Chrome/Default/Cache/Cache_Data/12a14d7d7659fedf_0"
    ],
    "ultima_modificacion": "2025-08-01 01:02:03.633724"
  },
  "05f28478dc5733850": {
    "app_sintetizada": "05F28478DC5733850",
    "cantidad_archivos": 1,
    "archivos_fuente": [
      "Library/Caches/Google/Chrome/Default/Cache/Cache_Data/05f28478dc573385_0"
    ],
    "ultima_modificacion": "2025-08-01 01:02:03.634021"
  },
  "1cafd7c7d789910c0": {
    "app_sintetizada": "1CAFD7C7D789910C0",
    "cantidad_archivos": 1,
    "archivos_fuente": [
      "Library/Caches/Google/Chrome/Default/Cache/Cache_Data/1cafd7c7d789910c_0"
    ],
    "ultima_modificacion": "2025-08-01 01:02:03.634311"
  },
  "24163b6f4366e7390": {
    "app_sintetizada": "24163B6F4366E7390",
    "cantidad_archivos": 1,
    "archivos_fuente": [
      "Library/Caches/Google/Chrome/Default/Cache/Cache_Data/24163b6f4366e739_0"
    ],
    "ultima_modificacion": "2025-08-01 01:02:03.634562"
  },
  "280ef751b4d1087a0": {
    "app_sintetizada": "280EF751B4D1087A0",
    "cantidad_archivos": 1,
    "archivos_fuente": [
      "Library/Caches/Google/Chrome/Default/Cache/Cache_Data/280ef751b4d1087a_0"
    ],
    "ultima_modificacion": "2025-08-01 01:02:03.634816"
  },
  "71f285adab89cb6f0": {
    "app_sintetizada": "71F285ADAB89CB6F0",
    "cantidad_archivos": 1,
    "archivos_fuente": [
      "Library/Caches/Google/Chrome/Default/Cache/Cache_Data/71f285adab89cb6f_0"
    ],
    "ultima_modificacion": "2025-08-01 01:02:03.635104"
  },
  "a018adeeb5c99a310": {
    "app_sintetizada": "A018ADEEB5C99A310",
    "cantidad_archivos": 1,
    "archivos_fuente": [
      "Library/Caches/Google/Chrome/Default/Cache/Cache_Data/a018adeeb5c99a31_0"
    ],
    "ultima_modificacion": "2025-08-01 01:02:03.635350"
  },
  "b281e23a2b4e2e680": {
    "app_sintetizada": "B281E23A2B4E2E680",
    "cantidad_archivos": 1,
    "archivos_fuente": [
      "Library/Caches/Google/Chrome/Default/Cache/Cache_Data/b281e23a2b4e2e68_0"
    ],
    "ultima_modificacion": "2025-08-01 01:02:03.635679"
  },
  "01b3d48071aadada0": {
    "app_sintetizada": "01B3D48071AADADA0",
    "cantidad_archivos": 1,
    "archivos_fuente": [
      "Library/Caches/Google/Chrome/Default/Cache/Cache_Data/01b3d48071aadada_0"
    ],
    "ultima_modificacion": "2025-08-01 01:02:03.635989"
  },
  "35d2a2d28d6308630": {
    "app_sintetizada": "35D2A2D28D6308630",
    "cantidad_archivos": 1,
    "archivos_fuente": [
      "Library/Caches/Google/Chrome/Default/Cache/Cache_Data/35d2a2d28d630863_0"
    ],
    "ultima_modificacion": "2025-08-01 01:02:03.636311"
  },
  "4cd3bce6ffc7d49e0": {
    "app_sintetizada": "4CD3BCE6FFC7D49E0",
    "cantidad_archivos": 1,
    "archivos_fuente": [
      "Library/Caches/Google/Chrome/Default/Cache/Cache_Data/4cd3bce6ffc7d49e_0"
    ],
    "ultima_modificacion": "2025-08-01 01:02:03.636634"
  },
  "68a9adf8a74c6f8f0": {
    "app_sintetizada": "68A9ADF8A74C6F8F0",
    "cantidad_archivos": 1,
    "archivos_fuente": [
      "Library/Caches/Google/Chrome/Default/Cache/Cache_Data/68a9adf8a74c6f8f_0"
    ],
    "ultima_modificacion": "2025-08-01 01:02:03.636870"
  },
  "5191254633d7c6420": {
    "app_sintetizada": "5191254633D7C6420",
    "cantidad_archivos": 1,
    "archivos_fuente": [
      "Library/Caches/Google/Chrome/Default/Cache/Cache_Data/5191254633d7c642_0"
    ],
    "ultima_modificacion": "2025-08-01 01:02:03.637138"
  },
  "0870c797256307f60": {
    "app_sintetizada": "0870C797256307F60",
    "cantidad_archivos": 1,
    "archivos_fuente": [
      "Library/Caches/Google/Chrome/Default/Cache/Cache_Data/0870c797256307f6_0"
    ],
    "ultima_modificacion": "2025-08-01 01:02:03.637381"
  },
  "2c2b50fc2186daed0": {
    "app_sintetizada": "2C2B50FC2186DAED0",
    "cantidad_archivos": 1,
    "archivos_fuente": [
      "Library/Caches/Google/Chrome/Default/Cache/Cache_Data/2c2b50fc2186daed_0"
    ],
    "ultima_modificacion": "2025-08-01 01:02:03.637729"
  },
  "dc49a08a80c364fa0": {
    "app_sintetizada": "DC49A08A80C364FA0",
    "cantidad_archivos": 1,
    "archivos_fuente": [
      "Library/Caches/Google/Chrome/Default/Cache/Cache_Data/dc49a08a80c364fa_0"
    ],
    "ultima_modificacion": "2025-08-01 01:02:03.638169"
  },
  "b482d48b26f544e80": {
    "app_sintetizada": "B482D48B26F544E80",
    "cantidad_archivos": 1,
    "archivos_fuente": [
      "Library/Caches/Google/Chrome/Default/Cache/Cache_Data/b482d48b26f544e8_0"
    ],
    "ultima_modificacion": "2025-08-01 01:02:03.638613"
  },
  "19dd7f8d2991b4b60": {
    "app_sintetizada": "19DD7F8D2991B4B60",
    "cantidad_archivos": 1,
    "archivos_fuente": [
      "Library/Caches/Google/Chrome/Default/Cache/Cache_Data/19dd7f8d2991b4b6_0"
    ],
    "ultima_modificacion": "2025-08-01 01:02:03.638919"
  },
  "72fcf5a204734d9b0": {
    "app_sintetizada": "72FCF5A204734D9B0",
    "cantidad_archivos": 1,
    "archivos_fuente": [
      "Library/Caches/Google/Chrome/Default/Cache/Cache_Data/72fcf5a204734d9b_0"
    ],
    "ultima_modificacion": "2025-08-01 01:02:03.639217"
  },
  "71ea23083e64a4320": {
    "app_sintetizada": "71EA23083E64A4320",
    "cantidad_archivos": 1,
    "archivos_fuente": [
      "Library/Caches/Google/Chrome/Default/Cache/Cache_Data/71ea23083e64a432_0"
    ],
    "ultima_modificacion": "2025-08-01 01:02:03.639531"
  },
  "d7adf4283c3f35d70": {
    "app_sintetizada": "D7ADF4283C3F35D70",
    "cantidad_archivos": 1,
    "archivos_fuente": [
      "Library/Caches/Google/Chrome/Default/Cache/Cache_Data/d7adf4283c3f35d7_0"
    ],
    "ultima_modificacion": "2025-08-01 01:02:03.639906"
  },
  "bb4133bcdd7e868b0": {
    "app_sintetizada": "BB4133BCDD7E868B0",
    "cantidad_archivos": 1,
    "archivos_fuente": [
      "Library/Caches/Google/Chrome/Default/Cache/Cache_Data/bb4133bcdd7e868b_0"
    ],
    "ultima_modificacion": "2025-08-01 01:02:03.640341"
  },
  "c4ae5c2435b0edea0": {
    "app_sintetizada": "C4AE5C2435B0EDEA0",
    "cantidad_archivos": 1,
    "archivos_fuente": [
      "Library/Caches/Google/Chrome/Default/Cache/Cache_Data/c4ae5c2435b0edea_0"
    ],
    "ultima_modificacion": "2025-08-01 01:02:03.640658"
  },
  "051a8fe9e95d62ce0": {
    "app_sintetizada": "051A8FE9E95D62CE0",
    "cantidad_archivos": 1,
    "archivos_fuente": [
      "Library/Caches/Google/Chrome/Default/Cache/Cache_Data/051a8fe9e95d62ce_0"
    ],
    "ultima_modificacion": "2025-08-01 01:02:03.641027"
  },
  "b11ce624b9f2f7270": {
    "app_sintetizada": "B11CE624B9F2F7270",
    "cantidad_archivos": 1,
    "archivos_fuente": [
      "Library/Caches/Google/Chrome/Default/Cache/Cache_Data/b11ce624b9f2f727_0"
    ],
    "ultima_modificacion": "2025-08-01 01:02:03.641553"
  },
  "d0bafd7c652b104e0": {
    "app_sintetizada": "D0BAFD7C652B104E0",
    "cantidad_archivos": 1,
    "archivos_fuente": [
      "Library/Caches/Google/Chrome/Default/Cache/Cache_Data/d0bafd7c652b104e_0"
    ],
    "ultima_modificacion": "2025-08-01 01:02:03.641869"
  },
  "d184591a3ec7d3f80": {
    "app_sintetizada": "D184591A3EC7D3F80",
    "cantidad_archivos": 1,
    "archivos_fuente": [
      "Library/Caches/Google/Chrome/Default/Cache/Cache_Data/d184591a3ec7d3f8_0"
    ],
    "ultima_modificacion": "2025-08-01 01:02:03.642192"
  },
  "30556a51d85d0d650": {
    "app_sintetizada": "30556A51D85D0D650",
    "cantidad_archivos": 1,
    "archivos_fuente": [
      "Library/Caches/Google/Chrome/Default/Cache/Cache_Data/30556a51d85d0d65_0"
    ],
    "ultima_modificacion": "2025-08-01 01:02:03.642503"
  },
  "45d519d4996c8e4a0": {
    "app_sintetizada": "45D519D4996C8E4A0",
    "cantidad_archivos": 1,
    "archivos_fuente": [
      "Library/Caches/Google/Chrome/Default/Cache/Cache_Data/45d519d4996c8e4a_0"
    ],
    "ultima_modificacion": "2025-08-01 01:02:03.642817"
  },
  "f8edaa529ab1aabc0": {
    "app_sintetizada": "F8EDAA529AB1AABC0",
    "cantidad_archivos": 1,
    "archivos_fuente": [
      "Library/Caches/Google/Chrome/Default/Cache/Cache_Data/f8edaa529ab1aabc_0"
    ],
    "ultima_modificacion": "2025-08-01 01:02:03.643121"
  },
  "5858d6a30cd1ff640": {
    "app_sintetizada": "5858D6A30CD1FF640",
    "cantidad_archivos": 1,
    "archivos_fuente": [
      "Library/Caches/Google/Chrome/Default/Cache/Cache_Data/5858d6a30cd1ff64_0"
    ],
    "ultima_modificacion": "2025-08-01 01:02:03.643418"
  },
  "5d6bdb4ffe885beb0": {
    "app_sintetizada": "5D6BDB4FFE885BEB0",
    "cantidad_archivos": 1,
    "archivos_fuente": [
      "Library/Caches/Google/Chrome/Default/Cache/Cache_Data/5d6bdb4ffe885beb_0"
    ],
    "ultima_modificacion": "2025-08-01 01:02:03.643753"
  },
  "1cdaf7ab2317f70e0": {
    "app_sintetizada": "1CDAF7AB2317F70E0",
    "cantidad_archivos": 1,
    "archivos_fuente": [
      "Library/Caches/Google/Chrome/Default/Cache/Cache_Data/1cdaf7ab2317f70e_0"
    ],
    "ultima_modificacion": "2025-08-01 01:02:03.644067"
  },
  "cfb837ad8070c9b90": {
    "app_sintetizada": "CFB837AD8070C9B90",
    "cantidad_archivos": 1,
    "archivos_fuente": [
      "Library/Caches/Google/Chrome/Default/Cache/Cache_Data/cfb837ad8070c9b9_0"
    ],
    "ultima_modificacion": "2025-08-01 01:02:03.644398"
  },
  "ec4f25c565db839f0": {
    "app_sintetizada": "EC4F25C565DB839F0",
    "cantidad_archivos": 1,
    "archivos_fuente": [
      "Library/Caches/Google/Chrome/Default/Cache/Cache_Data/ec4f25c565db839f_0"
    ],
    "ultima_modificacion": "2025-08-01 01:02:03.644723"
  },
  "639c8c2c1e89d7cb0": {
    "app_sintetizada": "639C8C2C1E89D7CB0",
    "cantidad_archivos": 1,
    "archivos_fuente": [
      "Library/Caches/Google/Chrome/Default/Cache/Cache_Data/639c8c2c1e89d7cb_0"
    ],
    "ultima_modificacion": "2025-08-01 01:02:03.645041"
  },
  "1e61f8fb9cd8aab10": {
    "app_sintetizada": "1E61F8FB9CD8AAB10",
    "cantidad_archivos": 1,
    "archivos_fuente": [
      "Library/Caches/Google/Chrome/Default/Cache/Cache_Data/1e61f8fb9cd8aab1_0"
    ],
    "ultima_modificacion": "2025-08-01 01:02:03.645698"
  },
  "2abe9fbedee7578e0": {
    "app_sintetizada": "2ABE9FBEDEE7578E0",
    "cantidad_archivos": 1,
    "archivos_fuente": [
      "Library/Caches/Google/Chrome/Default/Cache/Cache_Data/2abe9fbedee7578e_0"
    ],
    "ultima_modificacion": "2025-08-01 01:02:03.646045"
  },
  "360dfe6a8ebcbfab0": {
    "app_sintetizada": "360DFE6A8EBCBFAB0",
    "cantidad_archivos": 1,
    "archivos_fuente": [
      "Library/Caches/Google/Chrome/Default/Cache/Cache_Data/360dfe6a8ebcbfab_0"
    ],
    "ultima_modificacion": "2025-08-01 01:02:03.646385"
  },
  "98bc73ec46220c110": {
    "app_sintetizada": "98BC73EC46220C110",
    "cantidad_archivos": 1,
    "archivos_fuente": [
      "Library/Caches/Google/Chrome/Default/Cache/Cache_Data/98bc73ec46220c11_0"
    ],
    "ultima_modificacion": "2025-08-01 01:02:03.646739"
  },
  "2374e8c1927b8e350": {
    "app_sintetizada": "2374E8C1927B8E350",
    "cantidad_archivos": 1,
    "archivos_fuente": [
      "Library/Caches/Google/Chrome/Default/Cache/Cache_Data/2374e8c1927b8e35_0"
    ],
    "ultima_modificacion": "2025-08-01 01:02:03.647076"
  },
  "e10ec020478fbf5c0": {
    "app_sintetizada": "E10EC020478FBF5C0",
    "cantidad_archivos": 1,
    "archivos_fuente": [
      "Library/Caches/Google/Chrome/Default/Cache/Cache_Data/e10ec020478fbf5c_0"
    ],
    "ultima_modificacion": "2025-08-01 01:02:03.647422"
  },
  "a4e97f544815988d0": {
    "app_sintetizada": "A4E97F544815988D0",
    "cantidad_archivos": 1,
    "archivos_fuente": [
      "Library/Caches/Google/Chrome/Default/Cache/Cache_Data/a4e97f544815988d_0"
    ],
    "ultima_modificacion": "2025-08-01 01:02:03.647763"
  },
  "53060f4f499dc7280": {
    "app_sintetizada": "53060F4F499DC7280",
    "cantidad_archivos": 1,
    "archivos_fuente": [
      "Library/Caches/Google/Chrome/Default/Cache/Cache_Data/53060f4f499dc728_0"
    ],
    "ultima_modificacion": "2025-08-01 01:02:03.648190"
  },
  "067c06bed8aa6dd40": {
    "app_sintetizada": "067C06BED8AA6DD40",
    "cantidad_archivos": 1,
    "archivos_fuente": [
      "Library/Caches/Google/Chrome/Default/Cache/Cache_Data/067c06bed8aa6dd4_0"
    ],
    "ultima_modificacion": "2025-08-01 01:02:03.648551"
  },
  "e2291d0ce5a8117b0": {
    "app_sintetizada": "E2291D0CE5A8117B0",
    "cantidad_archivos": 1,
    "archivos_fuente": [
      "Library/Caches/Google/Chrome/Default/Cache/Cache_Data/e2291d0ce5a8117b_0"
    ],
    "ultima_modificacion": "2025-08-01 01:02:03.648884"
  },
  "39e29302c732cee20": {
    "app_sintetizada": "39E29302C732CEE20",
    "cantidad_archivos": 1,
    "archivos_fuente": [
      "Library/Caches/Google/Chrome/Default/Cache/Cache_Data/39e29302c732cee2_0"
    ],
    "ultima_modificacion": "2025-08-01 01:02:03.649215"
  },
  "4a8b64588350c2fc0": {
    "app_sintetizada": "4A8B64588350C2FC0",
    "cantidad_archivos": 1,
    "archivos_fuente": [
      "Library/Caches/Google/Chrome/Default/Cache/Cache_Data/4a8b64588350c2fc_0"
    ],
    "ultima_modificacion": "2025-08-01 01:02:03.649528"
  },
  "d0bef642ecca87600": {
    "app_sintetizada": "D0BEF642ECCA87600",
    "cantidad_archivos": 1,
    "archivos_fuente": [
      "Library/Caches/Google/Chrome/Default/Cache/Cache_Data/d0bef642ecca8760_0"
    ],
    "ultima_modificacion": "2025-08-01 01:02:03.649840"
  },
  "090d79c1d2a6fbfd0": {
    "app_sintetizada": "090D79C1D2A6FBFD0",
    "cantidad_archivos": 1,
    "archivos_fuente": [
      "Library/Caches/Google/Chrome/Default/Cache/Cache_Data/090d79c1d2a6fbfd_0"
    ],
    "ultima_modificacion": "2025-08-01 01:02:03.650157"
  },
  "8d653c8c250131c90": {
    "app_sintetizada": "8D653C8C250131C90",
    "cantidad_archivos": 1,
    "archivos_fuente": [
      "Library/Caches/Google/Chrome/Default/Cache/Cache_Data/8d653c8c250131c9_0"
    ],
    "ultima_modificacion": "2025-08-01 01:02:03.650485"
  },
  "135a1f01c65277190": {
    "app_sintetizada": "135A1F01C65277190",
    "cantidad_archivos": 1,
    "archivos_fuente": [
      "Library/Caches/Google/Chrome/Default/Cache/Cache_Data/135a1f01c6527719_0"
    ],
    "ultima_modificacion": "2025-08-01 01:02:03.650819"
  },
  "eb77882f82e836940": {
    "app_sintetizada": "EB77882F82E836940",
    "cantidad_archivos": 1,
    "archivos_fuente": [
      "Library/Caches/Google/Chrome/Default/Cache/Cache_Data/eb77882f82e83694_0"
    ],
    "ultima_modificacion": "2025-08-01 01:02:03.651215"
  },
  "6d6664e9889b80dd0": {
    "app_sintetizada": "6D6664E9889B80DD0",
    "cantidad_archivos": 1,
    "archivos_fuente": [
      "Library/Caches/Google/Chrome/Default/Cache/Cache_Data/6d6664e9889b80dd_0"
    ],
    "ultima_modificacion": "2025-08-01 01:02:03.651591"
  },
  "74f349c6017b58810": {
    "app_sintetizada": "74F349C6017B58810",
    "cantidad_archivos": 1,
    "archivos_fuente": [
      "Library/Caches/Google/Chrome/Default/Cache/Cache_Data/74f349c6017b5881_0"
    ],
    "ultima_modificacion": "2025-08-01 01:02:03.651947"
  },
  "ea47a228ccae8e0b0": {
    "app_sintetizada": "EA47A228CCAE8E0B0",
    "cantidad_archivos": 1,
    "archivos_fuente": [
      "Library/Caches/Google/Chrome/Default/Cache/Cache_Data/ea47a228ccae8e0b_0"
    ],
    "ultima_modificacion": "2025-08-01 01:02:03.652287"
  },
  "8b581eca21782d160": {
    "app_sintetizada": "8B581ECA21782D160",
    "cantidad_archivos": 1,
    "archivos_fuente": [
      "Library/Caches/Google/Chrome/Default/Cache/Cache_Data/8b581eca21782d16_0"
    ],
    "ultima_modificacion": "2025-08-01 01:02:03.652628"
  },
  "90b79b9dab0e94f70": {
    "app_sintetizada": "90B79B9DAB0E94F70",
    "cantidad_archivos": 1,
    "archivos_fuente": [
      "Library/Caches/Google/Chrome/Default/Cache/Cache_Data/90b79b9dab0e94f7_0"
    ],
    "ultima_modificacion": "2025-08-01 01:02:03.652955"
  },
  "8dfb07524a0e291c0": {
    "app_sintetizada": "8DFB07524A0E291C0",
    "cantidad_archivos": 1,
    "archivos_fuente": [
      "Library/Caches/Google/Chrome/Default/Cache/Cache_Data/8dfb07524a0e291c_0"
    ],
    "ultima_modificacion": "2025-08-01 01:02:03.653296"
  },
  "22c8dacb75c5c1c50": {
    "app_sintetizada": "22C8DACB75C5C1C50",
    "cantidad_archivos": 1,
    "archivos_fuente": [
      "Library/Caches/Google/Chrome/Default/Cache/Cache_Data/22c8dacb75c5c1c5_0"
    ],
    "ultima_modificacion": "2025-08-01 01:02:03.653655"
  },
  "95a9efd9ffe8bafe0": {
    "app_sintetizada": "95A9EFD9FFE8BAFE0",
    "cantidad_archivos": 1,
    "archivos_fuente": [
      "Library/Caches/Google/Chrome/Default/Cache/Cache_Data/95a9efd9ffe8bafe_0"
    ],
    "ultima_modificacion": "2025-08-01 01:02:03.653988"
  },
  "136477ceb83fdab90": {
    "app_sintetizada": "136477CEB83FDAB90",
    "cantidad_archivos": 1,
    "archivos_fuente": [
      "Library/Caches/Google/Chrome/Default/Cache/Cache_Data/136477ceb83fdab9_0"
    ],
    "ultima_modificacion": "2025-08-01 01:02:03.654314"
  },
  "fccffc7b0d0baf390": {
    "app_sintetizada": "FCCFFC7B0D0BAF390",
    "cantidad_archivos": 1,
    "archivos_fuente": [
      "Library/Caches/Google/Chrome/Default/Cache/Cache_Data/fccffc7b0d0baf39_0"
    ],
    "ultima_modificacion": "2025-08-01 01:02:03.654748"
  },
  "c22fca5cb47c509c0": {
    "app_sintetizada": "C22FCA5CB47C509C0",
    "cantidad_archivos": 1,
    "archivos_fuente": [
      "Library/Caches/Google/Chrome/Default/Cache/Cache_Data/c22fca5cb47c509c_0"
    ],
    "ultima_modificacion": "2025-08-01 01:02:03.655115"
  },
  "e5409324704919780": {
    "app_sintetizada": "E5409324704919780",
    "cantidad_archivos": 1,
    "archivos_fuente": [
      "Library/Caches/Google/Chrome/Default/Cache/Cache_Data/e540932470491978_0"
    ],
    "ultima_modificacion": "2025-08-01 01:02:03.655476"
  },
  "7bd94bc07db6f9ba0": {
    "app_sintetizada": "7BD94BC07DB6F9BA0",
    "cantidad_archivos": 1,
    "archivos_fuente": [
      "Library/Caches/Google/Chrome/Default/Cache/Cache_Data/7bd94bc07db6f9ba_0"
    ],
    "ultima_modificacion": "2025-08-01 01:02:03.655844"
  },
  "2f4e3de01f4807a20": {
    "app_sintetizada": "2F4E3DE01F4807A20",
    "cantidad_archivos": 1,
    "archivos_fuente": [
      "Library/Caches/Google/Chrome/Default/Cache/Cache_Data/2f4e3de01f4807a2_0"
    ],
    "ultima_modificacion": "2025-08-01 01:02:03.656267"
  },
  "a03ee89b43b5aadf0": {
    "app_sintetizada": "A03EE89B43B5AADF0",
    "cantidad_archivos": 1,
    "archivos_fuente": [
      "Library/Caches/Google/Chrome/Default/Cache/Cache_Data/a03ee89b43b5aadf_0"
    ],
    "ultima_modificacion": "2025-08-01 01:02:03.656658"
  },
  "6ffc8e667ad6d39e0": {
    "app_sintetizada": "6FFC8E667AD6D39E0",
    "cantidad_archivos": 1,
    "archivos_fuente": [
      "Library/Caches/Google/Chrome/Default/Cache/Cache_Data/6ffc8e667ad6d39e_0"
    ],
    "ultima_modificacion": "2025-08-01 01:02:03.657038"
  },
  "f9a63b04f49556140": {
    "app_sintetizada": "F9A63B04F49556140",
    "cantidad_archivos": 1,
    "archivos_fuente": [
      "Library/Caches/Google/Chrome/Default/Cache/Cache_Data/f9a63b04f4955614_0"
    ],
    "ultima_modificacion": "2025-08-01 01:02:03.657360"
  },
  "ce743e96f234acc10": {
    "app_sintetizada": "CE743E96F234ACC10",
    "cantidad_archivos": 1,
    "archivos_fuente": [
      "Library/Caches/Google/Chrome/Default/Cache/Cache_Data/ce743e96f234acc1_0"
    ],
    "ultima_modificacion": "2025-08-01 01:02:03.657717"
  },
  "c016cd22d69db2700": {
    "app_sintetizada": "C016CD22D69DB2700",
    "cantidad_archivos": 1,
    "archivos_fuente": [
      "Library/Caches/Google/Chrome/Default/Cache/Cache_Data/c016cd22d69db270_0"
    ],
    "ultima_modificacion": "2025-08-01 01:02:03.658198"
  },
  "e1c61e9ea7c230b90": {
    "app_sintetizada": "E1C61E9EA7C230B90",
    "cantidad_archivos": 1,
    "archivos_fuente": [
      "Library/Caches/Google/Chrome/Default/Cache/Cache_Data/e1c61e9ea7c230b9_0"
    ],
    "ultima_modificacion": "2025-08-01 01:02:03.658566"
  },
  "330d8de326c9b2290": {
    "app_sintetizada": "330D8DE326C9B2290",
    "cantidad_archivos": 1,
    "archivos_fuente": [
      "Library/Caches/Google/Chrome/Default/Cache/Cache_Data/330d8de326c9b229_0"
    ],
    "ultima_modificacion": "2025-08-01 01:02:03.658914"
  },
  "9ad1f2a9fcf9722f0": {
    "app_sintetizada": "9AD1F2A9FCF9722F0",
    "cantidad_archivos": 1,
    "archivos_fuente": [
      "Library/Caches/Google/Chrome/Default/Cache/Cache_Data/9ad1f2a9fcf9722f_0"
    ],
    "ultima_modificacion": "2025-08-01 01:02:03.659253"
  },
  "9a103451675c7a640": {
    "app_sintetizada": "9A103451675C7A640",
    "cantidad_archivos": 1,
    "archivos_fuente": [
      "Library/Caches/Google/Chrome/Default/Cache/Cache_Data/9a103451675c7a64_0"
    ],
    "ultima_modificacion": "2025-08-01 01:02:03.659581"
  },
  "f658af2892e14b2e0": {
    "app_sintetizada": "F658AF2892E14B2E0",
    "cantidad_archivos": 1,
    "archivos_fuente": [
      "Library/Caches/Google/Chrome/Default/Cache/Cache_Data/f658af2892e14b2e_0"
    ],
    "ultima_modificacion": "2025-08-01 01:02:03.659935"
  },
  "8ea06a21146a1a190": {
    "app_sintetizada": "8EA06A21146A1A190",
    "cantidad_archivos": 1,
    "archivos_fuente": [
      "Library/Caches/Google/Chrome/Default/Cache/Cache_Data/8ea06a21146a1a19_0"
    ],
    "ultima_modificacion": "2025-08-01 01:02:03.660306"
  },
  "fdfeb371ce6e9ae30": {
    "app_sintetizada": "FDFEB371CE6E9AE30",
    "cantidad_archivos": 1,
    "archivos_fuente": [
      "Library/Caches/Google/Chrome/Default/Cache/Cache_Data/fdfeb371ce6e9ae3_0"
    ],
    "ultima_modificacion": "2025-08-01 01:02:03.660649"
  },
  "e0de117998eca7160": {
    "app_sintetizada": "E0DE117998ECA7160",
    "cantidad_archivos": 1,
    "archivos_fuente": [
      "Library/Caches/Google/Chrome/Default/Cache/Cache_Data/e0de117998eca716_0"
    ],
    "ultima_modificacion": "2025-08-01 01:02:03.661017"
  },
  "221199b9caaf95c20": {
    "app_sintetizada": "221199B9CAAF95C20",
    "cantidad_archivos": 1,
    "archivos_fuente": [
      "Library/Caches/Google/Chrome/Default/Cache/Cache_Data/221199b9caaf95c2_0"
    ],
    "ultima_modificacion": "2025-08-01 01:02:03.661349"
  },
  "3f78b4e6f35bc5090": {
    "app_sintetizada": "3F78B4E6F35BC5090",
    "cantidad_archivos": 1,
    "archivos_fuente": [
      "Library/Caches/Google/Chrome/Default/Cache/Cache_Data/3f78b4e6f35bc509_0"
    ],
    "ultima_modificacion": "2025-08-01 01:02:03.661692"
  },
  "30515befccfac13e0": {
    "app_sintetizada": "30515BEFCCFAC13E0",
    "cantidad_archivos": 1,
    "archivos_fuente": [
      "Library/Caches/Google/Chrome/Default/Cache/Cache_Data/30515befccfac13e_0"
    ],
    "ultima_modificacion": "2025-08-01 01:02:03.662019"
  },
  "e313c274d8793a350": {
    "app_sintetizada": "E313C274D8793A350",
    "cantidad_archivos": 1,
    "archivos_fuente": [
      "Library/Caches/Google/Chrome/Default/Cache/Cache_Data/e313c274d8793a35_0"
    ],
    "ultima_modificacion": "2025-08-01 01:02:03.662387"
  },
  "12ea25cb069d8c140": {
    "app_sintetizada": "12EA25CB069D8C140",
    "cantidad_archivos": 1,
    "archivos_fuente": [
      "Library/Caches/Google/Chrome/Default/Cache/Cache_Data/12ea25cb069d8c14_0"
    ],
    "ultima_modificacion": "2025-08-01 01:02:03.662711"
  },
  "4a9ad36cebd662b70": {
    "app_sintetizada": "4A9AD36CEBD662B70",
    "cantidad_archivos": 1,
    "archivos_fuente": [
      "Library/Caches/Google/Chrome/Default/Cache/Cache_Data/4a9ad36cebd662b7_0"
    ],
    "ultima_modificacion": "2025-08-01 01:02:03.663037"
  },
  "6289e977dbeab6350": {
    "app_sintetizada": "6289E977DBEAB6350",
    "cantidad_archivos": 1,
    "archivos_fuente": [
      "Library/Caches/Google/Chrome/Default/Cache/Cache_Data/6289e977dbeab635_0"
    ],
    "ultima_modificacion": "2025-08-01 01:02:03.663293"
  },
  "d9cf74aaef884c720": {
    "app_sintetizada": "D9CF74AAEF884C720",
    "cantidad_archivos": 1,
    "archivos_fuente": [
      "Library/Caches/Google/Chrome/Default/Cache/Cache_Data/d9cf74aaef884c72_0"
    ],
    "ultima_modificacion": "2025-08-01 01:02:03.663597"
  },
  "52c08f6f71f03cd10": {
    "app_sintetizada": "52C08F6F71F03CD10",
    "cantidad_archivos": 1,
    "archivos_fuente": [
      "Library/Caches/Google/Chrome/Default/Cache/Cache_Data/52c08f6f71f03cd1_0"
    ],
    "ultima_modificacion": "2025-08-01 01:02:03.663861"
  },
  "6069712ef6675e9e0": {
    "app_sintetizada": "6069712EF6675E9E0",
    "cantidad_archivos": 1,
    "archivos_fuente": [
      "Library/Caches/Google/Chrome/Default/Cache/Cache_Data/6069712ef6675e9e_0"
    ],
    "ultima_modificacion": "2025-08-01 01:02:03.664130"
  },
  "55fca6d0711790d70": {
    "app_sintetizada": "55FCA6D0711790D70",
    "cantidad_archivos": 1,
    "archivos_fuente": [
      "Library/Caches/Google/Chrome/Default/Cache/Cache_Data/55fca6d0711790d7_0"
    ],
    "ultima_modificacion": "2025-08-01 01:02:03.664370"
  },
  "5ad7c0fb0491057b0": {
    "app_sintetizada": "5AD7C0FB0491057B0",
    "cantidad_archivos": 1,
    "archivos_fuente": [
      "Library/Caches/Google/Chrome/Default/Cache/Cache_Data/5ad7c0fb0491057b_0"
    ],
    "ultima_modificacion": "2025-08-01 01:02:03.664692"
  },
  "1b48d020e673626f0": {
    "app_sintetizada": "1B48D020E673626F0",
    "cantidad_archivos": 1,
    "archivos_fuente": [
      "Library/Caches/Google/Chrome/Default/Cache/Cache_Data/1b48d020e673626f_0"
    ],
    "ultima_modificacion": "2025-08-01 01:02:03.664958"
  },
  "e13c725576bb2cb20": {
    "app_sintetizada": "E13C725576BB2CB20",
    "cantidad_archivos": 1,
    "archivos_fuente": [
      "Library/Caches/Google/Chrome/Default/Cache/Cache_Data/e13c725576bb2cb2_0"
    ],
    "ultima_modificacion": "2025-08-01 01:02:03.665258"
  }
}