{
  "c456a886b82358a50": {
    "app_sintetizada": "C456A886B82358A50",
    "cantidad_archivos": 1,
    "archivos_fuente": [
      "Library/Caches/Google/Chrome/Default/Cache/Cache_Data/c456a886b82358a5_0"
    ],
    "ultima_modificacion": "2025-08-01 01:02:01.322751"
  },
  "daa5be4a2ea51d480": {
    "app_sintetizada": "DAA5BE4A2EA51D480",
    "cantidad_archivos": 1,
    "archivos_fuente": [
      "Library/Caches/Google/Chrome/Default/Cache/Cache_Data/daa5be4a2ea51d48_0"
    ],
    "ultima_modificacion": "2025-08-01 01:02:01.323185"
  },
  "943e48f10c044c140": {
    "app_sintetizada": "943E48F10C044C140",
    "cantidad_archivos": 1,
    "archivos_fuente": [
      "Library/Caches/Google/Chrome/Default/Cache/Cache_Data/943e48f10c044c14_0"
    ],
    "ultima_modificacion": "2025-08-01 01:02:01.323487"
  },
  "75cdb3b8b536bf160": {
    "app_sintetizada": "75CDB3B8B536BF160",
    "cantidad_archivos": 1,
    "archivos_fuente": [
      "Library/Caches/Google/Chrome/Default/Cache/Cache_Data/75cdb3b8b536bf16_0"
    ],
    "ultima_modificacion": "2025-08-01 01:02:01.323791"
  },
  "369abe02a039f87c0": {
    "app_sintetizada": "369ABE02A039F87C0",
    "cantidad_archivos": 1,
    "archivos_fuente": [
      "Library/Caches/Google/Chrome/Default/Cache/Cache_Data/369abe02a039f87c_0"
    ],
    "ultima_modificacion": "2025-08-01 01:02:01.324035"
  },
  "0cb3aaedc09e17a80": {
    "app_sintetizada": "0CB3AAEDC09E17A80",
    "cantidad_archivos": 1,
    "archivos_fuente": [
      "Library/Caches/Google/Chrome/Default/Cache/Cache_Data/0cb3aaedc09e17a8_0"
    ],
    "ultima_modificacion": "2025-08-01 01:02:01.324282"
  },
  "e95b1dc4093c087b0": {
    "app_sintetizada": "E95B1DC4093C087B0",
    "cantidad_archivos": 1,
    "archivos_fuente": [
      "Library/Caches/Google/Chrome/Default/Cache/Cache_Data/e95b1dc4093c087b_0"
    ],
    "ultima_modificacion": "2025-08-01 01:02:01.324551"
  },
  "f8a096699bed18ec0": {
    "app_sintetizada": "F8A096699BED18EC0",
    "cantidad_archivos": 1,
    "archivos_fuente": [
      "Library/Caches/Google/Chrome/Default/Cache/Cache_Data/f8a096699bed18ec_0"
    ],
    "ultima_modificacion": "2025-08-01 01:02:01.324802"
  },
  "c538c4d86f1435a30": {
    "app_sintetizada": "C538C4D86F1435A30",
    "cantidad_archivos": 1,
    "archivos_fuente": [
      "Library/Caches/Google/Chrome/Default/Cache/Cache_Data/c538c4d86f1435a3_0"
    ],
    "ultima_modificacion": "2025-08-01 01:02:01.325143"
  },
  "ef60ef8ddb0636b60": {
    "app_sintetizada": "EF60EF8DDB0636B60",
    "cantidad_archivos": 1,
    "archivos_fuente": [
      "Library/Caches/Google/Chrome/Default/Cache/Cache_Data/ef60ef8ddb0636b6_0"
    ],
    "ultima_modificacion": "2025-08-01 01:02:01.325401"
  },
  "da1ce9d5d0d70e260": {
    "app_sintetizada": "DA1CE9D5D0D70E260",
    "cantidad_archivos": 1,
    "archivos_fuente": [
      "Library/Caches/Google/Chrome/Default/Cache/Cache_Data/da1ce9d5d0d70e26_0"
    ],
    "ultima_modificacion": "2025-08-01 01:02:01.325654"
  },
  "7143a0b63274873f0": {
    "app_sintetizada": "7143A0B63274873F0",
    "cantidad_archivos": 1,
    "archivos_fuente": [
      "Library/Caches/Google/Chrome/Default/Cache/Cache_Data/7143a0b63274873f_0"
    ],
    "ultima_modificacion": "2025-08-01 01:02:01.325948"
  },
  "fb4520e4d4757ab50": {
    "app_sintetizada": "FB4520E4D4757AB50",
    "cantidad_archivos": 1,
    "archivos_fuente": [
      "Library/Caches/Google/Chrome/Default/Cache/Cache_Data/fb4520e4d4757ab5_0"
    ],
    "ultima_modificacion": "2025-08-01 01:02:01.326203"
  },
  "111799bdfcadc94f0": {
    "app_sintetizada": "111799BDFCADC94F0",
    "cantidad_archivos": 1,
    "archivos_fuente": [
      "Library/Caches/Google/Chrome/Default/Cache/Cache_Data/111799bdfcadc94f_0"
    ],
    "ultima_modificacion": "2025-08-01 01:02:01.326449"
  },
  "888dcd271d2d02530": {
    "app_sintetizada": "888DCD271D2D02530",
    "cantidad_archivos": 1,
    "archivos_fuente": [
      "Library/Caches/Google/Chrome/Default/Cache/Cache_Data/888dcd271d2d0253_0"
    ],
    "ultima_modificacion": "2025-08-01 01:02:01.326702"
  },
  "e6a313f0a54316d90": {
    "app_sintetizada": "E6A313F0A54316D90",
    "cantidad_archivos": 1,
    "archivos_fuente": [
      "Library/Caches/Google/Chrome/Default/Cache/Cache_Data/e6a313f0a54316d9_0"
    ],
    "ultima_modificacion": "2025-08-01 01:02:01.326955"
  },
  "9a2004f81a72a1fc0": {
    "app_sintetizada": "9A2004F81A72A1FC0",
    "cantidad_archivos": 1,
    "archivos_fuente": [
      "Library/Caches/Google/Chrome/Default/Cache/Cache_Data/9a2004f81a72a1fc_0"
    ],
    "ultima_modificacion": "2025-08-01 01:02:01.327199"
  },
  "a1f1c76eab55c8620": {
    "app_sintetizada": "A1F1C76EAB55C8620",
    "cantidad_archivos": 1,
    "archivos_fuente": [
      "Library/Caches/Google/Chrome/Default/Cache/Cache_Data/a1f1c76eab55c862_0"
    ],
    "ultima_modificacion": "2025-08-01 01:02:01.327519"
  },
  "c1d9be29085bfae40": {
    "app_sintetizada": "C1D9BE29085BFAE40",
    "cantidad_archivos": 1,
    "archivos_fuente": [
      "Library/Caches/Google/Chrome/Default/Cache/Cache_Data/c1d9be29085bfae4_0"
    ],
    "ultima_modificacion": "2025-08-01 01:02:01.327797"
  },
  "6cd040f68d4a77ac0": {
    "app_sintetizada": "6CD040F68D4A77AC0",
    "cantidad_archivos": 1,
    "archivos_fuente": [
      "Library/Caches/Google/Chrome/Default/Cache/Cache_Data/6cd040f68d4a77ac_0"
    ],
    "ultima_modificacion": "2025-08-01 01:02:01.328034"
  },
  "6890e356a7676f420": {
    "app_sintetizada": "6890E356A7676F420",
    "cantidad_archivos": 1,
    "archivos_fuente": [
      "Library/Caches/Google/Chrome/Default/Cache/Cache_Data/6890e356a7676f42_0"
    ],
    "ultima_modificacion": "2025-08-01 01:02:01.328333"
  },
  "a68c0e9703001d200": {
    "app_sintetizada": "A68C0E9703001D200",
    "cantidad_archivos": 1,
    "archivos_fuente": [
      "Library/Caches/Google/Chrome/Default/Cache/Cache_Data/a68c0e9703001d20_0"
    ],
    "ultima_modificacion": "2025-08-01 01:02:01.328605"
  },
  "f18811563c95f88f0": {
    "app_sintetizada": "F18811563C95F88F0",
    "cantidad_archivos": 1,
    "archivos_fuente": [
      "Library/Caches/Google/Chrome/Default/Cache/Cache_Data/f18811563c95f88f_0"
    ],
    "ultima_modificacion": "2025-08-01 01:02:01.328838"
  },
  "a49bb1a95b78189e0": {
    "app_sintetizada": "A49BB1A95B78189E0",
    "cantidad_archivos": 1,
    "archivos_fuente": [
      "Library/Caches/Google/Chrome/Default/Cache/Cache_Data/a49bb1a95b78189e_0"
    ],
    "ultima_modificacion": "2025-08-01 01:02:01.329135"
  },
  "f31988c1776157ae0": {
    "app_sintetizada": "F31988C1776157AE0",
    "cantidad_archivos": 1,
    "archivos_fuente": [
      "Library/Caches/Google/Chrome/Default/Cache/Cache_Data/f31988c1776157ae_0"
    ],
    "ultima_modificacion": "2025-08-01 01:02:01.329387"
  },
  "d735526021edf4fe0": {
    "app_sintetizada": "D735526021EDF4FE0",
    "cantidad_archivos": 1,
    "archivos_fuente": [
      "Library/Caches/Google/Chrome/Default/Cache/Cache_Data/d735526021edf4fe_0"
    ],
    "ultima_modificacion": "2025-08-01 01:02:01.329687"
  },
  "046d4742f63164260": {
    "app_sintetizada": "046D4742F63164260",
    "cantidad_archivos": 1,
    "archivos_fuente": [
      "Library/Caches/Google/Chrome/Default/Cache/Cache_Data/046d4742f6316426_0"
    ],
    "ultima_modificacion": "2025-08-01 01:02:01.329916"
  },
  "d5fb652dc7ff7ef60": {
    "app_sintetizada": "D5FB652DC7FF7EF60",
    "cantidad_archivos": 1,
    "archivos_fuente": [
      "Library/Caches/Google/Chrome/Default/Cache/Cache_Data/d5fb652dc7ff7ef6_0"
    ],
    "ultima_modificacion": "2025-08-01 01:02:01.330162"
  },
  "e190960311773d710": {
    "app_sintetizada": "E190960311773D710",
    "cantidad_archivos": 1,
    "archivos_fuente": [
      "Library/Caches/Google/Chrome/Default/Cache/Cache_Data/e190960311773d71_0"
    ],
    "ultima_modificacion": "2025-08-01 01:02:01.330403"
  },
  "c1cee55a282808760": {
    "app_sintetizada": "C1CEE55A282808760",
    "cantidad_archivos": 1,
    "archivos_fuente": [
      "Library/Caches/Google/Chrome/Default/Cache/Cache_Data/c1cee55a28280876_0"
    ],
    "ultima_modificacion": "2025-08-01 01:02:01.330686"
  },
  "e6b0dd99fc39504c0": {
    "app_sintetizada": "E6B0DD99FC39504C0",
    "cantidad_archivos": 1,
    "archivos_fuente": [
      "Library/Caches/Google/Chrome/Default/Cache/Cache_Data/e6b0dd99fc39504c_0"
    ],
    "ultima_modificacion": "2025-08-01 01:02:01.330936"
  },
  "d4ed111c5c446ba30": {
    "app_sintetizada": "D4ED111C5C446BA30",
    "cantidad_archivos": 1,
    "archivos_fuente": [
      "Library/Caches/Google/Chrome/Default/Cache/Cache_Data/d4ed111c5c446ba3_0"
    ],
    "ultima_modificacion": "2025-08-01 01:02:01.331213"
  },
  "15c11e3f98acb4aa0": {
    "app_sintetizada": "15C11E3F98ACB4AA0",
    "cantidad_archivos": 1,
    "archivos_fuente": [
      "Library/Caches/Google/Chrome/Default/Cache/Cache_Data/15c11e3f98acb4aa_0"
    ],
    "ultima_modificacion": "2025-08-01 01:02:01.331459"
  },
  "c30c3029c4466e8b0": {
    "app_sintetizada": "C30C3029C4466E8B0",
    "cantidad_archivos": 1,
    "archivos_fuente": [
      "Library/Caches/Google/Chrome/Default/Cache/Cache_Data/c30c3029c4466e8b_0"
    ],
    "ultima_modificacion": "2025-08-01 01:02:01.331783"
  },
  "429f79192b517dfc0": {
    "app_sintetizada": "429F79192B517DFC0",
    "cantidad_archivos": 1,
    "archivos_fuente": [
      "Library/Caches/Google/Chrome/Default/Cache/Cache_Data/429f79192b517dfc_0"
    ],
    "ultima_modificacion": "2025-08-01 01:02:01.332029"
  },
  "2795b8701fc294af0": {
    "app_sintetizada": "2795B8701FC294AF0",
    "cantidad_archivos": 1,
    "archivos_fuente": [
      "Library/Caches/Google/Chrome/Default/Cache/Cache_Data/2795b8701fc294af_0"
    ],
    "ultima_modificacion": "2025-08-01 01:02:01.332305"
  },
  "60fb8e6750052d360": {
    "app_sintetizada": "60FB8E6750052D360",
    "cantidad_archivos": 1,
    "archivos_fuente": [
      "Library/Caches/Google/Chrome/Default/Cache/Cache_Data/60fb8e6750052d36_0"
    ],
    "ultima_modificacion": "2025-08-01 01:02:01.332539"
  },
  "bb73fc0b9972743c0": {
    "app_sintetizada": "BB73FC0B9972743C0",
    "cantidad_archivos": 1,
    "archivos_fuente": [
      "Library/Caches/Google/Chrome/Default/Cache/Cache_Data/bb73fc0b9972743c_0"
    ],
    "ultima_modificacion": "2025-08-01 01:02:01.332858"
  },
  "9b50ef057bc1d9530": {
    "app_sintetizada": "9B50EF057BC1D9530",
    "cantidad_archivos": 1,
    "archivos_fuente": [
      "Library/Caches/Google/Chrome/Default/Cache/Cache_Data/9b50ef057bc1d953_0"
    ],
    "ultima_modificacion": "2025-08-01 01:02:01.333172"
  },
  "40fc5810c788aa440": {
    "app_sintetizada": "40FC5810C788AA440",
    "cantidad_archivos": 1,
    "archivos_fuente": [
      "Library/Caches/Google/Chrome/Default/Cache/Cache_Data/40fc5810c788aa44_0"
    ],
    "ultima_modificacion": "2025-08-01 01:02:01.333423"
  },
  "053b30c67540b5f80": {
    "app_sintetizada": "053B30C67540B5F80",
    "cantidad_archivos": 1,
    "archivos_fuente": [
      "Library/Caches/Google/Chrome/Default/Cache/Cache_Data/053b30c67540b5f8_0"
    ],
    "ultima_modificacion": "2025-08-01 01:02:01.333674"
  },
  "f9aec4bbe036e0320": {
    "app_sintetizada": "F9AEC4BBE036E0320",
    "cantidad_archivos": 1,
    "archivos_fuente": [
      "Library/Caches/Google/Chrome/Default/Cache/Cache_Data/f9aec4bbe036e032_0"
    ],
    "ultima_modificacion": "2025-08-01 01:02:01.333923"
  },
  "5a1a57ad4394484e0": {
    "app_sintetizada": "5A1A57AD4394484E0",
    "cantidad_archivos": 1,
    "archivos_fuente": [
      "Library/Caches/Google/Chrome/Default/Cache/Cache_Data/5a1a57ad4394484e_0"
    ],
    "ultima_modificacion": "2025-08-01 01:02:01.334167"
  },
  "1f5d2c95a5d3a62d0": {
    "app_sintetizada": "1F5D2C95A5D3A62D0",
    "cantidad_archivos": 1,
    "archivos_fuente": [
      "Library/Caches/Google/Chrome/Default/Cache/Cache_Data/1f5d2c95a5d3a62d_0"
    ],
    "ultima_modificacion": "2025-08-01 01:02:01.334415"
  },
  "cf3f275faf94ef1d0": {
    "app_sintetizada": "CF3F275FAF94EF1D0",
    "cantidad_archivos": 1,
    "archivos_fuente": [
      "Library/Caches/Google/Chrome/Default/Cache/Cache_Data/cf3f275faf94ef1d_0"
    ],
    "ultima_modificacion": "2025-08-01 01:02:01.334706"
  },
  "40498e391ab7e8410": {
    "app_sintetizada": "40498E391AB7E8410",
    "cantidad_archivos": 1,
    "archivos_fuente": [
      "Library/Caches/Google/Chrome/Default/Cache/Cache_Data/40498e391ab7e841_0"
    ],
    "ultima_modificacion": "2025-08-01 01:02:01.334931"
  },
  "7b8622c200cf4d110": {
    "app_sintetizada": "7B8622C200CF4D110",
    "cantidad_archivos": 1,
    "archivos_fuente": [
      "Library/Caches/Google/Chrome/Default/Cache/Cache_Data/7b8622c200cf4d11_0"
    ],
    "ultima_modificacion": "2025-08-01 01:02:01.335132"
  },
  "072b6539a90a0d0b0": {
    "app_sintetizada": "072B6539A90A0D0B0",
    "cantidad_archivos": 1,
    "archivos_fuente": [
      "Library/Caches/Google/Chrome/Default/Cache/Cache_Data/072b6539a90a0d0b_0"
    ],
    "ultima_modificacion": "2025-08-01 01:02:01.335347"
  },
  "21747f145246abb90": {
    "app_sintetizada": "21747F145246ABB90",
    "cantidad_archivos": 1,
    "archivos_fuente": [
      "Library/Caches/Google/Chrome/Default/Cache/Cache_Data/21747f145246abb9_0"
    ],
    "ultima_modificacion": "2025-08-01 01:02:01.335673"
  },
  "fde8558872ae13060": {
    "app_sintetizada": "FDE8558872AE13060",
    "cantidad_archivos": 1,
    "archivos_fuente": [
      "Library/Caches/Google/Chrome/Default/Cache/Cache_Data/fde8558872ae1306_0"
    ],
    "ultima_modificacion": "2025-08-01 01:02:01.335908"
  },
  "7080408b188572b30": {
    "app_sintetizada": "7080408B188572B30",
    "cantidad_archivos": 1,
    "archivos_fuente": [
      "Library/Caches/Google/Chrome/Default/Cache/Cache_Data/7080408b188572b3_0"
    ],
    "ultima_modificacion": "2025-08-01 01:02:01.336142"
  },
  "490e218fb6071f090": {
    "app_sintetizada": "490E218FB6071F090",
    "cantidad_archivos": 1,
    "archivos_fuente": [
      "Library/Caches/Google/Chrome/Default/Cache/Cache_Data/490e218fb6071f09_0"
    ],
    "ultima_modificacion": "2025-08-01 01:02:01.336369"
  },
  "6b295959b13331260": {
    "app_sintetizada": "6B295959B13331260",
    "cantidad_archivos": 1,
    "archivos_fuente": [
      "Library/Caches/Google/Chrome/Default/Cache/Cache_Data/6b295959b1333126_0"
    ],
    "ultima_modificacion": "2025-08-01 01:02:01.336608"
  },
  "23762ef3474c6fbd0": {
    "app_sintetizada": "23762EF3474C6FBD0",
    "cantidad_archivos": 1,
    "archivos_fuente": [
      "Library/Caches/Google/Chrome/Default/Cache/Cache_Data/23762ef3474c6fbd_0"
    ],
    "ultima_modificacion": "2025-08-01 01:02:01.336816"
  },
  "bddc41e27c47c8cb0": {
    "app_sintetizada": "BDDC41E27C47C8CB0",
    "cantidad_archivos": 1,
    "archivos_fuente": [
      "Library/Caches/Google/Chrome/Default/Cache/Cache_Data/bddc41e27c47c8cb_0"
    ],
    "ultima_modificacion": "2025-08-01 01:02:01.337074"
  },
  "6479caf31743eb230": {
    "app_sintetizada": "6479CAF31743EB230",
    "cantidad_archivos": 1,
    "archivos_fuente": [
      "Library/Caches/Google/Chrome/Default/Cache/Cache_Data/6479caf31743eb23_0"
    ],
    "ultima_modificacion": "2025-08-01 01:02:01.337347"
  },
  "a3e143d4cf0c3f540": {
    "app_sintetizada": "A3E143D4CF0C3F540",
    "cantidad_archivos": 1,
    "archivos_fuente": [
      "Library/Caches/Google/Chrome/Default/Cache/Cache_Data/a3e143d4cf0c3f54_0"
    ],
    "ultima_modificacion": "2025-08-01 01:02:01.337602"
  },
  "7a30ab5f9b136bf50": {
    "app_sintetizada": "7A30AB5F9B136BF50",
    "cantidad_archivos": 1,
    "archivos_fuente": [
      "Library/Caches/Google/Chrome/Default/Cache/Cache_Data/7a30ab5f9b136bf5_0"
    ],
    "ultima_modificacion": "2025-08-01 01:02:01.337903"
  },
  "e5c7a0a44eb35fd80": {
    "app_sintetizada": "E5C7A0A44EB35FD80",
    "cantidad_archivos": 1,
    "archivos_fuente": [
      "Library/Caches/Google/Chrome/Default/Cache/Cache_Data/e5c7a0a44eb35fd8_0"
    ],
    "ultima_modificacion": "2025-08-01 01:02:01.338221"
  },
  "b3f85a616812942f0": {
    "app_sintetizada": "B3F85A616812942F0",
    "cantidad_archivos": 1,
    "archivos_fuente": [
      "Library/Caches/Google/Chrome/Default/Cache/Cache_Data/b3f85a616812942f_0"
    ],
    "ultima_modificacion": "2025-08-01 01:02:01.338551"
  },
  "a2a82929578ae2f10": {
    "app_sintetizada": "A2A82929578AE2F10",
    "cantidad_archivos": 1,
    "archivos_fuente": [
      "Library/Caches/Google/Chrome/Default/Cache/Cache_Data/a2a82929578ae2f1_0"
    ],
    "ultima_modificacion": "2025-08-01 01:02:01.339726"
  },
  "82733e6acfb901210": {
    "app_sintetizada": "82733E6ACFB901210",
    "cantidad_archivos": 1,
    "archivos_fuente": [
      "Library/Caches/Google/Chrome/Default/Cache/Cache_Data/82733e6acfb90121_0"
    ],
    "ultima_modificacion": "2025-08-01 01:02:01.340050"
  },
  "1080b378c053c8c90": {
    "app_sintetizada": "1080B378C053C8C90",
    "cantidad_archivos": 1,
    "archivos_fuente": [
      "Library/Caches/Google/Chrome/Default/Cache/Cache_Data/1080b378c053c8c9_0"
    ],
    "ultima_modificacion": "2025-08-01 01:02:01.340416"
  },
  "93fcff840a431aed0": {
    "app_sintetizada": "93FCFF840A431AED0",
    "cantidad_archivos": 1,
    "archivos_fuente": [
      "Library/Caches/Google/Chrome/Default/Cache/Cache_Data/93fcff840a431aed_0"
    ],
    "ultima_modificacion": "2025-08-01 01:02:01.340758"
  },
  "040a90bfa5ff64110": {
    "app_sintetizada": "040A90BFA5FF64110",
    "cantidad_archivos": 1,
    "archivos_fuente": [
      "Library/Caches/Google/Chrome/Default/Cache/Cache_Data/040a90bfa5ff6411_0"
    ],
    "ultima_modificacion": "2025-08-01 01:02:01.341109"
  },
  "1764a07cf84a76a60": {
    "app_sintetizada": "1764A07CF84A76A60",
    "cantidad_archivos": 1,
    "archivos_fuente": [
      "Library/Caches/Google/Chrome/Default/Cache/Cache_Data/1764a07cf84a76a6_0"
    ],
    "ultima_modificacion": "2025-08-01 01:02:01.341448"
  },
  "5ca88944644625910": {
    "app_sintetizada": "5CA88944644625910",
    "cantidad_archivos": 1,
    "archivos_fuente": [
      "Library/Caches/Google/Chrome/Default/Cache/Cache_Data/5ca8894464462591_0"
    ],
    "ultima_modificacion": "2025-08-01 01:02:01.341737"
  },
  "8cb285567f3f8ee90": {
    "app_sintetizada": "8CB285567F3F8EE90",
    "cantidad_archivos": 1,
    "archivos_fuente": [
      "Library/Caches/Google/Chrome/Default/Cache/Cache_Data/8cb285567f3f8ee9_0"
    ],
    "ultima_modificacion": "2025-08-01 01:02:01.342044"
  },
  "b4a0ac8c64a037f40": {
    "app_sintetizada": "B4A0AC8C64A037F40",
    "cantidad_archivos": 1,
    "archivos_fuente": [
      "Library/Caches/Google/Chrome/Default/Cache/Cache_Data/b4a0ac8c64a037f4_0"
    ],
    "ultima_modificacion": "2025-08-01 01:02:01.342369"
  },
  "d4b26d52fb13f4a80": {
    "app_sintetizada": "D4B26D52FB13F4A80",
    "cantidad_archivos": 1,
    "archivos_fuente": [
      "Library/Caches/Google/Chrome/Default/Cache/Cache_Data/d4b26d52fb13f4a8_0"
    ],
    "ultima_modificacion": "2025-08-01 01:02:01.342684"
  },
  "9d21c803f25698000": {
    "app_sintetizada": "9D21C803F25698000",
    "cantidad_archivos": 1,
    "archivos_fuente": [
      "Library/Caches/Google/Chrome/Default/Cache/Cache_Data/9d21c803f2569800_0"
    ],
    "ultima_modificacion": "2025-08-01 01:02:01.343001"
  },
  "01f86b85efc884f30": {
    "app_sintetizada": "01F86B85EFC884F30",
    "cantidad_archivos": 1,
    "archivos_fuente": [
      "Library/Caches/Google/Chrome/Default/Cache/Cache_Data/01f86b85efc884f3_0"
    ],
    "ultima_modificacion": "2025-08-01 01:02:01.343298"
  },
  "78a6816b5a4f4efe0": {
    "app_sintetizada": "78A6816B5A4F4EFE0",
    "cantidad_archivos": 1,
    "archivos_fuente": [
      "Library/Caches/Google/Chrome/Default/Cache/Cache_Data/78a6816b5a4f4efe_0"
    ],
    "ultima_modificacion": "2025-08-01 01:02:01.343604"
  },
  "f62c69fcf73623f80": {
    "app_sintetizada": "F62C69FCF73623F80",
    "cantidad_archivos": 1,
    "archivos_fuente": [
      "Library/Caches/Google/Chrome/Default/Cache/Cache_Data/f62c69fcf73623f8_0"
    ],
    "ultima_modificacion": "2025-08-01 01:02:01.343891"
  },
  "9a17d99f0594c5a50": {
    "app_sintetizada": "9A17D99F0594C5A50",
    "cantidad_archivos": 1,
    "archivos_fuente": [
      "Library/Caches/Google/Chrome/Default/Cache/Cache_Data/9a17d99f0594c5a5_0"
    ],
    "ultima_modificacion": "2025-08-01 01:02:01.344183"
  },
  "a97e41155d1728600": {
    "app_sintetizada": "A97E41155D1728600",
    "cantidad_archivos": 1,
    "archivos_fuente": [
      "Library/Caches/Google/Chrome/Default/Cache/Cache_Data/a97e41155d172860_0"
    ],
    "ultima_modificacion": "2025-08-01 01:02:01.344478"
  },
  "5bbeda85ea66e5fe0": {
    "app_sintetizada": "5BBEDA85EA66E5FE0",
    "cantidad_archivos": 1,
    "archivos_fuente": [
      "Library/Caches/Google/Chrome/Default/Cache/Cache_Data/5bbeda85ea66e5fe_0"
    ],
    "ultima_modificacion": "2025-08-01 01:02:01.344859"
  },
  "c6802b19f7dbd59e0": {
    "app_sintetizada": "C6802B19F7DBD59E0",
    "cantidad_archivos": 1,
    "archivos_fuente": [
      "Library/Caches/Google/Chrome/Default/Cache/Cache_Data/c6802b19f7dbd59e_0"
    ],
    "ultima_modificacion": "2025-08-01 01:02:01.345176"
  },
  "be27ea6f17c0bbe10": {
    "app_sintetizada": "BE27EA6F17C0BBE10",
    "cantidad_archivos": 1,
    "archivos_fuente": [
      "Library/Caches/Google/Chrome/Default/Cache/Cache_Data/be27ea6f17c0bbe1_0"
    ],
    "ultima_modificacion": "2025-08-01 01:02:01.345507"
  },
  "8276a7682fefca810": {
    "app_sintetizada": "8276A7682FEFCA810",
    "cantidad_archivos": 1,
    "archivos_fuente": [
      "Library/Caches/Google/Chrome/Default/Cache/Cache_Data/8276a7682fefca81_0"
    ],
    "ultima_modificacion": "2025-08-01 01:02:01.345808"
  },
  "546b73cac0aadcc10": {
    "app_sintetizada": "546B73CAC0AADCC10",
    "cantidad_archivos": 1,
    "archivos_fuente": [
      "Library/Caches/Google/Chrome/Default/Cache/Cache_Data/546b73cac0aadcc1_0"
    ],
    "ultima_modificacion": "2025-08-01 01:02:01.346130"
  },
  "9585942f02947ba30": {
    "app_sintetizada": "9585942F02947BA30",
    "cantidad_archivos": 1,
    "archivos_fuente": [
      "Library/Caches/Google/Chrome/Default/Cache/Cache_Data/9585942f02947ba3_0"
    ],
    "ultima_modificacion": "2025-08-01 01:02:01.346434"
  },
  "ec96d2737f0e3e9d0": {
    "app_sintetizada": "EC96D2737F0E3E9D0",
    "cantidad_archivos": 1,
    "archivos_fuente": [
      "Library/Caches/Google/Chrome/Default/Cache/Cache_Data/ec96d2737f0e3e9d_0"
    ],
    "ultima_modificacion": "2025-08-01 01:02:01.346774"
  },
  "744f3624602a77350": {
    "app_sintetizada": "744F3624602A77350",
    "cantidad_archivos": 1,
    "archivos_fuente": [
      "Library/Caches/Google/Chrome/Default/Cache/Cache_Data/744f3624602a7735_0"
    ],
    "ultima_modificacion": "2025-08-01 01:02:01.347146"
  },
  "a6e637146e717ede0": {
    "app_sintetizada": "A6E637146E717EDE0",
    "cantidad_archivos": 1,
    "archivos_fuente": [
      "Library/Caches/Google/Chrome/Default/Cache/Cache_Data/a6e637146e717ede_0"
    ],
    "ultima_modificacion": "2025-08-01 01:02:01.347454"
  },
  "59107fb3ee95a4530": {
    "app_sintetizada": "59107FB3EE95A4530",
    "cantidad_archivos": 1,
    "archivos_fuente": [
      "Library/Caches/Google/Chrome/Default/Cache/Cache_Data/59107fb3ee95a453_0"
    ],
    "ultima_modificacion": "2025-08-01 01:02:01.347781"
  },
  "627388ae759c05ba0": {
    "app_sintetizada": "627388AE759C05BA0",
    "cantidad_archivos": 1,
    "archivos_fuente": [
      "Library/Caches/Google/Chrome/Default/Cache/Cache_Data/627388ae759c05ba_0"
    ],
    "ultima_modificacion": "2025-08-01 01:02:01.348105"
  },
  "069e2ee4f22c46530": {
    "app_sintetizada": "069E2EE4F22C46530",
    "cantidad_archivos": 1,
    "archivos_fuente": [
      "Library/Caches/Google/Chrome/Default/Cache/Cache_Data/069e2ee4f22c4653_0"
    ],
    "ultima_modificacion": "2025-08-01 01:02:01.348419"
  },
  "78c273b935d543a30": {
    "app_sintetizada": "78C273B935D543A30",
    "cantidad_archivos": 1,
    "archivos_fuente": [
      "Library/Caches/Google/Chrome/Default/Cache/Cache_Data/78c273b935d543a3_0"
    ],
    "ultima_modificacion": "2025-08-01 01:02:01.348729"
  },
  "17d8bf04e9fd144e0": {
    "app_sintetizada": "17D8BF04E9FD144E0",
    "cantidad_archivos": 1,
    "archivos_fuente": [
      "Library/Caches/Google/Chrome/Default/Cache/Cache_Data/17d8bf04e9fd144e_0"
    ],
    "ultima_modificacion": "2025-08-01 01:02:01.349026"
  },
  "651d3692108d3d6c0": {
    "app_sintetizada": "651D3692108D3D6C0",
    "cantidad_archivos": 1,
    "archivos_fuente": [
      "Library/Caches/Google/Chrome/Default/Cache/Cache_Data/651d3692108d3d6c_0"
    ],
    "ultima_modificacion": "2025-08-01 01:02:01.349335"
  },
  "c67139284c45d9700": {
    "app_sintetizada": "C67139284C45D9700",
    "cantidad_archivos": 1,
    "archivos_fuente": [
      "Library/Caches/Google/Chrome/Default/Cache/Cache_Data/c67139284c45d970_0"
    ],
    "ultima_modificacion": "2025-08-01 01:02:01.349670"
  },
  "eddb7146f83fa6540": {
    "app_sintetizada": "EDDB7146F83FA6540",
    "cantidad_archivos": 1,
    "archivos_fuente": [
      "Library/Caches/Google/Chrome/Default/Cache/Cache_Data/eddb7146f83fa654_0"
    ],
    "ultima_modificacion": "2025-08-01 01:02:01.349973"
  },
  "3ed4e1a3f49cb4f80": {
    "app_sintetizada": "3ED4E1A3F49CB4F80",
    "cantidad_archivos": 1,
    "archivos_fuente": [
      "Library/Caches/Google/Chrome/Default/Cache/Cache_Data/3ed4e1a3f49cb4f8_0"
    ],
    "ultima_modificacion": "2025-08-01 01:02:01.350311"
  },
  "80054ccedbae3fe70": {
    "app_sintetizada": "80054CCEDBAE3FE70",
    "cantidad_archivos": 1,
    "archivos_fuente": [
      "Library/Caches/Google/Chrome/Default/Cache/Cache_Data/80054ccedbae3fe7_0"
    ],
    "ultima_modificacion": "2025-08-01 01:02:01.350645"
  },
  "5811a7db78b106430": {
    "app_sintetizada": "5811A7DB78B106430",
    "cantidad_archivos": 1,
    "archivos_fuente": [
      "Library/Caches/Google/Chrome/Default/Cache/Cache_Data/5811a7db78b10643_0"
    ],
    "ultima_modificacion": "2025-08-01 01:02:01.350973"
  },
  "bbb870e1449b19060": {
    "app_sintetizada": "BBB870E1449B19060",
    "cantidad_archivos": 1,
    "archivos_fuente": [
      "Library/Caches/Google/Chrome/Default/Cache/Cache_Data/bbb870e1449b1906_0"
    ],
    "ultima_modificacion": "2025-08-01 01:02:01.351322"
  },
  "d1fdfaf4e8ff667f0": {
    "app_sintetizada": "D1FDFAF4E8FF667F0",
    "cantidad_archivos": 1,
    "archivos_fuente": [
      "Library/Caches/Google/Chrome/Default/Cache/Cache_Data/d1fdfaf4e8ff667f_0"
    ],
    "ultima_modificacion": "2025-08-01 01:02:01.351643"
  },
  "8450f29fad46b8060": {
    "app_sintetizada": "8450F29FAD46B8060",
    "cantidad_archivos": 1,
    "archivos_fuente": [
      "Library/Caches/Google/Chrome/Default/Cache/Cache_Data/8450f29fad46b806_0"
    ],
    "ultima_modificacion": "2025-08-01 01:02:01.351959"
  },
  "8c5b8fe54e16cde10": {
    "app_sintetizada": "8C5B8FE54E16CDE10",
    "cantidad_archivos": 1,
    "archivos_fuente": [
      "Library/Caches/Google/Chrome/Default/Cache/Cache_Data/8c5b8fe54e16cde1_0"
    ],
    "ultima_modificacion": "2025-08-01 01:02:01.352269"
  }
}