{
  "~wrs{332df6e06018bb4fa9f6063f332fbc7d}": {
    "app_sintetizada": "~WRS{332DF6E06018BB4FA9F6063F332FBC7D}",
    "cantidad_archivos": 1,
    "archivos_fuente": [
      "Library/Containers/com.microsoft.Word/Data/Library/Application Support/Microsoft/Temp/~WRS{332DF6E0-6018-BB4F-A9F6-063F332FBC7D}"
    ],
    "ultima_modificacion": "2025-08-01 01:01:53.776529"
  },
  "~wrs{56473a35c4409647b059dbca43b9319a}": {
    "app_sintetizada": "~WRS{56473A35C4409647B059DBCA43B9319A}",
    "cantidad_archivos": 1,
    "archivos_fuente": [
      "Library/Containers/com.microsoft.Word/Data/Library/Application Support/Microsoft/Temp/~WRS{56473A35-C440-9647-B059-DBCA43B9319A}"
    ],
    "ultima_modificacion": "2025-08-01 01:01:53.776794"
  },
  "~wrs{6de0ef6739d2fd459a6114ca2999917a}": {
    "app_sintetizada": "~WRS{6DE0EF6739D2FD459A6114CA2999917A}",
    "cantidad_archivos": 1,
    "archivos_fuente": [
      "Library/Containers/com.microsoft.Word/Data/Library/Application Support/Microsoft/Temp/~WRS{6DE0EF67-39D2-FD45-9A61-14CA2999917A}"
    ],
    "ultima_modificacion": "2025-08-01 01:01:53.777150"
  },
  "~wrs{d1d5dcd2f511094a8fb2a120a89cb0f3}": {
    "app_sintetizada": "~WRS{D1D5DCD2F511094A8FB2A120A89CB0F3}",
    "cantidad_archivos": 1,
    "archivos_fuente": [
      "Library/Containers/com.microsoft.Word/Data/Library/Application Support/Microsoft/Temp/~WRS{D1D5DCD2-F511-094A-8FB2-A120A89CB0F3}"
    ],
    "ultima_modificacion": "2025-08-01 01:01:53.777484"
  },
  "~wrf{ccacb2d6b05ce74c9c96cdf9a3a9518d}": {
    "app_sintetizada": "~WRF{CCACB2D6B05CE74C9C96CDF9A3A9518D}",
    "cantidad_archivos": 1,
    "archivos_fuente": [
      "Library/Containers/com.microsoft.Word/Data/Library/Application Support/Microsoft/Temp/~WRF{CCACB2D6-B05C-E74C-9C96-CDF9A3A9518D}"
    ],
    "ultima_modificacion": "2025-08-01 01:01:53.777792"
  },
  "~wrs{079fdc421502324389a0bb6b8d855ba4}": {
    "app_sintetizada": "~WRS{079FDC421502324389A0BB6B8D855BA4}",
    "cantidad_archivos": 1,
    "archivos_fuente": [
      "Library/Containers/com.microsoft.Word/Data/Library/Application Support/Microsoft/Temp/~WRS{079FDC42-1502-3243-89A0-BB6B8D855BA4}"
    ],
    "ultima_modificacion": "2025-08-01 01:01:53.778120"
  },
  "~wrs{6f343a71fc74fb4481dea0c56aaacedc}": {
    "app_sintetizada": "~WRS{6F343A71FC74FB4481DEA0C56AAACEDC}",
    "cantidad_archivos": 1,
    "archivos_fuente": [
      "Library/Containers/com.microsoft.Word/Data/Library/Application Support/Microsoft/Temp/~WRS{6F343A71-FC74-FB44-81DE-A0C56AAACEDC}"
    ],
    "ultima_modificacion": "2025-08-01 01:01:53.778476"
  },
  "~wrs{f90505c5cef8714fb6a17ad3a6e222de}": {
    "app_sintetizada": "~WRS{F90505C5CEF8714FB6A17AD3A6E222DE}",
    "cantidad_archivos": 1,
    "archivos_fuente": [
      "Library/Containers/com.microsoft.Word/Data/Library/Application Support/Microsoft/Temp/~WRS{F90505C5-CEF8-714F-B6A1-7AD3A6E222DE}"
    ],
    "ultima_modificacion": "2025-08-01 01:01:53.778862"
  },
  "~wrs{90fac714c1bcb94cb5be89506ae4ef26}": {
    "app_sintetizada": "~WRS{90FAC714C1BCB94CB5BE89506AE4EF26}",
    "cantidad_archivos": 1,
    "archivos_fuente": [
      "Library/Containers/com.microsoft.Word/Data/Library/Application Support/Microsoft/Temp/~WRS{90FAC714-C1BC-B94C-B5BE-89506AE4EF26}"
    ],
    "ultima_modificacion": "2025-08-01 01:01:53.779227"
  },
  "~wrs{73e5428d412a684197fe95c09d14f323}": {
    "app_sintetizada": "~WRS{73E5428D412A684197FE95C09D14F323}",
    "cantidad_archivos": 1,
    "archivos_fuente": [
      "Library/Containers/com.microsoft.Word/Data/Library/Application Support/Microsoft/Temp/~WRS{73E5428D-412A-6841-97FE-95C09D14F323}"
    ],
    "ultima_modificacion": "2025-08-01 01:01:53.779604"
  },
  "~wrs{e6e348184b5e424ea9df354bc236d8a5}": {
    "app_sintetizada": "~WRS{E6E348184B5E424EA9DF354BC236D8A5}",
    "cantidad_archivos": 1,
    "archivos_fuente": [
      "Library/Containers/com.microsoft.Word/Data/Library/Application Support/Microsoft/Temp/~WRS{E6E34818-4B5E-424E-A9DF-354BC236D8A5}"
    ],
    "ultima_modificacion": "2025-08-01 01:01:53.779937"
  },
  "~wrs{7e1d5613e676604f95da7e38c05387da}": {
    "app_sintetizada": "~WRS{7E1D5613E676604F95DA7E38C05387DA}",
    "cantidad_archivos": 1,
    "archivos_fuente": [
      "Library/Containers/com.microsoft.Word/Data/Library/Application Support/Microsoft/Temp/~WRS{7E1D5613-E676-604F-95DA-7E38C05387DA}"
    ],
    "ultima_modificacion": "2025-08-01 01:01:53.780258"
  },
  "~wrs{bcde470be3f447469562f17f737260a7}": {
    "app_sintetizada": "~WRS{BCDE470BE3F447469562F17F737260A7}",
    "cantidad_archivos": 1,
    "archivos_fuente": [
      "Library/Containers/com.microsoft.Word/Data/Library/Application Support/Microsoft/Temp/~WRS{BCDE470B-E3F4-4746-9562-F17F737260A7}"
    ],
    "ultima_modificacion": "2025-08-01 01:01:53.780596"
  },
  "~wrs{7d36c6a14015a64e945f1168d65ead0b}": {
    "app_sintetizada": "~WRS{7D36C6A14015A64E945F1168D65EAD0B}",
    "cantidad_archivos": 1,
    "archivos_fuente": [
      "Library/Containers/com.microsoft.Word/Data/Library/Application Support/Microsoft/Temp/~WRS{7D36C6A1-4015-A64E-945F-1168D65EAD0B}"
    ],
    "ultima_modificacion": "2025-08-01 01:01:53.780935"
  },
  "~wrs{189836c5520c1e4faffd5075cd972bf6}": {
    "app_sintetizada": "~WRS{189836C5520C1E4FAFFD5075CD972BF6}",
    "cantidad_archivos": 1,
    "archivos_fuente": [
      "Library/Containers/com.microsoft.Word/Data/Library/Application Support/Microsoft/Temp/~WRS{189836C5-520C-1E4F-AFFD-5075CD972BF6}"
    ],
    "ultima_modificacion": "2025-08-01 01:01:53.781266"
  },
  "~wrs{0c864a5698f01146b5b4e4b64043ad8b}": {
    "app_sintetizada": "~WRS{0C864A5698F01146B5B4E4B64043AD8B}",
    "cantidad_archivos": 1,
    "archivos_fuente": [
      "Library/Containers/com.microsoft.Word/Data/Library/Application Support/Microsoft/Temp/~WRS{0C864A56-98F0-1146-B5B4-E4B64043AD8B}"
    ],
    "ultima_modificacion": "2025-08-01 01:01:53.781518"
  },
  "~wrs{09d9aa78fadada41b3cbc372fa41c05a}": {
    "app_sintetizada": "~WRS{09D9AA78FADADA41B3CBC372FA41C05A}",
    "cantidad_archivos": 1,
    "archivos_fuente": [
      "Library/Containers/com.microsoft.Word/Data/Library/Application Support/Microsoft/Temp/~WRS{09D9AA78-FADA-DA41-B3CB-C372FA41C05A}"
    ],
    "ultima_modificacion": "2025-08-01 01:01:53.781754"
  },
  "~wrs{a30fee0b3736ca449c3fcd91c9f01443}": {
    "app_sintetizada": "~WRS{A30FEE0B3736CA449C3FCD91C9F01443}",
    "cantidad_archivos": 1,
    "archivos_fuente": [
      "Library/Containers/com.microsoft.Word/Data/Library/Application Support/Microsoft/Temp/~WRS{A30FEE0B-3736-CA44-9C3F-CD91C9F01443}"
    ],
    "ultima_modificacion": "2025-08-01 01:01:53.781997"
  },
  "~wrs{2b4cd04f8ec0b84991ef8255bf412c83}": {
    "app_sintetizada": "~WRS{2B4CD04F8EC0B84991EF8255BF412C83}",
    "cantidad_archivos": 1,
    "archivos_fuente": [
      "Library/Containers/com.microsoft.Word/Data/Library/Application Support/Microsoft/Temp/~WRS{2B4CD04F-8EC0-B849-91EF-8255BF412C83}"
    ],
    "ultima_modificacion": "2025-08-01 01:01:53.782227"
  },
  "~wrs{5ae52d2277d9a045b41c0a7c0324e0da}": {
    "app_sintetizada": "~WRS{5AE52D2277D9A045B41C0A7C0324E0DA}",
    "cantidad_archivos": 1,
    "archivos_fuente": [
      "Library/Containers/com.microsoft.Word/Data/Library/Application Support/Microsoft/Temp/~WRS{5AE52D22-77D9-A045-B41C-0A7C0324E0DA}"
    ],
    "ultima_modificacion": "2025-08-01 01:01:53.782456"
  },
  "~wrs{8f3e5675aa041541b3dac4c5fd3a44de}": {
    "app_sintetizada": "~WRS{8F3E5675AA041541B3DAC4C5FD3A44DE}",
    "cantidad_archivos": 1,
    "archivos_fuente": [
      "Library/Containers/com.microsoft.Word/Data/Library/Application Support/Microsoft/Temp/~WRS{8F3E5675-AA04-1541-B3DA-C4C5FD3A44DE}"
    ],
    "ultima_modificacion": "2025-08-01 01:01:53.782688"
  },
  "~wrs{55b5c0024d5f8742b8c62c7d21593437}": {
    "app_sintetizada": "~WRS{55B5C0024D5F8742B8C62C7D21593437}",
    "cantidad_archivos": 1,
    "archivos_fuente": [
      "Library/Containers/com.microsoft.Word/Data/Library/Application Support/Microsoft/Temp/~WRS{55B5C002-4D5F-8742-B8C6-2C7D21593437}"
    ],
    "ultima_modificacion": "2025-08-01 01:01:53.782919"
  },
  "~wrs{57f9318a5186ab4b80cdb2a3bf0cf1d1}": {
    "app_sintetizada": "~WRS{57F9318A5186AB4B80CDB2A3BF0CF1D1}",
    "cantidad_archivos": 1,
    "archivos_fuente": [
      "Library/Containers/com.microsoft.Word/Data/Library/Application Support/Microsoft/Temp/~WRS{57F9318A-5186-AB4B-80CD-B2A3BF0CF1D1}"
    ],
    "ultima_modificacion": "2025-08-01 01:01:53.783156"
  },
  "~wrs{9e4486815ebfe64eb9f8bebf2d9550e9}": {
    "app_sintetizada": "~WRS{9E4486815EBFE64EB9F8BEBF2D9550E9}",
    "cantidad_archivos": 1,
    "archivos_fuente": [
      "Library/Containers/com.microsoft.Word/Data/Library/Application Support/Microsoft/Temp/~WRS{9E448681-5EBF-E64E-B9F8-BEBF2D9550E9}"
    ],
    "ultima_modificacion": "2025-08-01 01:01:53.783523"
  },
  "~wrs{862cf1bb029ed1478200644b935415f4}": {
    "app_sintetizada": "~WRS{862CF1BB029ED1478200644B935415F4}",
    "cantidad_archivos": 1,
    "archivos_fuente": [
      "Library/Containers/com.microsoft.Word/Data/Library/Application Support/Microsoft/Temp/~WRS{862CF1BB-029E-D147-8200-644B935415F4}"
    ],
    "ultima_modificacion": "2025-08-01 01:01:53.783852"
  },
  "~wrs{a92dd6f0075bf14b9bc8e7e9a7fe63b4}": {
    "app_sintetizada": "~WRS{A92DD6F0075BF14B9BC8E7E9A7FE63B4}",
    "cantidad_archivos": 1,
    "archivos_fuente": [
      "Library/Containers/com.microsoft.Word/Data/Library/Application Support/Microsoft/Temp/~WRS{A92DD6F0-075B-F14B-9BC8-E7E9A7FE63B4}"
    ],
    "ultima_modificacion": "2025-08-01 01:01:53.784138"
  },
  "~wrs{15385fc37f0c1149a535c77f7ff829cd}": {
    "app_sintetizada": "~WRS{15385FC37F0C1149A535C77F7FF829CD}",
    "cantidad_archivos": 1,
    "archivos_fuente": [
      "Library/Containers/com.microsoft.Word/Data/Library/Application Support/Microsoft/Temp/~WRS{15385FC3-7F0C-1149-A535-C77F7FF829CD}"
    ],
    "ultima_modificacion": "2025-08-01 01:01:53.784530"
  },
  "~wrs{998b1328c8f52f4faf54188be4de638d}": {
    "app_sintetizada": "~WRS{998B1328C8F52F4FAF54188BE4DE638D}",
    "cantidad_archivos": 1,
    "archivos_fuente": [
      "Library/Containers/com.microsoft.Word/Data/Library/Application Support/Microsoft/Temp/~WRS{998B1328-C8F5-2F4F-AF54-188BE4DE638D}"
    ],
    "ultima_modificacion": "2025-08-01 01:01:53.784855"
  },
  "~wrs{ced27e3dd73d6d4896fb1f055e8d6d2e}": {
    "app_sintetizada": "~WRS{CED27E3DD73D6D4896FB1F055E8D6D2E}",
    "cantidad_archivos": 1,
    "archivos_fuente": [
      "Library/Containers/com.microsoft.Word/Data/Library/Application Support/Microsoft/Temp/~WRS{CED27E3D-D73D-6D48-96FB-1F055E8D6D2E}"
    ],
    "ultima_modificacion": "2025-08-01 01:01:53.785184"
  },
  "~wrs{a8c56192f68a5c428895137a00154021}": {
    "app_sintetizada": "~WRS{A8C56192F68A5C428895137A00154021}",
    "cantidad_archivos": 1,
    "archivos_fuente": [
      "Library/Containers/com.microsoft.Word/Data/Library/Application Support/Microsoft/Temp/~WRS{A8C56192-F68A-5C42-8895-137A00154021}"
    ],
    "ultima_modificacion": "2025-08-01 01:01:53.785515"
  },
  "~wrs{e1739504220d2042bfd126d8c8f80be3}": {
    "app_sintetizada": "~WRS{E1739504220D2042BFD126D8C8F80BE3}",
    "cantidad_archivos": 1,
    "archivos_fuente": [
      "Library/Containers/com.microsoft.Word/Data/Library/Application Support/Microsoft/Temp/~WRS{E1739504-220D-2042-BFD1-26D8C8F80BE3}"
    ],
    "ultima_modificacion": "2025-08-01 01:01:53.785871"
  },
  "~wrs{4dcfe903f704b74bae85b40a7faafcce}": {
    "app_sintetizada": "~WRS{4DCFE903F704B74BAE85B40A7FAAFCCE}",
    "cantidad_archivos": 1,
    "archivos_fuente": [
      "Library/Containers/com.microsoft.Word/Data/Library/Application Support/Microsoft/Temp/~WRS{4DCFE903-F704-B74B-AE85-B40A7FAAFCCE}"
    ],
    "ultima_modificacion": "2025-08-01 01:01:53.786216"
  },
  "~wrs{9f6d1f5ae274d142aca5bf6e94a91d78}": {
    "app_sintetizada": "~WRS{9F6D1F5AE274D142ACA5BF6E94A91D78}",
    "cantidad_archivos": 1,
    "archivos_fuente": [
      "Library/Containers/com.microsoft.Word/Data/Library/Application Support/Microsoft/Temp/~WRS{9F6D1F5A-E274-D142-ACA5-BF6E94A91D78}"
    ],
    "ultima_modificacion": "2025-08-01 01:01:53.786554"
  },
  "~wrs{b451c6104869ec4287a15d84c48b7506}": {
    "app_sintetizada": "~WRS{B451C6104869EC4287A15D84C48B7506}",
    "cantidad_archivos": 1,
    "archivos_fuente": [
      "Library/Containers/com.microsoft.Word/Data/Library/Application Support/Microsoft/Temp/~WRS{B451C610-4869-EC42-87A1-5D84C48B7506}"
    ],
    "ultima_modificacion": "2025-08-01 01:01:53.786903"
  },
  "~wrs{100331da991f6f4e87167e29ea248c98}": {
    "app_sintetizada": "~WRS{100331DA991F6F4E87167E29EA248C98}",
    "cantidad_archivos": 1,
    "archivos_fuente": [
      "Library/Containers/com.microsoft.Word/Data/Library/Application Support/Microsoft/Temp/~WRS{100331DA-991F-6F4E-8716-7E29EA248C98}"
    ],
    "ultima_modificacion": "2025-08-01 01:01:53.787234"
  },
  "~wrs{8deac7ba2e45db4b809a532671575401}": {
    "app_sintetizada": "~WRS{8DEAC7BA2E45DB4B809A532671575401}",
    "cantidad_archivos": 1,
    "archivos_fuente": [
      "Library/Containers/com.microsoft.Word/Data/Library/Application Support/Microsoft/Temp/~WRS{8DEAC7BA-2E45-DB4B-809A-532671575401}"
    ],
    "ultima_modificacion": "2025-08-01 01:01:53.787583"
  },
  "~wrs{44602a7f85cc4146ac6ddc8468b06951}": {
    "app_sintetizada": "~WRS{44602A7F85CC4146AC6DDC8468B06951}",
    "cantidad_archivos": 1,
    "archivos_fuente": [
      "Library/Containers/com.microsoft.Word/Data/Library/Application Support/Microsoft/Temp/~WRS{44602A7F-85CC-4146-AC6D-DC8468B06951}"
    ],
    "ultima_modificacion": "2025-08-01 01:01:53.787952"
  },
  "~wrs{473be0bc85daea4283f14c8c88a57979}": {
    "app_sintetizada": "~WRS{473BE0BC85DAEA4283F14C8C88A57979}",
    "cantidad_archivos": 1,
    "archivos_fuente": [
      "Library/Containers/com.microsoft.Word/Data/Library/Application Support/Microsoft/Temp/~WRS{473BE0BC-85DA-EA42-83F1-4C8C88A57979}"
    ],
    "ultima_modificacion": "2025-08-01 01:01:53.788305"
  },
  "~wrs{d748fc6d6b52764dac7123a2812fa8e2}": {
    "app_sintetizada": "~WRS{D748FC6D6B52764DAC7123A2812FA8E2}",
    "cantidad_archivos": 1,
    "archivos_fuente": [
      "Library/Containers/com.microsoft.Word/Data/Library/Application Support/Microsoft/Temp/~WRS{D748FC6D-6B52-764D-AC71-23A2812FA8E2}"
    ],
    "ultima_modificacion": "2025-08-01 01:01:53.788673"
  },
  "~wrs{d98d3ef9c9913e4798aeb15caf714473}": {
    "app_sintetizada": "~WRS{D98D3EF9C9913E4798AEB15CAF714473}",
    "cantidad_archivos": 1,
    "archivos_fuente": [
      "Library/Containers/com.microsoft.Word/Data/Library/Application Support/Microsoft/Temp/~WRS{D98D3EF9-C991-3E47-98AE-B15CAF714473}"
    ],
    "ultima_modificacion": "2025-08-01 01:01:53.789017"
  },
  "~wrs{a33a19b8a8ae39498d97b4bec7f9d923}": {
    "app_sintetizada": "~WRS{A33A19B8A8AE39498D97B4BEC7F9D923}",
    "cantidad_archivos": 1,
    "archivos_fuente": [
      "Library/Containers/com.microsoft.Word/Data/Library/Application Support/Microsoft/Temp/~WRS{A33A19B8-A8AE-3949-8D97-B4BEC7F9D923}"
    ],
    "ultima_modificacion": "2025-08-01 01:01:53.789374"
  },
  "~wrs{9adde0f11176cf4ea095498b25014011}": {
    "app_sintetizada": "~WRS{9ADDE0F11176CF4EA095498B25014011}",
    "cantidad_archivos": 1,
    "archivos_fuente": [
      "Library/Containers/com.microsoft.Word/Data/Library/Application Support/Microsoft/Temp/~WRS{9ADDE0F1-1176-CF4E-A095-498B25014011}"
    ],
    "ultima_modificacion": "2025-08-01 01:01:53.789735"
  },
  "~wrs{f501d47784217c46a115dd4a4b4048f1}": {
    "app_sintetizada": "~WRS{F501D47784217C46A115DD4A4B4048F1}",
    "cantidad_archivos": 1,
    "archivos_fuente": [
      "Library/Containers/com.microsoft.Word/Data/Library/Application Support/Microsoft/Temp/~WRS{F501D477-8421-7C46-A115-DD4A4B4048F1}"
    ],
    "ultima_modificacion": "2025-08-01 01:01:53.790101"
  },
  "~wrs{380ab00e199bfe4aac21b8b32685e7b1}": {
    "app_sintetizada": "~WRS{380AB00E199BFE4AAC21B8B32685E7B1}",
    "cantidad_archivos": 1,
    "archivos_fuente": [
      "Library/Containers/com.microsoft.Word/Data/Library/Application Support/Microsoft/Temp/~WRS{380AB00E-199B-FE4A-AC21-B8B32685E7B1}"
    ],
    "ultima_modificacion": "2025-08-01 01:01:53.790846"
  },
  "~wrs{9f435e4958743e43a4bc2c1a71df00ab}": {
    "app_sintetizada": "~WRS{9F435E4958743E43A4BC2C1A71DF00AB}",
    "cantidad_archivos": 1,
    "archivos_fuente": [
      "Library/Containers/com.microsoft.Word/Data/Library/Application Support/Microsoft/Temp/~WRS{9F435E49-5874-3E43-A4BC-2C1A71DF00AB}"
    ],
    "ultima_modificacion": "2025-08-01 01:01:53.791224"
  },
  "~wrs{0964aa3b04f2224ca826d6f3065d234b}": {
    "app_sintetizada": "~WRS{0964AA3B04F2224CA826D6F3065D234B}",
    "cantidad_archivos": 1,
    "archivos_fuente": [
      "Library/Containers/com.microsoft.Word/Data/Library/Application Support/Microsoft/Temp/~WRS{0964AA3B-04F2-224C-A826-D6F3065D234B}"
    ],
    "ultima_modificacion": "2025-08-01 01:01:53.791584"
  },
  "~wrs{5ec5591292d93a44b9faddd77538f295}": {
    "app_sintetizada": "~WRS{5EC5591292D93A44B9FADDD77538F295}",
    "cantidad_archivos": 1,
    "archivos_fuente": [
      "Library/Containers/com.microsoft.Word/Data/Library/Application Support/Microsoft/Temp/~WRS{5EC55912-92D9-3A44-B9FA-DDD77538F295}"
    ],
    "ultima_modificacion": "2025-08-01 01:01:53.791937"
  },
  "~wrs{b77ceee4128b1b4d98807bb830d71040}": {
    "app_sintetizada": "~WRS{B77CEEE4128B1B4D98807BB830D71040}",
    "cantidad_archivos": 1,
    "archivos_fuente": [
      "Library/Containers/com.microsoft.Word/Data/Library/Application Support/Microsoft/Temp/~WRS{B77CEEE4-128B-1B4D-9880-7BB830D71040}"
    ],
    "ultima_modificacion": "2025-08-01 01:01:53.792273"
  },
  "~wrs{3bc09f585594eb4db94ef1a2253d880d}": {
    "app_sintetizada": "~WRS{3BC09F585594EB4DB94EF1A2253D880D}",
    "cantidad_archivos": 1,
    "archivos_fuente": [
      "Library/Containers/com.microsoft.Word/Data/Library/Application Support/Microsoft/Temp/~WRS{3BC09F58-5594-EB4D-B94E-F1A2253D880D}"
    ],
    "ultima_modificacion": "2025-08-01 01:01:53.792640"
  },
  "~wrs{a0e3d3730fb4e940aaa7dd5c1795ec8d}": {
    "app_sintetizada": "~WRS{A0E3D3730FB4E940AAA7DD5C1795EC8D}",
    "cantidad_archivos": 1,
    "archivos_fuente": [
      "Library/Containers/com.microsoft.Word/Data/Library/Application Support/Microsoft/Temp/~WRS{A0E3D373-0FB4-E940-AAA7-DD5C1795EC8D}"
    ],
    "ultima_modificacion": "2025-08-01 01:01:53.792988"
  },
  "~wrs{d091f5835eb94d428ce0176e6a6fdcab}": {
    "app_sintetizada": "~WRS{D091F5835EB94D428CE0176E6A6FDCAB}",
    "cantidad_archivos": 1,
    "archivos_fuente": [
      "Library/Containers/com.microsoft.Word/Data/Library/Application Support/Microsoft/Temp/~WRS{D091F583-5EB9-4D42-8CE0-176E6A6FDCAB}"
    ],
    "ultima_modificacion": "2025-08-01 01:01:53.793340"
  },
  "~wrs{51f93850bc46b24e9731c8d8396ceecd}": {
    "app_sintetizada": "~WRS{51F93850BC46B24E9731C8D8396CEECD}",
    "cantidad_archivos": 1,
    "archivos_fuente": [
      "Library/Containers/com.microsoft.Word/Data/Library/Application Support/Microsoft/Temp/~WRS{51F93850-BC46-B24E-9731-C8D8396CEECD}"
    ],
    "ultima_modificacion": "2025-08-01 01:01:53.793699"
  },
  "~wrs{65ab72f6ebc1a5468070fc7b8ed64988}": {
    "app_sintetizada": "~WRS{65AB72F6EBC1A5468070FC7B8ED64988}",
    "cantidad_archivos": 1,
    "archivos_fuente": [
      "Library/Containers/com.microsoft.Word/Data/Library/Application Support/Microsoft/Temp/~WRS{65AB72F6-EBC1-A546-8070-FC7B8ED64988}"
    ],
    "ultima_modificacion": "2025-08-01 01:01:53.794030"
  },
  "~wrs{89727811828754449ad8130e5606c19a}": {
    "app_sintetizada": "~WRS{89727811828754449AD8130E5606C19A}",
    "cantidad_archivos": 1,
    "archivos_fuente": [
      "Library/Containers/com.microsoft.Word/Data/Library/Application Support/Microsoft/Temp/~WRS{89727811-8287-5444-9AD8-130E5606C19A}"
    ],
    "ultima_modificacion": "2025-08-01 01:01:53.794377"
  },
  "~wrs{5727db1c7215a34e86431af09efeb582}": {
    "app_sintetizada": "~WRS{5727DB1C7215A34E86431AF09EFEB582}",
    "cantidad_archivos": 1,
    "archivos_fuente": [
      "Library/Containers/com.microsoft.Word/Data/Library/Application Support/Microsoft/Temp/~WRS{5727DB1C-7215-A34E-8643-1AF09EFEB582}"
    ],
    "ultima_modificacion": "2025-08-01 01:01:53.794726"
  },
  "~wrs{aad8d459c1fb0540b55ffeebf53231d6}": {
    "app_sintetizada": "~WRS{AAD8D459C1FB0540B55FFEEBF53231D6}",
    "cantidad_archivos": 1,
    "archivos_fuente": [
      "Library/Containers/com.microsoft.Word/Data/Library/Application Support/Microsoft/Temp/~WRS{AAD8D459-C1FB-0540-B55F-FEEBF53231D6}"
    ],
    "ultima_modificacion": "2025-08-01 01:01:53.795060"
  },
  "~wrs{ec1b6d1ec0eb164fa502c7aa40d9c170}": {
    "app_sintetizada": "~WRS{EC1B6D1EC0EB164FA502C7AA40D9C170}",
    "cantidad_archivos": 1,
    "archivos_fuente": [
      "Library/Containers/com.microsoft.Word/Data/Library/Application Support/Microsoft/Temp/~WRS{EC1B6D1E-C0EB-164F-A502-C7AA40D9C170}"
    ],
    "ultima_modificacion": "2025-08-01 01:01:53.795398"
  },
  "~wrs{7687088567886c48a239a69220321f1e}": {
    "app_sintetizada": "~WRS{7687088567886C48A239A69220321F1E}",
    "cantidad_archivos": 1,
    "archivos_fuente": [
      "Library/Containers/com.microsoft.Word/Data/Library/Application Support/Microsoft/Temp/~WRS{76870885-6788-6C48-A239-A69220321F1E}"
    ],
    "ultima_modificacion": "2025-08-01 01:01:53.795815"
  },
  "~wrs{1a27de8eb9a5ab4da28d74c8be643f67}": {
    "app_sintetizada": "~WRS{1A27DE8EB9A5AB4DA28D74C8BE643F67}",
    "cantidad_archivos": 1,
    "archivos_fuente": [
      "Library/Containers/com.microsoft.Word/Data/Library/Application Support/Microsoft/Temp/~WRS{1A27DE8E-B9A5-AB4D-A28D-74C8BE643F67}"
    ],
    "ultima_modificacion": "2025-08-01 01:01:53.796220"
  },
  "~wrs{da27036891f9fc47b5c27e383d5ddf5e}": {
    "app_sintetizada": "~WRS{DA27036891F9FC47B5C27E383D5DDF5E}",
    "cantidad_archivos": 1,
    "archivos_fuente": [
      "Library/Containers/com.microsoft.Word/Data/Library/Application Support/Microsoft/Temp/~WRS{DA270368-91F9-FC47-B5C2-7E383D5DDF5E}"
    ],
    "ultima_modificacion": "2025-08-01 01:01:53.796610"
  },
  "~wrs{ff2b76d542e6b94292d21e7f809c1d46}": {
    "app_sintetizada": "~WRS{FF2B76D542E6B94292D21E7F809C1D46}",
    "cantidad_archivos": 1,
    "archivos_fuente": [
      "Library/Containers/com.microsoft.Word/Data/Library/Application Support/Microsoft/Temp/~WRS{FF2B76D5-42E6-B942-92D2-1E7F809C1D46}"
    ],
    "ultima_modificacion": "2025-08-01 01:01:53.796964"
  },
  "~wrs{153f432790def441abf8ebadab353460}": {
    "app_sintetizada": "~WRS{153F432790DEF441ABF8EBADAB353460}",
    "cantidad_archivos": 1,
    "archivos_fuente": [
      "Library/Containers/com.microsoft.Word/Data/Library/Application Support/Microsoft/Temp/~WRS{153F4327-90DE-F441-ABF8-EBADAB353460}"
    ],
    "ultima_modificacion": "2025-08-01 01:01:53.797324"
  },
  "~wrs{80ad4b88aa1102488fdbce6bbdc2c88c}": {
    "app_sintetizada": "~WRS{80AD4B88AA1102488FDBCE6BBDC2C88C}",
    "cantidad_archivos": 1,
    "archivos_fuente": [
      "Library/Containers/com.microsoft.Word/Data/Library/Application Support/Microsoft/Temp/~WRS{80AD4B88-AA11-0248-8FDB-CE6BBDC2C88C}"
    ],
    "ultima_modificacion": "2025-08-01 01:01:53.797653"
  },
  "~wrs{2bb045eaf9dcf3459d59a7d9fa33f059}": {
    "app_sintetizada": "~WRS{2BB045EAF9DCF3459D59A7D9FA33F059}",
    "cantidad_archivos": 1,
    "archivos_fuente": [
      "Library/Containers/com.microsoft.Word/Data/Library/Application Support/Microsoft/Temp/~WRS{2BB045EA-F9DC-F345-9D59-A7D9FA33F059}"
    ],
    "ultima_modificacion": "2025-08-01 01:01:53.797984"
  },
  "~wrs{3f2cde3920b1ea41a1e3f3a2dbc099b6}": {
    "app_sintetizada": "~WRS{3F2CDE3920B1EA41A1E3F3A2DBC099B6}",
    "cantidad_archivos": 1,
    "archivos_fuente": [
      "Library/Containers/com.microsoft.Word/Data/Library/Application Support/Microsoft/Temp/~WRS{3F2CDE39-20B1-EA41-A1E3-F3A2DBC099B6}"
    ],
    "ultima_modificacion": "2025-08-01 01:01:53.798376"
  },
  "~wrs{4505ecda2a1326489c5265e04ec4730f}": {
    "app_sintetizada": "~WRS{4505ECDA2A1326489C5265E04EC4730F}",
    "cantidad_archivos": 1,
    "archivos_fuente": [
      "Library/Containers/com.microsoft.Word/Data/Library/Application Support/Microsoft/Temp/~WRS{4505ECDA-2A13-2648-9C52-65E04EC4730F}"
    ],
    "ultima_modificacion": "2025-08-01 01:01:53.798722"
  },
  "~wrs{c92e98ec4bf5a449a855c3f0265546d5}": {
    "app_sintetizada": "~WRS{C92E98EC4BF5A449A855C3F0265546D5}",
    "cantidad_archivos": 1,
    "archivos_fuente": [
      "Library/Containers/com.microsoft.Word/Data/Library/Application Support/Microsoft/Temp/~WRS{C92E98EC-4BF5-A449-A855-C3F0265546D5}"
    ],
    "ultima_modificacion": "2025-08-01 01:01:53.799062"
  },
  "~wrs{a9ebd439569a994e9e114f1b04c8d3b8}": {
    "app_sintetizada": "~WRS{A9EBD439569A994E9E114F1B04C8D3B8}",
    "cantidad_archivos": 1,
    "archivos_fuente": [
      "Library/Containers/com.microsoft.Word/Data/Library/Application Support/Microsoft/Temp/~WRS{A9EBD439-569A-994E-9E11-4F1B04C8D3B8}"
    ],
    "ultima_modificacion": "2025-08-01 01:01:53.799426"
  },
  "~wrs{db6aa548ccc7924fb9f6d81112401a1c}": {
    "app_sintetizada": "~WRS{DB6AA548CCC7924FB9F6D81112401A1C}",
    "cantidad_archivos": 1,
    "archivos_fuente": [
      "Library/Containers/com.microsoft.Word/Data/Library/Application Support/Microsoft/Temp/~WRS{DB6AA548-CCC7-924F-B9F6-D81112401A1C}"
    ],
    "ultima_modificacion": "2025-08-01 01:01:53.799765"
  },
  "~wrs{3120bcb3bb52974da03935d9f48235b9}": {
    "app_sintetizada": "~WRS{3120BCB3BB52974DA03935D9F48235B9}",
    "cantidad_archivos": 1,
    "archivos_fuente": [
      "Library/Containers/com.microsoft.Word/Data/Library/Application Support/Microsoft/Temp/~WRS{3120BCB3-BB52-974D-A039-35D9F48235B9}"
    ],
    "ultima_modificacion": "2025-08-01 01:01:53.800117"
  },
  "~wrs{6c2b6631a8e6a14bb9e1cd29078f500c}": {
    "app_sintetizada": "~WRS{6C2B6631A8E6A14BB9E1CD29078F500C}",
    "cantidad_archivos": 1,
    "archivos_fuente": [
      "Library/Containers/com.microsoft.Word/Data/Library/Application Support/Microsoft/Temp/~WRS{6C2B6631-A8E6-A14B-B9E1-CD29078F500C}"
    ],
    "ultima_modificacion": "2025-08-01 01:01:53.800490"
  },
  "~wrs{9394bbd6f843b549937b032a6153bbfc}": {
    "app_sintetizada": "~WRS{9394BBD6F843B549937B032A6153BBFC}",
    "cantidad_archivos": 1,
    "archivos_fuente": [
      "Library/Containers/com.microsoft.Word/Data/Library/Application Support/Microsoft/Temp/~WRS{9394BBD6-F843-B549-937B-032A6153BBFC}"
    ],
    "ultima_modificacion": "2025-08-01 01:01:53.800869"
  },
  "~wrs{8a1bd2e720d4b44eaad3c3b5a01d3af0}": {
    "app_sintetizada": "~WRS{8A1BD2E720D4B44EAAD3C3B5A01D3AF0}",
    "cantidad_archivos": 1,
    "archivos_fuente": [
      "Library/Containers/com.microsoft.Word/Data/Library/Application Support/Microsoft/Temp/~WRS{8A1BD2E7-20D4-B44E-AAD3-C3B5A01D3AF0}"
    ],
    "ultima_modificacion": "2025-08-01 01:01:53.801233"
  },
  "~wrs{3dadb6df3aa51e40a60471ee39745124}": {
    "app_sintetizada": "~WRS{3DADB6DF3AA51E40A60471EE39745124}",
    "cantidad_archivos": 1,
    "archivos_fuente": [
      "Library/Containers/com.microsoft.Word/Data/Library/Application Support/Microsoft/Temp/~WRS{3DADB6DF-3AA5-1E40-A604-71EE39745124}"
    ],
    "ultima_modificacion": "2025-08-01 01:01:53.801642"
  },
  "~wrs{30d313c35affc34b8ac966bf09dd8b42}": {
    "app_sintetizada": "~WRS{30D313C35AFFC34B8AC966BF09DD8B42}",
    "cantidad_archivos": 1,
    "archivos_fuente": [
      "Library/Containers/com.microsoft.Word/Data/Library/Application Support/Microsoft/Temp/~WRS{30D313C3-5AFF-C34B-8AC9-66BF09DD8B42}"
    ],
    "ultima_modificacion": "2025-08-01 01:01:53.802007"
  },
  "~wrs{17e29e672b08f84bbce02d8a12ea9cf4}": {
    "app_sintetizada": "~WRS{17E29E672B08F84BBCE02D8A12EA9CF4}",
    "cantidad_archivos": 1,
    "archivos_fuente": [
      "Library/Containers/com.microsoft.Word/Data/Library/Application Support/Microsoft/Temp/~WRS{17E29E67-2B08-F84B-BCE0-2D8A12EA9CF4}"
    ],
    "ultima_modificacion": "2025-08-01 01:01:53.802389"
  },
  "~wrs{3bdfa6a7ae5a6b4381993412ce325ec9}": {
    "app_sintetizada": "~WRS{3BDFA6A7AE5A6B4381993412CE325EC9}",
    "cantidad_archivos": 1,
    "archivos_fuente": [
      "Library/Containers/com.microsoft.Word/Data/Library/Application Support/Microsoft/Temp/~WRS{3BDFA6A7-AE5A-6B43-8199-3412CE325EC9}"
    ],
    "ultima_modificacion": "2025-08-01 01:01:53.802738"
  },
  "~wrs{44b250489d6f0141885d7a988f3e65ef}": {
    "app_sintetizada": "~WRS{44B250489D6F0141885D7A988F3E65EF}",
    "cantidad_archivos": 1,
    "archivos_fuente": [
      "Library/Containers/com.microsoft.Word/Data/Library/Application Support/Microsoft/Temp/~WRS{44B25048-9D6F-0141-885D-7A988F3E65EF}"
    ],
    "ultima_modificacion": "2025-08-01 01:01:53.803096"
  },
  "~wrs{b94dedc484c5ad41b6bb0a87e66fa8a7}": {
    "app_sintetizada": "~WRS{B94DEDC484C5AD41B6BB0A87E66FA8A7}",
    "cantidad_archivos": 1,
    "archivos_fuente": [
      "Library/Containers/com.microsoft.Word/Data/Library/Application Support/Microsoft/Temp/~WRS{B94DEDC4-84C5-AD41-B6BB-0A87E66FA8A7}"
    ],
    "ultima_modificacion": "2025-08-01 01:01:53.803443"
  },
  "~wrs{79a0524a20aee448a78c0172141c85e1}": {
    "app_sintetizada": "~WRS{79A0524A20AEE448A78C0172141C85E1}",
    "cantidad_archivos": 1,
    "archivos_fuente": [
      "Library/Containers/com.microsoft.Word/Data/Library/Application Support/Microsoft/Temp/~WRS{79A0524A-20AE-E448-A78C-0172141C85E1}"
    ],
    "ultima_modificacion": "2025-08-01 01:01:53.803809"
  },
  "~wrs{f9da3cd1b50f2c40bce4665355b81c2b}": {
    "app_sintetizada": "~WRS{F9DA3CD1B50F2C40BCE4665355B81C2B}",
    "cantidad_archivos": 1,
    "archivos_fuente": [
      "Library/Containers/com.microsoft.Word/Data/Library/Application Support/Microsoft/Temp/~WRS{F9DA3CD1-B50F-2C40-BCE4-665355B81C2B}"
    ],
    "ultima_modificacion": "2025-08-01 01:01:53.804201"
  },
  "~wrs{a2af672bbed35840930168126c906eba}": {
    "app_sintetizada": "~WRS{A2AF672BBED35840930168126C906EBA}",
    "cantidad_archivos": 1,
    "archivos_fuente": [
      "Library/Containers/com.microsoft.Word/Data/Library/Application Support/Microsoft/Temp/~WRS{A2AF672B-BED3-5840-9301-68126C906EBA}"
    ],
    "ultima_modificacion": "2025-08-01 01:01:53.804569"
  },
  "~wrs{b73430884a6b4249b578c447f3ac292d}": {
    "app_sintetizada": "~WRS{B73430884A6B4249B578C447F3AC292D}",
    "cantidad_archivos": 1,
    "archivos_fuente": [
      "Library/Containers/com.microsoft.Word/Data/Library/Application Support/Microsoft/Temp/~WRS{B7343088-4A6B-4249-B578-C447F3AC292D}"
    ],
    "ultima_modificacion": "2025-08-01 01:01:53.804909"
  },
  "~wrs{3d2ef31fb058d843bde460c8142953ba}": {
    "app_sintetizada": "~WRS{3D2EF31FB058D843BDE460C8142953BA}",
    "cantidad_archivos": 1,
    "archivos_fuente": [
      "Library/Containers/com.microsoft.Word/Data/Library/Application Support/Microsoft/Temp/~WRS{3D2EF31F-B058-D843-BDE4-60C8142953BA}"
    ],
    "ultima_modificacion": "2025-08-01 01:01:53.805277"
  },
  "~wrs{fffa40de9c93d9468b557ab570785cc1}": {
    "app_sintetizada": "~WRS{FFFA40DE9C93D9468B557AB570785CC1}",
    "cantidad_archivos": 1,
    "archivos_fuente": [
      "Library/Containers/com.microsoft.Word/Data/Library/Application Support/Microsoft/Temp/~WRS{FFFA40DE-9C93-D946-8B55-7AB570785CC1}"
    ],
    "ultima_modificacion": "2025-08-01 01:01:53.805645"
  },
  "~wrs{733b4769767f264d8086f8afeb336cc2}": {
    "app_sintetizada": "~WRS{733B4769767F264D8086F8AFEB336CC2}",
    "cantidad_archivos": 1,
    "archivos_fuente": [
      "Library/Containers/com.microsoft.Word/Data/Library/Application Support/Microsoft/Temp/~WRS{733B4769-767F-264D-8086-F8AFEB336CC2}"
    ],
    "ultima_modificacion": "2025-08-01 01:01:53.806003"
  },
  "~wrs{4892e75e239ca1409aeabfd10fb7b296}": {
    "app_sintetizada": "~WRS{4892E75E239CA1409AEABFD10FB7B296}",
    "cantidad_archivos": 1,
    "archivos_fuente": [
      "Library/Containers/com.microsoft.Word/Data/Library/Application Support/Microsoft/Temp/~WRS{4892E75E-239C-A140-9AEA-BFD10FB7B296}"
    ],
    "ultima_modificacion": "2025-08-01 01:01:53.806356"
  },
  "~wrs{1e01161359410b48ac56ff1d545ff29f}": {
    "app_sintetizada": "~WRS{1E01161359410B48AC56FF1D545FF29F}",
    "cantidad_archivos": 1,
    "archivos_fuente": [
      "Library/Containers/com.microsoft.Word/Data/Library/Application Support/Microsoft/Temp/~WRS{1E011613-5941-0B48-AC56-FF1D545FF29F}"
    ],
    "ultima_modificacion": "2025-08-01 01:01:53.806703"
  },
  "~wrs{47534b17ff5cf543b7e93265cab8268d}": {
    "app_sintetizada": "~WRS{47534B17FF5CF543B7E93265CAB8268D}",
    "cantidad_archivos": 1,
    "archivos_fuente": [
      "Library/Containers/com.microsoft.Word/Data/Library/Application Support/Microsoft/Temp/~WRS{47534B17-FF5C-F543-B7E9-3265CAB8268D}"
    ],
    "ultima_modificacion": "2025-08-01 01:01:53.807115"
  },
  "~wrs{910c031223f6ac45be75b62ded352941}": {
    "app_sintetizada": "~WRS{910C031223F6AC45BE75B62DED352941}",
    "cantidad_archivos": 1,
    "archivos_fuente": [
      "Library/Containers/com.microsoft.Word/Data/Library/Application Support/Microsoft/Temp/~WRS{910C0312-23F6-AC45-BE75-B62DED352941}"
    ],
    "ultima_modificacion": "2025-08-01 01:01:53.807491"
  },
  "~wrs{22e6623bfd50ad439519e2d05931be3b}": {
    "app_sintetizada": "~WRS{22E6623BFD50AD439519E2D05931BE3B}",
    "cantidad_archivos": 1,
    "archivos_fuente": [
      "Library/Containers/com.microsoft.Word/Data/Library/Application Support/Microsoft/Temp/~WRS{22E6623B-FD50-AD43-9519-E2D05931BE3B}"
    ],
    "ultima_modificacion": "2025-08-01 01:01:53.807846"
  },
  "~wrs{62eeca0d5b50b943a0c2fd962749ef00}": {
    "app_sintetizada": "~WRS{62EECA0D5B50B943A0C2FD962749EF00}",
    "cantidad_archivos": 1,
    "archivos_fuente": [
      "Library/Containers/com.microsoft.Word/Data/Library/Application Support/Microsoft/Temp/~WRS{62EECA0D-5B50-B943-A0C2-FD962749EF00}"
    ],
    "ultima_modificacion": "2025-08-01 01:01:53.808206"
  },
  "~wrs{874b28bbb078124093264220b13f8572}": {
    "app_sintetizada": "~WRS{874B28BBB078124093264220B13F8572}",
    "cantidad_archivos": 1,
    "archivos_fuente": [
      "Library/Containers/com.microsoft.Word/Data/Library/Application Support/Microsoft/Temp/~WRS{874B28BB-B078-1240-9326-4220B13F8572}"
    ],
    "ultima_modificacion": "2025-08-01 01:01:53.808557"
  },
  "~wrs{2f893196f4fef74199495bec1c070f4d}": {
    "app_sintetizada": "~WRS{2F893196F4FEF74199495BEC1C070F4D}",
    "cantidad_archivos": 1,
    "archivos_fuente": [
      "Library/Containers/com.microsoft.Word/Data/Library/Application Support/Microsoft/Temp/~WRS{2F893196-F4FE-F741-9949-5BEC1C070F4D}"
    ],
    "ultima_modificacion": "2025-08-01 01:01:53.808907"
  },
  "~wrs{25affc21f98c0041b03b5877025f4ea9}": {
    "app_sintetizada": "~WRS{25AFFC21F98C0041B03B5877025F4EA9}",
    "cantidad_archivos": 1,
    "archivos_fuente": [
      "Library/Containers/com.microsoft.Word/Data/Library/Application Support/Microsoft/Temp/~WRS{25AFFC21-F98C-0041-B03B-5877025F4EA9}"
    ],
    "ultima_modificacion": "2025-08-01 01:01:53.809284"
  },
  "~wrs{dbd69839f56f9d439db9a4f20bf07b5e}": {
    "app_sintetizada": "~WRS{DBD69839F56F9D439DB9A4F20BF07B5E}",
    "cantidad_archivos": 1,
    "archivos_fuente": [
      "Library/Containers/com.microsoft.Word/Data/Library/Application Support/Microsoft/Temp/~WRS{DBD69839-F56F-9D43-9DB9-A4F20BF07B5E}"
    ],
    "ultima_modificacion": "2025-08-01 01:01:53.809635"
  },
  "~wrs{edda3b103c3eea43bedd2c25302ffb76}": {
    "app_sintetizada": "~WRS{EDDA3B103C3EEA43BEDD2C25302FFB76}",
    "cantidad_archivos": 1,
    "archivos_fuente": [
      "Library/Containers/com.microsoft.Word/Data/Library/Application Support/Microsoft/Temp/~WRS{EDDA3B10-3C3E-EA43-BEDD-2C25302FFB76}"
    ],
    "ultima_modificacion": "2025-08-01 01:01:53.810007"
  },
  "~wrs{dbed240ebed83e4199c4698b389e27c4}": {
    "app_sintetizada": "~WRS{DBED240EBED83E4199C4698B389E27C4}",
    "cantidad_archivos": 1,
    "archivos_fuente": [
      "Library/Containers/com.microsoft.Word/Data/Library/Application Support/Microsoft/Temp/~WRS{DBED240E-BED8-3E41-99C4-698B389E27C4}"
    ],
    "ultima_modificacion": "2025-08-01 01:01:53.810381"
  },
  "~wrs{8b2ed49eb8992e479d5d786e830de4dc}": {
    "app_sintetizada": "~WRS{8B2ED49EB8992E479D5D786E830DE4DC}",
    "cantidad_archivos": 1,
    "archivos_fuente": [
      "Library/Containers/com.microsoft.Word/Data/Library/Application Support/Microsoft/Temp/~WRS{8B2ED49E-B899-2E47-9D5D-786E830DE4DC}"
    ],
    "ultima_modificacion": "2025-08-01 01:01:53.810985"
  },
  "~wrs{4a63d81830073f4da474ca534982b8ae}": {
    "app_sintetizada": "~WRS{4A63D81830073F4DA474CA534982B8AE}",
    "cantidad_archivos": 1,
    "archivos_fuente": [
      "Library/Containers/com.microsoft.Word/Data/Library/Application Support/Microsoft/Temp/~WRS{4A63D818-3007-3F4D-A474-CA534982B8AE}"
    ],
    "ultima_modificacion": "2025-08-01 01:01:53.811353"
  }
}