{
  "362fdb31bafa4ab680c09642e599ff7f.plist": {
    "app_sintetizada": "362FDB31BAFA4AB680C09642E599FF7F.PLIST",
    "cantidad_archivos": 1,
    "archivos_fuente": [
      "Pictures/Fototeca de Fotos.photoslibrary/resources/renders/3/362FDB31-BAFA-4AB6-80C0-9642E599FF7F.plist"
    ],
    "ultima_modificacion": "2025-08-01 01:00:59.362284"
  },
  "30ae21f5b58541498496bb951f943518.plist": {
    "app_sintetizada": "30AE21F5B58541498496BB951F943518.PLIST",
    "cantidad_archivos": 1,
    "archivos_fuente": [
      "Pictures/Fototeca de Fotos.photoslibrary/resources/renders/3/30AE21F5-B585-4149-8496-BB951F943518.plist"
    ],
    "ultima_modificacion": "2025-08-01 01:00:59.362489"
  },
  "3221034f7d364cc58d47d56848c8f1d2.plist": {
    "app_sintetizada": "3221034F7D364CC58D47D56848C8F1D2.PLIST",
    "cantidad_archivos": 1,
    "archivos_fuente": [
      "Pictures/Fototeca de Fotos.photoslibrary/resources/renders/3/3221034F-7D36-4CC5-8D47-D56848C8F1D2.plist"
    ],
    "ultima_modificacion": "2025-08-01 01:00:59.362756"
  },
  "3e5499bd2e614b36abf52f262a41c90b.plist": {
    "app_sintetizada": "3E5499BD2E614B36ABF52F262A41C90B.PLIST",
    "cantidad_archivos": 1,
    "archivos_fuente": [
      "Pictures/Fototeca de Fotos.photoslibrary/resources/renders/3/3E5499BD-2E61-4B36-ABF5-2F262A41C90B.plist"
    ],
    "ultima_modificacion": "2025-08-01 01:00:59.362984"
  },
  "38ce097287034fd68af34988943b5912.plist": {
    "app_sintetizada": "38CE097287034FD68AF34988943B5912.PLIST",
    "cantidad_archivos": 1,
    "archivos_fuente": [
      "Pictures/Fototeca de Fotos.photoslibrary/resources/renders/3/38CE0972-8703-4FD6-8AF3-4988943B5912.plist"
    ],
    "ultima_modificacion": "2025-08-01 01:00:59.363169"
  },
  "3372f5d66c5c4332817bd1432052d661.plist": {
    "app_sintetizada": "3372F5D66C5C4332817BD1432052D661.PLIST",
    "cantidad_archivos": 1,
    "archivos_fuente": [
      "Pictures/Fototeca de Fotos.photoslibrary/resources/renders/3/3372F5D6-6C5C-4332-817B-D1432052D661.plist"
    ],
    "ultima_modificacion": "2025-08-01 01:00:59.363346"
  },
  "368d6016ffb346d18a63d025589f0778.plist": {
    "app_sintetizada": "368D6016FFB346D18A63D025589F0778.PLIST",
    "cantidad_archivos": 1,
    "archivos_fuente": [
      "Pictures/Fototeca de Fotos.photoslibrary/resources/renders/3/368D6016-FFB3-46D1-8A63-D025589F0778.plist"
    ],
    "ultima_modificacion": "2025-08-01 01:00:59.363522"
  },
  "3a42c3a1908c4825acc967f1307cdd17.plist": {
    "app_sintetizada": "3A42C3A1908C4825ACC967F1307CDD17.PLIST",
    "cantidad_archivos": 1,
    "archivos_fuente": [
      "Pictures/Fototeca de Fotos.photoslibrary/resources/renders/3/3A42C3A1-908C-4825-ACC9-67F1307CDD17.plist"
    ],
    "ultima_modificacion": "2025-08-01 01:00:59.363701"
  },
  "3f6e4593c5bf43e5b52f85e2ceef2065.plist": {
    "app_sintetizada": "3F6E4593C5BF43E5B52F85E2CEEF2065.PLIST",
    "cantidad_archivos": 1,
    "archivos_fuente": [
      "Pictures/Fototeca de Fotos.photoslibrary/resources/renders/3/3F6E4593-C5BF-43E5-B52F-85E2CEEF2065.plist"
    ],
    "ultima_modificacion": "2025-08-01 01:00:59.363874"
  },
  "3b24d97e938841ee94318728461252d7.plist": {
    "app_sintetizada": "3B24D97E938841EE94318728461252D7.PLIST",
    "cantidad_archivos": 1,
    "archivos_fuente": [
      "Pictures/Fototeca de Fotos.photoslibrary/resources/renders/3/3B24D97E-9388-41EE-9431-8728461252D7.plist"
    ],
    "ultima_modificacion": "2025-08-01 01:00:59.364117"
  },
  "3d638e501d5646b88398819d5b54f5f5.plist": {
    "app_sintetizada": "3D638E501D5646B88398819D5B54F5F5.PLIST",
    "cantidad_archivos": 1,
    "archivos_fuente": [
      "Pictures/Fototeca de Fotos.photoslibrary/resources/renders/3/3D638E50-1D56-46B8-8398-819D5B54F5F5.plist"
    ],
    "ultima_modificacion": "2025-08-01 01:00:59.364388"
  },
  "366f63eeb6af449bb718dc390ac33dc9.plist": {
    "app_sintetizada": "366F63EEB6AF449BB718DC390AC33DC9.PLIST",
    "cantidad_archivos": 1,
    "archivos_fuente": [
      "Pictures/Fototeca de Fotos.photoslibrary/resources/renders/3/366F63EE-B6AF-449B-B718-DC390AC33DC9.plist"
    ],
    "ultima_modificacion": "2025-08-01 01:00:59.364626"
  },
  "3c0cb73e356c496eaec45815d3dd9fad.plist": {
    "app_sintetizada": "3C0CB73E356C496EAEC45815D3DD9FAD.PLIST",
    "cantidad_archivos": 1,
    "archivos_fuente": [
      "Pictures/Fototeca de Fotos.photoslibrary/resources/renders/3/3C0CB73E-356C-496E-AEC4-5815D3DD9FAD.plist"
    ],
    "ultima_modificacion": "2025-08-01 01:00:59.364941"
  },
  "3bb4b71ae78f456595a5a7bacf7f7938.plist": {
    "app_sintetizada": "3BB4B71AE78F456595A5A7BACF7F7938.PLIST",
    "cantidad_archivos": 1,
    "archivos_fuente": [
      "Pictures/Fototeca de Fotos.photoslibrary/resources/renders/3/3BB4B71A-E78F-4565-95A5-A7BACF7F7938.plist"
    ],
    "ultima_modificacion": "2025-08-01 01:00:59.365154"
  },
  "3788a6d622df480589053df33816cb9b.plist": {
    "app_sintetizada": "3788A6D622DF480589053DF33816CB9B.PLIST",
    "cantidad_archivos": 1,
    "archivos_fuente": [
      "Pictures/Fototeca de Fotos.photoslibrary/resources/renders/3/3788A6D6-22DF-4805-8905-3DF33816CB9B.plist"
    ],
    "ultima_modificacion": "2025-08-01 01:00:59.365343"
  },
  "3afa7e5059be42c7ba17fdc9ee0d767a.plist": {
    "app_sintetizada": "3AFA7E5059BE42C7BA17FDC9EE0D767A.PLIST",
    "cantidad_archivos": 1,
    "archivos_fuente": [
      "Pictures/Fototeca de Fotos.photoslibrary/resources/renders/3/3AFA7E50-59BE-42C7-BA17-FDC9EE0D767A.plist"
    ],
    "ultima_modificacion": "2025-08-01 01:00:59.365523"
  },
  "3077769b93754c68a01af4ac53883c4c.plist": {
    "app_sintetizada": "3077769B93754C68A01AF4AC53883C4C.PLIST",
    "cantidad_archivos": 1,
    "archivos_fuente": [
      "Pictures/Fototeca de Fotos.photoslibrary/resources/renders/3/3077769B-9375-4C68-A01A-F4AC53883C4C.plist"
    ],
    "ultima_modificacion": "2025-08-01 01:00:59.365719"
  },
  "3a2d3a004efd47dba8ecf0a25cf17437.plist": {
    "app_sintetizada": "3A2D3A004EFD47DBA8ECF0A25CF17437.PLIST",
    "cantidad_archivos": 1,
    "archivos_fuente": [
      "Pictures/Fototeca de Fotos.photoslibrary/resources/renders/3/3A2D3A00-4EFD-47DB-A8EC-F0A25CF17437.plist"
    ],
    "ultima_modificacion": "2025-08-01 01:00:59.365885"
  },
  "3d8db0a0e69e41e6839054e2f2abfec9.plist": {
    "app_sintetizada": "3D8DB0A0E69E41E6839054E2F2ABFEC9.PLIST",
    "cantidad_archivos": 1,
    "archivos_fuente": [
      "Pictures/Fototeca de Fotos.photoslibrary/resources/renders/3/3D8DB0A0-E69E-41E6-8390-54E2F2ABFEC9.plist"
    ],
    "ultima_modificacion": "2025-08-01 01:00:59.366055"
  },
  "331fa1c931cf48b8ae9e283dad5a3e76.plist": {
    "app_sintetizada": "331FA1C931CF48B8AE9E283DAD5A3E76.PLIST",
    "cantidad_archivos": 1,
    "archivos_fuente": [
      "Pictures/Fototeca de Fotos.photoslibrary/resources/renders/3/331FA1C9-31CF-48B8-AE9E-283DAD5A3E76.plist"
    ],
    "ultima_modificacion": "2025-08-01 01:00:59.366229"
  },
  "3e23aa61d34d4c4798e385b12707c791.plist": {
    "app_sintetizada": "3E23AA61D34D4C4798E385B12707C791.PLIST",
    "cantidad_archivos": 1,
    "archivos_fuente": [
      "Pictures/Fototeca de Fotos.photoslibrary/resources/renders/3/3E23AA61-D34D-4C47-98E3-85B12707C791.plist"
    ],
    "ultima_modificacion": "2025-08-01 01:00:59.366397"
  },
  "3f0200a1bf98451aa58e2c0ad989c963.plist": {
    "app_sintetizada": "3F0200A1BF98451AA58E2C0AD989C963.PLIST",
    "cantidad_archivos": 1,
    "archivos_fuente": [
      "Pictures/Fototeca de Fotos.photoslibrary/resources/renders/3/3F0200A1-BF98-451A-A58E-2C0AD989C963.plist"
    ],
    "ultima_modificacion": "2025-08-01 01:00:59.366564"
  },
  "31788e852dbf41c8a5a14b8a25955348.plist": {
    "app_sintetizada": "31788E852DBF41C8A5A14B8A25955348.PLIST",
    "cantidad_archivos": 1,
    "archivos_fuente": [
      "Pictures/Fototeca de Fotos.photoslibrary/resources/renders/3/31788E85-2DBF-41C8-A5A1-4B8A25955348.plist"
    ],
    "ultima_modificacion": "2025-08-01 01:00:59.366727"
  },
  "3dc2d6b393b741ddb3bbeefa77ea43a2.plist": {
    "app_sintetizada": "3DC2D6B393B741DDB3BBEEFA77EA43A2.PLIST",
    "cantidad_archivos": 1,
    "archivos_fuente": [
      "Pictures/Fototeca de Fotos.photoslibrary/resources/renders/3/3DC2D6B3-93B7-41DD-B3BB-EEFA77EA43A2.plist"
    ],
    "ultima_modificacion": "2025-08-01 01:00:59.367016"
  },
  "33766c6be5b24a7d99c08bfde665d1d7.plist": {
    "app_sintetizada": "33766C6BE5B24A7D99C08BFDE665D1D7.PLIST",
    "cantidad_archivos": 1,
    "archivos_fuente": [
      "Pictures/Fototeca de Fotos.photoslibrary/resources/renders/3/33766C6B-E5B2-4A7D-99C0-8BFDE665D1D7.plist"
    ],
    "ultima_modificacion": "2025-08-01 01:00:59.367259"
  },
  "32b419963b4b486080abc515d88cf7b4.plist": {
    "app_sintetizada": "32B419963B4B486080ABC515D88CF7B4.PLIST",
    "cantidad_archivos": 1,
    "archivos_fuente": [
      "Pictures/Fototeca de Fotos.photoslibrary/resources/renders/3/32B41996-3B4B-4860-80AB-C515D88CF7B4.plist"
    ],
    "ultima_modificacion": "2025-08-01 01:00:59.367489"
  },
  "3ebdd25bfb344fc4afc5f316c630f267.plist": {
    "app_sintetizada": "3EBDD25BFB344FC4AFC5F316C630F267.PLIST",
    "cantidad_archivos": 1,
    "archivos_fuente": [
      "Pictures/Fototeca de Fotos.photoslibrary/resources/renders/3/3EBDD25B-FB34-4FC4-AFC5-F316C630F267.plist"
    ],
    "ultima_modificacion": "2025-08-01 01:00:59.367695"
  },
  "394866f86dcf4f58866a373459f3751b.plist": {
    "app_sintetizada": "394866F86DCF4F58866A373459F3751B.PLIST",
    "cantidad_archivos": 1,
    "archivos_fuente": [
      "Pictures/Fototeca de Fotos.photoslibrary/resources/renders/3/394866F8-6DCF-4F58-866A-373459F3751B.plist"
    ],
    "ultima_modificacion": "2025-08-01 01:00:59.367878"
  },
  "3cd01d271fd34e74b13cb8313d0e2d9a.plist": {
    "app_sintetizada": "3CD01D271FD34E74B13CB8313D0E2D9A.PLIST",
    "cantidad_archivos": 1,
    "archivos_fuente": [
      "Pictures/Fototeca de Fotos.photoslibrary/resources/renders/3/3CD01D27-1FD3-4E74-B13C-B8313D0E2D9A.plist"
    ],
    "ultima_modificacion": "2025-08-01 01:00:59.368072"
  },
  "331832226fbd447497634c133d222fe6.plist": {
    "app_sintetizada": "331832226FBD447497634C133D222FE6.PLIST",
    "cantidad_archivos": 1,
    "archivos_fuente": [
      "Pictures/Fototeca de Fotos.photoslibrary/resources/renders/3/33183222-6FBD-4474-9763-4C133D222FE6.plist"
    ],
    "ultima_modificacion": "2025-08-01 01:00:59.368363"
  },
  "3616a4cb14c74ec08107301ca456fcf1.plist": {
    "app_sintetizada": "3616A4CB14C74EC08107301CA456FCF1.PLIST",
    "cantidad_archivos": 1,
    "archivos_fuente": [
      "Pictures/Fototeca de Fotos.photoslibrary/resources/renders/3/3616A4CB-14C7-4EC0-8107-301CA456FCF1.plist"
    ],
    "ultima_modificacion": "2025-08-01 01:00:59.368584"
  },
  "30114e3ac5d648dd8493d265db0b08d6.plist": {
    "app_sintetizada": "30114E3AC5D648DD8493D265DB0B08D6.PLIST",
    "cantidad_archivos": 1,
    "archivos_fuente": [
      "Pictures/Fototeca de Fotos.photoslibrary/resources/renders/3/30114E3A-C5D6-48DD-8493-D265DB0B08D6.plist"
    ],
    "ultima_modificacion": "2025-08-01 01:00:59.368837"
  },
  "342be07e2d1c422f9504443827289bc6.plist": {
    "app_sintetizada": "342BE07E2D1C422F9504443827289BC6.PLIST",
    "cantidad_archivos": 1,
    "archivos_fuente": [
      "Pictures/Fototeca de Fotos.photoslibrary/resources/renders/3/342BE07E-2D1C-422F-9504-443827289BC6.plist"
    ],
    "ultima_modificacion": "2025-08-01 01:00:59.369060"
  },
  "375ceaa148ef4b269f1a1f0afff17c37.plist": {
    "app_sintetizada": "375CEAA148EF4B269F1A1F0AFFF17C37.PLIST",
    "cantidad_archivos": 1,
    "archivos_fuente": [
      "Pictures/Fototeca de Fotos.photoslibrary/resources/renders/3/375CEAA1-48EF-4B26-9F1A-1F0AFFF17C37.plist"
    ],
    "ultima_modificacion": "2025-08-01 01:00:59.369260"
  },
  "31b7575834f64f81b6b9385efe284287.plist": {
    "app_sintetizada": "31B7575834F64F81B6B9385EFE284287.PLIST",
    "cantidad_archivos": 1,
    "archivos_fuente": [
      "Pictures/Fototeca de Fotos.photoslibrary/resources/renders/3/31B75758-34F6-4F81-B6B9-385EFE284287.plist"
    ],
    "ultima_modificacion": "2025-08-01 01:00:59.369517"
  },
  "388b84d8138b485497fd85beae4ddf25.plist": {
    "app_sintetizada": "388B84D8138B485497FD85BEAE4DDF25.PLIST",
    "cantidad_archivos": 1,
    "archivos_fuente": [
      "Pictures/Fototeca de Fotos.photoslibrary/resources/renders/3/388B84D8-138B-4854-97FD-85BEAE4DDF25.plist"
    ],
    "ultima_modificacion": "2025-08-01 01:00:59.369731"
  },
  "3199670d2b8741278b578e82cc70dd4e.plist": {
    "app_sintetizada": "3199670D2B8741278B578E82CC70DD4E.PLIST",
    "cantidad_archivos": 1,
    "archivos_fuente": [
      "Pictures/Fototeca de Fotos.photoslibrary/resources/renders/3/3199670D-2B87-4127-8B57-8E82CC70DD4E.plist"
    ],
    "ultima_modificacion": "2025-08-01 01:00:59.369940"
  },
  "3b331f70de26460abc937d7db4989d44.plist": {
    "app_sintetizada": "3B331F70DE26460ABC937D7DB4989D44.PLIST",
    "cantidad_archivos": 1,
    "archivos_fuente": [
      "Pictures/Fototeca de Fotos.photoslibrary/resources/renders/3/3B331F70-DE26-460A-BC93-7D7DB4989D44.plist"
    ],
    "ultima_modificacion": "2025-08-01 01:00:59.370162"
  },
  "30d703cb229f4d04a0c6de5d79d97850.plist": {
    "app_sintetizada": "30D703CB229F4D04A0C6DE5D79D97850.PLIST",
    "cantidad_archivos": 1,
    "archivos_fuente": [
      "Pictures/Fototeca de Fotos.photoslibrary/resources/renders/3/30D703CB-229F-4D04-A0C6-DE5D79D97850.plist"
    ],
    "ultima_modificacion": "2025-08-01 01:00:59.370343"
  },
  "3349e1a320fe489aa310e28b8a1c2a77.plist": {
    "app_sintetizada": "3349E1A320FE489AA310E28B8A1C2A77.PLIST",
    "cantidad_archivos": 1,
    "archivos_fuente": [
      "Pictures/Fototeca de Fotos.photoslibrary/resources/renders/3/3349E1A3-20FE-489A-A310-E28B8A1C2A77.plist"
    ],
    "ultima_modificacion": "2025-08-01 01:00:59.370577"
  },
  "33bd92ec42164d569ebb7990eaaa1eba.plist": {
    "app_sintetizada": "33BD92EC42164D569EBB7990EAAA1EBA.PLIST",
    "cantidad_archivos": 1,
    "archivos_fuente": [
      "Pictures/Fototeca de Fotos.photoslibrary/resources/renders/3/33BD92EC-4216-4D56-9EBB-7990EAAA1EBA.plist"
    ],
    "ultima_modificacion": "2025-08-01 01:00:59.370875"
  },
  "3d4d19eb651343f88a34cac3cbcba15e.plist": {
    "app_sintetizada": "3D4D19EB651343F88A34CAC3CBCBA15E.PLIST",
    "cantidad_archivos": 1,
    "archivos_fuente": [
      "Pictures/Fototeca de Fotos.photoslibrary/resources/renders/3/3D4D19EB-6513-43F8-8A34-CAC3CBCBA15E.plist"
    ],
    "ultima_modificacion": "2025-08-01 01:00:59.371110"
  },
  "3d321afc2ca24d21be57d0fc14889635.plist": {
    "app_sintetizada": "3D321AFC2CA24D21BE57D0FC14889635.PLIST",
    "cantidad_archivos": 1,
    "archivos_fuente": [
      "Pictures/Fototeca de Fotos.photoslibrary/resources/renders/3/3D321AFC-2CA2-4D21-BE57-D0FC14889635.plist"
    ],
    "ultima_modificacion": "2025-08-01 01:00:59.371298"
  },
  "36c20e20dea14161a367f3574e75c2aa.plist": {
    "app_sintetizada": "36C20E20DEA14161A367F3574E75C2AA.PLIST",
    "cantidad_archivos": 1,
    "archivos_fuente": [
      "Pictures/Fototeca de Fotos.photoslibrary/resources/renders/3/36C20E20-DEA1-4161-A367-F3574E75C2AA.plist"
    ],
    "ultima_modificacion": "2025-08-01 01:00:59.371481"
  },
  "3ac4428c535e4aaa8c90ea7f015e1e05.plist": {
    "app_sintetizada": "3AC4428C535E4AAA8C90EA7F015E1E05.PLIST",
    "cantidad_archivos": 1,
    "archivos_fuente": [
      "Pictures/Fototeca de Fotos.photoslibrary/resources/renders/3/3AC4428C-535E-4AAA-8C90-EA7F015E1E05.plist"
    ],
    "ultima_modificacion": "2025-08-01 01:00:59.371666"
  },
  "33b28736d4d84449ba543f38c651951e.plist": {
    "app_sintetizada": "33B28736D4D84449BA543F38C651951E.PLIST",
    "cantidad_archivos": 1,
    "archivos_fuente": [
      "Pictures/Fototeca de Fotos.photoslibrary/resources/renders/3/33B28736-D4D8-4449-BA54-3F38C651951E.plist"
    ],
    "ultima_modificacion": "2025-08-01 01:00:59.371851"
  },
  "3f70258eaf1542bf8e900bd0d9071cc1.plist": {
    "app_sintetizada": "3F70258EAF1542BF8E900BD0D9071CC1.PLIST",
    "cantidad_archivos": 1,
    "archivos_fuente": [
      "Pictures/Fototeca de Fotos.photoslibrary/resources/renders/3/3F70258E-AF15-42BF-8E90-0BD0D9071CC1.plist"
    ],
    "ultima_modificacion": "2025-08-01 01:00:59.372017"
  },
  "313971ce0dd84384b4d384bdd48d62c9.plist": {
    "app_sintetizada": "313971CE0DD84384B4D384BDD48D62C9.PLIST",
    "cantidad_archivos": 1,
    "archivos_fuente": [
      "Pictures/Fototeca de Fotos.photoslibrary/resources/renders/3/313971CE-0DD8-4384-B4D3-84BDD48D62C9.plist"
    ],
    "ultima_modificacion": "2025-08-01 01:00:59.372181"
  },
  "3e4e3a85285c4a3a85f50c9568f9a7f4.plist": {
    "app_sintetizada": "3E4E3A85285C4A3A85F50C9568F9A7F4.PLIST",
    "cantidad_archivos": 1,
    "archivos_fuente": [
      "Pictures/Fototeca de Fotos.photoslibrary/resources/renders/3/3E4E3A85-285C-4A3A-85F5-0C9568F9A7F4.plist"
    ],
    "ultima_modificacion": "2025-08-01 01:00:59.372352"
  },
  "350fae17a1f243dfbcdb000e54c77020.plist": {
    "app_sintetizada": "350FAE17A1F243DFBCDB000E54C77020.PLIST",
    "cantidad_archivos": 1,
    "archivos_fuente": [
      "Pictures/Fototeca de Fotos.photoslibrary/resources/renders/3/350FAE17-A1F2-43DF-BCDB-000E54C77020.plist"
    ],
    "ultima_modificacion": "2025-08-01 01:00:59.372518"
  },
  "3c3a26d918134aea9a46c8e817b5cdd1.plist": {
    "app_sintetizada": "3C3A26D918134AEA9A46C8E817B5CDD1.PLIST",
    "cantidad_archivos": 1,
    "archivos_fuente": [
      "Pictures/Fototeca de Fotos.photoslibrary/resources/renders/3/3C3A26D9-1813-4AEA-9A46-C8E817B5CDD1.plist"
    ],
    "ultima_modificacion": "2025-08-01 01:00:59.372685"
  },
  "38eea05e51a041b8b5f6914137d7c30d.plist": {
    "app_sintetizada": "38EEA05E51A041B8B5F6914137D7C30D.PLIST",
    "cantidad_archivos": 1,
    "archivos_fuente": [
      "Pictures/Fototeca de Fotos.photoslibrary/resources/renders/3/38EEA05E-51A0-41B8-B5F6-914137D7C30D.plist"
    ],
    "ultima_modificacion": "2025-08-01 01:00:59.372854"
  },
  "38a9c2879bf146719cc25fb0f4e320fd.plist": {
    "app_sintetizada": "38A9C2879BF146719CC25FB0F4E320FD.PLIST",
    "cantidad_archivos": 1,
    "archivos_fuente": [
      "Pictures/Fototeca de Fotos.photoslibrary/resources/renders/3/38A9C287-9BF1-4671-9CC2-5FB0F4E320FD.plist"
    ],
    "ultima_modificacion": "2025-08-01 01:00:59.373019"
  },
  "3c4eddfad5054d54aa747e172bf367e1.plist": {
    "app_sintetizada": "3C4EDDFAD5054D54AA747E172BF367E1.PLIST",
    "cantidad_archivos": 1,
    "archivos_fuente": [
      "Pictures/Fototeca de Fotos.photoslibrary/resources/renders/3/3C4EDDFA-D505-4D54-AA74-7E172BF367E1.plist"
    ],
    "ultima_modificacion": "2025-08-01 01:00:59.373230"
  },
  "320ca5e2f67f4537b6c3a86b1059072f.plist": {
    "app_sintetizada": "320CA5E2F67F4537B6C3A86B1059072F.PLIST",
    "cantidad_archivos": 1,
    "archivos_fuente": [
      "Pictures/Fototeca de Fotos.photoslibrary/resources/renders/3/320CA5E2-F67F-4537-B6C3-A86B1059072F.plist"
    ],
    "ultima_modificacion": "2025-08-01 01:00:59.373525"
  },
  "31c78e14ea3644c5bac443e75f7d9a1c.plist": {
    "app_sintetizada": "31C78E14EA3644C5BAC443E75F7D9A1C.PLIST",
    "cantidad_archivos": 1,
    "archivos_fuente": [
      "Pictures/Fototeca de Fotos.photoslibrary/resources/renders/3/31C78E14-EA36-44C5-BAC4-43E75F7D9A1C.plist"
    ],
    "ultima_modificacion": "2025-08-01 01:00:59.373729"
  },
  "3d320e8ba2ad4bf18bc1bc8e658584af.plist": {
    "app_sintetizada": "3D320E8BA2AD4BF18BC1BC8E658584AF.PLIST",
    "cantidad_archivos": 1,
    "archivos_fuente": [
      "Pictures/Fototeca de Fotos.photoslibrary/resources/renders/3/3D320E8B-A2AD-4BF1-8BC1-BC8E658584AF.plist"
    ],
    "ultima_modificacion": "2025-08-01 01:00:59.373975"
  },
  "303ce4122d8346e795cac552b32df323.plist": {
    "app_sintetizada": "303CE4122D8346E795CAC552B32DF323.PLIST",
    "cantidad_archivos": 1,
    "archivos_fuente": [
      "Pictures/Fototeca de Fotos.photoslibrary/resources/renders/3/303CE412-2D83-46E7-95CA-C552B32DF323.plist"
    ],
    "ultima_modificacion": "2025-08-01 01:00:59.374232"
  },
  "3f6e2e1132934d04917c2ef56bee0095.plist": {
    "app_sintetizada": "3F6E2E1132934D04917C2EF56BEE0095.PLIST",
    "cantidad_archivos": 1,
    "archivos_fuente": [
      "Pictures/Fototeca de Fotos.photoslibrary/resources/renders/3/3F6E2E11-3293-4D04-917C-2EF56BEE0095.plist"
    ],
    "ultima_modificacion": "2025-08-01 01:00:59.374415"
  },
  "33f7af9feb2346a9b4f30eea2f472731.plist": {
    "app_sintetizada": "33F7AF9FEB2346A9B4F30EEA2F472731.PLIST",
    "cantidad_archivos": 1,
    "archivos_fuente": [
      "Pictures/Fototeca de Fotos.photoslibrary/resources/renders/3/33F7AF9F-EB23-46A9-B4F3-0EEA2F472731.plist"
    ],
    "ultima_modificacion": "2025-08-01 01:00:59.374588"
  },
  "3d75c4ad6f864f4f88dc7d0adfbd2e61.plist": {
    "app_sintetizada": "3D75C4AD6F864F4F88DC7D0ADFBD2E61.PLIST",
    "cantidad_archivos": 1,
    "archivos_fuente": [
      "Pictures/Fototeca de Fotos.photoslibrary/resources/renders/3/3D75C4AD-6F86-4F4F-88DC-7D0ADFBD2E61.plist"
    ],
    "ultima_modificacion": "2025-08-01 01:00:59.374764"
  },
  "3385c7be82fb4f509064a99e4f228e13.plist": {
    "app_sintetizada": "3385C7BE82FB4F509064A99E4F228E13.PLIST",
    "cantidad_archivos": 1,
    "archivos_fuente": [
      "Pictures/Fototeca de Fotos.photoslibrary/resources/renders/3/3385C7BE-82FB-4F50-9064-A99E4F228E13.plist"
    ],
    "ultima_modificacion": "2025-08-01 01:00:59.374934"
  },
  "3d04ac7b516f47909d9d4215cde67427.plist": {
    "app_sintetizada": "3D04AC7B516F47909D9D4215CDE67427.PLIST",
    "cantidad_archivos": 1,
    "archivos_fuente": [
      "Pictures/Fototeca de Fotos.photoslibrary/resources/renders/3/3D04AC7B-516F-4790-9D9D-4215CDE67427.plist"
    ],
    "ultima_modificacion": "2025-08-01 01:00:59.375102"
  },
  "3a8f3025e9c044a3a11bed9e4556acf0.plist": {
    "app_sintetizada": "3A8F3025E9C044A3A11BED9E4556ACF0.PLIST",
    "cantidad_archivos": 1,
    "archivos_fuente": [
      "Pictures/Fototeca de Fotos.photoslibrary/resources/renders/3/3A8F3025-E9C0-44A3-A11B-ED9E4556ACF0.plist"
    ],
    "ultima_modificacion": "2025-08-01 01:00:59.375274"
  },
  "393d594591ed42e19fc24b1b38d54cfa.plist": {
    "app_sintetizada": "393D594591ED42E19FC24B1B38D54CFA.PLIST",
    "cantidad_archivos": 1,
    "archivos_fuente": [
      "Pictures/Fototeca de Fotos.photoslibrary/resources/renders/3/393D5945-91ED-42E1-9FC2-4B1B38D54CFA.plist"
    ],
    "ultima_modificacion": "2025-08-01 01:00:59.375448"
  },
  "3be37644d30a4783b7045acd514119fb.plist": {
    "app_sintetizada": "3BE37644D30A4783B7045ACD514119FB.PLIST",
    "cantidad_archivos": 1,
    "archivos_fuente": [
      "Pictures/Fototeca de Fotos.photoslibrary/resources/renders/3/3BE37644-D30A-4783-B704-5ACD514119FB.plist"
    ],
    "ultima_modificacion": "2025-08-01 01:00:59.375652"
  },
  "367bf897ceaf4611a7030ff7700183aa.plist": {
    "app_sintetizada": "367BF897CEAF4611A7030FF7700183AA.PLIST",
    "cantidad_archivos": 1,
    "archivos_fuente": [
      "Pictures/Fototeca de Fotos.photoslibrary/resources/renders/3/367BF897-CEAF-4611-A703-0FF7700183AA.plist"
    ],
    "ultima_modificacion": "2025-08-01 01:00:59.375880"
  },
  "3a884f0bf9284f3daa637cbff161ac19.plist": {
    "app_sintetizada": "3A884F0BF9284F3DAA637CBFF161AC19.PLIST",
    "cantidad_archivos": 1,
    "archivos_fuente": [
      "Pictures/Fototeca de Fotos.photoslibrary/resources/renders/3/3A884F0B-F928-4F3D-AA63-7CBFF161AC19.plist"
    ],
    "ultima_modificacion": "2025-08-01 01:00:59.376084"
  },
  "3b14c14f99f8432b99265057a695472f.plist": {
    "app_sintetizada": "3B14C14F99F8432B99265057A695472F.PLIST",
    "cantidad_archivos": 1,
    "archivos_fuente": [
      "Pictures/Fototeca de Fotos.photoslibrary/resources/renders/3/3B14C14F-99F8-432B-9926-5057A695472F.plist"
    ],
    "ultima_modificacion": "2025-08-01 01:00:59.376284"
  },
  "3fc9996c16d945c4a605a16fefb52703.plist": {
    "app_sintetizada": "3FC9996C16D945C4A605A16FEFB52703.PLIST",
    "cantidad_archivos": 1,
    "archivos_fuente": [
      "Pictures/Fototeca de Fotos.photoslibrary/resources/renders/3/3FC9996C-16D9-45C4-A605-A16FEFB52703.plist"
    ],
    "ultima_modificacion": "2025-08-01 01:00:59.376478"
  },
  "3ac1f5d3c5ed4b2f8592d39a06e8923a.plist": {
    "app_sintetizada": "3AC1F5D3C5ED4B2F8592D39A06E8923A.PLIST",
    "cantidad_archivos": 1,
    "archivos_fuente": [
      "Pictures/Fototeca de Fotos.photoslibrary/resources/renders/3/3AC1F5D3-C5ED-4B2F-8592-D39A06E8923A.plist"
    ],
    "ultima_modificacion": "2025-08-01 01:00:59.376672"
  },
  "3562a40b8c9848148a4e1c523fffa2a2.plist": {
    "app_sintetizada": "3562A40B8C9848148A4E1C523FFFA2A2.PLIST",
    "cantidad_archivos": 1,
    "archivos_fuente": [
      "Pictures/Fototeca de Fotos.photoslibrary/resources/renders/3/3562A40B-8C98-4814-8A4E-1C523FFFA2A2.plist"
    ],
    "ultima_modificacion": "2025-08-01 01:00:59.376850"
  },
  "305b64e497ff4ea79492963bdb0d2db1.plist": {
    "app_sintetizada": "305B64E497FF4EA79492963BDB0D2DB1.PLIST",
    "cantidad_archivos": 1,
    "archivos_fuente": [
      "Pictures/Fototeca de Fotos.photoslibrary/resources/renders/3/305B64E4-97FF-4EA7-9492-963BDB0D2DB1.plist"
    ],
    "ultima_modificacion": "2025-08-01 01:00:59.377030"
  },
  "3c77a5e5d2db4ff68eb06cfdd2f006f2.plist": {
    "app_sintetizada": "3C77A5E5D2DB4FF68EB06CFDD2F006F2.PLIST",
    "cantidad_archivos": 1,
    "archivos_fuente": [
      "Pictures/Fototeca de Fotos.photoslibrary/resources/renders/3/3C77A5E5-D2DB-4FF6-8EB0-6CFDD2F006F2.plist"
    ],
    "ultima_modificacion": "2025-08-01 01:00:59.377226"
  },
  "32d9166c43534b47973ff4366638dd29.plist": {
    "app_sintetizada": "32D9166C43534B47973FF4366638DD29.PLIST",
    "cantidad_archivos": 1,
    "archivos_fuente": [
      "Pictures/Fototeca de Fotos.photoslibrary/resources/renders/3/32D9166C-4353-4B47-973F-F4366638DD29.plist"
    ],
    "ultima_modificacion": "2025-08-01 01:00:59.377485"
  },
  "3e4a06d2329a4162bb99e6fac4a49390.plist": {
    "app_sintetizada": "3E4A06D2329A4162BB99E6FAC4A49390.PLIST",
    "cantidad_archivos": 1,
    "archivos_fuente": [
      "Pictures/Fototeca de Fotos.photoslibrary/resources/renders/3/3E4A06D2-329A-4162-BB99-E6FAC4A49390.plist"
    ],
    "ultima_modificacion": "2025-08-01 01:00:59.377713"
  },
  "3195f25e797c45ab8c407ac52264b150.plist": {
    "app_sintetizada": "3195F25E797C45AB8C407AC52264B150.PLIST",
    "cantidad_archivos": 1,
    "archivos_fuente": [
      "Pictures/Fototeca de Fotos.photoslibrary/resources/renders/3/3195F25E-797C-45AB-8C40-7AC52264B150.plist"
    ],
    "ultima_modificacion": "2025-08-01 01:00:59.378028"
  },
  "36d67ee933f54e309107620153f1aeb0.plist": {
    "app_sintetizada": "36D67EE933F54E309107620153F1AEB0.PLIST",
    "cantidad_archivos": 1,
    "archivos_fuente": [
      "Pictures/Fototeca de Fotos.photoslibrary/resources/renders/3/36D67EE9-33F5-4E30-9107-620153F1AEB0.plist"
    ],
    "ultima_modificacion": "2025-08-01 01:00:59.378233"
  },
  "307a3fb2a74041069ec39538ff838176.plist": {
    "app_sintetizada": "307A3FB2A74041069EC39538FF838176.PLIST",
    "cantidad_archivos": 1,
    "archivos_fuente": [
      "Pictures/Fototeca de Fotos.photoslibrary/resources/renders/3/307A3FB2-A740-4106-9EC3-9538FF838176.plist"
    ],
    "ultima_modificacion": "2025-08-01 01:00:59.378412"
  },
  "3a05f23e14f148bf8c1ddc582fb533c2.plist": {
    "app_sintetizada": "3A05F23E14F148BF8C1DDC582FB533C2.PLIST",
    "cantidad_archivos": 1,
    "archivos_fuente": [
      "Pictures/Fototeca de Fotos.photoslibrary/resources/renders/3/3A05F23E-14F1-48BF-8C1D-DC582FB533C2.plist"
    ],
    "ultima_modificacion": "2025-08-01 01:00:59.378591"
  },
  "34613f5e35744c7194062d7e9f8cf8c8.plist": {
    "app_sintetizada": "34613F5E35744C7194062D7E9F8CF8C8.PLIST",
    "cantidad_archivos": 1,
    "archivos_fuente": [
      "Pictures/Fototeca de Fotos.photoslibrary/resources/renders/3/34613F5E-3574-4C71-9406-2D7E9F8CF8C8.plist"
    ],
    "ultima_modificacion": "2025-08-01 01:00:59.378871"
  },
  "336358e0c58f441f8022b5fb3ada6705.plist": {
    "app_sintetizada": "336358E0C58F441F8022B5FB3ADA6705.PLIST",
    "cantidad_archivos": 1,
    "archivos_fuente": [
      "Pictures/Fototeca de Fotos.photoslibrary/resources/renders/3/336358E0-C58F-441F-8022-B5FB3ADA6705.plist"
    ],
    "ultima_modificacion": "2025-08-01 01:00:59.379187"
  },
  "3a02b28318934ea780c27f77e7f6a769.plist": {
    "app_sintetizada": "3A02B28318934EA780C27F77E7F6A769.PLIST",
    "cantidad_archivos": 1,
    "archivos_fuente": [
      "Pictures/Fototeca de Fotos.photoslibrary/resources/renders/3/3A02B283-1893-4EA7-80C2-7F77E7F6A769.plist"
    ],
    "ultima_modificacion": "2025-08-01 01:00:59.379496"
  },
  "3768d2b6d4eb4257b2baa744da2ab9c6.plist": {
    "app_sintetizada": "3768D2B6D4EB4257B2BAA744DA2AB9C6.PLIST",
    "cantidad_archivos": 1,
    "archivos_fuente": [
      "Pictures/Fototeca de Fotos.photoslibrary/resources/renders/3/3768D2B6-D4EB-4257-B2BA-A744DA2AB9C6.plist"
    ],
    "ultima_modificacion": "2025-08-01 01:00:59.379697"
  },
  "3d1089cc07854f1292fbd77ea92349fc.plist": {
    "app_sintetizada": "3D1089CC07854F1292FBD77EA92349FC.PLIST",
    "cantidad_archivos": 1,
    "archivos_fuente": [
      "Pictures/Fototeca de Fotos.photoslibrary/resources/renders/3/3D1089CC-0785-4F12-92FB-D77EA92349FC.plist"
    ],
    "ultima_modificacion": "2025-08-01 01:00:59.379904"
  },
  "3504dad5770441579bd146e8ed884f43.plist": {
    "app_sintetizada": "3504DAD5770441579BD146E8ED884F43.PLIST",
    "cantidad_archivos": 1,
    "archivos_fuente": [
      "Pictures/Fototeca de Fotos.photoslibrary/resources/renders/3/3504DAD5-7704-4157-9BD1-46E8ED884F43.plist"
    ],
    "ultima_modificacion": "2025-08-01 01:00:59.380128"
  },
  "3ef479ceb9ca4e80969d8bd1c94d6c25.plist": {
    "app_sintetizada": "3EF479CEB9CA4E80969D8BD1C94D6C25.PLIST",
    "cantidad_archivos": 1,
    "archivos_fuente": [
      "Pictures/Fototeca de Fotos.photoslibrary/resources/renders/3/3EF479CE-B9CA-4E80-969D-8BD1C94D6C25.plist"
    ],
    "ultima_modificacion": "2025-08-01 01:00:59.380337"
  },
  "39d4c32b794a4d9284d6b14a1a0d3823.plist": {
    "app_sintetizada": "39D4C32B794A4D9284D6B14A1A0D3823.PLIST",
    "cantidad_archivos": 1,
    "archivos_fuente": [
      "Pictures/Fototeca de Fotos.photoslibrary/resources/renders/3/39D4C32B-794A-4D92-84D6-B14A1A0D3823.plist"
    ],
    "ultima_modificacion": "2025-08-01 01:00:59.380586"
  },
  "33f7611468834c50b1001a9c6268d4dd.plist": {
    "app_sintetizada": "33F7611468834C50B1001A9C6268D4DD.PLIST",
    "cantidad_archivos": 1,
    "archivos_fuente": [
      "Pictures/Fototeca de Fotos.photoslibrary/resources/renders/3/33F76114-6883-4C50-B100-1A9C6268D4DD.plist"
    ],
    "ultima_modificacion": "2025-08-01 01:00:59.380786"
  },
  "3d7910666a2a46dcbe933540bc18db04.plist": {
    "app_sintetizada": "3D7910666A2A46DCBE933540BC18DB04.PLIST",
    "cantidad_archivos": 1,
    "archivos_fuente": [
      "Pictures/Fototeca de Fotos.photoslibrary/resources/renders/3/3D791066-6A2A-46DC-BE93-3540BC18DB04.plist"
    ],
    "ultima_modificacion": "2025-08-01 01:00:59.381023"
  },
  "355f09d97d454460af2436ca35555d4e.plist": {
    "app_sintetizada": "355F09D97D454460AF2436CA35555D4E.PLIST",
    "cantidad_archivos": 1,
    "archivos_fuente": [
      "Pictures/Fototeca de Fotos.photoslibrary/resources/renders/3/355F09D9-7D45-4460-AF24-36CA35555D4E.plist"
    ],
    "ultima_modificacion": "2025-08-01 01:00:59.381280"
  },
  "3eef04296cbe4964a8b8fafd7cdd0cd5.plist": {
    "app_sintetizada": "3EEF04296CBE4964A8B8FAFD7CDD0CD5.PLIST",
    "cantidad_archivos": 1,
    "archivos_fuente": [
      "Pictures/Fototeca de Fotos.photoslibrary/resources/renders/3/3EEF0429-6CBE-4964-A8B8-FAFD7CDD0CD5.plist"
    ],
    "ultima_modificacion": "2025-08-01 01:00:59.381466"
  },
  "31275b7073a64f2d85a1521ac3eb7c89.plist": {
    "app_sintetizada": "31275B7073A64F2D85A1521AC3EB7C89.PLIST",
    "cantidad_archivos": 1,
    "archivos_fuente": [
      "Pictures/Fototeca de Fotos.photoslibrary/resources/renders/3/31275B70-73A6-4F2D-85A1-521AC3EB7C89.plist"
    ],
    "ultima_modificacion": "2025-08-01 01:00:59.381636"
  },
  "3493f1a6b2924f5493a5ba346d7a3dd5.plist": {
    "app_sintetizada": "3493F1A6B2924F5493A5BA346D7A3DD5.PLIST",
    "cantidad_archivos": 1,
    "archivos_fuente": [
      "Pictures/Fototeca de Fotos.photoslibrary/resources/renders/3/3493F1A6-B292-4F54-93A5-BA346D7A3DD5.plist"
    ],
    "ultima_modificacion": "2025-08-01 01:00:59.381806"
  },
  "36eaa96e668047d18f514a3a05e4a77f.plist": {
    "app_sintetizada": "36EAA96E668047D18F514A3A05E4A77F.PLIST",
    "cantidad_archivos": 1,
    "archivos_fuente": [
      "Pictures/Fototeca de Fotos.photoslibrary/resources/renders/3/36EAA96E-6680-47D1-8F51-4A3A05E4A77F.plist"
    ],
    "ultima_modificacion": "2025-08-01 01:00:59.381973"
  },
  "3e6092f94231482eb2599af1d6355d5c.plist": {
    "app_sintetizada": "3E6092F94231482EB2599AF1D6355D5C.PLIST",
    "cantidad_archivos": 1,
    "archivos_fuente": [
      "Pictures/Fototeca de Fotos.photoslibrary/resources/renders/3/3E6092F9-4231-482E-B259-9AF1D6355D5C.plist"
    ],
    "ultima_modificacion": "2025-08-01 01:00:59.382145"
  },
  "300b3ff72334408abf4be375280b8520.plist": {
    "app_sintetizada": "300B3FF72334408ABF4BE375280B8520.PLIST",
    "cantidad_archivos": 1,
    "archivos_fuente": [
      "Pictures/Fototeca de Fotos.photoslibrary/resources/renders/3/300B3FF7-2334-408A-BF4B-E375280B8520.plist"
    ],
    "ultima_modificacion": "2025-08-01 01:00:59.382310"
  },
  "31c8f963b0e943f08a3de2a889750b1d.plist": {
    "app_sintetizada": "31C8F963B0E943F08A3DE2A889750B1D.PLIST",
    "cantidad_archivos": 1,
    "archivos_fuente": [
      "Pictures/Fototeca de Fotos.photoslibrary/resources/renders/3/31C8F963-B0E9-43F0-8A3D-E2A889750B1D.plist"
    ],
    "ultima_modificacion": "2025-08-01 01:00:59.382485"
  },
  "3171535cac7a46d19636fe6b539329a6.plist": {
    "app_sintetizada": "3171535CAC7A46D19636FE6B539329A6.PLIST",
    "cantidad_archivos": 1,
    "archivos_fuente": [
      "Pictures/Fototeca de Fotos.photoslibrary/resources/renders/3/3171535C-AC7A-46D1-9636-FE6B539329A6.plist"
    ],
    "ultima_modificacion": "2025-08-01 01:00:59.382673"
  },
  "387cfe7c164045ff918f17ab7f441a38.plist": {
    "app_sintetizada": "387CFE7C164045FF918F17AB7F441A38.PLIST",
    "cantidad_archivos": 1,
    "archivos_fuente": [
      "Pictures/Fototeca de Fotos.photoslibrary/resources/renders/3/387CFE7C-1640-45FF-918F-17AB7F441A38.plist"
    ],
    "ultima_modificacion": "2025-08-01 01:00:59.382979"
  }
}