{
  "b3b576182d344dd38fbce0960f96eada.plist": {
    "app_sintetizada": "B3B576182D344DD38FBCE0960F96EADA.PLIST",
    "cantidad_archivos": 1,
    "archivos_fuente": [
      "Pictures/Fototeca de Fotos.photoslibrary/resources/renders/B/B3B57618-2D34-4DD3-8FBC-E0960F96EADA.plist"
    ],
    "ultima_modificacion": "2025-08-01 01:00:59.562762"
  },
  "bd5fec78a07f495ab62fb8399cee6bd0.plist": {
    "app_sintetizada": "BD5FEC78A07F495AB62FB8399CEE6BD0.PLIST",
    "cantidad_archivos": 1,
    "archivos_fuente": [
      "Pictures/Fototeca de Fotos.photoslibrary/resources/renders/B/BD5FEC78-A07F-495A-B62F-B8399CEE6BD0.plist"
    ],
    "ultima_modificacion": "2025-08-01 01:00:59.563018"
  },
  "bb6d1533be50436cae6e6078393ba9d4.plist": {
    "app_sintetizada": "BB6D1533BE50436CAE6E6078393BA9D4.PLIST",
    "cantidad_archivos": 1,
    "archivos_fuente": [
      "Pictures/Fototeca de Fotos.photoslibrary/resources/renders/B/BB6D1533-BE50-436C-AE6E-6078393BA9D4.plist"
    ],
    "ultima_modificacion": "2025-08-01 01:00:59.563226"
  },
  "bd06f21ad4f04fdc93f0f35e184af1a0.plist": {
    "app_sintetizada": "BD06F21AD4F04FDC93F0F35E184AF1A0.PLIST",
    "cantidad_archivos": 1,
    "archivos_fuente": [
      "Pictures/Fototeca de Fotos.photoslibrary/resources/renders/B/BD06F21A-D4F0-4FDC-93F0-F35E184AF1A0.plist"
    ],
    "ultima_modificacion": "2025-08-01 01:00:59.563425"
  },
  "b868860dc67d4874ba3a1cb853076fe8.plist": {
    "app_sintetizada": "B868860DC67D4874BA3A1CB853076FE8.PLIST",
    "cantidad_archivos": 1,
    "archivos_fuente": [
      "Pictures/Fototeca de Fotos.photoslibrary/resources/renders/B/B868860D-C67D-4874-BA3A-1CB853076FE8.plist"
    ],
    "ultima_modificacion": "2025-08-01 01:00:59.563672"
  },
  "b4d7ba9f3268422dbd76fb01b79bacc2.plist": {
    "app_sintetizada": "B4D7BA9F3268422DBD76FB01B79BACC2.PLIST",
    "cantidad_archivos": 1,
    "archivos_fuente": [
      "Pictures/Fototeca de Fotos.photoslibrary/resources/renders/B/B4D7BA9F-3268-422D-BD76-FB01B79BACC2.plist"
    ],
    "ultima_modificacion": "2025-08-01 01:00:59.563982"
  },
  "b43376c0430d4c1e8eeee85d49ff1852.plist": {
    "app_sintetizada": "B43376C0430D4C1E8EEEE85D49FF1852.PLIST",
    "cantidad_archivos": 1,
    "archivos_fuente": [
      "Pictures/Fototeca de Fotos.photoslibrary/resources/renders/B/B43376C0-430D-4C1E-8EEE-E85D49FF1852.plist"
    ],
    "ultima_modificacion": "2025-08-01 01:00:59.564241"
  },
  "b5e95b3b93ad4df6b6c4ed23d98e3066.plist": {
    "app_sintetizada": "B5E95B3B93AD4DF6B6C4ED23D98E3066.PLIST",
    "cantidad_archivos": 1,
    "archivos_fuente": [
      "Pictures/Fototeca de Fotos.photoslibrary/resources/renders/B/B5E95B3B-93AD-4DF6-B6C4-ED23D98E3066.plist"
    ],
    "ultima_modificacion": "2025-08-01 01:00:59.564492"
  },
  "b20cd18e1bdd42a498773fae9e573f6b.plist": {
    "app_sintetizada": "B20CD18E1BDD42A498773FAE9E573F6B.PLIST",
    "cantidad_archivos": 1,
    "archivos_fuente": [
      "Pictures/Fototeca de Fotos.photoslibrary/resources/renders/B/B20CD18E-1BDD-42A4-9877-3FAE9E573F6B.plist"
    ],
    "ultima_modificacion": "2025-08-01 01:00:59.564825"
  },
  "b0797e3cbbf344039c9ce848ff709fdf.plist": {
    "app_sintetizada": "B0797E3CBBF344039C9CE848FF709FDF.PLIST",
    "cantidad_archivos": 1,
    "archivos_fuente": [
      "Pictures/Fototeca de Fotos.photoslibrary/resources/renders/B/B0797E3C-BBF3-4403-9C9C-E848FF709FDF.plist"
    ],
    "ultima_modificacion": "2025-08-01 01:00:59.565051"
  },
  "b413fd8552984b24b98714894467dd72.plist": {
    "app_sintetizada": "B413FD8552984B24B98714894467DD72.PLIST",
    "cantidad_archivos": 1,
    "archivos_fuente": [
      "Pictures/Fototeca de Fotos.photoslibrary/resources/renders/B/B413FD85-5298-4B24-B987-14894467DD72.plist"
    ],
    "ultima_modificacion": "2025-08-01 01:00:59.565263"
  },
  "b647b610fe33407bac8f474bab437b3c.plist": {
    "app_sintetizada": "B647B610FE33407BAC8F474BAB437B3C.PLIST",
    "cantidad_archivos": 1,
    "archivos_fuente": [
      "Pictures/Fototeca de Fotos.photoslibrary/resources/renders/B/B647B610-FE33-407B-AC8F-474BAB437B3C.plist"
    ],
    "ultima_modificacion": "2025-08-01 01:00:59.565458"
  },
  "b6bfe60c623144bcb4b7c3a0c5606bd1.plist": {
    "app_sintetizada": "B6BFE60C623144BCB4B7C3A0C5606BD1.PLIST",
    "cantidad_archivos": 1,
    "archivos_fuente": [
      "Pictures/Fototeca de Fotos.photoslibrary/resources/renders/B/B6BFE60C-6231-44BC-B4B7-C3A0C5606BD1.plist"
    ],
    "ultima_modificacion": "2025-08-01 01:00:59.565648"
  },
  "b60fe32a6ab946ffb93b132b2df6514a.plist": {
    "app_sintetizada": "B60FE32A6AB946FFB93B132B2DF6514A.PLIST",
    "cantidad_archivos": 1,
    "archivos_fuente": [
      "Pictures/Fototeca de Fotos.photoslibrary/resources/renders/B/B60FE32A-6AB9-46FF-B93B-132B2DF6514A.plist"
    ],
    "ultima_modificacion": "2025-08-01 01:00:59.565844"
  },
  "b5349edcf02e466b9b454d1715b2745e.plist": {
    "app_sintetizada": "B5349EDCF02E466B9B454D1715B2745E.PLIST",
    "cantidad_archivos": 1,
    "archivos_fuente": [
      "Pictures/Fototeca de Fotos.photoslibrary/resources/renders/B/B5349EDC-F02E-466B-9B45-4D1715B2745E.plist"
    ],
    "ultima_modificacion": "2025-08-01 01:00:59.566145"
  },
  "b9fff3c66e5f4fbf82764da3cf54efcc.plist": {
    "app_sintetizada": "B9FFF3C66E5F4FBF82764DA3CF54EFCC.PLIST",
    "cantidad_archivos": 1,
    "archivos_fuente": [
      "Pictures/Fototeca de Fotos.photoslibrary/resources/renders/B/B9FFF3C6-6E5F-4FBF-8276-4DA3CF54EFCC.plist"
    ],
    "ultima_modificacion": "2025-08-01 01:00:59.566362"
  },
  "b4aa586fb5a44cfe82227c8dc175a668.plist": {
    "app_sintetizada": "B4AA586FB5A44CFE82227C8DC175A668.PLIST",
    "cantidad_archivos": 1,
    "archivos_fuente": [
      "Pictures/Fototeca de Fotos.photoslibrary/resources/renders/B/B4AA586F-B5A4-4CFE-8222-7C8DC175A668.plist"
    ],
    "ultima_modificacion": "2025-08-01 01:00:59.566628"
  },
  "ba4a9daa3d68402ba817d050c57561f5.plist": {
    "app_sintetizada": "BA4A9DAA3D68402BA817D050C57561F5.PLIST",
    "cantidad_archivos": 1,
    "archivos_fuente": [
      "Pictures/Fototeca de Fotos.photoslibrary/resources/renders/B/BA4A9DAA-3D68-402B-A817-D050C57561F5.plist"
    ],
    "ultima_modificacion": "2025-08-01 01:00:59.566839"
  },
  "b4cec77ceee74be6a6f3a2ae682ceed7.plist": {
    "app_sintetizada": "B4CEC77CEEE74BE6A6F3A2AE682CEED7.PLIST",
    "cantidad_archivos": 1,
    "archivos_fuente": [
      "Pictures/Fototeca de Fotos.photoslibrary/resources/renders/B/B4CEC77C-EEE7-4BE6-A6F3-A2AE682CEED7.plist"
    ],
    "ultima_modificacion": "2025-08-01 01:00:59.567036"
  },
  "be4d622334b1463bb9ed00469e2175cf.plist": {
    "app_sintetizada": "BE4D622334B1463BB9ED00469E2175CF.PLIST",
    "cantidad_archivos": 1,
    "archivos_fuente": [
      "Pictures/Fototeca de Fotos.photoslibrary/resources/renders/B/BE4D6223-34B1-463B-B9ED-00469E2175CF.plist"
    ],
    "ultima_modificacion": "2025-08-01 01:00:59.567211"
  },
  "bcad2789218d496c9c3481fb8cc7a7d8.plist": {
    "app_sintetizada": "BCAD2789218D496C9C3481FB8CC7A7D8.PLIST",
    "cantidad_archivos": 1,
    "archivos_fuente": [
      "Pictures/Fototeca de Fotos.photoslibrary/resources/renders/B/BCAD2789-218D-496C-9C34-81FB8CC7A7D8.plist"
    ],
    "ultima_modificacion": "2025-08-01 01:00:59.567381"
  },
  "bc8221105c214e558a1539525c217633.plist": {
    "app_sintetizada": "BC8221105C214E558A1539525C217633.PLIST",
    "cantidad_archivos": 1,
    "archivos_fuente": [
      "Pictures/Fototeca de Fotos.photoslibrary/resources/renders/B/BC822110-5C21-4E55-8A15-39525C217633.plist"
    ],
    "ultima_modificacion": "2025-08-01 01:00:59.567554"
  },
  "b505e9f0922d40e1a81d007579c1f3d4.plist": {
    "app_sintetizada": "B505E9F0922D40E1A81D007579C1F3D4.PLIST",
    "cantidad_archivos": 1,
    "archivos_fuente": [
      "Pictures/Fototeca de Fotos.photoslibrary/resources/renders/B/B505E9F0-922D-40E1-A81D-007579C1F3D4.plist"
    ],
    "ultima_modificacion": "2025-08-01 01:00:59.567724"
  },
  "b8d25a2b3d99483cbccd15ea0c87e282.plist": {
    "app_sintetizada": "B8D25A2B3D99483CBCCD15EA0C87E282.PLIST",
    "cantidad_archivos": 1,
    "archivos_fuente": [
      "Pictures/Fototeca de Fotos.photoslibrary/resources/renders/B/B8D25A2B-3D99-483C-BCCD-15EA0C87E282.plist"
    ],
    "ultima_modificacion": "2025-08-01 01:00:59.567891"
  },
  "bce627f9cfc141d8b68e0787b6a47c09.plist": {
    "app_sintetizada": "BCE627F9CFC141D8B68E0787B6A47C09.PLIST",
    "cantidad_archivos": 1,
    "archivos_fuente": [
      "Pictures/Fototeca de Fotos.photoslibrary/resources/renders/B/BCE627F9-CFC1-41D8-B68E-0787B6A47C09.plist"
    ],
    "ultima_modificacion": "2025-08-01 01:00:59.568058"
  },
  "b8db80e8e8a24244ae6e4ec55cdd4e2d.plist": {
    "app_sintetizada": "B8DB80E8E8A24244AE6E4EC55CDD4E2D.PLIST",
    "cantidad_archivos": 1,
    "archivos_fuente": [
      "Pictures/Fototeca de Fotos.photoslibrary/resources/renders/B/B8DB80E8-E8A2-4244-AE6E-4EC55CDD4E2D.plist"
    ],
    "ultima_modificacion": "2025-08-01 01:00:59.568223"
  },
  "be7401ca8bf74c2daef600c720550fbb.plist": {
    "app_sintetizada": "BE7401CA8BF74C2DAEF600C720550FBB.PLIST",
    "cantidad_archivos": 1,
    "archivos_fuente": [
      "Pictures/Fototeca de Fotos.photoslibrary/resources/renders/B/BE7401CA-8BF7-4C2D-AEF6-00C720550FBB.plist"
    ],
    "ultima_modificacion": "2025-08-01 01:00:59.568390"
  },
  "b1623d801e574d09823fe5f63952b920.plist": {
    "app_sintetizada": "B1623D801E574D09823FE5F63952B920.PLIST",
    "cantidad_archivos": 1,
    "archivos_fuente": [
      "Pictures/Fototeca de Fotos.photoslibrary/resources/renders/B/B1623D80-1E57-4D09-823F-E5F63952B920.plist"
    ],
    "ultima_modificacion": "2025-08-01 01:00:59.568554"
  },
  "b09c0cf4bab943f5955eef14b4e67661.plist": {
    "app_sintetizada": "B09C0CF4BAB943F5955EEF14B4E67661.PLIST",
    "cantidad_archivos": 1,
    "archivos_fuente": [
      "Pictures/Fototeca de Fotos.photoslibrary/resources/renders/B/B09C0CF4-BAB9-43F5-955E-EF14B4E67661.plist"
    ],
    "ultima_modificacion": "2025-08-01 01:00:59.568719"
  },
  "b3f5470d95f54b54b06d94526da01e17.plist": {
    "app_sintetizada": "B3F5470D95F54B54B06D94526DA01E17.PLIST",
    "cantidad_archivos": 1,
    "archivos_fuente": [
      "Pictures/Fototeca de Fotos.photoslibrary/resources/renders/B/B3F5470D-95F5-4B54-B06D-94526DA01E17.plist"
    ],
    "ultima_modificacion": "2025-08-01 01:00:59.568924"
  },
  "b0aa90a306814959bd3b70d19345b6e0.plist": {
    "app_sintetizada": "B0AA90A306814959BD3B70D19345B6E0.PLIST",
    "cantidad_archivos": 1,
    "archivos_fuente": [
      "Pictures/Fototeca de Fotos.photoslibrary/resources/renders/B/B0AA90A3-0681-4959-BD3B-70D19345B6E0.plist"
    ],
    "ultima_modificacion": "2025-08-01 01:00:59.569393"
  },
  "b9920eaec2e9410494a54401e9da99ed.plist": {
    "app_sintetizada": "B9920EAEC2E9410494A54401E9DA99ED.PLIST",
    "cantidad_archivos": 1,
    "archivos_fuente": [
      "Pictures/Fototeca de Fotos.photoslibrary/resources/renders/B/B9920EAE-C2E9-4104-94A5-4401E9DA99ED.plist"
    ],
    "ultima_modificacion": "2025-08-01 01:00:59.569702"
  },
  "b63613393b8349b5b3a6e08a2a8e092d.plist": {
    "app_sintetizada": "B63613393B8349B5B3A6E08A2A8E092D.PLIST",
    "cantidad_archivos": 1,
    "archivos_fuente": [
      "Pictures/Fototeca de Fotos.photoslibrary/resources/renders/B/B6361339-3B83-49B5-B3A6-E08A2A8E092D.plist"
    ],
    "ultima_modificacion": "2025-08-01 01:00:59.569930"
  },
  "b0b86182f43b44a7a947193e516bc3da.plist": {
    "app_sintetizada": "B0B86182F43B44A7A947193E516BC3DA.PLIST",
    "cantidad_archivos": 1,
    "archivos_fuente": [
      "Pictures/Fototeca de Fotos.photoslibrary/resources/renders/B/B0B86182-F43B-44A7-A947-193E516BC3DA.plist"
    ],
    "ultima_modificacion": "2025-08-01 01:00:59.570137"
  },
  "b6a6048c0dda4e60b7ef51bf77ed6043.plist": {
    "app_sintetizada": "B6A6048C0DDA4E60B7EF51BF77ED6043.PLIST",
    "cantidad_archivos": 1,
    "archivos_fuente": [
      "Pictures/Fototeca de Fotos.photoslibrary/resources/renders/B/B6A6048C-0DDA-4E60-B7EF-51BF77ED6043.plist"
    ],
    "ultima_modificacion": "2025-08-01 01:00:59.570332"
  },
  "bda9b5d1d8dc4cc9b2c8ec3be06a9ebf.plist": {
    "app_sintetizada": "BDA9B5D1D8DC4CC9B2C8EC3BE06A9EBF.PLIST",
    "cantidad_archivos": 1,
    "archivos_fuente": [
      "Pictures/Fototeca de Fotos.photoslibrary/resources/renders/B/BDA9B5D1-D8DC-4CC9-B2C8-EC3BE06A9EBF.plist"
    ],
    "ultima_modificacion": "2025-08-01 01:00:59.570513"
  },
  "b584bdea5f44418e99d44acb58e5400c.plist": {
    "app_sintetizada": "B584BDEA5F44418E99D44ACB58E5400C.PLIST",
    "cantidad_archivos": 1,
    "archivos_fuente": [
      "Pictures/Fototeca de Fotos.photoslibrary/resources/renders/B/B584BDEA-5F44-418E-99D4-4ACB58E5400C.plist"
    ],
    "ultima_modificacion": "2025-08-01 01:00:59.570695"
  },
  "b472261a0f4f45a8a676f620b16b43d0.plist": {
    "app_sintetizada": "B472261A0F4F45A8A676F620B16B43D0.PLIST",
    "cantidad_archivos": 1,
    "archivos_fuente": [
      "Pictures/Fototeca de Fotos.photoslibrary/resources/renders/B/B472261A-0F4F-45A8-A676-F620B16B43D0.plist"
    ],
    "ultima_modificacion": "2025-08-01 01:00:59.570891"
  },
  "b630d19649bb42faa0de7a559f5bde1d.plist": {
    "app_sintetizada": "B630D19649BB42FAA0DE7A559F5BDE1D.PLIST",
    "cantidad_archivos": 1,
    "archivos_fuente": [
      "Pictures/Fototeca de Fotos.photoslibrary/resources/renders/B/B630D196-49BB-42FA-A0DE-7A559F5BDE1D.plist"
    ],
    "ultima_modificacion": "2025-08-01 01:00:59.571055"
  },
  "ba71b56ddba1404789b9bff90e2438e1.plist": {
    "app_sintetizada": "BA71B56DDBA1404789B9BFF90E2438E1.PLIST",
    "cantidad_archivos": 1,
    "archivos_fuente": [
      "Pictures/Fototeca de Fotos.photoslibrary/resources/renders/B/BA71B56D-DBA1-4047-89B9-BFF90E2438E1.plist"
    ],
    "ultima_modificacion": "2025-08-01 01:00:59.571224"
  },
  "b99d1466f18d438d9a783e4d00b104db.plist": {
    "app_sintetizada": "B99D1466F18D438D9A783E4D00B104DB.PLIST",
    "cantidad_archivos": 1,
    "archivos_fuente": [
      "Pictures/Fototeca de Fotos.photoslibrary/resources/renders/B/B99D1466-F18D-438D-9A78-3E4D00B104DB.plist"
    ],
    "ultima_modificacion": "2025-08-01 01:00:59.571396"
  },
  "b6f15a26f0be4c8e9b704480967045d4.plist": {
    "app_sintetizada": "B6F15A26F0BE4C8E9B704480967045D4.PLIST",
    "cantidad_archivos": 1,
    "archivos_fuente": [
      "Pictures/Fototeca de Fotos.photoslibrary/resources/renders/B/B6F15A26-F0BE-4C8E-9B70-4480967045D4.plist"
    ],
    "ultima_modificacion": "2025-08-01 01:00:59.571667"
  },
  "b96ca3e69d2c4f098bd5e1e95b9e9603.plist": {
    "app_sintetizada": "B96CA3E69D2C4F098BD5E1E95B9E9603.PLIST",
    "cantidad_archivos": 1,
    "archivos_fuente": [
      "Pictures/Fototeca de Fotos.photoslibrary/resources/renders/B/B96CA3E6-9D2C-4F09-8BD5-E1E95B9E9603.plist"
    ],
    "ultima_modificacion": "2025-08-01 01:00:59.571936"
  },
  "b6cb46a94b4f4648882769f570298eab.plist": {
    "app_sintetizada": "B6CB46A94B4F4648882769F570298EAB.PLIST",
    "cantidad_archivos": 1,
    "archivos_fuente": [
      "Pictures/Fototeca de Fotos.photoslibrary/resources/renders/B/B6CB46A9-4B4F-4648-8827-69F570298EAB.plist"
    ],
    "ultima_modificacion": "2025-08-01 01:00:59.572138"
  },
  "bb8bdaad7cdb4e7896b5d1c9a28da57d.plist": {
    "app_sintetizada": "BB8BDAAD7CDB4E7896B5D1C9A28DA57D.PLIST",
    "cantidad_archivos": 1,
    "archivos_fuente": [
      "Pictures/Fototeca de Fotos.photoslibrary/resources/renders/B/BB8BDAAD-7CDB-4E78-96B5-D1C9A28DA57D.plist"
    ],
    "ultima_modificacion": "2025-08-01 01:00:59.572315"
  },
  "bb2fadc08cb742b0b6d67cb37564fe0e.plist": {
    "app_sintetizada": "BB2FADC08CB742B0B6D67CB37564FE0E.PLIST",
    "cantidad_archivos": 1,
    "archivos_fuente": [
      "Pictures/Fototeca de Fotos.photoslibrary/resources/renders/B/BB2FADC0-8CB7-42B0-B6D6-7CB37564FE0E.plist"
    ],
    "ultima_modificacion": "2025-08-01 01:00:59.572486"
  },
  "b8e3fbe4dec94ed0a51125725c898d8e.plist": {
    "app_sintetizada": "B8E3FBE4DEC94ED0A51125725C898D8E.PLIST",
    "cantidad_archivos": 1,
    "archivos_fuente": [
      "Pictures/Fototeca de Fotos.photoslibrary/resources/renders/B/B8E3FBE4-DEC9-4ED0-A511-25725C898D8E.plist"
    ],
    "ultima_modificacion": "2025-08-01 01:00:59.572654"
  },
  "bdab026bf33c4295b98ede7a8c243c73.plist": {
    "app_sintetizada": "BDAB026BF33C4295B98EDE7A8C243C73.PLIST",
    "cantidad_archivos": 1,
    "archivos_fuente": [
      "Pictures/Fototeca de Fotos.photoslibrary/resources/renders/B/BDAB026B-F33C-4295-B98E-DE7A8C243C73.plist"
    ],
    "ultima_modificacion": "2025-08-01 01:00:59.572882"
  },
  "bb253497b688443e903a0e0f05780569.plist": {
    "app_sintetizada": "BB253497B688443E903A0E0F05780569.PLIST",
    "cantidad_archivos": 1,
    "archivos_fuente": [
      "Pictures/Fototeca de Fotos.photoslibrary/resources/renders/B/BB253497-B688-443E-903A-0E0F05780569.plist"
    ],
    "ultima_modificacion": "2025-08-01 01:00:59.573132"
  },
  "b78a17b5f1b8446da1b573f2efd6dd70.plist": {
    "app_sintetizada": "B78A17B5F1B8446DA1B573F2EFD6DD70.PLIST",
    "cantidad_archivos": 1,
    "archivos_fuente": [
      "Pictures/Fototeca de Fotos.photoslibrary/resources/renders/B/B78A17B5-F1B8-446D-A1B5-73F2EFD6DD70.plist"
    ],
    "ultima_modificacion": "2025-08-01 01:00:59.573342"
  },
  "bce051e3e02949489c0d4fd1528c2dd6.plist": {
    "app_sintetizada": "BCE051E3E02949489C0D4FD1528C2DD6.PLIST",
    "cantidad_archivos": 1,
    "archivos_fuente": [
      "Pictures/Fototeca de Fotos.photoslibrary/resources/renders/B/BCE051E3-E029-4948-9C0D-4FD1528C2DD6.plist"
    ],
    "ultima_modificacion": "2025-08-01 01:00:59.573560"
  },
  "bcd3f75049a3401ba8b3b8cb2c6ed530.plist": {
    "app_sintetizada": "BCD3F75049A3401BA8B3B8CB2C6ED530.PLIST",
    "cantidad_archivos": 1,
    "archivos_fuente": [
      "Pictures/Fototeca de Fotos.photoslibrary/resources/renders/B/BCD3F750-49A3-401B-A8B3-B8CB2C6ED530.plist"
    ],
    "ultima_modificacion": "2025-08-01 01:00:59.573734"
  },
  "bc61089812ac47b5809fc81e5bd0d5c8.plist": {
    "app_sintetizada": "BC61089812AC47B5809FC81E5BD0D5C8.PLIST",
    "cantidad_archivos": 1,
    "archivos_fuente": [
      "Pictures/Fototeca de Fotos.photoslibrary/resources/renders/B/BC610898-12AC-47B5-809F-C81E5BD0D5C8.plist"
    ],
    "ultima_modificacion": "2025-08-01 01:00:59.573906"
  },
  "b82f1ff877444fdd837675930425b103.plist": {
    "app_sintetizada": "B82F1FF877444FDD837675930425B103.PLIST",
    "cantidad_archivos": 1,
    "archivos_fuente": [
      "Pictures/Fototeca de Fotos.photoslibrary/resources/renders/B/B82F1FF8-7744-4FDD-8376-75930425B103.plist"
    ],
    "ultima_modificacion": "2025-08-01 01:00:59.574077"
  },
  "b2ba9c84d82b4a7e94dae976d853ca8d.plist": {
    "app_sintetizada": "B2BA9C84D82B4A7E94DAE976D853CA8D.PLIST",
    "cantidad_archivos": 1,
    "archivos_fuente": [
      "Pictures/Fototeca de Fotos.photoslibrary/resources/renders/B/B2BA9C84-D82B-4A7E-94DA-E976D853CA8D.plist"
    ],
    "ultima_modificacion": "2025-08-01 01:00:59.574244"
  },
  "bb3dc48b14e240a795701e3b191a7b55.plist": {
    "app_sintetizada": "BB3DC48B14E240A795701E3B191A7B55.PLIST",
    "cantidad_archivos": 1,
    "archivos_fuente": [
      "Pictures/Fototeca de Fotos.photoslibrary/resources/renders/B/BB3DC48B-14E2-40A7-9570-1E3B191A7B55.plist"
    ],
    "ultima_modificacion": "2025-08-01 01:00:59.574413"
  },
  "b26fa76af1fa4919af5c653080f0bfae.plist": {
    "app_sintetizada": "B26FA76AF1FA4919AF5C653080F0BFAE.PLIST",
    "cantidad_archivos": 1,
    "archivos_fuente": [
      "Pictures/Fototeca de Fotos.photoslibrary/resources/renders/B/B26FA76A-F1FA-4919-AF5C-653080F0BFAE.plist"
    ],
    "ultima_modificacion": "2025-08-01 01:00:59.574580"
  },
  "b85494457d0548aeaac46307db265dfb.plist": {
    "app_sintetizada": "B85494457D0548AEAAC46307DB265DFB.PLIST",
    "cantidad_archivos": 1,
    "archivos_fuente": [
      "Pictures/Fototeca de Fotos.photoslibrary/resources/renders/B/B8549445-7D05-48AE-AAC4-6307DB265DFB.plist"
    ],
    "ultima_modificacion": "2025-08-01 01:00:59.574743"
  },
  "b4e2773b300d4781bed51573a040c7ba.plist": {
    "app_sintetizada": "B4E2773B300D4781BED51573A040C7BA.PLIST",
    "cantidad_archivos": 1,
    "archivos_fuente": [
      "Pictures/Fototeca de Fotos.photoslibrary/resources/renders/B/B4E2773B-300D-4781-BED5-1573A040C7BA.plist"
    ],
    "ultima_modificacion": "2025-08-01 01:00:59.574907"
  },
  "bd2398472e3a44ce9d5799e706a37afb.plist": {
    "app_sintetizada": "BD2398472E3A44CE9D5799E706A37AFB.PLIST",
    "cantidad_archivos": 1,
    "archivos_fuente": [
      "Pictures/Fototeca de Fotos.photoslibrary/resources/renders/B/BD239847-2E3A-44CE-9D57-99E706A37AFB.plist"
    ],
    "ultima_modificacion": "2025-08-01 01:00:59.575095"
  },
  "b3f781f9d64346f29b683f15b1573f38.plist": {
    "app_sintetizada": "B3F781F9D64346F29B683F15B1573F38.PLIST",
    "cantidad_archivos": 1,
    "archivos_fuente": [
      "Pictures/Fototeca de Fotos.photoslibrary/resources/renders/B/B3F781F9-D643-46F2-9B68-3F15B1573F38.plist"
    ],
    "ultima_modificacion": "2025-08-01 01:00:59.575366"
  },
  "b275857a5cb94ac4ac5b179c437470bd.plist": {
    "app_sintetizada": "B275857A5CB94AC4AC5B179C437470BD.PLIST",
    "cantidad_archivos": 1,
    "archivos_fuente": [
      "Pictures/Fototeca de Fotos.photoslibrary/resources/renders/B/B275857A-5CB9-4AC4-AC5B-179C437470BD.plist"
    ],
    "ultima_modificacion": "2025-08-01 01:00:59.575574"
  },
  "b379e937f3ce4f038a6bca8bdb84e260.plist": {
    "app_sintetizada": "B379E937F3CE4F038A6BCA8BDB84E260.PLIST",
    "cantidad_archivos": 1,
    "archivos_fuente": [
      "Pictures/Fototeca de Fotos.photoslibrary/resources/renders/B/B379E937-F3CE-4F03-8A6B-CA8BDB84E260.plist"
    ],
    "ultima_modificacion": "2025-08-01 01:00:59.575813"
  },
  "bd029edb8c844168afb25ecbd76ea800.plist": {
    "app_sintetizada": "BD029EDB8C844168AFB25ECBD76EA800.PLIST",
    "cantidad_archivos": 1,
    "archivos_fuente": [
      "Pictures/Fototeca de Fotos.photoslibrary/resources/renders/B/BD029EDB-8C84-4168-AFB2-5ECBD76EA800.plist"
    ],
    "ultima_modificacion": "2025-08-01 01:00:59.576020"
  },
  "b63ad6a7b057484eb95dbb9181239c4c.plist": {
    "app_sintetizada": "B63AD6A7B057484EB95DBB9181239C4C.PLIST",
    "cantidad_archivos": 1,
    "archivos_fuente": [
      "Pictures/Fototeca de Fotos.photoslibrary/resources/renders/B/B63AD6A7-B057-484E-B95D-BB9181239C4C.plist"
    ],
    "ultima_modificacion": "2025-08-01 01:00:59.576312"
  },
  "be26f90bf9d64b58aac4b65da114cf05.plist": {
    "app_sintetizada": "BE26F90BF9D64B58AAC4B65DA114CF05.PLIST",
    "cantidad_archivos": 1,
    "archivos_fuente": [
      "Pictures/Fototeca de Fotos.photoslibrary/resources/renders/B/BE26F90B-F9D6-4B58-AAC4-B65DA114CF05.plist"
    ],
    "ultima_modificacion": "2025-08-01 01:00:59.576558"
  },
  "bf13fab131e24076bf73245a12c80ec1.plist": {
    "app_sintetizada": "BF13FAB131E24076BF73245A12C80EC1.PLIST",
    "cantidad_archivos": 1,
    "archivos_fuente": [
      "Pictures/Fototeca de Fotos.photoslibrary/resources/renders/B/BF13FAB1-31E2-4076-BF73-245A12C80EC1.plist"
    ],
    "ultima_modificacion": "2025-08-01 01:00:59.576742"
  },
  "b9be376f56d7445fa75e6f79df06d8b7.plist": {
    "app_sintetizada": "B9BE376F56D7445FA75E6F79DF06D8B7.PLIST",
    "cantidad_archivos": 1,
    "archivos_fuente": [
      "Pictures/Fototeca de Fotos.photoslibrary/resources/renders/B/B9BE376F-56D7-445F-A75E-6F79DF06D8B7.plist"
    ],
    "ultima_modificacion": "2025-08-01 01:00:59.576914"
  },
  "bb75949e2dd34f5e8586248ea39f27f2.plist": {
    "app_sintetizada": "BB75949E2DD34F5E8586248EA39F27F2.PLIST",
    "cantidad_archivos": 1,
    "archivos_fuente": [
      "Pictures/Fototeca de Fotos.photoslibrary/resources/renders/B/BB75949E-2DD3-4F5E-8586-248EA39F27F2.plist"
    ],
    "ultima_modificacion": "2025-08-01 01:00:59.577082"
  },
  "be70fe4ac77f452c8989edda2e9ad5dd.plist": {
    "app_sintetizada": "BE70FE4AC77F452C8989EDDA2E9AD5DD.PLIST",
    "cantidad_archivos": 1,
    "archivos_fuente": [
      "Pictures/Fototeca de Fotos.photoslibrary/resources/renders/B/BE70FE4A-C77F-452C-8989-EDDA2E9AD5DD.plist"
    ],
    "ultima_modificacion": "2025-08-01 01:00:59.577267"
  },
  "b115e24f19ed49beb4019d4c9ceba967.plist": {
    "app_sintetizada": "B115E24F19ED49BEB4019D4C9CEBA967.PLIST",
    "cantidad_archivos": 1,
    "archivos_fuente": [
      "Pictures/Fototeca de Fotos.photoslibrary/resources/renders/B/B115E24F-19ED-49BE-B401-9D4C9CEBA967.plist"
    ],
    "ultima_modificacion": "2025-08-01 01:00:59.577459"
  },
  "b2b6c243d2e54ec5aa44e3b99aee5622.plist": {
    "app_sintetizada": "B2B6C243D2E54EC5AA44E3B99AEE5622.PLIST",
    "cantidad_archivos": 1,
    "archivos_fuente": [
      "Pictures/Fototeca de Fotos.photoslibrary/resources/renders/B/B2B6C243-D2E5-4EC5-AA44-E3B99AEE5622.plist"
    ],
    "ultima_modificacion": "2025-08-01 01:00:59.577746"
  },
  "ba47043e5d9c4587b858bb0b39c0c81e.plist": {
    "app_sintetizada": "BA47043E5D9C4587B858BB0B39C0C81E.PLIST",
    "cantidad_archivos": 1,
    "archivos_fuente": [
      "Pictures/Fototeca de Fotos.photoslibrary/resources/renders/B/BA47043E-5D9C-4587-B858-BB0B39C0C81E.plist"
    ],
    "ultima_modificacion": "2025-08-01 01:00:59.577957"
  },
  "b23e62f88bd54ff997c13fb8f2092fe2.plist": {
    "app_sintetizada": "B23E62F88BD54FF997C13FB8F2092FE2.PLIST",
    "cantidad_archivos": 1,
    "archivos_fuente": [
      "Pictures/Fototeca de Fotos.photoslibrary/resources/renders/B/B23E62F8-8BD5-4FF9-97C1-3FB8F2092FE2.plist"
    ],
    "ultima_modificacion": "2025-08-01 01:00:59.578169"
  },
  "bedc0838d4e74583817eb8417b68545b.plist": {
    "app_sintetizada": "BEDC0838D4E74583817EB8417B68545B.PLIST",
    "cantidad_archivos": 1,
    "archivos_fuente": [
      "Pictures/Fototeca de Fotos.photoslibrary/resources/renders/B/BEDC0838-D4E7-4583-817E-B8417B68545B.plist"
    ],
    "ultima_modificacion": "2025-08-01 01:00:59.578357"
  },
  "b122a4d612744591a64422bb3400b574.plist": {
    "app_sintetizada": "B122A4D612744591A64422BB3400B574.PLIST",
    "cantidad_archivos": 1,
    "archivos_fuente": [
      "Pictures/Fototeca de Fotos.photoslibrary/resources/renders/B/B122A4D6-1274-4591-A644-22BB3400B574.plist"
    ],
    "ultima_modificacion": "2025-08-01 01:00:59.578540"
  },
  "bc404a964f744a688c07ae8fee2a2252.plist": {
    "app_sintetizada": "BC404A964F744A688C07AE8FEE2A2252.PLIST",
    "cantidad_archivos": 1,
    "archivos_fuente": [
      "Pictures/Fototeca de Fotos.photoslibrary/resources/renders/B/BC404A96-4F74-4A68-8C07-AE8FEE2A2252.plist"
    ],
    "ultima_modificacion": "2025-08-01 01:00:59.578718"
  },
  "b8c0d02f13e24a07ae3f14b069164ba8.plist": {
    "app_sintetizada": "B8C0D02F13E24A07AE3F14B069164BA8.PLIST",
    "cantidad_archivos": 1,
    "archivos_fuente": [
      "Pictures/Fototeca de Fotos.photoslibrary/resources/renders/B/B8C0D02F-13E2-4A07-AE3F-14B069164BA8.plist"
    ],
    "ultima_modificacion": "2025-08-01 01:00:59.578915"
  },
  "bd282fa2c49444b28accc47bf493d927.plist": {
    "app_sintetizada": "BD282FA2C49444B28ACCC47BF493D927.PLIST",
    "cantidad_archivos": 1,
    "archivos_fuente": [
      "Pictures/Fototeca de Fotos.photoslibrary/resources/renders/B/BD282FA2-C494-44B2-8ACC-C47BF493D927.plist"
    ],
    "ultima_modificacion": "2025-08-01 01:00:59.579088"
  },
  "bc07bb792f8a4b9bb815c16cc87de7fe.plist": {
    "app_sintetizada": "BC07BB792F8A4B9BB815C16CC87DE7FE.PLIST",
    "cantidad_archivos": 1,
    "archivos_fuente": [
      "Pictures/Fototeca de Fotos.photoslibrary/resources/renders/B/BC07BB79-2F8A-4B9B-B815-C16CC87DE7FE.plist"
    ],
    "ultima_modificacion": "2025-08-01 01:00:59.579288"
  },
  "bfd8c44a94e74b0ba3d7ba0a37a0a1fb.plist": {
    "app_sintetizada": "BFD8C44A94E74B0BA3D7BA0A37A0A1FB.PLIST",
    "cantidad_archivos": 1,
    "archivos_fuente": [
      "Pictures/Fototeca de Fotos.photoslibrary/resources/renders/B/BFD8C44A-94E7-4B0B-A3D7-BA0A37A0A1FB.plist"
    ],
    "ultima_modificacion": "2025-08-01 01:00:59.579529"
  },
  "bfdfeb5809714c42a3333ac181de16bf.plist": {
    "app_sintetizada": "BFDFEB5809714C42A3333AC181DE16BF.PLIST",
    "cantidad_archivos": 1,
    "archivos_fuente": [
      "Pictures/Fototeca de Fotos.photoslibrary/resources/renders/B/BFDFEB58-0971-4C42-A333-3AC181DE16BF.plist"
    ],
    "ultima_modificacion": "2025-08-01 01:00:59.579812"
  },
  "b74055fc69e94a58be5f86ba3a1242d4.plist": {
    "app_sintetizada": "B74055FC69E94A58BE5F86BA3A1242D4.PLIST",
    "cantidad_archivos": 1,
    "archivos_fuente": [
      "Pictures/Fototeca de Fotos.photoslibrary/resources/renders/B/B74055FC-69E9-4A58-BE5F-86BA3A1242D4.plist"
    ],
    "ultima_modificacion": "2025-08-01 01:00:59.580114"
  },
  "bd8fde149dca4d6591f434d52ed61ae2.plist": {
    "app_sintetizada": "BD8FDE149DCA4D6591F434D52ED61AE2.PLIST",
    "cantidad_archivos": 1,
    "archivos_fuente": [
      "Pictures/Fototeca de Fotos.photoslibrary/resources/renders/B/BD8FDE14-9DCA-4D65-91F4-34D52ED61AE2.plist"
    ],
    "ultima_modificacion": "2025-08-01 01:00:59.580320"
  },
  "b173a6d9a8e4445f867891ea60581498.plist": {
    "app_sintetizada": "B173A6D9A8E4445F867891EA60581498.PLIST",
    "cantidad_archivos": 1,
    "archivos_fuente": [
      "Pictures/Fototeca de Fotos.photoslibrary/resources/renders/B/B173A6D9-A8E4-445F-8678-91EA60581498.plist"
    ],
    "ultima_modificacion": "2025-08-01 01:00:59.580513"
  },
  "b8bed7a201c24b4caec839843ab97c09.plist": {
    "app_sintetizada": "B8BED7A201C24B4CAEC839843AB97C09.PLIST",
    "cantidad_archivos": 1,
    "archivos_fuente": [
      "Pictures/Fototeca de Fotos.photoslibrary/resources/renders/B/B8BED7A2-01C2-4B4C-AEC8-39843AB97C09.plist"
    ],
    "ultima_modificacion": "2025-08-01 01:00:59.580700"
  },
  "2df17d3c638b4e9181d0fdbfddba3a89.plist": {
    "app_sintetizada": "2DF17D3C638B4E9181D0FDBFDDBA3A89.PLIST",
    "cantidad_archivos": 1,
    "archivos_fuente": [
      "Pictures/Fototeca de Fotos.photoslibrary/resources/renders/2/2DF17D3C-638B-4E91-81D0-FDBFDDBA3A89.plist"
    ],
    "ultima_modificacion": "2025-08-01 01:00:59.580886"
  },
  "270cbf2f326f47b9af1a9588c5814475.plist": {
    "app_sintetizada": "270CBF2F326F47B9AF1A9588C5814475.PLIST",
    "cantidad_archivos": 1,
    "archivos_fuente": [
      "Pictures/Fototeca de Fotos.photoslibrary/resources/renders/2/270CBF2F-326F-47B9-AF1A-9588C5814475.plist"
    ],
    "ultima_modificacion": "2025-08-01 01:00:59.581062"
  },
  "2a73a8060208465f8fc6e88d83cdcd2c.plist": {
    "app_sintetizada": "2A73A8060208465F8FC6E88D83CDCD2C.PLIST",
    "cantidad_archivos": 1,
    "archivos_fuente": [
      "Pictures/Fototeca de Fotos.photoslibrary/resources/renders/2/2A73A806-0208-465F-8FC6-E88D83CDCD2C.plist"
    ],
    "ultima_modificacion": "2025-08-01 01:00:59.581237"
  },
  "221d8be5832049229981643f6a6b9a9f.plist": {
    "app_sintetizada": "221D8BE5832049229981643F6A6B9A9F.PLIST",
    "cantidad_archivos": 1,
    "archivos_fuente": [
      "Pictures/Fototeca de Fotos.photoslibrary/resources/renders/2/221D8BE5-8320-4922-9981-643F6A6B9A9F.plist"
    ],
    "ultima_modificacion": "2025-08-01 01:00:59.581413"
  },
  "2b619e1c04dc414bb0c1644828044d6a.plist": {
    "app_sintetizada": "2B619E1C04DC414BB0C1644828044D6A.PLIST",
    "cantidad_archivos": 1,
    "archivos_fuente": [
      "Pictures/Fototeca de Fotos.photoslibrary/resources/renders/2/2B619E1C-04DC-414B-B0C1-644828044D6A.plist"
    ],
    "ultima_modificacion": "2025-08-01 01:00:59.581584"
  },
  "2ed66e4b47fd49b3a37fa222d56d812a.plist": {
    "app_sintetizada": "2ED66E4B47FD49B3A37FA222D56D812A.PLIST",
    "cantidad_archivos": 1,
    "archivos_fuente": [
      "Pictures/Fototeca de Fotos.photoslibrary/resources/renders/2/2ED66E4B-47FD-49B3-A37F-A222D56D812A.plist"
    ],
    "ultima_modificacion": "2025-08-01 01:00:59.581758"
  },
  "22b62964aa3f483f841b255cc63936d6.plist": {
    "app_sintetizada": "22B62964AA3F483F841B255CC63936D6.PLIST",
    "cantidad_archivos": 1,
    "archivos_fuente": [
      "Pictures/Fototeca de Fotos.photoslibrary/resources/renders/2/22B62964-AA3F-483F-841B-255CC63936D6.plist"
    ],
    "ultima_modificacion": "2025-08-01 01:00:59.581933"
  },
  "24bbcecc15584cea86c0503cbcbaa0c5.plist": {
    "app_sintetizada": "24BBCECC15584CEA86C0503CBCBAA0C5.PLIST",
    "cantidad_archivos": 1,
    "archivos_fuente": [
      "Pictures/Fototeca de Fotos.photoslibrary/resources/renders/2/24BBCECC-1558-4CEA-86C0-503CBCBAA0C5.plist"
    ],
    "ultima_modificacion": "2025-08-01 01:00:59.582105"
  },
  "2980b5fdaa7547a4a7d02cf924cfbe88.plist": {
    "app_sintetizada": "2980B5FDAA7547A4A7D02CF924CFBE88.PLIST",
    "cantidad_archivos": 1,
    "archivos_fuente": [
      "Pictures/Fototeca de Fotos.photoslibrary/resources/renders/2/2980B5FD-AA75-47A4-A7D0-2CF924CFBE88.plist"
    ],
    "ultima_modificacion": "2025-08-01 01:00:59.582276"
  },
  "2c0a6ed9ddc44abaa927fc3dbbbdd8ed.plist": {
    "app_sintetizada": "2C0A6ED9DDC44ABAA927FC3DBBBDD8ED.PLIST",
    "cantidad_archivos": 1,
    "archivos_fuente": [
      "Pictures/Fototeca de Fotos.photoslibrary/resources/renders/2/2C0A6ED9-DDC4-4ABA-A927-FC3DBBBDD8ED.plist"
    ],
    "ultima_modificacion": "2025-08-01 01:00:59.582453"
  },
  "2fde103216b749d686326c524e1a3387.plist": {
    "app_sintetizada": "2FDE103216B749D686326C524E1A3387.PLIST",
    "cantidad_archivos": 1,
    "archivos_fuente": [
      "Pictures/Fototeca de Fotos.photoslibrary/resources/renders/2/2FDE1032-16B7-49D6-8632-6C524E1A3387.plist"
    ],
    "ultima_modificacion": "2025-08-01 01:00:59.582630"
  },
  "24a06a4a214244c7af3953723e53c46a.plist": {
    "app_sintetizada": "24A06A4A214244C7AF3953723E53C46A.PLIST",
    "cantidad_archivos": 1,
    "archivos_fuente": [
      "Pictures/Fototeca de Fotos.photoslibrary/resources/renders/2/24A06A4A-2142-44C7-AF39-53723E53C46A.plist"
    ],
    "ultima_modificacion": "2025-08-01 01:00:59.582870"
  },
  "22f5070d15a24898a67e46bbc7225aa8.plist": {
    "app_sintetizada": "22F5070D15A24898A67E46BBC7225AA8.PLIST",
    "cantidad_archivos": 1,
    "archivos_fuente": [
      "Pictures/Fototeca de Fotos.photoslibrary/resources/renders/2/22F5070D-15A2-4898-A67E-46BBC7225AA8.plist"
    ],
    "ultima_modificacion": "2025-08-01 01:00:59.583152"
  },
  "2456670e5c234aeaa2a3078d31cb8915.plist": {
    "app_sintetizada": "2456670E5C234AEAA2A3078D31CB8915.PLIST",
    "cantidad_archivos": 1,
    "archivos_fuente": [
      "Pictures/Fototeca de Fotos.photoslibrary/resources/renders/2/2456670E-5C23-4AEA-A2A3-078D31CB8915.plist"
    ],
    "ultima_modificacion": "2025-08-01 01:00:59.583366"
  }
}