{
  "b639ef0064034c4bb1efd7d419223802.plist": {
    "app_sintetizada": "B639EF0064034C4BB1EFD7D419223802.PLIST",
    "cantidad_archivos": 1,
    "archivos_fuente": [
      "Pictures/Fototeca de Fotos.photoslibrary/resources/renders/B/B639EF00-6403-4C4B-B1EF-D7D419223802.plist"
    ],
    "ultima_modificacion": "2025-08-01 01:00:59.533887"
  },
  "b01fc7696bc84555b356bbbef70840a2.plist": {
    "app_sintetizada": "B01FC7696BC84555B356BBBEF70840A2.PLIST",
    "cantidad_archivos": 1,
    "archivos_fuente": [
      "Pictures/Fototeca de Fotos.photoslibrary/resources/renders/B/B01FC769-6BC8-4555-B356-BBBEF70840A2.plist"
    ],
    "ultima_modificacion": "2025-08-01 01:00:59.534302"
  },
  "b6a8c2dc0fa64d6e9be5e376438158f0.plist": {
    "app_sintetizada": "B6A8C2DC0FA64D6E9BE5E376438158F0.PLIST",
    "cantidad_archivos": 1,
    "archivos_fuente": [
      "Pictures/Fototeca de Fotos.photoslibrary/resources/renders/B/B6A8C2DC-0FA6-4D6E-9BE5-E376438158F0.plist"
    ],
    "ultima_modificacion": "2025-08-01 01:00:59.534500"
  },
  "b05959552fd04321ae7c44c7e6070294.plist": {
    "app_sintetizada": "B05959552FD04321AE7C44C7E6070294.PLIST",
    "cantidad_archivos": 1,
    "archivos_fuente": [
      "Pictures/Fototeca de Fotos.photoslibrary/resources/renders/B/B0595955-2FD0-4321-AE7C-44C7E6070294.plist"
    ],
    "ultima_modificacion": "2025-08-01 01:00:59.534688"
  },
  "ba04439e105f4320afb9262a2182539d.plist": {
    "app_sintetizada": "BA04439E105F4320AFB9262A2182539D.PLIST",
    "cantidad_archivos": 1,
    "archivos_fuente": [
      "Pictures/Fototeca de Fotos.photoslibrary/resources/renders/B/BA04439E-105F-4320-AFB9-262A2182539D.plist"
    ],
    "ultima_modificacion": "2025-08-01 01:00:59.534923"
  },
  "bb79d1ef181f49d9aa14625f0f3046f0.plist": {
    "app_sintetizada": "BB79D1EF181F49D9AA14625F0F3046F0.PLIST",
    "cantidad_archivos": 1,
    "archivos_fuente": [
      "Pictures/Fototeca de Fotos.photoslibrary/resources/renders/B/BB79D1EF-181F-49D9-AA14-625F0F3046F0.plist"
    ],
    "ultima_modificacion": "2025-08-01 01:00:59.535154"
  },
  "bdfbe4692a7648bb9bdc49fdab3c3331.plist": {
    "app_sintetizada": "BDFBE4692A7648BB9BDC49FDAB3C3331.PLIST",
    "cantidad_archivos": 1,
    "archivos_fuente": [
      "Pictures/Fototeca de Fotos.photoslibrary/resources/renders/B/BDFBE469-2A76-48BB-9BDC-49FDAB3C3331.plist"
    ],
    "ultima_modificacion": "2025-08-01 01:00:59.535380"
  },
  "bd103e45521c49fbb2d96dbcb0a1979b.plist": {
    "app_sintetizada": "BD103E45521C49FBB2D96DBCB0A1979B.PLIST",
    "cantidad_archivos": 1,
    "archivos_fuente": [
      "Pictures/Fototeca de Fotos.photoslibrary/resources/renders/B/BD103E45-521C-49FB-B2D9-6DBCB0A1979B.plist"
    ],
    "ultima_modificacion": "2025-08-01 01:00:59.535591"
  },
  "b0cfe8e1270c40c8bc537fe85e3caa94.plist": {
    "app_sintetizada": "B0CFE8E1270C40C8BC537FE85E3CAA94.PLIST",
    "cantidad_archivos": 1,
    "archivos_fuente": [
      "Pictures/Fototeca de Fotos.photoslibrary/resources/renders/B/B0CFE8E1-270C-40C8-BC53-7FE85E3CAA94.plist"
    ],
    "ultima_modificacion": "2025-08-01 01:00:59.535849"
  },
  "b6597772fd4a491482e931046f192fd0.plist": {
    "app_sintetizada": "B6597772FD4A491482E931046F192FD0.PLIST",
    "cantidad_archivos": 1,
    "archivos_fuente": [
      "Pictures/Fototeca de Fotos.photoslibrary/resources/renders/B/B6597772-FD4A-4914-82E9-31046F192FD0.plist"
    ],
    "ultima_modificacion": "2025-08-01 01:00:59.536129"
  },
  "b58811eef661456597751bce70870c19.plist": {
    "app_sintetizada": "B58811EEF661456597751BCE70870C19.PLIST",
    "cantidad_archivos": 1,
    "archivos_fuente": [
      "Pictures/Fototeca de Fotos.photoslibrary/resources/renders/B/B58811EE-F661-4565-9775-1BCE70870C19.plist"
    ],
    "ultima_modificacion": "2025-08-01 01:00:59.536433"
  },
  "b1e76326801b42aabc039eeb4c19458d.plist": {
    "app_sintetizada": "B1E76326801B42AABC039EEB4C19458D.PLIST",
    "cantidad_archivos": 1,
    "archivos_fuente": [
      "Pictures/Fototeca de Fotos.photoslibrary/resources/renders/B/B1E76326-801B-42AA-BC03-9EEB4C19458D.plist"
    ],
    "ultima_modificacion": "2025-08-01 01:00:59.536798"
  },
  "bdb90df0a478457cb3ce897c26110688.plist": {
    "app_sintetizada": "BDB90DF0A478457CB3CE897C26110688.PLIST",
    "cantidad_archivos": 1,
    "archivos_fuente": [
      "Pictures/Fototeca de Fotos.photoslibrary/resources/renders/B/BDB90DF0-A478-457C-B3CE-897C26110688.plist"
    ],
    "ultima_modificacion": "2025-08-01 01:00:59.537126"
  },
  "bb0af88527b545db83e545f4d2aa0564.plist": {
    "app_sintetizada": "BB0AF88527B545DB83E545F4D2AA0564.PLIST",
    "cantidad_archivos": 1,
    "archivos_fuente": [
      "Pictures/Fototeca de Fotos.photoslibrary/resources/renders/B/BB0AF885-27B5-45DB-83E5-45F4D2AA0564.plist"
    ],
    "ultima_modificacion": "2025-08-01 01:00:59.537418"
  },
  "b6be0039c46246b0ab1fe2c556bf2da5.plist": {
    "app_sintetizada": "B6BE0039C46246B0AB1FE2C556BF2DA5.PLIST",
    "cantidad_archivos": 1,
    "archivos_fuente": [
      "Pictures/Fototeca de Fotos.photoslibrary/resources/renders/B/B6BE0039-C462-46B0-AB1F-E2C556BF2DA5.plist"
    ],
    "ultima_modificacion": "2025-08-01 01:00:59.537703"
  },
  "b185f3629a324d1dac8eeafaf498bea5.plist": {
    "app_sintetizada": "B185F3629A324D1DAC8EEAFAF498BEA5.PLIST",
    "cantidad_archivos": 1,
    "archivos_fuente": [
      "Pictures/Fototeca de Fotos.photoslibrary/resources/renders/B/B185F362-9A32-4D1D-AC8E-EAFAF498BEA5.plist"
    ],
    "ultima_modificacion": "2025-08-01 01:00:59.538067"
  },
  "b7a991a9708a4b72b229c1accb8b1f49.plist": {
    "app_sintetizada": "B7A991A9708A4B72B229C1ACCB8B1F49.PLIST",
    "cantidad_archivos": 1,
    "archivos_fuente": [
      "Pictures/Fototeca de Fotos.photoslibrary/resources/renders/B/B7A991A9-708A-4B72-B229-C1ACCB8B1F49.plist"
    ],
    "ultima_modificacion": "2025-08-01 01:00:59.538357"
  },
  "b45daf2ea78041788435955b4f8dfa28.plist": {
    "app_sintetizada": "B45DAF2EA78041788435955B4F8DFA28.PLIST",
    "cantidad_archivos": 1,
    "archivos_fuente": [
      "Pictures/Fototeca de Fotos.photoslibrary/resources/renders/B/B45DAF2E-A780-4178-8435-955B4F8DFA28.plist"
    ],
    "ultima_modificacion": "2025-08-01 01:00:59.538704"
  },
  "bb661c77956d49a9bf5fb63c91ae9548.plist": {
    "app_sintetizada": "BB661C77956D49A9BF5FB63C91AE9548.PLIST",
    "cantidad_archivos": 1,
    "archivos_fuente": [
      "Pictures/Fototeca de Fotos.photoslibrary/resources/renders/B/BB661C77-956D-49A9-BF5F-B63C91AE9548.plist"
    ],
    "ultima_modificacion": "2025-08-01 01:00:59.539337"
  },
  "b89c16e2088f4e388b3cedb19fef32f2.plist": {
    "app_sintetizada": "B89C16E2088F4E388B3CEDB19FEF32F2.PLIST",
    "cantidad_archivos": 1,
    "archivos_fuente": [
      "Pictures/Fototeca de Fotos.photoslibrary/resources/renders/B/B89C16E2-088F-4E38-8B3C-EDB19FEF32F2.plist"
    ],
    "ultima_modificacion": "2025-08-01 01:00:59.539634"
  },
  "baf7ec9191d041399cf439204c183f1f.plist": {
    "app_sintetizada": "BAF7EC9191D041399CF439204C183F1F.PLIST",
    "cantidad_archivos": 1,
    "archivos_fuente": [
      "Pictures/Fototeca de Fotos.photoslibrary/resources/renders/B/BAF7EC91-91D0-4139-9CF4-39204C183F1F.plist"
    ],
    "ultima_modificacion": "2025-08-01 01:00:59.539926"
  },
  "b400da7b6e554a2cb87da86b26178177.plist": {
    "app_sintetizada": "B400DA7B6E554A2CB87DA86B26178177.PLIST",
    "cantidad_archivos": 1,
    "archivos_fuente": [
      "Pictures/Fototeca de Fotos.photoslibrary/resources/renders/B/B400DA7B-6E55-4A2C-B87D-A86B26178177.plist"
    ],
    "ultima_modificacion": "2025-08-01 01:00:59.540233"
  },
  "bfbe7aa90d38436aa9c2fee868e13365.plist": {
    "app_sintetizada": "BFBE7AA90D38436AA9C2FEE868E13365.PLIST",
    "cantidad_archivos": 1,
    "archivos_fuente": [
      "Pictures/Fototeca de Fotos.photoslibrary/resources/renders/B/BFBE7AA9-0D38-436A-A9C2-FEE868E13365.plist"
    ],
    "ultima_modificacion": "2025-08-01 01:00:59.540586"
  },
  "b722b0bc863a4d35bf298a1c7282e5bc.plist": {
    "app_sintetizada": "B722B0BC863A4D35BF298A1C7282E5BC.PLIST",
    "cantidad_archivos": 1,
    "archivos_fuente": [
      "Pictures/Fototeca de Fotos.photoslibrary/resources/renders/B/B722B0BC-863A-4D35-BF29-8A1C7282E5BC.plist"
    ],
    "ultima_modificacion": "2025-08-01 01:00:59.540902"
  },
  "b7b2d7e1337941759545fa06c4e0e738.plist": {
    "app_sintetizada": "B7B2D7E1337941759545FA06C4E0E738.PLIST",
    "cantidad_archivos": 1,
    "archivos_fuente": [
      "Pictures/Fototeca de Fotos.photoslibrary/resources/renders/B/B7B2D7E1-3379-4175-9545-FA06C4E0E738.plist"
    ],
    "ultima_modificacion": "2025-08-01 01:00:59.541195"
  },
  "b6990644291649b19c0fb3b7cb08b752.plist": {
    "app_sintetizada": "B6990644291649B19C0FB3B7CB08B752.PLIST",
    "cantidad_archivos": 1,
    "archivos_fuente": [
      "Pictures/Fototeca de Fotos.photoslibrary/resources/renders/B/B6990644-2916-49B1-9C0F-B3B7CB08B752.plist"
    ],
    "ultima_modificacion": "2025-08-01 01:00:59.541469"
  },
  "b029923dc4a94283af96f605e589c489.plist": {
    "app_sintetizada": "B029923DC4A94283AF96F605E589C489.PLIST",
    "cantidad_archivos": 1,
    "archivos_fuente": [
      "Pictures/Fototeca de Fotos.photoslibrary/resources/renders/B/B029923D-C4A9-4283-AF96-F605E589C489.plist"
    ],
    "ultima_modificacion": "2025-08-01 01:00:59.541742"
  },
  "b2e1d5f7d0814d18af824981d67370d5.plist": {
    "app_sintetizada": "B2E1D5F7D0814D18AF824981D67370D5.PLIST",
    "cantidad_archivos": 1,
    "archivos_fuente": [
      "Pictures/Fototeca de Fotos.photoslibrary/resources/renders/B/B2E1D5F7-D081-4D18-AF82-4981D67370D5.plist"
    ],
    "ultima_modificacion": "2025-08-01 01:00:59.542100"
  },
  "b23e98e58d204539ba136ce321fa8a48.plist": {
    "app_sintetizada": "B23E98E58D204539BA136CE321FA8A48.PLIST",
    "cantidad_archivos": 1,
    "archivos_fuente": [
      "Pictures/Fototeca de Fotos.photoslibrary/resources/renders/B/B23E98E5-8D20-4539-BA13-6CE321FA8A48.plist"
    ],
    "ultima_modificacion": "2025-08-01 01:00:59.542419"
  },
  "bd89c0920cc74c499a439267b3a96c4e.plist": {
    "app_sintetizada": "BD89C0920CC74C499A439267B3A96C4E.PLIST",
    "cantidad_archivos": 1,
    "archivos_fuente": [
      "Pictures/Fototeca de Fotos.photoslibrary/resources/renders/B/BD89C092-0CC7-4C49-9A43-9267B3A96C4E.plist"
    ],
    "ultima_modificacion": "2025-08-01 01:00:59.542719"
  },
  "b2132013c46540c8a052b0f0c23062fd.plist": {
    "app_sintetizada": "B2132013C46540C8A052B0F0C23062FD.PLIST",
    "cantidad_archivos": 1,
    "archivos_fuente": [
      "Pictures/Fototeca de Fotos.photoslibrary/resources/renders/B/B2132013-C465-40C8-A052-B0F0C23062FD.plist"
    ],
    "ultima_modificacion": "2025-08-01 01:00:59.543013"
  },
  "b20a0df3e0c34684aff88920e10fe6b5.plist": {
    "app_sintetizada": "B20A0DF3E0C34684AFF88920E10FE6B5.PLIST",
    "cantidad_archivos": 1,
    "archivos_fuente": [
      "Pictures/Fototeca de Fotos.photoslibrary/resources/renders/B/B20A0DF3-E0C3-4684-AFF8-8920E10FE6B5.plist"
    ],
    "ultima_modificacion": "2025-08-01 01:00:59.543299"
  },
  "b8d06d89dc524dc29e42a5ff46c2112b.plist": {
    "app_sintetizada": "B8D06D89DC524DC29E42A5FF46C2112B.PLIST",
    "cantidad_archivos": 1,
    "archivos_fuente": [
      "Pictures/Fototeca de Fotos.photoslibrary/resources/renders/B/B8D06D89-DC52-4DC2-9E42-A5FF46C2112B.plist"
    ],
    "ultima_modificacion": "2025-08-01 01:00:59.543589"
  },
  "bc8d7e48db234bf38a8084be651ff61a.plist": {
    "app_sintetizada": "BC8D7E48DB234BF38A8084BE651FF61A.PLIST",
    "cantidad_archivos": 1,
    "archivos_fuente": [
      "Pictures/Fototeca de Fotos.photoslibrary/resources/renders/B/BC8D7E48-DB23-4BF3-8A80-84BE651FF61A.plist"
    ],
    "ultima_modificacion": "2025-08-01 01:00:59.543893"
  },
  "b74816b34a124faebc22b6f1a59df14c.plist": {
    "app_sintetizada": "B74816B34A124FAEBC22B6F1A59DF14C.PLIST",
    "cantidad_archivos": 1,
    "archivos_fuente": [
      "Pictures/Fototeca de Fotos.photoslibrary/resources/renders/B/B74816B3-4A12-4FAE-BC22-B6F1A59DF14C.plist"
    ],
    "ultima_modificacion": "2025-08-01 01:00:59.544197"
  },
  "bea9b50e6fa940f199d6ac086a2d1d93.plist": {
    "app_sintetizada": "BEA9B50E6FA940F199D6AC086A2D1D93.PLIST",
    "cantidad_archivos": 1,
    "archivos_fuente": [
      "Pictures/Fototeca de Fotos.photoslibrary/resources/renders/B/BEA9B50E-6FA9-40F1-99D6-AC086A2D1D93.plist"
    ],
    "ultima_modificacion": "2025-08-01 01:00:59.544522"
  },
  "b6a73754c7894bd596c6e0b6e3dec955.plist": {
    "app_sintetizada": "B6A73754C7894BD596C6E0B6E3DEC955.PLIST",
    "cantidad_archivos": 1,
    "archivos_fuente": [
      "Pictures/Fototeca de Fotos.photoslibrary/resources/renders/B/B6A73754-C789-4BD5-96C6-E0B6E3DEC955.plist"
    ],
    "ultima_modificacion": "2025-08-01 01:00:59.544829"
  },
  "b3586adfc158495082c3f6b1e2ea1573.plist": {
    "app_sintetizada": "B3586ADFC158495082C3F6B1E2EA1573.PLIST",
    "cantidad_archivos": 1,
    "archivos_fuente": [
      "Pictures/Fototeca de Fotos.photoslibrary/resources/renders/B/B3586ADF-C158-4950-82C3-F6B1E2EA1573.plist"
    ],
    "ultima_modificacion": "2025-08-01 01:00:59.545130"
  },
  "b29cd5dfc8894d52864e63d3a19a6d3d.plist": {
    "app_sintetizada": "B29CD5DFC8894D52864E63D3A19A6D3D.PLIST",
    "cantidad_archivos": 1,
    "archivos_fuente": [
      "Pictures/Fototeca de Fotos.photoslibrary/resources/renders/B/B29CD5DF-C889-4D52-864E-63D3A19A6D3D.plist"
    ],
    "ultima_modificacion": "2025-08-01 01:00:59.545427"
  },
  "b5e747f899f7428a91917de4931d6ea3.plist": {
    "app_sintetizada": "B5E747F899F7428A91917DE4931D6EA3.PLIST",
    "cantidad_archivos": 1,
    "archivos_fuente": [
      "Pictures/Fototeca de Fotos.photoslibrary/resources/renders/B/B5E747F8-99F7-428A-9191-7DE4931D6EA3.plist"
    ],
    "ultima_modificacion": "2025-08-01 01:00:59.545746"
  },
  "b4ccd799b8474b4ea40d450440226f77.plist": {
    "app_sintetizada": "B4CCD799B8474B4EA40D450440226F77.PLIST",
    "cantidad_archivos": 1,
    "archivos_fuente": [
      "Pictures/Fototeca de Fotos.photoslibrary/resources/renders/B/B4CCD799-B847-4B4E-A40D-450440226F77.plist"
    ],
    "ultima_modificacion": "2025-08-01 01:00:59.546007"
  },
  "ba3b33f0da7a4ce98e99f0511ba5c555.plist": {
    "app_sintetizada": "BA3B33F0DA7A4CE98E99F0511BA5C555.PLIST",
    "cantidad_archivos": 1,
    "archivos_fuente": [
      "Pictures/Fototeca de Fotos.photoslibrary/resources/renders/B/BA3B33F0-DA7A-4CE9-8E99-F0511BA5C555.plist"
    ],
    "ultima_modificacion": "2025-08-01 01:00:59.546267"
  },
  "bac28c90f8f1480c83fe24e72d524300.plist": {
    "app_sintetizada": "BAC28C90F8F1480C83FE24E72D524300.PLIST",
    "cantidad_archivos": 1,
    "archivos_fuente": [
      "Pictures/Fototeca de Fotos.photoslibrary/resources/renders/B/BAC28C90-F8F1-480C-83FE-24E72D524300.plist"
    ],
    "ultima_modificacion": "2025-08-01 01:00:59.546554"
  },
  "be10de6afa6e437095b538ca9244a6c8.plist": {
    "app_sintetizada": "BE10DE6AFA6E437095B538CA9244A6C8.PLIST",
    "cantidad_archivos": 1,
    "archivos_fuente": [
      "Pictures/Fototeca de Fotos.photoslibrary/resources/renders/B/BE10DE6A-FA6E-4370-95B5-38CA9244A6C8.plist"
    ],
    "ultima_modificacion": "2025-08-01 01:00:59.546833"
  },
  "be7d16500c234bc2818c424aff204540.plist": {
    "app_sintetizada": "BE7D16500C234BC2818C424AFF204540.PLIST",
    "cantidad_archivos": 1,
    "archivos_fuente": [
      "Pictures/Fototeca de Fotos.photoslibrary/resources/renders/B/BE7D1650-0C23-4BC2-818C-424AFF204540.plist"
    ],
    "ultima_modificacion": "2025-08-01 01:00:59.547099"
  },
  "ba342c7e7c134928b826ac0e8cbcdd96.plist": {
    "app_sintetizada": "BA342C7E7C134928B826AC0E8CBCDD96.PLIST",
    "cantidad_archivos": 1,
    "archivos_fuente": [
      "Pictures/Fototeca de Fotos.photoslibrary/resources/renders/B/BA342C7E-7C13-4928-B826-AC0E8CBCDD96.plist"
    ],
    "ultima_modificacion": "2025-08-01 01:00:59.547392"
  },
  "b53232ffbc9d49d6b0822955c7499391.plist": {
    "app_sintetizada": "B53232FFBC9D49D6B0822955C7499391.PLIST",
    "cantidad_archivos": 1,
    "archivos_fuente": [
      "Pictures/Fototeca de Fotos.photoslibrary/resources/renders/B/B53232FF-BC9D-49D6-B082-2955C7499391.plist"
    ],
    "ultima_modificacion": "2025-08-01 01:00:59.547672"
  },
  "becac9a5ed38443097c8840131caae46.plist": {
    "app_sintetizada": "BECAC9A5ED38443097C8840131CAAE46.PLIST",
    "cantidad_archivos": 1,
    "archivos_fuente": [
      "Pictures/Fototeca de Fotos.photoslibrary/resources/renders/B/BECAC9A5-ED38-4430-97C8-840131CAAE46.plist"
    ],
    "ultima_modificacion": "2025-08-01 01:00:59.547964"
  },
  "b9ab65d8f84745fd8fb9854756db6afb.plist": {
    "app_sintetizada": "B9AB65D8F84745FD8FB9854756DB6AFB.PLIST",
    "cantidad_archivos": 1,
    "archivos_fuente": [
      "Pictures/Fototeca de Fotos.photoslibrary/resources/renders/B/B9AB65D8-F847-45FD-8FB9-854756DB6AFB.plist"
    ],
    "ultima_modificacion": "2025-08-01 01:00:59.548246"
  },
  "be99ce73e83b4853bce197cd68f44abd.plist": {
    "app_sintetizada": "BE99CE73E83B4853BCE197CD68F44ABD.PLIST",
    "cantidad_archivos": 1,
    "archivos_fuente": [
      "Pictures/Fototeca de Fotos.photoslibrary/resources/renders/B/BE99CE73-E83B-4853-BCE1-97CD68F44ABD.plist"
    ],
    "ultima_modificacion": "2025-08-01 01:00:59.548518"
  },
  "b3b55ab600814b64aac9fb5b03c00370.plist": {
    "app_sintetizada": "B3B55AB600814B64AAC9FB5B03C00370.PLIST",
    "cantidad_archivos": 1,
    "archivos_fuente": [
      "Pictures/Fototeca de Fotos.photoslibrary/resources/renders/B/B3B55AB6-0081-4B64-AAC9-FB5B03C00370.plist"
    ],
    "ultima_modificacion": "2025-08-01 01:00:59.548816"
  },
  "b52fc2218e0d4d93a2b1c0a7467a9988.plist": {
    "app_sintetizada": "B52FC2218E0D4D93A2B1C0A7467A9988.PLIST",
    "cantidad_archivos": 1,
    "archivos_fuente": [
      "Pictures/Fototeca de Fotos.photoslibrary/resources/renders/B/B52FC221-8E0D-4D93-A2B1-C0A7467A9988.plist"
    ],
    "ultima_modificacion": "2025-08-01 01:00:59.549111"
  },
  "b0a441f438fe4180a485a4023a0531b7.plist": {
    "app_sintetizada": "B0A441F438FE4180A485A4023A0531B7.PLIST",
    "cantidad_archivos": 1,
    "archivos_fuente": [
      "Pictures/Fototeca de Fotos.photoslibrary/resources/renders/B/B0A441F4-38FE-4180-A485-A4023A0531B7.plist"
    ],
    "ultima_modificacion": "2025-08-01 01:00:59.549398"
  },
  "b387321a89a245b08dfa26372f859a2a.plist": {
    "app_sintetizada": "B387321A89A245B08DFA26372F859A2A.PLIST",
    "cantidad_archivos": 1,
    "archivos_fuente": [
      "Pictures/Fototeca de Fotos.photoslibrary/resources/renders/B/B387321A-89A2-45B0-8DFA-26372F859A2A.plist"
    ],
    "ultima_modificacion": "2025-08-01 01:00:59.549707"
  },
  "bc4b340d9fff429587f43db1a9d6b2d5.plist": {
    "app_sintetizada": "BC4B340D9FFF429587F43DB1A9D6B2D5.PLIST",
    "cantidad_archivos": 1,
    "archivos_fuente": [
      "Pictures/Fototeca de Fotos.photoslibrary/resources/renders/B/BC4B340D-9FFF-4295-87F4-3DB1A9D6B2D5.plist"
    ],
    "ultima_modificacion": "2025-08-01 01:00:59.550016"
  },
  "bac47c677a084fe98f93be6c85f36741.plist": {
    "app_sintetizada": "BAC47C677A084FE98F93BE6C85F36741.PLIST",
    "cantidad_archivos": 1,
    "archivos_fuente": [
      "Pictures/Fototeca de Fotos.photoslibrary/resources/renders/B/BAC47C67-7A08-4FE9-8F93-BE6C85F36741.plist"
    ],
    "ultima_modificacion": "2025-08-01 01:00:59.550286"
  },
  "b4a45c6096e941b7ab8d935db9b15968.plist": {
    "app_sintetizada": "B4A45C6096E941B7AB8D935DB9B15968.PLIST",
    "cantidad_archivos": 1,
    "archivos_fuente": [
      "Pictures/Fototeca de Fotos.photoslibrary/resources/renders/B/B4A45C60-96E9-41B7-AB8D-935DB9B15968.plist"
    ],
    "ultima_modificacion": "2025-08-01 01:00:59.550578"
  },
  "b5d9b4e01e7a47d4819c9d82760581e1.plist": {
    "app_sintetizada": "B5D9B4E01E7A47D4819C9D82760581E1.PLIST",
    "cantidad_archivos": 1,
    "archivos_fuente": [
      "Pictures/Fototeca de Fotos.photoslibrary/resources/renders/B/B5D9B4E0-1E7A-47D4-819C-9D82760581E1.plist"
    ],
    "ultima_modificacion": "2025-08-01 01:00:59.550883"
  },
  "b16d1d42c37b444a9930bd7aa3248937.plist": {
    "app_sintetizada": "B16D1D42C37B444A9930BD7AA3248937.PLIST",
    "cantidad_archivos": 1,
    "archivos_fuente": [
      "Pictures/Fototeca de Fotos.photoslibrary/resources/renders/B/B16D1D42-C37B-444A-9930-BD7AA3248937.plist"
    ],
    "ultima_modificacion": "2025-08-01 01:00:59.551159"
  },
  "bb175336b59f4b708ae47a7b2379c441.plist": {
    "app_sintetizada": "BB175336B59F4B708AE47A7B2379C441.PLIST",
    "cantidad_archivos": 1,
    "archivos_fuente": [
      "Pictures/Fototeca de Fotos.photoslibrary/resources/renders/B/BB175336-B59F-4B70-8AE4-7A7B2379C441.plist"
    ],
    "ultima_modificacion": "2025-08-01 01:00:59.551443"
  },
  "b89d57f60e844e46b496bf584b9c3057.plist": {
    "app_sintetizada": "B89D57F60E844E46B496BF584B9C3057.PLIST",
    "cantidad_archivos": 1,
    "archivos_fuente": [
      "Pictures/Fototeca de Fotos.photoslibrary/resources/renders/B/B89D57F6-0E84-4E46-B496-BF584B9C3057.plist"
    ],
    "ultima_modificacion": "2025-08-01 01:00:59.551727"
  },
  "b85fb10dbe79454dbe20150efcdb1fbc.plist": {
    "app_sintetizada": "B85FB10DBE79454DBE20150EFCDB1FBC.PLIST",
    "cantidad_archivos": 1,
    "archivos_fuente": [
      "Pictures/Fototeca de Fotos.photoslibrary/resources/renders/B/B85FB10D-BE79-454D-BE20-150EFCDB1FBC.plist"
    ],
    "ultima_modificacion": "2025-08-01 01:00:59.551994"
  },
  "bbfe5ef588fd4f6da761a28922adc7d9.plist": {
    "app_sintetizada": "BBFE5EF588FD4F6DA761A28922ADC7D9.PLIST",
    "cantidad_archivos": 1,
    "archivos_fuente": [
      "Pictures/Fototeca de Fotos.photoslibrary/resources/renders/B/BBFE5EF5-88FD-4F6D-A761-A28922ADC7D9.plist"
    ],
    "ultima_modificacion": "2025-08-01 01:00:59.552259"
  },
  "bce018ce734a4ad4a2c85934075dff24.plist": {
    "app_sintetizada": "BCE018CE734A4AD4A2C85934075DFF24.PLIST",
    "cantidad_archivos": 1,
    "archivos_fuente": [
      "Pictures/Fototeca de Fotos.photoslibrary/resources/renders/B/BCE018CE-734A-4AD4-A2C8-5934075DFF24.plist"
    ],
    "ultima_modificacion": "2025-08-01 01:00:59.552533"
  },
  "b899d47c70ff4044838ee2e8aa9fa707.plist": {
    "app_sintetizada": "B899D47C70FF4044838EE2E8AA9FA707.PLIST",
    "cantidad_archivos": 1,
    "archivos_fuente": [
      "Pictures/Fototeca de Fotos.photoslibrary/resources/renders/B/B899D47C-70FF-4044-838E-E2E8AA9FA707.plist"
    ],
    "ultima_modificacion": "2025-08-01 01:00:59.552818"
  },
  "b2e54d55b23f4d19b41416861e04e328.plist": {
    "app_sintetizada": "B2E54D55B23F4D19B41416861E04E328.PLIST",
    "cantidad_archivos": 1,
    "archivos_fuente": [
      "Pictures/Fototeca de Fotos.photoslibrary/resources/renders/B/B2E54D55-B23F-4D19-B414-16861E04E328.plist"
    ],
    "ultima_modificacion": "2025-08-01 01:00:59.553082"
  },
  "ba4b1633bcba4bd69a60d261fc5b2edf.plist": {
    "app_sintetizada": "BA4B1633BCBA4BD69A60D261FC5B2EDF.PLIST",
    "cantidad_archivos": 1,
    "archivos_fuente": [
      "Pictures/Fototeca de Fotos.photoslibrary/resources/renders/B/BA4B1633-BCBA-4BD6-9A60-D261FC5B2EDF.plist"
    ],
    "ultima_modificacion": "2025-08-01 01:00:59.553356"
  },
  "b4b782f796cb46f2bf5f9cd64ae388b1.plist": {
    "app_sintetizada": "B4B782F796CB46F2BF5F9CD64AE388B1.PLIST",
    "cantidad_archivos": 1,
    "archivos_fuente": [
      "Pictures/Fototeca de Fotos.photoslibrary/resources/renders/B/B4B782F7-96CB-46F2-BF5F-9CD64AE388B1.plist"
    ],
    "ultima_modificacion": "2025-08-01 01:00:59.553607"
  },
  "b48119eb2c1643a68838cf22f75334b3.plist": {
    "app_sintetizada": "B48119EB2C1643A68838CF22F75334B3.PLIST",
    "cantidad_archivos": 1,
    "archivos_fuente": [
      "Pictures/Fototeca de Fotos.photoslibrary/resources/renders/B/B48119EB-2C16-43A6-8838-CF22F75334B3.plist"
    ],
    "ultima_modificacion": "2025-08-01 01:00:59.553937"
  },
  "be9181a83fac4f7fa051de8556d36ec7.plist": {
    "app_sintetizada": "BE9181A83FAC4F7FA051DE8556D36EC7.PLIST",
    "cantidad_archivos": 1,
    "archivos_fuente": [
      "Pictures/Fototeca de Fotos.photoslibrary/resources/renders/B/BE9181A8-3FAC-4F7F-A051-DE8556D36EC7.plist"
    ],
    "ultima_modificacion": "2025-08-01 01:00:59.554262"
  },
  "b048e8173d434469baa518ce25272476.plist": {
    "app_sintetizada": "B048E8173D434469BAA518CE25272476.PLIST",
    "cantidad_archivos": 1,
    "archivos_fuente": [
      "Pictures/Fototeca de Fotos.photoslibrary/resources/renders/B/B048E817-3D43-4469-BAA5-18CE25272476.plist"
    ],
    "ultima_modificacion": "2025-08-01 01:00:59.554556"
  },
  "bb5e35433bca45b792ad63c658b29494.plist": {
    "app_sintetizada": "BB5E35433BCA45B792AD63C658B29494.PLIST",
    "cantidad_archivos": 1,
    "archivos_fuente": [
      "Pictures/Fototeca de Fotos.photoslibrary/resources/renders/B/BB5E3543-3BCA-45B7-92AD-63C658B29494.plist"
    ],
    "ultima_modificacion": "2025-08-01 01:00:59.554835"
  },
  "b305fa7af90e496bb36fd6e760bd35a6.plist": {
    "app_sintetizada": "B305FA7AF90E496BB36FD6E760BD35A6.PLIST",
    "cantidad_archivos": 1,
    "archivos_fuente": [
      "Pictures/Fototeca de Fotos.photoslibrary/resources/renders/B/B305FA7A-F90E-496B-B36F-D6E760BD35A6.plist"
    ],
    "ultima_modificacion": "2025-08-01 01:00:59.555151"
  },
  "b2879b2b85994fd495bf653e9e9e5cc9.plist": {
    "app_sintetizada": "B2879B2B85994FD495BF653E9E9E5CC9.PLIST",
    "cantidad_archivos": 1,
    "archivos_fuente": [
      "Pictures/Fototeca de Fotos.photoslibrary/resources/renders/B/B2879B2B-8599-4FD4-95BF-653E9E9E5CC9.plist"
    ],
    "ultima_modificacion": "2025-08-01 01:00:59.555437"
  },
  "be6e98d5542c4de1bf674e5ae08556b4.plist": {
    "app_sintetizada": "BE6E98D5542C4DE1BF674E5AE08556B4.PLIST",
    "cantidad_archivos": 1,
    "archivos_fuente": [
      "Pictures/Fototeca de Fotos.photoslibrary/resources/renders/B/BE6E98D5-542C-4DE1-BF67-4E5AE08556B4.plist"
    ],
    "ultima_modificacion": "2025-08-01 01:00:59.555707"
  },
  "ba58ab2188c7470a836dff48d56c59fd.plist": {
    "app_sintetizada": "BA58AB2188C7470A836DFF48D56C59FD.PLIST",
    "cantidad_archivos": 1,
    "archivos_fuente": [
      "Pictures/Fototeca de Fotos.photoslibrary/resources/renders/B/BA58AB21-88C7-470A-836D-FF48D56C59FD.plist"
    ],
    "ultima_modificacion": "2025-08-01 01:00:59.556004"
  },
  "b8320bb19b7a4037990f4765f1058a0b.plist": {
    "app_sintetizada": "B8320BB19B7A4037990F4765F1058A0B.PLIST",
    "cantidad_archivos": 1,
    "archivos_fuente": [
      "Pictures/Fototeca de Fotos.photoslibrary/resources/renders/B/B8320BB1-9B7A-4037-990F-4765F1058A0B.plist"
    ],
    "ultima_modificacion": "2025-08-01 01:00:59.556297"
  },
  "bbf6e89fa48f4994b924085f1e7f85c1.plist": {
    "app_sintetizada": "BBF6E89FA48F4994B924085F1E7F85C1.PLIST",
    "cantidad_archivos": 1,
    "archivos_fuente": [
      "Pictures/Fototeca de Fotos.photoslibrary/resources/renders/B/BBF6E89F-A48F-4994-B924-085F1E7F85C1.plist"
    ],
    "ultima_modificacion": "2025-08-01 01:00:59.556589"
  },
  "bad07e48532c48fda2b897910d2bd931.plist": {
    "app_sintetizada": "BAD07E48532C48FDA2B897910D2BD931.PLIST",
    "cantidad_archivos": 1,
    "archivos_fuente": [
      "Pictures/Fototeca de Fotos.photoslibrary/resources/renders/B/BAD07E48-532C-48FD-A2B8-97910D2BD931.plist"
    ],
    "ultima_modificacion": "2025-08-01 01:00:59.556892"
  },
  "b2e633d875f9418589227bb6417dddfe.plist": {
    "app_sintetizada": "B2E633D875F9418589227BB6417DDDFE.PLIST",
    "cantidad_archivos": 1,
    "archivos_fuente": [
      "Pictures/Fototeca de Fotos.photoslibrary/resources/renders/B/B2E633D8-75F9-4185-8922-7BB6417DDDFE.plist"
    ],
    "ultima_modificacion": "2025-08-01 01:00:59.557166"
  },
  "b2a9459e56be4c68bd5525331306615a.plist": {
    "app_sintetizada": "B2A9459E56BE4C68BD5525331306615A.PLIST",
    "cantidad_archivos": 1,
    "archivos_fuente": [
      "Pictures/Fototeca de Fotos.photoslibrary/resources/renders/B/B2A9459E-56BE-4C68-BD55-25331306615A.plist"
    ],
    "ultima_modificacion": "2025-08-01 01:00:59.557437"
  },
  "b69df318a5484bbaa8746940de202a32.plist": {
    "app_sintetizada": "B69DF318A5484BBAA8746940DE202A32.PLIST",
    "cantidad_archivos": 1,
    "archivos_fuente": [
      "Pictures/Fototeca de Fotos.photoslibrary/resources/renders/B/B69DF318-A548-4BBA-A874-6940DE202A32.plist"
    ],
    "ultima_modificacion": "2025-08-01 01:00:59.557706"
  },
  "b8f6882f08544a36b98e3fee26e95b33.plist": {
    "app_sintetizada": "B8F6882F08544A36B98E3FEE26E95B33.PLIST",
    "cantidad_archivos": 1,
    "archivos_fuente": [
      "Pictures/Fototeca de Fotos.photoslibrary/resources/renders/B/B8F6882F-0854-4A36-B98E-3FEE26E95B33.plist"
    ],
    "ultima_modificacion": "2025-08-01 01:00:59.557976"
  },
  "bd43a3dca47c4fbba983d62a6315a23b.plist": {
    "app_sintetizada": "BD43A3DCA47C4FBBA983D62A6315A23B.PLIST",
    "cantidad_archivos": 1,
    "archivos_fuente": [
      "Pictures/Fototeca de Fotos.photoslibrary/resources/renders/B/BD43A3DC-A47C-4FBB-A983-D62A6315A23B.plist"
    ],
    "ultima_modificacion": "2025-08-01 01:00:59.558245"
  },
  "b5024d6886574734bae084a3eccde863.plist": {
    "app_sintetizada": "B5024D6886574734BAE084A3ECCDE863.PLIST",
    "cantidad_archivos": 1,
    "archivos_fuente": [
      "Pictures/Fototeca de Fotos.photoslibrary/resources/renders/B/B5024D68-8657-4734-BAE0-84A3ECCDE863.plist"
    ],
    "ultima_modificacion": "2025-08-01 01:00:59.558521"
  },
  "beb40c8b553e4c46ba9dd6d00bc943c9.plist": {
    "app_sintetizada": "BEB40C8B553E4C46BA9DD6D00BC943C9.PLIST",
    "cantidad_archivos": 1,
    "archivos_fuente": [
      "Pictures/Fototeca de Fotos.photoslibrary/resources/renders/B/BEB40C8B-553E-4C46-BA9D-D6D00BC943C9.plist"
    ],
    "ultima_modificacion": "2025-08-01 01:00:59.558776"
  },
  "b494b44725c543beaa947cf995c35894.plist": {
    "app_sintetizada": "B494B44725C543BEAA947CF995C35894.PLIST",
    "cantidad_archivos": 1,
    "archivos_fuente": [
      "Pictures/Fototeca de Fotos.photoslibrary/resources/renders/B/B494B447-25C5-43BE-AA94-7CF995C35894.plist"
    ],
    "ultima_modificacion": "2025-08-01 01:00:59.559059"
  },
  "b6843a13f3d14293a12d0098f1f6474f.plist": {
    "app_sintetizada": "B6843A13F3D14293A12D0098F1F6474F.PLIST",
    "cantidad_archivos": 1,
    "archivos_fuente": [
      "Pictures/Fototeca de Fotos.photoslibrary/resources/renders/B/B6843A13-F3D1-4293-A12D-0098F1F6474F.plist"
    ],
    "ultima_modificacion": "2025-08-01 01:00:59.559341"
  },
  "bc2c316704b54f5f8df75158008eed40.plist": {
    "app_sintetizada": "BC2C316704B54F5F8DF75158008EED40.PLIST",
    "cantidad_archivos": 1,
    "archivos_fuente": [
      "Pictures/Fototeca de Fotos.photoslibrary/resources/renders/B/BC2C3167-04B5-4F5F-8DF7-5158008EED40.plist"
    ],
    "ultima_modificacion": "2025-08-01 01:00:59.559641"
  },
  "b9e32fefa7624829961a5398c7d4a67f.plist": {
    "app_sintetizada": "B9E32FEFA7624829961A5398C7D4A67F.PLIST",
    "cantidad_archivos": 1,
    "archivos_fuente": [
      "Pictures/Fototeca de Fotos.photoslibrary/resources/renders/B/B9E32FEF-A762-4829-961A-5398C7D4A67F.plist"
    ],
    "ultima_modificacion": "2025-08-01 01:00:59.559929"
  },
  "b753e11a7c0048a590e380a7b371f1ea.plist": {
    "app_sintetizada": "B753E11A7C0048A590E380A7B371F1EA.PLIST",
    "cantidad_archivos": 1,
    "archivos_fuente": [
      "Pictures/Fototeca de Fotos.photoslibrary/resources/renders/B/B753E11A-7C00-48A5-90E3-80A7B371F1EA.plist"
    ],
    "ultima_modificacion": "2025-08-01 01:00:59.560220"
  },
  "b02daf5d6d194362a451a9ff1bebd934.plist": {
    "app_sintetizada": "B02DAF5D6D194362A451A9FF1BEBD934.PLIST",
    "cantidad_archivos": 1,
    "archivos_fuente": [
      "Pictures/Fototeca de Fotos.photoslibrary/resources/renders/B/B02DAF5D-6D19-4362-A451-A9FF1BEBD934.plist"
    ],
    "ultima_modificacion": "2025-08-01 01:00:59.560516"
  },
  "b503b4af4a984b30b48ac2f78d61cdff.plist": {
    "app_sintetizada": "B503B4AF4A984B30B48AC2F78D61CDFF.PLIST",
    "cantidad_archivos": 1,
    "archivos_fuente": [
      "Pictures/Fototeca de Fotos.photoslibrary/resources/renders/B/B503B4AF-4A98-4B30-B48A-C2F78D61CDFF.plist"
    ],
    "ultima_modificacion": "2025-08-01 01:00:59.560770"
  },
  "b2e8f72bfcfe44a28ebc849b720943b1.plist": {
    "app_sintetizada": "B2E8F72BFCFE44A28EBC849B720943B1.PLIST",
    "cantidad_archivos": 1,
    "archivos_fuente": [
      "Pictures/Fototeca de Fotos.photoslibrary/resources/renders/B/B2E8F72B-FCFE-44A2-8EBC-849B720943B1.plist"
    ],
    "ultima_modificacion": "2025-08-01 01:00:59.561090"
  },
  "b465ea6d404a4b56810751aa604d4c72.plist": {
    "app_sintetizada": "B465EA6D404A4B56810751AA604D4C72.PLIST",
    "cantidad_archivos": 1,
    "archivos_fuente": [
      "Pictures/Fototeca de Fotos.photoslibrary/resources/renders/B/B465EA6D-404A-4B56-8107-51AA604D4C72.plist"
    ],
    "ultima_modificacion": "2025-08-01 01:00:59.561328"
  },
  "bef37f131e694005b1104e4fed1354d2.plist": {
    "app_sintetizada": "BEF37F131E694005B1104E4FED1354D2.PLIST",
    "cantidad_archivos": 1,
    "archivos_fuente": [
      "Pictures/Fototeca de Fotos.photoslibrary/resources/renders/B/BEF37F13-1E69-4005-B110-4E4FED1354D2.plist"
    ],
    "ultima_modificacion": "2025-08-01 01:00:59.561572"
  },
  "bdd530413b17448ea2973753e2ebd3a6.plist": {
    "app_sintetizada": "BDD530413B17448EA2973753E2EBD3A6.PLIST",
    "cantidad_archivos": 1,
    "archivos_fuente": [
      "Pictures/Fototeca de Fotos.photoslibrary/resources/renders/B/BDD53041-3B17-448E-A297-3753E2EBD3A6.plist"
    ],
    "ultima_modificacion": "2025-08-01 01:00:59.561822"
  },
  "bfeed166f7e44d3ab0858c0447216ae4.plist": {
    "app_sintetizada": "BFEED166F7E44D3AB0858C0447216AE4.PLIST",
    "cantidad_archivos": 1,
    "archivos_fuente": [
      "Pictures/Fototeca de Fotos.photoslibrary/resources/renders/B/BFEED166-F7E4-4D3A-B085-8C0447216AE4.plist"
    ],
    "ultima_modificacion": "2025-08-01 01:00:59.562048"
  },
  "be2685d5da8d44ed9e4355b3bb9ca029.plist": {
    "app_sintetizada": "BE2685D5DA8D44ED9E4355B3BB9CA029.PLIST",
    "cantidad_archivos": 1,
    "archivos_fuente": [
      "Pictures/Fototeca de Fotos.photoslibrary/resources/renders/B/BE2685D5-DA8D-44ED-9E43-55B3BB9CA029.plist"
    ],
    "ultima_modificacion": "2025-08-01 01:00:59.562254"
  },
  "b2bda4ea893b4960b5bd2f1d6a52af84.plist": {
    "app_sintetizada": "B2BDA4EA893B4960B5BD2F1D6A52AF84.PLIST",
    "cantidad_archivos": 1,
    "archivos_fuente": [
      "Pictures/Fototeca de Fotos.photoslibrary/resources/renders/B/B2BDA4EA-893B-4960-B5BD-2F1D6A52AF84.plist"
    ],
    "ultima_modificacion": "2025-08-01 01:00:59.562454"
  }
}