{
  "eb02594722914a38a8353559286174f7.plist": {
    "app_sintetizada": "EB02594722914A38A8353559286174F7.PLIST",
    "cantidad_archivos": 1,
    "archivos_fuente": [
      "Pictures/Fototeca de Fotos.photoslibrary/resources/renders/E/EB025947-2291-4A38-A835-3559286174F7.plist"
    ],
    "ultima_modificacion": "2025-08-01 01:00:59.481645"
  },
  "e8064719b7c744f7b79c30ad3bb887d8.plist": {
    "app_sintetizada": "E8064719B7C744F7B79C30AD3BB887D8.PLIST",
    "cantidad_archivos": 1,
    "archivos_fuente": [
      "Pictures/Fototeca de Fotos.photoslibrary/resources/renders/E/E8064719-B7C7-44F7-B79C-30AD3BB887D8.plist"
    ],
    "ultima_modificacion": "2025-08-01 01:00:59.481937"
  },
  "e37eeb17c98f4e848ed73f9dff3aefc6.plist": {
    "app_sintetizada": "E37EEB17C98F4E848ED73F9DFF3AEFC6.PLIST",
    "cantidad_archivos": 1,
    "archivos_fuente": [
      "Pictures/Fototeca de Fotos.photoslibrary/resources/renders/E/E37EEB17-C98F-4E84-8ED7-3F9DFF3AEFC6.plist"
    ],
    "ultima_modificacion": "2025-08-01 01:00:59.482241"
  },
  "e644ae3a3e924747878db4e5318b18a1.plist": {
    "app_sintetizada": "E644AE3A3E924747878DB4E5318B18A1.PLIST",
    "cantidad_archivos": 1,
    "archivos_fuente": [
      "Pictures/Fototeca de Fotos.photoslibrary/resources/renders/E/E644AE3A-3E92-4747-878D-B4E5318B18A1.plist"
    ],
    "ultima_modificacion": "2025-08-01 01:00:59.482548"
  },
  "e68c6fd9dae547128921a0fd07735290.plist": {
    "app_sintetizada": "E68C6FD9DAE547128921A0FD07735290.PLIST",
    "cantidad_archivos": 1,
    "archivos_fuente": [
      "Pictures/Fototeca de Fotos.photoslibrary/resources/renders/E/E68C6FD9-DAE5-4712-8921-A0FD07735290.plist"
    ],
    "ultima_modificacion": "2025-08-01 01:00:59.482855"
  },
  "ec79895b9cf7424abb465f05c4ba3147.plist": {
    "app_sintetizada": "EC79895B9CF7424ABB465F05C4BA3147.PLIST",
    "cantidad_archivos": 1,
    "archivos_fuente": [
      "Pictures/Fototeca de Fotos.photoslibrary/resources/renders/E/EC79895B-9CF7-424A-BB46-5F05C4BA3147.plist"
    ],
    "ultima_modificacion": "2025-08-01 01:00:59.483152"
  },
  "e996d609159544f198155dec3845f4f6.plist": {
    "app_sintetizada": "E996D609159544F198155DEC3845F4F6.PLIST",
    "cantidad_archivos": 1,
    "archivos_fuente": [
      "Pictures/Fototeca de Fotos.photoslibrary/resources/renders/E/E996D609-1595-44F1-9815-5DEC3845F4F6.plist"
    ],
    "ultima_modificacion": "2025-08-01 01:00:59.483445"
  },
  "e76cb21e951748c1ad84a1d82eef1617.plist": {
    "app_sintetizada": "E76CB21E951748C1AD84A1D82EEF1617.PLIST",
    "cantidad_archivos": 1,
    "archivos_fuente": [
      "Pictures/Fototeca de Fotos.photoslibrary/resources/renders/E/E76CB21E-9517-48C1-AD84-A1D82EEF1617.plist"
    ],
    "ultima_modificacion": "2025-08-01 01:00:59.483734"
  },
  "e90b01e05a2e4aa4af37520b09bc9d77.plist": {
    "app_sintetizada": "E90B01E05A2E4AA4AF37520B09BC9D77.PLIST",
    "cantidad_archivos": 1,
    "archivos_fuente": [
      "Pictures/Fototeca de Fotos.photoslibrary/resources/renders/E/E90B01E0-5A2E-4AA4-AF37-520B09BC9D77.plist"
    ],
    "ultima_modificacion": "2025-08-01 01:00:59.484023"
  },
  "e0d21cfd3dcf4d4b9a24adbb4f3da4cb.plist": {
    "app_sintetizada": "E0D21CFD3DCF4D4B9A24ADBB4F3DA4CB.PLIST",
    "cantidad_archivos": 1,
    "archivos_fuente": [
      "Pictures/Fototeca de Fotos.photoslibrary/resources/renders/E/E0D21CFD-3DCF-4D4B-9A24-ADBB4F3DA4CB.plist"
    ],
    "ultima_modificacion": "2025-08-01 01:00:59.484289"
  },
  "e216cf1e8ac847f9b132ed9865e27aaf.plist": {
    "app_sintetizada": "E216CF1E8AC847F9B132ED9865E27AAF.PLIST",
    "cantidad_archivos": 1,
    "archivos_fuente": [
      "Pictures/Fototeca de Fotos.photoslibrary/resources/renders/E/E216CF1E-8AC8-47F9-B132-ED9865E27AAF.plist"
    ],
    "ultima_modificacion": "2025-08-01 01:00:59.484576"
  },
  "e2b00b8e93a8420ba14db390f9881e56.plist": {
    "app_sintetizada": "E2B00B8E93A8420BA14DB390F9881E56.PLIST",
    "cantidad_archivos": 1,
    "archivos_fuente": [
      "Pictures/Fototeca de Fotos.photoslibrary/resources/renders/E/E2B00B8E-93A8-420B-A14D-B390F9881E56.plist"
    ],
    "ultima_modificacion": "2025-08-01 01:00:59.484854"
  },
  "e996d02c2bb94fff82f16c90ec15a2ec.plist": {
    "app_sintetizada": "E996D02C2BB94FFF82F16C90EC15A2EC.PLIST",
    "cantidad_archivos": 1,
    "archivos_fuente": [
      "Pictures/Fototeca de Fotos.photoslibrary/resources/renders/E/E996D02C-2BB9-4FFF-82F1-6C90EC15A2EC.plist"
    ],
    "ultima_modificacion": "2025-08-01 01:00:59.485138"
  },
  "e8f0714929234e3887211a64455c5f77.plist": {
    "app_sintetizada": "E8F0714929234E3887211A64455C5F77.PLIST",
    "cantidad_archivos": 1,
    "archivos_fuente": [
      "Pictures/Fototeca de Fotos.photoslibrary/resources/renders/E/E8F07149-2923-4E38-8721-1A64455C5F77.plist"
    ],
    "ultima_modificacion": "2025-08-01 01:00:59.485403"
  },
  "eed0e138581b4894a16ac48008a32004.plist": {
    "app_sintetizada": "EED0E138581B4894A16AC48008A32004.PLIST",
    "cantidad_archivos": 1,
    "archivos_fuente": [
      "Pictures/Fototeca de Fotos.photoslibrary/resources/renders/E/EED0E138-581B-4894-A16A-C48008A32004.plist"
    ],
    "ultima_modificacion": "2025-08-01 01:00:59.485772"
  },
  "ec55b6a5f94b44b680763fce0616baa0.plist": {
    "app_sintetizada": "EC55B6A5F94B44B680763FCE0616BAA0.PLIST",
    "cantidad_archivos": 1,
    "archivos_fuente": [
      "Pictures/Fototeca de Fotos.photoslibrary/resources/renders/E/EC55B6A5-F94B-44B6-8076-3FCE0616BAA0.plist"
    ],
    "ultima_modificacion": "2025-08-01 01:00:59.486421"
  },
  "eba70128c5454f1baad08551d9f9a198.plist": {
    "app_sintetizada": "EBA70128C5454F1BAAD08551D9F9A198.PLIST",
    "cantidad_archivos": 1,
    "archivos_fuente": [
      "Pictures/Fototeca de Fotos.photoslibrary/resources/renders/E/EBA70128-C545-4F1B-AAD0-8551D9F9A198.plist"
    ],
    "ultima_modificacion": "2025-08-01 01:00:59.486690"
  },
  "e6f5cf20fa8a41f9aa17053f0e85234e.plist": {
    "app_sintetizada": "E6F5CF20FA8A41F9AA17053F0E85234E.PLIST",
    "cantidad_archivos": 1,
    "archivos_fuente": [
      "Pictures/Fototeca de Fotos.photoslibrary/resources/renders/E/E6F5CF20-FA8A-41F9-AA17-053F0E85234E.plist"
    ],
    "ultima_modificacion": "2025-08-01 01:00:59.486961"
  },
  "e743944056e8407594b66e4ac95f3ae1.plist": {
    "app_sintetizada": "E743944056E8407594B66E4AC95F3AE1.PLIST",
    "cantidad_archivos": 1,
    "archivos_fuente": [
      "Pictures/Fototeca de Fotos.photoslibrary/resources/renders/E/E7439440-56E8-4075-94B6-6E4AC95F3AE1.plist"
    ],
    "ultima_modificacion": "2025-08-01 01:00:59.487319"
  },
  "ea4ef70b3c9d41e4afae2fb08ce73d24.plist": {
    "app_sintetizada": "EA4EF70B3C9D41E4AFAE2FB08CE73D24.PLIST",
    "cantidad_archivos": 1,
    "archivos_fuente": [
      "Pictures/Fototeca de Fotos.photoslibrary/resources/renders/E/EA4EF70B-3C9D-41E4-AFAE-2FB08CE73D24.plist"
    ],
    "ultima_modificacion": "2025-08-01 01:00:59.487602"
  },
  "ec620d79407b4ef7ade97a641620c313.plist": {
    "app_sintetizada": "EC620D79407B4EF7ADE97A641620C313.PLIST",
    "cantidad_archivos": 1,
    "archivos_fuente": [
      "Pictures/Fototeca de Fotos.photoslibrary/resources/renders/E/EC620D79-407B-4EF7-ADE9-7A641620C313.plist"
    ],
    "ultima_modificacion": "2025-08-01 01:00:59.487865"
  },
  "e8a9643700dd4ad4b232435a47990971.plist": {
    "app_sintetizada": "E8A9643700DD4AD4B232435A47990971.PLIST",
    "cantidad_archivos": 1,
    "archivos_fuente": [
      "Pictures/Fototeca de Fotos.photoslibrary/resources/renders/E/E8A96437-00DD-4AD4-B232-435A47990971.plist"
    ],
    "ultima_modificacion": "2025-08-01 01:00:59.488180"
  },
  "ea1ba108b6d04bad9361004c5ae74a80.plist": {
    "app_sintetizada": "EA1BA108B6D04BAD9361004C5AE74A80.PLIST",
    "cantidad_archivos": 1,
    "archivos_fuente": [
      "Pictures/Fototeca de Fotos.photoslibrary/resources/renders/E/EA1BA108-B6D0-4BAD-9361-004C5AE74A80.plist"
    ],
    "ultima_modificacion": "2025-08-01 01:00:59.488472"
  },
  "e270a8c8ca0d4b909ad84efc427e4c3c.plist": {
    "app_sintetizada": "E270A8C8CA0D4B909AD84EFC427E4C3C.PLIST",
    "cantidad_archivos": 1,
    "archivos_fuente": [
      "Pictures/Fototeca de Fotos.photoslibrary/resources/renders/E/E270A8C8-CA0D-4B90-9AD8-4EFC427E4C3C.plist"
    ],
    "ultima_modificacion": "2025-08-01 01:00:59.488756"
  },
  "ec5648bbee924fd593715fb511651cf6.plist": {
    "app_sintetizada": "EC5648BBEE924FD593715FB511651CF6.PLIST",
    "cantidad_archivos": 1,
    "archivos_fuente": [
      "Pictures/Fototeca de Fotos.photoslibrary/resources/renders/E/EC5648BB-EE92-4FD5-9371-5FB511651CF6.plist"
    ],
    "ultima_modificacion": "2025-08-01 01:00:59.489051"
  },
  "ea6c4d96d0a842f5b663e59b63e2bde9.plist": {
    "app_sintetizada": "EA6C4D96D0A842F5B663E59B63E2BDE9.PLIST",
    "cantidad_archivos": 1,
    "archivos_fuente": [
      "Pictures/Fototeca de Fotos.photoslibrary/resources/renders/E/EA6C4D96-D0A8-42F5-B663-E59B63E2BDE9.plist"
    ],
    "ultima_modificacion": "2025-08-01 01:00:59.489343"
  },
  "eb33303fc0394557b7d64e91031699ec.plist": {
    "app_sintetizada": "EB33303FC0394557B7D64E91031699EC.PLIST",
    "cantidad_archivos": 1,
    "archivos_fuente": [
      "Pictures/Fototeca de Fotos.photoslibrary/resources/renders/E/EB33303F-C039-4557-B7D6-4E91031699EC.plist"
    ],
    "ultima_modificacion": "2025-08-01 01:00:59.489635"
  },
  "e8759bc209174640bc20d5a2770b9749.plist": {
    "app_sintetizada": "E8759BC209174640BC20D5A2770B9749.PLIST",
    "cantidad_archivos": 1,
    "archivos_fuente": [
      "Pictures/Fototeca de Fotos.photoslibrary/resources/renders/E/E8759BC2-0917-4640-BC20-D5A2770B9749.plist"
    ],
    "ultima_modificacion": "2025-08-01 01:00:59.489939"
  },
  "ee4154dae008499ba919119da128af01.plist": {
    "app_sintetizada": "EE4154DAE008499BA919119DA128AF01.PLIST",
    "cantidad_archivos": 1,
    "archivos_fuente": [
      "Pictures/Fototeca de Fotos.photoslibrary/resources/renders/E/EE4154DA-E008-499B-A919-119DA128AF01.plist"
    ],
    "ultima_modificacion": "2025-08-01 01:00:59.490246"
  },
  "e512ca7fa23b48f184c4839f1e7bdb6e.plist": {
    "app_sintetizada": "E512CA7FA23B48F184C4839F1E7BDB6E.PLIST",
    "cantidad_archivos": 1,
    "archivos_fuente": [
      "Pictures/Fototeca de Fotos.photoslibrary/resources/renders/E/E512CA7F-A23B-48F1-84C4-839F1E7BDB6E.plist"
    ],
    "ultima_modificacion": "2025-08-01 01:00:59.491518"
  },
  "e1b3d5134ed84d8cb6bf7ebd7a44a094.plist": {
    "app_sintetizada": "E1B3D5134ED84D8CB6BF7EBD7A44A094.PLIST",
    "cantidad_archivos": 1,
    "archivos_fuente": [
      "Pictures/Fototeca de Fotos.photoslibrary/resources/renders/E/E1B3D513-4ED8-4D8C-B6BF-7EBD7A44A094.plist"
    ],
    "ultima_modificacion": "2025-08-01 01:00:59.491877"
  },
  "e97a6c43dbdb41c8abfe3955df7bb605.plist": {
    "app_sintetizada": "E97A6C43DBDB41C8ABFE3955DF7BB605.PLIST",
    "cantidad_archivos": 1,
    "archivos_fuente": [
      "Pictures/Fototeca de Fotos.photoslibrary/resources/renders/E/E97A6C43-DBDB-41C8-ABFE-3955DF7BB605.plist"
    ],
    "ultima_modificacion": "2025-08-01 01:00:59.492225"
  },
  "e874b6c4b1984b658339fff94ad1860a.plist": {
    "app_sintetizada": "E874B6C4B1984B658339FFF94AD1860A.PLIST",
    "cantidad_archivos": 1,
    "archivos_fuente": [
      "Pictures/Fototeca de Fotos.photoslibrary/resources/renders/E/E874B6C4-B198-4B65-8339-FFF94AD1860A.plist"
    ],
    "ultima_modificacion": "2025-08-01 01:00:59.492529"
  },
  "e17a1e65857848338e1b2731aa57a701.plist": {
    "app_sintetizada": "E17A1E65857848338E1B2731AA57A701.PLIST",
    "cantidad_archivos": 1,
    "archivos_fuente": [
      "Pictures/Fototeca de Fotos.photoslibrary/resources/renders/E/E17A1E65-8578-4833-8E1B-2731AA57A701.plist"
    ],
    "ultima_modificacion": "2025-08-01 01:00:59.492821"
  },
  "e43f4a6b16d74c5db47fdefaec09a447.plist": {
    "app_sintetizada": "E43F4A6B16D74C5DB47FDEFAEC09A447.PLIST",
    "cantidad_archivos": 1,
    "archivos_fuente": [
      "Pictures/Fototeca de Fotos.photoslibrary/resources/renders/E/E43F4A6B-16D7-4C5D-B47F-DEFAEC09A447.plist"
    ],
    "ultima_modificacion": "2025-08-01 01:00:59.493106"
  },
  "e4b7b07d9b21487da018ef91d41391d0.plist": {
    "app_sintetizada": "E4B7B07D9B21487DA018EF91D41391D0.PLIST",
    "cantidad_archivos": 1,
    "archivos_fuente": [
      "Pictures/Fototeca de Fotos.photoslibrary/resources/renders/E/E4B7B07D-9B21-487D-A018-EF91D41391D0.plist"
    ],
    "ultima_modificacion": "2025-08-01 01:00:59.493412"
  },
  "ed5cfa95b80945d4a68d475900b02f44.plist": {
    "app_sintetizada": "ED5CFA95B80945D4A68D475900B02F44.PLIST",
    "cantidad_archivos": 1,
    "archivos_fuente": [
      "Pictures/Fototeca de Fotos.photoslibrary/resources/renders/E/ED5CFA95-B809-45D4-A68D-475900B02F44.plist"
    ],
    "ultima_modificacion": "2025-08-01 01:00:59.493735"
  },
  "ed0c35c743ea402799eb5cd7e398e3ff.plist": {
    "app_sintetizada": "ED0C35C743EA402799EB5CD7E398E3FF.PLIST",
    "cantidad_archivos": 1,
    "archivos_fuente": [
      "Pictures/Fototeca de Fotos.photoslibrary/resources/renders/E/ED0C35C7-43EA-4027-99EB-5CD7E398E3FF.plist"
    ],
    "ultima_modificacion": "2025-08-01 01:00:59.494049"
  },
  "e799068176b24329aacb65fc88443c55.plist": {
    "app_sintetizada": "E799068176B24329AACB65FC88443C55.PLIST",
    "cantidad_archivos": 1,
    "archivos_fuente": [
      "Pictures/Fototeca de Fotos.photoslibrary/resources/renders/E/E7990681-76B2-4329-AACB-65FC88443C55.plist"
    ],
    "ultima_modificacion": "2025-08-01 01:00:59.494370"
  },
  "ec436e3eee464dc5a585355397be5987.plist": {
    "app_sintetizada": "EC436E3EEE464DC5A585355397BE5987.PLIST",
    "cantidad_archivos": 1,
    "archivos_fuente": [
      "Pictures/Fototeca de Fotos.photoslibrary/resources/renders/E/EC436E3E-EE46-4DC5-A585-355397BE5987.plist"
    ],
    "ultima_modificacion": "2025-08-01 01:00:59.494671"
  },
  "ea3c974ec21c43f5b315a4841c94efc6.plist": {
    "app_sintetizada": "EA3C974EC21C43F5B315A4841C94EFC6.PLIST",
    "cantidad_archivos": 1,
    "archivos_fuente": [
      "Pictures/Fototeca de Fotos.photoslibrary/resources/renders/E/EA3C974E-C21C-43F5-B315-A4841C94EFC6.plist"
    ],
    "ultima_modificacion": "2025-08-01 01:00:59.494958"
  },
  "e6b2d97d8bfb43799f5073d95c012497.plist": {
    "app_sintetizada": "E6B2D97D8BFB43799F5073D95C012497.PLIST",
    "cantidad_archivos": 1,
    "archivos_fuente": [
      "Pictures/Fototeca de Fotos.photoslibrary/resources/renders/E/E6B2D97D-8BFB-4379-9F50-73D95C012497.plist"
    ],
    "ultima_modificacion": "2025-08-01 01:00:59.495247"
  },
  "ea33c8a40ee44549b41ffbffa2196f25.plist": {
    "app_sintetizada": "EA33C8A40EE44549B41FFBFFA2196F25.PLIST",
    "cantidad_archivos": 1,
    "archivos_fuente": [
      "Pictures/Fototeca de Fotos.photoslibrary/resources/renders/E/EA33C8A4-0EE4-4549-B41F-FBFFA2196F25.plist"
    ],
    "ultima_modificacion": "2025-08-01 01:00:59.495532"
  },
  "e0f6a3b1242b413b939185f1855cff90.plist": {
    "app_sintetizada": "E0F6A3B1242B413B939185F1855CFF90.PLIST",
    "cantidad_archivos": 1,
    "archivos_fuente": [
      "Pictures/Fototeca de Fotos.photoslibrary/resources/renders/E/E0F6A3B1-242B-413B-9391-85F1855CFF90.plist"
    ],
    "ultima_modificacion": "2025-08-01 01:00:59.495794"
  },
  "e597314a07d7422a83b644a6358a44b5.plist": {
    "app_sintetizada": "E597314A07D7422A83B644A6358A44B5.PLIST",
    "cantidad_archivos": 1,
    "archivos_fuente": [
      "Pictures/Fototeca de Fotos.photoslibrary/resources/renders/E/E597314A-07D7-422A-83B6-44A6358A44B5.plist"
    ],
    "ultima_modificacion": "2025-08-01 01:00:59.496072"
  },
  "eb61ff7abc46402f83244d065ff9f17a.plist": {
    "app_sintetizada": "EB61FF7ABC46402F83244D065FF9F17A.PLIST",
    "cantidad_archivos": 1,
    "archivos_fuente": [
      "Pictures/Fototeca de Fotos.photoslibrary/resources/renders/E/EB61FF7A-BC46-402F-8324-4D065FF9F17A.plist"
    ],
    "ultima_modificacion": "2025-08-01 01:00:59.496368"
  },
  "e084fb8b3d6145ebbbb213d30a6455cd.plist": {
    "app_sintetizada": "E084FB8B3D6145EBBBB213D30A6455CD.PLIST",
    "cantidad_archivos": 1,
    "archivos_fuente": [
      "Pictures/Fototeca de Fotos.photoslibrary/resources/renders/E/E084FB8B-3D61-45EB-BBB2-13D30A6455CD.plist"
    ],
    "ultima_modificacion": "2025-08-01 01:00:59.496664"
  },
  "ec486948e47f4baea6777049a4b55ef7.plist": {
    "app_sintetizada": "EC486948E47F4BAEA6777049A4B55EF7.PLIST",
    "cantidad_archivos": 1,
    "archivos_fuente": [
      "Pictures/Fototeca de Fotos.photoslibrary/resources/renders/E/EC486948-E47F-4BAE-A677-7049A4B55EF7.plist"
    ],
    "ultima_modificacion": "2025-08-01 01:00:59.496963"
  },
  "ea0e85de62234f8c984731b59f7c94b3.plist": {
    "app_sintetizada": "EA0E85DE62234F8C984731B59F7C94B3.PLIST",
    "cantidad_archivos": 1,
    "archivos_fuente": [
      "Pictures/Fototeca de Fotos.photoslibrary/resources/renders/E/EA0E85DE-6223-4F8C-9847-31B59F7C94B3.plist"
    ],
    "ultima_modificacion": "2025-08-01 01:00:59.497248"
  },
  "ee1180831cf14fa392063290651edcb4.plist": {
    "app_sintetizada": "EE1180831CF14FA392063290651EDCB4.PLIST",
    "cantidad_archivos": 1,
    "archivos_fuente": [
      "Pictures/Fototeca de Fotos.photoslibrary/resources/renders/E/EE118083-1CF1-4FA3-9206-3290651EDCB4.plist"
    ],
    "ultima_modificacion": "2025-08-01 01:00:59.497516"
  },
  "ec43ff6e56404ca4b0206bebe315f929.plist": {
    "app_sintetizada": "EC43FF6E56404CA4B0206BEBE315F929.PLIST",
    "cantidad_archivos": 1,
    "archivos_fuente": [
      "Pictures/Fototeca de Fotos.photoslibrary/resources/renders/E/EC43FF6E-5640-4CA4-B020-6BEBE315F929.plist"
    ],
    "ultima_modificacion": "2025-08-01 01:00:59.497777"
  },
  "e459c67fd7fc418898f6a9f815e7bfa2.plist": {
    "app_sintetizada": "E459C67FD7FC418898F6A9F815E7BFA2.PLIST",
    "cantidad_archivos": 1,
    "archivos_fuente": [
      "Pictures/Fototeca de Fotos.photoslibrary/resources/renders/E/E459C67F-D7FC-4188-98F6-A9F815E7BFA2.plist"
    ],
    "ultima_modificacion": "2025-08-01 01:00:59.498070"
  },
  "eaaa02b6ff444c8f8494d5ce8af184d2.plist": {
    "app_sintetizada": "EAAA02B6FF444C8F8494D5CE8AF184D2.PLIST",
    "cantidad_archivos": 1,
    "archivos_fuente": [
      "Pictures/Fototeca de Fotos.photoslibrary/resources/renders/E/EAAA02B6-FF44-4C8F-8494-D5CE8AF184D2.plist"
    ],
    "ultima_modificacion": "2025-08-01 01:00:59.498365"
  },
  "ea9b386d273e4759bc34786a17ad11c9.plist": {
    "app_sintetizada": "EA9B386D273E4759BC34786A17AD11C9.PLIST",
    "cantidad_archivos": 1,
    "archivos_fuente": [
      "Pictures/Fototeca de Fotos.photoslibrary/resources/renders/E/EA9B386D-273E-4759-BC34-786A17AD11C9.plist"
    ],
    "ultima_modificacion": "2025-08-01 01:00:59.498627"
  },
  "ea5e9e89e6da47aeb86f02a1823bcc01.plist": {
    "app_sintetizada": "EA5E9E89E6DA47AEB86F02A1823BCC01.PLIST",
    "cantidad_archivos": 1,
    "archivos_fuente": [
      "Pictures/Fototeca de Fotos.photoslibrary/resources/renders/E/EA5E9E89-E6DA-47AE-B86F-02A1823BCC01.plist"
    ],
    "ultima_modificacion": "2025-08-01 01:00:59.498920"
  },
  "ebe3d9b10dad41f7bdc27cdb570d134a.plist": {
    "app_sintetizada": "EBE3D9B10DAD41F7BDC27CDB570D134A.PLIST",
    "cantidad_archivos": 1,
    "archivos_fuente": [
      "Pictures/Fototeca de Fotos.photoslibrary/resources/renders/E/EBE3D9B1-0DAD-41F7-BDC2-7CDB570D134A.plist"
    ],
    "ultima_modificacion": "2025-08-01 01:00:59.499197"
  },
  "ef7648040e4d4a5ca6e912e859d06a1b.plist": {
    "app_sintetizada": "EF7648040E4D4A5CA6E912E859D06A1B.PLIST",
    "cantidad_archivos": 1,
    "archivos_fuente": [
      "Pictures/Fototeca de Fotos.photoslibrary/resources/renders/E/EF764804-0E4D-4A5C-A6E9-12E859D06A1B.plist"
    ],
    "ultima_modificacion": "2025-08-01 01:00:59.499489"
  },
  "efe3e52044594247b64ae6a38bc03a2d.plist": {
    "app_sintetizada": "EFE3E52044594247B64AE6A38BC03A2D.PLIST",
    "cantidad_archivos": 1,
    "archivos_fuente": [
      "Pictures/Fototeca de Fotos.photoslibrary/resources/renders/E/EFE3E520-4459-4247-B64A-E6A38BC03A2D.plist"
    ],
    "ultima_modificacion": "2025-08-01 01:00:59.499775"
  },
  "e27815a22e66499d9e52f2209c8b9647.plist": {
    "app_sintetizada": "E27815A22E66499D9E52F2209C8B9647.PLIST",
    "cantidad_archivos": 1,
    "archivos_fuente": [
      "Pictures/Fototeca de Fotos.photoslibrary/resources/renders/E/E27815A2-2E66-499D-9E52-F2209C8B9647.plist"
    ],
    "ultima_modificacion": "2025-08-01 01:00:59.500053"
  },
  "e1cc1ff975d747b09f5f7543bfd8d6c9.plist": {
    "app_sintetizada": "E1CC1FF975D747B09F5F7543BFD8D6C9.PLIST",
    "cantidad_archivos": 1,
    "archivos_fuente": [
      "Pictures/Fototeca de Fotos.photoslibrary/resources/renders/E/E1CC1FF9-75D7-47B0-9F5F-7543BFD8D6C9.plist"
    ],
    "ultima_modificacion": "2025-08-01 01:00:59.500331"
  },
  "e9e6fcfef68d47f0a1b74fd68e576a1a.plist": {
    "app_sintetizada": "E9E6FCFEF68D47F0A1B74FD68E576A1A.PLIST",
    "cantidad_archivos": 1,
    "archivos_fuente": [
      "Pictures/Fototeca de Fotos.photoslibrary/resources/renders/E/E9E6FCFE-F68D-47F0-A1B7-4FD68E576A1A.plist"
    ],
    "ultima_modificacion": "2025-08-01 01:00:59.500622"
  },
  "e35446d3b3614d689e1a364d8efdb003.plist": {
    "app_sintetizada": "E35446D3B3614D689E1A364D8EFDB003.PLIST",
    "cantidad_archivos": 1,
    "archivos_fuente": [
      "Pictures/Fototeca de Fotos.photoslibrary/resources/renders/E/E35446D3-B361-4D68-9E1A-364D8EFDB003.plist"
    ],
    "ultima_modificacion": "2025-08-01 01:00:59.500964"
  },
  "eed0856acf1c48f5b6f98411c2c24137.plist": {
    "app_sintetizada": "EED0856ACF1C48F5B6F98411C2C24137.PLIST",
    "cantidad_archivos": 1,
    "archivos_fuente": [
      "Pictures/Fototeca de Fotos.photoslibrary/resources/renders/E/EED0856A-CF1C-48F5-B6F9-8411C2C24137.plist"
    ],
    "ultima_modificacion": "2025-08-01 01:00:59.501258"
  },
  "e46d4e91844543c098ef12df2f2b8417.plist": {
    "app_sintetizada": "E46D4E91844543C098EF12DF2F2B8417.PLIST",
    "cantidad_archivos": 1,
    "archivos_fuente": [
      "Pictures/Fototeca de Fotos.photoslibrary/resources/renders/E/E46D4E91-8445-43C0-98EF-12DF2F2B8417.plist"
    ],
    "ultima_modificacion": "2025-08-01 01:00:59.501564"
  },
  "e2f75b560b48472886e0b0ce7b20af97.plist": {
    "app_sintetizada": "E2F75B560B48472886E0B0CE7B20AF97.PLIST",
    "cantidad_archivos": 1,
    "archivos_fuente": [
      "Pictures/Fototeca de Fotos.photoslibrary/resources/renders/E/E2F75B56-0B48-4728-86E0-B0CE7B20AF97.plist"
    ],
    "ultima_modificacion": "2025-08-01 01:00:59.501876"
  },
  "e1d1941def8b4b17a7ac079d1c019c13.plist": {
    "app_sintetizada": "E1D1941DEF8B4B17A7AC079D1C019C13.PLIST",
    "cantidad_archivos": 1,
    "archivos_fuente": [
      "Pictures/Fototeca de Fotos.photoslibrary/resources/renders/E/E1D1941D-EF8B-4B17-A7AC-079D1C019C13.plist"
    ],
    "ultima_modificacion": "2025-08-01 01:00:59.502206"
  },
  "e74fdd21ff8c46bea35a3e8aa058e995.plist": {
    "app_sintetizada": "E74FDD21FF8C46BEA35A3E8AA058E995.PLIST",
    "cantidad_archivos": 1,
    "archivos_fuente": [
      "Pictures/Fototeca de Fotos.photoslibrary/resources/renders/E/E74FDD21-FF8C-46BE-A35A-3E8AA058E995.plist"
    ],
    "ultima_modificacion": "2025-08-01 01:00:59.502526"
  },
  "ed762d22f62949b5b5c5e82f7ef6abd7.plist": {
    "app_sintetizada": "ED762D22F62949B5B5C5E82F7EF6ABD7.PLIST",
    "cantidad_archivos": 1,
    "archivos_fuente": [
      "Pictures/Fototeca de Fotos.photoslibrary/resources/renders/E/ED762D22-F629-49B5-B5C5-E82F7EF6ABD7.plist"
    ],
    "ultima_modificacion": "2025-08-01 01:00:59.502801"
  },
  "e80d37a34d57418f88c5123acde55434.plist": {
    "app_sintetizada": "E80D37A34D57418F88C5123ACDE55434.PLIST",
    "cantidad_archivos": 1,
    "archivos_fuente": [
      "Pictures/Fototeca de Fotos.photoslibrary/resources/renders/E/E80D37A3-4D57-418F-88C5-123ACDE55434.plist"
    ],
    "ultima_modificacion": "2025-08-01 01:00:59.503216"
  },
  "e629b2441f5845249093d694d478c463.plist": {
    "app_sintetizada": "E629B2441F5845249093D694D478C463.PLIST",
    "cantidad_archivos": 1,
    "archivos_fuente": [
      "Pictures/Fototeca de Fotos.photoslibrary/resources/renders/E/E629B244-1F58-4524-9093-D694D478C463.plist"
    ],
    "ultima_modificacion": "2025-08-01 01:00:59.503515"
  },
  "edcd724a014348ba87857f59f1d421cc.plist": {
    "app_sintetizada": "EDCD724A014348BA87857F59F1D421CC.PLIST",
    "cantidad_archivos": 1,
    "archivos_fuente": [
      "Pictures/Fototeca de Fotos.photoslibrary/resources/renders/E/EDCD724A-0143-48BA-8785-7F59F1D421CC.plist"
    ],
    "ultima_modificacion": "2025-08-01 01:00:59.503805"
  },
  "b3f74c9c6406498f8dc03ffac5cc5b81.plist": {
    "app_sintetizada": "B3F74C9C6406498F8DC03FFAC5CC5B81.PLIST",
    "cantidad_archivos": 1,
    "archivos_fuente": [
      "Pictures/Fototeca de Fotos.photoslibrary/resources/renders/B/B3F74C9C-6406-498F-8DC0-3FFAC5CC5B81.plist"
    ],
    "ultima_modificacion": "2025-08-01 01:00:59.504107"
  },
  "b709b39135ac48609cbf33ad5ef74774.plist": {
    "app_sintetizada": "B709B39135AC48609CBF33AD5EF74774.PLIST",
    "cantidad_archivos": 1,
    "archivos_fuente": [
      "Pictures/Fototeca de Fotos.photoslibrary/resources/renders/B/B709B391-35AC-4860-9CBF-33AD5EF74774.plist"
    ],
    "ultima_modificacion": "2025-08-01 01:00:59.504413"
  },
  "bbe2de276e9c4c9c891a46b930fb319f.plist": {
    "app_sintetizada": "BBE2DE276E9C4C9C891A46B930FB319F.PLIST",
    "cantidad_archivos": 1,
    "archivos_fuente": [
      "Pictures/Fototeca de Fotos.photoslibrary/resources/renders/B/BBE2DE27-6E9C-4C9C-891A-46B930FB319F.plist"
    ],
    "ultima_modificacion": "2025-08-01 01:00:59.504776"
  },
  "b4083675de52419884b9df0c24a1139b.plist": {
    "app_sintetizada": "B4083675DE52419884B9DF0C24A1139B.PLIST",
    "cantidad_archivos": 1,
    "archivos_fuente": [
      "Pictures/Fototeca de Fotos.photoslibrary/resources/renders/B/B4083675-DE52-4198-84B9-DF0C24A1139B.plist"
    ],
    "ultima_modificacion": "2025-08-01 01:00:59.505092"
  },
  "b456fad0aa824f39adcf7cac3f5ff805.plist": {
    "app_sintetizada": "B456FAD0AA824F39ADCF7CAC3F5FF805.PLIST",
    "cantidad_archivos": 1,
    "archivos_fuente": [
      "Pictures/Fototeca de Fotos.photoslibrary/resources/renders/B/B456FAD0-AA82-4F39-ADCF-7CAC3F5FF805.plist"
    ],
    "ultima_modificacion": "2025-08-01 01:00:59.505390"
  },
  "bfd66d07bb034bb0a37593c125dfb0c2.plist": {
    "app_sintetizada": "BFD66D07BB034BB0A37593C125DFB0C2.PLIST",
    "cantidad_archivos": 1,
    "archivos_fuente": [
      "Pictures/Fototeca de Fotos.photoslibrary/resources/renders/B/BFD66D07-BB03-4BB0-A375-93C125DFB0C2.plist"
    ],
    "ultima_modificacion": "2025-08-01 01:00:59.505690"
  },
  "bb8afb50692f40358a23533896787640.plist": {
    "app_sintetizada": "BB8AFB50692F40358A23533896787640.PLIST",
    "cantidad_archivos": 1,
    "archivos_fuente": [
      "Pictures/Fototeca de Fotos.photoslibrary/resources/renders/B/BB8AFB50-692F-4035-8A23-533896787640.plist"
    ],
    "ultima_modificacion": "2025-08-01 01:00:59.505983"
  },
  "b0746ccb8ea944859341d17cb2205032.plist": {
    "app_sintetizada": "B0746CCB8EA944859341D17CB2205032.PLIST",
    "cantidad_archivos": 1,
    "archivos_fuente": [
      "Pictures/Fototeca de Fotos.photoslibrary/resources/renders/B/B0746CCB-8EA9-4485-9341-D17CB2205032.plist"
    ],
    "ultima_modificacion": "2025-08-01 01:00:59.506263"
  },
  "b96fcd6f484f4f1cbc4766ce6b1365a6.plist": {
    "app_sintetizada": "B96FCD6F484F4F1CBC4766CE6B1365A6.PLIST",
    "cantidad_archivos": 1,
    "archivos_fuente": [
      "Pictures/Fototeca de Fotos.photoslibrary/resources/renders/B/B96FCD6F-484F-4F1C-BC47-66CE6B1365A6.plist"
    ],
    "ultima_modificacion": "2025-08-01 01:00:59.506552"
  },
  "b5471d715f2f4eadb51c7c547f1778ec.plist": {
    "app_sintetizada": "B5471D715F2F4EADB51C7C547F1778EC.PLIST",
    "cantidad_archivos": 1,
    "archivos_fuente": [
      "Pictures/Fototeca de Fotos.photoslibrary/resources/renders/B/B5471D71-5F2F-4EAD-B51C-7C547F1778EC.plist"
    ],
    "ultima_modificacion": "2025-08-01 01:00:59.506881"
  },
  "bbb4e9cb0c254c109c7dfb0de04a9052.plist": {
    "app_sintetizada": "BBB4E9CB0C254C109C7DFB0DE04A9052.PLIST",
    "cantidad_archivos": 1,
    "archivos_fuente": [
      "Pictures/Fototeca de Fotos.photoslibrary/resources/renders/B/BBB4E9CB-0C25-4C10-9C7D-FB0DE04A9052.plist"
    ],
    "ultima_modificacion": "2025-08-01 01:00:59.507159"
  },
  "b761c4dc777545df88026ae540b7149a.plist": {
    "app_sintetizada": "B761C4DC777545DF88026AE540B7149A.PLIST",
    "cantidad_archivos": 1,
    "archivos_fuente": [
      "Pictures/Fototeca de Fotos.photoslibrary/resources/renders/B/B761C4DC-7775-45DF-8802-6AE540B7149A.plist"
    ],
    "ultima_modificacion": "2025-08-01 01:00:59.507435"
  },
  "b068ad98c4b041ceacf04bf5ca22dce3.plist": {
    "app_sintetizada": "B068AD98C4B041CEACF04BF5CA22DCE3.PLIST",
    "cantidad_archivos": 1,
    "archivos_fuente": [
      "Pictures/Fototeca de Fotos.photoslibrary/resources/renders/B/B068AD98-C4B0-41CE-ACF0-4BF5CA22DCE3.plist"
    ],
    "ultima_modificacion": "2025-08-01 01:00:59.507703"
  },
  "b21f4cf854cd46f79bd7f76632a85f55.plist": {
    "app_sintetizada": "B21F4CF854CD46F79BD7F76632A85F55.PLIST",
    "cantidad_archivos": 1,
    "archivos_fuente": [
      "Pictures/Fototeca de Fotos.photoslibrary/resources/renders/B/B21F4CF8-54CD-46F7-9BD7-F76632A85F55.plist"
    ],
    "ultima_modificacion": "2025-08-01 01:00:59.508016"
  },
  "b212d8e1247a4634ba62766f9da8e939.plist": {
    "app_sintetizada": "B212D8E1247A4634BA62766F9DA8E939.PLIST",
    "cantidad_archivos": 1,
    "archivos_fuente": [
      "Pictures/Fototeca de Fotos.photoslibrary/resources/renders/B/B212D8E1-247A-4634-BA62-766F9DA8E939.plist"
    ],
    "ultima_modificacion": "2025-08-01 01:00:59.508323"
  },
  "be6095b076e04219b67671cf76349312.plist": {
    "app_sintetizada": "BE6095B076E04219B67671CF76349312.PLIST",
    "cantidad_archivos": 1,
    "archivos_fuente": [
      "Pictures/Fototeca de Fotos.photoslibrary/resources/renders/B/BE6095B0-76E0-4219-B676-71CF76349312.plist"
    ],
    "ultima_modificacion": "2025-08-01 01:00:59.508650"
  },
  "be478350130e423d9ce905dee589d478.plist": {
    "app_sintetizada": "BE478350130E423D9CE905DEE589D478.PLIST",
    "cantidad_archivos": 1,
    "archivos_fuente": [
      "Pictures/Fototeca de Fotos.photoslibrary/resources/renders/B/BE478350-130E-423D-9CE9-05DEE589D478.plist"
    ],
    "ultima_modificacion": "2025-08-01 01:00:59.508938"
  },
  "b50856c755f74a1a8a7fda0fb06b1518.plist": {
    "app_sintetizada": "B50856C755F74A1A8A7FDA0FB06B1518.PLIST",
    "cantidad_archivos": 1,
    "archivos_fuente": [
      "Pictures/Fototeca de Fotos.photoslibrary/resources/renders/B/B50856C7-55F7-4A1A-8A7F-DA0FB06B1518.plist"
    ],
    "ultima_modificacion": "2025-08-01 01:00:59.509231"
  },
  "b2feefa4ae7f46ab8bf730c9c53d329b.plist": {
    "app_sintetizada": "B2FEEFA4AE7F46AB8BF730C9C53D329B.PLIST",
    "cantidad_archivos": 1,
    "archivos_fuente": [
      "Pictures/Fototeca de Fotos.photoslibrary/resources/renders/B/B2FEEFA4-AE7F-46AB-8BF7-30C9C53D329B.plist"
    ],
    "ultima_modificacion": "2025-08-01 01:00:59.509532"
  },
  "bfb6b2d71e394d10a810631a52aff956.plist": {
    "app_sintetizada": "BFB6B2D71E394D10A810631A52AFF956.PLIST",
    "cantidad_archivos": 1,
    "archivos_fuente": [
      "Pictures/Fototeca de Fotos.photoslibrary/resources/renders/B/BFB6B2D7-1E39-4D10-A810-631A52AFF956.plist"
    ],
    "ultima_modificacion": "2025-08-01 01:00:59.509835"
  },
  "b6237a9a6b9c48d3878b8ff896054dea.plist": {
    "app_sintetizada": "B6237A9A6B9C48D3878B8FF896054DEA.PLIST",
    "cantidad_archivos": 1,
    "archivos_fuente": [
      "Pictures/Fototeca de Fotos.photoslibrary/resources/renders/B/B6237A9A-6B9C-48D3-878B-8FF896054DEA.plist"
    ],
    "ultima_modificacion": "2025-08-01 01:00:59.510137"
  },
  "b581446f48494610bf2427fd1eda9e21.plist": {
    "app_sintetizada": "B581446F48494610BF2427FD1EDA9E21.PLIST",
    "cantidad_archivos": 1,
    "archivos_fuente": [
      "Pictures/Fototeca de Fotos.photoslibrary/resources/renders/B/B581446F-4849-4610-BF24-27FD1EDA9E21.plist"
    ],
    "ultima_modificacion": "2025-08-01 01:00:59.510417"
  },
  "b7cb82d1b383479694b292f596fb22b6.plist": {
    "app_sintetizada": "B7CB82D1B383479694B292F596FB22B6.PLIST",
    "cantidad_archivos": 1,
    "archivos_fuente": [
      "Pictures/Fototeca de Fotos.photoslibrary/resources/renders/B/B7CB82D1-B383-4796-94B2-92F596FB22B6.plist"
    ],
    "ultima_modificacion": "2025-08-01 01:00:59.510688"
  },
  "b667a2e2cc1d4a0fa829c3c707f36d50.plist": {
    "app_sintetizada": "B667A2E2CC1D4A0FA829C3C707F36D50.PLIST",
    "cantidad_archivos": 1,
    "archivos_fuente": [
      "Pictures/Fototeca de Fotos.photoslibrary/resources/renders/B/B667A2E2-CC1D-4A0F-A829-C3C707F36D50.plist"
    ],
    "ultima_modificacion": "2025-08-01 01:00:59.510922"
  },
  "b38ffe2cc90c4d5a8629051c943d101e.plist": {
    "app_sintetizada": "B38FFE2CC90C4D5A8629051C943D101E.PLIST",
    "cantidad_archivos": 1,
    "archivos_fuente": [
      "Pictures/Fototeca de Fotos.photoslibrary/resources/renders/B/B38FFE2C-C90C-4D5A-8629-051C943D101E.plist"
    ],
    "ultima_modificacion": "2025-08-01 01:00:59.511202"
  },
  "b1f251c5af7e4181b5636a49389a9362.plist": {
    "app_sintetizada": "B1F251C5AF7E4181B5636A49389A9362.PLIST",
    "cantidad_archivos": 1,
    "archivos_fuente": [
      "Pictures/Fototeca de Fotos.photoslibrary/resources/renders/B/B1F251C5-AF7E-4181-B563-6A49389A9362.plist"
    ],
    "ultima_modificacion": "2025-08-01 01:00:59.511425"
  },
  "b70b309bd21b485cb4ba06a4be1b574d.plist": {
    "app_sintetizada": "B70B309BD21B485CB4BA06A4BE1B574D.PLIST",
    "cantidad_archivos": 1,
    "archivos_fuente": [
      "Pictures/Fototeca de Fotos.photoslibrary/resources/renders/B/B70B309B-D21B-485C-B4BA-06A4BE1B574D.plist"
    ],
    "ultima_modificacion": "2025-08-01 01:00:59.511635"
  },
  "bbb04799322945a3b08329f724e4e196.plist": {
    "app_sintetizada": "BBB04799322945A3B08329F724E4E196.PLIST",
    "cantidad_archivos": 1,
    "archivos_fuente": [
      "Pictures/Fototeca de Fotos.photoslibrary/resources/renders/B/BBB04799-3229-45A3-B083-29F724E4E196.plist"
    ],
    "ultima_modificacion": "2025-08-01 01:00:59.511839"
  },
  "b8f2e6793e2d4a14893cfb868a192209.plist": {
    "app_sintetizada": "B8F2E6793E2D4A14893CFB868A192209.PLIST",
    "cantidad_archivos": 1,
    "archivos_fuente": [
      "Pictures/Fototeca de Fotos.photoslibrary/resources/renders/B/B8F2E679-3E2D-4A14-893C-FB868A192209.plist"
    ],
    "ultima_modificacion": "2025-08-01 01:00:59.512036"
  }
}