{
  "e4931e4bc11747f595c00aa9fa1f5880.plist": {
    "app_sintetizada": "E4931E4BC11747F595C00AA9FA1F5880.PLIST",
    "cantidad_archivos": 1,
    "archivos_fuente": [
      "Pictures/Fototeca de Fotos.photoslibrary/resources/renders/E/E4931E4B-C117-47F5-95C0-0AA9FA1F5880.plist"
    ],
    "ultima_modificacion": "2025-08-01 01:00:59.455749"
  },
  "e16b9f3b0e604dea9918e1517b3ba803.plist": {
    "app_sintetizada": "E16B9F3B0E604DEA9918E1517B3BA803.PLIST",
    "cantidad_archivos": 1,
    "archivos_fuente": [
      "Pictures/Fototeca de Fotos.photoslibrary/resources/renders/E/E16B9F3B-0E60-4DEA-9918-E1517B3BA803.plist"
    ],
    "ultima_modificacion": "2025-08-01 01:00:59.456050"
  },
  "ed25aeb48b084aac8547a90010d0b54e.plist": {
    "app_sintetizada": "ED25AEB48B084AAC8547A90010D0B54E.PLIST",
    "cantidad_archivos": 1,
    "archivos_fuente": [
      "Pictures/Fototeca de Fotos.photoslibrary/resources/renders/E/ED25AEB4-8B08-4AAC-8547-A90010D0B54E.plist"
    ],
    "ultima_modificacion": "2025-08-01 01:00:59.456344"
  },
  "e685a56703eb4f68bd9299fd8cbb0111.plist": {
    "app_sintetizada": "E685A56703EB4F68BD9299FD8CBB0111.PLIST",
    "cantidad_archivos": 1,
    "archivos_fuente": [
      "Pictures/Fototeca de Fotos.photoslibrary/resources/renders/E/E685A567-03EB-4F68-BD92-99FD8CBB0111.plist"
    ],
    "ultima_modificacion": "2025-08-01 01:00:59.456631"
  },
  "e795f7e2db4e426e84f813e266763deb.plist": {
    "app_sintetizada": "E795F7E2DB4E426E84F813E266763DEB.PLIST",
    "cantidad_archivos": 1,
    "archivos_fuente": [
      "Pictures/Fototeca de Fotos.photoslibrary/resources/renders/E/E795F7E2-DB4E-426E-84F8-13E266763DEB.plist"
    ],
    "ultima_modificacion": "2025-08-01 01:00:59.456907"
  },
  "eb2c25978b6b480b8fc2285ff2ab635d.plist": {
    "app_sintetizada": "EB2C25978B6B480B8FC2285FF2AB635D.PLIST",
    "cantidad_archivos": 1,
    "archivos_fuente": [
      "Pictures/Fototeca de Fotos.photoslibrary/resources/renders/E/EB2C2597-8B6B-480B-8FC2-285FF2AB635D.plist"
    ],
    "ultima_modificacion": "2025-08-01 01:00:59.457193"
  },
  "e1153d7c54ab44eb8766310883052576.plist": {
    "app_sintetizada": "E1153D7C54AB44EB8766310883052576.PLIST",
    "cantidad_archivos": 1,
    "archivos_fuente": [
      "Pictures/Fototeca de Fotos.photoslibrary/resources/renders/E/E1153D7C-54AB-44EB-8766-310883052576.plist"
    ],
    "ultima_modificacion": "2025-08-01 01:00:59.457465"
  },
  "edd75987723e4e10b159e04c851acebf.plist": {
    "app_sintetizada": "EDD75987723E4E10B159E04C851ACEBF.PLIST",
    "cantidad_archivos": 1,
    "archivos_fuente": [
      "Pictures/Fototeca de Fotos.photoslibrary/resources/renders/E/EDD75987-723E-4E10-B159-E04C851ACEBF.plist"
    ],
    "ultima_modificacion": "2025-08-01 01:00:59.457749"
  },
  "e52add139d9947678aed96404e9dd5fb.plist": {
    "app_sintetizada": "E52ADD139D9947678AED96404E9DD5FB.PLIST",
    "cantidad_archivos": 1,
    "archivos_fuente": [
      "Pictures/Fototeca de Fotos.photoslibrary/resources/renders/E/E52ADD13-9D99-4767-8AED-96404E9DD5FB.plist"
    ],
    "ultima_modificacion": "2025-08-01 01:00:59.458039"
  },
  "e87b0a568abf4f4dba828e992d988ca0.plist": {
    "app_sintetizada": "E87B0A568ABF4F4DBA828E992D988CA0.PLIST",
    "cantidad_archivos": 1,
    "archivos_fuente": [
      "Pictures/Fototeca de Fotos.photoslibrary/resources/renders/E/E87B0A56-8ABF-4F4D-BA82-8E992D988CA0.plist"
    ],
    "ultima_modificacion": "2025-08-01 01:00:59.458344"
  },
  "efa92e7ed6fc4ac6bce6e11d271110a2.plist": {
    "app_sintetizada": "EFA92E7ED6FC4AC6BCE6E11D271110A2.PLIST",
    "cantidad_archivos": 1,
    "archivos_fuente": [
      "Pictures/Fototeca de Fotos.photoslibrary/resources/renders/E/EFA92E7E-D6FC-4AC6-BCE6-E11D271110A2.plist"
    ],
    "ultima_modificacion": "2025-08-01 01:00:59.458643"
  },
  "ef37c69ac8784ab49fe4cb7712feafb2.plist": {
    "app_sintetizada": "EF37C69AC8784AB49FE4CB7712FEAFB2.PLIST",
    "cantidad_archivos": 1,
    "archivos_fuente": [
      "Pictures/Fototeca de Fotos.photoslibrary/resources/renders/E/EF37C69A-C878-4AB4-9FE4-CB7712FEAFB2.plist"
    ],
    "ultima_modificacion": "2025-08-01 01:00:59.458922"
  },
  "e7ac110b542346f0a14bbd4f32fae627.plist": {
    "app_sintetizada": "E7AC110B542346F0A14BBD4F32FAE627.PLIST",
    "cantidad_archivos": 1,
    "archivos_fuente": [
      "Pictures/Fototeca de Fotos.photoslibrary/resources/renders/E/E7AC110B-5423-46F0-A14B-BD4F32FAE627.plist"
    ],
    "ultima_modificacion": "2025-08-01 01:00:59.459213"
  },
  "ed1a1f0642e541e5a4e8a4b6ea57935a.plist": {
    "app_sintetizada": "ED1A1F0642E541E5A4E8A4B6EA57935A.PLIST",
    "cantidad_archivos": 1,
    "archivos_fuente": [
      "Pictures/Fototeca de Fotos.photoslibrary/resources/renders/E/ED1A1F06-42E5-41E5-A4E8-A4B6EA57935A.plist"
    ],
    "ultima_modificacion": "2025-08-01 01:00:59.459518"
  },
  "eeb071017ee3408e8ce6d4a2d872b8bc.plist": {
    "app_sintetizada": "EEB071017EE3408E8CE6D4A2D872B8BC.PLIST",
    "cantidad_archivos": 1,
    "archivos_fuente": [
      "Pictures/Fototeca de Fotos.photoslibrary/resources/renders/E/EEB07101-7EE3-408E-8CE6-D4A2D872B8BC.plist"
    ],
    "ultima_modificacion": "2025-08-01 01:00:59.459809"
  },
  "e3fd8ccc5ffe44b094d9107f8f056202.plist": {
    "app_sintetizada": "E3FD8CCC5FFE44B094D9107F8F056202.PLIST",
    "cantidad_archivos": 1,
    "archivos_fuente": [
      "Pictures/Fototeca de Fotos.photoslibrary/resources/renders/E/E3FD8CCC-5FFE-44B0-94D9-107F8F056202.plist"
    ],
    "ultima_modificacion": "2025-08-01 01:00:59.460103"
  },
  "e9c86204c544471ead1d4d39c4ebc8c7.plist": {
    "app_sintetizada": "E9C86204C544471EAD1D4D39C4EBC8C7.PLIST",
    "cantidad_archivos": 1,
    "archivos_fuente": [
      "Pictures/Fototeca de Fotos.photoslibrary/resources/renders/E/E9C86204-C544-471E-AD1D-4D39C4EBC8C7.plist"
    ],
    "ultima_modificacion": "2025-08-01 01:00:59.460376"
  },
  "ed3f2442573344c48ceef64351726037.plist": {
    "app_sintetizada": "ED3F2442573344C48CEEF64351726037.PLIST",
    "cantidad_archivos": 1,
    "archivos_fuente": [
      "Pictures/Fototeca de Fotos.photoslibrary/resources/renders/E/ED3F2442-5733-44C4-8CEE-F64351726037.plist"
    ],
    "ultima_modificacion": "2025-08-01 01:00:59.460673"
  },
  "e0e15e7afcff4f26b8f673d8cd76addc.plist": {
    "app_sintetizada": "E0E15E7AFCFF4F26B8F673D8CD76ADDC.PLIST",
    "cantidad_archivos": 1,
    "archivos_fuente": [
      "Pictures/Fototeca de Fotos.photoslibrary/resources/renders/E/E0E15E7A-FCFF-4F26-B8F6-73D8CD76ADDC.plist"
    ],
    "ultima_modificacion": "2025-08-01 01:00:59.460892"
  },
  "ea152193a1224545819ebda383a420e4.plist": {
    "app_sintetizada": "EA152193A1224545819EBDA383A420E4.PLIST",
    "cantidad_archivos": 1,
    "archivos_fuente": [
      "Pictures/Fototeca de Fotos.photoslibrary/resources/renders/E/EA152193-A122-4545-819E-BDA383A420E4.plist"
    ],
    "ultima_modificacion": "2025-08-01 01:00:59.461083"
  },
  "ef486c6ff1e448a2b57cdf763181e0ce.plist": {
    "app_sintetizada": "EF486C6FF1E448A2B57CDF763181E0CE.PLIST",
    "cantidad_archivos": 1,
    "archivos_fuente": [
      "Pictures/Fototeca de Fotos.photoslibrary/resources/renders/E/EF486C6F-F1E4-48A2-B57C-DF763181E0CE.plist"
    ],
    "ultima_modificacion": "2025-08-01 01:00:59.461266"
  },
  "e40a33e8c48a4254bad30872fa2dc1ee.plist": {
    "app_sintetizada": "E40A33E8C48A4254BAD30872FA2DC1EE.PLIST",
    "cantidad_archivos": 1,
    "archivos_fuente": [
      "Pictures/Fototeca de Fotos.photoslibrary/resources/renders/E/E40A33E8-C48A-4254-BAD3-0872FA2DC1EE.plist"
    ],
    "ultima_modificacion": "2025-08-01 01:00:59.461459"
  },
  "eda99e59b900429489980a5793c9abb5.plist": {
    "app_sintetizada": "EDA99E59B900429489980A5793C9ABB5.PLIST",
    "cantidad_archivos": 1,
    "archivos_fuente": [
      "Pictures/Fototeca de Fotos.photoslibrary/resources/renders/E/EDA99E59-B900-4294-8998-0A5793C9ABB5.plist"
    ],
    "ultima_modificacion": "2025-08-01 01:00:59.461725"
  },
  "e89ab798037e42a68c704f72e824b03c.plist": {
    "app_sintetizada": "E89AB798037E42A68C704F72E824B03C.PLIST",
    "cantidad_archivos": 1,
    "archivos_fuente": [
      "Pictures/Fototeca de Fotos.photoslibrary/resources/renders/E/E89AB798-037E-42A6-8C70-4F72E824B03C.plist"
    ],
    "ultima_modificacion": "2025-08-01 01:00:59.461962"
  },
  "e690aa7fd6124db9897c3d0a0b8966e7.plist": {
    "app_sintetizada": "E690AA7FD6124DB9897C3D0A0B8966E7.PLIST",
    "cantidad_archivos": 1,
    "archivos_fuente": [
      "Pictures/Fototeca de Fotos.photoslibrary/resources/renders/E/E690AA7F-D612-4DB9-897C-3D0A0B8966E7.plist"
    ],
    "ultima_modificacion": "2025-08-01 01:00:59.462321"
  },
  "edd36ccf9d754a28b35a7d5767db2e80.plist": {
    "app_sintetizada": "EDD36CCF9D754A28B35A7D5767DB2E80.PLIST",
    "cantidad_archivos": 1,
    "archivos_fuente": [
      "Pictures/Fototeca de Fotos.photoslibrary/resources/renders/E/EDD36CCF-9D75-4A28-B35A-7D5767DB2E80.plist"
    ],
    "ultima_modificacion": "2025-08-01 01:00:59.462552"
  },
  "e68eede0a2b846caa4d991298347d115.plist": {
    "app_sintetizada": "E68EEDE0A2B846CAA4D991298347D115.PLIST",
    "cantidad_archivos": 1,
    "archivos_fuente": [
      "Pictures/Fototeca de Fotos.photoslibrary/resources/renders/E/E68EEDE0-A2B8-46CA-A4D9-91298347D115.plist"
    ],
    "ultima_modificacion": "2025-08-01 01:00:59.462767"
  },
  "e38f8ba0613b465ab338b6619c02bd47.plist": {
    "app_sintetizada": "E38F8BA0613B465AB338B6619C02BD47.PLIST",
    "cantidad_archivos": 1,
    "archivos_fuente": [
      "Pictures/Fototeca de Fotos.photoslibrary/resources/renders/E/E38F8BA0-613B-465A-B338-B6619C02BD47.plist"
    ],
    "ultima_modificacion": "2025-08-01 01:00:59.462992"
  },
  "e34686cc950d40c6aff9bfa2ea18c469.plist": {
    "app_sintetizada": "E34686CC950D40C6AFF9BFA2EA18C469.PLIST",
    "cantidad_archivos": 1,
    "archivos_fuente": [
      "Pictures/Fototeca de Fotos.photoslibrary/resources/renders/E/E34686CC-950D-40C6-AFF9-BFA2EA18C469.plist"
    ],
    "ultima_modificacion": "2025-08-01 01:00:59.463219"
  },
  "e76e01dd74e34dd9a05f71f4af5c5938.plist": {
    "app_sintetizada": "E76E01DD74E34DD9A05F71F4AF5C5938.PLIST",
    "cantidad_archivos": 1,
    "archivos_fuente": [
      "Pictures/Fototeca de Fotos.photoslibrary/resources/renders/E/E76E01DD-74E3-4DD9-A05F-71F4AF5C5938.plist"
    ],
    "ultima_modificacion": "2025-08-01 01:00:59.463469"
  },
  "e001c23e54ac44c692990b6ccedc57b0.plist": {
    "app_sintetizada": "E001C23E54AC44C692990B6CCEDC57B0.PLIST",
    "cantidad_archivos": 1,
    "archivos_fuente": [
      "Pictures/Fototeca de Fotos.photoslibrary/resources/renders/E/E001C23E-54AC-44C6-9299-0B6CCEDC57B0.plist"
    ],
    "ultima_modificacion": "2025-08-01 01:00:59.463697"
  },
  "ec886eb799e5483d967d9b60f34c8a50.plist": {
    "app_sintetizada": "EC886EB799E5483D967D9B60F34C8A50.PLIST",
    "cantidad_archivos": 1,
    "archivos_fuente": [
      "Pictures/Fototeca de Fotos.photoslibrary/resources/renders/E/EC886EB7-99E5-483D-967D-9B60F34C8A50.plist"
    ],
    "ultima_modificacion": "2025-08-01 01:00:59.463921"
  },
  "e42fc9436ea347048f9f6425088d6613.plist": {
    "app_sintetizada": "E42FC9436EA347048F9F6425088D6613.PLIST",
    "cantidad_archivos": 1,
    "archivos_fuente": [
      "Pictures/Fototeca de Fotos.photoslibrary/resources/renders/E/E42FC943-6EA3-4704-8F9F-6425088D6613.plist"
    ],
    "ultima_modificacion": "2025-08-01 01:00:59.464182"
  },
  "e1ec53f859ac43d99db43320c10e6990.plist": {
    "app_sintetizada": "E1EC53F859AC43D99DB43320C10E6990.PLIST",
    "cantidad_archivos": 1,
    "archivos_fuente": [
      "Pictures/Fototeca de Fotos.photoslibrary/resources/renders/E/E1EC53F8-59AC-43D9-9DB4-3320C10E6990.plist"
    ],
    "ultima_modificacion": "2025-08-01 01:00:59.464455"
  },
  "e575aeb81f3b4b828de417e5e98dc900.plist": {
    "app_sintetizada": "E575AEB81F3B4B828DE417E5E98DC900.PLIST",
    "cantidad_archivos": 1,
    "archivos_fuente": [
      "Pictures/Fototeca de Fotos.photoslibrary/resources/renders/E/E575AEB8-1F3B-4B82-8DE4-17E5E98DC900.plist"
    ],
    "ultima_modificacion": "2025-08-01 01:00:59.464753"
  },
  "e1ed1f334f3e4c6f9bd0771783fcce4b.plist": {
    "app_sintetizada": "E1ED1F334F3E4C6F9BD0771783FCCE4B.PLIST",
    "cantidad_archivos": 1,
    "archivos_fuente": [
      "Pictures/Fototeca de Fotos.photoslibrary/resources/renders/E/E1ED1F33-4F3E-4C6F-9BD0-771783FCCE4B.plist"
    ],
    "ultima_modificacion": "2025-08-01 01:00:59.464993"
  },
  "e6ab66554dac4fd6b0bfd1bf72b83cd9.plist": {
    "app_sintetizada": "E6AB66554DAC4FD6B0BFD1BF72B83CD9.PLIST",
    "cantidad_archivos": 1,
    "archivos_fuente": [
      "Pictures/Fototeca de Fotos.photoslibrary/resources/renders/E/E6AB6655-4DAC-4FD6-B0BF-D1BF72B83CD9.plist"
    ],
    "ultima_modificacion": "2025-08-01 01:00:59.465197"
  },
  "eb8f86c61e884a049fb72ba133ecd23c.plist": {
    "app_sintetizada": "EB8F86C61E884A049FB72BA133ECD23C.PLIST",
    "cantidad_archivos": 1,
    "archivos_fuente": [
      "Pictures/Fototeca de Fotos.photoslibrary/resources/renders/E/EB8F86C6-1E88-4A04-9FB7-2BA133ECD23C.plist"
    ],
    "ultima_modificacion": "2025-08-01 01:00:59.465375"
  },
  "ebd7a32aeb1e4e2a8f25c185c55915f9.plist": {
    "app_sintetizada": "EBD7A32AEB1E4E2A8F25C185C55915F9.PLIST",
    "cantidad_archivos": 1,
    "archivos_fuente": [
      "Pictures/Fototeca de Fotos.photoslibrary/resources/renders/E/EBD7A32A-EB1E-4E2A-8F25-C185C55915F9.plist"
    ],
    "ultima_modificacion": "2025-08-01 01:00:59.465547"
  },
  "ef25b4ad149244e49db88ac91a1875cb.plist": {
    "app_sintetizada": "EF25B4AD149244E49DB88AC91A1875CB.PLIST",
    "cantidad_archivos": 1,
    "archivos_fuente": [
      "Pictures/Fototeca de Fotos.photoslibrary/resources/renders/E/EF25B4AD-1492-44E4-9DB8-8AC91A1875CB.plist"
    ],
    "ultima_modificacion": "2025-08-01 01:00:59.465733"
  },
  "ed6ce475c5d847d586c31179078c32ef.plist": {
    "app_sintetizada": "ED6CE475C5D847D586C31179078C32EF.PLIST",
    "cantidad_archivos": 1,
    "archivos_fuente": [
      "Pictures/Fototeca de Fotos.photoslibrary/resources/renders/E/ED6CE475-C5D8-47D5-86C3-1179078C32EF.plist"
    ],
    "ultima_modificacion": "2025-08-01 01:00:59.466007"
  },
  "e6858cb311ab43a0b440b26860855a49.plist": {
    "app_sintetizada": "E6858CB311AB43A0B440B26860855A49.PLIST",
    "cantidad_archivos": 1,
    "archivos_fuente": [
      "Pictures/Fototeca de Fotos.photoslibrary/resources/renders/E/E6858CB3-11AB-43A0-B440-B26860855A49.plist"
    ],
    "ultima_modificacion": "2025-08-01 01:00:59.466235"
  },
  "e4c3d95556aa45cbb06064763cc7aafc.plist": {
    "app_sintetizada": "E4C3D95556AA45CBB06064763CC7AAFC.PLIST",
    "cantidad_archivos": 1,
    "archivos_fuente": [
      "Pictures/Fototeca de Fotos.photoslibrary/resources/renders/E/E4C3D955-56AA-45CB-B060-64763CC7AAFC.plist"
    ],
    "ultima_modificacion": "2025-08-01 01:00:59.466441"
  },
  "ebb3d304d4ac40d5b6f527d6d76cd456.plist": {
    "app_sintetizada": "EBB3D304D4AC40D5B6F527D6D76CD456.PLIST",
    "cantidad_archivos": 1,
    "archivos_fuente": [
      "Pictures/Fototeca de Fotos.photoslibrary/resources/renders/E/EBB3D304-D4AC-40D5-B6F5-27D6D76CD456.plist"
    ],
    "ultima_modificacion": "2025-08-01 01:00:59.466632"
  },
  "e30bdb4ea0c1468fa540b4391f309c02.plist": {
    "app_sintetizada": "E30BDB4EA0C1468FA540B4391F309C02.PLIST",
    "cantidad_archivos": 1,
    "archivos_fuente": [
      "Pictures/Fototeca de Fotos.photoslibrary/resources/renders/E/E30BDB4E-A0C1-468F-A540-B4391F309C02.plist"
    ],
    "ultima_modificacion": "2025-08-01 01:00:59.466813"
  },
  "ee244d4b1b414c0e9bb3ace200c612b0.plist": {
    "app_sintetizada": "EE244D4B1B414C0E9BB3ACE200C612B0.PLIST",
    "cantidad_archivos": 1,
    "archivos_fuente": [
      "Pictures/Fototeca de Fotos.photoslibrary/resources/renders/E/EE244D4B-1B41-4C0E-9BB3-ACE200C612B0.plist"
    ],
    "ultima_modificacion": "2025-08-01 01:00:59.466992"
  },
  "e36d6de5381b4d9eb98eec7823c92cb4.plist": {
    "app_sintetizada": "E36D6DE5381B4D9EB98EEC7823C92CB4.PLIST",
    "cantidad_archivos": 1,
    "archivos_fuente": [
      "Pictures/Fototeca de Fotos.photoslibrary/resources/renders/E/E36D6DE5-381B-4D9E-B98E-EC7823C92CB4.plist"
    ],
    "ultima_modificacion": "2025-08-01 01:00:59.467168"
  },
  "e5bf8dd4b35f4afd957c8e87ef083ddb.plist": {
    "app_sintetizada": "E5BF8DD4B35F4AFD957C8E87EF083DDB.PLIST",
    "cantidad_archivos": 1,
    "archivos_fuente": [
      "Pictures/Fototeca de Fotos.photoslibrary/resources/renders/E/E5BF8DD4-B35F-4AFD-957C-8E87EF083DDB.plist"
    ],
    "ultima_modificacion": "2025-08-01 01:00:59.467341"
  },
  "ee7b48cb4deb4e9a8a80cfabf4737938.plist": {
    "app_sintetizada": "EE7B48CB4DEB4E9A8A80CFABF4737938.PLIST",
    "cantidad_archivos": 1,
    "archivos_fuente": [
      "Pictures/Fototeca de Fotos.photoslibrary/resources/renders/E/EE7B48CB-4DEB-4E9A-8A80-CFABF4737938.plist"
    ],
    "ultima_modificacion": "2025-08-01 01:00:59.467522"
  },
  "e160048fc8424088a3867529cadb4b7c.plist": {
    "app_sintetizada": "E160048FC8424088A3867529CADB4B7C.PLIST",
    "cantidad_archivos": 1,
    "archivos_fuente": [
      "Pictures/Fototeca de Fotos.photoslibrary/resources/renders/E/E160048F-C842-4088-A386-7529CADB4B7C.plist"
    ],
    "ultima_modificacion": "2025-08-01 01:00:59.467697"
  },
  "e2420e8f42dc4f34ac3659b4d28e742d.plist": {
    "app_sintetizada": "E2420E8F42DC4F34AC3659B4D28E742D.PLIST",
    "cantidad_archivos": 1,
    "archivos_fuente": [
      "Pictures/Fototeca de Fotos.photoslibrary/resources/renders/E/E2420E8F-42DC-4F34-AC36-59B4D28E742D.plist"
    ],
    "ultima_modificacion": "2025-08-01 01:00:59.467927"
  },
  "ea724674f6f748eb8d29463cce98a639.plist": {
    "app_sintetizada": "EA724674F6F748EB8D29463CCE98A639.PLIST",
    "cantidad_archivos": 1,
    "archivos_fuente": [
      "Pictures/Fototeca de Fotos.photoslibrary/resources/renders/E/EA724674-F6F7-48EB-8D29-463CCE98A639.plist"
    ],
    "ultima_modificacion": "2025-08-01 01:00:59.468212"
  },
  "eb288303b7634a17a6590d17477a5776.plist": {
    "app_sintetizada": "EB288303B7634A17A6590D17477A5776.PLIST",
    "cantidad_archivos": 1,
    "archivos_fuente": [
      "Pictures/Fototeca de Fotos.photoslibrary/resources/renders/E/EB288303-B763-4A17-A659-0D17477A5776.plist"
    ],
    "ultima_modificacion": "2025-08-01 01:00:59.468508"
  },
  "e453703f4e334c068304d70cd40f8fe6.plist": {
    "app_sintetizada": "E453703F4E334C068304D70CD40F8FE6.PLIST",
    "cantidad_archivos": 1,
    "archivos_fuente": [
      "Pictures/Fototeca de Fotos.photoslibrary/resources/renders/E/E453703F-4E33-4C06-8304-D70CD40F8FE6.plist"
    ],
    "ultima_modificacion": "2025-08-01 01:00:59.468787"
  },
  "e9e97082cfc64a239f1b4816cf1d70b7.plist": {
    "app_sintetizada": "E9E97082CFC64A239F1B4816CF1D70B7.PLIST",
    "cantidad_archivos": 1,
    "archivos_fuente": [
      "Pictures/Fototeca de Fotos.photoslibrary/resources/renders/E/E9E97082-CFC6-4A23-9F1B-4816CF1D70B7.plist"
    ],
    "ultima_modificacion": "2025-08-01 01:00:59.469067"
  },
  "e20e7cca41e846299f24645bb234c055.plist": {
    "app_sintetizada": "E20E7CCA41E846299F24645BB234C055.PLIST",
    "cantidad_archivos": 1,
    "archivos_fuente": [
      "Pictures/Fototeca de Fotos.photoslibrary/resources/renders/E/E20E7CCA-41E8-4629-9F24-645BB234C055.plist"
    ],
    "ultima_modificacion": "2025-08-01 01:00:59.469304"
  },
  "ee6fe689e5c941ecb33bc6328e1c507d.plist": {
    "app_sintetizada": "EE6FE689E5C941ECB33BC6328E1C507D.PLIST",
    "cantidad_archivos": 1,
    "archivos_fuente": [
      "Pictures/Fototeca de Fotos.photoslibrary/resources/renders/E/EE6FE689-E5C9-41EC-B33B-C6328E1C507D.plist"
    ],
    "ultima_modificacion": "2025-08-01 01:00:59.469676"
  },
  "eaacc0178987418fb757ad683e5a89d6.plist": {
    "app_sintetizada": "EAACC0178987418FB757AD683E5A89D6.PLIST",
    "cantidad_archivos": 1,
    "archivos_fuente": [
      "Pictures/Fototeca de Fotos.photoslibrary/resources/renders/E/EAACC017-8987-418F-B757-AD683E5A89D6.plist"
    ],
    "ultima_modificacion": "2025-08-01 01:00:59.469951"
  },
  "e57d937bc9e6411fb38462679090cd26.plist": {
    "app_sintetizada": "E57D937BC9E6411FB38462679090CD26.PLIST",
    "cantidad_archivos": 1,
    "archivos_fuente": [
      "Pictures/Fototeca de Fotos.photoslibrary/resources/renders/E/E57D937B-C9E6-411F-B384-62679090CD26.plist"
    ],
    "ultima_modificacion": "2025-08-01 01:00:59.470223"
  },
  "e2d75e05d6ac41a0a79c025dd19f1258.plist": {
    "app_sintetizada": "E2D75E05D6AC41A0A79C025DD19F1258.PLIST",
    "cantidad_archivos": 1,
    "archivos_fuente": [
      "Pictures/Fototeca de Fotos.photoslibrary/resources/renders/E/E2D75E05-D6AC-41A0-A79C-025DD19F1258.plist"
    ],
    "ultima_modificacion": "2025-08-01 01:00:59.470496"
  },
  "e6f36d5da2ae47f5b537fefa19511713.plist": {
    "app_sintetizada": "E6F36D5DA2AE47F5B537FEFA19511713.PLIST",
    "cantidad_archivos": 1,
    "archivos_fuente": [
      "Pictures/Fototeca de Fotos.photoslibrary/resources/renders/E/E6F36D5D-A2AE-47F5-B537-FEFA19511713.plist"
    ],
    "ultima_modificacion": "2025-08-01 01:00:59.470739"
  },
  "ed92b49cf6e14a08863b32740b29a1e7.plist": {
    "app_sintetizada": "ED92B49CF6E14A08863B32740B29A1E7.PLIST",
    "cantidad_archivos": 1,
    "archivos_fuente": [
      "Pictures/Fototeca de Fotos.photoslibrary/resources/renders/E/ED92B49C-F6E1-4A08-863B-32740B29A1E7.plist"
    ],
    "ultima_modificacion": "2025-08-01 01:00:59.471056"
  },
  "e516d1fd1e1b45ee902246c2009615ba.plist": {
    "app_sintetizada": "E516D1FD1E1B45EE902246C2009615BA.PLIST",
    "cantidad_archivos": 1,
    "archivos_fuente": [
      "Pictures/Fototeca de Fotos.photoslibrary/resources/renders/E/E516D1FD-1E1B-45EE-9022-46C2009615BA.plist"
    ],
    "ultima_modificacion": "2025-08-01 01:00:59.471378"
  },
  "eced75b4f23c4b99b258d7149592b01d.plist": {
    "app_sintetizada": "ECED75B4F23C4B99B258D7149592B01D.PLIST",
    "cantidad_archivos": 1,
    "archivos_fuente": [
      "Pictures/Fototeca de Fotos.photoslibrary/resources/renders/E/ECED75B4-F23C-4B99-B258-D7149592B01D.plist"
    ],
    "ultima_modificacion": "2025-08-01 01:00:59.471654"
  },
  "ee205ccf15cb4c3b9d2472412845b2ef.plist": {
    "app_sintetizada": "EE205CCF15CB4C3B9D2472412845B2EF.PLIST",
    "cantidad_archivos": 1,
    "archivos_fuente": [
      "Pictures/Fototeca de Fotos.photoslibrary/resources/renders/E/EE205CCF-15CB-4C3B-9D24-72412845B2EF.plist"
    ],
    "ultima_modificacion": "2025-08-01 01:00:59.471955"
  },
  "e62bc812f781420c89c2c50baff8c70d.plist": {
    "app_sintetizada": "E62BC812F781420C89C2C50BAFF8C70D.PLIST",
    "cantidad_archivos": 1,
    "archivos_fuente": [
      "Pictures/Fototeca de Fotos.photoslibrary/resources/renders/E/E62BC812-F781-420C-89C2-C50BAFF8C70D.plist"
    ],
    "ultima_modificacion": "2025-08-01 01:00:59.472244"
  },
  "e26905c5573042deaf1d0841f5237d1f.plist": {
    "app_sintetizada": "E26905C5573042DEAF1D0841F5237D1F.PLIST",
    "cantidad_archivos": 1,
    "archivos_fuente": [
      "Pictures/Fototeca de Fotos.photoslibrary/resources/renders/E/E26905C5-5730-42DE-AF1D-0841F5237D1F.plist"
    ],
    "ultima_modificacion": "2025-08-01 01:00:59.472529"
  },
  "e39087a87df045ceb9a6332dcae5e36a.plist": {
    "app_sintetizada": "E39087A87DF045CEB9A6332DCAE5E36A.PLIST",
    "cantidad_archivos": 1,
    "archivos_fuente": [
      "Pictures/Fototeca de Fotos.photoslibrary/resources/renders/E/E39087A8-7DF0-45CE-B9A6-332DCAE5E36A.plist"
    ],
    "ultima_modificacion": "2025-08-01 01:00:59.472822"
  },
  "eb900725e00a42a291329c247b87fdc7.plist": {
    "app_sintetizada": "EB900725E00A42A291329C247B87FDC7.PLIST",
    "cantidad_archivos": 1,
    "archivos_fuente": [
      "Pictures/Fototeca de Fotos.photoslibrary/resources/renders/E/EB900725-E00A-42A2-9132-9C247B87FDC7.plist"
    ],
    "ultima_modificacion": "2025-08-01 01:00:59.473099"
  },
  "e7c73b595c8742e99baafe9a2a970134.plist": {
    "app_sintetizada": "E7C73B595C8742E99BAAFE9A2A970134.PLIST",
    "cantidad_archivos": 1,
    "archivos_fuente": [
      "Pictures/Fototeca de Fotos.photoslibrary/resources/renders/E/E7C73B59-5C87-42E9-9BAA-FE9A2A970134.plist"
    ],
    "ultima_modificacion": "2025-08-01 01:00:59.473377"
  },
  "eca8b215335a46d5ada0f8352c6ec51c.plist": {
    "app_sintetizada": "ECA8B215335A46D5ADA0F8352C6EC51C.PLIST",
    "cantidad_archivos": 1,
    "archivos_fuente": [
      "Pictures/Fototeca de Fotos.photoslibrary/resources/renders/E/ECA8B215-335A-46D5-ADA0-F8352C6EC51C.plist"
    ],
    "ultima_modificacion": "2025-08-01 01:00:59.473690"
  },
  "e96d1c53c77c4e14b8ef1acf49095c27.plist": {
    "app_sintetizada": "E96D1C53C77C4E14B8EF1ACF49095C27.PLIST",
    "cantidad_archivos": 1,
    "archivos_fuente": [
      "Pictures/Fototeca de Fotos.photoslibrary/resources/renders/E/E96D1C53-C77C-4E14-B8EF-1ACF49095C27.plist"
    ],
    "ultima_modificacion": "2025-08-01 01:00:59.473984"
  },
  "e363d4d352c84d35bd40cc14cce96fc8.plist": {
    "app_sintetizada": "E363D4D352C84D35BD40CC14CCE96FC8.PLIST",
    "cantidad_archivos": 1,
    "archivos_fuente": [
      "Pictures/Fototeca de Fotos.photoslibrary/resources/renders/E/E363D4D3-52C8-4D35-BD40-CC14CCE96FC8.plist"
    ],
    "ultima_modificacion": "2025-08-01 01:00:59.474273"
  },
  "e04fe70e7c924a02bdfb2ef6e3784cba.plist": {
    "app_sintetizada": "E04FE70E7C924A02BDFB2EF6E3784CBA.PLIST",
    "cantidad_archivos": 1,
    "archivos_fuente": [
      "Pictures/Fototeca de Fotos.photoslibrary/resources/renders/E/E04FE70E-7C92-4A02-BDFB-2EF6E3784CBA.plist"
    ],
    "ultima_modificacion": "2025-08-01 01:00:59.474566"
  },
  "efd43937d2914c8b820dbbf7a327c927.plist": {
    "app_sintetizada": "EFD43937D2914C8B820DBBF7A327C927.PLIST",
    "cantidad_archivos": 1,
    "archivos_fuente": [
      "Pictures/Fototeca de Fotos.photoslibrary/resources/renders/E/EFD43937-D291-4C8B-820D-BBF7A327C927.plist"
    ],
    "ultima_modificacion": "2025-08-01 01:00:59.474848"
  },
  "e0c73301198a4dc6aaf4111990f7a842.plist": {
    "app_sintetizada": "E0C73301198A4DC6AAF4111990F7A842.PLIST",
    "cantidad_archivos": 1,
    "archivos_fuente": [
      "Pictures/Fototeca de Fotos.photoslibrary/resources/renders/E/E0C73301-198A-4DC6-AAF4-111990F7A842.plist"
    ],
    "ultima_modificacion": "2025-08-01 01:00:59.475141"
  },
  "ed336adf28df4e1d9622254d5adfdf79.plist": {
    "app_sintetizada": "ED336ADF28DF4E1D9622254D5ADFDF79.PLIST",
    "cantidad_archivos": 1,
    "archivos_fuente": [
      "Pictures/Fototeca de Fotos.photoslibrary/resources/renders/E/ED336ADF-28DF-4E1D-9622-254D5ADFDF79.plist"
    ],
    "ultima_modificacion": "2025-08-01 01:00:59.475412"
  },
  "e04f3a5e07614181b9daac7fe148f32f.plist": {
    "app_sintetizada": "E04F3A5E07614181B9DAAC7FE148F32F.PLIST",
    "cantidad_archivos": 1,
    "archivos_fuente": [
      "Pictures/Fototeca de Fotos.photoslibrary/resources/renders/E/E04F3A5E-0761-4181-B9DA-AC7FE148F32F.plist"
    ],
    "ultima_modificacion": "2025-08-01 01:00:59.475615"
  },
  "e33b4514dd954a87ac50ed44bb878fc5.plist": {
    "app_sintetizada": "E33B4514DD954A87AC50ED44BB878FC5.PLIST",
    "cantidad_archivos": 1,
    "archivos_fuente": [
      "Pictures/Fototeca de Fotos.photoslibrary/resources/renders/E/E33B4514-DD95-4A87-AC50-ED44BB878FC5.plist"
    ],
    "ultima_modificacion": "2025-08-01 01:00:59.475835"
  },
  "e6db55b5ee7e4637a131c3b796d86438.plist": {
    "app_sintetizada": "E6DB55B5EE7E4637A131C3B796D86438.PLIST",
    "cantidad_archivos": 1,
    "archivos_fuente": [
      "Pictures/Fototeca de Fotos.photoslibrary/resources/renders/E/E6DB55B5-EE7E-4637-A131-C3B796D86438.plist"
    ],
    "ultima_modificacion": "2025-08-01 01:00:59.476062"
  },
  "e8fc9aac1f6f48bcab3ff36c71a5cfa9.plist": {
    "app_sintetizada": "E8FC9AAC1F6F48BCAB3FF36C71A5CFA9.PLIST",
    "cantidad_archivos": 1,
    "archivos_fuente": [
      "Pictures/Fototeca de Fotos.photoslibrary/resources/renders/E/E8FC9AAC-1F6F-48BC-AB3F-F36C71A5CFA9.plist"
    ],
    "ultima_modificacion": "2025-08-01 01:00:59.476293"
  },
  "e7fe75d8c3df41beacd1f874460686f3.plist": {
    "app_sintetizada": "E7FE75D8C3DF41BEACD1F874460686F3.PLIST",
    "cantidad_archivos": 1,
    "archivos_fuente": [
      "Pictures/Fototeca de Fotos.photoslibrary/resources/renders/E/E7FE75D8-C3DF-41BE-ACD1-F874460686F3.plist"
    ],
    "ultima_modificacion": "2025-08-01 01:00:59.476529"
  },
  "eb6bfa3e095a4d4681ebd03f1d311e3b.plist": {
    "app_sintetizada": "EB6BFA3E095A4D4681EBD03F1D311E3B.PLIST",
    "cantidad_archivos": 1,
    "archivos_fuente": [
      "Pictures/Fototeca de Fotos.photoslibrary/resources/renders/E/EB6BFA3E-095A-4D46-81EB-D03F1D311E3B.plist"
    ],
    "ultima_modificacion": "2025-08-01 01:00:59.476737"
  },
  "e48e974d254c4fc8b011a0a9b4272f05.plist": {
    "app_sintetizada": "E48E974D254C4FC8B011A0A9B4272F05.PLIST",
    "cantidad_archivos": 1,
    "archivos_fuente": [
      "Pictures/Fototeca de Fotos.photoslibrary/resources/renders/E/E48E974D-254C-4FC8-B011-A0A9B4272F05.plist"
    ],
    "ultima_modificacion": "2025-08-01 01:00:59.476948"
  },
  "eabaf17a67d94930b1e26aabed1bc1f2.plist": {
    "app_sintetizada": "EABAF17A67D94930B1E26AABED1BC1F2.PLIST",
    "cantidad_archivos": 1,
    "archivos_fuente": [
      "Pictures/Fototeca de Fotos.photoslibrary/resources/renders/E/EABAF17A-67D9-4930-B1E2-6AABED1BC1F2.plist"
    ],
    "ultima_modificacion": "2025-08-01 01:00:59.477223"
  },
  "e9252cd7cb1e49c49ff4deb33792f3e6.plist": {
    "app_sintetizada": "E9252CD7CB1E49C49FF4DEB33792F3E6.PLIST",
    "cantidad_archivos": 1,
    "archivos_fuente": [
      "Pictures/Fototeca de Fotos.photoslibrary/resources/renders/E/E9252CD7-CB1E-49C4-9FF4-DEB33792F3E6.plist"
    ],
    "ultima_modificacion": "2025-08-01 01:00:59.477528"
  },
  "e7ff575d05d64b77b7d71a59f320e18e.plist": {
    "app_sintetizada": "E7FF575D05D64B77B7D71A59F320E18E.PLIST",
    "cantidad_archivos": 1,
    "archivos_fuente": [
      "Pictures/Fototeca de Fotos.photoslibrary/resources/renders/E/E7FF575D-05D6-4B77-B7D7-1A59F320E18E.plist"
    ],
    "ultima_modificacion": "2025-08-01 01:00:59.477822"
  },
  "e719ea7eb1b14e2cbe59231fc2ecd0bb.plist": {
    "app_sintetizada": "E719EA7EB1B14E2CBE59231FC2ECD0BB.PLIST",
    "cantidad_archivos": 1,
    "archivos_fuente": [
      "Pictures/Fototeca de Fotos.photoslibrary/resources/renders/E/E719EA7E-B1B1-4E2C-BE59-231FC2ECD0BB.plist"
    ],
    "ultima_modificacion": "2025-08-01 01:00:59.478120"
  },
  "e7ef7a4bab30499d89a10a359ebdb28a.plist": {
    "app_sintetizada": "E7EF7A4BAB30499D89A10A359EBDB28A.PLIST",
    "cantidad_archivos": 1,
    "archivos_fuente": [
      "Pictures/Fototeca de Fotos.photoslibrary/resources/renders/E/E7EF7A4B-AB30-499D-89A1-0A359EBDB28A.plist"
    ],
    "ultima_modificacion": "2025-08-01 01:00:59.478407"
  },
  "e2a282c9108b4c62be11c36eff8d3113.plist": {
    "app_sintetizada": "E2A282C9108B4C62BE11C36EFF8D3113.PLIST",
    "cantidad_archivos": 1,
    "archivos_fuente": [
      "Pictures/Fototeca de Fotos.photoslibrary/resources/renders/E/E2A282C9-108B-4C62-BE11-C36EFF8D3113.plist"
    ],
    "ultima_modificacion": "2025-08-01 01:00:59.478688"
  },
  "ee2c493a4b2a4d5ea187bdfdfc534220.plist": {
    "app_sintetizada": "EE2C493A4B2A4D5EA187BDFDFC534220.PLIST",
    "cantidad_archivos": 1,
    "archivos_fuente": [
      "Pictures/Fototeca de Fotos.photoslibrary/resources/renders/E/EE2C493A-4B2A-4D5E-A187-BDFDFC534220.plist"
    ],
    "ultima_modificacion": "2025-08-01 01:00:59.478967"
  },
  "efbc311f244b4bb2a731a4f2d9c0c04d.plist": {
    "app_sintetizada": "EFBC311F244B4BB2A731A4F2D9C0C04D.PLIST",
    "cantidad_archivos": 1,
    "archivos_fuente": [
      "Pictures/Fototeca de Fotos.photoslibrary/resources/renders/E/EFBC311F-244B-4BB2-A731-A4F2D9C0C04D.plist"
    ],
    "ultima_modificacion": "2025-08-01 01:00:59.479256"
  },
  "e43fb8ce481a4a2d9c84836bc79d3cdd.plist": {
    "app_sintetizada": "E43FB8CE481A4A2D9C84836BC79D3CDD.PLIST",
    "cantidad_archivos": 1,
    "archivos_fuente": [
      "Pictures/Fototeca de Fotos.photoslibrary/resources/renders/E/E43FB8CE-481A-4A2D-9C84-836BC79D3CDD.plist"
    ],
    "ultima_modificacion": "2025-08-01 01:00:59.479557"
  },
  "e5add9d34e6841d2819b10c1a6fa2716.plist": {
    "app_sintetizada": "E5ADD9D34E6841D2819B10C1A6FA2716.PLIST",
    "cantidad_archivos": 1,
    "archivos_fuente": [
      "Pictures/Fototeca de Fotos.photoslibrary/resources/renders/E/E5ADD9D3-4E68-41D2-819B-10C1A6FA2716.plist"
    ],
    "ultima_modificacion": "2025-08-01 01:00:59.479842"
  },
  "ed0bf8c67ce046a6b9e1de1b88ddd0ad.plist": {
    "app_sintetizada": "ED0BF8C67CE046A6B9E1DE1B88DDD0AD.PLIST",
    "cantidad_archivos": 1,
    "archivos_fuente": [
      "Pictures/Fototeca de Fotos.photoslibrary/resources/renders/E/ED0BF8C6-7CE0-46A6-B9E1-DE1B88DDD0AD.plist"
    ],
    "ultima_modificacion": "2025-08-01 01:00:59.480050"
  },
  "ebb136762d6345ba8dc1e9ad9b32dcee.plist": {
    "app_sintetizada": "EBB136762D6345BA8DC1E9AD9B32DCEE.PLIST",
    "cantidad_archivos": 1,
    "archivos_fuente": [
      "Pictures/Fototeca de Fotos.photoslibrary/resources/renders/E/EBB13676-2D63-45BA-8DC1-E9AD9B32DCEE.plist"
    ],
    "ultima_modificacion": "2025-08-01 01:00:59.480243"
  },
  "edb17a055c0a47c5bbe558e81a4ab1d9.plist": {
    "app_sintetizada": "EDB17A055C0A47C5BBE558E81A4AB1D9.PLIST",
    "cantidad_archivos": 1,
    "archivos_fuente": [
      "Pictures/Fototeca de Fotos.photoslibrary/resources/renders/E/EDB17A05-5C0A-47C5-BBE5-58E81A4AB1D9.plist"
    ],
    "ultima_modificacion": "2025-08-01 01:00:59.480445"
  },
  "e5a77248e5fb4ba4949c1134eaf68e12.plist": {
    "app_sintetizada": "E5A77248E5FB4BA4949C1134EAF68E12.PLIST",
    "cantidad_archivos": 1,
    "archivos_fuente": [
      "Pictures/Fototeca de Fotos.photoslibrary/resources/renders/E/E5A77248-E5FB-4BA4-949C-1134EAF68E12.plist"
    ],
    "ultima_modificacion": "2025-08-01 01:00:59.480719"
  },
  "e2706af6f12e492b8fa716da9afbbf0b.plist": {
    "app_sintetizada": "E2706AF6F12E492B8FA716DA9AFBBF0B.PLIST",
    "cantidad_archivos": 1,
    "archivos_fuente": [
      "Pictures/Fototeca de Fotos.photoslibrary/resources/renders/E/E2706AF6-F12E-492B-8FA7-16DA9AFBBF0B.plist"
    ],
    "ultima_modificacion": "2025-08-01 01:00:59.481005"
  },
  "e51ca038290c4ba9be7bcea1aef0cccd.plist": {
    "app_sintetizada": "E51CA038290C4BA9BE7BCEA1AEF0CCCD.PLIST",
    "cantidad_archivos": 1,
    "archivos_fuente": [
      "Pictures/Fototeca de Fotos.photoslibrary/resources/renders/E/E51CA038-290C-4BA9-BE7B-CEA1AEF0CCCD.plist"
    ],
    "ultima_modificacion": "2025-08-01 01:00:59.481298"
  }
}